nohup: no se tendrá en cuenta la entrada
2026-05-13 14:13:33,993 PAT INFO: Saving model in the path: models/./exp22_lighter_aug
2026-05-13 14:13:33,993 PAT INFO: Experiment: exp22_lighter_aug
2026-05-13 14:13:33,993 PAT INFO: LAMBDA_DANN: 0.3
2026-05-13 14:13:33,993 PAT INFO: NUM_CAMERAS: 4
2026-05-13 14:13:33,994 PAT INFO: Namespace(config_file='/media/DiscoLocal/IPCV/UE-ReID/experiments/exp22_lighter_aug/config/train.yml', opts=[], local_rank=0)
2026-05-13 14:13:33,994 PAT INFO: Loaded configuration file /media/DiscoLocal/IPCV/UE-ReID/experiments/exp22_lighter_aug/config/train.yml
2026-05-13 14:13:33,994 PAT INFO: 
# =============================================================================
# exp17 config — DANN + Camera Equalization (NO view embeddings)
#
# Changes from exp16:
#   1. LOG_NAME updated to exp17_dann_equalized
#
# Everything else identical to exp16 (which matched exp15 hyperparameters).
# LAMBDA_DANN=0.3 and NUM_CAMERAS=4 are set as constants in train_exp17.py,
# not in this config (consistent with how exp15 handled LAMBDA_DANN).
#
# Hyperparameters: SGD lr=0.008, 60 epochs, batch=32, NUM_INSTANCE=4
# Augmentations: CJ ON, RPT ON, REA OFF, LGT OFF
# PC_LOSS: True
# =============================================================================
MODEL:
  PRETRAIN_CHOICE: 'imagenet'
  PRETRAIN_PATH: '/media/DiscoLocal/IPCV/UE-ReID/Part-Aware-Transformer-main/model'
  METRIC_LOSS_TYPE: 'triplet'
  IF_LABELSMOOTH: 'on'
  IF_WITH_CENTER: 'no'
  NAME: 'part_attention_vit'
  NO_MARGIN: True
  DEVICE_ID: ('0')
  TRANSFORMER_TYPE: 'vit_large_patch16_224_TransReID'
  STRIDE_SIZE: [16, 16]
  PC_LOSS: True
INPUT:
  SIZE_TRAIN: [256, 128]
  SIZE_TEST: [256, 128]
  REA:
    ENABLED: False
  PIXEL_MEAN: [0.5, 0.5, 0.5]
  PIXEL_STD: [0.5, 0.5, 0.5]
  LGT:
    DO_LGT: False
    PROB: 0.5
  CJ:
    ENABLED: True
    PROB: 0.5
    BRIGHTNESS: 0.15
    CONTRAST: 0.15
    SATURATION: 0.1
    HUE: 0.1
  RPT:
    ENABLED: True
    PROB: 0.5
DATASETS:
  TRAIN: ('UrbanElementsReID', 'UAM_Unified')
  TEST: ('UrbanElementsReID',)
  ROOT_DIR: '/media/DiscoLocal/IPCV/UE-ReID/urban-elements-re-id-challenge-2026/Urban2026/'
DATALOADER:
  SAMPLER: 'softmax_triplet'
  NUM_INSTANCE: 4
  NUM_WORKERS: 8
SOLVER:
  OPTIMIZER_NAME: 'SGD'
  MAX_EPOCHS: 80
  BASE_LR: 0.008
  IMS_PER_BATCH: 32
  WARMUP_METHOD: 'linear'
  WARMUP_EPOCHS: 5
  LARGE_FC_LR: False
  CHECKPOINT_PERIOD: 5
  LOG_PERIOD: 60
  EVAL_PERIOD: 5
  WEIGHT_DECAY: 1e-4
  WEIGHT_DECAY_BIAS: 0.0
  BIAS_LR_FACTOR: 2
  STEPS: (40, 70)
  SEED: 1234
TEST:
  EVAL: True
  IMS_PER_BATCH: 32
  RE_RANKING: False
  WEIGHT: ''
  NECK_FEAT: 'before'
  FEAT_NORM: True
LOG_ROOT: 'models/'
TB_LOG_ROOT: './tb_log/'
LOG_NAME: './exp22_lighter_aug'
2026-05-13 14:13:33,994 PAT INFO: Running with config:
DATALOADER:
  CAMERA_TO_DOMAIN: False
  DELETE_REM: False
  DROP_LAST: False
  INDIVIDUAL: False
  NAIVE_WAY: True
  NUM_INSTANCE: 4
  NUM_WORKERS: 8
  SAMPLER: softmax_triplet
DATASETS:
  COMBINEALL: False
  ROOT_DIR: /media/DiscoLocal/IPCV/UE-ReID/urban-elements-re-id-challenge-2026/Urban2026/
  TEST: ('UrbanElementsReID',)
  TRAIN: ('UrbanElementsReID', 'UAM_Unified')
INPUT:
  CJ:
    BRIGHTNESS: 0.15
    CONTRAST: 0.15
    ENABLED: True
    HUE: 0.1
    PROB: 0.5
    SATURATION: 0.1
  DO_AUGMIX: False
  DO_AUTOAUG: False
  DO_FLIP: True
  DO_PAD: True
  FLIP_PROB: 0.5
  LGT:
    DO_LGT: False
    PROB: 0.5
  PADDING: 10
  PADDING_MODE: constant
  PIXEL_MEAN: [0.5, 0.5, 0.5]
  PIXEL_STD: [0.5, 0.5, 0.5]
  REA:
    ENABLED: False
    MEAN: [123.675, 116.28, 103.53]
    PROB: 0.5
  RPT:
    ENABLED: True
    PROB: 0.5
  SIZE_TEST: [256, 128]
  SIZE_TRAIN: [256, 128]
LOG_NAME: ./exp22_lighter_aug
LOG_ROOT: models/
MODEL:
  ATT_DROP_RATE: 0.0
  CLUSTER_K: 10
  COS_LAYER: False
  DEVICE: cuda
  DEVICE_ID: 0
  DIST_TRAIN: False
  DROP_OUT: 0.0
  DROP_PATH: 0.1
  FREEZE_PATCH_EMBED: True
  ID_LOSS_TYPE: softmax
  ID_LOSS_WEIGHT: 1.0
  IF_LABELSMOOTH: on
  IF_WITH_CENTER: no
  LAST_STRIDE: 1
  METRIC_LOSS_TYPE: triplet
  NAME: part_attention_vit
  NECK: bnneck
  NO_MARGIN: True
  PATCH_EMBED_TYPE: 
  PC_LOSS: True
  PC_LR: 1.0
  PC_SCALE: 0.02
  PRETRAIN_CHOICE: imagenet
  PRETRAIN_PATH: /media/DiscoLocal/IPCV/UE-ReID/Part-Aware-Transformer-main/model
  SOFT_LABEL: True
  SOFT_LAMBDA: 0.5
  SOFT_WEIGHT: 0.5
  STRIDE_SIZE: [16, 16]
  TRANSFORMER_TYPE: vit_large_patch16_224_TransReID
  TRIPLET_LOSS_WEIGHT: 1.0
SOLVER:
  BASE_LR: 0.008
  BIAS_LR_FACTOR: 2
  CENTER_LOSS_WEIGHT: 0.0005
  CENTER_LR: 0.5
  CHECKPOINT_PERIOD: 5
  COSINE_MARGIN: 0.5
  COSINE_SCALE: 30
  EVAL_PERIOD: 5
  GAMMA: 0.1
  IMS_PER_BATCH: 32
  LARGE_FC_LR: False
  LOG_PERIOD: 60
  MARGIN: 0.3
  MAX_EPOCHS: 80
  MOMENTUM: 0.9
  OPTIMIZER_NAME: SGD
  SEED: 1234
  STEPS: (40, 70)
  WARMUP_EPOCHS: 5
  WARMUP_FACTOR: 0.01
  WARMUP_METHOD: linear
  WEIGHT_DECAY: 0.0001
  WEIGHT_DECAY_BIAS: 0.0
TB_LOG_ROOT: ./tb_log/
TEST:
  DIST_MAT: dist_mat.npy
  EVAL: True
  FEAT_NORM: True
  IMS_PER_BATCH: 32
  NECK_FEAT: before
  RE_RANKING: False
  WEIGHT: 
2026-05-13 14:13:34,053 PAT INFO: => Loaded UrbanElementsReID
2026-05-13 14:13:34,054 PAT INFO:   ----------------------------------------
2026-05-13 14:13:34,054 PAT INFO:   subset   | # ids | # images | # cameras
2026-05-13 14:13:34,054 PAT INFO:   ----------------------------------------
2026-05-13 14:13:34,054 PAT INFO:   train    |  1088 |    11175 |         3
2026-05-13 14:13:34,054 PAT INFO:   ----------------------------------------
UAM_Unified (exp16): 8695 images, 691 identities, 1262 c004 images
2026-05-13 14:13:34,433 PAT INFO: => Loaded UAM_Unified
2026-05-13 14:13:34,433 PAT INFO:   ----------------------------------------
2026-05-13 14:13:34,433 PAT INFO:   subset   | # ids | # images | # cameras
2026-05-13 14:13:34,433 PAT INFO:   ----------------------------------------
2026-05-13 14:13:34,433 PAT INFO:   train    |   691 |     8695 |         4
2026-05-13 14:13:34,433 PAT INFO:   ----------------------------------------
2026-05-13 14:13:34,613 PAT INFO: Dataset: 19,870 images, 1,262 c004 (6.4%)
2026-05-13 14:13:34,618 PAT INFO: Using CameraEqualizedSampler (guarantees 1 c004 per group for c004-capable identities)
2026-05-13 14:13:34,618 PAT INFO: Train loader: 561 batches/epoch
2026-05-13 14:13:34,618 PAT INFO: StochasticAugmentation injected: perspective + rotation (p_none=0.15, p_one=0.45, p_two=0.40)
2026-05-13 14:13:34,686 PAT INFO: => Loaded UrbanElementsReID
2026-05-13 14:13:34,686 PAT INFO:   ----------------------------------------
2026-05-13 14:13:34,686 PAT INFO:   subset   | # ids | # images | # cameras
2026-05-13 14:13:34,686 PAT INFO:   ----------------------------------------
2026-05-13 14:13:34,686 PAT INFO:   query    |  1088 |    11175 |         3
2026-05-13 14:13:34,686 PAT INFO:   gallery  |  1088 |    11175 |         3
2026-05-13 14:13:34,686 PAT INFO:   ----------------------------------------
2026-05-13 14:13:34,688 PAT INFO: num_classes: 1779
using Transformer_type: part token vit as a backbone
using stride: [16, 16], and patch number is num_y16 * num_x8
using drop_out rate is : 0.0
using attn_drop_out rate is : 0.0
using drop_path rate is : 0.1
Resized position embedding from size:torch.Size([1, 197, 1024]) to size: torch.Size([1, 132, 1024]) with height:16 width: 8
Load 297 / 299 layers.
Loading pretrained ImageNet model......from /media/DiscoLocal/IPCV/UE-ReID/Part-Aware-Transformer-main/model/jx_vit_large_p16_224-4ee7a4dc.pth
===========building our part attention vit===========
2026-05-13 14:13:39,230 PAT.train INFO: Number of parameter: 306.09M
2026-05-13 14:13:39,230 PAT INFO: Frozen patch_embed for training stability (MoCo v3 trick)
2026-05-13 14:13:39,517 PAT INFO: Camera classifier: 1024 -> 512 (BN+ReLU) -> 256 (BN+ReLU) -> 4
using soft triplet loss for training
label smooth on, numclasses: 1779
2026-05-13 14:13:39,556 PAT INFO: Added camera_classifier params to optimizer (lr=0.008, wd=0.0001)
2026-05-13 14:13:39,557 PAT INFO: Using soft label
2026-05-13 14:13:39,557 PAT.train INFO: start training exp17 DANN (target lambda=0.3)
saving tblog to ./tb_log/./exp22_lighter_aug
initialize the patch centers
patch center initialization done
/media/DiscoLocal/IPCV/UE-ReID/Part-Aware-Transformer-main/loss/myloss.py:29: UserWarning: This overload of addmm_ is deprecated:
	addmm_(Number beta, Number alpha, Tensor mat1, Tensor mat2)
Consider using one of the following signatures instead:
	addmm_(Tensor mat1, Tensor mat2, *, Number beta, Number alpha) (Triggered internally at ../torch/csrc/utils/python_arg_parser.cpp:1519.)
  dist_map.addmm_(1, -2, part_feat, part_centers.t())
2026-05-13 14:17:23,746 PAT.train INFO: Epoch[1] Iter[60/561] loss:13.341 reid:10.437 pc:1.429 cam:1.474 cam_acc:0.222 ID_acc:0.000 lam:0.0020 lr:1.66e-03
2026-05-13 14:17:56,437 PAT.train INFO: Epoch[1] Iter[120/561] loss:13.332 reid:10.471 pc:1.414 cam:1.447 cam_acc:0.240 ID_acc:0.001 lam:0.0040 lr:1.66e-03
2026-05-13 14:18:29,267 PAT.train INFO: Epoch[1] Iter[180/561] loss:13.222 reid:10.397 pc:1.402 cam:1.423 cam_acc:0.254 ID_acc:0.001 lam:0.0060 lr:1.66e-03
2026-05-13 14:19:03,255 PAT.train INFO: Epoch[1] Iter[240/561] loss:13.109 reid:10.312 pc:1.395 cam:1.402 cam_acc:0.270 ID_acc:0.001 lam:0.0080 lr:1.66e-03
2026-05-13 14:19:36,676 PAT.train INFO: Epoch[1] Iter[300/561] loss:13.002 reid:10.222 pc:1.395 cam:1.385 cam_acc:0.281 ID_acc:0.001 lam:0.0100 lr:1.66e-03
2026-05-13 14:20:10,370 PAT.train INFO: Epoch[1] Iter[360/561] loss:12.932 reid:10.157 pc:1.401 cam:1.374 cam_acc:0.287 ID_acc:0.001 lam:0.0120 lr:1.66e-03
2026-05-13 14:20:44,081 PAT.train INFO: Epoch[1] Iter[420/561] loss:12.884 reid:10.113 pc:1.405 cam:1.365 cam_acc:0.292 ID_acc:0.002 lam:0.0140 lr:1.66e-03
2026-05-13 14:21:18,224 PAT.train INFO: Epoch[1] Iter[480/561] loss:12.829 reid:10.059 pc:1.411 cam:1.359 cam_acc:0.296 ID_acc:0.002 lam:0.0160 lr:1.66e-03
2026-05-13 14:21:52,519 PAT.train INFO: Epoch[1] Iter[540/561] loss:12.793 reid:10.023 pc:1.415 cam:1.355 cam_acc:0.298 ID_acc:0.003 lam:0.0180 lr:1.66e-03
2026-05-13 14:22:03,478 PAT.train INFO: Epoch 1 done. lambda_eff=0.0186 cam_acc=0.298 Time/batch:0.561s Speed:57.0img/s
2026-05-13 14:22:38,897 PAT.train INFO: Epoch[2] Iter[60/561] loss:11.676 reid:9.080 pc:1.331 cam:1.266 cam_acc:0.355 ID_acc:0.016 lam:0.0207 lr:3.25e-03
2026-05-13 14:23:13,269 PAT.train INFO: Epoch[2] Iter[120/561] loss:11.578 reid:9.064 pc:1.246 cam:1.268 cam_acc:0.351 ID_acc:0.017 lam:0.0227 lr:3.25e-03
2026-05-13 14:23:47,751 PAT.train INFO: Epoch[2] Iter[180/561] loss:11.412 reid:9.025 pc:1.122 cam:1.265 cam_acc:0.351 ID_acc:0.019 lam:0.0247 lr:3.25e-03
2026-05-13 14:24:22,501 PAT.train INFO: Epoch[2] Iter[240/561] loss:11.319 reid:9.016 pc:1.041 cam:1.262 cam_acc:0.352 ID_acc:0.021 lam:0.0267 lr:3.25e-03
2026-05-13 14:24:57,566 PAT.train INFO: Epoch[2] Iter[300/561] loss:11.217 reid:8.975 pc:0.985 cam:1.257 cam_acc:0.358 ID_acc:0.022 lam:0.0287 lr:3.25e-03
2026-05-13 14:25:32,554 PAT.train INFO: Epoch[2] Iter[360/561] loss:11.154 reid:8.942 pc:0.954 cam:1.258 cam_acc:0.358 ID_acc:0.026 lam:0.0306 lr:3.25e-03
2026-05-13 14:26:07,515 PAT.train INFO: Epoch[2] Iter[420/561] loss:11.113 reid:8.928 pc:0.929 cam:1.255 cam_acc:0.360 ID_acc:0.031 lam:0.0326 lr:3.25e-03
2026-05-13 14:26:42,501 PAT.train INFO: Epoch[2] Iter[480/561] loss:11.079 reid:8.919 pc:0.907 cam:1.253 cam_acc:0.363 ID_acc:0.037 lam:0.0346 lr:3.25e-03
2026-05-13 14:27:17,534 PAT.train INFO: Epoch[2] Iter[540/561] loss:11.036 reid:8.905 pc:0.876 cam:1.255 cam_acc:0.362 ID_acc:0.046 lam:0.0366 lr:3.25e-03
2026-05-13 14:27:28,280 PAT.train INFO: Epoch 2 done. lambda_eff=0.0372 cam_acc=0.360 Time/batch:0.582s Speed:55.0img/s
2026-05-13 14:28:04,528 PAT.train INFO: Epoch[3] Iter[60/561] loss:9.856 reid:8.463 pc:0.189 cam:1.204 cam_acc:0.389 ID_acc:0.067 lam:0.0392 lr:4.83e-03
2026-05-13 14:28:40,052 PAT.train INFO: Epoch[3] Iter[120/561] loss:9.912 reid:8.503 pc:0.202 cam:1.207 cam_acc:0.396 ID_acc:0.065 lam:0.0412 lr:4.83e-03
2026-05-13 14:29:15,113 PAT.train INFO: Epoch[3] Iter[180/561] loss:9.946 reid:8.525 pc:0.214 cam:1.207 cam_acc:0.399 ID_acc:0.068 lam:0.0432 lr:4.83e-03
2026-05-13 14:29:49,888 PAT.train INFO: Epoch[3] Iter[240/561] loss:9.876 reid:8.502 pc:0.174 cam:1.200 cam_acc:0.403 ID_acc:0.071 lam:0.0451 lr:4.83e-03
2026-05-13 14:30:24,803 PAT.train INFO: Epoch[3] Iter[300/561] loss:9.878 reid:8.501 pc:0.175 cam:1.202 cam_acc:0.406 ID_acc:0.070 lam:0.0471 lr:4.83e-03
2026-05-13 14:30:59,603 PAT.train INFO: Epoch[3] Iter[360/561] loss:9.866 reid:8.491 pc:0.176 cam:1.199 cam_acc:0.413 ID_acc:0.071 lam:0.0491 lr:4.83e-03
2026-05-13 14:31:34,328 PAT.train INFO: Epoch[3] Iter[420/561] loss:9.840 reid:8.481 pc:0.162 cam:1.196 cam_acc:0.416 ID_acc:0.074 lam:0.0510 lr:4.83e-03
2026-05-13 14:32:09,224 PAT.train INFO: Epoch[3] Iter[480/561] loss:9.797 reid:8.455 pc:0.147 cam:1.194 cam_acc:0.417 ID_acc:0.079 lam:0.0529 lr:4.83e-03
2026-05-13 14:32:44,387 PAT.train INFO: Epoch[3] Iter[540/561] loss:9.754 reid:8.422 pc:0.138 cam:1.194 cam_acc:0.419 ID_acc:0.091 lam:0.0549 lr:4.83e-03
2026-05-13 14:32:55,166 PAT.train INFO: Epoch 3 done. lambda_eff=0.0555 cam_acc=0.417 Time/batch:0.586s Speed:54.6img/s
2026-05-13 14:33:31,355 PAT.train INFO: Epoch[4] Iter[60/561] loss:9.344 reid:8.134 pc:0.092 cam:1.118 cam_acc:0.489 ID_acc:0.055 lam:0.0575 lr:6.42e-03
2026-05-13 14:34:06,121 PAT.train INFO: Epoch[4] Iter[120/561] loss:9.330 reid:8.092 pc:0.123 cam:1.115 cam_acc:0.490 ID_acc:0.068 lam:0.0594 lr:6.42e-03
2026-05-13 14:34:38,757 PAT.train INFO: Epoch[4] Iter[180/561] loss:9.302 reid:8.080 pc:0.107 cam:1.114 cam_acc:0.486 ID_acc:0.068 lam:0.0614 lr:6.42e-03
2026-05-13 14:35:11,386 PAT.train INFO: Epoch[4] Iter[240/561] loss:9.237 reid:8.034 pc:0.091 cam:1.112 cam_acc:0.486 ID_acc:0.073 lam:0.0633 lr:6.42e-03
2026-05-13 14:35:43,902 PAT.train INFO: Epoch[4] Iter[300/561] loss:9.198 reid:8.002 pc:0.082 cam:1.114 cam_acc:0.486 ID_acc:0.080 lam:0.0652 lr:6.42e-03
2026-05-13 14:36:19,129 PAT.train INFO: Epoch[4] Iter[360/561] loss:9.152 reid:7.961 pc:0.077 cam:1.113 cam_acc:0.486 ID_acc:0.084 lam:0.0671 lr:6.42e-03
2026-05-13 14:36:56,707 PAT.train INFO: Epoch[4] Iter[420/561] loss:9.127 reid:7.940 pc:0.076 cam:1.111 cam_acc:0.488 ID_acc:0.085 lam:0.0690 lr:6.42e-03
2026-05-13 14:37:33,418 PAT.train INFO: Epoch[4] Iter[480/561] loss:9.077 reid:7.894 pc:0.071 cam:1.112 cam_acc:0.487 ID_acc:0.087 lam:0.0709 lr:6.42e-03
2026-05-13 14:38:10,688 PAT.train INFO: Epoch[4] Iter[540/561] loss:8.993 reid:7.812 pc:0.068 cam:1.113 cam_acc:0.488 ID_acc:0.099 lam:0.0728 lr:6.42e-03
2026-05-13 14:38:21,010 PAT.train INFO: Epoch 4 done. lambda_eff=0.0733 cam_acc=0.487 Time/batch:0.585s Speed:54.7img/s
2026-05-13 14:38:59,137 PAT.train INFO: Epoch[5] Iter[60/561] loss:8.569 reid:7.487 pc:0.041 cam:1.041 cam_acc:0.546 ID_acc:0.055 lam:0.0753 lr:7.97e-03
2026-05-13 14:39:35,269 PAT.train INFO: Epoch[5] Iter[120/561] loss:8.552 reid:7.462 pc:0.048 cam:1.043 cam_acc:0.539 ID_acc:0.059 lam:0.0772 lr:7.97e-03
2026-05-13 14:40:11,663 PAT.train INFO: Epoch[5] Iter[180/561] loss:8.526 reid:7.438 pc:0.048 cam:1.039 cam_acc:0.536 ID_acc:0.061 lam:0.0791 lr:7.97e-03
2026-05-13 14:40:48,141 PAT.train INFO: Epoch[5] Iter[240/561] loss:8.475 reid:7.395 pc:0.043 cam:1.036 cam_acc:0.537 ID_acc:0.061 lam:0.0809 lr:7.97e-03
2026-05-13 14:41:25,133 PAT.train INFO: Epoch[5] Iter[300/561] loss:8.436 reid:7.361 pc:0.039 cam:1.036 cam_acc:0.536 ID_acc:0.065 lam:0.0828 lr:7.97e-03
2026-05-13 14:42:01,007 PAT.train INFO: Epoch[5] Iter[360/561] loss:8.381 reid:7.311 pc:0.036 cam:1.034 cam_acc:0.539 ID_acc:0.072 lam:0.0846 lr:7.97e-03
2026-05-13 14:42:33,701 PAT.train INFO: Epoch[5] Iter[420/561] loss:8.306 reid:7.244 pc:0.033 cam:1.030 cam_acc:0.544 ID_acc:0.079 lam:0.0865 lr:7.97e-03
2026-05-13 14:43:06,269 PAT.train INFO: Epoch[5] Iter[480/561] loss:8.224 reid:7.166 pc:0.031 cam:1.028 cam_acc:0.546 ID_acc:0.088 lam:0.0883 lr:7.97e-03
2026-05-13 14:43:38,753 PAT.train INFO: Epoch[5] Iter[540/561] loss:8.111 reid:7.055 pc:0.029 cam:1.026 cam_acc:0.546 ID_acc:0.102 lam:0.0901 lr:7.97e-03
2026-05-13 14:43:48,689 PAT.train INFO: Epoch 5 done. lambda_eff=0.0907 cam_acc=0.546 Time/batch:0.587s Speed:54.5img/s
2026-05-13 14:43:48,689 PAT.test INFO: Enter inferencing
2026-05-13 14:47:05,554 PAT.test INFO: Validation Results
2026-05-13 14:47:05,554 PAT.test INFO: mAP: 35.8%
2026-05-13 14:47:05,554 PAT.test INFO: CMC curve, Rank-1  :56.7%
2026-05-13 14:47:05,554 PAT.test INFO: CMC curve, Rank-5  :78.2%
2026-05-13 14:47:05,554 PAT.test INFO: CMC curve, Rank-10 :85.3%
2026-05-13 14:47:05,554 PAT.test INFO: total inference time: 196.86
2026-05-13 14:47:05,561 PAT.train INFO: =====saving epoch: 5=====
2026-05-13 14:47:38,186 PAT.train INFO: Epoch[6] Iter[60/561] loss:7.959 reid:6.941 pc:0.050 cam:0.969 cam_acc:0.580 ID_acc:0.052 lam:0.0926 lr:7.95e-03
2026-05-13 14:48:08,427 PAT.train INFO: Epoch[6] Iter[120/561] loss:7.907 reid:6.870 pc:0.080 cam:0.957 cam_acc:0.580 ID_acc:0.061 lam:0.0944 lr:7.95e-03
2026-05-13 14:48:38,711 PAT.train INFO: Epoch[6] Iter[180/561] loss:7.882 reid:6.833 pc:0.095 cam:0.955 cam_acc:0.586 ID_acc:0.069 lam:0.0962 lr:7.95e-03
2026-05-13 14:49:08,967 PAT.train INFO: Epoch[6] Iter[240/561] loss:7.839 reid:6.776 pc:0.103 cam:0.960 cam_acc:0.580 ID_acc:0.077 lam:0.0980 lr:7.95e-03
2026-05-13 14:49:39,236 PAT.train INFO: Epoch[6] Iter[300/561] loss:7.780 reid:6.720 pc:0.107 cam:0.952 cam_acc:0.584 ID_acc:0.086 lam:0.0998 lr:7.95e-03
2026-05-13 14:50:09,549 PAT.train INFO: Epoch[6] Iter[360/561] loss:7.709 reid:6.653 pc:0.105 cam:0.951 cam_acc:0.588 ID_acc:0.095 lam:0.1016 lr:7.95e-03
2026-05-13 14:50:39,822 PAT.train INFO: Epoch[6] Iter[420/561] loss:7.633 reid:6.579 pc:0.102 cam:0.952 cam_acc:0.588 ID_acc:0.106 lam:0.1033 lr:7.95e-03
2026-05-13 14:51:10,130 PAT.train INFO: Epoch[6] Iter[480/561] loss:7.542 reid:6.492 pc:0.099 cam:0.950 cam_acc:0.589 ID_acc:0.121 lam:0.1051 lr:7.95e-03
2026-05-13 14:51:40,430 PAT.train INFO: Epoch[6] Iter[540/561] loss:7.413 reid:6.362 pc:0.098 cam:0.953 cam_acc:0.589 ID_acc:0.143 lam:0.1069 lr:7.95e-03
2026-05-13 14:51:49,608 PAT.train INFO: Epoch 6 done. lambda_eff=0.1074 cam_acc=0.588 Time/batch:0.506s Speed:63.2img/s
2026-05-13 14:52:20,664 PAT.train INFO: Epoch[7] Iter[60/561] loss:7.533 reid:6.509 pc:0.109 cam:0.915 cam_acc:0.597 ID_acc:0.086 lam:0.1092 lr:7.93e-03
2026-05-13 14:52:50,819 PAT.train INFO: Epoch[7] Iter[120/561] loss:7.445 reid:6.395 pc:0.143 cam:0.907 cam_acc:0.607 ID_acc:0.092 lam:0.1110 lr:7.93e-03
2026-05-13 14:53:21,027 PAT.train INFO: Epoch[7] Iter[180/561] loss:7.432 reid:6.352 pc:0.171 cam:0.909 cam_acc:0.612 ID_acc:0.100 lam:0.1127 lr:7.93e-03
2026-05-13 14:53:51,314 PAT.train INFO: Epoch[7] Iter[240/561] loss:7.393 reid:6.300 pc:0.183 cam:0.910 cam_acc:0.608 ID_acc:0.109 lam:0.1144 lr:7.93e-03
2026-05-13 14:54:21,638 PAT.train INFO: Epoch[7] Iter[300/561] loss:7.298 reid:6.233 pc:0.163 cam:0.902 cam_acc:0.614 ID_acc:0.118 lam:0.1161 lr:7.93e-03
2026-05-13 14:54:51,942 PAT.train INFO: Epoch[7] Iter[360/561] loss:7.212 reid:6.166 pc:0.144 cam:0.902 cam_acc:0.613 ID_acc:0.131 lam:0.1178 lr:7.93e-03
2026-05-13 14:55:22,223 PAT.train INFO: Epoch[7] Iter[420/561] loss:7.105 reid:6.079 pc:0.127 cam:0.899 cam_acc:0.615 ID_acc:0.147 lam:0.1195 lr:7.93e-03
2026-05-13 14:55:52,591 PAT.train INFO: Epoch[7] Iter[480/561] loss:7.005 reid:5.987 pc:0.113 cam:0.904 cam_acc:0.613 ID_acc:0.163 lam:0.1212 lr:7.93e-03
2026-05-13 14:56:22,943 PAT.train INFO: Epoch[7] Iter[540/561] loss:6.883 reid:5.876 pc:0.103 cam:0.904 cam_acc:0.613 ID_acc:0.185 lam:0.1229 lr:7.93e-03
2026-05-13 14:56:31,120 PAT.train INFO: Epoch 7 done. lambda_eff=0.1233 cam_acc=0.614 Time/batch:0.506s Speed:63.2img/s
2026-05-13 14:57:02,115 PAT.train INFO: Epoch[8] Iter[60/561] loss:6.923 reid:6.014 pc:0.026 cam:0.883 cam_acc:0.622 ID_acc:0.101 lam:0.1251 lr:7.91e-03
2026-05-13 14:57:32,369 PAT.train INFO: Epoch[8] Iter[120/561] loss:6.915 reid:6.000 pc:0.037 cam:0.877 cam_acc:0.633 ID_acc:0.127 lam:0.1268 lr:7.91e-03
2026-05-13 14:58:02,582 PAT.train INFO: Epoch[8] Iter[180/561] loss:6.836 reid:5.923 pc:0.037 cam:0.876 cam_acc:0.631 ID_acc:0.142 lam:0.1284 lr:7.91e-03
2026-05-13 14:58:32,837 PAT.train INFO: Epoch[8] Iter[240/561] loss:6.826 reid:5.907 pc:0.037 cam:0.883 cam_acc:0.626 ID_acc:0.151 lam:0.1300 lr:7.91e-03
2026-05-13 14:59:03,066 PAT.train INFO: Epoch[8] Iter[300/561] loss:6.727 reid:5.812 pc:0.036 cam:0.880 cam_acc:0.627 ID_acc:0.168 lam:0.1317 lr:7.91e-03
2026-05-13 14:59:33,328 PAT.train INFO: Epoch[8] Iter[360/561] loss:6.653 reid:5.744 pc:0.034 cam:0.875 cam_acc:0.629 ID_acc:0.186 lam:0.1333 lr:7.91e-03
2026-05-13 15:00:03,593 PAT.train INFO: Epoch[8] Iter[420/561] loss:6.560 reid:5.659 pc:0.032 cam:0.869 cam_acc:0.632 ID_acc:0.198 lam:0.1349 lr:7.91e-03
2026-05-13 15:00:33,820 PAT.train INFO: Epoch[8] Iter[480/561] loss:6.458 reid:5.561 pc:0.030 cam:0.867 cam_acc:0.632 ID_acc:0.215 lam:0.1365 lr:7.91e-03
2026-05-13 15:01:04,162 PAT.train INFO: Epoch[8] Iter[540/561] loss:6.333 reid:5.439 pc:0.030 cam:0.864 cam_acc:0.633 ID_acc:0.237 lam:0.1381 lr:7.91e-03
2026-05-13 15:01:12,867 PAT.train INFO: Epoch 8 done. lambda_eff=0.1385 cam_acc=0.632 Time/batch:0.506s Speed:63.3img/s
2026-05-13 15:01:44,066 PAT.train INFO: Epoch[9] Iter[60/561] loss:6.611 reid:5.761 pc:0.013 cam:0.837 cam_acc:0.658 ID_acc:0.146 lam:0.1402 lr:7.89e-03
2026-05-13 15:02:14,520 PAT.train INFO: Epoch[9] Iter[120/561] loss:6.527 reid:5.666 pc:0.018 cam:0.842 cam_acc:0.645 ID_acc:0.167 lam:0.1417 lr:7.89e-03
2026-05-13 15:02:44,887 PAT.train INFO: Epoch[9] Iter[180/561] loss:6.471 reid:5.612 pc:0.019 cam:0.839 cam_acc:0.648 ID_acc:0.177 lam:0.1433 lr:7.89e-03
2026-05-13 15:03:15,291 PAT.train INFO: Epoch[9] Iter[240/561] loss:6.386 reid:5.537 pc:0.020 cam:0.829 cam_acc:0.653 ID_acc:0.196 lam:0.1448 lr:7.89e-03
2026-05-13 15:03:45,686 PAT.train INFO: Epoch[9] Iter[300/561] loss:6.356 reid:5.504 pc:0.019 cam:0.833 cam_acc:0.651 ID_acc:0.204 lam:0.1464 lr:7.89e-03
2026-05-13 15:04:16,092 PAT.train INFO: Epoch[9] Iter[360/561] loss:6.252 reid:5.399 pc:0.018 cam:0.835 cam_acc:0.650 ID_acc:0.224 lam:0.1479 lr:7.89e-03
2026-05-13 15:04:46,445 PAT.train INFO: Epoch[9] Iter[420/561] loss:6.162 reid:5.312 pc:0.018 cam:0.833 cam_acc:0.651 ID_acc:0.240 lam:0.1494 lr:7.89e-03
2026-05-13 15:05:16,797 PAT.train INFO: Epoch[9] Iter[480/561] loss:6.059 reid:5.209 pc:0.017 cam:0.832 cam_acc:0.652 ID_acc:0.259 lam:0.1509 lr:7.89e-03
2026-05-13 15:05:47,202 PAT.train INFO: Epoch[9] Iter[540/561] loss:5.934 reid:5.084 pc:0.016 cam:0.834 cam_acc:0.652 ID_acc:0.286 lam:0.1524 lr:7.89e-03
2026-05-13 15:05:56,960 PAT.train INFO: Epoch 9 done. lambda_eff=0.1529 cam_acc=0.652 Time/batch:0.508s Speed:63.0img/s
2026-05-13 15:06:28,141 PAT.train INFO: Epoch[10] Iter[60/561] loss:6.333 reid:5.465 pc:0.056 cam:0.812 cam_acc:0.665 ID_acc:0.178 lam:0.1544 lr:7.87e-03
2026-05-13 15:06:58,518 PAT.train INFO: Epoch[10] Iter[120/561] loss:6.270 reid:5.394 pc:0.062 cam:0.814 cam_acc:0.656 ID_acc:0.210 lam:0.1559 lr:7.87e-03
2026-05-13 15:07:28,903 PAT.train INFO: Epoch[10] Iter[180/561] loss:6.198 reid:5.317 pc:0.068 cam:0.813 cam_acc:0.658 ID_acc:0.220 lam:0.1573 lr:7.87e-03
2026-05-13 15:07:59,235 PAT.train INFO: Epoch[10] Iter[240/561] loss:6.113 reid:5.238 pc:0.063 cam:0.812 cam_acc:0.661 ID_acc:0.238 lam:0.1588 lr:7.87e-03
2026-05-13 15:08:29,633 PAT.train INFO: Epoch[10] Iter[300/561] loss:6.030 reid:5.157 pc:0.057 cam:0.816 cam_acc:0.658 ID_acc:0.253 lam:0.1602 lr:7.87e-03
2026-05-13 15:09:00,025 PAT.train INFO: Epoch[10] Iter[360/561] loss:5.961 reid:5.090 pc:0.053 cam:0.817 cam_acc:0.658 ID_acc:0.267 lam:0.1616 lr:7.87e-03
2026-05-13 15:09:30,437 PAT.train INFO: Epoch[10] Iter[420/561] loss:5.860 reid:4.992 pc:0.051 cam:0.818 cam_acc:0.660 ID_acc:0.289 lam:0.1631 lr:7.87e-03
2026-05-13 15:10:00,732 PAT.train INFO: Epoch[10] Iter[480/561] loss:5.786 reid:4.918 pc:0.047 cam:0.820 cam_acc:0.657 ID_acc:0.305 lam:0.1645 lr:7.87e-03
2026-05-13 15:10:31,083 PAT.train INFO: Epoch[10] Iter[540/561] loss:5.661 reid:4.796 pc:0.045 cam:0.820 cam_acc:0.657 ID_acc:0.336 lam:0.1659 lr:7.87e-03
2026-05-13 15:10:40,785 PAT.train INFO: Epoch 10 done. lambda_eff=0.1663 cam_acc=0.656 Time/batch:0.508s Speed:63.0img/s
2026-05-13 15:10:40,785 PAT.test INFO: Enter inferencing
2026-05-13 15:13:57,132 PAT.test INFO: Validation Results
2026-05-13 15:13:57,132 PAT.test INFO: mAP: 42.6%
2026-05-13 15:13:57,132 PAT.test INFO: CMC curve, Rank-1  :62.2%
2026-05-13 15:13:57,132 PAT.test INFO: CMC curve, Rank-5  :82.0%
2026-05-13 15:13:57,133 PAT.test INFO: CMC curve, Rank-10 :88.6%
2026-05-13 15:13:57,133 PAT.test INFO: total inference time: 196.34
2026-05-13 15:13:57,134 PAT.train INFO: =====saving epoch: 10=====
2026-05-13 15:14:29,432 PAT.train INFO: Epoch[11] Iter[60/561] loss:5.953 reid:5.149 pc:0.001 cam:0.803 cam_acc:0.671 ID_acc:0.235 lam:0.1677 lr:7.84e-03
2026-05-13 15:14:59,788 PAT.train INFO: Epoch[11] Iter[120/561] loss:5.935 reid:5.114 pc:0.002 cam:0.818 cam_acc:0.657 ID_acc:0.245 lam:0.1691 lr:7.84e-03
2026-05-13 15:15:30,195 PAT.train INFO: Epoch[11] Iter[180/561] loss:5.833 reid:5.010 pc:0.004 cam:0.820 cam_acc:0.661 ID_acc:0.268 lam:0.1705 lr:7.84e-03
2026-05-13 15:16:00,628 PAT.train INFO: Epoch[11] Iter[240/561] loss:5.800 reid:4.968 pc:0.004 cam:0.828 cam_acc:0.657 ID_acc:0.274 lam:0.1718 lr:7.84e-03
2026-05-13 15:16:30,997 PAT.train INFO: Epoch[11] Iter[300/561] loss:5.736 reid:4.902 pc:0.004 cam:0.830 cam_acc:0.654 ID_acc:0.287 lam:0.1732 lr:7.84e-03
2026-05-13 15:17:01,481 PAT.train INFO: Epoch[11] Iter[360/561] loss:5.630 reid:4.794 pc:0.005 cam:0.831 cam_acc:0.654 ID_acc:0.307 lam:0.1745 lr:7.84e-03
2026-05-13 15:17:31,788 PAT.train INFO: Epoch[11] Iter[420/561] loss:5.554 reid:4.714 pc:0.004 cam:0.835 cam_acc:0.651 ID_acc:0.323 lam:0.1758 lr:7.84e-03
2026-05-13 15:18:02,018 PAT.train INFO: Epoch[11] Iter[480/561] loss:5.461 reid:4.617 pc:0.004 cam:0.841 cam_acc:0.647 ID_acc:0.349 lam:0.1771 lr:7.84e-03
2026-05-13 15:18:32,336 PAT.train INFO: Epoch[11] Iter[540/561] loss:5.356 reid:4.513 pc:0.004 cam:0.839 cam_acc:0.647 ID_acc:0.376 lam:0.1784 lr:7.84e-03
2026-05-13 15:18:41,550 PAT.train INFO: Epoch 11 done. lambda_eff=0.1788 cam_acc=0.646 Time/batch:0.508s Speed:63.0img/s
2026-05-13 15:19:12,714 PAT.train INFO: Epoch[12] Iter[60/561] loss:5.752 reid:4.908 pc:0.003 cam:0.841 cam_acc:0.653 ID_acc:0.263 lam:0.1802 lr:7.81e-03
2026-05-13 15:19:42,996 PAT.train INFO: Epoch[12] Iter[120/561] loss:5.693 reid:4.863 pc:0.008 cam:0.821 cam_acc:0.657 ID_acc:0.285 lam:0.1815 lr:7.81e-03
2026-05-13 15:20:13,256 PAT.train INFO: Epoch[12] Iter[180/561] loss:5.628 reid:4.767 pc:0.025 cam:0.836 cam_acc:0.649 ID_acc:0.302 lam:0.1827 lr:7.81e-03
2026-05-13 15:20:43,587 PAT.train INFO: Epoch[12] Iter[240/561] loss:5.556 reid:4.686 pc:0.036 cam:0.834 cam_acc:0.652 ID_acc:0.320 lam:0.1840 lr:7.81e-03
2026-05-13 15:21:13,870 PAT.train INFO: Epoch[12] Iter[300/561] loss:5.510 reid:4.639 pc:0.036 cam:0.835 cam_acc:0.654 ID_acc:0.334 lam:0.1852 lr:7.81e-03
2026-05-13 15:21:44,192 PAT.train INFO: Epoch[12] Iter[360/561] loss:5.429 reid:4.558 pc:0.033 cam:0.838 cam_acc:0.648 ID_acc:0.351 lam:0.1865 lr:7.81e-03
2026-05-13 15:22:14,582 PAT.train INFO: Epoch[12] Iter[420/561] loss:5.353 reid:4.483 pc:0.032 cam:0.838 cam_acc:0.648 ID_acc:0.367 lam:0.1877 lr:7.81e-03
2026-05-13 15:22:44,970 PAT.train INFO: Epoch[12] Iter[480/561] loss:5.267 reid:4.401 pc:0.028 cam:0.839 cam_acc:0.648 ID_acc:0.387 lam:0.1889 lr:7.81e-03
2026-05-13 15:23:15,333 PAT.train INFO: Epoch[12] Iter[540/561] loss:5.148 reid:4.283 pc:0.025 cam:0.839 cam_acc:0.649 ID_acc:0.415 lam:0.1901 lr:7.81e-03
2026-05-13 15:23:25,041 PAT.train INFO: Epoch 12 done. lambda_eff=0.1905 cam_acc=0.648 Time/batch:0.507s Speed:63.1img/s
2026-05-13 15:23:56,236 PAT.train INFO: Epoch[13] Iter[60/561] loss:5.491 reid:4.634 pc:0.010 cam:0.847 cam_acc:0.639 ID_acc:0.320 lam:0.1917 lr:7.78e-03
2026-05-13 15:24:26,604 PAT.train INFO: Epoch[13] Iter[120/561] loss:5.458 reid:4.577 pc:0.043 cam:0.837 cam_acc:0.653 ID_acc:0.339 lam:0.1929 lr:7.78e-03
2026-05-13 15:24:56,950 PAT.train INFO: Epoch[13] Iter[180/561] loss:5.420 reid:4.539 pc:0.046 cam:0.835 cam_acc:0.651 ID_acc:0.348 lam:0.1941 lr:7.78e-03
2026-05-13 15:25:27,322 PAT.train INFO: Epoch[13] Iter[240/561] loss:5.343 reid:4.474 pc:0.037 cam:0.832 cam_acc:0.650 ID_acc:0.362 lam:0.1952 lr:7.78e-03
2026-05-13 15:25:57,701 PAT.train INFO: Epoch[13] Iter[300/561] loss:5.270 reid:4.407 pc:0.031 cam:0.831 cam_acc:0.650 ID_acc:0.373 lam:0.1964 lr:7.78e-03
2026-05-13 15:26:28,083 PAT.train INFO: Epoch[13] Iter[360/561] loss:5.202 reid:4.342 pc:0.027 cam:0.834 cam_acc:0.649 ID_acc:0.390 lam:0.1975 lr:7.78e-03
2026-05-13 15:26:58,527 PAT.train INFO: Epoch[13] Iter[420/561] loss:5.116 reid:4.258 pc:0.024 cam:0.834 cam_acc:0.649 ID_acc:0.408 lam:0.1987 lr:7.78e-03
2026-05-13 15:27:28,997 PAT.train INFO: Epoch[13] Iter[480/561] loss:5.030 reid:4.172 pc:0.021 cam:0.837 cam_acc:0.647 ID_acc:0.431 lam:0.1998 lr:7.78e-03
2026-05-13 15:27:59,489 PAT.train INFO: Epoch[13] Iter[540/561] loss:4.927 reid:4.073 pc:0.019 cam:0.835 cam_acc:0.648 ID_acc:0.453 lam:0.2009 lr:7.78e-03
2026-05-13 15:28:08,715 PAT.train INFO: Epoch 13 done. lambda_eff=0.2012 cam_acc=0.649 Time/batch:0.508s Speed:63.0img/s
2026-05-13 15:28:39,826 PAT.train INFO: Epoch[14] Iter[60/561] loss:5.274 reid:4.384 pc:0.003 cam:0.887 cam_acc:0.634 ID_acc:0.354 lam:0.2024 lr:7.74e-03
2026-05-13 15:29:10,052 PAT.train INFO: Epoch[14] Iter[120/561] loss:5.248 reid:4.353 pc:0.023 cam:0.872 cam_acc:0.633 ID_acc:0.373 lam:0.2035 lr:7.74e-03
2026-05-13 15:29:40,318 PAT.train INFO: Epoch[14] Iter[180/561] loss:5.249 reid:4.353 pc:0.035 cam:0.861 cam_acc:0.635 ID_acc:0.378 lam:0.2045 lr:7.74e-03
2026-05-13 15:30:10,589 PAT.train INFO: Epoch[14] Iter[240/561] loss:5.146 reid:4.257 pc:0.027 cam:0.862 cam_acc:0.633 ID_acc:0.400 lam:0.2056 lr:7.74e-03
2026-05-13 15:30:40,851 PAT.train INFO: Epoch[14] Iter[300/561] loss:5.085 reid:4.202 pc:0.022 cam:0.861 cam_acc:0.634 ID_acc:0.414 lam:0.2067 lr:7.74e-03
2026-05-13 15:31:11,153 PAT.train INFO: Epoch[14] Iter[360/561] loss:5.009 reid:4.131 pc:0.019 cam:0.858 cam_acc:0.635 ID_acc:0.432 lam:0.2077 lr:7.74e-03
2026-05-13 15:31:41,425 PAT.train INFO: Epoch[14] Iter[420/561] loss:4.940 reid:4.065 pc:0.017 cam:0.858 cam_acc:0.636 ID_acc:0.446 lam:0.2088 lr:7.74e-03
2026-05-13 15:32:11,746 PAT.train INFO: Epoch[14] Iter[480/561] loss:4.853 reid:3.982 pc:0.016 cam:0.855 cam_acc:0.635 ID_acc:0.465 lam:0.2098 lr:7.74e-03
2026-05-13 15:32:42,096 PAT.train INFO: Epoch[14] Iter[540/561] loss:4.757 reid:3.889 pc:0.014 cam:0.854 cam_acc:0.637 ID_acc:0.486 lam:0.2108 lr:7.74e-03
2026-05-13 15:32:50,819 PAT.train INFO: Epoch 14 done. lambda_eff=0.2111 cam_acc=0.638 Time/batch:0.506s Speed:63.2img/s
2026-05-13 15:33:21,898 PAT.train INFO: Epoch[15] Iter[60/561] loss:5.159 reid:4.314 pc:0.010 cam:0.836 cam_acc:0.648 ID_acc:0.349 lam:0.2122 lr:7.70e-03
2026-05-13 15:33:52,132 PAT.train INFO: Epoch[15] Iter[120/561] loss:5.136 reid:4.260 pc:0.037 cam:0.839 cam_acc:0.645 ID_acc:0.376 lam:0.2132 lr:7.70e-03
2026-05-13 15:34:22,412 PAT.train INFO: Epoch[15] Iter[180/561] loss:5.043 reid:4.157 pc:0.041 cam:0.845 cam_acc:0.641 ID_acc:0.401 lam:0.2141 lr:7.70e-03
2026-05-13 15:34:52,650 PAT.train INFO: Epoch[15] Iter[240/561] loss:4.976 reid:4.092 pc:0.039 cam:0.846 cam_acc:0.642 ID_acc:0.418 lam:0.2151 lr:7.70e-03
2026-05-13 15:35:22,884 PAT.train INFO: Epoch[15] Iter[300/561] loss:4.897 reid:4.010 pc:0.039 cam:0.848 cam_acc:0.641 ID_acc:0.444 lam:0.2161 lr:7.70e-03
2026-05-13 15:35:53,142 PAT.train INFO: Epoch[15] Iter[360/561] loss:4.844 reid:3.956 pc:0.037 cam:0.851 cam_acc:0.637 ID_acc:0.460 lam:0.2171 lr:7.70e-03
2026-05-13 15:36:23,428 PAT.train INFO: Epoch[15] Iter[420/561] loss:4.750 reid:3.871 pc:0.032 cam:0.847 cam_acc:0.639 ID_acc:0.479 lam:0.2180 lr:7.70e-03
2026-05-13 15:36:53,760 PAT.train INFO: Epoch[15] Iter[480/561] loss:4.674 reid:3.800 pc:0.028 cam:0.846 cam_acc:0.640 ID_acc:0.497 lam:0.2189 lr:7.70e-03
2026-05-13 15:37:24,097 PAT.train INFO: Epoch[15] Iter[540/561] loss:4.573 reid:3.703 pc:0.025 cam:0.845 cam_acc:0.642 ID_acc:0.519 lam:0.2199 lr:7.70e-03
2026-05-13 15:37:32,815 PAT.train INFO: Epoch 15 done. lambda_eff=0.2201 cam_acc=0.644 Time/batch:0.506s Speed:63.2img/s
2026-05-13 15:37:32,815 PAT.test INFO: Enter inferencing
2026-05-13 15:40:49,224 PAT.test INFO: Validation Results
2026-05-13 15:40:49,224 PAT.test INFO: mAP: 48.6%
2026-05-13 15:40:49,224 PAT.test INFO: CMC curve, Rank-1  :66.8%
2026-05-13 15:40:49,224 PAT.test INFO: CMC curve, Rank-5  :85.8%
2026-05-13 15:40:49,225 PAT.test INFO: CMC curve, Rank-10 :91.2%
2026-05-13 15:40:49,225 PAT.test INFO: total inference time: 196.41
2026-05-13 15:40:49,226 PAT.train INFO: =====saving epoch: 15=====
2026-05-13 15:41:21,335 PAT.train INFO: Epoch[16] Iter[60/561] loss:4.938 reid:4.065 pc:0.002 cam:0.871 cam_acc:0.626 ID_acc:0.404 lam:0.2211 lr:7.66e-03
2026-05-13 15:41:51,593 PAT.train INFO: Epoch[16] Iter[120/561] loss:4.987 reid:4.128 pc:0.005 cam:0.854 cam_acc:0.632 ID_acc:0.405 lam:0.2220 lr:7.66e-03
2026-05-13 15:42:21,830 PAT.train INFO: Epoch[16] Iter[180/561] loss:4.909 reid:4.047 pc:0.005 cam:0.857 cam_acc:0.632 ID_acc:0.426 lam:0.2229 lr:7.66e-03
2026-05-13 15:42:52,094 PAT.train INFO: Epoch[16] Iter[240/561] loss:4.831 reid:3.976 pc:0.005 cam:0.850 cam_acc:0.639 ID_acc:0.447 lam:0.2238 lr:7.66e-03
2026-05-13 15:43:22,429 PAT.train INFO: Epoch[16] Iter[300/561] loss:4.741 reid:3.894 pc:0.005 cam:0.843 cam_acc:0.642 ID_acc:0.468 lam:0.2247 lr:7.66e-03
2026-05-13 15:43:52,692 PAT.train INFO: Epoch[16] Iter[360/561] loss:4.649 reid:3.808 pc:0.005 cam:0.836 cam_acc:0.647 ID_acc:0.489 lam:0.2256 lr:7.66e-03
2026-05-13 15:44:23,006 PAT.train INFO: Epoch[16] Iter[420/561] loss:4.584 reid:3.744 pc:0.004 cam:0.836 cam_acc:0.647 ID_acc:0.502 lam:0.2265 lr:7.66e-03
2026-05-13 15:44:53,365 PAT.train INFO: Epoch[16] Iter[480/561] loss:4.494 reid:3.655 pc:0.004 cam:0.835 cam_acc:0.648 ID_acc:0.525 lam:0.2273 lr:7.66e-03
2026-05-13 15:45:23,726 PAT.train INFO: Epoch[16] Iter[540/561] loss:4.382 reid:3.548 pc:0.004 cam:0.830 cam_acc:0.651 ID_acc:0.550 lam:0.2282 lr:7.66e-03
2026-05-13 15:45:31,405 PAT.train INFO: Epoch 16 done. lambda_eff=0.2284 cam_acc=0.652 Time/batch:0.506s Speed:63.2img/s
2026-05-13 15:46:02,482 PAT.train INFO: Epoch[17] Iter[60/561] loss:4.730 reid:3.882 pc:0.003 cam:0.845 cam_acc:0.635 ID_acc:0.421 lam:0.2293 lr:7.62e-03
2026-05-13 15:46:32,760 PAT.train INFO: Epoch[17] Iter[120/561] loss:4.718 reid:3.871 pc:0.008 cam:0.838 cam_acc:0.643 ID_acc:0.439 lam:0.2301 lr:7.62e-03
2026-05-13 15:47:03,001 PAT.train INFO: Epoch[17] Iter[180/561] loss:4.674 reid:3.833 pc:0.010 cam:0.831 cam_acc:0.647 ID_acc:0.452 lam:0.2310 lr:7.62e-03
2026-05-13 15:47:33,267 PAT.train INFO: Epoch[17] Iter[240/561] loss:4.613 reid:3.771 pc:0.012 cam:0.830 cam_acc:0.646 ID_acc:0.468 lam:0.2318 lr:7.62e-03
2026-05-13 15:48:03,579 PAT.train INFO: Epoch[17] Iter[300/561] loss:4.536 reid:3.693 pc:0.012 cam:0.830 cam_acc:0.647 ID_acc:0.488 lam:0.2326 lr:7.62e-03
2026-05-13 15:48:33,862 PAT.train INFO: Epoch[17] Iter[360/561] loss:4.458 reid:3.617 pc:0.011 cam:0.829 cam_acc:0.647 ID_acc:0.514 lam:0.2334 lr:7.62e-03
2026-05-13 15:49:04,141 PAT.train INFO: Epoch[17] Iter[420/561] loss:4.399 reid:3.559 pc:0.011 cam:0.829 cam_acc:0.647 ID_acc:0.533 lam:0.2342 lr:7.62e-03
2026-05-13 15:49:34,483 PAT.train INFO: Epoch[17] Iter[480/561] loss:4.330 reid:3.494 pc:0.010 cam:0.826 cam_acc:0.648 ID_acc:0.551 lam:0.2349 lr:7.62e-03
2026-05-13 15:50:04,826 PAT.train INFO: Epoch[17] Iter[540/561] loss:4.233 reid:3.404 pc:0.010 cam:0.819 cam_acc:0.652 ID_acc:0.573 lam:0.2357 lr:7.62e-03
2026-05-13 15:50:13,525 PAT.train INFO: Epoch 17 done. lambda_eff=0.2359 cam_acc=0.652 Time/batch:0.506s Speed:63.2img/s
2026-05-13 15:50:44,577 PAT.train INFO: Epoch[18] Iter[60/561] loss:4.690 reid:3.841 pc:0.051 cam:0.798 cam_acc:0.658 ID_acc:0.434 lam:0.2367 lr:7.57e-03
2026-05-13 15:51:14,808 PAT.train INFO: Epoch[18] Iter[120/561] loss:4.620 reid:3.720 pc:0.106 cam:0.794 cam_acc:0.664 ID_acc:0.468 lam:0.2375 lr:7.57e-03
2026-05-13 15:51:45,081 PAT.train INFO: Epoch[18] Iter[180/561] loss:4.621 reid:3.705 pc:0.111 cam:0.804 cam_acc:0.659 ID_acc:0.478 lam:0.2382 lr:7.57e-03
2026-05-13 15:52:15,391 PAT.train INFO: Epoch[18] Iter[240/561] loss:4.566 reid:3.647 pc:0.102 cam:0.817 cam_acc:0.652 ID_acc:0.498 lam:0.2390 lr:7.57e-03
2026-05-13 15:52:45,646 PAT.train INFO: Epoch[18] Iter[300/561] loss:4.488 reid:3.586 pc:0.083 cam:0.819 cam_acc:0.651 ID_acc:0.522 lam:0.2397 lr:7.57e-03
2026-05-13 15:53:15,960 PAT.train INFO: Epoch[18] Iter[360/561] loss:4.436 reid:3.547 pc:0.071 cam:0.817 cam_acc:0.650 ID_acc:0.536 lam:0.2404 lr:7.57e-03
2026-05-13 15:53:46,237 PAT.train INFO: Epoch[18] Iter[420/561] loss:4.351 reid:3.471 pc:0.062 cam:0.818 cam_acc:0.652 ID_acc:0.555 lam:0.2411 lr:7.57e-03
2026-05-13 15:54:16,582 PAT.train INFO: Epoch[18] Iter[480/561] loss:4.277 reid:3.408 pc:0.056 cam:0.814 cam_acc:0.655 ID_acc:0.573 lam:0.2418 lr:7.57e-03
2026-05-13 15:54:47,014 PAT.train INFO: Epoch[18] Iter[540/561] loss:4.173 reid:3.314 pc:0.051 cam:0.809 cam_acc:0.659 ID_acc:0.598 lam:0.2425 lr:7.57e-03
2026-05-13 15:54:55,721 PAT.train INFO: Epoch 18 done. lambda_eff=0.2427 cam_acc=0.661 Time/batch:0.506s Speed:63.2img/s
2026-05-13 15:55:26,929 PAT.train INFO: Epoch[19] Iter[60/561] loss:4.389 reid:3.582 pc:0.005 cam:0.801 cam_acc:0.655 ID_acc:0.514 lam:0.2435 lr:7.52e-03
2026-05-13 15:55:57,218 PAT.train INFO: Epoch[19] Iter[120/561] loss:4.379 reid:3.544 pc:0.021 cam:0.814 cam_acc:0.651 ID_acc:0.502 lam:0.2441 lr:7.52e-03
2026-05-13 15:56:27,588 PAT.train INFO: Epoch[19] Iter[180/561] loss:4.380 reid:3.533 pc:0.040 cam:0.807 cam_acc:0.659 ID_acc:0.513 lam:0.2448 lr:7.52e-03
2026-05-13 15:56:57,955 PAT.train INFO: Epoch[19] Iter[240/561] loss:4.331 reid:3.491 pc:0.038 cam:0.802 cam_acc:0.664 ID_acc:0.527 lam:0.2455 lr:7.52e-03
2026-05-13 15:57:28,313 PAT.train INFO: Epoch[19] Iter[300/561] loss:4.279 reid:3.442 pc:0.032 cam:0.804 cam_acc:0.661 ID_acc:0.544 lam:0.2461 lr:7.52e-03
2026-05-13 15:57:58,700 PAT.train INFO: Epoch[19] Iter[360/561] loss:4.224 reid:3.391 pc:0.027 cam:0.806 cam_acc:0.660 ID_acc:0.561 lam:0.2468 lr:7.52e-03
2026-05-13 15:58:29,060 PAT.train INFO: Epoch[19] Iter[420/561] loss:4.165 reid:3.338 pc:0.024 cam:0.804 cam_acc:0.660 ID_acc:0.577 lam:0.2474 lr:7.52e-03
2026-05-13 15:58:59,475 PAT.train INFO: Epoch[19] Iter[480/561] loss:4.094 reid:3.268 pc:0.021 cam:0.805 cam_acc:0.661 ID_acc:0.598 lam:0.2481 lr:7.52e-03
2026-05-13 15:59:29,932 PAT.train INFO: Epoch[19] Iter[540/561] loss:4.017 reid:3.194 pc:0.019 cam:0.803 cam_acc:0.662 ID_acc:0.617 lam:0.2487 lr:7.52e-03
2026-05-13 15:59:39,145 PAT.train INFO: Epoch 19 done. lambda_eff=0.2489 cam_acc=0.663 Time/batch:0.508s Speed:63.0img/s
2026-05-13 16:00:10,292 PAT.train INFO: Epoch[20] Iter[60/561] loss:4.280 reid:3.477 pc:0.018 cam:0.786 cam_acc:0.669 ID_acc:0.503 lam:0.2496 lr:7.47e-03
2026-05-13 16:00:40,557 PAT.train INFO: Epoch[20] Iter[120/561] loss:4.337 reid:3.499 pc:0.041 cam:0.797 cam_acc:0.663 ID_acc:0.521 lam:0.2502 lr:7.47e-03
2026-05-13 16:01:10,853 PAT.train INFO: Epoch[20] Iter[180/561] loss:4.271 reid:3.426 pc:0.036 cam:0.809 cam_acc:0.659 ID_acc:0.542 lam:0.2508 lr:7.47e-03
2026-05-13 16:01:41,101 PAT.train INFO: Epoch[20] Iter[240/561] loss:4.229 reid:3.391 pc:0.033 cam:0.806 cam_acc:0.659 ID_acc:0.555 lam:0.2514 lr:7.47e-03
2026-05-13 16:02:11,410 PAT.train INFO: Epoch[20] Iter[300/561] loss:4.154 reid:3.319 pc:0.032 cam:0.804 cam_acc:0.659 ID_acc:0.574 lam:0.2520 lr:7.47e-03
2026-05-13 16:02:41,753 PAT.train INFO: Epoch[20] Iter[360/561] loss:4.092 reid:3.256 pc:0.031 cam:0.806 cam_acc:0.656 ID_acc:0.589 lam:0.2526 lr:7.47e-03
2026-05-13 16:03:12,087 PAT.train INFO: Epoch[20] Iter[420/561] loss:4.041 reid:3.207 pc:0.027 cam:0.808 cam_acc:0.656 ID_acc:0.604 lam:0.2531 lr:7.47e-03
2026-05-13 16:03:42,384 PAT.train INFO: Epoch[20] Iter[480/561] loss:3.977 reid:3.150 pc:0.024 cam:0.803 cam_acc:0.659 ID_acc:0.619 lam:0.2537 lr:7.47e-03
2026-05-13 16:04:12,681 PAT.train INFO: Epoch[20] Iter[540/561] loss:3.902 reid:3.080 pc:0.021 cam:0.800 cam_acc:0.661 ID_acc:0.637 lam:0.2543 lr:7.47e-03
2026-05-13 16:04:22,363 PAT.train INFO: Epoch 20 done. lambda_eff=0.2545 cam_acc=0.663 Time/batch:0.506s Speed:63.2img/s
2026-05-13 16:04:22,363 PAT.test INFO: Enter inferencing
2026-05-13 16:07:38,699 PAT.test INFO: Validation Results
2026-05-13 16:07:38,700 PAT.test INFO: mAP: 54.1%
2026-05-13 16:07:38,700 PAT.test INFO: CMC curve, Rank-1  :71.3%
2026-05-13 16:07:38,700 PAT.test INFO: CMC curve, Rank-5  :88.9%
2026-05-13 16:07:38,700 PAT.test INFO: CMC curve, Rank-10 :93.5%
2026-05-13 16:07:38,700 PAT.test INFO: total inference time: 196.33
2026-05-13 16:07:38,701 PAT.train INFO: =====saving epoch: 20=====
2026-05-13 16:08:10,796 PAT.train INFO: Epoch[21] Iter[60/561] loss:4.132 reid:3.330 pc:0.003 cam:0.799 cam_acc:0.673 ID_acc:0.532 lam:0.2550 lr:7.42e-03
2026-05-13 16:08:41,084 PAT.train INFO: Epoch[21] Iter[120/561] loss:4.198 reid:3.361 pc:0.029 cam:0.808 cam_acc:0.664 ID_acc:0.539 lam:0.2556 lr:7.42e-03
2026-05-13 16:09:11,405 PAT.train INFO: Epoch[21] Iter[180/561] loss:4.186 reid:3.325 pc:0.050 cam:0.811 cam_acc:0.662 ID_acc:0.562 lam:0.2561 lr:7.42e-03
2026-05-13 16:09:41,642 PAT.train INFO: Epoch[21] Iter[240/561] loss:4.175 reid:3.290 pc:0.076 cam:0.809 cam_acc:0.660 ID_acc:0.574 lam:0.2567 lr:7.42e-03
2026-05-13 16:10:11,900 PAT.train INFO: Epoch[21] Iter[300/561] loss:4.126 reid:3.228 pc:0.089 cam:0.809 cam_acc:0.659 ID_acc:0.588 lam:0.2572 lr:7.42e-03
2026-05-13 16:10:42,198 PAT.train INFO: Epoch[21] Iter[360/561] loss:4.067 reid:3.182 pc:0.077 cam:0.807 cam_acc:0.659 ID_acc:0.607 lam:0.2577 lr:7.42e-03
2026-05-13 16:11:12,469 PAT.train INFO: Epoch[21] Iter[420/561] loss:4.021 reid:3.144 pc:0.067 cam:0.810 cam_acc:0.657 ID_acc:0.622 lam:0.2583 lr:7.42e-03
2026-05-13 16:11:42,819 PAT.train INFO: Epoch[21] Iter[480/561] loss:3.946 reid:3.079 pc:0.058 cam:0.809 cam_acc:0.657 ID_acc:0.638 lam:0.2588 lr:7.42e-03
2026-05-13 16:12:13,206 PAT.train INFO: Epoch[21] Iter[540/561] loss:3.864 reid:3.003 pc:0.052 cam:0.809 cam_acc:0.658 ID_acc:0.657 lam:0.2593 lr:7.42e-03
2026-05-13 16:12:22,013 PAT.train INFO: Epoch 21 done. lambda_eff=0.2594 cam_acc=0.659 Time/batch:0.507s Speed:63.1img/s
2026-05-13 16:12:53,962 PAT.train INFO: Epoch[22] Iter[60/561] loss:4.092 reid:3.286 pc:0.002 cam:0.804 cam_acc:0.661 ID_acc:0.560 lam:0.2600 lr:7.37e-03
2026-05-13 16:13:25,666 PAT.train INFO: Epoch[22] Iter[120/561] loss:4.114 reid:3.289 pc:0.020 cam:0.806 cam_acc:0.658 ID_acc:0.565 lam:0.2605 lr:7.37e-03
2026-05-13 16:14:00,845 PAT.train INFO: Epoch[22] Iter[180/561] loss:4.072 reid:3.215 pc:0.051 cam:0.807 cam_acc:0.661 ID_acc:0.586 lam:0.2610 lr:7.37e-03
2026-05-13 16:14:34,856 PAT.train INFO: Epoch[22] Iter[240/561] loss:4.069 reid:3.178 pc:0.088 cam:0.802 cam_acc:0.661 ID_acc:0.596 lam:0.2614 lr:7.37e-03
2026-05-13 16:15:07,480 PAT.train INFO: Epoch[22] Iter[300/561] loss:4.025 reid:3.127 pc:0.093 cam:0.805 cam_acc:0.657 ID_acc:0.613 lam:0.2619 lr:7.37e-03
2026-05-13 16:15:40,669 PAT.train INFO: Epoch[22] Iter[360/561] loss:3.969 reid:3.081 pc:0.084 cam:0.804 cam_acc:0.659 ID_acc:0.624 lam:0.2624 lr:7.37e-03
2026-05-13 16:16:16,515 PAT.train INFO: Epoch[22] Iter[420/561] loss:3.900 reid:3.022 pc:0.073 cam:0.805 cam_acc:0.659 ID_acc:0.638 lam:0.2629 lr:7.37e-03
2026-05-13 16:16:50,409 PAT.train INFO: Epoch[22] Iter[480/561] loss:3.827 reid:2.959 pc:0.064 cam:0.804 cam_acc:0.660 ID_acc:0.651 lam:0.2633 lr:7.37e-03
2026-05-13 16:17:23,618 PAT.train INFO: Epoch[22] Iter[540/561] loss:3.736 reid:2.881 pc:0.057 cam:0.798 cam_acc:0.662 ID_acc:0.672 lam:0.2638 lr:7.37e-03
2026-05-13 16:17:32,334 PAT.train INFO: Epoch 22 done. lambda_eff=0.2639 cam_acc=0.664 Time/batch:0.558s Speed:57.4img/s
2026-05-13 16:18:06,475 PAT.train INFO: Epoch[23] Iter[60/561] loss:3.878 reid:3.100 pc:0.005 cam:0.772 cam_acc:0.678 ID_acc:0.611 lam:0.2644 lr:7.31e-03
2026-05-13 16:18:39,729 PAT.train INFO: Epoch[23] Iter[120/561] loss:3.913 reid:3.119 pc:0.012 cam:0.782 cam_acc:0.668 ID_acc:0.610 lam:0.2648 lr:7.31e-03
2026-05-13 16:19:13,670 PAT.train INFO: Epoch[23] Iter[180/561] loss:3.878 reid:3.086 pc:0.013 cam:0.779 cam_acc:0.670 ID_acc:0.616 lam:0.2653 lr:7.31e-03
2026-05-13 16:19:46,244 PAT.train INFO: Epoch[23] Iter[240/561] loss:3.870 reid:3.064 pc:0.012 cam:0.795 cam_acc:0.662 ID_acc:0.626 lam:0.2657 lr:7.31e-03
2026-05-13 16:20:18,793 PAT.train INFO: Epoch[23] Iter[300/561] loss:3.834 reid:3.031 pc:0.011 cam:0.793 cam_acc:0.663 ID_acc:0.636 lam:0.2661 lr:7.31e-03
2026-05-13 16:20:51,539 PAT.train INFO: Epoch[23] Iter[360/561] loss:3.801 reid:2.997 pc:0.010 cam:0.794 cam_acc:0.662 ID_acc:0.646 lam:0.2666 lr:7.31e-03
2026-05-13 16:21:25,147 PAT.train INFO: Epoch[23] Iter[420/561] loss:3.727 reid:2.923 pc:0.009 cam:0.795 cam_acc:0.661 ID_acc:0.664 lam:0.2670 lr:7.31e-03
2026-05-13 16:22:01,405 PAT.train INFO: Epoch[23] Iter[480/561] loss:3.676 reid:2.875 pc:0.009 cam:0.793 cam_acc:0.664 ID_acc:0.678 lam:0.2674 lr:7.31e-03
2026-05-13 16:22:37,615 PAT.train INFO: Epoch[23] Iter[540/561] loss:3.615 reid:2.816 pc:0.008 cam:0.791 cam_acc:0.665 ID_acc:0.694 lam:0.2678 lr:7.31e-03
2026-05-13 16:22:48,463 PAT.train INFO: Epoch 23 done. lambda_eff=0.2679 cam_acc=0.667 Time/batch:0.565s Speed:56.6img/s
2026-05-13 16:23:23,865 PAT.train INFO: Epoch[24] Iter[60/561] loss:3.892 reid:3.078 pc:0.020 cam:0.795 cam_acc:0.658 ID_acc:0.608 lam:0.2684 lr:7.25e-03
2026-05-13 16:23:57,195 PAT.train INFO: Epoch[24] Iter[120/561] loss:3.975 reid:3.112 pc:0.065 cam:0.798 cam_acc:0.656 ID_acc:0.613 lam:0.2688 lr:7.25e-03
2026-05-13 16:24:30,837 PAT.train INFO: Epoch[24] Iter[180/561] loss:3.949 reid:3.099 pc:0.058 cam:0.793 cam_acc:0.660 ID_acc:0.623 lam:0.2691 lr:7.25e-03
2026-05-13 16:25:04,702 PAT.train INFO: Epoch[24] Iter[240/561] loss:3.888 reid:3.044 pc:0.051 cam:0.794 cam_acc:0.660 ID_acc:0.635 lam:0.2695 lr:7.25e-03
2026-05-13 16:25:38,186 PAT.train INFO: Epoch[24] Iter[300/561] loss:3.829 reid:2.987 pc:0.048 cam:0.795 cam_acc:0.660 ID_acc:0.652 lam:0.2699 lr:7.25e-03
2026-05-13 16:26:10,681 PAT.train INFO: Epoch[24] Iter[360/561] loss:3.782 reid:2.947 pc:0.043 cam:0.792 cam_acc:0.662 ID_acc:0.665 lam:0.2703 lr:7.25e-03
2026-05-13 16:26:43,245 PAT.train INFO: Epoch[24] Iter[420/561] loss:3.736 reid:2.908 pc:0.039 cam:0.790 cam_acc:0.662 ID_acc:0.678 lam:0.2707 lr:7.25e-03
2026-05-13 16:27:17,596 PAT.train INFO: Epoch[24] Iter[480/561] loss:3.674 reid:2.851 pc:0.035 cam:0.788 cam_acc:0.664 ID_acc:0.694 lam:0.2710 lr:7.25e-03
2026-05-13 16:27:50,157 PAT.train INFO: Epoch[24] Iter[540/561] loss:3.596 reid:2.778 pc:0.032 cam:0.786 cam_acc:0.666 ID_acc:0.710 lam:0.2714 lr:7.25e-03
2026-05-13 16:27:59,985 PAT.train INFO: Epoch 24 done. lambda_eff=0.2715 cam_acc=0.667 Time/batch:0.558s Speed:57.3img/s
2026-05-13 16:28:33,708 PAT.train INFO: Epoch[25] Iter[60/561] loss:3.871 reid:3.062 pc:0.026 cam:0.782 cam_acc:0.677 ID_acc:0.609 lam:0.2719 lr:7.19e-03
2026-05-13 16:29:06,142 PAT.train INFO: Epoch[25] Iter[120/561] loss:3.895 reid:3.029 pc:0.079 cam:0.786 cam_acc:0.670 ID_acc:0.618 lam:0.2723 lr:7.19e-03
2026-05-13 16:29:38,773 PAT.train INFO: Epoch[25] Iter[180/561] loss:3.926 reid:3.025 pc:0.106 cam:0.796 cam_acc:0.667 ID_acc:0.632 lam:0.2726 lr:7.19e-03
2026-05-13 16:30:11,820 PAT.train INFO: Epoch[25] Iter[240/561] loss:3.860 reid:2.975 pc:0.085 cam:0.799 cam_acc:0.664 ID_acc:0.649 lam:0.2730 lr:7.19e-03
2026-05-13 16:30:44,184 PAT.train INFO: Epoch[25] Iter[300/561] loss:3.822 reid:2.946 pc:0.073 cam:0.803 cam_acc:0.661 ID_acc:0.656 lam:0.2733 lr:7.19e-03
2026-05-13 16:31:16,763 PAT.train INFO: Epoch[25] Iter[360/561] loss:3.757 reid:2.896 pc:0.063 cam:0.798 cam_acc:0.663 ID_acc:0.672 lam:0.2736 lr:7.19e-03
2026-05-13 16:31:49,234 PAT.train INFO: Epoch[25] Iter[420/561] loss:3.682 reid:2.832 pc:0.054 cam:0.795 cam_acc:0.665 ID_acc:0.689 lam:0.2740 lr:7.19e-03
2026-05-13 16:32:21,835 PAT.train INFO: Epoch[25] Iter[480/561] loss:3.618 reid:2.775 pc:0.048 cam:0.795 cam_acc:0.665 ID_acc:0.703 lam:0.2743 lr:7.19e-03
2026-05-13 16:32:54,365 PAT.train INFO: Epoch[25] Iter[540/561] loss:3.550 reid:2.712 pc:0.043 cam:0.794 cam_acc:0.665 ID_acc:0.718 lam:0.2746 lr:7.19e-03
2026-05-13 16:33:04,883 PAT.train INFO: Epoch 25 done. lambda_eff=0.2747 cam_acc=0.666 Time/batch:0.545s Speed:58.7img/s
2026-05-13 16:33:04,883 PAT.test INFO: Enter inferencing
2026-05-13 16:36:21,996 PAT.test INFO: Validation Results
2026-05-13 16:36:21,996 PAT.test INFO: mAP: 58.1%
2026-05-13 16:36:21,996 PAT.test INFO: CMC curve, Rank-1  :74.3%
2026-05-13 16:36:21,996 PAT.test INFO: CMC curve, Rank-5  :90.9%
2026-05-13 16:36:21,996 PAT.test INFO: CMC curve, Rank-10 :94.9%
2026-05-13 16:36:21,996 PAT.test INFO: total inference time: 197.11
2026-05-13 16:36:21,998 PAT.train INFO: =====saving epoch: 25=====
2026-05-13 16:36:54,417 PAT.train INFO: Epoch[26] Iter[60/561] loss:3.797 reid:2.966 pc:0.004 cam:0.827 cam_acc:0.635 ID_acc:0.614 lam:0.2751 lr:7.13e-03
2026-05-13 16:37:24,685 PAT.train INFO: Epoch[26] Iter[120/561] loss:3.801 reid:2.978 pc:0.025 cam:0.797 cam_acc:0.656 ID_acc:0.633 lam:0.2754 lr:7.13e-03
2026-05-13 16:37:54,981 PAT.train INFO: Epoch[26] Iter[180/561] loss:3.763 reid:2.927 pc:0.036 cam:0.800 cam_acc:0.657 ID_acc:0.652 lam:0.2757 lr:7.13e-03
2026-05-13 16:38:25,295 PAT.train INFO: Epoch[26] Iter[240/561] loss:3.748 reid:2.903 pc:0.046 cam:0.799 cam_acc:0.659 ID_acc:0.665 lam:0.2760 lr:7.13e-03
2026-05-13 16:38:55,562 PAT.train INFO: Epoch[26] Iter[300/561] loss:3.716 reid:2.866 pc:0.051 cam:0.799 cam_acc:0.658 ID_acc:0.677 lam:0.2763 lr:7.13e-03
2026-05-13 16:39:25,868 PAT.train INFO: Epoch[26] Iter[360/561] loss:3.686 reid:2.826 pc:0.059 cam:0.801 cam_acc:0.656 ID_acc:0.692 lam:0.2766 lr:7.13e-03
2026-05-13 16:39:56,122 PAT.train INFO: Epoch[26] Iter[420/561] loss:3.629 reid:2.771 pc:0.058 cam:0.800 cam_acc:0.658 ID_acc:0.704 lam:0.2769 lr:7.13e-03
2026-05-13 16:40:26,449 PAT.train INFO: Epoch[26] Iter[480/561] loss:3.566 reid:2.715 pc:0.052 cam:0.799 cam_acc:0.659 ID_acc:0.719 lam:0.2772 lr:7.13e-03
2026-05-13 16:40:56,746 PAT.train INFO: Epoch[26] Iter[540/561] loss:3.497 reid:2.654 pc:0.046 cam:0.796 cam_acc:0.662 ID_acc:0.734 lam:0.2775 lr:7.13e-03
2026-05-13 16:41:05,978 PAT.train INFO: Epoch 26 done. lambda_eff=0.2776 cam_acc=0.664 Time/batch:0.507s Speed:63.2img/s
2026-05-13 16:41:37,062 PAT.train INFO: Epoch[27] Iter[60/561] loss:3.719 reid:2.914 pc:0.009 cam:0.795 cam_acc:0.662 ID_acc:0.654 lam:0.2779 lr:7.06e-03
2026-05-13 16:42:07,318 PAT.train INFO: Epoch[27] Iter[120/561] loss:3.730 reid:2.916 pc:0.026 cam:0.789 cam_acc:0.665 ID_acc:0.651 lam:0.2782 lr:7.06e-03
2026-05-13 16:42:37,635 PAT.train INFO: Epoch[27] Iter[180/561] loss:3.687 reid:2.870 pc:0.035 cam:0.782 cam_acc:0.673 ID_acc:0.665 lam:0.2784 lr:7.06e-03
2026-05-13 16:43:07,911 PAT.train INFO: Epoch[27] Iter[240/561] loss:3.688 reid:2.863 pc:0.040 cam:0.785 cam_acc:0.670 ID_acc:0.671 lam:0.2787 lr:7.06e-03
2026-05-13 16:43:38,132 PAT.train INFO: Epoch[27] Iter[300/561] loss:3.645 reid:2.813 pc:0.041 cam:0.791 cam_acc:0.665 ID_acc:0.687 lam:0.2790 lr:7.06e-03
2026-05-13 16:44:08,453 PAT.train INFO: Epoch[27] Iter[360/561] loss:3.599 reid:2.764 pc:0.042 cam:0.794 cam_acc:0.664 ID_acc:0.700 lam:0.2793 lr:7.06e-03
2026-05-13 16:44:38,727 PAT.train INFO: Epoch[27] Iter[420/561] loss:3.547 reid:2.715 pc:0.041 cam:0.791 cam_acc:0.664 ID_acc:0.712 lam:0.2795 lr:7.06e-03
2026-05-13 16:45:09,083 PAT.train INFO: Epoch[27] Iter[480/561] loss:3.489 reid:2.659 pc:0.036 cam:0.793 cam_acc:0.664 ID_acc:0.727 lam:0.2798 lr:7.06e-03
2026-05-13 16:45:39,469 PAT.train INFO: Epoch[27] Iter[540/561] loss:3.429 reid:2.604 pc:0.032 cam:0.793 cam_acc:0.665 ID_acc:0.743 lam:0.2801 lr:7.06e-03
2026-05-13 16:45:48,644 PAT.train INFO: Epoch 27 done. lambda_eff=0.2801 cam_acc=0.668 Time/batch:0.506s Speed:63.2img/s
2026-05-13 16:46:19,749 PAT.train INFO: Epoch[28] Iter[60/561] loss:3.512 reid:2.755 pc:0.003 cam:0.754 cam_acc:0.683 ID_acc:0.681 lam:0.2804 lr:6.99e-03
2026-05-13 16:46:50,111 PAT.train INFO: Epoch[28] Iter[120/561] loss:3.622 reid:2.820 pc:0.026 cam:0.776 cam_acc:0.681 ID_acc:0.679 lam:0.2807 lr:6.99e-03
2026-05-13 16:47:20,443 PAT.train INFO: Epoch[28] Iter[180/561] loss:3.628 reid:2.805 pc:0.043 cam:0.780 cam_acc:0.675 ID_acc:0.687 lam:0.2809 lr:6.99e-03
2026-05-13 16:47:50,725 PAT.train INFO: Epoch[28] Iter[240/561] loss:3.587 reid:2.761 pc:0.048 cam:0.778 cam_acc:0.673 ID_acc:0.702 lam:0.2811 lr:6.99e-03
2026-05-13 16:48:21,069 PAT.train INFO: Epoch[28] Iter[300/561] loss:3.557 reid:2.729 pc:0.046 cam:0.782 cam_acc:0.671 ID_acc:0.711 lam:0.2814 lr:6.99e-03
2026-05-13 16:48:51,425 PAT.train INFO: Epoch[28] Iter[360/561] loss:3.519 reid:2.694 pc:0.041 cam:0.785 cam_acc:0.670 ID_acc:0.720 lam:0.2816 lr:6.99e-03
2026-05-13 16:49:21,739 PAT.train INFO: Epoch[28] Iter[420/561] loss:3.477 reid:2.656 pc:0.035 cam:0.785 cam_acc:0.669 ID_acc:0.730 lam:0.2819 lr:6.99e-03
2026-05-13 16:49:52,128 PAT.train INFO: Epoch[28] Iter[480/561] loss:3.428 reid:2.611 pc:0.031 cam:0.786 cam_acc:0.669 ID_acc:0.741 lam:0.2821 lr:6.99e-03
2026-05-13 16:50:22,530 PAT.train INFO: Epoch[28] Iter[540/561] loss:3.369 reid:2.554 pc:0.028 cam:0.787 cam_acc:0.669 ID_acc:0.755 lam:0.2823 lr:6.99e-03
2026-05-13 16:50:31,206 PAT.train INFO: Epoch 28 done. lambda_eff=0.2824 cam_acc=0.671 Time/batch:0.507s Speed:63.1img/s
2026-05-13 16:51:02,403 PAT.train INFO: Epoch[29] Iter[60/561] loss:3.617 reid:2.851 pc:0.004 cam:0.762 cam_acc:0.689 ID_acc:0.674 lam:0.2826 lr:6.92e-03
2026-05-13 16:51:32,648 PAT.train INFO: Epoch[29] Iter[120/561] loss:3.587 reid:2.786 pc:0.025 cam:0.776 cam_acc:0.679 ID_acc:0.682 lam:0.2829 lr:6.92e-03
2026-05-13 16:52:03,015 PAT.train INFO: Epoch[29] Iter[180/561] loss:3.541 reid:2.727 pc:0.035 cam:0.779 cam_acc:0.676 ID_acc:0.699 lam:0.2831 lr:6.92e-03
2026-05-13 16:52:33,369 PAT.train INFO: Epoch[29] Iter[240/561] loss:3.528 reid:2.717 pc:0.033 cam:0.778 cam_acc:0.673 ID_acc:0.707 lam:0.2833 lr:6.92e-03
2026-05-13 16:53:03,721 PAT.train INFO: Epoch[29] Iter[300/561] loss:3.464 reid:2.656 pc:0.028 cam:0.780 cam_acc:0.672 ID_acc:0.725 lam:0.2835 lr:6.92e-03
2026-05-13 16:53:34,085 PAT.train INFO: Epoch[29] Iter[360/561] loss:3.435 reid:2.630 pc:0.024 cam:0.781 cam_acc:0.670 ID_acc:0.735 lam:0.2837 lr:6.92e-03
2026-05-13 16:54:04,463 PAT.train INFO: Epoch[29] Iter[420/561] loss:3.408 reid:2.599 pc:0.021 cam:0.787 cam_acc:0.669 ID_acc:0.744 lam:0.2839 lr:6.92e-03
2026-05-13 16:54:34,805 PAT.train INFO: Epoch[29] Iter[480/561] loss:3.368 reid:2.563 pc:0.019 cam:0.786 cam_acc:0.669 ID_acc:0.753 lam:0.2841 lr:6.92e-03
2026-05-13 16:55:05,169 PAT.train INFO: Epoch[29] Iter[540/561] loss:3.306 reid:2.506 pc:0.018 cam:0.782 cam_acc:0.672 ID_acc:0.765 lam:0.2844 lr:6.92e-03
2026-05-13 16:55:15,365 PAT.train INFO: Epoch 29 done. lambda_eff=0.2844 cam_acc=0.674 Time/batch:0.507s Speed:63.1img/s
2026-05-13 16:55:46,547 PAT.train INFO: Epoch[30] Iter[60/561] loss:3.594 reid:2.789 pc:0.012 cam:0.792 cam_acc:0.679 ID_acc:0.682 lam:0.2846 lr:6.85e-03
2026-05-13 16:56:16,869 PAT.train INFO: Epoch[30] Iter[120/561] loss:3.565 reid:2.742 pc:0.033 cam:0.789 cam_acc:0.674 ID_acc:0.698 lam:0.2848 lr:6.85e-03
2026-05-13 16:56:47,180 PAT.train INFO: Epoch[30] Iter[180/561] loss:3.538 reid:2.694 pc:0.049 cam:0.794 cam_acc:0.672 ID_acc:0.714 lam:0.2850 lr:6.85e-03
2026-05-13 16:57:17,536 PAT.train INFO: Epoch[30] Iter[240/561] loss:3.505 reid:2.651 pc:0.060 cam:0.795 cam_acc:0.672 ID_acc:0.724 lam:0.2852 lr:6.85e-03
2026-05-13 16:57:47,916 PAT.train INFO: Epoch[30] Iter[300/561] loss:3.451 reid:2.604 pc:0.053 cam:0.795 cam_acc:0.670 ID_acc:0.735 lam:0.2854 lr:6.85e-03
2026-05-13 16:58:18,204 PAT.train INFO: Epoch[30] Iter[360/561] loss:3.415 reid:2.573 pc:0.047 cam:0.795 cam_acc:0.669 ID_acc:0.745 lam:0.2856 lr:6.85e-03
2026-05-13 16:58:48,572 PAT.train INFO: Epoch[30] Iter[420/561] loss:3.385 reid:2.550 pc:0.041 cam:0.793 cam_acc:0.670 ID_acc:0.753 lam:0.2858 lr:6.85e-03
2026-05-13 16:59:18,911 PAT.train INFO: Epoch[30] Iter[480/561] loss:3.341 reid:2.516 pc:0.036 cam:0.789 cam_acc:0.672 ID_acc:0.763 lam:0.2860 lr:6.85e-03
2026-05-13 16:59:49,335 PAT.train INFO: Epoch[30] Iter[540/561] loss:3.284 reid:2.467 pc:0.033 cam:0.784 cam_acc:0.674 ID_acc:0.775 lam:0.2861 lr:6.85e-03
2026-05-13 16:59:59,062 PAT.train INFO: Epoch 30 done. lambda_eff=0.2862 cam_acc=0.677 Time/batch:0.507s Speed:63.1img/s
2026-05-13 16:59:59,062 PAT.test INFO: Enter inferencing
2026-05-13 17:03:15,832 PAT.test INFO: Validation Results
2026-05-13 17:03:15,832 PAT.test INFO: mAP: 61.6%
2026-05-13 17:03:15,832 PAT.test INFO: CMC curve, Rank-1  :77.2%
2026-05-13 17:03:15,832 PAT.test INFO: CMC curve, Rank-5  :92.3%
2026-05-13 17:03:15,832 PAT.test INFO: CMC curve, Rank-10 :96.3%
2026-05-13 17:03:15,832 PAT.test INFO: total inference time: 196.77
2026-05-13 17:03:15,834 PAT.train INFO: =====saving epoch: 30=====
2026-05-13 17:03:48,032 PAT.train INFO: Epoch[31] Iter[60/561] loss:3.472 reid:2.640 pc:0.026 cam:0.806 cam_acc:0.660 ID_acc:0.733 lam:0.2864 lr:6.78e-03
2026-05-13 17:04:18,385 PAT.train INFO: Epoch[31] Iter[120/561] loss:3.491 reid:2.637 pc:0.056 cam:0.798 cam_acc:0.663 ID_acc:0.725 lam:0.2866 lr:6.78e-03
2026-05-13 17:04:48,722 PAT.train INFO: Epoch[31] Iter[180/561] loss:3.501 reid:2.657 pc:0.053 cam:0.792 cam_acc:0.664 ID_acc:0.722 lam:0.2867 lr:6.78e-03
2026-05-13 17:05:19,005 PAT.train INFO: Epoch[31] Iter[240/561] loss:3.451 reid:2.610 pc:0.049 cam:0.792 cam_acc:0.663 ID_acc:0.736 lam:0.2869 lr:6.78e-03
2026-05-13 17:05:49,315 PAT.train INFO: Epoch[31] Iter[300/561] loss:3.428 reid:2.594 pc:0.043 cam:0.791 cam_acc:0.665 ID_acc:0.745 lam:0.2871 lr:6.78e-03
2026-05-13 17:06:19,675 PAT.train INFO: Epoch[31] Iter[360/561] loss:3.381 reid:2.555 pc:0.039 cam:0.787 cam_acc:0.667 ID_acc:0.753 lam:0.2873 lr:6.78e-03
2026-05-13 17:06:50,007 PAT.train INFO: Epoch[31] Iter[420/561] loss:3.342 reid:2.522 pc:0.035 cam:0.785 cam_acc:0.668 ID_acc:0.762 lam:0.2874 lr:6.78e-03
2026-05-13 17:07:20,361 PAT.train INFO: Epoch[31] Iter[480/561] loss:3.288 reid:2.474 pc:0.032 cam:0.782 cam_acc:0.670 ID_acc:0.773 lam:0.2876 lr:6.78e-03
2026-05-13 17:07:50,676 PAT.train INFO: Epoch[31] Iter[540/561] loss:3.233 reid:2.426 pc:0.029 cam:0.779 cam_acc:0.671 ID_acc:0.784 lam:0.2877 lr:6.78e-03
2026-05-13 17:07:59,837 PAT.train INFO: Epoch 31 done. lambda_eff=0.2878 cam_acc=0.673 Time/batch:0.507s Speed:63.1img/s
2026-05-13 17:08:31,037 PAT.train INFO: Epoch[32] Iter[60/561] loss:3.404 reid:2.630 pc:0.008 cam:0.767 cam_acc:0.688 ID_acc:0.730 lam:0.2880 lr:6.70e-03
2026-05-13 17:09:01,264 PAT.train INFO: Epoch[32] Iter[120/561] loss:3.419 reid:2.619 pc:0.032 cam:0.767 cam_acc:0.681 ID_acc:0.739 lam:0.2881 lr:6.70e-03
2026-05-13 17:09:31,571 PAT.train INFO: Epoch[32] Iter[180/561] loss:3.436 reid:2.584 pc:0.077 cam:0.775 cam_acc:0.675 ID_acc:0.750 lam:0.2883 lr:6.70e-03
2026-05-13 17:10:01,892 PAT.train INFO: Epoch[32] Iter[240/561] loss:3.444 reid:2.552 pc:0.113 cam:0.780 cam_acc:0.673 ID_acc:0.762 lam:0.2884 lr:6.70e-03
2026-05-13 17:10:32,152 PAT.train INFO: Epoch[32] Iter[300/561] loss:3.432 reid:2.523 pc:0.124 cam:0.786 cam_acc:0.668 ID_acc:0.764 lam:0.2886 lr:6.70e-03
2026-05-13 17:11:02,461 PAT.train INFO: Epoch[32] Iter[360/561] loss:3.388 reid:2.494 pc:0.104 cam:0.790 cam_acc:0.666 ID_acc:0.772 lam:0.2887 lr:6.70e-03
2026-05-13 17:11:32,729 PAT.train INFO: Epoch[32] Iter[420/561] loss:3.354 reid:2.475 pc:0.090 cam:0.789 cam_acc:0.666 ID_acc:0.779 lam:0.2889 lr:6.70e-03
2026-05-13 17:12:03,114 PAT.train INFO: Epoch[32] Iter[480/561] loss:3.300 reid:2.436 pc:0.079 cam:0.785 cam_acc:0.669 ID_acc:0.788 lam:0.2890 lr:6.70e-03
2026-05-13 17:12:33,493 PAT.train INFO: Epoch[32] Iter[540/561] loss:3.242 reid:2.391 pc:0.071 cam:0.781 cam_acc:0.672 ID_acc:0.797 lam:0.2892 lr:6.70e-03
2026-05-13 17:12:43,216 PAT.train INFO: Epoch 32 done. lambda_eff=0.2892 cam_acc=0.672 Time/batch:0.507s Speed:63.1img/s
2026-05-13 17:13:14,493 PAT.train INFO: Epoch[33] Iter[60/561] loss:3.267 reid:2.488 pc:0.002 cam:0.776 cam_acc:0.670 ID_acc:0.760 lam:0.2893 lr:6.63e-03
2026-05-13 17:13:44,865 PAT.train INFO: Epoch[33] Iter[120/561] loss:3.355 reid:2.546 pc:0.028 cam:0.781 cam_acc:0.667 ID_acc:0.753 lam:0.2895 lr:6.63e-03
2026-05-13 17:14:15,279 PAT.train INFO: Epoch[33] Iter[180/561] loss:3.410 reid:2.553 pc:0.067 cam:0.789 cam_acc:0.670 ID_acc:0.751 lam:0.2896 lr:6.63e-03
2026-05-13 17:14:45,689 PAT.train INFO: Epoch[33] Iter[240/561] loss:3.391 reid:2.513 pc:0.094 cam:0.784 cam_acc:0.673 ID_acc:0.764 lam:0.2898 lr:6.63e-03
2026-05-13 17:15:16,094 PAT.train INFO: Epoch[33] Iter[300/561] loss:3.365 reid:2.493 pc:0.087 cam:0.786 cam_acc:0.671 ID_acc:0.767 lam:0.2899 lr:6.63e-03
2026-05-13 17:15:46,529 PAT.train INFO: Epoch[33] Iter[360/561] loss:3.325 reid:2.461 pc:0.076 cam:0.788 cam_acc:0.670 ID_acc:0.777 lam:0.2900 lr:6.63e-03
2026-05-13 17:16:16,952 PAT.train INFO: Epoch[33] Iter[420/561] loss:3.286 reid:2.433 pc:0.066 cam:0.788 cam_acc:0.669 ID_acc:0.782 lam:0.2902 lr:6.63e-03
2026-05-13 17:16:47,298 PAT.train INFO: Epoch[33] Iter[480/561] loss:3.243 reid:2.399 pc:0.058 cam:0.786 cam_acc:0.668 ID_acc:0.790 lam:0.2903 lr:6.63e-03
2026-05-13 17:17:17,737 PAT.train INFO: Epoch[33] Iter[540/561] loss:3.186 reid:2.349 pc:0.052 cam:0.786 cam_acc:0.669 ID_acc:0.800 lam:0.2904 lr:6.63e-03
2026-05-13 17:17:26,990 PAT.train INFO: Epoch 33 done. lambda_eff=0.2904 cam_acc=0.671 Time/batch:0.508s Speed:62.9img/s
2026-05-13 17:17:58,436 PAT.train INFO: Epoch[34] Iter[60/561] loss:3.291 reid:2.512 pc:0.005 cam:0.774 cam_acc:0.661 ID_acc:0.753 lam:0.2906 lr:6.55e-03
2026-05-13 17:18:28,857 PAT.train INFO: Epoch[34] Iter[120/561] loss:3.311 reid:2.499 pc:0.032 cam:0.781 cam_acc:0.667 ID_acc:0.760 lam:0.2907 lr:6.55e-03
2026-05-13 17:18:59,286 PAT.train INFO: Epoch[34] Iter[180/561] loss:3.323 reid:2.500 pc:0.038 cam:0.785 cam_acc:0.666 ID_acc:0.759 lam:0.2908 lr:6.55e-03
2026-05-13 17:19:29,713 PAT.train INFO: Epoch[34] Iter[240/561] loss:3.320 reid:2.486 pc:0.039 cam:0.795 cam_acc:0.662 ID_acc:0.761 lam:0.2909 lr:6.55e-03
2026-05-13 17:20:00,178 PAT.train INFO: Epoch[34] Iter[300/561] loss:3.288 reid:2.453 pc:0.038 cam:0.797 cam_acc:0.660 ID_acc:0.769 lam:0.2911 lr:6.55e-03
2026-05-13 17:20:30,656 PAT.train INFO: Epoch[34] Iter[360/561] loss:3.242 reid:2.413 pc:0.034 cam:0.795 cam_acc:0.660 ID_acc:0.779 lam:0.2912 lr:6.55e-03
2026-05-13 17:21:01,134 PAT.train INFO: Epoch[34] Iter[420/561] loss:3.206 reid:2.380 pc:0.030 cam:0.796 cam_acc:0.659 ID_acc:0.787 lam:0.2913 lr:6.55e-03
2026-05-13 17:21:31,615 PAT.train INFO: Epoch[34] Iter[480/561] loss:3.160 reid:2.342 pc:0.028 cam:0.791 cam_acc:0.661 ID_acc:0.796 lam:0.2914 lr:6.55e-03
2026-05-13 17:22:02,090 PAT.train INFO: Epoch[34] Iter[540/561] loss:3.117 reid:2.302 pc:0.025 cam:0.789 cam_acc:0.662 ID_acc:0.805 lam:0.2915 lr:6.55e-03
2026-05-13 17:22:10,793 PAT.train INFO: Epoch 34 done. lambda_eff=0.2916 cam_acc=0.663 Time/batch:0.509s Speed:62.8img/s
2026-05-13 17:22:42,061 PAT.train INFO: Epoch[35] Iter[60/561] loss:3.248 reid:2.467 pc:0.006 cam:0.776 cam_acc:0.677 ID_acc:0.761 lam:0.2917 lr:6.47e-03
2026-05-13 17:23:12,382 PAT.train INFO: Epoch[35] Iter[120/561] loss:3.292 reid:2.468 pc:0.050 cam:0.774 cam_acc:0.680 ID_acc:0.764 lam:0.2918 lr:6.47e-03
2026-05-13 17:23:42,695 PAT.train INFO: Epoch[35] Iter[180/561] loss:3.321 reid:2.464 pc:0.086 cam:0.771 cam_acc:0.679 ID_acc:0.767 lam:0.2919 lr:6.47e-03
2026-05-13 17:24:12,987 PAT.train INFO: Epoch[35] Iter[240/561] loss:3.318 reid:2.445 pc:0.103 cam:0.770 cam_acc:0.681 ID_acc:0.775 lam:0.2920 lr:6.47e-03
2026-05-13 17:24:43,242 PAT.train INFO: Epoch[35] Iter[300/561] loss:3.293 reid:2.417 pc:0.102 cam:0.774 cam_acc:0.675 ID_acc:0.783 lam:0.2921 lr:6.47e-03
2026-05-13 17:25:13,576 PAT.train INFO: Epoch[35] Iter[360/561] loss:3.248 reid:2.382 pc:0.094 cam:0.773 cam_acc:0.676 ID_acc:0.791 lam:0.2922 lr:6.47e-03
2026-05-13 17:25:43,925 PAT.train INFO: Epoch[35] Iter[420/561] loss:3.225 reid:2.368 pc:0.086 cam:0.771 cam_acc:0.677 ID_acc:0.795 lam:0.2923 lr:6.47e-03
2026-05-13 17:26:14,242 PAT.train INFO: Epoch[35] Iter[480/561] loss:3.186 reid:2.337 pc:0.077 cam:0.772 cam_acc:0.676 ID_acc:0.803 lam:0.2924 lr:6.47e-03
2026-05-13 17:26:44,631 PAT.train INFO: Epoch[35] Iter[540/561] loss:3.134 reid:2.291 pc:0.068 cam:0.775 cam_acc:0.675 ID_acc:0.813 lam:0.2925 lr:6.47e-03
2026-05-13 17:26:52,794 PAT.train INFO: Epoch 35 done. lambda_eff=0.2925 cam_acc=0.675 Time/batch:0.507s Speed:63.1img/s
2026-05-13 17:26:52,794 PAT.test INFO: Enter inferencing
2026-05-13 17:30:10,107 PAT.test INFO: Validation Results
2026-05-13 17:30:10,107 PAT.test INFO: mAP: 64.4%
2026-05-13 17:30:10,107 PAT.test INFO: CMC curve, Rank-1  :78.9%
2026-05-13 17:30:10,107 PAT.test INFO: CMC curve, Rank-5  :93.2%
2026-05-13 17:30:10,107 PAT.test INFO: CMC curve, Rank-10 :96.5%
2026-05-13 17:30:10,107 PAT.test INFO: total inference time: 197.31
2026-05-13 17:30:10,109 PAT.train INFO: =====saving epoch: 35=====
2026-05-13 17:30:42,355 PAT.train INFO: Epoch[36] Iter[60/561] loss:3.151 reid:2.394 pc:0.007 cam:0.750 cam_acc:0.682 ID_acc:0.766 lam:0.2926 lr:6.38e-03
2026-05-13 17:31:12,559 PAT.train INFO: Epoch[36] Iter[120/561] loss:3.259 reid:2.459 pc:0.032 cam:0.768 cam_acc:0.673 ID_acc:0.759 lam:0.2927 lr:6.38e-03
2026-05-13 17:31:42,746 PAT.train INFO: Epoch[36] Iter[180/561] loss:3.244 reid:2.433 pc:0.045 cam:0.766 cam_acc:0.672 ID_acc:0.770 lam:0.2928 lr:6.38e-03
2026-05-13 17:32:13,143 PAT.train INFO: Epoch[36] Iter[240/561] loss:3.208 reid:2.386 pc:0.054 cam:0.768 cam_acc:0.673 ID_acc:0.786 lam:0.2929 lr:6.38e-03
2026-05-13 17:32:43,533 PAT.train INFO: Epoch[36] Iter[300/561] loss:3.210 reid:2.388 pc:0.046 cam:0.777 cam_acc:0.668 ID_acc:0.789 lam:0.2930 lr:6.38e-03
2026-05-13 17:33:13,958 PAT.train INFO: Epoch[36] Iter[360/561] loss:3.186 reid:2.366 pc:0.039 cam:0.781 cam_acc:0.667 ID_acc:0.793 lam:0.2931 lr:6.38e-03
2026-05-13 17:33:44,421 PAT.train INFO: Epoch[36] Iter[420/561] loss:3.155 reid:2.338 pc:0.034 cam:0.783 cam_acc:0.667 ID_acc:0.803 lam:0.2932 lr:6.38e-03
2026-05-13 17:34:14,898 PAT.train INFO: Epoch[36] Iter[480/561] loss:3.116 reid:2.304 pc:0.031 cam:0.781 cam_acc:0.669 ID_acc:0.813 lam:0.2933 lr:6.38e-03
2026-05-13 17:34:45,508 PAT.train INFO: Epoch[36] Iter[540/561] loss:3.076 reid:2.267 pc:0.028 cam:0.781 cam_acc:0.669 ID_acc:0.821 lam:0.2934 lr:6.38e-03
2026-05-13 17:34:55,283 PAT.train INFO: Epoch 36 done. lambda_eff=0.2934 cam_acc=0.669 Time/batch:0.508s Speed:63.0img/s
2026-05-13 17:35:26,953 PAT.train INFO: Epoch[37] Iter[60/561] loss:3.308 reid:2.521 pc:0.003 cam:0.784 cam_acc:0.672 ID_acc:0.762 lam:0.2935 lr:6.30e-03
2026-05-13 17:35:57,219 PAT.train INFO: Epoch[37] Iter[120/561] loss:3.290 reid:2.471 pc:0.036 cam:0.783 cam_acc:0.669 ID_acc:0.759 lam:0.2936 lr:6.30e-03
2026-05-13 17:36:27,696 PAT.train INFO: Epoch[37] Iter[180/561] loss:3.281 reid:2.442 pc:0.060 cam:0.779 cam_acc:0.671 ID_acc:0.770 lam:0.2937 lr:6.30e-03
2026-05-13 17:36:58,069 PAT.train INFO: Epoch[37] Iter[240/561] loss:3.271 reid:2.421 pc:0.071 cam:0.779 cam_acc:0.670 ID_acc:0.777 lam:0.2937 lr:6.30e-03
2026-05-13 17:37:28,498 PAT.train INFO: Epoch[37] Iter[300/561] loss:3.243 reid:2.395 pc:0.074 cam:0.774 cam_acc:0.671 ID_acc:0.785 lam:0.2938 lr:6.30e-03
2026-05-13 17:37:58,919 PAT.train INFO: Epoch[37] Iter[360/561] loss:3.198 reid:2.352 pc:0.070 cam:0.776 cam_acc:0.671 ID_acc:0.795 lam:0.2939 lr:6.30e-03
2026-05-13 17:38:29,369 PAT.train INFO: Epoch[37] Iter[420/561] loss:3.154 reid:2.317 pc:0.061 cam:0.775 cam_acc:0.671 ID_acc:0.803 lam:0.2940 lr:6.30e-03
2026-05-13 17:38:59,861 PAT.train INFO: Epoch[37] Iter[480/561] loss:3.114 reid:2.284 pc:0.054 cam:0.775 cam_acc:0.672 ID_acc:0.811 lam:0.2941 lr:6.30e-03
2026-05-13 17:39:30,444 PAT.train INFO: Epoch[37] Iter[540/561] loss:3.063 reid:2.239 pc:0.048 cam:0.776 cam_acc:0.671 ID_acc:0.822 lam:0.2941 lr:6.30e-03
2026-05-13 17:39:38,617 PAT.train INFO: Epoch 37 done. lambda_eff=0.2942 cam_acc=0.673 Time/batch:0.509s Speed:62.8img/s
2026-05-13 17:40:09,814 PAT.train INFO: Epoch[38] Iter[60/561] loss:3.119 reid:2.339 pc:0.010 cam:0.771 cam_acc:0.678 ID_acc:0.786 lam:0.2943 lr:6.21e-03
2026-05-13 17:40:40,280 PAT.train INFO: Epoch[38] Iter[120/561] loss:3.220 reid:2.418 pc:0.028 cam:0.774 cam_acc:0.675 ID_acc:0.768 lam:0.2943 lr:6.21e-03
2026-05-13 17:41:10,619 PAT.train INFO: Epoch[38] Iter[180/561] loss:3.212 reid:2.404 pc:0.040 cam:0.767 cam_acc:0.677 ID_acc:0.776 lam:0.2944 lr:6.21e-03
2026-05-13 17:41:40,965 PAT.train INFO: Epoch[38] Iter[240/561] loss:3.204 reid:2.386 pc:0.043 cam:0.775 cam_acc:0.672 ID_acc:0.785 lam:0.2945 lr:6.21e-03
2026-05-13 17:42:11,237 PAT.train INFO: Epoch[38] Iter[300/561] loss:3.174 reid:2.356 pc:0.040 cam:0.779 cam_acc:0.669 ID_acc:0.793 lam:0.2945 lr:6.21e-03
2026-05-13 17:42:41,554 PAT.train INFO: Epoch[38] Iter[360/561] loss:3.140 reid:2.327 pc:0.034 cam:0.779 cam_acc:0.670 ID_acc:0.804 lam:0.2946 lr:6.21e-03
2026-05-13 17:43:12,018 PAT.train INFO: Epoch[38] Iter[420/561] loss:3.106 reid:2.295 pc:0.030 cam:0.781 cam_acc:0.667 ID_acc:0.811 lam:0.2947 lr:6.21e-03
2026-05-13 17:43:42,295 PAT.train INFO: Epoch[38] Iter[480/561] loss:3.069 reid:2.254 pc:0.027 cam:0.789 cam_acc:0.663 ID_acc:0.820 lam:0.2948 lr:6.21e-03
2026-05-13 17:44:12,697 PAT.train INFO: Epoch[38] Iter[540/561] loss:3.028 reid:2.217 pc:0.024 cam:0.786 cam_acc:0.664 ID_acc:0.829 lam:0.2948 lr:6.21e-03
2026-05-13 17:44:22,430 PAT.train INFO: Epoch 38 done. lambda_eff=0.2949 cam_acc=0.667 Time/batch:0.508s Speed:63.0img/s
2026-05-13 17:44:53,684 PAT.train INFO: Epoch[39] Iter[60/561] loss:3.122 reid:2.326 pc:0.010 cam:0.786 cam_acc:0.670 ID_acc:0.784 lam:0.2949 lr:6.13e-03
2026-05-13 17:45:24,023 PAT.train INFO: Epoch[39] Iter[120/561] loss:3.156 reid:2.333 pc:0.038 cam:0.785 cam_acc:0.669 ID_acc:0.796 lam:0.2950 lr:6.13e-03
2026-05-13 17:45:54,414 PAT.train INFO: Epoch[39] Iter[180/561] loss:3.167 reid:2.312 pc:0.066 cam:0.790 cam_acc:0.666 ID_acc:0.801 lam:0.2951 lr:6.13e-03
2026-05-13 17:46:24,714 PAT.train INFO: Epoch[39] Iter[240/561] loss:3.179 reid:2.305 pc:0.081 cam:0.793 cam_acc:0.664 ID_acc:0.806 lam:0.2951 lr:6.13e-03
2026-05-13 17:46:55,059 PAT.train INFO: Epoch[39] Iter[300/561] loss:3.167 reid:2.292 pc:0.083 cam:0.791 cam_acc:0.665 ID_acc:0.810 lam:0.2952 lr:6.13e-03
2026-05-13 17:47:25,458 PAT.train INFO: Epoch[39] Iter[360/561] loss:3.127 reid:2.259 pc:0.079 cam:0.789 cam_acc:0.667 ID_acc:0.819 lam:0.2952 lr:6.13e-03
2026-05-13 17:47:55,789 PAT.train INFO: Epoch[39] Iter[420/561] loss:3.093 reid:2.233 pc:0.070 cam:0.789 cam_acc:0.666 ID_acc:0.827 lam:0.2953 lr:6.13e-03
2026-05-13 17:48:26,092 PAT.train INFO: Epoch[39] Iter[480/561] loss:3.059 reid:2.210 pc:0.062 cam:0.786 cam_acc:0.667 ID_acc:0.833 lam:0.2954 lr:6.13e-03
2026-05-13 17:48:56,526 PAT.train INFO: Epoch[39] Iter[540/561] loss:3.026 reid:2.185 pc:0.056 cam:0.785 cam_acc:0.669 ID_acc:0.837 lam:0.2954 lr:6.13e-03
2026-05-13 17:49:05,771 PAT.train INFO: Epoch 39 done. lambda_eff=0.2954 cam_acc=0.669 Time/batch:0.508s Speed:63.0img/s
2026-05-13 17:49:37,144 PAT.train INFO: Epoch[40] Iter[60/561] loss:3.041 reid:2.255 pc:0.011 cam:0.775 cam_acc:0.664 ID_acc:0.820 lam:0.2955 lr:6.04e-03
2026-05-13 17:50:07,684 PAT.train INFO: Epoch[40] Iter[120/561] loss:3.118 reid:2.308 pc:0.025 cam:0.785 cam_acc:0.667 ID_acc:0.808 lam:0.2956 lr:6.04e-03
2026-05-13 17:50:38,125 PAT.train INFO: Epoch[40] Iter[180/561] loss:3.146 reid:2.325 pc:0.032 cam:0.789 cam_acc:0.665 ID_acc:0.804 lam:0.2956 lr:6.04e-03
2026-05-13 17:51:08,596 PAT.train INFO: Epoch[40] Iter[240/561] loss:3.146 reid:2.322 pc:0.038 cam:0.787 cam_acc:0.667 ID_acc:0.804 lam:0.2957 lr:6.04e-03
2026-05-13 17:51:39,118 PAT.train INFO: Epoch[40] Iter[300/561] loss:3.138 reid:2.306 pc:0.038 cam:0.794 cam_acc:0.664 ID_acc:0.808 lam:0.2957 lr:6.04e-03
2026-05-13 17:52:09,648 PAT.train INFO: Epoch[40] Iter[360/561] loss:3.108 reid:2.283 pc:0.035 cam:0.790 cam_acc:0.668 ID_acc:0.818 lam:0.2958 lr:6.04e-03
2026-05-13 17:52:40,172 PAT.train INFO: Epoch[40] Iter[420/561] loss:3.079 reid:2.259 pc:0.033 cam:0.787 cam_acc:0.669 ID_acc:0.824 lam:0.2959 lr:6.04e-03
2026-05-13 17:53:10,659 PAT.train INFO: Epoch[40] Iter[480/561] loss:3.048 reid:2.229 pc:0.030 cam:0.789 cam_acc:0.668 ID_acc:0.832 lam:0.2959 lr:6.04e-03
2026-05-13 17:53:41,188 PAT.train INFO: Epoch[40] Iter[540/561] loss:3.011 reid:2.196 pc:0.027 cam:0.788 cam_acc:0.668 ID_acc:0.840 lam:0.2960 lr:6.04e-03
2026-05-13 17:53:49,443 PAT.train INFO: Epoch 40 done. lambda_eff=0.2960 cam_acc=0.669 Time/batch:0.510s Speed:62.7img/s
2026-05-13 17:53:49,443 PAT.test INFO: Enter inferencing
2026-05-13 17:57:05,733 PAT.test INFO: Validation Results
2026-05-13 17:57:05,733 PAT.test INFO: mAP: 66.7%
2026-05-13 17:57:05,733 PAT.test INFO: CMC curve, Rank-1  :80.3%
2026-05-13 17:57:05,733 PAT.test INFO: CMC curve, Rank-5  :94.2%
2026-05-13 17:57:05,733 PAT.test INFO: CMC curve, Rank-10 :97.2%
2026-05-13 17:57:05,733 PAT.test INFO: total inference time: 196.29
2026-05-13 17:57:05,735 PAT.train INFO: =====saving epoch: 40=====
2026-05-13 17:57:38,178 PAT.train INFO: Epoch[41] Iter[60/561] loss:3.086 reid:2.288 pc:0.003 cam:0.795 cam_acc:0.670 ID_acc:0.797 lam:0.2960 lr:5.95e-03
2026-05-13 17:58:08,473 PAT.train INFO: Epoch[41] Iter[120/561] loss:3.125 reid:2.321 pc:0.015 cam:0.789 cam_acc:0.668 ID_acc:0.802 lam:0.2961 lr:5.95e-03
2026-05-13 17:58:38,704 PAT.train INFO: Epoch[41] Iter[180/561] loss:3.138 reid:2.330 pc:0.029 cam:0.779 cam_acc:0.673 ID_acc:0.803 lam:0.2961 lr:5.95e-03
2026-05-13 17:59:08,970 PAT.train INFO: Epoch[41] Iter[240/561] loss:3.136 reid:2.313 pc:0.038 cam:0.785 cam_acc:0.669 ID_acc:0.809 lam:0.2962 lr:5.95e-03
2026-05-13 17:59:39,199 PAT.train INFO: Epoch[41] Iter[300/561] loss:3.098 reid:2.275 pc:0.043 cam:0.780 cam_acc:0.671 ID_acc:0.816 lam:0.2962 lr:5.95e-03
2026-05-13 18:00:09,551 PAT.train INFO: Epoch[41] Iter[360/561] loss:3.065 reid:2.238 pc:0.043 cam:0.784 cam_acc:0.668 ID_acc:0.825 lam:0.2963 lr:5.95e-03
2026-05-13 18:00:39,747 PAT.train INFO: Epoch[41] Iter[420/561] loss:3.049 reid:2.224 pc:0.043 cam:0.782 cam_acc:0.670 ID_acc:0.830 lam:0.2963 lr:5.95e-03
2026-05-13 18:01:10,057 PAT.train INFO: Epoch[41] Iter[480/561] loss:3.019 reid:2.194 pc:0.042 cam:0.783 cam_acc:0.670 ID_acc:0.835 lam:0.2964 lr:5.95e-03
2026-05-13 18:01:40,329 PAT.train INFO: Epoch[41] Iter[540/561] loss:2.980 reid:2.157 pc:0.039 cam:0.783 cam_acc:0.670 ID_acc:0.843 lam:0.2964 lr:5.95e-03
2026-05-13 18:01:49,046 PAT.train INFO: Epoch 41 done. lambda_eff=0.2964 cam_acc=0.671 Time/batch:0.506s Speed:63.2img/s
2026-05-13 18:02:20,213 PAT.train INFO: Epoch[42] Iter[60/561] loss:3.075 reid:2.274 pc:0.002 cam:0.799 cam_acc:0.667 ID_acc:0.806 lam:0.2965 lr:5.86e-03
2026-05-13 18:02:50,535 PAT.train INFO: Epoch[42] Iter[120/561] loss:3.090 reid:2.275 pc:0.021 cam:0.794 cam_acc:0.660 ID_acc:0.811 lam:0.2965 lr:5.86e-03
2026-05-13 18:03:20,879 PAT.train INFO: Epoch[42] Iter[180/561] loss:3.118 reid:2.287 pc:0.042 cam:0.789 cam_acc:0.664 ID_acc:0.812 lam:0.2966 lr:5.86e-03
2026-05-13 18:03:51,157 PAT.train INFO: Epoch[42] Iter[240/561] loss:3.137 reid:2.280 pc:0.062 cam:0.795 cam_acc:0.663 ID_acc:0.817 lam:0.2966 lr:5.86e-03
2026-05-13 18:04:21,471 PAT.train INFO: Epoch[42] Iter[300/561] loss:3.119 reid:2.262 pc:0.069 cam:0.787 cam_acc:0.666 ID_acc:0.820 lam:0.2967 lr:5.86e-03
2026-05-13 18:04:51,813 PAT.train INFO: Epoch[42] Iter[360/561] loss:3.083 reid:2.234 pc:0.063 cam:0.786 cam_acc:0.667 ID_acc:0.826 lam:0.2967 lr:5.86e-03
2026-05-13 18:05:22,189 PAT.train INFO: Epoch[42] Iter[420/561] loss:3.048 reid:2.203 pc:0.059 cam:0.786 cam_acc:0.667 ID_acc:0.833 lam:0.2968 lr:5.86e-03
2026-05-13 18:05:52,577 PAT.train INFO: Epoch[42] Iter[480/561] loss:3.005 reid:2.167 pc:0.054 cam:0.784 cam_acc:0.670 ID_acc:0.841 lam:0.2968 lr:5.86e-03
2026-05-13 18:06:22,984 PAT.train INFO: Epoch[42] Iter[540/561] loss:2.965 reid:2.134 pc:0.048 cam:0.783 cam_acc:0.670 ID_acc:0.848 lam:0.2969 lr:5.86e-03
2026-05-13 18:06:31,689 PAT.train INFO: Epoch 42 done. lambda_eff=0.2969 cam_acc=0.672 Time/batch:0.507s Speed:63.1img/s
2026-05-13 18:07:02,971 PAT.train INFO: Epoch[43] Iter[60/561] loss:3.085 reid:2.328 pc:0.003 cam:0.755 cam_acc:0.677 ID_acc:0.796 lam:0.2969 lr:5.77e-03
2026-05-13 18:07:33,333 PAT.train INFO: Epoch[43] Iter[120/561] loss:3.091 reid:2.313 pc:0.019 cam:0.759 cam_acc:0.678 ID_acc:0.804 lam:0.2969 lr:5.77e-03
2026-05-13 18:08:03,683 PAT.train INFO: Epoch[43] Iter[180/561] loss:3.120 reid:2.293 pc:0.058 cam:0.769 cam_acc:0.670 ID_acc:0.810 lam:0.2970 lr:5.77e-03
2026-05-13 18:08:34,131 PAT.train INFO: Epoch[43] Iter[240/561] loss:3.107 reid:2.256 pc:0.073 cam:0.778 cam_acc:0.666 ID_acc:0.816 lam:0.2970 lr:5.77e-03
2026-05-13 18:09:04,552 PAT.train INFO: Epoch[43] Iter[300/561] loss:3.081 reid:2.221 pc:0.075 cam:0.784 cam_acc:0.664 ID_acc:0.828 lam:0.2971 lr:5.77e-03
2026-05-13 18:09:34,956 PAT.train INFO: Epoch[43] Iter[360/561] loss:3.044 reid:2.190 pc:0.071 cam:0.783 cam_acc:0.663 ID_acc:0.835 lam:0.2971 lr:5.77e-03
2026-05-13 18:10:05,360 PAT.train INFO: Epoch[43] Iter[420/561] loss:3.025 reid:2.175 pc:0.065 cam:0.786 cam_acc:0.662 ID_acc:0.842 lam:0.2971 lr:5.77e-03
2026-05-13 18:10:35,860 PAT.train INFO: Epoch[43] Iter[480/561] loss:2.991 reid:2.151 pc:0.057 cam:0.783 cam_acc:0.663 ID_acc:0.848 lam:0.2972 lr:5.77e-03
2026-05-13 18:11:06,337 PAT.train INFO: Epoch[43] Iter[540/561] loss:2.951 reid:2.121 pc:0.051 cam:0.779 cam_acc:0.667 ID_acc:0.856 lam:0.2972 lr:5.77e-03
2026-05-13 18:11:15,086 PAT.train INFO: Epoch 43 done. lambda_eff=0.2972 cam_acc=0.668 Time/batch:0.509s Speed:62.9img/s
2026-05-13 18:11:46,776 PAT.train INFO: Epoch[44] Iter[60/561] loss:3.057 reid:2.259 pc:0.006 cam:0.791 cam_acc:0.663 ID_acc:0.811 lam:0.2973 lr:5.67e-03
2026-05-13 18:12:19,636 PAT.train INFO: Epoch[44] Iter[120/561] loss:3.123 reid:2.294 pc:0.033 cam:0.797 cam_acc:0.658 ID_acc:0.807 lam:0.2973 lr:5.67e-03
2026-05-13 18:12:52,143 PAT.train INFO: Epoch[44] Iter[180/561] loss:3.137 reid:2.288 pc:0.054 cam:0.794 cam_acc:0.660 ID_acc:0.812 lam:0.2973 lr:5.67e-03
2026-05-13 18:13:24,813 PAT.train INFO: Epoch[44] Iter[240/561] loss:3.121 reid:2.266 pc:0.059 cam:0.796 cam_acc:0.660 ID_acc:0.820 lam:0.2974 lr:5.67e-03
2026-05-13 18:13:58,208 PAT.train INFO: Epoch[44] Iter[300/561] loss:3.093 reid:2.241 pc:0.058 cam:0.795 cam_acc:0.661 ID_acc:0.828 lam:0.2974 lr:5.67e-03
2026-05-13 18:14:32,040 PAT.train INFO: Epoch[44] Iter[360/561] loss:3.061 reid:2.209 pc:0.060 cam:0.792 cam_acc:0.665 ID_acc:0.835 lam:0.2974 lr:5.67e-03
2026-05-13 18:15:04,605 PAT.train INFO: Epoch[44] Iter[420/561] loss:3.041 reid:2.197 pc:0.054 cam:0.790 cam_acc:0.667 ID_acc:0.840 lam:0.2975 lr:5.67e-03
2026-05-13 18:15:37,087 PAT.train INFO: Epoch[44] Iter[480/561] loss:3.007 reid:2.173 pc:0.048 cam:0.785 cam_acc:0.668 ID_acc:0.846 lam:0.2975 lr:5.67e-03
2026-05-13 18:16:11,320 PAT.train INFO: Epoch[44] Iter[540/561] loss:2.952 reid:2.125 pc:0.043 cam:0.783 cam_acc:0.668 ID_acc:0.855 lam:0.2975 lr:5.67e-03
2026-05-13 18:16:21,996 PAT.train INFO: Epoch 44 done. lambda_eff=0.2976 cam_acc=0.670 Time/batch:0.549s Speed:58.3img/s
2026-05-13 18:16:55,644 PAT.train INFO: Epoch[45] Iter[60/561] loss:2.996 reid:2.207 pc:0.021 cam:0.768 cam_acc:0.677 ID_acc:0.835 lam:0.2976 lr:5.58e-03
2026-05-13 18:17:29,904 PAT.train INFO: Epoch[45] Iter[120/561] loss:3.060 reid:2.225 pc:0.059 cam:0.776 cam_acc:0.678 ID_acc:0.831 lam:0.2976 lr:5.58e-03
2026-05-13 18:18:06,273 PAT.train INFO: Epoch[45] Iter[180/561] loss:3.082 reid:2.216 pc:0.074 cam:0.792 cam_acc:0.667 ID_acc:0.830 lam:0.2977 lr:5.58e-03
2026-05-13 18:18:40,897 PAT.train INFO: Epoch[45] Iter[240/561] loss:3.089 reid:2.201 pc:0.096 cam:0.793 cam_acc:0.664 ID_acc:0.835 lam:0.2977 lr:5.58e-03
2026-05-13 18:19:13,589 PAT.train INFO: Epoch[45] Iter[300/561] loss:3.075 reid:2.181 pc:0.105 cam:0.789 cam_acc:0.666 ID_acc:0.839 lam:0.2977 lr:5.58e-03
2026-05-13 18:19:46,671 PAT.train INFO: Epoch[45] Iter[360/561] loss:3.046 reid:2.158 pc:0.103 cam:0.784 cam_acc:0.667 ID_acc:0.842 lam:0.2977 lr:5.58e-03
2026-05-13 18:20:20,312 PAT.train INFO: Epoch[45] Iter[420/561] loss:3.003 reid:2.130 pc:0.090 cam:0.783 cam_acc:0.667 ID_acc:0.847 lam:0.2978 lr:5.58e-03
2026-05-13 18:20:53,754 PAT.train INFO: Epoch[45] Iter[480/561] loss:2.969 reid:2.103 pc:0.080 cam:0.786 cam_acc:0.666 ID_acc:0.852 lam:0.2978 lr:5.58e-03
2026-05-13 18:21:27,138 PAT.train INFO: Epoch[45] Iter[540/561] loss:2.927 reid:2.073 pc:0.072 cam:0.782 cam_acc:0.669 ID_acc:0.860 lam:0.2978 lr:5.58e-03
2026-05-13 18:21:35,308 PAT.train INFO: Epoch 45 done. lambda_eff=0.2978 cam_acc=0.671 Time/batch:0.564s Speed:56.7img/s
2026-05-13 18:21:35,308 PAT.test INFO: Enter inferencing
2026-05-13 18:24:52,588 PAT.test INFO: Validation Results
2026-05-13 18:24:52,588 PAT.test INFO: mAP: 68.7%
2026-05-13 18:24:52,588 PAT.test INFO: CMC curve, Rank-1  :82.0%
2026-05-13 18:24:52,588 PAT.test INFO: CMC curve, Rank-5  :94.9%
2026-05-13 18:24:52,588 PAT.test INFO: CMC curve, Rank-10 :97.6%
2026-05-13 18:24:52,588 PAT.test INFO: total inference time: 197.28
2026-05-13 18:24:52,590 PAT.train INFO: =====saving epoch: 45=====
2026-05-13 18:25:27,682 PAT.train INFO: Epoch[46] Iter[60/561] loss:3.003 reid:2.199 pc:0.003 cam:0.801 cam_acc:0.660 ID_acc:0.821 lam:0.2979 lr:5.48e-03
2026-05-13 18:25:59,965 PAT.train INFO: Epoch[46] Iter[120/561] loss:3.048 reid:2.234 pc:0.015 cam:0.799 cam_acc:0.662 ID_acc:0.819 lam:0.2979 lr:5.48e-03
2026-05-13 18:26:32,208 PAT.train INFO: Epoch[46] Iter[180/561] loss:3.011 reid:2.190 pc:0.030 cam:0.791 cam_acc:0.665 ID_acc:0.837 lam:0.2979 lr:5.48e-03
2026-05-13 18:27:04,593 PAT.train INFO: Epoch[46] Iter[240/561] loss:3.018 reid:2.188 pc:0.040 cam:0.790 cam_acc:0.666 ID_acc:0.836 lam:0.2980 lr:5.48e-03
2026-05-13 18:27:36,898 PAT.train INFO: Epoch[46] Iter[300/561] loss:2.985 reid:2.161 pc:0.038 cam:0.787 cam_acc:0.668 ID_acc:0.842 lam:0.2980 lr:5.48e-03
2026-05-13 18:28:09,284 PAT.train INFO: Epoch[46] Iter[360/561] loss:2.967 reid:2.147 pc:0.036 cam:0.785 cam_acc:0.670 ID_acc:0.846 lam:0.2980 lr:5.48e-03
2026-05-13 18:28:41,646 PAT.train INFO: Epoch[46] Iter[420/561] loss:2.946 reid:2.126 pc:0.034 cam:0.785 cam_acc:0.669 ID_acc:0.851 lam:0.2980 lr:5.48e-03
2026-05-13 18:29:13,876 PAT.train INFO: Epoch[46] Iter[480/561] loss:2.923 reid:2.109 pc:0.031 cam:0.783 cam_acc:0.669 ID_acc:0.855 lam:0.2981 lr:5.48e-03
2026-05-13 18:29:46,209 PAT.train INFO: Epoch[46] Iter[540/561] loss:2.894 reid:2.083 pc:0.028 cam:0.783 cam_acc:0.670 ID_acc:0.861 lam:0.2981 lr:5.48e-03
2026-05-13 18:29:55,607 PAT.train INFO: Epoch 46 done. lambda_eff=0.2981 cam_acc=0.671 Time/batch:0.542s Speed:59.1img/s
2026-05-13 18:30:28,414 PAT.train INFO: Epoch[47] Iter[60/561] loss:2.967 reid:2.120 pc:0.048 cam:0.799 cam_acc:0.658 ID_acc:0.836 lam:0.2981 lr:5.39e-03
2026-05-13 18:30:58,729 PAT.train INFO: Epoch[47] Iter[120/561] loss:3.060 reid:2.186 pc:0.075 cam:0.799 cam_acc:0.662 ID_acc:0.831 lam:0.2981 lr:5.39e-03
2026-05-13 18:31:29,034 PAT.train INFO: Epoch[47] Iter[180/561] loss:3.069 reid:2.187 pc:0.090 cam:0.791 cam_acc:0.666 ID_acc:0.832 lam:0.2982 lr:5.39e-03
2026-05-13 18:31:59,312 PAT.train INFO: Epoch[47] Iter[240/561] loss:3.058 reid:2.182 pc:0.085 cam:0.791 cam_acc:0.666 ID_acc:0.836 lam:0.2982 lr:5.39e-03
2026-05-13 18:32:29,602 PAT.train INFO: Epoch[47] Iter[300/561] loss:3.037 reid:2.168 pc:0.077 cam:0.792 cam_acc:0.666 ID_acc:0.843 lam:0.2982 lr:5.39e-03
2026-05-13 18:32:59,923 PAT.train INFO: Epoch[47] Iter[360/561] loss:3.008 reid:2.147 pc:0.067 cam:0.794 cam_acc:0.663 ID_acc:0.846 lam:0.2982 lr:5.39e-03
2026-05-13 18:33:30,167 PAT.train INFO: Epoch[47] Iter[420/561] loss:2.965 reid:2.115 pc:0.059 cam:0.790 cam_acc:0.667 ID_acc:0.854 lam:0.2983 lr:5.39e-03
2026-05-13 18:34:00,512 PAT.train INFO: Epoch[47] Iter[480/561] loss:2.936 reid:2.095 pc:0.053 cam:0.788 cam_acc:0.666 ID_acc:0.858 lam:0.2983 lr:5.39e-03
2026-05-13 18:34:30,864 PAT.train INFO: Epoch[47] Iter[540/561] loss:2.885 reid:2.056 pc:0.047 cam:0.782 cam_acc:0.669 ID_acc:0.865 lam:0.2983 lr:5.39e-03
2026-05-13 18:34:40,069 PAT.train INFO: Epoch 47 done. lambda_eff=0.2983 cam_acc=0.671 Time/batch:0.510s Speed:62.8img/s
2026-05-13 18:35:11,307 PAT.train INFO: Epoch[48] Iter[60/561] loss:3.054 reid:2.266 pc:0.007 cam:0.781 cam_acc:0.669 ID_acc:0.826 lam:0.2983 lr:5.29e-03
2026-05-13 18:35:41,725 PAT.train INFO: Epoch[48] Iter[120/561] loss:3.068 reid:2.249 pc:0.022 cam:0.796 cam_acc:0.661 ID_acc:0.824 lam:0.2984 lr:5.29e-03
2026-05-13 18:36:12,113 PAT.train INFO: Epoch[48] Iter[180/561] loss:3.052 reid:2.211 pc:0.064 cam:0.777 cam_acc:0.669 ID_acc:0.836 lam:0.2984 lr:5.29e-03
2026-05-13 18:36:42,544 PAT.train INFO: Epoch[48] Iter[240/561] loss:3.041 reid:2.179 pc:0.090 cam:0.773 cam_acc:0.673 ID_acc:0.844 lam:0.2984 lr:5.29e-03
2026-05-13 18:37:12,968 PAT.train INFO: Epoch[48] Iter[300/561] loss:3.032 reid:2.157 pc:0.096 cam:0.779 cam_acc:0.670 ID_acc:0.848 lam:0.2984 lr:5.29e-03
2026-05-13 18:37:43,423 PAT.train INFO: Epoch[48] Iter[360/561] loss:2.993 reid:2.123 pc:0.089 cam:0.780 cam_acc:0.670 ID_acc:0.854 lam:0.2984 lr:5.29e-03
2026-05-13 18:38:13,865 PAT.train INFO: Epoch[48] Iter[420/561] loss:2.962 reid:2.099 pc:0.079 cam:0.784 cam_acc:0.669 ID_acc:0.858 lam:0.2985 lr:5.29e-03
2026-05-13 18:38:44,198 PAT.train INFO: Epoch[48] Iter[480/561] loss:2.923 reid:2.071 pc:0.070 cam:0.783 cam_acc:0.669 ID_acc:0.863 lam:0.2985 lr:5.29e-03
2026-05-13 18:39:14,663 PAT.train INFO: Epoch[48] Iter[540/561] loss:2.883 reid:2.036 pc:0.063 cam:0.784 cam_acc:0.669 ID_acc:0.869 lam:0.2985 lr:5.29e-03
2026-05-13 18:39:23,866 PAT.train INFO: Epoch 48 done. lambda_eff=0.2985 cam_acc=0.670 Time/batch:0.508s Speed:62.9img/s
2026-05-13 18:39:55,093 PAT.train INFO: Epoch[49] Iter[60/561] loss:2.876 reid:2.102 pc:0.008 cam:0.766 cam_acc:0.682 ID_acc:0.861 lam:0.2985 lr:5.19e-03
2026-05-13 18:40:25,459 PAT.train INFO: Epoch[49] Iter[120/561] loss:3.021 reid:2.193 pc:0.056 cam:0.772 cam_acc:0.677 ID_acc:0.843 lam:0.2986 lr:5.19e-03
2026-05-13 18:40:55,715 PAT.train INFO: Epoch[49] Iter[180/561] loss:3.051 reid:2.187 pc:0.088 cam:0.776 cam_acc:0.677 ID_acc:0.842 lam:0.2986 lr:5.19e-03
2026-05-13 18:41:26,010 PAT.train INFO: Epoch[49] Iter[240/561] loss:3.037 reid:2.176 pc:0.078 cam:0.783 cam_acc:0.671 ID_acc:0.843 lam:0.2986 lr:5.19e-03
2026-05-13 18:41:56,368 PAT.train INFO: Epoch[49] Iter[300/561] loss:3.003 reid:2.151 pc:0.069 cam:0.783 cam_acc:0.671 ID_acc:0.849 lam:0.2986 lr:5.19e-03
2026-05-13 18:42:26,713 PAT.train INFO: Epoch[49] Iter[360/561] loss:2.956 reid:2.118 pc:0.061 cam:0.777 cam_acc:0.675 ID_acc:0.856 lam:0.2986 lr:5.19e-03
2026-05-13 18:42:57,079 PAT.train INFO: Epoch[49] Iter[420/561] loss:2.952 reid:2.115 pc:0.054 cam:0.783 cam_acc:0.672 ID_acc:0.857 lam:0.2986 lr:5.19e-03
2026-05-13 18:43:27,518 PAT.train INFO: Epoch[49] Iter[480/561] loss:2.914 reid:2.087 pc:0.048 cam:0.779 cam_acc:0.674 ID_acc:0.863 lam:0.2987 lr:5.19e-03
2026-05-13 18:43:57,865 PAT.train INFO: Epoch[49] Iter[540/561] loss:2.875 reid:2.055 pc:0.043 cam:0.777 cam_acc:0.674 ID_acc:0.870 lam:0.2987 lr:5.19e-03
2026-05-13 18:44:07,089 PAT.train INFO: Epoch 49 done. lambda_eff=0.2987 cam_acc=0.675 Time/batch:0.507s Speed:63.1img/s
2026-05-13 18:44:38,388 PAT.train INFO: Epoch[50] Iter[60/561] loss:2.925 reid:2.154 pc:0.006 cam:0.765 cam_acc:0.681 ID_acc:0.838 lam:0.2987 lr:5.09e-03
2026-05-13 18:45:08,801 PAT.train INFO: Epoch[50] Iter[120/561] loss:2.931 reid:2.146 pc:0.030 cam:0.755 cam_acc:0.684 ID_acc:0.850 lam:0.2987 lr:5.09e-03
2026-05-13 18:45:39,207 PAT.train INFO: Epoch[50] Iter[180/561] loss:2.967 reid:2.170 pc:0.036 cam:0.761 cam_acc:0.680 ID_acc:0.847 lam:0.2987 lr:5.09e-03
2026-05-13 18:46:09,660 PAT.train INFO: Epoch[50] Iter[240/561] loss:2.965 reid:2.155 pc:0.043 cam:0.768 cam_acc:0.678 ID_acc:0.850 lam:0.2988 lr:5.09e-03
2026-05-13 18:46:40,081 PAT.train INFO: Epoch[50] Iter[300/561] loss:2.952 reid:2.141 pc:0.042 cam:0.769 cam_acc:0.679 ID_acc:0.850 lam:0.2988 lr:5.09e-03
2026-05-13 18:47:10,558 PAT.train INFO: Epoch[50] Iter[360/561] loss:2.913 reid:2.105 pc:0.041 cam:0.767 cam_acc:0.680 ID_acc:0.858 lam:0.2988 lr:5.09e-03
2026-05-13 18:47:40,994 PAT.train INFO: Epoch[50] Iter[420/561] loss:2.892 reid:2.083 pc:0.038 cam:0.770 cam_acc:0.677 ID_acc:0.863 lam:0.2988 lr:5.09e-03
2026-05-13 18:48:11,430 PAT.train INFO: Epoch[50] Iter[480/561] loss:2.862 reid:2.058 pc:0.034 cam:0.769 cam_acc:0.677 ID_acc:0.867 lam:0.2988 lr:5.09e-03
2026-05-13 18:48:41,953 PAT.train INFO: Epoch[50] Iter[540/561] loss:2.827 reid:2.027 pc:0.031 cam:0.769 cam_acc:0.678 ID_acc:0.873 lam:0.2988 lr:5.09e-03
2026-05-13 18:48:51,187 PAT.train INFO: Epoch 50 done. lambda_eff=0.2988 cam_acc=0.679 Time/batch:0.509s Speed:62.9img/s
2026-05-13 18:48:51,187 PAT.test INFO: Enter inferencing
2026-05-13 18:52:07,622 PAT.test INFO: Validation Results
2026-05-13 18:52:07,622 PAT.test INFO: mAP: 70.4%
2026-05-13 18:52:07,622 PAT.test INFO: CMC curve, Rank-1  :83.1%
2026-05-13 18:52:07,622 PAT.test INFO: CMC curve, Rank-5  :95.3%
2026-05-13 18:52:07,622 PAT.test INFO: CMC curve, Rank-10 :97.8%
2026-05-13 18:52:07,622 PAT.test INFO: total inference time: 196.43
2026-05-13 18:52:07,634 PAT.train INFO: =====saving epoch: 50=====
2026-05-13 18:52:39,905 PAT.train INFO: Epoch[51] Iter[60/561] loss:2.928 reid:2.125 pc:0.009 cam:0.794 cam_acc:0.658 ID_acc:0.838 lam:0.2989 lr:5.00e-03
2026-05-13 18:53:10,201 PAT.train INFO: Epoch[51] Iter[120/561] loss:3.015 reid:2.151 pc:0.078 cam:0.786 cam_acc:0.668 ID_acc:0.838 lam:0.2989 lr:5.00e-03
2026-05-13 18:53:40,698 PAT.train INFO: Epoch[51] Iter[180/561] loss:3.076 reid:2.155 pc:0.136 cam:0.785 cam_acc:0.668 ID_acc:0.842 lam:0.2989 lr:5.00e-03
2026-05-13 18:54:11,117 PAT.train INFO: Epoch[51] Iter[240/561] loss:3.070 reid:2.145 pc:0.146 cam:0.779 cam_acc:0.669 ID_acc:0.846 lam:0.2989 lr:5.00e-03
2026-05-13 18:54:41,593 PAT.train INFO: Epoch[51] Iter[300/561] loss:3.055 reid:2.135 pc:0.143 cam:0.778 cam_acc:0.671 ID_acc:0.847 lam:0.2989 lr:5.00e-03
2026-05-13 18:55:12,055 PAT.train INFO: Epoch[51] Iter[360/561] loss:3.020 reid:2.107 pc:0.138 cam:0.774 cam_acc:0.672 ID_acc:0.854 lam:0.2989 lr:5.00e-03
2026-05-13 18:55:42,556 PAT.train INFO: Epoch[51] Iter[420/561] loss:2.994 reid:2.080 pc:0.137 cam:0.777 cam_acc:0.671 ID_acc:0.862 lam:0.2989 lr:5.00e-03
2026-05-13 18:56:13,111 PAT.train INFO: Epoch[51] Iter[480/561] loss:2.957 reid:2.050 pc:0.126 cam:0.780 cam_acc:0.668 ID_acc:0.868 lam:0.2990 lr:5.00e-03
2026-05-13 18:56:43,643 PAT.train INFO: Epoch[51] Iter[540/561] loss:2.923 reid:2.029 pc:0.114 cam:0.781 cam_acc:0.668 ID_acc:0.874 lam:0.2990 lr:5.00e-03
2026-05-13 18:56:53,390 PAT.train INFO: Epoch 51 done. lambda_eff=0.2990 cam_acc=0.670 Time/batch:0.509s Speed:62.8img/s
2026-05-13 18:57:24,760 PAT.train INFO: Epoch[52] Iter[60/561] loss:2.905 reid:2.121 pc:0.031 cam:0.753 cam_acc:0.684 ID_acc:0.855 lam:0.2990 lr:4.90e-03
2026-05-13 18:57:55,216 PAT.train INFO: Epoch[52] Iter[120/561] loss:2.951 reid:2.131 pc:0.074 cam:0.746 cam_acc:0.683 ID_acc:0.852 lam:0.2990 lr:4.90e-03
2026-05-13 18:58:25,711 PAT.train INFO: Epoch[52] Iter[180/561] loss:2.986 reid:2.123 pc:0.104 cam:0.759 cam_acc:0.676 ID_acc:0.851 lam:0.2990 lr:4.90e-03
2026-05-13 18:58:56,195 PAT.train INFO: Epoch[52] Iter[240/561] loss:3.009 reid:2.127 pc:0.114 cam:0.768 cam_acc:0.674 ID_acc:0.852 lam:0.2990 lr:4.90e-03
2026-05-13 18:59:26,654 PAT.train INFO: Epoch[52] Iter[300/561] loss:2.981 reid:2.110 pc:0.104 cam:0.767 cam_acc:0.674 ID_acc:0.857 lam:0.2990 lr:4.90e-03
2026-05-13 18:59:57,063 PAT.train INFO: Epoch[52] Iter[360/561] loss:2.937 reid:2.082 pc:0.091 cam:0.764 cam_acc:0.676 ID_acc:0.863 lam:0.2991 lr:4.90e-03
2026-05-13 19:00:27,567 PAT.train INFO: Epoch[52] Iter[420/561] loss:2.903 reid:2.059 pc:0.080 cam:0.764 cam_acc:0.675 ID_acc:0.867 lam:0.2991 lr:4.90e-03
2026-05-13 19:00:58,058 PAT.train INFO: Epoch[52] Iter[480/561] loss:2.870 reid:2.037 pc:0.070 cam:0.762 cam_acc:0.678 ID_acc:0.873 lam:0.2991 lr:4.90e-03
2026-05-13 19:01:28,640 PAT.train INFO: Epoch[52] Iter[540/561] loss:2.832 reid:2.005 pc:0.062 cam:0.764 cam_acc:0.678 ID_acc:0.878 lam:0.2991 lr:4.90e-03
2026-05-13 19:01:37,874 PAT.train INFO: Epoch 52 done. lambda_eff=0.2991 cam_acc=0.678 Time/batch:0.510s Speed:62.8img/s
2026-05-13 19:02:09,114 PAT.train INFO: Epoch[53] Iter[60/561] loss:2.882 reid:2.097 pc:0.004 cam:0.781 cam_acc:0.677 ID_acc:0.847 lam:0.2991 lr:4.79e-03
2026-05-13 19:02:39,449 PAT.train INFO: Epoch[53] Iter[120/561] loss:2.937 reid:2.129 pc:0.029 cam:0.780 cam_acc:0.673 ID_acc:0.841 lam:0.2991 lr:4.79e-03
2026-05-13 19:03:09,716 PAT.train INFO: Epoch[53] Iter[180/561] loss:2.936 reid:2.109 pc:0.054 cam:0.773 cam_acc:0.673 ID_acc:0.848 lam:0.2991 lr:4.79e-03
2026-05-13 19:03:40,035 PAT.train INFO: Epoch[53] Iter[240/561] loss:2.925 reid:2.081 pc:0.070 cam:0.773 cam_acc:0.673 ID_acc:0.855 lam:0.2991 lr:4.79e-03
2026-05-13 19:04:10,370 PAT.train INFO: Epoch[53] Iter[300/561] loss:2.906 reid:2.067 pc:0.065 cam:0.775 cam_acc:0.672 ID_acc:0.859 lam:0.2992 lr:4.79e-03
2026-05-13 19:04:40,637 PAT.train INFO: Epoch[53] Iter[360/561] loss:2.879 reid:2.050 pc:0.058 cam:0.770 cam_acc:0.675 ID_acc:0.865 lam:0.2992 lr:4.79e-03
2026-05-13 19:05:10,961 PAT.train INFO: Epoch[53] Iter[420/561] loss:2.852 reid:2.030 pc:0.051 cam:0.771 cam_acc:0.676 ID_acc:0.869 lam:0.2992 lr:4.79e-03
2026-05-13 19:05:41,235 PAT.train INFO: Epoch[53] Iter[480/561] loss:2.831 reid:2.011 pc:0.046 cam:0.774 cam_acc:0.674 ID_acc:0.875 lam:0.2992 lr:4.79e-03
2026-05-13 19:06:11,631 PAT.train INFO: Epoch[53] Iter[540/561] loss:2.794 reid:1.978 pc:0.041 cam:0.775 cam_acc:0.673 ID_acc:0.880 lam:0.2992 lr:4.79e-03
2026-05-13 19:06:20,813 PAT.train INFO: Epoch 53 done. lambda_eff=0.2992 cam_acc=0.674 Time/batch:0.507s Speed:63.1img/s
2026-05-13 19:06:52,013 PAT.train INFO: Epoch[54] Iter[60/561] loss:2.892 reid:2.091 pc:0.005 cam:0.796 cam_acc:0.656 ID_acc:0.864 lam:0.2992 lr:4.69e-03
2026-05-13 19:07:23,246 PAT.train INFO: Epoch[54] Iter[120/561] loss:2.860 reid:2.049 pc:0.028 cam:0.782 cam_acc:0.664 ID_acc:0.863 lam:0.2992 lr:4.69e-03
2026-05-13 19:07:54,648 PAT.train INFO: Epoch[54] Iter[180/561] loss:2.892 reid:2.068 pc:0.049 cam:0.776 cam_acc:0.672 ID_acc:0.861 lam:0.2992 lr:4.69e-03
2026-05-13 19:08:24,923 PAT.train INFO: Epoch[54] Iter[240/561] loss:2.888 reid:2.050 pc:0.065 cam:0.773 cam_acc:0.674 ID_acc:0.868 lam:0.2992 lr:4.69e-03
2026-05-13 19:08:55,123 PAT.train INFO: Epoch[54] Iter[300/561] loss:2.895 reid:2.047 pc:0.075 cam:0.772 cam_acc:0.674 ID_acc:0.867 lam:0.2993 lr:4.69e-03
2026-05-13 19:09:25,459 PAT.train INFO: Epoch[54] Iter[360/561] loss:2.891 reid:2.044 pc:0.075 cam:0.772 cam_acc:0.672 ID_acc:0.866 lam:0.2993 lr:4.69e-03
2026-05-13 19:09:55,703 PAT.train INFO: Epoch[54] Iter[420/561] loss:2.877 reid:2.029 pc:0.074 cam:0.773 cam_acc:0.671 ID_acc:0.872 lam:0.2993 lr:4.69e-03
2026-05-13 19:10:26,045 PAT.train INFO: Epoch[54] Iter[480/561] loss:2.845 reid:2.007 pc:0.066 cam:0.773 cam_acc:0.670 ID_acc:0.877 lam:0.2993 lr:4.69e-03
2026-05-13 19:10:56,455 PAT.train INFO: Epoch[54] Iter[540/561] loss:2.809 reid:1.976 pc:0.059 cam:0.774 cam_acc:0.669 ID_acc:0.883 lam:0.2993 lr:4.69e-03
2026-05-13 19:11:05,140 PAT.train INFO: Epoch 54 done. lambda_eff=0.2993 cam_acc=0.671 Time/batch:0.510s Speed:62.7img/s
2026-05-13 19:11:36,297 PAT.train INFO: Epoch[55] Iter[60/561] loss:2.908 reid:2.122 pc:0.005 cam:0.782 cam_acc:0.657 ID_acc:0.863 lam:0.2993 lr:4.59e-03
2026-05-13 19:12:06,604 PAT.train INFO: Epoch[55] Iter[120/561] loss:2.929 reid:2.132 pc:0.022 cam:0.775 cam_acc:0.666 ID_acc:0.857 lam:0.2993 lr:4.59e-03
2026-05-13 19:12:38,835 PAT.train INFO: Epoch[55] Iter[180/561] loss:2.904 reid:2.085 pc:0.047 cam:0.773 cam_acc:0.671 ID_acc:0.862 lam:0.2993 lr:4.59e-03
2026-05-13 19:13:11,397 PAT.train INFO: Epoch[55] Iter[240/561] loss:2.908 reid:2.084 pc:0.045 cam:0.779 cam_acc:0.670 ID_acc:0.863 lam:0.2993 lr:4.59e-03
2026-05-13 19:13:44,029 PAT.train INFO: Epoch[55] Iter[300/561] loss:2.886 reid:2.062 pc:0.039 cam:0.786 cam_acc:0.666 ID_acc:0.867 lam:0.2993 lr:4.59e-03
2026-05-13 19:14:16,515 PAT.train INFO: Epoch[55] Iter[360/561] loss:2.852 reid:2.030 pc:0.035 cam:0.787 cam_acc:0.664 ID_acc:0.873 lam:0.2994 lr:4.59e-03
2026-05-13 19:14:49,098 PAT.train INFO: Epoch[55] Iter[420/561] loss:2.832 reid:2.010 pc:0.032 cam:0.790 cam_acc:0.664 ID_acc:0.878 lam:0.2994 lr:4.59e-03
2026-05-13 19:15:21,737 PAT.train INFO: Epoch[55] Iter[480/561] loss:2.818 reid:1.995 pc:0.030 cam:0.792 cam_acc:0.663 ID_acc:0.883 lam:0.2994 lr:4.59e-03
2026-05-13 19:15:54,245 PAT.train INFO: Epoch[55] Iter[540/561] loss:2.780 reid:1.965 pc:0.028 cam:0.787 cam_acc:0.665 ID_acc:0.888 lam:0.2994 lr:4.59e-03
2026-05-13 19:16:03,176 PAT.train INFO: Epoch 55 done. lambda_eff=0.2994 cam_acc=0.666 Time/batch:0.536s Speed:59.7img/s
2026-05-13 19:16:03,176 PAT.test INFO: Enter inferencing
2026-05-13 19:19:20,443 PAT.test INFO: Validation Results
2026-05-13 19:19:20,444 PAT.test INFO: mAP: 72.1%
2026-05-13 19:19:20,444 PAT.test INFO: CMC curve, Rank-1  :84.3%
2026-05-13 19:19:20,444 PAT.test INFO: CMC curve, Rank-5  :95.8%
2026-05-13 19:19:20,444 PAT.test INFO: CMC curve, Rank-10 :98.2%
2026-05-13 19:19:20,444 PAT.test INFO: total inference time: 197.26
2026-05-13 19:19:20,446 PAT.train INFO: =====saving epoch: 55=====
2026-05-13 19:19:55,118 PAT.train INFO: Epoch[56] Iter[60/561] loss:2.810 reid:2.016 pc:0.045 cam:0.748 cam_acc:0.680 ID_acc:0.869 lam:0.2994 lr:4.49e-03
2026-05-13 19:20:27,920 PAT.train INFO: Epoch[56] Iter[120/561] loss:2.947 reid:2.086 pc:0.102 cam:0.758 cam_acc:0.682 ID_acc:0.861 lam:0.2994 lr:4.49e-03
2026-05-13 19:21:00,850 PAT.train INFO: Epoch[56] Iter[180/561] loss:3.034 reid:2.102 pc:0.168 cam:0.765 cam_acc:0.676 ID_acc:0.863 lam:0.2994 lr:4.49e-03
2026-05-13 19:21:31,753 PAT.train INFO: Epoch[56] Iter[240/561] loss:3.047 reid:2.096 pc:0.183 cam:0.768 cam_acc:0.678 ID_acc:0.865 lam:0.2994 lr:4.49e-03
2026-05-13 19:22:02,124 PAT.train INFO: Epoch[56] Iter[300/561] loss:3.020 reid:2.077 pc:0.178 cam:0.764 cam_acc:0.681 ID_acc:0.868 lam:0.2994 lr:4.49e-03
2026-05-13 19:22:32,782 PAT.train INFO: Epoch[56] Iter[360/561] loss:2.982 reid:2.058 pc:0.156 cam:0.767 cam_acc:0.678 ID_acc:0.872 lam:0.2994 lr:4.49e-03
2026-05-13 19:23:04,158 PAT.train INFO: Epoch[56] Iter[420/561] loss:2.933 reid:2.030 pc:0.136 cam:0.767 cam_acc:0.679 ID_acc:0.878 lam:0.2994 lr:4.49e-03
2026-05-13 19:23:35,608 PAT.train INFO: Epoch[56] Iter[480/561] loss:2.898 reid:2.008 pc:0.120 cam:0.770 cam_acc:0.676 ID_acc:0.881 lam:0.2994 lr:4.49e-03
2026-05-13 19:24:07,103 PAT.train INFO: Epoch[56] Iter[540/561] loss:2.855 reid:1.979 pc:0.107 cam:0.769 cam_acc:0.676 ID_acc:0.887 lam:0.2995 lr:4.49e-03
2026-05-13 19:24:16,119 PAT.train INFO: Epoch 56 done. lambda_eff=0.2995 cam_acc=0.677 Time/batch:0.528s Speed:60.6img/s
2026-05-13 19:24:48,544 PAT.train INFO: Epoch[57] Iter[60/561] loss:2.864 reid:2.084 pc:0.016 cam:0.763 cam_acc:0.678 ID_acc:0.856 lam:0.2995 lr:4.39e-03
2026-05-13 19:25:20,292 PAT.train INFO: Epoch[57] Iter[120/561] loss:2.896 reid:2.073 pc:0.048 cam:0.775 cam_acc:0.670 ID_acc:0.858 lam:0.2995 lr:4.39e-03
2026-05-13 19:25:52,006 PAT.train INFO: Epoch[57] Iter[180/561] loss:2.938 reid:2.082 pc:0.081 cam:0.774 cam_acc:0.671 ID_acc:0.854 lam:0.2995 lr:4.39e-03
2026-05-13 19:26:22,686 PAT.train INFO: Epoch[57] Iter[240/561] loss:2.939 reid:2.069 pc:0.095 cam:0.775 cam_acc:0.671 ID_acc:0.861 lam:0.2995 lr:4.39e-03
2026-05-13 19:26:53,190 PAT.train INFO: Epoch[57] Iter[300/561] loss:2.903 reid:2.039 pc:0.091 cam:0.774 cam_acc:0.669 ID_acc:0.867 lam:0.2995 lr:4.39e-03
2026-05-13 19:27:23,652 PAT.train INFO: Epoch[57] Iter[360/561] loss:2.888 reid:2.023 pc:0.090 cam:0.775 cam_acc:0.670 ID_acc:0.869 lam:0.2995 lr:4.39e-03
2026-05-13 19:27:54,135 PAT.train INFO: Epoch[57] Iter[420/561] loss:2.864 reid:2.007 pc:0.083 cam:0.774 cam_acc:0.672 ID_acc:0.874 lam:0.2995 lr:4.39e-03
2026-05-13 19:28:24,637 PAT.train INFO: Epoch[57] Iter[480/561] loss:2.828 reid:1.982 pc:0.074 cam:0.772 cam_acc:0.673 ID_acc:0.879 lam:0.2995 lr:4.39e-03
2026-05-13 19:28:55,149 PAT.train INFO: Epoch[57] Iter[540/561] loss:2.795 reid:1.958 pc:0.066 cam:0.772 cam_acc:0.673 ID_acc:0.884 lam:0.2995 lr:4.39e-03
2026-05-13 19:29:03,886 PAT.train INFO: Epoch 57 done. lambda_eff=0.2995 cam_acc=0.675 Time/batch:0.516s Speed:62.0img/s
2026-05-13 19:29:35,073 PAT.train INFO: Epoch[58] Iter[60/561] loss:2.834 reid:2.036 pc:0.046 cam:0.752 cam_acc:0.691 ID_acc:0.864 lam:0.2995 lr:4.29e-03
2026-05-13 19:30:05,289 PAT.train INFO: Epoch[58] Iter[120/561] loss:2.911 reid:2.076 pc:0.083 cam:0.752 cam_acc:0.689 ID_acc:0.863 lam:0.2995 lr:4.29e-03
2026-05-13 19:30:35,607 PAT.train INFO: Epoch[58] Iter[180/561] loss:2.945 reid:2.093 pc:0.095 cam:0.757 cam_acc:0.687 ID_acc:0.862 lam:0.2995 lr:4.29e-03
2026-05-13 19:31:05,908 PAT.train INFO: Epoch[58] Iter[240/561] loss:2.960 reid:2.091 pc:0.104 cam:0.764 cam_acc:0.681 ID_acc:0.860 lam:0.2995 lr:4.29e-03
2026-05-13 19:31:36,127 PAT.train INFO: Epoch[58] Iter[300/561] loss:2.941 reid:2.074 pc:0.101 cam:0.766 cam_acc:0.679 ID_acc:0.864 lam:0.2995 lr:4.29e-03
2026-05-13 19:32:06,485 PAT.train INFO: Epoch[58] Iter[360/561] loss:2.890 reid:2.035 pc:0.090 cam:0.766 cam_acc:0.676 ID_acc:0.872 lam:0.2996 lr:4.29e-03
2026-05-13 19:32:36,812 PAT.train INFO: Epoch[58] Iter[420/561] loss:2.867 reid:2.021 pc:0.081 cam:0.766 cam_acc:0.677 ID_acc:0.876 lam:0.2996 lr:4.29e-03
2026-05-13 19:33:07,106 PAT.train INFO: Epoch[58] Iter[480/561] loss:2.843 reid:2.003 pc:0.072 cam:0.768 cam_acc:0.677 ID_acc:0.881 lam:0.2996 lr:4.29e-03
2026-05-13 19:33:37,477 PAT.train INFO: Epoch[58] Iter[540/561] loss:2.799 reid:1.969 pc:0.065 cam:0.765 cam_acc:0.679 ID_acc:0.886 lam:0.2996 lr:4.29e-03
2026-05-13 19:33:46,672 PAT.train INFO: Epoch 58 done. lambda_eff=0.2996 cam_acc=0.679 Time/batch:0.507s Speed:63.2img/s
2026-05-13 19:34:17,796 PAT.train INFO: Epoch[59] Iter[60/561] loss:2.851 reid:2.080 pc:0.014 cam:0.757 cam_acc:0.684 ID_acc:0.852 lam:0.2996 lr:4.18e-03
2026-05-13 19:34:48,125 PAT.train INFO: Epoch[59] Iter[120/561] loss:2.878 reid:2.058 pc:0.067 cam:0.753 cam_acc:0.684 ID_acc:0.852 lam:0.2996 lr:4.18e-03
2026-05-13 19:35:18,417 PAT.train INFO: Epoch[59] Iter[180/561] loss:2.964 reid:2.071 pc:0.138 cam:0.755 cam_acc:0.684 ID_acc:0.856 lam:0.2996 lr:4.18e-03
2026-05-13 19:35:48,668 PAT.train INFO: Epoch[59] Iter[240/561] loss:2.998 reid:2.063 pc:0.178 cam:0.757 cam_acc:0.683 ID_acc:0.861 lam:0.2996 lr:4.18e-03
2026-05-13 19:36:18,978 PAT.train INFO: Epoch[59] Iter[300/561] loss:2.994 reid:2.036 pc:0.203 cam:0.754 cam_acc:0.683 ID_acc:0.870 lam:0.2996 lr:4.18e-03
2026-05-13 19:36:49,179 PAT.train INFO: Epoch[59] Iter[360/561] loss:2.944 reid:2.013 pc:0.176 cam:0.755 cam_acc:0.683 ID_acc:0.875 lam:0.2996 lr:4.18e-03
2026-05-13 19:37:19,555 PAT.train INFO: Epoch[59] Iter[420/561] loss:2.894 reid:1.983 pc:0.153 cam:0.757 cam_acc:0.682 ID_acc:0.881 lam:0.2996 lr:4.18e-03
2026-05-13 19:37:49,862 PAT.train INFO: Epoch[59] Iter[480/561] loss:2.860 reid:1.965 pc:0.134 cam:0.761 cam_acc:0.679 ID_acc:0.885 lam:0.2996 lr:4.18e-03
2026-05-13 19:38:20,190 PAT.train INFO: Epoch[59] Iter[540/561] loss:2.819 reid:1.939 pc:0.120 cam:0.760 cam_acc:0.681 ID_acc:0.889 lam:0.2996 lr:4.18e-03
2026-05-13 19:38:29,405 PAT.train INFO: Epoch 59 done. lambda_eff=0.2996 cam_acc=0.682 Time/batch:0.507s Speed:63.2img/s
2026-05-13 19:39:00,491 PAT.train INFO: Epoch[60] Iter[60/561] loss:2.770 reid:2.000 pc:0.005 cam:0.766 cam_acc:0.666 ID_acc:0.869 lam:0.2996 lr:4.08e-03
2026-05-13 19:39:30,766 PAT.train INFO: Epoch[60] Iter[120/561] loss:2.833 reid:2.037 pc:0.041 cam:0.755 cam_acc:0.682 ID_acc:0.869 lam:0.2996 lr:4.08e-03
2026-05-13 19:40:01,084 PAT.train INFO: Epoch[60] Iter[180/561] loss:2.843 reid:2.032 pc:0.055 cam:0.756 cam_acc:0.681 ID_acc:0.867 lam:0.2996 lr:4.08e-03
2026-05-13 19:40:31,433 PAT.train INFO: Epoch[60] Iter[240/561] loss:2.842 reid:2.028 pc:0.053 cam:0.761 cam_acc:0.676 ID_acc:0.870 lam:0.2996 lr:4.08e-03
2026-05-13 19:41:01,687 PAT.train INFO: Epoch[60] Iter[300/561] loss:2.823 reid:2.019 pc:0.050 cam:0.753 cam_acc:0.683 ID_acc:0.875 lam:0.2996 lr:4.08e-03
2026-05-13 19:41:31,971 PAT.train INFO: Epoch[60] Iter[360/561] loss:2.800 reid:1.993 pc:0.049 cam:0.758 cam_acc:0.680 ID_acc:0.879 lam:0.2997 lr:4.08e-03
2026-05-13 19:42:02,240 PAT.train INFO: Epoch[60] Iter[420/561] loss:2.780 reid:1.977 pc:0.047 cam:0.756 cam_acc:0.682 ID_acc:0.884 lam:0.2997 lr:4.08e-03
2026-05-13 19:42:32,661 PAT.train INFO: Epoch[60] Iter[480/561] loss:2.767 reid:1.964 pc:0.044 cam:0.760 cam_acc:0.680 ID_acc:0.887 lam:0.2997 lr:4.08e-03
2026-05-13 19:43:03,048 PAT.train INFO: Epoch[60] Iter[540/561] loss:2.735 reid:1.939 pc:0.040 cam:0.757 cam_acc:0.681 ID_acc:0.892 lam:0.2997 lr:4.08e-03
2026-05-13 19:43:12,257 PAT.train INFO: Epoch 60 done. lambda_eff=0.2997 cam_acc=0.682 Time/batch:0.507s Speed:63.1img/s
2026-05-13 19:43:12,258 PAT.test INFO: Enter inferencing
2026-05-13 19:46:29,625 PAT.test INFO: Validation Results
2026-05-13 19:46:29,625 PAT.test INFO: mAP: 73.6%
2026-05-13 19:46:29,625 PAT.test INFO: CMC curve, Rank-1  :85.2%
2026-05-13 19:46:29,625 PAT.test INFO: CMC curve, Rank-5  :96.1%
2026-05-13 19:46:29,625 PAT.test INFO: CMC curve, Rank-10 :98.2%
2026-05-13 19:46:29,625 PAT.test INFO: total inference time: 197.36
2026-05-13 19:46:29,627 PAT.train INFO: =====saving epoch: 60=====
2026-05-13 19:47:01,742 PAT.train INFO: Epoch[61] Iter[60/561] loss:2.742 reid:1.998 pc:0.010 cam:0.734 cam_acc:0.687 ID_acc:0.871 lam:0.2997 lr:3.98e-03
2026-05-13 19:47:32,029 PAT.train INFO: Epoch[61] Iter[120/561] loss:2.848 reid:2.021 pc:0.090 cam:0.737 cam_acc:0.694 ID_acc:0.867 lam:0.2997 lr:3.98e-03
2026-05-13 19:48:02,333 PAT.train INFO: Epoch[61] Iter[180/561] loss:2.857 reid:2.017 pc:0.109 cam:0.731 cam_acc:0.699 ID_acc:0.868 lam:0.2997 lr:3.98e-03
2026-05-13 19:48:32,634 PAT.train INFO: Epoch[61] Iter[240/561] loss:2.830 reid:1.996 pc:0.096 cam:0.739 cam_acc:0.693 ID_acc:0.873 lam:0.2997 lr:3.98e-03
2026-05-13 19:49:02,993 PAT.train INFO: Epoch[61] Iter[300/561] loss:2.809 reid:1.983 pc:0.086 cam:0.741 cam_acc:0.694 ID_acc:0.877 lam:0.2997 lr:3.98e-03
2026-05-13 19:49:33,304 PAT.train INFO: Epoch[61] Iter[360/561] loss:2.798 reid:1.974 pc:0.079 cam:0.745 cam_acc:0.690 ID_acc:0.880 lam:0.2997 lr:3.98e-03
2026-05-13 19:50:03,645 PAT.train INFO: Epoch[61] Iter[420/561] loss:2.778 reid:1.959 pc:0.073 cam:0.747 cam_acc:0.690 ID_acc:0.882 lam:0.2997 lr:3.98e-03
2026-05-13 19:50:34,095 PAT.train INFO: Epoch[61] Iter[480/561] loss:2.754 reid:1.938 pc:0.065 cam:0.750 cam_acc:0.688 ID_acc:0.888 lam:0.2997 lr:3.98e-03
2026-05-13 19:51:04,542 PAT.train INFO: Epoch[61] Iter[540/561] loss:2.723 reid:1.911 pc:0.059 cam:0.753 cam_acc:0.686 ID_acc:0.894 lam:0.2997 lr:3.98e-03
2026-05-13 19:51:14,777 PAT.train INFO: Epoch 61 done. lambda_eff=0.2997 cam_acc=0.687 Time/batch:0.507s Speed:63.1img/s
2026-05-13 19:51:46,018 PAT.train INFO: Epoch[62] Iter[60/561] loss:2.752 reid:2.015 pc:0.006 cam:0.730 cam_acc:0.709 ID_acc:0.873 lam:0.2997 lr:3.87e-03
2026-05-13 19:52:16,396 PAT.train INFO: Epoch[62] Iter[120/561] loss:2.832 reid:2.041 pc:0.033 cam:0.759 cam_acc:0.692 ID_acc:0.871 lam:0.2997 lr:3.87e-03
2026-05-13 19:52:46,694 PAT.train INFO: Epoch[62] Iter[180/561] loss:2.863 reid:2.022 pc:0.084 cam:0.757 cam_acc:0.690 ID_acc:0.870 lam:0.2997 lr:3.87e-03
2026-05-13 19:53:17,013 PAT.train INFO: Epoch[62] Iter[240/561] loss:2.898 reid:2.018 pc:0.129 cam:0.751 cam_acc:0.691 ID_acc:0.874 lam:0.2997 lr:3.87e-03
2026-05-13 19:53:47,409 PAT.train INFO: Epoch[62] Iter[300/561] loss:2.878 reid:1.999 pc:0.128 cam:0.751 cam_acc:0.692 ID_acc:0.877 lam:0.2997 lr:3.87e-03
2026-05-13 19:54:17,786 PAT.train INFO: Epoch[62] Iter[360/561] loss:2.849 reid:1.984 pc:0.114 cam:0.751 cam_acc:0.690 ID_acc:0.883 lam:0.2997 lr:3.87e-03
2026-05-13 19:54:48,196 PAT.train INFO: Epoch[62] Iter[420/561] loss:2.806 reid:1.953 pc:0.098 cam:0.755 cam_acc:0.689 ID_acc:0.889 lam:0.2997 lr:3.87e-03
2026-05-13 19:55:18,668 PAT.train INFO: Epoch[62] Iter[480/561] loss:2.781 reid:1.935 pc:0.087 cam:0.758 cam_acc:0.686 ID_acc:0.891 lam:0.2997 lr:3.87e-03
2026-05-13 19:55:49,105 PAT.train INFO: Epoch[62] Iter[540/561] loss:2.745 reid:1.909 pc:0.078 cam:0.758 cam_acc:0.685 ID_acc:0.897 lam:0.2997 lr:3.87e-03
2026-05-13 19:55:58,858 PAT.train INFO: Epoch 62 done. lambda_eff=0.2997 cam_acc=0.686 Time/batch:0.508s Speed:63.0img/s
2026-05-13 19:56:30,051 PAT.train INFO: Epoch[63] Iter[60/561] loss:2.812 reid:2.022 pc:0.004 cam:0.786 cam_acc:0.664 ID_acc:0.874 lam:0.2997 lr:3.77e-03
2026-05-13 19:57:00,408 PAT.train INFO: Epoch[63] Iter[120/561] loss:2.864 reid:2.073 pc:0.025 cam:0.766 cam_acc:0.676 ID_acc:0.872 lam:0.2997 lr:3.77e-03
2026-05-13 19:57:30,680 PAT.train INFO: Epoch[63] Iter[180/561] loss:2.902 reid:2.061 pc:0.074 cam:0.767 cam_acc:0.677 ID_acc:0.874 lam:0.2998 lr:3.77e-03
2026-05-13 19:58:00,990 PAT.train INFO: Epoch[63] Iter[240/561] loss:2.893 reid:2.039 pc:0.096 cam:0.758 cam_acc:0.683 ID_acc:0.881 lam:0.2998 lr:3.77e-03
2026-05-13 19:58:31,306 PAT.train INFO: Epoch[63] Iter[300/561] loss:2.873 reid:2.019 pc:0.098 cam:0.757 cam_acc:0.681 ID_acc:0.882 lam:0.2998 lr:3.77e-03
2026-05-13 19:59:01,595 PAT.train INFO: Epoch[63] Iter[360/561] loss:2.855 reid:2.002 pc:0.092 cam:0.761 cam_acc:0.678 ID_acc:0.886 lam:0.2998 lr:3.77e-03
2026-05-13 19:59:31,951 PAT.train INFO: Epoch[63] Iter[420/561] loss:2.823 reid:1.982 pc:0.084 cam:0.757 cam_acc:0.681 ID_acc:0.890 lam:0.2998 lr:3.77e-03
2026-05-13 20:00:02,237 PAT.train INFO: Epoch[63] Iter[480/561] loss:2.796 reid:1.963 pc:0.075 cam:0.757 cam_acc:0.680 ID_acc:0.893 lam:0.2998 lr:3.77e-03
2026-05-13 20:00:32,632 PAT.train INFO: Epoch[63] Iter[540/561] loss:2.765 reid:1.938 pc:0.068 cam:0.759 cam_acc:0.680 ID_acc:0.897 lam:0.2998 lr:3.77e-03
2026-05-13 20:00:41,321 PAT.train INFO: Epoch 63 done. lambda_eff=0.2998 cam_acc=0.681 Time/batch:0.507s Speed:63.1img/s
2026-05-13 20:01:12,576 PAT.train INFO: Epoch[64] Iter[60/561] loss:2.762 reid:1.997 pc:0.010 cam:0.755 cam_acc:0.688 ID_acc:0.892 lam:0.2998 lr:3.67e-03
2026-05-13 20:01:42,919 PAT.train INFO: Epoch[64] Iter[120/561] loss:2.864 reid:2.031 pc:0.065 cam:0.768 cam_acc:0.680 ID_acc:0.882 lam:0.2998 lr:3.67e-03
2026-05-13 20:02:13,246 PAT.train INFO: Epoch[64] Iter[180/561] loss:2.905 reid:2.021 pc:0.119 cam:0.765 cam_acc:0.681 ID_acc:0.877 lam:0.2998 lr:3.67e-03
2026-05-13 20:02:43,665 PAT.train INFO: Epoch[64] Iter[240/561] loss:2.892 reid:2.001 pc:0.131 cam:0.761 cam_acc:0.684 ID_acc:0.882 lam:0.2998 lr:3.67e-03
2026-05-13 20:03:14,015 PAT.train INFO: Epoch[64] Iter[300/561] loss:2.877 reid:1.984 pc:0.127 cam:0.765 cam_acc:0.681 ID_acc:0.885 lam:0.2998 lr:3.67e-03
2026-05-13 20:03:44,425 PAT.train INFO: Epoch[64] Iter[360/561] loss:2.855 reid:1.971 pc:0.125 cam:0.758 cam_acc:0.683 ID_acc:0.887 lam:0.2998 lr:3.67e-03
2026-05-13 20:04:14,732 PAT.train INFO: Epoch[64] Iter[420/561] loss:2.837 reid:1.958 pc:0.123 cam:0.756 cam_acc:0.683 ID_acc:0.889 lam:0.2998 lr:3.67e-03
2026-05-13 20:04:45,130 PAT.train INFO: Epoch[64] Iter[480/561] loss:2.804 reid:1.938 pc:0.113 cam:0.753 cam_acc:0.684 ID_acc:0.892 lam:0.2998 lr:3.67e-03
2026-05-13 20:05:15,567 PAT.train INFO: Epoch[64] Iter[540/561] loss:2.756 reid:1.905 pc:0.102 cam:0.749 cam_acc:0.687 ID_acc:0.897 lam:0.2998 lr:3.67e-03
2026-05-13 20:05:23,754 PAT.train INFO: Epoch 64 done. lambda_eff=0.2998 cam_acc=0.687 Time/batch:0.508s Speed:63.0img/s
2026-05-13 20:05:54,971 PAT.train INFO: Epoch[65] Iter[60/561] loss:2.729 reid:1.956 pc:0.033 cam:0.740 cam_acc:0.689 ID_acc:0.884 lam:0.2998 lr:3.57e-03
2026-05-13 20:06:25,281 PAT.train INFO: Epoch[65] Iter[120/561] loss:2.875 reid:1.967 pc:0.163 cam:0.746 cam_acc:0.685 ID_acc:0.880 lam:0.2998 lr:3.57e-03
2026-05-13 20:06:55,710 PAT.train INFO: Epoch[65] Iter[180/561] loss:2.981 reid:1.985 pc:0.236 cam:0.760 cam_acc:0.678 ID_acc:0.879 lam:0.2998 lr:3.57e-03
2026-05-13 20:07:26,100 PAT.train INFO: Epoch[65] Iter[240/561] loss:2.985 reid:1.988 pc:0.235 cam:0.762 cam_acc:0.679 ID_acc:0.879 lam:0.2998 lr:3.57e-03
2026-05-13 20:07:56,473 PAT.train INFO: Epoch[65] Iter[300/561] loss:2.965 reid:1.978 pc:0.226 cam:0.761 cam_acc:0.678 ID_acc:0.884 lam:0.2998 lr:3.57e-03
2026-05-13 20:08:28,753 PAT.train INFO: Epoch[65] Iter[360/561] loss:2.940 reid:1.966 pc:0.214 cam:0.759 cam_acc:0.680 ID_acc:0.887 lam:0.2998 lr:3.57e-03
2026-05-13 20:09:02,713 PAT.train INFO: Epoch[65] Iter[420/561] loss:2.890 reid:1.940 pc:0.192 cam:0.758 cam_acc:0.682 ID_acc:0.891 lam:0.2998 lr:3.57e-03
2026-05-13 20:09:36,753 PAT.train INFO: Epoch[65] Iter[480/561] loss:2.844 reid:1.919 pc:0.169 cam:0.756 cam_acc:0.682 ID_acc:0.894 lam:0.2998 lr:3.57e-03
2026-05-13 20:10:10,821 PAT.train INFO: Epoch[65] Iter[540/561] loss:2.801 reid:1.899 pc:0.151 cam:0.752 cam_acc:0.686 ID_acc:0.899 lam:0.2998 lr:3.57e-03
2026-05-13 20:10:20,734 PAT.train INFO: Epoch 65 done. lambda_eff=0.2998 cam_acc=0.689 Time/batch:0.532s Speed:60.1img/s
2026-05-13 20:10:20,734 PAT.test INFO: Enter inferencing
2026-05-13 20:13:39,054 PAT.test INFO: Validation Results
2026-05-13 20:13:39,054 PAT.test INFO: mAP: 74.6%
2026-05-13 20:13:39,054 PAT.test INFO: CMC curve, Rank-1  :86.0%
2026-05-13 20:13:39,054 PAT.test INFO: CMC curve, Rank-5  :96.4%
2026-05-13 20:13:39,054 PAT.test INFO: CMC curve, Rank-10 :98.5%
2026-05-13 20:13:39,054 PAT.test INFO: total inference time: 198.32
2026-05-13 20:13:39,057 PAT.train INFO: =====saving epoch: 65=====
2026-05-13 20:14:14,769 PAT.train INFO: Epoch[66] Iter[60/561] loss:2.698 reid:1.948 pc:0.004 cam:0.746 cam_acc:0.683 ID_acc:0.884 lam:0.2998 lr:3.47e-03
2026-05-13 20:14:47,813 PAT.train INFO: Epoch[66] Iter[120/561] loss:2.756 reid:1.979 pc:0.036 cam:0.741 cam_acc:0.688 ID_acc:0.883 lam:0.2998 lr:3.47e-03
2026-05-13 20:15:23,274 PAT.train INFO: Epoch[66] Iter[180/561] loss:2.778 reid:1.982 pc:0.048 cam:0.747 cam_acc:0.685 ID_acc:0.881 lam:0.2998 lr:3.47e-03
2026-05-13 20:15:57,379 PAT.train INFO: Epoch[66] Iter[240/561] loss:2.748 reid:1.961 pc:0.047 cam:0.739 cam_acc:0.689 ID_acc:0.883 lam:0.2998 lr:3.47e-03
2026-05-13 20:16:32,035 PAT.train INFO: Epoch[66] Iter[300/561] loss:2.747 reid:1.962 pc:0.047 cam:0.738 cam_acc:0.689 ID_acc:0.884 lam:0.2998 lr:3.47e-03
2026-05-13 20:17:03,423 PAT.train INFO: Epoch[66] Iter[360/561] loss:2.729 reid:1.941 pc:0.046 cam:0.742 cam_acc:0.686 ID_acc:0.888 lam:0.2998 lr:3.47e-03
