imageName,Corresponding Indexes
000001.jpg,2502 2152 1113 1605 1525 1371 1987 815 941 84 1866 1144 2623 481 1084 1280 909 1139 2263 1198 2572 1953 214 1602 2348 2141 2115 244 1616 1696 474 2678 1477 117 2841 205 1927 106 2101 1205 594 275 327 1979 2030 2791 1591 2503 270 183 1184 1960 40 851 785 2303 1726 1283 2494 1659 621 1687 2048 1768 2761 1891 1922 2620 1400 1632 96 2245 2060 1032 189 2203 43 1108 1232 2197 907 2386 398 1458 629 2677 281 1502 1880 1802 2498 387 905 1641 1423 1263 1365 959 2514 2627
000002.jpg,1656 2501 2044 1934 2817 2528 2411 1644 1624 817 188 85 1926 2790 943 1102 1405 221 987 312 2832 2300 1407 635 1319 611 547 1386 556 2270 2082 1190 2574 2034 2545 1146 197 463 1796 1202 2424 2515 433 2375 4 2389 2289 2631 1983 1369 1545 626 925 348 518 1710 860 1701 659 1417 1788 1870 2649 26 1752 439 1029 155 795 1489 2454 305 1640 51 1584 2045 2023 64 201 2713 2309 1860 2148 2753 489 675 2084 2367 59 833 1948 2650 1627 2397 1092 2419 606 480 562 992
000003.jpg,811 1005 1079 410 544 2730 434 1325 112 749 2746 1670 1379 2299 2364 2788 2290 937 1783 1243 2151 1110 2549 1311 1131 1466 338 1455 1794 1040 365 568 257 1068 673 435 605 730 1424 2341 593 2219 1966 253 648 821 1309 336 1133 1968 1498 2095 717 870 248 678 94 2005 2560 1020 1581 2830 2251 1634 1573 2697 1516 610 2417 1850 535 1142 2516 1526 2196 881 855 1527 2377 709 2087 1707 883 1871 2492 2243 2519 416 2843 1992 2680 1779 2145 406 1385 843 774 800 1094 1936
000004.jpg,1473 12 1876 2809 1721 2617 2657 637 274 608 526 864 994 508 521 2308 1452 598 1088 2499 1330 255 123 2427 619 2150 2712 217 1757 882 140 1868 1725 444 531 368 2445 2580 2089 1439 2051 986 1255 2435 1899 2083 1910 2704 1433 1931 2526 1555 482 2708 657 677 2291 2057 574 494 146 2183 1567 1237 1981 446 2598 329 804 2436 2207 1055 2728 1944 1056 2294 1067 2305 79 1874 1943 1241 2369 2408 1236 1235 2409 1233 1232 1231 1239 1243 1246 1244 1263 2401 2157 1260 1365 1259
000005.jpg,1533 2579 545 1213 2066 1115 2546 1389 2054 2260 304 2113 483 374 1300 2178 789 2317 2759 761 1093 2277 1801 581 2072 2114 2249 1087 2784 1353 898 1137 614 1207 1786 1971 1427 1683 1257 1749 1727 2555 834 1044 1558 727 589 658 1898 2000 240 407 341 1277 1883 803 1593 1091 1057 1394 646 1306 1166 1928 714 529 2409 777 1996 1590 895 93 1334 2323 1449 230 328 376 1447 44 766 2238 1559 1106 2242 485 1951 1175 1019 2022 63 16 1469 1483 1180 2540 989 2058 1818 2504
000006.jpg,2034 2545 1796 100 48 715 1569 64 2721 439 2309 1860 201 2713 2433 562 2376 51 305 1640 1901 1656 1490 1453 155 817 2817 1624 1644 2528 2501 2044 2411 1934 1926 1405 188 221 85 943 2300 2790 1407 1102 987 2631 2289 2832 312 2650 2023 1948 635 1096 1416 1319 611 231 1870 1584 2045 2649 1369 26 925 518 2454 712 1316 348 2272 1496 2538 2714 2556 1617 1422 2628 663 1965 1636 2439 1261 2815 2755 1051 194 547 1386 480 1417 1489 1993 1218 1381 1658 2836 1782 2352 747
000007.jpg,767 277 1443 1833 1938 1747 2496 889 2686 211 1460 2532 2510 431 1980 2685 369 1989 2702 2315 1839 70 1035 951 2818 1390 2622 1557 2561 2015 1252 2161 2478 2772 1834 2757 191 1165 2302 2077 2777 1753 1125 1759 315 601 2663 2 18 1842 1548 269 1413 578 1391 126 2276 990 1908 2471 2601 502 1357 39 250 1340 1975 684 2388 1767 284 1239 1265 1241 2408 1266 1944 1942 1943 1257 1256 1255 1254 2404 1259 1260 1251 1250 1249 2405 1247 2157 1246 1245 1244 1243 2401 1263 2400 1237
000008.jpg,2624 1845 126 1235 297 848 1114 1908 103 1323 931 1830 702 688 2276 1767 284 1186 578 835 2471 990 502 2601 1340 1107 522 903 1413 2388 2314 1391 2667 1821 1608 1720 768 684 250 1975 65 1254 1310 1512 211 1460 2532 369 1989 2496 2561 70 2663 2 2077 2478 2823 277 767 2777 1125 1753 2510 431 18 1842 601 2346 1916 475 5 1515 315 1759 2757 1390 1557 2622 2772 1035 1723 191 2302 1165 1260 1247 2405 1249 1259 1251 1942 1257 1256 1198 1255 962 2404 1252 1250 1197
000009.jpg,327 117 1979 2303 1184 2494 1198 2791 1205 275 1659 1502 2030 907 2203 2179 23 1687 298 1922 2620 1400 1080 1084 1641 510 2101 594 1537 1371 1525 2623 1280 2573 690 2263 1397 420 2768 2572 1488 1738 1423 2245 2521 629 1285 2627 396 148 1570 2677 281 2678 1591 543 205 973 306 2706 1144 1973 2132 1425 474 1263 2014 2124 375 2169 946 1750 448 905 1326 473 953 1866 2222 425 1380 2152 2502 1605 1139 104 980 1884 1610 1015 2118 1953 423 1113 1471 1487 924 2443 851 1960
000010.jpg,865 2568 2217 2415 427 2047 370 1793 1189 1399 964 2038 358 1236 2267 2380 2120 2221 1070 2031 743 901 955 698 1952 2808 1266 1521 2333 2629 1429 2428 1430 1699 1553 2640 500 2539 2798 729 56 2032 1886 323 340 1256 121 193 988 1249 571 933 672 2828 569 2090 2423 2795 1499 2570 2602 1668 1374 2117 1431 36 2335 1329 839 932 1049 536 1764 2839 432 802 2671 828 2578 377 733 1337 1872 437 380 760 981 1233 1041 1038 2421 1754 1910 1588 1132 554 868 1888 2264 681
000011.jpg,561 27 1273 1248 2311 1356 113 1435 625 1961 2794 1505 1781 216 1274 679 2053 1921 2236 525 1299 252 2091 239 2164 2061 822 2137 1262 455 1612 1506 383 2693 1647 2402 1972 721 131 268 1875 1598 858 1037 1124 1843 618 1021 200 2017 2470 1475 2142 1395 1756 2279 1168 1829 653 449 495 2028 1956 1704 532 391 1216 1140 1503 2814 2406 1648 1187 2173 2280 412 2698 1127 2232 1924 241 330 2742 354 2099 1376 1317 799 654 290 344 2773 503 139 245 2565 838 1500 209 1472
000012.jpg,2550 1104 1669 1507 2414 2754 575 752 2019 839 932 1049 2823 897 1177 107 2604 1691 1521 2176 397 2641 55 728 1194 1425 2071 698 955 1761 1933 1790 1153 1865 1227 1249 2194 829 205 669 476 423 2261 2150 1625 2153 894 419 2554 2493 2247 2324 350 2305 96 2168 1057 1449 2627 396 339 863 1646 2677 281 1098 1321 1032 189 2060 1632 661 835 1927 106 394 1879 2357 1906 2093 393 2136 1244 1183 1462 2359 832 291 1535 540 2156 956 2387 750 334 1603 1541 820 2567 1171
000013.jpg,1434 1298 540 1535 291 832 1346 2129 1004 940 2112 2737 1343 949 2022 63 1019 1257 783 1786 1971 1999 2317 376 1483 1469 93 1590 895 614 1137 1561 1207 1087 1558 2072 1333 1166 1928 898 1447 44 2242 1631 1103 761 617 714 1760 182 1712 954 1685 2249 1357 198 75 2542 1091 39 1749 777 1996 1785 16 149 1593 564 1180 2495 926 230 1757 986 882 123 1255 76 341 2409 1727 2555 1277 1818 1795 1228 1513 1773 1161 1847 2354 310 1057 1940 1841 1986 2566 1898 739 2224
000014.jpg,1506 2025 2669 2070 192 1781 2794 1141 61 207 225 383 455 1262 1274 1780 1924 1787 654 2396 1127 1299 2164 239 2091 1140 1216 290 653 2173 209 139 1356 245 838 2280 216 49 525 27 1505 391 408 2311 1282 356 296 1472 113 625 449 1248 2470 2232 1037 1124 2531 344 1435 252 726 679 52 2053 346 2821 822 2137 1829 2279 1168 1612 2693 2285 858 1598 418 1481 131 2690 2467 999 1843 1941 2236 1568 643 2565 1022 1011 2687 363 495 1692 268 1875 655 331 464 1706
000015.jpg,835 1114 931 2624 2667 65 702 1830 522 1107 1908 1845 768 903 1254 1310 1512 284 126 1767 2388 2601 2471 502 990 848 1340 578 684 2276 250 1975 1608 1720 1821 1425 1323 103 1186 688 1413 297 1235 2314 1391 1449 350 2305 2823 1057 333 309 1217 856 752 1669 1104 205 2019 1515 5 2550 1507 575 2754 2324 2493 2247 423 1462 1591 2359 1183 1625 861 1691 2414 1907 1884 2118 1610 1015 980 1632 419 2153 894 2554 96 362 2258 1841 2027 69 104 2103 863 1646 339 300
000016.jpg,57 1930 2174 1234 1792 2418 210 1575 570 2456 280 1580 2004 1392 1665 1861 1034 1276 793 1859 2186 689 1758 2461 2330 2125 1072 2327 2374 746 2229 294 421 1279 704 422 2838 1724 1375 493 1664 2548 756 77 133 1030 797 366 859 1947 1358 2513 934 1196 548 976 1716 1576 2694 884 2155 185 1348 1292 1857 228 2541 2590 2662 263 2672 801 1776 2123 2581 1457 656 1551 1229 2332 1350 1887 2356 885 857 1043 720 1193 2184 1765 2039 2588 158 880 242 1086 2206 706 470 2659
000017.jpg,844 509 2457 1515 5 1426 2128 1766 609 2404 1061 163 388 2448 1556 1637 1889 2725 957 466 2464 744 2115 1616 1696 244 498 2351 1326 2124 375 2014 473 425 1477 2508 592 2366 2169 306 1080 23 2348 214 1602 22 1214 1738 1953 2567 2751 690 1537 148 2521 1659 510 2109 1488 594 1866 2179 1661 2203 1171 2768 1397 420 1502 2303 1139 40 1960 1205 2706 2162 19 1610 1015 909 1184 953 1744 2726 520 232 1945 2841 980 1884 2118 2566 1487 1471 924 2494 1084 1605 2573 1401
000018.jpg,2028 532 238 28 671 1563 2250 1956 505 503 1704 152 2773 2552 726 1339 999 772 734 696 633 2819 458 2500 2181 523 2674 1896 711 2814 2592 847 1680 655 331 2322 2099 330 313 1376 2742 354 131 1875 268 1827 295 2191 2052 1843 972 1532 2177 2193 2716 1275 1929 1746 2228 120 2283 2429 1475 1741 1730 430 602 2236 534 806 2557 504 2681 1503 2565 175 1708 1011 1024 261 2470 2687 1335 2806 587 220 484 2142 2765 495 2531 53 1706 464 314 1008 2059 1506 849 872
000019.jpg,1316 1965 1636 1496 1752 2815 1146 2556 950 2272 518 1840 663 2538 2631 2832 312 2069 987 2367 4 59 440 1102 1202 2389 1799 635 1545 2628 992 2046 1586 497 1051 626 2352 1860 201 2713 194 1362 1407 1218 1416 1096 85 556 1897 547 1386 735 2050 1658 2241 2309 1261 613 283 2270 2082 1737 826 1045 2376 1901 266 2477 1948 2433 1490 1453 1926 2300 747 1624 1644 258 2044 2501 2790 221 2836 1381 1782 2553 2439 155 179 550 1934 611 1319 231 1123 2755 2411 1649 2767 1617
000020.jpg,1539 352 2833 2269 299 2139 2092 879 1816 1366 1480 2801 1619 2363 557 2460 2175 2797 1660 2607 2633 1549 2576 2844 2104 1242 2524 1814 273 2403 1982 1925 2473 867 2371 1815 667 741 2710 1735 2226 264 837 2455 1009 403 1349 2484 2776 1863 537 2138 2771 428 2189 2431 385 814 2063 1807 991 1295 1159 1373 90 1025 2731 577 2595 147 641 1122 1589 1803 687 1509 127 2385 685 2517 262 888 226 1 307 1520 2727 1618 2399 2444 2213 2783 1811 1355 1167 1291 1238 267 891 2486
000021.jpg,540 949 1561 783 617 1346 2129 1535 832 291 1343 2737 940 1004 2242 2112 1298 1999 1434 1019 1631 1093 63 2022 2542 1103 310 1228 2827 2111 1856 1513 1847 1161 1785 60 1795 1773 2441 2238 407 766 777 1996 1091 1197 1898 1760 1712 182 499 198 75 2656 1693 2149 149 1914 341 1304 2785 95 2317 2016 1743 328 2497 954 1685 824 596 132 1176 695 2504 983 230 2547 576 2190 1483 376 88 1476 2745 1683 895 93 1590 1333 1672 2437 1593 2202 1257 1786 1971 232 1945 520
000022.jpg,2489 2699 1846 1538 2247 76 2495 564 926 1818 1180 2493 2324 230 1357 2288 2281 39 1091 1996 777 2224 739 2019 1786 1971 1257 989 2114 581 751 2414 2754 575 2550 1507 1104 1669 2409 1928 1166 107 1177 2604 397 2641 728 1194 55 2176 362 2258 1841 737 436 215 1691 364 2040 1900 2080 1523 441 2383 93 1590 895 101 341 1883 1353 2784 1482 2000 2381 2695 2787 1898 1137 614 1106 1559 845 373 803 1593 1719 2072 1300 1036 318 1152 1361 1451 1804 1601 2036 198 2497 75
000023.jpg,222 1436 2218 1504 2512 2362 1305 2355 1790 1933 850 2071 796 2691 1911 2096 836 935 1052 1098 1321 897 2156 2645 2750 1638 1709 1806 2201 2432 2450 755 1736 2342 144 320 1200 1682 1479 1387 2318 2420 99 823 1267 2593 208 595 2587 399 1510 372 2655 1976 1006 443 2452 461 2074 1599 1676 2642 1145 1717 477 380 2446 666 599 73 1628 453 401 2163 981 731 2469 2126 1621 396 2627 2677 281 2537 1865 2449 1160 1872 760 437 1233 256 2147 8 1671 2535 1474 745 325 1047
000024.jpg,312 2832 987 1146 1102 4 1545 59 1202 1752 635 2389 2367 950 626 547 1386 556 1407 85 2082 2270 611 1319 2790 1624 1644 1799 2300 2044 2501 2411 1934 221 2528 2069 188 943 1737 1405 1926 518 2631 266 2477 283 1496 1316 826 613 663 2538 1636 1965 1656 817 2556 2815 1840 2272 440 2817 2241 1045 1658 735 64 2050 439 1422 1617 1788 2034 1796 2545 2628 1051 48 2649 1870 480 2454 2769 231 173 2553 155 550 179 2515 1190 2574 1983 2424 1901 1453 1490 2375 463 433
000025.jpg,757 1728 2533 1231 293 2320 1149 29 2673 286 2172 2024 2021 754 2756 2430 1689 1533 2787 426 1597 2143 24 634 218 853 2472 1312 1984 1804 967 2054 1719 184 213 1593 2260 739 646 1175 1951 485 2408 2277 1801 1166 2409 1928 529 2296 2235 91 792 2295 135 558 2413 2638 707 119 1383 80 1296 1394 2540 589 658 727 1306 395 2644 1448 1849 2000 1427 2224 1559 1106 1265 1353 2784 2354 1478 1300 1798 572 962 483 1451 1361 1883 1334 545 465 1230 1389 789 240 251 1590
000026.jpg,1022 2821 346 2690 2467 363 478 52 402 290 2465 2505 1378 1438 471 758 936 786 418 1481 389 1662 2687 2244 1465 780 108 806 534 1692 1918 467 2059 484 2429 753 840 1568 1039 2407 2301 628 2398 1220 2634 1475 2806 452 1730 89 999 53 2611 344 1275 1929 643 2765 2698 2285 726 1273 1506 1048 138 1472 2236 464 1706 295 314 1008 1789 225 61 207 1612 1941 1787 241 1026 655 331 2470 2396 192 2142 2232 782 1018 2632 2025 2669 1780 653 788 495 1831 927 1655
000027.jpg,67 627 2583 1810 2509 1406 1012 249 1001 2350 2121 202 1075 494 2057 2291 574 1223 2435 2683 657 1944 1055 2294 647 1899 677 1555 146 2639 686 1874 482 2719 1721 2809 1876 790 2708 1452 2580 2220 140 1868 2813 12 1473 1937 2051 1439 2728 2248 2427 1185 939 2436 2598 329 2207 804 1056 2183 725 1825 447 2526 1931 2089 682 2438 2825 2766 1777 2382 1592 491 2569 2286 1076 1464 948 2393 1639 692 2292 2736 2445 1962 217 255 1330 2704 1433 2319 2068 2665 722 974 598 79
000028.jpg,196 353 2474 776 98 2361 869 2462 1864 1819 2334 1963 1625 910 1643 585 276 233 2353 1042 2256 701 2067 2081 871 2027 809 2103 1402 781 69 381 2001 1600 883 416 2264 1344 2110 664 11 153 206 1751 2391 2012 1077 2132 1973 265 2582 1204 2603 343 1633 515 2157 2336 247 282 607 765 923 1179 2328 2491 975 2304 1977 1579 9 862 764 719 2008 66 1778 2093 2485 2551 2018 2146 1289 2284 2426 873 1128 2487 1287 2803 1565 1031 827 400 2661 819 1667 1585 2575 887
000029.jpg,295 726 1275 1929 999 1730 2806 2687 331 655 1475 504 2236 2429 2059 534 806 484 2301 2407 430 1875 268 1008 131 1662 1843 314 2765 220 1240 290 1706 464 1481 418 52 53 780 89 1024 478 346 2285 1789 2053 786 2470 1022 2244 1465 2565 452 1050 1011 2821 344 1941 389 1039 2531 1503 2715 1438 471 2142 840 1506 1568 402 758 1378 363 495 1918 1037 1124 1655 927 1831 2634 1274 1216 1140 108 467 2773 936 1715 1635 1967 390 2062 2698 2690 2467 2505 2465 33 1500
000030.jpg,2414 2550 1177 107 2604 1507 1104 1669 2641 397 728 2176 55 1194 575 2754 2019 1691 584 2695 845 373 441 2383 1523 1016 1482 2080 2395 1244 2136 393 2324 2247 2493 863 339 1646 736 2326 2691 1911 796 751 1450 830 2495 564 76 1538 230 2288 2489 2699 1180 1846 1818 926 2281 1357 2752 1734 1028 1748 2036 2159 1467 1459 2233 2239 1601 2234 2192 1690 2254 2360 2073 379 457 187 920 2224 2823 1996 777 39 1091 2351 2508 1449 1346 832 1749 291 1057 2129 1535 540 1036 318
000031.jpg,1721 1876 2809 1473 12 2051 1439 598 526 864 994 608 274 508 2499 1088 1555 531 1452 140 1868 2057 574 2291 494 1725 444 368 2183 1408 271 1771 2440 1677 1892 1942 1998 2037 2625 2220 1056 482 2435 1223 2526 1931 939 657 677 2683 1899 647 790 2427 2639 2089 146 1433 2704 2580 2445 1874 329 2436 2598 686 1944 1055 2294 804 2319 2509 1810 2708 2719 2617 2657 637 306 2508 2169 202 1075 2728 2207 627 249 1406 1012 217 255 1330 2766 2825 447 2622 1390 1833 1980 767
000032.jpg,307 2473 1 2399 2138 403 685 352 1815 1520 2727 2484 2455 1009 837 1349 1622 600 1025 264 2100 2063 1159 1618 2213 573 17 846 642 317 2486 795 1338 1994 913 234 1572 537 2811 2255 2412 1060 2338 1571 1814 1539 90 961 2226 2092 349 2833 2844 2269 2253 1409 2223 1698 2797 1615 195 2709 2403 969 1862 2158 1540 2340 2175 2648 2189 46 892 1095 2834 223 2635 2372 2710 2139 299 1964 2614 1816 2576 2215 405 1828 2835 2371 1122 1589 267 1291 1238 2339 166 891 2466 1480
000033.jpg,2794 1781 27 2070 239 2091 2164 2311 1141 383 113 1505 1299 1248 1356 525 1506 625 1435 654 1262 455 216 449 2173 2669 2025 2280 49 838 1924 679 245 139 209 252 192 822 2137 1274 858 1598 61 225 207 1829 1168 2279 2396 408 1787 1961 290 1612 1140 1216 344 653 561 2232 356 1282 296 1127 1780 1273 391 1124 1037 2316 533 2017 200 1021 618 495 2698 241 1472 2693 2061 2402 721 1647 1972 1843 131 2053 2565 1921 2142 33 1500 1875 268 1303 2285 2470 2236 799
000034.jpg,2502 2152 1113 1605 84 941 815 1987 481 2141 106 1927 1866 244 2115 1696 1616 1477 270 1144 1371 1525 1139 183 1953 96 1632 1891 1283 2048 2761 1768 621 205 2503 2101 594 189 2060 1032 785 2841 959 1108 1602 2348 214 2623 2494 1064 45 2056 2522 2197 1960 40 1198 171 117 909 506 1844 1286 565 1591 398 1458 2768 420 1397 1365 1922 1400 2620 2203 851 592 2263 752 1184 1084 2572 629 281 2677 2030 1723 2816 2791 2401 423 1364 1280 1232 1502 327 1880 1802 1570 2153
000035.jpg,2011 645 1054 2707 1623 1679 1328 1444 947 1663 445 1649 2767 1045 2130 2840 1617 1422 1552 169 1544 2837 712 2439 2050 735 179 1381 2836 1782 2241 1658 1993 1029 440 550 1218 1261 2352 1051 1840 194 2628 305 1640 51 155 2735 463 1489 562 1253 1775 2287 319 197 860 1701 1417 433 2375 1710 2631 2721 1948 1416 1096 2649 992 497 2046 1586 1369 1897 1870 1569 715 2714 480 2289 2454 659 2769 1362 2650 100 134 925 26 663 518 439 64 965 2538 1788 1437 1486 900 48
000036.jpg,1113 1144 2502 2152 2677 281 629 1605 1866 986 1255 1757 882 123 1184 895 1590 93 2627 396 1602 214 2348 244 1696 1477 2115 1616 1462 2359 1183 2494 2203 1940 1841 1986 117 1971 1786 941 84 2030 1659 594 2791 1502 909 1371 1525 907 1927 106 1137 614 1400 2620 1922 815 1987 205 1953 1139 1960 851 40 1232 2101 1434 189 1632 96 1032 2060 1423 1641 946 1979 1380 2303 2197 1197 2542 1166 1928 1425 2207 1130 2258 1825 1962 725 442 2558 2506 165 2728 362 2409 481 2521
000037.jpg,494 2057 2291 574 1223 2683 647 2639 2435 146 1555 1874 482 1899 677 1439 2051 2220 1931 2526 2183 2427 939 682 2438 2089 657 2569 1592 491 1721 1876 2809 686 2445 2708 2813 1433 2704 1937 255 598 974 2248 2580 1473 12 1330 217 1639 2393 948 2598 329 2436 2382 804 1452 1185 274 1088 2719 790 140 1868 2308 1464 608 994 447 1777 1944 1055 2499 2766 2825 864 526 2728 2712 619 1076 2286 531 521 508 368 1725 444 2294 2207 725 1825 637 2617 2657 271 2440 1408 1942
000038.jpg,1993 179 550 2130 1045 2050 735 1788 1489 197 463 1710 1701 860 440 712 2649 1417 1617 1422 2769 480 2767 433 2375 1369 2241 1870 1029 2454 2538 2289 1840 2714 2011 2650 663 26 645 925 348 1658 445 1649 2840 1782 1381 2836 1051 2439 1552 1544 2837 169 518 2628 1261 51 1640 305 1663 1444 947 155 1218 1328 547 1386 556 2631 562 2270 2082 1623 2707 1679 231 2735 1054 1319 611 188 134 769 2482 1895 161 817 194 173 1253 1926 2352 659 2721 2817 439 221 1405 943
000039.jpg,2043 2171 2810 2666 650 2816 807 1723 2346 1916 475 820 1891 1603 334 750 1260 1541 2841 2387 411 1153 1761 759 922 6 2643 1697 1456 1188 1221 1858 285 372 1284 1702 1763 582 546 829 468 122 37 1570 1139 620 732 1083 229 2313 956 2167 2268 1227 1865 1797 1882 2261 476 181 2823 1090 1953 1605 669 2168 2118 1884 980 2768 420 1397 2476 1610 1015 298 2194 2425 148 459 448 661 953 1082 1308 1602 214 2348 1866 1560 1738 2502 2152 924 1471 1487 2521 1267 594 1006
000040.jpg,1656 2817 1934 817 2044 2501 2528 2411 1624 1644 1926 85 2790 188 943 1102 221 2300 1407 1405 987 312 2832 635 1319 611 556 1386 547 2270 2082 2034 2545 1146 1796 4 1202 2574 1190 197 463 626 860 1701 2389 2375 433 1545 1870 1369 2649 2515 2424 26 2631 518 1860 201 2309 925 439 64 2289 1417 2713 1752 348 1710 1737 283 2477 1489 1788 2454 659 1948 795 826 266 1983 1901 59 2367 2023 2045 1584 2069 2433 2376 1029 1640 305 155 562 51 1416 1096 100 48 2721
000041.jpg,27 1124 1037 2053 1216 1140 1921 1395 1756 2061 1972 721 1647 2402 2236 1317 391 561 1635 1967 390 1715 1274 805 1755 1918 1050 430 1303 331 655 2693 936 1612 2406 1187 1648 1506 344 1924 799 1472 402 1008 726 314 363 1475 1127 643 138 1273 653 216 1780 1438 471 478 1011 999 159 1293 326 580 31 2232 2301 2407 296 356 1282 408 2611 1299 2017 618 1021 2698 1356 1568 200 533 2316 1097 2531 838 822 2137 412 49 1781 2465 2505 1248 1829 1168 2279 2396 1435 113
000042.jpg,2843 257 1707 1526 2516 416 288 392 1325 1871 883 1946 1731 1138 2613 2145 406 1779 1385 1800 1645 1007 410 1079 1419 2331 301 811 1442 1992 2609 1969 1511 2102 2394 773 112 1516 535 937 1455 2763 519 2377 1527 749 544 2219 105 1778 2341 751 253 1068 730 434 1670 2110 664 338 1466 2549 742 186 2730 709 1783 1681 1894 1005 1495 248 648 1133 843 1794 2788 1110 1705 1311 821 336 11 1424 94 2746 1243 1131 2290 487 1742 337 673 593 1498 1966 2364 2299 1968 538
000043.jpg,1083 582 546 1702 620 732 2643 759 1221 285 6 181 1260 1797 636 1536 2807 1318 807 2278 2476 1882 1891 2425 42 1858 2816 1723 1697 2261 2761 1768 2048 2810 661 2194 2168 2171 2043 956 1570 922 1227 476 1188 2346 475 1916 270 468 2313 1456 669 829 411 448 372 1153 2116 2688 1761 820 1603 122 229 1726 2386 298 1284 1199 750 334 2841 650 2666 1283 398 1458 37 1596 1285 2167 2678 387 2498 973 2101 971 1198 474 644 2188 2263 2442 2720 1865 1108 2562 1525 1371
000044.jpg,1114 931 2624 1845 1830 702 848 835 126 522 2667 1767 903 1235 1908 1107 1340 2388 768 297 284 688 2276 1186 578 990 2601 502 2471 103 1323 1720 1608 1821 684 1413 2314 65 1310 1254 250 1975 1391 1512 1989 211 2532 369 2496 1460 2663 2 18 1842 601 2823 767 277 475 1916 2346 5 1515 2757 315 1759 1557 1390 2622 431 2561 70 2510 2478 2077 1839 1035 202 1075 1425 1907 2305 350 1723 191 2302 1165 1968 1267 1266 1265 2400 1263 2401 974 2157 975 2495 1260 1259
000045.jpg,269 1548 1980 2685 2315 2702 1833 1443 1938 277 1165 191 2302 1390 2622 1557 889 2686 1747 2161 1057 1749 2757 1759 315 44 16 1483 1570 2317 1891 2510 431 1447 1469 376 2437 1672 1449 1836 1940 1986 1841 2249 601 2663 2 2258 1990 369 1989 676 2816 1723 2700 767 70 2785 1914 761 1605 298 2768 420 1397 2152 2502 1285 2180 683 1838 1714 1713 47 1116 1224 2772 2478 1825 362 725 165 2506 1130 2558 2346 1916 475 2532 2496 1460 211 751 6 285 1221 1178 442 1962 2207
000046.jpg,2268 2167 1697 1456 459 1188 1763 922 411 2043 2171 807 2810 1284 37 1090 6 2816 1260 1891 759 122 1308 1082 1723 1267 1570 2666 650 2643 1858 586 298 285 1006 448 2841 1285 973 1702 1221 1761 468 443 1916 2346 475 1153 1083 1882 229 546 582 620 732 2313 1884 980 2118 2706 956 690 372 2168 1227 2261 1610 1015 750 820 334 829 181 1797 1603 275 1380 476 669 1865 2791 2030 661 946 2476 1537 2387 1541 1139 1080 2194 1560 2425 1953 2494 23 1425 1979 2303 2593
000047.jpg,1532 1339 972 330 2099 2479 849 152 847 1896 1708 2557 2742 354 1741 81 2674 587 458 1704 2365 2819 734 696 1827 2500 1376 2228 2119 120 313 2527 2370 1956 2283 2177 671 2191 532 2028 2814 2181 1010 2534 175 238 28 92 1563 505 2552 2681 2250 2689 261 872 1917 2773 705 2199 649 503 2716 523 533 772 1335 968 1873 2592 1961 711 1746 633 771 2052 2610 1314 2764 1680 1441 552 2594 877 1156 2698 2322 1500 449 1117 1021 200 618 2017 1262 455 1885 1099 1650 1273
000048.jpg,1113 1144 2152 2502 1605 84 941 815 1987 2101 481 281 629 2677 1525 1371 117 1198 1591 205 2494 594 1477 1696 244 1616 2115 40 1960 327 474 2627 396 270 1205 2141 1979 1139 2620 1400 1922 851 2623 1866 1891 1641 1953 2791 1184 2030 1768 2761 2048 2359 907 183 1283 2263 1687 2503 1423 1927 106 2841 2203 104 2245 592 423 1232 275 1108 1502 621 2303 2768 420 1397 1084 1263 1750 1659 2678 959 909 214 1602 2348 1280 905 1458 398 2197 1462 1183 785 1064 2056 45 2522
000049.jpg,348 2714 2769 480 925 26 2454 1369 2649 1870 2538 663 1788 550 1417 1710 1701 860 1489 712 518 179 463 197 2289 2375 433 2650 2130 1422 1617 1029 231 2721 562 100 715 1569 1640 51 305 2050 735 48 1796 1895 161 769 439 64 440 155 169 2837 1544 2482 1045 2034 2545 2735 2439 2309 2713 1860 201 943 1386 547 1840 1453 1490 2631 221 2790 2241 2840 2082 2270 1253 173 1407 1405 1901 2300 2376 556 659 2628 1926 1102 2433 645 445 1552 2011 1319 611 2767 1993 817
000050.jpg,540 1535 291 832 2129 1346 949 783 1298 2737 1343 940 1004 1434 2112 617 1561 1999 1019 2242 1631 1103 2022 63 2542 198 75 1712 1760 182 60 2497 1161 1847 1513 149 954 1685 310 1333 1304 2827 1795 1773 1785 1093 2566 520 1945 232 1228 1197 2521 148 2441 1693 2149 2656 93 895 1590 2111 1856 2317 510 1738 1488 2573 953 1593 1743 594 2615 19 1471 1487 924 499 558 135 2413 2295 1257 2354 1914 407 766 341 2238 1898 2785 1448 1478 2016 1971 1786 376 1483 1733 2744
000051.jpg,2268 1057 751 1449 2167 459 16 1749 1450 830 44 1447 1732 603 2275 1620 1469 1678 2317 1483 1267 376 1073 956 1697 2258 1120 1147 1914 1570 2518 1082 1308 2437 1672 2249 2785 1646 339 863 586 1090 298 1836 1882 1763 1990 1006 973 1285 1456 2700 275 37 761 448 1284 1188 411 2136 393 1244 443 122 1761 676 669 829 2168 1631 1178 1380 946 1561 285 167 454 1044 468 2030 922 2791 2706 690 6 2383 1523 441 465 1425 2593 1221 1979 20 2222 2555 1277 1727 834 980
000052.jpg,1624 1644 2411 2528 1934 2044 2501 1656 2817 817 188 85 1926 1102 2790 987 312 2832 943 1407 221 1405 2300 611 1319 635 4 1545 1146 1386 547 1202 2389 2270 2082 556 59 626 2367 197 2034 2545 2375 433 1737 1796 1752 463 2289 950 1799 2477 2309 201 1860 283 2713 2574 1190 1369 925 1870 1701 860 2650 26 659 348 266 2649 826 1901 2433 2454 1983 100 48 439 64 1710 1417 1489 41 912 2208 2069 2376 715 2721 1569 613 1788 155 305 1640 562 51 480 2515 2424
000053.jpg,1526 2516 2843 1325 2145 1779 406 1385 257 1707 1871 1511 1969 1992 1442 2102 1007 288 1731 1138 416 2613 773 2763 519 883 392 1079 410 1645 1800 1946 535 1527 2377 811 742 1455 1516 1466 730 338 1894 112 1068 2219 751 749 821 2341 2549 709 186 2609 937 544 301 1419 2331 1670 1005 2290 664 2110 2730 2394 2746 434 1783 336 1681 2299 1495 1073 1678 253 1732 1705 2302 1165 191 2161 1778 105 1646 863 339 1850 830 1450 1620 603 2275 881 1311 2518 1379 1110 2136 1244
000054.jpg,472 537 1803 1059 551 342 1509 2473 2783 127 814 2431 385 2138 1295 1807 991 2595 147 577 1167 1811 1355 1530 2094 160 1078 1341 2758 1069 1607 1862 226 154 1421 2266 273 2213 2771 403 2710 2738 1863 2820 2444 641 888 262 2524 2104 1242 166 1373 2403 2385 2740 1524 2835 1828 405 1278 1025 687 961 2513 428 2727 1520 2781 1964 2614 2468 1629 741 1060 203 1159 1618 1349 307 2648 1101 2801 2013 867 1735 2189 2709 1 352 2607 2633 1660 1815 1549 685 2175 2776 1324 2063
000055.jpg,2045 1584 2023 2755 747 258 770 1320 188 1319 611 817 2034 2545 1656 2817 547 556 1386 1796 996 2530 1926 2134 2075 2373 1855 345 1934 1491 1416 1096 2692 2044 2501 1407 463 197 1029 2082 2270 1710 1417 2790 2300 85 1788 918 708 2528 715 100 48 1569 26 2649 1870 1276 1270 1264 1369 1261 1258 1253 1324 1373 1366 1234 1229 1218 1215 1375 1208 1202 1242 1238 1362 1377 1328 1338 1341 1316 1313 1307 1345 1348 1278 1295 1349 1292 1350 1291 1355 1279 1358 1360 1294 1 1428 1388
000056.jpg,2023 2045 1584 2755 747 258 770 1320 2545 2034 1796 2713 48 2433 715 1569 2556 2272 1860 201 100 1855 2075 2373 2721 2134 1496 1096 1416 1965 1636 2376 1316 2309 439 1490 1453 1485 64 1901 2815 562 1948 157 992 1586 497 2046 305 1640 51 996 2530 1897 1362 2352 194 1261 1218 1051 2628 345 155 1491 769 1895 161 2692 2631 1407 4 626 1545 611 188 1319 59 2389 918 708 1146 1202 1870 2649 26 1437 1576 1575 1292 1294 1572 1295 1307 1313 1571 1564 1552 1551 1549 1544
000057.jpg,1570 2268 298 2167 2706 690 459 1285 1697 973 1891 1537 448 2494 1080 1267 1723 2816 1884 2118 980 23 285 6 1474 745 1671 2535 325 2768 420 1397 956 1882 1221 1015 1610 37 8 1763 1456 1605 2030 2502 2152 122 1090 2791 1284 1205 546 582 1198 117 2666 650 2303 1659 275 1308 1082 2179 1502 148 468 1188 759 411 1916 475 2346 2449 922 2203 594 1232 851 327 2677 281 629 1738 1184 2593 396 2627 586 1006 1603 334 750 820 510 2572 1260 2643 2014 2124 375 1979
000058.jpg,505 523 28 1563 2181 2552 238 175 2283 2500 2191 313 2819 2681 458 2250 2716 734 1896 1827 152 120 2674 705 2365 849 671 2534 2370 1339 81 1708 1741 587 2689 2177 696 2479 2119 1532 847 2557 2592 2028 532 2527 2052 2228 972 2193 92 1704 2099 330 772 602 2742 354 1956 2322 1376 503 1873 2237 1111 1332 1917 1010 1680 633 711 740 1117 2764 1335 968 2773 2814 2144 68 699 553 1746 872 1164 963 1314 2265 1955 1182 2799 1543 1852 1109 162 2306 890 235 771 295
000059.jpg,734 1896 2674 847 1339 152 330 2099 2028 532 696 671 505 2742 354 1956 1563 458 1741 28 2819 2500 1827 2228 1532 313 2181 523 1704 2177 2283 238 972 175 587 1376 2814 503 2191 2250 849 2557 2681 1708 2479 2119 120 81 2365 2527 2370 2552 711 772 2689 633 1335 2534 2773 705 2716 1680 261 2592 1873 92 1917 1010 2322 872 649 2199 2052 533 1746 2193 602 2764 1117 771 553 1111 2237 1332 1961 968 1156 877 2594 552 2105 1003 2812 1974 1302 68 2144 200 1021 2017
000060.jpg,2502 2152 1113 1605 941 84 1987 815 481 2141 1927 106 1866 270 1525 1371 1283 1144 2048 2761 1768 244 1616 2115 1696 621 1139 183 1477 1108 785 96 1632 2503 959 2101 2060 189 1032 205 1953 594 909 2841 45 2522 1064 2056 1891 2623 2197 171 1198 1960 40 117 1458 398 565 1844 1286 506 2348 1602 214 1591 1880 1802 43 2494 1365 592 2263 752 2688 1364 1084 2572 1397 2768 420 281 2677 629 2401 2791 1251 2620 1400 1922 851 1184 1280 2386 2203 2498 387 236 2182 2608
000061.jpg,290 418 1481 52 806 534 780 2429 346 1662 1465 2244 2059 484 786 2821 999 389 758 1475 2687 471 1438 726 1506 363 2467 2690 478 344 402 2236 207 225 61 2285 53 314 1780 1918 936 1275 1929 1022 2407 2301 1941 1787 452 1216 1140 331 655 2396 1274 1706 464 192 1568 2025 2669 653 295 1472 1730 1141 2070 1378 1262 455 838 2698 1039 131 383 1127 89 1282 356 296 1789 2470 1924 2806 2505 2465 1692 2715 840 430 2232 408 2765 1008 2531 209 139 1843 1875 268
000062.jpg,1570 2268 298 2167 1285 459 973 1697 1884 2118 980 448 1456 1015 1610 37 1891 1284 122 411 2494 690 2706 1763 1188 1090 922 1082 1308 1723 6 285 586 1006 2791 1537 2816 1267 1221 2030 1080 1916 475 2346 468 629 546 582 650 2666 396 2627 443 327 275 117 2677 281 2768 420 1397 2222 1502 759 1184 2303 167 454 23 2179 1198 1260 1761 1979 1882 956 1858 807 2203 334 820 1603 750 1227 2261 1153 229 1205 594 20 2313 1865 2171 1659 1687 2502 2152 1425 2168 907
000063.jpg,2792 998 118 1583 2328 1179 2491 567 1579 2065 2252 1977 1651 2682 808 517 639 2647 1920 945 887 1578 841 382 2711 1854 9 1770 1470 1531 1791 1063 114 1354 952 919 1769 778 1970 515 1851 2778 2379 748 227 916 2575 975 819 1585 1667 923 2304 930 2042 2310 875 1210 7 2723 2097 1211 1368 928 2729 1657 2793 311 2349 2459 492 1154 1271 2488 2225 1566 1367 1239 579 763 512 2416 151 566 2026 513 1209 2658 25 1528 2618 2559 528 982 1778 11 105 1742 337 98
000064.jpg,2311 2794 113 1505 1248 1781 1356 2091 239 2164 383 525 2070 625 1141 1435 27 654 216 1299 679 252 1506 245 2173 1598 858 2280 139 209 822 2137 49 449 455 1262 838 1924 2025 2669 408 192 1829 1168 2279 1612 344 2396 1274 1787 207 61 225 356 1282 296 1961 653 290 2232 1140 1216 495 1843 131 561 1127 241 2565 1875 268 1273 391 1124 1037 1780 200 2017 618 1021 533 2316 2470 2698 1472 2693 2142 2402 1647 1972 721 2061 2053 1921 2285 33 1500 1303 2236 1048
000065.jpg,1175 1951 485 658 727 589 1306 1389 1334 2323 1137 614 714 1207 572 1798 962 1087 2072 304 2113 2054 1597 1558 2178 426 853 2546 1115 646 898 2066 1213 2540 1451 1361 24 634 2143 2024 1427 1106 1559 1533 2787 2000 1230 1801 2277 293 1149 2320 529 545 2644 2409 1394 2430 1689 1257 1928 1166 2579 93 1590 895 395 2533 1683 374 251 1786 1971 803 581 2759 2673 29 286 2172 1300 2114 483 2381 1728 1900 364 2040 1883 757 989 1231 240 789 1593 1804 2224 2260 2756 2021
000066.jpg,2509 1810 67 627 2121 1001 2350 249 1406 1012 2583 202 1075 1944 1055 2294 2728 2207 1825 725 1056 2435 2291 574 494 2057 1899 404 1609 93 895 1590 2558 165 1130 2719 1986 1940 2224 1212 899 2741 2135 137 1223 204 657 1606 2766 2825 1874 447 790 116 1463 1935 677 692 2041 686 647 2683 1195 378 1594 1869 97 2292 2736 2580 146 2319 2286 2639 1928 1166 2665 722 2068 2302 191 1165 1639 2393 948 2409 79 1452 1076 1464 1962 1777 2161 1876 1721 2809 359 18 2 1842
000067.jpg,1948 1416 1096 1362 1897 2272 497 2046 992 1586 2556 2815 1496 1965 1636 1316 1051 1261 1218 2628 194 439 64 2352 2631 1569 2721 715 562 48 1860 2713 201 155 2545 2034 1796 518 100 2755 1640 305 51 1840 221 1926 2300 1405 635 1623 1679 2707 1584 2045 747 258 770 2309 1878 1123 231 2289 2650 663 2538 860 1701 1710 1993 2433 1054 1328 1341 1313 1580 1571 1355 1319 1320 1576 1324 1350 1572 1349 1348 1307 1575 1338 1345 1295 1491 1358 1208 1215 1622 1229 1234 1238 1242 1253
000068.jpg,1145 823 453 1628 399 1717 816 437 1233 2163 1599 2074 380 1160 401 73 2829 177 2122 2009 2636 72 1510 760 1872 461 981 477 2469 731 2126 1976 2655 1085 1163 2679 1903 1241 1784 595 208 2587 172 2722 99 1688 2274 1808 2055 694 460 2577 156 164 1155 174 1415 1023 2098 2747 612 1089 2775 1404 141 1100 1047 2642 2537 666 599 2282 2446 2452 144 631 1200 2596 1518 1290 1017 320 2156 1621 2090 569 2782 2140 2796 2645 2392 2064 1058 451 710 850 2420 2318 660 2259
000069.jpg,370 2047 1189 2217 2415 2568 427 193 988 121 569 2090 1793 571 340 901 2032 56 536 323 865 500 1236 2267 2380 1886 743 1065 2333 1553 1430 1699 332 1499 1256 1521 802 2117 955 698 432 2423 1431 36 733 932 1049 839 1399 964 2038 1132 1588 866 878 1268 554 358 1041 2421 1754 1038 1952 868 176 2808 1266 142 2078 1492 680 1053 1949 681 2227 979 2786 2640 640 13 1272 429 1888 555 2120 2031 2221 1070 2108 1890 2210 2520 1329 2335 1910 2570 597 1686 1418 1764
000070.jpg,1539 352 2833 2269 299 2139 2092 879 1816 1366 1480 2801 1619 2363 557 2460 2175 2797 1660 2607 2633 1549 2576 2844 2104 1242 2524 1814 273 2403 1982 1925 2473 867 2371 1815 667 741 2710 1735 2226 264 837 2455 1009 403 1349 2484 2776 1863 537 2138 2771 428 2189 2431 385 814 2063 1807 991 1295 1159 1373 90 1025 2731 577 2595 147 641 1122 1589 1803 687 1509 127 2385 685 2517 262 888 226 1 307 1520 2727 1618 2399 2444 2213 2783 1811 1355 1167 1291 1238 267 891 2486
000071.jpg,1788 1417 1710 860 1701 1489 26 348 925 2454 2769 1870 2649 480 1369 2714 2375 433 197 463 2289 2538 2650 663 1029 1895 769 161 550 2482 231 518 712 173 1253 2840 445 2735 179 645 2011 1552 134 2050 735 2130 1617 1422 440 1926 2721 1796 817 1569 715 188 2553 2790 100 1319 611 2631 2817 221 2300 943 489 562 48 1405 1407 2084 659 1627 2287 319 1261 2628 2545 2034 439 1045 1544 2837 169 1775 194 1102 1051 1640 51 305 155 1840 64 2439 1218 85 1656 2241
000072.jpg,1037 1124 1216 1140 391 27 1274 2053 1506 344 430 1395 1756 2236 331 655 1924 1921 2402 1647 1972 721 1472 2061 1127 216 1918 1317 1008 726 936 561 1780 390 1635 1967 1715 1755 805 1612 999 643 402 1050 363 1303 478 653 2693 1356 2531 2406 1648 1187 314 2301 2407 1475 471 1438 1011 290 799 138 2611 61 207 225 2232 2765 2698 1293 1568 2396 192 2025 2669 1787 1299 2285 1141 159 1273 1941 346 52 408 1692 838 1282 356 296 2465 2505 1781 418 1481 31 580 326
000073.jpg,1453 1490 2433 2376 1901 2309 2713 2545 2034 1860 201 100 1796 1569 715 48 2721 64 562 439 51 305 1640 155 2556 1496 2272 2023 1316 231 2045 1584 2650 1636 1965 2289 2553 2755 2631 1096 1416 2815 747 1948 2352 1799 168 173 817 950 1752 2817 1624 1644 1148 2538 2312 978 623 663 134 1123 518 2714 1878 770 258 1417 1710 2367 1926 2069 1146 784 2337 486 563 2826 2133 2088 1319 611 188 2411 2528 1432 1279 1291 1571 1292 1294 1295 1564 1552 1551 1549 1307 1313 1545 1544
000074.jpg,645 2011 1054 2707 1679 1623 445 1328 1444 947 1663 1649 2840 1552 2767 1045 2130 1544 169 2837 735 2050 712 1029 2439 1422 1617 1782 2836 1381 179 1658 440 2241 550 1218 1051 1261 2352 1993 1840 2628 194 305 51 1640 155 463 2735 1417 562 197 2454 433 2375 1489 1253 1710 2714 1369 480 2769 925 2649 1870 2287 319 1775 1701 860 2289 2631 26 2721 1788 348 2650 992 1586 497 2046 1416 1096 1948 1897 1569 715 100 64 2538 439 1362 134 231 663 659 518 48 1895 161
000075.jpg,67 627 2583 1810 2509 1406 1012 249 1001 2350 2121 202 1075 494 2057 2291 574 1223 2435 2683 657 1944 1055 2294 647 1899 677 1555 146 2639 686 1874 482 2719 1721 2809 1876 790 2708 1452 2580 2220 140 1868 2813 12 1473 1937 2051 1439 2728 2248 2427 1185 939 2436 2598 329 2207 804 1056 2183 725 1825 447 2526 1931 2089 682 2438 2825 2766 1777 2382 1592 491 2569 2286 1076 1464 948 2393 1639 692 2292 2736 2445 1962 217 255 1330 2704 1433 2319 2068 2665 722 974 598 79
000076.jpg,1895 2482 161 769 1710 1788 1417 2650 2289 433 2375 231 173 1489 1253 1701 860 197 463 2553 319 2735 2287 1029 348 26 1775 2840 1870 925 2454 2769 2649 2538 965 1369 2714 480 109 445 623 134 1552 2312 904 663 1468 1627 645 2011 489 518 2084 550 613 2010 712 1172 2631 826 2480 1123 978 1148 266 2069 1752 950 1313 659 1151 2564 611 1319 2367 1799 2035 970 1878 2148 833 524 440 1796 283 1926 188 2606 179 674 817 168 1316 606 1437 2477 675 2753 2424 2050
000077.jpg,392 2843 257 2331 1419 301 1707 1871 519 2763 2516 1526 773 1731 1138 2613 1385 2145 406 1779 1992 1007 288 1800 1645 416 2102 1325 883 742 1442 1511 1969 410 1079 1946 535 811 1681 2609 1495 1894 2377 1527 1705 1455 487 94 1742 2458 966 664 2110 337 942 2600 2085 2341 1516 937 1384 2543 2219 709 253 1676 112 186 2549 843 1466 338 434 1287 1565 2803 105 1778 1978 544 730 791 1508 749 1068 1031 1133 248 648 1005 336 2730 1554 1370 11 751 538 813 320 1454
000078.jpg,1749 44 16 1447 1483 1057 376 2317 1469 2249 2437 1672 1836 1449 761 2700 1990 1914 2785 1631 1178 291 1535 832 1476 88 2745 2202 1224 1116 1713 2180 576 1714 2111 1856 465 683 1838 2547 47 1346 2129 2441 676 95 60 2258 2190 1561 2555 834 1727 1044 596 983 824 1277 1743 1103 540 695 132 1176 310 2827 2016 1620 2275 603 1197 1999 1732 2149 1693 2656 830 1450 1847 1161 1513 2422 2523 34 1228 1073 751 1773 1795 1304 1678 617 441 2383 1523 1785 2058 2695 1593 1019
000079.jpg,2064 921 662 2282 1909 1613 2049 1290 1518 2596 631 1879 1017 446 394 1058 1237 1981 530 1567 1301 451 1604 2392 2140 2796 1906 2357 660 607 243 813 1105 355 1396 1002 2093 2259 360 984 1554 1370 2257 2696 908 1673 1331 1614 2782 542 710 2664 1739 1119 54 1978 1000 1853 2660 2262 1495 1621 1384 1695 2085 942 1893 50 852 2458 966 1742 1676 2600 337 2543 1031 487 2369 2274 1808 791 1508 1688 1404 1100 2803 1565 1287 1681 1705 897 2452 144 320 460 1155 1089 1241 1718
000080.jpg,2716 2191 2552 523 2681 2181 175 2283 2819 505 849 2500 2365 120 458 28 313 81 1827 2479 1708 238 152 1563 1896 705 1532 734 2250 2370 2674 587 2534 1339 1741 2557 671 2689 972 2119 696 2177 2527 847 2592 1704 2099 330 92 2052 532 2028 2228 2193 1376 602 1917 1873 1956 772 2237 1111 1332 2322 354 2742 503 1680 633 1335 1010 711 740 1117 872 1314 2265 1955 449 1500 2764 1182 2799 771 968 455 1262 2690 2467 2144 2814 68 2594 2610 1650 1156 2597 1135 533 1099
000081.jpg,320 1200 2512 1479 1682 1387 144 2362 1305 2318 2355 222 1436 1504 2218 2420 2691 1911 796 850 897 2071 1052 1933 1790 1709 2096 836 935 2201 99 2432 2750 1098 1321 2645 2156 1806 1638 755 2450 1736 2342 2452 372 1676 2642 599 666 823 2446 1621 2537 2655 852 1717 1718 1145 2587 595 208 2469 2126 731 1510 630 399 1160 2074 1599 1976 908 380 1267 612 2747 2098 1119 1047 401 981 2163 477 1006 443 1628 453 760 1872 73 2593 437 1233 177 2829 2122 141 1978 1002 461
000082.jpg,2414 2550 1669 1104 1507 2604 1177 107 2641 1194 55 2176 397 728 2754 575 2019 1691 584 2695 1523 441 2383 373 845 1482 1016 2080 2136 393 1244 2493 2324 2247 2395 796 1911 2691 339 863 1646 2351 2508 830 1450 230 2288 564 2699 1818 1846 2281 1180 2495 926 76 2489 1538 2823 1357 2326 736 2224 1996 777 39 1091 1682 2355 1479 2318 1387 498 1326 2169 466 473 2128 163 2366 1637 388 2448 1426 306 1556 2725 2464 1889 1061 744 372 99 2420 320 1200 1749 1057 832 540
000083.jpg,1495 2458 966 1705 1681 1742 487 1384 2600 337 2085 942 2543 1370 1554 243 1105 355 1396 1331 1614 1673 813 2696 2257 2660 791 1508 1287 1676 530 1604 2803 1565 1002 1695 1031 1301 1000 1853 2369 1739 2664 1893 50 2049 1978 542 908 54 1567 710 1119 660 2259 360 446 2782 1981 1237 2262 984 607 852 451 921 1058 1946 2392 1718 144 1017 320 2093 2064 1621 1518 2596 105 2394 2357 1290 2796 2140 631 1906 2361 871 1778 392 394 1879 2843 2282 883 416 2420 2353 2147 2103
000084.jpg,304 2113 2066 1213 2178 1389 2546 1115 727 589 658 1306 545 1951 1175 485 1533 2054 2579 1334 1559 1106 1798 572 962 614 1137 1394 2323 646 1451 1361 2000 2072 1087 1427 1883 1207 1300 1230 714 1801 2277 2784 1353 1683 2759 1558 529 374 2644 2540 898 581 483 2787 395 2114 803 251 789 240 1093 1257 1019 63 2022 1597 853 1786 1971 426 989 2260 2409 2381 1166 1928 1900 2040 364 1593 2504 895 93 1590 2024 341 101 24 2143 634 1333 1898 737 215 436 328 407 1149
000085.jpg,2510 431 70 2561 2077 2772 1125 2777 1753 2478 1839 2161 2622 1390 1557 1035 1759 2757 315 191 2302 1165 951 2818 1834 601 1252 2015 2663 2 18 1842 2315 277 767 1747 1443 1938 1833 2685 1980 2686 889 2702 211 2532 1460 2496 1989 369 2471 502 2601 990 522 1340 2667 1548 269 1821 1608 1720 202 1075 1845 1323 103 1511 2102 1969 1442 297 1114 284 578 684 1908 2434 282 1767 2276 126 1406 249 1012 123 2507 2150 1757 997 1904 882 1235 931 1413 1391 688 2314 1186 2624
000086.jpg,2520 2210 640 13 1272 2671 1949 1041 1038 2421 1754 2578 828 377 1337 2083 1910 323 2032 56 2539 2798 729 2828 2428 1429 2629 933 672 2570 1764 370 2047 2602 1668 1374 1189 2839 2795 2335 1329 865 1249 2221 1070 2120 2031 2640 955 698 839 932 1049 1521 1399 2038 964 340 358 802 536 2108 597 1686 1418 1952 2415 2217 571 1266 2808 1886 1793 1065 1132 1588 886 2568 681 432 2333 901 417 1477 2078 142 1492 878 1888 1053 743 868 429 427 1236 554 555 2380 2267 176
000087.jpg,767 277 1443 1938 1833 889 2686 2496 1747 2532 1460 211 2702 2685 1980 369 1989 2315 431 2510 1839 70 1557 1390 2622 951 2818 2757 1035 2 2663 2015 1252 315 1165 2302 191 18 1842 1834 601 2161 1759 2077 1125 2777 1753 2478 2772 1548 269 2561 578 1413 126 2276 2601 502 1908 990 2471 39 1357 1391 1767 684 1340 284 1821 1608 1720 1241 1239 1944 1237 1943 2408 1052 1244 1265 2400 1263 2401 2157 1260 1259 1942 1257 1243 1256 1254 2404 1251 1250 1249 2405 1247 1246 1245 1255
000088.jpg,767 277 1938 1443 1833 1747 2686 889 2496 431 2510 1980 2685 2532 211 1460 2702 2315 1989 369 1839 70 2622 1390 1557 1035 2818 951 2757 1759 315 2015 1252 191 2302 1165 1834 2561 2161 2478 601 2772 2 2663 2077 2777 1753 1125 1842 18 269 1548 1413 578 1391 1721 2809 1876 274 526 1473 994 12 864 608 508 126 2276 2471 990 502 1908 2601 1012 1406 249 39 1357 684 2388 1340 250 1975 1767 284 1233 1232 1231 1230 2410 1836 1228 1227 1226 1225 2409 2218 1223 1222 1221
000089.jpg,1473 12 1876 1721 2809 2051 1439 526 864 994 274 608 1931 2526 482 2427 255 2089 2183 1330 217 598 2617 637 2657 2057 2291 494 574 508 2220 2445 1555 2499 1088 1452 939 2308 521 2435 1433 2704 1868 140 2580 882 1255 619 2712 123 1757 986 2150 1223 1899 2598 804 2436 329 686 444 1725 368 531 657 677 146 2583 67 1944 2294 1055 2083 1910 627 2708 2719 790 1567 1237 1981 446 647 2639 2683 2728 2207 1056 79 1067 2305 1874 2813 2248 1259 1206 1256 1260 1207 2415
000090.jpg,419 894 2153 2554 96 752 1632 1625 189 1032 2060 106 1927 205 481 1987 815 2823 84 941 1365 785 2401 2141 2612 333 309 1217 2313 1288 1703 1363 2216 171 856 621 1844 565 1286 506 2109 1214 1171 22 2567 1283 270 45 1064 2522 2056 861 1108 42 2197 2116 423 1251 1336 1315 1013 2030 2791 2761 2048 1768 2831 43 2571 1605 1364 2562 592 2425 1858 468 1560 1865 1727 1277 834 1044 761 2555 1425 971 2152 2502 2194 2261 1960 40 1153 1726 2705 2079 2160 2188 1880 2442
000091.jpg,1896 2674 734 847 152 1339 1741 458 2819 2500 1827 505 313 2099 330 696 2177 1532 671 2283 175 587 2191 972 354 2742 28 1563 2181 2228 849 523 532 2028 2681 120 238 1708 1704 1956 2557 2479 1376 2365 81 2552 2250 2119 2370 2527 2534 2716 2689 2814 705 92 1917 772 503 1335 2592 1873 2052 1010 2773 711 2193 633 2322 602 261 1680 533 872 1746 649 2199 771 1117 2764 1182 2237 1111 1332 553 2799 235 1852 2144 68 2774 2812 1302 968 552 1156 877 2594 1974 2105
000092.jpg,1656 2817 2044 2501 1934 817 2528 2411 1644 1624 188 1926 85 2790 943 221 1102 2300 1405 987 1407 312 2832 635 1319 611 547 1386 556 2082 2270 2034 2545 197 1146 1190 2574 1796 463 1202 433 2375 4 1701 860 2424 2515 1870 1369 2649 2289 2389 26 626 1545 925 2631 518 1417 348 1710 439 659 1983 1788 1489 2454 64 1029 795 1948 283 2477 1737 2045 2023 1584 1752 1860 2309 2713 201 305 51 155 1640 826 2069 266 2650 2367 59 1096 1416 480 562 2046 1586 497 1897
000093.jpg,1113 1144 2502 2152 84 941 1605 1987 815 1525 1371 481 1866 281 629 2677 1641 1423 2245 1434 1696 2115 1477 244 1616 2197 2030 882 123 1757 1255 986 2623 93 1590 895 946 1064 2056 2522 45 1298 1602 2348 214 940 1004 2737 1343 1198 2791 2542 909 1940 1841 1986 1084 905 1263 1197 183 327 1685 954 1333 2494 104 198 2497 75 1304 783 2263 907 1232 851 40 1960 1205 1462 2359 1183 2112 1999 474 1139 1953 1687 617 1280 2572 2627 396 275 2573 1750 2503 1971 1786 117
000094.jpg,1054 1623 2707 1679 645 1328 2011 1663 1444 947 1649 445 2767 169 1544 2837 2840 2439 1552 1045 1422 1617 2130 2836 1782 1381 2050 735 712 1658 2241 179 1029 440 1218 1993 1051 1261 2352 1840 550 2628 194 1640 305 51 155 463 2735 562 1253 1489 319 2287 197 433 2375 1775 2631 992 2046 497 1586 860 1701 1417 1710 2454 1897 1948 1096 1416 2721 1362 659 2289 1870 1369 925 26 2649 2650 2714 100 1569 715 64 439 134 480 2769 518 2272 2556 2815 1496 1486 900 1437 231
000095.jpg,956 1882 1761 829 2268 582 546 1221 1153 2167 285 2168 459 661 669 448 1697 1083 6 1797 181 2261 1227 620 732 476 1702 807 1260 2194 2643 2476 42 298 973 636 1536 2807 1318 2278 1570 1267 759 820 1285 971 2048 1768 2761 1880 1802 1541 37 2688 1891 2425 1199 750 334 1723 1603 1596 644 922 122 372 2188 2823 2720 2442 2387 2494 1188 275 387 2498 270 2816 1858 1687 1922 1400 2620 1108 2562 909 1283 1763 1916 475 2346 1284 1865 1090 2386 2101 1456 43 1726 468
000096.jpg,1113 2152 2502 1605 84 941 815 1987 481 2141 1866 1139 1927 106 270 1371 1525 1616 2115 1696 244 1283 1477 2841 1144 1768 2048 2761 621 785 1953 183 1108 96 1632 2503 594 959 2101 1891 1032 189 2060 214 2348 1602 205 909 2522 1064 45 2056 2623 2197 1397 2768 420 171 1198 2494 40 1960 117 1458 398 565 506 1286 1844 1802 1880 43 1365 1591 2542 2203 1184 75 198 592 148 2263 2620 1400 1922 2688 752 1364 1084 2572 2677 281 629 1197 2816 2401 2791 1760 149 182
000097.jpg,601 2 2663 951 2818 1842 18 2015 1252 1834 1759 2757 1557 2622 1390 2161 315 191 1165 2302 2772 1753 1125 2777 2478 2077 70 2561 431 2510 2315 1035 1980 2685 2702 1839 889 2686 1747 1833 1938 1443 1989 369 1460 2532 211 277 767 2496 269 1548 522 2667 1904 997 2507 1767 126 202 1075 2150 1757 882 123 1845 2350 2121 2583 1001 1114 578 1413 2276 1406 1012 249 2509 1810 931 1391 2624 1830 702 848 1340 1260 1942 2157 2401 1263 1257 1256 1259 2483 2400 1254 2404 1251 1250
000098.jpg,817 1656 2817 1934 2528 1644 1624 1926 2411 2501 2044 188 2790 85 221 2300 943 611 1319 1405 1407 1102 987 312 2832 635 547 1386 556 2270 2082 1584 2045 197 2023 433 2375 463 2289 4 2755 1202 1146 626 1545 1796 2034 2545 659 2389 1701 860 1870 26 2649 1369 2650 1417 59 2454 1710 747 1737 1788 1489 925 1029 258 1190 2574 2367 348 1860 201 2309 1983 2713 2477 283 770 480 2631 2714 1752 1320 2735 439 64 518 2424 100 48 1901 2376 2433 2769 266 826 1895 769
000099.jpg,273 2595 577 147 2710 1539 2175 2524 2104 1242 1803 352 2213 879 1816 537 2801 166 1549 2473 127 2460 2363 557 1509 1355 1167 1811 2738 1480 1366 2226 867 2403 1078 2094 1530 160 741 1619 2431 385 814 2576 1069 2758 1341 1607 2513 2633 1660 2607 2138 2771 687 1862 1807 1295 991 1349 2783 2444 2269 226 1735 1925 1982 1964 2614 2092 2266 1421 2820 641 299 2139 2833 1863 667 2835 1828 405 1373 2776 262 888 2844 1618 2797 2385 2811 2255 2371 1815 685 472 1025 1060 2709 342
000100.jpg,2305 79 1067 2665 2068 722 350 2842 2511 1547 1134 246 204 137 2741 1212 2135 899 116 1463 97 1606 2041 2719 1935 692 2319 1962 2736 2292 1056 442 1126 2294 447 1944 1055 790 2825 2766 2728 2207 725 1825 2506 2558 686 1986 1940 1130 1425 165 2248 2813 362 1076 2286 1937 804 677 1464 2598 329 2436 2435 657 2580 1452 1899 1892 1942 1408 271 2440 494 2291 574 2057 1777 2382 1874 1639 2393 948 1223 1771 2625 1677 2037 2708 1998 1841 217 1330 974 2683 647 2258 1592 2569
000101.jpg,1314 649 2199 872 1441 1885 1135 2306 1955 2265 890 1543 1650 1099 261 2597 2789 1003 2105 2610 552 1156 2594 877 2773 963 316 507 1117 2814 367 2799 1823 1991 1109 162 1182 2343 2212 1327 1164 235 2822 699 1376 2764 972 1774 1852 120 1532 847 2237 740 1111 1339 2052 2099 330 1896 152 1741 2674 849 1917 1746 2592 2479 553 696 2177 587 1332 92 81 734 1708 458 2742 354 2228 2812 1302 771 533 968 1010 602 1704 1956 2322 2819 2365 1974 2193 772 1827 2557 2774 670
000102.jpg,3 1642 254 2405 2170 2490 1958 2536 14 1985 66 825 765 652 1574 929 779 1246 2336 2157 1745 1136 2426 873 282 2434 2012 2391 1600 2001 233 2256 1245 1633 2593 1036 318 1152 2147 2485 256 632 1403 871 1963 1997 2734 2165 1762 2204 276 1267 490 2453 1595 1519 2361 549 516 869 2487 1121 2264 1077 1170 630 1128 1247 874 1347 2718 1625 1742 337 243 1370 1554 530 1604 206 813 446 355 1105 1396 2132 265 58 2049 247 1301 604 1344 2064 921 487 1681 212 1751 862
000103.jpg,2092 2269 352 2833 2455 837 1009 264 1539 2139 299 2484 1814 1815 2576 2844 2797 2063 2371 403 667 1159 1549 1982 1925 2776 1619 1735 1816 1480 1366 741 879 2403 428 2175 1589 1122 2189 1660 2607 2633 1349 90 2731 1863 2801 273 2138 1025 2473 867 2363 557 2460 2524 2104 1242 2385 537 2399 2226 2710 234 913 1572 1373 2727 1520 2100 1622 600 307 262 888 226 2771 2811 2255 1994 2486 1338 641 891 1291 267 1238 1 687 147 577 2595 2412 317 2338 573 17 2431 385 814
000104.jpg,1314 1955 2265 872 2789 2306 1135 2199 1885 890 649 1543 1441 1099 1650 2597 1003 2105 261 2610 2594 877 1156 552 507 963 316 1117 1182 2773 367 2799 1823 1991 2814 235 1109 162 1164 2822 699 1327 2343 2212 2764 771 2237 1111 740 1376 1917 1852 1302 2812 1774 1974 533 1873 2052 553 68 2144 2592 2774 1332 670 1746 602 772 2770 1461 2193 92 1010 968 972 2322 120 2177 2250 152 1680 633 2099 330 458 1339 1532 238 2819 2500 354 2742 711 503 849 2552 28 2527 2681
000105.jpg,1434 1298 1113 1144 1004 940 2112 2737 1343 2022 63 540 783 1999 1333 1019 1535 832 291 949 2129 1346 954 1685 1712 1760 182 2152 2502 75 198 2317 376 1483 149 1103 1469 761 1371 1525 1631 1255 123 882 1757 986 2249 40 1232 1960 851 1447 44 1785 16 84 941 1277 1727 2555 2497 1866 1749 1057 2566 1605 2542 60 1641 1423 1257 1304 1971 1786 1693 2149 2656 2245 1987 815 2744 1733 2030 2058 2066 1213 1269 2354 2623 327 1945 520 232 946 2348 1602 214 1198 2791 1687
000106.jpg,1836 2437 1672 1990 2700 1178 1224 1116 1713 1714 2180 1914 2785 683 47 676 1838 1749 2202 44 88 2745 1476 1483 2111 1856 34 2523 2422 465 16 2190 576 2441 2547 983 1447 132 695 1176 824 376 1743 1469 596 2016 95 2827 2317 1057 1561 310 1346 2129 2249 1631 1449 1795 1773 832 1535 291 1228 1161 1513 1847 1693 2656 2149 1785 499 761 60 540 617 1103 1197 2542 1999 1019 751 2555 1044 834 1727 1304 2258 1277 2242 1593 1712 182 1760 2497 149 1073 954 1685 2224 1091
000107.jpg,2092 2269 352 2833 2455 837 1009 264 1539 2139 299 2484 1814 1815 2576 2844 2797 2063 2371 403 667 1159 1549 1982 1925 2776 1619 1735 1816 1480 1366 741 879 2403 428 2175 1589 1122 2189 1660 2607 2633 1349 90 2731 1863 2801 273 2138 1025 2473 867 2363 557 2460 2524 2104 1242 2385 537 2399 2226 2710 234 913 1572 1373 2727 1520 2100 1622 600 307 262 888 226 2771 2811 2255 1994 2486 1338 641 891 1291 267 1238 1 687 147 577 2595 2412 317 2338 573 17 2431 385 814
000108.jpg,493 2374 133 2004 1758 1234 2125 689 1792 280 57 2174 1580 210 1665 1861 1930 1575 2418 1947 2456 570 422 756 1859 793 1392 2838 1034 2327 1196 548 976 1279 2186 797 859 366 2461 294 2330 1276 1358 746 2229 1724 2184 1072 1765 1664 2541 1375 2672 421 2513 2548 2749 588 228 2590 704 1081 1497 583 154 1457 1776 203 1030 2332 720 1059 342 551 1229 2694 77 2740 934 1193 263 656 1292 2123 801 2581 885 2206 706 2321 1542 2662 1043 857 880 1877 2739 1191 2468 1887
000109.jpg,2045 1584 2023 2755 747 258 770 1320 188 611 1319 2034 2545 817 1656 1796 2817 1386 556 547 2530 996 1926 1096 1416 1855 2134 2373 2075 345 1934 1636 1316 1496 1965 1491 2815 2692 2044 2501 1407 2556 2272 463 1029 197 2270 2082 1417 1710 85 2300 2790 1788 918 708 2528 1569 100 715 48 1948 26 2649 1870 1607 1589 1324 1328 1615 1587 1338 1345 1586 1313 1580 1576 1348 1575 1349 1350 1341 1617 1497 1295 1201 1202 1208 1215 1218 1229 1623 1234 1622 1238 1242 1253 1258 1261 1264
000110.jpg,1325 1526 2516 2145 1779 406 1385 1992 1007 1871 2102 1442 1511 1969 1707 288 257 1138 1731 773 2763 519 1079 535 1527 2377 811 2613 1455 410 112 1005 1670 749 1068 1800 1645 2730 544 416 2746 2290 821 2843 2341 1783 1516 2299 742 1894 937 338 1466 730 336 2219 2788 2549 434 1379 883 1794 1110 1311 2151 673 253 2364 709 1131 1966 568 1498 593 605 1850 186 1243 435 1040 365 2095 2609 1142 648 392 2697 1968 881 2243 2519 610 2087 2680 855 1634 1424 2196 800 1309
000111.jpg,2489 2699 1846 1538 2247 76 2495 564 926 1818 1180 2493 2324 230 1357 2288 2281 39 1091 1996 777 2224 739 2019 1786 1971 1257 989 2114 581 751 2414 2754 575 2550 1507 1104 1669 2409 1928 1166 107 1177 2604 397 2641 728 1194 55 2176 362 2258 1841 737 436 215 1691 364 2040 1900 2080 1523 441 2383 93 1590 895 101 341 1883 1353 2784 1482 2000 2381 2695 2787 1898 1137 614 1106 1559 845 373 803 1593 1719 2072 1300 1036 318 1152 1361 1451 1804 1601 2036 198 2497 75
000112.jpg,803 101 215 436 737 2040 364 1900 2381 251 989 341 2540 2000 395 1394 529 2644 1106 1559 1115 2546 2504 1427 374 646 1361 1451 2114 581 1898 2277 1801 1230 2579 1786 1971 1883 1798 572 962 1257 1300 328 2054 545 2178 2759 2787 1683 407 1389 2113 304 1357 2323 1213 2066 2238 766 1334 39 2288 2281 1533 1093 1818 2784 1353 2242 614 1137 1180 926 564 1306 76 1175 1951 485 727 658 589 2072 483 2495 1207 230 714 789 1558 898 1087 1231 240 1091 739 2756 754 2021
000113.jpg,2346 1916 475 281 629 2677 2171 1723 650 2666 2810 2043 2816 1891 2627 396 2841 1144 1570 1113 953 1221 546 582 420 2768 1397 2573 411 1610 1015 298 924 1487 1471 1456 2118 980 1884 1183 2359 1462 285 2494 594 1603 820 1139 468 1284 122 807 148 922 1763 37 334 750 2152 2502 1188 1605 1006 586 1082 1308 115 38 1995 1761 973 1090 1083 229 1260 2168 1979 1697 1591 423 6 1541 2268 104 1184 443 2521 1285 2194 2261 1380 459 2167 661 1738 1882 1502 1227 117 327
000114.jpg,1946 2394 105 1105 355 1396 883 813 243 1554 1370 1778 1495 966 2458 416 2660 1742 1384 1705 1673 2696 2257 1681 1614 1331 487 1739 2664 1002 542 337 1853 1000 1031 660 2600 908 2259 360 1695 54 942 2085 1565 2803 710 1287 1893 50 791 1508 2543 446 2369 2049 1301 1604 530 11 921 2782 1676 984 607 1567 1058 1981 1237 1978 1119 2392 451 1621 2843 1017 2064 852 1290 2596 1518 2110 664 2262 631 2282 2093 2796 2140 144 392 2357 2420 1879 394 1906 257 1200 7 2793
000115.jpg,1533 658 589 727 2054 1334 1306 1389 304 2113 2323 1175 1951 485 2546 1115 1213 2066 545 2178 1137 614 2277 1801 2579 1394 1798 572 962 646 2072 1427 803 1207 2000 2540 1087 1559 1106 529 714 2759 1230 374 1558 1300 2114 1683 581 1451 1361 483 2644 1197 2787 898 251 789 395 1353 2784 2542 1593 853 1597 1883 1257 989 1093 2381 101 240 1971 1786 364 2040 1900 737 436 215 1166 1928 2409 617 426 1590 93 895 341 1304 1333 24 2143 634 2242 2260 954 1685 2024 60
000116.jpg,1593 2409 1166 1928 895 1590 93 291 1535 832 898 614 1137 2072 714 1558 1087 540 2129 1346 2542 1689 1207 1197 1597 24 2143 634 1300 853 2260 2430 483 465 1257 426 2784 1353 2024 1334 1801 2277 1786 1971 2235 2296 91 792 1561 1883 2323 617 1631 2242 1019 1427 789 240 739 2317 1804 545 2249 761 2022 63 2066 1213 376 374 1389 2224 2546 1115 1533 1749 1469 1483 967 60 1719 646 1447 2540 2579 499 2054 44 39 2178 2324 1836 581 1228 1103 304 2113 1999 1795 1773
000117.jpg,2352 2272 2556 1496 194 2815 1636 1965 1316 1218 1051 1261 2628 1586 497 992 2046 1416 1096 1948 1362 1840 1897 2713 1658 2241 201 1860 1381 1782 2836 2631 2767 1649 440 2433 2439 518 1752 1453 1490 2538 663 950 2069 1054 1045 48 2376 2309 1328 1901 64 155 1663 1444 947 1146 439 1623 1679 2707 2837 169 1544 715 1569 2721 735 2050 562 2755 645 747 100 2840 258 2011 1799 2034 2545 1796 445 1640 51 305 1552 2367 59 2130 1617 1422 1993 179 770 231 1123 613 2553 712
000118.jpg,909 1113 2152 2502 1487 924 1471 1605 1866 953 1232 815 1987 941 84 1139 2503 2230 335 2591 1602 214 2348 851 1371 1525 2101 1144 1458 398 2386 481 2841 183 1198 117 474 1591 1953 2116 2573 205 1084 2030 2623 1922 1400 2620 1979 2141 959 785 2572 1960 40 1205 2263 270 2197 621 762 106 1927 2791 2678 2048 1768 2761 2494 1280 327 1687 2571 300 1336 1013 1907 1315 2160 2079 423 1199 594 1726 1659 1616 1696 1477 244 2115 861 1283 1288 1363 1703 2216 171 1641 592 907
000119.jpg,2294 1055 1944 1056 2728 2207 1825 725 2305 899 2135 2741 137 1212 204 2719 79 1067 692 1940 116 686 1986 1606 350 447 2068 2665 722 2319 2766 2825 2558 1547 1134 2511 246 2292 2736 790 1463 165 2842 97 1935 2435 1899 2041 2580 1962 1130 1126 1076 2248 2286 2813 804 1464 1452 442 1937 1874 2057 494 574 2291 657 1223 677 948 1639 2393 146 2382 2598 329 2436 140 1868 2506 2708 1777 2639 647 2683 974 362 1185 2438 682 1592 491 2569 67 627 2583 1876 2809 1721 1841
000120.jpg,1570 2268 298 2167 2706 690 459 1285 1697 973 1891 1537 448 2494 1080 1267 1723 2816 1884 2118 980 23 285 6 1474 745 1671 2535 325 2768 420 1397 956 1882 1221 1015 1610 37 8 1763 1456 1605 2030 2502 2152 122 1090 2791 1284 1205 546 582 1198 117 2666 650 2303 1659 275 1308 1082 2179 1502 148 468 1188 759 411 1916 475 2346 2449 922 2203 594 1232 851 327 2677 281 629 1738 1184 2593 396 2627 586 1006 1603 334 750 820 510 2572 1260 2643 2014 2124 375 1979
000121.jpg,2185 2584 1411 1129 2298 1694 2616 2517 1440 2271 143 2529 1684 2481 1360 958 665 1294 1446 718 386 1514 787 697 1215 810 1445 1112 1939 1630 2619 71 30 638 1258 1270 414 2801 2246 795 969 2524 2104 1242 273 2460 557 2363 1278 511 2339 2473 2709 1 317 342 551 1059 2399 685 307 2175 2710 1735 1349 879 846 642 1520 2727 1025 2444 127 203 1524 1629 2100 17 573 2486 2740 154 913 234 1572 1122 1589 2731 591 1564 616 2131 1812 976 133 1358 1947 2466 961 2138
000122.jpg,2305 2294 350 1056 1212 2741 137 1055 1944 899 2135 204 2728 79 2068 722 2665 1067 1606 2207 1463 116 2842 1935 246 1134 2511 1547 1825 725 2041 97 447 692 2719 686 217 1330 2319 2825 2766 1076 2427 1962 2292 2736 255 2558 1986 2286 1940 1464 165 482 2248 790 2089 1130 1931 2526 442 2220 2445 1126 2813 804 2382 1433 2704 939 1425 1937 2580 1452 2506 2435 2657 2617 637 2308 1899 2393 948 1639 677 2291 574 494 2057 2183 2037 2625 1677 1771 1892 2436 2598 329 1874 1777
000123.jpg,2260 2317 761 2249 1749 1727 1044 834 2555 789 2072 1277 483 1533 1091 1093 1057 1087 1928 1166 2579 898 1786 1971 2409 777 1996 1300 1590 895 93 1207 1593 1558 374 1257 1137 614 1449 230 1898 1447 376 44 407 341 1469 16 1483 2759 2242 2058 2114 581 1180 2238 766 1914 2784 1353 1631 291 832 1535 545 1427 2277 1801 328 1115 2546 1389 240 1019 63 2022 2785 714 1818 926 564 2495 1213 2066 1561 1357 2129 1346 752 967 1940 2054 1683 540 2281 2288 39 1672 1836 2437
000124.jpg,2433 1453 1490 2376 1901 2309 2713 2034 2545 100 715 1569 1796 48 201 1860 2721 562 64 439 51 1640 305 155 2556 231 2023 1496 2650 2272 2289 2045 1584 1316 1096 1416 1948 2631 2755 26 2553 747 2714 1636 1965 1417 925 348 2649 2352 1369 1870 173 1710 1489 2454 1799 2769 1261 1218 1051 480 1788 860 1701 1926 2538 1752 950 2628 2815 2817 611 1319 194 1644 1624 2300 1407 134 221 770 258 2241 1663 2836 2767 947 1444 1649 1328 1782 1658 1381 518 663 712 1617 1422 2482
000125.jpg,2843 257 1526 2516 1707 1325 416 1871 2145 1385 1779 406 288 1731 1138 2613 883 392 1946 1007 1442 1992 410 2102 1511 1969 1800 1645 1079 811 773 1516 2331 301 1419 2609 2763 519 2394 535 112 937 1455 751 2377 1527 749 742 2341 1068 730 2110 664 544 1670 2219 1466 338 1778 105 434 253 2730 1783 709 1681 1894 821 1005 1495 2549 186 1705 1311 336 1794 11 1424 648 248 94 1133 1678 830 1620 2275 1732 603 1450 1073 2746 2788 2290 843 1742 337 487 1110 593 673
000126.jpg,2043 2810 2171 2816 650 2666 807 1723 1260 1891 411 475 1916 2346 759 922 1697 2841 1456 1188 2643 1858 6 820 1603 1763 1284 750 334 1702 37 122 2167 468 2268 285 1541 732 620 1221 1083 1153 546 582 2313 459 1570 1090 229 181 2387 1797 1761 1139 1308 1082 372 1884 2118 980 1227 2261 1865 2476 476 298 1015 1610 1882 1605 448 2425 1953 586 1006 829 973 1397 420 2768 1267 1285 148 2194 661 669 2168 953 1560 2502 2152 2823 443 2494 594 214 1602 1866 2348 924
000127.jpg,537 2473 472 2138 403 1159 961 1618 1571 1803 2835 1828 405 2614 1964 1349 1060 307 2811 2255 2213 573 17 2399 1 1862 969 2372 685 352 166 2709 1698 2223 195 795 2339 2738 2063 2455 837 1009 2513 846 642 1341 1607 1069 2758 1815 2484 2486 2648 2338 1095 317 1622 600 2412 1994 2226 1520 2727 1540 2340 264 2783 1421 2266 2100 2466 2820 2215 2710 2253 1409 234 1572 913 127 2834 2189 2595 577 147 2431 385 814 892 2781 511 1509 349 1338 1025 1101 2175 2801 1258 46
000128.jpg,648 1424 1634 717 1573 610 568 678 1309 435 1379 2151 2251 2560 1020 1581 2830 338 1466 1243 1040 365 2005 870 881 1850 1005 730 2680 811 1133 2095 1794 2299 112 749 1670 821 2087 1142 1783 605 1131 883 673 2519 2243 1110 2697 2417 257 2492 855 2730 1498 2746 2788 544 2290 937 774 1968 1966 1311 2196 2006 1913 1174 1936 1094 2364 94 593 1325 1068 800 1079 248 253 1455 336 434 410 416 2341 1707 535 538 2516 1526 288 2377 1527 2843 1871 1007 843 2549 2145 406
000129.jpg,2294 1056 2728 1944 1055 2207 1825 725 137 1212 2741 899 2135 1606 204 116 1463 1935 1940 1986 447 165 2825 2766 2041 2719 97 2319 692 2558 1547 1134 2511 246 2842 790 1130 2736 2292 1962 1067 1126 686 79 1076 2435 2068 2665 722 442 2248 2305 2057 574 2291 494 1464 2286 1841 1899 2813 362 1937 1874 2506 2382 350 2258 2580 1223 1452 804 657 677 1876 2809 1721 1942 271 1408 2440 1639 2393 948 146 647 2683 2625 1677 2037 1771 1892 2639 12 1473 140 1868 2708 1012 249
000130.jpg,2185 2584 1411 1129 2298 1694 2616 1440 2271 2517 143 2529 1684 2481 958 1360 718 1446 1294 665 386 787 1514 810 1215 1939 1112 1445 1630 697 71 2619 2801 638 30 1270 1258 414 2246 795 1242 2524 2104 969 273 2363 2460 557 2473 1278 1735 2339 511 879 2709 1 991 1295 1807 127 1349 317 551 1059 342 1025 307 2399 685 1549 2175 2710 2138 2269 2092 2771 2833 1539 642 846 2727 1520 472 1619 2466 352 1358 1947 133 976 2444 537 1863 2371 641 741 1373 1366 1816 1480
000131.jpg,70 2561 2772 2510 431 2077 2777 1753 1125 2478 2161 1390 1557 2622 1759 2757 315 1035 1839 1165 191 2302 2818 951 601 1834 2015 1252 2 2663 18 1842 2315 277 767 2702 2685 1980 1833 1443 1938 1747 889 2686 2532 1460 211 2496 369 1989 502 2471 990 2601 269 1548 1969 1442 2102 1511 1340 2667 522 103 1323 1821 1608 1720 1845 1075 202 997 1757 123 2507 1904 2150 882 297 284 1114 578 684 1908 2434 282 126 2276 1767 1235 1413 1391 1186 688 2314 1406 249 1012 931 2624
000132.jpg,67 627 2583 1810 2509 1406 1012 249 1001 2350 2121 202 1075 494 2057 2291 574 1223 2435 2683 657 1944 1055 2294 647 1899 677 1555 146 2639 686 1874 482 2719 1721 2809 1876 790 2708 1452 2580 2220 140 1868 2813 12 1473 1937 2051 1439 2728 2248 2427 1185 939 2436 2598 329 2207 804 1056 2183 725 1825 447 2526 1931 2089 682 2438 2825 2766 1777 2382 1592 491 2569 2286 1076 1464 948 2393 1639 692 2292 2736 2445 1962 217 255 1330 2704 1433 2319 2068 2665 722 974 598 79
000133.jpg,1145 823 1628 453 437 1233 2163 380 1599 2074 1160 73 981 399 401 1717 2469 731 2126 1872 760 461 1510 2655 177 2829 1976 2122 816 477 99 72 2636 2009 2679 1903 1163 1085 2587 595 208 2055 1784 1241 612 2747 2098 1023 1047 1688 694 141 1808 2274 2577 2722 172 164 156 460 174 1415 1404 2282 1089 1155 1100 2775 1290 631 2064 1518 2596 1017 1613 1909 662 921 2642 2446 2392 1200 2049 2537 666 599 1879 320 2452 607 144 530 2420 2318 2796 2140 1621 2156 2357 1604
000134.jpg,1062 129 501 726 1932 467 1378 788 125 2634 1022 1813 1923 456 324 1730 2470 1281 108 1912 840 999 1026 2806 753 2687 1929 1275 1039 1475 504 2465 2505 2236 927 1831 1655 295 2142 241 1789 89 2398 628 1220 1297 2062 1024 1568 2765 2053 452 1503 314 331 655 2407 2301 1050 2429 1706 464 484 1008 758 1662 220 1048 430 1967 1715 390 1635 1262 455 2059 534 806 389 495 478 1240 2821 2232 363 1273 1875 268 1124 1037 1438 471 402 2285 346 53 2773 1843 786 2690
000135.jpg,2509 1810 67 627 2121 1001 2350 249 1406 1012 2583 202 1075 1944 1055 2294 2728 2207 1825 725 1056 2435 2291 574 494 2057 1899 404 1609 93 895 1590 2558 165 1130 2719 1986 1940 2224 1212 899 2741 2135 137 1223 204 657 1606 2766 2825 1874 447 790 116 1463 1935 677 692 2041 686 647 2683 1195 378 1594 1869 97 2292 2736 2580 146 2319 2286 2639 1928 1166 2665 722 2068 2302 191 1165 1639 2393 948 2409 79 1452 1076 1464 1962 1777 2161 1876 1721 2809 359 18 2 1842
000136.jpg,1790 1933 2071 897 1305 2362 2645 1098 1321 2156 935 2096 836 1052 2750 2512 1709 1436 2218 1504 222 850 2201 2432 2355 1638 1736 2342 2450 755 1806 1911 796 2691 144 1200 320 2318 1682 1387 1479 99 2420 823 2452 399 1510 1621 372 2642 2446 595 2587 208 1976 666 599 461 1145 1865 396 2627 2655 2074 1599 2677 281 2537 2823 477 1717 908 73 2098 2747 612 1676 443 1006 1227 2083 1047 2126 2469 731 1153 1910 141 2194 1160 380 629 1761 669 476 2261 829 453 2163 1628
000137.jpg,472 537 2138 1803 2473 961 2758 1069 1607 1341 2213 147 2595 577 405 1828 2835 166 2738 2614 1964 2781 1060 1862 2266 1421 1530 160 1078 2094 2783 226 1101 2648 1349 2513 1618 2820 1509 342 551 1059 127 814 2431 385 1355 1167 1811 1540 2340 403 2709 685 969 2339 991 1807 1295 2255 2811 2710 307 2444 1242 2104 2524 273 846 642 1571 2399 1025 1520 2727 352 2486 2100 1622 600 154 1815 1524 46 1629 2226 1 1324 2412 203 2771 795 2403 1278 573 17 2740 1539 2013 2175
000138.jpg,1891 6 2816 1723 759 807 1697 285 1260 1221 546 582 2643 2171 2043 2810 1083 1702 1188 922 475 2346 1916 1456 650 2666 122 2167 1284 2268 1570 37 2841 620 732 411 1153 1882 459 1858 181 1761 1763 298 1603 820 372 2261 1797 1227 1605 334 750 2194 829 669 956 973 476 1139 2168 468 661 1090 1285 2476 448 2494 1953 281 629 2677 229 2313 1865 1541 1536 636 2278 2807 1318 1082 1308 2502 2152 42 2768 1397 420 1610 1015 1267 1113 1687 1922 1400 2620 1144 1884 980
000139.jpg,540 2129 1346 291 1535 832 1257 1971 1786 1590 895 93 1561 1087 2072 614 1137 1207 1558 617 898 949 1298 2737 1343 2242 1434 714 1928 1166 783 1996 777 2112 1091 1004 940 2495 230 1019 2409 1999 1180 1513 1847 1161 2542 76 1357 564 926 2022 63 2224 1773 1795 1631 39 1818 739 1689 1093 1228 1483 24 2143 634 341 426 751 1593 1103 1804 2288 2281 1785 581 376 1841 1940 1986 1597 853 2430 2827 707 310 2024 1898 499 2114 1719 967 2317 29 1849 2533 374 2260 198
000140.jpg,2092 2833 264 2484 2269 2455 837 1009 299 2139 2063 1814 352 1539 1815 2844 1159 2576 2797 2371 403 1735 667 1925 1982 1549 2776 1619 741 2189 2403 1589 1122 879 428 2175 1816 2731 2633 2607 1660 90 1863 1366 1480 1349 1338 226 2473 573 17 867 2100 2412 2138 1622 600 1025 1373 2399 2771 2226 2486 317 2727 1520 307 2801 2385 537 1994 2811 2255 2717 1824 2273 1071 1572 913 234 641 2338 557 2460 2363 1 385 2431 814 891 2710 642 846 472 888 262 1238 1291 267 2253
000141.jpg,849 2479 1532 1708 1896 81 458 2365 2191 2819 120 152 1741 2674 1339 2500 1827 734 2283 2557 972 587 330 2099 313 847 2716 2181 2681 175 523 696 505 2370 2552 28 238 2228 2742 354 2119 1563 2177 2534 671 2250 1704 2527 92 705 2689 1376 1010 1917 532 2028 1956 2592 2052 1335 2193 772 602 1873 455 1262 968 2322 1500 449 1273 2470 1506 1111 1332 2237 2773 726 2814 503 2794 533 2698 1568 1941 711 1680 633 740 1117 872 1781 534 290 561 418 786 806 2059 1662
000142.jpg,2294 1056 1944 1055 2728 2207 137 1212 2741 899 2135 725 1825 204 1606 116 1463 1076 79 1067 686 1935 2842 2665 722 2068 1940 2286 1986 1464 97 2248 1134 246 1547 2511 165 2580 2041 804 2813 1452 447 1899 2558 2435 2382 1937 2825 2766 2305 2393 1639 948 1874 1130 1777 2719 692 657 2436 2598 329 1185 494 574 2057 2291 140 1868 2736 2292 677 1223 2708 350 974 2319 146 790 2639 1841 647 2683 2809 1876 1721 1962 682 2438 362 1126 1592 491 2569 12 1473 2258 442 2350
000143.jpg,1993 947 1663 1444 1328 1045 2767 2130 2011 1649 179 1054 645 1679 2707 1623 1422 1617 712 445 2836 1381 1782 735 2050 2241 550 1658 1218 2840 1552 169 2837 1544 2439 1051 1261 2352 2628 440 194 1029 1840 155 1489 305 1640 51 1710 562 860 1417 1701 433 2375 1416 1096 1948 2650 2289 197 134 1586 992 2046 497 2721 463 1897 1569 715 965 231 1775 100 2769 2631 1253 2482 161 769 1895 1362 1788 900 1486 1437 480 64 2270 1386 547 2082 173 659 2714 2735 2556 2287 319
000144.jpg,865 2090 569 370 2047 1189 121 988 193 2415 2217 427 2568 571 536 1793 323 2031 1070 2221 2120 2032 56 2640 1268 1399 964 2038 729 340 1521 698 955 1952 358 1065 2808 1266 1132 1588 901 2795 2380 2267 2839 500 332 932 1049 839 1236 640 1499 1329 2335 2671 2798 2539 13 1272 743 2570 2210 2520 2333 2629 1429 2428 1910 1764 1886 2578 377 828 1430 1553 1699 2423 1249 1337 933 2828 672 1041 1754 1038 2421 802 1256 432 1949 2602 1374 1668 2083 886 1418 597 1686 36
000145.jpg,2252 639 1920 2647 945 1579 841 1578 2328 1179 2491 1583 1977 2682 1651 2792 998 1063 9 1770 118 887 1566 1367 1239 114 916 227 1368 517 515 1470 1531 2065 567 2488 1585 1667 819 1769 952 1354 919 2575 808 748 2042 2310 1851 1791 1211 2097 2379 2459 1210 875 2304 2711 382 1854 492 1154 923 311 2349 778 1970 975 2778 579 2723 763 2793 2225 512 930 7 2026 566 2416 1271 528 1657 928 2729 1528 513 1209 25 151 2658 982 2559 2618 1344 1402 381 69 809 701
000146.jpg,2272 2352 2556 1496 194 2815 1316 1636 1965 1261 1218 1051 1416 1096 2628 1948 2713 497 992 2046 1586 2433 1362 1453 1490 1860 201 1897 1901 1840 2376 2309 48 64 155 1658 1569 715 439 100 2836 1381 1782 2241 562 2721 1649 2767 2631 2034 2545 51 1640 305 440 2439 2538 518 663 1054 1796 1045 2755 1544 2837 169 947 1663 1444 1328 747 258 1623 2707 1679 950 735 2050 770 1752 645 1799 231 2069 2367 1870 2649 1710 2650 1489 1146 2011 2840 445 1552 1202 1369 179 550 1123
000147.jpg,2374 133 493 2004 2125 1758 689 1947 1792 1234 280 57 756 1580 2174 422 1930 1861 2456 570 210 1665 2418 2838 1575 1859 793 1392 976 548 1196 2327 1034 2330 859 797 366 2186 1279 1358 294 1276 2229 2184 2461 746 1724 1765 1072 2541 1664 1375 421 2672 588 2548 2513 2749 1497 1081 583 154 704 2590 1059 551 342 228 77 203 2740 1030 2694 1457 2123 934 263 1776 1193 2581 2468 656 1292 2332 1887 2356 1229 2662 801 720 1551 2039 2206 1576 880 1348 2659 1629 1524 2431
000148.jpg,1545 59 2389 2367 626 1202 4 2270 2082 950 556 547 1386 1146 611 1319 1799 1752 1737 635 188 312 2832 987 1102 85 2477 1407 2069 2300 283 1926 221 266 2790 826 613 943 1644 1624 1405 2411 2528 1934 2044 2501 817 518 1656 659 2631 2817 2373 2134 2538 663 1855 2075 463 197 2289 433 2375 1496 2556 41 912 2208 2034 1796 2545 2205 716 2692 1122 1589 2731 1652 2231 1468 2312 904 345 996 1491 2530 2650 1485 860 1489 1417 1701 2769 2454 480 2189 1278 1264 1948 1416
000149.jpg,2045 1584 2023 2755 747 258 770 1320 188 1319 611 817 2034 2545 1656 2817 547 556 1386 1796 996 2530 1926 2134 2075 2373 1855 345 1934 1491 1416 1096 2692 2044 2501 1407 463 197 1029 2082 2270 1710 1417 2790 2300 85 1788 918 708 2528 715 100 48 1569 26 2649 1870 1276 1270 1264 1369 1261 1258 1253 1324 1373 1366 1234 1229 1218 1215 1375 1208 1202 1242 1238 1362 1377 1328 1338 1341 1316 1313 1307 1345 1348 1278 1295 1349 1292 1350 1291 1355 1279 1358 1360 1294 1 1428 1388
000150.jpg,2043 2171 2810 650 2666 2816 1723 1916 475 2346 1891 807 2841 820 1603 1260 334 750 411 1541 922 2387 759 1697 1456 1188 2643 6 1153 1858 1761 1221 285 1284 1763 122 1570 468 1139 1702 546 582 37 372 229 2167 1083 2313 1605 732 620 829 1397 2768 420 2268 1953 1090 980 1884 2118 2261 181 1797 1227 956 1610 1015 1882 1865 476 148 2502 2152 953 298 2168 459 669 1602 2348 1866 214 1471 1487 924 2823 2425 1738 1308 1082 2521 2476 594 448 2194 661 2573 1560 1006
000151.jpg,865 2568 2217 2415 427 2047 370 1793 1189 1399 964 2038 358 1236 2267 2380 2120 2221 1070 2031 743 901 955 698 1952 2808 1266 1521 2333 2629 1429 2428 1430 1699 1553 2640 500 2539 2798 729 56 2032 1886 323 340 1256 121 193 988 1249 571 933 672 2828 569 2090 2423 2795 1499 2570 2602 1668 1374 2117 1431 36 2335 1329 839 932 1049 536 1764 2839 432 802 2671 828 2578 377 733 1337 1872 437 380 760 981 1233 1041 1038 2421 1754 1910 1588 1132 554 868 1888 2264 681
000152.jpg,2043 2171 2810 650 2666 2816 1723 475 1916 2346 807 1891 820 1603 750 334 1541 1260 2841 2387 411 1153 759 922 1761 6 1697 2643 1456 1188 1221 285 1858 372 546 582 1702 1284 1763 468 1570 829 1139 122 1083 37 229 732 620 2313 956 2167 2268 1605 1882 1953 1397 2768 420 1797 2261 1227 181 2118 980 1884 476 1865 1015 1610 2823 669 2168 1090 148 298 953 2476 2194 2425 2152 2502 448 459 214 2348 1866 1602 661 1471 924 1487 1738 2521 594 1560 1082 1308 2494 2573
000153.jpg,2473 537 2138 472 403 961 1803 2213 2835 1828 405 2614 1964 1618 1421 2266 1349 1060 2820 2648 2513 1159 2801 352 166 969 2709 1862 2783 1324 2811 2255 2781 2013 2226 2340 1540 1571 2738 2339 1101 1939 2372 2710 1539 307 1815 1258 385 814 2431 2399 226 685 2063 195 2223 1698 1341 1607 2758 1069 147 577 2595 1270 2727 1520 2455 1009 837 127 2412 2189 1112 1 846 642 573 17 1509 2175 2484 2104 2524 1242 2403 2486 1572 913 234 1095 264 46 1294 665 2481 1446 795 2616
000154.jpg,1334 2323 1306 485 1951 1175 962 1798 572 658 589 727 1801 2277 2054 2540 529 646 2000 304 2113 1389 1427 1106 1559 1394 2644 2178 1451 1361 395 1230 1137 614 251 1213 2066 2546 1115 545 2072 803 2787 989 2579 1533 2114 2040 364 1900 2381 737 436 215 374 581 101 1683 1207 2759 1257 1087 341 1558 1971 1786 1300 714 1883 2504 1093 1590 895 93 898 1898 1597 853 2409 1197 2542 2242 1928 1166 426 2143 24 634 483 1593 1353 2784 407 617 2024 2667 328 1818 1561 1357
000155.jpg,2749 2740 203 154 342 551 1059 2468 1629 1524 133 814 385 2431 127 2374 2783 1025 2444 472 1375 493 1520 2727 1947 1 2710 2548 1803 1509 2403 307 2175 577 147 2595 1167 1355 1811 1421 2266 226 537 1480 1366 1816 1234 795 557 2363 2460 1278 1792 267 1238 1291 2399 1660 2633 2607 867 57 976 2709 685 2513 2820 1196 2125 891 1863 1358 2004 1078 160 2094 1530 1295 991 1807 1539 1618 2213 1930 689 2174 2385 797 859 366 1758 548 280 641 1861 1862 234 913 1572 422
000156.jpg,883 416 1946 2394 2334 1864 2462 1819 2353 206 153 781 2081 196 2474 98 776 353 276 871 381 1402 1643 910 1778 105 585 1344 1751 343 2361 2843 2603 2582 1204 2551 11 1042 764 2008 719 1289 2264 2018 2146 2284 2103 247 862 2485 701 1403 664 2110 288 869 1528 1997 2093 257 1613 1909 809 69 2027 1121 1325 1707 1633 662 1879 2585 1359 723 1906 394 1128 607 1351 35 1534 1237 1981 446 2224 2613 2001 450 303 1772 539 2824 615 282 812 921 2064 604 549 233
000157.jpg,540 2129 1346 1535 832 291 1561 617 1019 949 1513 1847 1161 2737 1343 783 63 2022 2242 1298 1773 1795 2542 1434 1004 940 2112 1999 1228 1631 1785 93 895 1590 1593 1257 1103 2827 310 499 1786 1971 182 1712 1760 1928 1166 1093 60 149 2656 1693 2149 1197 983 1137 614 2409 75 198 2441 954 1685 1483 1672 2437 1836 376 1743 1914 2785 2190 148 2521 714 2317 898 2072 1333 1856 2111 2202 1990 1469 1304 2497 1207 1558 1087 88 2745 1476 2016 341 2238 766 1898 407 2700 2260
000158.jpg,2502 2152 1113 1605 1866 1139 1487 924 1471 2841 953 214 1602 2348 84 941 1987 815 1953 1371 1525 205 909 1232 2141 2030 1927 106 1084 1400 2620 1922 2494 785 2791 2503 1696 2115 1616 244 1144 1365 851 481 1477 594 1703 2216 1288 1363 1184 1502 2591 335 2230 117 2623 2203 752 189 2060 1032 1198 1280 96 1632 2573 1425 1659 1171 2567 1205 327 398 1458 2572 183 2101 2179 1687 1641 1423 2303 2116 2768 420 1397 510 2263 2542 275 621 629 281 2677 959 2751 1979 907 2245
000159.jpg,2294 1056 1055 1944 2728 2207 725 1825 137 2741 1212 899 2135 1606 204 116 1463 1940 1935 1986 447 165 97 2041 2825 2766 2719 692 2558 2319 1134 2511 246 1547 2842 1130 2292 2736 790 1067 1962 79 2665 722 2068 1126 1076 686 442 2305 1464 2248 1841 2435 2286 362 1899 2813 2258 574 2291 494 2057 350 1937 2382 1874 2506 1223 2580 271 1942 2440 1408 1452 804 657 677 1639 948 2393 2809 1721 1876 2037 1771 2625 1677 1892 1998 1777 12 1473 146 647 2683 1439 2051 2639 2445
000160.jpg,264 2455 1009 837 2484 2063 1815 2797 2844 1159 2269 2833 2092 2139 299 1814 352 2189 1539 2576 403 90 2403 741 2371 2100 600 1622 1338 1549 2486 667 2731 1122 1589 2776 317 1982 1925 2412 846 642 573 17 891 2338 1735 1994 2175 267 1238 1291 428 2138 2811 2255 1619 1571 1349 2399 687 1409 2253 879 307 1863 1375 2717 2273 1824 1816 226 795 1572 913 234 1071 1 1660 2633 2607 1025 2385 2727 1520 2215 1373 685 349 888 262 1060 1480 1366 2174 2223 1698 1862 2662 1930
000161.jpg,1436 2218 1504 222 1933 1790 2512 2071 1305 2362 1052 2355 935 836 2096 897 850 2645 1321 1098 2156 2750 1638 1806 1709 755 1736 2342 2450 1911 2691 796 2201 2432 144 320 1200 1479 1682 1387 2318 2420 2452 99 372 1621 1006 443 396 2627 823 2677 281 1865 2593 1267 2823 1676 2446 2642 1976 208 595 2587 256 2147 599 666 399 1599 2074 2194 1227 908 1510 476 1761 612 1047 2098 141 2747 461 477 2655 2706 8 1671 2449 2537 669 1153 629 2261 829 1044 1090 1308 1763 1082
000162.jpg,795 317 846 642 573 17 600 1622 2100 2486 1571 2255 2811 1338 2412 2138 2399 2338 1994 307 349 1 1060 685 1698 2223 961 969 2253 1409 1618 2484 2063 1615 195 1520 2727 2213 2635 223 403 2473 2339 2215 90 1159 234 913 1572 2372 1349 1025 264 2834 891 2466 1095 1815 2709 267 1291 1238 2340 1540 2158 892 2189 837 2455 1009 1862 352 1129 2616 1411 2584 2185 1112 1694 46 511 537 2481 1270 2298 1360 2648 405 1828 2835 2738 1258 166 2844 2797 1964 2614 1939 665 1294
000163.jpg,1525 1371 2623 2263 2678 1280 2572 1084 1726 474 1198 2386 43 387 2498 1596 1802 1880 1199 762 2116 1536 636 1318 2807 398 1458 971 2048 1768 2761 2688 2562 909 2101 1205 2188 270 2503 1979 644 2442 2720 815 1987 1283 117 2278 1591 84 941 275 1144 2197 905 205 104 2245 183 1083 481 2141 1263 300 2571 907 2303 1108 2514 327 42 2359 752 423 1750 1866 946 1641 1659 785 2030 2791 2522 2056 1064 45 1380 1687 1927 106 1113 1423 1400 2620 1922 621 2705 1960 851 40
000164.jpg,2801 557 2363 2460 2104 2524 1242 1295 991 1807 1735 879 2473 273 2771 2710 1863 1549 641 687 1539 1480 1366 1373 2517 1619 127 2175 1816 2139 299 2529 143 2607 2633 1660 428 537 2385 741 2185 888 262 551 342 1059 2371 147 577 2595 2576 867 1925 1982 1215 2269 2833 1803 2776 1509 667 1440 2092 385 814 2431 2298 133 2226 718 2619 2403 1811 1167 1355 1947 2731 2783 472 154 976 697 1129 1862 2709 2797 1445 958 1514 2844 1349 1358 386 352 2444 1684 588 1081 583 1497
000165.jpg,509 2457 844 1084 1280 5 1515 2128 1426 1889 609 1766 957 2404 1616 2115 244 1696 2572 2725 2464 2623 1525 1371 2448 592 1637 1556 1477 1061 163 388 744 466 2263 2678 2351 498 1880 1802 473 1326 2498 387 1596 43 375 2124 2014 306 2169 2508 425 1960 40 941 84 1205 481 1659 2109 2751 1214 22 815 1987 474 1726 2562 1995 115 38 971 214 2348 1602 1171 2303 2567 1198 2188 2366 2197 2720 2442 2688 1953 1199 183 959 644 23 1866 2056 45 1064 2522 621 2030 2401
000166.jpg,727 589 658 1334 1306 1533 485 1175 1951 2323 2054 1137 614 2546 1115 1389 1197 2072 1207 304 2113 2540 646 2542 1801 2277 1087 2178 1427 1213 2066 962 1798 572 1593 545 803 2000 1558 1394 251 714 1106 1559 529 2579 1928 1166 2409 1597 853 2040 1900 364 1257 60 1304 737 101 215 436 989 895 93 1590 761 2114 1361 1451 2381 898 374 617 2644 2249 2497 1786 1971 581 1103 1230 395 426 2759 2787 341 634 2143 24 1685 954 75 198 1689 1683 540 1631 1333 757 182
000167.jpg,883 1946 416 2394 1613 1909 2843 276 1879 392 662 105 1237 1981 1778 446 2551 1906 2093 871 288 2146 2284 2018 2331 1419 301 519 773 2763 11 394 257 1707 1567 2361 1289 664 2110 2353 921 2064 247 1325 2049 869 2474 776 98 353 1600 1403 2357 153 206 607 1495 719 764 2008 1128 1604 1819 2334 1864 2462 2224 2001 233 742 2609 2613 1301 2102 1007 2282 530 451 1058 1681 1344 1204 2582 2392 1454 1546 538 843 2596 1518 1290 1402 2485 1633 3 254 2012 2391 1642 1645
000168.jpg,2832 312 987 1545 1102 4 611 1319 59 2389 1202 1146 547 1386 2270 2082 1624 1644 635 556 2411 188 2528 85 1407 626 1934 2044 2501 2367 2790 1926 2300 950 1656 943 221 1752 817 1405 2817 1799 1737 2477 2069 283 266 826 613 518 2631 659 197 433 2375 2289 2538 663 463 41 912 2208 1190 2574 2034 2545 1796 2075 2373 1855 2134 2650 2424 2515 1983 1701 860 1369 925 1870 26 2454 2649 348 2205 716 2692 1710 1489 1417 480 1264 345 1496 2556 2231 1652 1485 2714 712
000169.jpg,921 2064 2049 2282 662 2596 1518 1290 631 1909 1613 1017 530 446 1879 355 1396 1105 1981 1237 1301 1604 1567 243 1058 813 660 451 2696 2257 1554 1370 1673 394 2259 360 2392 1331 1614 607 542 2796 2140 710 2664 1739 908 2782 2357 54 1906 1002 1000 1853 2660 984 2093 1695 50 1893 1384 1742 1978 1495 337 1508 791 1287 1119 2369 2803 1565 1031 2262 966 2458 487 1621 1681 942 2085 2600 2274 1808 852 1676 1688 2543 1705 1404 1100 144 460 2452 1145 897 320 1089 1155 172
000170.jpg,1579 2252 639 945 2647 1920 1578 1179 2328 2491 1583 841 1977 998 2792 2682 1651 1063 9 1770 517 114 887 118 916 227 1470 1531 2065 515 1769 1354 952 919 567 748 2042 1791 382 2711 1854 2097 2310 808 2575 1211 1851 1667 1585 819 2379 778 1970 1239 1367 1566 2778 1368 2723 2488 930 2225 923 928 1657 2729 763 2459 975 2304 1154 492 1210 875 512 1271 579 1528 2026 566 7 982 311 2349 528 151 2793 2618 2559 2416 1209 513 25 2658 2150 1255 986 196 2474 776
000171.jpg,1801 2277 1300 2784 1353 529 483 1883 789 1394 240 545 2579 1427 2054 1533 761 395 2644 2759 2249 2178 1213 2066 1749 374 2317 2113 304 2546 1115 1593 251 1389 581 967 16 44 2540 1449 1483 1057 2000 1447 376 1469 2381 834 1044 1727 2555 1277 2114 1559 1106 1683 1951 1175 485 341 1334 646 989 803 1898 2437 1672 1230 1836 1306 2323 1361 1451 1093 1818 2785 1914 2260 407 328 658 727 589 2258 1798 962 572 2700 1990 2504 1180 2072 926 564 364 1900 2040 1357 1631 465
000172.jpg,645 2011 445 1054 1623 1679 2707 2840 1328 1552 1444 947 1663 1649 1029 1045 2130 2767 712 735 2050 1617 1422 1544 2837 169 179 2439 463 2735 550 2241 2836 1782 1381 440 197 1658 1253 480 1993 2375 433 2714 2769 319 2287 2649 2454 1369 1775 2289 1840 348 1788 925 2650 2631 1870 1051 1218 155 134 2352 305 1640 51 26 663 1261 1417 231 2538 2628 659 1710 562 194 2482 1895 173 769 161 1569 100 2721 64 715 860 1489 1701 965 518 1897 497 1586 2046 992 439 48
000173.jpg,561 1273 27 2311 2794 1781 1506 113 1248 2164 239 2091 1274 1505 525 1356 455 1262 383 1299 2070 1435 1141 1924 625 449 192 2669 2025 653 2061 1921 2698 2053 216 2173 1961 654 2402 1647 721 1972 822 2137 2280 225 61 207 1787 245 209 139 2396 2236 838 679 1127 1216 1140 1612 1037 1124 290 200 618 533 2316 2017 1021 391 2232 49 356 296 1282 1395 1756 252 1472 408 2470 2693 1780 1168 1829 2279 643 1303 412 1475 2406 1187 1648 858 1598 1317 799 344 33 771
000174.jpg,2502 2152 1113 1605 941 84 1987 815 481 1866 2141 1525 1371 244 1616 1696 2115 1144 1477 270 1927 106 1139 2761 1768 2048 2101 1953 1283 594 205 183 2503 785 1108 621 2841 1891 2623 909 96 1632 214 2348 1602 2494 117 40 1960 959 1032 189 2060 1198 1591 2197 1458 398 2203 1184 2056 1064 45 2522 420 2768 1397 851 2263 1922 2620 1400 592 171 1084 2572 1502 43 2677 281 629 2791 565 1844 506 1286 1880 1802 752 1280 1979 2030 1205 327 2386 423 148 2688 1365 2678
000175.jpg,1948 1416 1096 1362 1897 497 992 1586 2046 2272 2556 1496 2815 1965 1636 1316 1218 1051 2352 194 2628 1261 64 2713 439 1860 201 2721 2755 715 1569 48 2433 562 2034 2545 2631 1796 155 747 1840 1453 1490 1658 258 1381 2836 1782 2241 1901 100 2309 2376 770 518 2069 51 305 1640 1752 2045 1584 1710 1489 2439 950 1146 2767 860 1701 2023 1649 663 2538 1878 1123 613 221 2300 1926 440 1993 1417 1045 1405 635 1870 1369 1054 2649 2707 1679 1623 161 769 1895 283 826 2289 231
000176.jpg,1104 1669 2754 575 2550 2019 1507 2414 1691 1646 863 339 2604 1177 107 393 2136 1244 2641 397 2176 55 728 830 1450 1732 1194 1620 603 2275 1678 1073 441 1523 2383 2080 2518 1147 1120 1482 2695 845 373 1016 584 751 2395 2493 2247 2324 1057 676 1469 16 1447 376 1449 350 2305 1425 761 2249 835 2258 796 2691 1911 1267 1483 44 1846 1538 2489 2699 2823 2317 1548 269 2593 752 423 205 956 1380 946 2351 2508 1462 1183 2359 104 1707 1907 288 1325 1590 1166 1928 2409 895
000177.jpg,1971 1786 1257 614 1137 2072 1087 1207 895 1590 93 1558 898 714 1928 1166 2409 1357 581 803 39 2260 230 374 1180 1818 2288 2281 2114 926 564 2495 1091 1389 76 1996 777 1300 291 1535 832 1115 2546 2784 1353 2579 545 1883 341 2000 989 1427 1213 2066 1346 2129 2224 2242 1597 1559 1106 634 2143 24 1533 646 2381 540 364 1900 2040 304 2113 2759 1093 589 658 727 853 483 1361 1451 1898 251 101 2022 1019 63 2178 739 426 1593 240 1561 1306 1689 2540 737 436 215
000178.jpg,2843 257 1707 1871 1526 2516 2613 1731 1138 406 1385 1779 2145 1007 288 416 1645 1800 1325 1992 392 410 1442 2763 519 742 2102 1079 2609 773 535 883 1969 1511 2377 1527 301 1419 2331 811 1894 1516 2219 1455 186 709 2110 664 937 112 2549 2341 1068 749 544 434 2730 1466 338 1005 821 843 648 1670 1946 253 1133 248 336 2746 538 730 751 2290 605 1783 365 1040 1546 1454 1110 2299 2788 435 94 1311 1794 1424 1379 2364 1131 568 1243 1850 1309 610 1634 2095 593 678
000179.jpg,2533 293 2320 1149 29 1689 2673 2021 754 2756 2172 286 1728 1804 1231 540 2143 634 24 2430 1719 426 1597 2024 739 2787 967 757 1593 853 218 2224 291 1535 832 1996 777 1091 1346 2129 230 792 91 2235 2296 707 1849 564 926 2288 2281 2408 1093 184 1561 2495 1180 1818 2242 213 76 2472 341 617 1312 1984 39 2638 1478 465 949 1533 2354 1357 1898 783 1265 499 1448 1257 407 2542 1928 1166 766 2238 2737 1343 2744 1733 1298 1786 1971 2260 1434 2615 1383 119 1296 80
000180.jpg,1113 1144 2502 2152 84 941 815 1987 1605 481 1371 1525 183 106 1927 2197 621 2503 959 45 2056 2522 1064 1632 96 1866 2101 2623 270 1198 2263 2141 2572 1726 1032 2060 189 2030 2791 2048 2761 1768 785 171 117 40 1960 909 205 1084 2678 1283 1205 1286 1844 565 506 244 1696 1616 2115 1477 1280 2401 1458 398 2677 629 281 474 2116 851 1425 1423 1641 1591 2245 1364 2153 2554 419 894 946 1979 1251 2705 1108 762 1004 940 1232 1263 905 2612 1139 861 856 2831 907 2313
000181.jpg,2054 1533 2066 1213 304 2113 545 1389 2178 2546 1115 658 589 727 1306 2277 1801 1427 1300 2579 483 646 485 1951 1175 1353 2784 1394 789 1593 240 2000 1087 2540 2072 1883 1334 374 714 2323 529 1207 1137 614 1558 572 1798 962 898 2759 1361 1451 1106 1559 2260 251 581 761 1683 2644 2114 395 1230 2249 1257 803 1197 2409 2381 1786 1971 1093 2317 1166 1928 967 2787 341 989 2542 1898 2022 1019 63 1597 853 1727 2555 1044 834 1277 364 2040 1900 1749 407 328 1590 93 895
000182.jpg,1801 2277 1300 1353 2784 529 1883 483 1394 789 545 240 1427 2054 2579 1533 395 2644 2178 2759 2066 1213 304 2113 761 374 2546 1115 251 2249 1749 2317 1389 2000 2381 2540 581 2114 1593 646 1106 1559 967 989 341 16 44 1449 1483 1057 1683 1469 376 1447 1230 2323 1334 803 1306 1951 485 1175 1277 1727 2555 834 1044 1898 1451 1361 1093 1818 1672 2437 1836 364 2040 1900 962 1798 572 2504 589 658 727 407 328 2072 1180 436 215 737 1914 2785 2260 1357 101 2258 2700 1990
000183.jpg,802 429 142 2078 1492 555 868 340 554 1588 1132 176 1888 1886 1053 878 536 2227 979 2786 743 1256 1890 1562 1699 1553 1430 2333 1431 36 681 2029 289 2668 2380 2267 2743 1033 1236 1393 2117 432 62 1268 1398 361 417 733 2108 866 1418 597 1686 2423 2384 21 2451 886 199 332 901 500 571 2568 680 893 1793 1065 2415 2217 78 302 292 1499 427 193 988 121 865 569 2090 2839 1329 2335 1949 2421 1041 1754 1038 1952 1233 437 380 1399 2038 964 2570 1764 640 1872
000184.jpg,2305 79 1067 2665 2068 722 350 2842 2511 1547 1134 246 204 137 2741 1212 2135 899 116 1463 97 1606 2041 2719 1935 692 2319 1962 2736 2292 1056 442 1126 2294 447 1944 1055 790 2825 2766 2728 2207 725 1825 2506 2558 686 1986 1940 1130 1425 165 2248 2813 362 1076 2286 1937 804 677 1464 2598 329 2436 2435 657 2580 1452 1899 1892 1942 1408 271 2440 494 2291 574 2057 1777 2382 1874 1639 2393 948 1223 1771 2625 1677 2037 2708 1998 1841 217 1330 974 2683 647 2258 1592 2569
000185.jpg,2843 257 1707 1526 2516 416 288 392 1325 1871 883 1946 1731 1138 2613 2145 406 1779 1385 1800 1645 1007 410 1079 1419 2331 301 811 1442 1992 2609 1969 1511 2102 2394 773 112 1516 535 937 1455 2763 519 2377 1527 749 544 2219 105 1778 2341 751 253 1068 730 434 1670 2110 664 338 1466 2549 742 186 2730 709 1783 1681 1894 1005 1495 248 648 1133 843 1794 2788 1110 1705 1311 821 336 11 1424 94 2746 1243 1131 2290 487 1742 337 673 593 1498 1966 2364 2299 1968 538
000186.jpg,67 627 1810 2509 2583 1012 1406 249 1001 2121 2350 202 1075 1944 1055 2294 1609 404 93 895 1590 2224 2057 494 2291 574 2728 1594 378 1195 1869 1825 725 2435 2207 2580 1928 1166 2302 191 1165 1899 657 1056 2409 2161 1452 677 359 146 2663 1842 18 2 686 140 1868 2708 790 2719 1557 2622 1390 1223 835 1646 863 339 1986 1940 1185 1464 2393 948 2286 1777 974 1076 2683 647 1639 2639 2558 2825 165 2766 1130 1334 2323 447 883 288 257 2843 1707 1325 2292 1126 692 2736
000187.jpg,1314 1955 2265 872 2789 2306 1135 2199 1885 890 649 1543 1441 1099 1650 2597 1003 2105 261 2610 2594 877 1156 552 507 963 316 1117 1182 2773 367 2799 1823 1991 2814 235 1109 162 1164 2822 699 1327 2343 2212 2764 771 2237 1111 740 1376 1917 1852 1302 2812 1774 1974 533 1873 2052 553 68 2144 2592 2774 1332 670 1746 602 772 2770 1461 2193 92 1010 968 972 2322 120 2177 2250 152 1680 633 2099 330 458 1339 1532 238 2819 2500 354 2742 711 503 849 2552 28 2527 2681
000188.jpg,2792 998 118 1583 2328 1179 2491 567 1579 2065 2252 1977 1651 2682 808 517 639 2647 1920 945 887 1578 841 382 2711 1854 9 1770 1470 1531 1791 1063 114 1354 952 919 1769 778 1970 515 1851 2778 2379 748 227 916 2575 975 819 1585 1667 923 2304 930 2042 2310 875 1210 7 2723 2097 1211 1368 928 2729 1657 2793 311 2349 2459 492 1154 1271 2488 2225 1566 1367 1239 579 763 512 2416 151 566 2026 513 1209 2658 25 1528 2618 2559 528 982 1778 11 105 1742 337 98
000189.jpg,2823 2043 2171 807 820 2810 750 334 2816 650 2666 1603 1723 1260 1541 1153 2387 1761 1891 1697 2841 2346 1916 475 411 6 922 1763 1188 759 1858 619 2643 122 1456 37 2167 1284 829 2308 2712 752 2268 372 521 956 1090 2657 637 2617 285 468 1702 1227 476 2313 2706 1570 669 1221 2261 1625 419 894 2554 2153 229 2445 2168 2427 1671 2449 8 1308 1082 459 690 1083 1865 2704 1433 96 2194 1330 217 582 546 1006 1882 1632 255 939 298 448 2183 1139 586 973 1884 2118
000190.jpg,2767 1649 1444 947 1663 1328 1782 1381 2836 1045 1658 2241 1623 2707 1679 2439 2130 1544 169 2837 1617 1422 1054 712 179 2011 735 2050 645 1993 440 1840 2628 550 1218 445 1051 155 1640 305 51 1261 2352 194 1552 2840 562 1029 1489 2721 1369 992 1586 497 2046 2649 2631 1569 715 1870 1362 1417 1701 860 1710 480 1416 1948 1096 925 2454 100 1897 64 2769 2714 26 439 348 663 2538 48 2650 2289 518 1796 463 2375 433 197 231 2735 1788 1775 965 1496 1316 2034 2545 900
000191.jpg,2545 2034 1796 2433 100 1569 715 48 2721 2376 2713 1490 1453 2309 1860 201 439 1901 64 562 1640 305 51 155 2023 2045 1584 2272 1096 1416 2556 1948 2755 1496 1316 747 1965 1636 2631 231 2815 2650 258 770 1897 2289 2046 1586 992 497 1870 26 1369 1261 2649 1051 925 2454 2352 1218 2628 194 1362 518 712 1320 2714 348 2538 860 1701 1422 1617 663 1710 817 1417 2553 1993 2769 2439 480 1489 1544 2837 169 1407 173 1788 1381 2836 1782 950 1752 1799 2130 1045 2817 1658 1624
000192.jpg,352 1815 1539 2269 2092 2833 837 1009 2455 2484 264 403 299 2139 2063 1814 2844 1159 2576 2797 1349 2138 2371 667 1619 1925 1982 1549 2403 879 1816 1735 2776 741 2175 1366 1480 2473 537 90 428 1589 1122 2399 2189 1025 307 1520 2727 2710 1622 600 2633 1660 2607 2731 1863 226 2811 2255 2100 557 2363 2460 2412 1338 2226 1994 913 234 1572 273 1 2338 17 573 2524 1242 2104 2801 2486 2213 317 1571 2431 385 814 846 642 1803 2595 147 577 867 472 2253 1409 891 2758 1069
000193.jpg,2153 894 2554 419 96 1632 2060 189 1032 106 1927 205 1625 481 752 1987 815 2823 2401 2313 941 84 565 1844 506 1286 171 2612 2216 1288 1363 1703 309 1217 333 856 1171 1214 2109 2567 22 621 1365 2571 2831 1336 1013 1251 785 2197 2705 300 1865 1560 1364 861 2425 1064 2056 45 2522 762 1315 468 1858 2160 2079 1277 1727 2555 1044 834 423 761 1227 2194 959 1749 1907 183 1425 2116 1108 2751 1449 2141 2791 2030 1726 42 1153 2261 37 476 669 1199 1090 922 1057 1763
000194.jpg,1753 2777 1125 2077 2772 2478 2561 70 431 2510 1759 2757 1834 315 1252 2015 1557 2622 1390 601 2161 2818 951 18 1842 2 2663 1165 191 2302 1035 1839 2315 2702 767 277 1980 2685 1443 1833 1938 211 2532 1460 1989 369 1747 889 2686 502 2601 2471 990 2496 1323 103 1720 1608 1821 578 1340 1511 1969 2102 1442 2667 522 297 284 1413 126 1767 684 1908 2434 282 1845 2276 1757 1904 2150 2507 123 997 882 2350 1810 2583 2121 1001 2509 1235 1391 2314 1186 688 848 702 1830 1975
000195.jpg,2489 2699 1846 1538 2247 76 2495 564 926 1818 1180 2493 2324 230 1357 2288 2281 39 1091 1996 777 2224 739 2019 1786 1971 1257 989 2114 581 751 2414 2754 575 2550 1507 1104 1669 2409 1928 1166 107 1177 2604 397 2641 728 1194 55 2176 362 2258 1841 737 436 215 1691 364 2040 1900 2080 1523 441 2383 93 1590 895 101 341 1883 1353 2784 1482 2000 2381 2695 2787 1898 1137 614 1106 1559 845 373 803 1593 1719 2072 1300 1036 318 1152 1361 1451 1804 1601 2036 198 2497 75
000196.jpg,2305 79 1067 2665 2068 722 350 2842 2511 1547 1134 246 204 137 2741 1212 2135 899 116 1463 97 1606 2041 2719 1935 692 2319 1962 2736 2292 1056 442 1126 2294 447 1944 1055 790 2825 2766 2728 2207 725 1825 2506 2558 686 1986 1940 1130 1425 165 2248 2813 362 1076 2286 1937 804 677 1464 2598 329 2436 2435 657 2580 1452 1899 1892 1942 1408 271 2440 494 2291 574 2057 1777 2382 1874 1639 2393 948 1223 1771 2625 1677 2037 2708 1998 1841 217 1330 974 2683 647 2258 1592 2569
000197.jpg,1054 2707 1623 1679 645 2011 1328 1444 947 1663 1649 445 2767 1544 169 2837 2840 1045 1552 2130 1422 1617 2439 2836 1782 1381 712 2050 735 1658 2241 179 1029 440 1993 1218 1051 1261 2352 550 1840 2628 194 1640 305 51 155 463 2735 562 1489 1253 197 2287 319 860 1701 1417 433 2375 1775 2631 1870 1369 1710 2454 1416 1096 1948 1586 497 992 2046 2721 2649 1897 2289 2714 26 925 659 1362 2769 480 2650 100 715 1569 134 439 64 518 663 1486 1437 900 965 2538 1788 2815
000198.jpg,2043 2171 2810 2816 2666 650 1723 475 1916 2346 1891 807 820 1603 750 334 2841 1260 411 1541 922 1188 2387 1697 1456 759 6 2643 1153 1221 1858 122 285 1761 1763 1284 37 546 582 1570 1702 468 2167 372 1139 229 2313 1083 1090 2268 732 620 829 1605 1227 2261 956 420 2768 1397 459 1882 298 476 1953 1865 980 1884 2118 181 1797 1308 1082 148 1015 1610 2168 2823 2152 2502 669 586 1006 448 2194 2425 1738 2476 661 953 443 1267 2494 2521 594 2348 1602 1866 214 1199
000199.jpg,27 2061 1647 2402 1972 721 1124 1037 2053 561 1921 1140 1216 1756 1395 2236 391 1317 1918 1303 1274 1612 936 1050 1967 1635 1715 390 655 331 1755 805 1273 430 1472 1924 1506 402 1475 344 2693 726 643 138 2406 1648 1187 314 363 653 1127 478 471 1438 1008 1780 999 216 799 2698 1011 2611 1299 618 1021 2017 412 2316 200 533 1293 159 296 356 1282 408 2531 2301 2407 2232 2465 2505 1356 31 326 580 2279 1829 1168 49 1781 822 2137 1568 1048 1961 61 225 207 1097
000200.jpg,646 803 2054 2540 2000 1106 1559 251 1451 1361 1115 2546 1394 962 1798 572 529 2644 1389 395 1427 2323 1334 2277 1801 101 1230 2113 304 215 436 737 2381 2178 545 1306 989 1213 2066 1900 2040 364 727 589 658 2787 2579 1175 1951 485 374 1683 2114 1883 1300 341 2759 581 1533 2504 1137 614 2784 1353 1257 1786 1971 1898 2072 1093 483 1207 714 1087 1558 240 407 789 898 328 1818 1357 2288 2281 2242 39 766 2238 1597 853 426 2024 1180 293 2320 1149 564 926 967 1590
000201.jpg,1054 2707 1623 1679 2011 645 1328 1663 1444 947 1649 445 2767 1045 2130 2837 169 1544 1422 1617 2439 1552 2840 2836 1381 1782 712 735 2050 179 1993 2241 1658 440 1029 1218 550 1261 2352 1051 194 1840 2628 51 1640 305 155 1489 2735 562 1416 1948 1096 463 1775 1253 2046 992 1586 497 1417 1701 860 1710 319 2287 2631 197 2721 1362 2375 433 2649 1897 1369 1870 1569 715 2714 480 2289 2454 2769 2650 100 134 925 26 663 659 2272 2556 518 2815 439 1496 64 965 2538 1636
000202.jpg,2749 203 2740 154 2468 551 1059 342 798 1629 1524 2581 1193 2206 880 1345 438 82 1377 170 287 1432 514 130 242 158 2694 2327 1086 2588 77 1292 470 133 2703 2127 1522 1348 1030 2198 934 1576 842 2002 2187 1675 884 1494 1653 185 2155 1375 2548 421 1716 704 493 1857 228 656 2374 2662 814 2431 385 1947 1930 2783 1350 1792 2672 1551 1392 127 57 2590 263 2332 1229 2403 1043 857 1724 885 706 1861 1457 1196 1034 1776 801 2229 2659 2004 1509 1234 1664 756 1580 2444
000203.jpg,2268 2167 1697 459 1570 1763 1456 1090 1285 298 1082 1308 1267 922 411 37 973 1188 1284 122 586 448 1884 980 2118 6 2706 1006 690 1610 1015 1891 443 2816 285 759 1537 2030 1723 2043 2791 468 1080 807 2171 2810 1260 275 650 2666 1858 956 1221 23 2643 1761 1380 2168 2494 1882 117 2303 229 946 1198 1205 546 582 327 2313 2261 1227 1153 1979 1425 2841 1184 1659 669 829 2346 475 1916 1502 629 661 1687 396 2627 2179 1702 8 2222 1083 2203 1865 1922 1400 2620 281
000204.jpg,1948 1096 1416 1362 1897 2272 2556 497 1586 992 2046 1496 2815 1636 1965 1316 1051 1218 2628 1261 194 2352 2713 201 1860 64 439 2755 715 1569 48 2721 2433 747 2034 2545 1840 562 1658 2631 2836 1381 1782 1490 1453 258 2241 770 1796 155 2309 1901 100 2376 2045 1584 1752 2069 2439 2767 950 1146 1710 1489 2023 518 1649 1123 1878 440 860 1701 1045 1054 1623 2707 1679 2300 1926 221 613 161 283 1895 826 769 2538 663 1993 1788 1417 2389 1202 2367 1799 59 1545 1320 635 1405
000205.jpg,2433 1490 1453 2376 1901 2309 2713 2034 2545 100 1796 1569 715 48 1860 201 2721 64 562 439 305 51 1640 155 2556 1496 231 2272 2023 2650 1316 2289 1584 2045 1416 1096 1948 2631 1636 1965 2553 2755 26 2815 747 2714 1417 925 348 2649 2352 1369 2538 1870 173 1710 1489 2454 1799 2769 134 663 518 1218 1261 1051 480 168 1788 817 860 1701 1926 1752 950 2628 2817 1319 611 194 1644 1624 1123 978 1148 623 2312 1878 221 1407 2300 258 770 1649 1658 1663 2836 2241 1444 2767
000206.jpg,2071 1933 1790 897 1305 2362 1436 1504 222 2218 1052 2512 2096 836 935 1227 1761 2194 2645 2261 2168 2156 1709 850 476 829 1321 1098 669 1153 2750 661 2201 1638 2432 2355 1806 2450 2342 1736 755 1865 2691 1911 796 2823 144 122 320 285 1284 546 582 42 1188 1200 922 6 1697 971 1560 1221 37 2278 1083 644 1882 2188 2688 2442 2720 1802 1880 1456 459 1536 2807 636 1318 229 1858 2562 1763 411 2167 468 2268 2425 1596 372 2313 1006 1702 99 1260 807 759 620 732 1090
000207.jpg,582 546 1891 1083 285 1221 6 2643 759 1702 620 732 2816 1723 1260 181 1882 807 1605 2346 475 1916 2841 1697 1797 1570 2171 2043 2810 2666 650 1536 1318 2807 636 2278 122 2476 42 1761 922 2152 2502 1768 2048 2761 1153 1139 1113 1858 2167 1456 298 1188 37 1284 1953 956 411 1198 270 2494 2261 459 2101 2168 1591 2268 1603 820 594 372 2194 398 1458 1283 2386 750 334 829 1227 1726 2678 661 2263 1525 1371 2768 420 1397 669 117 1763 148 1144 1922 1400 2620 2623 474
000208.jpg,1593 2409 1166 1928 895 1590 93 291 1535 832 898 614 1137 2072 714 1558 1087 540 2129 1346 2542 1689 1207 1197 1597 24 2143 634 1300 853 2260 2430 483 465 1257 426 2784 1353 2024 1334 1801 2277 1786 1971 2235 2296 91 792 1561 1883 2323 617 1631 2242 1019 1427 789 240 739 2317 1804 545 2249 761 2022 63 2066 1213 376 374 1389 2224 2546 1115 1533 1749 1469 1483 967 60 1719 646 1447 2540 2579 499 2054 44 39 2178 2324 1836 581 1228 1103 304 2113 1999 1795 1773
000209.jpg,739 2224 24 634 2143 1597 2430 853 1689 2024 1149 293 2320 2533 426 29 1593 286 2172 2673 2235 792 2296 91 1804 218 1231 2787 1728 757 1719 754 2021 2756 465 2288 2281 39 883 76 2495 499 967 1357 1533 1818 1984 1312 2638 2472 184 1166 2409 1928 926 1180 564 230 1091 1257 581 2114 276 1786 1971 989 777 1996 2260 341 2381 1900 364 2040 2354 1478 2018 2146 2551 2284 2667 540 895 1590 93 1265 101 215 436 737 614 1137 213 1289 646 2540 1535 291 832 1733
000210.jpg,1656 2044 2501 817 2817 1934 2528 2411 1644 1624 1926 85 2790 188 943 221 1405 1102 2300 1407 987 2832 312 1319 611 635 2545 2034 1796 547 1386 556 2270 2082 439 64 2309 201 1860 2713 48 100 1146 1901 2433 1202 51 305 1640 2376 2631 4 1870 2649 562 2721 155 1369 26 1569 715 1453 1490 626 2045 2023 1584 518 1190 2574 463 197 1545 925 1948 860 1701 2289 1416 1096 1417 2389 348 2424 2515 1788 1489 2375 433 2454 1752 659 1710 1737 2477 283 2650 826 266 1983
000211.jpg,1062 129 501 726 1932 467 1378 788 125 2634 1022 1813 1923 456 324 1730 2470 1281 108 1912 840 999 1026 2806 753 2687 1929 1275 1039 1475 504 2465 2505 2236 927 1831 1655 295 2142 241 1789 89 2398 628 1220 1297 2062 1024 1568 2765 2053 452 1503 314 331 655 2407 2301 1050 2429 1706 464 484 1008 758 1662 220 1048 430 1967 1715 390 1635 1262 455 2059 534 806 389 495 478 1240 2821 2232 363 1273 1875 268 1124 1037 1438 471 402 2285 346 53 2773 1843 786 2690
000212.jpg,509 2457 844 1084 1280 5 1515 2128 1426 1889 609 1766 957 2404 1616 2115 244 1696 2572 2725 2464 2623 1525 1371 2448 592 1637 1556 1477 1061 163 388 744 466 2263 2678 2351 498 1880 1802 473 1326 2498 387 1596 43 375 2124 2014 306 2169 2508 425 1960 40 941 84 1205 481 1659 2109 2751 1214 22 815 1987 474 1726 2562 1995 115 38 971 214 2348 1602 1171 2303 2567 1198 2188 2366 2197 2720 2442 2688 1953 1199 183 959 644 23 1866 2056 45 1064 2522 621 2030 2401
000213.jpg,2185 1375 1234 2174 2327 1539 1930 1575 2801 1129 1034 264 2092 2186 2833 2844 2473 2298 2484 493 133 2226 2330 741 2269 1392 1792 2517 2175 2662 2125 1580 1694 2063 1735 2797 2584 1411 57 2616 2229 352 280 1724 2455 1009 837 2189 2139 299 1814 2576 2710 2709 2371 2461 2418 2548 689 667 1278 687 1684 2481 2004 1294 1446 665 795 1925 1982 1665 2374 1758 2456 570 2403 1816 1366 1480 1279 746 403 1619 1159 1861 1270 143 2529 958 1664 1939 2838 1360 210 2619 1215 2541 879 1863
000214.jpg,726 2470 1475 999 2236 484 2059 314 2429 534 806 1568 2407 2301 1262 455 1662 780 389 53 2232 2687 52 2053 331 655 290 418 1481 758 346 786 89 1050 1008 1022 1465 2244 2821 478 1037 1124 799 295 1275 1929 344 1039 1378 430 1730 1438 471 363 2765 2806 402 2698 452 1967 390 1715 1635 2285 840 1843 1875 268 2467 2690 1140 1216 1506 464 1706 2715 467 1918 936 2137 822 131 2465 2505 108 838 1273 1024 2565 1789 2531 1755 805 1011 2634 2693 1941 1274 1317 653
000215.jpg,2623 1525 1371 2263 2678 1280 2572 1084 1726 474 1198 2498 387 1596 2386 43 1199 1880 1802 2688 762 1458 398 971 2188 2562 2048 1768 2761 644 909 2720 2442 1318 636 2807 1536 2101 2116 2503 270 1205 1283 1979 2278 275 117 1591 42 2197 1144 1083 300 183 1108 905 2141 2245 1866 104 1987 815 907 941 84 2571 205 2303 2476 620 732 1702 1659 1263 423 327 1687 1641 2030 2791 2514 1797 181 481 1922 1400 2620 2359 1750 946 2425 2643 1380 785 1113 2705 582 546 1423 1995
000216.jpg,1114 931 2624 1845 1830 702 848 835 126 522 2667 1767 903 1235 1908 1107 1340 2388 768 297 284 688 2276 1186 578 990 2601 502 2471 103 1323 1720 1608 1821 684 1413 2314 65 1310 1254 250 1975 1391 1512 1989 211 2532 369 2496 1460 2663 2 18 1842 601 2823 767 277 475 1916 2346 5 1515 2757 315 1759 1557 1390 2622 431 2561 70 2510 2478 2077 1839 1035 202 1075 1425 1907 2305 350 1723 191 2302 1165 1968 1267 1266 1265 2400 1263 2401 974 2157 975 2495 1260 1259
000217.jpg,589 658 727 1306 1137 614 1175 1951 485 1207 714 2072 1334 1087 2323 1558 1389 646 898 2054 1597 853 426 2546 1115 572 1798 962 2540 304 2113 2178 2066 1213 1559 1106 1427 1257 1451 1361 2000 24 2143 634 2024 1533 2277 1801 2787 1590 895 93 2409 2644 1149 2320 293 1166 1928 529 1971 1786 545 803 1394 251 1230 395 2579 1689 374 2430 2533 101 436 215 737 2381 1683 2040 1900 364 2759 2114 581 2673 29 989 1300 2172 286 1728 1883 341 240 483 757 1804 2224 1231
000218.jpg,2305 350 79 722 2068 2665 1067 2842 899 2135 1212 137 2741 1547 2511 246 1134 204 2294 116 1056 1606 1055 1944 1463 97 2728 1935 2041 2207 692 217 1330 2719 1825 725 2319 686 1962 447 2427 255 2292 2736 442 2825 2766 1126 1076 1464 1425 482 2286 790 2089 1931 2526 2220 1940 2506 2445 2558 1986 2248 2580 2382 1433 2704 939 804 2813 1452 1937 2657 637 2617 2308 1639 2393 948 2183 1130 165 1777 2625 1677 1771 2037 1892 329 2598 2436 2435 677 521 974 619 2712 574 2057
000219.jpg,1735 2771 1863 991 1807 1295 641 1373 879 1549 2385 2801 888 262 428 1619 127 687 2371 741 2460 2363 557 1509 2776 1925 1982 667 2576 273 2139 299 2473 2524 1242 2104 1480 1366 1816 1539 2175 2731 147 2595 577 1660 2607 2633 2403 2710 2269 2833 2094 1530 160 1078 2092 226 867 1803 2431 385 814 2797 2844 537 1167 1811 1355 1862 2517 2783 1814 143 2529 1059 551 342 352 1122 1589 1238 1291 267 2185 2213 2189 472 891 90 1215 2513 1278 1440 2619 133 403 2255 2811 718
000220.jpg,1579 2328 2491 1179 9 1578 2647 945 1920 639 841 1977 2792 515 2682 1651 1770 1063 998 887 2252 919 952 1769 1354 1470 1531 118 114 2065 1791 1851 1583 567 808 748 923 517 2379 1854 382 2711 975 492 1154 2459 2778 1585 819 1667 2097 2304 2575 1970 778 2488 1368 875 1210 579 566 2026 1367 1566 1239 512 2349 2723 7 1271 916 227 2225 1211 311 1528 930 2793 528 763 151 2310 2559 2618 2042 1209 513 2416 25 2658 2729 1657 928 982 196 776 2474 98 353 381
000221.jpg,2502 2152 1113 1605 941 84 1987 815 481 1866 2141 1525 1371 244 1616 1696 2115 1144 1477 270 1927 106 1139 2761 1768 2048 2101 1953 1283 594 205 183 2503 785 1108 621 2841 1891 2623 909 96 1632 214 2348 1602 2494 117 40 1960 959 1032 189 2060 1198 1591 2197 1458 398 2203 1184 2056 1064 45 2522 420 2768 1397 851 2263 1922 2620 1400 592 171 1084 2572 1502 43 2677 281 629 2791 565 1844 506 1286 1880 1802 752 1280 1979 2030 1205 327 2386 423 148 2688 1365 2678
000222.jpg,2801 1539 2363 2460 557 1480 1366 1816 1242 2104 2524 879 1660 2633 2607 273 299 2139 352 2833 2269 867 2175 2473 2092 2710 1619 1549 2226 2797 2844 2576 1807 991 1295 1349 537 2138 577 2595 147 385 814 2431 2517 2771 2403 1814 1735 1982 1925 1803 127 1863 403 741 641 2371 1373 1025 2444 667 1815 685 1811 1355 1167 687 2709 1618 2213 1509 2776 428 2731 969 2619 2783 2340 1540 961 1059 342 551 264 2513 697 2758 1607 1069 1341 1215 2455 837 1009 1530 2094 1078 160 1
000223.jpg,614 1137 2072 1087 1207 1558 1257 1971 1786 898 714 1590 93 895 1166 1928 2409 1389 1115 2546 1213 2066 581 545 374 803 1427 2579 304 2113 2260 1300 2178 1883 1533 1353 2784 2114 1357 727 589 658 2759 483 646 1306 39 2000 1597 1535 832 291 2540 240 853 2381 341 230 2281 2288 251 1106 1559 1593 789 2143 24 634 1093 1818 1683 1180 2054 1900 364 2040 1361 1451 2129 1346 1091 426 926 564 2495 1334 2323 1951 485 1175 989 63 1019 2022 2242 1898 76 101 1394 1689
000224.jpg,536 1588 1132 1268 571 2090 569 340 121 988 193 802 1431 36 2117 332 2839 2335 1329 429 2078 1492 142 555 733 2795 2333 1065 1886 1952 1266 2808 865 500 680 1699 1553 1430 1562 2217 2415 1764 901 2267 2380 427 2570 1793 1236 2227 2786 979 2640 1399 964 2038 878 1256 2668 2029 432 2743 1033 1910 1393 1890 358 176 866 2568 1499 1888 2031 2221 2120 1070 868 1337 554 2083 1668 2602 1374 729 933 672 289 1053 2828 743 1418 1686 597 1249 2108 62 417 2451 2384 21
000225.jpg,537 2473 2138 472 403 2213 961 1803 1341 2758 1069 1607 1618 166 2783 1964 2614 1862 2266 1421 1349 2431 385 814 2513 2403 2738 2820 1060 1828 2835 405 2648 1735 969 147 577 2595 685 1540 2340 127 2801 1539 352 2339 2226 2811 2255 1509 641 226 1816 2709 2710 2781 741 2385 1159 1101 2371 1366 1480 2576 307 1863 2776 879 1373 1324 1571 428 642 846 1295 1807 991 1622 600 1025 2399 2269 1619 262 888 2175 1078 160 1530 2094 2633 2607 1660 2771 2486 1 667 2092 795 1549
000226.jpg,304 2113 1213 2066 1389 2178 2546 1115 545 1533 2579 2054 727 589 658 1306 1427 1300 485 1951 1175 483 646 2784 1353 2277 1801 1883 789 374 2759 2072 1334 1394 2540 1137 614 1087 240 2000 1683 1559 1106 714 1207 2323 1798 572 962 1361 1451 1558 529 898 581 251 1230 1593 2787 2114 2644 1093 395 803 967 853 1597 2260 1257 1898 2381 2409 407 341 426 2504 328 1166 1928 1971 1786 2024 1689 989 24 2143 634 2430 93 1590 895 1804 1900 2040 364 1019 2022 63 2320 1149
000227.jpg,1525 1371 2623 2263 2678 1280 2572 1084 1726 474 1198 2386 43 387 2498 1596 1802 1880 1199 762 2116 1536 636 1318 2807 398 1458 971 2048 1768 2761 2688 2562 909 2101 1205 2188 270 2503 1979 644 2442 2720 815 1987 1283 117 2278 1591 84 941 275 1144 2197 905 205 104 2245 183 1083 481 2141 1263 300 2571 907 2303 1108 2514 327 42 2359 752 423 1750 1866 946 1641 1659 785 2030 2791 2522 2056 1064 45 1380 1687 1927 106 1113 1423 1400 2620 1922 621 2705 1960 851 40
000228.jpg,213 2408 2413 2295 135 558 707 1448 184 1269 1849 2354 2615 1478 1533 1265 2638 520 232 1945 2566 2024 80 119 1383 1296 1867 1722 2472 19 761 2249 426 424 1312 1984 1529 2390 2317 2260 1689 1197 2430 757 752 1593 218 1733 2744 1728 2143 634 24 1597 540 2542 967 1044 834 2555 1277 1727 1057 2533 60 545 1749 1804 1719 2404 1149 293 2320 783 949 1103 2113 2066 1213 304 2178 2277 1801 2546 1115 1449 2054 1434 1298 2058 1389 376 1469 1447 16 44 1766 609 1231 1631
000229.jpg,1125 2777 1753 2772 2077 2478 70 2561 431 2510 2161 1759 2622 1390 1557 2757 315 951 2818 601 2302 1165 191 1834 2015 1252 2 2663 1842 18 1035 1839 2315 2702 2685 1980 277 767 1443 1833 1938 1747 2686 889 1460 2532 211 369 1989 2496 522 502 2471 990 2601 2667 1904 2507 997 269 1548 1340 1323 103 1511 1442 1969 2102 1720 1821 1608 578 202 1075 1757 882 2150 123 126 1767 1845 2276 1114 297 284 1413 684 1908 2434 282 1012 249 1406 931 1235 1391 1186 688 2314 2624
000230.jpg,2433 1490 1453 2376 1901 2309 2713 2034 2545 100 1796 1569 715 48 1860 201 2721 64 562 439 305 51 1640 155 2556 1496 231 2272 2023 2650 1316 2289 1584 2045 1416 1096 1948 2631 1636 1965 2553 2755 26 2815 747 2714 1417 925 348 2649 2352 1369 2538 1870 173 1710 1489 2454 1799 2769 134 663 518 1218 1261 1051 480 168 1788 817 860 1701 1926 1752 950 2628 2817 1319 611 194 1644 1624 1123 978 1148 623 2312 1878 221 1407 2300 258 770 1649 1658 1663 2836 2241 1444 2767
000231.jpg,2045 1584 2023 2755 747 258 770 1320 188 1319 611 1656 817 2817 2034 2545 547 556 1386 1796 996 2530 1926 345 1934 1491 1416 1096 2692 2044 2501 1855 2373 2075 2134 1407 463 197 1029 2082 2270 1710 1417 2790 2300 85 1788 918 708 2528 715 100 48 1569 26 2649 1870 1276 1270 1264 1369 1261 1258 1253 1324 1373 1366 1234 1229 1218 1215 1375 1208 1202 1242 1238 1362 1377 1328 1338 1341 1316 1313 1307 1345 1348 1278 1295 1349 1292 1350 1291 1355 1279 1358 1360 1294 1 1428 1388
000232.jpg,1570 2268 167 454 2222 298 20 459 2167 2162 2726 1744 1285 2751 1456 1284 973 2494 1171 1995 38 115 2109 2567 1697 1891 22 1214 1661 2791 122 1471 924 1487 448 2573 690 2706 1723 1221 285 2346 1916 475 2118 1884 980 37 1610 1015 411 1537 2030 6 1188 650 2666 546 582 1308 1082 1763 1090 1267 2816 1288 2216 1363 1703 400 2661 827 420 1397 2768 1006 586 1401 275 1080 956 2152 2502 1605 396 629 2627 922 327 1882 1979 117 2179 2677 281 1198 750 1603 820 334
000233.jpg,2491 1179 2328 1977 1651 2682 2792 2647 639 945 1920 1578 887 1579 841 9 515 1470 1531 2252 118 998 1063 1770 1769 919 952 1354 567 1791 2065 748 808 1851 1583 114 1154 492 975 923 819 1585 1667 2575 2379 2304 1854 382 2711 2459 2488 517 2778 566 2026 875 1210 1368 2097 2349 778 1970 579 7 1209 513 512 2793 1271 1367 1566 1239 2658 311 25 2723 2416 1528 930 528 151 227 916 2225 1211 2559 2618 763 2310 2042 928 2729 1657 982 1402 1344 381 196 1245 1519
000234.jpg,1801 2277 529 761 1300 1749 2317 2249 16 1394 44 1447 1353 2784 1057 483 1533 1469 1883 1483 789 545 376 2054 1593 1449 395 240 2644 1427 2579 2113 304 2437 1672 2178 2066 1213 1836 1727 1277 834 1044 2555 1334 2759 2323 2000 1197 374 581 2785 1914 2114 1559 1106 1389 251 1175 1951 485 1115 2546 465 2381 1230 803 2540 2542 989 646 967 1306 2258 1990 2700 1451 1361 291 1535 832 1304 60 572 1798 962 1631 2260 1357 658 589 727 2058 617 364 2040 1900 341 436 737
000235.jpg,2714 348 2769 480 925 26 2454 1369 2649 1870 2538 663 550 1788 1417 1710 860 1701 1489 518 712 179 463 197 2289 2650 433 2375 2130 1422 1617 1029 2721 231 100 715 1569 562 48 1796 305 1640 51 439 64 155 769 1895 161 2050 735 169 2837 1544 2482 2545 2034 2713 440 2735 1045 2439 2309 201 1860 943 547 1386 2631 1453 1490 221 1993 2790 2840 2082 2270 1840 1253 173 1407 1405 1901 2300 2376 556 2241 2433 2011 645 659 2628 1926 1102 1552 445 1054 1319 611 2707
000236.jpg,537 2473 472 403 2138 1159 352 2063 1803 1349 1815 2484 1009 2455 837 2811 2255 1571 961 1060 1539 2213 1862 264 2758 1607 1069 1341 307 1618 2226 2513 2189 17 573 2399 385 814 2431 1421 2266 2648 1520 2727 2783 2175 2403 1735 846 642 2835 1828 405 1509 2412 2820 2710 2269 2614 1964 1698 2223 2486 226 741 1025 2709 2371 195 600 1622 166 2595 147 577 2576 2801 2092 2781 1 1814 2100 127 2372 969 1101 2738 317 2776 2833 685 1540 2340 795 2797 667 2338 913 1572 234
000237.jpg,956 1882 1761 829 2268 1153 2167 669 459 2168 448 2823 1697 1541 820 661 1267 476 750 334 2387 1227 2261 807 1603 973 2194 298 1570 1995 115 38 1285 1221 37 1260 1865 372 285 1763 1090 2494 1797 275 2476 6 582 546 1082 1308 181 971 2706 690 2425 1188 2593 922 1880 1802 1687 1922 2620 1400 586 1006 122 1610 1015 468 2688 1858 229 1456 1284 1380 946 2043 620 732 2313 42 2691 1911 796 980 2118 1884 411 1560 443 644 454 167 1199 1401 827 400 2661 1904
000238.jpg,2054 646 1306 727 589 658 485 1175 1951 572 1798 962 2000 1394 2323 1361 1451 2644 1334 1106 1559 2540 395 529 1389 1801 2277 2113 304 1230 545 1213 2066 2178 1427 1683 2787 1115 2546 2072 1137 614 251 1087 1207 2579 2759 1300 1558 714 1533 1883 989 2114 1093 374 101 737 215 436 2504 1353 2784 483 2381 898 240 341 364 1900 2040 581 789 1898 407 803 328 2242 2320 1149 293 1257 1597 853 766 2238 426 2024 2533 29 2673 967 757 1728 1786 1971 2172 286 1231 2143
000239.jpg,1790 1933 2218 1436 1504 222 2071 1305 2512 2362 1052 897 836 935 2096 850 2355 2645 2156 1321 1098 2750 1709 2201 1638 2432 1806 2691 796 1911 2450 755 1736 2342 144 320 1200 1682 1387 1479 2318 2420 99 2452 2642 372 2446 1621 666 599 823 1006 443 2537 2747 612 2098 1047 2655 1865 2823 208 595 2587 396 2627 1676 399 1510 2677 281 1717 1145 1976 141 731 2126 2469 461 477 908 1160 2074 1599 1227 8 2449 1671 2194 401 2706 1628 453 629 852 1044 1090 1082 1308 1763
000240.jpg,2533 1149 293 2320 29 2673 2172 286 2024 426 2756 2021 754 1689 1728 2143 634 24 2430 1597 1231 2787 757 1804 853 218 1719 967 213 2408 707 2638 91 2296 2235 792 184 1849 2472 739 1984 1312 1478 1593 2354 1448 1265 2224 1533 2615 119 1383 80 1296 558 2295 2413 135 2390 1529 1733 2744 540 1269 1722 1867 1166 1928 424 465 2409 19 291 1346 832 2129 1535 2566 895 93 1590 2260 499 789 240 1951 1175 485 483 232 520 1945 1207 1558 714 1257 1298 1434 614 2072
000241.jpg,494 2057 2291 574 1223 2683 647 2639 2435 146 1555 1874 482 1899 677 1439 2051 2220 1931 2526 2183 2427 939 682 2438 2089 657 2569 1592 491 1721 1876 2809 686 2445 2708 2813 1433 2704 1937 255 598 974 2248 2580 1473 12 1330 217 1639 2393 948 2598 329 2436 2382 804 1452 1185 274 1088 2719 790 140 1868 2308 1464 608 994 447 1777 1944 1055 2499 2766 2825 864 526 2728 2712 619 1076 2286 531 521 508 368 1725 444 2294 2207 725 1825 637 2617 2657 271 2440 1408 1942
000242.jpg,2801 1539 1816 2460 2363 557 1366 1480 879 2473 2175 352 2104 1242 2524 867 2607 1660 2633 273 2710 537 2226 2139 299 1549 2269 2833 1619 2092 577 2595 147 2614 1964 166 814 385 2431 2797 2138 1828 405 2835 2844 2576 2738 1803 1349 2213 127 403 1069 1341 1607 2758 741 2403 1735 685 1807 1295 991 1025 1982 1925 1814 2517 2094 160 1078 1530 2709 2513 1863 2444 1618 1815 2771 2783 961 472 687 2013 2820 1421 2266 641 667 1373 2371 2340 1540 1811 1355 1167 342 551 1059 46
000243.jpg,767 277 1833 1938 1443 1747 2686 889 2496 211 2532 1460 2702 2685 1980 1989 369 2510 431 2315 1839 70 1035 1557 1390 2622 2818 951 2161 1252 2015 1834 2757 2478 191 1165 2302 2077 2561 2772 1125 1753 2777 601 315 1759 2 2663 1842 18 269 1548 1413 578 1391 126 2276 1908 502 2471 2601 990 1357 39 1767 284 2408 1241 1239 1944 1052 1243 1267 1266 1265 2400 1263 2401 2157 1260 1259 1942 1257 1256 1255 1254 2404 1251 1250 1249 2405 1247 1246 1245 1244 1943 1237 1225 1235 1206
000244.jpg,2352 194 1218 1261 1051 2628 2272 1416 1096 2556 2046 1586 497 992 1496 2815 1948 1316 1965 1636 1362 1897 1840 1658 1381 1782 2836 2241 2713 2767 1649 2439 1860 201 155 2433 1054 1328 947 1663 1444 1679 2707 1623 1045 169 1544 2837 562 64 1640 51 305 715 1569 440 2721 1490 1453 48 2631 100 645 1901 2050 735 439 2376 2309 2011 1617 1422 445 2130 179 712 2840 1552 2545 2034 1796 550 1993 518 663 2538 1029 2755 747 1489 258 1710 770 1752 231 950 1417 1701 860 2069
000245.jpg,2843 257 1707 1526 2516 416 288 392 1325 1871 883 1946 1731 1138 2613 2145 406 1779 1385 1800 1645 1007 410 1079 1419 2331 301 811 1442 1992 2609 1969 1511 2102 2394 773 112 1516 535 937 1455 2763 519 2377 1527 749 544 2219 105 1778 2341 751 253 1068 730 434 1670 2110 664 338 1466 2549 742 186 2730 709 1783 1681 1894 1005 1495 248 648 1133 843 1794 2788 1110 1705 1311 821 336 11 1424 94 2746 1243 1131 2290 487 1742 337 673 593 1498 1966 2364 2299 1968 538
000246.jpg,752 2153 2554 419 894 96 205 1632 1625 2060 189 1032 1927 106 481 1987 815 1083 785 42 2278 1536 636 1318 2807 2116 1365 270 620 1702 732 2761 1768 2048 1283 1726 2141 2643 941 84 2386 2401 546 582 2522 1064 2056 45 2612 181 2823 2313 759 1797 1882 2476 423 333 1217 309 856 621 1703 2216 1363 1288 171 398 1458 1221 2101 1198 1591 2678 285 592 40 1960 2197 43 6 971 506 565 1844 1286 1108 474 2263 2425 851 2688 2562 762 1315 1013 1336 1858 861 2571
000247.jpg,540 1346 2129 1535 832 291 1971 1786 1257 93 895 1590 2072 1087 1137 614 1298 949 1561 1434 2737 1343 1207 1558 898 940 1004 783 617 777 1996 2112 2495 1166 1928 1091 2242 230 714 1180 1019 76 1357 926 564 2409 63 2022 1999 39 1818 2224 1689 2542 1631 2288 2281 1093 1161 1513 1847 739 707 341 2143 634 24 751 426 967 1719 1804 581 1849 1986 1841 1940 2430 1597 2024 2260 2114 1898 2827 310 853 2533 2408 2354 29 374 803 1228 1795 1773 1483 376 1103 989 75
000248.jpg,2305 350 1212 2741 137 79 899 2135 2294 2068 722 2665 204 1067 1056 2842 1606 116 1944 1055 1463 2511 1134 1547 246 2728 1935 1962 692 2719 2319 2207 97 2041 447 2292 2736 442 725 1825 2766 2825 1126 790 2558 2506 686 1940 1986 1425 165 1130 2248 1076 2813 2286 362 1464 1937 2580 804 1452 2435 2057 494 2291 574 1899 677 2382 329 2598 2436 1874 657 1841 1777 1223 1330 217 1639 948 2393 1942 1408 271 2440 1591 2359 104 1462 1183 2258 474 647 2683 1771 1677 2625 2037
000249.jpg,2624 1845 126 1235 297 848 1114 1908 103 1323 931 1830 702 688 2276 1767 284 1186 578 835 2471 990 502 2601 1340 1107 522 903 1413 2388 2314 1391 2667 1821 1608 1720 768 684 250 1975 65 1254 1310 1512 211 1460 2532 369 1989 2496 2561 70 2663 2 2077 2478 2823 277 767 2777 1125 1753 2510 431 18 1842 601 2346 1916 475 5 1515 315 1759 2757 1390 1557 2622 2772 1035 1723 191 2302 1165 1260 1247 2405 1249 1259 1251 1942 1257 1256 1198 1255 962 2404 1252 1250 1197
000250.jpg,392 2331 1419 301 2843 257 1707 519 2763 773 1871 1138 1731 2613 1779 1385 2145 406 2516 1526 1992 1007 1645 1800 416 2102 288 742 1442 1969 1511 1325 410 883 2609 1079 535 811 1894 1455 2377 1527 94 2341 2110 664 843 2219 253 1516 937 709 538 186 2549 1133 648 248 1546 1454 434 112 544 336 1424 338 1466 1005 2730 2746 730 1498 1131 749 1068 1946 1243 751 2364 1794 1311 2290 821 717 11 2299 1968 1783 605 1495 610 1670 2788 870 2095 593 365 1040 1778 105
000251.jpg,1843 495 2565 1781 2794 239 2091 2164 383 49 838 131 449 408 525 2285 1875 268 2396 654 356 296 1282 139 209 245 2280 2173 1787 113 653 241 2232 1505 2025 2669 1924 207 225 61 822 2137 2311 192 1941 1274 1356 1506 27 1299 1141 1262 455 2142 252 2531 1500 1127 2470 2070 1248 1216 1140 1780 625 290 452 1568 216 1037 1124 1503 53 33 2053 799 1612 679 726 344 786 999 1465 2244 780 806 534 1435 1662 89 1598 858 389 1011 2236 430 2429 758 2693 2407
000252.jpg,2714 348 2769 480 925 26 2454 2649 1369 1870 2538 663 1788 1417 550 1710 1701 860 1489 518 712 197 179 463 433 2375 2289 2650 1617 1422 2130 1029 1895 161 769 231 735 2050 440 2482 1840 2631 2721 2735 562 1045 173 169 2837 1544 100 1253 2840 715 1569 48 51 1640 305 2241 1796 2439 1926 2309 155 943 221 439 2011 445 645 1552 817 1386 547 2628 1051 64 1405 1407 2300 2790 134 1658 659 2713 1860 201 2817 1261 556 1218 1490 1453 1901 2270 2082 2767 1993 2545
000253.jpg,729 2671 2798 2539 377 828 2578 1429 2629 2428 2210 2520 1337 640 865 1272 13 2083 2640 1910 933 672 1070 2120 2031 2221 2828 1374 1668 2602 1764 1949 2570 1041 1038 1754 2421 2839 358 2335 1329 964 2038 1399 1249 323 56 2032 2795 2047 370 1189 2808 1266 698 955 1521 1952 839 1049 932 2217 2415 427 2568 340 121 988 569 193 2090 2264 1793 571 432 1065 2108 886 1686 1418 597 417 500 1499 2333 62 536 21 2451 2384 2423 901 2150 123 1757 882 1255 986 802 2362
000254.jpg,2510 431 70 1839 2561 2772 1035 2478 2077 2161 2777 1753 1125 1759 1390 2622 1557 2757 315 191 2302 1165 601 2818 951 1834 2015 1252 2 2663 1842 18 2315 767 277 1833 1443 1938 2685 1980 1747 2686 889 2702 211 1460 2532 2496 1989 369 269 1548 522 1969 1442 2102 1511 2667 1075 202 1340 1720 1821 1608 1845 1986 1992 1114 684 282 2434 2276 126 1767 627 67 2583 2471 284 1908 990 2601 502 249 1012 1406 768 903 2388 931 882 2150 1904 997 1757 2507 123 103 1235 297
000255.jpg,1104 1669 2550 2414 1507 2019 2754 575 107 1177 2604 2641 397 1194 55 728 2176 1691 932 839 1049 1521 1425 1244 393 2136 339 863 1646 698 955 2080 1482 2324 2247 2493 1249 1523 2383 441 2150 350 2305 1449 1057 2823 584 830 1450 897 2695 752 835 1620 1678 1732 603 2275 1073 373 845 1911 2691 796 2395 1016 751 2071 1933 1790 1906 2357 1879 394 2093 1321 2156 1098 2750 1754 2421 1041 1038 2627 281 2677 396 2796 2140 1058 607 2392 662 2047 1189 56 2032 370 323 451
000256.jpg,2551 2146 2284 2018 1289 2008 719 764 1128 2485 35 1534 1997 276 1351 190 615 2824 914 1493 1157 1915 1403 2487 812 1577 2209 247 206 153 862 1751 1633 2582 1204 1121 2603 604 212 58 343 549 871 874 1247 490 1772 303 450 2453 2718 1347 539 723 2585 1359 2204 1344 2734 2165 1762 1595 256 1864 1819 2462 2334 632 516 781 381 1402 318 1152 1036 1170 2361 664 2110 11 2147 630 2256 2593 869 765 2353 282 825 2336 1245 883 1077 1600 2012 2391 2001 2264 998 1963
000257.jpg,2502 2152 1113 1605 1866 1525 1371 84 941 1144 815 1987 1139 1602 2348 214 1953 1084 2841 2623 909 1280 2115 1696 1616 244 1477 481 2263 594 2141 1198 2572 327 205 1184 2203 117 275 2030 1502 2791 1687 2503 1960 40 851 629 281 2677 2101 1891 2179 1927 106 2494 2620 1400 1922 1205 474 1471 1487 924 2245 1659 785 1232 183 510 2303 1979 1488 420 2768 1397 2678 907 1738 1365 1425 1423 1641 621 2627 396 1263 2521 398 1458 1591 2197 423 905 270 1750 752 2060 1032 189
000258.jpg,645 2011 1054 2707 1679 1623 1328 1444 947 1663 445 1649 2840 1552 2767 1045 169 2837 1544 2130 1422 1617 1029 2439 735 2050 712 2836 1381 1782 179 1658 2241 440 1993 550 1218 2352 1261 1840 1051 463 2735 194 2628 305 51 1640 155 1253 2287 319 1775 562 2375 433 197 1489 2631 2650 860 1417 1701 2289 965 659 1710 1369 2714 1870 231 2454 2649 925 497 1897 2046 992 1586 134 2721 1895 769 173 161 2482 480 2769 26 109 2553 1362 1948 1096 1416 663 64 439 2544 259
000259.jpg,645 2011 1054 2707 1623 1679 445 1328 1663 1444 947 1649 2840 1552 1045 2767 1422 1617 1029 2130 169 1544 2837 735 2050 712 2439 179 2241 440 1782 2836 1381 1658 550 463 1993 1840 2735 2352 1051 1218 197 1253 1261 319 2287 1775 2628 2631 2375 433 194 155 663 51 1640 305 2289 659 2649 480 1369 2538 134 2714 518 2650 2769 1870 1788 1417 562 497 2046 992 1897 1586 2454 965 860 1489 1701 925 348 26 231 2482 1895 1710 173 1416 1948 1096 1362 769 161 259 2544 100
000260.jpg,1656 2044 2501 1934 2817 817 2528 2411 1644 1624 188 85 1926 2790 943 1405 221 1102 987 2300 1407 1319 611 2832 312 635 547 1386 556 2034 2545 1190 2574 2270 2082 1796 197 463 2375 433 2289 2515 2424 1584 2045 2023 1146 1202 1983 2631 2389 518 659 1788 439 2650 155 2755 1640 51 305 925 1369 348 795 64 201 2309 2713 1860 1948 1029 1710 4 1417 1701 860 1545 480 2649 562 1586 992 1897 497 2046 912 2208 41 1752 1416 1096 2367 59 2419 675 1172 977 2753 2397
000261.jpg,1305 2218 1504 222 1436 1790 1933 2512 2071 2362 897 1052 935 836 2096 2355 850 1098 1321 2645 2156 2750 1709 2201 2432 1911 2691 796 1638 1806 1736 2342 755 2450 320 144 1200 1387 1479 1682 2318 2420 99 2452 823 2642 399 1621 2446 1510 2587 208 595 372 2655 1145 599 666 1976 1717 443 1006 2537 461 477 1676 2469 2126 731 2098 612 1047 2747 1160 2627 396 2677 281 908 1865 141 1599 2074 2823 401 1628 453 2449 1671 8 1267 2593 73 2163 981 380 2706 2194 1227 852
000262.jpg,2843 257 1707 1871 1526 2516 2613 1731 1138 406 1385 1779 2145 1007 288 416 1645 1800 1325 1992 392 410 1442 2763 519 742 2102 1079 2609 773 535 883 1969 1511 2377 1527 301 1419 2331 811 1894 1516 2219 1455 186 709 2110 664 937 112 2549 2341 1068 749 544 434 2730 1466 338 1005 821 843 648 1670 1946 253 1133 248 336 2746 538 730 751 2290 605 1783 365 1040 1546 1454 1110 2299 2788 435 94 1311 1794 1424 1379 2364 1131 568 1243 1850 1309 610 1634 2095 593 678
000263.jpg,1083 1702 620 732 546 582 2643 759 181 1221 285 6 1797 1260 636 2807 1536 1318 2476 807 2278 1882 2425 42 1858 1891 1697 2816 2048 2761 1768 1723 2261 661 2194 2810 922 956 476 1188 270 2168 1456 2171 2043 1227 2313 468 411 669 2116 372 448 829 2688 2346 475 1916 1726 2386 1199 1153 229 1284 122 1570 1283 1458 398 298 2841 820 1603 650 2666 1596 1761 37 2678 2498 387 334 750 2101 971 2167 1198 1285 474 644 2188 2263 1865 2442 2720 973 1108 2562 2623 1371
000264.jpg,2714 480 2769 348 925 2454 26 1369 2649 663 2538 1870 518 550 1788 1710 1417 179 712 2130 1701 860 1489 2631 2309 1617 1422 1490 1901 1453 440 197 433 2375 735 2050 2650 1840 2289 2713 1860 201 463 2376 2815 1496 1316 1636 1965 1045 100 64 231 2556 155 1930 2241 2229 1569 715 280 1580 2418 2272 2327 48 1658 2721 210 2125 2004 57 1861 1792 689 1758 2374 493 133 1375 422 2433 2628 2553 1665 746 2461 1276 1072 439 1234 1895 769 161 1575 2186 2174 1782 1381 2836
000265.jpg,2843 883 416 257 1946 1707 1526 2516 1325 1871 288 1731 1138 2613 1385 2145 406 1779 392 1007 1645 1800 2394 410 1079 811 1992 1442 2102 1969 1511 105 2609 1778 664 2110 112 1516 535 937 749 1527 2377 544 2219 1068 1455 1670 434 773 751 11 742 2730 709 730 1783 2331 301 1419 1005 2341 253 2549 2763 519 1466 338 1681 186 1311 821 1794 1894 94 648 1424 248 1133 3 254 1642 1742 337 2746 2788 2290 2391 1600 2012 843 487 1981 1237 446 1495 2049 1110 1344 1498
000266.jpg,2502 2152 1113 1605 1525 1371 1987 815 941 84 1866 1144 2623 481 1084 1280 909 1139 2263 1198 2572 1953 214 1602 2348 2141 2115 244 1616 1696 474 2678 1477 117 2841 205 1927 106 2101 1205 594 275 327 1979 2030 2791 1591 2503 270 183 1184 1960 40 851 785 2303 1726 1283 2494 1659 621 1687 2048 1768 2761 1891 1922 2620 1400 1632 96 2245 2060 1032 189 2203 43 1108 1232 2197 907 2386 398 1458 629 2677 281 1502 1880 1802 2498 387 905 1641 1423 1263 1365 959 2514 2627
000267.jpg,2667 522 1114 931 2624 1830 702 835 1845 1767 126 848 1340 768 2388 684 688 578 1107 903 1186 1323 103 65 2276 1975 250 297 284 1908 2314 1254 1310 1413 1235 1391 1720 1821 1608 990 2601 2471 502 1512 211 2532 1460 369 1989 2663 2 1842 18 93 1590 895 601 2409 2496 2493 334 2387 1541 1603 750 282 2434 1928 1166 1597 24 1689 634 2430 2143 1557 2622 1390 2478 426 853 1515 5 2561 2247 2324 820 2772 70 2024 2072 1334 856 1217 309 333 951 2818 191 2302
000268.jpg,1506 2025 2669 61 225 207 192 2070 383 1141 1781 2794 1787 1780 2396 1274 1924 654 1262 455 1127 290 49 838 408 2164 239 2091 139 209 2173 653 245 525 1282 356 296 1299 2280 1140 1216 2232 1505 449 2470 1356 1472 344 216 418 1481 52 27 2311 113 346 391 2531 625 1248 1124 1037 2821 726 2244 1465 1662 806 534 780 786 252 1843 131 2285 999 2565 2690 2467 2053 2137 822 1435 495 2429 679 363 484 1568 1022 295 389 2059 1875 268 1612 799 2687 1941 643
000269.jpg,2129 1346 540 1773 1795 1161 1847 1513 291 1535 832 1228 1785 1019 499 1561 617 2542 2149 2656 1693 310 63 2022 2827 1743 983 1836 949 2016 2190 2737 1343 2112 1712 1760 182 2441 1298 1672 2437 1631 1333 783 132 1176 695 2202 1434 149 1999 2785 1914 1004 940 2700 1197 1178 2111 1856 954 1685 95 44 1483 1990 596 88 2745 1476 2242 1103 2547 1713 1116 1224 1593 683 1714 60 824 1447 2180 47 465 1838 1469 676 576 198 75 16 1257 376 895 93 1590 1304 2497 2317
000270.jpg,1145 72 2009 2636 816 1688 2122 177 2829 2274 1808 2679 1903 2722 172 477 1163 1085 823 1241 1976 2163 460 1628 453 399 461 1100 1717 1404 1155 1089 1872 760 380 437 1233 981 2074 1599 401 2577 1784 1160 1510 73 1415 164 156 2775 2655 694 731 2126 2469 174 2055 1023 2587 208 595 141 612 2747 2098 99 1047 2282 631 1290 1518 2596 2064 1017 2642 921 1909 1613 662 2537 666 599 2446 2392 2452 2049 2782 1621 2796 2140 660 2259 360 144 607 1879 320 1200 710 530
000271.jpg,1801 2277 1300 2784 1353 529 483 1883 789 1394 240 545 2579 1427 2054 1533 761 395 2644 2759 2249 2178 1213 2066 1749 374 2317 2113 304 2546 1115 1593 251 1389 581 967 16 44 2540 1449 1483 1057 2000 1447 376 1469 2381 834 1044 1727 2555 1277 2114 1559 1106 1683 1951 1175 485 341 1334 646 989 803 1898 2437 1672 1230 1836 1306 2323 1361 1451 1093 1818 2785 1914 2260 407 328 658 727 589 2258 1798 962 572 2700 1990 2504 1180 2072 926 564 364 1900 2040 1357 1631 465
000272.jpg,1262 455 2470 2232 726 1568 822 2137 999 1506 799 290 2236 1780 1475 346 52 2821 1011 1216 1140 2690 2467 1274 418 1481 2053 1472 2531 2025 2669 655 331 1141 1127 383 314 2687 61 207 225 2070 1124 1037 2765 192 2429 1024 408 1924 89 356 1282 296 806 534 654 1299 653 758 1050 344 1875 131 268 1787 484 49 391 1730 2693 2396 2142 2059 478 363 1275 1929 1781 389 2794 1692 402 1843 805 1755 1022 1438 471 1662 838 2285 430 2715 295 936 1503 1967 1715 1635
000273.jpg,1993 2767 179 1045 1663 1444 947 2130 1649 1328 1617 1422 2011 1381 1782 2836 1054 2050 735 550 645 712 2241 2707 1679 1623 1658 1051 1218 2439 1544 2837 169 445 1261 440 2628 1552 2840 2352 1840 155 194 1489 1640 305 51 1029 1710 562 1701 860 1417 1096 1948 1416 992 497 2046 1586 2375 433 197 1897 134 2289 2650 2769 463 547 2270 2082 1386 2631 965 480 556 2714 2721 663 1362 1775 1788 1437 1486 900 715 1569 1870 1369 2649 659 161 2482 1895 1253 769 173 231 1496
000274.jpg,70 431 2510 2561 2777 1753 1125 2772 2077 2478 2161 1035 2622 1557 1390 1759 2757 951 2818 2015 1252 1839 1834 315 2302 1165 191 601 2663 2 18 1842 2315 277 767 2702 1980 2685 1833 1938 1443 1747 1460 211 2532 2496 2686 889 1989 369 2471 990 2601 502 1845 103 1323 2667 522 284 1908 1340 297 1720 1821 1608 848 702 1830 126 1235 1391 688 1186 2314 578 1107 684 2276 1413 903 2624 65 1254 2388 1310 835 1512 931 768 1975 250 269 1548 997 1757 2150 1904 123 2507
000275.jpg,1305 2218 1504 222 1436 1790 1933 2512 2071 2362 897 1052 935 836 2096 2355 850 1098 1321 2645 2156 2750 1709 2201 2432 1911 2691 796 1638 1806 1736 2342 755 2450 320 144 1200 1387 1479 1682 2318 2420 99 2452 823 2642 399 1621 2446 1510 2587 208 595 372 2655 1145 599 666 1976 1717 443 1006 2537 461 477 1676 2469 2126 731 2098 612 1047 2747 1160 2627 396 2677 281 908 1865 141 1599 2074 2823 401 1628 453 2449 1671 8 1267 2593 73 2163 981 380 2706 2194 1227 852
000276.jpg,1145 823 2009 72 2636 399 453 1628 816 1717 2163 1233 437 1160 2829 177 2122 1510 380 1599 2074 1085 1163 401 981 2679 1903 760 1872 1976 2469 731 2126 461 1688 1241 73 477 2655 1808 2274 172 2722 1784 208 595 2587 460 99 694 1155 1404 1089 2577 1415 1100 2055 174 164 156 2775 1023 2747 2098 612 141 1047 2282 631 1518 2596 1290 1017 2064 2642 2392 1613 921 1909 662 2537 599 666 2446 1200 2049 2452 144 607 2782 1879 320 2140 2796 660 360 2259 451 1058 1567
000277.jpg,2551 2284 2146 2018 1289 2008 719 764 2485 35 190 1534 1493 914 1351 1157 1577 2824 615 1997 1128 2209 812 1915 1403 247 206 153 862 276 2487 1121 1204 2582 1751 2603 1633 1772 450 303 539 2585 723 1359 58 604 343 212 871 549 874 1247 490 1347 2453 2718 1344 2204 2734 1762 2165 516 1595 256 632 1819 2462 2334 1864 781 1170 381 1402 318 1152 1036 630 11 2110 664 2361 765 2147 282 2353 2336 825 883 1245 2593 2067 869 1246 2157 2256 998 928 2729 1657 701
000278.jpg,1539 2269 2092 2833 2175 299 2139 352 2801 2576 1549 2844 1814 2797 2226 2709 879 1618 2473 2138 1619 1815 2371 46 2340 1540 892 2710 1982 1925 2403 741 961 667 1735 1816 2213 2776 837 1009 2455 1366 1480 2484 1349 403 1060 2460 557 2363 147 2595 577 264 1660 2607 2633 428 2063 90 1863 1025 273 2731 2189 2486 2100 2399 1 2635 223 307 2727 1520 685 349 2771 687 1373 1615 537 913 234 1572 846 642 1159 2834 2339 1589 1122 1862 1242 2524 2104 2215 1622 600 641 1994
000279.jpg,1583 2252 998 2792 1579 1920 2647 639 945 1578 841 1179 2491 2328 1977 2682 1651 517 1770 1063 227 916 9 118 887 114 2042 2065 567 1531 1470 2310 1854 382 2711 1211 515 1970 778 1791 808 748 952 1769 919 1354 2575 1566 1239 1367 1585 819 1667 2097 2379 1851 1368 2778 2723 2488 930 928 1657 2729 2459 492 1154 2225 923 975 2304 763 875 1210 512 579 311 2349 2026 566 7 1271 1528 2793 528 151 982 2559 2618 2416 1209 513 25 2658 986 1255 2150 337 1742 1864
000280.jpg,726 2236 999 1475 2053 314 1037 1124 1050 2407 2301 484 655 331 2429 2059 390 1967 1635 1715 1008 534 806 1662 430 2470 1140 1216 344 290 786 2687 52 1506 295 418 1481 1568 478 780 363 1438 471 346 1465 2244 1929 1275 389 1730 402 758 1756 1395 2806 1755 805 2232 391 1274 1317 799 2765 2693 936 2406 1648 1187 89 1022 27 1273 2821 53 1378 2698 1843 1875 268 1918 108 838 1011 1024 2531 1039 2285 561 2465 2505 131 1921 1262 455 840 467 1924 1706 464 2061
000281.jpg,2573 2494 924 1487 1471 953 1687 1400 1922 2620 115 1995 38 2346 1916 475 2179 1144 327 1113 2348 1602 214 1953 1139 2841 510 167 2162 20 454 2823 1502 2677 281 629 594 2768 420 1397 1570 752 298 2726 1744 275 2203 1979 1866 1738 2521 148 1488 907 690 2706 1184 946 396 2627 2268 2222 205 1661 2167 2791 117 2303 650 2666 1267 1537 1080 1380 2171 1198 1641 1423 2245 1880 1802 84 941 1697 1371 2030 1525 956 459 1882 63 1333 2022 2591 335 2230 909 423 815 1987
000282.jpg,2034 2545 1796 100 1569 715 48 2721 2433 64 439 562 2713 2376 201 1860 2309 51 305 1640 1490 1453 1901 155 2023 2045 1584 1096 1416 1948 2272 2755 2556 1496 1316 747 2631 2650 231 1965 1636 2289 2815 992 2046 1586 497 258 770 1897 1870 1261 1369 26 2628 1051 925 1218 194 2649 2454 712 2352 1362 518 1422 1617 817 2439 348 1320 2837 1544 169 2538 2714 1407 1993 1710 1701 860 1782 1381 2836 2817 663 1644 1624 1658 1926 221 2300 2767 1649 1656 1319 611 480 188 2528
000283.jpg,2252 1583 227 916 2065 2042 2682 1651 2310 998 1063 517 1211 1977 118 567 1791 1578 841 1579 2491 1179 2328 808 2792 639 945 2647 1920 748 1470 1531 1367 1239 1566 887 763 2778 2225 2097 1770 9 114 930 1354 1769 919 952 982 2379 1368 1851 2729 928 1657 2575 2711 382 1854 311 778 1970 875 1210 515 2488 2349 1667 1585 819 2723 528 579 2304 334 750 1528 807 2416 923 1541 2387 1271 1603 512 975 25 2618 2559 2043 820 7 151 2793 2658 513 1209 2171 2810 1260
000284.jpg,1104 1669 2754 575 2550 2019 1507 2414 1691 1646 863 339 2604 1177 107 393 2136 1244 2641 397 2176 55 728 830 1450 1732 1194 1620 603 2275 1678 1073 441 1523 2383 2080 2518 1147 1120 1482 2695 845 373 1016 584 751 2395 2493 2247 2324 1057 676 1469 16 1447 376 1449 350 2305 1425 761 2249 835 2258 796 2691 1911 1267 1483 44 1846 1538 2489 2699 2823 2317 1548 269 2593 752 423 205 956 1380 946 2351 2508 1462 1183 2359 104 1707 1907 288 1325 1590 1166 1928 2409 895
000285.jpg,835 931 1114 2624 1310 1254 1107 768 903 65 702 1830 1908 2388 1845 284 126 848 1512 1340 684 1767 522 1975 250 2667 1608 1821 1720 578 2276 688 1323 103 1186 2601 990 502 2471 297 2314 1413 1391 1235 1425 350 2532 211 1460 1989 369 2496 1217 309 333 1057 1449 856 2305 2823 5 1515 2019 1104 575 2493 1669 2247 2550 1507 2754 2324 861 1691 2414 1907 2561 1035 2 1842 2663 18 1884 2118 1610 1015 980 400 2661 827 339 863 1646 1336 300 2116 2079 398 2386 2160
000286.jpg,1545 4 2832 312 611 1319 1202 987 2389 59 1146 626 635 1102 2270 2082 1386 547 556 188 1644 1624 2367 1407 85 2411 2528 1934 2044 2501 2790 1926 950 2300 943 1752 221 1405 1737 1799 1656 817 2817 2477 283 2069 266 826 613 197 518 659 2375 433 2631 2289 912 41 2208 463 2373 1855 2075 2134 1190 2574 663 2538 1796 2034 2545 2454 2556 1496 2650 2424 2515 1983 860 1701 1369 925 26 1870 2649 348 716 2692 2205 480 2312 904 1468 2231 1652 1710 1485 1417 1489 2769
000287.jpg,1749 44 16 1447 1483 1057 376 2317 1469 2249 2437 1672 761 1836 1449 1914 2700 1990 2785 1631 1178 1535 291 832 1476 88 2745 2202 1856 2111 576 465 2180 1713 1116 1224 2547 2441 1714 683 1838 95 47 1346 2129 2190 2258 2555 834 1044 1727 676 596 824 1277 60 983 1743 1561 310 132 1176 695 2827 2016 1103 540 1620 603 2275 1693 2656 2149 1197 1732 830 1450 1161 1847 1513 34 2523 2422 1228 1999 1073 751 1304 1795 1773 1678 617 1785 2058 2695 441 2383 1523 1019 499
000288.jpg,540 1535 291 832 2129 1346 949 783 1298 2737 1343 940 1004 1434 2112 617 1561 1999 1019 2242 1631 1103 2022 63 2542 198 75 1712 1760 182 60 2497 1161 1847 1513 149 954 1685 310 1333 1304 2827 1795 1773 1785 1093 2566 520 1945 232 1228 1197 2521 148 2441 1693 2149 2656 93 895 1590 2111 1856 2317 510 1738 1488 2573 953 1593 1743 594 2615 19 1471 1487 924 499 558 135 2413 2295 1257 2354 1914 407 766 341 2238 1898 2785 1448 1478 2016 1971 1786 376 1483 1733 2744
000289.jpg,2294 1056 1944 1055 2728 2207 1825 725 1212 2741 137 899 2135 1606 204 116 1986 1940 1463 1935 165 447 97 2825 2766 2041 686 2558 1076 2842 1130 2286 1464 2305 2580 2719 2248 1452 246 1547 2511 1134 1067 79 2435 692 2319 1899 2057 494 2291 574 2665 2068 722 350 2292 2736 2813 790 804 1962 1937 2382 1876 2809 1721 1841 2393 948 1639 1473 12 657 1874 1777 677 1223 1126 362 2258 140 1868 442 1185 146 1001 2350 2121 217 1330 2583 2639 1942 1408 271 2440 974 647 2683
000290.jpg,494 2057 2291 574 1223 2683 647 2639 2435 146 1555 1874 482 1899 677 1439 2051 2220 1931 2526 2183 2427 939 682 2438 2089 657 2569 1592 491 1721 1876 2809 686 2445 2708 2813 1433 2704 1937 255 598 974 2248 2580 1473 12 1330 217 1639 2393 948 2598 329 2436 2382 804 1452 1185 274 1088 2719 790 140 1868 2308 1464 608 994 447 1777 1944 1055 2499 2766 2825 864 526 2728 2712 619 1076 2286 531 521 508 368 1725 444 2294 2207 725 1825 637 2617 2657 271 2440 1408 1942
000291.jpg,2294 1056 1055 1944 2728 2207 725 1825 137 2741 1212 899 2135 1606 204 116 1463 1940 1935 1986 447 165 97 2041 2825 2766 2719 692 2558 2319 1134 2511 246 1547 2842 1130 2292 2736 790 1067 1962 79 2665 722 2068 1126 1076 686 442 2305 1464 2248 1841 2435 2286 362 1899 2813 2258 574 2291 494 2057 350 1937 2382 1874 2506 1223 2580 271 1942 2440 1408 1452 804 657 677 1639 948 2393 2809 1721 1876 2037 1771 2625 1677 1892 1998 1777 12 1473 146 647 2683 1439 2051 2639 2445
000292.jpg,897 2071 1933 1790 1305 2218 222 1504 1436 2362 2512 1052 935 2096 836 2645 2156 1321 1098 1709 2750 850 2201 2432 2355 1638 1806 2342 755 1736 2450 1911 2691 796 144 320 1200 1865 2823 99 823 1227 1387 1682 1479 1153 1761 2318 476 2452 2194 669 829 2420 396 2627 2261 2677 281 372 399 122 2168 1284 1006 1560 1188 1510 443 229 1456 37 411 1621 1763 595 208 2587 461 1145 1090 661 922 1976 2446 599 2642 666 629 1082 1308 1697 2655 1599 2074 2268 477 2313 1858 468
000293.jpg,213 2408 2295 2413 135 558 1448 707 184 1478 2615 2638 1265 1849 1269 2354 2566 232 520 1945 1296 80 119 1383 1722 1867 2472 19 424 1312 1984 1529 2390 1733 2744 2024 426 757 218 1728 1689 2430 1804 24 634 2143 2533 967 1719 1231 29 1597 1298 1434 293 2320 1149 2235 2296 792 91 2021 754 2756 286 2172 540 1593 739 752 2673 2224 465 2404 1533 853 1766 609 2448 2464 2725 1889 2787 957 499 949 466 783 2260 940 1004 2112 1343 2737 483 240 789 1353 2784 498
000294.jpg,2716 2191 2552 523 2365 2181 175 849 2681 2283 81 2479 505 2819 120 2500 2370 313 1708 458 705 28 1896 1827 2534 1532 587 734 152 1563 2689 2674 2119 1741 2557 2527 1339 238 2177 972 2250 847 696 2099 330 2228 671 1704 92 1376 1873 2592 354 2742 2052 2193 2028 532 602 1956 1917 1010 2322 1117 68 2144 1332 2237 1111 1335 772 503 2764 1680 633 968 740 553 872 711 771 2814 1500 449 455 1262 2467 2690 2265 1314 1955 261 2199 2799 1182 2773 643 418 1026 1438
000295.jpg,2624 1845 1114 931 848 126 1830 702 1235 297 1908 835 1767 522 284 2601 2471 990 502 1340 103 1323 1107 688 903 2388 2276 578 1186 2667 768 1413 684 2314 1608 1821 1720 1391 1975 250 65 1310 1254 1512 211 1460 2532 369 1989 2496 2561 70 2663 2 2077 2478 2823 277 767 2777 1125 1753 2510 431 18 1842 601 2346 1916 475 5 1515 315 1759 2757 1390 1557 2622 2772 1035 1723 191 2302 1165 1260 1247 2405 1249 1259 1251 1942 1257 1256 1198 1255 962 2404 1252 1250 1197
000296.jpg,1613 1909 662 1879 2064 2282 921 2049 1518 2596 394 2796 2140 1058 1906 1290 631 1017 2357 451 2093 2392 446 1301 1237 1981 1567 530 607 984 1604 1119 1002 908 1978 2262 243 813 1105 1396 355 1554 1370 852 660 2257 2696 1621 1673 1676 360 2259 2543 1331 1614 2782 1718 942 2085 2660 710 2452 1384 542 897 2458 966 1495 1808 2274 54 2664 1739 337 2600 1853 1000 1688 1742 1100 1404 2446 487 2642 1681 144 2537 599 666 320 1155 1241 460 2420 630 1089 1145 276 2722 172
000297.jpg,1993 1489 1710 860 1701 179 1417 550 1045 1788 2130 2050 735 440 2767 1051 197 2241 480 1261 1218 1422 1617 463 2628 2769 433 2375 1840 712 1381 1782 2836 2082 2270 547 1386 2454 2714 1369 2649 1658 556 1649 348 2289 925 2538 194 2011 663 1663 947 1444 518 2650 1870 659 645 2352 611 1319 1029 26 445 1552 2840 188 1926 221 169 1544 2837 1640 305 51 155 2439 1328 1405 987 312 635 2790 85 2832 2300 1102 2631 943 134 1623 2707 1679 1407 562 1054 2735 817 497
000298.jpg,536 1588 1132 1268 571 2090 569 193 121 988 340 36 1431 2839 802 1329 2335 2117 2795 1065 332 429 1764 555 901 1952 2570 2808 1266 2078 142 1492 1793 2217 2415 733 2333 1886 1430 1699 1553 2640 427 1562 1399 964 2038 1256 1236 878 680 2380 2267 2668 2029 500 1910 2227 2786 979 432 1033 2743 2568 865 1890 1393 358 176 866 1337 2031 1070 2120 2221 1668 2602 1374 2083 868 933 672 1499 1249 1888 2828 554 729 1686 597 1418 417 289 743 2108 1053 886 62 377 2578
000299.jpg,1656 2817 2044 2501 1934 817 2528 2411 1644 1624 188 1926 85 2790 943 221 1102 2300 1405 987 1407 312 2832 635 1319 611 547 1386 556 2082 2270 2034 2545 197 1146 1190 2574 1796 463 1202 433 2375 4 1701 860 2424 2515 1870 1369 2649 2289 2389 26 626 1545 925 2631 518 1417 348 1710 439 659 1983 1788 1489 2454 64 1029 795 1948 283 2477 1737 2045 2023 1584 1752 1860 2309 2713 201 305 51 155 1640 826 2069 266 2650 2367 59 1096 1416 480 562 2046 1586 497 1897
000300.jpg,1993 1489 1710 860 1701 1417 179 1788 550 1045 2767 2130 2050 735 197 463 1051 440 2628 1261 1649 1422 1617 1218 2241 2375 433 712 1381 2836 1782 1840 1658 194 2011 1369 2649 2289 1029 1444 1663 947 480 2352 645 2650 2454 1870 2714 2769 925 348 445 2840 1552 26 1328 134 1386 2082 2270 547 155 1640 305 51 2439 169 1544 2837 556 2735 2631 1054 2538 2707 1623 1679 663 562 518 2482 769 161 1895 221 1405 1437 1796 2545 2034 2046 1897 497 992 1586 231 1253 173 2309
000301.jpg,921 2064 2049 2282 662 2596 1518 1290 631 1909 1613 1017 530 446 1879 355 1396 1105 1981 1237 1301 1604 1567 243 1058 813 660 451 2696 2257 1554 1370 1673 394 2259 360 2392 1331 1614 607 542 2796 2140 710 2664 1739 908 2782 2357 54 1906 1002 1000 1853 2660 984 2093 1695 50 1893 1384 1742 1978 1495 337 1508 791 1287 1119 2369 2803 1565 1031 2262 966 2458 487 1621 1681 942 2085 2600 2274 1808 852 1676 1688 2543 1705 1404 1100 144 460 2452 1145 897 320 1089 1155 172
000302.jpg,1104 1669 2754 575 2550 2019 1507 2414 1691 1646 863 339 2604 1177 107 393 2136 1244 2641 397 2176 55 728 830 1450 1732 1194 1620 603 2275 1678 1073 441 1523 2383 2080 2518 1147 1120 1482 2695 845 373 1016 584 751 2395 2493 2247 2324 1057 676 1469 16 1447 376 1449 350 2305 1425 761 2249 835 2258 796 2691 1911 1267 1483 44 1846 1538 2489 2699 2823 2317 1548 269 2593 752 423 205 956 1380 946 2351 2508 1462 1183 2359 104 1707 1907 288 1325 1590 1166 1928 2409 895
000303.jpg,1948 1416 1096 1362 1897 2272 2556 2046 497 1586 992 2815 1496 1965 1636 1316 1051 2628 1218 194 2352 1261 2713 201 1860 64 439 2433 48 1840 715 1569 2721 1453 1490 1901 562 2755 2631 2034 2545 100 2376 2309 1796 747 155 1658 2241 258 1381 1782 2836 51 305 1640 770 518 1752 950 2069 1584 2045 2538 663 440 2767 1649 1489 2023 1146 2439 860 1701 1710 1123 1993 2367 1799 1320 1045 1878 1054 613 1202 1417 59 1328 1870 1369 1623 2707 1679 2312 978 623 1148 283 826 1544
000304.jpg,1570 298 1285 1891 973 2268 1284 122 1456 459 2167 980 1884 2118 1015 1610 411 37 1188 629 396 2627 6 1697 2791 448 285 2677 281 1723 2030 2816 922 1082 1308 586 2222 1090 1763 1221 690 759 1260 1537 1006 807 167 454 2706 1080 117 468 2346 1916 475 1198 582 546 443 23 2303 1425 1979 20 1184 1205 275 205 1858 650 2666 327 1659 2643 2101 752 423 2494 1865 229 2203 306 2313 1083 350 1449 2162 1502 1661 2169 1267 2152 2502 2810 2043 2171 1227 2261 815 481
000305.jpg,2550 1669 1104 1507 2414 575 2754 2019 1049 932 839 2604 107 1177 1691 1521 2641 1194 2176 397 728 55 955 698 1425 1249 2150 2247 2493 2324 2823 2305 350 897 1057 1449 1646 339 863 752 835 1933 2071 1790 1906 394 2093 2357 1879 1244 2136 393 1321 2750 1098 2156 1754 1041 1038 2421 2677 396 2627 281 2691 796 1911 1482 441 2695 2383 2080 1523 1058 607 662 2796 2392 2140 323 1189 56 2047 370 2032 451 908 669 1305 1709 2645 423 205 1865 1301 2201 984 845 373 852
000306.jpg,1057 16 1447 44 1469 1483 1749 376 2317 2249 1449 761 2437 1672 1836 1914 2785 1631 1990 2700 2258 1620 603 2275 1732 1450 830 1535 832 291 1073 751 1856 2111 1678 1178 1714 676 88 2745 1476 465 2202 683 2180 1116 1224 1713 2383 441 1523 60 1103 1838 576 2695 47 1646 863 339 1346 2129 2547 2441 1561 2518 2555 834 1044 1727 2080 1999 1120 1147 1277 373 845 540 2190 310 393 1244 2136 983 2827 2523 34 2422 1482 95 824 1743 132 1176 695 1462 1183 1197 1304 596
000307.jpg,1753 1125 2777 2077 2772 2478 2561 70 1834 431 2510 2161 2015 1252 1759 951 2818 601 2757 315 2622 1557 1390 18 1842 2663 2 191 2302 1165 1035 1839 2315 2702 1980 2685 1938 1443 1833 1747 277 767 889 2686 1989 369 2532 1460 211 2496 522 2667 1442 1969 2102 1511 502 2471 2601 990 1548 269 1767 126 1904 997 2507 1845 1340 103 1323 1908 284 578 882 123 1757 2150 2121 2350 2583 1001 202 1075 2276 1114 1608 1821 1720 297 1413 684 282 2434 1810 2509 931 1012 249 1406
000308.jpg,1993 1489 1701 860 1710 1417 179 550 1788 2767 2050 735 1381 2836 1782 2130 1649 440 2628 1617 1422 1045 2241 197 1051 712 463 1261 1658 1218 194 2439 51 305 1640 1840 2375 433 2837 1544 169 1444 1663 947 2082 1386 547 2270 155 2352 2649 1369 1029 64 556 1870 562 1796 2034 2545 480 100 1328 2289 48 439 134 2713 1860 201 2714 715 1569 2721 2769 348 925 2454 26 2650 2011 663 2309 1948 1416 1096 221 1405 518 2538 2735 2631 2046 1586 497 992 1362 1897 2556 1496
000309.jpg,2517 2619 958 1445 30 1514 787 2529 143 810 2298 1129 638 697 71 1440 718 2271 1694 386 2185 1215 2616 1411 2584 1684 1939 2481 1446 665 1294 1360 1270 1630 1112 1258 414 2246 2104 1242 2524 2801 273 969 1278 511 2339 2460 2363 557 2444 127 2710 1295 1807 991 2175 2473 879 577 2595 147 2709 2466 1059 342 551 2771 1549 1539 1349 1167 1811 1355 795 1509 2189 1803 1735 2138 1863 741 1524 154 2226 472 641 2740 1373 2372 687 1619 299 2139 2269 961 2797 2675 537 1025
000310.jpg,2714 480 2769 348 925 2454 26 1369 2649 2538 1870 663 550 518 1788 1710 1417 1701 860 179 1489 712 2130 197 433 2375 463 1617 1422 2650 2289 2631 440 231 2309 2050 735 1840 1901 1453 1490 1045 155 161 1895 769 100 1029 2721 715 1569 2713 201 1860 2241 51 1640 305 562 2482 2376 2815 48 439 1496 1316 1636 1965 2735 1253 173 1796 1658 64 2556 169 2439 1544 2837 2272 1930 2628 2545 2034 1782 1381 2836 2229 2840 547 1386 2011 645 1552 445 2418 1861 689 57 1580
000311.jpg,1735 1619 1982 1925 879 667 2139 299 2371 2576 2092 2269 1549 2833 1863 428 2776 741 2385 641 1373 1814 2844 2771 2460 557 2363 2797 1816 1366 1480 888 262 2473 1539 2403 537 1660 2633 2607 2731 226 814 2431 385 1807 991 1295 867 1815 352 2094 1078 160 1530 1509 2783 403 127 1122 1589 837 1009 2455 2175 2801 264 687 2484 2138 577 2595 147 2063 1159 1803 2189 90 2213 2710 1025 472 273 1862 1349 2255 2811 1238 267 1291 2266 1421 891 2104 1242 2524 2820 2738 2226 2758
000312.jpg,1057 16 1447 44 1469 1483 1749 376 2317 2249 1449 761 2437 1672 1836 1914 2785 1631 1990 2700 2258 1620 603 2275 1732 1450 830 1535 832 291 1073 751 1856 2111 1678 1178 1714 676 88 2745 1476 465 2202 683 2180 1116 1224 1713 2383 441 1523 60 1103 1838 576 2695 47 1646 863 339 1346 2129 2547 2441 1561 2518 2555 834 1044 1727 2080 1999 1120 1147 1277 373 845 540 2190 310 393 1244 2136 983 2827 2523 34 2422 1482 95 824 1743 132 1176 695 1462 1183 1197 1304 596
000313.jpg,67 627 2583 1810 2509 1406 1012 249 1001 2350 2121 202 1075 494 2057 2291 574 1223 2435 2683 657 1944 1055 2294 647 1899 677 1555 146 2639 686 1874 482 2719 1721 2809 1876 790 2708 1452 2580 2220 140 1868 2813 12 1473 1937 2051 1439 2728 2248 2427 1185 939 2436 2598 329 2207 804 1056 2183 725 1825 447 2526 1931 2089 682 2438 2825 2766 1777 2382 1592 491 2569 2286 1076 1464 948 2393 1639 692 2292 2736 2445 1962 217 255 1330 2704 1433 2319 2068 2665 722 974 598 79
000314.jpg,2520 2210 640 13 1272 2671 1949 1041 1038 2421 1754 2578 828 377 1337 2083 1910 323 2032 56 2539 2798 729 2828 2428 1429 2629 933 672 2570 1764 370 2047 2602 1668 1374 1189 2839 2795 2335 1329 865 1249 2221 1070 2120 2031 2640 955 698 839 932 1049 1521 1399 2038 964 340 358 802 536 2108 597 1686 1418 1952 2415 2217 571 1266 2808 1886 1793 1065 1132 1588 886 2568 681 432 2333 901 417 1477 2078 142 1492 878 1888 1053 743 868 429 427 1236 554 555 2380 2267 176
000315.jpg,540 1346 2129 1535 832 291 1971 1786 1257 93 895 1590 2072 1087 1137 614 1298 949 1561 1434 2737 1343 1207 1558 898 940 1004 783 617 777 1996 2112 2495 1166 1928 1091 2242 230 714 1180 1019 76 1357 926 564 2409 63 2022 1999 39 1818 2224 1689 2542 1631 2288 2281 1093 1161 1513 1847 739 707 341 2143 634 24 751 426 967 1719 1804 581 1849 1986 1841 1940 2430 1597 2024 2260 2114 1898 2827 310 853 2533 2408 2354 29 374 803 1228 1795 1773 1483 376 1103 989 75
000316.jpg,1083 2807 1536 1318 636 2278 732 620 1702 582 546 181 42 2761 2048 1768 2643 2386 1726 2116 1797 398 1458 759 270 2678 2442 2720 1221 2476 2263 1198 285 2562 2503 1525 2623 1371 1882 45 2056 2522 1064 2197 1283 644 2188 6 474 2101 1596 2572 1591 1880 1802 1199 971 2168 661 183 762 43 387 2498 1084 2141 2425 40 851 1960 1260 1280 2261 592 1979 2688 2194 1113 815 1987 785 481 117 1205 540 205 807 1108 1251 2571 1144 2612 423 1364 2079 2160 300 1315 1336 1013
000317.jpg,2714 2769 348 480 925 26 2454 2649 1369 1870 2538 663 1788 550 1417 1710 1701 860 1489 518 712 197 179 463 2375 433 2289 2650 1422 1617 2130 1029 440 231 1895 735 2050 769 161 2482 2631 1840 562 2721 2735 1045 100 2309 173 1796 1640 305 51 2837 169 1544 715 1569 48 1253 2840 2241 155 2439 439 1860 2713 201 1926 2628 1453 1901 1490 221 1658 645 2011 445 1552 64 134 943 817 547 1386 1051 2376 2034 2545 1407 2300 2790 1316 1405 1993 1965 1636 2836 1782 1381
000318.jpg,2294 1056 1944 1055 2728 2207 1825 725 1212 137 2741 899 2135 204 1606 116 1463 79 686 1067 2068 2665 722 1935 1940 2842 1986 1076 447 165 2825 2766 2511 246 1134 1547 97 2286 2558 2248 1464 2580 2435 2041 2719 1899 2305 1937 2813 692 1452 804 1130 1874 2382 2319 2292 2736 790 1639 948 2393 574 2291 494 2057 1777 657 1223 350 677 140 1868 2436 2598 329 1185 1962 2708 146 1126 974 647 2683 682 2438 2639 1876 2809 1721 491 2569 1592 1841 362 12 1473 442 2258 2506
000319.jpg,2843 257 730 1466 338 1325 1707 1526 2516 749 1385 406 2145 1779 1068 1670 112 821 811 1379 1871 1511 1969 937 2102 1442 392 1992 2151 1850 1005 1079 288 1110 1455 568 2299 2243 2519 435 610 1007 365 1040 410 605 1527 2377 1634 2788 336 2290 2746 1142 1138 1731 1131 1498 1783 1243 1794 2680 253 1309 2341 678 773 2613 2730 2095 648 2087 535 2005 544 1573 800 881 416 1424 717 2763 519 673 774 870 1913 2006 1174 1516 2560 1581 2830 1020 2251 855 2492 2697 1645 1800
000320.jpg,1570 2268 298 2167 2706 690 459 1285 1697 973 1891 1537 448 2494 1080 1267 1723 2816 1884 2118 980 23 285 6 1474 745 1671 2535 325 2768 420 1397 956 1882 1221 1015 1610 37 8 1763 1456 1605 2030 2502 2152 122 1090 2791 1284 1205 546 582 1198 117 2666 650 2303 1659 275 1308 1082 2179 1502 148 468 1188 759 411 1916 475 2346 2449 922 2203 594 1232 851 327 2677 281 629 1738 1184 2593 396 2627 586 1006 1603 334 750 820 510 2572 1260 2643 2014 2124 375 1979
000321.jpg,844 509 2457 1515 5 1426 2128 1766 609 2404 1061 163 388 2448 1556 1637 1889 2725 957 466 2464 744 2115 1616 1696 244 498 2351 1326 2124 375 2014 473 425 1477 2508 592 2366 2169 306 1080 23 2348 214 1602 22 1214 1738 1953 2567 2751 690 1537 148 2521 1659 510 2109 1488 594 1866 2179 1661 2203 1171 2768 1397 420 1502 2303 1139 40 1960 1205 2706 2162 19 1610 1015 909 1184 953 1744 2726 520 232 1945 2841 980 1884 2118 2566 1487 1471 924 2494 1084 1605 2573 1401
000322.jpg,2716 2552 523 2191 505 2181 175 2681 28 705 2283 1563 238 2365 2500 2819 2534 2689 2370 2250 313 458 120 849 81 152 2119 1827 1896 734 2479 1708 587 2177 1532 2674 2527 2193 671 2592 2052 1339 2322 503 2557 602 1741 1111 1332 2237 1873 772 696 2228 1680 633 1376 711 972 1917 740 847 92 2028 532 1704 1117 2099 330 2773 2764 1335 1746 2742 354 68 2144 553 771 872 1852 2265 1314 1955 1956 1010 1774 649 2814 261 2199 2789 1543 2306 890 235 2799 1182 968 963
000323.jpg,1083 2807 636 1536 1318 2278 620 732 1702 181 582 546 42 2116 2643 2386 1726 2048 2761 1768 1458 398 1797 759 2720 2442 2678 270 1221 2522 2056 45 1064 2476 2562 285 2263 1882 644 2188 1283 2197 1198 1525 2623 1371 6 2503 474 1596 540 1802 1880 2101 1591 2572 661 2168 43 40 851 1960 971 1199 762 1260 592 2141 2498 387 785 183 2261 2194 1084 2425 2612 1013 1336 1280 2688 1315 617 1251 2160 2079 1365 2571 1979 1561 949 783 423 807 1364 300 1517 2733 462 117
000324.jpg,1786 1971 1257 2072 895 93 1590 614 1137 1087 1207 1558 898 714 2260 1928 1166 2409 230 1091 581 374 777 1996 1357 341 2281 2288 1818 1180 39 2579 2495 564 926 2114 1300 1353 2784 803 1898 76 1883 989 1213 2066 2242 789 1115 2546 483 2759 545 1093 2224 2000 1389 2381 1427 240 1535 832 291 2113 304 739 364 1900 2040 1593 1801 2277 407 1559 1106 1533 1346 2129 2178 1561 251 540 2238 766 1683 2540 1451 1361 646 328 634 2143 24 1841 967 215 737 436 1597 101
000325.jpg,795 2185 1411 2584 1129 2298 1694 2616 2481 1360 317 1270 1446 1294 665 1112 969 846 642 2473 600 1622 1258 2412 2138 1939 958 1338 573 17 2100 1684 2486 2339 1630 1571 307 1 2399 685 2255 2811 961 2271 787 1618 810 511 1514 2709 2517 1520 2727 2246 71 1440 1349 2213 195 2223 1698 143 2529 414 349 638 2338 1445 1025 386 2372 1994 2801 1060 2466 718 234 913 1572 1540 2340 2834 267 1238 1291 2253 1409 697 1615 403 1095 30 891 2063 2635 223 537 1215 405 2835
000326.jpg,2045 1584 2023 2755 747 258 770 1320 2034 2545 2556 1796 1496 2272 1316 1965 1636 2075 1855 2134 2373 2815 1416 1096 1948 1485 2530 996 157 1362 497 1897 2046 1586 992 2352 611 1319 188 201 1860 2713 1051 1261 2628 1218 194 345 1491 48 1569 715 817 1926 1386 556 2817 1656 547 2692 155 2631 1407 197 463 1029 2270 2082 2433 2790 85 2300 1934 1788 708 918 439 64 562 2721 100 26 1870 2649 1575 1313 1328 1572 1571 1580 1338 1341 1564 1552 1576 1324 1489 1295 1215 1618
000327.jpg,726 2236 999 1475 2053 314 2429 484 2059 806 534 1050 1662 331 655 2470 2407 2301 1037 1124 295 2687 780 1275 1929 344 290 2806 1635 390 1715 1967 1481 418 786 2244 1465 1008 52 1730 430 1506 346 389 478 1438 471 1216 1140 363 2765 1568 402 758 1022 1273 89 2698 53 2821 1378 1274 1843 936 268 1875 2232 1024 1918 108 1395 1756 1262 455 2531 1317 1039 27 391 1755 805 504 799 467 2285 131 561 2693 2505 2465 838 840 2773 2634 1706 464 452 1941 1924 2406
000328.jpg,2305 79 1067 2665 2068 722 350 2842 2511 1547 1134 246 204 137 2741 1212 2135 899 116 1463 97 1606 2041 2719 1935 692 2319 1962 2736 2292 1056 442 1126 2294 447 1944 1055 790 2825 2766 2728 2207 725 1825 2506 2558 686 1986 1940 1130 1425 165 2248 2813 362 1076 2286 1937 804 677 1464 2598 329 2436 2435 657 2580 1452 1899 1892 1942 1408 271 2440 494 2291 574 2057 1777 2382 1874 1639 2393 948 1223 1771 2625 1677 2037 2708 1998 1841 217 1330 974 2683 647 2258 1592 2569
000329.jpg,1473 12 1876 2809 1721 2051 1439 598 526 864 994 608 274 508 2499 1555 1088 1452 531 1868 140 2183 444 368 1725 2291 2057 494 574 1892 1677 1408 1771 2440 1942 2625 271 1998 2037 1056 2220 2526 1931 482 2435 1223 939 657 677 790 2089 2427 2445 2683 2704 1433 647 2580 1055 1944 1899 2598 329 2436 686 1874 2639 2294 804 146 2657 637 2617 2708 1330 217 255 2719 2319 1810 2509 306 2169 2508 2728 2207 1075 202 1012 1406 249 627 2248 2813 2766 2825 447 1747 1557 1833
000330.jpg,1453 1490 2433 1901 2376 2556 2272 2713 1496 1316 2309 2815 1965 1636 201 1860 2352 48 715 1569 2545 2034 100 194 562 2721 1796 1416 1096 1261 1948 64 992 497 2046 1586 439 1218 155 51 305 1640 1051 2628 1362 1897 1840 663 518 2538 2631 1752 950 440 231 2650 2069 1146 2714 770 747 2755 258 2367 2289 1202 1054 1799 59 26 2439 2769 1870 2767 1658 2241 2649 2050 735 1649 925 1544 169 2837 2389 1369 1993 480 1417 348 1782 1381 2836 1045 2287 319 2735 1253 1775 2553
000331.jpg,817 2817 1656 1926 2790 1934 85 2528 1624 1644 2411 2300 188 221 2044 2501 943 1407 1102 1405 1319 611 987 312 2832 635 1386 547 556 2082 2270 197 433 2375 4 463 1202 1146 2289 1796 626 1545 2034 2545 860 1701 659 2389 1417 1737 1788 59 1489 2650 1870 2454 1710 2649 1369 26 1752 348 925 480 2367 1190 2574 2477 283 2309 1029 2631 2769 100 48 2713 1983 201 1860 439 950 518 1569 715 2721 2023 2045 1584 562 231 1901 64 2069 173 1895 2482 1799 2376 2433 712
000332.jpg,1453 1490 2433 2376 1901 2713 2309 1860 201 715 1569 100 48 2034 2545 2556 2272 2721 1796 1496 562 64 439 51 1640 305 1316 155 2815 1636 1965 2352 194 1096 1416 1261 1948 1218 992 2046 497 1586 231 1051 2628 1362 2631 2650 1897 2553 2289 2538 950 1799 1840 518 663 1752 2367 168 925 2439 2454 440 26 2837 169 1544 173 1146 2069 1123 2714 348 1422 1617 2769 747 712 480 2755 623 1148 2312 978 1369 645 1878 2023 770 1253 59 1202 1710 1054 1417 1993 1649 2767 2649
000333.jpg,196 2474 98 353 776 2361 869 1625 1963 276 1864 1819 2462 2334 585 2256 233 1643 871 910 2353 2067 2081 701 1042 1402 1600 2001 2103 781 809 381 2027 2012 2391 69 416 883 11 153 206 664 2110 2264 1344 2426 873 2336 2157 282 343 1751 2582 1204 765 1077 1633 2603 1246 825 1958 66 1973 265 2132 1778 2485 247 607 2551 14 446 1981 1237 2490 2405 254 1642 2170 3 1245 2434 1997 862 719 2008 764 1170 1985 652 1136 1745 2093 1031 1574 779 929 2018 1289 2146
000334.jpg,1656 2501 2044 1934 817 2817 2528 2411 1644 1624 2034 2545 1796 1926 439 64 85 1405 2790 188 48 201 1860 221 2300 943 100 2713 562 2721 305 51 1640 2309 155 1102 635 987 1569 715 1407 2433 2832 312 2631 1319 611 1901 2376 1948 1416 1096 1490 1453 2045 1584 2023 518 2289 231 2650 1386 547 556 1897 1840 1993 2755 1788 2538 663 2082 2270 1362 169 2837 1544 2439 2628 1045 1190 2574 1649 2815 659 2272 1417 1870 2050 735 1586 497 2046 992 1422 712 1617 747 440 2649
000335.jpg,2043 2171 2810 2666 650 2816 1723 807 475 1916 2346 1891 1260 1603 820 2841 334 750 1541 411 759 922 2387 2643 1153 1697 6 1188 1456 1858 1761 285 1221 1702 1284 468 1763 372 582 546 122 1570 37 829 1139 620 732 1083 2313 2167 229 476 1865 1227 2268 1797 181 2261 1605 2118 980 1884 1953 1882 1610 1015 2425 1397 420 2768 1090 956 669 2476 448 298 459 2168 2194 148 2823 953 661 2502 2152 1560 2348 1866 214 1602 1082 1308 973 594 924 1487 1471 1738 2521 1267
000336.jpg,1495 1705 1681 1742 487 2458 966 337 2600 1384 942 2085 2543 1370 1554 791 1508 243 2660 1676 1287 813 1695 1565 2803 1396 355 1105 1978 1000 1853 1331 1614 1002 1673 530 2257 2696 1031 1604 1301 1739 2664 542 2369 1893 50 1119 54 2262 2049 908 710 660 446 2259 360 1567 607 1981 1237 2782 852 984 921 2392 1718 1946 451 1058 2093 144 320 1017 2064 105 2394 2140 2796 2357 1621 871 2361 2596 1518 1778 781 1290 1906 392 98 353 2474 776 2353 631 2843 1879 394 809
000337.jpg,1113 2502 2152 1144 941 84 1987 815 1605 481 2101 1525 1371 1198 1927 106 2141 117 270 183 40 1960 2048 2761 1768 621 1283 1632 96 2503 851 2494 2791 2623 205 959 327 1205 1979 594 2263 1866 2030 2115 1696 1477 1616 244 2197 1641 1184 1591 1400 1922 2620 907 1108 785 1423 189 1032 2060 1139 1084 1064 45 2522 2056 1726 2678 1687 2245 592 1280 1953 275 2203 171 2572 474 1891 2303 1232 1458 398 629 2677 281 909 2841 2116 419 894 2153 2554 565 1844 1286 506 1502
000338.jpg,1545 4 59 1202 2389 1146 626 1319 611 2270 2082 312 2832 1386 547 2367 987 556 1102 188 635 950 1624 1644 1407 85 1752 2411 2528 1926 2790 1934 2501 2044 1737 1799 2300 221 943 2477 1405 817 1656 2069 283 2817 266 826 613 518 659 2631 197 2375 433 2208 912 41 463 2289 2538 663 1855 2075 2134 2373 2034 1796 2545 2454 1496 2556 2650 860 1701 925 1369 26 1870 2649 348 2205 716 2692 480 904 1468 2312 2231 1652 1710 1190 1983 2574 1485 1489 1417 2769 1264 345
000339.jpg,2077 2772 2777 1753 1125 2478 2561 70 1759 1390 2622 1557 2757 431 2510 315 2161 2302 1165 191 601 951 2818 1834 2663 2 2015 1252 1035 18 1842 1839 2315 1980 2685 2702 2686 889 1747 1833 1938 1443 767 277 369 1989 1460 2532 211 1511 1442 2102 1969 2496 269 1548 522 202 1075 2667 2471 990 2601 502 1904 2507 997 1340 103 1323 882 2150 123 1757 578 1767 126 1845 2276 1992 1114 297 284 1413 1608 1821 1720 684 1908 2583 627 67 1406 1012 249 931 1235 1186 2314 688
000340.jpg,1948 1416 1096 1362 1897 2272 497 992 2046 1586 2556 2815 1496 1636 1965 1316 1218 2352 1051 194 2628 1261 2713 201 1860 64 439 48 715 1569 2721 2433 2631 155 562 1840 2545 2034 1490 1453 2755 1796 100 1901 1658 747 2309 2241 2376 51 1640 305 258 1381 2836 1782 518 1752 770 2069 950 2538 663 440 1146 1649 1710 2767 1701 860 1489 2439 1584 2045 1123 1878 1045 613 1054 1369 1870 2023 2650 231 1993 1417 1202 1799 59 2367 1320 2707 1623 1679 2649 283 221 2300 1926 826
000341.jpg,1054 2707 1623 1679 645 2011 1328 1444 947 1663 1649 445 2767 1544 169 2837 2840 1045 1552 2130 1422 1617 2439 2836 1782 1381 712 2050 735 1658 2241 179 1029 440 1993 1218 1051 1261 2352 550 1840 2628 194 1640 305 51 155 463 2735 562 1489 1253 197 2287 319 860 1701 1417 433 2375 1775 2631 1870 1369 1710 2454 1416 1096 1948 1586 497 992 2046 2721 2649 1897 2289 2714 26 925 659 1362 2769 480 2650 100 715 1569 134 439 64 518 663 1486 1437 900 965 2538 1788 2815
000342.jpg,348 2714 2769 480 26 925 2454 1369 2649 1870 2538 663 550 1788 1417 1710 860 1701 1489 518 712 179 463 197 2289 433 2375 2650 2130 1422 1617 1029 2721 231 562 100 1569 715 1640 305 51 2050 735 48 769 1895 161 1796 440 439 64 155 2482 169 1544 2837 2545 2034 1045 2309 2713 2735 1840 2439 2631 201 1860 943 547 1386 1453 1490 221 2790 2241 2840 2270 2082 173 1253 1901 1407 1405 2376 2300 556 2433 2011 645 659 1993 2628 1926 1102 1552 445 1319 611 2767 817
000343.jpg,2573 953 2494 924 1487 1471 2620 1922 1400 281 2677 629 1144 1687 38 1995 115 1916 2346 475 1113 1397 1738 2768 420 510 148 2521 1488 1602 214 2348 1953 396 2627 167 594 2179 20 2162 454 2823 1139 2841 752 1744 2726 1866 327 690 1080 1462 1183 2359 1570 907 1641 423 2203 1502 298 275 2222 1661 23 1537 650 2666 2706 2171 1232 1723 1960 40 851 1591 1423 1802 1880 1426 2303 1184 1659 1205 117 1979 1198 2230 2591 335 909 205 2810 2043 2101 2030 2245 2791 543 1973
000344.jpg,2801 2473 1295 1807 991 2771 1735 1863 1373 641 879 1549 2524 2104 1242 127 2363 557 2460 687 273 888 262 428 1539 2385 2710 741 2175 1619 1509 2371 299 2139 1366 1480 2576 2776 2517 537 667 1816 1982 1925 2269 2403 1660 2607 2633 2833 147 2595 577 2185 2797 2731 1803 2092 2844 143 2529 867 1059 551 342 2226 1862 472 814 385 2431 1078 160 1530 2094 1215 1811 1355 1167 1278 2783 2298 1440 2619 352 2189 1291 1238 267 2213 718 1349 226 2444 2138 90 133 1129 2513 1814
000345.jpg,2294 1056 1944 1055 2728 2207 1825 725 1212 2741 137 899 2135 1606 204 116 1986 1940 1463 1935 165 447 97 2825 2766 2041 686 2558 1076 2842 1130 2286 1464 2305 2580 2719 2248 1452 246 1547 2511 1134 1067 79 2435 692 2319 1899 2057 494 2291 574 2665 2068 722 350 2292 2736 2813 790 804 1962 1937 2382 1876 2809 1721 1841 2393 948 1639 1473 12 657 1874 1777 677 1223 1126 362 2258 140 1868 442 1185 146 1001 2350 2121 217 1330 2583 2639 1942 1408 271 2440 974 647 2683
000346.jpg,2185 143 2529 1440 2517 718 2271 386 2298 958 1129 697 2584 1411 2619 1514 1215 1445 810 787 1684 30 2801 638 71 1694 2616 1360 1242 2104 2524 2481 273 1630 665 1446 1294 2363 2460 557 1939 414 1270 1112 1807 991 1295 1735 1258 879 2246 2771 1278 1863 2473 1549 969 1619 127 1373 641 537 795 1480 1366 2269 588 299 2139 1925 1982 2833 2710 1497 583 1081 1816 1947 133 2092 667 1059 551 342 154 1025 2175 1358 976 2607 2633 1660 687 2371 1349 2444 741 2740 2184 548
000347.jpg,2185 1411 2584 1129 2298 1694 2616 2481 1360 1684 665 1446 1294 2517 2271 1440 958 2529 143 1939 1112 718 1630 787 1514 386 810 1270 1258 1445 1215 71 697 638 2619 30 414 2246 2801 795 969 511 2339 1242 2524 2104 557 2363 2460 1278 273 2473 2709 1 317 2399 685 307 2175 2710 1735 2466 1349 879 846 642 1520 2727 1025 127 2444 551 342 1059 2138 203 1524 1629 2100 573 17 2486 913 234 1572 2131 1564 616 1812 591 133 1947 1358 976 1409 2253 961 154 2740 2412
000348.jpg,1489 1710 1701 860 1417 1788 2375 433 1993 2289 197 2650 26 1895 2482 348 925 1870 463 2769 161 769 2649 1369 2714 2454 173 480 1029 231 2538 550 2628 194 1261 134 663 1253 1386 2082 547 2270 556 1051 1218 2352 2735 518 1381 2836 1782 1658 179 1636 1965 1316 1649 712 1948 1096 1416 1926 2300 2790 2767 1496 2815 440 2241 1407 221 1796 85 715 1569 2721 1102 947 1663 1444 1840 2631 1752 1146 2069 950 2556 2272 1617 1422 497 2046 992 1362 1586 1405 635 2034 2545 1054
000349.jpg,757 1728 1231 2533 1149 2320 293 29 754 2756 2021 2673 286 2172 2787 2024 1533 2430 218 1689 426 1597 24 2143 634 1312 1984 2472 853 2054 184 2260 646 2638 967 1951 1175 485 1804 1593 658 589 727 1306 1383 80 1296 119 1719 739 529 1559 1106 213 2277 1801 2000 2235 2296 91 792 395 2540 2224 2408 1394 558 2413 2295 135 2644 1451 1361 707 1478 1427 2744 1733 2409 1928 1166 101 215 737 436 962 1798 572 251 1900 364 2040 2381 1448 1300 989 1849 1883 1265 545
000350.jpg,803 101 1900 364 2040 737 215 436 2381 251 989 341 2540 2000 1427 1559 1106 374 529 1786 1971 1394 2504 395 1883 2114 581 2644 1898 646 1257 1300 2546 1115 1361 1451 2579 1801 2277 1357 2759 328 1230 1683 572 1798 962 2054 39 407 545 2787 1818 2288 2281 2178 766 2238 2323 2784 1353 2113 304 1389 1213 2066 1334 1093 1180 1533 564 926 1137 614 76 2242 2495 230 1091 1306 2072 485 1951 1175 2224 739 777 1996 1207 1558 714 589 658 727 483 898 1087 789 1231 754
000351.jpg,2185 1411 2584 1129 2298 2517 1440 143 2529 2271 718 1684 1694 386 958 2616 1215 1360 2801 1514 2481 787 2619 697 810 1445 1446 1294 665 1630 30 71 638 1939 1112 1270 414 1258 2460 557 2363 1242 2524 2104 2246 795 273 2473 1735 879 1278 969 1295 991 1807 1863 1619 127 2269 2771 1549 1025 2833 641 1373 299 2139 1982 1925 2092 667 1366 1480 1816 537 1 741 685 2371 1349 2385 2709 2710 2576 428 2339 511 551 1059 342 2607 2633 1660 2727 1520 2175 687 2740 154 307
000352.jpg,817 1656 2817 188 1926 1934 1644 1624 2528 2411 2501 2044 2790 85 2300 1319 611 221 943 1584 2045 1405 2023 1407 1102 2755 1386 547 987 556 2270 2082 2832 312 635 747 197 433 2375 258 463 2289 770 4 626 1320 1545 2034 2545 659 1796 1202 1701 860 1146 1870 2650 26 1417 1710 2649 1369 2454 1788 1489 59 1029 1737 2389 925 2367 348 1860 2713 201 2309 1983 2574 1190 2714 2477 283 1752 480 2735 2631 64 439 1096 1416 48 100 2769 2530 996 161 173 1253 231 769
000353.jpg,2064 1613 1909 662 921 2282 1290 2596 1518 631 1017 2049 1879 394 2392 2796 2140 1058 446 451 2357 1981 1237 1906 530 1301 607 1567 2093 1604 1002 984 660 1978 1119 813 908 243 2259 360 2262 355 1105 1396 2696 2257 2782 1554 1370 1673 1331 1614 710 542 1739 2664 852 1853 1000 54 1621 2660 942 2085 1808 2274 1688 1384 1404 1100 2543 1676 1742 337 2600 1695 1495 1718 1155 460 50 1893 2458 487 1145 1508 791 966 1287 1089 1241 2722 172 2452 2803 1565 1681 2009 72 2636
000354.jpg,1993 2767 947 1444 1663 1649 1045 1328 2836 1381 1782 179 1054 2130 2011 2707 1679 1623 2241 645 1658 1489 1422 1617 1218 1051 1261 712 2439 2050 735 1710 2628 445 2352 1544 169 2837 550 194 2840 1552 1417 860 1701 1840 440 155 305 1640 51 1416 1096 1948 1029 1788 992 497 2046 1586 2375 433 562 2289 2650 1362 197 134 1897 1895 769 161 2482 2769 2631 2721 480 64 2714 231 663 463 100 1569 715 1369 2649 1496 48 439 1253 173 348 965 2538 1870 2556 2272 925 900
000355.jpg,2623 1525 1371 2263 2678 1280 2572 1084 1726 474 1198 2498 387 1596 2386 43 1199 1880 1802 2688 762 1458 398 971 2188 2562 2048 1768 2761 644 909 2720 2442 1318 636 2807 1536 2101 2116 2503 270 1205 1283 1979 2278 275 117 1591 42 2197 1144 1083 300 183 1108 905 2141 2245 1866 104 1987 815 907 941 84 2571 205 2303 2476 620 732 1702 1659 1263 423 327 1687 1641 2030 2791 2514 1797 181 481 1922 1400 2620 2359 1750 946 2425 2643 1380 785 1113 2705 582 546 1423 1995
000356.jpg,811 112 1040 365 749 435 568 605 1466 338 257 1634 937 610 1379 1110 648 1670 1424 821 730 1309 717 1079 1068 1573 678 1005 2151 410 535 1325 2788 1850 1133 1455 1020 2830 1581 2560 881 1243 2251 2730 544 2680 870 2290 2005 1527 2377 2299 2087 2095 1783 2746 1794 1131 673 94 1142 1311 2519 2243 248 2516 1526 1968 2697 336 1966 2417 1498 2196 2341 2364 774 593 855 434 2492 1516 1707 253 2006 1174 1913 1894 1871 416 883 2843 1385 406 1779 2145 288 800 1936 1094
000357.jpg,1681 1705 487 337 1742 2600 1384 942 2085 2543 2458 966 1495 1508 791 1695 1287 1565 2803 1853 1000 1031 2369 1893 50 1978 2664 1739 2660 1676 54 542 607 710 1554 1370 813 660 2782 243 2259 360 2262 1105 1396 355 1119 852 1002 1718 530 2392 1604 1301 1614 1331 2696 2257 1673 2093 446 921 2049 1981 1237 1946 984 1567 908 1017 320 2596 1518 1290 144 631 2064 1058 2361 871 451 2282 2394 105 781 2357 2353 776 2474 353 98 1778 2843 2420 1879 1909 1613 2140 2796 1906
000358.jpg,1532 972 330 2099 847 1339 1896 849 2479 2742 354 2674 1741 152 1708 2557 81 587 1704 696 1376 2773 734 458 2228 2365 1827 2819 2119 2814 2500 1956 2177 2527 532 2028 120 671 313 2370 2283 1010 261 2191 92 175 503 2181 2534 872 28 2199 238 1563 649 505 2689 1335 2681 772 2250 705 1917 533 2552 711 633 968 1873 523 1680 1961 1746 771 726 2610 2592 2764 1441 1314 1117 1885 2716 2052 552 877 1156 2594 2322 1293 159 1097 2687 1275 1730 2806 1929 1099 1650 449
000359.jpg,2777 1753 1125 2772 2077 2478 2561 70 2510 431 1759 2161 2757 1390 1557 2622 1834 315 1252 2015 2818 951 601 191 2302 1165 2663 2 1842 18 1035 1839 2315 2702 2685 1980 277 767 1833 1443 1938 1747 2686 889 1460 369 1989 211 2532 2496 522 2667 990 2471 502 2601 1845 1904 997 2507 1340 1323 103 1720 1608 1821 578 202 1075 882 123 1757 2150 1767 126 2276 269 1548 297 1114 284 1413 684 1908 2434 282 2121 1001 1810 2583 2350 2509 1235 1391 931 688 2314 1186 2102 1969
000360.jpg,2473 2138 537 969 961 795 2339 642 846 1618 307 1571 1060 472 317 1349 573 17 2709 685 1 2486 2213 403 2399 600 1622 2100 2412 2811 2255 1540 2340 511 1828 2835 405 2226 2614 1964 1338 2648 1112 1520 2727 195 1698 2223 1270 349 1994 2338 1862 2834 2372 1694 892 2738 166 2635 223 1129 1360 2481 2616 1258 2466 2253 1409 2298 1939 46 1572 913 234 1615 1159 2513 1095 1684 2215 1630 665 1446 1294 352 2063 1025 2781 2484 2710 1411 2584 1101 2158 2175 2185 90 1815 2758
000361.jpg,1146 1752 4 312 2832 950 987 1202 1102 59 2367 1545 635 556 1386 547 2082 2270 2389 626 1407 1799 1319 611 85 2069 2300 2790 221 188 1926 943 1496 1737 1405 1316 1644 1624 518 2631 2477 283 1636 1965 2556 266 613 1934 2411 2528 817 826 2044 2501 2538 663 1656 2815 2272 2817 1840 440 1701 860 2454 64 439 1870 1369 2553 231 173 659 1710 2628 1051 26 925 1489 1417 1658 1045 2241 348 48 1096 1416 1948 155 1362 1897 2189 1278 1490 1453 1901 1218 1261 194 904
000362.jpg,1334 658 589 727 1533 2323 1306 2054 1175 485 1951 1137 614 1197 1115 2546 1389 1801 2277 2072 1593 2542 2113 304 1207 2540 2178 1213 2066 646 545 1087 1427 572 1798 962 1394 529 803 251 714 1558 1928 1166 2409 2000 1597 853 60 1304 2644 761 617 2579 898 395 2249 2497 1103 1230 483 1257 1559 1106 1689 101 2114 1590 93 895 24 2143 634 2787 540 1786 1971 757 2381 989 215 737 436 954 1685 374 198 75 832 1535 291 581 1300 789 1361 1451 1900 2040 364 2430
000363.jpg,1007 2145 1385 1779 406 1871 1138 1731 2516 1526 1992 2763 519 1707 773 2613 742 1645 1800 257 2102 1442 288 1511 1969 1325 2843 416 2609 392 535 1894 1527 2377 883 301 2331 1419 186 709 2219 410 664 2110 1079 1455 811 2549 1516 112 1068 749 2341 937 821 336 1718 253 1670 751 544 434 338 730 1466 1783 2730 1110 1005 2087 1498 1040 605 365 1794 2788 2746 1311 2290 11 94 1133 648 248 1424 843 1495 315 1165 191 2161 2302 1759 2757 1850 1379 1131 1678 2275 603
000364.jpg,802 429 2078 1492 142 555 868 878 1888 1053 554 176 1890 1562 681 2029 289 2786 2227 979 340 2668 1033 2743 1886 1393 743 1132 1588 1256 2108 2384 2451 21 886 417 597 1686 1418 62 1430 1553 1699 361 1398 432 332 866 536 2333 199 36 1431 2423 1065 1236 893 1268 733 2267 2380 78 292 302 2117 680 571 901 500 1793 2568 1499 2217 2415 427 865 988 193 121 1949 569 2090 640 1272 13 2671 2520 2210 1952 1399 964 2038 1754 1041 2421 1038 2839 2808 1266 2335
000365.jpg,1584 2045 2023 2755 747 258 770 1320 2545 2034 188 1796 1319 611 817 2817 1656 2556 1496 556 547 1386 2075 2134 2373 1855 996 2530 1926 2272 1965 1316 1636 2815 1416 1096 345 1491 2692 1407 463 197 1029 2082 2270 157 1485 1417 1710 2300 2790 85 1934 1788 708 918 48 715 100 1569 1948 1870 2649 26 635 1369 1428 1373 1375 626 623 1377 1388 622 1392 1421 1366 616 1409 1411 1414 613 606 1381 1405 638 1360 1276 1278 1279 1291 1292 1294 1295 1307 659 1313 656 651 1362
000366.jpg,1948 1096 1416 1362 1897 2272 2556 2046 992 1586 497 2815 1496 1965 1636 1316 1051 1261 1218 2628 194 439 64 2352 2631 2721 1569 715 562 48 2713 1860 201 155 2034 2545 2755 1796 1840 518 100 1679 2707 1623 2045 1584 258 770 747 2309 1123 1878 1926 221 2300 860 1710 1701 1993 635 1405 2433 305 1640 51 1054 1328 623 1375 1377 638 1440 1381 1386 1388 1392 1437 1409 1421 1411 1432 1428 622 1373 1414 626 1417 1407 746 1369 642 1279 1291 1292 1294 1295 1307 1313 659 1319
000367.jpg,1300 483 2066 1213 2054 1389 2178 304 2113 545 2546 1115 1533 1427 789 1353 2784 2579 2277 1801 240 1883 646 727 589 658 1306 1087 2072 374 1593 2540 614 1137 2759 1394 485 1951 1175 714 1558 1207 898 529 2000 581 1683 251 1334 2260 2323 967 2114 962 1798 572 1559 1106 1257 1361 1451 2644 2409 395 1928 1166 1230 1786 1971 1093 895 1590 93 1689 803 1898 853 1597 328 2024 407 2504 2381 341 1804 2430 24 634 2143 2242 426 989 2238 766 2787 1719 761 63 1019 2022
000368.jpg,1554 1370 243 813 1105 1396 355 1495 530 1604 2458 966 1742 2696 2257 1384 2049 1673 1614 1331 1301 1681 487 337 1705 2543 1567 2600 942 2085 2660 446 1002 1237 1981 908 451 1058 1000 1853 921 1695 660 50 1893 1676 1031 984 2369 542 2664 1739 54 1978 2259 360 1119 710 1508 791 1017 2064 2782 1287 1565 2803 1518 2596 1290 2140 2796 607 2392 631 1621 2282 2262 852 1946 1879 144 394 320 1909 1613 662 2093 2357 2394 1906 105 765 825 2336 2420 2170 2452 1246 1985 14
000369.jpg,757 1728 2533 1231 293 2320 1149 29 2673 286 2172 2024 2021 754 2756 2430 1689 1533 2787 426 1597 2143 24 634 218 853 2472 1312 1984 1804 967 2054 1719 184 213 1593 2260 739 646 1175 1951 485 2408 2277 1801 1166 2409 1928 529 2296 2235 91 792 2295 135 558 2413 2638 707 119 1383 80 1296 1394 2540 589 658 727 1306 395 2644 1448 1849 2000 1427 2224 1559 1106 1265 1353 2784 2354 1478 1300 1798 572 962 483 1451 1361 1883 1334 545 465 1230 1389 789 240 251 1590
000370.jpg,2045 1584 2023 2755 747 258 770 1320 2545 2034 1796 188 1319 611 817 996 2530 2817 1656 1416 1096 547 1386 556 2075 2373 2134 1855 345 1926 2272 2556 1316 1636 1965 1496 1491 2815 2692 1407 1029 197 463 2270 2082 2300 2790 85 1934 1788 918 708 100 715 1569 48 1948 1870 26 2649 1215 1202 1264 1261 1377 1258 1366 1369 1208 1253 1242 1270 1234 1373 1229 1218 1375 1238 1328 1276 1324 1338 1341 1313 1307 1295 1345 1294 1348 1292 1291 1349 1279 1350 1278 1355 1358 1362 1360 1428
000371.jpg,257 2843 1325 1707 730 338 1466 1526 2516 112 821 1379 749 811 1068 1670 2151 568 1634 435 1110 678 937 1040 365 1005 610 1850 2145 1779 1385 406 605 1309 1079 2243 2519 1142 2299 2680 1020 1581 2830 2560 717 410 2251 2095 2005 2788 1573 1243 1871 2087 1992 1131 2746 1424 881 2290 1455 392 1969 1511 1442 1783 870 648 2730 1794 774 2102 1913 1174 2006 2377 1527 673 855 288 2364 800 2417 2492 1498 1007 544 2697 2196 1133 2341 1311 535 1731 1138 1968 1966 336 593 2613
000372.jpg,340 536 1132 1588 802 571 332 1268 2333 429 1886 1431 36 2078 1492 142 555 2117 1256 1699 1430 1553 176 1065 121 193 988 432 2227 2786 979 1236 554 868 569 2090 2380 2267 2568 1562 2668 901 1793 1890 500 2415 2217 2029 1888 427 1393 1033 2743 733 743 878 289 2108 1053 866 681 1418 597 1686 417 1499 62 886 865 2451 2384 21 2423 199 680 361 1398 56 2032 893 323 370 2047 78 302 292 2839 2335 1329 1952 1189 2808 1266 2570 1399 964 2038 1764 2795 1041
000373.jpg,1993 1045 179 2130 735 2050 550 1422 1617 712 2241 2767 1840 440 1649 1658 1381 1782 2836 1544 169 2837 2439 1328 1444 1663 947 1051 1679 1623 2707 155 1261 2628 51 305 1640 1218 2011 1054 645 1489 562 2649 1369 194 1701 860 445 1710 1870 1417 2840 1552 663 2714 480 2538 2352 2454 2769 463 1029 518 2631 197 925 26 2721 433 2375 2289 1788 2650 348 1586 992 2046 497 439 1569 715 100 1897 1796 1096 1416 1948 48 547 1386 1362 64 2735 134 556 2270 2082 1437 231
000374.jpg,472 537 1803 2138 2473 2595 577 147 1069 1607 1341 2758 2783 961 1509 2213 1862 226 127 1421 2266 814 2431 385 1078 1530 160 2094 405 1828 2835 551 1059 342 2738 2820 1167 1811 1355 403 2614 1964 2781 166 1349 1060 991 1807 1295 1618 2513 1101 2648 2710 2444 273 2524 1242 2104 1025 2255 2811 2340 1540 2403 1524 2771 2709 685 307 641 1520 2727 352 1815 1863 154 2399 1629 1159 1373 203 262 888 2385 2339 1571 969 1278 428 1735 600 1622 642 846 1324 1 46 687 2740
000375.jpg,2053 726 1124 1037 1635 1715 390 1967 2236 1050 1293 655 331 999 159 1097 314 326 31 580 1011 1140 1216 430 1008 1822 1187 2406 1648 1118 1475 27 2715 2407 2301 391 1395 1756 2773 1755 805 1317 1143 2693 1647 1972 2402 721 2470 799 1274 1924 2061 1506 2062 478 344 2765 1921 2232 1438 471 402 838 1472 1568 2429 363 936 484 653 295 643 1662 89 1929 1275 1730 1692 209 139 2687 1026 1127 2690 2467 1024 758 2396 1262 455 1918 2465 2505 356 1282 296 408 2059 786
000376.jpg,419 2554 2153 894 96 1632 189 2060 1032 106 1927 205 481 1625 1987 815 752 2313 84 941 565 1844 1286 506 2567 1171 171 2401 2823 621 22 2109 1214 2705 2831 2612 856 2571 1288 1363 2216 1703 309 1217 333 1560 762 300 959 2425 1365 1865 1251 785 2791 2030 1013 1336 1364 1858 468 1425 2751 2197 1227 2194 1108 1064 45 2056 2522 423 2141 183 861 1199 1315 1726 1153 122 37 1749 2160 2079 2555 1727 761 1044 834 1277 2261 476 1113 669 42 1284 922 1198 1880 1802
000377.jpg,1125 2777 1753 2077 2772 2478 2561 70 431 2510 1759 1834 2757 1252 2015 315 2161 2818 951 1557 2622 1390 601 18 1842 2 2663 2302 1165 191 1035 1839 2315 2702 767 277 2685 1980 1938 1443 1833 2686 889 2471 502 990 2601 2532 211 1989 369 1460 1747 2496 2667 522 103 1323 1908 284 1720 1821 1608 1340 297 126 1767 684 1845 578 2276 2102 1442 1969 1511 2583 2350 1001 2121 1235 688 2314 1186 702 848 1830 1107 1975 250 1413 2434 282 2507 123 1904 882 1757 997 2150 2509
000378.jpg,589 727 658 614 1137 2072 1306 1207 2113 304 1389 714 1087 1175 1951 485 1213 2066 1558 2178 898 2546 1115 2054 545 1533 1334 2323 646 962 1798 572 1451 1361 1427 2000 1559 1106 1394 1801 2277 2409 2579 1166 1928 2540 853 1257 895 1590 93 529 1597 1230 426 374 1883 1786 1971 2644 251 1300 2784 1353 2114 395 581 483 2787 2759 1683 803 634 24 2143 2024 789 240 2381 1593 989 2260 1093 364 2040 1900 1689 215 737 436 341 101 2504 63 2022 1019 2430 2242 1149 2320
000379.jpg,2502 2152 1605 1113 941 84 815 1987 1866 1139 2841 481 2141 1525 1371 752 1953 2348 214 1602 909 205 594 2101 2115 244 1616 1696 1198 2623 1477 117 1144 785 1891 1927 106 270 1084 1283 2494 1280 2572 2263 420 2768 1397 2791 1108 2761 2048 1768 2503 1184 2203 1502 183 474 1591 1979 2030 621 2678 953 1205 43 1487 1471 924 650 2666 148 2816 1632 96 1738 2386 2498 387 1880 1802 1726 423 1365 1400 1922 2620 1458 398 327 2521 959 189 1032 2060 2677 281 629 275 1232
000380.jpg,757 1728 1231 2533 2320 293 1149 29 754 2756 2021 2673 2787 286 2172 1533 2024 218 2430 1984 1312 1689 426 2472 2054 634 24 2143 1597 184 853 646 2260 1951 485 1175 1296 119 80 1383 967 1306 658 589 727 2638 2000 529 1106 1559 2540 395 1804 1719 213 1394 558 135 2413 2295 2644 1801 2277 739 1361 1451 1478 2744 1733 91 2296 792 2235 436 737 101 215 251 2408 1798 572 962 1593 2040 364 1900 1427 1529 2390 707 1334 545 1230 2381 1389 2224 2354 989 1265 2178
000381.jpg,803 101 436 737 215 364 1900 2040 2381 989 251 341 2000 529 2540 1106 1559 1394 2114 1427 395 2644 374 581 1786 1971 1801 2277 2504 1361 1451 646 1883 1257 2546 1115 1898 1230 2579 1357 1300 1798 962 572 545 2759 2054 2787 39 328 1683 2178 1818 2323 2113 304 2288 2281 407 1334 1213 2066 1389 2238 766 1353 2784 1180 1533 1093 926 564 614 1137 76 2242 2495 230 1306 485 1951 1175 2224 1091 739 2072 483 658 727 589 1207 789 1996 777 1558 714 1087 898 1231 240
000382.jpg,2185 1411 2584 1129 1440 2517 2298 143 2529 2271 718 386 2801 958 1694 2616 697 2619 1445 1514 1684 810 787 2481 1215 30 665 1294 1446 1360 71 638 1939 2104 2524 1242 2473 2363 2460 557 1112 1630 273 1735 1258 1270 795 991 1295 1807 879 414 1366 1480 2771 1816 1539 1278 1863 1373 1549 2269 2092 537 641 2833 2246 1619 2710 741 2175 352 551 1059 342 2371 2139 299 2576 1925 667 1982 2385 428 127 1947 133 969 472 888 262 687 1660 2633 2607 1081 1497 588 583 2740
000383.jpg,431 2510 70 2561 2772 2077 2478 2777 1125 1753 2161 1839 1557 1390 2622 1035 1759 2757 315 2302 191 1165 2818 951 601 2015 1252 1834 2 2663 18 1842 2315 767 277 1938 1443 1833 1747 2685 1980 2702 2686 889 1460 2532 211 2496 369 1989 502 990 2471 2601 1548 269 1340 1511 1442 2102 1969 1323 103 1821 1720 1608 1845 1075 202 297 284 578 684 1908 2434 282 1767 2276 126 1012 249 1406 2667 522 1235 123 1757 997 882 2150 2507 1904 1391 1413 1186 688 2314 1114 2624 250
000384.jpg,561 1273 27 2311 2794 1781 1506 113 1248 2164 239 2091 1274 1505 525 1356 455 1262 383 1299 2070 1435 1141 1924 625 449 192 2669 2025 653 2061 1921 2698 2053 216 2173 1961 654 2402 1647 721 1972 822 2137 2280 225 61 207 1787 245 209 139 2396 2236 838 679 1127 1216 1140 1612 1037 1124 290 200 618 533 2316 2017 1021 391 2232 49 356 296 1282 1395 1756 252 1472 408 2470 2693 1780 1168 1829 2279 643 1303 412 1475 2406 1187 1648 858 1598 1317 799 344 33 771
000385.jpg,1113 1425 1449 1057 350 1144 2305 1006 443 1933 1790 2071 1380 2502 2152 2512 897 946 836 2096 935 2362 1197 2691 1911 796 1504 2218 222 1436 1082 1308 1267 1305 1090 1263 1750 1219 2514 2355 2542 586 1605 104 905 474 2245 144 1200 320 1763 459 1685 954 617 2167 1462 1183 376 16 1447 1469 2258 149 1760 182 1712 2443 1641 1525 1371 1304 1044 2268 850 1423 1333 761 205 1487 1471 924 835 543 2030 1866 1103 60 907 275 2449 2535 1671 8 1474 745 325 2249 2317 1052
000386.jpg,312 2832 987 1102 635 1146 611 1319 85 1407 4 1624 1644 1386 547 556 2044 2501 2411 1545 2528 1202 2790 2270 2082 1934 2389 59 188 1926 2300 2367 626 943 221 1752 1656 950 1405 817 2817 1799 1737 2069 518 2631 2477 283 266 663 2538 2375 197 433 826 2289 659 1496 613 1796 2034 2545 463 1965 1316 1636 2574 1190 1701 860 41 2208 912 1840 1870 26 2556 2649 2815 2424 2515 2650 1983 1417 1489 440 925 1369 2454 348 2272 1710 2075 2134 2373 1855 480 1264 2205 716
000387.jpg,509 2457 844 1084 1280 5 1515 2128 1426 1889 609 1766 957 2404 1616 2115 244 1696 2572 2725 2464 2623 1525 1371 2448 592 1637 1556 1477 1061 163 388 744 466 2263 2678 2351 498 1880 1802 473 1326 2498 387 1596 43 375 2124 2014 306 2169 2508 425 1960 40 941 84 1205 481 1659 2109 2751 1214 22 815 1987 474 1726 2562 1995 115 38 971 214 2348 1602 1171 2303 2567 1198 2188 2366 2197 2720 2442 2688 1953 1199 183 959 644 23 1866 2056 45 1064 2522 621 2030 2401
000388.jpg,2716 2552 2191 523 2181 505 2819 28 849 458 175 2681 2500 120 2283 2365 238 1563 152 81 313 2250 1896 1827 2479 1532 1339 1708 734 2674 2370 587 972 1741 705 2534 2557 847 671 696 2119 2228 2099 330 2689 1704 2592 2177 2052 2527 1376 92 2322 2193 772 503 1956 1680 633 2742 354 602 532 2028 711 2237 1332 1111 1010 1335 1917 2773 1873 740 1746 455 1262 2814 872 1955 2265 1314 1273 2470 1506 968 726 2698 1568 1500 449 261 649 2199 2789 890 1543 2306 786 1662
000389.jpg,835 1114 931 2624 2667 65 702 1830 522 1107 1908 1845 768 903 1254 1310 1512 284 126 1767 2388 2601 2471 502 990 848 1340 578 684 2276 250 1975 1608 1720 1821 1425 1323 103 1186 688 1413 297 1235 2314 1391 1449 350 2305 2823 1057 333 309 1217 856 752 1669 1104 205 2019 1515 5 2550 1507 575 2754 2324 2493 2247 423 1462 1591 2359 1183 1625 861 1691 2414 1907 1884 2118 1610 1015 980 1632 419 2153 894 2554 96 362 2258 1841 2027 69 104 2103 863 1646 339 300
000390.jpg,418 1481 290 52 806 534 780 1662 2429 346 2244 1465 2059 786 484 389 2821 758 999 1438 471 1475 2687 363 2467 2690 478 726 402 1506 207 61 225 936 344 2285 314 2236 1918 1022 53 1787 2407 2301 1780 1275 1929 192 2396 1941 452 2669 2025 1568 1216 1140 331 655 1141 1472 1274 653 464 1706 1378 2070 838 1730 295 356 296 1282 1692 383 1262 455 2505 2465 408 1039 1924 89 1127 2698 2470 1008 209 139 2232 49 654 1789 2806 840 467 131 108 2765 2715 430
000391.jpg,2346 1916 475 281 629 2677 2171 1723 650 2666 2810 2043 2816 1891 2627 396 2841 1144 1570 1113 953 1221 546 582 420 2768 1397 2573 411 1610 1015 298 924 1487 1471 1456 2118 980 1884 1183 2359 1462 285 2494 594 1603 820 1139 468 1284 122 807 148 922 1763 37 334 750 2152 2502 1188 1605 1006 586 1082 1308 115 38 1995 1761 973 1090 1083 229 1260 2168 1979 1697 1591 423 6 1541 2268 104 1184 443 2521 1285 2194 2261 1380 459 2167 661 1738 1882 1502 1227 117 327
000392.jpg,2294 1056 1944 1055 2728 2207 725 1825 137 1212 2741 899 2135 1606 204 1940 1986 165 447 1463 2766 2825 116 1935 2558 692 2041 686 2719 79 1130 2305 2665 2068 722 97 2842 2736 2292 1067 2319 1547 2511 1134 246 2435 1076 2291 574 494 2057 350 2286 790 1899 2580 1962 1464 1452 1126 2248 1937 804 1841 2813 362 442 1874 657 1876 2809 1721 1777 2258 677 948 1639 2393 1223 2382 140 1868 12 1473 146 1942 1408 2440 271 1185 647 2683 2708 2436 329 2598 2506 2639 974 2438
000393.jpg,2252 1583 2647 639 1920 945 1579 1578 998 841 1179 2491 2328 2682 1651 1977 227 916 2792 1063 2042 2310 517 1770 9 1211 887 1239 1367 1566 114 118 2065 1470 1531 919 1769 952 1354 2097 2379 567 515 748 1851 1368 1791 1585 819 1667 2575 382 2711 1854 808 1970 778 2778 2225 2488 763 875 1210 2304 930 2723 2729 928 1657 923 311 975 2459 2349 579 1154 492 982 1528 2793 512 7 1271 2416 2026 566 528 151 2618 2559 1209 513 25 2658 1255 986 2150 701 69 809
000394.jpg,196 353 98 2474 776 2361 869 2334 1864 2462 1819 1963 1625 276 871 585 1643 910 2353 2081 1042 2256 2067 1402 233 701 781 2103 2027 809 153 381 2001 206 2426 69 1600 1751 1633 883 416 2582 1204 247 282 343 765 2264 1403 1344 2485 2157 2336 14 1985 2603 862 66 2110 11 664 1245 873 265 1973 2434 1745 1136 825 1246 2012 2391 2536 1528 2132 1077 1997 1519 652 929 779 1574 1121 2147 1152 1036 318 9 515 1579 450 1772 303 2551 1778 2170 2405 827 400 2661
000395.jpg,561 2236 2053 1921 27 2061 1475 1037 1124 2402 1647 721 1972 726 1273 1050 1395 1756 1216 1140 314 999 1317 655 331 1635 390 1715 1967 1303 391 1918 805 1755 936 1612 1008 430 402 1187 1648 2406 478 363 1472 643 1274 138 2429 2407 2301 2693 1506 2698 484 799 1924 471 1438 412 2059 806 534 2470 2611 295 2806 504 344 2465 2505 1011 1048 822 2137 1021 200 618 2316 2017 533 1240 1662 653 1299 580 159 31 326 1293 455 1262 927 1655 1831 408 49 2773 1730 2279
000396.jpg,290 1506 2025 2669 1787 192 207 61 225 383 2396 1781 1141 2794 2070 1481 418 1274 1780 52 346 1924 654 653 838 49 2285 1262 455 1127 2821 1140 1216 408 780 209 139 2244 1465 344 806 534 356 296 1282 245 2091 2164 239 786 2173 525 1662 2280 1941 1472 2690 2467 2232 2429 2687 389 449 999 1843 484 1505 363 1356 1299 726 2531 2059 758 131 478 2470 2565 495 1022 216 1918 53 402 1875 268 113 936 1438 471 391 2311 1568 452 1037 1124 2236 27 2698 1612
000397.jpg,290 346 1662 780 806 534 52 786 418 1481 1022 2821 2244 1465 389 2059 2429 484 758 363 471 1438 402 478 2687 2467 2690 1475 1378 936 999 1506 1918 53 1568 452 2505 2465 726 1039 2285 2407 2301 467 1787 108 61 225 207 840 2236 1275 1929 2396 1730 2806 295 2669 2025 192 344 89 753 314 2634 1273 1692 1141 2070 1780 464 1706 2698 383 2765 2398 628 1220 1008 838 2142 131 1472 1941 2794 268 1875 1789 495 653 1781 331 655 1274 2470 455 1262 241 2531 296
000398.jpg,1007 406 2145 1779 1385 1871 1992 2516 1526 1731 1138 2613 1707 2763 519 1645 1800 773 257 742 2102 1442 1325 288 1969 1511 416 2843 2609 535 1894 1527 2377 186 709 2219 410 1079 883 392 1455 1516 811 2331 301 1419 2110 664 2549 1068 821 112 749 2341 937 544 1670 434 336 1718 2730 1110 1005 1783 253 1850 605 1466 338 365 1040 2788 2290 2746 1379 1311 730 2087 2095 881 435 2299 2364 751 648 843 1133 248 1498 2680 1424 1794 94 610 1634 568 2151 1309 800 870
000399.jpg,3 254 1642 2405 2490 2170 1958 2536 14 1985 66 825 765 652 1574 1246 779 929 2336 2157 2426 1745 1136 873 282 2434 2012 2391 1600 2001 233 2256 376 1469 1057 1447 1245 441 1523 2383 16 2080 1483 2317 1449 2019 44 1482 2695 373 845 830 1450 1749 1732 1678 1620 603 2275 1633 1147 1120 339 863 1646 2258 2518 2249 1073 1914 2754 575 2395 2785 276 1244 393 2136 1672 2437 1836 871 1152 1036 318 1535 291 832 256 2593 2361 540 761 1691 1016 2485 2359 1462 1183 2734
000400.jpg,2294 1056 1944 1055 2728 2207 137 1212 2741 2135 899 204 725 1825 1606 116 79 686 1067 1076 1463 2068 722 2665 2842 1935 2286 1464 1940 1986 97 2248 2511 1547 246 1134 2580 165 1452 2435 447 1899 804 2041 2813 2305 2766 2825 2558 1937 2382 1639 2393 948 1777 1874 2719 1130 692 657 574 2057 2291 494 1185 329 2598 2436 1868 140 2708 350 1223 677 2292 2736 790 2319 974 146 2809 1876 1721 647 2683 1841 682 2438 2639 1962 1126 2569 1592 491 12 1473 362 2258 442 2427
000401.jpg,2150 1255 986 1757 123 882 839 1049 932 1521 698 955 2387 372 2657 2617 637 928 1657 2729 1249 930 1041 1754 1038 2421 334 1541 750 1603 820 2117 743 802 1431 1236 1886 2267 2380 36 733 1477 500 2778 2333 997 1904 2507 1553 1430 1699 2308 521 2423 1793 2568 901 1588 1132 2379 1256 866 1499 1851 2428 1429 2629 340 1189 323 2047 370 1682 1479 1387 2318 1949 427 571 432 1053 681 536 2415 2217 2798 2539 1791 311 875 1210 2818 1252 951 2015 1834 1944 1254 2404 1235
000402.jpg,1593 1590 895 93 614 1137 2072 2409 2066 1213 1166 1928 545 1087 898 714 304 2113 1207 832 291 1535 1558 2178 1019 2546 1115 63 2022 540 1257 1389 2242 1786 1971 2260 1300 1561 1346 2129 1353 2784 1883 617 483 1427 1689 240 2542 634 24 2143 1533 2579 1597 1093 2323 2430 1334 2277 1801 853 374 2317 2540 341 949 789 1394 1898 1343 2737 407 646 465 1631 783 426 581 1197 1333 376 499 2024 1483 2238 766 2054 1298 2114 572 962 1798 727 658 589 2759 91 2235 792
000403.jpg,2011 645 1054 2707 1623 1679 1328 1663 1444 947 445 1649 2767 1045 2130 2840 1617 1422 1544 169 2837 1552 2050 735 712 2439 179 1381 2836 1782 1029 2241 1658 440 550 1993 1840 1218 1051 1261 2352 2628 194 1640 305 51 463 155 2735 1489 562 197 1253 2631 2649 2287 319 2375 433 1775 1870 1369 860 1417 1701 1710 2721 663 1948 1096 1416 518 2714 480 2289 2538 1569 715 659 2454 2769 2046 992 1897 497 1586 26 2650 100 134 1788 925 1362 439 64 965 1486 1437 900 48
000404.jpg,67 627 1810 2509 1406 1012 249 1001 2121 2350 2583 1075 202 1944 1055 404 1609 895 1590 93 2294 2224 1195 378 1594 1869 2057 574 2291 494 2728 1928 1166 191 1165 2302 1825 725 2409 2435 2207 2161 677 657 359 2580 1842 2663 18 2 2719 790 1899 2622 1557 1390 1056 835 2708 1452 140 1868 339 863 1646 1986 1940 2323 1334 1707 2843 288 257 883 1325 146 1223 686 315 1759 2355 1230 1231 1227 2410 1228 1241 1233 1254 2404 1252 1251 1371 1250 1249 2405 1247 1246 1245 1244
000405.jpg,1506 383 2794 1781 2669 2025 192 207 225 61 2070 1787 1141 2396 2164 239 2091 455 1262 654 1274 2173 49 139 209 838 245 2280 525 1924 408 1780 296 356 1282 290 653 2232 1127 449 1505 1299 2470 1140 1216 113 2311 1356 27 1481 418 52 346 344 252 216 1472 1843 1248 625 2531 495 131 2285 2565 2821 822 2137 726 2244 1465 534 806 786 780 1662 1941 999 1568 391 268 1875 241 389 1037 1124 2690 2467 2687 363 758 2429 1435 679 484 1022 504 295 2059 471
000406.jpg,1083 636 2807 1318 1536 732 620 2278 1702 181 582 546 2643 42 2386 759 2116 1726 2761 2048 1768 1797 1458 398 270 1221 2476 285 2678 6 1283 2522 45 1064 2056 2720 2442 2263 1882 2562 644 2188 540 2503 1198 2101 1525 1371 2623 1596 40 851 1960 474 1260 1591 971 2197 592 1880 1802 43 1199 2498 387 2572 2141 661 2425 2168 762 2688 807 785 2261 617 2194 205 423 752 1561 783 949 1084 481 1517 462 2733 2359 1108 2242 183 2079 2160 1280 1979 117 1365 476 1013
000407.jpg,802 429 2078 1492 142 555 868 878 1888 1053 554 176 1890 1562 681 2029 289 2786 2227 979 340 2668 1033 2743 1886 1393 743 1132 1588 1256 2108 2384 2451 21 886 417 597 1686 1418 62 1430 1553 1699 361 1398 432 332 866 536 2333 199 36 1431 2423 1065 1236 893 1268 733 2267 2380 78 292 302 2117 680 571 901 500 1793 2568 1499 2217 2415 427 865 988 193 121 1949 569 2090 640 1272 13 2671 2520 2210 1952 1399 964 2038 1754 1041 2421 1038 2839 2808 1266 2335
000408.jpg,2294 1056 1944 1055 2728 2207 1825 725 1212 2741 137 899 2135 1606 204 116 1986 1940 1463 1935 165 447 97 2825 2766 2041 686 2558 1076 2842 1130 2286 1464 2305 2580 2719 2248 1452 246 1547 2511 1134 1067 79 2435 692 2319 1899 2057 494 2291 574 2665 2068 722 350 2292 2736 2813 790 804 1962 1937 2382 1876 2809 1721 1841 2393 948 1639 1473 12 657 1874 1777 677 1223 1126 362 2258 140 1868 442 1185 146 1001 2350 2121 217 1330 2583 2639 1942 1408 271 2440 974 647 2683
000409.jpg,2533 1728 2320 1149 293 757 29 2673 2172 286 1231 2787 2021 2756 754 2024 1533 426 218 2430 1689 2472 1984 1312 1597 2143 24 634 853 184 2260 967 1804 1719 2054 2638 707 1478 646 1849 2354 213 2296 792 2235 91 2408 2540 1383 1296 119 80 739 485 1951 1175 727 589 658 135 558 2413 2295 2390 2744 1529 1733 499 1593 1265 1448 2224 1306 1334 1394 1867 1722 1427 1426 2000 1106 1559 529 395 2644 572 962 1798 1137 2072 614 2323 803 1361 1451 1087 714 1558 1207 251
000410.jpg,757 1728 1231 2533 2320 293 1149 29 2673 286 2172 2024 1533 2430 1689 754 2021 2756 218 426 2787 1597 24 634 2143 2472 1312 1984 853 184 1804 1719 967 213 2295 558 135 2413 2408 2638 2260 707 792 91 2235 2296 739 1296 80 119 1383 1593 1849 1166 1928 2409 1478 2054 1448 2354 2224 1265 1175 485 1951 499 465 646 2540 1733 2744 1590 895 93 1529 2390 1269 1306 727 589 658 2615 540 2493 2324 1867 1722 1394 1389 2247 1207 714 898 1558 395 2644 529 2366 2072 1137
000411.jpg,727 589 658 1334 1306 1533 485 1175 1951 2323 2054 1137 614 2546 1115 1389 1197 2072 1207 304 2113 2540 646 2542 1801 2277 1087 2178 1427 1213 2066 962 1798 572 1593 545 803 2000 1558 1394 251 714 1106 1559 529 2579 1928 1166 2409 1597 853 2040 1900 364 1257 60 1304 737 101 215 436 989 895 93 1590 761 2114 1361 1451 2381 898 374 617 2644 2249 2497 1786 1971 581 1103 1230 395 426 2759 2787 341 634 2143 24 1685 954 75 198 1689 1683 540 1631 1333 757 182
000412.jpg,752 1144 2677 281 629 1113 2823 396 2627 205 423 1183 2359 1462 1625 1171 2567 1153 1865 897 2751 1761 2109 1214 22 1227 2071 1933 1790 2194 1032 189 2060 2261 1591 829 104 894 2554 2153 419 476 96 956 761 2249 669 815 1987 115 1995 38 1632 2506 474 1744 2162 2726 1962 442 2168 661 941 84 1130 1927 106 291 832 1535 540 481 2841 1139 1541 2387 750 820 334 1603 1098 1321 2156 1593 2494 2573 2750 1044 2555 834 2058 1727 2317 785 2141 167 1423 1641 1277 2542
000413.jpg,503 711 633 2773 1680 772 2322 1335 2228 1746 2592 2250 2814 2052 2028 532 2193 1956 1376 602 1332 671 1704 261 2199 872 740 2237 1111 1852 847 649 1339 152 1774 354 2742 238 330 2099 1896 972 734 1297 523 28 2177 2552 726 2674 1563 505 1293 1097 159 1275 1730 2806 1929 2687 1118 2716 1532 31 580 326 1822 2597 2764 504 295 1240 1885 1099 1650 999 587 2119 696 1961 655 331 1741 1314 1135 2819 458 1117 1050 314 2053 1026 2062 2181 2610 175 2236 220 2191 1708
000414.jpg,2755 2023 747 2045 1584 258 770 1320 2545 2034 1796 2556 2272 2713 1496 2433 201 1860 1096 1416 1569 715 1636 1965 1316 2721 48 1453 1490 2815 100 1948 2309 2376 1901 2075 1855 2373 439 562 2134 992 2046 1586 497 64 1485 2352 1897 1362 157 1051 1218 1261 194 2628 51 305 1640 996 2530 2069 1146 950 1752 345 155 1491 161 1895 769 2692 1623 1679 2707 2631 1407 1319 611 188 1710 1701 860 1993 918 708 26 1870 2649 1054 1328 1278 1307 1360 1234 1358 1238 1295 1355 1294
000415.jpg,969 2524 2104 1242 1349 273 1215 961 2226 2801 912 1264 2208 41 2138 2517 1652 2231 616 2131 591 1812 1618 2339 697 2175 2298 1684 2710 1278 2340 1540 2529 143 2619 352 1181 1539 1564 2709 1837 716 2205 2675 237 718 2473 2781 1440 1630 1587 527 651 1295 991 1807 1572 234 913 1445 1129 685 1988 2692 1360 511 345 1514 1101 386 1 2727 1520 958 46 30 1025 2444 2399 2213 2530 996 307 557 2363 2460 687 2271 551 342 1059 892 1811 1355 1167 1491 414 147 577 2595
000416.jpg,222 1436 1504 2218 1790 1933 2071 2512 1305 2362 1052 2096 935 836 897 2355 850 2645 1321 1098 2156 1638 2750 1709 1806 2201 1736 2450 755 2342 2432 796 1911 2691 144 320 1200 1479 1387 1682 2318 2420 99 2452 372 823 1621 1006 443 2642 2587 595 208 396 2627 399 1510 281 2677 1676 1865 2655 2446 2823 666 599 1047 612 2098 2747 1717 1145 1976 141 461 477 2074 1599 2537 731 2126 1160 2469 401 453 1628 2194 1227 908 669 1044 476 1761 1267 2593 2147 256 73 2163 981
000417.jpg,48 100 715 1569 2721 1796 562 64 439 2034 2545 51 1640 305 2433 155 2713 1490 1453 2376 1901 2309 201 1860 1416 1096 2631 1948 2556 1496 2272 2650 231 1316 1261 2628 2289 2454 194 1051 712 1218 925 26 2352 1369 1870 1897 2538 518 2815 1636 1965 348 2649 2714 1586 2046 497 992 1362 663 2023 1617 1422 1840 2439 1544 2837 169 1381 1782 2836 1710 2769 2767 2045 1584 1658 1417 480 1045 2130 2241 550 1444 1663 947 1993 1649 1788 179 1328 860 1701 440 1489 2755 747 1253
000418.jpg,1083 582 546 759 285 1221 6 1891 2643 1702 732 620 1260 2816 1723 181 807 1570 1882 1797 2346 1916 475 1697 2666 650 1318 636 2807 1536 1605 2278 2171 2043 2810 2476 1858 922 820 2261 2841 298 1603 42 1188 122 2194 2152 2502 37 2168 1761 1456 1153 334 750 661 468 411 372 1227 1284 829 1285 2768 1397 420 2425 973 448 2167 2048 2761 1768 956 2313 669 229 476 459 594 1139 1953 2494 148 270 1541 1763 2268 1738 1199 1283 2521 2116 1591 1198 2386 1400 2620 1922
000419.jpg,52 346 418 1481 290 2821 1662 806 534 786 780 1465 2244 2059 389 484 2429 758 471 1438 363 2690 2467 1022 2687 478 402 936 1475 999 1378 1918 2285 53 1568 2465 2505 452 2301 2407 344 726 1039 1275 1929 467 1506 108 840 2236 314 1692 61 225 207 1730 1787 89 1941 1472 2806 753 2765 192 2396 1706 464 295 2634 2698 1008 1273 2025 2669 1780 628 2398 1220 1216 1140 1789 331 655 653 838 2611 643 1141 430 1274 2070 495 1282 296 356 1612 209 139 131 2531
000420.jpg,2153 894 2554 419 96 1632 2060 189 1032 106 1927 205 1625 481 752 1987 815 2823 2401 2313 941 84 565 1844 506 1286 171 2612 2216 1288 1363 1703 309 1217 333 856 1171 1214 2109 2567 22 621 1365 2571 2831 1336 1013 1251 785 2197 2705 300 1865 1560 1364 861 2425 1064 2056 45 2522 762 1315 468 1858 2160 2079 1277 1727 2555 1044 834 423 761 1227 2194 959 1749 1907 183 1425 2116 1108 2751 1449 2141 2791 2030 1726 42 1153 2261 37 476 669 1199 1090 922 1057 1763
000421.jpg,2152 2502 1113 1605 1525 1371 1866 815 1987 941 84 1144 2623 1139 1084 909 1280 481 1953 2348 214 1602 1198 2263 2841 2572 2115 1616 1696 244 2141 117 2101 205 594 1477 1205 474 275 2678 327 1184 2030 1979 2791 1927 106 2503 2203 2494 785 1960 40 851 1891 2303 1591 183 1659 1502 1687 2245 907 1922 2620 1400 270 621 1232 398 1458 1283 281 629 2677 1641 1423 1032 2060 189 1365 2197 1726 1471 924 1487 2386 905 1263 2179 1425 96 1632 423 1488 2514 2627 396 510 1768
000422.jpg,2520 2210 640 13 1272 2671 1949 1041 1038 2421 1754 2578 828 377 1337 2083 1910 323 2032 56 2539 2798 729 2828 2428 1429 2629 933 672 2570 1764 370 2047 2602 1668 1374 1189 2839 2795 2335 1329 865 1249 2221 1070 2120 2031 2640 955 698 839 932 1049 1521 1399 2038 964 340 358 802 536 2108 597 1686 1418 1952 2415 2217 571 1266 2808 1886 1793 1065 1132 1588 886 2568 681 432 2333 901 417 1477 2078 142 1492 878 1888 1053 743 868 429 427 1236 554 555 2380 2267 176
000423.jpg,2624 1114 931 1845 848 702 1830 126 835 1235 522 903 1767 2388 1107 2667 1908 297 1340 768 284 688 2276 990 502 2471 2601 1323 103 578 1186 1821 1720 1608 684 1413 2314 65 250 1975 1391 1254 1310 1512 2496 211 2532 369 1989 1460 2663 2 2561 18 1842 601 70 2823 767 277 2510 431 1035 2077 2478 2346 1916 475 5 1515 1125 2777 1753 1759 315 2757 1390 2622 1557 1839 1723 191 2302 1165 2772 962 1251 1252 1255 1250 1249 2395 2405 1247 1246 1245 1244 2404 1256 959
000424.jpg,803 101 436 737 215 364 1900 2040 2381 989 251 341 2000 529 2540 1106 1559 1394 2114 1427 395 2644 374 581 1786 1971 1801 2277 2504 1361 1451 646 1883 1257 2546 1115 1898 1230 2579 1357 1300 1798 962 572 545 2759 2054 2787 39 328 1683 2178 1818 2323 2113 304 2288 2281 407 1334 1213 2066 1389 2238 766 1353 2784 1180 1533 1093 926 564 614 1137 76 2242 2495 230 1306 485 1951 1175 2224 1091 739 2072 483 658 727 589 1207 789 1996 777 1558 714 1087 898 1231 240
000425.jpg,2573 2494 1113 1144 2677 281 629 1471 1487 924 953 1687 2620 1400 1922 2179 907 1502 1979 327 396 2627 1184 2203 594 510 1641 475 2346 1916 117 38 1995 115 1397 420 2768 2303 275 1198 2791 148 1738 2521 1488 214 1953 1602 2348 1139 2841 298 2101 1423 2359 1183 1462 543 2245 2222 1661 1866 1080 1744 2726 454 20 167 2162 1205 1659 2030 946 1380 423 84 941 205 690 1537 23 1973 2132 650 2666 1267 2171 1285 973 1084 1232 1570 1723 1960 40 851 1591 1426 1371 1525
000426.jpg,2268 2167 459 1697 1570 1456 1763 1090 37 1308 1082 1188 1284 922 411 122 1267 298 586 1285 973 1006 1891 448 6 2816 443 1723 285 980 1884 2118 2666 650 2706 1015 1610 690 1221 2043 468 1858 759 2810 2171 807 2791 1260 1761 2030 1537 229 1916 475 2346 1380 275 956 2643 546 582 1080 2168 2313 629 2841 1153 946 2627 396 1227 2261 117 1882 1979 2494 281 2677 2303 820 750 334 1198 829 669 1425 23 1865 327 661 1184 1603 1702 2222 1083 476 2194 2593 420 1397
000427.jpg,2185 1375 1234 2174 2327 1539 1930 1575 2801 1129 1034 264 2092 2186 2833 2844 2473 2298 2484 493 133 2226 2330 741 2269 1392 1792 2517 2175 2662 2125 1580 1694 2063 1735 2797 2584 1411 57 2616 2229 352 280 1724 2455 1009 837 2189 2139 299 1814 2576 2710 2709 2371 2461 2418 2548 689 667 1278 687 1684 2481 2004 1294 1446 665 795 1925 1982 1665 2374 1758 2456 570 2403 1816 1366 1480 1279 746 403 1619 1159 1861 1270 143 2529 958 1664 1939 2838 1360 210 2619 1215 2541 879 1863
000428.jpg,540 1535 832 291 1689 2129 1346 29 2673 24 634 2143 2533 739 1593 1597 1149 293 2320 2172 286 2021 2756 754 426 2430 1804 1719 1561 617 1231 853 1728 2024 1091 949 777 1996 2242 230 2224 783 2787 757 218 967 1343 2737 1093 926 564 940 1004 1298 2281 2288 1434 792 91 2296 2235 2542 2112 341 1180 2495 1818 76 1999 39 1019 1631 1898 184 1357 1849 707 465 2022 63 2354 1478 2638 407 2472 499 1984 1312 2408 2238 766 2260 1533 213 2744 1733 1103 1257 1786 1971
000429.jpg,238 28 2250 2552 1563 505 671 2181 523 2028 532 2191 2819 152 2500 2681 458 2592 2052 503 2283 313 2716 1956 2322 175 1339 633 711 772 2193 1827 1680 1704 734 1896 602 849 696 2674 120 1111 2237 2365 1332 2370 81 1532 2177 740 705 1708 847 2773 1376 2228 2479 1746 1741 587 2689 2557 972 2814 92 2534 2099 330 2119 1335 2742 354 872 1543 1917 261 1010 2527 890 2306 1873 2265 1955 1314 2199 649 1852 963 1164 1774 2789 968 162 1109 699 1117 2764 316 1182 2799
000430.jpg,767 277 1938 1443 1833 1747 2686 889 2496 431 2510 1980 2685 2532 211 1460 2702 2315 1989 369 1839 70 2622 1390 1557 1035 2818 951 2757 1759 315 2015 1252 191 2302 1165 1834 2561 2161 2478 601 2772 2 2663 2077 2777 1753 1125 1842 18 269 1548 1413 578 1391 1721 2809 1876 274 526 1473 994 12 864 608 508 126 2276 2471 990 502 1908 2601 1012 1406 249 39 1357 684 2388 1340 250 1975 1767 284 1233 1232 1231 1230 2410 1836 1228 1227 1226 1225 2409 2218 1223 1222 1221
000431.jpg,133 2374 493 1234 2174 2004 1792 57 1575 280 1758 1580 2327 1947 2125 689 1930 1861 1279 210 1196 1392 2456 570 1665 2418 1034 756 976 2186 1358 793 1859 366 859 797 2461 548 422 2330 1724 1276 746 2838 1375 294 2672 1664 1072 2184 2229 1765 2548 2541 421 588 228 2590 583 1081 1497 2694 1030 1457 2513 704 2332 2123 263 1776 656 1229 2662 77 2749 801 720 1542 2321 706 2356 1887 1551 2039 1191 2739 1877 2206 1193 885 2659 2581 1043 857 934 203 880 154 1350 1059
000432.jpg,1113 1144 2502 2152 2677 281 629 1605 1866 986 1255 1757 882 123 1184 895 1590 93 2627 396 1602 214 2348 244 1696 1477 2115 1616 1462 2359 1183 2494 2203 1940 1841 1986 117 1971 1786 941 84 2030 1659 594 2791 1502 909 1371 1525 907 1927 106 1137 614 1400 2620 1922 815 1987 205 1953 1139 1960 851 40 1232 2101 1434 189 1632 96 1032 2060 1423 1641 946 1979 1380 2303 2197 1197 2542 1166 1928 1425 2207 1130 2258 1825 1962 725 442 2558 2506 165 2728 362 2409 481 2521
000433.jpg,1506 2025 2669 61 225 207 192 2070 383 1141 1781 2794 1787 1780 2396 1274 1924 654 1262 455 1127 290 49 838 408 2164 239 2091 139 209 2173 653 245 525 1282 356 296 1299 2280 1140 1216 2232 1505 449 2470 1356 1472 344 216 418 1481 52 27 2311 113 346 391 2531 625 1248 1124 1037 2821 726 2244 1465 1662 806 534 780 786 252 1843 131 2285 999 2565 2690 2467 2053 2137 822 1435 495 2429 679 363 484 1568 1022 295 389 2059 1875 268 1612 799 2687 1941 643
000434.jpg,1057 16 1447 44 1749 1469 1483 376 2317 1449 2249 761 2437 1672 1836 1914 2275 1620 603 751 2785 1732 1450 830 1990 1073 1631 1678 2700 2258 863 1646 339 832 291 1535 441 2383 1523 676 2518 1120 1147 2180 1224 1713 1116 1178 1856 2111 1476 2745 88 1714 465 2695 2202 1244 393 2136 683 1838 47 2080 576 2441 1346 2129 1561 60 1103 845 373 2547 1482 310 2190 1044 834 1727 2555 34 2422 2523 2827 983 1999 95 824 132 695 1176 540 1277 1743 596 1016 1197 2016 2019
000435.jpg,2749 2740 203 154 2468 342 1059 551 1629 1524 133 2374 493 2431 814 385 2444 1375 127 1947 2783 1025 472 2403 1803 2548 1520 2727 2710 147 577 2595 2175 1 1167 1355 1811 1509 1480 1366 1816 1278 1196 537 1792 795 1660 2633 2607 976 226 2266 1421 1234 57 2125 2004 689 1291 267 1238 1358 867 307 2460 2363 557 2094 1530 160 1078 2513 1758 548 2820 366 797 859 891 1863 1930 2709 2184 422 2013 280 2399 756 1861 2385 1279 2327 2781 1101 2672 641 2174 150 2213 262
000436.jpg,2512 1504 2218 222 1436 2362 2355 1305 850 320 1790 1933 2071 2691 1911 796 1200 1052 144 1479 1682 1387 836 2096 935 897 2750 2156 2645 1638 1709 1321 1098 1806 2201 2318 2432 2420 2450 1736 755 2342 99 1676 372 823 2452 208 595 2587 1510 1267 399 2655 1621 2593 2642 2074 1599 852 1718 2446 1717 380 2469 731 2126 666 599 981 2163 1976 1233 437 1160 73 453 1628 2537 2147 1145 1872 760 401 908 177 2829 2122 256 1119 443 1006 1978 461 630 1946 477 2679 1903 2262
000437.jpg,2843 257 730 1466 338 1325 1707 1526 2516 749 1385 406 2145 1779 1068 1670 112 821 811 1379 1871 1511 1969 937 2102 1442 392 1992 2151 1850 1005 1079 288 1110 1455 568 2299 2243 2519 435 610 1007 365 1040 410 605 1527 2377 1634 2788 336 2290 2746 1142 1138 1731 1131 1498 1783 1243 1794 2680 253 1309 2341 678 773 2613 2730 2095 648 2087 535 2005 544 1573 800 881 416 1424 717 2763 519 673 774 870 1913 2006 1174 1516 2560 1581 2830 1020 2251 855 2492 2697 1645 1800
000438.jpg,2510 431 70 2561 2772 2077 2478 2777 1125 1753 2161 1839 1035 1557 1390 2622 1759 2757 315 2302 191 1165 2818 951 601 2015 1252 1834 2 2663 1842 18 767 277 2315 1833 1443 1938 1747 2685 1980 2702 2686 889 1460 211 2532 2496 1989 369 2471 2601 990 502 1548 269 1340 1969 1511 2102 1442 1323 103 522 1608 1821 1720 1845 1075 202 297 284 2667 578 684 1908 2434 282 1767 126 2276 1012 1406 249 1235 882 1757 2507 123 1904 997 2150 1413 1391 688 1186 2314 1114 2624 1107
000439.jpg,1656 2501 2044 1934 817 2817 2528 2411 1644 1624 2034 2545 1796 1926 439 64 85 1405 2790 188 48 201 1860 221 2300 943 100 2713 562 2721 305 51 1640 2309 155 1102 635 987 1569 715 1407 2433 2832 312 2631 1319 611 1901 2376 1948 1416 1096 1490 1453 2045 1584 2023 518 2289 231 2650 1386 547 556 1897 1840 1993 2755 1788 2538 663 2082 2270 1362 169 2837 1544 2439 2628 1045 1190 2574 1649 2815 659 2272 1417 1870 2050 735 1586 497 2046 992 1422 712 1617 747 440 2649
000440.jpg,1583 2252 227 916 998 2042 2310 1063 2792 517 2065 1579 841 2682 1651 1578 1211 1791 118 1977 1566 1239 1367 2328 1179 2491 567 1920 2647 945 639 808 114 9 1368 1770 311 1210 875 2304 515 923 1271 919 1769 952 1354 1970 778 382 2711 1854 2349 1851 887 1470 1531 2488 2097 763 748 7 151 2379 2793 2416 975 528 2225 2723 579 2778 982 2618 2559 25 1209 513 2658 2575 512 930 2459 566 2026 1154 492 928 1657 2729 1585 1667 819 1528 2256 2001 2391 1600 2012 2423
000441.jpg,2185 1411 2584 1129 2298 2517 2271 1440 143 2529 1694 958 2616 718 1684 1514 386 787 2481 1445 697 1360 810 2619 1294 1446 665 71 30 638 1215 1112 1630 1939 1258 1270 2801 414 2246 795 2104 1242 2524 273 969 2363 557 2460 2473 1278 511 2339 1735 879 1295 1807 991 2709 127 1349 551 342 1059 1 1025 1549 2175 2710 2269 2092 2771 2833 1539 2399 685 307 1520 2727 472 1619 352 1947 1358 133 976 1863 537 2138 2444 2731 2371 1373 641 741 1480 1816 1366 2576 642 846
000442.jpg,1145 72 2009 2636 816 1688 2122 177 2829 2274 1808 2679 1903 2722 172 477 1163 1085 823 1241 1976 2163 460 1628 453 399 461 1100 1717 1404 1155 1089 1872 760 380 437 1233 981 2074 1599 401 2577 1784 1160 1510 73 1415 164 156 2775 2655 694 731 2126 2469 174 2055 1023 2587 208 595 141 612 2747 2098 99 1047 2282 631 1290 1518 2596 2064 1017 2642 921 1909 1613 662 2537 666 599 2446 2392 2452 2049 2782 1621 2796 2140 660 2259 360 144 607 1879 320 1200 710 530
000443.jpg,956 1882 2268 2167 459 1761 829 1267 1153 1697 448 669 2168 973 661 298 1570 476 1285 2823 37 167 454 1763 275 1227 2261 1541 820 1090 115 38 1995 20 2494 2222 1308 1082 1221 2476 690 2706 2162 2387 334 750 181 1188 2593 1797 546 582 922 807 2194 1865 285 1400 2620 1687 1922 586 1006 1015 1610 122 1260 1880 1802 2726 1744 1603 2425 6 1456 1284 946 1380 971 732 620 42 796 1911 2691 468 1044 1661 1703 1363 1288 2216 1858 372 980 2118 1884 411 443 1199
000444.jpg,2623 1525 1371 2263 2678 1280 2572 1084 1726 474 1198 2498 387 1596 2386 43 1199 1880 1802 2688 762 1458 398 971 2188 2562 2048 1768 2761 644 909 2720 2442 1318 636 2807 1536 2101 2116 2503 270 1205 1283 1979 2278 275 117 1591 42 2197 1144 1083 300 183 1108 905 2141 2245 1866 104 1987 815 907 941 84 2571 205 2303 2476 620 732 1702 1659 1263 423 327 1687 1641 2030 2791 2514 1797 181 481 1922 1400 2620 2359 1750 946 2425 2643 1380 785 1113 2705 582 546 1423 1995
000445.jpg,751 1678 1732 1450 830 603 1620 2275 1073 1147 1120 863 339 1646 2518 2136 1244 393 2695 2383 1523 441 1482 373 845 2080 1016 2395 1057 584 2019 16 676 1449 1469 1447 1691 376 575 2754 44 2249 2258 1483 2317 1749 761 2495 777 1996 2224 76 2359 1183 1462 1091 104 230 739 1180 1786 1971 564 926 1990 2180 47 1838 1257 2036 1601 2843 683 1357 1707 39 257 1116 1713 1224 2437 1672 2700 1818 1836 1714 2288 2281 1325 1526 2516 269 1548 288 1779 2145 1385 406 1914 946
000446.jpg,540 949 1561 783 617 1346 2129 1535 832 291 1343 2737 940 1004 2242 2112 1298 1999 1434 1019 1631 1093 63 2022 2542 1103 310 1228 2827 2111 1856 1513 1847 1161 1785 60 1795 1773 2441 2238 407 766 777 1996 1091 1197 1898 1760 1712 182 499 198 75 2656 1693 2149 149 1914 341 1304 2785 95 2317 2016 1743 328 2497 954 1685 824 596 132 1176 695 2504 983 230 2547 576 2190 1483 376 88 1476 2745 1683 895 93 1590 1333 1672 2437 1593 2202 1257 1786 1971 232 1945 520
000447.jpg,2792 2328 2491 1179 1579 1920 639 2647 945 9 515 887 1977 1578 841 2682 1651 998 1470 1531 118 2252 1354 952 919 1769 1063 1770 1791 567 2065 1583 808 975 923 748 1851 114 1154 492 2304 1854 2711 382 2459 1585 1667 819 2379 517 875 1210 2488 2575 2349 2778 579 7 2026 566 1368 311 2793 778 1970 1271 513 1209 2097 25 2416 2658 512 528 151 2225 2723 1239 1566 1367 2559 2618 1528 930 763 1211 227 916 2310 2042 982 1657 2729 928 1402 1344 381 196 1519 2147
000448.jpg,1579 945 639 1920 2647 2328 2491 1179 841 1578 2252 1977 2682 1651 2792 998 1583 9 1063 1770 887 118 114 515 1470 1531 2065 952 1769 919 1354 517 567 1791 1566 1367 1239 808 1851 1368 748 1667 819 1585 2379 2488 2575 916 227 923 2711 382 1854 2778 2097 2304 2459 1970 778 975 1211 875 1210 492 1154 2310 930 2042 579 2723 2349 2225 311 763 1657 928 2729 1271 7 566 2026 512 2793 1528 528 2416 151 982 2559 2618 1209 2658 513 25 1402 1344 381 2150 1255 986
000449.jpg,540 1535 291 832 2129 1346 949 783 1298 2737 1343 940 1004 1434 2112 617 1561 1999 1019 2242 1631 1103 2022 63 2542 198 75 1712 1760 182 60 2497 1161 1847 1513 149 954 1685 310 1333 1304 2827 1795 1773 1785 1093 2566 520 1945 232 1228 1197 2521 148 2441 1693 2149 2656 93 895 1590 2111 1856 2317 510 1738 1488 2573 953 1593 1743 594 2615 19 1471 1487 924 499 558 135 2413 2295 1257 2354 1914 407 766 341 2238 1898 2785 1448 1478 2016 1971 1786 376 1483 1733 2744
000450.jpg,370 2047 1189 865 2090 569 323 193 121 988 2032 56 2415 2217 427 2568 1793 1521 698 955 571 2640 1399 964 2038 729 640 2031 2120 2221 1070 2671 13 1272 358 901 2210 2520 536 1041 1754 1038 2421 828 377 2578 1910 340 1065 1952 2570 2795 1266 2808 2335 1329 2798 2539 2839 1949 1236 2380 2267 500 1337 1268 1764 839 1049 932 1499 2828 933 672 743 332 1429 2629 2428 2333 2083 1249 1668 2602 1374 1588 1132 1886 1699 1553 1430 432 2423 1256 886 1418 597 1686 417 2108
000451.jpg,1993 1045 179 2767 2130 1328 1663 1444 947 1422 1617 2241 1623 1679 2707 1218 1051 550 1381 1782 2836 1054 1658 1649 1261 2050 735 2837 169 1544 2439 712 2011 645 2628 1840 2352 440 194 445 155 2840 1552 1640 51 305 1489 1029 992 2046 497 1586 1710 562 1897 1096 1416 1948 860 1417 1701 1362 2721 2769 2375 433 663 547 1386 197 480 2631 2289 2650 2714 463 556 1569 715 2270 2082 518 2538 2556 2649 1369 1870 2815 2454 100 134 1496 925 26 2272 348 1775 965 1860 201
000452.jpg,823 73 2074 1599 380 437 1233 399 2163 760 1872 981 453 1628 1510 401 2587 208 595 461 1976 2655 477 1717 2829 177 2122 1145 816 2055 1903 2679 2126 2469 731 1047 1163 1085 99 1160 2747 2098 612 1023 141 2577 164 156 460 2009 72 2636 694 1784 1415 2775 172 2722 1241 174 2512 320 850 1200 2691 796 1911 1305 144 2274 1808 1688 2355 222 1504 2218 1436 2362 1155 2156 897 2750 2420 1098 1321 2645 836 935 2096 1089 1100 1052 2318 1404 2642 2446 2537 599 666 2432
000453.jpg,2043 2810 2171 2816 650 2666 807 1723 1260 1891 411 475 1916 2346 759 922 1697 2841 1456 1188 2643 1858 6 820 1603 1763 1284 750 334 1702 37 122 2167 468 2268 285 1541 732 620 1221 1083 1153 546 582 2313 459 1570 1090 229 181 2387 1797 1761 1139 1308 1082 372 1884 2118 980 1227 2261 1865 2476 476 298 1015 1610 1882 1605 448 2425 1953 586 1006 829 973 1397 420 2768 1267 1285 148 2194 661 669 2168 953 1560 2502 2152 2823 443 2494 594 214 1602 1866 2348 924
000454.jpg,1749 16 44 1447 1057 1483 1469 2317 376 2249 761 1449 2437 1672 1836 1914 2785 1990 1631 2700 832 291 1535 1178 1476 88 2745 2202 2111 1856 2180 1116 1713 1224 465 1714 1838 2258 683 60 576 676 1103 47 2547 2129 1346 2441 1044 1727 834 2555 1561 1277 2190 603 1620 2275 95 1999 983 1743 596 540 34 2422 2523 310 695 1176 132 1732 824 1450 830 2827 1073 2016 1197 751 1304 1693 2656 2149 1678 2383 1523 441 2695 339 1646 863 617 1183 1462 2058 1425 1161 1847 1513
000455.jpg,1993 1489 1710 860 1701 179 1417 550 1045 1788 2130 2050 735 440 2767 1051 197 2241 480 1261 1218 1422 1617 463 2628 2769 433 2375 1840 712 1381 1782 2836 2082 2270 547 1386 2454 2714 1369 2649 1658 556 1649 348 2289 925 2538 194 2011 663 1663 947 1444 518 2650 1870 659 645 2352 611 1319 1029 26 445 1552 2840 188 1926 221 169 1544 2837 1640 305 51 155 2439 1328 1405 987 312 635 2790 85 2832 2300 1102 2631 943 134 1623 2707 1679 1407 562 1054 2735 817 497
000456.jpg,817 1656 2817 188 1926 1934 1644 1624 2528 2411 2501 2044 2790 85 2300 1319 611 221 943 1584 2045 1405 2023 1407 1102 2755 1386 547 987 556 2270 2082 2832 312 635 747 197 433 2375 258 463 2289 770 4 626 1320 1545 2034 2545 659 1796 1202 1701 860 1146 1870 2650 26 1417 1710 2649 1369 2454 1788 1489 59 1029 1737 2389 925 2367 348 1860 2713 201 2309 1983 2574 1190 2714 2477 283 1752 480 2735 2631 64 439 1096 1416 48 100 2769 2530 996 161 173 1253 231 769
000457.jpg,2092 2833 264 2484 2269 2455 837 1009 299 2139 2063 1814 352 1539 1815 2844 1159 2576 2797 2371 403 1735 667 1925 1982 1549 2776 1619 741 2189 2403 1589 1122 879 428 2175 1816 2731 2633 2607 1660 90 1863 1366 1480 1349 1338 226 2473 573 17 867 2100 2412 2138 1622 600 1025 1373 2399 2771 2226 2486 317 2727 1520 307 2801 2385 537 1994 2811 2255 2717 1824 2273 1071 1572 913 234 641 2338 557 2460 2363 1 385 2431 814 891 2710 642 846 472 888 262 1238 1291 267 2253
000458.jpg,1583 998 2792 517 2252 916 227 1579 1970 778 2551 945 639 2647 1920 1578 2018 2284 2146 841 1063 2682 1651 1854 382 2711 118 2065 567 2328 1179 2491 1977 2042 1289 1770 2310 1791 9 114 1211 2379 276 808 2008 719 764 1657 928 2729 2778 1851 930 887 2485 1470 1531 1128 748 1354 1769 919 952 1403 247 2097 515 1997 1239 1566 1367 2575 1633 2487 1368 206 153 1667 1585 819 35 2225 2723 763 1351 1534 615 2824 871 1157 190 812 862 1915 1121 2209 1577 1751 914 1493
000459.jpg,1473 12 1876 1721 2809 2051 1439 598 526 864 1555 994 608 274 494 2291 2057 574 1452 508 140 1868 2183 2499 1088 1223 531 2220 482 2435 1056 657 939 368 1725 444 677 2526 1931 2683 2427 647 790 2580 2445 1899 1055 1944 2598 329 2436 1433 2704 2294 1874 686 2639 2089 804 146 2708 1771 2037 2625 1892 2440 1942 271 1408 1677 1998 637 2657 2617 217 255 1330 2719 2319 2207 2728 2248 2813 1443 1390 2686 1980 2685 767 1747 277 2315 1938 2622 1833 1557 889 1606 249 1012
000460.jpg,2821 2690 2467 346 1022 52 2505 2465 363 478 2687 402 290 936 1378 471 1438 758 418 1481 1692 786 389 108 1918 467 2244 1465 780 753 1662 840 806 534 628 2398 1220 1568 2059 2285 484 344 2611 2765 2407 2301 1039 2429 643 1472 2634 89 452 999 138 1730 2806 53 1506 1475 1275 1929 1048 2698 1273 1216 1140 1941 1706 464 1612 1008 61 207 225 1789 1787 726 1274 2396 430 2236 653 192 1780 1124 1037 1026 241 314 2025 2669 1141 782 1018 2632 331 655 2070 2062
000461.jpg,67 627 2509 1810 1406 249 1012 2583 1001 2121 2350 202 1075 1944 1055 93 1590 895 2294 404 1609 2224 2291 574 2057 494 2728 1195 1594 1869 378 1166 1928 2302 191 1165 725 1825 2409 2435 2207 2161 677 657 359 2580 1842 18 2 2663 790 2719 1899 1557 1390 2622 1056 835 2708 1452 140 1868 863 339 1646 1940 1986 2323 1334 288 883 1325 1707 2843 257 146 1223 686 1759 315 1254 1231 2404 1230 1255 1233 2410 1228 1232 1237 1236 1247 2405 1249 1250 1246 1245 1244 1227 1243
000462.jpg,1473 12 1876 1721 2809 2051 1439 526 864 994 274 608 1931 2526 482 2427 255 2089 2183 1330 217 598 2617 637 2657 2057 2291 494 574 508 2220 2445 1555 2499 1088 1452 939 2308 521 2435 1433 2704 1868 140 2580 882 1255 619 2712 123 1757 986 2150 1223 1899 2598 804 2436 329 686 444 1725 368 531 657 677 146 2583 67 1944 2294 1055 2083 1910 627 2708 2719 790 1567 1237 1981 446 647 2639 2683 2728 2207 1056 79 1067 2305 1874 2813 2248 1259 1206 1256 1260 1207 2415
000463.jpg,2054 1306 572 1798 962 589 727 658 1451 1361 2000 1334 1106 1559 2644 1394 2323 646 485 1951 1175 395 529 1230 2277 1801 2540 304 2113 545 1389 2178 1213 2066 1427 1683 2787 251 2546 1115 614 1137 989 2072 2114 101 2579 2759 436 737 215 1087 2381 1900 2040 364 1883 1207 1300 2504 374 1093 581 1533 1558 341 714 1353 2784 803 1898 407 483 898 328 2242 789 240 1257 766 2238 1786 1971 2320 293 1149 2024 1597 853 426 1561 967 757 1818 2533 29 2673 1357 1728 2281
000464.jpg,1453 1490 2433 2376 1901 2713 2309 1860 201 715 1569 100 48 2034 2545 2556 2272 2721 1796 1496 562 64 439 51 1640 305 1316 155 2815 1636 1965 2352 194 1096 1416 1261 1948 1218 992 2046 497 1586 231 1051 2628 1362 2631 2650 1897 2553 2289 2538 950 1799 1840 518 663 1752 2367 168 925 2439 2454 440 26 2837 169 1544 173 1146 2069 1123 2714 348 1422 1617 2769 747 712 480 2755 623 1148 2312 978 1369 645 1878 2023 770 1253 59 1202 1710 1054 1417 1993 1649 2767 2649
000465.jpg,540 1561 832 291 1535 1346 2129 617 949 783 2242 1343 2737 1004 940 1298 2112 1999 1434 1019 1631 1093 2542 63 2022 1103 1847 1161 1513 310 2827 1856 2111 1228 1795 1773 1785 2441 60 766 407 2238 198 75 1898 1914 2149 2656 1693 1743 2785 777 1996 1091 341 1760 182 1712 1197 499 2016 149 2497 1304 95 983 824 328 1176 132 695 2504 1685 954 895 93 1590 2317 2190 596 1593 576 230 1683 88 2745 1476 2521 148 2547 1672 2437 2615 232 520 1945 2202 1257 2566 1786
000466.jpg,2053 726 1124 1037 1635 1715 390 1967 2236 1050 1293 655 331 999 159 1097 314 326 31 580 1011 1140 1216 430 1008 1822 1187 2406 1648 1118 1475 27 2715 2407 2301 391 1395 1756 2773 1755 805 1317 1143 2693 1647 1972 2402 721 2470 799 1274 1924 2061 1506 2062 478 344 2765 1921 2232 1438 471 402 838 1472 1568 2429 363 936 484 653 295 643 1662 89 1929 1275 1730 1692 209 139 2687 1026 1127 2690 2467 1024 758 2396 1262 455 1918 2465 2505 356 1282 296 408 2059 786
000467.jpg,969 1349 2226 1572 234 913 1618 961 2399 1 307 1520 2727 2709 1540 2340 2138 352 1025 2339 46 685 892 2834 2158 2635 223 511 349 1060 2213 2710 2648 2175 2215 1615 2473 1539 2466 1684 2253 1409 1815 1630 317 1571 1095 573 17 642 846 1994 600 1622 2104 2524 1242 2298 1270 2372 2781 2541 2486 1360 1862 2246 2100 1698 2223 2338 403 795 195 1238 267 1291 1101 273 2444 1338 1812 616 2131 591 2412 2255 2811 537 1837 891 837 1009 2455 577 147 2595 1129 414 1258 1112
000468.jpg,2294 1056 1944 1055 2728 2207 2741 1212 137 725 1825 2135 899 204 1606 116 1076 1463 686 1464 1935 2286 1986 1940 2248 97 79 722 2665 2068 165 804 1067 2382 2813 1937 2842 2041 1452 2580 2558 447 2511 1134 1547 246 1639 948 2393 2766 2825 1874 1899 2435 1777 1130 2719 692 2436 329 2598 657 140 1868 2305 677 1185 974 1223 2292 2736 2708 2319 494 2291 2057 574 2438 682 491 2569 1592 647 2683 146 790 2639 1126 1841 1962 350 1876 2809 1721 362 2258 12 1473 442 217
000469.jpg,1113 1144 2502 2152 2677 281 629 1605 1866 986 1255 1757 882 123 1184 895 1590 93 2627 396 1602 214 2348 244 1696 1477 2115 1616 1462 2359 1183 2494 2203 1940 1841 1986 117 1971 1786 941 84 2030 1659 594 2791 1502 909 1371 1525 907 1927 106 1137 614 1400 2620 1922 815 1987 205 1953 1139 1960 851 40 1232 2101 1434 189 1632 96 1032 2060 1423 1641 946 1979 1380 2303 2197 1197 2542 1166 1928 1425 2207 1130 2258 1825 1962 725 442 2558 2506 165 2728 362 2409 481 2521
000470.jpg,757 1728 1231 2533 2320 293 1149 29 2673 286 2172 2024 1533 2430 1689 754 2021 2756 218 426 2787 1597 24 634 2143 2472 1312 1984 853 184 1804 1719 967 213 2295 558 135 2413 2408 2638 2260 707 792 91 2235 2296 739 1296 80 119 1383 1593 1849 1166 1928 2409 1478 2054 1448 2354 2224 1265 1175 485 1951 499 465 646 2540 1733 2744 1590 895 93 1529 2390 1269 1306 727 589 658 2615 540 2493 2324 1867 1722 1394 1389 2247 1207 714 898 1558 395 2644 529 2366 2072 1137
000471.jpg,1579 2252 639 945 2647 1920 1578 1179 2328 2491 1583 841 1977 998 2792 2682 1651 1063 9 1770 517 114 887 118 916 227 1470 1531 2065 515 1769 1354 952 919 567 748 2042 1791 382 2711 1854 2097 2310 808 2575 1211 1851 1667 1585 819 2379 778 1970 1239 1367 1566 2778 1368 2723 2488 930 2225 923 928 1657 2729 763 2459 975 2304 1154 492 1210 875 512 1271 579 1528 2026 566 7 982 311 2349 528 151 2793 2618 2559 2416 1209 513 25 2658 2150 1255 986 196 2474 776
000472.jpg,2473 537 2138 472 403 961 1803 2213 2835 1828 405 2614 1964 1618 1421 2266 1349 1060 2820 2648 2513 1159 2801 352 166 969 2709 1862 2783 1324 2811 2255 2781 2013 2226 2340 1540 1571 2738 2339 1101 1939 2372 2710 1539 307 1815 1258 385 814 2431 2399 226 685 2063 195 2223 1698 1341 1607 2758 1069 147 577 2595 1270 2727 1520 2455 1009 837 127 2412 2189 1112 1 846 642 573 17 1509 2175 2484 2104 2524 1242 2403 2486 1572 913 234 1095 264 46 1294 665 2481 1446 795 2616
000473.jpg,1613 1909 662 2064 2282 921 1879 1518 2596 1290 631 2049 1017 394 1906 2796 2140 1058 2357 2392 451 2093 446 1237 1981 1301 607 530 1567 1604 984 1002 1119 1978 908 2262 660 243 1396 1105 355 813 2696 2257 852 1673 2259 360 2543 1554 1370 1621 1614 1331 942 2085 1676 2782 1384 710 2660 542 337 2274 1808 1718 1739 2664 1404 1100 1742 54 1688 2452 1853 1000 2458 2600 487 966 897 1681 1495 1155 1089 460 1241 1145 2446 2642 1287 1893 50 1695 1705 320 2803 1565 2577 172
000474.jpg,290 806 534 418 1481 780 2429 2244 1465 52 2059 1662 484 786 346 999 1506 1475 389 726 2821 758 2687 61 225 207 2236 1787 363 471 1438 53 2396 192 478 1022 314 344 1780 2690 2467 295 2025 2669 402 2285 1929 1275 131 655 331 2301 2407 838 452 1274 383 268 1875 455 1262 1941 1918 464 1706 1141 936 2070 1843 1378 1568 1140 1216 139 209 2470 653 2794 1730 1924 2806 1781 1039 2698 408 296 1282 356 1127 245 1789 654 2531 2280 49 2715 1472 2232 89 495
000475.jpg,1656 2817 1934 817 2044 2501 2528 2411 1624 1644 1926 85 2790 188 943 1102 221 2300 1407 1405 987 312 2832 635 1319 611 556 1386 547 2270 2082 2034 2545 1146 1796 4 1202 2574 1190 197 463 626 860 1701 2389 2375 433 1545 1870 1369 2649 2515 2424 26 2631 518 1860 201 2309 925 439 64 2289 1417 2713 1752 348 1710 1737 283 2477 1489 1788 2454 659 1948 795 826 266 1983 1901 59 2367 2023 2045 1584 2069 2433 2376 1029 1640 305 155 562 51 1416 1096 100 48 2721
000476.jpg,2080 1482 2019 2383 441 1523 2695 845 373 2754 575 1691 2395 1147 1120 1678 1016 1450 830 1620 2275 603 1732 2518 1244 2136 393 1646 339 863 584 1073 1057 2550 2414 2641 376 1669 1104 1469 1447 540 1507 777 1996 1091 16 728 2176 397 55 1449 1462 1183 2258 230 1483 1194 2317 2359 44 104 2604 1177 107 739 564 926 2224 1749 832 291 1535 2288 2281 1914 2495 2129 1346 751 39 2249 76 2785 1818 1180 1561 1093 1357 761 1804 341 1719 1631 1836 1898 2437 1672 2242 465
000477.jpg,1656 2044 2501 2817 817 1934 2528 2411 1644 1624 2034 2545 1796 439 64 1926 48 85 100 201 1860 2790 2721 2713 1405 188 221 2300 562 715 1569 943 2309 51 1640 305 2433 155 1102 1407 987 635 2376 2832 312 1901 1319 611 2631 1453 1490 2045 1584 2023 1948 2289 1416 1096 2650 231 518 1386 547 2755 1897 1870 556 2649 1840 663 2538 1369 1993 2815 659 1362 26 712 169 1544 2837 2439 2628 1045 1636 1965 2574 1190 1649 2082 2270 134 747 2272 1316 440 1788 735 2050 1586
000478.jpg,2823 752 1761 1625 829 1153 2554 2153 894 419 669 96 205 2168 476 1227 2194 956 1632 2261 334 820 750 1541 38 115 1995 2387 661 1865 807 189 1032 2060 1927 106 619 1603 1425 1044 1057 1790 2071 1933 2712 2308 897 20 2162 1188 122 1449 1882 167 454 2726 1744 1260 2043 1284 37 2661 827 2507 400 1904 997 1401 1858 1638 1052 1806 2313 922 1802 1880 1560 2425 42 1171 2567 1697 448 2706 1661 2171 1671 8 2449 834 1727 2555 2109 411 372 1277 229 1763 2167 6
000479.jpg,2053 726 2236 1124 1037 999 1715 1967 1635 390 1050 314 1140 1216 1475 1008 331 655 430 2301 2407 1756 1395 391 1011 1293 805 1755 1317 159 27 344 1097 31 580 326 1274 1647 1972 721 2402 1187 2406 1648 1506 478 2715 2693 484 2061 799 2470 402 2429 363 1662 471 1438 1568 1822 936 1118 2765 1921 806 534 2773 2059 2687 1143 1924 2232 758 89 1472 786 1918 295 1730 389 643 2505 2465 290 838 1378 1929 1275 2821 1692 653 346 52 2467 2690 1273 53 108 2698 2062
000480.jpg,2311 2794 1505 113 27 2164 239 2091 1248 525 1781 1356 625 383 1435 1299 654 216 679 252 245 139 209 2173 1141 2280 2070 1598 858 838 449 822 2137 49 1168 2279 1829 1506 455 1262 1924 1274 1612 2669 2025 2396 1843 408 1787 131 561 192 2232 495 1273 1282 356 296 2470 1875 268 2565 241 344 61 225 207 653 290 1127 2053 1124 1037 1780 1140 1216 2142 1961 2285 1472 2061 1972 1647 721 2402 1921 2236 390 1967 1635 1715 1500 1756 1395 2693 1503 2531 643 391 1050
000481.jpg,2667 835 1114 931 2624 522 702 1830 1845 848 126 1767 903 2388 1107 1340 768 1235 1908 297 688 2276 284 578 1186 1323 103 684 65 1720 1608 1821 1254 1310 250 1975 2314 1413 990 2471 502 2601 1391 1512 2 2663 2532 369 1460 211 1989 2496 1842 18 601 1603 334 1541 750 2387 2434 282 2823 2622 1390 1557 1846 2699 1538 2493 2489 895 93 1590 853 1597 475 2346 1916 5 1515 820 315 1759 2757 2224 2478 2077 1334 2323 1801 2277 646 2054 2540 2409 1075 202 426 2024
000482.jpg,1891 1723 2816 759 2666 650 285 1221 6 2346 475 1916 582 546 2171 2643 2810 2043 807 1260 1083 1702 2841 1570 1697 620 732 1605 922 820 1603 411 1761 181 1882 2152 2502 1858 1139 1188 1456 122 334 750 1153 2167 298 37 2268 1953 1397 420 2768 1763 1284 372 459 1797 2494 1541 468 2168 2261 594 148 829 956 2194 1400 2620 1922 1227 2476 1285 973 229 669 661 1738 2387 2313 636 2278 1318 2807 1536 2521 1090 448 214 2348 1866 1602 1610 1015 980 1884 2118 42 1687
000483.jpg,561 2236 1273 1475 2053 726 1124 1037 1050 999 314 1921 2061 1972 1647 721 2402 27 1216 1140 2429 655 331 1756 1395 484 1967 1635 390 1715 2698 2059 534 806 391 2470 504 295 2806 643 1472 1317 1303 2301 2407 412 1918 1008 1240 402 1662 1274 1506 936 1924 1438 471 478 430 363 1831 927 1655 2316 618 2017 200 1021 533 1755 805 138 1612 1730 344 1961 2765 53 1022 2773 1187 2406 1648 1299 2279 1168 1829 1127 2693 653 822 2137 780 89 1024 2465 2505 2794 786 1262
000484.jpg,290 806 534 780 1481 418 52 2244 1465 1662 2059 786 2429 346 484 389 2821 758 999 1475 2687 1506 1022 363 726 471 1438 2467 2690 478 402 53 61 207 225 2236 1787 2396 1275 1929 936 1378 295 2285 1918 452 1568 192 314 2025 2669 344 2407 2301 1780 1730 2806 2070 131 1141 383 1941 1875 268 1039 1706 464 2698 838 1262 455 1843 1274 655 331 840 467 2465 2505 2794 108 89 653 1781 2470 209 139 1140 1216 654 1924 1273 1789 1692 356 296 1282 495 1472 408
000485.jpg,1788 1417 1710 1701 860 1489 26 348 925 2454 2769 1870 433 2375 2649 480 1369 197 2289 463 2714 2650 1895 2538 769 161 2482 231 1029 663 173 550 1253 2735 712 518 2840 445 2011 645 134 2553 1552 179 1926 817 2721 735 2050 1569 715 188 2287 319 1796 440 1775 2817 489 100 1319 611 2130 2631 2790 1617 1422 2084 2300 1627 562 2034 2545 48 221 943 1407 1405 659 64 1656 1261 965 1640 51 305 439 2628 826 613 85 1468 904 2312 2480 194 1102 155 266 1051
000486.jpg,2311 2794 113 1505 1248 1781 1356 2091 239 2164 383 525 2070 625 1141 1435 27 654 216 1299 679 252 1506 245 2173 1598 858 2280 139 209 822 2137 49 449 455 1262 838 1924 2025 2669 408 192 1829 1168 2279 1612 344 2396 1274 1787 207 61 225 356 1282 296 1961 653 290 2232 1140 1216 495 1843 131 561 1127 241 2565 1875 268 1273 391 1124 1037 1780 200 2017 618 1021 533 2316 2470 2698 1472 2693 2142 2402 1647 1972 721 2061 2053 1921 2285 33 1500 1303 2236 1048
000487.jpg,2072 614 1137 1087 898 714 93 895 1590 1213 2066 1207 1558 545 304 2113 2178 2409 2546 1115 1166 1928 1971 1786 1389 1257 2260 63 2022 1019 1593 1533 1300 1427 2579 1883 2784 1353 2242 1535 291 832 374 1093 1561 1306 2323 24 634 2143 1597 483 2540 658 589 727 540 646 853 251 1334 240 1689 1346 2129 803 1394 2054 581 2759 617 2430 341 426 1801 2277 1951 1175 485 1898 1683 407 789 572 1798 962 2000 2024 949 1091 783 1333 1343 2737 2114 2381 2324 2493 1357 1361
000488.jpg,59 1545 2389 2367 626 1202 4 950 1799 2270 2082 1146 556 547 1386 611 1319 1737 1752 635 312 2832 987 188 1102 2477 2069 1407 85 283 266 2300 826 221 613 1926 2790 943 1405 1624 1644 2411 2528 1934 2044 2501 518 2373 2134 817 2631 659 2556 1496 1656 41 2208 912 1855 2075 2817 2538 663 2692 2205 716 1122 1589 2731 2289 197 463 2375 433 2231 1652 904 1468 2312 345 1491 996 2530 1485 1489 860 1417 1701 2034 1796 2545 480 2769 2454 1278 2189 1264 1096 1948 1416
000489.jpg,472 537 1803 2473 2138 2783 1509 385 2431 814 2595 577 147 127 403 1862 551 342 1059 2758 1607 1341 1069 226 2213 1811 1167 1355 1530 2094 160 1078 1421 2266 1295 991 1807 961 2820 1159 2738 2781 2403 2710 1618 2835 405 1828 1060 1349 2444 1524 2771 166 273 2513 154 2524 1242 2104 1863 1101 641 1025 1964 2614 1815 1629 1278 2648 352 1520 2727 307 2255 2811 203 2340 1540 1373 888 262 2063 2385 2709 1735 685 2399 867 1660 2633 2607 2189 428 741 1816 687 2740 2468 1480
000490.jpg,2174 1234 1575 2327 1792 57 280 1930 1580 2004 2374 1392 1034 2418 210 1861 570 2456 2186 133 1665 1279 493 793 1859 2461 1758 2125 689 2330 1276 746 1724 1072 1375 2229 1196 1947 1664 294 756 421 2548 976 859 797 366 422 1358 548 2838 704 1030 2672 77 228 2590 2694 1765 2184 263 2541 2513 588 801 1457 1776 2662 1229 2332 656 583 1081 1497 2123 885 1350 934 1292 706 720 1043 857 2206 1193 1551 1887 2356 1086 2581 1348 880 2155 185 1542 2739 1191 2321 2039 884
000491.jpg,921 2064 2049 2282 662 2596 1518 1290 631 1909 1613 1017 530 446 1879 355 1396 1105 1981 1237 1301 1604 1567 243 1058 813 660 451 2696 2257 1554 1370 1673 394 2259 360 2392 1331 1614 607 542 2796 2140 710 2664 1739 908 2782 2357 54 1906 1002 1000 1853 2660 984 2093 1695 50 1893 1384 1742 1978 1495 337 1508 791 1287 1119 2369 2803 1565 1031 2262 966 2458 487 1621 1681 942 2085 2600 2274 1808 852 1676 1688 2543 1705 1404 1100 144 460 2452 1145 897 320 1089 1155 172
000492.jpg,1948 1416 1096 1362 1897 2272 497 992 2046 1586 2556 2815 1496 1636 1965 1316 1218 2352 1051 194 2628 1261 2713 201 1860 64 439 48 715 1569 2721 2433 2631 155 562 1840 2545 2034 1490 1453 2755 1796 100 1901 1658 747 2309 2241 2376 51 1640 305 258 1381 2836 1782 518 1752 770 2069 950 2538 663 440 1146 1649 1710 2767 1701 860 1489 2439 1584 2045 1123 1878 1045 613 1054 1369 1870 2023 2650 231 1993 1417 1202 1799 59 2367 1320 2707 1623 1679 2649 283 221 2300 1926 826
000493.jpg,196 776 353 98 2474 2361 869 1963 1819 1864 2462 2334 1625 1643 910 585 2353 276 2081 871 1042 233 1402 2256 701 2067 2103 781 2027 809 381 69 1600 153 2001 2264 206 2426 883 416 1751 1633 1344 2582 1204 247 282 343 765 1403 2485 2336 2157 1985 14 2603 66 1245 873 862 2434 1745 1136 825 1246 2012 2391 2536 1528 1997 1973 265 923 2328 1179 2491 515 652 664 2110 11 779 1574 929 1121 1077 2132 975 2304 1977 1579 9 2147 1152 318 1036 1519 1772 303 450
000494.jpg,2843 257 1707 1871 1526 2516 2613 1731 1138 406 1385 1779 2145 1007 288 416 1645 1800 1325 1992 392 410 1442 2763 519 742 2102 1079 2609 773 535 883 1969 1511 2377 1527 301 1419 2331 811 1894 1516 2219 1455 186 709 2110 664 937 112 2549 2341 1068 749 544 434 2730 1466 338 1005 821 843 648 1670 1946 253 1133 248 336 2746 538 730 751 2290 605 1783 365 1040 1546 1454 1110 2299 2788 435 94 1311 1794 1424 1379 2364 1131 568 1243 1850 1309 610 1634 2095 593 678
000495.jpg,561 1273 27 2311 2794 1781 1506 113 1248 2164 239 2091 1274 1505 525 1356 455 1262 383 1299 2070 1435 1141 1924 625 449 192 2669 2025 653 2061 1921 2698 2053 216 2173 1961 654 2402 1647 721 1972 822 2137 2280 225 61 207 1787 245 209 139 2396 2236 838 679 1127 1216 1140 1612 1037 1124 290 200 618 533 2316 2017 1021 391 2232 49 356 296 1282 1395 1756 252 1472 408 2470 2693 1780 1168 1829 2279 643 1303 412 1475 2406 1187 1648 858 1598 1317 799 344 33 771
000496.jpg,2533 757 1728 2320 1149 293 29 2673 1231 286 2172 2021 2756 754 2024 2787 426 1533 2430 1689 218 1597 24 2143 634 2472 1984 1312 853 184 1804 967 2260 1719 707 2054 739 2638 792 2296 91 2235 1478 1849 2408 2354 213 1593 646 2224 499 2540 135 2295 2413 558 1951 1175 485 1296 80 1383 119 1448 727 589 658 1733 2744 1265 1529 2390 1928 1166 2409 1306 1207 2072 1137 614 714 1558 2323 1334 1087 1426 1427 465 895 93 1590 1477 1394 395 529 2644 898 2615 1722 1867
000497.jpg,1993 179 550 1045 2130 2050 735 712 1617 1422 440 2767 2241 1840 1649 1658 2011 2836 1381 1782 2439 169 2837 1544 645 463 1489 197 1051 2649 1701 860 1663 947 1444 1029 1328 1417 155 1870 51 1640 305 1710 1369 480 445 1788 1261 2538 2628 2769 2375 433 2840 2454 2707 1623 1679 1218 2289 2714 1552 663 562 2650 26 1054 925 348 518 2631 194 2352 2721 231 2735 547 1386 439 556 134 2270 2082 1895 769 2482 161 173 100 1796 1253 715 1569 611 1319 188 48 817 1926
000498.jpg,2502 2152 1113 1605 1866 1525 1371 84 941 1144 815 1987 1139 1602 2348 214 1953 1084 2841 2623 909 1280 2115 1696 1616 244 1477 481 2263 594 2141 1198 2572 327 205 1184 2203 117 275 2030 1502 2791 1687 2503 1960 40 851 629 281 2677 2101 1891 2179 1927 106 2494 2620 1400 1922 1205 474 1471 1487 924 2245 1659 785 1232 183 510 2303 1979 1488 420 2768 1397 2678 907 1738 1365 1425 1423 1641 621 2627 396 1263 2521 398 1458 1591 2197 423 905 270 1750 752 2060 1032 189
000499.jpg,1946 2394 105 1778 11 883 1495 1681 2110 664 337 416 1705 966 487 2458 1742 2600 1384 2543 2085 942 1200 2420 2147 1676 1170 1565 2803 1077 791 1508 1152 1036 318 1287 2843 630 1519 632 144 2593 256 1595 1978 320 2165 2734 1762 490 2453 7 2793 2204 1245 549 1554 1370 1695 2718 243 516 265 392 1479 1682 1387 2318 1002 1633 1119 1853 1000 2452 1347 908 813 615 2824 1973 604 1105 1396 355 1970 778 212 874 1247 812 1031 99 2487 257 1915 852 1403 2262 2132 2660
000500.jpg,2269 2833 2092 299 2139 2371 2576 1735 1549 667 1814 2776 1619 1925 1982 2844 879 2797 428 741 1539 1863 2385 2731 1366 1480 1373 2403 1816 888 262 2771 837 1009 2455 641 264 352 557 2363 2460 1589 1122 1815 2484 1660 2633 2607 2473 2175 403 2063 2189 1159 867 2801 1807 1295 991 687 385 814 2431 90 1530 2094 160 1078 537 226 1509 2710 127 1025 2138 1349 2783 273 2811 2255 577 2595 147 2104 1242 2524 2213 891 2226 1291 267 1238 1803 2412 1862 1338 2517 1520 2727 472
000501.jpg,1434 1298 1113 1144 1004 940 2112 2737 1343 2022 63 540 783 1999 1333 1019 1535 832 291 949 2129 1346 954 1685 1712 1760 182 2152 2502 75 198 2317 376 1483 149 1103 1469 761 1371 1525 1631 1255 123 882 1757 986 2249 40 1232 1960 851 1447 44 1785 16 84 941 1277 1727 2555 2497 1866 1749 1057 2566 1605 2542 60 1641 1423 1257 1304 1971 1786 1693 2149 2656 2245 1987 815 2744 1733 2030 2058 2066 1213 1269 2354 2623 327 1945 520 232 946 2348 1602 214 1198 2791 1687
000502.jpg,1473 12 1876 1721 2809 1439 2051 2183 598 482 1555 2057 494 2291 574 2427 1931 2526 2089 526 864 994 274 608 939 2220 2445 1452 255 508 1433 2704 1330 217 1868 140 2435 1088 2499 2617 2657 637 1223 657 677 329 2598 2436 2683 2639 647 146 531 2308 521 1874 2580 1899 686 804 1055 1944 1725 444 368 2294 123 882 2712 1255 986 619 1757 2150 1056 2719 790 2728 2207 2708 2583 67 2083 1910 627 1237 1981 446 1567 2305 79 1067 1825 725 2248 2813 1205 1256 1206 1207
000503.jpg,2714 480 2769 348 925 2454 26 1369 2649 2538 1870 663 550 518 1788 1710 1417 1701 860 179 1489 712 2130 197 433 2375 463 1617 1422 2650 2289 2631 440 231 2309 2050 735 1840 1901 1453 1490 1045 155 161 1895 769 100 1029 2721 715 1569 2713 201 1860 2241 51 1640 305 562 2482 2376 2815 48 439 1496 1316 1636 1965 2735 1253 173 1796 1658 64 2556 169 2439 1544 2837 2272 1930 2628 2545 2034 1782 1381 2836 2229 2840 547 1386 2011 645 1552 445 2418 1861 689 57 1580
000504.jpg,1749 44 16 1447 1483 376 1057 2317 1469 2249 2437 1672 1836 761 1449 1914 2700 1990 2785 1631 832 1535 291 1178 2745 1476 88 2202 465 1856 2111 1116 1224 1713 2180 576 1714 1346 2129 683 1838 2547 47 2441 676 60 95 1561 2258 2555 1727 1044 834 1277 2190 540 596 983 1103 824 1743 695 1176 132 310 2827 2016 2275 1620 603 1999 1197 1161 1513 1847 1732 1450 830 1693 2149 2656 2523 2422 34 1228 1073 751 1773 1795 1304 1678 2058 1785 1593 617 2383 2695 1523 441 1019
000505.jpg,2437 1672 1749 1836 1990 2700 1178 1914 44 2785 2180 1713 1224 1116 1714 1483 16 683 676 47 1838 1447 2202 1057 1476 88 2745 1469 376 2111 1856 2422 2523 34 2317 465 2249 576 2441 2190 2547 1449 983 695 1176 132 824 596 1631 95 1743 1561 2827 2016 761 1346 2129 310 291 1535 832 60 1773 1795 1228 2656 1693 2149 540 1103 1161 1847 1513 1785 499 617 1999 751 2258 1044 834 2555 1727 1197 1277 2542 1450 830 1019 1073 1678 1304 1620 603 2275 1732 2242 1593 1091 1996
000506.jpg,370 2047 1189 865 2090 569 323 193 121 988 2032 56 2415 2217 427 2568 1793 1521 698 955 571 2640 1399 964 2038 729 640 2031 2120 2221 1070 2671 13 1272 358 901 2210 2520 536 1041 1754 1038 2421 828 377 2578 1910 340 1065 1952 2570 2795 1266 2808 2335 1329 2798 2539 2839 1949 1236 2380 2267 500 1337 1268 1764 839 1049 932 1499 2828 933 672 743 332 1429 2629 2428 2333 2083 1249 1668 2602 1374 1588 1132 1886 1699 1553 1430 432 2423 1256 886 1418 597 1686 417 2108
000507.jpg,2794 239 2091 2164 1781 1505 2311 525 113 27 1248 245 2173 1356 383 625 209 139 2280 654 449 838 252 1435 679 1141 1299 49 216 2070 822 2137 858 1598 1274 2396 1924 2669 2025 1787 408 2232 192 296 1282 356 1262 455 1843 653 207 61 225 1506 1127 1829 1168 2279 1612 2470 495 2565 131 1500 268 1875 241 1780 290 344 561 2053 1273 1037 1124 2285 33 1941 1140 1216 2531 1961 2236 799 2142 1568 1472 2693 1967 390 1635 1715 1050 1021 1503 314 534 806 1662 1395
000508.jpg,67 627 1810 2509 2583 1012 1406 249 1001 2121 2350 202 1075 1944 1055 2294 1609 404 93 895 1590 2224 2057 494 2291 574 2728 1594 378 1195 1869 1825 725 2435 2207 2580 1928 1166 2302 191 1165 1899 657 1056 2409 2161 1452 677 359 146 2663 1842 18 2 686 140 1868 2708 790 2719 1557 2622 1390 1223 835 1646 863 339 1986 1940 1185 1464 2393 948 2286 1777 974 1076 2683 647 1639 2639 2558 2825 165 2766 1130 1334 2323 447 883 288 257 2843 1707 1325 2292 1126 692 2736
000509.jpg,1234 1792 2174 57 280 1930 1580 2004 2374 1392 1575 2456 570 2418 1034 1861 210 2125 1665 2327 1758 2186 2330 689 493 133 2461 793 1859 1276 1279 1072 1375 294 1724 1947 422 746 2229 421 2838 756 1196 2548 366 859 797 976 1358 1664 548 1030 704 2513 77 2672 2541 2590 228 2694 1292 2184 263 2662 1457 801 1776 934 1765 1348 656 1193 185 2581 1229 884 2749 2155 588 2123 1576 2332 2206 880 1551 1887 2356 583 1081 1497 2473 1350 1857 885 1716 2801 2039 203 1086 720
000510.jpg,1583 2252 998 227 916 1063 2792 1579 841 2310 2042 1578 517 2065 2682 1651 639 1920 945 2647 1211 118 114 1566 1367 1239 9 1977 567 1179 2491 2328 1791 1770 887 808 515 919 1354 1769 952 1470 1531 1368 2097 1851 748 2304 2488 923 2379 875 1210 2778 778 1970 1854 2711 382 311 1271 763 2225 2723 975 2349 7 2793 2575 930 512 2459 982 579 492 1154 151 2416 528 566 2026 2559 2618 1667 819 1585 1528 928 1657 2729 2658 25 1209 513 2012 2256 2001 1600 2391 2423
000511.jpg,1506 2025 2669 61 225 207 192 2070 383 1141 1781 2794 1787 1780 2396 1274 1924 654 1262 455 1127 290 49 838 408 2164 239 2091 139 209 2173 653 245 525 1282 356 296 1299 2280 1140 1216 2232 1505 449 2470 1356 1472 344 216 418 1481 52 27 2311 113 346 391 2531 625 1248 1124 1037 2821 726 2244 1465 1662 806 534 780 786 252 1843 131 2285 999 2565 2690 2467 2053 2137 822 1435 495 2429 679 363 484 1568 1022 295 389 2059 1875 268 1612 799 2687 1941 643
000512.jpg,2034 2545 1796 100 715 1569 48 2721 2433 2713 64 562 1860 201 439 2309 2376 51 1640 305 155 1901 1453 1490 1993 1261 1051 1218 1045 2628 2767 1416 1096 1948 194 712 1422 1617 2352 2023 2130 2439 2241 2836 1782 1381 2837 1544 169 1658 1584 2045 1649 179 947 1444 1663 1328 2272 2556 2631 1897 497 2046 992 1586 1840 1496 1870 1316 1369 1623 2707 1679 2755 1489 550 231 2815 2650 2050 735 1636 1965 2649 1362 747 1710 26 2289 1054 860 1701 440 2011 1417 925 2454 518 645
000513.jpg,1137 614 2323 1334 2072 2540 1257 803 1207 1593 646 1427 1558 93 1590 895 714 1087 1786 1971 2409 1801 2277 1166 1928 898 251 2054 529 101 291 832 1535 2000 572 962 1798 436 737 215 1597 374 2381 2644 1300 853 1306 395 39 589 727 658 2143 24 634 1357 2040 364 1900 1951 485 1175 989 1197 2542 1394 341 1115 2546 2114 2281 2288 1689 581 1883 2579 1106 1559 617 1533 2430 540 1389 2129 1346 2759 426 1561 1230 1818 2242 2024 545 739 1361 1451 2787 2784 1353 2667
000514.jpg,2551 2146 2284 2018 1289 764 2008 719 2485 35 1128 1534 1351 190 1493 914 1997 615 2824 1157 1577 1915 812 2209 1403 247 276 2487 206 153 862 1204 2582 1121 1751 2603 1633 604 58 303 450 1772 212 343 539 871 2585 1359 723 549 490 2453 874 1247 2718 1344 1347 2204 2165 1762 2734 1595 256 632 516 1864 2334 2462 1819 781 1402 381 1170 1036 1152 318 630 2110 664 11 2147 2361 765 883 2593 282 2353 825 2336 869 2157 1246 1245 1077 2256 998 2729 928 1657 701
000515.jpg,536 1588 1132 1268 571 2090 569 340 121 988 193 802 1431 36 2117 332 2839 2335 1329 429 2078 1492 142 555 733 2795 2333 1065 1886 1952 1266 2808 865 500 680 1699 1553 1430 1562 2217 2415 1764 901 2267 2380 427 2570 1793 1236 2227 2786 979 2640 1399 964 2038 878 1256 2668 2029 432 2743 1033 1910 1393 1890 358 176 866 2568 1499 1888 2031 2221 2120 1070 868 1337 554 2083 1668 2602 1374 729 933 672 289 1053 2828 743 1418 1686 597 1249 2108 62 417 2451 2384 21
000516.jpg,807 2043 2171 2810 650 2666 1260 2816 1723 1891 750 334 1603 411 820 2346 1916 475 759 1541 922 2841 2643 1697 1456 1188 1153 2387 6 1761 1858 2252 1583 372 1284 1702 1763 998 2682 1651 1977 916 227 2065 517 122 829 1063 2328 2491 1179 37 620 732 285 1579 2042 1578 468 1221 1791 841 2167 945 639 2647 1920 229 1083 2313 2310 2792 2268 808 567 1865 546 582 1139 1797 181 1211 2823 9 118 1227 476 763 1570 1090 2261 1770 311 1368 2097 875 1210 114 1367 1566
000517.jpg,2433 1490 1453 2376 1901 2309 2713 2034 2545 100 1796 1569 715 48 1860 201 2721 64 562 439 305 51 1640 155 2556 1496 231 2272 2023 2650 1316 2289 1584 2045 1416 1096 1948 2631 1636 1965 2553 2755 26 2815 747 2714 1417 925 348 2649 2352 1369 2538 1870 173 1710 1489 2454 1799 2769 134 663 518 1218 1261 1051 480 168 1788 817 860 1701 1926 1752 950 2628 2817 1319 611 194 1644 1624 1123 978 1148 623 2312 1878 221 1407 2300 258 770 1649 1658 1663 2836 2241 1444 2767
000518.jpg,472 537 1803 2138 2473 2595 577 147 1069 1607 1341 2758 2783 961 1509 2213 1862 226 127 1421 2266 814 2431 385 1078 1530 160 2094 405 1828 2835 551 1059 342 2738 2820 1167 1811 1355 403 2614 1964 2781 166 1349 1060 991 1807 1295 1618 2513 1101 2648 2710 2444 273 2524 1242 2104 1025 2255 2811 2340 1540 2403 1524 2771 2709 685 307 641 1520 2727 352 1815 1863 154 2399 1629 1159 1373 203 262 888 2385 2339 1571 969 1278 428 1735 600 1622 642 846 1324 1 46 687 2740
000519.jpg,1790 1933 2218 1436 1504 222 2071 1305 2512 2362 1052 897 836 935 2096 850 2355 2645 2156 1321 1098 2750 1709 2201 1638 2432 1806 2691 796 1911 2450 755 1736 2342 144 320 1200 1682 1387 1479 2318 2420 99 2452 2642 372 2446 1621 666 599 823 1006 443 2537 2747 612 2098 1047 2655 1865 2823 208 595 2587 396 2627 1676 399 1510 2677 281 1717 1145 1976 141 731 2126 2469 461 477 908 1160 2074 1599 1227 8 2449 1671 2194 401 2706 1628 453 629 852 1044 1090 1082 1308 1763
000520.jpg,1749 2317 16 1447 44 376 1469 1483 2249 1057 761 1449 1672 2437 1836 1631 1914 2785 2700 1990 1535 832 291 1178 60 2129 1346 2258 1727 2555 1277 1103 465 1044 834 540 1476 2745 88 1561 2202 576 2180 1856 2111 1838 1713 1224 1116 2547 676 683 1714 47 2275 1620 603 1999 2190 1732 2441 95 1197 830 1450 1743 1073 596 983 1176 132 695 1304 1183 1462 824 2058 1523 441 2695 2383 1678 310 34 2523 2422 2016 2359 2827 339 1646 863 1847 1513 1161 2656 1693 2149 751 1795
000521.jpg,2252 1583 227 916 2042 2310 1651 2682 1977 1239 1367 1566 517 998 1578 1211 2647 639 1920 945 1063 841 2328 2491 1179 1368 1579 114 2792 2097 1770 2488 9 311 1970 778 1854 382 2711 2723 1210 875 512 2459 2349 2065 2575 515 887 118 579 1154 492 763 748 2793 2304 2379 566 2026 1585 819 1667 1531 1470 2729 928 1657 982 2416 567 808 1271 7 2225 1791 930 1851 528 1528 151 923 25 2618 2559 975 513 1209 2658 2778 1354 1769 919 952 2093 607 2357 1906 1819 2462
000522.jpg,2185 2584 1411 1129 1440 2298 2529 143 2271 2517 718 386 958 1694 1514 697 1445 2616 2801 810 787 2619 1684 2481 1215 30 665 1294 1446 71 638 1360 1939 1630 1112 1270 2104 1242 2524 1258 557 2460 2363 273 414 2473 1735 795 2246 1807 1295 991 879 1278 2771 969 1863 1549 1373 1366 1480 2269 2092 537 641 1539 1816 2833 2710 1619 741 2175 551 342 1059 127 2371 299 2139 2576 511 2339 667 1925 1982 2385 352 428 267 1238 1291 133 1947 472 888 262 687 2633 1660 2607
000523.jpg,482 494 2291 2057 574 2220 1223 2183 2051 1439 939 1931 2526 2427 1555 2683 2435 647 2089 2445 2704 1433 2639 146 1874 255 1899 1330 217 677 2809 1876 1721 2438 682 598 12 1473 2308 491 2569 1592 657 686 2708 2813 2712 619 2580 1088 1937 329 2598 2436 274 2248 974 521 2719 790 447 1185 948 2393 1639 2382 2766 2825 608 994 2657 2617 637 804 1452 1868 140 2499 1055 1944 864 526 1777 1464 2728 531 1725 444 368 2294 508 2207 2286 1825 725 1076 2440 271 1942 1408
000524.jpg,2771 1373 1735 641 1863 991 1807 1295 428 888 262 2385 2776 2371 1549 741 1509 687 667 2576 1619 1982 1925 127 879 2731 2139 299 2797 2403 2844 2269 2473 2833 1530 160 1078 2094 1539 2092 2175 2710 1814 273 2524 1242 2104 557 2363 2460 1122 1589 226 147 2595 577 1803 2801 2189 90 537 1862 1355 1167 1811 814 385 2431 1238 1291 267 1816 352 1480 1366 1159 2607 2633 1660 2783 2255 2811 2063 867 1278 403 472 891 1815 2213 2226 2484 2138 1349 2517 2444 1025 837 1009 2455
000525.jpg,537 2473 2138 472 1803 2213 1341 1069 1607 2758 2783 403 961 2266 1421 226 1862 2820 147 2595 577 385 2431 814 2738 1060 166 2403 2513 127 1349 2614 1964 1509 1618 1828 405 2835 352 1735 2648 2781 2811 2255 1530 2094 160 1078 1101 641 1295 991 1807 685 2710 1539 2771 2340 1540 1816 2385 1863 741 1324 1373 879 1025 2776 600 1622 2576 1159 1619 2371 969 1571 428 2801 1366 1480 1549 1660 2607 2633 307 1811 1167 1355 888 262 2709 273 2339 2175 2226 867 667 2269 1815 2399
000526.jpg,1971 1786 1257 614 1137 2072 1087 1207 895 1590 93 1558 898 714 1928 1166 2409 1357 581 803 39 2260 230 374 1180 1818 2288 2281 2114 926 564 2495 1091 1389 76 1996 777 1300 291 1535 832 1115 2546 2784 1353 2579 545 1883 341 2000 989 1427 1213 2066 1346 2129 2224 2242 1597 1559 1106 634 2143 24 1533 646 2381 540 364 1900 2040 304 2113 2759 1093 589 658 727 853 483 1361 1451 1898 251 101 2022 1019 63 2178 739 426 1593 240 1561 1306 1689 2540 737 436 215
000527.jpg,2174 1234 1575 2327 1792 57 280 1930 1580 2004 2374 1392 1034 2418 210 1861 570 2456 2186 133 1665 1279 493 793 1859 2461 1758 2125 689 2330 1276 746 1724 1072 1375 2229 1196 1947 1664 294 756 421 2548 976 859 797 366 422 1358 548 2838 704 1030 2672 77 228 2590 2694 1765 2184 263 2541 2513 588 801 1457 1776 2662 1229 2332 656 583 1081 1497 2123 885 1350 934 1292 706 720 1043 857 2206 1193 1551 1887 2356 1086 2581 1348 880 2155 185 1542 2739 1191 2321 2039 884
000528.jpg,1113 2152 2502 1605 84 941 1987 815 481 1144 1525 1371 2101 183 1866 1927 106 2141 1198 270 2503 1768 2048 2761 2623 1960 40 117 621 1283 2263 785 1726 959 851 2197 1084 2678 2572 909 1205 205 398 1458 1632 96 1979 1108 2030 1280 2386 2056 1064 2522 45 171 327 2116 1591 2060 1032 189 592 275 2791 43 1880 1802 1184 2115 244 1696 1616 1477 1139 1232 474 2620 1922 1400 2494 1659 907 1953 2203 2303 594 2245 1602 2348 214 1641 1423 1687 1318 2807 1536 636 1844 1286
000529.jpg,2792 998 1583 1579 118 1179 2491 2328 841 2252 1977 567 2065 1063 9 1651 2682 808 1578 1791 517 639 2647 1920 945 1769 1354 952 919 1531 1470 887 382 2711 1854 1770 515 1851 778 1970 748 114 2379 2778 227 916 930 975 2575 928 1657 2729 1585 819 1667 2225 2304 923 2310 763 2042 1211 2097 2723 7 875 1210 2793 2459 492 1154 2488 1368 982 311 1367 1566 1239 579 512 2349 1271 2026 566 2416 1209 513 2658 25 151 1528 528 2559 2618 776 353 196 2474 98 1742
000530.jpg,2054 727 589 658 1306 1334 1175 1951 485 2323 646 1389 1798 962 572 2113 304 2277 1801 2066 1213 1361 1451 1533 2178 545 1394 2540 2000 529 1137 614 1106 1559 2072 1230 1427 2644 395 1087 1207 2546 1115 714 2787 2579 1558 1683 2114 581 251 2759 898 1593 374 1300 761 1197 2249 1883 483 2542 989 1257 853 1597 2317 803 789 2381 1928 1166 215 737 436 2409 101 426 2242 364 1900 2040 1093 1353 2784 617 2504 2320 293 1149 240 341 60 2260 1561 2555 1044 1277 834 1727
000531.jpg,419 2554 2153 894 96 1632 189 2060 1032 106 1927 205 481 1625 1987 815 752 2313 84 941 565 1844 1286 506 2567 1171 171 2401 2823 621 22 2109 1214 2705 2831 2612 856 2571 1288 1363 2216 1703 309 1217 333 1560 762 300 959 2425 1365 1865 1251 785 2791 2030 1013 1336 1364 1858 468 1425 2751 2197 1227 2194 1108 1064 45 2056 2522 423 2141 183 861 1199 1315 1726 1153 122 37 1749 2160 2079 2555 1727 761 1044 834 1277 2261 476 1113 669 42 1284 922 1198 1880 1802
000532.jpg,1316 1965 1636 1496 1752 2815 1146 2556 950 2272 518 1840 663 2538 2631 2832 312 2069 987 2367 4 59 440 1102 1202 2389 1799 635 1545 2628 992 2046 1586 497 1051 626 2352 1860 201 2713 194 1362 1407 1218 1416 1096 85 556 1897 547 1386 735 2050 1658 2241 2309 1261 613 283 2270 2082 1737 826 1045 2376 1901 266 2477 1948 2433 1490 1453 1926 2300 747 1624 1644 258 2044 2501 2790 221 2836 1381 1782 2553 2439 155 179 550 1934 611 1319 231 1123 2755 2411 1649 2767 1617
000533.jpg,820 1541 750 334 1603 2387 807 2043 2171 1761 1260 1153 2810 2666 650 956 372 2816 1723 829 1916 475 2346 6 1891 1697 759 1882 2643 2823 411 285 1221 2841 922 1188 1858 1456 1702 669 122 546 582 1284 2168 476 1227 2261 37 1083 732 620 2167 2268 1763 661 468 1570 2194 2313 448 229 181 1797 298 1865 1139 2476 459 1953 973 619 1605 2425 1610 1015 1267 1285 521 2712 2308 637 2657 2617 1090 1884 2118 980 2348 1602 214 1866 1199 2593 1560 2493 2324 2667 522 971
000534.jpg,59 2367 950 2389 1146 1545 4 1202 312 2832 1752 1799 987 2082 2270 556 626 1102 547 1386 635 611 1319 1407 85 188 2069 2300 2631 518 1737 221 1644 1624 1926 2044 2501 2790 1934 2411 2528 1496 1405 943 663 2538 1316 1636 1965 2556 2815 2272 283 2477 1656 613 826 266 1840 440 817 2817 2553 231 173 659 64 439 1658 1045 2241 1491 996 2530 2769 480 2454 716 2205 2692 197 463 2289 2375 433 2208 41 912 1589 2731 1122 1788 918 708 1490 1453 1901 1096 1948 1416
000535.jpg,1083 2807 636 1318 1536 620 732 1702 2278 582 546 181 2643 42 2761 2048 1768 1797 759 270 2386 1726 1458 398 2116 1221 2476 2678 285 2263 1283 1198 6 2442 2720 1525 1371 2623 1882 2562 2503 1064 45 2056 2522 2101 644 2188 1596 474 2197 1591 1260 2425 851 40 1960 971 387 2498 1199 1880 1802 2572 2141 592 2688 43 661 183 815 1987 762 481 807 2168 1113 205 1084 1979 2261 2194 1280 1108 785 117 1205 540 752 423 909 2359 1144 1251 1858 1927 106 476 941 84
000536.jpg,1062 129 501 726 1932 467 1378 788 125 2634 1022 1813 1923 456 324 1730 2470 1281 108 1912 840 999 1026 2806 753 2687 1929 1275 1039 1475 504 2465 2505 2236 927 1831 1655 295 2142 241 1789 89 2398 628 1220 1297 2062 1024 1568 2765 2053 452 1503 314 331 655 2407 2301 1050 2429 1706 464 484 1008 758 1662 220 1048 430 1967 1715 390 1635 1262 455 2059 534 806 389 495 478 1240 2821 2232 363 1273 1875 268 1124 1037 1438 471 402 2285 346 53 2773 1843 786 2690
000537.jpg,1115 2546 1389 2178 803 304 2113 1213 2066 545 2579 1559 1106 2000 1394 374 251 1451 1361 101 2540 1306 989 646 572 1798 962 1427 529 1900 2040 364 2644 215 436 737 1533 2381 395 1951 485 1175 2759 1230 1300 589 727 658 1683 2054 1801 2277 581 2323 1883 1334 2787 2114 341 2504 1898 2784 1353 789 483 328 407 1093 240 1971 1786 766 2238 1257 1357 614 1137 1818 2288 2281 39 2242 898 2072 1087 714 1207 1180 1558 2260 967 926 564 293 1149 2320 76 2533 1231 757
000538.jpg,1801 2277 529 1394 1300 1353 2784 545 1883 483 395 1533 2644 789 2054 1427 761 2113 304 2178 2249 2066 1213 2579 1749 2317 240 2000 2759 2381 1115 2546 1559 1106 251 581 989 374 44 16 2114 1449 1334 1483 1057 1951 485 1175 1389 1447 376 1469 1593 1230 2323 1306 834 2555 1727 1044 1277 1361 1451 2540 803 341 1818 2437 1672 1836 1900 2040 364 1798 572 962 658 727 589 646 967 737 436 215 1683 1914 2785 1357 101 2260 1898 2258 2700 1990 2281 2288 1093 39 1180 926
000539.jpg,1444 1663 947 1328 2767 1649 1679 1623 2707 1782 2836 1381 1054 2439 1045 1658 2241 169 2837 1544 2130 2011 1422 1617 645 712 179 735 2050 1993 445 1840 440 2628 1218 550 1051 1261 305 51 1640 155 2352 2840 1552 194 562 1029 1489 2721 1586 2046 992 497 1369 1701 1417 860 2649 1569 715 1710 1096 1416 1948 480 100 1362 2631 925 2454 1897 1870 2769 64 2714 26 439 348 2650 2289 48 663 1796 2538 433 2375 518 231 463 197 2735 1775 965 1788 2545 2034 900 1486 1437
000540.jpg,1749 44 16 1447 1483 1057 376 2317 1469 2249 2437 1672 761 1836 1449 1914 2700 1990 2785 1631 1178 1535 291 832 1476 88 2745 2202 1856 2111 576 465 2180 1713 1116 1224 2547 2441 1714 683 1838 95 47 1346 2129 2190 2258 2555 834 1044 1727 676 596 824 1277 60 983 1743 1561 310 132 1176 695 2827 2016 1103 540 1620 603 2275 1693 2656 2149 1197 1732 830 1450 1161 1847 1513 34 2523 2422 1228 1999 1073 751 1304 1795 1773 1678 617 1785 2058 2695 441 2383 1523 1019 499
000541.jpg,196 2474 776 353 98 2361 869 1963 1625 2462 1819 2334 1864 585 2353 910 276 1643 233 2067 871 1042 701 2081 2256 2027 809 2103 1402 781 883 1633 1600 69 416 381 664 2110 11 247 282 1245 14 1985 2426 765 265 1973 1403 66 2001 1745 1136 206 153 1751 2157 2336 1344 2536 2582 1204 1077 2132 2264 1519 2434 2485 862 652 825 1246 779 929 1574 2328 923 1179 2491 515 2304 975 343 1977 1528 2147 1152 1036 318 873 1778 2170 2405 2661 827 400 2603 1667 2575 819
000542.jpg,1436 1504 222 2218 2512 2362 1305 1933 1790 2355 850 2071 1052 836 2096 935 1321 1098 2691 1911 796 2156 2645 897 2750 1638 1806 1709 2201 2432 1736 2450 2342 755 320 144 1200 1682 1479 1387 2318 2420 99 823 1267 2452 372 399 2593 595 208 2587 1510 2655 1599 2074 1676 1621 1976 666 2642 599 1717 380 443 1006 461 2446 1145 73 2537 453 2163 1628 401 981 731 2469 2126 477 1160 1233 760 437 1872 2147 256 396 281 2627 2677 1865 2449 1671 8 1047 612 2747 2098 177
000543.jpg,537 2473 472 403 2138 1159 352 2063 1803 1349 1815 2484 1009 2455 837 2811 2255 1571 961 1060 1539 2213 1862 264 2758 1607 1069 1341 307 1618 2226 2513 2189 17 573 2399 385 814 2431 1421 2266 2648 1520 2727 2783 2175 2403 1735 846 642 2835 1828 405 1509 2412 2820 2710 2269 2614 1964 1698 2223 2486 226 741 1025 2709 2371 195 600 1622 166 2595 147 577 2576 2801 2092 2781 1 1814 2100 127 2372 969 1101 2738 317 2776 2833 685 1540 2340 795 2797 667 2338 913 1572 234
000544.jpg,304 2113 1213 2066 1389 2178 658 727 589 1115 2546 1306 1951 485 1175 545 1533 2054 1334 2579 1137 614 2323 1798 962 572 1559 1106 646 2072 1361 1451 1087 2000 1207 714 1394 1427 1558 1230 1683 1883 1300 898 2759 1353 2784 374 2277 1801 2787 581 2540 529 803 2644 483 2114 1257 395 240 251 789 1786 1971 853 1597 1093 426 2260 2409 2022 63 1019 989 1166 1928 93 895 1590 2504 2381 1593 2040 1900 364 2024 341 101 634 2143 24 1898 436 215 737 407 328 1333 293
000545.jpg,2551 2284 2146 2018 1289 2008 719 764 2485 35 190 1534 1493 914 1351 1157 1577 2824 615 1997 1128 2209 812 1915 1403 247 206 153 862 276 2487 1121 1204 2582 1751 2603 1633 1772 450 303 539 2585 723 1359 58 604 343 212 871 549 874 1247 490 1347 2453 2718 1344 2204 2734 1762 2165 516 1595 256 632 1819 2462 2334 1864 781 1170 381 1402 318 1152 1036 630 11 2110 664 2361 765 2147 282 2353 2336 825 883 1245 2593 2067 869 1246 2157 2256 998 928 2729 1657 701
000546.jpg,1891 2816 1723 2171 2043 2810 2666 650 1916 2346 475 807 759 6 1260 285 1221 582 546 2643 1083 2841 1702 820 1603 620 732 1697 750 334 922 1570 411 1858 1541 1761 1153 1605 1882 181 1188 372 1456 1139 122 2387 1797 37 420 2768 1397 1284 1763 2152 2502 2167 298 1953 148 468 829 956 2476 2261 2268 2168 2194 2313 229 594 459 2494 661 1227 1738 973 2278 636 2807 1536 1318 2521 1015 1610 1884 2118 980 1285 669 42 953 448 1090 476 214 2348 1602 1866 1768 2048
000547.jpg,2053 726 1124 1037 1635 1715 390 1967 2236 1050 1293 655 331 999 159 1097 314 326 31 580 1011 1140 1216 430 1008 1822 1187 2406 1648 1118 1475 27 2715 2407 2301 391 1395 1756 2773 1755 805 1317 1143 2693 1647 1972 2402 721 2470 799 1274 1924 2061 1506 2062 478 344 2765 1921 2232 1438 471 402 838 1472 1568 2429 363 936 484 653 295 643 1662 89 1929 1275 1730 1692 209 139 2687 1026 1127 2690 2467 1024 758 2396 1262 455 1918 2465 2505 356 1282 296 408 2059 786
000548.jpg,494 2057 2291 574 1223 2683 647 2639 2435 146 1555 1874 482 1899 677 1439 2051 2220 1931 2526 2183 2427 939 682 2438 2089 657 2569 1592 491 1721 1876 2809 686 2445 2708 2813 1433 2704 1937 255 598 974 2248 2580 1473 12 1330 217 1639 2393 948 2598 329 2436 2382 804 1452 1185 274 1088 2719 790 140 1868 2308 1464 608 994 447 1777 1944 1055 2499 2766 2825 864 526 2728 2712 619 1076 2286 531 521 508 368 1725 444 2294 2207 725 1825 637 2617 2657 271 2440 1408 1942
000549.jpg,2227 2786 979 176 340 1588 1132 1562 554 536 142 2078 1492 2668 2029 429 868 555 1033 2743 1890 1393 1888 802 1268 432 289 332 2333 1886 1431 36 2384 21 2451 2108 1256 878 2117 571 1686 1418 597 1053 886 1065 733 1430 1699 1553 681 417 199 866 2380 2267 1236 62 361 1398 893 500 743 302 292 78 2423 901 680 1793 1499 121 988 193 2090 569 2568 2415 2217 865 427 2808 1266 1952 2839 2570 1329 2335 2038 1399 964 1949 2795 1910 2640 1754 1041 2421 1038 1764
000550.jpg,1588 1132 536 1268 36 1431 2117 802 1236 340 988 193 121 1699 1553 1430 1886 571 2090 569 500 733 2380 2267 1256 2333 429 1492 142 2078 555 866 901 878 680 1499 2227 2786 979 1793 743 332 1562 1053 432 176 2568 2415 2217 868 2029 2668 554 427 1065 1888 1890 1033 2743 1393 681 289 2839 2421 1038 1754 1041 1329 2335 2795 2423 2451 2384 21 2570 1949 1764 865 1952 1910 1266 2808 199 964 2038 1399 1249 2108 1233 380 1872 981 760 437 62 1189 2047 370 292 78
000551.jpg,67 627 1810 2509 2583 1012 1406 249 1001 2121 2350 202 1075 1944 1055 2294 1609 404 93 895 1590 2224 2057 494 2291 574 2728 1594 378 1195 1869 1825 725 2435 2207 2580 1928 1166 2302 191 1165 1899 657 1056 2409 2161 1452 677 359 146 2663 1842 18 2 686 140 1868 2708 790 2719 1557 2622 1390 1223 835 1646 863 339 1986 1940 1185 1464 2393 948 2286 1777 974 1076 2683 647 1639 2639 2558 2825 165 2766 1130 1334 2323 447 883 288 257 2843 1707 1325 2292 1126 692 2736
000552.jpg,1113 1425 1449 1057 350 1144 2305 1006 443 1933 1790 2071 1380 2502 2152 2512 897 946 836 2096 935 2362 1197 2691 1911 796 1504 2218 222 1436 1082 1308 1267 1305 1090 1263 1750 1219 2514 2355 2542 586 1605 104 905 474 2245 144 1200 320 1763 459 1685 954 617 2167 1462 1183 376 16 1447 1469 2258 149 1760 182 1712 2443 1641 1525 1371 1304 1044 2268 850 1423 1333 761 205 1487 1471 924 835 543 2030 1866 1103 60 907 275 2449 2535 1671 8 1474 745 325 2249 2317 1052
000553.jpg,1749 2317 16 1447 44 376 1469 1483 2249 1057 761 1449 1672 2437 1836 1631 1914 2785 2700 1990 1535 832 291 1178 60 2129 1346 2258 1727 2555 1277 1103 465 1044 834 540 1476 2745 88 1561 2202 576 2180 1856 2111 1838 1713 1224 1116 2547 676 683 1714 47 2275 1620 603 1999 2190 1732 2441 95 1197 830 1450 1743 1073 596 983 1176 132 695 1304 1183 1462 824 2058 1523 441 2695 2383 1678 310 34 2523 2422 2016 2359 2827 339 1646 863 1847 1513 1161 2656 1693 2149 751 1795
000554.jpg,536 1588 1132 1268 571 2090 569 193 121 988 340 36 1431 2839 802 1329 2335 2117 2795 1065 332 429 1764 555 901 1952 2570 2808 1266 2078 142 1492 1793 2217 2415 733 2333 1886 1430 1699 1553 2640 427 1562 1399 964 2038 1256 1236 878 680 2380 2267 2668 2029 500 1910 2227 2786 979 432 1033 2743 2568 865 1890 1393 358 176 866 1337 2031 1070 2120 2221 1668 2602 1374 2083 868 933 672 1499 1249 1888 2828 554 729 1686 597 1418 417 289 743 2108 1053 886 62 377 2578
000555.jpg,2568 2415 2217 1793 901 427 571 1886 340 193 988 121 2090 569 743 1256 2333 1236 1430 1699 1553 1065 2380 2267 536 370 2047 1189 802 432 500 332 2423 865 878 554 1499 1053 56 2032 868 866 323 2078 1492 142 176 681 1888 429 1431 36 2117 555 2108 733 62 417 1418 597 1686 1268 979 2786 2227 886 1132 1588 199 289 1398 361 680 1890 1949 1562 78 292 302 893 1754 1038 2421 1041 964 1399 2038 2029 1393 1952 2384 2451 21 2668 2808 1266 1521 640 1272 13
000556.jpg,823 73 380 1599 2074 437 1233 760 1872 2163 1628 453 1510 399 981 401 2587 595 208 2655 461 1976 477 1145 2829 177 2122 1717 816 2679 1903 1085 1163 2055 1047 99 2747 612 2098 2469 2126 731 1160 1023 141 460 156 164 2577 72 2009 2636 694 1784 1415 2722 172 2775 1241 1808 2274 1688 174 320 2512 1200 1155 796 1911 2691 144 850 1305 2218 222 1504 1436 2355 1100 2362 1089 2420 1404 897 2156 2750 2318 1321 1098 935 2096 836 2642 2645 2282 2446 1052 1479 1682 1387
000557.jpg,1113 2502 2152 1605 1425 1144 1449 1057 84 941 1139 1197 2542 815 1987 1866 350 1525 1371 2841 1477 1616 1696 244 2115 594 1685 954 617 1760 1712 182 149 2305 946 1953 1304 214 1602 2348 75 198 2497 2627 396 1380 1333 281 2677 2494 629 1263 1750 205 474 481 1891 2245 905 2623 1103 60 924 1471 1487 1267 2141 1591 2112 1004 940 2030 783 1434 1343 2737 117 1641 1219 2514 2263 2768 1397 420 1423 909 183 2791 2203 1280 2620 1922 1400 1999 949 2101 104 2816 1084 1184
000558.jpg,2794 1781 2164 239 2091 1505 525 383 2311 27 113 449 654 245 209 139 2280 838 2173 1248 1356 49 1299 625 1141 2070 252 1924 2396 1787 408 2025 2669 1435 216 356 296 1282 192 2232 679 822 2137 1274 1262 455 653 207 225 61 1506 858 1598 2470 1127 1168 2279 1829 1780 1843 495 1612 344 2565 1037 1124 131 1216 1140 2053 241 290 1568 1472 799 561 1273 2236 1875 268 2693 2285 1500 2531 1756 1395 2142 1481 418 389 758 1662 1961 786 1465 2244 1503 363 1941 2698
000559.jpg,1891 1605 1570 2152 2502 1723 2816 2346 1916 475 285 1221 6 2841 2768 1397 420 546 582 2666 650 298 1139 2494 594 759 1953 1083 2043 2171 2810 1260 807 148 1113 1697 1738 2643 2179 820 1603 122 2521 2167 1285 1502 1866 510 750 334 1602 2348 214 37 1702 1456 953 2203 973 1188 1284 1922 2620 1400 411 2118 980 1884 459 1610 1015 924 1487 1471 1488 1080 922 2268 1184 117 448 2573 620 732 244 2115 1616 1696 1537 690 23 327 1198 468 2677 281 629 815 1987 2706
000560.jpg,48 1569 715 100 2721 562 2433 439 1796 64 2545 2034 51 305 1640 1453 1490 155 2713 2376 1901 2309 201 1860 2556 2272 1416 1096 1496 1948 2631 1316 194 2352 1261 2628 1218 1051 231 2650 2815 2289 1965 1636 1897 2454 2046 497 992 1586 712 925 26 1369 518 1870 1362 2538 663 348 1840 2649 2714 1617 1422 2023 2439 169 1544 2837 1782 1381 2836 2767 1658 2045 1584 1710 1045 2130 2769 2241 550 1417 947 1663 1444 480 1993 1649 1788 179 1328 1701 860 440 1489 2755 747 1253
000561.jpg,2185 1375 1234 2174 2327 1539 1930 1575 2801 1129 1034 264 2092 2186 2833 2844 2473 2298 2484 493 133 2226 2330 741 2269 1392 1792 2517 2175 2662 2125 1580 1694 2063 1735 2797 2584 1411 57 2616 2229 352 280 1724 2455 1009 837 2189 2139 299 1814 2576 2710 2709 2371 2461 2418 2548 689 667 1278 687 1684 2481 2004 1294 1446 665 795 1925 1982 1665 2374 1758 2456 570 2403 1816 1366 1480 1279 746 403 1619 1159 1861 1270 143 2529 958 1664 1939 2838 1360 210 2619 1215 2541 879 1863
000562.jpg,1453 1490 2433 2376 1901 2713 2309 1860 201 715 1569 100 48 2034 2545 2556 2272 2721 1796 1496 562 64 439 51 1640 305 1316 155 2815 1636 1965 2352 194 1096 1416 1261 1948 1218 992 2046 497 1586 231 1051 2628 1362 2631 2650 1897 2553 2289 2538 950 1799 1840 518 663 1752 2367 168 925 2439 2454 440 26 2837 169 1544 173 1146 2069 1123 2714 348 1422 1617 2769 747 712 480 2755 623 1148 2312 978 1369 645 1878 2023 770 1253 59 1202 1710 1054 1417 1993 1649 2767 2649
000563.jpg,2252 1583 945 639 1920 2647 1578 916 227 841 1651 2682 1977 1063 1579 2328 2491 1179 998 2310 2042 1566 1367 1239 2792 9 1770 517 114 1211 1368 2097 2488 887 515 118 778 1970 2723 2065 382 1854 2711 1531 1470 875 1210 2459 748 2575 311 1585 1667 819 2379 512 492 1154 2304 1851 567 1769 919 952 1354 579 2349 808 763 2793 2026 566 2225 923 1791 2778 7 975 1528 1271 2729 928 1657 930 2416 982 528 25 151 2618 2559 1209 513 2658 2093 607 1906 2357 781 2462
000564.jpg,403 1159 2063 2484 1815 1009 2455 837 264 352 2092 2844 2269 2833 2797 1814 2189 1539 2576 299 2139 2403 2811 2255 2371 2138 573 17 1338 2412 90 2100 1622 600 1571 2399 537 1122 1589 2473 2486 1735 667 317 2776 307 1982 1925 1349 2731 1549 891 1291 1238 267 741 2338 846 642 428 1619 1994 472 2175 226 1698 2223 2727 1520 1862 1572 234 913 1025 795 1 2213 1409 2253 195 879 1863 1803 685 385 814 2431 1060 262 888 2226 2385 1509 2783 1095 1816 2158 1373 349 2215
000565.jpg,2473 537 2138 1735 472 2371 403 2403 1863 641 2576 1619 226 2771 741 879 1373 1549 2213 667 2776 385 2431 814 1982 1925 428 1803 2385 2269 1509 1539 2092 2139 299 2783 2801 262 888 1807 991 1295 127 2758 1607 1341 1069 1862 1816 2833 2363 557 2460 352 1480 1366 577 147 2595 2094 1078 1530 160 1814 961 2175 1159 2607 1660 2633 687 1349 2710 2844 2731 1060 2797 2811 2255 2513 2738 166 2266 1421 90 867 1618 2226 1815 2614 1964 1589 1122 2820 2063 685 1828 2835 405 2189
000566.jpg,1613 1909 662 2064 2282 921 2596 1518 1879 1290 631 1017 2796 2140 2049 1058 394 451 2392 1906 2357 446 1301 1567 1237 1981 2093 530 984 607 1604 1119 1002 908 1978 2262 243 813 1105 1396 355 1370 1554 852 660 2257 2696 1673 360 2259 1331 1614 1621 1676 2782 2543 942 2085 1718 710 1384 542 2660 2664 1739 2458 966 2600 1495 54 1000 1853 2452 1808 2274 1742 337 897 1688 1404 1100 487 1695 1155 1681 2446 320 2642 1893 50 460 1089 144 1241 2537 666 599 1705 2722 172
000567.jpg,909 1866 1113 2502 2152 1605 1525 1371 214 1602 2348 2572 1084 1139 2263 2623 2678 1198 941 84 1953 1280 953 2101 1487 1471 924 474 2503 1144 2386 1205 270 1458 398 117 1987 815 244 2115 1696 1616 1232 2841 1726 183 2141 2761 1768 2048 2030 1659 1979 2498 387 1477 594 1591 1283 275 205 43 2791 481 2573 1960 40 2303 2494 1596 1880 1802 1108 1502 2688 2197 2203 851 2116 959 327 1922 1400 2620 1184 2591 2230 335 1687 621 762 106 1927 1199 785 104 2521 1488 510 1738
000568.jpg,2054 1306 1175 485 1951 646 589 727 658 2787 1798 572 962 2323 1334 1394 2000 529 2644 1451 1361 395 2277 1801 1559 1106 2540 1389 2113 304 1230 2178 545 1213 2066 1533 1427 757 293 2320 1149 1115 2546 1728 2533 1231 251 1137 614 1683 29 2072 2673 286 2172 1087 989 2579 754 2021 2756 2024 2759 101 215 737 436 2114 1207 2381 218 1597 426 1300 1558 714 2040 364 1900 374 1883 2430 581 2504 341 24 2143 634 853 1093 803 1689 1353 2784 1984 1312 483 2472 898 789
000569.jpg,726 2236 999 1475 2053 314 2429 484 2059 806 534 1050 1662 331 655 2470 2407 2301 1037 1124 295 2687 780 1275 1929 344 290 2806 1635 390 1715 1967 1481 418 786 2244 1465 1008 52 1730 430 1506 346 389 478 1438 471 1216 1140 363 2765 1568 402 758 1022 1273 89 2698 53 2821 1378 1274 1843 936 268 1875 2232 1024 1918 108 1395 1756 1262 455 2531 1317 1039 27 391 1755 805 504 799 467 2285 131 561 2693 2505 2465 838 840 2773 2634 1706 464 452 1941 1924 2406
000570.jpg,2792 998 1583 1579 2252 841 118 517 2491 2328 1179 1063 1920 945 639 2647 2065 567 9 1578 1791 1977 2682 1651 808 1354 1769 919 952 1854 382 2711 515 1970 778 227 916 1770 1851 1470 1531 887 114 2379 748 2778 2310 930 2042 928 1657 2729 1211 975 2097 2225 763 2304 2575 923 819 1667 1585 1210 875 2723 2793 7 1368 1239 1566 1367 2488 982 2459 1154 492 311 579 1271 2349 512 566 2026 2416 151 25 513 1209 2658 1528 2559 2618 528 353 98 776 2474 196 1742
000571.jpg,2011 1054 645 2707 1623 1679 1328 1663 1444 947 1649 445 2767 1045 2130 1544 169 2837 2840 1617 1422 1552 2439 712 2050 735 1381 2836 1782 179 1658 2241 1029 440 1993 550 1218 1840 1261 2352 1051 194 2628 1640 305 51 155 463 1489 2735 562 1253 860 1701 1417 197 1775 2287 319 2375 433 2649 2631 2721 1369 1870 1710 2714 480 2454 2769 1416 1948 1096 2289 2046 497 1897 992 1586 925 26 715 1569 659 2650 100 1362 439 134 663 518 64 965 2538 1788 348 1486 900 1437
000572.jpg,2043 2171 2810 650 2666 2816 1723 1916 475 2346 1891 807 2841 820 1603 1260 334 750 411 1541 922 2387 759 1697 1456 1188 2643 6 1153 1858 1761 1221 285 1284 1763 122 1570 468 1139 1702 546 582 37 372 229 2167 1083 2313 1605 732 620 829 1397 2768 420 2268 1953 1090 980 1884 2118 2261 181 1797 1227 956 1610 1015 1882 1865 476 148 2502 2152 953 298 2168 459 669 1602 2348 1866 214 1471 1487 924 2823 2425 1738 1308 1082 2521 2476 594 448 2194 661 2573 1560 1006
000573.jpg,264 837 2455 1009 2484 2063 1815 2844 2797 1159 2833 2092 2269 299 2139 1814 352 2576 1539 403 2189 90 2371 667 2403 1925 1982 1549 741 1338 1735 2776 2731 1619 1622 600 2100 1589 1122 2486 879 2175 2412 428 317 573 17 2811 2255 2338 1994 1816 891 846 642 1349 2138 1238 1291 267 1863 226 1571 1409 2253 1480 1366 2399 1660 2607 2633 2717 2273 1824 1375 2385 1025 687 1572 234 913 1071 307 2174 1373 888 262 795 1930 1520 2727 557 2460 2363 1234 2327 2771 2215 1 2801
000574.jpg,2674 1896 734 847 1339 152 2028 532 671 2099 330 696 1741 1956 458 2742 354 505 2819 2500 2228 2177 1532 313 1563 28 1827 1704 972 238 2283 523 2181 1376 175 2191 849 587 2814 2250 503 2681 2557 1708 120 2479 772 711 1335 633 2365 2552 2527 2119 81 2773 1917 2689 1680 2370 2592 2716 2322 261 1873 2052 2534 533 1746 2193 92 705 771 602 2199 649 872 1010 2237 1111 1332 1961 553 2594 877 552 1156 2764 1117 2774 2812 1302 2105 1003 2144 68 1974 1182 235 1852
000575.jpg,2843 257 1707 1871 1526 2516 2613 1731 1138 406 1385 1779 2145 1007 288 416 1645 1800 1325 1992 392 410 1442 2763 519 742 2102 1079 2609 773 535 883 1969 1511 2377 1527 301 1419 2331 811 1894 1516 2219 1455 186 709 2110 664 937 112 2549 2341 1068 749 544 434 2730 1466 338 1005 821 843 648 1670 1946 253 1133 248 336 2746 538 730 751 2290 605 1783 365 1040 1546 1454 1110 2299 2788 435 94 1311 1794 1424 1379 2364 1131 568 1243 1850 1309 610 1634 2095 593 678
000576.jpg,2269 2092 2576 2833 1735 2139 299 1549 2371 2776 667 741 1619 1982 1925 1814 2844 2797 879 1539 428 2385 2403 2731 1373 262 888 1863 641 2771 2455 837 1009 1480 1366 352 2473 264 1122 1589 1816 2189 2484 1815 2175 2633 2607 1660 403 2063 557 2460 2363 687 90 1159 1295 991 1807 867 1509 2801 537 160 2094 1078 1530 814 385 2431 226 147 2595 577 2710 127 2811 2255 1291 1238 267 2138 891 273 2213 1025 1349 1862 2226 2783 2104 2524 1242 1803 2412 1060 1338 2517 1278 472
000577.jpg,59 2367 1799 2389 950 1545 1202 626 4 1146 1752 1737 2270 2082 2477 2069 283 556 1386 547 611 1319 266 312 2832 987 613 826 635 188 1102 1407 2556 1496 85 1644 1624 2631 41 2208 912 2205 716 2692 2044 2501 2411 1934 2528 2134 518 2530 996 1491 1405 1926 231 2300 221 708 918 345 1564 1181 1837 904 2312 1468 109 623 943 2373 197 2289 433 463 2375 2075 2538 663 1485 1656 2650 2817 2553 591 1587 1812 616 237 2675 700 1988 527 2131 651 124 2272 1316 1895
000578.jpg,523 505 2181 175 2552 2716 2191 2283 28 1563 2681 2500 313 238 734 1896 705 2819 458 1827 120 2674 2534 2365 2250 152 849 2689 2370 81 1741 587 1708 2177 671 2479 1339 2119 1532 696 847 2527 2557 2228 92 2028 532 330 2099 972 2592 1873 1704 2193 1917 2742 354 2052 1376 602 772 1010 1956 2764 503 1117 2144 68 1332 1111 2237 2322 553 968 1335 872 2773 2814 740 771 1680 633 261 2199 2799 1182 699 711 504 2687 1240 1730 1275 1929 2806 295 649 235 1164 963
000579.jpg,2716 2191 2365 2552 523 849 81 2181 175 2479 2370 2681 2819 2283 505 705 2500 458 1708 2534 1827 313 1896 1532 587 120 28 2119 152 2689 734 2674 1741 2527 1563 2557 1339 972 238 2177 847 2250 696 2099 330 2228 671 1704 1376 92 354 2742 1873 2592 2052 2193 1917 1010 532 2028 602 1117 1956 2144 68 772 968 2237 1111 1332 2764 2322 553 1335 503 740 771 872 1680 633 2799 1182 711 533 2814 235 261 2199 2812 1302 1974 1314 1955 2265 699 963 1164 1852 1500 449
000580.jpg,752 1593 291 832 1535 540 2542 1197 2823 2129 1346 465 1631 617 91 2235 792 2296 1561 1804 1334 1625 739 853 2567 1171 499 2323 2317 2224 1689 1597 60 2409 1153 205 1228 1865 2277 1801 1836 1795 1773 895 93 1590 897 2242 2751 1019 1761 24 2143 634 423 2437 1672 1483 376 1469 22 2109 1214 1103 1227 1933 2071 1790 1161 1847 1513 2194 189 1032 2060 2261 829 2430 1785 1166 1928 419 2554 894 2153 2249 2700 1533 476 676 96 1447 44 2260 956 1990 1999 2054 2627 396
000581.jpg,2510 431 70 2561 2478 2772 2077 2777 1753 1125 2161 1839 1390 1557 2622 1759 2757 1035 315 2302 191 1165 601 2818 951 1834 1252 2015 2663 2 1842 18 2315 2685 1980 1747 767 277 1833 1443 1938 2702 2686 889 211 2532 1460 2496 369 1989 269 1548 2102 1969 1442 1511 522 2667 202 1075 1340 990 502 2601 2471 1845 1323 103 1992 1114 297 1720 1608 1821 284 684 1908 1767 126 2276 2583 627 67 1406 249 1012 931 2434 282 1757 997 2507 123 1904 2150 882 1235 688 2314 1186
000582.jpg,1385 2145 406 1779 1007 2516 1526 1992 1871 1731 1138 519 2763 773 1707 2102 2613 1442 1325 257 1511 1969 1800 1645 742 288 2843 416 535 2377 1527 2609 1894 410 1079 2219 392 883 186 709 1455 811 301 1419 2331 1516 1068 112 749 821 2549 664 2110 1670 937 2341 338 1466 544 1005 336 730 2730 1110 434 2290 605 1040 365 2746 1850 1783 253 1379 2788 435 2299 843 2095 648 751 1311 1718 248 1133 1165 191 2302 610 1498 2087 1794 2161 1454 1546 538 2680 881 315 1634
000583.jpg,1125 2777 1753 2772 2077 2478 70 2561 2510 431 2161 1759 2622 1390 1557 2757 315 951 2818 601 2302 1165 191 1834 2015 1252 2 2663 1842 18 1035 1839 2315 2702 2685 1980 277 767 1443 1833 1938 1747 2686 889 1460 2532 211 369 1989 2496 522 502 2471 990 2601 2667 1904 2507 997 269 1548 1340 1323 103 1511 1442 1969 2102 1720 1821 1608 578 202 1075 1757 882 2150 123 126 1767 1845 2276 1114 297 284 1413 684 1908 2434 282 1012 249 1406 931 1235 1391 1186 688 2314 2624
000584.jpg,59 1545 2389 2367 626 1202 4 950 1799 2270 2082 1146 556 547 1386 611 1319 1737 1752 635 312 2832 987 188 1102 2477 2069 1407 85 283 266 2300 826 221 613 1926 2790 943 1405 1624 1644 2411 2528 1934 2044 2501 518 2373 2134 817 2631 659 2556 1496 1656 41 2208 912 1855 2075 2817 2538 663 2692 2205 716 1122 1589 2731 2289 197 463 2375 433 2231 1652 904 1468 2312 345 1491 996 2530 1485 1489 860 1417 1701 2034 1796 2545 480 2769 2454 1278 2189 1264 1096 1948 1416
000585.jpg,312 2832 987 1102 4 1146 1386 547 1545 1319 611 556 2270 2082 1202 1624 1644 2389 59 635 2411 2528 188 85 1934 2044 2501 1407 626 2367 1926 2790 2300 950 1752 1656 221 817 943 2817 1405 1799 1737 2069 2477 518 283 2631 266 659 2375 433 197 663 2538 826 2289 613 463 2034 2545 1796 2208 41 912 1190 2574 1496 2556 2650 860 1701 925 1369 26 1870 1983 2454 2075 2134 1855 2373 2649 348 440 1636 1840 1316 1965 2272 2815 2424 2515 1710 1489 1417 480 1264 2205 345
000586.jpg,2294 1056 1944 1055 2728 2207 137 1212 2741 2135 899 204 725 1825 1606 116 79 686 1067 1076 1463 2068 722 2665 2842 1935 2286 1464 1940 1986 97 2248 2511 1547 246 1134 2580 165 1452 2435 447 1899 804 2041 2813 2305 2766 2825 2558 1937 2382 1639 2393 948 1777 1874 2719 1130 692 657 574 2057 2291 494 1185 329 2598 2436 1868 140 2708 350 1223 677 2292 2736 790 2319 974 146 2809 1876 1721 647 2683 1841 682 2438 2639 1962 1126 2569 1592 491 12 1473 362 2258 442 2427
000587.jpg,1579 2252 1583 1920 2647 639 945 1578 841 1179 2491 2328 1063 998 1977 2682 1651 2792 1770 9 916 227 517 114 887 2310 2042 118 2065 1769 952 919 1354 1211 1531 1470 515 748 2097 567 1851 1791 2379 808 382 2711 1854 2575 2778 1367 1239 1566 778 1970 1667 1585 819 1368 930 2225 928 1657 2729 2723 763 2488 923 2304 975 2459 1210 875 1154 492 512 1271 1528 982 579 311 2026 566 7 151 2349 528 2793 2618 2559 2416 25 2150 1255 986 513 1209 196 776 353 98
000588.jpg,1681 487 1705 337 1742 2600 1384 2085 942 2543 966 2458 1495 1695 1508 791 1287 2803 1565 1853 1000 1031 2369 1893 50 1978 2660 1739 2664 54 542 607 1676 710 360 2259 2782 660 1554 1370 813 243 2262 1105 355 1396 1002 1119 852 1718 530 2392 2257 2696 1614 1331 1673 1604 1301 2093 446 921 2049 984 908 1237 1981 1567 1017 2596 1518 631 1946 1290 2064 320 144 451 2357 1058 2282 871 2361 781 1906 2353 776 353 98 2474 1879 2796 2140 1621 394 196 1042 2103 2394 105
000589.jpg,1054 1679 2707 1623 645 1328 2011 1444 947 1663 1649 445 2767 1045 1544 169 2837 2130 2840 1552 2439 2836 1782 1381 1422 1617 2050 735 712 1658 2241 179 1029 440 1993 1218 1261 2352 1051 1840 550 194 2628 305 1640 51 155 2735 1489 562 463 1253 1775 1948 1416 1096 2287 319 1701 1417 860 197 497 1586 2046 992 2375 433 2631 1362 1870 1369 1710 1897 2714 2721 2649 2454 2289 26 925 2650 480 2769 659 1569 100 715 134 439 64 663 965 2815 2272 2556 1496 518 900 1486
000590.jpg,1125 2777 1753 2077 2772 2478 2561 70 431 2510 1759 1834 2757 1252 2015 315 2161 2818 951 1557 2622 1390 601 18 1842 2 2663 2302 1165 191 1035 1839 2315 2702 767 277 2685 1980 1938 1443 1833 2686 889 2471 502 990 2601 2532 211 1989 369 1460 1747 2496 2667 522 103 1323 1908 284 1720 1821 1608 1340 297 126 1767 684 1845 578 2276 2102 1442 1969 1511 2583 2350 1001 2121 1235 688 2314 1186 702 848 1830 1107 1975 250 1413 2434 282 2507 123 1904 882 1757 997 2150 2509
000591.jpg,1533 304 2113 2066 1213 2178 545 1389 2546 1115 658 589 727 2579 2054 1306 1175 485 1951 1334 2072 1427 2323 614 1137 374 1087 1207 2759 1300 581 1558 1394 1683 1798 962 572 2000 714 2114 1106 1559 898 1883 1801 2277 1353 2784 483 646 803 2260 1230 1257 1451 1361 1093 529 1971 1786 789 2540 989 1593 1166 1928 341 1590 93 895 2787 2409 2644 240 251 1898 63 2022 1019 2242 395 407 777 1091 1996 2381 1357 328 364 1900 2040 1333 2504 39 230 1818 2238 766 2542 2288
000592.jpg,1037 1124 2053 1216 1140 27 2236 1395 1756 1317 1755 805 391 1274 1921 390 1635 1967 1715 430 1008 1647 721 2402 1972 2061 799 2693 331 655 1924 344 1506 1050 936 1187 2406 1648 653 2301 2407 561 1475 363 726 1918 314 1127 2232 402 1612 1568 999 1780 1472 478 216 1303 471 1438 1282 356 296 408 1011 2396 1293 643 838 49 2137 822 159 1781 758 1787 455 1262 31 326 580 383 2698 786 1273 1356 389 1299 138 2794 295 207 225 61 113 139 209 2470 192 2669
000593.jpg,312 2832 1146 987 1752 4 1102 1545 59 1202 950 635 2367 2389 626 1407 1386 547 85 556 1799 611 1319 2270 2082 2790 2069 2300 1644 1624 221 188 2411 1737 2528 2044 2501 943 1934 1926 1405 518 2631 2477 1496 266 1316 283 1965 1636 826 613 2538 663 2556 1656 2815 1840 817 2272 440 2817 2050 735 439 64 1658 1045 2241 2553 231 173 2373 1855 2134 2075 1422 1617 1485 1788 1796 2034 2545 2628 1051 48 1870 2649 2454 480 2769 155 179 550 2424 1190 1983 2515 2574 1490
000594.jpg,757 2533 293 1149 2320 1728 2787 29 2673 1231 286 2172 1533 2054 2024 646 754 2756 2021 426 2540 1597 2430 218 634 2143 24 1689 2323 1334 1951 485 1175 1306 853 2472 1312 1984 727 589 658 572 1798 962 2000 1427 251 2644 1394 529 395 1389 1106 1559 1115 2546 1801 2277 184 1451 1361 967 2260 803 1230 101 989 614 1137 1719 1804 2381 737 436 215 1900 2040 364 1683 2072 2579 304 2113 2114 545 2178 581 374 2759 341 707 1257 2066 1213 1207 1558 714 1883 2504 1300
000595.jpg,2533 1149 293 2320 29 2673 2172 286 2024 426 2756 2021 754 1689 1728 2143 634 24 2430 1597 1231 2787 757 1804 853 218 1719 967 213 2408 707 2638 91 2296 2235 792 184 1849 2472 739 1984 1312 1478 1593 2354 1448 1265 2224 1533 2615 119 1383 80 1296 558 2295 2413 135 2390 1529 1733 2744 540 1269 1722 1867 1166 1928 424 465 2409 19 291 1346 832 2129 1535 2566 895 93 1590 2260 499 789 240 1951 1175 485 483 232 520 1945 1207 1558 714 1257 1298 1434 614 2072
000596.jpg,1948 1096 1416 1362 1897 2272 2556 497 992 2046 1586 2815 1496 1965 1636 1316 1051 2628 1218 1261 194 2352 439 64 2713 201 1860 715 1569 2721 48 562 2545 2034 2755 2631 155 1796 747 100 2433 1584 2045 258 770 1840 2309 1710 2023 518 1381 1658 2241 2836 1782 1640 305 51 1490 1453 1901 2376 1123 1878 221 2300 1926 1489 1405 635 2439 2707 1623 1679 2767 1649 231 2650 2289 2538 663 1752 1146 2069 950 1701 860 1993 1045 947 1663 1444 1328 1054 1386 626 1320 1388 1392 1319
000597.jpg,1115 2546 1389 2113 304 2178 1213 2066 1306 2054 545 2000 485 1175 1951 1559 1106 658 589 727 2579 803 646 572 1798 962 1451 1361 1533 1394 2540 251 2323 1427 529 1334 2644 1230 374 2787 395 989 2759 1801 2277 1683 581 1300 101 2381 436 737 215 364 2040 1900 1883 2114 483 341 1353 2784 789 1137 614 2504 2072 1898 1093 1087 240 1257 1207 1971 1786 714 293 1149 2320 328 407 1558 898 1357 1818 2281 2288 2533 2673 29 39 2238 766 1180 2242 2024 2260 1728 926 564
000598.jpg,2624 1845 126 1235 297 848 1114 1908 103 1323 931 1830 702 688 2276 1767 284 1186 578 835 2471 990 502 2601 1340 1107 522 903 1413 2388 2314 1391 2667 1821 1608 1720 768 684 250 1975 65 1254 1310 1512 211 1460 2532 369 1989 2496 2561 70 2663 2 2077 2478 2823 277 767 2777 1125 1753 2510 431 18 1842 601 2346 1916 475 5 1515 315 1759 2757 1390 1557 2622 2772 1035 1723 191 2302 1165 1260 1247 2405 1249 1259 1251 1942 1257 1256 1198 1255 962 2404 1252 1250 1197
000599.jpg,865 729 2031 1070 2120 2221 2539 2798 2640 2629 1429 2428 964 2038 1399 2671 377 828 2578 358 933 672 2828 2839 370 2047 1329 2335 2602 1668 1374 1337 2808 1266 2520 2210 1952 1189 640 1764 323 56 2032 1249 1910 1272 13 2570 698 955 1521 2795 427 2083 2415 2217 2090 569 2568 988 121 193 1041 1038 1754 2421 340 1049 932 839 1949 1793 2333 571 500 536 1499 432 1065 901 332 2264 1268 1236 1699 1430 1553 1886 743 2380 2267 1588 1132 1256 802 2117 36 1431 2423 2451
000600.jpg,2473 1539 352 403 2138 537 1815 2269 2801 1814 2833 2175 2092 837 1009 2455 2484 1816 1549 2710 1480 1366 879 2226 2576 264 1159 2797 2139 299 2063 2844 1619 1349 2213 2189 685 961 2614 1964 1618 2371 2403 2460 2363 557 1660 2607 2633 667 741 1025 405 2835 1828 1925 1982 2776 90 307 2255 2811 1735 1803 600 1622 2266 1421 273 1 2399 2727 1520 2104 1242 2524 2595 577 147 472 867 1060 2709 226 2820 2100 166 2648 1540 2340 2431 385 814 846 642 2738 46 428 2486 1589
000601.jpg,2252 1583 227 916 2042 2682 1651 1977 2310 1578 2647 1920 945 639 841 1239 1367 1566 2491 2328 1179 998 1063 1579 517 1211 1368 2792 114 1770 9 2488 2097 2711 1854 382 778 1970 311 1210 875 2459 2723 515 512 118 2065 887 2575 492 1154 2349 579 1585 1667 819 748 763 2379 2304 1531 1470 566 2026 2793 567 1851 808 2225 7 1528 1271 1791 928 2729 1657 2416 923 930 982 528 975 151 2618 2559 25 2778 1354 919 952 1769 513 1209 2658 607 2093 2357 1906 781 2334
000602.jpg,767 277 1833 1443 1938 1747 889 2686 2496 2510 431 211 1460 2532 1980 2685 2315 2702 1989 369 70 1839 1035 2818 951 2622 1390 1557 2757 2015 1252 1165 2302 191 1759 1834 315 2478 2161 2561 2772 601 2663 2 2077 2777 1125 1753 18 1842 269 1548 578 1413 1391 1908 2471 2601 502 990 126 2276 39 1357 1340 2388 684 250 1975 1767 284 1241 1239 2408 1266 1944 1243 1265 1260 1259 1942 1257 1256 1255 1254 2404 1251 1943 1250 2405 1247 2401 1246 1245 1244 2157 1263 2400 1249 1237
000603.jpg,2832 312 987 1102 1146 59 4 635 1545 1202 2389 1752 2367 950 1407 85 1644 1624 626 611 1319 2501 2044 2411 2528 1386 547 556 2790 1934 188 2270 2082 1799 2300 1926 943 221 2069 1405 1737 1656 2631 518 817 283 2477 2817 1496 266 1636 1965 1316 2538 663 826 2556 613 2815 1840 440 2272 2241 1658 1045 912 41 2208 1788 2545 2034 1796 1870 2649 231 173 2553 155 48 735 1051 439 2050 64 2628 659 2289 433 2375 463 197 179 550 2515 2424 2574 1983 1190 1901 1453
000604.jpg,2268 2167 956 459 167 454 1882 20 2222 1267 2162 1697 115 1995 38 1090 1308 1082 275 1763 1744 2726 1006 586 751 1570 1456 830 1450 298 1661 1678 37 1057 1732 973 2494 1284 829 1285 448 2275 1620 603 1073 1761 1188 669 443 411 1687 1449 2030 1400 2620 1922 2791 22 1214 2109 2751 2168 1171 122 2567 1153 1147 1120 922 827 400 2661 1401 2573 2623 1280 2593 1979 661 2518 2706 690 1425 476 327 1227 2261 16 1469 1447 907 1749 2263 1084 997 2507 1904 2823 1044 2216
000605.jpg,503 711 633 2773 1680 772 2322 1335 2228 1746 2592 2250 2814 2052 2028 532 2193 1956 1376 602 1332 671 1704 261 2199 872 740 2237 1111 1852 847 649 1339 152 1774 354 2742 238 330 2099 1896 972 734 1297 523 28 2177 2552 726 2674 1563 505 1293 1097 159 1275 1730 2806 1929 2687 1118 2716 1532 31 580 326 1822 2597 2764 504 295 1240 1885 1099 1650 999 587 2119 696 1961 655 331 1741 1314 1135 2819 458 1117 1050 314 2053 1026 2062 2181 2610 175 2236 220 2191 1708
000606.jpg,1681 1705 487 337 1742 2600 1384 942 2085 2543 2458 966 1495 1508 791 1695 1287 1565 2803 1853 1000 1031 2369 1893 50 1978 2664 1739 2660 1676 54 542 607 710 1554 1370 813 660 2782 243 2259 360 2262 1105 1396 355 1119 852 1002 1718 530 2392 1604 1301 1614 1331 2696 2257 1673 2093 446 921 2049 1981 1237 1946 984 1567 908 1017 320 2596 1518 1290 144 631 2064 1058 2361 871 451 2282 2394 105 781 2357 2353 776 2474 353 98 1778 2843 2420 1879 1909 1613 2140 2796 1906
000607.jpg,1728 2533 757 2320 293 1149 29 1231 2673 2172 286 2021 754 2756 2787 218 1533 2024 2430 1984 1312 426 1689 2472 1597 634 2143 24 184 2054 853 2638 646 80 119 1383 1296 1804 2260 1719 1175 485 1951 967 1306 727 589 658 213 2408 1106 1559 2000 1478 707 739 529 2540 2744 1733 91 2296 2235 792 395 1849 2354 558 135 2295 2413 1394 2644 1265 1451 1361 2277 1801 1448 2390 1529 436 737 215 251 101 2224 572 962 1798 1593 2040 1900 364 2381 545 1389 1230 1334 1427
000608.jpg,392 2331 1419 301 2843 257 1707 519 2763 773 1871 1138 1731 2613 1779 1385 2145 406 2516 1526 1992 1007 1645 1800 416 2102 288 742 1442 1969 1511 1325 410 883 2609 1079 535 811 1894 1455 2377 1527 94 2341 2110 664 843 2219 253 1516 937 709 538 186 2549 1133 648 248 1546 1454 434 112 544 336 1424 338 1466 1005 2730 2746 730 1498 1131 749 1068 1946 1243 751 2364 1794 1311 2290 821 717 11 2299 1968 1783 605 1495 610 1670 2788 870 2095 593 365 1040 1778 105
000609.jpg,2801 557 2363 2460 2104 2524 1242 1295 991 1807 1735 879 2473 273 2771 2710 1863 1549 641 687 1539 1480 1366 1373 2517 1619 127 2175 1816 2139 299 2529 143 2607 2633 1660 428 537 2385 741 2185 888 262 551 342 1059 2371 147 577 2595 2576 867 1925 1982 1215 2269 2833 1803 2776 1509 667 1440 2092 385 814 2431 2298 133 2226 718 2619 2403 1811 1167 1355 1947 2731 2783 472 154 976 697 1129 1862 2709 2797 1445 958 1514 2844 1349 1358 386 352 2444 1684 588 1081 583 1497
000610.jpg,348 2714 2769 480 925 26 2454 1369 2649 1870 2538 663 1788 550 1417 1710 1701 860 1489 712 518 179 463 197 2289 2375 433 2650 2130 1422 1617 1029 231 2721 562 100 715 1569 1640 51 305 2050 735 48 1796 1895 161 769 439 64 440 155 169 2837 1544 2482 1045 2034 2545 2735 2439 2309 2713 1860 201 943 1386 547 1840 1453 1490 2631 221 2790 2241 2840 2082 2270 1253 173 1407 1405 1901 2300 2376 556 659 2628 1926 1102 2433 645 445 1552 2011 1319 611 2767 1993 817
000611.jpg,2294 1056 1944 1055 2728 2207 1825 725 1212 2741 137 899 2135 204 1606 116 1463 79 1067 1940 1986 2842 1935 2068 2665 722 686 2766 2825 447 165 2558 97 1134 2511 1547 246 2305 1076 2041 2435 2580 2286 692 2248 1464 1899 2719 1130 1452 1937 2736 2292 2813 574 2291 2057 494 804 2319 350 790 1874 1962 1639 2393 948 1777 2382 657 1126 1223 677 140 1868 1185 2436 2598 329 1876 1721 2809 2708 146 1841 1473 12 442 362 974 647 2683 2639 682 2438 2258 2506 1592 2569 491
000612.jpg,1113 1144 2677 281 629 396 2627 2494 2573 907 1979 1184 1502 327 117 2179 1641 2303 2203 1687 1198 2791 1471 1487 924 2359 1183 1462 298 953 594 2620 1400 1922 475 2346 1916 1380 2101 115 1995 38 275 1423 1080 946 510 543 2245 1591 1537 690 1205 1659 2030 1285 973 956 1882 423 1006 1082 586 1308 104 941 84 23 2132 1973 1267 1397 420 2768 2706 2171 1425 205 1084 1263 1750 1570 1723 1057 2502 2152 40 1960 851 546 582 1221 443 1757 123 1255 986 882 1661 2222
000613.jpg,1593 2409 1166 1928 2323 1334 1535 832 291 2277 1801 1197 1300 2542 1427 483 93 895 1590 2784 1353 540 1137 614 1533 2072 853 2129 1346 1883 1597 792 91 2235 2296 789 1689 2540 2054 240 465 24 634 2143 714 2260 529 646 2546 1115 2430 739 1558 1207 617 426 1804 251 545 2024 1087 898 1389 803 1798 572 962 1631 2178 2242 304 2113 2066 1213 1561 761 374 2644 2579 2317 967 2249 1394 1971 1786 2114 1019 1306 1257 395 581 727 589 658 2224 1175 485 1951 1719 2000
000614.jpg,1325 2516 1526 1385 1779 406 2145 1007 1992 1871 2102 1442 1731 1138 1969 1511 1707 288 773 519 2763 257 2613 2377 1527 535 1455 1079 811 1800 1645 410 1670 112 749 742 1068 1894 1005 416 821 2341 1516 937 544 2843 2730 336 2290 2746 2299 1466 338 2788 730 2219 1783 1110 883 1379 2549 434 2151 1794 253 709 1498 605 1131 673 2609 1311 568 1243 186 365 1040 2095 2364 1850 392 435 1966 593 648 1142 2697 1968 610 2087 2519 2243 881 1634 1424 800 2680 2196 248 1133
000615.jpg,1262 455 2470 726 1506 2232 999 2236 1475 290 1568 383 314 1274 2053 2429 655 331 1781 799 1050 1141 1216 1140 484 1780 61 207 225 1299 2070 534 806 2059 2794 2025 2669 192 2137 822 1037 1124 838 1924 1843 1011 1662 1967 390 1715 1635 1022 356 1282 296 408 1875 268 49 2531 2396 654 139 209 1127 295 2407 2301 89 2765 1787 389 1024 245 2280 131 1275 1929 346 758 1730 2821 2687 653 2091 2164 239 430 780 344 53 52 2565 525 1008 1755 805 2806 2173 2693
000616.jpg,932 839 1049 698 955 1521 1249 1189 2047 370 56 2032 323 1754 2421 1038 1041 865 1949 2671 2210 2520 828 2578 377 640 2083 1337 13 1272 1910 2629 2428 1429 729 2539 2798 672 933 2828 2640 2221 2031 1070 2120 2150 2839 2335 1329 1668 2602 1374 358 2570 1399 2038 964 1764 2795 1952 1266 2808 193 121 988 340 986 1255 2267 2380 1757 123 882 571 1553 1699 1430 536 1886 1256 2333 332 2387 372 1236 802 1065 500 743 2090 569 1477 1499 427 2415 2217 2568 733 2117 1431
000617.jpg,1896 734 2674 505 523 152 2181 1339 2819 2500 2283 175 458 313 847 1827 28 1563 2191 1741 1532 671 330 2099 696 2681 587 2177 238 2552 849 120 2742 354 532 2028 1708 972 2365 2228 2716 2370 2479 2250 81 2119 2557 1704 1376 705 2534 1956 2689 2527 503 2814 772 92 2592 1335 633 1917 2773 711 1873 2052 2193 1010 1680 602 261 2322 872 2199 649 2764 1117 1746 1111 2237 1332 533 968 553 771 2144 68 2799 1182 740 1852 699 235 1974 2812 1302 2105 1003 552 1156
000618.jpg,1993 2767 179 1045 1489 1444 947 1663 2130 1649 2836 1782 1381 1051 1710 1261 1218 1328 550 2241 1701 860 1658 2050 735 1617 1422 2628 1417 1054 712 2011 1679 1623 2707 2439 1544 169 2837 2352 194 440 645 1788 1840 155 305 51 1640 1096 1948 1416 445 1552 2840 2046 992 1586 497 197 1386 2082 547 2270 433 2375 2769 463 1029 562 556 1362 2650 2289 1897 480 1369 2649 2714 134 715 2721 1569 2454 1895 2482 769 161 100 1870 64 231 2631 1253 173 663 925 348 2538 1496
000619.jpg,2489 2699 1846 1538 2247 76 2495 564 926 1818 1180 2493 2324 230 1357 2288 2281 39 1091 1996 777 2224 739 2019 1786 1971 1257 989 2114 581 751 2414 2754 575 2550 1507 1104 1669 2409 1928 1166 107 1177 2604 397 2641 728 1194 55 2176 362 2258 1841 737 436 215 1691 364 2040 1900 2080 1523 441 2383 93 1590 895 101 341 1883 1353 2784 1482 2000 2381 2695 2787 1898 1137 614 1106 1559 845 373 803 1593 1719 2072 1300 1036 318 1152 1361 1451 1804 1601 2036 198 2497 75
000620.jpg,312 2832 987 1102 4 1146 1319 611 635 1545 1202 1644 1624 547 1386 2389 59 85 556 1407 2044 2501 2411 2528 1934 2270 2082 188 2367 626 2790 1926 950 2300 943 1752 1656 221 1405 817 2817 1799 1737 2069 2477 283 266 518 2631 826 613 663 2538 2375 197 433 2289 659 463 41 912 2208 1190 2574 1796 2545 2034 1855 2373 2075 2134 1496 2556 2650 2424 2515 1983 1701 860 1369 925 26 1870 2454 2649 348 1965 440 1840 1636 1316 2272 2815 2692 716 2205 1710 1489 1417 480
000621.jpg,1132 1588 536 1268 1431 36 2117 802 340 429 2078 1492 142 555 571 733 193 121 988 1886 878 500 569 2090 1256 866 332 1699 1430 1553 2333 1236 2786 979 2227 1562 680 2029 2380 2267 1053 2668 868 176 1065 432 1890 1033 2743 554 1888 901 1393 1499 743 289 681 21 2384 2451 1793 2415 2217 2568 199 2108 427 62 417 361 1398 1418 1686 597 2839 886 1329 2335 893 2423 2795 302 292 78 1764 1038 1041 2421 1754 2570 1952 1266 2808 865 1949 1910 1399 2038 964 2640
000622.jpg,2269 2092 2833 2844 2797 264 1539 299 2139 2455 837 1009 741 2484 1814 2576 352 2189 2063 1815 2403 2371 1375 1159 2174 403 1735 1234 90 667 1549 2175 2731 1925 1982 2327 2801 1291 267 1238 1122 1589 1575 687 1930 2473 2776 891 1619 1034 2548 573 17 2662 428 1816 1580 1863 2186 1792 57 879 1480 1366 1392 2138 280 317 2100 2418 1278 2330 2125 133 493 2004 2486 1349 600 1622 1338 2229 2412 1373 1571 1758 641 642 846 2226 2255 2811 537 689 2607 2633 1660 1724 2385 2771
000623.jpg,1113 2502 2152 1605 84 941 815 1987 481 1525 1371 1144 1866 2141 2101 106 1927 183 270 1198 2503 1084 621 1283 2623 117 785 2197 2572 1768 2048 2761 2030 909 205 2263 959 1960 40 1205 1064 2056 2522 45 1280 2791 1726 1632 96 851 1108 2678 398 1458 171 1032 189 2060 1979 1696 1616 244 2115 1477 2116 1659 1139 2386 1184 327 1591 2348 214 1602 2494 1232 2303 275 592 2203 1802 1880 43 2620 1922 1400 1953 594 2571 2401 1425 1365 907 474 762 2245 1641 1502 1364 2841
000624.jpg,835 2624 1114 931 1908 768 65 1107 284 2388 1845 702 1830 903 990 2471 502 2601 848 522 1254 1310 2667 1340 126 297 1235 1323 103 1512 684 578 688 1186 1767 1975 250 1608 1821 1720 2276 2314 1413 1391 1425 2561 309 1217 333 2496 369 211 1460 2532 1989 70 2305 350 856 5 1515 431 2510 827 2661 400 2077 2823 767 277 2777 1753 1125 2478 1057 1449 2 18 1842 2663 2118 1884 980 1015 1610 2772 423 752 205 1401 861 1570 468 1035 42 1625 1907 2702 2818 1252
000625.jpg,1613 1909 662 2064 2282 921 1879 1518 2596 1290 631 2049 1017 394 1906 2796 2140 1058 2357 2392 451 2093 446 1237 1981 1301 607 530 1567 1604 984 1002 1119 1978 908 2262 660 243 1396 1105 355 813 2696 2257 852 1673 2259 360 2543 1554 1370 1621 1614 1331 942 2085 1676 2782 1384 710 2660 542 337 2274 1808 1718 1739 2664 1404 1100 1742 54 1688 2452 1853 1000 2458 2600 487 966 897 1681 1495 1155 1089 460 1241 1145 2446 2642 1287 1893 50 1695 1705 320 2803 1565 2577 172
000626.jpg,2702 2685 1980 2315 277 767 1938 1833 1443 369 1989 211 2532 1460 2 2663 951 2818 2496 2686 889 2015 1252 1548 269 1834 1747 2510 431 601 1842 18 70 2161 1125 1753 2777 191 1165 2302 2772 1557 2622 1390 2077 315 2757 1759 2478 2561 1035 1839 2667 522 1413 578 202 1075 2102 1969 1511 1442 2601 990 2471 502 2583 1391 1908 284 997 2150 882 1904 123 2507 1757 2350 1001 2121 1114 103 1323 250 1975 684 1992 126 1845 2276 1646 339 863 2518 1073 627 67 2509 1810 1357
000627.jpg,222 1436 2218 1504 2512 2362 1305 2355 1790 1933 850 2071 796 2691 1911 2096 836 935 1052 1098 1321 897 2156 2645 2750 1638 1709 1806 2201 2432 2450 755 1736 2342 144 320 1200 1682 1479 1387 2318 2420 99 823 1267 2593 208 595 2587 399 1510 372 2655 1976 1006 443 2452 461 2074 1599 1676 2642 1145 1717 477 380 2446 666 599 73 1628 453 401 2163 981 731 2469 2126 1621 396 2627 2677 281 2537 1865 2449 1160 1872 760 437 1233 256 2147 8 1671 2535 1474 745 325 1047
000628.jpg,816 1903 2679 177 2829 2122 1163 1085 2163 760 1872 477 453 1628 437 1233 981 380 2074 1599 1976 73 401 1145 461 1510 399 823 208 2587 595 2655 1023 2055 1688 141 2636 2009 72 1415 172 2722 1808 2274 460 2775 1717 2098 2747 612 1047 174 1784 2577 156 164 1241 1100 1155 694 1089 1404 1160 2469 2126 731 99 2282 631 2537 1290 2642 666 599 2446 144 2452 1518 2596 850 2156 1017 2064 2645 2691 1911 796 935 2096 836 2750 2432 2512 1321 1098 320 2380 1236 2267 2218
000629.jpg,849 2479 1532 1708 1896 81 458 2365 2191 2819 120 152 1741 2674 1339 2500 1827 734 2283 2557 972 587 330 2099 313 847 2716 2181 2681 175 523 696 505 2370 2552 28 238 2228 2742 354 2119 1563 2177 2534 671 2250 1704 2527 92 705 2689 1376 1010 1917 532 2028 1956 2592 2052 1335 2193 772 602 1873 455 1262 968 2322 1500 449 1273 2470 1506 1111 1332 2237 2773 726 2814 503 2794 533 2698 1568 1941 711 1680 633 740 1117 872 1781 534 290 561 418 786 806 2059 1662
000630.jpg,1062 129 501 726 1932 467 1378 788 125 2634 1022 1813 1923 456 324 1730 2470 1281 108 1912 840 999 1026 2806 753 2687 1929 1275 1039 1475 504 2465 2505 2236 927 1831 1655 295 2142 241 1789 89 2398 628 1220 1297 2062 1024 1568 2765 2053 452 1503 314 331 655 2407 2301 1050 2429 1706 464 484 1008 758 1662 220 1048 430 1967 1715 390 1635 1262 455 2059 534 806 389 495 478 1240 2821 2232 363 1273 1875 268 1124 1037 1438 471 402 2285 346 53 2773 1843 786 2690
000631.jpg,803 2546 1115 2178 2113 304 251 1389 2579 2066 1213 101 2040 364 1900 989 545 374 1559 1106 2381 2000 1394 737 215 436 1361 1451 1427 2540 395 2644 529 1230 962 572 1798 2759 341 646 581 1683 1300 1801 2277 1533 2504 2114 1883 1898 2323 2054 2787 1334 1306 1951 1175 485 328 658 589 727 407 1093 2784 1353 483 1971 1786 2238 766 789 1257 1357 2242 240 1818 2288 2281 1137 614 39 898 714 1207 2072 1180 1087 1558 564 926 76 967 2260 1231 230 757 1149 2320 293
000632.jpg,2294 1056 1944 1055 2728 2207 1825 725 1212 2741 137 899 2135 1606 204 116 1986 1940 1463 1935 165 447 97 2825 2766 2041 686 2558 1076 2842 1130 2286 1464 2305 2580 2719 2248 1452 246 1547 2511 1134 1067 79 2435 692 2319 1899 2057 494 2291 574 2665 2068 722 350 2292 2736 2813 790 804 1962 1937 2382 1876 2809 1721 1841 2393 948 1639 1473 12 657 1874 1777 677 1223 1126 362 2258 140 1868 442 1185 146 1001 2350 2121 217 1330 2583 2639 1942 1408 271 2440 974 647 2683
000633.jpg,2252 1583 916 227 2042 2065 998 2310 1063 1651 2682 841 1578 1579 118 945 639 2647 1920 1211 2792 1977 517 1566 1367 1239 2328 2491 1179 567 1791 808 1368 9 1470 1531 748 887 1770 311 1210 875 515 919 1769 1354 952 2349 2304 2488 1851 114 923 1271 2097 2793 2416 763 7 975 2778 579 2379 2225 528 982 25 151 513 1209 2658 2618 2559 2575 1970 778 930 2459 1854 2711 382 1585 819 1667 2723 492 1154 1528 2729 928 1657 512 2026 566 607 921 2049 2064 1613 1058
000634.jpg,2185 1375 1234 2174 2327 1539 1930 1575 2801 1129 1034 264 2092 2186 2833 2844 2473 2298 2484 493 133 2226 2330 741 2269 1392 1792 2517 2175 2662 2125 1580 1694 2063 1735 2797 2584 1411 57 2616 2229 352 280 1724 2455 1009 837 2189 2139 299 1814 2576 2710 2709 2371 2461 2418 2548 689 667 1278 687 1684 2481 2004 1294 1446 665 795 1925 1982 1665 2374 1758 2456 570 2403 1816 1366 1480 1279 746 403 1619 1159 1861 1270 143 2529 958 1664 1939 2838 1360 210 2619 1215 2541 879 1863
000635.jpg,2092 2833 264 2484 2269 2455 837 1009 299 2139 2063 1814 352 1539 1815 2844 1159 2576 2797 2371 403 1735 667 1925 1982 1549 2776 1619 741 2189 2403 1589 1122 879 428 2175 1816 2731 2633 2607 1660 90 1863 1366 1480 1349 1338 226 2473 573 17 867 2100 2412 2138 1622 600 1025 1373 2399 2771 2226 2486 317 2727 1520 307 2801 2385 537 1994 2811 2255 2717 1824 2273 1071 1572 913 234 641 2338 557 2460 2363 1 385 2431 814 891 2710 642 846 472 888 262 1238 1291 267 2253
000636.jpg,2043 807 2171 820 2810 750 334 1603 1541 650 2666 1260 2816 2387 1723 1153 1761 411 1697 1891 2346 1916 475 759 922 1456 1188 2643 6 2841 1858 829 2823 372 1284 1763 956 122 1702 37 2167 285 2268 1221 468 229 1882 2313 476 620 732 1227 2261 669 1090 2168 1570 582 546 1865 459 1083 448 661 181 1139 1797 2194 298 1308 1082 1267 2476 2425 1006 586 619 973 1953 1015 1610 1605 1884 980 2118 521 2308 2712 1285 1560 443 637 2657 2617 2706 1866 2348 214 1602 1199
000637.jpg,304 2113 1213 2066 1389 2178 658 727 589 1115 2546 1306 1951 485 1175 545 1533 2054 1334 2579 1137 614 2323 1798 962 572 1559 1106 646 2072 1361 1451 1087 2000 1207 714 1394 1427 1558 1230 1683 1883 1300 898 2759 1353 2784 374 2277 1801 2787 581 2540 529 803 2644 483 2114 1257 395 240 251 789 1786 1971 853 1597 1093 426 2260 2409 2022 63 1019 989 1166 1928 93 895 1590 2504 2381 1593 2040 1900 364 2024 341 101 634 2143 24 1898 436 215 737 407 328 1333 293
000638.jpg,2028 532 671 1339 1956 2674 734 1896 152 847 696 1704 505 2099 330 28 238 1563 2742 354 458 1741 2500 2819 2228 2814 1827 972 2250 1532 503 2177 313 1376 2181 523 2283 587 2557 2191 120 175 849 772 711 1708 2681 633 1335 2479 2773 2552 2527 1680 81 2119 2365 2592 261 2370 2689 1917 2716 2322 533 1746 2052 92 1873 2534 2199 872 649 602 2193 1010 705 771 1961 877 2594 1156 552 2764 1117 2105 1003 2237 1332 1111 200 1021 2017 618 553 2610 1650 1099 2774 1974
000639.jpg,2551 2146 2284 2018 1289 2008 719 764 1128 2485 35 1534 1997 276 1351 190 615 2824 914 1493 1157 1915 1403 2487 812 1577 2209 247 206 153 862 1751 1633 2582 1204 1121 2603 604 212 58 343 549 871 874 1247 490 1772 303 450 2453 2718 1347 539 723 2585 1359 2204 1344 2734 2165 1762 1595 256 1864 1819 2462 2334 632 516 781 381 1402 318 1152 1036 1170 2361 664 2110 11 2147 630 2256 2593 869 765 2353 282 825 2336 1245 883 1077 1600 2012 2391 2001 2264 998 1963
000640.jpg,1801 2277 1300 2784 1353 1883 545 1394 529 483 2178 304 2113 1213 2066 2579 1427 2054 1533 240 1115 2546 789 1389 2000 2644 2759 1106 1559 395 251 2381 374 581 2540 1361 1451 962 1798 572 1306 989 1334 1683 1230 341 2114 803 1175 485 1951 646 2323 589 658 727 1898 2040 364 1900 1093 967 407 2787 436 737 215 328 2504 1593 1818 761 101 1180 1357 766 2238 2249 2072 757 926 564 2242 2288 2281 2260 614 1137 39 1257 1749 1971 1786 1087 1231 1728 63 1019 2022 1333
000641.jpg,2150 1255 986 1757 882 123 1521 955 698 932 1049 839 2387 372 2617 637 2657 1249 2629 1429 2428 2083 1910 2421 1041 1038 1754 2798 2539 2308 521 358 2038 964 1399 1337 334 750 1541 1603 729 377 828 2578 928 1657 2729 2445 255 1330 619 2712 2427 217 2089 820 930 2031 1070 2120 2221 1949 2520 2210 2671 1477 1236 36 2117 1886 1431 2267 2380 743 802 733 1433 2704 1931 2526 482 500 2183 2778 2640 933 2828 672 2333 2507 997 1904 1266 2808 1430 1699 1553 2423 1952 1793
000642.jpg,849 2479 1532 1708 1896 81 458 2365 2191 2819 120 152 1741 2674 1339 2500 1827 734 2283 2557 972 587 330 2099 313 847 2716 2181 2681 175 523 696 505 2370 2552 28 238 2228 2742 354 2119 1563 2177 2534 671 2250 1704 2527 92 705 2689 1376 1010 1917 532 2028 1956 2592 2052 1335 2193 772 602 1873 455 1262 968 2322 1500 449 1273 2470 1506 1111 1332 2237 2773 726 2814 503 2794 533 2698 1568 1941 711 1680 633 740 1117 872 1781 534 290 561 418 786 806 2059 1662
000643.jpg,1057 16 1447 44 1469 1483 1749 376 2317 2249 1449 761 2437 1672 1836 1914 2785 1631 1990 2700 2258 1620 603 2275 1732 1450 830 1535 832 291 1073 751 1856 2111 1678 1178 1714 676 88 2745 1476 465 2202 683 2180 1116 1224 1713 2383 441 1523 60 1103 1838 576 2695 47 1646 863 339 1346 2129 2547 2441 1561 2518 2555 834 1044 1727 2080 1999 1120 1147 1277 373 845 540 2190 310 393 1244 2136 983 2827 2523 34 2422 1482 95 824 1743 132 1176 695 1462 1183 1197 1304 596
000644.jpg,849 2479 1532 1708 1896 81 458 2365 2191 2819 120 152 1741 2674 1339 2500 1827 734 2283 2557 972 587 330 2099 313 847 2716 2181 2681 175 523 696 505 2370 2552 28 238 2228 2742 354 2119 1563 2177 2534 671 2250 1704 2527 92 705 2689 1376 1010 1917 532 2028 1956 2592 2052 1335 2193 772 602 1873 455 1262 968 2322 1500 449 1273 2470 1506 1111 1332 2237 2773 726 2814 503 2794 533 2698 1568 1941 711 1680 633 740 1117 872 1781 534 290 561 418 786 806 2059 1662
000645.jpg,1175 1951 485 658 727 589 1306 1389 1334 2323 1137 614 714 1207 572 1798 962 1087 2072 304 2113 2054 1597 1558 2178 426 853 2546 1115 646 898 2066 1213 2540 1451 1361 24 634 2143 2024 1427 1106 1559 1533 2787 2000 1230 1801 2277 293 1149 2320 529 545 2644 2409 1394 2430 1689 1257 1928 1166 2579 93 1590 895 395 2533 1683 374 251 1786 1971 803 581 2759 2673 29 286 2172 1300 2114 483 2381 1728 1900 364 2040 1883 757 989 1231 240 789 1593 1804 2224 2260 2756 2021
000646.jpg,1781 383 2794 245 209 139 2396 2669 2025 1787 838 2173 49 192 525 2280 61 225 207 408 2091 2164 239 654 296 1282 356 1506 1141 2070 653 1505 1924 2232 449 1274 1780 113 455 1262 2311 1299 1127 27 1356 290 1248 625 252 2470 1140 1216 1435 216 679 52 418 1481 822 2137 858 1598 346 344 495 1843 1472 2565 1465 2244 1037 1124 2531 799 1829 2279 1168 1941 2821 131 391 2285 786 780 1500 1662 1568 534 806 2053 389 2693 363 758 241 2429 726 484 2690 2467
000647.jpg,865 370 2047 1189 2090 569 729 2120 1070 2031 2221 2640 988 193 121 2415 2217 427 2798 2539 536 1399 964 2038 2568 571 323 1268 1952 2808 1266 2629 1429 2428 2671 2839 1793 340 56 2032 358 2795 1329 2335 640 1132 1588 2520 2210 1521 2570 698 955 1764 13 1272 2578 828 377 932 1049 839 1065 332 1910 2380 2267 1337 901 1236 500 2333 1249 1499 743 1886 2083 672 933 2828 1699 1553 1430 802 1374 2602 1668 432 1256 2423 1949 1038 2421 1041 1754 36 1431 1418 1686 417
000648.jpg,1113 1144 2152 2502 281 629 2677 84 941 815 1987 2101 481 1371 1525 1198 1605 117 1591 1641 474 1960 40 396 2627 1205 104 1423 327 851 2245 205 1979 907 2503 1232 183 2623 1687 1184 594 946 2494 2359 1462 1183 2030 2115 1477 1616 1696 244 2573 2197 905 1750 1263 2791 270 275 2303 1400 2620 1922 106 1927 2263 38 1995 115 2141 1768 2048 2761 2203 1659 398 1458 621 959 1084 423 592 543 1973 2132 2522 2056 1064 45 2443 1108 1283 1502 1380 1280 1226 2086 1425 2514
000649.jpg,1584 2045 2023 2755 747 258 770 1320 2545 2034 188 1796 1319 611 817 2817 1656 2556 1496 556 547 1386 2075 2134 2373 1855 996 2530 1926 2272 1965 1316 1636 2815 1416 1096 345 1491 2692 1407 463 197 1029 2082 2270 157 1485 1417 1710 2300 2790 85 1934 1788 708 918 48 715 100 1569 1948 1870 2649 26 635 1369 1428 1373 1375 626 623 1377 1388 622 1392 1421 1366 616 1409 1411 1414 613 606 1381 1405 638 1360 1276 1278 1279 1291 1292 1294 1295 1307 659 1313 656 651 1362
000650.jpg,589 658 727 1306 1137 614 1951 485 1175 1334 2072 2323 2054 1207 1389 1087 646 2113 304 714 1558 2178 2540 1213 2066 1533 1115 2546 1798 962 572 898 1801 2277 545 1427 1597 853 2409 1166 1928 2000 1394 1257 93 895 1590 529 426 2579 2644 1559 1106 1451 1361 2143 634 24 2024 2787 1197 395 2542 1786 1971 1230 1593 251 803 293 1149 2320 581 374 2430 1689 1683 2114 2667 2759 2533 617 522 676 101 291 832 1535 1300 483 436 215 737 2381 1883 60 1304 2242 1561 1114
000651.jpg,1370 1554 243 813 1495 1105 355 1396 2458 966 2257 2696 1673 1614 1331 1384 1742 1604 530 2660 1681 487 337 2600 942 2085 1705 1301 2543 2049 1567 1002 1000 1853 1695 1893 50 446 1031 542 908 2369 54 1981 1237 1739 2664 660 710 1508 791 360 2259 1565 2803 1287 2782 1676 921 984 1978 451 1058 607 1119 1017 1518 2596 2064 1290 2140 2796 1621 2392 2262 631 852 1946 144 320 2282 394 1879 2093 1909 1613 2394 662 2357 105 1906 2420 2452 1718 871 2353 2361 825 765 2336
000652.jpg,2502 2152 1113 1605 1866 1525 1371 84 941 1144 815 1987 1139 1602 2348 214 1953 1084 2841 2623 909 1280 2115 1696 1616 244 1477 481 2263 594 2141 1198 2572 327 205 1184 2203 117 275 2030 1502 2791 1687 2503 1960 40 851 629 281 2677 2101 1891 2179 1927 106 2494 2620 1400 1922 1205 474 1471 1487 924 2245 1659 785 1232 183 510 2303 1979 1488 420 2768 1397 2678 907 1738 1365 1425 1423 1641 621 2627 396 1263 2521 398 1458 1591 2197 423 905 270 1750 752 2060 1032 189
000653.jpg,320 1200 2512 1387 1479 1682 2362 2318 2355 2691 796 1911 144 2420 1305 1436 2218 1504 222 850 1052 2071 99 1709 2201 2432 897 1790 1933 836 935 2096 2750 1638 1806 2156 2645 1321 1098 755 1736 2342 2450 372 2452 1676 2642 823 599 666 2446 1621 1145 2537 852 1717 731 2126 2469 2655 1160 2587 595 208 1510 1718 399 2074 1599 630 1267 1976 2098 2747 612 401 2593 461 73 908 380 477 1119 1047 981 2163 141 453 1628 760 1872 1978 1002 437 1233 2829 177 2122 2262 443
000654.jpg,865 2568 2217 2415 427 2047 370 1793 1189 1399 964 2038 358 1236 2267 2380 2120 2221 1070 2031 743 901 955 698 1952 2808 1266 1521 2333 2629 1429 2428 1430 1699 1553 2640 500 2539 2798 729 56 2032 1886 323 340 1256 121 193 988 1249 571 933 672 2828 569 2090 2423 2795 1499 2570 2602 1668 1374 2117 1431 36 2335 1329 839 932 1049 536 1764 2839 432 802 2671 828 2578 377 733 1337 1872 437 380 760 981 1233 1041 1038 2421 1754 1910 1588 1132 554 868 1888 2264 681
000655.jpg,167 454 2222 20 2268 2162 2726 1744 1995 38 115 2751 1570 2167 459 1171 2109 1661 2567 22 1214 956 2494 298 1487 924 1471 2573 1882 827 400 2661 1456 1401 1697 1284 1288 1703 2216 1363 1285 1267 2791 973 2030 448 275 37 1904 2507 997 1090 1308 1082 1763 122 411 1537 327 1188 2179 586 1006 2706 690 1080 1922 2620 1400 1687 629 2677 396 281 2627 2593 669 829 1979 953 117 1198 1502 1761 1891 650 2666 1221 582 546 2118 1610 1884 980 1015 2346 1916 475 285 23
000656.jpg,67 627 1810 2509 2583 1012 1406 249 1001 2121 2350 202 1075 1944 1055 2294 1609 404 93 895 1590 2224 2057 494 2291 574 2728 1594 378 1195 1869 1825 725 2435 2207 2580 1928 1166 2302 191 1165 1899 657 1056 2409 2161 1452 677 359 146 2663 1842 18 2 686 140 1868 2708 790 2719 1557 2622 1390 1223 835 1646 863 339 1986 1940 1185 1464 2393 948 2286 1777 974 1076 2683 647 1639 2639 2558 2825 165 2766 1130 1334 2323 447 883 288 257 2843 1707 1325 2292 1126 692 2736
000657.jpg,196 98 2474 776 353 2361 2334 2462 1864 1819 869 585 1643 910 2353 1625 1963 2081 276 701 2067 1042 2256 2027 2103 1402 233 809 69 871 781 381 2264 1600 2001 883 1077 416 265 1973 2132 1344 153 206 343 11 2582 1204 1751 664 2110 2603 1170 2012 2391 2426 873 607 2336 2157 247 66 2803 1287 1565 282 765 862 1633 1778 2093 1136 652 1745 825 1246 1245 14 1031 2101 1574 929 779 2443 1519 543 2487 1128 2485 2434 490 2453 2718 1219 303 450 539 1772 1985 1997
000658.jpg,340 536 1132 1588 802 2227 2786 979 1268 176 1431 36 2117 1492 142 2078 429 555 571 1886 2333 332 1562 554 2668 432 2029 868 1890 1256 2743 1033 1393 733 1553 1699 1430 1888 1236 500 2267 2380 1065 121 193 988 569 2090 878 289 2108 1793 866 1053 901 743 2568 2217 2415 21 2451 2384 427 1499 597 1418 1686 886 865 681 199 417 2423 62 680 893 1398 361 1266 2808 292 302 78 1952 2570 1329 2335 2839 1764 2795 1399 964 2038 2640 56 323 2032 1910 1070 2120
000659.jpg,2714 348 2769 480 925 2454 26 1369 2649 1870 2538 663 550 1788 1417 1710 518 860 1701 712 1489 179 197 2130 463 2650 2289 433 2375 1422 1617 1029 231 2721 100 715 1569 562 48 1796 51 1640 305 439 64 2050 735 2482 769 1895 161 169 2837 1544 1045 155 2735 2439 2309 201 2713 1860 440 943 2545 2034 1490 1453 221 1993 1386 547 2631 2790 2082 2270 1253 173 1407 1901 2300 2376 2840 1840 1405 2241 2011 645 2628 1926 1102 659 556 1552 445 2433 1054 1319 611 2707
000660.jpg,403 1159 1815 2063 2484 837 1009 2455 352 537 264 2138 2473 472 2092 2269 2833 1539 2844 1814 2797 2576 299 2139 2255 2811 2371 2189 2403 1349 1803 1735 17 573 2412 667 1571 2213 2399 2100 1982 1925 307 2776 2486 1622 600 642 846 1338 741 1589 1122 1619 317 2175 1549 1862 1291 1238 267 2731 90 385 2431 814 2226 2727 1520 891 1060 226 2338 961 2223 1698 1025 2648 1618 428 234 1572 913 1816 1509 1994 685 879 2783 1 195 2801 2513 1421 2266 795 127 2710 2340 1540
000661.jpg,1575 2174 1234 1930 1792 57 1392 1034 1580 2186 2456 570 2327 280 2418 210 2004 1861 2461 1276 1665 2330 793 1859 746 1758 689 2125 1724 1072 2374 421 1279 2229 1664 294 1375 704 493 2548 756 422 2838 133 77 859 366 797 1030 548 1947 1196 1358 2694 976 2590 228 263 801 1457 1776 934 2672 2662 2513 1229 656 885 1576 2332 2356 1887 1350 1551 2123 2541 2155 884 2039 1716 857 1043 185 720 1348 1292 1765 2659 1857 706 2184 1086 2206 880 2581 1193 158 1877 2739 1191
000662.jpg,2185 2517 1129 2584 1411 2298 2529 143 1440 2271 718 958 1215 386 2619 1684 1694 697 1514 1445 2801 2616 810 787 30 1360 2481 1446 1294 665 638 71 1630 1939 1270 1242 2524 2104 1112 414 2460 2363 557 1258 273 2246 795 1278 991 1807 1295 879 127 969 2473 2771 1735 511 2339 2710 2444 1863 2709 1619 1349 2175 1549 641 1373 1059 342 551 685 741 1025 2269 299 2139 537 147 577 2595 2740 154 1 2833 1509 1524 1539 1982 1925 1366 1480 687 1816 2607 1660 2633 2092 2385
000663.jpg,1007 2145 1385 1779 406 1871 1138 1731 2516 1526 1992 2763 519 1707 773 2613 742 1645 1800 257 2102 1442 288 1511 1969 1325 2843 416 2609 392 535 1894 1527 2377 883 301 2331 1419 186 709 2219 410 664 2110 1079 1455 811 2549 1516 112 1068 749 2341 937 821 336 1718 253 1670 751 544 434 338 730 1466 1783 2730 1110 1005 2087 1498 1040 605 365 1794 2788 2746 1311 2290 11 94 1133 648 248 1424 843 1495 315 1165 191 2161 2302 1759 2757 1850 1379 1131 1678 2275 603
000664.jpg,540 949 1561 783 617 1346 2129 1535 832 291 1343 2737 940 1004 2242 2112 1298 1999 1434 1019 1631 1093 63 2022 2542 1103 310 1228 2827 2111 1856 1513 1847 1161 1785 60 1795 1773 2441 2238 407 766 777 1996 1091 1197 1898 1760 1712 182 499 198 75 2656 1693 2149 149 1914 341 1304 2785 95 2317 2016 1743 328 2497 954 1685 824 596 132 1176 695 2504 983 230 2547 576 2190 1483 376 88 1476 2745 1683 895 93 1590 1333 1672 2437 1593 2202 1257 1786 1971 232 1945 520
000665.jpg,2777 1753 1125 2772 2077 2561 70 2478 431 2510 2161 1759 2622 1390 1557 2757 315 191 2302 1165 2818 951 601 1834 2015 1252 1035 2663 2 18 1842 1839 2315 1980 2685 2702 277 767 1747 1938 1833 1443 889 2686 1460 2532 211 369 1989 2496 522 2471 2601 990 502 2667 269 1548 1904 997 2507 1340 1969 1442 2102 1511 1323 103 1821 1608 1720 202 1075 882 2150 1757 123 1845 1114 297 284 578 684 1908 2434 282 126 2276 1767 1406 1012 249 931 1235 1413 1391 688 1186 2314 2624
000666.jpg,1584 2045 2023 2755 747 258 770 1320 188 1319 611 817 2817 1656 547 556 1386 2530 996 1926 2034 2545 345 1796 1491 1096 1416 2134 2373 1855 2075 2692 1407 1029 463 197 2270 2082 1417 1710 2790 85 2300 1934 1788 708 918 2649 26 1870 1623 1373 1369 1627 1341 1366 1338 1362 1360 1624 1345 1358 1348 1349 1350 1355 1328 1576 1629 1201 1202 1208 1215 1218 1229 1234 1238 1242 1253 1258 1261 1264 1270 1276 1278 1279 1291 1292 1294 1295 1307 1313 1375 1630 1324 1316 1405 1381 1490 1494
000667.jpg,213 2408 2413 558 2295 135 707 184 1448 2638 2024 1478 2472 426 2615 1849 2354 1265 1984 1312 1728 1269 2533 757 1689 1945 232 520 218 293 1149 2320 2430 2566 1296 80 119 1383 29 1867 1722 1597 19 2143 634 24 1533 2172 286 424 2673 1231 2390 1529 1804 1719 967 853 2021 754 2756 2787 752 1733 2744 540 2404 2260 609 1766 1889 2725 2464 91 792 2296 2235 499 2448 1593 739 957 1298 1434 2054 783 949 2249 761 2823 724 466 1228 1785 465 2224 617 940 1004 244
000668.jpg,293 1149 2320 2533 2024 2787 757 1597 853 426 1728 29 2430 1689 2172 286 634 2143 24 2673 1231 1533 218 754 2021 2756 2054 2224 2540 646 2472 1984 1312 2323 1334 2667 739 967 1804 184 2409 1593 1928 1166 1719 714 1137 614 522 2260 1558 485 1175 1951 727 589 658 2072 1306 2354 1478 898 1427 1207 1798 962 572 529 213 1087 2408 1394 1801 2277 707 2644 395 2638 91 792 2235 2296 1849 1257 1590 93 895 803 835 1197 2542 251 1114 931 499 1448 1733 1529 2390 2744
000669.jpg,969 1349 961 1618 2226 234 1572 913 1540 2340 2138 2709 2339 307 2399 2727 1520 1 352 912 1264 2208 41 2231 1652 1812 2131 616 591 46 1025 685 892 1837 1181 1564 2834 511 1587 651 527 237 2781 1215 2635 223 2215 716 2205 2801 2675 2466 1684 345 2158 1095 2524 2104 1242 2692 2372 349 273 1615 1101 2253 1409 1988 2648 2298 2530 996 1630 2213 195 2710 1278 2223 1698 2175 1491 2473 1815 1360 1539 2541 1994 124 918 708 700 1060 2246 697 2517 537 1129 795 2338 414
000670.jpg,1570 298 2268 1285 459 2167 973 1891 1456 1284 122 1697 1884 980 2118 37 411 1188 1015 1610 1723 922 448 6 285 2816 1082 1308 1090 586 1763 2791 1221 1006 2346 1916 475 2030 629 690 2627 396 546 582 2222 2706 443 2677 281 468 1537 2666 650 1267 1080 807 759 1260 117 454 167 275 1198 1858 2494 2303 23 1425 2152 2502 1979 1184 229 1865 327 2313 20 334 820 1603 750 1605 1205 2768 420 1397 205 1761 1083 306 1659 2643 1227 2261 1153 2101 752 423 1449 350
000671.jpg,1083 546 582 620 732 1702 759 2643 1221 181 285 6 1797 1536 1318 2807 636 1260 2278 2476 807 1882 42 2425 1858 2048 2761 1768 1697 1891 2816 2261 661 270 476 2194 922 1723 2116 956 1188 2688 2168 1227 1726 2386 468 2313 1456 448 2810 1199 669 411 372 1283 398 1458 2171 2043 229 829 1284 1153 122 2678 1596 387 2498 2101 1570 971 1198 474 2167 2263 475 2346 1916 2841 1761 298 2666 650 644 37 2188 1108 2442 2720 1285 2623 1525 1371 1064 2522 45 2056 1865 2562
000672.jpg,2671 2210 2520 640 377 2578 828 13 1272 729 2539 2798 1337 2629 2428 1429 2083 1910 672 933 2828 1949 1668 1374 2602 1041 1038 1754 2421 865 2640 2120 2221 1070 2031 2570 1764 323 2032 56 2795 2839 1249 1329 2335 358 1399 2038 964 955 698 1521 370 2047 1189 1266 2808 1952 1049 839 932 2264 2217 2415 427 2568 432 2108 1418 597 1686 886 2333 417 1793 571 340 1065 193 988 121 21 2451 2384 536 901 62 2090 569 1886 289 743 361 1398 893 302 292 78 1888 1236
000673.jpg,1781 383 2794 245 209 139 2396 2669 2025 1787 838 2173 49 192 525 2280 61 225 207 408 2091 2164 239 654 296 1282 356 1506 1141 2070 653 1505 1924 2232 449 1274 1780 113 455 1262 2311 1299 1127 27 1356 290 1248 625 252 2470 1140 1216 1435 216 679 52 418 1481 822 2137 858 1598 346 344 495 1843 1472 2565 1465 2244 1037 1124 2531 799 1829 2279 1168 1941 2821 131 391 2285 786 780 1500 1662 1568 534 806 2053 389 2693 363 758 241 2429 726 484 2690 2467
000674.jpg,1613 1909 662 1879 2064 2282 921 2049 1518 2596 394 2796 2140 1058 1906 1290 631 1017 2357 451 2093 2392 446 1301 1237 1981 1567 530 607 984 1604 1119 1002 908 1978 2262 243 813 1105 1396 355 1554 1370 852 660 2257 2696 1621 1673 1676 360 2259 2543 1331 1614 2782 1718 942 2085 2660 710 2452 1384 542 897 2458 966 1495 1808 2274 54 2664 1739 337 2600 1853 1000 1688 1742 1100 1404 2446 487 2642 1681 144 2537 599 666 320 1155 1241 460 2420 630 1089 1145 276 2722 172
000675.jpg,1993 947 1444 1663 1328 2011 1054 645 2767 1623 1679 2707 1649 1045 2130 179 445 1617 1422 2836 1782 1381 712 1544 169 2837 2241 1658 2439 1218 2050 735 550 2840 1552 1051 2352 2628 1261 194 1029 440 1840 155 1640 51 305 1489 1710 562 1701 1417 860 2375 433 1096 1416 2650 2289 1948 2046 497 992 1586 197 134 463 1897 2721 1775 715 1569 965 1788 231 2631 1253 100 2769 769 161 1895 2482 1362 2735 1486 1437 900 480 64 173 659 2714 2556 319 2287 1870 1369 2649 2454
000676.jpg,1570 298 1285 1891 973 2268 1284 122 1456 459 2167 980 1884 2118 1015 1610 411 37 1188 629 396 2627 6 1697 2791 448 285 2677 281 1723 2030 2816 922 1082 1308 586 2222 1090 1763 1221 690 759 1260 1537 1006 807 167 454 2706 1080 117 468 2346 1916 475 1198 582 546 443 23 2303 1425 1979 20 1184 1205 275 205 1858 650 2666 327 1659 2643 2101 752 423 2494 1865 229 2203 306 2313 1083 350 1449 2162 1502 1661 2169 1267 2152 2502 2810 2043 2171 1227 2261 815 481
000677.jpg,1788 348 26 925 2769 1417 2714 2454 480 1710 1870 2649 1369 860 1701 1489 2538 433 2375 197 463 663 2289 2650 550 1029 1895 518 769 161 2482 712 231 179 173 2840 2130 445 1253 1617 1422 2735 735 2050 440 645 2011 1552 2721 134 2631 1926 715 1569 562 100 2553 1840 1796 1045 48 817 188 1319 611 169 2837 1544 2790 2817 1640 51 305 221 2300 439 943 155 659 2439 2241 489 1051 2628 64 1261 1405 2309 1407 2084 547 1386 1627 1658 2034 2545 1218 2082 2270 2287
000678.jpg,2832 312 987 1102 1146 4 635 1545 59 1202 1386 547 2389 556 1407 1752 85 626 2270 2082 2367 950 611 1319 2790 1644 1624 2044 2501 2300 2411 2528 1934 221 943 188 1926 1405 1799 1737 2069 518 1656 2631 817 2477 283 826 266 2538 663 613 1636 1965 1316 1496 2817 2815 1840 2556 440 2272 2034 1796 2545 659 1788 1422 1617 1045 2241 1658 1870 2649 480 2454 2769 463 2289 197 433 2375 41 2208 912 2574 2515 1983 1190 2424 2650 1584 2023 2045 1489 1417 860 1701 1453 1901
000679.jpg,2823 894 2153 2554 419 2043 2171 807 2816 1723 96 2810 650 2666 1632 1260 1891 1625 2313 205 1858 1153 2841 1697 2060 1032 189 752 820 1763 106 1927 411 1188 922 750 334 37 1761 6 122 475 2346 1916 1456 759 1603 468 1284 2643 1541 1090 481 1227 1865 619 2387 815 1987 2167 2109 2712 2308 2425 1702 1844 506 1286 565 2194 2261 476 1308 1082 829 229 1214 22 1171 2567 2268 84 941 372 285 2706 1363 1288 2216 1703 521 1570 2401 1560 8 2449 2612 1006 669 586
000680.jpg,1993 947 1444 1663 1328 1054 2707 1623 1679 2011 645 1045 2767 1649 2130 179 445 1617 1422 1544 169 2837 712 2836 1381 1782 1218 2439 2241 1658 2050 735 550 1051 1552 2840 1261 2352 2628 194 1840 440 1029 155 1640 51 305 1489 1710 562 1701 1417 860 1586 992 2046 497 1416 1096 1897 1948 433 2375 2631 2721 2650 2289 134 1362 197 1775 463 2769 715 1569 965 231 2714 663 1253 100 480 1788 1386 556 547 769 161 2482 1895 518 2735 900 1486 1437 2082 2270 64 173 659
000681.jpg,1526 2516 2843 1325 2145 1779 406 1385 257 1707 1871 1511 1969 1992 1442 2102 1007 288 1731 1138 416 2613 773 2763 519 883 392 1079 410 1645 1800 1946 535 1527 2377 811 742 1455 1516 1466 730 338 1894 112 1068 2219 751 749 821 2341 2549 709 186 2609 937 544 301 1419 2331 1670 1005 2290 664 2110 2730 2394 2746 434 1783 336 1681 2299 1495 1073 1678 253 1732 1705 2302 1165 191 2161 1778 105 1646 863 339 1850 830 1450 1620 603 2275 881 1311 2518 1379 1110 2136 1244
000682.jpg,751 1678 1732 1450 830 603 1620 2275 1073 1147 1120 863 339 1646 2518 2136 1244 393 2695 2383 1523 441 1482 373 845 2080 1016 2395 1057 584 2019 16 676 1449 1469 1447 1691 376 575 2754 44 2249 2258 1483 2317 1749 761 2495 777 1996 2224 76 2359 1183 1462 1091 104 230 739 1180 1786 1971 564 926 1990 2180 47 1838 1257 2036 1601 2843 683 1357 1707 39 257 1116 1713 1224 2437 1672 2700 1818 1836 1714 2288 2281 1325 1526 2516 269 1548 288 1779 2145 1385 406 1914 946
000683.jpg,2478 2772 70 2561 2077 2777 1125 1753 431 2510 1557 2622 1390 1759 2757 2161 315 191 1165 2302 601 1035 2818 951 1834 1252 2015 2 2663 1839 1842 18 2315 2685 1980 2686 889 1747 2702 1443 1833 1938 277 767 2532 1460 211 1989 369 1511 1969 1442 2102 2496 269 1548 522 2667 1075 202 990 2601 502 2471 997 2507 1904 103 1323 1757 2150 882 123 1767 126 1845 1340 2276 1992 1114 297 284 1908 67 627 2583 1012 1406 249 931 1235 688 2314 1186 2624 684 1413 578 1720 1821
000684.jpg,1473 12 1876 1721 2809 2051 1439 526 864 994 274 608 1931 2526 482 2427 255 2089 2183 1330 217 598 2617 637 2657 2057 2291 494 574 508 2220 2445 1555 2499 1088 1452 939 2308 521 2435 1433 2704 1868 140 2580 882 1255 619 2712 123 1757 986 2150 1223 1899 2598 804 2436 329 686 444 1725 368 531 657 677 146 2583 67 1944 2294 1055 2083 1910 627 2708 2719 790 1567 1237 1981 446 647 2639 2683 2728 2207 1056 79 1067 2305 1874 2813 2248 1259 1206 1256 1260 1207 2415
000685.jpg,1584 2045 2023 2755 747 258 770 1320 2034 2545 1796 2556 1319 188 611 2134 2373 1855 2075 1496 2272 2817 817 1656 556 547 1386 2530 996 1926 1636 1316 1965 2815 1096 1416 157 1485 345 1491 2692 1407 1029 463 197 2082 2270 1417 1710 2300 2790 85 1934 1788 708 918 48 715 100 1569 1948 1870 2649 26 635 1369 1428 1373 1375 626 623 1377 1388 622 1392 1421 1366 616 1409 1411 1414 613 606 1381 1405 638 1360 1276 1278 1279 1291 1292 1294 1295 1307 659 1313 656 651 1362
000686.jpg,1946 2394 105 1778 883 416 1681 1495 1705 11 966 2458 487 1742 337 2085 2600 2543 942 1384 2843 2803 1565 1287 2110 664 1508 791 1554 1370 355 1105 1396 1031 243 813 1676 1978 2793 7 2369 392 257 1200 1695 1893 50 2420 1970 778 2257 2696 2147 144 607 1000 1853 2660 1673 1331 1614 2664 1739 998 2792 1119 1707 1519 1002 206 153 1583 320 2711 382 1854 517 318 1036 1152 1170 1077 1245 975 54 2334 2462 781 1864 1819 1239 1368 1566 1367 2262 1344 1528 515 1915 615
000687.jpg,646 2054 2540 2000 2644 395 1394 529 1801 2277 1106 1559 1451 1361 1798 572 962 1334 2323 251 1427 1306 1230 101 803 737 215 436 485 1951 1175 727 658 589 2381 1389 2113 304 545 1115 2546 2178 989 1900 364 2040 2787 2066 1213 1683 374 1137 614 2579 1883 341 1300 2114 2072 2759 581 2504 1257 1533 2784 1353 1207 1087 1898 1786 1971 1558 714 1093 898 483 240 407 328 1818 1357 789 2288 2281 2242 853 1597 39 426 1149 293 2320 2024 2238 766 1180 2409 1928 1166 757
000688.jpg,1705 1681 487 337 1495 1742 2600 2085 942 2543 1384 966 2458 1978 1508 791 1676 1695 1287 2803 1565 1554 1370 2660 1000 1853 243 813 2262 1031 355 1396 1105 1119 2664 1739 1002 542 2369 50 1893 1604 1301 852 54 607 530 360 2259 1718 2392 660 710 2782 446 984 1614 1331 1237 1981 1673 1567 2257 2696 908 2049 1946 2093 921 451 1058 1017 320 144 2140 2796 1518 2596 2064 2357 2394 105 1290 1621 871 2361 631 781 1778 1906 2420 2843 2474 98 353 776 2282 394 1879 392
000689.jpg,2185 1411 2584 1129 1440 2517 2298 143 2529 2271 718 386 2801 958 1694 2616 697 2619 1445 1514 1684 810 787 2481 1215 30 665 1294 1446 1360 71 638 1939 2104 2524 1242 2473 2363 2460 557 1112 1630 273 1735 1258 1270 795 991 1295 1807 879 414 1366 1480 2771 1816 1539 1278 1863 1373 1549 2269 2092 537 641 2833 2246 1619 2710 741 2175 352 551 1059 342 2371 2139 299 2576 1925 667 1982 2385 428 127 1947 133 969 472 888 262 687 1660 2633 2607 1081 1497 588 583 2740
000690.jpg,1426 1333 1685 954 2457 844 509 5 1515 1766 609 2404 1760 182 1712 149 1434 957 1889 2128 1298 2725 2112 2464 2448 2542 744 1785 1004 940 244 1616 1696 2115 466 1343 2737 1637 1556 198 75 63 2022 2351 163 388 1061 2497 1304 1477 617 498 783 1103 1999 2656 1693 2149 949 1197 592 60 909 1631 1019 2508 2348 1602 214 473 19 2124 2014 375 1773 1795 1326 1953 425 1139 1866 953 2366 306 2841 420 1397 2768 2169 2567 2751 1214 22 2566 232 1945 520 1228 2109 1487
000691.jpg,2346 1916 475 281 629 2677 2171 1723 650 2666 2810 2043 2816 1891 2627 396 2841 1144 1570 1113 953 1221 546 582 420 2768 1397 2573 411 1610 1015 298 924 1487 1471 1456 2118 980 1884 1183 2359 1462 285 2494 594 1603 820 1139 468 1284 122 807 148 922 1763 37 334 750 2152 2502 1188 1605 1006 586 1082 1308 115 38 1995 1761 973 1090 1083 229 1260 2168 1979 1697 1591 423 6 1541 2268 104 1184 443 2521 1285 2194 2261 1380 459 2167 661 1738 1882 1502 1227 117 327
000692.jpg,1473 12 1876 2809 1721 1439 2051 598 526 864 994 608 274 508 2499 1555 1088 1452 531 140 1868 2291 494 2057 574 1725 368 444 2183 2220 1408 1892 1677 2440 1771 1942 1998 2037 271 2625 1056 482 2435 1223 1931 2526 939 657 677 2683 2427 1899 647 2089 790 2580 2445 1944 1055 1874 2436 329 2598 1433 2704 2294 686 2639 804 146 2708 2657 637 2617 1330 217 255 2719 2319 1810 2509 2728 2207 306 2169 2508 1075 202 1012 1406 249 627 2248 2813 2766 2825 447 1747 1557 1833
000693.jpg,969 1349 2226 1572 234 913 1618 961 352 2399 307 1520 2727 1 2340 1540 2709 1025 2339 2138 46 685 892 2834 2158 511 2215 2635 223 2648 2466 2710 2473 1539 349 2175 1684 1242 2524 2104 2213 1095 1630 2372 591 1812 616 2131 1815 1615 1060 2253 1409 2541 2298 273 2246 2223 1698 195 1360 2781 1837 403 1270 1994 2801 537 1264 1181 600 1622 267 1291 1238 1862 1652 2231 414 17 573 1258 1101 1564 317 2444 795 41 2208 697 1939 2338 2100 1129 912 1112 2595 577 147 846
000694.jpg,2551 2018 2146 2284 1289 2008 764 719 276 2485 247 1403 1128 206 1997 35 153 190 1534 1493 914 1157 1351 1577 862 1915 1204 2582 615 2824 871 1751 2209 1633 1121 812 2487 2603 1772 450 303 58 539 604 343 212 2585 1359 723 1247 874 490 549 1347 2453 2718 2204 516 2361 1344 632 1864 2334 1819 2462 1170 1762 2165 2734 869 2353 256 1402 2067 2256 1595 781 381 765 883 998 282 1625 1963 2336 825 778 1970 1583 585 701 2792 2081 1600 2001 1246 2157 2012 2391 11
000695.jpg,1570 2268 298 2167 2706 690 459 1285 1697 973 1891 1537 448 2494 1080 1267 1723 2816 1884 2118 980 23 285 6 1474 745 1671 2535 325 2768 420 1397 956 1882 1221 1015 1610 37 8 1763 1456 1605 2030 2502 2152 122 1090 2791 1284 1205 546 582 1198 117 2666 650 2303 1659 275 1308 1082 2179 1502 148 468 1188 759 411 1916 475 2346 2449 922 2203 594 1232 851 327 2677 281 629 1738 1184 2593 396 2627 586 1006 1603 334 750 820 510 2572 1260 2643 2014 2124 375 1979
000696.jpg,645 2011 1054 1623 1679 2707 445 1328 1663 947 1444 1649 2840 1552 1045 1029 2767 2130 1422 1617 712 2837 169 1544 2050 735 2439 179 440 2241 550 1381 1782 2836 1658 1993 463 2735 1840 480 2714 2649 197 1369 1051 2769 2631 663 1253 155 2352 1870 1218 1775 1261 2287 319 1640 305 51 433 2375 2454 2538 348 925 2628 26 2289 194 1788 134 562 1417 659 2650 518 1710 231 965 64 1569 715 2721 100 2046 497 1897 1586 992 1895 2482 860 1489 1701 173 1416 1096 1948 2034
000697.jpg,2502 2152 1113 1605 941 84 1987 815 481 2141 1927 106 1866 270 1525 1371 1283 1144 2048 2761 1768 244 1616 2115 1696 621 1139 183 1477 1108 785 96 1632 2503 959 2101 2060 189 1032 205 1953 594 909 2841 45 2522 1064 2056 1891 2623 2197 171 1198 1960 40 117 1458 398 565 1844 1286 506 2348 1602 214 1591 1880 1802 43 2494 1365 592 2263 752 2688 1364 1084 2572 1397 2768 420 281 2677 629 2401 2791 1251 2620 1400 1922 851 1184 1280 2386 2203 2498 387 236 2182 2608
000698.jpg,2352 2272 2556 194 1496 2815 1218 1316 1636 1965 1261 1051 2628 1096 1416 992 2046 1586 497 1948 1362 2713 1897 1860 201 2433 1840 1453 1490 1658 2836 1381 1782 2241 1901 2767 1649 48 2376 155 64 1569 715 2309 2439 2721 439 2631 1054 100 562 1328 1663 947 1444 440 1045 1679 1623 2707 1640 305 51 2034 2545 1796 169 1544 2837 2755 645 747 735 2050 2011 518 663 2538 258 445 1552 2840 950 770 1752 231 1489 1799 2130 1617 1422 1993 2069 2650 179 1710 1029 2367 712 1146
000699.jpg,59 2367 1799 2389 950 1545 1202 626 4 1146 1752 1737 2270 2082 2477 2069 283 556 1386 547 611 1319 266 312 2832 987 613 826 635 188 1102 1407 2556 1496 85 1644 1624 2631 41 2208 912 2205 716 2692 2044 2501 2411 1934 2528 2134 518 2530 996 1491 1405 1926 231 2300 221 708 918 345 1564 1181 1837 904 2312 1468 109 623 943 2373 197 2289 433 463 2375 2075 2538 663 1485 1656 2650 2817 2553 591 1587 1812 616 237 2675 700 1988 527 2131 651 124 2272 1316 1895
000700.jpg,2294 2728 1944 1055 1056 2207 725 1825 1212 2741 137 899 2135 1606 204 116 1463 1935 1940 1986 447 2041 97 165 2766 2825 2842 2511 1547 246 1134 2719 692 2319 2558 2736 2292 1130 790 1067 1962 79 1126 722 2068 2665 442 686 2305 1076 2248 1841 2435 362 1464 494 574 2291 2057 2286 1899 2813 2258 350 2506 1874 1937 2382 2580 1452 1223 804 657 677 271 2440 1408 1942 1876 1721 2809 1639 2393 948 146 647 2683 1677 2625 1771 2037 1892 2639 12 1473 1868 140 2708 1406 627
000701.jpg,3 1642 254 2405 2170 2490 1958 2536 14 1985 66 825 765 652 1574 929 779 1246 2336 2157 1745 1136 2426 873 282 2434 2012 2391 1600 2001 233 2256 1245 1633 2593 1036 318 1152 2147 2485 256 632 1403 871 1963 1997 2734 2165 1762 2204 276 1267 490 2453 1595 1519 2361 549 516 869 2487 1121 2264 1077 1170 630 1128 1247 874 1347 2718 1625 1742 337 243 1370 1554 530 1604 206 813 446 355 1105 1396 2132 265 58 2049 247 1301 604 1344 2064 921 487 1681 212 1751 862
000702.jpg,2150 1255 986 1757 882 123 2387 1541 334 750 820 1603 372 1761 1153 807 829 956 1260 1882 2043 2666 650 1723 6 839 1049 932 2171 475 1916 2346 1891 1221 285 1521 955 698 2816 546 582 669 2168 2643 1697 759 2823 2810 476 2261 1227 1858 1570 1702 661 2194 1083 2841 620 732 2617 637 2657 298 928 2729 1657 1865 1249 1188 922 181 930 37 2308 122 2167 1754 1038 1041 2421 1284 1431 743 2380 36 2267 1886 1236 802 2117 733 411 1456 1477 500 1285 973 2778 2324
000703.jpg,2832 312 987 1102 1146 4 635 1545 59 1202 1386 547 2389 556 1407 1752 85 626 2270 2082 2367 950 611 1319 2790 1644 1624 2044 2501 2300 2411 2528 1934 221 943 188 1926 1405 1799 1737 2069 518 1656 2631 817 2477 283 826 266 2538 663 613 1636 1965 1316 1496 2817 2815 1840 2556 440 2272 2034 1796 2545 659 1788 1422 1617 1045 2241 1658 1870 2649 480 2454 2769 463 2289 197 433 2375 41 2208 912 2574 2515 1983 1190 2424 2650 1584 2023 2045 1489 1417 860 1701 1453 1901
000704.jpg,1083 546 582 636 1536 2807 1318 620 732 1702 2278 181 1221 2643 285 1605 759 2502 2152 1797 42 6 2761 1768 2048 1891 1882 270 1113 1726 1198 2476 2101 2386 1458 398 2116 2678 1283 2263 1591 2816 1371 1525 1723 117 2623 1260 594 2442 2720 474 1987 815 1979 2503 1960 40 851 2494 2562 2768 1397 420 644 807 2188 481 2841 1400 2620 1922 148 1953 1139 1205 205 2522 1064 2056 45 2197 2425 1596 592 2141 2572 971 1687 327 183 2521 1199 941 84 1570 1084 2261 1738 1144
000705.jpg,1993 1489 1710 860 1701 1417 179 1788 550 1045 2767 2130 2050 735 197 463 1051 440 2628 1261 1649 1422 1617 1218 2241 2375 433 712 1381 2836 1782 1840 1658 194 2011 1369 2649 2289 1029 1444 1663 947 480 2352 645 2650 2454 1870 2714 2769 925 348 445 2840 1552 26 1328 134 1386 2082 2270 547 155 1640 305 51 2439 169 1544 2837 556 2735 2631 1054 2538 2707 1623 1679 663 562 518 2482 769 161 1895 221 1405 1437 1796 2545 2034 2046 1897 497 992 1586 231 1253 173 2309
000706.jpg,823 73 380 1599 2074 437 1233 760 1872 2163 1628 453 1510 399 981 401 2587 595 208 2655 461 1976 477 1145 2829 177 2122 1717 816 2679 1903 1085 1163 2055 1047 99 2747 612 2098 2469 2126 731 1160 1023 141 460 156 164 2577 72 2009 2636 694 1784 1415 2722 172 2775 1241 1808 2274 1688 174 320 2512 1200 1155 796 1911 2691 144 850 1305 2218 222 1504 1436 2355 1100 2362 1089 2420 1404 897 2156 2750 2318 1321 1098 935 2096 836 2642 2645 2282 2446 1052 1479 1682 1387
000707.jpg,757 1728 1231 2533 2320 293 1149 29 2673 286 2172 2024 1533 2430 1689 754 2021 2756 218 426 2787 1597 24 634 2143 2472 1312 1984 853 184 1804 1719 967 213 2295 558 135 2413 2408 2638 2260 707 792 91 2235 2296 739 1296 80 119 1383 1593 1849 1166 1928 2409 1478 2054 1448 2354 2224 1265 1175 485 1951 499 465 646 2540 1733 2744 1590 895 93 1529 2390 1269 1306 727 589 658 2615 540 2493 2324 1867 1722 1394 1389 2247 1207 714 898 1558 395 2644 529 2366 2072 1137
000708.jpg,1624 1644 2411 2528 1934 2501 2044 2817 1656 817 188 85 1926 1102 2790 987 312 2832 943 1407 221 1405 1319 611 2300 635 2082 2270 4 547 1386 1545 1202 556 1146 2389 626 59 2367 197 2545 2034 433 2375 1796 1737 2289 463 1752 950 1799 2477 2309 1870 26 1701 860 2649 1860 201 283 1369 2713 925 1190 2574 2650 348 100 64 266 2433 1901 2454 826 1710 48 439 659 2721 715 1569 1489 1417 518 2376 1983 613 1788 2069 51 305 155 562 1640 2631 480 41 912 2208
000709.jpg,561 2236 1273 1475 2053 726 1124 1037 1050 999 314 1921 2061 1972 1647 721 2402 27 1216 1140 2429 655 331 1756 1395 484 1967 1635 390 1715 2698 2059 534 806 391 2470 504 295 2806 643 1472 1317 1303 2301 2407 412 1918 1008 1240 402 1662 1274 1506 936 1924 1438 471 478 430 363 1831 927 1655 2316 618 2017 200 1021 533 1755 805 138 1612 1730 344 1961 2765 53 1022 2773 1187 2406 1648 1299 2279 1168 1829 1127 2693 653 822 2137 780 89 1024 2465 2505 2794 786 1262
000710.jpg,601 2 2663 951 2818 1842 18 2015 1252 1834 1759 2757 1557 2622 1390 2161 315 191 1165 2302 2772 1753 1125 2777 2478 2077 70 2561 431 2510 2315 1035 1980 2685 2702 1839 889 2686 1747 1833 1938 1443 1989 369 1460 2532 211 277 767 2496 269 1548 522 2667 1904 997 2507 1767 126 202 1075 2150 1757 882 123 1845 2350 2121 2583 1001 1114 578 1413 2276 1406 1012 249 2509 1810 931 1391 2624 1830 702 848 1340 1260 1942 2157 2401 1263 1257 1256 1259 2483 2400 1254 2404 1251 1250
000711.jpg,2045 1584 2023 2755 747 258 770 1320 188 1319 611 817 1656 2034 2545 2817 547 556 1386 1796 996 2530 1926 2134 2075 2373 1855 345 1934 1491 1416 1096 2692 2044 2501 1407 463 197 1029 2082 2270 1710 1417 2790 2300 85 1788 918 708 2528 715 100 48 1569 26 2649 1870 1276 1270 1264 1369 1261 1258 1253 1324 1373 1366 1234 1229 1218 1215 1375 1208 1202 1242 1238 1362 1377 1328 1338 1341 1316 1313 1307 1345 1348 1278 1295 1349 1292 1350 1291 1355 1279 1358 1360 1294 1 1428 1388
000712.jpg,1473 12 1876 2809 1721 2617 2657 637 274 608 526 864 994 508 521 2308 1452 598 1088 2499 1330 255 123 2427 619 2150 2712 217 1757 882 140 1868 1725 444 531 368 2445 2580 2089 1439 2051 986 1255 2435 1899 2083 1910 2704 1433 1931 2526 1555 482 2708 657 677 2291 2057 574 494 146 2183 1567 1237 1981 446 2598 329 804 2436 2207 1055 2728 1944 1056 2294 1067 2305 79 1874 1943 1241 2369 2408 1236 1235 2409 1233 1232 1231 1239 1243 1246 1244 1263 2401 2157 1260 1365 1259
000713.jpg,1490 1453 2433 2376 1901 2713 2309 2556 201 1860 1569 715 2034 2545 100 48 2272 1496 1796 2721 562 64 51 305 1640 439 1316 155 2815 1636 1965 2352 194 1096 1416 1261 1948 1218 2046 497 992 1586 1051 1362 2631 2628 1897 231 663 2538 518 2650 1840 950 1752 1799 2289 2553 2714 440 2367 2069 1146 26 925 2439 2454 169 1617 712 1544 1422 2837 747 2755 1878 2312 1123 978 1148 623 2769 173 770 1202 59 1054 1993 480 168 348 1870 1369 2826 563 2088 2133 645 2023 1584
000714.jpg,1891 1605 2152 2502 1723 2816 582 546 285 1221 1083 1113 2494 1570 6 2841 2768 1397 420 594 2643 1139 1702 1916 2346 475 759 1953 732 620 1198 2666 650 2620 1400 1922 148 298 1882 1738 181 1502 117 1260 1866 2179 2521 327 2101 2573 807 510 1687 2203 1797 1591 1602 2348 214 1371 1525 1987 815 1979 953 1184 2476 1488 2171 2043 2810 1205 1697 2807 636 1318 1536 2278 2678 2263 270 1768 2761 2048 1659 42 275 1726 1080 84 941 1487 924 1471 2791 23 1283 2623 2030 2303
000715.jpg,2792 998 1179 2328 2491 887 2647 945 1920 639 2252 1651 2682 1977 1578 1583 1579 1470 1531 841 118 1063 567 9 1770 748 515 1667 819 1585 517 2065 1791 2575 952 1769 1354 919 808 382 2711 1854 114 1851 1154 492 2488 2459 2778 916 227 778 1970 2379 923 975 1368 2304 2097 2349 1210 875 579 1239 1367 1566 566 2026 2723 930 311 1211 2042 512 7 1209 513 1271 2310 25 2225 2416 2658 2793 763 1528 528 151 1657 928 2729 2559 2618 982 2147 1245 1519 1236 2267 2380
000716.jpg,213 2408 2024 426 184 1689 2533 2638 2295 2413 135 558 1149 293 2320 1597 2430 707 1728 634 2143 24 1448 757 2472 29 1478 2673 1804 2172 286 1849 853 1984 1312 1719 2615 1231 218 967 2354 1265 2756 754 2021 1269 2235 2296 91 792 2566 1296 1383 80 119 1945 520 232 1722 1867 2787 2390 1529 739 19 1593 424 1533 2224 1733 2744 499 465 540 1928 1166 2409 1590 93 895 2260 1298 1434 2054 240 789 483 485 1951 1175 2542 2784 1353 832 1535 291 714 1558 1207 898
000717.jpg,2311 2794 113 1505 1248 1781 1356 2091 239 2164 383 525 2070 625 1141 1435 27 654 216 1299 679 252 1506 245 2173 1598 858 2280 139 209 822 2137 49 449 455 1262 838 1924 2025 2669 408 192 1829 1168 2279 1612 344 2396 1274 1787 207 61 225 356 1282 296 1961 653 290 2232 1140 1216 495 1843 131 561 1127 241 2565 1875 268 1273 391 1124 1037 1780 200 2017 618 1021 533 2316 2470 2698 1472 2693 2142 2402 1647 1972 721 2061 2053 1921 2285 33 1500 1303 2236 1048
000718.jpg,844 509 2457 1515 5 1426 2128 1766 609 2404 1061 163 388 2448 1556 1637 1889 2725 957 466 2464 744 2115 1616 1696 244 498 2351 1326 2124 375 2014 473 425 1477 2508 592 2366 2169 306 1080 23 2348 214 1602 22 1214 1738 1953 2567 2751 690 1537 148 2521 1659 510 2109 1488 594 1866 2179 1661 2203 1171 2768 1397 420 1502 2303 1139 40 1960 1205 2706 2162 19 1610 1015 909 1184 953 1744 2726 520 232 1945 2841 980 1884 2118 2566 1487 1471 924 2494 1084 1605 2573 1401
000719.jpg,803 2546 1115 2178 2113 304 251 1389 2579 2066 1213 101 2040 364 1900 989 545 374 1559 1106 2381 2000 1394 737 215 436 1361 1451 1427 2540 395 2644 529 1230 962 572 1798 2759 341 646 581 1683 1300 1801 2277 1533 2504 2114 1883 1898 2323 2054 2787 1334 1306 1951 1175 485 328 658 589 727 407 1093 2784 1353 483 1971 1786 2238 766 789 1257 1357 2242 240 1818 2288 2281 1137 614 39 898 714 1207 2072 1180 1087 1558 564 926 76 967 2260 1231 230 757 1149 2320 293
000720.jpg,1083 2807 1536 1318 636 732 620 2278 1702 582 546 181 2643 2048 1768 2761 42 1797 759 270 2116 2386 1726 1458 398 2678 1221 2476 2263 285 1198 1525 1371 2623 2442 2720 1283 2562 6 1882 2503 1064 2522 45 2056 2197 474 2101 644 2188 1596 2572 1591 387 2498 1199 971 1880 1802 183 2425 43 1260 2141 2688 40 851 1960 762 661 1280 1084 2168 592 2261 2194 1979 1987 815 1113 481 807 1108 785 205 117 1205 423 909 1251 752 1144 2571 621 1364 300 1927 106 2612 2359
000721.jpg,2576 2269 2092 2371 1814 2776 2833 667 1549 299 2139 2844 1925 1982 2797 428 1619 741 1735 1539 1815 352 2455 1009 837 403 2484 879 2403 1589 1122 2063 1159 2731 264 2385 2473 1863 1373 262 888 2189 641 2771 1816 90 2175 226 2138 2255 2811 1509 1480 1366 687 537 1862 1660 2633 2607 577 2595 147 1349 1078 1530 2094 160 2100 1622 600 2213 1295 991 1807 557 2363 2460 1238 1291 267 2412 127 891 2710 1025 2486 1338 2399 814 385 2431 867 2727 1520 2801 307 17 573 1060
000722.jpg,196 2474 98 353 776 2361 869 1625 1963 276 1864 1819 2462 2334 585 2256 233 1643 871 910 2353 2067 2081 701 1042 1402 1600 2001 2103 781 809 381 2027 2012 2391 69 416 883 11 153 206 664 2110 2264 1344 2426 873 2336 2157 282 343 1751 2582 1204 765 1077 1633 2603 1246 825 1958 66 1973 265 2132 1778 2485 247 607 2551 14 446 1981 1237 2490 2405 254 1642 2170 3 1245 2434 1997 862 719 2008 764 1170 1985 652 1136 1745 2093 1031 1574 779 929 2018 1289 2146
000723.jpg,2185 2584 1411 1129 2298 1694 2616 2517 1440 2271 143 2529 1684 2481 1360 958 665 1294 1446 718 386 1514 787 697 1215 810 1445 1112 1939 1630 2619 71 30 638 1258 1270 414 2801 2246 795 969 2524 2104 1242 273 2460 557 2363 1278 511 2339 2473 2709 1 317 342 551 1059 2399 685 307 2175 2710 1735 1349 879 846 642 1520 2727 1025 2444 127 203 1524 1629 2100 17 573 2486 2740 154 913 234 1572 1122 1589 2731 591 1564 616 2131 1812 976 133 1358 1947 2466 961 2138
000724.jpg,290 806 534 1481 418 2429 1662 52 484 346 780 2059 1273 2285 2821 2244 1465 786 1941 1475 389 999 53 344 2687 561 478 758 363 1438 471 2698 402 1918 2236 452 2407 2301 936 2467 2690 1472 1216 1140 314 726 1506 1568 1022 655 331 1787 430 1039 1008 653 1275 1929 643 840 1378 1612 1706 464 1780 89 2531 207 225 61 2396 1692 1124 1037 1843 1021 1789 2465 2505 131 108 1356 1875 268 192 2715 2565 1274 2765 216 1921 495 2053 33 467 391 1730 2611 1924 2669
000725.jpg,536 1588 1132 1268 571 2090 569 340 121 988 193 802 1431 36 2117 332 2839 2335 1329 429 2078 1492 142 555 733 2795 2333 1065 1886 1952 1266 2808 865 500 680 1699 1553 1430 1562 2217 2415 1764 901 2267 2380 427 2570 1793 1236 2227 2786 979 2640 1399 964 2038 878 1256 2668 2029 432 2743 1033 1910 1393 1890 358 176 866 2568 1499 1888 2031 2221 2120 1070 868 1337 554 2083 1668 2602 1374 729 933 672 289 1053 2828 743 1418 1686 597 1249 2108 62 417 2451 2384 21
000726.jpg,1891 1605 1570 2152 2502 1723 2816 2346 1916 475 285 1221 6 2841 2768 1397 420 546 582 2666 650 298 1139 2494 594 759 1953 1083 2043 2171 2810 1260 807 148 1113 1697 1738 2643 2179 820 1603 122 2521 2167 1285 1502 1866 510 750 334 1602 2348 214 37 1702 1456 953 2203 973 1188 1284 1922 2620 1400 411 2118 980 1884 459 1610 1015 924 1487 1471 1488 1080 922 2268 1184 117 448 2573 620 732 244 2115 1616 1696 1537 690 23 327 1198 468 2677 281 629 815 1987 2706
000727.jpg,2502 2152 1113 1605 84 941 815 1987 1139 1866 2841 481 1953 244 1696 2115 1616 2141 1471 924 1487 214 1602 2348 1477 785 594 1525 1371 953 106 1927 2503 909 1144 1232 1365 851 2101 335 2230 2591 205 183 959 621 1458 398 270 1891 1397 2768 420 2623 96 1632 2060 189 1032 2542 75 198 1283 117 2494 1198 2497 1960 40 182 149 1760 1712 2056 45 1064 2522 300 2116 762 2386 1197 148 2203 1703 2216 1288 1363 1922 2620 1400 2761 1768 2048 2263 2197 1502 954 1685 171
000728.jpg,1489 1710 1701 860 1417 1788 26 1993 2375 433 1895 2482 1870 463 197 2289 925 2650 2649 348 769 161 1369 173 2454 2769 231 1029 2714 480 1261 1253 134 2628 194 2735 1218 1051 547 2082 556 1386 2270 2538 2352 1796 1569 715 2721 550 2300 1926 2790 663 440 179 1381 1782 1658 2836 2034 2545 1649 48 100 562 1948 1416 1096 1407 85 221 518 712 2631 1102 1840 2767 2050 735 2241 1316 1636 2815 1496 1965 1405 635 817 1054 943 2837 1544 169 947 1444 1663 2707 1328 1623
000729.jpg,2153 894 2554 419 96 1632 2060 189 1032 106 1927 205 1625 481 752 1987 815 2823 2401 2313 941 84 565 1844 506 1286 171 2612 2216 1288 1363 1703 309 1217 333 856 1171 1214 2109 2567 22 621 1365 2571 2831 1336 1013 1251 785 2197 2705 300 1865 1560 1364 861 2425 1064 2056 45 2522 762 1315 468 1858 2160 2079 1277 1727 2555 1044 834 423 761 1227 2194 959 1749 1907 183 1425 2116 1108 2751 1449 2141 2791 2030 1726 42 1153 2261 37 476 669 1199 1090 922 1057 1763
000730.jpg,1257 1786 1971 1137 614 2072 1087 895 93 1590 1207 1558 898 714 1928 1166 2409 803 1357 39 341 581 374 1818 989 646 2288 2281 1427 1115 2546 2114 2540 2381 1883 251 1180 1300 1900 364 2040 2000 101 230 564 926 2579 76 2260 1091 1389 2495 2784 1353 215 737 436 2323 1996 777 1559 1106 1898 545 1535 291 832 1334 2759 2224 1533 24 2143 634 1361 1451 2054 2066 1213 2242 1597 1093 1306 739 2129 1346 572 962 1798 483 589 658 727 1593 2504 1841 1940 2277 1801 240
000731.jpg,2510 431 70 2561 2077 2772 1125 2777 1753 2478 1839 2161 2622 1390 1557 1035 1759 2757 315 191 2302 1165 951 2818 1834 601 1252 2015 2663 2 18 1842 2315 277 767 1747 1443 1938 1833 2685 1980 2686 889 2702 211 2532 1460 2496 1989 369 2471 502 2601 990 522 1340 2667 1548 269 1821 1608 1720 202 1075 1845 1323 103 1511 2102 1969 1442 297 1114 284 578 684 1908 2434 282 1767 2276 126 1406 249 1012 123 2507 2150 1757 997 1904 882 1235 931 1413 1391 688 2314 1186 2624
000732.jpg,1453 1490 2433 2376 1901 2713 2309 1860 201 715 1569 100 48 2034 2545 2556 2272 2721 1796 1496 562 64 439 51 1640 305 1316 155 2815 1636 1965 2352 194 1096 1416 1261 1948 1218 992 2046 497 1586 231 1051 2628 1362 2631 2650 1897 2553 2289 2538 950 1799 1840 518 663 1752 2367 168 925 2439 2454 440 26 2837 169 1544 173 1146 2069 1123 2714 348 1422 1617 2769 747 712 480 2755 623 1148 2312 978 1369 645 1878 2023 770 1253 59 1202 1710 1054 1417 1993 1649 2767 2649
000733.jpg,1948 1096 1416 1362 1897 2272 2556 497 992 2046 1586 2815 1496 1965 1636 1316 1051 2628 1218 1261 194 2352 439 64 2713 201 1860 715 1569 2721 48 562 2545 2034 2755 2631 155 1796 747 100 2433 1584 2045 258 770 1840 2309 1710 2023 518 1381 1658 2241 2836 1782 1640 305 51 1490 1453 1901 2376 1123 1878 221 2300 1926 1489 1405 635 2439 2707 1623 1679 2767 1649 231 2650 2289 2538 663 1752 1146 2069 950 1701 860 1993 1045 947 1663 1444 1328 1054 1386 626 1320 1388 1392 1319
000734.jpg,2552 2716 523 2191 28 505 238 1563 2181 2250 175 2681 2500 2819 2283 458 152 313 120 671 1827 1896 849 1339 2365 734 705 2592 2674 2370 81 2052 1708 532 2028 503 2534 587 1532 2193 1704 696 1741 2479 2322 2689 847 633 2228 1956 772 711 972 1680 602 2177 2557 2119 2237 1332 1111 92 330 2099 1376 1746 2527 1335 740 2742 354 1917 2814 2773 1873 1010 1852 1774 872 2265 1314 1955 1543 2199 649 261 968 2789 2306 890 1182 2799 1117 771 963 699 1164 1500 449 1262
000735.jpg,2252 1583 227 916 2042 2310 1651 2682 1977 1239 1367 1566 517 998 1578 1211 2647 639 1920 945 1063 841 2328 2491 1179 1368 1579 114 2792 2097 1770 2488 9 311 1970 778 1854 382 2711 2723 1210 875 512 2459 2349 2065 2575 515 887 118 579 1154 492 763 748 2793 2304 2379 566 2026 1585 819 1667 1531 1470 2729 928 1657 982 2416 567 808 1271 7 2225 1791 930 1851 528 1528 151 923 25 2618 2559 975 513 1209 2658 2778 1354 1769 919 952 2093 607 2357 1906 1819 2462
000736.jpg,2034 2545 1796 100 48 715 1569 64 2721 439 2309 1860 201 2713 2433 562 2376 51 305 1640 1901 1656 1490 1453 155 817 2817 1624 1644 2528 2501 2044 2411 1934 1926 1405 188 221 85 943 2300 2790 1407 1102 987 2631 2289 2832 312 2650 2023 1948 635 1096 1416 1319 611 231 1870 1584 2045 2649 1369 26 925 518 2454 712 1316 348 2272 1496 2538 2714 2556 1617 1422 2628 663 1965 1636 2439 1261 2815 2755 1051 194 547 1386 480 1417 1489 1993 1218 1381 1658 2836 1782 2352 747
000737.jpg,897 2071 1790 1933 1305 2362 2645 1709 1052 1098 1321 2156 2096 836 935 2750 2201 2512 1504 1436 2218 222 2432 850 2450 755 2342 1736 1638 1806 2355 144 2691 1911 796 1200 320 2452 1621 2420 2318 99 2446 908 666 599 2642 1682 1479 1387 2537 630 823 984 2098 612 2747 1145 1865 2627 396 372 399 2677 281 2655 1047 2083 1510 1717 2823 1910 852 2126 731 2469 1676 461 2587 595 208 141 1089 1002 1119 1784 1160 394 1100 1155 694 1976 477 1227 629 1404 1153 2722 172 2194
000738.jpg,2043 2171 2810 2666 650 2816 807 1723 1916 2346 475 1891 1260 411 820 1603 750 334 2841 1541 922 759 1697 1456 1188 2643 6 1153 2387 1858 1761 1284 1763 1702 285 1221 468 122 37 372 732 620 2313 2167 582 546 229 829 1083 1570 2268 1139 1227 476 1865 181 1090 1797 2261 459 669 2425 2476 2168 1953 1884 980 2118 1605 1308 1082 2194 1015 1610 298 448 661 1882 956 2823 420 1397 2768 1560 586 1006 148 1267 2502 2152 953 973 2348 214 1602 1866 594 1285 443 1738
000739.jpg,1257 1971 1786 2072 614 1137 1087 93 895 1590 1207 1558 898 714 1166 1928 2409 2260 230 581 1357 1091 39 2288 2281 1180 1818 374 1996 777 2495 564 926 803 1353 2784 341 76 2114 1300 1883 989 2579 832 291 1535 2381 2546 1115 1898 2242 483 2224 1213 2066 2000 364 2040 1900 2129 1346 789 1427 240 1559 1106 2759 545 1389 1593 540 1801 2277 1597 739 1093 634 24 2143 853 304 2113 251 1451 1361 1561 1689 407 2178 646 737 215 436 1533 101 1019 2022 63 2540 967
000740.jpg,1788 1417 1710 1701 860 1489 26 348 925 2454 2769 1870 433 2375 2649 480 1369 197 2289 463 2714 2650 1895 2538 769 161 2482 231 1029 663 173 550 1253 2735 712 518 2840 445 2011 645 134 2553 1552 179 1926 817 2721 735 2050 1569 715 188 2287 319 1796 440 1775 2817 489 100 1319 611 2130 2631 2790 1617 1422 2084 2300 1627 562 2034 2545 48 221 943 1407 1405 659 64 1656 1261 965 1640 51 305 439 2628 826 613 85 1468 904 2312 2480 194 1102 155 266 1051
000741.jpg,1656 2501 2044 1934 2528 2411 2817 1624 1644 817 85 188 1926 1102 2790 943 1405 987 221 2832 312 1407 2300 635 611 1319 2034 2545 547 556 1386 1796 2574 1190 2270 2082 2515 2424 1146 463 197 1202 433 2375 2389 439 1860 201 2309 2289 2631 1983 64 2713 518 4 659 155 1788 1640 305 51 1545 1901 2376 2433 562 925 1369 348 795 48 100 2721 2753 675 2084 2148 489 2023 2045 1584 2367 59 833 1752 1948 1029 1710 2650 626 1417 860 1701 1627 2397 1092 2419 606 2649
000742.jpg,2019 2754 575 441 1523 2383 1482 1691 2080 2695 2550 373 845 1669 1104 2414 1507 2641 397 55 728 2176 584 1016 2395 1194 107 1177 2604 1244 2136 393 1120 1147 1678 1450 830 2518 1732 339 863 1646 603 2275 1620 1073 1057 376 1469 1447 1449 16 2317 1483 1462 1183 44 2359 2258 1749 104 751 2249 761 2493 2324 2247 1914 2785 2437 1836 1672 1535 291 832 540 2129 1346 1631 1990 2700 2506 2495 1591 465 76 1130 926 564 1180 1818 230 1561 2281 2288 834 1727 2555 1277 1044
000743.jpg,403 1159 2063 2484 1815 1009 2455 837 264 352 2092 2844 2269 2833 2797 1814 2189 1539 2576 299 2139 2403 2811 2255 2371 2138 573 17 1338 2412 90 2100 1622 600 1571 2399 537 1122 1589 2473 2486 1735 667 317 2776 307 1982 1925 1349 2731 1549 891 1291 1238 267 741 2338 846 642 428 1619 1994 472 2175 226 1698 2223 2727 1520 1862 1572 234 913 1025 795 1 2213 1409 2253 195 879 1863 1803 685 385 814 2431 1060 262 888 2226 2385 1509 2783 1095 1816 2158 1373 349 2215
000744.jpg,509 2457 844 1084 1280 5 1515 2128 1426 1889 609 1766 957 2404 1616 2115 244 1696 2572 2725 2464 2623 1525 1371 2448 592 1637 1556 1477 1061 163 388 744 466 2263 2678 2351 498 1880 1802 473 1326 2498 387 1596 43 375 2124 2014 306 2169 2508 425 1960 40 941 84 1205 481 1659 2109 2751 1214 22 815 1987 474 1726 2562 1995 115 38 971 214 2348 1602 1171 2303 2567 1198 2188 2366 2197 2720 2442 2688 1953 1199 183 959 644 23 1866 2056 45 1064 2522 621 2030 2401
000745.jpg,1788 1417 1710 1701 860 1489 26 348 925 2454 2769 1870 433 2375 2649 480 1369 197 2289 463 2714 2650 1895 2538 769 161 2482 231 1029 663 173 550 1253 2735 712 518 2840 445 2011 645 134 2553 1552 179 1926 817 2721 735 2050 1569 715 188 2287 319 1796 440 1775 2817 489 100 1319 611 2130 2631 2790 1617 1422 2084 2300 1627 562 2034 2545 48 221 943 1407 1405 659 64 1656 1261 965 1640 51 305 439 2628 826 613 85 1468 904 2312 2480 194 1102 155 266 1051
000746.jpg,2054 646 483 789 1427 1300 240 614 1137 2540 658 727 589 2277 1801 2000 2072 1087 1353 2784 1207 1306 1558 1389 1394 1883 967 714 374 1361 1451 529 1593 1533 898 1106 1559 545 395 93 895 1590 2579 2644 1951 485 1175 1166 1928 1115 2546 1334 2409 1257 2759 2066 1213 251 1786 1971 2323 2242 1597 853 1798 962 572 1689 2113 304 2178 2024 1804 1230 426 2114 634 2143 24 581 803 2430 2260 1719 2787 2504 293 2320 1149 1986 1940 1683 436 215 737 1841 1898 766 2238 341
000747.jpg,540 1346 2129 1535 832 291 1971 1786 1257 93 895 1590 2072 1087 1137 614 1298 949 1561 1434 2737 1343 1207 1558 898 940 1004 783 617 777 1996 2112 2495 1166 1928 1091 2242 230 714 1180 1019 76 1357 926 564 2409 63 2022 1999 39 1818 2224 1689 2542 1631 2288 2281 1093 1161 1513 1847 739 707 341 2143 634 24 751 426 967 1719 1804 581 1849 1986 1841 1940 2430 1597 2024 2260 2114 1898 2827 310 853 2533 2408 2354 29 374 803 1228 1795 1773 1483 376 1103 989 75
000748.jpg,2066 1213 2113 304 545 2178 1389 2546 1115 1533 589 658 727 1300 1306 1801 2277 2579 1883 1427 2784 1353 2054 483 1394 1951 1175 485 2000 646 789 374 1106 1559 529 2072 614 1137 1087 240 2759 1361 1451 2540 1798 572 962 1334 714 1207 251 1558 1683 581 898 2323 1230 1093 1257 2644 395 803 2114 1593 1786 1971 2381 2260 341 1898 2409 407 1928 1166 2787 989 2504 2022 63 1019 364 2040 1900 328 1590 93 895 1597 853 967 101 2242 436 737 215 24 634 2143 426 1357
000749.jpg,752 894 2153 2554 419 1625 96 2823 1632 205 106 1927 1032 2060 189 1363 1288 2216 1703 481 1865 815 1987 2313 1153 2567 1171 785 84 941 1227 2555 1727 834 1044 897 2194 1471 924 1487 2261 1761 1365 423 2109 1214 22 2791 2401 2030 2071 1933 1790 2141 309 1217 333 2627 396 856 829 540 1763 1090 281 2677 476 2612 327 1749 2058 2152 2502 761 956 171 1113 621 1277 669 629 1995 38 115 2317 2168 661 2779 1027 1198 1605 1631 724 2303 1659 117 1205 1502 1560 1858
000750.jpg,2152 2502 1113 1605 84 941 1987 815 1866 1525 1371 481 205 1139 2348 214 1602 1084 1953 1927 106 1144 2623 909 2141 2841 1280 1032 2060 189 1632 96 1616 2115 244 1696 594 1477 621 1198 183 785 2030 2791 2263 2572 171 2203 1184 2101 1365 419 2554 2153 894 2494 117 2197 2503 327 1502 275 2401 1425 959 2056 1064 45 2522 2179 1251 1659 1205 2620 1922 1400 510 281 2677 629 1364 1108 1488 1891 2768 1397 420 2313 1960 851 40 1738 2571 2303 1487 1471 924 2831 1979 1687
000751.jpg,561 1273 2236 1475 2061 1921 2053 726 1647 721 2402 1972 2698 999 1303 2429 1050 314 1756 1395 1037 1124 484 806 534 200 1021 2017 618 1829 2279 1168 643 1472 655 331 27 2059 1216 1140 1918 1961 1506 412 2316 1299 533 1715 1635 1967 390 1612 1662 2470 1317 138 2407 2301 936 391 1008 805 1755 780 295 2806 1240 504 363 786 430 33 53 52 1481 418 290 1022 2773 252 344 1924 927 1655 1831 402 2244 1465 2028 1956 1704 532 2611 1048 1730 1274 346 1780 2814 1941
000752.jpg,1570 1891 1723 285 2346 475 1916 2816 6 1221 298 1605 546 582 650 2666 2841 759 2502 2152 1285 973 1397 420 2768 1697 1015 1610 1083 1884 2118 980 2494 1260 122 594 2167 807 448 1284 1456 2043 2171 2810 1139 2643 820 1188 148 459 2268 37 1603 1858 690 468 922 1953 1080 1537 2706 1738 750 334 411 1702 2521 2179 1502 1761 620 732 23 953 2203 510 1153 1184 1488 1541 2313 2791 2261 1487 1471 924 117 181 2030 1922 2620 1400 229 1602 2348 214 1763 372 2168 1882
000753.jpg,601 2772 1125 1753 2777 2 2663 2077 2478 951 2818 1834 1842 18 1252 2015 2161 2561 1759 70 2757 1390 2622 1557 315 431 2510 191 2302 1165 1035 2315 1839 2702 2685 1980 1747 2686 889 1833 1443 1938 1989 369 277 767 211 2532 1460 2496 522 1548 269 2667 126 1767 2507 1904 997 1845 1442 1511 1969 2102 1340 103 1323 578 1075 202 882 123 1757 2150 2350 1001 2121 2583 2276 1114 297 1413 1608 1821 1720 684 2509 1810 931 2471 284 502 2601 990 1908 1235 1391 688 2314 1186
000754.jpg,767 277 1833 1938 1443 1747 2686 889 2496 211 2532 1460 2702 2685 1980 1989 369 2510 431 2315 1839 70 1035 1557 1390 2622 2818 951 2161 1252 2015 1834 2757 2478 191 1165 2302 2077 2561 2772 1125 1753 2777 601 315 1759 2 2663 1842 18 269 1548 1413 578 1391 126 2276 1908 502 2471 2601 990 1357 39 1767 284 2408 1241 1239 1944 1052 1243 1267 1266 1265 2400 1263 2401 2157 1260 1259 1942 1257 1256 1255 1254 2404 1251 1250 1249 2405 1247 1246 1245 1244 1943 1237 1225 1235 1206
000755.jpg,196 2474 98 776 353 2361 869 2462 1819 2334 1864 1625 1963 276 585 1643 910 2256 2353 2081 1042 2067 233 701 1402 2103 2027 871 809 781 69 1600 2001 381 2264 883 153 1344 416 206 2391 2012 1077 11 2582 1204 2132 265 1973 343 2426 873 664 2110 1751 2603 2157 2336 247 282 765 66 1170 607 1287 2803 1565 1745 1136 652 1246 825 14 1633 2434 2093 1031 2485 1128 2487 1985 1574 929 779 827 400 2661 862 1245 2018 1289 2551 2284 2146 919 1354 952 1769 1981 446
000756.jpg,1946 2394 105 1778 883 11 416 1681 664 2110 1705 1495 487 337 1742 966 942 2600 2085 2543 2458 1384 2843 2803 1565 2147 1287 1200 791 1508 1170 1077 2420 1152 1036 318 7 2793 1676 1519 632 549 2204 1245 2593 490 516 392 257 630 1978 1595 256 2165 1762 2734 2453 2718 1695 1347 604 1633 778 1970 1247 874 1031 1403 320 144 975 212 862 206 2487 1367 1566 1239 1915 2603 2824 615 812 2209 2792 998 1528 1853 1000 1707 1267 1344 1973 265 58 607 1351 1751 153 311
000757.jpg,2667 835 1114 931 2624 522 702 1830 1845 848 126 1767 903 2388 1107 1340 768 1235 1908 297 688 2276 284 578 1186 1323 103 684 65 1720 1608 1821 1254 1310 250 1975 2314 1413 990 2471 502 2601 1391 1512 2 2663 2532 369 1460 211 1989 2496 1842 18 601 1603 334 1541 750 2387 2434 282 2823 2622 1390 1557 1846 2699 1538 2493 2489 895 93 1590 853 1597 475 2346 1916 5 1515 820 315 1759 2757 2224 2478 2077 1334 2323 1801 2277 646 2054 2540 2409 1075 202 426 2024
000758.jpg,1548 269 2685 1980 2702 2315 277 191 1165 2302 2161 1833 1938 1443 2622 1390 1557 315 1057 44 16 431 2510 767 2249 369 1989 1759 1749 951 2818 1747 1483 761 70 601 2 2663 1447 2757 1469 889 2686 1570 676 211 1460 2532 863 339 1646 1073 2518 2317 1891 2496 376 1672 2437 1449 751 1836 1450 1620 1244 1732 1120 2136 1147 603 1678 2275 830 393 2695 1523 2383 845 441 373 1482 1841 1986 1940 1252 2015 2478 2772 2258 1990 1723 2816 2700 1834 2785 1914 1605 1839 1035 298
000759.jpg,807 1891 6 1260 2816 759 1723 1697 2043 2171 2810 2643 1456 1188 411 922 2167 2268 285 1221 2666 650 1284 122 37 1858 1702 1153 1083 546 582 620 732 2841 1916 475 2346 459 1570 1763 1761 181 1797 298 1882 1227 372 2261 468 476 1603 820 334 750 1090 229 829 973 2313 448 2476 1865 1285 661 2194 669 956 1308 1082 629 281 2677 2168 1541 1267 2823 2425 1139 2387 1560 1610 1015 1006 586 1605 396 2627 1536 2278 2807 1318 636 1113 2494 1884 980 2118 1144 1953 42
000760.jpg,1656 2501 2044 1934 817 2817 2528 2411 1644 1624 2034 2545 1796 1926 439 64 85 1405 2790 188 48 201 1860 221 2300 943 100 2713 562 2721 305 51 1640 2309 155 1102 635 987 1569 715 1407 2433 2832 312 2631 1319 611 1901 2376 1948 1416 1096 1490 1453 2045 1584 2023 518 2289 231 2650 1386 547 556 1897 1840 1993 2755 1788 2538 663 2082 2270 1362 169 2837 1544 2439 2628 1045 1190 2574 1649 2815 659 2272 1417 1870 2050 735 1586 497 2046 992 1422 712 1617 747 440 2649
000761.jpg,897 1933 1790 2071 1436 1504 222 2218 1305 2512 2362 1052 836 935 2096 2645 850 2355 2156 1321 1098 1709 1806 2750 1638 755 1736 2342 2450 2201 2432 2691 1911 796 144 320 1200 823 99 1682 1387 1479 2318 2420 2452 399 1510 372 2587 595 208 1621 1145 396 2627 281 2677 1865 2655 1717 461 2823 1976 1676 599 666 2642 2469 731 2126 1047 612 2747 2098 1599 2074 477 1160 908 2446 141 401 73 1628 453 2537 443 1006 2163 981 1153 1227 2194 2829 177 2122 1761 476 2679 1903
000762.jpg,2054 483 1300 789 240 646 1427 2277 1801 2784 1353 1883 1137 614 2540 2072 2000 529 1087 1394 1389 589 727 658 545 1593 1207 2579 1306 1533 1558 967 1213 2066 374 1115 2546 1451 1361 1106 1559 395 714 2644 2178 304 2113 898 1257 251 1786 1971 485 1951 1175 2759 895 1590 93 1334 2260 2323 1798 572 962 1166 1928 581 803 2242 2409 1230 2114 2381 341 1683 1898 407 1804 1597 853 2787 1689 328 2504 1093 426 436 215 737 1841 1986 1940 2024 24 2143 634 364 1900 2040
000763.jpg,2346 1916 475 281 629 2677 2171 1723 650 2666 2810 2043 2816 1891 2627 396 2841 1144 1570 1113 953 1221 546 582 420 2768 1397 2573 411 1610 1015 298 924 1487 1471 1456 2118 980 1884 1183 2359 1462 285 2494 594 1603 820 1139 468 1284 122 807 148 922 1763 37 334 750 2152 2502 1188 1605 1006 586 1082 1308 115 38 1995 1761 973 1090 1083 229 1260 2168 1979 1697 1591 423 6 1541 2268 104 1184 443 2521 1285 2194 2261 1380 459 2167 661 1738 1882 1502 1227 117 327
000764.jpg,2185 1411 2584 1129 1440 2271 2517 2298 143 2529 958 718 386 1514 1445 810 787 697 1694 2619 30 2616 71 638 2481 1215 1684 1294 665 1446 1360 1939 2801 1630 1112 1270 1258 414 2524 1242 2104 273 2246 2363 557 2460 1735 2473 1278 795 969 1807 1295 991 879 511 1863 2339 1549 2771 741 537 127 1373 641 2269 2092 2371 299 2139 2833 1619 667 1925 1982 2710 2175 2576 588 428 1480 1366 1081 1497 583 2385 1059 342 551 2189 1539 472 687 133 1947 2709 2444 2138 1349 1816
000765.jpg,295 1929 1275 1730 2806 2687 726 2773 504 999 2236 1475 655 331 2053 2301 2407 1008 430 314 1240 1124 1037 1050 220 484 1635 1967 390 1715 2429 2059 1293 1662 2470 806 534 1756 1395 1187 1648 2406 1506 1755 805 1317 503 1011 464 1706 1140 1216 1097 27 159 1789 2062 344 2693 1022 2765 799 52 131 268 1875 391 89 1024 326 31 580 1274 1481 418 1843 1822 478 2232 346 2814 1376 1655 927 1831 2821 290 1924 1297 1568 1378 2715 1026 2199 649 872 261 1472 1281 456
000766.jpg,767 277 1443 1833 1938 1747 2496 889 2686 211 1460 2532 2510 431 1980 2685 369 1989 2702 2315 1839 70 1035 951 2818 1390 2622 1557 2561 2015 1252 2161 2478 2772 1834 2757 191 1165 2302 2077 2777 1753 1125 1759 315 601 2663 2 18 1842 1548 269 1413 578 1391 126 2276 990 1908 2471 2601 502 1357 39 250 1340 1975 684 2388 1767 284 1239 1265 1241 2408 1266 1944 1942 1943 1257 1256 1255 1254 2404 1259 1260 1251 1250 1249 2405 1247 2157 1246 1245 1244 1243 2401 1263 2400 1237
000767.jpg,2448 1426 466 2725 1766 609 957 2404 1889 744 2464 509 2457 844 1637 1556 2128 388 1061 163 498 5 1515 1616 2115 244 1696 2351 1477 2508 425 1326 375 2014 2124 473 2366 2169 306 592 909 214 2348 1602 1866 2567 22 1214 1953 2751 23 1080 2109 1659 1537 1738 148 690 2521 1488 510 1171 1397 420 2768 594 1661 2203 2303 1205 2179 953 1502 1139 1084 40 1960 1487 924 1471 1400 2620 1922 2678 2494 43 1596 2162 2841 2573 2706 2572 1687 387 2498 2726 1744 2222 1108 1283
000768.jpg,1993 1444 947 1663 1328 2767 1054 1649 2011 1623 2707 1679 645 1045 2130 1782 1381 2836 445 1658 1422 1617 179 1489 2241 1218 1051 712 2439 1261 2840 1552 1544 169 2837 2628 2352 2050 735 1710 194 1417 1701 860 550 1029 1840 440 155 305 51 1640 1788 1096 1416 1948 562 2375 433 2046 497 992 1586 2650 2289 197 2721 1897 134 1362 100 715 1569 2482 769 161 1895 2631 231 463 965 2769 64 2714 1253 1775 2556 48 480 173 348 925 2272 1496 439 900 1486 1437 1796 2649
000769.jpg,2210 2520 640 13 1272 2671 1949 377 828 2578 1337 1038 2421 1041 1754 2083 1910 323 2539 2798 729 2032 56 2629 1429 2428 2828 933 672 2570 2602 1374 1668 1764 865 2795 2839 370 2047 1329 2335 1189 2640 1249 1070 2031 2120 2221 955 698 1521 839 1049 932 1399 2038 964 358 2808 1266 1952 571 1065 2108 1686 597 1418 886 432 2333 417 1886 2217 2415 1477 743 427 2568 1793 62 332 340 536 361 1398 802 21 2451 2384 292 302 78 1616 1696 2115 244 893 1236 2423 199
000770.jpg,304 2113 1213 2066 1389 2178 658 727 589 1115 2546 1306 1951 485 1175 545 1533 2054 1334 2579 1137 614 2323 1798 962 572 1559 1106 646 2072 1361 1451 1087 2000 1207 714 1394 1427 1558 1230 1683 1883 1300 898 2759 1353 2784 374 2277 1801 2787 581 2540 529 803 2644 483 2114 1257 395 240 251 789 1786 1971 853 1597 1093 426 2260 2409 2022 63 1019 989 1166 1928 93 895 1590 2504 2381 1593 2040 1900 364 2024 341 101 634 2143 24 1898 436 215 737 407 328 1333 293
000771.jpg,2374 133 1234 493 2004 2174 1792 57 280 1758 1580 2125 1575 1930 689 1861 1392 210 570 2456 2418 1947 1665 2327 1034 1279 2186 1196 1859 793 976 756 2461 2330 1276 1358 859 366 797 548 422 1724 294 1375 746 2229 1072 2838 2184 1664 2672 2548 421 2541 1765 588 228 2590 1030 704 2513 583 1081 1497 77 2694 1457 2749 1229 263 2662 1776 2332 656 2123 801 934 1292 1193 203 720 154 2581 885 706 1059 342 551 2206 2356 1887 880 1348 2321 1542 1551 1877 1576 185 1043
000772.jpg,1948 1096 1416 1362 1897 2272 2556 2046 992 1586 497 2815 1496 1965 1636 1316 1051 1261 1218 2628 194 439 64 2352 2631 2721 1569 715 562 48 2713 1860 201 155 2034 2545 2755 1796 1840 518 100 1679 2707 1623 2045 1584 258 770 747 2309 1123 1878 1926 221 2300 860 1710 1701 1993 635 1405 2433 305 1640 51 1054 1328 623 1375 1377 638 1440 1381 1386 1388 1392 1437 1409 1421 1411 1432 1428 622 1373 1414 626 1417 1407 746 1369 642 1279 1291 1292 1294 1295 1307 1313 659 1319
000773.jpg,540 1346 2129 1535 832 291 1971 1786 1257 93 895 1590 2072 1087 1137 614 1298 949 1561 1434 2737 1343 1207 1558 898 940 1004 783 617 777 1996 2112 2495 1166 1928 1091 2242 230 714 1180 1019 76 1357 926 564 2409 63 2022 1999 39 1818 2224 1689 2542 1631 2288 2281 1093 1161 1513 1847 739 707 341 2143 634 24 751 426 967 1719 1804 581 1849 1986 1841 1940 2430 1597 2024 2260 2114 1898 2827 310 853 2533 2408 2354 29 374 803 1228 1795 1773 1483 376 1103 989 75
000774.jpg,2374 133 1234 493 2004 2174 1792 57 280 1758 1580 2125 1575 1930 689 1861 1392 210 570 2456 2418 1947 1665 2327 1034 1279 2186 1196 1859 793 976 756 2461 2330 1276 1358 859 366 797 548 422 1724 294 1375 746 2229 1072 2838 2184 1664 2672 2548 421 2541 1765 588 228 2590 1030 704 2513 583 1081 1497 77 2694 1457 2749 1229 263 2662 1776 2332 656 2123 801 934 1292 1193 203 720 154 2581 885 706 1059 342 551 2206 2356 1887 880 1348 2321 1542 1551 1877 1576 185 1043
000775.jpg,48 1569 715 100 2721 562 2433 439 1796 64 2545 2034 51 305 1640 1453 1490 155 2713 2376 1901 2309 201 1860 2556 2272 1416 1096 1496 1948 2631 1316 194 2352 1261 2628 1218 1051 231 2650 2815 2289 1965 1636 1897 2454 2046 497 992 1586 712 925 26 1369 518 1870 1362 2538 663 348 1840 2649 2714 1617 1422 2023 2439 169 1544 2837 1782 1381 2836 2767 1658 2045 1584 1710 1045 2130 2769 2241 550 1417 947 1663 1444 480 1993 1649 1788 179 1328 1701 860 440 1489 2755 747 1253
000776.jpg,1656 817 2501 2044 2817 2528 1934 2411 1644 1624 1926 2545 2034 85 2790 1796 188 221 943 2300 1405 1102 1407 987 64 439 1860 201 312 2832 2713 2309 611 1319 100 48 635 2433 2721 1569 715 1901 2376 1490 1453 562 305 1640 51 155 2023 2045 1584 1386 547 556 2631 1870 2649 2270 2082 1369 26 518 2755 1146 1948 2289 1096 1416 1965 1636 2389 925 1190 2574 1202 197 463 1316 1788 4 2815 348 747 659 2272 1496 1417 2424 2515 1752 2454 2650 231 2538 663 2367 2375 433
000777.jpg,1583 2252 227 916 998 2042 2310 1063 2792 517 2065 1579 841 2682 1651 1578 1211 1791 118 1977 1566 1239 1367 2328 1179 2491 567 1920 2647 945 639 808 114 9 1368 1770 311 1210 875 2304 515 923 1271 919 1769 952 1354 1970 778 382 2711 1854 2349 1851 887 1470 1531 2488 2097 763 748 7 151 2379 2793 2416 975 528 2225 2723 579 2778 982 2618 2559 25 1209 513 2658 2575 512 930 2459 566 2026 1154 492 928 1657 2729 1585 1667 819 1528 2256 2001 2391 1600 2012 2423
000778.jpg,1801 2277 1300 1353 2784 529 1883 483 1394 789 545 240 1427 2054 2579 1533 395 2644 2178 2759 2066 1213 304 2113 761 374 2546 1115 251 2249 1749 2317 1389 2000 2381 2540 581 2114 1593 646 1106 1559 967 989 341 16 44 1449 1483 1057 1683 1469 376 1447 1230 2323 1334 803 1306 1951 485 1175 1277 1727 2555 834 1044 1898 1451 1361 1093 1818 1672 2437 1836 364 2040 1900 962 1798 572 2504 589 658 727 407 328 2072 1180 436 215 737 1914 2785 2260 1357 101 2258 2700 1990
000779.jpg,2551 2284 2146 2018 1289 2008 719 764 2485 35 190 1534 1493 914 1351 1157 1577 2824 615 1997 1128 2209 812 1915 1403 247 206 153 862 276 2487 1121 1204 2582 1751 2603 1633 1772 450 303 539 2585 723 1359 58 604 343 212 871 549 874 1247 490 1347 2453 2718 1344 2204 2734 1762 2165 516 1595 256 632 1819 2462 2334 1864 781 1170 381 1402 318 1152 1036 630 11 2110 664 2361 765 2147 282 2353 2336 825 883 1245 2593 2067 869 1246 2157 2256 998 928 2729 1657 701
000780.jpg,327 2494 117 1979 1184 2303 1198 275 2791 1502 1205 1659 1922 2620 1400 2030 2203 907 1687 2179 298 1605 23 594 2768 1397 420 2502 2152 510 1371 1525 1641 2101 1080 1084 2573 1738 2263 148 2623 2521 629 1488 2627 396 1537 1280 2677 281 2572 1570 205 690 1139 1423 1113 1953 2245 1591 2678 1866 1144 1285 1891 2841 973 953 543 1602 214 2348 2706 474 306 1425 1471 1487 924 1973 2132 1723 2816 752 423 448 1263 2014 375 2124 2666 650 946 905 1960 40 851 1750 475 1916
000781.jpg,2533 1149 293 2320 29 2673 2172 286 2024 426 2756 2021 754 1689 1728 2143 634 24 2430 1597 1231 2787 757 1804 853 218 1719 967 213 2408 707 2638 91 2296 2235 792 184 1849 2472 739 1984 1312 1478 1593 2354 1448 1265 2224 1533 2615 119 1383 80 1296 558 2295 2413 135 2390 1529 1733 2744 540 1269 1722 1867 1166 1928 424 465 2409 19 291 1346 832 2129 1535 2566 895 93 1590 2260 499 789 240 1951 1175 485 483 232 520 1945 1207 1558 714 1257 1298 1434 614 2072
000782.jpg,1022 346 290 52 2821 1662 1481 418 758 786 363 806 534 389 2059 780 484 2244 1465 2429 1438 471 1378 402 478 2467 2690 2687 936 2505 2465 108 467 1475 1918 1568 999 753 452 1039 53 2301 2407 840 1692 1275 1929 2285 1730 726 2806 2634 2398 628 1220 89 2236 344 1273 1506 295 2698 314 1787 464 1706 225 207 61 2765 2396 1008 2611 1789 192 643 1472 1048 1941 2025 2669 138 1655 927 1831 1780 331 655 2470 241 495 838 2232 653 1612 1141 2142 2070 131 1282
000783.jpg,380 437 1233 981 1872 760 73 1599 2074 2163 823 399 453 1628 1510 401 461 1976 208 595 2587 477 2655 2122 2829 177 1717 816 1145 2055 2679 1903 1047 1085 1163 1023 2469 2126 731 1160 141 2747 2098 612 99 164 156 460 2577 694 2009 2636 72 1415 1784 2775 172 2722 1241 174 2274 1808 1155 1688 1089 1100 1404 850 2156 2380 2267 1236 796 1911 2691 2512 2750 2645 144 320 1098 1321 901 836 935 2096 222 2218 1504 1436 1200 2568 1793 2355 2333 1699 1553 743 1430 2282
000784.jpg,295 1275 1929 1730 2806 2687 726 999 504 331 655 220 1475 2429 430 2059 1240 484 2236 534 806 1008 2407 2301 268 1875 131 2765 1706 464 1662 1843 1024 2053 1789 314 53 89 2470 2565 1481 418 1503 2142 290 452 1011 780 52 2285 1022 840 2634 495 927 1831 1655 2531 467 2062 478 108 2773 1039 1050 786 2715 1378 389 1506 346 2244 1465 1124 1037 1281 1568 753 758 1967 1635 1715 390 1297 241 1438 471 1941 1912 456 402 363 2821 344 1216 1140 1274 2465 2505 1220
000785.jpg,1114 931 2624 1845 1830 702 848 835 126 522 2667 1767 903 1235 1908 1107 1340 2388 768 297 284 688 2276 1186 578 990 2601 502 2471 103 1323 1720 1608 1821 684 1413 2314 65 1310 1254 250 1975 1391 1512 1989 211 2532 369 2496 1460 2663 2 18 1842 601 2823 767 277 475 1916 2346 5 1515 2757 315 1759 1557 1390 2622 431 2561 70 2510 2478 2077 1839 1035 202 1075 1425 1907 2305 350 1723 191 2302 1165 1968 1267 1266 1265 2400 1263 2401 974 2157 975 2495 1260 1259
000786.jpg,601 2 2663 951 2818 1842 18 2015 1252 1834 1759 2757 1557 2622 1390 2161 315 191 1165 2302 2772 1753 1125 2777 2478 2077 70 2561 431 2510 2315 1035 1980 2685 2702 1839 889 2686 1747 1833 1938 1443 1989 369 1460 2532 211 277 767 2496 269 1548 522 2667 1904 997 2507 1767 126 202 1075 2150 1757 882 123 1845 2350 2121 2583 1001 1114 578 1413 2276 1406 1012 249 2509 1810 931 1391 2624 1830 702 848 1340 1260 1942 2157 2401 1263 1257 1256 1259 2483 2400 1254 2404 1251 1250
000787.jpg,1971 1786 1257 614 1137 2072 1087 93 1590 895 1207 1558 714 898 1166 1928 2409 803 1357 374 581 646 1427 2546 1115 39 2114 2540 251 2000 341 2381 2040 364 1900 101 1883 1818 1300 989 2579 1389 2288 2281 1535 291 832 737 436 215 2260 1559 1106 545 2323 1180 1597 926 564 1334 2143 24 634 2054 2129 1346 230 76 2759 2784 1353 1451 1361 589 727 658 1533 1213 2066 2495 853 1306 426 1091 1898 1593 2242 540 777 1996 483 962 572 1798 1801 2277 304 2113 240 2224
000788.jpg,1236 2380 2267 1430 1553 1699 1886 2333 1256 743 2117 802 36 1431 901 536 2568 1793 500 427 2217 2415 1492 2078 142 432 1588 1132 340 733 429 571 2423 1053 554 555 866 868 176 1499 878 1268 193 988 121 681 2227 2786 979 1888 680 199 2090 569 62 361 1398 332 289 1065 1890 893 2108 1562 1041 1038 1754 2421 302 78 292 2029 21 2451 2384 417 2668 865 1393 886 597 1418 1686 1033 2743 380 437 1233 981 1872 760 1949 2032 323 56 1399 2038 964 2163 1952
000789.jpg,950 1146 1752 59 2367 1202 4 2389 1545 1799 312 2832 987 626 1102 556 2069 2270 2082 1386 547 635 1496 611 1319 1316 1407 2556 1737 85 1965 1636 188 2300 221 2790 283 2477 1926 613 2272 266 2815 518 2631 826 1624 1644 943 1405 2538 663 1934 2411 2528 817 2817 1840 1656 2501 2044 440 231 1416 1948 1096 860 1701 194 1453 1490 1901 2553 1870 1369 2454 1261 2352 173 1218 1362 1586 497 992 2046 64 439 2312 1468 904 1710 1051 2628 925 26 1489 1417 1658 2241 1045
000790.jpg,1506 2025 2669 2070 192 1781 2794 1141 61 207 225 383 455 1262 1274 1780 1924 1787 654 2396 1127 1299 2164 239 2091 1140 1216 290 653 2173 209 139 1356 245 838 2280 216 49 525 27 1505 391 408 2311 1282 356 296 1472 113 625 449 1248 2470 2232 1037 1124 2531 344 1435 252 726 679 52 2053 346 2821 822 2137 1829 2279 1168 1612 2693 2285 858 1598 418 1481 131 2690 2467 999 1843 1941 2236 1568 643 2565 1022 1011 2687 363 495 1692 268 1875 655 331 464 1706
000791.jpg,2185 1411 2584 1129 2298 2517 2271 1440 958 143 2529 1694 718 2616 1514 787 386 810 1684 1445 2481 697 1360 71 638 30 1294 665 1446 2619 1215 1630 1939 1112 2801 1270 414 1258 2246 2104 1242 2524 273 795 969 2473 2460 2363 557 2339 511 1735 1278 879 1807 991 1295 1539 2466 1349 342 551 1059 1 1025 1549 352 1366 1480 1816 1619 2138 2709 2269 127 2092 2771 2833 685 2399 307 2727 1520 472 976 133 1358 1947 2710 2175 1863 537 2371 641 1373 741 2576 2139 299 1982
000792.jpg,645 2011 1054 2707 1623 1679 445 1328 1663 1444 947 1649 2840 1552 1045 2767 1422 1617 1029 2130 169 1544 2837 735 2050 712 2439 179 2241 440 1782 2836 1381 1658 550 463 1993 1840 2735 2352 1051 1218 197 1253 1261 319 2287 1775 2628 2631 2375 433 194 155 663 51 1640 305 2289 659 2649 480 1369 2538 134 2714 518 2650 2769 1870 1788 1417 562 497 2046 992 1897 1586 2454 965 860 1489 1701 925 348 26 231 2482 1895 1710 173 1416 1948 1096 1362 769 161 259 2544 100
000793.jpg,1476 2745 88 2202 1914 1856 2111 576 2785 824 132 1176 695 2190 1178 2700 2547 1990 2441 95 983 596 2180 1743 1224 1713 1116 2437 1672 1836 2016 2827 1838 47 683 310 1714 676 2523 34 2422 465 1749 1561 1631 44 1693 2656 2149 16 2249 1483 2317 1447 617 1795 1773 2129 1346 1228 60 1469 376 1847 1161 1513 761 1785 1999 1103 1535 832 291 540 1057 499 2542 1197 949 1019 783 1449 1343 2737 834 1044 2555 1727 1304 2242 1004 940 1685 954 1712 1760 182 1277 2497 63
000794.jpg,1054 1623 2707 1679 645 1328 2011 1663 1444 947 1649 445 2767 169 1544 2837 2840 2439 1552 1045 1422 1617 2130 2836 1782 1381 2050 735 712 1658 2241 179 1029 440 1218 1993 1051 1261 2352 1840 550 2628 194 1640 305 51 155 463 2735 562 1253 1489 319 2287 197 433 2375 1775 2631 992 2046 497 1586 860 1701 1417 1710 2454 1897 1948 1096 1416 2721 1362 659 2289 1870 1369 925 26 2649 2650 2714 100 1569 715 64 439 134 480 2769 518 2272 2556 2815 1496 1486 900 1437 231
000795.jpg,1316 1496 1965 1636 1752 2815 2556 950 2272 1146 518 1840 663 2538 2069 2631 2367 59 440 312 2832 4 987 1202 2389 1799 1102 1545 2628 497 2046 1586 992 635 1051 626 2352 201 1860 2713 194 1362 1218 1416 1096 613 1897 283 735 2050 1658 2241 2309 1261 1737 547 1386 556 826 1407 266 2477 85 2270 2082 1045 2376 1901 1948 2433 1453 1490 747 258 2836 1782 1381 1319 611 2300 2553 2439 1926 155 179 550 188 2790 221 231 1123 2755 1649 2767 1422 1617 1878 1644 1624 1895
000796.jpg,2533 293 2320 1149 29 1689 2673 2021 754 2756 2172 286 1728 1804 1231 540 2143 634 24 2430 1719 426 1597 2024 739 2787 967 757 1593 853 218 2224 291 1535 832 1996 777 1091 1346 2129 230 792 91 2235 2296 707 1849 564 926 2288 2281 2408 1093 184 1561 2495 1180 1818 2242 213 76 2472 341 617 1312 1984 39 2638 1478 465 949 1533 2354 1357 1898 783 1265 499 1448 1257 407 2542 1928 1166 766 2238 2737 1343 2744 1733 1298 1786 1971 2260 1434 2615 1383 119 1296 80
000797.jpg,59 1545 2367 2389 1202 626 4 1799 950 1146 1737 2270 2082 611 1319 1752 556 1386 547 2477 635 188 312 2832 987 283 2069 266 1102 1407 826 613 85 221 2300 943 1405 1926 2790 1624 1644 2411 2528 1934 2044 2501 2134 1496 2556 2208 912 41 2205 716 2692 2373 2075 659 817 2631 518 345 2530 996 1491 1656 904 2312 1468 1855 2817 708 918 1181 1564 1837 463 2289 433 2375 197 1485 2538 663 2650 231 109 623 2553 2675 1812 700 591 527 616 1988 124 2131 1587 651
000798.jpg,883 416 1946 2843 1325 257 1707 1526 2516 2394 288 1871 2613 105 392 1731 1138 2145 1385 406 1779 1778 1007 410 1079 1992 1442 811 1800 1645 664 2110 1969 1511 2102 2609 749 1516 11 544 112 937 1068 1455 434 751 2219 535 773 2730 2377 1527 1670 1005 709 2549 253 2341 1783 742 1419 301 2331 1681 519 2763 1311 821 1794 730 2334 1864 2462 1819 248 94 1133 1424 648 186 1642 254 3 1742 337 2746 2788 2353 2290 1600 2012 2391 843 2361 487 1981 1237 1466 338 446
000799.jpg,835 1114 931 2624 2667 65 702 1830 522 1107 1908 1845 768 903 1254 1310 1512 284 126 1767 2388 2601 2471 502 990 848 1340 578 684 2276 250 1975 1608 1720 1821 1425 1323 103 1186 688 1413 297 1235 2314 1391 1449 350 2305 2823 1057 333 309 1217 856 752 1669 1104 205 2019 1515 5 2550 1507 575 2754 2324 2493 2247 423 1462 1591 2359 1183 1625 861 1691 2414 1907 1884 2118 1610 1015 980 1632 419 2153 894 2554 96 362 2258 1841 2027 69 104 2103 863 1646 339 300
000800.jpg,1993 1640 305 51 1045 155 562 1422 1617 2130 2767 179 2241 712 1051 1261 2721 1218 1658 2439 1381 2836 1782 1328 1649 2628 1544 2837 169 1444 1663 947 550 100 1840 2050 735 1796 1569 715 439 1679 2707 1623 64 2034 2545 48 440 194 1054 2352 2011 2713 1860 201 2433 645 2309 1416 1096 1870 1948 2649 1369 2376 1489 1901 2631 1453 1490 445 497 2046 1586 992 1897 1710 26 1552 2840 1417 2714 860 1701 663 925 480 2454 2289 2650 2769 518 1029 2538 1362 231 348 2023 2045
000801.jpg,2685 1980 2315 2702 277 1833 1938 1443 2532 211 1460 767 269 1548 2496 369 1989 1747 2686 889 1390 1557 2622 431 2510 2302 1165 191 601 2663 2 951 2818 2161 315 2757 70 1759 2015 1252 1834 2478 2772 1842 18 1035 1839 2077 2561 1125 1753 2777 1442 1969 1511 2102 1413 578 522 2667 202 1075 1391 103 1323 1992 1114 1975 684 250 2314 688 1186 126 2276 2471 990 1908 2601 502 339 863 1646 1073 2518 67 627 2583 39 1357 931 2383 845 1523 373 2695 441 1482 1340 2388
000802.jpg,1104 1669 2754 575 2550 2019 1507 2414 1691 1646 863 339 2604 1177 107 393 2136 1244 2641 397 2176 55 728 830 1450 1732 1194 1620 603 2275 1678 1073 441 1523 2383 2080 2518 1147 1120 1482 2695 845 373 1016 584 751 2395 2493 2247 2324 1057 676 1469 16 1447 376 1449 350 2305 1425 761 2249 835 2258 796 2691 1911 1267 1483 44 1846 1538 2489 2699 2823 2317 1548 269 2593 752 423 205 956 1380 946 2351 2508 1462 1183 2359 104 1707 1907 288 1325 1590 1166 1928 2409 895
000803.jpg,327 117 1979 2303 1184 2494 1198 2791 1205 275 1659 1502 2030 907 2203 2179 23 1687 298 1922 2620 1400 1080 1084 1641 510 2101 594 1537 1371 1525 2623 1280 2573 690 2263 1397 420 2768 2572 1488 1738 1423 2245 2521 629 1285 2627 396 148 1570 2677 281 2678 1591 543 205 973 306 2706 1144 1973 2132 1425 474 1263 2014 2124 375 2169 946 1750 448 905 1326 473 953 1866 2222 425 1380 2152 2502 1605 1139 104 980 1884 1610 1015 2118 1953 423 1113 1471 1487 924 2443 851 1960
000804.jpg,1032 189 2060 481 2313 1171 2567 2109 1214 22 167 454 1286 506 565 1844 96 1632 1927 106 815 1987 941 84 2222 20 2401 621 171 2153 2554 419 894 2751 2612 2162 1703 1363 2216 1288 2726 1744 2831 1251 959 2705 1364 183 762 300 205 2571 1560 2197 1365 38 115 1995 2268 1661 45 1064 2522 2056 1217 333 309 1336 1013 785 856 2425 1570 1726 2079 2160 1865 468 2791 2503 2030 1858 1907 1199 2494 1487 924 1471 1315 2573 861 459 2167 236 2760 2608 2182 2116 1108 298
000805.jpg,1605 1548 269 2152 2502 1891 1113 1570 594 1723 2816 1139 2841 1953 2494 2768 1397 420 1987 815 1616 2115 1696 244 2666 650 941 84 475 1916 2346 148 298 1502 1477 2203 285 582 546 1866 1221 6 1738 117 481 2101 2521 1184 214 1602 2348 1083 1198 759 2141 2179 2620 1922 1400 1591 1144 510 1659 205 2643 953 2791 1702 183 1205 1488 1371 1525 2030 1697 281 629 2677 1260 270 327 1768 2048 2761 2503 620 732 785 1841 1940 1986 2623 396 2627 1979 1487 1471 924 2573 820
000806.jpg,2294 1056 1944 1055 2728 2207 2741 1212 137 725 1825 2135 899 204 1606 116 1076 1463 686 1464 1935 2286 1986 1940 2248 97 79 722 2665 2068 165 804 1067 2382 2813 1937 2842 2041 1452 2580 2558 447 2511 1134 1547 246 1639 948 2393 2766 2825 1874 1899 2435 1777 1130 2719 692 2436 329 2598 657 140 1868 2305 677 1185 974 1223 2292 2736 2708 2319 494 2291 2057 574 2438 682 491 2569 1592 647 2683 146 790 2639 1126 1841 1962 350 1876 2809 1721 362 2258 12 1473 442 217
000807.jpg,2794 1781 383 2669 2025 1506 2070 192 1141 61 225 207 1787 654 2396 239 2164 2091 2173 245 209 139 2280 1924 525 838 49 1274 455 1262 1780 1505 653 408 1282 356 296 1127 1299 2311 1356 2232 449 113 27 1248 625 2470 216 290 252 1140 1216 1435 679 2137 822 1472 344 2531 391 1598 858 52 346 1481 418 1168 1829 2279 2821 1037 1124 2285 1843 131 495 1941 2565 1568 799 2467 2690 2053 726 241 806 534 2244 1465 1662 780 2693 268 1875 1612 786 999 389 1500
000808.jpg,803 101 1900 364 2040 737 215 436 2381 251 989 341 2540 2000 1427 1559 1106 374 529 1786 1971 1394 2504 395 1883 2114 581 2644 1898 646 1257 1300 2546 1115 1361 1451 2579 1801 2277 1357 2759 328 1230 1683 572 1798 962 2054 39 407 545 2787 1818 2288 2281 2178 766 2238 2323 2784 1353 2113 304 1389 1213 2066 1334 1093 1180 1533 564 926 1137 614 76 2242 2495 230 1091 1306 2072 485 1951 1175 2224 739 777 1996 1207 1558 714 589 658 727 483 898 1087 789 1231 754
000809.jpg,2043 2810 2171 2816 650 2666 807 1723 1260 1891 411 475 1916 2346 759 922 1697 2841 1456 1188 2643 1858 6 820 1603 1763 1284 750 334 1702 37 122 2167 468 2268 285 1541 732 620 1221 1083 1153 546 582 2313 459 1570 1090 229 181 2387 1797 1761 1139 1308 1082 372 1884 2118 980 1227 2261 1865 2476 476 298 1015 1610 1882 1605 448 2425 1953 586 1006 829 973 1397 420 2768 1267 1285 148 2194 661 669 2168 953 1560 2502 2152 2823 443 2494 594 214 1602 1866 2348 924
000810.jpg,2414 2550 1177 107 2604 1507 1104 1669 2641 397 728 2176 55 1194 575 2754 2019 1691 584 2695 845 373 441 2383 1523 1016 1482 2080 2395 1244 2136 393 2324 2247 2493 863 339 1646 736 2326 2691 1911 796 751 1450 830 2495 564 76 1538 230 2288 2489 2699 1180 1846 1818 926 2281 1357 2752 1734 1028 1748 2036 2159 1467 1459 2233 2239 1601 2234 2192 1690 2254 2360 2073 379 457 187 920 2224 2823 1996 777 39 1091 2351 2508 1449 1346 832 1749 291 1057 2129 1535 540 1036 318
000811.jpg,196 2361 869 776 98 2474 353 1963 1625 585 276 2256 1643 1819 2334 1864 2462 2081 2067 233 2353 910 701 1042 871 1402 1600 2103 781 809 2027 69 2001 381 2012 2391 2264 153 883 416 206 1344 2426 873 11 1077 2157 2336 343 2582 1204 282 2132 1973 265 765 664 2110 1246 825 66 1751 2603 652 1745 1136 14 247 1958 1633 2434 2485 1170 1985 607 929 1574 779 1287 1565 2803 1981 1237 446 1642 2170 3 2490 254 2405 1245 2536 1997 2551 2093 1031 2487 1128 827 2661
000812.jpg,2573 2494 924 1487 1471 953 1687 1400 1922 2620 115 1995 38 2346 1916 475 2179 1144 327 1113 2348 1602 214 1953 1139 2841 510 167 2162 20 454 2823 1502 2677 281 629 594 2768 420 1397 1570 752 298 2726 1744 275 2203 1979 1866 1738 2521 148 1488 907 690 2706 1184 946 396 2627 2268 2222 205 1661 2167 2791 117 2303 650 2666 1267 1537 1080 1380 2171 1198 1641 1423 2245 1880 1802 84 941 1697 1371 2030 1525 956 459 1882 63 1333 2022 2591 335 2230 909 423 815 1987
000813.jpg,70 2561 431 2510 2772 1125 1753 2777 2077 2478 2161 1759 2622 1557 1390 2757 315 2302 191 1165 601 2818 951 1035 1839 1834 2015 1252 2 2663 1842 18 2315 2685 1980 2702 1747 1938 1443 1833 767 277 889 2686 211 2532 1460 2496 369 1989 1548 269 522 1969 2102 1442 1511 2667 1075 202 2601 502 990 2471 997 1904 2507 1340 103 1323 882 2150 1757 123 1845 1114 297 284 1720 1821 1608 684 1908 126 2276 1767 1992 67 627 2583 1406 249 1012 931 1235 282 2434 688 2314 1186
000814.jpg,2792 998 1179 2491 2328 887 118 1583 1977 2252 1531 1470 639 945 1920 2647 2682 1651 1579 1578 567 841 2065 1063 808 9 1791 517 1770 748 382 2711 1854 919 1769 952 1354 515 2575 1585 1667 819 114 1851 1970 778 2778 916 227 2379 1154 492 2459 2488 975 2097 923 930 2304 2723 2042 2349 1368 7 2026 566 579 2310 1210 875 1271 1211 512 2793 311 1209 513 1239 1566 1367 25 2225 2658 2416 928 1657 2729 151 763 1528 528 2559 2618 982 337 1742 1245 2147 1519 1236
000815.jpg,817 1656 2817 188 1926 1934 1644 1624 2528 2411 2501 2044 2790 85 2300 1319 611 221 943 1584 2045 1405 2023 1407 1102 2755 1386 547 987 556 2270 2082 2832 312 635 747 197 433 2375 258 463 2289 770 4 626 1320 1545 2034 2545 659 1796 1202 1701 860 1146 1870 2650 26 1417 1710 2649 1369 2454 1788 1489 59 1029 1737 2389 925 2367 348 1860 2713 201 2309 1983 2574 1190 2714 2477 283 1752 480 2735 2631 64 439 1096 1416 48 100 2769 2530 996 161 173 1253 231 769
000816.jpg,27 2794 1781 2311 2091 2164 239 2070 113 1248 1141 383 1505 525 1356 1299 1506 1435 625 654 1262 455 2173 1924 216 2280 2669 2025 49 838 679 252 245 139 209 1274 2137 822 449 561 192 1273 1598 858 207 61 225 1140 1216 2279 1829 1168 2396 408 653 1612 344 1787 290 1127 1124 1037 2232 2053 1972 1647 2402 721 391 296 1282 356 495 1961 1472 2693 241 2061 1780 2236 131 1843 1921 2142 268 1875 799 1303 2470 2565 1503 643 2316 2698 533 200 2017 618 1021 1395
000817.jpg,921 2064 2049 2282 662 2596 1518 1290 631 1909 1613 1017 530 446 1879 355 1396 1105 1981 1237 1301 1604 1567 243 1058 813 660 451 2696 2257 1554 1370 1673 394 2259 360 2392 1331 1614 607 542 2796 2140 710 2664 1739 908 2782 2357 54 1906 1002 1000 1853 2660 984 2093 1695 50 1893 1384 1742 1978 1495 337 1508 791 1287 1119 2369 2803 1565 1031 2262 966 2458 487 1621 1681 942 2085 2600 2274 1808 852 1676 1688 2543 1705 1404 1100 144 460 2452 1145 897 320 1089 1155 172
000818.jpg,1721 1876 2809 1473 12 2051 1439 598 526 864 994 608 274 508 2499 1088 1555 531 1452 140 1868 2057 574 2291 494 1725 444 368 2183 1408 271 1771 2440 1677 1892 1942 1998 2037 2625 2220 1056 482 2435 1223 2526 1931 939 657 677 2683 1899 647 790 2427 2639 2089 146 1433 2704 2580 2445 1874 329 2436 2598 686 1944 1055 2294 804 2319 2509 1810 2708 2719 2617 2657 637 306 2508 2169 202 1075 2728 2207 627 249 1406 1012 217 255 1330 2766 2825 447 2622 1390 1833 1980 767
000819.jpg,2043 2171 2810 650 2666 2816 1723 475 1916 2346 807 1891 820 1603 750 334 1541 1260 2841 2387 411 1153 759 922 1761 6 1697 2643 1456 1188 1221 285 1858 372 546 582 1702 1284 1763 468 1570 829 1139 122 1083 37 229 732 620 2313 956 2167 2268 1605 1882 1953 1397 2768 420 1797 2261 1227 181 2118 980 1884 476 1865 1015 1610 2823 669 2168 1090 148 298 953 2476 2194 2425 2152 2502 448 459 214 2348 1866 1602 661 1471 924 1487 1738 2521 594 1560 1082 1308 2494 2573
000820.jpg,1489 860 1701 1710 1417 1788 26 348 433 2375 1870 925 197 463 2289 2650 2649 1993 2482 1895 1369 2454 2769 769 161 2714 1029 480 173 231 2538 1261 1253 2628 194 550 134 2735 663 1051 1218 2082 1386 556 2270 547 2352 518 1796 1569 2721 715 712 2300 1926 2790 440 1381 1658 1782 2836 179 1316 1636 1965 2545 2034 1649 100 48 562 1096 1948 1416 1407 85 221 2631 1102 1840 2767 1496 2815 735 2050 2241 635 1405 817 1617 1422 1054 943 1444 1663 947 169 2837 1544 1679
000821.jpg,67 627 2509 1810 1406 249 1012 1001 2121 2350 2583 1075 202 1944 1055 2294 404 1609 895 1590 93 2224 494 2291 574 2057 2728 1825 725 2207 2435 378 1594 1195 1869 1899 1056 2580 1928 1166 2302 1165 191 657 2409 2719 1223 1452 2766 2825 2161 1130 2558 165 146 447 686 677 1986 1940 359 2 1842 2663 18 140 1868 2708 204 790 692 2292 2736 1557 2622 1390 835 2393 2683 1639 1777 1076 974 2639 1185 2286 948 1464 647 1463 137 1935 1212 899 2741 2135 1606 1646 863 339
000822.jpg,1083 546 582 759 1702 620 732 2643 1221 285 6 181 1260 1797 807 1536 2807 1318 636 2278 2476 1882 1858 1891 42 2816 2425 1697 1723 922 2048 2761 1768 2810 1188 1456 2171 2043 2261 411 956 468 2313 661 372 476 2194 1284 1227 475 1916 2346 122 1570 2168 229 448 270 2841 650 2666 2116 669 1153 298 820 1603 2688 1199 829 1726 37 2386 2167 750 334 398 1458 1283 1285 1865 2678 973 1761 1198 1596 459 474 2263 1763 462 2733 1517 2268 2498 387 971 2101 1371 1525
000823.jpg,2092 2833 2269 299 2139 2576 1814 2844 1539 352 2455 837 1009 2797 264 2371 2484 1815 667 1549 1925 1982 1619 2063 2776 1735 879 1159 403 741 1816 1366 1480 2403 428 1589 1122 2175 2189 2731 90 2607 1660 2633 1863 2363 557 2460 2385 1373 1349 867 1025 2771 641 888 262 2473 226 2100 2399 2138 2801 234 913 1572 1622 600 273 537 2727 1520 2710 891 2486 1338 1242 2104 2524 2226 2811 2255 267 1291 1238 577 2595 147 307 814 2431 385 687 1509 1 1994 2412 573 17 127
000824.jpg,1506 2025 2669 61 225 207 192 2070 383 1141 1781 2794 1787 1780 2396 1274 1924 654 1262 455 1127 290 49 838 408 2164 239 2091 139 209 2173 653 245 525 1282 356 296 1299 2280 1140 1216 2232 1505 449 2470 1356 1472 344 216 418 1481 52 27 2311 113 346 391 2531 625 1248 1124 1037 2821 726 2244 1465 1662 806 534 780 786 252 1843 131 2285 999 2565 2690 2467 2053 2137 822 1435 495 2429 679 363 484 1568 1022 295 389 2059 1875 268 1612 799 2687 1941 643
000825.jpg,1584 2045 2023 2755 747 258 770 1320 2545 2034 188 1796 1319 611 817 2817 1656 2556 1496 556 547 1386 2075 2134 2373 1855 996 2530 1926 2272 1965 1316 1636 2815 1416 1096 345 1491 2692 1407 463 197 1029 2082 2270 157 1485 1417 1710 2300 2790 85 1934 1788 708 918 48 715 100 1569 1948 1870 2649 26 635 1369 1428 1373 1375 626 623 1377 1388 622 1392 1421 1366 616 1409 1411 1414 613 606 1381 1405 638 1360 1276 1278 1279 1291 1292 1294 1295 1307 659 1313 656 651 1362
000826.jpg,1781 2794 383 2669 2025 2396 245 139 209 1787 838 192 2173 49 61 207 225 525 2280 2164 239 2091 408 1282 356 296 654 1506 1141 2070 653 1505 1924 1274 449 1780 2232 1262 455 113 2311 1127 1299 27 1356 290 1248 625 252 1140 1216 2470 1435 216 679 2137 822 52 418 1481 1598 858 344 1843 1472 495 346 1037 1124 2531 2565 391 131 1168 1829 2279 1941 2285 799 2053 1465 2244 1500 1568 2821 780 786 806 534 2693 1662 241 726 268 1875 389 363 758 2429 484
000827.jpg,2352 2272 2556 194 1496 2815 1218 1316 1636 1965 1261 1051 2628 1096 1416 992 2046 1586 497 1948 1362 2713 1897 1860 201 2433 1840 1453 1490 1658 2836 1381 1782 2241 1901 2767 1649 48 2376 155 64 1569 715 2309 2439 2721 439 2631 1054 100 562 1328 1663 947 1444 440 1045 1679 1623 2707 1640 305 51 2034 2545 1796 169 1544 2837 2755 645 747 735 2050 2011 518 663 2538 258 445 1552 2840 950 770 1752 231 1489 1799 2130 1617 1422 1993 2069 2650 179 1710 1029 2367 712 1146
000828.jpg,2772 1753 2777 1125 2077 2478 2561 70 601 2161 1759 2 2663 2818 951 1834 2757 1252 2015 1390 1557 2622 315 18 1842 2510 431 2302 191 1165 1035 1839 2315 2702 2685 1980 1747 2686 889 1833 1443 1938 277 767 1989 369 211 1460 2532 2496 269 1548 522 2667 1442 2102 1511 1969 1767 126 997 2507 1904 1845 1340 1323 103 578 202 1075 882 123 1757 2150 2350 1001 2583 2121 2276 1114 297 1413 1720 1608 1821 684 249 1406 1012 2509 1810 931 2471 2601 990 502 284 1908 1235 1391
000829.jpg,726 2236 999 1475 2053 314 2429 484 2059 806 534 1050 1662 331 655 2470 2407 2301 1037 1124 295 2687 780 1275 1929 344 290 2806 1635 390 1715 1967 1481 418 786 2244 1465 1008 52 1730 430 1506 346 389 478 1438 471 1216 1140 363 2765 1568 402 758 1022 1273 89 2698 53 2821 1378 1274 1843 936 268 1875 2232 1024 1918 108 1395 1756 1262 455 2531 1317 1039 27 391 1755 805 504 799 467 2285 131 561 2693 2505 2465 838 840 2773 2634 1706 464 452 1941 1924 2406
000830.jpg,1948 1096 1416 1362 1897 2272 2556 497 992 2046 1586 2815 1496 1965 1636 1316 1051 2628 1218 1261 194 2352 439 64 2713 201 1860 715 1569 2721 48 562 2545 2034 2755 2631 155 1796 747 100 2433 1584 2045 258 770 1840 2309 1710 2023 518 1381 1658 2241 2836 1782 1640 305 51 1490 1453 1901 2376 1123 1878 221 2300 1926 1489 1405 635 2439 2707 1623 1679 2767 1649 231 2650 2289 2538 663 1752 1146 2069 950 1701 860 1993 1045 947 1663 1444 1328 1054 1386 626 1320 1388 1392 1319
000831.jpg,253 2341 248 336 1455 1498 1133 648 94 434 1131 2549 544 1424 2219 1311 2364 1243 410 1794 843 593 2746 1079 937 2730 2299 2788 1966 1783 1005 1968 1516 673 709 2290 811 538 870 717 2417 2151 2697 392 1325 1936 1094 2095 883 2196 186 1419 2331 301 2251 855 2492 1142 2005 800 749 1670 1546 1454 568 2087 1020 1581 2560 2830 1309 1040 365 678 1573 1850 730 881 605 338 1466 774 610 1634 112 416 821 435 1110 2006 1174 1913 1379 2519 2243 1992 257 2843 773 2763
000832.jpg,839 932 1049 698 955 1521 323 2032 56 1949 1038 1041 1754 2421 1249 370 2047 2671 1189 2520 2210 640 1272 13 377 2578 828 865 1337 2083 1910 2798 2539 2629 2428 1429 729 933 672 2828 2640 2570 1668 1374 2602 2839 1764 2335 1329 2795 2221 2031 1070 2120 358 1399 2038 964 2150 1952 1266 2808 2333 2267 2380 193 121 988 1886 1699 1430 1553 432 1256 1236 500 340 743 536 1065 1255 986 571 2217 427 2415 2568 2387 372 802 1499 1477 569 2090 123 1757 882 1793 332 417
000833.jpg,2457 844 509 5 1515 1426 2128 2404 1766 609 388 163 1061 466 2448 2725 1637 1556 957 1889 2464 498 744 2351 1616 1696 2115 244 473 1326 2014 375 2124 2508 425 2366 592 1477 2169 306 1080 23 22 1214 690 1537 1602 214 2348 2751 1661 19 232 1945 520 2567 2162 1953 2109 2566 2726 1744 148 1960 40 1659 1738 2303 1171 510 2118 1884 980 1015 1610 2179 2203 1502 594 2706 2521 20 1205 1488 1866 2295 558 135 2413 1401 424 1448 2222 1184 1139 420 2768 1397 2615 400
000834.jpg,1083 546 582 620 732 1702 759 2643 1221 181 285 6 1797 1536 1318 2807 636 1260 2278 2476 807 1882 42 2425 1858 2048 2761 1768 1697 1891 2816 2261 661 270 476 2194 922 1723 2116 956 1188 2688 2168 1227 1726 2386 468 2313 1456 448 2810 1199 669 411 372 1283 398 1458 2171 2043 229 829 1284 1153 122 2678 1596 387 2498 2101 1570 971 1198 474 2167 2263 475 2346 1916 2841 1761 298 2666 650 644 37 2188 1108 2442 2720 1285 2623 1525 1371 1064 2522 45 2056 1865 2562
000835.jpg,1570 1891 298 1723 1605 2816 2502 2152 285 6 1221 475 2346 1916 650 2666 2841 2494 594 546 582 1139 2768 1397 420 1953 1285 122 759 148 1284 459 2677 629 2627 281 396 973 117 2268 1083 980 1610 1884 2118 1015 2115 244 1696 1616 1260 37 2203 1184 2167 1502 1456 1080 1738 2643 1697 690 807 1537 2521 2101 1702 2791 1188 23 1659 2706 448 1198 2043 2171 2810 953 2030 205 423 1477 411 2179 1979 2620 1922 1400 1602 214 2348 620 732 468 922 815 1987 752 327 1113
000836.jpg,1132 1588 536 1268 1431 36 2117 802 340 429 2078 1492 142 555 571 733 193 121 988 1886 878 500 569 2090 1256 866 332 1699 1430 1553 2333 1236 2786 979 2227 1562 680 2029 2380 2267 1053 2668 868 176 1065 432 1890 1033 2743 554 1888 901 1393 1499 743 289 681 21 2384 2451 1793 2415 2217 2568 199 2108 427 62 417 361 1398 1418 1686 597 2839 886 1329 2335 893 2423 2795 302 292 78 1764 1038 1041 2421 1754 2570 1952 1266 2808 865 1949 1910 1399 2038 964 2640
000837.jpg,2510 431 70 1839 2561 2772 1035 2478 2077 2161 2777 1753 1125 1759 1390 2622 1557 2757 315 191 2302 1165 601 2818 951 1834 2015 1252 2 2663 1842 18 2315 767 277 1833 1443 1938 2685 1980 1747 2686 889 2702 211 1460 2532 2496 1989 369 269 1548 522 1969 1442 2102 1511 2667 1075 202 1340 1720 1821 1608 1845 1986 1992 1114 684 282 2434 2276 126 1767 627 67 2583 2471 284 1908 990 2601 502 249 1012 1406 768 903 2388 931 882 2150 1904 997 1757 2507 123 103 1235 297
000838.jpg,2252 1583 227 916 2042 2310 1651 2682 1977 1239 1367 1566 517 998 1578 1211 2647 639 1920 945 1063 841 2328 2491 1179 1368 1579 114 2792 2097 1770 2488 9 311 1970 778 1854 382 2711 2723 1210 875 512 2459 2349 2065 2575 515 887 118 579 1154 492 763 748 2793 2304 2379 566 2026 1585 819 1667 1531 1470 2729 928 1657 982 2416 567 808 1271 7 2225 1791 930 1851 528 1528 151 923 25 2618 2559 975 513 1209 2658 2778 1354 1769 919 952 2093 607 2357 1906 1819 2462
000839.jpg,1113 2502 2152 1605 84 941 1987 815 481 2141 106 1927 183 270 1525 1371 2101 1144 1866 621 2048 1768 2761 2503 1283 959 785 1632 2197 96 1198 2060 1032 189 117 1960 40 205 1696 2115 244 1616 1726 1139 1477 1108 2623 2522 45 1064 2056 594 398 1458 1953 851 171 909 1591 2263 1084 2386 2678 2572 2030 2116 1205 1602 2348 214 2494 2791 43 1286 565 506 1844 592 1979 2841 1891 1365 1184 1280 1802 1880 2203 327 762 2401 1400 1922 2620 1232 2571 1502 1659 894 419 2153
000840.jpg,1993 1045 179 2130 2241 1051 550 1218 1261 1617 1422 2767 1658 1840 735 2050 1381 1782 2836 2628 1489 1623 2707 1679 1544 2837 169 1328 712 440 1663 1444 947 2439 1054 1710 194 992 1586 2046 497 2011 1649 2352 1701 860 155 51 305 1640 1417 645 562 1897 480 2769 1386 547 663 556 2082 2270 1362 1096 1416 433 2375 2714 2454 445 1948 1552 2840 2538 518 197 463 1788 2721 1369 2649 2289 2631 2650 1870 1029 2556 2815 715 1569 925 348 1496 1319 611 2272 26 1860 201 2713
000841.jpg,1613 1909 662 1879 2064 2282 921 2049 1518 2596 394 2796 2140 1058 1906 1290 631 1017 2357 451 2093 2392 446 1301 1237 1981 1567 530 607 984 1604 1119 1002 908 1978 2262 243 813 1105 1396 355 1554 1370 852 660 2257 2696 1621 1673 1676 360 2259 2543 1331 1614 2782 1718 942 2085 2660 710 2452 1384 542 897 2458 966 1495 1808 2274 54 2664 1739 337 2600 1853 1000 1688 1742 1100 1404 2446 487 2642 1681 144 2537 599 666 320 1155 1241 460 2420 630 1089 1145 276 2722 172
000842.jpg,2533 1149 293 2320 29 2673 2172 286 2024 426 2756 754 2021 1689 1728 2143 634 24 2430 1597 1231 2787 757 1804 853 218 1719 967 213 2408 707 2638 91 2296 2235 792 184 1849 2472 739 1984 1312 1478 1593 2354 1448 1265 2224 1533 2615 119 1383 80 1296 558 2295 2413 135 2390 1529 1733 2744 540 1269 1722 1867 1166 1928 424 465 2409 19 291 1346 832 2129 1535 2566 895 93 1590 2260 499 789 240 1951 1175 485 483 232 520 1945 1207 1558 714 1257 1298 1434 614 2072
000843.jpg,2294 1056 2305 350 1944 1055 1212 137 2741 2728 2135 899 204 2207 1606 79 1067 116 725 1825 1463 2665 722 2068 2842 1935 447 1962 2825 2766 246 1547 1134 2511 97 2736 2292 692 2719 2041 442 165 2558 2319 1126 1940 1130 1986 2506 790 686 1425 2248 362 2813 1076 2286 1452 1464 1937 2580 1841 804 2435 1942 2440 271 1408 2291 494 574 2057 1899 2258 2382 657 1183 1462 2359 104 474 1591 217 1330 1874 2625 1892 1677 2037 1771 1223 2393 1639 948 2080 1777 1998 647 2683 423
000844.jpg,59 312 2832 4 987 1146 1545 2389 2367 556 950 2270 2082 1202 1386 547 635 1752 1102 626 1799 1319 611 1407 85 2300 221 188 1926 2790 1624 1644 943 518 2501 2044 1737 1405 2411 2631 2528 2069 1934 663 2538 1656 2477 283 613 826 266 817 1965 1496 1316 1636 2815 2272 2556 1840 440 439 64 659 2817 2241 1658 1045 1122 2731 1589 1788 155 1422 1617 48 1649 2530 996 1491 480 2454 2769 173 231 2553 2205 716 2692 2289 463 197 2375 433 41 912 2208 918 708 1416
000845.jpg,835 2624 1114 931 126 1767 1845 2667 1830 702 848 1340 1908 522 903 1107 2276 2388 578 1821 1720 1608 284 297 1235 1186 768 1323 103 688 684 1413 250 1975 2314 1391 1254 1310 2601 990 502 2471 65 1512 1460 369 1989 2532 211 2496 2 2663 2305 350 1425 18 1842 601 2823 1916 475 2346 1515 5 315 1759 2757 1557 2622 1390 2478 2077 1907 1449 1057 423 752 205 202 1075 1035 2561 1570 468 1015 980 1884 1610 2118 856 333 1217 309 1723 2302 1165 191 1245 1244 1260
000846.jpg,1489 1710 1701 860 1417 1788 2375 433 1993 2289 197 2650 26 1895 2482 348 925 1870 463 2769 161 769 2649 1369 2714 2454 173 480 1029 231 2538 550 2628 194 1261 134 663 1253 1386 2082 547 2270 556 1051 1218 2352 2735 518 1381 2836 1782 1658 179 1636 1965 1316 1649 712 1948 1096 1416 1926 2300 2790 2767 1496 2815 440 2241 1407 221 1796 85 715 1569 2721 1102 947 1663 1444 1840 2631 1752 1146 2069 950 2556 2272 1617 1422 497 2046 992 1362 1586 1405 635 2034 2545 1054
000847.jpg,370 2047 1189 2415 2217 2568 427 1793 2090 569 193 988 121 340 571 56 2032 323 865 901 536 500 1236 2267 2380 1886 1065 2333 743 1553 1430 1699 1499 332 1256 432 1521 640 2421 1041 1038 1754 1949 1272 13 802 964 1399 2038 2117 2640 955 698 1337 1910 2423 1431 36 2520 2210 733 358 1588 1132 377 828 2578 866 1952 2083 2570 1764 2671 2335 1329 2808 1266 1268 729 878 2839 1049 839 932 554 2221 1070 2031 2120 2795 933 672 2828 868 680 176 1374 2602 1668 1053
000848.jpg,1416 1096 1948 1362 2272 1897 2556 2815 1586 497 992 2046 1496 1965 1636 1316 1051 2628 1218 194 1261 2352 2713 1860 201 2433 64 439 48 1569 715 2755 1840 2721 2545 2034 747 1490 1453 1901 1796 2376 2309 100 562 258 2631 155 1584 2045 770 2023 1658 2241 1640 51 305 2836 1782 1381 518 1320 2538 663 1752 2069 440 950 2767 2439 1123 1649 1489 1045 1993 1701 860 1710 1799 1878 1146 1054 613 2367 1328 1417 2707 1679 1623 231 1544 2837 169 1369 1870 623 2312 978 1148 59
000849.jpg,1993 1489 1710 860 1701 179 1417 550 1045 1788 2130 2050 735 440 2767 1051 197 2241 480 1261 1218 1422 1617 463 2628 2769 433 2375 1840 712 1381 1782 2836 2082 2270 547 1386 2454 2714 1369 2649 1658 556 1649 348 2289 925 2538 194 2011 663 1663 947 1444 518 2650 1870 659 645 2352 611 1319 1029 26 445 1552 2840 188 1926 221 169 1544 2837 1640 305 51 155 2439 1328 1405 987 312 635 2790 85 2832 2300 1102 2631 943 134 1623 2707 1679 1407 562 1054 2735 817 497
000850.jpg,2092 2269 352 2833 2455 837 1009 264 1539 2139 299 2484 1814 1815 2576 2844 2797 2063 2371 403 667 1159 1549 1982 1925 2776 1619 1735 1816 1480 1366 741 879 2403 428 2175 1589 1122 2189 1660 2607 2633 1349 90 2731 1863 2801 273 2138 1025 2473 867 2363 557 2460 2524 2104 1242 2385 537 2399 2226 2710 234 913 1572 1373 2727 1520 2100 1622 600 307 262 888 226 2771 2811 2255 1994 2486 1338 641 891 1291 267 1238 1 687 147 577 2595 2412 317 2338 573 17 2431 385 814
000851.jpg,2792 1579 998 1583 1179 2328 2491 841 1063 118 2252 1977 1578 945 2647 639 1920 9 2065 1651 2682 1354 919 1769 952 1791 567 515 517 808 1851 1770 887 114 2379 1470 1531 382 1854 2711 2778 748 1970 778 916 227 930 2225 928 1657 2729 763 975 819 1667 1585 923 2575 2310 2097 2304 1211 2042 2723 982 1210 875 7 2793 1566 1239 1367 1368 2488 1154 492 2459 1271 512 311 579 2349 151 566 2026 1528 2416 2559 2618 528 25 2658 1209 513 353 776 2474 98 196 1402
000852.jpg,2174 1234 1575 2327 1792 57 280 1930 1580 2004 2374 1392 1034 2418 210 1861 570 2456 2186 133 1665 1279 493 793 1859 2461 1758 2125 689 2330 1276 746 1724 1072 1375 2229 1196 1947 1664 294 756 421 2548 976 859 797 366 422 1358 548 2838 704 1030 2672 77 228 2590 2694 1765 2184 263 2541 2513 588 801 1457 1776 2662 1229 2332 656 583 1081 1497 2123 885 1350 934 1292 706 720 1043 857 2206 1193 1551 1887 2356 1086 2581 1348 880 2155 185 1542 2739 1191 2321 2039 884
000853.jpg,823 73 380 1599 2074 437 1233 760 1872 2163 1628 453 1510 399 981 401 2587 595 208 2655 461 1976 477 1145 2829 177 2122 1717 816 2679 1903 1085 1163 2055 1047 99 2747 612 2098 2469 2126 731 1160 1023 141 460 156 164 2577 72 2009 2636 694 1784 1415 2722 172 2775 1241 1808 2274 1688 174 320 2512 1200 1155 796 1911 2691 144 850 1305 2218 222 1504 1436 2355 1100 2362 1089 2420 1404 897 2156 2750 2318 1321 1098 935 2096 836 2642 2645 2282 2446 1052 1479 1682 1387
000854.jpg,956 1882 1761 1153 820 1541 334 750 829 1603 2387 807 669 476 1260 2168 1697 2823 2043 661 2171 1227 6 2261 372 2666 650 2268 448 2194 2810 285 1221 2816 2167 1188 1865 922 2643 1858 759 1723 582 546 1456 411 1284 1891 37 459 475 2346 1916 122 1702 1797 2425 1763 971 38 115 1995 468 2313 1083 1570 2476 620 732 2688 2841 181 1267 298 229 1802 1880 1199 1560 973 1922 1687 2620 1400 1285 644 42 909 2188 2593 2442 2720 2562 2494 1090 1596 387 2498 1108 2572
000855.jpg,1584 2045 2023 2755 747 258 770 1320 2034 2545 2556 1496 2272 1965 1316 1636 2815 1096 1416 1796 2373 2134 1855 2075 1948 497 1586 992 2046 1485 1897 1362 1218 1261 1051 2352 996 2530 2628 194 157 2713 1860 201 345 1491 48 715 1569 2692 155 2631 1407 2433 188 611 1319 918 708 64 439 562 2721 100 2649 26 1870 1208 1258 1238 1360 1358 1215 1264 1366 1369 1270 1373 1276 1202 1242 1253 1234 1355 1229 1294 1292 1295 1291 1324 1328 1338 1341 1313 1348 1307 1279 1349 1350 1278
000856.jpg,1781 383 2794 245 209 139 2396 2669 2025 1787 838 2173 49 192 525 2280 61 225 207 408 2091 2164 239 654 296 1282 356 1506 1141 2070 653 1505 1924 2232 449 1274 1780 113 455 1262 2311 1299 1127 27 1356 290 1248 625 252 2470 1140 1216 1435 216 679 52 418 1481 822 2137 858 1598 346 344 495 1843 1472 2565 1465 2244 1037 1124 2531 799 1829 2279 1168 1941 2821 131 391 2285 786 780 1500 1662 1568 534 806 2053 389 2693 363 758 241 2429 726 484 2690 2467
000857.jpg,1113 1144 2502 2152 2677 281 629 1605 1866 986 1255 1757 882 123 1184 895 1590 93 2627 396 1602 214 2348 244 1696 1477 2115 1616 1462 2359 1183 2494 2203 1940 1841 1986 117 1971 1786 941 84 2030 1659 594 2791 1502 909 1371 1525 907 1927 106 1137 614 1400 2620 1922 815 1987 205 1953 1139 1960 851 40 1232 2101 1434 189 1632 96 1032 2060 1423 1641 946 1979 1380 2303 2197 1197 2542 1166 1928 1425 2207 1130 2258 1825 1962 725 442 2558 2506 165 2728 362 2409 481 2521
000858.jpg,1113 1425 1449 1057 350 1144 2305 1006 443 1933 1790 2071 1380 2502 2152 2512 897 946 836 2096 935 2362 1197 2691 1911 796 1504 2218 222 1436 1082 1308 1267 1305 1090 1263 1750 1219 2514 2355 2542 586 1605 104 905 474 2245 144 1200 320 1763 459 1685 954 617 2167 1462 1183 376 16 1447 1469 2258 149 1760 182 1712 2443 1641 1525 1371 1304 1044 2268 850 1423 1333 761 205 1487 1471 924 835 543 2030 1866 1103 60 907 275 2449 2535 1671 8 1474 745 325 2249 2317 1052
000859.jpg,1891 1605 2152 2502 1723 2816 582 546 285 1221 1083 1113 2494 1570 6 2841 2768 1397 420 594 2643 1139 1702 1916 2346 475 759 1953 732 620 1198 2666 650 2620 1400 1922 148 298 1882 1738 181 1502 117 1260 1866 2179 2521 327 2101 2573 807 510 1687 2203 1797 1591 1602 2348 214 1371 1525 1987 815 1979 953 1184 2476 1488 2171 2043 2810 1205 1697 2807 636 1318 1536 2278 2678 2263 270 1768 2761 2048 1659 42 275 1726 1080 84 941 1487 924 1471 2791 23 1283 2623 2030 2303
000860.jpg,392 2843 257 2331 1419 301 1707 1871 519 2763 2516 1526 773 1731 1138 2613 1385 2145 406 1779 1992 1007 288 1800 1645 416 2102 1325 883 742 1442 1511 1969 410 1079 1946 535 811 1681 2609 1495 1894 2377 1527 1705 1455 487 94 1742 2458 966 664 2110 337 942 2600 2085 2341 1516 937 1384 2543 2219 709 253 1676 112 186 2549 843 1466 338 434 1287 1565 2803 105 1778 1978 544 730 791 1508 749 1068 1031 1133 248 648 1005 336 2730 1554 1370 11 751 538 813 320 1454
000861.jpg,2045 1584 2023 2755 747 258 770 1320 2034 2545 2556 1796 1496 2272 1316 1965 1636 2075 1855 2134 2373 2815 1416 1096 1948 1485 2530 996 157 1362 497 1897 2046 1586 992 2352 611 1319 188 201 1860 2713 1051 1261 2628 1218 194 345 1491 48 1569 715 817 1926 1386 556 2817 1656 547 2692 155 2631 1407 197 463 1029 2270 2082 2433 2790 85 2300 1934 1788 708 918 439 64 562 2721 100 26 1870 2649 1575 1313 1328 1572 1571 1580 1338 1341 1564 1552 1576 1324 1489 1295 1215 1618
000862.jpg,1334 2323 2054 1175 1951 485 2540 646 614 1137 1306 589 658 727 1801 2277 1427 803 2072 1798 572 962 529 1207 2644 1394 1087 395 251 2000 1558 714 101 1533 1389 2113 304 1115 2546 853 1597 1257 215 737 436 1230 1106 1559 895 1590 93 989 1593 2178 2381 1197 2040 1900 364 2542 2787 1361 1451 1786 1971 2409 898 2066 1213 1166 1928 1300 634 24 2143 2114 374 545 426 1689 2667 581 617 2579 291 1535 832 1683 2759 2430 676 341 522 2024 483 1883 2242 1561 1357 39
000863.jpg,2671 2210 2520 640 2578 377 828 1272 13 729 1337 2798 2539 2629 2428 1429 2083 1910 672 933 1949 2828 2602 1374 1668 1041 2421 1754 1038 2221 2120 2031 1070 2640 865 2570 323 1764 2032 56 2839 1329 2335 2795 1249 358 1399 2038 964 2047 370 955 698 1189 1521 2808 1266 1952 932 1049 839 2217 2415 2264 571 427 2568 340 1065 2108 1418 597 1686 886 432 1793 417 2333 62 988 193 569 121 2090 332 361 1398 2451 21 2384 536 292 302 78 901 893 372 2387 199 1305
000864.jpg,2573 2494 924 1487 1471 953 1687 1400 1922 2620 115 1995 38 2346 1916 475 2179 1144 327 1113 2348 1602 214 1953 1139 2841 510 167 2162 20 454 2823 1502 2677 281 629 594 2768 420 1397 1570 752 298 2726 1744 275 2203 1979 1866 1738 2521 148 1488 907 690 2706 1184 946 396 2627 2268 2222 205 1661 2167 2791 117 2303 650 2666 1267 1537 1080 1380 2171 1198 1641 1423 2245 1880 1802 84 941 1697 1371 2030 1525 956 459 1882 63 1333 2022 2591 335 2230 909 423 815 1987
000865.jpg,59 2367 950 2389 1146 1545 4 1202 312 2832 1752 1799 987 2082 2270 556 626 1102 547 1386 635 611 1319 1407 85 188 2069 2300 2631 518 1737 221 1644 1624 1926 2044 2501 2790 1934 2411 2528 1496 1405 943 663 2538 1316 1636 1965 2556 2815 2272 283 2477 1656 613 826 266 1840 440 817 2817 2553 231 173 659 64 439 1658 1045 2241 1491 996 2530 2769 480 2454 716 2205 2692 197 463 2289 2375 433 2208 41 912 1589 2731 1122 1788 918 708 1490 1453 1901 1096 1948 1416
000866.jpg,835 2624 1114 931 126 1767 1845 2667 1830 702 848 1340 1908 522 903 1107 2276 2388 578 1821 1720 1608 284 297 1235 1186 768 1323 103 688 684 1413 250 1975 2314 1391 1254 1310 2601 990 502 2471 65 1512 1460 369 1989 2532 211 2496 2 2663 2305 350 1425 18 1842 601 2823 1916 475 2346 1515 5 315 1759 2757 1557 2622 1390 2478 2077 1907 1449 1057 423 752 205 202 1075 1035 2561 1570 468 1015 980 1884 1610 2118 856 333 1217 309 1723 2302 1165 191 1245 1244 1260
000867.jpg,614 1137 2072 895 93 1590 1087 898 714 1207 1558 1213 2066 1971 2409 1786 545 1257 1166 1928 304 2113 2546 1115 2178 1389 63 2022 1019 2260 2242 2579 1427 1300 1533 1593 1353 2784 1093 1883 1561 291 1535 832 374 2323 24 2143 634 341 1597 540 1689 581 1898 727 658 589 646 803 1334 483 251 1346 2129 1306 853 2540 2000 2759 617 2114 2430 1451 1361 407 1091 426 1683 1394 572 962 1798 1996 777 240 1333 949 1106 1559 101 1343 2737 1357 1298 783 2024 1801 2277 789
000868.jpg,1305 1436 1504 222 2218 2071 2362 1933 1790 2512 897 1052 2355 850 2750 1709 2096 935 836 1098 1321 2645 2201 2156 2432 755 2450 2342 1736 1806 1638 796 2691 1911 144 320 1200 1682 1387 1479 99 2318 2420 823 372 2452 399 1510 595 2587 208 1676 1621 2655 2642 2074 1599 1145 2446 1976 666 599 2537 380 461 1717 2627 396 73 1865 2677 281 2126 731 2469 477 453 2163 1628 981 401 2747 2098 612 760 1872 437 1233 2823 1047 1160 908 443 1006 141 1267 2122 2829 177 1718
000869.jpg,767 277 1833 1938 1443 1747 2686 889 2496 211 2532 1460 2702 2685 1980 1989 369 2510 431 2315 1839 70 1035 1557 1390 2622 2818 951 2161 1252 2015 1834 2757 2478 191 1165 2302 2077 2561 2772 1125 1753 2777 601 315 1759 2 2663 1842 18 269 1548 1413 578 1391 126 2276 1908 502 2471 2601 990 1357 39 1767 284 2408 1241 1239 1944 1052 1243 1267 1266 1265 2400 1263 2401 2157 1260 1259 1942 1257 1256 1255 1254 2404 1251 1250 1249 2405 1247 1246 1245 1244 1943 1237 1225 1235 1206
000870.jpg,1495 1742 2458 966 243 1554 1370 1384 813 1396 355 1105 1681 337 2257 2696 487 530 1705 1604 1673 1331 1614 2600 2660 2543 2049 2085 942 1301 1853 1000 1031 1567 1695 1893 50 1002 446 2369 542 54 2664 1739 791 1508 660 1981 1237 908 2803 1565 710 1287 2259 360 921 1676 2782 1058 451 984 1978 607 1119 1017 2064 1290 2596 1518 2392 631 1621 2282 2140 2796 2262 1946 144 2093 320 1613 1909 1879 852 662 2361 871 2353 394 765 825 2336 1246 2170 282 2394 2157 14 1985
000871.jpg,2064 2282 921 631 1290 2596 1518 662 1613 1909 1017 2049 2392 1879 2140 2796 394 1058 451 2357 607 446 530 1906 1301 1237 1981 1567 2093 1604 660 1002 984 1978 2259 360 908 1119 813 2262 2782 1396 1105 355 243 710 2696 2257 1370 1554 1673 542 1614 1331 2664 1739 1808 2274 54 1000 1853 1688 852 1404 1100 2660 460 2085 942 1145 1155 1695 1621 2722 172 1241 1384 2009 72 2636 1089 2600 816 1718 50 1893 1508 791 177 2829 1287 2122 2543 337 1565 2803 2679 1903 2577 1676
000872.jpg,2714 348 2769 480 925 2454 26 1369 2649 1870 2538 663 550 1788 518 1417 1710 712 179 860 1701 1489 2130 197 1422 1617 2650 463 2289 2375 433 100 231 2309 48 1569 715 439 201 1860 2713 64 2721 2631 1029 1490 1453 735 2050 155 1045 1796 440 1901 769 1895 161 1640 562 305 51 2545 2034 2376 1840 1930 2241 2229 2482 2418 280 1580 2815 221 943 2327 1993 2837 2439 1544 169 1496 173 2735 1253 2125 2004 1861 689 210 57 1792 1758 2374 2011 645 2300 2790 2628 493
000873.jpg,1144 1113 629 281 2677 396 2627 117 2101 1591 1198 1979 1641 2502 2152 907 1184 327 1525 1371 474 851 40 1960 1205 104 1423 2573 2359 1462 1183 543 2245 205 1232 2203 2791 2494 1502 941 84 2303 946 1687 423 2030 1263 1750 2443 1973 2132 594 2623 1987 815 2197 1084 475 1916 2346 1922 1400 2620 905 275 1458 398 1380 1659 2263 1605 1425 953 2116 2514 183 2503 1226 2086 298 2179 1219 481 115 38 1995 592 1280 1471 1487 924 23 2678 761 752 2506 1962 442 2572 1064
000874.jpg,1083 2807 1536 1318 636 732 620 2278 1702 582 546 181 2643 2048 1768 2761 42 1797 759 270 2116 2386 1726 1458 398 2678 1221 2476 2263 285 1198 1525 1371 2623 2442 2720 1283 2562 6 1882 2503 1064 2522 45 2056 2197 474 2101 644 2188 1596 2572 1591 387 2498 1199 971 1880 1802 183 2425 43 1260 2141 2688 40 851 1960 762 661 1280 1084 2168 592 2261 2194 1979 1987 815 1113 481 807 1108 785 205 117 1205 423 909 1251 752 1144 2571 621 1364 300 1927 106 2612 2359
000875.jpg,483 789 1300 2054 1801 2277 240 2072 1427 2260 614 1137 1593 1087 2784 1353 374 1533 2579 646 1786 1971 1207 898 1883 1590 93 895 1558 1389 1257 2759 967 1166 1928 545 529 2540 2000 2409 1394 714 2114 1115 2546 407 581 1898 2242 341 589 658 727 1093 2066 1213 395 1091 2238 766 1306 2644 328 1451 1361 777 1996 2504 1683 1559 1106 230 2113 304 803 485 1175 1951 1334 1940 2178 1798 572 962 1804 1230 1180 251 1841 1986 1357 2323 1818 2495 926 564 2281 2288 39 291
000876.jpg,1948 1416 1096 1362 1897 2272 2556 2046 497 1586 992 2815 1496 1965 1636 1316 1051 2628 1218 194 2352 1261 2713 201 1860 64 439 2433 48 1840 715 1569 2721 1453 1490 1901 562 2755 2631 2034 2545 100 2376 2309 1796 747 155 1658 2241 258 1381 1782 2836 51 305 1640 770 518 1752 950 2069 1584 2045 2538 663 440 2767 1649 1489 2023 1146 2439 860 1701 1710 1123 1993 2367 1799 1320 1045 1878 1054 613 1202 1417 59 1328 1870 1369 1623 2707 1679 2312 978 623 1148 283 826 1544
000877.jpg,2064 2282 921 662 1909 1613 1518 2596 1290 631 1017 2049 1879 2392 394 2796 2140 1058 451 446 2357 1906 1981 1237 1567 1301 530 1604 607 2093 1002 984 660 1119 1978 813 243 360 2259 908 1105 355 1396 1370 1554 2257 2696 2262 2782 1673 1614 1331 710 542 1739 2664 852 942 2085 54 1000 1853 2660 1621 2543 1384 1808 2274 1495 2600 1676 1688 1695 1404 1100 1742 1893 50 2458 337 1718 966 487 1155 460 791 1508 2369 1031 1145 1681 1565 2803 1089 1287 1241 172 2722 2452 897
000878.jpg,536 1588 1132 1268 571 2090 569 121 193 988 340 36 1431 802 332 2117 2839 2335 1329 1065 2217 2415 2795 1793 901 427 733 555 429 1952 2078 1492 142 1266 2808 1886 1764 680 2333 2570 1562 500 1430 1553 1699 865 2640 878 1236 1399 964 2038 1256 2668 2267 2380 2029 2568 2786 2227 979 432 1033 2743 1910 1890 1393 866 358 1499 176 1337 2221 1070 2120 2031 1668 1374 2602 868 2083 933 672 1888 2828 554 729 1249 1418 597 1686 289 2108 1053 417 1189 62 886 743 2047
000879.jpg,1236 2380 2267 1430 1553 1699 1886 2333 1256 743 2117 802 36 1431 901 536 2568 1793 500 427 2217 2415 1492 2078 142 432 1588 1132 340 733 429 571 2423 1053 554 555 866 868 176 1499 878 1268 193 988 121 681 2227 2786 979 1888 680 199 2090 569 62 361 1398 332 289 1065 1890 893 2108 1562 1041 1038 1754 2421 302 78 292 2029 21 2451 2384 417 2668 865 1393 886 597 1418 1686 1033 2743 380 437 1233 981 1872 760 1949 2032 323 56 1399 2038 964 2163 1952
000880.jpg,2294 1056 2728 1055 1944 2207 725 1825 2741 137 1212 2135 899 1606 204 116 1463 1935 1940 1986 447 165 2825 2766 2041 97 2719 692 2558 1547 2511 246 1134 2319 2842 1130 2736 2292 1067 790 1962 1126 79 2665 2068 722 2305 442 1841 1076 686 362 1464 2435 2248 2258 2286 350 2506 1899 2291 2057 574 494 2813 2382 1937 1874 1223 2580 1452 804 2440 1408 1942 271 657 677 1639 2393 948 1721 1876 2809 2037 2625 1771 1677 1892 1998 1439 2051 1777 1473 12 146 647 2683 2183 939
000881.jpg,1579 945 639 1920 2647 2328 2491 1179 841 1578 2252 1977 2682 1651 2792 998 1583 9 1063 1770 887 118 114 515 1470 1531 2065 952 1769 919 1354 517 567 1791 1566 1367 1239 808 1851 1368 748 1667 819 1585 2379 2488 2575 916 227 923 2711 382 1854 2778 2097 2304 2459 1970 778 975 1211 875 1210 492 1154 2310 930 2042 579 2723 2349 2225 311 763 1657 928 2729 1271 7 566 2026 512 2793 1528 528 2416 151 982 2559 2618 1209 2658 513 25 1402 1344 381 2150 1255 986
000882.jpg,865 2090 569 370 2047 1189 121 988 193 2415 2217 427 2568 571 536 1793 323 2031 1070 2221 2120 2032 56 2640 1268 1399 964 2038 729 340 1521 698 955 1952 358 1065 2808 1266 1132 1588 901 2795 2380 2267 2839 500 332 932 1049 839 1236 640 1499 1329 2335 2671 2798 2539 13 1272 743 2570 2210 2520 2333 2629 1429 2428 1910 1764 1886 2578 377 828 1430 1553 1699 2423 1249 1337 933 2828 672 1041 1754 1038 2421 802 1256 432 1949 2602 1374 1668 2083 886 1418 597 1686 36
000883.jpg,48 100 64 439 715 1569 2721 562 1796 2034 2545 155 51 1640 305 2713 2433 201 1860 2376 1453 1490 2309 1901 2631 1096 1416 1948 2272 1496 2628 1261 2556 194 1051 1218 1316 2352 2815 1636 1965 518 1897 2538 1369 1870 1840 663 1362 2650 231 992 1586 497 2046 2289 2454 2649 1658 2241 26 925 1381 1782 2836 712 2767 2439 1422 1617 348 1649 2023 2714 1045 1544 169 2837 1584 2045 1788 1417 2130 440 550 2769 179 480 860 1701 1710 735 2050 1489 947 1444 1663 1993 1328 2755
000884.jpg,2054 483 789 646 1300 1801 2277 1427 240 1353 2784 614 1137 2072 2540 2000 1883 374 529 1087 658 589 727 1558 967 1207 898 1361 1451 1394 1593 1106 1559 93 1590 895 2260 395 1306 714 2579 1257 2644 2759 1786 1971 1389 1334 1533 1166 1928 2242 2114 2323 2409 1951 485 1175 251 572 962 1798 545 581 1115 2546 803 407 1683 1898 2504 1230 341 2238 766 1093 328 1804 1940 1841 1986 1213 2066 2787 737 215 436 853 1597 2113 304 832 291 1535 1719 1689 1561 426 1996 1091
000885.jpg,614 1137 2072 1087 1207 1558 1257 1971 1786 898 714 1590 93 895 1166 1928 2409 1389 1115 2546 1213 2066 581 545 374 803 1427 2579 304 2113 2260 1300 2178 1883 1533 1353 2784 2114 1357 727 589 658 2759 483 646 1306 39 2000 1597 1535 832 291 2540 240 853 2381 341 230 2281 2288 251 1106 1559 1593 789 2143 24 634 1093 1818 1683 1180 2054 1900 364 2040 1361 1451 2129 1346 1091 426 926 564 2495 1334 2323 1951 485 1175 989 63 1019 2022 2242 1898 76 101 1394 1689
000886.jpg,2152 2502 1113 1605 84 941 1987 815 1866 1525 1371 481 205 1139 2348 214 1602 1084 1953 1927 106 1144 2623 909 2141 2841 1280 1032 2060 189 1632 96 1616 2115 244 1696 594 1477 621 1198 183 785 2030 2791 2263 2572 171 2203 1184 2101 1365 419 2554 2153 894 2494 117 2197 2503 327 1502 275 2401 1425 959 2056 1064 45 2522 2179 1251 1659 1205 2620 1922 1400 510 281 2677 629 1364 1108 1488 1891 2768 1397 420 2313 1960 851 40 1738 2571 2303 1487 1471 924 2831 1979 1687
000887.jpg,213 2408 2024 426 184 1689 2533 2638 2295 2413 135 558 1149 293 2320 1597 2430 707 1728 634 2143 24 1448 757 2472 29 1478 2673 1804 2172 286 1849 853 1984 1312 1719 2615 1231 218 967 2354 1265 2756 754 2021 1269 2235 2296 91 792 2566 1296 1383 80 119 1945 520 232 1722 1867 2787 2390 1529 739 19 1593 424 1533 2224 1733 2744 499 465 540 1928 1166 2409 1590 93 895 2260 1298 1434 2054 240 789 483 485 1951 1175 2542 2784 1353 832 1535 291 714 1558 1207 898
000888.jpg,295 1929 1275 1730 2806 2687 999 726 504 1475 484 2059 331 655 2301 2407 220 2429 1008 2236 806 534 430 1662 1706 464 314 1240 52 268 1875 1481 418 1843 1789 780 290 389 346 108 758 53 840 786 2634 131 478 2053 1039 2244 1465 467 471 1438 1378 1022 452 2765 89 1655 927 1831 1050 2715 2821 2142 2062 2285 402 363 753 1568 1024 1011 344 1281 2565 1124 1037 1912 456 2531 2465 2505 1297 2398 1220 628 1941 2470 1932 1635 1715 1967 390 936 2690 2467 1506 2773
000889.jpg,950 1146 1752 59 2367 1202 4 2389 1545 1799 312 2832 987 626 1102 556 2069 2270 2082 1386 547 635 1496 611 1319 1316 1407 2556 1737 85 1965 1636 188 2300 221 2790 283 2477 1926 613 2272 266 2815 518 2631 826 1624 1644 943 1405 2538 663 1934 2411 2528 817 2817 1840 1656 2501 2044 440 231 1416 1948 1096 860 1701 194 1453 1490 1901 2553 1870 1369 2454 1261 2352 173 1218 1362 1586 497 992 2046 64 439 2312 1468 904 1710 1051 2628 925 26 1489 1417 1658 2241 1045
000890.jpg,352 1349 1025 2226 1520 2727 307 1572 234 913 2399 1 1539 969 685 1618 2833 2269 1815 2092 2138 1816 299 2139 1480 1366 2460 557 2363 403 961 879 2175 1814 2710 1619 814 385 2431 837 1009 2455 2709 2633 1660 2607 2213 1982 1925 273 1540 2340 264 667 577 2595 147 2484 2576 2844 537 2473 2403 2797 2371 2339 867 1549 2783 2063 1242 2524 2104 226 2801 1863 127 1735 741 1159 551 1059 342 46 1803 1837 2771 154 641 892 2776 1684 2298 2517 2158 2834 1862 1630 2131 616
000891.jpg,1993 1489 1710 860 1701 1417 179 1788 550 1045 2767 2130 2050 735 197 463 1051 440 2628 1261 1649 1422 1617 1218 2241 2375 433 712 1381 2836 1782 1840 1658 194 2011 1369 2649 2289 1029 1444 1663 947 480 2352 645 2650 2454 1870 2714 2769 925 348 445 2840 1552 26 1328 134 1386 2082 2270 547 155 1640 305 51 2439 169 1544 2837 556 2735 2631 1054 2538 2707 1623 1679 663 562 518 2482 769 161 1895 221 1405 1437 1796 2545 2034 2046 1897 497 992 1586 231 1253 173 2309
000892.jpg,2414 2550 1669 1104 1507 2604 1177 107 2641 1194 55 2176 397 728 2754 575 2019 1691 584 2695 1523 441 2383 373 845 1482 1016 2080 2136 393 1244 2493 2324 2247 2395 796 1911 2691 339 863 1646 2351 2508 830 1450 230 2288 564 2699 1818 1846 2281 1180 2495 926 76 2489 1538 2823 1357 2326 736 2224 1996 777 39 1091 1682 2355 1479 2318 1387 498 1326 2169 466 473 2128 163 2366 1637 388 2448 1426 306 1556 2725 2464 1889 1061 744 372 99 2420 320 1200 1749 1057 832 540
000893.jpg,2305 350 2294 1056 137 1212 2741 1944 1055 2135 899 79 204 1067 2728 2207 2665 722 2068 1606 116 2842 1463 1825 725 2511 1134 246 1547 1935 1962 447 2719 97 2041 692 2825 2766 2292 2736 442 2319 1940 1986 2558 165 1126 790 2506 1130 686 1425 2248 1076 1452 2580 2813 804 2286 1464 362 67 627 2435 2583 1841 2057 2291 494 574 1937 1899 2598 329 2436 1874 2809 1876 1721 2382 2359 474 1183 1591 104 2258 1462 1330 217 1012 249 1406 271 2440 1408 1942 1771 1892 1677 2625
000894.jpg,729 2798 2539 865 2671 2578 377 828 2640 2428 2629 1429 2210 2520 1337 2031 1070 2221 2120 640 1910 13 1272 933 672 2083 2828 2839 1764 1374 2602 1668 1329 2335 2570 2038 1399 964 1249 323 370 2047 358 2032 56 1189 2795 1266 2808 1952 1949 1038 1041 2421 1754 955 698 1521 2090 569 2415 2217 427 121 988 193 340 1049 932 839 2568 571 536 1793 1065 1268 2264 1588 1132 432 500 1499 332 2333 802 2384 21 2451 901 2423 417 62 289 1886 597 1686 886 1418 2108 1757
000895.jpg,348 2714 2769 480 925 26 2454 1369 2649 1870 2538 663 1788 550 1417 1710 1701 860 1489 712 518 179 463 197 2289 2375 433 2650 2130 1422 1617 1029 231 2721 562 100 715 1569 1640 51 305 2050 735 48 1796 1895 161 769 439 64 440 155 169 2837 1544 2482 1045 2034 2545 2735 2439 2309 2713 1860 201 943 1386 547 1840 1453 1490 2631 221 2790 2241 2840 2082 2270 1253 173 1407 1405 1901 2300 2376 556 659 2628 1926 1102 2433 645 445 1552 2011 1319 611 2767 1993 817
000896.jpg,1489 860 1701 1710 1417 1788 26 348 433 2375 1870 925 197 463 2289 2650 2649 1993 2482 1895 1369 2454 2769 769 161 2714 1029 480 173 231 2538 1261 1253 2628 194 550 134 2735 663 1051 1218 2082 1386 556 2270 547 2352 518 1796 1569 2721 715 712 2300 1926 2790 440 1381 1658 1782 2836 179 1316 1636 1965 2545 2034 1649 100 48 562 1096 1948 1416 1407 85 221 2631 1102 1840 2767 1496 2815 735 2050 2241 635 1405 817 1617 1422 1054 943 1444 1663 947 169 2837 1544 1679
000897.jpg,1786 1971 2495 1257 1996 777 76 230 1091 1180 751 564 926 2224 1818 1357 39 2288 2281 1057 739 2129 1346 540 2258 832 1535 291 1749 1483 376 1449 2317 44 1469 1447 16 1672 2437 93 895 1590 1836 1914 1561 1450 830 1678 603 2275 1620 1732 2785 989 1073 341 1990 581 2072 614 1137 1147 1120 1558 1087 1207 1898 2518 2114 2700 339 1646 863 2249 1841 676 1928 1166 898 1298 2242 1093 2180 1631 1116 1713 1224 1434 1714 803 393 1244 2136 47 34 2523 2422 1838 761 683
000898.jpg,1548 269 1891 1605 1570 1723 2816 2502 2152 2841 650 2666 594 2346 1916 475 2768 420 1397 1139 148 1953 2494 285 6 1221 298 582 546 1738 2521 2115 1616 1696 244 759 1502 2203 1083 953 2179 1697 1260 1184 2643 510 1702 1400 2620 1922 117 1986 1940 1841 1659 1477 1057 2258 1488 1603 820 807 334 750 676 2043 2171 2810 1749 1980 2685 980 1884 2118 2348 1602 214 1866 44 16 732 620 37 2101 1483 1672 2437 459 122 1610 1015 181 2317 922 924 1471 1487 2702 1447 1990
000899.jpg,304 2113 2066 1213 2178 1389 2546 1115 727 589 658 1306 545 1951 1175 485 1533 2054 2579 1334 1559 1106 1798 572 962 614 1137 1394 2323 646 1451 1361 2000 2072 1087 1427 1883 1207 1300 1230 714 1801 2277 2784 1353 1683 2759 1558 529 374 2644 2540 898 581 483 2787 395 2114 803 251 789 240 1093 1257 1019 63 2022 1597 853 1786 1971 426 989 2260 2409 2381 1166 1928 1900 2040 364 1593 2504 895 93 1590 2024 341 101 24 2143 634 1333 1898 737 215 436 328 407 1149
000900.jpg,1145 72 2009 2636 816 1688 2122 177 2829 2274 1808 2679 1903 2722 172 477 1163 1085 823 1241 1976 2163 460 1628 453 399 461 1100 1717 1404 1155 1089 1872 760 380 437 1233 981 2074 1599 401 2577 1784 1160 1510 73 1415 164 156 2775 2655 694 731 2126 2469 174 2055 1023 2587 208 595 141 612 2747 2098 99 1047 2282 631 1290 1518 2596 2064 1017 2642 921 1909 1613 662 2537 666 599 2446 2392 2452 2049 2782 1621 2796 2140 660 2259 360 144 607 1879 320 1200 710 530
000901.jpg,1781 2794 383 2025 2669 245 2396 209 139 1787 192 838 2173 2280 61 207 225 49 525 2164 2091 239 408 1282 296 356 654 1506 1141 2070 653 1505 1924 1274 449 1780 2232 113 455 1262 2311 1127 1299 27 290 1356 1248 625 252 1140 1216 2470 1435 679 216 52 418 1481 2137 822 858 1598 346 344 1843 495 1465 2244 2565 1472 2531 1037 1124 131 786 1829 2279 1168 1941 391 780 1500 799 2821 2285 1662 806 534 2053 1568 389 484 241 363 758 2693 2429 726 1875 268
000902.jpg,1489 1710 1701 860 1417 1788 2375 433 1993 2289 197 2650 26 1895 2482 348 925 1870 463 2769 161 769 2649 1369 2714 2454 173 480 1029 231 2538 550 2628 194 1261 134 663 1253 1386 2082 547 2270 556 1051 1218 2352 2735 518 1381 2836 1782 1658 179 1636 1965 1316 1649 712 1948 1096 1416 1926 2300 2790 2767 1496 2815 440 2241 1407 221 1796 85 715 1569 2721 1102 947 1663 1444 1840 2631 1752 1146 2069 950 2556 2272 1617 1422 497 2046 992 1362 1586 1405 635 2034 2545 1054
000903.jpg,1946 2394 105 1778 883 11 416 1681 664 2110 1705 1495 487 337 1742 966 942 2600 2085 2543 2458 1384 2843 2803 1565 2147 1287 1200 791 1508 1170 1077 2420 1152 1036 318 7 2793 1676 1519 632 549 2204 1245 2593 490 516 392 257 630 1978 1595 256 2165 1762 2734 2453 2718 1695 1347 604 1633 778 1970 1247 874 1031 1403 320 144 975 212 862 206 2487 1367 1566 1239 1915 2603 2824 615 812 2209 2792 998 1528 1853 1000 1707 1267 1344 1973 265 58 607 1351 1751 153 311
000904.jpg,601 2 2663 951 2818 1842 18 2015 1252 1834 1759 2757 1557 2622 1390 2161 315 191 1165 2302 2772 1753 1125 2777 2478 2077 70 2561 431 2510 2315 1035 1980 2685 2702 1839 889 2686 1747 1833 1938 1443 1989 369 1460 2532 211 277 767 2496 269 1548 522 2667 1904 997 2507 1767 126 202 1075 2150 1757 882 123 1845 2350 2121 2583 1001 1114 578 1413 2276 1406 1012 249 2509 1810 931 1391 2624 1830 702 848 1340 1260 1942 2157 2401 1263 1257 1256 1259 2483 2400 1254 2404 1251 1250
000905.jpg,2832 312 1146 987 1102 1752 4 59 1545 1202 2389 2367 950 635 626 1407 1624 1644 85 1799 1319 611 2411 2528 2501 2044 1386 547 1934 556 188 2069 2790 2082 2270 1737 221 2300 943 1926 1405 2631 518 1496 2477 266 1316 1656 283 1636 1965 826 2556 613 663 2538 817 2815 2817 1840 2272 440 2241 1045 1658 64 735 2050 439 2553 173 231 2373 2134 1855 2075 912 41 2208 1485 1788 2034 1796 2545 2628 1051 48 1870 2649 155 179 550 1190 2574 2515 1983 2424 1453 1901 1490
000906.jpg,1948 1416 1096 1362 1897 2272 2046 497 1586 992 2556 2815 1496 1965 1636 1316 1218 2352 1051 194 2628 1261 2713 201 1860 64 439 2433 48 715 1569 2721 1490 1453 1840 562 2034 2545 2755 1901 155 2631 100 2309 1796 747 2376 1658 2241 258 1381 2836 1782 305 51 1640 1752 950 770 518 2069 1146 440 2538 663 1584 2045 1649 1710 2767 1701 860 1489 2367 2439 1799 2023 1202 1878 1123 1045 2650 231 613 1054 59 1369 1870 1993 1417 1320 2389 1623 1679 2707 2649 283 2300 221 1926
000907.jpg,1749 44 16 1447 1483 376 1057 2317 1469 2249 2437 1672 1836 761 1449 1914 2700 1990 2785 1631 832 1535 291 1178 2745 1476 88 2202 465 1856 2111 1116 1224 1713 2180 576 1714 1346 2129 683 1838 2547 47 2441 676 60 95 1561 2258 2555 1727 1044 834 1277 2190 540 596 983 1103 824 1743 695 1176 132 310 2827 2016 2275 1620 603 1999 1197 1161 1513 1847 1732 1450 830 1693 2149 2656 2523 2422 34 1228 1073 751 1773 1795 1304 1678 2058 1785 1593 617 2383 2695 1523 441 1019
000908.jpg,59 2367 1799 2389 950 1545 1202 626 4 1146 1752 1737 2270 2082 2477 2069 283 556 1386 547 611 1319 266 312 2832 987 613 826 635 188 1102 1407 2556 1496 85 1644 1624 2631 41 2208 912 2205 716 2692 2044 2501 2411 1934 2528 2134 518 2530 996 1491 1405 1926 231 2300 221 708 918 345 1564 1181 1837 904 2312 1468 109 623 943 2373 197 2289 433 463 2375 2075 2538 663 1485 1656 2650 2817 2553 591 1587 1812 616 237 2675 700 1988 527 2131 651 124 2272 1316 1895
000909.jpg,1993 1444 947 1663 1054 1328 2011 1623 2707 1679 645 1649 2767 1045 445 2130 1381 2836 1782 1617 1422 179 1218 1658 2241 2439 2837 169 1544 712 1051 2352 1261 2628 2050 735 1552 2840 194 1489 550 1710 1029 1840 155 440 1701 1417 860 1640 51 305 1416 1096 562 1948 1586 497 992 2046 1788 2375 433 2289 2650 1897 2721 197 1362 134 463 100 715 1569 231 2631 1253 1775 965 1895 161 2482 769 64 2556 2769 48 173 2714 2735 2272 480 1496 439 1437 900 1486 1796 2649 1369
000910.jpg,536 1132 1588 1268 1431 36 2117 802 340 2078 1492 142 121 988 193 429 1886 571 1553 1699 1430 1236 2333 555 1256 2090 569 2380 2267 500 733 878 866 332 979 2227 2786 432 901 1562 176 2029 1053 868 743 680 2668 554 1065 1890 1888 1793 1499 1033 2743 1393 2568 2217 2415 289 681 427 2451 21 2384 199 2423 62 2839 2108 1038 1041 2421 1754 1398 361 2335 1329 893 1418 597 1686 2795 417 865 886 2570 1949 1764 302 292 78 1952 1910 2808 1266 56 2032 2047 370
000911.jpg,1506 1262 455 2669 2025 225 61 207 192 2070 1780 1141 383 1781 2794 1787 1274 290 2396 1924 1127 654 1216 1140 49 2164 239 2091 653 2470 408 838 1299 209 139 2173 356 1282 296 245 2232 525 2280 1472 344 1481 418 1505 726 52 2531 391 449 1356 346 216 1124 1037 999 27 2821 2311 534 806 1568 2244 1465 1662 2137 822 2690 2467 113 780 786 2429 2053 799 484 2285 131 363 1248 643 1843 625 389 1011 655 331 2236 2059 2687 1022 2565 2698 1941 295 758 2693
000912.jpg,2092 2833 264 2484 2269 2455 837 1009 299 2139 2063 1814 352 1539 1815 2844 1159 2576 2797 2371 403 1735 667 1925 1982 1549 2776 1619 741 2189 2403 1589 1122 879 428 2175 1816 2731 2633 2607 1660 90 1863 1366 1480 1349 1338 226 2473 573 17 867 2100 2412 2138 1622 600 1025 1373 2399 2771 2226 2486 317 2727 1520 307 2801 2385 537 1994 2811 2255 2717 1824 2273 1071 1572 913 234 641 2338 557 2460 2363 1 385 2431 814 891 2710 642 846 472 888 262 1238 1291 267 2253
000913.jpg,865 2568 2217 2415 427 2047 370 1793 1189 1399 964 2038 358 1236 2267 2380 2120 2221 1070 2031 743 901 955 698 1952 2808 1266 1521 2333 2629 1429 2428 1430 1699 1553 2640 500 2539 2798 729 56 2032 1886 323 340 1256 121 193 988 1249 571 933 672 2828 569 2090 2423 2795 1499 2570 2602 1668 1374 2117 1431 36 2335 1329 839 932 1049 536 1764 2839 432 802 2671 828 2578 377 733 1337 1872 437 380 760 981 1233 1041 1038 2421 1754 1910 1588 1132 554 868 1888 2264 681
000914.jpg,802 429 2078 1492 142 555 868 878 1888 1053 554 176 1890 1562 681 2029 289 2786 2227 979 340 2668 1033 2743 1886 1393 743 1132 1588 1256 2108 2384 2451 21 886 417 597 1686 1418 62 1430 1553 1699 361 1398 432 332 866 536 2333 199 36 1431 2423 1065 1236 893 1268 733 2267 2380 78 292 302 2117 680 571 901 500 1793 2568 1499 2217 2415 427 865 988 193 121 1949 569 2090 640 1272 13 2671 2520 2210 1952 1399 964 2038 1754 1041 2421 1038 2839 2808 1266 2335
000915.jpg,2502 2152 752 1605 1113 2317 761 1749 2249 1727 2555 1044 834 1866 1057 205 1277 924 1471 1487 214 2348 1602 1449 1139 44 16 376 1447 1469 2823 1483 2058 2841 1525 1371 2260 2030 2791 1914 2542 1502 909 953 96 785 2141 1184 1631 1625 1672 1836 2437 1953 2785 2203 106 1927 117 594 2573 1197 1144 2060 189 1632 1032 2258 1659 1616 1696 2115 244 1232 1171 2567 1363 1288 2216 1703 617 327 1091 1996 777 75 198 1365 88 1476 2745 894 419 2153 2554 1477 1990 2700 2494 1425
000916.jpg,370 2047 1189 2090 569 193 121 988 427 2415 2217 865 2568 340 56 2032 1793 323 571 1521 698 955 2031 2120 2221 1070 536 1065 332 964 2038 1399 901 500 932 839 1049 358 2640 1952 1499 1266 2808 1268 729 1041 1754 2421 1038 1236 2267 2380 2333 1132 1588 743 1886 1249 2335 1329 2839 1430 1553 1699 2795 2570 640 2671 2828 933 672 1668 1374 2602 2539 2798 1949 1256 1764 1272 13 2629 1429 2428 2578 828 377 2210 2520 802 2423 1910 2117 432 36 1431 733 1337 680 866
000917.jpg,956 1882 807 1761 6 1221 1260 1153 582 546 285 759 829 2643 1083 820 1702 1891 334 750 732 620 1603 1723 2816 1697 669 1541 2261 2168 181 1227 661 2194 476 2043 2666 650 475 1916 2346 2387 1797 2171 922 1858 122 372 2810 2476 1188 2841 37 1284 2167 1456 1536 636 1318 2807 2278 42 411 448 971 2688 2268 2823 459 2425 468 1570 644 1199 1802 1880 2188 1596 1763 2313 1865 2048 2761 1768 1605 387 2498 1139 2720 2442 1400 2620 1922 1687 2562 298 229 1953 38 1995
000918.jpg,2185 1411 2584 1129 2298 1440 2271 143 2529 2517 958 718 386 1514 787 1694 810 1445 697 2616 2619 1684 30 71 638 2481 1360 1215 1294 1446 665 2801 1630 1939 1112 1270 1258 414 1242 2524 2104 2246 273 2460 2363 557 795 1735 2473 969 1807 991 1295 1278 879 1863 1549 2269 2092 2771 537 2833 641 1373 2710 741 2339 511 2175 127 2371 299 2139 2576 1539 1619 1982 1925 667 1366 1480 428 2385 342 551 1059 472 687 1947 133 1349 588 583 1497 1081 352 2709 1816 262 888
000919.jpg,1993 1045 179 2130 2241 1422 1617 2767 1051 550 1328 947 1444 1663 1658 1218 2836 1782 1381 1261 2050 735 712 1840 2628 2707 1679 1623 1649 2837 1544 169 2439 1054 440 2011 2352 194 645 155 1640 305 51 2046 992 1586 497 1489 562 1710 1897 445 1552 2840 1416 1096 1362 1948 663 1386 547 2721 433 2375 2769 480 860 1417 1701 463 197 2714 1029 556 2082 2270 2289 2650 2631 518 2538 715 1569 2556 1870 2649 1369 2815 2454 1496 100 2272 1860 2713 201 26 925 1965 1316 1636
000920.jpg,59 2367 950 2389 1146 1545 4 1202 312 2832 1752 1799 987 2082 2270 556 626 1102 547 1386 635 611 1319 1407 85 188 2069 2300 2631 518 1737 221 1644 1624 1926 2044 2501 2790 1934 2411 2528 1496 1405 943 663 2538 1316 1636 1965 2556 2815 2272 283 2477 1656 613 826 266 1840 440 817 2817 2553 231 173 659 64 439 1658 1045 2241 1491 996 2530 2769 480 2454 716 2205 2692 197 463 2289 2375 433 2208 41 912 1589 2731 1122 1788 918 708 1490 1453 1901 1096 1948 1416
000921.jpg,1705 1681 487 2600 942 2085 2543 337 1742 1384 966 2458 1495 1508 791 1695 1565 2803 1287 1031 1000 1853 1978 2369 1676 50 1893 2660 1739 2664 54 542 2262 607 1119 710 1002 2782 2259 360 852 660 243 1370 1554 1396 355 1105 1718 813 2392 1301 1604 984 530 446 2093 2696 2257 1614 1331 1673 1981 1237 1567 908 1017 320 1518 2596 1946 2049 921 631 144 1290 451 2357 1058 2282 1621 2796 2140 1906 2361 871 781 2064 98 776 2474 353 394 2420 2394 105 2353 1778 1879 2843
000922.jpg,2294 2728 1944 1055 1056 2207 725 1825 1212 2741 137 899 2135 1606 204 116 1463 1935 1940 1986 447 2041 97 165 2766 2825 2842 246 2511 1134 1547 2719 692 2319 2558 2736 2292 1130 790 1067 1962 79 1126 722 2068 2665 442 686 2305 1076 2248 1841 2435 362 1464 494 574 2291 2057 2286 1899 2813 2258 350 2506 1874 1937 2382 2580 1452 1223 804 657 677 271 2440 1408 1942 1876 1721 2809 1639 2393 948 146 647 2683 1677 2625 1771 2037 1892 2639 12 1473 1868 140 2708 1406 627
000923.jpg,1083 582 546 1702 620 732 2643 759 1221 285 6 181 1260 1797 636 1536 2807 1318 807 2278 2476 1882 1891 2425 42 1858 2816 1723 1697 2261 2761 1768 2048 2810 661 2194 2168 2171 2043 956 1570 922 1227 476 1188 2346 475 1916 270 468 2313 1456 669 829 411 448 372 1153 2116 2688 1761 820 1603 122 229 1726 2386 298 1284 1199 750 334 2841 650 2666 1283 398 1458 37 1596 1285 2167 2678 387 2498 973 2101 971 1198 474 644 2188 2263 2442 2720 1865 1108 2562 1525 1371
000924.jpg,1292 934 1377 170 1522 130 1348 1432 470 82 242 2703 2127 1030 77 884 287 438 158 2694 1576 798 2155 185 1345 880 514 1193 1086 2581 2206 2588 1716 421 1857 2327 1675 2187 704 2198 1392 2002 1580 2461 842 2418 1034 1276 280 1861 57 1494 1653 2714 1072 1930 210 2229 1792 793 1859 1234 2004 2456 570 2769 1665 480 2174 348 1575 1350 1551 925 1043 857 746 689 656 885 26 2454 2538 2332 1724 1369 2125 228 2649 663 706 1279 1229 263 1664 801 2548 1776 1758 1870
000925.jpg,1786 1971 1257 2495 76 1180 230 926 564 1818 1357 1091 2281 2288 777 1996 39 2224 739 989 341 581 1898 1137 614 2114 803 2072 1590 93 895 364 1900 2040 2381 751 374 1087 1207 540 1558 2129 1346 215 436 737 1883 1535 291 832 2000 101 898 1093 1106 1559 1928 1166 2784 1353 2242 251 2579 1300 407 1427 2759 714 2540 1361 1451 2787 2409 1561 1298 766 2238 2504 1434 1841 328 2260 1683 2546 1115 2258 1389 1593 1230 529 1057 1801 2277 967 362 545 1804 1394 676 395
000926.jpg,1473 12 1876 1721 2809 2051 1439 526 864 994 274 608 1931 2526 482 2427 255 2089 2183 1330 217 598 2617 637 2657 2057 2291 494 574 508 2220 2445 1555 2499 1088 1452 939 2308 521 2435 1433 2704 1868 140 2580 882 1255 619 2712 123 1757 986 2150 1223 1899 2598 804 2436 329 686 444 1725 368 531 657 677 146 2583 67 1944 2294 1055 2083 1910 627 2708 2719 790 1567 1237 1981 446 647 2639 2683 2728 2207 1056 79 1067 2305 1874 2813 2248 1259 1206 1256 1260 1207 2415
000927.jpg,2252 1583 227 916 1578 639 1920 2647 945 2682 1651 1063 841 1977 1579 998 1179 2328 2491 2310 2042 517 2792 114 1211 1770 9 1239 1367 1566 2097 1368 887 778 1970 2488 382 2711 1854 2723 118 2065 2575 748 515 1531 1470 512 1667 819 1585 2379 1210 875 2459 1851 952 919 1354 1769 311 763 567 2225 808 1154 492 1791 2304 2778 566 2026 1657 928 2729 579 930 2349 2793 923 1528 982 7 975 1271 2416 528 25 151 2559 2618 1209 513 2658 607 2093 2357 1906 2334 1864
000928.jpg,472 537 2138 1803 2473 961 2758 1069 1607 1341 2213 147 2595 577 405 1828 2835 166 2738 2614 1964 2781 1060 1862 2266 1421 1530 160 1078 2094 2783 226 1101 2648 1349 2513 1618 2820 1509 342 551 1059 127 814 2431 385 1355 1167 1811 1540 2340 403 2709 685 969 2339 991 1807 1295 2255 2811 2710 307 2444 1242 2104 2524 273 846 642 1571 2399 1025 1520 2727 352 2486 2100 1622 600 154 1815 1524 46 1629 2226 1 1324 2412 203 2771 795 2403 1278 573 17 2740 1539 2013 2175
