imageName,Corresponding Indexes
000001.jpg,1371 2572 1525 84 2263 106 2348 2502 2751 941 1139 2152 2567 1661 1171 1280 2457 2203 117 214 1198 1199 2448 244 844 1113 1602 2109 1659 22 1515 2303 2678 1214 1570 2705 1084 1866 2115 609 1616 298 1205 1605 2677 2726 1632 621 509 2153 2141 2623 1927 1960 1726 6 96 2162 973 2831 327 2688 1285 851 1364 1696 1596 744 300 2760 5 2562 690 1032 425 2060 957 1184 40 732 1251 1380 2475 2554 1488 2222 894 1015 2386 189 419 1263 1537 2182 1738 2030 629 2464 2761 43
000002.jpg,85 2044 2528 1934 312 2411 987 2501 2832 1405 1656 1102 188 2790 1644 635 556 943 547 1624 1386 2817 1993 1926 611 1617 1319 817 221 2011 2300 2270 2082 1417 860 1422 1983 1208 463 1782 1407 1092 2574 2397 2454 1788 1489 2836 155 2631 2088 169 992 1190 2419 1029 2076 2424 2538 1381 4 1552 2358 562 606 1710 2840 2046 26 1701 1649 2544 2515 559 260 2375 518 1444 445 622 1796 550 433 51 900 1054 2707 2826 2034 2650 712 197 305 2652 134 947 2837 1679 2646 2289
000003.jpg,410 1516 2788 2151 1731 257 1138 1966 1243 2196 2746 1871 1573 1379 1794 1007 811 434 749 605 742 1634 1707 112 1131 2843 1079 1800 2299 610 2364 2005 338 678 593 544 2290 365 1040 730 2251 673 2730 435 937 717 2492 709 1645 2830 336 1311 1968 2609 843 1466 1005 1498 648 1783 535 1913 1309 1110 1581 2341 855 800 2697 774 1992 253 538 2549 1418 1424 1075 2653 1142 1068 94 1670 1385 1133 1455 2560 1174 379 1256 248 1393 2519 1686 1020 1454 821 2417 1094 1390 1511
000004.jpg,2622 1390 2809 2757 1759 2294 1473 140 2315 2598 1076 1185 2772 1868 1721 315 494 1165 1777 1055 1753 12 1874 1557 1980 2507 2286 67 1452 1125 1944 2077 2777 2685 2583 1876 2719 2702 1937 70 2708 2057 2813 2741 2580 997 2478 2436 191 2435 18 491 1252 2382 1639 2302 1904 2728 1464 2558 482 682 1842 2683 692 2015 1223 1968 1075 627 1834 2438 686 2248 647 202 255 1931 146 2 2509 1899 1592 2251 2393 444 2526 2657 431 2639 165 2561 2005 657 948 368 601 939 1962 2663
000005.jpg,2422 34 2523 1178 1631 2180 1785 2277 1228 499 1996 1087 777 1224 824 1353 1727 2785 1914 465 2555 63 576 2700 1801 47 2547 1898 1476 407 2202 1561 540 457 1990 617 1176 1019 132 1161 1116 2254 2242 341 2233 1093 2317 1734 1847 1713 1838 88 95 2546 1513 1714 926 230 1999 2190 596 2745 1856 2066 2542 2733 1213 1091 2019 683 328 1517 1180 2441 60 2281 1971 2802 1137 1333 1028 2360 1103 614 2159 789 1672 2022 2192 1115 2579 1300 581 1693 2166 1447 1743 2260 1749 2752
000006.jpg,2034 2545 1569 64 562 305 100 1796 48 2721 1640 1490 439 715 1656 1644 2817 1453 1407 2309 2433 2241 1901 712 1381 860 2411 1624 2376 1934 1417 51 1405 1617 1489 2713 2790 947 26 2528 1658 1782 943 1993 1926 2454 155 2832 2650 348 925 1584 987 1102 2352 85 2826 1870 1544 312 2769 2300 817 1444 2439 2628 2289 2501 1416 1045 221 2714 188 659 1369 1663 2836 1948 550 635 260 1328 1860 1878 1623 2023 1710 1840 556 2556 1679 1218 2538 1701 2082 1316 497 2050 1422 547
000007.jpg,431 2510 1938 70 1842 1443 2478 1753 2772 2777 2 18 2077 1125 1833 767 889 1834 2663 951 2686 277 1747 601 2757 2818 1759 1252 1557 2015 2532 2622 2315 211 1035 2561 315 2702 1390 1839 369 1989 1460 1980 2496 1418 2685 1165 461 1767 9 2577 2302 2671 1976 2601 1817 39 578 1413 1845 136 250 684 2276 1340 1902 2314 2808 2323 164 1391 1975 191 1922 1952 2108 1114 1686 156 990 1711 502 1720 2154 931 2388 1821 1225 1394 2149 2624 126 848 2036 2497 536 1266 2471 2599
000008.jpg,103 2624 1323 1235 990 1845 502 297 2471 2601 688 578 126 848 1908 1608 1830 1340 1114 1413 284 2276 768 1186 931 702 250 1391 1720 903 1821 1107 65 1767 2314 522 1975 2388 1310 1512 684 835 2478 1254 2757 2077 1753 2777 2772 1759 1125 1165 277 70 767 18 1557 1035 315 2302 1842 1839 191 431 1390 2667 1834 601 102 2622 2510 2315 1711 1531 2561 2 1252 2323 2015 2663 1905 369 2143 951 1460 2036 379 748 2778 1667 2685 1915 2149 10 24 2378 995 86 1902 2320
000009.jpg,327 117 1979 498 2303 2124 2014 466 1184 375 1659 2494 1687 2203 23 1326 1080 1423 425 1198 1922 167 1641 907 1205 2726 1502 275 1488 2521 1426 1738 2115 2162 1113 1954 1061 20 306 1400 1616 510 2179 2359 1960 2132 2169 1225 2154 423 1371 896 2620 278 851 473 420 2128 1654 2599 1397 454 2222 479 690 1902 2762 1817 40 1582 351 111 2768 474 136 2677 148 543 163 844 2351 2263 933 39 854 1835 265 69 1711 1591 1700 1744 2791 738 1537 2288 1696 1515 672 2572
000010.jpg,2380 429 1553 1562 2267 1890 2423 802 340 554 868 743 2668 1430 555 2108 2217 176 417 199 289 2786 1236 2227 21 681 302 62 1492 2415 1390 1699 1888 142 1431 2757 878 332 2117 292 2384 597 1418 2029 901 500 427 380 1597 2451 536 2568 1398 2078 707 1599 1557 2622 1393 1793 361 1686 1769 1233 1256 78 1759 893 952 426 1038 945 886 1033 2778 1354 1065 2743 569 323 571 760 1528 36 437 193 979 1849 841 121 2491 2074 1165 2163 432 819 2328 2559 639 1041
000011.jpg,2531 653 1503 1011 1274 1024 799 2059 2794 268 1282 452 2693 1875 131 495 239 726 525 408 2285 484 467 1789 2142 927 53 2565 1475 1967 2091 1127 296 1022 2137 1662 1781 356 49 534 2774 1843 2280 390 464 2164 2232 1932 1706 580 1050 2236 2765 1356 331 2429 1275 1124 1635 241 2173 838 758 822 999 209 31 1037 1787 2698 1655 207 1378 654 129 2396 1923 2611 2025 295 1813 501 245 1008 840 89 290 2311 1062 1780 159 2715 389 1929 2053 2407 139 1715 27 805
000012.jpg,1621 1044 834 897 924 141 2550 1145 1719 1507 2793 761 935 2555 2508 1006 2452 612 2096 1727 2446 1144 2277 1200 1482 2055 1447 1023 1277 2679 461 1471 2604 1047 2318 1469 2260 1104 955 2823 1487 1669 453 516 2156 2410 2163 2080 7 2114 2293 1353 2747 540 167 728 1217 1729 107 55 2495 2136 393 309 1804 2195 2432 1098 333 1566 1066 632 1177 2098 1180 2122 1271 1903 953 1036 1194 729 1203 2414 871 2640 1906 1550 2591 2798 1734 2573 569 1898 567 2342 581 1222 2086 856
000013.jpg,1434 291 1298 2656 2566 2737 940 310 1343 2149 1004 182 1849 2112 1529 1334 1760 1722 1712 75 1019 2354 1867 2615 707 2408 574 2390 954 2016 63 2757 1693 1874 1448 1597 2036 1223 2057 1333 424 2323 19 2497 1269 376 2291 832 1535 1558 2542 1601 2827 1689 2582 1483 1365 1733 1743 1265 482 520 695 634 494 949 2143 1075 149 1759 1390 232 1798 1204 2441 379 1561 1176 898 426 2295 1478 198 1557 213 1749 431 2242 1945 44 1685 589 1087 2116 24 1197 2744 1103 2772 1165
000014.jpg,2070 2025 2669 192 61 2794 1141 1692 1356 1787 2690 654 1018 207 216 225 108 1781 1274 326 1022 2467 1438 159 31 580 1127 245 408 721 1647 625 1972 356 1248 679 1822 296 782 346 471 239 49 2396 52 1282 1506 1706 139 1140 418 2402 455 1168 1299 2164 1262 1598 653 655 1435 2311 525 1918 2061 295 643 1662 1481 464 2429 1929 1472 1187 936 858 1780 1143 430 1730 999 2398 1475 113 402 1097 1275 2632 209 383 2698 753 1655 331 200 27 504 726 2565 1293
000015.jpg,1254 1310 835 702 1107 284 903 1908 1277 1512 2601 1720 1830 1821 2471 65 768 1340 1178 834 575 1147 1104 2802 1669 1608 931 2555 1450 1120 830 1975 848 55 2388 2383 1678 2641 728 1523 2239 2080 1907 441 1016 393 1336 1186 333 1114 1620 2754 502 250 373 83 1217 309 2079 2160 2605 845 1507 2276 1732 1767 2176 2314 1013 2579 397 1323 1449 2166 990 2395 684 297 2695 2624 2547 856 1845 824 2275 32 2422 103 1458 1410 603 2073 1391 1315 2550 2518 993 1943 576 1950
000016.jpg,57 210 1234 857 2461 1861 2174 2418 228 2659 801 2229 704 77 1575 1792 1664 1859 1930 2662 1724 1580 1034 1350 1551 1716 1576 1665 1887 1947 280 2039 82 884 2332 1877 1276 746 1043 2456 2590 885 2356 548 2327 793 1392 2330 493 1348 1457 2155 570 1345 2123 2739 1776 263 1229 2703 934 1191 514 1292 1758 1377 1675 421 2321 2189 2004 656 1375 720 2198 1030 133 242 287 294 158 2206 1542 2374 1522 2694 170 1086 185 756 663 797 438 1432 1358 1765 2672 2548 976 2125
000017.jpg,2464 1766 2725 609 2404 2457 744 1602 2348 2014 509 1199 2115 2448 882 2124 1616 1605 244 1515 2751 844 498 1139 957 1754 1889 1596 2083 214 1214 1953 2366 2230 43 123 690 2197 306 425 375 300 2150 621 2706 2562 1696 1610 466 2203 22 1866 5 785 2572 1910 335 84 909 1537 148 56 1949 473 2152 941 171 2498 420 1015 2182 1661 1397 1768 2032 2567 1364 2421 2502 1757 1426 1171 1326 323 2591 1960 1637 986 510 2425 1061 1041 1488 1858 2188 971 1038 1232 2056 2048
000018.jpg,2250 28 711 1680 1563 2119 238 503 92 2099 354 330 2370 2479 1741 1335 532 152 587 1117 505 1827 2689 2742 972 671 847 2552 602 633 2193 2283 1532 2365 458 2527 2674 2819 81 2052 705 734 68 1314 2177 2698 2557 1376 2764 2028 2500 968 2681 772 2534 1955 2228 2181 1297 1273 696 1829 726 2144 2812 1704 1746 1339 313 2774 1896 849 523 1917 2592 261 331 1111 1708 1852 1037 2716 1961 1118 268 1003 1010 927 2105 553 2265 580 1021 1789 2322 159 2280 2279 1974 771
000019.jpg,1752 1316 1496 1840 1636 2241 2713 433 2556 2289 2628 2272 674 2840 563 440 231 168 2836 1948 2652 497 769 1586 900 2352 735 1782 1545 1381 1437 1486 1617 1416 1640 445 1710 100 1146 1051 950 2826 1148 2046 1045 1123 2650 2130 1453 860 2424 1965 1096 197 1878 978 1848 1701 1569 2375 489 2433 1649 59 947 1307 64 1544 1218 161 1658 2439 2034 169 4 1261 1102 312 1901 1656 260 2832 2419 201 2084 559 2767 2358 2011 1663 2815 1860 48 1190 1422 518 155 259 1679 2790
000020.jpg,352 1539 2524 1242 273 557 1059 2104 685 879 147 1540 1349 1 1629 2473 1520 741 1618 2444 969 2385 414 892 2269 1803 2138 2340 46 307 1366 1295 262 1524 2431 1069 600 2460 2758 2595 1607 551 317 2100 2131 1660 2576 888 2844 2223 1338 1816 2811 2255 2363 1514 1807 2246 2607 2226 1572 2738 961 2727 1509 342 2633 527 2635 651 2213 2781 1549 234 1939 1615 1982 1811 2372 1837 385 2797 616 2175 2403 1060 1291 2412 299 1815 1480 573 17 2399 1571 1215 1698 472 1355 1862
000021.jpg,1856 2441 2827 310 1093 949 132 2202 407 1176 2111 2737 63 2745 940 1019 1343 695 1476 2190 777 1914 1999 2242 2785 88 1743 2422 1103 2615 540 983 1298 1945 2112 1631 596 558 1434 1996 1749 783 1004 95 1448 2413 1116 19 1713 184 1561 1714 2542 1693 376 1333 2295 520 2733 1535 1685 149 198 232 2656 135 617 1898 75 2281 213 1483 1334 291 1733 2603 462 2016 683 1204 2547 2036 2497 737 1478 2022 2566 832 2149 1091 2116 1601 2019 1874 1672 1482 1087 182 1383 34
000022.jpg,2281 2288 39 198 751 2239 2497 230 1357 1304 1180 564 2036 187 926 60 2073 1818 824 541 75 2495 920 1601 1836 379 1713 32 1482 1950 441 2080 469 83 1116 1714 1919 1476 206 1943 95 327 2547 1996 1014 940 1751 596 1593 1914 2422 343 1197 1856 2033 265 1523 777 862 1459 683 88 2202 1743 2555 2603 1036 993 2114 917 1177 590 2542 87 1693 736 55 549 397 1528 2641 1057 1727 2745 1343 728 902 1152 2176 1748 1672 1538 275 1467 2441 465 2326 2785 576 2383
000023.jpg,222 1504 2829 850 177 2355 2679 1903 2512 2218 2122 2362 816 1436 380 1163 2342 755 981 1085 935 73 1305 1599 437 461 1628 2163 141 453 2074 1233 2577 1145 164 2000 2096 760 2055 401 2750 612 1023 156 174 1933 2722 2691 1817 1144 595 1976 2775 136 836 99 1155 2161 629 701 632 72 303 2587 944 2201 1113 1784 2561 1915 1219 477 1501 2645 1510 823 460 1006 1711 897 1808 1404 70 2009 2077 1352 2443 2452 865 2156 2446 2274 172 2772 745 1922 915 1267 208 1559
000024.jpg,1752 1545 4 1146 2389 547 312 1102 2832 2790 59 2082 2367 943 1624 1737 2270 2501 1386 626 2069 611 1319 987 1926 2300 1656 950 1202 221 556 817 1405 1316 1934 85 1407 188 440 283 433 2817 2528 2044 1644 2652 2289 1799 613 2424 860 1190 1636 826 266 2840 161 2477 1701 2375 1453 1496 2515 2148 1092 2538 1840 2241 2411 169 2011 2713 769 2272 2084 550 2046 2419 1417 1983 1848 2358 900 2556 518 1486 735 259 1489 155 992 134 1468 1617 524 970 2312 2836 2130 674
000025.jpg,757 754 1231 1728 135 2756 558 2413 2277 1804 1296 967 119 2021 2024 213 1265 2320 80 2295 1312 1383 1448 2784 304 545 24 2143 634 1984 2323 2178 1394 2533 2472 426 1689 983 1149 1597 707 1898 1849 1035 1478 1533 424 240 1719 328 1839 2354 1266 1766 2430 1945 19 2808 2561 1269 1722 2640 29 1867 2408 1927 184 2615 766 695 1469 1952 1593 2335 2390 529 16 2638 1217 2055 251 1683 744 1063 444 1858 1976 2066 2644 2504 658 141 1300 1801 70 2566 368 1610 1427 2757
000026.jpg,108 346 753 1022 2398 2467 936 2669 1662 52 2407 2301 1378 363 2690 786 1438 2465 2505 471 2429 1481 402 654 1787 418 628 2821 1220 2061 2025 758 61 295 1929 389 1918 1275 467 225 1008 2244 1706 207 534 1506 1730 464 1317 840 331 484 1048 1465 655 1921 1475 2070 430 1395 1303 2806 2236 2059 2794 1692 1356 478 2632 2634 31 2611 2687 501 2053 452 1822 1967 138 1140 780 129 1781 1655 1124 2402 2765 1831 192 1789 1097 625 53 1612 2142 504 999 1018 390 1568
000027.jpg,1055 1944 2728 2294 2766 2741 725 137 2583 2558 1212 67 2719 1606 2825 2580 2057 447 494 1874 1001 2350 899 2509 2121 2135 1075 165 2207 1810 2291 627 1899 1452 2319 2842 692 2435 2708 1406 686 140 2292 1067 97 1825 1868 2757 116 1223 202 1390 574 1012 2622 1126 146 2598 12 1557 2736 249 647 1463 2436 1759 1076 1940 1777 1473 1935 1134 2813 2286 657 2683 204 2068 79 1056 315 1547 1185 995 1986 1165 2639 804 1753 2378 2077 2305 1937 1334 1721 70 601 1125 2248 2315
000028.jpg,98 353 776 196 910 1819 1864 2264 2334 701 781 1643 1402 2474 40 820 2462 1667 425 2362 1537 1744 1042 2691 809 23 1696 1515 2081 1080 690 2210 285 381 1223 574 2261 69 2001 2256 206 750 2391 492 1579 1504 2291 1221 1541 334 2132 1585 2677 2162 233 796 639 915 6 244 841 2494 869 372 343 896 148 1916 640 1625 1751 1426 375 2067 1344 128 2361 1436 247 42 2325 2582 2647 282 629 2203 669 515 1165 420 1768 2726 1973 466 2103 224 281 2346 1113 1157
000029.jpg,1929 2025 268 2687 1730 1875 1275 131 31 534 1787 1022 2715 2236 225 1706 927 1789 580 2429 1378 654 295 464 2669 1475 2059 418 653 1011 1655 467 207 452 2531 1018 192 2806 2794 1662 159 1187 782 2396 1124 1843 1097 1831 1438 1822 1481 326 1967 806 2301 1503 471 1037 61 525 2406 1813 2285 726 2137 2765 1923 1293 52 2407 331 999 108 840 1024 2142 346 504 389 1692 484 2632 822 2244 2070 625 245 838 33 721 780 2774 2611 1612 2053 1755 1635 1143 679 495
000030.jpg,2414 1177 2641 2176 107 2604 55 397 728 2326 2550 1507 1669 1104 1194 736 32 187 379 1467 2360 1919 920 541 2159 1950 2036 1748 2234 575 2073 2019 2239 1028 1014 469 1459 2033 917 153 2754 902 993 1943 2603 83 1975 1690 684 1601 2752 590 87 680 1304 1720 1691 1970 2586 457 1016 2733 1821 1277 250 206 2563 63 2497 2281 1734 2233 2192 382 333 596 1471 462 95 1841 2254 834 818 2166 2555 343 778 309 1986 2684 1132 357 75 2605 198 1019 499 102 441 1517
000031.jpg,2757 1759 1721 2622 18 1842 1390 2438 2719 1931 70 1056 1753 601 2728 2708 682 431 1834 1125 2294 1055 315 1557 1473 2077 2207 2057 447 494 2 1876 2526 2510 2825 2777 2291 2772 2315 2478 1874 1592 2558 2663 1892 994 574 1944 1185 608 1223 140 951 2809 1899 864 725 2702 2491 677 491 2435 2220 526 1677 146 2685 1868 1165 939 502 2561 1942 1771 482 1035 1980 2015 692 271 1777 1531 1179 2683 2766 1825 990 2736 1252 2625 647 274 1333 2580 2569 1452 2436 297 1839 1235
000032.jpg,2269 2484 299 2092 2371 837 1071 2844 264 2063 1776 2139 2223 1421 2273 1 1698 1814 1824 428 2717 2412 1622 262 741 1338 317 600 2576 2727 1122 342 2206 1982 1925 2455 2189 514 2100 1009 195 1520 2431 1291 1522 2797 2486 352 551 2403 1887 2703 557 2833 287 1345 2659 1815 1551 1238 2215 170 267 667 2123 2187 1549 885 2385 1589 2801 1432 1792 2738 2635 438 846 1059 1350 2356 46 888 1684 2338 891 642 1201 82 349 1675 1862 1615 1295 307 1619 263 857 801 2581 1826
000033.jpg,654 2025 2070 1018 2794 1787 1248 782 1781 525 245 1356 580 31 326 1435 625 192 159 679 139 1187 2632 1022 643 2164 1598 108 113 1282 2311 1706 1097 239 1967 2232 2669 209 2611 2429 1822 1780 721 296 653 1472 1647 356 1692 1929 838 1293 200 216 1972 2137 1662 1141 2062 1317 408 2061 2396 61 858 1612 655 402 207 1127 936 2091 2505 2465 2687 1124 534 2236 1037 138 1730 1475 268 225 1011 2402 464 2406 471 49 1143 1655 1050 131 331 1921 1275 1918 1438 1274
000034.jpg,2152 2502 844 2678 2751 2056 2141 2572 2263 2182 2448 1113 84 2457 244 1198 2760 941 2348 1515 1199 1866 2203 1458 2567 1726 183 45 1139 2608 2761 1214 236 509 106 1616 1570 2115 1371 1596 398 2464 1171 22 621 117 2503 1602 5 1605 785 1768 2048 1364 43 1015 2386 2705 2562 609 2197 171 270 1064 957 1797 2688 2725 2498 1922 1525 620 1696 1251 1560 973 1426 2522 229 1285 690 181 2425 1960 298 214 420 1754 1987 1217 732 1397 2401 1766 1184 1864 1953 1738 1927 387
000035.jpg,2628 1649 645 1444 1679 1054 2840 2011 2707 1544 735 1328 2439 445 2241 169 1782 1045 1617 1623 440 201 1663 2837 2836 947 1840 1381 1029 2050 1422 2130 2289 769 51 712 197 2650 2713 2352 2769 1417 1870 2454 2272 2767 1658 860 1860 2556 563 1218 260 2826 1993 433 2649 1489 900 2375 1552 1261 161 2735 179 194 1416 348 1710 463 1316 1437 1486 319 1948 1051 1307 2815 489 1701 64 1496 155 2046 1369 925 965 26 674 1901 2088 1148 992 168 134 2545 550 480 2433 1096
000036.jpg,2494 1113 594 1922 2620 2203 84 420 1488 482 148 1687 1616 629 466 1426 1949 2348 2362 2291 1605 1866 2386 1738 1139 2152 2334 2677 1537 1397 2421 2768 2115 647 690 941 1144 1602 498 1198 844 882 327 117 244 781 1477 1960 1819 510 2521 2057 214 1696 281 1515 938 1184 1817 1864 1390 2502 1874 23 851 2512 1504 953 2036 574 40 380 2359 509 1902 136 2161 850 1423 306 2571 1223 2355 2691 423 300 1502 2639 375 2128 2457 944 2464 2014 609 1344 865 2000 1263 1165
000037.jpg,574 2291 2057 494 1874 1223 2639 2683 647 482 2435 146 1899 2294 1931 1439 725 1055 2728 939 2708 1592 2569 1452 2220 1819 2526 2704 491 2580 140 2438 657 1937 1725 2207 1515 1868 1555 2719 531 2558 2051 2036 598 682 1922 2436 1088 677 1944 2757 444 1433 2813 1881 1185 804 1777 1711 1075 2382 944 1949 2334 431 1721 329 1798 2589 1113 2149 1557 2766 2656 2475 2499 640 136 995 40 1477 1426 1508 2741 447 2803 2378 1817 2478 844 1287 244 781 1759 948 1825 1601 2323 2772
000038.jpg,1489 26 1417 860 348 2769 2454 2241 1710 712 1701 1870 1045 1369 2375 900 197 1983 260 1328 1617 463 433 925 1656 2840 1437 1782 1381 1552 445 1486 188 2397 2419 2628 817 2130 2652 550 943 735 169 2011 2050 1658 524 2817 2826 1444 559 659 2836 2289 2544 179 1623 2439 1307 2076 1848 1663 1544 2649 2574 2790 1993 2538 134 769 1649 1029 947 1796 987 51 1640 1679 2034 2424 319 1624 674 2837 2832 1407 440 1319 2650 1422 2084 161 1895 1054 906 312 480 2707 2358 489
000039.jpg,2171 2043 650 2810 2666 807 2346 1916 2816 475 1260 1723 1891 334 285 750 6 2643 411 1153 759 820 510 375 420 1541 1603 2261 1397 148 2768 2502 372 1711 2841 1188 1515 1761 1702 620 1605 2521 582 1882 388 1858 1502 956 1326 2726 1488 1221 1570 1227 1817 1083 2152 1738 473 546 922 1074 163 181 1173 40 2203 2378 468 2162 732 1922 2036 42 2128 980 995 1995 938 1797 829 347 2194 2324 1139 136 278 2410 2762 379 1931 1768 5 2179 1412 2779 2291 1433 1902 2526
000040.jpg,1656 2790 1102 2528 2411 1644 1934 943 2817 312 2501 221 1926 2044 2832 1405 85 987 1624 635 2300 817 188 556 1407 2082 860 2270 2454 1489 547 1993 1386 26 1417 611 1617 1782 712 1319 1381 1710 1369 1422 2836 4 562 305 1796 550 1752 1328 1983 2241 169 947 2769 51 1658 1788 1146 518 1640 1444 1092 1870 2631 1208 463 1701 2397 2538 925 1045 1663 348 2034 1545 155 2837 2707 2011 1623 900 2721 1948 1679 2714 1649 2088 2358 2419 2076 735 1316 2826 992 2544 1544 440
000041.jpg,2505 2465 2398 1921 936 430 654 753 478 2061 1918 1008 1662 108 1395 1317 1647 363 2402 331 2407 2611 1465 1022 1787 1612 1143 1822 721 2429 471 1140 655 786 625 113 1356 1972 2632 1756 467 2765 1475 1293 1438 2301 2236 2053 1039 1831 1097 452 2244 1220 1378 1026 1655 534 999 1124 1048 1967 1024 1692 628 782 2467 464 1706 525 159 1018 758 679 89 1118 1050 31 402 1037 1789 1781 138 484 840 1297 390 1715 2794 326 501 53 2311 346 2634 580 268 52 1503 2070
000042.jpg,2492 1068 2299 774 1966 2196 855 2290 749 1379 1936 435 1946 2788 1968 2746 1094 605 2417 593 1020 2364 2830 2843 1040 1311 673 2730 2251 717 2005 2243 1442 678 1243 1581 2151 1142 1174 2549 1005 1573 2519 2560 610 2697 1309 1731 112 1634 365 821 1424 2516 1526 2377 410 2087 257 1131 535 544 1511 1138 1498 1527 1913 434 2680 1794 730 336 253 800 1783 1850 1670 1325 392 881 338 1992 1871 1969 811 1466 288 1079 1165 406 937 191 2006 1779 1110 94 2302 1455 2102 2341
000043.jpg,1083 1702 2643 6 620 759 582 2194 546 732 181 2261 285 661 1221 1797 636 1260 2278 1536 807 476 1318 2168 42 2346 2666 1882 2171 2807 37 2816 650 2313 1858 1188 1916 1227 468 1364 1891 669 1251 353 1515 2043 475 2810 310 1768 2571 236 2761 1570 122 922 2720 894 482 2048 2831 1723 2441 96 949 2425 40 510 2760 1603 1283 1856 1108 2827 2705 762 647 2476 776 95 411 45 1488 2162 2036 1064 644 2291 980 844 2554 281 1315 596 1476 1336 2522 1176 2521 419
000044.jpg,1830 848 931 1114 2471 2601 702 2624 1908 502 1845 284 1107 990 1340 1235 103 578 903 768 688 297 126 1720 1323 1767 1608 1821 250 2276 65 1310 1512 1975 2388 1186 1413 684 835 1254 1391 522 2314 2757 1759 767 277 2667 1035 431 18 2510 601 2036 1016 2149 70 1842 379 1165 1922 1557 1120 2315 2077 1753 2323 2478 315 1839 1157 1834 2 2777 1390 1531 1125 2622 303 2656 1915 2772 102 2240 420 2663 1459 2768 1397 2302 1351 1418 2685 191 1748 800 1289 2637 2561 2299
000045.jpg,269 1548 531 2 951 2663 1834 70 431 379 1767 2510 2818 1919 1980 1943 2518 315 2161 2653 1252 83 1557 2772 2315 2314 684 1759 2685 1073 1950 18 1120 541 1390 1869 2757 2478 2077 2622 2015 277 1753 993 1842 1125 1732 2036 2777 1075 1131 2294 444 1165 2276 1986 368 601 2275 191 1401 1905 920 2296 1747 39 1975 1035 2719 1147 2302 2561 211 1460 1391 1529 2073 202 590 827 725 1007 1459 1455 1593 94 2390 392 2288 1180 1413 1014 469 1850 2388 2702 800 1055 2661 917
000046.jpg,285 546 6 1882 37 1221 1702 2643 922 759 582 1697 459 1456 2167 2194 661 1260 1188 669 620 476 20 1082 2726 1763 1284 1891 2162 448 372 1744 275 181 1723 2261 2268 752 1797 1227 1084 1308 2666 1570 2168 650 1515 510 690 586 2677 807 1080 1536 1083 443 122 2171 829 732 2346 411 475 956 1200 2457 281 1090 454 1880 167 1768 1916 796 820 5 196 2691 1995 468 1537 1286 2521 298 2623 973 1153 1884 38 2030 2222 1180 1844 2571 2043 1911 370 1006 1603 2810
000047.jpg,1335 1532 28 238 1680 2479 503 2099 2052 2250 532 330 2119 772 587 1563 1741 152 1708 734 354 1827 505 2674 711 972 458 633 1704 2193 1111 2228 313 602 2370 1917 671 2365 2592 1896 849 81 1339 847 1376 2028 2283 2819 653 2689 2177 1635 2534 92 705 2322 2552 390 449 1117 799 2181 2681 2527 2812 1003 2500 1297 2764 1967 296 1021 2017 838 2062 1472 2557 1050 120 1961 2232 2716 2693 1746 68 580 618 209 2059 2144 408 1706 968 721 1974 1011 2698 1314 131 245
000048.jpg,1113 1426 2494 2503 1922 1371 1144 851 690 1960 84 1198 1866 1458 2197 2448 327 629 1687 398 543 2348 796 23 2677 2572 1537 40 2620 1616 117 1080 2203 1519 2457 2115 781 1423 466 907 844 509 2726 1397 1726 2706 1902 375 1400 1954 854 1199 835 1152 621 702 2162 1696 420 498 281 1700 2334 2761 1488 1263 1570 1515 2128 2014 1217 1184 2154 1596 1502 454 1536 1767 1768 1139 300 1602 2678 1802 931 2124 136 275 423 128 1036 1219 2263 2169 244 351 2141 2571 909 425
000049.jpg,348 26 2769 712 2454 2130 925 2241 1369 1045 1870 2649 2050 2714 179 1328 445 480 1710 550 735 1417 1489 1782 1617 1701 2840 860 1381 2375 518 440 2538 1422 1679 1644 2836 2011 463 312 1658 1444 260 1663 2628 1624 1486 197 1029 2721 64 1416 2034 1054 524 1983 1649 817 2528 433 2832 900 2650 1656 645 947 1640 169 1569 2707 1623 2790 2289 1934 1948 51 1796 100 2817 1993 547 2826 305 1840 48 2545 1437 2501 1544 769 188 2076 562 1552 489 168 1926 2837 319 2439
000050.jpg,310 2542 2112 940 2242 2827 1334 1343 1561 2441 1176 617 1004 132 949 2737 1693 1434 2291 2656 1856 1346 2149 832 2016 1365 1743 695 1298 1019 1535 407 291 63 983 2129 647 2386 751 1116 1113 2057 540 1333 1714 2202 2116 1685 2324 2190 182 1999 737 1713 1103 1087 1874 960 1601 1590 2036 777 2493 803 739 783 404 954 2586 379 596 1760 895 574 2745 24 75 2295 1091 1223 93 683 149 1459 2621 1785 2497 581 1795 499 482 198 1452 1748 1476 558 1869 1410 2143 1928
000051.jpg,2281 1116 275 1180 327 167 20 1224 1713 198 1304 2497 60 1714 2726 265 39 676 2422 1687 2180 230 751 2653 2288 1113 1036 2573 2547 23 924 824 117 2523 2030 454 683 1476 47 564 1838 1357 1400 1561 34 466 1152 75 926 1751 2162 206 1471 2494 2239 1082 510 95 1591 465 2132 953 1693 1423 1818 907 423 1200 2542 576 1462 1184 2036 1308 379 1990 1482 1835 1077 2627 2521 1559 2203 281 469 765 396 2620 1654 343 2359 1922 1744 2149 1502 1006 2114 2204 1205 1176
000052.jpg,1644 1624 2528 2411 2832 2790 1934 312 2501 1407 1656 2817 1102 1926 1545 860 987 943 1417 1489 1405 4 817 2044 556 85 221 59 169 2300 2454 2389 2837 635 2082 188 1544 2045 2836 1701 1146 1381 1782 2767 305 1663 1617 26 1649 1993 1752 1870 2241 2270 547 947 1386 2439 2707 1328 626 1796 2714 1658 712 2130 1710 1640 51 348 1788 550 440 1369 2769 562 1584 1569 611 2628 100 1444 1623 1679 2034 1319 925 2419 2721 2023 463 497 2545 2088 2515 1045 1422 179 2352 1218
000053.jpg,730 338 1442 855 1526 1325 2516 1379 1466 1511 1966 2290 1243 2746 253 1020 1311 1779 2830 1068 2788 1424 1142 2560 2299 1968 1581 336 406 2519 1498 2549 2151 2730 1850 1969 2364 112 1094 1131 1992 2243 1455 1005 1670 2492 2145 392 821 435 248 1385 1309 1794 678 1783 610 2087 94 1936 2251 774 2341 1079 749 717 800 2102 191 544 365 1634 593 1040 2417 2377 1390 568 881 605 870 1165 434 1007 709 410 2005 535 648 1573 1384 1138 1174 519 2302 2763 673 186 1731 2219
000054.jpg,403 1159 667 1925 2455 1815 2811 1338 1607 1078 656 2063 1530 264 2486 2635 837 2412 573 1009 846 1982 160 2371 600 1341 2094 2100 1619 2607 888 2431 428 317 299 2356 262 2332 2255 1887 2484 1660 1229 1615 1863 2717 1 706 1828 228 2481 2835 263 1622 642 2269 2833 1509 2092 223 17 2338 2139 2776 885 1542 2633 1698 2739 1446 1191 2576 1409 891 405 385 2223 1930 570 577 814 2273 1735 1457 1571 2123 2189 2692 1589 716 1350 665 2399 90 857 421 961 1294 1994 2844
000055.jpg,2755 860 2023 1701 1584 1029 85 1796 2034 547 259 463 2045 987 2046 1489 1386 1993 1656 715 1788 992 100 2735 4 622 1417 2538 747 1586 26 497 1552 1569 2721 1545 2545 1319 2454 2482 556 48 2082 2076 817 1848 1617 611 550 312 258 169 943 1782 2270 2544 2790 1710 2628 2650 74 433 2769 319 2011 2564 2272 2840 1092 518 1926 2528 1381 2832 1362 906 197 1261 1416 2289 188 440 1051 2817 1428 2375 1405 2241 2836 2419 2287 1407 1190 161 1948 1624 1096 2515 1897 1146
000056.jpg,2023 1584 2545 2755 747 2034 1796 2045 2272 64 2713 48 1569 258 2556 100 2721 715 2289 1316 2628 1320 1416 860 1051 770 1490 1782 2433 2352 1948 1617 26 2241 1381 161 51 1640 201 2836 1444 439 1658 2454 2650 1096 2309 947 1663 1496 1407 1993 2826 1860 169 1453 1901 260 1417 305 1489 1218 1649 155 1045 1261 1701 1544 563 735 1656 194 562 2130 497 2837 1586 943 2439 712 2046 659 2815 1029 440 1870 433 1710 2790 547 1752 1552 2376 2707 550 1328 1422 179 2050 1679
000057.jpg,1221 285 1819 1272 6 2671 2571 420 2210 1570 353 1882 650 776 640 1515 820 2666 2359 1922 1864 2334 1537 1916 2620 2494 2324 2520 98 1768 582 546 2726 2346 2462 690 372 2000 5 40 807 2677 2162 910 1397 865 375 1541 2291 2036 379 2149 475 1744 2001 281 2261 1817 1601 750 2421 13 2768 1065 196 1603 2828 1793 851 1426 2362 1080 2561 70 39 136 2323 672 1723 334 431 629 1436 1042 2161 148 1711 1223 574 1891 1462 370 482 1390 915 2757 2510 1038 980 2502
000058.jpg,505 458 28 1563 587 2119 1896 2500 313 1827 523 2283 2819 2193 2552 2181 2534 152 238 2479 2099 1111 1680 330 734 849 2322 175 354 1741 705 1335 81 2689 711 503 2370 261 2191 2681 671 2052 2716 2250 1339 1117 2674 1708 1532 2592 972 1314 1003 532 2144 602 2177 2527 2059 1655 633 2764 2429 1475 1955 92 1706 68 120 1912 2236 464 2142 2365 552 1465 847 553 927 653 772 1831 390 534 2244 1297 1010 780 1967 314 1789 799 1932 696 1813 1635 1050 1662 455 1961
000059.jpg,2119 505 28 2479 587 458 2819 2500 1563 2099 1896 2181 1827 152 330 849 523 2193 1335 2283 313 2716 238 1532 2370 1680 1111 2552 354 81 2689 2191 1741 2534 2674 734 175 602 2250 92 2681 711 2177 972 2527 847 705 2365 1117 503 1297 2557 2052 532 1912 1003 1655 1708 2062 2592 1314 1376 1339 721 1955 1475 671 2236 2228 1706 120 1143 1465 1831 464 2053 1118 1972 2402 2429 772 653 2597 2059 2265 780 927 2322 2764 2061 2244 534 159 390 2144 552 68 1789 2742 1317
000060.jpg,844 2152 1726 2056 2182 1199 2678 244 2502 2751 1515 398 1458 2760 2503 1596 2115 183 2141 1768 2457 45 2572 621 1616 1198 2386 1064 171 2688 2608 941 2448 1139 236 2761 2705 2263 1364 84 2048 1113 1214 43 509 22 2562 1866 2197 1922 971 1696 785 1171 1797 1560 2348 1987 2203 2498 1570 1605 1251 2522 2567 2401 5 117 1015 1864 1371 387 2464 229 40 2425 1819 420 959 690 270 609 2116 106 2768 815 973 1426 300 931 1960 2831 762 1602 2612 1397 2476 1217 1953 1080
000061.jpg,418 52 464 1706 999 2429 1481 295 1475 484 2236 225 1662 467 2634 2059 840 726 534 2806 1022 1275 1655 1378 389 108 1730 753 1831 1929 2398 2244 346 2407 1787 758 452 2715 501 207 1465 2301 129 806 455 786 1039 61 1789 363 2467 2690 1692 2025 2669 2053 430 31 331 1503 1062 504 53 780 2142 1262 1024 927 628 655 1923 326 2765 1097 2821 159 268 131 936 1918 89 478 1317 2465 2505 1967 1008 2061 2611 1018 1220 1293 2285 2632 782 2687 1438 580 471 1822
000062.jpg,285 546 1221 6 1570 807 1882 582 650 370 1916 820 2346 475 1603 2666 1723 372 1697 1537 2726 750 37 459 2677 275 1189 669 1541 690 759 2162 1891 2268 334 2210 1884 1702 2643 2261 980 281 1515 956 922 375 1502 476 2171 2132 1260 2194 1084 117 1284 1083 2520 411 640 1744 620 510 454 1456 2203 1080 1153 1525 23 298 448 20 40 425 732 1536 136 2118 915 2047 829 420 196 1817 1286 661 2521 1844 1184 629 353 2014 1858 973 1082 5 2841 396 1397 1426
000063.jpg,2792 567 998 1791 118 2711 1531 1583 382 1179 1354 778 919 748 1854 1063 2252 887 952 2778 517 1977 1667 2682 639 819 1651 1970 2491 1579 930 2065 9 1769 1470 945 2328 2793 841 1578 2647 916 7 1920 227 808 1770 1585 114 975 2575 2042 569 982 2729 2723 923 536 502 297 1367 247 1657 2304 103 193 2361 1323 928 2550 2310 121 102 1235 151 990 153 2090 1507 2225 1577 1132 2601 2471 2097 25 1851 2777 1239 1271 2462 2077 2022 875 2658 1753 2772 2334 763 190
000064.jpg,1781 525 654 2070 2164 1356 2794 239 2232 1248 580 113 449 245 159 1822 1472 643 2025 1018 495 326 49 2632 1187 216 200 2062 1612 653 2311 2611 31 1647 138 1282 721 2316 296 782 356 408 1972 1021 1843 1022 1097 1050 1787 2091 1293 2465 2505 1598 209 1505 1755 1143 1435 2061 139 1655 1961 1967 2406 679 625 2402 33 2765 1921 27 2137 1317 1141 2687 1395 805 838 1706 858 331 1026 131 1127 1297 1274 1831 1262 788 655 927 1140 241 1923 108 1048 2669 2715 390
000065.jpg,589 485 1306 898 251 2072 1951 727 614 714 1175 1427 1558 1361 2540 658 2409 1207 1137 1451 2323 1166 1798 1928 803 2644 1559 395 853 2113 2000 2546 1257 1106 1087 1115 1213 1389 646 1683 364 293 1900 1230 101 2066 2242 2054 581 737 1334 2178 374 1801 2149 2504 789 962 215 2040 529 1333 436 93 1839 304 1786 1971 895 2787 1597 315 2757 1390 2656 2622 1165 2759 1561 1557 1759 1590 2022 783 1394 2320 2302 240 572 545 2381 954 1693 341 426 2277 1753 191 634 2784
000066.jpg,2509 202 1075 1810 67 899 2558 1212 137 165 1944 2294 1055 2728 2583 1874 1606 725 1001 2135 2121 1406 2813 1012 627 1130 2825 116 2350 2766 2435 1937 249 2057 2207 2382 2708 1986 692 2741 2736 2842 647 1223 494 1841 1592 2757 2719 447 2292 1126 1056 1076 1940 362 2683 948 24 1557 2248 1825 379 97 2639 1088 2143 424 2291 135 1759 1448 491 2622 2295 1464 2286 1899 1722 2569 1383 1689 800 541 682 1601 2036 2430 338 2224 2319 1390 2438 146 1639 70 2258 2506 18 1842
000067.jpg,1096 1416 2721 1362 1569 1948 1897 64 2272 100 1993 1860 547 48 439 1316 2034 1051 2556 817 1386 497 1319 562 1926 305 2650 1656 2769 715 2241 556 1381 1617 2755 2817 2300 2545 2628 1658 1496 1490 860 611 747 2270 188 1586 2454 1584 348 2082 2023 1782 1218 1796 155 1453 1624 1261 1623 987 1489 550 518 2713 1701 51 2631 943 2352 1422 712 26 1901 1640 2289 1407 770 221 1544 1444 1405 947 2790 440 169 2836 1663 1788 2046 1328 1552 85 1934 1649 1679 2076 1710 2815
000068.jpg,453 401 2679 2163 1903 141 1628 2055 1023 177 1163 174 2829 2122 816 2009 1085 1145 1784 2636 612 2775 72 1415 981 760 2098 694 1717 2274 2577 208 2469 99 1688 2747 731 595 1510 823 156 1808 164 2126 437 172 2587 1047 460 1404 380 2722 1160 1599 2218 399 461 2655 1155 1233 1241 1100 1089 73 1872 2074 1976 1504 1436 222 569 1817 477 1711 536 2362 136 975 2599 632 2762 1582 347 121 1666 1839 703 1173 1162 566 1835 2090 351 1915 193 1588 1902 409 278 988
000069.jpg,1256 1065 2029 429 417 554 1890 555 176 2217 2743 332 1430 427 868 1418 1888 1553 289 886 62 2415 1793 597 2668 1699 1562 1033 1686 193 802 1398 2786 361 1393 988 21 199 2227 571 142 681 1492 878 979 2568 901 1588 569 2108 1431 2423 536 2384 302 1132 121 2451 2078 340 2090 893 500 36 432 2117 743 1053 2757 292 1886 78 866 733 2380 680 1759 1717 1557 323 1499 2267 1236 1390 707 1035 2323 2622 1839 2559 595 1849 1272 431 2149 370 2047 2333 315 1165
000070.jpg,273 1539 2524 2104 879 557 1242 2226 2269 352 969 1059 685 1549 1982 600 414 1514 147 741 1540 2481 1349 2223 1366 299 2340 2576 2738 317 2372 2255 1816 888 1684 2529 262 1698 307 577 2385 1360 2094 2727 160 2139 2811 2189 1060 1925 2781 1803 1338 2473 2460 1629 1530 1421 2100 573 1607 2138 2363 1480 166 1 2709 1618 1295 892 2468 1167 195 1571 2635 46 961 2431 1615 2607 1101 2185 1520 1078 1619 267 1291 2371 342 2246 2801 2213 1071 2513 1025 2412 1862 2758 2844 2648
000071.jpg,2454 2769 26 550 2241 348 712 445 1870 1045 2840 197 2375 2538 2130 2011 463 925 735 433 1489 1369 1029 518 2050 2650 179 480 1422 860 1617 2289 1417 1328 440 1710 1701 1782 2649 1381 2836 1993 260 1656 769 2714 645 161 312 51 943 1552 2397 947 2628 1840 1934 1663 1640 1752 1253 1788 1444 1644 1658 562 524 1796 64 169 556 1624 817 305 2528 2501 900 1649 1405 2544 1486 2826 2034 2076 987 1569 1860 1544 2790 2832 1895 2817 2556 1679 1146 1983 563 168 489 100
000072.jpg,2465 2505 1140 1356 654 2402 1921 1822 2061 1317 721 1143 430 1008 1297 1756 1647 1972 2611 1118 1472 1781 1475 1967 625 936 1465 2407 478 2236 2429 2398 1050 1022 1662 390 331 2765 1037 1395 2301 1787 1831 113 1918 1124 1293 655 159 467 2070 1655 1097 216 2244 268 1141 753 534 2053 805 525 786 108 1378 452 326 1635 1612 1755 1187 484 679 1789 363 27 1026 2062 1692 580 1024 999 1715 31 1039 2794 131 471 2059 1018 1248 927 2406 1706 53 2311 2531 2632 1438 782
000073.jpg,1453 1569 1490 100 2433 2650 2309 2289 64 2713 1901 2545 2034 48 659 2721 1640 2376 1860 715 260 2826 201 2556 563 2272 562 1416 168 305 645 1486 51 439 155 1496 1096 1316 440 2241 2352 1796 1782 1840 747 1617 2419 900 231 1948 1381 497 1307 784 559 445 2454 1148 433 1701 2130 1658 2628 1045 2836 2046 1848 1586 860 348 712 2769 2652 1663 169 1437 161 1123 2088 674 1552 1878 2439 547 1051 1710 1544 1584 1752 2840 1489 978 26 735 1636 1422 1993 769 1649 1444
000074.jpg,645 2011 197 1029 445 2628 2840 2836 433 463 440 2735 1782 319 769 1649 1381 1840 2289 1552 2375 1054 2650 1444 1261 1658 51 2241 1617 201 2815 2076 2088 260 1307 1544 1860 550 1328 169 1218 1993 1679 2826 735 1752 1316 2272 155 2713 1208 2767 2439 900 1422 563 947 1663 1486 2707 161 1489 1051 1623 1253 1045 1202 1640 1417 860 950 2652 134 1948 1496 1437 1416 2556 559 674 2769 1096 59 1710 712 1983 2046 2069 965 1146 826 562 259 489 2367 2454 2419 2352 1965 2837
000075.jpg,1055 2294 2728 2558 725 1944 165 2766 2319 2741 137 2719 494 2436 447 2057 1212 1874 1606 2598 2135 2292 692 2286 2291 2207 67 1130 1452 2580 2825 1067 140 1076 1825 2305 2583 686 899 1899 1126 1868 2435 647 116 2506 146 1940 1223 804 97 1777 2041 2736 2683 2639 2350 2121 1935 1463 1075 627 1001 79 1185 1120 790 329 2748 442 1962 1869 482 574 2813 2509 1390 1810 2708 2475 1557 202 1601 2068 2382 1980 1905 751 995 379 1406 876 1134 2757 1464 1937 12 1986 2378 2248
000076.jpg,1417 860 1489 1444 1649 161 1701 1710 769 433 169 1782 2707 2289 1328 26 2650 1054 2628 1870 1617 2454 2836 1663 348 1679 947 1623 2241 1381 2837 2130 2769 1656 2011 712 1045 2545 2034 1544 1422 1640 51 735 1993 1416 64 2767 925 1369 943 2439 1948 550 1796 645 2790 2840 1102 445 1658 2044 2528 2556 2375 179 2050 260 197 2714 2352 1218 440 2713 1261 48 1051 2817 1552 100 2411 1029 2649 2721 1624 2832 2501 1569 1644 1934 1584 715 547 556 312 221 2538 480 817 562
000077.jpg,519 1992 392 1385 186 1442 1779 94 253 434 2763 1311 2341 406 2746 1007 1131 535 1966 709 1419 855 248 1040 773 336 2299 1243 605 2219 2290 937 338 1325 1379 1731 1005 2151 610 1068 2830 1424 1527 2102 1516 1079 544 2549 410 1138 2377 2788 1455 1020 1309 1705 821 2560 1850 678 811 717 1511 1142 2519 365 1871 730 112 966 749 435 257 2384 1894 1581 199 1783 191 1133 1670 1707 1739 1969 1784 2145 1794 2364 1526 1968 800 2005 2600 886 942 2660 2664 648 1573 2451
000078.jpg,2437 44 1914 1672 1836 1469 16 1447 376 1990 1483 1178 2700 2317 2785 1304 2547 483 95 576 824 2202 2096 596 1224 1535 1713 1633 441 2441 2190 2249 60 2235 983 1620 1482 2281 1749 761 1300 1523 291 2745 1732 1678 2080 1996 1743 1120 834 2695 2446 2161 845 88 1476 83 1176 1147 1103 603 269 1183 47 1245 830 792 2685 2058 1180 350 2275 2030 1057 2827 1751 2523 1073 205 1714 832 2180 1450 465 2383 1116 2497 1856 2555 2027 91 2422 1336 1804 1036 1999 1980 683 1838
000079.jpg,1301 2064 1290 530 1058 921 2049 2596 1518 1742 2282 1981 2660 2140 1909 631 2796 451 446 1604 1017 1614 908 1384 2696 1331 487 1673 337 2257 1237 1554 1681 662 2093 1370 1879 2085 2392 984 966 1105 942 813 1567 1705 1396 1978 394 243 2458 360 355 2600 660 1739 607 2357 1613 2259 542 1906 2782 678 2492 1094 774 1853 1000 2543 1419 2369 54 710 2664 2087 2005 800 1893 1850 50 1936 301 2243 1002 1132 967 1695 1119 2507 1271 1031 2519 191 2658 2326 1040 1165 1968 2036
000080.jpg,2716 2819 2552 2181 849 587 2119 505 523 2370 2500 458 1827 175 1896 2689 2283 2365 2681 28 2191 705 238 1741 2193 2479 2527 1563 152 2674 313 2177 1955 580 2534 734 1111 31 1314 1912 1003 81 2265 129 501 2597 92 553 2099 1706 418 159 847 726 552 2429 464 1281 456 2144 2594 1097 1932 68 1062 822 1293 877 2137 452 1117 2715 1143 354 602 1156 968 2557 1465 2244 1022 326 1378 52 1822 534 1662 1655 1974 108 1335 780 999 1730 1481 330 2280 1475 324 2812
000081.jpg,2691 2355 1911 2318 144 320 2420 2362 99 1387 1537 2147 2512 632 1682 1165 2706 2161 850 946 490 191 2593 2000 2490 1267 1670 380 1006 690 1479 1442 392 2514 2299 2302 796 459 406 2156 2734 1511 1380 629 437 2677 222 1436 1152 318 1559 73 855 2452 1504 1219 1233 1263 595 2218 1170 1036 1946 1570 2290 256 1247 1347 315 1750 2443 2746 1969 44 1973 2204 1526 1482 1200 432 973 1305 1390 2432 1005 1180 543 1676 1113 1525 1620 863 1379 724 1098 2535 2685 2516 1073 1308
000082.jpg,2414 1177 107 2604 2176 397 728 55 2641 2550 2326 1507 1194 1471 2073 2169 153 920 2508 736 187 953 32 924 2239 473 1970 1919 1104 2360 834 2573 1669 1950 541 379 1467 2036 2351 1423 423 2426 2281 1277 1975 2603 1089 306 20 680 1922 2159 2234 1304 2661 827 2154 327 2086 400 684 382 206 2288 198 1225 1943 778 2019 2214 2497 15 39 2726 2033 1222 167 1954 469 1835 1028 343 831 2808 917 1014 1711 871 993 384 902 1748 1180 896 1720 1036 351 87 375 2711
000083.jpg,2458 966 1370 1331 1614 1384 2600 1705 2085 487 1105 1681 942 355 1742 1495 243 1554 1673 1396 908 2696 921 2660 54 1017 813 2257 1893 50 2543 2064 2490 1739 710 360 542 392 2369 660 1031 186 1290 7 2782 451 2664 1946 1002 1642 253 1442 568 1853 2299 3 2336 2147 337 2259 1301 2170 2290 855 301 2746 99 1000 2793 434 1518 73 2341 94 1968 320 1676 1036 1311 1287 2282 1325 1695 631 852 2519 1152 975 984 1005 595 254 336 1966 2262 765 151 2559 1565 191
000084.jpg,545 2066 2277 1389 2178 2113 304 2022 1213 328 2546 1333 1785 1228 737 1230 1394 766 1087 63 1898 2504 2149 2238 2242 1801 1798 727 2579 658 1683 2323 1693 2040 789 529 1115 2759 1019 898 240 364 2644 436 572 2656 962 581 101 2784 1353 1207 374 1558 714 251 1300 1900 1427 310 395 783 1035 589 2114 215 949 198 2381 1839 1106 803 596 1559 1093 824 1743 853 2547 569 1753 1883 95 407 2497 39 461 1257 1361 536 1161 149 614 75 1593 1125 341 1074 70 1513
000085.jpg,2510 70 431 1753 1125 2772 2777 2077 18 1842 2478 2757 1834 1759 2622 2 1390 1557 951 1035 2663 2561 601 2015 1252 2818 315 1839 2315 277 1165 767 2323 2302 1980 2702 1938 1443 369 502 1075 990 889 2685 2161 191 688 2601 1747 2686 2314 297 1460 103 1391 1833 211 1186 1413 536 2277 2149 2242 1235 684 967 1418 2471 522 1132 2532 426 1801 240 2276 569 1767 545 39 1976 2040 1845 1323 1333 707 379 1975 789 1989 1230 24 250 578 1394 2143 2624 1693 2656 1711 2024
000086.jpg,828 377 2578 1038 1949 2421 2828 640 672 13 323 2520 1754 1272 1337 2083 1041 2210 1374 933 1668 2602 1910 2671 2032 2786 176 2428 2570 868 2227 698 2047 2423 743 554 2108 370 43 979 340 964 1562 417 1890 1399 56 1504 2038 955 2120 292 802 2384 2387 1864 2031 1686 2451 2629 597 2668 1819 289 1033 1952 332 2217 302 2795 429 1429 2568 893 886 555 78 2415 2218 1521 1329 1393 2743 2335 878 1436 123 1418 941 1888 2029 1764 1768 2539 1334 1070 1049 681 2839 568
000087.jpg,767 2478 2772 1753 1125 2077 2777 1252 2015 2757 70 1834 1759 431 1842 315 18 277 951 2510 2818 2 1443 1165 1557 2315 2663 2702 2622 1980 2302 1938 1390 889 601 2685 1833 2686 191 369 2561 1989 1460 1839 1747 1035 211 2624 126 2532 1845 2577 2161 1418 688 297 990 9 1391 2314 103 461 1793 164 156 1186 1235 492 1413 2108 2601 536 1323 39 578 2323 502 2026 566 1817 2496 2671 1976 1767 841 2276 193 121 136 1340 513 1711 760 72 1442 1686 707 569 2090 2415
000088.jpg,431 2510 1938 70 889 1842 1443 2772 2777 18 1833 2077 2 1753 2478 1125 2686 2663 1747 277 1834 767 951 2757 601 1759 2818 1557 1035 211 2532 2015 2561 1252 2622 2315 369 1839 1390 1460 1989 2496 315 2702 1418 2685 1976 461 2671 1980 2808 1165 1902 1817 1952 2323 136 1266 1413 536 684 990 250 578 569 1394 9 1711 2108 1767 2601 2302 502 1975 2577 2314 39 2036 1391 2276 191 121 2154 1845 164 2090 1225 1821 156 1720 1922 707 2277 1132 571 2149 2497 193 2599 2128
000089.jpg,2809 2757 2708 1390 1759 2438 682 2622 2435 1473 1721 2719 2728 1874 2057 1899 494 2077 146 70 18 1055 1944 2294 1753 1592 1842 1557 657 2772 2777 1185 1876 1125 2491 2561 2507 2509 997 2143 491 2580 2478 2558 1223 601 426 24 447 315 1035 677 140 1931 2583 431 1597 1075 1165 1452 634 1810 2207 1868 1834 574 692 202 1777 2291 1433 2 1839 1904 1769 2526 67 2315 502 2663 444 608 2510 1001 2024 2825 368 2598 1892 1252 647 2683 2121 2766 990 2569 1406 1012 627 2015
000090.jpg,1889 181 620 1797 609 2841 22 1364 957 2751 2404 96 2567 744 1953 1214 1171 1927 2502 1632 1515 1139 732 1365 894 2457 2346 785 2591 2643 2230 844 1108 510 621 2666 2401 419 2153 2562 335 214 2048 509 1283 2498 1605 650 1916 1931 759 2168 40 2526 2160 2612 1702 2162 1232 661 2816 2171 2810 2188 1696 2425 1336 473 1766 2152 2278 2760 2261 2705 5 1703 1315 2079 1251 2761 2216 1738 1987 807 2141 171 2725 1488 2442 2128 1866 475 1188 521 42 2554 851 476 752 2521
000091.jpg,505 587 2500 458 2819 28 2181 238 1896 313 849 2193 2119 1827 2674 1563 2552 523 2283 2099 734 1111 152 705 2370 175 2479 2177 2689 1335 1117 1532 2365 602 2191 1708 330 2681 653 2250 1376 2144 2534 1741 2716 2527 1680 711 1339 2052 772 1003 2592 2764 68 354 1314 553 847 408 296 81 503 1932 1021 1282 968 356 972 1955 1917 552 2228 1746 92 120 2597 2265 1781 1543 580 1011 1050 2812 2280 2137 49 1974 1655 2322 390 2774 534 1912 495 2173 1635 1813 2232 633
000092.jpg,85 2044 2528 1934 312 1405 2501 987 2832 2411 1102 1656 2790 1644 188 556 943 635 1386 1624 547 2817 1926 2082 1993 221 2270 611 1319 2011 817 2300 860 1417 1788 4 1617 1983 1208 1092 463 1407 1489 1190 2574 1422 2397 2424 155 2631 1782 2538 2454 1146 2088 606 169 2836 1029 622 2840 2515 2419 2076 1701 2358 1545 433 992 26 1737 1552 445 2544 550 1752 1710 2646 562 2375 1381 178 900 197 134 2084 1444 518 1649 1627 2289 440 559 51 2046 712 1054 1796 2650 2626
000093.jpg,1113 1960 1426 1144 844 2494 1371 509 1198 2457 1616 23 327 1477 1922 2115 940 466 781 2203 2141 851 1696 2036 1515 1866 2116 2128 40 690 2291 2572 2726 574 2503 1423 244 2497 2386 1458 379 2620 117 84 1744 2542 2112 2057 1504 796 896 850 479 629 2334 198 2448 1343 1004 1223 1357 2152 2149 1949 1519 75 1687 2656 5 1954 2508 206 1601 1263 647 2162 1219 2348 1987 136 1766 1874 2197 1817 2751 1139 2421 2242 183 2324 39 2355 2362 882 222 2577 621 944 1711 2464
000094.jpg,2628 1649 2836 1054 1544 1328 1679 1782 51 169 645 1444 440 1381 1045 2837 2439 735 1658 2011 1623 1663 1617 1840 445 712 2840 2241 1029 2767 947 2707 1261 2769 2050 1993 1218 260 1489 197 900 2130 2650 860 2454 769 1422 1417 1437 2826 1552 1486 563 179 1369 550 463 155 201 1640 480 2735 1307 1860 2289 348 1870 925 2272 2649 2713 26 1416 168 1051 1948 559 433 2556 489 2652 2046 2076 1316 2815 64 2352 1208 319 1096 2375 1710 161 1752 562 674 305 2088 992 48
000095.jpg,1882 956 1221 6 285 2474 582 546 776 448 196 2261 2194 2359 1687 845 353 1083 370 820 327 98 2571 2132 300 1768 1462 2210 1536 275 971 1180 1541 2726 762 2222 669 1697 373 1260 2677 1659 1570 796 1661 807 2518 1120 2620 973 1802 661 2688 2520 1537 2691 640 2303 1702 2080 476 1880 1284 1995 910 690 629 1084 2383 1380 1525 1603 372 2831 2167 1819 1864 750 281 1080 2623 2494 2162 459 2476 1272 1482 37 1515 1082 1267 829 2362 2047 1285 2475 732 2695 2671 1016
000096.jpg,1139 2348 1199 2502 1605 1953 1602 244 1570 84 1866 2457 2141 844 2152 1616 785 2572 509 2751 214 2115 941 690 1537 1458 1198 2706 1214 1515 609 2203 2263 1696 2448 1768 2464 2567 2182 1726 1171 22 1232 2761 882 1596 2841 621 2705 1364 2678 957 2503 398 40 1371 2760 2056 183 1113 335 851 2386 117 43 2404 2048 1488 2725 420 2498 2197 1766 2562 236 1797 148 1426 2230 1015 1703 1560 1738 106 45 744 973 270 1525 1397 1922 732 2688 2591 1504 2425 171 1916 1288 2612
000097.jpg,18 1842 70 1834 2 2663 951 2777 1125 601 1753 2077 2818 2478 2772 1759 2510 2015 2757 1252 431 2622 1557 315 2561 1390 1035 1165 2315 2302 1075 1747 1460 2702 369 767 277 1989 211 2686 2532 889 2685 1839 1938 1418 522 1980 2653 1443 1833 191 1905 578 1767 2276 2314 202 250 1114 2667 2624 1391 2323 1869 684 1845 886 2121 2509 1902 1686 1413 2728 2240 9 2601 1012 136 2149 1357 1711 1186 67 2671 1511 1817 502 1055 707 2409 2161 103 931 1406 126 1975 2746 597 2294
000098.jpg,188 1656 2790 611 987 1926 2528 1319 2817 85 943 556 1386 1407 1102 1644 817 1934 547 221 1405 2270 312 2300 2082 2832 1624 2411 635 1796 2501 860 4 26 1489 2454 1993 2044 1617 1417 1701 1788 2045 463 712 2755 2034 2721 1552 1422 2769 1369 2538 1545 1381 2397 1782 1983 2544 1658 626 1569 169 2358 348 1710 715 2076 2574 1870 1092 1316 2375 1428 1328 100 2241 1848 900 562 48 2545 2023 2836 1045 550 947 659 1146 1208 2419 1752 1046 2564 622 1444 197 518 925 1663
000099.jpg,352 2524 2444 2738 961 2226 46 1059 1539 273 600 2100 1349 414 1242 2340 1 557 2372 892 1837 741 2246 317 147 1540 2138 685 2460 879 1366 223 1618 2223 651 2104 1069 2635 1607 1215 1520 342 166 405 1572 2758 2781 1629 1338 1341 2811 307 2633 2363 1988 591 2131 2255 1025 2466 913 551 2595 1698 2614 2269 665 527 2208 2607 1622 1964 969 2727 1660 2801 237 195 616 1812 1615 1816 537 1060 2717 234 2835 1684 795 2385 2517 1181 1815 1587 1862 2431 2473 1524 2273 1514
000100.jpg,79 2305 1067 2294 1055 2135 1944 2766 1076 140 2068 686 2741 137 1868 1547 899 1212 1452 2825 1606 2511 725 1935 2728 116 2580 97 1463 2842 165 2665 2598 722 2286 2558 2436 246 2041 1134 2207 447 1126 1464 204 1056 2813 804 329 1825 2736 1940 1874 2319 2435 1777 2382 2248 1937 692 12 494 1130 442 2292 1980 2057 1223 2719 70 2708 1899 2685 2772 362 1753 1185 2291 1841 995 2506 1125 1986 1711 2757 1962 2077 2777 350 1639 18 1075 67 2378 2315 1120 1842 2599 1759 379
000101.jpg,495 1543 1021 561 1003 2052 552 2764 1917 412 1955 2228 1010 771 1156 120 1109 1532 2698 2674 1314 238 1376 2789 2265 2681 734 877 2177 216 602 1111 449 2565 699 1302 49 963 2592 1273 972 2306 2237 1332 316 1991 131 2594 2105 847 872 1135 2193 1781 2017 2316 1117 1182 296 2527 1339 1827 1612 1650 968 27 1843 1335 1164 2144 740 2819 1741 772 890 152 408 553 1961 587 2279 68 458 1852 2479 643 1941 507 1168 239 1932 721 2557 162 1356 1299 1099 1708 503 1505
000102.jpg,254 3 765 2336 825 1642 1985 2490 1246 2405 2434 2170 929 652 14 779 1574 282 2247 2324 1136 66 7 2493 2157 2536 2019 873 2802 91 1403 549 2260 1869 102 908 2660 1271 247 967 522 2559 2793 1719 2487 1370 1915 2235 1538 1804 993 604 2696 2658 1554 2757 2621 151 432 1943 2296 2209 2699 1442 2426 212 1347 1759 1905 1670 347 2036 2204 2489 1850 404 1334 1577 1959 1325 1203 378 662 2542 1614 2064 1165 2325 921 2586 1958 1105 513 1346 1936 2362 1751 1601 1535 2685
000103.jpg,2797 352 299 2092 2139 2484 2269 891 2844 2833 1982 846 2371 2455 667 428 264 1539 2412 573 2576 1815 1338 2486 262 2811 888 837 1 2431 1925 600 2063 17 2223 1622 2100 741 317 1009 234 403 1520 1660 1291 1735 2338 2633 1571 642 267 2403 2255 1349 1549 2776 1698 2607 1071 2524 1572 1242 1615 1122 1589 1814 1159 2635 195 1509 2385 2399 1619 1238 2094 879 472 2717 2273 90 1994 1824 1607 1366 1816 1863 2731 913 814 1540 273 2473 223 1530 160 1059 1803 1078 892 2189
000104.jpg,2265 1955 2789 2597 1003 2105 1314 877 2812 2199 2237 1135 2177 872 2594 1873 1156 2191 1332 890 552 1302 1378 1099 159 326 1974 740 1543 324 553 2610 2715 2681 1062 2306 580 412 1317 2232 1111 1972 721 602 495 31 1813 1885 1500 456 449 129 1022 1923 1281 2061 2770 2819 2765 561 1395 1465 849 1932 2527 2402 1097 2316 587 501 2244 1921 507 1568 2565 1303 771 1376 840 805 2137 1941 1021 2285 235 131 780 1991 1010 1293 1650 822 2193 628 1220 467 2774 1781 1441 799
000105.jpg,1019 2022 1333 149 1712 1434 63 1298 954 182 1760 1685 2408 213 2737 1087 24 2615 1004 1483 2143 1631 2112 2566 940 310 1343 291 520 1448 232 783 75 1265 2638 2149 2656 1945 2354 2072 198 1999 426 949 1269 634 376 898 1535 2016 2413 1103 707 2430 2497 19 1597 2827 1529 2295 1749 695 1213 2036 2390 1558 1365 1867 832 558 2542 540 1733 574 1478 1722 1743 424 1207 658 135 132 1839 2757 1849 2744 1228 1176 184 1785 1334 2441 2024 1223 1847 431 1874 589 2066 727
000106.jpg,39 1836 2281 1116 1713 1357 1714 832 291 1224 1601 2288 751 2700 683 2437 44 2036 2497 1529 1672 198 1535 1914 2000 60 1482 1120 1693 2149 1980 1180 2656 379 75 1990 1561 1442 2785 2518 824 1943 1751 2390 2 1838 1593 1325 845 564 2202 1443 792 376 739 1147 2235 2542 1869 1176 1073 2685 1334 2663 1767 2016 2547 1036 404 2506 91 862 1178 940 1732 1165 2653 1113 2190 1986 1620 907 2294 1469 1511 926 2483 191 206 1743 1343 549 983 441 1379 2359 2695 1559 1526 2161
000107.jpg,1815 2092 352 2484 837 2412 2139 1009 299 600 234 2223 2833 2100 2844 2269 264 2455 1338 2635 2576 1572 1622 2371 223 2338 317 741 2811 1615 2797 2063 1698 1660 1 2486 1071 846 1159 403 1571 1982 2717 428 1994 667 2633 262 1925 891 913 2273 888 2607 1549 1349 892 1540 2185 46 1824 2255 1618 1520 573 1291 195 2253 642 2481 2399 17 1409 267 2776 414 1619 1735 2431 1539 2834 2215 1816 2403 1607 814 879 1238 1366 1694 1025 1411 2385 1095 349 2372 2158 472 1589 2138
000108.jpg,228 1792 57 1930 2659 857 133 1350 1861 1887 801 2590 1457 2356 2174 1551 2332 2327 263 2418 1575 2039 656 1947 1877 1724 704 2206 1758 210 548 885 493 1234 2581 82 170 2739 242 77 1580 1377 2703 2123 1348 2672 2321 1191 1229 1043 1664 1776 514 2374 2229 1345 1375 287 884 2662 280 1542 2694 2198 797 1675 366 746 570 2004 438 2461 2456 421 1193 158 1859 2548 756 1665 1034 1432 798 1030 720 1576 1086 2125 1522 706 2127 934 1292 2330 842 1358 976 294 793 880
000109.jpg,2755 1584 2045 2023 258 860 1796 2034 2046 747 1701 715 2545 259 100 1586 1656 992 1569 497 1029 2482 1489 85 547 26 1788 2721 1545 1362 4 48 1993 987 1897 1417 2628 1386 770 2735 2272 2454 312 2538 1710 1782 161 169 2790 2241 550 943 64 622 817 463 1381 2564 1051 1552 1848 440 1261 2528 2836 1407 556 433 906 2082 1320 1617 2544 1926 518 2769 1405 1146 1490 2832 74 2270 1624 2287 2817 1658 1319 1092 1544 611 2439 155 1934 2289 1190 1416 305 2650 2389 1388
000110.jpg,1325 1442 1526 2516 1511 821 1968 2102 1020 1966 1850 1138 1969 112 1731 2830 2243 1634 1992 1581 2746 1068 811 2680 2087 435 717 406 610 2560 678 1424 730 2519 855 1936 2290 1142 800 410 1379 1311 1040 1309 2763 605 1779 2145 365 881 2299 2251 1871 2492 94 338 2196 1385 2364 774 593 2788 1094 773 2005 870 1573 1498 1670 535 2377 392 1110 544 2417 1783 1007 248 1243 742 253 336 288 1466 2549 1913 1005 2151 1174 1131 1527 1165 2730 2697 257 191 2006 648 2302 2341
000111.jpg,2281 751 39 1357 2288 2497 2036 1180 198 1836 564 926 1818 379 75 469 2495 1116 824 549 940 1693 1713 541 1014 1943 1714 1601 1538 187 2542 206 1986 1593 1950 683 1459 32 1919 1482 83 2239 1856 1996 2547 230 1197 2656 1940 1751 920 2699 1476 2149 55 95 1004 1343 2202 2641 397 993 1748 1743 60 1914 2033 728 845 1304 441 2176 739 725 465 343 1535 596 2073 2653 2112 777 2080 917 88 832 1825 2114 2441 576 862 2603 1176 310 2294 2493 736 2324 1985 2204
000112.jpg,364 2040 101 436 2644 251 1900 395 2504 215 2759 572 2381 374 989 1427 1230 737 962 2323 529 803 1798 1394 545 1361 1106 1306 1559 1951 2546 766 2238 2579 1451 581 1115 1683 898 1389 2000 589 328 727 485 1801 341 1175 1883 2178 1137 789 646 614 1257 2540 2784 304 714 2113 2114 1693 2242 1353 2066 658 1558 2277 2561 1207 240 1035 2149 1839 2054 1213 1786 2409 293 1898 2787 2656 1166 1231 1300 1971 70 39 1357 1928 1091 1759 1753 1087 1390 2077 2757 2622 2072 2829
000113.jpg,650 2666 1916 2346 2810 475 2043 2171 1723 1891 420 375 2494 2768 750 1922 285 334 372 1817 820 1397 2816 2841 1537 1711 2502 1882 1605 306 136 1221 2014 939 2829 2620 177 148 39 1559 1515 2561 1570 2726 546 1106 1035 531 510 2152 6 1426 482 980 1433 865 1326 2323 2128 1582 953 2122 807 922 1902 582 1502 944 1462 425 1541 1603 2599 2677 521 2762 2077 1080 1931 2772 915 473 581 70 411 1839 2359 2291 2779 1905 1654 737 1884 2124 2040 163 431 2261 2671 938
000114.jpg,2331 908 355 1419 1002 1105 1331 392 1614 301 2417 94 2204 490 1396 2196 1006 2394 416 1946 855 2718 984 243 2452 2519 1370 549 2660 1673 774 2696 2453 1094 7 1040 604 678 2492 966 2560 2005 1554 1142 2843 1850 1247 2087 871 605 2458 1936 1036 632 153 206 58 1271 2697 1020 1309 717 253 519 2243 535 1174 1131 813 1495 2573 1676 1152 937 2357 318 1527 1978 1200 749 874 924 773 2251 610 2257 2830 1565 1119 666 448 1705 1778 1347 2600 1966 343 1595 435 1581
000115.jpg,1683 2323 1230 395 2644 658 2277 374 589 727 545 898 1361 1801 1839 529 251 1087 783 2540 2242 2504 1334 1207 1898 1558 2759 1561 2072 1427 1451 1798 1213 803 2040 714 1306 581 1137 2381 737 1394 572 1389 2113 1333 485 240 789 101 2579 341 1900 614 2546 949 1175 2066 328 853 304 1928 1728 962 364 1228 2022 2149 766 2784 1951 407 1035 617 2178 2737 1631 2238 2656 110 436 2114 60 1166 2542 1693 1559 2409 757 2400 1173 1674 2000 1257 1971 1883 1115 1074 1353 1106
000116.jpg,576 1743 63 1749 2542 2547 291 1631 1689 1019 1535 2323 596 824 1300 2112 2737 1343 1561 1593 240 940 2656 1004 95 954 2149 1434 1483 2016 2277 1334 1801 182 376 149 1836 310 1712 1760 832 1333 198 2497 540 1298 1469 75 1197 2242 1087 634 1304 1685 1693 1035 16 853 2579 898 2036 1176 1447 407 2022 2430 44 2784 789 1103 39 614 1312 967 2281 739 465 983 1839 1558 2827 1217 2546 251 1597 1265 1672 783 2700 737 2441 2409 714 1999 1804 483 1683 949 1928 1113
000117.jpg,2556 1316 1496 1948 1752 2272 1416 1096 2352 2713 2289 2545 433 2034 950 2628 769 2433 1965 674 2790 1102 1926 1656 2300 221 2650 1636 563 943 1051 817 860 497 2367 100 2840 2826 900 1710 1453 547 2652 2836 1782 1624 161 2815 64 1437 1569 1796 445 1381 194 2817 1261 1658 1586 168 1486 312 1319 1649 197 1640 1860 2528 1840 1407 2419 1307 1584 1901 231 1218 1489 2721 1545 59 2241 2046 978 2375 2767 48 201 1417 2309 1644 1701 1490 2832 155 987 440 1878 559 169 51
000118.jpg,909 2260 2508 924 1471 42 2725 2448 953 2442 490 1474 1487 1889 1596 1802 43 2188 971 325 745 2168 335 956 1744 2591 1477 516 592 1426 466 2331 1671 1880 2366 8 2197 2498 644 2464 2169 1960 829 796 540 669 2562 2230 1866 2278 762 729 632 498 957 1651 40 1482 1066 153 690 387 1907 1797 865 1113 148 2726 1621 1173 585 2535 1006 2080 2162 2573 2196 752 1318 473 986 15 2351 2798 1488 1602 1222 2410 1536 300 2261 2823 1661 1804 448 1347 1452 1400 1757 856
000119.jpg,2294 1055 1944 725 2728 2598 2436 1076 1868 1940 2207 2305 1874 140 2741 1452 1067 329 804 2558 1825 165 2766 686 494 12 137 2135 79 2286 2068 1986 2813 1223 1547 2382 1464 1212 627 1606 1937 1056 2719 2057 2580 1869 1406 2319 1075 2842 2825 67 2121 2291 1130 97 116 1012 1876 2248 2036 2350 1601 1777 202 447 2685 2665 692 1905 2511 2 2292 379 2506 2001 1980 1473 1001 136 722 1817 2757 899 2599 647 1390 2490 249 1557 1165 2663 1126 2393 2435 1759 1820 1721 2362 204
000120.jpg,285 1221 650 922 2666 475 2726 1882 546 6 2346 1916 690 1817 1570 37 2677 1891 281 1537 2171 459 1744 2162 1723 582 915 136 1188 2620 2571 1711 420 40 20 1080 510 938 1397 70 2043 2362 669 372 851 629 759 1456 1502 1603 2194 1922 1536 2810 661 275 379 2643 1763 2203 476 807 1232 2561 1515 423 820 1082 2779 1488 1412 980 117 1884 177 2400 1173 1753 1150 1697 167 2691 375 1308 411 944 1184 327 454 1501 1426 482 2502 5 2132 1462 956 2542 1284 2000
000121.jpg,2185 1411 2584 1684 1694 879 2529 557 1619 1129 1925 2298 143 2460 1776 2385 2844 1982 795 1360 2616 1446 2363 2727 2468 2517 1863 741 2139 2481 1440 2269 665 1549 1112 1294 2484 386 1630 2399 2412 299 1520 600 352 1191 46 2092 1278 1514 2371 814 2189 787 1295 1366 414 1542 718 2801 2524 2431 2063 551 969 1445 267 1196 2455 667 1291 1947 837 1350 1480 720 264 1 1814 1816 1043 2321 1122 262 2607 2833 1589 2659 1837 1807 801 2100 228 1324 2246 2739 287 797 1238 2590
000122.jpg,79 2068 1067 1868 2305 1998 140 1076 508 2257 2665 2294 1396 1452 1464 722 813 686 1777 2696 1370 521 2598 350 790 1962 217 2511 1547 692 2286 447 619 2037 1935 1554 1711 1463 2625 2813 2440 1944 491 1408 1874 974 2041 1305 329 2292 1185 1105 2382 2708 2436 2741 1937 1892 2308 1927 2445 1330 2599 994 2569 2766 526 2617 1052 116 1614 2207 2825 2762 246 1673 1055 2719 1088 419 355 278 2248 1126 1592 1606 2736 97 2057 2427 864 2162 442 2161 165 2438 804 1677 2772 243
000123.jpg,1727 777 2422 1996 1178 230 2555 2277 1093 1801 1228 34 1914 926 2317 2523 761 1353 1734 465 2785 581 1785 1476 2426 2281 2546 1224 2254 576 1180 564 1517 407 824 1898 2202 47 2180 2190 2233 1091 2114 2733 2192 2684 462 2242 1087 1028 1300 2579 1161 1990 1115 2802 88 2745 2360 1382 457 341 2495 1176 499 1838 789 834 328 2159 63 2752 2547 2166 2550 1818 1693 2106 2066 1856 1410 1116 924 1690 483 1019 32 39 1513 2234 737 132 2525 1277 1389 1847 1507 1482 240 736
000124.jpg,1453 1490 2433 100 1569 2650 2309 2289 2713 1901 64 48 2376 2034 2721 1640 2545 715 1860 2272 2556 260 201 659 563 2826 562 1416 439 168 645 305 1948 1496 231 1486 51 2352 2241 1096 445 900 1316 1840 155 1796 2419 440 784 1381 1782 1617 2628 559 1307 433 2130 712 1148 2454 497 860 2769 348 1051 1848 769 1701 1489 1663 1045 2836 2046 161 169 1878 1552 547 2840 2652 1586 1658 747 1710 1417 2088 1437 978 26 1544 674 2815 2439 735 1636 1123 1328 2011 1218 1444
000125.jpg,855 1040 2417 678 1020 2830 605 2005 774 2196 1142 1311 610 435 2519 2843 1068 2560 749 1424 2243 1968 1309 1966 1527 717 2251 1094 2087 1936 2492 1174 535 2299 2377 2290 2697 1581 94 2746 1442 593 1131 1634 1946 1379 821 673 434 2364 2788 1992 365 1850 1005 392 800 1731 253 112 1325 257 1243 1913 2730 544 2680 1573 2549 2095 410 937 1419 336 1498 1138 1794 301 2151 881 1614 519 2102 1871 1526 2006 1110 870 2341 1079 248 487 811 1105 1783 1511 773 416 288 1705
000126.jpg,2666 650 2171 2810 2043 2261 2346 1723 1891 2643 1227 1916 1260 285 807 1882 2816 956 759 1153 411 1188 476 2194 506 475 6 1844 820 1858 1761 1797 388 2841 661 620 163 2726 829 922 420 372 1221 1397 148 375 669 2162 473 2768 1702 510 1286 42 115 1637 1744 2230 1515 334 582 1995 750 1541 335 2620 37 2571 2591 953 924 546 1889 1061 2351 1603 2168 1922 102 609 1931 2476 468 1471 2166 2526 1766 2457 541 1919 181 466 2521 2160 2169 5 2425 2079 379 910
000127.jpg,352 1349 1618 1539 573 879 557 1409 2372 2253 1 1698 2223 2481 1619 1540 1994 2635 961 2738 1520 600 2431 2269 2399 1571 2338 1446 1421 1242 2255 317 685 17 665 2412 1828 1095 1815 577 1684 1816 2100 1925 2460 195 2138 1059 2266 2524 2339 1338 1939 273 1572 1060 1837 1607 1025 1615 846 2811 741 2727 1071 892 642 2607 405 2801 307 2340 1294 223 46 1660 616 2709 166 2226 527 1366 1258 385 837 1129 651 2835 814 2648 511 2189 234 267 2633 414 1360 147 160 2486
000128.jpg,2609 1634 535 843 410 1894 257 648 538 742 1138 1731 2196 717 1142 2843 1800 1516 811 288 2697 446 678 605 1040 1871 1645 1913 2763 2519 1309 2680 2087 1966 2417 1573 773 2005 94 1174 2006 2830 1110 774 610 2492 435 2788 1850 2299 1094 800 870 2102 2190 1743 1992 937 1020 1968 1424 983 1527 336 2277 2251 749 2560 1581 1007 2093 253 1419 1176 1454 365 248 2243 1455 1498 1936 2224 1311 2239 2786 821 392 2341 1466 95 2095 2377 920 310 1079 1942 2613 271 1379 2555
000129.jpg,1874 2294 1944 2057 2435 494 165 2766 1055 2728 725 2135 137 2291 2558 647 2825 1899 1212 1223 447 2813 2207 1606 2741 1126 2639 116 2683 1940 329 804 146 1937 899 2736 1130 2382 692 1076 2292 2708 1825 2506 2842 1452 2580 140 204 2286 491 1463 686 574 2569 2436 2319 1185 2719 1056 1841 442 1592 482 2248 1868 1547 1777 2526 1931 948 2393 1935 362 1464 2305 2220 1986 97 2438 2041 1067 1601 2036 657 939 682 1639 790 2511 2598 1134 1962 1075 2068 2258 246 995 1433 1876
000130.jpg,2185 1411 2584 2529 1129 1694 1684 143 557 386 1446 1440 2298 718 879 2616 2517 1294 2801 665 795 1925 2460 1619 1445 2844 741 2481 1776 1360 1514 2363 787 810 2385 1366 1112 2189 2139 2100 600 2727 2269 2468 414 2271 1278 1480 1630 1549 352 1982 2412 2484 1947 1863 1520 1814 2524 1215 299 1295 1816 1698 2607 527 1291 837 801 1807 2208 814 1571 1837 551 2223 1 2187 1324 267 1196 264 969 1242 1238 1589 46 263 2246 651 2431 2399 1432 2659 2213 1812 2063 317 30 1542
000131.jpg,1753 70 1125 2772 2777 18 2077 1842 1834 2757 1759 2478 2510 431 601 2622 2 2663 951 1252 1390 2015 315 2561 1557 2818 1035 1165 1839 2302 2315 767 2702 277 191 2323 522 1075 502 2161 990 426 297 2685 688 2601 1235 369 103 1597 1980 1460 2143 2624 24 1938 1845 684 889 2686 1443 1418 1391 898 1413 2149 634 967 2314 1186 211 2471 2242 1747 1767 2532 1558 1334 578 2276 1711 1333 1323 2024 1989 2656 2728 1975 707 250 2121 1833 1817 1132 536 1849 121 2542 136 714
000132.jpg,1055 2294 2728 725 1944 2558 2766 2741 165 137 494 1212 2319 1874 2135 2057 67 1606 2291 2719 2436 2583 2207 447 2825 2598 1899 2580 899 2286 146 1825 647 1452 140 1223 2292 692 2435 686 2350 1076 1067 1001 1868 2121 627 1130 804 116 2509 1075 97 1940 2305 1126 1810 2639 2683 1463 1869 574 1777 1935 2813 2736 2506 2748 2041 2842 202 1390 329 1185 1557 2708 876 1905 1601 379 2248 2036 1937 1406 2382 1134 948 79 2149 751 1959 2757 1120 790 2622 1639 2475 1962 482 2656
000133.jpg,401 453 2055 2163 1023 141 1628 1145 816 2679 1047 2747 2098 1903 612 2274 1688 1404 1808 1085 2122 981 1233 760 437 380 1784 177 731 694 2469 1599 99 1717 2126 1160 823 2829 461 208 1100 2577 569 174 1872 1155 1089 73 156 536 164 1510 595 2074 2587 2090 193 1132 399 988 121 1588 1976 2775 1436 2722 2636 172 2218 1163 1241 2024 2655 2009 2793 2143 24 1268 426 1415 2640 460 213 7 680 975 707 1271 222 2077 2808 2757 1418 1719 1266 184 70 855 967 1753
000134.jpg,2059 840 467 1062 129 1813 2429 324 484 1923 534 822 1039 2765 2137 1378 1568 1662 389 1022 1932 501 2232 464 1275 1789 2301 1475 1024 1655 927 1011 1929 758 2715 1706 2236 2687 2285 806 580 31 1050 2244 2407 1730 1831 452 1465 1503 268 780 131 2634 2142 1843 108 159 456 295 1037 418 1008 1481 653 628 314 2565 788 89 1967 2611 2531 2053 786 1124 390 2632 1317 1097 52 326 1875 525 838 1281 721 363 471 2505 2465 2091 1787 504 1293 1282 936 53 402 1018
000135.jpg,2509 1075 1810 202 67 899 1212 1874 1055 725 2558 2728 137 165 2813 1606 1944 2294 2135 2435 1406 1001 2121 2583 627 1937 1012 1986 2350 2057 1130 2766 249 2382 2741 2708 2207 1689 2842 494 2825 2757 2248 116 1601 647 1940 1223 1557 379 2036 948 692 2719 800 2292 1126 1759 1722 2736 2622 424 1899 1076 2291 541 1825 1850 1592 1464 1841 2683 2319 338 2295 1390 447 24 491 2390 2809 2073 2224 1448 2143 1088 362 2639 97 19 2566 2320 2393 2239 2569 538 1463 404 204 2430
000136.jpg,2342 836 2645 2156 1933 1321 897 2201 1638 2750 1736 755 2071 2096 1790 2450 1098 935 2432 222 2627 1709 396 1436 1806 2261 1145 1504 141 1987 2512 2446 2098 595 1260 461 2218 2587 476 2362 1719 42 967 208 816 2256 2264 2122 1717 1305 2355 1023 1906 1808 2060 661 1858 1044 1804 2194 177 1052 612 1153 189 757 2829 281 96 1047 167 2571 1227 565 1903 1728 20 1085 2808 983 2216 1217 809 1976 2318 1510 1015 669 2277 2679 506 850 2335 156 1637 2274 754 300 2055 834
000137.jpg,961 1607 1341 1828 385 616 2431 1698 2266 1812 600 1660 157 591 1618 2223 405 2758 2138 2835 2385 879 1619 1409 2100 2607 573 1571 2738 2372 527 2253 2675 2338 1994 195 1421 814 1724 912 414 2399 1129 1988 2635 1925 665 1863 317 1338 166 2063 1069 2633 267 2205 2131 716 2340 124 867 1622 1101 846 1803 1095 1025 1 1264 1564 2771 17 1816 223 642 237 2460 46 1837 557 1480 2820 2327 570 1291 1982 352 226 667 2709 2412 2614 2783 2692 2486 1652 127 2801 2481 1491
000138.jpg,546 582 2194 1221 732 2261 620 807 1702 2643 1260 759 1536 2476 1797 6 1083 285 476 661 2425 181 1318 1858 1882 1227 669 636 468 396 2705 1761 2627 1153 236 2760 2807 2313 2823 2278 1768 482 2571 481 42 2761 2608 2831 1315 1603 1570 829 1283 300 1188 353 640 2079 2359 2030 1987 1995 1560 1251 1364 2688 2720 2118 2474 1286 229 1456 2089 281 650 776 762 644 115 2666 1057 2678 2526 2168 1199 815 1502 387 1108 2386 2498 2162 98 980 2188 2197 506 1223 1433 40
000139.jpg,832 2542 1535 310 1743 1434 1176 1561 2016 291 2656 132 2149 1693 2242 2827 2112 617 940 1004 1334 954 983 2441 63 1298 1795 1343 1713 1593 1760 1714 1685 1116 182 2190 1836 1672 1019 1257 1346 2129 2700 1785 1103 2737 75 683 1971 2202 1712 1333 1087 1999 695 149 751 499 777 739 39 803 1856 1357 95 91 2235 1847 540 2036 407 949 1513 2497 1601 2785 737 1631 2281 824 2547 596 2745 1091 576 1459 465 1689 76 1197 198 379 2430 1748 1224 404 1749 1476 1161 1914
000140.jpg,234 1520 879 2399 1 913 1572 352 2844 557 1025 837 1925 1619 1776 2092 2727 2431 2139 1238 1291 1660 1366 2215 267 2607 2484 2633 2385 1982 1816 1815 46 1009 2371 2063 1684 741 551 1539 2412 2269 342 1480 2185 1863 2460 1814 1622 814 226 264 2455 1349 720 2797 2100 600 2524 17 349 1129 573 667 1994 1159 1589 2635 2223 2298 1122 1196 1421 2834 299 385 846 1698 1191 2529 1411 2833 1373 1409 1571 2273 797 2731 1615 1338 2253 262 1095 891 2541 414 317 2771 1735 969
000141.jpg,849 2819 2500 587 2181 2119 458 2283 1896 2479 505 313 2552 175 238 523 2099 1111 1563 152 330 28 2370 2689 1827 2681 2193 2365 1532 2674 354 1314 2716 2052 2534 1117 734 2177 81 705 2191 1003 1680 1741 2592 2144 1708 2527 1955 602 2764 2597 1335 653 2250 2322 120 553 68 1543 711 207 92 1109 1376 2265 1465 847 780 1339 1022 1746 534 503 1655 1481 972 552 2244 2429 968 61 2237 2142 1164 963 1662 418 1021 1813 2698 1010 408 1917 296 1378 927 1932 216 1156
000142.jpg,1944 2207 1056 1899 2435 2294 137 2825 2728 2558 1055 804 2766 2842 1874 2580 725 2813 2135 899 146 1937 1212 2248 2057 1825 1076 447 1592 2438 494 329 2286 2708 2569 1606 204 2382 2291 948 686 1452 682 1223 165 647 491 1464 1841 1868 140 1067 2741 1639 1547 1185 574 2393 1134 362 1463 116 1931 2639 1777 1940 2068 657 2305 2683 2036 79 2511 246 2258 2526 1935 2736 2719 2022 1333 2436 1126 2326 2292 677 692 1986 379 2073 97 920 995 2220 2239 541 2509 1651 1711 482
000143.jpg,712 2454 26 1489 2241 947 260 1328 1369 1444 1417 1045 1381 2826 1679 900 1663 1870 1782 860 925 1623 348 169 2769 1617 2836 2714 1054 1544 562 1993 2628 1658 563 2707 1640 51 2050 1218 2649 1422 2837 1710 305 2439 2130 943 735 2034 550 1405 1437 1649 2840 480 1486 2538 1552 1948 179 2832 2721 1569 1261 2713 445 2650 1796 559 2011 463 1416 312 2397 1701 64 1878 100 1307 715 2790 1051 1208 85 1983 2289 221 1656 197 188 2419 2352 439 2545 2767 2076 2544 2817 2424
000144.jpg,2210 2520 1329 2839 865 285 640 2666 2261 2671 2346 196 1042 650 910 2335 2366 1916 1038 353 1272 2795 1515 1436 1744 669 2421 476 776 2808 2571 1723 1819 2391 2162 432 2828 2324 372 2570 571 672 1910 1374 574 1891 1711 1864 1768 1221 2810 70 98 375 2291 2169 1065 1266 13 1952 2334 820 306 2561 1333 1793 1426 2001 40 729 2014 2602 933 2090 646 2083 1537 2726 6 1223 2054 466 2362 2757 1817 198 1882 475 1227 2462 370 136 661 42 193 1754 2841 828 2218 2772
000145.jpg,515 1367 2459 1239 2488 9 1154 930 1851 2379 1179 492 2778 1368 841 2491 1354 1579 639 923 952 2462 945 2334 566 579 1920 2647 311 2026 1210 1651 1657 1351 2729 1977 1769 919 812 1531 114 2328 615 2165 781 1770 2349 2304 928 1063 748 118 512 2252 35 25 2682 875 2723 975 1578 887 522 247 1819 914 2582 916 2793 2792 982 1344 1864 303 206 1493 2824 896 1791 190 528 2097 2559 1470 1583 343 1211 1577 549 2225 1534 1157 2154 763 1152 2416 1566 1772 862 819
000146.jpg,2556 1316 1496 2713 201 1860 2272 2289 1453 2628 2650 2241 2352 1490 439 64 645 1381 1948 1416 1422 1901 1569 747 1051 2721 48 1617 1640 1782 2034 1444 2433 1649 2545 1218 2011 562 1840 161 563 2836 1636 1658 194 100 2815 1752 947 433 51 715 1261 1993 1796 2454 1544 2826 2309 1663 1328 2376 440 260 2088 550 518 1054 497 659 155 2375 197 1679 1656 1584 1623 2707 445 59 1096 169 1045 860 2755 769 1586 2439 2767 305 1965 2817 1710 712 2538 950 735 231 2769 2046
000147.jpg,133 1947 57 548 1792 1861 2659 228 1758 493 1887 857 1930 2672 2174 1551 2356 2206 801 2703 170 2581 2418 2004 2332 2039 263 797 1877 1457 2590 1724 656 1350 1575 2184 2123 2198 1776 1580 242 2374 366 2327 1345 2739 557 82 514 1664 280 1542 2321 746 704 1234 1675 1348 885 1193 884 287 210 1196 1191 1377 2189 158 1522 570 756 1034 2662 2456 1494 2461 2460 77 438 842 1043 2229 2431 879 2127 2548 1421 1432 1358 1229 720 976 2363 2694 1765 1392 663 1859 2187 470
000148.jpg,1624 1926 1545 2300 2790 1407 2082 547 2270 2528 2832 1102 2501 312 1656 556 59 1934 1644 2817 221 2411 817 1386 4 943 2389 987 85 626 2044 188 1752 1405 860 611 2367 1319 1146 2045 1316 635 169 1496 2707 2556 1737 1701 1710 1993 1417 1489 2837 2721 1202 2241 2272 2767 2454 2289 1584 1796 950 562 2023 947 1444 550 1414 1453 1422 2631 715 305 1663 2714 2034 1328 1569 1617 2840 1623 1649 2515 2545 2713 1381 2011 283 1799 2130 100 1544 433 2439 440 2755 1788 48 1416
000149.jpg,2755 2046 85 259 860 1362 715 992 987 1993 1586 497 1656 1796 2034 1584 1701 2023 1897 547 100 550 1569 2721 1029 556 1386 2631 48 1788 4 463 2545 2735 2538 2045 1552 1489 2628 518 2270 2082 1051 1545 1319 1261 312 1617 943 2241 611 2769 2790 2011 1417 188 1096 2817 1948 817 747 622 562 26 64 2482 2076 1416 169 305 2544 1146 1848 1202 2832 1405 1544 2564 2454 1381 51 2650 1624 258 1926 1710 433 440 906 155 197 1422 1190 2272 439 1782 2515 74 2840 2389
000150.jpg,2171 2810 2666 2043 2816 650 2346 1916 1891 2643 411 475 2841 759 807 1723 1188 6 1153 1702 1603 1260 1953 148 2261 620 510 285 420 922 820 582 2502 1227 1397 1605 1882 375 1139 2768 334 1150 1797 181 40 2162 732 1515 1541 473 2726 1083 750 1696 1711 546 1761 1074 476 2521 1889 1502 335 468 1488 956 1738 2152 2779 2230 594 1221 1173 1931 196 1326 1995 2278 609 2194 1817 1744 214 37 1858 1768 22 2274 1232 995 42 1471 2107 2567 2378 2291 1214 2179 2762 661
000151.jpg,1562 2108 340 429 292 2423 302 802 554 2786 176 1890 2668 417 868 62 2217 2227 199 555 289 2384 2415 427 21 2029 681 2451 743 597 878 78 893 1418 1888 1256 2568 886 332 1398 361 2757 1553 142 901 1065 2743 1430 500 571 979 1686 841 1038 1393 2622 1390 1557 952 1759 2267 1769 1492 760 1399 1431 2380 432 2387 2078 1849 945 1033 377 1354 2578 1699 707 323 1579 1599 964 1521 828 2778 2491 1851 919 1578 2038 1793 1839 2323 114 1165 2723 2421 2117 1597 1952
000152.jpg,2171 2043 650 2666 2810 2816 2346 1916 475 1891 411 2841 1153 2643 1723 148 820 807 956 759 1188 510 1260 420 2261 750 334 1397 1953 1541 285 1227 6 1882 2768 620 922 1488 2521 1603 953 1139 473 1738 1605 1502 1702 582 375 1922 2502 335 1703 1696 2726 1761 594 1487 42 1471 2620 1173 1711 938 732 1150 2203 2162 1221 40 1768 1537 1515 2230 924 181 2179 1817 2494 1797 1288 1995 2152 1083 2762 995 829 2378 468 1858 1074 1866 2779 521 1931 1326 1744 196 1889 2291
000153.jpg,879 892 1816 1572 46 1619 2460 1366 2834 557 234 1480 352 913 1925 223 2363 1615 511 1 1660 1421 2727 1291 600 2431 1539 2524 2158 2709 2607 2635 267 1009 349 1863 2372 2215 741 1994 1540 2633 2013 1349 961 1238 1982 2399 1095 1815 1520 2738 2783 969 1409 226 1698 1618 342 837 2253 2385 273 2844 2104 2139 385 2223 160 2412 2340 2138 551 307 317 573 2100 2484 912 2481 1684 1324 195 2269 1025 1078 2541 577 1530 2092 1939 264 667 2255 665 814 1446 1264 2820 166
000154.jpg,1230 572 2323 2644 1798 2040 2504 962 395 364 2759 436 737 2579 1900 374 1683 101 215 2242 545 2238 1801 529 251 766 2149 2277 1394 803 328 581 2656 1207 589 2381 1106 789 1558 989 1361 1693 1839 898 2000 1427 727 240 1559 1451 614 1035 2546 714 2497 2114 2784 39 1390 2757 1306 2622 1951 1389 198 1087 485 2561 1759 70 1357 2772 1231 1753 2409 1928 75 2178 658 2077 2478 1175 18 315 304 1728 341 1137 1115 1334 1125 60 2510 939 2540 1834 2526 1257 1333 1561
000155.jpg,1524 2709 2431 2548 1 1629 2444 934 1509 1295 226 2403 1059 2727 1375 2740 267 203 2063 857 2189 472 891 57 160 1345 2662 1030 2749 1043 2694 2127 287 158 1520 242 1292 307 2385 1291 2266 1432 1377 798 1078 1675 1421 1071 1238 262 1807 2710 154 573 2739 2581 127 1811 82 470 77 1861 2703 2399 2811 2339 793 880 2473 17 741 2198 1191 2269 888 2094 352 2327 1348 1877 685 2206 2223 385 1522 438 2371 2576 1607 1373 1930 1530 1863 1086 1129 1551 1457 2321 814 1698
000156.jpg,883 2196 416 749 937 1946 605 2843 2417 2697 1040 604 535 673 257 2005 1516 678 1871 434 855 2087 2331 593 585 2788 2299 1731 1577 774 1966 1800 1131 94 2251 58 1850 2492 1527 1094 2613 549 2519 1794 2462 971 916 1211 1676 1002 800 1110 1142 1645 2543 1913 2609 1157 1174 568 1063 190 1613 1311 909 1894 1936 1384 43 821 841 2377 2830 227 2108 1578 2660 1065 2243 1128 1268 2384 1686 610 2042 886 1651 607 2357 446 253 1138 2310 2334 1518 1266 1864 2491 1418 2006
000157.jpg,1795 832 1513 1847 1535 617 2542 1773 1161 2016 1971 1743 1672 1176 310 2129 1693 1785 954 91 1257 2242 1561 132 1593 983 1333 2235 2190 1353 1685 1760 465 63 2149 1836 1434 291 1713 777 2700 1019 1334 499 789 739 39 149 407 1786 2827 2656 2430 182 1228 1116 1087 1712 2022 1714 1298 940 2540 75 540 1004 1357 24 2202 1346 1883 695 240 2066 1224 2441 2785 737 1213 2493 1905 2143 2324 949 2112 2787 967 1166 95 1476 824 2422 1869 1410 634 198 1115 1838 2409 2021
000158.jpg,2567 1889 2502 22 2751 1471 2841 1171 957 96 924 189 1214 2060 214 2404 1738 1488 1605 2203 335 2216 1632 1927 2230 1891 2152 1602 419 2346 953 2348 510 844 2263 2666 2128 744 2816 2457 2591 2768 586 2521 609 167 509 473 1502 1703 1288 2508 2351 1032 475 443 2726 1953 650 1397 1515 306 1916 1232 1139 621 1866 2162 106 1198 1766 894 2678 1364 2179 2153 1326 300 117 2171 2361 2448 2554 2810 20 2572 1363 420 594 2705 851 1315 1616 1371 375 2725 37 1797 2401 1696
000159.jpg,1874 2728 1055 1944 2558 2294 725 2057 2766 2291 494 165 2207 447 2435 2741 2825 1223 692 2292 2813 1899 647 1126 137 1825 1606 2719 2319 1940 574 2736 2135 1212 1937 116 2580 2382 482 2506 2683 146 2639 2526 790 1130 804 899 1452 2708 329 1076 2436 1463 140 2248 204 1931 2220 491 1868 2036 442 1841 1185 1777 2286 2393 1056 948 1464 1592 2842 1986 2569 1962 2757 2305 97 1935 2598 1433 362 1075 1601 939 1067 2438 1639 995 2041 1759 686 379 202 682 1088 1547 2378 531
000160.jpg,837 2455 264 2484 2063 1887 1009 2092 1925 667 2371 1159 299 2356 656 2139 885 857 1815 2833 1350 2269 1542 2412 1982 2123 1191 263 1229 2332 1338 706 428 1776 2659 2739 2486 1619 891 1622 1457 403 2844 1122 1735 287 720 2039 2321 90 1551 2797 262 846 704 2811 801 1589 2607 2576 228 2189 2338 1930 1877 1660 573 741 600 2431 1 2403 1345 2633 317 1814 814 2100 2590 642 2206 17 2399 2255 2223 2776 2703 2273 267 2731 1994 2717 421 1291 1698 170 1071 1863 1509 888
000161.jpg,1305 2218 1436 222 1504 1145 2512 2071 141 2362 612 1023 1808 935 2342 1638 2747 1933 836 2096 2055 1688 2098 2274 2122 1806 1903 2446 2571 1150 2679 755 2829 177 1173 599 1736 1447 1052 816 1047 1790 1404 2642 2750 2645 1085 666 586 1163 1910 1155 1315 2452 701 1074 2168 1661 443 1469 2450 401 2779 453 1976 1090 2083 2156 850 938 595 1817 1711 2163 2260 1717 2587 2655 325 1100 1188 986 1203 2537 2325 2201 461 661 1162 136 2293 208 823 2355 1089 1308 1763 8 915 1006
000162.jpg,1571 1112 2189 195 1618 1684 1360 741 1446 1129 2100 600 1694 2223 2185 1698 2372 2584 1411 2727 1278 2738 665 616 1629 1837 124 1520 2616 1409 17 2253 1540 2208 1060 2481 642 1181 2801 1524 2131 1994 203 1071 1215 2255 573 1294 1 1095 352 2399 961 1812 1630 1622 2781 2635 1258 591 2486 685 846 307 2662 317 795 2269 527 1270 1201 46 2213 349 2205 2298 1349 2063 912 1514 2648 1776 41 1509 801 892 1564 1947 787 2444 1445 1059 2659 1101 2692 958 996 2338 810 2530
000163.jpg,1525 2623 1280 2263 1371 2572 1170 1205 2514 1198 1084 474 1380 1536 2678 1659 1113 2132 2791 905 1219 1750 1347 2293 2691 2303 1263 2203 1425 1973 327 946 1083 2141 2386 1661 1726 543 448 2030 2475 1820 212 2410 117 1251 941 1203 2443 762 1880 1318 2734 490 2209 2807 2448 1501 275 1911 281 1352 265 724 995 2677 300 636 1596 496 629 1960 84 2086 1482 2522 2247 1561 549 1693 2242 1180 2483 1226 1364 2222 96 2554 2562 1768 732 1066 1322 2324 2378 443 874 481 1006 1672
000164.jpg,557 879 2385 1982 1549 2844 1807 1295 1539 2431 991 2460 267 2524 2363 1925 1863 2139 2473 1291 1660 2269 1421 1238 2607 352 1480 299 888 2189 2633 1373 2206 1432 1366 428 1589 226 2581 1509 2771 1816 2412 1776 2403 2662 1619 2797 2776 1345 262 814 2576 2529 2801 2266 2004 2185 1196 1862 741 573 687 1338 2063 2484 1607 385 2138 1814 846 143 1828 46 1278 1947 2517 1 2738 2187 2327 2371 797 1358 2833 667 263 2094 2659 160 133 961 287 2092 1193 1129 2175 2709 1242 885
000165.jpg,957 2457 2725 2464 1515 2404 1889 509 2572 2448 2562 1797 1364 2168 1766 844 2522 2182 1880 621 2056 2678 45 609 2153 1251 2760 894 106 1927 1632 1596 96 1426 2128 2751 419 1280 236 498 2351 1696 5 1064 1960 744 171 1318 661 1371 2608 181 1536 2263 2278 466 2554 183 2401 2060 1032 22 1702 2571 1726 762 1336 2612 2476 2720 669 2048 388 592 2508 42 2705 2188 2503 690 1802 300 1525 2115 40 2124 2116 2014 1661 2141 636 2160 2591 1744 752 1602 1768 2230 620 2203
000166.jpg,2277 658 1558 898 1839 853 2072 1087 545 1801 1207 2323 1137 714 2644 589 1394 1333 727 1631 395 2022 251 614 529 2784 1213 1976 1389 2579 1230 461 1898 240 1035 1798 374 803 1427 2066 1361 2149 789 2546 2381 2113 1683 1306 2757 2504 2540 16 304 2478 431 962 426 1753 2622 2242 1228 2178 1557 572 1759 110 1597 1162 1175 1928 485 2759 1451 101 1390 2656 1334 60 328 737 364 70 44 2772 1125 1804 2040 198 2325 1074 1447 2775 63 2547 783 581 1593 1150 1173 315
000167.jpg,2609 2697 2196 1800 1516 1645 1913 288 2843 774 2006 1546 1731 2492 2417 1174 1094 1138 937 749 1936 1128 678 673 257 2005 593 2087 2251 538 1454 2519 2551 1966 66 535 1142 1794 446 1871 2243 2613 2219 843 2788 2299 410 914 1894 276 604 742 253 1850 2224 1634 1040 920 717 855 800 2379 1359 764 605 1577 2585 1211 434 2065 1493 190 2239 2140 2331 2357 1157 1419 1670 2341 1311 2364 1136 2097 2073 2284 1110 664 2559 1079 25 2793 2093 1968 2555 392 2310 32 811 2325
000168.jpg,2790 1624 312 4 1545 2528 1146 2832 1644 2501 1102 1407 1926 59 2411 1752 817 2817 943 1934 2389 1656 2082 987 2300 221 85 556 547 188 2270 626 2840 2044 2367 860 1405 1737 2375 1319 1202 1386 1029 611 2011 169 1422 433 283 463 2424 1489 1993 2454 1190 26 2515 1617 1701 445 266 1417 1316 197 1710 2069 2707 550 1444 2045 1799 1663 950 2837 1328 1782 1414 635 1870 947 1649 2289 1092 2130 2836 440 2241 134 1552 826 1544 2574 1983 1253 109 1796 2397 1381 2769 2477
000169.jpg,631 1301 2282 2064 2257 1518 1058 2696 530 1554 1384 2660 1290 813 2796 1742 446 2140 908 1673 337 1614 921 1370 1681 1331 451 2596 487 2049 1981 1604 1909 1105 660 1237 942 1978 243 1396 984 607 355 2085 360 2519 1705 966 2093 2357 1739 2087 1017 2243 662 542 2259 2392 1853 2492 774 710 678 2782 2600 1094 2006 800 1879 2458 1000 54 2005 1567 2543 394 2664 1850 1913 1142 1695 1906 2507 1893 1904 1613 1211 2081 1174 1936 682 2310 997 855 2438 1987 50 2196 541 2569
000170.jpg,841 1579 945 952 639 1354 1769 2778 1578 9 887 1920 919 748 2647 1179 930 1531 2491 1063 2328 114 1470 1583 819 1770 2682 1667 1977 2252 2723 118 998 2575 1585 1791 928 2459 311 515 1651 916 566 492 2729 1657 1154 1851 1367 567 227 2792 2488 923 2026 1210 875 1368 982 579 1819 2349 2379 2334 1864 1239 2462 2304 910 2097 2310 512 2065 1211 2803 2042 1528 1042 1970 382 2711 2757 1031 517 2559 1565 2108 2775 25 2225 1390 1352 1643 886 778 1287 460 1074 2618 69
000171.jpg,240 2784 483 328 2579 2547 1300 766 2277 1304 824 789 16 1749 2238 545 1353 95 60 1898 596 983 2504 1469 1743 2381 2190 1693 1447 1176 1801 737 576 2317 1996 407 1231 2249 1476 1394 2323 2644 44 251 761 1883 1728 132 1593 1683 2040 1230 2759 376 395 39 1483 529 2546 1900 2497 2178 101 1804 1427 310 834 2288 754 962 304 2281 2202 1312 1178 2335 2149 364 1727 581 2441 1091 341 1106 2242 436 75 374 757 198 1389 967 2656 2066 1093 572 2785 1361 695 2745
000172.jpg,645 2011 2836 1029 1782 440 1840 2650 1381 1649 2289 445 2628 51 1658 1993 197 2088 2840 2241 433 1617 155 2735 463 1544 550 319 169 769 2375 161 2439 1045 1422 1444 1640 735 1552 1679 1752 201 260 1328 2076 1416 1316 860 1663 64 2652 1948 2272 2556 2419 1054 1096 2707 947 2767 2454 134 1489 2826 518 563 2769 1860 2837 1218 1253 1623 48 1417 712 2046 562 2713 1307 2034 1486 1636 1261 1051 259 2631 547 305 1901 2815 2130 497 1496 1208 1545 950 168 900 2545 559
000173.jpg,2794 2025 1706 1011 2137 653 464 452 1475 239 1022 1787 207 389 2059 2091 2236 61 1018 1655 1282 1503 1692 1923 1813 2669 758 2164 484 268 2715 131 1662 1274 1275 2142 467 331 356 408 1789 1967 999 726 31 295 2429 225 782 534 822 788 129 1024 113 580 1875 296 2531 840 525 1781 927 159 2285 108 655 430 455 501 209 1262 1929 1127 1039 1062 2053 326 1050 2232 1037 53 2693 1124 139 495 1378 1831 390 456 2407 1356 2632 192 418 654 1918 838 2611 1730
000174.jpg,941 2152 2502 1139 84 244 2688 1199 1596 2751 1768 1515 1605 1953 43 844 2572 971 1214 2348 22 2498 2048 1171 2562 1864 1616 2203 609 387 2761 2567 106 1726 1754 2115 2464 2263 1819 2841 2678 2188 1643 2141 1525 1570 1696 785 2457 40 732 270 323 1602 1659 117 1797 1371 2720 2448 1041 1198 1987 1866 196 420 644 181 1949 214 640 620 2386 582 353 13 2182 1504 2760 621 2109 957 1537 2768 69 744 481 1661 2705 2278 815 2425 1560 910 509 183 1603 1083 2503 851
000175.jpg,1096 1416 1948 2721 1569 1860 1051 100 64 2272 1316 48 497 2556 715 1993 439 1362 2628 562 1496 1617 2034 1897 305 1381 2241 2545 2650 1586 1796 2713 1658 1656 1782 1584 1218 1640 155 1261 2023 1453 2755 2815 747 2352 2769 1490 51 2454 817 547 2817 201 2836 1901 1422 1926 550 1623 518 860 348 2289 2046 2826 440 1319 2309 1663 1544 1649 1386 712 1701 1679 2300 556 1840 194 1636 1444 1328 169 260 1045 26 659 2433 947 168 1624 987 563 1407 611 1489 319 1965 2538
000176.jpg,1244 2136 1691 575 2754 1016 2586 393 1507 775 2550 2019 357 1805 1646 2395 1147 794 373 2780 1611 2254 379 102 2080 1014 1459 2447 584 845 1669 876 469 2383 1748 1523 2695 279 1626 2518 2368 339 2234 457 1104 2329 2192 441 1734 917 2360 2802 2604 2326 2752 2297 1177 863 107 2211 1120 2637 2159 2176 2033 541 1950 2630 1028 1467 1919 736 993 1192 2563 1832 2701 902 2641 2345 2166 960 2347 1943 693 1482 2036 1678 2149 187 818 1690 590 87 397 1372 2233 10 2805 1169
000177.jpg,182 2542 1333 63 1785 2016 954 1019 1760 1685 2149 2656 2022 1087 1712 1434 2546 1228 1257 149 2242 2112 1561 940 310 1558 1298 898 1928 1693 617 1971 1343 2737 1743 1004 1334 2143 634 1535 751 24 2324 291 1357 2409 1166 1786 1125 1753 1115 75 832 2777 2430 198 714 545 1035 499 1801 2077 70 614 2066 1689 1597 379 2497 1207 426 1389 1213 2561 895 2757 2772 1711 39 581 1631 1590 2323 540 783 576 1817 2478 1137 1346 1759 725 136 465 2277 2113 803 2000 2036 2019
000178.jpg,535 1527 605 2377 257 1040 1731 2196 749 1871 94 1131 937 1992 1424 678 610 434 1138 2788 2417 2830 1309 410 392 1966 855 2843 2005 821 1007 1068 1311 365 435 2087 2299 1498 1800 1020 2697 673 1850 336 253 593 1634 2613 774 1419 406 717 1385 2102 2251 800 1094 2492 1779 811 1379 1455 1142 544 648 773 2746 2290 2763 2549 1110 248 2243 519 2519 742 2560 1645 1243 2341 1174 1936 1516 1913 1794 1894 1133 1442 1005 2364 112 338 1581 2730 1325 1573 2145 1968 2151 730
000179.jpg,1856 2441 2827 2745 983 2202 2190 2785 407 310 2111 1945 1476 2413 1996 1176 1743 2615 558 1914 596 1448 95 1093 777 88 1383 19 132 695 184 1265 949 376 967 1804 135 2295 2547 1296 2472 1728 1999 1733 213 2744 1103 80 2281 1478 63 1483 520 1535 540 232 2737 2422 1019 1269 1749 424 1722 2756 2566 1469 1898 1343 1672 940 1984 187 1091 1727 824 1867 198 1304 119 2354 2733 1631 1593 2242 2317 2021 1312 16 75 1693 1231 861 2497 230 1719 96 462 2073 1714 754
000180.jpg,1960 1113 2457 509 2116 327 1371 1426 851 1866 2115 183 2726 621 2036 40 1064 1365 844 379 2162 815 592 23 2503 2197 1987 856 2572 1198 1223 1744 2324 2030 2522 236 1687 2386 1144 2128 45 2141 171 2056 1986 2182 466 2101 2542 762 574 1364 2401 2448 1616 1907 1061 2291 1336 1477 629 2497 2571 1515 1922 244 940 167 2608 275 796 1458 2203 986 2112 896 117 2757 2760 2612 601 300 1696 1504 690 1759 2620 2160 454 1661 2057 2508 18 1766 1205 75 2 2348 1251 5
000181.jpg,2277 761 545 1801 2249 16 1389 1898 2317 1394 1447 328 2114 1469 581 2579 2546 614 44 727 1683 737 2644 1839 2759 529 1300 1093 407 2323 1482 1087 766 1230 2000 824 2242 658 1228 1559 1035 1144 483 1106 2040 1115 2238 1693 2293 2066 1631 2547 393 1451 2452 374 2504 789 39 395 2178 2591 341 240 1804 2381 1728 1996 474 60 1213 2113 1217 1353 1361 1322 2216 1091 949 1666 989 1074 757 2161 63 1137 2410 376 1207 1178 1900 2281 304 907 101 572 905 754 2288 364
000182.jpg,328 240 2784 483 789 2277 2579 1300 545 766 1353 2546 2238 2504 2178 1898 2066 824 304 2547 1801 1115 1389 1883 1749 1304 2759 596 737 1693 95 2113 1394 251 1213 2381 1743 16 2323 529 60 576 2644 1230 1176 407 2190 1427 101 983 2040 1593 63 1683 1447 1035 374 2242 581 1996 132 395 2149 962 310 436 364 1469 39 1785 1476 1228 1900 1728 1231 1178 2656 1106 1093 341 2249 967 2000 2497 1804 834 198 1087 1727 2022 1483 75 1798 1361 989 2288 1333 572 2335 1312
000183.jpg,429 555 868 142 554 1256 1890 176 1492 802 427 2029 2668 417 1562 2217 1430 2786 1553 1888 2743 332 289 1033 1699 2227 2415 2078 979 21 597 2423 901 62 1686 886 340 1418 1393 2568 681 878 1398 1431 2108 1065 361 2384 199 1588 536 302 2451 1793 1132 743 193 36 500 1053 988 432 292 121 893 2267 78 2117 2380 569 866 571 1236 1886 2090 733 2757 1390 2333 1557 680 1499 1759 323 2622 315 370 460 1165 595 1599 2559 2047 1849 707 1839 2074 1266 2788 2299
000184.jpg,2041 2305 1076 1935 1547 79 1067 2665 2511 722 97 1464 246 2068 116 2813 1463 165 2598 2286 686 2436 2825 2135 2382 2294 1134 804 2766 1606 350 2558 1937 329 1130 137 1126 725 2248 1639 1055 1868 2736 362 2292 1212 2393 2319 2728 1841 899 140 1940 2239 692 1777 491 2506 447 2842 2741 1874 1944 1185 2719 2073 2207 2708 442 1962 1056 2569 2435 1223 541 920 948 1950 1825 1452 1998 494 1986 1147 12 2258 1592 83 1836 1919 2685 790 967 647 204 2438 508 1980 682 1943
000185.jpg,2299 749 2290 1243 1131 2746 855 1379 2788 673 1966 593 1068 2492 2151 1020 2251 1442 774 1005 2730 2364 2549 2516 1311 1526 1936 544 336 2830 1946 1498 678 1794 435 1309 2417 1094 434 1783 1968 717 365 1581 730 2005 2196 2560 605 1424 253 1573 1511 392 800 1174 1040 112 410 1142 2519 1850 1670 257 2377 338 1634 535 821 610 1455 2243 1731 1079 1527 937 1325 1165 1969 2697 1133 2087 1138 1779 248 811 2341 2843 2302 1466 191 1913 94 1992 1007 1110 406 1385 2219 1871
000186.jpg,2509 1810 202 67 1075 2583 1001 899 2121 2350 627 1406 1055 1944 1012 2294 249 137 2728 2558 1212 165 2825 2766 2435 725 1606 1874 2135 2057 2207 2813 447 116 2842 2757 2708 2741 24 379 2719 1937 1557 1056 494 2143 2736 70 1842 692 18 1986 1759 647 1899 2292 541 917 1076 2622 1223 2382 1592 1126 2248 1130 1390 2077 1825 1841 2033 1689 362 2295 135 2430 2291 1088 2478 1448 902 2777 2320 1753 1125 1834 1259 682 2809 424 920 97 1950 2286 2036 2569 1721 2438 800 2224
000187.jpg,2716 2789 2191 561 1099 1873 2819 507 1650 2177 2237 1917 2283 2597 2265 1111 175 2565 412 1955 1010 2144 849 734 2681 553 890 1827 780 52 2552 771 458 120 1302 587 1465 533 2527 2557 1003 2244 1021 1481 1991 2689 235 324 552 2059 495 2698 1156 1062 2764 1974 2429 53 131 418 534 872 2370 799 152 740 2500 1813 1823 2181 847 504 129 1314 238 2017 721 402 2812 1932 786 1543 2774 68 968 1741 2119 467 159 2674 840 628 1896 1117 877 806 1378 653 81 1923
000188.jpg,2792 567 118 1791 1531 998 919 1354 2711 2778 887 952 1769 930 2491 1179 2065 819 1583 2252 748 945 7 639 2793 2328 1063 1579 382 975 1977 1667 1470 1651 1854 841 2682 1920 517 9 808 1585 2647 1970 778 1578 114 2729 2658 916 1657 1851 1770 151 982 923 2575 928 2723 2304 1367 1271 2379 247 227 875 2042 1368 1211 1210 515 2416 513 25 2225 2097 1577 763 492 2459 2559 502 1239 536 102 528 2310 569 566 1235 311 297 990 1528 2349 2334 2026 1209 579 2488
000189.jpg,2706 8 1671 37 1363 325 565 1288 2535 1703 745 506 1844 669 2831 2705 1286 468 690 476 2366 922 2197 2162 459 1364 2216 1150 744 2612 1232 1474 1153 621 521 1188 2617 959 829 1227 411 1858 2401 1537 2476 1766 619 894 1090 586 1797 123 1891 1556 2346 2571 2726 986 171 236 650 2182 1744 2425 1315 2760 1251 2457 1763 661 2168 1661 1308 2160 300 443 1916 2666 2079 510 335 20 882 1884 1711 2657 2404 475 2521 1907 1502 191 1082 40 2608 2150 122 938 285 2779
000190.jpg,1328 1663 1782 1444 1045 712 2836 1679 1617 1381 1658 1369 1649 1054 947 1544 2130 169 1623 2454 179 51 2837 2241 26 2628 735 2050 925 1870 860 1489 2439 2707 348 2649 2767 1417 1218 1422 1993 2769 480 440 445 1261 550 2011 2840 1416 2714 1796 1840 463 260 1029 1640 900 2826 645 2545 2650 1644 64 305 2528 1948 1569 1051 2034 1096 1656 1701 1486 1552 1437 2790 1710 562 2352 563 2411 2817 48 2721 2289 1407 943 155 194 518 2272 715 100 2713 197 556 1926 1307 817
000191.jpg,2545 2034 100 1569 64 715 48 2721 1453 1490 1796 2713 2309 2433 439 562 2376 305 1901 1416 1860 1640 1096 2241 2826 1948 201 563 260 2628 1051 1316 1381 2272 2650 2556 1584 51 1658 712 348 2289 860 659 26 1489 1617 2769 1496 2023 168 550 1840 1782 497 1993 2352 1045 925 1417 155 2454 2755 1369 2815 1544 1656 2050 1878 1701 2439 2046 2419 947 2649 440 1218 1663 1870 735 1586 2538 2836 2714 179 1261 2088 2130 1444 1710 674 1636 194 900 1623 161 992 231 1407 987
000192.jpg,2269 1571 352 2223 317 1698 2412 2255 1539 1242 2100 600 2139 2092 867 741 573 195 2484 17 1349 299 837 2844 1338 1982 2833 2338 2607 414 2811 2797 2576 1815 2371 1660 1618 2486 642 1366 428 1622 846 264 2633 1925 2063 2455 1071 667 1009 2431 1828 961 2253 1607 2372 879 1994 1 1520 2524 1060 1409 685 1735 166 1291 1549 2738 2266 262 2635 1816 2189 814 1540 349 1059 2399 2403 267 1122 1619 888 1095 2835 1837 234 577 1572 969 2185 1615 1480 2473 1421 1159 403 2776
000193.jpg,96 894 1364 181 2554 419 1251 620 1797 2401 1336 1315 644 732 481 1013 1927 1632 2153 2831 2705 1083 2079 1283 1108 1702 2760 661 2442 236 2168 2160 2720 2425 785 2591 2643 762 2188 189 2261 2608 1560 2498 2567 2522 621 2194 183 476 45 1318 2562 2612 1064 2182 1365 869 387 2060 861 2141 2427 1625 171 1743 2807 2278 95 1032 636 2571 596 759 1171 42 22 2476 669 310 1749 957 2502 333 468 1536 2441 229 2048 482 592 2751 2841 2827 106 744 506 1907 1703 2313
000194.jpg,1753 1125 70 2777 2077 2772 18 2478 1842 1834 2757 1759 2561 2622 601 1390 951 431 2 2510 2663 315 2015 1252 1557 1035 2818 1165 1839 2302 2323 297 2315 426 502 767 191 990 103 522 1333 2702 369 898 2022 1597 1558 1460 277 2161 1235 2024 2143 1075 569 2546 24 2149 536 1798 121 2242 1323 2601 1413 1418 364 578 688 967 1186 737 1989 2624 2471 1391 1132 2314 714 684 901 634 1230 193 1711 2728 2277 2504 2656 1793 2685 1394 215 2090 461 250 1389 1975 1427 2686
000195.jpg,2281 39 1357 751 1180 2288 2497 926 1818 2036 564 379 541 1943 32 469 83 1836 198 75 230 206 187 1014 1950 1476 2202 1919 920 2239 1601 1693 1459 1116 940 549 993 1482 2033 1713 824 845 1856 1996 1748 2542 87 2073 917 590 1176 1714 1914 397 441 777 55 683 902 2495 88 728 2383 2745 1743 1905 343 2641 2547 1538 736 95 1593 2176 373 2190 2080 2441 2699 465 327 60 739 1177 2294 310 1869 1751 2603 2695 2326 2242 2149 1304 2656 2824 1915 983 1467 1940
000196.jpg,2305 79 1067 2041 1935 2294 1547 2766 2511 2135 2068 2665 2825 1076 722 1055 1463 97 165 246 116 137 725 686 1134 1606 140 1868 2286 2598 2558 1212 1126 2728 2741 2436 1130 1944 899 1940 2736 2319 1452 350 447 1464 804 1056 329 362 2207 442 2813 204 2382 1825 2292 692 2842 1841 2506 1777 1937 2580 1874 2239 1962 2248 2435 494 1223 1185 2719 1980 1120 12 1180 1986 2708 1147 2057 1639 2073 1836 2258 2685 967 790 83 491 508 1968 483 1899 2393 1601 1998 1075 2518 2560
000197.jpg,1054 2628 1444 1649 1544 1679 2707 2011 1328 2439 645 2840 169 1663 735 1623 947 2837 440 2836 445 1029 1782 1381 2767 1840 51 1045 1261 1617 1218 1658 860 197 2241 769 1417 2050 201 1489 712 1870 1422 2650 2130 2769 1993 2352 2735 2289 433 179 1552 463 2454 260 1860 2713 563 900 1437 2375 2272 2826 2046 194 1253 2649 1710 161 134 992 1369 489 26 1486 480 2815 1316 1752 1307 1416 2556 348 1051 925 550 231 1701 1202 1948 1496 674 59 2088 1640 319 1545 950 1208
000198.jpg,2666 650 2043 2810 2171 2346 1916 2816 411 475 1188 922 1891 1723 759 2643 285 807 37 468 1603 510 2841 148 1605 1502 1703 750 820 2261 1153 334 6 1227 521 420 620 1858 2617 375 1232 1931 2526 594 1763 980 2179 1150 1397 1570 1541 1488 372 1221 1288 2779 2521 2768 2366 181 2216 1702 1738 473 1260 2502 1173 582 546 122 476 1711 2162 1326 1433 42 732 1797 2546 1027 1162 2657 898 1389 2194 1074 1537 1456 2128 2726 335 482 163 1817 306 619 2014 2571 690 1515
000199.jpg,1662 430 1022 2407 484 1787 2398 2611 1967 2429 753 1317 467 655 1140 2053 159 1008 390 1097 2794 1124 1293 580 2301 331 2505 2465 452 2765 1475 1037 1282 1024 108 1781 1275 2236 758 326 1921 1929 1395 53 478 786 1039 1715 1635 999 525 471 1918 389 1923 363 2059 2402 721 2061 936 2565 31 2164 628 1972 2025 2467 1647 534 654 2669 1050 1822 408 27 1378 643 840 1756 346 49 1465 1843 2244 1438 89 402 1612 1356 2632 501 295 2531 129 1655 52 2285 1706 2091
000200.jpg,485 1306 1798 589 1951 898 251 2000 714 1175 2644 1427 614 395 962 646 1558 1361 2323 2409 803 727 529 1451 2054 1166 2540 1106 1559 364 2504 572 1230 1137 1928 1207 2546 1115 1801 1394 2072 2149 374 1389 2759 2040 789 215 101 658 436 293 2784 2113 1900 1683 581 737 1883 2656 2787 2242 240 1087 2381 2178 2277 2066 1257 989 1213 1353 1693 304 1839 1334 895 1300 545 2579 853 1786 93 1561 315 1590 766 2320 1557 1333 2653 1165 1971 341 1390 1035 2561 2757 2622 2238
000201.jpg,1054 1328 1679 1649 2628 1444 1663 1623 2707 169 1617 1544 2837 1782 2836 947 1045 1381 2011 735 645 2439 2241 712 2840 2767 1417 860 1029 440 445 1658 51 1422 2130 1489 1840 1993 2050 2769 769 2454 1870 26 900 1218 1369 348 1261 1486 1710 179 201 260 2650 563 1552 1437 2289 1701 2649 197 2713 2352 925 1416 2826 64 433 1307 1948 2272 194 550 463 2735 1640 1860 480 2375 161 2556 674 1051 2046 2714 134 992 2652 1208 319 489 48 1316 1253 155 562 1096 659 2076
000202.jpg,1524 1629 2403 2431 267 226 814 203 1238 1291 1863 472 891 2473 2266 2004 2548 2063 1375 2694 2740 127 2709 2662 857 2385 1421 287 2321 1295 1 2739 2811 2727 798 1811 2094 1191 366 1520 888 746 1059 2327 1575 2595 17 2371 1078 228 934 656 262 1043 885 2332 706 1457 160 158 1589 1542 1071 2255 2399 687 307 720 573 1196 880 667 1509 1675 1167 2155 1877 1432 242 2776 2269 1229 1735 2412 1930 2229 385 1358 2486 1345 2783 1758 2206 352 1947 1030 82 2187 1615 793
000203.jpg,546 285 37 1702 6 620 1221 759 2643 20 1456 281 275 459 1082 1084 2194 2623 1882 922 181 586 2677 973 582 1570 167 1697 732 2268 448 661 1260 443 1308 2823 1284 1763 2726 1188 690 1797 1083 1536 2167 1080 298 2030 510 2118 2521 476 2162 1884 122 2203 1891 1502 980 650 2791 2168 1911 468 1537 2263 1090 669 454 1515 2457 327 1285 629 23 475 1205 1744 411 2666 2346 1488 236 2571 1227 807 2572 2313 1426 1880 2831 2261 2179 1723 796 2691 1184 636 1318 1738
000204.jpg,1096 1569 1416 2721 1860 1948 64 100 2272 48 1316 2556 1051 305 439 1362 715 1897 2628 562 2034 2241 1993 2545 497 2650 1617 1381 1496 2713 1796 1658 1218 547 1640 1656 747 1584 1782 1586 2755 1319 2769 155 1261 1453 1386 860 1623 2289 659 611 2352 556 51 2023 1490 2836 2082 1926 817 2815 2454 169 2270 2817 2300 1663 348 1649 1544 188 1901 1422 1679 1701 550 2309 440 2046 518 987 947 2837 1444 1840 201 1489 1636 1407 943 1328 712 2433 1045 2767 26 221 1624 2707
000205.jpg,2650 1453 2034 1490 1569 2289 100 2433 2545 2713 64 1640 2309 48 1901 2376 2272 2721 715 260 168 1416 51 1796 1948 562 2241 645 2556 231 1381 1496 2352 2826 659 1096 1782 1860 2454 563 1486 305 2130 1840 860 1316 439 445 784 26 712 440 433 348 201 2628 2769 1489 1617 2419 1658 1045 1663 2836 900 155 769 1584 1701 1051 1417 1848 2439 1307 947 169 1552 1444 1218 559 2046 2088 1544 2714 547 747 2840 735 1710 197 1328 161 2652 179 497 925 2011 2815 2538 987
000206.jpg,1865 2261 1260 2194 42 1761 229 2627 2071 1858 661 1153 757 2260 281 115 1436 468 1995 1804 218 1023 967 629 1638 396 2024 1728 829 754 476 2362 213 1478 1533 1188 184 792 1719 669 2472 1227 1047 1637 2747 122 24 285 2278 755 807 1305 91 2677 2756 38 644 2640 1610 1987 2295 6 2296 2638 2101 1560 1296 424 2823 411 2413 135 1456 1283 729 2168 836 759 2256 301 388 1880 2143 1383 2430 1984 1933 2055 2098 2030 2188 1790 707 739 1849 1015 2235 1722 612 413
000207.jpg,546 1221 2194 6 582 2261 732 1260 759 807 2474 2643 1702 1083 620 285 661 476 1797 669 353 1882 181 776 1858 1188 468 1456 2359 2476 2761 1768 98 1227 1536 2313 1603 229 1987 481 2571 2425 2518 40 1591 196 820 2705 2831 1880 423 1560 845 2162 396 2726 1462 281 2760 392 1286 482 236 2168 1968 2048 2030 1147 1283 2627 1120 829 37 373 1318 956 372 1419 122 1488 2688 636 1016 1364 1153 2807 1515 2118 1454 1581 454 2660 1074 2791 1251 506 922 2005 1820 851
000208.jpg,576 1749 2547 1743 824 1535 63 291 596 95 376 1343 1019 1631 1836 2700 1483 2016 2112 310 2441 1004 1434 1103 1689 1304 1176 1999 1672 832 2542 2827 1760 182 983 75 1712 465 540 2149 2737 1300 1593 2656 954 940 1469 2785 2497 1801 2277 1914 198 2190 1693 2281 499 1561 1990 1298 149 2555 1178 1727 1035 2202 1333 240 132 1685 2058 967 16 2235 1714 1447 44 1804 2566 1334 1856 1336 2437 1713 834 2579 1087 60 739 1722 2242 1217 1867 39 707 683 407 1265 1849 792
000209.jpg,2224 1952 964 1266 757 2808 967 1804 135 754 1555 792 2640 444 2277 1399 2757 2221 2031 2320 1725 1557 2622 213 2413 2380 1651 2267 2024 1236 426 1070 1728 2708 739 1390 123 1759 2295 1597 2491 2756 2809 571 358 2682 2143 368 997 2507 1448 2252 707 1149 2796 2120 2786 29 1849 1719 1904 1977 2140 974 1165 2323 24 446 400 853 2798 558 608 540 2661 2354 1179 1473 1231 218 1252 1529 983 1455 70 2580 1469 1265 695 1063 2390 730 1592 1721 2015 184 677 2335 1516 2408
000210.jpg,2528 1644 1934 1656 2790 2501 2411 1102 312 2044 2832 2817 1624 943 85 1405 987 1381 1782 1926 817 1617 635 188 1993 556 562 1407 2836 2241 1658 51 221 2454 1640 860 550 712 1796 1489 2419 305 547 155 1422 1752 1417 2300 2034 26 2011 2545 611 1369 440 2088 1386 2721 1146 4 169 1544 518 260 1045 992 2826 1319 64 947 1663 2082 1092 1983 559 1328 1444 2538 1840 2046 1208 2439 463 1545 2628 1710 1569 48 497 1649 1679 1701 900 2397 2289 2352 925 2358 1623 1029
000211.jpg,2429 324 1037 1662 1465 2244 1941 2059 1843 1923 628 1220 2301 2687 534 1124 1050 2565 131 780 1026 484 390 580 1062 1612 129 2407 1008 786 2765 1273 2681 1097 467 2232 1140 1813 2053 31 1715 1293 2465 2505 495 1932 2611 501 471 1395 363 1635 840 1022 1568 847 1500 159 1378 721 1921 1730 1438 314 138 1024 1317 1972 1143 1967 1822 2193 402 456 2017 2402 2715 1048 33 2632 1011 1929 838 1789 326 1655 927 2177 2228 1475 49 771 525 1647 2285 1781 331 53 2698 27
000212.jpg,1797 752 1889 957 2168 1702 2457 894 181 1515 1318 419 2554 2153 620 2725 2404 1880 1927 2278 2448 509 2351 1536 2572 1364 661 1632 1596 2807 2643 96 2162 636 2476 2562 42 1661 732 106 1766 844 621 744 2128 1280 2760 2720 5 1744 592 609 2060 2823 498 2464 1084 2188 1108 644 2442 229 1032 2263 2182 669 1083 1251 1488 236 2751 1637 2726 2261 2678 2048 40 388 1525 2522 1802 1696 1960 1260 2608 387 762 2030 476 2571 1371 1768 2230 582 443 122 448 2705 2521 510
000213.jpg,879 1619 557 2727 2363 2460 1520 1925 1776 2548 46 342 1572 1 551 1684 2385 2215 2206 2399 797 234 720 2123 1947 2844 913 2298 1366 228 2158 2541 349 1350 741 2456 2431 2330 352 2607 1291 2226 2327 133 2633 2321 600 2484 307 2581 1238 1837 267 2356 837 2659 2100 1575 1792 1660 2332 892 1816 2662 2672 1887 969 1432 2834 1861 1675 143 1345 857 2703 1191 801 1863 704 2063 1982 1480 2004 2801 2590 2709 2273 514 414 1009 1622 2187 2186 82 2524 1025 287 2185 1724 1043
000214.jpg,799 408 2059 1503 2794 1282 1932 314 1789 113 131 484 2142 2232 726 2698 49 653 1781 2470 927 525 2137 383 455 239 758 1505 1875 1274 495 2280 296 389 467 1262 1662 1024 53 464 1787 1475 268 1022 840 129 1273 1924 2091 1062 822 207 1706 452 2396 1967 1813 1923 1829 2531 356 390 2279 27 61 2025 654 838 2693 2173 2429 2765 1655 2164 534 1612 1918 241 1568 501 999 418 1011 2715 1050 2407 2017 1356 324 1275 1168 1843 471 734 2244 2236 1216 52 2465 2505
000215.jpg,1525 2263 1280 1371 2623 2572 1170 2678 1198 1536 1084 1659 1251 1726 1318 1205 2141 1083 1880 636 2791 2807 2132 2522 2448 1425 2386 1364 2278 828 236 474 2030 2760 1113 2562 1347 265 762 640 1596 2203 2303 2705 1802 1064 45 905 2520 2831 1960 117 1219 300 327 2514 96 732 592 1973 106 2608 1380 2293 1661 1768 2210 2182 2554 377 941 1797 661 2734 40 481 2401 1750 181 370 310 894 212 396 281 1693 2153 1263 1632 543 644 2168 419 2677 546 1032 2242 183 2410 490
000216.jpg,702 1830 931 1908 848 1107 284 1114 2601 2471 903 1845 2624 1340 1310 768 502 1720 835 1767 65 1821 688 1512 990 1235 1254 103 1608 126 578 297 2276 1323 250 2388 1186 1975 1413 1391 684 2314 522 277 1035 767 2315 1458 2510 2757 1016 1120 1922 1759 431 70 2036 18 2077 2478 1557 1165 1980 2772 1753 2685 315 379 1842 2622 2323 1839 1390 1125 1834 2667 2 2561 2777 2149 1113 2518 2663 601 102 951 373 581 191 1144 2620 398 1801 1397 1905 2637 2240 845 1252 420
000217.jpg,714 898 1558 2540 1207 2072 1427 1166 2409 1928 1087 251 1137 853 589 485 1306 93 1590 2323 895 789 727 1597 614 658 1333 2504 646 1257 1839 1951 240 426 2757 1389 1798 803 2644 529 1213 2022 364 2546 2066 2622 293 395 1361 2054 2320 1175 1759 101 1801 2113 374 2242 1971 1334 1230 2324 634 1557 1390 1115 1883 1683 2149 2143 315 1900 2040 2784 2178 1451 1847 783 2759 304 2787 954 2277 962 436 1753 24 737 70 1513 2542 1561 1035 2430 1786 1125 2656 581 1228 1165
000218.jpg,79 1076 2598 1464 2813 1868 1777 692 1067 1874 2382 140 2436 1937 790 1962 2305 686 2257 2286 2294 1452 2068 2719 447 813 2292 491 2248 1396 1554 2741 1185 2057 804 329 2393 116 1370 2319 2708 1935 2766 1998 1463 1639 974 2696 722 2569 2435 2445 2736 2665 1592 1606 948 2685 1944 1384 494 2825 1126 1055 217 2438 521 1105 1402 647 1088 1223 2757 350 1390 2207 2580 682 1987 2772 1547 1711 1433 2558 1927 2492 97 2041 508 952 2135 1673 243 165 2291 899 2728 677 2036 1841
000219.jpg,557 879 2327 1724 801 1947 2581 2460 1432 2206 1345 2662 2694 2517 798 1350 2363 228 1575 1776 1807 1043 2187 2659 263 2590 77 2189 2127 514 1215 1193 1863 1086 130 991 1549 1295 1539 2844 2524 842 2703 287 1675 1494 1792 583 1030 797 1877 2385 57 127 885 1509 133 1358 961 170 2321 2801 2229 2739 2332 1862 1684 1664 857 1551 470 2185 2174 1238 267 1196 2298 1291 1619 1377 1925 2771 2461 1522 2548 1373 242 1081 1034 2672 82 880 2431 352 2473 2738 2468 656 1278 1129
000220.jpg,639 887 945 1579 2647 1470 841 1354 952 1531 1769 2328 819 2491 114 919 1770 2778 1667 1585 1578 1920 9 1179 118 930 748 1851 2575 2792 2682 2459 1791 311 2723 567 515 1977 2379 1063 492 1210 579 2559 566 923 1528 1651 2252 1154 2757 2334 1390 2488 2074 2618 1368 928 2299 1643 1599 522 2304 460 2026 875 568 247 1165 1583 1657 1367 1670 2582 1890 7 2349 315 975 2729 982 1759 2416 2475 749 1442 2065 2622 781 1239 673 1233 1157 2380 1966 868 1211 1384 380 2151
000221.jpg,244 844 1515 2152 2572 2502 2457 1198 1139 941 1696 2115 1371 2203 1616 2751 84 2263 1726 2141 1214 509 117 1768 1199 2678 22 1570 2503 1113 5 2182 1171 2464 609 1754 2348 2448 2761 1426 183 1866 690 1596 1922 2048 640 2567 1864 2760 1987 375 621 2677 973 106 2056 23 398 420 1458 2386 13 1041 2688 957 1819 1015 1504 1605 40 1537 629 298 2303 425 1960 1285 1949 43 1525 2494 1602 732 2768 543 1766 781 1080 1397 2608 1219 2705 1659 1184 323 1797 236 270 1364
000222.jpg,352 1539 879 969 1242 557 273 2524 1059 1540 892 1 2473 1520 1349 2104 46 147 307 1514 685 1572 600 1366 2269 2340 741 1618 577 1816 1291 1982 1615 2431 2844 1684 223 234 317 1925 2460 2727 2481 2635 267 1939 1360 1549 2385 2412 2529 1480 888 2100 1619 2013 2223 1238 2339 2092 2139 414 299 160 2399 2213 1698 573 1660 551 2738 1629 2444 2797 2372 2576 262 1421 1338 2094 166 342 2246 2226 2138 1025 2709 1060 1863 2607 2781 2834 2595 385 2371 2633 2484 2255 1571 2363
000223.jpg,1019 1333 2022 63 1685 954 2542 1087 149 182 2242 2546 2149 898 2656 1785 1561 2113 940 617 310 1760 1558 1115 2143 2112 24 2430 2066 1213 2409 714 1434 2016 614 1228 1298 1334 1928 1389 634 1343 2737 1166 1743 1693 1712 1257 2178 1207 1004 751 426 1631 1353 2324 783 1357 1971 291 895 1597 1753 1590 2024 1535 499 1125 2777 2072 949 1847 581 727 1513 832 1176 2077 2772 1786 1300 737 93 39 75 803 1593 1137 2478 379 198 1459 2323 240 1689 2827 2036 2757 304 1161
000224.jpg,536 1132 569 1588 121 2090 988 193 1268 1418 1065 571 36 2333 680 2786 1686 2108 1793 1431 2055 2117 332 886 431 70 1879 429 2077 901 979 1035 1906 1393 1753 2510 597 417 1430 2668 2384 1553 2772 340 1266 2777 1125 555 1256 2252 141 176 2743 1890 2478 1033 1562 2747 2029 2227 2808 335 554 500 1808 1507 2093 1839 997 1333 2230 1699 2022 2274 394 2757 1952 18 427 1499 608 2640 2604 1145 401 864 453 289 1842 199 994 444 461 2415 2451 1023 733 2122 2561 1888
000225.jpg,2138 961 2635 2100 317 600 352 1618 1242 2338 1828 1539 1349 1338 573 2614 1994 405 1060 1540 1571 2246 665 2473 1607 2811 1698 2412 1409 2340 892 2835 2255 1964 1 2431 2486 2269 2223 846 1615 223 1660 2481 2607 2403 814 1341 1622 1446 2399 2253 17 2781 2633 2063 2208 1421 385 837 2266 1815 2372 685 642 616 1816 1025 2524 1837 1159 969 166 741 1862 1520 1619 2738 1294 2327 2675 1095 1291 2455 1572 1101 414 90 267 349 1009 2131 746 1258 2717 2205 557 46 403 1366
000226.jpg,1300 2277 240 16 1389 2784 1447 1469 1801 483 545 789 2579 2178 658 727 2066 2546 304 328 1898 44 2323 2113 1394 1213 251 589 614 376 2249 1087 2644 1353 2504 766 1798 529 1361 2000 1683 1230 737 898 1693 1804 1115 2547 1427 761 2022 1558 395 2759 1451 1161 572 1559 2381 1333 1631 1106 2149 962 1483 2238 581 1883 1839 714 824 1137 63 2242 1019 1228 60 2040 374 803 1513 2656 2540 853 1847 1728 2317 364 1175 1951 1207 1093 2072 485 407 596 39 1749 967 1900
000227.jpg,2263 2141 181 2048 732 620 2623 1083 2678 2562 1251 2572 1797 1371 2761 1525 1364 1768 644 1170 1318 1280 1515 2203 2386 1536 2182 2168 661 2760 636 2278 941 2498 1726 2720 387 1198 2522 481 2807 762 2401 844 2448 45 236 1880 183 1108 96 2791 1205 270 1596 1659 785 2591 196 474 621 1702 482 1365 1283 43 2056 1113 2688 1960 2442 894 2608 1204 40 2705 592 310 1064 419 957 1632 869 2116 1315 2457 1987 1696 2831 2582 1336 2086 2554 1973 701 229 1864 2115 995 2188
000228.jpg,558 213 2277 135 2022 1631 1898 1333 2413 2024 695 1945 540 63 757 1019 1087 1839 24 2143 520 2408 853 426 1804 949 19 707 1785 1228 132 1093 424 2295 967 545 2354 2066 2566 2827 2178 1176 232 1448 1849 1597 1269 783 149 1749 376 304 2441 1035 1867 1265 1722 1801 634 898 2615 2638 1383 2323 310 983 2737 1469 184 1394 1889 1213 2591 2390 407 1434 1712 2546 1145 1728 1478 182 2190 658 2242 2113 328 754 80 1558 1296 1389 954 2640 1529 2112 1343 2430 2111 1266
000229.jpg,1753 1125 2777 70 2077 2772 18 2478 1842 2757 1834 1759 2622 1390 2561 601 2 315 431 1557 2663 2510 951 2015 1252 1165 2818 1035 1839 2302 2315 191 2323 767 2702 297 426 1075 277 898 522 1597 2161 502 103 990 2143 1235 369 1558 688 2024 24 1460 536 2685 1980 569 2546 1333 1391 634 121 1323 2601 1413 2314 714 2624 2728 364 1132 1186 2242 1711 2149 1230 1418 2040 2471 1798 2504 737 1055 2121 1845 2022 193 578 967 901 1588 1989 1817 1793 251 1087 2653 1001 2000
000230.jpg,1453 1490 1569 100 64 2433 2309 2545 2713 2289 1901 2034 2650 48 2376 2721 659 715 1640 1860 260 2556 2826 2272 168 563 562 439 1486 201 1416 305 1796 1948 1496 1096 645 900 2419 2352 51 231 559 1316 155 1307 2241 1148 1840 747 440 1782 433 445 1701 1437 1617 2652 1381 784 2628 860 1848 769 2130 161 348 1489 547 1663 1552 2836 497 1051 1045 1710 2454 978 712 674 2769 169 59 1319 2840 1417 1658 1752 2088 1584 188 1878 1386 1544 26 906 2046 2082 2815 1586
000231.jpg,1584 2034 2755 1701 860 2023 1029 100 85 715 1796 2545 1569 1096 2735 48 1416 2045 556 747 987 1993 547 64 1362 1386 2046 463 1788 1586 497 1489 2721 1617 2482 1782 1417 1897 1948 26 1656 2628 1261 1545 312 259 2011 319 169 4 2241 2832 518 992 2769 622 1381 1552 2650 2836 2082 2840 1319 2076 258 1658 2837 440 1710 550 1051 2270 1253 1624 2454 2289 817 2528 2287 2790 1640 1544 611 2631 51 1649 1663 305 161 906 943 1934 2515 2272 197 155 433 1146 2538 1926
000232.jpg,2726 1082 6 1308 275 37 546 167 20 459 1570 1084 1891 1723 2162 285 443 454 586 690 1260 1284 2623 2346 327 475 2222 38 1882 1006 23 1456 650 1916 1221 1280 2203 2677 122 582 1488 2627 1502 922 2572 468 1884 1189 510 281 1426 411 1525 2666 1858 851 40 2263 1610 1371 2268 1697 1232 1199 2521 1286 1537 1844 425 2171 1711 396 1015 1397 1744 1817 807 2030 370 759 488 1659 2706 2457 1738 419 2483 1591 1536 2313 420 1080 980 375 163 351 111 2303 2810 372
000233.jpg,887 841 945 952 819 1579 1354 1585 639 1769 1470 1667 1531 118 1770 919 2647 2328 9 2778 114 2575 748 930 1578 1920 2491 2792 2723 1851 1179 579 923 567 492 2459 311 875 566 2559 2349 2416 2618 1210 1791 515 1154 1063 2304 1977 2682 2026 2488 2252 2334 2379 982 1368 998 2729 916 528 25 1583 1209 513 227 975 928 1657 1528 2658 1651 2462 512 7 2065 1864 1819 380 1390 2074 1599 2415 2757 247 2711 896 151 1367 315 1165 2165 2299 781 1233 910 2225 2380 1442
000234.jpg,2277 1801 2784 16 2579 2249 240 2323 1469 483 1447 1304 44 2547 60 1300 576 545 761 1728 824 789 1394 395 328 2317 834 529 757 1898 2644 754 1231 967 376 1217 1804 1593 2381 983 596 1839 1683 1312 1230 95 614 766 251 1178 2546 2190 2281 1727 374 1483 1035 2504 1353 792 2785 1883 1749 39 1693 2759 1427 2161 1176 2335 1631 2242 2000 2288 1996 1389 1254 1798 2497 737 2040 101 1091 1743 677 198 2661 2238 407 962 431 581 1106 1719 2162 1137 1451 2030 1115 2772
000235.jpg,2769 348 2241 26 2130 2454 550 445 712 2050 2375 1045 925 1870 2840 2649 1710 645 735 179 2289 1617 1422 518 433 2538 2714 440 1369 197 59 2650 2011 480 1782 1328 1983 1701 1381 1840 1453 1417 260 2628 1640 860 1489 1029 1444 168 463 2713 161 64 947 659 1901 769 2836 562 2721 312 1752 1552 2556 2034 305 2088 1993 134 1649 51 1486 1679 2707 1656 2439 1658 1569 900 1623 1644 1054 2826 2076 169 1490 1948 1544 1092 524 1624 563 319 817 2501 48 201 1934 1316
000236.jpg,573 352 2635 1815 1607 2481 2431 1338 1660 1539 2607 223 1925 2811 2138 1982 1618 600 2633 1615 2255 814 1994 385 1078 1421 1 2269 846 1409 160 1816 891 1619 2338 577 2253 2412 665 879 1530 2339 667 317 1509 888 17 1341 403 2576 1349 262 1025 1009 2223 267 1698 2063 837 1939 2399 299 2455 2100 2372 1480 1242 2486 1366 2738 2094 428 1828 741 1291 1540 405 2092 2371 2266 2139 2758 2834 1446 961 1258 1863 2844 2403 1159 557 1571 2340 1060 642 892 166 2727 2524 2776
000237.jpg,1882 956 1221 582 2474 196 6 546 285 776 1536 448 2132 2726 2691 98 1083 2677 1768 2222 353 1661 661 669 370 2261 1697 1744 629 1267 327 2194 1180 2359 2571 1819 1864 1880 796 820 910 971 845 275 640 2210 1702 636 2688 2623 1084 1659 1687 973 1802 281 1380 829 2162 690 1541 2362 1995 373 1515 1260 2263 1911 1272 1285 2383 2167 1462 2355 1525 476 20 543 2475 1570 2080 1371 2520 850 1080 2303 1170 1537 2334 2047 2643 1603 807 732 1120 117 459 300 2494 42
000238.jpg,1361 727 1451 589 2000 1306 2323 1798 1230 2644 1951 658 1175 2054 251 395 485 1559 2040 962 789 1394 2504 572 1106 529 803 364 614 1389 1115 1900 2546 2540 1427 1683 737 1300 581 1801 2579 2381 293 44 2759 545 101 2149 1693 240 436 2656 374 483 2178 646 2277 898 2784 2787 215 1334 1558 1137 766 16 2242 304 1447 714 328 1207 2113 2238 2066 1165 2161 341 1213 989 1091 1839 39 1928 191 1557 2409 2072 1390 1257 2114 1333 1087 1898 1035 315 2772 2622 938 407
000239.jpg,222 935 2071 141 1145 1933 2645 1790 2750 2342 1436 2096 1321 1504 2218 2055 1305 2156 1023 612 836 2098 2201 2452 1047 2679 1736 2122 2642 1808 2163 2512 1098 816 453 401 2446 1903 2747 755 595 897 2829 177 2450 1085 1688 2274 2587 1404 208 461 1717 2355 599 981 2537 1709 2577 1628 666 850 156 1155 2775 2362 2560 2432 2640 1719 908 164 1638 632 1784 1621 823 174 1581 1163 1089 760 1510 516 694 70 855 2808 460 701 1006 1447 1266 99 2655 1976 1889 1100 1142 2830
000240.jpg,2320 1849 707 967 2354 426 1597 1722 2143 1867 24 29 1149 2408 1689 634 2533 2756 424 1804 2390 213 1529 2172 2021 286 2024 2295 1269 1448 2566 2757 2615 135 1478 1759 2673 2430 2413 1265 1296 91 80 1719 19 558 1334 1383 218 739 1252 2015 119 1535 754 232 184 1165 2622 1390 291 315 1557 1945 2235 1728 792 520 2302 2224 1834 1753 2772 18 1125 2777 983 2638 2478 1842 2323 2077 2663 2 695 1231 601 1733 70 832 1984 2016 1886 800 1075 2299 431 1442 1325 2296
000241.jpg,2057 482 2291 574 2683 939 2526 2639 2220 1931 1439 647 1874 494 2051 1433 2719 2704 2728 1223 598 2435 790 1055 725 447 531 2207 2319 1088 2440 1592 2294 1408 2292 146 2499 2558 692 526 2569 1452 271 864 1942 2445 140 1725 994 608 508 1899 1075 1868 1825 2766 444 1944 2580 274 2708 1771 601 1721 2089 1962 2427 491 2741 1881 521 202 165 2757 1922 1819 2436 2334 1515 1406 509 2183 1876 1937 1892 2438 2506 2323 2589 944 1759 1390 1616 2457 2825 1557 1940 1711 368 2622
000242.jpg,1349 2524 273 352 2226 2738 1059 557 414 2444 1242 1539 1 2104 600 46 2100 2460 1540 741 879 2340 147 961 685 1520 2372 1618 2363 892 1837 166 1684 969 1629 317 307 651 2223 154 2727 551 342 1514 2801 795 1215 2517 1572 195 1025 1698 1366 913 1071 527 591 2189 1360 2781 143 2709 2466 2255 405 2269 1988 1509 668 2246 1816 2811 1622 2298 223 2740 2835 17 2844 1524 2208 1338 616 2273 2717 2576 234 2131 2595 1095 1619 665 1615 2654 2834 2749 2399 2635 2138 2431
000243.jpg,431 1753 2478 2772 70 2777 1125 2510 2077 767 1842 18 2757 1834 1759 2 951 1252 2015 277 2663 1938 1557 2818 601 1443 2622 315 889 2315 2702 1390 1833 1165 2561 1035 1839 2686 1980 1418 2685 1747 211 2532 369 1989 1460 2302 9 461 2577 1845 2601 2496 191 990 502 2108 1976 536 156 164 1686 2624 1413 1817 578 417 126 571 1711 1793 136 684 1767 39 1340 297 688 121 569 2808 597 2471 2314 1952 1391 1065 2276 2671 2388 2161 841 886 1235 2277 2090 1902 2415 1579
000244.jpg,1051 1948 2272 1416 2628 1096 2556 2352 194 1316 1218 2815 1261 1496 2713 1649 64 201 1860 1381 1054 2545 2721 2034 2826 563 2836 2241 2289 48 645 1658 100 1710 769 161 1782 1584 1617 1796 445 433 1663 1444 1586 260 197 2755 2707 2650 2767 1840 497 2840 1569 169 1328 2011 2023 747 715 1636 1544 900 1029 1679 1148 735 2046 440 319 1640 2375 1045 1552 231 168 2652 1486 1901 1422 674 1623 1965 947 1307 1417 1752 1453 2837 2439 51 860 2309 2735 2454 562 992 2130 2050
000245.jpg,2299 1966 593 2746 1068 749 855 2290 1442 2788 1243 1005 673 2364 2730 2549 1946 1311 1526 2151 1131 434 1379 2516 2196 605 1511 2251 544 2492 1040 1794 774 1968 2417 1020 1731 410 1936 1498 678 1325 821 253 435 2243 1871 2377 1969 1783 2005 1094 2830 365 1850 1142 257 336 800 730 535 1424 2519 1527 1165 112 2087 1138 1581 2560 392 1309 1992 1670 1634 717 1007 2302 338 1779 2219 2341 1573 191 610 811 2697 1174 1466 937 1079 1385 406 94 1110 1455 2102 709 2843 1913
000246.jpg,96 419 2554 1927 894 1336 1364 1632 2153 189 2060 1013 2401 620 2522 63 1889 1019 2827 1251 333 2441 957 1785 1797 181 1743 310 183 2263 1093 2160 45 236 752 1176 1365 1727 1064 576 407 1083 1217 1315 983 861 1749 2591 1032 1702 1177 2604 95 2760 621 2079 2555 2190 596 732 2567 106 32 2277 2414 22 2547 1476 187 1898 2751 1734 2182 1856 153 2036 2733 132 2022 2608 661 462 171 785 2326 107 2346 1693 1515 2202 2422 2457 1228 824 1907 856 1333 1318 2745 2141
000247.jpg,310 2656 2016 1343 2149 2542 940 1434 1693 2112 1004 2242 751 2737 63 2827 182 1298 832 1743 1561 1019 1535 1685 1176 1357 1334 2441 1760 954 75 1116 39 132 1601 291 1714 1713 1346 1333 949 2497 379 617 2036 1856 1459 983 1712 198 149 1087 1672 2190 1748 1091 2019 407 1836 1257 2566 2281 777 499 1785 824 739 2129 465 695 469 1593 2202 1786 2324 683 596 737 2493 960 1999 1014 2745 581 2615 1795 2430 2294 1529 2114 1722 1869 404 2547 1996 1971 926 2700 424 1180
000248.jpg,2305 1868 2294 79 140 2741 1076 2041 1935 2068 1055 165 1067 1452 2665 2558 1606 1944 1547 1463 2135 2511 97 686 137 116 2728 2286 2766 725 722 680 2436 899 1006 2772 12 393 2598 2825 2319 1464 2207 2685 1130 1126 1132 70 1120 447 995 246 1711 1980 2599 1056 508 1753 2077 569 2161 1125 1186 2518 2580 2378 1147 278 2292 1134 1825 1212 2506 2777 329 692 442 2762 1962 2736 2478 193 1588 362 1902 2214 1940 443 2382 804 2813 2314 1998 2136 2748 2005 15 1582 831 2293
000249.jpg,2624 2471 2601 502 1845 990 103 1235 1323 297 848 688 578 1908 126 1340 1830 1114 284 1608 931 702 768 1107 250 903 1720 2276 1413 1821 1186 1767 1391 65 1310 1975 2388 522 684 1512 2314 835 1254 2757 2478 1759 1165 2077 277 1753 2777 767 1557 70 1125 601 2772 1035 18 1839 431 315 2302 1842 2667 102 2510 191 1711 1531 1390 2036 2315 1667 1834 2323 2622 2 379 748 2149 2663 1459 2143 995 1915 2378 1905 2561 1902 2656 1793 2778 492 1157 1333 1252 1585 1748 707
000250.jpg,392 1419 2101 2318 2264 94 1992 519 301 20 2331 2627 809 1454 2102 2573 248 2763 167 908 1442 843 2303 396 2030 773 2839 2560 538 1673 1614 253 355 2335 1331 2519 1779 69 2027 2222 1329 1581 2132 1020 1040 942 2808 336 1784 678 717 1385 435 1387 2559 2001 1309 568 813 2341 1266 2830 1968 2064 1979 406 610 1105 1379 2795 964 1943 937 2680 1850 1952 1455 1301 1070 454 2640 2543 855 2195 1966 1325 2362 2726 487 893 2087 1554 1659 2420 1424 2537 1142 2446 2031 434
000251.jpg,2565 1843 495 408 525 1781 628 49 2232 2794 2164 1662 1282 2025 653 1021 1220 296 1011 131 53 1503 1022 1018 138 402 2059 1124 390 2765 2531 1787 2429 346 33 782 580 1923 799 2285 1037 1612 356 2687 159 245 838 1026 1967 786 654 2091 1941 1274 1635 2632 326 1097 1472 1715 52 108 200 239 1706 534 2301 2611 721 2137 1127 1275 1050 2693 2142 471 207 1140 840 1813 1024 2053 758 484 1293 363 467 1438 1500 2311 1008 2396 2669 655 31 464 1918 1465 2467 113
000252.jpg,348 2769 2454 2050 2130 26 2241 925 712 179 1045 2649 1870 480 1369 550 735 1328 1422 2714 2538 2375 197 2840 1617 518 445 2011 1417 860 1489 1710 1782 440 1381 433 2289 1701 1444 1663 2650 2628 2836 1840 260 51 1656 463 947 645 1658 64 1029 1640 1679 2707 1649 2439 1644 169 1544 1453 1796 1552 943 1054 1623 2545 2034 1569 312 2826 1752 1934 817 1993 659 161 2817 2397 2790 556 2556 168 562 48 1901 1624 2501 1948 769 100 2837 1316 900 1486 2832 2721 2528 1490
000253.jpg,377 2578 828 2629 2520 1337 2798 729 1429 2428 640 2210 2539 672 2828 2031 2120 1374 2570 1272 2602 13 1668 933 1070 1910 2083 964 2335 1764 2839 323 1329 1399 1952 955 2671 1038 2221 2786 2808 698 2038 2562 1949 669 1266 2032 959 56 2227 2795 1041 1249 171 1754 1251 236 176 2277 957 1217 2413 571 979 1176 2421 1521 1797 1364 2640 2116 183 2760 2608 310 2141 695 2678 43 986 2182 1596 2441 370 476 1108 558 2705 2425 132 2827 2047 80 1945 983 2190 2448 2522 1562
000254.jpg,431 2510 1839 1035 70 2757 2772 1759 1753 601 2478 1834 1125 18 2777 2077 1842 2622 2 1390 1557 2663 2561 315 951 2015 1252 2323 1165 1443 2818 277 1938 1976 1833 767 1418 889 2277 2577 2302 461 1394 853 1747 2315 191 2497 2686 198 1333 707 2644 2149 2161 522 1801 39 75 898 1065 1817 2108 502 426 136 417 1849 990 1230 684 395 2702 332 156 1686 2601 164 2671 1529 2390 1711 1241 9 2207 1767 2656 2154 571 1902 251 2542 1225 72 634 460 2728 2036 1207 783
000255.jpg,2550 1507 107 575 834 1177 2754 2604 1104 1691 2019 1482 728 2080 2641 2414 924 441 1669 1523 55 393 2176 397 1727 567 1734 2383 2555 1194 1621 861 2426 1044 2695 540 2233 1277 1566 2136 457 1016 2254 118 824 2733 187 2360 761 2452 95 1550 1147 1178 1729 2317 309 373 2310 736 7 83 32 2252 2422 2802 1674 2281 1631 2192 1943 87 1719 2277 2234 2547 2097 873 333 596 2326 1352 2159 1919 1469 1447 1203 1914 808 1476 2293 998 1028 2785 2400 1467 2446 1651 1487 1666
000256.jpg,764 719 153 2018 2146 2284 2008 1289 190 2551 247 1577 2487 1915 1534 1403 1157 914 604 1493 1711 995 35 66 1027 1351 1359 2325 2762 1128 2192 1734 2824 615 1150 2254 102 539 765 2019 2599 2336 2260 1180 549 15 1066 1173 457 2779 206 522 107 2604 278 723 2067 998 1997 2585 825 2214 567 1452 502 2157 2378 2081 282 2233 297 2802 1902 1121 2550 1211 1203 1835 862 929 1473 1817 752 2414 1582 896 303 2426 2434 136 272 1484 1583 1507 58 2234 993 2601 1226 2436
000257.jpg,2152 2502 2348 214 84 2751 1605 1602 1139 106 1171 844 941 2457 1866 2567 1199 1371 244 2572 2263 609 509 22 1214 1113 1616 957 117 5 1198 2448 2115 785 2141 2203 1515 1953 1754 621 1927 189 1364 2060 2705 1458 2760 270 744 1632 2182 1696 96 2725 2678 1738 2404 851 13 183 1525 236 1766 1488 1251 2401 43 1949 171 2562 2761 323 1960 2197 1263 2109 2464 2386 1365 1032 1987 807 1570 2726 2608 2056 1015 640 1661 1922 2303 2425 2030 420 1596 1280 2162 2498 629 1397
000258.jpg,645 2011 440 2840 1029 433 2735 769 59 2289 197 950 1202 2628 445 1840 2375 1752 2367 463 161 1649 2389 169 1253 2439 1544 2272 2088 2650 2482 2836 201 1444 2713 735 1496 319 155 260 2515 489 1054 860 1307 1552 1261 1860 2241 965 2069 826 1545 1782 2815 2556 904 134 550 563 2084 1146 613 1468 1316 2707 1486 1190 1993 2767 1417 2046 947 1679 2837 51 2424 1381 1617 2312 1901 4 2477 1218 1799 1775 1489 231 1737 1208 2352 900 1636 992 2076 109 2826 1148 2652 747
000259.jpg,445 2650 2840 2769 2011 2241 645 550 1617 518 1029 197 319 1782 1045 2538 1993 1328 2289 1381 2707 1422 2076 348 735 134 712 1710 433 440 260 463 1679 1054 1623 2375 769 2088 1901 1640 2826 2454 2628 2836 2130 168 169 1649 26 1417 2050 563 1489 1840 1253 2544 1983 562 1444 947 51 2034 860 1552 1658 64 259 305 1878 900 674 155 161 231 480 1870 1663 1948 2735 2652 201 48 784 2713 1307 497 1096 1486 2358 1544 2631 1369 925 1416 1261 1453 1860 1788 2721 1468
000260.jpg,85 188 1656 987 2790 312 2044 2832 556 2528 943 1934 1102 1405 1417 1644 611 2817 1489 1386 26 1617 860 635 1407 2501 2454 2411 1319 1552 2397 547 1926 1993 712 2574 1422 817 221 1782 1624 1369 169 51 1328 1208 1381 2076 463 2836 1983 2300 2538 1796 1045 2011 2419 559 2424 659 2082 1658 4 1701 2515 1190 1092 2769 900 2358 925 2837 2707 1623 1870 1679 562 1663 2270 735 606 260 2544 1444 550 1649 1054 2724 197 2007 2034 2241 1428 1640 2840 1710 1848 2826 445 992
000261.jpg,935 2096 1006 1098 1305 2156 836 2750 2645 1474 2446 325 2537 2355 2452 745 850 8 1671 443 599 1321 2201 2512 2071 666 2249 1308 2535 1082 586 222 1447 2432 612 1504 2342 1090 761 762 1709 1933 516 1638 1047 2642 1621 2362 2691 141 1145 1661 2317 1880 1469 2331 2747 908 42 1790 167 2573 1436 1203 632 2293 2260 2055 205 1488 2560 2823 2222 2318 16 755 301 2083 44 995 2514 1023 2450 2679 474 2571 1763 2098 1806 2685 393 229 1729 1889 1052 2627 99 2030 2086 1120
000262.jpg,535 1731 257 1527 1992 1138 94 605 519 2377 392 1424 1040 410 2763 1007 248 1419 937 434 1871 2830 773 811 1309 1385 610 648 253 406 365 1311 749 1131 2196 2102 1068 678 1779 821 1966 717 1634 1894 1442 1020 1133 2788 1800 1707 855 435 2005 1079 2290 336 2087 2549 1379 1850 2560 2746 544 2299 2843 2417 2341 742 1645 2219 2384 2145 1455 2613 1516 2251 1142 2451 2660 1005 1110 112 538 593 843 2519 1325 338 673 1526 1581 800 199 2697 1705 870 1573 568 2151 1498
000263.jpg,1083 1702 2643 2194 620 661 6 181 732 2261 759 636 582 476 1318 1536 2168 1797 1260 546 2278 2807 42 285 894 2441 807 1227 2827 1221 669 1364 96 1251 2554 762 644 2720 1856 1336 1283 419 2048 2202 1108 2522 2153 1176 310 1188 829 1315 40 2425 1064 2745 1476 510 2571 2190 1632 2036 2761 1768 132 2760 1858 592 1515 2111 95 1743 2831 37 236 596 2476 2442 983 2401 1013 2346 1882 2785 2313 481 1987 506 2162 1488 2733 122 1880 229 2386 2521 2705 2171 32 647
000264.jpg,2538 2714 26 925 348 2769 2050 2454 518 480 550 2649 2130 1870 712 1369 179 2375 2241 1092 1453 1045 445 1190 2840 1901 2650 1710 1983 1422 735 2289 1328 1656 1417 2011 433 260 1617 1644 1934 197 312 1405 860 943 2574 2826 2832 1381 2790 2424 2501 1489 1102 1878 2713 784 2721 1782 1490 2817 2707 1624 2528 2034 1701 1172 440 1552 2088 1679 715 463 1663 2545 2397 1054 85 1623 900 817 2358 1407 947 1486 1926 134 64 2515 645 1146 1993 161 1444 1640 1796 188 1569 622
000265.jpg,1946 673 2299 749 593 1966 2788 2559 883 434 855 1094 1670 2492 2196 2458 1311 2085 2417 774 921 2618 7 1936 2364 1384 1850 942 966 2549 1794 1002 1681 604 2600 320 2730 1705 2416 2290 1379 186 1131 1778 528 2697 841 151 1154 2793 392 852 2746 1165 1040 1068 1387 2151 487 2490 2087 2064 2519 800 2243 515 253 2334 1005 1526 2251 1442 605 549 1676 945 568 923 937 579 2304 2219 1871 1511 1174 2262 544 25 1913 1110 490 975 1243 2516 1495 2302 2543 513 1864 492
000266.jpg,1371 84 2572 2263 941 1525 106 1661 2502 2348 2203 244 1198 1139 2152 2751 1171 2141 2567 1659 1515 844 117 2688 2678 2705 2457 1199 6 22 1866 1113 1280 973 1570 2448 1214 1205 2109 1632 2760 732 2115 2153 2831 96 744 2303 762 1083 2162 1285 1960 298 1596 621 1364 1726 1987 214 2623 1927 2562 1251 609 40 1768 181 2761 1084 1616 481 43 2048 690 894 2677 2182 1015 2554 1797 1696 1488 2475 620 5 2726 1032 236 300 270 971 1537 1602 2425 1560 327 851 419 1605
000267.jpg,2624 126 1845 1114 578 848 931 688 2601 1767 103 1830 1235 990 768 1323 2471 702 502 1413 2276 297 1340 65 1391 1107 903 1186 250 1608 2388 1908 1720 1821 2314 522 1310 284 684 1512 1975 2757 601 2667 1759 835 1254 2 2663 1165 2622 315 1557 2302 191 1834 277 18 1252 2315 1390 2015 1842 951 767 2478 2077 431 70 2323 2772 2510 2777 2685 1753 2653 1905 1035 1125 2299 707 1442 2818 2746 1980 2149 1511 1075 2036 114 2561 2320 2518 1460 1966 1839 1869 379 1849 1243
000268.jpg,2794 2025 654 1780 2070 525 1787 1282 2669 113 1435 216 408 1274 61 207 245 296 1598 356 1248 139 679 192 1505 625 383 1356 49 27 1127 1141 200 225 239 858 653 1781 2396 1918 1022 2164 209 2311 1612 1506 2402 2698 331 108 1692 1647 2429 721 471 1967 1662 999 1438 2091 1961 1972 2061 390 2316 1168 1262 838 1299 1706 1503 467 726 799 1317 936 131 1140 455 53 464 159 2017 655 1018 1050 2765 534 2142 31 2059 1273 758 2173 52 1395 2137 2565 580 484
000269.jpg,832 1795 1513 1847 1773 1535 617 1161 2542 1561 2129 1672 1693 2242 1971 1743 2016 310 1257 1176 1353 777 1593 983 1785 132 954 91 2149 2190 1685 1333 1836 291 1713 1334 1346 2235 789 2700 407 2656 39 1019 1116 1760 63 465 1786 2540 1434 1087 1357 1714 2787 240 2827 803 149 737 1869 1091 1996 1228 2785 2430 499 1115 2202 2409 739 1905 1883 926 2022 1559 1410 182 1166 940 1004 76 1928 2422 1224 614 581 1712 1298 75 751 2112 695 1818 2441 967 714 895 2066 2172
000270.jpg,1436 1145 1023 2218 2055 99 1872 141 1163 208 453 1717 2747 2163 1504 174 612 2655 401 1688 2679 2122 177 1903 1160 595 2009 823 2829 2098 1510 72 816 1808 731 2636 2126 760 1047 2587 2274 1085 1976 1628 2775 981 2362 222 2469 1404 755 399 1784 1415 461 1599 703 437 172 2003 2512 2577 460 694 1806 1233 1173 156 2722 2325 1089 1155 164 1100 380 73 40 2074 1241 1766 1744 347 1515 2757 2090 1889 2404 2342 2261 1638 707 2391 2839 1637 1305 24 2808 2252 536 70
000271.jpg,240 483 2579 2547 328 2784 766 824 1300 2190 1304 789 2277 983 1996 60 2238 1749 1176 16 596 1476 1693 95 1469 576 1743 2381 407 132 2504 1353 1728 1091 545 39 1231 761 1447 2288 737 2249 1898 2323 2202 44 2281 1801 376 2745 1593 2040 2759 2497 2644 1178 1483 2441 2317 2149 251 1804 75 310 834 695 1230 88 2785 1683 2335 1394 1900 395 967 754 1883 2239 962 1106 341 436 2422 2656 364 581 1672 101 1727 926 777 2242 198 572 1312 374 1914 2546 1798 989
000272.jpg,1262 455 799 1503 758 464 1706 1022 840 822 2232 389 2059 108 418 2470 1662 1655 295 1568 1932 467 1475 1024 653 1831 2429 726 2137 484 1039 786 534 52 408 2765 363 2634 2142 1378 1781 2693 501 2715 129 1062 2061 1924 2531 2407 2301 31 1011 53 936 806 999 2794 383 654 1282 2053 452 49 1789 1481 1008 1317 580 927 1918 2465 2505 2236 2091 89 504 1813 2806 1822 268 346 721 207 1921 2402 1275 1143 1787 2398 1967 326 1647 1923 1465 1395 1730 753 159 1929
000273.jpg,1663 712 1328 1045 1369 1489 1444 2454 925 2050 947 1870 26 1782 2241 169 51 1544 1381 179 1417 2130 860 2837 2836 1617 2439 260 2628 1658 2649 1218 1679 1649 735 348 1054 2714 1623 2826 2769 2707 1640 1993 900 480 1796 1261 2767 563 1422 2545 1437 2034 562 943 550 64 2832 2713 1710 1569 1656 1416 2790 2352 2840 1552 1948 305 312 1405 1051 1701 2721 1486 2289 440 463 659 445 100 1407 1840 221 1644 2817 1934 2011 2538 2528 559 48 85 556 188 2650 439 2272 2397
000274.jpg,1753 1125 2777 70 2772 18 2077 1842 1834 2478 1759 2757 2510 431 2 951 601 2663 2622 1252 2015 1390 2561 315 2818 1557 1035 1165 1839 2315 2302 767 2702 277 191 522 369 1075 502 2323 990 1460 2161 1980 2685 297 103 2601 426 688 1418 1235 2314 684 1711 211 1391 2143 1413 24 1989 536 2686 1186 2624 2532 1747 1132 2149 1938 889 2276 1597 1845 578 967 2471 634 1323 2242 1817 569 1443 121 1975 136 2024 1767 250 1686 898 2728 1333 1588 2653 193 2121 2656 9 1334
000275.jpg,935 2096 836 1933 2750 2201 2446 2645 2071 1790 2156 1098 1321 897 1709 2342 1305 2452 222 1006 599 1082 2355 586 1638 443 2432 850 1308 1090 2512 666 2537 1763 2362 1044 141 1621 1736 2450 1145 1052 2642 755 2679 20 1504 2317 1447 2627 459 1903 2560 2571 2691 1178 1719 167 761 2095 908 2829 177 2514 612 2122 1436 1023 2098 2437 396 2523 516 816 1469 1155 301 1729 2249 1581 2055 1085 1047 37 205 461 1672 2293 1806 1180 1968 2260 1142 73 2573 595 1808 1990 144 325
000276.jpg,72 2009 2636 174 1163 453 2679 2775 172 1415 1688 177 2829 2274 1903 460 401 2055 2577 2122 1145 1808 2722 208 1023 595 2163 1784 141 2655 1717 2587 1628 164 2747 156 694 731 816 2126 1155 2218 1510 2469 1160 1089 2098 1085 1241 823 612 1100 760 1404 1872 1839 399 99 981 1504 1976 461 1599 1047 1817 1436 1711 136 477 1162 437 1074 2599 2478 347 380 1150 1173 431 703 1233 1582 1666 579 2074 2762 2003 1654 2757 1753 322 2726 865 536 2723 985 560 916 409 2026
000277.jpg,2018 2146 2284 719 1289 764 2008 2551 914 190 1493 35 1351 1359 2585 303 1534 1577 247 153 1157 2824 1915 1403 539 1772 615 723 1121 2487 812 450 604 2254 1734 1128 457 1997 1595 2209 2192 2233 549 212 1247 1347 2792 2485 2604 416 871 2582 1583 2204 357 206 66 536 1132 2165 2361 2019 102 1228 1507 998 107 1173 2550 343 1027 2603 1087 1711 874 2779 2453 1785 14 1729 1970 2802 2166 567 1588 825 2326 2555 2414 1177 1028 2325 517 1150 2234 1674 58 995 2780 1203
000278.jpg,2269 741 1698 2223 2801 1411 2338 1571 2139 352 195 600 2100 1994 2584 1446 1684 317 1421 1129 2738 2253 1619 2844 879 557 1 2371 2431 299 2473 837 1520 2484 1294 2092 2481 1215 2385 342 814 1338 2189 1539 1409 2486 642 551 1925 665 2460 1622 1828 2185 46 2529 1009 414 2063 2833 2727 1291 166 1360 1095 2372 1242 1982 17 1071 846 267 527 1059 2616 892 573 2524 1618 1238 1112 2208 2576 1814 961 234 2835 2412 2455 1694 349 264 1815 1540 2273 2717 2266 1816 262 2158
000279.jpg,1583 998 2792 1531 1579 2252 748 1063 9 887 567 1791 1354 952 517 919 2778 118 841 639 1970 227 945 930 916 1470 2647 114 382 1179 1920 2682 778 1769 2491 1578 2711 1651 1667 1770 2042 1854 1977 819 2729 247 2723 2328 2065 1585 1657 928 982 2310 2575 1851 719 1577 190 566 1753 2077 492 2462 808 153 1125 1031 2334 1507 177 2679 2772 2026 1903 2097 2361 7 2379 102 2550 2658 515 2777 1287 70 2829 2165 2018 2478 2601 1333 1367 502 2757 1157 2122 1817 2349 1915
000280.jpg,478 1967 999 464 1706 2407 758 1789 331 2236 1662 484 1008 2301 927 1317 363 1475 1756 390 2765 726 1831 2505 2465 455 108 2053 1262 159 1655 786 1097 1503 1822 467 1022 2061 1143 2402 2429 2398 389 1293 326 89 1921 268 2059 721 1395 1635 936 655 430 1275 580 753 1050 1730 1912 1923 840 1378 799 53 452 2715 2634 1024 31 295 1465 2142 1972 1647 1929 1124 1715 346 501 1018 628 534 1787 52 1918 782 1692 788 2531 805 654 1039 2611 2669 1026 2632 2062 113
000281.jpg,2222 37 1537 1308 2726 1082 1763 2706 1661 586 443 953 922 459 1090 1006 1570 2162 167 650 1891 327 2167 300 2109 1916 2567 690 1687 475 2346 2841 411 20 2677 2666 594 1502 2571 924 84 938 1380 275 1113 2494 2483 1817 1922 2203 148 745 420 2620 1400 2348 546 2535 488 1471 2502 835 2303 6 2179 1488 1723 1232 1084 448 325 298 1525 2014 111 1371 1559 117 1080 1397 1659 944 136 1250 375 915 750 498 2293 1205 510 1322 1412 2521 2768 2705 1352 1738 629 1697
000282.jpg,2545 2034 64 100 1569 1796 715 48 2721 2713 2433 1453 1416 439 1490 2309 305 562 1584 1948 1096 1640 201 2826 1051 2023 1860 2289 1901 2241 2376 2556 2650 2628 563 1381 260 2272 26 1316 2755 860 51 1782 1489 1658 712 348 2352 1617 659 1417 1045 947 1663 155 2454 1870 1656 168 925 550 2836 2769 1369 1496 497 2050 1993 1444 2714 194 747 1840 2130 1701 179 1407 2045 1710 735 1544 2439 2649 1218 1586 1649 161 2046 2419 1261 440 1878 1328 1679 943 1934 1422 2815 2817
000283.jpg,2491 118 1791 1179 2065 1531 1977 2328 2778 748 1769 2252 1578 982 1063 1583 567 2682 1651 887 841 930 945 819 919 2792 1667 998 916 1470 952 1354 639 1579 2042 227 2723 1585 808 2310 2225 9 2575 2097 1851 1211 1920 517 114 763 2711 382 2647 1770 875 311 928 2349 2757 502 2729 778 1970 1657 1367 1210 2379 1759 566 1473 1854 990 2793 997 528 1058 25 1507 7 2658 2026 2601 297 903 2550 446 2459 513 492 1235 1528 923 2055 1023 1301 631 102 2559 848 2471
000284.jpg,2586 775 1016 1147 1805 2518 1678 1120 379 575 1244 1732 2019 1611 1459 2447 794 2136 830 2275 2754 1748 876 1691 584 1450 2780 1626 1014 845 357 373 469 2329 1507 1646 2368 279 818 2395 393 2637 1073 102 917 2550 1523 1169 902 541 2033 2695 32 107 1950 2701 2297 693 2326 2036 1832 960 2383 187 2254 1601 920 2604 2630 2805 1177 2080 2621 736 2240 339 603 2211 2804 1943 1131 2651 590 2234 2176 2360 10 1919 2159 2684 87 441 2788 2733 1410 462 2752 1028 1343 2166
000285.jpg,1310 1107 1254 702 1512 2471 65 2601 903 1830 284 768 1340 1908 1720 1608 931 848 1821 1114 502 2388 835 250 2276 1845 990 1975 103 1323 2624 1186 1767 297 688 578 684 1235 126 1391 2314 1413 1120 2802 2239 83 1016 1147 522 1943 993 1035 2831 1919 2073 1950 951 2036 277 379 1507 373 2315 2518 920 2510 2705 2176 1410 541 2077 1217 87 845 2772 32 2284 1907 590 2478 70 575 1336 102 2777 1753 1669 2605 2166 2685 55 2079 1980 728 736 2401 789 187 1125 2326
000286.jpg,1624 312 2832 2528 1644 2790 1545 4 1934 2411 987 2501 1146 556 1102 2389 1926 2044 59 943 1656 2082 1407 1405 1752 2817 188 85 221 626 817 2270 2300 547 635 860 1737 1386 169 611 1319 1417 1202 1489 1701 2840 1993 26 1190 2011 2707 266 1617 2714 2454 2837 550 1422 1623 1782 2367 2515 1328 2241 283 1870 947 1381 1710 2424 2836 305 1029 445 1663 2769 1468 1679 440 433 2375 1544 1444 2631 562 463 1649 2439 1316 2130 1092 1569 2767 348 826 2289 1640 712 2419 1983
000287.jpg,2437 1914 1672 1178 1836 824 2547 95 1990 2785 2202 2317 2190 376 596 1469 44 1996 1483 16 1304 1447 1476 2700 1224 483 576 2441 2281 88 2745 1713 983 1176 60 441 1482 1743 1300 1732 1620 1523 761 1749 1856 1678 1693 1535 603 830 1180 2523 2695 39 83 2827 310 2080 2096 2422 2249 2275 132 1727 2555 47 1147 1116 1633 1103 845 2235 230 465 1838 777 1120 1450 2497 1999 1714 291 832 2579 75 34 2058 2180 1073 198 683 1057 2288 2239 1183 1593 834 2446 1036 792
000288.jpg,310 2441 2827 1856 2112 940 540 1176 2737 407 1343 2542 1365 63 949 1535 1019 1999 1334 1561 132 1743 1103 832 2202 1631 291 1434 2242 1004 1914 1093 1713 596 2785 2745 1714 2016 1298 617 2019 1749 683 95 2190 983 695 2111 777 1483 149 2116 1476 1116 2656 2036 1601 2386 1685 783 1760 2149 1693 376 2129 558 1795 1672 1333 1712 2700 182 88 1346 2586 499 2295 2422 2615 2733 1336 2413 1447 2547 2603 2761 75 954 184 1836 1960 1087 379 647 520 1945 661 213 1448 2291
000289.jpg,1944 2294 1055 2435 1212 2741 494 1874 137 2580 1899 2728 2135 2813 2291 2057 2766 2207 2708 899 1937 1606 2825 2558 1452 2248 1223 725 574 146 204 2842 116 2382 686 1777 1185 447 1868 165 140 657 1076 1067 1464 2438 1825 647 2286 2719 692 804 329 948 1463 491 2683 2639 1056 1639 682 2757 2393 1940 97 1088 1075 2292 2526 1931 2736 2436 1592 2305 2036 79 482 1126 1759 2809 1547 2068 1935 995 2319 677 1390 2569 1557 1721 2121 2509 1001 1012 2378 2220 1473 1876 2622 249
000290.jpg,482 2057 574 2291 2220 2526 1931 939 2683 1439 2639 647 1433 1874 494 2051 2704 1223 2719 1088 2728 598 531 725 1592 2435 1055 521 2569 271 790 2294 2440 146 2445 1452 2089 2207 1725 140 1408 1075 2558 447 1881 2427 2152 2499 1942 2319 1515 2292 202 526 1868 637 692 1922 2757 1721 864 1899 601 944 2589 2708 2475 2712 994 608 431 274 444 1771 1139 2502 1817 491 844 1287 2457 2506 2617 2580 660 255 1759 2036 1711 1937 2334 136 1390 2183 509 2323 1616 1819 1508 1406
000291.jpg,1874 1944 1055 2728 2291 2057 2294 725 2741 2766 1223 494 137 2558 2207 2435 2580 1212 1899 447 2135 2825 1606 2813 204 647 574 165 1452 1937 1825 2842 899 1940 2708 116 692 329 804 2382 146 2719 2639 140 2248 1868 2683 1076 2292 1777 2319 1126 2436 1067 1464 1056 2286 2305 1185 948 2736 686 2393 2036 482 1463 790 491 1592 2569 2526 995 657 2506 1931 2757 2438 1547 1130 1986 1841 2378 2598 1075 1601 2220 1639 97 79 1759 1935 1134 682 2068 1334 379 40 442 1711 362
000292.jpg,2156 2342 2071 2627 2201 836 396 2096 2432 1098 1638 1709 2318 1321 755 935 2645 2750 2450 1305 1736 2446 167 20 2335 908 2030 1790 2362 2222 1015 1806 897 1933 1661 1052 2264 325 1006 2535 222 1456 229 1621 1436 281 629 1474 2249 2795 1469 42 2839 745 1425 1556 1217 2027 1865 2296 1995 448 1504 1764 1719 1987 809 2081 1047 44 856 1387 2512 2537 2083 1142 2098 2256 2573 1682 2571 2685 2570 792 2101 38 2519 1044 1637 612 1308 2823 2791 2097 301 2118 744 2355 967 850
000293.jpg,213 558 135 695 2143 24 2022 2024 2413 2408 2277 426 757 1597 1945 2354 1804 2295 967 63 1448 1333 1898 853 520 2566 1019 634 1269 707 1849 1631 2827 19 1087 540 424 2615 1265 1093 2430 232 1785 376 949 1867 983 132 1722 2390 545 1839 1689 1228 1176 1728 310 2178 1383 149 754 2323 304 2638 2066 2441 1529 1749 184 1035 1231 898 80 1296 1478 407 1434 1801 658 2737 783 954 1558 1298 1394 1452 1469 2772 1712 1719 2756 2757 2190 2320 182 2546 2242 2113 2640 1266
000294.jpg,2689 2370 705 2119 2365 587 2534 849 523 2181 2283 81 2500 2552 1563 2819 458 28 1896 152 2716 1827 505 313 2681 2527 175 238 2479 1741 2674 734 847 2250 1111 2193 2177 1955 1117 2099 2144 1680 1314 92 68 1335 2191 2265 553 602 1746 330 1339 972 1708 711 1376 1532 354 2764 2557 1917 449 418 2237 131 2322 129 503 1062 324 1481 1465 534 52 2429 780 501 2052 1021 2244 1003 2142 2597 1164 628 968 2059 532 877 872 1332 464 1655 2228 108 782 671 1297 1018
000295.jpg,2624 1845 2601 2471 502 990 1235 103 848 688 1323 297 126 1908 1830 578 1114 1340 284 702 931 768 1608 903 2276 250 1107 1720 1413 1767 1186 1821 1391 65 522 2388 1975 1310 2314 835 684 1512 2757 1254 1759 767 2478 1557 277 2077 18 1753 431 70 2777 601 1165 1125 1842 2772 2510 1834 315 1390 2622 1035 1839 2315 2667 2302 2 2323 102 2015 1252 2663 191 1531 2036 951 379 2561 748 2685 707 1905 1016 2143 1980 1711 1418 841 887 2149 1459 2702 1120 1667 1157 2778
000296.jpg,394 1879 2093 2392 2357 1301 1906 1058 446 1981 2140 1119 1978 2660 2796 1002 1017 1518 1604 2596 607 530 1909 2543 451 1567 1290 1237 662 1613 1211 1516 2049 1645 2640 916 997 631 2262 1566 1904 2507 1132 536 2085 227 416 2310 1651 763 1800 107 2604 1705 193 1614 2042 2414 517 2786 1894 1734 1331 1268 2843 2019 1094 1588 678 2550 1507 988 2697 2196 680 1138 1266 457 487 2005 1731 2609 2723 1621 2282 569 2682 2234 1028 908 2090 2233 2252 2097 1271 2417 2326 2064 1986 2254
000297.jpg,2840 1417 2454 26 2241 712 1489 900 860 2769 1870 348 445 1328 1369 1045 1983 433 1710 1437 1617 197 943 1307 1656 463 2832 2424 2130 480 2826 2375 2714 188 2707 735 925 260 1444 1679 1381 1782 2544 563 2817 1486 1190 2538 2289 221 1623 312 2397 2790 1422 559 169 2011 550 2084 817 489 947 2050 1624 1701 1993 2649 556 1405 1054 987 2515 179 2574 1658 2628 1208 1895 2419 2076 1878 1663 518 2652 1926 769 440 2836 1092 2300 1934 674 1407 1644 635 1544 1649 1552 1102
000298.jpg,536 1132 569 1588 2090 193 121 988 1418 2786 680 1065 2333 36 1686 886 979 1268 417 429 597 176 571 555 2743 1431 554 1890 1793 1393 1562 2029 2108 1033 2227 332 1256 1553 1430 289 2668 2384 1699 1888 2117 340 21 802 901 681 500 2451 199 868 142 62 2217 1492 1266 733 361 878 866 2415 70 2078 432 2808 2077 427 1398 1753 2640 1053 2777 1125 1499 2055 2510 2772 1952 431 2568 18 2757 2478 2423 302 893 1842 1906 1759 567 401 1035 951 2093 141 2747 1886
000299.jpg,2044 2528 85 1934 1656 2411 1102 1405 1644 2501 2832 2790 987 312 943 188 635 556 2817 1624 221 1926 1386 547 817 611 2300 2270 1319 2082 1407 1993 4 860 1788 1983 1417 2631 1092 1489 2454 2011 1208 2088 463 1617 2538 1422 1146 1190 550 2574 1782 155 26 562 1752 1710 992 2076 2515 2397 1381 305 169 2836 1737 2721 2769 433 2289 2424 2650 2375 2419 2544 712 51 1545 1701 518 1796 2358 197 2046 626 2241 1640 1552 445 1878 1316 1029 2840 440 260 1444 900 283 1369
000300.jpg,26 1489 1369 712 1870 1417 860 348 1328 2454 925 1045 2241 1381 2649 1679 1656 1644 1658 2817 1782 2790 179 947 2769 1623 900 943 2707 2130 2050 1663 735 2714 1624 1407 817 2528 1617 1710 2840 2836 1444 169 1926 463 1544 2034 260 1701 1437 2826 221 1552 2832 2628 2397 445 480 1983 2837 51 2439 1054 1796 1486 2424 2419 1649 1405 2574 312 197 2375 556 1934 1993 1416 559 550 2411 85 2300 188 1102 2545 1569 433 2011 1307 1218 1422 1948 2721 1092 987 1640 1208 2544 1190
000301.jpg,631 1518 1301 2282 1384 1290 446 530 2049 2257 1673 2064 2796 1058 1742 2660 2696 1614 607 2140 1331 813 487 1681 921 1554 2596 1909 2093 1604 337 660 710 451 908 966 1739 542 1981 1705 1105 1370 54 1853 942 360 1396 2085 1893 1237 1000 2782 50 2458 2087 1695 243 1017 1978 2664 800 2600 355 2357 2507 2392 2259 1904 2243 662 678 2519 2543 2005 2492 1094 2006 774 1850 997 2036 2196 2491 2369 1179 2757 1613 1142 1987 394 1879 2097 2569 682 1578 400 1913 2682 2438 920
000302.jpg,1507 2550 1104 1669 2019 834 575 2754 1177 107 2604 1277 2641 2555 2176 2414 1016 1147 2136 441 187 2080 55 728 393 1523 1727 596 2326 2058 1691 397 2383 32 95 1482 736 824 1244 1734 1194 2239 2547 2254 1019 1950 63 920 462 2073 2360 2395 2733 541 379 2159 1646 2192 373 1749 1087 357 457 2695 309 1943 2277 2033 333 1919 2586 2234 2422 917 240 845 1748 1467 1120 2036 1178 1678 1028 2802 1450 902 1791 2233 567 102 576 83 1304 1517 584 1459 284 830 1179 861
000303.jpg,2721 2272 1316 1416 1096 1948 1051 1860 1569 1796 2628 2713 2241 100 2815 715 2556 1658 497 1381 2034 1261 64 1993 562 1496 48 1617 305 1218 1586 2755 1656 2545 2650 439 1782 1584 2769 2023 1640 747 2454 51 1453 2826 26 1362 712 2352 2817 1490 1901 155 1897 1636 1407 201 2046 1965 518 260 348 550 860 1045 1544 817 1926 1623 947 1679 2538 2289 1840 2309 563 784 2836 1328 440 194 547 1422 992 1444 1552 943 1489 161 2045 169 1663 2300 556 1701 735 1369 168 1878
000304.jpg,1221 546 1858 582 285 6 1844 807 2118 1286 1884 2313 454 1015 980 1610 425 2677 1570 2162 2726 2194 669 1456 468 661 2222 1189 2303 2359 1284 122 20 1995 372 2030 298 2705 1080 476 2261 117 1744 375 396 1285 2457 5 1199 1603 759 1882 2831 281 334 973 750 650 690 2128 1723 115 37 829 629 1556 1891 1659 23 506 2627 1260 370 2132 2476 531 1536 2425 1153 2760 640 2571 163 275 38 2014 1084 1557 2643 1515 2666 1980 1797 327 1865 244 40 2346 1537 1582
000305.jpg,1621 1044 834 924 1719 2550 897 141 2260 1507 2452 1469 1482 1006 2793 1447 1145 2446 540 2508 2555 729 1727 1804 1200 761 7 1104 2747 612 1546 1023 2798 107 2604 2318 1471 955 1566 2537 1047 376 2055 1487 1271 2573 908 935 1277 2640 567 2823 2080 1729 309 333 1177 1194 1180 2277 1550 2096 1002 1669 499 1217 967 1063 2495 1144 2195 2281 453 2414 2679 599 118 1872 2163 2410 167 1066 2432 55 2331 2098 2136 461 728 2310 1651 2293 2296 2019 516 1203 792 984 151 16
000306.jpg,1914 1447 44 2317 2202 1469 1482 1620 2437 1732 1678 2785 16 603 1073 761 2190 2745 2275 376 1996 2547 1672 1224 60 1178 1713 1476 2249 1120 830 824 1483 1183 2281 2080 1147 88 983 1836 2441 1523 1176 2695 1450 2518 1116 2161 1180 39 1990 441 1091 2700 1693 94 2523 1057 2422 132 95 483 339 1036 777 1714 1304 845 2096 596 1751 1856 2827 1980 2288 1838 104 1535 576 2497 269 1634 2446 683 218 1110 2180 2685 2506 310 291 490 832 862 47 248 1103 870 407 230
000307.jpg,2772 1125 1753 2777 2077 2478 1834 1252 70 18 2015 951 1842 1759 2757 2663 2 2818 315 2622 601 2510 1557 431 1390 1165 2302 2315 2561 767 191 277 2702 2161 1980 1035 2685 688 1839 1391 2314 369 1186 1443 103 1075 1460 1235 1869 522 889 1323 2323 1767 2653 297 1413 2000 2276 967 1845 1597 707 1989 2624 1511 426 126 1905 990 2748 2320 29 1442 2601 578 39 1959 2686 1334 1849 2143 211 1938 1418 634 502 2149 2746 614 1559 2024 24 876 1833 1689 2471 2671 2242 2121
000308.jpg,1369 26 1870 179 1663 2649 860 925 2714 1328 2130 1489 712 2050 1417 947 1045 348 2454 169 735 2837 1444 943 480 2707 1644 2790 2241 1782 2769 1679 1054 2836 1407 1381 2840 1544 1656 2528 1649 1617 2628 221 2832 260 1623 2439 1658 51 1405 550 312 1710 2826 1796 1218 2817 1422 1102 1926 2034 1261 1624 900 1934 2538 2767 1993 1701 1437 463 556 2545 445 1190 715 2424 563 1092 2300 518 2397 64 440 1569 2501 1878 2289 1983 1051 100 2721 433 85 1486 1552 1416 197 987
000309.jpg,1514 2481 638 30 958 1630 1270 787 1684 1360 2529 1939 2246 1445 557 71 2271 665 697 1242 795 1539 2189 718 810 1059 2517 1446 143 1215 1947 1278 1295 1294 2444 969 2339 2619 2524 741 2662 1258 273 1112 879 1694 352 1440 2226 147 1324 2801 1807 2616 386 2104 1629 2229 2595 685 1349 2710 2298 2213 2468 2185 1607 1129 1540 2013 577 1716 342 1411 2584 2738 2269 46 551 1524 2473 1034 2460 2002 2709 2727 1509 600 2820 414 1828 307 2255 527 2340 127 2363 1619 616 2835
000310.jpg,2538 550 518 2769 26 2454 2050 348 712 2241 1422 925 480 2714 1369 2649 2130 179 2375 1045 1870 1453 1901 1092 1190 735 1617 1710 2650 2840 260 1417 445 1656 1328 2088 1983 197 1993 860 1878 2011 433 2289 784 2515 1489 2721 1381 2424 2826 1644 440 463 1490 1782 2817 817 1624 715 2358 947 1405 2034 562 943 2376 1679 1788 1701 2574 1926 51 2790 2713 1934 1623 2832 312 259 1663 64 169 85 1054 1640 305 1407 1102 2628 439 2707 1414 1569 1444 2626 622 1840 563 100
000311.jpg,1982 1925 2139 1735 667 557 299 2460 1619 2833 879 2269 1549 1814 2412 1480 1122 1863 2797 641 2844 428 2092 991 1589 2455 2431 2484 1816 2607 2363 2776 2771 2371 2385 2576 2633 1660 2524 264 1338 1366 2529 2731 1373 814 1295 837 262 1807 1815 352 2266 226 1009 1242 267 385 1421 2403 1291 1539 867 1776 888 1078 263 2094 656 573 2517 160 1457 1607 1159 741 2590 1238 1129 2327 2338 143 2185 891 2332 2063 2811 317 797 1191 386 1684 2255 1542 2739 885 1294 2581 2635 706
000312.jpg,1914 2202 2785 2437 2317 1447 1732 44 1996 2745 1620 1476 2190 761 16 1678 2547 603 1073 2281 1469 1482 824 2275 88 1178 2249 60 1672 1224 1836 1713 830 376 983 1147 1483 2441 1057 1176 1120 2523 95 2422 1180 39 777 2080 1450 1183 1116 1523 1990 2518 1304 1091 596 2288 483 2695 47 441 1838 94 230 132 576 2700 1856 1714 2161 1693 1980 2180 683 845 1634 2096 1036 34 870 2685 339 1751 248 2827 269 1449 564 832 1309 1535 2497 926 1743 1300 2030 2830 1633 2579
000313.jpg,137 1055 2825 2728 2766 1212 725 1944 2741 1606 2558 2294 2135 2207 899 447 1899 165 494 116 2719 2435 2057 2708 1874 1825 2291 2842 2580 2509 1134 1001 1056 2350 2121 1067 1463 97 146 2319 204 1223 1075 686 1452 2583 1406 1126 647 1810 2736 1935 1940 804 692 246 1931 2813 2286 67 202 1547 140 2292 1185 574 1012 1868 1076 2436 2041 2683 1937 2305 2438 2068 2757 249 2511 657 2248 682 2639 1592 627 329 1777 948 2622 491 1557 1390 2382 2569 1721 2220 482 2036 2089 2526
000314.jpg,377 828 323 1272 13 2520 640 2578 2210 1949 2828 1038 1754 672 2421 1374 2602 2671 933 1668 1337 2047 2032 1041 2083 370 2108 2786 1910 176 56 2428 340 1562 1890 802 979 2227 955 868 698 1686 2384 332 2423 554 417 2451 2570 2668 2335 1033 1329 1504 2038 886 597 743 1393 878 43 2217 292 429 893 1819 1049 2743 2218 2120 289 302 1864 555 932 1418 142 78 2629 1189 1521 964 21 1429 2029 1888 941 2141 2387 2415 2839 1436 2568 1820 1399 62 199 2031 361 1334
000315.jpg,751 2656 1693 1357 2149 2016 2542 310 2242 832 39 940 1346 1561 1343 291 1334 1869 1786 1535 1601 1116 1257 1004 1434 1091 2112 1905 954 1019 581 1760 777 1672 1459 1176 1714 182 379 63 1685 2737 2281 1959 1713 2748 926 2129 617 1743 75 2036 1120 1298 1971 1836 1180 564 2409 378 737 2827 1818 1559 2324 2493 2 1996 404 469 2441 145 2294 960 2757 2114 132 2240 2497 2653 465 1014 803 1759 2190 1593 1410 1748 2663 1809 1087 407 2000 1106 765 2019 983 198 1333 1075
000316.jpg,2263 2386 2562 2678 2522 1083 1364 96 1251 732 644 181 45 1797 844 1064 1960 2401 762 2498 620 183 2448 387 2116 474 2056 1198 2442 2182 1515 1632 236 1596 2048 2441 2760 1318 419 310 2720 1336 957 1536 1726 1371 2572 621 2827 2761 2203 636 894 2831 2457 1927 2608 1768 1365 1702 2591 661 2141 2705 171 2807 1144 509 2554 1880 1889 1315 1176 2060 481 2036 482 1560 189 1488 983 2188 1113 2153 2168 40 229 1856 300 2190 2160 104 1013 510 647 785 1458 592 327 1738
000317.jpg,26 2769 348 2538 1453 550 2454 2241 2289 2714 1901 2375 1870 1422 712 2840 433 925 518 445 2130 2650 2649 179 197 1369 2050 480 1490 260 1045 735 1710 2011 1569 860 715 1417 1617 2826 2721 312 1190 100 440 2424 1860 1701 563 64 769 2309 2376 1656 784 59 943 645 1552 1752 1489 2713 1328 562 2358 2832 1983 2397 659 305 201 1993 161 2034 1307 1486 463 1640 1644 2076 524 1172 188 2544 2433 1405 231 48 259 2790 556 622 439 1848 1782 900 1624 1496 1029 2556
000318.jpg,1944 137 2842 2207 2825 2766 1056 2294 2728 1055 2580 1899 899 2435 447 2135 725 1606 2558 1212 1452 2741 1825 204 804 2708 2057 1067 1134 1547 1874 494 2438 2291 140 686 1592 1868 2569 682 2813 146 1076 2068 2511 329 1937 116 246 1463 79 2248 1223 165 2286 647 1931 491 1841 2382 574 1935 948 1185 1464 1940 362 657 2736 2305 1777 97 2022 2719 2639 2665 1333 1126 995 2683 2509 692 1639 722 24 1711 2393 2526 2077 2121 2292 1986 2036 627 608 70 2478 2143 677 1012
000319.jpg,730 338 1243 1511 2516 1526 1466 1442 1969 1379 2290 2746 1325 2151 1779 2788 1385 112 2730 1165 2299 1498 1581 1020 1455 1005 1068 1131 336 2560 2302 1783 2830 253 1670 1966 365 1007 191 1311 855 406 435 678 2364 544 1390 1968 1309 1992 800 709 593 749 1079 1794 1850 2251 2549 2102 821 1707 2145 1557 1424 248 2341 434 2492 1573 2680 410 2763 2622 673 1142 1110 717 392 186 1634 811 2005 610 881 2519 568 742 1138 535 605 774 2518 2377 2219 1040 519 870 94 538
000320.jpg,2726 1744 2324 1272 2210 2162 640 285 1221 1819 2520 2671 40 1817 650 1922 2677 910 2571 2001 2620 2666 865 820 690 2362 1515 136 1711 372 420 629 1916 2828 2421 1426 1793 2346 281 1882 13 574 1042 1864 1537 851 672 1541 379 475 933 750 2391 1397 2462 2334 1436 2218 6 375 2291 1038 1582 2494 2036 1232 915 196 1065 1329 2542 432 956 2149 323 2502 5 807 1723 370 353 2768 1080 334 1768 1374 1223 1570 776 2839 98 886 2261 1603 944 1686 2108 2757 2154 2323
000321.jpg,609 2457 5 1515 1139 1605 1766 844 2502 244 744 509 2751 2404 1768 1953 2152 1696 1199 2348 807 2048 2115 214 1602 2725 43 1744 2841 2425 22 2448 941 1797 2464 1108 2162 84 820 785 375 1171 420 1858 1214 1596 2761 1661 669 690 270 1570 1541 2014 971 2203 2567 1364 1866 1916 1537 2476 40 6 106 425 1616 1397 650 2726 510 148 2230 829 2498 1889 285 1949 621 1603 1283 2141 2768 2346 2562 620 1436 1153 2188 2197 1221 1488 181 2109 1754 661 1502 2705 2168 2182
000322.jpg,2552 523 2819 2283 2500 587 849 2181 2119 175 2370 505 2689 152 1563 1896 28 1827 238 2479 458 2365 705 2716 313 1741 2674 2099 734 81 2527 2534 92 1117 2177 847 2681 330 2250 2193 1314 354 2191 1532 1708 972 1376 602 2144 711 1955 1111 68 1339 2265 2052 1335 2142 1680 2592 553 2557 1503 2764 2742 1885 726 968 1003 1746 503 1021 2199 1829 696 1917 671 1465 2059 1297 2698 532 1010 131 2610 495 1852 1932 464 129 872 552 2812 927 261 1912 1182 2279 501 2237
000323.jpg,2441 2827 2522 2116 310 2386 1083 45 1364 96 1064 183 1251 1365 1336 2562 1797 1856 2401 1318 2141 1176 762 2056 2678 636 181 644 983 1960 2036 620 407 1743 132 2263 1093 647 1632 2603 2190 236 2720 844 1536 2182 1019 732 1013 2448 171 2442 2760 2498 2807 661 1515 957 2278 2202 32 592 63 2048 621 2160 387 419 462 2745 1448 187 2615 695 861 2591 1315 2608 1889 2168 2733 42 379 940 949 1733 19 2242 1693 1601 2111 206 894 1749 2326 1702 1596 482 1177 1927
000324.jpg,2542 1785 1087 2546 1228 1333 1631 1561 1019 1801 63 2022 2242 617 499 1115 581 540 182 954 1389 1685 1334 1213 2016 2277 2114 2066 1257 407 898 1558 2149 1971 465 545 751 1137 803 940 783 2113 737 1683 614 1353 149 2656 1093 1590 714 895 93 2112 374 1760 2324 529 1928 1898 2019 853 2178 24 1538 2260 1786 1693 2072 1166 1300 357 2143 765 1027 2493 1207 110 1452 2409 1712 2254 2323 1144 576 1674 291 310 457 2336 1743 1711 725 2326 2234 1734 304 1357 1689 2779
000325.jpg,2189 1278 741 1524 1694 1629 2616 2727 1571 2662 1411 2100 2584 1540 1520 1618 600 2185 665 1837 2801 1360 2738 1684 1112 195 203 317 1445 1446 2399 124 2481 1129 57 1698 795 2255 2223 1215 17 1071 307 2372 616 1409 2659 1060 1258 2131 746 2229 1181 1234 1059 961 228 2269 2208 1034 1994 1294 2123 1 573 2781 704 1201 1509 1947 2595 2253 1859 1514 1392 787 857 801 551 810 1630 46 2063 2635 2213 352 996 548 2486 2412 1095 892 1861 2530 1812 2619 2740 1043 591 685
000326.jpg,2023 2755 1584 2045 258 747 1796 1320 2545 2272 770 2836 2034 1586 1782 860 1051 161 497 2628 2046 1656 1029 1617 1407 169 547 1788 1649 1381 2837 2556 1993 1752 1701 1948 259 48 1316 1569 440 992 4 2287 1489 155 1417 1416 1261 1897 1710 1658 2241 715 2454 2790 2721 1096 26 1545 100 1926 943 1444 64 2482 2300 947 1848 1386 2564 51 817 2815 735 2352 312 1102 1045 1218 2439 1544 173 1092 2130 2767 2652 194 2817 2832 1146 518 2528 2082 2735 674 1362 987 433 1799
000327.jpg,464 1503 467 2059 1475 999 726 534 1706 1022 1789 452 2142 484 2236 2429 1655 2715 2765 268 1662 1831 758 53 927 1024 799 1011 314 840 1378 2531 653 1050 389 418 806 241 159 1932 2244 1262 1967 129 2407 580 501 1465 478 1923 1275 1062 331 455 2301 390 1097 822 2137 1039 1481 31 2693 295 1730 2634 2285 52 108 788 1813 2505 2465 131 780 1317 89 1929 1822 326 1281 504 1293 1755 1008 2794 456 1143 1912 2061 786 805 1787 1568 207 2398 1635 1756 363 324
000328.jpg,79 1067 1076 2294 2305 140 1868 686 1055 2068 1944 1452 2286 2135 2598 2436 2741 2580 2766 1547 1464 116 2665 2511 2041 329 1777 722 12 1935 1606 137 2558 804 97 2813 2382 1463 899 1212 2728 2825 1937 1874 165 447 2842 725 1185 692 2708 2248 2435 1639 2292 246 494 1134 2207 2719 2319 1056 1126 2393 1223 508 1962 1899 2057 491 2736 1473 1980 2161 657 204 442 1130 2685 948 1825 350 2506 647 146 1940 2291 2569 2639 2772 2315 1147 1592 1841 2438 790 1876 393 2757 2492
000329.jpg,2315 2702 1980 1753 1557 1125 2757 1390 2685 1759 2294 2622 2772 70 315 2777 2077 12 140 18 2478 1842 2 1868 2663 1834 1165 951 431 601 2510 2015 1452 1252 1473 2818 1721 2598 2436 1055 2302 191 1076 1876 2161 1869 1944 508 2719 767 2561 277 2762 2580 2286 1777 1817 1874 1711 494 136 2499 1905 1937 994 79 1902 2741 2314 2683 278 1942 2809 2728 2382 2051 1056 1391 2057 2599 688 482 1747 2207 1223 1067 725 2291 1027 1959 2708 526 567 2475 2748 790 1186 1464 1075 1968
000330.jpg,1453 2713 2556 201 1496 1860 2289 1316 2650 1490 1901 64 2628 1569 2272 2241 2433 1640 1381 2352 2721 100 562 1782 2309 439 1636 2034 2376 645 1422 715 1948 2545 1617 1649 48 2836 161 1416 1840 1444 155 784 659 2088 563 305 51 260 947 2826 1658 497 1993 59 1752 1710 1051 440 194 169 2454 747 2011 433 1586 1544 2707 1679 2769 2439 550 1218 860 2046 1623 1663 518 1796 231 1261 2815 1656 1045 712 445 2538 2767 769 2375 1096 1417 168 2840 197 1328 1054 1148 1584
000331.jpg,1926 817 1656 1624 2790 2300 2817 2528 1934 1644 188 1102 556 635 943 221 987 1386 312 2832 2411 547 611 1405 1319 2082 85 2270 1407 2501 860 1489 2044 1710 626 2454 1545 1417 1993 2721 1701 562 2034 26 1788 1617 1796 1983 2769 1569 100 463 305 1381 64 1752 1782 2375 4 348 2544 1316 1092 1948 2241 712 2545 715 1658 2556 2367 1416 2538 48 2707 497 1096 197 1870 1422 169 433 2289 1584 947 1328 2836 2076 550 1369 2352 59 2574 1640 2650 1552 445 2023 900 51
000332.jpg,1453 1569 1490 2713 100 64 2721 1901 2650 1860 2289 2309 2241 48 1640 201 2034 2433 715 2826 1381 168 2556 260 562 2376 1782 1840 2628 563 2272 51 440 1316 2545 348 784 659 1796 439 305 2769 1496 1658 2454 155 1948 1617 712 1045 161 2836 2130 231 1416 518 497 2352 645 900 26 735 550 747 2088 1649 2538 860 1878 1544 1636 947 1096 1489 2439 445 1051 2050 1679 1586 1444 2815 1148 1710 1486 1417 169 433 1307 1993 925 1328 1623 1123 2046 1369 1870 179 769 1701
000333.jpg,196 98 353 701 776 910 1819 2334 1864 40 781 2264 2462 2361 1696 2391 574 233 2001 1170 2210 23 1077 1667 1402 1515 809 2081 690 1643 2291 1042 865 1080 2067 1537 148 224 1744 2362 2691 2520 2132 1426 2203 2474 2261 128 510 915 640 2278 425 896 413 1173 206 420 1344 2256 42 2325 1817 381 1139 1578 2494 1973 1397 2014 1711 2778 952 343 69 1493 869 2366 466 2677 281 153 1157 2841 995 1223 820 2162 370 2378 66 2585 285 351 1354 2521 1359 2346 1577 375
000334.jpg,85 987 2044 312 188 2832 1405 1993 1934 556 2046 2501 1617 992 1656 635 611 562 547 155 1386 2528 1102 1319 860 943 1417 1788 1422 1848 2011 2419 2790 2411 1983 2289 1624 659 2538 134 1782 1381 260 2650 497 2631 305 1552 169 1489 2088 1640 2574 440 1644 2076 4 51 1190 550 2241 1901 2358 1428 259 1586 2082 1208 2034 2544 563 2713 2515 439 784 2007 715 48 1092 606 2836 2817 1926 2721 559 463 2424 2454 2270 2439 2397 1545 1569 1029 1623 197 2840 433 221 1878
000335.jpg,2171 2043 2810 2666 650 2346 2816 1916 1891 1723 475 807 411 2643 922 2841 375 1188 2726 6 1260 759 285 510 1711 2261 1153 163 1703 2779 420 2162 750 1882 2768 1397 1326 1817 1502 473 1702 388 2502 334 1150 1515 1603 372 2521 820 980 1744 1288 2014 620 37 2216 1227 148 2762 136 468 102 582 306 1858 2128 2122 1884 476 278 2194 1605 1074 2620 1922 1083 546 1471 1061 953 521 1637 1221 1412 2829 177 40 1541 2274 1844 20 1173 2366 2571 506 1610 1488 1808 1582
000336.jpg,2600 942 2458 1705 2085 966 1331 1681 355 1384 487 1614 2543 1673 2660 1495 908 1017 1002 1396 2257 1105 2262 1739 2696 1695 1554 1370 54 1853 1000 2664 392 1119 921 1978 1031 50 243 2369 1290 791 813 94 360 660 1893 542 1518 631 2596 1565 1676 710 2282 2259 852 2782 186 2064 1287 2746 1508 253 1442 2299 1966 1717 199 1992 1036 984 2490 434 2290 2318 21 2341 1152 1301 568 432 886 1033 2384 337 1742 2803 2559 1455 2788 1131 519 3 332 595 361 512 2392 417
000337.jpg,1198 1113 2494 117 1371 543 1922 907 327 1144 1426 1423 2203 1184 2263 2678 1641 1263 23 466 690 781 2359 375 39 2503 1960 1687 1219 104 474 2448 851 531 2114 1152 2303 498 2572 629 2677 1080 1036 1502 2726 2124 1537 946 1616 2086 2620 2162 265 84 1954 1726 2014 2334 300 2288 425 40 2115 854 1205 306 1458 198 1817 1570 281 944 1183 1979 1738 167 2571 2169 844 2410 136 1700 796 398 2497 621 275 1654 915 2128 1536 2502 1326 2761 581 980 1357 1501 351 2141
000338.jpg,4 2790 312 1545 1407 1624 2082 2528 943 1644 2832 1146 1926 59 987 1934 2270 1102 2389 221 1752 1656 2411 556 2501 1405 188 2817 860 2300 2044 626 85 547 2367 1202 611 169 1386 1737 817 1319 1316 635 26 1489 1417 1993 2840 947 2241 1190 1617 1544 2837 1092 2439 2424 1381 550 2713 2454 1782 1444 1552 1799 2515 1870 1468 266 1701 2046 562 1623 283 305 1261 992 2556 433 2045 2011 463 2272 1328 2312 2707 712 1029 826 1796 2069 440 260 1710 445 1983 1679 2375 2769
000339.jpg,2757 1759 1753 2622 1125 70 1834 1390 2772 2077 18 2777 1842 2478 315 1557 601 431 2 2510 1839 2561 2015 2663 1252 1165 951 1035 2302 2818 2323 767 2315 522 1558 191 898 1075 1597 2702 714 426 1207 2242 589 1798 2409 2161 2149 2624 1334 277 1230 1928 297 688 2644 990 364 737 1235 502 103 1845 251 2504 1980 2040 2656 727 2143 901 2728 2685 889 2121 1256 1087 2542 2686 1817 395 1443 2057 24 1801 1055 1001 2667 634 2668 581 332 1166 2601 1427 1711 1333 136 2719
000340.jpg,2721 1096 1416 1948 1860 1316 1051 1569 2272 100 64 2556 497 2241 48 1796 2628 1381 715 1496 1617 1658 2815 2034 1993 562 2713 1586 305 2545 1782 439 2650 1584 1218 1261 2755 1362 2769 1897 1656 2023 747 2352 2454 348 201 1640 817 1453 51 550 2836 2817 712 155 26 1926 2826 1045 1636 518 1422 547 1490 1965 440 1840 1544 860 2309 1623 1901 1407 319 784 1328 1701 659 2045 1679 260 2289 1663 1029 1649 194 947 2538 169 563 1319 556 1552 1489 2300 1444 735 161 1710
000341.jpg,1054 1444 1649 2628 1679 2707 2011 645 1328 1544 169 2840 1663 2439 1623 735 947 1782 2837 445 2836 440 1617 1029 2767 1381 1045 1840 51 2241 1658 712 197 769 1261 1417 1218 201 2130 860 2050 1422 2650 2352 1993 1870 1489 2769 1552 2289 2454 260 563 900 463 179 2735 433 1437 2713 2826 2375 2272 1860 1710 1486 194 489 2649 2046 1253 161 1307 1369 26 348 134 674 1416 992 2556 480 1752 1316 925 1948 155 2815 319 1701 168 59 550 1640 1051 965 231 1545 1208 1148
000342.jpg,348 2769 2241 26 2454 2130 712 550 925 445 2050 1870 2649 1045 1369 2375 518 179 2840 735 2538 197 480 2714 1328 1381 2011 1782 1422 645 1617 1710 1983 2650 2289 260 440 463 2628 433 59 1640 1644 1701 1417 1453 1840 1029 1489 1656 1444 1552 64 2713 860 1658 947 1624 2836 2034 312 2721 2826 1486 168 2088 659 562 1934 1649 51 305 1901 2501 1416 1752 1679 1796 2439 900 2817 817 1948 1092 2545 161 201 2556 2832 563 1544 1569 134 1663 1993 2528 2790 100 2574 48
000343.jpg,1471 924 953 1487 335 300 2573 1891 1006 1400 38 1703 1488 2768 2230 2197 2346 167 115 2726 2620 1687 1922 1738 1995 2666 1502 2841 2216 2508 2448 1315 1288 2494 650 2521 1397 1916 420 1817 148 1882 20 1150 214 1723 510 909 327 2188 466 1711 1391 1308 1602 1363 1596 1802 762 2571 2314 2348 2567 2077 2779 443 84 2366 2762 2478 37 2705 475 2640 2599 498 1113 1089 2162 586 1180 1082 1753 1186 1720 2169 2442 2260 1889 745 1866 1975 411 2179 1902 2360 2171 581 2772 1821
000344.jpg,2327 2206 2662 557 1432 1345 801 1724 1776 2694 1575 879 2581 1947 1086 1350 2659 514 797 1030 2187 228 885 130 2590 287 1193 1675 2363 976 2460 263 77 1043 2517 170 798 1494 2524 2127 1279 842 1196 2703 2672 133 880 2174 2321 1792 1034 1358 57 1807 2189 1877 366 961 2739 857 1551 1539 2456 82 1377 2844 2548 1295 720 583 470 210 687 2332 2461 1215 242 2004 1862 588 1522 2385 46 1887 1191 1549 1861 2801 2123 1375 1276 1457 1291 414 1664 1238 991 2185 746 704
000345.jpg,1944 1055 2741 2294 2580 2728 1874 137 2435 494 2766 1212 2057 1899 725 1452 2291 2135 2558 2207 899 146 574 2708 2825 140 1223 116 165 447 1868 1825 2813 647 204 1777 1606 1940 2683 1937 2639 1088 2842 692 2248 1185 2757 2382 1463 2719 1067 1056 657 1075 686 1076 2036 2736 2121 1001 1390 97 2809 1126 1464 2286 2438 2292 1759 1547 2350 1986 491 1931 67 2319 1935 1473 898 804 2305 1334 2068 1557 995 1130 329 79 1558 482 2436 2143 948 2622 2378 1639 202 2506 1601 1711
000346.jpg,143 2517 2363 2529 2460 557 386 1684 2298 2185 2524 1807 1440 879 842 1549 2385 1295 1129 2844 1215 2187 1494 991 2738 1196 1432 1675 1629 1373 414 2801 1837 1652 1925 2206 741 718 1059 273 2771 1366 1947 795 2703 1982 514 1863 154 2581 1345 2231 2226 2672 1776 697 583 2727 342 2127 2327 1589 470 1480 2541 2590 2104 287 1193 1694 1735 2548 2002 1814 2468 2139 1411 2372 801 2321 1816 1081 1619 1522 2662 2412 1653 2607 203 2189 1524 41 1724 1 262 2208 2584 46 1514 969
000347.jpg,2185 1684 1411 2584 1129 2298 1446 1694 665 2529 1294 557 879 1360 2616 795 741 2517 1619 1514 1630 1112 2481 2801 1520 2727 143 1215 1776 2269 1440 386 2468 352 2189 1925 2460 2139 600 1291 2246 2100 414 969 267 2385 1238 1 1258 1278 787 718 1947 685 2363 2412 1242 810 1445 2844 1366 2399 2738 299 2524 2484 46 2266 1982 2662 2213 551 1698 2444 1837 1043 342 1994 1863 1939 195 2223 720 1432 234 228 1812 837 1816 1524 527 2327 1571 1324 1807 1539 2330 1295 2271 2431
000348.jpg,2840 1710 900 433 1983 1701 1437 2424 1417 860 197 559 2652 2419 4 978 445 2544 674 2826 1208 1190 1848 2515 1489 134 1878 1307 1319 1617 992 1486 2011 2707 489 2241 2375 1752 2148 611 769 188 169 970 1552 943 2084 1679 259 1092 1623 977 1316 906 1148 2713 2076 2200 563 1054 2046 26 1428 1328 2769 2289 987 1202 524 1045 260 547 712 348 2628 2832 2574 2358 735 221 1123 1782 1926 1656 1444 1386 2790 312 1468 497 2724 1146 2272 556 1586 1261 1369 1895 319 1870
000349.jpg,754 1231 2756 757 119 1728 2021 1296 2320 2533 1149 80 135 1383 1984 1265 634 29 2413 1312 558 707 1478 24 967 2673 2143 1849 424 2354 1689 1804 1448 2295 2323 1597 426 2472 293 1722 304 1269 2430 1867 2024 983 1533 2408 286 213 2178 2784 2277 2172 1719 19 2615 695 251 184 1394 1035 240 2390 218 2561 2638 1427 529 2566 1798 1945 962 1529 1839 2644 658 1683 1898 1593 545 1693 395 2040 727 1230 898 2504 1175 520 589 1610 766 2113 739 2757 368 2066 1883 572
000350.jpg,364 803 436 2040 101 1900 374 2381 215 989 2504 251 395 2759 2644 572 737 962 1230 529 1798 2579 1106 1427 2238 766 1361 1559 2323 545 341 581 1394 328 2546 1115 1801 1451 1257 1951 2000 1306 1683 1389 2540 614 1137 1883 1693 789 898 2784 589 1786 2114 2149 727 714 1353 2242 2178 2277 646 1971 2066 485 1357 304 2787 2656 2113 1213 1175 1558 39 1898 293 1091 1207 2561 2054 240 658 1839 1035 926 1818 1166 2409 564 1180 1300 70 1231 1997 315 1087 1928 2478 1493
000351.jpg,557 2460 1684 2363 879 2298 2517 1619 143 2529 2185 1925 551 2727 2524 2385 795 342 1129 2801 741 969 1366 1982 46 1215 2139 1863 2738 1816 1520 1440 1411 1947 1776 2844 414 1 386 1059 1360 1480 2468 2584 1295 2215 2226 1514 2431 665 1837 1549 2269 2541 352 2327 1446 1807 1694 2590 1196 1242 1724 600 797 2399 2158 2709 1814 299 273 2481 228 2581 2100 2607 1373 2783 2371 961 2771 718 2484 1698 1025 1572 2189 2455 651 2206 913 2104 234 2332 2223 667 1294 1509 2187 1350
000352.jpg,1796 2755 2045 1656 2023 1584 943 2790 1407 85 4 860 987 547 2817 1788 188 1386 1926 1405 817 1489 1102 2082 2528 312 2544 26 556 611 1319 1934 2034 1417 1701 2270 1993 221 2454 1617 259 2832 2300 258 1848 1552 1029 463 1624 2721 1644 635 1710 2545 1051 2397 2411 715 2076 1782 2358 2564 48 1261 747 2241 1381 1428 2769 2628 622 2272 1983 2574 1092 2836 2538 2501 1316 74 1658 2287 992 2046 550 1545 1046 1422 1569 1146 712 100 169 626 2419 2724 906 947 497 178
000353.jpg,1518 631 446 1301 607 1290 2282 1981 2093 1058 2796 2596 530 2140 2660 1017 2064 1237 451 921 2049 1879 2392 1384 1604 394 1909 2357 2543 487 2085 942 1567 1739 1613 966 662 50 1516 1681 1705 54 2369 2682 1742 337 997 1853 1000 1673 2664 1978 1614 1871 1893 2507 1904 2458 1331 710 542 1578 1119 1088 660 1695 2036 1906 841 2809 678 271 2757 1645 2786 1132 1686 800 2723 2089 908 1065 2087 1031 2559 709 2696 491 2600 1592 2438 1850 360 1759 1721 2491 1007 595 1554 193
000354.jpg,1489 1417 860 1328 1782 1623 1679 712 1381 1663 26 1444 1658 1045 169 348 947 1617 2836 1369 2241 2707 1054 1649 2454 1870 1701 2837 1416 1544 2826 925 900 2628 1569 260 2034 2769 1710 51 1948 100 1437 2130 2767 1261 1218 2721 1993 64 2714 2050 2439 1640 179 1486 735 1796 2545 562 715 1051 1096 2649 2011 2840 445 305 563 48 2713 480 1307 559 1926 2790 550 2650 1422 2352 463 1656 2272 2419 943 2832 440 2076 1624 2652 556 817 2817 188 1552 2289 1644 2528 2300 674
000355.jpg,2263 1525 2623 1536 1198 1371 2678 1280 732 1083 2572 474 1380 2807 181 1659 546 1726 1205 2303 1768 1318 2791 636 1251 582 1084 117 2761 1425 905 481 620 2705 2132 2514 2831 1219 2562 1596 1170 941 2475 1820 6 2030 2386 1797 2203 2048 1364 2141 1702 1285 236 2278 1880 2760 762 973 2293 265 1750 644 496 327 1802 543 1184 298 946 1113 1570 2688 2608 1263 300 661 2410 2498 2359 1203 907 45 2448 724 1183 1074 2677 482 2476 448 370 2520 387 2188 1973 40 281 2554
000356.jpg,1634 610 605 1110 410 1040 717 2830 678 257 2196 2087 1309 1142 2005 1424 1731 535 94 1966 2788 2251 32 1573 648 811 2560 112 1379 1138 2697 821 920 2746 2519 541 2417 435 310 917 2033 379 2243 2166 843 749 1516 365 1075 1950 902 2190 2843 1581 469 1014 800 1176 338 2586 1722 1871 2036 855 1131 2525 2151 2073 2299 983 2492 187 1913 1601 279 1800 590 2653 1794 1382 2447 1693 1850 2239 1410 1020 1805 1466 775 2106 818 2733 1748 462 1992 2684 2763 937 19 1068
000357.jpg,1705 2600 1681 1000 1853 487 942 1695 1739 2085 54 1384 2664 1893 966 542 50 360 2369 2458 710 791 1508 1673 1331 1614 660 2259 2543 2782 1287 337 1031 2660 1290 631 2803 1518 2282 2696 1770 2596 921 355 1565 2257 1742 2064 1370 1105 1554 813 1396 361 2026 566 1920 1017 114 2647 607 893 289 1398 243 199 21 1301 1033 886 417 1717 2723 1686 1890 2384 432 530 62 2049 2796 681 512 381 1579 945 2668 1423 2497 1906 1784 2334 332 1562 136 2559 302 2451 1442 451
000358.jpg,1335 1532 2099 28 238 532 1961 2479 972 330 2052 1680 503 2119 1376 2250 1917 2028 296 1704 354 838 587 671 772 1111 734 2177 2592 1708 1827 2017 602 1741 209 2228 633 81 618 2764 1021 239 152 245 449 1563 408 653 2370 799 356 27 2674 1282 1297 92 458 2193 1472 2698 1117 505 2062 200 2534 2527 120 721 1339 1635 2812 711 390 2322 2693 313 580 2681 2557 1896 1746 1127 2552 968 705 1781 2365 2164 1956 533 1274 849 2316 771 1967 2402 49 1972 2814 2283
000359.jpg,1753 1125 70 2777 2077 2772 18 1842 2478 1834 2757 1759 2622 1390 2561 601 315 431 951 2510 2 2663 2015 1557 1252 2818 1035 1165 1839 2302 2315 297 767 191 2323 2702 522 426 1558 502 2161 898 103 990 1597 277 1075 1235 1333 369 2546 688 2024 2242 2149 2143 2022 714 1460 1798 2601 536 1413 569 24 1323 364 1391 2685 901 121 1186 2471 2504 967 1418 2314 2624 1980 578 1427 1711 1230 1389 2277 737 2656 1087 1132 2728 634 215 2653 1207 1845 251 1793 461 684 193
000360.jpg,2738 573 1618 352 1409 2253 1571 879 1349 616 961 2372 591 1837 1539 1828 2223 557 124 1698 665 1619 527 166 642 1446 1095 17 600 2675 2648 195 2460 2481 1812 846 2269 405 2399 2835 651 2255 2709 1994 2208 317 1925 2226 2131 1421 2801 1684 2338 1607 2100 1112 2431 1258 1540 996 2530 2635 1 1564 1060 1242 2339 1520 1939 2468 1025 1181 1215 237 1491 414 1294 912 570 795 1816 2340 228 511 2266 2486 1947 2189 741 2063 1572 867 2727 2205 57 2229 1278 2363 857 1792
000361.jpg,1752 1102 2790 1545 2300 1926 2832 1624 221 547 1656 312 943 817 2817 4 2367 2389 1386 2501 1146 987 2528 85 2082 1644 950 1407 556 1316 59 2270 1319 2044 2411 1934 611 860 1405 440 626 188 169 1649 2069 1417 1496 2556 2289 2631 2836 2837 155 1202 1489 518 1993 2767 433 635 2241 161 2454 1617 550 2652 1782 1948 2707 1701 2272 2713 2011 1636 2130 2046 2538 1422 2840 1416 1381 1840 1663 769 1640 2628 1710 947 992 2375 735 1453 100 2515 2352 1737 1444 1051 1544 1679
000362.jpg,2277 1801 2323 1839 2644 853 395 1230 658 431 898 529 1035 1683 545 1798 1394 2510 251 1558 2622 240 70 589 1753 727 2757 2579 2784 1557 2772 2478 1207 789 1427 1087 1125 1390 962 1976 1834 2242 714 461 1898 1759 1333 374 315 1334 2072 2777 1312 2077 783 2504 614 2540 2759 1389 572 1306 2325 803 2546 581 426 1137 2022 1173 1252 2149 1361 737 18 2561 2015 198 1842 2400 1451 1213 39 2113 110 2671 1165 1162 1443 1728 2000 1175 1928 101 951 2381 2040 485 2066 1597
000363.jpg,1871 1007 1138 1800 1385 1731 2613 1992 1779 1645 742 406 773 2763 2102 1707 257 519 2145 1894 1511 2757 11 1759 368 1165 410 392 601 191 800 1850 535 2663 1721 2 431 684 2341 253 1455 1557 664 18 1767 2036 114 1876 1460 2622 1390 288 94 2388 424 883 1442 1842 2723 2302 1418 709 2510 315 886 336 211 1969 1686 1311 1325 1725 1770 250 1424 1966 199 631 597 1975 2315 1526 811 1968 1784 2110 2390 369 1012 1529 2685 70 2299 2746 289 2021 1722 2744 1733 531
000364.jpg,802 142 555 429 868 1492 1890 878 2217 2078 176 1256 1699 554 2029 417 1431 1888 1562 1430 2743 1553 62 1053 289 2668 427 2415 2786 597 1033 332 2227 2423 886 21 1393 1398 302 361 979 681 2108 1418 1686 340 292 1886 1065 2384 1588 2568 1793 2451 199 743 78 866 36 1132 901 893 500 193 2267 2117 432 988 733 536 1236 1499 121 2757 2380 1557 1390 680 1759 569 2622 323 315 707 1165 1849 571 2299 2788 2559 2090 1272 2290 2333 434 601 1599 370 380 73
000365.jpg,2755 2023 1584 2045 258 747 1796 860 547 1029 2034 1701 2545 1656 2272 1993 1545 4 2836 770 1489 1586 2482 1782 1407 169 1788 497 1320 1386 1569 715 2721 1617 817 440 1926 2046 2454 259 1417 85 26 943 2790 100 1381 2628 2300 2082 48 2837 2241 161 1710 992 463 1051 987 2287 1624 64 312 155 1752 550 2528 1146 2735 2270 1658 1649 51 2817 2564 1544 2538 1416 2832 433 2289 2556 1319 1552 1405 1102 2769 611 305 2439 556 2389 1948 1897 1444 1261 947 1848 2650 1316
000366.jpg,1569 1362 2721 2272 1096 1897 1860 64 100 2650 1490 48 1416 1316 1948 547 1453 2556 715 1496 439 1051 305 497 1386 2289 1901 1319 1993 562 155 2034 1586 556 2713 611 2628 747 2241 2270 1381 860 1617 2082 2769 1218 2545 2309 1261 1640 2815 188 2046 1623 440 2433 169 1658 1782 2755 51 1656 659 2076 1636 1701 518 987 2631 1422 1544 550 1840 2300 1796 1965 992 1552 2376 1926 2538 906 817 1788 2454 784 1584 770 2836 1489 260 348 201 1663 2837 1679 231 2352 1848 1405
000367.jpg,240 16 483 789 2784 1300 1469 1447 2277 44 2579 328 2323 376 766 1361 2540 1804 2504 1483 1898 1801 251 1389 658 2054 727 614 2000 1693 1353 1161 2547 1683 737 967 1513 1672 1091 2644 2249 2238 1427 1728 341 407 589 2242 1176 1230 1798 2381 1996 2785 60 581 2149 529 824 395 714 1334 1743 1749 898 803 1178 2190 1900 983 1847 1476 1451 1561 132 2759 761 291 1093 1087 39 2040 1719 293 695 2202 2656 2317 1559 2546 2066 545 2178 374 596 1883 1231 310 1106 1115
000368.jpg,1742 1370 921 1614 1105 1554 1331 908 2064 966 2696 243 1384 1301 7 487 813 2458 1396 530 1673 1604 2257 2793 1681 1705 1237 2660 451 2085 1981 2600 355 337 1017 2049 942 1567 1290 446 2336 1968 1271 2282 2490 3 1946 151 1058 1642 871 2796 975 1518 1495 301 631 2140 825 774 2492 1909 2170 1002 2658 765 1094 2543 2299 536 186 2519 984 567 2290 54 1966 1246 1142 662 2005 320 1132 1311 1566 660 1936 2417 2369 50 1893 2559 1739 1581 392 2251 710 360 12 2560
000369.jpg,757 754 1728 1231 135 2756 558 2277 2413 2024 2320 1296 2143 24 1804 2021 304 634 967 213 2533 2323 119 2295 1312 1898 80 1394 426 545 1533 1984 1149 1383 1265 2178 1597 1839 1689 2784 1035 2472 1448 424 1478 2561 707 1849 2430 29 328 1719 251 240 2638 1266 983 1766 1427 1683 529 2808 2055 658 2504 70 2640 766 2354 1976 1945 2066 184 2546 1867 19 2408 2113 2644 695 1952 2757 1722 1801 1389 444 395 141 293 2077 2390 898 2673 1230 2772 1063 1023 1469 2759 1269
000370.jpg,2045 2755 1584 2023 258 860 1796 2482 1029 2034 747 1701 2545 259 1656 2046 715 1586 1489 85 547 100 1569 26 1993 169 992 497 4 1417 817 2721 1782 1545 943 2454 48 2735 2272 2287 1710 622 1848 2836 312 1552 2564 1386 161 2628 2538 2790 1407 2528 433 1926 64 770 1051 987 463 1788 1617 1381 74 440 1253 550 1388 906 2837 1261 2241 2650 1320 1897 1362 611 2289 2832 2300 2817 1405 1319 1624 2082 2424 1544 1146 2732 51 1190 1934 1092 2544 2439 518 1414 1870 1102
000371.jpg,1243 338 1131 730 1526 1379 2290 2746 1511 336 365 2516 544 248 1783 1442 1309 1779 1079 1325 1969 1466 2151 1005 1020 2560 2830 2102 1455 112 1385 1581 1424 1794 2788 2730 678 406 1498 1966 392 410 2549 2763 1311 717 435 811 253 2145 1133 1992 610 94 2299 1670 1068 648 1573 1968 2251 855 1634 773 870 2341 434 821 1707 1850 519 2364 593 1165 881 937 2302 1007 538 605 749 800 2518 1040 2680 2377 709 673 742 2005 191 1073 2519 2492 1142 535 1138 1094 774 1390
000372.jpg,2786 979 1065 176 2227 2743 554 1033 1393 1562 571 332 2029 1132 597 2384 340 1256 1418 1588 1686 1890 988 2668 429 2629 417 868 536 1266 555 1431 1952 193 1888 886 2539 964 121 2808 427 569 289 802 2108 142 1429 2090 432 2451 2120 36 21 2221 1399 893 2078 2217 2798 1492 2415 199 1430 2117 2031 1553 1398 62 680 1793 500 302 361 2568 901 1070 1699 292 2428 2640 866 733 681 1053 1499 878 729 2333 2038 1268 1886 2423 2335 78 2578 1449 2671 2757 1337 967
000373.jpg,1045 2050 712 1544 1369 925 2439 735 51 179 2649 2130 1444 1328 2454 1617 169 1782 1658 2837 480 1663 1381 860 26 1679 2241 260 1870 1489 1623 2769 947 2836 440 550 348 1993 1417 2628 1840 1218 1422 1649 2826 1054 2707 1437 2538 2767 900 2714 1261 943 1552 305 1796 1640 2840 563 562 659 1486 2011 1701 1405 1656 2419 518 155 445 1029 1569 559 2397 1710 2088 2790 1901 2650 463 64 2289 1407 715 2424 134 2721 2034 2817 221 197 2076 1644 312 1307 1878 2713 2545 1860
000374.jpg,2223 472 1571 1698 1803 195 1607 1618 2738 2758 166 1509 1341 1540 2372 1059 2340 961 2253 616 600 1069 2100 2444 573 1988 1 1101 888 1828 2385 2513 2635 405 1349 1409 124 1060 2138 2662 1215 1811 2431 17 262 2835 685 2063 352 1355 591 1278 2710 1862 2131 2473 1167 1095 2338 1181 570 1724 2205 2781 1837 2246 741 1994 223 642 527 2339 127 846 267 551 147 2801 1564 1622 1375 1373 2614 414 716 1129 2399 2266 1520 2327 1812 1807 2740 2486 2255 2709 1539 2771 2692 1524
000375.jpg,159 1097 1293 326 1143 580 2402 1972 1822 655 721 331 1912 1921 31 1037 1008 1317 464 1187 1706 1756 2301 1647 1831 1967 430 1730 1395 654 2406 2407 1655 2765 2053 2062 1124 390 758 2611 2061 108 2236 1022 1929 2429 1050 2398 534 125 478 2715 389 1378 1118 840 936 2687 999 2505 2465 1648 484 788 1465 1297 471 1018 1262 753 1026 1923 1789 1281 1662 2232 1275 1635 504 805 1039 786 1692 456 1475 1755 2467 2244 1715 2565 2059 467 1568 1220 346 363 927 1438 1472 782
000376.jpg,894 2554 1315 1364 419 2831 96 2571 2705 1251 2153 2401 1336 481 476 1797 732 122 2261 644 1188 620 1013 181 1108 2194 661 2079 762 1632 1927 2476 2425 669 1625 2162 1283 1083 1318 1702 2760 37 2160 2030 1536 2168 2643 759 236 42 1456 2807 869 1227 1661 2720 1284 586 95 636 205 2427 411 1560 2442 300 2791 2313 592 506 2608 2591 2498 596 1488 1987 468 2726 40 2841 2688 6 2188 744 189 2060 387 2278 2182 785 1032 621 396 2612 1260 1064 829 20 443 1858
000377.jpg,1753 1125 2772 2777 2077 2478 70 18 1834 1842 2015 1252 2757 1759 951 2622 315 2 1390 2663 2561 2818 431 2510 1557 601 1165 2302 1035 2315 1839 191 767 2702 2161 426 2323 103 369 297 277 1460 522 1597 2024 967 2685 1980 1075 990 688 1323 1235 2143 1186 2242 24 898 2314 502 2546 1391 1989 1558 2320 536 2000 240 634 1443 1115 2624 1413 1804 211 121 2277 2601 569 889 1333 1845 2653 737 581 193 1132 1801 707 1511 1711 1334 39 2686 789 2149 2504 2040 2409 578
000378.jpg,1087 898 1558 1333 714 2022 2323 1928 2277 783 1207 1839 589 2072 1213 1801 1683 1228 1166 2242 2149 727 658 2066 63 2113 2737 853 1798 545 1298 1334 182 1434 1230 2409 2656 1035 251 949 614 304 1427 1394 485 2178 2504 1712 426 1137 1785 1597 395 954 240 310 2644 2540 149 789 1019 1631 1561 2546 1361 1389 529 2757 2784 1590 2112 1306 1004 213 2143 1343 1175 1693 962 1760 1898 24 2016 2542 737 895 940 407 803 75 2622 1173 2040 2759 198 617 2561 93 540 364
000379.jpg,181 1702 620 732 1797 1515 1232 2643 1364 2162 582 1083 1570 2278 37 546 1108 2841 375 2048 2168 5 2502 2457 609 6 40 759 1251 2726 2346 2571 2263 2203 752 510 96 419 1768 106 468 2554 1283 807 851 1318 661 1188 894 1088 1744 844 1927 2014 1502 42 2404 1326 1536 669 2807 476 2591 1661 2261 2128 411 1916 122 2521 586 475 2141 2761 2124 1591 2760 2448 1074 636 236 690 650 285 2705 1488 1889 482 980 1013 1596 2179 621 2182 744 2666 2791 1931 1336 2720
000380.jpg,1149 2533 29 2320 2756 707 286 2021 2024 2673 1849 754 1597 1231 2172 426 293 2143 757 2354 119 1804 634 80 1296 2408 24 424 1728 967 1478 213 135 1984 1719 2323 1867 2390 1722 2413 1265 218 589 2054 1529 1394 2295 1383 2430 558 727 1269 1689 1533 1951 2277 1175 2787 251 1798 485 658 1306 1839 2757 184 1448 2561 1165 529 315 646 898 1390 2644 19 1312 191 1361 2638 2615 1559 2622 1759 395 2472 962 2178 1035 2302 1427 2000 520 1557 1599 304 1252 1106 70 792
000381.jpg,989 2040 101 2644 395 1900 2759 364 374 2381 2504 436 572 737 341 581 2238 215 529 1230 2579 251 803 766 328 2323 545 1361 1559 1106 1801 1683 962 2114 789 2546 1115 1427 1798 1394 2277 2000 1693 1451 1091 1353 1389 1883 2242 926 39 1357 1137 1257 1951 2540 1306 614 2178 2066 240 2149 1818 564 727 304 2784 2561 1035 1786 2288 1898 1839 1213 1971 2656 589 2787 2113 898 293 1180 407 1231 714 70 1300 646 1175 483 2409 485 2653 658 2054 2495 1207 2077 1753 1166
000382.jpg,879 557 1684 2517 2460 2363 2385 2738 1619 1059 2727 2529 143 342 2801 795 1295 551 2185 741 2524 2468 1807 1694 1509 1129 1925 1514 273 307 1863 685 2298 2189 1215 2844 1 665 2226 1421 1629 2372 195 2223 2481 1520 2431 2584 2271 1446 2104 262 1947 1698 888 1411 2269 2662 46 2709 147 166 2740 1112 1360 1549 1982 1837 352 600 1816 2273 1524 2187 1366 1071 2717 386 1540 2595 2213 810 160 1291 1480 697 317 969 1294 787 1373 1440 414 2340 267 2175 2783 1278 991 2648
000383.jpg,1753 70 2757 1125 2772 1842 1759 18 1834 2777 2077 431 2510 2478 2622 1390 951 2 2015 1252 1557 2663 601 315 2818 2561 1035 1839 2315 1165 2302 2702 767 277 1980 1075 191 2161 2323 2685 1443 426 369 1938 889 502 522 990 1460 2686 967 1747 688 1597 2601 2143 24 2149 297 898 1235 240 2624 1833 1845 1418 2314 634 103 2024 211 536 1413 684 1391 2242 1132 2532 1334 1186 1989 2656 789 1333 1711 2295 1689 2276 1323 2579 379 1767 2471 1558 1976 1975 714 2022 461 768
000384.jpg,653 2025 207 2794 61 1787 225 139 239 296 1274 534 356 209 1011 192 838 1282 2669 2173 1127 452 2396 2137 1022 2531 1967 268 408 2091 1018 525 2693 1692 245 2429 1780 2280 131 1662 2059 1635 726 806 1875 1503 1275 1475 390 654 31 2236 999 1050 1706 1024 822 782 53 1813 580 389 2285 2142 467 464 2164 1655 1356 295 1248 495 2311 1918 1598 159 625 129 1781 1435 1929 1923 484 504 858 418 1378 52 1481 758 326 2715 1789 1124 1612 1715 2232 252 2070 927
000385.jpg,2705 2831 335 300 8 2571 2535 2591 745 325 1090 1474 2230 953 2079 20 1671 924 1315 167 762 586 621 1352 1308 1922 1006 2216 2678 2620 2197 2160 1150 2222 443 2476 2293 1797 1082 1203 1322 1364 1817 2706 205 1537 1661 2401 1488 2366 1400 1471 1336 1891 2162 1074 459 1380 1763 111 666 2573 644 2726 599 2463 1666 488 510 2203 2567 1907 1447 2452 1219 2442 2688 1711 1738 1596 1015 2498 690 1232 1687 1550 387 2448 2779 2841 2599 136 37 1726 2179 1881 938 1144 2449 2521
000386.jpg,1752 312 1545 4 2832 2790 1102 1624 1146 2528 2389 2501 987 1319 547 943 188 1644 1926 611 817 59 1934 1656 85 2817 2411 2082 2044 626 556 2840 2300 221 1405 1386 2424 1737 1407 2375 2270 433 1202 2367 950 1190 2652 2011 1983 860 169 2069 440 1029 2289 2515 1316 1422 283 445 2419 2084 1701 463 635 1617 900 2358 2574 266 1092 2836 769 134 197 1993 1417 1489 2148 1782 1710 1486 2707 524 1848 645 2397 1649 1496 1208 1775 1414 674 161 1428 1663 489 947 735 2241
000387.jpg,2464 2725 957 1515 2457 2572 2404 844 509 2448 1889 1797 2562 2168 1766 498 609 1596 1880 2678 106 1696 2048 1364 690 2278 5 1280 621 1960 1371 466 1661 2751 2128 744 2056 2182 1927 181 1426 2203 2760 2014 2124 1632 2115 2522 45 1525 894 2351 2263 1318 2153 42 96 1659 1536 1251 1726 40 661 1199 2476 2141 1768 22 419 23 762 1032 236 1616 425 2521 1602 510 620 1744 388 2162 2508 2571 375 2060 592 1488 745 473 1139 2608 1702 1802 1326 2503 171 1610 732 1637
000388.jpg,2119 28 505 152 458 2819 587 1335 2370 1741 2193 1827 238 2716 1563 1896 2479 2181 2500 2283 2552 313 849 2689 2557 2674 2365 2681 1912 1680 1111 523 847 2250 602 734 2099 1339 705 972 1143 711 1706 2534 175 2527 2177 1532 580 159 92 81 1293 1118 1297 1097 1655 2592 464 503 2228 2052 2062 354 1003 1822 1955 330 2236 772 1475 2191 1281 1314 1708 31 927 532 2322 1376 125 2053 1831 1730 999 2429 68 726 2806 331 1117 671 326 129 1465 633 2812 1704 501 2144
000389.jpg,1254 1310 702 1107 284 903 1512 2471 1908 2601 1720 1830 835 65 768 1608 1821 931 1340 848 502 2388 250 1114 1975 103 297 1186 2276 1323 1845 990 688 2624 1235 2314 1391 578 684 1767 2802 1413 126 2579 1178 1120 2239 789 2166 1907 1507 2079 1410 1336 1147 32 1277 2684 590 2160 83 1382 87 2192 1943 2605 1517 1016 2106 1678 373 2550 393 1734 2525 736 993 2073 2254 240 1950 2284 357 1620 1315 575 917 102 2591 902 2033 1353 1013 1919 1028 187 2733 728 55 1467
000390.jpg,464 52 295 999 418 1706 1481 1475 2429 2806 2236 726 1662 2634 484 1275 2407 467 1022 1787 2398 225 753 452 758 2059 2244 108 534 2301 840 363 501 1730 346 1929 207 1789 1465 129 786 389 1378 2669 1655 61 2690 455 430 1831 53 2053 1503 331 2142 2025 1692 2715 927 504 2467 806 1923 1062 268 1039 2821 780 31 1024 628 655 1008 1918 478 1967 936 2465 2505 1220 1262 89 2765 131 2632 788 1018 1097 782 1124 159 2611 1813 822 1317 2061 390 2470 1293 1438
000391.jpg,2666 650 2677 820 334 285 750 1723 1891 1221 629 372 546 1916 1541 420 2359 1603 2346 1882 375 1922 1537 1570 2494 475 1462 281 807 1501 2502 2671 1817 6 1397 1902 2810 915 136 2161 944 2620 2726 224 148 582 1582 1767 2014 2171 531 980 370 2222 1700 1884 425 2152 1080 1272 854 2043 1605 2768 117 1711 1285 306 1654 1557 2108 2162 39 128 2124 413 1412 351 2154 2000 956 2132 796 454 1390 2001 2828 315 2599 1559 640 1502 1979 672 1326 2653 2387 2256 5 2261
000392.jpg,2728 1055 2294 2825 2558 2766 2207 1825 725 1944 1056 137 165 1463 2708 1076 1935 1134 116 1067 1940 491 2435 246 1606 2736 447 362 2286 2305 140 97 2041 1868 1452 1547 1126 2580 692 2135 2511 2438 1185 1841 2292 2239 1899 1212 2382 1937 1464 1592 1874 682 2073 2741 146 2842 1223 2569 2068 1130 494 899 1950 204 541 1777 2036 804 79 2813 2665 2719 1639 2319 271 722 657 2326 379 2393 920 329 1962 2436 647 1986 751 2057 2258 686 948 2291 2033 2598 2248 2506 1942 526
000393.jpg,1179 2252 2491 1583 2328 1769 998 1977 1578 952 887 2682 2778 1651 1354 919 1531 748 1063 118 1791 1579 841 930 639 2792 1920 916 945 9 567 2097 2647 227 2065 1667 982 819 114 1470 2723 2729 2225 1770 1367 2575 1851 763 2042 2711 382 2379 1585 2349 928 2310 517 875 1211 1368 778 1657 923 1528 1042 1970 2334 492 2459 515 1154 1819 2462 1854 2488 311 2103 1344 566 25 808 2304 910 2026 1239 1210 2580 1864 2757 579 2081 2658 2550 2762 1507 512 102 7 278 528
000394.jpg,910 1819 353 776 196 1864 1042 1744 1661 1515 2001 40 98 640 574 2726 1223 1643 2334 701 136 915 2210 1504 2162 1817 425 2152 1402 2324 1579 1667 128 1711 375 2474 2502 1501 944 2841 2462 5 2828 1272 381 206 2291 1436 1625 13 2391 2829 1585 896 177 1922 2475 2036 2362 247 869 2132 781 522 985 672 153 2325 379 372 660 2261 933 669 2218 1902 2520 224 222 409 2677 413 941 2103 2122 809 496 629 2671 639 1582 2582 9 2457 323 1700 796 841 807 1541
000395.jpg,484 1475 1662 1787 1967 467 2407 2059 2429 1789 53 2794 2236 363 1275 2301 758 1024 268 1022 534 1282 295 1124 2053 452 390 927 389 1929 1923 478 1037 786 1008 1274 999 2531 108 408 936 129 471 1918 1635 1356 1127 2465 2505 726 430 1438 131 2025 89 2669 501 2765 239 1039 840 625 1050 1273 2396 2244 52 628 1062 1655 331 525 654 2285 2091 207 1140 1317 1465 2061 1706 61 2698 2565 753 1715 1875 1730 2280 1378 1435 679 1781 2398 1831 2634 806 1011 464 356
000396.jpg,207 653 225 290 1662 61 2693 53 1282 2531 2429 2285 408 1011 296 52 390 2091 1481 534 356 2025 2794 1918 1127 2059 418 2565 806 1967 1715 1635 49 726 838 131 1022 209 2164 452 1506 467 239 799 1787 1050 2669 2470 1475 484 1612 1024 1875 1692 1275 1018 389 999 1274 2396 1503 2053 758 1465 252 108 721 2611 786 840 782 1780 1706 2236 2244 295 1124 858 139 2632 936 2402 402 1781 1972 495 363 780 628 1647 2232 471 268 346 455 2634 138 525 643 580
000397.jpg,52 1481 418 1022 2429 2244 1465 840 780 467 1378 295 1706 1787 346 108 464 534 2634 1475 225 501 484 61 452 207 2059 786 129 753 2398 936 2025 2821 999 1662 2505 2465 2794 758 1062 389 1918 1503 726 2142 2669 628 1655 806 1929 2806 1831 363 2236 2690 131 1789 2407 268 53 1275 654 2301 1438 504 2467 927 1356 1730 402 1018 2061 471 1039 1692 1923 1024 1220 782 430 31 2396 2632 192 2715 1008 331 2311 2565 1612 89 2611 2765 2053 2070 1317 2285 2402 455
000398.jpg,1385 1992 1779 2763 773 406 1138 2102 2145 1007 1731 1894 1800 519 1871 742 1325 535 94 1645 2830 1707 1040 1511 338 1419 2680 1424 1442 392 1850 1581 821 2560 800 610 1309 605 678 257 1020 648 730 112 2377 811 435 881 410 1527 870 1311 1455 717 288 248 253 1968 365 1966 709 2613 843 1526 1068 336 1516 1573 1466 1969 1379 2310 191 114 2516 920 2341 1454 2609 2746 1634 301 2723 1784 2087 541 1142 2788 2073 2036 1110 937 2042 855 2660 1721 1950 2239 1498 2095
000399.jpg,2334 2101 343 392 206 1717 791 1508 1565 1751 2264 1384 2655 595 1695 2587 549 2204 2362 862 208 1245 1670 1419 974 1973 2664 631 94 2462 568 1681 2627 1287 1379 1739 2808 3 396 1510 487 2318 2036 910 355 2282 1000 2170 1152 908 212 1853 2560 1120 542 1642 1344 942 1633 222 338 816 1183 1454 271 781 2064 2497 2537 1077 482 281 1943 1455 1402 2803 2436 2132 1784 1464 2126 2559 855 2642 1819 508 2757 1817 381 2726 610 1036 2577 1922 915 1160 1325 1085 2001 1105
000400.jpg,1944 2294 1055 1056 2207 2728 2435 2580 2766 2825 137 1899 2558 447 804 1452 2842 899 725 2135 1825 1076 1212 2057 1874 1606 140 494 1067 2708 2286 329 146 2291 1868 204 1592 686 165 2741 1937 2438 2813 2569 1223 1841 2248 79 2382 682 1134 116 2068 1547 1463 491 948 647 1185 1464 362 1777 2719 1931 574 1639 2305 1935 2511 692 2736 246 1940 2292 2436 657 2393 2326 2036 2639 97 1126 2022 1333 2683 379 2526 1711 1986 995 2757 70 2509 2319 1753 278 677 1842 24 2762
000401.jpg,1255 986 123 1236 1477 2380 2267 882 2490 432 2580 1757 2405 1041 853 2391 2559 2170 204 1868 1452 2001 2318 1958 2294 1670 2150 568 1499 140 796 1067 1173 2291 2378 1162 500 868 1851 1944 429 574 2741 743 79 2325 1557 2068 2599 909 2658 995 2366 1390 1986 347 1157 151 2121 698 1600 2568 1747 540 2379 1902 2757 2214 1165 1869 901 2036 981 1548 555 2387 528 176 25 2842 1203 91 2003 1642 1420 2618 2475 831 738 792 1681 372 1484 1049 427 1430 513 2585 765 343
000402.jpg,1087 898 614 251 1137 1785 2540 1333 2066 1334 1213 714 2546 2277 789 1353 1389 1115 1847 1801 2542 2323 2022 1427 1561 1839 291 374 1161 1631 240 1928 1300 1166 63 803 1971 1590 1513 1883 2149 1257 1228 2504 1693 1558 2072 2016 832 2700 1035 545 2242 954 2409 1361 2381 93 2113 1019 617 2579 895 1712 407 1176 1447 2178 2784 2656 364 1743 540 1207 727 581 101 2040 2478 132 1434 737 341 1593 2757 529 304 182 1753 658 576 1535 783 1760 1451 2000 16 483 2054 310
000403.jpg,645 2011 440 2840 433 2289 59 769 1029 950 1840 2628 161 155 445 1752 2650 197 1649 2375 1202 169 2241 2735 2836 1444 134 2439 1496 201 735 1782 1544 2713 2367 2707 2272 1054 2556 2088 1253 1316 319 1617 965 1381 947 1993 1901 2352 2389 1422 2837 1545 1710 1636 1148 563 1552 1146 1775 1860 2767 2515 1679 550 1640 231 1788 2815 489 2482 51 463 904 260 784 4 1623 674 1045 1307 1799 1261 2424 860 2538 1417 1190 1468 2046 2477 1737 2826 2130 1328 2084 2769 2454 1218
000404.jpg,2509 1810 67 202 2583 1075 1001 2121 2350 627 1055 1406 2294 1944 1012 2728 2558 249 165 725 899 137 2766 1874 1212 2825 1606 2207 2757 2057 2435 2719 447 379 494 2135 692 2622 2708 1557 1759 1390 116 2292 1223 1937 1130 647 2813 1986 1076 2741 541 1721 917 2736 1825 876 1126 18 24 2033 2382 1899 70 1842 1056 1940 2286 1834 800 2143 2315 1950 2319 146 2077 2291 902 1325 1876 2036 948 2 482 2430 1611 2809 2748 2842 1753 1592 1125 338 2320 1850 804 1464 2772 2329
000405.jpg,290 1022 2285 653 452 840 467 207 1011 2715 1378 2137 2794 2693 1503 822 1568 61 241 758 2059 799 534 2091 389 2669 1655 2634 2232 418 1932 495 2142 580 1024 2531 464 129 31 1062 484 1481 1813 131 806 2164 326 239 2765 1831 2025 2611 159 1039 225 52 1262 1781 726 1662 501 53 1282 525 268 1843 89 2429 1706 1787 1789 1875 408 2565 1923 296 1317 49 356 1755 1475 1275 643 805 108 209 324 2687 999 654 1050 2061 1692 455 346 192 1918 2467 1274 1303
000406.jpg,2522 2441 2827 1364 1797 2562 45 2386 2116 1318 310 644 96 183 1064 181 1251 2678 2401 1083 2141 2720 2498 1336 620 2056 2442 1365 387 636 407 2807 1176 2263 2182 236 1960 2760 171 647 732 1856 1093 762 1632 2048 861 621 1013 2036 2591 983 132 1596 2278 2608 2603 1536 2448 462 2190 1743 187 844 2160 592 1019 419 1927 785 661 957 2168 482 2188 695 1733 2733 1108 2615 1448 104 2761 1315 1702 32 63 1693 1768 1177 1515 42 2745 1889 894 949 1204 2604 2079 40
000407.jpg,802 429 142 555 868 1492 1890 2217 1256 554 1430 878 176 1699 2029 427 2078 1888 417 2415 1553 1562 1431 289 2668 332 2786 2743 2423 2568 2227 62 1033 901 681 597 21 979 1418 886 1398 340 1393 361 743 1686 2108 1793 1053 1065 302 199 1588 2451 36 2384 2267 292 1132 500 866 78 193 893 2117 536 988 1886 432 2757 1236 1390 1557 121 733 2380 1759 1499 569 2622 323 680 1165 571 315 2299 2090 707 1849 370 2333 2290 460 2047 1599 2788 601 2559 749 2302
000408.jpg,1944 2294 1055 2435 2580 1874 2728 2741 1212 2766 137 2813 899 494 1899 2825 2135 1452 2708 2558 725 1606 2842 2207 2248 2057 686 1937 2719 1777 2291 692 1223 1067 1076 1868 140 2382 1463 146 447 116 204 165 1185 574 1464 2286 2438 657 1825 2292 948 79 682 2736 647 1126 2757 1639 97 1547 1935 2598 804 491 2068 2436 1056 1940 2393 1075 329 2683 1134 2319 2036 2639 2121 1759 2809 1473 1088 677 995 1001 790 2509 67 627 2305 1986 2511 2350 1592 1962 1876 2143 1012 202
000409.jpg,2756 967 2320 754 1804 1149 29 1728 2533 2021 1719 2354 119 2413 1849 1231 1296 757 707 135 80 1984 293 1478 218 2295 1383 2408 213 2323 2024 2172 558 1265 1269 1448 286 1867 426 1722 1597 2673 695 1529 792 2390 2615 424 184 2472 2224 983 240 2143 24 634 1091 2277 1312 2757 1469 2784 789 1165 1252 739 2054 19 1689 2296 1759 1455 2015 368 1334 1557 16 2190 44 91 2638 2430 1693 2622 1361 2787 1390 1555 658 1533 1945 1886 483 315 191 2566 727 1898 589 1850
000410.jpg,757 754 135 1728 2320 2756 558 2533 1231 1149 2024 967 2413 1804 1533 2295 426 29 1296 24 2143 424 707 213 80 2277 2021 1849 634 218 1383 1597 119 1898 2408 1719 1984 2354 1689 2323 1722 286 1478 1867 1839 184 2172 2673 1448 1265 19 2472 2561 1766 1945 2430 2077 2640 695 293 1035 2390 1269 2772 70 2478 2757 2638 1801 983 2777 1252 1753 520 1125 739 2015 2055 1312 91 1529 1683 2622 1266 1759 1394 2566 529 1390 1023 444 18 1842 1091 232 2224 2615 315 388 1557
000411.jpg,2277 1801 2323 1839 2644 853 1558 431 898 1230 395 2622 1798 2510 589 1035 1557 2757 658 1390 529 70 1394 714 1753 1759 1683 1207 1976 240 1834 2242 2772 1087 461 251 2478 789 727 545 1125 315 1334 2325 1928 1427 2784 2540 962 2077 783 2504 2072 2777 1443 581 2579 1333 2149 1252 1165 1306 614 2015 18 374 1389 1361 2561 1898 1137 737 1173 485 1842 2759 426 1631 1451 889 803 1597 572 951 2546 2671 2054 2000 2022 2400 2409 601 2 291 110 1162 2656 39 1833 1561
000412.jpg,1260 2313 1858 2060 419 894 2627 2823 2554 396 1927 189 468 96 807 2153 1032 1015 1217 1084 2162 1456 1632 829 2726 2261 2194 20 2567 1188 122 1865 1610 167 411 2030 476 106 1987 37 2222 2216 661 1153 38 333 1560 1844 1286 1728 1995 481 2760 669 650 183 309 2705 546 2118 2476 2425 1363 42 620 815 2791 2643 967 1702 2171 1312 300 1593 1199 1797 448 2666 1761 1280 752 1804 1284 454 285 236 757 2156 2831 592 115 506 2608 2472 565 1227 582 754 1288 1884
000413.jpg,503 1680 633 711 2119 81 2764 587 1335 2479 238 772 28 1111 152 2592 261 2052 1117 2250 458 2322 2099 972 2228 602 1896 1827 1532 2819 1297 330 2370 505 2283 92 2193 354 1010 2527 2681 1314 2552 2689 1376 2177 532 2365 68 1332 216 671 2181 1003 1917 1563 721 2500 2534 1704 2698 849 1472 2144 847 1339 313 1164 1972 734 1955 533 553 1741 1708 740 2557 2716 2674 2402 2742 1746 120 552 1021 1156 2814 968 1109 2237 175 696 699 705 2062 1852 877 2265 1655 1118
000414.jpg,2755 2545 1584 2023 2034 747 2045 1796 2272 64 2556 2713 48 1569 2721 100 2628 258 1316 715 2241 2289 2352 770 51 1416 1617 2650 161 1948 1051 860 1320 439 1045 1782 1640 1381 1496 1490 2454 260 1993 2826 201 2836 562 1096 1649 563 26 947 155 1658 1444 305 2130 1029 1663 735 169 1453 1586 1860 2433 1901 1489 497 1417 1218 1544 2837 194 1407 1552 1261 2046 2439 1710 2309 433 179 712 1656 659 2050 550 1701 440 1788 1870 2815 1422 992 2707 547 2538 2769 463 1840
000415.jpg,1652 591 41 527 651 2208 2675 912 616 2231 2524 1264 961 1812 237 2205 2460 2801 716 1181 1564 1988 1837 557 2738 124 2517 1587 1618 2363 1816 2131 1491 996 2104 46 1571 2530 879 600 2372 1698 1242 2215 892 2223 1215 2834 1366 2158 2781 2635 143 157 1480 414 195 2138 349 2255 1540 166 918 223 1409 1862 2541 2100 969 1060 1615 2692 1684 1349 273 2298 2253 741 2844 573 700 1129 1724 1947 1619 1411 1081 1497 1 2063 1925 1660 345 2327 2607 2385 352 1095 2185 2206
000416.jpg,2096 935 836 2071 1305 1933 222 1790 1436 2750 1504 1638 2512 2446 2342 2645 1052 2362 1447 2218 1806 2571 1098 1469 2083 2156 1910 1661 850 599 755 762 1736 1315 2642 1454 2201 2027 44 1120 2560 869 1321 205 141 2450 1483 16 661 1336 448 2519 2537 1145 1625 481 350 476 2030 376 1709 1142 612 396 1090 2261 2081 908 2452 586 2194 1183 1581 2355 2168 2260 1006 2795 644 897 2627 1672 96 2293 2492 2839 2335 744 1763 300 2122 1245 666 1968 2427 1987 986 1308 2243 1013
000417.jpg,1569 64 715 2721 100 2034 48 2545 1453 2650 1796 305 2289 1490 2556 860 562 2713 439 1860 1640 1617 1417 2241 2309 1782 26 2628 1051 2454 2433 1710 1948 1901 563 1416 1584 2272 201 1489 161 51 1993 1328 2826 550 433 348 1381 947 260 1045 712 2769 169 1444 1870 1663 440 2352 2376 1649 2130 2836 735 1422 1701 1096 1679 1623 445 1656 1307 1496 659 518 925 1486 1658 497 155 645 1316 2707 2050 231 2538 769 168 1369 1544 1054 1788 1261 2755 2840 1218 2714 547 2023
000418.jpg,6 285 1221 546 582 1891 2666 650 2346 2643 1916 759 1723 1702 475 1882 1083 1570 2194 807 2171 37 2043 922 2816 2261 1603 510 2810 420 620 148 690 1515 1397 980 353 820 1188 2521 732 1080 594 1537 375 1858 2118 1488 2571 1502 750 661 334 468 372 973 1884 1541 2768 776 181 5 2203 98 844 2313 1738 281 411 1260 2359 482 2726 1797 1015 2162 298 1697 1768 1844 1763 2620 1456 2278 1591 1426 1610 476 1227 2494 1462 1536 2677 42 2291 2179 1922 2128 40 327
000419.jpg,52 1022 1481 346 2429 418 1662 1787 225 786 1378 2244 108 2025 2821 1465 467 534 753 61 207 936 2398 2465 2505 484 389 1918 2669 363 840 628 758 2059 1475 2467 780 295 2690 999 2794 1706 2634 1929 2301 471 1438 2407 452 1220 402 1275 726 2236 654 53 464 501 2061 806 129 31 1730 1024 1317 1356 1612 331 1140 2053 2765 1692 430 1655 2806 2396 1967 1039 192 1789 2402 1831 138 2070 2611 1506 1018 1395 326 1062 504 2632 131 1921 655 1124 782 1923 1048 1008
000420.jpg,894 96 2554 419 620 1364 181 1797 732 2401 1315 2153 1251 1336 1927 1632 481 2643 1083 2705 1702 2831 1283 1108 2841 759 661 1013 644 2079 2567 476 2760 2261 1171 22 2194 2160 189 1625 2168 785 2425 236 2571 1188 2502 468 2060 2591 2720 2313 1365 2498 669 2442 2162 95 2427 869 2188 1560 762 596 2612 621 1743 744 2751 506 2476 586 335 1032 37 1214 636 2608 183 2182 1318 1987 1703 2816 6 171 387 2278 2048 609 2807 1536 2666 2141 122 42 1064 106 957 807
000421.jpg,2572 1371 2457 844 2263 2502 1113 84 509 1198 2348 2751 2152 1515 1199 106 1139 244 1616 851 2182 957 117 2448 22 1171 2115 1426 236 214 2203 1696 2503 2760 23 1866 941 2705 621 2677 1064 1364 5 1602 1960 40 183 1214 1525 2128 690 2678 2056 2567 2726 2608 45 2141 13 327 1458 609 1632 1927 629 2562 985 1726 1251 1605 2060 640 2162 2197 1744 189 1570 1738 2153 1754 2386 96 1263 2522 2404 2303 171 1280 1397 1041 420 1219 2831 1184 1661 1032 281 1922 1084 2464
000422.jpg,1038 828 377 698 2421 1949 2083 323 2578 672 1754 1374 2828 1337 2602 1272 1041 1910 1668 933 13 1049 2671 1521 2108 640 955 2520 123 2032 432 340 932 56 865 176 370 2570 1249 839 2038 2210 2047 2786 1399 802 2267 429 882 2795 292 2668 2227 2150 2217 2384 2120 2428 901 1562 500 2031 1329 332 868 878 979 358 1890 1952 555 1764 302 554 78 893 417 2387 2218 2335 964 2415 886 2117 2423 2451 199 1757 142 36 2568 1255 1504 1418 427 1390 1070 1189 2839 2559
000423.jpg,848 1830 2601 931 2471 2624 702 1845 1114 1908 502 284 1340 1107 990 688 1235 903 103 578 126 768 1767 1720 297 1323 1608 250 2276 1821 1310 65 1512 2388 1975 1413 1186 684 835 1391 1254 522 2314 767 2757 2510 1759 277 431 1035 18 70 1842 2036 2667 601 1557 2077 2315 2478 1839 2 1753 1165 2323 2149 2777 379 1834 2772 315 1125 1390 1016 2663 2622 1120 1922 2656 191 2685 2302 2561 1418 102 1531 1980 1459 420 1252 951 1905 2015 1397 1157 1748 9 1579 1915 841
000424.jpg,2644 395 2504 101 2381 2759 989 436 364 1900 2040 374 572 215 737 529 1230 251 581 803 2238 2579 2323 962 766 1106 1559 1801 341 1427 1361 545 1394 1798 328 1683 2114 789 1115 2546 2000 1389 2277 1883 1451 1951 1306 2540 1257 1357 1693 39 1353 2178 2066 2784 240 727 2242 1137 614 304 589 1786 2113 926 2149 1035 1091 646 2288 1898 1213 2561 1839 1971 2787 564 1300 1818 714 1175 898 293 2054 485 2656 2409 1231 1180 483 658 1166 70 407 907 2653 1207 1334 1928
000425.jpg,2494 909 84 865 300 1537 2348 335 1922 420 2620 432 1596 1687 882 1199 953 2768 214 1802 941 1426 1502 971 1390 2197 148 1397 2448 1817 2203 835 1139 43 1113 1488 466 2599 136 1400 2503 1602 2366 1738 1766 1255 1165 2559 2726 2677 1236 1711 2762 2230 2188 2757 375 2014 2464 2688 1902 1866 938 387 2498 1839 498 2380 2386 2267 1759 500 629 2521 2334 1471 2009 1232 1703 186 750 621 510 327 1557 2162 690 1700 851 1582 1916 915 275 40 762 123 1499 2706 854 1528
000426.jpg,37 922 285 759 1456 1702 2643 6 1082 620 1763 546 20 1188 586 1697 1308 1284 1221 281 2194 167 181 448 443 1260 510 1090 459 2726 122 2521 1882 275 1080 411 1502 476 732 2162 690 1891 582 1797 973 1570 661 2677 1488 2571 1227 2118 2623 468 980 475 2179 2666 1536 2346 1537 650 2203 2030 205 1083 2167 1884 1744 298 2171 1084 1184 1916 2823 1723 1738 669 2268 1205 2261 2791 327 454 2620 1006 1603 2168 2043 820 423 1515 2831 2313 1200 636 1285 1397 1318 325
000427.jpg,879 1619 2727 557 1925 46 1684 1520 2460 1 1572 2363 1776 2215 2548 2158 2844 234 342 2385 2206 551 2399 600 913 1291 2273 352 892 349 2100 2484 1947 797 1366 837 741 720 2123 1238 514 1622 2298 2431 267 1071 1432 2541 1660 2223 2581 2633 2269 2662 2187 2063 228 133 2189 1698 2607 1345 2456 2412 2004 1982 2738 317 307 2717 2659 1615 1816 1824 1675 1350 1861 1009 2092 2801 2703 195 1792 2524 2226 2139 2356 2371 2709 1863 223 1095 1887 1815 969 1421 1480 1837 2635 2185
000428.jpg,2827 2441 983 2413 2785 1856 558 2190 2745 2202 135 1945 695 1176 310 1383 1743 1448 967 2295 1804 19 132 407 184 1996 2111 596 2615 95 1476 376 1728 1103 1296 213 1999 88 1535 777 1914 1265 80 2547 1749 2472 424 2566 1469 540 1478 520 1483 1631 232 949 63 1019 1722 1269 1733 2744 1093 2756 940 2737 1343 2422 1867 1593 2242 1091 739 754 16 1231 757 2354 24 1984 1898 2024 2281 1719 2021 499 240 2430 1672 2408 1689 1304 1714 824 1312 187 832 2733 861 119
000429.jpg,28 2119 2250 1563 1335 152 2479 92 505 238 1741 2370 503 711 1680 1827 458 2689 587 1532 2099 847 2557 2283 2365 2819 330 972 2552 532 2193 1117 354 705 313 2674 1704 2527 81 2500 602 734 849 2181 633 2228 2177 2716 1896 772 1708 1339 2534 671 523 1314 1376 2028 1111 68 1955 2052 1297 331 2681 2742 2812 2592 1118 2144 726 2062 1912 1003 1706 1917 2265 2764 968 2774 2236 175 159 2806 1475 1037 1655 2105 131 1143 464 580 2402 1974 553 696 268 927 1967 721
000430.jpg,1938 431 2510 1443 70 889 1833 1842 2686 18 2777 2772 2 1747 1753 2077 1125 2478 767 2663 1834 951 2818 277 2757 1759 2015 601 1557 1252 211 2532 2622 2315 1035 2561 2496 1390 369 1989 1460 1839 315 2702 1980 2685 2671 461 1418 1976 1165 1902 1817 2808 2323 9 136 1767 1711 2302 2601 39 2036 1952 1922 1266 536 1845 2154 990 250 684 2577 2108 1225 191 2276 578 569 379 502 1413 2314 2149 1975 121 1394 1391 351 164 1132 2599 2128 156 1720 278 1582 193 2497 1821
000431.jpg,133 57 2659 228 801 1887 2206 1861 1551 1792 1877 2672 263 857 1457 2174 885 493 2004 1350 1776 797 2321 2039 210 2418 2356 2739 2374 1575 1034 366 2332 2327 1947 1043 1358 170 720 656 2590 2581 2123 287 280 1930 1580 1191 1193 77 548 2548 1345 2703 2461 689 704 1664 1196 1758 1542 1234 976 1675 514 1432 2694 2229 1724 1229 1576 1086 746 2456 82 880 2662 1348 1030 2184 934 570 1392 2198 1377 2330 884 756 2187 1665 242 158 842 793 2155 1279 1765 438 421 1522
000432.jpg,1949 1113 2494 2421 1616 844 466 2348 594 1922 2620 1488 1477 2115 420 84 509 1426 1038 2203 2152 1866 1960 2457 148 1515 244 609 1139 1602 882 909 629 214 1754 2291 1766 2386 690 1696 1738 1605 647 851 2521 941 510 1144 1397 2036 1390 2768 2725 865 2057 2334 123 2448 2197 498 2161 1874 1537 2464 1502 1819 1223 1687 1889 2128 2014 1557 2503 327 781 300 5 40 1458 1757 574 398 2671 375 23 2757 1902 2502 1423 1198 379 750 306 2124 482 2726 1864 986 2677 2772
000433.jpg,2070 2669 2794 1506 2025 1780 216 654 1356 1141 1612 1918 1274 2311 49 525 1692 113 1787 1022 207 61 1127 1282 2164 2061 625 408 1647 2402 108 1781 225 858 296 655 1972 331 192 200 383 356 1248 721 27 679 430 1961 1021 1598 2398 346 2565 239 52 2396 936 2429 1472 2465 2505 2467 1662 1465 1018 999 1140 2690 252 1435 753 786 628 2765 2821 1395 2698 1273 2316 653 1503 138 1438 1262 471 131 478 782 139 159 464 2632 1505 53 2091 2142 326 1026 1024 495
000434.jpg,1224 1180 1178 1713 2180 1450 230 1990 1482 2523 1914 603 1996 1732 2422 1678 47 1116 1620 1073 830 2281 2437 1523 1036 1476 2275 2202 2129 2080 34 441 1714 926 2785 1838 564 60 2695 1057 2547 761 824 777 2383 39 683 465 88 2190 2249 1346 2700 2317 1353 83 483 341 2573 1152 269 1559 1357 2579 318 1120 2745 581 2000 1818 2518 2653 1091 576 751 95 1693 2495 2802 2161 1147 373 1304 1561 2096 845 1980 1106 1176 14 2446 1447 1836 2296 1300 2288 1687 76 44 1410
000435.jpg,1524 2727 2749 1375 154 2548 2740 1 1629 203 1520 2189 2431 1059 2444 307 1509 2709 226 160 741 857 267 2513 2063 2266 57 2385 1291 1078 1861 1421 1947 2403 814 1129 158 242 2399 2662 1863 1295 1238 472 1191 1345 2371 2694 2269 2094 891 1457 228 2327 352 2198 2332 2739 1071 2473 1877 1811 1043 2206 880 798 2356 1432 2811 2004 17 2127 1229 2595 2581 1530 1930 2703 342 1607 934 793 573 470 2223 551 2321 656 667 685 885 2213 287 1292 1575 1675 262 1619 2659 1887
000436.jpg,1911 2355 2691 2167 2318 2420 144 459 1380 2362 1267 850 1504 1006 2593 2512 1305 320 2514 946 1308 2161 1387 2268 1082 443 222 629 2490 724 1090 1537 2677 44 1219 938 191 2000 1285 380 1750 595 448 2218 1763 1165 586 973 1682 2293 73 2156 1670 1120 1263 2452 2443 1820 1250 432 2147 1200 1661 835 1152 1036 2483 437 543 1642 915 2001 796 2706 2446 1144 2535 2132 1436 836 1973 632 1570 1501 1559 2722 84 1016 1525 1322 2475 99 1247 2204 1697 2587 177 1113 281 745
000437.jpg,338 730 1131 1526 2516 1455 1466 406 1379 1325 336 1243 1511 365 2746 1779 248 1309 1442 2290 1385 2102 1783 112 2145 1969 2830 544 1020 1079 2788 2763 2560 610 410 392 1670 94 1424 1498 435 253 2151 678 1794 773 717 1966 1581 1068 1005 1992 648 742 2341 821 870 2377 811 1311 1133 1850 855 1634 2549 937 1390 1165 538 519 2730 1968 1073 605 749 2299 1732 1707 2302 593 1138 1007 1573 1557 2518 2251 2519 673 1040 800 2680 2622 535 2364 191 1731 2275 1142 1110 1527
000438.jpg,2510 70 431 1753 1125 2777 2077 18 2772 1842 2478 1834 2 951 1759 2757 2663 2622 2818 1390 1557 601 2015 2561 1035 1252 315 2315 277 1839 767 1165 369 1980 2702 1938 1460 2314 2685 1391 2302 211 1833 1747 1443 1413 889 2532 2161 191 2276 536 1186 2323 502 688 1989 2601 2686 990 297 1767 1075 1132 103 684 379 578 1975 39 250 1418 2579 1711 967 569 1235 1845 121 2242 522 2471 2149 2277 1323 2542 24 136 1817 193 789 725 1588 545 240 2036 1333 1176 1821 2496
000439.jpg,85 2044 312 2832 987 188 1405 1934 2501 1102 2528 2790 635 556 1656 943 2411 1386 1993 1644 547 1624 1417 611 2082 860 992 1926 221 1319 2270 1788 1617 2817 2631 1983 2046 562 1422 1092 1190 2538 1489 4 2574 169 2424 2088 2011 1407 2515 2300 1208 134 1381 2419 1782 155 1552 2358 606 2397 550 622 305 1640 2454 2544 817 2076 1545 1623 51 260 2836 1878 518 1679 2241 26 2707 463 2289 712 1901 1054 1848 1428 1444 1710 2826 2650 1701 947 178 2837 2840 445 784 2007
000440.jpg,887 841 1531 2328 2778 118 945 2491 919 930 1769 1470 1579 1354 1578 952 748 639 1583 982 1851 819 114 1179 2723 2252 9 916 1791 1585 567 311 1063 1667 2065 1920 227 2575 1210 2792 1977 2682 875 2349 1770 579 1651 2379 998 2647 566 492 1211 928 2488 2729 2026 2459 2310 1657 25 1154 2097 2225 512 1528 2042 517 2559 1368 763 923 528 808 2711 1367 2658 1209 515 513 2416 7 2618 382 2304 1854 1970 1239 975 151 2757 1819 2334 2462 2793 778 2722 800 631 2577
000441.jpg,2185 1694 1411 2529 2584 1129 1684 2616 386 1446 1925 1294 557 143 879 718 1619 1440 2298 2481 2844 2139 2517 1982 1776 1112 741 810 2484 2385 1542 1863 787 1360 1445 665 2460 2412 299 1549 1589 263 1191 1814 1480 2269 1735 2727 1295 1630 264 2371 2607 1366 2590 2833 2739 837 2063 1196 1807 2271 2363 991 814 2332 2455 706 2524 2189 656 2092 1522 2771 1432 267 1520 667 1122 287 801 600 1887 2321 1258 2187 1816 2633 1877 2659 1350 2619 2399 2431 1457 82 352 1291 1675 2703
000442.jpg,1145 208 141 595 2055 2098 1808 2587 1688 401 1717 2747 1023 2163 2775 174 731 2274 2636 694 453 164 1510 156 2679 823 2655 1784 612 2122 1089 1404 2469 1100 1160 760 2009 1163 1415 1047 2577 2126 2829 1872 981 1903 461 1628 177 1155 816 460 1976 1085 172 1241 72 2722 1599 399 1436 2218 2074 666 2808 437 1233 983 70 184 2640 407 380 1898 99 755 967 1266 18 516 1842 2077 1173 2772 1740 1879 1504 1176 1753 2777 222 695 2478 2757 132 424 1125 1333 2161 632
000443.jpg,1882 448 2573 1180 20 1200 2623 1170 1880 396 300 956 167 1280 924 1709 2222 1387 2627 2030 2476 2726 1536 2432 2318 661 2261 2204 2691 1802 669 42 370 836 2132 762 2264 327 1006 275 2823 2571 2156 1260 2791 1284 2197 1995 83 1084 549 1082 1077 476 1525 2572 1315 1402 2678 1098 1687 630 1449 38 2096 1471 2417 459 1057 636 1400 1456 2201 2425 1495 2162 894 2196 2101 2263 2554 908 2362 2194 765 2645 2474 1946 1318 829 419 1308 2734 2831 1659 1797 1205 1002 1347 2080
000444.jpg,2263 1198 1536 1525 2386 2572 1371 2761 1960 732 2203 1880 1113 1768 1205 2678 2623 2562 844 1083 1488 1596 1659 181 762 1318 1726 941 2498 474 2448 2048 327 1280 2141 40 2115 481 636 84 2807 1364 1515 1251 1802 2303 620 2457 96 1797 1144 2522 2293 644 2348 1738 6 851 270 1199 300 1866 2791 1687 1183 281 117 582 510 2831 2278 183 2116 236 1661 45 1064 2521 2425 387 1203 661 509 1987 1696 2401 2324 2476 2705 546 2760 1184 43 2030 2182 2688 1570 621 2168 275
000445.jpg,751 230 1713 32 187 1116 1996 2422 777 1014 469 1180 1714 2281 2239 2033 2202 1950 1914 465 590 902 1476 2745 926 88 564 1943 462 1224 1601 917 736 87 1091 1678 541 2733 2495 920 2073 1523 1176 824 47 1748 379 1178 1459 683 1410 83 1357 2159 2190 2653 1732 39 2785 993 1818 1467 1693 1147 1450 1517 2036 1382 34 404 2523 2547 2752 1919 2326 1856 1869 1609 2525 2360 830 2555 132 2441 2106 2802 2242 2605 576 596 1836 2684 1028 1120 2563 1743 845 2180 2275 1073
000446.jpg,1856 2441 2827 1093 310 2202 407 777 1914 2785 2745 1176 132 1996 2422 2190 1476 949 88 2242 2111 540 983 2733 695 63 1999 1019 1714 1743 462 1116 1103 940 2523 1631 1091 1343 34 1713 2737 1672 1561 1693 230 683 1535 2016 1898 2281 596 1410 376 184 95 558 1838 2615 341 1224 2413 1087 832 2019 2542 783 1298 2112 1482 291 1795 617 1749 2224 2295 1333 1945 1434 2547 737 2180 1334 1804 1483 1517 967 2129 1513 1448 1004 1847 1161 135 2317 213 465 2585 19 499 581
000447.jpg,1579 887 1354 1531 945 9 952 639 919 118 748 2778 841 930 1470 1769 2792 1770 2647 819 2328 1791 114 2491 567 1179 1585 1920 1667 515 923 1851 1578 2575 1063 2682 2459 492 1977 566 2723 2065 2074 2304 311 1210 998 1599 2379 1154 1651 2252 2729 579 928 2334 1368 975 1657 875 2559 2711 7 1367 982 2488 1583 2026 380 1239 2757 247 1819 2618 1219 2793 2299 2475 73 1528 2462 2349 896 1390 382 381 1854 315 1165 2658 1157 1233 2416 1864 460 1643 1211 522 781 916
000448.jpg,887 1579 639 2647 9 952 945 1354 1179 1531 841 748 2778 1920 1470 919 1769 2491 1578 930 1583 114 1770 1667 2328 998 2252 1063 2682 1977 118 819 2792 1585 1651 2729 1791 2723 1851 492 2575 916 2459 567 227 566 2334 579 2462 515 2026 2488 2349 1154 311 2379 1368 982 1367 928 247 1819 1657 1864 923 910 875 25 2042 2582 1042 1643 2065 522 382 1210 2097 2711 781 1577 1970 206 2803 190 1239 517 1031 512 381 2165 1157 2757 1528 791 1287 862 502 1344 2585 778
000449.jpg,940 2542 310 2112 2827 1343 2441 1004 1856 1561 2737 617 2242 1103 949 1176 1999 1434 132 1334 1019 1743 63 832 1693 1116 1535 1714 2656 1298 1713 2202 291 2016 2149 983 596 1685 751 540 683 1760 2497 75 2190 407 695 95 149 739 198 1365 499 2036 2745 1914 1631 182 1197 1476 2111 954 2785 2291 1601 1346 2386 2116 379 1333 1712 777 1087 1749 1459 1113 2281 404 88 783 39 1748 465 2324 737 1795 2547 1874 2129 1483 647 1357 184 960 1672 2586 2615 2019 1836 1223
000450.jpg,2520 2210 640 2828 13 672 1272 370 1038 2671 2421 377 933 1754 828 1374 2602 2047 323 1668 1221 289 353 2415 1819 1949 1541 2423 1189 1041 2578 743 1890 2568 332 681 285 176 820 776 2108 2217 546 417 802 429 1562 554 340 1686 886 878 865 555 2334 2387 1864 372 98 2149 868 2132 1418 2359 62 420 2038 142 1570 21 750 1515 2668 574 1065 2451 292 2000 893 2384 302 1798 1390 39 1888 1223 2324 375 334 1693 582 2323 196 198 2677 1033 2757 2032 361 2029
000451.jpg,947 1444 1328 1679 860 260 2241 1417 1663 169 1623 1993 712 1617 1489 2840 2011 2707 2628 550 1054 1261 1045 563 2454 1544 26 1870 735 1218 900 1369 2826 1649 1782 1381 197 2769 2837 445 943 1437 1552 2289 1486 1422 2439 1658 179 463 1860 2713 440 348 769 1307 2836 556 2050 925 2544 489 645 2130 480 51 1051 1468 433 2649 1190 221 2424 2538 2714 1316 1710 1796 2767 134 2375 562 201 1656 715 1405 2084 2650 1416 559 518 1208 259 2721 1878 674 1840 1901 992 2076
000452.jpg,2163 399 1717 1510 208 2469 2587 595 2126 453 1628 731 760 823 2655 401 1599 437 2074 73 1233 460 380 2577 2636 156 174 2722 2055 2009 2775 172 72 1160 1085 164 1872 981 1023 99 2122 1784 816 2679 141 1415 177 2098 694 461 1047 1163 1145 2829 1241 1976 612 1903 2747 2218 1504 1808 2274 1155 1688 429 2757 566 1165 1436 1404 222 2559 477 1759 554 1100 868 417 289 492 2161 923 555 2302 1154 2668 2026 579 975 1851 1387 2108 311 1890 315 841 1390 1384 2304
000453.jpg,6 285 2261 2643 759 1188 2666 820 650 807 2171 1891 2346 1260 2194 2810 411 1723 582 1916 1153 2043 1221 1227 1702 2816 1882 620 476 372 956 922 546 661 1858 1541 1515 42 1797 506 2841 37 669 1844 475 2726 2162 1083 510 1603 375 750 334 732 1744 388 163 2571 1768 181 1761 1286 2168 1637 468 1537 829 5 353 148 2521 1488 1456 473 1696 196 776 420 1061 448 1436 2457 40 1889 1173 609 690 971 1502 1995 2768 1397 20 1570 1661 1763 1082 2720 423 2210
000454.jpg,1914 2317 2437 2202 1178 1469 1447 2547 2785 16 44 824 761 60 2190 1476 2745 88 1996 2249 1304 95 1224 2441 376 1672 596 1483 1713 1482 1836 1732 1176 1620 1678 983 1990 1523 1073 483 2281 441 830 603 2700 1856 2096 1183 576 2422 2080 132 2523 2275 1450 2695 1147 2446 2827 1057 1693 1180 94 1120 1116 1633 2497 1103 39 1743 2180 1749 1036 47 777 1727 34 1091 2161 1714 599 1751 1535 2579 230 2555 310 1300 2288 845 1634 1999 1838 75 328 198 683 834 2111 83
000455.jpg,2840 900 2454 1983 1417 26 2241 1710 860 2375 433 445 1307 1489 1870 463 712 197 2424 1045 1190 2397 1437 1617 1369 489 1486 2574 1328 2769 348 2084 1656 2544 943 735 2515 2832 260 1782 2826 2289 559 2130 2817 674 2011 563 2790 169 1422 312 1444 1208 947 817 1701 2076 1679 2724 221 2707 188 2652 1624 550 1895 2628 1552 2714 1381 769 1663 987 1092 1878 1993 480 1926 440 925 2419 1848 1649 1405 2538 524 2050 1407 1054 906 1934 2133 1644 2649 179 2528 2836 74 1623
000456.jpg,2755 2045 1796 2023 1656 1584 943 860 547 1489 1788 2790 1386 987 1407 85 188 4 26 1417 611 1029 1934 1701 556 2082 259 2528 817 2544 1319 1405 312 1617 1552 1993 2817 1926 2034 2454 463 1848 1102 1782 2270 258 2397 2287 2564 2832 2836 1428 2721 1710 1624 2628 221 2241 169 2574 747 1051 2358 1381 2769 2076 2545 2501 2300 622 2046 992 1644 1422 1092 715 550 74 2411 2724 635 2419 48 1586 497 1569 947 712 2344 1261 2538 906 1983 161 319 2272 1658 1328 1046 606
000457.jpg,2092 2139 2844 837 2484 1982 1009 2371 1291 2063 1814 267 234 1925 1238 1660 2833 2455 1589 2431 1 299 2633 264 1572 2607 2269 2731 667 1619 2399 879 1815 2385 2412 1816 1520 2797 1622 1776 913 1366 2215 2273 2223 2338 1698 1122 1480 1159 1421 1994 741 262 1338 428 352 891 814 573 2727 1863 1824 2576 2717 342 557 385 2206 226 2771 1373 600 888 846 46 720 1735 1549 17 2541 1615 1509 349 2100 2834 263 551 1539 2486 641 2635 867 1025 1409 317 2776 1887 2403 2123
000458.jpg,998 1583 2792 2550 1970 1507 517 2252 567 382 778 1651 2711 153 107 2604 2018 1063 1854 118 227 2414 916 1359 1734 2682 247 1791 1657 1531 2793 1177 2585 2146 190 1228 719 2729 2361 2019 1132 7 2192 1179 748 2551 457 871 1577 2042 536 1403 928 2233 2284 1367 569 1785 808 9 1566 35 2254 1579 1588 1239 2022 1157 914 1333 1351 2326 1493 1595 1977 1920 1534 1150 639 930 1915 1074 2778 121 2090 15 2647 2658 887 841 764 919 615 1289 2176 728 193 2491 1087 1354
000459.jpg,12 2294 2757 1055 1390 1165 1759 315 1473 2622 140 2315 1753 1125 2702 1557 1452 2772 1944 70 1868 2077 2478 1980 2777 2302 2580 2728 191 2719 2741 2685 688 2436 1834 2598 18 1876 1874 2561 494 1721 601 2 482 2051 725 994 2809 2558 1842 2057 431 1869 790 508 2683 297 951 1252 2663 1711 2291 2015 1942 2319 2207 2161 1076 2510 526 2762 1223 1579 864 939 1817 1881 2624 1235 2708 447 692 1908 2499 1905 598 103 1027 2766 136 502 2639 1931 2286 1777 271 2475 990 1056
000460.jpg,2467 346 753 2398 108 936 2669 1022 628 2821 2690 471 1438 402 654 1220 2407 2061 52 1918 2465 2505 1378 2301 786 1662 363 1048 430 1506 1787 2611 2632 1692 2025 1481 138 758 1008 1303 389 1275 2429 2070 418 295 840 225 1356 655 1921 467 61 1929 1612 331 1395 1706 478 1822 625 1730 464 2634 484 782 1018 679 1647 2794 452 2402 2687 207 534 1124 1140 1317 2765 2311 2244 643 2059 1465 2806 721 1475 1039 252 326 1024 1781 501 49 31 113 1097 858 1972 192
000461.jpg,67 2583 627 2509 1810 1055 1001 2294 202 1075 2121 2350 1944 2728 1012 2757 249 725 1406 1874 2558 1759 2057 1390 2622 2748 165 1557 494 2772 1120 1869 1165 2315 1753 2077 2766 876 2478 1125 800 137 315 1721 338 112 1606 18 1212 1252 1076 2777 2 70 379 2518 1581 2302 730 2746 1980 1834 647 1905 2598 1223 1842 1959 899 2663 2291 1325 2719 1379 1937 2015 2435 2290 191 1850 2207 2813 2151 2685 2251 2708 2741 1243 1147 10 29 1110 1130 692 1968 2382 2560 951 2292 2624
000462.jpg,2809 2757 2708 682 1390 2438 1759 1473 2435 2622 2057 2719 1721 494 2728 1874 1899 146 2077 2294 1055 1592 1944 1557 1753 1876 657 70 2772 447 1185 2777 18 2478 1125 491 997 2580 1842 1931 140 2491 2558 2507 601 1868 574 2561 1223 692 1035 2291 2207 2143 1452 2509 1075 677 1839 202 431 426 315 24 1777 1433 444 608 2683 647 2583 1892 1165 1834 2526 1810 634 2 1597 12 2766 368 725 1904 2569 2510 502 2315 1406 67 994 2598 1769 2825 2741 1001 1012 482 2663 990
000463.jpg,1361 727 1451 589 2323 2000 1230 1798 658 1559 2644 1175 1106 1306 1951 485 251 2054 395 962 572 2040 1683 44 789 803 2579 1300 581 2381 1693 2149 1389 529 737 2504 614 1394 1115 293 2656 16 483 2546 240 2277 1801 1900 545 2540 364 1427 2242 2784 2759 1334 2178 1447 374 328 101 39 766 436 2787 304 2066 1137 2238 2113 341 1469 1213 1091 898 989 215 1558 646 1165 1898 2114 1207 407 1839 2161 2288 1561 1728 1786 191 1257 714 1333 1353 2072 291 1231 60 1035
000464.jpg,1453 2713 1569 1490 1901 2721 100 2309 64 2289 2556 1860 715 2433 1640 2241 48 201 2826 2272 2376 562 2034 1316 2650 1496 563 260 305 1381 439 1948 2628 155 2545 784 2352 1782 900 1840 659 497 1636 168 51 440 1878 1710 1617 1586 1416 2046 161 1796 2454 1752 1848 1148 2836 2088 992 2769 860 1658 747 1486 712 433 1417 1307 1489 2815 2419 2538 1045 348 1051 169 1544 1123 1701 231 59 947 559 1437 645 550 674 2439 26 1444 1993 518 1218 1649 735 1552 2652 769
000465.jpg,1856 2441 2827 310 1093 407 949 63 1176 2202 2111 132 1019 1999 940 2745 1914 540 2737 2190 1743 1343 596 1103 1476 88 2785 2112 983 2242 95 777 1631 695 2422 2542 2733 1749 1713 1434 1004 1996 1535 1945 2615 376 1714 149 462 1116 558 1685 1693 1298 1483 2016 2019 1333 2603 2116 1561 2547 1365 184 617 198 1448 291 683 832 1482 19 2656 1672 75 2413 2036 187 2281 32 2497 1336 1334 783 1760 1204 2149 182 213 1898 2295 520 206 499 232 1601 34 2522 135 1712
000466.jpg,430 2398 2407 753 331 2301 478 1822 2236 1008 936 758 1706 1921 1097 1831 654 1918 2061 1143 108 1967 464 2402 2505 2465 1655 1756 1293 655 1317 363 1692 1475 1647 2053 452 1929 2634 1022 1730 782 295 1662 1018 1124 1039 2611 2632 2467 2429 840 2062 125 788 2806 786 89 1395 2765 2669 1026 721 1262 484 389 1912 1972 467 326 159 346 455 390 1024 1037 580 1787 1378 2531 1275 1503 1297 501 1303 113 999 268 628 534 1356 1923 1715 1465 1220 927 2142 1789 1050 2821
000467.jpg,1349 2339 1291 1 1238 234 1540 267 2444 1618 352 2524 1520 1572 1539 1807 2253 1295 46 1629 1215 2340 961 2223 1509 1409 1095 1524 1803 1059 2372 1242 892 2399 1939 2466 573 1571 1698 1373 1514 130 2104 307 1129 195 511 1811 2662 2226 557 127 2771 2127 891 414 2710 17 741 600 913 2187 2517 879 1360 1994 991 2246 2801 1030 2002 969 2473 1724 2541 1607 2731 1862 2403 203 1432 1675 2614 1522 1270 2844 1776 2255 273 2189 2327 2215 1494 223 2635 616 1167 1034 2727 2834
000468.jpg,2558 1944 2813 2435 2728 1899 1874 2825 2294 146 2382 1056 137 2207 1076 1937 2248 804 2708 948 2286 165 1055 725 491 1592 2438 682 2842 2135 1464 2580 1223 2569 329 494 2766 686 899 647 1185 1639 2057 1212 2393 1825 1606 1452 1841 140 2639 447 1868 2291 1463 1777 1547 116 2683 1134 362 204 1940 2741 1130 2036 1935 1067 2436 574 657 2736 1126 1931 677 2258 2511 692 2073 246 1986 2292 97 2526 2305 2068 2719 1448 2041 1333 2239 1651 24 2252 379 2598 920 1179 2295 2022
000469.jpg,1113 2494 1960 1922 2620 647 466 844 1616 327 2036 2334 1949 1426 851 1144 2386 594 2203 2421 1866 2152 379 2291 1488 1687 420 1458 2057 1874 781 1515 2726 2521 1601 1423 1477 509 1198 2457 1864 1397 2462 1223 1819 2639 1592 1696 244 2115 2162 2497 206 2197 1889 482 2569 148 510 1139 2571 1766 40 1502 2128 2683 198 494 690 1738 473 2768 2348 375 835 522 1744 1344 1152 2508 574 1661 910 1954 1326 609 5 300 1605 931 1519 1120 1902 2761 1036 2154 84 1817 629 1357
000470.jpg,757 754 135 1728 558 1533 1231 2756 2320 2533 2413 1296 967 1149 2295 1804 2024 24 80 2143 2277 213 424 1383 2021 29 634 1719 119 1984 1898 426 707 218 1849 1689 2472 2430 1597 2640 1839 1722 1265 1478 2323 2673 19 184 286 1867 2561 1312 1035 983 70 1448 2172 2408 2354 1266 1945 695 2077 444 1766 2478 2638 2772 91 293 2757 2390 2055 2808 1753 2777 1801 368 1269 1125 1252 739 240 1759 1683 520 2622 2015 1023 304 1952 529 1842 18 431 1529 1555 407 2566 2235
000471.jpg,639 1579 952 841 1354 945 887 1769 2778 919 1179 2491 1578 2328 2647 1531 9 748 1920 930 1470 114 2682 1063 1770 1977 2252 819 1667 1583 1585 1791 118 2723 2575 311 1651 2459 1851 998 515 928 916 2792 566 1210 1367 567 2729 492 2488 1154 982 227 923 579 1042 1657 875 1819 1368 2379 1528 910 2349 2097 2334 2026 1643 2065 1864 2462 2304 1239 2042 2757 1211 2310 2103 2711 2559 660 1031 2225 2108 1402 69 2803 522 2081 1565 382 1970 460 512 1390 2664 206 2775 392
000472.jpg,46 879 2727 1816 557 2460 1366 2363 892 1572 1480 2783 913 1619 1 2834 511 234 1660 2709 2013 342 2607 2524 223 1539 352 2431 2215 1925 1421 1291 961 2541 2399 1540 1520 1615 551 2633 267 385 2158 2385 600 1025 741 307 1095 969 651 226 1324 1238 795 2340 1009 2372 2738 1349 1863 2104 1409 414 1994 317 1947 349 837 1618 2100 2226 2844 1264 2635 273 2138 577 2456 1982 1059 2253 2801 2412 1629 2484 912 2255 2139 527 2648 1815 1242 1837 1684 2548 2468 814 2595 2473
000473.jpg,2093 446 1879 1301 1518 631 394 1981 530 607 2049 2660 2796 2392 1058 2357 1604 1909 2682 1290 2282 2140 2596 997 1017 2507 1384 1613 1906 1904 271 451 921 1237 1673 2252 337 1088 1578 916 2064 491 1592 2310 2438 1464 2089 1931 682 2036 1614 2569 2042 487 1132 1063 1937 1179 2491 1978 1892 227 1401 841 118 1331 2543 2786 1651 2813 536 243 444 908 2090 2723 920 255 2382 1742 662 50 1686 1977 2708 2696 2809 966 1987 431 1119 1842 571 2640 948 2808 1847 2257 967 1211
000474.jpg,467 1022 52 484 2059 1481 418 726 53 129 1789 131 1503 464 1024 207 1378 1062 840 452 2794 2634 534 2429 268 1475 1932 501 758 1465 241 61 2669 2142 927 290 2565 1706 1787 495 780 2285 2244 2715 1655 999 295 1662 1875 2025 389 1011 1275 1923 799 786 1356 1282 408 2280 806 225 1831 628 346 108 2821 31 2690 2311 49 1813 2470 2407 2467 2765 2396 2398 324 2137 525 1612 430 2465 2505 1918 89 383 753 2611 1303 2698 2173 580 2531 936 239 654 363 2236
000475.jpg,2790 1656 1102 2817 2528 2411 1644 943 1934 1926 221 85 1624 312 2832 817 1405 2044 987 2501 2300 635 1407 556 188 1993 2454 860 26 2082 1617 1417 2270 1489 1381 547 550 1422 712 1386 562 1782 2241 4 611 1658 1369 1319 1146 1328 1752 1710 1796 51 305 2836 1545 2769 2011 2631 463 1444 1640 947 518 169 1316 1045 2538 925 2034 1623 1870 2707 1983 348 1663 1679 2397 1701 1092 1544 1948 1788 1649 2375 155 2714 197 2088 1416 2628 626 1208 2367 2721 2556 2545 1054 2837
000476.jpg,575 441 1523 2080 1147 2695 2754 1691 584 2383 1482 1678 1016 2176 1450 1177 83 107 373 1943 2550 830 2019 2733 187 1950 845 1732 541 2641 32 1914 728 397 1919 87 993 1507 917 379 2033 902 55 1120 2604 1410 2802 920 590 2395 1467 736 1194 462 2518 2414 2547 861 2202 1459 1748 2281 1856 2239 1669 95 2785 2525 2275 2036 1104 2073 1517 2310 824 1476 2684 2441 88 596 2603 2586 2563 2166 1057 469 393 2111 2752 2317 1014 1304 60 102 206 1211 1382 2106 376 1996
000477.jpg,562 85 2046 1993 439 992 987 305 155 1901 1617 2650 2721 2034 312 1640 188 497 51 715 2631 64 2713 2545 2832 1405 1422 1569 2538 563 1586 48 2044 2289 635 100 1656 2241 1381 860 260 2088 1934 2439 1102 547 1453 2501 1878 2628 943 556 1796 1788 550 2790 1417 611 2411 1051 1782 1948 659 1319 1544 1316 440 1926 2826 169 2352 1658 134 1386 1636 2707 1860 1490 1623 2817 518 2454 784 1624 2528 2419 1552 1679 1444 2836 1096 1489 1840 712 1407 2011 259 1416 2556 2309
000478.jpg,959 1108 2425 43 1797 2823 829 2562 669 1318 592 2141 42 1283 84 2261 1217 2188 1199 620 1761 2751 2278 2476 941 2216 2498 1703 1153 1987 2567 744 894 1536 861 2705 1171 181 2720 2153 1927 1768 1596 1288 1632 785 752 661 2197 815 971 1995 1953 270 2688 2442 387 476 1449 636 1560 957 2760 621 1363 640 229 2249 183 22 1260 2168 644 1910 468 1084 96 2807 38 732 411 1525 1214 2162 856 2150 986 481 16 2448 2831 171 2761 2401 1364 323 419 2554 2032 1802
000479.jpg,331 478 1097 2407 1967 1293 1706 1756 2301 2236 1008 1317 2053 159 1912 655 999 1822 363 464 1143 390 455 2402 326 1662 2062 1262 1831 786 721 2398 1730 1972 108 1921 1655 1715 758 1475 430 580 753 1647 2429 2465 2505 2061 484 1124 1635 2715 1050 1929 1395 2765 1026 125 1037 927 1789 1465 31 467 840 936 295 389 788 1018 1281 1187 1692 1923 1022 2806 2611 2634 2059 53 452 1275 456 782 1378 1118 89 501 534 346 2244 726 52 1297 1039 2467 1503 471 418 628
000480.jpg,2794 1248 245 139 1435 525 2311 1787 2173 408 239 654 2025 1781 1282 192 625 679 2396 356 2164 2280 1274 1141 209 1356 1022 296 49 2070 2137 2091 2669 1598 61 113 31 1505 1127 495 838 653 580 207 1967 1050 216 1923 467 1018 858 1011 159 2279 402 27 1187 2429 2565 241 501 1037 805 268 129 1662 2142 1780 2698 643 1378 758 534 1475 390 2531 1635 53 1932 452 1755 1789 383 927 1062 1124 2505 2465 2244 1929 1317 326 138 788 2232 782 1472 2611 1813 1918
000481.jpg,702 1830 931 848 1908 1114 2624 768 1845 1767 2601 2276 284 903 2471 1107 1235 835 688 103 126 1323 990 502 1340 65 578 1310 297 1254 522 1720 1512 1391 1186 2388 1821 1608 1413 250 684 1975 2314 2757 1759 2622 1390 767 2667 1165 191 1557 2315 277 315 1834 2302 1075 1252 18 2015 70 2323 2772 601 2510 1120 2663 1842 2 1753 1980 2746 2077 2299 951 2478 1334 1670 2777 2685 2149 1125 1016 431 1442 1406 2518 2653 1966 1035 379 1418 1693 2702 1511 2036 2561 2656 2161
000482.jpg,6 807 285 1221 546 582 759 650 2666 2643 1603 2171 1702 1083 620 2810 2346 2043 732 1916 475 820 1541 1882 2816 750 2261 334 353 1891 181 1188 1723 1260 2194 1570 411 372 2502 196 1515 2841 420 1768 776 510 375 2761 98 40 281 2152 2726 922 1488 1797 148 1858 1397 956 1502 482 1591 2677 1153 2359 2203 2162 2768 1227 1139 844 2526 468 117 661 1696 980 1074 2521 1738 1605 1433 2278 1536 37 5 938 851 2620 2179 476 1080 594 2048 1922 496 423 2313 1537
000483.jpg,534 2429 1475 2059 1662 2236 484 1787 806 295 1022 467 1275 999 207 726 268 2794 2244 225 2025 52 653 1929 131 418 1481 53 452 61 1789 464 1967 1655 1706 1465 1378 1024 2396 2531 780 389 1282 1274 1503 2407 786 1730 927 2806 2301 1831 1050 758 2669 108 840 2285 239 1875 2142 1127 1918 2687 129 390 1124 1692 1018 1011 363 2053 2091 1037 1039 501 625 331 1062 296 31 2765 782 1635 2505 2465 504 654 2398 2634 471 628 525 356 1438 858 1923 2693 1715 408
000484.jpg,131 452 207 225 1875 467 61 2531 52 1022 1481 2794 2059 2285 268 1011 1787 2429 484 726 2565 1503 534 53 1024 1475 2025 418 290 1918 653 1662 2470 799 2634 840 1282 408 1274 1465 2693 129 2396 389 758 296 1378 780 806 999 295 1127 1967 2244 1275 2142 2091 1612 49 252 858 2669 1062 239 1706 936 501 2236 356 2164 495 786 1356 838 390 2280 1039 2311 1789 108 628 402 464 31 1929 1050 2173 346 1018 2611 1923 1932 1635 138 525 2715 1124 2137 1692 2632
000485.jpg,1870 26 1417 1489 348 860 712 2454 925 2241 2769 1328 1701 1045 1710 1369 2130 2649 179 947 2714 735 2050 1617 1782 1569 1679 445 2538 433 1381 1444 769 2628 2840 2707 1623 1663 943 2721 480 2289 100 169 550 1054 2650 2836 64 1796 1437 2034 1552 900 1658 1993 715 161 1544 51 1656 48 2837 1486 440 2826 2790 260 2528 1788 1649 312 2713 1934 221 2439 1644 1029 305 2397 2011 197 1640 2832 1422 562 2375 1405 2545 463 2544 489 2817 524 1840 563 2424 1926 2084 2309
000486.jpg,1018 2025 782 2794 245 296 356 139 1787 1187 1961 239 209 1781 654 2164 1282 192 200 653 838 216 408 1472 2396 1248 2091 1011 1692 1274 525 1356 1127 643 2070 207 33 1435 1598 2632 580 1843 721 326 495 159 1967 1875 31 2316 2406 1929 108 131 1647 61 1022 2531 2232 2429 1972 2565 655 534 2173 2669 2687 49 268 858 402 2062 1706 1275 628 1037 679 1662 1780 1124 1097 225 625 1923 113 471 390 1635 2402 2137 1822 2611 1438 1612 2774 1293 1648 1021 138 2311
000487.jpg,2178 2066 2113 304 2022 1213 1785 1333 1115 2546 1228 1389 1019 1161 63 1513 1693 2149 1353 2242 1847 1300 545 149 737 898 2277 310 1883 2542 2656 182 614 617 954 251 783 1087 1951 1685 1427 485 24 727 2143 529 714 1801 1743 1898 2504 581 1035 789 2323 1093 634 407 1394 1683 1257 328 2409 1166 101 240 1971 1561 1175 1559 2540 1928 1306 2784 1773 962 1760 1795 803 2238 2016 364 1334 1106 1712 1798 1839 766 940 658 1434 2040 215 2024 2430 374 2787 2759 426 2644
000488.jpg,1545 2389 1624 4 1926 59 2790 2300 817 1656 2528 1407 1102 1146 547 2367 1644 312 2817 2082 1752 2832 2270 2411 2501 943 556 987 860 85 1737 1934 221 1386 626 1405 2044 188 1701 1202 1993 1319 169 611 1422 283 2840 2011 1617 1799 1190 2707 2515 1417 2045 550 1489 1710 1316 950 715 2721 2454 2375 1496 440 1544 1453 2289 1444 635 2241 2424 2538 2556 2837 433 1029 1663 947 2069 2439 1569 1414 562 266 2767 1788 2631 1623 1328 826 2650 613 1649 2272 1901 134 463 2477
000489.jpg,472 1803 1607 888 1341 1509 537 2758 1069 1530 2094 2431 2710 262 405 160 1078 1167 573 2340 1373 166 2385 641 570 2635 1811 2444 1828 127 1059 2771 267 2266 2399 2835 2776 2740 991 2811 147 1355 2513 1 2576 1539 2223 2255 385 2709 2738 1291 2253 223 1295 2662 1101 226 2138 2372 1338 17 1615 2473 1540 2339 600 2175 1698 1807 195 667 961 1925 352 1618 1375 2614 879 1863 2731 2100 1409 577 1862 1025 403 2327 846 1524 2246 1982 793 1349 1660 1238 1724 1060 1571 2189
000490.jpg,801 797 2206 263 2739 1776 1877 1457 1575 228 2659 1887 1861 885 1551 2321 1724 2327 57 1350 2581 1034 2590 1196 857 2004 1675 720 1191 287 2548 2332 366 1193 1358 1792 1664 1043 2039 2356 656 1542 77 2662 2672 133 210 2461 1345 2694 1432 170 1086 2184 2187 2703 2418 2174 1765 1229 2123 1947 880 793 1279 842 704 493 548 2127 746 976 514 1930 706 1580 82 280 2229 934 798 2456 1276 438 1375 2330 588 1373 1665 687 1030 859 1494 2374 570 158 242 2198 1234 2186
000491.jpg,631 1301 2282 1518 2064 1058 1384 1290 2257 446 530 813 1554 1673 1742 2140 451 1370 2660 921 2696 1331 2796 1614 1681 2049 487 660 1105 2596 1909 1396 1604 908 607 966 1981 942 1017 355 1739 2085 662 2093 1705 243 710 337 542 360 1237 1853 1978 2782 54 2458 2357 1893 2392 50 2664 1000 2600 2543 2087 1211 2259 2507 997 2519 2243 1613 2757 1879 1904 2491 1695 2005 800 2492 400 1094 2438 1567 682 392 191 2369 394 271 678 2065 2097 1142 118 1759 1165 1850 491 2196
000492.jpg,1096 1416 2721 1948 1316 1051 1860 2272 1569 100 2556 64 715 497 2628 2241 48 1617 1993 1381 1496 562 1796 1658 2815 305 2713 439 2034 1362 1586 1261 1897 1218 2769 1782 2650 1656 2755 2545 747 1453 1584 155 2454 2023 2352 51 550 1640 348 2817 201 817 1490 1926 1422 712 547 1623 518 2826 2836 1901 26 440 860 1636 1045 556 1544 1840 1679 1965 1328 2309 194 260 1407 2289 169 2538 1386 1649 2046 2300 319 784 659 1663 1701 1319 947 2045 1444 563 987 2076 1489 1624
000493.jpg,196 910 353 1819 98 776 1515 1864 1744 40 2152 2261 1643 5 1042 574 640 2334 2291 1661 2162 375 2726 2841 425 2502 1223 807 244 1579 1402 2462 820 206 701 2001 1696 781 1922 128 1667 1541 750 896 915 2081 844 669 2210 9 1139 1916 609 1625 515 1711 941 2036 2325 1987 2346 285 2457 2103 1603 420 869 247 841 334 1436 2474 1504 1501 224 136 2582 153 2057 6 2115 476 1949 1585 660 413 1817 13 952 2829 2157 372 985 1754 650 282 2109 748 2048 343
000494.jpg,535 1527 2377 257 605 1871 937 749 1731 434 410 1131 2196 392 94 1040 610 2788 2299 1992 1138 1424 1068 821 365 1966 2843 1311 855 336 811 1309 2549 673 2746 1007 2290 544 1498 678 2417 253 2830 2005 406 2102 1455 593 1850 248 1379 1634 2087 435 2613 2341 1005 1020 1779 1385 1800 1794 1419 2251 1133 800 648 2697 773 717 2730 1243 1110 112 2763 2519 1079 1142 1094 2364 2145 1442 2243 774 1516 338 883 742 2151 2492 519 1526 2560 1968 1645 1707 1670 1946 1325 1783
000495.jpg,2025 2794 2137 1787 452 1022 61 2669 207 139 653 31 1011 580 192 239 1967 1018 1282 389 525 225 356 245 2091 2429 408 1662 2164 1692 209 654 758 159 296 822 838 1275 2173 782 534 1706 1475 326 2236 1635 390 2059 999 464 1923 1127 467 2311 1929 2280 331 2232 1813 2396 2531 268 2142 108 2715 1780 2070 1781 1274 129 53 1050 295 1655 655 1503 131 1356 484 1248 1097 1378 1918 1024 726 1435 113 1293 2053 501 2632 418 430 2285 504 1039 1037 788 1124 2693
000496.jpg,754 1804 1728 967 757 2320 2756 1149 2413 135 2295 2024 426 213 2533 2354 1719 29 1231 1849 1597 2408 707 1296 558 1448 1984 119 2021 2143 24 80 2472 1265 2277 2224 2323 1478 1383 1269 218 792 293 634 1867 2390 240 1529 2638 1722 424 444 2615 695 184 2757 286 2784 2172 1312 739 1725 1898 368 1555 2673 1533 1469 983 658 1689 1839 1266 1557 789 2622 358 964 2296 1759 1070 1952 19 431 1945 2031 2640 91 520 1252 2430 2808 1390 1766 2540 2015 898 1427 232 16
000497.jpg,712 1045 1369 2454 925 26 2050 735 1617 2130 860 2241 179 1489 260 348 550 1544 1782 1328 2769 1417 2439 2649 1658 169 51 1381 1870 1444 440 480 900 1437 2836 2837 1623 2826 1663 2419 2628 1993 1679 947 1422 1486 1649 1983 1701 2840 1840 559 2538 463 1218 305 1640 943 1710 1054 659 1796 1552 518 1656 524 2652 2707 1878 563 2424 1307 445 2714 2076 562 2397 1405 1208 1261 155 2790 489 1407 197 2767 2832 2011 2084 221 2515 134 2574 1848 556 1092 2817 188 2721 2034
000498.jpg,2502 2152 2348 84 941 1139 2751 1171 214 1605 2567 22 1866 844 2457 106 1602 1214 244 609 1371 1113 1515 2705 2263 1364 957 1199 117 509 621 1953 785 2141 2203 1616 2572 2115 5 2760 2182 1198 1251 323 2448 2401 2109 1754 744 236 13 851 2726 1632 1927 2841 96 1661 1365 1696 2404 2831 2562 40 183 1525 1922 2162 270 2386 43 640 189 2608 971 2498 1738 1949 2060 1184 1458 171 732 1987 481 2761 1041 1766 1744 2153 2688 1064 2048 2768 807 2678 181 815 420 2677
000499.jpg,1778 2394 105 1946 1325 1442 1970 1271 2711 7 11 517 1006 1370 1155 1105 2660 778 2793 1404 2452 382 855 2336 151 1419 1614 243 2087 1850 1854 1100 2560 1142 1089 908 318 773 184 1040 2243 1992 2679 2102 821 301 256 2734 416 2519 2204 1527 1020 1595 816 94 1331 406 567 490 800 983 1068 1511 975 153 2696 549 2042 1152 765 206 1808 2055 1968 707 1396 355 2551 218 808 1424 1554 1581 1867 1526 2830 2122 1311 2021 2723 392 1693 337 1036 253 2095 2792 535 1784
000500.jpg,1982 2139 299 2092 2797 2844 2269 1122 2412 2524 428 1549 1735 352 2403 2576 2833 2484 557 1291 1925 2633 891 1589 1660 667 1814 267 837 1242 1480 264 1816 573 2371 2607 2431 1238 1539 1366 1 1338 2776 1009 1619 879 1815 1421 262 317 2635 2385 2455 2460 867 234 741 90 2063 1622 846 2811 2094 2731 2255 814 1863 600 2215 223 1776 969 46 385 226 2399 2273 2338 892 2363 1994 888 349 1615 2486 2266 1295 577 991 1159 720 2834 1607 1572 1862 2223 1078 1509 1807 160
000501.jpg,1019 1333 2022 63 213 310 2827 376 149 2408 695 2178 1298 1176 1469 2054 1093 2656 1447 132 2737 707 1693 2441 16 1434 2566 967 2242 135 2149 2354 1483 983 1804 182 949 24 1343 2615 2277 19 1631 2413 940 2024 2323 1712 304 2143 1087 1867 954 1760 558 1849 291 1685 2772 1448 1269 2066 426 1945 424 727 1529 574 240 1300 1389 2295 898 198 2497 1004 2113 2190 2546 1743 1749 75 2161 407 614 1722 44 1265 2016 1597 1452 1839 2390 1115 1898 520 1132 783 2708 2077
000502.jpg,2757 1390 2622 1759 2719 1753 1931 1557 1125 1055 70 2728 18 1473 1842 2077 494 2294 1874 1834 2708 2315 2772 2478 725 2207 2057 2777 1721 447 315 2435 2291 2558 1075 939 431 2825 1223 2 2526 271 2702 601 1944 2507 2319 2436 997 2510 12 2809 1942 2683 2741 2766 2685 1892 140 2663 951 2438 574 2220 444 647 692 608 1677 682 1899 137 1056 1980 1904 1868 1592 994 790 1606 1876 2580 1771 864 2089 1452 526 2051 1165 482 2561 1531 2015 2813 146 677 1937 2292 2736 1777
000503.jpg,2538 550 518 26 2454 348 2769 480 2241 925 2050 712 2714 1369 1422 2130 1045 179 2375 2649 1870 2840 260 1617 197 445 1453 735 1656 2011 1901 2650 1993 2826 1092 1328 1710 433 463 2721 1644 1190 860 2790 1417 1624 2289 312 784 85 1381 2034 943 2832 817 1934 1782 715 2088 2397 2424 2817 1489 1878 1407 1926 440 556 563 2358 1102 1545 562 1405 1983 1569 1796 259 100 2626 622 64 2501 2287 1948 2544 1490 1029 1146 1701 48 1172 51 161 2646 2528 947 987 1860 2836
000504.jpg,2437 1672 1469 44 1836 376 16 1483 1447 1914 1304 2547 483 2700 2785 2317 95 1990 824 60 1749 596 1535 2202 576 1178 983 2190 2441 441 2249 1633 291 1743 1300 2745 1103 2281 2096 1476 1713 1482 2235 1176 1620 761 1996 1224 88 832 83 2497 845 75 2030 834 1147 1523 792 2695 2827 967 1183 2080 198 1804 1732 1593 1120 1856 396 1245 350 1751 1999 2058 1678 1057 2446 310 2239 2161 47 2685 683 2027 862 1004 240 1180 2422 132 830 39 1980 2791 1838 1693 2523 603
000505.jpg,1836 39 2281 44 1713 2437 2700 2288 1116 1714 1529 1224 1672 832 291 1357 1601 60 198 1535 376 2497 1990 2390 1914 1482 2036 824 1180 2518 1469 751 1120 2785 2016 2235 75 1073 2000 1693 379 2547 683 1593 2359 16 2656 845 1980 1483 2149 1036 983 91 2202 1447 878 2161 792 2190 2506 907 1176 1334 1751 1561 1147 1442 136 1743 1849 1767 2695 1732 739 2080 1178 2542 1838 1499 2685 1304 2 1678 2483 862 1817 104 1620 564 1443 1501 1985 2745 1943 465 2275 184 1325 1722
000506.jpg,2210 2520 2421 640 1038 1272 196 13 353 285 372 2671 1515 776 2828 1754 1221 820 672 370 2291 574 98 1819 1949 807 476 1436 933 1041 6 1541 1696 323 669 1223 375 1864 828 2261 2324 910 1603 1374 2334 865 2666 2602 2014 582 1711 2054 281 646 2810 2359 1768 377 244 650 5 1874 1916 1817 2323 2387 2346 1744 1582 40 2570 136 2839 2001 1668 783 2057 2571 2474 1188 306 1793 2162 2462 2378 2335 750 2457 2578 1042 70 529 2047 609 2795 2757 334 1394 1426 1798
000507.jpg,2794 239 1274 356 1282 2173 2396 2025 408 1787 2164 139 296 2091 525 61 2280 1781 1127 245 1022 209 495 207 2311 653 192 1248 49 1435 654 2669 2137 838 2142 1011 241 467 268 1356 131 1789 1475 2531 1050 31 129 534 1503 1923 2565 1062 679 2059 452 625 927 501 1875 1967 484 1932 2429 1024 580 1662 2285 758 1505 1780 1378 1843 295 1141 53 389 225 2070 383 726 858 1018 1275 1240 113 1598 1813 2279 2693 390 1655 799 805 2698 1635 216 2236 840 2244 1929
000508.jpg,2509 1810 202 67 2583 1075 1001 2121 2350 627 1406 899 1012 249 1944 1055 2294 137 2728 2558 1212 2766 165 2825 725 1606 1874 2435 2135 2207 2057 2757 447 2813 2842 2741 116 1557 379 2708 24 70 1937 1759 2719 2622 18 1842 1056 2143 1986 1390 494 917 647 541 1076 692 2077 1223 1825 1592 1899 2382 2736 2033 1689 2292 1130 1088 2291 1753 2320 1259 2248 1125 2777 2809 2478 1841 902 1834 1126 424 2295 800 2430 2805 1448 135 1721 601 362 2224 1950 876 2036 2580 1931 2286
000509.jpg,1292 57 1348 2456 1776 1724 2327 1947 1345 2548 1675 2174 280 1792 1432 1580 857 801 514 133 1861 1575 210 228 287 1 2659 2703 2206 1030 1377 797 82 1234 885 1522 1350 2590 842 884 1086 976 2187 2330 934 2418 2004 1576 2332 2581 1034 130 2374 1887 263 1392 2694 704 2198 1191 1551 720 1877 746 2321 2229 1375 366 1421 2739 170 1457 2123 1043 2727 77 2662 2155 2431 1193 1664 185 1930 1095 880 2356 242 2461 438 1542 493 656 2253 2588 557 1291 548 2838 2039 1229
000510.jpg,1791 2252 916 1531 2491 1583 118 887 1651 1063 227 1578 748 1977 2328 1179 982 2778 841 567 930 2065 1769 998 2792 2682 2723 2042 1470 919 2310 517 952 945 114 1354 819 2225 1579 1851 9 2575 382 639 763 2711 2097 1667 808 1211 1585 1970 2379 778 2349 1854 1770 1920 875 928 2729 566 7 311 2658 579 25 2026 2647 1367 1657 1368 492 513 512 1210 1154 2559 528 2488 1209 2117 2660 2459 1528 2747 997 2793 1473 151 1271 1507 2550 2416 502 1268 2055 923 1239 2601
000511.jpg,1612 1918 2669 1141 49 1356 2311 654 2794 2025 525 2070 1506 1787 61 1022 216 408 2402 936 1972 721 1692 1282 1647 2467 2164 2061 207 2565 1780 383 1781 2398 192 2396 52 1274 1018 346 1472 138 2690 858 430 2505 2465 296 625 1021 402 108 753 1662 113 252 2821 27 1465 225 331 1140 1127 786 782 2632 1273 471 628 1438 1248 2429 356 239 2698 53 1395 2142 1378 1822 1143 1024 1706 655 1921 245 139 1481 464 2765 999 1967 1715 1503 534 679 2279 1435 478 1598
000512.jpg,2034 2545 712 26 1658 1381 51 1369 64 1663 1328 1489 860 1870 1796 1617 1444 1045 1569 1417 925 48 1782 100 947 1544 1218 2826 715 2439 1679 1640 2241 1261 2721 1623 562 169 260 2628 2050 2836 305 2713 735 179 348 2649 439 2454 1993 2837 2769 1054 1649 2714 563 550 2707 2130 1416 1051 900 943 1422 1437 2309 1901 1407 2650 1656 1948 1840 480 2352 2790 2433 659 201 1096 2767 1552 2419 1878 194 1701 1860 1644 1405 440 1490 2538 85 1486 2832 2289 1710 2528 312 1453
000513.jpg,2644 395 1801 2323 529 1230 1798 1683 962 2277 1394 2759 572 2504 2242 2579 1035 789 2000 737 2040 581 70 364 251 101 2546 436 2510 431 2149 766 1839 1427 374 2238 2561 240 803 2381 1900 545 1753 328 1115 1361 2077 589 2772 1559 1306 1389 215 1693 1125 2777 2784 2540 39 989 2656 2478 1175 18 2622 1300 1951 898 1106 727 1557 2054 1842 1834 1451 485 315 341 1091 951 2066 1390 2 2178 1334 646 1898 1252 2671 1759 2757 2113 304 714 614 483 2818 2663 1353 2114
000514.jpg,2146 2018 2284 719 764 1289 2008 2551 190 914 247 1493 1351 1359 153 35 2585 1403 303 1534 1577 723 2824 539 1915 1772 1157 1121 615 2487 604 1128 2582 450 212 2209 812 2254 457 66 549 2019 1734 2603 1997 206 1347 2192 2233 1583 1204 1595 343 2604 107 1136 862 1027 102 2165 1729 1711 1173 995 825 998 2550 357 2336 1247 2485 873 1087 2802 1177 2792 284 1507 2325 2426 2166 1132 1150 32 2779 2157 2414 1674 567 58 765 1751 502 1203 2326 1074 1970 2733 1666 1484
000515.jpg,1132 1588 536 569 1268 2090 121 988 193 680 1418 571 1065 2333 1686 886 597 2108 2786 2384 979 1393 1266 417 2227 36 2640 2451 2743 2117 2808 1793 1952 199 1562 2604 1970 1431 429 176 332 1033 2029 2077 1507 729 2668 802 70 2055 517 1499 431 2326 2550 107 2093 21 340 432 1145 1906 733 500 1890 554 2772 2798 2478 728 2414 555 1753 2747 2510 227 1975 2233 55 394 1879 2777 1125 141 1734 289 2551 457 444 1249 1256 18 1842 277 866 2660 2415 2641 1410 32
000516.jpg,1531 748 2778 1791 118 887 1583 2328 1667 1063 1179 1578 567 2491 1769 952 2252 2065 841 1354 916 2792 930 998 1470 227 1977 919 1579 819 2682 1585 1651 639 982 9 945 2723 502 297 2575 990 102 2310 103 517 382 114 2711 2624 1920 1323 2042 2601 2647 1235 910 2757 778 2471 1211 2349 1845 1507 2097 2324 1770 25 807 2225 2550 379 284 875 1150 2563 848 1851 513 2261 1975 808 1919 311 1390 541 107 1333 2166 522 1711 1210 1943 40 650 1459 993 1074 1016 917
000517.jpg,1453 2433 100 1569 1490 2309 2713 64 2650 1901 2289 2034 2545 48 2376 2721 1640 715 1860 2826 260 2556 1416 563 2272 562 1948 659 201 305 1096 439 1486 168 1496 2352 900 2419 1316 51 645 1796 155 559 231 2241 445 1782 1307 1840 2628 1148 1701 1381 1051 860 1437 1489 497 1617 440 348 433 2652 1878 2088 769 547 2769 712 1710 784 2454 1417 2836 2130 169 1663 1045 978 1848 1586 1552 161 2046 674 2840 1658 1386 26 1123 188 1218 2439 747 1319 1544 1636 987 194
000518.jpg,1059 472 1 551 1509 2738 2444 1540 2385 1520 307 741 2740 352 2340 342 2100 1618 1349 154 262 166 1524 1803 600 2513 888 2223 685 195 1698 2189 1101 2576 2635 2431 2727 1607 1684 1373 2811 147 1025 1807 1622 1215 1375 46 1629 223 1338 1571 2801 2662 2758 1295 2749 160 1925 2548 414 2709 2776 2717 1724 2710 57 1811 1837 1069 1861 2844 1862 879 2063 1615 2473 317 2412 2253 2524 1341 2269 1071 1060 2399 2327 557 273 2372 2298 537 641 1572 405 2255 2273 1242 892 2781
000519.jpg,935 2096 836 2446 1709 1933 2201 2750 2645 2452 1006 1082 2071 1790 1098 2156 599 586 1321 1308 443 1305 1090 2537 897 2432 459 1763 1621 666 2355 1638 2342 850 1044 908 1052 2642 2362 761 222 2095 2512 2691 301 2627 205 2317 2560 20 1447 37 2249 2573 1180 1469 396 1719 2571 2823 2268 1178 167 144 2514 1581 2167 1200 1729 1474 325 516 1183 1419 717 1736 1968 448 2437 2293 2450 1142 2318 984 1170 350 1620 1456 483 632 320 141 745 16 1145 922 2523 2679 2420 2086
000520.jpg,376 1483 1447 1469 16 44 1749 1672 2441 1836 2547 2317 1914 596 2437 95 824 2827 2785 1176 2202 1103 2700 1535 2190 483 983 63 291 88 1856 1999 132 310 1482 2745 1476 1178 1304 1996 1743 2111 60 1343 832 761 1300 1004 1013 1713 75 1019 1990 576 1336 1147 407 2249 2080 861 350 2422 2737 2281 1057 1315 695 205 1120 2497 1712 2523 1183 1727 1620 1804 1093 2555 967 2401 949 1760 2096 1678 2235 2058 1464 2016 2112 1224 1732 683 198 1633 1434 1523 1631 34 149 2275
000521.jpg,2252 2682 1651 916 1179 1063 118 1583 1578 227 2491 2042 841 1920 945 2723 639 1977 2097 517 567 1770 748 2310 2647 919 1531 887 9 1579 114 1769 998 1791 2792 1970 819 1367 952 2328 2778 1354 1667 2026 1368 2575 2711 382 1239 2660 1211 930 512 1585 997 778 566 1470 982 492 2065 1851 1854 1528 2488 1906 1657 1673 2225 1154 763 1566 2459 2507 2379 808 2357 1614 1904 2729 928 11 2349 1331 1401 579 2098 2110 1384 515 25 2103 1879 2747 2093 2550 400 2658 2603 7
000522.jpg,2185 2529 557 143 1440 386 1684 879 1129 2517 1411 2460 1694 2139 2363 1925 2844 1982 2584 1619 1480 1366 1549 1196 2607 1776 2468 299 1807 2298 2524 2385 1814 1863 1735 1816 718 2412 2727 1295 2431 2633 2269 267 1432 2187 1947 814 1291 1589 1122 741 991 867 2484 2672 263 1660 1238 1542 2371 2616 2321 2206 1514 2092 801 1191 842 2833 2771 1539 1675 352 1520 720 1494 1421 2739 1446 1877 2332 810 428 287 2327 2703 1043 795 2659 2399 2590 1 885 1522 1350 228 1345 2481 837
000523.jpg,482 2057 574 2291 1931 2526 2220 1439 1433 2051 2683 494 1874 939 2639 521 1088 647 1223 2704 598 2617 2440 2719 1452 2728 2294 2207 1408 1055 2427 2089 637 447 531 271 2445 2435 2657 274 2741 1139 1944 1868 994 608 725 2580 508 1725 1899 526 1711 140 864 2757 1605 2502 882 1881 790 1817 1592 2183 2569 146 1942 1839 2323 2308 1757 2475 2499 944 136 1771 255 444 1759 2766 938 2712 1949 1390 2708 1557 1515 2558 2589 2152 431 986 1721 692 1937 1998 2622 1035 2599 601
000524.jpg,557 1807 1295 879 1373 991 2771 1982 267 1814 2460 1291 2524 641 1509 1619 2403 262 1925 1238 2731 1684 2776 2529 299 2269 2139 2844 428 1539 1242 687 143 1122 226 2385 2363 1549 1589 1776 1947 1 2517 888 2473 1863 583 2468 2581 2371 2710 352 1129 1724 1059 2266 741 2576 2206 2327 2175 2127 2833 2431 969 1735 2187 342 1324 2740 1215 2412 2399 1421 2738 1675 2339 891 667 2092 1349 2797 287 1862 2444 130 573 1432 385 2298 1480 46 1816 1629 2727 2189 842 2013 1698 2484
000525.jpg,814 2431 1338 1982 2607 1828 1660 1925 1607 385 299 2412 2633 573 1619 2338 2614 1815 667 2486 837 1735 600 846 1009 352 1159 961 2139 1539 2269 2835 2811 2635 1341 867 2094 2100 879 405 2371 403 2455 1863 2833 2484 264 428 2092 267 2266 1698 2063 1622 1480 1291 2223 1078 1242 642 1571 1994 317 2255 1816 2138 656 1446 1366 1457 1530 1421 1238 2844 1 1814 2332 1409 2327 1129 2797 17 557 2403 2399 2581 1191 1964 1294 2473 160 885 2694 166 2253 263 262 223 706 1776
000526.jpg,182 1333 2542 954 63 1785 1019 2016 1685 1760 2149 1087 2656 2022 2546 1257 1712 1228 1434 1558 2242 149 2112 898 1561 1928 940 1693 1298 310 1971 1166 1786 751 617 1334 2143 1115 2409 2737 1743 634 714 1343 1357 545 2430 1004 2324 291 614 24 1207 2066 1389 1125 1801 1753 1213 1590 198 1035 75 895 1137 1535 70 581 2777 1597 832 379 2113 2323 2077 1711 2561 1689 2497 803 1559 2000 725 2072 426 1817 1106 2757 39 783 737 2772 1346 499 1631 136 1593 93 2036 576
000527.jpg,57 210 1861 2418 2174 1792 801 1724 2327 857 1350 2461 280 1234 2659 228 1580 1575 77 1551 885 2206 1930 1887 1034 1877 704 797 2456 2548 1776 1345 2662 263 2590 2739 1043 2703 493 1675 2004 1457 2694 1664 720 1665 2330 2039 287 2332 2123 1191 82 2356 1086 366 656 170 2321 1276 1432 1358 2581 1375 1947 2672 1859 1576 548 2229 934 514 976 133 2198 1030 2374 1377 242 793 1392 1229 1758 421 570 1279 1196 1542 1193 1292 842 2187 884 746 1522 1348 798 880 1765 2184
000528.jpg,2457 2572 844 509 1139 1515 2464 1696 690 957 2404 2203 1426 2348 1199 1616 1602 609 1371 2115 244 23 2503 84 1214 2448 2751 1766 2141 40 1960 2725 214 851 22 1198 498 1953 1596 2562 1866 466 1889 744 2128 1537 2263 1726 2182 1171 1738 621 1232 941 425 2014 1113 1525 2678 2521 1768 1080 510 2706 106 1744 1659 420 2502 2048 1488 1570 1632 5 1397 2162 1797 2760 375 1661 2761 1605 117 148 2056 2152 183 2124 1502 2386 1364 2494 2567 1880 398 2278 2768 1802 1458 236
000529.jpg,1583 2792 998 567 1531 1791 118 919 517 1579 1354 1063 2252 952 748 887 2778 1179 2711 1769 639 382 2065 2491 930 841 945 9 778 1470 1970 1854 2682 1920 2328 1977 916 114 2647 227 1667 1651 1578 819 1770 2042 2793 808 1657 928 2310 982 7 1585 1851 923 2723 2361 975 2729 2304 1367 502 2097 2575 177 247 1211 2379 515 1239 2122 2601 1105 990 2471 2829 1903 297 2225 284 1808 1235 1753 2077 2679 536 875 2777 2550 2757 871 102 1125 2274 1507 2762 569 2772 103
000530.jpg,2277 1801 395 2323 2644 1451 529 545 1230 1394 658 1683 727 1839 44 16 1361 374 1389 2579 589 1447 1898 614 2540 2504 2249 581 1207 1137 2000 1561 789 2381 1306 2242 1798 1558 2072 2759 803 328 1469 341 2040 1900 1087 251 766 101 1631 2546 2054 572 898 1334 737 240 60 1559 483 1178 757 1244 1951 2317 1427 364 2510 2238 853 783 1228 761 431 1115 1106 714 1753 1035 949 1150 521 2114 2772 2622 2161 393 1928 624 646 2325 938 1074 1557 110 436 1213 70 1165
000531.jpg,96 894 1364 419 2554 2401 1632 2153 1927 1336 1315 1251 2705 1797 1013 620 22 2831 181 1171 2079 2760 189 644 2567 2160 732 2841 2060 481 1108 183 744 236 1560 2313 2425 1032 2751 2643 1702 785 762 1083 1283 1214 2502 661 171 2182 2571 476 2261 2216 468 621 106 2442 1703 2591 2608 2612 1987 957 2522 2168 2498 2194 2476 1288 1188 1064 1889 759 1625 2188 229 2162 1858 2427 1365 1363 596 45 335 506 2230 2720 95 869 609 2141 300 42 2562 586 669 1743 636 2278
000532.jpg,1752 1316 1496 2289 1636 2556 2713 433 1840 2272 2241 1453 1545 2840 231 440 1901 2836 59 2652 674 769 1782 2628 563 2650 497 950 100 1146 1640 1586 168 1948 2433 2424 1148 1381 860 2352 312 1486 1569 2046 900 2034 2832 2309 155 2545 1701 2439 161 4 1437 735 2130 1617 445 169 1190 2826 1965 1848 197 978 1710 201 547 2375 2389 2419 1416 64 1878 947 1102 1544 1624 1490 645 260 2515 1649 1045 48 1096 2501 1489 1307 1319 2011 2790 1123 1656 2367 992 1417 2084 1051
000533.jpg,1221 285 759 1603 546 6 820 582 2643 1541 956 807 620 1882 1702 750 650 334 732 1260 2666 1570 196 1083 181 475 411 2194 2261 2346 1797 1153 1768 1227 1536 669 468 1916 98 37 353 1188 829 2043 1858 2171 42 2425 372 661 776 922 476 2677 148 980 1537 506 2210 2816 1891 2705 1723 1866 2761 690 281 2831 1488 2118 2387 2726 973 1697 971 1884 640 2278 2474 1761 1318 236 636 270 2520 1285 2313 1284 1502 594 1456 2476 2760 2810 298 2571 1844 448 2048 40
000534.jpg,1752 950 1545 4 1146 2389 59 2367 547 440 1102 1202 1316 2832 1636 2069 312 161 433 1319 1737 1624 2082 987 943 2790 1496 2270 85 2272 2289 860 1840 2501 611 1656 2538 1386 2300 2044 769 1407 155 735 2556 221 817 2652 2375 1190 1649 1926 626 518 2840 2515 2631 556 1405 2836 188 266 2241 1983 2528 169 1644 283 613 1617 1799 2424 1417 2046 2011 2817 2358 2767 2419 2352 826 747 2477 674 1029 1782 2088 2130 2628 1092 2148 1489 550 134 2084 2837 1934 900 1422 1701
000535.jpg,2522 2562 1364 96 2827 1251 1083 2386 2441 644 45 310 2263 1064 2401 183 181 1797 2498 2720 2116 2442 1365 387 1318 2678 1336 2056 2182 620 1632 983 236 2141 2760 732 957 419 2036 1743 636 1176 407 1856 762 844 1093 171 621 1960 2048 1013 2807 187 1596 2591 894 2448 592 861 661 1927 462 1019 2019 2190 1536 2188 2608 2168 1515 2160 132 2278 2554 2733 32 1889 2603 63 785 1448 1702 647 2615 1108 2202 189 474 2203 1177 19 2745 1315 1693 43 2326 2831 2761 1410
000536.jpg,467 1022 1378 2765 1923 2429 1813 2059 1662 840 580 1929 2301 2137 31 484 129 1275 2687 628 2407 1039 1789 927 108 822 2232 159 1008 1062 501 1730 324 1932 2715 1024 389 534 525 464 758 1843 452 1568 1706 1011 1787 2244 1037 2285 2142 1475 456 1050 1781 1655 2236 1124 1097 402 786 326 131 2794 1293 1220 2505 2465 89 1967 788 1465 2632 2611 2053 2565 495 1503 471 936 268 1048 1281 1317 363 2398 753 1282 1438 780 2025 478 52 346 2634 654 390 295 1356 138
000537.jpg,1115 2546 1389 1951 2178 614 2000 1300 364 545 2113 727 2040 1559 737 2644 1106 436 2504 304 328 215 2759 1683 2579 101 2323 766 1900 1798 1230 572 251 1353 2238 658 395 962 989 1175 803 374 2066 1427 529 589 1306 1361 1394 581 2381 2784 1898 485 2277 240 2054 1801 789 1213 1451 483 341 1883 1137 2242 293 898 646 2540 1693 2787 2149 2114 2161 2772 2022 1035 714 1207 1558 1753 2077 1839 1447 2656 2478 16 1087 2409 407 1091 1125 393 70 1333 2561 1165 2072 1257
000538.jpg,2784 240 2579 483 328 1304 2547 2277 1300 824 789 766 1749 596 983 576 95 60 16 545 2190 2238 1743 1996 1469 2249 2504 1801 761 834 1728 1353 1693 1176 1898 1476 1231 1727 2323 2381 1593 1447 44 2317 2335 1883 376 2281 2555 2644 1394 1178 1483 2288 1230 2759 967 132 407 1312 2497 1804 2202 395 39 2239 737 2785 2149 2441 2546 754 962 1091 1217 1683 251 2745 529 310 2422 2058 572 1254 101 2040 75 198 757 2073 1798 2656 2242 695 1035 1672 1106 88 1914 2178
000539.jpg,947 1663 1782 1444 1381 1328 712 2241 1617 1679 1054 2836 1658 1045 26 1623 169 1649 1993 2628 1544 2707 1369 51 1489 860 2454 2837 1870 1422 463 2011 1640 2439 1218 1796 1417 260 562 445 64 305 550 925 1261 348 2769 2840 2545 2826 2034 735 1656 1416 2130 1029 1552 1644 2817 2650 179 1948 2050 2714 1569 2767 48 2790 900 2721 1710 2649 197 943 715 2713 2352 2528 1407 100 2289 563 1051 1096 2411 645 2375 440 817 1486 1624 439 1934 1405 194 1926 2397 1840 480 201
000540.jpg,2437 44 1672 1469 1836 16 376 1483 1914 1447 2547 824 1304 95 2317 2785 60 1178 483 596 1990 2202 2700 2190 1535 983 2441 1743 576 1482 441 2281 1713 1749 1476 1300 1224 2497 291 1103 1176 2745 88 1996 2096 2080 310 198 1693 1633 832 1856 75 2827 1620 1751 1523 2249 39 761 1120 2161 2235 1999 845 1678 1180 1732 2695 1147 1116 1057 1804 1343 343 1183 83 603 1714 132 2579 47 1593 1760 1727 2446 862 830 1867 2058 2288 949 2000 967 2523 2422 2275 2180 2571 1004
000541.jpg,1643 196 776 353 98 2474 1625 910 1864 1819 2081 585 869 1402 2334 971 1504 1042 809 2210 2462 1272 701 381 2132 2256 2582 640 1541 2261 2264 941 781 639 2362 222 1768 69 820 2647 1221 1436 1170 956 1204 6 2734 549 1751 2512 233 43 2299 212 2067 841 1110 1670 2520 1661 749 1579 370 945 2688 323 539 1031 2001 13 568 2103 2218 206 276 2165 1577 1820 723 247 845 2369 392 1526 1603 2353 604 673 1882 620 1311 669 1761 1287 1347 807 855 582 1946 1083
000542.jpg,222 1504 2512 850 2218 2342 2355 1436 2362 177 461 755 816 935 141 401 2122 2679 380 2829 1903 2163 2055 453 1085 1023 981 1305 2750 1736 1145 612 2096 1976 1599 760 1933 1628 2450 836 1163 2645 2074 1806 2201 1144 1808 1819 1638 701 1321 2156 437 897 1098 2077 2772 1233 70 2775 73 2587 2577 1688 2152 477 2334 2071 2361 2561 164 156 2274 1113 595 2777 2502 1404 2161 1864 303 2452 1753 2323 1790 2691 174 2478 1125 745 2747 781 823 629 1605 1173 325 281 1717 812
000543.jpg,352 1815 1539 2635 2607 2431 1660 2481 1025 1816 1338 1607 573 385 2138 2633 2811 961 879 1939 223 1619 1366 1349 2255 1 1982 2412 1925 814 1615 665 557 2399 403 1480 600 1409 1618 2455 2524 741 1863 1509 1242 1159 1994 2223 837 888 2253 667 1009 317 1698 2339 267 2834 2063 891 2338 262 2092 846 2269 2460 2844 577 1446 234 2139 1341 1572 1540 1258 2372 17 1060 1828 2576 2100 405 1421 1520 2371 299 2758 264 1530 1291 127 2104 273 1059 2246 1803 2484 2385 2340 195
000544.jpg,2113 1389 658 2178 727 1333 589 2546 304 545 1213 2066 1558 2022 898 485 1394 1175 2277 1207 1951 1228 1230 1087 1306 2323 1801 853 714 1798 1839 2072 1683 2644 1115 529 614 962 737 2242 581 395 1427 251 1035 954 783 1785 572 1361 1137 2504 2149 2000 2759 63 2656 1559 1106 101 1019 374 789 1451 803 1928 436 2540 2409 2784 1257 1597 182 2114 1693 1898 2040 364 215 240 426 1753 2772 2561 1166 2054 1125 1300 110 1353 328 1900 1173 2579 766 1786 949 2077 2478 70
000545.jpg,2018 2146 190 719 1577 2284 1534 153 1289 1157 2008 764 247 914 1351 35 1359 1915 539 2824 2551 1403 2585 1493 615 723 1734 303 1121 604 2792 1128 2192 2550 2604 1507 998 206 107 1970 2254 549 2233 1772 2414 416 567 812 1177 212 457 382 343 2361 1132 517 1595 2711 1997 536 2487 2582 778 2326 871 1785 569 1228 2204 102 1588 1711 2603 450 58 2234 15 2485 2426 680 1854 924 2019 2779 2410 1204 2077 1583 2762 2214 2793 1727 862 70 2777 1028 193 1753 2090 2166
000546.jpg,650 6 807 2666 285 759 2643 2810 2171 1221 582 2043 546 2346 1702 1916 1603 620 475 1083 2816 820 1891 732 1723 1541 1882 1188 334 750 2261 181 1515 353 2502 1260 411 372 2194 375 420 1570 2841 510 2152 196 1797 1768 922 1397 148 2761 776 40 2526 1696 2726 1605 1227 1858 1153 844 98 1502 2162 482 2768 5 956 1488 980 1139 661 2203 1433 1074 37 609 468 281 476 2278 2521 1711 2457 1738 117 1080 1931 2677 2048 938 244 2475 1326 2620 2220 2179 1884 995
000547.jpg,1097 655 430 1293 331 1822 1912 1143 2398 1921 478 159 2407 326 1008 2402 1317 1706 464 2301 753 125 108 1756 2062 1831 758 580 2061 1967 1972 2505 2465 1655 1647 721 2467 788 1395 1026 654 936 2765 1730 1262 2236 1022 1018 1692 840 31 363 1378 389 2632 2611 782 1929 390 2429 2053 501 2634 346 1923 1662 455 1039 1037 1118 1281 786 1918 999 484 1297 456 1303 1124 467 1475 1050 89 2715 1220 628 452 1187 1048 1275 1465 113 2406 2142 129 534 1755 295 2806 1789
000548.jpg,482 2057 574 2291 1439 2051 939 1931 2683 2220 2526 494 1874 2639 2704 598 647 1223 1433 2719 531 2728 1088 2440 1452 1055 1408 2294 790 2435 271 2499 725 526 1942 447 1725 2207 864 2445 1592 140 2580 521 2319 1881 994 608 274 692 2589 1868 146 2323 2569 2292 2427 508 1899 1819 444 2757 1721 2436 1515 1944 2558 2766 1711 1555 2183 1075 2089 944 2708 1876 2712 40 1937 601 2741 1759 1817 1473 1771 12 491 637 1922 1557 368 2475 2617 1825 2457 995 2334 1798 431 136
000549.jpg,2786 2227 979 571 2384 176 1266 2798 1132 340 1562 2090 1393 1065 2108 597 429 1418 36 729 554 868 1588 2640 536 1268 2668 2539 417 1952 1431 2333 2451 988 1890 193 332 569 1686 199 121 2808 964 2743 2629 1429 432 2029 2224 1033 802 2117 21 1888 555 427 886 289 893 1399 1256 680 2078 500 302 2221 1793 1398 142 901 733 1553 1053 62 292 866 1499 1492 1651 878 2217 2120 2415 2423 1430 1886 78 2031 2428 2413 135 2568 681 1070 1699 967 361 2295 2682 2252
000550.jpg,1132 1588 536 121 988 193 569 1431 2090 36 1699 2078 1553 680 1793 1430 142 1492 802 429 1065 1890 2117 555 866 176 2786 1053 1686 733 332 2668 554 1256 2029 1418 2743 1562 1886 417 1393 901 1033 289 1888 886 2384 868 979 1499 597 2217 1268 21 500 427 2451 878 2227 571 2108 2077 199 2415 681 2757 1753 340 2772 2777 2333 1125 70 2478 432 62 1236 1398 1759 24 967 2143 18 707 361 1266 2568 1390 2380 1839 1035 431 2808 2024 2793 2267 1333 1842 2022 1557
000551.jpg,2509 1810 67 202 2583 1075 1001 627 2121 899 249 1012 1406 2350 1944 2294 1055 2728 137 2558 1212 1874 2435 2825 2766 725 2813 165 2057 1606 2842 2207 2135 1937 2708 2757 24 116 447 1056 2143 2741 2382 494 1592 2248 1899 1076 2719 1223 1557 647 1759 2291 2809 1689 682 379 692 2622 2580 1986 135 1448 2295 1842 18 70 2438 1825 2736 424 2320 2292 1390 948 2569 2077 1088 2224 541 1464 634 917 2430 1904 800 1721 1931 2286 2507 482 204 2036 804 1452 686 1126 146 1383
000552.jpg,1090 586 8 1308 1082 1006 443 924 2535 1763 2705 1474 2831 20 325 745 167 300 2573 1671 459 205 37 1315 2571 953 666 599 2452 335 2449 2268 2222 2293 1471 2079 2591 1488 1150 761 1380 2446 1352 2476 1891 1456 624 488 2678 111 1336 1738 2195 2216 1550 510 96 2179 1364 2317 474 1400 2230 1322 1666 1797 2030 1447 2263 2779 2249 1074 1674 38 2521 762 2167 1817 236 1203 2463 393 2160 468 1015 1027 2203 644 1318 2086 1205 1219 1173 2537 2579 2514 1305 1711 2554 894
000553.jpg,1447 1469 16 44 376 1483 2317 1914 2437 1672 2547 761 824 483 1178 1482 2785 2249 1300 1836 2441 596 63 95 2202 1176 1996 1749 291 2080 2700 60 393 1523 2190 1476 1990 1535 2277 1693 2827 88 310 1224 1856 2293 1743 1620 1678 1093 983 132 1713 2000 1343 576 1147 1019 2161 1120 2745 2695 1727 2281 1103 1183 407 2446 949 2096 1304 441 2579 2422 1760 845 832 2523 2016 2242 328 2555 1732 2497 2737 2452 2149 1561 599 834 1712 1631 1004 1804 198 75 1203 1352 545 1336
000554.jpg,536 2090 569 1132 1588 193 121 988 1793 1418 36 429 1553 901 1430 1431 2117 555 1065 1268 571 886 2786 417 289 680 1686 1888 554 2333 1890 1699 1562 176 1256 2217 597 2029 2108 802 332 979 2415 868 2668 2743 1393 427 681 142 2384 1033 2227 2078 199 1492 500 2055 1266 21 62 2568 70 2808 340 401 2077 733 2757 1499 432 1952 2777 2510 1753 2772 431 2640 2478 1125 1035 878 2451 1398 1839 1053 866 1759 361 18 1886 2793 1842 975 1023 453 1808 141 2380 25
000555.jpg,2217 1430 1699 555 1890 429 1553 802 1256 142 176 417 2029 2743 1492 554 289 1033 868 332 2078 2668 2415 1888 1065 1562 597 886 62 878 1793 1686 1418 681 361 427 1393 1398 193 2423 1588 21 988 2108 199 979 2227 2786 1431 2568 500 302 1132 569 1053 901 866 2384 536 2451 432 121 743 340 893 292 733 1886 78 2267 680 2380 1499 36 571 2090 1236 2757 2559 2117 323 1390 1759 1599 1557 1272 2622 923 73 2304 707 370 2618 315 380 1165 2047 1770 2074 156
000556.jpg,177 461 2163 164 2829 453 156 2679 2577 174 1510 2775 1163 595 760 72 1717 1599 1628 816 477 2122 380 2722 1903 2074 1976 208 2587 401 460 1415 437 981 1504 2469 172 1085 141 2126 399 2218 73 2355 731 1233 2009 1145 222 99 1784 2655 2055 612 2636 823 2098 1808 1160 694 850 1436 1241 2274 1023 1688 1155 1872 755 2147 897 1267 1817 515 2747 1404 2000 1152 1394 1047 566 2334 1839 431 1165 1036 136 2443 224 1219 2323 865 492 629 2342 2161 39 1501 2478 2512
000557.jpg,300 2476 2705 2620 335 2831 420 2079 1397 2591 762 2425 1922 2230 2197 1315 1738 2571 510 1797 1488 148 20 2386 2768 2678 1015 2222 1352 690 621 2160 1537 2179 167 2293 2535 2521 1661 1687 2348 2203 325 1979 1364 745 1336 1891 973 1502 644 1400 2706 2567 1474 980 1596 2573 1570 2366 448 953 2726 8 2498 2162 2688 1074 2448 1726 96 1740 594 1322 375 236 2457 1515 229 1723 355 2118 468 1882 1090 2014 1082 2401 37 459 205 387 2161 1251 1080 1380 1308 2216 924 1550
000558.jpg,2794 239 1282 2164 356 408 1787 1274 525 2173 2091 1781 139 2396 296 1022 2025 209 61 2280 2137 2311 245 49 1127 207 653 838 495 654 1011 129 467 452 1062 758 1475 1248 2142 1050 501 389 1932 192 1923 1435 31 2059 1789 1024 268 2669 1967 131 2531 580 241 484 1356 534 1662 2429 1503 927 2565 1039 625 840 2285 726 805 390 1378 822 679 89 799 1875 2693 1813 2232 1635 1655 1780 53 2765 1918 2236 999 295 27 788 113 1037 456 1706 858 324 430 159
000559.jpg,6 1603 285 1221 2666 1891 650 546 807 582 2346 1723 1916 334 820 750 475 759 1882 1570 420 1541 2677 1188 2171 2643 2261 922 1397 2816 148 510 375 2043 411 2726 690 1537 2810 2502 37 1502 372 2162 2521 980 1515 1702 1080 2194 425 1884 281 1488 353 2768 1858 1083 40 1738 468 1605 5 629 594 620 2152 732 2118 2359 2179 117 1591 1456 454 2128 1711 1744 2203 2313 1817 2014 1260 2620 851 136 1153 1326 915 98 1768 2222 1284 1922 661 1844 776 956 1184 196
000560.jpg,64 100 1569 2721 48 715 2034 1948 1640 2713 562 305 1416 1860 2545 2309 201 1096 1453 439 1051 2826 2433 2628 2650 563 1782 1796 2241 1381 155 1490 2556 2289 168 2272 1901 1617 2836 1840 51 440 2352 1658 2769 900 1710 497 161 260 1307 2076 1586 2376 1417 674 1316 1649 645 860 2652 1993 169 1486 1148 659 1261 348 784 231 947 1701 2454 712 319 1444 1045 1679 1496 559 1422 1489 1848 769 906 735 2046 194 1878 445 26 1636 1623 1584 1218 2815 1123 1437 1544 2419
000561.jpg,2548 2727 1776 879 1619 1520 1 2206 1350 228 1925 2399 857 2662 1792 557 2456 720 2659 1861 1375 2327 2123 2332 1684 1345 2460 1575 1432 2356 1947 2581 342 797 1572 2363 2703 1887 704 57 1930 2385 514 1191 801 2321 1043 2330 551 287 307 267 2215 1291 1551 1675 2189 234 77 1238 1877 1086 1724 133 570 46 2431 885 656 82 2590 913 2004 2298 2672 349 158 2739 2039 421 263 2063 2844 1392 798 2709 842 1193 1457 2100 1522 1542 2158 210 2174 2198 352 2187 600 2607
000562.jpg,1453 1490 1569 1901 2713 1860 64 2309 100 2721 715 2289 201 48 2556 2650 2241 2376 1640 2433 562 439 2034 2826 260 305 563 2272 1316 1496 1840 2545 1381 2628 155 51 440 784 659 1617 1782 1948 1636 550 168 497 1796 2769 747 161 2454 712 1658 2088 2538 1586 1051 1416 1045 1544 2815 2836 900 348 1993 2046 860 2352 231 645 1878 518 433 1848 1148 1218 735 2439 947 1752 1710 1096 1486 169 1489 2130 1422 26 1444 1307 992 2050 1623 1417 1649 1679 1123 1261 1965 1552
000563.jpg,2252 1179 2682 1578 1651 1063 2491 1583 1977 1920 841 1769 118 887 916 945 639 952 2328 1579 748 227 2647 919 1531 2778 9 1354 1791 930 2723 2097 567 998 1770 2042 819 2792 1470 1667 114 1368 1367 982 2575 2065 2310 1851 1528 517 2225 1585 2729 2349 2488 2026 2379 2459 763 1657 492 928 1154 382 2711 1239 1970 512 1211 566 515 2103 778 1042 579 2660 875 311 25 808 1854 997 7 923 1210 2658 2757 432 2334 2559 631 2081 1819 2438 513 910 813 2462 528 2507
000564.jpg,2063 1159 2455 837 264 428 2484 1338 299 403 2486 2811 2092 2371 2412 1009 1815 846 667 2833 1 1122 262 1622 2139 573 1982 600 891 2255 1925 2607 2100 1660 2269 2633 287 317 1589 2399 2635 2223 2403 2338 2844 885 2717 1698 2797 888 656 17 642 1191 2273 1735 1291 706 2431 2576 267 1607 1509 1350 1615 2332 1229 1409 2776 1776 1994 1520 1619 352 1571 857 961 1816 2727 1071 1542 1824 2739 90 1432 263 2321 1814 2731 1863 2694 223 1862 1549 1539 1345 1238 1572 130 2253
000565.jpg,814 1982 1925 1828 2607 385 1619 2431 1338 667 299 1660 1607 1159 1815 403 2633 1009 837 2455 2835 573 2139 2338 2094 2412 867 1863 1735 2269 1078 405 2811 2635 1341 2266 264 879 2371 2833 2486 846 2614 1480 1539 961 656 600 2092 2484 352 428 2100 2063 1816 1530 1698 1446 2255 642 1457 1571 267 317 1622 1994 2332 1129 1291 1366 2223 1242 160 2590 1814 1294 706 17 1191 557 262 885 2581 2327 1964 716 2138 537 1229 1409 1589 2399 2797 888 641 2739 263 1238 2460 2473
000566.jpg,1301 1058 1981 1518 1290 2140 530 446 2796 1017 2596 451 1604 2282 2064 1237 631 1909 1879 1567 2049 921 2392 2660 2093 394 662 1978 2085 1613 1384 908 2357 607 487 966 2458 1742 1119 942 2543 1906 984 1705 1331 1614 337 1673 1681 1002 2600 1516 2262 1554 2696 2257 355 186 1894 2507 1473 2809 243 997 1904 763 1739 271 1040 1645 1370 678 1000 2087 1105 1396 54 360 1094 50 813 1007 1455 1853 2559 2331 1419 535 2369 1271 1893 660 1110 821 1621 2005 2259 852 800 1401
000567.jpg,2508 2725 2448 2260 1889 909 1471 924 2351 1802 1596 1744 956 42 466 1880 592 2562 2457 1477 1866 153 2197 2442 2726 43 473 1426 621 2162 214 2188 971 2404 957 1960 2464 2169 1602 729 2839 796 2572 2498 1474 2366 509 745 1797 2168 1766 388 1696 1953 498 325 953 2493 2116 669 829 1249 1907 171 1113 1488 167 40 490 2261 2230 2798 387 856 2521 1487 2640 2019 1365 585 2591 690 1452 1757 1397 2324 2247 2326 2348 499 335 107 1364 851 2128 1651 644 163 148 2278
000568.jpg,2054 646 293 589 2323 2787 2000 1951 1306 727 1798 898 485 251 2161 1558 1361 2540 1175 614 1451 658 1427 2644 1928 2409 1559 29 529 1597 1115 1230 1394 1334 395 803 2320 1389 2546 1106 714 2504 1683 240 1166 1801 1390 737 2277 1165 962 789 707 581 1149 2040 2533 1886 1137 2242 2757 315 426 364 191 2784 2149 1557 853 1300 215 2759 2178 1900 2143 101 1839 2579 1759 1561 1849 44 1869 2430 2622 572 545 2302 2024 634 304 2561 1804 483 436 2656 70 1252 1231 1898
000569.jpg,999 464 1706 726 478 1662 1475 2236 484 1967 2765 1789 390 758 1503 455 1831 467 2429 2407 1262 2059 159 927 1655 331 1050 1022 2301 786 363 1465 53 799 1097 1317 2053 1008 2402 1756 108 534 2505 2465 1024 1143 389 89 2715 1275 1635 1293 2142 721 1912 840 2398 326 314 2244 1822 580 295 2061 52 1923 1972 788 1378 2634 753 418 501 1730 655 1715 31 452 268 430 1039 1647 241 1929 2531 1395 2806 2062 129 346 1921 1011 1018 1481 805 2698 1281 628 1918 782
000570.jpg,998 1583 2792 567 118 1791 1531 919 517 1063 1354 2252 2711 1579 952 2778 748 382 2065 930 1970 778 1769 9 1179 2491 2682 1651 887 945 841 639 1470 1854 1977 808 2793 114 7 1920 916 227 2042 928 1657 982 2361 1851 1578 2729 1367 2647 2328 819 2723 1770 1667 923 1239 2379 2304 975 2225 177 2122 2658 871 2679 875 2097 763 1585 2829 515 2310 1105 1903 2575 1368 1210 536 924 247 566 1808 2055 502 2550 1577 569 1507 1528 1595 141 492 311 25 2601 2026 151
000571.jpg,645 2628 1054 1679 1649 2840 1444 2011 445 2707 735 1328 1782 1544 2241 1623 169 1045 440 1617 947 1029 2439 2836 1663 1381 1840 197 2837 201 712 769 1422 2130 2050 2650 563 1417 1658 2289 2767 2454 2769 433 900 2826 51 260 2375 2352 860 1552 2272 2735 319 1486 2713 1489 1993 1870 1307 1261 1860 1416 1437 1710 2556 161 1218 348 2649 194 463 674 179 489 1948 2815 134 1316 2046 965 1253 168 1369 155 1148 26 1208 992 1701 1051 550 2076 2652 925 2088 906 64 1096
000572.jpg,2171 2810 2666 2043 2816 650 2643 2346 1916 759 1891 475 1702 1260 807 1723 411 620 1188 6 510 1889 473 2261 285 181 2841 2351 1397 1515 2768 1227 375 388 1797 1488 1083 420 732 1153 2521 2502 148 1711 1696 922 476 820 1326 1931 2128 1858 1882 163 582 1808 2230 1603 1738 2726 1605 506 1173 2194 1502 2457 2274 335 2591 844 661 1922 1953 40 1637 423 2162 5 1074 2779 2066 334 1150 750 1744 2378 1471 2203 2152 42 995 468 956 1221 2604 2620 2762 278 2122 141
000573.jpg,656 837 264 1887 2356 2484 1542 2455 1229 885 706 1350 2332 1925 263 2063 2123 1191 1009 1159 667 857 2739 1776 1457 2371 2139 299 1982 2659 287 228 2092 2321 2039 1877 704 1551 2590 2412 1122 2486 1619 720 2833 428 2607 801 1815 2206 1930 421 2269 1338 1735 2633 438 1622 170 2703 1660 82 2844 403 77 846 1345 2327 1814 573 642 1432 2811 1575 1043 317 879 600 514 1522 1086 2255 2581 1589 746 262 1863 1792 2797 90 1480 130 2431 1193 1129 867 814 1348 2100 2189
000574.jpg,587 28 238 2819 505 1827 2500 734 458 2674 2181 2193 2099 2283 1896 313 849 2552 1532 2119 2681 152 1741 1563 772 2052 2370 2177 1708 330 2479 2250 354 1111 705 1335 972 1117 68 523 653 503 2144 602 2534 175 1680 1376 553 2592 1339 968 2764 2527 1003 711 2191 1746 1917 2365 2689 1314 296 532 120 1050 408 671 633 2716 1650 2280 771 1932 1282 847 1704 1011 209 838 2774 2322 1182 580 1164 1543 2059 245 356 1955 2265 2028 552 2597 390 2812 1109 1635 2698 495
000575.jpg,535 1527 605 257 2377 1731 1131 2196 410 1992 2843 1424 1871 1138 94 1040 610 392 749 937 2788 1309 434 1966 678 336 2005 2417 2830 648 855 1311 821 1634 435 1007 365 717 2613 1800 1498 2087 2299 1068 2102 248 1133 2697 2746 1094 1419 2549 811 673 1850 1020 774 2251 544 1142 2290 2492 593 253 773 1379 1385 406 1442 2763 1455 2519 1779 800 2243 1645 519 1079 1243 1794 2341 1516 1968 2364 2560 338 1936 1325 1573 112 1913 870 1110 1581 730 1005 1174 742 1526 2680
000576.jpg,1982 557 879 2524 2460 1925 1619 1816 2431 2363 1480 299 2139 1122 2844 1242 2269 1660 1549 2607 2633 1539 385 428 1366 2576 2403 667 2797 2094 1814 2092 1421 1863 352 267 1291 2771 160 2833 2484 573 1589 1373 2412 1078 226 2455 641 262 1295 1338 837 2371 1 2385 891 2581 2104 2776 888 814 1530 264 2811 1735 1238 969 2635 1009 961 867 1807 1815 2731 1509 273 577 2063 2399 2266 166 991 2255 2206 1615 317 2273 2738 1792 1862 2727 1193 1349 1607 2332 2327 223 1776 600
000577.jpg,547 1752 59 1545 4 2367 2389 2082 1386 169 950 2270 1202 2837 433 1029 1701 2148 440 860 1253 1319 2840 2069 2652 2272 611 626 2289 769 904 1552 259 161 2424 1486 1146 173 2046 2735 2375 2732 1848 2515 1775 1799 2439 74 735 1788 1840 524 2836 965 2544 1649 1544 2045 2755 134 1428 2011 900 2130 1737 2482 1417 2419 1444 188 2084 2312 197 1617 1489 2628 1782 312 906 1468 556 645 747 155 1983 489 2606 1414 1190 266 2007 2650 1584 2241 2724 2707 2676 987 674 85
000578.jpg,523 505 2500 2181 587 175 2819 28 458 1563 1896 2283 849 2119 2689 313 2552 1827 705 2370 2191 2534 2716 152 734 2193 2365 2674 2099 238 2479 1741 2681 81 1117 1111 2527 330 1680 2144 2250 2177 1314 847 2597 1708 553 129 354 1003 68 2764 1955 452 2244 1335 1339 1465 2429 780 120 2059 92 602 1662 501 968 131 1475 552 653 1062 1532 2594 711 534 390 1813 877 2265 467 1932 1050 1655 418 2322 53 324 580 927 1022 2698 2142 1789 1378 2236 2137 1011 1635 1297
000579.jpg,2370 2119 2689 81 705 152 2365 28 2534 458 587 1563 2479 2819 1896 1741 505 1335 2283 849 847 313 238 1827 2250 2527 2681 1111 2674 2193 2177 2500 1680 2181 734 92 2716 523 602 2552 2557 1532 2099 972 1376 711 2228 330 1314 1339 354 1955 1117 2144 175 68 2265 1917 2052 503 449 1708 2191 1297 2322 1912 1706 782 580 464 1003 772 131 2429 1018 1332 628 2237 1465 31 1746 1655 1026 2062 534 525 1704 1021 553 1022 2592 2812 52 2137 532 2199 1813 108 1612 418
000580.jpg,2567 1927 96 189 894 2060 419 2554 2751 2216 1632 1171 1363 1217 1987 1032 2823 396 2153 333 481 2425 183 309 815 106 2249 2705 2141 1995 861 1214 22 300 2627 1288 2726 834 2162 1280 44 1703 2688 2156 1560 2760 785 2197 856 1199 2030 1084 1525 16 592 1315 2401 2317 2476 957 1015 43 1469 959 236 1108 2277 829 1286 971 1283 2831 621 1336 2313 38 20 2608 491 2261 1858 2791 2188 167 1709 761 448 2502 2079 1804 2109 941 1251 2645 1364 171 84 744 1098 669
000581.jpg,431 2510 70 2757 1759 1753 2622 18 1842 1834 1557 1125 2772 1839 601 2777 1390 2478 2 2077 315 2663 1035 951 2015 1252 2818 2561 1165 1443 2302 2323 2315 1938 889 767 1747 2686 1833 277 522 2702 191 2161 1418 1976 1980 2685 1801 2644 1394 2277 2149 990 395 461 502 688 2671 2577 2624 2601 1845 1075 898 2242 1230 1798 211 1767 707 426 2667 1686 2532 417 39 2108 1207 136 1849 1235 251 714 9 1558 1817 1460 1391 1065 126 332 1334 2314 297 536 1711 886 460 1413
000582.jpg,1385 1779 1992 1871 406 2145 773 1138 2102 2763 1731 1007 519 742 1800 1511 338 94 1325 114 535 1645 1707 253 730 1850 2341 11 392 1526 1442 1894 1455 821 1311 1969 1424 2830 336 248 1466 2613 2377 1966 2723 2516 1309 435 709 1040 800 1527 257 855 648 2788 1020 1165 112 2087 191 605 1968 2560 811 410 2680 610 2746 1581 365 199 1770 1379 717 1068 368 2302 678 1131 1670 1498 2757 1784 881 870 315 2299 1759 2622 2042 1390 1721 791 631 2384 1516 2653 434 2809
000583.jpg,1753 1125 70 2777 2077 2772 18 1842 2478 1834 2757 1759 2622 1390 431 2510 2 315 601 1557 2561 951 2663 2015 1252 2818 1165 1035 2302 1839 2315 767 2702 191 2323 1075 277 426 522 1597 369 297 2161 898 1980 103 502 1558 990 1460 2024 2143 2685 1235 688 2242 24 2546 714 536 2149 634 1798 1333 2601 364 1711 1443 1230 967 1323 889 1989 211 2624 2686 2040 2504 737 2653 1391 2000 121 2314 251 1801 1186 1413 569 1747 1817 1334 1418 1394 1132 2471 1427 2121 2728 2656
000584.jpg,1545 2389 4 1624 1926 59 547 2300 2790 817 2082 1752 1146 2528 2270 2367 312 1656 1644 2832 1102 2817 2411 1386 1407 860 556 626 85 987 2501 1993 1319 169 611 1701 188 1934 943 1202 1737 2840 2011 221 1422 1617 1029 2044 2837 1405 550 440 1544 2707 1663 2241 2375 1649 950 2454 1799 1444 1417 1328 1710 2045 1190 1489 283 1782 2836 1623 2439 2767 1316 2289 947 433 1381 2650 2130 2424 2515 1679 2631 2069 1414 2046 134 155 826 2721 51 2538 992 715 2556 562 266 1569
000585.jpg,4 1545 2790 1624 1146 312 2528 2389 2832 1752 1926 2411 2501 817 2082 1102 547 1644 59 943 2300 1934 556 2817 1656 1407 987 85 2270 188 221 1737 2044 860 1386 2840 169 1319 626 611 2367 283 1029 1202 1422 2011 1405 2375 1701 1993 2707 826 2454 1190 1663 266 433 1414 2837 1328 1617 1489 2424 2515 1444 550 1417 2130 2069 1710 440 1649 1544 26 445 463 134 947 1623 2045 2836 2289 1799 950 2767 2241 1782 1253 1054 1679 2439 1870 2769 197 735 2287 161 1316 635 179
000586.jpg,1944 137 2294 2207 1899 2825 2435 1055 2728 2558 1056 2766 2135 2580 1212 899 2842 804 725 447 1874 1606 1076 2057 2286 2813 1825 2708 494 146 1937 1452 204 686 2291 2248 329 165 1592 1223 1067 2741 2382 2569 2438 948 1464 647 140 116 682 1868 1134 491 1185 1841 1463 1547 1639 1777 362 2068 574 1940 2393 2305 1931 246 1935 79 657 2511 2719 2639 2736 2683 692 2036 2292 2258 2436 97 1126 2526 2509 2326 1986 995 1333 2121 379 2022 677 2073 2239 2757 2041 482 920 1001
000587.jpg,2252 1179 1651 1977 2491 1583 1063 2682 1578 1791 748 2328 1769 887 998 118 1531 2778 952 841 916 1579 567 919 930 1354 1920 639 9 227 945 2792 1470 2042 2647 819 1667 2723 2065 982 2097 2310 114 2729 2225 1770 2575 517 1851 2711 1367 382 1585 1970 2550 763 2379 1211 928 778 1507 2081 1042 1368 1657 1854 2459 808 1528 2103 2026 997 102 492 2488 2685 566 515 2349 1076 107 974 1239 2507 967 1777 7 541 917 1904 910 813 502 875 2660 1919 1154 2436 1410 512
000588.jpg,1681 1853 487 1000 1695 1705 2600 1739 1384 360 2664 542 942 54 1893 710 660 50 1673 2259 2085 791 2782 966 1614 1508 337 1331 2458 2696 631 2369 1770 1290 2257 2543 2596 1518 813 355 1287 2282 2064 921 1105 1554 1742 114 1031 1920 1370 2647 2803 2660 1396 1565 2026 199 361 566 893 2723 289 1717 2334 1398 432 945 21 681 1779 1992 417 136 2559 1579 2668 2469 886 1442 332 500 243 392 2462 1817 639 731 381 2384 1033 2036 1890 1784 2 1686 1241 1017 379 1499
000589.jpg,1054 1663 1444 1649 1679 2628 2707 169 947 2837 1328 1623 2767 1782 1544 1381 1617 2836 1261 2439 2241 1658 1045 1218 1417 2352 860 712 735 51 1993 2713 769 1489 1416 1840 2011 1948 440 645 2769 2840 445 1710 2130 2650 194 1640 201 2714 900 1422 2454 1051 1029 64 1860 26 2289 1870 1369 1096 563 260 2272 2556 1437 2826 2050 2046 1486 348 1701 197 168 562 1253 489 674 2735 179 497 48 1468 992 319 1316 1552 480 100 925 1586 231 161 2084 1775 715 965 2721 1569
000590.jpg,1125 1753 2777 2772 2077 2478 70 18 1834 1842 2015 1252 951 2757 1759 2 2663 2622 2818 601 315 431 2561 1390 2510 1557 1165 1035 2302 2315 767 1839 2702 426 191 369 103 297 277 1460 2323 2024 522 1075 1597 2143 967 990 24 1323 2161 1235 1980 502 688 2685 1989 1186 2242 2314 898 1333 1391 2320 634 1845 2624 121 2601 1413 536 2546 578 2653 707 1132 1558 569 211 1804 240 193 1443 2022 2121 889 2471 1418 1334 2409 1905 2276 102 2149 1588 1711 1115 39 1001 876
000591.jpg,1228 2546 545 1353 1898 1785 374 1389 2277 1213 1115 1087 1801 2066 529 328 1883 2579 341 1137 2238 101 2113 766 2540 2504 789 304 581 2178 2381 2759 2040 2242 1971 898 1333 737 407 2022 1900 1683 251 240 614 1533 1178 803 1257 1734 364 757 1035 617 576 2323 395 1176 132 824 436 70 1427 2547 1561 1839 2561 457 989 2233 2644 2523 2422 926 2192 1161 2254 2114 714 1847 1753 1394 777 499 2180 1300 2077 2542 1125 1230 483 1093 1631 465 1513 63 34 1476 2802 2478
000592.jpg,430 2505 2465 1967 654 1140 1124 1037 2402 1475 1822 1008 1921 2611 2236 1918 2061 2053 2407 1356 331 390 1787 2398 1662 1143 1317 1297 936 721 1647 1781 2301 2429 1024 1972 1022 484 1465 1472 655 478 2531 268 467 1756 452 1612 1635 1395 786 525 2794 1050 753 2765 1118 2059 27 534 363 108 1097 1039 999 1655 1706 1831 1715 1293 1692 471 159 1187 1141 625 1789 501 464 2565 2632 2244 580 113 758 295 49 1282 2164 1018 326 53 2311 840 805 1503 782 89 131 1438
000593.jpg,1752 1545 1146 4 2832 312 2389 2790 59 1102 1624 547 2501 943 440 1656 950 2367 1926 817 1316 1644 1319 2528 1934 221 987 2652 1636 2300 1407 2069 2082 611 1202 626 155 860 1386 1840 2817 1405 169 2836 1496 2044 2289 2241 1737 556 735 85 2424 1782 433 1799 2270 2130 1617 1453 2556 188 518 1701 161 550 2840 2411 2538 1092 1640 2272 1489 2713 1649 2419 1417 524 2515 2454 1190 1983 2046 1486 2837 2148 769 2084 2628 1381 947 266 1901 2375 1437 1422 1993 2358 674 992
000594.jpg,2320 967 1149 754 2756 1804 29 2533 1728 2413 2354 1849 135 1296 2021 119 707 2295 757 80 2224 293 1719 558 1231 2323 2408 1984 1383 1448 213 2172 1265 426 792 1478 1597 1867 1269 286 218 1529 1722 2143 24 2390 424 2024 695 634 2472 2757 2615 1557 2673 2277 184 983 1759 2622 1165 240 789 1252 739 2054 1312 2540 19 1390 2638 368 2784 1725 520 1839 2015 1886 2787 1334 2430 315 1689 658 1945 431 1898 1091 589 232 1455 2786 2296 1469 191 2772 1361 91 1555 1427
000595.jpg,1849 707 29 2320 967 2354 1149 2533 1597 1804 286 2172 426 1689 2390 1529 634 1722 1867 2408 2143 2756 2024 24 2021 424 2673 1719 2757 213 1269 1478 2430 1759 1334 80 218 1165 2295 1390 315 1296 91 2615 2566 1252 1448 2622 135 1557 291 2015 1383 2302 739 184 1265 119 2413 19 293 792 754 2224 558 2149 2235 2656 601 2299 1535 1442 1511 1728 2323 191 1670 1834 1886 2772 2663 2296 1068 2 1231 1733 983 1753 18 695 1693 2054 1125 520 1091 2638 2290 1325 232 1945
000596.jpg,1096 1416 1569 2721 1860 64 1948 100 1362 1897 2272 48 305 1316 715 497 2556 562 547 1993 1051 2650 1617 2241 439 2713 1381 1319 2034 2545 556 1586 1453 1386 1496 2082 2769 155 2628 611 1782 1658 2289 2270 1640 188 1926 987 1656 1490 1901 1623 1261 1218 51 169 1796 860 2300 747 659 1422 2836 2309 817 440 348 1701 2826 2046 518 1584 550 1544 2433 2352 201 1663 2454 563 2631 260 1649 1624 2076 2837 2817 943 2815 1840 1045 1679 2767 1444 445 2023 2755 1552 2011 712
000597.jpg,2054 1115 2546 1389 646 2787 2178 2000 364 737 304 2323 2113 1951 436 2040 1300 101 614 293 2066 545 1427 529 215 1900 2504 2540 727 2161 251 328 1798 1353 1230 766 803 1683 1559 1452 1447 2579 1394 2242 341 898 395 2238 1898 1213 2644 2022 581 2759 240 374 70 1035 789 989 1801 2277 658 2784 589 2561 1306 359 1106 1175 962 1693 1361 1711 1753 2772 140 2381 1868 2149 483 2077 1869 1125 1839 1137 2580 1883 1006 1027 995 393 1886 2777 2748 1333 752 2478 443 1334
000598.jpg,2624 2601 502 2471 990 1235 1845 103 1323 297 688 848 1908 578 126 1830 1340 284 1114 1608 931 768 702 903 1413 2276 1107 250 1720 1186 1821 1391 65 1767 522 1310 1975 2388 1512 2314 684 835 1254 2757 2478 1759 2077 1753 1165 2777 2772 1125 70 277 18 1035 767 1839 1557 601 315 1842 431 2302 1834 2667 2510 1390 191 102 1531 2622 2323 2315 2 1711 2036 2143 2561 2149 1252 2663 1667 2015 748 379 707 1333 2778 2656 951 1905 24 995 2378 492 247 1459 574 1793
000599.jpg,1038 865 1754 377 828 2421 640 2828 672 2520 323 2671 2602 933 2083 1668 1374 1949 13 698 2578 1041 1910 1819 1329 2795 955 2210 1272 1864 1049 1337 2108 1521 2839 148 420 340 2038 2570 1144 574 1399 432 1839 510 1397 1334 2032 1596 2323 398 1249 2334 932 2031 2768 1952 370 2150 1768 176 1757 901 2462 2786 1266 1429 2277 2798 964 839 2384 1562 2120 783 1070 986 979 781 1738 2335 306 1361 882 2644 2591 729 244 1426 907 2014 2227 1515 2808 395 56 2668 1801 2629
000600.jpg,2820 892 2473 600 1618 2004 1540 46 2100 1421 317 2635 223 1060 1 1071 1615 2269 969 342 2013 741 2340 2273 2838 1622 746 2513 2738 147 2486 2223 663 166 2213 1776 551 2229 1324 2595 2155 1575 366 2781 1059 2184 1101 2215 352 1034 2727 1947 1698 1095 1358 1994 1862 2158 514 1291 1242 349 57 1201 2588 1539 2063 1716 307 1520 2403 1576 1824 1409 2253 1292 2189 2338 1392 228 577 1828 2524 1792 414 685 2717 2662 195 1411 2372 2327 1432 1238 2187 133 1072 2174 846 793
000601.jpg,2252 1920 2682 1578 841 1063 945 1179 118 1651 1583 2491 887 916 1769 639 227 952 2647 1579 1977 919 748 2778 1531 2723 2328 9 567 1354 930 1770 1791 2792 998 819 2097 1470 2042 114 1368 1667 2575 1367 1528 1585 517 2065 982 2729 1851 2310 2026 2488 2711 2349 2225 512 382 1239 2459 566 1657 1970 492 928 2379 763 1154 778 515 1211 579 2660 1854 808 1042 311 2658 7 2103 997 432 2559 813 2334 875 25 1566 1210 631 1614 1384 809 2462 2154 1819 2436 513 2081
000602.jpg,2777 951 2772 70 2077 1753 1125 2818 1834 2478 2510 1252 18 431 1842 1460 2015 2561 1418 1035 277 2 2757 2663 211 369 1989 1759 767 601 1686 193 569 1557 886 597 2532 988 2108 1132 707 680 315 423 2314 2276 1817 2685 1186 684 2622 1065 1980 136 1165 103 2315 1902 2671 578 2601 121 889 1390 1711 536 1588 1833 2577 1443 1391 1114 2496 417 1700 1839 931 2090 1938 1674 250 1975 297 1767 1666 2471 1323 1747 967 2624 1413 156 854 5 2808 2599 502 990 2702 1845
000603.jpg,312 1624 1545 2832 1644 1752 2501 2790 2528 2389 4 1102 1146 59 1934 2411 1926 943 987 1656 2044 547 817 2082 2817 1407 1319 188 1202 1405 2300 85 221 2270 611 556 2840 626 860 1386 2367 1737 2424 1190 433 1701 440 169 2011 2375 2515 2556 1092 2289 445 1417 950 1489 1799 1983 2358 635 2836 155 2652 2419 1316 1782 1710 1617 1029 266 1993 1496 1640 1422 26 283 2241 769 2454 2069 134 463 2713 305 1381 1569 1649 2130 2046 947 992 550 2707 2837 1948 622 197 161
000604.jpg,2823 167 924 20 2573 1880 2030 396 2627 1260 669 476 2197 419 1802 1882 38 2060 661 2726 1315 300 1536 2554 1084 2261 2508 894 1286 2156 1032 454 275 2476 1471 1180 2678 2216 42 1318 327 1995 448 1082 1797 2162 1709 2623 2425 2432 1400 856 2194 2571 96 2153 1280 333 836 115 762 2448 1006 2260 2831 2705 2791 1744 2422 1687 1336 2096 189 2640 1556 1638 1927 1456 2523 1217 1387 281 23 1502 1308 309 636 236 95 1170 2263 2201 506 2318 465 592 2281 729 34 2168
000605.jpg,503 711 1680 2119 587 81 633 458 1335 152 2764 28 261 238 505 1827 2479 2283 1111 772 1896 2552 2322 2819 313 1117 2099 330 2228 2052 2500 1297 2193 354 1532 2592 1563 92 1010 2534 972 2689 1339 1314 2250 2181 734 2370 1003 2681 671 1376 721 2177 1708 1472 849 552 2527 2742 523 175 532 2698 216 1741 696 847 1972 1655 2716 1156 2674 2365 602 927 2191 1704 2814 1164 120 2557 1706 2402 1917 1955 1912 2059 1789 1109 2062 705 1037 2144 1961 1813 159 2142 533 1831
000606.jpg,1705 2600 942 2085 1681 487 2458 966 1000 1695 1384 1853 2543 1331 1614 1739 54 791 1673 2664 1508 2369 1893 542 355 360 50 710 2660 1290 921 361 2596 1287 660 337 893 1105 1031 2282 2259 2782 1398 2064 631 1396 2257 1017 1770 1565 21 2696 1370 1495 2803 1518 1554 2026 432 199 417 289 2262 1033 886 302 908 62 566 243 813 78 1742 2384 1423 2647 1152 1686 332 1920 512 1442 1890 2451 2559 1562 1717 292 1978 681 852 114 672 186 2668 1985 915 597 176 136
000607.jpg,2533 1149 29 2320 707 2756 1231 754 2021 1849 286 80 2673 757 1296 2172 2354 119 293 1597 2024 1728 426 634 2143 967 424 2323 1804 24 2408 135 589 1984 1383 1478 213 1394 2390 1867 2054 1175 1529 1265 658 2413 1951 727 1722 1839 2295 251 1719 485 1306 558 218 1361 2644 2277 2430 1798 1269 2757 2561 2787 898 529 315 395 646 1533 184 1689 1390 1448 1165 1559 1312 19 1035 1427 191 962 2622 1557 1759 1230 975 2078 1451 572 2000 2178 1599 1886 1106 1252 304 1455
000608.jpg,392 1419 94 519 301 1992 610 2101 2102 1454 937 2027 248 2763 773 2560 1309 2519 2331 809 843 538 717 2830 2087 1040 355 908 338 678 1105 1614 253 1020 648 1581 1142 605 1442 1673 1424 2341 821 1325 435 2660 1634 1131 1331 870 1042 535 2264 1396 1850 336 855 365 1455 1968 2680 568 2573 1966 813 406 2243 2081 2145 1527 1379 2030 1980 2627 396 1943 1732 2335 2239 811 112 2685 881 2103 1670 1894 1245 69 2005 1311 730 444 1779 983 1073 920 2746 2318 2377 1466
000609.jpg,1539 1982 879 1278 2269 1828 2662 2138 1549 2189 557 2473 1607 1862 2844 2266 2139 741 2607 1514 814 2481 577 299 1294 1863 1660 267 2385 1291 2431 2412 317 969 2524 1925 2246 1242 2185 2595 1411 2063 2004 573 1446 2094 1238 1480 2797 2229 888 687 1589 2633 1358 1694 667 2092 1341 1735 1338 961 2484 1060 2835 226 428 2584 2833 2213 2338 2776 837 2255 991 352 2576 665 1295 2659 1366 127 2635 2403 2820 867 846 685 1122 1129 1939 663 2616 349 885 263 1807 600 2648 1619
000610.jpg,348 1045 2130 2769 2454 925 2050 26 712 2649 179 1870 1369 2241 1328 735 480 1617 1782 550 860 1489 1381 1417 1422 2836 2714 1701 51 1658 1649 445 1663 2628 1710 440 1444 1544 2375 1679 2439 518 2840 169 1993 2837 2707 1840 947 2011 197 260 463 2538 1029 1623 1644 64 1656 1054 2556 645 2545 1796 433 2650 2528 2034 1416 2826 2289 1640 817 2817 1552 2790 1624 161 1569 900 1934 2721 562 1486 659 1948 563 1218 1407 1926 2411 769 48 312 1316 1437 2713 100 556 2767
000611.jpg,1944 2294 1055 1056 2207 2728 2580 2766 137 2825 2435 1899 447 2558 2842 1452 899 725 2135 1825 1212 140 2057 804 1067 204 1606 2741 1868 494 1874 2291 2708 146 1076 686 165 2438 329 1134 1592 2068 79 1547 2286 1223 116 2569 1463 682 1937 2813 1841 2511 362 2248 574 647 491 1931 2382 1935 2719 1185 246 2305 2736 1777 657 1940 692 1464 948 2292 97 1711 1333 2022 995 2639 1126 2326 1639 2036 2526 1986 2683 2509 70 2757 2436 2077 379 2378 1753 2762 2478 278 722 677
000612.jpg,84 2348 941 1596 1199 1602 214 43 1802 2448 909 1866 971 2562 2494 882 2197 2188 2498 2688 1953 1139 1113 1041 1922 387 2503 420 2751 300 1949 750 2152 2502 1726 370 2677 1605 1851 1754 1537 2457 1766 2572 1502 1616 334 2620 1397 2380 323 621 2705 1038 1426 1371 115 117 375 2567 2421 2725 1738 2559 1954 2014 466 1995 186 148 2150 2115 2032 1236 609 957 1255 56 1696 498 2154 1458 2476 244 2768 2464 1880 2425 1390 2267 1171 2203 335 815 851 2109 865 854 199 1687
000613.jpg,1631 1561 291 832 2542 1535 540 63 617 1334 1019 1087 1714 499 683 465 2016 576 2112 954 2180 1847 1103 1116 2700 2547 2277 1801 1483 1434 739 940 2242 1743 824 1713 1513 1689 1672 1685 898 1999 1343 1836 1760 2149 1333 2737 1004 1197 149 2656 714 2235 2523 1838 853 895 91 2785 1712 1795 184 1176 1161 1298 376 2422 1224 1593 1749 614 310 182 34 47 1300 596 95 2072 2281 198 1469 2022 1990 1113 1928 1558 792 16 2409 1447 2019 949 1971 783 426 1804 407 2324
000614.jpg,1325 1454 1442 1850 2087 2516 800 1526 1499 1511 1645 1936 792 2036 1138 2519 2559 855 2243 2560 2492 739 1800 1871 2195 1670 1968 91 1581 1601 1943 821 678 406 1731 1020 1966 1721 66 2296 2235 2763 694 881 1211 1745 500 218 1779 774 1165 742 2310 1385 1068 1529 191 1725 1094 631 1984 1784 2599 184 94 773 1007 684 11 288 432 2251 1992 1203 404 1975 2618 920 444 1142 2073 2097 392 2390 541 1817 1711 151 2239 1379 111 680 2276 253 571 1582 2660 1110 730 1040
000615.jpg,799 2232 2142 927 822 1789 1503 1932 2059 2137 464 1813 1655 113 1262 131 314 1706 653 455 1923 525 408 2765 2715 2794 1022 1781 1062 1282 129 1568 1378 1662 501 654 467 495 1831 788 2244 840 49 2407 534 1475 2301 2429 268 452 780 324 2698 484 1465 1875 1008 478 1024 1787 2465 2505 241 1011 758 2236 296 1281 418 331 2479 1050 456 726 2061 1612 2099 1822 354 108 1317 786 2025 390 207 52 1143 1505 330 389 1730 1356 1026 1755 721 53 806 1967 1843 356
000616.jpg,1049 323 932 839 955 1249 698 536 1910 377 1272 828 1521 2083 672 1132 2578 1041 1588 2828 569 1329 933 2520 1754 36 1952 1374 2839 640 2293 2602 2808 500 986 2795 865 193 1038 1504 176 123 1668 335 2335 2120 432 680 2671 2786 1949 13 2150 2210 1266 979 571 2090 332 2032 2640 2798 2772 2277 1399 1431 121 2108 1753 1074 2668 2031 1255 1447 1499 1817 70 988 729 1337 247 1686 2421 2230 2038 2117 2218 340 1711 2591 2141 2077 1125 2559 964 2227 871 882 554 995
000617.jpg,505 2119 1896 2819 2181 523 2500 587 458 849 175 2716 1563 28 2191 2552 1680 2193 1827 2534 313 2479 2370 2283 705 2689 2597 1335 1111 2681 2322 152 238 1655 1912 2099 2365 81 2062 2236 1706 2674 602 1831 734 330 2250 464 2806 822 1741 1475 354 1003 711 653 120 1813 1143 1955 129 788 501 1297 452 504 125 580 1281 553 2144 390 2812 1317 1097 1822 1708 1662 2429 2177 1011 927 1314 159 418 2053 2137 2052 68 1756 1293 2592 2265 534 2244 780 2527 1730 1465 1050
000618.jpg,712 26 1369 1489 1328 925 1045 1417 348 1870 900 2241 2454 860 260 1486 1782 1437 1663 1381 947 2130 1617 2714 1658 2836 179 1679 2826 2649 2050 2034 2419 1444 735 169 559 1544 1623 2628 445 2840 943 2769 1640 2832 2397 1710 51 2545 1552 1656 2790 463 1983 1218 1796 1569 1416 2837 2439 1054 1307 1644 1208 2707 312 2424 2652 563 2817 2528 1405 2713 188 64 480 221 1948 659 2721 550 1261 100 305 1701 1649 1934 2011 562 1993 2544 197 2574 2289 674 2352 1407 524 817
000619.jpg,2281 2288 39 751 230 2497 198 564 1357 2239 2036 1476 1818 1180 1713 926 187 1482 75 1116 1836 206 824 541 1304 2073 920 1601 1714 379 60 32 1856 83 2202 1950 1996 2495 88 469 1919 2080 777 1751 2547 683 1943 343 940 95 2745 327 1743 1914 441 2441 1014 862 2422 2603 549 1176 2033 1693 1459 596 1593 1523 917 87 1197 265 310 2190 590 397 993 728 1672 983 2114 55 1036 1177 2656 2149 1343 275 2555 902 2785 1748 2176 1727 845 1057 2542 1633 2383 2641
000620.jpg,312 2832 1624 4 2528 2790 2501 987 1545 1146 1934 2389 1102 2411 1644 2082 188 943 1752 59 556 547 85 2044 1926 1405 2270 1319 817 1737 1656 1386 611 2817 221 2300 626 1407 1190 283 2840 2424 1202 2515 860 266 2011 635 1029 2375 1983 2574 169 433 2367 1701 445 1489 463 1417 2652 826 2069 109 1468 1092 1414 2312 2084 26 2419 769 1253 134 1710 524 1422 1208 2289 2397 2358 950 1993 1617 1775 1552 319 1486 2454 2148 197 622 613 260 900 2477 2837 2606 1870 2707
000621.jpg,1588 1132 121 988 536 193 569 2090 1431 1699 680 1430 36 1553 1793 802 1065 2078 429 1492 1393 142 1418 2743 176 979 1256 1268 555 2786 2029 1686 866 2117 1053 886 1890 554 597 1888 901 2217 733 417 1033 332 868 289 2668 2384 2227 1886 1562 878 2333 427 571 21 1499 2451 2415 500 681 2077 2108 199 2777 1753 1125 70 62 2772 2478 2022 18 24 432 340 2757 1398 1333 2143 1842 361 2568 1759 2024 431 2510 1035 1557 213 2640 2055 1236 1266 2808 1087 102 1834
000622.jpg,2269 891 2403 2662 2189 57 262 2797 573 2844 2255 428 741 857 299 1509 687 2811 90 1930 2063 888 2412 317 2431 1792 2473 1925 667 1539 704 1861 2484 1338 1043 1291 352 2229 2123 267 1122 2385 2418 885 1887 1350 17 287 1982 1242 656 1571 2576 228 2659 1345 2332 1551 1619 2327 2607 1238 210 2339 2266 264 2739 1607 1862 1 2092 1735 1660 2338 846 493 2371 1432 793 2223 1859 2094 1575 2321 1191 2672 2356 2486 1589 1542 720 746 837 867 1698 600 548 1877 2455 879
000623.jpg,1139 1602 2348 214 2751 957 2572 2404 1214 844 22 1515 1953 2457 2464 1696 1171 509 609 40 2109 2562 84 1616 2567 1199 1866 1371 1889 1596 2203 1661 1766 1605 2115 1426 2448 1960 2141 2725 851 2841 621 941 244 744 2502 1632 2152 1488 690 1744 2162 1232 2498 2048 2768 106 2726 420 1397 498 1525 510 375 2014 23 1537 1738 1726 466 335 1113 43 2230 425 909 2706 1768 2503 2263 785 1659 2386 1364 815 2153 2521 1797 1802 2128 1987 2678 1255 148 2182 971 2591 1198 5
000624.jpg,2601 2471 768 103 502 297 990 1830 848 903 65 1323 1845 702 1186 1340 1114 2624 2276 284 931 688 1608 2314 1767 1310 1107 1512 1235 250 578 684 1391 2388 1720 126 1975 1908 1254 1821 835 1413 2685 522 2315 1147 1980 1120 1016 951 2772 277 1252 2510 2777 967 1834 18 2518 1753 845 1842 70 1125 1943 2015 431 83 2802 2702 767 993 373 2831 2077 2036 2818 2478 1165 2705 800 1035 2757 379 1804 1919 2080 1759 2161 541 2251 1950 1719 2401 2383 2571 1336 2005 1968 762
000625.jpg,1879 2093 631 607 1518 446 394 2796 1301 2660 1909 2682 1290 1981 2252 1058 1578 2507 2282 2491 997 1384 1017 2596 530 1179 2357 2049 1613 2392 916 1906 921 1904 1604 2328 1088 1651 2064 227 2140 1931 1132 662 1673 1977 841 1614 2786 118 2757 1464 1937 487 2813 2090 1516 271 1742 1874 2382 1063 1211 2036 2809 536 1076 2723 2248 1331 1842 2310 50 1473 2166 18 431 2526 1588 966 2708 1686 1531 1592 451 379 2019 1944 1639 2286 1237 1418 1645 2294 337 2569 1507 2065 554 2089
000626.jpg,2315 1980 2702 277 2685 2 2663 767 951 2818 2510 1834 1842 18 315 1767 431 601 1252 2015 2757 1753 2772 2478 1557 2276 211 1759 70 369 1125 1833 2532 2388 1165 1460 1443 1391 126 2077 2777 2314 1413 1340 2622 2302 1938 1989 1390 684 191 1845 2624 1975 250 1747 1186 768 1943 848 1720 578 688 1147 1107 1821 1120 889 379 1114 2518 993 903 835 931 1869 269 2036 1211 2161 2601 2653 1905 1601 1310 1919 39 702 1608 65 83 1323 1410 103 541 2471 2686 1254 1830 590
000627.jpg,222 1504 2342 850 2512 177 2355 2679 1903 816 2122 755 1085 2829 935 2218 1163 981 380 2362 461 141 1436 1145 2163 2750 401 2055 453 897 2096 1736 1305 1599 760 612 1023 2201 437 2074 1976 1933 2450 1233 836 2452 2645 1628 1321 1808 1098 477 73 2156 701 1144 1510 2361 595 2274 2587 632 1404 174 99 1688 2775 823 953 1155 812 2446 164 1806 2577 2161 303 2691 156 1006 399 2071 208 1717 2334 1638 460 2098 914 1113 2747 1922 2000 2793 516 2077 2353 745 1474 1872
000628.jpg,1085 816 1903 2122 2679 177 453 2274 1808 2163 2829 1155 401 1163 1404 1688 1628 73 380 2055 2722 2587 1023 141 1100 1233 437 2074 2452 595 1717 208 1599 2577 399 156 1510 174 164 823 172 1089 2775 2009 460 1145 2469 1047 2636 1784 760 1241 1415 981 731 2747 7 2098 612 2655 2126 975 72 694 99 1872 1160 1946 2793 461 222 2537 1165 2792 2658 1006 536 151 2064 1271 1976 599 1711 569 191 2559 193 2757 2218 1305 1501 477 1817 1173 1759 136 2362 121 2302 2642
000629.jpg,1741 2119 671 734 152 1827 28 458 2283 587 1339 532 2674 2370 847 2479 972 81 1563 313 2534 2819 696 1956 238 1708 2500 2099 1532 2028 2557 849 354 2689 1111 505 330 2193 2181 2681 2552 1917 2527 92 2698 2716 2742 2365 1680 1335 1896 503 711 705 2250 2052 726 1704 523 1010 2814 2280 390 2059 838 2429 2764 2144 120 1635 175 1117 2228 772 2177 1465 131 1376 1282 1273 602 1662 408 1967 2592 296 534 2322 383 1297 27 1961 999 53 2565 799 2244 239 2053 1475
000630.jpg,1923 324 2301 2429 2407 1662 1008 2059 840 1062 129 1813 501 2244 628 1465 786 363 484 2232 467 2765 1568 1026 1220 1378 780 1037 1730 822 2465 2505 1097 1022 456 31 2687 580 2715 1293 1039 1932 534 1048 2611 1789 1655 927 1317 1395 1929 1921 159 2565 389 2053 471 1612 402 52 2236 936 2137 2632 1843 1050 1438 1140 131 1124 1475 721 138 108 1715 788 758 1706 1281 326 1143 1972 1275 346 464 1831 2402 1024 1481 1822 390 418 782 1941 53 2634 1967 1011 1781 753
000631.jpg,364 101 572 2644 395 436 2759 251 2040 2504 962 1106 215 1951 1306 1900 2381 1559 1230 545 1361 1394 1451 374 1798 1427 989 2546 529 737 2323 803 589 485 2000 581 727 1115 1175 1389 1683 2579 1801 766 2178 1257 2238 2113 614 1137 304 898 1786 2114 2066 341 2540 658 789 1883 328 1213 646 714 1207 1693 2277 2149 2242 2784 2409 1558 2054 2787 1353 1971 2656 1839 1300 293 2561 240 1357 1035 39 1166 1928 1898 2072 70 1144 2829 1091 2288 1390 177 1231 420 1087 1753
000632.jpg,1944 1055 2741 2766 2728 2294 1874 137 725 2580 2558 2825 2435 1899 2135 2207 1212 494 1606 899 447 2057 2708 1452 165 2813 146 692 2842 2291 1825 1463 140 116 2719 1868 1126 1223 2292 204 2736 1777 1937 2248 647 574 686 1185 1940 2438 1067 1473 1076 2382 1547 97 2809 948 1935 657 2757 682 2639 2683 1056 1464 491 2286 1075 1088 2121 2036 2068 2319 1986 1962 790 2305 1876 2220 1134 2350 1001 2511 1931 2526 1592 1759 1130 1433 2393 79 804 202 2569 329 2598 67 995 482
000633.jpg,887 2328 118 2778 2491 1531 1578 1583 1769 1179 748 945 952 930 1791 919 841 1354 1470 998 2252 1977 2792 819 1667 982 567 1579 639 2065 1063 916 2682 1651 227 1920 1585 2723 2575 9 875 114 2349 1851 311 2647 1210 2729 1770 2225 579 928 763 2379 2097 492 808 2042 2416 25 1657 2711 566 517 2459 1211 2310 2488 528 923 2658 2026 382 1367 2757 1368 513 1154 2559 512 1528 1209 1970 7 2304 2117 1390 1854 2618 1759 778 515 2462 1557 631 315 2334 995 453 1074
000634.jpg,1776 1925 1350 1619 857 879 1792 2206 2548 1 1861 2662 228 2727 2659 57 1887 1930 2399 2332 2581 2123 1432 704 2327 2356 1520 720 2703 1551 1345 77 287 1291 1191 2431 267 557 514 1982 2484 885 2844 801 2004 1086 1575 1043 1675 1877 797 2063 656 1238 2321 2739 2672 837 2385 82 421 1457 2039 352 263 1375 1660 2607 2371 1572 667 2403 1684 210 2198 2694 2633 2590 2269 2456 1193 158 234 1542 2189 133 262 1580 798 2187 2460 2273 2092 2330 2229 1947 2139 307 573 2461
000635.jpg,837 1009 2092 2139 2484 2455 2063 1159 264 1815 2844 1589 2833 2371 299 1982 1925 1291 1660 1814 2607 2633 267 1122 667 2412 1238 1619 2399 2269 2215 1776 234 1735 2731 2223 1622 720 2123 2431 1698 1816 1 879 1366 428 1520 1572 867 1863 2338 1887 814 2273 600 741 2797 1350 573 1480 913 263 1338 656 2635 2356 2727 885 1994 2206 1129 1191 226 2717 2486 2385 2541 17 403 1432 130 2834 846 352 1824 2185 2321 1615 891 2672 2590 2403 438 857 2100 349 2332 1542 557 385
000636.jpg,650 1703 2666 1288 1153 2171 1363 2043 2816 2346 475 922 468 1891 1916 411 829 1260 521 37 759 956 1227 1882 2216 2617 1723 285 807 1188 1797 1858 506 2810 1995 2261 476 924 2841 1221 620 1763 546 669 1605 2425 1761 2705 1603 6 2643 148 2194 1502 335 2476 1487 980 820 510 42 2831 1570 181 2612 2502 732 661 1364 2401 2657 1456 1315 1884 1844 2179 1433 36 1150 565 420 1975 959 1132 2726 619 750 785 1588 1536 2591 1286 38 1199 536 1284 953 122 1711 582
000637.jpg,2113 1389 2178 658 727 304 1213 2546 1333 2022 2066 545 589 898 1558 2277 1115 485 1228 1175 1951 1230 1087 2323 1394 1801 714 1207 1683 1306 2242 737 614 1798 529 2644 962 581 1019 853 1839 63 1035 395 1785 2504 572 2072 1898 2149 2759 1361 954 1427 2784 789 251 803 2656 240 1559 783 1137 1300 1353 1106 2000 374 328 1753 101 1693 2114 436 2579 364 2040 215 2772 1125 149 766 2409 1257 2478 2077 426 2777 1451 1173 2540 110 1928 1900 1597 70 182 1666 1883 2238
000638.jpg,28 2119 505 458 1335 587 2479 1563 1532 152 2099 1680 238 503 313 1827 2500 330 2250 1896 711 2819 2181 2370 2283 1111 849 92 1741 81 1708 2534 671 532 2689 1117 2552 2716 354 2674 734 2193 972 523 705 2365 2177 2527 1339 847 2764 772 1376 2028 633 2557 2052 2681 2144 1314 2228 68 1297 2191 1704 2742 653 602 721 1917 2322 175 1706 2592 2062 1955 1961 1472 553 1655 696 1003 2236 2812 1118 1010 2265 1972 2059 1475 2429 261 1912 464 390 968 2402 1465 1730 534
000639.jpg,604 764 190 153 247 2487 719 276 1577 2008 2146 1403 1128 2018 841 1211 549 1493 1534 1289 1157 914 2325 2551 2284 206 118 1583 1915 2157 2097 2081 35 1359 1351 2310 995 982 998 66 2582 58 1136 539 723 1651 916 528 2252 492 2585 2225 2559 1063 2778 2067 343 1179 1711 2214 1578 2065 15 1121 2261 862 2334 2026 1566 25 2536 2436 615 1066 1173 809 896 272 748 1473 2378 2405 567 227 910 2462 512 2434 2019 1162 831 522 1484 2379 1657 102 1042 379 413 1531
000640.jpg,304 2178 2066 2784 1213 2113 2277 789 240 1353 2022 1333 1883 328 1513 1161 2504 1898 2546 766 545 529 1300 1115 1389 1693 483 2238 1847 1228 251 737 1801 407 2149 341 1087 2323 1785 63 1427 2644 1743 395 1361 962 310 2656 2579 2040 1093 2242 2540 1394 658 101 1230 149 364 727 898 1683 614 374 2759 1176 1798 132 824 2381 581 783 2547 1900 1019 1951 1035 803 954 198 436 1106 1559 695 2190 714 1795 572 2054 1712 983 1839 1306 989 485 596 293 95 75 1175
000641.jpg,1255 123 986 882 698 1757 1452 432 2150 2001 932 2318 2366 1998 2391 1548 508 2580 1868 2559 1041 1499 1390 2294 2291 2170 974 1747 574 1477 358 2795 1049 1067 140 1464 521 2599 598 2490 1557 1236 79 1408 1447 2757 2405 1088 938 2657 1944 1120 2036 2475 271 400 1937 1670 1922 637 2685 1488 2267 1952 2380 2440 1777 568 1687 2793 955 423 796 1986 1061 329 662 1942 1759 2661 2083 151 2622 1902 2014 2571 1399 431 2617 1661 2741 2334 102 964 379 1173 2762 70 315 1949
000642.jpg,2283 313 587 2819 152 2500 849 2119 1741 2674 734 1563 1827 28 2370 458 238 2099 2479 2181 330 1532 354 847 81 2552 505 2689 2534 1339 1708 2250 2365 92 523 175 1111 1896 705 2144 2698 1917 2681 2193 2716 671 2764 972 1117 2527 2742 711 1680 532 2052 68 772 1335 1010 696 2177 503 120 2028 2191 1376 553 968 1314 1109 207 408 1746 653 1021 390 2592 2280 602 726 1003 383 2557 534 1961 449 1168 1273 296 1299 1465 2429 1282 2244 53 61 1662 1635 1164 2059
000643.jpg,1732 603 1914 1620 2275 830 1678 761 1450 1073 2202 2317 1476 1178 2249 2745 2785 1057 2437 88 2190 1147 2281 1996 870 1482 2422 1713 94 2096 1224 2547 1449 2523 1634 2518 648 1523 2239 60 983 1120 83 2573 717 1183 2080 1980 1304 1309 248 441 1036 230 1180 2030 610 824 1990 95 843 1176 777 1672 1116 269 1633 1838 47 1447 16 2830 908 538 2560 2441 2685 1836 34 1469 596 1040 44 396 1020 2695 1142 2102 576 483 1714 1673 1419 376 365 2180 845 605 1614 355
000644.jpg,2500 849 313 587 458 238 2819 28 2119 2181 2283 505 1827 152 2552 2674 1896 2193 1563 734 1708 1111 2370 2099 1741 2479 523 2689 2681 175 2365 705 2250 2191 354 330 1532 711 2144 2716 2177 1117 2534 81 1680 2527 503 2052 1335 847 68 2592 972 602 553 1376 1339 2764 2280 92 296 772 1917 1314 671 653 1003 408 207 1955 1746 532 2173 2698 1932 2322 2742 2265 2597 780 534 1282 968 1650 131 1010 245 356 2812 1021 2396 2244 2028 633 120 1465 1813 2557 2429 580
000645.jpg,898 714 2072 1558 589 2540 485 1427 251 1207 1137 2409 1306 1166 658 614 727 853 1175 1928 1951 1087 1361 2323 1257 93 1213 2113 1451 803 1389 1798 2644 1597 895 395 2066 646 1333 2546 1839 293 789 1334 1590 1801 529 1115 1971 2054 2242 2022 426 1559 374 2504 2149 364 2622 2000 2178 101 2757 1230 581 1557 1106 1390 1900 2320 240 1561 1759 1683 315 737 304 2277 1786 954 634 1165 783 215 2787 2143 1513 2324 1847 962 1161 2656 436 2040 2302 2784 1883 1753 2759 2381
000646.jpg,2669 2025 2794 61 1787 207 1022 654 1781 758 525 1475 225 1282 1706 2164 1662 464 389 1378 467 452 2236 1789 408 192 2137 2142 1655 2311 49 2429 2070 927 1024 239 295 2091 52 726 268 1275 346 108 2396 1356 1831 1780 31 580 840 113 2059 2053 1503 455 2765 1262 501 2505 2465 1481 131 822 129 2531 2467 418 2634 331 1967 484 1875 1127 1011 653 1039 356 534 1918 2232 1923 2398 2407 625 1274 1124 296 999 679 2687 1929 2285 89 2301 2715 2173 430 936 1141
000647.jpg,2839 2335 2570 2795 1329 2520 2808 2210 2671 476 640 1764 1952 1266 729 2083 2261 1910 571 2640 865 1249 1038 2602 1272 672 2828 1337 669 1399 2798 1374 933 2120 2346 2366 2571 1976 2031 1042 1898 13 1668 2666 2169 1312 2090 2578 828 2277 964 70 2421 757 661 680 2561 1176 1429 285 1227 1150 1132 132 2027 2387 1070 1065 377 1333 1839 1023 407 2629 473 1711 1035 2038 432 1228 431 1891 370 2022 1588 2194 1145 650 2055 2221 193 510 461 2508 1916 306 2539 2510 2772 1723
000648.jpg,2348 117 1198 1113 84 1591 1488 2359 629 1184 244 2494 214 2203 2115 1866 594 1502 327 2677 1616 275 1738 851 281 2448 1371 1038 1754 423 1602 543 2502 2303 413 1973 941 2421 2030 128 1922 23 1596 351 2162 1570 1902 907 1199 1205 2179 265 148 2572 2761 1139 2152 2263 1954 40 270 1817 1426 1696 640 1661 1700 2521 690 750 781 1960 420 933 1659 1263 1819 2457 498 2751 1080 454 1949 1519 2828 854 136 1501 1687 1979 2141 1225 1605 1397 375 474 2154 1423 672 2726
000649.jpg,2023 2755 1584 2045 258 747 1796 860 2545 2034 1701 547 1656 1489 1029 1586 2482 1545 4 497 1417 2836 2272 26 715 169 1569 1788 259 1782 770 100 1386 2046 1407 2721 1993 943 1710 817 1926 2454 85 2790 1320 312 992 2082 1617 48 440 2628 463 2837 1051 1381 987 161 64 2528 2300 433 2832 2287 1624 2241 2270 1405 2564 1146 1102 1752 1897 2289 2817 1319 1870 611 550 2735 51 1261 2538 2544 556 1649 2556 622 155 1362 1416 1948 1934 1552 2769 1092 2389 1658 305 2424
000650.jpg,853 1558 1207 2622 2323 1390 1557 2072 1801 2242 1346 589 1443 1759 315 2757 2149 581 1798 2170 1561 614 2016 1928 1165 2542 2409 2000 714 889 1334 1753 1683 898 2 1834 1839 1075 737 70 2277 431 2656 725 39 1087 1125 291 2302 2644 676 783 1986 1230 340 1137 2663 332 2772 803 601 1597 1559 1166 1357 1985 2510 779 18 2667 2540 2154 1252 1180 940 1451 2490 1144 949 251 1427 1954 1601 1412 1833 2483 198 2478 2015 2777 2161 1206 1106 2325 951 2686 379 2410 1482 727
000651.jpg,1370 1614 1331 966 1384 2458 1105 1742 243 1396 1673 2696 1554 2257 487 355 2600 813 1705 1681 942 908 54 2085 1893 921 50 2660 542 1739 710 337 660 2664 2782 2369 360 2064 1853 1031 1017 1290 2282 2259 2543 1495 7 392 1301 1000 1695 631 1287 94 530 1518 1002 253 2336 1642 3 2490 2049 1604 2793 1565 2519 2299 855 2746 2147 2170 451 1142 1968 2290 2417 1946 2341 301 984 568 791 1442 186 871 1325 975 2647 536 1311 1966 1036 2803 2452 1152 1419 336 254 1094
000652.jpg,2502 2152 2348 84 1605 941 1139 214 2751 106 1171 1371 2567 2263 609 22 2457 1602 2572 117 2203 844 1866 1515 1214 13 1199 1113 509 2705 957 244 1953 1364 1198 2841 1525 2448 1738 785 5 1927 1616 96 621 2109 1754 323 2726 2060 1632 2141 640 2115 1184 2678 732 1661 744 2404 189 851 2760 1488 1251 1570 1696 2162 2562 807 2623 1922 181 2182 2401 2831 2153 2768 2677 1280 481 420 270 2498 1949 1603 1397 236 2386 1458 300 1032 2303 419 2761 629 1987 1084 2688 510
000653.jpg,1911 2691 2318 796 629 2677 1537 2362 224 2001 1661 690 2443 2132 1152 543 2355 425 370 1036 281 99 2147 275 1219 1144 2391 1263 2378 1267 327 1700 413 1902 1817 1113 1426 2014 2599 2483 1582 1501 854 1519 2161 1387 915 448 995 2222 1371 136 1973 128 372 1659 437 1280 745 1084 73 351 2671 2706 23 2494 432 1200 2475 2420 2514 1570 2086 973 2124 1006 938 1979 850 2535 318 1380 1285 1504 2293 2359 1233 1835 781 1165 1750 896 488 42 1080 320 2512 632 164 1718
000654.jpg,1562 340 2108 302 292 176 429 2668 1890 554 802 2786 417 2423 62 21 868 2384 289 555 2227 2217 199 78 2415 427 2451 893 2029 681 878 332 1256 1398 361 743 1418 597 886 1888 1065 2568 2757 142 1553 901 1686 500 2743 571 1430 1038 841 1390 2267 1393 945 979 952 1759 2622 432 1492 1557 1521 1769 760 1033 2578 1579 2380 1431 1354 1399 377 2078 323 2387 828 919 1920 1699 1849 1952 964 1793 114 2323 1528 639 2828 1770 2421 707 1599 955 2491 1266 672 2117
000655.jpg,167 20 1456 2030 1260 419 2060 2823 122 1284 2554 894 454 1082 2627 2153 96 38 2726 1032 396 189 1927 1308 2313 2573 1084 2791 1502 37 1286 2162 1556 1995 2222 924 1632 2623 586 327 2263 275 443 1797 2425 1858 1593 2098 2118 1006 1318 1637 2179 2476 661 620 2303 2351 1844 1702 1205 411 117 181 1199 1865 1891 1488 851 752 1610 2807 2216 2335 1188 468 1919 2643 2310 592 510 2195 1884 1015 476 2521 1280 1047 1987 759 2831 2128 1744 1659 980 236 111 2194 1283 636
000656.jpg,2509 1810 202 67 1075 2583 899 1001 2121 2558 2350 165 1944 627 1055 1406 2728 137 1212 2294 1012 725 249 2825 1606 2766 1874 2435 2135 2057 2207 116 447 2813 2842 1130 2741 2719 2708 692 2736 1986 2757 2292 24 494 1937 1126 647 2143 1899 379 1557 1841 1056 1825 1592 2382 1223 1759 362 70 2291 2622 18 1076 1689 1390 146 1842 2248 1940 2320 541 2430 97 2295 2319 2077 2683 135 1448 1088 948 424 2224 682 2569 1383 2286 917 2580 482 1722 2036 2809 634 1463 1753 1125
000657.jpg,2261 910 353 196 1042 776 585 2081 869 98 153 2103 1625 1819 2067 282 476 2346 701 1643 2462 1864 1227 42 1916 285 2666 669 809 247 1179 1402 206 2334 2434 661 2361 2256 820 1260 1436 2810 2474 650 2171 2643 2839 2252 956 1761 807 1153 1651 522 343 506 40 475 1723 1188 1578 2264 1977 1063 2603 829 2582 2083 2491 2157 2196 6 920 2604 1882 2291 1579 1565 1891 379 2336 1173 541 2194 2027 32 2803 1583 1223 2326 2660 917 800 1667 1744 1711 2795 2816 781 2097
000658.jpg,2786 979 1132 2227 571 1588 1393 1065 176 2743 1418 2384 2090 554 597 988 2029 193 1686 429 417 1562 332 536 868 340 121 2668 569 1256 1890 1033 886 2108 1431 555 802 1888 2451 2117 36 1268 427 199 680 289 1266 21 1553 2333 878 2078 142 62 1793 2808 1952 1430 1053 893 1398 432 2640 1492 2217 2415 1699 302 733 361 901 500 866 681 2798 1499 1886 2224 729 292 2629 964 2423 2568 232 78 1429 2539 1399 135 2413 967 2295 213 558 184 520 2757 19 2354
000659.jpg,2241 348 2769 2130 550 2375 2454 26 2289 179 2538 445 2840 433 1870 2011 2050 2714 712 925 2649 1045 645 197 1983 1422 518 735 59 440 1453 2650 1190 1369 480 1617 1710 1328 1029 1381 260 1782 1417 1644 161 1901 2501 860 1701 1934 2713 1656 1840 1489 1752 312 2574 1092 463 2832 2515 1552 769 1624 2628 943 134 659 2088 1640 1146 2424 1486 1444 2272 1405 2836 2528 169 201 784 556 2439 1788 900 2044 947 547 1490 2790 1316 1948 2826 1649 305 1679 4 2707 2721 817
000660.jpg,2455 1159 403 264 837 1009 1815 299 2063 1338 2484 667 428 2371 2092 2486 846 2412 2811 2635 1982 2139 2607 2269 2633 1660 2833 1615 573 891 2431 1925 600 317 706 1622 1 2399 2338 2797 2100 656 1122 352 90 2255 262 2717 814 1229 1816 223 885 1735 1994 2403 642 1589 1191 1698 1607 1409 2223 17 1542 1539 1619 2138 1366 287 2844 2332 1863 2273 888 2739 267 1291 1480 2776 1025 1457 1071 2576 385 1887 2266 1520 1776 2727 961 2834 857 1828 1824 2481 263 2321 1060 1571
000661.jpg,1792 228 857 57 1575 2229 801 1930 1724 2659 1861 77 1776 2590 704 1234 1664 2332 1457 2174 2327 1350 1887 210 82 1947 2356 885 2456 263 1551 2461 1877 1576 1348 1345 2330 2662 1043 1229 2548 656 1191 570 2039 746 2206 133 1675 2418 2004 2739 2581 514 2703 1375 934 884 2321 287 1034 2198 158 1292 1580 242 1542 1030 1432 1377 438 2155 1086 793 1716 797 2123 185 2694 421 1665 720 493 798 1522 1193 879 2374 2727 1392 280 294 706 1859 1619 1276 1 170 548 1758
000662.jpg,557 143 2363 879 2517 2460 1684 2844 1619 342 2738 969 2524 1295 1807 551 2529 2385 2298 1629 1863 46 352 795 2185 741 1291 1925 1238 1549 1509 267 2226 414 1982 1539 2801 1694 1 2727 2481 2541 1440 2269 1059 2431 2273 2473 600 1776 1366 1837 2484 2189 2223 299 1514 1411 386 166 1816 1698 1129 991 262 2187 1421 2139 2403 1522 697 2468 195 1278 1814 1947 203 1520 2717 1939 665 273 2412 2100 2175 961 2372 2104 1373 2013 2783 1324 1480 1540 2063 888 226 2584 1824 1622
000663.jpg,1992 773 1385 2763 1779 1138 2102 1731 519 2145 1007 406 1871 1800 535 1894 1419 2680 1424 610 94 742 881 2830 1040 1442 435 1581 392 2613 1527 1511 1325 648 717 605 1309 248 1968 821 870 2377 1850 1645 2560 257 1707 800 811 1573 338 1020 678 1311 288 112 253 410 365 301 517 114 191 2095 1068 1634 730 1966 382 336 1379 1969 2310 2341 2609 1970 1526 2042 2723 843 2746 2516 227 920 2073 709 778 916 1460 2087 2005 11 1466 1721 187 2290 2660 2239 1784 1455
000664.jpg,310 1856 1093 2827 2441 407 2202 1176 132 2745 777 949 2242 1743 1476 2785 2190 63 940 695 983 2737 1343 2422 1914 88 1019 1996 2111 2615 1693 540 1999 1561 2112 2542 617 1116 1713 783 596 1333 1448 2733 1898 2656 1714 1945 1298 1434 95 2413 2149 462 1091 737 558 2016 184 1004 1749 1334 19 1103 1631 198 1535 1672 1685 2295 2547 2022 34 520 1478 2019 1683 75 1785 213 683 2523 341 376 1265 1733 135 149 2497 832 328 232 1410 1204 182 230 32 206 187 1087
000665.jpg,1753 1125 70 2757 2777 2772 2077 18 1759 1834 1842 2478 2622 1390 315 1557 431 2510 601 2 2663 2015 1252 951 2561 1165 2818 1839 1035 2302 2315 767 2702 191 2323 277 898 1558 522 1597 426 2161 1075 1980 714 2685 297 502 990 688 1235 1443 369 1207 103 2686 2143 1798 889 1460 2242 2624 901 2149 2024 364 1087 1938 24 1230 1333 1418 589 2601 1845 1793 1747 536 1413 634 2504 1391 1989 2409 251 2277 967 2040 211 2644 1711 1801 614 1256 2728 2121 1334 737 2656 2532
000666.jpg,2076 463 85 259 860 987 1029 1701 1552 319 1489 2735 2419 1788 2011 2034 1983 1993 2769 2515 2046 1417 2544 2538 1386 74 622 906 100 1190 1617 1208 1656 547 1848 1307 556 715 992 1796 1253 550 26 2840 2650 2241 4 197 2358 2564 260 2088 497 2574 2721 188 1319 1586 2454 440 1569 48 2424 1428 445 433 1878 712 2626 1362 312 606 2755 2628 817 1658 1422 51 2375 1096 943 2289 559 674 1782 2287 977 2724 1261 1416 1624 1405 2676 611 2753 2084 1092 1486 563 518
000667.jpg,2277 1898 2022 1087 545 1839 2066 2178 2546 1333 1785 304 853 1801 1228 757 1389 2024 898 213 1213 1035 2113 558 1019 1394 2323 63 328 2143 135 737 24 540 1889 426 614 1631 2055 695 2242 2077 1753 1804 1093 1558 1683 2772 70 141 132 967 1125 949 658 407 2478 2757 1452 783 2508 766 1176 341 2561 2591 2090 1597 2777 473 529 569 1137 1145 2808 1728 997 1115 707 634 1931 2072 754 2413 1266 424 581 1734 431 714 1976 1808 1023 2169 1427 461 1207 310 1693 1945
000668.jpg,2224 964 754 135 757 967 1952 2413 1728 1557 2320 2757 1399 2622 1555 2295 1804 1266 2808 444 2031 1390 1725 1597 2221 213 792 1759 426 2024 1070 2756 358 558 2640 739 1849 29 1651 2277 1149 2354 2143 2491 123 2708 1252 707 368 2015 1231 2267 1448 2380 2809 2796 24 2120 1165 1236 1904 2786 2323 695 2140 1977 1719 2408 315 2533 1529 2390 1834 997 2038 184 974 1473 853 1867 2315 1722 2685 571 2507 1296 2570 2798 218 2428 730 2772 1455 2682 1721 70 1179 1478 2629 2252
000669.jpg,2541 1572 46 1291 234 1349 879 1238 267 2385 1 961 2340 913 1520 1509 991 2327 1807 1540 1095 1862 352 511 2844 2399 2524 2138 1803 892 600 2175 2223 414 1373 557 2339 1081 2226 2834 969 1295 2412 2635 1539 2100 1619 223 2727 1618 127 2783 2731 2298 1698 859 2215 2517 2253 2709 1571 1409 641 2444 741 583 1994 2372 2771 1215 888 1724 1811 262 1684 1776 2246 573 2338 2473 1589 797 342 1652 1242 551 2710 1863 405 2063 1025 1828 1264 2662 195 307 1660 2614 2403 665
000670.jpg,1844 1286 285 1456 1891 37 2162 1723 1858 454 1284 372 2726 1884 1610 506 6 20 1556 122 1221 807 1015 1570 2222 2118 163 565 2313 690 980 1260 650 2194 468 546 2705 2261 2831 2666 1916 1082 411 1995 2030 167 2476 1537 1882 388 275 425 459 2346 1502 2677 1308 1744 922 396 1637 1153 115 1711 2425 475 750 375 2685 1199 300 2521 2457 1080 2197 2757 759 2535 1865 2268 2303 281 621 1061 669 661 476 745 510 1817 2571 829 1797 2627 38 1188 1227 136 1980 42
000671.jpg,1083 1702 2194 620 2643 1260 661 181 2261 2441 732 2827 1797 759 476 1856 96 6 894 2111 2168 462 2202 1318 2745 636 2554 310 2733 2807 1251 1476 644 419 1743 983 1364 582 2278 95 2190 807 669 1176 596 2785 42 546 1108 2720 187 1536 32 132 2422 1336 1283 19 88 2522 2401 2036 1013 829 2442 407 1999 2425 1749 1315 1945 2831 762 236 2153 2760 1914 2313 1632 2476 777 481 285 1064 2547 541 184 695 1227 232 520 1625 2523 1672 1093 949 920 2705 1535 592
000672.jpg,377 828 2578 2520 2629 640 672 2828 1429 2210 2539 1374 2602 1668 2428 933 2798 1337 13 323 1272 955 729 2031 2120 2786 2671 2227 176 2047 1038 1041 370 979 964 1070 1949 1754 2141 2421 1399 2032 1910 310 2038 2083 1562 2221 1521 554 698 1249 1952 2678 340 2335 743 56 1033 2384 868 1693 2277 1189 2562 2423 490 2668 1176 574 2451 949 2570 1764 2839 1329 1347 1751 1343 1049 568 1255 695 932 1595 2808 2441 1525 236 865 2718 986 2108 1596 1266 983 1251 2448 332 80
000673.jpg,61 2025 207 2794 2669 1787 1022 225 1282 1475 408 2164 192 467 758 1706 52 1662 525 2396 239 654 464 1378 2429 1781 49 452 726 2142 295 2091 2311 2137 2236 389 1481 418 1789 1275 501 356 2059 108 129 346 1655 296 484 1024 1967 927 999 2070 2173 534 2467 131 139 331 1356 31 840 455 1503 580 2280 1262 1918 53 653 2398 268 2690 2634 1127 209 1011 1062 822 1692 2053 245 2821 786 1780 1465 1018 1923 1274 430 2244 1831 838 2531 390 1050 2465 2505 1929
000674.jpg,394 1879 2392 1301 2093 2357 1906 1518 2796 1981 1058 1119 1978 2140 1017 2660 1567 1237 530 2596 1604 446 1290 451 2543 607 631 2049 1909 1614 2282 1331 2085 487 1705 908 1002 1673 997 2640 984 1613 942 1384 337 2747 2507 2064 916 1904 2262 1211 2310 1516 2600 662 2458 1681 921 966 227 536 2042 1268 1742 1566 1047 1266 1132 612 2682 2723 1894 763 1621 243 193 517 2808 1645 1784 678 571 1651 731 694 2097 2252 1952 2026 1040 569 988 2786 1145 1023 2696 199 1401 1588
000675.jpg,712 1045 1328 1369 925 1489 26 1444 1663 1870 947 348 2454 1679 2649 2050 1417 860 2241 1782 2769 260 900 1544 1381 1623 51 2439 735 169 2130 179 1054 2836 1658 2837 1617 2826 480 2707 1437 2628 1218 1649 2714 1993 1486 2840 1710 1552 563 1701 445 1261 1640 550 1422 2650 2011 2767 559 562 197 2289 2034 2538 440 305 1307 2713 1840 943 64 1796 463 2397 1569 2419 1878 1208 2076 2424 1983 1405 100 2545 2544 1416 645 659 2652 2358 433 134 674 1860 769 1848 2721 1656
000676.jpg,285 1221 807 6 2162 546 372 2726 454 425 1744 582 5 2677 375 163 23 1080 820 1844 334 1723 750 1515 275 1891 1603 690 1570 2132 669 20 2643 2457 650 1541 2014 661 1882 1061 2261 1858 327 2210 281 980 1084 1659 2115 1884 1286 1556 1260 1916 759 2222 2303 2124 388 629 2194 476 498 244 2346 2666 370 196 37 1702 1582 1637 475 2203 466 2520 117 1426 353 40 640 1180 2030 1537 2128 829 2118 420 1015 167 1591 510 796 1610 1456 1397 298 1902 1188 2671
000677.jpg,2769 348 2454 26 2130 2241 550 2050 712 925 1045 179 1870 2649 735 1369 480 2538 1422 440 2375 1328 518 1710 445 2840 433 1617 860 2289 197 1701 1782 1417 1489 2011 2650 2714 1840 1381 645 51 1444 260 2836 1656 947 161 1453 1029 2628 1663 1640 1752 463 169 817 1993 1644 1544 2439 1658 1552 659 64 1649 59 1569 1679 312 943 1796 1901 2817 769 1490 1624 2707 1934 562 1983 2397 2501 2034 1623 2826 524 168 556 1486 2076 900 2556 305 2790 1253 1054 2832 1172 188
000678.jpg,1752 4 1545 1146 312 2790 2389 1624 2832 1102 2501 1644 2528 59 987 547 943 817 1202 1319 1934 1926 1656 1737 2411 2367 2082 2817 85 611 1407 626 440 2044 1405 188 950 2069 221 556 2300 2840 2270 2424 1386 433 2375 1316 283 169 860 1983 2836 1190 2011 2652 1799 1092 266 1029 2515 2289 2419 155 1636 1617 1701 1422 2358 1782 1993 1496 735 2556 134 161 463 1840 2272 1649 1489 2241 445 2631 2084 2477 2538 2088 550 2454 1417 900 1486 2574 613 1381 1208 2837 2130 518
000679.jpg,1858 661 669 476 2425 468 2261 229 894 644 419 1364 1560 2168 2188 96 2194 2554 1251 2760 2705 2313 1797 2476 2831 2182 2720 2427 829 2442 1927 1804 2401 967 2060 122 42 1108 387 2153 255 1743 481 1015 236 2073 184 1719 757 1513 2562 959 1672 983 1330 732 1761 1410 2627 2335 2802 37 187 2498 217 2608 620 2522 2216 181 2260 2445 2096 1153 2571 135 759 1638 189 1283 396 971 91 171 920 2118 1610 2472 2083 2166 87 1260 506 183 1865 483 1064 2525 1703 1456
000680.jpg,712 1328 1489 1417 1663 1679 947 1054 900 2241 1381 1045 2454 1623 26 1444 860 1369 2769 2707 1782 2714 260 1617 169 1870 348 2826 1658 2836 2130 925 1218 445 2837 2840 1544 1649 2050 2650 2628 51 2767 480 1640 563 735 1261 1710 1437 1416 1486 1948 179 1993 2649 2713 2439 1701 1422 2011 1552 559 562 2034 2538 2433 1405 100 1569 2419 2289 1878 943 550 197 305 1860 1051 1208 1307 2544 2721 2352 2076 463 188 1983 1096 1796 440 715 2309 556 64 2652 2832 2358 769 48
000681.jpg,730 338 1442 1526 2516 855 1325 1466 1379 1966 1511 2746 1311 2290 1243 2788 253 2364 2299 1424 1968 1779 2830 2730 2549 1068 1020 336 2151 1498 1142 112 1131 1094 1969 406 1850 1581 2560 1005 1455 2519 1992 2492 1794 1079 1670 435 1783 2243 2145 392 593 544 248 821 610 1385 774 1634 717 678 2341 1936 2102 1309 2251 749 800 2087 191 94 1040 365 709 870 2377 1165 2417 605 568 434 881 1390 648 410 2005 1007 1573 2302 673 535 1174 1138 2763 1946 186 1384 2680 1731
000682.jpg,751 1178 393 1176 1180 926 824 2360 2190 777 1120 2546 2579 736 1476 581 1996 32 2752 1353 1905 1014 465 2159 1147 132 2547 1091 469 1693 1028 39 590 1224 2326 1678 2700 2202 2422 1943 2234 2802 1357 576 993 1690 2254 1753 902 765 1115 1734 2033 1410 2242 924 1467 564 1713 1968 1125 2495 2277 2653 230 779 70 1990 2281 2563 2523 87 187 379 2077 2745 2136 917 717 1748 1116 2166 95 1785 2192 1581 2733 737 870 1950 2621 2314 1073 1914 34 2777 2005 2542 357 1732
000683.jpg,2757 1759 1753 70 1125 2622 1834 2772 18 2077 2777 1842 2478 1390 315 1557 431 601 2510 2 2015 1839 1252 2663 951 2561 1165 1035 2302 2818 2323 2315 898 522 767 426 1597 191 1075 1558 2702 297 502 990 2624 714 2161 2143 103 2242 1235 277 688 24 1798 1845 1207 2024 2685 1980 634 364 2601 2149 1087 589 1334 2504 2728 1333 1323 1230 251 1427 2277 1443 737 1055 2121 2686 2022 967 1801 461 901 2644 2057 2656 2471 102 2040 889 240 2409 1001 1711 1976 853 121 2320
000684.jpg,2757 1390 2057 2622 1759 2719 1557 2809 1874 2708 1075 2291 494 202 2507 574 997 1406 1473 315 682 2509 1001 2435 1721 601 1165 1810 2583 2121 1012 1223 70 1055 2294 1904 2438 2741 692 2350 431 2728 18 1753 1876 482 2077 1842 249 2772 2683 2302 607 1834 2315 1899 1125 67 2478 1931 447 1944 2491 2 2777 2580 521 647 1433 2598 12 1452 2143 1937 1613 1769 444 631 2015 2657 627 1252 394 1777 2813 368 1839 2663 2436 146 637 657 725 2510 1592 677 1868 426 191 1597
000685.jpg,2023 2755 1584 2045 258 747 1796 1320 770 860 2272 2545 547 1586 2034 2836 4 1656 1788 497 1782 1029 1545 1701 2046 169 1407 259 1489 2482 161 1993 1051 2790 2628 1417 1386 992 1926 1752 1710 2721 817 1569 1381 2837 1617 715 2556 2082 943 155 48 312 26 440 100 1649 2454 2300 1146 1261 1948 2564 1416 2528 1316 2241 2287 1624 987 1102 64 85 1897 2832 2270 1658 463 1319 611 59 51 2817 433 1092 1799 2544 2389 1444 626 2735 1405 947 1544 524 2439 2289 1096 1848
000686.jpg,1946 2417 416 2394 2331 2718 490 2196 1040 2204 301 908 1002 1527 605 855 535 1006 2452 678 1142 1676 2697 1778 774 1247 2453 2087 318 1094 2260 1495 1347 1271 2243 2560 717 1482 2519 253 1936 1174 1894 2251 1020 1419 94 1309 1595 1634 2095 1731 2830 549 883 256 218 257 604 2377 2492 2005 2190 749 320 632 105 2745 1966 7 568 983 874 1850 2336 1105 151 673 434 2551 2299 1424 2426 2793 2763 1614 1311 610 1036 248 2202 593 984 773 1068 448 2734 937 243 1138
000687.jpg,1798 251 2323 589 1427 1361 962 2540 395 2644 803 485 2000 1306 1175 1451 1230 293 364 1558 2054 898 714 1951 529 646 1166 1394 2040 2381 572 1106 1559 2149 727 1900 2409 2787 1928 2656 2504 1334 436 737 215 1801 101 1137 1693 1557 658 789 374 853 2072 1207 614 581 2784 1683 989 1390 93 2759 341 76 895 2622 1165 2320 240 2579 1257 2277 39 545 315 2242 1839 2546 2757 1759 29 766 1590 1561 1115 1883 1357 2302 1149 2178 1087 156 2577 1389 2066 601 1597 164
000688.jpg,2458 1705 966 2600 2085 942 1331 1614 1495 1681 1384 487 355 2660 1673 2543 1105 908 1031 1396 1002 1370 54 2369 243 2664 1739 1017 921 392 50 2257 2262 1695 1853 1000 852 2696 791 1565 360 94 1287 1893 1554 542 1442 710 186 2490 320 1676 2147 1290 512 2746 2341 2026 1036 813 660 253 3 2259 1152 1978 568 1325 1742 984 2064 248 1508 1005 21 2299 566 2803 2782 519 1642 1518 199 1455 2290 631 318 1992 2384 1368 1033 2559 1119 1154 886 434 1717 1966 1131 855
000689.jpg,557 143 2529 1684 2517 1440 2460 879 2363 2185 795 386 2298 1295 1129 1619 1807 342 1629 2727 1947 551 2468 1925 1694 1059 1411 1514 2524 2844 741 718 1196 1863 2385 2431 2189 1982 1480 2801 1324 1366 2584 697 1776 1524 414 1589 1278 2269 1025 203 1509 1837 991 1549 1446 1215 1520 2187 814 969 2771 583 1816 801 976 1294 1877 2481 1539 1373 226 1043 2595 2213 2399 2271 2659 352 1 2139 651 1445 2013 2662 385 2607 263 687 1360 273 665 2783 2738 1421 1575 2327 1765 1814
000690.jpg,43 956 909 1953 2457 2725 971 2751 1744 2109 1477 1602 1696 2841 2464 2448 2188 1515 1487 829 1139 509 2726 1889 1766 1596 796 1426 1041 609 1922 2230 2567 669 2502 820 2348 1866 466 375 924 1802 1397 2706 2162 420 498 2366 1605 1661 1916 941 335 22 148 5 1768 84 2404 1537 2768 2197 953 214 2152 2014 1199 1949 690 650 1902 2442 1882 2169 2498 2115 1761 2291 1643 1153 995 1471 1754 323 1711 2346 2599 2378 1703 2572 1452 2688 785 1165 1214 244 1255 1797 2294 2666
000691.jpg,750 2666 650 334 285 820 1916 372 2346 1723 1221 2677 1891 475 1603 629 1541 420 6 375 807 546 136 1817 2810 281 1902 2671 944 1711 1397 2359 1882 915 1922 1501 1700 1582 224 351 2171 2494 2261 2768 582 39 2152 413 2154 2502 128 854 1654 425 2043 980 353 1225 1570 482 2828 1462 2014 2726 278 1905 2324 2291 2757 5 1686 640 2653 672 1557 1537 531 2149 2036 1412 2599 98 2 1515 1954 1433 1767 2128 1223 2334 306 1390 1884 2762 148 886 1326 1113 1759 1874
000692.jpg,2757 1759 1721 2622 1390 18 1842 2719 601 2438 1753 2728 70 1931 2708 1557 1055 315 1473 682 1834 494 2057 1125 2294 431 1056 2291 2077 1876 2207 2315 2 574 2777 1874 2772 2478 447 2510 1592 1223 1944 2663 1899 2809 2526 2435 140 1185 994 2825 2558 2702 2491 146 1165 951 2685 725 864 502 608 491 1892 1868 2220 526 677 990 2683 647 2580 2436 1777 1980 939 2561 1531 297 482 1452 1235 1942 2015 1179 1677 1035 522 271 1406 1252 1771 284 1839 1075 2569 692 2766 1825
000693.jpg,234 1572 1 1349 46 1520 2223 913 2253 1291 352 600 1409 2100 1540 1994 1095 2399 1618 1698 1571 2524 1238 195 2372 267 892 223 1622 2215 961 1615 1629 573 2340 2834 741 846 2635 2339 1509 1295 1803 2466 2338 17 1338 2486 2412 2844 2801 2063 642 1539 1059 2541 891 879 1807 2138 1524 2255 969 414 349 1215 1242 2385 1373 1129 1811 1776 2614 307 1071 837 2246 2269 2104 1360 557 2158 2444 317 2811 2731 2473 2226 1607 912 511 1862 1828 888 1815 1264 2771 665 2727 2576
000694.jpg,247 153 1403 2018 1577 2146 190 1157 719 604 1915 2551 1121 1289 2008 549 1534 914 1351 764 35 2284 2824 212 1359 1493 615 1128 2585 2336 303 7 539 2792 723 2793 2582 2204 2487 825 1132 151 206 58 343 1347 1271 1970 1588 1247 765 567 2711 2485 812 1772 1946 536 1595 1997 193 680 988 1734 1204 107 517 2604 874 2192 382 2361 2603 102 1751 975 2414 862 2022 121 2326 569 1177 1854 871 1467 1507 998 522 1136 2453 2434 2550 1333 2559 2024 2426 379 2254 528
000695.jpg,2726 1817 475 1922 285 136 690 650 1916 2324 915 2677 1744 2666 2346 629 1537 2162 40 177 1221 2542 2502 1711 1232 2829 2841 944 2362 2036 2620 2391 851 2218 1882 1515 2001 420 379 765 938 2291 2149 574 1426 820 2768 1501 281 1397 1436 2122 1570 1113 224 1723 2571 375 1819 6 865 2000 1412 1654 1173 2203 1666 156 2757 72 1891 985 2490 2009 2494 128 2561 1582 2154 2242 2599 1902 432 2336 351 182 2400 2577 750 460 2323 70 1504 1162 431 854 2656 510 5 1225
000696.jpg,645 2011 1029 440 2836 445 1840 1782 2650 2840 463 197 2735 1617 1993 1649 2088 2289 155 51 433 2628 769 1381 550 319 2241 1658 1422 1045 1444 2272 169 1552 735 260 1544 161 2375 2076 1679 1054 1316 2826 2439 860 2815 1328 1261 201 1860 2454 1096 1752 1253 563 2769 2652 1416 1623 1051 1307 1489 2707 1486 1663 1417 2046 1640 947 2767 518 2419 1948 2556 1208 900 1218 712 2837 2631 559 1496 2713 1965 562 1636 64 134 259 305 2538 1983 1901 747 2130 168 2482 965 992
000697.jpg,2152 2502 2751 844 1199 2678 84 941 2572 244 1139 2348 2457 2567 2448 43 1726 1605 2263 1596 1515 1616 2562 2761 1171 1214 2688 2182 2056 785 270 1458 2115 2048 22 2141 2760 1113 509 1198 2498 1371 398 2464 106 1768 1570 1602 1866 5 621 1953 609 1754 2503 117 2203 2705 1364 2197 1015 1797 2725 236 171 1864 229 2608 214 45 183 971 1560 420 2386 1696 387 957 1819 1285 1064 1525 1397 2768 1922 2425 1263 2401 1987 298 640 181 1251 1219 1217 931 2188 40 1426 815
000698.jpg,1051 1948 2272 1416 1096 2556 2628 194 2352 1316 2815 1496 1218 1261 201 2713 64 1860 2826 563 1649 2721 2545 1054 2034 2289 645 48 1381 100 769 2241 2836 161 260 445 197 433 1569 2840 715 1148 1586 1796 1617 2650 1782 2011 1636 1658 900 1710 1901 497 2707 1840 231 1444 2652 1486 1584 1663 1552 2755 747 2767 2046 2309 1422 2375 735 2433 168 169 1453 1965 439 1307 674 319 1328 1029 1640 1544 1679 440 1623 659 1045 2023 1437 1752 992 978 947 1417 1490 51 562 860
000699.jpg,1545 2389 1752 547 59 2367 4 950 2082 1319 2840 1202 169 2270 2148 2272 1386 611 1701 440 860 2837 2652 2424 1486 1029 626 1146 433 769 2375 904 259 2556 134 2069 2046 1649 1552 2312 2011 1799 1253 1848 155 2289 735 197 161 2628 674 1636 1316 645 2735 1468 2515 1496 2650 1775 1428 2732 1617 2606 1840 2084 173 900 1544 2439 1190 2836 2241 231 489 188 1983 1148 2130 1737 524 1788 2544 1993 1782 74 2419 906 965 947 2358 992 563 312 1926 770 1901 445 168 556
000700.jpg,1874 2435 2057 2291 2766 2728 2207 447 725 137 165 647 2558 2294 2825 1899 1055 494 1944 2135 1841 1056 2736 1223 1212 2741 1126 204 1606 899 1825 2813 2639 362 2683 1940 692 146 116 2526 2842 574 2292 2569 2708 2319 1931 2580 804 1592 2719 1937 1452 140 1130 2220 482 1463 2438 329 442 939 491 2382 1076 1986 2036 1868 686 2248 682 1601 1547 1075 2436 2305 2258 1935 1433 657 2506 2286 1185 790 995 379 2757 1962 1134 97 444 1711 202 1777 948 70 1464 2089 1515 1334
000701.jpg,3 254 1642 2490 1670 2170 765 1985 14 1379 1325 66 1850 1136 2405 549 1869 1958 2101 2559 1442 779 1110 652 1165 404 1499 1915 792 282 855 821 2362 1751 1535 490 2204 832 2560 1511 2336 2209 2064 1577 2757 91 522 1157 2001 2296 2516 218 392 1526 2685 739 2334 2036 1784 1681 967 1180 343 1759 2618 2667 1068 2302 1384 2294 1346 2235 2299 749 432 2318 151 2161 921 929 1936 2542 601 800 1271 347 2324 174 206 1390 1817 212 2247 568 1966 896 1203 2157 2746 2493
000702.jpg,1255 123 986 882 1236 2380 2267 1958 1757 1477 2150 2559 2391 2490 1041 432 2001 853 2318 698 1851 1600 1670 932 2379 2618 2405 1049 568 528 2170 2012 1390 909 1747 1157 2416 1162 2580 1868 151 1521 2658 1499 2325 2349 1557 2757 796 1233 981 437 574 1165 955 1173 1452 429 2378 2387 2003 865 500 868 315 7 174 1902 2334 247 2775 2622 889 2599 1399 399 2366 743 1759 343 224 276 896 2729 1915 1642 490 522 738 995 2291 513 749 1002 703 1577 1949 2793 2294 2121
000703.jpg,1752 4 1545 2389 1146 312 2832 2790 1102 1737 59 943 1624 547 2367 987 1319 1202 2082 611 2069 2501 1926 85 2270 950 188 283 221 1656 2528 2300 817 1934 1405 626 1644 556 613 2424 1316 1386 2817 266 2840 440 1407 1190 433 2044 2411 860 826 2515 1636 2289 2375 169 1983 2652 2011 1496 1092 1799 2538 2272 2477 2631 2358 2148 1422 735 1701 900 2419 1417 1489 259 2556 1993 2046 134 197 2241 1840 161 2713 2707 2836 992 155 1208 2837 1029 463 2084 2454 769 1552 2628
000704.jpg,1083 732 2263 620 1702 181 6 1515 2203 582 546 1768 117 844 1536 1198 2761 1184 636 1797 2502 2048 2643 40 1659 1221 1570 2678 327 1205 1488 2303 2726 510 2278 2162 2521 661 759 1371 1364 2571 1738 1251 474 482 1318 2457 1502 2807 375 2572 1882 2720 1726 481 1960 973 2791 498 2386 1596 1802 298 1744 851 466 2841 2705 2831 2346 1591 2261 2448 2768 2688 2677 2562 644 1113 2152 2475 941 690 281 807 420 1696 2359 148 285 2179 2182 2760 1080 387 2115 2498 1397 1880
000705.jpg,26 2454 1369 1489 712 1417 1870 860 348 1045 1328 2241 925 1782 2130 1381 900 2649 2714 169 1658 2836 1656 179 1679 947 1617 2790 2050 1663 2769 2817 1710 2832 735 2837 1444 1437 1644 2707 943 260 2840 1649 1983 817 1544 1623 1701 1486 2528 221 2826 1407 480 2439 2628 1926 445 1624 2034 312 2397 463 51 1416 2419 188 559 1552 1102 1405 1934 1993 2424 2767 2574 550 2300 2375 1422 2411 440 1054 556 2289 1307 987 1640 1796 1569 1948 197 1218 2545 433 85 2721 563 2544
000706.jpg,177 2679 2122 2829 1163 1903 816 1628 2163 164 73 1085 595 453 156 2587 1510 2074 380 460 1717 2577 1599 72 760 141 401 174 2722 2775 461 2469 208 2655 172 2009 1415 399 2055 1145 823 1784 694 1023 612 1976 437 2098 2126 1155 981 99 222 731 477 1808 2355 1233 1504 1241 2452 2274 2636 2218 1219 1817 1872 136 2000 1267 1144 1404 1394 2747 2147 1423 1688 2334 515 1036 332 39 1047 1579 1100 1035 1263 923 1436 566 2362 2161 1152 897 417 915 1559 850 2589 1165
000707.jpg,757 754 1728 1231 135 2756 558 2413 2320 1804 2024 967 1533 2295 1149 2277 2533 1898 213 1296 24 2323 2143 426 1719 80 29 2021 119 1383 1849 707 424 634 1689 1984 1597 1839 1766 695 1448 1478 328 2354 240 1394 2561 983 1265 218 1312 2408 2472 2640 766 1867 545 1035 293 2784 1683 2430 529 304 184 1722 444 70 1266 1801 2055 2178 1945 286 368 395 19 2673 251 2757 1269 2504 2808 1469 2638 658 2077 2390 2172 2772 2644 1427 2478 1023 1952 2540 16 1637 2622 898
000708.jpg,1624 2528 1644 2411 1934 1656 817 1926 2790 2817 85 987 312 2832 562 1489 860 1381 2501 1405 1407 556 305 1796 1417 1102 635 1640 1782 1993 100 2034 64 2721 1658 1617 2836 2300 943 188 1569 547 2044 2545 51 1545 1386 2419 48 2454 2011 1328 715 463 155 1701 2241 1710 2082 1948 1416 1544 1319 1663 712 2650 221 2628 497 1096 611 26 1218 947 1788 169 1649 1679 2270 1623 2088 900 2352 2826 559 260 2439 1051 1422 1983 440 550 1261 2289 445 1552 2046 1586 1444 1369
000709.jpg,2236 1475 2429 295 1662 1787 1929 999 1706 1655 534 1831 464 1789 1022 1730 484 1275 467 927 2407 2301 2059 2806 268 452 52 2244 2025 1465 225 108 786 1967 726 363 806 1378 758 2794 501 389 2765 418 207 2142 2398 1923 129 2053 331 478 1024 840 61 1039 1018 131 504 1481 753 782 1503 2634 1062 430 2669 1008 2505 2465 2396 936 780 1918 2531 1050 1438 1317 53 1282 471 1124 653 654 89 788 2061 346 390 1822 1097 2687 625 1756 628 1692 655 159 455 31
000710.jpg,70 951 18 1842 2 1834 2777 2663 2077 2818 1125 1753 2510 2772 2478 601 1252 2015 431 1759 2757 2622 1557 2561 315 1390 1035 2315 1165 277 767 1460 2702 369 2302 889 211 1075 1443 1989 1980 1747 2686 1938 2685 2532 1767 1833 1418 1839 2653 2276 2314 578 191 522 1905 1114 1391 2671 250 886 1902 1357 1686 1413 2323 136 2624 684 1869 931 1845 1817 126 1186 707 1711 39 2746 2667 2601 2149 202 597 379 9 2161 1975 1849 967 1821 2240 103 1511 848 1689 2388 1830 1720
000711.jpg,85 860 987 259 2046 547 1362 1386 1701 1319 992 2076 715 556 2755 4 1656 2034 1552 100 611 463 1993 1897 2419 497 1586 2270 1489 1796 2082 1569 906 2735 1788 188 1545 2721 48 312 2538 1029 1417 943 2011 2631 74 1261 622 1848 550 319 1584 2628 2544 1617 1202 1146 1405 2769 197 2840 1051 2389 518 2424 817 2790 1190 26 1428 2023 2515 1096 1926 2564 1983 1624 1416 433 2241 2817 2545 1948 2832 2045 1208 2454 169 2358 440 747 2375 2482 1544 2300 2528 64 2272 2650
000712.jpg,12 2598 140 1473 1868 2685 1452 1076 1777 2286 1185 2294 686 2315 2436 2809 2757 2580 1759 2813 1937 1980 1165 1464 1390 2622 2248 494 2702 2772 1055 1721 1639 315 1876 2161 2708 1252 2382 191 79 1874 1753 2507 1067 1968 1125 2302 2393 1557 2015 2777 2057 70 491 1944 2077 329 2719 18 2560 967 2435 2748 647 2741 1904 804 1842 67 2251 997 2583 948 2683 1581 2478 1899 482 1223 1869 1511 682 1075 657 1834 2639 1592 1886 2492 1020 297 444 2558 951 508 2657 2561 116 2438
000713.jpg,1453 2713 1901 1490 2289 1569 2650 2309 2556 1860 100 2721 2433 64 201 1496 2272 2826 1640 1316 715 2241 2376 562 260 563 305 784 2034 155 440 48 1840 1381 2545 497 2628 1636 1782 1948 433 168 51 2088 439 2046 1586 645 2538 2454 161 1617 1752 2836 900 2769 1416 2352 992 1148 231 712 1710 550 659 445 1307 1848 1658 1486 1878 518 1051 2815 1045 735 348 860 1422 1796 747 1993 2840 559 1544 169 26 1417 769 197 1096 1649 2130 2439 1444 1552 1489 947 2011 1679
000714.jpg,1083 732 1659 117 1184 2203 6 1205 2263 1198 327 2303 1536 582 1515 481 1768 1488 181 620 636 2726 2571 281 2162 1738 2761 2521 1702 40 941 2359 2502 2132 546 1371 2677 2791 1502 1802 1987 498 1661 1591 1221 2474 2048 910 1880 1687 1570 510 2278 1113 375 2678 2688 466 1797 425 844 1080 2720 1183 1525 353 1922 2831 1726 690 1882 2705 1596 2841 2807 776 2153 1400 1603 2494 474 1744 1251 851 2222 23 1364 973 1318 1960 2620 2179 2572 420 2030 2261 387 661 2118 2768
000715.jpg,2792 887 1531 1791 567 118 748 998 1583 1470 1354 2778 2328 919 2491 952 1179 1579 945 1667 639 930 1769 819 2252 841 1578 1063 9 1977 114 2711 2065 1585 1651 2682 1770 2647 517 916 382 1920 227 2575 982 2723 1854 875 1851 7 1970 778 2729 923 2793 2658 975 25 2304 579 1210 808 2416 2349 247 311 513 2042 492 928 2379 1657 1209 566 2459 2462 2026 1235 2334 1390 2097 121 2225 502 2757 1577 536 151 1367 1528 763 2559 2488 297 2310 1368 1793 515 569 102
000716.jpg,2024 2143 426 24 213 1597 1804 634 967 2408 707 2320 135 1149 2533 2295 558 2756 2430 2413 1719 2638 29 424 1265 1533 2354 1478 2673 1849 1448 757 286 754 1296 2615 1689 2172 2021 119 1847 1728 1228 2022 1383 80 1722 184 91 1333 2777 2077 1867 1753 1513 1269 19 218 1125 2757 1945 2277 2772 739 2390 2478 70 2178 1785 2472 898 1839 1759 792 2066 304 1161 2260 520 18 1035 2235 232 1529 2640 2561 540 1842 1213 1252 2113 1231 1984 2546 2015 2622 1390 2566 1808 1404
000717.jpg,1018 782 654 2632 2794 643 525 1781 2025 2164 1787 2070 1356 245 2611 1692 239 2091 1187 1612 113 1472 1022 1598 653 1248 356 1282 296 138 326 580 108 2232 2062 209 159 679 408 139 655 31 1647 2311 721 625 200 495 49 1435 1011 1097 2669 216 2429 1843 838 858 1706 1967 1961 1918 1127 1822 628 1662 131 1972 1274 1293 2531 207 33 2061 1026 2137 534 1317 2396 1048 268 2565 192 1475 1923 2465 2505 2687 331 2402 2406 1124 936 1037 61 467 1780 402 2316 27
000718.jpg,2457 609 1515 1766 5 2404 1139 509 844 244 2725 744 2464 690 1797 1953 2425 1364 2115 1199 1696 1858 1768 2182 2751 2448 1602 621 1605 2348 2476 2048 669 2760 375 2014 1889 425 2168 785 214 43 2502 42 22 1616 1744 1537 84 941 1570 2705 2197 1251 171 1596 565 1916 2141 2056 2562 1214 1610 829 959 420 1426 957 2152 2203 1108 1866 882 148 1221 1949 2612 510 2572 2841 1397 820 2124 2162 2346 1661 2366 285 2230 40 2498 971 236 661 1171 807 2278 2128 6 2706
000719.jpg,2546 1115 1389 1951 545 2113 2178 2644 727 304 1306 2759 101 364 572 436 395 251 2504 2040 1230 962 1394 1106 215 614 529 737 2323 1798 1175 1559 485 2000 1427 1900 1683 589 658 374 2066 2579 328 1361 581 989 803 1213 2238 766 2381 1353 1300 1451 1801 898 1137 2277 1883 646 789 2784 1898 2054 2540 2242 2114 240 1207 1035 341 1693 714 293 2149 1558 1333 2787 2561 1839 1257 2409 2022 2829 2772 2072 177 483 2077 2656 70 1786 2122 1753 1087 2478 1125 2679 1903 1231
000720.jpg,1083 732 2562 181 1364 2263 2386 1251 644 96 620 2720 2522 1797 636 1536 1702 387 1064 844 2048 2498 661 1515 481 1960 2442 762 45 2401 1318 419 183 1632 2441 2678 894 40 2182 1768 310 236 1336 2203 2827 2554 2761 592 2168 2831 1315 957 2760 1880 1987 1596 1198 2261 1365 2807 2278 2036 1371 621 2116 2705 2153 2141 1488 474 2643 2571 1802 1856 1927 2188 6 2608 2448 2056 2457 1560 2591 482 1726 510 2160 1013 1743 2326 1176 949 983 171 2572 1696 2521 2060 647 582
000721.jpg,2269 2092 2371 2139 2484 837 299 264 2833 2844 1698 1009 2223 2576 428 2063 1421 2455 1622 2486 2338 846 1814 1338 2412 1982 2797 1815 642 317 667 1071 2100 195 1925 1994 2635 1 2431 573 1122 741 600 1571 1159 349 352 1549 891 2776 17 2253 1409 1615 1520 262 1589 2273 1887 2738 2717 814 1776 267 888 1619 2727 1291 1824 2399 2215 2266 2356 2385 1660 1238 1201 160 1129 223 2123 166 1618 2403 1826 234 90 2607 2811 2834 2659 1735 885 656 2255 1457 1572 1095 2158 2206
000722.jpg,98 196 353 776 2264 910 701 1819 425 1402 781 809 285 2210 2334 1042 1864 23 1515 2256 1696 2261 1080 1667 1537 574 820 69 2362 690 40 375 2291 2462 233 466 1426 163 1643 2014 2391 1744 2001 42 1436 1061 796 640 869 2081 2520 865 2132 2203 148 206 388 1585 2691 2162 224 750 372 6 2278 1344 334 275 2671 244 343 1223 1541 2103 510 2101 915 128 2723 2366 1170 1723 2361 2677 1916 1221 1578 841 2828 1711 492 370 1579 2778 1817 2839 498 669 2494 2115
000723.jpg,2185 1411 2584 2529 1694 1684 143 2298 1129 557 879 2616 386 1440 1925 1445 1360 1619 1776 2517 2844 718 1446 787 1514 2385 741 2460 2139 1549 2727 665 2481 795 810 1112 414 1982 1196 2363 2399 1366 1294 1863 2412 600 352 1630 1520 2484 969 46 2468 2271 2801 2524 1814 2269 1191 551 267 1291 720 1542 2092 1947 1480 2321 797 1278 299 2187 1 1589 2100 1816 1837 2063 1238 30 913 342 2371 234 1432 1295 1043 2246 263 1539 837 2607 1572 1807 1264 2189 2223 1324 991 1350
000724.jpg,2531 653 2285 534 2693 1918 131 806 1024 53 1022 452 1612 1011 1662 2565 225 1127 1875 2794 2091 268 1843 1274 207 1503 799 1282 2429 2059 2611 467 290 296 1692 484 402 138 252 52 786 61 936 721 1018 2402 495 408 1780 1124 1378 1647 1967 1395 1787 1021 1715 1465 49 782 1481 2025 2061 643 1972 1356 471 858 1475 726 390 2632 2669 363 780 628 840 2244 1037 418 1438 356 2465 2505 2164 838 2396 654 2765 108 1781 1050 389 1506 999 2398 758 1472 1275 525
000725.jpg,536 1132 569 1588 121 2090 988 1268 193 1418 680 1686 1065 571 597 886 2333 2786 2108 2384 1393 36 1266 417 2117 1970 332 2743 2451 2640 2077 2808 2055 979 2227 1431 1906 199 2668 1562 70 1033 1952 429 1793 1879 431 517 2604 340 2029 2772 394 1507 227 1753 2093 500 141 1499 2510 2478 21 2252 2777 176 1125 1734 1890 2233 554 802 555 18 1842 2747 2550 2022 998 733 1035 289 1145 457 444 1249 382 432 901 866 107 1553 1333 916 401 1430 778 2757 1256 1975
000726.jpg,6 1221 285 1603 1891 2666 546 1723 650 582 2346 1570 1916 475 820 759 1537 1882 690 807 2677 420 750 1541 334 372 2643 37 922 1397 1884 980 1515 375 2816 2726 1080 2171 510 148 2043 1702 1488 281 2810 2502 973 425 2521 411 1502 1188 2359 353 2768 629 2118 2162 1083 2203 5 594 1456 732 298 1738 620 117 2620 468 2261 2194 1817 327 1605 40 2571 1922 1184 1697 915 1015 2179 136 2152 776 2014 1462 98 454 1858 1591 1711 1284 423 275 1285 2494 938 20
000727.jpg,1703 1288 1363 2230 2216 335 2502 1605 2841 2567 2591 924 2751 2152 22 1364 2401 2705 1171 1889 621 171 1214 1927 1632 1217 785 96 1953 2666 189 650 1471 1797 1487 2816 2160 2346 2678 2079 1315 1891 957 2060 2831 1336 1602 2348 2612 1866 2425 300 2182 1916 2448 744 1199 1907 183 1013 609 236 1560 214 2760 2498 229 2442 2361 333 1139 1931 1488 953 1251 419 106 45 2197 475 2562 2188 2171 620 509 2768 1738 2457 2608 2141 2404 2203 1922 762 1032 2526 1596 959 1616 1458
000728.jpg,1489 860 1417 1701 1710 1782 348 900 2241 26 1381 1617 2454 1045 1656 1658 169 1437 2790 2836 712 1369 1623 1679 2817 2628 2769 1926 1644 943 2707 2837 2528 2419 2515 817 987 2832 2130 1328 221 433 1444 1983 1624 1870 2840 2826 1569 1545 735 1407 559 2300 1316 547 947 2767 440 1307 556 179 2424 51 1486 1649 925 1544 1416 260 312 674 2034 1640 1752 2556 489 188 1386 1102 2652 1261 2289 1948 2713 100 2439 1993 2272 2084 2721 1878 463 1319 2050 197 1208 2375 970 2076
000729.jpg,96 1364 894 2401 1797 419 1315 1251 620 2554 1336 2831 181 2705 732 2079 1927 2160 1632 1013 2153 2591 481 2643 2760 236 644 1702 2571 1625 1083 476 2425 2261 661 2612 2841 335 1108 621 189 759 762 2567 22 1283 785 1365 2182 506 2060 2608 869 1560 1171 2476 2168 171 669 468 95 2194 183 596 2442 1064 2522 1703 2230 1743 1318 1907 45 2498 2720 1032 2313 2502 310 744 861 2188 2216 2751 2427 2162 586 957 387 1749 592 1987 1188 1889 63 1363 2141 300 2726 1214
000730.jpg,1561 2542 1334 2149 2242 2656 2409 751 1357 1928 1166 803 2016 940 1257 581 895 1590 1693 1558 714 617 2112 93 374 39 1004 1343 2323 291 1786 215 898 1087 1801 737 1346 2324 1971 954 960 2000 1434 832 2737 1559 182 614 1798 1207 364 2621 2040 2114 251 1805 2757 404 2211 1106 1075 1180 465 2540 775 1869 436 1759 1390 1760 1900 1459 2787 1137 310 145 1427 379 1601 1116 378 2644 2546 1115 1298 1689 1019 2586 1333 2072 1361 2493 469 529 2622 1609 1557 357 1451 1753
000731.jpg,2510 431 70 1753 2772 1125 2777 2077 18 1842 2478 2757 1759 1834 2 951 2622 1557 1390 2663 1252 601 2015 1035 2818 2561 315 2315 1839 277 767 1165 2702 2302 1980 1075 2685 2323 369 1938 191 1443 2314 379 1460 889 1391 502 2161 684 1747 2601 2276 688 990 211 1833 1767 1186 103 297 2686 2149 1413 1418 426 522 24 967 634 2036 2532 2143 707 1975 1845 1132 1235 2242 1334 536 2471 1989 2542 578 39 2624 1323 1711 1849 250 2656 1176 2497 1722 1333 2024 102 569 1686
000732.jpg,1453 1569 1490 2713 64 100 2721 1901 1640 2241 2556 48 2289 1860 562 2034 2309 715 2650 1316 305 155 2433 2272 439 1381 201 1496 1840 1782 2376 1948 2628 2826 51 2545 440 260 1416 1617 168 1636 2769 1658 2836 2454 497 563 784 659 2352 550 161 712 1045 1796 747 2046 348 1878 860 1710 1544 518 1752 1586 900 169 2439 2088 1051 2538 1489 1993 1444 947 1096 1417 1649 992 1848 735 1701 2130 231 645 2815 26 1148 1218 1679 1623 1422 433 2419 59 1123 1788 1656 547
000733.jpg,2721 1569 1096 1416 100 1860 1948 1362 2272 48 64 1897 1316 547 497 715 1319 2650 305 2556 1993 1051 439 611 562 2034 2082 1586 1386 1617 2241 2270 188 556 2713 1496 1381 2628 1656 2769 2545 987 1926 1658 1453 1490 1623 1796 860 2755 1584 817 2289 2046 2300 1261 1640 1901 155 1218 1782 659 747 1422 2817 169 51 550 1624 2454 2023 943 2352 2309 2631 348 992 1679 2815 518 1544 1552 1701 1663 2076 947 2836 1405 1489 440 1328 1407 201 784 221 1934 26 2790 2433 1636
000734.jpg,28 1563 2119 505 2479 152 238 2552 587 2250 1827 2283 2370 1896 2819 849 2689 1741 458 313 2500 1335 1532 2181 523 2099 705 2365 2193 503 81 972 330 734 1680 92 2716 2674 711 2527 354 847 1111 602 2534 2177 1117 175 1708 2557 2052 2592 772 1339 1376 633 532 1314 2681 671 2228 1297 1704 68 2191 1706 2144 2764 464 726 1912 2028 1955 2742 1503 1003 331 261 2322 2059 131 927 1655 2062 1746 1917 1021 968 1475 2236 553 696 1037 1789 2142 2265 2698 1332 268 799
000735.jpg,2252 841 1920 1063 1583 1578 2682 945 227 2647 2723 1179 916 1651 2097 1579 639 118 2660 2042 1770 748 2491 9 1531 2026 1977 887 2310 114 517 1368 1367 566 998 919 1791 567 1769 819 492 952 1211 1354 1667 2778 2379 2488 512 1239 2575 930 2459 1851 2792 1154 2711 1906 1970 2328 1585 2349 982 997 579 1614 1673 2357 2507 1528 2065 2225 382 631 1031 1904 25 778 607 1401 1470 763 1396 1331 515 1384 1879 1657 2093 1105 1854 1301 1739 928 394 50 1518 446 813 2729
000736.jpg,2034 2545 1569 100 64 48 2721 715 2433 1796 439 2309 1490 562 2713 1453 305 1901 2376 2826 1416 1860 1640 712 2650 26 1948 201 659 260 2241 1617 1096 348 2352 860 1051 51 1584 1417 2289 1658 1489 1381 1663 1656 1993 563 947 2769 1369 2454 2556 925 1870 2755 1045 2628 1328 1782 1407 2649 1218 2817 1552 2714 1926 1444 188 2023 1623 1679 2300 2272 1316 550 2050 943 194 497 1261 179 155 1544 1405 1878 1422 817 2538 1701 900 85 2439 987 1319 2790 556 2419 1624 611
000737.jpg,1933 2342 897 836 2156 2071 2645 1736 1321 1638 1790 755 2096 2201 2450 2750 935 222 1098 2627 1436 396 1709 1806 2432 1504 2446 1145 2512 2261 595 2218 2362 141 1052 1719 1305 461 2587 2098 476 208 2571 1260 2355 1717 1858 1044 967 661 96 2060 1987 1023 2256 816 281 2194 612 20 1808 850 809 189 1804 1510 177 2335 565 300 669 1217 2122 2829 2318 2264 167 2808 1336 829 1315 1402 1976 1015 42 506 1910 164 983 571 1153 2083 856 1047 156 419 1903 1404 1764 1599
000738.jpg,2043 2171 2666 650 2816 2810 922 1891 2346 1916 475 411 1723 1188 807 37 285 759 1763 2643 1260 6 1153 510 1603 750 1227 2261 1502 1702 334 2194 1456 2779 620 468 546 148 2841 1082 586 1308 372 2726 1882 582 375 1090 1221 1711 420 2179 820 2521 2502 122 2162 1397 1150 980 1083 594 1488 2768 1858 476 1541 1284 1817 1761 181 443 732 1703 2546 1605 1738 2617 1570 1797 1995 1173 1027 1412 20 938 1006 1074 1326 829 1232 136 545 1666 2313 1884 924 1674 322 2762
000739.jpg,2542 2016 1087 182 499 1685 954 1019 1785 617 63 2112 1434 1333 1561 2149 1298 1631 1760 940 2656 1334 2022 291 2242 751 1004 149 1712 379 1257 2324 1459 1748 24 2143 1343 1590 898 960 832 1228 465 2621 895 310 2430 2019 1971 93 1558 1176 2586 2036 634 1689 279 2493 1601 1166 1693 1743 2326 1928 357 1535 2546 803 2737 1711 102 469 736 1346 540 132 457 993 1137 614 1357 714 1014 1805 2447 2368 2234 2700 2072 1753 2757 404 2360 1125 2211 576 1452 153 1714 2020
000740.jpg,1870 1489 26 2454 860 2769 712 1417 2241 348 1701 463 550 2650 2538 1045 445 1029 925 1369 1788 1617 1993 440 2649 1782 1710 2289 1328 735 2840 433 2375 2011 179 769 2130 1552 947 1422 1381 2628 260 305 2836 197 2050 1656 161 51 1796 943 1840 1658 1444 1544 987 2439 169 1663 645 2544 480 2721 2714 312 2397 1644 2735 562 1679 2528 2574 1569 2817 1405 2790 1486 1860 1895 1934 1983 2034 1190 900 1752 1623 2424 817 524 2556 1208 2826 2713 518 1640 556 2832 2837 2088
000741.jpg,2044 2501 85 2832 987 312 1405 1934 2528 547 1656 1102 2411 943 1624 188 556 2790 2011 1386 1644 1993 635 155 1788 440 1617 1422 2046 611 2088 169 1417 1926 2289 2631 1319 550 860 1092 1029 992 1190 221 817 1983 2817 2836 2650 4 2419 2300 2538 1782 1208 433 1545 2515 305 2082 1752 161 2424 2270 1489 497 562 2076 51 2574 1640 645 2840 134 1586 1146 769 259 518 463 1407 2358 2652 1381 2084 2287 445 2837 2721 1649 1848 2454 319 715 2241 2034 1051 260 1701 622
000742.jpg,2550 1507 2733 575 1177 2754 2019 107 187 32 441 2033 917 902 2604 462 2641 2414 1523 2176 2684 2383 87 2586 1410 1517 1856 2525 1382 728 590 541 2106 1691 379 1748 1950 397 55 1919 1104 920 1467 1459 736 357 469 2080 2166 2447 279 1669 2441 2159 83 2695 1943 1482 2036 1014 2326 95 2802 1147 1805 596 373 775 1016 102 1476 2111 2563 818 2780 2360 993 2752 2202 310 824 2073 1626 2234 845 2239 2368 2630 457 1169 88 1028 2827 2192 1176 1194 1734 2547 794 2242
000743.jpg,837 1159 2455 1009 264 2063 2484 2371 2092 1815 2139 2412 1338 2486 299 667 1982 1 1925 2399 2833 403 1622 1660 428 2607 2635 846 2269 2633 600 2727 1122 2100 2811 2844 1615 2431 1816 1520 317 2223 885 1366 1619 1291 1229 1191 1572 2255 267 573 656 1698 706 2215 2717 1589 2273 234 1776 223 913 262 2576 1480 1735 2797 814 891 2338 1994 1542 2332 1814 642 2403 1887 1409 2739 2776 1824 2834 1238 287 1025 352 1549 1863 2356 857 263 17 1457 888 1539 879 961 1350 2123
000744.jpg,2168 752 1797 1880 1802 669 661 2261 476 2720 1702 1318 1536 181 1515 2571 2457 894 620 1889 42 2188 2278 2476 2562 2643 732 636 2807 957 1364 1661 40 1596 2831 2442 2162 1744 644 592 1083 829 1768 2705 2448 419 2554 582 2153 1927 1637 498 2194 2404 1227 1251 744 1882 2823 1556 5 2726 762 387 20 122 2048 2725 509 96 621 2182 454 1188 2572 423 6 1632 1260 1108 1766 388 2760 236 2351 759 609 2128 38 1032 2222 2678 2498 690 745 1315 1525 1330 229 448
000745.jpg,2769 2454 26 348 712 1045 2241 1870 550 445 925 2050 1369 2130 197 2840 1489 2538 2375 735 179 2650 1328 860 480 2649 463 1417 1617 1710 433 1422 1701 2011 1029 440 518 2289 51 1782 1552 1993 2714 1381 260 2836 2628 769 1656 1840 1663 645 1658 2397 1640 817 161 562 947 900 1253 943 2556 312 1444 1796 64 1788 169 1544 2826 2544 1752 1649 524 1624 2034 1644 1860 1486 1569 305 1934 563 1679 2076 2817 2439 1316 100 1983 2735 1895 1054 2528 168 1948 85 606 319
000746.jpg,1451 2000 1361 44 581 483 1559 1482 789 2080 1786 2579 1106 1178 1646 2054 1120 373 2383 1447 2242 1180 1900 1165 1980 16 1561 1207 39 2409 2695 1801 2323 1230 1073 2490 1257 2395 2114 2506 845 2040 293 2787 2161 1693 1642 2748 1971 240 614 339 291 2504 727 315 3 1346 1678 2359 1357 2518 104 1820 1670 2685 2540 251 1147 374 1523 1620 1672 1334 737 1869 2381 2275 1244 2759 1300 215 863 1469 364 2149 191 603 589 1091 1183 2644 2277 2170 2622 436 803 1036 1759 832
000747.jpg,1357 1693 751 2242 2656 39 2149 832 310 2542 2016 1561 1786 1672 1869 1346 940 1116 581 1334 291 1343 1535 2281 777 1559 1905 2748 1091 1601 1120 1713 1714 1257 1176 1836 564 1996 926 1818 1959 2000 1180 1004 954 737 2112 2114 1106 2129 1019 75 1743 1434 617 1760 1971 2190 2737 63 1685 2787 2 2497 2653 1482 2441 1593 198 2036 2202 983 379 1224 2827 1410 2409 1459 845 2772 765 2294 182 2785 2663 145 132 91 1753 803 373 378 465 1985 407 1125 404 949 1809 2288
000748.jpg,545 1207 1087 1230 2579 727 1558 2040 898 1394 1137 2277 2644 658 395 1361 2504 364 374 614 2323 589 572 1900 1389 2072 1801 1451 1213 2381 251 714 2242 1333 328 101 1683 2546 1839 529 2113 1798 737 2066 766 436 789 2022 304 803 2238 2759 2178 240 1559 2149 962 1898 1257 581 1228 1427 1306 1106 1693 2784 1035 1971 2656 2000 341 1786 1951 989 215 2114 485 1353 824 853 2666 1753 39 110 2540 60 1175 650 1115 1666 431 70 1125 16 2510 783 1674 2757 2772 2478
000749.jpg,924 761 2216 2567 1487 1677 167 2823 2037 752 2841 1771 1027 2249 1471 1090 953 205 2317 2625 1006 2573 96 1998 20 724 2452 2726 2502 1502 586 443 905 474 2546 1763 1703 2277 834 1881 2171 2579 1178 1353 1363 1892 650 620 419 1389 894 2554 1315 2043 335 545 2162 2779 2263 1927 2666 1931 423 732 2679 789 2816 510 274 1308 2591 2114 2514 2751 608 1488 2203 2179 1082 1217 1115 1336 1322 1447 581 117 1995 1738 328 2589 181 240 1801 2571 2230 2617 1044 1250 2030 1536
000750.jpg,2348 214 2502 1602 2751 2152 1171 1605 2457 22 1953 1139 957 2567 106 509 1214 844 84 1199 2404 609 1738 1488 1866 1927 1515 2128 2203 744 2060 5 1889 1632 2572 1397 851 2109 621 1113 1766 941 189 2726 420 510 2725 2448 1371 2521 1616 2263 2162 1696 2705 2562 96 2153 2197 2768 117 1032 1198 1364 454 2620 1502 2115 244 690 2030 148 815 423 2464 419 1922 1661 1987 1744 167 1596 40 785 300 171 2230 2401 498 375 894 594 2182 1591 2841 1754 1960 335 2179 1426
000751.jpg,2059 653 484 2531 131 799 1503 268 467 1011 2693 534 1967 1024 53 1274 2794 1662 726 452 1282 1789 2285 2091 1475 1875 495 390 2565 2429 1022 525 408 927 1275 207 1050 1127 296 239 1635 1843 2236 858 241 999 2142 356 1787 2698 1932 838 2137 464 758 2280 806 2407 2611 2774 129 1780 61 580 840 1037 2765 389 1356 354 295 1706 331 2396 1303 2301 1923 1378 1124 27 314 2164 1918 478 2025 225 1929 1612 1655 159 654 1465 49 209 1062 628 2173 31 1008 822
000752.jpg,1221 546 6 285 1570 582 298 1603 1285 759 2118 973 980 2677 1884 37 690 2643 1702 807 1537 650 1882 1697 2666 281 475 1456 1080 620 1916 2359 2726 732 5 2346 117 425 334 375 820 2162 2303 750 2132 1541 1891 454 1284 468 1502 1515 1083 629 420 353 2222 372 122 1184 20 1380 2502 370 1397 640 2313 922 1723 1015 1858 2203 1188 181 1591 2571 2179 1744 411 1536 1797 1198 1659 2521 327 510 776 2194 1661 1488 2000 148 40 2210 167 275 2705 244 594 1501
000753.jpg,2772 2478 2077 1753 2777 1125 1252 70 1834 2015 951 18 2818 1842 2663 2 2757 1759 601 1557 315 2622 1390 2561 1165 2510 431 2302 2161 191 2315 1035 767 707 1839 29 2320 1597 1075 277 2000 889 1849 2702 1511 426 2685 2054 2323 2653 967 688 2746 1869 522 2533 1443 634 1442 2624 1391 2024 1149 103 1689 2143 286 1980 1418 1186 2172 2314 1460 293 2686 2276 1767 2409 1334 1969 2787 2671 24 126 1235 1413 646 1845 1323 1905 297 1722 578 369 1959 1686 1801 1804 2121 1793
000754.jpg,431 70 2510 1753 2478 2772 2777 2077 1125 1842 767 18 1834 1938 2 2757 951 1443 1759 2663 1252 889 2818 2015 277 601 1833 1557 2622 2686 315 2315 2702 1035 1390 2561 1747 1839 1418 211 2532 1989 1165 1460 1980 369 2685 9 461 2496 2302 2577 1976 2601 1686 164 2108 156 536 191 1845 2671 990 578 502 1817 1413 417 1952 684 2808 39 571 1767 597 136 1711 2624 1579 1065 886 1902 566 250 569 121 2276 2415 1340 2161 2314 126 1266 2471 75 1391 2277 841 1793 1114
000755.jpg,196 353 776 1625 869 98 2261 2081 910 1042 2103 476 2067 701 2643 1188 285 153 1227 2256 1260 42 809 1643 1819 1702 2346 1179 2810 669 2278 661 6 1402 820 2474 2666 1864 282 585 2361 1916 807 411 40 582 2434 2171 1651 1221 1977 1083 2264 2194 650 1963 2252 2462 2210 620 1063 233 759 1515 1761 1153 2816 206 2334 752 247 1723 1891 2162 1744 781 2660 2027 1889 1696 1578 522 1603 1436 1667 1797 1583 1637 2491 343 592 2682 506 475 744 1931 2043 2168 1858 829
000756.jpg,1946 2417 416 2204 2394 549 1614 2196 908 855 1105 1778 1040 1331 678 2331 1271 2087 243 2718 1006 1370 2336 2697 2660 1002 2426 2711 2560 2519 2251 1419 2243 1142 2005 94 1495 604 355 883 7 765 490 151 2696 153 2453 2793 774 1396 337 1020 2830 206 1094 301 1554 1676 1705 983 318 253 605 1673 1936 680 568 749 105 717 1136 2600 1174 2452 1850 1247 673 535 984 1347 1970 1527 2492 966 2458 778 1309 2260 2190 382 1595 1681 1442 517 1325 536 91 2745 874 1476
000757.jpg,702 1830 1908 848 931 284 1114 1845 2601 2471 2624 835 768 1107 1235 103 903 688 1767 502 1323 990 2276 297 1310 1340 126 65 1254 578 1512 1720 1608 1821 1186 522 250 1391 2388 1413 1975 684 2314 2757 767 2315 1120 277 1759 2622 1075 1390 2667 1165 1016 1557 315 1980 18 1834 379 2772 2518 1334 191 70 2685 2036 1805 1458 2323 775 373 1252 1753 102 2149 2077 1125 1147 2302 2510 2777 1842 2015 2299 845 1113 2478 876 1922 2746 1406 1601 1905 2 2240 2663 951 581
000758.jpg,269 531 2 951 2663 2510 1548 70 431 2772 1767 2518 1834 1073 1252 1980 2315 2818 2314 379 2077 2685 2653 2161 1125 277 1390 1753 315 2777 18 2478 1557 1759 1120 2015 2622 2276 1075 1943 191 1842 1165 1919 2757 211 39 1732 1131 1986 684 1869 2288 1460 2561 1747 2036 1391 541 601 1950 202 83 1905 2275 444 725 1186 2302 368 1035 2294 993 1529 2719 1147 2702 1678 1007 1443 94 1455 2390 1442 1413 2000 1357 1975 2746 1016 369 1833 692 920 2506 2051 1962 2296 2281 126
000759.jpg,546 6 807 1221 285 820 1515 1603 669 582 759 1882 2457 5 1541 476 496 2194 2643 2261 431 2666 372 2677 956 661 2510 750 650 13 2671 629 1747 1260 732 640 2 1570 2502 18 1700 951 1557 2346 1702 2818 334 2108 1995 70 423 1286 1842 1797 2476 931 1227 506 2359 601 1767 2705 2757 1272 2663 136 1418 281 1902 1817 2777 1833 844 1820 1768 1223 2475 1916 829 420 2772 1834 980 2726 854 1083 475 1922 2128 1865 468 1759 1696 2620 2520 1153 2571 1686 2168 1536
000760.jpg,2044 2501 2832 312 85 987 1656 1405 1993 1934 155 2046 188 562 1617 943 550 992 1102 2088 440 2289 1422 1788 635 547 2411 2528 305 556 1640 2538 2631 497 169 860 2790 1417 1624 611 2011 1901 1644 2241 51 1782 1381 2650 260 1319 563 1586 1386 2713 1840 2836 1752 2419 4 2817 1636 161 518 2721 439 2034 1489 2076 715 134 64 259 1545 2439 221 784 1316 48 1983 1190 1848 2082 2515 1926 2454 659 1092 1796 1569 2826 433 1029 2628 1878 1544 817 1453 2358 1208 947
000761.jpg,1504 222 2342 2156 2355 755 2218 897 850 1436 2512 1321 1933 1098 2645 461 2750 2201 1736 1145 2450 1214 981 2071 2775 141 2577 177 632 2829 477 156 2567 2751 2362 836 164 935 2163 595 2679 816 22 516 1510 1113 1903 453 1976 1085 2096 1790 2587 208 2432 2122 174 437 1233 1305 1808 1163 1688 1599 1717 2109 986 380 303 1171 2722 460 760 167 1709 401 2074 612 2274 914 1173 2150 2055 1415 1493 2726 2147 1638 72 2277 1757 703 450 306 1744 2162 2404 2446 1772 35
000762.jpg,1178 483 2579 789 581 2000 44 1451 240 1801 1180 1672 39 1693 2242 1361 824 16 1447 1786 2277 1559 1300 2114 2547 1106 2016 291 1482 2054 1561 1257 374 1971 1357 1990 1900 1115 2080 576 2504 614 1120 2437 2383 1804 2495 2149 373 2409 2787 832 1483 1996 2656 2546 2161 1165 2040 1389 737 967 1836 2700 2381 2785 926 803 1353 1535 1207 2695 251 2542 2323 1469 2571 1346 2540 1230 2281 2759 1087 60 1980 1091 1334 293 1147 835 564 1753 2288 727 845 529 101 2510 95 2772
000763.jpg,650 2666 1916 2346 2810 475 2171 2043 1723 1891 420 375 2768 2494 1922 285 1537 2841 372 1397 750 334 1817 820 2816 2829 306 922 1882 177 2502 1711 136 2726 2014 1559 1605 1106 1515 148 510 2620 1221 1326 2122 953 6 2128 425 1426 2561 39 1570 1502 2677 980 546 473 1603 1080 163 411 865 2124 1541 939 807 944 1905 2152 2653 1582 1462 1035 1902 2000 1884 581 582 2366 70 2762 915 2599 117 2169 1433 2671 2203 531 690 1903 2077 466 2679 737 1654 482 2521 629
000764.jpg,1294 1446 2529 2481 2619 2185 1694 1939 1129 1258 879 2616 1925 1863 1684 386 2517 665 1619 1630 810 718 1411 557 2584 1112 1440 1982 787 30 1735 814 2246 1514 1270 1360 1480 991 667 1445 2139 1278 577 1664 2339 1242 741 1542 2460 706 2590 143 2468 2298 1607 2332 2271 2229 638 2607 299 2739 263 2412 656 2189 2385 127 1366 71 264 1324 2266 2013 2431 352 2633 1457 1191 2269 2771 573 1295 385 2455 2484 228 2833 1660 1229 1815 226 1816 1828 588 2363 2820 867 1291 1549
000765.jpg,2773 159 326 2062 1730 1335 1097 1680 580 872 721 1293 2322 1003 633 1972 2687 1912 31 2402 2715 772 1706 1111 1018 2406 711 1929 2193 1655 1187 2199 1026 464 120 1297 1472 2812 2119 261 2681 503 1831 1822 2105 1050 552 602 390 1156 877 1635 505 2232 1647 1275 125 1143 587 782 2237 200 1317 1756 1037 2059 504 1648 1974 1281 1011 653 2052 1923 1813 1873 2228 1332 2236 1118 1755 534 2806 2429 455 1967 2265 771 2177 1314 2053 2594 458 28 2479 927 2716 2250 2301 1532
000766.jpg,431 2510 70 1938 1842 1753 2478 2772 2777 2077 18 767 1125 2 1834 1443 2757 2663 1759 951 601 1833 889 1557 277 2818 1252 2015 2622 2686 2315 315 1747 2702 1390 2532 2561 1035 211 1839 1989 369 1460 1980 1165 1418 2496 2685 2302 9 461 2577 1976 2601 2671 1845 1767 1817 2108 1413 990 578 502 136 191 164 39 156 684 1711 2624 2276 1902 1391 2323 1340 250 1686 1952 1922 2808 2314 126 1975 536 2154 2471 1114 1225 688 522 2036 417 1720 2599 2388 2149 75 2497 297
000767.jpg,2725 1889 909 924 2448 2197 2230 1602 956 1766 509 2464 1487 2457 43 1471 1744 1866 2508 335 953 2442 2188 2591 473 2404 1397 585 466 1426 1477 2169 829 971 2366 1596 1953 2351 752 2726 1797 2196 1907 2751 2768 2160 1922 2640 1696 1336 214 498 762 388 1266 796 1577 2620 420 669 1960 957 300 609 2348 621 5 1802 2162 2476 1882 959 1365 1364 1363 1488 1902 2425 171 690 306 148 2116 490 153 1515 2079 506 416 42 2522 856 995 2401 2498 2808 2612 1711 2109 190
000768.jpg,1489 712 860 1417 1045 1782 1328 348 1369 1381 26 2241 2454 1617 1658 1663 1679 1701 925 900 2836 1623 947 2769 1569 2130 2034 1444 169 260 100 1870 1640 1710 1416 51 2837 2826 1544 2707 1948 1437 2714 1649 179 2050 64 1993 2628 1486 2721 1054 1796 2649 2767 2545 2419 2439 305 735 559 48 562 1218 1261 563 480 445 1096 2713 550 188 715 1422 659 1656 1307 2076 2650 1552 2832 2652 2011 1051 1926 2817 2840 817 943 2790 674 2352 2433 440 556 463 1644 2289 2272 312
000769.jpg,377 828 1337 1949 1754 640 1041 1038 13 2520 323 2578 2828 2210 672 2083 2421 1668 933 2602 1272 1374 2032 1910 2671 698 56 2047 43 370 1757 1255 865 2570 1399 123 2150 1429 955 882 2038 2839 2795 986 964 176 2786 2031 2428 574 1521 1329 868 1768 1596 1504 1864 1249 340 1819 2108 1436 609 971 2218 1764 2120 979 2141 244 2227 941 1390 1515 2629 2387 2348 554 1562 1108 2291 1070 1334 1890 1139 2757 429 432 744 2267 2423 2539 2334 332 2668 1952 2798 2464 1049 1557
000770.jpg,2113 1389 727 658 2546 2178 589 1213 1333 304 2022 2066 545 1558 1951 485 1115 614 1175 898 1230 2323 737 2277 1798 1683 1087 581 1207 2242 1559 1019 2000 1106 2644 1801 1306 2149 1361 962 2072 803 714 1228 954 1300 529 2656 1394 572 395 1353 251 2114 63 1427 853 374 1898 1137 1451 2759 2504 215 1693 1753 1839 436 2784 364 101 783 240 2772 2579 2409 1035 149 2040 789 1125 1900 328 1257 2478 2054 1785 766 2540 2777 2077 1561 39 1928 1786 426 949 1334 1173 1883
000771.jpg,1861 57 2659 801 2206 1887 1877 228 2672 133 1551 2174 1675 1350 857 2703 1792 2356 1947 1724 263 2039 2418 1776 2327 1575 1580 797 2739 82 548 885 2332 2590 2123 280 1457 514 287 2662 2321 1191 1345 2581 1664 493 170 2548 210 1234 1034 720 1193 656 1542 1930 2456 842 2461 2198 1043 1432 77 366 2184 2187 1086 704 438 2374 1229 2694 2330 884 746 1348 242 1522 1196 1377 1030 976 934 1375 2004 880 1392 158 1494 2229 1576 1358 1765 557 1292 2127 687 798 130 1859
000772.jpg,1569 1096 1860 2721 64 2650 1416 100 2272 48 1362 1948 1490 1897 1453 547 1319 2034 715 2556 2545 1386 1051 439 611 2289 1316 1496 305 860 497 747 1993 562 556 2713 1901 2628 2769 1381 2309 1617 2241 188 2433 659 1586 155 1796 2082 1701 2270 987 440 1640 1782 817 1218 1584 1261 1658 1788 1656 2376 169 2046 2076 2836 1489 1926 2300 1544 2755 1422 201 906 2454 2735 51 1636 2815 319 1623 2352 1840 1552 2023 2482 348 1649 518 550 770 1965 168 1663 1029 1624 2631 231
000773.jpg,310 2016 2656 1693 2542 2149 1343 940 2242 1357 751 1561 832 1434 2112 1004 1535 1334 2737 182 1346 39 63 954 1116 1760 1298 2827 1743 1176 1019 75 1685 291 2441 1714 617 1786 1713 1601 1257 132 1672 949 1087 465 2497 1712 1856 1333 198 2190 1459 581 983 2129 379 737 2281 739 1091 2036 1971 2114 2409 2324 777 2493 1836 1869 1795 1928 960 926 539 1593 149 469 895 404 683 407 2019 1785 1748 1996 499 824 1224 1014 91 2202 1180 1166 2757 1905 1590 2294 1818 564
000774.jpg,57 1792 1724 2174 2659 228 1861 801 1575 2327 1947 2206 2456 857 1776 210 1887 1877 1551 1675 2418 133 1350 493 797 1234 263 280 1432 1664 885 287 720 2703 2739 1580 2461 2548 1930 514 1345 2332 704 2581 2004 82 1043 366 2321 2039 548 2662 2374 746 2356 2123 1457 2330 77 2672 2187 1191 1034 2590 170 1665 1086 2694 1193 1576 2229 1542 842 656 934 1358 976 1030 2198 242 1522 1348 884 1375 880 1292 1276 1196 2184 1229 1765 1377 1758 1279 438 158 2127 1392 1494 798
000775.jpg,1453 64 1569 2713 100 2556 1640 1490 2289 48 2721 2650 2272 2628 1948 1860 1901 2034 2241 1496 1316 562 155 715 2433 201 563 2309 1840 2826 439 1381 440 1782 305 168 2545 51 260 1416 2352 497 2836 2376 1586 1710 645 1636 1658 1617 161 1752 900 1307 2046 1051 1486 231 659 1649 1096 433 559 2076 1848 169 1544 992 1148 784 2815 674 1123 2454 2769 1796 747 2419 1701 769 2439 1045 860 1437 735 2652 1878 59 1993 1417 1489 1444 445 712 550 1218 906 947 2088 1552
000776.jpg,1656 1102 1934 1644 312 562 2501 2790 2528 2832 943 2411 1640 2044 987 1405 1617 2817 85 305 2241 1381 2034 51 188 712 64 1569 1901 1658 1796 2826 2545 2721 48 1993 1782 439 860 1624 635 2419 260 1417 26 1489 155 1926 2454 1407 497 659 550 221 2713 100 715 2046 556 563 992 2538 2088 1490 1422 925 1369 1045 947 2628 2836 2439 1544 1453 817 1840 611 2289 2769 2082 1552 1878 1316 2650 1444 1319 547 1586 1092 4 900 1328 559 1983 2309 2352 2300 518 348 1870
000777.jpg,841 887 1531 748 2252 2778 1583 2491 1578 930 118 1769 945 916 919 2328 952 1579 1470 982 2723 1354 1063 819 1667 227 998 639 1851 1585 1179 114 9 567 1651 1977 2575 1791 2682 492 311 2349 2792 1920 566 2065 579 875 2026 1770 2729 1210 2042 928 2379 25 2658 1657 2647 2310 512 513 2488 2225 2459 2097 1154 1211 517 1368 1209 763 528 2711 1367 923 2416 382 808 2559 1970 1528 7 515 1854 2304 2618 778 1239 975 2757 2793 151 1711 1582 136 1817 453 72 247
000778.jpg,328 789 240 2277 545 2784 766 483 2579 2178 2504 2238 1353 304 2546 1300 2066 1898 1213 1801 2759 2113 1389 2381 824 1883 1115 529 2547 1394 251 737 1693 2323 1230 101 2644 2040 1228 1683 341 407 1176 395 16 1427 2190 374 60 132 364 596 1361 1749 1900 962 983 1785 1743 581 572 2242 63 95 436 1093 1304 2149 1447 2022 1996 1087 989 1178 1035 2540 1333 1728 1798 310 1593 1106 1161 1476 1231 2656 576 1513 1469 39 757 695 2000 1091 2249 754 761 1559 1804 614
000779.jpg,2018 247 153 2146 190 1577 719 1403 1534 1157 1289 1351 2284 2008 35 914 1915 1359 764 2824 2792 615 1121 2585 604 2551 539 206 1493 723 1970 107 303 549 1128 2604 1734 212 2582 343 2550 2192 1507 998 382 2414 567 2711 1177 2487 2361 2254 1772 1595 517 1132 778 2204 1204 812 536 871 2233 1997 1588 1854 2603 102 58 2326 2793 457 15 569 1711 416 2336 2214 2485 2779 1066 862 2410 1228 1150 1027 680 831 379 1247 193 272 1785 2077 1651 1975 7 1173 2777 825
000780.jpg,1184 117 1537 953 2494 2203 327 2014 375 1817 1502 2768 2726 1922 1687 136 510 1488 2124 425 1423 420 498 2179 20 1738 2303 690 1979 1308 1397 2521 2599 1641 167 275 2841 1659 1082 1080 2620 1711 1471 475 2346 466 2762 148 1426 1582 1326 1400 1916 1654 1559 2779 2222 39 2162 306 1106 423 2359 915 2571 1891 701 1954 1902 854 907 1198 23 2132 980 278 351 1205 1884 2154 1113 2677 1723 543 1412 1257 265 111 2366 1515 1570 1357 938 1225 2573 40 1905 1144 1835 1700
000781.jpg,29 707 1849 967 1804 2320 2533 1149 2172 286 1597 2354 1719 2024 1529 1689 426 1867 2390 1722 2673 91 218 2143 2408 634 2021 424 1334 2757 1165 291 24 2756 1252 1759 213 315 2302 1390 2235 2015 1478 293 1442 1269 792 2430 2000 1557 2622 1670 2295 2054 191 80 1535 1511 184 44 2290 2299 2323 2566 739 1469 1091 754 2730 2161 1379 135 1068 1886 2746 2772 2296 1296 2685 19 1325 1753 1834 2663 2149 1969 832 2 2413 1869 1526 1125 1966 558 1455 1346 2151 2656 601 18
000782.jpg,1022 346 108 1378 2821 753 2505 2465 936 2398 52 1662 786 2467 2429 628 2407 467 758 2301 402 840 389 363 1918 1481 2061 1787 2669 1220 2690 484 1395 1317 1465 2634 654 501 418 1921 2244 2025 471 452 2794 61 2059 1438 295 430 1008 1706 2611 1475 129 534 1275 1048 49 1303 225 138 326 331 1929 464 207 1356 1781 1140 1506 1039 2765 31 655 1097 2402 2236 1024 780 1062 478 53 1967 580 1568 2053 1655 1923 1692 2632 1730 1124 1612 2070 1822 1831 721 2285 2806
000783.jpg,401 2163 1628 453 2055 2122 141 1023 816 2679 177 760 380 1085 1903 823 1599 2074 2829 437 2587 73 1717 2469 1233 1510 399 208 731 461 595 981 1163 2126 2775 156 1145 174 2098 164 2577 2009 2274 1872 1808 612 1784 1404 1688 1047 1160 694 2655 2636 460 1415 172 2747 2722 1100 1976 1241 72 2218 1155 99 222 1089 569 1436 975 2757 2090 1759 477 193 1504 1354 923 2808 536 1839 1390 2323 952 1711 2622 2304 988 121 1793 1769 2793 1165 1132 1266 1430 1902 2362 1035
000784.jpg,2687 1275 1730 1929 2059 464 534 1655 1706 927 2715 484 1789 295 268 2301 131 2429 1843 1831 418 1813 159 467 1923 2806 1097 2407 2236 31 1662 806 1018 1293 782 504 1026 580 840 1481 33 1875 1475 326 1822 1378 2285 1967 2765 2142 1220 628 2632 108 2406 389 1011 1692 1124 471 452 999 52 1008 1022 1503 721 1438 2611 390 1187 653 655 331 495 346 1612 225 1635 2244 1647 2402 324 2025 129 2137 1037 1972 2061 1062 822 138 53 2398 1787 1024 2053 200 478 2773
000785.jpg,702 1830 848 931 1908 1114 2601 2471 1107 1845 2624 284 903 1340 768 502 1767 688 990 1720 1310 126 103 1235 835 578 1323 65 1821 297 1608 2276 250 1254 1512 2388 1186 1975 1413 1391 684 522 2314 2757 1759 18 277 767 2315 2510 1120 2036 1922 1557 2077 70 431 1035 1016 2478 1842 2 379 1753 2772 1165 1834 2622 2663 1390 2667 1125 2777 601 2149 1905 315 1458 2323 2240 1980 2518 951 102 1252 2685 2637 2015 2653 1839 373 2656 39 191 2302 2561 469 1601 420 581
000786.jpg,18 1842 70 1834 2 1753 1125 2777 2077 2663 951 601 2478 2772 2818 1759 2015 2757 1252 2510 431 2622 1557 315 1390 2561 1035 2315 1165 2302 1075 767 2702 1747 1460 369 277 1989 2686 889 1839 211 522 2685 2532 1938 1443 1980 191 2653 1905 578 1418 1767 2276 1833 2624 2323 2314 1845 250 1114 202 1391 2728 2667 1413 2509 2121 1869 2601 684 1055 67 103 1902 502 1186 126 1711 2149 426 2240 136 990 1406 725 2320 2409 1817 886 297 1012 9 2161 1975 931 1511 1686 2294
000787.jpg,2542 465 1561 499 2016 291 1334 617 832 576 751 1087 1590 895 1166 1928 2149 2700 1346 2242 2409 1847 63 1116 1631 1714 93 2621 2112 1535 1689 1176 1019 1801 2656 940 1178 960 1785 714 739 1685 1743 1713 1343 683 954 898 2019 2422 91 824 2493 1538 2324 2129 1795 1357 1971 1004 1513 1693 2235 2547 1672 1836 310 1353 789 182 404 132 1257 2430 1333 1434 2211 792 2540 1180 803 1990 2802 1760 1748 1197 777 379 1075 2277 407 2523 2586 1838 1805 775 357 1169 2260 1601
000788.jpg,2267 1236 743 2380 868 2423 429 2568 36 555 2786 2224 500 554 427 1431 432 176 199 1888 417 964 2757 2559 62 1398 1499 1890 1492 1553 2117 802 2227 361 878 142 1399 2217 2078 901 302 2221 1759 2031 568 1886 681 289 1557 1793 1562 1165 1851 340 597 1390 1256 1430 893 792 1053 292 2108 1387 332 2415 979 2668 21 707 1065 571 2451 2622 2618 78 1686 2038 2120 528 2384 358 2798 739 1418 1033 1952 1070 967 673 2491 1849 193 2379 698 2428 1334 1516 886 1699
000789.jpg,1752 1102 2790 1656 1545 1926 1624 817 943 2832 221 2300 312 2817 1644 1316 2367 1146 2389 2528 2501 85 987 1496 1407 547 59 2556 440 950 2411 4 860 2454 2289 1934 2044 518 155 1405 2241 2538 433 1417 2272 1386 161 1617 550 1649 2130 556 2631 1782 1840 1319 2836 1422 1993 2069 1636 1640 2840 1202 735 2713 2650 169 2270 2082 2375 2424 1489 2046 26 611 1381 188 1416 305 2628 1453 2837 51 1799 497 1948 197 1710 1796 1092 769 626 992 2515 1045 2707 1701 2011 635
000790.jpg,2070 2025 192 2669 1141 61 654 1787 2794 625 245 207 216 1356 2690 679 139 580 31 525 1781 1018 159 2311 1248 326 356 52 1435 49 1022 408 2467 2396 225 296 1598 1822 1438 1706 471 108 1274 1282 346 1929 858 643 782 1140 239 402 1730 1692 721 655 1662 1481 1097 1127 653 1293 1647 331 2164 1187 418 1972 628 464 2429 295 2565 209 936 2173 1275 1143 200 2632 2402 2611 1655 383 2698 999 2406 1037 430 2142 1506 131 786 2398 113 2280 2687 1780 1923 1124
000791.jpg,557 143 2529 1684 2185 1366 2524 1480 2460 1129 2298 879 1816 2517 2363 1440 414 2844 2385 1411 1242 969 741 2139 1196 2269 1982 2584 1514 342 386 1539 299 2607 1619 1446 814 1294 273 2431 352 2633 2801 1360 1059 551 1549 1925 1735 976 2481 1776 1291 2833 2246 1660 1238 2727 2104 867 1947 2473 718 1863 1520 267 687 2672 2412 1814 2271 665 46 787 810 1122 1 1694 1421 2484 2092 2226 2100 600 2541 1295 385 1807 991 2215 2266 1025 1630 2223 958 1540 234 2468 1837 1215
000792.jpg,645 2011 445 2840 440 433 197 2289 1029 2650 1840 2241 735 550 134 2769 769 2375 2628 1617 463 260 2088 1054 1045 1422 319 563 1552 161 1901 1417 2735 169 2076 1993 860 2538 1444 1328 2707 2130 1253 2050 1679 1489 1782 2826 2713 2439 1649 59 1623 155 1544 2454 201 1983 1307 2272 2836 1752 950 51 1316 1381 1486 2544 712 900 947 1261 518 348 1860 259 1453 1710 1640 168 1870 2046 1496 179 1788 1148 2652 231 2424 2482 1190 784 1208 2515 26 1202 992 674 906 2556
000793.jpg,1856 2441 2111 1476 2202 88 2422 2827 2745 1093 132 407 1176 310 2190 949 2785 695 1914 1999 596 983 2547 34 1945 95 2523 1103 1631 1749 777 2413 1743 558 540 1343 1996 1727 1714 520 2737 184 19 1116 63 1713 2733 940 683 824 462 232 1898 1535 2295 376 2615 2180 1838 1004 2112 1019 135 1448 213 2242 198 1483 2317 1304 1383 576 1672 783 2472 2555 2281 1795 47 2277 832 1478 1434 75 2497 2566 617 1804 1561 1847 60 1265 1693 967 1269 1722 1298 149 1513 1224
000794.jpg,2628 2836 1649 1054 1782 1381 1658 51 2011 645 1544 1328 1617 1679 440 735 445 169 1045 1444 2840 2439 1623 1840 1029 197 2837 2241 712 1261 1663 1218 900 2767 2707 260 1486 1552 1437 2050 2826 2769 463 1489 1993 947 1307 769 563 860 2735 1417 2650 2454 2130 319 1422 1208 1416 559 2272 155 1948 1640 1369 433 348 2652 1860 2076 1051 1096 550 168 2815 925 2375 480 1316 674 2352 201 179 26 2289 2713 2556 64 194 489 1870 1710 2046 2649 1752 1253 562 2397 2419 992
000795.jpg,1496 1752 1316 1636 2556 2713 1840 2289 563 231 168 674 2272 2241 1123 2628 433 1901 1878 1453 1148 1948 1965 769 497 950 2352 2840 2650 1640 1586 900 2652 440 2826 1486 2046 2034 2836 2424 59 100 1545 1782 965 260 201 1710 161 1416 2433 1307 1569 1860 64 1381 1775 2309 445 1096 1051 735 1437 1848 155 978 48 2545 947 1146 1490 1897 259 784 2721 1190 2439 1544 1617 2553 2515 2815 860 645 2084 2375 1218 992 197 715 1045 1649 2130 2088 489 2358 1261 1658 51 2337
000796.jpg,983 2441 1743 2827 2190 596 2785 310 95 376 1176 2547 1483 1448 2745 1728 2202 1996 1469 1383 1593 2413 967 132 1856 695 1749 1804 1535 1476 19 2615 16 407 1103 1836 1265 1914 824 1296 2472 184 2281 1304 2295 63 135 1231 1672 88 2744 1693 2737 777 1269 2073 2566 1733 240 1343 1019 558 75 2111 1984 1999 60 2497 1312 1867 328 80 754 1945 1478 187 576 1091 1722 2239 2756 2656 1447 213 2354 424 832 920 2242 96 1529 198 739 949 2149 940 541 2784 39 1197
000797.jpg,1545 59 2389 547 1752 4 2082 2270 1386 2367 1319 626 611 1701 1202 2840 1146 950 556 1624 860 1926 312 2011 169 2375 987 188 1029 2289 2300 433 2832 1737 440 817 2312 2556 769 2069 1799 1775 1496 2501 1710 1656 2837 2241 2272 2046 2790 134 445 2650 197 645 85 161 1102 1617 1316 2424 1788 1993 1934 2148 283 266 2528 1453 1468 1840 1649 992 2707 259 904 1407 1417 1901 100 1544 2652 1422 1569 231 1623 826 1190 2735 497 943 2628 2515 1489 2130 659 613 1848 2439
000798.jpg,2299 673 1966 749 593 2788 434 1946 1311 2364 1068 1379 1110 2290 2746 2549 2423 1040 1005 2151 2730 186 1850 1526 868 1670 2417 555 417 605 289 1243 855 1562 1442 2196 554 2251 1731 1165 1871 1794 821 1890 1888 743 1936 253 257 1511 2516 544 1094 62 2559 199 2029 774 800 678 429 568 2492 21 176 1968 2697 365 1634 802 410 921 535 1783 1020 1398 3 2243 1131 2560 2087 681 886 883 1969 2743 2786 1705 2219 361 2458 878 966 302 406 2227 1138 435 1325 2302
000799.jpg,1254 1277 1104 2555 1669 1310 834 309 333 55 835 575 2239 2641 728 1107 2547 1217 1178 2176 1336 824 1013 2058 397 856 2073 702 284 1512 1727 1450 441 1975 1523 576 1907 1147 2160 903 2079 1950 1720 1449 32 1016 830 95 2080 83 1315 861 65 1821 187 1908 920 845 1194 541 2802 1830 684 393 1507 1176 1678 1304 1340 1732 2754 1919 2550 2388 1476 1177 2601 931 2383 596 993 2604 1943 736 768 2317 2695 1120 2036 2326 2166 2401 2422 1608 462 250 379 2471 2733 2275
000800.jpg,1663 1328 1444 860 947 712 1417 51 2837 1658 1045 925 2826 1489 169 1369 1679 1623 1544 2714 1617 1381 1782 2439 1870 900 1218 2767 26 179 1261 2050 260 1054 2454 2707 2649 1649 735 2836 1437 348 1796 2241 2769 2713 2433 563 2628 2130 2034 1569 1640 2545 943 64 480 1993 48 100 221 1422 305 2309 1901 1878 715 2352 439 1407 1316 562 659 1552 2289 1860 2721 1416 2272 1486 1405 1926 2538 2650 188 1840 1701 2790 2556 2840 2419 556 559 445 1051 2300 201 194 1096 1490
000801.jpg,1980 2685 2315 2702 277 767 1120 2518 2 191 2663 1165 1147 2161 269 1767 1391 2314 2818 1443 1252 951 1869 315 845 2302 2276 373 1678 2748 1073 1180 1557 1833 1620 2015 2510 2772 1186 126 1834 1732 2275 18 889 39 603 2436 1905 1753 2478 1548 431 1759 2757 1943 688 1340 1482 369 1747 1413 70 1125 601 1390 1989 2622 835 1842 830 1016 2695 1442 1938 1817 211 1460 1959 2686 1357 83 1211 2653 136 1646 584 2395 2777 2077 1036 2598 2000 1379 993 1687 1711 1526 2281 2506
000802.jpg,1507 2550 2019 575 2754 1669 1147 1104 1016 2586 284 2136 393 107 2254 1087 2604 1734 1177 1244 834 775 357 1691 2326 502 2192 2601 2471 1277 102 2080 297 187 2277 2555 379 1805 457 1791 1748 103 794 32 2447 990 1120 1646 2414 279 2641 63 2802 2176 1019 736 702 1179 2780 920 240 2383 596 1727 2239 2073 768 1611 903 1254 1678 1450 830 1310 2058 2234 2547 2733 848 2778 1517 1626 1459 917 2166 2036 2360 462 1323 789 1975 541 1523 1608 2684 2233 567 1482 2395 1720
000803.jpg,1184 117 1537 1502 2303 327 2203 1979 2494 1687 2179 1659 690 1205 167 20 2014 1488 275 1080 425 1198 375 1308 1400 2726 1817 510 1082 1738 2521 2124 2620 973 2677 2132 1922 2222 498 136 2359 1570 1884 980 2162 420 1285 1423 2571 23 1641 454 953 281 298 466 2573 915 1397 423 1661 148 2768 2599 459 543 2791 1113 1426 907 1380 1711 111 629 1582 474 2118 2535 1144 2483 854 938 1015 745 2762 1326 1412 1371 37 325 1973 351 594 1902 2030 40 1591 300 2366 1654
000804.jpg,167 20 2030 1556 2060 454 2726 2823 1637 419 2351 1927 122 189 2162 1260 1032 1456 2627 96 2554 163 2153 894 1502 2128 2457 327 38 1199 1632 1286 2335 1082 1744 1858 2791 2098 592 2216 388 1610 1284 1844 1015 37 924 396 1308 2313 1797 2573 2425 2222 1865 2508 1084 275 752 851 1061 1593 661 1987 23 510 1995 2623 1047 2263 1919 2640 1488 1217 375 117 2169 443 1884 2310 2476 425 2303 586 2118 2521 621 1891 1711 980 2195 1426 1006 498 2197 2760 2042 411 236 476
000805.jpg,531 269 1548 1986 1962 2499 2506 1940 2128 1073 444 375 368 423 1767 1601 2036 165 1130 1036 725 2281 379 2275 2518 2 2653 1960 2124 39 1979 1922 205 510 2288 327 392 1326 2118 1725 2051 2292 1502 1455 1732 2030 2319 2359 1980 692 1061 277 2014 1825 2663 2728 2494 751 2161 2510 980 420 1113 2558 1817 1397 442 2000 148 1126 1120 1591 790 1747 598 1180 104 20 1841 1711 1426 1183 343 482 206 2303 1443 2294 1088 1529 1499 2497 431 2239 1884 136 362 851 951 2203
000806.jpg,1944 2435 1899 1874 2558 2207 2813 2728 2294 146 1937 137 804 1056 2248 1055 494 2057 1223 2382 2825 647 948 2291 725 1212 2438 1592 2708 2569 491 2580 2286 329 1076 682 2135 165 1464 2842 1825 2766 899 1841 574 2393 686 204 1639 1606 1452 2639 447 1185 2036 2683 1777 362 140 1868 1940 657 2022 2741 1333 2258 379 116 1931 2436 1067 677 920 1601 2305 1019 2526 1986 1547 541 2073 1463 310 2719 2326 1448 2736 2292 1134 692 1130 24 2295 2239 2827 1126 2068 2220 1950 32
000807.jpg,2025 192 2669 61 1787 2794 2070 207 1022 139 654 31 1706 225 159 108 326 679 580 1248 295 1356 1475 625 464 1929 653 1275 1435 1018 1692 245 209 1282 1967 525 2236 356 1662 1378 113 1317 1655 2311 2429 467 1097 1730 408 52 1050 2396 1781 1262 1598 296 239 1293 331 1822 455 758 2467 346 2142 1481 2137 643 1141 430 2406 418 504 501 999 1274 2164 2715 782 389 452 1831 534 1187 2505 2465 2806 1789 655 2091 1503 2398 1923 2053 721 1011 786 390 216 2301
000808.jpg,364 2040 1900 374 803 101 436 2381 989 2504 395 215 2644 251 2759 737 572 2579 2238 529 1230 766 341 1427 962 2323 545 1361 1106 328 1798 1559 581 1801 2546 789 2540 1394 1115 1257 1693 1451 1683 1883 1137 1389 614 898 2242 2000 1353 2277 2149 714 2784 2114 2066 1786 1951 1971 1357 2178 1306 727 304 1091 39 2656 1213 589 2787 926 240 1839 2113 646 1035 1818 2561 1558 1207 1180 293 1898 1166 564 70 1087 2409 485 658 2054 1175 2478 1928 1231 1997 1300 407 1557
000809.jpg,759 1188 285 2643 6 411 2666 650 2171 2043 922 2810 1702 807 620 1260 2816 2261 1891 1153 37 2194 2346 582 1227 1221 546 468 1916 1603 820 1858 181 1723 475 1456 476 1882 1083 1797 122 732 1284 2162 1541 42 661 2313 2841 1763 2726 956 669 510 1761 1570 829 750 334 1844 1082 1697 375 372 1502 1515 586 1308 2571 506 1488 2168 1537 148 980 1283 2521 1108 1995 2476 2425 1768 281 443 1744 594 20 2677 2278 448 1286 2179 1610 473 5 196 1884 1090 609 1536
000810.jpg,2414 1177 107 2604 2176 2641 2326 397 2550 55 1507 728 736 32 1194 187 379 1467 920 2360 1919 1669 541 1104 1748 2159 2234 1950 2036 2073 1459 1028 917 469 153 902 2033 1014 2019 575 2239 2754 993 1690 1943 590 1975 87 2603 83 2752 1970 684 1720 680 206 250 2684 2586 1601 1821 2733 382 2563 1734 818 1382 2192 2447 279 1691 778 2166 2106 457 462 2233 1517 2525 2711 2254 1016 2605 357 343 1410 1471 1832 102 1372 2240 2297 1608 2630 1626 2497 517 1310 1259 2281
000811.jpg,2361 701 153 2081 196 353 776 869 1625 233 871 98 2256 1963 1970 1402 1403 2551 247 910 809 2334 206 2711 382 764 2264 1042 2067 781 343 66 2462 2839 1249 2001 513 640 765 1819 778 1915 1864 1891 2353 2391 151 276 1157 1271 719 1089 2346 1063 998 2792 42 1577 865 443 282 1711 2336 1359 224 2366 2103 567 2261 1723 2132 1667 2603 227 2018 2325 2210 325 517 1854 914 128 2146 40 916 2008 1973 2284 2157 2520 1817 1493 2816 2027 2585 952 190 2535 25 1916
000812.jpg,924 1471 953 1487 335 167 300 1006 1502 1891 214 2348 2230 2197 1150 1488 1738 1400 2222 1315 2726 443 1922 2521 2768 2573 586 20 2179 2620 2535 1602 745 2162 148 37 2567 2448 2216 2508 1703 1866 1397 325 420 1113 84 510 1817 1308 2346 2109 2366 1605 594 762 1687 2841 327 411 2751 2779 2591 1090 1537 1916 1474 38 466 2203 1288 2494 2678 1363 650 1711 2666 2169 1082 1953 1232 2705 2079 475 1596 498 909 2571 856 1671 2498 1723 1336 1217 1797 1426 136 2546 621 111
000813.jpg,2757 70 431 1753 1759 2510 1125 1834 1842 18 2772 2777 2622 2478 1557 2077 1390 315 601 2 2663 2015 951 1252 2818 1839 2561 1165 1035 2315 2302 767 2702 1443 277 1938 2323 1980 889 191 2686 898 1747 1833 2685 522 426 1075 2161 502 1597 714 990 1558 1418 2149 2532 2624 1711 369 1333 1087 1460 211 1793 1334 1845 2601 688 1798 297 251 136 2143 536 2577 1235 1817 1989 2024 2242 2656 2022 1427 967 634 2540 2108 901 24 707 39 9 1207 103 1801 2277 1230 1976 1686
000814.jpg,2792 567 1531 1791 118 998 887 2711 748 1354 1470 1179 2778 919 819 952 382 1667 1583 1854 639 1579 1063 930 517 1769 1977 778 2491 2328 945 2252 2682 9 1578 1651 1585 841 114 2647 2065 1970 2575 1770 227 916 1920 982 2723 808 2042 2793 7 975 923 2729 1851 2225 2304 25 151 875 763 2658 1367 928 1657 2310 513 247 1271 1209 492 566 2462 2459 1210 579 1577 2097 1528 1368 2379 2334 502 297 1235 1157 2757 1390 1239 2416 1915 569 2361 2559 2026 536 102 103
000815.jpg,2045 1796 1656 2755 943 2790 2023 1407 1584 4 2817 188 85 817 860 987 1102 1788 1489 1405 2528 1926 26 1934 611 547 1386 312 1319 2082 1417 556 1644 2544 221 2454 2034 1701 1624 1617 2300 2832 2270 258 1848 2397 1552 259 463 1993 2721 1710 2411 2241 635 1029 1782 2358 2574 1381 2545 1092 747 2564 1428 2538 2628 1983 2501 2769 1051 2076 712 1261 48 1422 622 715 1316 2836 550 1046 2272 1146 626 1545 947 1658 1752 1569 1328 2287 1870 900 169 74 2724 992 2044 2344
000816.jpg,2025 1787 2794 139 1018 192 625 2429 209 1598 1022 2137 1662 108 61 239 643 245 782 1282 1967 207 679 1435 356 1275 1248 654 838 1692 2311 858 580 2164 1011 1929 225 2091 31 452 296 2531 1706 525 389 467 2611 1475 1127 326 653 295 2669 2632 408 758 268 2236 534 159 2059 390 1356 1918 2396 1780 1039 1124 1050 131 402 2070 2053 1923 2173 1635 1274 1187 1037 129 504 1781 501 1317 2406 936 484 2398 2232 471 999 1024 464 2565 1097 628 113 655 822 1293
000817.jpg,631 1301 1518 2282 530 1058 1290 446 2064 2049 2140 921 2660 2796 2596 1384 451 1604 1981 1742 2093 607 813 1554 908 1673 1614 1331 1739 1909 1017 2257 487 2696 942 966 1237 660 1681 542 1370 1978 1853 2085 337 1396 1105 1000 1705 54 2664 710 360 2357 2392 662 1879 355 1893 50 1695 2087 2458 243 2369 2782 2519 1613 800 2005 678 1094 2243 394 2492 1419 271 2600 1567 2259 774 2507 1142 997 2697 1913 2006 1904 2196 2543 1850 1516 1508 2036 1906 1287 2065 791 2081 392
000818.jpg,2757 1759 2622 1390 1721 2719 1557 1055 2728 18 1753 70 1842 494 315 2294 601 2057 1473 2291 2207 1931 1125 431 1874 1834 1876 574 2438 2 2077 2315 1223 447 2772 2777 2510 2478 2708 2809 1944 2663 725 682 1056 2435 1899 2526 2558 2825 1165 2220 1592 2702 146 2436 951 2685 140 677 647 1980 2683 482 939 1075 491 2766 608 692 12 2302 2561 2319 2015 1825 1777 1868 1942 1185 994 1452 2741 1252 2580 1531 271 2598 864 2639 1035 1905 997 1892 2491 526 657 1406 191 2736
000819.jpg,650 2171 2043 2666 2810 2346 2816 1916 807 475 820 2841 2643 1891 759 1603 411 285 1723 750 1541 334 6 2502 1188 1153 1139 510 375 1953 420 1696 1260 1605 1515 1702 1397 620 582 1221 148 1882 956 2726 40 2162 922 2768 2152 2261 546 732 1502 2521 1711 2457 372 196 2203 1227 2620 1326 1074 1744 1922 1080 473 1768 1537 2014 468 181 1797 1173 1488 1738 1570 609 1858 1083 1817 938 2378 163 690 980 1150 995 2567 214 1761 388 335 1232 5 2128 829 844 851 1889
000820.jpg,1417 1489 860 1701 26 1710 348 2241 1782 1045 712 1369 1381 1658 1656 1617 900 2454 169 1679 2817 1870 2628 1623 2790 1328 1437 2769 1926 2707 2836 2837 1644 2419 2826 817 947 1444 925 2528 221 943 1624 2130 179 735 2840 1416 2300 987 260 2649 2832 1569 559 556 2034 1544 188 433 1983 1307 2515 2424 51 1316 463 2050 1649 1407 1993 1948 2721 1552 2713 547 1486 1386 2439 1545 312 1663 2767 100 1640 2272 1102 2556 674 659 489 445 197 1261 1054 440 2652 85 2289 1796
000821.jpg,202 2509 1810 1075 67 899 2558 1212 165 1944 2728 2583 137 1055 2294 725 1874 1406 1001 2121 1606 2135 627 2813 2350 1130 1012 2435 2766 249 116 2825 2057 1937 2708 2382 2207 2741 2842 1986 692 494 2719 647 2292 447 1076 2736 2757 1126 1223 2248 379 1592 948 1940 2286 1899 1841 1825 1557 2683 1759 2291 1464 2639 2036 146 97 24 541 491 362 2319 1056 1088 1601 2622 2569 424 2143 1463 800 1722 2393 1390 2506 1639 1689 482 2224 1448 70 2809 1185 682 135 18 2580 2073
000822.jpg,1083 1702 2643 620 2194 181 661 2441 2261 2827 732 6 1260 1856 759 476 582 1797 310 636 546 2111 2168 1318 1251 96 2202 1536 807 2807 2278 1176 1476 1743 894 2745 132 42 1364 596 669 19 983 285 95 2190 2036 2554 1336 1945 949 2422 2522 1999 419 520 2785 644 407 88 829 236 2733 462 695 1093 1749 232 1064 63 1221 1019 1315 1108 2720 2401 184 1013 762 1601 32 1227 206 2547 187 1283 1535 2346 2831 2760 1714 541 2603 1713 940 379 2425 1722 1914 777
000823.jpg,352 879 1539 1619 2139 1684 2269 557 2524 741 1982 1925 2092 2844 299 1 2576 2371 1572 892 46 1520 234 1349 1360 2484 273 1549 2727 2431 2185 2529 969 2385 2223 837 2833 1815 342 2460 1242 267 1291 600 1816 1366 2399 1629 1009 2158 2455 2226 2412 2100 143 2273 1863 1698 1660 1421 1071 551 2738 2633 1238 2717 262 814 2607 1411 2104 1776 264 2063 888 667 1540 913 2834 2635 2473 195 147 317 2797 349 2481 1615 1338 1571 573 1480 2372 223 2215 1994 1509 1295 1059 2189
000824.jpg,2794 1787 2025 1141 49 654 2669 525 408 2311 1356 2070 1282 1274 1022 1918 61 192 1780 1612 1127 216 207 1781 625 296 2396 356 2402 721 1972 858 2565 936 2164 1248 113 225 1662 2429 402 1647 1140 52 471 679 1692 1435 331 139 2061 999 1438 1506 346 383 138 245 786 1598 1273 2467 1024 628 430 239 108 27 2398 2465 2505 2698 2765 1395 1472 1465 655 753 467 1505 1481 1706 484 131 2690 1921 1018 1503 1220 653 159 534 53 200 2091 2244 726 363 1124 31
000825.jpg,2023 2755 1584 2045 1796 747 860 258 547 2034 2545 1656 1701 1489 1386 817 1586 1029 1569 100 715 2721 85 1993 1926 943 1788 497 2790 2482 2836 1417 2272 1782 26 48 2046 259 2454 169 1545 1407 987 992 64 312 2300 2082 4 463 1319 1710 2528 770 1617 1381 1624 611 1405 1051 1416 2817 2270 2832 556 1948 2289 1102 433 440 2837 2628 1934 2241 2650 161 2538 1261 1096 1320 550 1658 188 2501 51 155 1649 1552 1897 2544 2769 2735 947 1752 2556 305 2564 1362 1444 1663
000826.jpg,2025 2794 61 1787 2669 207 192 1022 1282 408 2396 1706 525 225 52 239 139 654 464 2164 2311 2142 295 2173 1475 49 1781 1662 758 356 1789 2429 2280 296 1655 2236 726 53 2137 927 501 467 452 245 1481 209 418 455 129 2091 1275 389 580 1262 2053 1967 1929 999 1356 1503 2070 1923 31 1378 1127 653 788 346 108 1831 1274 1062 159 1141 1018 390 504 2244 113 2467 484 534 2059 1011 786 2690 840 331 2806 1932 838 1465 1918 268 1822 1813 1050 1730 822 2634
000827.jpg,1948 1316 1496 2272 2556 1051 1416 2713 1096 2628 2352 201 2815 64 1218 2034 2721 1860 100 2289 1381 1569 2545 2241 2650 48 1636 1261 563 747 1782 1649 2836 194 1658 1586 715 439 497 1640 1453 2826 645 1840 2433 433 1617 562 440 1901 1796 231 155 1422 197 1054 319 161 518 260 1710 1584 769 735 51 659 1444 1490 2309 1752 445 1663 2454 168 1679 1045 2767 947 1544 2011 1328 1307 2538 2707 169 1965 2755 2050 2076 305 1623 2375 550 2023 860 1993 900 2840 1148 2439
000828.jpg,2772 1753 1125 2077 1834 2478 2777 1252 18 951 2 2015 2663 70 1759 2757 1842 601 2818 315 2622 1557 1390 2510 1165 431 2561 2302 767 191 1035 2315 1839 2702 277 1075 2161 2000 688 889 1767 2624 522 1443 2653 2409 2323 126 1869 1597 2149 1980 1845 1905 1391 707 39 103 1357 1334 2667 29 2276 426 1418 2685 2686 1186 1235 1559 1928 578 2656 2242 1413 1323 1511 2314 2320 1686 1849 297 634 2143 2121 1558 1114 2601 1959 990 332 2542 802 136 1938 2054 1442 614 1817 1256
000829.jpg,464 1831 1655 1706 1789 999 927 478 2765 1756 2407 2301 2715 2142 788 1262 1097 1822 455 1008 1503 1143 159 1465 1293 1281 1923 758 2236 786 1317 1912 1378 2244 1022 501 484 467 840 2505 2465 1475 363 2429 108 1662 2059 241 456 1755 125 1730 2398 1026 326 799 52 504 418 1813 314 534 1118 89 1921 2402 2634 721 753 822 2061 331 389 129 1062 1050 295 2062 780 1972 1395 580 726 452 1275 346 1481 31 1967 2806 261 1929 390 2053 53 1039 430 628 1297 805
000830.jpg,1860 1569 2721 64 2272 100 48 1416 547 1096 1319 439 2556 1948 562 611 2650 1993 715 1316 305 1897 2082 2713 2270 1381 1617 497 1362 1453 1051 1386 2241 2034 1496 188 2289 155 747 556 1926 1623 1656 1901 1640 1490 1782 2300 2628 1586 860 1658 817 1422 2545 2769 659 169 987 51 2631 2046 2836 2309 943 1624 1584 2817 2433 1218 201 1796 1649 1544 1679 2352 1261 1701 1663 2755 518 1444 1636 1405 2707 2454 992 2837 550 784 1934 221 440 1328 947 1552 2023 2076 1407 2790
000831.jpg,2609 2299 2843 2196 749 800 1850 673 1516 2788 2492 1913 1871 1966 535 593 2697 855 2519 434 774 2087 937 1546 2006 257 2243 1498 288 1094 1311 1142 605 1936 519 1731 1794 2151 1174 1670 253 392 1800 821 1040 1379 2341 678 336 1455 1527 1466 1946 1068 2005 2730 1645 1211 607 1131 2559 410 94 1138 2417 2377 2364 709 1851 1309 1657 406 717 2613 1419 2549 1110 1243 528 186 811 2290 1518 2219 1894 435 2746 2379 2251 1301 446 1634 928 841 1007 1157 631 1020 247 1992
000832.jpg,1049 932 323 1754 672 698 1041 839 1272 640 2828 13 432 1038 1910 828 377 933 2520 1249 955 865 2032 1374 1521 2421 1949 2578 2038 2602 1668 2671 2210 1255 1504 986 370 536 2047 2108 2083 500 123 340 1399 1329 2218 176 2795 36 56 1817 1952 2786 429 332 882 2001 964 2808 2668 2391 979 1431 1588 136 2031 2490 2267 2559 2839 431 2120 938 1132 1711 574 2757 2150 1065 70 1757 555 571 2117 1820 72 417 2772 1753 2384 1390 901 1499 2510 1839 1125 2077 2014 142
000833.jpg,609 1515 2725 1766 2457 2404 2464 1889 844 744 5 2448 957 509 2230 2048 1768 2014 1364 510 1139 621 2203 1605 2751 1108 1602 2141 2591 375 2168 420 1797 1214 2124 2115 1696 2502 2562 1397 214 1251 2425 1596 2182 1953 148 2152 22 2768 244 335 1738 1199 306 2366 2476 473 171 498 1610 2160 1283 466 2572 2386 1757 2401 300 2521 762 43 2761 785 2841 181 2678 2760 1326 2056 1502 448 2348 1171 690 1336 2083 1754 1949 42 2128 1927 2346 1616 2498 1744 2671 388 2197 661
000834.jpg,1083 1702 2643 620 2194 181 732 6 2261 759 661 582 1797 636 546 1260 1536 476 2441 2168 1318 2278 2827 2807 1251 807 1856 894 310 42 96 1364 285 2554 669 2720 95 596 1743 1227 644 1221 1336 419 2036 2111 2202 2831 1283 1108 829 236 1176 2522 1315 949 1476 1064 1013 762 2401 2785 2733 2760 2442 983 2745 481 2425 19 2048 1749 2153 1882 132 1632 2705 1019 2190 2547 63 1768 187 2171 2761 2346 206 1945 1999 592 2476 1535 1515 647 379 32 1858 40 2422 45
000835.jpg,807 1221 285 6 582 425 1858 546 2677 1744 2162 2726 375 454 1844 372 5 750 334 1515 1884 1570 163 2457 669 1603 2014 1723 1541 244 661 1610 2115 980 820 2132 2303 2261 1286 370 1015 1659 2210 1080 2222 650 690 629 1061 1582 640 1661 20 1891 23 2001 1189 281 388 1916 327 2118 498 1260 289 2124 2520 1882 1637 468 1556 2194 829 2346 476 275 40 122 106 420 1537 2643 1902 2599 196 985 353 136 117 475 1088 2359 2030 351 1711 2671 1084 1199 2666 1426
000836.jpg,1132 1588 988 193 121 569 536 2090 1431 680 36 1699 1793 1553 1430 2078 802 1886 1053 1065 429 866 1492 1268 1418 142 2743 555 176 1686 1393 2029 1256 886 2786 733 979 2117 1890 597 878 1888 554 417 2217 1033 901 868 289 332 1499 1562 2384 427 2333 2227 571 2451 21 2668 2415 500 681 199 2777 2077 1753 2108 62 1125 70 2022 2772 1333 24 2478 967 1398 2757 2568 1087 2143 18 457 2024 361 213 340 1734 1236 63 102 2586 707 1842 431 432 2254 1759 1019
000837.jpg,431 2510 70 1839 2757 1753 2772 1759 1842 1557 2622 18 1125 1834 601 2777 2478 2 2077 1390 1035 2663 315 951 2561 2015 1252 2818 1443 1938 889 1165 1747 277 1833 767 2323 2315 2686 2302 1418 1976 2702 191 2277 426 2671 853 522 1801 1394 707 1980 2685 2161 898 2577 2644 2497 39 1817 136 2108 461 395 2149 198 1075 502 2532 990 1849 1711 211 2601 1902 634 75 251 1333 684 1230 2143 9 1686 417 2036 1767 2390 1065 2207 1427 1597 24 2154 379 1529 1207 1334 1225
000838.jpg,2252 2682 916 841 118 227 1063 1920 945 2723 2042 1578 1583 1179 2097 1651 2491 2310 2026 517 748 114 639 1770 567 512 1977 1579 2647 919 819 1531 9 887 998 2575 1769 1368 2778 982 1667 1211 1367 566 492 930 1239 1354 2660 1791 952 2792 2711 1970 1585 2328 1851 382 1470 2065 2488 763 1528 2225 778 1154 1906 2357 1854 2379 2459 997 808 1566 25 579 1657 1673 2093 1614 2349 928 2729 1879 1331 513 2507 1904 11 394 528 631 1384 515 1593 2658 1401 1209 2098 7
000839.jpg,2263 1113 1371 2141 1198 2572 2348 84 1866 1199 96 844 236 1458 117 2457 957 2448 2386 1960 183 2678 621 2203 1364 106 509 2760 1064 2761 941 851 2751 45 2608 1632 1927 2567 2182 214 2502 1251 785 1616 2705 2056 2522 2060 2197 189 1602 2623 1171 1525 2401 1139 2503 2562 22 2115 2030 1738 1987 1144 40 1726 1280 2303 1214 609 1205 2152 1515 481 732 2425 2153 1797 1488 1184 171 1032 815 2726 2831 300 1365 23 2498 1426 690 894 419 1696 1015 270 2116 1536 1560 181
000840.jpg,2840 550 2241 1993 260 463 197 735 860 445 947 2424 712 433 1444 1045 1190 518 2628 2011 2454 2769 2375 440 943 1617 1552 26 2515 2538 1544 1489 2544 1328 1369 1417 1983 169 900 1679 2289 563 1895 1870 489 1422 769 1656 2826 1878 1782 2439 556 2050 1405 1092 179 134 2817 1710 1316 2574 1381 2088 2397 1623 259 1029 51 1307 1261 1840 1486 1658 1054 1253 1146 1202 645 925 348 480 2735 2084 1752 1208 221 1437 1218 1649 2707 1663 1407 1901 987 85 1788 1468 2130 2649
000841.jpg,1301 1058 1017 2796 2140 2392 1518 1981 2596 451 1879 394 1290 1567 446 2093 1237 2357 1909 631 1978 607 2660 1604 530 1119 2282 2085 2064 1906 662 2543 1613 1002 921 2049 1705 2262 942 487 2458 1384 908 1331 1681 1516 984 2600 966 1614 1645 1211 1742 1566 997 2507 2559 2809 1673 337 536 1904 763 2640 916 416 227 2658 1209 186 1986 1132 1271 1473 513 2097 151 2310 528 25 2747 852 1236 1268 193 1651 2723 121 1800 1894 1784 2786 429 571 2087 694 1094 2757 2380 1528
000842.jpg,1448 2566 967 2615 1722 1269 983 2354 1867 19 2413 1804 424 2756 2295 1383 2408 695 1689 213 1849 135 1265 1478 24 558 1296 80 2190 1535 2021 1176 1945 2390 2827 1529 232 2430 2143 707 310 119 1743 739 184 634 2024 1733 2745 2744 2320 520 426 1728 2441 1597 754 132 291 1091 218 376 1231 1719 1149 1693 29 832 2533 2656 1334 91 2785 1984 2472 2202 2149 1298 2757 792 1343 2224 2235 2638 1593 1434 2036 1252 1469 940 2016 1110 2172 777 2015 1714 1996 2673 1759 286
000843.jpg,79 2294 2305 1868 140 2741 1055 1452 686 1067 2068 1463 1944 1935 1076 2135 1547 137 2580 2728 2511 1606 2665 725 116 899 2766 2041 2207 722 165 97 2558 2825 2286 1134 246 1056 2842 1825 1212 2436 204 447 995 1711 1998 1940 1027 508 2813 2378 2772 70 1126 1464 2762 2599 12 2077 2057 2598 1006 1874 1125 2319 1753 278 2435 494 2777 680 569 2248 1881 2090 2736 329 2382 442 1132 1173 359 193 692 1902 2478 2214 1899 1165 804 18 2291 2685 362 1937 2292 1115 393 1582
000844.jpg,1545 1752 4 547 1146 2389 1624 556 2790 987 1102 85 2082 312 2832 1926 59 2270 1319 2367 611 1386 943 2300 1656 1202 1407 817 2817 2501 626 188 2528 1644 1316 950 2411 2840 2011 221 2631 433 1405 1737 2044 1934 2375 440 1993 860 2289 169 1496 1617 1422 2241 2069 1029 2556 1649 518 2707 2272 161 550 155 826 2836 197 1799 445 283 1190 2424 645 769 2837 2538 1701 1840 1782 1544 1636 1444 1417 947 2628 463 1679 1381 1623 2650 635 2352 134 735 613 2652 1468 2515
000845.jpg,1908 702 835 931 1830 1107 284 2601 2471 848 2624 1340 1845 1114 1310 502 1767 1254 688 1720 103 990 126 297 1821 903 1235 1323 2276 1608 768 578 1512 250 65 1186 1975 1391 1413 684 2388 2314 522 1120 1922 1905 102 2620 2036 277 1016 1035 2315 581 1959 767 1458 1980 379 10 373 876 1113 1601 70 2077 1809 2757 2510 2605 39 2240 1014 2323 2653 2561 469 2478 1801 2149 1144 420 1753 398 1165 2802 2772 1759 1334 1557 86 845 2518 1459 431 1125 1390 1805 1832 1559
000846.jpg,1710 1701 900 2840 1417 1319 433 860 169 1489 2707 611 1437 1983 188 2241 547 1623 2713 674 2515 1617 2628 2652 987 2424 906 445 1782 2837 1444 2419 1752 1926 1848 2769 2544 992 1679 4 1386 943 2832 134 1878 556 978 2046 2289 1307 1316 2375 312 197 2148 489 1656 769 559 1208 59 2084 1054 2767 1328 348 2011 947 2300 1486 1468 1045 2790 817 1381 221 26 2272 1544 1190 2836 2817 1102 2082 319 712 524 2826 497 1649 1202 2076 1261 1552 977 2528 1148 563 970 659
000847.jpg,1256 554 2029 2743 332 176 555 1065 417 1890 429 427 868 2668 1033 2217 886 1418 1888 597 1430 62 1562 289 1686 361 2415 1398 1553 1393 1793 901 21 2227 1699 199 2786 681 979 802 193 2108 2568 2423 1492 571 142 988 340 878 302 893 2384 1431 1588 2451 536 432 569 1132 500 121 743 2078 292 2090 78 36 2117 2380 2757 1053 323 1759 1236 1717 1499 866 2267 1886 595 680 1165 370 1557 1839 733 1390 2587 2047 2622 156 315 164 1035 1272 2559 707 2149 431
000848.jpg,1584 2545 1796 2034 2023 2755 2045 1948 1416 2272 2721 715 64 1051 100 1569 2628 48 1096 1381 1316 1782 1658 497 747 2836 2241 1586 2556 2713 26 1261 2352 1218 305 860 1656 947 1640 2454 1617 1489 562 1496 2826 2815 2289 1417 1407 51 1649 1544 563 2046 2650 1045 258 194 1679 1444 161 169 1870 2817 1993 817 943 712 735 2790 260 1860 1663 992 155 1328 2439 1490 1840 440 674 439 348 2707 433 550 1029 201 1710 1054 2538 1901 2130 1644 1623 1926 1624 1701 1636 2837
000849.jpg,2840 2241 860 26 2454 712 1489 1045 1417 1617 463 900 1993 1369 1710 445 197 2769 1983 2424 1782 1870 2375 1328 1656 433 348 947 550 1444 169 2817 260 943 1422 556 489 817 188 2790 1381 2832 1437 2515 2826 987 1486 1679 2397 2084 1623 1624 1307 735 2707 1926 221 925 2544 1407 518 1658 1190 2574 1701 2011 1092 2130 2628 480 1644 563 1663 559 2836 2538 179 2649 2289 312 1544 1552 2837 2050 440 1649 1878 2300 2419 524 2076 1405 2439 1319 1208 1386 547 2528 1788 2714
000850.jpg,352 2269 2484 2797 2844 1571 2092 2223 299 2139 600 2100 741 2412 837 2576 573 234 1338 2063 1071 1698 317 17 891 846 2833 1539 1815 2255 1 195 1982 2486 2371 264 1622 1520 1572 262 888 1009 428 1349 2811 1540 642 1925 2338 2455 1660 2717 1549 1618 1242 2399 2185 667 1291 879 2635 2633 1824 2524 2273 2431 1615 2385 892 2189 1607 969 414 2607 2403 267 1411 1994 2253 2473 1059 46 2372 1238 867 1366 1619 1629 1409 913 349 2727 1421 403 273 223 1735 2776 472 1095
000851.jpg,2792 1583 1579 1531 919 1354 887 998 952 748 639 841 1791 2778 945 567 118 9 1470 930 1769 1063 114 2491 2647 1770 1920 1179 2252 1667 2328 2711 819 2065 923 1585 1578 517 975 2304 1851 2682 382 928 566 2723 1657 1977 1970 579 492 515 7 778 2729 2793 875 2575 311 916 1854 177 2026 2459 982 227 2379 1651 1210 25 2829 247 2416 2349 2122 1154 2097 1528 1367 2658 513 1368 2559 2488 2462 2757 2361 1239 1209 2334 1819 502 151 1235 1903 2601 1211 2679 1105 2042
000852.jpg,1724 801 797 2327 1776 2174 2206 720 1877 1664 263 1675 1043 885 1034 1575 2659 2461 2739 1350 976 57 2590 1358 2321 1551 857 588 2703 2662 2581 1887 2694 1196 2187 1765 287 1193 366 228 77 842 1947 1191 210 1086 1276 2418 1457 2127 1861 583 2672 1432 1279 704 170 1345 880 82 557 687 2004 2456 133 1234 1030 2332 1494 2330 1792 2123 1580 2356 1522 1542 2548 2229 2198 280 130 438 2184 2186 242 2039 514 1373 1229 1377 656 470 493 2374 879 158 2771 991 859 798
000853.jpg,2163 1510 1717 453 174 156 164 2126 731 760 99 208 2469 595 401 2775 72 399 2587 2655 437 2722 1415 1599 2009 2577 2636 380 1628 460 1784 2098 177 172 461 1233 816 981 2074 2679 73 2055 2747 1085 2829 2122 1163 1976 1023 1160 694 2218 1047 141 612 1872 477 1903 823 1504 1145 1241 566 2355 492 2026 1436 1154 1808 1688 579 515 1165 2274 2459 332 1155 222 1404 850 512 2302 429 2723 1219 2559 2147 2161 2757 975 841 2362 1518 315 417 1209 191 1065 513 1579
000854.jpg,956 1882 669 2080 829 2261 1482 661 1880 1110 1536 1387 749 1995 876 115 1165 1260 2302 285 476 2823 2757 937 1768 2005 2196 605 1670 2786 186 1676 678 796 469 2586 1980 546 2299 379 2194 2227 1759 315 434 1014 1221 1966 2697 2387 257 1040 535 2251 2788 762 568 2197 1450 855 1180 1946 2748 1761 868 2417 673 1802 1311 2383 1390 1805 775 2362 593 1153 1557 2447 176 2036 2315 490 429 446 794 2318 448 2493 2087 406 1874 1318 83 1334 967 582 1459 1236 2290 554
000855.jpg,2023 1584 2755 2045 2545 1796 747 2034 258 2272 860 1948 2836 1051 2556 1416 64 2721 770 2628 1782 715 48 1417 100 1569 2352 1320 1649 161 1656 169 1586 26 1407 1381 1617 497 1489 1316 2837 1096 1261 2454 2241 943 947 1658 1444 1045 1701 1710 2790 2046 2130 1870 2300 1788 194 2289 735 51 1926 1663 547 1993 433 1218 1102 992 2707 1752 2713 440 1640 817 155 2817 305 179 221 2767 1029 1496 1544 2528 2538 1545 2832 312 1679 1624 2815 1897 518 2287 2439 1328 769 2826
000856.jpg,61 2025 2794 207 2669 1787 225 239 2396 1282 192 1022 408 296 2173 356 52 2091 2164 1127 1475 726 1274 1481 139 2280 209 2059 467 49 2429 525 418 1706 1662 53 838 758 654 534 2311 389 245 464 1781 1275 1918 484 131 1024 2142 295 653 1967 452 268 999 1503 346 2531 1789 1780 2236 1011 1356 455 1875 495 1378 108 2137 31 2070 2690 1262 1124 1018 840 129 927 858 1655 390 2053 1692 2467 2565 1037 580 501 113 1929 1141 1506 2244 786 2285 1635 331 1050
000857.jpg,2494 1113 1616 1922 1426 844 2620 1960 466 2203 594 1477 1696 1866 2291 2036 509 2152 1515 690 2115 1889 1949 2128 1144 2457 1139 2334 851 647 482 1766 327 473 2057 2386 1687 244 40 1488 379 609 1605 882 1198 420 2571 375 306 1458 1874 2421 2726 498 23 2569 1326 1423 2725 2348 2521 574 84 214 1592 781 1223 2464 5 510 2404 148 2768 1601 1819 1602 2124 2014 1864 1661 1397 2508 629 2502 938 494 1537 2503 1452 2162 1744 944 909 1817 2462 2362 953 2639 2197 2242
000858.jpg,1474 325 745 8 2535 1352 167 1671 443 488 2293 1203 20 1173 586 2705 2831 1006 2571 1219 1308 1550 2195 1661 1817 1090 2463 1322 953 1501 1144 2599 2222 1113 915 599 111 1082 666 1150 2726 136 1922 2706 1881 1263 1666 2678 2589 1484 2086 1015 1488 474 2508 1162 1711 2446 224 2514 1902 690 300 944 1674 2591 938 2475 924 1582 2449 2410 2452 2537 2162 413 995 2030 1074 1036 1423 335 2483 459 128 205 2642 1412 2197 2762 1537 2567 624 498 854 1447 2216 2448 1738 2400
000859.jpg,117 1083 1659 6 732 1184 2203 1198 2263 2502 582 2303 327 1515 1205 40 481 2726 1661 546 2359 1536 1488 1371 1768 2571 941 1221 2152 2677 620 2162 844 1922 1687 2475 425 181 1113 2761 1702 281 636 2048 2705 973 2132 690 1570 2831 1987 1183 375 2474 1738 1591 985 353 1744 910 2494 2620 2791 2115 1364 2521 1820 1502 1603 84 1525 1802 1400 1726 1797 2030 2841 851 482 420 2572 298 498 938 510 776 106 1251 629 1882 2688 2153 474 1960 807 1080 244 2678 2768 23
000860.jpg,519 1385 1992 392 1779 1442 94 186 2299 2763 1966 2746 1705 855 1379 253 406 1325 1311 1040 2341 1068 2830 773 434 2290 2151 1005 1419 2384 2600 2560 709 605 1243 2519 610 1007 1424 1131 199 1784 2085 966 942 821 1398 1020 852 893 535 248 1142 1511 2102 1850 1681 1739 717 99 1309 336 338 2451 2543 1455 678 1387 886 2660 2243 1670 1527 2788 1565 361 2377 2664 2458 908 410 1384 544 435 730 2087 1581 112 21 1731 2730 2219 2549 54 2145 1968 1969 568 2723 487
000861.jpg,2023 2755 1584 2045 258 747 1796 1320 770 2545 860 2034 2272 547 1656 2836 1586 1407 1788 4 1029 1701 1782 1545 497 1489 2046 2790 1993 259 1926 1417 169 161 817 1051 1710 2721 1386 2628 1569 1752 2482 715 943 2300 1617 2837 26 155 992 2556 1381 312 2287 2082 2454 100 48 440 1649 85 1624 2528 1102 1897 463 2564 1146 987 2832 2241 2817 2270 1316 1948 1261 64 1416 1658 51 1092 433 2544 622 1444 1319 2735 1799 1848 611 1405 59 2389 1362 947 1096 1552 2538 1544
000862.jpg,1801 2323 2644 395 2277 529 1798 1230 1839 1683 962 1035 2504 572 2759 589 2242 1394 2622 898 714 1558 251 789 737 2579 2757 581 70 1390 2561 1557 240 1427 1759 853 803 1334 1753 2149 2772 1928 364 374 431 2040 2510 315 727 1834 1125 101 1306 2478 2409 2784 2000 545 2077 18 1207 2777 485 1087 658 1361 1175 215 1389 2054 2540 2546 614 783 1166 436 766 1842 2238 2656 1900 1976 1898 1951 646 328 461 2381 1561 1252 2 1165 39 2325 951 1115 2114 1559 2671 2015
000863.jpg,377 2629 2578 2428 828 2520 1429 2539 640 2210 1668 2602 1374 2798 672 2828 1272 2031 2120 13 933 2047 1337 370 729 323 1041 955 2671 1070 964 2786 176 2221 1189 2038 2032 1399 56 2227 979 1910 1249 1038 669 2335 2839 1329 1525 1764 2570 1754 986 2141 1952 2421 1949 1255 2562 340 1449 1033 554 1596 698 568 1521 574 432 236 310 1049 1251 2083 868 743 2384 1562 1751 571 949 2808 1536 332 2451 1768 2608 2182 2760 2503 476 1266 2441 2668 2497 1686 1223 2678 1393 80
000864.jpg,953 37 924 167 2726 1308 1537 20 2222 1471 1082 586 300 1006 443 1502 2706 2162 1763 1891 275 2567 1090 922 650 2348 475 2346 1916 2620 327 1113 1922 1817 411 690 1661 1488 459 745 335 1400 2535 2666 2366 325 510 420 1397 2521 2109 448 1687 148 2197 2571 84 1738 1487 2573 2179 1570 594 2494 2203 1723 214 2841 2768 2030 1150 136 1315 2705 750 1711 2751 1080 1474 2216 38 1232 2014 488 2448 2169 1602 454 1884 1703 835 2779 375 2502 915 796 334 2599 1744 2831
000865.jpg,1752 1545 4 2389 1146 59 547 2367 950 1102 312 2832 1624 1202 2082 2501 85 2790 1737 1319 943 2270 987 2069 1656 611 626 440 1386 2300 2044 1316 433 2528 556 1407 817 1926 1644 1405 1934 283 188 221 2289 2817 161 860 2631 1496 2840 266 1636 2424 2411 1799 2375 155 1190 769 1029 2652 169 2272 613 2477 826 2011 2148 2538 1993 518 2515 735 2556 1468 1840 1422 1617 134 2241 550 1983 1701 2084 1417 2837 2836 2312 2088 1775 1649 1489 2130 2358 1092 1414 2419 904 900
000866.jpg,1908 702 835 931 1107 1830 284 848 2601 2471 2624 1845 1340 1114 1310 1254 502 1767 903 688 990 103 1720 297 126 1821 1235 1323 1512 768 2276 65 1608 578 1186 250 1975 1391 684 1413 2388 2314 522 1922 1120 1458 2620 581 2036 1035 767 1113 398 277 1016 2315 2323 1601 1801 2510 1905 102 70 1980 379 420 1334 2757 1036 2077 2518 39 431 1144 2768 1557 373 2149 876 1397 2478 1839 1753 2561 1165 2772 1959 10 1759 2605 1152 2685 2494 2653 191 1390 1426 1075 1125 938
000867.jpg,2022 1333 2178 2066 1785 2113 1019 1213 63 304 1228 2546 149 1685 310 1115 182 2542 2149 1087 1847 1161 1513 954 617 1693 2242 2656 1353 1389 1743 24 898 940 2143 1561 1760 1434 1300 2112 614 714 783 1093 2016 1883 1712 1795 634 737 1176 2277 2430 2737 1928 407 1773 1166 2827 2409 545 1298 499 132 949 1004 1343 1035 1558 789 2024 213 983 1631 1898 540 1334 240 1257 581 895 1971 727 251 485 426 1427 1801 75 1590 93 1265 198 1535 832 1749 2323 2638 529 695
000868.jpg,2342 935 1305 2096 222 1736 2750 836 2645 755 1806 1504 2362 2201 2450 2512 1052 1436 1638 1098 1933 2218 2452 2156 850 1709 2071 1321 2355 1469 2446 897 816 443 1023 1790 586 1447 1145 141 1006 73 2083 461 612 2122 2747 2098 380 401 2161 325 1363 177 2432 44 2055 745 2293 2535 396 1090 1085 2679 595 1910 599 1808 2587 2163 1474 2829 2216 2642 37 1976 2627 2772 1703 1903 16 981 1717 2537 1599 1173 70 2571 1105 1404 453 1671 1015 1688 1144 1308 1968 1155 2027 1142
000869.jpg,70 1753 431 2478 2777 2772 1125 2077 2510 1842 18 2757 1834 767 2 1759 951 2663 1557 601 2015 1252 1938 2622 2818 277 1443 315 1390 2315 889 2702 2561 1833 2686 1035 1839 1165 2532 1747 1980 211 1418 369 1989 1460 2685 2302 9 461 2577 990 1845 2601 2108 2496 502 191 536 1413 578 2624 1686 1976 2671 1817 156 569 164 1793 297 1711 121 417 688 136 126 1235 2471 1952 1391 2314 2808 1579 684 2415 1065 1902 522 886 1767 597 103 2090 2276 1132 39 571 250 997
000870.jpg,1742 921 1370 2064 1614 1384 1105 530 1331 966 2696 337 2049 1554 487 1301 908 1673 2793 243 813 2660 1681 1981 1705 2458 7 1604 451 1396 1290 2257 1237 2336 2085 2282 2600 1017 1968 446 975 1567 1946 765 1271 1518 710 54 151 942 660 50 2369 1893 825 542 871 2796 360 355 1058 1739 631 1909 2492 3 774 662 2140 1031 1246 567 2658 1879 301 1132 2005 193 2490 2299 607 536 2782 779 1642 1853 394 2093 1581 2157 1808 2664 1094 2434 1936 1142 1239 1566 2259 1906
000871.jpg,1518 631 1290 1301 2282 2596 2796 2064 1384 2140 1058 921 451 2660 1017 446 487 2085 942 1909 530 1331 966 1681 607 1673 1981 1614 1705 2392 2049 1739 2458 1237 1742 1853 1000 662 2093 660 1604 908 54 2664 2257 2600 542 1695 1978 360 2543 2782 2696 710 50 1893 355 1567 1879 337 2259 791 2369 1554 800 338 1613 394 1455 1508 2507 1396 821 813 2788 2357 1287 1516 2492 1031 392 678 1105 1850 2087 1904 1370 1992 1094 730 997 1442 1007 1088 435 1040 1119 1379 2803 774
000872.jpg,2130 2714 2375 348 2454 179 2769 2840 2538 550 480 445 2050 2289 26 433 925 2011 2241 1045 712 1870 2501 518 1934 2649 1422 197 1710 1092 2650 1369 1328 312 1983 645 1617 1190 1656 1644 735 2832 2707 2528 1453 2044 260 161 1624 1381 943 1782 769 1417 1102 1901 440 1405 134 2574 1029 2826 2790 2287 1752 1054 1489 2836 1172 900 2713 1701 2424 1486 59 860 2411 463 1649 1948 194 2817 1663 1679 784 817 85 2352 1444 556 1640 1552 2515 547 1146 1623 2397 2545 201 188
000873.jpg,1255 909 882 2494 1949 1953 2150 2348 214 986 865 420 1866 1426 1113 1922 1139 1602 123 84 1754 1397 1477 148 1738 781 1041 1038 2421 2768 1488 1596 1605 2197 1902 398 1864 2334 1757 1819 2203 1954 1423 351 941 2620 2503 750 629 2502 543 851 334 2291 413 594 1817 2671 574 1199 971 2462 1334 854 2498 2751 2154 907 244 2152 1502 1144 1616 2448 1225 335 466 1839 1700 933 43 128 1696 323 136 327 40 1687 2599 2521 2323 510 2115 2141 224 117 2677 2169 2057 1519
000874.jpg,2562 2522 644 1083 96 2441 2827 1364 2720 2263 45 1251 2678 2386 310 387 2498 1064 2442 1797 2401 183 181 1632 2760 732 1318 419 2056 1856 2182 2116 1336 636 844 620 983 762 2807 1927 1596 187 1176 1960 236 661 957 894 171 2448 1515 2190 2036 2188 2048 462 1743 1013 621 1093 2168 1536 1702 2278 2554 2733 1889 32 189 2141 132 1365 474 407 2608 2591 2203 2153 2060 647 2202 949 592 2831 1019 861 1410 63 2745 481 785 1315 2572 1108 1177 2242 2705 1032 2688 2603
000875.jpg,1176 1178 2579 132 1447 240 407 1996 1469 2190 777 2422 1483 2441 2547 789 16 483 1087 328 1749 1091 2242 695 766 1476 2202 2785 1631 824 376 2827 2523 44 2238 1898 291 63 2277 1743 983 310 576 2745 1801 596 1300 1804 88 1353 1693 1672 1561 2700 95 832 1147 967 2504 1914 34 1713 1019 2323 60 341 1535 2149 374 2381 803 1683 1093 614 2040 540 2759 1334 2784 1732 581 2802 2546 737 2317 1678 1361 2656 603 1620 1856 830 2281 898 1298 39 2275 2016 2772 364
000876.jpg,1096 1416 1948 2721 2272 1051 1316 1796 2628 1569 1658 2241 497 1860 2815 1381 64 2034 715 1617 100 1218 1261 1993 562 48 2713 1586 305 2556 2023 2545 1584 1782 2755 1496 1640 1656 439 51 2352 2650 2454 2769 155 2826 712 747 2836 26 1407 1045 1840 1636 1544 1965 947 2817 260 1897 194 1362 2046 860 550 518 1901 440 1679 1453 2045 1552 348 817 784 201 1444 1623 2289 563 1328 1663 2538 168 1926 1490 2439 169 735 2309 992 161 547 1422 1489 1369 1878 943 1649 319
000877.jpg,1301 1290 2596 530 2282 1518 2140 1017 1058 2796 2064 984 1981 908 921 1978 2392 451 2049 1604 1909 2660 631 487 1384 2085 1331 446 942 2458 1614 966 1237 1879 1705 1673 1742 2600 2093 337 1681 1567 1002 1119 394 662 2543 2257 2696 1554 1906 355 2357 2262 1613 243 1370 1396 813 1105 1621 852 607 1040 1271 2259 1094 360 678 774 666 1739 1000 2782 54 1676 186 1853 660 1419 821 2640 2331 2446 2087 2559 2507 2747 2005 151 1893 2492 763 2417 2537 1047 2560 1904 435 50
000878.jpg,536 1132 569 1588 121 988 193 2090 1065 2333 1418 36 176 979 2786 886 1431 429 1686 571 680 2668 2108 1268 2743 332 417 1430 1256 1890 555 597 340 1393 1699 1033 2227 1553 1793 1562 2029 2384 554 2117 289 500 142 432 21 802 1888 901 1492 199 866 681 2451 733 2078 1266 361 62 868 2808 878 2217 70 1499 2077 1398 2415 2640 1753 1053 427 1125 1952 2777 2055 2510 2772 893 2478 302 431 2757 18 401 1842 1759 1035 141 1023 2568 1886 1557 2122 2252 277 951
000879.jpg,2267 1236 429 743 2380 868 1492 555 1431 36 2078 142 2423 1553 427 2568 500 2786 554 1430 176 1888 1499 1053 199 1890 2117 2217 878 361 802 1398 417 62 432 1886 1699 681 289 2227 1256 2415 2559 302 901 21 893 332 1793 597 1562 2757 1033 292 866 979 1390 1557 2668 733 1165 2743 2618 340 1759 1686 2108 2384 193 886 528 1065 2029 2333 662 2451 78 2224 121 1132 1588 2622 749 1670 1393 568 1851 536 1387 2788 1418 673 988 2302 315 964 2121 571 593 186
000880.jpg,2558 2728 165 1874 1944 1055 2766 725 2435 2207 2825 2741 2292 447 692 2135 137 2294 146 494 1825 2057 116 1130 1899 1940 647 1126 1212 2813 2683 2736 2639 1606 2719 1463 2506 2382 2708 2319 899 1935 1223 1937 2526 1076 1185 2291 948 2041 2220 2286 482 491 1841 1464 97 1056 2580 2248 140 804 1868 329 1777 1962 1986 1931 1075 1433 2393 2436 574 202 1547 1452 1592 362 790 1639 2598 442 2036 2842 2569 939 686 2438 1088 1892 1601 1134 2305 2704 1771 2757 682 2258 1067 2511
000881.jpg,1579 887 639 945 952 1354 9 841 1179 919 1920 2647 1531 2778 748 1769 930 1583 2491 1578 2328 1470 2252 114 998 1770 2682 1667 1063 118 819 1585 1977 1791 2575 2723 2792 2729 1651 2459 492 916 567 1851 311 566 515 227 2462 2334 1210 2488 2349 1819 579 1367 1368 2026 928 875 923 1154 1864 1657 982 2065 910 1239 247 2379 2097 1528 2165 1042 2803 2582 382 2042 2711 1643 25 2304 660 1031 512 206 1565 1970 791 517 1287 778 332 381 896 1739 781 460 2775 522
000882.jpg,2210 2520 640 1038 285 13 2421 1272 2671 1329 2839 2828 196 1515 672 1374 865 353 2666 2602 828 2346 6 370 2795 650 372 476 776 1221 1754 933 669 2570 820 2810 2335 1916 1668 1949 574 1436 1910 1723 377 2261 2090 2291 375 1711 2578 1793 432 2366 2014 323 2808 807 571 1891 98 1819 306 1817 2571 1537 646 2108 1541 2083 2841 1065 2391 70 582 1696 2162 136 2324 910 475 609 2171 2001 1768 429 1249 2415 289 1188 40 193 569 1744 420 510 1952 783 1582 275
000883.jpg,64 1569 100 2721 48 715 2034 1948 1640 562 2713 2309 439 305 2545 1860 1453 2826 2433 201 1051 1416 1490 1096 1796 2556 2628 2650 563 1901 2289 1782 2241 155 1381 2352 168 2272 900 2376 51 1617 1710 2836 497 161 1840 260 1307 1586 1316 674 1417 1658 1496 1261 1486 659 2769 860 231 440 194 559 2076 2652 1148 712 1878 1489 769 1993 784 947 1701 1437 169 1848 2815 1444 645 1218 348 1679 445 2454 2046 1045 1649 1123 26 1623 433 1636 2419 906 735 1584 1422 978
000884.jpg,2000 1451 44 581 483 1178 2579 1361 1559 1482 789 1561 1786 16 1447 2242 2114 1106 2080 39 1180 2054 1801 240 291 1693 1672 1300 2383 2490 614 373 1120 1971 1900 1257 2695 1346 2506 1357 2787 2161 2409 2748 374 1334 1165 1642 832 2277 1980 2437 845 727 2395 2323 2040 824 293 1523 1469 737 2381 1483 2495 751 2149 1230 3 1091 2656 1869 1836 2504 1207 1670 1646 1990 2016 2540 1115 1620 2785 1996 251 1678 926 315 2547 803 1073 191 1147 1820 104 2281 2759 564 1036 1224
000885.jpg,1019 63 2022 1333 1685 954 149 2542 2546 1087 2242 2149 182 2656 1561 1115 2113 1760 1785 310 614 898 2066 940 2112 617 1213 2016 1389 24 1434 2409 1353 1343 2143 1693 1558 1743 1228 2737 2430 1298 1334 714 1712 1300 1631 1257 1207 1004 2178 291 783 1535 1753 727 1176 1928 581 2772 832 634 1971 949 751 2777 1125 1166 2072 1786 2077 1513 1357 2024 2827 1847 737 2478 39 499 1559 426 240 803 1161 132 198 2114 2036 379 2324 2000 1106 75 2323 213 1593 1801 1597 1137
000886.jpg,2348 2152 214 2502 1602 2751 1605 2457 1953 1139 1171 22 509 1199 844 1214 2567 609 2404 957 84 106 1738 1866 1488 1397 851 1113 5 1616 621 1766 420 1515 2128 2197 244 744 2203 2448 1927 2115 2572 2620 2705 2725 2768 1889 1632 1754 189 2060 1198 2726 2464 1696 941 2109 117 171 1364 1371 690 1922 510 148 2521 2263 300 2162 1458 815 2230 2562 1960 1426 629 2678 96 2401 40 1744 1596 454 2182 335 1570 2030 1502 423 785 375 1987 425 23 1032 2386 1015 2760 2612
000887.jpg,2024 426 2143 24 213 1597 1804 634 967 2320 1149 2533 2408 135 29 2430 707 2756 1719 2295 558 2413 286 2673 1533 424 754 2172 2638 757 2021 2354 1478 1265 1728 1689 1849 1296 1448 91 218 80 1753 184 119 2077 2777 1383 2615 1125 1847 898 1228 1722 2757 2022 739 2772 1513 1333 2478 1867 1252 70 2178 2277 2015 1759 19 1269 293 2622 2235 1161 1231 2472 2390 18 1390 2546 792 240 2066 1945 1842 2640 315 2113 304 2409 1115 2260 1529 1834 695 1213 2561 1984 1839 983
000888.jpg,1730 1929 2687 1275 1655 1706 464 2806 295 1831 2301 534 418 2715 2429 159 2059 927 1097 2236 504 1026 1018 782 1789 2407 1293 1822 31 326 1923 1662 484 721 806 1813 1481 52 2773 1972 467 346 580 2402 628 1647 1475 131 1692 655 108 1008 2062 1438 1335 1378 999 2244 471 268 1220 1843 2632 786 331 2765 1143 2406 1967 33 200 455 125 840 2061 2053 2025 1465 363 225 2812 1756 1022 2232 1048 1124 780 1317 1787 1187 653 1912 2142 390 1281 1755 1011 389 1612 2611
000889.jpg,1752 1545 2790 2367 2389 1624 1926 1102 950 817 4 2528 1656 1316 1146 2556 2300 1644 59 547 312 943 1407 860 1202 2817 2832 987 221 2069 1496 440 169 2836 1649 1319 2411 85 1386 2837 433 2082 611 1782 1381 2767 2501 2272 1799 2289 626 2628 161 1417 556 188 1658 2270 1934 1544 2375 2046 155 1948 2045 2840 1416 1489 2044 769 497 1617 1405 2439 1840 2707 2454 2011 1993 2650 2652 1640 2352 2241 1701 1663 2419 1737 992 51 1586 1636 197 1584 2023 1096 1261 2424 1710 1679
000890.jpg,352 2524 1349 1629 273 1803 17 1295 1 1509 1540 1520 1059 1539 879 262 2399 234 2104 46 1807 1571 888 2811 1572 573 2100 2255 600 1291 1242 1524 1607 1338 2481 891 2444 267 913 2339 846 557 317 2385 1025 1409 2340 2246 1618 1615 665 961 2758 2253 2635 1069 1238 1815 2223 741 642 1360 2138 551 1684 2662 2431 2844 2403 223 969 2781 414 685 2473 147 2185 1939 2727 1863 307 892 2063 195 1694 1373 2801 2189 1660 1355 2633 2797 1811 1698 2269 1776 1925 2208 1071 1988
000891.jpg,1489 712 1369 26 1328 1417 2454 860 1045 900 348 2241 1782 1381 1870 1679 925 1658 1437 169 1663 1617 2130 2840 2836 2707 1486 1623 260 947 1710 1444 2714 2837 559 735 2769 179 445 2419 2050 1656 2826 463 1983 2649 1544 2628 1649 2790 1552 51 1701 1416 817 1307 1054 2397 2817 480 943 1624 2439 1644 197 2034 1208 2767 1218 2528 1926 1948 2424 2832 2011 188 563 1407 221 1993 1261 1640 2375 440 674 2652 2076 433 2574 2300 312 550 2721 2289 2544 100 556 489 1569 524
000892.jpg,2414 1177 107 2176 2604 2641 55 728 397 2169 2326 1507 2550 2073 920 2508 473 2239 1975 736 1919 423 1970 684 32 153 187 379 834 306 1104 1194 2036 1821 1720 1669 1922 2351 541 1950 2281 250 1467 2288 2661 1310 827 1423 20 2388 400 953 2573 2808 1254 2360 375 39 680 1471 1277 1304 83 1089 2603 1943 1180 444 1144 1326 1036 1960 2154 2426 163 198 2314 2497 2086 469 1225 327 1748 2234 167 575 2620 2128 1014 205 917 87 382 2033 1028 2124 902 907 466 1954
000893.jpg,2305 1547 2511 246 1134 2068 1067 79 1868 140 2741 1935 2294 722 2665 1463 1606 2842 725 1940 2135 137 1056 97 165 2041 1452 2207 1055 204 2728 1825 116 2766 2825 1076 899 1126 2558 1944 362 1841 1212 686 442 1962 1130 2736 2580 12 1986 2239 447 2319 393 2598 2292 2436 692 329 1464 2326 804 1180 2073 508 680 1006 2551 2382 1173 350 764 2286 569 2546 2599 2258 1027 2490 2813 1186 1729 751 2314 1998 719 1132 1711 914 2209 2136 2685 1120 1942 2506 2036 1115 2708 1937
000894.jpg,1337 2570 2520 2083 2839 377 1910 729 640 2335 2578 828 1764 2795 669 2210 1329 2798 1272 2428 476 1429 2629 1070 2031 2562 2120 13 2602 2671 933 661 672 1374 1108 2828 1668 2539 1797 323 1399 1880 955 1249 959 964 2808 1952 698 2221 762 2498 1768 1266 571 2168 1596 1449 2032 42 829 1521 1949 407 1038 1283 2048 1907 592 229 1447 2261 2413 2442 43 1176 558 1806 2640 2425 695 2591 2190 2188 2476 957 1318 2720 1436 370 2786 1217 1364 1251 2277 2038 132 861 2030 2571
000895.jpg,348 925 26 1369 712 2649 2130 1870 179 2769 1045 2454 2050 1328 2241 480 2714 735 860 1417 1489 1782 1617 445 1701 550 1381 1663 1658 1679 1444 1710 1422 2628 1649 64 1416 51 2836 947 2840 1623 1644 518 1054 1569 2707 169 1544 2034 2721 48 1796 2375 2837 100 1656 2817 2528 440 1948 2545 2790 817 1624 2011 260 2538 463 1029 2439 1993 197 2650 2826 1640 645 1926 1096 1552 312 1840 900 1486 547 1934 1407 556 524 2289 433 715 188 2556 2832 943 1437 563 562 2501
000896.jpg,1417 1489 860 26 1701 1710 900 712 2241 1782 348 1656 1369 1045 1870 1617 2790 1381 2454 1658 2826 1437 2817 1926 943 2721 2424 947 2419 2628 1679 817 260 169 463 1569 1328 1644 559 1983 1623 221 2034 2300 1444 2528 1624 2836 987 1486 2840 2769 2832 1307 925 2713 735 2515 1993 1407 179 100 1552 1796 2837 1878 2649 1316 489 2084 2707 1102 1416 2397 433 1208 715 556 188 524 2272 85 1544 312 1545 51 1261 2050 2544 2130 674 1190 1948 1405 2556 1092 563 550 1663 2652
000897.jpg,1224 1178 1713 2437 1990 1561 2129 1116 1559 1786 832 1672 1971 39 1346 2700 1357 1693 2281 1180 1106 1836 1257 1714 1914 2000 2579 1482 1996 2785 44 60 824 1447 926 751 1535 581 777 1091 1985 2180 16 564 2242 230 1838 91 465 2190 2547 683 2235 765 1353 1176 576 1620 2523 2202 1593 2381 2542 2016 291 47 1334 1120 737 1818 789 1523 1451 1678 1469 2422 14 2114 483 779 2149 603 1732 1743 2288 1036 983 76 803 1300 1361 2040 1980 1900 2275 1476 2317 1073 792 2656
000898.jpg,531 2499 269 1548 375 1940 2128 2506 423 1962 2359 327 205 1986 1767 1326 444 2303 368 2124 2036 1979 2118 1591 2288 1073 1036 1601 2014 2051 1960 1922 379 851 2518 1502 907 980 510 165 1687 1130 20 2 39 420 2319 598 2030 277 1061 2494 1825 1884 725 2292 104 1725 148 1426 1397 2653 2281 425 1747 690 275 442 1817 2728 1183 1423 692 454 1439 1646 117 790 298 2663 2510 2179 1120 1570 1980 2000 1508 1488 1462 2207 2571 2558 2726 2521 136 1126 431 2203 1080 1198
000899.jpg,545 2277 1389 63 2066 2546 2022 1333 1087 1019 2113 2178 1213 328 1228 304 727 1801 2242 1898 16 1300 1785 2579 614 949 658 581 1693 737 1207 1447 1394 1683 240 2149 1353 1115 789 2323 1230 2656 1558 2114 149 898 310 1631 824 1469 1839 766 596 2547 2504 1035 198 589 1093 2072 783 954 2784 374 2249 376 39 95 60 2759 2238 540 2737 2000 529 1559 1106 1137 2497 1798 2040 1176 407 2644 1743 483 1361 1804 761 44 714 1753 2772 1561 1074 132 1451 572 1727 853
000900.jpg,1145 141 1808 2055 1688 2747 2098 2274 208 595 1023 612 1047 2587 2636 2775 1100 2679 1404 1155 1089 156 1163 2122 164 1510 401 1717 666 2009 1903 2163 453 823 1976 2577 2829 731 174 1085 2655 461 1415 177 694 1872 172 816 1784 1241 460 72 2469 2722 1160 981 760 2126 1628 599 2640 399 1740 2537 2808 1074 1599 1898 1266 755 70 2074 2452 536 1436 1173 1305 1879 571 1753 2772 1203 1333 2218 2077 477 1162 2642 1550 1952 1125 18 1906 110 322 1342 2777 2277 2757 916
000901.jpg,2025 61 192 207 2794 1787 2669 225 139 2396 2173 356 1022 209 1282 239 1475 296 245 408 2280 295 2429 1481 838 31 1706 2236 653 1275 52 1967 525 1929 534 1662 418 2059 1050 2070 1635 464 467 580 2142 1274 1789 654 1655 999 1011 390 2311 726 452 1127 2164 268 53 2137 679 2091 2244 625 927 1378 159 129 2531 389 504 1781 484 2806 1875 131 2053 1356 2715 49 1730 1248 1923 806 326 1018 1503 501 1813 1141 1598 780 1240 1435 1062 1024 1831 108 1715 1780
000902.jpg,1710 1701 2840 900 433 445 769 1437 1489 860 2713 2652 197 2628 1417 2375 1319 2241 169 674 2289 2707 489 2011 1983 1307 1486 906 2084 319 978 1468 1623 2515 611 1752 1782 2424 547 1617 559 2419 645 1316 1054 1148 134 1848 2544 1444 2272 188 1679 947 59 2769 1208 2556 2148 2767 1328 1029 556 2837 987 1253 2076 1045 1261 2836 1190 1948 1496 1878 348 1552 2046 1386 563 992 2826 2352 2200 524 970 1381 1649 1656 463 626 260 4 965 168 817 977 2832 231 1416 1202
000903.jpg,1946 2417 1271 855 2087 2519 1142 2243 2793 1614 7 2660 1325 1970 2394 151 153 765 1040 2336 678 2711 1778 680 1442 1936 517 337 2560 2696 1094 94 1105 1850 1331 1068 1370 778 382 1020 549 779 774 1089 2492 2204 2426 2251 2196 206 800 243 821 416 2005 1174 218 694 1132 2718 1581 975 908 1404 1268 825 2830 1966 2559 1673 490 91 1006 1136 1784 1383 717 1100 568 1854 2723 512 749 19 2697 487 983 1554 253 1110 184 513 2095 2299 1681 1527 2026 343 2551 32
000904.jpg,18 1842 70 1834 2077 2777 1753 1125 2 951 2663 2478 2772 601 2818 2015 1759 1252 2757 2510 431 2622 1557 315 2561 1390 1165 1035 2315 2302 767 1075 277 2702 1460 369 1989 2685 889 1839 522 1747 191 211 1980 2686 1443 1418 2653 2532 578 1767 2276 1938 2624 1905 2314 2323 1391 1114 1845 1833 2667 2161 1413 684 250 2601 1186 103 126 886 1686 1357 2149 1869 707 502 931 2320 688 990 1511 2121 2728 1902 202 136 297 2409 1975 1711 9 1817 2471 2240 967 426 2671 2509
000905.jpg,1752 1545 312 2832 1146 1102 2790 1624 4 2501 2389 1644 59 2528 1926 1656 943 547 1934 817 440 1407 987 221 2367 2300 2044 2082 1316 2411 860 1319 2817 85 1202 950 169 1386 626 2836 556 1405 611 2241 2556 2270 2424 2130 2652 2840 1496 1636 735 1701 188 1782 1840 2069 433 1417 1799 1617 1649 155 2289 518 1737 1489 2538 2454 2272 1640 2837 1092 2628 1381 1190 2358 2011 550 1422 26 161 2713 1710 2515 1437 1948 947 2767 2419 266 2375 2439 1486 2352 2046 1983 2714 1569
000906.jpg,1096 1416 1948 2721 1316 2272 1051 1860 1569 100 2628 2815 1796 2241 1658 715 2713 497 1381 64 2034 48 1496 1261 2556 1617 1218 1586 1993 562 2650 1584 305 1782 2769 2545 2023 1362 2755 747 439 1640 201 1656 2454 1453 2352 1897 2826 1636 51 1490 550 26 260 712 348 2289 1965 1901 1840 2836 1422 518 784 155 2817 1544 440 2309 1045 194 2046 860 1407 817 563 319 947 1663 1679 1029 1623 1328 161 2538 168 1701 547 169 1444 2045 1552 2076 1649 1926 735 2433 2439 2735
000907.jpg,2437 1672 1836 1469 1914 44 376 1447 16 1483 2700 1990 2785 1304 2547 2202 95 483 2317 1178 576 824 1535 2190 983 1749 1713 1620 60 2745 1476 2441 596 2281 1224 1633 1482 2235 1996 291 1176 1732 2030 441 2249 88 1743 2096 792 832 845 47 1147 1300 761 1120 2080 83 683 603 1183 1245 2275 2523 1180 1678 1103 1523 1838 2695 1856 2422 2827 967 132 1116 830 2685 1804 1057 1751 2161 1714 396 1980 2497 2296 862 75 34 1073 39 1593 2518 834 350 1693 2180 2791 465
000908.jpg,1545 1752 2389 59 2367 4 950 547 2840 169 1202 2082 1319 1029 860 2837 2375 433 611 440 1701 2270 2272 1146 626 1386 2289 2148 769 259 1775 2424 197 2069 2556 2312 1253 1649 2650 1316 2011 2652 1799 1496 231 645 161 2046 1617 1486 173 1993 1848 2836 904 1407 2628 735 1552 1444 1544 134 2735 1840 1782 2515 1663 1926 168 445 2707 2439 188 2482 2300 1468 2084 2553 1710 2241 2287 2606 2130 489 155 2767 1901 1428 312 817 947 1148 1624 1414 1636 784 556 659 1584 1422
000909.jpg,712 1328 1489 1663 1045 2454 2241 900 1381 26 1617 1417 1679 2769 1369 1782 947 1444 860 260 1054 2707 1623 348 2826 1658 1710 445 2714 1870 169 2836 925 2840 1640 2130 51 2650 1218 1701 1993 1416 2628 2050 1948 1649 563 1552 562 1422 1437 480 1261 1544 2837 735 1486 2767 559 2034 2011 179 463 2538 100 197 1096 305 1569 2649 2439 2419 1878 188 1983 2713 2076 1208 2721 550 2544 1307 2352 2289 1405 64 943 1051 1796 2397 556 2832 2358 1860 2433 2545 674 2652 1656 987
000910.jpg,1588 121 1132 536 988 193 569 2090 1430 1553 1699 1793 1431 1492 142 429 680 2078 1065 1890 36 1256 555 176 802 554 289 1888 1418 2117 1686 2668 2029 866 2217 417 2743 332 2786 886 901 979 1268 1562 1033 868 1393 2384 597 427 733 21 1053 2415 500 1886 2227 681 571 2108 1499 199 878 2451 62 340 432 2333 1398 361 2568 2077 2757 1266 2808 975 70 2772 2793 1753 2267 2777 1035 2423 893 2478 2380 401 1125 2640 2055 302 1759 1839 24 1390 1952 1236 2143 2122
000911.jpg,2794 654 525 1022 1787 1356 2070 1248 1141 2311 2505 2465 2025 1781 2669 2765 408 192 478 49 113 331 1503 108 1378 1282 936 216 786 467 1435 31 2142 2396 625 1662 245 2429 1465 1789 1274 1024 464 927 1438 1706 52 1612 2467 501 2398 61 2698 363 2137 1140 758 471 383 2061 1780 580 346 2244 999 1317 1822 139 1923 679 726 1655 753 159 1273 452 207 2632 402 1143 2690 628 1831 2164 1918 1967 1829 655 1475 268 356 241 1008 1921 534 1118 805 89 129 1395
000912.jpg,879 1520 234 557 2727 913 1 1366 1572 2607 2633 1776 2844 2399 1619 1025 837 2215 2185 1925 352 1660 2385 1684 46 2431 1816 2092 2139 741 1291 1238 551 2484 2460 1815 2298 1009 1129 267 342 1982 1480 2371 2063 1539 1411 2412 814 1863 2363 2269 720 1159 2524 414 2529 1196 600 264 1191 2455 349 1735 1814 1122 667 2584 2158 1059 1549 2100 1589 2834 2541 1349 2797 969 385 299 1622 1540 2833 226 1542 1947 2403 2635 1694 263 2223 1571 1421 1615 1360 885 1837 867 317 961
000913.jpg,429 340 1562 2423 802 2668 555 2108 142 1890 743 2786 868 2267 681 21 2217 199 2415 289 417 1492 176 554 878 2227 302 2380 2384 1553 62 1430 2451 2568 500 292 332 2029 1390 1418 2078 1398 901 1236 597 1431 1888 2757 427 1699 1038 1557 536 979 1686 886 78 361 432 1256 2622 893 1759 1033 323 1065 1393 2743 571 1599 377 1793 36 2828 672 2117 828 952 569 1354 380 707 121 1399 2559 2421 1754 1588 1851 2038 841 2074 1769 866 2778 1528 919 2578 2163 964
000914.jpg,868 802 555 429 1890 554 142 417 878 1562 176 2029 1888 1492 62 2786 2423 302 2227 289 21 292 1398 2743 1053 1256 2217 743 681 1033 2078 597 2668 2451 78 332 1431 361 1393 2384 340 979 2415 199 886 427 1686 1430 1553 893 1699 2108 2568 1418 2267 500 1065 36 866 2117 432 901 1236 2380 1588 733 1132 1793 1886 1499 2757 1390 193 1557 1759 536 680 988 2622 370 1165 1670 323 571 2290 707 1849 2559 121 2299 2047 315 2074 1379 2788 73 1599 2730 291 1110
000915.jpg,924 2216 2567 96 2554 752 419 20 443 894 761 1677 167 1471 2841 586 1771 2162 2726 2452 1632 2625 2751 1090 189 2037 1998 1927 1487 1315 2823 205 1006 22 1892 1763 1363 2573 1171 1027 2153 1502 2060 1336 2502 620 2249 37 335 1214 2317 2571 2816 1703 953 834 2230 2079 1032 1889 1702 1488 2171 2203 1308 1082 1797 905 1931 2666 2705 2807 181 117 732 2546 1389 2591 1891 2030 1188 650 423 1364 1808 1744 2579 1322 328 1288 2401 300 2779 1881 1738 2346 2169 474 2679 1995
000916.jpg,1038 2421 1041 340 1952 1949 1399 323 1266 2808 865 2786 176 1757 1374 2602 2227 1668 2578 933 672 1754 964 332 2671 828 1329 2798 2640 986 1429 2828 554 377 370 979 853 2839 783 1521 574 2668 2570 640 1910 429 2038 1334 2083 868 1839 2757 2032 1740 123 1418 2520 56 698 2323 2384 2031 2047 432 1596 1074 2108 13 2795 2120 417 1390 2154 289 901 2629 1562 1420 2380 839 2291 2221 851 2335 2775 36 1759 571 1225 1189 2267 2057 738 2622 1802 1049 2115 1696 1333 1145
000917.jpg,1882 956 620 1536 2261 732 1802 2620 1797 1471 1702 2643 1487 1400 546 1260 762 669 2726 924 300 1687 661 2194 6 476 1318 829 1315 953 1083 285 1922 2386 1880 2678 1227 1768 1397 2571 2476 1744 510 181 582 335 1221 420 1488 1336 2521 2448 2079 636 2080 644 2162 1738 1110 1726 2768 2823 40 1153 1482 1995 275 379 2242 327 448 148 2623 115 2203 1180 2160 2168 2474 1426 20 1080 1960 2494 2247 2591 2442 1502 281 1183 2705 876 167 2346 2666 1074 2573 1561 2179 2278
000918.jpg,2185 2529 557 386 143 1684 1440 1925 1694 879 2517 1129 2460 1411 1982 2584 2298 2363 2844 2385 1619 1776 991 718 1863 2139 1480 1549 1807 2468 1814 1366 1589 2607 263 2412 1295 1196 1122 2524 2771 1735 2484 801 2616 2187 2727 1432 2269 1446 1542 2633 299 667 1816 2206 2321 1877 1191 1350 2431 741 1947 2739 2659 2481 2590 1373 2371 1675 267 287 1345 795 2332 1294 2092 1291 2327 2399 885 814 1445 842 264 2063 2581 2833 1522 1660 1457 1887 1514 797 2703 1 867 1520 600 837
000919.jpg,2241 260 1993 947 2840 1444 550 712 1328 860 563 2628 2011 1617 197 1679 2826 1261 2454 1045 1544 1623 1417 26 1218 1489 943 169 1663 900 2769 735 2713 2544 2289 1860 445 1369 463 1552 1870 2538 1054 1316 2707 1381 1422 1878 1656 2424 2439 518 1782 1190 2375 1901 433 562 259 556 2050 1486 348 925 440 1658 201 1796 2817 179 51 1649 1051 1437 1307 134 1405 1710 480 2649 1468 221 305 2837 2721 645 2515 2397 2088 439 715 1983 2714 1788 2130 2046 1640 769 85 1407
000920.jpg,1752 1545 2389 4 59 1146 547 2082 2367 2270 950 1202 1319 1624 2832 312 1386 626 611 2069 2790 1926 2300 987 1737 556 1102 169 440 860 266 2501 817 2652 1701 1799 2840 1316 188 85 1636 2837 613 943 283 2528 2424 1649 1656 1496 2148 221 2477 1644 1934 826 161 2272 1407 433 2289 2312 1840 1468 1544 1190 2241 2419 2556 1029 134 2046 1405 1486 2836 259 769 2515 2011 155 1617 1453 2439 2375 2767 1092 2628 2538 1983 2358 900 1993 518 1489 2044 2817 2411 1775 1414 735
000921.jpg,2600 1705 942 2085 1681 2458 487 966 2543 1384 1331 1695 1000 1614 1853 2262 791 2660 1739 1673 1495 2664 1290 199 54 2596 361 1002 893 50 21 1398 360 2369 1978 852 1893 1508 355 2384 2026 1031 542 1017 1770 114 631 289 1518 710 1287 2259 1033 2451 566 432 302 886 1442 186 417 921 2723 660 1565 2282 2559 62 2064 337 908 243 512 2647 681 2257 1686 332 292 78 2782 2803 1152 1105 2618 1370 1562 2668 2108 2469 1920 2696 1396 1779 1784 1717 392 1890 597 731
000922.jpg,2558 2728 165 1874 2766 2825 1944 447 1055 2435 2207 692 2057 2292 725 1899 137 494 2294 647 2135 1825 2741 146 116 2683 2639 2526 1126 1606 2736 2813 1130 2719 1940 1212 1056 2319 1463 2220 1935 1223 1931 899 2708 2291 1076 2382 1937 482 1841 1185 2506 491 1592 2041 948 2569 2580 1433 2286 362 939 140 804 329 2438 1547 1868 1777 97 1452 1962 442 574 2842 2248 1075 2704 1892 202 1464 686 2393 2436 1986 682 790 1771 2036 2089 1134 204 2598 1677 2757 1639 1067 2305 657
000923.jpg,1702 1083 2643 6 759 2194 620 582 2261 181 732 285 546 661 1260 1221 807 476 1797 2278 636 2171 2346 2816 2666 2168 2807 1188 42 37 1536 1318 1882 1891 2043 650 2810 1227 1916 2313 922 1858 1856 1723 475 122 468 2441 353 1515 669 2827 1108 310 1283 411 894 1364 1768 510 95 2571 96 1476 1251 949 2048 596 1456 2554 586 2720 2761 1176 419 1763 2162 407 2111 40 1603 644 236 132 776 2036 1488 482 2521 1743 1570 2425 2831 762 1336 2190 2726 1093 2733 844
000924.jpg,1576 1276 2461 2418 57 210 793 77 1716 1034 2662 704 2229 1377 1859 884 2155 1292 1861 242 1792 280 170 1930 1665 82 1348 1580 2703 2581 934 158 287 470 1653 421 514 1345 857 1432 1030 2659 1551 2206 1392 1575 1358 2327 1234 228 2174 801 1193 798 2694 1494 438 185 1072 2004 1350 570 1522 880 1857 1877 1086 1043 294 885 2739 1887 1675 842 2332 2321 2189 746 2198 2127 263 2187 130 2039 1724 2125 2456 2356 2588 1457 2002 1071 656 2513 1758 493 1947 2330 2123 2590
000925.jpg,1224 1559 1713 832 1180 1786 1116 1257 1971 1672 2437 2281 1836 1178 1990 777 39 1106 1996 2129 1561 926 2700 1091 1357 1693 564 1346 1714 1482 751 2000 824 230 1818 1914 1447 1361 60 1593 2785 91 44 291 2235 1535 1451 683 1176 2242 1985 2016 581 2547 2579 2149 1838 2180 2202 1353 2523 1601 47 2288 1980 2381 803 1334 765 1620 2190 2656 1869 76 16 2422 132 1523 465 737 2542 2296 1469 341 1476 1743 1678 2114 1732 2275 614 2490 603 792 2495 2161 1120 576 407 617
000926.jpg,2757 1390 2057 2809 2622 2708 1759 2719 1874 1557 494 1075 2291 1473 574 1406 1721 682 2435 202 1055 2438 2294 315 2509 2507 1012 1223 2728 997 1810 601 1001 1876 2121 692 1165 2583 249 67 1899 70 482 447 2315 2741 1944 2683 2077 18 627 2350 1842 1753 647 1834 2302 1904 2491 368 444 1555 2772 1592 2478 431 1125 2 12 1769 1185 2598 1433 2436 725 2207 2580 146 657 2143 1452 1725 2777 1597 1777 1931 1937 2663 607 1252 634 2813 426 2015 24 1613 1868 191 491 677
000927.jpg,2252 1179 1583 2491 1578 2682 841 1063 118 1769 1579 1651 919 2778 1531 1977 748 887 639 945 998 1354 952 2328 1920 930 9 916 1791 2723 227 567 2647 1470 819 1667 114 2792 2097 2042 982 1770 1851 2065 517 1585 2575 2310 928 1368 492 2026 2379 1367 382 2729 2225 2711 1657 1211 566 778 2349 2459 1528 1970 2488 763 311 1154 875 515 997 512 579 1210 1239 2757 2660 808 1854 25 631 923 2507 1904 513 1473 2658 1759 1074 1507 1209 2436 2093 2550 7 2622 1721 2601
000928.jpg,961 1571 124 616 1698 1618 1341 1607 2372 591 1215 1564 2223 912 1652 195 1812 2208 573 1129 2205 2675 2100 2801 41 2738 600 1988 527 2131 2253 1409 1828 1837 2138 1264 1724 642 2692 2231 2758 716 996 665 17 2835 1994 2530 2635 1491 1181 1060 1112 2338 166 2255 1278 570 1509 651 1925 1540 237 405 1095 846 2063 741 1446 2327 1101 879 1619 2385 2444 2431 2399 1803 1258 1684 345 1059 2590 2298 1069 2771 1349 2340 1338 127 2246 317 1863 1664 2266 349 1421 1 1375 2486
