2152 2502 1365 1371 2141 1866 214 909 785 2263 621 2751 84 1525 2348 183 941 1605 1139 150 1280 1953 1171 2567 1987 106 2841 22 171 815 2623 1927 1214 1084 1602 2109 189 1632 43 2060 96 1661 1032 2678 2401 2554 481 894 2572 419 2503 2188 2153 1251 959 2612 2197 45 2562 1596 2720 270 2498 1283 971 1458 244 1364 1108 2182 75 949 2115 2056 2386 1004 2522 1198 2160 1726 2442 387 198 2831 1802 2608 957 762 644 2677 60 2497 2591 2760 2737 1064 1288 1760 1363 940
2528 1656 1102 1644 2817 188 1934 2411 85 2044 2501 1624 2790 2832 312 987 817 1926 611 943 221 2300 1319 1407 556 635 1405 547 1386 2082 2270 2574 2397 1092 1190 259 1552 606 2724 1484 2419 224 712 2670 1208 1029 2762 1983 463 977 2424 2344 1835 2544 1173 1582 1146 1666 2003 1222 2599 2307 413 978 1617 1627 2133 1674 1356 2800 2325 2652 1501 110 2626 1700 2311 559 278 1307 703 1422 675 2779 111 1203 489 1428 1711 2105 1248 1011 1729 1150 1435 1584 2480 178 1505 525
434 937 410 2549 1516 1079 2364 811 2746 1005 2730 544 2788 2290 112 365 1311 2219 709 1783 749 1131 1110 1670 1794 673 1133 605 593 2151 2299 1966 1040 1379 1325 338 538 1243 1466 730 870 1068 435 648 2341 1424 248 94 1634 1454 1546 336 843 717 2830 883 568 610 2377 1309 1968 821 1573 1455 186 535 2697 1020 2560 2251 2095 2005 253 1581 678 1498 2417 800 1527 881 1850 2680 2196 1707 1526 855 1142 1871 257 2516 1779 2145 2519 1007 1913 2331 1174 2006 2609 1731
12 1473 1721 1876 2809 140 1868 1452 2580 608 523 175 1472 2598 2657 1018 2716 2402 274 1185 444 1972 1931 1746 508 505 2552 721 1439 1275 682 1899 627 1027 553 1706 125 2435 482 1592 2061 968 2762 994 494 1831 430 526 561 1026 1655 671 532 252 28 2683 464 534 2144 1039 1829 2119 782 788 1777 255 89 412 2017 146 2057 1390 2569 458 758 655 1613 1647 858 278 711 864 68 1335 162 2438 2499 2316 2283 2181 2436 113 200 1182 1961 2055 1874 1692 2557 637
1801 1590 1971 1137 2555 1093 1727 1749 483 407 2277 1257 1996 240 1785 1228 1300 93 2784 1044 2058 834 1353 1087 1091 1631 1593 63 2242 576 803 895 1898 777 1161 1178 766 1883 1561 2579 2785 2249 465 2759 789 1019 1277 1914 2238 2437 328 761 1346 1847 2022 2422 614 1856 34 1513 2700 2523 581 2000 1683 1389 2317 1166 2114 898 1786 2546 1476 499 617 2504 2745 88 374 1672 1836 44 2409 2202 412 1483 291 1990 2072 1115 2129 643 824 95 2066 230 1224 346 2634 1021
2545 2034 1796 64 48 100 715 1569 2721 2433 439 305 1640 51 2713 1860 155 562 201 2309 2376 1490 1453 1901 1316 2650 2817 2528 188 1584 659 1644 1636 712 260 1496 2826 168 1624 925 1369 550 817 1782 1656 2411 611 978 2836 2088 1840 1051 2649 1422 2631 1934 1878 1381 663 559 1046 1362 1897 899 2652 1658 1319 26 1606 259 2501 2419 2007 563 1965 1092 2815 486 1899 1948 2358 1262 2556 2790 2135 1617 1218 2628 518 1416 556 2741 1464 1102 363 784 85 480 1848 1011
767 277 1443 1938 2686 889 1833 1747 2496 1460 369 2532 211 2702 1989 1980 2685 2315 770 2510 431 70 951 2818 1320 2478 1834 2015 1125 2077 2777 1753 1252 2302 1557 1548 1608 2561 1165 2772 1831 1842 1340 1275 1568 430 927 1730 464 331 2 455 268 2622 2634 997 2715 655 1390 2757 191 412 1929 1008 1655 346 1303 788 2632 125 2663 2755 315 2142 1472 1972 2687 1706 113 840 2232 643 1262 295 2244 990 2407 721 2402 1293 1822 999 782 131 389 2301 1026 758 822 1048
297 2624 1845 1235 103 1323 2601 2471 502 990 688 2276 126 1186 578 1340 1391 2314 1767 1608 1413 684 284 1908 848 1720 1821 250 1975 903 1830 768 2388 931 702 1114 65 835 1107 1310 522 1254 1512 2667 331 1831 999 927 2759 803 655 1275 721 1465 1706 464 2236 1692 2687 962 534 1972 1472 2061 2402 455 1655 780 2429 1756 225 1140 726 2062 125 936 1018 1916 1506 561 1232 1612 2698 430 1912 2316 478 1647 1008 1730 2244 2407 1475 1563 1918 806 61 782 68 1715
1659 327 2303 1205 117 1198 1979 2791 1184 2494 2203 275 2573 1687 2030 1922 23 1502 1080 1400 2179 1084 1525 2620 2623 2572 2263 2222 1280 510 594 1738 1641 1371 2678 2768 420 851 2521 1397 167 1488 148 2245 20 1960 454 953 1423 907 2726 40 2162 946 1113 1471 690 1487 1726 1199 543 1744 924 1616 1602 1263 265 2115 629 1425 1954 2751 466 375 2762 1137 425 125 905 2348 474 1026 39 278 1262 455 1232 2132 1334 2599 1326 2124 788 1225 1568 1813 1582 2142 2014 2154
2380 2267 743 1236 1430 1553 2217 1699 2415 2568 1256 427 1886 1793 901 569 2423 2047 1189 370 2090 323 340 2421 121 1038 193 988 1754 56 2032 332 2671 1041 571 2735 1272 2520 13 2539 2629 2210 1949 2221 640 429 2078 2031 2668 1070 1429 554 1616 1492 289 176 2333 536 828 1053 2120 1477 878 2108 681 2038 955 1521 377 1065 142 729 1787 653 1431 2693 302 802 2798 555 1317 839 2505 2465 838 408 1888 92 580 292 437 361 432 1890 1050 21 2786 380 31 296
239 2091 2164 2794 1781 449 113 654 1356 27 2311 525 1505 625 1435 1248 1127 1168 1299 822 252 679 2137 216 383 2669 245 49 838 2070 2025 139 61 1274 1598 209 207 408 1141 2280 2279 1829 653 1282 1780 356 296 1787 192 2173 2809 1140 1011 2232 2236 2053 2531 721 752 1037 225 1475 2402 1647 1124 1472 2396 1568 1972 2061 1187 331 1967 696 1635 430 858 2693 782 1921 390 268 1216 1018 1317 344 1008 2406 295 1715 1648 580 1843 1961 805 33 1755 799 734 314
2019 924 1288 2550 1363 1507 1703 575 107 1669 1104 31 55 200 1220 2017 1620 113 761 897 618 580 2316 771 397 1044 2641 2216 2770 1026 2176 840 1568 1692 2398 643 753 1273 108 1293 2715 1852 1021 2137 858 235 1598 2604 1662 1472 1746 430 331 728 2634 2687 2774 326 1961 1941 968 225 655 1039 89 1275 2232 141 1829 806 2716 1216 1435 2311 1461 1612 471 2567 1018 138 788 1182 534 33 216 52 523 159 1621 1729 2429 2191 2806 1262 162 455 1321 780 389 1097
1434 1298 1004 940 2112 1343 75 2737 1760 1712 198 182 1103 783 949 2497 60 1999 1304 149 1019 954 1685 1113 2744 1733 1867 1722 1849 1197 2390 2542 1529 1590 424 1535 1333 1269 2354 1277 895 2058 93 614 1346 232 291 270 520 2016 31 19 2566 2406 1874 2555 1727 1336 1661 2152 1283 2116 580 1568 2402 1693 1262 721 455 326 682 1749 2010 92 1648 707 1945 45 2062 1011 2571 331 1961 366 1223 1187 1647 430 2715 1143 1166 2025 1013 655 2522 2232 159 618 1137 2053
2070 1141 1506 2669 61 1780 2025 192 383 654 525 1924 49 1781 1505 1274 858 1787 2794 2091 2164 252 2311 245 625 679 207 216 1356 225 1127 239 1435 1248 139 2470 408 455 1282 2396 209 838 2280 113 2173 356 296 449 1168 1299 1598 822 2137 653 27 2232 2279 344 2565 1216 1555 1262 696 1612 1140 1124 391 1568 1037 2053 2698 1843 331 268 2531 799 655 1011 1635 418 2693 1275 390 1481 33 1875 1477 1967 1829 1273 1715 1317 1918 52 471 726 1024 1438 2236 2301
1310 1254 1107 835 1512 284 1908 702 768 65 903 931 1114 1830 1720 1821 1104 848 1608 2471 990 1669 2601 1340 1507 2550 502 297 2388 2136 103 2641 1323 1975 55 1315 250 1907 2079 2579 575 1044 728 1235 2176 1013 1336 2160 2595 1186 2276 1277 397 2604 577 2759 1620 1767 1194 1458 834 2277 216 997 2507 856 1244 1662 344 1220 1465 935 581 1363 462 2687 1216 1275 1286 2831 2823 753 393 1327 561 2212 2429 412 107 108 1568 1273 643 806 464 309 1845 2311 271 1288
1792 2418 1580 57 280 1234 2174 210 1034 1861 2125 1392 570 793 1930 2461 1859 1276 2456 2004 1665 689 2374 2327 294 1072 2330 1758 1358 2186 2229 1575 746 1724 2838 1375 1664 756 704 1279 548 421 422 493 133 77 2694 366 1947 797 976 857 228 859 1196 1765 2039 2155 2590 349 2332 2672 1030 1551 1457 1350 1716 801 1776 263 656 884 1887 2356 720 1877 242 1229 2659 885 1377 2123 2739 1043 158 583 2206 185 1348 1576 1292 2198 170 2321 1191 798 1522 1193 2184 880
2464 2725 509 1889 2404 2457 5 1766 609 1515 957 844 2448 1696 244 744 2115 2128 1616 1477 1556 592 1637 520 1945 1061 2124 232 375 1602 19 498 1326 473 466 388 1426 2014 163 2109 425 2366 306 2751 1953 2508 1269 2566 2348 424 2354 80 119 2169 1744 1296 1904 22 214 43 1529 2744 2390 1383 2572 2197 941 1171 1880 2567 84 2056 1214 1866 1757 1722 1139 2726 430 882 2351 815 2182 909 331 2507 1733 1829 785 2706 1335 2591 1987 1293 753 999 1108 1475 2398 1754
28 238 2479 1563 1532 2250 2099 849 505 330 1708 532 2819 354 2500 458 2181 2191 2557 671 313 2028 152 2365 2742 1896 1680 2322 2193 1339 1335 734 696 523 972 2674 81 1741 1704 1956 1376 847 1827 2119 2689 2716 2283 120 705 2370 587 175 2552 2052 2592 2228 602 2681 1332 1111 633 2177 2534 772 740 711 1746 503 92 2237 2527 2597 1543 1961 2144 1010 261 1873 1297 771 2814 33 268 331 655 1262 1140 726 1011 1037 1875 1275 927 464 2407 1124 455 2142 999 53
1496 1636 2556 1316 1840 1965 663 2272 2815 518 231 1381 1658 2241 2628 2836 1218 1782 1362 1051 1752 2439 1897 1586 2352 497 440 1261 1544 712 1146 2046 2553 2767 992 194 155 978 1948 168 1123 1045 950 1096 1148 965 1416 2300 2713 1422 1617 550 51 1649 2826 947 201 1878 563 1860 173 2376 2050 735 2433 59 260 1437 2837 259 547 1092 559 2419 1640 1414 2034 1468 900 1901 674 2652 872 2069 659 1369 817 1428 1486 2832 169 1307 2840 1046 1848 1117 100 1208 2538 2367
1816 1366 1660 1480 2607 2633 879 577 147 1629 1025 2269 557 1735 1925 1619 352 2576 385 814 2833 2092 867 551 2460 2139 299 2776 2797 2431 1982 160 428 2371 1549 1539 2094 1863 2363 2710 2104 2175 273 1078 1530 667 2844 2595 641 1069 127 2524 342 2758 2727 2385 2403 741 1242 1607 1059 1373 2771 2399 1341 307 1803 1295 685 1167 1355 1349 166 1 262 1520 2738 1814 888 2213 1807 1862 2444 991 1421 969 2226 1811 1509 226 1815 2648 1524 1618 913 537 234 837 1572 264
540 1346 1535 617 783 1161 949 1847 2441 1513 2827 832 1773 1561 1856 2542 689 2639 1019 2737 291 2111 647 1795 1631 1004 1343 450 2202 1103 407 63 983 310 2785 940 1914 2683 146 303 1772 723 1093 2248 1999 2745 1785 2190 1359 462 280 2242 2112 1874 2129 2813 539 574 2585 2413 1464 2374 1749 2291 2017 1482 2393 1223 207 1506 198 849 1434 1639 1665 2382 57 618 558 2057 1760 2116 766 135 1141 61 2513 1692 1780 1693 1918 455 1091 346 1298 192 793 2456 2838 363
2495 230 926 564 1091 76 2288 39 1357 1996 2281 777 1818 1180 1786 1971 1257 2224 2489 1538 2699 1846 739 2247 2324 2493 2114 1106 989 1804 1036 2000 614 1353 636 1536 1559 1152 751 1318 1087 862 782 1719 1593 2807 946 2204 455 2239 1018 792 1026 2278 1137 1262 2443 108 1568 2073 2296 2505 2465 1781 1304 125 525 1482 654 2091 2053 1912 1297 1523 653 2794 1476 198 2398 1662 788 318 2311 917 2062 462 2054 138 449 576 1751 753 1093 1831 33 1692 2164 1293 580 2236
2512 222 2218 1504 1305 1436 2362 2355 1911 1052 2691 850 1638 2450 1806 1736 755 2342 1790 935 2750 1098 2645 1933 2201 1321 2156 836 2432 2096 897 2071 1709 796 144 2420 320 2587 595 1479 208 1510 1682 453 981 1628 1704 2469 2126 2687 580 399 159 1275 1293 401 2074 461 326 1676 1023 721 1097 1143 2163 1335 225 653 1141 2318 1273 1822 1972 2698 331 711 1599 1506 477 2402 2017 1692 2773 1339 1717 33 2829 2025 31 61 1118 2655 532 455 2055 207 177 412 1216 73
1146 312 2832 987 2300 1752 635 1102 1407 1405 2501 1624 221 1934 4 547 85 2790 2082 556 2270 1656 1386 943 2817 1545 1319 611 626 188 1926 59 817 1644 2411 2528 518 2367 1799 1092 1202 2389 663 950 2044 1737 440 1636 2148 2419 1840 1422 550 2397 977 2836 613 735 978 2574 2069 1496 2556 2424 826 2767 2840 1190 1486 259 2312 1316 1172 2652 2606 480 283 1148 2538 712 463 1782 2544 1617 2826 1468 2837 1262 524 925 1582 1552 1700 1208 2378 559 169 904 1307 2010
757 1728 1231 754 2021 2756 2320 2533 1149 293 1533 29 2673 286 2172 218 2024 24 2430 1719 426 2787 967 1689 1597 2143 634 1804 853 545 2638 2277 1394 529 962 2054 739 395 646 251 1883 304 572 2178 1353 2644 1175 2323 1801 1312 240 1230 2066 364 101 1427 1798 1951 1898 252 898 1334 2113 213 2040 1299 1556 1168 1213 2784 239 847 2759 1274 485 2280 1024 525 313 671 2546 1296 2472 1896 2381 1435 696 968 1306 2091 1827 734 1182 2674 625 1558 679 2311 245 1829
2821 2407 346 1220 753 2398 628 2467 2690 1022 108 478 1378 2505 2465 1008 402 936 1048 504 363 467 758 1918 430 2301 471 1438 2765 2634 2611 1039 655 1692 89 389 786 840 1662 52 643 138 1465 1026 2244 331 1481 1730 1303 484 780 418 2059 2429 534 999 806 344 1011 452 1275 561 53 412 1612 2632 726 2687 1024 1503 1018 241 782 1475 1929 2142 125 2062 1568 2236 2531 1472 268 2806 391 290 1124 131 788 1140 1648 1273 2715 2470 2698 501 1932 1912 2285 1395
686 1899 2057 2580 494 2291 574 1777 2435 2436 146 1874 1185 2683 1223 329 2639 2813 647 2248 2598 677 1076 657 2286 1452 2708 1937 1639 2382 948 140 804 682 2393 1464 1868 2438 491 1592 2569 974 1944 2766 2728 2294 2719 1055 2319 447 67 692 2583 1439 627 2825 2207 1810 482 725 2509 2292 1067 137 1212 2736 2068 899 2121 2741 204 2558 249 1473 2809 1012 2748 2135 1787 359 2051 125 145 1931 2350 2842 1126 1501 1018 2183 430 1606 202 1001 2815 79 268 1075 2329 1582
196 353 776 98 2474 2067 585 1643 2081 1625 1819 910 1864 2353 1963 869 2462 2103 701 2361 2256 1042 233 2334 809 1831 1600 69 1655 1402 2232 1124 2236 125 1465 268 1475 2429 999 758 389 2062 2244 2687 1706 1941 1140 464 1755 1787 927 1275 131 1339 505 108 653 1026 525 484 788 2059 1730 1929 455 1932 1472 1262 721 2505 2465 1662 871 2460 276 2740 805 1395 295 1293 1039 655 225 138 696 534 2053 2611 786 1568 331 33 290 252 1378 1024 1037 726 1612 1692
726 268 1875 1275 1929 452 1475 2236 131 1730 999 331 2687 1843 1024 295 2531 2806 2301 2285 495 484 2565 290 2059 2142 53 1829 1011 1941 1789 2053 464 1706 927 1124 1037 1831 1503 655 1655 2715 1273 33 2765 2698 806 1662 1140 1500 1240 2429 241 534 780 418 2244 1465 314 1008 1216 467 391 389 1481 455 344 786 430 220 52 363 1967 1568 1635 390 2470 504 1438 2407 840 758 471 346 2062 1918 1039 1262 2634 478 1378 324 2316 2693 1813 1062 1050 501 1715 1932
2414 1177 1104 1669 107 2550 2604 2641 1507 2176 55 728 397 1194 575 2019 2754 2080 1691 1482 845 373 2395 2383 1523 441 1016 2326 2695 584 462 1028 187 2233 736 2360 2733 457 2254 2234 2159 2192 1120 1467 1690 1517 2106 1244 1734 2780 2136 1626 2239 2637 469 2297 32 1382 1147 818 379 2345 1014 2651 1372 2752 1259 2621 2804 2684 917 2518 2630 1959 2805 393 1601 2447 2525 1450 920 2347 1919 1832 2033 902 1192 2368 357 2073 2605 2036 2701 1809 1678 876 2211 541 279 796
12 1721 1473 1876 2809 140 1868 1452 2580 526 864 608 274 994 508 28 1931 494 1777 2683 1899 505 523 1275 2438 2435 1472 146 1185 430 2057 2220 1942 2708 682 1439 295 1475 2291 271 2598 705 1335 677 1563 252 2236 1771 574 788 125 2557 1874 1929 1018 1831 2569 2191 2806 2479 1892 444 1677 1026 225 1692 2250 2025 455 482 2051 2062 1124 999 329 1592 655 525 2164 458 1011 1037 2286 1875 2402 2059 1056 2611 1708 1532 331 239 1780 1647 2499 1730 2436 671 721 2687
2269 299 2092 2576 2833 2139 2776 428 2797 2371 2844 1982 1549 741 1925 667 1814 1735 1619 264 879 837 1009 2385 262 888 1373 641 1122 2771 1863 2403 2484 2455 1815 226 2063 160 1295 1816 2731 2175 1366 1807 1589 2100 1159 403 1622 2189 352 2460 846 1629 1571 557 1480 1509 1539 642 2486 1530 1078 991 2412 1 307 600 685 2727 1660 1524 2811 577 1025 2255 1520 317 2215 2431 2213 2633 349 2094 2607 1338 267 17 1421 2399 2158 573 1862 2710 867 2363 2738 1060 1238 1291
239 1435 1248 113 2311 625 1356 679 2164 2091 2794 1505 1781 525 1598 822 2137 216 252 654 27 1141 2809 1299 1168 2070 858 449 383 245 49 1506 2669 1780 2232 344 1127 838 2279 2280 139 209 696 1262 2173 455 653 408 1187 1612 2470 1037 2025 2531 356 1568 1140 192 1829 33 61 1018 1282 296 2693 2396 2236 1472 1274 1124 268 721 1647 782 131 1875 225 290 1961 1011 1275 999 534 806 2053 2406 1924 2017 1787 331 2316 2402 1648 495 207 1941 655 1972 2429 1475
2141 183 2152 621 1987 1365 909 84 941 815 2502 481 171 959 45 1371 785 1866 2056 214 2182 1251 2522 1064 2263 2760 1364 2608 236 506 1139 270 565 2503 1283 1288 1703 396 2401 2048 2761 1768 1605 2612 1363 2216 1286 43 106 1108 2720 1525 2831 2348 244 2751 2841 1032 2188 2705 189 1596 2197 1953 1802 2562 387 1927 2060 2677 2115 1458 2498 2425 1844 1560 398 1084 1280 644 2442 971 957 1616 150 2567 1171 509 636 2688 2386 1632 1536 1880 1602 844 1018 1217 2627 2807
2011 2707 1679 1623 645 1054 1328 1444 445 1663 947 1649 2840 2837 169 319 712 735 1782 1029 2836 2767 2050 1552 1045 1617 2130 440 1422 1253 2241 1381 1993 1544 1658 134 179 1261 155 2628 1218 2439 2352 1640 900 1840 2287 51 550 1051 463 194 1307 1897 1860 1416 2133 1710 1486 1948 1208 674 563 965 305 2419 1369 1437 2631 260 2046 197 1362 1586 1489 1777 2708 1452 2580 992 2649 1417 497 1096 1185 1123 2482 2076 562 624 1757 2088 1868 906 769 657 559 2272 2650 140
1113 2194 2572 2261 1371 482 1084 647 1223 2569 1874 1757 594 2678 1592 1616 986 2683 2025 2639 580 92 682 327 225 455 326 661 1280 2571 2115 207 1011 2053 31 61 491 2057 1787 629 2806 192 1262 2291 1687 653 574 2402 1221 2687 2396 356 295 331 1216 882 275 159 84 2464 655 2197 2494 2263 1647 1124 721 1865 2438 1293 1525 941 261 1282 2278 443 2343 1987 244 504 2503 45 418 2690 1275 346 1568 1477 838 146 2669 2236 2119 1018 494 1635 1097 1612 2764 670
2291 2057 574 494 1874 1223 2435 1899 2683 2639 647 146 686 1439 1777 2183 1185 657 677 682 491 2813 2708 2438 1592 2569 329 2580 948 2248 1937 1639 2436 482 2598 2286 2393 2382 1076 974 1464 1931 2526 2220 140 2051 804 939 1452 1868 2089 2704 255 1433 2427 2445 2499 598 217 1555 444 274 368 526 864 1275 2806 295 608 92 2053 580 2687 159 1892 28 1127 331 1330 326 1124 1274 2719 655 790 1725 1216 1942 1771 2557 1293 503 994 2062 1692 1182 430 2025 2236 192
463 197 1993 1029 550 1422 2375 712 2767 1663 1617 1045 2631 2840 2050 1552 1489 2837 1782 2836 735 440 169 1701 1710 1369 445 179 2454 2649 1417 433 860 134 2130 1649 26 348 1840 947 1788 51 925 480 1486 2769 1092 2397 155 2082 1328 1307 1444 900 2289 1870 2241 260 518 188 1437 1381 2419 547 611 305 259 1983 1319 978 1658 2650 769 1640 659 559 1208 1172 2270 563 1544 319 2574 2826 1428 2200 1386 2544 2133 674 1054 2010 2714 1148 663 906 1218 556 2358 817
2171 2043 2666 650 2810 2816 2346 1916 475 807 1723 1891 372 759 1260 1697 411 2841 1603 1570 820 2643 6 1702 285 468 546 620 732 1188 1221 181 1541 334 750 582 1153 1083 922 1865 1797 1858 1139 829 1761 298 980 1456 2268 1884 1763 2313 2118 1227 2167 758 1018 1932 1912 464 1882 2634 2387 782 1706 1711 1281 721 389 1972 2632 456 129 1610 927 1048 799 1026 2402 2611 1062 125 1395 2407 501 1756 840 138 1465 956 1472 1831 1813 1923 324 478 936 268 780 788
1656 1102 2528 2817 1644 85 1934 2411 2790 2044 1624 2501 2832 312 188 817 943 1926 987 221 2300 1407 611 1319 1405 556 635 547 1386 2082 2270 2397 1146 2574 1092 2670 224 1369 2724 1437 2344 2307 1484 463 925 4 1752 978 970 259 2800 712 1208 606 283 1835 977 2419 2762 524 2200 1151 1700 1627 1190 2544 1468 1313 413 659 1428 59 2358 1501 2367 2606 1173 2649 347 1414 1339 1222 2214 2826 26 1983 831 128 1342 1582 489 2779 854 1737 351 2652 1307 409 1666 1902
1140 430 1037 1829 1187 2279 331 1124 2053 1011 1647 2402 721 2061 1972 1274 655 1921 1648 1008 2406 1395 1216 1317 1303 1756 27 805 1755 1967 1635 2531 390 799 1715 1568 2236 561 1472 2693 220 1050 1612 2301 412 1475 2407 314 295 1024 344 2765 391 2698 2806 1273 455 1918 268 1275 1730 936 1127 131 452 1875 1843 653 31 1220 726 1168 1299 504 753 2398 1018 580 1924 2715 2687 1293 478 782 1929 326 2565 159 1262 1097 2285 346 2505 2465 758 1822 1692 1143 1118 471
2843 257 288 1871 1731 1138 2613 2516 1800 2609 1645 1526 416 2145 406 1779 1707 1325 1442 1511 1969 1385 1007 1068 1992 749 730 519 2730 1005 2290 1174 2417 2492 673 774 2005 2746 678 1913 2299 2364 593 112 435 2006 2196 410 1968 1966 855 2377 1379 1466 2560 544 1142 2788 2251 1794 937 1581 2102 392 1783 365 338 2697 1094 1527 1020 2549 1079 535 2830 2243 1670 2151 1936 1311 1040 2680 301 1243 336 811 1455 1131 2519 1573 1309 1850 1634 870 881 800 434 821 1516 717
1083 582 546 1702 6 2643 620 732 181 1221 285 1797 759 1260 468 2476 1697 807 2807 1318 1139 1570 636 2425 1882 1891 1858 2313 2278 1188 411 1536 1380 2194 922 661 973 2261 2816 1723 2167 669 42 2268 1610 2171 1692 1768 2118 475 1865 298 476 1018 936 448 45 1763 1456 2043 2465 2505 1015 782 387 1227 758 644 2346 402 1472 2056 829 2611 2690 653 1647 1048 721 2467 643 389 363 980 1662 2720 459 108 2687 1251 1438 2048 1560 1064 471 2688 346 2398 1108 2402
848 1830 931 702 1114 768 903 2388 65 1767 1107 1608 1908 284 2471 2601 2624 1845 297 502 1720 1821 990 1310 1235 1340 103 126 835 1254 1323 684 1512 250 1975 2276 688 578 1186 1413 1391 2314 522 2667 2056 962 2759 973 721 315 331 225 999 1465 2402 2061 455 1647 2062 2687 2236 1692 45 464 1972 2182 1472 1221 1706 927 1831 92 534 726 1506 68 1026 236 2429 5 1275 655 780 61 1961 2228 1921 533 525 461 747 654 125 553 1141 968 2608 1140 1955 936
1548 269 1443 1980 1833 1732 277 676 44 1073 2685 1747 83 786 1465 2232 1822 889 1293 2275 2518 2686 471 324 1929 1662 1730 580 1568 1483 1026 780 1749 2437 456 2687 2244 2396 1363 1787 2806 1275 295 1831 1447 501 31 1438 654 339 1216 192 1923 1692 125 245 1277 363 1836 1813 1469 2634 788 1481 2053 927 1865 1450 2059 108 356 1281 207 2794 402 1097 2429 1435 2311 1037 52 1912 1789 455 1711 1143 1118 1356 1655 418 61 1282 2467 504 872 840 2698 129 326 2261
1697 759 1260 807 2643 285 6 1702 620 181 732 546 468 1221 1797 582 2268 411 1570 2167 1083 1188 922 1865 1456 1891 2171 1284 2816 122 1763 973 1858 2043 475 459 650 1916 2666 37 2346 1723 2476 2313 1610 980 2810 1884 298 2118 372 448 1090 1082 1015 1285 586 1308 2425 229 2807 1882 820 1139 1318 2841 669 829 443 636 1603 661 1227 2194 2706 2261 476 1153 1380 956 2468 1761 2278 1006 1536 1560 1048 936 758 1018 721 653 1647 2061 108 1537 2465 2505 138 1395
1532 2099 330 2028 2479 671 1708 2557 532 849 354 1704 458 152 2819 1896 2742 1563 1956 313 696 28 1339 2500 505 1335 2191 972 1376 2674 734 1741 238 2365 847 2181 2250 2228 81 2119 1827 120 2283 523 2370 2177 587 2689 1680 1961 175 2322 705 2193 2716 2681 2552 2534 503 2592 633 1297 2052 711 2527 533 772 602 1111 261 92 1332 1021 2597 618 2814 1746 2017 1917 200 2062 740 2316 2773 33 1543 109 653 2199 1262 1010 125 838 2232 1781 580 449 2053 2794 1873
1113 1371 1280 2503 1084 2572 1987 2720 2263 45 815 2115 183 1144 2194 84 636 1525 1616 1458 1866 941 2197 2056 2678 482 2761 957 1198 275 327 398 1960 1064 2571 2569 647 1536 574 2291 2494 2522 2245 171 396 2261 835 2278 621 783 387 1032 1687 2182 281 1318 1874 2160 244 2464 2448 481 1018 851 1223 1641 1592 1336 1477 1139 2608 40 629 2057 2807 2216 2498 1217 236 1365 1315 2303 2751 2683 2438 2760 661 509 2639 2141 2806 2062 1596 1199 270 1286 682 225 1013 2831
2769 348 2454 1369 480 925 26 1870 2649 2714 2538 550 179 663 1710 463 1701 1489 1861 1453 2375 1392 1417 756 2840 1358 421 518 57 2004 197 2125 2155 712 366 260 524 1490 793 1665 1633 1859 2419 2397 2694 77 1345 1983 689 1276 305 746 168 1092 970 1930 2123 1901 1580 228 645 1172 1758 2456 704 2327 2650 2724 514 415 1279 2358 2574 2461 1292 559 1575 280 58 860 2418 1486 2035 1029 1437 2581 1193 1765 570 1569 880 563 242 48 2826 1030 2206 259 2721 1034
540 1346 617 1535 2542 1561 832 1161 1513 1773 1847 1019 2129 291 63 310 1795 1693 1343 2827 2441 949 940 2242 2112 783 983 2737 1004 1590 1631 2190 1298 1785 182 1103 1176 93 2149 1856 1602 2639 2202 647 2413 695 1166 450 849 895 455 207 1434 1999 192 1593 2683 2690 1197 407 61 2745 1532 1772 1262 2025 2291 2111 2057 2656 1397 31 75 1228 618 1760 2669 2785 2467 2116 1953 2022 135 1874 1749 941 689 132 225 898 1961 303 2348 1914 346 2715 2409 418 558 574
2422 34 2523 1713 1714 676 1116 1224 1178 2180 683 47 1990 1838 2700 465 2129 2437 1836 2785 1914 88 1476 1672 2745 327 275 2202 1749 2111 1856 824 132 1687 2190 2547 1176 596 2303 2441 1659 95 117 2573 832 23 946 2791 1205 576 695 751 1922 1113 2245 2317 1184 2203 1400 1732 2239 44 1450 603 2623 983 830 1073 2016 1423 2620 1646 2030 1641 2073 1601 1057 339 1620 469 1014 654 2678 1198 1449 2827 16 2275 1743 1080 2398 1192 2407 2495 525 1152 187 1781 346 379
1624 2411 1934 2501 2044 1644 2528 2817 1102 2832 1656 312 188 85 2790 987 611 817 943 59 1407 1926 1319 626 2389 1545 221 1405 1737 4 2477 2367 1146 266 556 826 283 1799 635 547 950 1386 2082 2300 1202 2270 1468 613 904 1339 1313 1710 2343 2397 2574 491 1752 1692 2099 1956 2569 2438 2534 682 1151 326 1612 580 1592 1092 1896 220 670 28 1335 2028 1942 330 31 1704 138 643 367 1556 271 159 2764 1097 2177 2306 653 2564 1532 2557 1781 1293 2467 2105 1011 936
2516 1526 1511 1325 1969 2145 2843 1779 406 1442 257 1707 1385 1007 1992 1871 1138 288 2102 1731 730 1466 338 1670 2613 773 1800 336 1645 1068 1783 519 1131 2377 544 1794 2763 2730 2151 1527 1379 365 2290 1079 112 749 811 1498 2788 1455 1005 410 1243 186 1311 2746 535 2609 434 870 2549 2219 709 2341 2364 2299 1966 435 673 1110 821 937 253 1040 1894 1516 1968 593 2560 2830 742 678 1020 1424 1581 800 2417 2005 881 1913 605 2006 855 1309 2680 774 2243 1634 1142 1174
472 1803 127 1509 1060 1167 2094 2595 577 1530 147 1355 1811 1069 1607 1078 2431 385 1341 1862 2758 1524 160 2738 814 2138 166 2266 262 1421 273 867 2385 537 1025 888 551 1242 1660 2710 2444 2811 2648 641 1373 1059 226 352 667 2607 2633 2403 1863 1619 2104 1815 685 2189 2771 2835 403 2820 2213 1480 1982 2412 1101 342 1925 2399 600 2455 428 1807 2255 879 2481 1816 1366 1295 1159 741 1278 991 2139 1735 2692 1338 716 2063 2371 2524 2576 573 17 2776 1549 2833 2468 2460
2045 1584 2023 2755 747 258 1319 611 770 1029 1356 2144 31 2569 2698 463 2343 1435 1491 113 68 274 1829 1273 1746 430 1248 968 1976 1592 2316 2055 503 654 553 1386 2715 1780 1604 331 2191 2311 235 523 326 451 162 446 1774 2017 608 1275 1105 682 655 547 1216 200 89 580 1505 1396 1956 383 1039 478 2610 1327 556 2809 711 1598 159 27 2212 1942 2770 2735 1472 1564 188 1692 526 2789 1018 625 1730 507 1140 858 1293 1929 255 643 1274 2140 840 1182 491 2028
2023 1584 2045 2755 747 258 770 1320 889 2545 1833 1443 2686 211 1938 1989 2496 225 854 1747 418 455 52 1711 1700 1582 1262 278 633 2543 1835 1141 2025 1481 2742 2713 61 696 1787 721 780 1980 2532 786 2244 2762 261 1680 207 1831 2402 1921 351 1465 927 1902 1532 758 2599 2663 503 31 1706 2715 346 1972 1961 2669 1568 1395 478 653 1756 2622 654 504 2690 369 2314 192 2142 464 1317 534 1557 1822 580 2 1460 1918 2467 525 2470 1018 1789 806 2061 1026 430 711
1221 285 1570 1891 1697 582 6 546 2643 1139 973 1723 468 759 2706 1702 475 732 298 1083 2816 1260 1884 181 1797 620 2268 2118 1916 980 1285 922 2346 2167 1188 1882 411 2476 807 122 1610 2043 1858 1865 1015 650 1284 37 448 1456 459 690 2841 2313 2666 2171 1605 1763 1537 2810 2194 661 1380 2425 2261 1082 229 636 2807 669 1318 1232 1199 956 2152 40 1308 1113 1768 236 2677 2182 2048 2687 594 2278 2760 2073 1227 455 580 1137 1560 2502 1090 1568 2402 2239 1064 331
505 1563 2181 2500 28 2479 313 2819 458 523 238 849 175 1827 2250 2283 734 152 2365 847 1532 1741 1339 2674 1708 2557 2099 2191 2689 2370 2716 1896 705 2119 2552 587 81 671 330 120 972 532 2228 354 1335 1704 2534 2742 2193 1680 2322 1376 2028 2177 696 2592 2052 2681 1956 1111 602 1332 2597 633 772 2527 1746 740 92 711 2144 503 2237 1297 109 1010 1543 2236 1475 2806 999 1929 2059 1662 2814 2429 295 2764 484 1275 1730 2687 1011 261 534 806 108 1465 1037 2053
2099 1896 1532 152 2674 1708 1339 313 330 458 2819 2557 849 734 2479 1741 847 2742 2500 354 2028 671 1704 972 1563 2191 2119 532 2283 2228 505 1376 1827 2181 28 1335 2365 120 238 523 2370 696 587 2177 2250 81 175 1956 2689 705 1680 2716 2552 2322 2193 2534 2527 2681 2597 2592 633 2052 1297 1111 602 92 772 1332 261 503 711 1961 1746 109 2814 740 1156 1543 1917 1010 2594 1873 2144 653 2764 33 552 2199 968 1003 2237 1011 1781 877 2773 533 1021 2794 1140 1831
2141 621 183 2152 1987 1365 84 909 815 941 2502 171 481 959 45 785 2056 2182 1251 1371 1866 214 2522 2760 1064 2608 1364 236 2263 506 1288 565 1139 1703 270 1363 1283 2401 2612 2503 1605 2216 1768 2048 1286 2841 2761 2831 2751 106 1108 2720 1953 396 2705 43 2197 2188 2348 2562 189 1844 1032 1802 244 1525 1927 1596 2425 2060 971 644 387 1458 1632 1171 1560 2498 22 2677 2567 398 2115 2442 636 2278 1880 1536 1018 1214 2386 1280 957 782 509 844 5 2688 2807 1335
806 484 2059 780 2429 534 418 52 1481 1465 2244 999 1662 786 726 1438 53 471 363 346 1475 2301 1275 1918 2821 2470 1730 2236 2687 402 467 1929 2690 344 2467 936 331 478 290 1378 225 758 389 391 2806 1022 2465 2505 753 2398 295 314 464 1941 1706 108 2634 1831 1789 927 2407 1655 2715 628 655 1039 1008 840 452 1220 504 89 2765 2053 1037 1124 1011 430 268 2285 2698 131 2142 1273 1140 2531 1048 1024 561 1568 2611 1216 1692 1503 2062 1932 125 1026 207 1240
1697 285 1221 1570 6 546 582 2643 759 1260 1702 732 620 181 468 2268 1083 1797 807 411 2167 1891 922 1188 973 1456 2706 1139 1284 1858 37 1763 122 1865 475 1723 459 298 1884 2118 980 2313 2816 2171 2476 1916 2346 1610 2043 650 2666 448 1082 1285 2841 1015 1882 2425 2810 1308 1090 586 2807 443 669 636 661 229 1318 2194 2261 1199 1227 820 829 956 476 1380 1603 1537 372 2278 42 454 2468 690 167 2627 281 1153 1018 396 721 2402 653 2726 1006 1560 782 2677
2792 118 567 998 1583 1791 2065 515 9 2491 1579 2328 1354 919 1179 808 1769 952 778 2711 382 2778 930 1977 1970 517 2729 841 1854 928 1531 1657 114 7 1770 887 2379 1851 923 639 2682 2304 748 945 1211 227 1651 1063 2647 975 2793 2252 1920 982 1470 1271 1578 916 151 819 311 875 763 1210 1667 2310 2618 492 2559 2459 1154 2042 1585 999 776 1706 726 2349 353 430 1831 389 331 1239 1018 1275 1655 464 484 2715 268 1140 2407 1378 758 2723 927 782 2361 2059
2311 625 679 113 1505 1356 525 1435 1248 2137 822 216 252 654 239 1598 1141 2164 2091 2794 1781 2070 27 1299 1168 383 49 245 858 2669 1506 449 1780 696 2809 139 2279 2280 1127 838 209 2232 2025 61 2173 2470 192 408 1924 1282 1274 356 1787 344 296 207 2396 225 653 455 2565 1555 1612 1187 1262 1568 1037 1140 1011 268 1018 782 495 131 2053 2531 1875 1124 752 33 1829 1503 1297 2142 1317 2406 1395 1648 1216 138 1472 721 2017 290 655 1813 2693 1843 331 1918
1334 485 1175 1306 1951 727 589 658 2323 962 1361 1798 1213 2178 2113 2066 304 572 2787 1389 1230 1115 2546 1451 714 1394 1559 395 2540 426 1558 1106 646 1597 634 898 2072 2644 529 2054 24 1207 545 2000 1928 2409 2143 2430 1166 2024 614 93 895 1137 2277 1427 1683 1689 853 1590 1087 2759 1197 737 803 293 1561 374 251 581 436 2040 1801 2579 101 1900 215 364 2022 1149 1353 2533 2320 1257 1333 1786 2114 2242 822 2381 2656 29 1300 789 989 341 2470 2137 2673 2285
1001 2121 1012 1810 67 2583 2350 249 2509 627 1406 1075 202 1944 725 1055 2728 899 2291 1212 2294 2057 574 2558 2207 137 494 1874 165 2825 2736 2435 1825 2741 2135 2248 2813 2766 1056 1606 1223 677 686 2382 204 116 404 1937 1899 692 447 2719 1594 2842 1609 1590 1195 1869 1463 1126 2683 97 634 1935 442 24 2292 948 1639 1441 1076 682 359 2068 1134 246 1689 2639 647 93 1940 146 1547 1805 1592 1464 1439 835 2569 2319 2438 2305 192 2329 1169 1787 1555 1067 2511 1692
1416 1096 1948 1362 1897 497 1586 992 2046 2815 2272 1218 2352 1051 2721 1316 1860 1636 712 64 715 1261 1569 2628 155 439 1381 1496 1552 1782 1993 305 100 1658 194 188 2836 1965 51 1356 2767 2556 1617 1435 1248 48 1640 562 2241 2311 1027 525 1018 1029 2599 1899 1711 2713 1505 216 782 108 625 1582 679 2762 113 27 1789 927 654 319 580 2735 2378 326 1319 1756 899 653 2142 1011 268 1781 260 1777 471 245 822 2164 1317 1141 430 1008 2280 2279 1185 655 758 413
99 401 2055 453 1628 1023 141 2163 1047 2098 1976 2747 1145 461 981 612 208 73 1510 1872 760 595 399 2587 477 2469 2655 1717 2829 1599 823 177 380 2074 731 2126 2122 1233 437 1085 816 2679 1163 2009 1160 1903 2636 172 72 1784 1479 694 460 2318 1682 2193 1780 1241 2557 2316 602 1274 654 1140 1332 1275 2698 225 331 383 1356 696 238 1127 200 2470 525 33 552 1111 2429 313 505 1662 1339 68 1956 1873 2681 1715 740 534 2028 61 216 1941 2099 1124 455 655
571 569 2090 988 340 332 1065 193 121 2415 427 1793 2217 2568 901 536 1256 743 56 1553 370 323 2032 1430 2047 2380 1189 1886 2423 1236 2267 1699 680 2421 2743 2786 2668 1272 979 2333 554 432 2520 2227 176 1562 1754 1041 2671 1033 1038 2108 2210 2578 1393 580 653 429 1949 2025 13 2687 955 1890 640 2406 1635 2053 2236 1275 159 1337 1787 1521 1124 1037 1967 1187 192 1715 417 2505 2465 1317 1050 1741 555 31 356 2806 455 1662 326 1648 2396 1781 1335 1929 1686 296
1816 1366 1480 1660 2607 2633 879 557 867 1925 1025 1619 2460 2431 814 1735 385 2363 1982 577 1863 147 2710 2371 299 2833 2269 2576 2139 2092 1530 160 428 667 1078 551 2776 641 2094 1295 2385 1373 262 1807 2771 888 1549 1629 991 127 2175 741 2797 685 1509 226 342 1059 273 1814 2844 1803 1524 307 2727 2104 352 1242 2399 2468 2595 1539 1069 1167 1355 166 2758 1607 2738 2524 1520 2403 1862 1341 1 2189 687 267 1349 1421 2213 1122 1811 2444 154 1291 2648 2740 234 2749
1417 860 1788 1701 1710 1489 2289 433 2650 1895 769 2482 1870 197 26 2649 348 2454 1369 2769 925 2375 161 480 2538 2714 173 463 550 179 1029 712 2050 1253 231 2840 547 611 259 1552 2480 1617 489 2544 1782 2130 1386 188 319 1422 2836 1934 1319 2510 178 431 1993 1045 1627 2626 2817 1564 1656 2082 606 1584 1839 663 440 59 1796 1313 518 2035 2501 2837 1092 1640 735 817 1840 1496 2011 2556 2553 2076 906 100 2397 2574 675 978 1747 1172 1181 715 134 2628 445 645
1140 1037 2053 1124 1216 1187 1011 331 1274 430 2236 1635 1967 390 1648 2406 655 220 1008 1829 295 27 1568 1475 1715 2402 721 1647 1972 2061 1921 1755 799 344 1395 1050 1612 1317 2693 1756 2279 805 391 455 2806 314 1472 1303 1273 2698 1275 2301 2531 561 1730 2407 1918 1924 412 2687 653 1127 1240 726 1024 1262 1929 2765 936 268 31 1843 999 1506 580 1875 326 131 2715 1293 504 159 1118 1780 484 1097 1789 2059 452 1143 53 1822 2565 2142 927 216 1168 1299 464 1831
2034 2545 2433 1796 1453 1490 2376 1569 100 715 2309 48 1901 64 2721 2713 201 562 1640 305 439 1860 51 155 2650 168 1316 260 57 2135 899 1496 204 1392 2842 2088 2511 1606 210 1034 1234 116 659 2513 2553 857 421 2068 2826 1547 2155 1947 1584 2419 137 689 366 188 563 2665 1369 793 26 1765 1878 1076 2672 1636 77 2017 1362 2698 2741 2184 1792 1441 2286 756 1123 559 1096 228 547 2248 1056 1861 712 927 2632 486 79 499 1212 2769 471 2004 348 442 2382 2305
645 2011 2707 445 1623 1679 1328 1054 1444 947 1649 1663 2840 319 1029 735 2837 712 169 440 1782 2836 2050 1617 1045 2767 1552 1422 2130 1253 2241 1381 155 1544 1658 1993 550 1840 179 51 134 463 2439 1261 900 1640 1208 260 1486 1218 2628 1307 2735 2088 2419 965 2133 305 2076 674 2287 1860 197 1704 1092 259 1983 2515 1757 1437 2631 563 2352 1777 518 2708 1369 1897 1185 1051 559 2713 1123 906 911 657 503 2250 2557 2732 562 1948 659 2105 772 2580 1416 1003 486 2649
1944 1055 2728 2294 2207 2719 692 2558 2766 2319 447 2825 2292 165 725 2736 1825 442 1126 790 1962 1212 137 2506 686 1130 67 494 2583 1056 2291 2741 627 1899 1810 1067 2509 2135 899 1452 2580 2057 2305 2286 1012 804 574 1076 249 2121 2436 2598 1462 2435 2068 1940 116 204 1777 79 2248 1185 329 1464 677 2813 1606 1001 146 1639 2382 2350 2665 97 1874 482 1406 2748 140 246 2683 722 1897 202 1501 1937 1075 2475 1868 1134 948 2308 125 2393 1223 1439 1869 1547 1787 750
1788 1417 860 1489 1710 433 1701 2289 1895 769 2482 161 2650 173 197 319 2375 1253 231 2553 2287 463 1775 965 1029 645 348 2767 1584 2649 2454 2011 1369 623 1782 2076 2836 1649 2735 606 2130 1045 1123 1617 445 1307 547 674 712 906 2769 2023 134 1416 947 2050 59 168 1663 1870 489 2837 2840 1948 1496 1552 675 237 26 1627 550 1938 770 1208 2714 1054 1444 1117 925 2424 2480 1096 440 1386 978 2045 1328 1437 1422 2515 1148 179 2707 109 480 735 1640 2626 1564 2686
257 2843 1138 1871 1731 392 1419 2613 288 519 1800 301 1645 2331 2516 1992 2609 2341 2763 406 253 1894 2145 1779 1385 1455 1707 730 773 937 336 338 1007 1466 1442 1526 742 186 535 1131 1511 2102 1969 1325 1498 2219 1527 2377 1516 709 1068 410 248 1142 648 1495 2746 2299 1133 855 434 800 94 1424 1794 821 2290 2519 811 416 1243 2151 2243 1174 2364 1079 1783 1850 365 2492 1020 2788 1005 749 435 2830 673 774 544 2560 1309 1110 678 1379 870 1634 2549 1581 1913 2730
44 1483 16 1447 1469 376 1672 2317 2437 1631 2785 1836 1914 1749 761 1057 1449 291 2700 1990 2249 1178 1224 95 2745 2202 1476 596 1856 88 1714 2441 1713 1116 47 576 2190 832 2111 2180 2523 1743 2827 34 1425 1593 834 983 1535 1277 683 824 2422 2129 1176 2058 132 1838 2555 2547 1727 695 465 1450 1073 894 419 2153 2096 1363 2554 1732 1103 676 603 1304 2518 1620 1632 1228 2275 96 845 60 1286 1032 1052 1999 2091 83 1346 1678 1693 1638 1927 1120 2342 1321 1147 245
631 1518 1290 2282 2596 2064 921 1017 984 2392 1909 2049 662 1613 2796 2140 1058 530 2093 1301 1567 1002 1604 446 1879 1981 1237 908 451 1119 1978 394 2357 1621 1906 1396 607 1105 355 813 1554 1676 2262 1331 243 852 1614 2696 2085 2257 1370 1384 1673 942 660 337 1742 2543 2782 1681 2660 487 542 2458 360 2446 966 1718 2600 2259 1705 124 1495 2452 897 1145 599 1404 1808 710 1100 1216 580 54 144 1275 295 1262 2274 840 455 31 326 1118 159 367 700 2642 320 1273
2716 2552 523 2181 505 1563 175 2500 2191 2365 2689 849 2479 2819 1827 28 705 458 2283 2370 313 81 1708 2557 152 238 1532 2119 2250 734 587 2099 2674 847 120 1741 1339 2534 1896 972 330 2681 671 354 2742 2193 2228 1376 1704 2322 1680 532 1335 2177 696 2527 2052 92 2144 2592 1111 2597 602 1332 2028 1746 633 772 1956 740 1010 2244 1662 786 1873 726 2059 780 2470 1465 2285 53 2429 471 2237 52 1438 363 1481 484 534 268 771 2396 999 1941 1220 758 452 131
1479 320 1682 1387 2420 2318 144 1911 1200 2362 2691 2512 2355 1676 796 1305 850 222 2452 2642 1504 2218 2537 1436 1052 629 99 1098 2432 599 2201 2750 2446 1621 2156 897 935 1709 1790 1638 1321 2645 1736 755 1806 1933 836 666 2096 2342 2450 1718 525 2071 1697 33 595 852 1941 2232 459 2311 2262 1875 838 131 2407 331 822 268 1047 245 1506 696 1598 1472 216 1956 495 2470 999 625 453 113 1505 290 2587 721 2164 208 1141 225 534 2429 455 671 2244 1008 1706 679
2414 2550 107 1104 1177 1507 2604 1669 2641 55 728 2176 397 1194 575 2019 2754 1482 2080 1691 2383 845 441 1523 796 2395 373 2695 584 2326 462 1016 2239 187 2233 2254 2360 2247 1734 2192 2073 457 469 1014 2106 2630 1028 2733 917 2154 896 1517 736 2297 2033 2780 2508 2637 1382 2804 2240 32 2345 1832 357 1809 590 2651 2805 902 1919 831 1372 379 1835 2136 2684 272 2347 2159 1626 1601 1259 2234 479 1957 1690 1420 818 1467 384 560 1225 2447 1244 2214 83 920 279 87
1742 243 1554 1370 1396 1105 813 2458 966 1495 355 1705 2696 1384 2257 2600 337 487 1681 1331 1614 2660 942 1673 2085 2543 1301 1002 607 908 530 1237 2049 1604 1567 446 1017 1981 320 1058 451 1676 2140 1893 2782 2259 1978 54 360 2796 2369 710 50 660 542 1739 984 2093 1000 2664 1031 1695 1853 1287 144 791 1565 2803 734 1290 671 1119 847 313 1275 28 175 1339 1741 1929 523 505 2843 631 711 975 1335 2228 412 1896 33 2236 587 458 2193 295 1273 633 1655 1011
304 2178 2113 2066 1213 727 658 589 1389 2546 1175 1394 1951 1115 485 1306 545 1334 1361 962 1798 395 2323 529 2787 1106 1230 572 1559 2644 2277 1451 1353 737 1683 2579 2000 215 989 2022 1883 436 341 374 2249 101 2040 2054 251 1900 364 1898 2759 2114 1801 1027 2762 803 278 252 679 1881 2779 2311 625 2784 1248 822 1711 113 328 525 2154 1435 581 2531 1582 2540 225 2589 1363 290 782 2137 1300 1018 1780 1356 2599 240 89 646 239 452 2285 2634 1225 1024 1141 430
2510 431 70 1753 2777 2772 1125 2077 2478 2561 1839 2161 1035 1759 2757 1557 315 1252 2015 1390 951 1834 1165 2622 2818 2302 191 18 1842 601 2 2663 2686 1938 277 767 889 1747 1443 2685 1980 2311 369 430 1248 2398 1391 1356 495 753 1235 625 525 331 1435 758 412 1303 2794 1220 688 1955 1833 452 2715 654 211 1813 2689 1923 1022 2314 1378 655 2164 1275 268 840 125 2634 2532 1026 52 2142 175 2144 89 2702 478 2407 679 1789 2244 1117 131 999 1186 2402 1011 2765
1272 2210 640 13 1754 2520 1038 2421 1949 1041 2671 323 2047 377 2032 56 1477 828 1616 2578 1189 370 1910 2083 1337 698 1049 2539 672 2828 1429 964 933 244 932 2798 2602 1668 2629 955 1399 1070 2428 1952 2120 1521 2115 2335 2221 2038 1374 2031 1266 1256 1118 729 1602 159 2808 2570 1553 1187 31 580 2348 1143 326 176 2795 1886 2406 1822 1764 192 968 358 331 2687 1293 289 2423 1275 1124 2451 1097 2025 653 27 92 1774 2343 839 2053 1127 655 1699 1648 2786 1216 455
767 277 1443 1938 2686 889 1833 1747 369 1460 2496 2702 211 2532 1989 1980 2315 2685 770 2478 1753 1125 2777 2077 2302 2772 951 70 431 2818 1165 2510 2015 1557 1252 1834 1842 297 1759 191 1845 315 1608 2757 325 745 2 1320 18 2535 2561 103 1323 803 1235 2663 553 1390 2314 1275 268 455 1793 430 2622 655 927 68 331 601 2624 1831 997 1186 412 1303 1262 125 1391 1008 578 1474 1730 31 2687 1548 1356 1706 2507 1340 464 2142 688 2406 2634 1413 999 990 1923 478
767 1443 277 1938 2686 889 1747 1833 2496 369 1460 2702 211 2532 1989 1980 2685 2315 770 431 2510 951 2818 1834 2015 70 1252 1320 1557 2757 2622 2478 1390 1165 2777 2077 2302 1753 1125 2772 2 2663 1759 1842 2561 18 601 315 1548 191 1839 1831 1568 430 1143 1275 455 2687 1822 1262 331 1730 927 125 346 31 1118 2634 2402 1293 1472 2806 758 997 580 721 1584 295 643 1140 2232 2715 138 655 2821 1356 2406 389 822 1612 1655 1647 2062 464 2025 2142 786 1097 2755 268
12 1473 1721 1876 2809 140 1868 1452 2580 608 175 523 2402 1972 2552 1018 252 274 1472 721 1829 561 2119 2061 1026 2144 412 1899 968 430 671 782 2279 1647 1303 847 2716 526 1182 113 705 68 864 553 1711 994 458 508 682 504 1921 1039 89 2283 534 1275 2689 1746 788 2438 2762 505 2191 452 125 1780 1505 28 162 625 2531 2236 858 225 1299 464 655 2435 1395 1168 1831 1706 239 1929 444 1598 1248 268 1024 1931 1475 2569 806 1918 131 2557 1011 1592 2370 2059
419 894 2153 2554 96 1927 1632 189 1032 2060 106 2567 1171 22 1214 2751 2109 2502 2726 1661 785 1365 744 2841 2152 2141 1744 2401 481 2404 1286 1283 171 2162 2612 2160 815 454 752 1703 1108 214 2216 167 181 20 856 2188 43 782 1288 2079 941 753 1605 1018 957 2465 2505 1987 592 2498 783 2720 2278 1217 936 1692 2806 333 1907 1013 2197 2398 1662 621 2611 620 506 1336 1797 1251 84 1889 2591 2562 1363 5 2442 138 108 1139 924 509 644 2831 270 636 2687 150
1896 2099 2674 1532 734 1339 1741 313 152 847 458 2819 330 2557 1704 2500 2228 1708 849 2479 2028 2283 2742 1827 671 2119 532 354 1563 1335 972 2181 505 2177 2191 1376 28 587 523 2365 175 2370 120 1956 238 2250 696 81 2689 705 2552 2716 2534 1680 2527 2193 1297 2322 2597 2681 2052 772 2592 92 602 1111 1961 1746 633 1332 711 503 109 261 2144 1917 1873 2764 1543 1021 33 740 2814 653 495 1781 968 1117 2164 449 1011 239 822 1875 525 1941 1912 290 2091 1140
2528 1656 1644 1102 2817 1934 188 2411 85 2044 2501 1624 2790 2832 312 987 817 1926 611 943 221 1319 2300 1407 556 1405 635 547 1386 2082 2270 2397 2574 1092 1484 224 1029 2762 1501 2670 1173 413 1835 1666 606 1582 2724 2344 463 1700 1222 1146 1203 2307 915 2599 2325 2779 2003 128 111 1342 1902 854 1674 2774 1190 1711 1352 1627 110 351 278 409 2770 738 59 1552 2419 1729 220 1356 1339 1817 1150 2028 2400 703 322 347 1461 1011 2214 1066 2265 1297 2789 2311 1912 2099
1113 1371 2572 2263 2058 940 1277 1144 1280 327 2678 2197 1084 1525 1336 2152 2245 2751 1661 2571 1263 834 2056 2182 2503 1363 1687 1004 2555 856 986 2737 1315 682 1013 106 40 1632 1605 1343 2112 1757 677 2806 45 1727 1641 985 2623 882 785 2025 460 1601 1423 1922 2116 2522 2494 1064 621 96 84 2291 2620 815 482 2567 949 850 851 2154 1744 295 592 1960 1927 574 1477 2057 2760 356 504 2216 92 1219 207 1866 2396 2053 455 22 2463 61 1787 1282 2726 520 2605 236
2707 2011 1679 1623 645 1054 1328 1444 445 947 1663 1649 2840 319 169 2837 712 2836 1782 735 2767 1029 1552 1045 1617 2050 1422 440 1253 1381 2130 2241 1544 1658 1993 155 1261 2439 1218 1640 51 134 2352 2628 900 1208 2133 1486 2287 305 2419 260 1948 179 965 1860 563 1777 1416 2580 1840 1868 674 1983 559 2708 1452 1307 2088 1369 1897 1051 194 140 1092 562 2272 657 1437 238 550 463 259 2732 1185 486 2046 1586 1569 1096 2631 2250 1428 1158 1899 2713 2397 1757 1362 2286
956 1882 115 644 971 2688 1880 1802 2720 2442 387 909 2188 636 38 1108 2278 1995 2476 42 1536 448 2498 2197 2807 1596 2168 1318 1768 2425 84 2468 2194 1283 762 1199 108 2562 669 758 1221 2678 2505 2465 270 1083 1018 2048 582 661 43 1011 389 782 2398 1048 753 2402 840 1560 2632 2261 478 2467 580 1692 721 402 936 504 1395 1932 1568 1378 363 456 2634 1262 2141 2690 1706 1220 125 2740 138 45 2522 1647 464 805 159 1097 1293 1912 89 1756 628 471 1039 1022
2152 2141 183 621 1987 909 1365 84 941 815 2502 1371 481 214 959 785 1866 171 45 2056 2841 2522 1288 1605 1139 2182 2263 1703 1251 2216 2348 1064 1953 396 1363 236 506 1364 2608 2760 2503 270 1525 1283 565 2751 1802 2197 1286 2612 244 2401 1602 43 106 2761 2831 2188 1596 2705 1032 2567 2048 1171 189 2720 2115 971 2562 1768 2677 1927 2498 2627 60 2425 783 1108 2060 1844 1280 1113 957 782 1214 1018 1458 1632 949 2706 22 387 2109 1004 1560 2404 1143 2507 2737 2794
1842 601 2 18 2663 1834 951 2818 2015 1252 2622 1557 2757 315 1390 1759 1165 2302 191 2077 2478 2777 1753 1125 2161 2772 70 2315 2561 2510 431 2686 1747 2685 889 1938 1443 1980 1989 277 1833 2702 369 767 522 2667 211 1969 1114 1767 1075 1460 1391 2532 2314 1035 261 1822 2509 2402 1839 750 1117 1186 269 578 2496 931 968 1413 1012 202 721 31 780 1465 654 1972 848 768 1756 2475 1011 2244 430 1334 1293 225 1472 1810 1827 2687 1406 696 758 1511 1118 1248 2062 1730
611 188 1319 556 85 2817 817 1926 2790 1656 547 1102 1386 943 2528 1644 1934 2082 221 987 2270 2411 2832 2300 312 1407 1624 2501 2044 1405 635 1584 2023 2045 2755 659 2397 747 1092 463 2307 2670 2574 2200 2724 4 2344 2800 1796 2419 2545 1484 2770 970 1203 1151 1428 2214 831 283 1414 478 1835 1029 2544 1313 2774 1369 2367 1981 2762 1222 1048 977 2407 1666 2564 606 1356 220 430 691 1150 655 758 503 2358 52 1715 489 351 1912 1146 26 1208 1582 1752 322 1627 1011
147 577 1660 2633 1480 2094 2607 1366 1025 551 1530 1816 1078 160 385 1069 814 166 2758 2738 879 1167 2595 2431 1059 1607 342 295 1803 1275 867 2806 1341 273 1240 2104 1355 1929 2053 1421 1037 1863 2444 220 2460 2687 557 1730 2363 2236 1619 1475 331 871 1124 1140 1735 1216 655 1568 685 2698 1635 1273 1011 276 391 1967 1925 390 2266 2648 1811 2092 2513 2301 344 2710 2468 1008 2399 2727 430 127 484 226 1242 2524 999 1187 455 2059 2269 726 504 2833 1831 641 2576 2835
79 2068 1067 2305 2665 722 350 246 1134 2511 1547 2842 97 204 1463 1935 2041 116 1606 2135 1212 2741 899 137 1126 2736 2292 692 2825 442 2319 2294 1944 2766 1962 686 2813 1076 1055 2382 1056 2248 2728 790 1464 447 2286 1937 329 1639 2436 2719 804 2598 677 2393 1777 2506 2580 2207 574 362 2291 1841 974 1781 948 28 1275 2558 449 313 2438 2258 682 2569 1223 1899 2687 2806 2057 1452 140 494 491 847 2164 1874 1929 1787 2059 2279 239 1592 1037 2794 295 654 49 383
2306 890 1543 316 2265 1109 963 162 1955 1885 2799 699 1182 1991 367 1823 1314 2789 1164 235 1852 1010 1117 649 2105 2764 1099 1774 507 1135 2237 1650 1441 2199 2212 1327 2610 2597 968 2822 68 872 1003 553 552 877 2594 1873 1746 2144 2814 1156 771 1917 2681 740 2343 261 1111 602 1332 92 2052 2193 2592 2322 120 772 633 2527 2177 1680 2774 2770 1974 533 109 2773 711 1376 2250 354 532 503 238 1461 414 2028 670 1956 671 2812 972 2191 28 326 2557 1274 1273 2316
3 254 1642 2405 2490 2170 1958 14 652 66 1985 1136 2336 929 765 873 2426 1745 779 1574 825 2157 2536 1246 282 2434 2256 1600 1245 869 1633 2485 233 2147 1152 276 1121 2165 318 1997 2487 862 1762 874 1036 1403 1519 632 1963 1751 1595 2734 268 2053 1037 1124 1262 2391 2204 2012 871 2232 1247 2236 33 525 347 1011 1275 516 1347 654 653 455 2407 1781 580 1216 2718 1240 655 245 239 2001 2280 2142 838 1915 1128 331 295 2551 2794 2003 159 2301 490 344 31 98
2092 2797 2269 299 2833 352 2139 2844 2576 1629 2776 264 2371 1982 1009 428 1925 1814 1539 837 1735 741 1815 667 2455 1549 1619 879 1122 1159 2063 403 2175 2731 2403 2484 1816 1366 577 160 1660 2633 1349 147 1589 1480 262 1520 2607 641 888 1025 551 2399 2385 1 2215 2094 2771 234 913 1571 969 1530 2727 226 1373 1572 2189 1540 557 2226 307 1295 1618 17 1863 846 342 685 1622 2340 1078 2710 1069 273 642 2460 1060 2486 2104 2100 1059 2758 1803 2431 1615 2158 1607 537
2306 1543 890 2265 1955 1314 316 2789 1885 1109 963 162 2105 2799 1117 1182 367 699 1991 1823 235 2764 1164 649 1010 2237 507 1099 1852 1135 1650 68 872 553 2199 1003 1873 968 877 2610 2597 1774 552 2594 2144 1441 2212 1327 2822 771 1156 2814 740 1917 2681 1746 2343 1332 602 1111 261 92 2052 2193 2592 2177 2527 2774 2770 2322 1974 109 120 1461 533 670 633 1680 772 1376 2812 532 2028 2773 1956 354 711 414 326 31 2017 2715 2316 200 580 1813 1302 671 503 1961
1113 2152 1605 2502 1298 1434 1866 1661 909 1365 940 214 1004 1397 2751 1139 785 594 1371 1343 420 1019 2348 1712 2112 2567 941 2841 84 22 182 1602 270 1488 2109 2022 2494 1987 815 986 244 1283 1867 45 1757 1953 2677 2115 2768 1722 2737 2056 2062 1363 1171 614 1760 1277 1590 2057 75 520 2571 2522 93 2197 2245 1874 949 2406 1529 621 1687 1556 1214 1738 430 895 1849 1333 2390 1262 783 1616 2555 682 1143 2058 331 40 2744 232 455 31 1335 580 326 2402 2182 2141
2700 1836 1990 2437 1224 1116 1713 1714 1178 1672 683 2180 47 2523 1838 2785 34 2422 2129 676 465 1914 2745 2202 88 2190 1749 44 1476 132 832 1176 1856 1483 2441 376 16 983 2317 695 2111 2827 1447 1631 95 1593 596 1743 824 291 1469 576 2547 1057 1228 2016 1693 499 1535 1346 1449 2542 2149 1773 1795 310 1561 761 617 2656 1103 1785 1513 60 2249 751 540 1999 1620 2275 1760 2483 1847 954 603 1499 949 1732 940 2737 1073 1161 182 1712 1019 2653 149 404 2000 1343
2844 2797 2092 299 2139 2833 1814 2269 1009 2576 352 837 264 1815 2776 2455 428 2371 1982 741 403 1159 1549 2063 1925 1735 667 2484 1629 2403 1619 1539 1122 879 2731 2189 262 226 2175 1589 888 2215 641 2771 1373 160 2385 234 913 1863 1509 17 1816 1295 1572 1660 1520 1530 2399 2633 969 1571 1349 1366 1 577 1524 685 1480 1060 2460 557 600 1622 2431 2727 1078 1025 147 2607 1807 846 2486 1069 551 267 127 2094 2412 307 2710 991 2758 166 2811 1803 537 2100 1607 472
133 2327 2374 1792 2418 493 1947 548 1930 1034 1861 1580 57 1234 2174 210 1392 2461 280 1358 1375 793 1575 2125 570 1724 746 1276 2456 2004 976 1859 689 1758 1665 366 294 1664 1196 2229 756 2672 704 1072 1279 2186 1765 2330 421 2694 422 859 2039 1551 2184 2838 857 2356 1350 1887 588 2590 228 2332 797 656 2581 2659 1457 263 583 1776 77 1877 801 242 1193 2662 2739 2206 1229 2321 885 1043 158 1030 2198 1377 2123 1542 170 798 880 349 1191 1081 2155 1348 706 884
2045 1584 2023 2755 747 258 770 31 1319 1356 446 611 1029 654 580 2715 1320 326 503 1976 2569 1780 1980 2343 159 1390 1897 1362 225 1592 2698 2809 191 1829 903 682 1386 2686 1604 2622 2017 1692 1435 2144 2757 1293 455 61 1706 1141 2316 1248 451 618 1216 2669 1466 1961 1800 2055 653 848 464 2311 1472 1831 113 261 2561 2402 207 383 331 1262 478 2735 192 1730 2693 1140 547 1557 2438 68 1275 27 1707 1186 1787 482 430 1097 1700 730 1774 768 1969 2762 968 2667
1325 1526 2516 2145 1779 406 1385 1707 1007 1511 1670 1442 1969 1992 2377 811 1783 1068 365 2730 544 112 338 1466 730 1079 1527 1311 2290 410 2102 1794 2788 749 1005 535 2095 2151 870 1131 2746 2364 1040 434 1379 1110 605 821 1966 709 773 2763 2549 673 2219 1894 593 186 1516 1243 435 2299 336 288 937 1871 1455 257 610 1138 1968 1498 2613 2417 2341 1731 1424 881 2830 2680 1020 519 1634 2560 1309 1573 800 1581 2697 1645 1133 717 1850 678 94 742 648 2243 253 2006
1357 76 2495 564 39 926 1091 230 2288 1818 777 1180 1996 2281 1786 1971 1257 1538 2489 2699 1846 2224 2324 2493 2247 739 1106 2114 989 614 751 1137 2000 1087 1559 1207 2072 1353 1804 1900 215 917 2239 737 920 2073 1950 541 2033 653 946 364 1943 902 792 341 2504 455 2260 108 1568 2053 1912 1961 1593 1026 758 1536 1262 321 436 462 1719 1018 2040 1192 788 525 782 2232 654 471 1647 1297 469 1662 2505 2465 49 87 1831 145 721 1124 2407 2099 1037 1501 2402 766
989 1900 101 2040 2381 215 436 364 251 341 737 2504 1106 1427 1898 766 1559 2238 803 328 374 2114 545 2644 1230 572 2546 1451 407 1115 1093 1389 2000 395 2242 1353 529 1883 1361 2784 962 1683 1394 1798 1300 2066 2540 789 2787 2759 1786 2579 304 2178 1213 2113 240 2323 1175 1951 483 1257 646 1306 589 658 2277 727 485 1971 581 2054 1334 1818 2072 1087 2288 1357 614 926 39 1207 1558 898 564 1137 293 1801 1180 76 714 2495 1091 754 2756 2533 525 252 1928 858
1113 2810 2043 1916 2346 475 1865 1723 2171 2841 411 2261 1711 252 443 1891 1882 2194 1018 1697 430 1972 2402 2816 2398 2762 2779 753 650 721 1027 1308 1582 1188 2599 546 782 125 1082 758 2634 278 138 504 922 1221 2061 1817 1435 1647 525 2809 1921 840 2311 586 1026 1395 847 136 2025 108 625 225 452 1487 1472 285 113 268 1570 1150 2137 1024 1598 788 459 1612 322 1912 412 2164 822 1011 936 1248 175 1568 2794 1356 1881 679 1022 582 2091 2689 2666 534 1227 2232
1946 2394 416 1778 105 355 813 883 1396 1554 1105 1370 243 1331 1614 2696 2257 11 1673 908 2660 1002 1495 966 446 2458 1384 1237 1742 2049 1604 1301 530 1567 2331 1981 984 1017 1621 2843 337 1419 2452 495 607 1941 392 655 412 2600 471 2085 216 2543 2698 2697 89 1692 1438 33 2093 290 1681 1472 2398 1273 478 53 625 561 1378 1705 1220 2782 1956 2244 2285 753 1929 487 1843 2407 2765 144 2311 942 430 1662 643 1924 673 301 1435 1275 252 679 1598 1274 2565 840
658 727 589 1306 1175 1951 485 1334 1213 2323 2178 304 2113 1394 2066 1361 1798 962 2787 1389 2546 545 1115 2249 395 2277 572 529 1230 1106 1451 1559 2644 2054 1801 2579 2540 1683 646 374 2317 2000 1561 761 2759 1353 2072 2022 1558 714 581 2114 1197 1631 822 60 803 898 2137 737 2656 954 2179 1137 1184 2311 149 525 1449 1333 1685 1248 2409 989 695 1427 1928 2542 132 783 1027 2400 113 679 625 824 455 44 2149 924 1262 341 2232 782 1881 1435 1322 1304 1813 63
1593 1801 483 240 1300 2277 2784 291 1883 789 2235 1535 1353 792 1804 91 967 1561 540 2296 832 1719 2759 529 2579 1631 1346 251 614 576 2054 499 1590 1427 1749 465 1093 1483 803 1087 407 895 1137 374 2644 1394 2504 2242 739 2000 93 1447 1257 634 1689 1971 2024 545 44 2430 1197 1683 2540 2409 1469 898 766 16 1166 24 2114 2143 1597 1334 1898 376 1091 328 2238 1996 2542 1230 1207 395 426 1115 63 581 2072 2381 824 1389 1786 2323 1558 2129 714 101 1928 1942
2556 1496 1316 2272 1636 1965 2815 2352 1051 1218 194 2628 1840 1261 663 1948 231 1658 1381 1586 2713 2046 497 2439 2241 1362 992 1897 1416 1860 1096 2836 201 1782 518 1544 1752 2767 2553 965 168 712 2376 2433 1878 155 1649 1123 2545 947 563 950 1045 2300 1640 1569 2034 1453 978 440 173 1901 64 51 1848 1796 1148 1584 2837 1054 547 2007 2826 2069 645 1253 715 703 1490 900 169 2309 1428 2721 2652 2419 260 100 1046 134 2840 140 1484 769 1414 1444 486 48 559 2599
335 2230 909 2591 398 1907 300 1315 2079 2160 1458 1232 762 1726 1013 1217 1336 2401 856 861 2503 2386 2116 2498 1596 387 2188 2571 2197 2442 43 2562 644 971 2688 309 2612 2720 1802 1199 333 2761 2678 1880 2141 2448 1108 1365 785 1536 1866 2807 2168 1318 270 636 2048 2263 2572 84 1283 2620 1768 2623 214 2278 171 1525 1687 2476 1487 42 2348 150 183 1280 1612 1960 959 1363 1400 2677 138 782 851 1364 1018 941 1395 1064 1602 621 252 1011 2573 2522 423 2115 624 1568
2305 79 350 1067 2068 722 2665 1134 246 2842 2511 1547 97 204 1212 2135 2741 137 1606 1944 2294 1463 899 116 1935 1055 2728 2041 2207 1056 725 692 2558 1126 2319 442 1825 2292 165 1962 1940 2736 2719 2766 2825 1130 1986 790 686 447 1076 2506 804 2248 329 1464 2813 2436 2286 2598 2580 2382 494 1452 2057 2291 1937 574 2639 140 974 948 1874 1841 1899 647 1532 2683 1639 1868 1777 1223 2393 362 2258 12 2499 449 1473 525 1781 464 1706 1941 33 1262 2681 1680 2687 1376
1697 2268 285 1570 1221 2167 922 2706 6 298 546 1188 37 122 1456 2643 459 1763 468 1284 973 1891 582 1884 759 2118 980 475 411 1285 448 1702 1260 1610 1082 1723 1865 732 1858 1916 1015 2346 2043 1308 2816 807 181 1090 620 650 690 2171 2666 2313 1797 443 586 1537 2476 2810 1083 669 1139 1006 829 1227 1882 956 2261 2194 661 2468 2841 2425 1232 1199 820 229 1011 2402 1153 721 23 1972 1018 653 1647 476 1756 1568 782 1875 525 455 2232 580 758 2025 331 1317
2185 1411 1129 2584 1684 1694 795 2298 1440 143 2517 2616 1939 2801 2363 2529 2619 386 718 665 958 1294 1446 1258 2481 787 1112 1630 1445 1360 1270 2271 30 638 2460 810 2468 557 1215 697 2749 71 879 1863 1267 2246 1524 2139 1925 2833 1514 1982 1816 1549 2710 1366 2444 1373 1480 1619 1956 2771 299 1140 641 2028 2727 1275 448 2269 2371 295 655 1730 326 2687 2092 1356 428 2407 28 220 1756 1262 1692 267 1238 2576 1680 580 455 782 464 2301 2632 1332 2062 1472 478 643
350 2305 79 2068 2665 1067 722 2511 246 1547 204 2842 1134 1606 116 2135 97 2741 1944 899 1212 2041 1463 2294 1935 137 217 692 686 1962 790 2435 2813 442 1056 2728 2292 1055 140 2580 2248 574 2319 1126 2286 2625 2736 1771 1937 2057 1330 1892 1076 1868 2207 494 2382 1464 677 657 255 1899 1777 508 447 1639 1452 974 2427 2291 2825 2766 274 12 1874 864 2393 2598 1942 2499 1677 526 948 682 2506 1185 2719 2440 2037 608 1408 994 1275 2322 271 598 1931 1998 2436 2708
2555 1727 2058 834 1277 1749 1044 576 1971 1590 1137 1093 1801 1257 761 465 1996 777 2317 1091 1087 1476 2249 230 2422 1914 93 2785 1631 88 1856 614 1178 2745 895 2202 783 1019 1346 924 462 34 407 95 564 824 2254 926 1593 2437 1785 2523 1357 1353 2495 1300 240 63 1786 967 1180 483 1483 291 596 1836 44 2180 2192 949 1447 2111 766 412 2233 47 840 1166 2242 2277 1228 457 346 2129 2634 1224 1535 2017 751 2441 1517 89 471 1363 643 39 625 1026 16 1662
2034 2433 2545 1569 1796 715 100 48 1453 2721 1490 2376 64 2309 1901 2713 562 1640 305 1860 439 51 2650 155 201 168 2135 204 1316 260 2842 899 2511 1392 1606 116 2088 486 559 2553 2419 563 2068 57 1496 712 784 1948 659 1096 1034 1765 2513 188 1547 2698 2665 2155 2632 1275 2286 1273 2826 77 2741 927 1416 412 772 1983 137 1878 628 1369 1584 1680 2007 1046 1441 2017 499 1076 1021 1293 210 798 1234 421 2708 561 1831 1506 1362 643 793 79 1543 1212 782 430
2843 257 2516 1871 1731 1138 288 2613 2609 1800 1526 1969 1442 1325 1511 2145 1645 1992 1779 406 1707 2102 730 1385 1007 1466 1068 338 519 749 416 773 2377 1174 2730 2417 2290 678 2560 1913 2005 1527 544 2492 1379 774 855 435 365 112 2299 1142 2830 1020 1131 2006 673 1783 1581 2746 1794 392 2196 1968 1966 2151 336 1005 2243 2364 535 2788 593 1040 301 253 1079 410 1311 2251 1498 1309 937 2680 821 1850 2697 1424 1455 1243 2519 800 1094 2549 811 1936 2341 881 870 1634
2171 2043 2666 650 2810 807 2346 1916 2816 475 1723 1891 372 759 1697 411 1260 2841 2643 1570 285 820 1702 6 1603 546 1188 620 468 1221 732 181 922 1865 582 1456 1797 1153 1858 1284 1083 1541 829 1227 2268 2167 122 1763 1882 669 2313 334 1139 476 37 1761 980 298 2261 750 1884 661 448 2476 2194 2118 1610 956 229 459 721 1972 758 2632 1015 2402 138 2611 1953 389 2634 430 1524 2240 936 2398 840 464 1018 2061 2706 1090 1048 643 252 751 653 753 1706 290
2648 577 2595 147 2094 127 1355 1803 1167 2372 195 1698 1349 2223 2758 1409 352 1069 1530 2466 1078 2253 160 1811 273 2444 2710 2138 2104 1060 403 1815 1341 2213 2738 1939 1270 166 1607 961 1816 307 511 1294 1994 2835 1101 1366 2481 1618 2820 1421 685 1694 1615 1258 2524 665 1095 1862 969 879 551 1520 2811 1684 2339 1159 2185 2226 1059 1480 537 557 1 2709 472 2255 573 846 2460 2399 1242 1286 591 2266 2100 1524 1446 1025 2298 1660 1327 2403 1540 405 2212 2614 2189 2338
2095 883 2243 1850 1142 2519 821 2087 1498 2196 800 2299 870 253 2417 1913 2006 855 2697 1174 774 2746 1966 2331 2251 673 2492 336 1454 678 2609 881 2005 843 1634 1094 593 1546 2290 1110 538 1133 648 605 1455 435 1424 1309 811 1040 717 749 2680 94 288 1573 1936 365 2613 535 2377 1794 2830 1527 1068 2788 2364 1871 1311 1020 248 410 257 434 112 1516 1968 1581 610 1783 2560 937 544 1466 2102 1005 2145 1379 2763 1131 773 1526 2151 2341 1243 416 406 1325 1007 1670
1056 2294 1944 2135 2741 1212 204 137 899 1606 116 2728 1055 2842 2207 1134 2511 1547 1463 246 1935 2068 97 722 2665 1067 2041 79 725 2558 2305 686 2813 2248 494 2766 1076 165 692 1874 2057 2435 2286 2291 2382 2319 1126 1937 2736 1464 2580 647 574 1899 2292 447 2825 804 2639 1223 442 1185 1825 1777 146 2683 329 140 948 2393 2708 1639 682 790 677 657 1452 2569 1986 1592 1962 2438 274 1940 1692 491 1892 1942 1868 2506 1555 271 2719 1771 2598 1018 2611 782 1275 444
2185 1411 1129 2584 1684 1694 795 2298 1440 143 2517 2801 2616 2529 2619 386 1939 718 2363 958 665 1446 1112 1294 1258 1630 2481 1445 787 1360 2271 1270 30 697 638 810 1215 71 2460 1514 557 2749 2468 2246 879 1267 1863 2444 2833 2139 1366 2710 1982 299 1816 1619 1925 1549 414 1480 1373 2771 2371 2092 641 2727 1524 1680 1744 1814 527 577 591 1735 2269 1520 1275 685 580 273 342 237 28 326 669 295 2576 428 1831 41 1692 2687 430 1335 1730 220 616 147 1293 2726
70 1753 2777 1125 2772 2077 2478 2561 2510 431 2161 1035 1759 1839 2757 2015 315 1252 1834 951 1165 18 2818 1842 1557 2622 1390 2302 601 2 191 2663 277 2686 767 1938 990 1908 284 2702 889 502 2496 1980 1747 2471 2315 2685 1443 2601 1235 578 412 1413 430 628 1220 2398 688 369 561 1303 2276 89 753 1048 1391 758 175 1923 2532 1929 2228 2632 1831 297 1340 1186 1472 1730 1916 495 2634 125 927 1026 1972 478 1117 2687 2061 1460 1608 1018 2244 68 108 1275 2402 475
1944 686 2728 2294 1055 2580 2207 2436 2286 2598 1777 2248 1452 1076 1899 494 2291 804 574 329 2057 2813 1185 146 725 2382 2683 2435 677 1874 1464 1937 1639 140 1223 2719 948 1868 2639 2766 2319 2393 647 2558 1212 447 692 2708 137 682 2825 657 67 2583 2135 974 1825 2741 2292 2438 491 899 1810 165 2509 1067 627 1056 2736 204 1592 2569 1126 790 2121 249 1012 1962 1606 2068 2748 116 79 2350 442 482 2305 1001 246 1075 1134 1439 1869 359 202 876 92 2475 1501 145
99 401 1628 2055 453 2163 1976 1023 141 2098 1047 1145 461 1872 981 760 73 208 2747 2829 595 177 1510 2587 612 477 2122 380 1599 399 1479 816 2655 2074 823 1085 2469 1717 2126 1682 2318 731 2009 1233 437 2636 2679 1903 1163 72 172 2698 1275 1829 654 1140 786 331 2429 1662 1160 2552 726 1784 61 33 2407 552 1780 383 2316 2531 1274 2301 52 216 1929 1356 1543 2244 53 2193 643 49 534 505 363 1024 2537 471 478 806 1563 144 525 1941 1924 1967 408 455
467 389 2301 1039 840 2765 758 89 2634 2142 241 726 999 452 1378 1475 484 2236 1929 2059 1275 1503 478 363 1022 1662 1730 2465 2505 2715 53 1024 314 2687 806 2244 1789 786 1008 464 268 1706 2429 927 331 1465 108 1655 780 1831 2407 2398 753 628 534 418 344 131 346 2531 1481 655 290 2285 1438 52 1220 1941 471 1026 295 1918 1932 391 1062 501 936 129 2821 125 2806 1843 1875 1281 456 1048 2062 504 430 1912 402 324 2470 1011 788 495 1568 2565 1813 1273
1001 2121 1810 1012 67 2509 249 2583 2350 627 1406 1075 202 725 1944 2728 899 1055 1212 137 2207 2057 2291 2558 165 574 2741 2736 2294 1874 494 2135 1825 1606 2825 204 2435 2766 677 2248 2813 1463 692 2842 1223 116 1126 1935 2382 686 2719 246 1134 1937 447 2319 442 1899 2292 1940 2068 97 1590 1056 1547 682 404 1067 2665 1594 2305 2511 2569 647 1195 948 93 1869 2683 1592 722 2438 895 1609 1076 1639 2639 1464 1805 1441 2329 1689 192 1986 146 2708 1555 1787 835 61
1321 1098 2156 2645 2750 2096 1709 836 2432 935 2201 1933 1790 850 2071 2342 1638 1736 2450 755 1806 1436 2355 1052 897 222 1504 2218 2362 2691 1911 2512 1305 796 2420 295 595 2806 1275 2611 1865 661 2261 476 1216 2587 1286 2687 2396 344 2313 2168 653 2053 1730 2794 1929 239 1692 383 1037 144 1124 1787 1363 1435 1032 2164 2025 2311 2060 580 1892 679 1248 957 1475 753 2705 2091 1293 625 1227 189 108 1288 2823 1018 1677 2398 1781 391 2627 430 1022 28 1662 192 1097 2465
472 2758 1069 1803 1607 1341 1530 2094 577 1078 160 2738 166 2266 1421 147 2595 1060 127 1509 2138 1167 1811 2835 1355 2820 226 2444 352 537 1862 2648 1324 551 1101 2013 2431 273 1828 2104 385 961 2340 1524 1059 2710 405 867 2213 2811 2403 1618 342 1242 814 1025 2399 600 641 17 1540 573 1619 2385 262 1815 1159 1863 1660 2255 667 2412 2781 1373 1278 2635 2524 2727 1571 2633 2460 203 2614 888 1572 1366 2607 913 403 317 267 2063 1338 1349 1925 2473 1480 1 685 1652
1865 546 1697 6 1221 732 582 1702 2643 285 759 1882 620 1083 1260 1797 468 181 807 411 2476 2167 2194 1188 2268 2261 1318 661 956 1113 922 2807 2313 2816 1227 229 973 1858 1570 1139 1891 1380 669 1723 2043 459 820 636 1284 475 2346 1456 476 122 650 1199 1018 2627 1763 2278 1916 1262 2425 1560 2171 2402 655 2168 1308 721 448 98 758 1761 108 1082 782 580 1647 2611 331 753 1216 936 430 1011 455 1153 1472 443 344 1124 2053 2810 31 840 281 1568 643 999
1346 540 617 1535 2542 832 2129 1561 1513 1161 1847 1773 1795 63 291 1019 1785 1693 2441 2827 1593 983 310 1590 1971 499 1228 1631 1257 2190 1743 1197 2149 1176 695 2437 93 2785 1856 1836 2202 1166 1672 2242 2016 182 2745 1914 1343 2409 895 95 2656 132 949 2022 1004 149 1749 2700 1786 1091 940 2112 1483 751 1760 1116 1712 44 596 1137 1928 898 954 75 2111 1298 1990 88 1434 376 2737 783 1801 1996 407 2180 1333 1999 1103 2235 1087 683 1940 1224 1713 363 1476 766
2063 1159 1815 403 2455 2189 1814 1009 352 837 2484 2844 264 17 2797 2731 1122 2215 741 1520 2399 2092 1 2139 2833 2727 1571 234 1349 1589 2269 1622 1025 299 1539 2486 913 1629 2403 307 1982 1572 1925 2412 969 573 2371 2576 2100 2255 846 685 600 428 1619 317 537 551 2811 1735 1366 667 2776 1101 2431 1060 879 2226 1862 641 642 2213 1338 2633 1480 267 1660 814 2175 2385 1816 1373 1618 1295 2834 577 557 2460 2607 1863 226 385 2771 1238 1807 1059 262 2158 203 2138
849 2819 2191 2479 1708 458 2500 1532 505 313 152 2557 1563 2181 2365 2099 2716 523 2552 28 175 2283 1827 2370 2689 734 1339 81 1896 2674 2119 1741 847 705 238 330 587 120 2250 972 671 2742 354 1704 1376 2228 2534 1335 532 2177 2681 696 2193 1680 2028 2322 2527 2597 1956 2052 2592 92 1111 1746 602 2144 772 1332 633 1297 109 261 1873 2814 740 1543 2594 1010 1917 503 2199 771 449 33 1281 1314 1662 125 1156 1465 2764 1500 495 1026 1813 2244 2396 129 2715 726
1056 1944 2294 1055 2728 2207 2135 899 204 1212 137 2741 1606 116 2842 725 1134 1547 2511 2558 1463 97 1935 246 2825 1067 1076 2068 2813 2248 2766 2286 686 1464 1825 1937 2382 447 2736 948 804 79 2665 1639 2393 722 1899 2041 2435 165 2057 2291 2580 494 692 574 1874 146 1777 1185 2292 647 1126 1452 682 329 1223 2639 2569 2683 2319 2438 1592 140 677 2305 2708 2719 491 2598 274 657 2436 442 608 790 1868 1275 974 864 1692 526 1780 52 1124 1438 1942 2698 1892 786
1993 1663 1422 2767 712 947 1444 2836 1782 1649 1328 1617 1045 1054 2837 1623 2707 169 2050 550 1679 2241 1381 2631 2130 735 463 1658 1029 155 445 440 645 1552 2840 2011 51 1544 179 197 1218 900 1261 2439 1840 134 305 1640 1486 260 1948 319 2628 562 1369 1416 1437 1208 563 259 2133 2419 1307 1897 2352 1096 1860 1092 2397 1051 559 1983 965 1362 1489 978 2088 2826 1253 1123 1569 1878 1777 1710 2649 2721 674 2580 2082 1428 1636 2454 1848 657 1316 194 480 439 2708 486
2090 569 988 121 193 571 332 536 1793 323 2568 2415 1065 340 370 427 1189 901 680 56 2032 2217 1272 2421 2210 2047 13 1038 640 1754 2520 1949 1477 2083 1132 1268 2671 955 743 1588 1910 729 1041 159 2668 1240 580 2798 1275 1787 1339 1293 1886 2640 313 2025 847 865 2236 1337 2839 1256 2578 1741 28 505 2687 1831 2108 1118 125 1475 152 2764 1896 2119 1929 1143 1822 2594 2053 1273 1635 1789 2557 2698 523 1563 1827 1097 2283 1037 561 2743 2806 61 2380 734 2279 2193
2491 2328 1179 1579 2379 1977 841 9 1769 952 919 1354 2729 1851 515 930 2682 2778 1063 928 1791 1657 945 639 1651 763 1770 1583 887 1578 114 2065 2225 2792 748 2647 2252 1920 118 982 227 1211 567 1531 923 998 916 2304 819 2042 2618 2097 2310 808 2559 1585 1470 975 1367 311 1667 528 2488 1271 7 1566 2459 875 151 2349 1154 1239 2793 517 1368 492 2723 1970 1210 2575 579 1854 2416 479 25 1961 633 2711 1755 2715 1528 778 2214 831 120 225 1420 2716 31 1415
2272 2352 1051 194 1218 1316 2628 1636 1496 1261 2815 2556 1965 1840 1658 2439 1948 1381 2241 1544 1782 2836 1860 663 201 2767 2713 1897 1586 1362 2046 497 1416 992 1453 712 1649 1901 1096 169 1490 1045 2837 1640 947 64 155 2433 1569 48 51 2376 440 1617 2309 518 1422 305 439 1054 645 715 1663 2721 100 231 2050 2553 1444 965 260 1552 2840 735 1029 1369 2130 168 2708 445 562 1328 1711 2599 2538 1752 134 2419 659 2650 2580 703 1582 2649 563 938 140 1848 2483 1868
133 1947 493 548 2374 2327 976 1792 2418 366 57 1196 1034 1580 1861 2174 1234 280 1765 1392 1724 2184 1358 1375 1575 746 1930 210 2125 2672 1758 756 2456 2004 570 689 793 1664 2461 422 1859 588 859 1279 583 1665 1276 2039 294 797 2186 2694 2229 1081 2356 1551 228 1887 2330 857 421 2838 2590 2541 704 656 2581 2659 1350 242 1457 1193 2206 2332 263 1877 801 1377 2493 880 2198 1072 1497 1229 170 438 2703 1776 1609 1030 2739 2662 158 470 2123 2321 1348 77 1043 798
2082 2270 547 1386 987 635 556 2300 1407 1405 2832 312 188 1319 1926 611 221 85 2790 1102 1146 817 1624 2817 943 1656 2501 59 2367 4 1545 2411 626 1934 1644 2528 2044 950 2389 1752 1799 1737 1202 826 2574 613 1092 2515 266 2584 2105 134 1003 2477 1190 1813 1411 1692 1710 2397 1923 1417 2185 1956 2715 2010 1220 2762 1912 1262 2312 788 2424 455 2265 1117 822 2616 606 2632 1021 550 1961 1414 2137 2343 2028 1468 113 670 259 1472 1123 2779 1484 278 628 1026 2767 904
2045 1584 2023 2755 747 258 1319 611 1604 31 446 1029 1356 463 2343 547 1386 2715 556 1216 326 2698 1118 1237 654 1262 580 331 451 1701 455 2076 1774 2569 726 1829 682 430 159 1692 1981 1275 1592 1780 1143 478 2258 1435 383 1140 655 255 643 1248 860 1362 491 1293 1822 503 113 464 1706 2311 188 906 1466 268 2611 1730 1097 2137 2017 1124 1273 225 220 1185 2693 1301 27 418 1924 840 52 295 1935 207 389 1942 2736 89 2669 61 2438 1929 2316 1240 1039 1505
2171 2043 2810 650 2666 2346 1916 2816 475 1723 1891 807 2841 372 411 759 1570 1697 1260 820 1603 2643 1188 6 1702 285 546 468 732 1139 620 922 181 1221 1865 582 1953 1797 1083 1858 1153 2268 1882 1456 2167 334 1541 1284 1763 2634 1018 750 758 980 782 840 2632 2313 464 1711 936 389 1395 721 1048 430 1912 1605 1972 2061 138 1706 2611 1884 999 643 1756 2398 1472 1568 1503 2402 1150 478 753 363 252 108 655 1921 1465 1932 1008 1281 1378 927 452 2232 113 1027
1553 1256 743 1430 2380 2267 2568 2217 2415 1699 1886 427 1236 2423 901 1793 2421 323 1754 340 2047 370 1038 1189 1041 2032 56 569 2090 2520 1949 2671 1272 571 2735 2210 176 13 1477 640 2108 988 2668 554 193 2539 121 2786 828 289 1616 2629 2221 1053 1070 1888 332 1787 580 2693 653 302 159 1521 1429 31 729 2798 192 2031 2227 2199 2594 1635 1399 1187 261 292 2333 503 432 377 390 1050 654 964 2120 868 1317 1337 326 1492 1967 2406 2025 296 633 1293 408 1746
2043 2171 2666 650 2810 2816 2346 1916 475 1723 807 1891 372 2841 411 759 1697 1603 820 1570 1260 2643 285 6 1702 546 1541 1188 468 1221 620 334 750 732 1139 582 1153 922 181 1083 1865 1858 1797 1882 1953 1761 1711 2634 1456 758 956 2167 1972 1912 721 1763 15 2214 389 2268 829 840 1932 822 831 1420 1582 2402 1395 129 2061 464 138 1921 298 2632 1706 1281 1150 1018 1048 1923 131 2407 268 467 1465 1284 1813 1026 1062 703 2232 2398 1756 782 1501 2003 1503 456
2372 2648 2466 195 2223 1698 1409 2253 1095 577 2595 1994 511 147 2834 1939 2094 1355 2158 127 1615 1349 1572 1815 1694 969 1294 913 223 1167 2481 160 1270 2226 352 2215 665 1258 2709 2616 1078 1811 1530 2820 879 273 1009 1421 837 2104 2758 1446 234 2738 892 166 403 2619 1069 2635 961 1159 1264 1520 2185 1816 2338 2444 346 2710 52 1216 1293 2715 580 1140 278 1262 226 1324 349 2821 478 1 912 2687 1097 1803 1275 1480 326 471 655 455 2266 2455 331 159 1730 2407
1798 962 572 2323 1230 395 2644 529 1334 2540 1361 1451 2277 1394 545 1559 1951 1306 1175 2054 485 589 727 658 737 2787 1801 2000 1427 646 1106 1683 436 215 101 2504 2759 2066 1389 1213 364 251 2546 1115 2040 1900 989 2178 2381 304 2114 803 374 2242 2113 2238 341 328 766 1898 1353 2579 581 789 1558 1883 714 2784 2072 1300 898 1207 1786 293 1928 1137 407 1093 2409 240 1561 614 426 1257 483 1166 430 2656 125 2292 268 1018 412 1827 525 782 461 2149 1465 726
2749 2740 934 154 1348 884 1857 185 1059 1292 1576 1030 2155 1716 342 1377 170 2468 438 82 242 1522 470 130 2127 551 798 2703 287 158 1432 2198 880 2206 1675 77 2187 1193 1086 514 2581 2694 2444 1524 1811 2588 1345 385 2399 1025 2431 2710 2013 1803 685 2403 842 1520 203 2473 267 2709 1807 814 2363 1863 2727 2460 795 1494 147 1167 879 1 1275 2175 1238 1506 1925 1480 307 2633 127 2371 1862 391 1619 641 2771 1373 2385 2327 577 1539 1140 1647 1295 2548 1629 2002
883 416 1946 2394 105 1778 2843 257 2331 2613 11 1546 389 402 471 1871 1133 1438 673 2467 2690 937 89 758 1822 2244 346 786 52 1966 2698 1941 1039 2821 478 435 363 840 1692 2251 561 108 2407 2398 446 2196 288 936 2505 2465 1465 1378 434 655 2634 643 2301 464 484 1220 430 654 2765 1040 1787 1237 625 1481 1097 1022 1293 753 1755 290 1662 2697 2429 1831 2017 2610 2142 355 749 331 1789 1706 1008 1503 1275 1143 49 1124 418 2611 593 1756 2669 1655 1495 495
617 1513 1161 1847 1773 1795 63 1346 1785 1228 1019 540 2542 499 1535 832 1693 2022 2441 2827 2129 983 2016 1593 695 1176 1743 2190 310 2149 1561 1971 1856 291 132 2656 1257 95 182 1590 2202 149 1749 1476 2745 2111 576 88 1197 1333 1004 949 2437 824 596 1298 783 1631 954 1343 1166 1712 1836 1760 93 2242 407 1786 2547 895 1103 940 1914 1801 1087 2700 2238 1685 2737 1137 2112 2785 1672 75 1093 2409 1999 1434 766 614 240 1780 465 483 198 1353 1056 2784 898 290
2502 2567 924 2751 22 1171 2152 1288 1703 1214 2841 214 2109 1363 2216 785 1365 1866 909 1661 2726 1605 2507 2348 1953 1371 621 2141 1487 1602 189 1744 20 1139 84 2060 1032 183 1927 2263 167 96 106 454 744 1632 2162 171 997 2591 941 1907 419 1987 959 335 2160 2401 2079 2153 894 957 481 1217 2230 783 1525 949 815 2404 2197 2612 2554 1458 1471 1021 856 1018 782 2623 1027 2017 138 1315 252 2794 1995 506 2497 1251 1904 1216 1918 2806 1612 2164 198 602 2182 333
1056 1944 2294 2135 2741 1212 137 204 899 1606 2728 1055 116 2207 2842 1134 2511 1547 1463 97 246 2068 1935 1067 722 2665 725 2558 2041 79 2766 494 2435 447 2291 2057 686 2319 1899 1986 2580 2248 1874 1825 2305 692 165 2813 1076 574 2286 2825 1777 1185 790 1464 1223 140 2708 1126 2292 2736 647 1937 657 804 1452 2382 2639 146 682 2683 2393 677 1771 329 1639 948 2719 1868 442 1692 2438 2625 1892 1473 2062 274 1940 1275 2506 2499 1124 2611 1335 57 1962 1677 526 1018
264 837 2455 1009 2063 2484 1815 1159 2844 403 2797 2189 2092 741 299 1622 2833 2139 1814 2269 17 352 2412 2576 2776 1982 600 2548 2403 428 2486 1338 667 2371 2811 1925 2255 687 1571 2100 1735 846 2215 2731 317 1619 573 642 262 888 891 2662 1122 1589 90 267 1549 1539 1060 349 1238 1291 2338 577 1375 1862 2385 879 1629 1509 226 641 2039 857 1373 885 160 1229 801 2590 706 1660 2399 656 1350 2123 2727 1863 2771 1776 1341 2175 1607 2253 2356 2616 798 2206 913 2223
2512 1305 2218 222 1504 1436 1052 2362 897 2071 1933 1790 1638 2342 1736 755 2450 1806 935 2355 2750 850 2691 2201 1911 2156 1098 2096 836 1321 2645 1709 2432 144 2420 796 320 1273 1275 2698 580 1216 326 2687 412 653 1692 1682 216 159 561 127 61 2642 331 2407 1021 643 2311 207 1435 1715 1293 1097 525 2025 625 858 1479 612 1141 2452 33 1472 31 1506 1598 1662 430 252 455 2232 2565 290 402 296 344 225 1967 2611 1635 1248 1780 655 53 679 595 1356 1124 2301
1684 1360 1694 1630 2185 2616 1446 1411 665 2584 1112 1270 2298 1258 1294 795 1129 958 1939 2481 2246 2517 2801 787 2709 1278 2619 969 2372 143 2223 2444 1409 638 810 1445 71 511 2253 2271 1698 195 30 600 573 2466 1520 2100 1215 1291 307 352 577 2339 267 1238 2399 2648 2781 1514 2158 2595 1993 1009 1 2189 1338 1994 1572 234 1615 837 1618 414 2486 1349 17 1060 2727 1440 127 2710 642 1571 317 913 1622 2213 846 2226 1815 1524 697 892 2138 223 2635 2363 2412 2131
150 2263 1371 1525 1280 2623 1084 2572 2678 2141 1365 84 1596 1198 43 621 785 909 1866 2188 2562 2498 2541 1726 941 387 2720 106 183 894 2554 971 481 2688 1032 2386 1536 1802 1927 171 2442 96 419 644 2060 2348 1083 189 2503 1458 905 1632 2152 366 1318 214 1750 2514 1880 2374 2448 2401 474 2791 1352 1018 1108 2761 782 2505 2465 2807 2153 797 1568 624 2502 946 762 2091 1226 689 636 1283 938 1279 496 976 2293 422 455 1380 1987 1395 270 2232 300 543 2443 2132
1863 991 641 1295 1807 1373 2385 2771 2460 888 1735 262 687 879 127 1619 2363 1509 1549 557 1925 667 2710 1982 2175 428 1524 2371 1215 1242 1816 2139 2833 2607 2104 1660 273 2431 2576 1366 1081 1480 2633 2776 1530 2524 741 299 1078 583 1167 2092 1497 2298 226 2269 147 2184 2797 588 160 1803 2844 867 2189 2468 2801 1355 1025 1765 2403 577 1811 267 2094 814 1947 551 1814 385 1238 1862 472 1341 685 2619 2662 1291 976 1069 2517 2444 798 2595 1059 1196 1607 697 342 2758
957 1889 509 2464 2457 2404 2725 5 1515 609 1766 844 2448 244 1696 744 2128 2115 1616 1880 2468 1945 592 232 520 19 1556 1269 106 1637 43 1477 1596 2442 2720 2562 2566 1927 171 189 1364 815 1032 2740 424 621 2109 498 1251 2744 2060 1061 96 1987 1632 2182 387 2390 1733 2124 2354 183 2056 2153 894 2278 388 84 2612 2751 2522 2760 2168 163 2141 375 2591 2160 1326 481 2188 466 1064 644 2678 119 2197 45 80 473 419 2401 1108 1296 1722 941 2498 1802 1383 1280
304 2178 1213 2113 1394 2066 727 589 658 1175 1306 485 1951 1334 545 1798 1389 2323 2546 1361 962 1115 2787 2277 395 2249 529 1451 572 1106 2644 1230 1801 1559 2054 2759 1353 2579 374 2072 646 2022 1683 714 1558 2540 898 803 2000 822 614 2137 1197 525 1900 2311 989 1248 737 679 1207 1137 251 1883 625 113 2409 426 131 671 1435 1813 1928 1166 696 761 430 2762 2634 1505 324 788 341 581 125 1356 1333 2245 225 268 101 1912 1281 1923 1597 452 278 436 1881 2470
883 1546 1454 416 937 2331 538 843 1516 1946 1133 2843 2341 257 288 1871 2613 253 248 2609 336 1455 648 1800 392 1731 1138 1645 410 1634 434 1110 2394 2364 535 811 664 654 1079 673 2788 749 2697 27 525 1142 1780 49 2251 2716 1441 471 678 94 1424 717 593 1438 435 1941 402 2005 1924 162 605 2196 1650 1966 618 1248 2669 1435 1356 2219 216 1040 1419 2693 786 2610 2417 1131 2070 120 2470 1505 2822 1850 245 383 2244 2746 1715 1135 1781 2311 331 625 1894 1648
312 2832 1624 2501 987 2411 1644 1102 1934 2528 2044 1146 1656 2817 85 2790 635 1407 188 1405 817 611 2300 2082 221 547 556 943 1386 1319 1926 2270 4 59 2574 1545 2389 626 2397 1092 1552 1752 1737 606 2419 2367 1190 1202 712 1468 978 2424 2606 1942 463 1956 1484 1029 271 1173 1983 674 2208 1677 1339 1208 2265 238 2515 445 904 2105 283 1437 1313 1151 705 1056 864 259 1486 495 2214 2028 134 1220 274 2762 1782 1369 2477 2534 2692 1923 2527 1892 526 1896 2789 1617
2049 530 1301 1396 813 243 1105 446 1554 1604 1237 355 1567 1017 1370 631 2140 1058 1518 2282 1981 1290 2093 2064 921 451 984 2796 2596 2257 1331 607 2696 1614 908 662 1673 1909 1002 2392 1879 1613 1742 1384 394 1978 1119 1621 2458 2357 1495 2085 966 2660 942 337 660 1906 2543 542 2782 1681 710 487 1676 54 2259 360 1739 1705 1893 2243 1000 2006 1142 840 1808 2519 2664 1829 1275 175 1929 2600 89 1853 2311 1850 383 1039 1216 2417 1248 220 1781 561 131 1273 525 1787
1579 1063 841 1179 2328 2491 9 1977 2682 945 1770 639 1651 748 1578 114 227 515 887 2252 2647 1769 952 1583 1354 1920 919 916 930 2379 2729 1791 2792 2778 928 2042 1851 1657 1211 1531 118 998 763 2310 567 2065 982 819 1470 2225 2097 517 1585 1970 1667 778 2575 1854 382 2711 2723 808 923 1154 1367 2304 2618 2459 2488 2559 528 512 492 311 1566 31 2416 326 1271 566 2026 2349 7 1528 1368 159 98 580 455 1262 875 2093 579 331 975 2715 655 196 390 2693
1353 1883 2784 483 240 1300 1394 2277 2249 545 1801 529 1044 789 304 2066 2644 2178 1593 2579 989 395 1106 761 2113 1559 251 2381 341 1213 1898 2546 2000 2054 1996 1451 1115 926 1230 564 374 1427 2504 2317 328 1749 777 2288 1900 1091 1180 1093 101 230 572 766 1719 2114 679 1804 1818 1389 2311 1971 737 252 2759 625 1951 39 658 525 239 1786 1361 2040 576 1248 2280 834 1683 1435 2137 215 1598 2495 2787 1175 822 2238 2164 2091 2096 1363 727 2173 1505 407 1304 1677
645 2011 1649 1679 2707 947 1623 1054 1328 445 1029 1444 712 2840 1782 2836 169 2837 735 1663 1617 440 1045 2050 1552 2767 319 1381 2241 155 1422 1658 134 1840 1544 2130 1993 51 550 2439 1253 2628 179 2352 1218 463 1640 2419 1051 2631 2133 1261 1092 1486 611 518 1948 1208 900 1319 674 2574 197 194 305 965 1983 260 559 259 1307 659 2397 439 2741 2088 1674 188 59 1666 2652 915 2708 204 1369 1777 1484 2325 703 657 1437 1897 1501 1416 1934 347 2766 2287 563 2003
239 2164 2091 2794 1781 113 1356 2311 449 1435 1248 822 625 27 1505 2137 679 525 2809 1127 654 1299 1168 252 216 2669 1598 245 2025 1274 2070 1141 383 865 192 61 1780 49 838 207 2280 653 139 858 209 2279 225 2232 1787 296 356 408 696 2173 1506 1829 1282 331 2470 1011 1187 655 2396 1140 1961 2531 1262 268 2406 455 2316 31 33 1648 1037 1275 1472 2017 1875 2715 1124 721 671 782 580 2236 752 1018 1273 1924 2693 999 2402 1317 711 2053 1568 1715 726 2028
2141 2152 621 183 1987 909 1365 84 941 815 2502 481 1371 171 959 785 1866 214 45 2263 2182 2056 1251 2522 506 1288 2503 1139 1703 1064 1364 270 2760 1605 2608 1283 2612 2841 236 106 1363 2401 2216 396 2720 565 2761 1768 43 1596 2197 1108 1286 2751 387 2188 2048 971 1525 2831 1953 1802 2562 644 2348 1032 2498 189 2705 2688 244 1927 1171 2567 1632 150 2060 2442 2677 957 2278 1458 1844 1536 1280 22 2115 636 1214 2386 949 2109 398 1199 2627 2425 2807 782 1018 1560
1416 1096 1948 1362 1897 497 1586 992 2046 2815 2272 1316 1860 1218 1051 1636 2352 2721 64 1569 715 100 1261 712 305 1496 2628 439 562 51 155 1796 1640 1965 1658 2713 1381 48 1993 1782 2836 1617 194 2034 1552 188 2241 2556 2545 2767 1584 201 260 1369 1422 1319 611 547 259 1029 947 1045 319 1878 1840 2419 2650 978 1123 1054 1663 2755 900 2837 2088 2840 556 550 659 168 899 563 559 1386 1356 445 2826 1328 1307 1435 2433 1027 2270 1899 1701 645 463 2167 1710 1777
575 1104 2550 1507 1669 107 2604 2641 2414 1177 2019 2176 55 728 397 1194 1244 2136 2754 393 1691 1646 863 845 2518 2395 1016 1120 339 584 1147 1450 2275 1678 373 830 2383 1732 603 1073 1620 1523 441 2080 2695 1482 751 357 2254 1805 457 2701 2297 2192 775 2233 794 2586 2247 1734 2630 2595 2780 1372 1832 2347 1611 2621 2368 2447 1626 279 2345 2211 1014 960 2329 1959 2653 469 2360 2326 2020 876 1192 379 2651 1028 818 2240 102 371 2159 187 2637 2036 2234 1809 2802 693
1137 614 1590 1087 1207 2072 93 895 1558 1166 1257 898 714 2409 1928 1971 803 1786 2022 1346 1019 63 1197 2000 1357 2759 1535 634 1333 1597 1561 1801 1334 291 2143 1106 2242 374 426 182 24 1559 1389 2542 465 1298 1180 39 1300 76 1689 2129 2546 1593 1785 1631 1693 751 1883 2114 2024 2066 2495 1213 2493 2324 564 1115 2277 1818 1749 989 2054 1353 240 1091 1912 954 540 2235 2784 1538 676 926 581 251 2504 792 1394 2184 2430 2025 832 1026 215 1685 430 2149 2656 2699
257 2843 1871 1731 1138 2613 1800 1645 288 2516 2609 406 2145 742 1779 1385 1007 1707 1526 519 1894 1992 1325 1511 1969 416 1442 2377 1527 2763 535 773 2102 392 937 1419 1068 301 730 749 410 1455 811 1079 1516 338 365 1466 336 2341 253 544 2730 2788 435 1498 709 2417 1131 678 2290 1040 673 2219 855 1966 1311 434 2830 2560 2196 1783 1670 112 2331 821 1913 2549 186 774 2492 2006 1020 1379 593 1174 2005 1142 605 1424 2364 2299 1110 1005 1968 1794 2746 1581 1094 1309
967 1804 1719 91 792 2296 2235 739 2024 1689 1593 230 1996 1091 777 24 926 2430 634 2143 564 2756 2281 499 2638 1597 426 1818 39 1093 2021 1180 2288 853 754 766 2242 1231 407 1728 2495 240 2533 2320 483 76 1801 29 1357 2784 540 2238 293 2673 1749 1149 1856 2224 2111 1353 462 1024 2396 2017 1692 2785 291 95 33 61 1598 252 1506 192 207 2569 858 949 1662 1787 1273 49 1216 1293 783 328 1168 1299 2438 2806 1022 2465 2505 576 295 184 1535 2279 2698 2744
1113 1371 1084 1280 2572 2263 1525 1960 2503 1144 1866 1687 851 2116 2494 2115 815 84 327 40 941 1987 940 398 2623 1198 592 1458 2678 2751 1616 1139 2245 2386 275 2197 106 2056 2348 785 1365 1602 2303 1064 1661 1004 1400 171 621 244 2141 856 1922 183 1477 270 2152 1927 2112 1282 1787 2620 1641 214 455 2571 225 1343 356 1013 1298 2025 61 1336 1632 2058 45 207 2737 629 894 1263 49 408 2062 2396 1011 96 2794 2053 2182 2522 1659 1781 167 654 1315 296 2203 594
2249 761 2317 727 1394 658 16 304 589 2178 1447 1334 44 1306 1175 1483 1631 2113 1951 485 1469 1213 2066 376 1389 2277 1361 2546 545 1449 1044 1801 1798 1914 1115 2054 1106 2787 1559 1749 1451 783 2323 1353 1057 679 625 291 2785 2634 2311 60 834 1561 1435 290 782 2398 1363 1027 1026 1248 905 2000 2762 2437 1018 2086 2091 525 822 474 529 788 1220 962 104 2137 1941 430 278 572 1263 1912 1250 840 1288 52 1923 628 89 2679 2285 1472 452 2632 225 1465 2164 1598
1353 1883 2784 240 483 1300 1394 545 2277 304 529 1801 2066 2178 2113 1213 2249 395 789 1044 2546 2644 1106 2579 1115 1559 989 1593 1389 1230 1951 2000 2054 1175 658 727 572 1306 251 1451 2787 1898 1361 341 1798 589 2381 962 761 2504 328 926 374 1093 485 2759 2114 737 1683 564 2288 1180 101 1334 1996 1427 646 1719 2311 679 252 766 2323 1818 1248 525 1363 39 625 1900 239 215 175 1786 230 1971 1091 430 1804 2238 777 822 1749 1435 1598 1288 412 1178 2634 1703
802 429 1492 142 1890 555 868 176 554 2078 2029 1888 2668 2333 2743 1033 1562 2786 2227 1393 1256 289 979 1686 2108 432 1431 886 417 1418 1430 2423 340 597 1699 62 1053 21 2451 361 2384 302 681 1398 199 1886 292 1553 878 36 78 893 332 1065 2117 743 2267 2380 1236 866 571 536 733 2217 1038 427 680 901 2421 1588 1132 121 1754 2415 1187 1041 27 192 988 2406 2568 323 1272 654 2594 1011 1648 2025 245 261 92 31 1268 1317 1462 1124 139 877 159 552
79 2068 1067 2665 722 2305 350 246 1134 2511 1547 2842 97 1463 204 1935 2041 116 1606 1212 2135 2741 137 899 2292 1126 692 2736 2825 2319 442 1962 2766 790 447 2294 2813 2719 2558 2382 686 2728 2248 1937 1056 1944 1076 1055 329 1464 2436 2286 1639 804 677 2598 362 2506 2393 2207 725 682 2438 948 28 974 1223 2687 449 313 1592 2569 847 574 494 2806 175 491 1275 1841 1777 523 1942 2639 2683 1475 2794 271 239 647 1874 1555 2250 2291 1563 1680 1781 1293 2057 1899
2843 257 1731 1138 1871 288 2613 2516 1800 2609 1645 1526 1707 2145 1779 406 1969 519 1511 1385 1325 1442 1007 1992 730 416 338 1068 937 749 1466 2290 2746 392 1005 2730 1174 410 2005 678 2299 2492 2788 2364 2377 673 535 855 2102 1379 1243 2251 774 1894 2560 435 2417 742 593 112 1131 2549 1581 1527 1913 1142 1670 1968 1020 336 544 365 2830 1783 1079 1794 1966 1455 1094 301 2151 2006 2341 1516 2763 1936 1573 811 2680 773 253 1309 1110 2196 1634 1311 1424 2243 1498 434
1001 2121 1810 67 2509 2583 1012 2350 627 249 1406 1075 202 1944 1055 2728 899 725 2294 2291 2057 2207 494 2825 1195 574 137 1212 2766 1594 1609 404 2329 2719 1606 2435 2736 2741 1805 2558 686 204 1874 677 2248 447 1825 2135 1869 2813 2701 1899 165 2842 359 2240 775 2748 1463 378 1056 692 1590 2319 1611 321 1832 2068 876 1223 1372 1935 2020 93 1441 2382 116 2347 1937 2368 1943 145 1067 371 192 2651 1787 2804 895 2665 1126 1076 2780 2297 902 1547 2447 1689 338 344
2265 1955 2789 1314 2306 890 1543 507 1885 1117 1099 649 1650 1135 872 2597 2764 2199 2610 316 1917 68 2814 1441 2105 1109 1873 1010 2799 771 261 553 1182 1991 2144 968 1823 162 367 963 699 235 2822 2212 1327 2237 1164 2770 1852 1774 552 877 2681 2594 2527 2774 1003 120 2177 1156 1974 1376 2343 92 2812 740 533 972 1461 1746 1111 1302 109 670 2773 2052 1332 2592 602 2193 414 2322 633 354 772 587 1680 2742 2191 238 503 2250 2557 671 711 1956 532 1339 2028 2181
2792 118 567 998 1583 2065 1791 515 9 808 2491 2328 1579 919 1769 1354 952 930 1179 2778 2711 2379 7 2729 928 1851 778 382 1657 1977 1970 114 517 841 1854 923 2304 1211 1531 887 1770 639 975 2682 982 1063 2793 227 748 945 1651 1271 2252 875 1920 2647 311 1578 763 1210 151 1470 2618 2559 819 916 2349 2310 2042 2416 2225 528 1667 1239 1585 1154 2097 1528 2488 2575 2723 159 2459 1367 579 492 1293 580 1831 1755 999 1655 587 653 1097 326 430 31 1378 2361
8 1671 1474 745 325 2449 2535 2706 829 1537 1153 669 690 1387 1761 661 1227 1044 2168 750 2468 334 1541 2261 820 448 476 2387 1865 459 1603 229 123 411 2194 2167 2268 882 1844 1560 23 1080 922 2311 685 1524 2634 1008 1286 1863 468 1356 619 654 1248 1456 1875 1435 840 525 2710 2363 33 2137 1308 1373 252 131 268 822 2150 1275 679 1090 1916 430 127 1763 625 1188 1904 1059 2407 295 2352 2285 577 1505 2771 1638 307 935 475 2398 927 2657 216 2164 2460 997
1663 947 1649 712 2767 1444 1782 2836 1993 1328 1422 1054 169 2837 1045 1617 1679 1623 735 2707 1381 2050 2241 1658 440 1029 2130 1544 550 2011 645 155 445 2439 1840 2840 179 1261 2628 1218 1552 51 2631 1051 194 2352 1369 1640 134 463 518 197 2649 1948 305 319 1416 1096 1870 663 1897 1362 439 715 2580 1569 26 1860 2454 1417 925 238 900 965 1777 1489 48 64 2419 562 2721 100 260 2708 772 1796 1452 1710 860 348 1185 657 559 703 140 1868 2741 899 1486 995
2545 2034 1796 2433 100 715 64 48 1569 2713 2721 1490 2376 1453 2309 439 1860 562 201 1640 305 1901 51 155 1316 1584 1496 2650 1636 2755 2023 2556 1965 2045 2815 2272 168 747 1362 260 1897 1878 2826 1096 2088 659 547 455 503 1051 563 1262 663 580 1416 497 225 712 31 550 1899 159 2248 711 418 207 1586 2631 2553 192 331 1840 61 1293 1369 899 1680 2770 2419 670 2017 655 1606 653 786 1216 26 1481 1011 486 1461 654 1097 1317 1756 1831 1148 1395 52 1472
2269 2092 299 2797 2833 2139 2844 2576 352 2776 1814 1982 2371 428 1925 1009 264 741 837 1735 577 667 1815 1122 1539 1619 1549 2094 160 147 403 879 2455 1159 1629 2403 226 2175 2063 1816 1366 1530 2595 1349 2484 2731 1059 1660 551 1480 2758 1078 2633 1520 1069 685 262 888 641 2607 342 2460 2385 1607 1 1803 557 127 1295 1589 307 1373 2189 2399 2215 1524 1341 166 1571 2738 1025 1060 2771 2710 234 273 1807 1421 1618 1509 1862 1863 2104 2648 2100 2727 1242 2226 2213 2138
419 2153 894 2554 96 1927 1632 106 189 1032 2060 2567 1171 22 1214 2751 2109 1661 2726 2502 924 1995 785 481 1288 1703 1286 1363 2216 2401 1013 744 1336 1744 2162 1749 2841 1251 2612 2555 2152 333 171 2720 815 2831 1987 20 1365 834 2160 856 2058 454 167 644 1605 2079 1277 1727 2278 2571 45 661 636 1315 783 2733 506 2442 2313 1108 2688 2141 2404 621 592 971 2197 1763 84 1217 2168 1892 2522 2425 309 387 1283 42 1364 2807 752 181 1662 2507 782 1004 476 2194
1125 2777 1753 2772 2077 2478 70 2561 2510 431 2161 1759 1035 1842 1252 1839 2015 2757 18 951 1834 315 2818 1557 1390 601 2622 1165 2 2302 2663 191 297 103 1821 1323 175 1186 412 284 1235 369 1720 89 561 1389 277 578 847 2314 478 2228 502 2632 1303 1018 767 1378 1022 688 430 467 990 2687 1465 1563 1220 1391 2398 501 758 1916 1048 753 2759 495 2765 2279 1923 1831 782 523 68 2244 1608 1881 2181 1908 2283 108 1027 1827 2764 252 33 840 1472 452 2144 1941
1357 2495 564 76 39 926 1091 230 1818 2288 1180 777 1996 2281 1786 1971 1257 1538 2489 2699 1846 2224 2324 2493 2247 739 2114 1106 989 614 2000 1137 751 1559 1087 1207 215 1804 1353 2072 737 1900 920 803 2073 2504 364 917 436 2239 341 455 1536 1950 541 462 138 2787 1026 792 108 636 956 1262 967 1719 2033 1048 766 2398 1912 788 2040 758 1018 654 1318 2017 902 2407 471 1601 1662 653 782 1192 1220 753 1961 346 33 2465 2505 2632 321 200 1568 895 1124 1943
79 2068 2305 2665 1067 722 350 246 2511 1134 1547 2842 97 204 1463 1935 2041 116 1606 2135 1212 2741 137 899 2736 692 1126 2292 2825 2319 2766 442 2294 1962 1944 2728 1055 447 1056 790 2719 2813 2558 686 2207 1076 2382 1937 2248 725 677 2286 1464 362 329 804 2436 1639 2598 974 2506 1841 574 1275 2393 165 2438 1777 682 1781 948 239 2687 494 2794 2806 449 1899 2291 2057 2164 1223 1874 28 2569 1293 491 525 1037 580 295 2091 313 1892 1831 1475 2580 1787 1592 2059
2011 2707 1679 1623 645 1054 1328 1444 445 947 1663 1649 2840 319 712 2837 169 1782 2836 735 2767 1029 2050 1552 1045 1617 1253 2130 1381 2241 1422 1544 440 1658 1993 1261 1218 2439 2287 134 2628 155 1640 2352 900 51 179 1586 965 2046 2133 1897 497 194 1840 1416 1860 992 1208 1948 563 674 1051 1486 1362 1710 305 2272 562 1307 1096 2631 1437 1777 769 1123 259 260 2419 624 550 1868 463 2553 2482 1452 123 1757 2708 2580 1489 938 882 2735 2713 1027 1775 1369 703 2650
2666 650 2171 2816 1916 2346 2810 2043 475 1723 1891 807 411 372 2841 820 1570 1603 1697 759 1188 922 1260 285 1541 2643 468 750 1865 334 1456 1153 1221 1763 546 1284 6 2167 1702 122 620 829 1227 2268 732 1858 37 1761 1090 181 298 2313 582 980 1884 1139 2398 1797 2634 459 131 822 753 2632 669 2261 2311 2061 1220 2137 1972 661 138 268 252 973 1875 430 758 1048 1435 1711 840 1465 525 1248 1285 2285 2611 936 1356 2118 108 1026 721 290 1395 2025 2402 780
2053 1037 1140 1124 1967 1635 390 1011 1395 1187 1317 1755 1756 1568 805 1921 2236 2402 721 1647 1972 799 2061 331 1216 430 1648 2406 1715 220 1274 1475 2693 314 1050 295 1829 655 1008 1303 2806 27 2279 1612 561 1472 653 455 2301 1273 391 344 2698 1275 412 2531 1730 2687 2407 1929 2765 1024 2715 1262 1918 1240 726 999 936 580 31 1127 1924 1293 326 484 1097 159 2232 268 1843 504 452 2059 131 1831 1875 1655 1789 1143 1018 1506 782 1706 927 1780 464 1822 1118 33
1559 2000 1106 2072 1207 1558 1087 714 1361 614 646 1137 1451 898 2540 1427 962 572 2644 803 395 1798 2323 1230 2787 1928 529 545 251 2546 895 1166 1115 374 1394 1389 93 2409 1334 737 1590 1175 2381 101 1951 2054 1306 589 485 1883 2066 2784 658 989 727 1257 2040 1213 364 215 341 1353 1300 1900 436 2277 1898 2504 1786 1683 2113 2178 304 2759 1197 2579 1971 789 1801 240 2114 483 634 2242 426 2238 766 1597 328 1093 407 24 2430 2143 853 293 2024 1689 39 1561
2011 2707 1679 1623 645 1054 1328 1444 445 1663 947 1649 2840 319 712 2837 169 1782 2836 1029 735 2767 1552 1045 1617 2050 2130 1381 1422 1993 1253 2241 440 1658 1544 134 1261 155 1218 2287 1948 1416 1640 900 2352 51 1860 1897 2628 674 2133 2439 305 1208 1096 1586 1369 1486 2419 1710 179 1307 2708 563 497 260 1362 2046 463 1437 992 1777 1868 1051 965 1185 562 194 1452 1569 2580 657 2272 259 559 2713 140 550 2766 1092 1711 1899 2599 1046 447 1983 2762 64 1840 2397
2749 798 2403 2740 934 185 2198 2187 1348 1675 1059 2473 2155 884 1576 154 2811 842 267 1494 1716 2588 203 1377 1292 2206 1857 2548 1030 1238 2002 242 880 1653 891 438 170 1291 287 342 2127 1375 130 551 158 82 2662 1432 1193 470 2581 1086 1522 2709 2175 2468 2703 1811 2431 1524 1803 2694 2710 514 685 127 1735 1863 2385 385 77 2444 641 1060 428 1072 1345 2771 1373 1539 1167 814 2399 262 1025 2797 1530 1078 1826 667 90 2776 1619 2371 472 1275 1295 1807 1815 147
1697 2268 2167 807 759 1260 1570 285 2643 468 411 922 1221 1188 546 1456 6 1763 1284 1865 1702 459 122 620 37 732 181 1891 582 2118 973 1858 2171 298 2816 1090 1082 1610 1884 980 2043 650 586 475 2666 1797 1916 448 1723 1285 2313 2346 1308 1015 2810 372 1083 443 2706 820 1603 229 1006 2476 829 669 1227 1882 1153 2425 956 661 2194 2261 2841 2468 1541 690 1761 334 476 1139 1380 1537 2807 275 796 1048 721 1647 138 750 1018 1318 1972 2061 2611 2632 753 108
1416 1096 1948 1362 1897 497 1586 992 2046 2815 2272 1316 1636 1218 1051 2352 2721 1860 64 1569 715 712 1261 1496 439 305 100 2628 48 155 1993 1381 1658 1965 51 1796 1782 1640 562 1552 2836 1617 2241 2713 260 188 194 1319 2034 259 2767 611 547 659 1878 1584 2556 2545 1899 1369 978 899 2419 1422 947 1148 1045 2708 1840 1123 201 319 1356 1606 1054 900 563 1777 2088 1386 556 1185 168 1029 2270 1435 478 108 2135 559 1248 2840 927 2553 2650 1046 363 2435 1701 2826
2034 2545 1796 2433 715 1569 100 48 64 2721 1490 2376 1453 2309 562 1901 2713 1640 439 305 51 2650 1860 155 201 168 1316 1584 260 2553 712 2088 899 204 1392 1096 1369 2135 2842 1416 1034 1606 486 1496 2698 2513 1680 563 238 559 659 1948 26 1273 2322 2511 772 2419 57 1362 2068 1275 1878 412 2632 927 1636 793 2286 116 503 2250 711 188 1435 2193 1956 1506 1543 1216 2708 331 2017 1293 784 655 2826 1117 1076 2665 2155 1303 1777 643 1899 2715 159 1692 872 782
1865 1227 411 2261 476 2194 1188 2823 669 661 122 829 1284 1456 922 1761 1153 2168 281 629 229 2627 468 1858 37 1763 2313 1697 1260 448 1082 2167 586 1090 2268 807 1560 443 1308 396 459 1610 759 2071 1933 2201 1015 1006 2118 298 1305 1052 1736 2362 620 1702 6 2425 2750 1638 285 2387 181 1570 980 1806 2643 2611 1387 222 546 820 755 935 454 1436 1790 2476 897 334 2432 138 732 1709 750 2342 2677 936 2569 2465 2505 758 2816 1884 1612 1097 1797 1504 1098 1911
546 1221 582 285 6 2643 732 1702 620 1083 181 1797 759 1260 1697 468 2476 807 1570 1882 1139 2807 1891 1318 636 956 2425 1865 2278 973 2313 411 2167 2194 1536 661 1199 1858 2816 1188 1723 2261 2268 475 229 448 669 1768 1380 42 922 2346 1227 2043 2171 820 1916 2168 650 476 2677 2841 1018 298 2402 281 2627 721 2118 2810 98 1647 2678 459 644 2688 387 1972 1560 782 2831 2720 1011 758 2705 2468 1610 1262 396 2611 1472 1692 653 2715 580 455 2236 1884 829 936
291 1535 1801 1631 540 832 1346 1561 1593 2277 1483 16 44 1447 376 483 2129 1300 1469 240 2542 1749 1672 792 2784 2235 465 1590 2437 617 91 1804 2054 895 93 576 529 1883 614 2785 1914 967 1353 2759 1197 2409 2317 2296 789 2000 1019 63 761 2579 1990 2249 499 1166 1836 1137 2242 1513 1161 1847 1334 1689 1719 898 2700 634 2024 1228 1743 2143 803 1693 1087 24 1928 1785 1597 2053 192 580 1257 31 95 2430 61 824 408 1282 739 1394 207 1996 1178 1822 2062 1293
2224 27 1187 653 2693 2406 1648 1780 1127 1715 1050 390 1635 1967 799 314 1274 1598 1755 858 2053 1435 805 1248 1505 2470 216 1140 1356 1216 679 225 525 625 344 654 207 1124 1787 1011 31 192 1317 2311 383 61 1395 2669 1037 1299 1168 1756 2025 1141 853 2396 49 1568 408 2070 245 739 2279 1282 331 356 2343 580 1924 209 2280 326 2173 296 838 2715 139 391 1555 113 252 1829 430 1774 120 2236 2402 2773 1156 1746 261 455 2557 2594 552 2017 76 2683 1099 822
2528 1644 1934 2411 1656 2044 2817 1102 2501 1624 188 2832 312 2790 85 987 943 817 611 1926 221 1407 1319 2300 1405 635 556 2545 547 2034 1796 1386 439 659 712 64 1146 2397 2082 51 2419 1092 155 2574 1782 305 1484 2270 201 978 224 259 1369 1422 559 1640 2826 2836 2652 1617 550 1552 1983 413 1029 1173 1437 1835 2133 347 2088 1582 1584 2358 2599 260 59 1416 1860 1501 2325 1428 1203 1208 1342 1222 2003 738 1486 128 351 2766 2713 2762 4 925 1674 1666 977 985
1008 655 2301 1011 2765 430 1730 331 2407 295 2806 2236 1124 1140 1037 1568 1275 2053 1475 1929 2687 504 1220 2142 1024 1273 452 1216 758 344 467 2634 1039 2698 1967 389 241 840 268 1503 1635 753 478 2531 1378 1829 2398 390 726 391 1022 999 220 89 455 108 131 1875 628 1187 1240 346 1843 1612 484 363 1662 2505 2465 1918 2059 1048 2285 1303 2821 53 495 936 1789 314 2715 927 1648 1831 464 1715 2565 786 1655 2279 1706 402 1274 1026 33 2244 471 2467 806 2429
957 1889 509 2404 2457 5 2464 2725 1515 844 1766 609 2448 744 244 1696 2128 1032 1880 189 481 2060 2115 106 1286 815 171 2468 1927 592 183 2153 2109 2554 894 96 419 2612 621 1364 1251 1632 1596 387 2197 2401 1556 2720 2442 1802 2562 2522 2760 2182 1616 1987 84 1064 2498 959 941 2831 644 45 1844 2608 1637 565 43 506 2056 2705 2188 300 236 1171 2476 2160 2751 2141 2503 2168 1945 1108 2591 19 762 971 22 2278 2726 2079 2740 2263 1315 2807 636 2688 1214 1013
2548 687 1925 1619 879 1375 667 2139 2662 2844 1982 2833 2092 1814 2460 2371 1863 641 2363 2576 1373 2385 226 1735 557 2633 1660 741 2771 1366 837 267 2269 2468 428 1009 2607 1816 262 2403 2175 1238 2727 299 160 1480 2776 814 1291 551 2797 857 2431 2456 2039 1025 991 2206 1078 2298 888 2189 1549 2186 2399 133 342 913 2590 570 2541 2672 1524 2215 1530 2710 1792 797 1520 228 385 1350 1 1572 2158 859 1457 2226 1043 1776 969 1551 264 421 2356 1887 1815 1122 1295 366
1011 1140 1124 1568 1829 2053 455 1024 1037 2531 2765 331 655 1008 1967 1273 1216 1635 390 2698 430 1262 2236 1715 314 2693 452 1050 2301 268 1730 1875 799 344 726 1843 2407 1475 295 1187 1274 131 1612 1648 2406 1755 2142 391 2565 2806 2715 1503 1275 805 2285 495 1918 220 53 241 1317 1756 290 2279 33 1929 2232 2687 1395 999 1941 1506 478 758 504 1303 1500 1924 936 1220 1789 389 467 753 464 927 363 1706 346 1662 2398 822 484 2059 2137 2505 2465 108 1831 1378
150 2263 1525 2623 1371 1280 1084 2572 2678 1198 1726 1596 2141 43 2386 2188 2562 2498 387 2720 1365 106 971 894 621 1802 2554 1536 644 2442 2688 96 1880 1032 2791 84 1199 1083 2541 419 1318 1927 2060 189 905 2514 1458 300 1632 2503 762 785 1018 2807 782 1750 2303 2718 1866 2153 212 1568 2448 946 874 183 2465 2505 2374 2278 2401 636 481 624 58 909 455 2734 1226 2053 1472 171 1108 2293 941 1262 2687 2091 1352 2232 2831 1124 1692 1380 2197 1822 1251 474 2348 2761
848 1830 702 931 1114 768 903 65 2388 1107 1767 1310 1908 284 1254 1608 1720 1821 835 1845 2624 1512 2471 2601 297 1340 502 990 126 1235 250 1975 103 684 1323 578 2276 688 1186 1413 1391 2314 522 2667 2056 2759 999 721 973 962 331 464 1706 726 225 534 927 1465 1011 298 2402 2429 1831 780 1647 2061 1756 936 2236 2715 1972 455 363 1921 786 2062 806 2687 61 290 2465 2505 1140 418 655 1570 1918 1789 1472 525 81 478 1395 1275 1662 1475 654 1692 1262 1655
1334 485 2323 1306 1175 1951 589 727 658 426 1597 634 962 24 714 2143 898 1798 1928 1558 2024 1166 2430 2409 1689 93 1361 895 1207 1590 853 2072 2787 1213 1197 1087 614 572 1137 646 1230 1451 2113 2066 2540 2178 1389 304 1115 529 1394 395 2644 2638 1559 2546 2000 2667 2054 803 1257 1106 2320 1149 293 1561 2759 1427 739 2277 2533 545 1683 286 2673 29 374 2224 737 2172 754 2242 251 2040 2756 1971 364 1786 1719 436 1801 215 2324 1869 750 101 581 1900 92 315
350 2305 79 1067 2068 2665 722 246 2511 1134 1547 2842 2813 2248 1937 97 686 2382 204 2598 1076 2286 974 1463 2580 948 2436 1464 1639 574 1935 2393 2041 1777 140 329 804 1606 116 1874 1212 2741 2135 1452 1223 146 1868 647 677 2435 2683 1185 682 2057 2639 1899 899 2438 491 137 2569 2291 494 1592 657 692 1962 2708 1126 2292 442 2319 790 217 1183 2506 2736 1944 2825 2719 482 2294 1771 2427 508 1330 2766 255 2499 1275 2322 313 2625 12 2687 28 2681 1892 633 1831
1863 1807 1295 991 641 2771 1373 2385 262 888 1735 1619 1509 667 687 2460 879 1925 1549 1982 127 557 2371 2363 2710 428 2175 1524 2139 1242 2833 1215 2776 2576 299 741 1816 2092 2269 2431 2298 2797 1660 273 226 2844 2104 1167 2607 1530 2524 1366 1480 1078 2633 2189 1803 147 2468 1814 1811 2403 685 267 1081 1238 2801 1291 867 1355 160 583 2517 1862 385 2444 472 577 2595 1059 1497 1025 2662 2184 551 2094 1341 814 798 1684 1947 1069 2619 1765 588 352 1607 2738 697 342
2491 2328 2792 9 1179 515 1579 118 1977 1791 841 567 1354 887 1769 952 919 1583 2065 930 945 2778 2379 2682 1770 1063 1531 748 1851 639 114 2729 928 998 1651 1657 1578 2647 1470 923 2304 819 1920 808 1211 227 763 1585 1854 982 1667 2097 2252 7 2711 1970 2310 916 517 382 2559 2618 2575 778 975 311 2723 1154 2459 492 2225 1271 2488 151 2793 2349 875 2042 1367 528 579 1210 1528 2416 566 512 1239 98 353 2693 2074 910 261 2773 633 25 399 2026 2081 587
2152 2502 1365 621 183 2141 1987 909 84 941 815 1866 1605 785 481 1371 214 959 171 1139 45 2056 2182 2263 1251 2522 2751 2503 2760 1064 2841 2348 1953 2608 1364 236 506 565 1703 2831 2705 1288 2612 1286 270 396 1363 2216 1283 1768 2761 106 1171 2401 2048 2720 2197 1525 2567 244 1214 387 2188 43 2677 1032 1596 22 1802 2498 189 971 1844 2562 2115 644 2688 1108 1602 1458 2060 1560 2109 2442 1927 2425 398 1632 1616 2627 2386 1280 1199 744 957 1084 1221 1113 1570 594
577 147 2094 2595 1530 1816 1366 1480 1660 1078 160 2607 273 2633 2104 2710 127 879 1167 1355 551 1069 2758 1025 557 1803 1607 1059 1863 342 2460 2363 2648 1341 1925 2738 166 2444 1619 1242 2431 385 867 814 1421 2524 1811 2269 1982 2175 1735 2576 641 2833 1295 226 1509 2092 299 1629 2139 1807 685 352 1524 667 2468 2371 2266 428 991 1549 2385 2776 1373 307 2771 1862 2727 262 888 2213 2399 1 472 741 2820 1349 1520 2189 2013 2835 1215 2740 2797 1060 1539 267 913 1572
614 1137 1590 1087 2072 1207 93 895 1558 714 898 2409 1257 1166 1928 1971 2022 803 1786 2066 1213 2759 1197 1389 63 1115 1106 1334 2546 2113 1019 374 2000 304 1300 1801 1883 2178 1559 1175 634 2579 529 1353 485 1597 2277 240 426 2784 545 962 1951 1394 483 251 24 2242 1798 1357 2787 1333 1561 2143 989 215 2054 1361 2323 2024 39 1180 646 1689 101 2504 1593 2644 2114 1230 1683 2430 737 1306 436 572 789 364 1427 1451 581 2040 407 1346 727 1900 291 1898 658 2540
536 1132 1588 121 193 988 2090 569 36 1268 1431 680 332 733 2117 340 571 1065 500 866 2137 2743 412 1393 979 1275 822 2668 2795 2279 2406 252 782 1568 141 864 1018 2055 1240 2570 274 878 1499 2098 608 508 1356 561 2786 1472 1248 655 2632 671 2839 113 1435 444 705 505 2108 1764 526 994 927 2232 840 1562 383 1956 1303 1033 2311 1817 430 1329 1418 1829 580 1648 753 2144 28 31 216 2552 2191 2779 2029 2164 2227 2762 2698 628 1677 625 2770 295 322 2091
537 2138 1060 961 352 1101 2811 2412 2255 1349 2213 1618 317 1862 2403 573 2340 1338 2781 17 2486 846 600 1571 1540 685 2100 2338 1520 1622 2399 2635 234 642 969 307 2226 1 2473 1159 1572 403 2339 913 1025 2189 2727 1815 2215 2063 2484 1803 2455 267 1291 1539 1238 577 837 127 2709 1009 2595 147 2648 891 879 2758 1242 511 264 1421 385 1816 1069 2738 892 2797 472 1341 557 2710 2266 2431 428 1615 2094 2269 1607 1811 1735 1619 349 867 166 223 2776 90 414 299
1394 1353 304 2066 2178 2113 1213 545 1883 2784 1300 240 1389 483 2546 529 2277 727 658 1115 1175 589 1801 1951 395 485 1306 2249 2644 1361 1334 1798 1106 2000 1559 2787 962 1230 2323 1451 789 2054 572 2579 251 2540 1427 1593 1044 646 1898 341 737 2504 2072 989 761 1683 1093 614 1087 2381 101 374 1558 364 2759 766 215 1719 1804 898 803 1180 1996 926 1900 714 2114 1137 525 44 2040 1091 1447 16 679 625 2311 252 407 245 2288 39 328 2396 2137 822 1598 1435
150 2263 1371 1525 2623 1365 2141 1280 1084 785 621 909 84 1866 2678 43 2572 1596 2498 2188 214 171 183 1927 2502 106 2720 387 2562 2442 941 1032 270 2688 189 1536 1283 894 644 1198 2401 96 1108 2060 1318 1458 1726 2386 2807 481 971 2152 2554 2761 2541 419 647 2448 1632 782 2048 752 1018 959 2160 1987 949 1083 2591 815 138 1692 1612 2503 2465 2505 2612 1251 2639 2079 1768 636 398 2278 643 2230 861 1568 2164 455 2611 1013 1472 45 1395 2632 1802 1364 181 423
2249 783 761 213 757 949 558 2413 135 1999 2317 1728 60 1304 2408 2737 2295 1533 1231 80 520 2497 1004 198 1103 2533 1945 2354 1312 184 29 1383 1269 1197 2404 2464 1766 1296 1712 2112 19 424 149 119 252 2725 2390 286 1477 940 1722 1760 2320 75 232 1529 1867 1019 274 752 526 1248 430 1780 2311 1435 864 625 994 1849 1149 182 1335 113 957 244 1904 2398 2625 1631 679 1892 2279 608 1918 753 974 2756 1889 412 1942 1771 1612 2164 1220 2566 858 1275 2172 383
1125 70 1753 2777 2772 2077 2478 2561 2510 431 2161 1759 1035 2757 315 1252 1839 2015 1557 1390 1165 2622 1834 951 18 2302 1842 601 191 2818 2 2663 767 1235 277 688 297 1186 103 1323 1391 2314 284 1908 2685 2686 2759 578 1980 2471 1389 495 485 2228 1747 962 125 412 2765 2398 847 430 478 1923 369 999 175 502 467 758 990 753 2276 2301 89 1881 1378 1018 1756 2624 2402 1951 1465 927 81 2589 1798 1027 452 2315 475 2407 1220 1022 1413 2244 268 1356 1912 734
2034 2433 2545 1569 715 1796 100 48 1453 1490 2376 2721 64 2309 1901 2713 1640 305 562 1860 201 51 439 2650 155 168 1316 1392 1496 2068 204 659 2511 260 2553 2842 1765 2665 486 559 2135 1034 899 1606 563 57 2155 1547 2007 116 784 793 722 798 1046 2322 1680 1369 2826 1193 2419 927 712 2088 2632 499 2708 2556 79 210 1584 1134 137 1848 77 2694 2700 1293 1576 1275 1636 412 2581 1076 772 1831 2741 185 2250 1021 2286 1983 1655 1234 1435 1428 246 2794 26 1789
2045 1584 2023 2755 747 258 1774 611 1604 1319 31 235 162 1829 1746 1466 730 2715 1118 519 2316 2763 2698 1273 326 643 2343 478 1301 367 1216 1852 1356 200 1692 159 523 2093 1707 1924 2822 580 1822 446 1981 2610 1650 1029 1293 2770 1800 2017 338 89 2199 430 331 1516 52 1164 1182 2055 2140 1780 1140 1441 1039 872 1435 2611 654 2144 1248 274 633 141 261 2569 507 726 1275 1592 1237 27 968 1143 503 655 2789 1327 1097 383 1673 418 2212 771 1386 2640 587 2037
1697 2268 1570 922 1188 1284 1456 2167 285 37 411 122 1221 1865 459 1260 1763 546 2643 6 468 1082 759 2706 1702 1858 732 1308 582 620 2118 2313 298 181 586 443 980 1884 807 167 454 20 1891 1797 448 38 1610 1090 2043 475 2171 1723 1083 2346 2810 1882 1916 1015 2030 1285 2726 2476 973 1199 956 2841 2666 1139 2816 1006 1744 1227 669 2162 2627 650 829 2791 476 2573 2261 1153 2425 2468 1395 1995 1568 1018 653 1317 2232 661 229 1011 2794 721 2236 1711 690 2053
2792 9 118 515 2328 2491 1179 567 1579 1791 1977 841 1583 998 1354 1769 952 2065 919 887 1770 945 2682 1531 930 1063 639 2778 2379 748 2729 114 1851 1651 928 1578 1657 2647 923 1920 808 1854 2304 227 517 2711 1211 778 819 382 1470 1970 7 2252 916 1585 2097 1154 2459 975 1667 982 492 2310 311 763 2575 2618 2723 2559 579 151 875 1271 2488 2349 512 2042 566 2793 2026 1210 2416 2225 1528 1367 399 528 2074 72 1368 726 98 799 1706 33 1510 633 2062 999
1353 1883 2784 1300 483 240 1394 2249 2277 1801 1044 529 1593 545 761 395 2317 2644 789 2054 304 2178 2579 1304 2066 834 1749 1483 1449 576 2113 60 44 1363 2280 1057 1213 1447 2091 239 2136 2173 1288 734 2311 824 313 2164 2292 2137 1277 1827 1703 915 1106 1942 658 2000 245 838 525 1115 1248 2794 1469 822 727 2547 209 679 2236 16 175 2806 2546 2396 1286 295 1244 339 1037 139 251 2437 625 125 1951 449 2726 1914 1230 1178 1677 989 1435 129 1050 1631 1896 1197
2769 2454 348 480 925 26 1369 1870 2649 2714 2538 550 179 663 518 1710 1861 2004 689 1358 57 1392 2155 1276 2840 2375 421 2461 2650 1701 712 463 1580 2418 280 1034 1417 2125 793 1489 1665 197 756 77 2130 2456 1453 168 1859 1172 1030 366 1758 185 1292 1234 1193 570 884 260 704 645 2327 210 1792 404 2581 1901 1590 445 2419 1575 259 1348 58 1092 1576 1279 93 1609 2174 130 720 2694 934 2123 895 2330 514 1345 1552 2206 563 524 1072 1930 134 305 1377 746
127 1803 472 2648 2595 577 147 2094 1355 1167 1509 1811 1530 2444 1078 273 1069 160 1607 2104 2758 2710 1341 2138 2738 1524 1060 1278 166 352 2266 1421 1242 551 1059 2835 226 403 1815 2431 2524 2481 1159 1025 2189 2253 2385 1619 537 1862 641 262 888 385 2063 1270 1324 1863 2399 2013 2213 2466 1939 2820 573 1373 342 2455 879 2372 1258 1295 2709 1807 667 1660 600 195 1816 17 1409 2811 1629 307 2223 511 991 1480 2255 1925 1338 1291 913 1572 814 2460 1520 1101 1698 1982
956 1882 2468 448 115 669 829 661 2194 1227 476 2261 2168 1560 2476 38 229 1153 1761 2425 2749 644 1995 2740 154 971 636 2313 1797 2197 551 1858 1520 1880 2399 2278 42 342 795 1260 1059 2118 1221 1108 758 1199 363 936 108 2505 2465 307 1366 389 1536 402 732 580 1610 478 1865 455 1387 2402 685 1262 6 1011 1756 1395 1097 721 471 464 159 2301 1647 1275 468 2442 1568 1293 1706 1802 2407 2467 1124 1037 295 285 1480 2167 1216 1140 2053 2688 326 1286 1015 2687
1451 2054 1361 2540 2000 395 1559 2644 1230 572 529 1798 962 646 1106 2323 2277 1394 2787 545 1427 1801 1334 727 737 1175 1306 1951 658 589 485 251 101 1683 989 2381 436 2040 364 2066 215 1353 1900 2504 341 1300 1213 1883 1898 2784 483 2114 766 1389 1115 2238 2178 2113 293 2546 240 304 1093 374 2759 789 328 803 407 2242 2072 1786 1558 2579 1207 614 1087 714 1257 581 754 1137 1593 898 1971 2533 2756 39 1149 671 29 858 2288 146 33 525 2250 1598 1804 2320
1305 2512 2218 222 1504 1052 1436 897 2071 1790 1933 2362 935 1638 2750 1736 2450 850 836 2342 1806 2201 2096 755 2156 1321 2645 1098 2355 1709 2691 1911 2432 144 2420 320 2642 2446 2537 599 1621 1145 612 595 796 2698 1273 2452 1692 1023 2587 1479 653 580 1275 159 2773 326 561 1293 141 412 1097 643 505 1682 1216 1021 2687 252 346 401 225 2611 216 1662 61 1715 2467 383 1822 2098 2017 208 2669 2025 207 1780 2469 2690 981 402 1118 31 28 52 2655 858 532 1220
967 1804 1719 792 91 2296 2024 1689 2235 2430 2143 24 426 1597 634 739 853 2320 2638 2756 1149 2533 29 2673 286 754 2021 2172 293 1728 1231 2224 1533 1593 218 499 1478 757 1166 2409 707 898 895 1849 2615 1928 291 1535 93 1590 1448 714 184 213 240 2408 1091 76 1558 2242 2295 540 2354 1265 1207 558 1087 135 483 926 1262 1269 1996 31 2413 999 1801 726 1334 455 494 92 1346 331 580 789 1616 1722 696 1024 2715 2495 2693 232 2324 364 1532 1124 1961 261
2291 1439 2183 2057 574 494 1874 1223 2435 2683 1899 2639 647 146 482 686 677 1777 1931 657 1185 2051 2220 2526 682 329 2813 491 939 2438 1592 2708 2436 2569 2248 2089 948 2580 2598 1639 1937 1433 2704 2393 2286 2382 974 1076 255 2427 1464 2445 804 140 1452 217 1868 2499 1330 598 444 368 274 526 608 1725 1555 864 2719 790 1942 994 271 508 2440 1892 295 2053 531 28 1408 2806 1275 2319 92 580 1721 503 2062 1473 2589 2766 2592 692 1124 1216 2687 2236 2809 1771
871 147 1660 577 1037 1366 1140 1480 2633 2053 2607 1124 1216 1781 1816 2236 295 239 2806 27 2164 2794 449 220 1475 1011 276 1274 1025 2091 1275 1967 879 1635 331 1929 344 1568 1240 391 390 551 1168 1299 1730 525 2687 654 1127 2363 1008 1273 49 1356 2460 455 245 2094 2311 2698 655 1530 383 160 430 1787 2669 679 625 216 1924 2025 252 1505 1187 2104 1831 1435 273 1655 209 2301 2280 999 139 838 2092 385 1789 927 1248 653 484 1863 408 1078 1282 1619 2059 1829
767 277 1443 1938 2686 1833 889 1747 2496 1460 369 2702 211 2532 1989 1980 2685 2315 770 2478 2510 431 70 1125 1753 2777 2077 951 2818 2302 2772 1320 1557 1834 2015 1165 1252 1842 2561 1759 191 2757 1608 2 455 268 1831 655 1275 315 331 1568 2715 430 927 2142 326 412 31 1303 1390 464 1262 2663 553 1293 1730 1008 2634 1706 580 1548 788 297 1923 1972 2025 113 1472 1813 125 721 2687 2402 1845 2622 1929 18 1655 131 346 2407 643 2232 840 2406 2061 33 1822 207
2352 194 1051 1218 2628 1261 2439 1658 2272 1381 1840 1544 2241 1948 1782 2836 2815 2767 1316 1636 1496 1586 2556 1416 2046 497 2837 712 1965 169 1897 992 1649 1362 1096 1045 663 155 947 1617 1860 51 440 1054 2713 1640 1422 2050 518 1444 1663 1552 2840 201 645 134 305 735 1328 64 1993 1679 2707 2130 231 1029 563 319 1623 445 1253 1569 2631 2721 562 900 2553 965 439 550 2287 260 2011 2419 168 659 1878 559 1486 2133 1848 48 1123 100 2433 2708 978 2599 715 1369
2843 257 2516 1871 1731 1138 288 2613 1800 2609 1645 1526 1969 2145 1779 1707 406 1511 1325 1442 1385 1007 416 1992 730 2102 749 1068 1466 338 2730 1005 519 2746 2290 1783 544 2377 410 2364 673 593 773 1794 2299 2788 937 1670 365 112 1379 2549 1966 2417 1455 1527 2151 1174 535 336 1131 774 2492 855 435 1913 1079 434 2005 1968 2560 1243 1142 2006 2196 1311 678 253 811 1020 2341 1581 392 2251 1516 1040 2830 1094 2763 2243 1498 2219 870 709 742 2697 1110 1309 1936 2519
419 894 2153 2554 96 1632 1927 106 189 2060 1032 2567 2751 150 22 1171 1083 1214 1365 785 2263 2401 2502 333 1013 2807 181 2116 861 752 2160 1336 782 2109 2841 2623 1018 1318 856 1797 732 620 1702 1251 1371 1525 2141 309 783 1217 2079 2678 1692 2591 171 2632 138 462 252 636 2555 2612 1662 561 1612 753 1907 2398 643 1661 1048 936 1364 621 43 1021 1536 481 1273 2465 2505 346 957 2164 1472 2531 2091 412 45 2278 1363 1780 2687 471 1889 2429 1220 2720 1918 2611
1346 540 1535 2542 617 2129 832 1971 1561 1257 1590 291 1019 1786 1137 93 63 1161 1693 1513 895 1207 1087 310 1773 614 1091 1166 1298 1847 751 2242 1434 1795 2441 940 1004 1343 1593 2072 1357 898 2827 76 2112 1996 2409 1026 1631 418 2495 803 1481 1601 75 455 2715 225 1928 949 1912 346 2737 777 2149 714 618 1961 363 31 207 2690 52 321 2017 2821 464 1262 1568 2025 2040 331 389 758 786 61 92 628 1662 1197 2467 2687 780 1730 1692 478 1506 2632 1772 450
350 2305 79 2068 1067 2665 722 246 2511 1547 1134 2842 97 116 204 1463 1935 2135 2741 2041 1212 899 1606 137 692 2292 1126 1944 442 1962 2294 2319 2728 1055 2825 2736 2766 447 790 2719 2207 165 2558 1841 2813 686 1056 362 2248 725 2258 1076 2506 1130 804 2286 2382 1937 329 2057 2580 1464 494 2687 1275 1825 2436 1899 574 2291 1293 2598 1273 1639 654 2435 430 383 1831 1941 1220 2279 1787 1781 52 580 1680 1730 771 331 1940 525 2681 1692 633 2244 948 1097 1746 1376
297 1235 2624 1845 2471 2601 103 502 990 1323 688 2276 126 1186 578 1340 1391 2314 1413 1608 1767 684 1908 284 848 1720 250 1821 1975 1830 903 768 2388 931 702 1114 65 835 1107 522 1310 1512 1254 2667 331 1831 927 1706 1275 721 464 1916 2062 999 125 655 2236 2687 2056 1912 767 2402 1655 962 1972 475 719 455 1692 2346 1756 1465 2759 2841 28 430 534 1563 1140 70 1472 780 1730 803 225 936 2193 61 2061 478 726 2429 1018 2698 1139 2407 347 1008 1647 1011
1419 392 301 2331 519 1992 2763 1454 2843 2613 257 1138 1546 773 538 1871 1731 1800 2102 843 2341 288 2145 1442 1645 1007 253 1707 336 248 406 1779 2609 2318 1385 730 2516 1455 1142 1466 1133 49 383 525 338 2164 654 1424 1435 2311 245 1781 1131 94 1309 435 1526 1174 1248 625 648 1505 838 2492 410 2173 1783 139 1598 2005 2091 2137 239 2280 679 209 2396 1581 774 1573 1356 1498 937 1282 610 717 408 2279 1634 2680 855 1941 2746 2594 1020 858 344 1511 356 1275
2565 1843 495 1875 131 1500 2285 1506 33 290 268 452 1941 1141 1024 2070 449 2531 455 1780 2669 1503 61 383 53 1274 241 654 2142 1924 2025 49 192 525 858 207 245 1505 1829 2470 822 1787 113 216 2232 1781 2137 1127 252 2091 1612 1282 225 139 2794 408 2311 2316 2164 209 2765 625 838 679 296 2173 2396 356 2280 1168 1299 653 1356 1262 2279 239 1598 1248 1435 1124 1140 27 1021 1568 1216 344 1273 1011 1037 1918 2053 389 331 2698 840 138 391 758 89 696
2454 2769 348 1369 480 1870 26 2649 925 2714 2538 179 550 663 518 197 463 1489 1417 1701 1788 2289 860 2650 433 1710 2375 2840 712 1422 2130 2050 260 440 1453 1358 1392 1172 305 793 1840 735 1901 1617 689 100 1092 57 2155 1034 2397 259 1640 769 1029 48 2004 2419 1861 970 1276 2358 2826 715 1859 1490 168 559 445 1486 1045 64 659 563 2724 51 231 366 588 2461 1983 2544 524 1782 2574 978 155 1752 562 1146 2088 421 1193 645 2581 185 556 1796 2836 2011
2539 2629 1429 2798 2428 729 2221 2578 2640 1070 2120 377 964 2031 828 2038 2671 1266 1399 1952 358 2828 2808 672 1668 1337 933 2602 1374 2335 2520 1329 1910 2570 1764 2795 2083 2839 2210 1249 640 865 698 13 1272 56 1754 1187 1521 1949 27 2513 2053 1240 955 1118 1124 2236 2406 1049 2343 1275 323 838 220 455 1037 113 1164 2280 2279 1038 1472 1018 2032 2047 1216 2396 1143 1127 1568 209 356 216 1273 1274 782 1262 1299 1168 1140 653 580 1475 344 295 1189 2028 2720 2822
2510 431 70 1753 2777 2772 2478 2077 1125 2561 1839 1035 2161 1759 1834 1252 2015 951 2818 2757 315 1842 1557 1165 18 1390 2302 2622 191 2663 601 2 2686 1248 2311 1938 1929 430 1275 2279 1976 1955 2794 625 239 1356 1435 753 508 654 1789 2532 2398 927 412 2164 2091 679 2228 1813 495 1022 324 2265 1274 2471 1831 525 2496 1303 1923 501 1505 990 864 400 1475 608 89 1829 1655 277 268 1443 331 129 1781 526 125 2070 1378 2505 2465 768 252 2687 2193 840 1363 452
2550 1104 2019 575 1507 1669 107 2414 2604 1177 2641 55 2176 728 397 1194 2754 1691 1482 2080 2136 1523 845 2695 2395 1244 2823 441 2383 834 761 1044 1220 1016 1568 2555 2254 393 1144 840 584 1729 333 2233 1026 863 1363 1662 2191 2634 462 753 2699 2137 2086 2407 1907 856 1140 758 309 2398 1262 295 131 125 113 108 2687 457 455 373 924 1734 389 464 268 1612 1008 822 806 138 1037 2806 2192 788 1288 1995 1706 927 1923 1018 1275 89 796 1450 782 1831 2715 2260
2551 2018 2146 2284 764 2008 719 1289 247 2582 1204 153 2487 206 1403 190 1577 1493 343 723 914 539 450 1157 2485 1751 1534 2209 1772 862 303 1997 1359 1121 2603 516 212 2585 1128 604 58 1915 276 1351 812 1247 2824 2718 2453 1633 874 35 1245 1140 585 2336 331 615 1924 484 1929 1568 849 1831 1282 1787 869 825 2396 1275 2110 655 464 1347 2729 1532 2698 347 2740 549 2690 1730 408 1655 207 1662 1124 2236 2479 1011 282 1543 2099 363 1708 1706 2091 402 1021 1216
2152 2502 1365 1371 1866 2141 785 214 2751 909 1605 2263 621 1171 2567 2348 84 22 1214 183 1953 941 1139 2109 1525 1602 1987 2841 1661 815 171 106 1280 2623 150 481 959 189 2060 2726 1927 2503 1032 1084 2401 1632 270 96 43 244 1251 1283 2612 2182 1458 2162 45 1744 1364 2678 2608 2030 924 744 2188 1217 2115 506 2522 2160 1064 1363 454 1596 1198 2197 2760 236 2554 894 2056 1288 2498 2572 2562 2386 2591 957 1703 419 2079 398 2705 2720 1143 1822 1118 1286 2677 2216
2011 645 2707 1623 1679 1054 1328 1444 445 947 1663 1649 2840 319 2837 169 735 1029 712 2767 2050 1782 2836 1253 2130 1045 1552 1617 440 2241 1422 1544 1381 1658 1993 2287 179 1261 2439 2735 1640 1218 900 2628 51 2352 134 2133 965 1757 155 194 1208 123 2482 1486 1775 463 882 1840 550 769 563 2046 1860 932 674 1586 2631 220 1897 1710 1051 1307 637 906 497 1437 305 624 992 1627 562 1158 2088 2712 260 2732 2076 2626 606 2272 911 1868 2419 986 430 1489 1362 197
645 2011 2707 1623 445 1679 1054 1328 1444 947 1663 1649 2840 319 735 1029 712 2837 169 2050 1782 1552 1045 2836 440 1617 2767 2130 1422 1253 2241 1381 1658 1993 134 1544 550 179 1840 463 155 2287 1218 51 518 2628 1261 2439 1640 259 724 1369 563 624 965 2352 2419 2133 2631 2769 2649 1051 900 703 1208 663 2538 260 439 2003 769 2082 1948 2544 1543 1092 938 1956 168 1123 480 1162 1484 1486 1860 1897 231 1441 347 1096 1027 305 2076 194 2650 1983 1710 1203 1048 995
611 188 1319 2817 1656 85 817 556 2528 2790 1102 1926 1934 1644 547 2411 2501 987 943 2832 312 2044 1386 1624 1407 221 2082 2300 2270 1405 1584 2045 2023 635 2397 463 2574 2755 1092 659 2419 2724 2544 1422 224 1835 1617 1307 1029 1484 2762 4 1552 1208 111 259 2670 1222 2344 1501 2606 1203 413 322 1369 712 430 1582 2652 2003 978 1173 2200 606 1412 2307 1700 559 2800 1729 1342 2358 278 220 2325 1983 1048 1428 1146 1026 351 2142 1740 1711 478 2599 128 1902 1339 526
1305 2512 222 897 1790 1052 1933 2218 2071 1436 935 2362 1504 2096 850 836 2750 2156 2645 1098 1321 2201 2355 2691 1911 1709 2432 1638 2450 2342 1736 1806 755 144 2446 599 2537 796 2642 320 2420 2452 1621 580 2687 1275 326 1692 159 1216 331 2587 412 1220 455 1506 653 2698 31 1021 1273 1262 666 1293 1006 346 858 443 1662 2017 430 2232 655 1715 1097 628 61 1124 1648 643 225 753 2611 1472 216 2407 840 207 2311 595 586 1435 459 1568 625 2467 200 2693 561 295
257 2843 1731 1138 1871 2613 1800 1645 288 519 2609 2516 742 1779 2145 1385 406 1007 392 1419 1894 1707 301 1992 2763 1526 2331 773 1442 1511 535 1969 1527 2377 2102 416 1325 937 2341 730 410 1466 338 1068 1455 253 186 1516 2219 336 811 365 709 435 1131 1424 648 248 678 749 2830 2788 1040 1020 1309 434 1498 2560 2290 544 1079 94 605 2746 673 1581 855 1966 1142 2005 1110 1133 1311 1005 1634 1783 112 2730 1968 2251 2492 2299 1174 1573 2151 774 821 2549 2417 1379
1083 582 546 1702 6 2643 732 181 620 1221 285 1797 759 1260 468 2807 2476 1697 1318 807 636 1139 1882 2278 2425 1570 1536 1858 1891 1188 2313 411 2194 2261 661 42 922 1768 669 1380 2167 448 1692 936 2268 387 476 973 2816 1018 1723 644 1472 402 471 1438 1108 1647 643 1662 758 1227 1865 2048 389 1610 346 1048 418 2118 2505 2465 782 45 721 2061 956 2611 753 2429 653 298 363 1612 108 2690 2467 2398 2171 1378 1481 2720 475 2402 2687 1251 1456 391 138 628
2769 348 2454 480 1369 2649 925 26 1870 2714 2538 663 550 179 518 689 1453 1901 756 1758 2004 57 570 404 1392 58 2125 1861 421 2374 1633 1490 1665 2155 280 1859 2456 1609 1590 1247 1358 1838 895 793 1535 366 210 93 1193 2309 1092 2180 1034 1172 493 2020 2487 1714 2840 2493 2174 2327 2116 2358 1594 884 465 588 1792 168 1575 259 44 422 1375 294 683 2123 228 1116 2461 2433 2206 1224 1169 2418 693 2581 1580 212 291 1915 1195 1765 1441 2235 524 978 720 976
1005 593 673 937 2364 749 2746 2788 434 2290 544 2843 257 2730 1670 1783 2299 1311 1794 2549 112 1079 1966 365 410 1516 2516 1325 811 1110 1131 416 2151 288 730 1379 1466 1068 2219 1871 709 338 870 1731 1040 2417 1243 2697 1138 2609 1946 2341 1800 605 2613 435 1455 883 1526 1645 186 1968 336 821 406 2377 1133 2145 1498 2251 1511 1969 2095 2006 253 662 2196 1961 1843 696 2394 2005 1142 495 1941 105 290 655 1707 525 268 618 131 1913 1923 1505 1026 2142 654 33
1365 1371 2152 2502 2141 785 909 621 2263 106 1866 84 214 1927 183 1632 189 2060 1032 2751 1525 2554 171 96 941 894 419 1987 150 481 1280 815 2153 2348 2567 1171 1139 2401 1605 1084 1953 959 2623 2612 22 1286 1251 1602 2109 2678 1214 43 2841 506 1364 2572 2503 45 2197 244 2182 2720 2188 2831 270 1661 2115 2056 2522 1458 2386 949 1726 1283 762 2160 1004 2498 971 1108 2760 75 1596 1198 2562 1013 1064 2608 1336 1760 198 1363 940 387 2737 1712 957 2116 2591 2705
522 2667 1767 126 1845 2624 578 688 1391 2314 2276 1186 1413 684 297 103 1235 1323 1608 1340 250 768 848 931 1114 2388 2601 2471 1908 1975 903 1720 1830 1821 65 990 702 284 502 835 1107 1512 1254 1310 315 1759 1557 601 2622 1689 1390 634 895 24 426 2757 93 1597 1616 225 1928 2161 1590 2143 747 714 2409 2115 2663 261 1166 334 455 1406 18 1599 2074 494 721 2323 2 191 2402 2062 760 1961 968 962 898 249 73 1628 380 750 67 2583 2693 654 2121 1872
1506 1141 2070 858 455 383 252 654 525 1505 1780 2311 625 679 216 1924 1356 1435 2669 1248 49 1598 1274 113 1299 1168 61 822 2137 192 245 2025 2279 1262 2470 1612 27 2565 1787 2232 207 408 139 209 1282 838 225 1781 344 1127 2396 2164 2280 296 356 2794 2173 2091 1568 1216 239 449 1124 1140 696 391 2698 1918 1829 1273 653 2361 2531 1037 1024 331 2053 1843 138 1011 1875 268 799 655 430 131 1187 1555 290 495 33 1755 1941 2285 752 452 1500 2142 936 726
617 1161 1513 1847 1773 1795 63 1346 1785 1228 1019 540 2542 1535 499 832 2129 2022 1593 1693 983 2441 2827 1743 2016 695 1561 291 1176 2149 2190 1971 1257 310 1856 132 1590 2656 182 95 2202 149 1197 1476 1749 2745 1166 895 2111 1333 407 88 2437 93 1786 2242 576 1801 2409 803 949 1004 783 2238 1087 1298 1631 1836 1780 240 954 766 824 2784 1137 1353 936 290 1093 1914 364 2669 483 1685 898 1056 2634 464 1760 1343 614 596 1912 2700 1712 363 2040 940 2821 1672
99 2009 72 2636 2055 2829 401 1976 2747 1145 2098 177 816 1688 1872 172 477 1047 1023 1163 1085 2122 760 141 208 453 1717 2163 612 461 595 2655 694 2587 2679 731 1628 2126 1415 1241 2274 174 2775 1903 1808 399 2469 823 73 1784 1599 1510 1160 380 156 2577 981 2074 2557 164 1404 1100 460 354 1089 2552 1140 313 2722 2177 2698 1376 2674 726 2099 2479 1955 391 238 1339 495 53 2715 2716 33 2193 696 1220 1182 1706 799 383 1543 2244 2407 2316 1275 505 655 534
1353 1883 2784 240 483 1300 1394 2277 1801 2249 545 1044 529 789 2644 304 2066 395 1593 2178 2579 989 761 1106 1559 251 2381 2113 341 1213 2546 2054 926 2288 2000 564 1115 1898 1996 2317 1230 230 777 1180 1091 1451 374 39 1427 572 1900 1818 1749 2114 834 2504 328 1389 1971 1093 1719 2787 1804 2495 101 576 1786 766 2759 1363 1304 737 679 2555 2311 1951 2040 2280 525 1357 239 625 215 1175 252 658 1683 1476 1361 1248 2164 1435 1598 2091 2281 727 1798 1286 967 2137
1262 455 1568 2232 1829 1024 2531 268 1875 822 2137 131 1843 1273 2698 452 1124 1140 2142 1503 1506 2053 1011 2565 1037 2765 113 1216 726 331 2285 1612 495 430 241 655 53 2236 290 33 344 799 2715 1967 1274 391 1924 1008 1918 295 1635 2279 805 1755 1475 390 2301 927 1706 1789 2693 1275 464 2806 2407 1500 1941 1715 999 138 1831 1187 2470 1395 1317 1050 1730 1756 1655 314 758 389 858 840 1929 936 2406 2687 324 1813 2059 1932 2634 484 1039 1299 1168 1648 1921 1018
1993 1663 1422 2767 712 947 1782 1617 2836 1045 1444 1649 1328 550 2837 2050 169 1054 463 735 2631 2130 2241 1679 1029 1623 1381 2707 1658 440 155 197 2840 1552 645 2011 179 445 1544 1218 900 134 51 1261 1840 2628 2439 1369 1486 1948 1416 1640 1437 1051 1897 305 2419 1096 260 1307 2352 1208 2649 563 1489 1362 1777 2133 1185 2580 2397 1860 674 1092 319 1710 59 194 1123 965 2270 2082 2826 1417 2286 2708 547 559 562 439 2088 430 518 987 978 259 1468 2454 657 2076
70 2777 1753 2772 1125 2077 2478 2561 2510 431 2161 1035 1759 1839 2015 1252 2757 1834 951 315 2818 1390 1165 1842 1557 2622 18 2302 191 601 2 2663 277 990 767 2686 502 1980 2685 2471 1908 2702 284 1938 2601 1235 2315 1747 578 175 889 297 688 412 103 1186 369 2496 2276 561 430 1323 89 1413 1443 2398 1363 1220 1048 758 1460 1916 2634 1391 2346 2632 475 1303 753 125 1730 1831 1026 1018 478 768 628 684 1929 2687 1703 1608 2228 927 2314 840 1923 1378 1022 1472
1790 1933 897 2071 222 2096 2512 836 1305 935 850 2218 1052 1436 2156 2645 2750 2362 1098 1504 1321 2201 1709 2355 2432 1911 1638 2691 2450 2342 1736 1806 755 144 2420 2446 599 2642 796 320 2452 1621 2537 2687 1216 1275 580 595 459 2587 1692 2318 1293 412 159 1006 653 295 346 443 666 2611 1506 1097 643 1143 383 326 1145 344 252 840 561 1273 2311 2164 1472 207 2232 1781 625 1568 216 1308 61 1435 2025 138 586 2806 430 525 2168 1924 2467 1662 1141 753 1598 1021
99 1145 477 1976 401 2055 2636 2009 2747 1023 172 1047 72 2829 1163 816 177 453 2098 1085 208 2163 2122 141 1628 461 2679 612 731 1510 595 2655 2587 1903 1717 2126 1688 2469 1872 399 1160 460 2274 1784 823 760 1415 1808 73 2722 694 1599 2074 1155 1241 2775 174 1089 380 2577 1404 1100 981 156 164 437 1233 2452 144 430 655 331 1275 1339 1929 33 2318 1140 2407 1124 2557 999 131 2193 1274 495 61 207 268 313 1008 654 703 455 2316 552 1356 1787 734 726
2018 2551 2284 2146 719 764 1289 2008 247 2487 1204 2582 153 914 190 1577 1359 1493 2585 450 2209 206 1403 723 539 1534 1997 1157 1772 812 303 2485 1121 343 1915 1351 2824 35 615 2603 1751 862 1633 2453 276 871 825 212 2165 2336 1128 516 2361 2353 604 1246 1245 630 2729 1347 869 1924 2434 585 874 1963 872 1099 2742 2764 282 552 2734 1021 2698 162 2610 2070 1216 2157 1247 1135 1156 331 81 408 1985 1140 192 1438 1282 216 653 1780 786 1650 1314 196 1275 1595
2092 299 2797 2269 2833 2139 2576 2844 2776 428 2371 1982 1549 1814 741 1925 667 1735 1619 879 1539 2771 2175 262 1373 641 2385 888 1009 837 264 226 1122 1863 2403 1295 352 2731 160 1589 1807 1629 1509 991 2460 1530 1816 1078 1815 2710 557 2455 577 127 1366 2063 267 2094 1540 2340 1291 1480 1524 147 2484 969 1660 2226 1238 1618 342 1069 1242 2758 2189 551 2363 2607 1025 1349 166 1421 273 1607 537 1341 2738 1571 2633 1059 687 2473 2727 2431 2104 2158 403 1520 1159 2215
1583 998 2792 517 118 778 382 2711 1970 567 1791 2065 1854 9 227 1579 1657 114 928 2729 919 515 1354 930 952 2252 2491 2778 1179 1769 1770 841 1977 2682 2328 1063 1211 639 808 916 1531 748 1651 1851 887 2379 945 2042 7 1920 982 1470 1578 923 2647 2310 2304 2698 975 2212 1327 1275 1273 326 1314 159 1831 1271 580 819 1216 2764 2715 274 31 1117 344 331 2361 864 2343 455 655 1262 1140 1332 1655 1472 653 2687 503 643 994 2429 1293 2017 1543 526 579 1708
1967 390 1635 1050 314 1715 2715 2693 2053 2406 799 31 1097 1293 580 159 2236 326 1140 1822 1143 331 1648 1118 1037 1475 1755 1124 1011 2301 726 655 805 999 1568 1275 1187 653 1216 1008 1756 1317 295 430 1730 2783 2806 1929 2059 484 2687 2765 344 1395 2698 1662 1273 2407 455 363 2062 1274 806 391 2429 478 220 2505 2465 1024 467 936 534 786 1829 758 418 1465 780 2244 1918 1612 1481 346 108 464 471 1706 1789 389 1438 927 2531 52 1262 1831 1378 402 1022 2398
1113 924 1487 2573 1882 1687 115 1137 1106 2495 1018 1400 443 1180 2572 2841 430 327 2197 1199 1995 782 1471 1559 1558 989 1371 1308 1462 2249 1082 909 39 1073 2398 2245 614 721 108 655 2402 753 1757 1008 1357 2025 200 2316 33 751 1648 1280 1472 1124 2406 2288 926 1568 1961 2806 564 478 125 1972 455 758 2678 1818 471 788 1011 653 504 2232 2407 331 1091 941 1037 1525 89 2794 629 2634 2053 167 1763 2115 2216 956 2494 946 2114 452 1912 1438 953 1787 525 1661
2545 2034 1796 2433 100 715 48 64 1569 2713 2721 1490 2376 2309 439 1453 1860 562 201 1640 305 1901 51 155 1584 1316 2650 2023 1496 2755 2556 1636 2045 747 168 1965 2272 260 1096 2815 503 1369 2826 1416 1362 1897 1051 711 26 2088 1878 659 547 1262 1680 712 2770 455 188 1395 225 31 580 899 563 1756 363 418 52 786 2248 1461 2553 1293 772 2715 663 2419 1481 1435 159 1317 1484 670 2631 331 927 1356 1141 1532 2017 207 1715 2402 925 1046 61 2343 486 2193
2252 1651 2682 1211 2310 1977 2042 1179 982 916 1583 2065 1063 118 227 1791 2491 2328 2097 567 1579 998 639 2792 9 841 748 919 808 887 114 1578 1354 1769 517 1770 952 945 2647 1271 515 1531 1920 930 2778 1566 1367 819 1970 928 2729 528 923 1851 2304 975 1470 2711 778 763 382 1667 1657 2618 311 7 1854 2379 1368 2559 2488 1239 1154 151 2225 2349 579 1585 2793 1210 1528 2723 2459 492 2416 875 25 89 840 2575 1301 1039 1604 2611 274 2715 389 451 464 1829
1244 2136 1646 393 339 863 2518 1678 1147 1120 830 1073 1732 1450 2275 603 1620 1016 2395 575 845 584 2754 1691 373 751 2383 1523 441 2019 2695 2080 1482 1669 676 1805 1104 2701 775 2621 2550 1507 2329 960 2641 1626 357 2254 1959 269 2604 2297 1611 2586 2192 2630 794 2368 1195 1594 1832 457 469 2653 1014 2233 876 2347 187 2176 1372 2020 1028 1734 2748 2345 378 2211 107 2780 371 1192 321 2239 55 2802 2447 2240 379 818 2326 2651 1517 2414 2804 1075 736 2073 1609 462
1107 1310 1254 1512 65 768 903 835 1908 284 931 702 1830 1114 848 2388 1720 1821 1608 1340 2471 2601 250 1767 1975 297 990 502 1845 2624 684 103 1235 1323 578 2276 126 688 1186 1413 1391 522 2314 2667 1277 2571 1465 1275 2687 1273 2429 2831 2311 1315 2579 999 1831 1662 2522 935 534 1336 806 464 1286 1692 1013 2079 780 936 216 1008 927 331 561 108 1472 2236 1216 344 1251 786 1655 2160 643 1730 2611 1475 525 45 1972 1789 2465 2505 655 2061 1037 753 968 2396
312 2832 987 2501 1624 2411 1644 1934 2528 1102 1146 2044 635 1656 1405 2817 85 2790 188 1407 2082 4 611 556 2270 547 1386 1319 943 221 59 2389 817 626 1545 2300 1737 1926 2574 1202 283 1752 2397 1092 2367 2477 826 1468 904 266 1799 2419 1339 950 1552 2214 1956 1942 1190 2265 831 1484 1923 606 1208 1677 1813 1151 1029 1983 1896 2312 1501 2762 2534 944 271 2208 2424 2154 1173 705 1912 495 1817 2527 2177 2105 2191 152 2674 272 1617 1220 136 463 2028 2779 915 1117
44 1483 16 1447 1469 376 1672 2317 2437 1631 2785 1836 1914 1749 761 1057 1449 291 2700 1990 2249 1178 1224 95 2745 2202 88 596 1476 576 1856 2441 1593 2190 1714 1713 832 47 1116 1743 824 2523 2111 983 2827 2180 2129 1535 34 1176 2547 132 2422 1425 683 834 1838 695 1277 2058 2555 465 1693 1727 1450 1620 310 603 1732 1073 1304 2275 1363 845 2518 83 1346 1103 2149 2096 1147 1044 1228 230 1999 1678 60 419 2153 894 2136 2258 1561 676 1288 2296 830 2554 1996 1189
540 1346 1535 617 832 2542 1561 1161 1019 1513 1343 940 2112 291 1773 1847 1004 949 783 2737 2441 2129 2827 310 63 1795 1103 1434 1631 1298 1693 1590 983 1760 2116 689 2242 1999 182 75 2202 1712 198 1856 2190 2413 1602 450 93 558 455 1772 2639 207 1785 2745 647 849 2111 618 895 1166 1749 303 1961 61 2690 1262 135 2017 1176 280 2295 2048 1506 1914 192 225 2785 270 60 1953 376 149 1169 1532 2386 2025 2497 1359 1021 407 1483 723 424 2467 2669 2715 510 418
1056 1944 2294 2135 2741 1212 899 137 1606 204 1055 2728 116 2207 2842 1463 2511 1547 97 1134 2580 2068 686 1067 1935 2435 494 1899 246 2291 722 2057 657 2665 2766 1777 574 2248 2813 1452 1076 2558 140 725 2286 1185 1937 79 2041 1464 2708 1874 447 677 2382 2825 1639 1473 1223 2319 1868 692 146 1124 2393 2809 682 948 33 1923 1037 1771 1275 430 2736 1892 790 2639 331 726 1986 324 2407 268 1706 1857 274 2053 2059 129 1692 1472 2683 804 464 2322 647 484 788 655
2291 2183 1439 574 2057 494 1874 1223 2435 2683 1899 2639 647 146 482 686 677 2220 2526 1931 1777 657 1185 682 2051 939 491 2438 2813 1592 2569 2708 329 2089 2704 2436 1433 2580 1937 2248 948 2598 1639 2393 2382 2286 2427 2445 255 1076 974 1464 217 140 1452 1868 804 1330 598 2499 444 274 608 864 526 368 1555 994 2719 1725 1942 2806 1892 295 790 271 1275 508 2440 2053 28 1018 2809 637 2589 1721 2236 2687 1771 1472 1473 1475 2766 1127 1124 1408 1677 531 782 1692
1056 1944 2294 2135 2741 1212 137 899 204 1606 116 2728 1055 2207 2842 1134 2511 1547 1463 246 97 2068 1067 1935 722 2665 725 2558 79 2041 2766 494 2580 686 2435 1899 2291 2057 447 2305 2319 574 2248 1076 1825 2813 1986 2286 692 1464 165 1874 2825 1777 1452 140 1185 1937 804 657 2708 2292 2382 647 1126 2639 1223 790 146 2736 2683 329 1868 677 1639 682 2393 948 1692 1940 1275 2062 2611 1026 1771 2465 2505 1124 1831 2719 1018 1706 125 2438 1923 442 1262 464 2687 1473
1436 1052 2201 222 2750 1504 1638 2218 2342 935 1709 1736 755 2432 1806 2450 1098 1933 1790 1321 1305 850 2071 2156 2096 2645 2362 836 2512 2355 2691 897 1911 796 2420 320 144 629 108 580 295 838 2053 2429 1730 1037 1662 999 484 209 1475 2232 653 758 2396 840 1929 1568 525 2687 2059 1293 1967 1216 356 245 2173 1023 2280 1022 344 1275 2634 2236 2611 389 753 1124 1787 2806 1097 141 936 2398 49 1395 2693 2823 61 430 2311 1781 1047 1282 363 2407 402 1717 2301 383
2408 213 2413 558 707 1448 2295 520 135 424 2354 1269 2615 2566 184 1945 232 1849 19 119 1383 1867 1478 1722 1529 80 2390 1296 1265 2744 1733 1312 2472 1984 2638 2464 2725 761 1766 1889 2404 2249 609 783 757 498 1728 509 244 957 2115 1616 2124 2291 252 2024 2279 2508 753 1924 2398 1220 473 430 1326 1231 1941 494 1780 574 1612 471 33 2448 113 1140 1506 391 1477 1275 2057 383 1438 331 752 1829 1918 1533 1435 625 2806 375 1018 2311 679 525 1692 686 2351 218
2689 2365 705 505 2181 2500 523 1563 2370 2479 849 2819 81 175 458 2716 2552 28 313 2119 1827 587 2283 2534 152 2191 1708 1532 238 2557 734 847 1741 2250 1339 2674 2099 1896 120 972 671 330 2228 2527 1376 2177 354 2742 1704 532 2193 1335 2322 1680 2681 696 2144 92 2597 2028 2052 2592 1111 602 1332 1746 1956 772 633 1010 740 1873 2814 109 2237 771 968 2764 1465 780 503 2244 2059 2806 2429 726 52 534 261 68 125 711 2690 108 1117 2821 1026 1662 999 53
297 2624 1845 1235 2471 2601 502 990 103 1323 688 2276 126 1608 1767 578 1340 1186 684 1413 848 1391 1908 2314 284 1830 768 903 1720 1821 931 2388 702 250 1975 1114 65 835 1107 1310 522 1512 1254 2667 1916 331 70 721 475 927 2346 464 1831 2402 999 1706 655 1972 1692 2061 1465 962 1275 534 2316 2759 1955 430 478 561 532 1018 2062 2687 1472 780 1912 726 2589 2193 125 671 1026 68 225 1655 968 28 1563 1332 2056 936 2236 2429 2244 2398 1789 553 1756 2632
1879 2093 394 1518 631 1906 607 1290 2357 1017 2392 2282 1909 2596 984 2049 2064 921 662 2796 1058 2140 1613 530 1002 451 1567 1301 1604 1981 446 1119 1237 1978 1621 1676 908 2085 2543 2262 124 700 1396 355 918 708 852 1105 942 2530 996 1491 345 2446 2675 1331 527 2452 2716 1988 2460 1145 1587 813 478 337 1614 52 2692 786 591 651 1384 897 616 1216 1438 237 1673 537 1435 2131 2244 89 31 666 471 1481 1564 1479 455 2070 1275 344 1220 1248 430 402 389 2698
1993 463 197 550 1422 2631 2767 712 1489 1029 1710 2836 1617 1045 1782 2050 1701 1663 1417 860 2840 735 179 440 2649 2837 1552 2397 900 947 1788 1486 1658 2241 1369 1437 51 1307 489 2130 2082 1386 169 134 1381 1840 480 1092 2270 1208 1649 925 606 970 547 155 1328 556 2419 259 2826 524 1468 1444 1151 1640 2574 445 260 1627 59 1405 348 2724 613 433 2564 2817 26 1983 1870 305 611 2011 1544 826 563 2133 2544 518 1428 2035 2200 2606 978 2076 674 2439 2424 645
536 1132 1588 121 2090 988 193 569 571 1268 36 332 1065 1431 340 680 901 733 1793 1033 2786 979 2743 1393 1562 2668 1275 2227 1240 597 412 505 1764 2406 1568 2055 2839 523 2552 504 159 432 671 2053 2108 1329 1274 220 2333 2028 1124 580 28 2117 444 2698 429 2137 1929 1037 1955 295 175 1896 326 561 31 2795 313 2191 1715 2236 2279 176 1303 927 1890 2283 805 734 2570 1293 2193 2322 1418 2407 1118 1475 1317 2119 1395 1582 1831 2578 1140 532 1635 1008 711 2265
1656 2528 2817 1102 1644 85 1934 2411 2790 2044 188 1624 2501 817 2832 312 1926 943 987 611 221 2300 1407 1319 1405 556 547 635 1386 2082 2270 2397 2574 1092 2670 2307 2344 1666 59 2800 606 1484 2724 1414 1501 1674 2779 2762 2480 178 1151 2367 110 2400 1313 413 224 1428 1173 283 1983 1208 1339 1150 622 1627 409 915 854 351 2419 1582 2325 2564 1902 128 463 1700 1146 524 266 1912 1029 4 1737 977 2774 1297 2676 1817 259 675 2646 2265 1835 1203 944 2003 2599 1711
1993 197 463 1417 1489 860 1701 1710 2767 550 1782 2836 712 1663 1422 1029 1649 947 2649 1369 2050 1870 2817 1045 1617 2631 925 26 2528 735 2837 440 1840 1658 169 1656 179 1381 817 1644 59 2628 1051 1788 134 2790 155 1437 1092 489 1934 1328 2397 31 2419 2241 1545 1484 1118 1218 1486 854 347 580 159 1054 1700 1208 2840 1307 1822 2715 326 1444 1143 611 1386 1097 1216 1552 1293 1902 430 970 2574 344 2028 1102 278 900 1624 1095 1532 1319 2378 1124 1692 2411 1924 1981
631 1518 2049 1290 2282 2596 530 921 2064 1017 1301 446 1604 1058 2140 1237 2093 1567 2392 1909 2796 984 1981 662 451 607 1613 1396 1879 1105 355 813 1554 243 1002 1370 908 394 1978 2257 1331 1614 1384 1673 2696 2357 1119 1906 1742 1621 1676 660 2458 2782 542 942 2085 966 710 2660 337 2259 54 360 2543 1739 2262 1853 1000 1705 487 1681 1495 1893 2664 1695 1808 175 2274 2829 1466 2594 1339 1039 50 1787 2600 1142 89 682 1929 523 847 177 1275 2438 840 313 220 525
2550 1507 1104 107 1669 2414 2604 575 1177 2641 55 2176 728 397 2019 1194 2754 1691 845 2136 2395 2595 393 2383 1482 1016 1244 147 1646 2247 1523 577 584 863 2080 373 441 2695 1220 462 89 2254 1620 1120 2632 2233 603 628 1363 339 2275 1008 643 753 138 1907 1450 864 412 430 1140 2192 2398 2094 2820 840 2555 1026 2687 357 1734 994 108 856 782 834 2279 608 1273 2407 1275 2507 1018 1662 508 2017 1612 2316 561 389 2611 1039 271 830 1048 655 457 1288 2634 1941
1416 1096 1948 1362 1897 497 1586 992 2046 2815 2272 1316 1636 1860 2721 1218 1051 1569 715 1496 2352 64 100 305 1965 1261 2713 562 1796 51 48 2628 1640 712 201 155 439 2034 1381 1658 2556 1782 1584 2836 194 2433 260 2545 1617 1993 2241 2309 1552 1422 1878 1369 259 188 2376 1490 2650 978 1319 659 1840 2767 1148 611 547 1901 319 168 1123 1435 2076 663 2755 1356 2826 906 654 559 2544 556 1248 2419 563 2088 1307 2708 231 2553 26 625 486 1701 1262 455 2311 1046
1865 1858 2313 229 468 2118 1188 1610 1884 2194 980 2261 1560 2627 1227 669 476 448 1284 1456 661 122 1015 829 298 1285 411 1260 922 1570 973 1697 2168 2268 396 2425 1153 37 1761 285 546 459 1082 6 1221 759 732 1763 2167 2643 1308 1702 807 744 582 2030 2468 2476 20 244 586 1797 454 620 443 2115 2706 1090 167 1199 1844 1286 1083 181 815 1987 2109 1766 1556 281 481 2726 2791 1537 2162 5 1616 2053 636 653 941 580 1515 1723 1696 1064 159 609 1744 1293
31 1729 618 200 580 2017 2715 2316 326 1021 1961 1293 2698 858 159 1097 1273 1822 1143 1118 533 653 2260 33 1484 771 1162 2062 2693 1173 2325 1648 1755 805 2773 2406 2400 655 331 1568 1598 2003 1317 110 1941 1011 984 799 390 703 394 1756 430 1715 108 1220 840 1621 561 261 113 1692 2687 1275 2783 1635 2770 643 1472 314 1873 908 1967 2806 2774 753 1730 897 1852 2398 1395 2343 1829 449 1956 1039 2634 1917 1026 477 347 2716 235 2681 89 1182 389 1500 2053 1024
44 1469 1447 1483 16 376 2317 1672 1057 2437 1631 2785 761 1914 1749 1836 1449 291 2700 2249 1990 2202 2745 1178 88 1224 1476 1856 2190 2111 2441 1713 1425 2422 603 2523 576 1116 1620 1732 95 34 2275 1714 1073 596 1450 1678 2180 132 983 834 824 2827 1176 1147 1103 832 47 683 2058 1838 2555 1727 1277 2518 2547 830 2129 60 1120 1999 695 863 1535 339 1304 1646 269 441 2258 1593 845 949 894 2695 1867 1523 2136 905 2383 783 1790 1743 946 104 676 2096 1244 1194
1125 2772 1753 2777 2077 2478 70 2561 2161 2510 431 1759 1252 2015 1834 601 951 315 2 18 2757 1842 2818 1165 1557 2622 1390 1035 2302 2663 191 1839 2315 2685 767 1980 277 2686 1747 889 688 2702 1938 1235 1989 2314 1443 1391 1186 369 1323 477 125 258 1869 1969 2142 430 2276 1248 461 758 1923 578 2398 1813 1220 103 478 268 1413 823 2634 1976 1510 1356 625 753 2311 654 1018 1435 2062 1833 89 1789 2228 1831 525 1011 633 324 927 2402 1767 2505 2465 389 840 1730
550 1369 2649 925 26 1870 1993 463 480 348 179 197 2454 2767 1422 2769 2714 2538 1663 712 2836 1782 518 947 1617 2050 1045 663 735 2130 1649 2840 1489 1417 1029 169 440 1710 2837 860 1328 2631 1444 1840 1381 155 1658 1701 1092 2241 2419 1983 1208 1486 970 2397 260 524 1218 51 1307 2574 2826 900 1185 134 1051 1437 2708 2439 559 305 2010 2628 1777 1428 1640 259 1552 715 1261 2358 563 2082 772 1544 2035 1569 1172 547 1054 2133 659 645 1216 140 503 1124 347 2652
2517 2619 810 787 30 71 1939 958 638 2481 1694 665 2271 2616 1270 1294 1514 1258 1445 1446 1112 1129 1630 2246 1684 2529 143 2298 1360 697 718 1440 386 2185 2584 1215 1411 2444 2801 795 273 1242 1167 147 1267 969 2709 2104 414 2524 1059 1355 1811 2595 2363 1278 2710 2339 127 577 1803 2460 511 557 1807 342 551 1863 641 1619 1373 352 2468 262 1295 879 2013 2771 1815 472 685 1060 1324 2175 1509 38 2189 2833 2738 1524 2740 2226 1349 716 616 2139 1925 1520 2131 2692
2769 348 2454 480 1369 925 2649 26 1870 2714 2538 550 663 179 518 1453 689 1901 1490 1758 2358 1633 2309 756 404 57 1392 366 260 2125 2376 1422 2004 978 1092 524 415 2456 1665 712 259 1609 168 1861 2433 570 2840 2374 280 1915 2155 1772 1594 201 303 58 1441 2724 1489 421 463 450 1172 2010 1417 2327 1701 1195 2669 1193 2130 1395 1247 1710 938 2824 212 1403 61 2206 1496 872 793 1590 2035 100 1535 2544 207 49 1956 1358 408 1961 2650 2025 1208 2826 654 2344
1735 1982 1925 2371 428 667 1619 2833 2139 2776 2576 299 1549 2092 2269 879 1373 641 262 888 2385 1863 2771 2797 741 2844 1295 991 1807 1814 2460 557 1816 2175 1480 1509 2607 1366 1660 226 2633 2363 2403 2731 1122 2431 1589 687 867 2710 160 1530 1078 1524 127 814 385 1539 264 837 1025 1242 1215 267 1009 1238 2094 352 577 1291 2455 685 2189 2468 1629 551 1862 1815 2811 2298 537 147 1341 2412 1803 1159 403 2529 2524 1607 2063 166 2484 2399 1059 2738 1069 891 2758 2206
44 1447 1469 1483 16 376 2317 1057 1672 2785 2437 1914 1631 761 1836 1749 1449 291 2700 2249 1990 2202 1178 2745 88 1224 1476 1856 2190 2441 2523 1713 2422 1116 2111 95 1425 1620 603 34 1714 576 1732 2275 596 1073 983 1678 47 1450 832 132 2180 1147 1176 2827 683 824 1838 2518 2129 2547 834 830 1120 1727 1535 695 2555 2258 1103 845 2058 269 441 1277 339 863 2695 1646 1523 60 1743 2383 350 1999 2305 1693 230 1441 310 676 1133 462 2136 777 1593 104 1244 83
1944 2728 1055 2294 686 494 2207 2057 2291 1899 2435 574 2580 677 1777 1185 1076 2286 146 1874 725 2248 2708 2813 657 1452 2683 1223 682 2766 1937 2598 948 2438 804 1056 2719 1639 2382 2825 647 2639 447 2558 2436 491 1592 2569 329 1464 2393 137 899 140 1212 2319 1825 692 2741 204 1868 2135 1810 2736 2509 67 2583 627 165 1606 1012 249 2292 1067 2121 1439 974 2350 1001 202 116 2068 1134 1406 1931 1126 1075 246 482 790 2842 2665 359 2526 1463 79 2051 1547 2220 1787
1272 640 13 2210 2520 1754 1949 1038 2421 1041 2671 323 56 2032 2047 377 828 1910 1189 370 2578 1477 2083 1337 1616 698 1049 2539 1429 932 955 672 2828 2798 964 2428 2602 244 1668 933 2629 1521 1118 2335 1143 2221 159 1070 1399 1822 1374 1952 729 2038 580 2687 1216 1124 326 1293 2120 31 1275 2406 1097 1187 331 2053 455 839 2570 2115 1266 2031 2795 1127 344 150 1274 2808 2465 2505 1018 1692 1764 1648 653 1924 402 782 1262 2698 621 1886 655 2343 1472 1568 1789 2236
1346 540 1535 2542 617 832 2129 1561 1971 1257 1590 291 1019 1786 1137 93 63 895 1161 614 1513 1693 1207 1773 1091 1593 1087 1847 940 1795 1166 1357 310 1004 751 2242 2072 1343 1298 2441 1996 1434 1836 1631 76 777 2409 2112 803 2737 2149 39 1961 1197 2495 898 455 2827 1026 1940 92 618 949 207 2785 1568 1912 418 31 61 346 1180 331 363 1483 1481 2639 1715 1662 1262 290 2656 225 2017 1395 2025 533 2232 2759 2715 653 1749 75 580 2669 655 1506 1648 464 1928
1083 150 2263 732 894 181 1702 419 620 6 2678 1525 2554 96 2153 2807 1371 1632 582 1318 1927 546 106 1797 2386 2623 1139 1536 2116 1365 387 2720 2060 1032 1013 2188 2498 189 1726 1336 644 2401 1251 2160 621 2562 2141 762 1596 1280 636 1364 2442 45 949 2079 481 43 2688 171 1221 2643 1458 2278 1960 2048 647 2152 2522 1315 785 783 2502 2831 2612 861 971 1198 1768 84 2572 1064 1692 2056 2476 2737 905 462 2639 2505 2465 2761 1662 2611 471 936 941 2687 1018 1866
2769 2454 348 480 1369 26 925 2649 1870 2714 2538 550 179 663 518 1489 1701 1710 1417 463 1788 860 1422 2130 2650 197 1453 260 2840 712 1901 259 2289 433 305 1617 100 2358 2826 978 1092 1172 2397 2375 2050 1486 715 2544 168 2419 559 1392 1569 769 1983 563 2574 524 1045 2724 415 1148 2155 1640 2309 2088 562 445 1490 2035 1437 2433 2721 57 547 1029 231 1307 1428 2004 556 51 421 1208 188 970 2076 1796 1190 201 606 1358 2010 1860 1123 756 689 793 2337 2082
1056 1944 2294 2728 1055 2207 2135 899 204 137 2741 1212 1606 116 2842 725 1134 1547 2511 1463 1935 246 2558 1067 2068 97 2825 2766 1825 447 686 2665 2736 79 2041 1076 722 2580 2286 2813 165 1899 692 2248 2057 2435 1937 494 1464 2291 2292 804 2382 1777 574 948 1452 2319 1639 1185 146 1874 1126 2393 140 682 2438 647 2569 2719 2708 677 2305 329 1592 2639 2683 1223 274 657 608 864 442 33 1275 1868 491 430 790 238 1692 1924 1941 526 52 2698 2598 2250 53 2279
2516 1969 1511 1442 1526 730 1707 338 1466 2102 1325 2843 1992 1779 257 2145 406 773 336 1131 1385 1007 1670 2151 1783 1243 1794 2763 1455 1379 365 519 1498 544 1871 2219 1005 1138 2746 2290 709 2341 2788 434 1068 1731 2549 2730 112 410 749 937 1516 1110 811 435 1079 1800 253 186 2364 1311 1645 1020 1581 2299 870 288 2377 1309 2560 1424 678 648 2830 821 673 248 1040 1966 2005 593 610 1634 568 1527 855 2251 1573 1968 2613 2680 535 717 1142 2492 538 605 742 774
1570 285 1221 1891 1697 6 2268 1723 2706 1139 546 475 298 2643 582 973 922 468 2167 1188 759 37 122 1916 2816 1884 1702 411 2346 459 732 1763 980 181 2841 2118 1284 1456 1865 1858 1260 620 1797 1285 1015 448 650 1610 690 1082 2043 1083 2313 807 1605 2666 1882 2476 2171 1308 661 1199 1232 586 2810 2194 1090 669 2152 2726 443 236 2261 2425 40 1537 167 1113 2502 1744 2197 2760 2182 2162 229 2608 23 1227 1286 454 20 2056 476 1064 2620 2571 580 45 2687 1953
1515 2457 5 509 844 1889 2464 2725 2404 609 1766 957 1696 2448 244 2128 744 2115 592 1616 1556 1637 1061 1426 1477 1945 375 2109 19 388 520 1326 473 2014 232 466 425 163 2124 1744 2366 498 2476 1269 2751 1602 2468 1904 1797 1953 2278 22 1214 2508 2744 331 1475 655 1140 424 2236 565 1124 1199 1216 40 2390 1171 2197 2566 1221 999 721 1733 1275 2351 1822 2162 2053 430 119 1647 1293 2402 1529 1008 448 1296 326 306 295 1960 2425 580 2726 732 455 159 391 2061
2181 505 2552 523 2716 1563 2500 175 2479 849 2819 2191 2283 2365 1827 458 28 2689 313 705 2370 1532 238 1708 152 734 81 2557 2119 2099 2250 847 587 2674 1896 1741 1339 120 330 972 671 2534 1376 354 2228 2742 2681 532 1335 2193 1704 1680 2177 2322 696 2527 2028 2592 2052 2597 2144 1956 1111 602 92 1746 1332 772 633 711 740 503 261 1543 1873 726 1010 268 125 2764 2244 1026 53 2059 108 504 1932 999 1378 109 452 68 1281 655 628 1503 788 131 2814 2237
150 1083 2263 894 419 181 96 732 2807 2678 2554 2153 2116 1318 1632 1702 1525 620 1927 1365 106 1013 2386 1336 1797 861 1371 1536 2401 2141 2160 2720 689 1726 6 2623 462 2079 783 43 949 762 189 621 1251 2278 387 1139 793 785 1960 2498 2060 2733 1004 2612 582 2562 2374 2188 636 1315 333 856 171 45 2442 647 2048 2591 1364 2572 1032 644 546 2441 2737 1596 1458 1665 1280 2502 198 782 2639 57 940 1108 2522 309 398 1856 1018 1103 335 1907 561 471 2744 146
1590 1137 614 1087 93 2072 895 1207 1558 898 1166 714 1257 2409 1928 1971 803 2759 1898 407 1093 1801 374 2022 2277 1300 63 1786 251 1883 341 2114 483 328 2504 545 2066 2000 1213 2242 1353 2546 240 1683 529 1389 766 2784 2238 2579 304 2040 364 1631 1593 1785 1228 2699 1559 101 2113 1394 737 1996 1115 1019 2178 465 1106 24 634 1091 1197 540 1804 291 499 215 2381 426 581 853 789 989 359 2143 2054 33 1912 1818 2316 1346 1561 2024 782 2235 525 1538 207 61
2185 795 1684 1411 1129 1694 2584 2298 1360 2616 1630 1939 665 1258 1270 1446 1112 1294 2801 958 2517 2481 143 2619 2246 1440 1278 787 2444 1215 2363 1445 2372 2709 638 2595 2189 71 577 810 1524 969 30 1520 2710 1291 127 2648 2529 2223 307 1238 2468 1993 600 573 267 2271 2399 2727 1 195 1409 414 147 2749 1698 2253 1338 2213 1572 352 448 2100 2167 2466 2781 2460 478 1060 697 655 1356 936 1216 471 234 2407 1267 557 1140 685 326 913 741 1629 317 753 1438 331
2045 1584 2023 2755 747 258 770 1320 889 2686 1443 580 326 31 159 654 1141 455 1833 225 1293 721 61 2715 1356 2025 2402 478 207 331 418 2496 1262 653 33 503 2316 1787 1938 1275 192 655 2669 2142 1822 1972 1097 464 1780 786 430 1706 52 1568 2244 2311 2144 1647 2698 1117 1472 1143 1756 525 504 2594 1503 1438 2232 1921 1628 1961 1248 1730 2070 1011 68 200 1481 1216 927 471 268 346 113 1831 936 2193 2119 290 1929 533 1465 2407 1789 1118 1140 2061 999 1466
726 999 1475 2059 484 806 2301 2236 2429 534 1275 1662 1465 780 418 2244 1481 786 1929 1730 52 363 331 314 2687 2715 1438 53 471 2470 295 1918 467 2053 2806 344 346 1011 655 464 1706 1831 1655 1037 1789 927 1124 1967 1635 390 1140 391 2765 1050 2698 1273 389 478 2693 1568 402 1008 758 1715 936 799 2821 1755 2465 2505 1378 290 2407 1216 225 268 1941 1022 2634 1024 840 220 504 805 1039 108 89 430 452 1240 31 2062 455 2406 1875 2690 753 1317 1756 2467
79 2305 350 2068 1067 2665 722 246 2511 1547 1134 2842 97 204 1463 1935 2041 116 1606 2813 1212 2741 2135 686 899 2248 1076 2382 137 2286 1937 804 2598 948 2436 574 1639 329 1777 1464 677 974 2393 2580 1874 2683 146 1223 2057 2639 647 2435 692 1899 1185 1452 494 2291 2292 140 2438 682 491 2569 1592 1126 657 2319 1868 2736 2825 1962 2719 442 790 1944 2708 2766 2294 447 1055 2728 2558 2506 2207 1275 313 1183 2687 28 2250 2806 217 633 1056 2322 2681 1929 847 2059
12 1473 1721 1876 2809 1868 140 1452 2580 508 526 864 608 994 2499 274 598 1275 2685 28 2683 1955 1942 1831 1777 494 2598 2435 2557 523 505 444 329 1708 125 1980 2681 726 999 2057 2286 2062 1655 1874 1555 655 430 2510 464 2322 2059 1532 1706 2479 2294 790 1899 671 331 261 1056 1680 696 271 1563 927 2119 2250 1475 1055 2191 2436 2068 1472 2315 2698 1931 654 711 1376 2291 68 2687 525 633 503 238 458 788 1335 2552 705 1117 2715 1408 1274 1356 657 295 974
2272 1453 1316 1569 1636 2433 1490 48 2713 715 2309 1496 1860 201 64 2376 1901 2556 2721 2352 1965 100 2815 1640 1051 194 305 51 1218 2628 155 439 1261 562 1796 1658 1840 663 1381 2836 2767 1782 712 2241 2545 2034 2439 1948 1362 2650 260 2046 1897 645 1848 2708 1649 1422 2007 965 1369 1586 659 1617 784 2553 168 1428 1752 1416 1544 992 2088 440 947 2649 486 1663 2419 518 2741 563 1899 2580 2538 1054 1045 1777 2826 2012 497 559 2652 1046 140 657 231 1986 1711 480
817 1926 2817 2790 85 1656 188 1102 2300 2528 943 1644 611 221 1934 2411 1624 1407 987 2044 2501 2832 312 1319 547 556 1386 1405 2082 635 2270 2397 1796 2545 1710 2367 2574 2034 2670 259 100 715 2307 1092 2800 1414 606 439 2721 178 1046 1752 622 675 2344 950 2544 659 712 1569 2556 1428 463 1313 2826 2185 26 925 795 1096 2724 978 1356 1216 197 1584 2626 2200 1369 59 2375 363 970 2035 64 1545 1151 2358 643 1496 1552 1437 1316 1411 402 1307 1983 1489 1701 2564
1569 1453 715 100 2721 1490 2376 2433 64 48 2309 1640 305 1901 562 51 2713 1796 2034 155 1860 439 2650 201 2545 1496 1316 1636 2272 168 2815 1878 1840 231 260 1123 1965 563 2553 712 1051 2628 663 1148 1218 1586 2826 1362 1381 497 1782 486 1897 2135 659 1261 2836 204 1658 1392 784 1212 2708 2088 1948 978 134 2741 2241 137 1464 899 2382 2556 1076 518 2352 2649 559 793 2046 1034 57 992 421 1193 2842 2337 1899 1606 1777 689 2581 2248 645 2631 1046 440 2513 1067
196 98 353 776 2474 2067 585 1643 2081 1625 1819 2353 1963 910 1864 869 2103 701 2462 2256 2361 233 1042 1600 809 2334 69 2001 276 1402 2101 138 1140 1124 1216 1612 2378 871 1506 2611 61 525 15 1781 2164 455 995 347 2214 252 2264 1037 1831 1787 1299 1262 1168 105 2053 2669 331 268 207 383 1692 2690 838 1924 408 655 1472 2137 1395 2311 2740 2794 2232 758 1275 653 2687 113 580 936 1700 2396 2236 278 2244 1918 1293 721 2407 49 2467 239 2091 2806 2142 1941
188 1934 2501 2528 2411 1644 1656 2044 1102 2817 2832 2545 312 1624 2034 611 85 987 2790 1796 1319 943 1640 439 51 305 817 659 64 155 556 562 1860 100 712 259 1569 2419 201 2721 715 1926 1405 1617 2631 559 1782 1428 48 1552 2133 221 2397 260 547 2713 1381 1046 1092 1486 1848 1422 2088 1983 2836 635 1658 978 1158 2358 2574 2007 2439 1208 900 1897 1386 1029 2826 674 2652 2337 486 563 1840 1362 1544 2724 2352 2241 784 2433 463 1307 2544 911 550 2670 1584 1437
2171 2043 2666 650 2816 2810 2346 1916 475 1723 807 1891 372 759 411 2841 1697 1260 1570 1603 820 2643 285 1188 468 6 1702 546 620 922 1221 732 1865 1153 181 334 1858 750 1541 582 1083 1456 1797 2268 829 2167 2313 1139 1763 980 1884 1284 2118 1227 298 1610 1761 1015 2634 1932 1882 122 1711 758 37 129 840 1018 467 1062 464 2611 1912 669 782 131 108 389 2398 501 1706 2632 1475 847 1831 2214 138 1972 1420 927 268 1655 1281 1465 125 973 936 831 1026 324
2660 2696 2257 1331 1614 1673 1495 1370 1384 966 2458 355 1554 908 243 1396 813 1105 1742 1705 1681 2600 487 942 2085 337 2543 2259 360 1002 2782 54 710 660 1853 1000 1739 542 2664 1695 1893 791 50 1031 2369 1978 1508 2803 1287 1565 320 1676 1567 607 1119 1017 1301 1237 984 2262 446 1604 1058 1981 2140 2796 530 921 1290 451 1718 1518 2049 631 313 144 734 1621 852 847 1741 1827 1339 2674 671 523 1909 1787 662 2594 2283 1896 458 711 175 587 2282 2193 125 505
1113 1371 1987 1084 1280 2572 327 45 2115 482 84 1525 941 2216 396 815 783 1616 1018 2263 2494 183 1962 2197 621 636 2056 2522 2806 2678 2794 2569 1198 782 2182 957 2062 1335 2404 244 2091 1032 117 430 171 125 1064 2291 2503 647 2164 1641 924 574 2573 2303 2720 455 138 236 1568 1423 2025 2057 1687 2608 2751 1874 295 275 1286 2737 2245 2261 2232 1262 2278 1011 481 1612 2279 2194 2438 2398 2760 1592 1781 2464 2567 2571 594 239 1661 2555 505 523 1137 2639 2726 28
312 2832 987 1624 2501 1102 1644 2411 1146 2528 1934 635 2817 1656 1405 85 2790 2044 2082 1407 2270 556 943 547 1386 4 188 221 611 2300 1319 59 817 2389 1752 626 1545 1926 2367 1737 1202 950 283 826 2477 1799 2397 266 1092 613 2574 1468 904 2069 2312 1151 1313 1956 1339 2606 2564 659 2200 2028 1437 2419 1262 1912 1003 1117 458 1813 1923 1208 606 2467 831 1961 2105 2214 1692 1484 524 2762 2265 2690 1220 1316 2670 455 712 925 1501 1552 1704 463 152 480 1873 1582
70 1125 1753 2777 2772 2077 2478 2561 2510 431 2161 1759 1035 1839 2757 315 1557 2622 1390 1165 1252 2015 2302 1834 191 18 951 2 1842 601 2818 2663 2686 1980 2315 2685 767 277 2702 1938 889 1747 1443 1235 688 758 1908 284 430 89 1912 478 1881 125 1018 927 1391 1395 1220 2244 2314 2402 628 1472 1923 495 389 297 2765 721 805 2398 464 1248 2407 1706 1972 2301 108 2632 1845 999 525 2311 1831 1356 1730 2232 788 1711 1323 1186 753 2378 1833 2634 782 1756 1281 1011
1416 1096 1948 1362 1897 497 1586 992 2046 2815 2272 1316 1636 1860 1051 2721 1218 2352 64 1569 1496 715 305 100 1261 1965 2628 562 712 2713 155 51 439 48 1796 1381 1658 1640 1782 201 1993 2034 2836 1617 2556 2241 260 1552 194 1584 188 2545 319 978 1319 1422 259 1878 1369 1840 1123 611 2767 1148 2433 2650 659 547 2419 1029 1356 1435 168 2076 1899 654 2708 563 2088 2826 899 2553 1307 1248 1701 1490 900 559 556 1185 1777 108 947 1045 2309 663 2376 550 2755 363
2707 2011 1679 1623 645 1054 1328 1444 445 947 1663 1649 2840 319 169 2837 712 1782 2836 2767 735 1029 1552 2050 1045 1617 1253 1381 2130 2241 1422 1544 1658 1993 440 2287 1261 1218 134 1640 2439 2352 2628 900 155 2133 965 51 179 1208 194 674 1586 1948 1710 2046 1486 1416 1860 1897 563 497 769 1437 1840 992 1051 305 2419 1777 1307 463 259 2708 2397 606 562 1775 1868 1362 1489 1123 1096 123 260 1983 675 2482 1092 2553 2272 2631 882 2580 624 1369 178 1757 2088 2735
2769 2454 348 1870 26 2649 925 1369 480 2714 2538 550 179 663 518 463 1861 2004 2375 197 1417 2840 1859 1710 2418 2125 421 1665 1392 57 1276 1358 793 2155 689 2461 1580 756 1234 280 1034 134 2174 712 1489 570 2456 77 366 2330 1030 1792 1930 1701 1590 720 210 1575 93 1453 2638 895 404 1758 746 185 2123 2650 1279 884 1029 260 1375 704 2419 1292 1609 64 2327 563 1901 1193 1092 2694 2020 1348 2628 514 228 1552 1776 645 1072 305 1051 2397 1788 2581 1716 1724
1113 1487 1471 924 2573 953 115 1400 471 430 1438 655 758 52 1882 2025 1787 1481 418 2244 452 2762 455 346 389 331 2634 780 225 478 89 1472 61 2716 1018 1918 1262 2398 1582 840 1216 534 786 290 1648 200 788 525 1435 1026 2690 2669 1124 363 2429 2552 753 207 1220 1912 278 2467 2599 2407 2311 1037 625 1941 113 1465 1711 108 2142 2821 125 1730 31 402 643 2470 1141 1039 1011 2017 2285 53 2396 679 192 2841 1612 268 2406 33 936 1248 1275 1780 2611 2806
2363 1863 1295 1807 991 641 2460 687 2771 1373 1081 127 2385 1735 557 879 583 2184 262 888 1215 2175 2710 1619 1497 2298 1549 1242 588 1925 1509 1765 1524 1947 667 1982 1196 976 428 2371 548 2139 2801 2104 2833 273 2524 143 2517 1660 1816 1366 2607 299 366 1480 133 2576 2672 2633 2189 2844 2468 741 2776 2431 697 1167 859 1684 147 2092 797 1530 2185 1440 2529 2269 1803 1078 267 1129 2662 685 2619 1862 2541 1811 1358 551 2444 2797 1025 756 1238 798 2694 2403 228 1059
1056 1944 2294 2741 2135 1212 899 204 137 1606 1055 2728 2207 116 2842 2511 1463 1547 1134 97 2068 1935 1067 246 2580 722 2665 725 686 2435 494 1899 2558 79 2041 2291 2057 2766 1452 1777 140 574 657 2813 2248 1076 677 447 2825 1464 1185 1937 2286 1986 2305 2319 2708 1825 1874 1868 165 2382 692 2736 1473 1639 1223 33 146 682 430 1275 1037 1124 1335 1126 1771 1956 2809 671 1929 1923 2407 274 2393 788 28 331 2292 804 1892 525 2625 1787 268 726 696 1813 772 2322
1440 143 1129 2529 386 718 2517 2298 2185 2619 697 1684 1445 2271 958 2363 810 30 2584 787 795 71 1411 1514 638 1215 2801 1735 1863 1366 2460 1480 1694 1816 879 2246 2607 557 2633 1660 641 1549 1925 2771 1373 2749 2104 1939 273 1630 1619 1807 2524 2833 2616 1267 991 2710 2139 1295 1982 551 1360 1025 2468 2576 1081 2184 2092 867 2385 1629 1655 2371 1335 428 2444 2269 2431 1831 299 1947 1497 262 583 1706 1680 667 1242 147 2592 2228 888 1929 464 814 2175 927 1059 2740
2185 1411 1129 2584 1684 1694 795 2298 1440 143 2517 2616 2801 1939 665 1446 1294 1112 1258 386 1630 2529 2363 2619 1360 958 2481 718 1270 1445 787 2271 30 1215 810 2468 71 2749 638 2460 557 2444 1514 1267 697 879 2246 1524 2710 448 1863 669 2139 1238 1373 372 326 1291 414 267 2833 2727 2771 580 5 685 2740 1520 1275 2687 159 2168 1262 455 1619 295 28 829 428 703 31 641 2053 1293 1 1822 655 1216 1925 1097 299 1140 2128 1756 1730 2407 1124 229 331 220
1710 1701 1489 1417 860 197 463 1788 1993 1437 606 900 674 1627 675 1208 2767 622 178 2397 1486 2480 259 2646 978 1468 489 59 2626 1307 2419 1029 1782 2084 1981 712 2424 550 433 446 2574 2836 906 1552 1319 1369 645 1051 2817 611 2724 1313 1362 2515 1658 580 2649 904 1218 2528 1123 2544 1388 1897 31 1237 260 1428 1422 2076 134 2628 1949 2676 970 2307 2826 2343 326 1381 559 1983 1092 2783 1956 1870 1692 1240 1216 2358 188 173 2670 1934 1190 1097 2800 159 934 1414
1728 754 757 1231 2021 2320 2756 2533 1149 293 29 2673 286 1533 2172 218 2787 426 24 2430 2024 967 1719 634 2143 1597 739 1689 1804 1296 646 2054 1312 962 545 2638 529 572 395 1798 1230 1984 364 2644 1175 251 80 2178 304 119 1394 2323 1451 2472 2066 1951 2277 1334 1353 1306 101 2040 1427 2113 1559 1361 1883 1213 436 2540 853 485 1274 727 2366 696 1106 2381 671 252 1900 1829 1182 215 1898 737 726 2759 658 1475 240 1024 1478 268 1299 525 1168 898 27 33
989 1900 101 2381 215 436 2040 364 341 251 737 2504 1898 1427 803 766 2238 328 374 1106 1559 2114 2644 572 1230 407 1093 1451 545 2000 1883 1353 395 2784 2546 2242 1115 1683 1389 1300 529 962 2540 1786 1798 789 2759 1361 2579 1394 2066 2787 1257 240 1971 1213 304 2277 1818 483 646 2178 1357 2323 2288 581 1180 2113 39 1175 926 1951 564 2054 1137 1087 2072 1558 76 1306 614 658 2495 485 1334 898 1207 1091 589 727 714 293 2281 1996 754 2756 777 1875 1801 268
2185 1129 2363 795 1440 1411 2584 143 2298 1684 2517 2529 2460 557 718 2801 1694 386 879 2619 1215 1863 2468 2749 1816 1480 1366 2271 1939 1619 2710 1445 787 1925 2771 641 2833 1735 1373 2139 30 1660 697 1982 2616 1294 2371 810 2607 958 1295 665 1807 2092 991 1267 1514 299 685 2269 1549 1258 638 2385 2633 667 2740 262 71 428 2481 2576 1270 1814 1446 1744 127 307 2175 551 267 1025 273 1524 1630 342 1242 2776 1238 2727 1520 220 1240 2104 2524 2444 888 669 448 1887
611 1319 188 556 547 1386 817 1926 2082 85 2817 2270 1656 2790 1102 943 2528 1934 1644 987 1407 221 2300 2411 2501 1624 2832 312 1405 2044 1584 2045 2023 2755 659 463 2397 4 635 2200 1545 1092 1029 2544 2574 1307 2307 1313 1151 2419 259 59 904 2724 606 2564 1208 978 2358 2670 1564 26 2344 1468 2800 1484 2367 2606 970 31 283 1701 2076 1437 1796 524 2626 674 712 860 1428 906 1369 1737 1146 747 1240 178 1262 1552 2545 1356 1835 220 1700 1222 2770 503 1181 1422
631 1518 1290 2596 2282 921 2064 2392 1017 1909 2796 984 662 1613 2049 1058 2140 1978 530 2093 1301 1879 1002 1119 1567 451 446 1604 1981 1237 2357 607 394 2262 1906 1676 908 2085 942 1396 2543 1621 1384 1105 355 852 813 1331 243 1614 1554 1673 2257 2458 542 660 1718 1370 2696 2782 487 1808 337 1705 2274 1145 1404 2600 966 1100 54 235 1681 1853 710 2660 1742 367 124 2829 1000 1089 460 220 144 897 2259 580 2594 1047 2773 1240 700 2636 177 1275 1739 159 1688 1293
1993 1663 2767 712 1422 947 1782 1649 2836 1328 1444 1617 1045 1054 2837 2050 1679 1623 550 1381 169 1658 2241 2707 2130 735 1029 645 2011 463 1261 1218 155 440 179 2628 1544 1051 1840 197 2840 445 1552 1489 2439 2631 900 1416 1948 1710 1701 860 1437 51 1096 1369 2352 1362 134 1417 1897 1486 1640 319 1208 2419 194 674 1777 2649 1307 715 260 1185 1600 305 1949 2708 978 2076 1860 1435 497 1586 28 430 238 31 580 2142 2046 1216 100 1569 446 1118 331 653 559 192
150 2263 1525 2623 1371 1280 1084 2678 2572 1198 1596 2188 1726 2562 43 2141 2498 387 2386 2720 644 971 2442 2688 621 1365 1083 1536 1199 1032 1802 106 84 2554 183 2791 785 1880 894 189 2060 2303 1318 1927 1458 2761 636 762 419 96 2807 2503 481 1632 300 2831 171 1251 2278 941 1866 2197 1064 909 1018 2705 2476 1380 2153 2401 1108 782 1768 1364 1568 45 6 2505 2465 1979 2030 2514 732 2168 2541 2160 1283 2522 946 2048 2608 275 455 905 1750 2182 2091 1692 582 546
1424 648 605 1634 717 1040 94 1573 1309 610 435 248 2830 1020 2560 1133 365 1581 678 1379 1243 2251 1966 811 1968 870 843 2151 2680 538 881 2005 1783 1546 1794 1110 1131 1454 2788 568 1311 112 937 434 2364 410 544 2341 673 1005 821 535 1466 2746 338 593 2290 883 2417 730 336 2730 1498 2697 749 1079 2549 1068 800 392 1142 2377 2299 1455 1516 2196 1850 2519 253 855 1670 2095 2087 2243 2006 1174 1325 1913 2331 774 2492 1527 257 2219 1936 1094 2609 2613 709 1007
1681 487 1705 2600 337 942 2543 2085 1384 2458 966 1495 1742 2660 1978 2696 1002 1614 2257 1331 1370 1673 1119 243 2262 1676 1396 355 1695 360 1554 2259 1017 1000 1853 1105 1893 2664 54 2369 813 1739 2796 1031 50 2782 710 908 791 1287 1301 542 1565 2049 320 607 2803 1604 1567 1508 530 1290 1718 1981 660 446 1518 1237 2392 1058 2596 1293 1822 580 711 1275 367 2773 412 1741 1097 159 1143 561 451 631 852 2282 1680 503 847 1711 504 1339 2193 1118 235 252 28 313
1532 2099 2028 330 532 2742 1956 354 1704 671 1961 696 1708 2557 972 2479 1896 1335 1376 1339 849 152 313 2674 458 533 1741 1563 28 120 734 2819 618 2228 847 238 2119 2177 2250 2191 587 2500 505 200 1021 2017 2316 2365 1680 81 2181 2322 1827 2370 2283 2681 503 2193 261 633 1917 1297 858 711 33 523 2527 772 2698 2689 2592 92 2814 2052 771 2534 705 2597 2716 1111 602 2773 175 1332 1273 2552 1746 2199 1873 1156 2062 109 653 872 449 1010 740 2693 2594 1543
1125 70 1753 2777 2772 2077 2478 2561 2510 431 2161 1759 1035 1839 2757 315 1252 2015 1842 1834 18 951 1390 1557 1165 2622 601 2818 2 2302 191 2663 284 297 1235 277 767 103 2759 688 1323 502 175 1908 1916 1186 2471 1389 1821 990 578 412 89 2314 1391 847 495 475 2632 2228 430 2346 1720 2283 561 2765 2316 1018 369 1413 2144 1896 478 1941 1378 1563 2764 68 1608 962 2181 758 2398 1881 523 1303 2311 2687 1929 1923 1730 2244 753 1472 33 1022 1220 467 553 1831
2648 2372 795 577 2595 2223 195 1698 1270 1694 1684 1409 2253 1294 147 1939 665 2466 2185 1258 127 2481 1446 1630 1349 1355 1360 2298 2616 2709 2710 2444 1994 2584 1112 2094 1411 352 1129 961 1095 2226 2213 958 1811 307 969 1060 1520 511 1167 1278 573 1618 2100 2246 2738 1815 160 1101 1615 1216 2138 2189 879 685 166 2158 2338 600 1 1862 1524 2255 2363 273 591 2801 1078 1291 1140 1816 557 2460 2758 1238 414 1327 846 267 1421 2212 1530 2339 2835 1993 1159 2820 344 403
2300 987 1752 1926 1146 2832 85 312 1407 221 2790 1102 817 635 547 1386 1656 2817 1405 2082 943 556 950 2556 2367 2270 2501 1496 1624 188 59 1316 1934 611 1319 2411 2044 1965 1636 2528 1545 4 518 626 1644 1202 1799 1897 259 2069 663 1092 1362 2574 978 231 2389 1414 1123 1840 1484 2545 2836 1096 1796 2424 1878 2840 1051 1700 1190 2397 2553 872 134 2010 1416 854 1710 2826 2515 712 2713 1117 2419 1782 2815 497 1216 1356 2352 489 1584 2378 1003 2715 2105 168 1586 1658
2277 1801 529 2323 1798 1334 1394 962 2249 2759 395 545 2054 1175 658 727 2644 1951 589 485 1306 1230 2787 572 2066 304 2178 1213 1389 1683 2113 2579 1353 2546 1106 1883 646 240 1559 1300 581 2540 2784 1361 1115 374 2000 2024 426 761 1631 1427 483 898 1561 2430 1597 789 251 803 1197 1451 1593 1558 430 291 239 714 2409 2325 1248 634 2311 1435 999 2794 1813 847 2137 2143 2400 822 324 125 1363 2072 1881 131 2751 625 679 2091 726 734 2280 2173 1008 2164 129 2236
1007 1385 1707 1779 406 2145 742 1645 2763 1800 1992 1871 1138 1731 2102 1526 2613 1894 773 519 1511 1442 1969 257 2516 288 1325 186 535 709 1527 2219 416 2843 2609 2377 811 410 1783 870 664 1516 365 2095 434 544 1068 1466 336 435 883 872 580 605 31 159 1311 1822 1435 1498 1961 1455 331 2341 248 1670 654 11 653 2543 446 1118 1079 1110 455 2693 821 1143 670 261 618 2746 1040 1262 1216 1293 113 2290 1424 1780 525 338 730 1968 1309 1241 2017 881 2788 1505
802 1492 142 429 1890 555 2078 868 176 554 2029 2668 1888 2333 1033 2743 1562 1393 2786 2227 1256 289 979 1431 1686 432 2108 1418 886 417 597 1699 2423 1430 1053 2451 62 340 21 2384 361 1886 1398 878 302 681 36 2117 292 78 199 893 1553 332 866 743 2267 1236 1065 2380 733 1588 680 1132 2217 1038 536 571 901 2421 1499 1462 92 1754 654 27 2594 877 192 380 261 73 245 427 2091 552 1248 1124 525 323 354 2074 1829 49 2279 1813 2669 139 726 383
2045 1584 2023 2755 747 258 770 1320 848 1491 31 326 2144 654 2698 1780 455 2316 68 2715 1356 1319 580 159 478 2569 225 903 331 1141 1293 418 1117 2017 1692 446 1262 611 990 503 1275 702 653 2402 200 1976 430 1628 2055 523 655 1438 2686 1216 643 2669 33 682 61 1097 1829 522 1592 2343 553 207 464 1503 1472 1273 1140 113 684 1730 721 618 2191 471 89 771 1023 2311 1435 1248 786 502 768 726 52 2693 936 2025 2742 290 577 1961 1706 1918 192 1564
1416 1096 1948 1362 1897 497 1586 992 2046 2815 2272 1218 2352 1636 1860 1316 1051 712 2721 1261 155 1552 1569 2628 64 194 1381 715 1782 2767 305 439 2241 2836 1658 1617 645 51 1054 1640 1496 1965 1993 260 1899 947 2135 100 562 2741 899 1663 319 445 2580 1777 1045 1029 1444 48 2840 1185 2419 1212 2713 204 1328 1649 1623 2708 2556 2766 2553 188 1067 137 1018 1356 259 1248 1544 1796 2311 659 782 1027 1606 525 2599 900 1435 625 116 2286 1679 216 679 1486 140 2837
1353 240 483 2784 1300 1883 1394 545 789 1801 2277 529 2066 2644 1213 2540 395 2178 2113 1427 251 304 1361 1389 1115 2000 2546 1106 727 1451 1230 1559 2054 2579 658 1175 1798 589 1334 572 1951 485 2249 1593 646 2381 341 1306 2787 1898 2323 2504 766 101 1093 962 737 1900 2040 364 374 989 215 2238 803 1683 407 328 2759 436 2072 2114 1804 1719 1091 614 2242 714 1971 1087 291 1996 898 1447 777 1786 967 1257 16 1558 1137 1207 1044 44 2024 1180 1561 2409 293 1483
1742 243 1554 1105 1396 1370 813 355 2458 966 1495 337 2696 2257 487 1705 2600 1331 1384 1614 1681 1673 942 2085 2660 2543 530 2049 1301 1604 1237 446 908 1002 1567 607 1017 1981 2140 2093 1058 451 984 1978 320 2796 1893 54 2259 2782 660 1676 1119 921 2064 542 710 412 561 1829 968 1275 2279 975 175 1273 1739 671 360 1929 430 1018 2597 2282 2664 28 662 2181 252 2789 2369 1972 655 268 295 847 631 858 753 782 504 2687 1909 2398 2402 1875 144 840 131 2316
757 1728 1231 754 2021 2320 2756 1533 2533 1149 29 293 2673 286 2172 218 2430 2024 24 426 2143 2638 1719 634 1597 1689 1312 853 2787 967 1804 739 545 213 529 2277 1394 2472 395 646 1296 2054 2178 2323 1175 1984 304 2644 1230 572 962 1883 1951 2113 1353 1898 1306 251 1801 252 558 2066 1265 119 2280 240 1427 898 727 525 1274 80 1334 1435 1746 245 485 1248 805 91 1505 239 968 734 1827 995 1780 313 589 2173 1299 1213 1168 1361 2283 1451 1182 838 1356 1829
2045 1584 2023 2755 747 258 770 1320 31 1356 1780 225 654 2809 2316 2715 2569 326 2698 1592 1829 2343 1435 580 2017 455 1692 1216 1976 478 1248 200 482 2055 61 903 113 418 2144 1706 331 159 383 503 848 191 1262 464 2311 2669 618 52 1961 2402 1472 1604 207 1746 1275 726 1141 1029 968 643 1140 68 27 1620 653 771 33 446 655 702 89 2762 2693 768 1186 682 1897 192 430 1323 261 1787 525 1273 1700 1390 2667 1503 2742 786 162 2191 523 1362 1598 268
1969 1511 730 1442 338 1466 2516 2102 773 1526 336 1992 1131 1707 1325 2145 1779 406 2763 1670 2151 1794 1783 1243 519 1455 544 1379 2290 365 2746 1385 1005 2341 2730 1007 112 1498 2788 253 1311 410 434 811 2549 1020 1079 2560 435 1581 870 2219 937 610 1309 709 568 1110 2830 2299 1068 1424 749 1634 678 2364 1516 673 186 1966 1573 648 593 1040 2680 717 2251 248 2377 257 2005 538 1968 821 881 800 855 605 1454 94 2843 1133 742 1527 2492 843 1732 1094 1138 774
340 979 176 2786 2227 2668 2743 554 1890 1033 1562 1393 2029 2108 332 868 1888 1065 555 2333 1686 432 429 597 802 1418 417 886 289 1492 142 571 62 1256 361 2078 2423 21 1398 2384 681 302 1053 1431 2451 292 199 893 78 1430 1699 1268 878 743 988 36 2117 536 1886 569 121 866 193 2217 1553 680 2090 427 2415 323 2568 2267 901 733 1236 1793 2380 2421 1038 2406 2031 1952 2120 1070 1187 2032 2047 828 1189 27 654 1248 56 2539 2594 1037 245 2221 1648 370
1993 1422 712 1045 1617 1663 2767 550 2050 735 1782 2836 169 2837 947 440 1649 2130 2241 1444 2631 1029 179 1381 1328 1544 1840 1658 155 51 1054 463 2439 197 1623 1679 2840 2707 1261 518 1218 2628 1552 1640 305 1051 645 134 445 2011 663 1369 562 2352 900 194 439 2649 260 1897 1362 1486 1948 563 1416 1860 1096 659 2419 2088 559 2826 259 1307 1437 2454 64 2721 1796 1316 1777 715 1208 2580 1636 1569 2082 925 2133 2046 480 319 2270 1586 992 1489 2815 1185 2272 497
472 1803 1509 1167 127 1811 1355 1862 1060 1242 1530 2431 2595 147 2094 1078 2138 577 1069 1341 867 2758 1607 1524 2738 385 2710 2385 262 2444 273 685 537 641 2104 1807 166 1421 1373 1101 888 160 1295 2266 2811 2213 2771 352 2524 2403 1059 551 814 1619 2648 2189 1025 1215 1863 991 2255 17 1660 226 428 2175 573 2340 1735 2781 2835 879 2412 2399 1618 2371 741 2460 667 600 961 557 2776 342 267 1571 2607 1366 1816 2633 2820 1982 1540 317 1291 2486 2139 1480 1349 1238
1635 390 1967 1715 1050 2693 314 2406 1648 1293 159 1097 580 326 1143 1822 31 1118 2053 799 2715 1755 2783 653 1187 1140 1037 805 1124 331 1011 1317 1756 2236 1568 430 655 1216 1008 1395 1475 295 2301 2806 2407 2765 1730 1275 1274 344 478 2505 2465 2687 2062 220 455 936 999 726 2698 1273 758 1929 27 108 1829 1024 363 391 504 1662 1262 1612 1472 2398 484 1921 2059 1022 753 2611 2531 402 2402 1692 1378 1303 389 721 467 786 1240 2634 1647 471 1972 1220 1918 2467
419 894 2153 2554 96 1927 1632 189 1032 2060 106 1171 2567 1214 22 2109 2751 481 1286 2726 2612 1661 84 2831 171 785 941 2401 815 2705 2162 454 506 2502 1987 1336 744 1744 2571 2160 1995 1251 1013 621 20 300 167 1363 1844 2079 1315 1365 1364 762 1802 856 1749 42 2197 2152 1703 2096 2263 2313 592 2425 957 959 2806 565 2720 2141 95 1288 205 2278 2030 924 1880 2688 2216 586 2687 2465 2505 2611 295 596 971 1933 1692 356 836 935 1907 2261 476 2053 1662 2091
1753 2777 2772 1125 2077 2478 70 2561 2510 431 2161 1759 1035 1252 2015 951 1834 2757 1839 315 2818 1842 1165 18 2622 1557 1390 601 2 2302 2663 191 277 767 1186 1323 297 103 1389 688 1235 2314 369 2685 1018 412 89 478 1923 1220 2686 1391 782 1980 2017 758 430 2316 495 1248 33 175 2687 1941 1378 1022 1472 2398 1831 753 1730 625 1465 2301 2765 2759 2244 1435 1356 2311 52 467 2715 2632 1692 2794 389 108 125 2279 2634 216 2228 2407 501 840 1822 999 561 788
1334 1175 1306 1951 485 727 589 658 2323 1798 962 1394 1213 1361 2178 304 2113 2066 1389 545 2787 572 2546 395 2277 1115 529 1230 1451 2644 2540 2054 2759 646 1801 1558 714 1559 1683 1106 898 2072 2000 2249 1928 2579 374 1137 1207 1166 2409 426 1427 1561 614 93 1597 737 1087 895 1353 251 581 2022 803 101 789 436 1590 2040 2242 1027 24 634 2504 1881 240 215 1197 1899 1011 2279 2719 1018 447 2057 782 822 2656 430 192 525 1248 494 364 2311 1900 654 125 2589
2841 924 2502 214 2152 1953 1866 909 1288 1703 2567 1139 785 2751 1365 2216 782 2141 1018 1605 138 2348 1472 1048 2632 1363 643 2611 1612 1487 1692 1371 1171 752 621 2263 1602 22 1591 84 1214 423 2109 183 2507 1918 1927 106 936 412 1506 189 96 181 2465 2505 971 171 108 1568 1032 2498 620 2554 1293 2060 959 580 941 159 732 2402 721 753 1395 2398 430 1822 2061 1097 628 1118 1317 2062 2407 2404 561 2688 1143 1921 419 1972 1632 1220 2346 402 2591 346 2726 2442
2320 754 2756 2021 1728 2533 1231 1149 293 757 29 286 2673 2172 1533 218 2787 1719 2024 426 2430 967 24 1804 2054 739 1312 1296 646 2143 634 1597 80 1984 1175 1951 1306 119 1689 2638 1559 727 572 1361 1451 962 1798 2178 658 589 1230 1106 304 2472 545 213 853 2366 364 252 485 395 1829 2540 251 2644 473 2000 2113 529 2066 2323 858 1394 1274 2279 525 671 1182 1299 1024 696 33 1168 1478 1213 1334 2408 1898 1598 268 1505 91 737 2531 436 1780 239 101 1875
989 1900 101 2381 436 215 2040 364 341 737 251 2504 1898 1106 766 2238 2114 328 1427 1559 803 2644 374 572 1230 1451 1093 407 1353 2000 545 395 1883 1786 2242 2784 1683 1300 2546 529 1361 1115 1389 962 2540 1257 789 1971 1798 1818 2759 1394 1357 2288 564 39 2787 2579 240 926 2066 2277 1180 2495 483 1091 76 581 1996 304 777 2281 646 1213 2323 2178 2054 1175 2113 1137 230 1951 2072 1087 1334 1306 614 727 658 589 1801 1207 293 485 1558 898 2756 782 754 2632
795 2468 2363 2749 2185 1129 1440 143 879 2740 557 2460 1480 2517 1366 2584 1816 2529 1411 2298 2619 1684 2607 1660 1694 386 2801 669 2633 551 1025 448 1227 810 2271 342 476 1863 1524 661 2261 1215 1059 1619 2168 154 2710 577 1925 829 1880 1939 147 2194 1807 718 30 2833 160 2771 1735 1865 1295 2576 1373 273 1858 641 2139 411 175 1530 1929 505 1378 2385 1078 2429 2104 307 71 2269 2092 1275 108 1475 127 2313 787 2059 1882 295 1982 523 999 1730 2764 534 2687 1240
2510 431 70 1753 2777 2772 1125 2478 2077 2561 2161 1839 1035 1759 2015 1252 2757 1834 951 2818 315 1557 1165 2622 2302 1390 1842 191 18 601 2663 2 2686 1938 1980 2685 277 2702 889 1443 767 1747 2315 2496 369 1584 1833 2532 269 1460 175 412 1929 430 2144 1117 211 1220 1356 1563 346 1303 654 523 2244 2311 1248 89 68 2687 1730 1275 2301 625 2407 990 1955 2764 478 1608 553 758 1941 2025 786 753 2398 471 1435 561 1969 2061 2265 525 2794 52 33 655 2821 258
239 2164 2794 2091 1781 1248 113 1435 1356 2311 822 2137 625 679 525 1505 252 1598 27 216 654 2809 1299 1168 858 1141 449 2070 245 383 1506 2669 49 1780 1127 2279 2232 2280 838 209 696 139 2173 2025 1262 455 192 356 408 296 61 344 1274 2470 1829 2396 653 2531 1568 225 1011 1612 207 1282 2017 1187 33 655 1140 865 1961 268 782 2693 331 1037 671 1018 1924 1787 2316 1275 2406 1648 1875 1472 131 806 2715 31 290 721 1317 200 2236 1715 1124 495 1273 314
1425 1380 2197 621 1113 946 183 2522 909 171 45 1044 2503 959 1365 2401 1363 2216 1286 2056 300 785 1064 1315 2141 2612 84 1371 2831 1251 1199 396 1288 506 815 236 2705 1336 1987 443 941 2230 2245 1449 1703 762 214 2079 2720 2182 335 2160 1364 971 1013 2562 1006 2608 2167 1802 644 459 1267 2841 1866 2188 481 2571 2263 1308 1458 856 1090 1844 2425 1263 448 1596 42 2591 1027 60 43 2091 2442 2794 905 2249 586 1726 2030 924 2678 1487 2760 387 2627 2498 1560 398
312 2832 2501 987 1624 1146 1934 2411 1644 1102 2528 2044 635 1405 1407 85 2817 2790 1656 188 611 817 221 1319 2300 4 943 556 547 2082 1386 59 1926 1752 2270 2389 2574 626 1545 2397 1092 1737 2419 1552 978 1339 283 2606 1983 1468 2214 1484 2836 2133 712 831 1956 2265 1173 1782 2367 1151 1208 2424 1896 1486 904 347 2105 238 1981 495 2325 606 703 1955 559 1202 1923 259 1190 1948 2652 847 1117 1237 313 2599 1582 1437 2028 152 2724 2762 1711 1813 1835 1617 2674 1428
957 1889 509 2457 2464 5 2725 2404 1515 844 609 1766 2448 1696 244 744 2128 2115 1616 2468 592 1880 1945 232 19 520 1556 1637 498 43 1596 1477 106 1061 2442 1269 2124 2562 2720 388 2740 2109 1326 466 171 163 189 473 375 815 1032 2141 621 2751 2060 2566 1927 387 306 2591 1364 1987 2014 2744 183 2612 84 424 2278 1280 96 1733 2498 481 2390 1525 941 80 119 2188 1251 1602 2354 1296 2168 2182 2160 2678 752 1383 1632 2153 1960 425 2197 2401 2572 644 2056 1802
2479 1563 849 505 2191 28 2365 2819 2181 1532 2716 2500 1708 2552 2689 523 238 458 313 705 2557 2099 81 2250 175 2370 152 1827 2283 734 2119 330 2674 1339 1896 847 1741 671 587 120 354 2742 2534 972 532 2681 2193 1680 1704 1376 2322 1335 2228 696 2028 2177 2592 2052 602 1111 92 1332 1956 2527 633 772 2597 2144 1746 740 503 711 1010 2237 109 1873 125 771 2244 2814 261 726 780 1787 1465 788 268 1706 927 2059 2470 53 2806 786 1912 1037 464 1662 1281 2429
1254 1310 1107 1512 835 65 1908 284 768 702 903 931 1114 1830 848 2388 1720 1821 2471 1608 2601 1340 990 297 103 250 502 1975 2624 1845 1323 1767 1235 684 2276 1186 578 126 688 522 1391 2314 1413 2831 1692 1465 643 216 2311 1315 2579 2611 1356 344 2079 464 999 1275 1662 1273 331 1216 936 2429 108 2687 780 1220 1706 534 2160 2759 806 935 786 2715 1568 726 655 1831 1472 1008 525 113 2571 753 2505 2465 1458 1907 2236 2244 1013 561 2059 2407 653 1336 2698 2522
52 1481 418 780 806 1465 2244 2429 534 786 1662 2059 484 999 1438 471 53 363 726 346 1918 2301 402 2821 1475 2470 1275 2690 2467 1730 2236 2687 344 1929 936 467 290 478 225 391 331 1941 758 2407 389 1378 2505 2465 753 2398 2715 314 1022 464 2634 1706 2806 1789 927 1220 655 1831 628 108 1008 1655 504 452 295 2765 1039 840 89 430 561 2698 2285 1011 1124 2142 1273 268 2053 131 1037 1048 2531 1024 1503 1140 1568 207 241 2025 2062 1692 1216 1026 455 2611
1113 2194 2261 1865 443 1221 582 546 1227 661 1761 285 586 2115 629 1723 411 1616 1082 1308 1882 753 1891 1188 1462 922 2025 73 594 653 1647 2402 430 721 1083 92 1018 2569 108 2398 1435 1011 2119 1262 225 1697 655 125 455 1090 6 968 244 2794 2557 1006 1153 2806 1592 2053 2062 1598 820 2177 281 138 2669 331 1787 944 2505 2465 504 1781 625 580 758 1376 1124 482 192 367 61 1763 936 1612 37 1874 1692 1557 1037 353 2611 1599 2677 295 654 782 1293 380
1056 204 1606 2135 137 2741 1212 1134 899 116 2842 2511 1547 1463 246 97 1935 1067 2068 2041 722 2294 2665 1944 79 2305 2728 1055 2207 350 2558 2825 725 2736 2766 1825 447 1126 692 2292 165 2319 1076 2813 2286 2719 1464 2382 1937 686 2248 677 1639 2438 442 1185 682 1899 2393 1777 804 494 790 948 1940 2291 1962 491 2435 1452 2580 146 2569 2708 329 271 2057 1986 574 1592 274 526 608 1874 1942 140 1892 864 1771 1223 362 2625 1677 2436 647 2639 33 1841 2683 2598
2491 2328 1179 1977 1579 9 841 2682 1063 1651 515 945 887 639 952 1770 919 1354 1769 1583 2729 2379 2792 1791 1578 930 1657 928 114 2778 118 2252 1851 748 1920 2647 998 567 227 1531 2065 763 916 1211 819 923 1470 2097 2225 2304 2042 2310 1367 982 1667 517 1585 2618 311 875 2559 1970 1854 1566 2349 1528 2711 2488 808 382 2575 2723 1210 1239 778 1368 1271 7 910 1154 2459 975 261 92 528 2715 760 2716 1420 618 2742 98 225 1376 2214 896 2683 2814 587 633
196 2474 353 776 98 2081 1643 585 1819 1864 1625 910 2067 2103 1042 2462 701 2353 1402 809 2334 869 2101 1963 69 2027 2264 2256 1344 781 381 2361 233 1143 1822 159 1118 150 2687 580 2141 481 1755 1293 326 653 2698 1097 276 1273 2186 390 1216 2053 31 1275 1635 261 331 621 1124 2505 2465 2693 2062 1140 574 1831 455 2017 2402 1692 2806 872 1568 61 1967 1223 2541 647 2773 1715 721 1168 295 1299 2457 633 367 2057 587 1262 207 1282 1274 936 244 655 805 1472
1037 2053 1140 2236 1124 1967 1635 390 1475 331 1011 314 1050 1715 2693 430 1829 799 1755 1568 1216 1317 1008 2406 1756 295 1647 721 655 2402 805 1395 2061 220 1921 1972 1648 2301 2279 1187 1472 1303 1274 2806 1612 561 1275 2715 726 2531 2407 999 2765 1929 455 1273 344 2698 1024 484 1730 2059 936 2687 391 412 1918 31 1293 1097 1262 27 159 580 1662 1822 1143 653 326 1118 467 806 1789 2465 2505 478 2429 927 1692 363 758 268 1240 1831 464 534 1843 452 1706 1018
225 2236 2470 207 1475 2025 1787 61 1127 2669 484 1275 192 295 331 2059 391 344 999 1730 806 2806 2396 1780 418 2053 838 209 726 1282 52 1037 49 139 1781 1481 1124 2429 356 1274 408 653 2173 296 534 2301 383 1929 780 245 2687 2794 2091 1216 1140 654 449 2244 2280 1662 53 1465 1008 786 1011 1918 346 2164 2070 2821 455 655 239 1568 363 525 1141 1438 290 1924 467 1505 314 430 1187 2698 471 2232 2407 1967 220 1635 390 216 1273 1555 2531 1941 452 936
484 2059 52 806 418 1481 780 999 2429 786 1662 534 1465 2244 346 1438 726 363 1918 471 53 2821 2301 1475 1275 1730 467 402 2690 2236 2470 2467 2687 936 1378 1022 478 1929 2398 753 344 758 628 2505 2465 108 2407 389 1220 2634 504 331 1008 290 1039 840 2806 1048 655 2765 225 391 430 295 89 452 2611 1941 1692 1706 464 2715 1831 1655 1789 927 1011 1026 314 1037 1124 2053 2285 561 268 131 1140 2142 1568 2698 2531 1503 643 1303 125 1024 2062 1216 1273 241
1385 1007 1707 1779 406 2145 1526 742 1992 2763 1511 1645 2516 1442 2102 773 519 1894 1325 1800 1969 1871 1138 1731 2613 257 288 186 1527 535 2377 709 2219 811 1068 410 2843 2609 365 1783 1079 1466 821 544 730 434 338 1516 1455 1670 1040 336 605 1311 435 870 749 1498 2095 2730 112 416 2549 253 2290 2788 2341 1966 248 1309 2830 1020 1110 1131 1424 94 2560 1850 1968 1581 1379 1794 2680 855 937 673 678 2243 881 2151 2746 800 648 2299 2417 1005 2543 1435 1142 2364
2594 1003 877 2105 552 1156 653 533 1917 449 120 261 2199 618 872 2693 49 1099 2316 408 383 1282 2017 654 1650 1780 1135 2814 200 858 649 245 1787 1781 209 2610 2669 1961 1021 525 1885 1555 838 2698 2773 139 356 1505 296 207 61 2794 2396 2232 799 390 1274 2173 1127 2280 1635 192 1967 890 33 2091 2789 1755 1441 2597 2406 27 2306 1648 2070 314 1715 2025 2681 2164 1050 1273 1924 1141 2470 2053 805 225 696 679 216 1543 1955 625 1598 31 1314 2311 2265 1568
1056 1944 2294 1055 2728 2207 2135 899 204 137 2741 1212 1606 116 2842 1134 1547 2511 725 1463 1067 246 1935 2068 2558 2825 2766 79 97 447 1825 1076 686 2665 2286 2736 722 2580 2813 2248 1464 2041 692 804 2057 1937 1899 1452 2382 494 2435 2291 2292 165 948 140 574 2319 1777 1639 329 1126 1874 2305 2393 146 677 1185 1223 2719 682 2639 2438 647 2569 2683 274 2708 1592 608 1868 657 790 1692 864 442 2611 1275 2598 1506 52 430 2821 2436 238 28 1918 2250 1532 207
123 1255 1757 2150 882 986 1600 155 372 2012 51 2631 439 2001 1997 1640 2767 2391 276 305 440 1649 1261 334 1961 2387 2836 1541 1897 1840 174 1218 455 1236 1617 750 1956 1782 715 2378 712 2025 1362 1711 2775 1958 1787 2241 278 1262 1415 245 326 735 1141 33 1472 225 932 934 696 721 655 525 61 2267 2721 1582 64 48 533 1704 1045 1127 207 2762 838 1636 1187 1921 1700 2380 654 2669 1780 1569 331 139 580 92 1506 31 1708 2402 1430 1049 1756 799 1422 15
1590 614 1137 1087 895 93 291 1166 898 1801 1207 1558 2409 1535 714 1928 2072 1631 1346 1593 1257 832 1971 1561 540 1749 2277 2022 1197 2784 1019 803 240 1300 63 465 1483 483 2129 576 2759 1883 2542 792 1161 1447 1804 44 1353 376 16 2235 617 1334 1513 1847 374 2000 251 1786 1091 1469 407 1298 1093 1996 967 2054 1597 61 1389 1394 634 2242 2066 1213 2025 192 455 2296 1262 2143 91 207 24 430 499 529 1004 2430 824 1103 1912 2024 225 2579 356 783 331 580
2011 645 2707 1623 1679 1054 1328 1444 445 947 1663 1649 2840 319 735 169 2837 712 1029 1782 2767 2050 2836 1045 1552 2130 1253 1617 440 2241 1381 1422 1544 1993 1658 179 134 2287 1261 2439 2628 1218 1640 2352 1840 155 550 965 900 51 2133 563 194 1051 1208 2046 1586 1897 624 769 1860 123 2631 1710 1486 2482 992 882 1757 1307 497 674 2735 463 1123 1362 932 703 1489 1452 2419 1868 1948 2272 1416 938 1027 1417 1775 260 2076 2713 2088 1250 197 1437 906 140 562 305
1001 2121 1810 2583 2509 67 2350 1012 249 627 1406 202 1075 1944 1055 1594 404 899 1609 2728 1195 830 1869 1110 378 2207 725 137 1212 2294 338 494 2825 1441 1606 1620 2057 112 2329 2291 2248 165 603 2736 1325 1794 2766 1805 811 1732 1825 2748 497 730 1634 780 1573 1943 31 2719 574 363 2033 2693 2741 2701 1450 2275 344 937 1874 1379 1787 1466 1590 2813 1586 418 902 2240 1897 1243 775 726 1516 786 1670 87 61 2151 359 2237 316 1465 321 1481 2135 1692 2558 2746
455 1024 2531 1829 1262 2025 61 2232 2669 268 1127 207 192 2142 1875 1787 1503 1843 2070 1781 2565 1780 1274 383 131 49 449 452 1568 2794 139 209 2091 654 838 225 1282 408 1273 245 2396 356 2280 296 2698 2173 653 1506 1141 2164 2765 241 2470 822 2137 2285 495 525 239 1124 1505 1924 1011 1140 1168 1299 2053 2279 726 1037 113 33 331 290 252 430 2715 53 799 1500 1216 2236 1789 655 625 2311 1755 927 805 1706 679 464 1967 1555 1831 1635 216 27 1612 2693
150 1083 2263 894 181 2807 96 419 2678 732 1702 1318 2554 1525 620 1927 1365 1632 2153 2116 106 1013 1336 2386 1536 2141 2401 1371 1797 462 2160 861 6 2079 2623 949 621 189 2720 387 647 2733 2278 2060 783 1726 1251 582 2498 333 689 546 45 171 636 1032 762 1364 43 2612 2639 1315 793 2442 2591 1139 146 2572 1960 1004 782 1280 1458 2188 2737 644 2502 785 309 856 198 1596 1018 2048 2688 2562 561 2582 2248 2152 2522 398 2683 335 2687 682 2744 1472 2382 2569
802 142 1492 429 1890 555 2078 868 176 2029 554 1888 2668 1033 2333 2743 1562 1393 289 2786 2227 1256 1431 979 1686 2451 1053 432 1699 417 886 2423 1418 1430 597 21 2384 62 2108 361 878 681 1398 302 292 36 199 1886 78 340 893 2117 866 1553 743 1236 2267 332 1065 2380 733 680 1588 1132 536 1038 2217 901 571 1499 2421 1754 1272 427 192 323 92 27 121 654 1124 2279 1462 1187 245 640 1248 261 1829 139 2406 1037 552 633 2669 2091 13 2594 2568 1011
1056 1944 2294 2135 2741 1606 204 1212 899 137 116 1055 2728 2207 2842 1463 1134 2511 1547 97 1935 2068 1067 246 722 2041 2665 2580 2435 686 79 2766 494 1899 1777 657 1452 2813 677 1076 2248 2291 725 2057 2558 140 1185 2708 1464 1937 2825 2286 574 2382 1473 2319 447 1639 1874 692 2736 1986 1868 2393 682 1892 2305 1223 2809 948 274 1124 1126 33 1037 1677 271 12 2053 1275 1825 1771 2292 790 1942 2625 2438 2236 430 165 526 1929 864 146 1708 1555 1787 2719 1472 324
754 2320 2756 293 1728 1231 2021 1149 2533 29 286 2673 757 2172 1533 218 2787 739 1719 426 967 2024 24 2430 1597 1804 1689 646 634 2143 2054 853 2472 2540 1312 1296 1451 1361 792 1798 364 962 2638 2224 2296 1175 1334 1900 572 2323 1984 1306 2409 714 1230 119 1951 1558 2644 436 898 1829 727 589 696 1478 80 1299 1168 1559 27 485 240 494 1427 395 529 525 726 2040 858 1505 1787 1928 654 251 215 1598 1024 658 101 1780 91 1106 1555 2000 1435 737 245 679
757 1728 1231 754 2320 1533 2021 2756 2533 1149 29 286 2172 2673 293 218 2024 213 2430 24 1719 2143 426 1312 967 1296 80 634 558 1689 2638 1984 2472 1597 853 135 2787 1804 2413 2295 119 739 1383 2408 184 1478 2366 2260 2169 473 1829 2124 252 2235 91 2464 2508 498 2054 2296 1766 1274 2725 1780 1435 2014 1248 1746 391 388 752 1945 1924 858 375 1356 2279 525 430 1182 113 306 239 1061 383 1475 2531 235 646 1326 1140 995 1216 1024 1127 726 2378 1852 792 1299
2277 1801 1798 529 2323 1334 962 1394 395 545 2644 1230 1175 658 589 1951 572 727 2054 2249 485 1306 2759 2787 1361 2066 1213 2540 2178 304 1683 646 1559 1451 2113 1106 1389 2000 2546 2579 1353 1115 1427 374 581 1883 761 251 2784 426 1561 737 1558 803 1300 240 898 714 789 2325 101 1597 2072 1248 430 2114 2311 239 2024 2400 131 1881 125 324 1225 726 1197 999 1631 679 734 1173 2154 1465 525 2762 625 2409 847 1813 822 1435 2794 697 2191 452 268 1923 2137 1827
2823 2567 1171 2751 2627 1214 22 2313 785 2109 2726 1858 924 2502 2425 468 396 2162 454 1260 1032 1703 1865 1560 281 20 1288 2060 2194 189 167 481 1363 229 1188 2261 629 2216 2152 1995 2030 1015 1227 476 2554 1153 2677 1761 744 448 2841 1744 1286 661 807 1610 2688 2118 411 419 669 1661 2498 2705 620 2831 106 592 1217 2153 829 96 922 971 506 959 1425 2168 815 1556 300 298 894 1844 183 2188 2465 2505 1987 2611 941 1018 2062 2806 644 2141 1998 108 2079 1458
503 711 633 772 1680 2322 1746 2250 2773 2193 2592 238 2052 602 1332 1111 972 1704 1376 354 1708 1335 532 2557 740 28 2028 671 1532 2742 1956 330 2099 2479 696 1563 2237 261 2681 120 587 2228 2119 505 1339 313 2814 849 458 152 1896 872 734 1852 2819 2181 1543 1741 2500 2674 81 1774 2191 847 2365 2283 2177 2199 2597 1010 1827 2370 92 523 2716 175 2689 109 1164 1297 968 162 2527 705 2552 1099 649 2610 1917 1182 2534 699 1135 1109 1650 533 1961 367 235 1885
2023 1584 2045 2755 747 258 770 1320 2545 1833 1443 889 1938 2496 211 2686 1989 225 455 1262 2532 278 2025 854 418 2762 2034 52 1711 2543 1582 1835 1141 61 696 633 780 1787 2599 1481 2742 1117 1747 2713 1700 430 207 346 786 1831 721 1680 1902 1961 369 1897 2402 1026 2244 1532 2085 2715 525 192 28 1465 2142 2398 2407 478 331 505 2690 758 1225 1011 2193 2467 504 927 1918 534 1980 653 2669 125 2314 31 1767 113 1647 1018 580 261 1972 1124 2687 2378 1275 1563
2524 716 2692 2205 1652 912 41 2208 1264 2231 2104 1988 273 345 1242 616 527 591 1587 651 2675 1812 1491 1564 2131 996 2530 237 124 918 700 1167 1837 1181 708 2781 147 2619 1215 1803 1355 2517 1349 697 1811 1807 2298 991 127 641 1373 961 1509 2460 1618 1295 1684 1862 1863 2771 1081 2595 2648 2385 2184 2185 2529 577 833 1497 2138 798 551 2738 1101 1619 2307 537 879 30 2801 2206 2444 1366 1735 143 2607 2800 1377 262 1549 2633 109 2670 1816 352 2363 1445 888 557
1305 2512 2218 222 897 2071 1052 1790 1504 1933 1436 2362 836 2096 850 2156 935 2645 1321 2750 1098 2201 1638 2355 1709 2342 1736 2691 2432 2450 755 1806 1911 2446 2642 144 320 599 2537 1621 580 2420 159 653 2199 2655 2452 31 326 2687 1293 1097 1216 2693 1143 1275 1135 207 649 1717 1118 61 1822 344 1387 537 1910 2168 1273 1692 192 383 1781 1282 1435 2698 2083 1662 2396 717 2053 1573 661 1787 2611 295 1634 2232 2794 1032 49 1682 261 1598 2164 1635 408 2025 296 2587
715 1569 100 48 2721 64 562 305 1640 439 1796 51 155 2034 1860 2545 2433 2650 2713 1490 1453 2309 2376 201 1901 1316 1496 1369 2631 2272 260 712 168 2708 26 2556 2815 486 2649 1617 348 925 784 1899 1416 1018 559 927 1046 782 1428 1051 1831 1878 2419 2435 1782 1789 2007 1185 1777 1636 2632 113 1655 1568 1011 657 2836 1948 805 1848 1381 1335 1362 2088 503 2715 2017 464 1435 2826 1275 366 2407 1096 1422 2311 2698 525 580 268 654 2358 430 1505 2236 1317 1262 1356
1221 285 582 6 546 1083 2643 1702 620 732 759 181 1891 1570 1260 1797 1697 1139 468 807 1723 2816 475 2346 973 1916 2043 411 1882 2171 650 2666 2810 1858 1188 2313 922 298 2476 1380 2807 2841 2118 1285 1865 1610 2194 1015 1605 2167 37 980 1456 1763 1884 661 1284 2261 1318 2268 2152 122 636 594 2425 820 669 2278 1227 2502 443 1153 1090 448 1082 1603 229 2706 459 586 148 829 2677 1308 1761 476 1953 1018 281 1692 1537 420 1199 653 758 353 1097 782 1397 2611
52 806 418 1481 786 484 2059 780 1465 2244 2429 1662 534 999 1438 346 363 471 1918 726 53 2821 2301 402 2690 2467 1475 1275 2470 467 936 1730 478 1022 1378 758 344 753 2398 2505 2465 2407 2236 2687 108 628 1220 1929 290 389 2634 504 1008 331 2765 225 1039 1048 840 391 452 1941 430 655 89 2611 2806 464 1692 2715 1706 1831 1789 927 1026 1655 314 2285 295 561 131 268 2142 1503 1011 2531 241 1303 1024 2698 643 1124 1273 125 1568 1037 2062 1140 129 2053
419 2153 894 2554 96 1927 1632 189 1032 2060 106 2567 1171 1214 22 2751 2109 2726 2502 1661 2841 2162 1286 454 1744 744 481 20 1995 785 1288 1703 2401 167 620 2216 2313 171 2152 2831 2612 506 181 1363 1797 2278 1625 732 815 2160 1749 971 661 2688 924 1336 2079 84 1251 1858 1987 621 476 2705 1013 2141 38 636 941 1260 1702 1844 644 2404 782 2720 2611 1018 1692 1365 1763 2505 2465 1083 936 2425 95 2571 2442 2806 922 653 753 1662 1216 783 949 643 959 2507
2152 1365 1371 2502 2141 785 1866 2263 909 214 621 183 2751 84 1525 2348 1280 1953 1605 171 1139 1171 941 22 1987 2623 1214 2503 2567 2572 815 2841 106 1084 959 2678 2608 2182 1251 2401 45 2612 236 189 1602 1927 2760 2109 1064 2056 2060 1364 150 2197 2522 1458 1032 1632 2386 43 2831 2562 2705 96 506 2188 270 1198 1217 1199 2726 2160 2442 2720 1726 1661 398 481 2591 2554 1286 894 335 300 1596 2079 1315 2677 565 2761 1363 2153 1283 2498 971 644 1336 419 1907 244
2520 1272 2210 13 640 1754 1038 1949 2421 1041 2671 828 377 2578 1910 323 1668 1337 672 2602 1374 698 56 2828 2428 1429 933 2539 2032 1399 2083 1952 964 1049 2038 2221 1070 358 2629 2047 2031 1189 2120 2335 932 2808 1266 1249 1764 2798 2570 1329 2795 1616 370 729 865 1477 2839 1521 955 2640 839 1886 142 2384 1187 1492 432 2451 1553 536 1118 2078 1699 331 979 1430 1588 289 1124 878 2406 1256 2029 655 2668 344 1132 1274 1053 1822 1216 1240 1890 2279 1648 1143 1248 123
848 1830 931 702 1114 768 903 2388 65 1767 1107 1608 1908 2471 2624 2601 284 1845 297 502 990 1720 1821 1340 1235 1310 103 126 835 1254 1323 684 250 2276 1975 1512 578 688 1186 1413 1391 2314 522 2667 2056 1465 464 2061 331 721 999 1706 927 1831 225 1472 1692 1972 2759 2402 561 655 1026 1275 455 534 2429 2687 780 1647 2236 726 68 786 1955 553 1141 33 1506 2316 2244 1912 936 2062 61 1475 216 2311 391 1916 1875 962 2144 363 1921 1140 125 654 1961 525
989 1900 101 2381 436 215 2040 341 364 737 251 2504 1898 1106 766 2114 2238 328 1427 1559 803 2644 374 1230 1093 572 407 1451 2000 1353 545 395 1883 1786 2242 2784 1300 1683 2546 529 1115 1361 1389 962 2540 789 1394 1257 1798 1818 1971 2759 2288 1357 2787 240 2579 39 2066 2277 564 926 483 1180 304 2495 581 1091 76 1213 2281 2178 646 2323 1996 2113 2054 777 1175 1951 230 1137 1801 658 727 1306 1334 589 1087 614 2072 293 485 1207 1558 2756 754 898 782 252
1113 2115 1616 2025 1487 2573 721 2402 1018 1757 455 909 225 430 2841 655 1124 1262 1011 331 2053 1972 207 782 61 1687 1472 525 1647 941 244 1882 2669 2278 1787 1435 2494 753 192 1140 1612 882 838 1037 1598 1568 758 625 2806 2406 2236 2398 1505 1216 2119 1199 356 346 580 2396 296 1921 2232 1141 125 108 653 504 113 408 471 788 594 31 2061 1648 1275 1008 2407 245 1187 335 1961 1462 1024 1395 138 2261 478 2316 458 1929 1477 629 679 295 209 1780 1730 418
1697 2268 2167 759 807 1260 1570 468 2643 285 922 411 1188 1456 1284 1221 122 546 6 1702 459 1865 1763 37 732 620 181 1891 1858 2118 1884 980 1610 1082 298 1797 582 1090 2171 973 475 2043 1916 2816 1723 586 2313 448 2346 1308 1015 1285 2810 2666 650 2706 443 1083 1006 229 372 2476 820 1603 2841 2425 1139 669 1227 661 1882 829 690 2194 476 2261 2807 2468 1537 956 636 1153 1612 1318 2632 721 138 1018 2061 1048 1972 1395 1011 1647 782 2402 1875 653 252 2791
2548 2363 879 1925 1619 1366 2298 1816 2092 2460 2633 2139 1480 2844 1660 1982 2607 2833 1440 2727 667 1684 1629 557 837 2269 2576 1863 687 267 2185 2662 1009 1238 1814 1694 1375 2371 2584 795 577 2158 551 1520 1735 299 143 1 2399 969 814 1291 2616 2215 913 857 1411 2226 2456 160 1129 307 386 1025 1572 349 342 2797 641 1815 2039 2541 234 2189 2206 2834 455 2468 741 2186 2403 133 352 2529 264 1792 1262 570 2175 1373 1539 790 655 2672 1730 2710 226 797 2619 464
967 1804 1719 91 792 2296 2235 739 2024 1689 2430 24 2143 426 1597 634 1593 853 1996 1091 777 2756 2638 499 754 230 2673 2242 2533 240 2021 29 2281 286 2320 926 483 1149 2172 540 1728 407 1093 766 789 293 1231 1533 1801 291 2238 564 1180 39 2784 1535 1818 2759 328 218 135 2288 76 1300 558 757 2579 184 2504 364 1353 2224 192 1780 61 383 251 33 49 2017 1598 1435 1898 2785 408 207 858 1945 999 245 2495 1441 1883 31 1506 1282 2396 2413 52 2715
28 238 1563 2250 2479 505 849 2181 2500 1532 2819 2365 2191 458 523 2099 2193 313 2322 1680 1708 330 2689 705 2716 2557 671 354 81 532 152 175 2552 1827 2370 734 2592 2052 2742 2283 1896 602 1111 587 1741 2674 1339 1332 847 972 2119 120 696 2681 2028 1335 633 1376 2534 740 772 1704 1956 1746 2228 2237 711 503 2177 92 1543 2597 2527 2144 1010 1873 771 261 726 2814 464 1706 927 268 1831 655 53 331 999 1275 1789 1262 1140 2407 1655 1281 1037 2142 430 33
767 1443 277 1938 2686 889 1833 1747 2496 369 1460 211 2532 2702 1989 1980 2685 2315 770 2510 431 2818 951 70 1834 2015 1252 1320 2478 1557 2757 2622 2077 1390 2302 1165 2777 2561 1548 1842 1125 1753 1759 2663 2772 2 18 315 601 1568 191 1831 430 1839 331 2402 1275 455 822 2755 721 1472 1262 1584 2634 1730 1140 1143 31 2687 643 927 113 1118 1356 346 580 2137 655 1293 1612 758 2715 1822 1972 2232 389 295 1647 268 138 125 2142 2406 2806 840 1655 1220 2061 2407
133 2327 2374 1792 2418 1034 493 1861 57 1580 1392 1234 2174 280 210 1930 548 1724 2461 793 1575 746 570 1375 1358 2125 2456 1276 1947 689 976 1859 2004 1664 1196 366 2229 1665 2672 2330 1072 1758 294 2186 1279 704 2694 421 756 1765 2039 859 1551 2838 1887 2184 2356 797 857 422 263 228 1193 2581 2206 1350 1457 2659 1043 801 2590 1877 656 588 583 880 2739 158 1229 1086 2332 242 2321 1030 1776 170 77 885 438 1191 287 798 1542 1377 2198 1081 2541 2703 706 1348
1113 1371 2572 1084 2194 1757 2261 1280 482 2025 580 326 225 2569 92 2053 2806 1616 455 207 275 882 647 31 2115 61 295 2263 192 1787 1223 327 594 2402 1874 356 1011 2396 986 1262 1525 159 331 2687 941 2343 504 1592 84 2571 655 653 2678 682 2683 2503 244 1635 1293 629 721 1647 1568 1124 261 2057 1275 1282 838 1477 1216 2690 1865 968 2639 1143 2406 670 430 2119 2236 2245 1822 296 2291 390 1687 2197 2669 574 661 1010 1097 418 2794 245 458 346 1018 1438
1506 1141 2070 858 455 383 252 654 525 1505 1780 2311 625 679 1356 1924 216 2669 1435 1248 49 1274 1168 1299 1598 113 61 822 2137 192 245 2025 2279 1262 2470 1612 27 2565 1787 207 2232 408 139 209 1282 838 344 1781 225 2396 1127 2164 2280 356 296 2794 2173 1568 2091 1216 239 1124 1140 449 391 696 1918 1829 2698 1273 2361 1037 2531 653 2053 331 1024 1011 1843 138 1875 268 430 655 799 131 1187 1555 752 1755 936 1008 805 495 452 290 2236 726 2142 33
1178 2422 2700 1990 2523 1224 34 1713 2437 1714 2785 1116 676 1914 1836 2129 47 2180 683 1838 1672 465 1749 88 1476 2745 2202 1057 751 1856 1732 1450 2111 603 2317 132 1678 1620 2190 44 1073 830 2275 1447 824 339 863 1483 16 2518 2547 1646 1469 832 2441 1176 1147 596 1120 95 576 1593 1449 761 376 269 777 2136 230 1971 291 1996 695 1244 1631 393 2827 1091 983 2249 1228 1743 2495 1786 926 1357 1346 1257 564 2555 834 1180 39 2281 2073 2058 1601 679 2239 471
2749 2740 154 1059 342 2468 551 934 1348 185 2155 884 1576 1716 1030 1292 1377 242 438 1857 170 1025 1524 798 82 2127 2444 470 880 2198 1522 130 2206 795 2703 203 158 385 1811 2727 391 287 2399 685 307 1275 1863 1432 2363 389 2687 147 344 1929 758 936 1167 1193 1086 1480 1520 295 2581 1675 2403 2431 1124 840 160 1392 1861 402 1803 2013 464 1037 484 1647 842 2187 814 1022 471 267 1730 1140 1475 1629 2505 2465 2407 1216 363 879 753 1008 1923 1706 786 324
2512 1911 2362 1305 222 2218 2691 1504 1436 2355 1052 2420 144 850 320 897 1638 1790 1933 755 2342 1736 1806 2750 2201 1098 2450 935 2071 2432 2156 1321 1709 2645 796 2096 836 1682 1479 1387 2318 1200 1676 2452 629 2642 2446 595 599 2537 2587 208 99 1621 525 459 2469 399 33 2655 2167 2311 216 2232 1435 653 73 290 625 679 1141 612 1941 1717 2407 245 1598 1275 383 838 1248 331 2126 580 225 49 53 2693 2163 453 2470 1628 1047 721 380 252 61 1662 296 1505
1969 2516 730 338 1466 1511 1442 336 1526 1131 2102 1707 1325 406 1779 2145 773 1992 1783 1670 1794 2151 1243 1455 544 1379 365 1005 2290 2746 2730 2341 112 1385 1007 519 1498 257 2788 2763 2843 410 434 811 1079 2219 253 2549 709 937 1311 1020 186 568 1516 1068 1581 870 749 435 2560 1110 610 1309 2364 1731 1138 2830 2299 2377 1424 673 1634 678 1966 1645 593 1871 648 248 1040 1573 1800 821 2251 2680 1732 1527 538 2005 1454 717 830 288 1968 855 535 605 2275 1133
2510 431 70 1753 2777 2772 2478 2077 1125 2561 1839 1035 2161 1759 951 2818 1834 2015 1252 2757 1842 1557 18 315 1390 1165 2663 2622 2302 2 601 2686 191 1938 277 889 1747 767 1443 369 1980 2685 2496 2315 1460 2702 2532 211 1833 1584 412 1117 1608 2311 1989 430 346 561 1220 1391 1356 1413 753 1275 2764 2398 2770 625 269 1435 1248 2276 2687 1186 89 1955 402 643 2794 331 1314 2265 478 2144 1048 1141 175 2821 52 1438 2025 471 2164 2690 655 2467 2715 2471 990 1293
188 2528 1934 2411 1656 1644 2501 2044 2817 1102 85 2832 611 312 1624 987 2790 817 943 1926 1319 556 221 547 635 1386 1407 2300 1405 2545 2082 2270 2034 2419 259 2397 439 1796 712 2574 1617 1190 2133 1092 1552 1208 1640 659 1307 1897 224 2003 674 1486 260 1782 606 1484 134 413 978 550 463 2762 2631 305 1203 1501 51 1029 1983 1674 2766 2088 1582 111 1422 559 1414 2325 2544 1362 1428 563 2599 128 1173 278 201 178 2826 1381 1666 1356 2724 1437 1468 900 1352 703
118 2065 567 1791 2792 1583 998 1211 808 982 2252 2682 1651 1579 1179 1977 9 919 515 2491 114 2328 227 7 517 2310 1354 930 1769 2778 841 952 928 2711 1851 1854 2042 382 916 639 887 1770 2379 778 1531 923 1657 1970 2729 2304 945 1063 2097 311 1271 1210 2559 1367 748 763 2618 1239 1578 975 875 151 2488 2647 2793 1470 579 1566 1920 819 1528 1368 528 2349 1667 2225 1585 2723 25 492 1154 2575 2459 1209 566 512 2416 2026 513 326 159 580 31 2715 1275 2773
2185 1129 1411 2584 1684 1694 2298 1440 795 143 2517 2529 386 2616 2619 718 1939 2363 2801 1445 958 787 2271 665 1294 1446 1258 810 30 2481 697 638 1630 1112 1270 1360 71 1514 2460 557 879 2749 2246 1215 1863 2468 1925 1267 1480 2833 1619 1549 1366 1816 1982 2139 299 1814 641 2771 1735 2710 1373 1524 273 2444 2092 2524 2607 2269 2371 1680 1660 1295 969 1122 2776 428 2576 2104 2633 1275 1831 220 1335 262 602 342 2206 1332 147 2727 1655 1730 1744 1140 711 1629 28 1059
99 2636 1145 2009 72 1976 401 2055 1688 2829 816 177 477 172 1023 1872 461 1163 2122 2747 208 2163 141 2098 1047 760 1510 2655 453 595 1085 2274 1808 1717 1415 694 731 460 2587 2679 1628 1100 1404 2775 2722 156 2577 1903 174 164 1784 612 1155 2126 1089 1241 981 399 2469 1599 1160 823 152 2698 2074 1780 120 1339 2552 73 313 1314 2191 2594 552 1479 2557 2819 786 877 1662 458 380 1282 2674 2681 2144 2716 1708 408 2193 1140 207 33 68 49 2479 1941 523 2316
956 1882 115 38 448 2197 1199 2476 42 1995 2425 1286 300 236 1880 2522 2678 1113 2831 2468 2760 1560 2313 1064 2182 2216 20 644 762 669 636 1363 2278 167 45 2573 1844 2608 2056 2168 2572 171 661 621 2705 1315 2571 459 2726 1802 1797 1251 829 2623 971 1336 2167 1638 2612 1364 506 1108 2706 1697 1037 108 1274 1018 175 505 1662 295 2261 412 2053 2268 28 1536 1744 1124 1275 653 1929 1339 464 1568 2806 758 402 2505 2465 1011 1216 2620 782 478 2749 2118 344 936
1525 2263 150 2623 1280 1371 2572 1084 2678 1198 1726 2386 1199 275 1596 43 2188 2303 2498 2791 2562 2141 387 1365 1866 1687 2476 23 2620 2761 2503 1960 2720 971 2348 1458 1205 644 785 2688 84 2442 1536 327 183 1979 300 1768 909 1659 621 2807 398 732 1802 1318 636 1032 2197 1083 181 1108 2030 1880 851 762 270 6 2060 2278 1139 2048 2425 1064 189 1018 1364 2677 106 782 2831 1568 941 455 214 117 281 2608 1251 171 1283 2705 2554 1011 1262 1395 2448 2182 2760 2116
1732 1073 2275 1678 830 1450 1620 603 2518 1147 1120 863 751 339 1646 2136 1244 393 269 1914 2785 1714 1713 2422 1116 1224 1836 1178 2523 2437 34 2745 1601 1057 845 88 676 2129 47 1990 2202 2239 2383 777 1476 1594 2073 1523 2180 187 441 1672 1838 1996 2754 683 2700 44 1091 230 1749 1943 1195 87 378 83 2395 590 2695 902 2033 832 917 321 1609 1482 541 1517 1856 371 993 1410 16 2020 462 1950 404 32 1447 373 2190 920 2684 1971 811 1483 1014 2036 379 2080
540 1346 1535 617 783 1161 949 1019 1847 1513 2441 832 2542 63 1773 1856 2827 1795 1004 1103 2737 462 1343 940 2785 1914 2202 1561 291 2111 1093 1631 1749 407 310 2745 689 1999 2190 2112 2129 983 2639 1091 647 1785 198 450 2242 1760 2733 1772 1434 1996 95 146 2017 2374 766 1836 1693 1298 2437 1359 303 88 2422 1482 2248 207 2585 346 2683 75 1712 516 1021 1176 1692 2813 849 1506 1464 561 280 723 132 2180 2116 363 2744 1918 643 455 60 2632 793 782 1733 618
2792 515 9 118 567 2491 2328 1791 1179 1579 2065 1977 1583 998 841 1354 1531 952 887 919 1769 1770 2379 2778 930 748 923 114 1851 2304 639 2682 945 1063 2729 1651 928 1657 1470 2647 7 1854 808 1578 2711 311 819 875 1920 778 1211 975 382 1970 1154 2618 1585 492 517 2559 1210 2459 2793 227 2097 1667 151 982 2349 1271 2252 2488 763 579 566 2575 2723 916 2310 2026 528 2416 2074 1528 512 1239 1367 25 1209 513 1599 399 2062 799 1368 353 73 98 2042 2225
2491 2328 1179 9 1579 841 1977 515 945 1063 2682 1770 639 887 1791 1651 2792 748 1578 1354 1769 952 2379 1583 919 114 2647 2729 930 2778 1920 118 1531 1851 227 928 998 2252 1657 2065 567 916 819 763 1211 1470 1667 1585 923 517 2042 2304 2097 982 808 2225 2310 2723 2575 2459 1854 1154 2488 492 778 1970 382 311 1367 2711 7 875 975 579 2618 2349 512 2559 2026 1368 566 72 1528 1961 2062 726 2316 2017 98 633 31 455 1706 331 618 464 999 1376 33 799
540 1346 617 1535 2542 1561 1161 832 1513 291 1019 949 63 1847 1343 1773 940 2129 2242 310 783 2737 1693 2441 1004 2827 2112 1103 1631 1590 1795 455 983 1999 207 1262 1856 1602 849 2190 2202 1914 2785 2639 941 647 61 2116 93 407 2690 192 2025 1298 1961 31 60 225 1091 618 2745 1787 418 1021 1532 346 84 2467 1434 75 33 2669 363 1197 1785 1749 2149 1692 1760 356 296 580 2017 1282 2715 2291 895 1953 1481 786 1026 2687 1334 2683 1506 2232 198 2821 2396 2413
13 2210 1272 569 640 370 2520 56 2047 193 988 1189 323 2421 2090 2032 2671 1949 1754 121 1038 571 2415 2568 1041 2217 427 332 340 1793 901 1337 2735 743 2578 680 536 1065 2083 377 828 1256 955 1910 2629 2539 2221 2798 1429 1477 1521 2423 964 2380 1430 1070 698 653 159 729 2428 2687 1886 580 1553 2038 1616 353 776 1293 2031 2053 2236 1275 2828 1097 2505 2465 1787 125 1831 1929 1692 1143 1339 2335 1335 1822 1655 391 1475 2120 2267 1399 1236 503 108 1124 1706 2806
1993 1422 1663 712 2767 947 1617 1045 2836 1782 1328 550 1444 1649 2050 2837 169 2241 735 463 2631 1381 1054 2130 2707 1658 1623 1679 1029 440 2840 179 1552 155 645 1544 197 2011 51 445 1261 1218 900 1840 2439 1486 1640 134 2628 1437 305 1208 260 1369 1860 259 1051 562 1307 563 1897 2419 2544 2649 1948 319 1468 1489 1362 1253 2133 2270 1092 2082 1710 978 1416 2826 2352 2088 480 1777 2076 2397 674 1123 559 1148 2713 826 1983 1096 1185 1878 1316 965 906 547 556 2708
73 380 2074 1599 823 399 437 1233 2163 1872 760 981 1628 453 1510 401 461 208 2587 1976 595 2469 2655 1717 731 2126 477 2055 1160 1023 1145 141 99 2098 1047 2122 2747 2829 816 177 612 1085 2679 1903 1163 460 1784 72 172 2009 2636 164 2577 694 1241 156 144 696 2594 2722 2775 1911 174 1098 654 799 525 120 858 1248 726 2557 33 354 2691 805 1376 331 1829 1479 2017 222 625 225 1941 1435 935 49 2470 383 850 2742 1787 2693 2669 1505 679 2311 534 53
2171 2043 650 2666 807 2810 2816 2346 1916 475 1723 1891 372 1697 759 1260 411 2841 2643 6 1570 285 546 1702 820 1221 1603 468 620 732 582 1188 181 1865 1083 922 1797 2167 1858 1456 1153 2268 829 1284 1139 1882 1763 2313 1541 2476 669 1227 122 1761 298 334 661 459 448 37 2261 980 2611 1610 643 721 464 1972 750 1884 758 2118 2706 138 2402 476 2634 936 389 1706 2061 840 1912 229 1692 956 1048 363 2632 1097 2194 1220 1647 2398 2407 1018 1932 1395 430 290
44 1483 1447 1469 16 376 2317 1672 2437 1057 1631 2785 1914 761 1836 1749 1449 291 2700 1990 2249 1178 1224 2202 88 2745 1476 95 1856 2190 596 1713 2523 2111 2441 2422 1116 576 1714 34 1425 47 824 132 834 2180 1176 2547 983 2058 2827 683 2555 1277 832 1727 1838 1732 1450 2129 1073 1103 695 1620 603 2275 60 1743 1678 1147 1304 1999 2518 1593 1535 830 2096 845 894 1120 676 2258 1044 1523 1363 83 2695 465 2153 441 1927 1321 419 863 96 339 1646 1693 1790 2136
1993 463 197 1422 2767 1663 712 550 2836 1782 1029 1617 2631 1045 1489 2050 947 1710 2837 735 1701 1552 440 1649 2840 860 169 1417 2130 1444 179 1658 1328 2241 1381 155 51 900 1369 2649 1486 445 1840 134 1544 1437 1307 645 2397 2011 1054 1208 2439 1640 2419 2707 260 489 1218 1788 305 2628 1261 2082 674 2826 925 1623 1051 1983 559 1679 563 606 26 259 1092 659 1386 1870 547 2574 1468 1253 970 2133 2270 1627 518 562 348 1428 2352 2652 480 2515 2454 319 1860 433
611 1319 188 556 547 1386 2082 1926 817 2270 85 2817 1656 2790 943 1102 1934 2528 987 1407 221 1644 2300 2501 2832 312 2411 1624 1405 1584 2044 2045 2023 2755 659 635 463 2397 2544 4 2200 1092 747 978 259 2307 2724 2574 2606 2800 2419 1313 1151 2344 1545 1422 1564 2358 904 2670 1307 478 1208 283 712 1981 2564 220 1484 26 1650 1356 1796 1468 1491 1048 1369 2142 1835 430 2076 1428 1339 1029 1956 1146 1262 1552 31 606 237 2467 2632 1240 2610 258 2789 59 1813 503
2844 2063 1814 837 1009 2797 264 741 2455 2484 2833 2092 2139 1815 1159 2189 299 2269 2731 2576 1589 1122 1982 2371 2776 428 403 1925 667 352 1622 1735 1619 2403 17 1373 641 262 2385 2771 888 879 1549 2175 1539 2486 2412 1863 1295 226 2215 1571 1629 573 267 1338 2100 2431 600 991 1807 1660 2633 1480 1238 2399 846 1291 2811 317 2460 160 1366 1816 1509 2255 2607 891 1520 2727 814 557 1025 642 234 1524 127 867 551 1 385 969 913 1242 2338 90 1349 577 1803 1530
2729 1583 1657 928 930 1791 998 2379 919 2778 1354 952 1769 1851 1579 2065 118 2792 2491 517 1179 2682 1970 567 9 778 763 382 2328 2711 2252 1977 1651 1063 227 639 114 515 841 1211 1854 2018 2225 808 982 2284 1770 887 2551 748 2146 719 916 1920 2042 153 945 764 1531 1578 2647 1289 923 2008 2310 206 2304 1470 1204 247 975 1271 2361 7 2582 2715 2212 326 1327 162 1275 344 655 331 276 159 1566 1314 2698 418 871 1924 580 1216 2716 1650 2822 31 1997 587
12 1473 1721 1876 2809 1868 140 1452 2580 864 526 608 274 2499 994 508 28 1831 1335 1708 598 1275 125 671 1026 1655 2062 1777 505 2435 1532 1899 2228 2057 1956 1472 1706 494 458 788 2557 2479 464 711 503 444 238 2683 1018 927 2322 999 2028 2059 523 2687 782 705 430 2250 1563 1680 696 1929 655 1912 2552 1376 2191 2119 146 1730 2589 2698 331 295 1942 252 657 633 847 2639 1955 501 726 225 1475 2681 261 1465 2051 1881 532 2689 2598 1281 790 2592 2193 1931
2821 753 2398 346 1220 2407 628 2467 108 1022 2690 478 1378 2465 2505 402 1048 936 467 363 758 504 471 1008 1918 1438 2634 2765 2611 1039 2301 1692 430 89 389 840 655 786 1662 52 643 138 1026 1465 2244 1481 780 418 484 2059 2429 1730 344 806 534 452 1303 999 561 331 2632 53 412 1275 1612 726 1018 782 1503 1011 241 2062 2687 1024 125 1475 2142 1472 2715 788 1568 1929 290 501 2236 2531 1932 391 268 129 1912 1124 1140 2806 1062 2470 2285 131 464 927
1001 2121 67 2583 1810 2509 627 1012 2350 249 1406 1075 202 1944 1055 338 1110 1243 494 2151 2728 730 2291 112 1466 1379 1869 1573 2294 404 2748 2057 2251 2248 1794 830 2746 574 1212 2719 1670 686 2680 811 1581 2683 1195 1783 1609 1325 1020 1634 1594 2207 1223 937 137 2598 1874 2290 2788 2382 1943 2005 435 2813 1131 725 1441 855 2830 191 881 2329 610 804 2701 633 677 1969 1850 365 2240 2325 1899 31 261 1639 1805 1120 2560 780 2693 1787 717 2518 1557 1732 1410 673
12 1473 1721 1876 2809 140 1868 1452 2580 608 274 523 175 2552 1018 1472 1899 252 1026 864 2402 994 526 1972 2119 705 671 1829 430 508 721 1275 2435 505 2144 782 534 561 2716 412 1831 847 1929 28 125 2061 788 458 444 68 2059 1711 1647 1039 1706 2689 682 452 2191 2279 1931 2438 464 968 1655 1182 999 504 655 113 494 1746 553 2236 1475 1465 225 2429 2283 268 2531 2762 89 2244 2370 1896 1303 2569 1592 806 1439 1780 131 1335 927 1881 2051 295 2398 2228
1451 2054 1361 2540 2000 395 2644 1559 1230 572 529 1798 962 646 2323 1106 2277 1394 2787 545 1427 1801 1334 1175 727 1306 1951 737 589 658 485 251 1683 989 101 436 2381 2040 215 1353 364 1900 2066 341 1300 2504 1883 2784 1213 293 1898 2114 483 1389 1115 766 803 2178 240 374 2238 2759 2546 2113 304 789 2072 2242 1093 328 407 1786 1558 1207 614 2579 714 1087 581 1137 1257 754 898 1593 1971 1149 39 1561 2409 2756 2533 1180 29 426 2288 2320 671 1597 1091 1804
1569 1453 715 2721 100 64 2433 1490 48 2376 2309 305 1640 1901 562 2713 51 1860 1796 155 2034 201 439 2545 2650 1496 1316 2272 1636 1965 2815 168 260 2556 1878 563 712 1840 2826 1051 659 2708 2628 2553 231 486 784 1586 1381 2088 2352 1123 1362 2135 497 1897 1658 663 2836 1848 1782 2337 2741 1148 1218 204 559 2649 2631 2046 1193 978 992 134 421 1212 1948 2652 899 137 1046 2241 77 1076 1899 1464 2382 1777 1392 2581 2068 1606 1261 259 2842 1185 185 645 657 2007
540 1346 617 1535 2542 1161 1561 1513 783 1019 832 1847 63 291 407 2441 1773 2242 949 2827 310 2129 1856 2639 1343 1631 1093 940 647 689 2737 1590 983 450 2202 207 1795 1693 1004 1914 61 418 2683 2785 303 2413 558 2690 455 849 346 1506 192 1785 1780 2112 1481 52 2821 786 135 766 2111 1787 1918 2190 2116 363 225 1772 1103 539 1282 2467 1602 2396 2025 2669 471 1438 2017 2585 408 2745 296 1359 280 1091 462 2238 2374 146 2291 2248 574 1692 356 1395 1141 49
1293 1097 159 1143 1822 1635 390 1118 580 1967 326 1715 31 1050 2693 314 2783 2715 2406 1648 2053 799 1755 653 1140 1187 1037 1124 2236 331 1011 805 430 655 1317 1756 1008 1568 1216 1475 295 2301 2806 1395 2765 1730 1275 2407 2062 478 220 2465 2505 1274 2687 936 344 108 758 1929 2698 1273 1024 1829 455 1612 2398 753 1692 999 2611 1022 1472 726 504 1378 363 467 391 1662 402 1220 1240 2531 1039 2634 389 89 27 2059 484 1303 2467 1921 628 2402 1918 346 2821 840
1349 234 1572 1520 913 1 2399 969 307 2727 352 1618 685 961 2226 2635 537 1540 2340 2213 1101 2834 2138 1615 2215 1025 223 203 2372 1242 2524 1862 697 2466 1539 2339 2158 1698 2473 2104 2253 511 892 1409 46 195 273 1629 1060 2223 1095 1994 1167 1215 573 551 349 958 2709 1514 414 2338 1684 1270 1630 2175 2298 2529 2619 30 2781 17 2517 2246 127 267 1811 1445 1355 1291 1238 143 2648 1571 577 1059 795 2801 718 591 1807 1360 147 2710 41 1373 2189 2486 616 641
1056 2294 1944 1055 2728 2135 2207 899 137 1212 204 2741 1606 116 725 1134 2842 1547 2558 2511 1935 97 1463 246 2041 1464 1076 165 1067 2813 2825 1825 2736 2286 2248 2068 2382 686 1937 948 2393 1639 2766 1874 1126 722 79 2665 804 692 146 1185 682 647 1223 2569 1592 447 1777 2639 491 2435 2580 2292 494 2057 1899 2438 2683 2291 574 329 2708 2305 140 1452 677 2319 442 274 1940 1892 657 1986 2598 608 2436 974 1942 1771 2719 864 271 790 2625 1130 526 2506 994 1868
1113 1371 2569 482 1592 682 1874 647 1223 491 2194 2438 2571 2261 1277 1084 2058 2683 327 2025 2572 275 574 2639 2057 2152 92 1336 2687 2393 1787 2056 677 580 2396 1987 1757 2291 2197 45 225 1477 192 2806 2690 2678 207 84 61 455 815 261 504 986 940 2402 2436 356 834 2467 1741 326 1661 2053 835 1639 1011 941 146 2248 661 402 1293 1013 2794 2464 520 2814 2522 1185 232 1144 329 2555 882 159 494 1937 653 1216 1781 1282 346 948 2669 31 2751 1262 1315 2813
757 1728 1231 1533 754 2320 2021 2756 2533 1149 29 286 2172 2673 293 218 2024 2430 24 213 2143 1312 426 1719 558 1296 967 634 2472 80 1984 2638 1689 135 1597 1804 853 2413 739 2295 1383 119 184 2787 2408 1478 91 1265 2366 2169 2296 2235 752 2508 1829 2260 252 1945 473 498 1182 2279 1274 2054 2124 2725 646 1248 1435 792 1924 1448 1299 1168 608 430 995 2014 239 274 113 2277 1898 525 1852 1780 383 1766 1505 2464 1356 1475 2311 2378 391 805 520 1024 2091 858
1579 1179 2491 2328 841 1063 1977 9 2682 945 639 1770 1651 515 748 114 1578 1583 1354 952 887 919 1769 1791 2252 2792 227 2379 2647 930 1920 2729 2778 118 928 1851 1657 916 1531 567 998 2065 1211 2042 763 819 982 2310 517 1470 2225 2097 1585 1970 923 1667 778 2304 382 2711 2575 1854 808 1367 2723 311 7 2559 2618 1154 2459 2488 975 31 98 1528 2349 326 875 492 2081 580 159 2715 2693 1566 1210 653 2793 1239 455 1271 1755 196 261 1262 1368 331 2017 1961
2595 577 147 2648 1355 2094 1803 1811 1167 127 273 2104 1530 2372 2444 160 1078 551 2738 2253 1409 2223 1421 195 1069 472 2524 2758 166 1698 342 2466 1242 352 1607 1059 1060 2266 1349 1994 2013 1324 2820 1341 1095 2834 2138 1509 1572 1862 2158 913 511 1815 2710 2226 223 1615 1520 2709 1009 961 1 2835 969 226 1540 879 1816 1618 2340 307 2399 1101 234 2213 2215 1366 892 837 1480 1939 1159 1270 537 1619 1524 1025 573 2363 1291 2727 267 600 1629 2455 46 1660 1694 2460
2049 530 446 1301 1604 1017 2093 1237 1981 1567 1518 631 451 1058 2140 1290 2796 607 2282 1879 2596 921 2064 1909 984 2392 662 394 1613 1396 1105 355 1002 243 813 2357 1978 1554 1906 1370 2085 1119 1742 942 2543 908 1384 1331 337 2458 1614 2257 966 1673 1705 1676 487 2696 1621 1681 2600 542 561 1495 2660 1275 235 89 2782 430 1039 54 710 412 2017 682 840 52 1787 220 1893 175 2262 660 1293 1438 367 523 1216 655 389 1829 643 471 1240 2698 159 478 580 504
806 780 2429 534 484 418 52 2059 1481 1465 2244 1662 999 786 726 1438 53 471 363 346 1475 2301 1275 1918 2821 2470 1730 2236 2687 402 1929 467 2690 344 2467 936 331 478 290 1378 225 391 758 389 2806 2505 2465 1022 1941 295 753 2398 314 464 1706 2407 2715 1831 1789 655 927 1655 108 628 2634 1008 1039 504 1220 840 452 89 2765 1037 1124 2053 1011 430 2698 1273 268 2285 561 1140 1048 131 2531 1216 2142 1692 1024 2611 1568 1026 2062 207 1503 1932 1240 125
2528 1644 1656 1102 2817 1934 2411 2044 1624 2501 85 2790 2832 312 817 188 943 1926 987 221 611 1407 2300 1405 1319 556 635 547 1386 2082 2397 2270 2574 1146 1092 2670 59 1484 1313 224 2307 2344 4 283 2367 925 1437 2200 2724 463 1501 1208 409 970 1369 2800 977 985 831 1627 2214 1710 1151 606 1835 1737 738 413 2762 2480 1342 713 1666 1468 128 1173 1752 524 1029 1582 1414 351 1222 1700 1339 259 904 712 1203 1902 1237 1957 978 2606 915 347 2154 2325 322 2779
1482 2080 575 441 2383 2695 1523 845 373 462 2733 2754 2395 2019 55 2176 728 1016 397 1194 2641 584 1691 1517 1669 1177 1104 2414 2604 107 1507 2550 2684 2780 818 1169 187 1626 2368 2106 1382 357 279 2447 2605 2651 32 2239 1147 693 2073 1678 2518 2525 2020 1120 1450 2033 917 2254 2586 2630 902 1410 541 1244 920 1259 2637 2136 590 603 775 2804 1950 1805 2805 87 1620 830 2058 83 2275 1013 1919 1277 1601 1192 379 2555 1611 457 88 834 2240 86 1036 1732 469 2111
2034 2545 1796 439 51 1640 155 305 562 64 715 100 2721 1569 48 188 2631 1860 2650 2713 1934 2501 2411 712 1381 2433 2528 85 2241 1658 1782 1617 1656 2836 1840 2439 201 2044 1644 2817 1102 1897 1045 992 1422 550 1362 1993 611 987 1878 259 1544 2046 518 659 2832 497 260 1316 1624 1029 2628 817 563 2088 1096 1261 663 2352 1586 1218 1051 1636 168 1926 1948 1319 547 1416 2826 2309 134 1552 1123 947 312 2790 1584 2840 440 2376 2767 559 900 1490 1496 978 1901 2419
430 2061 721 1647 2402 1972 1921 1303 1008 1395 412 561 655 331 2279 2407 2301 448 252 1317 2468 1829 1756 1011 1299 1168 1140 1568 1124 27 805 1187 1648 525 2311 625 1435 679 113 216 1248 1356 344 1598 936 1918 2823 858 1220 1612 1505 2137 822 753 1472 1037 2398 654 383 1141 2053 1506 1216 2236 2806 1780 1475 220 1858 295 1967 391 1755 108 2531 468 1730 2765 758 1274 1715 138 1635 49 2406 1024 455 363 346 799 1273 1275 471 2070 390 402 2505 2465 478 2821
1967 1635 390 1050 1715 314 2693 1097 1293 159 2406 1822 1143 580 326 1118 31 2715 2053 1648 799 1140 1037 1755 1124 2236 331 2783 1011 1187 655 1475 653 805 1008 1216 430 1568 2301 1756 1317 295 726 2806 1275 1730 999 2765 2407 344 1395 1929 2687 2062 455 2505 2465 478 2059 2698 484 1273 1274 758 220 936 1024 391 1662 1829 467 363 108 1612 2531 389 806 1022 2398 2429 786 1378 753 534 1262 1706 464 402 2634 452 2611 1918 1831 780 1465 504 1472 927 2244 418
239 1781 2164 2794 2091 654 525 1505 2311 625 679 1141 383 2070 1356 2669 1248 1435 252 49 216 245 113 1598 449 61 2025 1780 192 139 27 1168 1299 1787 2280 838 822 2137 408 207 209 1282 2173 1127 2396 356 296 1506 858 225 1274 1924 2470 653 2279 696 344 2232 1555 2565 455 752 1187 1037 1140 1216 2809 1124 1011 2406 268 1648 1317 1829 2142 2531 1612 2053 1568 33 495 1472 430 241 2693 1503 1008 1395 1843 1297 1789 1813 1018 331 1967 2236 1635 1715 131 2407
931 702 1114 768 1830 848 903 835 65 1107 2388 1908 1254 1310 284 1767 522 1512 1608 2624 1720 1845 1821 1340 2667 2471 126 2601 297 250 1235 684 103 1975 990 502 1323 688 578 2276 1186 1391 2314 1413 1390 1557 315 191 1759 2622 2323 1075 2759 225 1334 968 1827 973 461 721 633 125 2402 2062 830 962 654 455 999 726 1787 2056 534 1011 1465 192 780 1706 1113 1620 363 261 31 2161 2236 2396 2594 786 2465 2505 418 747 61 1647 338 1972 2716 525 464 1928
1221 582 546 285 6 1083 2643 759 1891 1702 620 732 807 181 1260 2816 1723 1697 1570 1797 475 2171 2043 2346 1916 2810 2666 650 468 1139 411 2841 1188 1882 820 1603 1865 372 922 2807 2476 1318 2313 1858 2167 1380 973 1456 298 1153 1763 636 1284 2194 2261 1953 2268 2278 661 37 1605 353 1018 1227 122 1541 956 443 2425 2611 782 2502 1761 2152 281 980 776 138 2677 750 1692 2118 98 721 669 758 643 1048 586 1884 334 2402 1472 108 653 2632 2398 2062 125 753
2236 1475 1037 2053 2301 1275 2061 1647 331 721 1972 2402 999 1918 295 726 1140 1921 1829 484 1124 561 2059 314 1730 1008 2687 430 806 1472 1011 2279 1929 1395 2429 52 1303 534 2806 391 1662 2531 655 1317 53 220 1756 344 1568 363 2244 1438 936 418 346 1465 780 471 786 1216 805 467 290 412 1481 2821 1967 1755 1635 2407 390 225 1612 1941 1187 2470 799 1274 402 1024 1831 452 1789 1655 927 478 464 1378 1706 2765 2715 2465 2505 1018 2693 1715 782 758 389 2406
484 2059 806 52 999 418 780 2429 1481 534 1465 2244 1662 786 726 53 1475 1438 1275 346 2301 363 471 1918 1730 2236 2687 2470 1929 2821 344 467 402 2690 2806 331 295 290 391 2467 936 225 1941 389 1378 478 1022 655 1037 2505 2465 2407 758 2053 1008 452 1124 2398 753 2715 108 314 1706 2634 1011 464 628 1831 1789 927 1655 1039 1220 1140 840 2285 430 504 2765 268 131 1216 2531 2698 1048 1273 1024 89 2611 1692 1503 1240 1568 561 1875 2142 455 2062 1612 1843
860 1489 1710 1417 1701 1788 2289 433 1895 2650 769 2482 161 197 173 2375 26 1870 1369 2649 463 348 925 178 1029 2626 319 2480 2454 2769 1253 712 606 1627 622 1313 675 489 2714 259 674 2646 1437 1552 645 906 1569 1782 2836 911 2397 2035 715 2544 1564 1151 188 2287 1617 2800 1428 2011 2307 2753 2721 2076 611 1208 100 2670 1319 978 2084 547 1388 817 2358 1092 1386 2424 219 1486 2538 623 2419 1307 2724 220 1993 2564 59 1328 1046 2574 305 2553 524 1468 237 1051
239 2311 625 679 1248 1435 113 1505 1356 2164 525 2091 2794 654 1781 252 216 27 822 2137 1598 1141 1299 1168 2070 383 449 49 245 858 2669 1506 1127 1780 2809 2232 838 2025 139 209 2280 192 61 408 207 2173 1787 356 696 653 1274 296 344 2279 1282 2396 2470 225 1924 1187 455 1262 1018 752 782 1568 1037 1555 33 268 495 1647 1011 1612 999 131 1472 1297 721 2565 1140 1875 2236 655 2062 290 1275 2053 2406 2531 1961 2402 1124 2693 331 2316 1317 1843 1972 1941
614 1137 1590 1087 2072 93 1207 895 898 2066 1558 1213 2113 304 2178 1166 714 2022 2409 1928 1389 1257 1115 2546 1175 803 1394 545 1951 485 727 1971 1306 589 1334 658 2759 2787 1019 1106 63 1197 962 1801 2323 2277 374 529 1559 1361 2000 2242 1683 1786 2579 1230 1333 395 1300 1798 1785 1883 1353 2054 2784 572 1561 737 251 240 149 2114 634 2542 407 1228 215 1093 2644 1898 1161 483 1593 101 2656 436 182 364 2149 24 1141 646 2504 2040 290 430 581 192 1597 1451
547 1386 2270 1545 2082 987 626 59 1146 2367 556 2389 4 2300 1407 635 1319 312 2832 611 188 950 1737 1799 1926 1202 1405 85 1752 817 1102 2790 2817 221 1656 1624 2501 826 2477 943 2411 134 1934 1092 1190 613 1262 2574 1220 455 1029 2515 1692 1956 2840 1003 1813 2105 1923 2467 2715 550 2424 2527 2690 1912 1961 628 670 2584 1644 1730 1026 2528 2762 932 2681 31 2343 822 1677 433 840 1771 278 439 1708 580 2375 326 2037 2044 606 788 1484 1942 2398 927 1924 1472
472 1803 1509 127 1167 1811 1355 2431 1530 1862 1060 2595 147 2094 385 1242 1078 2385 1524 577 262 2710 641 888 867 1069 1373 1807 273 2104 814 1341 1607 537 2738 991 2266 2771 2444 2138 2758 1295 1863 551 160 1059 1619 226 2524 166 1025 685 1421 1660 667 1101 1215 2648 2189 2403 352 2811 2633 2607 2213 342 1735 879 267 2399 17 1925 2835 1982 1291 428 2340 2175 741 1238 1480 573 2460 1816 2255 1366 2820 600 961 2781 557 2371 2139 2468 687 2740 2776 1549 154 1540
133 2327 1792 2418 2374 493 1034 1580 210 1861 1392 548 57 1234 1724 2174 2461 1930 280 1575 793 746 1358 1276 2125 1375 570 2456 1859 1664 689 1196 1947 2229 2004 976 366 2672 2330 1665 2186 704 1279 1072 1758 2694 294 421 1765 2039 756 1551 1887 2356 2184 857 263 2659 859 1350 801 2206 1193 2581 228 656 797 1457 2590 1877 2838 2739 2332 885 1043 588 583 158 1191 880 1086 77 422 438 170 242 1229 1542 2321 1776 706 1675 2703 287 798 2187 2123 82 1345 1377
2049 631 1518 2282 1290 530 2064 1017 921 1301 2596 1396 446 813 1604 1105 1237 2140 355 1554 1567 1058 243 984 2093 1370 1909 662 2796 1981 451 607 2392 908 2257 1613 1002 1331 1614 2696 1673 1879 1384 1978 1742 394 1621 1119 1906 2357 660 2458 2660 966 2782 1676 542 2085 942 1495 337 710 2259 360 54 1681 2543 487 1739 1705 1000 1853 2664 1893 2600 1808 175 1339 1275 1929 2262 1787 2274 2698 2594 1781 383 682 220 2794 580 1273 2191 1216 49 89 159 840 1039 2438
1416 1096 1948 1362 1897 497 1586 992 2046 2815 2272 1316 1636 1860 1218 1051 2721 2352 64 1569 1496 715 1261 305 1965 2628 100 712 2713 562 51 155 439 1796 48 1381 1658 1640 1782 1993 201 1617 2836 194 2556 2241 1552 260 1584 2034 188 1422 2767 259 1319 2545 978 319 1878 1369 611 1840 659 2433 547 2419 1148 1123 1029 1435 2755 1356 1899 2650 947 1045 654 556 2708 1248 2826 559 1054 563 900 1777 550 663 2088 2076 2544 899 525 168 1185 1505 625 2840 2167 1307
196 2474 353 776 98 2081 585 1643 1819 1625 910 1864 2067 2103 1042 2462 701 2353 1402 809 869 2334 1963 69 2101 2027 2256 781 2264 1344 233 150 381 1143 159 1822 2687 580 1118 1293 481 31 276 1097 326 653 2541 2141 244 2361 1755 261 2062 2698 1275 2186 872 2053 1273 1635 390 515 1171 2806 455 2109 633 923 1272 2465 2505 1692 2773 1216 2236 1831 1124 2017 331 295 621 2693 1262 2457 1568 941 1140 1967 1579 125 587 207 1655 1472 61 574 2715 2199 1949 974
257 2843 1871 1731 1138 2613 1800 1645 288 2516 2609 742 406 2145 1385 1779 1007 1707 1526 519 1894 416 1992 1511 1969 1325 1442 2763 1527 535 2377 773 2102 392 1068 937 301 749 730 410 1455 1516 811 1419 1466 1079 338 336 2788 365 1131 709 544 821 1498 673 2341 2730 2331 2219 253 2290 435 2417 678 434 2196 2299 1966 1142 855 186 1783 1794 2549 1379 1040 2746 112 1913 1005 2006 2830 1110 2364 2005 593 2492 2560 774 1850 1174 1311 1670 2243 664 1309 1020 605 2251
239 2164 2091 2794 1781 113 2311 1356 1435 625 1248 822 679 2137 449 27 1505 525 654 252 2809 1299 1168 216 1127 1598 245 1141 2669 2070 2025 383 192 49 838 2280 1274 61 2232 139 1780 209 858 207 653 1506 2173 356 1787 408 225 2279 296 1282 2396 1262 2470 455 696 752 1829 1011 1037 331 1187 1568 2531 1140 268 655 865 1612 1124 2406 2053 2236 1961 1275 33 31 1924 1018 2693 721 1648 1472 782 580 1317 1875 1647 999 2402 344 2715 726 1216 671 1635 1475
754 2320 1728 2756 293 1231 2021 2533 1149 757 29 2673 286 2172 1533 218 2787 739 646 2430 426 1719 2054 967 2024 2540 1804 24 1451 395 1597 1361 1175 1306 2472 658 727 1951 1312 2323 2644 2143 545 589 1900 634 572 2296 2381 1798 529 1394 1427 1334 1558 1230 1559 251 2277 240 1689 898 962 304 1213 2040 714 2178 1106 364 1984 2066 2113 485 1505 1898 374 853 1274 792 1353 1555 2224 101 2638 2470 27 436 789 2280 1182 525 858 1435 1296 1248 1439 162 2000 1829
1993 1422 550 1045 712 1617 2050 440 735 463 2767 169 197 2130 1782 2837 2836 2631 1663 179 1029 1649 2241 1840 947 155 1544 51 1381 1658 518 1444 2439 1328 2840 1054 1218 663 1369 2628 1552 2649 305 1261 134 1623 1640 1679 1051 2454 2707 260 480 445 900 1486 925 645 563 2352 26 194 2826 562 559 348 2419 439 1307 1437 659 2538 1870 1860 2011 2580 2088 1777 1948 2133 1416 2652 657 1185 1208 1897 1092 259 1489 2708 2769 1452 1076 2286 494 686 1096 1796 64 1362
2152 2502 1365 2751 1371 785 1866 214 2141 1171 909 1605 1214 22 2567 2263 621 2348 84 1953 2109 183 1139 1661 941 2841 1602 2726 1987 1525 2503 815 959 171 481 2401 2162 106 2060 1744 1280 1458 189 1032 454 150 2623 2612 1927 1217 43 270 2160 2386 506 2591 398 1632 1283 2079 244 744 96 1907 1251 2188 1084 2197 1364 45 2182 2030 1315 335 2608 2705 1064 2678 1596 2498 592 20 2761 1363 300 2230 1143 2562 1822 2115 167 2831 1288 1144 856 2522 1703 2677 894 1336
2394 1778 105 1946 11 416 2110 664 883 1200 252 1692 1472 268 1956 1220 1612 131 1598 1506 2793 2311 858 113 216 138 2611 782 318 1018 2232 1941 1875 753 412 383 2398 1026 290 525 495 2164 2137 2452 2407 33 643 625 1662 822 2779 1435 1568 1780 2634 1262 2091 1356 653 455 2028 7 295 655 28 1127 1873 788 2632 1378 1275 679 1647 2285 2806 840 874 430 1465 721 129 1817 1152 580 2396 1011 654 1273 1843 239 671 1048 2236 1024 1170 1274 1141 136 1961 561
1735 1816 879 1366 1480 2607 1660 2633 1925 1982 1619 2371 867 1863 667 2833 2139 428 641 557 2092 1373 2771 2576 1549 299 2385 2776 2269 888 2460 262 2431 2797 814 385 1295 2844 741 2363 991 1807 1025 1814 2175 2403 2710 226 1509 1524 160 687 1122 1078 1530 1539 2731 577 551 1629 1589 127 1242 147 267 2468 2094 1238 352 837 2104 685 1291 2524 2727 2298 2399 1862 273 537 1803 264 342 2206 1009 1086 1215 1059 2694 891 2189 2185 880 2529 166 1655 2184 1341 1831 234
2022 1019 614 1298 1590 63 182 1137 1434 1113 895 93 1333 1087 940 1712 1004 1207 2112 1343 1785 1161 149 783 1693 898 949 1166 954 2072 2737 1760 2409 1346 714 1513 1558 1773 1535 291 2016 1847 75 1277 244 2149 1928 1257 2571 1795 310 1661 2115 198 2058 1971 2406 2152 1228 1749 2715 31 1722 1867 1283 2555 1197 815 40 2390 580 2656 941 326 2062 1733 1529 270 1849 1685 2744 2569 1874 520 1262 1727 1568 331 232 2017 455 1143 2402 682 159 1293 1223 430 2522 655
12 1473 1721 1876 2809 1868 140 1452 2580 608 864 274 526 994 2552 508 523 458 705 28 671 2499 2191 505 173 598 1275 655 430 1026 1708 444 657 252 1899 1472 1956 2716 2435 68 2144 2698 494 331 2402 1931 2059 1439 532 999 175 2557 2028 295 1475 1018 788 726 1777 1972 412 534 2119 721 2051 2689 696 1929 2500 1647 1274 2470 2061 2236 1706 225 464 1875 125 2715 268 2438 1831 1955 1465 1124 1303 2244 238 561 1037 2708 1024 452 968 806 2057 455 682 131
2769 348 2454 480 925 1369 26 2649 1870 2714 2538 550 179 663 518 1453 1901 689 1490 1633 1758 2376 280 2309 978 1392 404 1701 2125 57 58 2358 1609 570 1417 756 1710 2433 212 2004 1247 1489 1422 2487 201 1594 421 1788 1861 1915 1441 303 2374 415 168 2456 260 1092 2155 100 712 1665 259 1580 1403 2840 1772 463 1195 1496 366 524 305 1148 450 1123 2330 210 2826 1590 2418 1792 793 1535 549 1245 2327 1034 872 715 604 874 2174 1347 2010 2544 914 422 2485 291
44 1483 16 1447 1469 376 1672 2317 2437 1631 2785 1836 1749 1914 761 1057 1449 291 2700 1990 2249 1178 1224 95 2202 2745 1476 88 2441 1856 832 596 2190 576 1714 2111 1713 1593 1743 1116 47 983 2180 2827 1535 1176 824 132 683 2547 2523 2129 834 34 1277 1425 1838 695 2058 2422 2555 1103 1304 1999 465 60 1727 894 1450 1632 2153 419 2554 1363 1927 96 1346 603 1732 1286 2096 1032 83 1228 1052 1620 2275 2091 949 1693 2016 1288 1790 239 2280 1245 1321 2794 2164 245
2700 1836 1990 2437 1224 1713 1714 1116 1178 1672 2785 2180 683 47 2523 34 1838 2422 1914 2129 676 465 1749 2745 2202 88 2190 44 1476 1856 2441 132 1483 1176 376 832 2317 16 596 2111 983 95 2827 824 695 1447 1743 1631 1469 576 291 2547 1593 1057 2016 1228 1449 1693 499 1535 761 310 1346 2149 2656 2249 1103 1785 1561 1795 1773 1513 1999 60 617 2542 540 1073 751 2653 182 1304 2235 1161 2000 404 1601 1847 2518 603 2275 954 104 949 1760 1732 1195 2737 792 2483
569 2090 988 193 121 571 332 2415 1793 2568 427 340 370 1189 1065 323 56 2217 901 2047 2032 1272 2421 536 2210 13 680 640 1038 1041 1949 2520 1754 743 2671 1256 955 2578 2380 1337 1521 1553 580 377 1477 2083 159 2687 1275 1430 1616 1049 1886 933 1910 653 1293 1929 2806 839 1240 31 1236 2025 2423 1787 828 698 1335 326 1097 2053 192 125 1339 1117 2236 1961 1730 2557 2668 1037 295 1699 1741 28 1475 1143 2505 2465 1124 391 1118 33 1831 1635 2735 1472 455 225
239 2164 2794 2091 1781 654 525 2669 245 1505 449 49 383 2311 625 679 139 1356 2280 838 1435 1248 2070 209 1141 252 2173 408 1282 61 216 2025 192 356 296 2396 113 1787 1780 207 1598 1127 1168 1299 27 822 2137 225 653 1506 1274 2232 858 1555 2470 2279 1924 696 344 752 1037 1011 2053 1187 1140 2406 1124 1635 2693 1648 1967 455 268 33 1317 2236 2531 1715 1216 331 2565 1568 1472 495 1475 1843 1050 430 2142 390 1297 580 1143 1503 1829 1118 799 1018 1262 782
1001 2121 67 1810 2583 2509 1012 2350 249 627 1406 1075 202 1944 1055 2728 899 725 2291 1594 1195 2294 2207 1212 2057 137 404 494 1609 574 2825 2329 1869 1805 2766 1606 1825 2736 2701 2741 2719 165 378 1874 2558 775 1590 2248 2135 686 2435 677 2240 830 204 2748 321 338 359 1441 1943 2813 1899 1557 1787 93 2746 1794 371 145 61 1689 2842 730 447 2020 192 780 24 1611 1223 1463 1110 876 937 902 344 895 634 112 960 726 692 2033 207 471 1056 2068 363 116
2418 1792 2327 1034 1580 1234 2174 57 280 1861 1392 210 2461 793 1930 570 2125 1276 2456 2374 689 1859 1665 2330 1358 1724 1575 2004 746 1375 1072 2186 133 1758 1664 294 2838 548 493 2229 1279 704 756 2694 421 1947 422 976 366 349 1196 77 2672 1377 2206 1030 1765 797 880 1193 2703 2581 857 2590 158 242 2198 1292 170 1086 1348 130 470 228 2184 1522 438 287 82 859 2155 1776 2127 798 884 801 2541 656 1432 1675 514 2039 263 2332 2356 1457 1350 583 2187 1345
982 2065 1211 2252 1651 2310 2682 2042 916 227 1791 1583 808 1977 1063 1179 118 2097 2491 1579 2328 763 841 567 114 2225 919 9 998 1769 930 2792 1354 1851 748 952 2379 1271 887 1770 517 639 515 945 1578 928 2778 2559 2618 151 1854 528 1657 1531 2729 2711 382 7 2723 778 1970 923 579 2647 1566 1470 819 2304 975 1920 1367 1667 311 1154 2488 2575 2349 1528 25 1585 1239 1210 2793 1368 875 512 1209 2416 513 492 566 2459 2658 2026 1879 2093 1058 2140 1262 31
2070 1141 1506 654 383 525 1505 252 858 2311 625 679 1780 49 1356 2669 216 1435 1248 245 1598 61 1168 1299 113 192 1924 2025 1781 2137 822 139 2164 408 2794 2091 1787 838 209 27 2280 1274 1282 207 2470 239 2173 449 455 356 296 2396 1127 225 2279 2232 2565 653 1555 344 696 1262 1612 1216 1568 391 1124 1140 1829 2531 799 1918 752 1037 1024 1843 268 1875 2698 1273 2053 138 1395 331 1755 412 1187 2142 2017 1503 430 805 1317 1011 495 131 33 726 655 2361
2545 2034 1796 100 64 48 715 1569 2433 2721 305 2713 1640 51 439 1860 562 155 201 1490 2309 2376 1901 1453 712 1422 1782 1584 550 2836 1993 1369 2767 1316 260 1617 2631 1051 2088 2650 1658 2826 925 2649 1045 1636 1381 2419 1416 1218 1840 1261 1897 1185 26 2628 947 1777 168 900 1899 1362 2639 1437 659 1486 1948 494 2708 1096 2248 1029 2023 647 2815 503 2057 559 2528 1496 563 2241 2050 1663 1874 1076 711 1532 2683 259 978 2286 674 2652 2272 1484 2393 2352 179 1208
2277 1801 529 2759 2644 1683 2579 395 789 545 1230 1394 572 374 581 1798 962 2323 2540 1427 803 2054 1300 1334 240 1353 483 2114 251 1883 2784 646 2242 2000 1559 1115 737 1389 2546 2504 1106 101 2787 2381 2066 1175 2040 215 1951 1451 436 485 1900 328 1361 1306 1898 341 989 2238 364 1593 1213 766 589 727 407 658 1093 304 2113 2178 1561 1786 614 1137 898 1558 1257 293 1971 1087 2249 714 39 2409 426 2430 1207 2072 93 2288 1166 895 999 1928 754 1091 1804 1590
2018 2551 2146 2284 719 764 2008 1289 1204 247 2487 2582 914 190 153 1493 1577 1359 206 723 450 2585 1534 1772 539 2209 303 1157 812 1997 1403 1351 35 1121 2824 343 2485 615 1915 2603 1751 862 1128 2453 212 516 604 276 2718 874 1595 2353 585 871 2165 2361 1633 1347 58 1924 701 825 630 2110 2729 1963 1021 196 1245 2698 1247 1762 1216 1282 2336 2734 1273 1140 549 869 331 2316 2193 872 2764 2067 1662 408 2742 1275 207 1780 2396 1011 653 1099 192 552 2690 383
536 1132 1588 121 193 988 2090 1268 569 680 36 1431 733 2117 500 332 866 1499 571 1065 340 979 2743 2384 878 412 2451 2795 1910 561 1393 1275 1145 1764 1240 1562 2406 2570 21 2029 2668 1033 2808 2279 1303 1793 1886 1952 432 2839 289 417 1118 1293 159 2137 326 199 1182 655 822 580 235 2212 1648 1327 705 216 643 31 2770 2822 162 220 1329 2227 344 699 1955 252 430 113 2686 2698 2764 1692 505 1220 840 2335 2632 753 138 1008 1164 2640 2687 2061 331 1048
1583 2252 2682 1211 1651 1179 1977 118 1791 2491 2328 1579 2792 2065 916 567 998 227 1063 2310 639 841 982 9 2042 114 919 1354 887 1770 517 748 1769 945 952 515 1578 2097 930 1970 808 928 1920 2647 2778 2729 1657 1531 2379 819 2711 778 1854 807 1851 382 7 311 923 1667 2304 1367 1271 759 1210 2816 829 975 2171 1566 2611 2349 372 6 2618 1470 2559 1706 2793 1585 1262 2643 1239 643 464 468 285 2043 1048 758 2488 389 1702 455 1387 1568 2715 2723 2575 669
2034 2545 2433 1796 715 1569 100 48 1453 2721 2376 1490 64 2309 1901 2713 562 1640 305 1860 439 51 2650 201 155 168 1316 1496 260 1392 2553 486 2135 204 2556 563 2842 1584 2511 712 2068 2088 659 1096 899 1606 1369 559 412 26 116 2665 1680 927 1034 784 2632 1275 2826 1293 1273 231 1046 2513 2322 2698 1441 188 1506 1878 1416 2007 1547 1948 628 57 2155 1765 772 2311 1021 1435 643 2017 2419 793 561 1362 113 1216 580 216 1692 1956 2286 2070 348 1097 2687 2708
472 1803 1509 1167 127 1811 1355 1862 1242 1530 1060 2595 147 2431 1524 2094 1078 577 385 2444 2710 273 1069 2138 262 2104 2738 2385 1807 537 1607 1341 160 641 2758 1373 551 685 867 888 1295 1059 2771 1421 166 1101 2266 2403 352 2189 2524 1025 814 991 2213 2811 1863 1215 226 342 741 2648 1619 2175 267 1660 2340 1291 667 2781 2399 203 17 428 2255 154 1238 2607 1366 2740 2013 2460 2633 879 1618 2412 573 2776 1480 1540 1982 1735 2486 600 2139 2835 2576 2371 1925 2468
897 1305 2512 2071 1790 1933 222 1052 2218 1436 2362 1504 836 2096 935 2156 1098 2750 2645 1321 850 2201 1709 2432 1638 1911 2355 2450 1736 2342 2691 1806 755 2446 599 2420 2642 144 1621 2537 2452 666 320 459 2318 1006 1387 1308 1216 443 1090 580 796 586 1692 1682 1293 2687 1273 295 1145 1275 2168 2611 159 1044 2396 383 653 1097 1676 344 1479 643 2167 412 1662 1082 2137 1425 840 61 1506 2698 207 2091 2164 612 661 1143 1924 346 2806 595 2311 1472 1781 1568 2467 192
44 1447 1469 1483 16 376 2317 1631 761 1672 1749 2437 1057 291 2785 1914 1836 1449 2249 2700 1990 1535 832 1103 1277 2555 1727 2441 2202 1178 576 1425 2058 834 1856 1999 2111 2745 1476 1224 88 2190 95 540 1004 60 1346 894 2129 783 1927 2827 2737 949 940 603 1620 1176 596 983 132 2275 1867 1304 1760 516 2180 1632 2422 1336 198 1838 1713 1732 1013 34 2305 96 1183 1450 1722 824 350 2096 1712 2153 419 1790 1482 1194 47 1464 1662 2547 2523 1678 2112 462 2382 2383
2252 2682 1651 916 227 1583 2042 1179 1977 2310 639 1578 1063 2491 841 2328 1211 1920 1579 1770 945 2647 517 9 2097 114 998 1367 887 1566 118 1368 2792 748 1970 1239 515 2711 2488 819 952 919 1854 2379 2729 567 2349 1791 382 778 1769 1657 928 579 2723 7 875 1154 1354 311 982 1210 1667 512 2459 1271 923 930 1528 1585 1531 492 1851 1655 2575 2065 1831 975 671 1470 1225 314 501 2416 1062 1708 129 125 1956 2257 2154 1568 1582 105 136 2028 464 1262 927 2696
1129 2185 1440 1411 2584 143 1684 2517 2298 1694 795 2529 386 718 2619 1445 2271 2801 810 697 2616 1939 30 787 958 71 2363 638 1514 1215 1294 665 1630 1258 2481 1267 1446 2468 557 2460 1360 2246 879 2749 1112 1863 1480 1366 1270 2771 2833 1816 1373 1925 2139 641 1549 1660 1735 2607 273 299 1982 1295 2092 2633 1680 2444 2269 1619 1831 1335 1730 342 1655 551 2104 147 888 991 2710 1807 295 1744 685 2206 2524 262 2371 2806 28 428 2576 2687 669 1275 2385 2062 1059 1086
2183 1439 482 1931 2291 2220 2526 939 2051 2057 494 574 2089 1433 1874 2704 2435 1223 255 1899 2683 2445 647 2639 2427 146 217 1330 686 677 657 1777 1185 2708 682 2813 491 2438 2248 329 1592 2569 948 1937 2436 2580 2499 1639 2598 2382 598 368 2286 2393 444 1725 974 1076 526 274 608 1942 2440 1408 864 1892 271 1555 1464 2719 140 2037 804 994 1771 1452 1677 637 2625 531 1868 790 447 2766 1088 508 2657 1055 1998 692 2308 1473 2319 1721 1944 2825 2809 2728 12 2292
1295 1807 991 2771 1373 262 2385 641 888 1863 1509 1619 667 1242 1735 1925 2175 1982 879 2371 428 687 127 1549 2460 2139 2833 1524 2776 2710 2576 299 557 2092 2269 267 1291 741 1238 2363 2104 273 2524 2797 226 2403 1803 1167 1814 2844 685 1215 1530 2431 1811 1816 1078 147 2468 1355 1480 2595 1660 891 160 1366 1862 472 2607 2731 1059 2189 2633 2444 2094 577 1539 551 1122 867 1589 2473 385 2013 352 2811 342 2399 537 1520 1025 2738 2298 1341 1069 1324 2517 307 2266 2727
1060 537 2403 2811 2412 2255 2138 1862 352 1101 317 573 1735 1619 2213 1338 879 961 2486 600 1803 472 127 1373 641 17 1982 2385 428 1925 262 1622 2139 2771 2371 1816 299 685 2833 2092 867 2776 1509 846 2797 226 888 667 1863 557 2460 2189 2576 2431 2269 741 1660 1814 2100 2338 1618 1530 1571 2175 1549 1295 837 1480 2607 1349 577 2781 2633 1366 2844 160 2710 267 1078 2738 2340 1242 1159 1238 385 1807 1291 147 1167 1025 1341 2094 403 1421 2484 166 642 2473 1811 264
1137 614 1590 1087 1207 2072 93 895 1558 1257 1166 898 714 2409 1928 1971 803 1786 2022 1346 1019 63 2759 2000 1357 634 1197 2242 1597 374 1334 1535 1333 2143 1106 426 1801 1389 1561 1559 291 24 1300 2542 1180 182 2546 39 1298 465 1689 2114 1883 751 581 1115 76 1785 2129 1593 1693 2024 2066 1631 2493 564 1213 1818 989 215 2579 251 2277 1091 2324 2504 240 2495 2054 483 1912 1353 2784 926 2235 2430 1749 2184 485 725 962 1026 737 1538 2025 676 2288 2841 1394 2656
2418 1792 2327 133 1580 1034 1861 57 210 1234 280 1930 2174 1392 2374 2461 2125 793 570 2456 1276 1724 1575 746 1859 689 1358 493 2004 1665 548 1375 2330 2229 1664 2186 1758 1072 704 294 421 1279 2838 1947 366 756 2694 976 2672 1196 422 77 2039 1551 857 2356 1350 1887 2206 797 859 2581 1193 801 228 263 1765 2590 1457 2659 656 242 158 2332 1086 170 1043 1776 880 1377 438 2123 1877 885 349 2184 287 2739 1229 82 2198 1292 1030 2703 720 1191 1345 1522 884 1348
1365 1371 2141 621 2152 183 909 2502 2263 785 84 1866 214 171 959 815 2612 1987 2503 1525 2751 2182 45 1251 2522 2056 1064 2760 941 1364 2197 2608 236 2401 1280 506 565 1953 1286 2623 2831 2705 1214 1171 2572 2348 22 1844 2109 106 481 1199 1139 189 2678 1084 2841 1927 2216 2060 1032 2386 2567 2562 1632 2476 43 1605 270 744 2591 2442 1458 1726 1363 2720 300 150 2425 2761 1596 1602 1108 398 957 2188 2457 2706 2160 335 1283 1768 1802 1288 1217 644 2726 96 23 2498
2792 998 118 1583 567 1791 2065 517 9 515 2491 1579 2328 1179 778 919 1970 382 2711 1769 1354 952 1977 808 930 841 2778 114 227 928 1854 1657 2682 2729 1063 639 1770 887 1851 2379 1211 7 2252 945 923 1651 1531 2304 748 2647 1578 1920 982 916 975 2310 311 2793 2042 1271 1470 763 1367 1210 875 819 1239 2559 2349 151 2618 1667 2097 2488 1831 1368 2715 579 1528 1655 633 1706 159 2081 503 2829 1755 653 31 580 2723 2225 464 353 2474 177 314 1275 999 1566
2249 761 2317 2054 1361 1801 1334 1798 727 1306 2787 589 2277 2323 1451 658 1106 646 1559 1951 2000 1175 1394 485 16 44 395 1483 1447 1631 2540 1449 1230 572 529 2178 962 1389 545 2644 1213 304 2113 376 1561 1469 1057 2066 2546 1115 1353 339 1462 863 2072 104 1450 1646 2086 2759 938 1732 1962 2275 1558 293 1178 1250 830 676 1248 679 1683 60 1027 603 1073 525 1244 2311 1620 822 290 1228 132 552 625 2292 1435 393 2594 2091 695 474 81 2136 1206 1226 456 2137
419 894 2153 2554 96 1632 1927 189 1032 2060 106 2567 1171 22 1214 2751 2109 481 2726 1286 2502 1661 1363 1288 1703 2216 924 815 785 744 171 2841 2401 84 1987 2831 2612 506 1251 2162 2313 2705 941 20 1749 1995 621 2152 1744 454 957 1605 167 1277 2571 1763 1365 1364 95 1336 959 2404 661 476 2160 2058 2096 1013 783 1844 834 949 2261 333 971 2555 2079 1858 2720 183 2141 2507 2425 856 1865 2505 2465 565 2030 586 2806 596 2278 2794 2611 2197 2091 1692 1625 2733
2556 1496 1316 1636 1840 1965 663 2272 231 2815 518 1381 2241 1658 2628 2439 2836 1218 1782 1544 1362 1051 1586 1897 497 1752 2352 440 1261 712 2046 2553 155 194 992 1948 168 978 1146 2767 1045 2300 1123 1096 51 1878 1148 950 1416 947 563 965 2713 1617 1640 1422 2826 1649 1860 2837 550 169 201 547 2840 735 2034 1901 2050 2376 2433 559 1092 2545 260 134 259 1414 2652 900 2419 817 1046 173 1848 1453 1569 486 100 2631 674 1796 305 2538 659 1486 2010 2082 1428 1437
820 1603 1541 750 334 1153 1761 2387 807 411 372 759 1697 829 1260 2643 2171 650 285 6 2666 2816 620 1227 468 2043 546 1221 1702 475 732 1188 1570 669 2346 1916 181 1797 2810 582 1891 1723 661 2194 922 2261 1865 1083 2476 476 1456 2167 1882 1858 956 1387 2313 2425 2706 1139 2168 973 229 1284 2807 1318 448 2841 1763 1380 98 2268 1220 653 758 2232 2634 2410 363 822 2468 290 780 216 721 402 389 2690 225 1465 525 2749 1206 455 2467 1692 936 1395 2244 1912
1146 312 2832 1752 987 4 59 1545 1405 2389 626 2367 1737 950 635 2501 1202 1799 556 2069 2270 547 1386 613 2082 1636 1102 1624 1092 85 283 1319 611 2477 221 1339 2419 2214 2300 831 1496 826 1711 1582 1316 1934 1501 2025 2556 1700 854 2378 2475 313 2836 347 188 2133 1961 192 904 1817 2817 266 2594 1787 351 152 653 703 1644 2669 2397 1262 1912 580 943 136 125 978 750 2794 2154 1003 2411 1741 1468 455 2599 261 1342 1781 245 2674 1902 1532 1965 1011 2105 61
1083 150 2263 181 1702 732 1525 894 419 620 96 2678 2554 2807 1632 1797 2153 2623 1365 1371 1927 1318 6 106 1139 2141 2386 189 2060 2116 1032 2401 2160 621 43 1726 546 1536 2188 2498 1280 1013 1251 861 1364 2720 582 387 1596 171 2562 2643 2079 1336 2572 2502 636 1458 2612 1960 2278 2591 45 1866 2442 214 783 785 762 2152 949 2751 2048 644 2567 481 2522 333 782 647 1198 2348 462 1108 2476 1018 1171 84 1084 183 1907 1064 2056 1315 398 1953 2841 2688 1692 1472
467 389 2301 840 758 1039 2765 2634 2142 89 241 999 726 1378 452 1475 484 478 1929 2236 1275 363 2059 1503 1730 1022 1662 2505 2465 53 2687 1024 2715 2244 786 806 1465 927 1008 753 108 2429 1789 268 2398 464 628 780 1706 1831 331 2407 1655 314 346 534 655 418 344 1481 1438 131 471 2531 52 1220 290 295 1026 2285 1918 2821 936 1941 2806 504 1932 125 501 391 1062 129 1281 1048 1875 1843 456 402 1912 2062 430 788 1011 324 495 2470 1568 1813 2467 1273
2546 1115 1389 1106 1559 989 2066 545 251 101 341 2000 737 2178 304 2113 1900 2381 215 436 364 1213 2040 1451 2787 1361 374 1394 803 1427 1898 2504 2644 1230 2114 572 1353 1951 1175 395 1883 1300 589 1306 727 658 1798 529 2784 962 485 766 2238 1683 2579 2540 328 789 1093 646 2054 407 1334 2759 240 2323 2277 483 2242 1786 1801 581 614 1257 2072 293 1971 1087 1137 898 1558 1207 1818 1357 714 926 2288 39 1180 252 525 564 2311 625 1598 858 679 1435 113 1996
1353 1883 2784 240 483 1300 1394 2249 2277 1801 529 1044 545 789 761 1593 395 304 2644 2066 2178 2579 2317 2054 989 2000 2113 1213 1106 251 834 1749 1559 2546 1996 1115 341 1180 926 1230 1427 1719 1804 1451 1447 1483 1363 1469 2381 2288 576 230 1449 572 44 1898 1091 2311 239 2555 1389 1277 2280 564 679 2091 1032 2313 1286 1798 1248 252 16 1304 625 967 525 1288 2335 2164 175 1435 777 1703 1093 2504 39 1178 374 822 1951 2342 2570 245 2137 2173 1598 1505 2726 2279
1663 947 1649 712 2767 1444 1782 2836 1993 1328 1422 1054 2837 169 1617 1045 1679 1623 2707 735 1381 2241 2050 1658 1029 1544 2130 440 2011 645 550 445 155 2840 2439 1840 1552 1261 179 2628 1218 2631 51 1051 2352 463 194 134 1640 1369 1948 1416 319 197 305 1096 1897 439 2649 518 1362 900 238 2419 1860 1489 1710 1777 1486 2580 188 715 1796 2528 1934 260 1253 26 1569 1417 259 1437 2708 562 1208 1870 2052 28 559 657 2250 1185 772 611 602 674 2193 2454 2411 965
44 1483 16 1447 1469 376 1672 2317 2437 1631 2785 1836 1914 1749 761 1057 1449 291 2700 1990 2249 1178 1224 2745 95 2202 596 88 1476 2190 1856 2441 832 1714 1713 576 1116 824 983 2111 1743 47 2827 1425 1535 2523 2180 1593 1176 132 34 2129 2547 683 695 2422 1693 834 1838 1277 310 2058 1450 1073 2149 1732 2518 603 1103 1727 465 2555 1228 2275 1620 60 676 1999 1678 1304 1346 2656 1147 1120 1363 845 2016 830 1561 1044 946 2096 2554 339 894 1244 2136 949 419 245
196 2474 353 776 98 585 1643 2081 1625 2067 1819 910 1864 2353 1963 869 2103 2462 701 1042 2256 233 1402 2334 809 2361 69 1600 2101 781 276 381 2264 2027 871 2001 1344 2391 2012 2687 1822 653 1692 1275 1204 1831 1755 1143 1941 2698 1655 159 580 1021 2690 2693 1662 2062 1097 1124 2017 150 618 389 966 464 1293 2773 786 2465 2505 1472 1997 455 872 363 33 643 1706 1730 331 2593 2244 207 1121 1787 326 1465 2458 2611 1216 31 1140 484 2467 1339 1118 2479 758 391
2512 222 1504 2218 1305 1436 2362 1052 2450 1736 2342 755 1638 1806 1911 2355 2691 897 850 1933 1790 2750 2201 2071 935 1098 1321 2432 1709 2156 2645 2096 836 144 2420 796 320 1822 1143 1479 1682 1293 580 1097 1692 159 2687 1216 31 1275 326 1118 1273 643 653 2318 2017 595 2698 344 390 331 1715 2611 33 1635 1506 1472 61 207 455 721 1124 1648 2053 2773 216 192 1021 2693 2407 52 1967 711 1568 872 430 2587 1924 225 1972 786 1831 2311 418 2232 1755 402 1730 2025
127 2648 1803 577 2595 147 2094 1355 472 1167 403 1159 2444 352 1509 1811 1530 2138 1815 2710 1278 1069 1078 1060 273 1607 160 2189 2758 2063 1341 2104 2455 2738 17 1524 166 1009 2266 2255 2481 573 2811 837 2484 1421 1270 1862 2835 600 2412 1939 1059 1338 1258 551 1242 1619 264 226 537 2709 511 1324 2486 2213 2253 665 1025 2013 2399 879 846 317 2524 1863 1349 2403 1291 1925 1294 2460 1101 2338 961 267 2223 1816 667 195 1982 342 2139 1571 2466 2820 262 741 1238 2385
2178 304 2113 1213 2066 727 589 658 1175 1389 1951 1306 485 2546 1115 1394 545 1361 1334 1798 962 2323 395 2787 1106 529 1559 1451 572 1230 2644 2000 2277 1353 2022 2072 2054 737 1558 898 614 1683 2540 714 646 1883 1801 2249 803 251 1333 989 374 215 2579 341 436 2784 101 2759 525 1207 364 1300 679 1137 2040 1248 1900 625 2311 225 822 1027 252 2114 2409 1928 1427 1505 1018 782 1898 1011 245 239 1502 2173 1435 426 1141 2179 1166 1972 2396 192 2025 240 696 1711
2018 2551 2284 2146 719 764 2008 1289 247 1204 2582 153 1359 190 539 914 2585 450 1577 723 2487 1403 206 1534 1772 1493 1997 2209 303 1121 1157 2485 812 1351 343 2824 1915 35 615 1751 2603 862 871 276 2361 2453 1633 2353 825 1128 2336 212 1216 402 516 1924 1438 2698 2690 786 1021 869 471 2669 61 1140 207 331 585 2467 1395 418 363 1275 216 192 1780 1787 1715 1481 408 2729 52 139 49 1282 1755 2017 653 1273 383 1011 346 2407 2070 2025 290 1246 561 655
1891 1221 285 1723 2816 582 546 807 475 2043 6 2171 2346 759 2810 1916 650 1083 2666 2643 1702 1570 620 1260 732 181 1697 411 2841 1139 1797 468 1188 1882 820 372 922 1603 1865 2807 1858 2313 2167 1763 2194 1153 973 2476 1318 1953 2261 1456 37 2278 661 298 1284 2502 353 636 1018 2152 1605 443 750 1227 1761 334 1380 586 2611 782 1692 1541 776 2268 122 138 2398 594 753 758 125 1090 1472 281 476 108 2688 1048 1082 936 2677 2557 2634 643 2505 2465 653 721
1635 390 1967 1715 1050 2693 314 2406 1648 1293 1097 159 580 326 1822 1143 1118 31 2053 799 2715 1755 2783 653 1187 1140 1037 805 1124 1317 331 1011 1756 2236 1568 430 655 1008 1216 1395 1475 295 2301 2806 2765 2407 1730 1275 1274 478 2465 2505 2687 220 344 2062 455 936 726 1829 2698 1273 999 1929 1024 758 108 27 504 1921 391 1612 363 2398 1303 753 1022 2531 1662 1472 1262 2059 484 2611 1378 402 2402 1220 467 1692 721 1972 389 1240 1918 1647 786 471 2061 2634
2291 1439 2183 2057 574 494 1874 1223 2683 2435 2639 1899 647 146 482 686 677 1777 1931 2051 1185 657 2220 2526 682 2813 329 491 939 2438 2436 1592 2708 2569 2248 2598 2089 948 1937 1639 2580 2393 2382 1433 2704 2286 974 255 1076 2427 1464 2445 217 140 804 1868 1452 2499 598 1330 368 444 1725 526 274 864 608 1555 531 994 1942 508 790 271 2719 1408 2440 1275 295 2053 2806 503 1892 2062 28 2687 1473 2236 1771 92 1475 1124 159 580 1721 12 2809 2592 2319 999
979 2227 2786 2108 2668 1393 2743 176 2333 1562 432 1033 1890 2029 340 1686 554 868 1888 1268 1418 597 886 417 1065 332 555 289 429 62 802 1398 2384 361 1492 142 1256 199 21 302 2078 78 1053 292 893 681 2451 1431 2423 571 36 878 2117 866 1699 1430 1588 1886 1132 680 27 733 2640 729 743 536 2808 2839 1266 2406 2335 654 2280 1118 1952 1299 192 1038 1168 1248 1187 2070 1829 1781 367 1764 2322 383 239 139 1435 1037 988 1441 245 1356 2539 31 2091 2794
1588 1132 536 121 1431 36 2117 193 988 733 680 866 2090 569 1499 142 2078 1492 878 1886 1699 802 2451 1236 1430 500 1256 1268 1890 1553 1053 2384 2333 2029 432 1038 429 2743 2668 176 21 332 2267 1033 1393 979 289 2380 2227 571 1754 340 2279 1949 1441 1829 1065 2822 2786 1049 1774 1435 933 1118 1885 1248 1272 552 2421 367 220 654 672 1240 1910 2808 1274 1924 649 1266 2108 625 1562 1135 2091 323 162 1182 1124 2070 1852 1127 1543 235 743 1356 2406 383 2602 359
1001 2121 1810 67 2583 1012 2509 2350 249 627 1406 1075 202 1944 1055 2728 725 899 2291 2294 2207 2057 494 574 1212 137 1594 2825 1195 404 1874 1609 2435 2766 2248 1869 2558 686 2813 677 2719 2329 1606 1825 2741 1805 1223 1590 2736 165 1899 2382 204 378 1937 2135 775 1689 2701 93 2748 447 1441 2240 359 1056 895 321 2842 692 24 1076 338 634 1463 1787 1943 876 192 1639 2683 116 471 830 2068 1611 1557 948 1897 902 145 682 2020 780 344 1169 1438 61 937 1935
1425 1380 1044 1449 946 897 2096 1933 1052 205 1057 443 1006 836 935 2156 1308 2197 1321 1790 350 2249 1315 2362 459 2245 586 1267 2030 761 1098 1090 2512 2645 2071 1911 1082 396 2452 2750 2136 2167 2079 2230 1336 1305 1263 300 850 2305 1995 1709 1641 2514 222 2160 2623 335 834 2562 2627 2342 624 1013 2293 2317 1907 275 644 1620 2188 2498 2573 1736 905 2091 840 2522 1286 2201 2446 856 393 2137 2555 1458 2634 1447 2794 1476 2275 971 2195 2648 1027 1662 1322 108 115 1852
44 1447 1469 16 1483 376 2317 1631 761 1672 291 2437 1057 1749 2785 1914 2249 1449 1836 2700 1425 1990 832 1178 1535 834 1224 1277 2129 1856 603 2202 576 1476 88 2275 1620 2745 1732 2555 1678 1103 1523 2111 1073 2441 1727 2695 2058 1713 1450 1999 540 60 2383 845 1346 1183 2136 1116 441 350 2190 2518 34 2422 95 894 1147 783 1482 104 2080 1714 1120 949 2096 339 2305 132 516 905 1662 47 1044 830 2523 2737 393 2180 946 863 2506 1927 1790 269 1244 1363 1561 1004
536 1132 1588 121 2090 988 193 569 571 901 680 332 1793 36 2117 1431 1065 2217 2568 340 2415 733 1886 1430 1268 1553 427 1240 432 1275 220 1831 1655 504 2795 142 1929 2570 1033 429 866 1018 927 979 1764 2743 125 743 802 2786 2794 1699 1335 28 2333 500 1393 1787 2055 1293 2227 2839 2594 1329 1952 505 1492 430 782 1955 2406 1472 1274 2119 2698 523 503 1890 159 2078 2668 805 1789 2025 2465 2505 696 2236 711 2806 1499 1829 655 2193 238 1117 1118 295 865 401
1256 1430 1699 743 1553 2267 1886 2380 340 2423 2217 1236 901 2415 1793 427 2568 571 332 1065 2333 1492 176 432 569 554 2078 429 802 988 2090 142 1890 2786 2227 2108 121 2668 555 1053 979 193 1888 2743 868 1562 289 2029 1033 1393 1431 878 681 361 1398 302 292 21 2117 1686 199 2451 417 62 536 893 1418 597 36 78 2384 886 2421 2047 1038 323 866 1189 370 680 1272 1041 2032 1754 56 640 2520 1949 733 13 2671 2735 1499 865 2539 159 828 2210 2406 2221
453 2163 401 1628 2055 1145 477 73 1976 1023 399 141 1599 380 2074 461 823 1872 981 1510 760 2122 1047 2098 1233 177 99 437 208 2829 2679 595 816 1903 2655 2747 2587 1085 612 2469 1163 1717 731 2126 1160 460 2452 1784 172 72 2009 144 2636 694 1415 164 2722 174 2577 2775 1241 156 1688 2274 1808 331 33 1275 999 2407 726 1356 131 525 655 268 2232 1155 927 1941 2355 495 464 430 2698 216 1376 1706 2311 290 200 31 2301 455 1789 671 1100 1568 2316 799
1425 1380 2197 946 1113 1267 1044 300 621 1199 2522 448 1286 1363 2831 45 171 2425 762 2401 2612 1315 971 2503 2705 183 1449 644 1064 2216 2056 1251 1336 42 2182 1560 236 2167 506 2720 1364 2188 459 2678 2079 2160 2562 2608 1726 1596 1458 2476 2498 1371 2245 1013 335 2230 959 1882 2030 60 2591 1032 2760 785 2623 2168 1844 2442 856 909 387 1525 2386 2096 1321 2572 2249 2706 443 2313 84 2688 1288 43 2263 1280 1090 430 96 1927 894 1057 941 2136 840 350 2571 2514
239 2164 2794 2091 1781 654 525 2669 245 1505 49 449 2311 383 625 679 139 1356 2280 1248 1435 838 2070 252 209 1141 2173 408 1282 61 216 2025 356 192 296 2396 1787 113 1780 207 1598 1168 1299 1127 27 822 2137 225 1506 1274 653 2470 2232 1555 858 2279 696 1924 344 752 1037 1187 1140 2053 1011 1124 2406 268 2531 1317 455 1648 1967 1635 2142 2236 331 1829 1503 1568 430 2693 1216 1715 1050 2565 1475 1395 1843 1008 1472 2809 799 33 495 1789 1024 805 1018 1297
1221 285 582 6 546 1891 1570 1083 2643 1702 1139 759 732 620 181 1697 1260 1797 1723 468 1605 475 2816 807 973 2841 2152 2346 1916 411 2043 298 2171 2502 1188 650 1858 2666 2810 1882 922 2118 980 1884 2313 1953 1610 1015 2348 2476 1285 1380 1865 1284 1456 37 420 2706 1397 2167 122 2268 594 148 1537 2677 1763 1082 1987 2768 1603 1308 443 459 1866 2261 941 2194 1602 2115 1199 661 2425 690 448 2807 820 1227 2062 669 84 586 244 1018 815 1097 1293 229 799 125
1569 715 100 48 2721 64 562 305 1640 439 1796 51 155 2034 1860 2545 2650 2433 2713 1453 1490 2376 2309 201 1901 2631 1316 712 2272 1636 1617 1381 1782 1840 260 1948 2836 2815 1496 168 2241 563 1658 1416 1897 1878 1586 1362 1096 497 645 1422 1965 1045 2826 992 2046 559 2088 2628 486 2553 1552 784 2556 1369 663 2419 2708 1046 1123 978 659 900 1307 2840 2050 2652 1051 1029 1544 674 2439 259 445 2649 1486 1428 440 1848 2352 231 319 2767 1261 965 2007 947 518 1218
2548 2662 1375 687 857 267 1238 2844 1925 1619 837 2456 1291 2189 1792 2158 2727 2590 2206 2039 879 349 1009 2672 2139 570 133 2186 551 1366 667 1776 228 1660 421 2633 814 1457 1350 1520 1982 1034 2215 1930 797 2399 1159 655 2092 1043 2460 455 57 577 77 2226 1551 1575 1262 2833 2607 1 1861 331 280 1580 1234 2356 2198 1480 720 891 1522 2327 478 366 798 363 1887 805 936 342 160 471 1097 1755 263 1724 656 1756 2123 2541 2378 801 1815 2371 2765 1086 976 913
1569 1453 715 2721 100 2433 64 2376 1490 48 2309 305 1640 1901 562 1860 51 2713 1796 155 201 2034 439 2545 2650 1496 1316 2272 1636 1965 2556 2815 231 1051 168 260 1840 2553 1218 663 2628 1148 712 563 486 1362 1878 1381 1586 784 2352 1782 1897 2836 1848 2135 1261 497 1658 2826 2708 1123 1464 1193 659 1212 1948 2649 2382 2538 204 1777 2741 1076 2241 978 2286 965 2088 2581 137 2337 1899 140 1392 421 2007 134 2046 1441 1937 2840 2631 1422 518 1428 1046 1185 1416 934
2252 2682 1651 916 1179 227 1977 1583 2042 1063 841 2328 2310 2491 639 1579 1578 945 1770 1920 2647 1211 9 114 2097 887 517 998 748 1367 515 118 2792 1566 2379 982 952 1769 919 1368 1354 2729 567 819 1791 928 930 2488 1657 1851 1239 2349 1531 1154 1970 1854 2711 2723 1667 2065 382 778 2225 923 1585 2459 763 311 2778 579 2575 1528 2416 1271 2304 512 875 1470 492 7 2618 808 1210 975 528 2214 2559 738 831 1420 1219 1957 272 2462 479 31 2026 98 1262 1074
403 2063 1159 1815 2455 1009 2484 264 837 2189 17 1814 2844 1622 2797 2486 352 2731 600 741 2255 573 2811 1122 2412 317 1338 1589 846 2100 299 1571 2092 2139 2833 2403 2269 1060 2776 2215 428 2576 642 2338 2371 1982 2399 1925 667 1619 1520 2138 1539 1735 234 262 891 537 888 1803 2727 2385 1862 127 90 1 472 1025 1101 267 226 2431 307 641 2213 685 577 1349 1373 1549 913 2771 1295 1291 1629 1572 961 1238 879 1540 1509 1607 1994 1618 1341 2175 2094 1278 2710 969
879 1982 1619 1735 1925 2371 428 667 537 2833 2139 641 1373 262 2385 2771 2776 299 888 1549 2092 1863 2576 2460 2269 226 1814 1295 741 1060 2403 1807 2797 557 1509 991 1816 2844 2811 2175 352 127 867 2710 1660 2138 2412 685 1480 2363 2431 2607 2633 1862 1101 1366 2255 2213 1530 687 160 472 1078 1524 1803 961 385 2731 1122 1589 1025 814 2094 267 573 577 317 2189 1341 1242 1238 403 1291 1338 147 600 2486 1349 2340 1618 1539 1815 17 1069 837 2758 1607 1421 2266 1215
631 1518 1290 2596 2282 2064 921 2392 1017 1909 984 2796 662 2049 1613 1879 2140 1058 2093 530 1301 1567 1978 1604 446 451 1981 1002 2357 1237 1119 394 1906 607 2262 908 1676 2085 1621 1396 1384 355 942 2543 1105 813 852 1331 1554 243 1614 2257 2458 1673 660 337 1370 2696 542 2782 487 1742 966 1718 124 1681 2600 1705 1404 918 700 708 1808 1495 2274 1100 1145 54 89 996 2530 478 360 389 625 679 710 1435 1039 1222 758 2259 220 430 1787 840 2660 52 2244 786
1506 909 252 1612 138 1918 113 752 1299 1168 2137 1141 822 525 2311 216 625 858 679 1435 1248 1598 1505 1472 412 2279 1018 654 1356 2632 782 1048 2361 383 1829 2611 643 455 27 344 1692 2070 1866 1140 1262 1568 2061 1780 721 214 1972 1273 49 1216 561 1124 1921 2669 2402 936 2698 1220 2531 2232 1924 2017 1395 2442 1647 1008 628 1303 1011 346 1024 2407 430 245 1274 2197 2565 2164 753 402 108 2498 1249 655 471 2398 2467 2468 1037 1591 2188 2690 331 1596 1941 2821
2054 646 2787 2000 1361 1559 1451 2540 1798 1106 962 2323 395 727 1175 1951 1334 589 572 1306 1394 658 529 1230 485 2644 1801 545 2277 1213 2066 2178 1389 304 2113 1427 1115 2546 293 251 737 1558 1683 1353 2072 714 101 2759 989 436 2040 215 898 374 1207 614 1900 754 1928 364 29 2533 2381 1149 803 341 240 2409 1883 2320 1300 2784 426 286 2504 1898 1786 2579 1561 483 2114 1166 2756 2022 128 1827 2673 525 671 1333 1501 696 1087 239 2656 1597 1137 2172 2475 734
2236 314 1475 726 1967 1635 390 999 331 2301 1050 2053 1275 2715 1715 2059 484 1929 1730 1037 2693 1140 295 1011 1124 655 2687 2806 1662 806 2429 534 799 2406 1568 1008 780 1465 1755 344 2244 1216 363 418 786 2698 464 2765 1706 1273 1831 1789 927 391 467 1648 1655 1481 430 805 2407 52 31 1097 1293 455 478 1438 159 1187 1822 471 1317 1756 2505 2465 580 1143 758 53 326 220 1918 389 1118 1024 346 936 2470 1274 1395 1378 268 2062 504 1240 452 1829 108 402
2792 998 118 1583 567 1791 2065 517 9 515 778 2491 1579 1970 382 2711 919 2328 1179 1354 952 1769 930 2778 1977 114 1657 928 841 808 1854 2729 227 2379 1063 639 1851 2682 1770 887 923 1211 7 2252 945 2304 1651 1531 748 1920 2647 982 1578 975 916 2793 311 763 2310 1210 1470 875 1239 1271 2361 1367 2042 1528 1831 1706 2055 2715 1655 331 2829 464 999 927 1262 455 2698 177 1216 1932 1378 2465 2505 819 1140 726 701 1789 484 1475 353 2474 125 1018 1273 805
2011 2707 1679 1623 645 1054 1328 1444 445 947 1663 1649 2840 319 169 2837 712 735 1782 2836 1029 2767 1552 2050 1045 1617 440 2130 1253 1422 1381 2241 1544 1993 1658 134 1261 2439 2628 1218 155 2352 179 2287 1840 900 2133 1640 1486 51 194 463 1208 1051 965 2419 674 550 1307 1897 2708 1710 1437 1416 563 1948 1860 2046 305 1777 2580 1452 1369 260 1586 1185 992 657 1362 197 2649 2076 497 559 769 1868 2397 1489 606 2631 140 259 2088 1417 2482 1123 1757 703 2272 562
2043 2171 2810 2666 650 2346 1916 2816 475 1723 1891 807 2841 372 411 759 1697 1260 1570 820 1603 2643 1702 1188 468 620 732 285 6 181 546 922 1139 1865 1221 1797 1858 1083 582 1153 1953 334 1541 750 1456 2634 840 138 758 980 252 2632 2611 129 643 389 1048 1150 467 1711 501 936 782 464 822 2398 2061 753 1062 2779 1018 1882 1465 1912 1284 1972 1881 2311 113 452 1932 1813 628 2137 721 1395 2589 1378 1026 2244 1281 1220 324 999 89 2407 2285 2429 1435 1475
2844 2833 2139 1814 2092 1982 1925 299 2797 2371 667 428 1619 2776 837 2269 264 1735 1009 2576 741 879 2455 687 262 1159 1549 2189 888 226 1373 403 2063 1815 2385 2771 641 2484 2403 2731 2460 1863 2548 1122 1589 2215 557 2175 1509 1816 1622 1295 267 2363 1238 2412 352 1807 991 1291 1375 1480 1660 2486 160 2811 1539 2255 2039 17 1524 1366 600 1862 2633 656 885 2607 2662 2710 1571 1350 1887 706 2590 2123 857 1338 1229 1457 127 2356 263 1551 867 1776 891 1060 2100 2206
2099 1896 1532 330 2674 1339 152 2742 734 1741 313 458 847 354 2819 1708 2557 2479 849 1704 2028 532 972 671 2500 2228 2119 1376 1335 1563 2283 28 1827 2191 2177 505 2181 587 2365 1956 120 238 2370 696 2250 523 81 175 2689 1680 705 2322 2193 2534 2552 2716 2527 2597 2681 2592 1297 633 2052 92 711 772 503 602 261 1961 1111 1332 1746 109 2814 2144 968 1917 2764 1543 1873 2773 740 533 653 1010 2199 1117 68 2774 1461 33 1011 2812 1472 1156 2594 2237 1182 1021
257 2843 1871 1731 1138 2613 1800 1645 288 2516 2609 742 2145 406 1779 1385 1007 1526 1707 519 416 1894 1992 1511 1969 1442 1325 535 392 1527 2763 2377 773 2102 937 301 410 749 1068 1419 811 730 1079 1516 365 544 2341 1455 673 2331 1466 2788 2730 336 2417 2290 678 435 434 338 2196 1966 1131 2549 2005 253 2746 1040 1498 1968 112 593 2830 709 855 1005 1142 1794 2560 1311 2492 2364 2219 2299 774 1783 2006 1174 1670 1913 1379 2697 605 2251 1020 1424 1634 648 1110 1309
1816 1366 1480 879 1660 2607 2633 557 1925 1735 1619 867 2460 1982 1863 2371 641 2363 667 428 2431 1373 2771 2833 2385 2139 262 385 888 299 1549 2776 814 2576 2092 1295 2269 2710 1807 1025 991 2797 741 2175 2844 1814 1509 226 2403 160 1524 1078 127 1530 687 1122 577 1242 551 685 2731 147 1539 2094 1629 1589 2468 267 352 2399 1862 1238 1803 2189 1291 2727 2104 837 1059 2524 2298 307 342 273 537 264 891 2595 1009 1215 2738 1520 1341 2206 2811 1069 1607 1349 2213 166
59 1545 2367 2389 1799 626 950 1737 4 1202 1752 1146 613 2477 826 283 266 2069 1386 547 556 2270 2082 1319 904 611 1942 271 1892 1408 2037 1771 526 2440 1677 1092 1555 1491 1003 974 1998 274 1924 463 2419 2530 2574 580 996 1468 2625 390 188 31 455 864 1216 255 159 1715 2010 1293 1262 994 1635 2312 2515 1117 2719 2076 2148 1931 2594 1029 344 440 1143 1307 1097 1486 1190 606 2053 1606 1822 2681 552 608 653 1780 2057 1124 430 2606 2424 1961 326 1181 1208 2105
2181 523 505 175 2500 1563 2283 1827 2716 313 2819 2552 458 28 2479 2365 734 849 2689 705 847 2370 2674 152 1741 2191 238 1339 2250 587 81 2557 1532 2119 1708 1896 2099 2534 120 2228 671 972 330 1335 2193 1376 2681 354 1680 2322 532 2742 1704 2177 696 2592 2527 2052 2597 1111 2028 602 1332 2144 1746 92 772 1956 633 740 1297 2237 711 503 2806 125 108 1475 1022 2059 2814 1730 484 261 2505 2465 1543 1662 2687 2429 999 753 1037 2236 1465 467 1010 1378 1831 2764
2365 2689 2479 849 81 2370 705 1563 505 2500 2819 2181 458 28 523 2119 1532 1708 2191 313 2534 2716 175 587 2557 152 2099 1827 238 2552 2283 2250 847 1741 734 2674 1339 972 1896 120 330 671 1376 2742 354 2228 1704 2527 2177 532 2193 1335 1680 2681 2322 696 92 2028 2144 2052 2592 2597 1111 602 1956 1332 633 1746 772 740 1010 2814 503 2237 261 711 1873 2690 771 346 2806 2467 2821 125 1465 753 2244 1026 108 109 471 2687 780 786 2505 2465 1438 52 1662 2398
2567 1171 2751 1214 22 2109 1661 2726 1744 2162 454 20 167 2502 785 1995 592 2823 2030 744 2152 924 96 1032 2222 481 189 2153 2554 419 2060 106 894 2841 1632 1927 1288 1703 1363 84 941 2573 396 815 1371 1987 2141 2688 1365 2216 1425 971 2498 957 2627 1286 183 2197 1605 1596 959 43 38 621 1866 1217 244 509 1802 1556 171 2404 782 387 1018 506 2263 214 2188 856 2806 2505 2465 2720 1568 2062 1822 2401 281 1108 31 1084 2232 2677 580 1044 2791 1692 629 115
2510 431 70 1753 1125 2777 2772 2077 2478 2561 1839 2161 1035 1759 315 2757 1557 1252 2015 1165 1834 2302 1390 2622 951 191 18 601 1842 2818 2 2663 2686 1938 2685 889 1747 767 1248 430 2311 277 1976 1510 2398 625 654 525 1980 495 1908 753 688 1443 1235 2794 1356 768 1075 679 1929 1435 1303 1923 2315 239 2164 2228 2091 758 452 1955 89 284 475 331 655 412 1941 2765 2279 268 1505 2244 999 1503 2471 1275 927 1220 324 1813 1022 2702 1008 478 1951 1789 1141 389
1385 1007 2145 406 1707 1779 1526 1992 1511 2516 742 2763 1325 1442 2102 1969 773 1645 519 1894 1871 1800 1138 1731 2613 257 186 288 1527 535 2377 709 2219 1670 811 1068 1466 410 1783 338 730 365 336 821 1079 544 870 1311 434 1040 2095 1498 1516 749 253 605 435 1455 2730 2788 1966 112 2609 1794 2341 2843 2549 2290 248 1110 673 1131 2746 1005 1309 2417 2151 1020 648 1850 1968 1379 1424 1133 2560 1581 2830 800 2364 2299 855 1142 881 94 2006 2680 678 593 2243 416
70 1753 1125 2777 2772 2077 2478 2561 2510 431 2161 1759 1035 1839 315 2757 1252 2015 1557 1390 1165 2622 1834 951 2302 18 1842 191 2818 601 2 2663 767 1235 277 688 284 1908 297 1186 495 2685 2759 1323 103 2471 847 2689 175 1391 430 2228 412 2686 2398 1980 2314 2765 485 89 1248 962 2311 999 2144 68 452 753 1923 125 1389 553 578 1896 467 1941 33 1303 1356 1916 1022 478 268 1220 758 81 2181 696 734 525 2794 1503 705 1827 2244 625 1378 2316 1843 1881
1146 2270 1386 547 2082 987 556 635 1545 2300 4 312 1407 2832 2389 626 1319 1405 59 2367 188 611 1926 1752 85 1202 1737 950 817 221 1102 2790 2817 1624 1799 943 2501 1656 826 2411 1934 2477 1092 2574 613 1190 2424 1644 2840 1220 2528 1029 1912 1923 1813 628 788 1026 1262 2762 2515 1692 283 2397 840 1677 2767 2634 455 2105 278 2398 1730 1956 134 822 1281 550 439 2044 2467 927 266 2681 2632 606 1771 1003 1998 1472 2375 125 2527 495 753 2311 2419 2037 456 463
312 2832 987 1624 2501 2411 1102 1146 1644 1934 2528 85 2044 635 1656 2817 2790 1405 1407 188 611 2300 943 221 547 817 556 2082 1386 4 2270 1319 1926 2389 59 1545 626 1752 2574 2397 1092 2367 1737 1202 2424 1552 1190 606 2419 950 2606 826 1983 1208 1484 2515 1468 978 1956 1029 1486 283 1437 977 1220 2133 259 463 1923 495 2148 2477 1942 1151 904 1627 1313 788 2762 1173 2105 712 134 1677 705 1339 1896 2214 271 2265 1422 2467 2632 1912 1813 489 831 445 1708 2191
1056 1944 2294 1055 2728 2207 2135 899 204 137 1212 2741 1606 116 2842 725 1134 1547 2511 2558 1463 246 1067 1935 97 2068 2825 1076 2766 1825 686 2286 447 2813 79 1464 2736 2248 2665 2382 1937 2041 2580 804 722 165 692 1899 2057 2291 948 2435 494 1452 574 1639 2393 2292 1777 146 1874 329 1185 140 1126 2319 2305 647 682 1223 2639 2683 677 2719 2708 2569 2438 1592 1868 2598 657 2436 442 491 790 274 608 1275 1692 864 52 786 2611 1481 1787 1940 1124 207 974 526
1179 2491 2328 2682 1977 1063 1579 1651 841 2252 9 1583 639 945 1770 227 748 887 1578 952 1354 916 919 1769 2729 1791 114 2042 515 930 2379 928 2792 1657 998 2778 118 1920 2647 1211 1851 2310 982 2065 1531 763 567 517 2225 819 2097 1470 1970 2711 382 778 1585 1667 1854 2575 808 923 1367 2723 2304 2618 1566 2559 1154 2488 528 1271 311 1528 2349 1368 1239 2459 875 31 326 7 159 2081 2416 1210 580 492 910 579 975 2715 512 25 98 200 2474 1262 2248 151
1681 487 1705 2600 337 942 2085 2543 1384 2458 966 1495 1742 2660 1978 2696 2257 1002 1614 1370 1331 1673 1119 243 1676 360 2262 2259 1695 1396 1554 1000 1853 355 813 1017 1893 1105 710 2796 54 2664 1739 2782 542 50 791 1301 2369 660 530 1604 1031 908 607 1287 2049 320 1565 446 1290 1981 1508 1567 1237 1718 2803 1518 2392 1058 631 921 2596 451 2282 1909 1339 852 580 1293 1741 1317 159 847 984 1097 2773 313 1755 1141 805 192 367 1275 1822 252 2140 412 1143 33
2707 2011 1679 1623 645 1054 1328 1444 445 1663 947 1649 2840 319 712 2837 169 2767 1782 2836 735 1029 1045 1552 1617 2050 2130 1381 1253 1422 2241 440 1658 1993 1544 1261 1218 155 2352 2628 2287 1640 51 2439 900 179 1416 134 1948 965 2133 194 1897 2046 1208 1586 1860 1486 992 305 1051 497 563 260 1362 1096 1369 674 2419 2708 1840 562 1569 1437 1710 1777 2580 769 259 2272 1307 1868 559 2732 2088 550 1123 2553 1489 2713 1983 1878 657 715 463 1452 140 238 2482 1185
1125 2777 1753 2772 2077 2478 70 2561 2510 431 2161 1035 1759 1252 2015 951 1834 2818 1842 18 2757 1839 315 1165 601 2 1557 2622 1390 2302 2663 191 277 767 1323 1186 103 297 369 2685 89 478 1923 2686 412 2314 1389 1980 1235 1018 1220 2301 430 2634 688 1378 2687 758 1022 1822 1303 2407 2398 2632 501 2765 840 782 753 52 1391 643 1692 467 389 495 452 2244 2715 2316 1941 1048 1465 1831 1503 33 1730 175 1813 788 268 2279 561 2821 1356 1472 2794 125 2228 2017
2579 2759 1683 374 2277 1801 581 2546 1389 1115 789 529 545 1394 803 2114 2066 304 2178 1213 2113 1951 395 1230 1175 727 658 485 1306 589 2644 1334 1353 572 1798 483 2323 240 2249 2242 962 1106 1228 1898 1300 1883 737 2784 2022 328 2238 766 251 1785 2787 2540 1361 341 1093 1559 2040 2504 2000 1427 2054 1593 436 1451 1178 2381 1533 215 407 1631 63 989 646 101 1137 2656 1044 824 1561 1743 695 1900 2149 761 1027 412 132 596 2279 1248 2700 364 44 1176 2311 430
1037 1140 1124 2053 1216 1011 2236 1187 331 295 430 1274 1475 1967 1635 390 655 1008 220 1648 2806 1568 1829 2406 344 391 1715 455 27 2279 1050 1612 1275 799 2693 314 2698 721 1273 2402 1647 1921 1972 1755 1730 2061 1395 1317 2301 1756 805 2687 2531 1929 726 1240 1472 1303 2407 1924 1024 1918 1262 2765 268 999 1843 653 484 561 1875 1789 1127 412 504 2142 131 936 452 927 2059 464 1831 1706 1506 2715 1655 2565 31 53 580 1118 1822 1293 1503 1143 758 2285 389 1168
1146 2832 312 987 2300 1752 1102 1407 221 2790 85 547 1926 635 1656 2501 1405 1624 943 2817 817 556 2082 1386 1934 2270 518 950 1496 1319 611 2556 4 663 2367 1636 188 1840 59 1316 1545 1644 2528 1799 2411 626 440 550 2836 1092 2044 978 2069 1965 1202 1782 2826 1148 1422 2419 2649 231 925 2397 1051 735 259 2767 2652 2840 712 2574 2241 2815 1658 155 2389 2628 1897 1369 1486 1381 1700 1362 659 1737 1468 1218 1484 2010 480 2538 260 2148 1307 563 613 977 2424 559
2320 754 293 2756 2021 1149 2533 1231 1728 29 286 2673 2172 757 1533 218 2787 739 426 646 1719 2540 24 2054 2430 2024 1597 967 1361 1451 853 634 2143 1689 1804 1798 1334 2409 1175 1306 572 1900 2323 714 1558 364 2472 1230 898 962 1928 2224 2644 727 1559 589 1951 436 485 1312 1106 395 2040 1166 658 1427 792 2296 2000 251 215 529 1296 101 240 737 2072 1829 696 494 1616 2381 1299 27 1168 726 750 2638 1505 1024 858 995 1207 766 2470 2809 525 1353 334 1787
967 1804 1719 792 91 2296 2024 1689 2235 2430 24 2143 426 1597 634 739 853 2320 2638 2756 2533 1149 29 286 2673 2172 754 2021 293 1728 1231 2224 1533 1593 757 499 218 1478 707 926 1091 1849 240 2409 184 76 895 1166 213 898 1996 1818 93 2615 1590 2495 39 1180 2408 564 291 1448 483 1207 714 1928 1558 2354 2000 2242 1535 1087 777 1786 2281 2288 2787 230 1357 2072 425 1257 1296 558 1971 1334 1024 1262 92 1269 999 135 766 33 1961 1124 455 696 1829 331
1096 1416 1948 1362 1897 497 1586 992 2046 2815 2272 1860 1316 2721 1218 64 1636 439 2352 712 1569 715 1051 100 155 188 1993 48 1552 1496 305 1381 1782 1261 51 1617 2628 1796 611 1640 562 547 1319 1658 2713 899 2836 1965 2241 659 260 1899 1386 2545 2034 2135 1356 1029 2556 2767 194 1606 1018 1248 1435 1011 655 2741 525 556 1045 782 2419 1777 1756 430 108 580 216 326 654 1027 259 947 2311 2270 471 2407 927 27 331 2840 2553 2632 2286 1369 478 645 319 113
2787 1115 1389 2546 2000 2054 646 1106 1559 2178 2066 304 1361 2113 1213 1451 545 1394 1951 1175 589 727 658 1306 1230 485 1798 2644 962 572 395 2540 251 529 1353 1801 989 1334 2323 1427 737 2277 1883 101 1300 374 341 293 215 436 1898 2784 364 803 1900 2114 2381 1683 2579 2040 240 483 2504 2759 1786 1093 789 766 328 2238 614 2072 407 525 1558 252 2242 858 898 2311 625 1207 679 113 239 1435 581 1248 2249 1505 754 430 2285 714 29 2164 1598 2091 654 822
297 1235 2624 2471 2601 1845 103 502 990 1323 688 2276 126 1186 578 1340 1391 2314 1413 1608 1767 684 284 1908 848 1720 1821 250 1975 1830 903 768 2388 931 702 1114 65 835 1107 522 1310 1512 1254 2667 962 1916 2759 1831 475 331 927 2346 999 2056 70 1275 2687 2478 1706 125 2062 2236 464 721 655 1655 1730 1465 461 1723 1692 430 1018 534 1563 28 767 2841 803 719 1912 553 973 2402 225 726 1972 1472 68 455 2429 1929 2316 780 2561 478 1139 2193 61 671
865 2671 828 377 933 1429 2539 672 1399 2828 1266 1952 1070 2602 2578 2221 2031 2629 2038 1668 729 964 2808 1249 1374 2520 2798 2640 2120 2428 358 1910 698 1754 1329 640 2795 1038 1337 13 1272 2421 1949 2210 2335 2839 1041 2083 323 1049 56 1616 2570 1764 1477 1521 2047 1189 955 2032 932 839 432 370 239 1118 27 121 1187 2164 782 1143 2794 1011 331 1472 2406 1829 1018 1781 1704 2091 1273 1886 159 455 2333 655 2809 2279 113 1553 1262 2028 711 1648 580 979 306 2108
1421 2820 2266 166 2738 226 577 2013 2213 147 2835 2094 685 2614 1964 405 1101 1862 1324 2758 551 160 1069 352 1078 307 2727 1 1530 1607 537 2595 1025 2648 1060 1349 1618 1520 1341 1828 342 1355 846 1167 1803 2399 2473 969 642 2269 961 1572 1540 2340 913 2403 2444 2100 1059 1629 1366 814 1811 2104 234 2486 2811 2431 273 1571 1660 2226 2158 2092 203 428 2576 600 349 1816 573 2139 2709 879 2255 1735 299 1480 217 2833 385 1291 2339 892 267 2371 1615 2776 1238 317
2252 2682 1651 916 227 1179 2042 1977 1583 1063 841 2310 639 1578 2328 1579 2491 945 1770 1920 2647 1211 9 114 2097 517 887 998 748 1367 2792 118 515 1566 1769 982 1368 919 567 952 2379 819 1354 1791 2729 1854 2488 2711 1239 2723 1531 930 928 1970 1154 778 382 1657 1667 1851 2065 2349 1585 2575 512 2459 2225 579 1528 763 1271 2778 923 808 2416 1470 311 492 7 2304 875 2026 566 975 528 2618 2214 1210 2462 151 1219 2559 831 1420 25 738 2603 1957 272 1225
1443 277 1938 767 2686 889 1747 1833 1460 369 2496 229 951 2818 211 2532 1834 2315 1989 2015 2702 1560 1252 770 1980 2313 2685 1858 448 2510 468 1884 1865 661 1610 70 2261 669 980 2561 2118 1015 2168 1557 2478 1842 1227 2425 476 1390 1118 2705 2522 431 2194 236 1286 1188 2077 1293 1143 430 2622 2608 2831 122 1064 2507 1097 2182 1822 326 1275 2197 159 2760 18 1904 1356 506 990 643 997 331 580 459 2216 1844 1891 2687 744 412 2613 1916 191 2715 31 2268 1216 113
312 2832 987 1624 2501 1146 1644 1102 1934 2411 2044 2528 1407 635 2300 1656 2790 2817 85 1405 817 188 611 221 1926 1752 943 1319 547 4 2082 59 556 1386 2270 626 1545 2389 2574 1202 1737 1799 1092 2397 2367 950 978 1190 2419 2836 1782 283 259 1468 2477 1484 2424 518 712 550 2606 1840 1677 1339 1208 1983 904 2515 2105 1552 1437 440 2840 1422 271 1956 1942 1117 1486 1151 559 1003 1617 606 2265 524 674 826 2214 238 347 703 947 1056 1948 1173 463 831 2358 1029
38 115 1995 956 1882 2468 2749 2740 1880 1059 1524 342 551 154 20 2726 167 1044 147 1744 2823 1025 1802 879 795 2678 448 42 2476 2573 669 2425 1863 454 1803 1638 2444 2363 2595 1807 2710 1929 2197 2278 829 644 273 1199 478 2216 1275 2765 1730 175 577 685 2687 2429 1037 402 1662 471 936 2301 758 1366 557 2407 1274 2531 295 2059 389 1124 786 484 2806 2698 464 236 1273 661 89 2162 523 127 1216 1465 1438 1140 1024 2168 641 1178 1787 1363 476 2760 1972 2396
503 711 772 633 1680 2773 1746 2322 2250 972 1376 261 238 120 2193 1704 2592 1708 2814 2557 1111 1335 602 1332 872 2052 2742 354 671 532 1532 330 2597 2199 2028 1956 28 587 696 2099 2228 2479 1339 740 2681 1774 2119 1563 313 152 505 849 458 1896 1741 847 734 2237 2819 1852 2674 1099 2610 649 2500 81 1917 1135 2191 2181 1543 2365 2177 1650 2283 2370 1827 1885 523 92 1010 507 175 2716 109 2789 533 2527 1164 2689 2822 1156 1182 968 1441 162 705 2594 1297 2552
1681 487 1705 2600 337 942 2543 2085 1384 2458 966 1495 1742 2660 1978 1002 2696 1370 1614 2257 1331 1119 1673 243 1676 2262 355 1554 1396 1695 1017 1105 813 360 2259 1000 1893 2369 1853 320 908 1031 2796 54 2664 1718 1739 50 2782 710 791 1301 1287 2049 1567 607 1565 530 1604 542 1981 446 2803 1508 1237 1290 660 2392 1518 852 1058 412 1275 1293 2773 561 580 711 1822 144 252 1680 1741 33 1941 1097 847 503 2687 1141 2193 430 313 367 2596 159 1465 451 1182 1143
2320 754 2756 2021 1728 2533 1231 1149 293 757 29 286 2673 2172 1533 218 2787 1719 2024 967 426 2430 24 1804 1296 2143 1312 739 646 2054 1597 634 80 1984 1689 119 2638 1175 1951 1306 2472 2366 962 213 572 2178 727 1451 1829 658 304 1361 1230 1798 589 545 252 1182 1274 91 1559 485 364 853 2279 395 1383 858 671 1024 558 2113 1299 33 473 1478 1168 2408 1127 53 1505 2540 525 696 1106 2644 268 529 2323 726 27 239 2066 1780 1248 1394 1598 1875 251 2235
1419 301 392 2331 519 1992 2843 257 2763 1138 1731 1871 2613 1800 538 773 1454 2341 288 1546 843 2102 1645 2609 2145 253 248 1442 336 1007 406 730 1455 1707 1779 937 1133 1142 410 1131 1385 1466 1424 338 648 2516 94 535 2492 1174 1309 774 2318 1634 435 2005 855 1573 717 610 1495 1527 1581 525 2164 1435 1526 654 49 1498 2311 2560 1783 1248 383 1020 2746 365 1794 678 2219 2519 1370 625 1781 245 673 2680 2299 1598 1936 1505 1356 1969 679 1077 2137 2279 2091 587
2710 127 147 2460 1509 2104 273 1524 557 879 2363 1167 1863 687 1735 2524 1242 1295 991 1215 577 1807 1803 1355 1816 641 1530 1549 1078 2175 2607 2444 1811 1619 2189 1373 1366 2094 2633 1660 2298 2771 2385 1480 2801 2595 1925 888 2431 2648 1081 428 551 262 2138 741 160 667 1982 1862 1025 2833 1059 2576 583 2139 2092 2269 342 1069 2758 1497 2371 267 1341 299 1607 2468 1539 2776 2797 472 2184 1238 2662 385 814 2619 685 867 1291 226 588 1278 1629 798 1765 2403 961 2185
2454 2769 348 1369 1870 26 2649 480 925 2714 2538 179 550 663 518 463 1417 1489 197 1358 1710 1701 712 756 1861 366 2004 1665 421 720 746 2125 860 793 2840 1392 57 1859 689 1575 228 2155 2418 2375 1034 2330 1664 1930 260 2461 2327 2050 2123 1234 2130 1276 1724 2456 1765 570 588 1776 77 1422 1792 976 797 1580 2694 656 1030 704 2590 305 280 1758 1029 514 210 548 2332 1345 2174 2419 1617 1193 493 185 1375 2581 2650 1279 2628 48 64 1348 884 1609 1453 2229
1056 1944 2294 1055 2728 2207 2135 899 204 2741 137 1212 1606 116 2842 1134 1547 2511 725 1463 1067 2558 1935 2825 246 2766 2068 447 1825 97 79 686 1076 2580 2286 2665 2736 722 2813 2248 2057 1464 804 2291 1899 692 2041 1452 2435 1937 494 2382 165 574 2292 140 1777 329 948 1639 2319 1874 146 677 1126 1185 2393 2639 1223 2719 2438 2305 682 2683 647 2569 274 608 1592 2708 657 1868 864 1692 430 790 1275 52 2821 2611 1931 2598 442 33 238 28 2436 1918 1506 1924
1113 1757 2278 455 882 2025 1262 2194 721 655 941 2115 2261 1018 1124 2402 2053 430 225 1616 909 1472 653 1787 207 331 1647 580 1216 1972 31 2669 1961 1477 61 2232 391 192 1037 1882 1140 525 2316 1011 2806 1568 2396 1598 84 1612 2761 1435 654 1117 1141 782 408 108 2687 123 838 2406 625 245 113 758 2119 244 159 2503 1275 295 1505 788 753 383 1780 125 636 200 1924 504 356 471 2495 346 618 1648 335 281 216 2236 326 2191 92 2557 1781 1865 1293 296
291 1535 832 1631 540 1346 1561 1483 16 376 1801 44 1447 1593 2129 1469 2542 617 2277 2317 1672 465 1197 2235 792 1749 499 91 2437 63 2296 1513 1847 2409 576 1161 1743 1334 1228 983 739 1990 1019 2785 2024 1166 2700 2022 1773 1590 1914 1693 1597 761 898 1785 2143 695 2784 2016 426 2180 93 2249 895 1689 24 2054 824 1804 1333 2260 634 2323 1176 2149 2190 240 1928 182 1999 2430 47 1300 483 529 714 1265 1883 1836 1449 683 2638 1103 1838 2745 2794 2202 1719 2295
1325 1526 2516 2145 406 1779 1670 1385 1007 1511 1707 2095 870 365 1783 1442 1969 544 2377 811 112 1311 1992 2151 1966 1794 2730 338 1040 1068 821 1466 730 605 2290 2788 1079 673 1379 749 435 2746 1498 1131 1005 1527 410 1110 535 593 434 881 1243 2102 1968 2299 2364 2549 336 709 1894 2763 1424 800 1573 1455 773 186 2680 1581 2219 2560 1020 1516 94 2417 1309 717 610 1850 2697 2830 2519 2251 1634 678 2005 2243 1133 1871 288 937 253 1142 648 2613 2341 855 2006 538
455 1262 1568 2232 1506 1140 1124 2698 1273 1829 2053 1011 2531 1274 1024 1037 331 822 1612 2137 1216 2236 726 655 1967 2565 1635 1924 390 799 430 113 2765 314 2715 1475 344 2301 1755 2693 1050 1008 1715 268 999 391 2470 1875 858 295 1843 1275 805 2279 2806 2070 1141 452 1918 2142 1780 1730 2407 131 1187 2406 1929 383 1503 1317 484 1756 2059 61 2687 1395 216 927 2669 1789 49 464 1648 1706 252 53 654 1831 138 495 1168 525 1299 192 1662 1655 2285 2025 806 2429
1049 1521 955 839 932 698 1249 323 2032 2047 1189 370 56 2083 1910 1041 1272 1949 1754 13 1038 1337 2421 2520 2210 2578 640 680 377 933 121 2451 569 2428 1429 193 21 828 2629 289 199 2798 536 2539 988 866 2090 2017 220 31 580 159 1273 878 618 1132 1118 1143 1692 332 1668 1240 1275 1588 782 2687 2384 681 1053 1780 672 858 1472 1124 1829 2279 1598 2316 893 1018 1435 2795 33 2698 2640 340 1293 1216 643 679 1961 216 625 2602 1008 326 200 1941 252 571
2099 1532 2479 849 1896 2819 1708 458 313 1563 2557 152 330 2500 28 2674 505 1339 734 1741 2181 2191 238 847 671 354 2742 2365 532 2250 972 2028 523 1827 2119 2283 1704 120 1376 2370 81 175 587 1335 2689 2228 696 705 2177 1956 2716 2552 1680 2322 2193 2534 2681 2527 2592 2597 2052 1111 602 633 772 1332 1746 92 711 503 261 1297 1961 2144 740 2814 2237 109 1010 1543 1156 1873 1917 2773 2594 968 2764 33 2199 653 1011 1831 1021 1568 1262 125 872 1140 552 1974
1993 1663 2767 712 1422 947 1782 2836 1649 1045 1617 1444 1328 463 2050 550 1054 197 2837 169 1029 2241 2130 735 1381 1658 1679 1623 2631 440 1218 2707 645 155 1261 2628 1369 1489 1544 2011 1051 1840 2840 179 1552 1710 900 2649 2352 2439 860 445 1417 1701 51 194 1777 134 1185 1897 1486 2419 1362 1437 1416 1640 2580 1948 2708 925 260 1208 305 965 1870 2286 1452 140 26 657 59 1096 1899 1216 1092 1307 580 772 1868 1961 31 2397 326 430 319 1076 159 1127 559 1949
564 926 2495 230 2288 1818 1357 76 1091 39 2281 777 1996 1180 1786 1971 1257 1538 2699 2489 2224 1846 739 2247 2493 2324 2114 989 1106 1353 1559 1804 2000 1152 2239 1719 751 2073 1036 614 862 1087 946 2204 917 920 2296 462 318 792 1950 1476 1536 636 541 1318 1026 2033 1919 341 1093 782 1137 1293 902 1018 2443 1781 108 138 1900 1593 1297 455 525 2555 1568 654 1482 2465 2505 2398 1097 788 653 1883 1912 125 967 576 2311 1751 1523 55 2072 33 2794 1207 1048 2164
312 2832 2501 987 1624 2411 1934 1644 1102 2528 2044 1146 1656 635 1405 2817 2790 85 188 1407 611 943 221 556 817 1319 4 2082 547 2300 1386 2270 1926 2574 59 2389 2397 1545 626 1092 1737 1552 1752 2419 283 1468 1339 978 2606 1983 1173 1151 1202 1956 2265 1942 2214 1677 1190 271 1896 495 1484 606 1923 904 831 1208 2424 2762 1813 705 1486 1955 2325 2779 712 2105 788 2692 847 1313 463 2674 324 2534 977 1981 2789 347 238 152 1220 1274 2724 1437 671 2191 2670 2133
1588 1132 536 121 1431 36 193 2117 988 733 680 866 2090 569 1499 142 878 2078 1492 1268 2451 802 1886 1699 2384 2029 1236 332 1393 2743 1890 979 1430 500 1033 1053 1256 1038 2333 21 432 2668 1553 1441 429 2279 1543 1118 1274 367 162 1949 1829 1924 2822 92 2227 412 176 1885 1182 289 1010 402 1127 1124 649 235 1303 2407 2285 220 1065 2764 316 1395 1240 471 1275 552 359 1008 1435 571 822 995 1843 2687 1754 2091 1852 1648 2799 1562 478 2380 1823 2378 1109 331
2189 2548 687 2844 741 2063 2455 837 264 2797 1009 1159 1815 2484 403 352 2662 2269 2833 299 2403 2576 2092 2139 2776 428 1814 1982 891 2731 2412 1925 2255 1375 2371 2811 1122 667 1589 267 1619 1622 17 317 2175 1338 600 226 1571 888 1735 641 1238 573 879 2486 1291 160 577 1373 262 1660 1539 2385 846 1509 2771 1341 1607 2094 537 2710 2100 1295 2039 1549 127 2215 857 1862 1078 1059 147 557 1366 1242 2595 1551 1816 1480 2473 2266 1278 90 2206 2607 1792 1863 1069 642
2152 2502 1365 1371 2751 785 909 2141 1171 1866 1214 214 2567 2263 22 84 2109 621 183 1661 1525 2348 1953 1605 941 1139 1987 2841 106 1280 1927 150 1602 2623 171 1632 815 189 2726 1744 2060 1032 96 2572 957 744 481 959 43 2197 2678 894 2503 2386 2401 2612 2153 1596 2562 1084 419 1458 2591 2162 2554 167 2720 2160 244 454 1251 1726 2404 2188 20 1363 1364 509 2761 924 1336 971 2182 45 335 2216 2457 1199 398 1288 1315 1703 270 2115 592 1018 2230 856 1907 2498
65 1107 768 903 1908 284 1310 1512 1254 848 931 2388 1830 2601 2471 702 1114 835 990 1608 1340 502 297 2624 103 1767 1845 1720 684 2276 1235 1821 1323 578 126 1186 688 250 1975 1391 1413 2314 522 2667 1364 2425 2831 2160 2079 1286 1013 1032 1336 1251 1315 1458 506 481 1064 1907 2401 2687 2705 1277 1692 309 2698 333 935 2522 1273 2571 1275 2096 2611 1216 1831 968 936 1955 459 643 205 654 1844 45 1356 1655 565 2505 2465 856 2056 2316 2612 464 2386 786 1662 1465
2093 607 631 2049 1518 1879 1017 1290 2282 530 1909 921 2064 2596 2796 2392 984 446 1058 1301 1604 2140 662 394 1567 1613 451 1237 1981 1906 2357 1002 1978 1396 1105 1119 355 1384 813 243 908 2085 942 1676 1742 2543 1331 1621 2458 2257 1673 1614 337 1370 1554 487 1705 966 2696 235 1681 561 2017 159 2698 2660 2316 1275 430 200 523 326 175 89 2773 31 367 1293 1829 580 655 2782 2715 1755 2716 1273 1039 1746 52 2600 587 331 261 542 162 1787 2569 478 33 682
1980 2685 2702 2315 767 277 369 1460 211 2496 2532 1989 1443 1938 2686 889 1833 1747 269 191 2302 1165 2818 2510 2 1548 951 770 2663 1557 315 431 70 2015 1759 1252 1834 2757 601 2478 1831 2622 2634 927 125 1842 1655 758 18 788 1972 2025 654 2244 389 1730 464 1912 1706 225 1390 1787 1568 268 1465 1929 1125 840 2232 721 1143 33 1275 2061 2407 504 1011 131 2777 1822 786 61 2142 207 1320 2402 1356 525 655 999 2311 1753 1789 2406 1923 430 2687 290 580 1472
2512 222 1504 2218 1305 1436 2362 1052 2450 2342 1736 1911 755 1638 1806 2355 2691 850 2750 2201 935 2432 1098 1933 1321 1790 897 2645 1709 2156 836 2071 2096 796 144 2420 320 2687 595 2587 1692 1273 412 580 1822 1275 653 1293 561 2017 711 1097 1479 1216 1680 159 1143 721 326 33 2698 1021 643 331 2316 1141 290 430 1124 216 1972 1704 1472 2407 602 52 1506 1682 1715 2469 1008 2693 1118 1648 31 207 61 1941 2322 633 1018 461 1755 1395 2773 1510 2402 782 1662 471
816 2829 2122 1085 177 2679 1903 1163 477 1145 1688 2274 1808 1155 72 1404 1100 453 2163 1628 401 2009 2722 208 2587 595 172 1510 1976 2055 460 2636 461 2452 73 380 1233 399 2655 141 760 437 2577 1872 1415 1023 1717 1599 981 823 2074 2469 1089 99 1047 731 694 2098 1241 2747 2126 174 612 2775 1784 164 156 144 1160 2691 721 1479 805 1018 1911 2355 2557 225 2362 1026 268 799 726 1972 2552 2398 696 2402 525 33 2594 758 430 1682 2119 1395 1706 1755 534 53
849 2479 1532 1708 2819 2099 2191 458 2557 1563 2500 152 2365 313 505 2181 28 81 2370 2689 1339 330 2119 1896 1741 2674 734 238 847 523 1827 2283 587 2716 705 175 671 120 972 2250 2552 2742 354 1376 1704 532 2534 1335 2228 2028 696 2177 1680 2193 2322 1956 2681 2527 2597 92 2052 2592 1111 772 602 1332 2144 633 1746 109 711 2814 261 1297 740 503 1010 1543 1873 2237 125 2715 1037 1262 2142 2407 268 1011 1932 1281 2806 1568 2301 1813 2025 927 999 1787 2244 495
2301 2765 2407 1008 655 430 1730 758 1220 1011 478 331 467 1378 753 2398 1039 1022 2634 1568 108 389 2505 2465 504 628 363 840 346 1024 89 452 936 2806 2821 1275 2142 1918 2467 295 1048 402 2687 1929 2236 1475 1503 2531 241 268 1124 1140 726 999 1303 1273 344 2690 1662 484 2698 471 2715 2053 2611 2059 1829 1037 314 1967 131 53 1648 786 1635 390 1438 1715 1875 1843 2285 2244 391 1026 1692 1050 2429 1789 927 780 455 464 1216 412 1831 1706 1465 806 1612 1481
989 101 1900 215 2381 251 436 364 341 2040 737 1106 2504 1559 1898 1427 803 374 2546 1389 1115 545 2114 766 2238 328 2644 1230 572 2000 1451 395 407 1093 1353 1361 2242 2066 1883 1394 1683 2784 529 962 1300 1798 2787 304 789 2178 2540 1213 2113 2579 2759 1786 240 1175 1951 2323 589 1306 658 727 483 485 646 2277 1257 1334 581 2054 1971 2072 614 1087 1818 898 1558 1207 1137 1357 926 1801 2288 714 39 564 1180 293 1091 76 1928 2495 525 252 1166 782 1018 2311
1056 1944 2294 2135 2741 1212 1606 899 204 137 1055 2728 116 2207 2842 2511 1463 1547 1134 97 2068 1935 1067 246 2580 2665 722 2435 686 725 2041 494 1899 2558 1452 2057 79 2766 657 140 2291 1777 574 2813 2248 1868 1076 447 2708 1185 677 2286 1464 1473 1986 2825 2319 1937 1874 692 2382 1639 2736 2305 165 274 1825 864 790 1335 2809 146 12 1275 1223 1124 1831 1771 238 430 671 1655 682 2322 2625 1892 2393 1956 1037 2292 1126 125 1706 2228 1708 503 33 1929 2407 1026
118 1583 2792 1791 567 2065 998 2252 1211 1179 1977 2682 2491 1651 2328 1579 808 919 982 9 227 1354 952 1769 515 916 887 841 517 114 930 2310 928 639 1657 1063 2778 2729 2379 1851 7 2042 923 1970 1770 2304 2711 945 1531 1578 778 311 1854 382 1210 748 875 2349 2097 1367 2618 1566 1920 819 2559 1239 2647 975 1271 1368 2488 2793 763 528 1470 1667 579 2416 151 1154 2225 1585 2459 25 492 2723 1528 2575 2715 2658 1706 2636 464 782 1209 1262 2009 1755 1568 1011
2548 2662 857 2039 687 1551 1350 1776 421 2672 1043 2590 1457 1887 1375 2356 228 263 801 1229 656 2123 720 1575 2332 704 885 706 1877 2739 1724 976 2659 1191 1664 1358 1196 267 746 1238 2321 1925 1619 1542 1792 1291 2189 2844 1982 879 837 2206 548 667 1930 77 133 2456 2727 2139 891 551 2198 1660 2371 570 1520 158 2399 1034 1234 1861 814 1193 1366 2833 2460 557 1086 342 2092 641 797 2581 1816 1522 57 1580 160 2576 2327 280 2363 798 2633 1480 1373 2403 2186 577
1009 1814 2063 837 264 2455 1815 1159 2844 2484 403 2797 2092 741 2731 2833 1122 2189 2139 1589 2269 299 352 2371 2215 2403 1982 1925 1735 2576 428 2776 1619 667 1539 17 1549 1622 879 969 641 2771 1373 2412 2399 2486 2633 2385 1629 1520 1366 262 2100 2175 1816 2834 1480 1863 234 1660 2727 2607 1571 888 2158 1 2431 267 913 600 226 1684 1572 2185 867 1862 2255 814 1025 2298 1295 1238 846 1060 1349 573 2811 1129 2460 1291 1338 551 2226 557 991 577 317 2616 385 1807
820 1603 1153 1541 1761 650 750 334 829 2171 372 2666 411 2043 2816 2387 475 1916 2346 2810 1723 1891 807 1227 1387 669 661 1697 759 2841 1865 922 2261 1570 1188 2168 2167 2194 1044 476 468 1456 1763 1524 2468 285 448 2240 123 1260 145 619 902 469 2033 321 1014 2804 32 2706 1809 1950 371 2268 2020 917 2651 87 2617 590 1905 1192 541 464 1943 993 2563 1221 2643 2407 822 86 751 216 379 758 927 882 2634 1706 268 546 1626 2308 2311 1195 525 2352 344 521
2178 304 2113 1213 2066 727 658 589 1389 1175 1951 1306 2546 485 1115 1394 545 1361 1334 1798 962 2323 395 2787 1106 529 1559 1230 1451 572 2644 1353 2000 2277 737 1683 2054 1883 2022 2540 989 2072 341 251 2579 2249 803 646 101 436 1801 898 215 1558 374 614 2784 1898 1300 364 1900 714 2759 2040 240 2114 252 679 1027 1427 525 625 2504 1248 2311 822 113 1435 782 2779 1505 1141 1018 1333 239 1881 225 2285 1356 278 1711 1598 290 2762 2137 1137 2173 131 2531 1026
1532 2099 2479 849 28 330 1708 1563 1896 2819 238 458 2557 313 532 152 2028 505 2500 671 354 2742 2250 1339 2674 2191 734 1741 2181 1704 2365 847 1335 972 1376 2119 696 81 1956 1827 2283 523 2228 2370 120 1680 587 2689 2322 2193 705 2177 175 2716 2552 2681 2534 2592 2052 1111 602 633 1332 772 2527 2597 503 711 92 1746 1961 1297 740 261 2144 2814 2237 1543 1010 1873 653 109 33 1262 1011 2062 580 1917 2764 1831 533 968 159 1472 1568 2812 1140 1655 455 2232
2551 2018 2284 2146 247 764 2008 2582 719 1204 1289 153 206 1403 539 2487 723 343 1772 450 2485 303 190 1751 1359 276 1493 1577 1997 862 2585 1121 1157 914 2603 1534 604 516 1633 869 212 1128 2729 58 1915 2453 2209 1351 2718 585 2824 1245 1247 2379 871 1787 196 812 849 930 1769 1600 1924 490 413 2067 479 152 1780 2405 35 549 2690 2003 1708 615 952 207 200 2479 618 2716 1835 1532 2742 2396 1282 128 2256 1781 408 464 2610 2698 653 1831 758 786 1941 455
304 2178 2066 2113 1213 1394 545 658 727 2546 589 1115 1389 1175 1353 1951 1306 485 529 1883 2784 395 2277 1106 2787 1361 1559 240 1334 2644 1300 962 1798 483 1230 2323 572 1451 1801 2579 989 341 2000 251 789 374 1683 737 2054 2381 2249 1044 2040 101 1898 1900 2114 2759 2540 215 803 436 2022 364 1593 646 2504 1427 1093 328 1786 581 766 252 2238 822 679 39 2288 625 1971 430 2311 525 2137 1818 1248 1435 824 782 239 113 407 1274 1558 1598 412 63 926 2632
123 1757 882 1255 986 2150 372 344 965 2767 1218 326 455 655 1387 932 1775 331 1956 1262 1127 1261 838 2378 61 207 1216 209 471 296 245 1780 2298 1010 1924 2025 109 2710 1141 1472 1124 356 1438 1274 391 31 2403 92 2212 1939 1327 2387 525 2053 1787 1648 383 225 623 414 155 49 1187 580 1961 139 216 430 278 1897 1140 1282 624 654 2316 408 2232 1708 1275 2822 2396 2742 2470 2669 363 1649 33 1356 1506 1206 1505 2343 934 533 2628 2765 27 665 721 354
2819 849 458 1708 152 313 2557 2479 2500 2191 1532 2099 1339 1563 505 734 1741 2365 2181 2674 1896 847 2283 1827 28 2370 2119 523 81 175 2689 330 587 972 238 2716 120 671 2552 2250 1704 705 2228 2742 354 1376 2534 532 1335 2177 2028 696 1956 1680 2193 2322 2681 2527 2597 772 92 1746 2052 1297 2592 1111 602 109 2144 633 711 1332 503 261 2814 125 449 2594 1787 33 1010 2025 61 653 1912 2244 207 1156 1011 552 2794 1465 2396 2199 838 1037 1543 2669 1831 2806
44 1447 1469 16 1483 376 2317 1057 1672 761 2437 2785 1631 1914 1749 1449 1836 291 2249 2700 1990 1425 88 2745 1178 1476 1620 2202 1732 603 1450 2275 1224 1856 830 1073 1678 2523 576 834 95 1713 2422 2111 1147 34 2518 1116 2190 1714 47 596 832 339 2129 1120 863 1277 2555 2441 683 2547 2136 132 2058 824 1838 2180 983 1727 1646 269 83 2258 1176 1044 845 1535 1593 1032 1244 2194 350 2239 465 393 894 1286 2261 1517 1133 1523 230 2073 1304 60 679 2096 654 1435
849 2479 1532 1708 2819 2099 2191 2557 458 1563 313 152 2500 505 2365 28 2181 330 1896 81 1339 2370 2689 734 2674 2119 1741 238 847 523 2283 1827 587 354 671 2250 120 2742 2716 175 2552 972 705 1376 1704 532 2534 1335 2177 2028 2228 696 2681 1680 2193 2322 1956 2527 2597 2052 92 2592 1746 772 1111 2144 602 1332 633 261 109 2814 1543 711 1010 1297 1873 740 503 33 1917 2764 1156 771 53 2237 2059 290 2199 999 1662 61 1011 2715 495 1961 484 2429 2794 2244
1334 485 1175 1306 1951 727 589 658 2323 962 1361 1798 1213 2113 2178 2066 304 572 2787 1389 1230 2546 1115 1451 714 1394 395 426 1559 2540 1558 1597 646 898 634 1106 529 2072 2644 24 1928 1207 2054 2143 2409 545 1166 2000 2430 93 2024 895 614 2277 1137 1427 1590 1683 1689 853 1197 1087 1561 2759 803 374 293 251 737 1801 2022 1333 581 2579 2656 2040 436 1149 215 101 364 1900 2149 2320 2533 1353 2242 2114 1257 2638 1397 822 420 739 2673 1786 789 2381 148 286
1781 2794 2091 2164 239 2669 49 245 61 383 1787 192 2025 139 654 408 1282 2173 838 2280 207 209 2070 2396 1780 356 296 449 525 1505 225 1141 1127 2311 625 252 679 1356 1435 1248 216 653 1598 2470 113 1299 1168 1555 2137 822 1274 27 1506 2232 1924 858 2279 752 696 455 344 1037 2565 1140 1124 2053 1216 2806 295 2531 2236 1475 1612 268 1262 1662 1011 1635 33 1568 1918 1967 1875 495 2142 402 786 391 1941 346 331 936 1275 131 1503 138 2693 1024 806 363
2090 988 569 121 193 571 2210 13 323 1272 640 56 370 536 1189 2032 2520 332 1793 340 2047 1754 2568 1065 2421 2083 1038 2415 1949 680 2671 1910 1337 901 427 729 2578 2640 2839 2795 1041 2798 2217 1268 955 828 2570 1132 2335 1275 1240 698 1764 1929 2236 1475 1588 1118 2108 1952 2808 1266 1521 159 865 1924 1831 2513 580 2053 743 2698 1787 1293 1216 1789 2687 2611 1273 1329 2279 1037 1124 1829 2668 2539 1822 36 927 1429 1635 412 1049 653 391 220 561 505 2396 2025
1113 647 2683 1477 2639 225 1874 455 1334 1223 2115 244 2194 482 1262 1612 494 574 329 2062 423 1616 2436 2141 2057 1018 2291 1757 2025 1962 1183 941 1166 653 2669 1011 1787 2598 146 1472 721 261 580 1780 92 2054 2119 2396 2823 838 1647 138 1568 2690 125 2409 2292 281 2806 525 2569 61 2402 782 31 192 408 1299 2761 2232 1168 1592 2687 1918 2467 1532 1501 1376 278 2498 853 2359 356 2809 458 1598 49 2191 944 207 2053 670 858 398 252 418 692 1692 2720 587
2045 1584 2023 2755 747 258 770 1320 848 31 1780 654 326 580 2144 903 2569 159 1356 2316 653 478 2715 225 446 455 2698 68 523 1293 1592 1692 1491 503 1319 1117 331 2669 61 643 1829 418 1140 1216 207 1141 464 2017 33 768 682 2686 618 1262 1730 990 1503 1097 611 2055 702 2343 1781 2693 2402 1706 1472 1918 430 1831 2311 522 1275 936 1787 786 1896 52 655 2191 1976 290 89 1248 684 200 113 721 2438 1438 1612 1443 771 2742 1822 1435 1376 2119 577 1961
1334 485 2323 1175 1306 1951 589 727 658 962 1798 1361 1597 426 1558 714 634 572 1928 2787 2409 898 24 1166 2143 853 93 1213 895 1207 1230 2072 1590 2024 2430 1689 304 1197 2178 1394 2113 1561 1559 1451 614 1137 2066 529 1389 1106 2644 646 395 2000 2277 2540 1087 2054 2546 1683 1869 1115 676 1075 1346 2759 581 1594 1195 378 1801 863 2224 2242 1206 545 1397 2656 2701 796 2149 1646 339 737 2245 1805 803 145 2483 775 1113 2324 1450 420 2329 960 1620 1541 2387 750
1742 243 1554 1396 1105 1370 813 2458 966 355 1495 2257 2696 1705 337 1384 2600 487 1681 1331 1614 2660 942 1673 2085 2543 1301 607 1002 2049 1237 530 908 1604 446 1567 1017 1981 1058 1978 2140 451 320 1676 1893 2782 2259 2093 2796 54 360 710 984 660 542 50 2369 1739 1031 1000 2664 1290 1853 1119 631 2282 1695 1287 144 1518 1565 671 734 2803 175 711 791 1275 313 847 1339 1929 523 412 561 1741 28 2228 633 505 2064 587 1335 1896 975 968 295 2597 1297 1655
2152 2502 1365 2751 1371 785 1866 214 2141 1171 909 2567 1214 1605 22 2263 2348 621 84 1953 2109 941 1139 183 1661 1602 2841 1987 1525 2726 106 2060 150 189 815 1280 171 1032 481 2503 959 1927 2162 1458 2623 454 96 1632 2401 43 1744 2612 1217 2160 2591 1907 1084 244 2554 744 894 419 270 2079 1283 2188 506 398 2386 1596 2115 2562 957 1822 2498 1143 2030 924 20 335 2677 1144 167 1364 2230 1251 2062 1118 2153 1288 856 159 580 1703 949 2197 300 2678 592 1315
320 1682 2420 1479 2318 144 1387 1200 1911 2362 2691 2512 2642 2537 1305 2355 1676 99 2452 1052 599 2218 222 2446 1504 629 1436 850 1621 666 897 1718 852 1638 1736 796 755 1806 1098 2342 1047 2747 2156 2262 2450 2098 1933 2750 1321 2432 612 1790 984 2201 2028 908 453 2655 935 1119 208 1709 401 2071 1956 836 2232 671 822 2134 2137 532 731 595 2163 1784 157 525 1717 1628 2469 2645 73 1023 1568 1262 28 488 1002 1485 383 838 2587 2055 2096 216 2099 455 33 694
569 2568 2415 2090 427 2217 340 988 743 193 571 1793 370 323 121 1189 332 901 1256 56 2047 2032 2380 1553 2267 1430 2423 1236 1886 2421 1065 2671 1754 2520 2735 1272 1699 1521 1038 13 2629 2539 2221 955 2210 2668 729 1949 1070 828 2798 2108 1041 839 1429 653 680 1337 1787 2031 640 2578 1477 580 2693 192 2120 654 2280 964 1435 838 1781 2335 1780 698 408 2199 1827 2594 176 536 296 27 1050 1746 2053 2173 1635 1356 1317 1187 2025 261 1282 31 159 245 1248 2505
20 167 2030 2726 454 2162 1744 2573 2222 38 1995 1697 2268 2791 1661 1284 2109 1456 411 1865 22 1214 2751 122 1188 922 1205 1171 2303 459 1570 1082 37 744 1763 2567 2167 1308 117 2313 1858 448 2118 23 1884 2706 1659 592 275 586 443 980 468 298 1260 1084 1199 2216 1610 2197 546 285 2153 2623 327 1090 732 2643 1556 1797 42 2128 189 1702 2476 181 1198 2425 759 2784 1749 1015 1883 2058 419 2263 115 1525 2261 96 924 1221 1227 2794 834 2468 2555 2554 1286 2806
1001 2121 1810 67 2509 2583 1012 2350 249 627 1406 1075 202 1944 1055 899 725 2728 2291 2294 2057 2207 494 574 2825 1212 137 2736 165 2766 1594 2558 1874 404 1869 1195 1825 2435 1609 2248 677 2813 1606 2719 686 2741 2329 2135 1805 378 204 447 1899 1590 692 1223 775 830 1056 2382 1689 359 2701 2842 2748 2068 1937 24 1126 1441 1463 116 1935 93 1897 2292 1547 1169 338 895 2240 1943 2683 442 634 2319 2665 1557 1611 1517 321 2780 471 1787 682 937 97 246 2020 1794
196 353 776 98 2474 2067 585 1643 2081 1625 1819 2353 1864 910 1963 2103 869 701 2462 1042 2361 2256 643 2611 561 2687 1220 2334 1275 1692 412 620 1662 2429 1273 732 1097 2690 655 2698 175 389 1438 1378 1702 2467 69 1293 753 1730 471 653 2244 418 2346 1465 1048 809 505 758 1481 1941 534 108 2764 936 290 391 1021 138 2643 2716 402 1026 225 2017 1755 1977 1140 159 2398 786 1472 628 999 840 2491 2059 484 2505 2465 580 1831 780 607 331 495 1612 2715 2632
979 2227 2786 2668 2108 1393 2743 340 1562 176 2333 1033 1686 432 2029 1890 332 1065 1418 554 417 1268 886 597 868 1888 555 289 62 802 429 1492 1256 142 2384 1398 571 361 199 21 1431 2078 2451 1053 302 78 893 292 2423 681 36 2117 878 1699 1588 1430 1132 866 1886 988 680 733 121 536 2640 27 193 2090 1118 2808 1266 654 743 2406 1952 323 569 2070 1553 2839 865 31 1356 1441 1829 1885 383 1774 1648 1236 351 1038 580 1275 192 1124 729 1187 2822 1037
2769 2454 348 480 1870 1369 925 2649 26 2714 2538 550 179 663 2840 421 518 463 1859 1710 2125 2155 1358 1276 1417 1489 2375 756 1861 1392 2418 1345 704 77 197 1193 793 2581 2461 2020 514 57 2123 1590 404 689 1792 884 2004 210 1665 1575 1092 720 2694 445 570 1453 2574 712 1034 693 1434 2419 93 746 2327 280 1701 1292 2130 1580 2397 2206 1930 1609 1029 1901 1758 2752 895 1348 1172 1576 433 228 645 1298 2011 934 1377 1234 2659 588 563 1486 1690 1375 1795 2638
403 1159 1815 2063 2455 1009 264 837 2484 2189 1814 17 352 2844 2797 2255 2486 1622 2811 299 2092 2412 846 741 573 2833 2139 2100 600 1122 2269 2731 1571 2215 1338 2403 317 1060 2776 428 2576 642 2371 1982 1589 2399 307 1520 537 2138 685 1925 1025 1 1862 2727 2213 1349 1101 667 1619 577 127 1539 1735 1803 2338 879 267 262 1618 234 226 888 891 961 147 2431 2710 2385 349 1291 2094 160 1816 1572 641 1238 472 551 2648 2266 1509 1530 1366 1540 913 1629 1549 1341
1724 1575 746 2327 1792 1930 1664 2174 2418 1234 1358 1034 57 1580 210 1861 1392 570 280 704 2229 2461 2125 793 1375 294 2004 2456 548 421 1276 1859 2186 2330 756 689 2374 1665 1758 1072 493 133 857 976 2039 1887 1551 228 2590 2356 1350 801 263 1043 2672 1196 2332 1457 656 2659 885 1229 1877 1776 2739 2838 77 2662 706 1191 2694 1542 2321 720 1279 1947 422 2123 158 242 366 797 438 1377 170 82 2155 1193 798 349 2206 1522 2581 1765 1030 287 884 1086 880 470
2363 2185 1129 2298 795 2460 1440 2584 143 557 1411 879 1863 1684 2710 2801 2517 1215 1619 1925 1694 2175 641 1735 1373 1295 2771 1807 2529 718 991 386 2619 1524 262 1242 2468 127 888 1982 2385 667 1549 697 267 2139 1509 1291 1816 1238 2833 1480 1939 1660 685 1366 787 30 1445 2431 2371 687 2633 2616 2576 2607 428 810 299 2749 2844 2271 2776 273 741 551 958 71 2481 2092 1530 226 2189 1814 2104 1270 1025 1059 2444 2269 665 1811 1803 1078 385 342 1167 2403 147 1355
1385 1007 1779 2145 406 1707 1526 1992 742 2763 1511 1442 2102 1645 2516 519 773 1325 1894 1969 1800 1138 1871 1731 2613 257 288 535 1527 186 2377 709 811 2219 1068 365 410 821 1466 1040 1783 605 2609 338 730 1079 2843 870 435 1311 544 1670 336 1455 2830 2341 253 1498 112 2095 434 1309 1516 1581 2560 2680 1020 749 1424 248 881 1966 2730 1110 2290 678 1379 610 2549 94 1968 2788 1850 1131 648 855 2151 1794 416 1573 392 800 2417 774 937 673 2492 1419 2746 717
540 1346 1535 617 783 2542 1161 949 1561 1513 2441 1856 1019 2242 407 2827 2129 1847 832 1093 310 63 1773 2639 450 291 462 1914 2785 1091 2737 1343 689 766 2202 647 2745 1004 1785 2111 1772 940 303 2238 1693 1795 1996 2585 2683 2017 983 1359 146 1692 2190 207 539 346 290 1780 1631 61 782 1141 849 1103 52 1918 1506 1018 786 418 2821 777 363 455 1026 618 2374 192 1472 1021 1749 1874 225 1481 280 723 905 2669 1787 872 2690 471 198 1438 2025 1941 574 33
70 1753 1125 2777 2772 2077 2478 2561 2510 431 2161 1759 1035 1839 315 2757 1252 2015 1557 2622 1165 1390 1834 2302 18 951 1842 601 191 2818 2 2663 767 277 1235 2686 2685 284 688 1938 1980 1908 2471 2315 430 1747 495 1391 1186 297 2398 485 753 2759 125 578 426 1989 2311 1248 2314 502 1323 990 103 999 2276 525 1929 89 2228 2301 108 2765 768 412 1923 758 1916 24 2407 927 696 2402 461 962 268 33 467 553 1026 1220 1976 1941 625 1356 1018 1008 478 1114
1584 2045 2023 2755 747 258 1029 1319 611 2735 1386 1701 463 1604 446 860 31 547 1981 556 235 2770 1774 2140 2343 1237 715 1362 1435 162 188 1829 2715 1746 1356 503 1307 1897 1461 1118 1248 367 113 100 711 1240 430 451 906 27 220 580 2076 2316 712 968 186 1780 1598 326 1852 274 2406 772 507 331 654 1692 1617 1187 1301 1039 523 655 1396 1018 670 255 643 1273 633 1216 1164 159 1185 2311 1505 1472 1017 478 2721 200 1567 2279 2137 1274 840 1182 2199 1143
757 1533 1728 1231 2533 2320 29 754 1149 213 2756 286 2172 2673 293 2021 558 135 2413 2408 80 2249 2024 2295 761 1296 1312 1383 119 184 2143 520 24 2430 1945 1719 853 1766 2464 783 634 2404 2354 252 2725 1984 1220 2638 218 430 2398 424 391 473 412 426 753 752 1269 274 1275 967 1435 2057 2291 19 113 608 494 625 2311 1692 1248 526 1472 1018 2279 2429 534 146 574 216 782 1892 2806 864 1780 1477 1465 679 2589 1918 1941 1182 200 2557 471 1216 1335 994
245 2280 838 139 209 2173 383 2224 1780 49 654 653 1127 1282 408 27 1787 356 192 2669 1555 296 207 2396 1505 1781 525 61 449 2025 225 2794 2091 239 2070 2164 1274 2470 679 625 1141 113 2311 822 1248 216 1435 2137 1187 1356 1299 1168 1598 252 2232 2809 2693 2406 858 1648 696 1924 1050 1477 1967 2279 1635 390 1715 1506 2053 799 1011 314 1037 1140 1124 344 2683 31 1156 552 1216 120 2594 1829 331 2557 430 1774 1639 2598 92 455 1755 494 877 354 633 853
2524 1242 1349 2104 273 969 1572 1167 913 234 991 1520 2226 685 127 1807 1295 1 2175 641 1618 352 2399 2771 1373 2385 1215 2727 961 1863 1509 1539 1735 1025 697 1540 537 888 262 2710 1803 307 2298 2834 1862 1355 1619 879 1524 2431 1811 2635 2340 1652 147 667 1925 741 41 2215 2138 428 2403 267 557 2460 551 1549 2139 2158 1238 1264 1291 687 2231 2833 1982 2363 2517 2801 2797 2092 2776 2633 2619 1615 223 1814 2473 2213 1101 2844 1660 1530 2371 912 2444 2595 1684 2576
1865 1188 411 1284 1456 122 922 1697 468 1858 2268 2313 1227 229 2261 37 2194 1570 476 448 669 2118 1884 980 1610 1763 1260 298 829 973 661 2167 2627 1015 1285 1560 285 459 1082 1153 759 1221 807 2643 6 586 546 1090 1761 1308 2425 2168 443 1891 1702 620 732 2706 1723 396 1797 2816 475 181 582 650 2476 1916 2666 2043 2468 2346 2171 820 1006 454 1603 2810 1199 1286 1083 20 1844 1387 167 334 1537 750 1541 372 2216 1882 2030 956 42 1139 653 281 580 2278
1083 546 582 1702 6 2643 732 181 620 1221 1797 285 759 1260 468 2476 2807 807 1697 1318 636 1139 1882 2425 1891 411 1858 2278 1570 1188 1536 2313 936 1692 2171 2816 42 758 402 643 922 471 1018 363 389 2261 1438 1723 1048 1380 661 2505 2465 2194 2043 1662 2167 782 346 418 1481 1865 2611 1472 462 2467 2821 2690 786 2061 669 2429 2398 2810 753 108 628 840 1918 464 448 2632 1647 1378 721 391 1395 138 52 1612 1216 478 1220 475 2268 2346 476 1568 2402 2634
2210 2520 640 13 1272 2671 1754 1949 1038 2421 2578 1041 1910 377 828 1337 2798 2083 2539 1429 2629 2428 729 2640 698 964 56 323 2828 672 1070 2335 2221 2047 933 2038 1668 2120 1266 2032 2602 1952 1399 2031 2808 1764 2570 1189 1374 2795 370 1521 1049 955 1249 2053 1124 1187 1118 358 455 1216 1329 1127 2236 27 1275 1472 2343 1274 1037 1143 2839 1018 1924 1262 2279 1240 838 1822 344 2396 1568 295 782 2513 2406 356 1140 2025 979 209 220 207 1616 580 113 2280 865 216
1781 2669 61 2794 2091 192 2164 1787 2025 245 49 207 383 239 408 139 1282 2396 2173 838 2280 209 356 296 654 1780 225 2070 1127 449 525 1141 1505 653 625 2311 252 679 2470 1356 1435 216 1248 1555 1598 113 1274 1299 1168 2137 822 27 1506 2232 1924 858 2279 696 455 2565 752 344 1037 1477 1124 2053 2806 1140 1216 295 2236 1475 1011 2531 1612 1635 1967 1568 268 1262 495 33 1662 2693 1875 1275 402 786 131 346 331 390 52 2142 806 1918 363 1941 1024 1503
1879 2093 394 1518 631 1017 1290 607 1906 2392 2357 2282 1909 2049 2596 984 2064 921 2796 662 530 1058 2140 1613 1002 1301 1567 451 1604 446 1237 1981 1119 1978 1621 908 1676 2085 1396 355 1105 2262 2543 813 942 124 700 852 1331 243 2452 1554 337 1614 918 897 1673 996 2530 1384 708 2257 345 1145 1491 2446 89 1216 1275 478 561 430 52 2460 840 1039 1435 144 2696 2692 1370 786 1220 1248 389 2244 412 1438 344 471 235 1587 53 753 1140 2311 131 331 241 2675
1993 1663 1422 712 2767 947 1444 1782 2836 1328 1649 1045 1617 1054 2837 2050 1623 550 2707 1679 169 1381 2241 2130 735 1658 1029 463 2631 645 440 445 1552 155 2011 2840 179 197 1544 51 1261 1218 900 1840 2439 134 2628 1486 1640 1489 1437 319 1710 1948 1369 259 305 1208 260 1416 1307 2419 1096 562 1051 1897 674 1362 563 2352 559 1983 1123 1860 2133 1253 2076 2397 978 1569 1092 2649 2544 965 715 1701 2046 860 1777 906 992 2826 2088 1417 2714 497 1796 1878 1586 1468
244 2115 1696 1616 609 1766 1477 396 2404 1987 2464 815 2627 941 84 2725 957 481 5 2457 509 744 1602 2194 1515 1865 1889 2261 844 476 1227 661 2109 669 2448 1858 454 1139 1802 1744 214 1188 1953 2162 2313 1761 1171 2726 411 829 2141 2751 2128 2168 2348 1214 1153 22 909 1556 2567 2425 1866 2152 1880 1284 592 468 167 1260 922 1560 6 1637 20 1283 448 2677 807 621 2502 2841 1286 1108 1844 1084 1456 620 183 122 270 229 1610 506 1702 171 1032 1754 2438 2468
1870 26 2454 2649 348 2769 1369 925 480 2714 2538 1788 1417 1701 1489 1710 860 2289 433 197 550 179 2650 663 1895 2375 769 463 518 2482 173 161 712 2050 2840 970 1029 1422 1172 259 260 2130 2817 1453 2397 1840 1901 2358 440 2035 524 1092 100 1656 659 489 305 2200 1752 2724 978 2544 1496 1796 547 231 715 2826 1627 2155 611 48 1437 2419 1386 735 2082 1428 556 59 2556 689 2652 1617 415 188 559 606 2800 817 1640 1486 168 1035 2344 1782 1051 793 1392 2574
312 2832 1146 987 1624 2501 1102 1407 1934 635 2300 1644 1405 2411 1752 2790 2528 85 2044 221 1656 4 2817 547 611 556 817 2082 943 188 1319 2270 59 1926 1545 1386 626 1092 2389 2574 2397 2419 1737 1202 1799 518 978 440 1422 2836 550 1840 2367 1782 950 977 2606 1190 1468 712 2148 2424 1486 735 663 2840 1617 283 259 2652 1552 2312 463 1983 826 1172 2837 524 559 2826 904 1636 970 1649 2767 1208 480 2069 1369 2133 925 947 2556 169 2200 1484 1437 1148 1151 2105
1865 829 669 2261 476 661 1227 2194 2168 1153 1761 411 229 1560 448 2313 1288 1703 1044 2216 1858 1363 468 1188 1456 1387 2468 2425 922 2507 1763 1284 820 2167 2268 1697 1260 122 2823 459 1541 2627 750 1286 2118 1610 2387 1015 959 1884 37 1090 980 759 334 1844 1308 2706 2831 1082 506 83 42 637 882 1904 285 1216 295 1919 653 2705 123 1474 1638 1275 344 396 2197 2096 1435 2311 580 1570 1475 997 807 986 298 2806 239 935 1248 2137 2611 2164 2053 2236 1240 685
1993 1663 1422 2767 712 947 1444 1328 1782 1649 2836 1045 1617 1054 2837 2050 2707 1623 1679 169 550 1381 2130 2241 735 1658 1029 463 645 2631 2011 445 440 2840 179 1552 1544 155 197 1261 1218 51 2439 900 1840 2628 134 1640 1486 1489 1710 1208 319 1437 259 305 1948 260 562 1051 1307 1416 1369 2352 674 1897 563 2419 1123 1096 2133 1362 1860 2076 1253 2046 992 1983 1569 559 906 965 2544 497 1586 1701 860 715 2287 2088 2397 2714 1878 2515 2424 1092 1417 2482 2721 2650
2516 1526 1511 1969 1325 2145 1779 406 1442 2843 1707 257 1385 1007 1992 2102 730 1871 288 1138 1731 1466 338 1670 773 2613 1800 336 1068 1783 1645 1131 519 2377 544 1794 2730 2763 2151 1379 365 1527 2290 112 749 1079 1005 2788 1498 811 1455 1243 410 186 1311 2746 2549 434 2609 870 2219 709 2364 535 2341 2299 1966 673 435 253 821 1110 937 1040 1968 593 1516 678 2560 2830 742 1894 1424 1020 1581 800 2417 2005 1913 2680 855 2006 881 605 1174 1309 774 2243 1850 1634
1732 1073 1678 2275 2518 1120 830 1450 1620 1147 603 863 1646 2136 393 1244 751 339 269 2437 1178 676 1836 1601 1914 845 2785 34 2422 2523 1714 2073 1672 2700 1990 2383 1116 1224 2754 2239 1713 2244 1662 471 1749 786 2429 389 1481 1465 33 363 216 643 1275 331 402 52 780 2311 1438 207 534 359 1941 1523 2036 758 430 1476 44 1293 2687 1216 344 1195 625 840 2407 1924 89 1097 371 1124 346 108 53 2634 2745 1220 649 1248 484 88 2059 1435 2005 290 999 1692
70 1125 1753 2777 2772 2478 2077 2561 431 2510 2161 1759 1839 1035 2757 315 1557 2622 1390 1165 1252 2015 2302 1834 18 191 951 1842 601 2818 2 2663 2686 2685 1980 2315 430 2398 1938 2765 767 753 1881 89 495 1248 758 1220 478 125 999 1747 805 1235 628 452 108 1022 2144 2244 1923 2228 1303 1378 525 1941 331 2689 2589 688 501 927 1912 81 277 968 2311 726 467 2794 2301 788 655 2407 389 2177 1831 2402 1356 426 2762 1829 1435 1274 995 654 1186 625 1024 1465
12 1473 1721 1876 2809 140 1868 1452 2580 523 2402 608 2552 1472 430 1972 401 274 1829 721 1018 1439 1706 175 1711 671 2119 2716 464 1026 494 505 1039 534 89 125 2059 458 2762 1275 696 627 1931 444 1831 2191 1881 1647 252 2061 504 1899 278 1613 2557 927 788 173 758 2531 28 655 331 508 1024 2236 1303 1918 968 598 1932 2051 68 225 2144 1317 2765 2057 526 2244 2499 452 999 268 1787 389 2594 1475 2279 1921 2589 864 1582 705 2283 2435 1789 1655 1182 806
2045 1584 2023 2755 747 258 770 1320 326 31 580 159 654 848 2715 2144 2316 1356 225 2686 455 1780 68 653 33 1141 418 2698 478 1293 61 1117 207 903 331 2669 464 1275 1692 1438 786 503 1262 1787 1319 1097 2402 2244 1822 1706 655 52 471 1503 2025 889 200 721 1216 192 446 1481 2693 533 1472 1730 1140 936 523 2311 2070 2119 553 611 702 1314 290 684 643 2017 618 1929 1831 1273 2142 430 1491 1443 1339 2742 1568 2569 1143 1465 1781 525 2594 1248 346 771
1946 2394 1778 105 416 11 883 664 1941 495 1220 1002 2398 53 290 1612 1692 412 216 252 753 625 2417 1843 2311 33 144 138 561 2285 1141 1506 471 2407 1495 2467 346 478 1966 2697 2452 2821 2193 673 1662 840 786 655 241 2634 1435 52 525 1378 1438 2052 1248 679 1780 2690 2196 89 2244 654 1704 2070 858 2715 2698 1472 2716 1008 1356 430 1465 1924 2565 1532 2479 2164 2142 1026 1048 2669 1500 1021 1598 2144 2681 2843 402 383 113 2689 2301 705 1503 2632 243 1303
1361 1451 962 1798 572 2323 2540 1230 1559 2000 2644 395 646 1106 1334 529 2054 1175 1306 1951 589 2787 485 727 658 1427 1394 545 2277 737 251 2381 436 989 215 1213 101 1900 364 2040 2066 2072 1558 1801 341 1683 1207 714 2504 803 2546 374 1115 2113 2178 1389 1353 898 304 1898 614 1087 1928 1883 1137 2784 2114 1786 2759 1166 2409 766 1257 2238 93 895 1300 293 2242 328 240 1093 2579 407 1590 789 1197 483 426 1971 634 1561 581 1597 39 29 2430 76 2533 754
1495 2458 966 1742 1705 2600 1681 487 1384 337 942 2085 2543 2660 243 1370 1554 1396 1105 813 355 1002 2696 2257 1614 1331 1673 1978 908 1676 320 607 1567 1301 1237 1017 2259 1119 1031 2369 360 1893 1695 446 1604 2262 54 50 530 1000 2782 1853 2049 710 2664 1981 1739 791 1287 2796 2803 1058 542 1565 660 1718 984 1508 144 313 711 1680 2140 671 505 633 458 2193 847 2773 28 523 1741 1275 412 175 2687 587 734 2228 1290 580 2594 1335 1827 2322 1929 532 2715 451
2185 1129 795 1440 1411 2584 143 1684 2529 2517 2363 2298 1694 386 2619 718 2801 1939 2271 810 2749 2460 1445 30 2468 697 557 1215 787 2616 71 879 1480 958 1366 342 1816 2740 1514 2771 1059 273 1549 638 1295 448 669 1863 1373 1258 2833 577 2139 1294 641 1807 1660 1744 2607 2710 307 220 1275 147 2576 551 1524 2104 1619 1929 295 160 5 505 1240 1227 2481 2269 2595 1880 1378 2398 1692 1730 299 2261 665 1630 430 753 1995 2524 2404 262 2633 685 999 411 1925 2092
119 2464 1383 609 2725 1296 80 1766 2448 2615 2404 1889 1448 1478 520 135 184 1312 558 1945 232 1984 424 19 2295 1265 2408 957 509 2413 1269 2472 5 2566 244 844 707 2354 1696 1515 2457 213 1529 1722 744 1849 1867 2115 1477 2744 2390 218 2128 1533 2109 1733 2638 1426 466 498 592 1616 909 1556 2124 286 1602 375 2533 84 29 2172 941 2508 2169 2673 1326 473 1149 1061 2751 430 696 163 1637 1924 1829 2017 1438 1953 1780 757 2014 2716 1787 1248 2567 753 2398 1171
1113 2194 2261 1865 443 661 1227 1891 411 1723 546 586 1188 1221 922 285 1082 1761 582 1308 2043 1763 475 2025 1090 1083 476 2346 2810 820 653 753 2816 1916 1697 225 2115 629 1647 2402 721 1018 1262 108 1153 1435 2806 2119 125 2398 430 37 580 2794 1616 73 92 455 1787 1882 281 2669 295 353 968 1117 1293 1598 6 594 750 1766 61 261 2053 192 1011 2569 2062 625 1006 944 1896 936 1781 504 2177 244 2764 655 847 1556 207 1972 654 1097 252 1692 1376 138
12 1721 1473 1876 2809 140 1868 1452 2580 526 864 608 274 508 994 28 523 505 494 1931 1475 1275 295 2683 2438 2062 1899 1335 2236 1777 1472 2435 2057 2191 125 2220 1942 682 2291 430 2806 705 458 677 1831 1439 271 444 2708 1185 1929 788 2499 1018 999 574 455 2598 482 2051 1563 2059 1026 1692 1708 1532 1037 1874 1124 1262 2500 1706 2479 146 1655 671 239 1011 2794 2552 1730 2611 726 464 2228 2053 655 331 501 2164 2557 598 1771 1875 268 2687 1892 657 252 313
234 1572 913 1520 1 1349 2399 2727 307 969 352 2635 685 2834 1618 1540 223 2215 1615 2226 2158 961 892 2340 537 2372 2213 46 1025 2466 2253 1698 1409 195 1101 2223 1095 1994 511 203 697 349 2524 1862 1539 1629 2138 1242 2104 2339 2473 2338 273 551 958 1630 573 1514 1167 2298 1684 1060 2529 414 1215 143 1059 2619 1571 2175 1815 2246 1360 1264 1270 1009 2709 17 2517 267 718 837 30 1445 1291 41 71 2801 2486 1238 912 1811 795 787 342 2139 2844 1267 317 1355
2551 2018 2284 2146 719 764 247 1289 2008 153 1204 2582 1403 206 2487 343 2485 450 1997 539 723 1751 1577 1359 190 1772 862 303 2585 914 1121 1534 2209 1493 1157 812 825 2336 1915 1351 2824 2603 1633 615 869 276 2361 1128 871 35 212 1963 1246 2453 604 516 2353 1245 1985 585 282 2698 402 786 765 2718 1275 192 207 61 1787 2407 2669 1924 1625 552 2301 337 1395 175 1543 2690 1247 1011 1755 331 1216 1563 2396 1438 471 549 2467 2794 363 2193 1785 2164 159 1135
1570 1697 1891 475 285 1723 1916 1221 2816 2346 2706 2043 650 2666 2171 411 2268 807 2810 298 922 2167 2841 759 1188 2643 468 546 6 122 1884 1763 980 973 37 1285 1456 582 2118 448 1260 1139 820 1284 690 1603 1865 459 1702 1232 1537 1610 1015 732 1858 181 620 372 1797 1082 2476 1090 956 1308 2313 2402 669 334 721 1153 1972 829 1882 1605 455 586 1502 23 661 1568 236 525 2407 1541 653 225 2025 1011 1756 2232 1140 1394 1647 2726 2053 2179 1199 2061 822 1395
645 2011 2707 1328 1029 1623 1444 1649 445 2840 1679 947 735 1054 712 440 1045 1617 1663 2050 2130 2837 2836 1782 169 319 1422 1552 2241 2767 550 1381 1840 1658 155 179 1544 51 1993 1253 2439 134 518 1218 1640 2631 900 2628 1261 1486 463 2419 2352 965 260 305 2735 2088 1208 1051 1860 563 1983 2133 2076 1307 559 439 1092 1897 663 259 1948 674 1123 2287 547 2553 1416 1362 1316 562 2574 1757 168 2046 1704 1369 486 2272 784 2826 2713 2424 1096 2652 194 1636 992 1569
621 183 2141 1365 2152 1987 815 84 171 941 909 959 45 1251 2056 2502 481 785 2182 506 2522 1364 1371 2760 1064 2612 2608 565 2401 236 2503 2263 1866 2831 1286 2705 214 1844 2197 1363 1139 189 1032 106 2060 270 43 2216 1283 2751 1458 1703 1288 1953 2761 1108 2425 2188 2562 1525 1768 2720 2048 1596 1605 398 2348 1927 396 2591 150 1280 2386 1632 2498 1802 1217 300 2160 2841 387 244 2442 971 1171 1560 2476 2567 2677 762 1726 644 1084 1199 2079 2116 2688 2115 22 1214
2352 194 1051 1218 2628 1261 2272 2439 1658 1840 1381 1544 2241 1948 2815 2836 1782 1316 1496 1636 2556 2767 1586 1965 2046 1416 497 169 1897 2837 1649 992 1362 712 663 1096 1045 947 155 1860 51 1054 1617 1640 2713 440 2050 1663 518 1422 1444 2840 64 645 201 305 1552 1679 1328 2707 134 1623 735 231 1029 1993 1253 445 1569 2721 319 2130 439 563 2011 2631 562 2553 965 48 659 2287 2708 900 100 2133 1848 260 715 559 2419 657 2649 2433 2652 1486 2599 550 2580 1452
59 1545 2367 1799 2389 626 950 4 1146 1737 1202 1752 2477 613 826 266 283 2069 547 1386 2270 1319 2082 904 556 611 2312 1092 974 1942 271 580 1003 1924 134 455 1771 159 440 1216 1892 1468 987 1262 2037 1677 31 326 2148 1555 1822 1491 2767 344 1293 1606 1408 2419 2594 2053 1143 1840 526 2440 1708 188 670 1097 408 207 1339 2681 2010 390 790 261 1124 1715 1568 552 1635 2343 152 1117 2606 1649 623 1282 653 2814 2669 1961 872 1029 786 1148 383 1275 61 2715
1056 2294 1944 2135 2741 204 899 1212 137 1606 116 2728 1055 2207 2842 1134 2511 1547 1463 1935 246 2068 97 2665 1067 722 2041 725 79 2558 2766 2305 2435 2825 2736 165 2057 2291 447 692 2813 494 574 1899 1874 686 2248 2292 1825 2286 1937 1126 1076 647 2382 2580 1223 2319 146 2639 1777 2569 682 1464 442 2708 1185 677 140 2683 2438 1592 274 657 1639 1892 2393 1452 804 948 790 608 491 329 1942 271 1692 864 1940 1986 1931 1275 1018 782 2719 1677 1472 2611 252 1962
3 254 1642 2405 2490 2170 1958 66 14 929 652 1136 1745 1985 779 1574 765 2336 2536 2157 2426 1246 282 825 873 2434 1600 1633 1245 2256 233 2147 276 869 2485 1121 1519 1997 2012 2391 2001 862 1152 1403 318 1036 2165 1247 1535 1915 1751 792 1262 2324 92 2053 261 1124 404 455 2669 1267 2594 1441 2693 49 245 525 516 408 2232 838 1127 383 31 1037 1003 1240 1532 2306 1011 653 1478 1241 654 2493 1787 1781 1501 2280 344 1352 726 890 209 33 1216 174 632 580
123 1757 2150 882 1255 986 372 1541 2387 334 750 820 1603 1761 1153 829 1961 1600 2767 1236 1387 1261 155 174 92 1141 932 1649 455 33 2025 533 1897 326 2775 1941 245 1127 278 1010 1711 225 1956 1704 1787 2378 1218 61 618 655 696 471 525 624 838 1506 207 1438 1262 1362 2267 139 934 1921 1472 721 2669 799 2214 2380 331 1415 2316 654 216 2742 2407 31 15 1187 1780 449 1958 1708 2232 1124 2012 1923 679 1756 2762 209 346 418 1376 2301 580 49 1612 1049
312 2832 1146 987 2501 1624 635 1102 1405 2300 1407 1934 1752 2411 1644 221 85 2790 4 2528 2044 1656 2817 556 547 943 611 2082 188 1319 2270 817 59 626 1386 1545 1926 2389 1092 1737 1202 2397 2574 1799 2367 2419 518 950 977 1422 440 978 2836 2148 663 826 1636 2424 2840 1190 550 283 1840 2069 2767 2133 1782 1486 259 2312 1617 1172 1552 712 2606 613 735 1468 480 2652 1983 1496 1649 2826 2556 2837 1208 524 559 2544 904 1484 900 1316 463 2105 2214 947 2724 2538
1083 6 582 1702 546 732 620 181 1221 2643 285 1797 1139 759 1260 2152 1605 1891 2502 1570 2807 468 2476 807 1318 1697 2841 636 1953 1866 1882 1723 2348 2278 2425 1536 2263 1987 148 1768 2677 214 973 84 481 2313 621 475 2816 1858 815 1188 941 1371 2115 2141 298 2048 909 1365 2346 45 1397 2761 594 387 411 420 2386 1199 2751 2678 2194 1616 1032 2498 244 171 1251 2768 1064 1018 2060 2720 1696 189 661 2056 1364 1380 1283 1960 2188 2688 1198 1916 1525 2118 644 2627
1993 463 197 2767 1663 1422 712 550 1782 2836 1489 2050 1417 1710 1029 947 1649 860 1617 1701 1045 735 2837 2631 169 1369 2649 440 1328 179 1444 1658 1840 1870 1381 1437 925 2130 2817 2241 26 2397 2528 1486 900 1552 2840 134 1051 1054 2628 2419 489 1934 1656 155 59 1218 1307 1208 2011 970 1644 1092 1544 2790 645 1261 611 659 674 2501 2574 2352 194 2439 1468 2411 1319 817 1102 518 348 1386 2652 1679 31 2832 326 260 1407 1627 1545 606 1777 580 1185 524 1151 2826
2122 177 2679 1903 816 2829 1085 1163 477 1145 2163 1628 401 453 1976 2055 461 1510 595 73 2587 1599 1023 99 208 141 399 2655 2074 380 823 760 1047 2452 981 1872 2098 2469 1233 437 1717 72 2747 612 731 2126 172 2009 460 2274 1808 1688 2722 2636 1155 144 1100 1404 1160 694 2577 1415 1784 1241 164 1089 174 156 2775 1479 1682 2355 721 525 2362 1972 1505 1911 320 671 625 2594 1026 1248 2552 696 458 2402 679 2557 2311 331 1598 1435 33 2398 252 2407 1813 430
757 1728 1231 754 2320 2756 2021 1533 2533 1149 29 286 293 2673 2172 218 2024 24 2430 2143 426 1689 634 1597 1719 213 967 853 739 2638 1312 1296 1804 2787 558 80 2472 1984 135 2413 119 2295 2408 898 184 1829 1478 1383 2366 1780 646 968 1182 1334 1265 2169 252 858 91 2054 714 792 383 2508 525 1746 2235 2409 1928 1299 498 1274 1168 1598 1127 2296 235 1852 1505 1435 162 2224 608 1924 245 2280 2306 1248 274 2173 225 391 33 1010 92 27 671 2279 53 239
1624 2411 1644 2501 1934 2044 2528 1102 2817 1656 2832 312 85 188 2790 987 817 1926 943 611 1407 221 1319 1405 2300 635 556 547 2082 1386 2270 2034 2545 59 1710 2574 1437 2397 674 712 1782 1092 1313 1489 2836 2419 1029 100 64 606 1208 1416 1948 1796 259 1417 1486 1545 900 1983 1640 1369 1307 305 978 559 2826 1617 51 1552 2358 1096 1569 715 2389 1146 1584 1468 4 1484 463 860 2088 439 2606 2652 925 626 1046 1151 2477 550 1737 134 659 1218 904 2133 2713 524
1037 2053 2236 1140 1475 1124 295 1829 331 1647 2061 721 2402 1972 220 1921 2279 1011 430 1216 2806 655 1967 1395 1635 1568 1008 390 1187 1275 1317 1756 1274 561 1472 1303 805 2301 1612 1755 1929 2687 799 2531 314 1730 726 412 2698 1273 1715 1648 2406 2693 999 1240 27 1050 2407 455 391 344 1918 1024 2059 484 2765 1831 1789 927 1655 936 464 504 1706 2715 268 806 1262 452 2429 1018 534 1662 782 1875 239 1168 1299 131 467 2142 1843 418 363 2794 653 2244 1692 780
1842 601 18 2 1834 951 2663 2818 2015 1252 2622 1557 2757 1759 1390 315 1165 2302 191 2077 2478 2777 1753 1125 2772 70 2510 431 2161 2315 2561 2686 1747 1938 889 1443 1980 2685 277 1035 2702 1833 767 369 1989 1839 211 1075 2532 1969 1822 1460 202 1391 31 1293 261 2314 269 1756 1118 2509 2402 1511 1767 522 1097 805 654 2667 326 580 1356 430 2687 758 2505 2465 1584 478 1755 780 1143 1442 1831 2755 1472 999 2496 2244 1730 2715 2017 721 1465 1435 2062 1186 1594 1317
2045 1584 2023 2755 747 258 1319 611 1029 1604 1386 31 556 2343 446 547 1774 1356 1829 770 235 2140 1746 1981 451 430 463 503 2735 2316 2715 1435 711 2770 331 113 162 1237 188 507 200 1216 1118 274 2017 1248 2698 1039 2610 326 654 27 580 1017 1273 1275 968 1240 2406 655 2144 643 2402 1461 1780 1293 261 1140 478 608 89 1701 771 2789 159 1187 1327 367 1852 1505 523 2212 220 1472 726 2822 383 860 633 1018 553 68 33 1274 1924 1692 1598 1730 1822 906
12 1473 1721 1876 2809 140 1868 1452 2580 523 608 2598 1746 508 1185 274 444 994 2683 505 175 2716 494 526 864 2552 1592 28 968 1852 1777 1931 2057 682 1275 1874 125 1655 1899 1472 671 1182 1831 2436 1335 2059 1439 2119 2283 1018 705 2499 2435 1223 553 255 2569 1026 647 2639 2181 858 2438 711 1706 458 2250 146 491 534 2557 1039 2144 686 1563 2689 788 2017 2236 2479 1475 734 68 1639 2402 2657 329 657 1829 1680 162 1532 2698 464 2191 598 430 252 261 633
1569 1453 715 2721 2433 100 1490 2309 2376 64 48 305 1901 2713 1640 562 1860 51 155 201 1796 2034 2545 2650 439 1316 1496 2272 1636 1965 2815 260 2556 784 168 486 2088 2826 2708 1148 563 2553 1878 1840 2337 1848 1428 663 2836 1782 1051 712 2007 231 137 1381 1362 204 1897 580 1777 2135 978 2652 1441 1293 1275 2741 1046 1212 2053 2382 1185 1123 2628 1899 159 2513 965 2402 1658 559 1317 1606 574 1464 1193 2352 2639 659 246 1097 1586 2687 1018 782 1874 721 1223 31
1139 1605 2152 1221 1891 6 582 285 2502 546 1083 1702 2841 1570 2643 732 620 181 1866 2348 1953 1797 759 1723 1260 214 2677 148 1697 1882 420 807 1397 2816 1602 2768 909 2115 468 475 973 594 2476 2346 1616 1987 2807 481 2043 1979 2263 84 2179 244 1371 1916 941 298 621 2810 815 1318 2751 636 1171 1188 1184 2567 1738 411 2313 1696 1032 1488 1380 1365 1502 281 2203 2494 2182 171 1018 396 454 2171 423 22 2425 587 1858 1768 510 1011 1064 45 2831 455 782 1251
2792 118 567 998 1791 1583 515 9 2491 2328 2065 1179 1579 1354 919 952 1769 1977 2778 930 841 887 2379 1531 1770 1851 2729 928 808 114 1657 2711 778 517 382 923 1854 639 1970 945 2304 2682 748 1651 7 1063 2647 227 1470 1211 1578 975 875 1920 2252 311 982 819 2793 2618 1210 2559 763 151 1271 492 1154 2097 916 2349 2459 1667 1585 579 2488 1528 2723 2310 2416 2575 528 566 2225 353 799 1367 1239 999 380 726 1706 776 25 1655 2059 2042 633 464 1789 484
213 2638 558 2413 2295 135 184 1478 2408 1533 1448 1265 2615 119 1383 1296 2472 80 2024 1312 1984 24 2143 707 218 757 2430 1728 426 2320 2533 1689 1597 1719 634 1149 29 754 2756 286 2673 967 2172 2021 739 853 1804 1849 1231 91 424 2235 898 1228 2260 2354 792 2409 293 1785 1269 1928 520 1945 1166 714 232 2296 2113 995 2378 1161 347 192 2566 1484 359 1274 1213 19 2178 2066 1847 252 1389 1127 1513 1162 1829 2291 1616 805 1011 494 854 2301 33 93 499 304
2311 1435 1248 625 1356 679 113 1505 525 1598 822 2137 252 216 654 239 1141 2164 2091 2794 27 1781 2070 1299 1168 383 858 49 245 1506 2669 449 1780 2809 696 1127 2279 344 838 139 2232 2280 209 408 2470 61 2025 2173 192 1282 1924 356 296 1274 1787 207 653 2396 455 225 1187 1262 2565 1612 1568 1140 1018 782 1037 268 1011 495 1124 1875 331 290 2017 131 1503 1472 1829 721 999 655 1555 2531 138 2062 2693 1216 33 464 752 1297 2142 799 2053 2406 1813 2236
1515 2457 5 509 844 2464 2725 2404 1889 609 1766 957 1696 244 2448 744 2115 2128 1616 592 1477 1556 1637 1061 1945 520 375 1326 232 1426 466 425 19 388 498 2124 473 2366 2014 163 1602 2109 1269 2566 1744 424 306 2354 2508 2751 1904 2169 2351 1953 119 2390 22 1296 565 1529 2744 1171 1214 815 80 1722 1849 2182 1733 84 1139 2278 1383 2726 2162 1987 1867 1475 1275 2236 1692 391 1661 1216 1293 1124 331 941 1140 999 1797 2476 2056 2053 1822 295 1108 2615 430 159
2546 1115 1389 1106 989 1559 251 101 737 341 2381 1900 436 215 545 374 2066 2040 364 803 2000 2114 2178 304 2504 2113 1213 1898 1451 1427 2787 1361 1230 2644 572 2579 1394 395 1353 1683 1951 2238 1883 529 1175 766 589 328 658 1300 727 962 1306 1798 2784 789 2540 485 2759 646 1093 407 2242 2054 2323 240 2277 483 581 1786 1334 1801 1257 614 2072 293 1971 898 1558 1137 1207 714 1087 1818 1357 2288 39 252 926 525 2311 1928 625 679 1435 113 1180 1248 858 782
1083 1702 732 181 6 620 546 582 1139 1797 2643 2263 150 1221 2807 1318 894 419 1371 1525 2554 96 2153 1260 2678 285 759 1632 1365 2476 1927 2623 2152 636 106 2141 2060 1536 2502 2386 189 2841 621 1032 1882 2188 2278 387 481 1251 171 2720 1866 1280 1364 2160 644 2498 1726 2401 45 2116 84 1768 762 1987 2442 1458 2831 2562 785 815 2079 2688 941 1596 2751 2048 214 1018 807 949 1953 2567 43 1692 936 2425 1013 2522 1336 1171 2348 782 2612 1048 2611 138 1064 643
2269 2092 299 2797 2833 2139 2576 2776 2844 428 2371 1982 1814 1549 741 1925 667 1735 264 837 1009 1619 879 1122 2484 2063 2455 1815 262 2385 2403 888 2731 641 1373 1159 1589 2771 403 160 1622 1863 226 2100 642 1571 2175 846 352 2189 1295 1539 1816 2460 2215 1366 2486 600 1629 349 17 2811 1807 1 1480 2158 577 557 1520 2412 573 1078 317 2727 1421 1530 307 1509 2255 1660 267 1338 1409 166 2399 1862 1349 991 2738 685 1025 2338 2223 1060 2094 2213 1994 2253 1615 1238
196 353 98 776 2474 2067 585 2081 1643 1625 1819 910 2353 1864 1963 869 2103 2462 701 2361 2256 1042 233 69 809 2334 1600 2101 1402 1831 1655 871 276 2460 505 1262 1124 125 108 2244 1755 758 1378 1787 1475 455 1140 389 2429 655 2505 2465 1465 1275 2611 2236 653 159 2191 1293 1216 2264 580 999 2479 1339 28 464 2059 1692 1706 534 2687 2001 331 268 1097 936 1532 1039 2053 1299 1168 484 726 523 786 1896 805 2715 2062 927 1472 1929 525 2378 478 252 721 2764
2185 1411 1129 2584 1684 1694 795 2298 1440 143 2616 2517 1939 2529 386 2619 665 2801 718 1446 1630 1112 958 2363 1294 787 2481 1360 1258 1445 1270 638 30 2271 810 71 697 1514 2460 1215 2468 2749 2246 557 879 1267 2444 2139 2710 2833 1925 1863 1619 1524 1982 1814 969 299 1549 414 2092 1140 2727 1816 1366 267 28 1480 1373 2771 655 577 1680 1275 1238 342 430 721 641 2687 2407 1291 448 2371 1730 1744 326 2402 1356 1262 2269 2061 2740 1220 455 1647 2028 1956 262 1274
1475 484 2059 806 999 1275 2429 534 780 2236 2301 52 1465 418 1918 726 1662 53 2244 1481 786 1730 346 1438 2687 471 363 344 2470 1929 331 2821 295 1037 2053 290 391 2806 936 467 561 1124 402 655 225 1140 1008 1941 2690 1011 2531 2407 1216 1829 314 1472 2061 1972 220 721 2402 1647 2467 430 452 1612 1921 1831 464 1655 1706 1240 412 389 1568 1273 1789 927 1395 2698 1692 1024 478 2715 1048 2279 1378 504 758 2505 2465 2285 108 1022 753 2398 1303 2611 1018 1317
536 1132 1588 121 193 988 1268 2090 569 680 36 1431 733 2117 332 500 1499 866 571 340 1065 878 1910 412 2384 979 2743 2451 1393 561 1275 1145 2795 2668 2406 235 1118 326 1303 1182 1293 580 159 2137 21 2279 162 1240 2029 31 1692 1677 643 822 2770 2698 2212 1327 216 274 252 864 1033 1562 2822 1771 1472 553 1852 289 2764 1648 1886 1164 655 994 344 2144 1892 705 505 2632 508 1143 2343 430 199 2611 1568 1109 1314 1273 1924 1021 1435 2687 782 753 1220 1764
1221 285 1891 582 6 1570 546 2643 1083 1702 759 1723 732 1697 620 1139 181 2816 1260 475 1797 807 2346 1916 468 2043 411 2171 650 2666 2810 2841 973 1188 298 922 1858 1605 1882 2313 1456 1284 37 1884 2167 980 2118 2476 1865 2268 122 1610 1015 2706 1763 1285 2152 1603 1380 820 1953 1082 1308 2502 459 2194 443 1537 2261 661 2425 586 1090 2348 669 594 2807 448 1227 1199 372 1987 1006 1018 420 1097 476 2115 1293 1397 690 2677 829 229 1153 2062 653 1741 159 636
1288 1703 1363 2216 924 1365 2841 909 2502 2152 621 214 183 2507 2141 785 2567 1866 84 959 1987 2751 1953 1487 171 815 941 2348 997 1171 1139 22 1602 1605 481 1904 1371 45 506 1251 2401 1214 2591 2182 1477 2263 783 335 2522 1217 949 2230 2109 198 2056 1032 2497 189 2612 1736 1907 1692 1018 1021 782 1458 2160 75 2188 2017 1027 1822 1286 2794 2498 43 1612 2079 565 1472 252 138 396 1364 2450 786 1680 2164 2060 2639 244 653 1064 647 1293 1465 2720 52 60 1568
1701 1710 1489 1417 860 197 463 1788 1437 1993 674 2767 1307 59 606 550 934 1208 1949 489 2515 1486 900 1627 1782 2397 1468 2649 446 433 2419 906 580 2367 675 2424 2836 31 1029 1649 2817 978 1319 134 2076 1051 2480 1870 1472 1386 2628 2289 1216 159 1692 2646 1840 173 2783 1369 817 1262 925 904 1293 1981 1143 611 1097 2084 344 1127 712 326 1931 1822 2050 455 623 2574 1123 622 1092 1190 970 430 1201 950 179 1414 547 1656 2826 347 1924 653 1118 255 1275 2343
419 2153 894 2554 96 1927 1632 189 1032 2060 106 2567 1171 22 1214 2751 2109 2726 2502 1661 785 2162 1744 1286 2841 1288 1703 2401 20 744 454 481 167 1995 1363 2612 2216 171 1336 2152 2831 924 1365 1251 1013 2160 506 1749 815 84 333 621 856 2141 941 1987 1605 2079 592 783 2571 2313 2705 971 2720 2096 959 1364 620 95 782 2425 38 2404 309 2278 1018 949 1625 181 1315 1844 2806 661 1217 1108 565 1797 1763 1277 2197 1999 2442 476 42 2091 1692 935 2505 2465
1257 1971 1137 614 1590 1087 1207 2072 1786 803 93 895 1558 714 1166 898 1357 2409 1928 39 374 1180 76 1091 564 1818 2759 1996 2495 2288 926 2114 777 2281 989 1106 581 251 230 2381 1900 2579 215 2040 101 739 2000 1559 364 341 1683 1300 2242 1883 436 2504 2784 1353 1427 737 789 240 1898 1197 2546 483 1115 407 2644 1346 1389 1334 2224 2277 529 1451 1801 1093 634 766 751 2238 1230 962 328 545 1689 1798 2540 426 1262 455 1804 1597 24 572 1912 2699 853 2430
2510 431 70 1753 2777 2772 1125 2077 2478 2561 1839 2161 1035 1759 2757 951 1252 2015 1834 1557 315 2818 1165 1390 2302 2622 18 1842 191 2 601 2663 2686 1938 277 767 889 1747 1443 1980 2685 2315 1955 2702 1235 1391 2265 1220 369 495 2398 211 1117 412 2311 430 2276 1356 688 753 2496 2532 625 1303 2471 1186 1923 1248 1460 655 1435 1314 525 1833 471 2794 654 2181 1608 478 2314 2144 346 758 1989 1875 1141 331 1048 452 1438 2765 2689 2142 2634 1413 2821 1584 2764 1026
1569 715 1453 2721 100 64 48 2433 305 2376 1640 1490 2309 51 562 1901 155 2713 1796 439 1860 2034 201 2650 2545 1316 1496 2272 1636 2815 260 1840 168 1965 712 663 1381 2553 1878 231 1051 1782 2628 1218 1658 2836 563 2556 2352 2241 2708 1362 1897 1148 2088 1261 2826 1948 784 1422 1586 659 486 1123 440 934 1899 497 965 2135 518 2741 1193 2538 2649 2631 1464 978 2767 2439 2046 1777 1617 1416 1212 1045 2382 559 319 1369 550 185 657 1392 204 2435 1848 2337 2513 1034
1416 1096 1948 1362 1897 497 1586 992 2046 2815 2272 1316 1218 1636 2721 1860 64 2352 1569 715 712 1051 439 100 48 1261 1552 1496 1381 305 188 1658 2628 155 1319 1993 1782 1617 1796 611 1965 2241 1640 260 51 562 259 2836 547 2713 1899 659 1878 899 319 194 2419 2767 2034 2135 1606 1356 1054 2708 927 1386 674 268 1123 108 1248 2270 1777 1185 947 978 525 2311 2840 1018 900 556 1435 1789 1046 1029 2082 2553 1912 2732 1307 822 2741 559 563 655 782 1505 2435 1212
28 1563 2479 238 505 849 2250 1532 2181 2500 2819 2365 2191 458 2099 1708 313 523 2557 2689 81 330 152 705 2716 175 2552 2370 1827 734 2283 671 1896 354 2193 1339 2674 1680 587 2119 2322 847 532 1741 2742 120 972 1376 2534 1335 2592 696 2681 2052 2028 602 1111 1704 2228 1332 633 2177 1956 772 740 1746 711 92 2597 503 2237 2527 1543 2144 1010 261 1873 2814 1932 927 1831 726 1706 464 125 2059 268 1655 1037 2806 999 484 108 771 1789 1475 2236 1281 1912 1262
2252 2682 1651 916 227 1583 1179 1977 2042 1063 841 1579 639 2310 1578 2491 2328 945 1770 1920 1211 2647 9 114 517 2097 998 1367 887 515 748 118 2792 1566 1368 2379 919 1769 1791 2488 1239 567 982 952 928 1354 2729 1970 1657 2349 2723 819 930 2065 1851 1667 1154 2711 579 778 923 2459 1854 512 1531 382 311 2778 1585 492 975 7 2304 875 2575 1271 2416 1210 2026 25 607 1565 1528 566 2081 1470 763 2225 2803 2462 2093 671 31 655 1708 1655 314 1831 2793 813
2545 2034 1796 2433 48 100 64 715 1569 2721 439 2713 305 1640 2376 2309 562 1860 51 1490 1453 201 155 1901 1584 1316 2650 1496 1636 712 1096 1948 168 550 2826 1878 1416 1897 1362 1369 188 260 1051 659 1782 817 2023 2631 925 978 1422 2649 1381 2088 2556 26 2836 1617 2755 559 563 1840 1658 1926 663 259 547 2815 899 1319 1123 518 2241 2817 1606 2419 1965 611 2272 1046 2628 2300 1045 992 1262 1993 2652 348 2045 1218 2135 1899 2352 363 1261 2553 1484 497 1624 2842
1933 2071 897 1790 1709 1321 2750 2156 1098 2201 2645 2432 836 2096 935 1052 2342 1736 2450 850 1638 755 1436 1806 222 2218 1504 1305 2355 2362 2512 2691 1911 2420 144 1621 2446 2642 2452 2611 796 320 295 344 1822 1293 1275 580 1143 2806 1097 1216 1692 599 1865 383 2627 643 2687 2053 1288 653 31 1730 2396 1118 1924 1662 2794 1363 1787 159 1852 1435 786 1022 1650 216 1703 2311 1248 2091 1145 679 239 625 1124 1929 1465 391 1892 2232 108 595 1831 2429 271 2164 192 2693
2171 2666 650 2043 2816 2810 1916 2346 475 1723 807 1891 372 411 759 1697 1260 1570 1603 820 2841 1188 2643 468 285 922 1702 6 546 620 1456 334 181 1221 1763 750 732 1865 1858 1284 122 1541 2268 1153 298 1797 2167 582 980 2313 1884 37 829 973 2118 1083 1610 1015 1285 1761 1227 1139 1090 1082 2476 956 758 586 448 1912 138 2634 459 1048 1018 1308 1711 1220 782 1026 2611 2632 2779 1932 936 464 1395 1150 840 721 1972 1612 389 2398 1262 1706 108 229 1882 822
1137 1590 614 1087 1207 93 895 2072 1257 1558 1166 898 1971 714 2409 1928 803 1786 1346 2759 1091 1093 407 1996 1357 2242 1180 564 374 76 777 1019 926 1818 39 291 1898 2495 1300 465 1883 2504 2784 2000 1535 634 1804 251 1197 751 2281 341 1298 63 1631 2288 1749 1593 1801 989 240 853 2040 2143 1561 483 766 2555 24 1353 1597 967 364 331 2114 1689 1601 540 1912 2579 207 2542 2235 2715 61 33 2407 655 2238 230 576 2301 455 2687 999 1715 1568 1262 1275 580
860 1417 1489 1701 1710 1788 2289 433 1895 2650 769 2482 161 197 173 1870 26 348 2649 1369 2375 2454 925 463 2769 1029 2538 480 712 1386 1253 547 179 178 2714 1617 2626 2076 1993 2050 319 2480 715 2130 1627 1782 770 2556 1051 606 2011 2082 1045 1422 906 489 2836 2270 1584 1796 550 2837 2544 1313 645 1640 622 259 100 1658 2767 1552 305 675 260 2735 1362 2628 1569 1388 1496 556 2424 1381 1437 1564 1261 1328 188 2721 51 623 1897 59 2686 231 1486 2419 611 2840
1934 2528 2044 2411 1644 2501 1656 1102 2817 1624 188 2832 312 85 987 2790 817 611 943 1926 221 1407 2300 1319 1405 635 556 547 1386 2574 2082 1092 2270 2397 2419 1983 1484 1190 1173 703 2003 978 1956 1339 1552 1141 712 1356 2674 2742 2681 2534 847 2105 1376 259 81 1617 705 2099 2689 1896 2669 139 2028 2193 330 238 383 2724 2606 2311 2070 1741 1532 1435 495 525 1438 2789 1584 1505 2325 602 245 347 2527 471 1666 2762 2177 1248 49 2052 1674 2370 220 1111 2265 654
2733 462 1517 1482 575 2080 55 2176 2019 2383 728 397 441 2641 1523 2695 2684 1194 1669 2780 1507 2550 845 1177 2754 2414 107 2604 1104 373 1169 818 2395 357 1691 2368 279 1016 2447 1382 2106 187 1626 2651 584 693 32 2586 2239 2605 2630 2254 2525 1259 775 1805 2073 917 2033 2637 794 2805 2804 902 1410 2020 920 2240 1611 457 590 541 2192 87 1832 2297 1734 1014 1192 2347 1372 469 2166 2345 86 1950 2233 2211 1809 1919 321 2701 371 102 379 2563 1467 960 1943 2247
403 2063 1159 1815 2455 1009 2484 837 264 2189 1814 2844 17 2797 352 1622 2731 2486 741 2092 600 1122 2100 299 2139 2833 2255 846 2215 2269 1571 2811 573 2403 1589 2412 1060 317 642 1338 2576 2776 428 2371 2399 1982 1520 1 2727 1925 234 1619 1025 307 537 667 2338 1539 913 1101 1862 1572 685 2213 1735 2834 1349 267 226 472 262 551 577 879 1803 1618 2385 2138 888 2431 127 969 1629 891 147 1540 1366 1238 1291 814 2158 160 1421 641 1660 961 1480 349 1549 1607
957 5 1889 2457 509 1880 1515 2468 2404 2464 844 2725 2448 1766 609 1802 2740 2749 744 2128 38 2442 1995 2562 115 387 1696 244 1596 2720 2188 644 2498 43 2115 1059 84 592 971 2688 342 2168 795 2109 481 1987 815 1032 2726 941 551 669 1524 189 154 1927 106 2060 448 2153 2197 2278 1286 1556 1744 1108 2476 636 894 2823 2831 1199 419 1632 2678 2141 1280 752 2807 1124 1140 1475 300 2465 2505 1797 1275 96 1616 1726 295 1364 1844 476 2554 1018 1692 1216 2236 2263
1417 860 1788 1701 1489 1710 2289 433 2650 1895 769 2482 1870 26 197 348 2649 2454 2769 1369 925 2375 161 480 2538 2714 173 463 550 179 1029 712 547 1552 1386 611 1564 1253 231 319 2840 1617 188 2130 178 2050 1993 2480 1319 2626 1796 606 100 2544 2082 1584 259 1640 715 489 1422 1627 2076 1934 1782 1313 2035 663 305 1045 2817 906 59 518 817 2011 1569 1181 2837 237 2836 1663 2270 622 2397 445 675 2510 2721 2553 134 770 260 1151 645 2556 2501 1656 2574 1491
1971 483 240 2000 2054 1786 1257 1300 1801 1353 2540 1559 1106 1451 1091 1361 2784 646 1883 1996 2072 1137 1207 777 614 1357 230 1798 39 789 1230 1180 1087 1334 2644 1558 572 76 2277 564 2787 803 2495 1427 926 529 714 895 2288 93 2281 2504 1590 766 737 1115 1346 291 2409 989 251 1804 1900 1389 2242 1593 215 898 1166 2238 962 2323 1561 1447 436 2080 1818 2224 293 2759 1683 364 967 1928 2040 1093 2114 581 101 1482 395 1962 2546 341 16 442 1057 44 1719 104
1346 540 1535 2542 617 2129 832 1561 1971 291 1019 1257 1590 1786 1161 1693 1513 1773 63 1795 93 1137 1847 940 310 1593 895 1343 1091 614 1357 2149 1004 1207 2441 1836 2242 751 2656 2737 1166 1434 1197 2112 1298 1631 949 2827 2409 75 39 1483 777 1961 1087 2437 76 1996 1905 92 2785 455 2072 618 2495 954 1940 207 1180 533 1568 363 2025 61 2190 31 1026 2232 1749 2669 1856 182 1914 225 371 1262 321 1648 1760 576 653 1481 803 1912 580 145 290 418 331 983
1394 545 2066 529 395 304 2178 2644 1213 2113 1353 2277 1451 1106 1361 1389 1559 1230 2546 1798 572 727 658 1115 589 962 1883 2000 1175 1951 989 1306 1300 485 2784 251 737 2540 2323 2787 1427 1801 2381 101 341 1334 1900 2040 215 2054 240 436 364 374 2504 1786 483 2114 1898 1683 803 2579 646 766 1093 2249 789 2238 2072 328 2242 1558 1087 614 1207 1257 2759 1137 1971 407 714 581 39 2288 898 1818 1180 1357 926 564 782 1044 1091 1018 2495 525 2311 679 131 1593
924 2567 2841 1288 2502 1703 2751 2216 1363 2823 1171 1487 22 1214 96 419 894 785 2153 214 2554 1927 2109 2152 1661 1032 1866 1365 1953 1605 189 106 1027 2726 2060 1471 782 1632 909 752 138 2632 1018 2398 60 1139 1371 2137 2141 2634 252 753 2779 2507 2573 454 2164 2091 198 1881 1602 2311 2794 1026 822 2348 2762 167 1250 1220 430 1304 783 1435 625 1225 2505 2465 643 938 628 840 1048 2611 1395 1612 2589 679 1912 108 761 412 278 2497 1248 1692 2317 788 758 322
2152 2502 1365 2751 1371 1866 785 214 1171 1214 22 2567 2141 1605 909 2109 621 2263 2348 1953 1661 2726 84 1139 183 1602 2841 941 106 1525 2162 454 1744 189 2060 1632 1987 1032 171 924 1927 2503 20 167 96 744 1280 1458 1907 481 2623 815 2401 1217 2591 2160 1703 1288 959 2612 2079 1363 150 398 894 856 2678 335 2386 2030 419 957 2554 1315 1084 300 2153 43 2230 2197 2216 592 309 2572 333 506 244 1364 1596 2562 1251 2608 1336 2182 1199 861 2705 1064 2115 1726
1037 2053 2061 721 1647 2236 2402 1972 1921 1829 1140 1475 1124 1472 1395 2279 1317 561 1756 331 1011 412 805 295 239 2531 1303 220 1755 430 1568 1967 1216 1635 390 1274 1612 1008 799 1187 2164 2091 2794 2301 314 2693 655 1715 27 1275 2406 1648 1050 1781 999 2806 782 1024 1018 2407 726 1168 1299 2059 1918 484 455 1692 1273 936 1929 2687 653 1262 2715 2698 2232 1789 1831 1655 806 344 927 464 1127 643 1706 2765 31 268 580 1843 2632 391 1852 1164 1730 2429 534 452
1221 285 582 6 546 2643 1702 1083 1570 759 1891 620 732 181 1260 1797 1697 1139 468 807 1723 973 2816 475 411 298 2666 2346 1916 1188 1858 2043 650 2476 2313 1285 2118 922 2171 980 1884 2810 1610 1456 1015 2268 1284 1865 1380 1882 37 1605 2706 1763 122 2167 2425 2807 2194 2841 448 2152 1603 820 2261 669 661 1227 1318 1537 636 1082 829 459 229 476 2502 1090 1308 1153 420 443 594 690 586 2278 1199 653 5 372 1761 1560 1953 148 2677 73 1541 2465 2505 1397
2161 1759 1753 2777 2077 2772 1125 1842 2478 601 70 1252 2 2015 18 1834 2561 951 2663 2818 315 1557 2757 2622 1390 431 2510 1165 2302 191 1035 2315 1839 2685 2686 1747 1980 1989 277 24 1248 1969 286 1869 767 1435 430 1938 426 889 654 2402 688 625 2533 2320 2314 29 968 525 1356 31 805 2406 1443 1317 1787 696 1756 245 679 999 2025 522 1186 1505 331 2311 655 33 192 1822 634 1475 1461 2301 239 721 2236 139 1391 68 1827 2143 1011 1829 125 768 1118 1972
767 277 1443 1938 2686 1833 889 1747 2496 1460 369 211 2702 2532 1989 1980 2685 2315 770 2510 431 2478 70 951 1125 2818 2302 2777 1753 2077 1320 1834 2015 2772 1557 1165 1252 1608 1831 455 1275 191 331 1568 655 2561 430 927 1842 268 326 1730 553 464 2715 580 412 113 2142 2025 1262 1472 1972 31 1548 1008 1303 721 1706 2061 2634 1655 2402 2687 1929 346 1293 788 2757 840 2316 643 2407 1759 1356 207 2232 61 125 2406 997 1813 2 2632 131 159 225 1923 1011 822
196 353 776 98 2474 2067 585 2081 1643 1625 1819 2353 910 1963 1864 2103 701 869 2462 2361 1042 2256 233 809 69 2334 2764 643 2611 1600 2101 1402 1692 653 1565 162 1293 2687 1273 1097 276 367 561 1164 753 936 2429 1378 159 2027 108 1109 138 1216 655 1831 968 412 580 871 1755 1472 1662 1275 2244 1465 1991 1182 758 1941 1039 534 2465 2505 1438 389 68 235 1612 2061 2698 175 505 89 2402 2799 471 2017 553 1220 1140 1117 587 2283 2398 1730 2467 1339 52 326
1946 2394 1778 105 416 11 883 412 664 1495 561 252 138 495 1692 1220 2398 753 1941 1612 2279 1048 1303 1273 1370 290 1843 1614 2311 33 216 840 1472 2407 2193 1378 2634 2070 53 243 1506 2142 858 1141 471 1026 383 241 2467 268 1008 671 2565 131 1465 1662 1875 2698 2681 2821 2689 1956 1331 782 337 625 2527 346 89 655 2715 1022 1356 1002 1924 847 113 1248 430 2285 525 587 2244 2843 2144 2164 2177 1503 643 2052 2674 786 2632 1438 1435 2137 52 1018 2301 1376
931 702 1114 1830 848 768 903 835 1107 65 1908 1254 2388 284 1310 1767 1512 522 1608 1720 1821 2624 1845 1340 2471 126 297 2601 2667 1235 250 684 103 990 1975 502 1323 578 688 2276 1186 1391 1413 2314 1113 2759 1390 1334 973 1075 2323 962 1827 225 968 125 2056 1557 315 721 461 534 999 2465 2505 1465 2402 108 726 2622 633 780 523 2062 455 2236 191 363 936 2716 1011 175 634 1972 2396 1018 426 1647 525 927 654 986 786 734 758 1759 1896 1706 1787 2283
1548 269 277 1833 1443 1747 44 1980 2685 676 889 2232 2686 1732 1073 1483 767 1568 324 456 31 1593 1912 2275 1711 2634 1938 1026 1923 1822 788 580 2437 1836 191 2311 2518 1813 1914 1293 1582 1730 786 83 1662 125 940 1496 1465 245 2785 1281 927 1450 2142 471 1447 501 679 840 625 1787 1435 525 780 455 2244 2762 654 1789 2396 363 2599 16 1831 1356 2053 1929 2137 838 2407 758 192 2483 1692 1275 108 822 139 1216 2806 1363 1441 129 1469 504 603 2687 47 356
1697 807 759 1260 2643 546 6 1702 620 732 285 181 1221 468 582 1797 411 1865 2816 2171 1083 2043 1891 2167 650 2666 1570 2268 1188 2346 1916 475 372 2810 1723 922 1284 1456 2476 1858 1763 2313 122 229 1882 2841 820 448 459 37 1603 1139 669 1227 829 1318 2807 1082 1153 661 2118 973 1090 586 1610 2261 1884 980 476 1380 2194 1308 2425 298 956 1761 2168 1015 443 636 2627 1285 2278 2468 1199 1541 1560 2705 2611 1018 281 643 580 1262 2831 782 159 1216 455 2687
1934 2528 2501 1644 2411 188 2044 1656 2832 1102 312 2817 1624 85 611 987 2790 943 1319 2545 817 2034 1405 556 221 659 635 547 1926 1407 1386 51 1640 1796 201 259 305 712 2419 439 978 155 1782 2133 1617 1422 1092 1428 2397 1158 260 1046 1848 1381 2836 1897 64 1840 1658 559 2007 2713 1584 1414 1636 1208 2088 2241 550 2358 1486 1468 1316 1339 2826 1860 1362 2606 2352 59 2003 1146 2670 563 2574 900 224 2344 1313 1501 1437 2439 2082 2337 1983 1582 486 413 904 2307
1436 2450 2342 1736 755 1638 1806 1504 222 2218 2071 1052 1933 1709 2432 2201 1790 2750 1321 1305 897 1098 2512 2156 935 2645 836 2096 850 2362 2355 2691 1911 2567 144 1143 1822 1293 1118 1275 2109 621 796 159 1097 653 1021 580 602 326 971 959 2687 1692 1335 1288 505 1363 872 1216 31 1171 84 1892 390 2141 1703 28 96 43 1715 2751 1635 1273 643 430 2017 1662 2193 1927 2698 1339 344 2250 974 1771 1831 61 171 2693 1924 1757 856 2794 1078 2053 1967 2404 207 2611
483 240 1300 2784 1353 1883 1801 2000 789 2054 1559 1106 1971 1593 1786 2277 2540 1257 2579 251 646 1091 529 2504 1996 1451 1427 989 766 2644 777 1804 1115 2238 1230 230 803 1137 1361 572 1180 1093 2546 2381 967 2242 328 737 1357 614 374 1389 2114 1798 1087 2787 2759 564 581 1719 215 1334 1898 407 291 2072 39 1683 1394 1900 926 545 101 2040 1207 792 2495 341 2235 2288 436 895 2249 1447 93 1178 2296 1749 1558 76 44 1590 364 1561 576 2281 2785 1483 16 751
1113 2810 2346 2043 1916 475 1865 1723 2171 2841 411 1711 252 650 430 1972 1018 443 2402 2261 1308 1891 721 2398 504 2779 753 1697 1082 2762 2061 847 782 452 2599 1921 758 1435 1395 1027 1582 1817 525 2634 138 1472 2025 1150 1882 2311 1487 922 625 840 278 1647 113 125 175 2666 412 1188 1026 108 1248 268 2816 1356 936 1024 2794 561 1317 1141 655 534 679 225 1598 1303 322 1048 136 586 1612 2244 1011 2429 2809 2137 2552 2164 2632 471 1570 780 1829 1022 546 1505
1939 1694 2517 2619 2616 1294 2481 665 1258 1270 1129 1446 1112 2185 1684 2298 2584 958 30 1630 810 71 787 1411 638 1440 2271 1360 1445 2246 386 143 2529 718 1514 697 1215 2801 795 2444 1267 2363 273 2104 1863 1278 969 2524 414 2595 147 2771 577 127 879 511 1373 641 1167 2710 1735 557 1242 2460 1295 1549 1925 1355 1807 1982 991 2709 2466 20 1619 1324 602 2833 2339 1816 1332 2468 888 1480 167 1811 262 2139 430 1660 1680 220 299 2175 2820 1059 706 1815 2013 740
872 261 2773 2199 2814 1917 580 326 31 159 1099 649 1135 1293 1650 1097 2610 2597 1822 1118 1143 120 1885 2715 1156 507 972 1376 2789 1441 2594 877 552 1003 2105 653 2783 2822 503 890 2693 633 711 1774 2265 533 2343 2681 1955 1715 1635 772 390 1314 1050 2212 1327 2406 2062 1967 799 314 1680 1755 1746 1648 2322 587 1543 367 2306 1109 1182 1317 2799 1991 1852 316 805 1756 963 2527 92 2770 699 2742 235 1873 162 1164 771 1823 331 330 2053 1275 968 1730 1010 1011
767 277 1443 1938 2686 1833 889 1747 2496 1460 369 2532 211 2702 1989 1980 2315 2685 770 2510 431 1320 70 951 2478 2818 1125 2302 1753 2777 1834 2077 2015 1557 1165 1252 2772 1548 191 2757 315 1390 2561 1759 1608 1831 430 553 1340 2 1568 2663 1842 655 1275 927 331 125 455 788 2622 2715 464 1972 2634 2402 268 721 1706 1008 1730 840 412 2232 1303 113 1472 2142 2061 1655 1262 822 2632 68 297 1356 1912 997 580 2407 2144 2687 31 1293 1929 326 782 2025 1647 346
2725 2448 119 1889 1766 2464 609 1296 1383 80 2404 1945 509 558 520 135 5 957 2457 232 19 2615 1312 1984 1478 844 424 2128 2413 1533 2472 744 1448 184 1515 1269 213 244 1265 2109 2295 2744 2566 2508 1696 2115 2408 1529 592 909 2354 1477 473 1722 2468 1602 1829 2390 252 1216 2638 430 1918 1275 1733 1008 696 1475 1506 625 2279 2740 2311 2169 2531 1124 1780 2164 2749 2407 2710 679 402 1140 331 1924 655 2806 2301 1248 1929 786 1438 1616 2244 471 936 654 1024 753
1993 1663 712 2767 947 1422 1782 1649 2836 1328 1444 1045 1617 1054 1679 2050 1381 1623 2837 1658 2707 2241 550 169 1029 2130 645 735 2011 1218 463 1261 155 1544 2628 440 2631 445 179 1552 1051 1840 2840 1710 197 2439 900 1416 1948 134 1489 51 1437 1096 2352 1369 1701 1362 1897 860 1417 194 1486 674 1640 1208 319 497 992 1586 2046 2419 1307 260 1860 2649 259 1123 305 1777 978 1185 2708 715 1569 2076 2713 1949 64 348 1435 563 2721 2397 965 1468 100 653 1027 59
1272 2210 640 13 1754 2520 1949 1038 2421 1041 2671 323 377 56 2047 2032 828 1477 1189 370 1910 2578 2083 1337 1049 1616 698 932 672 933 2828 2602 2539 1429 1668 1399 964 955 2798 1521 1070 2428 2038 244 1374 2629 1952 1118 2120 1266 2031 1143 1822 2808 2795 729 839 2221 2451 1187 865 1553 159 2687 326 580 1124 1216 150 1275 31 1293 1097 2335 289 331 1704 2348 1256 1886 1240 455 358 176 2025 2115 2423 1249 2406 1127 1692 2570 2640 1757 1602 1924 1699 192 1764 1472
304 2178 2113 2066 1213 1389 2546 1115 727 658 589 1175 1951 1306 485 1394 545 1361 1334 1106 2787 1798 1559 962 395 2323 1451 1230 529 572 1353 2644 2000 2277 737 1883 989 341 803 251 2054 1300 1683 215 2784 2540 101 436 1898 1900 646 364 374 2579 2114 2072 240 2022 2249 898 1558 2040 1801 2504 614 1427 2381 714 2759 483 252 822 525 2311 625 1248 679 1786 782 1018 113 1093 1027 2409 2137 1435 2634 268 452 290 1356 2242 239 2779 788 131 1465 1137 2762 1141
133 2327 1792 2418 2374 1580 1034 1861 493 57 1234 2174 280 548 1392 1930 210 2461 1724 570 793 1575 746 2125 2456 1375 1947 1358 1276 689 1859 1664 976 2004 366 1665 1196 2330 2672 2229 2186 1758 1072 1279 704 421 2694 756 2838 294 2039 422 859 1765 2184 1551 797 1887 2356 857 2206 1193 228 2581 1350 263 2659 583 1457 801 656 2590 880 1877 1086 77 588 170 158 1043 242 2332 1229 1776 2739 438 1377 2541 1030 2198 287 2703 798 2321 2123 885 1522 349 2127 1081
1416 1096 1948 1362 1897 497 1586 992 2046 2815 2272 1218 1316 2352 1051 2721 1636 1860 64 712 1569 155 715 439 2628 1552 1782 1261 1381 100 1496 899 2135 305 2836 1658 188 194 2767 1899 51 2741 1993 48 1640 1965 1617 1029 260 2241 204 1067 645 1606 1212 2580 1796 1027 2068 1248 1777 2713 1185 1356 562 2556 137 1018 1054 1435 2311 2419 525 108 116 947 2766 927 113 782 2665 2708 1319 1220 547 1789 2840 625 2286 319 268 216 2057 611 2599 2762 2378 1711 822 1008
1346 540 1535 2542 617 2129 832 1561 1971 1257 291 1590 1019 1786 1693 63 310 1137 93 1161 1513 895 1207 1091 614 1593 1087 2242 2441 1847 1773 940 751 1357 1166 1343 1298 1004 1434 1795 2827 2072 1996 2149 2112 76 1026 450 418 207 1481 777 75 949 455 2737 225 2495 346 2025 1772 1961 61 1568 363 1912 618 2690 2821 31 464 52 2715 1836 321 898 1692 2017 290 533 92 758 2687 1395 780 2409 786 389 653 580 471 2467 1097 1472 1631 2639 2785 1662 2669 1438
133 2327 1792 2418 2374 1580 1034 1861 493 57 1234 1930 2174 280 210 1392 548 2461 1724 746 1575 793 570 2125 2456 1358 1947 1276 1375 689 1859 1664 2004 976 1665 2229 1196 366 2330 2672 1072 1758 2186 704 294 1279 421 2694 2838 2039 859 1551 756 1887 1765 2356 422 857 1350 797 2184 263 2659 2206 1193 228 2581 1457 2590 801 1043 1877 656 1776 158 77 2739 583 2332 2321 242 170 880 438 885 1086 1229 1030 588 1191 287 1377 2198 1522 2541 1542 1348 2703 2123 884
1569 715 100 2721 48 64 562 305 1640 51 1796 439 155 2034 1860 2433 2650 1453 2713 2545 1490 2376 2309 1901 201 2631 1316 1496 2272 260 1636 168 712 1840 2836 1617 2708 663 2815 2556 2826 1878 563 1782 2088 1381 1422 784 2553 486 1965 559 1051 1658 2628 440 1369 1948 659 2649 1362 518 2513 2840 1897 1416 2241 1123 2652 1777 231 1899 1045 1307 978 1148 2419 2337 348 1185 550 1046 1486 2767 1848 1428 1096 645 2439 2435 965 900 1261 1586 657 319 793 1392 1218 259
2545 2034 2528 1644 2411 1934 188 2501 2044 1796 2817 1624 1656 1102 2832 439 64 312 611 85 2790 817 51 305 987 100 1640 48 2721 715 155 1569 943 1860 1319 659 562 2433 1926 201 2713 712 221 2631 1782 2309 556 1405 1381 259 1840 1901 1490 1407 2836 978 550 1046 547 1897 1658 1316 559 1362 260 2826 635 2300 2376 1092 168 2419 1878 1584 2088 1636 1552 2241 1369 563 1617 2007 1416 1428 486 2650 1496 1993 1848 1484 1096 134 1029 2649 2652 518 1422 2439 2352 992
2065 118 1211 567 2252 1583 1791 982 2792 1651 998 2682 808 2310 1579 916 227 2042 1977 1179 114 841 2491 919 517 2328 7 9 639 1769 2097 1063 1354 930 2711 952 1851 1854 928 515 1770 1531 2379 887 2778 1271 382 1970 778 945 1657 1367 1239 1578 748 923 2488 1566 1368 579 975 2793 311 2729 2304 2647 1920 2349 151 1210 2559 819 1667 2618 528 875 1470 2723 25 1585 763 2416 1209 2575 492 1154 513 512 2459 2658 2225 2026 566 1528 455 1262 1274 2028 2212 1275
1353 1883 2784 240 483 1300 1394 2277 545 304 1801 2178 529 2066 2113 1213 2249 395 1044 789 2644 2546 1106 1115 2579 1559 658 1389 989 727 1230 1593 1951 1361 1175 1306 1451 572 2000 2054 761 589 341 251 1898 2787 1798 1093 962 2504 2381 328 1178 485 1683 1334 2323 252 679 926 2114 766 2311 2317 1248 1427 625 1749 374 101 824 525 737 2759 1996 646 1476 2288 1435 412 175 239 822 2540 1598 2137 430 564 1180 1363 1719 2238 2285 1677 2091 1505 2216 1288 2634 2280
2018 2551 2284 2146 719 764 1289 2008 247 1204 2582 153 1577 190 1403 2487 914 206 1534 1359 539 723 450 2585 1157 1493 2209 1772 1997 343 303 812 1351 1121 2485 2824 1915 35 615 1751 2603 862 212 871 2453 2361 276 604 516 825 2353 1128 1247 2336 402 1633 2690 1438 1924 1021 2698 1216 207 471 786 2467 331 61 192 549 1275 1787 418 1140 2729 363 2017 2165 1011 653 1481 2396 1282 1273 52 561 2669 2407 337 159 1395 1941 2301 1246 1347 408 1822 1293 1506 2070
327 1659 2573 117 1922 2303 1205 1687 1979 1198 2494 2791 1184 1400 275 2203 953 2620 1471 2030 1487 23 1502 924 2222 2572 1080 2623 2768 2263 1084 1371 1525 2179 1641 851 20 2678 167 594 420 1280 1738 510 1113 1397 454 1488 1960 690 2245 40 1232 1199 1423 2521 2162 1605 2726 148 1744 2841 1661 1726 946 907 2348 1082 1537 1602 1308 543 629 2751 1954 2535 2197 1139 1019 2022 1711 2154 1027 1144 1995 2571 1263 2386 1817 1723 2599 1225 2762 1582 1425 205 278 2109 443 125
967 1804 1719 91 792 2296 2024 1689 426 24 739 2235 2143 2320 2430 1597 1149 2533 634 29 2756 853 286 2172 2673 754 2021 293 1728 1231 2638 1533 757 218 2224 1593 1478 2787 898 240 707 895 2409 1849 714 1091 499 1166 213 2000 93 926 1928 1558 291 1207 483 1590 2054 1786 2242 1257 2072 1334 1996 1087 646 39 2408 92 999 789 364 1262 726 1961 696 33 455 184 1124 1818 2615 1801 331 76 1535 1829 1024 1180 494 1127 2354 1475 484 2504 408 1798 2693 525
346 2821 2398 753 2407 363 1022 628 467 1220 478 1918 1378 2301 108 2505 2465 2467 1438 471 758 936 2690 402 786 1048 1008 504 1662 52 484 2765 2634 1039 2059 389 1465 2244 2429 806 999 1481 418 534 780 840 430 726 89 2611 53 1275 1692 1730 655 1475 344 331 2687 2470 452 2236 1026 1929 643 138 290 2715 1303 391 2142 1503 241 1024 561 1011 1941 225 2806 1789 927 464 2062 1706 1831 314 125 412 1655 295 2632 2285 2531 1018 782 1612 268 131 501 1568
437 1233 380 981 2163 73 760 1872 1628 453 1599 2074 823 399 401 1510 461 1976 2587 208 595 2055 2469 2655 1717 477 731 2126 1023 141 1160 2098 1047 1145 2122 99 177 816 2747 2829 612 2679 1085 1903 1163 460 72 2009 172 164 2636 1784 2577 144 2594 799 2452 1911 156 696 1376 805 2062 2693 222 935 1241 2199 1317 1706 1787 261 2505 2465 2362 1098 1789 1018 2775 654 721 125 927 694 1335 758 877 2402 2119 2557 726 464 1026 1831 2765 1756 2236 313 225 1479
1929 1275 2687 1730 2806 295 2236 1475 726 331 999 2053 1240 2301 1037 1124 484 2059 1011 655 1273 2698 1140 806 1655 1831 464 1706 2429 1662 1789 534 927 2715 268 1875 780 220 1465 2244 1216 418 1008 391 344 314 1481 53 430 786 452 467 52 504 131 1967 1635 1568 390 2513 2407 455 363 2765 1941 389 1843 2531 2470 1024 290 1438 2142 1829 346 471 1187 2062 1715 2565 495 1050 1918 1378 2285 33 1039 758 1648 1262 2693 31 2406 840 1503 1022 225 2823 2465 2505
848 1830 702 931 1114 768 903 65 2388 1107 1767 1310 1908 284 1608 1254 1720 1821 835 1845 2624 2471 2601 1512 297 1340 502 990 126 1235 250 1975 103 684 1323 578 2276 688 1186 1413 1391 2314 522 2667 2759 962 973 999 464 298 726 1706 1465 2056 225 721 331 534 927 780 2429 2715 1831 2402 2062 1647 1789 786 363 1972 2061 936 290 455 2236 2687 2465 2505 1011 525 1692 1756 61 436 1912 1026 215 806 655 1221 418 108 2244 2620 1921 758 478 2311 125 1481
1842 601 18 2 2663 1834 951 2818 2015 1252 2622 2757 1557 315 1759 1390 1165 2302 191 2077 2478 2777 1753 1125 2772 70 2161 2315 431 2510 2561 1747 1938 2686 2685 889 1443 1980 1989 277 1833 369 1035 1839 2702 767 2532 1969 211 522 1460 1114 1075 2667 2314 1391 2496 1767 968 1117 1822 2509 202 269 430 1413 261 696 2402 1827 768 750 31 1511 578 286 848 426 780 999 1186 1902 2244 1465 24 68 805 1334 1756 1730 931 2378 654 1810 1293 962 758 1442 1248 721
1590 1137 614 1087 93 895 1207 2072 1166 2409 898 714 1558 1928 1257 1971 803 1197 1786 1689 24 2143 634 1597 426 1334 2024 2430 2759 853 1357 1346 2000 739 76 39 1180 1091 291 374 2495 564 1561 1996 1801 1535 2667 2242 1798 926 777 2579 2493 1818 251 581 989 1106 1300 1559 1804 2288 2324 240 967 2281 483 215 2504 1115 2542 962 485 646 2040 789 1900 2224 1353 2129 2323 1019 2277 1883 1538 540 2699 465 792 1389 2546 101 2784 2054 1262 1961 1093 525 455 225
1236 1886 2267 2380 1553 1699 1430 1256 743 427 2423 2568 2217 2415 901 1793 1492 142 802 2078 1431 1053 429 36 2117 868 554 878 2333 176 1890 340 432 555 1888 681 289 2451 2668 1038 2786 2421 302 2735 2227 292 437 1233 1754 2108 1398 1499 1041 500 1949 2029 571 866 733 2221 21 361 2224 893 2539 979 2047 323 760 1477 1787 2594 2384 2074 2667 193 2163 988 1869 261 92 680 1827 334 2693 380 569 2090 78 31 1070 2409 1390 1594 1195 981 199 696 354 1206
2300 1926 987 1407 2832 2790 817 85 312 1102 221 2817 1656 1146 1752 943 547 635 1624 1405 556 2501 2528 188 1644 1386 611 1934 2411 2082 2556 1319 2044 2270 2367 950 59 1496 1316 1545 4 518 1202 2389 1799 626 1636 663 1965 1840 1484 2069 1092 1737 1897 872 2836 978 2574 1700 1362 259 1003 155 550 1782 1414 854 1216 1051 347 2105 2397 2378 134 1117 712 2631 2545 703 2419 224 1339 1878 2715 2649 278 1369 580 159 925 31 2669 995 2010 1532 1097 2762 1822 326
2070 1141 1506 654 2669 1780 383 61 192 525 2025 1505 49 858 216 2311 625 679 252 1356 1781 1924 1435 1248 1787 2794 245 2091 2164 207 225 1127 1274 1598 113 239 139 2470 408 1168 1299 2396 1282 209 449 838 2280 2173 822 296 356 2137 455 27 653 344 2232 2279 2565 1216 696 1555 391 1140 1124 1612 1262 1037 2053 1011 1477 1568 2531 2693 1843 33 331 1635 1829 655 268 2698 1275 390 1967 1648 1941 1875 1715 418 495 1187 290 1481 402 1438 1317 799 1918 1024
1129 1440 143 2517 2185 2529 2298 1684 718 386 2619 697 958 2584 2271 1445 1514 1411 787 30 638 810 71 1630 1694 2801 1360 2363 2246 795 1480 1366 1215 879 1816 557 2616 2607 1660 2460 2633 1939 1446 1735 1294 1863 665 1925 2833 1025 1619 2710 414 2139 2092 1549 2481 551 299 2269 1982 2524 1258 969 2468 2175 867 1267 641 1112 273 2749 1270 2771 2104 814 1242 2576 1295 428 2371 1373 2727 991 2776 147 342 2444 577 307 2726 2797 1807 2385 667 1744 1520 2431 2740 1814
2011 645 2707 1623 1679 445 1328 1054 1444 1649 947 1663 2840 735 1029 169 2050 2837 319 712 440 1045 1782 2130 1617 2836 2767 1552 1422 2241 1253 179 1993 1544 550 1381 1840 134 1658 2439 463 1261 2628 1218 51 155 2287 518 900 1208 1051 932 1640 197 2419 1486 1307 563 259 123 2076 882 624 2631 2649 2735 1417 260 2133 965 1489 2352 674 2544 769 1757 1710 2482 1860 606 906 703 1897 1049 1437 2088 194 1369 1162 2538 2003 1092 2515 860 2082 430 305 1123 1484 2397
1476 1749 88 2202 2745 1856 2111 576 132 824 95 1914 596 2190 2547 2441 1176 695 2827 1743 983 2785 2016 2555 1727 834 2058 2422 310 1277 783 1693 1178 949 2437 2700 1999 2737 1304 1990 2317 2523 1103 60 1224 34 1004 465 940 198 1343 1713 761 1836 1714 47 2497 1116 1672 2149 2180 1593 1044 1019 2249 1228 1785 2112 1760 1838 44 75 2656 2129 1447 1469 1483 1631 1513 1712 1093 683 149 676 376 1795 16 182 1773 1298 63 1197 1449 1363 462 291 1288 679 1434 625
2707 2011 1679 1623 645 1054 1328 1444 445 947 1663 1649 2840 169 2837 319 712 2836 735 1782 2767 1029 1045 1552 1617 2050 1422 440 1253 1381 2130 2241 1544 1658 1993 155 1261 1218 2439 2628 1640 2352 51 134 2133 900 2287 965 179 563 1840 1948 1208 2419 1486 1777 305 260 550 1860 2580 2708 1416 1051 1092 674 1452 194 1868 1307 1437 238 559 657 1369 1983 2088 140 1897 2272 1185 259 463 2250 1096 1586 28 1123 1899 2193 1680 2046 703 2322 2286 2713 602 562 2397 2815
1496 2556 1636 1316 1965 663 2272 2815 1840 518 231 1381 2628 1362 1658 2241 1897 1586 497 2046 1218 2439 2836 992 1051 2352 1782 1261 1544 194 2553 1948 155 440 712 2713 2767 1752 1096 168 1860 1123 1416 1045 978 965 201 51 1878 947 1649 1148 2376 950 1640 1901 563 2433 550 2034 1422 2837 1617 2545 1414 2826 872 1453 173 169 1092 735 1924 2840 1569 100 134 2343 1796 260 2105 259 1021 1532 344 1314 1117 1441 772 238 1848 1003 2050 2010 547 64 2419 715 653 326
1804 967 1719 792 2296 91 739 1091 1996 2235 230 777 926 564 1180 2281 39 1818 2288 2495 76 1357 1593 1689 2024 1786 1971 24 2224 2756 634 240 2430 2143 853 483 1597 1257 2784 766 2242 426 754 1300 407 1353 2021 1801 989 293 1093 1883 2238 364 1231 291 789 2504 1728 251 2114 499 2320 737 2000 341 328 2533 2040 215 2759 1898 2785 29 1900 576 1149 1535 1087 2638 2579 1749 1262 455 246 999 2277 1561 33 580 2396 540 803 2438 2673 2569 2381 1780 1677 295
59 626 1545 2389 2367 1799 1202 1146 950 4 547 1386 2082 2270 1737 1752 635 987 2300 556 1407 312 2832 1319 611 2477 826 188 613 1405 266 1926 1624 817 85 2840 1102 134 2515 2375 1092 283 2424 259 518 735 2208 2501 221 440 2069 1123 550 2010 2817 1649 1190 2781 1003 2837 1148 2790 2767 2574 1414 1172 606 2836 2312 2105 1942 1993 1656 169 2205 1307 904 2148 231 2556 2037 439 271 1878 2631 433 769 1677 1892 674 1771 1262 1552 2133 1496 947 203 455 563 1029
2788 749 673 1005 593 2364 2746 1311 2290 1794 2730 112 434 544 1783 1966 365 1110 2299 937 811 2549 1670 605 2151 1079 1379 1040 1516 1131 410 1243 2697 1068 870 435 2095 1466 2417 261 730 1968 1325 338 2251 2814 1376 972 568 821 2199 2830 2773 872 1133 2005 2219 709 1309 120 678 2610 1573 1634 717 1135 2560 94 1020 2597 2196 1099 1650 1581 2594 1424 649 1498 1917 800 1850 336 610 1142 1003 2105 877 1885 2006 1441 1746 883 2519 1774 552 2377 1156 1913 2322 633
1310 1254 1107 835 1512 284 1908 65 702 768 903 931 1114 1830 1720 848 2388 1821 2471 1608 1340 2601 990 502 1975 250 1104 297 103 2136 1315 1767 1907 2276 1323 2079 684 1013 1044 1845 2579 309 1336 1669 2160 1235 575 856 1186 2550 1244 1449 2641 2823 362 2292 1286 1277 1458 2624 2258 834 2571 393 2239 1507 333 2277 205 55 2401 1275 271 1465 464 2687 1662 2736 1217 2311 216 126 728 1568 1841 344 108 1450 692 1942 1363 2759 2197 1620 2612 1216 845 2176 2831 643
1993 1422 2767 712 1617 1663 1045 1782 2836 947 1649 2050 550 1444 169 2837 2241 1328 1381 155 735 1658 2130 440 51 2631 1029 1054 179 1544 2545 2034 2439 1840 1261 2840 1218 1796 1640 1623 305 1679 1552 2707 2628 1051 439 645 463 2352 134 1860 2433 715 1569 64 562 194 48 2713 100 518 1369 2721 445 663 260 900 2011 1486 201 2826 2649 2419 563 1948 1208 1437 1416 2088 197 2082 559 259 1897 1901 1316 2272 1362 1096 2270 1878 925 480 1307 2580 1636 1453 1405 1777
2702 1980 2685 2315 767 277 369 1460 1443 2686 1833 1938 889 211 1989 1747 2496 2532 1548 269 770 191 1320 2302 1557 1165 1073 1732 2510 2 2161 1620 2275 1678 70 655 431 758 1568 2663 830 927 315 389 331 788 1472 2622 2634 2407 1011 2232 1831 603 1929 1787 430 2406 1789 1972 125 1091 33 2755 2478 207 1912 464 1317 1923 840 31 1655 1037 1275 61 2061 1303 2053 2818 1601 1395 268 2402 2301 1730 1450 2244 1648 999 2236 504 580 1759 1390 1293 2518 245 1813 324
1507 2550 1104 107 1669 575 2604 2414 1177 2641 2019 55 2176 728 397 1194 2754 1691 2136 845 2395 1482 1244 393 2383 1016 2595 2247 1646 2080 1523 863 2254 373 2233 2192 577 441 357 1734 457 584 2695 147 339 603 1120 1620 462 1450 782 856 1140 89 430 1018 1008 2279 2632 2275 1907 1220 1363 2630 1662 643 2493 2277 753 830 1127 864 608 271 1274 2316 2531 1568 138 834 2518 2297 2347 2820 331 2017 2398 2260 2326 1942 216 2687 113 1612 994 2407 1275 1829 628 2301
1659 1205 2303 117 327 2791 1198 1979 2494 1184 2203 2573 275 2030 1922 1687 23 1502 1080 1400 2620 2179 1738 510 594 1084 2222 2768 2572 953 1397 1488 1525 420 2623 167 2521 690 20 2263 1280 1471 1371 851 454 2678 148 1641 1960 1113 1537 40 2245 2162 1199 1487 2726 1232 924 1744 1605 946 1661 2535 1423 1602 1726 2706 2348 629 1137 1082 745 1308 325 1802 907 1570 1474 2197 543 1139 1425 122 2109 1995 2841 2751 37 1880 1884 298 1334 1263 2115 2118 459 614 592 281
20 167 2726 2030 454 1744 2162 2222 2573 38 1995 1697 2268 2791 2109 22 1214 2751 1284 1171 1661 1865 1456 744 122 23 411 2303 1205 922 592 1188 459 1082 1570 1858 2706 2313 37 448 117 275 2567 1308 1659 2118 2167 1199 1884 1763 2128 468 980 1084 2197 1260 1556 2623 1797 443 586 1610 2476 298 2216 2643 2572 732 285 2153 327 5 2425 2627 2784 181 1883 189 42 1702 546 2468 690 759 115 1286 1080 669 1015 2806 1525 1280 2794 1227 1637 2457 1880 620 2060 1090
269 1548 676 1602 2115 1616 1488 2348 1139 1953 244 1397 214 510 1696 2841 594 339 1502 375 609 2180 2179 1326 1443 1986 1711 603 1535 1605 1738 1080 430 1293 1646 2142 2521 420 2402 1833 192 1732 148 1262 2275 455 1601 580 1073 1766 425 1938 1789 2014 1303 2768 2124 1921 1568 331 245 1849 1781 721 1450 1620 2025 2599 1749 1317 1972 1582 1813 1143 2407 159 2232 1722 1756 525 471 31 61 1787 2794 654 207 2762 1395 1097 1011 1940 125 2669 1275 1866 2687 326 1822 2745
1056 1944 2294 1055 2728 2207 2135 899 204 1212 137 2741 1606 116 725 2842 1134 1547 2511 1463 2558 97 1935 246 1067 1825 2068 2825 1076 2813 1464 2286 2248 2766 686 2736 2382 165 1937 447 2041 79 722 2665 2435 948 2580 1899 2393 692 2291 2057 804 1639 494 146 1874 574 2292 1777 1452 1126 647 1185 1223 682 2305 140 2639 2569 2319 329 2438 2683 1592 2708 677 491 2719 1986 442 1940 1868 657 280 274 790 1841 1124 1275 52 2598 1780 207 608 2436 1918 1140 1692 1438
2070 2669 61 2025 192 1781 1141 383 654 1780 49 2794 2091 1787 2164 245 207 525 239 1127 225 1505 408 139 1282 2396 449 838 209 2280 2173 356 296 252 2311 625 1506 679 1356 216 1435 2470 1248 1274 858 1168 1299 113 653 1598 1924 822 2137 27 1555 2232 455 2279 696 2565 344 752 1216 1037 1612 1124 1262 1140 2053 391 2531 1568 2142 1011 268 1503 33 1829 2693 1635 1843 241 331 295 2407 2236 1275 1317 1789 2301 2806 495 580 52 1918 402 1024 430 1967 1822
989 1900 101 2381 215 364 436 2040 341 251 737 2504 1898 1106 766 1427 803 2114 2238 328 1559 374 2644 407 572 1093 1451 1230 2000 1353 1883 2784 545 1786 395 2242 1300 2546 1683 529 1115 1257 1389 2540 1818 962 1361 1971 1394 789 2288 1357 1180 926 2579 564 1798 2759 39 240 2787 2066 1091 2277 76 483 2495 1996 2281 777 1213 304 646 581 1087 2323 2178 2054 2113 230 1175 1137 2072 1558 614 1951 1207 293 1334 898 658 1801 2756 1306 727 589 754 485 782 714
807 2171 2043 1697 759 2816 2666 650 2346 1260 1916 2810 475 1723 1891 411 2643 6 285 1702 372 620 546 468 732 181 1570 1221 582 1797 1188 1083 1865 2841 2167 1603 820 922 1858 2268 1456 2476 1139 1284 2313 298 122 973 1763 448 1610 2118 980 1884 37 2706 1882 1153 1541 2425 459 829 1015 669 1285 2807 334 1227 229 1082 1761 1090 661 956 750 636 1308 1380 2261 2194 1318 586 476 721 1537 138 1972 2402 443 758 2611 1048 464 2061 653 1018 2632 643 2634 1395
2414 1177 107 2550 1104 2604 1669 1507 2641 2176 55 728 397 1194 575 2019 2754 1691 1482 2383 2080 2326 441 373 2395 845 462 1016 1028 2695 2360 2733 736 1523 584 2234 187 2159 2233 2106 1690 1517 2192 457 2780 1734 1382 1467 2254 818 2637 2684 2651 1626 469 32 1259 2297 2752 2447 1014 2805 2804 2525 1372 2345 279 917 379 357 1919 2630 2033 1832 2347 902 2368 1192 1809 86 1748 920 2036 2621 2605 1459 1959 2239 590 2240 794 876 2563 2586 10 541 693 775 1169 1805
196 353 776 98 2067 2474 585 1643 2081 1625 2353 1963 1819 869 1864 2361 910 233 2256 701 2103 2462 276 1042 1600 871 2334 2001 809 1402 998 2391 69 1216 516 1089 1140 1924 2723 1612 2792 1273 2575 655 2093 580 2027 1124 2611 607 1831 2394 331 1970 1293 1275 1100 61 1822 2407 2061 2101 2026 138 159 430 653 1715 2764 2711 1667 721 1128 1506 326 2378 643 344 2429 295 1692 2402 1021 2244 1143 347 1008 2698 1655 2053 1972 2214 391 1472 2003 703 1688 806 390 1465
1113 1487 924 1471 115 2573 1400 1882 430 2841 2197 1687 758 1648 471 2398 2025 655 953 225 753 108 1438 200 2634 452 89 1018 1199 1137 2244 1787 2495 2316 478 1008 33 2406 1912 2762 534 525 1780 2429 780 61 331 2402 1972 389 1435 1472 290 113 788 1995 721 455 2311 1582 1941 363 1124 840 2144 2669 2285 1248 1481 1039 782 1220 625 1715 52 1216 346 1465 1918 125 216 2407 1262 2017 2552 207 936 1037 2531 1662 1024 2061 268 1091 786 643 1140 2806 2599 679
70 1753 2777 1125 2772 2478 2077 2510 431 2561 2161 1759 1839 1035 2757 315 1557 1252 2015 1165 1390 2302 2622 1834 951 191 18 1842 2818 601 2 2663 2686 767 1938 2685 1980 2315 1235 277 430 495 688 1747 2702 1976 553 2144 68 1443 889 1955 1908 753 962 2471 284 2398 412 331 1220 655 1248 1274 2228 2311 1303 1923 1608 1798 2689 1845 461 297 999 1875 726 125 1356 485 628 452 89 1881 2316 2765 2764 268 525 847 1117 1989 1941 1008 2557 2532 968 2589 2407 2402
2792 118 567 1791 515 9 998 1583 2491 2328 2065 1579 1179 1354 919 952 1769 1977 2778 930 841 2379 1531 2729 887 1770 928 1851 808 1657 114 778 639 2711 382 923 1970 2682 945 2304 748 1854 517 1063 1651 2647 7 227 1211 1578 1470 819 1920 975 982 2252 763 875 311 2559 2618 1585 2793 1667 1271 1154 2097 151 492 916 2459 2349 1210 2225 2488 579 2310 1528 2575 2723 1367 2416 380 528 566 799 2042 1239 2074 2062 98 726 1706 999 399 633 73 353 72 1688
611 1319 188 556 547 1386 817 1926 2082 2270 85 2817 1656 2790 943 1102 2528 1934 1644 987 1407 221 2300 2411 2501 2832 1624 312 1405 2044 1584 2045 2023 2755 659 463 2397 4 635 2200 1092 2544 2307 904 1029 2574 1545 1313 1151 2419 2724 1307 1564 2358 2344 283 259 1208 1468 2564 2670 978 2800 606 59 2606 2076 747 1437 1422 2626 712 26 970 31 1428 906 524 220 1181 1701 1146 1356 1796 1737 674 1484 178 1650 1552 1414 237 1617 1369 2610 503 478 1240 1491 2770
239 1248 1435 2311 113 625 1356 2164 679 2091 2794 1781 822 1505 2137 525 1598 252 216 654 27 1141 2809 1299 1168 2070 858 383 449 245 1506 49 2669 1780 344 2232 2280 838 1127 2279 209 139 2173 1262 1037 696 455 1187 1568 408 2470 653 192 356 1612 2236 1124 2025 2531 2396 2053 268 1140 61 1924 1829 33 1282 131 1011 1475 1018 1275 2406 806 296 1472 999 1648 2693 1274 1647 782 331 225 721 1875 534 655 207 726 1787 1216 2429 295 2191 1972 2402 2059 1715
2049 631 1518 1290 2282 530 1017 2596 2064 921 1301 1604 446 2140 1567 1237 1058 2093 984 2392 1981 2796 451 1909 607 662 1396 1105 813 1879 1613 355 1554 243 1002 1370 908 1978 394 1331 1119 2257 2696 2357 1614 1673 1621 1906 1384 1742 2085 942 1676 2458 660 542 337 966 2543 2782 2660 2262 54 710 1495 487 1705 2259 1739 1681 360 1145 1275 1000 383 220 2600 89 840 175 1216 1435 2569 561 897 2664 682 1248 1273 1039 625 1853 1808 235 1893 412 679 1929 344 367
12 1721 1473 1876 2809 140 1868 1452 2580 526 864 608 274 508 994 28 523 1472 505 1275 1777 295 1475 705 458 2683 2598 2220 1931 430 2236 494 1899 2191 2438 252 1647 1929 1708 444 1018 482 2499 125 1692 1011 1942 1335 1026 1124 1037 1439 788 146 1831 2402 2806 721 2435 655 682 999 455 2062 2500 225 671 1875 598 2687 271 2557 412 2436 1563 1972 1730 2479 2611 2061 1677 2552 331 2057 525 268 2059 2025 1874 2164 1532 1771 677 1262 464 175 2510 1706 561 239
2043 2171 2666 650 2810 2346 1916 2816 475 1723 807 1891 372 2841 759 411 1697 1603 1570 820 1260 2643 6 1702 285 546 1188 620 468 1139 732 1221 922 181 1541 582 334 1865 1153 750 1083 1953 1797 1858 1882 2634 1711 1456 1761 758 2214 1018 840 782 1605 1912 2632 831 829 1420 138 1763 721 822 389 15 430 1503 129 1972 980 1284 2232 1395 1932 2378 999 2611 2402 464 2167 1582 347 2009 131 1923 2407 1756 1281 1568 268 2398 252 1048 1706 1813 467 501 2313 2410
1701 1489 860 1417 1710 197 1788 463 1993 550 2767 1782 1437 674 1949 59 1307 2836 1051 1029 2649 1208 446 606 2628 31 580 1840 1649 2419 1486 900 2817 159 2515 934 1369 326 1319 1143 1118 1386 1216 1293 712 489 1468 1870 1097 925 1262 1822 331 817 1692 347 1472 455 134 1627 155 430 1981 1127 2783 2076 1275 2343 179 1422 2424 978 344 1658 611 1124 906 1700 655 1218 1240 1924 2289 2715 618 653 1617 2050 1961 547 1140 2378 440 433 2397 1045 2214 173 675 1656
1001 2121 1012 1810 67 2509 249 2583 2350 627 1406 1075 202 1944 1055 725 2728 899 1212 2207 2294 137 2291 2558 2057 2825 165 1825 494 574 2741 2766 2736 2135 2435 1606 1874 204 447 404 2248 1056 116 1463 686 677 2813 692 1594 1195 2719 2842 1609 1899 1223 1935 2382 1937 246 97 1590 1134 1869 1547 2068 359 1126 2292 442 2511 2329 1067 2319 2665 1441 1940 93 1805 2683 1439 2305 24 682 1076 378 1639 1689 634 2701 937 1592 192 948 471 2748 895 1897 722 835 775
1083 582 546 1702 6 2643 732 620 181 1221 285 1797 759 1260 468 2807 1697 807 2476 1318 1139 636 1882 1891 1570 2278 411 1536 2425 1858 1188 1380 1692 2313 936 1018 758 643 389 782 402 1472 471 2505 2465 346 1048 418 363 1438 2398 1481 1723 1662 2816 2467 2690 2821 2261 2611 1378 922 753 2194 2171 628 1647 2429 840 2061 108 2043 2167 721 2632 52 786 464 1022 462 1395 2687 138 1918 661 467 2402 391 1865 1220 42 1568 1921 2634 290 478 1612 653 534 1097
2139 2833 2092 299 2269 2576 2371 2797 2776 428 1982 2844 1925 1619 667 1814 1549 879 1735 741 1863 1816 641 262 2385 2771 1373 1629 2460 837 888 1366 1009 557 2175 264 352 1480 1660 1539 2607 2633 160 2403 1295 1122 2363 1807 991 2731 2431 1025 1815 226 2710 2455 1530 1509 1078 2063 577 2484 1159 1589 1524 267 814 147 551 867 2399 2189 1349 2094 127 2215 403 685 1238 2727 1291 1242 307 969 1520 2158 2226 385 1 342 1571 2100 166 2104 234 1622 891 273 1803 1618
1506 2070 1141 858 383 252 654 525 1356 1505 625 2311 679 1435 1248 1780 216 2669 49 1598 1299 1168 455 1924 61 113 192 2025 245 822 2137 1274 2279 27 2470 1787 1781 207 139 408 2164 2794 225 209 1127 2091 838 1282 239 2396 356 296 2280 2565 2173 449 344 1262 2232 1612 1216 696 653 1568 1124 1140 391 1829 2698 2531 1024 1273 1843 331 1037 1918 799 268 2361 1875 655 2053 1011 1755 430 1555 131 1187 726 1395 805 1317 2142 138 471 1438 1008 1921 290 786
2045 1584 2023 2755 747 258 770 1320 1491 2569 2144 31 654 2698 2316 326 1780 1356 1319 478 68 159 1592 2715 580 682 2055 331 446 503 611 455 225 1117 1976 418 1293 1275 430 1141 2191 848 523 2669 1216 1692 200 89 1273 577 2017 655 653 2438 1829 61 33 1023 1438 1248 1140 207 2343 1730 52 786 643 1503 1097 2530 2311 1262 2402 553 771 996 1435 471 2764 2610 2742 936 2025 1029 2496 1339 2070 1929 1918 2594 2193 1781 2244 464 618 113 1472 721 1787 1376
61 2669 192 1787 1781 2025 207 2794 2091 245 49 408 1282 2164 139 2396 383 2173 838 2280 225 209 296 356 239 1780 654 1127 2070 449 1141 525 1505 2470 653 625 2311 679 252 1555 1356 1435 216 1248 1274 113 1598 1168 1299 1506 822 2137 2232 27 1924 858 2279 455 696 2565 344 1037 1124 1140 2053 1216 1477 2531 52 1967 1918 1011 1481 1568 2142 1635 268 786 2806 1024 402 752 2693 2236 1503 53 295 799 2301 346 2407 1475 418 495 363 331 484 1789 936 1262
2352 1051 194 1218 2628 1261 2439 2272 1658 1840 1381 1544 2241 1948 1316 1496 1782 1636 2836 2815 2556 2767 1965 1586 2046 663 497 992 1416 1897 1362 712 1096 1649 155 169 2837 1860 947 1045 518 2713 51 1640 440 1054 1617 201 64 1422 134 305 2050 645 231 1569 1552 2840 1444 2721 1663 100 563 2553 439 2433 1679 48 2376 168 2631 1328 735 715 319 2707 1490 562 260 1901 1993 2650 965 1123 659 1878 2708 1029 1453 1623 1253 445 1848 559 1067 1046 978 2652 2649 2309
1125 1753 2777 2772 2077 2478 70 2161 2561 1759 2510 431 601 1252 2015 1842 2 18 1834 951 315 2818 2757 2622 1557 1390 2663 1165 2302 191 1035 2315 1839 2686 767 2685 1980 1747 277 2702 889 688 1938 1235 2314 1443 1391 1869 1075 1989 2509 1186 578 2062 430 125 2667 485 1767 1334 1114 2276 2232 1810 258 1969 1908 1730 758 999 2121 1018 1756 1011 1845 2142 31 1923 522 805 2402 24 202 67 426 1317 478 655 2301 108 2765 835 1813 1413 1706 1833 477 927 962 2634
1475 726 2236 999 2301 2059 1275 484 314 1730 1929 331 806 2429 1662 534 2715 1465 780 2244 2687 418 2053 1967 390 1635 786 1481 295 52 1050 363 2806 655 1011 1037 1140 344 1715 467 1124 2693 1438 53 471 464 1706 391 1008 1831 1568 927 1655 1789 2765 1918 2470 799 2698 346 1273 1755 478 2406 1216 2407 389 430 758 2505 2465 805 936 1378 1648 455 1024 268 402 31 2821 220 1756 452 1317 2634 1039 1097 1022 1293 290 108 504 159 1187 840 2062 89 1822 1240
1416 1096 1948 1362 1897 497 1586 992 2046 2815 2272 1860 1316 1218 2721 1636 2352 64 1569 715 712 1051 439 48 100 1552 305 1261 1381 1617 155 188 1782 2628 1658 1640 51 562 1993 1496 2241 1319 2713 260 2836 1965 611 1899 1054 194 659 259 645 1796 547 947 2708 2419 2767 1029 2135 1777 899 1185 2840 319 1045 1606 2556 445 2270 1018 1878 674 556 2766 2435 2741 447 1422 108 2082 1369 1328 201 782 525 927 1711 2825 204 1663 1027 900 1386 2034 1912 559 2632 1046
2609 883 2843 257 288 416 2613 1871 1138 1731 2331 1800 1645 1142 1850 1174 800 2519 2196 2492 673 2006 2417 774 1498 1913 855 2299 519 2243 2251 2697 253 1966 593 1936 2087 1094 2005 1546 2095 678 1454 821 870 1794 2746 937 336 1133 1466 1455 749 2788 338 2290 664 435 1309 730 717 2516 1783 2151 1634 1516 1424 1946 2093 1894 94 1968 538 2364 648 1419 1040 2830 1005 2341 365 2394 1573 535 2560 248 1243 1581 2763 1020 392 843 1131 1379 1311 301 446 410 434 1604
1049 932 1041 1754 1272 839 698 1521 1038 13 955 2421 1949 640 2520 2210 323 2047 56 2032 370 1189 2671 1249 1910 2083 1337 377 2578 828 680 121 933 2451 21 569 878 672 1477 193 289 199 1429 866 2078 1668 681 2384 1053 2539 536 1616 2602 2828 893 988 2428 1553 2629 1430 2423 1492 142 1886 1374 743 1699 432 1132 865 1118 733 1256 580 31 1588 1435 159 1704 2798 782 292 340 331 2090 326 1961 1187 2795 1124 1248 1275 302 2031 2687 2406 2017 455 1018 1398
2457 5 1515 509 844 2464 2725 1889 2404 1766 609 957 1696 244 2448 744 2115 2128 1616 592 1477 1061 1556 1637 1326 375 2124 473 388 2014 425 498 163 306 466 2366 1945 520 19 232 2109 2351 1269 2169 1426 2508 1602 2751 119 2566 1171 2278 2354 1744 1108 2390 424 1296 80 1216 22 2141 2744 1953 1139 1722 1283 1214 1275 391 1692 1018 1383 815 2591 1293 1124 1529 159 1904 1797 2236 138 1733 2567 1472 171 2048 2053 782 295 1475 1822 2402 1768 580 430 1118 753 721
1083 582 546 1702 6 2643 732 620 181 1221 285 1797 759 1260 468 2807 1697 2476 807 1318 1139 636 1882 1570 2278 2425 1891 411 1188 1536 1858 2313 1692 1380 936 2261 2194 1018 922 758 389 643 782 2505 2465 42 1865 402 363 661 2611 1662 1472 1048 471 418 2816 346 1438 2167 2467 628 1723 2398 1481 2821 2690 108 1378 721 840 464 1647 753 2429 2171 2043 786 2632 1395 1568 2061 1022 894 653 478 1097 2687 2402 669 1918 52 138 1220 1262 1011 2634 1921 455 1026
1865 476 2261 1227 2194 669 1858 229 661 2313 829 1188 468 448 1560 2627 1610 2118 2168 980 411 1884 1284 1260 1456 1761 1153 122 1015 298 922 2425 1570 1285 1697 396 2468 973 2268 807 6 285 759 37 2643 454 1702 1797 546 2162 732 1221 620 244 2115 2476 1744 5 181 744 2726 1766 1696 1082 459 20 609 1515 2167 167 2457 582 815 1987 2109 1763 1844 481 1139 1616 844 2706 1286 1308 1199 281 941 2404 1387 1171 1083 2030 1556 2128 509 586 636 372 1891 565
1132 1588 536 121 1431 36 193 988 2117 733 680 2090 866 569 1499 2078 1268 142 878 1492 1886 802 2451 1699 332 1236 500 2029 2333 2384 979 1256 1053 1393 2743 1430 1890 571 1065 1441 432 1033 1038 1553 1543 1118 429 2668 2279 1124 1275 1924 1274 21 359 2407 402 649 643 2687 2822 176 552 478 340 331 412 159 2611 162 89 872 2301 1885 344 2285 92 363 1923 1008 1692 2227 1648 430 2181 995 471 31 1852 1135 1843 1140 1910 1563 1829 840 2786 1010 1240 2378
2510 431 70 1753 2777 2772 2478 1125 2077 1839 2561 1035 2161 1759 1252 1834 2015 951 2818 2757 315 1557 1842 1165 2302 18 191 1390 2622 2663 601 2 2686 1938 889 1248 2311 430 1443 2532 1747 753 1955 2398 1929 1275 2496 2279 2794 1356 625 1435 277 654 239 2164 2265 1022 927 1789 1274 2091 1923 1303 412 1813 679 2505 2465 501 767 324 495 89 331 655 1378 1831 2228 1781 840 2687 1505 108 525 1220 508 1976 478 2407 211 1008 2070 2142 129 1475 758 125 268 1833
2252 2682 1651 916 227 1583 2042 1179 1977 2310 639 1063 841 1578 1579 2491 2328 1211 1920 1770 2647 945 9 114 517 2097 998 1367 887 118 1566 1368 748 515 2792 2379 982 1239 919 2488 1970 952 819 1769 567 2729 1791 1354 928 2711 2349 1657 2065 1854 2723 1851 778 512 1667 579 1154 382 1585 930 311 923 2459 7 875 492 1531 1271 1210 2575 975 1528 2026 2304 763 2778 2225 25 2416 1470 1655 671 1708 566 1831 528 808 2618 2257 1582 2715 125 1956 2028 813 1262
1371 1365 2152 2141 2502 2263 785 621 84 909 1866 183 214 1525 2751 1987 1280 941 815 2623 171 106 2348 1084 150 1927 189 2678 1139 2060 481 2572 2567 1632 2503 1032 1171 1953 45 1214 1251 96 2401 2612 1605 22 2056 2522 959 1198 1364 1064 2182 2554 2608 2760 2386 43 894 236 1602 2831 2197 2562 419 1458 2153 2109 2841 506 2720 2705 2188 1286 1199 1726 270 1596 957 1283 2761 1802 2498 387 2160 1217 2726 398 2442 644 1880 565 971 1960 1661 2303 1363 1018 1108 1536
1993 1422 550 2631 2767 712 463 1663 1045 1617 2836 1782 2050 947 197 1029 735 2241 440 2837 1649 169 1328 1444 1658 1381 2130 2840 51 155 1840 179 1054 1552 134 1544 1218 2439 900 1623 1261 1051 2628 1679 518 2707 1640 645 305 1486 260 2270 663 1489 2649 1860 613 1369 826 2082 1208 259 1636 1437 2011 1710 1897 445 2735 2419 547 1362 1146 562 563 1468 480 2538 59 1316 1092 1386 2713 194 2088 326 1148 1405 1307 2544 1777 2352 2826 1417 860 556 266 1496 904 1185
1879 631 1518 2093 1290 2282 1017 2596 2392 2064 921 394 1909 984 2049 2796 662 607 2357 1058 1613 1906 2140 530 1567 451 1301 446 1604 1981 1237 1978 1002 1119 1676 1621 2085 908 2262 1396 2543 355 942 1105 813 1384 852 243 1554 124 1331 2257 700 1614 2458 337 918 1673 708 2696 660 1370 996 2530 487 1718 966 144 2452 89 1435 478 786 1495 1216 1275 1491 1681 2782 52 430 1404 1742 389 1039 1438 1705 840 2244 542 758 471 625 1248 679 344 2600 402 2698 2070
967 1804 1719 792 91 2296 2024 2235 1689 24 426 2430 2143 1597 739 634 853 2756 2320 1149 2533 2638 29 754 2021 2673 286 2172 293 1728 1231 1593 1533 218 499 1091 2224 757 1996 240 926 1478 483 564 2242 1818 777 1180 230 291 39 898 2281 766 895 707 76 789 184 2615 1087 1535 364 1849 1786 2784 2409 2504 1166 93 1448 2495 213 1590 2288 1971 1357 1801 2000 1207 1257 33 714 1300 1262 999 1558 455 1269 2354 1024 1961 1124 92 1475 580 251 31 1787 2017
2305 350 79 2068 2665 722 1067 246 2511 1547 1134 2842 97 204 116 2741 1463 2135 1606 1212 1935 899 137 2041 692 1944 2292 1126 2294 442 2319 2766 1962 2736 2728 447 1056 790 1055 2825 2207 2580 2558 686 2813 2719 2248 2435 1452 494 140 2057 1841 1899 2286 1076 2291 2506 362 165 574 1937 2382 804 1275 1868 608 329 274 2687 864 1831 1464 430 1892 725 1293 994 1655 1777 383 1680 1771 1273 2322 1639 1692 858 146 125 711 508 1942 412 772 2258 1376 2611 526 2698
312 2832 1146 987 635 2501 1624 1405 85 1407 4 2300 2082 2270 1102 547 1934 556 2411 1386 59 626 611 1545 188 1319 1752 221 1644 2389 2044 2790 2528 1926 2817 817 2367 1737 1656 1202 943 1092 2397 950 2424 2574 1799 826 2840 1552 2419 1190 550 259 2133 1617 1422 978 613 1486 712 2312 904 2836 900 2544 1468 2767 606 134 1208 2477 1983 2515 977 463 2631 2088 2826 1437 2606 155 1993 2148 518 1948 1307 283 1897 1956 1029 947 1782 1416 260 1262 1339 2105 1636 1096
835 1908 284 1310 1107 1254 702 1830 931 848 903 1512 1114 768 65 1720 1340 1821 2388 1608 2471 2601 990 502 250 1767 1975 684 297 1845 2624 1235 103 578 1323 126 2276 688 1413 1186 522 1391 2314 2667 2759 999 962 1831 782 1972 721 1018 2061 726 927 464 1465 1706 534 2236 2429 331 1655 2402 1475 1011 806 125 780 1472 1647 1008 2687 1756 1395 1275 1730 268 655 1912 2059 2505 2465 1140 1568 1273 2407 2277 1378 108 1680 1916 1921 936 758 1230 1612 2062 1317 1789
1710 1701 1489 1417 860 197 463 1788 1993 2767 606 1437 900 674 1208 1029 550 1307 1782 978 2397 675 1486 1627 433 178 489 1468 2480 259 2836 2424 712 59 2574 622 2646 2419 2289 2515 2626 645 1422 1658 1319 2084 1552 611 446 1981 2649 1369 1190 134 1313 906 319 1051 2076 1840 1381 1983 1218 904 2817 1934 559 1123 1617 173 1362 524 1092 2501 2826 1428 970 2528 2628 2724 1897 1386 1388 260 188 1870 2343 2035 2544 769 1956 547 2050 2753 2358 2650 2676 2606 580 1151
571 340 1065 332 569 988 2090 2415 427 2217 1256 1793 2568 901 121 193 2423 2786 979 554 2227 176 2668 2743 2333 743 432 2108 1562 1430 1033 1890 1393 1699 1888 555 1686 2029 417 1553 868 429 289 597 2380 1886 1418 536 802 1492 2267 886 1398 1236 1053 323 361 62 2078 2047 2032 142 302 370 2421 56 21 1189 199 292 878 681 1431 893 2451 1272 2520 2117 1041 680 36 1038 78 2384 1754 2025 2687 1787 1949 653 159 580 192 2671 2119 1124 2406 1037 1741 2505
1416 1948 1096 497 1586 1362 1897 2046 992 2815 1316 1636 2272 1965 1496 1051 1860 1218 2713 2352 2628 1584 2556 1840 1261 1658 2545 201 64 1381 1796 2721 2836 1782 2034 194 2755 715 2241 100 155 663 2023 1569 2045 51 712 305 1640 747 48 2433 2439 439 2686 2553 653 1878 1123 2376 168 1117 2509 1780 2121 1262 1435 580 654 231 455 2343 192 31 1339 1810 225 525 618 786 2764 1216 1961 363 1787 503 670 978 2715 2767 2770 326 383 562 413 207 68 2232 28 2594
1993 463 197 550 1422 2631 2767 1029 712 1489 1663 2836 1045 1617 1417 1782 1710 2050 1701 860 735 440 179 2840 2837 947 2649 1649 2241 134 169 1658 1386 1788 1840 1369 900 155 1552 547 2130 51 1486 2082 1307 1381 518 2270 1051 925 1437 1328 1444 2397 556 489 59 1208 2628 2419 1870 1092 1218 987 1640 480 611 2817 26 260 2011 2439 1261 326 1468 1544 31 2826 563 348 1319 659 606 645 2790 1860 932 305 2515 1102 85 580 2076 2832 1262 1405 2133 1656 613 188
2092 2269 2797 299 352 2139 2833 2844 2576 1629 1009 264 2776 1982 837 1925 2371 1814 428 1735 1539 1815 741 2455 667 2063 1619 403 1159 1549 1122 879 2484 2175 2403 2731 577 1349 1366 2399 1520 160 234 262 1816 1 969 1571 1589 2727 147 888 2189 1660 17 913 2633 641 226 2215 551 1572 1025 1480 307 1373 2226 2607 2385 2771 1618 1863 846 557 342 1069 2460 1060 1540 642 2094 2758 2710 685 2340 2635 2100 537 1530 1295 1607 2486 273 1059 1622 2431 2104 1615 2158 600
2792 118 567 998 1583 1791 2065 515 9 919 1354 1579 952 2491 1769 2328 517 778 930 1179 2711 2778 382 1970 808 841 928 1977 114 2729 2379 1851 1657 1854 1531 887 1770 923 7 639 2304 945 227 1063 2682 748 1211 982 975 2647 2252 1578 1651 1920 2793 311 1470 875 819 916 1210 763 1271 2310 2349 1667 579 151 2559 492 1585 1154 2618 2459 2488 1831 1655 1239 2723 2042 1706 1367 2829 1335 125 464 999 2097 2062 2236 927 633 1475 2225 1018 177 1932 1275 2416 528
133 2327 1792 2418 2374 1034 1580 1861 1234 2174 1392 57 493 210 548 2461 280 1724 1930 1575 746 793 1276 1358 570 1375 2125 2456 1947 1859 1664 1196 976 2004 689 366 2229 2330 2186 1665 1279 2672 1072 704 1758 2694 421 756 1765 859 294 2039 2184 1551 797 2838 857 1887 2356 1350 583 2206 801 2581 263 1193 228 2659 1457 588 2590 158 77 656 880 2739 1043 1877 1086 2541 422 1776 885 170 2332 242 1229 438 349 2703 2321 287 1030 1377 1081 1191 798 470 720 1522
477 453 2163 401 1628 1976 1872 760 1145 99 461 73 2055 399 380 1599 1233 1510 2074 437 823 981 816 2122 208 177 2829 595 2679 1023 2655 2587 1903 141 1085 1717 1047 1163 2098 2469 731 2747 2126 1160 612 72 172 460 2636 2009 1784 1415 694 2577 174 2722 164 2452 1688 2775 2274 156 1241 144 1808 1155 1404 1100 1479 1089 726 1682 331 430 2594 696 1275 2557 655 2191 999 2470 33 455 805 2244 1706 120 525 1831 1376 464 799 2552 131 268 927 2407 31 1923
956 1882 115 1761 829 1153 334 750 1541 2387 820 154 1227 2740 1059 2749 1603 342 2468 551 38 2194 661 669 1995 2278 2261 2823 1221 285 448 2402 546 372 721 455 2476 1647 795 582 636 1262 1011 1472 1536 1972 42 1124 2197 225 1318 1037 2025 1199 295 476 1018 580 2236 1275 471 1692 2425 758 402 971 2407 1127 936 2053 1274 108 1438 363 2688 753 2687 655 430 2168 1140 2807 2678 2056 653 2398 1117 2690 2182 732 1506 780 2399 6 418 1216 389 31 2061 1108
2045 1584 2023 2755 747 258 770 1320 889 1443 2496 2686 1833 2545 455 1262 1938 225 159 580 2025 2193 207 1141 2715 503 33 1961 721 31 61 1747 1787 1700 854 2402 331 418 268 2543 633 2594 326 1706 2142 654 1756 1293 52 927 505 261 786 1117 504 28 2236 1532 192 653 464 1831 458 2244 430 1275 1972 655 1647 2407 1011 1897 2812 1822 1835 1563 1789 523 1780 478 1216 1124 2669 1481 849 2742 313 1711 2119 1969 1568 2316 1140 1730 726 152 533 1929 999 2053
61 2669 192 1787 1781 2025 207 2794 2091 245 49 408 1282 2164 139 2396 383 2173 838 2280 225 209 356 296 239 1780 1127 654 2070 449 525 1141 1505 2470 653 2311 625 252 679 1555 216 1356 1435 1248 1274 113 1598 1299 1168 1506 2137 822 2232 1924 27 858 2279 455 2565 696 1037 344 1124 2053 2806 1475 1216 1140 295 2236 752 2531 268 1011 52 1612 1662 418 131 1481 806 1875 346 1967 484 1024 495 1477 786 1262 1918 1568 2244 53 402 33 780 1843 1635 391
1113 1371 2572 482 2569 1874 1084 1616 2025 1223 682 2291 92 2194 1592 2057 2115 647 1757 580 207 225 574 2261 327 2806 1477 2683 61 1787 192 326 491 455 2438 2687 2402 331 2053 2639 2571 655 2396 882 2678 1011 295 1661 1280 2263 986 244 84 31 1987 356 1216 159 941 1262 594 1687 1293 653 1275 1647 504 1282 721 2058 430 1124 494 677 2557 261 2690 2343 2152 2494 2386 1438 1525 2794 2669 471 2467 2464 346 2056 815 1144 2503 1635 2421 1781 1143 275 1741 296
1425 1380 459 2167 1044 443 1090 1006 1308 586 1082 2268 946 1763 922 37 1449 1267 396 1456 2313 2627 122 1284 1697 1865 661 2168 836 971 2156 2197 2096 1321 935 1736 1933 2794 1680 2720 734 2645 2514 2432 28 2091 1709 1790 38 1827 2250 2648 2342 2562 1188 1027 1831 350 505 2452 1018 1858 905 1263 239 2164 653 1335 2831 2216 1750 2030 412 2188 2450 1662 1692 1474 1563 2429 468 2283 8 2228 2193 782 847 2750 1435 1248 2425 625 2398 1896 2806 1655 1671 481 669 561
1139 2152 1605 1221 2502 1891 6 285 582 1083 546 1570 1702 2643 732 2841 620 181 1866 2348 1723 1953 759 214 1797 1260 1697 973 807 2751 1882 475 2816 1602 481 1371 1987 420 468 909 2346 1365 2263 2567 1397 1171 84 298 621 2476 22 2677 941 2115 1380 815 2043 1916 2768 2810 1214 1032 148 2807 594 244 1616 2109 1188 106 2060 454 411 1251 2182 45 1364 171 189 1865 1632 2313 2831 2425 2726 1064 1318 2705 1018 2141 2303 587 2522 2056 636 1979 785 2760 2678 2017
519 1992 392 1419 301 2763 773 2331 1442 257 2102 2843 1969 2145 1495 1779 730 406 2516 1385 1511 338 1707 1466 1138 1871 1731 1007 1526 1325 2613 288 1705 2458 966 320 1800 2543 2341 2600 1131 1645 1681 336 1002 2660 2085 2609 1894 487 253 2151 1676 1794 1455 1783 937 1742 1384 1498 337 1370 2746 942 1243 1068 2290 1379 365 2696 1670 410 544 1424 2299 435 2219 1005 434 2730 1142 2830 535 2364 2560 2788 94 673 1020 568 355 709 1309 112 1634 800 1966 186 1614 1581
2045 1584 2023 2755 747 258 770 1320 326 31 580 159 2686 2715 654 455 848 1293 225 889 1356 2316 61 1141 418 478 207 653 2402 2698 2144 33 1822 331 1262 1443 1275 721 503 1780 1117 1097 464 68 1438 1787 1706 2025 655 192 1216 2669 1319 471 1143 1730 786 1140 1118 1692 1472 446 1929 1972 684 903 1647 2244 2693 200 1831 1568 1756 936 1481 52 1938 1628 430 533 702 2119 1700 523 2142 1011 1273 1466 999 1557 1503 261 1755 1339 1491 643 2070 2061 1635 2687
2277 1801 1798 2323 529 962 1334 395 2644 572 1230 2759 1394 2054 2540 1175 646 545 1951 485 1306 2787 589 727 1361 1683 2000 658 1451 1559 1427 240 1389 789 1115 1106 2579 1300 1353 2546 2066 483 581 714 1213 426 101 251 803 374 898 737 1558 1883 2430 2504 2178 1928 2784 436 24 304 2113 634 2409 293 1561 215 1597 2024 2242 2143 2249 1689 1166 1900 2040 614 853 754 364 1207 895 2072 93 2381 768 315 2280 931 239 2236 726 1050 1827 999 1898 1186 2114 989
2629 2428 1429 2539 2578 2798 729 377 2221 1337 828 1070 2640 358 964 2120 2031 2671 2038 1910 2335 1399 1266 2828 672 1668 1952 2602 933 2808 1374 2083 2520 1764 2570 1329 2795 2839 640 13 2210 1272 698 1249 56 865 2047 1754 323 2032 1949 1189 370 1038 1521 1049 955 1041 1187 2053 27 2421 1124 839 2236 838 209 1118 344 2343 1127 2280 2406 356 216 1018 1216 455 1037 1472 1143 653 1275 1568 580 782 932 1274 2396 1140 31 1924 1262 2232 1822 1255 220 1240 1635 1282
1113 1487 924 1400 1471 2573 115 1687 721 2402 1124 1972 2025 1648 430 655 225 471 1037 1763 1916 1787 61 33 2406 1438 1008 1395 653 2407 1011 331 1995 758 2316 1317 1018 1882 1140 2053 780 207 275 1472 2301 1921 2429 806 2061 455 1568 956 1137 1961 534 418 1216 1756 1187 1715 31 953 2236 1199 2806 1647 525 200 838 1635 2003 2244 108 1262 580 922 2346 1481 290 1967 782 2173 796 478 2396 389 1780 1082 1662 363 356 1730 1711 2669 296 2398 753 192 216 2136
1146 312 2832 987 635 2501 4 1752 1405 1624 59 1102 1545 556 626 85 2389 1934 547 2367 1386 2300 2411 221 1407 611 2270 1737 1644 2082 1319 2790 950 1092 2817 188 2528 1799 2044 1656 943 1202 2419 2133 2574 817 2397 826 2424 977 2148 613 1636 2767 2069 1190 978 1486 283 2378 904 2312 2214 1208 1339 831 1582 724 1468 2836 1961 1711 2105 1003 550 347 1881 1415 2599 1501 1422 995 2762 900 1912 2606 1983 2025 152 1649 278 703 192 2589 2475 2594 1484 1700 1926 2003
1107 835 1310 1908 284 931 1254 702 1830 1114 848 768 903 65 1512 2388 1608 1720 1821 1767 1340 2471 2601 250 990 1975 502 2624 297 1845 684 103 1235 126 1323 578 2276 688 522 1186 1413 1391 2314 2667 999 1972 721 534 2759 2061 2236 2429 1465 726 806 331 1831 1458 464 2402 780 1475 927 1011 1706 1756 1647 655 1018 936 1008 1395 1655 962 1568 782 398 1472 108 1140 1273 2311 1921 525 2687 1275 268 2059 1912 125 1875 2465 2505 2407 363 1967 225 1015 2715 1662
614 1137 1590 1087 1207 2072 93 895 1558 898 1166 714 1257 2409 1928 2022 1971 803 1019 2066 63 1801 1197 2759 1786 304 1213 1389 2113 2178 2000 1300 2277 1115 1334 1394 2546 1106 2242 374 1561 1883 1785 407 634 1093 291 1175 1559 545 2784 1346 240 962 1353 483 485 251 24 2579 2114 1593 2504 1161 737 1951 1535 1228 2323 1631 1597 1683 2054 529 2542 215 2143 1749 1333 1898 2238 192 1141 61 182 782 783 290 625 426 2715 430 2025 1435 679 101 1018 455 2311 364
1305 2512 222 2218 1052 1504 1436 2362 897 1736 1638 2450 2342 755 1806 1933 2071 2355 1790 2201 2691 1911 850 2750 1709 2432 935 1098 2156 1321 2645 836 2096 144 2420 320 796 1682 2318 580 1479 1275 33 1293 653 1692 1097 159 1822 2452 2070 595 175 1273 216 2594 192 1143 1248 2311 1929 2687 2396 1941 525 679 1435 2773 625 2199 2693 1730 31 1676 1662 1141 1216 2025 1635 786 2611 2698 2232 1598 643 344 1118 1135 1787 1050 1363 313 2164 523 326 2429 1387 1356 1827 1472
767 277 1443 1938 2686 889 1833 1747 2496 369 1460 2702 211 2532 1989 1980 2315 2685 770 2510 2478 431 951 70 2818 2302 1125 1753 2777 2077 1320 1834 2015 1165 1557 2772 1252 1608 2561 191 1759 2757 1842 2 1831 315 1390 553 297 997 1275 1845 655 331 430 326 2715 1548 927 2622 455 31 2663 412 1730 1568 580 1293 1340 464 1472 1655 268 2687 18 1008 125 2507 643 1303 68 1706 788 2142 1822 1929 2406 2025 2634 1972 346 2402 1356 1118 1262 1143 721 1323 2316 113
1742 243 1554 1105 1396 1370 813 2458 966 355 1495 337 2696 2257 487 1705 1681 2600 1384 1614 1331 2660 1673 942 2085 2543 2049 530 1301 908 1604 446 1237 1002 607 1567 1017 1981 2093 2140 1058 451 984 320 2796 1978 1893 1676 2259 2782 54 660 412 360 561 1275 1829 921 1273 710 1909 1018 968 662 2279 252 430 542 295 1119 1972 28 1472 655 2402 2064 782 2061 721 268 175 1011 1739 2687 840 1647 1929 753 1565 858 1140 2806 1598 2236 2398 2664 671 1303 1216 1031
631 1518 1290 2596 2282 2064 921 2392 1017 1909 984 662 2796 1613 2140 1978 1058 2049 1879 1119 1002 451 1567 1301 530 446 1604 394 2357 1981 2093 1237 1906 2262 1676 607 2085 908 1384 942 1621 852 2543 1396 355 1105 1331 660 813 243 2257 1673 542 1614 1554 1718 2782 2696 2458 487 2274 1808 2259 1370 1705 360 1404 54 2600 337 710 1681 1100 124 966 1742 1495 2829 1739 918 1145 1155 1000 177 220 1089 1853 52 144 2122 1216 1435 1047 1240 2452 367 430 2664 1039 478
2769 348 2454 480 1369 2649 925 26 1870 2714 2538 550 179 663 518 1859 421 2840 689 756 1392 1092 57 1901 1453 2125 2574 793 570 704 2461 1758 1861 1665 463 1358 1710 1172 210 168 1489 2004 433 1169 2155 1276 58 77 2752 1417 445 1345 1434 1690 404 231 2375 2418 2327 294 2419 1792 1631 2397 884 2020 2724 1983 1034 2581 197 280 1575 1930 769 693 559 1193 259 457 1576 1838 1072 516 588 279 1336 2553 1590 1203 1103 712 514 2650 563 524 1292 1609 2456 95
1113 1487 1757 2025 225 1882 2669 882 455 275 1225 1166 351 1018 1612 2154 1262 758 430 956 2402 1435 1780 61 721 654 1127 478 2398 753 525 138 1011 1395 1472 346 52 108 909 1787 2137 1477 1141 216 123 471 1921 2527 1206 2150 278 2467 2690 782 1140 89 389 1869 655 1568 1481 402 653 92 936 1412 31 2177 822 1438 2470 780 1220 2301 418 1648 363 331 1124 580 1420 2407 2821 290 1216 192 1918 2634 207 534 322 2142 1972 625 2244 1356 2762 1024 49 771
1083 150 2263 1702 181 894 732 419 620 96 2554 6 2807 2153 1632 1927 2678 582 1525 106 1318 1371 1797 546 1365 1139 1536 2720 189 387 2116 1251 2141 2401 2386 621 1013 2060 1032 45 1336 2160 636 2623 644 949 2278 2188 171 2498 1364 2442 2502 462 783 481 2079 1221 2522 2152 2688 2643 2562 43 2048 762 2733 2612 2056 1596 1726 84 647 198 1280 1108 1004 2841 1692 1987 2737 1315 782 2567 561 1018 971 2751 941 785 815 936 1768 471 940 861 1438 1472 643 346
1971 1091 1996 483 240 777 1257 230 1786 1353 1300 2784 1180 564 1883 1801 926 2495 789 1357 39 1593 2288 2281 76 1137 766 1093 1818 291 2579 407 2238 1087 1178 2277 1749 1804 2000 967 2504 2785 761 803 1914 1447 1590 328 1106 1898 576 2317 1346 2422 2759 614 989 2224 2249 2114 1469 1631 2242 88 16 2054 1483 374 751 44 1559 581 341 1561 2555 1719 2523 93 895 2072 1836 1476 1620 34 1683 832 216 251 2437 2235 2745 412 2381 1662 1044 356 525 2764 1220 471
1416 1096 1948 1362 1897 497 1586 992 2046 2815 2272 1316 1636 1218 1860 1051 2352 2721 1261 1496 715 64 1569 305 1965 2628 100 2713 51 562 1796 155 48 1640 712 194 439 1381 1658 201 1782 2241 2836 1584 1617 2034 260 2556 2767 1993 2545 1422 2433 1552 1878 1840 1369 978 2650 259 663 319 1148 563 947 2755 2309 1045 168 2419 2439 2826 659 559 1123 231 2376 1544 2088 547 1486 900 2553 2652 1307 188 654 1328 1435 1899 1490 2076 1319 2544 455 1356 1054 1901 1262 1777
2282 631 1518 1290 2596 2064 921 2392 1017 984 662 1909 1613 2796 2049 1002 1978 1119 2140 2357 1058 1879 530 1301 1567 446 1604 451 2093 1906 1981 1237 394 908 2262 1676 1621 852 2085 1384 942 1396 355 1331 607 2543 813 1614 1105 2257 1554 1673 243 660 2696 1718 542 2782 2458 337 1370 487 966 2600 2274 1808 1404 1681 144 124 2452 360 1705 2259 54 1742 897 1100 710 918 1222 625 1495 700 679 1155 89 708 389 840 1435 1145 220 1787 1739 758 1039 430 1240 1856
536 1588 1132 121 2090 193 988 569 36 1268 1431 680 332 2117 733 571 1065 979 340 1033 866 2743 2333 2668 2227 1393 432 2786 2108 901 142 429 176 1329 1817 1793 802 2839 1890 1492 1430 2406 1562 1711 136 2055 1764 1886 220 1317 1240 1118 2279 1303 1249 1395 412 805 1274 1356 159 444 2322 141 1582 2028 1187 504 27 1275 2078 878 2053 2029 2794 2822 2808 1648 1568 1293 847 1435 886 383 711 1164 2137 671 2570 2378 2091 772 1829 1008 580 1756 927 1124 1955 326
1886 1699 1236 1430 2267 2380 1553 1256 743 1492 142 2423 802 2078 1431 429 2217 36 427 2117 2333 2568 1053 1890 868 901 176 554 2415 555 878 1793 1888 432 289 2451 340 2668 681 2029 2227 866 2786 302 2108 292 2384 21 1398 361 979 199 733 2743 1562 893 78 1038 1033 1499 62 2421 680 1418 2735 1393 1041 886 1754 500 1065 1949 417 1686 571 1588 1462 332 437 1132 988 1233 193 121 2047 2594 261 2221 1787 597 654 2090 1707 2693 92 569 31 1187 2742 323
1056 2294 1944 2135 2741 1212 137 899 204 1606 116 2728 1055 2207 2842 1134 1547 1463 2511 1935 97 246 2068 1067 722 2041 2665 2558 725 79 165 2305 2766 692 2825 1126 2736 2813 447 2580 1464 2248 1076 1825 2319 686 2292 1937 2435 1899 2057 2382 494 2286 1986 1777 140 2291 442 1452 1874 1940 1185 647 2708 146 574 948 2393 2639 790 1639 1130 1892 1868 1223 1771 657 1962 2625 2506 804 677 1677 682 2719 2683 2569 271 1942 329 274 1473 2438 491 2037 864 1408 1841 1275
1179 2491 2328 1579 1977 841 1063 2682 9 945 1651 639 1770 1578 515 2252 1583 748 887 2647 114 227 1920 952 1769 1354 916 2792 919 1791 2379 2729 118 930 1531 2778 1851 998 2042 928 1211 1657 567 819 2310 2065 517 1585 1470 2097 763 1667 982 2575 923 2225 2723 2304 1854 1367 1970 2711 2459 778 1154 2488 382 808 492 311 1368 1528 31 98 1566 7 875 580 2462 326 159 512 1706 455 2618 1961 1262 2062 2693 464 2214 2349 1831 1755 2334 1655 2715 633 618 726
569 2090 121 988 193 571 536 332 1793 2415 2568 323 901 370 340 1189 427 1065 640 2421 2210 1272 56 13 2047 1038 680 2217 2032 1754 2520 1949 2671 1041 1132 1910 1588 2083 743 1275 865 159 580 2578 1477 955 2025 2557 1929 1240 2687 1293 2764 2798 828 1886 1337 1616 2119 2406 326 2236 2806 1273 1472 31 505 1097 391 1924 1118 1124 2668 1704 1441 2053 1475 331 655 2715 1037 2698 1787 192 125 1339 377 1256 1117 1692 367 753 1268 295 455 33 1182 1143 28 2611
1569 715 100 48 2721 64 562 305 1640 439 1796 51 155 2034 1860 2545 2433 2650 2713 1490 1453 2309 2376 201 1901 2631 1316 1636 2272 712 1496 260 168 1617 1381 2826 1965 2815 1840 2836 1782 563 1878 1658 559 1422 1948 784 1362 663 2088 2556 2241 1897 486 1428 1848 1416 978 2553 2652 1046 1096 1586 2419 2007 497 659 1369 259 1045 1051 645 992 2628 1123 1307 2708 2046 1486 2358 2337 231 900 2649 1983 2840 674 2767 518 2439 1029 1261 550 1092 440 1899 1148 925 1584
483 240 1300 1353 2784 1801 1883 2054 789 2000 2540 1451 2277 1361 1559 1427 529 2644 1106 1230 1971 1593 1786 251 766 2504 572 1091 1798 2238 2381 1093 2579 646 1996 1257 545 395 407 1394 1900 989 1898 1683 1804 230 328 2040 341 737 2787 777 1334 364 1115 2114 101 803 215 2242 374 2759 291 436 967 962 2546 581 1719 1137 1389 2072 1951 614 1180 2323 1087 926 2235 1175 564 1306 1447 589 1207 39 1561 658 727 1178 792 2495 2288 2066 44 2249 1357 1483 1558 2296
614 1137 1590 1087 1207 2072 93 895 1558 714 898 1166 1257 2409 1928 1971 803 1786 1197 2759 2000 2022 1334 374 634 1106 1559 426 1389 1357 1115 1597 24 2066 1300 2546 1019 63 1213 39 2143 2242 1561 1689 1180 1883 2024 989 215 1801 581 1175 1353 962 251 485 646 2114 2579 1683 2784 2113 1798 240 2054 2430 304 2277 1951 483 2787 1091 436 737 1230 101 2288 529 1818 1451 2178 2323 564 789 2504 853 1996 407 926 2040 1900 572 341 2644 364 1346 777 76 1361 2281
2152 2502 1365 2751 1866 1371 785 214 1171 1214 22 2141 2567 909 2109 2263 1605 2348 621 1953 84 2726 1139 1661 183 1602 941 454 2841 1525 2162 2060 1987 2503 189 1032 1744 106 1907 1280 167 2623 20 1632 1458 1217 171 2160 1927 96 744 481 815 2079 2386 2401 2591 2612 924 398 2678 300 959 150 43 1315 1084 335 894 2562 957 1596 2030 856 419 2230 2554 1703 1726 1199 592 2197 506 309 1336 1364 2153 2705 861 1288 2498 1013 1363 2572 1064 2188 333 851 2608 762
213 1533 2638 757 558 1728 2320 2024 2413 2533 135 754 29 1149 2295 2756 24 2430 1478 286 2143 184 2408 2673 2172 1231 2021 1719 218 426 1296 119 1689 1383 1448 1265 80 1597 2472 634 2615 1312 967 1984 293 1804 853 707 739 91 2235 792 2296 898 1849 2409 2260 1928 2354 1228 1166 714 252 1829 1785 1168 1299 995 1274 359 1945 2378 2113 2279 424 520 1024 192 1269 1127 240 646 430 232 2531 2301 33 2066 1213 2054 1435 2407 1011 2178 525 268 1616 113 494 331
1929 2687 1275 1730 2806 295 1475 2236 331 726 999 1240 2301 484 2059 2053 1037 655 1124 806 1011 2429 1662 534 780 1465 1831 1655 2244 464 1706 1273 2698 418 927 1789 220 2715 1140 1481 786 1008 314 391 52 344 2513 467 363 1216 504 1438 2407 53 1635 1568 1967 390 430 268 1875 471 346 2470 389 1941 1918 455 2062 2765 452 131 1378 31 580 159 1715 758 290 1050 1187 1293 1039 1097 326 2823 225 2465 2505 1822 1648 1143 1022 2142 478 840 936 2406 1843 2821
1752 1146 950 2300 2367 2556 2069 987 59 1545 1926 1407 4 1496 2389 1316 817 626 2832 2790 1799 547 1102 613 1202 85 312 221 1737 1386 1965 2082 2477 1636 2817 2270 266 556 1656 1405 943 826 635 1319 611 283 2815 2272 188 1624 663 2501 518 2836 1840 2713 1051 2767 2528 194 231 1644 1584 1934 1782 670 1218 1362 1897 2352 440 2553 965 201 1003 1381 1092 2628 1658 2411 1339 1649 1860 134 1586 326 259 900 1704 31 1117 155 1961 2419 580 978 854 2545 159 2826
2399 2727 1520 1 234 352 913 307 1572 1349 685 1025 969 2213 1618 537 1629 961 2226 551 1101 1862 2635 1815 203 1540 2215 1539 1060 2340 403 2063 2138 2431 17 2455 385 2834 814 1059 1571 1159 1615 2189 1814 1366 1660 342 2158 147 557 879 1009 2403 837 1816 2255 2633 2104 577 273 264 1803 2797 1242 2473 1480 573 2524 127 2607 349 846 223 2092 2844 2484 2139 1167 2833 1735 2486 2710 2269 317 2811 741 1925 2175 1619 642 2460 1069 46 299 1863 1982 1355 2412 154
1993 463 197 2767 550 1663 1422 712 2836 1782 1369 2649 947 2050 1489 1045 179 1029 1649 1617 1870 2130 1417 925 26 1710 2837 1701 860 735 169 2631 1444 1328 440 1658 1381 2241 348 2454 2840 1840 480 1054 1437 900 2628 1218 1486 1552 645 1544 155 1051 518 2011 1261 2397 1092 134 2419 2439 1208 1307 1679 2817 489 1623 2707 260 59 663 1386 445 547 2574 659 1777 970 51 194 817 2652 1640 1185 1118 1983 1656 559 2352 2826 2708 674 2528 2769 1143 31 965 2790 2538
2414 2550 107 1507 1177 1104 2604 1669 2641 55 2176 397 728 1194 575 2019 2754 1482 2080 2239 1691 2247 2073 796 845 187 1829 696 917 1789 1168 1014 1299 464 2154 32 469 462 671 2214 2715 896 2504 2637 1241 1655 28 313 384 1297 138 831 2177 1182 2033 15 2378 272 608 927 920 2306 902 1907 1612 1523 1706 1420 2395 1831 2383 1262 2407 1832 1037 1026 541 525 1957 1601 1841 33 113 2674 268 347 354 331 27 858 1813 2508 2240 1563 125 2191 441 1259 2345 726
350 2305 79 2068 1067 2665 722 246 2511 1134 1547 2842 97 1463 204 1935 116 2135 1606 1212 2741 2041 137 899 1126 442 692 2292 1962 2319 2736 2294 2825 790 2766 2728 1944 1056 1130 2558 2506 1055 165 447 2207 2719 1940 725 1841 2813 362 329 686 2248 1825 804 140 2258 1986 1076 2598 647 2639 1868 2436 2580 2382 2286 1452 1464 2687 274 1937 1942 864 1680 2057 494 271 1293 974 508 1275 2499 2683 1097 994 159 711 2322 1746 412 948 526 2279 1692 2250 580 608 1899
2671 2520 729 1337 2539 2798 2640 2578 2629 1429 1266 2808 964 2428 1952 1272 1399 2038 377 828 2210 2221 1070 2335 2031 2120 13 1910 933 640 2570 1329 2839 2083 2795 358 672 2828 1764 56 1374 1668 2602 865 1249 698 1189 323 2032 2047 370 1754 2740 2513 569 2421 571 2468 1949 1038 121 1521 1240 955 2090 536 1275 2687 27 1124 1929 2236 340 1187 193 1806 1802 2053 654 1880 1037 220 653 1118 1475 1273 1780 2698 1140 1787 1829 1438 471 988 402 1647 2396 1506 2343 1216
2769 2454 348 1369 26 925 1870 480 2649 2714 2538 550 179 663 518 463 1710 1417 1489 756 1701 2375 366 712 197 57 1392 2004 100 1859 1861 48 421 2840 1358 2125 1453 2456 1665 860 1490 1569 188 77 64 793 2461 1234 2155 2397 1983 715 260 2327 2123 305 1575 570 228 168 2174 1765 1034 1758 2419 2694 2330 2721 689 704 746 2650 588 1580 720 548 976 1901 1092 2574 280 2418 1930 2034 1947 1795 439 1345 1617 2374 514 817 2358 611 1664 2130 1030 2229 524 1792
1489 1701 1417 860 1710 197 1788 463 1993 550 2767 1437 1782 1307 2649 674 1208 1029 1369 1949 2836 1051 900 606 31 446 2628 1486 580 1840 925 159 2419 59 1870 326 2817 179 712 489 906 1422 2515 2076 1627 2289 1143 1468 1386 1658 1118 1293 1649 1692 1097 817 2343 26 1262 433 1218 2424 1617 155 1216 1822 1261 2050 348 1319 2715 1472 331 1045 455 675 1981 2397 978 134 260 173 547 430 178 618 1961 2480 655 934 2783 2367 643 440 347 622 2611 653 2017 1584
1971 1786 1357 1257 39 1091 777 1996 2495 564 76 1180 230 2288 2281 926 1818 2224 739 1137 1106 2114 989 614 2072 1207 1087 1914 751 1559 2785 803 2422 2000 2129 1057 1116 1620 1713 895 93 1353 1451 1714 1732 2523 1593 2275 1836 1590 581 88 1178 1073 1678 47 1224 1447 44 603 34 341 1346 16 832 2437 2317 1483 1166 1476 1361 291 1900 1450 1469 676 339 1558 761 1300 374 863 830 2745 737 2518 683 1990 2180 483 1749 714 1672 1838 2784 1683 766 215 1147 2700
1548 269 1711 2762 1582 278 2599 1902 1817 1150 136 2378 944 1501 2475 1881 854 2779 1700 2589 224 915 995 676 413 1027 128 2443 938 1443 1833 1250 496 1938 1602 2142 2232 1820 351 430 1568 455 1822 889 1601 1303 1262 1756 1813 1789 1747 2407 940 1293 2154 1317 1423 1026 2180 2794 1921 2402 580 192 1940 331 1923 1245 1143 927 471 2025 207 61 31 125 1395 2062 1225 525 245 2687 2311 1912 322 2634 1011 1730 721 1275 1535 1781 1787 786 654 1749 1037 805 1972 2301
304 2178 2113 2066 1213 727 1394 658 589 1389 2546 1175 1951 1115 485 1306 545 1361 1334 529 1798 395 2787 1353 1106 2323 962 2277 1559 1451 2249 2644 1230 572 1300 2000 2579 1883 240 2784 1801 483 251 2540 737 374 2054 1683 989 341 803 2072 789 2114 2759 1427 614 215 2022 2040 1137 581 101 1898 646 436 1900 1558 898 364 2504 714 1207 1093 1044 679 1087 766 1027 625 1561 2242 782 2381 525 2311 822 761 1248 1435 1018 290 63 252 328 2285 113 245 1026 1786
2636 2009 99 72 172 1688 2274 1808 694 1089 2722 1404 1145 1415 1100 1155 1241 2577 460 1784 2775 156 164 816 2829 174 177 1163 1976 1085 477 2122 731 2055 2679 2747 461 1023 2098 208 1510 1047 595 1872 401 1903 1717 141 2587 2655 2126 2469 612 399 2163 1599 760 1160 823 453 2074 1628 2698 2191 2552 1780 313 238 2674 73 1563 1339 1274 1896 523 33 1275 1929 2716 505 28 1955 1140 68 252 2193 561 1024 2479 2265 1829 175 1835 430 2557 131 2244 458 2144 1273
61 192 1787 2025 2669 207 225 2396 1282 408 245 1781 139 49 356 2173 296 838 2280 209 2794 2091 383 2164 1127 1780 239 2070 654 449 1141 525 653 1505 2470 1274 1555 625 2311 679 252 216 1356 1435 1248 1168 1299 1506 1598 27 113 2232 822 2137 1924 858 2279 696 455 2565 1037 344 2693 1124 2053 1140 1011 1475 2236 1216 268 295 2806 1635 1477 1967 2531 33 1568 1275 131 418 484 52 1262 331 2142 390 806 1481 1024 1187 53 1789 799 495 2301 430 1317 2407
1701 1710 1489 1417 860 463 197 1788 1993 2767 2289 606 59 433 550 1437 1627 1307 674 1029 489 675 1208 2480 900 1782 1468 1486 2515 1319 978 2424 2397 611 173 2084 934 2646 2419 446 1981 178 1386 906 622 2626 31 2649 134 2836 623 1190 1051 1949 712 1840 1870 2574 580 2817 904 769 547 2343 2076 2628 326 344 645 1216 1656 259 1658 331 1127 2140 319 1240 1422 655 1931 2482 430 159 1123 220 1201 1313 1218 950 1097 1692 1293 1369 1649 1092 2611 2050 1275 1362
1946 2394 1778 105 416 11 883 7 1941 2793 1692 1755 1273 587 2407 2193 664 33 2698 471 1378 412 290 1662 1438 2742 216 1506 2070 2715 1275 786 1495 192 1465 1920 495 2285 1730 53 2244 2301 2687 2467 1822 1293 1031 2398 1472 561 1141 252 52 1843 1370 2681 847 2689 2110 1097 383 2429 1929 2311 2318 2250 337 849 2669 1741 1022 241 753 313 1220 1026 525 2181 245 2690 2821 2142 2396 580 346 1303 402 2600 1563 49 805 1481 1011 2565 120 671 1356 268 61 975
1842 601 18 2 2663 1834 951 2015 2818 1252 1759 1557 2622 2757 315 1390 1165 2302 191 2077 2478 2777 1753 1125 2772 2161 70 2561 431 2510 2315 2686 1747 2685 1938 889 1989 1980 1443 1035 277 369 1833 767 2702 1839 1075 522 1114 2667 2314 2509 1460 1391 1012 2532 202 1969 1810 286 211 1767 968 1413 768 627 430 578 249 688 24 848 2402 962 1869 1186 68 426 696 1827 1902 2496 29 1117 2350 1406 2583 1334 944 747 2378 269 261 2121 750 67 553 2276 2475 931
1146 2832 312 987 1752 2300 1624 1102 1407 2501 1934 1405 635 2790 221 1644 1656 2082 547 2817 817 85 4 518 59 1545 2270 2528 1840 1799 663 943 1926 1636 556 950 1319 626 1386 611 2556 2411 188 2044 2836 440 2367 1496 1202 2389 1737 1782 1316 978 2069 1092 2419 550 735 712 1965 2767 2649 1422 925 1649 1381 2397 259 2840 2538 2574 1468 1369 613 1051 2826 2815 155 2652 1658 2628 2241 524 965 1617 1148 1218 231 1190 1428 559 1437 1486 659 947 2606 2837 480 1362
1416 1096 1948 1362 497 1897 1586 2046 992 2815 2272 1316 1636 1860 1218 1051 2721 1496 2352 1569 715 305 1261 64 1965 100 2713 562 2628 51 201 712 48 1640 1796 155 1658 1381 1782 439 194 260 2241 1617 2836 1422 2556 1552 1584 2034 2433 1148 1878 1993 2767 2309 319 1840 259 978 659 2650 2545 1369 1319 2826 2544 563 559 663 2076 231 1123 188 611 2419 1486 1307 2708 547 1544 2088 906 2376 1901 556 168 2439 2652 1899 1777 900 1045 2732 1435 654 1490 657 1356 2553
44 1483 16 1447 1469 376 1672 2317 2437 1631 1836 2785 1749 1914 761 1057 291 1449 2700 1990 2249 1224 1178 2202 95 2745 1476 2441 88 576 832 1856 1714 1713 47 2190 1116 2129 1535 596 834 1593 1277 2180 983 2111 683 2827 34 2523 1743 2058 1176 1425 2555 1838 2422 132 824 1727 465 1346 1103 1620 1732 603 695 1450 2275 2547 894 2153 1363 2096 1073 1632 419 2554 60 1999 1304 845 83 96 935 792 1927 1286 1790 1052 1321 676 2518 1678 830 1147 1032 1120 2091 2750
1545 59 626 1799 2367 2389 950 4 1202 1737 1146 547 1752 1386 2082 2270 613 556 826 2477 1319 266 611 283 2069 1407 987 904 2312 188 1148 1491 440 2010 463 1172 2300 2148 1092 455 1181 134 735 1942 2515 1262 259 1924 271 2037 2832 1003 2840 2205 2530 1117 237 550 1771 2343 974 2200 996 312 635 1468 2681 670 1708 2767 1314 623 1677 518 2606 31 872 1564 2076 326 1029 1307 2208 716 977 1405 817 2814 1892 1216 1840 433 526 580 2692 2375 2837 344 1998 2440
1993 1663 712 2767 1422 947 1444 1782 1328 2836 1649 1045 1617 1054 2707 1623 2837 1679 2050 169 1381 550 2241 2130 1658 735 1029 645 463 2631 445 2011 440 1552 2840 155 1544 179 197 1261 1218 51 900 2439 1840 2628 134 1710 319 1489 1486 1640 1948 1437 1208 1416 259 674 1307 1897 2352 1096 1051 305 1362 260 1123 562 1369 2419 1253 992 2046 2133 563 1860 497 2076 1586 1701 965 1983 2287 906 559 2397 860 2515 1569 2544 1468 2482 1878 2088 978 1092 1417 2424 715 675
1132 1588 536 121 193 1431 36 2117 988 569 2090 680 733 866 878 1499 142 1492 2078 1430 500 1699 1886 1553 2451 1256 1890 802 332 1268 432 2029 429 2384 2267 2743 340 2333 176 2668 289 21 1038 1053 1236 901 1033 2380 571 979 1065 1393 672 2227 555 933 554 1793 2808 2217 199 1272 2421 1754 1952 1562 681 1888 1374 1266 1668 2423 2786 743 2828 1398 2602 1949 417 1829 1399 2279 640 893 323 2038 367 868 2031 2108 964 1187 235 220 2539 2120 865 2406 2570 13
1506 2070 1141 455 858 383 252 654 525 1780 1505 625 2669 1924 2311 679 1356 49 1435 1248 216 1262 822 1299 1168 2137 61 1274 113 192 1598 245 2025 2279 2470 2232 2565 1787 1568 2698 408 207 27 139 1273 209 1282 1781 225 838 1829 2396 1127 296 356 2280 2794 344 2164 1612 2531 2173 2091 1024 1140 1216 239 1124 449 391 696 2053 653 1037 1011 331 799 268 1843 1875 726 655 1755 1918 131 805 2142 2765 1967 1187 430 2236 1635 452 2693 1395 1317 1503 390 33
2063 1815 1159 2455 1814 403 2189 1009 352 837 2484 2844 264 2797 2215 2092 1122 1520 17 1 741 2833 2139 2399 2727 2731 234 2269 1571 1349 1629 299 1025 913 1539 1589 1572 1925 2403 1982 969 2371 307 2576 1366 551 1622 1619 2100 2486 1101 685 428 667 1480 2633 537 2776 1060 846 2158 879 1816 642 1618 1660 2226 1735 2834 2431 573 2412 641 814 1862 2175 2255 600 2607 2213 2460 2385 1373 577 1059 342 317 2811 1295 2771 2298 557 1863 1684 2104 267 147 1549 961 262
2267 1430 1553 2380 1699 1236 1886 743 1256 2031 2221 2568 1070 2217 2120 2038 2415 2539 1399 964 2629 2671 1429 2423 901 427 1952 1793 1266 933 358 2735 729 2828 569 672 828 1668 2602 865 1374 2798 2090 2808 2428 340 377 193 1329 2640 121 988 698 2578 1189 56 2520 2078 2335 2047 2795 2839 2570 1249 1492 370 2421 289 1754 1038 323 2333 332 142 432 1272 1521 2032 429 1337 176 2668 1764 536 1187 1053 878 1317 13 2108 27 1431 653 1949 571 580 1011 2406 1746 838
802 1492 142 429 1890 555 868 176 554 1888 2078 2029 2668 2786 2227 2333 1562 2743 1033 1393 979 289 1256 1686 2108 1418 886 432 417 1431 597 2423 62 340 1053 361 1699 2451 302 1430 1398 21 681 292 2384 878 78 1886 36 893 2117 199 1065 743 332 1553 866 1236 2267 2380 733 680 571 2217 1588 427 1038 1132 2421 73 2594 1499 261 1462 2074 323 901 654 399 245 633 877 192 525 92 1124 455 1262 696 1754 2742 2568 2322 2669 536 1923 552 1352 31 2406
924 1288 1703 1363 2216 2841 1487 2567 2502 2751 1471 214 2152 2507 22 1171 1605 2573 909 1371 1214 785 1866 1365 1953 2823 621 1602 2141 2109 2348 96 2263 1927 1027 183 189 953 997 419 2153 1032 1661 834 1139 412 138 84 2555 2060 782 45 106 783 949 1632 2726 561 2737 1727 1021 1018 643 1019 1692 1044 2632 2522 894 1220 1026 2017 430 2611 1293 1612 2821 2505 2465 2398 346 2250 2634 2687 89 847 2554 1856 602 2794 2779 2806 2365 1865 753 478 1568 52 252 1097
569 988 2090 121 193 571 332 340 1065 1793 2568 536 427 2415 901 2217 680 1256 865 979 1132 370 2380 2668 56 1588 323 743 1189 2032 1236 1886 2743 1430 2047 2786 1553 2267 2735 1038 1699 2227 176 1033 432 1521 1393 2333 1429 955 1266 289 1952 2421 2629 2539 1754 839 2839 2602 933 2808 1049 2108 828 1668 2221 698 1249 2640 1070 1949 2423 672 2029 2031 36 2828 1431 377 2120 1562 1374 1329 561 412 1272 2798 2038 220 2795 1240 1187 1890 1399 1041 2406 1275 1274 554
1882 956 115 1487 1471 953 2688 971 1802 1400 644 1153 1227 2261 2749 1018 1761 669 2194 829 476 1995 661 455 2740 1570 732 84 782 620 1262 1260 1083 2823 1011 546 1199 1880 281 2402 909 6 2690 2573 721 2467 2346 2025 2468 504 448 1472 922 402 2632 2278 1916 758 181 751 1395 475 387 580 2232 1702 154 285 1568 2442 225 1692 1972 2197 38 295 653 342 138 2611 941 2806 363 1124 2498 1706 936 108 753 389 1420 1317 2398 2634 2505 2465 1756 418 1221 1612
2185 1129 1411 2584 1684 1440 1694 795 2298 143 2517 386 2529 718 2616 2619 2363 2801 1939 2271 1445 958 787 810 1294 665 697 30 1446 1258 2460 1630 638 2481 1270 71 2749 557 1514 2468 1112 1360 1215 879 1366 1863 1480 1925 2833 1816 2139 1982 641 1267 1373 1735 1619 2771 1549 1814 299 2092 1660 2371 2607 2710 2740 2246 2576 1295 2269 307 669 2633 1524 685 1520 428 667 1059 1831 1275 1706 262 2727 1807 1744 1647 464 1730 295 342 991 2385 1140 1 551 829 2687 1655
1993 1422 2767 712 1663 947 1045 1617 1782 2836 550 1649 1444 1328 2050 2631 2837 2241 169 1381 735 1658 1054 463 2130 1623 1679 2707 1029 440 155 2840 51 1544 645 1261 1218 197 1840 179 1552 2439 134 2011 900 2628 1051 445 1640 305 1860 1897 1362 562 1948 260 1486 1416 2713 1096 2352 992 1369 259 1437 2270 1636 563 1586 2046 1208 1123 2649 1878 497 518 319 1316 2721 1710 194 1148 2082 1307 439 1777 2133 715 1569 2419 663 1489 1185 2088 547 2815 978 2708 2544 2735
1146 312 2832 987 1752 635 59 547 2300 2501 626 1545 950 4 1624 2367 1405 1386 556 2082 2389 2270 1407 1102 1799 1092 85 221 611 1934 1636 978 1840 188 1202 1737 1319 2836 518 2148 2424 2419 1414 817 2411 2133 1148 2010 2790 2044 977 1316 2574 965 1656 2817 2069 1123 440 1496 2840 134 2397 259 1486 1649 1003 550 1878 2767 1782 2606 1926 2105 1190 663 563 2241 2826 2312 1468 1422 1897 904 613 1644 1172 1339 943 1708 2652 260 826 231 900 152 2553 947 1381 2378
1681 487 1705 2600 337 942 2543 2085 1384 2458 966 1495 1742 2660 1978 1002 1119 2696 2262 1331 1614 1676 2257 1370 1673 243 1718 355 320 1396 1017 360 2259 1695 1554 2796 908 1000 1853 1105 54 791 2664 1031 813 1565 1893 2369 2782 1739 1287 710 852 1301 1508 1290 2392 50 1567 1981 542 2803 1604 446 607 660 1518 1237 1058 530 2596 2049 747 711 2773 1293 1822 144 503 580 367 1143 1909 1680 1741 1317 1097 984 235 261 451 1118 1141 1461 192 1275 1704 159 2687 313
1056 2294 2135 1944 2741 1212 204 899 137 1606 116 2728 1055 2207 2842 1134 1463 1547 2511 1935 97 246 2068 2041 1067 722 2665 2558 79 725 2766 165 2825 2305 447 692 2813 2580 1076 2435 2736 2248 1126 1464 1899 494 2286 686 2057 1937 2319 1825 2382 2292 140 1777 2291 1892 1874 1771 1452 574 1185 790 2708 2625 1677 442 677 657 647 146 948 2393 1639 1986 2639 1223 682 1868 804 271 1942 274 2683 2569 1940 2037 2438 864 2719 2440 608 1962 1408 329 526 491 1692 1473
1083 582 546 1702 6 2643 620 732 181 1221 285 1797 759 1260 468 807 2476 1697 2807 1139 1318 636 1570 1891 1882 2425 1858 1188 2313 411 2278 1536 922 2194 661 1723 2261 2816 1380 1865 2171 2268 973 2167 1692 669 936 2118 1610 475 476 2043 1018 298 1456 1768 758 782 448 643 402 2810 2346 2465 2505 2611 389 1048 42 1472 980 363 1763 1227 108 346 45 2467 1662 2398 1378 471 653 753 138 2690 1364 721 1647 1438 478 644 1612 387 2821 1251 2687 1015 418 2632
1930 2327 77 1792 2461 1276 704 421 2418 210 1392 1034 1861 1234 57 2174 1580 1292 793 280 2694 1859 2125 570 934 884 1348 1358 2456 1576 1072 242 689 1665 170 158 2155 1030 2229 1377 2127 2004 1857 82 130 2581 438 1522 287 185 1716 1193 2330 1432 1758 2703 1086 470 2186 2206 746 1345 880 514 1724 1575 2374 1375 294 798 2198 1664 756 1279 2187 1675 2838 548 1551 2588 2039 133 422 228 2672 857 2356 1350 2659 656 1887 2590 801 263 2332 2123 1947 976 1776 842
1971 1786 1257 1357 39 1091 777 1996 2495 1180 564 76 2288 2281 230 1818 926 2224 1137 739 614 1106 2072 1087 2114 1207 989 803 1590 93 2000 895 1559 751 1166 1451 1353 581 1558 341 1346 2129 374 1620 737 2422 2242 898 215 2275 1900 1732 603 766 1593 714 1300 1678 1116 2409 1713 1914 1714 2784 2785 2040 1361 1093 2523 34 1073 1928 1836 1178 1683 2504 1883 1561 436 88 2238 863 483 1450 1224 47 407 2381 339 830 1601 1568 1898 1662 1961 2759 240 471 1057 455
12 1473 1721 1876 2809 140 1868 1452 2580 523 2552 608 1018 2402 1829 430 401 1026 1472 696 494 274 2716 2059 1706 534 1972 175 125 1899 788 671 721 1831 1039 464 2057 2762 627 2191 1439 1711 252 999 927 452 1024 655 1932 89 331 2119 268 1475 1655 2531 2236 2765 1275 805 505 2244 806 1918 1303 782 2435 1881 758 726 2698 1789 278 173 2470 780 1787 1613 2429 458 2279 1317 2061 2557 1931 2144 389 225 484 1182 501 968 444 1647 1929 1692 1465 1746 239 864
2252 2682 1651 1179 1977 1063 1579 2491 2328 841 1583 639 916 227 9 945 1578 1770 2042 114 2310 1920 2647 1211 748 515 887 2097 2792 998 919 118 952 1354 517 1791 1769 2379 982 2729 567 928 930 1367 1657 2065 2778 1970 819 1851 1531 1566 923 2723 2711 2488 1368 778 1667 1154 382 2304 311 1239 1470 1854 1585 7 2349 763 579 2459 2575 875 1210 2225 492 1528 455 975 1262 808 655 512 331 1271 31 159 726 999 580 2715 1706 1275 326 1755 2698 2236 1274 1216
472 1803 1509 127 1060 1341 1607 1069 2758 1811 1167 1530 1355 2595 2738 2138 2094 1078 577 166 160 147 1862 2431 1421 385 2266 537 352 1242 1524 262 1278 867 2385 2811 2835 2444 1101 2710 641 17 1373 888 573 600 2648 961 2399 2213 2340 2403 2820 814 273 2255 2189 1338 1619 551 2771 1807 2104 1618 1540 1571 1025 1215 2460 1059 317 2781 226 2412 1291 1324 1159 667 1863 405 1988 2208 1258 267 1652 2486 716 2481 912 1270 1815 1295 741 1828 1238 203 2727 403 2692 41
