1371 2152 2502 84 2263 1605 941 1987 621 2141 183 2567 1139 2751 785 171 2109 2503 214 1866 1525 1280 909 2623 1880 481 1661 1171 1802 22 2677 815 1214 2841 959 1084 2348 150 1953 2048 851 1960 2572 506 2678 1365 2522 45 2056 1602 1032 1251 2182 454 2608 2760 270 236 1283 106 189 1108 2761 1927 2060 1064 1286 1632 2831 2705 2401 1364 1199 565 1768 1844 1113 2386 2197 1288 96 2612 1726 419 2554 1703 894 43 1458 2216 2562 924 2153 744 1363 2720 2425 396 971 2188
85 1656 1102 2044 2790 943 2817 1644 2528 1934 221 2411 2300 312 2832 2501 1926 1624 1405 817 987 635 188 1407 611 1319 556 1386 547 2082 2270 2545 2034 1796 2574 463 1422 259 606 2397 1190 1092 1552 64 1640 1146 2650 1835 977 439 1029 2045 111 1484 712 2626 1173 2084 1352 1666 178 2515 2646 550 1788 488 1617 1752 1983 2424 1222 2088 1550 1412 1700 1740 1203 703 1582 100 622 219 545 224 2544 2670 4 2133 110 2547 715 2195 2652 2003 305 1096 1674 2724 2344 2721
410 434 811 1133 2549 1079 1498 365 1131 544 336 605 1794 112 1110 1783 664 2219 2788 1516 2746 1040 2364 1068 749 2290 253 2299 1311 248 709 648 1455 2730 593 2341 2377 1005 2151 338 1466 535 1670 538 1243 1966 1379 673 2095 1424 94 870 883 937 2609 435 1325 568 1968 288 730 610 821 2830 1309 1020 2560 1573 1527 1634 1581 717 678 843 1454 2145 406 186 2251 1731 1682 2680 2005 1707 1946 1871 855 1779 2331 392 257 1894 1526 2417 1385 1546 2613 881 2516 1007
1721 2809 12 1876 1473 2657 637 1390 255 140 1557 67 2622 627 2183 2561 1452 1868 2617 2583 2308 482 1980 1879 2427 2089 2772 1439 1759 1330 1903 662 315 1753 1125 2482 619 2829 2679 394 1165 177 2134 2315 2077 2777 2685 2757 2122 918 2409 1928 191 2024 2051 1865 1613 2302 278 1616 258 1558 2445 1618 1909 269 2478 322 2323 1839 1197 217 2430 898 634 70 1075 614 1241 1166 1163 1707 2507 1597 1334 1906 2762 767 2113 1047 2084 1265 1835 2178 327 1491 2249 202 2055 1001
465 1727 1093 1087 1801 1593 1353 407 483 614 240 834 2555 2058 2784 1300 1883 751 1277 2072 1207 1137 789 1971 898 1257 540 1558 2277 803 1898 328 2242 2579 766 1996 777 1091 2000 714 1213 1394 1683 2066 2238 545 341 529 1044 2504 1786 2022 576 1749 2235 1197 2114 2113 761 230 676 1166 1561 1035 2178 304 2759 1230 1928 251 2040 333 374 499 1559 1106 2381 581 101 364 2644 853 1451 91 1900 1357 215 617 395 783 792 737 2296 436 2110 2546 1389 1115 1804 1361
2034 2545 1796 48 1569 100 64 715 2721 439 2433 1640 2650 562 305 155 1453 51 2713 201 1860 2309 1901 1490 2376 2631 1422 85 1584 2023 2044 2790 1656 2815 1102 943 1096 1416 2755 747 1948 2817 1316 221 1405 1934 1644 2045 635 1926 1624 2832 1636 2528 2411 312 2501 987 2826 2300 563 1993 260 2272 2767 1965 550 1496 2088 1897 712 1362 817 1617 2652 1407 559 659 2007 1878 1051 259 2836 925 983 168 1782 2016 992 663 832 1334 900 1561 1123 1045 1046 378 1478 1381
767 277 1938 1443 1833 889 2686 1747 2702 1980 2496 770 2315 2685 369 2532 211 1460 1989 2510 431 1557 2622 1834 2478 70 1390 951 1125 1753 2818 2302 2777 2077 315 2015 2757 1759 2772 2561 1165 1320 1252 2 1842 18 2663 1839 1035 191 601 990 258 1908 502 1845 1608 250 1340 1080 2388 269 1207 1137 1087 1232 2128 1558 284 2323 1413 2161 2677 898 2072 23 903 40 2624 803 1257 433 2242 2620 1971 2755 1397 1593 684 1561 309 240 1844 1401 1353 1426 1213 2784 1502 1047
1235 103 2471 2624 297 1845 2601 990 688 1323 502 2276 126 1340 284 848 1908 578 1830 1186 903 702 768 1114 1608 1413 1767 931 1391 2314 2388 684 65 1107 1720 1821 522 250 1512 1975 1254 835 2667 1310 803 2759 962 374 2478 251 215 364 1839 2323 2077 101 1798 2040 1125 2772 436 2777 2302 1753 844 1232 737 1427 767 1759 2644 529 2579 1165 1207 1087 2561 2457 1035 1537 2787 1900 70 2504 1080 431 1137 315 2242 395 2381 1558 1257 1394 2015 1834 1683 1426 1801 2161
327 117 1659 1979 2303 1205 2494 1198 2791 2030 2573 1687 275 1922 2620 1184 23 1400 2203 2572 1113 1960 1502 1641 205 2263 40 167 20 454 1080 2179 2726 2162 1744 1591 924 2222 690 594 2623 851 1488 1084 1738 2768 1525 510 423 2521 592 420 1397 1280 148 796 1371 2101 1537 1425 907 474 281 953 1232 1471 543 2678 1144 2245 396 2677 298 1487 1995 2627 1423 1661 2706 629 2132 2503 400 448 2152 265 1605 1973 1263 2535 1726 946 325 2841 2386 745 1987 1199 941 2216
2267 1553 2380 1236 1430 1699 1256 743 1886 2078 2217 427 2415 2568 1793 901 2333 2423 2117 1492 1038 142 802 429 878 1053 432 1431 340 1890 193 36 868 13 289 2421 332 640 1888 1754 1272 554 1041 681 569 571 988 1949 536 2210 2520 176 2671 21 121 555 2668 2786 2029 1499 1562 199 2090 1065 302 2227 292 500 323 893 2108 733 78 1398 361 2451 62 866 1132 1588 2047 2743 979 2384 1189 370 56 680 2032 886 417 1418 597 1033 2629 437 1233 2539 1686 73
2091 239 2164 2794 1781 2232 252 1299 1168 1274 2279 113 1011 1127 1829 822 2137 1472 449 1924 805 653 580 27 2017 2715 1356 1852 721 1475 654 2236 734 2406 1021 1335 1655 430 2693 1568 89 643 1297 1961 1039 618 1303 1612 159 1118 858 782 1187 1143 1317 31 2311 860 1870 2099 2632 2062 1503 1756 1018 1376 1489 268 2280 1967 2402 1293 1051 525 1648 799 1417 1501 1037 390 1395 1140 1972 671 927 49 840 2649 1647 1715 1273 1875 1822 1262 1505 2316 1024 1369 2061 464
1044 761 2249 2823 213 558 2295 2413 2408 184 752 707 135 2615 1478 1448 2550 1265 1507 2754 2354 2751 924 1849 1661 2567 1383 834 119 1171 1529 1214 22 424 107 575 2414 2740 2390 1722 2638 1177 2430 1867 2317 2024 1719 2109 2143 2604 2472 1296 796 1269 19 520 24 2452 1057 634 1689 744 1487 2296 1533 394 376 2566 967 232 540 218 2508 477 1945 1620 55 1733 1447 1197 1879 792 984 498 1669 2744 1903 426 757 1804 1469 2725 1425 2224 1621 2161 853 1104 1641 2134
1298 1434 940 1004 2112 1343 2737 949 1103 1999 75 198 783 2497 182 1712 1760 60 1304 149 1631 954 1685 1333 2022 2542 1019 617 63 2656 1346 1561 1693 2129 1197 2016 2149 310 1795 1535 1847 1161 1513 1773 291 540 499 832 1733 1785 2242 2744 2441 1867 1849 1590 2116 1749 1228 424 1113 895 93 1722 676 2827 2058 707 2152 1529 2566 366 45 614 2522 1166 1087 1483 2354 1727 1277 2390 576 1371 1207 2386 376 1269 2409 1137 19 2056 941 84 2324 2615 986 1064 1265 2123
2070 1141 2669 192 61 2025 207 225 1787 49 383 1781 654 2396 2794 2164 1506 1924 525 408 245 1168 1299 1780 252 1282 139 2091 2280 838 239 209 2470 356 2173 1356 296 2311 2232 625 679 1248 1435 1127 1598 1216 1505 1037 216 391 2279 858 455 1140 1829 1124 1262 449 113 2053 27 1918 2137 1568 344 471 1303 402 2531 1438 2693 418 1481 2690 822 574 2291 2683 1187 1822 2057 786 1639 1223 1874 52 1555 1648 1097 346 1143 1293 2639 146 1441 1024 363 2467 295 2244
1310 1107 1254 1512 835 65 768 1908 834 1277 333 2555 284 761 931 2058 1727 702 1044 903 1114 1830 576 1767 1749 848 2388 990 502 2601 1720 1821 684 250 1608 309 522 856 1217 1975 1907 2667 1340 2471 1057 1315 1093 1845 1458 1013 1449 2550 2612 88 126 2160 1507 2276 2547 1476 2079 824 1178 1336 2249 861 596 2579 1620 2591 2571 1104 2216 362 95 1235 2116 297 2624 2414 1425 2401 578 1841 581 1288 465 103 1323 398 2258 2317 2745 407 2275 1363 205 2239 2700 2136
570 210 1792 2174 1034 1392 1580 1861 280 1234 57 2418 793 2125 2004 1859 2456 2461 1575 689 746 1930 1758 1276 294 1665 2327 2330 1072 1724 2838 1375 2229 1358 2186 1664 704 2374 548 1030 421 756 133 2694 422 493 2513 797 1279 77 366 1765 976 1716 859 1196 2662 1576 588 583 1292 2155 934 228 884 242 185 158 2703 1348 2332 287 1377 1522 2672 798 1947 2548 656 880 857 1457 438 2590 2127 2184 1345 1086 470 1350 82 2039 1081 2581 1193 170 514 1551 2356 1497
509 1889 2404 1515 5 2457 2464 2725 1766 1696 609 244 957 844 2115 1616 2448 2128 1477 1426 1602 466 592 744 1556 498 388 2124 1061 425 1326 375 1637 2366 2014 473 163 306 752 2351 2508 1953 2348 214 1866 1401 1084 2661 827 2109 2169 1080 2222 2101 1199 2751 22 1744 1171 1214 2567 40 23 1661 909 1904 43 2507 1960 1139 2562 520 1596 1605 971 1945 851 2162 232 2502 2442 2720 1108 2688 2726 2188 644 997 2498 80 387 19 1591 2468 270 2566 785 2152 1283 2354
28 238 1563 2250 505 2479 2500 1532 849 2819 2716 2552 2365 523 2181 313 458 2557 152 354 705 330 2742 2689 175 2191 2099 1741 1896 81 2283 2534 1827 1376 2674 1708 2681 2228 671 92 1339 633 120 696 972 2119 847 734 1704 2052 2527 532 2370 1335 602 1680 503 2592 2177 2193 1332 2322 587 740 1111 726 2028 1917 711 268 53 1956 1262 2062 927 2407 1117 1789 788 1220 1831 1475 2142 772 430 1873 2105 2715 1912 1706 261 1655 655 331 858 1503 159 1829 464 1923
1752 1840 2628 1146 2241 518 1218 1051 1261 194 1381 1658 2367 2439 1544 2836 2352 1624 1782 1636 1316 1965 2832 440 2272 312 2815 2837 1045 950 712 2556 735 169 1496 2050 2501 1407 1586 497 987 2069 2046 2767 1362 992 613 1897 2553 231 1617 1948 635 1148 2713 51 1993 1649 663 1202 1422 221 2270 1123 947 1934 1860 978 168 2650 1405 201 550 179 1437 4 563 85 155 173 900 1416 2790 2826 817 2433 2044 1096 943 2652 547 559 1799 1102 1901 2130 1307 59 1486 556
352 1539 969 2175 2710 2226 2473 2797 557 879 2403 1349 1025 2460 2844 127 685 2576 2269 428 2092 2138 2776 2371 1549 299 2833 2363 1629 2139 741 1619 1982 1735 2709 2468 264 2063 17 837 403 1366 1925 2484 577 1816 2455 226 1660 1480 1622 1009 2607 1618 667 90 2783 846 147 1571 642 1159 2633 1814 1129 2727 2486 867 2431 1815 1242 2104 2189 2524 273 814 385 1589 2738 2811 961 1101 2595 1355 234 573 2213 891 1572 2444 913 687 1 1863 1520 697 795 307 2338 1122
783 949 617 1434 1343 2112 1004 940 2737 1298 198 1999 75 1103 2497 1346 2542 1304 1631 60 1712 182 2129 1760 1561 149 1093 540 1535 832 954 1161 1847 1019 291 63 1773 1513 2242 1795 1785 1685 1228 1333 2022 1197 2441 2827 499 310 407 1856 2111 465 1693 676 2656 2202 558 766 135 2413 967 983 2295 2745 2238 341 1804 2190 1914 328 2785 184 2615 689 95 1448 1996 1898 462 1091 2116 213 2149 1176 1665 1683 424 2504 1476 2374 88 1719 1087 1590 695 777 1265 132
2495 76 39 2288 564 2281 926 1180 1818 1357 230 1091 1996 777 1786 1971 2224 2114 739 1257 1559 989 1106 2000 581 2787 1451 1361 1137 803 751 737 1683 1538 2699 614 2072 1207 2489 374 1900 215 1846 1087 436 1093 2381 2493 2540 1558 2040 364 1427 101 407 2247 251 341 1353 2324 240 2784 1883 328 2759 1801 1230 1593 2054 2504 529 1300 483 1389 1394 2242 646 293 2644 1898 1798 395 2546 572 1115 766 2277 898 1036 962 1804 2785 1334 2296 198 1152 545 714 792 2238
222 2512 1436 1504 2218 1305 1052 850 1638 2450 755 1806 1736 2342 2362 2071 2691 2355 1098 2750 1933 2645 2201 1321 1790 2432 935 1911 2156 836 2096 1709 897 2420 796 2318 1387 1479 981 144 1599 2587 208 477 2074 1628 380 399 453 1510 595 461 73 2163 2642 401 177 2829 437 2122 1676 1200 823 1976 612 1474 1085 2655 2469 1023 1717 745 760 1682 1233 320 816 8 2126 1145 1006 1047 2679 1903 1163 1671 2421 2722 1872 2055 72 141 731 325 2161 2098 2210 2520 2009 1363
1146 1752 1407 312 2832 2367 1624 2270 987 635 556 2082 547 1386 2501 1405 221 4 2300 1545 626 85 1934 943 59 1202 2790 1926 950 1102 188 1799 2389 613 2044 2411 2069 1737 1644 1656 2528 817 1319 611 518 2817 826 1636 2241 2148 1422 1316 977 259 1840 2836 550 2477 2312 1172 1148 480 266 1092 663 440 2815 463 563 2652 2767 925 2272 1965 1045 2544 1190 2088 2840 2010 1617 2045 2424 260 735 283 900 2837 2133 2574 2826 559 172 1218 179 169 2636 1496 240 1486
757 1728 1231 754 2756 2021 1533 2320 2533 1149 29 2673 2172 293 286 739 2024 2430 24 2143 967 2787 634 218 1719 426 1689 1597 752 1804 853 213 91 2296 792 2260 2638 2235 2472 558 2224 540 1312 1296 1265 2295 2413 1984 1448 646 2408 184 1478 707 2615 76 135 2409 2277 529 80 119 1928 1593 1801 1166 898 545 1394 895 1361 1451 2644 395 1383 1353 1559 93 962 1106 1798 789 572 1197 1590 1213 2579 499 2066 1230 240 2323 2054 1683 1427 1334 101 251 483 2178
346 2821 2467 2690 52 478 936 402 1438 471 1220 2407 363 418 1008 1481 2465 2505 786 1918 2398 753 108 628 1048 2301 2244 1662 780 2059 1465 484 1378 1022 2429 806 2611 534 655 2687 467 758 389 840 1692 1756 2765 138 2634 1929 1018 1275 89 1730 1097 331 344 53 1143 1293 726 430 1822 1039 999 452 504 241 2806 2142 2632 1026 159 1568 1303 1024 1647 643 290 1140 782 295 412 1612 580 1216 326 1395 1921 1475 1124 2061 2236 464 1789 1118 1317 1715 1262 927
1944 2294 1055 2728 2207 725 2558 165 1825 1056 1986 1940 1130 2736 2292 692 2719 447 2825 2766 2319 1126 442 2506 2041 362 1962 97 790 899 1841 1212 137 2741 2135 204 116 1606 1463 1134 1067 1935 2842 2068 246 1088 2305 79 2258 722 2665 1547 2511 67 2583 1810 2509 627 1075 2121 686 249 1001 2350 202 1012 1406 1462 1558 2320 104 2787 293 1869 1798 2291 2815 1728 29 2409 2533 754 1149 1805 2673 1689 359 1597 1195 2656 2172 1241 2057 145 2580 529 1207 426 93 895
353 98 776 196 2474 1819 1864 1643 585 1625 2462 2081 2334 910 1042 2067 1402 2353 381 2103 2361 809 781 701 1344 69 1963 869 2264 233 2027 2256 276 2101 1077 1600 871 2012 2001 883 2391 2132 1170 2460 436 1462 803 2443 2740 2363 1696 737 364 215 989 1565 875 1962 1361 1025 629 1226 104 2278 1180 1495 293 1768 1642 479 2490 351 1561 2540 2787 2749 372 1173 1197 2214 1528 1900 1451 423 2003 1786 1958 1257 814 1480 560 160 1882 73 2660 1222 174 2242 1688 1515
999 726 806 2059 2429 786 1481 418 534 2244 780 484 1465 1662 53 52 2236 1475 2687 363 344 1438 2407 2301 452 471 1024 331 467 1929 1275 1918 1008 268 1730 131 346 2806 1568 241 402 295 1503 2142 840 2821 936 290 1875 1378 478 464 2634 314 389 2531 2765 430 1039 1789 655 758 2470 1706 2285 2467 1022 927 1262 1216 2690 1831 1124 89 1037 1756 1655 1822 455 108 391 1140 753 2505 2465 1062 2053 129 1715 1843 1097 1293 1829 1932 504 1143 2611 1787 2398 1220
2414 1177 107 2550 2604 1507 1669 1104 2641 55 2176 397 728 1194 2754 575 1691 584 796 2019 1016 2395 1482 845 373 1523 2695 441 2080 2383 1120 1517 2326 462 2518 393 736 2360 2234 1028 1147 2159 1244 2661 2733 2254 1919 2136 2684 2233 1690 2752 187 457 2621 2192 1626 1678 1734 834 1467 1805 2630 2247 400 379 357 2586 2605 2780 775 827 1014 2368 1169 2345 2036 1748 2447 2637 993 469 32 818 2106 917 924 2239 2701 2211 761 1259 83 1401 1450 2651 1459 2347 2805 2297
1721 2809 12 1876 1473 1452 140 1868 2183 2728 1055 1931 1439 2719 2736 2051 1056 1557 2207 2315 1944 2622 2291 1390 2580 657 315 2825 2294 692 2526 627 898 2409 1558 1759 2220 725 1839 431 436 2561 1798 204 677 1928 251 447 1213 646 2558 1166 2704 165 1334 202 2113 433 2540 1125 1590 345 1427 574 2024 2757 2708 1753 637 2323 2089 2657 2292 1834 240 70 714 1771 482 1433 2015 2022 2430 101 1825 364 895 601 962 2178 2445 18 1900 2510 249 1035 1134 634 2478 2066
2844 2092 299 2833 2139 2371 2269 264 2797 837 428 2776 2576 2484 1009 1549 2455 2063 1159 1815 1982 1814 352 403 1622 1539 1735 2189 2403 741 1925 667 90 17 969 1589 1619 846 2486 879 2473 573 1122 1629 226 642 2338 1571 2100 2811 2731 600 2175 1863 317 2412 1338 2138 891 1101 2255 203 2738 687 2215 1295 2226 1060 795 557 2771 2385 2460 262 641 1373 888 685 1615 2468 1025 991 349 1807 1278 2158 1349 2710 1572 2635 2614 1366 267 1 223 1520 1509 1618 892 472
239 2091 2164 2794 1781 2232 252 2311 1505 525 1168 1299 1598 1356 625 679 1435 654 1248 113 822 216 449 2137 27 383 49 2280 858 1924 1018 1506 1037 2173 408 2279 1472 782 1568 838 209 245 139 2669 1187 1282 356 455 1829 1262 1961 2406 2396 1141 1124 1648 391 2053 2632 1011 2062 643 1127 1787 1662 1612 192 2236 1555 1297 2470 2025 1967 1475 1780 225 61 721 1216 296 1692 131 805 1140 1050 2070 207 2429 1022 1026 495 1715 1843 1706 1021 2611 390 1647 534 2402
84 183 621 941 1987 2141 171 2152 1371 959 815 2503 481 1880 2056 45 2522 2182 1802 2048 2608 2760 236 2502 1251 1064 785 2677 506 1364 565 2263 1844 2831 1286 1605 909 270 1365 1283 2401 2705 1108 2761 2109 229 1768 2612 2425 1560 2567 1139 1960 2751 2197 1866 1525 1199 214 1280 398 2623 1661 2706 1171 1458 22 150 1214 43 2562 1084 396 2720 387 1288 851 2841 644 1032 2442 2571 2216 1596 1703 971 2188 1363 2572 1113 2688 2498 2678 2386 2348 1726 1953 106 189 1927
2707 1444 2011 1328 1679 1623 1054 645 947 1663 1649 169 2837 445 440 1782 2836 735 2130 1045 2050 1029 319 2767 712 1993 1617 1381 1544 2439 1658 2241 179 1840 1253 1422 1552 2840 51 2628 1261 550 2287 1218 965 305 518 173 155 1640 562 463 769 1051 194 2631 2650 134 439 197 2482 2352 1307 900 2735 2046 1416 2133 2088 1486 1775 1860 1897 563 992 1757 1948 2375 1437 906 1208 1710 1096 559 2652 259 674 2721 2076 1417 1489 624 659 161 2419 1362 260 2084 1123 489
1113 629 1144 1371 2503 882 909 1477 123 1865 1183 1487 2823 2572 327 1084 1687 117 2623 1659 2677 2494 2263 1987 275 2620 1922 1525 1280 2678 941 84 1199 1400 1641 2571 815 1458 481 398 2573 851 1979 986 281 924 2152 2303 1757 2150 2627 2386 959 1960 474 2116 396 1198 1205 2197 1726 1880 183 1315 762 506 1605 907 621 300 796 23 1471 171 2245 565 40 953 592 2030 1661 1616 2761 2608 2502 1423 1286 594 104 1866 2791 2056 229 2115 236 1844 1723 1064 1184 785
2291 574 2057 1874 2683 494 2639 647 1223 2435 2220 939 1931 1439 2526 2704 1433 1899 482 2089 2183 2445 146 255 2427 2569 217 1592 1330 2438 491 682 2813 677 1937 948 1185 2393 2248 1555 974 1777 657 1639 2051 2382 1464 2708 2286 1076 686 637 2308 1088 2712 2657 619 521 2580 804 2598 598 2436 2617 140 1868 329 1452 531 1892 1771 1677 2625 368 2037 1725 2719 2809 2499 509 444 790 692 1721 2589 1998 2728 1055 2319 2294 1944 2292 2736 5 725 2457 1962 1515 204 2825
197 2840 2375 463 433 1029 2735 445 1788 2289 1710 550 1993 1489 2482 1701 860 1895 1422 179 769 1417 161 2650 712 1617 2050 1552 173 2767 2649 1369 1045 2130 2454 480 659 925 2769 1663 26 440 348 259 735 231 1092 1870 977 2836 2544 134 1782 1253 2714 1437 2631 900 1486 1307 319 559 169 2652 1148 219 906 1208 1172 51 663 305 2837 2515 645 489 2011 2241 2133 2082 563 1328 2200 2287 2538 2826 1381 2419 2574 1386 2084 1640 2439 547 947 260 518 1840 2010 1544
2043 2810 2171 2666 650 2816 475 1916 2346 1723 1891 1153 750 1603 1541 820 807 582 1260 334 411 1761 759 372 2643 6 1702 1882 2387 956 620 546 732 181 1221 285 829 1865 1083 1570 1697 468 922 1797 1858 2167 1188 1456 2476 2268 37 1763 1139 2841 1605 1227 1537 1284 2313 629 298 690 2502 2152 636 2194 2677 2807 661 148 420 122 2261 1397 2179 594 2483 1502 1257 980 1318 803 1558 454 713 1953 1412 2768 1561 1971 2072 1222 2425 831 2699 1420 669 560 1835 973
1656 1102 2790 943 2817 85 1644 221 2528 2044 2300 312 2832 1934 1926 1405 2411 1624 2501 817 987 635 1407 188 556 1386 611 1319 547 2082 2270 1146 1752 2397 1796 4 463 1422 977 2574 712 1092 925 259 1835 2826 2545 2670 2200 550 2344 606 2724 480 2034 2307 1352 2652 2148 1437 1313 2544 970 2367 2424 1983 305 2069 1700 1552 351 2515 2800 1740 178 2084 1190 1151 2626 1737 1202 409 659 1412 2045 1173 1414 622 489 2564 219 2154 2133 1342 1484 111 2214 1222 479 454
1647 2402 721 1972 2061 1921 1395 561 1303 1317 1187 412 1756 2279 1829 1918 805 430 2406 1124 1648 27 1216 1037 2053 858 1140 1967 471 1008 2236 1438 391 1635 1024 1011 1715 402 1050 655 1755 390 331 1475 314 2531 252 1168 1299 455 936 1262 1506 1293 1924 625 799 2407 1612 679 1018 643 363 782 2698 1097 1598 1503 2091 1472 2465 2505 1143 2137 2611 138 113 268 1248 344 2301 1822 1435 2311 654 806 452 2470 2632 1568 1781 1022 1356 295 822 2164 2398 2634 1141 753
2843 257 1731 1871 937 1707 1138 2609 1527 2613 1779 1800 1455 1516 1526 1645 2145 535 406 2377 1385 288 416 1894 519 1007 2516 1419 2331 186 742 821 1442 1079 2341 1511 730 253 1969 338 2763 1466 1325 336 410 709 811 1992 1200 773 1670 1068 248 2102 1131 1498 2219 1243 749 2549 1379 112 2746 2290 365 1794 2364 678 1005 2730 1040 1424 2830 434 2788 2196 1174 774 2005 435 593 855 1968 2417 648 2299 1133 2492 2095 673 2251 1311 605 544 1020 2560 1142 2697 1309 2006
1083 1702 546 582 1221 2643 6 759 285 620 732 181 1260 1570 1797 2476 468 807 1858 1697 1891 2807 636 1318 1882 922 1536 2278 2425 973 2816 42 1723 2666 2043 650 2167 2313 2171 1603 1153 956 2268 1768 820 1541 2810 750 1865 2194 37 1188 1456 411 1763 475 2346 1916 2261 661 298 334 1199 669 150 1227 1284 644 387 2688 476 1761 829 1537 980 45 2056 2554 2720 419 2153 1560 229 2118 690 2263 2442 894 971 1108 1610 1285 1251 122 2760 1015 2168 2522 1884 2188
848 1830 702 931 1114 1767 1845 768 2624 903 126 1908 1107 2471 1235 65 1340 688 103 2601 990 284 297 2388 2276 502 578 1608 522 1323 1254 835 1821 1413 1720 1186 684 1512 2667 2314 1391 1310 250 1975 1839 962 1798 803 315 2759 1207 1759 2323 215 431 844 1137 737 374 251 2242 436 2040 1558 1801 2772 2787 614 1427 364 2561 2457 1125 2757 529 2302 1900 601 2077 2161 2072 1753 2777 426 581 1597 2056 2644 1035 1426 93 5 2608 395 18 895 1557 1590 1165 2152
1548 269 1980 2315 2685 2702 1073 2518 277 1732 2275 339 751 845 1620 603 1593 1120 767 2561 2784 830 2296 2695 2161 373 240 792 1646 1087 465 2015 1147 1865 1804 1257 2235 1749 2437 863 1300 1001 2302 2818 76 1836 483 1075 1801 1678 1035 44 676 1346 315 576 951 2350 1353 2 832 1786 1557 1450 2054 889 91 1252 2785 1535 291 1834 967 2000 1091 1996 1476 191 1165 834 2288 1810 789 2583 83 1753 1443 441 940 67 1529 1357 1125 1971 1849 2483 2509 1558 1483 251
1697 2268 922 2167 6 411 285 582 1221 1570 759 1456 546 1702 1260 1188 2643 807 468 1858 1763 1284 1891 1083 122 37 732 620 181 1865 1153 459 2043 2816 1797 1082 973 650 1723 2476 1882 2666 2171 1090 2810 586 820 1603 475 636 1916 1541 1308 2346 2807 1318 750 443 2313 1006 448 829 298 2194 2261 980 669 1227 1610 476 661 1884 1285 2118 1761 2425 334 1015 1536 956 1537 2168 372 229 2278 1560 690 42 1768 2387 629 1199 1524 454 1283 1108 2677 167 724 1380
1532 2228 847 2674 152 2099 1339 696 1896 330 2742 1741 734 354 458 313 1708 2557 2479 2819 849 1917 1376 1335 1956 1704 671 1827 532 2028 2500 2191 28 1297 120 2062 1563 92 2283 505 972 2177 2773 2814 2250 2365 449 2199 1501 2681 2716 503 915 261 1555 1912 1902 125 1817 413 2534 854 1700 944 2552 1961 1092 1680 1414 136 128 224 238 2806 1582 633 2053 2599 2762 2475 1831 2594 1737 2589 496 977 1711 547 1655 1262 1881 1293 1781 1820 2367 1386 1822 1202 456 2057
1113 629 1144 1371 2503 909 1477 882 123 1865 1183 1487 2823 1987 327 2572 117 2677 2263 941 2494 1659 1084 84 815 481 275 2623 1687 1922 959 2620 183 1525 1280 1199 851 1458 1960 1641 1979 2678 398 2627 2573 2303 281 1198 621 1400 1205 1880 396 2152 171 506 2386 474 565 924 2141 2571 1286 1726 907 592 2116 40 1802 2791 986 1844 23 2197 2150 1591 543 2761 2030 2245 2608 1757 1184 236 1032 300 1217 2182 1605 762 1661 1315 229 2760 1423 2502 1288 45 2056 953
1870 348 26 925 1369 2769 2454 2714 2649 480 2538 663 550 179 518 1422 2130 1441 712 1617 463 2840 2375 2050 2123 445 1358 366 2004 1665 305 756 1776 197 689 1569 860 720 260 1392 1453 1701 2456 48 1861 1045 2672 1417 1758 1551 1633 746 704 1930 1172 793 1489 1029 64 2155 1859 2721 77 228 1710 797 280 100 1765 1345 976 2826 2659 421 2461 563 259 562 2309 2694 2174 656 1030 1847 1795 2125 2332 983 57 2419 1279 2327 885 1901 1580 1298 1437 1743 559 2638
783 617 949 1298 1434 1346 1343 940 1004 2737 2112 2542 2129 198 75 2497 1999 1103 1631 182 1712 1760 1561 1304 832 60 149 1535 540 1019 63 954 291 1161 1847 1197 2022 1513 1773 1333 1795 1785 1685 1228 1093 2242 2656 499 310 2441 2827 1693 2149 465 1856 2111 983 676 2016 2202 2190 695 1176 1743 2745 95 407 2260 132 596 88 2413 2785 1476 558 135 2295 576 2700 1914 1749 1590 93 1166 895 824 766 967 2547 184 2409 2238 341 1804 1334 1593 1928 1689 1448 328
1672 1914 2437 2785 1836 2700 2249 1990 44 2317 1057 1713 1116 1714 1749 47 1224 34 2422 683 751 2523 676 1044 1838 2180 16 761 1449 1469 1447 1483 1178 2016 376 1535 291 1476 88 2745 2202 824 2547 465 832 269 132 2111 1856 2190 596 576 2495 76 1091 95 1996 777 230 1176 983 695 2827 1743 2441 1036 1693 1357 1152 2224 39 2147 318 2281 1513 1245 564 926 310 1786 1180 2149 1818 834 2288 2734 1519 2656 1773 1795 1762 2129 1073 1971 739 256 2114 2165 1346 2239
2411 2528 1644 1624 1934 2817 2501 2044 2832 312 1656 817 1405 987 2790 1102 85 943 635 221 1926 2300 188 1407 611 1319 556 1386 547 2270 2082 1146 59 4 1710 1313 626 1061 2389 1637 1737 1545 2088 1556 1752 2397 1411 1126 306 388 606 826 2515 305 375 442 163 2464 900 463 2404 1326 2574 425 2098 925 1468 1766 977 1437 2034 1549 2564 266 1422 2292 1489 1417 1151 2652 259 2185 2084 2725 2133 2826 2714 661 1796 122 2736 1948 2477 2833 1694 712 178 473 904 1092
1526 1779 2516 2145 406 1385 1707 1442 1511 1969 1325 1007 2843 1527 1670 1871 257 937 1894 186 730 338 1466 1455 1992 1731 2377 2102 519 535 773 709 811 2763 1516 821 1379 1243 1068 2341 1138 1079 1131 742 1794 410 336 2151 253 112 2219 288 1645 1800 2095 1783 2613 568 749 544 2746 2788 365 2609 605 1498 2549 1110 2299 2364 434 610 2290 1040 435 1424 2730 94 1419 1005 1311 2830 593 248 1966 392 416 2331 1020 1581 2560 2680 1309 673 1573 648 1968 1634 678 538
472 1803 1811 1509 551 1059 1069 577 2758 1607 1341 147 1167 2595 741 1530 1078 2094 160 127 2444 262 991 1807 2385 203 888 641 1355 1295 1373 2771 342 1278 2266 154 1421 1524 1862 273 1242 2740 1863 2738 2749 2104 667 2524 1735 226 1619 1925 2811 687 2403 2138 1982 2710 1025 2776 2013 1060 2513 385 2431 879 814 537 428 2468 2213 2460 2189 557 2576 2371 1660 2412 2139 1629 2607 2455 403 2633 166 299 2833 1159 1815 2063 600 2731 2648 867 2548 1549 1215 1480 2820 2255
2045 2023 1584 2755 747 258 770 1320 1319 611 2034 2545 1796 188 463 2757 1491 2161 2622 1980 1834 1759 1455 1719 519 2573 1390 1604 2829 315 2661 240 1353 2496 461 1557 1029 1976 454 1701 853 1839 2015 1689 2041 1987 177 996 2162 442 2530 2763 2510 1616 1165 1466 2561 967 477 446 1728 259 1844 1835 827 213 1252 1017 2115 2277 2296 1800 1035 789 2302 2024 172 479 176 1804 1087 1265 269 773 1683 498 2478 2077 1996 2577 1883 2122 20 556 918 255 2295 465 1448 898
2023 1584 2045 2755 747 258 770 1320 2545 2034 1796 889 2433 64 2713 1833 1443 1319 2496 611 48 1938 715 201 439 2686 2721 100 211 1569 1490 1980 1316 1557 161 1855 2757 1491 2622 2376 1759 2289 1453 1747 2663 269 2134 1835 1460 2373 2309 2302 155 2818 2315 2 2532 1390 1416 951 433 2129 1640 2650 2530 1165 2685 996 2667 1901 1700 18 315 465 562 2195 1636 2161 2016 1860 1096 1895 1035 773 2702 1342 1412 1550 1834 1767 2015 1582 676 1047 351 1989 111 983 519 1423
1697 285 6 1221 1570 546 922 582 759 1702 2643 1260 2268 468 2167 1083 1858 1891 1456 732 620 973 181 807 1188 411 1284 122 37 1763 1797 298 1865 2476 1723 2816 2313 690 1537 636 448 459 980 2666 650 1082 1285 475 2807 1882 1318 1916 1884 1610 2043 2118 2346 820 1603 1541 750 1015 2171 2194 229 2261 334 1560 1090 586 1153 1227 2425 669 2810 661 1308 372 956 476 2706 1080 1006 1761 443 829 629 2677 2168 1768 23 594 1536 2278 2152 42 2387 1137 1605 40
505 1563 28 523 238 2500 2250 2181 175 2552 2716 313 705 458 2283 2479 2819 1827 2191 2365 849 152 734 2534 1532 1741 2674 2689 1896 2557 1339 81 1708 120 2099 2681 2119 2370 587 330 671 354 847 2228 972 696 2193 2742 92 2592 2527 2052 1111 633 1680 1917 2322 1704 1335 532 602 503 1376 1332 2236 2594 1475 2806 740 2028 2177 1117 1730 1873 2059 484 999 125 788 2687 711 1281 295 1923 1831 2764 1662 501 314 1050 1655 1912 268 108 129 552 2144 772 2062 1929
1532 2099 1896 330 849 2479 2674 354 2819 152 2742 734 458 313 1339 2500 1376 1741 847 1708 2191 2228 2557 28 1827 1563 505 696 2365 238 2283 523 2716 2250 1917 120 671 1335 2552 2177 1704 175 2181 2681 532 2534 92 972 705 81 2689 2119 1956 2527 503 2594 1873 633 2028 2193 2592 2062 1680 2052 1003 587 2370 2322 2764 261 1297 1501 413 1092 740 128 1111 224 915 711 944 772 1117 1902 1414 854 2105 2599 547 552 1912 995 1817 1386 1582 1700 1831 1961 1781 2574
84 183 621 941 1987 2141 171 2152 1371 959 815 2503 481 1880 2056 45 2522 2182 2048 1802 2608 2760 236 1251 2502 1064 785 506 2677 565 1364 2263 1844 2831 1286 1605 270 2401 1283 909 1365 2705 1108 2761 2109 229 1768 2612 2425 1560 2567 1139 1960 2751 2197 1199 1866 1525 214 398 1280 1661 1171 2706 22 1458 2623 150 1214 2562 43 2720 1288 396 387 644 1084 851 2841 2442 1703 2571 1032 2216 1596 2188 1363 971 2688 2572 2498 2678 1113 2386 1726 1953 2348 106 1632 1927
2059 786 1481 2429 806 2244 418 1465 780 534 1662 484 52 53 999 363 726 1438 1475 346 2821 344 471 2236 467 402 936 2467 2687 2690 478 389 1918 2407 1378 758 452 1568 464 840 2634 1008 1039 2301 1022 89 290 108 1706 2465 2505 1220 753 2398 1789 1831 628 927 1275 1730 1655 314 2765 1024 1929 655 2142 331 1062 1932 1097 2611 129 1756 2806 430 2470 241 1503 1293 1822 131 268 501 295 1692 2285 1262 1018 1216 125 1124 2715 159 580 1787 225 455 1143 326
1697 285 1221 6 1570 546 582 759 922 2643 1702 1260 468 2268 1083 2167 732 620 1858 181 807 1456 1188 411 1891 973 1284 1865 122 1797 2476 37 1763 636 2807 1318 2313 1723 1882 298 2816 820 690 1603 2666 650 1541 750 2043 1537 475 454 459 1916 1082 167 980 2346 2171 2726 20 2425 448 1153 2162 1285 334 1884 1744 2118 956 1610 2810 372 629 1015 1761 2194 1536 2278 586 1995 2261 1227 1090 1560 1308 1768 669 229 1199 42 829 23 38 40 117 2706 476 1080
2792 567 118 998 1791 1583 515 2328 2065 1354 975 919 808 952 2491 2778 1179 1769 930 923 1851 1579 928 1470 1063 2729 1531 2711 1977 2379 9 778 1657 382 1854 2304 2793 2682 517 841 2252 7 1970 748 311 875 1210 114 1651 1770 887 1271 763 2559 151 982 2225 819 639 1585 227 1920 1667 945 2618 2647 528 1578 2349 2416 1367 916 1239 2042 2097 816 2723 98 2575 1368 776 2361 353 2459 1688 177 492 2122 1154 2679 2829 1085 1211 1163 2658 2474 2310 1903 1808 121
239 2091 2164 2794 1781 2232 252 525 1168 1299 2311 1356 1505 654 113 1435 1248 625 383 822 679 1598 449 2137 49 216 27 2280 1924 2279 2669 1018 1141 858 2173 1829 408 1506 782 245 139 1297 1037 1187 1961 209 1472 2062 838 356 2632 2406 2396 192 1648 721 1282 1262 1127 455 2070 1021 1568 1612 1555 413 1501 1395 1011 643 2025 805 1692 1972 391 128 1902 1216 547 61 944 854 296 1317 2402 1124 1700 2053 224 136 915 1303 2766 495 1386 1715 1647 1140 2762 125
485 1175 1306 1951 727 589 658 1334 2323 1361 1798 962 646 1451 572 2054 2113 2178 304 426 634 1597 714 853 1689 1213 2066 1106 1230 1559 1558 2787 2430 24 2024 2143 1389 2546 1115 898 1394 545 2072 395 2644 1087 1561 1207 1166 1928 614 2540 1137 529 2409 93 895 1590 2277 2000 1197 2579 1683 1257 2324 374 803 2759 251 2224 1427 1801 540 989 2542 676 617 1786 1971 789 2381 293 2242 581 2504 101 2493 1883 2320 2638 436 2040 1900 215 739 483 364 2022 737 1149
67 249 1012 627 2583 1810 1001 2121 2509 2350 1406 1075 202 1441 2294 1055 1944 2728 725 165 2207 1825 2558 1212 899 137 2741 1986 2135 97 1940 404 2041 116 1195 1869 1594 1130 2736 1609 204 1606 1935 378 692 362 2292 1126 246 1134 1463 442 1841 2719 2842 2825 2305 1056 2506 1689 1088 2319 1547 1728 135 2068 1448 184 447 2295 2413 426 558 2430 1590 1597 1962 1478 634 1231 2320 91 2665 2224 2021 1149 540 24 2533 722 76 2143 1900 2673 293 739 1265 2615 2161 2024
1096 1416 1948 1362 1897 497 1586 992 2046 2272 1316 2815 1636 1496 1965 1860 1218 2556 1051 2352 2721 64 1261 48 2713 715 194 562 305 1569 100 2628 2034 1796 2545 155 1993 2650 439 712 1617 1552 51 2482 2755 1307 319 1212 1558 547 2241 2135 1443 445 899 1640 2433 1045 2319 563 2686 1381 900 2150 1782 1541 645 463 2741 2836 1087 1386 889 260 1001 1486 2671 1075 2767 2471 442 2699 882 137 1701 502 1073 259 111 1582 1663 1810 2762 745 1557 1747 2292 325 1207 2561
99 1145 2055 401 2163 453 1628 141 477 760 1872 1233 981 816 437 1023 1976 1085 399 380 461 1047 2747 2098 612 177 2829 823 2122 1163 2679 1599 1903 2074 73 1510 595 1682 72 2009 2636 1688 172 2274 2722 2362 1808 460 1404 2577 156 1155 2775 1089 164 1100 1784 208 694 174 1906 1241 2452 2587 1415 2469 731 2126 1160 2655 1479 1717 1387 2457 1268 320 2318 479 2161 1835 844 509 1426 1061 738 184 388 1436 144 1728 713 163 1342 1203 2413 744 558 2003 2295 1305
427 2415 2217 1793 2568 901 193 332 569 988 571 1065 2090 121 340 743 2380 2267 1553 1236 1256 1430 1699 536 2423 1886 1038 2333 13 2421 323 1272 56 640 2078 2032 417 370 1398 1189 2047 597 2520 62 1949 1041 554 681 1890 886 2671 1418 1053 2210 2029 2743 878 1754 361 1033 21 2117 429 1686 893 1393 1562 78 1888 289 199 302 555 868 176 802 2786 1492 2668 292 979 2108 2578 2083 142 1337 2227 432 500 1431 1910 955 2828 2074 941 2602 2451 933 73 2629
557 2460 1366 1816 1480 1660 2607 1025 2633 2363 867 2431 814 879 385 2783 1539 1619 2468 2403 226 2710 685 1982 1925 2175 667 428 2797 1735 2371 2576 352 2776 1863 127 741 299 2269 2833 577 2139 267 2092 1549 2844 2473 147 2094 1530 160 38 1078 1629 1814 2595 273 115 90 1242 2104 891 2226 1129 2524 1295 991 1607 687 551 1341 1355 2138 1589 969 1069 1421 1167 403 2758 1807 2771 264 2444 2731 2455 2738 2727 837 1803 2189 2811 472 1509 2385 262 888 1009 2709 1373
860 1788 1710 1701 1417 1489 2769 2454 26 1870 1369 925 348 2649 480 2289 2714 1895 2538 550 2482 663 769 433 161 2375 179 197 2650 173 2130 1422 518 2840 463 712 2050 1029 1617 1441 1045 231 1640 440 445 735 1934 1656 2836 1993 1782 305 51 1796 64 2501 1253 1624 1386 2044 489 562 1569 259 2837 2287 547 2817 188 1552 2790 1320 817 100 2011 169 1102 439 1663 977 1584 611 1926 1627 1319 1644 1948 2528 2721 2034 1381 48 2832 2084 134 221 2545 556 2544 85
1921 2402 721 2061 1647 1972 1395 1317 561 1303 1756 1187 412 805 2279 1829 2406 1648 1124 1918 1635 27 430 1037 1967 2053 1755 1715 1050 1140 1011 390 2236 1216 471 1438 858 314 1008 1475 402 1024 655 1472 625 2531 1118 1506 799 2407 391 1293 679 936 2698 1248 331 643 1435 252 2301 1018 654 1143 268 1097 782 455 1929 159 1262 1822 1924 1356 363 1299 1168 1274 1692 806 1275 2137 344 2693 216 1141 1598 2465 2505 2311 504 2091 478 295 1787 1503 726 2611 1048 2470
1453 2433 1901 1490 2376 2309 201 2034 2545 2713 1796 1860 100 48 1569 715 2721 64 1640 305 562 439 155 2650 51 2815 1316 1496 1636 1965 2272 1422 2556 231 1096 1123 747 168 1584 260 1948 563 1148 2023 2553 2088 2229 2826 499 2700 1765 2755 793 756 899 1416 1795 1035 983 2129 832 558 294 1392 704 2260 1034 1234 1434 2135 617 1847 2672 550 1212 135 1593 1743 1930 2374 1999 2461 2413 47 228 540 1838 2004 493 1161 1773 2174 1533 91 2190 1513 204 976 1383 1940
645 2011 2707 1444 1679 1328 1623 1054 1649 947 1663 169 445 2837 2130 440 735 2836 1782 1029 1045 319 2050 712 1617 1993 2767 1544 2439 1381 1658 179 2241 1422 1840 1253 1552 2840 51 550 2628 2287 1261 518 305 155 965 173 1640 463 1218 562 769 2735 439 2650 1775 1307 197 2631 900 1051 2088 659 1486 906 674 2133 559 2652 1437 1208 563 2721 2076 260 134 259 1860 1757 2482 1948 2515 2826 161 2046 64 2713 2419 2553 1416 1897 194 489 977 992 2084 2352 1046 1158
1944 1055 2294 2728 2207 2305 67 2583 2558 725 1810 2509 627 1067 2121 249 79 165 1012 1001 1075 2350 1406 1825 202 2068 722 2719 2292 2665 692 2736 1130 350 2319 1056 1940 1126 1986 447 442 2825 2506 2766 686 1962 1441 790 2511 2041 362 2842 1841 97 974 204 246 1134 1547 1212 1935 1463 1088 137 2135 899 2741 116 1606 2258 1869 378 1195 404 1609 1594 1462 104 2787 293 2436 436 2540 2598 1900 737 1451 1798 1361 1897 1149 29 2409 713 589 2673 985 1728 2483 2172
1788 1895 2289 161 2482 860 1417 1489 1710 1701 433 769 2375 173 197 2650 2840 1320 463 2553 1253 231 445 2287 319 965 2735 1775 1029 1148 2513 645 770 2011 2130 1552 2767 179 1172 2010 258 2076 1045 1617 2023 2836 1307 906 1416 2755 2707 1584 1444 2134 1328 2050 1663 1096 1993 1782 2837 2045 51 1948 1640 168 1649 431 947 550 440 2757 305 606 2515 1422 747 1759 563 562 2510 2480 2084 1855 1834 2652 2088 1316 674 259 18 735 712 1218 1679 1123 1753 480 2373 2772
937 257 2843 1455 1516 1731 2341 1527 1871 1419 1894 1200 253 535 519 2377 1138 406 2145 2609 1385 336 1779 1707 1007 1079 186 2331 811 1526 2763 248 410 288 1992 709 2613 821 1479 1800 2219 1645 1387 1498 2516 1442 1133 648 773 416 1511 1969 742 1424 2102 538 94 434 843 338 1466 1068 2549 1454 1131 1325 730 365 2095 605 1546 1794 1670 1040 568 1243 1682 544 1110 1379 664 1718 320 112 2746 883 749 2830 610 1495 2318 392 435 2364 1783 1634 2299 2151 1309 1311
44 2317 1483 1447 1469 16 376 1672 1836 2249 2437 1057 2785 1914 761 1990 2700 291 1535 1749 1449 1224 47 1178 1116 1714 1713 2180 2523 683 1838 34 2422 832 269 834 2202 465 2745 1856 1476 2016 2111 95 2190 1743 596 576 88 676 2441 1176 983 132 2827 2129 695 824 1346 1044 2547 2058 1277 1513 2555 1727 1773 1795 1631 230 1996 310 1161 1693 1847 1228 777 1785 792 1593 1091 1019 499 2296 2235 845 1804 967 1304 483 2149 1561 2656 2784 1719 2695 441 2258 751 1999
1518 631 1290 2282 2049 2596 1017 2064 607 1613 1909 921 2796 2140 662 2093 1879 530 1604 1301 446 1058 394 451 1981 1567 1237 984 2392 1906 2357 1978 1119 908 1621 1396 1105 852 1554 813 243 355 1002 660 1331 1370 2696 1673 2257 360 1614 2782 2085 2262 942 2543 124 2259 918 1718 542 700 1384 2660 1491 710 1739 2664 708 1676 1000 54 1853 1681 487 144 320 2530 996 337 2537 1145 1100 2458 1404 1808 599 1161 1773 966 2274 1847 1705 1495 2446 2600 2452 1155 1508 1513
2716 2552 1563 28 2365 505 523 2181 175 705 2250 238 2500 2819 2689 2479 2534 849 81 313 2557 458 2119 2370 2191 2283 152 1827 2527 1532 587 120 1741 972 354 1708 2681 2742 2674 2099 1896 92 847 1339 2228 330 734 2177 1376 696 1704 1917 2193 1111 671 1156 552 2592 740 2594 2052 633 1117 1314 1332 1335 2144 1680 1912 758 1281 1932 2059 1789 129 974 780 1873 125 786 1003 1706 2634 1062 2237 877 456 1441 547 109 927 195 686 602 324 534 363 2465 2505 1386
2318 1911 1387 2420 1479 1200 796 1682 320 2691 144 2362 2452 2355 2642 2512 1676 99 850 599 1621 2537 595 2446 666 1305 477 1267 1145 1085 2122 222 1903 1504 1436 897 816 2679 1163 177 2829 2262 2218 453 2163 1628 401 1098 908 760 72 2055 399 437 73 141 1976 1872 1718 380 2074 1233 2071 1599 460 852 2009 2432 2645 461 981 2775 1052 2274 2636 1510 823 1906 1808 1688 2722 1784 1155 2156 755 172 1404 2750 1638 1100 1321 174 1806 2201 2577 1736 156 2342 935 1089
2550 1507 107 2414 1177 2604 1104 1669 2641 55 728 397 2176 1194 2754 575 1691 796 584 2019 1016 2395 1482 845 373 1523 2695 441 2080 2383 2661 1401 1120 827 400 2247 1517 2326 462 2239 736 1919 1426 393 1904 498 2360 896 2159 2254 187 2733 2073 920 2192 1028 2508 831 1734 32 1244 834 272 1719 379 2234 1748 479 1957 15 466 924 2621 2214 457 1467 2233 83 2136 1222 2288 357 1835 1014 1690 1804 738 384 1180 993 2128 469 1626 917 560 926 1533 564 2684 1805
1495 966 2458 1742 243 2660 1370 1705 1384 2600 1554 2085 942 337 1681 487 355 813 1396 1105 2543 2257 2696 1002 1673 1331 1614 908 984 1978 2392 852 1718 1119 2259 360 660 2782 921 1853 1017 1676 542 710 2262 1739 54 1000 2664 1893 320 144 1237 2596 1567 1621 2357 1695 1508 50 1604 451 1301 1479 1058 1981 2064 446 530 2140 791 2049 2282 1290 662 2369 2796 1200 1387 607 2134 2803 1031 1287 2490 1565 1682 1903 2829 2679 1808 2452 177 2274 2843 2009 975 2122 1085 1163
2178 304 2113 2066 1213 1389 2546 1115 545 1394 727 658 1175 589 1951 485 1306 529 2277 395 2644 1361 2579 1353 1883 1300 483 2784 1230 572 2054 1451 1798 1334 240 1801 962 646 1106 1559 2787 789 2000 2323 374 1683 614 2022 1593 1900 803 989 364 2759 2381 215 2040 2540 1427 436 251 581 737 101 341 1898 2072 1137 2114 1207 2504 1093 766 1044 63 1333 1257 1019 1087 1786 1971 1561 2242 1197 898 328 1558 853 407 924 2238 2542 39 714 2288 465 2216 420 617 1818
2510 431 70 1753 1125 2772 2777 2077 2478 1839 2561 2161 2818 1035 1759 2757 315 1165 1557 1390 2302 2622 2015 1252 191 1834 951 18 2663 1842 601 2 2686 2315 1747 1320 767 889 277 1938 1989 1443 1137 1980 1801 1207 1798 1075 2685 1235 502 688 2702 2323 1257 990 1833 1786 962 269 1106 1908 2242 2644 1971 395 2072 529 2496 2277 1087 1559 803 374 485 1357 1976 2471 614 1683 2122 461 1389 369 2504 1197 2482 646 581 1845 2759 2009 251 2495 2288 768 211 2829 1213 2532
2210 2520 640 1272 13 1754 2671 2421 1949 1038 1041 2083 1910 323 1337 2032 2047 56 828 377 2578 1189 370 865 2828 2602 672 1668 933 1374 2539 698 2629 729 1429 1049 932 2570 1764 2335 955 2798 1521 2795 2428 964 1329 1399 2038 1952 2839 839 1249 2221 1266 1070 2120 358 1256 2808 2217 2380 901 2031 2267 1553 176 1236 2640 571 2568 2415 84 427 2786 868 941 121 554 2423 2348 882 743 1793 785 2227 536 1602 1033 762 1888 289 1890 986 340 1605 979 2152 244 2029
767 277 1443 1938 1833 889 2686 1747 2702 1980 2496 2315 2685 770 369 1460 211 2532 1989 2478 1753 2777 2077 1125 2772 2302 1834 2015 2818 951 1759 1165 70 1252 1557 315 431 2757 2561 18 1842 2510 2 2663 191 1390 2622 803 1845 601 2535 325 2624 1839 297 745 990 1608 103 1401 1080 2161 502 2784 1235 2242 1323 1137 1537 903 1180 1798 40 1671 1035 1793 688 1320 8 2388 1844 578 2323 1161 1971 2072 374 901 1207 67 1087 1114 690 485 258 1558 1257 1213 269 1908
767 277 1443 1938 1833 889 2686 1747 2496 1980 2702 770 2315 2685 369 211 2532 1460 1989 1557 2622 1390 431 1834 2510 2757 951 2818 2015 1759 70 1252 2 2663 18 1753 2561 1125 2478 2777 2077 315 2772 1165 2302 1842 1320 601 1839 1035 258 2323 191 1334 1616 269 1602 522 2128 1845 1166 2242 2161 853 898 509 2409 1798 244 1561 1137 1207 2620 1080 1928 1197 1558 2115 2667 1087 1511 398 1969 1426 1597 433 990 2572 2494 2072 783 1971 2503 1257 1908 895 1401 1687 962 714
1721 2809 12 1876 1473 2183 2657 637 255 1439 2051 2482 1558 140 2561 1390 2216 1452 1976 2089 482 2704 1931 394 1839 2829 627 177 2098 1903 2679 853 2308 2122 2178 2622 1868 898 258 1564 67 304 1556 2526 2055 545 2323 1163 536 1557 1394 1916 2445 2084 1047 2274 1035 1433 1597 1928 161 2409 1879 2043 1728 251 1491 990 682 1703 2507 2427 2617 2762 2757 401 2024 426 1908 2113 2810 70 1363 2779 1906 2732 1330 1265 433 1808 1288 1759 1637 173 2438 2583 1150 2291 502 1798
2153 419 894 2554 96 1927 1632 106 189 2060 1032 1171 1214 2751 22 2567 1661 2109 744 2502 2152 1139 1605 481 454 924 941 214 150 2841 1987 1365 2222 1866 815 851 2141 1286 1371 785 84 2726 2162 20 2404 1889 171 167 1953 1703 2216 621 957 1744 2263 1802 1363 959 1199 1995 609 752 1766 1556 909 1602 1960 2048 2464 2348 1288 506 183 1283 592 40 2401 270 2612 1108 1880 509 2705 2677 2571 2079 2160 565 2761 244 2457 2831 2623 2503 2521 1768 1013 510 43 1525
1896 1532 2099 2674 330 734 849 2819 152 2742 458 1339 313 2479 354 2500 847 1741 1376 2191 2228 1708 1917 696 2557 28 1563 1827 505 671 2177 523 2283 1704 1335 238 2181 532 2250 2365 120 1956 175 2681 705 2552 2716 1873 2028 2534 2689 92 1297 2527 2062 2764 822 2137 2594 1117 81 972 2052 2119 2105 2574 1003 503 1875 1092 2144 2193 1612 2592 1781 2164 2812 2773 131 2306 1414 872 268 2370 239 987 633 1680 1961 413 1912 2501 915 2774 2091 138 495 1021 113 1314
85 1656 1102 2790 2817 943 2044 1644 2528 221 1934 2300 2411 312 1926 2832 2501 1405 1624 817 987 635 188 1407 611 1319 556 1386 547 2082 2270 2545 1796 2034 1146 463 2397 2574 606 111 1752 1835 2045 1484 1352 1173 1029 1092 977 4 1666 259 1422 2626 1203 1412 2650 439 2195 64 2670 351 1342 1190 1700 178 1552 1640 488 2646 409 1222 322 2344 550 703 110 224 1550 1582 2307 1740 1674 2724 2508 738 622 2084 2003 1729 1788 2325 2214 713 433 1162 1414 479 1957 2154
1113 1144 629 1371 2503 882 1477 909 123 1865 2572 1183 1487 2823 327 1084 2263 2623 117 1659 1687 1525 1922 2494 2620 1280 1987 2677 2678 275 84 1199 1641 941 851 1458 815 1400 398 1960 481 2116 1979 2152 2571 2303 2386 2573 2627 924 183 986 281 959 1198 474 621 1205 2150 506 1757 1726 1880 2197 565 762 396 171 592 1315 40 300 1286 2141 2030 23 1844 907 1288 2245 796 1661 785 1605 1032 333 1336 2791 2182 236 2608 2502 1365 1423 1363 1471 2160 543 1013 856
2707 1444 1328 1679 1623 1054 2011 947 1649 1663 645 169 2837 445 440 2836 1782 735 2130 1045 2050 1029 319 2767 712 1381 1544 2439 1617 1658 1993 2241 1840 179 1422 1253 1552 2840 51 2628 1261 550 2287 1218 305 518 965 155 1640 562 173 1051 194 463 769 2352 900 197 1486 1307 2046 2133 439 1948 559 1416 659 1775 2650 259 1437 1208 2631 1860 563 2088 992 1096 2721 906 2652 2272 1897 674 2735 2419 2713 260 134 489 2515 2826 1158 2815 64 2482 2076 1586 1757 1046
1882 956 582 342 546 2740 1083 2476 154 1221 1797 620 732 1153 2749 1702 1541 820 6 1260 1697 1059 285 636 644 181 1761 750 2643 1603 551 807 2688 1318 759 334 387 1891 2807 650 1570 971 2425 2816 1536 909 2720 629 372 2666 2823 2188 2442 468 2278 2194 1802 922 42 2498 1880 2043 1865 1723 1596 762 1768 2387 661 829 1084 2171 2468 1525 76 1108 669 84 2261 1726 905 941 2167 1199 1286 1280 1206 2562 1560 2197 2572 1227 1380 45 2677 1987 115 2114 1283 2623
84 183 941 621 1987 2141 171 2152 1371 959 815 2503 481 1880 2056 45 2522 2182 1802 2502 2048 2608 236 2760 1251 785 1064 2677 506 2263 565 1364 1844 1605 2831 1286 909 270 1365 2401 1283 2705 2109 1108 2761 229 2612 1768 2425 2567 1139 1560 2751 1960 214 1866 2197 1525 1199 1280 1661 2706 2623 1171 1214 22 398 150 1458 2841 1288 43 396 2562 851 2720 1084 2216 387 1703 1032 644 1596 971 1363 2188 2571 2348 2442 1953 1113 2498 2688 2572 2386 189 2678 1632 1927 106
601 2 2663 18 1842 1834 951 2015 1252 2622 1557 1390 1759 2757 315 2818 1165 2302 191 2161 1320 1125 2777 1753 2772 2077 2478 70 1989 2315 2686 1747 2561 2510 431 1839 889 1035 1938 1833 1443 2667 2685 1980 1075 1114 2323 522 767 2702 1798 277 962 2509 1334 67 2242 1533 1810 1689 646 249 2583 2759 202 634 269 931 1511 1969 2430 369 2350 1001 2172 1406 93 2624 436 789 1012 1590 29 426 853 2504 1928 895 2409 1767 1683 1257 286 2746 485 714 2673 1801 1561 2540
2790 1656 1102 85 611 1319 943 2817 1926 817 221 188 2300 1644 2528 1405 312 2411 2832 1934 2044 635 1624 987 556 1407 1386 2501 547 2082 2270 2045 2755 2023 1584 747 258 770 1146 463 4 1796 1752 1320 1422 659 2323 1361 2397 1835 2545 1334 395 1451 1412 713 977 351 454 101 962 111 1230 322 251 1353 2277 545 572 1352 1092 1087 2178 364 1740 2721 727 2040 2670 1883 1552 1898 529 589 240 1559 1175 2644 1106 1342 1784 269 259 2200 694 2113 1683 305 304 2307
1421 166 2738 1964 405 2835 1828 2820 2266 2614 577 600 147 400 827 1401 2595 160 2661 1530 38 1078 1995 2094 2758 1607 1069 1341 871 2648 115 2444 1355 2507 2460 557 2013 2363 997 1904 1167 226 273 2104 1803 2524 1811 1278 2710 1324 879 2633 1539 2175 2100 2783 685 2473 1660 2709 867 1480 1025 2607 1242 1366 2431 814 385 2513 472 1816 127 1744 537 2486 2468 163 20 1556 741 2726 551 1622 1061 846 2162 388 1619 1637 1059 2222 1880 697 2213 1060 425 2403 40 167
79 2305 1067 2068 350 2665 722 2511 1547 2842 1134 246 204 1935 1463 116 1212 2135 97 899 2741 137 2041 1606 686 1126 1962 692 2292 2319 974 442 2736 2719 2294 1055 2506 2728 1944 2558 2207 790 725 165 1841 1825 362 2825 2258 1056 1986 1940 1130 447 2766 1088 2598 2436 1804 967 1462 804 91 2235 483 1728 1401 792 2296 1719 827 240 1076 400 1593 2784 1847 2561 1513 2813 1052 2580 251 67 1161 104 1883 499 2248 1353 576 1749 2161 269 1426 2661 1452 1035 184 1427
2306 1543 963 890 316 1109 2265 699 1955 2799 1991 162 1182 1823 367 649 1164 1885 1314 235 2212 1327 1135 2105 2597 872 2237 2610 2199 2822 1099 1774 261 1852 1003 877 1441 1010 2764 2789 1117 1873 2594 507 1156 2052 120 968 740 552 1111 2592 2343 2773 1332 2681 1650 633 1746 2177 2322 602 2193 2770 670 533 532 643 771 2144 2565 1021 1956 2812 553 2191 330 2316 1961 1917 2715 2028 1612 2814 113 671 2774 2527 580 495 31 326 1813 1297 1273 412 1339 1335 1302 1281
254 3 1642 2405 2490 2170 1958 66 282 929 1985 765 652 779 14 2536 1574 2336 825 2157 1136 1246 2426 1745 873 2434 1633 1600 276 1245 2147 1036 1519 1751 1152 862 318 1403 2165 632 2734 1762 1595 1170 1593 1077 871 1719 1804 1561 256 1353 2487 2016 2453 2443 91 792 596 483 1883 2485 2547 465 2784 1672 824 1743 240 1847 2235 1513 576 1161 1178 2054 617 1476 1093 1528 2024 1162 1342 967 88 1478 499 1990 1228 2296 111 630 378 2256 646 832 2700 1017 63 1773
352 1539 969 2797 2226 2576 2269 2092 2844 299 2833 2139 2776 2371 428 1549 264 2063 1349 837 2484 2473 2455 2175 2403 1009 17 2138 1629 1814 1622 1982 1735 403 741 90 846 1589 1159 1815 1571 642 2486 1122 1925 667 2189 573 1618 1025 891 1101 2811 2731 234 2338 879 961 2710 1572 1619 913 317 226 2100 1060 127 2635 1520 1338 2215 2255 2709 1 600 1540 2412 203 2340 685 2727 2399 557 687 46 511 2738 1615 2460 307 1295 1242 223 892 267 1660 2633 1366 537 991
2306 1543 890 963 316 2265 1109 1955 2799 649 367 1991 699 1182 1823 162 235 1885 2105 1314 2199 872 2597 1135 1164 261 1327 2212 2610 1099 1774 1003 2822 877 2789 1852 507 2594 552 1441 2237 1156 2770 1650 2773 1117 2343 1010 553 1746 670 2764 120 968 2774 740 1873 2177 2144 2812 2715 2814 1461 1111 633 1335 533 326 2592 580 1297 1917 1332 31 771 2223 1302 643 2681 324 195 1813 159 68 1293 414 2253 1281 1118 2017 1095 1698 89 2584 2501 1934 2817 1278 532 2714
1298 182 1434 1712 1760 1631 2112 149 1004 940 1343 2737 949 954 1103 1999 2497 75 198 783 1685 1333 60 2022 1304 1019 63 2542 617 2656 1693 1346 2149 2129 1161 1513 1197 1773 1795 1847 1561 310 2016 499 1785 1228 540 832 1535 291 2441 2827 2242 1749 1743 614 983 2152 1137 1207 1176 1113 676 2190 986 1605 1087 1757 2522 2056 2072 1856 45 84 941 695 95 2182 1661 1987 1733 2111 1371 22 1064 882 2409 815 1590 2751 236 244 93 327 895 40 1166 2608 1637 1035
1836 2437 1672 2785 2700 1990 1224 1116 1713 1714 1914 47 2523 34 683 1838 1178 2180 2422 1749 2249 44 2317 676 465 2202 2745 1476 88 1057 1856 1483 2111 376 1447 16 1469 2016 1535 2190 291 132 824 2547 1176 695 95 596 2441 269 983 1743 576 2827 832 761 1449 310 1513 1773 1693 1795 2129 2149 1346 2656 499 1847 1161 1785 1228 1019 1631 617 751 63 2542 1996 1091 230 777 1561 182 1044 1093 954 1685 149 1333 1197 1760 1593 2000 783 1712 1103 60 834 792 1073
352 2576 2797 2269 2092 1539 299 2139 2833 2371 2776 2844 1549 428 1814 1982 2403 1735 969 741 1925 1589 667 2226 264 90 837 2455 1009 2175 1629 2063 2484 1619 879 403 2731 1622 1815 2473 1159 2189 226 1122 17 891 1025 1863 687 2138 1349 846 1295 2486 557 2771 2460 991 262 573 2811 888 641 2710 642 1571 2338 2468 2385 127 1807 1373 685 1509 267 203 1101 1660 2633 600 867 317 234 1618 1242 2607 1480 1366 2215 1060 1572 1816 2412 2100 913 2431 472 2738 814 2363
2374 133 493 2174 2418 1234 57 1034 2327 1792 1392 280 1861 1580 2004 210 1575 548 2461 1375 1758 793 1724 1859 570 746 294 2125 1276 1930 2456 689 1358 1765 1665 976 2330 422 756 1947 366 2184 1072 1664 588 1196 583 1081 2229 2672 1497 2186 859 2838 704 1030 2694 421 1279 797 2513 2662 2541 228 2548 2332 2590 2493 2581 242 656 1457 77 2703 158 1193 1377 2127 2324 2356 798 2206 438 2198 880 706 857 1086 1877 1229 2739 1776 884 1542 1348 1522 287 1887 470 885
2045 2023 1584 2755 747 258 770 1320 1319 611 2034 2545 1796 2757 2622 1759 1987 1557 1980 1390 1616 2161 1689 1834 1839 853 315 2115 338 730 1728 454 1800 2561 2496 2786 2829 1466 2162 1844 1265 1928 1448 941 1888 2315 506 1144 442 519 2015 1165 479 2686 465 1455 816 2295 2667 1561 1604 177 990 176 2143 24 2077 2430 2242 2302 2772 1835 2323 426 2024 191 2577 1512 1075 240 1252 1176 1035 2478 463 446 2413 713 184 1353 461 835 481 1597 1962 2615 1683 789 868 1558
1325 1526 2145 406 1779 2516 1670 1385 1527 1007 1442 1511 1969 709 186 1894 1068 811 1079 535 2377 1871 821 2219 1455 112 1992 410 1707 2095 1379 937 605 1110 365 749 1794 2102 1783 2763 773 336 434 544 2341 338 1131 2549 1466 519 2151 2788 883 257 1040 2364 1498 288 2290 2746 1516 1731 2299 1243 2730 1311 730 1005 253 1966 593 568 673 435 2609 1138 870 1424 1968 610 1133 1645 2613 742 1800 94 648 538 1682 248 1946 2830 392 2417 1581 1020 678 2560 1309 1573
2495 76 1357 39 564 2288 926 1818 2281 1180 1786 230 1091 1971 1996 777 2224 1257 2114 739 1106 1559 989 2000 581 1137 803 2787 1451 1361 751 1207 2072 614 1087 737 1558 1538 215 2493 1900 2699 2489 374 436 1846 1683 898 2324 714 364 2540 2040 2381 101 251 1427 2247 1801 341 1166 2759 853 2242 1093 1928 2504 328 1389 766 1230 1883 1394 1798 1115 2579 1353 2546 2277 1898 2784 240 465 1334 293 529 962 2238 1593 895 93 407 1300 483 646 1197 1590 2054 2644 634
803 374 1900 364 2040 2381 215 436 101 989 251 737 1427 2759 341 2540 581 2579 2546 1389 1115 2504 1361 1451 1559 1106 2114 2644 395 766 789 1230 1683 572 545 1394 2238 962 1798 2000 1883 1898 2066 1213 2277 328 529 2787 2178 304 2113 2054 1971 646 1257 1334 2242 1786 1801 483 2323 1357 240 407 1951 1818 485 2288 39 1175 1306 926 564 1300 2784 2281 589 727 658 1353 1093 1180 2495 76 1137 614 230 1091 1593 1996 777 293 2072 1087 1207 739 1558 898 751 714
629 1113 1865 1916 475 2346 1723 2810 2043 2171 2666 650 2816 1891 1144 1477 882 123 1487 909 1153 820 750 1541 1603 411 2823 807 1183 2503 1371 582 1882 2677 334 1570 281 922 2627 924 37 956 1761 1188 546 1471 372 953 1987 1456 1697 986 1763 2150 1221 1284 941 1537 1757 285 2494 122 468 6 396 732 2152 327 1702 481 851 1082 620 2841 1199 1260 2167 1605 1641 117 815 1687 275 1922 2620 1083 2643 690 2573 2387 1084 2572 1139 84 2502 1858 2313 2571 1257 2679
1946 2394 416 1778 105 2660 966 1495 243 355 2458 908 1370 813 2257 1331 1554 1396 1673 1002 1614 1419 2696 1742 1384 1105 2331 301 392 984 942 2600 1705 1681 2085 337 487 2543 1978 1119 852 883 1718 1017 2392 1853 11 54 1739 360 921 542 2259 710 660 2782 2664 144 1621 1000 1200 2262 2357 1676 1893 2420 2596 1695 1237 1508 1567 320 1981 2452 791 446 937 1479 50 490 2064 1077 1604 94 666 2843 1565 2318 1290 1170 519 632 1152 257 599 1301 1309 1682 2405 2697
727 658 589 1175 1306 1951 485 1334 1361 2323 1798 962 2178 304 2113 646 1213 2066 1451 2054 2546 1389 572 1115 545 1394 1106 1559 2787 1230 395 2540 2644 2277 529 1088 2579 2000 1561 1558 1801 2072 714 1683 1207 853 1087 374 1137 614 989 2759 251 426 1597 1257 634 2430 803 898 1427 2249 1689 2024 2381 761 2143 24 1971 1786 789 1353 1898 581 2114 1883 540 1093 2504 341 1166 293 240 1197 101 1928 483 2521 2040 954 149 1685 1900 617 407 2542 2656 739 1333 2238
1593 465 483 240 1353 2784 1300 1801 1883 789 540 2579 1197 1561 1087 2277 2235 614 2504 291 1427 1394 2260 545 2242 803 1683 1631 2759 898 529 1213 2540 2066 1207 2072 676 1137 374 1035 1558 1257 499 751 2542 1389 1115 2644 2546 395 1971 1230 1346 2113 714 2178 251 2129 2110 1535 304 2238 832 2000 617 2381 1898 792 341 101 91 766 2296 1804 1093 2040 1166 407 1928 2022 1900 967 581 1719 364 2323 572 962 215 1451 436 2114 737 328 1334 2409 895 1786 1590 1106
1316 2556 1636 2272 1965 2815 1496 2713 1860 1752 2628 2367 1051 2352 194 1218 497 1586 2046 1261 992 1948 201 1897 950 1362 1840 2241 1146 1416 2433 1096 2069 613 1901 2376 2309 518 1658 1381 1490 2439 1453 1544 231 2836 1782 1148 2553 1799 1123 64 1202 2650 173 2721 266 1569 305 2300 168 221 1926 563 715 663 51 2477 2837 48 1878 440 1045 978 562 2545 2790 1407 2034 1649 826 4 1640 965 100 155 1796 2767 769 1993 1895 547 161 2840 900 1102 712 169 2652 635
1596 2498 43 2188 909 971 2688 2562 387 785 644 2442 2720 1108 1866 2448 214 1084 1802 1880 2572 2348 2263 1371 1525 1953 1280 2623 150 1602 1616 2115 2678 270 1696 2502 1283 2152 1139 1605 244 2168 2841 84 957 1726 1199 2141 2203 1477 275 941 2425 1502 2386 510 1738 1198 1397 2494 1184 2768 1766 509 594 2303 1205 1889 2521 327 148 2791 2573 1659 1922 420 2725 398 1960 2761 1365 1987 609 2620 1687 2464 2503 1488 183 2030 2179 300 2048 1979 2457 117 2197 2677 23 205
79 2305 1067 350 2068 2665 722 2511 1547 2842 1944 1055 2294 1134 2728 246 2207 2558 97 725 2041 1935 1463 692 2292 1825 2319 204 165 1126 2719 1056 1962 2506 1212 899 1130 116 2135 137 2741 442 2736 686 790 1940 1986 1841 362 1606 1088 974 2825 2258 447 2766 104 1462 2436 2598 804 91 67 2235 2296 792 1379 1804 269 2583 1001 1728 1869 2359 967 1243 2483 2121 2054 627 540 29 646 73 896 738 293 713 1257 1810 373 2214 1719 2161 1149 1222 2509 1900 436 2362
1697 285 922 1221 6 2268 2167 1570 546 1456 582 759 1188 2643 411 1702 1260 37 1284 1763 122 468 1865 1858 1083 1891 732 973 620 807 181 459 298 1082 690 1723 2313 1537 2816 448 475 820 650 2666 1916 1285 1603 2043 2171 1541 980 1090 2346 1797 2476 1884 1882 2118 1308 586 750 1153 2706 1610 334 443 636 629 2810 2194 1006 1015 669 2261 661 1227 956 2807 829 1560 372 167 1318 1080 2677 476 20 1075 454 2162 2726 1761 229 23 236 1502 281 2608 1199 1744
2185 2584 1411 1129 143 2298 1684 1440 795 386 1694 2529 718 2517 958 1445 2271 2801 2363 787 1360 2616 1630 697 638 2246 1939 2619 1294 30 1514 665 810 71 1112 1258 1446 2481 557 2460 1215 879 414 1324 2468 273 1270 2189 2444 1267 1366 685 2139 1982 1816 1925 1619 2833 2710 562 741 299 1549 2727 1640 1863 372 1480 2269 1629 428 1242 1744 2524 1993 307 1295 551 448 1837 2844 2576 2706 690 51 2837 1814 1284 1200 2371 305 1456 2088 267 1373 2403 2631 2771 2167 1589
79 350 2305 1067 2068 2665 722 2511 974 1547 2842 686 246 1134 204 1935 1463 2041 97 1944 2294 1962 2135 899 116 1212 1055 2741 1606 137 1126 2506 2319 2558 2728 1088 442 692 790 725 165 217 2292 2207 2598 1330 2736 2719 2427 1130 1825 2436 1841 255 2813 2445 1986 1462 1052 362 2248 2704 1076 804 482 1661 2359 2258 2580 481 1728 1632 1940 2526 2089 1839 1931 1464 1305 1804 1035 2382 1927 2220 2286 1433 400 967 104 12 2825 1183 1703 637 2183 1987 1363 2296 1771 815
1093 465 1727 407 1087 1593 2555 834 2058 614 1277 1801 751 483 2242 240 777 1996 328 1091 2072 1207 1353 1898 1137 1971 766 789 1300 2784 1883 230 1257 540 2238 898 1558 2504 341 803 1786 2114 1749 576 1683 2579 1561 714 2000 761 1357 2022 581 564 2235 926 1197 676 1818 2759 2288 2495 2281 39 333 1180 783 1213 2066 1035 215 1166 1044 737 2040 101 2277 76 364 1928 499 436 251 853 374 792 1900 2113 1394 91 1804 617 304 2296 2178 2381 989 967 2224 545
1453 2433 1901 1490 2376 2309 201 2034 2545 2713 1796 1860 100 48 1569 715 2721 64 1640 305 562 439 155 2650 51 2815 1316 1496 1636 2272 1965 1422 2556 231 1948 1096 168 1148 260 563 2088 2553 1416 1123 747 1584 2826 1765 2700 499 1035 2135 899 1212 2023 793 1795 2229 1434 2631 2755 559 1999 1034 1392 1362 2672 558 659 204 725 983 1593 976 137 493 47 784 1743 2461 2741 1617 2007 135 1103 1847 91 1234 1196 1529 957 756 2374 294 1383 2827 1986 550 2413 1631
2843 257 1707 1731 937 1526 1871 1779 2516 1527 2145 1138 406 1385 1455 1442 2377 2609 1511 1007 2613 1969 535 730 1516 1466 338 1325 519 1894 821 1800 288 186 416 2331 1670 2102 1131 1645 1243 1992 773 1379 1419 1068 811 2151 336 410 1200 1794 253 2763 1079 2341 709 2549 2290 749 112 2830 2730 2095 365 544 1311 678 434 248 2560 1174 1498 568 855 1020 774 2746 2299 1968 1783 2005 1040 1309 2417 435 2492 2196 1142 1581 2364 1424 1913 2243 2006 2788 2697 1005 593 1966
2043 2810 650 2666 2171 2816 1891 1916 475 2346 1723 1153 807 820 1603 1541 750 1260 582 411 759 6 1702 2643 334 1761 546 1221 285 1697 620 1882 732 181 372 1865 956 468 1570 1083 922 829 2387 1858 2167 1797 2268 2476 1188 1456 37 1763 636 1284 973 1227 2313 2807 661 1524 1318 2194 2261 122 2425 1537 669 2841 476 1605 298 1139 690 629 980 2502 229 2168 2152 459 1610 1257 1971 2677 594 1515 32 2540 2542 420 1884 1082 2114 202 1593 1015 993 751 1629 1059
577 403 2215 1615 2213 349 2648 2158 1815 2138 2635 223 1159 892 352 46 846 17 2100 2466 1571 642 2486 2834 795 1618 1698 969 1540 1572 1009 1101 573 2338 2455 913 2372 1349 2340 511 2063 600 1622 1994 961 2223 2484 2710 234 264 127 837 147 2253 2595 1060 1520 1 2399 1409 2709 195 307 2473 1939 2481 317 685 1338 665 1294 2727 1446 2255 203 2412 1258 1095 2444 1270 2189 2811 741 1355 472 1694 2738 1630 2175 2513 1025 1360 1862 2844 1278 1167 1539 2092 2614 2339
2095 664 821 811 410 535 2377 1527 1079 1455 1894 1068 1731 2145 2609 406 288 257 336 1871 1498 937 112 253 365 605 1040 1110 1516 749 1325 1670 2613 1379 1424 870 1526 2341 1779 610 1794 1466 1131 544 1138 1385 881 1007 434 338 883 435 709 2516 1783 1311 248 2843 648 2549 2219 2788 1800 1442 1133 2746 2680 1511 2331 1707 1634 2299 1645 2364 94 2290 1966 1243 1969 186 2763 519 2830 538 730 717 1309 1992 1968 1573 593 2730 773 673 2151 678 742 2102 1005 1020
899 1606 2741 204 137 2135 1212 116 97 1463 2842 1134 246 1935 1944 1055 2294 1547 2511 2041 2728 2207 725 165 2068 1056 1067 2558 722 1825 2665 2305 1986 1940 692 1126 2292 2736 79 1130 447 2319 2825 2719 442 2766 2506 1962 362 790 1841 686 2057 2248 2291 2813 494 1874 1223 574 677 2580 647 1076 657 2258 1088 1937 1035 2708 804 2838 2382 1728 135 2413 57 2295 2639 948 2435 967 499 1452 1590 1464 493 558 2561 280 627 2286 1892 1804 347 2121 184 2683 350 2598
2185 2584 1411 143 1129 2298 1684 1440 386 795 1694 2529 718 958 1445 2517 2271 2801 787 2616 1630 638 1360 2363 697 1514 1294 2246 30 2619 810 71 665 1446 1939 1112 1258 2481 1215 557 414 2460 1270 273 1324 879 1267 2444 2468 1366 1982 2189 2139 1816 685 299 2833 2524 1925 1619 1814 2710 1480 2104 2727 372 562 2726 867 1735 741 1837 1242 1744 1589 1025 2092 2662 1863 2556 1660 428 2208 591 1640 51 1549 1520 5 2607 2633 551 41 1629 2371 307 2367 20 342 1284
70 1125 1753 2777 2772 2077 2478 2510 431 2561 2161 1839 2818 2015 1252 1759 315 2757 1165 2302 1035 1834 2622 951 1557 191 1390 18 1842 601 2663 2 2315 2686 1320 1989 1747 767 277 502 990 1908 889 2242 1075 161 1980 284 962 2702 2009 1798 1114 2644 202 1106 2471 1801 529 1207 2482 2509 2636 2685 2504 2759 1683 2323 2496 485 737 581 1810 1593 2601 461 1443 1257 688 1895 1976 1235 1559 1512 395 1230 1938 1786 67 2274 436 269 597 72 1353 1310 1213 2113 789 1971
67 2583 1810 2509 627 1075 2121 1001 249 2350 1012 202 1406 1944 2294 1055 2728 2207 725 2558 165 1825 2292 2719 692 2736 447 2319 2825 1986 1940 1130 2766 1056 1126 442 2506 1441 1962 790 2305 362 1841 1067 2041 1212 79 97 137 2068 2741 2135 899 1869 1088 116 722 2665 1195 378 1594 404 204 1609 1134 246 686 1463 1935 2842 1606 2787 2258 2511 1798 293 29 1547 2656 2320 1558 1149 436 2409 2149 2172 2533 1361 713 2436 954 737 2673 2542 1451 15 2598 1900 985 1728
99 1145 2163 401 453 1628 2055 141 816 477 1872 981 1085 177 1233 2829 760 2122 1163 2679 1903 1023 437 1047 1682 2098 2747 380 612 399 461 1976 823 1599 2074 73 1510 595 72 2009 2636 156 2577 172 164 2722 2362 1688 2775 694 2274 1808 1784 1089 1404 208 1155 1241 460 2587 174 1100 2452 1415 1479 1387 1906 731 2469 2655 320 2126 2318 1160 1717 2161 24 2143 634 2024 1561 91 1689 1305 967 213 1436 2242 1353 1719 426 2784 2235 2295 2320 558 1804 1728 2457 2016
467 1475 840 2634 1039 484 389 758 89 1378 2059 464 1062 129 2236 1568 2429 1662 1932 1022 999 501 452 1706 1789 2142 927 1655 363 2687 108 1831 324 456 125 1281 1026 1912 2765 1813 788 2611 2062 786 2465 2505 1923 241 478 936 1037 2398 628 753 2301 1018 2407 534 1929 2244 1262 1008 53 1730 344 806 1692 643 1275 1048 314 780 295 402 1481 131 1124 2285 1024 471 1967 418 2053 2715 1715 268 1220 2137 1843 1503 1465 782 822 2806 138 390 1335 1756 2632 1097
67 249 627 1012 2583 1810 1001 2509 2121 2350 1406 1075 202 1441 1055 2294 1944 2728 725 165 2207 1825 2558 1212 899 137 2741 1986 2135 1940 97 1130 204 116 2041 2736 1606 1935 404 1463 246 1134 1195 1869 692 1126 1594 2292 378 2842 442 1609 362 2719 1547 1841 2305 2825 2319 2506 2068 1088 722 447 1962 1689 2665 1056 1067 2511 1590 1728 895 1448 426 2295 24 1597 634 93 1928 2143 2224 2413 2430 184 2320 436 540 1478 338 2242 967 135 789 1265 1558 1144 215 2024
2645 2156 1321 836 2096 1709 935 2432 1098 2750 1933 2201 1790 850 2071 2355 897 1052 1504 1436 1305 1638 2342 755 1736 2450 1806 222 2691 2218 2512 2362 1911 2420 796 2318 2823 2452 2642 2537 2446 599 477 208 1153 2216 1621 595 1227 2587 476 2627 1288 396 461 1085 1703 1865 1145 1214 1363 2122 1217 957 2829 2313 2404 177 612 22 2261 2469 1976 1023 629 744 2655 2098 650 2567 1761 1047 1171 609 1903 281 834 1889 189 2074 2747 856 1556 1286 1717 2751 1401 1904 1593 2679
472 1803 2758 1069 1341 1607 1811 1530 160 2094 1078 2595 577 2266 1421 1167 1509 147 551 2444 1059 741 1355 127 2738 203 991 1807 1295 2013 226 641 2385 262 1524 2771 342 1373 1242 273 888 1278 2524 2104 154 1862 385 2431 2740 814 1863 1619 667 166 2820 1925 1025 2138 2403 537 2710 2460 2811 867 600 1060 1735 1982 879 2412 557 1660 1324 2633 2749 1828 405 2468 2776 961 2607 2255 267 2835 2513 1480 352 1366 2139 428 1816 1291 687 2486 2635 1215 2371 1540 1618 2781
582 1260 1221 546 1702 6 759 285 2643 1083 732 620 181 807 1570 468 1865 1697 1858 1797 1891 2476 922 1882 411 1153 820 2043 1603 1541 2816 750 2167 650 2666 2171 2810 636 2268 1723 1318 2807 1456 1188 956 629 973 475 1916 334 2346 1284 1761 2313 37 122 1763 2425 372 1536 2278 42 2387 829 229 1199 1113 980 2194 298 1560 1768 1144 1082 1227 2677 2261 459 1537 2627 448 281 1610 2503 1884 1285 2118 690 1015 661 669 882 98 387 2823 2688 476 123 586 104
1346 617 2129 2542 832 1535 291 540 1561 783 1631 1298 949 1434 1197 1343 182 940 1004 2112 2737 1019 1760 1847 63 1161 149 1773 1513 954 1712 1795 1785 1228 1685 499 198 1999 2497 1333 75 2022 2656 1103 310 2827 2441 1693 465 2149 2016 1304 2260 983 2242 60 1743 2190 1176 676 1856 695 95 2111 2202 1914 132 1093 2745 2785 596 1590 1593 2235 2700 93 895 1476 2409 91 1928 792 1166 1836 88 576 2296 1749 2324 1804 824 2437 1990 1672 1116 1838 2547 683 967 1714
352 403 2063 1159 1815 1122 2455 1009 837 264 2484 2844 1629 2092 1814 1622 17 1349 2797 1025 969 2833 2139 299 1589 1539 2371 2269 2576 846 2776 428 2189 2731 127 1549 741 1571 2226 2138 2486 1982 203 573 2403 795 642 234 1520 2727 685 1 1735 307 90 1618 1925 1572 2399 879 913 1101 667 2215 557 1619 317 2213 2473 2100 2412 1338 2460 2811 511 961 2255 1366 226 600 2175 551 2710 1660 1480 2607 1816 1242 1060 2633 472 2783 2298 2635 2338 1215 2363 1524 1295 867
2479 849 2819 458 313 152 2500 1532 2191 2674 1896 1339 734 1741 2099 2557 847 1563 28 2716 1708 354 330 2228 2365 2742 505 1827 120 2552 238 523 2250 1376 175 696 2283 1917 2181 2534 2689 2681 705 81 671 2370 92 1335 2177 972 2119 1704 2527 587 2594 1297 2062 1003 261 1156 2193 552 2592 872 1117 1111 2105 2052 1314 877 1873 125 1932 129 1912 2764 2199 501 1062 532 1281 449 788 324 2773 1026 1680 456 1813 1555 633 740 2715 1831 2634 1923 1956 2465 2505 974
1944 2294 1055 1056 2728 2207 725 165 2558 1825 1986 899 1940 2135 1212 137 1606 204 2741 1130 116 97 2736 2825 2842 447 1463 692 2041 2292 2766 2719 1134 1935 246 2319 1126 442 2068 1547 2511 362 1067 1841 79 790 2305 722 2506 2665 1962 686 2248 1076 2813 1088 2057 2291 2382 1874 1464 948 2286 574 1223 1937 804 2580 2258 677 494 1639 1847 1513 2639 1161 2393 1452 647 1773 1785 2827 1795 2683 540 983 2413 2441 2116 499 2295 2435 310 1590 766 407 2569 491 1228 280
2767 1993 1617 712 1422 1045 2130 2050 1663 735 134 2836 1782 440 179 550 947 2837 1328 1029 169 2707 2631 1444 2241 1381 1054 645 51 1649 1658 1679 2011 1623 445 155 900 1261 1486 2439 1218 305 1544 319 1437 2133 1840 1552 1208 2088 559 1640 2419 2840 2652 562 260 259 563 1307 197 1051 2034 1710 1878 2826 1489 2628 1416 463 1796 1948 2721 906 480 1123 2650 1096 1369 1983 978 2544 2076 1148 674 439 1253 2545 965 2515 1417 2714 1701 2454 977 1092 1897 1860 1569 2352
13 1272 640 2210 2520 2421 2671 1754 1949 1038 1041 323 2090 121 536 988 2083 1910 569 193 729 2798 2640 370 1189 56 2032 2047 1337 332 2539 2629 1793 2568 2415 1429 2578 901 2217 571 427 865 1268 828 340 1065 377 2428 1132 1588 2221 743 933 2602 1070 2570 2828 1764 2795 2120 2335 2031 2380 1668 672 1256 2839 1374 1329 1236 1952 1431 2267 1266 2808 36 964 1553 1399 2038 358 733 1249 1430 500 866 1699 2117 1886 680 2333 498 119 375 1426 757 2029 609 1728 2108
2328 2491 1179 2252 1977 2682 1651 1579 1063 1583 515 841 2792 1769 998 9 1791 919 952 1354 1531 1851 930 639 1920 2778 2729 118 928 567 2379 1470 1657 748 2065 1578 945 1770 114 2225 2647 975 923 887 2097 819 1585 982 763 2304 311 1667 227 2793 875 1210 916 2042 808 2559 1367 1368 1239 2349 2723 7 528 2488 1566 2618 1211 2575 2310 1271 2416 2459 579 517 25 816 1688 1154 151 2474 492 2711 2775 98 1415 382 778 2149 72 2274 1085 1402 177 1808 2462 2786
2352 1051 194 1218 1261 2556 2272 1316 1636 1496 2628 1948 2815 1965 1416 1860 1096 2713 201 2241 1586 2046 1897 2433 497 1362 992 1840 1453 1901 1381 1490 1658 2439 2309 1544 2376 2836 1782 51 305 1045 2837 2767 1640 64 48 1569 2721 155 1422 562 518 712 169 1993 440 715 1617 1752 100 1649 947 2650 645 439 2050 1796 1663 663 2553 563 161 613 735 1444 1541 2069 231 1054 2130 2483 260 173 2007 1148 965 2652 747 2133 1328 319 1153 445 1986 2707 2289 1253 179 559
2374 133 493 422 548 1947 1765 2174 1234 2418 57 2184 976 1034 1792 1392 2327 1861 2004 280 1580 1375 756 1575 210 1758 588 1724 583 2461 1081 793 1497 1859 746 570 366 294 1358 2125 1196 1930 2456 689 1276 2330 859 1665 2672 1664 2229 2838 2186 1072 1279 797 2694 704 1030 2541 421 2493 2662 2324 2548 2247 1538 2489 1846 228 2332 2699 2590 2019 656 1457 242 2513 404 2581 1609 2356 2129 77 1161 1877 1847 2703 706 1887 857 1229 2827 2235 1346 1195 2198 1561 983 540
2270 1407 987 635 2082 1386 547 556 312 2832 1405 221 1624 2300 85 1926 188 2501 943 2790 1146 817 1102 1934 2044 2411 1752 1644 2528 1656 2367 2817 1319 611 4 1545 626 59 1202 2389 950 1737 613 1799 2069 2515 341 240 1353 259 2040 1883 1422 2381 1900 1728 741 826 101 203 374 757 251 983 2775 2277 1093 156 1898 364 1096 1796 550 2430 174 694 1241 766 278 2537 1582 2762 164 1451 2484 1593 328 1971 1784 1415 135 1719 1996 1835 1087 2486 2472 1683 2638 2238
2045 2023 1584 2755 747 258 770 1319 611 1320 2034 2545 188 463 1796 1604 1689 1987 1455 446 2162 1728 259 941 1448 506 1701 2622 1265 479 454 442 1557 338 937 2024 853 2786 2829 2041 2577 1616 426 2757 2295 1466 176 315 1928 2323 1561 451 1759 1353 240 184 2115 481 730 1478 695 2790 906 2430 789 1334 1131 1844 1693 2143 177 2161 2413 24 251 1800 646 2472 2040 1176 1597 1017 2341 1075 816 1243 461 519 1390 1839 1361 1888 132 2615 465 410 477 115 983 1683
2810 2171 2043 2666 650 2816 2346 1916 475 1723 1891 1153 1603 820 1541 750 807 582 411 334 1761 1260 1702 6 1882 2643 759 546 732 372 620 181 1221 956 285 2387 1865 1083 1570 1697 829 922 468 1797 1188 2167 1858 1456 2268 2841 37 2476 1139 1763 1605 2502 1284 1537 1953 2152 629 420 148 2313 2677 1397 594 803 1227 636 690 2768 1213 1696 1082 122 215 436 831 2636 1257 281 2807 2542 2009 364 384 374 1593 2214 1228 2216 737 2261 1150 1561 2521 1785 1420 1602
743 1553 2380 1236 1430 1256 1699 2267 1886 2423 2078 2333 2568 2217 2415 427 901 1793 1038 1492 289 429 802 142 878 1053 1890 1888 340 2117 868 432 554 681 176 571 2786 21 62 1065 2108 1562 555 2029 2227 1398 361 2668 302 886 597 417 1418 893 292 36 2451 1431 2743 199 13 78 1686 332 2421 640 979 1033 1272 1754 193 1949 2384 1041 1393 2520 2210 2671 536 988 680 733 323 866 121 2090 569 2032 2047 56 1189 1499 370 500 1268 981 1132 2539 2629 729
2043 2171 2810 2666 650 2816 1916 475 2346 1723 1891 1153 820 1541 1603 750 807 582 334 411 1761 1260 372 1702 759 2643 956 6 2387 1882 546 620 732 1221 181 285 1865 829 1083 1570 1697 468 922 1797 1858 2167 1188 1456 2268 2476 37 1139 2841 1537 1763 1605 1284 629 1227 690 803 2483 1257 2152 2313 420 1222 1971 148 1412 2502 2677 111 636 2072 1954 1397 831 351 298 1786 1420 713 2214 1957 1696 1561 1203 1106 436 215 272 1953 560 322 2807 738 1451 1900 1207
577 2466 223 892 2648 1615 349 2215 46 2635 2213 2158 2834 1698 2372 465 1994 511 1540 2223 1087 2595 147 2340 2253 2338 969 795 1618 195 913 1815 1939 1572 2710 1409 2138 403 2481 2100 751 642 2486 846 665 2709 961 1801 1294 1095 1159 1571 234 1349 600 1258 1101 614 1207 1137 2072 1009 1446 1257 898 540 127 1593 1060 1971 352 2444 1355 1558 2022 1694 1197 1270 803 17 1166 714 573 2455 2175 1167 1112 1520 1928 1630 2473 537 2616 2066 2513 307 1353 1213 2399 2339
1798 962 572 1230 2323 2644 395 1451 1334 2277 529 1361 1683 1394 545 1801 1106 1559 2759 2787 2579 2000 581 374 2540 2381 2504 646 101 803 1900 2040 789 251 436 737 215 485 1951 1306 1175 364 1427 989 2114 2066 2054 1213 341 589 727 658 1898 2238 766 2242 2178 304 2113 328 1883 1257 1389 2546 1971 1115 1093 1786 483 240 407 1353 1561 293 1137 39 1357 2288 2784 1300 1207 614 2072 853 426 1818 926 2281 564 714 1597 1087 1558 1689 1088 634 1180 2495 898 2430
2749 226 2460 557 1619 551 2468 879 2403 2431 154 385 342 814 1982 1925 667 1863 1059 1025 2740 687 2363 867 1735 2633 1480 2607 798 1660 2187 1675 685 2548 1816 1366 428 1295 2198 267 2776 991 2783 1807 2771 2710 2662 160 472 641 1629 2371 2385 1530 2002 741 1078 1373 1494 842 262 2576 2094 888 1653 299 242 127 158 1549 2139 2581 1539 2833 1607 1814 1509 1341 2269 1421 2588 880 2206 203 1193 2797 1377 38 1086 2731 2758 1069 2727 2738 577 1524 2694 1522 470 2127
883 416 664 1946 605 1040 365 1110 535 2377 1424 811 435 2095 112 434 1498 1794 94 1379 1133 544 610 1131 749 568 2830 2788 1966 937 1068 1309 648 678 1968 1466 410 1455 821 2560 1573 870 1783 338 1020 1311 1079 717 593 248 2549 1670 1634 1581 673 2746 2609 253 2290 2341 1243 538 336 2364 2299 2151 2251 288 2730 1325 1005 2394 881 855 2331 2005 1516 1527 730 2680 2219 2417 257 709 392 1731 1643 1871 585 2613 1142 2145 2519 406 843 2087 1454 1682 1850 2843
1161 1847 1773 1795 1513 1785 1228 63 1019 499 617 2129 310 2827 2016 1631 2441 1346 2656 983 2542 1693 1176 695 1743 2149 2190 95 832 2022 1333 1685 132 1856 2111 596 182 149 954 1535 1760 1298 1712 1561 2202 1476 2745 540 824 2547 291 576 783 88 2700 1914 949 1434 1749 465 1197 2785 940 2112 1004 1343 2737 1990 1178 2497 1999 1103 198 75 2437 1836 676 2242 1304 1224 60 1116 1713 1714 2422 1593 34 1093 483 1838 240 2523 1672 2784 683 1353 1300 1883 47 1928
924 2751 2567 2502 22 1214 1171 2152 1605 1139 1661 2109 2841 2216 1703 1363 1288 214 1866 454 1471 953 1487 1371 2348 1953 851 744 941 1602 909 84 1632 1927 189 1987 1032 2060 106 96 419 2263 481 2554 894 2153 815 621 2507 997 785 183 20 2141 2726 1687 171 167 1960 1400 2573 1802 2162 957 752 2404 1922 1889 327 2768 2620 420 2503 609 959 117 1397 1744 1880 1766 2677 40 2222 1659 2623 1525 1084 1995 1979 1738 1286 592 2030 2464 1199 1365 594 506 1280 510
899 1606 2741 204 137 2135 1212 116 1463 97 1944 1055 2294 1134 2842 1935 246 2728 1547 2041 2207 2511 725 165 2068 1825 1056 2558 1067 722 2665 1986 2305 692 2292 1126 1940 2736 447 2719 2766 2319 2825 79 1130 442 2506 1962 790 1841 494 2057 686 2291 362 1874 1088 2248 2580 657 493 2435 2708 2813 574 677 1223 57 1035 1892 1076 133 1452 1771 2413 366 280 2295 2382 647 1777 1839 1590 1930 548 1937 2324 2286 804 1185 305 1931 1792 2598 1265 1490 797 93 2625 347
2455 1009 264 837 1159 1815 403 2063 2484 2844 1622 2092 2797 352 299 17 2371 2139 90 2776 2833 428 687 2576 2269 2189 1982 2486 846 573 2403 1549 1814 667 1925 741 1539 1735 969 317 1571 642 1338 2100 600 2811 1589 2412 1122 1619 2255 1629 2338 1060 891 2473 1101 879 2731 2138 226 203 2738 2215 795 349 1863 2175 1615 1572 1862 2635 913 1278 234 685 1025 557 262 267 223 1520 2460 2662 888 2158 1509 472 641 127 1349 1295 1 892 1238 1373 2226 2771 2399 1291
2218 222 1504 1436 2512 1052 1638 755 1806 2342 1736 2450 1305 2071 850 1933 1790 2362 1098 2750 1321 2645 2355 935 836 2096 2156 2432 2201 2691 1709 1911 897 2420 2318 2642 796 2537 599 2452 144 2446 1621 1910 666 1200 8 1703 1363 1387 1671 1288 1145 2216 997 612 1474 208 745 1085 1479 477 2829 84 2094 2747 2122 506 629 1006 595 2083 2074 2738 325 2449 1676 240 472 177 1090 461 621 166 1023 2005 1682 323 2535 766 2587 1078 320 483 1353 385 971 981 281 2579
795 1520 2399 307 1 2213 1360 1630 2727 1684 685 1411 1572 234 1446 913 1618 1112 665 1694 2185 2584 1270 1258 1349 2616 1294 2481 203 2246 1101 349 961 2215 1571 2635 969 642 2298 846 1939 573 2100 2138 2158 2486 1540 1615 1060 17 2648 223 511 1622 600 892 414 1129 46 1338 2340 352 2834 1524 317 2339 2255 2412 2709 1009 577 2484 2226 2466 2063 1815 127 2372 958 2455 1629 787 1025 1698 2811 2801 403 837 1159 1862 264 2473 537 2338 2517 2781 1994 2444 1278 2223
150 2263 785 1525 1280 2623 1371 1084 2141 2678 1365 84 2572 2152 941 2502 909 43 621 1866 1596 1987 2503 1802 171 2188 2562 214 1880 1726 971 1960 183 481 1605 2677 2386 1661 419 894 2554 2109 2688 106 2720 1108 2541 2498 2153 1927 96 2751 1198 270 815 2442 2048 1283 644 1632 762 2761 1139 387 2567 959 1171 2348 1458 300 1979 2448 1032 2303 45 2522 1199 2401 2612 851 2791 1953 275 1251 2056 1768 1205 2425 1214 189 1659 2608 2760 2060 22 2182 2197 236 1083 1602
879 557 2460 2363 687 2468 1619 1735 1925 1982 1549 2633 1129 667 685 2607 2403 1660 1366 1480 867 226 1816 1025 1863 1539 2189 741 428 2431 814 991 1295 299 2833 385 2139 2776 1242 2576 2371 2104 2524 2269 2797 2092 2801 273 1807 2771 2844 2710 143 127 2385 641 888 1814 1373 2175 1509 262 2517 352 551 1589 2298 147 1215 2619 697 1629 2731 2783 38 472 115 267 1440 1355 1167 577 1803 2529 2662 891 386 160 90 718 2811 2444 1078 2595 1530 1607 1341 2094 1811 1421
957 509 1515 5 2457 1889 844 2404 1696 2464 244 2725 609 1766 1616 2115 2128 2448 1426 592 1477 752 1602 466 744 2468 1556 498 388 1084 1061 2124 1326 473 425 375 2014 1637 163 306 214 2366 2351 1866 2508 1401 1953 2348 827 2661 2109 1199 2101 1960 40 1080 1744 23 2169 2222 851 1945 2751 232 2562 520 909 2566 1591 1661 19 1596 43 150 80 815 22 1171 2720 1214 1269 171 2056 1904 106 2162 2354 1880 2522 2726 941 959 183 1108 400 270 2141 1383 84 1032
304 2178 2113 1213 2066 1389 2546 1115 545 1394 727 658 589 1175 1306 485 1951 529 1088 2277 1798 1361 395 2323 2644 1334 2579 1801 1353 1451 572 962 1230 2054 646 1106 1559 614 2787 1883 483 240 1044 789 2784 1561 2072 2022 2000 1300 1197 1207 1137 101 2540 1427 1683 1900 1558 989 2504 714 803 1257 2249 898 436 374 215 364 1971 1786 761 737 2759 2542 2381 853 1087 617 1593 251 581 676 1898 1166 2040 426 1928 1333 757 341 1597 2409 2242 2238 634 739 2114 293
1731 664 257 937 2843 1516 2609 1455 1871 2331 1138 535 1894 1527 2613 2377 1800 1419 519 288 1645 1707 821 1079 2341 811 410 253 2145 416 406 336 1779 1526 1007 1385 186 248 2763 1498 773 742 2516 648 709 1068 1992 2095 538 1546 1442 1133 843 605 434 2102 1454 1200 2219 1110 2549 1670 1511 1969 1131 112 1424 749 1040 1379 94 365 2746 1794 338 2196 1325 1466 2788 1243 2364 1634 2087 730 678 392 1479 883 2697 568 1197 2006 1142 2492 2299 717 2243 1913 2005 435
1624 312 2832 987 2501 635 1407 1405 1934 2411 2270 2528 2044 1146 1644 556 1386 2082 221 547 943 85 1102 2790 1656 2817 188 2300 817 1926 1752 4 2367 1319 611 626 59 1202 1545 2389 1737 613 2574 1422 259 826 2515 977 1092 1190 266 1552 2069 2397 463 950 2312 2424 712 741 203 550 2200 606 2826 1437 1617 900 2148 563 1710 1835 925 2714 1799 2544 2084 795 1313 445 983 2477 1948 489 1096 1468 2133 480 1417 1045 1060 766 1173 1328 1029 1484 978 260 1688 1983
2049 631 1518 1290 2282 2596 1017 607 2064 1909 1613 2796 2140 921 530 1604 662 2093 1301 446 1058 1879 451 1237 1567 1981 394 984 2392 1906 2357 1396 1554 243 1105 813 1978 1119 355 1370 908 2257 2696 1673 1331 1621 660 1002 1614 360 852 2782 542 1384 1739 710 2259 942 2543 54 1853 2664 2085 2660 2262 1000 918 124 1491 1893 700 1742 1718 966 2243 2519 1808 708 2458 1142 1688 2274 2006 2530 996 337 1850 1404 2251 1466 1681 400 1174 2697 1695 678 1094 1676 2417 1913
1579 1063 2682 1179 2328 2491 1977 2252 1651 841 515 9 1769 748 952 1354 919 1531 1791 1851 1583 930 2778 2792 1470 1770 639 2729 928 2379 1657 1920 998 2225 1578 2065 945 118 982 114 887 819 2647 763 567 1585 1667 2097 227 923 2723 916 2042 975 2575 2559 528 311 2304 2310 2793 875 1210 2618 808 7 2416 1211 517 778 382 1154 2459 512 1271 2711 25 2349 2488 151 513 492 1854 1368 1367 579 2658 2026 1970 566 1239 1566 98 816 1688 196 2503 2775 2474 1209
1353 1300 2784 240 483 1883 2277 529 1801 1044 1593 789 1394 545 2066 2644 1213 395 304 2178 2579 2113 1451 1230 2504 1427 572 1683 2759 374 2546 1898 1115 407 1389 1093 2540 341 328 1088 1559 1106 251 2381 2000 1361 2238 101 989 962 766 215 1900 737 2040 581 803 436 465 2787 2323 364 2114 1798 761 2249 2054 834 1804 1971 967 1786 1257 646 1719 2288 926 1087 564 1818 39 2296 1180 1996 757 777 2281 540 792 1357 230 576 1091 1035 2495 2242 2235 1476 1334 614
645 2011 2707 445 1444 1328 1679 1623 947 1054 1649 1663 319 169 1029 2130 735 440 2836 1782 1045 2837 2050 1617 712 2767 1993 1253 179 1544 1381 1422 2439 2241 1658 1552 2840 1840 51 550 2287 965 173 518 155 305 2628 769 1640 1775 463 439 562 2650 1261 659 2631 2133 2652 1218 2088 559 900 1307 259 1486 563 64 134 2735 260 977 2826 2419 1092 2721 1208 197 674 2076 1172 1948 2375 2574 2553 1983 1046 1437 1352 906 2515 1158 308 1757 84 347 1569 724 738 560
2232 1829 1011 239 1262 2091 455 1273 2698 27 113 1472 2137 822 1568 2164 858 2279 2794 1781 331 1274 1299 1168 1187 1127 2406 1506 2715 580 1140 1924 1875 31 1612 805 252 799 2531 1124 721 2236 1216 1505 2470 1961 1475 268 1118 1317 1018 2017 1303 782 1756 1648 2693 643 1503 655 1435 2402 618 430 1024 2632 159 1967 326 390 671 654 525 1715 1356 1598 2142 1780 391 412 200 2316 2062 131 1755 726 1647 2053 2311 1037 1918 711 2280 1972 2061 1635 314 1692 625 927
84 183 941 621 1987 2141 171 2152 1371 959 815 2503 481 1880 45 2056 2522 1802 2182 2048 2502 2608 2760 236 1251 785 1064 2677 506 2263 565 1364 1844 2831 1605 1286 909 270 1283 1365 2401 2705 1108 2109 2761 1768 229 2612 2567 2425 1139 1560 2751 1960 2197 1866 1525 214 1199 1280 1171 1661 150 22 2623 1214 398 2706 1458 43 2562 2720 1288 2841 387 644 396 1084 2442 971 1703 1596 1032 2216 851 2571 2188 2688 1363 2498 2572 2678 1113 1726 1953 106 2348 2386 1927 1632
1096 1416 1948 1362 1897 1586 497 992 2046 1316 2815 2272 1636 1496 1965 1860 2556 1051 2352 1218 2713 1261 194 2721 64 305 715 48 562 1569 100 2034 201 1796 2545 2628 2309 2433 1901 155 51 439 2650 1640 1490 1453 2376 1993 1617 712 1422 2755 259 1552 563 1584 463 260 2836 1782 900 2088 1381 1123 2241 1045 1878 1148 1307 635 445 2652 2826 319 2767 559 1701 1486 2023 659 2045 442 1087 221 1073 1658 547 1407 1663 550 906 1386 1558 2840 2133 899 2482 1284 1926 2790
575 2754 1691 1016 2395 584 2550 1507 845 373 107 2414 1177 1120 1244 2604 2136 1669 1104 393 1523 2695 2518 441 2383 1147 2019 1646 1678 2641 863 339 55 1073 2176 728 830 1450 397 603 2275 2080 1620 1732 1194 1482 796 2247 751 1805 357 775 1517 2254 2586 2211 457 794 2192 2701 1611 462 2326 2233 2621 1626 1734 2780 2630 2329 2345 2368 2653 2447 1959 2297 2159 2020 2360 2493 279 1372 2347 1014 2324 876 2733 960 1028 102 2699 1919 1192 2802 1832 2752 2605 2234 2036 1169
1087 614 1207 2072 1137 1558 714 898 1257 1971 465 751 1166 1928 1593 1786 483 895 93 1590 1883 2409 2784 1300 240 1213 2066 1353 1801 2113 2324 2178 2022 304 803 1197 2000 1394 1389 1115 545 853 2546 540 2493 2224 789 1357 2579 1106 2235 1035 2277 676 989 2242 1559 529 1093 2114 39 374 2699 1538 2247 646 1561 1019 2495 63 407 1427 2054 499 2540 2489 1333 1818 564 2288 926 1846 2504 2281 2542 251 1180 634 1091 581 1597 76 1996 2759 2381 1689 1451 215 777 426
257 937 1527 2843 535 1894 2377 1455 1731 406 1871 2145 821 1516 1385 811 1779 1138 1007 1526 186 1707 2341 1068 2609 1079 2516 709 519 253 1325 2613 1419 1800 1645 288 336 2095 1442 1670 410 1992 2219 112 2331 1511 1969 1379 2763 416 1110 605 1498 742 248 749 338 365 1466 1040 730 773 1424 648 1131 1794 1200 1133 544 1243 2102 435 94 434 1783 2549 2788 610 2151 2290 883 2746 538 568 2830 2299 2364 1966 1311 870 1968 2730 1309 1005 1020 2680 2560 1581 855 1573
967 1804 1719 91 792 2296 2235 540 783 1093 2260 1593 2110 739 1533 499 2756 1689 2024 634 24 1597 2430 2143 2638 2021 291 426 1535 213 2533 2320 1149 1561 853 1728 29 293 1231 2673 754 832 2172 558 617 230 1996 777 1346 286 2129 2413 1091 2295 2615 465 2242 1448 1478 707 135 184 2408 949 1265 407 2354 1849 1197 76 240 119 2784 483 1353 1383 2542 1914 218 2202 1722 424 576 1300 926 2390 2281 789 2472 1529 1818 1631 564 1749 1856 1883 2224 1035 2111 1269
1113 1144 629 1371 2503 909 882 1477 123 1183 1865 327 2572 117 1659 1487 2823 1641 2263 2494 1084 1687 275 1987 474 2677 1922 2623 84 2620 1979 2303 907 851 1960 941 1280 1525 815 1205 1198 1199 2245 2678 481 1458 2573 1423 543 959 183 398 2152 1400 621 2627 2386 905 2791 1263 2116 2086 2030 171 1880 506 281 2141 592 946 2571 924 565 396 40 2443 23 1750 1226 104 265 1726 2197 785 1365 1954 1591 1184 1286 986 1844 2150 762 2608 1217 1661 1802 236 2761 2502
761 2249 2317 834 1394 545 1057 1213 2066 2178 304 2113 1389 2546 1115 1353 2579 2277 483 1801 529 1300 240 2784 727 1044 1883 658 589 44 1951 2644 1175 1306 485 395 16 1483 789 1447 376 1593 1469 1361 2555 2058 1727 1277 2540 1683 1427 1451 1230 374 572 2054 2504 2759 1334 2000 646 1559 1106 1914 540 465 614 1798 1088 581 1900 989 1449 341 215 2785 737 101 1093 333 2787 2114 364 2437 251 2381 1035 803 436 1898 1561 962 766 2040 1672 2238 576 291 1749 1631
1353 1300 2784 240 483 1883 2277 529 1801 1394 545 1044 789 1593 2066 1213 304 2178 2113 2644 395 2579 2546 1115 1389 1451 1230 2504 572 1683 2759 1427 374 1361 407 1898 1093 2540 1106 1559 2000 328 341 962 251 2238 1088 101 989 2381 465 766 215 737 2323 803 2787 436 581 2040 1900 1798 1951 364 2114 2054 727 1175 658 1306 1804 485 646 967 1971 1719 589 1786 1257 1087 2288 2296 540 926 1818 39 564 1334 792 2242 1035 1180 2235 1996 1357 834 2281 1178 230 614
1492 802 142 429 2078 2333 1256 1430 1699 1890 868 1886 1553 1888 554 2380 176 1236 2267 2786 2029 2117 555 2227 432 2668 1562 743 878 979 1053 1431 289 36 1686 886 1418 417 597 2743 62 2108 1033 2423 1393 681 340 361 1398 1038 21 1065 571 866 733 893 78 1588 1132 2451 302 199 1499 292 680 332 2384 500 536 2217 427 901 2568 2415 1793 121 193 2090 2421 640 1268 1949 1754 1041 988 1272 2671 13 865 2520 2210 73 323 646 2602 569 437 1197 1374 485
1067 79 2305 2068 2665 722 350 2511 1547 2842 1134 246 1935 204 1463 97 116 1212 137 899 2135 2741 2041 1606 1126 692 2292 1962 2319 442 2736 2719 686 725 2728 2294 165 1055 2207 2506 2558 1825 790 974 1940 1986 1841 1944 362 2825 1130 2258 1056 447 2766 1088 1462 104 2436 2598 2813 804 1804 2248 967 483 2235 1076 792 2296 91 1719 1464 2382 2561 1593 2286 329 240 1728 217 677 2161 1035 2054 1245 2427 2784 499 827 407 2661 1452 1223 1639 409 766 347 1533 184
2843 257 937 1731 1871 1707 1527 1455 1138 1516 1894 535 2377 2609 1779 1526 2145 406 1419 1385 519 1007 2331 2613 2516 2341 186 1800 1645 253 288 821 1442 1079 336 416 811 2763 1511 410 1969 1992 709 730 742 338 773 1200 1325 1466 248 2102 1068 1670 1498 2219 1131 1243 648 1133 1379 2549 1424 749 94 2746 112 365 538 2095 1794 434 605 2290 1110 843 392 1040 1005 2364 2830 678 2788 2730 855 1020 435 1174 2251 2299 1309 2005 2492 774 2151 2560 1142 1454 1581 1968
67 627 249 1012 2583 1810 2509 1001 2121 2350 1406 1075 202 1441 1055 1944 2294 1195 404 2728 1594 1869 1609 725 2207 378 165 1825 899 1212 2558 1689 137 2741 2135 1728 1590 24 426 895 2736 2143 634 1597 2430 2320 1448 2295 91 97 93 1986 2024 184 1805 2021 1928 540 436 1478 2413 2533 1558 1149 789 714 293 2040 739 2224 754 2673 1940 135 853 1557 76 315 898 364 2235 1900 558 2719 204 215 692 967 775 1427 2409 499 29 116 2172 2319 1759 2540 1166 1231
2789 2265 507 2799 2597 890 1955 1991 649 1823 1885 367 2306 1182 1135 1099 235 2610 1109 963 1314 1543 316 261 1650 699 2822 1774 1852 162 2199 1327 2212 872 1010 1164 2105 2770 1441 968 1746 553 1156 1117 877 552 2764 2774 771 1302 1003 670 2594 120 2814 2237 2343 2812 2773 1461 1974 2144 2177 533 740 1111 68 2527 1873 2592 92 1917 633 2681 2716 109 2193 1332 2052 1409 587 2253 1775 623 2372 1095 195 221 1278 772 2009 943 1550 974 1202 458 2191 1148 2003 152
2792 567 118 1791 998 975 515 1583 923 808 2793 2065 2304 7 875 311 1210 1851 919 2778 2328 1354 952 1769 2379 930 2711 2491 2559 1854 1271 2729 928 1470 1179 151 1657 1579 1531 1063 2618 382 1977 778 763 517 9 528 982 2682 2349 2225 114 2252 2416 1970 748 841 1651 887 2658 1367 819 1770 513 1239 25 1368 1585 579 639 1209 1667 1920 227 2488 1154 492 1578 2097 1211 2647 1566 2723 2042 2459 945 2361 916 816 2575 98 1688 177 2679 1936 1808 2081 2310 566
2706 8 1671 745 325 1474 2535 2449 1537 690 1524 1844 1286 565 506 1080 229 959 815 1560 2831 2182 2608 2705 236 2425 171 2760 448 1363 2313 2522 2197 1308 1064 2056 1703 1006 45 2216 23 1199 298 481 183 400 2571 621 1884 1032 443 1251 1364 1015 2476 973 2612 980 2823 1288 1987 2060 1285 941 189 37 1865 2118 2401 1610 1880 1090 84 2740 1082 1059 1570 2109 1797 922 396 459 42 1763 468 744 2749 586 2627 1629 551 1108 2503 342 1802 2677 1858 1632 1927 1456
1663 2837 947 1782 2836 169 1649 2767 1993 440 1444 1328 1054 2707 1679 735 1623 712 1381 1045 1658 2050 1544 2439 2241 2130 1617 1840 2011 645 1422 179 2628 51 1261 1029 550 445 518 1218 1051 194 2631 155 1640 319 305 2352 562 439 134 2840 2650 1948 1552 2649 2721 1369 1253 1416 1096 64 1897 1870 925 2454 2046 197 1569 715 1362 1417 992 48 463 26 1710 1796 1586 100 1860 348 2272 497 1489 480 2287 2556 900 1316 1636 1701 563 860 2769 259 2815 1307 2652 2133
2545 2034 1796 2433 100 48 1569 64 715 1453 2721 439 1640 1901 2309 1490 305 2376 2650 562 2713 201 1860 155 51 1584 2023 2631 1422 2755 747 2815 2045 1316 1096 1636 1416 1496 258 1948 2272 1320 1965 770 2826 563 2088 1362 832 260 1993 2129 550 983 617 1334 1897 2556 2767 2700 218 465 1533 2190 1561 558 269 2472 1478 1990 168 1001 1617 1535 2413 1593 1346 2260 2295 2638 1224 683 1148 2235 1878 2673 240 1123 2016 695 2121 91 659 2296 1265 111 1835 1035 1116 2409
352 1539 2844 2092 969 2797 2576 2269 2833 2063 2139 299 264 2371 837 2776 2484 428 2455 1009 1549 1622 1159 17 403 1815 2226 1814 846 2403 2473 1982 2189 2138 2486 90 1571 1735 642 1349 741 573 1629 1589 2100 317 1122 2175 1101 600 1925 1338 667 2811 2338 2412 1060 2255 1618 879 2731 2215 2635 1619 891 1025 234 1572 1520 203 226 2738 1 961 913 1615 1540 795 349 2399 46 685 127 2727 2710 2340 892 223 307 557 2709 1862 687 511 2614 2648 2158 2460 2834 1295
2153 894 419 2554 96 1927 106 1632 189 2060 1032 1661 1171 22 1214 2751 2567 2109 481 744 924 150 1286 454 2152 1995 1703 2401 1363 2502 1605 941 815 2216 1365 2726 2571 1013 1336 2222 2612 1987 2162 2831 2705 2404 1889 1139 20 1288 752 2079 1556 1199 506 1315 2160 2141 957 167 1802 171 1251 621 959 333 1744 609 84 1364 2841 2197 2464 1766 785 762 565 45 592 1749 40 851 861 2720 183 2522 400 396 1844 834 1217 856 2116 1727 2555 2562 309 2056 1880 1283
70 1125 1753 2777 2772 2077 2478 2561 2510 431 2161 2818 2015 1252 1839 1834 951 1759 315 2757 1165 601 2302 2622 1557 1390 191 18 1842 2 2663 1035 1989 2315 2242 2686 737 436 767 962 2113 1798 215 1533 1389 1213 2066 1075 2504 1747 502 581 2546 2759 277 409 1683 29 789 1801 304 2214 240 2178 2542 1908 1230 1786 485 101 1835 529 1357 831 1257 990 967 364 1106 1115 272 1320 688 1093 284 67 2040 135 1808 2009 1957 347 1559 2644 1666 2122 384 1207 803 2274
2495 76 39 1357 1180 564 2288 926 1818 2281 230 1091 1996 777 1786 1971 2224 739 2114 1257 1559 989 1106 2000 581 2787 1451 1361 1137 751 803 1207 2072 614 737 1538 1087 2699 2489 1846 1683 2493 215 1558 1900 436 374 2247 1093 2324 2540 364 407 898 2242 1801 2040 1353 2381 101 714 646 240 2784 2054 251 1427 341 293 1883 1798 483 2759 1300 1593 1389 766 1230 2504 328 962 529 1334 1115 1394 2277 2546 572 2785 1804 441 789 2644 792 853 2579 920 327 1346 1019
79 2305 1067 2068 2665 350 722 2511 1547 2842 1134 246 204 1935 1463 116 1212 2135 97 2741 137 899 2041 1606 686 1126 2292 692 1962 2319 974 442 2736 2719 2294 1055 2506 2558 2728 790 2207 1944 725 165 1825 1056 1841 2825 362 1940 1986 2258 2766 447 1130 1088 2598 2436 1804 967 483 804 2235 2296 792 1076 240 2784 91 2813 1593 827 1462 1719 251 1728 1883 217 1452 1513 1401 2248 499 1035 1161 400 2580 2561 1847 1749 104 1300 1427 2661 1353 2054 1052 2427 407 576
2707 1444 2011 1679 1623 1328 1054 645 947 1649 1663 169 2837 445 440 1782 2836 735 2130 2050 1045 319 1029 2767 712 1381 1617 1544 1993 2439 1658 2241 179 1840 1253 1422 1552 2840 51 1261 2628 2287 1218 965 550 173 194 769 305 1640 1775 518 155 562 1051 463 2046 2352 2735 2650 439 2133 1416 992 900 2631 1897 1307 1586 2482 1757 1948 1486 563 2088 1096 1860 134 259 123 1322 1208 2272 161 1153 882 624 197 497 1437 674 938 2515 906 1362 2463 1710 2553 986 1417
2666 650 2043 2810 2171 2816 475 1916 2346 1723 1891 1153 820 807 750 1603 1541 582 411 334 6 2643 1260 285 759 546 1221 1702 1761 1570 1882 620 732 372 181 1697 922 1083 956 468 1797 2387 1865 829 1858 1456 1188 2167 37 1763 2476 2268 1284 973 122 1537 298 636 690 2807 1082 1605 2313 1524 1227 661 2425 1318 980 2194 459 2261 1884 2841 1139 1090 1015 1560 2152 2502 229 594 2118 1610 1178 476 803 669 420 1257 2216 1213 993 1285 529 2278 1561 586 1971 1353
1921 2402 721 1972 2061 1647 1395 561 1317 1756 1187 805 1303 412 2279 2406 1648 1829 1011 1755 1967 1635 2053 1715 1050 1918 430 27 1124 390 1008 471 314 2236 1438 1475 1037 1140 402 858 1024 655 799 1216 1472 2531 1293 331 363 643 1568 2301 782 2407 391 1018 252 2091 936 1097 1022 1039 484 625 2698 1929 452 580 2611 679 89 1143 2429 1506 159 1598 806 455 1787 2693 1662 1168 1435 1299 209 2285 2398 2465 2505 1048 356 1275 467 1248 2173 108 1781 758 753 786
2540 374 1798 646 2579 1361 803 2323 1230 1334 962 1451 2759 485 1951 1175 1306 1427 2381 572 251 101 581 1683 2644 395 1394 364 545 1900 215 436 589 727 658 2040 1389 2546 1115 2054 789 1106 1559 2277 2504 737 2787 989 529 2000 341 2114 1213 2066 1801 2113 1898 2178 304 1883 766 2238 1257 2242 483 328 1971 240 1093 1786 2784 1300 1137 407 614 1353 2072 1207 1087 1558 714 1561 293 1593 898 853 39 2288 1818 926 1357 634 426 2281 1597 564 1180 1689 2495 76
2707 1444 1328 1679 1623 1054 2011 947 1663 1649 645 169 2837 440 1782 445 2836 735 2130 1045 2050 712 1029 2767 319 1993 1381 1617 1544 2439 1658 2241 1840 179 1422 1253 1552 2840 51 2628 1261 2287 550 1218 305 155 1640 965 173 562 463 518 769 1051 439 134 1416 194 2650 1307 1948 900 2482 1096 1486 2133 1897 2352 659 1437 2046 563 197 2721 259 2735 1775 1860 2631 906 674 559 1208 2088 1710 992 1757 2652 2375 64 1362 2419 1417 1046 260 489 2515 1489 2076 1586
2588 2198 798 2187 1675 2749 2548 1494 2002 842 1653 242 158 880 2694 2581 2206 1086 2662 1193 1030 130 1377 2127 1348 1522 884 287 1432 470 2703 82 170 438 1292 1345 514 154 342 2740 2155 1716 934 1857 185 1059 1576 1072 551 77 1375 1276 687 1826 2327 1524 1201 203 1071 1629 2717 1824 2273 2229 180 421 2654 704 2431 1811 2461 1619 2403 668 2776 472 641 280 160 1392 667 57 1803 1530 2385 1078 814 1580 1034 1925 385 1861 1863 428 1735 262 226 166 1295 741
1697 2268 2167 922 285 1221 6 1570 546 582 1702 411 759 2643 1188 1456 1260 468 1284 1763 122 1858 37 1083 807 620 732 181 1865 459 973 1891 1082 1090 586 1797 2476 1308 443 1006 636 2807 1882 1318 2313 2043 448 1153 298 2816 1723 650 2666 820 2194 1227 669 1541 2261 1603 2171 980 750 476 829 1285 2810 1610 661 2425 1884 2118 690 475 1537 956 1916 1015 334 2346 2168 1560 629 1761 229 1536 372 2278 167 275 1199 454 1768 20 42 2623 2823 2706 1502 2677
1096 1416 1948 1362 1897 1586 497 992 2046 1316 2272 2815 1636 1496 1965 1860 2556 2352 1051 1218 2713 1261 194 2721 64 48 1569 715 305 2034 100 562 2545 1796 2628 2433 2650 155 439 201 51 2309 1640 1490 1993 1901 1617 1422 712 259 1558 1552 563 2755 1453 1584 2376 1148 260 900 659 1123 1878 2482 1087 899 1212 559 2241 1307 1207 2836 1701 2135 1045 2741 1486 547 556 319 221 463 76 635 1782 2652 1381 1075 1001 2121 2088 442 2826 1386 2016 1541 2732 906 2072 2767
2433 1453 1901 1490 2376 2034 2545 2309 1796 201 100 48 1569 715 2721 2713 1860 64 1640 305 562 439 155 2650 51 1422 2815 1316 2631 1636 2272 1496 1965 231 1584 168 2553 2088 1948 2023 260 563 1148 1096 2755 747 2826 712 1617 550 1416 1123 2700 2229 559 1765 1035 1034 1392 793 659 899 2289 2556 499 704 1990 2672 2461 2769 976 179 2714 204 2135 1212 784 2840 558 1795 228 1224 1045 259 2454 2513 348 1631 1847 983 493 2045 2235 77 91 663 47 2007 26 2652
396 2627 281 2823 2677 1153 829 1425 629 1227 2261 2194 476 669 1761 334 2387 372 750 820 661 1603 1541 807 956 752 2740 2168 1865 1260 229 2313 1560 481 815 2030 1284 1858 122 468 1188 941 411 1456 922 2749 1987 2791 1032 1059 2101 205 454 342 959 506 1286 423 154 565 448 1449 1802 2027 2162 1844 2060 37 1570 1610 167 189 980 20 1763 275 1015 2726 117 2132 2303 592 759 1882 84 1080 1979 1744 1880 327 265 1082 1659 2071 551 2494 1205 2362 69 2573
582 546 2643 759 1221 1260 1702 732 620 181 1083 6 285 1797 1570 807 2476 468 1697 1858 1891 1865 636 2807 1882 1318 922 2816 2043 820 650 2666 1723 1603 1541 411 750 2171 2810 1536 2167 2278 1153 629 2425 42 956 2268 475 1916 2346 1188 1456 973 334 1768 37 1199 2313 1761 1763 1284 122 372 1113 2761 229 1537 2677 387 1144 2688 2387 281 1560 398 829 298 690 2194 270 2627 644 2720 1283 2261 1227 1082 2048 2503 661 1108 980 882 459 2442 669 123 2188 2823
465 1593 1801 1087 483 240 614 1353 2784 1883 1300 1207 898 2072 1558 1137 714 789 1257 2579 2277 540 1971 1394 2066 1213 803 751 545 529 1197 2113 1166 1928 2178 2504 1035 304 2644 2235 2000 1427 1683 395 1115 1389 2242 2546 1786 2759 2022 1093 2540 1230 374 895 1590 2409 93 407 676 2238 251 1561 1451 341 766 2381 1898 499 853 572 2324 792 2296 1106 962 91 101 2040 2542 581 1804 364 328 1900 2323 2224 1719 1559 617 291 967 2110 215 1361 2493 2114 1334 2054
739 2320 1149 2533 2224 2673 286 2172 293 29 2756 2021 1728 754 1231 1533 76 757 2787 967 218 1719 2430 24 2143 2024 2260 634 1597 1689 426 792 1804 853 2296 91 2235 2472 1180 2281 1312 2495 646 39 1984 926 2638 2288 1818 1928 564 1166 2409 540 895 1593 93 1590 213 1357 230 898 1197 1786 1559 2323 499 1334 1478 1106 1265 777 184 1448 989 1971 962 1257 1558 714 2054 1361 2615 1451 1798 2072 1900 436 752 1561 1996 2540 2114 1091 119 1296 485 2295 2413 1427
1656 85 1102 2044 2790 2817 943 1644 2528 1934 221 312 2832 2501 2411 1405 1624 2300 1926 817 987 635 188 1407 611 1319 556 1386 2545 2034 547 1796 2082 2270 48 1569 64 100 715 201 439 1146 2721 1422 2433 2309 1901 1640 712 2826 2713 305 2652 155 562 2650 550 1752 1617 259 977 559 2088 2419 51 2397 260 563 1860 463 2045 925 2133 2007 1835 659 111 1092 4 351 1584 480 2574 1983 2023 900 1484 1352 2358 1437 1782 1173 983 1412 1428 1222 2836 1552 1342 2149
1037 1475 2236 840 1124 2634 129 484 1062 389 467 1039 2142 2053 1568 758 2687 2059 1662 2429 363 501 1932 324 295 1022 1262 108 89 2806 1929 1378 241 452 1789 1813 628 1715 2301 125 1140 788 999 1008 1923 1730 927 1026 2407 1967 786 456 464 1281 344 1912 1216 2765 1655 2244 1706 1831 1635 2611 391 268 131 1018 1024 504 753 1048 314 1275 2137 390 402 1843 936 478 455 1050 534 2398 471 1220 2505 2465 2062 806 780 2173 822 138 2091 430 2531 1918 1481 2285
957 1889 2404 509 2457 1515 5 2464 609 1766 244 844 1696 2725 2115 1616 2448 2128 1426 1477 752 592 1602 466 744 2468 1556 498 1084 388 1061 2124 375 1326 425 473 1637 306 2014 1866 214 163 1953 2366 2351 2348 2508 2109 2101 1199 1401 827 2661 1080 2169 2222 1596 40 1744 2562 23 909 387 2498 1960 2720 43 2751 1171 1661 1214 851 644 1591 22 2688 1108 150 2442 2168 1880 971 2188 1945 1283 19 2162 815 2567 232 520 270 941 1139 2726 1280 84 959 1032 183
2672 1196 2541 857 1043 77 704 1776 2039 1350 2590 720 1551 228 1457 1229 2332 1887 801 756 2356 885 263 1191 2739 656 706 2123 1877 1542 2321 1664 2659 687 1724 2783 421 859 797 2186 551 366 2229 342 1947 976 349 1358 2749 154 2158 1059 133 2298 2548 2740 150 2662 2215 1375 892 307 1930 2727 2330 1086 2635 1684 1349 372 837 1792 234 969 913 1619 223 879 1575 557 2581 1615 746 570 294 1925 2460 2834 2456 548 1392 158 1009 1520 1572 2844 1034 1540 2633 2327
455 1262 1829 2531 2470 1140 1568 1216 1024 1124 2137 1506 1503 391 2232 822 1273 1612 268 1918 113 2698 726 1924 131 331 2765 1037 1303 799 2053 2279 1875 2236 452 2142 1843 430 1967 806 1780 1011 344 1635 241 252 1299 1168 390 858 1505 314 418 402 1647 1475 2429 1715 655 471 2285 225 721 654 138 1039 363 2061 1438 2301 525 1018 2407 643 89 484 295 1481 495 1008 27 61 1787 1317 534 1921 1141 207 786 999 1929 2244 49 52 2632 1756 780 1395 412 1127
150 2263 1525 785 1280 2623 1371 1084 2141 2678 1365 2572 84 2152 941 2502 909 621 43 1802 171 1596 1987 2503 1880 1866 2188 2562 1726 1960 214 971 1605 183 481 1661 2386 419 2677 2109 894 2554 106 2688 2720 2153 2541 1927 1108 96 2751 1632 1198 2498 762 2442 270 815 644 2048 1283 2567 2761 1171 387 300 959 1139 1979 1458 2303 2348 2522 1032 45 1251 851 2448 1199 2612 2056 2401 2791 1659 275 1214 2760 2425 189 2182 2608 1205 22 2060 1768 236 1953 1083 2705 117
1830 848 702 931 1114 1767 768 1845 2624 903 126 1107 1908 65 2471 1235 1340 284 103 2388 688 2601 297 990 2276 1608 578 502 1323 522 1720 1254 1821 835 1512 1413 684 1186 2314 2667 1391 1310 250 1975 962 1798 2323 2759 1759 215 315 436 844 803 2757 737 2056 1426 2040 1616 2242 1839 251 364 1144 2302 1900 1557 1922 2608 1427 1458 1207 2644 2620 1080 101 1075 374 2457 1137 1390 1165 298 395 236 431 2622 2161 690 1558 1231 485 1570 1834 2772 529 581 5 2504
485 1306 1951 1175 1334 853 589 727 658 426 634 1597 1689 714 2323 898 1166 1928 1558 24 2143 2430 2024 1087 2072 93 2409 895 1590 1207 1798 1361 1197 646 962 614 1137 2224 1561 2324 2054 540 1451 572 1106 1257 2787 2113 2638 2178 1559 1230 2540 304 1213 2066 1394 803 545 2000 2493 1389 1115 2546 1971 1786 395 2644 2277 529 2542 2579 1719 374 676 967 2759 751 739 2320 1683 2699 1427 1538 617 2247 465 1149 293 251 1728 2533 989 91 493 1801 792 2489 2022 1846
79 350 2305 1067 2068 2665 722 2511 1547 2842 974 686 246 1134 1935 204 1463 97 1212 2041 2135 116 899 2741 137 1962 1944 1606 2506 1126 2294 2319 1055 442 692 2558 2292 2728 2719 2736 790 2598 725 165 2436 2207 1088 217 1130 1825 2813 2427 1841 1330 362 2248 1076 804 2445 1464 2825 2286 1986 1462 2258 2382 1052 1639 482 948 2704 255 1940 2580 2393 104 1632 481 1452 783 1363 1987 1804 400 2359 447 856 1839 967 1777 815 1703 1937 1183 1927 1286 2183 1223 1288 2661
557 879 2460 2363 2468 687 1619 1295 991 1735 1807 2771 1129 1863 1925 1242 1982 667 226 2403 685 741 2662 2189 1025 1660 1366 2607 2633 1816 867 1480 1549 428 641 2431 1509 1373 127 385 2385 798 2801 814 273 888 2524 2104 262 2548 2776 472 1539 2187 2710 1675 2371 2198 551 299 147 2139 143 2002 2833 1215 2576 1494 2517 842 1653 2269 2797 2444 2298 577 1167 1803 2844 2731 1814 267 1341 1607 2581 160 1355 1811 1078 795 1530 1629 2811 2619 697 2092 2094 1193 158 352
2328 2792 515 1179 2491 1579 1791 1977 1063 2682 1583 118 567 1531 1470 1769 2252 998 1354 952 919 1651 841 2778 1851 930 748 9 2065 928 2379 975 2729 1657 923 887 1770 819 114 1585 639 2304 808 945 1920 1578 2225 2793 311 1667 2097 875 1210 2647 763 982 7 2559 2711 2575 1271 151 2723 1854 227 2416 2349 528 2618 517 382 778 916 1154 2042 2459 25 492 2658 1367 2310 2488 579 513 2074 823 1368 437 399 1239 868 1643 73 1970 910 554 1211 1599 98 353
84 941 1987 183 621 2141 2152 171 1371 815 481 2503 959 1880 2502 1802 785 2056 45 2522 2048 2182 2263 2608 2760 236 2677 1605 1251 506 1064 565 1844 2109 1364 909 1286 2831 1365 2705 270 1283 1139 2751 2401 2567 229 2761 1108 1866 1768 1661 214 1560 2425 2612 1960 1525 1171 22 1214 1280 1199 2623 2197 2841 2706 851 398 1084 1458 396 1032 150 1288 2562 43 2720 387 644 2216 1703 2442 2348 1113 2571 1363 1596 1953 2572 971 2188 2678 2688 189 454 2498 2060 1632 2386
557 2460 2363 879 2468 685 2710 1025 2431 577 1816 1366 147 1480 1660 814 2607 385 867 2633 2595 1355 273 1167 2783 127 2444 2104 1619 2524 1539 226 1803 160 2094 1530 1341 1078 1607 2175 1863 1069 1811 2758 1982 2403 1925 1421 1129 667 1509 1242 741 2738 551 1295 991 2709 267 1735 1807 2473 2213 472 2266 115 428 38 299 2513 2013 2776 2576 2833 2269 2139 1549 2771 2371 352 2385 697 2727 641 888 262 1373 2092 166 871 969 1862 143 307 2797 2648 1629 2844 2138 2189
1087 614 1558 1207 2072 1137 714 898 1257 1971 465 1166 1928 2022 1593 751 1786 2113 2178 304 1213 2066 895 2409 93 1590 2784 1300 483 1883 1197 1353 2324 240 1801 803 1389 1115 2546 1394 853 2000 545 540 2224 2493 2579 789 1019 63 1333 1357 676 2277 1561 1035 499 1106 2542 2235 529 2242 2699 1538 2247 646 1427 39 1631 617 374 485 634 1559 1597 2540 2054 2489 1689 1175 1361 426 989 407 1846 1951 1093 2656 1685 954 251 1451 1334 2787 1306 182 2495 2644 395 149
536 1132 1588 1268 36 1431 733 866 2090 121 500 2117 1499 988 193 569 680 1764 802 2570 1329 332 1065 2795 142 729 1492 429 2335 2839 2640 2078 2333 571 1910 340 1256 2578 2602 1952 1886 2798 2629 1668 964 1374 2539 933 2828 2808 979 1418 1793 2029 2038 672 901 1890 886 2671 828 1272 432 1430 1266 358 2786 1033 1053 597 2267 2380 2120 2227 2217 2668 2221 2568 2108 377 13 2743 1429 1353 1070 1562 1728 2384 289 878 1393 545 1399 21 417 2210 213 1398 176 2031
2138 961 1862 472 1060 1101 1349 537 2781 2486 2758 1069 2811 1341 846 1607 1618 2255 17 2412 1571 573 642 1025 317 352 2473 1338 203 2094 160 1803 1622 1078 1530 969 2213 1540 600 2738 741 2063 1811 2100 685 2226 2340 127 577 2635 1421 1816 2484 1660 385 867 1366 2633 2266 2648 1480 2431 2607 2403 2595 814 1735 511 2215 264 1539 557 1159 403 837 795 1520 234 1242 551 2399 226 2460 147 2339 1629 1619 1167 1572 46 1278 2455 1 913 1009 2444 2614 1295 1291 1925
2113 2178 304 1213 2066 1389 2546 1115 1394 545 1353 483 1300 2784 1883 240 529 2579 2277 789 1593 1801 1951 727 1175 485 658 589 1306 2644 395 1361 1451 2054 1230 646 2540 1334 1798 572 1427 374 1559 1106 2787 1683 2000 962 2759 2504 989 1044 803 465 364 581 2381 540 101 1900 251 2323 215 436 341 1035 2040 737 766 1898 614 2114 2242 2238 1093 1257 1971 2235 1786 1804 1561 328 1137 2022 407 1087 1719 967 751 2288 926 1180 39 1996 2281 1197 2072 1818 777 564
150 2263 785 1371 1525 1280 2623 2141 1365 84 1084 2678 2152 2572 2502 941 621 171 1866 1987 909 106 2503 419 894 183 214 1960 2554 1927 43 96 481 1661 1605 2153 1632 2677 1596 2188 1802 2541 1726 2562 2751 959 1880 2109 2048 2386 815 971 270 1108 2567 1171 1283 189 2720 1198 2761 2688 1139 1458 2498 1032 2442 2060 2401 762 2612 1214 1251 752 2522 45 22 2448 1953 387 1979 644 2056 2348 1768 398 2760 851 2160 300 2591 2608 2182 2841 1364 1602 2079 861 1013 236
1533 213 757 558 2295 2413 184 2408 2615 707 1231 1728 2638 1478 135 1448 754 29 1265 2172 2673 2756 2533 286 1149 2320 2021 293 2024 2354 119 2430 218 2143 24 1383 2472 634 1296 426 1849 761 2249 1689 1597 1719 752 967 424 853 1804 1529 1722 2390 739 91 80 792 2296 1312 1867 1984 1269 19 2566 520 2260 1945 2235 232 1733 2744 540 2787 1035 834 2409 1593 499 783 1228 1166 1197 1785 2725 1928 2464 498 1093 1889 1766 2277 2404 2317 2115 2508 1801 2224 2124 957
70 1125 1753 2777 2772 2077 2478 2510 2561 431 2161 1839 2818 2015 1252 1834 951 1759 315 2757 1165 2302 1557 2622 1390 191 1035 601 18 1842 2 2663 2315 1989 2686 1320 767 1747 1798 2242 277 737 962 1075 485 436 688 2323 1207 1106 502 1334 2113 1951 1801 67 215 581 1980 1389 2504 2759 1908 1235 1213 853 29 1559 634 1257 1137 1786 1683 2644 1230 529 2066 1533 426 990 2122 803 646 789 101 2509 2178 1357 2072 409 395 889 304 1689 2583 1197 2542 1306 2685 2546
1453 2433 1901 1490 2376 2309 2034 201 2545 1796 2713 100 48 1569 715 2721 1860 64 1640 305 562 439 155 2650 51 2815 1316 1496 1422 1636 2272 1965 231 747 2553 168 1765 563 1148 260 2700 2229 1035 2088 1795 499 793 1123 2826 2556 1593 1392 1034 493 47 659 294 899 1434 588 1584 983 1999 1161 1990 2374 1743 559 2023 1847 2755 558 1212 2461 1724 204 1224 1773 91 550 1096 1838 957 725 1234 1836 1103 1513 1986 2135 617 976 2235 95 137 832 1196 2437 1785 2493
2045 2023 1584 2755 747 258 770 1319 611 1320 2034 2545 1604 2622 519 1455 1689 1557 1265 1796 465 1800 1017 1616 1834 1516 213 1448 2763 2115 2024 853 2295 1728 2757 2472 184 1466 2162 1894 1390 1987 1839 2430 730 1035 1491 338 2661 2796 135 1719 1759 2413 388 2561 188 163 2140 2829 1766 2015 362 451 244 479 2609 442 24 509 2615 1478 315 1061 2323 177 773 1980 1353 1928 400 827 558 240 20 1556 454 2726 426 1602 111 967 1550 2143 1637 789 498 1804 1835 186
1697 922 2268 1456 2167 1188 1865 411 1284 167 20 1570 122 2726 285 2162 1221 454 1744 6 546 37 759 468 1260 582 1763 1858 1702 2643 40 2573 2030 732 620 629 1083 807 2313 181 1082 327 117 592 459 1659 448 690 1979 2303 1153 2791 298 1891 1205 1537 2627 23 973 1995 2677 851 1198 281 1960 1227 586 1308 1723 400 38 2222 1884 2118 396 980 1797 2261 820 275 443 1560 1090 2810 1603 2171 669 2043 1687 1232 2476 2194 2494 475 1916 476 1882 1541 2346 1080
2792 515 2328 1179 2491 1791 1579 1063 567 1977 118 1583 2682 998 1531 1470 1769 2252 1354 952 919 841 9 748 1651 2778 1851 930 2065 928 975 2729 2379 1657 887 923 1770 819 1585 639 808 1920 945 1578 114 2304 2647 2225 2793 1667 311 875 2097 1210 7 763 982 2711 2723 227 2575 1854 2559 517 382 778 2349 916 151 2416 1271 1154 2459 2618 528 492 2042 579 512 1368 2488 25 1970 1367 566 2658 2026 2310 1239 399 513 1211 2074 353 816 73 98 776 1209 437
1353 1300 2784 240 483 1883 2277 1801 529 1044 1593 789 1394 545 2644 395 2066 1213 2579 2178 304 2113 1451 1427 1230 374 2759 2504 572 1683 1088 2546 1115 1389 2540 1898 251 1093 2381 407 1361 962 1559 2249 1106 2000 341 101 2323 328 761 465 834 989 2054 2238 2787 803 1900 215 1057 737 1798 581 436 2040 646 766 2114 1804 1035 2296 364 540 792 967 1304 757 1719 1257 2235 576 1087 614 1449 1971 1786 1197 1334 1180 2317 2288 1277 1951 1914 1401 739 1749 91 1306
1870 26 348 925 2714 1369 2769 2454 2649 480 2538 663 550 179 518 2130 1441 1422 712 689 1617 2840 2004 1358 463 1665 1172 2375 280 2123 2456 2461 1861 2050 1392 445 1580 720 2650 2418 1276 1776 1045 168 210 197 1551 793 645 704 1030 2155 366 2672 260 1859 1034 1710 570 77 1590 2010 259 1072 1417 1758 2327 1701 524 2174 977 93 305 57 1453 421 1234 895 756 1930 1792 185 797 884 2125 1292 2826 1901 563 2838 2035 1716 1279 1092 1569 1489 2200 860 1345 48
577 472 403 147 741 1803 127 2595 1815 1159 2138 203 1811 1615 352 223 2213 2215 1167 17 2648 2635 2455 2158 551 1009 1572 2486 349 892 2063 795 2444 2466 2834 913 46 1509 573 2484 846 1059 1622 1341 1607 1540 600 1069 264 1101 1571 2758 837 969 1278 1618 2340 2100 1698 2399 642 2738 1355 1530 511 1060 2094 160 2710 1524 1078 234 1862 1520 961 2372 1 317 2223 2338 2253 1338 1349 2709 1025 1994 2811 991 2189 307 2266 1295 273 1619 667 2844 1863 1409 226 2412
1882 956 2740 154 342 2749 1059 551 2823 582 2476 546 1797 2548 1260 1153 1221 1083 687 620 1541 820 732 1761 1702 1603 372 750 181 2643 1697 6 807 285 334 759 636 829 2468 644 1524 307 1318 2688 650 1570 2399 2387 2425 1891 1520 971 2807 387 629 1536 203 2816 2727 669 2666 468 922 2720 2442 2188 741 661 1880 2194 472 42 1995 2278 1802 115 1768 2167 1865 1108 2043 1227 795 2171 752 448 1726 2168 1180 2677 1286 1723 1267 2498 762 38 2431 1480 1366 385
2054 646 1361 2787 2000 1451 1559 1106 1798 1334 572 962 2323 1230 395 2644 1306 1951 1175 485 727 658 589 1394 545 529 2277 1683 2540 989 374 1213 2066 1801 803 1427 2579 293 2759 581 1389 2113 2546 2178 1115 304 2381 251 2114 789 1900 1257 2040 1786 364 2504 483 1971 436 101 215 1883 341 1898 737 240 1353 1300 766 2784 1137 2238 1093 1091 1996 2072 1207 777 614 328 39 2242 230 1357 2495 926 564 2288 2281 1561 1180 739 1818 1558 1087 76 1593 714 2320 407
222 2071 2218 1436 1504 2512 1052 1790 1305 1933 850 1638 755 2450 1736 2342 1806 1321 836 2645 2096 1098 2362 2156 2750 935 2355 2432 2201 1709 897 2691 1911 2420 2642 2537 2318 1621 2446 599 2452 666 144 1200 1145 796 612 1387 1676 1479 981 208 99 595 2587 320 2122 401 1023 177 141 908 2829 1085 213 2163 1599 453 2747 2074 166 1903 2094 1510 1078 1719 240 1717 967 783 1682 2404 2655 644 1353 2098 1773 1006 1766 472 1910 1513 678 483 1865 1047 1161 621 2469 1533
967 1689 2143 24 2024 1597 2430 426 634 1719 1804 853 792 91 2296 2638 2235 1533 2756 540 739 213 2320 1149 2533 2021 293 1728 29 2409 754 2673 895 1166 286 1928 2172 93 1590 1231 1448 2224 2260 898 757 558 2615 2295 2413 1265 707 2408 1478 184 1197 714 135 218 1558 1593 2354 2324 1561 1849 1334 119 1087 2110 499 2323 1383 2472 2787 2493 1722 2072 1296 1207 424 1035 2390 1529 76 1269 1867 1984 465 2566 1312 19 291 232 520 1945 80 676 1733 2744 1137 614
2220 939 1931 2526 2291 1433 2704 1439 482 574 2089 2445 2183 255 2057 2427 1874 217 2683 2639 494 1330 647 1223 2435 1899 1555 2051 146 637 2308 2569 1592 2438 2813 619 1937 2712 491 521 682 2657 677 1088 948 2248 2393 974 657 1639 2617 1185 598 2382 686 1464 2286 1777 2708 1076 531 804 2436 2598 2580 368 2499 1725 140 1892 329 1868 444 1677 1771 2719 2809 2625 2037 1452 1721 790 447 692 2292 2825 1876 2589 1055 1944 2728 2766 2319 2294 944 509 2736 1881 1473 1998
2363 2460 557 879 685 2468 2633 1660 1480 1366 1619 2607 867 1816 2710 1025 2431 814 385 2783 226 1539 400 827 1982 38 1401 2661 1925 577 871 1863 2403 160 147 2738 1530 127 667 115 1078 2444 1421 2094 2175 2507 1735 1904 1129 997 1607 166 1341 2595 273 1995 1355 2104 2833 1069 2758 2139 2524 741 2576 267 299 551 2092 2776 1167 1295 1242 2371 1803 991 1509 2269 1549 2709 428 2213 2771 687 641 2473 2385 1807 1964 262 2266 405 2727 1373 2835 2797 2844 1811 307 1814
767 277 1443 1938 1833 889 2686 1747 2702 1980 2496 2315 770 2685 369 211 2532 1460 1989 2478 1753 1125 2777 2077 2772 2510 951 1834 2818 70 431 2302 1759 2015 315 2757 2561 1557 1165 1252 2 1842 2622 18 2663 1390 191 803 1080 1845 502 990 601 1839 258 2784 1137 1035 2388 1320 1608 1844 2624 1087 23 40 903 1401 250 1207 1971 1257 240 2242 2072 1558 690 374 2161 1908 297 1180 269 1537 684 1593 1413 2128 1213 901 1235 39 2288 325 1786 1561 898 2323 1418 1353
2352 1051 194 1218 1261 2556 1948 2272 1316 1636 2628 1496 2815 1965 1416 1096 1586 497 2046 1860 992 1897 1362 2713 2241 1840 1381 1544 2439 1658 2836 1782 201 2433 1901 2309 2837 1045 1453 1490 2376 712 305 518 64 2767 1993 169 440 2721 51 562 48 1569 1617 715 100 947 2050 1649 231 735 645 1752 1640 155 563 1663 1253 1422 2650 1148 319 445 1054 900 559 2707 1328 2652 1444 1552 1679 173 1437 2553 1796 2133 965 1123 1486 2840 659 2482 2287 663 978 1307 260 2011
2843 257 937 1455 1707 1731 2377 1871 1527 535 1079 2609 1516 1325 1138 1670 336 410 338 1466 2219 709 2145 406 2549 749 1498 2746 1131 434 112 365 2290 730 1005 2730 2364 1243 593 2788 544 2299 1794 1779 1311 1526 1068 1783 2341 1894 811 253 2151 821 605 673 1379 1966 1110 1040 1385 1968 288 2095 870 568 2613 435 94 1007 1424 1133 1946 186 2516 416 519 883 1800 610 2417 1682 1645 248 648 1419 538 392 2331 678 855 2830 1442 2251 1020 1581 2560 1309 1573 2005
419 2554 2153 894 96 1632 106 1927 150 189 2060 1032 2751 1661 22 1214 2567 1171 924 1365 785 752 2109 2263 744 2141 2623 2502 1525 2152 1889 2401 481 2678 957 1371 1013 1280 1286 2404 333 861 1336 1605 2160 2612 1363 2079 454 609 2116 1139 592 309 1199 2464 1995 2726 1703 851 1556 2162 20 2386 40 1288 167 1217 43 2216 2841 1315 1766 1487 856 2571 1084 2222 941 509 1471 1907 762 2562 2838 1987 1744 815 2555 2188 1596 1960 2591 1364 1458 2572 63 1749 84 834
1346 617 2129 2542 832 1535 291 783 1298 1561 1631 540 949 1434 1343 1019 940 63 1004 182 2737 2112 1161 1847 1513 1773 954 1795 1760 149 1685 1785 1712 1333 1228 1197 2022 198 75 2497 1999 2656 499 1103 310 2441 2827 1693 2149 2016 983 1914 1304 2190 1176 1743 2785 1856 60 695 95 2242 2111 465 676 2202 2745 132 1836 2700 1093 596 1749 1476 2437 2260 1672 576 88 1593 1990 824 751 1590 93 1838 1116 895 683 2235 269 1714 2547 792 1713 2409 2180 91 1804 1971
350 79 2305 1067 2068 2665 722 2511 1547 2842 246 1134 1935 97 204 1463 974 686 116 2041 1944 1212 2135 899 2741 2294 137 1055 2319 692 1962 2292 1126 2728 1606 442 2558 165 2207 725 2506 2719 2736 1841 362 1825 790 1130 2258 2825 1940 447 1986 1088 1056 1462 104 2766 205 1728 2436 2359 2598 1900 1183 967 1006 1804 2040 766 101 436 364 407 293 1801 2296 2238 1163 215 2829 483 2161 2054 1093 269 737 177 1719 2122 1683 2055 1379 2679 789 328 1394 251 804 2579
1235 2471 103 297 2624 1845 2601 990 502 688 1323 1340 2276 284 126 1908 578 848 1186 1830 903 1413 768 702 1767 1608 1114 1391 2314 931 684 2388 65 1107 1720 1821 522 1512 250 1975 1254 835 1310 2667 803 962 1839 2759 374 2772 2478 251 1125 1798 215 2777 2077 2561 1753 70 2323 1759 431 737 767 436 2302 2242 844 2040 315 364 2161 101 1427 2510 1165 529 1207 1137 1035 2457 1394 1834 395 2757 2644 1801 2706 2015 1144 581 1426 1557 325 1257 1558 2608 690 1537
392 301 1419 2331 937 519 257 1731 1871 2843 1138 1778 1516 1455 1527 1707 2609 1894 1385 1007 1779 2145 406 2763 2341 1526 2377 1800 535 1645 186 2613 1992 1079 821 253 1442 2516 709 773 410 416 742 336 288 811 248 2219 2102 1511 1969 1068 1200 2095 1498 648 538 94 1131 1325 1424 1133 338 843 365 2549 730 1670 1466 1243 605 434 1379 1794 2746 1309 610 1142 1040 1454 2318 1387 568 2830 855 112 2243 2680 435 1020 1634 678 749 2290 1073 1311 2299 2005 2151 1110
1843 495 2232 1506 1875 1941 131 2565 822 455 2137 33 1262 1140 1500 1503 2285 1568 2531 1505 268 113 525 49 408 290 1024 241 2142 1924 383 1216 2470 654 1282 391 2765 1141 1124 452 245 2669 1612 838 1127 207 1780 139 61 2311 1356 1168 1299 799 1829 296 225 1787 356 209 1961 2025 216 2164 1781 1918 2280 2396 625 2091 1037 331 252 2173 618 1021 192 679 449 858 2794 2070 471 2632 1011 402 1598 2053 1967 1435 138 643 653 1248 1438 2279 239 1662 2316 363
1870 348 26 1369 925 2454 2769 2649 2714 480 2538 663 550 179 518 1422 2130 1441 712 1617 2050 197 2375 2840 463 860 433 1489 440 1045 2289 2650 735 1788 1417 445 1710 1701 305 1172 260 1358 1640 51 48 1901 562 2826 2011 793 1392 100 1092 689 259 1146 1895 64 1029 645 1569 1665 1453 720 439 1796 769 715 2010 2721 2004 1776 563 1859 559 201 704 2836 1490 493 161 1752 2123 168 2309 2358 1860 2461 1034 2433 1279 1840 1072 977 2544 2652 970 659 155 1552
2798 729 2539 2629 1429 2640 2428 2221 2083 1337 1070 1910 2120 2031 377 2578 828 2038 964 2570 358 2828 1764 1399 2335 672 933 1266 1952 2602 1668 1329 1374 2795 2839 2808 2520 2210 13 640 865 2671 1272 1249 1754 1240 2421 1038 1949 323 220 1041 2032 2047 536 698 56 1189 370 955 1521 1049 2720 2513 2562 2448 2786 1596 176 2188 509 1035 84 2503 150 2442 1449 1033 1458 979 941 932 2227 1726 2725 592 959 171 644 104 1802 1880 2451 2457 1683 1806 893 971 762 21
431 2510 70 1839 1125 1753 2772 2777 2077 2478 2561 2161 1035 2818 1759 315 2757 1165 2302 2622 1557 1390 191 2015 1252 1834 18 951 1842 2663 601 2 2686 2315 1320 1747 1801 2644 1976 2009 395 461 2277 962 1798 529 2636 502 767 1106 161 1908 2323 2829 545 2113 1559 889 1197 1075 1213 2577 1510 990 1512 1353 304 2661 1394 2178 1683 477 172 1114 1401 2066 597 409 2685 1241 1980 2239 903 1951 783 823 768 2722 2288 1207 1230 177 737 2122 1666 240 251 2471 72 284
2550 1507 107 2414 2604 1177 1104 1669 2754 2641 575 55 2176 728 397 1194 834 761 2555 333 1044 1727 2058 1277 796 1691 576 1749 2019 1482 584 309 856 1217 2136 1907 2080 1244 393 863 1093 1016 1646 2395 2249 1620 1450 339 845 2699 1523 2547 603 2695 2317 861 2275 1476 1057 2247 830 465 824 88 441 2254 1120 1073 676 924 596 373 2216 2383 499 1990 1732 1401 1288 1363 1719 1971 2277 1458 457 2823 2518 400 1147 95 2288 2326 2495 1804 1703 240 407 1144 1734 1087
2551 2146 2284 2018 764 2008 1289 719 1534 914 1351 1493 190 1577 35 812 2209 1915 276 2824 615 2361 1157 862 871 723 2603 1359 2487 2585 2067 303 1128 869 1772 2353 450 539 1997 212 58 1247 1347 2718 874 2204 604 516 1751 1222 1204 1121 2019 1226 409 1762 2214 2508 2110 831 1633 1957 15 272 1835 2325 1583 2740 781 133 701 2453 738 1066 457 560 2729 2254 1144 896 2003 998 2128 1162 110 713 1225 347 479 592 2292 2400 2107 1420 1666 2749 1203 2485 384 2086
2152 2502 1371 1605 2567 2751 84 1139 2109 2263 1171 1214 22 1661 941 214 1866 1987 2841 909 2141 621 183 2348 1953 2503 171 785 1880 1525 481 1802 815 2677 1280 2623 1602 454 851 1084 959 744 2048 1960 1199 1032 506 270 924 2761 189 2572 2060 1283 1365 150 106 2522 1632 1927 1768 2182 2056 1286 2678 45 957 565 2608 609 1108 420 236 2760 1844 1703 1766 1397 2216 1251 2768 1113 96 396 2404 1738 2115 419 1064 2554 1363 594 1889 510 894 148 1288 2521 2162 2153
2011 645 2707 1679 1623 1444 1054 1328 947 1663 1649 445 169 2130 2837 735 440 1029 1782 2836 319 2050 1045 2767 1993 712 1617 1544 2439 1381 1253 1658 2241 179 2840 1422 1840 1552 51 2287 2628 550 1261 965 173 2735 769 1775 1218 463 518 2482 161 305 194 562 1640 2133 2046 1051 2088 900 1158 2352 123 882 1757 906 197 155 1486 992 2553 986 2650 563 1208 2631 637 977 1307 489 2732 1897 1895 932 1860 1586 84 219 1437 259 2272 624 2652 433 2084 2076 477 1949
645 2011 2707 1444 1328 1623 1679 1054 947 1649 1663 445 169 2130 319 735 1029 440 2837 1782 2836 1045 2050 2767 1617 712 1993 1253 179 1381 2439 2241 1544 1658 1422 1552 2840 1840 550 51 2287 518 965 1261 2628 173 1775 1218 463 769 2650 305 1640 2631 155 259 724 562 439 563 480 2088 2133 624 1051 194 900 2482 2544 938 260 2046 134 559 2352 703 2652 2735 977 659 1486 2003 161 1322 1162 2769 1948 1757 1307 2463 2553 1208 2375 1203 895 1860 1148 1590 1096 93
611 85 1319 1656 1102 2790 2817 943 188 2044 1926 1644 221 817 2528 2300 312 2832 2411 1934 1405 1624 2501 987 635 556 1386 2045 1407 547 2755 2023 2082 1584 2270 747 258 770 1796 2545 2034 463 1422 2397 2574 259 1092 977 1835 4 2344 2670 606 1552 2419 2307 111 911 2652 2626 2544 1983 550 178 1190 2007 659 1428 2800 2724 2358 2515 1412 74 1352 2826 2200 322 1700 1414 1146 1740 1158 1029 351 559 1617 305 2088 1222 1313 2133 219 2564 224 433 712 1208 1342 2646
222 2071 2512 1436 2218 1504 1052 1305 1790 1933 850 1638 2096 2450 1736 1806 2342 836 755 1098 2156 1321 935 2645 2362 2750 2355 2201 897 2432 2691 1911 1709 2642 599 2446 2537 666 2420 1621 2452 2318 1006 144 796 443 586 8 1090 1308 1082 1200 1671 1474 745 1387 325 2449 1763 37 761 2535 1449 205 459 1889 1676 1183 166 1661 1880 1073 320 2249 477 1425 1596 1469 2275 957 1145 1447 73 99 577 1479 104 1620 84 2562 603 2094 16 612 1732 941 2623 1523 461 2725
257 2843 937 1731 1871 1527 1894 1138 1455 1516 2609 535 1707 519 2377 2613 1800 1385 1645 2341 1007 406 288 2145 1779 1419 186 2763 253 1526 742 1992 821 1079 1200 2331 416 811 709 1442 2516 773 336 1511 410 1969 2219 2102 1068 248 1498 1325 2095 648 1670 1133 338 605 1466 1424 112 1379 1131 365 1479 1110 730 94 1040 1387 538 434 749 2549 843 883 1794 1243 544 1454 435 2830 2788 392 1783 610 2746 1311 2364 568 2290 2151 1966 2299 1309 678 2730 1020 1142 855
1083 1702 546 582 2643 1221 759 6 285 732 620 181 1260 1797 1570 2476 468 807 1858 1697 2807 1891 636 1318 1882 922 1536 2278 2425 973 42 2816 1723 2043 1768 956 2313 2167 2666 650 1865 1153 1603 2194 820 1188 2171 411 2261 1541 2268 661 37 750 1456 1537 1227 298 1763 1199 476 669 150 2810 229 387 475 980 829 644 2153 45 334 690 1761 2554 1916 1284 2346 2056 462 1108 419 2111 2688 894 2720 1560 2118 2522 1515 2048 2761 1856 2168 2263 2498 949 1632 1517
2769 348 2454 26 925 1870 1369 2649 2714 480 2538 663 550 179 518 1441 1422 2130 689 1453 1901 493 2123 404 1765 93 1490 1392 1535 2827 2374 756 1633 1590 1665 2493 280 2004 895 1714 588 1838 1172 1758 1847 2324 2309 294 720 2180 683 1859 832 1672 2433 291 2672 2174 712 2441 983 2456 1434 1116 1298 1019 1773 1358 1513 465 1693 2190 1986 47 310 1836 366 422 2838 1861 1551 1538 210 570 704 1169 2840 201 228 133 548 2211 2129 2202 1224 57 884 2155 2461 576
2364 2788 2730 2290 2299 1005 544 593 2549 1783 1311 2746 749 112 434 673 1794 1131 2151 365 1966 605 1110 410 1498 1670 1079 1068 2219 1243 1040 1379 811 338 1466 336 870 2095 1968 568 1325 435 1133 2377 730 709 535 1424 94 2830 1309 253 883 1455 610 2560 1020 1516 1581 2341 678 1573 821 2251 2417 648 1634 717 2005 855 1946 248 1682 664 937 538 2697 1527 2519 1142 2680 881 392 2243 1174 2196 1850 186 2087 800 1936 2145 288 406 1094 774 2006 2609 2492 1913
2152 1371 2502 84 1605 2263 941 1987 2141 621 1139 2567 2751 183 2109 785 171 1866 214 909 2503 1661 1880 1171 481 1802 22 1214 1525 2841 1280 2623 2677 815 959 2348 1953 2048 1084 150 1602 1960 1365 506 851 1032 2522 45 2056 1251 270 454 2182 1108 2678 1283 2572 106 2761 2760 2608 189 236 1927 2060 1632 1286 1768 1064 2401 565 2831 1844 2705 1364 924 96 1288 419 1703 43 2554 894 2216 2562 744 2386 2197 1199 2612 2153 2720 2425 1726 420 1363 1113 644 971 1458
522 2667 931 1114 1767 848 702 1830 126 1845 2624 903 768 1107 835 1908 65 688 578 2276 2471 1235 1254 2388 2314 990 103 2601 1340 1413 284 297 502 1608 1512 1391 1186 1323 684 1720 1821 1310 250 1975 1689 1597 426 2323 634 1759 315 2622 962 601 1557 895 2161 1798 2409 2757 1590 1928 67 24 714 1390 2143 93 1166 2663 1144 2302 2 1839 1616 2583 1334 2324 2430 1165 1406 2242 2320 853 2074 2759 646 18 1558 2746 485 293 1207 713 2015 803 73 2115 1427 739
1506 1141 1924 383 1168 1299 252 2070 1216 654 525 2470 2232 391 2669 858 1140 455 49 1505 1262 61 1780 192 1598 1356 2311 625 2025 207 679 1435 225 216 1248 2396 408 245 113 1787 1829 2279 1124 1282 139 1781 2164 838 209 2280 1127 2137 27 2794 356 1037 296 1918 239 822 2091 344 2173 1568 2531 1303 2698 2053 1612 495 1024 1843 471 799 331 2565 1875 1503 1438 449 1273 402 2142 412 1500 1961 1021 2690 131 618 430 2693 1967 1635 1715 418 1187 2467 1692 1481
1161 1847 1773 1785 63 1228 1795 1019 1513 617 499 2129 1631 2542 1346 310 2827 2022 2016 2656 2441 1693 983 465 540 832 1176 695 1743 2149 1333 1561 2190 95 1685 182 1535 291 132 149 1856 954 2111 1298 596 1760 1197 1712 783 1087 1476 2202 2745 824 2547 576 1593 2700 949 1749 1434 1914 88 751 2785 676 2112 940 1343 1004 2242 2737 1801 898 1928 614 1207 1166 1257 2072 1178 1558 1137 1990 1971 2497 1999 714 483 803 1353 2784 1093 198 1103 1300 75 2437 240 1883
99 1145 2055 2163 401 477 453 1628 141 1872 760 1233 816 1976 981 437 1047 1023 1085 461 380 399 177 2829 1163 2122 2679 823 172 1903 2747 2098 612 2722 156 2577 72 2009 1599 2636 73 2074 1510 2775 164 595 1682 1241 1688 694 2274 1808 1404 1784 460 1089 174 1155 1415 2362 1100 208 2587 2469 731 2655 2452 1717 1906 1160 2126 1387 1479 144 1826 320 1436 755 1201 479 1173 1638 2003 1835 1426 1268 2325 738 1515 347 1806 409 184 634 2430 1484 1957 713 272 1203
1353 1300 2784 240 483 1883 2277 529 1801 1044 1593 789 1394 545 2644 2066 1213 395 304 2579 2178 2113 1451 1427 1230 2504 572 2759 1683 374 2546 1115 1389 2540 1898 407 1093 1559 1106 2000 251 341 2381 1361 962 328 989 1088 101 2238 766 1900 803 215 737 581 2787 2040 2323 436 465 834 2114 1798 364 2249 2054 761 1804 2288 1971 967 1786 646 39 1257 926 564 1180 1818 1719 2296 2281 1087 1996 1357 792 2495 230 757 1304 777 1091 614 576 1334 1476 2235 1035 540
455 1262 1124 1216 1140 391 2470 1506 1037 1924 1829 2137 1568 2053 1918 2232 822 344 1299 1168 2531 2279 1303 1612 1024 113 2236 252 1967 1503 1635 2142 430 295 390 726 268 721 27 1647 402 314 138 1972 1921 2698 2806 1475 383 858 1505 504 2061 936 654 1050 806 525 1141 2402 471 1789 1715 1438 1018 1395 49 1822 131 1317 643 1706 729 2280 1932 363 412 418 1187 1293 2429 758 927 2611 1637 1756 534 2406 1761 1097 1143 331 163 2634 1564 454 2407 2467 2140 1556
2767 1993 1617 712 1422 1045 2130 2050 1663 134 735 179 550 440 1782 2836 947 2631 1029 197 1328 1444 2707 2837 1054 2840 1649 169 463 1381 1679 2241 51 645 1623 445 900 1658 2011 1218 1261 1486 1437 155 2133 305 2088 433 1710 1640 563 1552 1489 1208 2419 2652 1051 1307 559 2034 2375 1417 2628 259 260 2439 1796 2826 1840 2545 1878 562 1416 1544 1123 1701 1948 1096 2735 439 194 906 1897 860 319 1148 2515 2650 674 977 1369 965 2076 2352 978 2721 2713 1860 1362 1253
70 1125 1753 2777 2772 2077 2478 2510 2561 431 2161 1839 2818 2015 1252 1759 2757 315 1165 2302 2622 1557 1390 191 1834 1035 951 18 1842 2663 601 2 2315 2686 1320 767 1989 277 1747 990 502 2242 1980 1075 889 2702 1908 2685 202 1593 1353 240 1801 581 737 2009 2504 2509 1106 789 962 2644 1798 1512 529 269 2759 1810 67 436 1683 2636 284 1559 2579 1257 1357 2601 1786 2471 1114 967 2113 1389 461 1971 1443 1230 215 2507 2542 688 1976 803 997 2274 2784 1213 2546 597
222 2071 1436 2512 2218 1504 1790 1933 850 1305 1052 2096 836 1098 2156 1321 935 2645 2355 2750 897 1638 2201 2362 2450 2432 2342 1736 1806 2691 755 1709 1911 2642 2420 599 2446 2537 2318 1621 666 2452 796 144 1200 1006 443 1387 1090 586 1308 1082 1763 8 459 320 1145 1676 1671 1479 37 1474 745 325 612 761 834 2623 99 2555 2449 2317 1910 1178 1865 1073 2587 2167 2249 783 1889 2535 1682 946 1449 1425 908 1749 1023 1047 1277 595 2074 213 2469 1620 73 2168 2058 2422
99 1145 72 2009 2636 172 2577 156 2722 2775 694 1784 460 1089 1241 164 1688 174 1415 2274 1808 1404 1155 1100 816 1085 1163 2829 177 2679 1903 2122 1047 1682 2055 1023 477 2747 2098 141 731 2469 401 612 2163 144 453 1628 595 1872 760 1268 1233 437 981 1976 399 208 1510 2452 1906 380 461 823 2587 1599 2074 73 2655 2126 1160 1717 1479 1387 320 2362 2457 2784 803 40 1401 1426 2161 347 1835 479 1436 251 1696 1883 184 744 325 364 374 1558 1342 1839 738 1593
2551 2284 2018 2146 764 719 2008 1289 276 1351 1534 2361 914 812 35 2824 615 2209 190 1493 1915 1577 871 1157 862 723 1359 2353 2585 2603 2487 869 450 303 2067 1772 1997 539 1970 1583 2729 1128 701 2165 998 1528 781 1347 1762 247 1403 2453 1633 1963 212 2019 930 516 1751 2485 1204 1228 1190 2734 1245 1247 1657 1785 2550 1222 153 457 275 2254 1144 1121 874 1957 1066 1595 831 272 2214 928 2233 1507 259 1161 1847 2424 1835 2003 2718 1402 2022 560 2405 221 1674 1734
1539 2797 2576 2269 1549 2371 2833 2139 299 2092 2844 2776 428 2226 352 969 1982 2403 1814 1735 741 2175 1925 414 667 2473 1589 2138 1618 264 837 90 1009 2484 961 2455 1622 1629 2063 1540 2635 879 2189 1619 2340 1101 46 1349 2731 537 1159 17 1815 2710 226 891 1615 223 2215 2486 403 1572 1295 846 892 2338 913 573 687 2771 1122 991 2158 1863 511 2460 642 1242 1571 234 557 1025 2834 127 1060 2709 1807 262 349 888 641 1373 2339 2385 685 2811 2100 203 795 2468
998 1583 2792 1970 567 118 1791 778 382 517 2711 2252 2328 2491 1179 919 2778 952 930 2065 1063 2682 1854 1354 928 1851 2729 1657 808 1769 515 1977 1579 114 2379 975 1651 1531 841 923 1470 982 227 9 763 748 2793 2225 2304 2361 311 7 1770 2042 875 1210 887 1920 916 639 1368 819 1367 276 151 1239 2559 1667 2349 528 1578 2738 1271 2551 1879 945 1585 2484 166 2474 2310 2094 1078 871 2488 1211 160 2018 1530 1421 2647 1163 2063 741 177 2776 2576 299 577 264
1475 2236 1662 484 2429 2059 363 999 786 430 467 1568 2687 936 758 389 1378 2053 471 1967 534 2407 1918 390 1481 478 344 1635 402 840 806 2634 2244 2301 1465 1756 314 780 1438 2465 2505 89 1124 1097 1008 52 1022 1039 464 1715 418 1293 452 1140 1050 1822 108 726 1789 1216 1037 1143 1706 346 2821 753 2806 927 2398 1275 159 628 53 1317 295 2611 2765 331 1831 1929 1018 1262 455 1730 2467 2715 580 1692 655 391 1024 2690 1655 1118 1062 2142 326 1395 1932 501
629 1113 1487 909 1477 1144 882 123 1865 1183 1371 2823 2503 924 1471 953 2677 1687 1400 281 1922 941 2620 1084 2627 986 1525 2572 1987 2150 1757 2573 327 2623 2494 1280 84 1199 481 275 1641 851 117 1659 815 1458 1723 2571 2263 396 37 1082 1559 1763 1308 398 1106 2216 2688 1880 1090 1916 443 586 1006 1596 475 594 2303 1979 39 796 2448 1786 2841 1661 2245 989 2495 1257 1073 751 104 2288 2115 1357 76 2249 761 1198 1232 1137 167 40 2348 1180 1558 907 564 1866
2545 2034 1796 100 48 1569 64 715 2433 2721 439 1640 2650 562 1453 305 155 1901 51 2713 2309 1490 2376 201 1860 2631 1584 2023 2755 1422 747 2045 1096 1416 2815 1316 1948 258 1320 770 1636 1496 2826 563 832 2088 260 983 2272 2129 617 1990 2700 1993 2767 1362 1224 1965 2190 683 1334 465 550 1116 1535 659 2260 269 2235 2472 2523 1838 1714 558 1773 47 1593 1533 1897 1835 2289 91 695 2016 1161 2295 1346 2638 463 218 240 111 1561 1878 792 2296 1478 1001 2202 2413
982 2065 1063 2682 2252 1791 2225 763 1583 1977 1179 2328 1651 919 1851 1769 2491 1354 1579 2778 930 952 2379 998 1531 928 2729 118 528 748 1657 1470 841 515 2792 923 887 9 819 2559 2416 567 1585 311 2618 1667 114 975 1271 2349 25 2097 2304 7 639 227 1578 2042 1770 2793 916 1210 2711 2310 151 808 1367 513 2658 1920 875 945 579 517 1368 1154 2723 2647 1239 1211 1854 2488 492 382 1209 778 2575 2459 2661 400 827 2738 1301 1566 160 1530 1060 1604 2094 1879
1646 339 830 863 1450 393 603 1244 1120 1620 2136 2275 1732 1073 2518 1678 1147 1016 2395 1691 845 2019 584 373 575 2754 1523 2695 441 2383 2080 1805 775 2586 2621 2211 357 1626 1611 960 1169 2701 794 2020 2368 2447 2780 2329 818 279 693 2651 2550 1507 1517 462 371 404 2254 876 457 2733 1195 2233 1609 107 2297 2414 1482 1177 751 321 2630 2604 2347 2684 1372 1832 2605 1669 2345 1104 1014 187 2641 469 1192 145 2653 2176 55 397 2240 1194 728 1959 1259 2106 2804 2805
1107 1310 1512 65 1254 768 903 1908 284 2388 835 931 684 1114 1830 848 2601 502 702 990 1340 1608 1821 1767 1720 2471 2276 250 578 1975 1845 1235 2624 297 103 126 688 1413 1323 2314 522 1186 1391 2667 2579 1277 2571 333 1801 834 2759 1286 1804 2058 581 1907 240 2504 374 1300 803 2381 2831 789 483 2644 251 2277 1064 529 2522 2608 2661 1834 1401 1844 400 236 101 1458 215 1315 37 1394 967 1353 2784 2288 2015 1217 2705 362 2239 309 962 1427 2056 767 1015 1683
312 2832 1624 987 2501 635 1407 1405 2411 1934 2270 2528 2044 1146 1644 556 1386 2082 547 221 943 85 1102 2790 188 1656 2817 2300 817 1926 1752 4 611 1319 2367 59 626 2389 1545 1202 1737 613 826 2574 266 2069 1422 2477 283 2312 1092 977 2515 2148 1190 351 2154 259 2397 1225 950 1552 1835 463 2424 1799 1468 203 550 480 712 1172 1900 2292 1954 1617 2381 2351 2040 1883 1654 606 831 1629 900 2214 473 1222 2564 2133 2544 1061 1700 2508 1484 1957 1173 560 2205 364
44 2317 1483 16 1447 1469 376 1672 1836 2249 2437 1057 2785 1914 761 1990 2700 291 1535 1749 1449 1224 47 1178 1714 1116 1713 2523 2180 683 1838 34 2422 832 269 834 465 2202 2745 1476 1856 2111 95 2016 2190 596 576 1743 88 1176 132 2441 676 983 695 824 2827 2129 2547 1044 1346 1513 230 1773 2555 2058 1727 1996 1795 1277 777 1631 310 1693 1161 1091 1847 1593 1228 2149 1785 2258 792 483 2656 1019 63 2296 2784 1353 1304 1804 499 2235 1561 967 240 1300 2054 845
783 949 617 1434 1343 2112 940 1004 1298 2737 198 75 1999 1103 2497 1346 2542 1304 1712 182 2129 60 1760 1631 1561 149 540 1535 954 832 1093 1019 63 291 1161 1847 1333 2022 1773 1513 2242 1795 1197 1685 1785 1228 2441 499 2656 2827 310 676 407 1693 465 1856 2111 558 2413 967 2149 2295 135 2202 1804 766 983 341 2745 2238 1087 2116 2504 1683 1590 93 2190 2260 328 895 1166 184 95 1091 2016 1898 1914 1176 2615 1743 2235 1448 898 1593 695 2409 792 1996 2785 1265
899 2741 1606 2135 1212 137 204 116 1944 2294 1055 2728 97 1463 2842 725 2207 1134 246 165 1935 2558 1825 1547 2041 2511 1056 2068 1067 1986 722 2665 686 2580 494 657 79 2291 2057 2248 2305 1940 692 2736 447 2825 2319 2813 677 2766 2435 1874 2719 627 574 493 1597 2121 1558 249 1130 2292 2638 2295 1076 24 2413 366 2143 1892 1265 1724 2809 1126 426 2024 1771 1857 1728 634 1452 184 1001 1035 185 1223 2708 1298 2506 1590 93 746 1765 1034 1478 1448 1839 1207 1012 1088
2220 939 2526 1931 1433 2704 482 2089 2445 2183 255 1439 2427 217 1330 2291 574 2057 1874 2683 637 2639 2308 494 647 619 521 2051 2712 1555 1223 2657 1088 2435 2617 1899 146 2813 2569 598 1592 1937 2438 491 677 682 2393 948 2248 531 974 657 1639 686 2382 1464 2286 1185 1076 368 1777 2499 1725 2708 444 1892 1771 1677 2625 2436 2598 804 2719 2037 2809 1721 2580 2589 692 1881 2292 447 1876 2825 140 1998 509 790 2736 1452 251 1868 2728 2294 1944 1427 1144 725 2457 329
899 1606 2741 1212 137 204 2135 116 97 1463 1944 1055 2842 1134 2294 246 1935 2728 1547 2511 2207 2041 725 165 2068 1067 1825 2558 1056 722 2665 1986 2305 692 1940 2292 1126 2736 447 2319 2719 2766 79 2825 1130 442 2506 1962 790 686 2057 2291 1841 2580 362 494 2248 493 1874 657 574 2813 1088 1452 2708 677 1490 1076 1590 2435 1223 93 2324 57 1035 2286 499 1453 1777 2382 895 2409 1558 2121 280 1464 804 647 2493 305 366 1298 249 2413 948 1901 1937 2174 133 140
1305 1052 2071 1790 1933 2512 2645 2362 1098 1321 2156 850 2096 935 836 2201 1504 1436 2750 2432 2691 1709 2355 222 897 1638 2342 2218 755 1736 1806 2450 1911 2420 2823 2318 2627 2677 629 281 796 396 1425 1387 2642 1200 599 2537 1153 2452 745 2740 1474 1227 2535 1621 325 2446 8 1761 1671 229 666 476 1479 690 1537 144 2030 1865 2449 1286 669 2387 1844 2261 1284 565 1456 829 2194 1032 941 481 506 612 1703 1006 320 1995 1363 959 1047 922 477 661 1676 1880 37 1802
2408 707 213 2615 135 2354 2295 558 2413 1265 1478 1849 1448 184 119 1722 424 1529 2390 1383 1269 1867 2566 80 19 1296 520 232 1945 2638 2744 1733 2472 1312 1984 761 218 2249 2024 2143 1719 24 2430 967 1533 634 1804 1689 426 1597 1035 792 91 2296 757 853 540 1728 2260 2235 2533 29 1149 2320 2172 1231 286 2673 752 834 2725 2756 2464 754 1889 498 609 293 1766 1999 2124 466 2021 2404 783 1326 957 2366 499 2115 739 1228 425 509 473 1061 375 2448 2014 1785
2716 2365 705 2689 2552 2534 1563 81 2370 28 505 523 2181 2119 175 2250 238 2500 2479 2819 587 849 2527 2557 458 313 2283 2191 152 972 1827 1532 1741 120 1708 92 2681 847 1896 1339 2228 2674 1111 2193 2177 354 330 2144 734 2099 671 1680 2592 1704 740 2742 2052 1117 1376 1332 633 696 602 503 2764 1335 508 1917 2322 1314 2440 994 974 68 1408 864 2594 657 1473 526 329 2237 271 447 1677 125 677 2708 2037 2051 968 1592 2766 129 2809 686 2598 1942 1721 1831
1845 2624 1235 2471 103 297 126 688 848 2601 990 1340 502 1323 2276 1830 1908 284 903 1114 768 578 702 1767 931 1608 1186 2388 1413 65 1107 684 1391 2314 1720 1821 522 250 1512 1975 1254 2667 835 1310 1839 962 1759 1798 315 803 2772 2759 1125 431 70 2077 2561 1753 2777 2323 2478 374 2302 251 1165 2757 215 2040 2242 1207 737 2510 767 1427 436 1834 1137 601 364 1557 1035 529 2644 2787 581 1801 1075 1558 67 485 2152 2015 395 844 18 2161 1900 1230 1916 101
1879 2093 2796 607 394 631 1518 1290 1017 2140 2282 1909 1613 2064 662 2596 1906 921 1058 451 1604 2357 1301 1567 1981 2049 918 446 700 708 124 984 1491 1237 530 2392 996 2530 345 1988 2675 651 1587 237 527 2692 1837 1978 2205 1119 716 1564 1181 591 2131 1812 616 1621 2781 852 1002 908 2262 2543 1718 2085 942 1676 660 2134 912 1479 1495 1652 1145 41 2231 2660 2208 1455 678 320 144 2458 1516 1645 2609 1800 666 1197 1264 1682 1855 360 1384 177 157 1773 1835 519
197 2840 463 2375 433 1710 1489 1417 1701 1993 1029 2767 860 445 1788 550 1422 179 1663 2735 712 2289 1617 2050 134 2130 2631 2482 1895 1552 1045 480 2649 1369 925 2836 440 900 2454 1782 161 2650 2769 659 2011 1437 735 977 489 2084 348 26 645 2714 1486 1870 259 1307 1253 769 2241 2652 51 1208 559 1328 2515 1381 1092 2837 518 2419 305 1658 2397 2574 2544 2826 2088 2133 970 947 173 906 1983 563 2424 663 1172 1102 635 606 1840 562 1386 1640 943 2707 1190 1148
536 1588 1132 1268 36 1431 733 866 121 2090 500 2117 1499 988 193 569 680 1764 1065 2570 1329 729 429 802 2795 571 2839 2335 332 2578 142 1492 2333 2640 2798 1886 2078 1910 901 2539 2629 2602 340 1256 828 2786 13 597 1793 1272 964 2210 1952 2217 2671 1033 2568 377 886 1668 1374 933 1418 432 2415 2828 2808 1562 176 979 2227 640 1890 1337 2038 358 1429 2029 400 1266 1053 1686 2108 1393 427 555 2661 2829 2221 1835 2743 417 672 868 2668 827 1038 479 2520 2083
1656 1102 85 2790 2817 943 1644 2528 2044 221 2300 1934 2411 312 2832 1624 1926 1405 2501 817 987 635 188 1407 611 1319 556 1386 547 2082 2270 1796 2545 1146 2397 2034 1752 2574 2670 1092 463 977 606 4 2307 2344 1414 178 2826 259 2724 1983 2133 1666 2800 2007 622 1428 2626 1835 409 351 2646 1552 1352 911 1313 1173 1422 2088 266 74 395 1151 1190 1484 545 110 1700 2652 111 2515 454 480 433 1674 305 2480 2676 563 1740 1901 2214 2069 2644 1412 2084 1737 322 712
197 1710 1417 1489 1701 860 2767 2840 2375 463 1993 1788 1029 1663 712 1422 433 550 179 134 2050 445 1617 1045 2130 2836 1782 1328 440 2649 735 2289 947 1369 2011 925 2837 1870 645 2707 169 1649 1381 26 1437 1658 2631 489 1895 2482 1444 2454 900 1054 2817 2241 2652 1552 1679 1486 2084 1307 1208 1624 817 559 2439 2424 480 348 1218 769 1840 1656 977 642 1544 1051 1934 2419 2528 2790 2628 1092 1644 1416 161 1948 51 2826 1096 659 970 518 2133 2638 1102 1261 2088 2650
2049 631 1518 1290 2282 607 2596 1017 2064 1909 1613 530 2796 1604 2140 921 2093 1301 446 662 1058 1879 1237 451 1567 1981 394 2392 984 1906 1396 2357 1554 1105 1978 813 355 243 1370 1119 908 2257 1673 2696 1331 660 2782 1002 1614 360 1621 542 710 852 1739 1384 2259 1853 2660 54 942 2543 1000 2664 1491 918 2085 2262 1893 700 124 996 2530 1695 966 50 708 1808 2274 1688 1466 2458 1404 1676 2829 1508 816 345 1142 2661 1100 1718 400 177 2251 2636 827 2519 2122 1089
2550 1507 107 2414 1177 2604 1104 1669 2754 575 2641 55 728 2176 397 1194 1691 796 2019 584 1016 2395 1482 845 1646 393 2136 1120 863 1244 339 373 1523 830 2695 1450 2080 603 1620 441 2383 2275 1147 2518 1732 2247 1073 1678 2595 834 357 2254 2326 457 1805 147 2630 967 2233 462 1734 400 775 924 2192 2360 2094 1517 2586 1626 1907 2159 2780 240 1719 2239 2211 2605 761 1919 2555 1401 2368 1093 333 2277 2661 1804 794 1971 1028 2621 2699 736 187 577 1169 2493 1801 1904
1096 1416 1948 1362 1897 497 1586 992 2046 1316 2815 1636 2272 1496 1965 1860 2556 2713 2352 1051 1218 201 1261 2721 2309 305 194 1569 64 715 562 48 100 1901 2034 2433 1796 2628 2545 1490 2376 439 155 1453 51 1640 2650 1584 1422 1993 563 2755 259 712 260 1617 1148 1123 1552 2826 1878 2241 659 559 2088 463 1307 900 906 1001 2836 2023 1381 2121 1075 1604 2045 1486 1701 1810 2007 1782 2509 319 2016 2076 2652 2544 2350 1046 784 2133 1476 1990 1437 269 1353 1087 1835 2732
1865 1858 468 922 1570 1456 973 2313 1188 1284 122 411 1260 1560 807 759 1697 980 582 546 1221 1610 285 229 1702 6 448 2118 2643 1884 298 1285 1015 732 620 2476 1797 1083 37 181 629 1763 2167 1153 636 2268 690 20 1227 2194 1891 1537 2261 1082 2162 167 454 2726 2807 669 1318 476 459 1603 820 750 2677 2627 2425 1541 1882 1744 829 281 396 1761 334 2030 586 1308 661 1090 1723 956 1006 1199 443 23 2816 40 372 42 2043 1080 2387 2791 2303 650 2666 2168
558 213 2408 707 2295 2413 184 2615 1478 135 1448 1265 2354 2638 119 1383 1044 1849 2472 1296 1529 424 2390 1722 1867 218 2823 752 1269 19 80 2566 761 1312 1984 2249 520 1733 232 2744 1945 2430 2024 2143 1719 24 1533 2296 634 792 1689 1804 967 91 426 2754 2550 540 2751 1597 1507 2260 924 757 2567 853 1661 1214 1171 2740 22 575 107 2235 834 1035 2109 2414 2317 499 1728 1177 739 796 394 744 2604 29 2533 2452 376 2673 2320 1593 1149 498 984 477 2172 286
44 2317 1483 1469 1447 376 16 1057 2249 1672 1836 2437 2785 761 1914 291 1535 2700 1990 1449 1749 834 832 1224 47 1178 269 1713 1116 1714 2180 1838 683 2202 2523 2422 2745 34 1476 2111 1856 88 2190 1044 2441 576 95 2129 1727 2555 596 2058 983 465 1346 1277 2016 2827 1176 2547 824 132 1743 695 676 2258 60 1183 603 230 2275 1073 104 1103 1732 1867 946 441 2695 1620 1678 1304 1722 1529 1523 1380 1996 1849 777 2390 905 198 339 751 1631 1999 2518 2245 1147 845
1753 2772 1125 2777 2077 2478 70 2561 2510 2161 431 2818 2015 1252 1834 951 601 1839 18 1842 2 2663 315 1759 1165 2302 2757 2622 1557 191 1390 1035 1989 2315 2686 1747 767 1980 2685 277 2242 67 688 1869 889 1798 426 1320 2323 485 1689 1106 1075 634 269 1207 1334 477 962 29 1197 2430 2667 1559 293 2121 2172 823 2583 2509 73 1597 2122 646 2702 1001 1561 135 853 2829 2350 2024 1235 2074 737 1257 1951 1835 2295 1810 177 380 2413 2072 409 436 1786 461 1511 713
197 2767 2840 1993 463 2375 1663 550 179 1422 433 2130 712 1417 1029 1617 1710 1489 1701 445 2836 440 1782 860 947 2050 735 1045 925 1328 480 2649 1649 1369 2837 169 1444 1870 26 2454 348 645 1788 2707 2769 1054 2631 663 2714 518 2011 2241 1679 1381 2650 51 2538 1658 134 2439 1623 2289 305 1840 1544 1261 1218 1051 1552 562 1640 977 2735 259 1895 1092 155 1148 563 1172 489 2826 184 900 2088 2628 983 2652 1307 2515 2638 2721 1478 1407 161 970 1190 2424 1983 2472
2517 2619 1939 30 2246 1445 1294 1694 1215 1129 71 810 2481 638 718 1270 2271 2616 2529 665 1446 787 1258 1112 2444 1514 1440 386 143 958 697 1630 1360 2185 2584 2298 273 1684 1411 2801 2710 1242 2104 2524 414 1324 1267 1355 147 2189 1167 127 741 1811 2363 1059 2709 2175 342 551 1803 2595 154 2740 577 2749 795 1509 557 2460 1295 1807 685 879 1619 2013 472 1863 1539 912 2213 41 2662 991 511 38 372 2468 1401 1862 1925 352 2635 1982 641 203 1540 2776 2226 307
2769 348 2454 26 925 1369 1870 2649 2714 480 2538 663 550 179 518 1441 1422 2130 1453 712 1901 689 1490 1617 201 260 2309 2433 2840 404 2358 463 2123 1633 2827 1535 2826 2376 1392 1665 493 280 1847 2050 983 2190 1672 1172 259 563 1590 366 1758 2441 2374 2004 832 310 93 2493 2672 756 1513 1772 1693 1352 1594 720 895 977 1773 1714 2272 1434 1836 2327 2324 168 1346 291 1148 1298 1609 182 2195 683 305 1116 1860 2456 1838 2076 2202 976 1019 1224 1765 978 1776 2180
428 2371 1735 2776 2576 1982 299 2833 2139 2269 1539 2403 1549 2092 2797 1925 879 667 2844 1619 1814 2460 557 226 741 1863 2468 867 2633 1025 352 2431 991 1480 1295 1366 814 2607 385 1660 1816 2771 2363 2175 687 1589 2731 641 1807 1373 888 262 2385 90 160 891 2094 1078 1530 472 1509 1607 2710 1341 2811 264 267 2473 2189 837 2758 1069 685 2455 2783 2226 2484 969 1629 1242 1009 2738 1238 1622 1122 1291 2063 577 1421 537 2138 403 1159 2266 551 1815 127 115 203 1129
44 2317 1483 1447 1469 376 16 1057 2249 1672 1836 2437 2785 761 1914 291 1535 2700 1990 1449 1749 832 834 1224 47 269 1178 1713 1116 1714 1838 2180 2523 683 2202 2422 2745 34 1856 1476 2111 2190 1044 88 95 576 2129 2441 465 596 983 1727 2555 1346 2827 2016 1176 132 2547 824 2058 2258 1743 1277 695 676 230 777 60 1996 603 2275 1073 1620 104 1183 441 1732 1103 1091 1304 751 1425 2695 1678 1867 1523 310 845 1693 946 1722 1380 198 1849 905 1631 1999 2518 1529
1944 1055 2294 2728 2207 725 2558 165 1056 1825 1986 1940 1130 2736 692 2719 2292 2825 447 2766 2319 1126 442 2041 362 2506 97 899 1212 137 1841 1962 790 2741 2135 204 116 1606 1463 1134 1935 246 1067 1088 2842 2305 2068 79 1547 2258 722 2511 2665 67 2509 1810 2583 249 627 1012 1075 2121 1001 202 1406 2350 686 2291 1558 2057 574 436 359 1798 1931 2540 1223 1590 1728 2320 2787 677 293 2183 737 895 2409 104 2040 93 1689 529 2704 1869 1900 215 1427 426 1805 2248
2210 2520 640 1272 13 1754 2671 2421 1949 1038 1041 2083 1910 323 1337 2032 2047 377 828 56 1189 2578 370 865 2828 2602 672 1668 933 1374 2539 698 1429 729 2629 1049 932 1764 2335 2570 955 2795 2798 1521 2428 1329 964 839 2839 2038 1952 1399 1249 2221 2120 1070 1266 2808 84 358 1256 785 901 2640 176 2031 2217 941 571 762 150 971 2380 2267 1236 1033 43 621 2568 2188 2415 868 986 2786 1890 536 1553 2688 121 2152 882 644 2451 289 979 509 554 2384 1458 1605
1346 2129 617 832 1535 2542 291 540 1561 1631 1197 1298 1019 63 1161 1847 1513 1773 783 1795 1434 1785 1228 949 499 1333 182 1685 954 940 1343 2112 2656 1004 2022 149 2737 1760 310 1712 1693 2827 2441 2149 198 75 2497 465 1999 2016 1103 983 2242 2785 2190 1914 1743 676 1176 2260 95 695 1856 2111 1836 2700 2202 132 596 2745 2437 2235 1672 1304 93 1590 1749 1476 1593 895 576 60 792 2409 91 1928 88 1990 751 1166 824 2296 1838 1116 683 2324 269 1714 2547 1713
150 894 419 2153 2554 2263 785 96 1525 1632 106 1927 1280 2623 2678 1371 1365 2141 1083 2572 2386 1084 1726 84 189 2060 1960 2152 762 2188 732 620 1702 2541 43 2116 2562 2502 1596 181 941 2160 971 2401 2503 1013 2612 1797 1336 171 2498 1032 2720 2079 300 621 1458 2688 1315 644 481 861 2442 387 2522 1987 1661 2737 949 2751 45 1251 474 1364 2056 1866 1605 2761 582 2476 924 1979 851 2048 333 1004 40 1171 1856 2441 940 183 546 2733 2831 1139 1343 1802 2705 2457
2769 348 2454 26 1870 925 1369 2714 2649 480 2538 663 550 179 518 1422 2130 1441 712 1617 463 1701 860 1489 2840 1788 2050 2375 1417 197 1710 433 2650 1045 2289 1901 260 1453 1569 445 259 305 2309 2433 2826 100 1172 715 1895 563 2358 440 201 1796 1860 562 735 1490 2721 48 559 1148 2544 1640 1392 51 1146 168 977 1190 1092 2088 769 161 64 1983 978 2652 2724 2200 704 1437 1486 2010 1993 556 1752 2148 900 622 1029 2123 2004 2827 2376 178 2337 2076 2487 231
1944 2294 1055 1056 2728 2207 725 2558 165 1825 899 137 1606 2135 204 1212 1940 2741 1986 116 1463 2825 97 2842 447 2736 1130 2766 1134 1935 692 2292 2041 246 2719 2511 1547 2319 1126 2068 1067 79 442 362 722 2665 2305 1841 790 686 1962 2057 2291 1076 2506 2248 2580 2813 494 677 574 2286 1088 1452 1874 1223 948 804 2435 1937 1464 2382 2258 1785 1931 2639 627 2683 2708 657 499 2569 647 67 1228 1639 359 347 1847 1513 1592 1590 1795 491 1728 1161 407 1773 682 2438
2843 1707 730 338 1466 937 257 1455 1243 1526 1131 1379 1325 1779 1794 1670 2151 2145 406 2516 1007 568 1731 1516 1527 1385 2377 1871 535 336 410 742 1511 1442 1969 1783 2746 1138 811 253 2341 112 1068 1894 1079 544 2299 1645 1800 749 1498 821 365 2788 2290 2549 94 186 1424 610 2364 435 2730 434 1110 2219 709 1005 605 2095 392 2830 1311 1040 1581 1020 593 519 1309 288 1634 1573 2102 2560 2609 248 1992 678 2613 773 2680 2331 2763 717 1968 648 538 673 1966 1419
1697 285 1570 1221 6 922 546 582 759 2268 2643 1702 2167 1260 1456 468 1188 973 411 1858 1083 1891 1284 122 620 732 807 37 181 1763 1865 298 690 2313 1723 1537 2816 2476 1797 448 980 1285 650 2666 1884 1082 1610 2118 459 475 820 1916 1603 1015 636 1882 750 2043 1541 2346 334 229 2171 629 2194 1560 1080 2807 2726 2261 2706 1318 586 2162 167 1090 1744 372 669 1153 20 23 1227 454 1761 1308 476 2425 956 2677 661 1844 117 1286 2810 2152 2608 236 40 829
1515 5 2457 844 509 1696 1889 2128 244 2404 2464 2725 957 609 1616 1766 1426 2115 2448 1477 592 1602 466 388 1556 744 1061 1637 498 425 752 163 1326 375 2014 2124 2366 473 2351 1401 306 827 2661 2508 1953 40 1744 1084 1866 1199 214 2109 2348 1080 1904 1960 23 2169 2507 2101 851 997 2751 2162 2476 2222 400 1591 2468 2726 2048 1768 22 1797 270 1171 1214 2761 1661 1283 1139 20 167 2425 1945 520 232 2567 620 2278 1605 565 909 2502 19 941 815 80 84 2152
2716 2552 1563 523 28 2181 505 2365 705 175 238 2689 2250 2534 2500 81 2119 2370 2819 2283 849 2479 313 587 458 2191 2557 1827 1532 2527 972 152 1708 1896 1741 2674 2099 120 734 354 847 1376 330 1339 2681 2742 671 2177 696 92 2228 2144 2193 2592 1117 633 1704 1680 1111 1473 1746 503 2764 2322 1917 68 1314 2052 2809 740 726 532 711 2594 504 1335 12 1332 1876 602 508 125 53 968 788 1932 1182 1409 1955 1721 552 261 2059 772 1912 994 2597 864 2715 608
150 894 419 2153 2554 2263 785 96 106 1632 1927 1525 2678 1365 1280 2623 2141 1371 2386 1083 2572 1726 2116 1960 1013 84 762 43 1336 861 1084 2160 2401 2612 2562 2079 2188 189 2720 2152 2541 1004 1596 171 621 971 2503 620 949 1315 181 2060 732 941 2737 2498 2502 2733 2441 1797 462 1458 2591 1343 940 2374 644 2442 300 333 294 2522 783 45 1103 2048 1866 309 1702 1856 2688 1318 1434 387 689 793 2056 2751 2827 183 2112 1251 133 398 856 1661 1032 2761 2111 198
1087 1093 1801 614 465 2579 407 1898 483 789 1883 1207 2242 2072 1213 2066 240 1593 1683 766 1137 803 328 341 2113 545 1394 2178 304 1558 2504 898 1257 2238 1353 751 1300 2784 2759 374 714 1971 1389 2546 2277 1115 1427 581 2381 364 2040 2114 251 2540 215 2000 101 436 1900 529 1230 737 540 2644 395 2022 1361 1786 1197 1106 1166 1928 1451 1559 1798 1561 853 572 1035 962 2235 485 989 1951 1175 727 1306 2054 1334 658 646 589 676 1996 2787 1091 777 895 1590 93
795 1520 2399 307 2727 1 2213 685 1572 234 913 203 1618 1524 1349 1101 2215 2185 349 1684 969 1411 961 1571 2635 2584 846 642 573 1360 1630 2486 2138 2100 17 1060 1540 2158 1622 2648 1694 600 1615 223 2298 1629 1258 511 892 1338 2340 665 46 1446 317 1112 352 2834 2255 2481 1270 414 1294 2412 2616 1129 2339 577 127 1009 2484 2709 1939 1025 2063 2246 2466 1815 2226 2455 2811 403 1698 2372 837 1159 1278 264 1862 2710 2189 2473 537 958 551 2338 2801 787 2595 741
2045 2023 1584 2755 747 258 770 1320 611 1319 2545 2034 1796 2496 889 1443 2757 519 2622 1759 1844 2686 2161 315 1980 1833 1557 773 1834 2763 2818 1888 1416 1466 2388 2015 506 1491 951 597 2302 1561 2510 1286 1628 1096 465 1165 868 1390 816 1987 1252 1872 2315 1047 1353 1316 1199 240 2016 1144 172 2667 1442 338 522 191 1865 2074 269 730 18 2745 2478 990 1511 502 2242 401 2746 1835 676 211 996 2530 431 941 2561 565 886 1075 2577 1992 2077 1178 903 2702 713 981
1475 2236 2429 999 2059 484 1662 467 534 786 806 363 2244 1568 314 780 1465 53 1378 1481 726 464 418 389 2687 758 1039 840 344 1706 2634 430 452 2301 2715 89 2053 1655 1831 1022 1050 390 1789 1967 2407 52 1635 927 1756 471 1062 936 1037 1124 1932 31 1097 1293 478 1715 2765 1438 1822 1008 1929 129 159 580 108 2465 2505 1024 2693 1918 501 1275 2611 1018 2142 1143 1262 331 295 1118 805 391 1216 1730 2698 1140 1692 326 2062 1317 402 1755 2806 655 125 324
79 350 2305 1067 2068 2665 722 2511 1547 2842 1134 246 204 1935 686 1463 974 97 116 1212 2135 899 2741 137 2041 1606 1962 1126 692 2292 2319 1944 442 2294 2736 1055 2719 2506 2558 2728 790 2207 725 165 2825 1841 1825 2598 2436 447 362 2258 2813 1130 1076 804 2766 1056 2248 2286 1464 2580 1639 2382 1940 1986 948 1088 1452 329 217 2393 12 1462 967 2427 1804 1777 1052 1937 1728 2296 657 400 1223 483 2661 1330 104 827 2054 2445 407 677 792 240 2784 2359 1593 1719
1721 2809 12 1473 1876 1868 140 1452 2294 2580 1055 657 1944 2315 1557 2728 598 2183 646 431 1753 2478 2068 315 1125 2207 2051 1980 1390 1759 2622 1839 1035 2077 2777 165 116 2757 722 2685 2561 2719 2702 899 2772 204 70 2741 2015 2510 2302 2736 2135 2665 2661 1212 251 1439 2558 1728 269 692 137 2292 898 1165 827 725 2041 1427 627 240 1056 79 1252 1842 1834 345 407 2540 2319 1558 1900 436 18 601 442 2445 364 2040 67 2163 1547 2296 433 293 401 1401 1163 529
2433 1453 1901 1860 2713 1490 201 2309 2376 2556 2272 1316 2815 1636 1496 1965 2352 1051 2721 194 305 1796 1218 715 48 1261 1569 1948 100 64 562 2034 1640 2545 155 51 2628 439 1416 2650 1096 1422 2046 1586 992 1897 1362 497 2241 1840 1381 1658 2836 2439 2631 1782 1544 1752 712 1617 1045 231 563 2088 663 1148 260 2069 2826 2007 518 440 747 645 1123 1986 2553 2767 613 1848 2652 784 1993 161 2133 1428 2289 2538 168 1649 559 550 950 965 173 2130 486 2367 978 1046
817 1926 2790 1102 2300 1656 85 2817 943 221 1644 188 2528 1405 1407 2411 1624 1386 547 635 556 312 2832 987 1934 611 1319 2044 2082 2501 2270 2367 1752 1796 2721 1710 562 2034 2545 463 2515 439 715 1146 305 100 659 64 259 2826 950 1640 795 606 1701 433 1096 977 1552 1569 2397 48 712 178 1788 2544 2574 454 1422 2375 1414 4 1092 2200 51 1046 2650 563 622 1437 1993 1837 2781 1316 675 1411 197 2626 2670 1878 925 550 1489 1584 1860 2425 2277 1428 1307 1416
1453 2433 1490 1901 2376 2721 1569 715 2309 48 100 305 2034 2545 1796 64 201 562 1640 1860 2713 155 439 51 2650 1422 2815 2631 1316 1496 1636 2272 1965 231 1148 563 1123 260 1617 2826 2088 712 550 168 1212 1878 784 1096 2553 1948 1416 2174 137 978 2135 2741 1986 2004 899 725 486 793 440 1034 1930 2337 559 1765 659 1392 747 204 1234 2672 2289 1307 1434 1724 2652 294 900 2133 366 2229 2836 259 1437 1045 1940 1575 1051 1196 663 2728 1792 1849 493 976 2207 442
196 353 98 776 2474 1643 1625 585 1819 1864 2081 2067 2462 2334 910 1042 2353 2361 701 2103 1402 1963 381 809 869 781 69 1344 233 2264 2256 276 2027 1600 871 2001 2012 1077 2391 2101 1170 1204 875 1688 1495 119 1997 490 952 1583 1696 2729 2214 2725 1769 1889 1222 436 2740 2003 2278 803 1231 1296 998 2379 2823 2718 29 1420 364 1533 272 1383 2328 1477 560 831 1808 2793 937 703 2416 1851 887 738 2533 1419 15 1226 215 516 1957 737 2247 160 2464 2107 1426 384
2044 85 1656 1102 2790 943 1934 2817 2501 1644 312 2528 2832 2411 221 1405 1624 2300 1926 635 987 2545 2034 817 188 1796 1319 611 1407 556 1386 547 1569 64 48 100 2082 201 439 715 2270 1640 2713 2650 2433 562 2309 259 1901 2721 305 1860 1428 659 2007 51 1158 1422 1617 2088 1848 563 2826 1046 559 463 2652 2419 2133 712 1552 977 260 2358 900 155 2337 606 1381 219 2544 2397 911 784 1316 1782 2084 2626 550 1983 178 486 445 2515 1029 2480 1486 1490 622 1414
2171 2666 650 2810 2043 2816 2346 475 1916 1723 1891 1153 1603 750 820 1541 807 582 411 334 1260 1761 6 759 2643 1702 372 546 285 1221 1882 620 732 1570 181 2387 956 829 1865 1083 1697 922 468 1456 1797 1858 1188 2167 37 2268 1763 2476 1284 2313 2841 1537 1227 1605 298 980 2194 1139 122 661 1082 690 2261 2502 1610 1884 2152 669 973 1015 476 2118 2216 629 636 1703 1515 2636 1593 831 993 2677 1420 420 2009 459 2214 322 2807 1308 384 1957 1353 272 102 1074
1495 966 2458 1705 2600 2085 1384 942 1681 487 2543 337 1742 1002 2660 1978 2392 243 1119 852 1718 984 1370 355 1554 2257 2696 813 1396 908 1105 1673 1331 1614 2262 1676 1853 921 2259 1017 2357 360 1000 660 1739 2782 542 320 54 2664 710 2596 144 1695 1621 1508 1479 1893 1237 1567 50 791 2134 1200 2064 1058 1981 2282 1301 1387 1682 1290 662 451 1604 1565 446 2140 2369 1031 2803 1287 2420 2796 530 631 2318 2452 519 1419 607 1518 937 1903 1906 694 1519 1036 1909 2679
1113 1371 2503 1987 84 941 1144 629 909 2263 815 481 2677 1880 183 2152 621 171 959 2141 1802 1084 2623 2502 1525 1960 1280 506 785 1199 2109 565 396 2572 1286 1844 1183 1477 1605 2678 2182 882 2823 2048 2608 236 45 1865 2522 2056 2760 851 123 2627 1032 229 275 1064 1659 1365 1251 2761 327 117 2571 1866 1661 2216 214 2751 2494 1108 1458 2197 2567 1703 2425 2705 2386 2831 189 1288 2060 1560 270 398 2303 1641 1922 1283 1139 2706 1726 2573 1768 1205 1363 1364 1979 1198
987 312 2832 1407 1624 635 2270 1405 2501 2082 556 1386 547 221 1934 943 2411 85 1644 2528 1102 2790 2300 2044 1146 188 1656 1926 817 2817 1752 2367 611 1319 4 1202 613 2389 626 59 1737 1545 2069 950 826 266 1422 1799 2477 283 2312 259 480 977 1092 550 925 2574 2148 2515 712 1313 1835 2397 463 372 2544 1700 2200 351 1468 2826 2040 2154 1582 694 203 900 1225 2484 2098 1241 659 563 2045 364 831 1900 983 2133 1414 240 322 1437 2564 1796 1784 1728 454 1074
70 2510 1125 1753 2772 2777 2077 2478 431 2561 2161 1839 2818 2015 1252 1759 2757 315 1165 2622 1557 2302 1390 191 1834 951 601 18 1035 1842 2663 2 2315 2686 1320 1747 1989 1980 767 1075 2685 889 2323 853 2242 1798 2702 962 1938 1334 277 1443 1257 485 2667 1207 1558 426 67 1908 1001 1197 898 1683 2644 2350 803 101 990 2759 522 1106 2504 1928 1137 436 1900 1801 2583 502 634 2121 2509 688 1833 1951 1087 1306 395 1810 1845 374 589 1230 269 93 1166 1235 1971 737
1096 1416 1948 1362 1897 497 1586 992 2046 1316 2815 2272 1636 1496 1965 1860 2556 2713 2352 1051 1218 201 1261 2721 194 64 305 2309 562 715 1569 48 100 1901 2034 1796 2433 2628 2545 1490 155 439 2376 51 1453 2650 1640 1993 1422 2755 1617 712 563 259 260 1584 1148 1552 1123 319 2241 2088 1075 463 1001 1307 900 1878 2121 2826 1558 559 269 1810 659 2509 2652 906 1087 1486 2350 2076 1701 2023 2836 1381 1073 1782 1476 1353 2016 202 2482 2686 76 1045 2007 231 784 2045
2707 1444 1328 1679 1623 1054 2011 947 1649 1663 645 169 2837 445 1782 440 2836 735 2130 1045 2050 319 1029 2767 712 1381 1544 1617 2439 1993 1658 2241 1840 1253 179 1422 1552 2840 51 2628 1261 2287 965 1218 173 550 769 305 1775 1640 463 562 194 155 518 2352 2133 2046 1051 2650 900 2735 439 259 1307 1416 2088 1486 2631 992 1208 134 1948 563 2515 2482 1897 1437 674 906 1710 489 1757 606 559 1586 197 1158 161 2544 2652 1096 1860 2626 977 2084 2553 123 1153 1417
1870 26 348 925 1369 2769 2454 2714 2649 480 2538 663 550 179 518 1422 1441 2130 712 2840 2004 1665 689 2375 463 2050 720 2123 280 1861 1776 1617 1392 2418 1358 2456 197 1859 2174 1580 2461 793 570 210 1234 756 1930 366 1034 421 77 2125 445 1590 93 746 704 797 1417 1276 2155 1551 2838 64 1045 1030 1792 2672 895 1716 1758 1072 2327 440 48 2650 1453 57 1796 1710 185 228 305 2638 1298 2330 1279 1640 493 404 884 1701 2229 1029 1993 439 1765 976 2588 885
629 1113 1487 1477 1144 909 882 123 1865 2823 1183 2503 1371 924 1471 953 1400 2677 1687 1922 2620 2627 941 281 2573 2150 1987 2494 986 1723 1199 84 1757 481 327 1916 275 1084 2346 815 475 851 2810 2572 117 396 1641 1880 1397 2043 2768 104 2571 1488 2348 820 420 115 2841 1738 37 2623 2171 594 1525 454 1082 2179 1458 465 2216 1602 1006 1308 1257 2249 907 592 1280 2448 586 334 2115 1953 1835 1559 750 2688 443 1761 1558 1106 1616 1659 466 1866 1502 2114 2224 2495
1947 976 133 2363 557 2460 879 1129 1196 1765 2672 859 2184 2374 1081 2468 583 366 588 1358 1497 756 685 548 1619 1366 2189 1660 2607 2633 143 1480 1816 1025 797 867 687 1242 493 1735 2524 2104 273 2431 2801 2517 1279 814 1863 385 1982 2298 2541 226 2710 1295 1925 2403 1549 127 991 741 667 1539 697 551 1807 2619 147 428 1776 1215 1440 2771 422 641 720 2385 1373 299 2529 2833 2139 2783 386 2444 2662 888 2776 38 1509 718 1551 2844 2123 1355 1887 2371 1724 262
899 1606 2741 204 2135 1212 137 116 1944 97 2294 1463 1055 2842 246 1134 1935 2728 2207 725 165 2041 1547 2511 1056 2068 2558 1825 1067 722 2665 1986 1940 2305 2736 692 1126 2292 79 2319 1130 2825 2506 447 2766 2719 442 1088 1962 1841 2580 686 362 2248 2291 494 657 2057 790 2813 677 184 1597 2121 1298 2435 493 588 1452 574 2295 1765 1558 627 1728 2258 366 2413 1771 1874 2143 1892 426 634 1857 1001 24 1724 967 249 1478 2024 1035 2408 1265 707 558 2638 1076 1689
143 1440 386 2529 718 697 1129 958 1445 2271 1514 810 71 638 30 2517 787 2298 2619 2185 2246 2363 2584 1411 1215 1684 273 414 1939 1694 1360 2801 795 557 2460 2524 2104 1630 1242 1294 1366 879 2444 1480 1816 2607 1660 2633 685 867 2481 1267 2616 2468 1446 1025 2710 665 147 2431 1355 551 1735 814 1619 385 1258 687 1863 2189 1982 1539 1324 1925 1947 1112 741 2175 1549 38 1270 1295 2833 1059 991 2403 1629 2139 1807 342 299 115 2783 2662 2771 976 1081 2727 428 307
2185 2584 1411 1129 143 2298 1684 1440 795 386 1694 2529 718 1445 2517 958 2801 2271 1630 1294 1360 2616 1446 665 787 2363 638 1514 1939 1258 1112 30 2246 71 810 2619 697 2481 1215 1324 1270 557 414 2460 2444 1267 879 2468 685 2189 372 2476 2139 273 1619 1814 1993 2710 1366 669 2727 1982 448 299 2631 1242 2833 1816 428 2412 2556 307 741 1520 194 5 267 1925 1640 1589 2781 1291 2403 562 51 1238 2662 440 690 1515 629 2013 64 1387 2677 1284 2138 1884 2269 2371
1710 1701 1489 1417 860 1788 197 463 2840 2375 433 2767 2482 1029 1437 445 900 2084 606 1307 2424 1208 1993 906 259 1486 2515 550 674 1422 1190 489 2289 179 769 178 1895 977 2646 2652 559 675 1627 2626 2419 2826 2076 2088 2480 622 1552 1663 978 2544 563 2133 645 2200 712 2397 161 1468 134 446 2358 1319 2312 1983 2011 1624 1617 260 1045 2574 1981 1948 319 1313 1388 1949 1123 1253 2753 1416 2650 2836 1046 659 970 1096 925 2724 1604 1428 1934 911 941 1782 992 2148
1728 1231 757 754 2756 2021 2320 2533 1149 293 29 2673 2172 286 1533 739 2787 218 2024 2430 24 2143 967 634 426 1719 1689 1597 2260 1804 752 853 213 91 2296 792 2472 646 1312 1984 2224 76 2638 2235 1296 558 1361 1451 1559 1106 529 80 1478 2615 2054 2413 2277 2295 1448 1265 540 184 395 1798 1801 545 2644 962 2000 572 989 135 2408 1394 119 2323 1353 1230 1334 1213 789 2066 1683 707 1427 2579 101 898 251 2504 2759 240 2178 436 1175 364 485 304 1951 2113
803 374 2381 1900 2040 251 364 436 215 101 737 1427 989 341 2759 2540 581 2504 766 2114 2579 2238 1683 1106 1559 1451 1898 789 1230 1361 328 572 2000 962 395 2644 1798 2242 1971 1883 2787 2277 1257 407 1786 529 1801 2546 1389 1115 545 1394 2323 1357 1334 646 1093 1818 2288 39 926 564 2054 2281 483 240 2495 1180 1137 2066 1213 2784 1300 1353 76 1087 2072 614 1207 304 2113 2178 1558 1951 485 1175 751 714 1306 727 589 658 1091 898 230 1996 777 1593 739 293
143 1129 2363 1440 386 2298 718 2529 2185 557 2460 697 958 1445 2517 2271 2584 1514 638 30 787 2619 1684 71 810 1411 795 879 2246 2801 1816 1366 1480 1660 2607 1694 1215 2633 273 685 1939 2468 867 1619 1025 1360 414 2431 385 814 1294 1630 1863 1982 2710 1925 2524 2104 1242 1735 667 2444 665 1267 2481 2139 2403 2833 428 2371 1446 1295 1258 299 2776 2189 551 2616 2771 226 1324 2727 2092 1539 1373 641 38 991 115 1549 2738 307 2576 1270 687 1112 2783 2385 147 1807
1319 611 85 1656 2790 1102 943 2817 188 1926 221 2300 817 1644 2528 1405 2044 1934 312 556 2411 1624 2832 1386 635 987 547 1407 2501 2082 2045 2270 2023 1584 2755 747 258 770 1796 463 2545 2034 1422 1146 4 659 259 1320 977 2397 712 2200 2622 1835 1752 1701 1557 1313 2358 111 1334 1552 713 2544 550 1092 1617 1412 454 305 2826 433 1390 2515 2721 2307 2323 1029 269 1491 322 1352 1361 1342 2564 606 2670 178 2626 900 1151 1759 2344 2419 479 925 1740 2757 715 64
631 1518 1290 2282 2596 1017 2064 607 1613 1909 921 2796 662 2049 2140 2093 1879 1604 1058 530 1301 394 446 451 1981 2392 1237 1567 984 1906 2357 1978 1119 852 1002 908 2262 1621 2543 942 660 2085 1718 1396 2782 1105 360 1676 243 1554 355 542 813 1384 918 124 1739 1853 2259 1000 54 700 710 1370 1673 2664 1331 1491 708 2458 1614 2660 320 2134 1695 144 2257 1808 1404 1100 2274 966 996 2530 1893 2696 1705 1508 1688 50 1089 1145 816 2577 2636 2600 487 2722 1155 2829
2767 1993 1617 712 1422 1663 2130 1045 2050 947 735 1328 1782 134 2836 440 1444 2707 179 1029 1054 550 2837 1649 169 1679 645 197 2011 1623 1489 1381 1710 2241 1417 1701 2631 51 1658 860 445 1261 1218 463 2840 900 1437 1051 1486 1208 155 319 1307 2419 2628 1416 305 559 2652 2034 1640 1948 2088 2439 2133 1096 1544 562 433 674 906 563 1788 1552 260 2076 2826 259 2545 194 1897 1362 1369 1840 2515 2424 2721 1796 2352 2046 2713 978 715 992 1878 1123 1190 2650 1316 1569
150 2263 785 1525 1280 2623 1371 1084 2141 2678 1365 84 2572 2152 941 2502 909 43 621 1596 1987 1802 171 2188 2562 2503 1880 1866 971 1726 183 1960 481 1605 214 2677 419 2386 2554 894 1661 2688 2109 1108 2720 106 2498 1927 2153 1198 96 2048 1632 2751 1283 2442 270 644 2761 2541 815 762 387 959 1171 2567 1979 1251 2303 300 1139 1032 1458 2522 45 1199 1768 2425 2760 2612 2182 2608 2401 2056 2791 1205 189 851 236 1214 2348 2060 2448 1083 1659 275 2705 22 2831 1364
1424 648 94 1133 538 610 1040 365 1634 605 717 248 1309 435 1573 2830 1020 2560 1498 1110 568 2095 870 1581 678 1968 811 2680 1379 881 1966 821 2251 535 2377 1131 1455 336 1311 434 664 544 1794 2005 253 1466 338 112 410 855 1068 1243 843 1783 2341 1454 2151 2549 937 1079 2788 730 673 593 2746 2299 749 2331 1850 800 1142 2087 1670 2290 2364 2243 2417 2519 2609 2219 1546 2730 1516 883 1005 1174 1527 1325 288 709 2492 774 1913 2697 2196 2006 392 1936 1094 1894
1705 2600 1681 487 2085 942 2543 1384 2458 966 337 1495 1002 1742 2660 1978 2392 1119 852 1718 984 2262 908 1676 921 2257 1853 2696 1614 1000 1673 1331 2259 1695 1739 360 2357 1017 542 2664 660 54 2782 2596 1508 710 1893 243 791 50 320 355 144 1370 2369 1287 1031 2803 1565 2064 1554 2134 1479 1396 1290 813 2282 662 1682 1105 1518 1621 631 607 1981 1237 1604 1200 1567 1387 2796 1301 1855 530 446 451 1423 2373 1954 1903 322 2679 2154 2214 2497 21 831 747 119 15
1532 330 2742 2099 354 1896 2674 152 696 2228 1339 1376 2557 1741 847 734 2479 458 532 313 1708 1956 1704 2819 849 671 1335 2028 1917 2500 2191 1297 2062 1827 28 120 2177 92 2773 972 633 1961 1563 2814 2199 261 505 772 618 2681 2250 1680 2592 503 2367 1840 950 2594 159 1414 1092 2010 547 260 238 2322 563 486 1021 2283 1817 136 1486 1437 134 977 1878 1148 2826 1501 854 900 623 1799 944 524 489 2538 2652 2133 1902 1752 1202 580 613 1636 518 155 925 2148
70 1125 1753 2777 2772 2077 2478 2510 2561 431 2161 1839 2818 2015 1252 1834 951 1759 315 2757 1165 2302 2622 1557 1390 191 1035 601 18 1842 2 2663 1989 2315 1320 2686 2242 1798 767 962 436 737 2504 1075 2759 1389 485 1207 1747 215 1683 502 2113 1213 1533 1257 1801 789 1106 277 1786 581 101 2066 1137 529 2546 2040 803 29 2009 1908 2644 1559 1230 240 1971 2323 1334 853 1951 1900 409 634 990 688 1357 364 304 967 2178 284 2542 426 67 2579 374 1115 251 1087
2648 795 2100 349 642 1571 577 846 2486 2213 969 600 2635 1615 2215 892 223 17 573 46 2709 2138 2158 2466 1101 1060 1540 1622 1618 2834 2473 961 2338 1698 511 2340 2481 665 1446 1294 1159 1270 317 1338 2255 1630 2372 1258 1994 403 1360 2223 1939 2614 1694 1862 1112 1815 2412 1349 1278 2063 1684 2253 203 2484 1520 2738 913 2811 1409 2399 1 2616 352 1572 307 1009 195 837 2710 234 1411 685 2595 2185 264 2727 2455 147 2246 2584 2298 414 127 2189 1095 537 2513 2339
1752 1146 2367 1407 2270 1624 987 2832 312 547 1386 2082 635 2300 556 1926 950 221 85 2790 1102 1405 2501 4 817 1799 943 1202 2069 59 613 1656 1545 626 188 1934 2044 1316 2411 1636 2817 2389 1737 1644 518 1965 1496 2528 2556 2272 2241 1319 266 2815 1840 826 1051 2628 259 1218 2836 611 1096 1796 1993 2477 563 550 1878 1948 1148 2515 1045 2545 1416 2840 1422 194 663 2352 1261 2826 2713 1123 1897 642 1700 1782 977 983 1484 499 2040 2638 2277 900 2424 155 2161 2650
2277 529 1801 1394 545 2323 2644 395 572 1213 2066 2579 962 1230 1798 2113 2178 304 1334 1683 789 1451 1353 1088 1361 1389 2546 483 1115 2759 1175 1951 240 2504 485 1306 658 727 589 1883 2540 1427 374 1559 2784 1106 1300 1044 1561 2787 646 2000 581 1898 803 1593 2054 251 2381 1093 101 1197 2114 1900 2040 2238 2242 364 737 215 853 341 293 2542 436 614 426 676 1597 540 634 1257 766 2072 1689 1087 1207 617 2430 1971 2024 989 407 465 1035 898 757 1137 328 1786
2763 519 1992 1007 773 2102 1385 1779 1894 1442 1511 1969 1871 2516 1526 406 2145 1707 742 186 1800 1138 1645 1731 2613 257 1527 288 709 1325 2609 2219 1670 937 535 416 1516 2377 821 2843 2341 1079 1455 811 1419 883 2095 253 410 1068 1718 336 2680 1466 365 338 248 730 1311 544 870 605 1783 434 1498 610 881 2549 1200 1040 1309 1131 2290 1020 678 1794 435 2299 1387 1424 648 1714 1479 465 1581 2331 2746 855 1968 112 2830 1110 1116 1850 301 1990 751 1984 538 2472
802 429 1492 142 2333 2078 1890 868 1256 554 1888 176 2029 2786 555 1699 1430 2227 2668 1562 1886 979 1686 878 432 289 886 1418 597 417 2743 1033 62 1553 2380 2108 2117 1393 1053 1236 2267 1431 743 36 681 340 2423 361 1398 1065 571 21 866 733 78 893 2451 332 302 199 292 680 1588 1132 1499 2384 1038 500 536 2217 901 427 2568 2415 1268 1793 121 2090 73 865 646 437 640 380 1561 193 1197 485 2054 29 1233 1272 988 2320 91 634 2421 676 1478 2074
2045 2023 1584 2755 747 258 770 1320 1319 611 2545 2034 1796 2496 1491 2757 2161 2622 519 1759 1844 2388 1872 1888 2763 1987 1557 502 996 2530 1390 773 315 240 1628 1443 990 506 454 1353 1512 889 848 463 1834 1616 2686 903 1047 522 816 1839 1980 981 597 2667 1466 1928 401 2302 1035 465 868 2786 941 2829 1800 1265 1286 1833 1976 2015 789 176 1087 2818 1455 2561 177 2295 1165 2510 1561 461 1558 1448 1023 1835 1728 1305 886 2115 2577 269 2661 172 2098 2074 1199 1144
1096 1416 1948 1362 1897 1586 497 2046 992 2272 1636 1316 2815 1496 1965 1860 1218 2556 2352 1051 1261 194 2721 64 2713 305 2628 715 48 1569 562 100 155 2650 1796 1993 712 1212 2034 1617 2135 445 1552 439 2241 2741 1045 51 1663 645 319 2545 2767 899 2319 2482 1782 1558 1381 137 2836 1757 563 947 1307 900 1541 204 260 1444 2150 259 1422 1067 1486 1640 1087 2433 1054 1328 1443 2755 1649 2707 116 547 442 2289 2553 556 1839 2292 2728 882 2840 559 372 231 2665 1298
1213 2066 1353 1394 545 2113 2178 304 483 1883 1389 1115 2546 240 1300 2784 789 2579 2277 529 1801 1593 2644 395 1361 1451 1230 727 658 589 2540 1175 1951 485 1306 572 1798 1559 1106 1334 1683 962 1427 2759 374 2787 2000 2323 646 2504 2054 803 581 2381 251 101 364 989 1900 215 540 436 1898 2040 341 737 2114 1257 766 2238 1971 1093 1044 465 2242 614 328 1786 1035 1137 1087 1561 2072 2235 407 1207 1804 1719 967 1558 739 751 898 792 293 2296 714 91 39 2281
243 1370 1554 813 1396 1105 355 2696 2257 1742 1673 1331 966 1614 1495 2458 2660 337 908 1384 1705 1681 942 487 2600 2085 2543 1002 660 2259 2782 360 984 710 542 1739 54 1567 1237 1978 1853 921 852 1718 1119 2664 1017 2392 2049 1621 1604 1301 530 1981 1000 1058 1893 446 451 2064 2140 1676 144 50 662 2452 320 2796 394 1808 2282 2274 1695 1968 2490 1879 975 2093 1613 1142 1200 1642 2369 1290 3 1455 2005 1946 301 2262 2405 2251 2679 2519 2843 460 1174 2394 1094 1479
757 1728 1231 754 1533 2021 2756 2320 2533 1149 29 2673 2172 286 293 739 2024 2430 24 2143 218 967 634 1719 426 1689 1597 2787 752 213 1804 853 91 2296 792 2638 2260 2235 2472 558 1265 1312 184 1478 1448 1984 2413 1296 2295 2615 135 2224 540 2408 119 707 646 2409 1383 1928 529 80 2277 1166 898 76 1801 1361 545 395 1394 1451 895 2644 1593 1559 93 1197 1106 2323 1353 1798 2054 1590 962 572 789 1230 1213 1427 1334 1683 2066 240 2579 251 2178 101 499 2354
2045 2023 1584 2755 747 258 770 1320 1319 611 2545 2034 1796 2757 1987 1759 1689 1557 2622 1390 1728 1616 2295 2161 1448 1844 1980 426 1928 2143 2496 519 315 24 1834 2024 454 2786 2115 1455 1561 941 1265 1165 1839 2162 2829 2667 338 465 213 506 990 2413 2323 479 730 2561 1604 1597 2302 2430 1719 853 1144 816 789 176 1466 240 1888 2577 184 2615 1800 2315 1835 967 1872 522 1035 2077 2763 2686 1353 1478 2015 1166 177 634 1075 2242 2772 2726 609 1558 1256 713 2503 983
730 338 1466 1243 1131 1794 568 2151 1379 336 1455 2746 1783 1498 253 410 937 1707 2341 2299 112 544 2290 811 2549 365 94 2788 434 2730 605 2364 1079 1670 1005 749 1110 2377 1068 535 1325 1424 1311 1040 593 2219 1516 610 435 673 1966 2095 248 1133 648 392 2843 821 538 1968 870 709 1527 1581 2830 1020 1309 1526 2560 1573 1634 2680 2145 678 406 257 1682 881 843 717 1779 1454 664 742 2251 2609 288 2516 1385 855 1894 1007 1946 1731 186 1546 2005 2417 1442 883
571 340 2668 2227 1562 1033 2743 979 1065 2786 2029 1890 555 1393 1686 554 868 2108 176 332 597 1418 886 417 1888 62 289 2333 429 802 681 1398 1492 432 142 361 878 2423 1256 21 2078 743 1053 893 78 302 292 2451 199 1430 1699 2384 1431 36 2380 1553 2117 1886 1236 680 1038 988 2217 2267 1268 427 536 901 2415 2568 1793 866 733 193 121 569 2090 1588 1132 1272 964 1952 2421 2602 2671 1499 13 2335 2038 358 1374 1399 2120 640 2829 1197 479 2808 2570 1070
1993 2767 712 1617 1422 2130 1045 2050 550 179 735 440 1782 2836 1663 1029 197 2837 947 169 2241 2631 1381 1658 51 1328 1444 2840 1649 2707 1054 463 2439 1544 1840 134 645 1679 1623 518 2375 445 2011 1261 2628 155 305 1640 1218 562 1051 2649 1369 439 480 433 2650 2454 194 2735 925 1796 26 900 1552 2352 319 348 1486 1710 2088 2721 2769 663 1948 64 2034 1897 1870 1437 1489 2133 2046 260 992 1416 2545 559 563 1096 2538 1788 1860 2419 2652 2714 259 1569 1417 2826
472 1803 1811 1509 1069 2758 1167 1341 1607 551 147 741 2595 1059 577 2444 1530 160 2094 1078 127 1807 1355 991 1295 2385 641 262 2771 1373 888 1242 2266 1421 203 1862 1278 273 2104 2524 342 154 1863 2013 1524 2738 1735 2740 1619 226 667 2749 2811 1925 687 879 1982 2403 2710 537 2776 2431 1060 385 428 2138 2460 1215 557 814 2189 1025 2371 867 166 2468 2412 2255 961 2576 2731 2139 299 2633 2513 1660 1629 2833 2607 2820 2844 600 405 1549 352 1366 2269 2548 1828 1816
430 1124 2236 2053 1037 1475 1293 1097 1967 1635 390 1822 1918 1143 1568 1715 159 363 1216 1140 484 1756 580 2429 1662 1050 936 1118 471 1317 391 2059 402 344 786 314 1438 331 326 2715 455 2407 1008 758 1648 2806 2301 295 389 2687 31 1262 467 1929 655 2465 2505 478 2634 1481 1022 1378 2406 840 1829 1730 1303 1275 1395 346 2611 464 806 2244 534 1024 721 2402 1647 418 1039 1706 780 52 89 999 2467 1789 108 2821 805 1187 2062 1921 452 1972 753 1018 1465 1011
2153 419 894 2554 96 1927 1632 106 189 2060 1032 481 1171 1286 1214 2751 22 2567 1661 941 2109 815 1987 2705 150 506 2831 454 924 2571 1802 396 1844 84 565 2627 744 959 171 2152 2502 1703 2401 2612 2216 1363 621 1139 1605 851 1880 2162 1199 183 2141 2726 1365 20 2079 167 1315 1364 2160 1336 400 1995 2263 2030 762 1288 1371 300 957 1013 2425 1251 785 2404 2841 40 1064 42 2688 2720 609 1889 2760 1953 1960 1726 592 2222 971 2197 752 2522 2678 953 1217 2056
70 1125 1753 2777 2772 2077 2478 2561 2510 431 2161 2818 2015 1252 1839 1834 951 601 1759 315 1165 2757 2302 18 2622 1842 1557 191 1390 2 2663 1035 1989 2315 2242 767 2686 737 1389 1798 2113 277 962 485 436 29 1533 2546 1951 1075 215 409 2323 1213 1683 688 135 1334 789 67 2504 2759 1230 1106 581 1801 2066 2178 1559 634 853 2644 558 1115 1747 1980 2172 1728 529 2430 1835 304 2214 2024 426 1808 1689 831 967 240 293 1957 272 1478 2122 2533 347 184 395 502
1334 2323 485 1175 1951 1306 727 589 658 2277 1394 545 1801 962 1361 1798 1213 2066 529 2178 2113 304 572 1230 2579 395 2644 1451 2546 1389 1115 646 789 853 1558 714 2540 1106 1353 1087 1683 898 2054 1559 2072 2759 1883 426 1207 1597 240 483 634 2787 1689 614 1427 374 2504 1137 1166 1928 1561 803 1300 2784 251 2430 2381 24 2024 2409 1197 2143 1257 895 93 1590 1088 2000 581 101 2040 540 1898 1900 364 1593 2114 2238 2224 341 1971 215 436 766 2242 1093 2324 737
2152 2502 1605 1139 2841 214 2567 1866 2751 2109 1371 1953 2348 1661 909 1171 84 22 1214 785 2263 2141 941 1602 621 1987 924 2677 183 171 2503 481 1802 420 1880 2768 1397 510 1738 148 594 1365 2048 2521 959 744 815 1288 1703 2216 106 454 1927 1960 1632 2623 1525 1280 189 150 419 851 96 1363 2554 2179 2060 1502 1084 1108 270 894 1283 2153 2203 752 1032 1199 2761 1488 45 2182 1286 2608 2056 1471 236 957 2760 506 1184 2115 1251 1768 953 609 2522 1766 2404 2678
2756 1728 2320 754 1231 2533 1149 2021 29 293 2673 286 2172 1533 757 739 2787 218 967 2260 2024 2430 1719 24 2143 1804 634 426 1597 1689 2472 91 1312 1984 213 2296 853 792 752 2235 646 2638 1296 2224 2408 76 80 558 707 2054 1478 2413 1448 540 2615 119 1265 2295 1361 1559 1106 1451 2000 184 2354 135 1593 529 989 1383 2277 1951 727 658 1175 589 1306 1849 485 2178 304 1798 395 2113 545 498 2644 1394 572 2366 251 1230 499 1213 962 2546 737 436 2066 2323
803 374 1900 2040 364 436 215 2381 251 101 989 737 1427 341 2759 2540 581 2504 2579 766 2114 1451 1559 1106 2238 1361 789 1230 1683 572 2644 395 1898 962 2546 1798 1389 1115 2000 328 1883 545 1971 1394 2787 1257 529 2242 2277 1786 2054 646 1357 1334 2066 1213 407 1801 1818 926 2288 39 564 2323 2281 304 2178 2113 483 1180 1093 2495 240 1300 2784 76 1353 1137 1951 485 1175 1306 727 658 589 230 1091 1996 777 614 2072 293 1087 1207 739 1593 751 1558 898 714
2363 143 1129 557 2460 1440 879 386 2298 273 2468 2529 718 1480 685 577 2104 1816 1366 2524 2710 2185 1660 1619 2607 697 147 1025 2517 2444 2271 2633 2431 2595 1445 385 814 226 867 795 1355 958 810 1167 2619 71 160 1803 1607 30 1514 127 1530 2094 1078 1341 741 1242 2758 1694 1069 1684 551 638 2403 1982 2738 1863 787 1925 1295 991 1421 2246 472 667 2801 1939 2783 1509 1807 2584 1539 267 1411 1215 1811 2175 687 2189 38 2266 2771 115 2576 299 1735 2833 2776 2139
431 2510 70 1753 1125 2777 2772 2478 2077 1839 2561 2161 2818 1035 2757 1759 315 1165 2015 2302 1252 2622 1557 1390 191 1834 951 18 1842 2663 601 2 2686 2315 1747 889 767 1320 1443 1980 2702 1938 277 269 2685 1989 502 2496 1833 2242 990 1075 1801 161 240 433 1593 2323 2504 258 1353 1087 789 1683 2759 1971 2532 1257 2784 1908 962 803 1561 211 1137 2388 1895 1389 597 1976 369 967 1207 1798 903 1235 1213 1197 2482 529 1106 1442 1511 1093 2277 2644 250 284 461 374
239 2091 2794 2164 1781 2232 2280 525 654 252 2173 1168 1299 49 822 2669 192 2311 2137 27 2396 408 1505 838 383 356 1506 296 1282 209 1127 1598 139 2025 1356 225 61 1435 1011 625 858 245 113 1829 1780 1248 679 2279 207 1472 1141 449 1018 2693 1924 1961 455 2470 782 2406 1787 1037 1262 1187 2070 618 216 2017 580 2715 805 721 1568 1303 1021 1648 1899 1317 31 1555 1612 1050 1972 200 2053 1297 367 1755 2402 1182 314 608 1746 274 653 1967 1921 671 2683 1395
1425 2152 1371 84 2502 2109 941 1605 621 909 1987 1661 2141 171 2263 785 2503 183 1866 2567 214 2751 1449 2677 1802 1880 1139 1214 481 22 1171 1960 815 1365 959 2048 924 946 2841 2216 1380 270 1057 1283 851 2761 2522 1703 45 1288 236 2623 2348 454 2197 1286 2608 1108 2056 1525 1953 1032 1363 2706 506 2182 1280 1768 350 1064 1602 2760 396 189 1927 2831 1251 1084 2720 1632 2060 2562 1006 1458 1844 2705 2167 2401 744 2425 2612 1199 229 565 459 1113 443 106 43 2572
1624 312 2832 987 2501 1146 635 1407 1405 1934 2411 2528 2044 1644 221 1752 2270 943 1102 2790 556 85 1386 1656 2082 2300 2817 817 547 188 2367 1926 4 626 59 611 1545 1319 2389 1202 1737 2069 613 950 1799 2574 977 1092 1422 2397 259 2652 2133 1552 2312 2088 2148 2424 826 2826 900 2419 563 266 559 260 978 1468 1437 1983 1190 1486 606 2515 463 2477 2084 2200 1172 1617 1835 1313 489 283 1151 445 2544 1208 1948 2564 712 2016 2661 983 2606 2007 1173 1688 659 1401
957 1515 5 509 2457 844 1889 1696 2404 2464 244 2725 609 1766 1616 2128 2115 2448 1426 592 1477 752 1602 466 744 2468 1556 498 388 1084 1061 2124 1326 473 375 425 2014 306 1637 163 2351 2508 2366 1401 214 1866 1953 2348 2661 827 2101 1199 2109 1960 2169 1080 40 23 1744 1591 2222 851 909 1596 2562 43 1945 150 232 520 2751 19 1904 2566 815 2141 941 1661 2720 80 2498 171 270 1280 1171 1880 84 1269 959 183 387 2354 1108 1032 400 1987 2726 106 22 2162
2716 1563 2552 28 505 523 238 2250 2365 2181 175 705 2689 2500 2479 2819 2534 849 81 313 2119 2370 2557 458 2283 152 1532 1827 2191 587 1741 972 2527 1708 120 354 92 847 1896 2674 1339 2099 2228 2742 734 2681 330 1704 671 696 1376 2193 1335 1111 1680 633 2592 2177 2052 1917 740 503 125 1912 602 1117 1332 788 2594 927 1789 726 2465 2505 1932 129 1281 2059 2634 1831 1706 786 1220 780 1923 329 2806 1037 1062 628 2062 501 2322 456 2244 464 2690 758 772 532
1310 1107 1512 65 1254 768 903 835 931 2388 1908 1114 284 702 1830 1821 1720 848 684 2601 990 502 1767 1608 250 2471 1975 1340 1845 2276 126 2624 578 1235 103 297 688 522 2314 1323 1413 1186 1391 2667 2550 1507 2579 2571 2831 1907 834 1277 2759 789 333 1315 2705 240 374 581 1449 1286 2414 1458 1300 483 2079 2661 2504 362 967 1217 309 1804 1801 856 1353 1144 2277 251 101 2754 2736 2381 2608 506 400 1427 1844 2160 803 436 827 2522 1082 1394 215 529 1308 328
418 1481 780 2244 1465 806 52 786 534 2059 2429 1662 53 346 2821 1438 484 2467 726 2690 471 363 999 1918 402 344 2407 936 478 290 1008 1220 2301 1475 2236 389 758 452 467 655 1378 2634 2465 2505 331 1024 89 2398 464 2470 2687 753 840 1275 1568 628 241 1503 1756 1216 1039 108 455 1022 1097 1706 1730 2285 314 2765 2142 225 1929 2715 2531 1140 1789 430 1262 391 1124 131 1787 1293 207 1612 268 61 1822 927 1647 1715 2611 326 1692 2806 1018 1831 580 2716
629 1113 1865 1477 1144 123 909 882 1487 2823 1183 2503 1371 2677 1723 1916 475 2810 2043 2346 2666 2171 2627 650 2816 281 1891 820 1153 750 1603 924 1987 1541 411 1471 953 941 396 986 1570 2150 1757 1188 481 1761 334 922 37 815 851 1084 546 582 2152 1641 2494 1284 327 84 1456 1763 1537 275 807 2571 1199 956 2572 117 1221 1082 1922 1882 122 1687 2623 2194 2620 2261 690 1458 1227 2115 1605 244 1560 1462 1659 285 1616 2313 73 1280 646 1697 2573 1263 398 229
2294 1055 1944 2728 2207 1056 725 2558 1825 165 2041 97 1463 1935 1134 246 204 2511 1547 1940 2842 1986 137 1212 899 1067 116 2135 2741 2068 1606 692 2292 722 2665 2736 1126 2305 1130 2719 2319 79 2825 442 2766 1962 447 2506 362 1841 790 2258 350 1088 686 1462 104 974 677 2248 2813 1076 1452 2291 2286 2382 1804 2580 967 1464 359 240 2024 1728 1223 483 491 1593 1771 627 67 91 2540 1719 293 792 1892 1743 574 2057 1874 29 1513 2438 2235 1426 1937 948 202 2214
2252 2328 2491 1179 1977 2682 1651 1583 1579 998 1063 2792 841 515 1791 1769 9 952 919 1531 1354 118 567 1851 1470 930 639 928 2729 2778 1657 748 2379 1920 2065 2097 114 1770 1578 2225 982 945 975 887 227 923 763 2647 819 916 2042 2304 517 1585 875 311 1667 382 1210 2559 2711 808 778 2310 1367 1368 2349 1211 1566 528 2793 2723 2618 1970 2416 1854 1239 2488 151 7 1271 25 2575 1154 760 174 1163 910 579 2474 98 816 2679 2775 479 738 1688 177 1415 2796
776 98 353 196 1643 1819 1864 2474 585 1625 2081 2462 2334 910 1042 1402 2067 2353 381 2103 809 701 781 1344 69 2361 2264 869 1963 2027 233 2101 1077 276 2256 871 1528 2152 481 941 1600 2457 1987 509 119 609 1515 84 815 244 2502 479 2541 985 506 1231 1661 844 1171 2829 347 867 1766 592 409 2162 1696 2115 923 713 177 1078 2001 160 436 621 1265 2561 1616 2251 2094 1296 762 1448 171 1383 1436 2109 1889 1214 2122 1144 22 816 1945 454 975 5 1744 1170
1475 1317 1756 1921 2236 2061 1395 721 2402 1647 1972 805 2053 1967 1635 1124 1303 430 390 1011 1187 314 1050 1918 561 1140 1037 1755 1715 1648 484 2406 1829 2279 471 2429 1008 412 1216 1568 363 2059 402 1438 1662 936 2407 2301 1024 999 391 1275 806 455 1929 1293 331 786 1097 467 1143 758 1378 1822 1018 2505 2465 27 534 389 1022 799 2687 1118 655 1789 452 2698 780 89 418 782 726 295 1039 159 1481 1262 478 2806 108 580 927 2244 2611 2715 1506 840 2693 2634
2285 290 2565 1843 131 495 1875 268 1503 1941 33 452 2531 241 653 1024 53 2142 2765 726 1274 1127 1500 799 418 1481 52 786 999 1662 2244 2429 1465 484 331 534 2693 346 806 455 780 1918 2059 363 1262 2137 1216 1612 1039 1780 344 2821 1438 1506 822 89 2470 471 840 1011 225 1568 207 430 2632 2634 389 1140 2164 643 113 2091 61 464 1829 758 1924 1124 2467 1781 402 1022 1692 1018 2715 2669 1378 2232 467 2794 1097 2690 391 1021 138 1475 2687 2025 314 1706
418 52 1481 780 786 2244 1465 806 534 2059 346 2821 2429 484 1662 1438 2467 2690 53 363 471 936 402 726 1918 999 478 344 467 2407 2505 2465 1220 108 1008 2398 753 1378 628 389 2687 758 2634 840 1022 2301 452 1475 1039 89 2611 2765 2236 464 1568 290 1048 1275 1692 1097 1730 1018 1062 2806 1026 1706 1929 1024 1293 1822 1831 241 655 2142 129 331 1789 1756 295 1655 1216 927 314 138 125 2285 643 391 501 1143 1932 2715 430 1503 2470 1124 159 2632 782 2062
1385 1007 1779 406 2145 1526 2516 186 1871 1894 519 1992 2763 1442 1511 1969 773 1707 2102 1527 1731 1138 742 257 1800 1325 1645 709 2613 288 937 1516 535 1670 2609 2377 1455 821 2219 2341 1079 811 2843 416 1419 1068 253 410 2095 336 883 1718 112 2331 2549 248 434 1379 605 1200 365 338 1466 1110 544 730 1783 1498 648 1794 749 1040 2290 538 1131 1133 2746 2364 610 1311 2730 435 2299 1424 2788 2680 1243 94 2830 392 1005 1966 1020 870 678 1309 2151 593 855 1968
2453 1036 1152 256 318 1170 630 2593 1595 632 2165 2147 2734 1077 1519 1762 1642 3 254 490 2490 1958 2405 2170 2132 874 2204 516 2718 1245 1347 1247 1128 2487 1528 549 58 2264 265 1973 212 1633 66 1600 1204 604 1751 929 2536 652 765 2391 14 282 1985 2582 779 1136 2336 2101 1997 862 2426 825 1574 871 2157 247 1745 873 2027 1246 276 1267 69 206 343 1403 809 781 2434 1402 2485 2443 1042 2081 910 2603 946 2334 1183 474 2012 2103 543 104 1641 1344 233 2256
1944 2294 1055 1056 2728 2207 725 2558 165 1825 899 137 2135 1212 204 1606 1986 1940 2741 116 2825 447 2736 1130 2842 1463 97 2766 692 2292 1935 2041 1134 2719 246 2319 2068 1126 1547 2511 79 1067 442 722 2665 2305 362 790 1841 686 1962 1076 2506 2580 2291 2057 2248 2286 1452 1223 677 1785 1874 2813 574 804 494 2258 948 1088 1228 1464 2382 1161 499 1847 1513 1795 359 627 1773 407 67 1937 1931 766 1590 347 1728 2435 540 1639 657 364 1716 1857 1810 2238 2598 278
1255 1757 2150 986 123 882 305 2721 562 155 48 64 1860 1541 372 715 51 1569 750 820 334 1096 1603 1416 2387 100 2650 439 1948 1761 1362 1897 1153 1640 2631 2046 956 992 1796 807 2815 1586 497 1636 1422 2272 829 1316 2713 1965 1496 1260 2034 2545 1993 1617 1261 2433 1045 2241 2836 1218 1051 440 2556 712 2767 2130 201 1782 2628 550 2352 1381 735 194 2050 1840 1865 2837 947 2043 1658 518 1453 231 2171 2289 174 645 1649 1227 1901 2439 895 1490 1236 2376 1415 93
465 1087 1593 614 1207 2072 1137 1558 483 240 898 1801 2784 1883 1353 1300 714 1257 540 2022 1971 751 789 2579 1197 1213 2066 1035 2235 1166 803 2242 1928 2113 499 1786 2178 304 676 2542 2277 1561 1394 1389 545 1115 2546 2000 1093 617 63 1019 1427 407 1631 1590 529 895 2504 2409 93 853 792 2540 2296 91 374 1333 341 1898 2110 291 2759 1804 2238 2260 1346 766 328 2644 1719 251 1683 395 967 2381 2324 101 2129 1996 1091 2224 2040 364 215 1357 777 832 989 1900
2011 645 2707 1679 1623 1444 1054 1328 947 1663 1649 445 169 2130 2837 735 440 1782 2836 1029 319 1045 2050 2767 1993 712 1617 2439 1544 1381 2241 1658 179 1253 1422 1840 2840 1552 51 550 2287 2628 1261 965 173 518 1218 769 1775 2735 463 2482 1640 305 161 194 1051 562 2650 2046 155 2352 2133 2088 992 900 2553 1307 1757 197 563 906 2631 1486 882 624 1897 134 2150 1860 123 1208 2076 259 439 1416 938 1586 1158 986 1123 433 1653 1322 84 2289 2713 489 2483 659
67 1012 249 627 2583 1810 2509 1001 2121 2350 1406 1075 202 1441 404 1594 1195 1869 378 1609 1944 1055 2294 2728 2207 165 725 1825 1212 899 1689 137 2430 1590 426 24 634 895 1728 2143 184 2558 91 1597 2320 338 93 2024 739 2673 1243 97 2224 2741 1557 2540 1478 1928 730 2533 1149 1448 2021 293 540 1325 1900 2295 2736 1379 853 135 1110 2172 2413 436 1805 2472 315 76 789 1759 1455 1197 1166 2315 2235 2135 112 286 1020 442 558 2409 2542 2242 29 269 1231 215
268 1503 2142 1781 2794 2164 2669 241 61 2025 207 131 2091 225 192 1787 1843 2285 495 452 1875 2137 49 239 2070 1127 822 2396 1024 2531 33 290 654 2280 408 1141 2565 1780 2173 525 139 1262 2765 838 209 1282 245 1037 2232 113 1506 356 1924 1941 2470 383 252 840 1612 455 1168 1299 1568 138 2634 1829 89 296 1216 2279 449 331 464 643 1356 726 1022 2632 1789 363 1018 2311 1039 1706 2715 758 1097 1303 2611 1048 1500 1378 484 1932 430 389 1293 1124 53 1475
150 894 419 2554 2153 2263 96 785 106 1632 1927 1525 1365 2678 1280 2141 2623 1371 1083 2386 2572 1013 1726 84 1960 2116 1084 762 1336 2401 2160 2152 189 43 2541 2079 861 2612 949 1004 171 2502 2060 2188 621 2720 2562 2737 620 941 2733 462 181 971 1596 2503 940 732 2498 1315 1343 45 333 2441 1797 2522 1661 2591 783 1458 2688 1702 644 1032 1251 300 309 2442 2056 1434 2112 198 387 1856 1987 1364 75 1318 2048 183 2751 924 1866 2374 1103 40 2827 481 335 2111
802 429 1492 142 2333 2078 1890 868 1256 554 1888 176 2029 2786 555 1699 1430 2227 2668 1562 1886 979 1686 878 432 289 886 1418 417 597 2743 1033 62 1553 2380 2108 2117 1393 1053 1236 2267 1431 743 36 681 340 2423 361 1398 1065 571 21 866 733 78 893 2451 302 332 199 292 680 1588 1132 1499 2384 1038 500 536 2217 901 427 2568 2415 1268 1793 121 2090 865 640 1272 646 73 1561 2421 1197 193 2016 2671 437 1478 634 676 1334 2224 1949 1928 1728 2656 2149
1606 899 204 2741 2135 1212 137 116 1944 1463 97 2294 1055 2842 1935 246 1134 2728 2207 725 2041 1547 165 1056 2511 2068 1825 2558 722 1067 2665 1986 2736 1940 692 2305 2319 1126 2292 79 2825 2766 2719 447 1130 442 2506 1962 1088 1841 686 790 677 2248 657 362 2580 494 2057 2813 2291 1892 1597 493 2435 1558 1857 305 1874 574 2121 1035 2809 627 634 2143 12 1298 1771 1452 24 249 1728 1724 1689 1590 1765 1804 1076 1265 426 2024 2409 184 1777 588 895 48 251 1490
2320 2756 2533 1149 1728 754 293 29 2673 286 2172 1231 2021 1533 757 739 2787 218 967 2024 2430 1719 24 2143 2260 1689 1597 1804 426 634 792 853 2296 91 2472 2235 1312 1984 213 2224 2638 752 76 646 558 1448 1265 1478 540 2413 2295 2408 2615 2054 1296 707 1361 1451 2323 119 1334 1559 184 1106 2409 1928 135 80 2000 1166 898 1593 2354 895 989 93 962 1590 1849 485 1197 2540 1798 1951 529 1306 1175 589 1383 727 1558 658 2277 1561 436 714 1801 2072 498 499
757 1728 1231 1533 754 2021 2756 2320 2533 1149 29 2172 2673 286 293 739 2024 2430 24 2143 634 426 218 1689 967 1597 1719 91 213 2296 792 853 752 1804 2787 2260 2638 2235 2472 558 1312 184 1984 2295 1478 2413 2408 1296 1448 135 1265 2615 707 119 2224 80 1383 540 646 2409 2354 76 1928 1166 1197 898 1849 895 529 2277 93 499 1593 2054 498 424 1590 2366 2124 1801 2014 1559 473 1426 1361 2508 1106 1326 375 388 1529 2178 2725 1766 1451 425 1061 163 304 1898
529 2277 1801 545 1394 2323 2644 395 572 1213 962 1230 1798 2066 2579 2113 2178 304 1334 1683 789 1451 1353 1361 1088 2546 1389 1115 483 1951 2759 2504 485 1175 1306 240 589 658 727 2540 1883 1427 374 1106 1559 2784 1300 1561 1044 2787 646 581 2000 1898 803 2381 251 2054 1593 101 1197 1093 2114 1900 2040 2238 2242 364 737 215 436 426 341 853 293 2542 614 1597 634 1257 766 1207 540 2072 1087 1971 676 1689 2430 328 407 617 1137 898 1035 989 2024 757 1786 465
2823 752 2740 1153 1217 807 1260 1044 333 300 1458 1907 309 2571 762 856 1761 2079 1315 2160 2612 2230 829 2197 2591 335 861 372 334 1013 750 2401 1336 2116 2387 1541 956 1059 398 1726 820 1603 342 2503 2749 924 2705 2678 154 2386 1365 1199 2761 1171 2751 2567 1214 551 22 1865 1364 1232 2313 1288 468 851 1703 1858 2677 2216 2627 396 1363 629 2831 2572 1560 229 2171 759 281 2109 1882 785 1425 2043 2141 1227 1661 650 2476 2194 744 411 1471 2666 2261 2810 2608 1487
503 772 711 633 2322 1680 2592 2193 1111 1332 2052 602 740 1746 2237 2250 587 1335 2119 238 81 972 2552 2681 2365 2764 1852 523 2557 2144 2594 28 505 2181 2527 1314 313 2283 120 152 705 2199 2228 1704 2773 1827 2534 261 1741 1003 2479 162 1182 2716 2500 968 1708 175 1774 671 1532 2819 2370 1117 458 1339 1563 68 849 553 2028 552 1164 2177 2597 2689 1109 1955 159 847 872 1376 2265 2105 1473 877 367 330 734 2099 1896 2812 2610 92 1010 2813 1099 532 1050 1650
2023 1584 2045 2755 747 258 770 1320 2545 2034 1796 1319 64 2496 2433 889 2713 611 1443 1833 715 439 2721 211 48 1938 100 2686 201 1855 1569 2134 1490 2532 1980 1416 1096 2373 1316 1460 2650 2129 161 2757 2376 1491 1759 1835 2309 269 2016 1557 2818 2663 155 1453 2315 1901 951 2302 433 1860 562 2622 2530 996 2289 2638 465 1390 1166 2409 2667 2 1989 1640 1767 1165 1928 2161 2085 1834 1747 315 2015 1346 18 1869 676 1342 111 1334 2561 1161 1412 1897 2350 1265 1478 895
1652 41 912 1264 2231 2208 2524 2104 273 1242 1215 716 2205 2692 345 2530 996 1491 1355 651 147 1988 2675 237 1587 918 2517 2619 700 527 708 124 1167 697 1837 30 1514 591 616 1564 1181 71 1803 1812 810 718 1445 2131 2444 2271 143 1811 2529 2298 2246 386 2595 1440 638 787 1129 958 2801 577 741 1939 127 414 1509 2781 1684 2185 1349 1360 991 2758 160 1069 1807 1530 2460 1078 1341 2189 1607 1295 1630 2094 1862 1421 1081 472 1267 557 1294 1497 2013 1366 2607 2363
222 2218 1436 1504 2512 1052 1305 2071 1638 2342 755 1736 1806 2450 1933 1790 850 2362 1098 1321 2645 2750 836 2355 2096 2156 935 2432 2691 2201 1709 897 1911 2420 2642 2318 2446 599 2537 2452 1621 666 796 586 144 1090 1006 8 443 2449 1763 1387 1910 1671 1927 1032 481 84 1183 2083 1865 1082 1632 1308 941 96 2060 894 419 2094 189 16 506 44 1200 2437 1634 166 459 1474 476 1661 957 2153 1363 1836 1483 2688 867 661 2655 621 2554 1949 1672 1573 845 537 477 717
715 2721 1569 100 48 64 305 1640 562 439 155 1796 51 2034 2545 2650 2433 1453 2631 2309 1490 1901 1860 2376 201 2713 1422 2815 1617 712 2289 1316 1993 1096 1948 231 1416 1045 260 1782 2836 1584 2826 2272 1496 550 563 2088 2513 1051 2023 559 26 2007 2652 348 463 747 1535 259 184 832 925 2454 1478 1849 1381 2050 440 1867 1878 784 2358 1046 2755 44 2045 1369 1307 1999 2413 1035 659 179 2295 366 1265 2130 1765 1986 983 1343 1593 1004 135 486 1636 291 940 168
582 546 1702 1221 6 1083 2643 759 285 1260 620 732 181 1891 1570 807 1797 1697 468 2816 1858 2043 2666 650 2476 1723 2171 2810 475 1916 2346 1153 922 636 2807 1603 820 1882 1541 1318 750 411 973 2167 2278 2268 1536 334 1456 37 372 1763 1188 42 2425 1761 1865 2313 956 1284 298 122 1537 829 690 2387 980 1285 2118 2194 1884 1768 1610 1082 1015 2261 1605 661 1227 1199 1139 2152 669 459 229 1090 2502 586 448 594 476 1560 2841 2677 2688 644 2706 1308 629 2168
52 418 1481 346 2821 786 780 2244 1465 806 2467 2690 534 2059 1438 1662 2429 484 471 363 402 936 478 1918 2407 53 1220 1008 2465 2505 999 726 467 344 108 2398 753 628 2301 1378 389 758 2687 1022 2634 840 89 2765 452 1048 1039 290 2611 1475 655 1275 1018 2236 1756 1568 1730 464 1929 1692 331 1097 241 1026 1024 2142 1293 1706 1216 138 2806 1822 1789 1062 391 1140 1831 927 643 2715 2632 1612 1124 1143 2470 1503 430 225 2285 1655 580 295 129 1787 1303 782
2153 894 419 2554 96 1927 1632 106 189 2060 1032 1171 1214 22 2567 1661 2751 2109 150 744 924 481 1286 454 1995 2502 1139 2152 2726 2162 2222 2404 1605 2401 1365 941 20 1889 167 609 957 2612 752 1363 815 1744 2841 2141 1336 2079 1703 1199 2160 1556 1288 1013 2705 1987 2216 2571 592 1766 171 1315 506 621 2831 40 84 785 762 1364 2464 971 333 1251 959 1283 861 1083 851 565 1217 300 38 1108 1802 2720 183 620 2048 1844 2197 2562 2688 2263 1953 1907 1797 2313
1371 2152 84 2263 2502 1605 941 1987 621 2141 183 1525 1280 2503 2623 171 1139 1880 2109 1084 2751 2567 1866 785 214 909 481 2677 815 1802 1661 959 2572 1171 22 1214 2841 2048 851 1960 2678 2348 1953 150 1113 506 2522 2056 2182 45 2608 236 2760 270 1251 1365 2386 1283 2761 1064 1199 1602 1032 454 275 1768 1286 2705 1659 1108 1726 117 565 1458 1364 2831 1844 2197 1144 189 2060 2401 327 398 924 106 1198 1927 1632 396 2494 2612 1288 2303 2425 1560 2562 1703 1363 2216
640 1754 2210 2520 1272 2421 1949 13 2671 1038 1041 2083 1910 323 1337 2032 2047 56 377 1189 828 2578 370 865 2602 1668 672 1374 2828 933 1049 698 2539 1429 2629 932 729 1764 2335 2795 2428 1249 955 2570 1521 1329 839 2839 2798 2221 964 2038 1399 1236 1952 2380 2267 1256 358 1553 2217 901 2117 1886 2120 1070 1430 1492 1699 2031 142 802 2078 1266 743 2568 2423 2808 2333 2415 427 536 1793 2640 432 979 2384 289 2668 340 121 1890 2029 878 176 2108 882 2451 2227 868
848 1830 702 931 1114 1767 1845 768 2624 903 126 1908 1107 2471 1235 65 1340 688 103 2601 990 284 297 2388 2276 502 578 1608 522 1323 1254 835 1821 1413 1720 1186 684 1512 2667 2314 1391 1310 250 1975 1839 962 1798 803 431 2759 374 215 1759 2040 315 2323 737 436 1207 251 1900 364 2242 2772 1125 581 1137 844 1427 2644 1801 2561 2757 1753 70 2777 2077 1035 529 101 2302 2478 2787 1257 395 1230 2457 2161 2056 1558 1426 2608 1165 2504 1786 767 2381 2510 18 614
803 374 1900 2040 364 436 215 2381 251 101 989 737 1427 341 2759 2540 581 2504 2579 766 2114 1451 1559 1106 2238 1361 789 1230 1683 572 2644 395 1898 962 2546 1798 1389 2000 1115 328 1883 545 1394 1971 2787 529 1257 2242 2277 1786 2054 646 1357 2066 407 1334 1213 1801 1818 2288 926 39 564 2281 2323 304 2178 2113 483 1093 1180 2495 240 1300 2784 76 1353 1137 1951 1175 727 485 1306 658 589 230 1091 1996 777 614 1087 1593 293 2072 1207 739 751 1558 898 714
629 1113 1144 1477 1487 909 123 882 1865 1183 2823 2503 1371 2677 924 953 1471 2150 2627 281 986 1757 1987 941 1687 1922 2620 481 815 851 2494 84 2573 1084 1199 2572 1400 1525 1641 327 398 1280 1458 396 2115 117 1616 244 275 2571 2623 1255 1723 1880 1659 104 1696 2688 1916 959 907 40 475 957 594 2348 1766 1979 592 474 2116 1602 2152 2263 420 1960 1397 1558 853 1596 466 2761 609 783 2448 1502 1866 1559 2346 2216 1462 1257 454 1106 1197 1232 76 2841 1786 1080
1697 2268 2167 922 411 1188 1456 1284 122 1763 37 285 6 1221 1570 546 582 1865 1702 759 459 1082 2643 468 1090 1260 586 1858 1308 443 1006 807 1891 732 973 620 1083 181 448 2313 298 1153 2043 2194 1227 980 2261 669 1723 2816 1610 2171 476 2666 650 820 2810 1603 1884 661 1285 2118 1797 1882 1541 475 2476 1916 690 829 1537 1015 750 636 2168 2346 2807 229 1560 1318 334 167 629 2425 1761 20 956 275 1502 454 594 2706 1744 2677 2179 2791 2726 1605 372 1084
969 352 2727 685 307 2226 1520 1349 1 687 2399 795 203 2213 2215 1539 1629 2844 1618 349 1622 1572 837 913 2484 642 2797 2138 1025 1009 234 403 1101 264 846 1571 17 2063 2635 2473 2175 2158 2455 2403 2189 2092 1815 2486 2100 1615 2269 961 892 2139 1159 741 879 2833 90 2576 573 1060 2371 1540 511 2338 1982 1925 46 223 299 600 551 2834 891 2776 557 2340 2460 1619 2710 2709 667 1549 428 317 2738 1735 2412 1524 2363 1589 1814 2339 2255 2541 1338 127 2783 1862
967 558 1804 2295 2413 213 135 184 1265 2615 1448 1478 2638 1719 707 119 2408 1383 540 1296 91 792 2296 2354 2235 80 2472 1849 424 1984 1312 218 1722 2566 19 2260 1529 2390 1533 1269 1945 520 1867 232 2744 1689 1733 1597 739 24 634 2143 2024 426 2430 2110 2021 1593 1035 754 1231 1728 2756 499 1093 291 2533 1149 783 853 1561 1535 2673 1346 29 2172 2129 286 2320 832 293 617 1996 777 2242 1091 757 230 2542 1197 407 465 240 483 2784 1353 949 789 76 1883
28 238 1563 2250 505 2716 2552 523 2181 2500 2479 2365 705 849 2819 1532 175 2689 313 458 2557 2534 152 81 2119 2191 2283 354 1741 2370 1827 330 2228 2742 2099 2527 1896 92 120 972 671 2681 587 633 2674 1339 2193 1704 2052 1111 1680 1376 696 847 2592 602 734 1335 1708 1332 740 503 2177 532 2322 1917 711 772 2062 1912 726 927 1789 1831 788 1706 1281 1655 464 686 53 1663 1117 2594 2028 125 2715 2580 1923 817 1813 2237 329 1262 447 657 1948 547 2766 2407
767 1443 1938 1833 889 2686 1747 277 770 2496 1980 2702 369 2315 211 2532 1460 2685 1989 1557 2622 1390 2510 431 2757 1834 951 2818 70 1759 2015 2478 1753 1125 2077 1165 2777 2302 2561 18 315 1252 2663 2 2772 1842 1320 258 601 1839 2323 1035 191 269 898 1845 2128 1616 990 1334 2755 1087 1558 1080 2242 1166 1908 522 1207 1137 1602 2245 2620 1561 2072 1928 1413 853 1608 2161 23 1511 676 375 2572 1401 714 502 1767 2644 250 1969 398 1798 240 2409 433 1801 1971 509
2374 133 2174 493 1234 2418 2327 57 1575 1034 1375 1724 1392 1792 2004 210 1861 280 1580 746 548 2461 793 1758 976 570 1859 294 1947 1276 2125 366 1358 1765 1930 2456 1196 2330 756 689 1664 422 2184 859 1665 2672 588 583 2229 1081 1497 2186 1072 2694 1030 2838 1279 704 797 421 2541 2548 2662 228 1457 2332 2581 656 2590 1193 242 880 2206 1086 158 438 2703 2356 1877 1377 2493 798 706 77 2739 2198 1887 2127 263 885 857 801 1345 1229 470 287 1542 2039 1776 1551
1113 629 1144 1371 2503 882 1477 909 123 1865 1183 1487 2572 2823 327 1084 117 1659 2623 2494 2263 1687 1922 2677 2620 275 1525 1987 1280 84 2678 1199 941 1400 851 1458 1641 1979 398 815 2571 481 2573 2303 281 1960 2152 2627 986 924 1757 1198 2386 2150 2116 1205 959 474 183 1726 762 396 300 1880 2197 592 506 2030 907 621 1315 40 23 565 2141 2791 1661 171 1605 2245 1471 953 2502 1286 1844 1184 229 1365 785 1080 796 1032 1616 1423 594 2705 2079 2160 2115 509
1506 1141 1924 383 1168 1299 252 2070 1216 654 391 2669 525 2470 858 1140 2232 49 455 1356 1262 192 61 2311 1505 625 2025 679 1598 1780 207 2279 1435 1248 216 225 2396 1787 1124 1829 408 245 2164 1781 2794 113 139 1037 1282 2137 2280 27 838 209 239 1918 356 2091 1303 344 822 1127 2173 296 1568 2531 2053 2698 1612 471 1024 574 412 1843 402 430 2291 1555 1438 495 449 331 1018 1503 1273 2142 1097 2683 2690 1293 1692 2057 1187 1647 1961 721 2639 1921 1967 494
751 1672 1836 2437 1914 2785 2249 1990 2700 44 2317 1044 1749 1449 1057 269 1535 291 1224 1713 1116 1714 47 676 34 2523 683 2422 2180 761 1838 1483 1447 1178 1469 16 376 1073 832 2016 1476 1732 2518 465 2275 1678 777 88 1450 2745 830 1856 1996 863 2202 1091 2129 339 1147 2111 230 1620 603 1346 2190 1120 1646 2547 1036 132 824 596 393 2239 576 95 1152 318 2441 1176 2054 2147 1523 441 2695 983 834 1601 2827 1727 2734 2000 845 695 1561 1743 2136 617 2036 2542
2749 154 342 2740 1059 1030 2198 1348 884 551 2588 1292 242 1522 158 2127 934 1377 2548 2155 438 880 2703 1086 470 82 2206 2581 130 2694 185 1716 1432 1193 287 170 1576 798 514 1345 1857 2187 1675 1072 842 1494 2002 1653 2662 77 1524 203 2327 687 1276 1375 1629 2823 1201 1824 1826 2273 472 1071 180 160 956 2654 795 2229 2717 741 307 57 1078 704 1882 1619 1392 1861 280 1811 1530 2727 1580 2468 1863 421 2444 2461 2460 1034 2431 582 1234 133 2174 1083 1792 1807
1911 2362 2512 2691 222 1504 1436 1305 850 2218 2355 1052 2071 1098 1638 755 2645 2342 2750 1736 1806 2450 1790 2156 2432 2420 1933 2318 2096 836 1321 935 2201 796 1709 897 1387 144 1200 1479 99 2452 320 595 477 1682 1676 1085 816 2122 1145 1903 2679 177 1163 2829 2642 453 2163 1628 401 72 399 1976 437 73 1599 760 2074 2055 460 981 380 1872 141 461 1233 2009 823 1510 2636 2274 2775 1267 1808 2722 2262 1155 1404 1100 599 172 2446 1688 1784 2537 1906 2577 1089 1718
730 338 1466 1243 1131 1455 336 253 1707 937 2341 1794 1379 568 410 2151 1498 811 1516 2746 1079 1783 2377 535 2843 112 2299 544 2549 1670 365 248 94 2290 434 1068 1526 1325 1527 605 1110 2788 257 749 821 2364 1005 1424 2730 2219 648 2145 406 709 2095 1133 1040 610 538 1779 435 1731 2516 1311 1894 1385 593 742 1007 2830 186 392 1581 1871 1966 1138 1020 1309 1419 2560 673 1968 2331 870 1634 843 1573 2609 1454 1442 1969 1511 1645 2680 664 288 678 1800 881 717
431 2510 1839 70 1753 1125 2777 2772 2077 2478 2561 2161 1035 2818 2757 1759 315 1165 2302 1557 2622 1390 1834 951 191 2015 1252 18 1842 2663 601 2 2686 1747 2315 1989 889 767 1938 277 1443 1980 2496 269 2702 433 1833 1801 2685 502 1320 1137 2277 1213 1353 240 211 2532 1971 1683 990 2644 395 1257 2242 2504 2579 529 789 1075 1106 2323 161 1460 2546 369 1389 2482 2759 2066 1786 2113 1798 1908 1087 581 374 250 1559 101 737 1207 483 1533 962 1093 688 646 989 1197
85 1656 2044 1102 2790 943 2817 1644 1934 2528 2411 221 2501 312 2832 2300 1624 1926 1405 635 987 817 188 1319 611 1407 556 1386 547 2545 2034 2082 2270 1796 64 1569 48 100 439 259 201 715 2650 1640 463 2088 1422 562 977 1901 550 563 1617 2721 2133 712 606 2433 111 2713 1552 305 2419 2309 2826 2515 1029 1190 1860 2397 1173 1897 260 1203 2544 219 1484 2084 2574 1352 1993 178 900 2626 51 911 1412 703 1208 1158 1414 1045 2652 1782 1162 488 1428 2003 2424 2287
982 1583 1791 998 2065 2792 118 2328 567 2252 1851 1179 2491 2682 763 919 2379 2778 930 1977 1063 1354 1769 2225 1651 952 1579 975 928 1470 1531 923 1657 808 515 2729 114 841 311 2559 7 1210 2304 2711 748 2793 887 875 528 517 1854 9 1271 382 151 1367 819 2618 1667 778 25 2349 227 639 1770 1239 1368 1585 579 1970 2416 513 2488 1920 2042 1578 2310 945 1209 916 2097 492 1211 2723 2575 1154 2459 2647 1566 566 2658 512 2026 1119 1002 741 537 1604 2738 2515
2185 2584 143 1129 1411 2298 1440 386 1684 2529 718 1694 1445 795 2271 2517 958 697 2363 638 787 2619 30 2801 810 1514 71 2616 2246 1360 1630 1939 1294 665 1258 1446 1112 2481 557 1215 2460 273 1270 879 1267 414 1324 1366 2524 2104 1480 1619 1816 2444 2607 1925 1660 1982 1242 2633 685 2189 1735 867 1814 2833 299 2139 1589 2662 687 2468 1295 2771 2776 1863 1629 428 741 641 2431 2403 551 2710 1025 1807 991 1373 1549 1494 1653 1059 342 1744 667 814 888 262 2731 842
99 1145 72 2636 2009 172 2722 816 2775 2577 156 460 1085 1688 2274 1089 1808 1241 1404 1155 694 164 177 1163 2829 1100 1784 2679 1903 174 2122 1415 477 2163 401 453 1872 2055 760 1628 981 1233 595 1976 437 1682 141 461 1023 1047 399 380 1510 823 2747 2098 1599 2074 612 73 731 2469 2452 1906 144 208 2587 1268 2655 1717 2362 1160 2126 1479 1387 2161 320 1491 1835 1448 479 2242 996 755 2530 2457 2413 558 2827 184 135 2295 2784 2016 1689 1265 2320 983 345 2615
1882 956 1697 1221 582 922 546 2167 285 6 1570 1456 37 468 2268 1702 620 411 2643 732 1188 759 1260 1083 1763 1865 2476 2749 181 1797 2740 2468 1284 342 1891 1858 1059 122 973 459 636 154 551 448 1318 2807 690 2823 1082 807 1153 669 1537 2816 2168 650 2313 644 1560 2425 820 42 661 1541 1880 1536 1227 629 2194 1723 1995 1090 1006 1199 2666 1308 1638 1629 387 1387 298 20 38 2706 2261 1476 829 2118 1884 2688 750 400 2216 476 1524 2197 879 1180 1353 2278
150 2263 1525 1280 2623 1371 1084 785 2678 2572 2141 84 2152 1365 2502 1726 941 2386 2503 1987 909 621 1866 1960 1802 171 2677 1605 275 1880 183 214 43 1198 1596 2188 481 2562 2109 2303 1205 971 2498 1108 1661 2688 2791 419 1199 2751 2720 2554 762 2761 2541 270 1979 1139 1659 1458 894 2048 300 106 1283 2153 815 387 2442 644 1927 851 117 1632 959 2567 2348 1171 96 2425 2760 2030 2608 398 45 2182 1251 327 2522 2494 1768 2056 236 1953 2197 1113 1032 1184 2612 1922
751 1073 2518 1678 1732 2275 830 1450 1147 1044 863 1620 603 1120 339 1646 393 1914 1672 1836 2437 2785 2136 1244 676 2249 845 2239 269 44 1523 441 2695 1057 1535 777 1601 2523 291 373 1116 1224 1996 34 2383 1713 1714 1091 2036 47 2317 683 2422 1346 230 2129 1990 1449 2395 1838 2700 832 2180 2542 187 2073 1016 2080 1178 1483 920 16 617 1447 1197 376 1561 2054 1469 761 32 2000 1459 1971 379 1786 1748 465 1749 2281 2745 2495 540 564 1180 88 1593 2202 1257 2114
783 949 617 1434 1343 1004 940 2737 2112 1298 198 75 1999 1103 2497 1346 2542 1304 60 1631 1712 2129 182 1760 1561 149 1093 540 1535 954 832 1161 1019 63 1847 291 1773 1513 1795 2242 1685 1785 2022 1228 1333 1197 2441 2827 499 310 407 1856 2656 676 2111 1693 465 967 2202 766 1804 2745 558 983 2238 135 2413 341 1914 328 2295 2190 95 2785 462 1683 2149 1996 1719 1898 1476 184 1176 1091 88 777 1749 2615 2504 1727 132 695 1448 1087 213 576 2114 2437 2116 1672
515 2792 2328 1531 1470 1791 1063 1579 2491 1179 748 1977 118 567 2682 1583 1769 9 998 1354 952 919 841 887 1851 2778 2065 930 2252 1651 975 1585 928 819 2379 2729 923 1657 1770 114 1667 639 2304 2225 808 945 1920 1578 2793 311 875 2647 2097 1210 763 982 2575 7 2559 2711 2723 1154 227 1854 492 2416 151 1271 517 2618 528 2349 2459 382 778 916 25 566 2042 513 2488 2658 579 512 1367 2026 1209 2310 1970 1368 2074 1239 73 1599 437 399 823 1211 353 427
2328 2491 1179 1977 2792 1579 2252 2682 1063 515 1583 1791 1651 841 998 1769 118 567 9 1531 952 1354 919 1470 1851 2778 930 748 2729 928 2065 639 2379 1920 1770 1657 945 114 1578 975 887 923 2647 819 2225 1585 2097 808 227 2304 1667 982 763 311 2793 875 2723 916 517 1210 2042 778 2575 2711 382 7 2559 1854 2459 2349 528 492 2488 1154 1368 2416 1367 579 1970 2310 1271 1239 2618 151 512 25 816 2026 1688 1211 98 2334 566 353 72 776 1510 2312 2415 2462
783 949 617 1298 1434 1343 940 2737 1004 2112 198 75 1999 2497 1103 2542 1346 1631 1712 182 1760 1304 2129 60 149 954 1561 1019 63 1685 832 2022 1333 1535 540 291 1161 1513 1773 1847 1197 1795 1785 1228 2656 499 310 1093 1693 2242 2441 2827 2149 1856 2016 2111 465 983 676 2202 2190 2745 95 1176 695 1743 596 132 1476 88 2785 1914 576 2260 407 824 2700 1749 2547 2413 558 2295 135 1804 967 1593 184 1590 341 93 1836 766 895 1166 2235 1334 2409 2238 2116 1683
13 1272 2210 2520 640 2671 1754 2421 1949 1038 1041 323 2083 1910 2047 370 1189 2032 56 1337 2578 828 377 865 2828 2602 569 672 1668 933 193 988 1374 121 2090 2415 2217 2568 729 1793 427 901 332 571 2629 2539 743 340 2798 536 1429 2570 1764 1065 955 2335 2795 964 1521 698 2640 2038 1399 2428 1049 2839 932 1952 1249 1329 2380 1070 2221 1256 2267 839 2120 1553 1266 2031 358 2808 1236 1430 2423 1699 73 1888 176 417 554 2074 597 461 555 289 823 868 21 845
2767 1993 1617 712 1422 1045 2050 2130 179 550 735 134 1663 1782 440 2836 1029 2631 2840 947 2837 1381 1328 1658 463 2241 2707 51 169 1444 197 645 1261 445 1054 1218 900 1649 1679 2439 1486 1623 1552 1544 2011 1437 1840 1208 2133 305 259 155 433 2088 1640 2652 559 2419 480 1307 1051 563 2544 562 260 2375 2628 2034 1878 906 1369 2826 319 1948 1796 1416 674 1253 2515 1123 1148 2735 2076 977 2454 2714 2649 1096 1710 2352 194 978 925 2721 219 2769 2046 2545 965 1983
437 823 399 1233 2074 1599 380 73 760 981 1872 2163 1628 453 401 461 1976 477 1510 2055 595 141 99 1085 816 208 2587 2122 2829 177 2679 1163 1903 1023 1047 1145 2655 1717 2469 731 2126 1160 2098 2747 612 2362 72 1906 2577 2452 164 172 2722 156 2009 2636 460 1241 1682 2775 1784 694 174 2274 1688 1808 1415 1404 1100 1155 1089 850 1098 222 2645 1479 2691 427 1321 2355 2064 315 1197 629 2746 1798 2161 1911 935 1436 1305 144 1207 1390 901 2072 2568 1106 1256 868
2043 2810 650 2666 2171 2816 1891 1916 475 2346 1723 807 1153 820 582 1603 1541 750 1260 6 1702 759 2643 546 1221 285 620 732 1697 181 411 1083 468 1882 1570 1858 1797 1761 334 922 1865 2476 2167 956 372 2268 829 2387 1188 636 1456 2807 1318 973 1763 37 2425 1284 1537 2313 298 661 122 2261 1227 2194 690 1524 669 2278 2841 2168 1768 1139 629 1536 1605 459 42 476 980 1610 229 1515 1082 2152 2688 2502 2677 1059 644 971 1257 5 1884 1971 1015 1900 2706 1145
44 2317 1483 1447 1469 16 376 2249 1057 1672 1836 2437 2785 761 1914 291 2700 1535 1990 1749 1449 47 1224 1178 832 2180 1713 1838 1714 1116 2523 683 2422 34 834 269 2202 2745 1856 2111 1476 2190 465 95 88 2129 596 576 2016 2441 1176 132 1743 983 676 824 2827 695 1044 1727 2555 2547 1346 2058 1277 60 1304 1631 230 2258 1103 1073 1795 1996 1773 1999 2695 1693 1513 198 1523 2275 777 441 845 1732 603 1161 310 1620 2737 1593 1678 1183 946 2518 1867 1847 104 905
197 2840 2767 463 1993 2375 1029 433 1489 1710 1417 1701 1422 712 860 134 445 1617 550 179 2130 2050 1045 1788 1663 2836 1782 2735 2631 1552 440 735 2289 900 1437 645 2837 2649 2011 1486 1369 1328 1208 947 1381 2482 1307 51 659 1658 2650 2241 169 2707 559 2652 2419 2084 925 2454 489 2515 906 1253 259 2088 2439 1895 2826 480 2133 674 1444 1544 1261 977 305 1840 26 1218 769 1983 563 319 2076 2544 348 1640 1092 260 562 1870 2424 518 1796 173 1148 2714 1051 2628
611 1319 85 2045 188 1656 2790 1102 943 2023 2755 1584 2817 1926 221 2300 817 747 1644 2528 1405 556 258 2044 1386 2411 1624 312 1934 547 2832 635 1407 987 2082 2270 2501 770 1320 1796 2545 2034 463 1422 259 4 659 2544 1491 1146 1835 977 1092 2622 2515 1390 1617 712 1557 2397 269 111 1353 2757 1552 2358 996 2530 454 240 1759 315 1313 2574 2323 2344 1361 2200 2307 1980 1087 2721 2040 713 2626 1701 433 1342 305 1334 251 651 2277 715 606 1203 1683 479 178 989
2844 2092 2833 2139 299 2797 1814 2269 2371 2576 2776 428 1549 1122 1589 352 1539 264 837 1982 741 2455 2063 1009 2403 1735 2484 2731 1925 1159 403 667 1629 1815 90 1622 2189 879 1619 969 226 17 2175 1025 891 2771 1863 2473 2486 1295 557 203 991 641 2811 687 262 1373 2460 2385 888 846 573 2226 795 127 1807 1349 2138 2468 1571 2338 317 685 1509 642 2633 1660 472 1101 1242 1338 1480 1366 2607 867 2100 1816 2431 2412 2363 814 267 600 385 1238 2255 234 1278 1215
1583 998 1657 2729 928 930 1851 2778 919 952 1354 2379 1063 1769 1791 2682 2252 2065 982 2328 2225 1651 2491 1179 763 2792 1970 1977 1579 118 1531 515 1470 923 567 748 114 778 382 2711 841 975 517 9 1854 528 227 808 2559 1770 2304 887 311 2793 2097 151 1210 875 639 7 2361 2042 819 1920 1271 2618 916 1585 2018 276 1211 2551 2284 25 2310 871 1578 2146 2647 1367 2550 1667 2723 1507 1368 1566 2349 2488 579 2416 1239 2414 107 719 1078 1785 1879 160 2094 1228
1721 2809 12 1473 1876 1868 140 1452 2580 657 1055 2294 598 2728 2051 2183 1944 1439 165 2207 2558 2719 1163 1557 1390 725 1931 2315 692 161 2622 173 401 531 433 2445 1035 2055 2148 1839 2736 2499 790 447 2068 2561 1125 1753 2084 1088 1825 854 2057 177 1771 2292 2708 2478 1320 2163 2825 2291 1725 1056 1130 436 1895 722 996 2829 2530 315 1491 2089 2704 918 1677 453 431 2122 2482 2665 2077 2777 1759 1902 627 677 1900 2772 2679 1879 2319 364 2040 1728 898 2134 1555 204
2467 2690 346 2821 478 936 402 52 1220 2407 471 1438 2465 2505 1008 363 753 2398 628 108 418 1918 1481 1048 786 2301 1022 2611 1378 2244 1662 780 1465 655 484 2059 1692 138 2687 467 758 2429 2765 389 806 840 534 2634 1018 1730 1756 1275 1097 331 1143 1929 1822 89 430 1293 504 643 2806 2632 1039 1026 1612 452 241 1647 344 412 2142 1140 782 295 159 1024 726 1303 1216 999 53 326 580 2061 1568 1921 1395 1118 290 1124 464 2062 561 1789 1262 391 721 455
67 627 249 1012 2583 1810 2509 1001 2121 2350 1406 1075 202 1441 1869 404 1195 1594 1055 378 1609 2294 1944 2728 2207 725 165 1243 1825 1212 1379 338 2172 1689 315 29 1149 286 2533 2673 730 2320 91 1557 293 1110 191 112 1478 2430 1325 2746 2302 97 137 2315 1131 1728 1759 1455 184 899 634 2540 1805 1590 713 426 269 739 1165 1466 2558 1442 2251 601 436 2235 2472 1020 895 1533 2701 2 365 2830 2143 24 2024 738 811 2663 855 1222 1448 2161 2290 2319 442 2788
1721 2809 12 1876 1473 2183 2051 140 1439 1868 1452 2657 657 255 1931 637 2435 2057 677 394 2089 682 1879 1558 598 2704 2708 2438 2291 2526 2216 1564 1433 2055 482 2084 2445 2308 1906 1390 2098 2561 627 898 1839 1330 494 1047 2482 251 1592 1916 2829 177 1491 545 574 401 1892 1556 2580 173 491 608 2779 2178 1163 1035 2427 2122 1976 2043 2220 1557 2569 2762 939 2810 444 1394 1928 304 1703 345 475 1627 1903 258 2679 1902 1881 2622 2617 161 1199 1874 990 1628 2148 2732
1361 1451 1559 1106 2787 2054 2000 1798 572 1230 646 962 1334 395 2644 2323 529 1394 545 2277 1683 485 1175 1306 1951 989 727 589 658 2540 1801 2114 581 374 1786 2381 803 251 2759 2579 1213 2066 1427 1900 1971 789 1257 2040 364 1091 1996 777 215 436 2504 101 737 2113 2178 304 293 230 341 1898 39 2495 483 1357 1180 2281 240 2288 926 564 1883 1093 1389 1115 1818 2546 766 1353 76 1672 2238 739 1137 1914 2784 1300 751 1836 2242 2785 2437 328 614 1207 2072 1087
1453 2433 1901 1490 2376 2721 1569 715 48 100 2309 305 2034 2545 64 1796 201 562 1640 1860 2713 439 155 51 2650 1422 2631 2815 1316 1496 2272 1636 1965 231 563 1148 2826 260 1123 2088 712 1617 1948 2556 550 784 1878 1096 1416 168 1986 2652 559 440 978 659 1212 2133 486 2836 2174 2553 2741 747 725 900 2337 1045 2289 1307 2672 1051 184 899 2004 2135 1584 2007 1437 137 1434 259 1234 1782 1993 1035 2229 645 1940 793 2207 1034 1046 1486 2728 2506 291 832 1231 1849
783 949 617 1434 1343 2112 940 1004 2737 1298 198 75 1999 1103 2497 1346 2542 1304 1712 182 60 2129 1631 1760 1561 149 540 1093 954 1535 832 1019 63 1161 291 1847 1773 1513 1333 2022 2242 1197 1795 1685 1785 1228 2441 499 2827 2656 310 407 676 465 1693 1856 2111 967 766 558 1804 341 2413 2238 135 2202 328 2295 2149 1683 983 2745 1898 2504 1719 184 2190 1914 2260 1996 1091 95 1087 2235 1448 695 1176 2615 777 1476 2785 91 213 792 88 1743 2114 1593 132 2759
430 2236 1475 1124 2053 1037 1293 1097 1918 1635 1715 390 1967 1143 1822 1568 363 159 936 484 1662 1140 1756 580 2429 402 471 1317 1216 2059 2407 2806 1050 295 1118 478 1008 2301 758 467 786 1438 1929 2687 326 840 389 655 1378 2715 2465 2505 391 1648 1022 455 331 89 108 1730 2634 314 31 1262 1647 1039 2398 1275 753 346 1395 1018 2821 2611 2467 1303 1481 2061 1024 628 721 52 344 2062 2406 999 1921 2765 2402 464 1829 504 1011 2690 452 805 418 2244 806 1692
1349 1618 234 961 1572 913 2339 1520 1 2399 1540 511 2340 2215 2635 537 307 2226 2727 2138 1101 46 892 223 1615 969 414 2834 685 2158 352 349 2213 2298 2466 1060 2473 17 2709 1571 846 2541 2175 203 2338 1862 642 1009 795 2455 1815 1539 2486 573 1994 2524 1698 1242 2223 1524 2063 2253 127 2104 2484 2710 1025 2781 1622 837 1629 1684 1159 264 403 273 741 1409 1514 1360 2372 2783 958 697 1129 2246 1630 2189 551 317 600 2100 2648 1215 2255 1095 2811 1355 2801 1338
1944 1055 2294 1056 2728 2207 725 165 2558 1825 1986 1940 899 1212 137 2135 1606 2741 204 1130 116 97 2736 2842 2041 1134 1463 2825 692 1935 246 2292 447 2719 2766 1126 2319 1547 2511 442 2068 362 1067 79 1841 2506 2305 722 2665 790 1962 1088 686 2248 1076 2813 2382 1464 2441 2827 983 1513 1847 2258 2286 948 2413 540 1161 1773 1795 1874 1223 766 310 2295 407 2190 1785 677 2116 558 1937 135 499 2057 804 1448 2238 1856 2733 2291 1728 1093 2580 1639 967 2393 462 491
1113 629 1144 1371 2503 882 1477 909 123 1865 1183 2572 1487 2823 327 1084 117 1659 2494 1687 2623 2263 1987 1922 2620 275 2677 2678 1525 84 1280 941 1199 1458 1400 815 2571 851 1641 481 398 2573 2152 2116 1960 1979 2386 281 986 2303 924 2627 2150 1757 959 762 474 1726 621 1205 183 1198 506 396 2197 1315 300 171 1880 565 592 40 1286 2141 1661 796 1336 2030 1605 1844 2079 23 785 907 1471 1013 2160 2502 1288 1032 2791 1365 1423 953 333 2245 229 2216 1184 2182
757 1728 1231 1533 754 2021 2756 2320 2533 1149 29 2673 2172 286 293 2430 2024 24 2143 739 634 426 1689 1597 1719 967 213 218 752 853 91 1804 2296 792 2638 2260 2787 558 2235 2472 184 1478 135 2413 2295 1265 1448 2408 2615 707 1312 1984 119 1296 1383 540 80 2409 2224 1928 1166 529 2277 2354 898 1197 895 93 499 1801 1590 1593 646 545 395 1849 1353 1394 2644 2323 1361 1683 789 1334 1213 424 498 1798 1451 240 1559 1106 1228 2066 962 2366 76 1230 2579 1898
1179 2328 2491 1579 2682 1977 2252 1063 1651 841 515 9 1583 1769 2792 1791 1354 919 952 1531 748 998 639 1851 2778 930 1920 1470 1770 928 945 118 2729 2379 1578 2065 1657 567 114 2647 2225 887 819 982 1585 923 2097 763 1667 227 975 2723 916 2304 311 2042 2575 2559 808 2793 517 528 1210 875 382 778 2711 7 2618 2310 2349 2459 1154 1211 2416 2488 1367 1854 1271 1970 1368 579 492 1239 512 25 151 98 816 776 353 2081 2334 2474 1643 1688 910 196 1566 1864
2215 223 892 2635 46 2834 1615 2158 349 913 1572 1540 2340 2466 1618 234 577 1698 969 511 2138 1994 2223 2253 2213 2399 1349 1409 2338 961 2372 1520 1 1101 1095 195 2648 307 2727 1815 2100 795 147 1060 537 2339 642 2595 600 1571 403 2486 1009 2226 352 2709 17 846 685 203 1159 2455 414 2541 127 573 1622 1524 2484 2710 2473 1167 837 264 1803 1811 472 2444 1355 551 2063 317 1862 1025 2513 1338 741 1939 2481 2175 2783 1630 2255 160 90 1294 1629 1607 2738 1069
1518 631 1290 607 2049 2282 1017 2093 2596 2796 2064 2140 1879 1909 1613 1604 1301 530 446 921 662 1058 451 394 1981 1237 1567 2392 1906 984 2357 1978 1119 1002 124 918 1491 1396 908 2543 1105 700 708 1621 355 243 852 996 2530 942 1554 813 2085 1370 2262 660 1331 1673 2782 345 1384 2257 542 360 1739 2660 710 1614 2458 966 2664 54 1000 2696 1718 1808 1893 1404 1853 1100 1705 1695 2259 1837 2636 2274 50 1688 384 337 1089 2692 310 2149 95 479 1161 831 2827 1773
806 418 534 780 1481 1465 2244 786 52 2429 2059 1662 53 484 1438 726 346 2821 999 471 1918 363 2690 2467 344 402 936 2236 2407 1008 1475 478 290 1024 452 331 2301 1216 314 2687 1378 467 2470 391 389 1568 1124 758 1220 464 1140 655 2531 1275 2465 2505 131 225 1756 455 1039 1097 1929 207 2634 1647 1503 1787 430 1706 1022 2765 1293 840 2053 1730 89 753 2806 268 628 2398 1789 1822 1829 108 1506 61 2061 2285 1303 326 1262 159 2715 561 2698 1875 580 295
1656 1102 2790 943 2817 85 221 1644 2300 2528 1926 312 2832 1405 1934 2411 2044 1624 817 2501 987 635 1407 188 556 1386 547 611 1319 2082 2270 1146 1752 4 2367 977 2397 463 2200 1202 2826 1737 925 2670 1422 2574 2344 1092 259 1313 2307 1796 970 550 2069 2724 712 1352 1835 606 2515 1437 409 305 2652 1361 2626 1151 454 1983 480 2800 713 351 2133 283 479 1173 178 1484 1412 266 2154 1342 659 2084 1414 2214 1710 985 322 831 1700 727 1478 545 983 364 2424 2040
1482 2080 2383 441 2695 1523 373 845 584 1016 2395 462 1517 2733 1691 2754 575 1120 2684 2019 1147 2518 1678 1169 2780 2106 1382 357 1073 1450 2368 1244 818 279 830 2136 2275 393 603 2447 863 1732 2651 1620 339 1646 1626 693 1177 2641 2414 2176 55 1669 397 1194 728 1104 2586 2525 1259 32 107 187 794 1805 775 1410 2604 2550 1507 2637 2630 2347 2805 2020 2254 917 2804 457 1611 1846 2621 2247 2489 960 2240 902 2073 2297 2605 2699 1372 2239 2233 2033 1950 2345 541 1538
2545 2034 2044 1796 85 1656 1102 2790 943 1934 2817 221 2501 312 2832 2300 2411 1644 1926 1569 100 48 64 1405 2650 2528 635 1624 715 987 439 2721 1640 2713 1860 562 155 2433 201 817 305 188 1319 51 611 1901 1407 2309 1490 1386 1422 556 1453 2376 2631 1584 547 992 1993 1316 1096 259 1948 1636 2815 1416 2241 563 1617 1381 2046 712 1897 550 1878 1658 2826 1045 2439 2088 2836 260 1362 1782 659 2023 559 497 900 2755 1586 1965 1123 1051 2007 2082 463 1046 2515 2652
2823 2740 752 1059 342 2749 154 2725 2448 1477 1889 2464 1696 609 509 1766 244 5 1515 2457 551 2128 1616 2404 2115 1426 844 957 592 466 498 2548 1602 687 2366 1401 1556 744 2014 388 827 375 2661 1044 1061 425 2124 1326 2351 1637 163 473 306 1084 2508 2442 2688 2720 1596 644 2562 2444 1744 971 43 2498 1524 387 2188 1904 2109 23 2677 629 40 2507 372 997 2662 1199 2169 1375 2101 2710 2726 956 1153 2751 1953 472 400 2162 1995 851 741 1960 1171 1866 38 1080
1475 430 2236 484 1662 2429 363 2059 467 786 936 1568 2687 1097 758 2053 1822 389 999 1293 1378 344 2407 478 1143 471 2634 840 1967 402 1918 1715 2505 2465 1481 2301 390 1635 1124 159 1756 534 2244 464 1022 1438 1008 1465 108 52 1039 580 89 314 1037 780 2821 346 753 1140 2398 806 452 418 2715 1050 1706 1216 628 2806 2611 1118 1730 2467 295 331 1789 655 326 927 1831 1275 1929 1317 2690 726 455 53 391 1262 2765 31 1062 1018 1655 1692 2142 2062 1932 1220
239 2091 2164 2794 1781 654 252 525 2311 1248 1356 625 679 1435 2669 1505 1598 216 192 1168 1299 383 49 2025 61 2070 2232 1141 113 1787 207 2396 2280 2173 225 27 245 139 822 1924 2137 408 449 858 2279 209 1506 838 356 1037 1282 1780 296 1127 1829 1303 2470 1187 1018 2406 1216 391 782 1648 1124 2142 1262 1317 721 455 1555 1297 1972 1395 1568 1501 2632 2053 2402 805 224 1700 344 1921 2599 1902 402 413 432 2762 854 1582 1756 430 128 1721 1813 2634 934 1711
702 931 1767 1830 1114 848 1107 835 768 522 2667 903 1908 1845 65 2624 126 1254 2388 284 1340 578 2471 1235 1512 2276 688 1608 1720 103 1821 2601 990 1310 297 502 1413 1323 684 2314 1186 1391 250 1975 2323 315 962 1759 2622 1798 2759 1557 2161 2757 2302 1075 1390 1928 803 1616 426 2224 1165 436 215 2315 1597 1144 2787 1334 1801 191 739 67 395 101 374 2746 1166 1683 2409 338 1427 1689 1834 2242 1137 2015 485 714 614 1207 634 895 737 2644 2299 251 293 1900
1891 2043 2816 582 2666 650 2171 2810 2643 6 546 759 1260 1702 807 1723 1221 285 1916 475 2346 1083 620 732 181 1570 1153 1697 468 820 1603 1541 750 1797 1858 2476 411 1882 922 636 2807 1318 334 2167 1761 2268 1865 956 973 372 1456 1188 37 1763 2278 2387 2425 1536 1284 42 829 2313 298 122 1537 1768 690 1139 2194 2261 1605 1082 2152 1227 2841 2502 629 1199 661 980 229 2688 2677 586 1884 669 2118 476 1285 387 644 459 971 941 1090 1987 84 1610 594 353
2236 1475 314 999 2429 806 1918 1124 726 2053 430 1756 484 1647 2059 2061 534 1317 1037 721 2402 1662 363 1921 1967 418 1972 805 1216 786 471 1438 1140 1829 1024 455 1635 1395 295 1481 1303 1929 1008 780 2244 390 391 1275 1648 52 2806 402 2301 2406 2407 1715 1568 936 2531 1465 344 1262 2687 331 452 467 1011 1187 1050 1378 561 1755 1039 1022 655 53 268 1018 1503 389 2470 2279 346 1789 840 758 1730 782 412 1655 1831 89 927 108 1293 1097 131 2634 2465 2505
418 1481 806 780 2244 534 1465 786 2059 52 2429 1662 484 53 346 999 2821 1438 726 363 471 344 2467 1918 2690 936 402 1475 467 2236 452 2407 478 389 758 2687 1568 2505 2465 2634 1378 1008 840 1220 290 1022 464 1039 2398 753 628 108 2301 89 1024 2611 314 2470 1706 1216 2765 1503 2285 391 2142 1789 2531 131 2806 331 1097 1831 1062 1124 129 430 1655 455 1275 1262 927 1293 1140 1730 1692 268 295 1018 1822 225 241 1929 2053 655 1932 1756 1612 1037 1787 1026
860 1489 1710 1417 1701 1788 1895 2289 2482 161 433 769 2375 173 197 2650 2840 1320 463 2287 231 925 26 1253 1369 1870 2714 348 1029 2769 2454 178 480 2649 2626 2480 712 305 1569 622 606 1627 259 1313 562 2646 2721 489 2084 1617 2652 1422 2424 1993 1437 445 2358 1552 2397 179 715 1934 1328 977 1388 319 2544 1045 675 2050 2200 64 1640 2836 100 1782 2538 550 219 2564 2076 2767 2826 2724 1624 2011 2553 51 911 645 900 1428 2800 1796 48 1208 1837 559 906 2753
239 2091 2164 2794 1781 2232 252 1168 1299 2311 1356 1505 679 525 1248 625 1598 1435 654 449 216 113 822 383 2137 1018 782 858 27 2279 49 1924 2280 1141 1472 1037 1187 2632 1961 245 408 1829 1506 2173 139 2062 1568 1297 209 2406 1648 356 1011 1026 643 721 1692 2669 455 838 1262 1843 2396 1282 131 1647 495 1555 1612 1395 1021 1124 805 1972 391 125 2611 1022 1317 2402 1787 2053 2070 138 1967 1216 1662 268 192 1127 1500 1475 1706 2236 1503 1813 363 2025 1050 1917
2113 2178 304 2066 1213 614 1087 1394 545 1207 2072 1389 1115 1558 2546 1137 714 898 1257 1971 465 2579 2022 1801 751 1593 803 1883 529 2000 2784 483 1300 2277 1786 1166 1928 485 1353 1175 1951 1361 1306 1197 240 727 589 1106 658 2644 395 789 540 853 374 1451 1559 1334 2409 93 1590 895 1798 1427 1230 1019 1683 63 2540 2324 1333 572 2787 2224 1035 251 2381 1900 962 2759 2323 1561 2040 646 2542 2493 2242 2054 989 364 581 1357 499 676 2504 215 2114 617 436 2235
2270 1407 2082 547 1386 556 987 635 312 1405 2832 2300 221 1926 1624 1146 188 85 1752 943 2367 2501 2790 817 1319 611 1102 1545 626 2044 1934 4 59 2411 1656 2389 1644 2528 1202 2817 950 1799 1737 613 2069 826 1422 2515 341 550 1993 2381 1883 439 259 1353 240 2040 1900 1093 174 203 1728 2775 2486 1096 2840 2588 1415 2277 101 983 374 2150 1996 2148 757 766 1898 1663 407 251 2351 1719 364 156 1087 93 898 1444 895 1190 1971 1088 135 741 2238 694 328 2767
472 1803 1811 1509 1167 1069 1059 2758 551 147 1607 741 1341 2595 2444 577 127 1530 2094 1078 160 1807 991 1295 2385 641 1355 262 888 2771 1373 1242 203 1278 2266 273 342 2104 2524 154 1421 1862 1863 2740 1735 1524 667 2749 1619 226 1925 2013 2738 1982 687 879 2710 2403 2431 385 2776 537 2811 814 1025 428 2468 1215 2731 2189 2460 557 2371 867 2576 166 2139 2513 1060 1629 2633 2138 1660 299 2607 2548 2833 2844 1291 1549 1238 38 2412 2797 115 1366 405 267 1828 1480
2374 2174 2418 1234 2327 57 1575 1034 1392 2004 1792 280 1861 1580 210 493 1724 133 2461 793 1375 1758 746 1859 548 570 1276 294 2125 1358 1930 976 2456 2330 689 1947 1765 366 1664 1196 1665 756 1072 2184 859 2672 422 588 583 1030 2186 1081 1497 2229 2694 704 2838 421 1279 797 2513 2703 2581 1193 2206 438 242 2541 228 2127 1086 2662 880 158 1457 2548 656 2332 1377 77 470 2590 1345 82 1522 287 170 885 801 2739 1877 263 2198 1191 1887 2659 798 1551 857 706
2049 631 1518 1290 2282 607 2596 1017 2064 1613 1909 530 1604 2796 2140 921 1301 446 2093 662 1058 1879 451 1237 1567 1981 394 2392 984 1906 1396 1554 813 1105 355 2357 243 1370 1978 1119 908 2257 1673 2696 1331 660 2782 1614 1621 1002 360 542 710 1739 1384 2259 54 2664 852 2660 1853 942 2543 1000 1491 2085 966 1893 918 996 2530 124 2262 700 400 50 1742 2458 345 827 1808 1695 2661 1466 2692 2274 1743 1688 565 1142 1025 506 1286 1513 95 132 1178 596 1844 1228
1096 1416 1948 1362 1897 1586 497 992 2046 1316 2815 2272 1636 1496 1965 1860 2556 2713 2352 1051 1218 201 1261 2721 194 305 64 1569 2309 562 715 48 100 1901 2034 1796 2628 2433 2545 155 1490 439 51 2376 1640 1453 2650 1993 1422 2755 1617 712 1584 563 259 260 2241 1552 1148 900 1123 319 1878 2088 463 1001 2121 659 2826 1075 1381 559 1307 1782 2836 1810 1486 2652 2350 1558 2023 2509 1045 1087 906 269 2767 2133 1701 2045 2076 2482 556 635 2544 2016 258 2007 2732 1073
1643 98 776 353 585 1819 1864 196 2474 2081 1625 2462 2334 910 1042 1402 2353 2067 381 2103 809 701 781 69 1344 2361 2264 2027 869 1963 233 2101 1077 276 2256 871 1528 1600 2132 1170 941 481 2457 1987 609 509 1515 244 2152 479 2001 119 84 1696 2115 592 1231 815 506 1766 150 1214 409 1171 423 2541 713 1426 844 1889 923 1296 985 1448 867 1661 1383 1616 2109 1272 1839 1265 2725 461 2577 2162 738 629 1032 166 565 754 2379 2251 2354 1851 2829 2413 1728 347
257 2843 937 1731 1871 1527 1138 1894 1707 1455 1516 535 2609 2613 2377 1385 1800 1645 406 2145 1007 1779 288 519 186 2341 1526 1419 742 821 416 253 1079 2516 709 811 2331 2763 1442 1992 336 1511 1969 410 1200 2219 1325 773 1068 1498 2102 248 338 1670 1466 730 2095 1131 648 883 1133 1379 605 112 1424 1110 365 749 1243 94 1040 434 2549 1794 538 1479 544 2788 843 435 2746 1783 2830 1387 392 2364 1454 610 1311 2290 568 1966 2299 2730 2151 1005 678 1309 855 1142
239 2091 2164 2232 2794 1781 822 2137 27 113 252 1505 1435 1472 1168 1299 1598 1011 2311 525 625 1356 2279 1248 654 858 679 1018 1829 1262 1187 782 2280 455 2406 1506 216 1127 1568 1612 1924 580 49 2715 1648 1274 2632 643 383 1317 268 805 1692 2693 721 31 1475 1756 2236 192 331 1961 1303 2669 838 209 408 1503 2173 655 1124 1037 2402 53 2053 1899 1967 2698 131 139 1216 1875 274 1141 2142 1843 1140 390 1715 1647 1118 2062 1273 159 1972 412 2470 494 430 671
1728 2756 2320 1231 754 2533 1149 293 2021 29 2673 2172 286 757 1533 739 2787 967 2430 2024 24 2143 1719 218 426 1597 1689 634 853 1804 2296 2260 792 91 213 2224 2638 752 2235 76 2472 646 540 1312 1984 1928 2409 1166 898 1265 1448 895 93 558 2408 1478 184 2413 2295 1590 1197 2323 2054 1361 1451 135 707 1296 1559 1334 529 2277 1106 2615 962 1593 119 658 989 727 395 589 1951 1306 714 2644 1175 2381 1558 1900 2540 545 1801 1798 485 374 251 304 80 1213
1993 712 1617 2050 1045 1422 2130 2767 440 735 179 1782 2836 197 550 2241 2837 169 1029 1381 1658 1840 2840 947 2439 1544 1663 1649 463 2375 51 518 1054 1444 1328 2631 2628 2707 645 1679 445 1623 2011 1261 433 1218 305 480 155 1051 134 2649 1640 1369 2454 562 925 2735 194 2650 26 439 348 2769 1870 1552 2352 1788 663 319 1710 2289 900 1489 1486 2721 1417 2538 2482 860 64 1437 1948 2714 659 1701 559 2652 563 2133 2088 260 1897 1253 2826 992 1307 1796 2046 977
2152 2502 1371 1605 2567 2751 84 2109 1171 1139 2263 1214 22 1661 941 214 1987 1866 2141 2841 909 621 183 2503 481 785 2348 1953 815 171 851 1802 454 1525 2677 1280 1880 2623 1084 959 1602 1032 1960 744 2048 2060 189 506 106 1927 1199 1632 270 1365 2761 924 1283 1286 96 2572 419 2554 894 150 565 1768 2678 1844 2153 2522 396 2182 2608 2056 1108 236 45 2760 957 420 2162 609 1251 2705 2726 1397 1064 2768 1703 1113 2831 40 592 2216 1458 1766 2404 167 1738 510
2394 105 1778 1946 11 416 664 2110 1200 2420 883 2318 144 2452 599 2642 1479 2537 318 666 1152 2147 1387 908 1036 2446 2443 1170 1718 2734 1614 2718 320 852 568 773 2679 301 519 2793 1762 1419 7 1784 1903 213 694 156 757 1495 164 1219 2145 1002 1247 1163 1682 1093 1968 243 2095 874 1077 174 1231 135 2830 855 2600 2341 256 1331 1621 1992 1119 2410 2331 1954 2293 1442 1066 490 1263 1089 1040 821 1155 966 337 1728 2102 1533 905 2756 2463 1415 632 1681 1311 1325
2576 2371 2833 299 2139 2269 2776 428 2092 1549 2797 2844 1539 1735 1982 2403 1925 667 879 1619 1814 741 352 1863 2460 557 1589 226 1295 2771 2175 991 90 2468 2633 837 264 867 1366 1480 641 1660 2607 1816 1025 2385 1373 888 262 1807 2189 2431 814 2731 2484 2363 385 687 891 2455 1009 2063 1629 969 1622 2473 2226 267 2710 1122 1159 1509 1815 403 1242 2783 685 160 1238 2094 1078 1291 1530 2811 2738 1607 472 1341 1421 2758 17 203 1069 2338 577 600 2486 2138 846 573
1113 1144 1371 2503 629 1019 2022 1333 63 2542 909 182 1631 882 2656 1298 149 1760 954 1685 1712 1477 1693 2572 617 1865 1183 2677 123 1434 1987 310 1343 940 2737 949 2149 2112 2016 1004 327 1084 783 2263 1659 941 117 2497 1161 75 2823 1687 84 1346 815 2129 1513 198 1773 1525 851 2152 2494 481 1847 2623 1999 2620 275 1199 1561 1960 1795 1785 1922 1103 1197 1228 1641 398 1280 2627 2573 1458 2441 2827 499 2678 2571 281 2386 171 60 1979 621 183 1880 40 2116 540
1721 2809 12 1876 1473 140 1868 2051 1452 2183 1439 598 657 1931 2294 394 1055 1557 1390 1491 2291 1555 1944 2728 1879 2719 2580 2622 2089 345 2445 2704 1906 1839 1056 627 161 433 996 2526 2530 2657 770 1433 1564 2499 939 2098 1047 2482 2661 898 2220 1976 2207 251 662 173 918 444 2057 255 2055 2128 1330 827 1892 531 1427 2708 2037 202 401 368 1035 1677 708 1902 1558 769 1988 725 2140 677 700 1320 204 646 400 2598 526 2757 2561 2438 1725 651 694 124 1895 854
2769 348 2454 26 925 1369 1870 2714 2649 480 2538 663 550 179 518 1441 1422 2130 1453 1901 689 1490 2309 1392 280 712 2433 201 1633 404 2123 2827 1758 1535 983 832 1617 1847 2174 93 756 493 1838 2190 2840 2004 1590 291 2441 2376 1773 1665 2374 540 2129 260 1513 895 1714 463 1346 1224 310 305 1116 1672 683 2358 1930 1609 366 2493 1693 1860 259 1148 2826 1594 2461 563 1580 1765 1795 1298 2202 617 2180 2456 1861 1019 1161 269 2418 228 2327 1836 570 1176 57 1234
44 2317 1483 1469 1447 16 376 1672 1836 2249 2437 1057 2785 1914 761 2700 1990 291 1535 1749 1449 1224 47 1178 1714 1116 1713 2180 683 1838 2523 832 34 2422 269 834 2202 465 2745 1856 1476 2111 2016 95 576 2190 596 1743 88 1176 2441 132 676 983 2129 2827 695 2547 824 1346 1044 2058 1277 2555 1513 1727 1795 1773 230 1631 1996 1161 1847 310 1304 777 1693 1593 1091 792 60 2695 1785 1019 1228 1999 1804 845 1632 1103 441 2296 967 1523 483 1927 2235 499 2784 2258
1836 1672 2437 2785 1914 44 2317 2249 2700 1483 376 16 1469 1447 1990 1057 1224 1116 1714 1713 47 2523 683 34 1749 1838 2180 2422 1178 1535 291 2202 2745 761 1856 1476 2111 465 88 2190 2016 269 676 1449 132 1176 95 695 596 2441 983 1743 2827 832 824 2547 576 310 1513 1693 1773 2149 1795 2129 2656 1346 1044 1161 1631 751 1847 834 1228 1785 230 1996 1091 617 1019 1561 777 499 63 2542 1093 1197 1593 60 1103 1999 792 2000 2235 1727 1304 1073 2555 540 2296 91
13 1272 2210 640 2520 2671 2421 1949 1754 1038 1041 323 569 193 988 2090 2083 1910 121 1793 56 2415 1189 2568 370 2217 2047 427 2032 901 1337 332 571 536 2578 1065 729 828 377 340 2798 865 2629 2640 743 2539 1429 2428 2602 933 2828 672 1668 2221 1374 2380 1070 1553 1256 2267 2120 2031 1236 1268 1430 955 358 2570 1764 2423 1699 964 2038 1399 698 1049 1521 2029 2335 1952 2795 1249 417 1886 1266 2808 839 1418 886 555 2333 554 597 2839 609 1132 2115 62 1398 1890
239 2091 2794 2164 1781 2669 654 192 2025 525 252 449 2232 1168 1299 61 49 2311 2280 1248 1356 625 1435 207 383 1787 2173 1924 679 2070 2396 408 1505 1127 245 225 139 822 2279 1598 2137 1141 113 209 838 1037 216 1282 356 1506 27 1829 858 296 1018 1216 1843 1303 1297 2406 1961 782 2142 1780 495 1555 1648 1501 268 1143 1187 1021 2632 1262 2053 413 1124 224 944 128 805 1700 1967 1635 854 430 580 1902 455 1568 995 131 1317 391 1822 915 1190 1789 1715 1881
67 249 627 1012 2583 1810 2509 1001 2121 2350 1406 1075 202 1441 1055 1195 1944 404 2294 1594 1869 1609 378 2728 725 2207 165 1825 1212 899 1689 2558 137 1590 426 1728 1986 24 1597 634 2741 895 2143 1448 2430 184 2320 91 2295 2224 540 93 1478 1805 1557 2021 2135 1928 2024 135 2413 739 2673 76 2533 1940 2736 338 315 1149 293 853 775 1558 2615 558 97 2235 1243 436 792 967 2242 730 2172 2161 1197 789 1379 2409 1166 1759 1265 1900 714 1231 754 2040 499 29
2418 2174 1034 210 1392 280 1234 57 1580 1792 2327 2461 1861 793 2004 1575 1859 1276 570 2125 746 1758 2456 1930 294 1724 689 2330 1665 1072 1358 1375 1664 2838 2186 2374 1030 704 548 2229 2694 756 133 493 421 976 366 1765 797 422 1279 2513 1196 1292 1947 2703 588 1348 77 859 583 2184 2672 1377 242 1522 2127 884 287 934 438 470 1081 1576 880 1086 2155 158 2541 82 1497 185 130 170 1857 1716 2206 1193 1345 2581 2198 228 514 2590 1432 656 2332 798 2588 1776
982 2065 763 2225 1791 2379 1851 930 1063 919 2778 1769 952 1583 1354 2682 528 2252 1657 928 2729 998 1579 1977 2328 2491 2559 1179 118 1531 1470 1651 923 1271 2618 25 748 311 2416 151 515 2349 7 513 887 1210 2792 975 2304 841 114 2793 875 579 227 2711 808 819 567 1367 1585 2658 1209 2042 1368 1854 1667 916 2310 1239 2488 9 517 2097 1154 1770 2723 492 382 1566 1578 1211 2575 778 1970 2459 512 1879 2140 1058 566 639 945 2796 2577 2392 2540 631 2738 461
1168 1299 1924 252 1141 383 1506 654 2279 2070 525 2669 49 858 1356 2164 1598 625 2311 679 1781 2794 1216 391 1505 1435 1829 2232 192 1248 61 216 239 2091 2470 2025 1780 2396 207 408 1787 225 245 455 1037 2280 27 139 1140 1262 113 1303 1124 1282 2137 209 838 356 1127 2173 1918 822 344 449 296 412 574 2291 1555 2053 1568 1612 1187 2531 2683 721 1921 1021 1018 2639 1024 1972 1647 2057 471 402 430 2809 2402 2142 1503 494 1438 1874 944 686 647 2589 2406 2438
2034 2545 1796 1569 48 100 64 715 2721 2433 439 2650 1640 305 562 155 2713 1453 201 1860 51 2309 1901 1490 2376 1422 2767 2631 1584 2023 1993 712 1617 2755 1416 747 2045 1096 1948 550 2815 2826 2088 900 1316 134 1045 260 563 1636 2050 1437 2652 559 1051 259 1486 1878 2836 2419 1782 1897 992 1307 2272 1362 258 1029 925 659 1320 1965 1369 1208 179 674 1218 2130 2046 1123 2358 2649 1417 1261 168 463 2133 2515 1381 2007 440 1658 26 1046 860 1496 1478 978 977 2790
1801 2579 2277 789 2759 1683 529 1230 2504 572 2644 395 374 962 1394 545 581 1798 2323 1898 1427 2381 251 2238 2540 341 766 101 737 2114 2040 1334 803 1451 1900 483 215 436 364 1883 240 328 1093 2242 1353 407 1361 2066 1213 1300 2784 1106 1559 1593 646 1115 2000 1389 2546 2113 2178 304 989 2054 1257 485 1971 1951 1175 2787 1306 1561 1786 727 589 658 465 1087 1137 1088 614 540 751 1207 2072 898 1035 853 1197 2235 1044 1558 714 2296 1166 1928 792 1357 293 1689
2551 2146 2284 2018 764 2008 719 1289 914 1351 1534 35 1493 812 190 615 2824 1577 2209 1915 1157 862 276 2361 2603 723 1359 2585 871 303 1772 450 539 2487 1997 781 2353 1128 1121 869 212 1751 2718 1204 1347 701 2067 516 1762 206 1247 58 874 2204 2453 604 247 2485 2165 343 1403 1595 632 1633 2734 2582 1528 153 549 1152 1583 1036 1226 1222 1066 1841 1970 2086 2003 1835 275 1245 272 1957 560 2214 2325 490 1144 1352 831 2400 409 15 110 2292 738 2258 1729 362
536 1132 1588 1268 1431 36 733 866 2090 121 500 2117 1499 988 193 680 569 1764 2570 2795 802 1065 332 1329 142 2640 1492 2839 2078 429 2335 729 1910 571 1886 1952 2333 1256 2578 2602 2828 2808 2798 1668 2629 672 964 1374 2539 933 1793 432 13 340 2029 1272 1033 2038 377 2120 1266 979 2210 1429 21 901 1418 2668 2384 1053 2743 886 358 2217 2671 597 289 1070 417 1430 2568 828 2380 1399 1699 2227 1562 1890 2031 2451 640 2267 2221 878 1236 2415 2108 1393 1398 1038
2043 2171 650 2666 2816 2810 1891 807 1153 1916 475 1723 2346 750 1541 1603 820 1260 334 1761 372 582 759 956 829 2387 6 411 2643 1702 468 1221 285 546 1865 732 620 1882 181 1858 1570 1083 922 1697 1797 2476 2167 1456 1188 636 2268 973 2807 1284 1318 2313 2194 229 1227 661 669 122 2425 37 2261 2168 1763 298 1560 629 1605 2278 980 1537 476 2677 1768 1610 1524 690 42 448 2152 2502 1884 1285 2688 1015 2841 1536 1387 1139 644 2048 2823 1283 795 565 506 2118
1453 2433 1901 1490 2376 2309 201 2034 2545 2713 1796 1860 100 48 1569 715 2721 64 1640 305 562 439 155 2650 51 2815 1316 1496 1636 2272 1965 1422 2556 231 1096 1584 1948 1148 2023 168 1123 747 1416 563 2553 2088 260 2700 2755 1765 2826 2229 1035 1593 499 47 1990 1795 983 1999 1743 1362 793 1434 1838 1392 1224 1836 559 2129 558 2437 1161 91 2235 976 899 1034 550 1847 1533 957 596 832 95 1212 659 576 2180 1714 1103 2190 2016 1773 1483 704 617 2827 2461 2672
472 1803 1811 1059 551 1069 2758 1509 1341 1607 741 1167 160 1530 2094 1078 577 147 2595 2444 203 1807 342 1295 991 154 641 262 2385 127 1373 2771 888 2266 1421 1355 1524 2740 1862 1242 1278 2749 2738 273 2104 226 2524 1863 2013 2811 1619 537 1735 667 1925 2403 385 2431 687 2776 2460 2468 1060 879 1982 557 814 2189 1025 2710 2138 2412 166 1629 428 2576 867 2255 1215 2139 600 2371 299 2781 1366 352 2633 1660 1291 2844 2833 2486 2607 2731 267 2820 961 1101 1238 1480
2512 2071 222 1790 1933 1305 1436 2218 1504 1052 850 897 1911 2362 2096 2645 1638 2156 836 1098 2450 1736 1321 2342 935 2691 1806 755 2355 2750 2201 2432 1709 2642 599 2446 2420 2537 666 2318 1621 2452 1200 144 1387 796 1479 320 1676 1006 1090 908 1682 443 586 1308 1082 459 1763 1425 8 2167 761 2317 1145 2249 946 1469 1449 1671 1474 37 2449 99 745 2623 1447 325 1419 1073 1865 1523 834 1380 612 1178 1910 104 1002 1620 376 2535 1914 2168 1044 2437 1483 2275 1476 16
44 2317 1483 1447 1469 376 16 2249 1057 1672 761 1836 2437 2785 1914 291 1535 1749 2700 1990 1449 832 834 269 1178 1224 47 1346 1838 2202 2129 2555 2180 1727 1713 1476 1714 2745 576 1856 1116 2058 88 2111 1277 683 2422 2441 2523 2190 34 95 465 1044 596 132 1103 2547 824 1176 983 2827 2016 1743 1867 2737 60 1004 1631 1999 1183 1849 2695 940 695 540 441 949 1722 1529 198 2258 783 1304 1795 1523 905 894 333 230 845 474 2390 1343 1513 205 1996 1661 2354 75
2252 2491 2328 1179 1583 2682 1651 1977 998 1063 1579 841 2792 515 1920 1531 1578 1368 639 2097 9 1769 1770 1367 1566 227 2042 919 982 118 916 952 1239 1791 1470 2647 114 2349 1211 945 1851 748 2225 567 2379 2729 1657 1354 2310 517 928 887 2488 311 930 819 1210 1585 875 2416 579 975 2778 763 7 923 1667 2658 512 25 2711 2459 1970 2723 1154 2660 2793 2065 528 1209 2664 492 1271 2257 360 1879 1906 1673 1200 382 1331 1370 1614 1739 1419 778 2618 2696 566 542
143 1440 386 1129 2529 718 2185 2298 1445 2271 697 2517 958 30 810 71 2619 2584 787 1514 638 2363 1411 1684 2246 1694 1939 2801 795 1215 557 273 1360 2460 1294 2616 414 1630 879 1366 1480 1816 1660 2607 2633 2481 2104 2524 2444 665 1446 1258 685 2468 1242 1267 1324 867 1619 1112 2431 1982 1925 1025 2189 814 1863 147 385 1270 1295 1735 991 2833 667 1807 687 2139 299 2771 307 1355 551 1947 428 1373 641 1549 888 2092 2710 741 1814 342 2662 1059 2844 1086 226 2371
2220 939 1931 2526 1433 2704 2089 482 2445 255 2183 2427 217 1330 1439 637 2308 521 619 2291 2051 1088 574 2657 2712 1555 2617 2057 1874 494 2683 2639 647 2435 598 1223 531 1899 2813 146 2569 368 1937 1592 1725 1892 1771 2438 444 677 2037 2625 1677 2499 2248 948 682 491 974 2393 1998 657 1639 2382 686 1464 1408 2719 2286 2440 1076 2809 1185 447 2825 1055 526 692 2708 271 790 1721 2207 1942 2736 2766 2728 2292 1944 2294 1777 608 274 12 2558 1056 165 804 725 1473
1295 991 2771 1807 641 1373 262 1735 888 2385 1619 1925 667 1509 1863 741 1982 879 428 2403 1242 2468 2776 2371 2576 226 1539 472 2139 299 2833 1549 2797 557 2269 2460 687 127 2092 2731 1291 1238 1803 1607 2844 577 2094 160 1341 1530 1078 2175 1069 1814 2758 2524 273 2104 891 267 2431 90 1025 2710 385 2811 2633 1811 147 867 1480 814 2363 2595 1660 1816 1629 1366 2189 1589 2607 1167 2473 2444 685 352 551 1278 1355 1421 203 2138 2738 1059 1862 1129 2266 1215 2783 1622
472 1341 1607 2758 1069 741 1803 2094 1530 1078 160 2138 1735 1811 226 1862 2403 1619 577 1509 537 961 687 2811 991 1295 1421 867 1925 879 2633 1660 385 2431 2595 667 2607 1816 1480 2460 2266 814 1366 1863 1982 2771 557 1167 147 2738 1025 1807 428 641 1373 2371 1060 2776 262 2468 2385 127 2444 203 299 888 1242 2139 1539 2833 2576 2092 685 551 267 2269 2412 1622 2710 891 2255 1549 1355 2844 2797 2473 1101 2175 1278 2486 2363 1238 90 600 1291 352 2524 1814 2104 2731
1087 614 1207 2072 1137 1558 714 898 1257 1971 465 751 1166 1928 1593 1786 483 1590 93 895 1883 2409 1300 2784 240 1213 2066 1353 1801 2113 2324 2178 304 2022 803 1197 2000 1394 1389 1115 853 545 2546 540 2493 789 2224 2579 1357 1106 2235 1035 2277 989 676 2242 1559 529 1093 2114 374 39 2699 1538 646 2247 1561 407 1427 2540 2054 1019 63 2495 499 2489 1333 1818 2504 564 926 2288 1846 2542 251 2281 1180 581 634 1091 2759 1597 2381 1996 1451 215 76 1689 777 364
2374 2174 2418 1234 2327 57 1575 1034 1392 280 1580 2004 1861 210 1792 493 133 1724 2461 793 1758 1375 746 1859 570 548 1276 2125 294 1930 1358 2456 2330 976 689 1947 1665 366 1664 1765 756 1196 1072 859 2672 422 2184 2186 1030 588 583 2229 2694 704 1081 1497 2838 421 1279 797 2513 2541 2703 77 1377 2206 2581 438 242 1086 1193 880 2127 158 2198 228 1522 170 470 287 82 2548 2662 1345 2332 1457 656 2590 857 885 934 801 1551 1350 1348 2039 2356 1887 1877 514
84 621 183 941 1987 2141 1371 171 2152 2503 959 815 2263 481 1880 2502 785 2048 2522 2056 45 1802 2182 2760 2608 236 1251 2677 1064 506 1605 565 1364 1844 909 1286 1365 2831 2109 270 2705 1283 2761 2401 1525 1280 2612 1960 1108 2623 1768 229 2425 2751 2197 1866 1139 214 2567 1084 1560 1199 1661 150 398 1458 851 2572 2706 2678 2386 1171 2562 1214 22 43 2720 1726 1113 2841 2442 644 2571 1032 1596 1288 396 387 1953 2188 2348 2216 971 2498 1703 1363 2688 189 762 1927
2792 998 1583 567 118 1791 2328 515 2491 808 1179 975 1579 2065 919 1354 952 2778 1063 1769 2252 2711 778 930 1851 382 1977 517 1970 2682 923 928 1854 1531 2729 2379 841 1657 1470 1651 9 2304 114 2793 7 748 311 875 1210 982 227 1770 887 2225 763 2559 151 1271 639 819 1920 2349 945 1578 1585 528 2647 1667 2618 916 1367 2042 1239 2416 1368 2361 2310 1211 177 2081 2829 2474 816 2097 98 1819 1163 2723 353 2658 2122 776 910 461 1085 2679 1864 2736 1688 2738
2054 1361 646 2787 2000 1451 2323 1798 1334 1106 1559 2249 727 589 658 1306 572 1951 761 485 1175 962 1230 395 2644 2277 1394 545 529 2540 989 1683 1801 2317 1213 2066 2178 2113 304 293 1057 2579 1088 1389 1427 2546 1257 374 1115 834 803 2759 2114 1786 581 789 1971 2381 1353 251 1900 240 483 1561 1898 2504 2072 215 101 1137 1883 737 364 436 1207 614 1093 2040 341 2238 1558 1300 739 714 1087 853 2784 766 39 1996 2495 1091 2430 777 2242 76 230 426 1357 2281
2153 419 894 2554 96 1927 1632 106 189 2060 1032 481 1171 22 1214 1286 2567 2751 1661 924 2109 941 150 1987 815 2705 1703 2831 2571 1363 2216 506 1802 2401 171 84 2612 744 959 621 454 396 1288 2502 2152 565 1605 183 1844 1365 1364 2726 1251 2079 2627 1336 1995 2160 2141 2162 752 1013 1139 1315 20 1880 2404 957 333 2841 45 1199 1889 167 400 2522 2263 2056 2182 609 785 2760 2313 762 1371 300 2197 1217 2608 2425 2720 1749 834 971 1064 236 1083 2030 1953 115
1752 1146 2367 2628 1840 1636 2241 1316 1218 1624 1965 1051 2272 2815 2352 950 518 1261 1496 194 2832 2556 312 1381 1658 987 2439 613 1544 2069 2713 1407 635 231 2553 2836 1948 1860 2501 1586 497 1148 2046 1897 992 1362 2270 1782 201 221 1202 2433 1096 1416 168 1405 4 1901 1123 978 663 85 547 1799 563 440 173 1934 2082 2300 2790 943 2650 2826 2376 817 1102 2309 900 2652 1045 1437 2837 1453 1386 559 2044 59 556 1926 712 1878 2840 155 260 2088 259 169 51 965
807 1153 1541 820 750 1603 1260 1891 2043 582 2816 334 759 650 2666 2171 1761 2810 6 1702 2643 372 1221 285 2387 956 546 620 1723 468 732 475 1916 1083 181 2346 1570 1858 1697 829 1882 411 1797 2476 922 1865 2167 1318 636 2807 973 2268 1188 1456 2425 2313 2194 37 669 1227 1763 2261 2278 661 1284 1536 42 476 229 980 1524 2823 122 298 1768 1537 2168 1610 690 1560 1059 2749 2740 1285 2118 1884 629 342 154 1199 1015 1387 448 2548 1561 2688 2608 644 551 236
1146 1752 2367 1407 2270 1624 312 2832 987 635 556 2082 547 1386 950 4 59 626 1545 2501 1405 2389 1202 221 1799 85 613 2300 2069 1737 943 2790 1934 1102 2411 1926 188 2044 1644 817 2528 1636 1316 826 2241 2477 1656 266 518 1965 1319 2815 2272 611 2817 2133 1840 1496 283 563 2836 2088 1092 2312 2148 977 713 1835 1342 351 2016 1422 900 260 663 1700 831 1148 2652 2826 2007 985 2214 2086 1144 1226 2154 1954 2410 750 1225 2713 409 1478 1582 1074 2293 2475 259 1957
150 419 894 2554 2153 2263 96 785 1525 106 1632 1927 2623 1280 2678 1365 2141 1371 1083 2572 2386 1084 189 1726 84 1960 43 2060 2152 2188 762 2116 1596 2401 2160 2541 2562 2502 971 1013 2612 181 620 941 171 861 2498 732 621 1702 2503 1032 2079 1336 2720 1797 949 1458 2751 1866 2688 1004 214 644 183 300 2522 2737 1315 333 2442 1171 2591 387 45 1987 783 1251 1661 940 924 957 1343 2374 2441 2056 2733 1364 481 462 2567 1139 592 2048 309 2457 2761 2112 509 1214
840 2634 1039 389 467 758 1475 1378 89 484 2142 129 1062 1022 2059 464 108 452 501 1932 1568 927 2687 1789 2236 125 1706 363 1831 1655 1037 999 1281 456 2429 1662 1912 1026 324 788 478 753 628 1813 2465 2505 2398 2765 1923 241 936 1018 2611 2062 1929 786 1730 2301 1048 2407 295 1275 2244 1692 1262 2806 1008 402 1124 534 782 268 344 131 1220 138 1481 471 346 2053 1335 780 1024 643 2632 1967 1465 1715 418 2285 806 1503 2137 2821 2467 1822 1097 53 822 1143
1389 1115 2546 2113 2178 304 2066 1213 1394 545 2579 1951 485 1175 727 589 1306 658 1883 2054 374 803 483 2540 646 2381 1361 240 1300 529 1427 2784 789 989 101 251 2759 1900 1353 215 364 436 1801 2040 2644 395 2277 1451 2000 737 2504 1683 1798 581 1230 1106 341 2787 1559 572 1334 962 2114 1257 1593 1898 614 1971 2238 766 1786 2323 328 1137 2072 2242 1207 1087 1093 1357 407 1558 926 1818 2288 39 1180 714 564 2281 898 2495 465 293 76 751 540 2022 853 1996
1353 2784 1300 240 483 1883 2277 529 1801 1044 1593 789 1394 545 2066 2644 1213 395 2579 304 2178 2113 1451 2504 1427 1230 2759 572 1683 374 2546 1115 1389 1898 2540 1093 407 2000 251 1559 1106 962 341 2381 1088 1361 328 101 989 465 2238 803 2249 834 215 766 761 2323 581 737 1900 1798 2787 436 2040 2054 1804 2114 364 967 646 1719 2296 792 1786 1971 1180 2288 1257 1035 1087 926 1996 39 2235 564 1057 2281 1914 576 540 614 230 1818 2058 1277 1357 1749 1304 1091
1663 2767 947 1993 1782 2836 1649 2837 169 1328 1054 1444 2707 712 1679 1623 440 735 1617 1045 2130 2050 1381 1658 2011 2439 1544 645 2241 1422 1840 179 1029 51 445 2628 550 1261 1218 2631 134 518 319 1051 194 1640 155 305 562 2352 439 2840 1552 197 2650 1948 1710 1253 1416 463 1096 1417 1489 1369 2721 900 860 1701 64 1796 2649 1486 1437 2287 715 1897 2454 1569 2133 48 1860 559 2652 1307 925 259 2046 1870 1624 2375 1208 100 1362 2419 26 992 1788 2044 2088 2084
44 2317 1483 16 1447 1469 376 1672 1836 2249 2437 1057 2785 1914 761 1990 2700 291 1535 1749 1449 1224 47 1178 1116 1714 1713 2523 2180 683 1838 34 2422 832 269 834 2202 465 2745 1476 1856 2016 2111 95 2190 596 1743 576 88 1176 132 2441 676 983 824 695 2827 2129 2547 1044 1346 1727 2058 2555 1513 1773 1277 230 1795 1693 310 1631 1996 777 1161 2149 2656 1091 1228 1847 1593 1019 1785 792 60 63 1304 1999 2258 2296 845 967 1103 2000 1804 1561 499 2235 751 441
1643 1625 585 1819 1864 776 98 196 353 2474 2081 2462 910 2353 2334 2067 1042 1402 701 381 2103 869 2361 1963 809 781 69 233 1344 2256 2264 276 1600 2027 2012 2001 2391 2101 1077 871 883 1528 150 1170 2132 84 1997 971 1761 2541 937 434 966 941 2141 1204 2746 762 2290 1504 1946 1347 1958 257 2071 2688 1882 2312 1794 621 1311 416 2593 850 446 1577 1436 13 749 1153 2299 450 1247 2788 2548 609 212 2458 2740 43 2047 1131 605 506 906 2204 2251 1968 1726 807
222 2218 2512 1504 1436 1052 2450 2342 1736 1305 755 1638 1806 2071 850 2362 1933 1790 2355 2691 2750 1098 2201 1321 2645 935 2432 1911 2156 836 2096 1709 897 2420 2318 796 144 1387 1363 981 1703 1288 1479 612 2642 1599 477 595 2587 1085 2074 208 320 1676 1682 461 177 401 2216 453 959 1200 2122 2829 1510 816 43 785 399 1903 1145 1458 104 1949 621 2679 2163 2747 380 856 2469 1628 2591 867 971 1315 2126 2655 762 2688 1023 1163 731 84 2722 629 2474 171 2188 166
577 403 1159 1815 1615 2213 2138 2215 17 2648 352 349 223 2635 2158 127 846 892 2486 795 2455 1009 46 2834 1571 573 969 1572 2063 147 1540 2100 2466 913 642 600 1622 2595 2484 1618 1101 2340 2710 264 1698 2399 837 2709 511 1349 1060 1520 472 961 234 1 2481 2338 1338 203 317 1803 2223 2444 1939 2372 1270 1994 1258 307 741 2253 665 1294 2255 1446 1167 1811 2412 2727 1278 2811 2189 685 1862 1509 2473 195 1355 1025 2738 1409 1341 1694 1607 2616 2513 1069 2758 1630
304 2178 2113 1213 2066 1389 2546 1115 1394 545 727 658 589 1175 1951 485 1306 529 1361 2277 395 2644 2579 1353 2054 1300 1883 2784 483 1334 1451 240 1798 1230 572 646 962 1801 1106 1559 2787 614 2000 789 2323 2022 374 1593 1683 803 989 2072 1137 1207 1900 2759 1333 2540 364 215 1427 436 101 2381 2040 1087 251 1019 63 581 898 1558 737 1257 1561 714 1786 1197 2114 1971 2504 1898 341 2242 853 676 2542 1093 1166 1928 426 2409 465 1597 1044 617 634 407 39 766
2551 2018 2284 2146 719 2008 764 1289 276 2361 871 1534 1351 914 812 35 2824 615 2209 190 1915 1577 1493 1157 862 2353 869 2067 1359 723 2585 1970 2603 1997 2729 450 539 998 781 303 701 1772 1528 1583 2487 1963 1128 1403 2453 1751 776 2485 1785 1204 930 1402 1228 1222 247 1835 1657 778 416 1633 2214 831 153 15 98 1957 1066 2550 924 1161 213 272 353 409 2066 1226 560 2334 2734 2081 1762 2561 2777 1144 783 1125 766 2077 738 1753 1006 1247 2113 1173 928 479
1891 2816 2043 2666 650 2171 2810 1723 1916 2346 475 582 807 6 1221 546 2643 1702 759 285 1260 1083 620 732 181 1153 1570 820 1603 1541 750 1697 468 1797 411 1858 1882 922 2476 334 636 2807 1761 1318 2167 973 956 372 1865 1456 1188 37 2268 1763 2387 1284 2278 2425 829 298 1537 1139 122 2313 1605 2152 1536 2502 2841 690 2194 1082 1227 42 2261 1768 661 594 476 229 1953 586 1199 2677 420 2688 941 629 1987 84 353 148 669 980 1090 459 609 214 1397 1696
430 1124 1037 2236 2053 1475 1293 1097 1918 1822 1635 1143 1967 1715 390 159 1568 363 1140 1216 936 484 1756 471 2429 1118 402 580 1438 2059 2407 786 1317 391 1662 1050 1008 2806 295 758 455 2301 326 331 344 1929 478 1648 1303 314 389 1829 1481 1262 655 467 2687 2505 2465 2715 2634 840 1378 346 1647 1730 1395 1024 1022 721 2821 2406 1275 806 52 31 504 2402 1921 2467 1972 418 2244 89 2061 2611 780 1789 753 1039 534 2690 464 108 628 452 1706 1187 1465 999
2220 939 1931 2526 2704 1433 2291 482 1439 2445 2089 574 2183 255 2427 2057 217 1874 2683 2639 1330 494 647 1223 2435 1899 2051 146 1555 637 2308 2569 619 1592 2712 2438 2813 521 1937 2657 491 682 677 1088 948 2248 2393 974 2617 657 1639 2382 1185 598 1464 686 2286 2708 1777 1076 531 804 2436 2598 2580 368 1725 140 2499 1892 1771 1868 1677 444 329 2625 2809 1721 2719 2037 1452 447 692 1876 2728 790 1055 2825 2292 2589 1944 1998 2294 2736 1881 12 509 2319 725 1473
979 2227 2786 2668 176 1890 868 1562 2029 554 2743 1888 555 340 1033 2108 1393 1686 2333 1418 597 886 417 571 802 429 62 289 1065 1492 142 332 1256 432 681 2078 878 743 1398 1053 2423 1699 1430 361 21 1431 36 1886 2117 2380 2451 1553 78 893 1236 302 292 199 2267 1038 2384 536 1268 866 680 733 1588 1132 2217 901 427 1793 988 2568 2415 1499 121 2335 1764 1952 193 1197 729 2808 2570 2090 2539 865 1399 964 1266 2671 640 2640 2421 1329 2629 2221 2839 1448
1132 1588 536 1431 36 2117 866 733 1499 500 1268 121 142 1492 2090 2078 680 1886 802 1699 429 1256 1430 1236 2267 1553 2380 1053 2333 432 988 193 878 1890 569 1038 743 2451 2029 289 868 21 2384 2668 681 199 2423 1888 1398 555 2743 1562 176 2227 302 2786 1033 893 1764 78 554 213 292 2108 2602 1910 1728 979 361 1272 2795 2570 1785 1418 1668 1478 672 1065 558 1719 91 1393 2335 1374 13 1329 332 2561 2828 1949 1448 2295 62 1952 417 2413 135 1228 1685 901
67 249 627 1012 2583 1810 2509 1001 2121 2350 1406 1075 202 1441 1055 1944 2294 404 1195 1594 1869 2728 1609 378 725 2207 165 1825 1212 899 2558 1689 137 1728 1590 426 2741 1448 1597 634 24 184 2430 2295 2143 895 2320 2021 1986 91 135 2224 2135 540 1478 2024 93 2413 1231 2736 97 2533 739 558 76 1149 2673 1928 293 1265 1805 436 1557 1900 2615 967 754 2235 1558 792 1940 338 2040 1427 789 853 29 1243 215 2540 2161 315 714 2172 364 1379 499 1166 730 1759
1425 1449 1006 443 1308 1057 350 1090 586 459 1082 8 325 205 1474 1671 745 1763 2449 37 2535 2167 946 1380 2706 2258 922 1284 275 2268 2030 122 1537 2627 423 2027 396 1570 1456 1865 2573 2791 104 362 448 474 1841 690 1979 281 2452 924 1687 1188 327 1205 1641 2303 1462 2359 2222 1315 2197 2623 2249 1263 1183 2677 761 1286 2245 834 23 2446 411 1371 629 599 20 1113 907 2216 1080 941 1198 1907 1661 1995 2642 2572 1219 905 2086 1487 1277 1184 2537 1267 1621 1750
44 1447 1469 1483 16 376 2317 1057 2249 1672 761 1836 2437 2785 1914 291 1535 1749 2700 832 1990 1449 834 269 2129 1346 1178 1224 2202 1476 2555 47 1277 2745 1727 1856 2058 576 88 1713 2422 1838 1044 2180 2111 1116 1714 683 2523 465 34 2441 540 2190 824 2547 2016 95 2695 132 1523 1183 596 441 60 1631 1176 845 230 2737 1561 1103 104 983 949 946 1999 1073 905 2827 1380 676 2275 603 1996 783 1304 1743 1678 373 2383 474 1425 777 1849 1197 198 1620 940 1979
536 1588 1132 1268 1431 36 2117 733 866 2090 121 500 1499 988 1492 142 429 193 802 2078 1886 569 680 1256 2333 1430 432 1553 2267 1699 1764 2570 1053 2380 1236 1329 1890 2795 2839 1065 868 1038 743 729 901 2335 289 571 1952 2217 332 1888 2578 2668 964 878 1562 1793 2029 2539 2602 2038 2640 2786 933 1374 2629 555 828 2227 2798 554 2808 2828 2743 2568 1668 176 1272 2210 672 340 1266 13 1399 1910 2423 2671 358 2415 2120 1033 377 681 640 1429 2221 2108 1070 21
743 2217 1256 2423 1793 2415 901 427 2568 571 1065 1430 1699 1553 2380 1890 1236 289 2078 554 1888 2333 2267 868 429 340 878 555 1886 176 2029 681 62 802 2786 1053 332 597 417 1418 886 1492 2227 2108 1562 1686 2668 142 21 1398 361 1033 2743 1393 979 193 432 893 78 302 199 292 988 569 2117 2451 1038 121 1431 2090 2384 36 680 536 733 866 13 640 2421 1754 1272 1041 1949 1499 323 1268 2032 2047 2520 2671 1189 370 56 2210 500 1132 1399 1588 2038 380
453 1628 2163 401 477 1872 760 1233 99 437 816 399 380 981 1085 2122 1599 1976 2074 823 73 177 1163 2679 2829 1903 461 1145 2055 141 1510 595 1023 2274 1688 1808 1155 1404 2452 460 1906 1047 72 2098 2747 2009 2636 612 1100 2722 172 1089 2775 2577 208 2362 2587 156 1784 1241 174 1415 694 164 2469 731 2655 2126 1717 1682 1160 144 1479 320 850 2355 2420 2161 2318 1561 76 39 1559 1197 1267 1357 1786 1106 2288 1353 1593 739 1436 198 634 2000 2072 1257 2054 1798
1425 2197 2503 1199 1371 909 84 2263 621 941 762 1365 300 785 171 2678 2152 1726 1458 2571 1987 1449 183 2386 1315 2612 1880 2141 1802 2677 2109 2116 2572 959 2079 815 481 1605 1907 2401 2502 2591 335 1336 1866 2705 2623 2230 2160 1013 214 398 1217 1960 856 333 1525 2522 2425 309 1380 1280 1661 2761 236 45 2608 1084 1364 2182 506 2567 2056 2562 861 2720 2831 2760 2706 1108 1251 43 2751 1057 1286 2048 1596 946 2188 1064 2442 1139 1844 270 2216 644 1283 565 2476 971
239 2091 2794 2164 1781 2669 654 252 192 2025 525 1168 1299 61 49 2311 2232 449 2280 625 1787 1248 1435 1356 679 207 2173 2396 1924 383 408 225 1505 2070 2279 1598 139 245 1141 1127 822 2137 1037 209 838 1282 113 356 1829 27 216 1506 296 1303 858 1780 1018 1501 1187 1216 2406 1555 2142 1124 782 2599 2053 944 224 413 128 1648 1297 915 721 2762 2470 391 455 1902 1881 1582 1700 1817 854 1262 1711 1317 1143 995 1972 136 1395 430 2589 1961 1348 574 2779 2221
285 6 1221 582 1570 546 1891 1702 759 1083 2643 1260 1697 807 620 732 181 2816 1723 468 2666 1858 650 922 475 1916 2043 2346 2171 1797 411 2810 973 2476 1603 1153 820 750 2167 1541 1456 298 2268 37 1188 1882 1763 1284 122 1537 690 636 2313 334 2807 1285 1318 980 1884 2118 1865 1610 1015 372 448 1082 2152 956 1761 1605 459 2502 2425 1139 586 1308 1090 443 2194 2261 1006 1227 1199 229 829 1560 1080 2387 2278 2841 669 661 2706 594 420 42 476 1536 1768 2677
2721 715 1569 100 48 305 64 562 1640 1796 439 155 51 2433 1453 2034 2545 2650 1490 1901 2376 1860 2309 201 2713 2631 1422 2815 1316 2272 1636 1617 1948 712 231 1496 1096 1416 1965 1045 2836 1782 1897 1362 563 1586 1381 992 1993 497 2826 2046 260 2556 1148 2289 1123 2050 2513 2088 440 978 2241 559 1658 2652 1878 1584 550 645 168 900 2130 1307 1051 259 659 1840 2767 2352 1552 784 1486 445 1437 1046 2133 2007 2553 1261 1029 486 2337 2439 674 906 1663 1218 319 2769
1724 704 1664 1930 857 570 77 2456 756 1350 2039 1043 746 1792 1580 1551 2672 421 1776 2461 228 1457 280 801 1034 885 1887 1575 1861 2125 2356 2590 1196 689 720 1665 1392 1229 263 2418 2332 2004 2174 656 1191 57 2330 210 1877 294 1542 706 2739 793 2123 1234 2321 2659 2186 1758 2327 1859 1276 2229 1358 1072 2838 687 1375 133 1030 2513 349 797 548 2158 2694 2662 976 859 2548 2374 2215 837 267 2581 798 1238 1086 158 1947 366 1619 1291 2844 892 2198 1522 2206 2727
1453 2433 1901 1490 2376 2721 1569 715 48 100 2309 305 2034 2545 64 1796 201 562 1640 1860 2713 155 439 51 2650 1422 2631 2815 1496 1316 2272 1636 1965 2556 231 1148 563 260 1096 1948 2826 550 712 1123 2088 1617 1416 784 2289 1051 440 1212 168 486 2004 1878 663 2553 747 2836 725 1045 978 2672 2174 1986 1434 2337 559 2652 659 2135 2007 1993 1782 2741 1765 1840 366 900 2769 137 2454 793 1381 2050 294 259 1584 1392 645 1196 2728 1940 2294 1035 1586 1930 899 2538
2252 2491 2328 1179 2682 1977 1651 1583 1579 1063 998 841 2792 515 1531 9 1769 1578 1920 639 1791 945 952 919 118 1354 2097 748 567 1770 982 1470 1851 2647 227 2729 930 2379 1368 928 887 2225 114 1657 916 1367 2778 1566 819 2042 2349 923 1239 975 1585 311 2065 2310 517 1667 763 2488 1210 1211 2416 875 2304 2723 579 2459 7 1154 528 2559 2793 2711 808 382 2618 25 2575 778 2658 1271 512 816 738 2462 1219 492 98 1854 1688 479 1225 272 2214 2154 2333 1957
403 1159 1815 2455 1009 2063 264 837 2484 2844 1622 352 17 2092 573 2486 846 1122 299 2139 2833 1814 317 1571 2811 2797 2371 642 2269 428 90 1338 2776 969 2412 1982 600 2576 2255 1589 2100 1101 2731 2138 1060 667 1925 741 1549 2189 2403 1735 2473 203 1539 2215 1629 1619 2738 1520 127 2338 1572 2399 234 1349 1 1025 795 913 226 1615 685 1618 2727 879 2635 2648 1862 307 891 2614 577 262 961 1863 1509 472 2385 888 223 641 1278 991 1295 557 2213 1373 1540 349
879 226 2460 1619 557 2403 867 2468 2633 1735 1660 2607 1480 385 1925 1816 2431 1982 814 1366 667 1025 1863 428 472 2363 2776 2371 1341 2094 687 1078 1607 1530 160 2138 991 1295 2758 1069 1539 741 685 299 2811 2576 2833 2139 2771 1549 267 2092 2269 1807 641 262 1373 2385 888 2797 537 1814 2844 2783 1509 1421 2738 577 90 2710 2731 38 115 961 2175 2473 352 2266 1622 1803 891 1060 1238 1291 127 551 1589 1862 1242 2595 2412 403 2063 264 2255 2486 1101 2484 600 837
631 1518 1290 2282 2596 1017 2064 1613 607 1909 921 2796 662 2140 1879 2093 2049 394 1604 1058 1301 446 530 451 1981 2392 1567 984 1237 1906 2357 1978 1119 852 908 1002 2262 1621 2543 2085 660 918 942 124 1718 700 708 360 1491 2782 1676 1396 355 2259 243 1384 542 1554 1331 813 2458 996 1739 2530 1370 1673 1614 1105 54 2664 710 2134 1000 966 1853 1495 2660 144 320 2257 345 1705 2696 1681 2600 487 1404 1808 337 1089 2274 1100 1695 1155 1161 1508 1773 310 1145 1513
909 2448 1602 1616 1596 1866 2498 2115 387 1953 43 2348 214 2562 2188 1696 2688 971 1477 2442 644 244 2720 2725 957 1766 1889 2464 785 509 609 1108 2457 2128 1426 466 2404 592 844 1880 1802 2168 1139 5 1515 2841 270 1084 2351 744 150 1283 2508 498 1605 473 510 2502 2425 1556 1738 1080 388 163 2101 306 1199 2521 2169 1397 1061 2152 2124 375 2014 594 2768 1326 420 148 1502 1637 1488 2366 2203 2141 84 1591 2109 2179 1768 2761 941 2807 183 1365 23 1113 636 2572
2054 646 2787 1361 2000 1451 1334 1559 1106 1798 2323 962 572 1230 1951 1175 1306 485 727 589 658 395 2644 2540 1394 545 2277 529 989 1683 1389 2546 1115 1213 2066 1427 2178 2113 304 374 1801 803 2579 293 251 2759 581 2381 2114 789 1900 1257 101 2040 1786 364 215 436 2504 1971 1883 737 483 341 1898 240 1137 2072 1207 614 1353 2238 1300 766 2784 1558 1093 714 1087 1561 328 2242 39 2320 739 1357 2495 2288 76 2281 926 1818 1180 564 29 2756 2533 898 1149 853
1475 2236 1662 2429 484 2059 999 363 786 467 1568 758 389 534 2687 1378 806 2244 936 780 1465 2053 1481 471 314 430 1967 2634 840 464 2407 2301 390 1756 418 1635 478 726 89 2465 2505 1022 1050 344 1039 1706 1008 1438 108 1918 1789 402 1097 2765 452 1124 1293 927 52 53 2715 1831 1715 1140 1037 1822 1018 1275 1655 2611 2398 159 628 1062 1692 1929 1143 1317 753 580 2806 1216 346 1262 331 1932 455 295 1730 2821 805 1024 501 129 391 326 655 2142 2467 31
998 1583 2792 567 118 1791 2328 515 2491 778 1179 382 1970 808 2711 1579 517 975 919 1063 2065 952 1354 2778 2252 1851 930 1769 2682 1977 928 1854 923 2379 2729 1657 1651 1531 841 114 1470 9 2304 2793 748 311 7 875 1210 982 763 227 2225 1770 887 151 639 2559 1920 819 1271 945 2349 528 1578 2361 1367 916 1585 1239 2647 1667 177 2042 2829 2416 98 2474 1163 1368 2081 2122 2679 816 871 2618 461 2055 1903 981 701 2310 1819 2097 1085 353 776 537 1835 166
2707 2011 1444 1328 1679 1623 1054 645 947 1663 1649 169 2837 445 440 1782 2836 735 2130 1045 2050 319 1029 2767 712 1617 1993 1381 1544 2439 1658 2241 179 1840 1253 1422 1552 2840 51 2628 1261 2287 550 965 1218 173 305 769 463 518 155 1640 562 194 1775 2735 1051 2650 2352 134 2133 900 439 197 1307 2046 2482 1486 2631 1416 1437 2088 1208 1757 1897 992 2375 563 906 559 2652 1948 674 659 259 489 1860 2076 1710 2084 1096 2419 161 2002 2721 2515 1153 1586 1417 1158
2810 2171 2043 2666 650 2816 1916 2346 475 1723 1891 1153 1603 820 1541 750 807 411 582 334 1260 1702 1761 2643 759 732 620 1882 6 546 181 372 1865 956 1221 285 1083 1570 2387 468 1697 1797 922 1188 829 1858 1456 2167 2476 2841 1139 37 2268 1284 1605 2502 629 1763 1953 1213 2152 1898 1537 1696 240 803 636 1227 420 2113 364 1883 2807 1533 407 1846 148 1093 2066 2313 1515 436 1353 473 251 1397 304 1150 789 766 1900 2040 2784 1593 529 215 1222 2178 2540 483
885 857 1350 801 1043 2039 1457 263 1229 1887 2659 1551 706 2356 1542 2739 1191 1877 656 2321 2332 1776 2590 228 2123 2672 720 1664 77 1196 421 1724 704 756 1159 403 837 2455 264 1009 2063 1815 2229 2484 2844 687 2092 1982 1925 1622 2139 1575 299 2371 1619 2833 428 667 2797 2776 1814 133 797 976 746 2403 548 1735 2269 859 2662 2486 1930 2189 879 1086 1375 1358 2206 1947 294 17 2576 90 891 352 2581 1193 2694 158 846 741 438 2460 798 2703 2412 2215 880 573
1532 1896 2099 330 2674 2742 734 354 849 2479 152 1339 458 2819 313 1741 1376 2500 847 1708 2228 2191 696 2557 1827 28 505 1563 1917 2283 1704 671 532 523 1335 2177 238 1956 2250 2181 2028 120 2552 2365 175 2681 705 2716 972 587 503 2534 1873 2119 92 2689 2594 1297 2062 633 1003 2527 2764 81 1680 711 2193 772 2592 2773 1117 261 1092 1414 872 2812 2322 2370 2144 2715 2397 1388 670 2105 2574 552 2052 2199 2137 1875 1840 822 1151 1468 1627 1437 1746 109 168 1961
257 2843 937 1731 1871 1527 1138 1894 1707 1455 1516 535 2609 2613 2377 1800 1385 1645 406 2145 1007 1779 288 519 2341 186 1526 1419 742 416 253 821 1079 2516 2331 811 709 2763 1442 1992 336 1511 410 1969 2219 1200 773 1325 1068 248 2102 1498 338 1670 1466 730 2095 648 1131 1133 883 605 112 1379 1424 365 749 1110 1243 1040 94 434 2549 1794 538 544 1479 843 2788 435 1387 2746 2830 392 1311 2364 1783 1454 2290 610 1966 2730 678 2299 568 2151 593 1309 855 1005
1539 1735 428 2797 2776 2403 2576 2371 2269 299 2833 1549 1982 2139 879 2092 1925 1619 2468 2844 667 226 741 1025 352 2175 557 2460 1295 2633 991 867 160 1078 1480 2094 1816 1530 2431 1660 1366 2607 814 385 1863 1807 2771 1814 1242 2226 1607 2710 1341 687 641 2363 2758 1069 1238 1629 2473 2385 1291 1373 2738 262 888 1421 472 969 1589 90 891 577 2189 2731 1509 267 2783 2266 685 264 837 2138 127 2484 2595 2455 2524 2104 2811 273 2063 1009 551 1622 1122 1803 147 203
1146 2367 1752 2270 1545 626 59 2389 547 2082 4 1386 556 1407 1799 1202 950 1737 1624 987 613 312 2832 635 2069 2477 826 266 2501 188 1405 283 85 611 2300 1319 221 1926 2148 1491 943 1934 996 2530 2044 977 259 1172 2150 1477 1771 2010 2312 1092 2274 463 853 1197 904 433 440 2719 1089 1241 2790 817 1703 1404 1307 1486 255 2722 2216 959 1088 2728 2133 345 816 2652 2577 1288 2840 2636 2207 1931 2588 2515 941 477 906 1100 2205 1766 1558 1883 1102 1808 692 172
523 505 1563 175 2181 28 2500 2250 2552 2716 238 2283 705 1827 313 2365 2819 458 2689 2191 849 2479 2534 152 1896 734 1741 2674 2370 1339 81 2119 1532 847 2557 587 2099 2228 120 1708 2681 2527 330 671 1917 972 696 2193 354 2742 2177 1376 1335 92 2594 1680 1704 1111 2592 1873 125 2052 602 503 1332 2764 1117 1912 633 2144 2806 788 2322 740 2398 1003 753 532 994 1475 1831 2634 2440 552 864 129 711 2687 1026 877 2611 1314 271 840 1220 1730 2465 2505 1655 2597
2689 2365 705 2534 81 2370 2716 2119 2552 1563 28 2181 587 523 238 2250 505 175 972 2527 2500 2479 2819 849 2283 458 2557 1827 313 152 2191 1532 92 1741 2681 2674 1376 1708 120 2177 1896 847 2052 2099 1704 734 1117 354 1339 2228 602 2144 2193 2764 671 330 1873 1111 1917 2592 1332 2742 68 1220 740 968 696 2398 753 1026 1314 503 2467 628 2690 1692 633 2465 2505 125 1912 1680 2687 2806 2322 2821 788 2237 1048 726 1335 108 329 346 2062 771 478 138 2105 655
2109 2567 2751 1171 1214 22 1661 2152 2502 1605 744 1139 941 84 2823 1987 1371 454 2677 481 1866 1802 214 909 815 2141 1880 183 621 785 752 1044 2841 2222 171 851 959 2263 1032 189 924 2060 1960 2503 1602 2740 1703 2726 106 2162 1953 2216 2348 1927 1286 1199 1632 20 167 1363 506 1365 396 2048 1288 2554 1995 96 419 1744 1844 565 957 894 2404 609 2153 1108 2464 1766 1889 2627 270 1283 592 1059 1556 40 150 2182 400 2761 2608 236 43 2760 1084 2115 244 45
2510 431 70 1125 1753 2777 2772 2077 2478 1839 2561 2161 2818 1035 1759 315 2757 1165 2302 2622 1557 1390 191 2015 1252 1834 18 1842 951 2663 601 2 2686 2315 1320 1747 1798 962 1989 1801 161 485 2644 2685 1114 1951 1976 2323 395 1075 1106 889 1306 461 529 767 1559 2009 1980 1207 823 502 477 2277 2787 1230 2113 1389 1175 1510 768 2482 2546 1137 1683 803 1213 269 2242 737 688 1908 172 29 2829 589 2178 304 2074 990 67 2636 2759 374 202 277 2667 2122 1197 2577
1385 1007 1779 1526 2145 406 2516 1442 1894 1992 519 2763 1871 1511 186 1969 773 2102 1707 1527 1731 1325 257 1138 1800 742 2613 1645 709 288 937 1670 535 1516 2377 2609 1455 821 811 1079 2843 2219 2341 416 1068 1419 410 253 2095 336 883 112 605 2331 248 1379 434 1466 365 338 2549 1110 1498 1783 544 730 1040 1718 1794 749 648 1133 1131 1424 435 1200 538 610 2788 2290 1311 2364 2746 2299 2830 2730 2680 1966 1243 94 870 1309 881 1020 855 2151 678 1005 1968 593
70 1125 1753 2772 2777 2077 2478 2510 2561 431 2161 1839 2818 2015 1252 1759 315 2757 1165 2302 1557 1390 2622 1834 191 951 1035 18 601 1842 2663 2 2315 2686 1989 1320 767 1747 1798 277 962 1075 2242 485 1207 1980 502 1137 688 737 1106 2323 436 1908 1334 1801 29 1235 1951 2685 1213 426 1533 2113 1257 853 2644 2504 67 215 1786 2759 529 990 1389 1559 803 581 634 1683 889 284 1114 1230 2430 2066 2009 2072 2509 477 1197 1689 882 1971 409 1900 2471 1357 2787 789
2270 1407 2082 547 1386 556 987 635 1405 312 2832 2300 1926 188 221 1146 1624 85 1752 943 2367 2501 1319 2790 817 611 1102 1545 4 626 1934 2044 59 2411 2389 1656 1644 2528 1202 2817 950 1737 1799 613 2069 826 1422 2381 1883 2515 1993 341 2588 2351 550 1353 1900 2840 1898 240 2148 2150 1663 203 2508 374 439 2775 1444 174 2040 2277 757 1190 1045 101 1971 1415 1088 694 156 259 1491 433 1096 1093 278 1225 2762 766 989 251 1087 328 1954 463 1163 898 2154 473
1624 312 2832 987 2501 635 1407 1146 1405 1934 2411 2270 2044 2528 556 1386 2082 221 1644 547 943 85 1102 2790 1752 1656 2300 188 817 2817 1926 2367 4 611 1319 626 1545 59 1202 2389 1737 613 950 2069 2574 1422 259 977 826 1092 2515 1190 2148 2424 1552 2397 463 1799 1617 900 203 2544 550 2312 2084 606 2133 1437 2200 2826 1172 563 266 712 1983 445 1486 2419 1835 1045 2088 983 260 2477 2010 1208 1313 2652 1029 489 559 480 1484 1414 978 1688 2714 1468 925 2040
1944 2294 1055 1056 2728 2207 725 165 2558 1825 1940 1986 899 137 1212 2135 1606 204 2741 1130 116 97 1463 2736 2825 2842 447 692 2041 2292 1134 1935 2719 2766 246 2319 1126 2068 2511 1547 1067 79 442 2305 362 722 2665 1841 790 2506 686 1962 1076 2248 2291 2057 2813 2286 574 2580 1088 2382 804 1223 948 1874 1452 1464 677 1937 2258 494 1639 1513 1785 1161 1847 1590 67 2683 1773 2639 499 766 540 627 2413 310 2583 407 1795 2393 1228 2827 249 1810 2598 647 2436 2295
2252 2491 2328 1179 2682 1977 1651 1579 1063 1583 998 841 515 2792 9 1769 1531 1791 919 952 1354 748 639 1470 930 1851 2729 2778 928 118 1657 2379 1920 2225 2065 1578 567 1770 982 114 2097 945 887 763 227 819 2647 923 916 975 1585 2042 1667 528 311 2723 2310 2559 2304 1210 875 517 808 1211 1368 2793 1367 2711 2349 382 1566 2618 2575 778 2416 2488 7 1271 25 1239 1854 1970 1154 2658 2019 151 579 2459 1688 910 513 2775 816 512 2661 2740 492 575 738 1420
1681 487 2600 1705 942 1384 2085 2543 337 2458 966 1495 1742 1002 2660 1978 2392 1119 852 1718 984 2257 1853 2696 2262 1614 1000 1673 2259 921 1331 1695 1739 360 908 542 660 2782 2664 54 710 1676 1893 1508 50 243 791 1017 1370 355 2369 2357 1287 1031 2596 1554 2803 1565 2064 320 1396 813 144 1105 1290 2282 1518 1479 631 662 1981 1237 1604 2134 607 446 1301 530 1567 451 1613 2796 1387 1909 1200 1903 2679 1682 322 1100 1808 1404 747 1058 2154 1954 1423 1089 2483 2122
2707 1444 1328 1679 1623 1054 2011 947 1663 1649 645 169 2837 440 1782 445 2836 735 2130 1045 2050 2767 712 319 1029 1381 1993 1544 2439 1658 1617 2241 1840 179 1253 1422 1552 2840 51 1261 2628 2287 1218 550 305 965 155 1640 173 562 518 769 194 1051 2352 463 2650 1416 439 2631 900 1948 1775 2133 2046 2482 1096 1486 2721 1307 2088 1860 2735 134 992 1897 259 563 659 1208 559 1437 906 1757 1710 2652 2713 1417 2272 161 197 1489 674 260 1586 2553 2515 1362 715 2732
1125 2777 1753 2772 70 2077 2478 2561 2510 431 2161 2818 2015 1252 1839 1834 951 601 18 1842 2 2663 1759 315 1165 2757 2302 2622 1557 191 1390 1035 1989 767 2242 737 277 2315 2113 1389 1798 436 135 1533 962 215 29 1075 485 1213 558 2546 67 688 1951 409 2686 1728 2323 91 1980 2066 2178 1683 2504 1801 789 1230 1334 1478 634 1323 2430 581 240 1115 2024 1835 2759 213 184 2644 2413 2542 2122 1559 304 2214 2295 967 1106 502 2172 103 1197 646 1808 831 369 529
545 1394 1801 1093 1213 2066 2277 529 2579 407 1683 1898 2113 2178 304 395 2644 789 328 1230 2504 2242 766 2759 2238 341 581 483 2546 240 1115 1389 1883 572 465 1353 2040 2381 1451 1593 364 101 737 215 436 374 1361 251 1900 803 2114 962 1427 1300 2784 2540 1798 1087 614 1106 1951 727 658 1175 485 1306 589 1559 1334 2000 1257 1561 1137 540 1971 2323 2072 1207 898 2022 989 2787 751 1558 1035 1044 646 777 676 2054 1996 2235 1197 1727 1091 499 834 1786 714 2260
1124 1037 430 2053 1140 1216 391 2236 1921 721 2402 1647 1317 1972 2061 1829 1918 1395 1303 1967 1756 1635 2279 1475 1187 390 1715 1050 805 1924 1506 455 1648 402 471 314 2406 344 1262 1822 1293 1438 1011 1143 412 1008 295 936 1024 1097 2806 504 561 1568 27 331 1118 363 1168 1299 159 2407 2301 655 2470 252 2505 2465 1929 2531 858 484 1789 758 580 2429 2611 1755 1018 806 1022 654 2142 786 2698 643 2091 1787 2634 2059 2715 1662 1781 389 1612 927 2280 139 2467 840
1146 1752 2367 1407 2832 312 1624 987 2270 635 556 547 1386 2082 2501 221 1405 2300 950 85 2790 1926 1102 4 943 1545 1202 1934 59 1799 626 2069 613 817 188 2389 1656 2044 2411 1644 2528 1737 2817 518 1636 1316 2241 1840 1965 1319 2836 1496 2272 826 2815 611 1422 2628 550 266 1148 563 440 663 259 2148 1045 1218 2477 2652 1051 977 2826 1782 1096 925 2088 1416 1700 1948 2312 2713 2767 2556 735 260 900 155 559 2045 480 1353 240 1092 2133 1993 1617 1437 983 2840
2320 2756 1728 293 2533 1149 754 1231 2021 29 2673 286 2172 1533 757 739 2787 218 967 2430 2024 24 2143 1719 1689 2260 1597 1804 426 634 792 2296 853 91 2235 2224 2472 213 76 1312 1984 752 2638 646 540 558 1448 1265 1478 2413 2054 2295 1361 2323 1451 1334 1296 2409 1928 2615 2408 1559 1106 1166 707 898 895 119 93 989 2000 184 1593 135 962 1590 80 485 2540 1306 1798 1951 1197 589 1175 727 529 2354 658 1558 1561 714 2277 436 2072 1900 1849 395 1683 1257
967 1719 1804 792 91 2296 2235 2024 2143 24 2430 1689 634 1597 426 1533 853 739 2638 2260 2756 2533 1149 2320 540 29 2172 2673 286 2021 293 213 1728 754 1231 1593 757 1448 558 707 2408 2224 2615 2295 2413 1478 218 184 1265 499 2110 135 1197 2409 895 93 1590 1166 1928 1561 2354 898 1849 2472 119 465 76 2787 1383 1984 1722 2390 1296 1529 1312 424 1269 714 1035 1867 2566 1334 291 1558 19 676 520 2323 232 1945 2242 1733 1087 2744 80 752 2072 240 1535 1207
1096 1416 1948 1362 1897 497 1586 992 2046 1316 2272 1636 2815 1496 1965 1860 2352 1218 1051 2556 2721 64 48 2713 715 1261 1569 305 100 2034 194 562 2545 1796 2628 439 2650 155 1993 712 1617 547 51 899 2135 1386 1552 2433 2741 1640 1212 563 1045 1307 2319 556 1558 442 259 2241 2482 260 1123 445 1422 659 1087 900 1782 463 221 1926 137 1381 2270 1663 2836 1148 1701 2292 2699 1584 2755 692 204 1878 319 2082 188 2790 1490 1319 1486 714 1207 635 1001 111 559 85
2054 646 2787 2000 1389 2546 1115 1361 1451 1559 1106 989 1394 545 2066 1213 2178 2113 304 1951 1175 1306 485 727 589 658 1798 1334 395 2644 962 572 2540 2323 1230 2579 529 2277 374 803 1883 1683 1427 1257 1786 581 1971 293 2114 2381 1300 483 2784 2759 789 215 436 364 101 1900 737 1353 251 240 1801 2040 341 1137 39 2504 614 1357 1818 2495 926 2288 564 2281 1180 76 1593 1898 739 2072 1207 2238 766 230 1091 1558 1996 328 777 714 1087 898 1093 2320 2242 2224
1235 2471 103 297 2624 1845 2601 990 502 688 1323 1340 2276 284 126 1908 578 848 1186 1830 903 1413 768 702 1767 1608 1114 1391 931 2314 684 2388 65 1107 1720 1821 522 1512 250 1975 1254 835 1310 2667 962 803 2759 374 1839 2478 1798 2772 215 1125 2323 2077 251 1753 2777 2302 315 1834 1759 70 2561 364 2242 436 2040 2015 431 737 101 1137 1207 1165 844 2161 529 1558 2504 2644 1801 2579 2787 1252 2757 767 1427 1087 1035 2457 614 426 2510 485 1916 1597 395 1394
1754 2421 640 1949 1038 13 1272 2520 2210 2671 1041 865 323 2083 1910 1337 2032 2047 1189 56 370 377 828 2578 432 729 2539 1429 933 2629 2798 2602 672 698 1049 2828 1668 932 1374 1521 2221 2038 964 1070 1399 955 2031 2333 2428 839 1249 1952 340 2120 1256 1266 2267 2380 2640 1553 2108 358 121 901 1236 2217 988 2090 2795 2335 1430 1886 536 2808 193 2568 1699 2415 1329 743 1793 332 2078 176 2423 1764 2570 1492 2117 427 569 142 2786 2227 2839 802 979 571 2348 868
166 2738 405 1964 1828 2835 2614 1421 2820 600 2266 226 2013 2484 2338 2648 846 2100 837 1622 1278 264 2063 2486 1324 642 969 17 2844 1571 2094 2189 160 1009 1078 352 1530 573 2455 2758 2092 1159 1069 1607 1341 299 2139 2833 2269 1815 2473 403 1060 1539 2371 2403 2776 90 115 2797 741 428 2255 2576 1101 38 317 2811 2412 1995 577 557 879 1982 1338 1735 349 2460 2138 1549 511 537 667 1925 203 2215 1862 2175 2635 1615 1994 2226 472 1025 1814 892 1618 2595 1698 814
2252 2328 2491 1179 2682 1583 1977 1651 1579 1063 998 841 2792 515 9 1920 1531 1578 639 1769 945 1770 2097 1791 919 2647 1368 982 952 118 227 1354 1367 567 748 114 1470 1566 916 2225 1851 1239 2042 887 2379 2729 930 2349 928 819 1657 2778 2310 517 2488 1585 1211 763 2723 923 1667 311 2065 2416 975 2459 579 1154 512 1210 2711 875 382 528 2304 2575 778 7 1854 492 25 2559 1271 2658 2793 2618 808 2026 566 2462 1970 1209 151 98 513 1688 816 2334 2474 1225
951 2818 1834 2015 1252 767 277 1443 1938 2686 1833 18 1842 889 1747 2 2663 601 2161 1980 1353 2702 240 483 1883 1300 1989 2784 770 2496 369 1801 2579 789 2315 1593 2077 2478 2277 2685 1125 2777 1753 2772 2546 1394 545 1115 2540 1427 70 1389 2561 529 2504 1460 211 1557 2302 315 2757 2532 1759 1165 1683 2622 374 1390 2066 1213 2113 191 2644 2178 1035 304 2759 465 395 1900 364 581 215 436 101 989 646 2381 341 803 2510 2000 251 737 540 766 1106 1559 2040 2242
1624 312 2832 1146 987 2501 1407 635 1752 1405 1934 2411 2044 1644 2528 221 1102 2790 2270 2367 943 2300 85 1656 817 1386 556 2817 547 2082 1926 188 4 59 1202 626 1545 950 2389 1799 613 1737 1319 611 2069 518 550 1422 1190 2836 259 2574 1092 2515 977 2148 925 480 2424 2477 983 826 1045 266 489 2652 2088 2826 2827 1513 2312 563 1161 559 712 1782 2241 1172 1847 440 2714 2840 1617 1414 900 463 1773 1840 2190 2700 1437 1948 2010 1176 978 2016 2133 735 2084 606
1882 956 2468 879 557 2363 685 2710 2460 1619 551 38 1025 20 2726 167 2431 1744 1366 814 385 454 2162 226 1480 1816 2607 2403 1660 867 2633 1863 1982 1925 1995 2749 667 267 991 2573 687 115 1129 1629 342 1059 1807 1735 2727 2740 741 1295 400 2094 160 1607 154 327 1078 2385 1530 751 2771 472 1341 641 147 1539 577 428 127 2833 40 888 2139 2030 299 117 1373 2783 2776 1069 2823 2576 2444 2758 2595 262 1524 1659 2738 592 1509 1697 2371 2269 669 2092 1803 2791
503 772 711 1680 633 2322 2592 2193 1111 740 1332 2052 602 1746 2237 1335 2250 587 2119 2228 313 261 2199 152 1852 81 972 238 1339 2594 28 2773 1741 2552 2557 1774 1003 2681 1314 671 2764 120 505 2534 2283 458 847 2716 523 1532 1704 872 175 1955 1827 1473 159 2144 2265 2365 2028 2597 1708 552 2813 2819 968 2479 1117 2527 1182 109 1563 12 2062 1297 2057 2598 734 2393 2500 790 532 2248 1639 705 2683 271 2181 864 2610 2814 2436 92 330 1109 1408 657 367 849
1705 2600 1681 487 2085 942 2543 1384 2458 966 337 1495 1002 1742 2660 1978 2392 1119 852 1718 984 2262 908 1676 921 2257 2696 1853 1614 1673 1000 1331 2259 1695 1739 2357 1017 360 542 660 2664 2596 54 320 2782 1508 243 710 791 1893 144 50 355 1370 2369 1031 1287 2803 1479 1565 2064 2134 1554 1396 1290 813 1682 2282 662 1621 1105 1518 631 607 1200 1387 1981 1237 1567 1604 2796 1855 1301 1903 2373 2679 1423 451 1485 21 1533 446 1519 1954 2722 322 530 29 2122 2154
2756 1728 2320 754 1231 2533 1149 293 2021 29 2673 286 2172 1533 757 739 2787 218 967 2024 2430 24 2143 2260 1719 634 426 1689 1597 1804 853 213 91 2472 2296 792 1312 1984 752 2638 2235 646 2224 2408 707 558 1296 1478 540 1448 76 2413 2295 1265 2615 119 80 2054 184 2354 135 1361 1451 1559 1106 1849 2000 529 1383 989 2277 1951 1593 962 727 1175 1306 2323 589 485 658 498 2366 395 2178 1798 304 545 2644 2113 1334 251 1394 572 436 1213 1801 898 1900 1230
392 1419 301 2331 937 519 257 1731 2843 1871 1138 1778 1527 1455 1516 2609 1707 1894 1385 2145 1779 1007 406 2341 2763 535 2377 1800 1526 1645 186 1992 2613 1079 821 253 773 1442 410 709 2516 416 336 811 742 288 248 2219 2102 1511 1969 1200 2095 1068 648 538 1498 94 1131 1424 1325 1133 843 338 2549 365 1466 434 1670 730 605 1243 1309 1077 1794 1379 610 568 1142 1040 1454 2746 2830 855 1634 1311 2087 112 749 1495 1020 2680 678 435 2492 774 2243 2290 544 717
687 2662 2104 2524 273 1242 2801 2189 414 697 143 2363 557 2460 2548 147 1129 2517 2619 879 1440 1514 1539 741 1375 2226 718 1215 386 2298 1355 2529 1735 2271 2710 1445 30 71 2175 1549 1167 127 2595 2444 2002 991 638 969 2607 1295 810 1653 537 2633 1982 1619 2403 1660 961 1816 1494 1807 1480 1803 1366 2473 2797 842 1618 1925 958 2246 1811 867 685 1863 2138 2635 577 2187 1349 667 428 551 511 787 1675 1540 2468 1509 1059 1081 1025 976 2340 888 1947 2844 798 2776
1870 26 348 1369 925 2454 2769 2649 2714 480 2538 663 550 179 518 1422 2130 1441 712 1617 2840 463 2050 720 1358 1665 1776 2123 197 689 366 746 756 2375 2004 797 704 1045 793 2456 1859 1930 228 1392 860 440 2327 656 1664 421 1417 2672 1551 77 445 1861 2332 48 1765 1034 2461 976 2590 2418 2659 305 64 1758 885 1350 735 857 280 570 2330 1191 1724 1877 2125 588 1029 493 1489 2229 2638 1229 1030 2155 2356 514 263 1234 2174 210 1279 2039 1701 1796 260 2694
1944 2294 1055 1056 2728 2207 725 165 2558 1825 899 137 2135 1212 1986 1606 204 1940 2741 116 1130 2825 2736 1463 97 447 2842 2766 692 1935 2041 2292 2719 1134 246 2319 1126 2068 1547 2511 1067 79 442 362 722 2665 790 2305 1841 686 1962 2506 2291 1076 2580 2057 2248 2286 574 1223 677 1452 1874 1785 1088 2813 804 2258 494 1228 1931 1847 1795 1161 948 1513 1773 2382 627 1464 499 407 359 1728 67 766 364 1937 540 2639 2683 2435 347 2413 657 1590 2238 2040 251 2598
1113 629 1144 1477 909 882 123 2503 1371 1865 1487 1183 2823 2677 1987 281 2627 941 924 2150 84 1757 986 2572 481 815 1199 2494 2263 1641 327 396 1084 117 959 1525 2152 1687 1471 851 275 1922 953 1659 2620 2573 1280 1880 1458 2623 398 1960 2571 1979 474 104 506 1866 2761 1400 183 592 2386 214 907 1696 2678 244 2115 40 621 171 1255 270 2116 2688 2141 1616 2245 1723 1591 594 1423 1768 229 820 565 1283 2216 2502 543 957 1605 1139 1661 546 1802 582 1766 1541
540 465 1561 291 1197 676 1631 1593 499 832 1535 2129 1346 2542 617 2260 2235 2242 1801 792 91 2296 1804 1035 1719 2110 967 240 483 2022 2784 1883 1353 1300 789 1087 1999 1928 63 1333 1019 1298 1166 898 1434 614 182 1103 2409 940 1712 2579 1343 198 895 2112 93 1590 2737 1004 2497 783 739 1760 60 75 1304 2504 149 2072 1207 1213 949 954 1558 751 2066 407 714 1093 1427 1838 1137 2180 2540 1685 2113 683 1257 1971 1334 803 2178 2323 853 2277 1990 1683 341 304
1325 1526 1779 2516 2145 406 1670 1385 1442 1007 1511 1969 1527 186 1894 1871 1992 709 1068 811 821 535 2377 1707 2102 2763 773 519 257 1079 1731 112 1379 1455 2095 2219 605 1110 410 937 1138 288 749 1645 1794 2613 1800 1516 365 2341 2788 742 1783 1131 544 338 2151 1466 434 1243 2364 2549 1040 2746 730 2299 2290 2730 1005 336 883 1311 2609 1498 253 673 435 1966 593 416 568 1424 2843 870 610 1133 2830 94 1419 248 1968 538 648 1309 1718 2560 1020 1573 1581 2680
455 1262 2470 1140 1506 1216 1568 2137 1829 1124 2232 391 2531 2698 822 1273 1924 113 1612 1024 1918 1037 1299 1168 2279 2236 2053 1303 1503 268 799 858 1967 1011 344 1635 252 390 726 1018 2142 331 131 2765 643 782 1505 1317 2632 1756 314 430 27 1843 138 806 452 1475 1780 1141 1875 1356 654 363 2407 2301 1647 402 721 655 295 1662 1929 1715 1755 1008 927 2429 805 61 207 383 1789 216 241 1275 471 2061 999 49 484 1787 1706 1472 525 1143 464 1395 1692 225
1049 839 932 955 1521 698 2421 1041 1754 1038 1910 1949 1272 323 2083 2520 2210 640 13 2671 2047 2032 370 1189 56 1337 2578 377 828 865 933 2602 220 2828 672 1668 1249 1374 2428 2335 2795 2629 1764 2570 1429 2539 2640 21 199 1329 571 2380 332 680 2839 340 729 2451 893 417 289 2798 536 2384 2423 979 121 2267 1256 681 737 1053 215 1398 1686 1683 2114 1559 2108 176 78 569 39 1106 62 766 436 193 29 901 1952 581 1602 2227 988 1786 989 2333 886 941
2479 849 2819 1532 313 458 2500 152 2099 1896 2557 2674 2191 1563 1339 734 1741 330 28 1708 354 505 2716 847 2742 523 2365 1827 2228 2283 2552 175 2250 2181 238 120 1376 696 705 2534 2689 2119 81 671 1704 2681 1917 2177 2527 1335 2370 587 532 972 92 1680 2594 633 2028 2193 503 2592 711 1501 915 2599 1582 2062 692 2762 351 1962 1711 413 1835 1092 1817 1740 2292 1386 2736 944 1225 447 1111 1126 2809 1297 128 136 278 2169 2086 1902 2154 322 547 2598 2195 1226
2767 1993 1617 712 197 1422 1663 2130 2840 463 2050 1045 550 179 1029 134 947 1328 2375 1782 1444 2836 1710 2707 735 1489 1054 1417 440 445 2837 1649 1701 860 169 645 1679 433 2011 1623 2631 1381 2241 1788 1658 1218 900 1261 51 1437 1369 1552 1486 1051 2649 2628 305 1544 2735 1840 2439 1416 2133 925 2652 2419 155 1307 1208 1948 559 194 1253 2352 1640 319 1897 2046 1096 992 489 563 2088 2650 1362 2454 1870 977 2482 26 562 2289 259 2826 480 173 965 260 906 2424
2495 76 39 564 2288 926 1818 2281 1180 1357 230 1091 1996 777 1786 2224 739 1971 2114 1257 1559 989 1106 2000 581 2787 1451 1361 1137 751 803 1538 2699 2489 1683 737 1846 2072 1207 614 1087 1093 2493 2247 1558 407 1593 2324 1353 240 215 2784 1801 1900 1804 483 2242 1300 436 2296 1883 2054 374 293 792 646 1719 1394 441 967 529 1230 834 1036 341 2785 2540 1152 47 1476 1798 328 2644 1389 198 1482 2443 898 364 920 2381 2504 766 1919 395 572 2235 2040 2695 2555
1624 312 2832 987 2501 635 1407 1146 1405 1934 2411 2528 2044 2270 1644 556 221 1386 2082 943 85 1102 547 2790 1656 1752 188 2817 2300 817 1926 4 2367 611 1319 626 1202 59 1545 2389 1737 613 2574 2069 977 826 1422 1092 2312 2515 2397 1190 259 266 2148 1552 2424 1799 463 283 2084 950 1835 606 2133 2477 1468 1983 1173 2200 1313 1401 900 1172 489 2652 2826 1688 1617 2544 712 2419 2154 983 1486 345 132 1151 2661 2214 2564 1437 831 1225 1222 351 2088 827 545 260
1132 1588 536 1431 36 2117 866 733 1499 500 1268 121 2090 142 1492 2078 680 802 1886 1699 429 1256 1430 1236 2267 1553 2380 2333 1053 432 988 193 878 569 1890 2029 2451 1038 2384 868 21 2668 743 289 681 2743 1398 555 1562 199 1888 213 2227 1033 1764 2423 78 1785 302 2602 558 979 176 1728 332 2786 1719 2561 1418 1393 554 1228 1478 91 967 1065 2295 1448 1668 184 135 893 1374 465 2024 1272 2570 361 24 2615 2408 707 2413 2113 1685 1213 2108 62 1773 292
687 2403 2797 90 891 267 1539 1238 1291 2844 2776 428 1735 2175 2662 2576 1982 2371 2269 299 741 1619 2092 879 2833 2139 2473 1925 667 226 1549 352 1025 1660 264 557 403 2455 2607 867 2633 1589 837 2431 1480 814 2468 385 2460 1366 2710 1814 1816 2189 1159 2484 1295 1009 2063 1815 2548 991 1863 685 2138 1375 551 2731 1242 1807 1622 2363 2771 2002 472 17 2811 1629 842 115 641 2094 1494 1607 888 160 1078 1341 2198 573 1653 262 1509 2588 1373 2486 1675 2187 2385 38
2152 2502 84 2751 2567 1371 1605 941 2109 1987 1171 1214 1661 22 2141 621 183 1139 171 1802 2263 1880 481 2503 785 815 909 214 1866 2677 454 959 2841 851 2048 924 744 1953 2348 1960 1032 506 270 1365 2761 1288 1283 1286 2216 565 1703 1927 189 1632 1844 1768 2060 2522 1108 2056 45 106 1199 2182 1602 1525 1363 2608 236 1280 2760 2623 2197 1251 2831 1064 1084 96 2705 894 419 2404 2425 957 1889 2153 2554 2612 396 167 1364 20 2162 2572 2464 2726 2401 2562 2222 150
1512 65 1310 1107 768 903 1254 2388 284 1908 684 2601 990 502 2471 1608 1340 1114 848 2276 1235 931 297 1323 1830 1845 688 103 578 2624 835 702 1767 1821 1720 126 1186 1413 250 1975 1391 2314 522 2667 1286 2571 333 1801 1844 240 1804 483 1064 506 967 1032 1277 2831 2784 37 2579 565 205 1458 481 2705 2759 789 844 1907 1144 1987 2608 2015 1353 309 2504 2661 1217 2457 1839 803 2161 1300 2162 1364 5 834 2425 2561 509 251 2522 1035 1015 2060 215 2058 236 2056
631 1518 2049 607 1290 2282 2093 1017 2796 2596 1879 2064 1613 1909 2140 1604 530 446 1301 662 1058 921 394 451 1237 1981 1567 1906 2392 984 2357 1978 1119 918 1491 124 700 708 1002 996 2530 1396 1621 2543 1105 243 345 355 908 660 942 2782 1384 1370 813 1554 2085 2262 360 2257 1673 1404 852 2458 1100 1808 2660 1688 1331 542 2636 1564 2274 966 1089 1853 1739 1000 72 710 2692 2827 1695 1988 651 310 909 1179 816 2573 2664 1155 2259 384 1681 1587 1837 479 831 1795
2685 2702 1980 2315 277 767 369 211 2532 1460 1989 2496 1443 269 1938 1833 889 2686 1747 1548 2818 2 951 2663 2015 1834 1252 18 2510 431 770 1842 1759 2302 1165 315 1753 2478 70 1125 1557 2777 2757 2772 2077 601 191 2622 1593 1390 2561 2161 1091 1996 1442 240 2784 1073 1180 1971 2281 39 2242 2296 2388 997 1257 1511 198 1561 2288 1786 2755 1844 1804 1601 777 1357 803 1320 1954 1535 1353 832 1286 713 2472 926 2507 2483 792 465 322 993 2677 1969 629 1309 1883 564
2512 222 2218 1504 1436 1305 1052 2450 2342 755 1736 1638 1806 850 2362 2071 2691 2355 2750 1098 1933 2201 1911 1790 2432 2645 935 1321 2156 836 2096 1709 897 2420 796 2318 1387 144 1479 477 1363 2074 2122 1676 1085 2642 461 177 1200 1599 2587 981 1510 2829 208 380 595 399 1288 1703 2163 453 2679 816 73 1903 1145 2216 1628 1163 823 612 401 1006 1682 1474 8 437 621 320 745 2469 1671 1023 2722 325 2242 141 2655 2000 1976 84 1233 2126 72 731 766 629 1144 171
1085 816 2122 1903 177 2679 2829 1163 1145 2274 1688 1808 1404 1155 1100 477 460 72 1089 453 1628 99 2009 2636 401 2163 1872 2722 172 2452 760 1906 1233 981 2055 437 380 1976 399 2775 461 73 1599 2074 141 823 2577 595 1241 174 156 1415 1784 1510 1023 694 164 1047 2747 612 2098 2469 144 731 208 2587 2362 2655 2126 1682 1717 1160 1268 485 634 1689 1798 2161 426 1175 1951 1561 2320 24 1597 1197 1361 293 2409 1728 2323 962 1334 646 2143 2430 1451 2113 1306 1558
2479 2819 849 313 1532 458 152 28 2500 2557 1563 1741 2716 2674 2365 238 2191 2552 505 1708 1339 2250 1896 734 2099 1827 847 354 523 2742 2283 330 2181 175 120 2228 696 81 705 2534 2689 1376 671 1704 2370 2119 972 587 92 1917 2527 2681 1335 532 1956 2028 2177 2193 1111 2592 633 2052 1680 2322 2062 740 2594 1003 503 2715 1932 1297 1332 602 125 1281 788 2806 1912 1831 726 1262 711 1923 1037 2244 501 772 1692 2505 2465 324 129 464 1655 927 1062 329 1706 2634
1475 484 840 1662 467 2634 389 2429 758 1568 2059 1378 363 2236 1039 2687 89 1037 1022 108 129 1062 999 786 452 628 2301 464 2142 501 478 936 753 2398 1932 2465 2505 2407 1730 1008 2611 1789 927 1706 1929 1026 1048 2244 456 2765 1912 241 125 1124 1018 324 534 2806 1831 1281 402 1655 295 1715 471 1481 788 1275 2053 1220 1967 1262 780 1813 1923 418 344 643 806 346 138 2062 1438 1692 314 1465 1635 53 390 2285 1140 2632 2467 1024 2821 1050 52 2137 782 1756
803 374 1900 2381 364 2040 215 1389 2546 436 1115 989 101 251 737 1427 2579 341 2759 2540 581 2066 1361 1213 2504 1394 545 2178 2113 304 789 1559 1106 1451 2114 2644 395 1683 1230 1883 2000 572 1798 766 529 962 2054 2277 2787 1898 2238 646 1971 328 1951 485 1175 1306 589 1801 1334 1257 727 483 658 1786 240 1300 2242 2784 2323 1353 1357 407 1818 926 2288 39 564 2281 1093 1180 2495 1137 614 1593 76 2072 1087 1207 1091 293 1996 230 777 1558 714 898 739 751
1606 899 2741 204 2135 1212 137 116 1944 2294 1463 97 1055 2842 2728 1935 246 1134 2207 725 1547 165 2041 2511 1056 2068 2558 1825 1067 722 1986 2665 2736 692 2305 1940 1126 2292 2766 2319 2825 447 79 2719 1130 2506 442 2580 494 2057 657 686 1962 1088 2291 2248 790 2435 677 1841 2813 1892 362 1874 1452 574 2809 12 1771 493 1076 1677 2708 1473 1857 2625 1777 2732 1558 2148 305 588 1464 559 2121 2652 1765 366 1901 659 1172 1724 2419 2133 627 168 2007 1490 563 2382
982 1583 2252 2328 1179 2491 998 2682 1977 2065 1651 1791 1063 1851 919 2225 1769 763 952 1354 2778 930 2379 1579 2792 118 928 1531 2729 1657 841 1470 567 923 515 311 887 2349 528 227 2416 114 748 1210 819 1368 975 1367 517 2559 1667 916 2618 1578 875 9 2097 639 2304 2711 2310 25 1271 2042 1585 1239 2793 7 382 778 579 2658 2488 1970 1566 1211 1854 151 1920 808 945 1770 513 1209 2647 1154 2312 2723 2775 1688 910 2459 2636 2544 492 72 1163 259 2515 2403
687 837 264 2844 1009 1159 2455 2484 2662 267 1815 1238 2797 2063 2403 1291 891 352 403 1622 1619 349 1925 1982 2139 879 2371 2092 2269 642 857 2548 667 299 2189 846 90 77 570 1375 2486 428 17 1930 1792 2158 557 2100 573 2833 1571 421 2215 2576 1539 704 2198 2461 2776 307 1861 1580 280 2456 2039 1043 158 1350 1234 317 228 2460 1551 600 798 1776 1522 1034 2213 2229 741 2672 2412 1392 551 57 2727 1609 2332 342 2174 2255 2590 685 2004 885 2206 1520 2694 1457
2844 837 264 2063 1009 2455 2484 2092 1159 1122 352 1815 2797 2833 403 2139 299 1814 2269 2371 2776 2576 428 1622 1549 1589 2189 1539 969 1982 741 90 17 1735 2731 1629 2403 1925 667 2486 846 879 573 1349 1619 1571 2138 642 1101 2338 203 795 2473 2226 2100 2175 317 1025 2215 891 1338 2811 226 600 2412 234 1520 1060 1572 1 2255 1618 557 2541 913 1615 687 685 2399 1863 2635 2727 2158 2771 2834 472 307 2460 1215 1295 991 892 2738 223 127 46 641 2633 1242 1366
1153 2043 2171 650 2666 2816 1541 820 2810 750 1603 807 1891 475 1916 2346 1723 334 1524 372 1761 411 8 2535 745 325 1474 1671 2449 956 2387 829 1882 2706 1537 690 582 1260 2823 2740 922 1697 759 2167 6 1865 2643 1456 1059 285 1570 546 2749 154 1221 1629 468 620 1763 732 2268 1702 1188 37 342 1797 551 181 752 1284 1083 298 1858 2476 973 1044 122 2548 1387 1006 1080 1288 1703 2216 203 661 2483 459 993 2239 1322 795 1178 2020 2684 132 1626 32 357 1412
2178 304 2113 1213 2066 1389 2546 1115 1394 545 727 658 589 1175 1951 485 1306 529 1361 2277 395 2644 2579 2054 1353 1334 1883 1300 1798 483 2784 1451 572 1230 240 646 962 1801 1559 2787 1106 789 2000 2323 614 374 2022 1683 803 1593 1900 2759 989 364 2540 1427 2381 2040 2072 251 215 436 581 1137 1207 1333 101 737 1898 63 341 2504 2114 1019 1087 1561 1093 1257 898 1558 766 2242 1786 714 853 1971 1197 426 676 1597 2542 634 2024 407 1928 1166 465 2430 328 617
1532 1896 2099 330 849 2479 2674 2819 152 458 313 2742 354 734 2500 1339 1708 28 1741 1376 847 1563 2228 2191 2557 696 505 238 2250 1827 1704 523 671 532 2365 1917 2283 2716 1335 2552 1956 2181 120 2028 705 175 92 2177 2681 2534 972 81 2689 503 2062 1680 633 711 2119 772 2193 2527 2052 2592 1117 2594 1655 261 1473 1831 2322 1262 1003 587 1092 518 547 1386 1414 1297 550 925 1840 2538 663 237 927 1501 1817 944 659 480 1369 1706 413 1873 2300 224 1902 2809
2551 2284 2146 2018 1289 2008 764 719 276 2361 1534 1351 914 35 812 1493 615 2824 190 871 2209 1915 1577 1157 862 869 2067 723 2353 2603 2487 303 2585 1359 1772 1997 1128 539 450 2379 701 2729 930 212 998 1247 1204 58 781 1583 1851 1222 409 2003 738 2718 1226 479 1835 713 1633 1957 1066 604 2325 2405 1203 516 592 831 1528 347 272 98 1352 2081 1342 2107 2214 1729 1225 15 110 560 1144 1206 490 1751 1074 928 1245 2086 1162 2400 1420 2293 2410 2256 1659 496
1361 1451 1559 1106 545 1394 2000 2787 989 529 1353 2277 2066 1213 304 2178 2113 2644 395 2546 1389 1115 1883 1786 1971 1257 572 1801 1798 1230 2579 483 2114 2784 240 1300 962 1683 646 374 2054 2540 1334 581 803 1175 727 658 2323 1951 789 485 1306 589 39 1357 1818 2288 926 564 2495 1427 1180 2281 1593 737 1044 2381 2759 1900 76 215 436 101 364 251 739 2040 777 1996 1091 230 1137 341 2504 614 1898 2224 293 2072 1207 766 328 2238 1093 751 1087 1558 407 2242
1255 986 2150 1757 123 882 1477 629 1900 1001 2151 1557 1379 2350 2583 372 2121 1149 1971 1075 1257 436 278 215 1206 690 2040 1207 67 1786 1243 29 2088 2515 1390 2163 437 2533 2175 1590 93 540 895 581 853 2403 1233 374 73 568 1320 1728 2320 1670 737 2362 932 820 1488 2483 364 981 384 272 2161 1558 2381 2172 1897 989 1616 750 730 898 1148 1222 1541 2762 1602 1738 1451 738 1113 1087 1137 1236 1231 560 2673 111 286 2214 2072 2732 2730 1166 2148 269 1322 1406
152 313 458 2819 1339 2674 2479 1741 734 849 847 1896 2500 1532 2191 1827 2228 2099 1708 696 2557 2742 2283 330 354 1563 1917 28 120 1376 2716 505 175 2552 671 523 2250 2365 1704 238 1335 2181 2534 972 2689 81 92 2681 2370 2119 1297 705 1956 2177 532 2594 449 2062 587 2199 1003 1156 2028 2091 1932 1912 125 1037 2794 552 2773 788 1555 1781 413 224 1680 239 2527 2164 2634 324 261 129 329 1902 1062 915 456 503 1813 2280 501 128 2142 633 854 840 1655 1501
44 2317 1469 1447 16 1483 376 1057 2249 1672 1836 2437 2785 761 1914 291 1535 2700 1990 1449 1749 832 1224 47 834 269 1713 1116 1714 1178 683 2422 34 2202 1838 2745 1476 1856 2523 2111 2180 88 1044 2190 95 576 596 2441 983 465 2016 2547 1176 2827 132 824 1743 695 2129 676 2555 1346 1277 2258 230 2058 1727 777 1996 751 1693 310 603 1620 1773 60 1513 1304 1091 2275 1732 1183 1073 1795 1425 1678 1523 1631 104 441 2695 339 1450 830 1999 1103 1093 1561 1147 905
2479 849 2819 1532 458 152 313 2500 2674 1896 734 2099 1708 2557 1741 1339 2191 28 354 1563 330 847 2742 2552 238 2716 2365 505 1827 523 2250 2283 1376 120 2228 2181 696 175 705 2534 2689 2681 81 1917 671 1704 587 2370 2119 2177 2527 92 1335 972 532 1873 2594 1956 2715 2764 2028 1314 1117 1003 261 872 2322 2144 633 2193 1543 2052 503 2062 2773 1297 33 2592 1746 1111 1182 552 1680 2199 53 772 1109 740 2105 1692 2306 268 1262 1156 68 2091 1831 1655 1475 726
485 1175 1306 1951 727 589 658 1334 2323 1361 1798 962 646 1451 572 2054 2113 2178 304 426 634 1597 714 853 1689 1213 1106 2066 1230 1558 1559 2787 2430 24 2143 2024 1389 898 2546 1115 1394 545 2072 395 2644 1561 1087 1207 1166 1928 2540 614 1137 529 2409 93 895 1590 2277 2000 1197 2579 2324 1683 1257 374 803 2759 2224 251 1427 1801 540 2542 676 617 989 1786 1971 789 293 2381 2242 2504 581 2493 2638 1883 101 2320 2022 739 483 436 2040 215 1149 1900 364 737
1781 2164 2794 2091 239 2669 192 2025 61 225 207 1787 49 2396 2070 408 654 2280 245 1282 2173 838 525 139 209 1141 356 383 296 1127 1780 252 2311 1168 1299 1506 1924 449 625 2232 1356 1037 1248 679 1505 1435 1598 2470 216 1216 2279 2137 113 822 1124 2053 391 455 858 1140 2693 1262 1829 2806 2531 295 574 1612 1568 1918 2236 402 1662 1843 268 1635 2291 1555 495 471 1018 2142 346 1967 27 2683 1503 1021 1475 1024 1874 131 390 2690 1441 1223 1961 2057 1500 363
13 536 1272 2210 640 2520 2671 729 2083 2421 1754 1910 2798 1038 2640 1949 1268 2090 121 323 1041 2539 1337 2629 1429 1132 1588 2578 988 2428 2032 1189 193 56 370 828 2047 377 569 865 2221 571 1793 2568 332 901 2415 1764 2570 2795 2217 2839 36 1065 2335 1431 427 733 340 1329 1070 866 933 2031 2120 2602 2828 2117 500 672 1668 1952 964 1374 1266 2808 743 2038 1399 358 1499 1249 680 1256 2380 2108 2267 1236 597 176 1562 1418 289 698 2786 2260 757 1976 2668 1033
1113 629 1144 1477 882 909 123 2503 1371 1183 1865 1487 2823 2677 281 1987 2627 924 941 84 2150 986 481 1757 815 2263 1641 396 1084 2572 2494 959 327 275 1471 851 2623 474 953 2152 117 104 1458 1659 1280 1199 1960 1525 1922 398 907 1880 1687 1591 592 1979 1866 183 2573 2571 2620 2359 423 543 1423 2141 2761 1400 1696 214 506 244 40 2115 2086 2502 1616 1802 594 2132 171 2245 270 1661 785 1198 1226 1605 1255 509 957 2678 621 1768 1602 229 2448 905 565 1184
2045 2023 1584 2755 747 258 770 1320 1319 611 2545 2034 1796 2496 2757 2161 519 1759 1987 1844 1491 2622 1557 1980 2388 1616 2763 1872 1390 1443 1888 773 506 1839 1834 315 454 903 990 502 2686 889 1047 2510 465 240 2302 1800 1286 1144 1466 1353 2818 1165 848 1728 597 1199 1512 1265 2115 2295 1835 1833 2667 2786 522 2561 816 1628 941 1035 2015 1448 1561 338 2098 951 565 996 2530 1455 868 2503 431 1928 2143 815 1689 1976 2829 983 24 981 2478 176 730 1478 2315 479
714 1558 898 2072 1207 1087 614 1137 1166 1928 853 1257 2409 895 93 1590 1597 426 634 1689 1197 485 2324 1306 1175 1951 1971 1334 589 727 658 2430 2143 24 2024 2323 2224 1786 1561 1106 1361 803 751 1798 1559 2493 2000 646 2054 540 962 2542 1451 2787 676 1357 465 2540 2113 572 2178 304 1389 617 1213 2546 1115 374 2066 2638 39 989 1230 1538 2247 1394 2495 493 2699 2281 545 251 2288 2022 564 1818 926 2381 2489 2242 1846 2114 2277 2579 1180 1801 1427 76 2644 395
243 1370 1554 1396 813 1105 355 1742 966 2257 2696 1495 2458 2660 1673 1331 337 1384 1705 1614 2600 1681 942 487 2085 908 2543 1002 984 2259 660 2782 360 1978 1853 852 710 2392 1119 1718 542 1739 921 54 1017 1000 2664 1893 1237 1567 1676 50 1695 2262 320 1621 144 1508 2596 1604 1301 2064 1058 451 2049 446 1981 2282 1290 530 791 2140 2357 2369 1031 1479 607 2803 1287 662 2796 1808 2452 2679 2274 2829 1903 2009 177 2490 2636 1879 2122 460 72 1200 1565 816 1085 975
2152 2502 1605 1371 2567 2751 84 2109 1171 1139 1214 22 1661 2263 941 214 1866 1987 2841 2141 621 909 183 785 2348 1953 481 454 1802 171 2503 851 2677 815 1525 1280 1880 2623 1032 1602 1084 744 2060 189 1960 959 2048 1927 106 1632 96 419 2554 894 924 506 150 2153 1365 270 2761 1286 1283 1199 957 609 2572 1108 1768 420 396 2678 2162 565 2768 1844 1703 1397 2726 2216 1766 2404 1738 167 148 510 1889 20 2115 2522 2608 2521 592 594 2182 2056 2705 1363 236 2760
2318 1911 2420 2691 1200 796 1479 1387 2362 144 320 1682 2512 2642 2355 1305 1676 1621 850 2537 599 2446 666 1504 1436 222 2452 2218 908 2262 1052 897 1718 852 1098 2645 755 2432 1736 1638 2342 2450 1806 2071 2750 1119 1267 2201 935 1321 2156 1002 1978 1709 1790 836 2096 1933 984 2392 2134 2085 2600 662 2596 942 2543 1705 2458 99 629 2660 921 1017 1384 2357 690 1681 1474 966 2677 745 1495 2282 2706 1290 2535 487 325 281 2064 1537 8 1006 2627 157 2747 1671 2394 2449
1553 2380 1038 1236 1430 1256 743 1699 2267 1886 13 2568 427 2415 2217 1793 2078 901 2333 640 1272 2421 2423 2520 2210 2671 1754 1949 1041 2117 1492 340 802 142 323 429 571 332 1890 36 432 1431 193 2047 1065 868 1189 2032 56 370 988 878 1888 176 2786 289 1053 569 2083 554 1910 2227 2668 2090 121 1562 536 2108 2029 555 2578 979 681 828 62 1337 21 886 1418 417 377 597 2743 1398 1686 2629 733 729 361 302 2539 2451 893 1033 292 1499 199 865 500 866
20 167 2726 2162 1744 454 2573 2030 2222 40 327 117 1659 1979 2303 1205 1960 23 2791 1995 1198 592 2494 275 1687 851 1184 1922 1591 2620 400 38 1232 1661 924 690 205 1080 1113 2263 423 2572 2101 1400 1641 1502 2203 281 1425 1697 744 1537 2627 396 22 2179 796 1214 922 1456 411 2268 1171 2623 1084 1865 1188 2677 2109 2751 594 1488 1284 629 2567 1525 2128 1738 1570 1556 827 1401 298 122 510 448 1280 37 2706 2521 2167 2661 1371 2245 1426 1471 1449 1763 2768 1397
67 249 1012 627 2583 1810 1001 2509 2121 2350 1406 1075 202 1441 1055 1944 2294 404 1195 1869 1594 2728 1609 378 165 725 2207 1825 2558 899 1212 1689 137 1728 1986 2741 426 2736 24 1590 2295 2430 97 1597 184 2135 91 634 1448 2143 2320 1940 895 135 540 2413 1478 2024 2021 2224 76 293 2533 1149 967 558 2673 789 2235 93 1928 436 739 853 442 1900 2040 1231 215 1265 362 2172 754 792 364 499 338 692 2242 1558 1805 29 1804 315 2161 2540 101 1257 2615 2296
196 353 98 776 2474 1625 1643 1819 1864 585 2081 2462 2334 2067 910 1042 2353 2361 2103 1402 381 701 809 869 781 1963 69 1344 233 2256 2264 276 2027 871 1702 1916 2171 2643 2666 820 2346 475 2043 1797 1882 546 732 650 2816 2810 1891 620 1603 1600 1723 582 883 759 1227 1188 1221 1260 956 1688 1083 2749 922 160 1808 476 285 1977 1697 2101 661 1541 411 1179 181 468 1456 2274 166 1153 1031 1515 829 2261 1078 1228 2278 2738 807 1761 750 631 1785 1696 2194 229
979 2227 2786 2668 176 2743 1033 1562 1393 340 2029 2108 555 1686 868 554 571 1890 1418 1888 886 417 597 1065 332 62 2333 289 429 802 432 1492 681 142 1398 1256 361 21 2078 878 2423 743 78 2451 1053 893 302 199 292 2384 1430 1699 1431 36 1268 2117 680 2380 1886 1236 1553 1038 988 536 866 901 2217 733 1793 427 2415 2267 2568 121 1588 1132 2090 193 865 1952 2335 2775 1272 1764 2640 729 1197 569 2808 2413 1478 1602 2472 2421 2295 2829 1399 184 1415 1383
1870 348 2769 26 925 2454 2714 1369 2649 480 2538 663 550 179 518 1422 2130 1441 2840 463 712 1617 445 2375 1298 93 421 2050 1590 720 704 1665 2123 1453 77 1434 1847 895 1859 689 1358 197 1795 2004 493 404 756 1901 1930 2461 1776 1392 1172 2174 433 793 228 1551 885 280 746 588 1716 210 2020 884 2418 1345 2155 514 934 1576 2327 1169 1417 1045 570 2125 656 540 1513 366 1631 1765 1029 1773 2456 576 2022 1019 2016 563 1724 1792 2332 2010 1034 1758 1191 2581
403 1815 1159 2455 1009 2063 264 837 2484 352 1622 17 2844 2486 846 573 2092 1122 577 2138 2213 1571 969 2648 642 1101 317 2215 1572 127 1814 1338 2100 1520 299 2473 2139 2833 2255 234 913 2811 203 1 2412 2371 2399 1060 600 2797 428 1615 1349 1618 2269 1982 2776 90 741 307 147 2635 2727 1025 1925 667 795 2576 2158 1862 2738 349 2595 961 1589 2731 511 2709 685 2189 1539 223 1619 2834 1629 892 2338 2710 1509 2614 1803 2403 1549 2175 879 1540 472 1735 46 1698
1575 294 2174 746 793 1930 570 1792 210 2327 1034 1234 1859 1392 2418 2125 1580 57 1861 2004 280 2456 2461 1724 1276 1758 2330 2229 689 1375 1665 1072 704 1664 1358 2186 2838 548 421 2374 756 133 1030 493 77 2694 2513 1765 797 422 366 976 1279 1196 583 588 2662 228 2548 2590 1081 1947 2332 656 859 1497 2672 2184 798 1457 158 242 438 1292 2581 2039 2703 1348 857 1377 706 2127 1551 1193 934 1716 884 2356 2155 82 1522 470 2739 801 1576 287 885 1887 185 1877
1129 143 2298 1440 386 2517 718 2529 2185 2363 2619 1445 1215 697 1242 2801 1694 30 2584 958 2271 2468 1684 1939 795 810 557 638 2460 71 1411 1514 787 879 2246 273 1295 1619 1294 2444 991 1863 1291 1238 1807 1735 2481 1925 1267 1270 2771 2616 2524 1258 665 1982 667 2104 1509 2710 1360 741 1630 1373 2403 641 1816 1660 1480 2633 1366 262 2189 1446 2607 888 2385 127 1112 1324 2175 867 685 472 428 2776 226 2431 1539 687 385 1025 267 147 1629 551 1355 814 2797 2139
1385 1007 1779 1526 2145 406 2516 1894 1442 1992 519 2763 1871 1511 186 1969 773 2102 1707 1527 1731 1325 257 1138 1800 742 1645 2613 709 288 937 1670 535 1516 2377 1455 821 2609 811 1079 2843 2341 2219 416 1419 1068 410 253 2095 336 883 112 2331 1379 605 248 1466 365 338 2549 434 1110 1718 1498 730 1040 544 1783 749 1794 1200 648 1131 610 1424 1133 538 435 1311 2290 2788 2830 2680 2364 1243 94 2746 2730 1966 2299 881 678 1309 1020 870 855 593 2151 1850 1581
783 949 617 1343 1434 2737 940 1004 2112 1298 198 75 1999 1103 2497 1346 2542 1304 60 1631 2129 182 1712 1760 1561 1093 149 540 1535 832 954 1161 291 1019 63 1847 2242 1773 1513 1795 1785 1685 1228 1333 2022 1197 2441 2827 407 310 499 1856 676 1693 2656 465 766 2111 2238 967 2202 341 328 2745 1804 983 1683 558 1898 777 1996 1914 2413 1091 2504 2190 135 2295 2149 1719 2785 95 1476 1087 462 88 184 2114 1176 2615 240 364 483 695 132 1448 737 1593 596 2000
70 1125 1753 2777 2772 2077 2478 2510 431 2561 2161 1839 2818 2015 1252 1759 315 2757 1165 2302 2622 1557 1390 191 1834 951 1035 601 18 1842 2663 2 2315 1320 1989 2686 1747 767 1798 485 962 1075 1207 2242 1980 2323 277 426 1137 502 1106 2685 1334 1257 2644 1801 67 688 634 1951 29 853 529 436 1683 2759 1908 1786 1235 161 803 1689 2504 2509 1533 737 461 1306 889 395 477 1810 2350 990 1559 1971 1197 374 2072 1213 2239 2172 2320 2430 1389 581 101 1900 789 2583
2045 2023 1584 2755 747 258 770 1319 611 1320 2034 2545 188 463 1796 1604 1017 1029 446 1256 1701 1689 1455 2115 176 1265 2295 1616 186 2140 1307 1448 853 259 1617 2413 213 1800 1237 556 85 1928 451 2786 2622 1987 184 1416 111 1981 479 1495 244 1334 2615 2024 1478 906 2219 898 454 135 2472 1197 2543 1835 1166 442 305 477 519 465 1386 1422 1096 426 2829 1888 410 860 1561 2162 163 547 1567 1491 715 1728 24 1353 1362 1131 662 558 709 1423 2430 714 2323 1597
1533 213 757 558 2295 2413 2408 184 2615 1231 707 2638 1728 1478 135 1448 754 29 2172 2756 2673 1265 2533 286 2320 1149 2021 293 2024 2430 119 2143 24 2354 218 1383 634 2472 426 1296 1689 1597 1849 761 1719 2249 752 967 424 1804 853 739 91 1529 80 1722 2390 792 2296 1312 1984 1867 19 1269 2566 2260 520 1945 2235 232 1733 2744 540 2787 1035 499 2409 1593 834 1166 1928 1228 1785 1197 2725 498 2366 2464 783 1766 898 1590 473 2124 1889 2277 2508 2224 1801 1326
293 2320 1149 2533 739 1728 2756 2673 286 2172 29 754 1231 2021 2224 1533 2787 646 757 2323 2540 1334 853 2430 1597 24 2143 2024 634 1689 2054 1798 426 76 1361 962 1451 572 1559 1106 967 485 1306 589 1175 1951 727 1230 2000 218 658 989 1719 1394 1257 545 1786 792 1683 395 529 2296 1971 1180 2644 2277 1804 2495 91 2281 803 1928 1427 39 926 2288 1818 1137 251 374 1166 898 564 1801 2235 1558 714 2381 2759 2409 2072 436 540 895 1207 2260 614 581 215 2579
1349 2298 352 234 1618 2339 2226 1629 961 913 1572 969 2801 1684 511 1520 1 2138 2727 307 1129 2399 1539 127 795 685 1360 2185 1025 1630 537 1411 2175 2063 741 2584 2473 2213 414 1101 2844 2484 17 203 2635 2215 837 2189 2797 1242 264 1122 1622 2455 1540 846 403 2139 2710 2092 2340 1009 2246 2833 1571 299 1814 2403 2783 1815 2524 1159 642 2576 2269 1215 2776 2371 1589 2104 428 2486 1982 1549 2709 2541 573 697 273 2834 1735 2158 46 1615 879 1514 557 1925 223 90
1865 1456 1188 922 411 1284 122 1697 2167 37 2268 1763 1570 1858 468 1082 2313 459 448 285 973 1221 298 629 1560 6 586 1090 1308 980 229 454 1884 20 1227 167 2118 546 759 2261 1260 2162 2194 582 2726 1610 1285 443 1006 669 807 1015 476 1153 1537 690 2677 1702 1744 2627 2643 820 829 1603 396 281 750 1541 1891 661 334 732 620 2030 1761 181 1083 372 40 956 2476 1723 2168 23 1080 1797 2303 2791 1995 275 475 1916 2387 1882 2823 1205 2816 2346 2425 1844
1083 1702 546 582 2643 1221 759 6 285 732 620 181 1260 1570 1797 2476 468 807 1858 1697 1891 2807 1318 636 1882 922 2425 1536 2278 42 973 2816 1723 2043 2666 2313 956 650 1865 2167 1153 1603 1768 411 2171 820 1541 1188 750 2194 2810 2268 1763 2261 150 462 2111 298 37 1227 661 1856 2554 476 1456 419 475 2441 1761 2153 669 1199 2202 1517 2733 2346 2827 2745 1914 983 1916 829 334 2129 1846 832 2785 229 894 980 2190 1535 1284 2684 96 644 1537 1224 1713 2374
2083 2520 2210 1910 640 13 1272 1754 2671 2421 1949 1038 1041 323 1337 2578 377 2047 828 2032 1189 56 370 865 729 2798 2539 2629 1429 2428 2828 672 933 2602 1668 2640 2570 1764 1374 2335 2221 1329 2795 2839 698 1070 2120 964 1521 2031 955 1049 2038 1249 932 1399 1952 358 1266 839 2808 2562 2720 1596 84 150 176 2188 941 1458 2442 762 1726 1033 2718 2503 2786 644 43 979 509 2056 2457 571 2513 2227 300 536 2141 2448 971 171 104 387 2522 2688 2413 1683 1719 1035
1781 2794 2164 192 2669 2025 61 225 2091 207 239 1787 2396 49 2070 408 2280 245 1282 838 2173 654 139 209 356 1141 525 296 383 1780 1127 252 2311 1168 1299 1506 449 1924 625 1356 1037 679 2232 2470 1248 1598 1435 1505 216 2137 822 1216 2279 113 1124 455 2053 391 858 2531 1262 2693 574 1829 2291 2806 1555 2683 1140 495 1612 1918 295 2142 2057 1021 1843 1874 346 402 1568 2639 1503 1018 268 647 1223 1961 2438 471 494 131 2569 1500 418 1662 2690 1635 430 1481
1518 631 1290 1017 2282 2596 607 2093 1879 2796 2064 1909 1613 662 2140 921 2049 394 1604 2392 1058 1301 451 446 530 1981 984 1567 1237 2357 1906 1978 1119 1002 852 2262 918 908 124 700 1491 1621 708 2543 2085 996 2530 1718 942 1676 345 144 1988 2675 651 1587 2134 2692 2458 1705 2660 527 1837 1495 320 2600 237 2205 716 1384 1564 1681 1181 966 487 591 337 2131 1396 660 1812 2781 616 243 1370 1479 355 1742 1105 1554 1682 813 360 1145 2609 1455 1673 678 1855 1331
2767 1993 1617 712 1422 1045 2050 2130 1663 735 1782 2836 440 134 179 947 550 2837 1328 2707 169 1444 1029 1381 2241 645 1054 1658 1649 51 1679 2011 1623 2631 445 900 1261 2439 1486 1218 1544 1437 319 1710 1552 1208 1489 559 155 2419 2133 305 1840 197 1307 259 1640 2840 2088 2652 906 562 563 2628 260 1051 1417 1701 1416 2076 674 1948 2034 1369 463 2826 1796 2544 860 2650 1983 2515 1096 1878 1253 1123 978 2714 2046 1148 2721 965 2454 2649 992 2424 1897 2482 348 2287
2115 1696 244 1616 1477 2457 509 609 1766 592 2464 2128 1602 1426 1889 957 844 2448 2725 1865 1515 5 2404 466 744 1556 1084 1744 498 1456 388 2162 1188 1061 2726 1953 1284 411 20 167 2348 1637 1866 214 425 163 375 454 1326 1080 40 122 2124 306 922 629 473 2014 2351 2101 2508 2366 23 2222 1858 281 2313 851 2677 1401 2169 2627 1591 468 1960 2661 827 1560 1153 1199 2109 396 909 1227 37 229 1139 2261 2194 752 148 2030 2521 476 594 1761 669 1605 1763 807
925 2454 26 2769 1870 1369 348 2714 480 2649 2538 663 550 179 860 1710 1489 1417 1701 1788 2289 1422 518 1895 433 2130 2375 161 769 2482 197 712 1441 2050 2650 1617 463 2840 1045 440 173 735 305 1172 1029 1640 445 1146 259 2200 260 2826 51 1092 970 1569 562 48 1796 1752 1656 977 64 1901 2836 2652 559 489 2397 1934 2721 100 943 524 2358 2724 715 1437 2035 2544 1102 659 2011 1782 1552 1453 201 1840 556 221 2148 645 563 2010 1983 2817 2574 168 2309 2419
1146 1624 312 2832 1752 987 1407 2501 635 2367 2270 1405 1934 556 221 2082 1386 2411 2790 943 547 1102 2044 4 2528 85 2300 1644 59 626 1545 188 1926 1656 1202 817 2389 950 1799 2817 613 1737 2069 1319 611 1422 2148 826 977 518 2312 1092 550 259 2574 925 1172 2652 480 2836 266 2424 1636 2477 2419 2826 559 1190 2241 1617 563 463 900 2200 260 978 2133 489 1468 2088 1316 983 1486 970 712 2837 283 2397 1840 440 1437 2045 2544 1045 2714 1148 1948 2010 1983 2515
1288 1703 2216 1363 997 8 1671 745 325 1474 2507 2535 1524 2449 2706 959 2823 924 690 506 1537 565 1286 752 1844 333 1217 183 2740 621 856 229 171 309 1044 1059 834 1736 2450 481 1638 1806 815 2342 755 1487 1904 1153 1277 2612 941 2058 953 2555 236 2608 1032 1727 650 1471 411 2425 400 84 2182 2760 45 2831 2705 189 1987 2841 2666 2056 2522 1907 1400 2816 1315 2401 1560 2060 1541 820 750 1763 342 1006 1629 2313 1761 1171 1865 661 1891 1456 551 1308 922 761
2767 1993 1617 712 1422 1045 2050 2130 1663 735 1782 2836 440 134 179 947 2837 1328 550 2707 169 1444 1381 1029 645 2241 1054 1658 1649 1679 2011 51 2631 1623 445 1261 2439 900 1218 1544 1486 319 1208 1437 1710 1489 1552 155 559 2133 2419 1840 2088 305 1307 2652 2840 197 1640 259 906 562 1051 2628 1417 563 2076 260 1701 1416 674 2650 860 2515 1948 2034 1253 1878 2826 2544 1983 463 1796 1123 1096 965 2046 2714 1369 992 2482 1148 2721 2352 2424 2287 1897 978 194 1190
1526 1779 2516 2843 2145 406 1385 1511 1442 1969 1325 1527 257 1707 1007 1871 1670 937 1894 186 1731 1455 1992 338 1466 2377 730 2102 535 519 709 773 811 1516 2763 821 1138 1379 1068 2341 1079 1243 1131 1794 410 288 336 2151 253 112 2219 2613 742 2095 1783 1645 1800 2609 749 568 544 2746 2788 365 2549 605 2299 1498 1110 2364 434 2290 610 1040 435 1424 2730 94 1005 1419 1311 2830 416 593 248 1966 392 2331 2680 1020 2560 1581 673 1309 1573 648 1968 678 1634 538
751 1073 2518 1732 2275 1678 863 830 393 1450 1147 603 1620 1646 339 1120 2136 1244 2785 1914 1178 1990 2700 676 2437 1749 1672 1044 845 2422 373 1836 1016 2395 2016 1476 2745 132 2202 88 2695 1523 2547 824 441 1224 34 2523 2190 465 596 95 1116 1714 2383 1713 1856 1743 2111 576 1176 47 2827 983 695 1838 683 2180 832 1513 584 2441 269 2080 1691 2239 2149 2249 1693 1773 44 2656 1795 1601 310 2036 1057 575 761 2317 1449 2073 1535 291 187 2754 920 499 1483 16
70 2510 1125 1753 2772 2777 2077 2478 431 2561 2161 1839 2818 1759 2757 2015 315 1252 1165 2622 1557 2302 1390 191 1834 951 1035 601 18 1842 2663 2 2315 2686 1747 1320 1989 1798 1980 2323 853 767 962 2685 426 485 1075 1334 29 1951 2242 1306 889 1477 1207 2320 67 498 634 436 803 1689 2430 1257 2787 2702 2667 2644 1197 898 1597 1938 522 1801 1558 1001 589 1137 293 1106 737 714 2504 1683 466 1443 101 477 395 2533 2172 2759 1230 1427 1312 1149 1602 1175 2350 1900
1721 2809 12 1876 1473 2657 637 2183 1439 2051 255 1390 2089 1557 627 2622 2308 2617 202 1931 482 401 249 173 1330 67 2084 1558 258 1491 2732 1088 161 1012 2121 2526 2583 1406 2482 2829 1564 1759 2704 2148 1810 1320 1872 2427 521 2216 1452 1075 1613 853 1839 177 394 315 2599 1906 1047 1582 1868 2409 1597 140 2445 2757 2315 1976 2098 1902 770 1928 2507 453 2509 2163 1001 278 2762 634 598 619 854 2561 1703 1628 996 1879 2530 1433 2134 1980 2122 651 1265 918 2712 898
2045 2023 1584 2755 747 258 770 1320 611 1319 2545 2034 1796 2496 2757 2388 1844 519 1759 2161 889 2622 1491 1557 773 2686 2763 1443 315 2818 506 1512 1834 2302 502 1872 1466 2510 1286 240 903 990 1987 1353 465 1980 597 1833 1888 1165 2015 951 816 269 996 2530 1047 848 1628 1390 2478 1839 431 2784 401 565 1144 2561 1561 191 2242 172 2667 2577 886 1800 1835 522 454 2098 2077 1865 1252 2746 1976 1035 1199 2216 1511 684 1087 2074 713 18 1023 338 868 789 1883 70
1946 2394 105 416 1778 11 883 1200 2420 664 2110 144 2452 1002 1495 2318 1479 1040 2458 2697 2417 1968 937 434 2830 1966 2549 2196 2600 749 593 1152 678 318 1309 2560 1296 908 135 1383 966 435 2290 1020 243 1311 80 855 1036 301 2341 605 490 213 218 673 717 1005 1614 2413 1077 558 773 257 544 1170 2543 2095 119 320 2746 2331 1247 2730 2085 520 1478 94 112 1419 632 2788 519 2364 424 942 1424 1978 2005 1455 1331 1705 29 253 1093 1984 568 1728 365 99
1334 1798 2323 1361 962 572 1451 646 485 1951 1306 1175 1230 589 727 658 2540 1106 1559 395 2644 2787 2054 374 2277 803 2579 1394 545 1427 2759 529 251 1683 2000 2381 989 1900 364 101 2040 215 436 581 737 789 2504 1801 2114 1213 341 2066 1257 1389 2546 1115 2113 2178 304 1971 1883 766 2238 1898 1137 1786 614 2072 1207 2242 483 1087 714 1558 240 328 1093 853 898 1561 1353 293 2784 1300 426 634 1597 39 1689 1180 2288 2281 1357 1818 926 2495 564 76 407 751
1495 2458 966 1705 2600 2085 1384 942 1681 487 2543 337 1742 1002 2660 1978 2392 1119 243 852 1718 984 1370 355 2257 1554 2696 1396 813 908 1673 1331 1105 1614 2262 1676 1853 921 2259 1017 360 1000 660 1739 2357 320 2782 542 54 2664 710 144 1695 2596 1621 1893 1508 1479 50 1567 1237 791 1200 2134 2064 1682 1981 2282 1290 2369 1387 1031 1058 1604 662 1287 1301 1565 2803 451 446 2420 607 2318 2796 2140 1519 1036 2452 1152 1296 80 530 568 2490 1903 631 119 1383 1946
143 1129 1440 2298 386 2363 2185 2529 718 697 958 2517 1445 2271 2584 1684 557 2460 1411 1514 795 2619 810 71 30 1694 787 2801 638 2246 879 1480 1939 1366 1816 273 1660 2607 2468 2633 1215 1360 685 1619 867 1025 2431 1630 1294 385 414 1242 2104 814 2524 2710 1982 2189 1258 1925 551 2616 741 2139 2481 2403 687 2444 1863 1295 1539 2833 2576 147 299 307 665 1267 115 38 1549 2776 2175 267 1735 1324 1446 226 577 1807 2771 2844 2595 667 2092 991 2269 1059 1629 127
2725 2448 2464 1477 1426 609 1766 244 1889 1696 2128 2115 1616 509 2404 466 957 844 2457 1515 5 592 498 1556 1602 388 2124 2366 1061 375 425 1326 744 2014 1637 473 163 2508 2351 306 1401 80 2661 827 119 2169 1383 1296 135 1265 2101 2615 1084 2408 1312 1984 707 213 184 1478 2413 2354 1448 558 2295 19 2566 1080 218 2222 1849 424 520 2472 1945 232 752 2638 1722 1866 1269 1529 1867 2390 1953 214 43 2348 1596 2744 23 2498 1733 1744 40 2562 971 1591 2109 2688
629 1113 1865 1144 882 1477 123 909 1487 2503 1371 2823 1183 1723 1916 475 2677 2043 2346 2810 2171 2816 2666 650 1891 281 820 2627 924 750 1153 1603 1541 1987 411 986 2150 1757 1471 953 941 1570 1188 922 2494 334 275 1641 2152 1761 327 396 117 37 481 815 546 1284 582 1084 84 1456 2572 1922 1537 807 851 1687 1763 2620 956 1659 1221 122 2623 1605 1882 1199 2573 2194 2261 1082 1227 594 229 2571 690 285 2502 1697 1560 2313 1458 1979 398 1139 73 1525 1400 1702
1721 2809 12 1876 1473 1452 140 1868 2183 2728 1055 1931 2719 1439 657 2051 1557 1944 2207 2291 2294 1056 2315 627 2622 1390 2736 2526 2580 345 2220 1759 315 692 447 2825 1839 574 249 2704 601 1590 677 2409 2561 431 251 436 1558 2445 2089 1798 637 725 1427 202 898 1012 1433 2757 2540 1406 204 646 433 482 93 1491 2657 2708 2057 895 1564 1125 1928 1334 2323 1753 2015 1213 255 67 1900 1166 18 996 2530 240 1834 827 165 2292 70 2113 173 364 1035 2478 2558 939
1349 234 1572 913 1618 1520 961 1 2399 2339 511 2215 1540 307 2635 2340 2727 46 537 2226 2138 223 892 2834 1615 2158 969 349 1101 685 414 352 2213 2466 2298 1060 2541 2338 1994 1009 17 1571 2473 1698 2253 2223 1815 203 2455 846 642 795 1409 2709 1524 1025 2175 2484 837 264 1159 2486 2063 573 1095 127 2372 403 1629 1539 1862 1622 2524 1684 2783 2104 1514 1242 1360 2710 2246 551 1630 2781 958 2100 195 741 273 1129 600 2189 697 317 2844 2801 1215 1338 2092 2444
2551 2018 2146 2284 719 1289 764 2008 2361 276 871 1351 1534 812 914 35 615 2824 2209 1915 1577 190 1493 862 1157 869 2353 2067 1963 1970 998 1359 2603 1997 2487 2729 723 2585 1583 701 1228 1785 450 1657 1403 1128 247 1528 2019 213 2379 1851 189 1835 1161 2192 781 153 930 2561 1633 825 1035 2550 1847 1507 928 347 1513 1734 1751 465 2060 1032 1631 177 783 149 479 182 2609 1019 2016 2360 2615 303 558 2256 2113 132 1957 1353 2827 1265 499 2254 1690 1491 1625 2295
1697 285 1570 1221 6 922 546 582 759 2268 2167 2643 1702 1260 1456 468 1188 411 973 1083 1891 1858 620 732 1284 181 122 807 37 1763 1865 298 1723 690 2816 1537 2313 1797 2476 650 448 2666 980 1285 475 1884 1916 2043 1603 750 820 1541 1610 1882 1082 2346 2118 334 459 636 2171 1015 1318 2807 372 2706 629 2810 956 229 1153 1090 1761 2194 1560 586 1080 669 2162 829 2726 2387 2677 1744 2261 1227 454 1308 661 2425 23 1137 2152 1605 167 2000 1394 20 882 236
645 2011 2707 445 1444 2130 947 1328 1679 1054 1649 1623 1663 735 1029 169 440 1045 2050 319 1617 2836 1782 712 2837 179 1993 2767 1422 2241 1381 1658 2439 1544 1840 1253 550 51 2840 1552 518 2628 2287 1261 155 305 1218 1640 562 965 2650 439 2631 2735 173 463 769 1051 1775 134 900 2088 2721 194 1307 1486 563 559 2553 2133 260 2076 2352 2046 2652 1860 2419 480 1757 64 992 259 1948 1897 906 1208 2482 161 197 659 2826 1983 1416 674 2515 1123 715 1569 1437 2713
84 183 941 621 1987 2141 171 2152 1371 959 815 481 2503 1880 2056 1802 45 2522 2182 2608 2760 785 2048 236 2502 1251 1064 2263 506 2677 1364 565 1844 2831 1286 1605 2705 2401 1365 270 1283 909 1108 2761 2109 2612 229 1768 2425 1560 1960 2751 2567 1525 1139 1280 2197 1866 2623 214 1199 1661 398 150 1084 1458 2706 1171 43 2562 22 396 1214 2720 851 1032 2571 644 2442 387 2678 1288 2572 2188 1596 2841 971 2498 2386 2688 2216 1703 1726 189 1113 2060 1363 106 1953 2348
2352 1051 194 1218 1261 2556 2628 2272 1316 1636 1948 1496 2815 1965 1416 1096 2241 1840 1860 1544 1586 2439 2713 1381 497 2046 1658 1897 992 1362 2836 1782 201 2433 1901 2837 2309 1045 1453 1490 169 518 440 2376 712 2767 51 1993 1649 2050 305 947 64 735 1617 1752 231 645 1663 1054 2721 1640 48 155 562 2707 1253 1679 1422 1328 563 1148 1444 445 1569 2652 559 2553 900 319 659 965 1552 173 2840 2650 715 663 1437 2133 100 2287 1623 1123 1486 2482 439 2011 2826 1307
1146 2367 1752 2270 1545 59 626 2389 547 1799 2082 4 1386 1407 1202 950 556 1737 1624 613 987 2069 635 2832 312 2477 826 266 2300 85 1926 188 611 1319 221 1405 2501 283 817 1491 2148 2790 440 996 2530 943 2312 259 1148 1181 2010 1088 2150 1197 977 904 2205 1636 2767 2836 134 853 161 1477 2719 2840 518 959 433 2088 563 895 2133 2781 1307 2375 1993 345 2661 1172 255 1703 1934 900 540 240 1486 1590 1316 1883 1649 1353 2044 1288 2577 2837 2289 1093 941 2759
899 1606 204 2741 2135 137 1212 116 1463 97 1134 2842 1935 246 1944 1055 2294 1547 2041 2511 2728 2207 725 1056 165 2068 1825 1067 2558 722 2665 2305 1986 692 2736 1940 2292 1126 447 2825 2766 79 2719 1130 442 2319 362 1962 2506 1841 790 2057 2291 1874 574 494 2813 2248 677 686 1223 647 2435 1728 1088 1035 2258 1931 657 2580 2708 499 135 2121 1590 1892 1076 2838 627 2382 2526 558 1937 280 967 1001 364 251 1804 2413 540 24 93 1513 2561 2569 483 2220 1265 2295
254 3 1642 2405 2490 2170 1958 66 929 282 1985 765 779 652 2536 14 1574 825 2336 1246 2157 1136 1745 2434 2426 873 1633 1600 1245 276 2147 1519 1036 1152 318 1751 862 2165 1403 2734 2443 1762 632 1528 256 2593 1077 1170 1595 2453 630 871 404 1346 76 540 2129 93 832 895 1535 792 1590 490 184 2485 378 2132 2324 634 1609 1478 954 2174 1561 1869 739 1689 2493 1773 91 2409 1247 1166 2016 1415 493 1594 1593 1847 2235 1197 1513 1685 291 2224 182 1195 1257 1971
1255 2150 1757 986 123 882 1541 174 1415 750 2775 2387 334 372 820 1603 1784 1761 1153 956 1089 2009 72 807 172 2636 460 2722 2274 694 1241 1688 1808 1100 1155 164 1404 156 2577 1145 829 2469 731 1260 1268 477 1903 1163 1085 2679 816 144 177 2829 2122 1477 1865 99 1160 2043 629 2126 895 853 2171 1236 93 2740 2072 1207 399 595 2380 2816 540 437 2823 1233 1558 1682 73 1590 1958 2267 1227 932 714 2320 803 2493 2810 2163 1602 898 29 1971 1479 1510 1149 1928
1146 1624 312 2832 987 1407 1752 635 2501 2270 1405 2367 1934 556 221 1386 2082 547 2411 2044 1102 943 2790 2300 85 4 2528 1644 626 59 1545 1656 1202 188 1926 2817 2389 817 1799 950 1737 613 2069 611 1319 977 2148 1422 1092 826 259 1172 550 2574 2312 480 1190 2133 563 2424 2088 260 2826 2652 900 925 463 2836 2544 1617 983 2010 663 2397 2419 489 518 440 2515 559 2840 2767 1486 1983 1552 2241 978 712 2200 2636 1045 1437 1847 1468 2837 2190 266 172 1161 1636
150 2263 1083 2152 2502 1371 546 1702 6 582 1525 1605 1221 1891 1280 1139 2623 285 620 732 2643 181 1570 2153 2554 419 894 785 2678 759 1632 106 84 96 1927 1797 2816 1723 2841 1260 2141 1084 2567 2751 1960 1987 2476 941 2572 1171 1866 214 22 2503 621 1214 2386 807 2677 171 1365 481 2346 1953 1979 1661 1916 636 1726 475 2348 1198 851 2109 2666 2060 468 1199 189 117 2494 815 183 650 2807 1659 2303 1768 2048 148 420 40 1880 1184 2761 1397 1802 762 2171 2688
197 2840 463 2375 2767 1993 1710 1489 1417 1029 1701 433 860 1663 445 712 1422 550 1617 134 179 2050 2130 1788 1045 1782 2836 1328 947 735 2011 440 645 2707 2837 1552 1437 1369 1444 2649 169 1649 1381 900 2652 1054 2241 1679 2735 925 489 1208 1486 2631 1658 659 1307 2289 2084 1870 1840 2439 559 1544 977 2133 2419 1218 26 51 2454 2826 1623 1051 1092 1948 173 2088 674 1253 1416 1261 1934 2650 2424 563 480 2397 1624 970 2628 2515 259 2482 305 319 2817 642 348 1096
1085 2122 816 177 2679 1903 2829 1163 1145 99 477 453 1628 401 2163 1872 1233 760 2274 1808 981 1688 1155 1404 437 380 399 2055 1100 1599 460 2074 73 823 72 1976 2009 2636 461 2452 1089 1906 141 2722 172 595 1023 1510 2775 1047 2577 2098 612 2747 1241 156 1784 174 694 1415 164 208 2587 2362 2469 1682 731 2655 144 2126 1717 1160 1479 320 1387 2318 850 2420 2355 2161 1267 660 2746 2542 222 1561 1689 1305 1197 2000 634 1559 1353 1106 1911 1504 198 646 599 479
757 1728 1231 754 1533 2756 2021 2320 2533 1149 29 2673 2172 286 293 739 2024 2430 24 2143 634 426 1689 1597 1719 967 853 213 218 91 752 1804 792 2296 2787 2638 2235 2260 558 2295 2413 2408 1265 1448 184 707 2472 135 2615 1478 2224 1296 119 1312 1984 540 2409 1928 1383 1166 76 646 80 895 93 898 2354 1590 529 2277 1197 2323 1801 1798 395 1334 1849 962 1427 499 2644 1361 1394 498 545 789 1451 1683 1593 714 424 1213 1353 1230 1106 2540 1559 2066 2366 251
2411 2528 1644 1624 1934 2501 2817 2044 2832 312 817 1656 1405 987 2790 85 635 1102 943 221 1926 2300 188 1407 1319 611 1386 556 547 2082 2270 2034 1710 606 1796 305 1437 1313 2826 2574 259 900 674 2545 100 1640 2397 1948 1489 64 1569 463 562 977 1046 2626 1307 2084 2515 2721 178 2652 1417 1146 559 2088 715 1983 1096 712 1552 860 51 1092 2309 2200 563 1208 2358 1701 1416 622 2424 2646 1617 1029 675 2007 2133 1422 2480 2714 48 1486 659 1411 489 911 1428 2337
2236 1475 314 2429 1918 1756 2053 999 806 1124 484 1317 1647 2061 726 534 430 1037 2059 1438 1921 721 471 2402 363 1662 1967 805 1635 1972 1140 1216 455 418 786 295 1008 1303 1395 1929 390 391 402 1829 1481 1024 1275 2806 780 2301 1648 2244 1715 52 2407 1568 2406 1262 344 936 1187 1050 2531 2687 1465 331 2470 1011 1755 467 1018 346 561 452 655 53 2279 1378 389 268 1730 758 1789 1022 1039 412 782 840 927 1506 108 504 1831 1293 2634 1655 1143 2505 2465 89
601 18 1842 2 2663 1834 951 2015 1252 2818 2161 2622 1557 1390 1759 2757 315 1165 2302 191 2777 1125 1753 2772 2077 2478 70 2561 2510 1989 431 1320 2315 2686 1747 1839 1035 889 1980 1443 1075 1938 2685 2702 767 2667 522 1833 277 67 1533 2509 2323 1001 2242 2583 2350 269 202 1689 1810 1511 962 1334 2430 2504 369 789 1114 1257 1969 646 2121 853 1798 2409 249 634 1928 1590 436 1012 1801 240 2759 1728 1406 895 1166 101 135 2472 1869 211 1195 713 1767 409 93 29
2045 2023 1584 2755 747 258 770 1319 611 1320 188 2034 463 2545 1604 1796 1017 2622 2140 1701 446 1029 906 255 556 1491 1689 2829 1307 451 2757 315 853 2162 1557 2573 461 1618 519 259 454 2041 1759 177 547 1928 85 1390 2323 1334 1455 479 591 898 1386 2635 1616 442 2472 1834 2277 1353 186 1980 1237 2024 1987 426 789 2726 111 1981 2790 1683 2122 2419 240 2115 1800 2577 860 477 646 1552 1265 1976 2496 1617 176 1166 2786 1728 1561 1361 1835 172 1416 465 2430 1106
1721 2809 12 1876 1473 140 2657 1390 1452 1868 637 2622 255 1557 1165 627 67 2561 1759 2583 2427 1330 2757 315 2183 191 2685 1839 2161 2772 2302 217 2024 2617 1618 2315 662 1980 1903 1753 2251 1439 2134 1125 482 2077 2777 2598 2679 2308 2445 1597 634 177 1265 2482 918 269 1511 2122 426 2089 2051 1035 1969 18 2829 2121 1088 1406 1944 2163 70 2728 2409 2506 2143 2478 1928 792 2041 1968 165 692 2661 2430 1448 1613 2323 1001 1466 1320 394 1909 1197 1163 24 1491 2510 1558
1453 2433 1901 1490 2376 2721 715 1569 48 100 2309 305 2034 2545 64 201 1796 562 1640 1860 2713 155 439 51 2650 1422 2631 2815 1316 1496 1636 2272 1965 260 1148 2826 2088 231 563 2556 1617 784 712 747 1948 1123 2652 486 2007 1416 1096 2337 559 1878 2836 550 440 1986 663 1035 168 978 2289 184 1045 259 725 1046 645 2672 2133 900 1782 1307 1584 2553 2358 91 1478 1940 1848 1051 1993 1428 1765 1212 2235 622 1486 1593 1434 1849 659 976 1437 1381 1752 2506 2755 2741
2502 2152 1605 1139 2841 214 1866 2348 2567 1953 1891 2751 6 1602 1171 22 1570 2109 285 1214 909 1221 1371 582 546 420 1083 1397 2768 148 1661 1738 1702 594 84 1987 510 941 2643 2521 2263 1697 2816 620 732 759 1723 181 1260 807 454 2677 468 481 922 851 1502 2203 621 2179 2115 1960 171 1802 1488 1184 1880 785 744 815 183 973 1858 1616 2141 609 1797 2494 924 2476 1916 1199 2346 1198 475 2503 2666 1525 244 1084 957 1766 650 1696 298 690 1032 1537 1080 2060
2792 567 118 1791 515 998 1583 2328 2491 1179 1579 1531 1470 1977 1354 919 952 1769 1063 2778 2065 975 1851 930 2682 923 928 2252 9 841 2379 808 2729 748 1657 1651 2304 887 2793 875 114 1770 2711 311 1210 1854 7 819 382 517 778 1585 639 2225 2559 1920 763 1970 1578 945 151 1667 982 1271 2647 2349 227 2618 2097 528 2416 2723 2575 916 25 1154 492 579 2042 1367 1368 2459 2658 1239 2488 177 1211 2122 816 513 353 2829 776 2679 1163 1085 98 73 437 566
2024 2143 24 2430 426 634 1689 1597 2638 853 213 1719 967 558 1448 2615 91 2408 2295 707 1804 2413 792 1265 2296 1478 184 1533 135 757 2235 2409 119 1166 1928 895 1590 93 2354 1383 898 1728 1296 540 714 2756 1849 2472 2533 2224 2320 1149 1197 2260 1558 218 1231 754 293 80 29 2673 2021 286 2172 2324 424 1984 1312 1722 2390 1529 1035 1087 1334 2493 739 2323 1561 1269 1867 19 2566 2072 1207 499 520 1945 232 752 1733 1228 1593 1785 2744 1137 1161 614 2247 465
2232 239 1505 2311 2091 2164 1356 113 252 525 1435 625 2794 1781 1248 679 1598 822 1168 1299 216 2137 654 383 27 49 858 1924 1506 1018 408 782 449 2279 1141 245 1612 2632 2280 1829 1568 455 1262 2669 1187 1472 139 838 1282 209 1961 643 2062 391 2173 356 721 1037 1216 2406 1692 1297 1648 495 1303 1124 1706 1011 138 2470 1021 2396 1140 2611 131 464 2402 1843 805 1647 1503 1395 1715 2142 1127 2053 1026 296 1972 1967 1555 1662 1756 2070 1780 547 1813 192 1317 1875
1515 5 2457 509 844 1696 1889 244 2404 2464 609 957 2725 1766 2128 1616 2115 1426 2448 1477 592 466 1602 1556 744 388 1061 498 425 1637 752 1326 375 163 2124 2014 2366 473 1401 2351 306 827 2661 1084 2508 1953 214 2348 1866 40 1744 1080 2109 1199 2169 2101 1904 23 2222 1960 851 2751 2507 1171 22 2162 2468 1214 1591 1945 520 1768 2726 997 232 270 1139 2048 2567 1797 2476 1661 1108 909 2761 19 80 1283 43 2566 2425 644 400 2720 20 167 2442 2562 620 2278
2546 1389 1115 2178 2113 304 2066 1213 1394 545 2579 1951 727 589 658 1175 1306 485 1883 374 2054 803 483 2540 646 2381 1361 529 1427 240 1300 2784 789 989 101 251 1900 2759 215 436 1353 364 2040 1801 395 2644 2277 1451 737 2504 2000 1683 1798 1230 581 1106 341 2787 1559 572 1334 962 2114 1257 1593 1898 2238 614 1971 766 1786 2323 328 1137 2242 2072 1207 1087 1093 1558 407 1357 714 39 1818 2288 926 898 564 1180 2281 2495 293 465 76 751 2022 853 1561 540
150 894 419 2153 2263 2554 1083 96 1525 1632 785 106 1927 2623 1280 2678 1371 1702 732 620 181 582 546 1797 1365 2141 6 2643 2476 759 2152 2572 2386 1084 84 1221 189 2502 1260 1726 2060 1570 1960 762 2188 941 971 636 1605 1318 285 1032 1139 43 1987 171 2562 2541 1891 1596 2116 621 2612 2807 2498 2160 2688 2401 2503 2720 2751 644 481 300 1458 1171 807 1661 1336 2079 1866 1013 2567 1979 1315 1768 924 387 1199 2761 214 2522 2048 2442 1251 45 1214 949 1536 1108
2844 2092 299 2833 2139 2269 2371 2797 264 837 2776 2576 428 2484 1009 1549 2455 2063 1159 1815 1982 1814 403 352 1539 1622 1735 2189 2403 741 1925 90 667 17 1589 969 846 1619 2486 879 573 2473 2338 1122 226 642 1571 1629 2731 2100 2811 2175 600 317 2138 1101 1863 891 1338 2226 2412 687 2738 1060 2215 2255 1295 203 1615 2771 557 262 2460 888 795 2385 641 991 1373 349 2635 685 1349 1025 1807 2158 1618 223 1278 1572 892 2614 1994 127 2834 1509 2468 472 1421 46
196 353 98 776 2474 1643 1625 585 1819 1864 2081 2067 2462 910 2334 1042 2353 2361 701 2103 1402 1963 809 381 869 69 781 1344 233 2256 2264 276 1600 2027 871 2001 2012 2101 2391 1077 2379 1688 1851 952 2729 1769 1696 1808 2460 998 1766 2363 1583 803 1426 436 2274 364 2740 2725 609 1515 1997 1061 479 887 2115 388 875 1616 1241 1889 2003 1667 930 166 163 347 737 215 1025 160 1477 2225 1759 763 1404 2128 2778 1637 101 738 1835 509 814 29 2328 919 2533 820
2185 2584 1411 1129 143 2298 1684 1440 386 795 1694 2529 718 1445 2271 958 2517 2616 1630 787 1360 638 2801 30 1294 665 1514 1112 2363 2246 2619 810 697 1939 71 1446 1258 2481 1270 1215 414 557 2460 273 2444 1324 879 1267 2468 2710 1993 2139 2631 2189 1925 1814 1619 741 1982 1366 1640 562 2833 1816 439 2726 969 2524 2727 1744 1589 299 2403 2837 685 1045 1242 1549 51 2011 2104 372 5 1629 724 342 169 1029 2050 1480 155 64 267 817 1386 305 2162 448 1456 2677
806 534 2429 53 799 2531 1024 2244 290 653 418 780 1465 1918 2059 1481 52 726 561 2693 786 484 1438 999 1662 452 2285 858 314 1780 471 1503 1647 2236 412 2698 1829 805 2061 1475 721 1755 1395 363 331 1039 1127 2402 1303 1274 344 131 1273 402 1756 89 1972 2470 430 346 1921 1317 1011 268 2765 2821 655 1875 2017 1216 1843 241 2565 936 1008 2407 643 1378 1140 1612 1568 467 225 389 1472 840 580 1648 2715 391 33 1715 464 1124 2301 2279 1097 252 758 2634
536 1132 1588 1268 1431 36 733 866 500 2117 1499 2090 121 680 988 193 569 802 142 1492 2078 332 429 1065 1764 1886 1256 1053 2640 729 2333 2570 2795 432 1329 1910 571 878 2798 2839 2335 2029 340 2380 2629 2668 1430 2267 1236 289 1699 21 2539 2578 2743 1033 2227 1562 2451 1952 1418 199 979 2384 1429 1793 1890 13 886 597 2108 2602 964 2808 2786 2828 1398 1553 901 1393 417 1272 1038 1668 555 1374 672 933 2568 1686 1145 176 2038 1266 2210 62 2671 2217 2120 99
285 6 1221 582 1570 546 1891 1702 759 1083 2643 1260 1697 732 620 807 181 2816 1723 468 2666 650 1858 922 475 1916 2043 2346 2171 1797 973 2810 411 2476 1603 1153 820 2167 750 1541 1456 2268 298 37 1188 1882 1763 1284 122 1537 690 636 2313 334 2807 1285 980 1884 1865 1318 1610 1015 2118 372 1082 448 459 1761 1605 2152 956 586 2425 2502 1090 1308 1139 2194 2261 443 1227 1006 829 661 1560 1199 669 2706 2841 229 594 476 2387 2278 1080 1536 420 42 1768 1987
1288 1703 2216 1363 2152 621 2502 183 171 84 2141 941 959 1605 1987 1371 2109 2503 924 481 815 2567 785 1139 2677 2751 1880 909 1802 506 2048 2263 565 1171 1661 22 214 1214 1866 2841 1286 1365 1844 2182 997 2608 236 45 229 2760 2056 2522 2507 1251 2612 1960 2401 1064 2425 1953 2348 270 851 2705 1108 2831 1283 1032 1364 2761 1487 2197 1602 454 1560 1471 1199 2706 189 953 2060 1768 2571 1458 744 1217 396 398 1525 1927 333 2720 1632 106 2623 43 1084 2562 1280 2442
1710 1489 1701 1417 860 1788 197 463 2840 2375 2767 433 1437 1307 900 1029 179 1208 1993 2084 550 489 2289 2515 1663 2482 445 674 606 1486 2424 2652 2826 559 906 1422 2836 1045 2076 1190 2088 1782 645 563 769 134 712 642 2133 2419 1416 1948 1949 925 1617 161 1624 977 259 2050 2646 2034 2397 2011 1096 1895 846 1766 1983 1627 260 1381 178 2130 978 2480 2649 609 1123 440 1201 675 2358 1218 1910 2574 2725 2626 1369 1328 1552 1261 2241 941 1468 659 622 2837 1092 1878
2153 419 894 2554 96 1927 1632 106 189 2060 1032 1171 1661 1214 22 2567 2751 2109 150 744 924 481 1286 454 1995 2401 1365 2502 2152 1139 2726 2162 1889 2404 2222 957 2612 941 1363 1336 1605 20 609 1013 815 167 1703 752 1288 2079 2160 2141 1199 1744 2705 1556 171 2841 592 2831 2571 1987 2216 1315 621 1766 506 1364 84 1251 785 861 40 333 762 2464 971 959 183 1802 1217 300 1749 2197 1283 2720 1108 565 1907 1953 2562 309 2263 851 1083 43 45 856 1371 1844
803 1087 1257 1137 1971 614 1207 2072 1558 374 714 2381 898 251 1427 2540 1786 737 364 101 215 1900 2040 436 2759 989 581 751 2579 341 2114 2504 789 1801 2000 1683 1106 766 1883 1559 2238 1451 1166 2242 1898 1357 465 1928 1361 1230 328 240 483 2277 962 572 2644 395 1593 39 1798 407 1394 2787 529 1818 545 2288 926 2224 2281 564 895 93 1590 2495 2409 1353 2323 1093 1300 2784 1180 2324 853 1197 76 646 1334 540 1091 1996 1213 777 2066 230 1389 1115 2493 2546
2510 431 70 1753 1125 2772 2777 2077 2478 1839 2561 2161 2818 1035 1759 2757 1165 315 1557 2302 1390 2015 2622 1252 191 1834 951 18 2663 1842 601 2 2686 1747 2315 1320 767 889 277 1938 1989 1443 269 1075 1137 1980 502 1235 688 1257 2702 1971 2242 1207 1801 990 1786 2685 1798 2482 161 1833 433 2471 2496 202 1908 1114 2323 1845 1106 374 581 369 1895 2532 211 1357 67 2644 962 803 1413 1608 578 1683 768 2504 1460 250 2239 1197 2509 1427 1559 529 2624 2276 436 1087
1453 2433 1490 1901 2376 2721 1569 48 715 100 2309 305 2034 64 2545 1796 562 1640 201 1860 2713 439 155 51 2650 1422 2631 2815 1316 2272 1496 1636 1965 231 1617 260 712 1148 563 2088 1948 550 1416 1096 2826 1123 2556 168 663 440 2289 1045 2836 784 2553 1878 1584 559 2652 1051 1840 645 1381 1782 747 2454 978 2241 2130 486 900 1212 2767 659 2769 2741 2672 179 1993 518 1986 793 366 2133 2337 2004 2050 259 725 1034 480 2174 2538 1486 1392 1362 2229 976 2135 1658
1096 1416 1948 1362 1897 497 1586 992 2046 2815 1316 2272 1636 1496 1965 1860 2352 1218 1051 2556 2713 2721 1261 48 64 715 1569 305 2034 100 194 562 2628 1796 2545 2650 439 2433 155 1617 1558 259 1993 1552 712 51 1422 563 1212 1490 1207 2135 1307 900 547 2309 2482 1640 899 1386 260 1123 1087 201 559 659 2319 1486 319 1148 2741 906 1541 2241 714 2072 2376 556 1878 442 635 445 1045 1319 692 221 2292 1901 251 2076 111 2082 137 463 2732 1381 690 1453 1257 1137
28 1563 238 2716 2250 505 2552 523 2500 2479 2181 2365 175 849 2819 705 313 1532 458 2689 2283 2557 2191 2534 152 81 1827 2119 2370 1708 1741 1896 2099 354 587 734 330 2674 972 120 1339 847 2527 671 2742 2228 2681 696 1376 92 2193 633 2592 1335 1680 503 1704 1111 2052 2177 2322 532 711 602 740 1332 1932 1917 1912 1831 2062 788 772 125 726 1655 1706 1473 927 2028 2594 1281 2059 464 1789 1475 2505 2465 1117 129 501 2806 1262 1923 2715 484 840 261 1062 2634
2252 2491 2328 1179 1583 2682 1977 1651 998 1579 1063 841 2792 515 9 1920 1531 1578 1769 1368 639 1791 919 1770 2097 945 982 952 1367 118 227 2647 1354 1566 1239 114 1851 567 2379 928 748 2349 2729 2225 1470 916 930 2042 1657 887 2488 517 2778 1211 923 819 311 975 763 2310 579 2065 2416 1585 1210 2723 1667 875 2459 1154 2304 512 2711 25 492 7 528 2658 2793 778 382 1970 566 2462 1271 2559 2026 2081 1209 910 2618 513 2474 1879 1344 809 1854 1819 2575 607
2034 2545 1796 48 100 1569 64 715 2433 2721 439 1640 562 1453 305 2650 155 2309 2713 1901 51 201 1860 2376 1490 2631 1584 2023 1422 2755 747 2045 1096 1416 2815 1948 1316 1636 1496 1993 2826 563 85 2272 550 258 1362 1897 1965 1878 260 832 1617 983 2088 2767 1051 712 1926 1123 259 559 992 2638 659 1478 2413 1334 2300 2295 2129 695 221 2190 168 617 2016 2836 1224 2652 1407 2790 1561 925 2700 1624 378 1990 1535 499 1045 2472 2523 770 2007 111 943 1782 184 1550
2156 2645 1321 836 2096 1709 2432 935 1098 1933 2750 2201 1790 850 2071 2355 897 1052 1504 1436 1305 2342 1736 2450 1638 755 1806 222 2691 2218 2512 2362 1911 2420 796 2318 2446 2452 1621 2537 2823 2642 599 666 2627 477 396 1288 1425 1703 1153 2216 1363 1865 1085 612 2567 1145 1032 189 2060 1761 2747 595 208 1171 461 2587 1593 1217 959 1214 2313 957 941 1286 506 2122 1903 2098 281 2074 2296 2829 476 971 177 84 2679 1023 2655 2163 1719 1387 1227 629 22 565 1044 856
2043 2666 650 2810 2171 2816 475 1916 2346 1723 1891 1153 807 1603 750 820 1541 582 411 334 1260 6 759 2643 1761 546 1702 285 1221 1570 1882 372 620 732 181 922 1083 1697 468 956 2387 1865 829 1858 1456 1797 1188 1763 37 2268 2167 1284 2476 122 973 298 1082 2313 1537 636 690 980 1227 2807 1605 2194 661 1884 1139 1015 1610 2502 2261 1318 586 1090 2699 1308 148 2118 2841 2179 1285 594 629 1502 459 2425 229 2677 2152 1561 669 476 713 2521 454 420 448 1074
1087 614 1137 1207 2072 1558 1257 714 898 1971 465 751 1786 1166 1928 803 1593 1801 1590 895 93 483 1883 2409 240 2784 1353 1300 2000 2324 789 1197 2579 853 2224 1213 2066 989 540 2114 1357 2022 1093 2493 1106 2277 2504 1683 581 407 2113 1394 1559 1898 2242 374 545 2178 39 304 2759 2381 341 251 2495 1091 766 1996 529 1427 1818 564 926 777 1035 101 2238 328 2540 2281 2288 737 2040 364 1389 215 1115 2546 1900 436 230 1180 646 1451 76 2054 2235 2644 676 1561
860 1788 1489 1417 1710 1701 2289 1895 2482 161 433 769 2375 173 2650 197 2840 1320 463 2769 348 26 925 1870 2454 1369 2649 480 2714 231 1029 2287 1253 179 712 1617 2538 305 2050 1640 562 1422 1045 550 2130 1993 445 1569 51 2837 259 1328 2011 715 2836 178 1796 1782 2721 2626 606 2767 622 2480 489 100 1552 1051 48 977 64 645 1261 2544 1934 635 1627 2424 1218 1860 2515 1381 2084 2646 2358 900 440 663 735 260 2241 1416 1437 319 439 2076 1388 943 1386 1313
2044 85 1656 1102 943 2790 1934 2817 2501 1644 312 2411 2832 2528 221 1405 1624 2300 987 635 1926 817 188 1407 611 1319 556 1386 547 2034 2545 1796 2082 2270 2574 259 1190 1569 463 1092 2397 100 64 1422 606 1640 439 1617 1552 48 1983 2419 977 2088 2650 1173 2652 1029 712 2084 178 2826 2544 550 563 2515 2424 1428 703 1414 2133 445 1484 489 2007 2626 260 622 1584 559 715 74 219 1788 2724 2753 2480 201 2148 2344 2433 2646 911 2003 1096 1046 480 1313 674 1158
1517 2733 462 1169 2684 357 2780 1482 2368 279 2019 818 2586 693 2651 2447 794 1626 1805 775 1611 2080 2621 960 2347 2020 2630 2383 2297 1382 2106 2329 2211 2701 1372 2254 457 441 2233 1523 1832 2695 373 2754 371 845 2345 575 187 2395 321 1259 1016 584 2804 2240 876 2605 1691 2525 2637 2805 1014 469 1192 32 145 1410 2192 1734 1748 1459 2641 102 1120 86 2653 2414 1507 10 55 1177 2550 2176 107 1669 1195 728 397 1809 917 1104 1846 2489 2247 404 1959 1905 1194 1609
403 1159 1815 2063 2455 1009 264 837 2484 352 1122 2844 17 1622 2092 1814 2486 846 969 573 2139 2833 299 1571 2797 642 2371 1101 317 2269 1589 2138 2731 2811 1520 428 90 2776 2576 1 203 2100 1982 600 1338 1349 1572 1060 2399 2727 2412 2255 234 2215 1025 1539 1925 1629 741 913 2189 667 795 307 1618 2473 1549 2738 2403 685 1619 1615 1735 2635 127 2338 879 2226 1862 961 2834 2648 223 577 226 892 1540 2213 2158 2614 46 349 891 1278 1660 511 557 472 2175 1366
957 5 1515 509 1889 2457 844 2404 1696 2464 2725 609 1766 752 2448 244 2128 1616 2115 1426 592 2468 1477 1880 1802 38 1995 744 1602 115 466 1084 1199 1556 2109 498 1044 1401 388 814 1061 827 2661 2014 425 2124 375 1596 163 1744 2222 867 2562 1326 2366 1637 2431 40 473 306 2633 1866 2720 1480 481 941 23 1032 2726 2162 385 815 2607 1366 1025 2101 1960 2442 20 2351 167 2498 1987 84 387 1660 214 43 1591 1286 1953 644 400 1080 1844 2348 2197 2188 2508 1927
860 1788 1710 1701 1417 1489 2769 2454 26 1870 348 1369 925 2289 480 2649 2714 2538 1895 2482 550 663 161 433 769 179 2375 197 2650 173 2130 1422 463 2840 518 712 1029 1617 2050 1441 231 1640 1045 445 1993 305 562 1320 51 1796 1569 1934 100 2287 1253 64 715 1386 440 48 1552 2721 259 2836 439 547 735 1782 188 1656 2837 1948 2501 178 1624 2011 622 2790 606 1096 1663 2626 817 1584 1926 2480 1102 85 556 489 221 635 2034 2544 1860 1416 2545 2397 977 2817
2054 1836 1672 2437 2000 2785 1914 751 646 1091 1996 1044 777 291 230 44 1535 2249 2787 269 1353 1057 483 1451 240 1230 1593 1786 789 1346 2317 1300 1559 2784 1180 572 2644 2281 1357 2700 1361 564 2495 39 1801 1683 926 76 395 1990 2288 1106 465 1447 1798 47 1483 1561 16 1818 2277 962 2114 1469 676 1714 1116 376 1224 529 1727 832 989 1971 761 1713 1093 2129 2523 293 540 739 834 1334 683 34 2235 1449 1804 1394 2540 1257 1883 407 1087 2542 2180 2422 617 967
1346 2129 617 832 1535 2542 291 540 1561 1631 1197 1298 1019 63 1161 1847 1773 1513 783 1795 1785 1434 1228 949 1685 1333 182 954 499 940 2656 1343 149 2022 2112 1004 2737 1760 310 1712 1693 2827 2441 2149 198 2497 75 1999 465 2016 1103 983 2190 2785 1743 1914 2242 676 1176 95 2260 695 1856 2111 1836 596 2202 2700 132 2745 2437 1304 1672 1476 2235 1749 60 1593 576 93 1590 895 792 88 2409 91 1990 824 1116 751 2296 1838 1928 1166 683 1714 2547 2324 269 1713
545 1394 1213 2066 529 304 2178 2113 2277 2644 395 1389 2546 1115 1451 1801 1361 1230 2579 572 1353 1106 1559 962 1683 2000 2787 989 1798 1883 789 485 1175 1951 1306 483 581 727 374 240 658 589 1334 2323 2784 1257 1300 803 1971 2114 2759 1786 2540 1427 2381 2504 1900 101 251 1044 364 2054 2040 646 215 436 1593 1898 1137 737 614 39 1357 1093 341 2495 2288 1818 2072 926 1207 564 1180 2281 2238 76 751 766 328 739 1087 1091 1996 777 2242 230 1558 407 293 2224
924 752 2567 2751 2823 1471 1487 953 1171 1214 22 2841 2216 1703 2502 1288 1363 1139 1661 1605 2152 2109 1044 2740 1400 214 1866 419 454 2554 1953 894 2153 1687 96 2348 1922 2573 1602 1927 2620 1632 106 851 1371 327 420 744 189 117 205 2768 1659 2060 1059 2494 1979 1397 997 2726 20 1184 1032 909 167 2030 2507 1995 2162 2222 2521 594 1198 1738 342 510 1205 148 275 2303 629 1488 1641 150 1217 2141 2791 2677 957 2263 2179 2404 941 84 40 785 2277 2115 2114 333
2152 2502 1605 2567 2751 1171 1371 22 1214 1139 2109 1661 84 214 1866 2841 941 2263 1987 909 2348 1953 2141 621 454 481 183 851 1602 785 2503 1802 171 815 924 2677 744 1880 1032 1525 189 2060 1280 2623 1084 1632 1927 1960 106 959 2216 1703 96 2048 419 2554 894 1363 2153 1288 1286 506 1199 1365 957 609 420 2761 2404 270 2162 1283 2726 167 1844 1397 20 2768 565 2572 1738 1889 1766 510 1108 396 148 2222 2115 2521 2522 594 1768 2182 150 2678 2608 2056 1744 40
2693 2236 1755 799 1011 1274 653 805 1475 1647 2061 1472 721 2402 1317 2531 314 1273 2698 1756 561 1395 1921 1972 999 1829 390 1024 806 858 31 1967 1568 1635 1127 1050 268 331 580 27 290 2715 1648 430 2406 2429 1780 1875 643 2091 1140 1187 326 2017 1303 452 412 53 1715 534 162 131 2285 1039 1503 782 1124 2053 1275 655 726 484 1918 2059 89 2301 1852 1843 1018 2407 2232 1164 159 1216 455 2632 1008 1378 1662 1262 2765 2279 1118 113 1692 216 1746 239 1655 1293
285 6 1221 546 582 1702 759 1570 2643 1083 1260 1697 620 732 181 1891 468 922 807 1858 1797 973 2476 2816 2167 2268 1723 1456 411 2666 650 37 1188 1763 298 2043 1284 636 475 122 1916 2807 2171 2346 1318 1882 2313 1285 1603 820 2810 1537 690 750 1153 1541 1865 980 2118 1884 1610 1082 1015 448 334 459 2425 586 1090 1536 2278 372 956 2194 1761 1308 42 2261 1227 1605 2152 669 443 1560 661 829 2706 1006 229 1139 476 1199 2502 1080 2677 2387 629 594 117 1768
2161 2777 1125 1753 2772 2077 2478 70 2561 2818 2015 1252 601 18 1842 2 1834 951 2663 2510 431 2622 1557 315 1759 1390 2757 1165 2302 191 1839 1989 1320 1035 2315 2686 1747 29 2685 2172 286 2533 2673 634 2430 1533 1689 67 2667 426 1980 889 1869 293 853 767 1149 2320 1075 1478 135 1312 2323 2583 277 522 2024 1001 688 2472 2509 1798 24 91 646 1511 2350 2121 754 1597 485 558 962 1443 1969 739 1810 218 1728 184 498 2143 2242 269 1334 249 768 757 2295 823
767 277 1443 1938 1833 889 2686 1747 2702 1980 2496 2315 770 2685 369 211 2532 1460 1989 2478 1753 1125 2777 2510 2077 2772 2302 951 431 70 1834 2818 1759 315 1165 2757 2015 2561 1252 1557 2 1842 191 18 2663 2622 1390 502 990 1845 1080 1608 803 1839 1137 258 250 1844 2388 601 1320 23 1087 903 2624 1035 1908 684 40 1207 1257 2784 1413 1971 2072 1340 690 374 1558 297 2288 269 2242 39 1401 1235 1593 2161 1561 240 578 1786 1232 2128 2323 167 1418 688 1601 284
196 353 98 776 2474 1625 1643 1819 1864 585 2081 2067 2462 910 2334 1042 2353 2361 2103 701 1402 1963 809 381 869 69 781 1344 233 2256 2264 276 2027 871 1600 1702 1188 2171 2810 820 2666 1227 546 582 1916 1891 2001 2043 2816 1603 2643 650 1889 2346 609 375 1083 476 2101 1696 475 160 1766 411 732 2012 1688 1865 1697 1882 1723 1808 661 1326 166 922 2738 620 1565 1419 1260 1456 1797 1533 1221 1515 1059 2278 2261 119 1401 1153 2729 2247 2274 1077 1583 2660 282 759
1946 2394 105 416 1778 11 883 1200 2420 664 2110 2318 144 1152 1495 1614 1036 2452 1296 80 1383 2600 318 1331 119 520 135 1002 2458 424 2830 1673 2679 1903 1479 966 1945 213 243 1093 558 2697 2413 949 1163 1705 198 19 2443 568 1231 1733 232 2354 1419 2744 908 783 1529 1968 1247 1728 757 1688 15 707 1006 2122 1309 1020 1219 2111 1222 2390 2560 462 2290 54 337 301 2214 2497 2543 1312 1849 678 749 1681 1984 1533 1370 2147 1954 1040 1387 831 2737 177 1478 2746
702 931 1767 1830 1114 848 1107 835 768 522 2667 903 1908 65 1845 2624 126 1254 2388 284 1340 578 2471 1512 1235 2276 688 1608 1720 1821 103 1310 990 2601 297 502 1413 1323 684 2314 1186 1391 250 1975 2323 962 1798 2759 315 1075 1334 2787 1759 803 1597 1801 426 215 1616 2622 436 2161 1928 2409 1557 739 2302 485 395 1144 737 2224 374 251 1137 1390 1427 1683 614 101 1689 2242 1207 1558 1113 634 1166 2644 1165 1197 2015 529 714 2757 67 646 1834 581 293 895
269 1548 1593 2235 2110 465 499 540 2296 792 91 2260 1804 1719 676 967 1197 1561 291 739 1631 1801 1035 240 2784 483 1300 1353 1883 1533 2542 617 789 1346 2242 751 2129 2315 1980 832 1535 76 2685 2702 1087 1073 2224 277 2518 1732 2275 2472 2579 576 1996 634 2277 1091 1620 1590 339 2288 2495 603 1257 1427 1312 2430 218 39 2281 1180 845 1749 2504 895 564 1990 47 767 93 1984 1558 777 926 1166 230 1357 1971 1120 1838 2024 2409 1928 2161 2673 683 614 2561 1334
1260 582 807 759 1702 6 2643 546 1221 1891 285 620 732 181 1083 2043 650 2816 2666 468 2810 2171 1570 1153 1697 1858 1723 1797 1916 475 2346 820 1603 1541 750 411 2476 922 1865 1882 2167 2268 636 1761 1318 2807 334 1456 1188 956 372 973 829 2313 1284 37 1763 2387 122 2425 2278 1536 229 298 42 448 980 1227 629 669 1610 2194 2261 1560 1884 459 476 1768 2118 1285 1199 1015 1537 661 690 1082 2168 2677 2688 1139 586 2627 387 1605 2152 1090 281 644 971 1750
2044 85 1656 1102 2790 943 1934 2817 2501 1644 2832 312 2528 2411 221 1405 1624 2300 1926 987 635 2545 2034 817 188 1796 1407 1319 611 556 1386 547 64 1569 48 2082 100 201 2270 439 2713 1640 715 2433 1422 1901 2309 563 259 2650 305 155 2826 1617 712 562 1860 2088 51 550 659 2721 2133 2241 2652 2007 1158 559 1428 1636 260 1045 2419 1381 1848 900 1316 1752 1782 1046 2439 1490 2836 2046 1658 992 1897 2358 1584 1840 111 1965 463 977 1352 703 2337 1486 1203 1173
2071 1504 1436 1933 222 1790 2218 850 1052 2512 1321 1305 2645 2156 1098 836 2750 2096 2342 2450 1736 755 1638 1806 2432 935 1709 2201 2355 2362 897 2691 1911 2420 796 2318 1288 1703 1363 2216 2567 971 2751 84 43 2404 621 941 22 2642 477 959 1661 1171 1145 957 1214 144 2688 1217 208 1766 1085 183 856 997 2577 2152 2109 171 785 1510 2141 2464 609 472 815 1889 2829 460 867 177 509 1682 1907 189 2587 909 816 72 1757 2507 1987 2188 1621 991 461 1533 2150 2122
1593 1353 483 240 1300 2784 1883 789 465 1801 2579 540 2054 751 2000 1035 1996 1091 777 1087 1971 803 2504 2540 1672 2235 1093 1427 230 1044 1257 2277 2242 1786 1727 1394 1836 407 614 1683 1914 2785 1115 545 2437 1389 2546 1804 646 1137 2759 1357 1213 374 2066 2114 792 766 291 341 1180 967 1719 739 564 2296 2072 529 1207 39 926 2288 2281 581 2238 2110 2495 834 91 676 76 1818 1561 2644 1230 989 499 2381 101 1558 2113 1559 251 215 898 1451 2058 328 737 395
629 1865 1916 475 2346 1723 2810 2043 2171 650 2666 1113 2816 1891 1487 1477 909 882 1153 123 820 750 1541 1144 1603 411 2823 807 1183 582 2503 1882 1371 334 924 2677 1471 953 1570 281 922 2627 956 1761 37 372 1188 1922 546 1697 2620 1456 1687 1763 2150 1284 1221 986 2841 1537 285 2573 6 2494 1757 468 1987 122 1082 1400 327 941 1702 732 396 2152 275 1260 620 2167 1199 1605 2387 690 117 420 2572 1641 2643 1084 1083 1397 1139 2768 851 2679 1163 481 1257 2362
2517 1939 2619 1294 1694 30 2481 2246 1215 1270 1445 71 810 1446 2616 665 1258 638 1129 2271 718 1112 2529 787 1440 386 1514 1630 958 143 1360 697 2185 2584 273 1684 1411 2444 2298 2801 2104 2524 1242 414 1324 1267 1355 2710 147 2189 741 1167 2595 577 127 2363 1811 1295 1803 795 557 2175 1807 991 879 2460 1059 2771 2013 1863 2466 1925 1735 1982 1619 641 1509 2709 41 912 1373 706 228 888 472 299 2372 2455 511 262 20 2726 1607 2833 2208 1081 167 1659 1744 1264
872 2773 2199 261 2610 1099 1135 2594 1885 649 877 1156 1003 159 552 1650 2814 1293 2105 1143 2597 1314 1097 31 1118 1822 580 326 2715 120 1117 1730 1929 1441 890 2265 633 2687 1275 1335 2062 2301 2806 2799 1704 295 2681 1297 1955 533 367 1917 2306 1273 331 503 772 1680 1376 1912 1655 1281 1111 456 390 1831 1109 1635 655 2237 1813 711 2322 1715 670 2212 1327 927 430 2812 740 504 2742 125 1852 2193 1789 1332 2789 518 1543 2053 2406 2774 1461 2764 316 1706 2592 1746
767 277 1443 1938 1833 889 2686 1747 2702 1980 2496 2315 770 2685 369 2532 211 1460 1989 2510 2478 1753 431 1125 70 2302 2777 2077 2772 1834 1759 315 951 1165 2757 2818 1557 2015 2561 1252 2622 2 1390 191 18 2663 1842 990 1839 601 502 1320 1908 1845 1608 250 1035 258 1340 2624 1137 1207 1413 1235 903 1087 297 2471 1232 684 1080 578 1558 2323 284 2072 2601 803 2482 2161 688 269 2388 2242 1257 1401 690 374 40 1075 522 1971 1844 1418 161 1114 898 103 571 2677
2725 2115 2448 1616 2464 244 1766 609 1477 1696 1889 509 1426 2128 2404 957 2457 844 1602 5 1515 466 592 498 1556 388 744 1061 2124 2014 2366 375 1326 1637 425 2351 163 2508 473 306 1866 1953 214 2348 1401 2661 2169 827 1080 2101 1084 1591 23 752 2222 909 1139 2109 1744 2521 2841 43 1596 510 1738 2498 1605 2562 1488 1199 40 148 971 387 851 2188 2688 1397 1960 420 644 2442 2502 2720 2751 594 1661 2768 1502 2152 1904 1471 2823 2507 2179 953 2726 2162 22 1171
2767 1993 1617 712 1422 1045 2130 2050 1663 1782 2836 735 947 134 1328 440 2707 1444 1054 2837 179 169 550 1649 645 1029 1679 1623 2011 1381 2241 51 1658 1710 2631 1489 1261 1218 1417 445 1701 197 860 900 1051 1437 1486 155 319 1416 2628 2439 1208 1544 1948 305 2840 2034 2419 2652 1096 1640 2088 559 1307 1552 1840 2133 194 463 563 562 259 674 906 2352 2545 260 1788 2826 1897 1878 2515 2046 1362 2076 992 1796 1369 1123 978 2424 2721 2650 439 2713 2544 1190 977 1148
2210 2520 640 1272 13 1754 2671 2421 1949 1038 1041 2083 1910 323 1337 2032 2047 377 56 828 1189 2578 370 865 672 2602 2828 1668 933 1374 698 2539 1049 1429 729 932 2629 1521 955 1764 2795 2570 2798 964 2335 2428 839 1399 2038 1952 1329 2839 1249 1266 1070 2221 2808 2120 358 2380 1256 971 84 2031 785 2267 1236 176 2217 901 1553 43 2688 2188 882 150 2348 1757 986 1458 2640 941 762 2415 621 2423 2498 644 2568 1255 868 1033 2386 909 2152 2141 289 2451 509 1139
2113 2178 304 1213 2066 1389 2546 1115 1394 545 727 658 589 1175 1951 485 1306 529 1361 2277 395 2644 2579 2054 1334 1883 1300 1798 572 1353 483 2784 1451 1230 240 646 962 1801 2787 1559 1106 789 2323 2000 374 614 1683 2022 1593 803 1900 2540 989 2759 364 2381 1427 215 2040 251 436 2072 581 1137 101 1207 341 737 1898 1333 63 1561 2504 1019 2114 1087 1093 1257 853 898 766 1558 1786 1971 2242 1197 714 426 2024 2430 1597 634 2542 465 617 1928 1166 407 676 328
2374 2174 1234 2418 2327 57 1575 1034 1392 1792 210 1861 1580 280 2004 133 1724 1375 2461 493 746 1758 793 570 1859 548 2125 294 1276 1930 2456 2330 1358 689 976 1665 1947 1664 366 1765 756 1196 1072 2229 2672 859 2184 422 2186 588 1030 583 2694 2838 704 1081 1497 421 1279 797 2513 2206 2581 2541 2548 2662 1193 1086 2703 228 242 880 158 1457 438 77 2127 1377 2332 656 2590 2198 287 1522 798 170 2356 470 82 1887 2039 1551 1345 857 1877 885 801 706 1348 2739
1096 1416 1948 1362 1897 497 1586 992 2046 1316 2272 1636 2815 1496 1965 1860 1218 1051 2556 2352 64 2721 2713 48 194 1261 1569 305 715 2034 100 562 2545 1796 2628 2650 1212 2135 899 155 439 2741 1558 1993 137 51 2319 1617 204 1087 1552 1067 2150 2433 1443 2686 2482 442 2561 712 563 2665 2755 1557 79 2699 1307 1834 1001 2671 1839 1075 1541 111 2728 722 1207 1810 1640 2471 714 853 319 2509 692 882 889 260 445 2292 547 745 1390 116 1045 1757 502 767 2207 2015
1346 2129 617 832 2542 1535 291 1631 1019 1513 1773 63 1795 1161 2656 1847 1785 310 1228 1561 1693 2827 2441 540 1298 2149 1685 2016 783 983 499 1333 182 1743 1176 1434 695 2022 2190 949 954 1760 149 95 940 1343 2112 1004 2737 132 1712 1197 1856 596 2111 1914 2785 2202 198 576 75 1476 2745 2497 1999 1749 824 1103 2547 2700 88 465 1836 2242 2437 676 1990 1672 1304 60 1116 2260 683 1714 1713 1093 1593 1178 1838 751 2422 93 1590 269 895 2235 1224 2180 792 2409
2374 2174 1234 2418 57 2327 1034 1792 1575 1392 1861 280 1580 210 2004 133 2461 1724 1375 493 793 746 1758 570 1859 2125 294 548 1930 1276 2456 689 1358 2330 1665 976 1947 1664 366 1765 1072 1196 756 2229 422 2672 2184 2186 859 1030 588 704 583 2838 2694 1081 1497 421 1279 797 2513 2662 228 2548 77 1457 2541 2332 2581 2703 242 656 2590 438 1193 158 2206 2127 1086 1377 1522 2356 880 2198 1877 1887 857 1551 798 2493 885 2039 706 2739 170 1348 287 934 263 470
2721 715 1569 100 48 305 1453 64 562 1640 2433 1796 439 155 2034 2545 51 1490 1901 2376 2309 2650 201 1860 2713 2631 1422 2815 1316 1617 231 2272 1496 712 1636 260 2836 2289 1045 440 1965 563 1948 2826 1148 2088 1096 1416 1782 550 559 1993 1381 1584 2050 2513 2652 1123 1051 2556 168 2130 1878 2767 784 900 663 2241 1307 645 978 1658 1486 2454 2553 659 2007 259 2439 1437 1840 486 179 1261 1046 2133 2358 2337 2837 747 348 2769 1849 2840 445 1369 2023 518 735 1544
2044 85 2034 2545 1656 1102 2790 1934 2817 1796 943 2501 1644 2528 312 2411 2832 221 1624 1405 2300 1926 635 987 817 188 48 64 1569 100 1407 715 1319 2650 611 2721 439 1640 2713 201 1860 2433 155 556 562 1386 305 2309 1901 51 547 1490 2376 1453 1422 2082 1584 712 1316 2826 2815 659 1096 1993 550 1381 2270 1416 1948 259 1782 563 2631 2836 559 1636 1658 2652 1617 2007 2241 260 2088 1046 1045 1897 925 1965 992 2439 2272 1878 2755 168 1362 1123 463 663 1552 977
982 1583 1791 998 2065 2792 118 2252 567 2328 1851 2682 2491 1179 919 2379 1063 930 763 1977 1651 2778 1769 975 1579 1354 928 2225 952 1470 1531 841 1657 923 114 2729 808 515 311 7 2711 2793 2559 1210 1367 517 2304 748 528 2349 1667 1368 1854 875 2416 887 382 25 1271 1239 778 227 819 1970 9 513 1585 2488 579 639 151 2658 2042 1578 1209 2618 2310 916 1920 1770 492 1211 2097 2723 2459 945 1154 1566 2575 512 566 2647 2026 2431 741 2738 1060 2460 1530 2692
1353 1300 2784 240 483 1883 2277 529 1801 1394 545 1044 789 2066 1213 1593 304 2178 2113 2644 395 2579 2546 1115 1389 1451 1230 572 2504 1683 2759 1361 1427 374 407 1093 1898 2540 1106 1559 1088 2000 328 341 962 251 2238 989 101 2381 465 766 2323 737 215 2787 2040 803 436 581 1900 1798 1951 727 658 364 1175 2114 2054 1306 485 646 589 967 1804 1719 1971 1786 1087 1257 1334 2288 540 1035 39 926 2296 2242 1178 1818 564 792 1180 757 1476 834 576 2249 1558 2235
2551 2018 2284 2146 719 1289 2008 764 2361 276 871 1534 1351 914 812 35 2824 2209 615 190 1577 1915 1493 1157 862 2353 869 2067 723 1359 2585 1970 2729 2603 998 303 1997 450 781 1403 539 2487 1772 1583 247 701 1785 1528 1228 1247 1204 213 778 1657 1222 2550 930 212 776 1751 15 1507 1066 1128 831 2214 382 1161 2777 1957 98 2019 1835 1762 2453 560 272 353 1851 1125 384 153 2474 1226 816 1753 2077 783 1347 409 928 2379 1808 558 2772 2113 2410 2561 1019 738
327 117 1659 1979 2494 2303 2573 1205 1198 1687 2791 2030 1922 2620 275 1184 23 1400 2203 1113 2572 1502 1960 1641 205 2263 1080 40 924 2179 20 454 690 1591 167 1744 2726 2222 2162 594 1488 2623 1738 2768 1084 1537 510 953 851 423 1471 1525 420 1397 2521 1371 796 1280 592 148 2101 1232 907 1425 1487 474 281 2706 2678 543 1144 298 2245 2677 1995 448 1661 1423 396 629 2535 400 325 745 2627 1474 1605 1671 2841 2132 1726 1199 2386 2449 2152 2503 265 2216 38 946
967 1719 1804 91 792 2296 2024 2143 24 2430 2235 634 1689 1597 426 1533 2756 2533 1149 2320 2021 293 29 2172 286 2673 1728 754 739 853 1231 2638 540 2260 213 757 1593 218 2224 707 558 2408 1448 2787 2295 2615 1478 2110 2413 184 1265 499 135 2409 895 1197 93 1928 1166 1590 1561 2354 898 76 1849 465 2472 119 752 714 1334 1529 2390 1722 2323 1383 424 1296 1035 1984 1269 1312 1558 1867 291 2566 240 1087 676 520 232 2072 483 1733 2242 1945 1353 1207 2784 19
346 2821 52 2467 2690 478 936 1438 418 402 1481 471 786 363 1220 2407 2244 1465 780 2505 2465 2059 1662 1918 1008 2398 753 108 484 628 534 2429 806 1378 1048 467 2301 1022 758 2611 2687 389 344 53 840 2634 1692 999 2765 89 1018 655 1039 138 1756 726 452 1730 1275 1097 241 1929 1026 331 1293 1568 2142 290 1822 2632 2806 464 1475 643 1143 430 782 1062 1612 1024 1216 2236 1789 295 1303 129 1140 1706 125 159 927 1647 412 501 504 1831 580 2062 788 1124
1233 437 760 981 1872 380 399 2163 1628 453 823 2074 1599 73 401 461 1976 477 2055 1510 141 1085 99 816 2122 595 177 2829 2679 1903 1163 1145 1023 1047 208 2587 2098 2747 612 2362 2655 1717 2469 1160 731 2126 1906 2452 72 2274 1688 1808 2577 1404 172 156 460 2722 164 1155 2009 2636 1682 1241 1100 2775 694 1784 174 1415 1089 222 850 2645 1305 634 1098 2409 2161 1197 1436 1504 315 485 1390 1320 629 901 2622 853 1689 1075 868 935 2217 646 24 1334 1557 479
295 1929 1730 1275 2806 2687 999 2301 726 1475 2236 331 2429 2059 484 504 1662 1039 2407 655 363 806 131 1655 430 1568 452 786 1831 1022 2244 467 534 1378 840 1008 314 1706 464 268 1293 1097 1822 389 418 1143 1875 1024 1465 780 2634 927 580 108 159 1789 1715 2053 390 2715 129 1062 52 1124 125 1932 2062 1481 1026 241 1967 1635 89 501 31 324 758 2765 1503 1037 1912 2285 456 2142 643 1648 2531 1335 2611 788 753 1262 346 2406 33 326 1843 1813 2398 1118
1830 702 848 931 1114 1767 768 1845 903 2624 1107 126 65 1908 2471 1235 2388 1340 688 103 284 2601 990 2276 297 578 522 1608 502 1254 835 1323 1821 1720 1512 1413 684 2667 1186 1310 2314 1391 250 1975 962 1798 215 436 2759 803 737 2323 315 1759 2242 2040 1900 1427 364 581 1137 251 1207 1839 844 374 101 2644 2787 1922 1144 395 1426 2772 431 1557 1075 2504 1616 886 1257 1458 2620 1125 529 1230 2757 485 1753 2777 1390 2077 2608 1683 2302 2056 1801 2161 2239 1786
601 2 2663 18 1842 1834 951 2015 1252 2818 2622 1557 1759 1390 315 2757 2161 1165 2302 191 2077 2478 1125 1753 2777 2772 1989 70 1320 2561 2315 2686 1747 2510 431 1839 889 1035 1938 1833 2667 1114 2685 2323 1443 1075 1980 522 767 1798 962 277 67 1689 2430 634 426 2509 2172 1334 2702 1533 2583 29 202 646 369 286 1810 2242 269 2673 249 853 2024 24 2759 2624 2350 2320 1001 714 931 1406 1511 485 1969 2532 1597 1012 2472 2409 1683 789 529 1149 627 436 2577 1801
1087 614 1558 898 1207 714 2072 1137 1257 1166 1928 1971 1590 93 895 2409 2324 465 751 1786 1197 2493 2224 853 803 540 1801 1593 483 1883 2000 240 1213 2066 2784 1300 2579 1357 1353 2247 2699 789 989 1538 2022 1689 634 1597 426 2114 2489 1846 1106 2113 1394 545 2178 2540 2277 304 1427 1561 374 39 581 1559 2504 1035 2495 2381 1683 2759 2242 1818 564 1389 676 1115 493 926 2281 2288 646 251 101 2430 737 1900 2040 215 2546 529 364 2143 24 436 1093 2323 2024 341
1256 1699 1430 1553 2380 2267 1886 1236 1492 2078 142 802 2333 429 743 1890 2117 868 1888 554 176 2423 878 2786 1053 1431 2227 2029 36 555 432 289 2668 1562 979 681 340 2108 2217 2568 427 901 62 2415 1793 2743 1418 886 417 597 571 1686 1033 1038 1065 361 1398 21 1499 1393 733 866 893 78 302 199 1132 680 292 1588 2451 332 500 2384 193 536 2421 121 1949 640 569 1041 1754 13 988 2090 437 1233 1272 2224 1197 1268 2409 73 1597 1334 634 2671 895 2324
1752 1146 2367 1407 1624 2832 312 987 2270 635 2300 1926 547 1386 2790 221 85 2082 817 950 556 2501 1102 1405 943 1656 1202 4 1799 1934 1644 2069 2411 2817 2044 59 613 2528 188 1545 626 1316 2389 1636 1737 518 2556 1965 1496 2272 2241 1840 2628 266 1319 2815 1051 2477 2836 1218 611 826 194 550 1796 1096 663 1782 259 2545 155 983 1993 563 1948 1416 1878 2826 1700 2352 2827 1045 2515 925 1422 2713 2088 1484 2638 2016 1261 854 695 642 499 2034 2781 64 2045 440
2070 1141 192 2669 2025 61 207 225 1787 654 2396 383 49 1780 1781 245 525 408 139 2280 2164 2794 1506 1282 838 209 2173 356 1924 2470 1168 1299 296 252 2311 1356 625 239 1127 1248 1435 679 2091 1598 216 1505 2232 1037 1216 858 455 391 1140 449 1124 2279 1262 113 2137 1829 2531 27 822 2693 1500 1961 618 471 2053 1648 1438 402 1021 1918 2690 344 1715 495 33 1843 2017 1187 1568 1639 574 200 1635 1441 418 2316 2406 1555 1481 2683 2291 1899 146 653 2057 331
143 1440 386 718 2529 1129 697 958 1445 2271 1514 638 787 71 30 810 2517 2298 2619 2246 2363 2185 1215 273 414 1684 557 2460 1360 879 2584 795 1411 1539 2801 1982 1694 1939 2833 2139 741 1549 299 428 2403 1925 1735 2092 2776 2371 2844 1619 667 2269 2175 2576 2797 1242 1814 2524 1630 2189 2104 1589 687 226 2468 1480 1366 1816 352 2607 2710 1294 1629 1660 2633 685 90 867 2731 1025 2444 264 1122 837 1863 891 969 2484 991 814 1009 1295 1622 2455 2431 1446 385 2771
645 2011 2707 1444 1679 1623 1328 1054 947 1649 1663 445 169 2130 1029 735 319 440 2837 1782 2836 2050 1045 2767 1617 712 1993 179 2439 1253 1544 1381 2241 1658 1422 2840 1552 1840 550 51 2287 965 1261 518 2628 173 769 463 1218 2735 1775 2482 1640 305 161 197 900 259 1051 2088 563 1307 1486 1208 2133 2076 2650 906 134 2544 977 562 155 2046 559 2515 194 659 2419 882 2652 123 2150 1860 433 2375 2352 439 480 932 1895 1757 992 260 489 2631 1417 1710 624 1437
2202 783 1476 88 2745 2441 1856 1749 2111 132 1914 1093 2547 824 2190 596 95 576 1176 695 2827 983 1743 2785 310 2016 2700 1693 2149 2422 2656 949 617 1178 407 1990 1631 832 1513 1773 1795 465 34 2737 1224 1343 1999 540 967 2112 1103 1713 1714 1116 940 499 1298 2242 1804 1004 2437 198 2129 1434 47 328 75 1304 2523 2497 683 182 1672 1719 1712 766 1898 777 1996 2238 60 230 1091 1760 1836 149 676 1561 1685 341 2110 1346 1161 1593 2542 63 1838 291 1847 1019
2707 1444 1328 1679 1623 1054 2011 947 1649 1663 645 169 2837 445 440 2836 1782 735 2130 1045 2050 1029 319 2767 712 1381 1544 2439 1617 1658 1993 2241 1840 179 1422 1253 1552 2840 51 2628 1261 550 2287 1218 305 518 965 155 1640 173 562 1051 194 463 769 197 1775 900 2352 1307 1437 659 2133 1486 259 559 563 1948 439 2652 1208 2088 2046 2826 489 1416 674 1860 906 2515 977 2721 992 1096 260 2272 2650 1897 2544 64 2084 2713 1092 2631 2419 2076 1046 1586 2815 1123
1636 1316 1965 2272 2815 1496 1752 2556 2628 1146 2713 1840 1860 1218 1051 2241 2352 1261 194 2367 497 1586 2046 992 1897 1362 1948 201 518 950 1381 1658 2433 2439 1096 1416 2069 1544 1901 231 2836 1624 613 2553 2376 1148 1782 2309 1453 1490 1123 2832 168 978 312 663 635 563 173 2650 440 987 1202 1045 1878 1799 51 2826 155 64 900 1407 2652 559 221 2840 965 266 2837 712 2088 2034 260 2501 259 2767 1437 1405 1640 305 4 1569 1796 1307 1486 1422 2133 48 2424 2007
540 967 1804 1719 2235 792 1593 91 2296 1996 1091 777 230 739 2110 465 1801 1035 1093 926 1180 2281 76 2242 564 1818 2288 2260 291 39 1561 1971 2495 1357 240 483 1786 2784 1535 499 1353 1883 1300 789 2756 1346 1257 2129 407 832 2021 783 2114 754 2504 1197 1231 1087 1689 1728 617 1533 989 2579 2224 1597 853 634 766 426 2024 24 2143 293 1559 2430 2238 2542 2638 2320 2000 2533 328 1149 558 751 341 614 29 2673 2413 2295 2172 213 581 1106 1683 1427 1207 676
2270 2082 547 1407 1386 556 987 1146 635 1752 2367 312 2832 1624 2300 1545 626 59 1926 1405 188 221 85 2389 4 1202 1319 611 1799 950 2501 2790 943 817 1102 1737 2044 613 1934 2411 1656 2069 826 1993 1644 1883 2840 2515 2381 1663 2477 259 203 2484 1649 2205 240 1088 2040 2277 2486 2817 341 2150 2148 1353 2638 2719 2784 374 550 499 440 2837 1096 1631 1045 1728 1444 1093 735 251 1491 1900 93 407 169 2528 1241 2375 540 1415 895 2767 2472 1593 1590 1558 174 433
2290 2299 2730 2364 2746 2788 1005 544 1783 2549 593 749 434 1311 112 1794 1131 673 2151 365 1498 410 605 1966 1110 1079 1243 2219 1670 1068 1379 811 1040 338 1466 336 568 2095 1133 870 730 1968 1325 2377 435 709 94 535 253 1424 883 1516 1455 2341 2830 1309 610 1020 2560 648 1573 678 1581 821 2251 248 1634 538 1682 717 2417 664 2005 937 1946 855 1527 2697 881 2680 392 1142 2519 2243 186 1850 288 800 2609 2087 2145 406 2196 1174 1094 774 1936 2492 2006 1913
1310 1107 1254 1512 835 65 768 1908 834 1277 333 931 284 2555 761 2058 1044 702 1727 903 576 1114 1830 1767 1749 2388 848 990 684 502 309 2601 1720 1821 250 856 1217 2667 522 1975 1608 1907 1340 2471 1057 1449 1315 1093 861 1013 2612 2547 1458 2160 88 1845 824 596 1476 2550 2276 126 2079 95 2571 465 1507 2249 362 2216 1178 1336 2579 2116 2401 2414 2258 407 2745 1425 132 1288 1363 1286 2317 300 2591 1841 2239 575 2700 499 2624 1703 1990 240 1804 2197 205 398
2767 1993 1617 1422 712 2034 2545 1045 2050 1796 2130 550 134 179 2631 735 440 2836 1782 439 1640 1663 1569 2721 715 64 48 1029 51 155 100 1381 1658 2650 2713 2433 562 305 2840 2837 947 201 2241 463 1328 1901 197 1860 1218 1261 2707 169 900 2309 2439 1054 1649 1444 1486 1453 1878 2826 1437 1490 1840 1051 445 645 559 2649 259 2628 1369 563 2088 1948 1416 480 2419 1096 1544 260 2376 2133 2652 925 2714 2454 433 1208 1417 1679 26 1636 663 1307 1316 348 1584 518
1980 2702 2685 2315 277 767 369 211 2496 1989 1460 2532 1443 1833 1938 889 2686 1747 770 269 1548 1073 191 2 2663 2818 2510 2302 951 1557 1165 1834 2015 1252 2518 431 2275 1753 2478 315 1732 18 1759 1620 1125 70 2772 2777 601 2757 2077 2161 2622 1678 1842 830 603 1537 1091 339 1390 1120 1320 1971 1502 1257 1080 1786 1442 1450 1285 1996 1646 2494 1601 1767 1180 1147 1087 2535 1979 594 1106 690 1413 2245 2281 688 1357 863 1559 1570 39 629 2755 2179 777 258 676 2362
2550 1507 107 2754 575 2414 1177 2604 1669 1104 2641 55 1691 2176 728 397 1194 1016 2395 1646 393 1120 2136 339 863 1244 584 830 603 1620 1450 2275 1732 2518 845 1147 1073 1678 373 796 2019 1523 2695 2080 2383 441 1482 2247 751 2254 357 2326 457 1805 834 775 2493 2586 1734 2233 2192 2595 2360 2630 967 2621 2211 2324 1517 794 1169 2699 462 2159 1028 736 1626 2701 2780 2234 1719 1919 1690 1093 2277 1801 1611 2347 240 1197 1014 1748 1804 924 2329 2368 2605 920 2752 2508
327 117 1659 1979 2494 2303 1205 1198 2791 2573 2030 1687 275 1922 2620 1184 23 1400 2203 1113 2572 1960 1502 205 1641 2263 1080 40 2179 1591 167 20 690 454 1744 924 2162 2726 2222 594 1488 1738 2623 2768 1084 510 851 1537 420 1397 423 2521 1525 592 148 2101 1280 1371 953 796 1471 1232 281 1425 474 907 2678 2706 543 396 1144 298 1487 2245 2677 1995 1661 2627 448 629 1423 400 2535 1726 325 2503 2132 745 1605 2152 2386 1199 1671 1474 946 2841 1570 38 1987 1263
1744 23 20 167 2726 2162 40 592 454 2573 1080 2222 1591 1960 2030 690 851 327 117 1659 2101 400 1979 1995 2128 1426 2303 1205 2791 2494 1687 1198 844 744 1922 1556 2620 38 1401 827 275 1537 1232 2661 1184 1661 163 1637 1061 388 2464 281 1502 2351 466 2457 2448 2725 2627 5 2203 2508 2572 498 509 396 2677 2179 1084 629 375 1400 1515 306 2169 1616 2115 473 2124 2014 425 1697 1889 1326 924 205 1696 2263 1113 2521 1738 510 1488 244 2706 1766 148 2404 609 1425
1548 269 676 751 1197 1178 2542 2422 1561 34 2180 2523 47 1116 1714 683 465 1713 1838 1224 617 1990 1601 2700 2239 2036 1928 2409 1166 2745 895 898 1590 1980 1849 2202 1476 2315 792 714 2685 182 1631 2115 88 1986 1749 2296 93 291 2016 425 2224 1073 2161 540 1478 707 1326 213 375 824 2295 1558 1443 2437 1602 184 967 1535 1346 1597 2242 1448 576 1113 1733 424 244 1061 1284 2408 2785 1616 2430 558 1298 2615 2702 2235 111 499 2014 1087 2483 1130 2354 2024 2072 2054
1944 1055 2294 1056 2728 2207 725 165 2558 1825 1986 1940 899 1212 137 2135 2741 1606 204 1130 116 97 2736 2825 1463 447 2041 692 2842 2292 1134 1935 2719 2766 246 1126 2319 362 442 1841 1547 2511 2068 79 1067 2305 2506 790 722 2665 1962 1088 2248 686 2258 2813 1076 2291 2057 1847 2382 1513 2413 983 540 1874 1161 2441 2827 2295 1795 2116 1773 558 1464 1223 310 1785 135 574 2580 948 407 766 2286 677 499 1937 1590 1448 2190 617 2386 494 1228 1728 493 280 1265 2733
2669 2070 192 2025 61 1781 207 225 2794 2164 1787 1141 239 2091 654 49 2396 525 383 2280 245 252 408 139 2173 1168 1299 1780 1356 2311 838 1282 209 1248 679 625 356 1435 1924 1127 296 2232 1506 1598 2470 216 1505 449 1037 2279 2137 113 822 1216 858 455 391 1262 1124 1829 1018 2142 363 2053 402 27 1097 1822 1555 1143 1140 786 1293 1929 1503 268 2301 782 295 574 471 1813 2693 2634 2291 1568 1303 1789 2683 1843 1918 2806 2531 1275 131 344 430 1648 1481 840
803 374 1900 2040 364 215 436 2381 251 101 989 737 1427 341 2759 2540 581 2504 2579 766 2114 1451 1559 1106 2238 1361 789 1230 1683 572 2644 395 1898 962 2546 1389 1798 2000 1115 328 1883 545 1971 1394 2787 1257 529 2242 2277 1786 2054 646 1357 2066 1213 1334 407 1818 1801 2288 926 39 564 2281 2323 304 2113 2178 1180 483 1093 2495 240 2784 1300 76 1353 1137 1951 485 1175 1306 727 658 589 230 1091 1996 777 614 1087 751 1593 2072 1207 739 293 1558 898 714
2043 650 2666 2810 1891 2171 2816 807 1723 475 1916 582 2346 1260 6 1153 1702 759 2643 1221 546 285 620 732 181 820 1541 1603 1083 750 468 1697 1570 1858 1797 411 2476 1882 922 334 1761 2167 1865 2268 956 636 2807 1318 372 1188 973 1456 2387 829 2425 37 1763 1284 2313 298 122 2278 1536 42 1537 2194 2261 1227 1768 669 980 690 661 1610 476 229 1884 1015 2118 459 1285 448 629 1139 2168 1199 1560 1082 2688 2841 1605 1524 2677 2152 1515 971 586 1090 644 2502
2414 1177 107 2604 2550 1507 1669 1104 2641 55 2176 728 397 1194 2754 575 1691 584 1016 2395 796 2019 1482 845 373 1523 2695 441 2080 2383 1120 1517 2326 462 736 2360 2234 1028 2159 2733 1919 2684 1690 2752 2661 2247 2192 1734 2254 1467 2233 187 1748 2621 2518 357 457 2586 1169 2447 1014 1805 2630 2637 2345 2106 827 2605 775 469 1259 1626 2563 2036 2780 2805 379 1459 1401 32 917 2651 993 279 1382 1809 2368 818 83 2347 834 400 2033 393 2804 2701 1192 2297 1372 920
196 353 98 776 2474 1643 1625 585 1864 1819 2067 2081 2462 2334 2353 910 1042 2361 701 1963 2103 1402 381 869 809 781 233 69 1344 2256 276 2264 871 2027 1600 2001 2012 998 2391 1077 1688 607 1089 2729 2101 1100 1808 1063 2792 1985 1404 1583 1515 703 887 1531 1667 1136 2793 566 1696 119 2128 1426 1533 748 1031 1173 952 2274 416 1889 2457 592 631 509 2003 765 375 844 825 118 1296 282 819 2400 2214 2725 1155 19 388 2738 2225 1565 2157 2325 1222 738 1997 1061
629 1113 1487 1477 909 1144 123 882 1865 2823 1371 2503 1183 924 1471 953 1400 2677 1687 1922 2620 2150 281 2627 941 2573 986 1987 2494 1757 1199 275 1084 2572 327 481 1723 84 1916 2623 815 1280 117 1525 851 396 1641 475 2346 2841 2768 1397 2571 420 1458 2216 1738 1659 1257 1866 115 2043 594 398 1488 1476 820 454 2348 2810 2179 1502 1971 1880 1106 167 1559 1137 751 761 1558 1995 1786 2495 1315 198 2249 2197 88 111 510 37 1082 1197 576 76 1006 214 824 465
2510 431 70 1125 1753 2777 2772 2478 2077 2561 1839 2161 2818 1759 315 2757 1165 2302 1557 2622 1390 191 2015 1252 1035 1834 18 1842 2663 951 601 2 2315 2686 1320 1747 1798 1989 767 962 2323 1980 2685 485 1075 1207 889 803 1801 1137 1951 161 1114 1106 2644 2242 2482 461 502 277 426 2702 395 1306 1908 477 1976 1334 1257 1235 1683 2787 688 1213 436 1443 529 29 67 2009 2072 2504 374 1389 1559 737 1230 1558 2113 1427 2759 1938 269 714 898 251 990 1197 646 1786
2792 567 118 1791 515 998 1583 2328 1179 2491 1579 1531 1354 1470 919 952 1769 1063 1977 2778 2065 975 1851 930 808 2682 9 928 923 2252 841 2729 2379 1657 748 1651 2304 887 2711 2793 1854 778 114 382 1770 875 819 311 517 1585 7 1210 1970 639 2225 2559 1920 151 1667 1578 945 1271 763 2647 982 227 2618 2097 2349 528 2416 2723 2575 916 1154 1367 2042 492 25 2459 579 1368 816 2658 1211 1239 1688 2122 177 2488 1085 2829 73 380 98 2679 353 776 1872 2074
1319 611 85 1656 2790 1102 943 188 2817 1926 221 2300 817 1644 2528 1405 2044 312 1934 2832 2411 556 1624 1386 635 987 1407 547 2501 2082 2045 2270 2023 1584 2755 747 258 770 1796 463 1146 4 1422 2545 2034 659 259 1320 977 2397 2200 2544 2307 2358 712 1092 1835 2515 1313 2670 111 2344 1334 1552 713 454 2574 2626 1412 2826 1752 2323 1491 1701 1361 606 322 1617 178 433 550 1557 1151 2564 2622 2800 1740 2721 305 1342 269 479 1353 2040 1390 240 1900 2419 1428 395
239 2091 2164 2794 1781 2232 252 2311 525 1168 1299 822 1598 1505 625 2137 679 1248 1435 1356 113 27 654 2280 216 858 1018 2279 1472 1924 449 49 782 1187 1037 383 2173 1568 1506 1829 2406 209 838 455 1124 1648 1262 2053 139 1011 408 391 245 1555 2632 1475 2236 643 2396 1662 1282 1967 356 805 1612 721 314 1050 1216 2470 484 2062 1721 2669 2429 608 1022 1715 390 806 1961 2611 131 1297 534 1647 1692 295 1706 1317 1655 1635 192 274 268 2402 344 1972 1395 2634
2049 631 1518 1290 2282 2596 607 1017 2064 1909 1613 530 1604 2140 2796 921 1301 446 2093 662 1058 1879 451 1237 1567 1981 394 2392 984 1906 1396 1105 1978 1554 813 2357 243 1119 355 1370 908 1331 2257 1621 1673 2696 1002 660 1614 2782 360 542 852 942 1739 710 2085 2660 1384 54 2543 2664 2259 1853 1000 1491 124 2262 996 2530 966 918 400 1893 700 1808 1513 1743 1178 1145 2458 1161 1718 827 2274 708 1847 95 147 1404 1228 2609 2595 1401 1100 1785 596 2697 2700 1795
1721 2809 12 1876 1473 140 1452 1868 2183 1439 2051 2728 1055 1931 1557 1056 2294 2719 1390 2291 2207 1944 2622 2315 657 2220 433 2526 2736 1558 1839 898 2445 251 1759 627 677 2704 315 2825 431 2580 345 1798 1433 598 1427 1976 2561 1213 725 2089 202 574 2757 204 646 2540 436 2510 1125 1491 939 161 2323 2113 2409 70 249 1753 2178 601 447 2015 692 962 255 482 1928 101 1900 1334 304 2128 531 240 364 1834 769 2066 2507 996 1564 1166 2057 2530 1175 1012 2478 589
2043 2810 2666 650 2171 2816 1891 1916 2346 475 1723 1153 807 1603 820 1541 750 582 1260 759 1702 411 1882 2643 6 334 546 620 732 1761 181 1221 285 1083 1570 1697 468 956 372 1797 2387 922 1858 1865 2476 829 2167 636 2807 1318 1188 1456 2268 973 37 2841 1763 1139 1537 1605 2502 2425 690 1284 2152 2313 1227 298 629 1953 2677 420 148 1768 803 2278 1696 1397 594 661 2009 831 384 2636 2214 1257 1420 1954 215 1561 2194 436 1222 1213 1971 2542 1957 560 272 2768
1701 1489 1417 1710 860 1788 197 463 2840 2375 2767 1029 433 1993 1307 179 1437 900 550 1208 1422 1486 2515 1663 2424 2084 906 2836 489 2482 674 2289 2652 1045 559 606 2826 445 1782 925 712 1948 2419 2076 1416 1190 134 2088 1949 1617 2649 2034 642 2050 1369 563 1096 977 846 645 2133 259 1381 1051 260 1766 1624 440 2241 1261 2646 1910 155 769 1218 178 1983 1658 2130 446 1870 161 348 305 659 609 2397 2358 1627 2011 2837 2480 51 817 1895 675 2626 2628 941 978
67 249 1012 627 2583 1810 1001 2509 2121 2350 1406 1075 202 1441 1055 2294 1944 2728 725 165 2207 1825 1212 2558 899 137 2741 97 1986 2135 1940 404 116 1195 2041 1594 1869 204 2736 1130 1609 1606 1935 692 378 246 1463 1134 2292 1126 362 2719 2842 442 2305 2825 1841 1056 1547 2319 1689 447 2506 2068 1088 1728 1590 426 1448 2665 2295 1067 135 722 2430 184 91 1597 24 2320 1962 2413 634 895 2143 2021 558 1478 93 2511 2024 76 1900 2224 739 1231 1149 540 2540 436
1083 1702 546 582 2643 1221 6 759 285 732 620 181 1260 1570 1797 2476 468 807 1858 1697 1891 2807 1318 636 1882 922 2278 1536 2425 973 2816 42 1723 2043 2666 956 650 2167 1865 1153 2313 1603 820 2171 411 1541 1768 2810 750 150 1188 1763 37 2194 298 475 2261 462 2111 1856 2554 1916 2346 419 2441 1227 2733 1537 1761 2268 334 949 1456 2153 476 661 2202 1199 1535 2827 983 1517 1914 45 2129 198 832 894 2745 2688 1846 2785 229 644 940 2056 1346 96 387 1849
2139 2833 2269 299 2092 2576 2371 2797 2776 2844 428 1549 1539 352 1814 1982 1735 2403 1925 969 837 667 741 264 1589 2484 2063 1009 2455 90 1619 1629 2226 2175 879 1159 2731 2189 1622 1815 1122 403 2473 1863 891 17 226 2771 1025 1295 557 641 846 991 2385 262 2460 888 1373 2486 687 2138 573 1349 2710 1571 642 1807 127 2338 2468 1509 267 2811 685 2100 1242 2363 1366 1238 1660 1291 203 1816 2633 1480 2607 1618 600 1101 795 867 317 2738 2215 2431 814 234 1572 1338
1141 383 1506 2070 1924 252 1168 1299 2669 654 525 2470 61 2025 192 1780 49 207 225 1356 625 1787 858 1216 679 2396 2311 1598 1435 1248 391 1505 408 216 245 455 2232 139 2280 1140 1781 1282 356 1262 838 1829 2794 2164 209 2173 2279 296 1124 1037 113 2137 1127 239 1918 27 822 2091 1303 2531 2053 471 1438 344 402 1568 1024 2690 1921 2698 1635 786 1481 1612 331 2467 721 1647 346 1018 449 2142 418 430 363 1967 1293 1097 2806 574 1187 1972 1715 1648 1503 412
2045 2023 1584 2755 747 258 770 1320 1319 611 2545 2034 1796 2496 1491 2161 2757 1987 463 996 2530 1844 519 1759 1834 1872 240 454 1353 2622 2388 816 1839 2763 1888 1616 1835 2829 506 465 315 941 773 597 2818 2015 502 2573 1466 1980 1035 1512 479 990 1557 1144 177 1265 2786 983 2510 1047 461 2295 2302 1286 172 176 1390 1455 1165 1448 1976 2686 2561 903 1087 2115 2661 2577 1928 2478 789 1032 981 2162 886 951 269 1561 2077 1252 431 1604 2216 1176 446 1689 1628 2016
192 61 2025 2669 225 207 1781 1787 2164 2794 2396 49 2091 2070 239 408 1282 245 2280 838 654 2173 139 209 356 1141 296 525 1780 383 1127 252 2311 2470 1356 625 679 1037 1168 1299 1248 1924 1435 1506 1505 1598 216 2232 449 1124 2279 1216 2053 2137 391 455 1829 822 2693 1918 2531 471 402 1481 2142 113 1140 1438 1262 418 363 786 574 2291 1555 1503 1024 1097 1303 346 52 1967 2683 430 1293 1635 1018 858 2244 2634 1568 758 2806 2057 936 484 780 934 1921 347
2352 1051 194 1218 2556 1948 1261 2272 1316 1636 1496 2815 1965 2628 1416 1096 1860 1586 497 2713 2046 1362 1897 992 2241 1840 1381 1658 2439 1544 201 2836 1782 2433 1901 2309 1490 1453 2376 64 305 1045 2837 1569 518 48 2721 51 2767 562 100 715 712 1993 440 169 155 1617 1640 2650 1752 231 563 947 1649 1422 2034 645 1148 1796 2050 2652 2553 1123 663 559 439 260 900 1663 659 2826 1437 1307 735 319 2545 168 1054 978 1878 2133 2707 1253 1486 2482 259 445 1153 173
1753 1125 2772 2777 2077 2478 70 2561 2161 2510 431 2818 2015 1252 1834 951 601 18 1839 1842 2 315 1759 2757 1165 2663 2302 2622 1557 1390 191 1035 1989 2315 2686 1747 1320 767 1075 1980 277 2685 67 2242 485 2509 1798 889 2583 29 1001 634 1869 1810 2121 688 1334 1207 2667 2350 2172 2702 426 853 2323 962 1689 1106 1257 1559 646 2430 1597 1511 286 1197 293 1951 202 249 1443 1786 2542 1561 269 436 2759 2072 823 737 2673 581 739 2074 1235 73 1306 2787 627 1195
1475 2236 2429 1662 999 2059 484 467 786 363 534 1568 806 2244 780 1378 389 758 1465 2687 314 1481 464 418 840 53 344 726 2634 1039 1706 936 89 1022 1967 2301 1831 1789 2053 430 1050 1655 1756 927 390 2407 108 452 471 2505 2465 478 1062 52 1635 2715 2765 1037 1097 1932 1008 1438 1293 129 501 1124 1918 628 1822 402 1929 2611 1018 1715 159 1275 2806 125 2062 456 1317 753 295 1730 1143 1024 2398 1912 346 1281 1140 1026 1262 805 580 1692 2821 2142 391 331
1096 1416 1948 1362 1897 1586 497 992 2046 2272 1316 2815 1636 1496 1965 1860 2352 1218 1051 2556 2721 1261 2713 48 64 715 305 194 1569 100 562 2628 2034 2545 1796 1617 439 1552 712 2650 1993 155 1422 563 259 547 1541 1558 51 1307 556 659 900 2433 1386 1045 260 445 2241 1486 1212 2135 2319 559 1640 319 645 1757 2741 2082 1319 1381 1782 1207 2270 899 1490 1123 1878 2133 2482 442 463 2836 2007 2292 1663 111 221 1087 2755 2826 1148 137 692 1046 882 2150 820 42
257 2843 1731 937 1871 2609 1138 2613 288 1800 1894 1516 1645 1527 1455 535 1419 519 1707 2377 742 2341 416 1385 2331 1007 186 406 2145 1779 664 253 2763 1526 1079 821 709 336 811 1992 2219 773 2516 410 1200 248 1442 1511 1969 2102 1498 648 1133 1068 2095 1466 538 338 1670 1325 883 843 1131 94 1454 1546 1424 2549 434 730 605 1794 749 392 365 1379 1479 1142 1243 2196 678 1110 1040 2364 2492 1850 2697 112 2746 1604 1174 2006 435 1634 1309 2788 673 2519 2093 1017
2421 1754 1949 1041 1038 640 1272 2520 2210 1049 13 932 698 839 1910 1521 955 2671 2083 323 2047 2032 1337 56 1189 370 865 377 828 2578 672 933 2602 2828 1668 1374 1249 2267 2380 1256 1236 2428 2795 1553 1430 1764 220 1699 2539 2335 2570 2629 964 1492 2038 2423 142 1399 1429 1952 2078 2117 1886 743 802 1329 2333 358 2839 1070 2120 901 289 2217 2808 2031 1266 2221 878 432 21 199 2451 176 340 729 536 121 193 2568 2029 2384 2348 2415 893 1053 1890 555 681 979
1515 5 2457 844 509 1696 1889 957 2404 244 2128 2464 2725 609 1766 1616 2115 1426 2448 1477 592 752 1602 466 744 1556 388 1061 425 498 1637 1326 163 375 2124 2014 473 2366 306 1401 2351 2661 827 2508 40 1744 1953 1084 2109 1199 214 2468 1904 1960 2348 1866 2169 2101 2222 23 2507 2048 1768 270 851 1283 1080 1797 1591 997 1945 2761 2278 620 1171 2751 43 2162 520 1108 232 2476 2141 1139 80 2566 2720 644 19 2562 2442 732 2726 22 150 1214 42 2425 181 387
1083 1702 546 582 2643 1221 6 759 285 732 620 181 1260 1570 1797 2476 468 807 1858 1697 1891 2807 1318 636 1882 922 2278 1536 2425 973 42 2816 1723 2043 2666 956 1865 2313 1153 650 2167 1603 411 1768 820 2171 1188 1541 750 150 2194 2810 37 1763 2554 2261 298 419 2153 1456 1761 2268 894 1227 1856 1199 2111 334 661 475 2441 476 462 96 1537 2346 1916 2733 45 2827 983 1284 829 2688 669 1535 644 387 1914 2202 2263 949 2129 832 1846 2785 980 2056 2374 1632
1865 1456 1284 1188 1227 1153 122 2261 669 2194 476 411 829 592 2115 244 1696 922 609 1766 1084 1616 2128 2457 2313 1602 844 1477 509 1515 1560 5 1858 1426 2464 2404 1744 229 2725 2448 629 2162 957 661 466 1889 2726 744 20 454 167 468 1556 1761 2168 37 1080 334 2677 2627 1603 281 498 1061 807 388 40 820 1637 425 1763 163 375 980 750 396 2387 23 1541 1260 1610 1326 1697 1082 2101 2222 2014 448 306 1570 1199 2124 1884 473 2351 1015 298 2118 2030 2366
1132 1588 536 1431 36 2117 866 733 1499 500 1268 121 2090 142 1492 2078 680 802 1886 429 1699 1256 1236 1430 2267 1553 2380 2333 1053 988 432 193 878 569 1890 2029 1038 2451 743 868 2384 21 2668 289 681 555 2743 2423 1562 1785 1398 213 2227 78 2786 1228 1065 1888 1033 302 2561 91 1764 199 558 332 176 979 1418 1719 1728 1272 359 2602 554 135 1213 1478 2295 2235 24 2113 2024 184 967 1847 1685 1393 1161 1773 465 2108 2143 1513 893 2413 1561 1668 2066 2570
431 2510 70 1839 1125 1753 2772 2777 2077 2478 2561 2161 1035 2818 315 1759 2757 1165 2302 191 2622 1557 1390 2015 1252 1834 18 951 1842 2663 601 2 2686 2315 1747 1320 889 1801 2009 1976 2644 2277 767 161 395 461 1075 502 1197 529 269 1980 2636 990 2239 962 2685 2661 1798 1938 783 2323 1106 2496 1908 172 1213 1683 1401 1559 409 2577 1353 597 2113 2532 903 1443 1989 1512 768 2702 1241 2829 477 1114 2073 433 1951 2482 1510 545 277 202 304 2066 1666 1207 2288 198
2252 2491 2328 1179 1583 2682 1651 1977 998 1579 1063 841 2792 515 1920 1578 639 1368 1531 9 1769 1367 982 919 2097 227 1791 1239 952 1566 1770 118 945 2042 2647 2349 916 1851 1354 114 2225 2379 567 1470 2729 928 517 748 1211 2488 1657 930 819 887 2310 311 1585 2778 763 1667 2416 975 2065 923 579 1210 875 2459 512 2723 25 2711 7 528 2658 492 1154 1970 2304 778 1209 382 2793 1271 1879 2026 2618 2559 2660 513 1854 566 1906 2257 2575 808 2661 1673 1331 1419
84 1371 2152 621 941 1987 2263 183 2141 171 2502 2503 785 1880 959 481 1605 815 1802 1525 1280 2623 2677 2048 2522 2056 45 2182 2109 909 1251 2608 2760 236 506 1084 1139 1866 2751 1960 1365 214 1064 2567 565 150 1364 2678 2831 1661 2401 1286 2761 1844 270 2705 2572 1283 1108 2612 1171 851 1214 22 2197 1768 1199 2425 2386 1032 1560 229 2841 1458 2348 398 1953 1726 1113 2562 189 43 2060 396 1927 106 2706 1632 1288 2720 454 644 387 1602 2571 1596 2188 2442 1363 971
2767 1993 1422 1617 712 2130 550 1045 2050 197 179 2631 2840 134 463 735 1029 440 1663 2836 1782 2375 2837 51 1381 947 1658 1328 2241 433 445 169 2707 1444 1261 1788 480 645 1218 1054 305 900 2439 1710 155 2735 2649 1649 1369 1489 1640 1679 1840 1544 1051 925 2454 1796 562 1417 1623 518 2011 1486 2628 1552 2034 2545 663 259 2769 1437 2088 1878 2133 26 348 439 860 563 977 1208 2544 2650 2826 1701 2419 2652 1148 260 2721 2714 2538 194 319 559 1860 2515 635 1307
1290 1017 631 1518 2282 2596 607 2064 1879 1613 1909 921 662 2796 2093 2140 394 2392 1058 984 2049 1604 451 2357 1301 446 1981 530 1906 1567 1237 1978 1119 852 1002 908 2262 918 700 124 1621 708 1491 2543 2085 1718 942 996 2530 1676 144 2458 345 1384 1495 1988 2675 2660 1705 651 320 2134 966 1587 2600 1837 1681 527 237 1564 2692 487 660 2205 1181 591 716 337 360 1479 2131 1742 2782 1812 1673 1396 616 1331 1682 2781 243 1614 1455 1370 355 2609 1404 542 1739 2257
967 1719 1804 792 91 2296 2235 2143 24 2024 2430 1689 1597 426 634 853 1533 739 540 2756 2260 2638 2320 1149 2533 2021 29 2673 2172 286 1728 293 1593 754 1231 213 2224 218 2110 499 1448 558 757 707 2615 2408 2295 2413 1478 184 1265 1561 135 1197 895 93 2409 1590 1166 1928 2354 898 465 1849 76 2472 2787 119 1722 424 2390 1269 1529 1035 714 1867 1984 1383 291 240 1296 1312 1334 483 2242 2566 1733 2784 1353 232 520 1558 2744 1087 2323 1945 1300 789 19 1996
79 350 2305 1067 2068 2665 722 2511 1547 2842 246 1134 1935 1463 204 97 686 974 116 1944 2741 1212 2135 899 2041 2294 137 1055 2319 2728 1606 1962 1126 2292 692 725 2207 2558 442 165 2506 790 2719 2736 1825 1841 362 1130 1088 1986 1940 447 2825 2258 1056 2766 1462 104 1728 2598 1330 967 2436 1163 1804 2055 2829 177 2122 364 407 2561 804 1719 2359 2679 1093 483 1931 2295 217 1900 2413 184 436 1801 558 2296 1903 2472 91 205 2054 101 1035 2235 1689 1533 766 215
1146 2270 1407 987 2082 547 556 1386 1752 1624 312 2832 635 2367 1405 626 59 1545 221 2501 2300 85 4 188 2389 1926 1202 1934 943 2790 2411 2044 1799 1102 950 1737 613 1319 611 817 2528 1644 1656 2069 826 259 2817 1422 977 550 563 2312 1993 2148 2515 2133 2477 266 2088 203 463 2840 2544 1096 900 2040 1092 1617 1897 2381 1416 2424 260 1190 741 1552 374 1878 1948 2767 341 1045 1298 1353 2241 1663 1087 947 1900 1437 1328 545 2574 1123 2826 439 1629 1883 1486 2277
835 1254 1107 1908 1310 1512 65 768 702 284 931 1830 903 1767 848 1114 2388 1340 522 2667 1845 2624 2601 990 2471 1720 1608 126 502 1821 684 1235 2276 103 578 250 1975 297 688 1323 1413 1186 2314 1391 1232 962 1458 395 1426 2759 2644 2323 1839 431 2040 529 374 70 1397 1570 844 767 251 101 1922 436 2510 398 737 803 364 1080 1125 2478 1683 1900 1759 215 2494 420 1798 1144 1753 1035 2772 581 2381 1075 2128 2077 315 2457 1427 2677 2761 1230 1834 1916 2777 2620
1710 1701 1489 1417 860 1788 197 463 2840 2375 2767 433 445 1029 2482 900 1437 2084 1307 606 1208 2424 1993 2515 674 179 1486 489 906 259 1663 1190 2289 559 178 1422 1552 2652 712 675 645 2419 550 2076 1948 977 2626 2646 1045 2480 769 1617 2826 622 2011 2088 1983 2836 1895 1627 1782 978 2397 2574 1416 2544 319 1381 1096 563 1624 2133 134 2650 2130 2753 2358 1468 1319 2050 2714 1369 1253 2200 2707 1934 260 161 1328 2241 659 992 2649 1123 1428 925 1388 446 1658 1046
427 2415 2217 1793 2568 901 193 332 569 988 571 1065 2090 121 340 743 2267 2380 1553 1236 1256 1430 1699 536 2423 1886 1038 2333 13 2421 323 1272 2078 640 1398 62 681 417 1949 597 1890 554 2520 1053 886 878 2743 361 1418 2032 1033 2210 1041 2671 21 2117 2029 2047 1686 56 1754 370 893 1393 429 1189 1562 78 289 199 1888 302 868 802 555 1492 176 292 2668 2786 2108 979 142 432 2227 2083 2578 1431 1337 500 2451 1910 2384 2074 73 36 2828 2629 1499 933
1096 1416 1948 497 1586 1316 1362 1897 2815 1636 992 2046 2272 1496 1965 1860 2556 2713 1051 2545 2034 201 2352 1796 1218 64 2721 48 2309 715 1569 100 1901 2433 305 562 1584 194 2628 1261 2376 2755 155 2023 439 1490 1640 2045 1453 51 2650 747 258 1422 563 1993 2836 259 1878 2509 1001 1810 67 2121 1123 900 2241 1075 712 2826 2583 1782 1381 2350 1617 1406 1869 1148 1990 2652 269 2686 260 1012 2088 202 2016 1594 249 2553 659 1320 1658 1710 1307 674 1046 1800 1701 1073
197 2840 463 2375 1993 2767 433 1029 1417 1710 1489 1701 550 1422 860 712 445 1788 134 179 1617 2050 2631 1663 1045 2130 2836 440 2735 2289 2649 1782 735 480 1369 925 2241 2837 51 1552 518 2650 2454 1381 1658 1895 900 26 2769 659 1796 2482 947 1640 1870 1328 348 1840 305 1437 2011 645 663 169 2439 977 259 155 1486 562 2714 1051 1307 489 2652 1407 161 2084 1386 1218 1208 2515 559 1102 221 563 1444 2133 2545 635 1261 2088 2790 1253 1878 2707 2826 547 1544 2721
352 1539 969 2797 2226 2269 2576 2092 2844 2139 299 2833 2776 2371 428 1549 2063 1349 264 837 2484 2455 2473 1009 17 2175 2403 1629 2138 1622 1814 403 1982 741 1735 90 846 1159 1815 1589 1571 642 2486 1122 2189 1925 573 1618 667 1025 1101 891 234 2338 2811 1572 961 2731 879 913 317 2100 2710 1060 1619 226 2635 1520 600 1 1338 2215 2255 127 203 2412 2709 1540 2727 2399 46 2340 685 557 511 2738 687 1615 307 2460 223 892 1295 1242 1862 267 414 537 472 349
2792 567 118 998 1583 1791 515 2328 2065 808 919 975 2491 1354 952 2778 1179 1769 930 923 1851 1579 928 1063 2711 1531 2379 1977 1470 382 2729 778 517 1657 1854 2304 9 2252 841 2682 1970 2793 7 311 748 875 114 1210 1651 887 982 2559 1770 763 151 2225 1271 819 639 227 1585 2349 1920 945 528 1667 1578 2618 2647 2416 579 1368 1367 1239 916 2488 492 2459 1154 2097 2042 2723 2658 177 25 2829 2081 776 816 2361 353 98 2310 461 2122 1211 2575 2474 1085 906
2374 2174 1234 2418 2327 57 1575 1034 1392 2004 1861 1580 280 1792 210 493 1724 133 2461 793 1758 1375 746 548 1859 570 1276 294 2125 1358 1930 976 2456 2330 1947 689 366 1765 1196 1664 1665 756 1072 859 2184 2672 422 588 583 2186 1030 1081 1497 2694 2229 704 2838 1279 421 797 2541 2513 2703 2206 2581 1086 2662 880 2127 438 1193 158 242 228 1457 77 470 2548 1377 656 1522 2590 2332 287 2198 82 1345 2739 170 801 1877 885 1887 798 263 1191 857 1542 2659 1229
2163 453 1628 401 1872 760 1233 981 437 380 399 477 1599 73 2074 823 99 1976 816 461 1085 2122 177 1163 2829 2679 1903 2055 1145 1510 141 595 1023 1906 2452 1688 2274 1047 1808 460 72 1404 1155 2098 2747 2636 2009 612 172 2722 1100 208 2587 2775 1089 2577 2362 156 1784 1241 174 2655 164 2469 694 1415 731 1717 2126 1160 1682 144 1479 320 850 2355 2161 1504 1436 1197 1267 1387 634 2282 660 1689 1305 996 2134 2530 918 1558 1798 2796 222 2072 1491 2064 1561 293
956 1882 2740 154 342 2749 1059 551 2823 372 1153 750 820 1541 807 1603 1761 334 2548 2387 1524 687 829 1260 472 203 582 752 546 307 1375 115 1995 2662 1221 650 38 741 1629 1083 285 2727 620 795 2541 2399 629 2666 1702 2171 1520 732 2043 1797 2476 6 644 636 2643 2688 661 759 1044 2194 1318 1558 84 669 2278 867 387 2810 685 1 1075 2425 1536 2761 2720 751 2677 1570 1227 1001 2710 2350 941 1844 2444 1346 1807 1768 1697 971 2210 1286 2503 2261 1426 2121
2045 1584 2023 2755 747 258 770 1320 2545 2034 1796 1319 611 64 715 2721 439 2496 48 889 100 2713 1569 1443 2433 155 1833 1416 1096 2650 1640 1491 2161 1938 161 1316 1948 2757 2016 2622 2686 519 1557 562 1980 2530 996 1759 773 2638 2818 1636 2763 2667 1442 2015 2315 315 1616 465 2115 1478 269 1390 1834 211 1872 597 1860 522 2388 2295 1800 2302 951 2510 2815 1839 431 2289 1631 1835 184 1550 868 2702 51 1992 983 1252 1561 827 2296 2413 135 1265 2615 1969 1061 213
192 2025 61 2669 225 207 1781 1787 2794 2164 2396 49 2091 239 2070 408 2280 245 838 1282 2173 654 209 139 356 1141 296 525 1780 383 1127 252 2311 2470 1506 1168 1924 1299 1037 625 679 1356 1248 1435 1598 2232 449 216 1505 1216 1124 2137 2279 455 822 391 2053 1262 113 2693 2531 1918 858 418 574 2291 1829 402 2142 1481 2806 1555 346 471 1024 295 1140 1018 2683 1503 52 268 1568 786 1843 1874 363 1662 2057 2634 1223 1612 1475 806 1438 2690 2236 131 934 484
1113 629 1144 1371 2503 882 1477 909 123 1865 1183 2572 1487 2823 327 1084 117 1659 2623 1687 2263 2494 2620 1922 1987 2677 1525 275 84 1280 2678 941 1199 1400 1458 851 815 1641 2571 398 2573 481 1979 2152 1960 2303 2386 986 2116 924 281 1757 2150 2627 959 1198 474 1205 183 762 1726 506 621 1880 592 565 300 396 2197 1315 40 1661 23 171 1286 2030 2141 1605 796 907 1844 1471 2502 1365 2245 785 953 229 1616 1032 1288 1336 1423 2160 1080 2791 509 2079 2115 244
1425 1449 1006 443 1308 350 1090 459 1057 586 8 1082 1474 1671 325 745 2167 2449 1763 37 2535 946 205 1380 2706 1537 922 396 1284 2627 1570 1456 2268 2258 423 1865 122 2027 690 281 2030 474 275 2222 104 2452 448 2359 2791 362 1267 411 1841 2677 2537 2573 1188 941 2642 1661 599 1263 1979 1183 2593 1750 2446 481 23 905 2086 1462 1080 1286 2216 629 1219 1987 2313 1697 84 20 1205 1641 2645 1621 1995 815 2293 2249 1032 924 2514 1371 468 783 2831 2197 1226 2562
2152 2502 1605 1139 1371 84 1987 941 2109 1891 2567 2263 2677 2751 621 909 214 6 1866 1661 171 785 2141 285 1570 481 2503 183 2841 1221 1880 22 1171 815 582 1214 1802 546 1083 1960 1702 1697 2643 2816 1723 2348 620 2048 732 851 959 1525 759 181 1199 807 1953 1365 1260 922 454 468 1280 2623 2182 1602 1084 2760 1251 2608 45 2522 2056 236 506 2476 973 1797 1286 1858 1032 1632 2761 1064 1916 106 2666 1768 475 1108 744 2346 565 420 650 2216 594 1703 150 1927
937 257 2843 1455 1516 1731 2341 1527 1871 1419 1894 1200 253 535 519 2377 1138 2145 406 2609 1385 336 1779 1079 1707 1007 186 2331 811 1526 248 410 2763 288 1992 1479 709 2613 821 1387 2219 1800 1498 1645 2516 1442 1133 648 773 416 1969 1511 1424 94 742 2102 538 434 843 338 1068 1466 1454 2549 1325 1131 730 1546 2095 365 605 1794 568 1670 1682 1040 1243 544 320 664 1379 1718 1110 2746 883 112 1495 2318 2830 749 610 2364 1783 392 435 1634 2458 2151 2299 2290
2045 2023 1584 2755 747 258 770 1320 1319 611 2545 2034 1796 2496 2757 2161 519 2622 889 1759 1844 1557 1443 773 1980 2686 2388 2763 1491 2818 506 315 1834 1987 465 1872 1888 2302 2510 1466 2015 951 1833 240 597 1353 1286 990 502 1628 816 1165 1390 1047 1512 269 1144 903 1561 431 2478 1199 2667 522 2561 1835 996 1252 1839 2530 454 848 401 2242 868 565 1800 2784 2315 2016 172 338 2077 730 2074 18 2577 713 981 1035 191 2746 2745 1511 886 676 2296 2098 983 70
2323 1798 962 1334 572 1230 2277 395 2644 529 1801 1451 1683 1361 545 1394 2579 2759 2540 1559 1106 789 485 1951 2504 1306 1175 374 646 1427 2787 581 589 727 658 803 251 2381 2000 101 2054 2114 1898 737 2040 364 436 215 1900 2238 341 2066 1213 766 1883 483 2242 989 240 2546 1389 1115 1561 328 1093 2113 2178 304 1353 1257 407 1300 2784 853 1971 426 1689 634 1786 1597 1197 2430 898 2024 24 1593 1087 714 2143 1558 1137 2072 1088 1928 1207 1166 293 2409 614 540
2083 1910 1337 2520 2210 640 13 1272 1754 1949 2671 2421 1038 1041 323 2578 377 828 729 2629 2539 1429 2047 2798 2032 1189 370 2428 56 865 2335 2570 1764 2828 2640 672 1668 2602 933 2795 2221 1374 1329 2839 1070 1249 2120 2031 964 2038 1399 358 1952 1266 2808 698 1049 1521 1240 955 932 220 839 1596 2562 2503 150 1458 2720 176 979 84 959 2188 1033 183 2056 2451 104 941 2442 1255 2384 509 78 2522 1449 2227 536 171 971 2263 43 1726 2141 893 2786 957 2591 762
629 1113 1487 1477 1144 909 123 882 1865 2823 2503 1371 1183 924 1471 953 2677 1400 1687 1922 2620 281 2150 2627 941 1084 2572 2573 1757 275 986 2494 327 2623 1199 1987 84 1723 1916 1280 851 1458 1525 475 481 2571 1641 117 796 37 398 2346 1763 820 396 334 1541 1659 2043 922 750 2688 1397 815 111 1761 1082 2216 1866 2483 2245 1570 2768 1502 751 2841 2179 300 956 2171 1880 1257 594 420 1090 1315 1006 1738 650 1308 586 1558 1786 835 167 1835 2348 1106 1232 1971
1146 1407 1752 1624 312 2270 2832 987 2367 635 556 1386 547 2082 2501 1405 221 85 59 4 626 2300 1545 1934 943 2411 2389 2790 188 1926 1102 1202 2044 950 1644 2528 1799 1737 613 817 1656 2069 611 1319 2817 826 2312 977 2148 2133 1422 2477 2088 563 1092 900 266 259 550 1636 260 2826 2241 2652 1316 1835 2424 2544 1486 1437 1468 2419 283 904 2574 559 2636 1172 372 1617 351 1700 2515 713 724 1225 2016 1342 2009 2200 1148 2836 2154 2086 2274 1045 831 2010 1241 1582
835 1254 1107 1310 65 1908 1512 768 903 931 702 1830 1767 284 1114 848 2388 1340 1845 2624 2471 2601 990 126 1608 1720 1821 502 522 684 1235 578 2276 2667 103 250 688 1975 297 1323 1413 1186 2314 1391 1458 398 1232 962 1426 2644 2759 1922 1570 1839 431 395 529 2323 1759 844 70 767 2620 2761 2056 2510 2040 1125 374 2772 1080 1075 315 251 2608 1753 1144 2757 1064 2457 581 803 436 2503 2478 2777 737 1834 2661 2302 191 364 2381 1798 2077 215 1616 101 1900 1427
1087 614 1207 2072 1558 1137 714 898 2066 1213 2113 2178 304 1257 465 1394 545 1971 1389 1115 2546 2022 751 1593 1801 1166 1928 1786 2579 1883 2784 1300 483 1353 1197 803 240 2000 540 1590 895 93 2409 2277 529 853 789 2324 485 1019 63 1175 1951 2224 1106 1361 2542 1306 2644 499 1561 395 1333 374 676 2242 727 2493 1427 1035 589 1334 1451 1559 658 2540 617 1683 1093 1798 2235 2787 1357 1631 251 2381 2759 1230 2504 1900 364 2040 2114 581 646 407 2323 2054 215 341
1504 1436 2218 222 1052 2512 1638 2342 1736 755 2450 1806 1305 2071 850 2362 1933 1790 2750 1098 2355 1321 2201 2645 2432 935 2691 2156 1709 836 2096 1911 897 2420 2318 796 1703 1363 1288 2216 1387 1085 2642 612 981 2122 177 2829 2074 2679 595 208 1903 2587 477 1599 2163 506 816 2437 461 2296 1671 1353 1145 380 401 144 453 1474 2452 1163 1025 745 8 1628 1593 166 2784 73 1023 660 1032 141 2060 2655 2032 1286 1676 1808 2747 1883 240 1865 2627 189 1844 823 1910 1717
767 277 1443 1938 1833 889 2686 1747 1980 2702 2496 2315 770 2685 369 211 2532 1460 1989 2478 1753 1125 2777 2077 2772 1834 951 2818 2510 2302 70 431 2015 1759 2561 315 1165 2757 1252 1557 2 2622 18 2663 1390 1842 191 990 502 803 1845 1137 1608 1839 601 2624 1087 258 1320 1035 1908 1080 1207 374 1971 1257 903 250 2242 297 2072 1413 2784 1844 1235 2388 2323 1558 1213 1786 688 684 578 40 240 898 690 1401 2759 1798 39 2161 420 103 2288 2471 571 1593 23 1075
243 1370 1554 1396 813 1105 355 1742 2696 2257 966 1495 2458 337 2660 1673 1331 1384 1614 1705 1681 487 942 2085 2600 908 2543 1002 984 660 2259 360 2782 1978 710 921 542 852 1853 2392 1739 54 1718 1119 1017 2664 1567 1000 1237 1621 2049 1893 1604 1301 530 1058 2064 1981 451 446 2140 50 1676 662 1695 1879 394 320 1508 1808 2796 1613 2490 144 2274 2262 2452 2405 2282 1404 607 1906 1903 2679 2369 1909 1455 2596 2093 3 1290 2829 871 1387 1094 460 1032 254 1353 2178
631 1518 1290 2282 2596 1017 2064 1909 1613 607 921 662 2796 2140 1879 2093 2049 394 1058 1604 1301 446 2392 530 984 451 1981 1237 1567 1906 2357 1978 1119 852 2262 1002 908 1718 1621 660 2085 942 2543 360 2782 1676 2259 1396 542 1739 1384 1554 243 1105 2664 355 710 1673 1000 1853 918 813 54 1331 124 1370 2134 320 700 144 1614 1491 708 2458 2257 2660 2696 1705 1695 966 2600 1681 1508 1495 487 1808 996 2530 2274 1404 50 1893 1089 1100 1688 2829 816 177 2577 1903
348 2769 26 2454 1870 925 2714 1369 2649 480 2538 663 550 179 518 1441 1422 2130 2840 689 1665 1453 1859 1901 1434 1172 433 1298 1392 1169 756 2461 793 93 421 1590 493 1847 704 1576 445 712 463 404 210 1758 570 2004 294 895 2838 540 1631 280 2375 2456 1930 499 2125 2650 2493 57 2327 588 1795 1358 1035 1765 168 1103 2433 1072 2010 884 2827 1986 1716 2418 63 77 1513 2324 2229 2289 1617 1861 161 2374 2174 2112 1490 983 1724 347 1773 1161 563 1034 2123 1019
629 1113 1144 1477 882 123 909 1865 1487 2823 2503 1371 1183 2677 2150 986 1757 281 924 2627 1987 1471 1641 941 275 2494 953 1084 327 2572 2623 84 1922 815 1687 820 1541 1255 1761 2620 1280 1458 334 851 750 117 1400 481 1525 398 396 1866 907 956 214 2573 959 1199 2263 474 1916 594 1423 1603 1659 104 2152 1723 2245 244 2115 1616 2571 475 1197 1166 1257 1979 2348 1971 1882 796 1226 2542 1334 1786 1602 1928 853 1346 2086 2409 1954 2688 905 1153 1106 1137 76 895
150 894 419 2554 2153 2263 96 785 106 1632 1525 1927 1280 2623 2678 1365 1371 2141 1083 2572 2386 84 1084 1726 2152 189 762 1960 2060 620 1702 732 2502 2188 43 2116 1013 2541 181 971 2401 2720 941 2562 171 621 1596 2160 1336 2612 2688 949 1797 2498 644 2737 1032 2079 1004 45 2503 387 940 1987 2522 1251 2733 2442 1661 1315 924 2056 861 582 2751 2441 1343 300 462 1856 481 1364 2048 198 1605 1458 183 783 333 1171 546 75 214 1866 1979 2567 1434 2761 1318 1139
1593 1353 465 483 240 1801 1300 2784 1883 789 540 2579 1087 1044 1394 751 2277 1093 545 2066 1213 529 1035 407 1996 1091 614 2235 777 2000 2113 2178 2054 1727 304 1971 1115 1389 1137 1683 1672 2546 2072 1257 1207 2242 2644 1914 898 230 2785 2504 395 2437 792 1804 1836 2296 1230 834 676 91 803 1558 328 499 291 1898 967 766 341 1719 1561 2555 572 1451 2058 1786 2238 1197 1427 1277 2110 2759 1749 2540 374 714 646 44 962 2260 739 1106 1559 761 1357 1361 576 564
1096 1416 1948 1362 1897 497 1586 992 2046 1316 2815 1636 2272 1496 1965 1860 2556 2713 2352 1051 1218 1261 201 194 2721 2309 305 64 715 562 1569 48 1901 100 2628 2433 2034 1796 2545 1490 2376 155 439 51 1640 1453 2650 1584 1422 563 2755 1993 1617 259 260 712 2241 900 1148 1552 2826 559 1878 1123 2023 1307 2088 2652 1486 2836 319 2045 906 659 1381 1782 1001 2767 2544 2133 2121 1437 2007 2509 2076 1075 1810 2016 2732 463 1045 978 231 1835 1604 977 1701 1046 2350 1594
631 1518 1290 2282 2596 1017 2064 1613 1909 607 921 662 2796 2049 2140 1879 2093 530 394 1604 1058 1301 446 2392 984 451 1981 1237 1567 1906 2357 1978 1119 852 908 1002 1621 2262 660 942 2085 1396 1718 2543 2782 360 355 243 1554 813 1676 2259 1105 1331 542 918 1673 1614 1739 124 1384 700 1370 2664 54 710 1853 708 2696 1000 2257 1491 144 2458 320 2134 966 2530 996 1705 2600 487 1681 2660 1695 1508 1808 1404 1495 337 2274 1155 1089 1773 1161 1100 2827 983 1513 1847
536 1588 1132 1268 36 1431 866 733 121 2090 2117 500 1499 988 193 569 680 1764 1329 2570 1065 429 802 142 1492 2333 2839 2335 2795 729 332 571 2578 1886 2078 2640 1256 432 2602 1952 2539 2798 2808 964 828 340 2629 1033 1910 2671 2786 979 901 1374 1668 377 933 2227 1272 2668 2828 1562 1793 597 1430 1266 1890 1393 2038 2210 176 13 886 2108 2029 358 2743 2217 1418 2120 1429 2221 1038 672 640 1070 555 1686 1553 1249 2568 2267 1053 400 1399 2415 289 2083 1699 1035
1256 1699 1430 1492 2078 142 802 429 2333 1553 2380 1886 2267 1236 2117 743 1890 868 1888 554 176 2423 878 2786 1053 1431 36 432 2029 2227 555 289 2668 1562 979 681 2108 62 340 886 1418 2743 417 597 1686 1033 2217 1499 2568 866 733 427 901 571 361 1398 1038 2415 1793 1065 1393 21 1132 893 78 1588 500 680 199 302 2451 292 332 2384 536 193 121 2421 569 2090 988 1949 640 1041 1754 13 437 1233 2224 73 1197 2409 1390 1272 1707 485 1268 380 895 1928
1606 899 2741 2135 204 1212 137 116 97 1463 1134 2842 1935 246 1944 1055 2294 1547 2511 2041 2728 2207 725 165 1056 2068 1067 2558 1825 722 2665 2305 1986 1940 692 1126 2736 2292 1130 447 79 2825 2766 2319 2719 442 2506 1962 362 1841 790 2248 2057 1088 2813 2580 686 494 2258 1874 677 2291 657 1892 2708 1076 2382 1464 1035 1452 1223 1771 1677 647 1937 2435 493 1453 499 574 2625 1490 1901 1513 2413 2286 1777 948 305 1847 1728 1161 140 2838 967 540 2295 135 1804 2121
2328 1179 2491 2252 1977 2682 1579 1651 1063 841 515 1583 2792 9 1769 998 1791 1531 952 919 1354 748 639 2778 1851 930 1920 118 1470 1770 567 945 2729 928 1578 2379 1657 2065 114 2647 887 2225 819 1585 2097 923 975 227 1667 982 916 763 2304 2723 311 2042 875 2793 808 2575 1210 517 2559 2459 1368 2349 7 2488 528 1367 2711 1154 2310 382 492 778 1211 2416 1239 579 512 816 98 2618 2334 1688 1271 1854 1566 776 910 1643 353 2312 2474 72 2462 1864 1085 477
13 1272 640 2210 2520 2671 2421 1754 1949 1038 1041 323 1910 2083 2090 121 1189 56 370 2047 2032 1337 536 729 569 193 988 2798 2578 865 2640 828 377 2539 2629 1793 1429 2568 2415 332 901 2217 427 571 1268 340 1065 1132 1588 2428 743 2221 933 2602 2828 672 2795 2570 1764 1668 1374 1070 2335 2839 1431 2120 1329 2031 1249 2380 36 1256 2117 964 733 1399 2038 866 1952 1553 1266 2267 1236 358 2808 1430 500 955 1699 2333 680 698 1049 1886 2078 1499 2115 2108 2029 1521
2721 715 305 1569 100 48 562 64 1640 155 439 51 1796 2650 2034 2545 2631 2433 1860 1453 2713 2309 201 1490 1901 2376 1422 2815 1617 712 1316 1636 231 2272 1948 1045 2836 1496 1096 1416 1965 1782 1381 1993 2826 563 550 260 440 1148 2289 1123 2050 2088 1658 559 2241 2556 2652 978 2130 2767 1362 2513 1878 168 1897 2007 900 992 259 1051 1029 784 645 1307 1840 659 1586 2046 2553 497 1437 486 1486 1584 2133 2337 2439 179 2419 1046 2358 663 1261 1552 2454 1428 735 2837
2054 2000 646 2787 1451 1559 1361 1106 1672 1091 1996 777 2644 1230 1836 230 1914 572 2785 395 989 1353 1786 2437 1727 483 529 1593 240 2277 1798 2784 1300 1093 962 789 465 1044 1334 39 2495 1357 1683 834 1801 1180 1971 44 564 2281 926 2288 751 293 1883 2323 1394 76 1818 291 2114 2540 2058 2555 545 407 739 761 485 1951 1277 1257 727 589 1306 2249 658 1447 1175 1483 2235 1469 16 269 1535 1804 1749 376 967 540 2317 792 1087 2579 1719 2296 576 581 676 2700
1087 614 1207 1558 2072 1137 714 898 1257 1971 465 1166 1928 2022 1593 751 1786 2113 2178 2066 304 1213 93 895 1590 2409 2784 1300 483 1883 1197 1353 2324 240 1801 803 1389 1115 2546 2000 853 1394 545 540 2224 2493 2579 789 1019 63 1333 1357 676 1561 2277 1106 499 1035 2542 529 2235 2242 2699 1538 646 39 2247 617 1427 1559 485 1631 374 2054 2540 2489 634 1361 407 989 1175 1951 1597 1093 1689 1846 426 1451 2787 1334 2495 1306 2656 251 1685 2288 2644 1818 926 954
2152 2502 2751 2567 1171 1214 22 2109 1605 1661 1371 1139 84 214 1866 941 2263 1987 2841 454 744 2141 909 2348 481 1953 851 621 1802 183 815 2503 785 1602 2677 1880 171 1032 2060 189 1632 1960 1927 1525 2623 106 1280 1084 96 419 959 2554 894 924 2153 2162 167 2048 2726 1199 20 2222 1286 506 957 1744 609 1365 2404 2761 1889 1766 1844 40 270 1283 592 565 2115 2216 1108 420 1703 1616 396 1397 2464 1768 150 2768 1738 2572 1995 244 2522 2678 510 2608 148 2056
2024 757 2430 2143 24 1533 634 426 2638 1689 1597 213 1728 1719 2756 1231 2533 2320 1149 967 853 558 754 1448 293 29 2172 286 2673 2615 2295 91 2413 1265 2408 707 2021 792 2296 1478 1804 184 135 119 2235 218 2354 1383 739 2472 1296 1849 2260 540 80 1984 752 1312 2409 1166 1928 895 1590 93 424 898 1722 2390 1529 2224 1197 1269 1035 1867 2566 19 714 499 520 1945 232 1558 2787 1593 1733 2072 1561 1228 1334 1087 1207 2744 1785 2323 2324 2493 1161 1847 1513 465
295 1929 1730 1275 2806 2687 2301 999 1475 2236 504 331 2407 655 2429 484 1655 726 1568 363 1039 430 2059 1831 1662 1008 1143 1378 1715 1706 840 464 1022 2053 1822 1293 1097 2062 927 390 1124 159 467 580 108 1635 1967 1037 389 1026 2715 2634 806 1789 131 314 89 125 1912 1648 1335 31 1262 786 534 2406 1875 2244 268 456 326 1062 1932 643 129 1118 1756 324 452 2765 501 478 758 1281 788 1018 418 1813 2611 1024 782 753 628 455 346 1140 1273 52 1048 2232
1752 2367 1146 950 1407 613 2069 4 1202 1799 2270 1624 1316 2556 59 1545 1636 2389 547 987 1737 2832 626 2300 1386 1926 2272 312 1965 2082 1496 556 635 2477 221 2790 85 826 2815 817 266 1102 2628 1405 943 1051 283 2501 1656 2241 1218 518 2713 1840 2352 194 188 1261 2817 1860 1644 2836 1934 1948 2411 2044 1658 1381 2528 1782 201 2433 992 1586 2439 1096 497 1897 2046 1416 1362 440 663 2553 1045 1319 1544 1649 1993 2767 1796 155 231 1453 51 2050 735 2545 2837 563
352 969 1539 1025 2844 1349 2797 1629 2576 2403 2092 2226 17 2063 2776 2371 2269 2139 428 299 2833 2455 403 2727 264 1009 1122 837 685 2484 1549 2138 1622 846 2473 1159 1815 1571 2175 1814 1982 642 1735 741 2486 879 1589 573 90 557 127 1520 234 226 1 1572 2710 1925 1618 1619 913 2460 667 2811 2399 551 307 203 2731 317 1101 2783 1660 2100 2189 2363 891 795 1366 1338 2468 2607 2633 1480 2255 2213 1816 2431 814 1060 600 867 385 2412 267 2215 961 2738 687 2338
197 2840 463 2375 2767 1993 1710 1489 1417 1701 433 1029 860 445 1663 1422 712 550 134 179 1617 2130 2050 1788 1045 2836 1328 1782 947 735 645 2011 440 2707 1552 2735 2837 1444 2649 2289 1437 169 1369 1649 1381 2241 2652 900 1679 925 2631 1054 1658 1307 1208 1486 659 489 559 1870 977 2650 2439 2454 1544 2084 1092 26 480 1840 2419 2088 51 2133 1623 2482 1253 2424 1218 2826 2515 259 1895 173 348 319 563 1416 1261 906 2574 1948 642 305 1051 769 674 2628 1624 2076
1507 2550 107 2414 2604 1177 1669 1104 2641 55 2176 397 728 1194 2754 575 1691 796 584 2019 1482 1016 2395 845 373 1523 2695 441 2080 2383 2661 827 1401 400 1120 1517 2247 1904 462 1426 2239 240 498 1533 1804 2288 2326 926 739 1818 1719 2508 1180 1257 896 1883 564 2281 1427 2296 831 967 920 2214 39 32 2504 272 736 251 15 789 2733 1957 1919 479 362 2073 1841 1353 646 1835 1971 766 738 2021 1357 1241 101 1786 1748 483 2128 384 1093 2495 2784 1222 2699 1900
79 2305 1067 350 2068 2665 722 2511 1547 2842 246 1134 1935 204 1463 97 116 2041 2135 1212 899 137 2741 1606 1126 692 2292 2319 1962 2294 2728 1055 442 2207 165 725 686 2506 2558 2719 1825 2736 1940 790 1944 1986 974 1841 1130 362 1056 2258 2825 447 2766 1088 104 1462 205 2598 2436 804 2359 1183 1006 423 91 1093 2296 1728 483 1036 967 436 1804 1226 1533 2474 1900 215 792 2235 2561 2700 2054 1452 1027 1719 329 1076 646 407 1785 101 1222 1115 1066 240 1984 737
729 2798 2640 2539 2629 1429 2083 1910 1337 2428 13 2210 2520 2671 1272 2221 640 536 2578 1070 323 2031 2120 1754 2421 2570 828 1266 2038 1038 1399 2335 377 964 1764 2808 1952 2795 2839 2090 1949 121 358 865 1329 933 2828 1189 2047 2032 2602 672 1268 56 1041 1668 370 1374 571 988 1240 193 1793 2415 569 1249 2217 1132 2568 1065 427 1588 901 340 332 1521 698 955 36 2513 685 733 766 1431 2238 1806 328 1888 2749 2260 2117 1533 176 2786 866 2740 1898 979 1683 2227
1870 26 348 925 1369 2769 2454 2649 2714 480 2538 663 550 179 518 1422 2130 1441 712 463 1617 2840 2375 197 2050 48 2004 1417 100 2123 1569 704 366 445 720 1859 756 64 1701 860 2456 1045 228 1358 1796 2174 1392 77 2461 1776 1665 2721 1765 1034 793 746 1234 715 1758 1948 1930 421 797 305 1847 1993 2327 2229 689 656 1743 570 2659 2672 2638 1664 1489 1861 983 588 976 1453 1096 801 1795 439 1575 2330 1710 2155 57 2332 885 280 1551 259 857 2650 1513 2125
1489 1417 1701 1710 860 1788 197 463 2840 2375 2767 1029 1993 433 179 1437 550 1307 900 1663 1422 2482 2289 1208 2084 2836 2424 1045 1486 2515 2826 2652 1782 906 1416 606 1948 489 445 674 2034 712 925 559 1617 2088 134 2649 1096 2076 1190 642 1895 1369 2050 2419 1051 563 769 1949 161 51 305 260 1381 1624 1261 645 1218 155 259 2130 440 977 178 846 2646 1796 817 64 1658 2241 2133 2545 1870 2837 562 446 2713 348 2011 1766 1123 1983 2480 715 1910 1627 2721 675
1786 1971 1257 751 1357 39 2281 564 2288 926 1818 2495 1106 1091 1996 777 1180 2114 2000 230 76 1559 989 739 2224 1137 581 1044 1451 1361 2787 803 1087 1207 2072 614 1914 1672 1836 2785 2437 1558 714 898 1683 2054 2249 374 44 737 1057 1900 215 1535 2540 436 646 2381 291 2317 1230 2040 1116 2277 364 1346 1798 1713 47 101 1714 465 676 251 269 1224 1801 1427 572 683 1449 1483 1166 1197 1447 2129 2523 529 1334 832 962 1990 761 341 376 16 2700 1928 34 2644
1548 269 2315 1980 2685 2702 1073 751 2518 676 339 2275 277 465 792 2296 1986 1346 2483 1593 898 2016 1849 2161 1535 240 1602 1940 1434 111 1732 845 2115 629 1561 1343 1298 1646 1257 1558 198 2054 1035 940 2784 2235 1801 1087 531 483 2000 1426 576 75 2409 832 2561 1597 1137 2072 1113 1478 1019 1443 2700 315 327 182 76 603 1620 2323 2785 1999 646 184 1197 714 454 1804 707 1161 1412 1733 1448 2542 967 91 713 614 789 213 2281 1207 2112 1749 1342 2180 1284 244
2178 2113 304 2066 1213 1389 2546 1115 1394 545 727 658 1951 589 1175 485 1306 529 1353 2579 2277 483 1300 2784 1883 240 2644 395 1361 1801 2054 789 1451 1230 1593 1798 1334 646 572 1559 1106 962 2787 2540 2000 374 1427 1683 2759 2504 614 989 2323 1044 803 364 101 1900 215 2381 436 2022 465 251 581 2040 737 1087 341 540 1137 2072 1257 766 1207 1898 1971 2242 2238 2114 1786 1561 1093 1035 328 407 751 63 898 1197 1019 1558 1333 714 676 39 2288 926 777 2542
99 1145 1688 2274 72 1808 2636 2009 1404 460 1155 1100 1089 172 2722 2775 2577 816 1085 156 1241 1784 2829 177 1163 2679 1415 174 1903 694 2122 164 477 2452 1906 2055 401 2163 1023 141 453 1682 2747 1628 1872 2098 595 760 612 1047 1976 981 1233 731 2469 461 437 144 399 380 1599 2074 823 1510 208 73 1268 2587 2655 1717 2126 1387 1479 1160 2362 1835 1491 320 2784 996 2530 2661 479 827 1883 2161 1401 345 755 2457 558 1898 2413 1353 1806 2016 1173 2295 1448 1228
192 2025 61 2669 207 225 1787 1781 2794 2164 2070 2396 2091 239 49 654 2280 408 1141 245 838 2173 209 1282 139 356 525 296 1780 383 1127 252 2311 2470 679 1037 625 1168 1299 1248 1924 1356 1435 1506 1598 449 1505 2232 2279 216 1124 1216 2693 2053 391 1829 455 2137 1555 2531 418 1262 2291 822 574 2683 295 2806 1481 2142 113 1024 1293 1918 1475 2639 1223 430 858 1018 413 471 1097 1648 268 363 484 2057 1503 806 786 128 1501 402 1441 224 1874 2438 1635 2809
1701 1710 1489 1417 860 1788 197 463 2840 2375 433 2767 2482 445 1029 2084 2289 1437 179 1663 606 900 1307 489 769 2424 1208 550 2515 1895 2652 906 1486 1993 1190 977 1422 559 2076 674 161 1045 259 2480 2646 1627 178 645 2826 675 712 2626 2088 563 1201 2836 2419 1552 1617 2133 1782 1948 319 622 978 1949 173 2650 2397 2130 1983 2200 2148 2574 1624 1826 1416 2544 134 1096 846 1253 941 609 2050 2011 757 1910 659 1319 2753 970 1934 1468 642 1381 1071 925 260 2241
2394 1946 105 1778 416 11 883 1200 2420 2110 664 2318 2711 1479 144 7 1854 1387 568 2452 382 1271 2600 2830 778 1152 1495 796 599 1002 2793 318 1036 1676 2458 1614 1681 337 320 151 517 2560 1296 1020 1705 135 1533 1581 487 462 1903 1309 1383 119 1040 966 1968 1911 1970 114 2679 2543 2147 2792 1573 243 2697 80 1742 678 2642 1068 1673 435 2290 558 2696 2746 855 1222 21 717 1424 112 975 2734 1634 94 1331 1077 1093 360 766 2684 666 2214 15 2314 2341 1142
601 18 1842 2 2663 1834 951 2015 1252 2818 2161 2622 1557 1390 1759 315 2757 1165 2302 191 2777 1753 1125 2772 2077 2478 70 2561 2510 1989 431 1320 2315 2686 1747 1839 1035 2685 889 1980 1075 2667 2323 67 1114 1443 2509 1798 2583 522 767 29 249 2172 1810 277 962 2702 1938 202 286 1689 1001 634 2350 2430 1012 1533 426 1334 1406 2673 2320 2121 369 646 627 2533 293 853 1149 1833 2787 269 24 2242 2624 485 1511 2024 1597 754 1869 1969 688 1426 931 1448 2577 768
1146 1752 1624 2832 312 1407 2367 987 635 2270 2501 1405 556 221 1386 1934 2082 547 2300 2790 950 1102 943 4 85 1202 1545 59 1799 2044 1644 626 2411 1926 2528 2389 613 817 2069 1656 188 1737 2817 518 1840 1636 2241 1316 2836 2628 1965 663 440 1319 2815 1422 1782 925 2272 550 826 1496 735 611 1218 1045 480 2652 2837 2477 1051 563 2088 1948 1148 1381 259 266 2767 1096 2148 2826 169 2045 1161 983 2827 499 155 1416 1649 712 1847 1773 1513 1437 559 900 260 977
1096 1416 1948 1362 1897 1586 497 992 2046 1316 2815 2272 1636 1496 1965 1860 2556 2713 2352 1051 1218 201 1261 2721 2309 194 305 1569 562 715 64 48 1901 100 2433 2628 2034 1796 2545 1490 2376 155 1453 51 439 1640 2650 1422 563 260 712 259 1617 1148 1993 1584 1552 2241 2826 2755 559 1123 900 1878 659 2088 1001 2121 1075 1486 319 463 1307 1810 2652 2509 906 2350 1381 2836 2007 2544 2732 1782 2133 2076 1437 784 269 202 231 977 2337 978 1558 1701 1087 2767 258 2016
44 2317 1483 1469 1447 16 376 1672 1836 2249 2437 1057 2785 1914 761 1990 2700 291 1535 1749 1449 1224 47 1178 1714 1116 1713 683 2180 1838 2523 34 832 2422 269 834 2202 465 2745 1856 1476 2111 2016 95 2190 576 1743 88 596 2441 1176 2129 676 132 983 2827 1346 695 824 1044 2547 1277 2058 1513 2555 1727 1795 1773 1631 1161 230 1847 1996 310 1693 777 792 1593 1091 1785 1019 1228 845 1103 2695 1304 2296 1804 2235 967 499 441 1999 483 1632 60 63 2784 1561 1719
1146 2270 2367 1752 2082 1545 547 626 59 1386 1407 2389 556 4 1799 1202 950 1624 1737 987 635 613 312 2832 2069 826 2477 2300 188 221 1405 85 1926 2501 266 1319 611 283 943 2790 817 1934 1491 2148 2312 2044 1181 259 2205 2530 996 1088 2010 2515 1102 2150 1477 941 2840 433 977 440 1353 240 2719 1172 2661 463 2784 2411 1060 1993 1883 2577 959 1558 1197 2486 895 2277 345 716 2767 2375 1839 1663 2722 1093 156 1148 1631 550 2289 506 2837 1590 565 1844 1564 407
2767 1993 1617 712 1422 1045 2050 2130 1663 735 1782 2836 440 134 179 947 2837 550 1328 2707 169 1444 1029 1381 645 2241 1054 1649 1658 1679 2011 1623 51 2631 445 1261 900 2439 1544 1218 319 1486 1710 1208 1437 1552 1489 155 2133 559 2419 1840 2088 1307 197 2840 305 2652 259 1640 906 2628 1417 1701 562 2076 563 1051 1416 674 260 1948 860 2515 2650 1253 2034 463 1096 1983 1878 2826 2544 1123 965 2046 1796 1897 992 2714 1369 2352 2482 2287 1362 2424 1148 978 2721 1190
1132 1588 536 1431 36 2117 866 733 500 1499 1268 121 2090 142 1492 2078 680 1886 802 1699 1430 429 1256 2267 1553 1236 2380 2333 432 1053 988 193 569 878 1890 743 868 1038 2029 289 2451 21 2668 681 1888 2423 2384 199 2743 1398 555 1562 332 176 1764 1065 554 2227 2570 1952 2602 672 1374 1668 2786 2217 2335 2795 893 933 2808 1033 2828 2108 361 302 901 292 964 340 1329 1793 1272 2038 1399 979 78 2578 2839 2120 1266 1418 2539 417 358 62 2629 2221 1910 1070
1141 1506 1924 383 1299 1168 252 2470 2070 455 1262 1216 654 2669 2232 525 1780 1140 391 1829 49 61 192 858 2025 1505 1356 625 2279 207 1435 225 1248 408 113 679 2311 1598 2396 2137 216 1124 1781 1787 1282 1127 2794 245 2280 139 356 27 822 296 2164 209 2531 838 1918 1303 1037 239 2173 2698 1568 2091 2053 1612 1024 471 1438 1503 799 2693 1921 344 331 402 1018 1635 1011 1961 1395 1967 1317 1273 2142 1021 721 412 618 2690 1187 430 390 805 2742 726 1756 1715
1122 2844 2063 2455 403 1009 1159 837 264 352 2092 1815 2484 1814 2833 2139 299 2269 2797 2371 2576 2776 1589 428 1622 1549 1539 741 1982 2731 1629 2189 1925 1735 2403 90 17 667 969 879 1619 1349 2486 846 203 1025 573 2226 2175 1571 795 891 2473 226 2138 642 1101 2338 234 2811 1520 557 317 1572 1 2727 2100 1863 2460 2215 1295 127 913 2412 2771 472 685 1338 600 991 1366 2399 1618 2255 1242 1807 687 1215 307 641 1060 1480 2541 1660 2385 1373 2607 2298 1816 2633
1553 2267 2380 1430 1236 1699 1256 743 1886 2078 2333 1492 2217 2568 2117 142 2415 427 1793 901 802 2423 429 1038 432 1890 1431 878 340 1053 36 193 289 868 1888 13 2421 640 332 536 1754 988 1272 176 569 1949 554 1041 2029 121 571 2668 2090 2786 2210 2671 1499 555 2520 2227 681 733 500 1562 21 199 1132 866 2108 1588 323 2451 1065 893 292 979 302 2743 1398 680 2384 361 2047 1189 78 62 56 370 2032 1399 964 2221 2038 1070 2629 2539 2120 865 1952 933
802 429 1492 142 2333 1890 2078 868 554 1888 1256 176 2786 555 2029 2227 2668 1562 979 1430 1699 1686 289 886 1418 597 417 62 1033 2743 2108 878 1393 1886 432 1053 681 1553 2380 743 2117 340 1236 2423 2267 1431 36 1398 571 361 1065 21 78 893 332 302 2451 292 866 733 199 680 2384 1499 1588 1132 1038 500 536 2217 427 901 2568 2415 1793 1268 121 73 437 1561 2074 193 1233 399 380 646 1197 2054 2224 2016 640 1599 634 1272 676 1334 1106 2161 1798 2149
924 1363 1703 1288 2216 1471 1487 953 2567 2751 2841 752 2502 1139 22 1171 1214 1605 2152 1727 1044 2109 1661 834 2555 333 997 214 2507 1277 1866 2058 1400 1371 1953 2348 1687 454 1602 761 1922 419 1749 2823 2554 2153 2620 96 894 576 189 327 1927 2573 1632 106 909 1093 851 420 2060 1032 744 1217 2768 117 783 1659 2263 1397 1979 941 84 2726 309 2494 20 856 1184 2030 621 1995 167 594 481 183 205 1738 2162 407 785 957 2303 171 2521 1198 148 1987 510 1641
340 332 1065 571 13 640 2421 988 1038 1754 1272 1949 2210 2520 569 2671 1041 323 193 2090 121 2568 2217 1793 427 901 2415 56 2032 2047 370 1189 2083 1910 979 2786 2227 536 1337 1033 2668 2333 2743 176 2578 865 377 828 1393 2029 554 1890 597 1418 1686 417 868 1562 1256 886 1888 743 555 2108 2798 2629 62 289 2539 729 1429 802 2380 429 1236 1430 1492 1553 2640 2267 142 1699 432 2078 2602 1668 2828 1886 672 1374 933 2428 2423 2221 2120 681 1070 1952 2117 1764
956 1882 1153 807 820 1541 750 1603 829 1761 1260 334 582 2387 2194 1227 372 1891 661 2261 476 669 2168 2043 2666 650 2171 2816 546 1865 1570 1221 759 468 6 285 1702 2810 1083 1697 922 620 732 411 1858 2643 181 2823 1797 1916 2476 1723 2346 475 342 2740 1059 2749 154 551 1456 1188 636 2167 2313 1318 37 2807 1763 1560 229 1284 2548 973 2425 687 122 2688 644 2268 387 629 971 2278 1199 1536 2720 42 2442 2498 1802 1524 1082 980 115 941 84 1537 1596 1768
2185 143 1129 2584 2298 1440 386 1411 1684 2529 718 795 2271 1445 1694 2363 958 2517 697 2801 787 810 638 1514 71 30 2619 2246 1360 1939 557 2616 1294 2460 1630 665 1258 1446 1215 2481 879 1112 1366 1480 273 1816 2468 685 2607 1660 1982 414 1925 1270 2633 1619 1267 867 1324 1025 2431 2189 1863 2833 2139 667 2444 1735 299 1814 814 307 2524 1295 2104 551 385 2710 2771 991 1242 428 1373 641 2371 372 2727 2092 1807 741 888 1629 1059 2776 1589 2576 2844 342 133 1520
2767 1993 1617 712 1422 1045 2050 2130 550 179 735 134 1663 440 1782 2631 2836 1029 947 2837 1381 2840 51 1328 169 1658 2241 197 2707 1444 1054 463 1649 645 1261 1679 1218 1623 155 2439 445 2011 1544 1051 305 1640 900 1840 2628 2034 562 1796 2545 2375 433 1416 194 1486 1096 1710 1948 1878 1437 2133 2735 439 2088 1552 319 480 259 2721 2352 563 518 2046 1897 1369 992 2454 1208 2650 2649 2652 1489 1123 1860 1417 1307 559 2515 1148 260 925 1362 2419 2544 2713 1253 1586
1146 1752 1407 2270 2367 1624 987 312 2832 635 547 1386 556 2082 59 2501 1545 626 1405 4 221 950 2300 2389 85 1799 1202 1926 1934 943 2044 2790 188 2411 613 1102 1737 2069 817 1644 2528 611 1319 1656 2148 826 2133 2241 563 1636 977 1092 2312 2836 1148 2010 2477 259 266 1316 1241 2088 1197 1840 2636 1835 518 1649 1161 1883 2009 2040 499 1422 2722 2817 900 2784 2277 172 251 2207 983 1225 1172 965 1342 440 2652 2016 341 2154 203 1688 364 529 2515 713 1486 407
1705 2085 2600 942 2543 1681 487 2458 1384 966 1495 337 1002 1742 1978 2660 2392 1119 852 1718 984 2262 1676 908 2357 921 1017 320 2596 144 2257 2696 1614 1853 1673 1331 1000 2259 1695 243 2134 1739 360 660 542 1508 2664 2782 54 1370 355 1479 710 791 2064 1290 662 2282 1893 1621 50 1682 1554 1565 1518 631 2369 1287 1031 607 2803 1396 2796 813 1855 1909 1981 1613 1200 2373 1237 1387 1567 1105 1604 157 1485 451 2140 1906 446 186 1879 709 1779 747 1903 1301 1385 1519
1606 899 2741 204 2135 137 1212 116 1463 97 1134 1935 2842 246 1944 1055 2294 1547 2511 2041 2728 2207 725 165 1056 2068 2558 1067 1825 722 2665 2305 1986 692 2736 1126 1940 2292 2825 447 2766 79 1130 2319 2719 442 2506 1962 362 790 1841 2057 677 494 2248 1892 2813 2580 657 1874 686 2435 2708 2291 1677 1076 1771 1088 2625 2382 574 1464 1937 1223 647 1452 1777 2037 1931 2286 2258 493 1408 491 1035 1185 2838 2704 2526 948 140 1453 2220 1490 2639 2569 1433 682 1901 57
1083 1702 546 582 2643 1221 6 759 285 732 620 181 1260 1570 1797 2476 468 807 1858 1697 1891 2807 636 1318 1882 922 2425 973 1536 2278 2816 1723 42 2043 2666 2313 650 2167 1768 1865 956 1153 1603 2194 2171 2268 1188 37 820 411 2261 1763 298 1541 2810 1456 661 750 1227 475 2346 1916 476 669 980 1199 2554 1761 45 2153 419 1537 334 2118 229 1284 2056 829 150 387 1560 2263 2688 644 894 1251 1108 2760 1610 2522 1285 1884 690 96 1632 1015 1515 1364 2048 2498
1276 210 1792 1861 1392 1859 793 2461 280 1580 1034 2418 57 2004 1072 2174 1234 570 2125 2327 1758 1930 2456 1575 689 294 746 1665 2330 1030 1724 2838 1358 704 1292 1576 934 2229 185 1664 2186 1375 1716 2694 2155 1348 884 1857 421 548 1522 2588 2127 2703 2374 1377 170 130 756 242 438 82 287 470 1432 158 514 1345 2513 77 880 2581 1193 1086 133 422 2206 2198 493 797 1279 798 1765 366 583 588 1551 976 1081 228 2332 2187 656 404 1169 1350 857 1609 2672 1776
1786 1971 1257 1357 39 564 2281 777 1091 1996 2288 926 2495 1818 1106 230 1180 2114 2000 76 1559 751 1836 989 1672 2437 2785 1914 739 2224 1137 581 269 1451 1361 2787 803 2700 1990 1535 1087 1207 2072 614 291 1224 2249 1116 47 465 1713 1714 1558 44 1749 2317 2180 683 1838 2523 714 1683 898 34 1057 2422 1044 2054 1178 374 737 676 1900 832 1346 215 436 2540 2129 646 2381 88 2040 1449 1476 761 1230 2745 2202 2016 364 1856 1798 2277 101 251 1427 1483 1447 1166
1721 2809 12 1876 1473 1439 2183 2657 637 2051 1390 1557 627 2622 249 255 1558 394 1839 2308 1597 67 401 1406 2089 1759 1265 1928 1330 1491 2121 1012 1931 2291 2757 1613 202 2583 2409 2084 2482 598 1879 426 482 1564 1452 1872 1166 2148 1944 1088 1810 2617 634 1902 2427 662 2163 1906 2134 2599 1001 853 918 173 315 2762 854 2323 1582 2561 1035 770 2829 898 2728 453 2704 140 2315 2526 217 2057 161 2732 2350 2143 278 996 177 2530 24 1320 1055 2122 1047 760 2509 2302
2252 2491 2328 1179 1977 2682 1651 1579 1063 1583 841 998 515 9 2792 1769 1531 919 1791 952 639 1354 748 1920 1851 930 1470 2778 928 1578 2379 1657 118 1770 2729 945 2065 2225 567 2097 982 114 887 2647 227 763 923 819 916 975 1585 2042 1667 311 1210 2310 517 875 2304 1368 2723 1211 2349 1367 2793 528 7 1566 2559 2416 1239 2488 2575 2711 808 778 382 1154 2618 579 1970 2459 1271 492 25 2658 1688 2775 512 816 1854 461 2009 2661 1163 72 2636 1219 1879 477
472 1803 2758 1069 1341 1607 1811 1530 160 1078 2094 741 1862 2138 203 2595 577 1509 1167 551 961 147 1059 2266 1421 2444 1060 1278 127 537 2738 1242 991 2811 1355 1295 1524 641 262 2385 1807 1373 888 2013 2771 273 2255 2104 1101 600 2524 2486 342 2412 1618 2781 154 1863 1735 226 1540 1619 1291 2635 867 1622 2740 846 573 1238 2340 317 1571 2431 385 17 2403 2460 667 2468 2710 687 1338 1925 166 642 1660 814 2213 2607 1480 2633 1025 685 1349 2100 1816 557 2749 2063
