2141 621 183 171 1365 2502 2152 214 815 909 785 1605 2263 106 84 1927 941 1866 96 1113 1139 2401 1987 45 894 1661 150 2554 2197 1251 1032 1171 189 419 2060 1632 2612 2153 959 2056 2522 2751 2567 2503 22 2831 481 1525 2841 2182 1214 1364 2760 2109 1013 1336 1280 2608 1217 762 236 2623 309 1004 1064 1371 1380 506 1760 1712 2348 861 2116 75 1315 2112 1726 2497 1283 856 198 1084 940 1108 2160 949 2678 60 1960 270 1953 2737 1434 2720 1343 474 2572 108 2705 333
2044 1934 2501 2528 2411 1644 1656 1624 2817 188 2790 1102 611 817 1407 1926 85 2300 221 943 1319 2832 987 312 1386 556 1405 2082 2270 635 547 1752 134 463 1796 2574 1029 197 2397 1190 1422 606 1092 2084 2419 1552 1983 2424 2375 2652 1369 2545 712 2034 259 1414 1627 978 1202 1307 559 2724 445 1617 2454 2826 1208 1240 2011 2714 1710 2265 489 674 1870 1782 1339 1146 977 2105 1117 1302 1274 1417 1314 51 178 2789 675 2646 2774 1640 550 2626 659 1543 2812 1428 2606 2177
410 811 434 2549 1079 937 1133 2219 248 538 648 336 1516 709 843 1707 1670 112 544 2341 1005 1455 605 1110 1040 365 2788 2730 94 2290 2746 1311 1454 186 749 1783 1424 253 1325 2364 1546 535 2299 1794 1131 1068 1634 717 2377 593 1527 1966 1573 1243 435 610 1498 1894 821 1309 870 338 1466 568 1968 730 2151 1020 2560 2145 257 883 2830 673 1379 1581 1969 2095 1731 1871 678 1138 1442 1800 1645 2417 406 1511 2251 2102 2609 742 2516 1779 1526 1007 2196 1142 1385 1850
1721 12 1473 2809 1876 1029 1895 2657 1335 553 860 523 1972 140 2774 2735 2061 1564 31 1472 2402 770 2716 255 721 637 2482 1647 125 533 1812 1330 326 2062 503 2236 175 1655 655 580 1746 2144 89 1390 1417 331 1475 1932 2075 2597 173 68 711 1831 1829 769 1961 1187 2557 1303 1026 788 2594 805 1018 670 159 643 261 561 616 1868 1708 2552 2812 2611 858 1912 1921 1062 1756 464 618 430 1568 994 501 2053 1837 671 840 1281 1701 1974 1037 1706 782 2119 2228 200
1093 407 1087 2000 1898 1590 1137 2242 93 2114 766 898 614 1558 328 2238 895 2579 374 1207 714 2072 63 777 1996 1091 1971 2542 2759 581 2504 1166 1257 1346 2409 1631 230 1300 1786 1357 76 803 483 1298 1801 1019 1561 240 1928 1683 39 1749 1389 617 2277 1213 2281 2288 2022 499 789 1883 564 1180 341 1483 926 540 1115 1228 1785 1161 465 2040 2546 2785 2784 2700 1773 376 1818 751 1914 1353 783 2437 2422 251 1333 1856 2066 832 676 44 2129 16 1535 1106 182 1847
2545 1796 2034 100 48 1569 715 2721 64 439 562 305 155 51 1640 2433 1860 201 2713 2309 2556 2631 1453 1490 2376 2528 1934 2501 1644 2411 1901 2044 1656 188 2817 2790 1624 1102 1407 1926 817 85 2300 221 1369 925 611 943 2649 26 550 2826 712 1496 659 348 2769 1422 2454 1870 663 2538 518 168 480 559 260 2419 1782 1840 1584 987 2652 1617 1046 2714 2007 2088 1316 563 1051 1319 1045 2832 1428 259 1414 1948 1983 1658 2358 2836 2050 900 1405 1848 440 197 1381 2439
767 277 1938 1443 889 1747 2686 1833 2532 211 1320 770 2496 2702 269 369 1989 2685 1548 1980 2315 1460 2818 951 2015 1252 1834 1842 2663 2 18 2757 601 258 1759 2510 431 2622 2755 2478 1165 2023 2045 70 315 2302 2077 2772 1125 2777 1753 1584 1557 1390 747 2561 1895 769 191 1035 1831 1972 1275 1655 2061 161 655 2236 2232 2402 2075 927 2316 2556 782 1018 1929 721 331 2632 1647 1475 1730 2687 1302 2311 533 1248 999 1789 553 1472 2062 1829 1756 1008 31 1568 430 788
1235 2624 688 2471 2601 103 2276 1323 297 1845 502 990 126 578 1767 1340 1391 1908 1186 284 768 848 1608 1830 522 1413 2314 684 2388 903 702 1114 250 1720 1821 931 1107 1975 1310 65 835 1512 1254 2667 258 2478 1125 2772 2077 533 1753 2777 2755 1972 721 225 2119 2689 2061 1302 2402 2316 2283 1715 771 767 705 1921 2099 2557 1465 1827 561 2742 1759 2622 331 1896 532 2028 1974 1647 290 1187 175 1532 655 2236 973 999 61 1967 847 81 503 968 315 2370 1708 1704
327 2303 1205 1198 1659 117 275 1979 2791 2203 1641 2494 1687 1184 23 907 1502 1080 690 2573 1922 1591 1738 2179 510 2030 2245 2521 1488 2620 2768 420 1400 1602 1397 594 148 1537 1371 2677 543 2222 1423 1263 423 953 167 851 20 454 629 973 2348 2623 1471 796 1232 1084 1285 2572 1525 2706 1425 298 466 2118 1280 1139 1884 1954 265 425 2014 2162 2726 980 375 2678 2128 2124 1015 498 2263 306 205 924 1616 1487 396 1610 1326 946 1744 1726 2366 1113 1426 1225 2154 1219
569 2090 193 1189 988 2047 370 121 1065 2032 56 2217 571 323 2415 1793 427 2267 2568 2380 955 1553 901 332 1430 743 2421 2423 2117 2108 340 878 2333 2031 1699 390 2693 2119 354 1967 2742 261 653 1317 1635 972 2099 503 1050 1741 580 2370 500 1256 2773 1680 1827 2597 159 2539 2629 1070 536 1395 1099 31 1755 711 2610 587 838 847 2199 698 1335 92 330 2668 805 2283 1746 2594 2406 1715 2814 326 2236 27 2228 1756 2715 1461 1097 314 504 1011 209 633 125 2221
721 1972 2402 1647 2061 1921 1395 561 1756 1317 412 430 1505 113 1755 252 1127 2137 1780 1274 805 1303 1829 1961 27 1168 1299 799 1037 331 2279 822 1240 1050 1635 390 1967 1140 653 1612 1356 2693 655 2053 2311 1248 654 449 1216 1781 2091 239 1503 1124 533 1715 2164 1918 525 1506 618 1021 2017 314 2316 2794 200 2531 1435 1024 1273 220 1262 383 770 2698 131 344 49 1568 2406 1187 1598 2232 1011 858 245 2715 625 1648 679 455 138 209 838 139 2280 31 290 2070
653 31 2715 580 159 326 1118 1293 1097 1143 1822 261 799 390 1273 2053 1635 1967 2693 670 1755 1050 2062 1317 1715 1568 1756 805 1037 2232 2783 1011 220 2137 504 1124 1477 1024 2343 1274 2023 1044 2698 1395 822 1584 331 2406 1262 1961 1505 113 27 1187 1780 455 1140 2755 2045 1921 1127 314 1972 1255 252 2402 721 2061 1647 1240 430 1303 2279 1829 618 200 1612 2017 2316 1648 2236 1168 1299 1021 655 1662 449 1248 290 2611 258 412 1831 2627 1655 561 927 1789 1216 533
1870 2454 2769 2649 348 26 925 2538 1369 480 1298 663 2714 550 1434 518 1422 940 1343 1661 179 2112 2638 182 1004 1144 2588 2556 1113 2737 1019 1333 75 463 1712 851 1103 2022 40 1371 1760 949 197 1535 310 2116 1693 1590 1867 2130 1710 2840 735 1960 1029 1346 1722 366 592 1999 720 1489 2289 1788 1776 797 2375 2482 2123 2050 2827 1617 1756 93 2571 770 161 2402 2061 1568 1921 2010 1789 31 2232 1701 1849 1417 1317 580 1972 805 782 1647 1097 1967 390 326 895 2715
654 2025 525 1141 1787 2669 1781 2070 383 49 245 192 2794 2396 239 2091 2173 2280 139 838 209 1356 2164 408 2531 296 1282 2311 61 356 207 225 1168 1299 1127 1435 1248 1505 27 1780 625 679 1274 1598 113 858 1011 344 1924 2137 2279 1875 1024 1503 1240 822 252 799 449 290 1961 131 653 2693 455 1568 2232 216 268 471 2316 2017 200 1021 618 1262 1755 2565 1843 1829 33 261 2715 412 1506 31 391 314 495 1941 331 2285 1303 1187 1273 1216 1648 1438 2343 2698
1254 835 1310 1512 65 284 1107 1908 702 931 903 1830 848 768 1114 2388 1340 2136 990 393 1244 2601 2471 502 1767 863 1147 1646 1450 1120 2518 1678 1235 1620 684 2276 2275 603 339 1845 830 1732 1608 1720 1073 250 1821 103 2624 126 1975 578 688 1104 1323 297 1413 522 1315 1907 1391 1336 2212 2579 1327 2595 1013 1277 1780 1715 1972 2061 1648 806 1967 1186 1140 721 344 2822 1921 1050 2667 331 2181 653 216 1395 1852 2823 561 2612 187 2173 1827 1635 314 525 2406 252
1575 2456 746 210 2418 1665 1580 1792 280 1930 570 1392 1034 1861 57 1724 2461 1234 2174 2004 294 1859 2229 689 793 1276 2186 1072 1758 1664 2125 2838 704 493 2374 2330 133 2327 1279 421 548 422 77 1358 720 1030 1375 1765 756 797 366 2694 2123 859 1776 976 1947 2184 2039 1551 884 1887 2155 1348 242 1292 1193 2541 1716 588 158 2332 228 857 185 1576 1350 2590 1196 2581 1043 885 1086 656 2206 287 880 1345 934 1857 2659 801 1457 514 1432 1877 1542 263 2739 2198
1515 844 5 509 2457 1889 2725 2404 2464 1766 609 744 244 2115 957 1696 1616 2448 2128 1556 1326 2124 2366 1477 375 2014 388 498 473 466 1061 1426 425 306 1661 163 592 1637 2351 2508 2169 2222 43 752 1602 232 520 80 1945 1108 119 1296 19 1383 1744 2566 2109 2188 270 424 2751 757 42 22 2442 1953 1596 2562 1269 2390 2354 1529 1659 1610 1411 644 2408 1214 1283 2348 1335 1312 2279 2228 2584 1733 2185 2611 135 1839 655 2425 2720 2406 1475 1478 430 89 138 1008
28 1563 238 2250 505 2479 671 705 1532 523 734 2500 1708 2181 152 2819 1896 1339 532 2099 849 2365 2028 313 458 1827 175 2689 2191 2534 1956 2552 2283 120 847 2674 1741 81 330 696 2557 1704 2742 2716 587 2597 92 972 2370 2773 354 2193 772 2119 1010 1746 2177 2681 2228 261 633 1111 602 2592 1680 1117 503 2322 2527 711 2052 740 1332 2237 1917 1376 1302 2199 670 1974 1543 872 68 2144 1461 1873 2812 1335 2764 2809 1297 1109 2774 890 2343 968 1037 1327 2212 1124
1840 1636 1965 1316 1496 2815 2272 497 992 2046 2628 2352 1586 2241 1051 1897 1362 1218 2556 1658 1381 194 2439 1544 1261 518 1948 1416 1782 1253 231 440 168 2553 1096 950 712 2836 1752 2050 2713 1123 735 1640 1860 201 663 563 1878 1045 1422 2069 2309 2433 2767 550 2367 1901 1617 2034 978 1796 51 2826 2010 155 1148 179 1102 900 674 2631 1710 2790 1437 1569 489 221 2130 645 445 2832 2652 1799 965 1453 559 943 1307 259 2714 2376 1117 1092 2082 1468 1369 1848 2538 1414
1816 1366 1480 2524 2607 2633 2175 273 2104 1660 1242 557 879 147 2363 1735 867 2595 2460 1025 577 814 385 2431 2517 1925 1619 1355 1069 1509 2758 1167 2801 2710 1549 1295 551 1811 1803 115 641 1807 1373 1341 1607 2094 1524 160 1421 1982 2771 1863 1530 888 1862 1078 1539 2619 299 2185 741 2662 991 1215 2385 2269 667 687 2529 1411 2444 2213 2576 1060 262 537 2298 2776 2139 428 2584 2226 2371 1684 1059 352 2189 2648 2468 143 127 1349 342 1629 203 1129 1 2833 912 1264
1298 2542 617 1434 783 949 940 407 1631 1561 2242 1004 1343 1346 2737 540 1103 2112 182 1535 1019 1773 1999 1093 832 2827 1693 1760 1712 499 310 63 983 2441 766 149 2190 1161 1795 1847 1513 75 291 1333 2238 328 2202 1856 695 1743 1176 2111 2745 689 1898 60 2022 1087 2656 2129 1590 1785 1593 861 2000 1914 198 1749 2374 2785 1665 1758 2497 2116 95 793 2454 294 26 2649 179 2004 925 1870 57 1091 480 348 1369 2016 1228 2769 2149 1672 1859 132 2714 44 1861 746
230 564 926 1357 1091 2495 2288 1996 39 777 2281 1818 1786 1180 1257 1971 1846 2489 2699 1538 76 2247 2324 2493 739 2114 1106 2224 1559 2260 989 1087 751 441 614 1451 1137 2605 2000 1318 1482 1536 2296 2317 576 1434 2072 1523 1207 1476 2019 920 55 1036 1093 917 2807 462 737 2289 341 1940 782 88 1048 541 1018 2695 2555 433 1192 2556 2632 1548 1788 2375 2033 1558 2345 636 2445 770 1979 1026 2538 2073 108 1593 469 1194 1014 2752 2690 197 683 824 379 2232 1919 2733
222 2218 1436 2512 1504 1911 2362 850 1305 2691 2355 1638 1790 1806 2342 2450 755 1736 1933 1098 2156 2645 836 1321 2432 2096 1052 897 935 2071 1709 2201 2750 2420 144 1044 1682 1387 99 1479 2318 1621 320 2587 981 1704 612 1143 1335 2557 1293 159 1097 580 326 1118 1972 1822 453 2402 533 2232 721 1339 1647 200 532 2687 2715 1275 1273 1568 561 1755 1124 1376 2053 152 1756 2061 595 208 2126 1317 331 31 771 2028 225 655 972 430 1472 2406 412 1140 799 872 643 2594
312 987 635 2832 1405 1146 4 85 2300 1102 221 943 1407 2790 547 1926 556 2270 2082 1752 817 1386 1656 1737 950 1545 2817 1202 626 59 1319 2367 1799 1934 2501 826 2411 2389 188 2556 611 2044 283 1422 2069 2148 613 550 518 1624 259 2397 1644 2312 2528 440 2544 2454 1870 2714 1148 2606 735 480 1840 1369 925 978 712 2200 134 463 1092 2769 26 348 606 433 659 2649 2826 977 663 2419 1240 1307 1617 2652 2538 2836 2424 2289 563 1190 559 1468 2515 1552 1339 1788
757 1728 754 1231 2756 2021 2320 1533 1149 2533 29 2673 2172 286 1312 218 2472 739 1984 24 2430 2024 1296 634 80 1689 119 1383 135 426 2366 1597 2143 2260 558 2014 395 2295 2638 184 1265 529 425 853 2413 2277 213 306 293 251 1394 545 1427 498 2644 1478 101 375 1610 1556 2508 2124 466 2546 1061 962 752 430 2178 2323 2279 2228 1335 1015 444 2062 2370 252 1883 175 1746 1182 2128 2169 163 2066 1024 125 388 1026 1175 473 2674 1637 2806 531 454 1022 2381 1168
753 2398 1008 478 1220 628 108 936 2407 346 1022 2821 2690 2467 467 402 363 1378 655 758 2505 2465 389 430 452 2765 2301 2611 2687 89 471 2634 786 1039 138 1026 1048 840 752 1438 464 1706 1918 331 2632 1730 2285 52 1655 2142 216 1018 782 1303 1465 241 1024 504 1662 643 484 1692 2244 412 561 724 2059 252 1829 2429 1921 2279 999 1612 858 2061 1647 1972 2402 721 1472 1475 726 2236 1503 1831 1395 2806 1929 1216 534 927 1789 1648 1756 1275 53 1506 1912 295
1944 1055 2294 2728 494 2207 725 2319 2057 2719 1899 2291 657 574 2708 2558 2435 146 1185 1874 677 1777 1825 1223 647 2683 447 2580 2639 790 692 686 2292 2766 2598 682 1452 2436 165 2183 804 2569 2438 1076 2286 1868 1477 329 140 2248 1464 2825 67 2813 1639 627 1986 249 491 2393 1962 2583 974 1012 1810 1406 948 1592 1056 2068 2509 1067 1937 2121 2665 2382 722 202 2736 1001 1586 1897 79 497 1075 137 1725 255 2741 939 2089 2809 2350 637 526 504 1486 1473 899 1029
776 353 2474 98 196 1643 585 1625 1864 1819 2067 2081 2462 2353 2334 910 869 2361 1042 2103 1963 1402 809 2256 701 381 233 1600 781 2027 69 2460 871 2264 105 2363 2611 295 1667 1124 2806 1973 758 2053 1037 125 1475 1472 2803 2505 2465 389 2236 175 643 1715 484 1465 467 936 1831 2687 2061 2740 1647 1972 2598 1395 2634 1275 138 734 2429 2059 1335 1655 2436 1827 753 1187 2406 108 711 553 806 501 840 505 1708 2164 721 225 391 363 534 2814 1932 1612 1692 129
1275 295 1929 2806 1730 2236 2687 1475 2301 999 1124 484 726 1662 2059 331 2429 655 314 2053 2407 1024 1037 53 534 2285 2470 1008 467 268 2765 822 471 131 1875 1503 1843 495 1140 1465 344 2531 504 33 220 452 806 786 290 2565 2244 346 1941 1438 52 1039 89 2343 363 418 1220 1500 780 1481 858 1852 752 430 1278 391 1022 2557 1216 252 108 1050 2142 449 1706 464 2693 753 2398 1655 1829 936 1262 628 402 1612 1918 2698 241 1789 1506 216 1273 225 927 1568
2414 1177 107 1669 1104 2604 2550 1507 2641 2176 55 728 397 1194 2754 575 2019 2395 1691 1016 584 1482 373 2383 441 1523 845 2695 2080 2326 1244 2360 2136 2234 1028 2159 2233 393 1120 1646 2254 457 1450 187 2630 736 1734 1678 1147 1259 2297 2192 2637 2805 462 2752 2106 1372 2733 830 2347 1626 2586 1382 2780 2368 357 863 1805 2211 1959 2525 876 2518 1690 1467 775 2605 1611 2621 2447 1832 1517 2684 794 1014 2275 818 279 2166 2345 469 2802 235 618 367 2597 1099 1273 339
1721 12 1473 1876 2809 140 1868 1452 2580 1777 2708 1185 864 994 526 1899 274 657 769 508 523 68 1472 553 608 2774 2286 1895 670 2144 2435 1117 705 1302 2812 1339 31 671 2062 2316 2164 1708 1831 1141 326 239 175 1335 847 146 1475 858 1240 655 458 1274 2236 533 2500 192 1725 433 2028 1974 28 872 1275 1655 1972 1780 580 1647 1781 532 1692 331 1627 505 159 860 2017 1021 1961 313 1029 252 1956 1187 1896 152 1127 2061 734 1026 561 1273 503 2698 1356 245
2269 2139 299 428 2833 2371 2092 2576 2776 2797 1549 2455 352 741 1009 1982 264 837 2189 2844 1815 2484 667 1159 2063 557 1539 2731 403 685 1925 1619 879 641 2385 1814 913 2403 1863 1735 1373 226 1571 262 2771 1862 307 888 2138 1349 2100 2213 1589 1 1520 2727 1524 2399 1242 203 551 2226 1122 1295 891 1060 2412 537 1807 317 2486 2215 573 991 687 234 2460 1338 846 2431 1622 2473 17 1572 2811 795 342 642 600 1629 1509 961 2266 1816 867 2255 267 1291 1238 2468
113 1505 27 2137 1248 1274 1127 1961 1780 822 2311 1356 1435 625 679 1598 449 1021 525 383 2017 2316 1168 1299 200 618 654 131 1781 1240 239 2091 49 2070 2164 1503 2794 245 1141 209 838 858 252 139 408 356 2280 2173 799 296 1282 2531 2669 2396 1262 2025 344 1011 455 61 1787 207 2232 192 2693 1568 495 653 1187 2406 1875 533 1500 2715 268 1648 1843 33 290 31 1273 1873 1612 2142 1941 225 2279 1024 1755 1715 2698 580 326 331 241 1967 1635 390 2565 1924
2141 621 183 171 815 1365 2152 2502 909 214 785 1605 959 1987 84 45 941 106 2056 1139 2503 1251 2263 1927 1866 2522 2197 2182 2760 2401 2608 1113 1364 236 506 96 1032 189 2060 2612 1064 481 2831 565 894 150 2554 1171 2841 1217 1661 419 1632 1286 1844 2153 2751 2567 22 2705 1458 1214 1525 270 1283 2109 1953 309 398 2720 2761 2048 1013 1960 762 1768 2348 620 244 75 1726 1560 43 2386 2188 1108 1004 957 1336 396 2497 181 2627 198 644 2442 971 2160 1280 2678
2707 1623 1054 1679 1328 1444 1663 947 1649 169 2011 2837 645 445 2836 2840 1782 1617 2767 712 2130 1045 440 1253 2050 735 179 1029 1422 1640 1261 2287 1993 1552 2241 1381 550 1544 1860 123 319 1658 2439 134 1710 2631 932 900 1218 518 2588 2150 2628 724 197 463 1840 194 2375 992 2133 1489 1307 2352 563 2046 1051 860 2076 497 1417 1701 2482 1486 1788 1369 1208 2632 965 2735 1636 906 1437 51 769 1026 1948 161 1048 2289 2454 2714 674 628 1543 259 1416 2649 173 1870
1113 1144 1661 1371 474 2507 851 1757 40 882 1960 629 2571 986 281 2677 2572 1298 482 2116 396 2627 592 1255 481 1280 1084 2678 1425 2261 123 2245 2503 1525 1336 2569 454 2194 957 815 270 2573 1592 1232 1090 941 1987 1013 2109 37 682 1064 762 350 84 1616 491 2030 2494 770 42 2386 661 2427 2720 443 122 2183 8 1315 1320 586 2303 2438 1198 275 356 2212 647 1327 1687 92 1865 856 1671 2535 2197 2089 1282 2402 327 670 1199 2232 2056 1011 408 1641 653 1647
1223 574 2291 2683 494 2057 2639 1874 647 2435 146 1899 2708 657 1185 677 1777 2569 2438 682 1944 2183 1592 491 686 329 2598 2436 2580 2286 974 1464 804 140 1868 948 1639 1076 2393 2813 2248 1452 1937 2382 1056 598 1477 2499 1725 1055 368 1931 444 1555 939 2526 2220 1433 2089 2445 526 864 274 2051 994 482 2704 508 608 1330 2427 255 531 1439 790 217 2359 2294 1942 1274 2440 670 159 1998 2053 1127 580 326 295 271 1876 2062 390 2806 31 1273 1892 1408 1635 1293
463 197 550 1029 1422 2375 179 1710 518 2454 348 1369 26 2769 925 2649 480 1993 2714 1870 735 1489 1701 2050 1617 2538 663 1417 860 440 2840 1045 1788 2130 712 2767 2482 134 2289 2650 900 433 2836 1782 2631 2556 445 1895 2133 2088 260 769 1437 1486 2588 1640 645 2011 319 2241 161 2837 1328 1552 1663 1381 169 947 1658 1544 1649 2439 1444 1054 2826 563 1253 173 932 559 1307 659 2419 2735 1983 2076 1679 1208 1148 2544 906 674 259 2707 168 2652 1428 2082 965 1386
2043 650 2666 2171 2810 2816 475 2346 1916 1723 1891 807 1153 411 1570 1603 1188 922 1260 759 1697 1456 2643 546 6 285 1702 1221 582 1083 1284 1541 820 1858 334 1761 468 750 829 1865 732 620 122 1227 181 298 2313 956 2387 2194 1882 1797 37 2261 229 669 476 980 1884 2268 372 1285 2118 758 389 2634 2476 125 1018 138 2179 782 973 840 1537 1048 2167 2632 129 788 456 661 448 501 1281 1262 1610 1472 1972 721 1062 533 1912 2611 324 455 467 108 1026 2232
2528 1656 2044 1934 2501 2411 1644 2817 1624 2790 1102 188 1407 817 611 1926 85 2300 221 943 2832 987 1319 312 1405 2082 635 556 1386 2270 547 1752 1146 134 1796 1422 950 2397 4 2556 2545 463 2034 2574 1369 1202 606 712 197 1092 925 2826 2419 2084 1983 659 550 2652 559 26 1617 970 1799 1437 978 1870 1339 1414 2454 2714 348 1208 2649 480 1029 2424 1190 2367 1627 1240 2011 1468 1117 1782 1552 1428 2724 1417 1274 259 2606 2200 1307 59 489 51 1710 1302 1640 2769
1829 1303 430 252 1972 1647 721 2061 2402 1037 1921 412 561 1395 2279 1756 1317 805 1755 2053 1124 655 1050 1967 1635 390 1024 159 1822 1143 1140 331 653 1118 580 1293 326 1097 1715 858 31 799 2715 2693 2765 314 1612 1216 220 1918 1299 1168 1506 1273 2236 1568 1503 1262 1662 2232 1475 1187 2406 2531 533 2698 1011 770 2062 999 726 2301 455 484 1648 670 1275 295 2429 2059 504 2142 1248 2407 261 1435 2311 1598 1008 625 679 2137 138 1356 344 2343 1789 927 1831 471
2843 257 1731 1800 1138 2613 1707 1645 2609 742 1871 288 519 1526 2516 2377 1527 1894 535 2145 416 1779 406 1442 749 1068 1385 1969 1511 1992 821 410 1007 773 811 2763 2102 392 1079 1325 2788 301 2290 112 1110 1174 1379 1455 730 678 2730 2341 365 1670 2299 2746 937 1794 2492 774 435 1968 673 2549 2005 2006 1005 2196 2680 1913 1243 2364 593 1131 2417 338 855 2697 544 1094 1040 1936 709 538 1466 2560 2219 1309 2830 2151 1581 336 434 253 2251 1419 881 1311 1573 1142
1083 1702 732 2643 6 546 582 285 1221 759 620 1260 181 1797 922 807 1858 1697 468 1188 2194 2313 2261 2476 1227 2807 229 1456 1318 1865 1768 2048 1570 411 1882 1380 2043 122 2425 2816 1284 475 1560 2167 37 2171 636 476 661 2666 669 1916 2346 1153 298 2810 650 1723 2268 1761 1891 829 2168 2278 1536 448 980 2118 387 1610 1285 1884 2761 1603 973 1199 2188 2688 644 1763 758 971 389 2720 1537 1015 936 1726 281 2687 1139 455 2465 2505 1018 418 2442 2611 2690 2467
848 1830 702 1114 931 1107 903 768 1310 1908 1340 1767 2471 2601 284 2388 65 990 502 1235 835 2276 2624 688 1512 126 103 1845 578 1323 297 1608 1254 522 684 1391 250 1720 1821 1413 1186 1975 2314 2667 533 2144 225 2316 2061 705 2557 655 561 2181 331 771 1974 2119 532 1302 1465 1972 68 175 2017 553 2236 216 1827 999 1921 2402 968 721 2028 2689 1647 258 81 587 769 200 534 872 806 2283 2742 726 1917 1532 1117 780 2370 1187 1335 1706 1021 1475 1875 2228
269 1548 1747 889 1443 1833 1938 2686 770 1320 2496 211 2532 277 2702 767 1989 258 1460 2045 747 2755 1584 2023 369 852 2818 1718 2134 951 471 655 1472 1438 295 2806 2687 430 356 1662 786 2236 2232 2538 2429 782 108 2556 363 1974 2061 1275 1598 2075 1756 2053 1568 625 1929 1475 2398 2 1018 1317 1293 580 806 2690 216 1008 643 1026 858 753 2289 402 331 838 1022 1282 2301 1787 1831 1097 1048 326 484 628 670 1050 31 2632 2774 1220 504 1465 1730 1655 1124 209
1697 922 1188 759 2268 807 2643 1260 1858 2167 546 285 6 1221 1702 582 468 1083 1456 1865 411 37 459 732 1284 122 620 1763 1090 2313 229 1082 586 1308 181 1797 1570 2043 2816 443 2194 2171 2666 475 650 2261 1153 298 1227 2346 1916 2810 1723 1006 1891 973 448 1285 1882 1610 1884 980 2118 669 1603 476 1015 829 1761 2476 1537 661 1380 2706 2168 1560 2807 1768 1318 2048 820 2425 758 389 936 138 2611 1140 1612 1918 2468 2505 2465 1124 1425 2467 455 2398 1921 724
1956 2028 532 671 1704 696 1532 1339 152 734 2099 1708 847 330 458 313 1741 2479 2674 2819 1896 2742 2557 2191 2500 849 2283 261 2597 1563 2773 354 505 120 1827 1117 523 28 2181 587 175 238 2250 705 2177 2365 972 2552 92 1010 2534 1302 1376 2689 503 81 2228 670 2119 1974 2370 2681 772 2193 2814 2812 711 872 1461 2527 1746 1327 2212 2343 2716 2199 1099 1680 1917 2764 1240 2592 1111 1335 602 2774 2052 968 1297 633 1873 2610 2770 68 2322 2144 1961 2513 740 1332
1113 474 1144 281 396 2627 481 1425 2677 629 1371 2507 1987 1661 815 851 941 84 2823 1757 2245 907 882 454 1641 167 1960 1217 40 1198 2494 543 986 1232 2030 1979 275 2503 2303 423 2573 482 117 327 2571 20 1802 2791 104 1139 1687 957 1205 183 2141 1866 1591 2720 1263 1280 1199 1922 1449 946 2678 2263 2761 2623 1064 2726 1423 2203 1400 1865 1880 1184 909 1365 2152 2807 1084 531 205 2620 2359 2572 953 2688 1954 1536 2562 1183 1525 856 2109 1502 1726 2194 2162 45
1870 2769 925 26 348 2454 2649 1369 2538 480 2714 663 550 518 1422 179 2588 2638 2556 463 735 1701 2130 1417 1489 197 1710 1788 2375 860 2289 1029 1617 433 2840 134 2050 2650 1045 2011 2123 720 1640 1776 712 563 445 2826 305 645 51 1453 440 439 64 1859 2133 1569 1782 259 2544 1665 48 2631 2836 769 201 2419 746 2632 1543 77 1983 260 559 421 367 1358 1054 900 1552 1328 524 2721 2397 2767 562 168 1627 805 1092 1345 1048 628 390 1635 1755 1649 1307 2004
1298 2542 617 1346 940 1434 1343 1561 1535 2242 2737 949 182 1019 540 2112 1004 1773 63 783 1333 832 1631 1103 2022 407 1693 310 1999 499 2827 1712 1161 1513 983 2656 75 1760 1847 291 1795 2129 1743 2149 2441 1590 2190 1093 1593 695 766 149 2238 1087 93 328 2497 1176 60 2000 1137 1785 198 954 2016 614 895 2202 898 148 2759 2521 1397 179 2649 1749 2745 480 2454 925 689 2010 2769 2690 2768 1685 1856 1207 1870 420 1369 95 510 1228 225 2025 2714 720 2538 2330
676 88 1476 2745 2202 1914 1713 1116 1856 2523 2422 683 2111 1714 34 2180 2547 1224 824 1178 1838 576 2700 47 1990 1749 95 596 1672 132 465 2785 1176 2190 2441 1836 2437 695 2129 2016 1743 2827 983 1483 310 2317 1057 1693 44 1228 16 376 1449 2149 1447 1795 2656 1183 2555 1631 2058 2249 1469 1073 751 603 1732 2605 2275 830 1450 1357 1620 783 1760 2630 1785 230 1467 275 149 339 949 1601 1161 1019 187 1712 1036 1678 2495 469 60 96 2752 1646 1304 2557 63 2239
1624 1644 2528 2411 1934 2501 2044 2817 1656 188 2790 1102 817 1407 611 1926 85 2300 943 221 1319 2832 987 312 1386 2082 1405 2270 556 635 547 59 626 2389 1202 1752 1545 2367 1737 1799 950 4 1146 134 283 1468 2397 1437 2034 826 266 463 900 197 904 1208 1313 1796 1369 1710 2545 925 2477 712 2419 1422 2836 2826 2011 1029 2574 1489 2606 1486 1983 1782 970 2652 2358 674 1339 659 2714 1701 2050 1092 550 1640 978 559 2200 1552 1307 524 2076 1428 2337 2515 1870 1417
2843 257 1526 2516 1707 2145 1731 1138 1779 406 1894 1511 742 1871 1442 1800 2377 2613 1385 1527 1645 1007 1325 1992 1969 519 2102 535 773 2763 2609 288 821 1068 749 1455 730 811 410 1079 1466 112 338 1110 709 1379 2290 2788 1670 2730 1516 2341 2549 365 2219 544 1243 1131 937 2299 678 1794 1311 186 2364 855 1783 1005 336 1968 1174 435 2746 538 1498 2151 253 2560 1581 2005 1020 1040 1309 593 2830 870 434 610 2006 2492 2680 774 881 1913 1094 301 1850 673 248 392
472 1803 1811 1167 2444 1355 1509 1059 2758 127 551 1060 1862 2013 2710 1069 1524 147 203 1607 2820 1629 1341 577 342 1530 1078 160 2266 2738 2468 2094 1421 2595 2213 154 2740 888 166 226 1324 2835 2771 405 1373 1101 867 1828 273 262 2385 2749 1295 1807 2811 716 991 38 641 2781 2205 537 2692 2431 1863 1925 667 2614 2481 1242 1619 2104 879 385 1988 1982 2412 1964 1735 1939 2255 2524 600 299 814 795 1815 557 1338 1025 2371 317 685 2776 2675 1258 741 1995 428 2138
2045 2755 2023 1584 258 747 2496 1320 2161 770 1443 1833 1938 2075 1029 1747 1972 1303 89 721 2402 1829 2061 711 2610 503 430 1756 2735 561 2177 412 2774 1335 1647 1921 2144 553 463 655 1293 2812 1317 1974 159 326 2789 1395 1039 968 1097 805 523 2597 2279 507 1022 2062 331 2632 2611 1143 31 1789 580 1461 2770 1755 840 533 1568 402 235 1118 1655 771 138 175 643 1048 2316 2715 999 1822 1831 108 261 478 1018 125 1746 1140 1416 1220 653 252 220 2505 2465 654
2045 2755 2023 1584 747 258 1320 2496 770 1833 1443 1938 889 1747 2686 2161 269 1548 211 1718 852 2532 2075 2134 2545 1051 2622 1460 1989 2774 2061 1921 31 1029 1756 1317 1972 1472 1829 2556 1293 2402 1018 2119 1240 721 2715 523 1974 326 1647 1097 331 580 2690 430 159 1335 2770 1187 2144 2236 1395 670 533 2062 2467 2028 504 653 1827 1022 847 1141 1692 1635 655 1011 478 1961 252 726 1303 503 1461 654 390 782 1822 2232 2812 1438 1026 587 1789 1302 108 1755 1831 367
1570 1221 285 6 582 546 298 922 759 1702 2643 1083 807 1697 1260 732 1232 475 1916 620 1723 2706 2346 1188 1858 1891 122 468 2194 1797 181 1884 980 1285 2816 2118 2261 1456 882 1284 1610 2313 973 1865 1537 1015 37 2171 1768 2666 2810 650 2268 1227 2048 448 2043 2807 1882 690 411 1139 1380 629 229 1080 1318 2476 2677 23 2167 594 40 1199 1960 1502 661 636 510 1560 281 1922 2179 2425 117 459 851 396 2152 1198 1536 1603 2761 1738 420 1254 2494 1153 2791 669
1563 505 28 238 2250 523 2479 2500 2181 175 705 1827 2552 2283 2689 1896 2534 2819 849 120 2365 313 1708 734 458 2191 2716 81 1532 2674 587 152 2099 1741 847 2370 972 2557 2193 1339 671 92 2773 330 2597 2742 2119 354 772 2681 1111 2592 602 633 1746 1010 532 2028 2052 1332 740 2237 1956 2322 2228 696 1704 1680 2177 1917 2527 2199 1543 503 711 1376 890 1109 261 2809 1335 1873 1297 1852 872 1099 1037 1117 2306 1124 649 2610 1831 1655 2062 68 927 1472 2144 2764
671 1532 1339 152 734 2099 532 2028 313 458 1896 1708 2819 1956 847 2674 2479 2191 1741 2500 849 330 2283 1704 696 1827 2742 1563 120 2557 505 28 2597 238 2250 523 175 2181 2773 354 705 2365 2552 587 2534 2689 81 261 2177 92 972 2681 1010 2716 2370 1117 2193 772 2228 2119 1917 2527 2199 1376 1746 1302 670 503 1974 2812 711 2052 1111 1461 2592 1873 2764 602 872 1335 633 1297 2814 68 1099 2144 1680 2774 2610 968 1327 2212 2343 2322 771 2770 1961 1240 740 1332
2141 621 183 171 815 1365 2152 2502 909 214 785 1605 959 45 1987 2056 1251 84 2522 941 106 2197 2182 2760 1139 2503 1927 2608 1364 1866 236 2263 2401 506 1064 1113 2831 565 2612 96 1032 189 1844 2060 894 1286 481 2554 1632 2705 1217 150 419 1171 1661 2153 2841 22 2751 1458 309 2567 270 1013 2761 1283 762 1214 2048 1336 2720 1768 2116 1004 1960 1953 398 1108 333 75 2188 1560 949 2109 620 2425 2497 43 2160 244 2386 5 1525 198 2348 644 971 181 396 2112
534 2059 2429 53 806 1465 726 1481 418 2244 780 484 52 999 2470 1662 1475 786 2236 2301 1438 314 471 331 655 2407 402 1124 2053 346 467 363 216 1008 391 858 2765 936 1024 452 1220 1278 1852 478 1140 1037 1022 1216 2690 2821 430 108 2398 753 2467 2693 1050 1275 1378 295 89 389 2687 758 628 1918 290 2285 805 1730 1829 225 61 207 1317 1648 2634 2505 2465 1755 1967 1506 390 1039 1635 1756 1929 1612 1715 1924 2806 2698 1273 1780 1921 840 344 464 1706 1026
1570 922 546 582 285 1221 6 1697 807 759 1260 2643 1702 1083 732 1188 1858 298 475 620 1916 2346 1865 468 1723 2816 1891 1456 2171 2666 650 181 2810 1797 2313 1284 122 411 2043 2268 1884 1285 2194 980 37 2706 2118 2261 1227 1610 2167 973 1015 1882 1537 1153 448 229 459 1380 2476 1603 629 1763 2807 1768 454 1090 690 1082 1318 661 1139 669 1761 476 1199 586 829 1308 1560 2677 2425 281 2048 1080 2168 882 820 23 443 275 396 2348 167 2768 2841 2179 117 1541
2792 118 567 1791 998 919 1583 1179 515 808 1354 952 2491 2328 1579 1769 887 2778 2065 9 841 1578 1977 639 945 2647 2252 1920 1531 778 2682 114 1651 382 2711 748 1063 1970 2729 7 1470 517 1854 975 819 1657 1851 1770 930 1667 928 982 227 2379 763 1585 1271 916 1211 2575 2793 2310 2225 2723 151 1367 2042 923 1368 2304 2097 1239 2459 1528 2416 492 776 2349 2559 2618 2488 503 381 390 2460 1715 2406 98 1635 2334 711 1643 1302 1819 1967 2298 1154 2693 121 1972
1505 113 27 1248 2137 2311 1435 1356 625 679 1274 822 1598 1127 1780 1961 525 383 1168 1299 654 449 2070 1503 858 252 1781 131 1141 49 1021 2017 2316 200 245 618 239 2091 1240 209 139 2164 2531 838 408 2280 344 356 2794 2173 2669 2396 296 1282 1787 61 2025 207 192 2279 1011 799 1187 2406 495 1875 1500 455 1648 1262 268 533 1843 225 33 653 2693 290 2232 2142 1568 2715 1941 1024 2565 1873 241 1612 1273 31 1715 1829 1924 1755 2285 2698 1506 1789 1303 412
485 1175 727 1951 1306 1334 589 658 2323 1798 962 1230 1361 572 2787 395 2644 2054 529 2546 1115 2277 545 646 1213 2066 2113 1389 1683 2178 1801 1451 1394 304 853 1300 426 1197 1559 2000 1597 634 2430 803 2759 1689 24 2143 2024 2540 374 714 2579 1928 2409 898 1166 789 2072 1558 293 1427 895 251 93 614 1561 581 2022 1137 1207 1590 1106 101 1900 215 436 240 1883 1333 148 2521 1397 364 2040 420 2381 1738 737 2242 2768 1488 2656 2502 1087 2504 1605 2179 2494 953
1810 2509 202 2121 1075 1001 1012 2350 2583 249 67 1406 627 1944 494 2708 2435 1055 1780 1127 1874 31 2144 1924 316 963 653 1725 2057 2728 1223 725 1274 657 2291 1029 2628 2693 61 367 553 2294 1050 726 1216 192 165 390 2486 68 1475 574 899 2236 1775 1099 235 1438 670 331 1441 326 999 471 1710 216 344 314 677 2669 890 1024 771 872 200 1635 162 1472 225 580 2316 2813 2698 2279 134 655 1899 1555 1692 1021 207 618 1967 1822 2070 368 1273 33 623 1051
1096 1948 1416 1897 1362 1586 497 992 2046 1051 2272 194 2352 2815 1316 1496 2556 439 1636 2721 64 562 155 1993 1029 48 712 51 305 1974 1972 1640 1048 1617 2632 1860 711 1663 1569 721 2402 1018 782 2061 2836 1317 715 2011 2735 1307 1756 1395 1045 671 125 1303 1782 1961 805 772 2082 645 1912 1755 1097 159 1328 1293 532 2840 1381 1335 1218 580 2270 628 108 1552 2767 2017 2119 1710 445 2812 2241 2316 1921 326 1730 643 1647 1655 1021 561 2774 1746 1831 1281 1444 2228
2055 1145 1023 141 2098 401 453 2747 2163 1047 99 612 208 399 1510 1628 1976 595 1872 73 2587 823 981 1599 461 2126 2655 2074 380 437 1233 760 1717 477 2469 1160 731 1784 174 2775 694 72 2009 1163 2636 1085 1415 2679 172 2829 164 1241 156 816 1903 2122 460 177 2362 2722 2577 2557 2177 1376 1756 805 696 2789 1972 1317 2061 478 1921 1715 1955 200 799 1967 1873 972 1755 552 1395 326 402 2674 2301 313 1635 1275 458 655 2812 533 152 2552 721 430 225 654
569 2090 988 193 121 2032 370 2047 1189 56 1065 323 571 680 332 340 536 2415 1793 427 2568 2421 2217 500 1041 2333 1268 901 2117 1499 2423 1335 1635 653 553 2236 2099 2693 580 2119 1475 390 2370 2053 1827 2083 2144 2674 1715 1967 2406 1302 33 159 68 1741 1050 1117 1896 1092 2687 503 955 734 2689 1414 2365 2228 2764 2164 999 1831 92 31 2283 175 618 2479 330 587 2316 484 847 2181 1917 1655 2513 2059 2773 2500 1662 2814 1910 1647 1143 705 261 2681 1781 2343
428 299 2371 2776 2269 2139 2576 1549 2833 557 2092 1982 2797 1539 741 352 2455 2844 1009 264 837 879 2189 1815 1242 2484 667 1925 1619 2063 2731 1735 1159 2460 1816 2175 403 641 2385 226 1863 1373 2771 262 551 888 1295 991 1807 2403 273 2104 2524 1571 2363 1814 1509 2226 577 342 147 1524 687 2595 2431 1366 891 1862 2100 1589 2266 1480 1349 2138 1122 2517 685 573 913 537 846 203 2468 1167 867 2215 642 2486 17 1355 1291 1238 317 267 1803 2412 795 1811 2094 1530
1788 1417 860 1701 1489 2289 2650 2375 433 197 2482 1710 1895 1029 769 161 463 173 1870 26 2454 2649 348 1369 2769 925 2538 2714 480 1422 2840 663 179 550 2556 134 1993 900 518 445 1617 2767 1253 645 2588 1045 735 712 2050 2011 2130 2735 965 2287 1782 2836 440 1775 2133 2161 1437 2631 1486 1552 319 2088 260 2241 1381 2439 2837 1640 1328 1544 947 1658 1307 1564 169 1860 563 1663 2076 1054 231 1627 559 932 2082 1679 1181 906 1799 606 1649 643 331 1208 655 489
1037 430 1829 1303 1647 1972 721 2402 2061 1921 1756 252 1395 1317 561 159 412 805 1293 1097 2053 1822 1755 1143 1118 2279 326 580 31 1050 653 1635 2715 1967 390 1124 1024 1715 799 655 220 1273 331 2693 1568 1140 2232 314 1011 2062 2765 670 1612 261 2698 2236 1262 1918 504 1216 2406 1187 1506 858 2343 2531 1662 1299 1168 455 1503 1648 2783 1475 1477 533 999 726 2301 2137 770 2142 484 1789 822 1831 290 927 1655 2059 2429 1275 1248 138 2407 295 344 1435 2311 1929
2433 2309 1453 2713 1490 2376 1901 201 1860 2545 2034 1796 100 1569 715 2721 48 64 305 562 439 155 51 1640 2556 1948 1316 1496 2631 2272 1051 1416 168 2352 194 1965 2826 26 1870 563 1878 559 2769 2649 2088 1123 1369 659 2714 2454 663 348 925 518 1636 2419 1986 480 2553 704 1840 2007 1046 2538 231 2004 260 1307 259 1148 1665 550 445 689 440 720 486 2672 2840 2652 134 674 1096 1983 2708 57 712 1848 197 1584 2650 2229 2513 645 978 1428 2343 2155 746 1414
645 2011 445 2840 2707 1617 2836 1054 1328 1623 1679 947 1663 1444 1649 2837 169 2767 1782 712 1045 2130 440 2050 1029 735 1422 1253 179 1640 1993 1261 2241 319 134 550 1552 1860 1381 1544 1658 2439 2287 1710 932 900 123 197 2631 2150 1489 463 518 860 1701 1788 1417 1218 2375 2628 2482 1486 260 1437 1369 1840 2088 2133 2714 480 2454 2649 925 348 1870 2769 26 2538 433 1636 2289 1307 992 2076 2826 2650 51 1208 2046 559 1895 259 1051 497 563 194 2652 674 906 2735
2719 2319 2292 692 790 447 1962 2766 67 627 249 1012 1406 2583 1810 2825 2509 2121 1001 1126 2736 1075 202 442 2350 1944 1055 2728 2207 2041 2294 2506 1462 494 97 1452 2291 725 2558 1899 116 165 2057 1185 2580 1777 2598 574 1825 1639 2436 1868 140 804 722 686 1212 2665 521 255 146 637 1067 125 2068 2435 1923 1472 1775 324 200 1018 1062 618 2286 129 1648 1961 329 2445 1029 677 1076 2735 2708 1187 657 2809 1813 504 2393 788 2406 194 782 1486 137 1130 2657 2632
1788 1417 860 1489 1701 2289 2650 2482 433 2375 1710 197 1895 769 161 1029 173 463 1993 134 2840 1253 900 965 2287 1775 2767 2735 445 2133 1617 2454 319 1870 348 2161 1369 2649 26 1437 645 925 2714 2769 2538 1422 1045 2088 480 1486 260 712 179 2011 2050 2130 2836 231 735 550 168 663 1552 1782 1123 563 2556 440 2631 1307 2076 109 1208 906 674 1663 2553 1148 947 1328 2826 2241 259 2544 932 2837 1878 1564 1444 978 2515 559 2707 1381 169 1054 1649 1117 950 1640
257 2843 519 1419 301 1645 1992 1800 1138 1731 392 2763 2613 1894 1871 773 742 2609 2331 1707 2102 1442 2145 1969 1779 288 406 2377 1526 1511 1527 2516 1385 535 2341 1007 253 1325 1455 410 248 336 749 2219 937 1110 186 648 811 1131 538 730 338 709 1498 1068 1243 1516 2746 1133 821 855 2788 94 2549 678 843 1466 1020 1079 1309 1142 365 1670 1424 2830 1454 2299 2290 1495 2560 1581 434 435 1174 2364 2151 1379 1794 1311 1850 610 1968 1573 2251 2005 2492 112 673 1783
1447 2317 44 1483 16 1469 376 1057 2785 1749 2249 1914 761 1672 1449 1990 2437 1631 291 2700 1836 1183 1224 1178 2058 95 2555 47 2180 1116 683 2745 1713 1838 2202 1714 1856 1727 2441 676 2111 834 596 2190 88 1476 1277 2523 824 34 2827 2422 576 1743 983 1176 104 2547 1632 783 832 96 2554 465 1032 2153 894 419 1535 269 2129 1286 1103 310 132 792 1927 695 189 2053 2232 580 1568 83 1282 2687 2096 1037 1844 1593 2091 1781 245 1124 356 625 1662 115 295 455
2064 1290 1518 631 2282 662 2596 1909 1613 2140 921 2796 984 1906 2049 2392 394 1017 451 1301 1058 1981 1604 1567 446 530 908 1879 1002 1119 1237 2357 1978 1396 1331 1105 813 355 1554 2257 1614 2696 2093 1673 1370 243 2262 1621 942 2085 852 1384 966 2660 1718 1676 660 1742 124 2543 2642 2782 337 2458 2537 1808 2446 542 897 1404 1587 708 1155 1495 2600 651 1100 666 527 599 2763 2274 237 700 2045 716 2801 144 2692 2675 360 186 1278 54 996 2530 1584 606 1491 2205
2716 2552 2479 2689 2365 2181 523 705 81 28 175 505 1563 238 1827 2250 2534 849 92 2370 1708 2500 2283 2819 2191 587 120 1896 313 458 1532 734 2557 2119 972 152 2773 2674 1741 1010 847 2193 2099 1339 2228 2597 2681 772 1746 2527 330 671 2742 1917 354 2177 1111 2809 2592 602 633 2199 2052 532 2322 696 2028 1332 740 2237 1956 1376 1680 1873 2764 503 1037 1124 711 1543 1109 771 1704 890 872 2144 68 2789 1852 2610 507 968 1099 533 1929 2806 1730 1117 1335 1302
1911 2362 1387 144 1682 2318 2512 1479 2691 1200 2420 320 222 2218 850 1436 1504 2355 99 1305 1790 2156 1098 836 2645 2432 1321 2096 897 1638 1933 1709 935 755 2342 1806 1736 2071 2450 2750 2201 1621 1052 1676 2452 2642 2446 2537 612 599 2689 533 61 459 331 53 1697 771 225 705 1924 999 207 200 796 290 2394 553 192 666 1327 2061 1875 2557 2552 2212 2774 734 561 671 2236 1435 532 806 33 1044 534 655 726 2028 2500 1972 2429 1475 1956 1715 2144 2181 849 1974
2550 1507 107 2414 1177 2604 1669 1104 2641 55 2176 728 397 1194 2754 2019 575 1691 1482 2395 584 1016 2383 2080 1523 373 441 845 2695 2326 306 796 1647 1303 2632 2360 2062 1182 430 1972 2595 2402 531 721 1022 2136 252 1789 628 2630 1026 1829 2279 2465 2505 2233 1220 1655 2061 927 1273 1293 2508 1568 1048 125 1275 138 1831 2774 1018 295 788 1297 89 858 331 1955 187 1299 108 1010 2557 1168 1140 412 1097 501 2687 220 782 1335 2254 1692 726 936 1746 1612 1024 457
1742 2458 966 1495 1384 243 607 1554 1370 1396 1105 355 813 1002 530 1604 1614 2600 2257 1237 1673 2696 1705 446 1567 1301 1331 1681 487 908 2049 1017 942 337 1981 2543 2085 1058 451 2660 320 2140 2369 50 1893 2093 1031 2782 54 710 1287 984 542 1978 921 2803 2664 1739 2843 1853 2259 1565 1695 1000 360 1676 175 144 2064 975 1508 660 1290 2452 2598 2394 2193 7 2500 711 1528 523 1896 2436 2283 2597 2262 2228 2773 772 1827 2181 28 503 505 671 2361 1335 1741 734
304 1213 2178 2066 2113 1394 545 1389 2546 1115 1801 529 395 2277 2022 1353 1683 2644 1300 572 962 1175 1798 727 1951 63 658 1230 374 589 803 1334 1451 485 1306 1333 2759 436 2579 737 215 581 2323 101 1361 2000 364 1900 2040 1883 2768 1019 989 341 2054 251 1559 420 117 2504 1184 2114 953 1397 1106 328 1738 2179 2494 1502 1922 2242 2381 2238 2521 2841 924 2203 1471 148 510 1641 240 1979 594 1427 1487 789 1898 1423 766 531 898 396 2346 1225 1205 2154 1916 2303
431 2510 70 1035 2772 2478 2077 1125 1753 2777 2561 2161 1839 1759 1834 2757 18 951 315 2015 2622 1557 1390 1252 1165 601 2302 1842 2818 2 2663 1980 2685 191 1938 767 277 1747 2315 889 1895 2755 2702 769 1443 2279 1833 655 430 161 770 1335 2061 2482 1391 2236 753 999 1008 533 1303 1829 2398 1475 1929 561 1972 412 1417 1026 860 2311 484 258 331 1248 2471 2496 108 1788 2402 1275 89 1701 252 1647 726 2228 1022 2314 1220 628 721 2632 1710 2686 467 2289 927 643
13 2210 1272 2520 640 1949 1754 1038 2421 1041 2671 377 2083 1910 323 2578 2428 1337 828 1429 56 2798 2539 2629 2335 2032 698 2047 1764 729 370 672 1189 2828 358 933 2602 1070 2570 1668 1374 964 865 2031 2120 2795 2221 1329 1399 1249 1952 2839 2640 2038 1266 2808 1049 1118 580 31 1822 159 1143 326 1273 932 955 2770 1461 2406 968 1974 331 2698 2053 2236 1050 963 1293 872 390 1635 1097 1187 1755 1475 2774 655 1216 316 2232 653 2144 1924 1164 68 314 670 2693 1274
767 277 1938 1443 889 1747 2686 1833 2532 211 1320 2702 770 2496 1980 2315 2685 369 1989 269 1460 1548 2818 951 2015 1252 2478 2777 2772 1125 1753 2077 1834 1842 2757 2 1759 2302 18 1165 2663 431 2622 601 2510 70 1557 315 258 1390 191 2561 2755 2061 2236 1475 1275 2045 553 1018 1972 1413 1655 782 2314 927 1831 578 2023 1839 2232 1829 2402 655 2406 1647 1248 1391 1472 1845 2279 1323 1008 999 1789 721 389 484 625 533 2144 1895 1302 1335 2632 125 68 2687 161 618
767 277 1938 1443 889 1747 2686 1833 2532 1320 211 770 2702 2496 269 2685 369 1989 2315 1980 1548 1460 2818 951 2015 1252 1834 2 2663 1842 2757 601 18 1759 258 2622 2510 2755 1165 431 315 1557 2023 2478 70 2302 2772 2045 2077 1125 1390 2777 1753 747 1584 2561 1895 1972 2402 2061 1647 721 2232 1831 655 2236 1018 1655 331 1472 2062 1275 191 927 2075 2406 782 2316 430 1143 1335 1822 1756 654 1829 31 2279 1008 2687 1248 1781 1302 1475 1789 1921 2311 389 455 1568 1124
1721 12 1473 2809 1876 1029 1829 2062 2774 770 1972 1895 1303 2402 1335 2061 523 721 89 1018 1026 430 252 2279 1472 2735 655 1746 788 553 2144 1647 2632 125 782 1789 2812 1655 858 1932 331 1921 175 561 608 533 326 464 2611 1293 805 2708 140 1756 1706 31 1297 2505 2465 654 927 1831 1062 670 1505 261 1187 501 2594 1692 1039 1248 2119 1974 2236 1182 504 994 2311 412 643 68 2552 1011 1923 1961 1755 2232 1475 1564 1097 1598 2228 2634 456 525 526 1912 864 159
419 2153 2554 1632 894 96 1927 189 2060 106 1032 1171 2751 22 2567 1214 2263 2109 481 2401 1286 785 150 1365 2612 1661 309 1013 1336 333 2831 2141 815 1217 84 2705 856 1139 861 762 181 941 2160 620 171 2197 2116 214 1108 1251 1987 752 924 2404 957 1283 1960 2425 2841 42 2502 1953 724 270 5 621 183 1703 1797 2720 2188 2398 732 2079 753 2152 586 1889 936 509 2562 628 2623 108 482 2611 43 2505 2465 1288 2442 2278 1363 1525 1662 2687 2048 471 644 363
734 1896 671 1532 2099 313 458 1339 2500 2819 152 2479 1708 2191 849 2283 2674 1741 1827 847 1563 505 120 330 532 28 175 523 2028 2181 238 2250 2557 1956 705 2597 2742 2552 2773 1704 696 2365 2689 2534 587 354 81 2716 92 2370 1010 972 2177 2681 2193 2119 2228 261 772 1746 1917 2199 2527 1117 1111 2052 2592 602 633 1302 1873 1376 2322 1332 740 1680 2237 1099 503 2610 1297 2764 1335 670 872 1543 1974 711 2812 1461 1109 68 2144 2814 890 2809 771 1961 2789 2316
2044 1934 2501 2528 2411 1644 1656 1624 2817 188 2790 1102 611 817 1407 1926 85 2300 221 943 1319 2832 987 312 1386 556 1405 2082 2270 635 547 1752 134 463 1029 197 2397 2574 1796 1422 606 1092 2375 2419 1552 1202 1190 2084 1983 2652 1414 1369 2424 2545 1627 1240 1339 2011 712 1302 2265 2774 1208 2826 1274 2034 978 526 1314 1117 1146 670 2606 1307 2812 659 2105 2724 1955 977 864 970 1710 847 1870 1640 1782 2370 550 1417 559 51 445 439 1617 2789 2454 1543 489 59
1113 1144 1371 1298 1661 851 1960 474 40 1434 940 2116 592 2571 2112 1343 1004 2678 2737 2572 1280 2507 1525 1336 2263 856 1757 1013 75 182 986 2401 1365 2162 949 882 1315 1084 2503 2612 2152 785 1687 2197 2386 1019 106 327 2573 762 167 2726 2567 1726 815 1712 482 2522 2566 454 1867 1363 1744 2056 861 1103 1064 1320 2623 1263 1927 1760 309 1641 1999 1217 1632 770 1352 894 1605 2030 2605 629 2109 1251 1232 2677 621 2245 1722 322 2497 1954 2303 2160 1333 96 713 1986
2707 1623 1054 1679 1328 1444 1663 947 1649 2011 169 2837 645 445 2836 2840 1782 1617 2767 712 2130 1045 440 1253 2050 735 1029 179 1422 1640 1261 2287 1993 1552 319 1860 1381 2241 1544 2439 1658 123 134 550 1710 932 2631 900 1218 463 518 197 2628 2150 1840 194 1307 2588 2375 992 2735 2133 1489 51 1486 2046 1208 1051 2352 2076 1636 497 563 965 1948 1437 860 1369 260 724 259 1416 674 906 305 1096 562 2272 559 2088 2632 1092 2826 1417 1026 769 155 1158 1701 2228
1882 956 1541 820 1761 334 1603 2387 750 1153 829 669 2194 661 644 971 2740 582 1083 154 454 389 2688 2476 758 1018 2465 2505 2261 342 476 387 108 115 1802 1011 782 125 1568 1536 2823 363 1378 89 1022 2188 2425 2232 2168 455 2402 546 1221 2690 1048 1921 138 467 1756 448 324 1262 2468 402 2632 936 1097 2749 1039 42 1395 2634 2467 721 909 501 6 1932 2687 456 504 840 1062 636 1124 2611 2623 1317 1140 1227 620 1972 2429 1647 484 1293 1662 2030 1037 1472
2141 621 183 171 815 1365 2152 2502 909 214 785 1605 84 1987 959 941 106 45 1139 2263 1866 1927 2503 2056 1251 2197 2522 2401 1113 2182 96 2760 1032 2612 189 894 2608 2060 1661 1364 2841 481 1171 2554 236 2831 1064 419 1632 506 150 2153 2567 1217 2751 565 1286 22 1214 1844 2109 1953 1525 1004 2348 309 2705 270 1712 949 2112 1283 1458 1336 1760 957 1960 1013 2737 2497 198 60 2761 940 971 2720 244 396 43 75 2048 1108 2188 363 2627 782 1343 2687 1018 620
18 1834 1842 951 601 2015 1252 2818 2757 2 2663 1759 2622 315 1557 1390 1165 2302 2478 2077 2772 2777 1125 1753 2561 70 191 2510 431 2685 1980 2315 1035 2667 2161 1938 1443 2702 1747 889 1833 1839 770 277 2061 1475 655 2236 767 1829 2686 430 999 2755 533 1972 484 1647 2279 1472 2023 2402 331 858 1303 269 625 721 1248 2059 1335 2774 1756 467 1974 1022 161 1921 1008 2496 258 1018 1275 726 252 2632 108 89 2144 1435 2406 1598 553 679 753 534 2017 782 1050 2687
611 188 2817 1319 1656 2790 1102 817 1644 2528 2411 1934 2501 2044 1407 1624 1926 85 1386 2300 943 221 2082 2270 556 2832 547 987 312 1405 635 463 1752 1029 197 2375 134 1422 659 1617 2397 2419 559 1983 2556 4 1796 1202 1417 2826 970 2652 1369 1701 2200 606 1489 1627 1146 1092 1437 1710 860 1737 1208 1428 1552 2084 2574 925 2774 950 1564 2367 550 712 1339 977 1240 670 1799 1788 1584 433 26 2358 220 2606 2724 1414 348 978 2454 1870 480 900 1302 1293 2011 1274
2595 577 147 273 2104 2524 2758 1069 1607 1341 1421 1242 1167 160 1530 1355 1078 2094 2175 166 2738 1811 2820 405 2835 1803 2266 1509 1964 2614 1828 226 2444 2013 1995 127 1059 2710 1862 1366 912 1264 1629 551 1060 203 1816 38 1480 2648 41 2517 1660 2633 2468 2801 1524 1549 115 2619 1025 2607 1735 1324 1564 2208 295 1635 159 1 1275 1295 2806 1837 342 2053 1143 390 1240 557 580 143 1807 1967 1293 1929 2131 430 591 867 1475 810 1715 1037 847 1097 2236 2100 1822 2687
79 2068 1067 2665 722 2511 1547 246 2842 2305 1134 204 1463 1935 97 2041 1606 1212 137 116 2135 899 2294 2741 1944 1055 686 1076 2580 2286 1777 2813 1464 2728 2506 2248 1452 1056 2598 725 329 140 804 2436 2766 1639 1868 974 2382 442 1275 2708 1185 350 2393 1929 1937 295 2806 657 494 2057 2435 655 677 2687 175 790 1143 1223 574 28 999 2053 1831 2279 231 1475 1899 2236 1124 2059 159 1781 1293 580 2319 1327 2212 12 484 216 1655 2301 553 1037 430 1335 331 1097
2306 1955 2265 890 1314 872 1543 2105 2789 649 1003 1885 2199 1650 1823 2799 1135 1991 1109 367 1164 2610 2814 316 1156 235 1873 877 2594 1182 2322 1099 552 507 1376 2681 699 963 1441 162 1917 1774 2764 2052 1746 2237 2822 2597 771 1852 2527 2592 1327 2212 2773 2177 633 968 2770 1117 1332 2193 740 1101 68 2144 1111 602 261 972 553 2812 533 1680 120 2359 1010 1302 1297 772 354 2119 1704 2774 696 2316 1021 2017 1961 1461 618 200 711 1974 2513 238 2250 503 2343 670
3 254 1642 2405 2170 2490 1958 652 929 14 66 1136 765 873 1745 2336 1985 2426 2157 779 1574 282 2536 825 1246 1633 2434 276 1245 2487 1036 1152 1762 1403 2734 874 1347 2256 516 2165 2832 606 2485 1600 1102 632 1799 312 1240 2515 2028 532 1543 1595 674 2773 2012 1314 1307 33 1956 2322 1414 860 675 1386 2076 653 1202 1302 1715 1926 670 2316 1973 1417 872 1941 580 817 1190 197 2212 1896 1327 2840 1388 1635 390 290 85 159 31 906 134 1873 2265 671 1680 1701
352 2063 1815 2484 1539 264 837 2844 1009 2455 741 1571 2797 2092 2833 2576 1159 2139 2269 403 2776 2371 2100 299 573 2403 428 846 642 2486 2138 1549 2731 17 2189 1814 1622 317 1349 600 1338 795 2338 2412 2215 2811 2255 537 1982 961 1589 1122 2226 2473 913 2339 1735 969 667 1862 1242 2175 557 1060 1618 342 1101 577 203 891 90 1828 2614 2635 223 1520 2834 1925 1615 46 2709 1 1619 234 2340 2399 685 1409 1572 986 2727 2158 892 1994 879 511 307 2223 2253 1540
2265 1955 1314 2306 2105 890 872 1003 1543 649 1156 2789 877 2594 552 1885 1650 2199 1135 2799 1823 367 1991 2610 316 2814 1164 1099 235 1182 1109 699 1441 963 2322 162 1774 507 2597 2822 2237 1746 1873 2773 1101 1852 1376 2052 2770 1327 2212 1917 2681 2592 261 1332 740 2359 633 968 1117 2764 2193 1111 602 2812 1297 1010 68 2144 1680 771 2177 2527 553 1302 120 972 533 2774 772 1461 1974 1704 1335 354 670 2343 2119 2017 711 1961 2513 1021 2316 200 618 238 2250 92
1298 1661 1144 1113 1434 1371 940 1343 2109 2112 1004 40 182 851 592 2737 1960 2022 1019 1333 2162 1214 2571 22 75 1712 1744 2567 2449 1757 8 949 2116 2726 2751 1171 2152 325 2535 1671 2573 986 745 454 1103 856 20 1760 1365 167 1867 443 815 2502 1255 1590 1232 1999 1725 2708 1474 1964 2062 614 2222 1605 2030 1722 244 474 270 368 927 1029 1655 1831 63 2566 501 1789 2572 1293 1097 657 531 1411 2677 785 2232 941 580 1011 1335 770 2661 159 670 326 882 782
1224 1990 2700 1116 1178 1713 2180 47 1838 1714 683 2437 1836 2523 34 2422 1672 465 2785 676 1914 2129 2745 2202 1483 1856 1749 88 1476 2111 95 576 2190 2441 44 2547 1228 596 1176 376 695 132 2827 1743 983 16 291 1631 824 1447 2016 310 832 1693 1469 2317 1593 1161 1057 2656 1795 1513 1847 2149 1773 1535 1449 1019 1785 1346 792 63 954 617 1685 182 1561 2542 2249 2000 149 1333 751 1712 269 60 1103 2653 949 499 39 1357 1548 2737 783 1490 1760 1434 540 1183
352 1009 837 264 2484 2455 2063 2844 1815 2092 2797 2833 741 2576 2139 2269 1159 1539 2371 299 403 2776 428 1549 2189 2731 1814 1982 1571 2138 2403 667 1589 557 1122 2100 573 1735 846 537 2215 642 2486 17 913 2226 1925 1622 317 1349 1619 203 891 600 795 342 2412 879 2338 1338 1242 1862 1863 226 641 2385 2811 961 2255 1520 685 2473 1 1060 234 2399 2339 262 1373 2727 551 2175 2771 1572 969 1618 888 2635 2431 687 577 2834 307 1101 2614 1828 2213 223 1295 2158
133 493 1034 210 1580 2418 280 1575 2374 1392 1792 1861 746 57 1930 570 1665 2456 793 2461 1234 1724 294 2004 1276 2174 689 1758 1859 1072 2125 704 2838 2229 2186 1664 2327 2330 421 548 1279 422 1030 1375 77 1358 2184 720 2694 1765 1947 756 2123 1776 366 797 1551 2039 1887 2581 859 2332 228 1348 884 1193 2590 242 2324 656 2493 857 976 1350 1457 2659 2356 2155 1877 1292 2672 1542 2739 263 885 2321 1229 706 1191 2662 2206 158 1043 170 2198 801 287 1345 438 1377
2045 2755 2023 1584 258 747 1320 2496 2161 770 1443 1833 1938 1747 889 2075 2686 1029 1972 2061 2402 721 326 89 1756 31 1829 1921 159 580 1647 1293 503 1317 1097 2062 2715 1755 1335 1789 1303 805 1568 1635 653 2232 2177 430 1967 1395 655 2611 2693 1655 561 390 1974 2610 2119 523 2144 1831 1143 1822 331 2316 654 1022 968 2236 175 2774 711 670 2053 27 533 553 643 2279 1461 1050 2597 927 771 125 504 2505 2465 2789 1781 2028 1118 1011 1140 1715 1018 1187 999 587
1526 1779 406 2145 2516 1385 1007 1325 1442 1511 1992 1871 1969 2377 1527 2102 773 2763 1894 519 535 821 1068 1138 1731 1455 811 2613 112 1645 2730 1670 257 544 2290 1800 749 288 1110 1783 365 1311 742 1005 1040 2788 2364 1707 870 410 2299 1079 2746 709 1794 434 605 1968 2549 435 1966 593 2341 1516 1131 1243 1498 881 2151 1379 673 1581 855 2680 1020 610 2560 2095 338 2219 730 186 336 1913 2417 678 800 253 2006 1573 1309 1466 2830 2243 248 1850 2005 2609 1174 2196
1846 1538 2489 2699 2247 2324 2493 564 1357 230 926 2495 1091 39 2288 1786 1257 1996 2281 1971 777 1818 1180 76 2260 2114 739 1106 2224 2019 751 1559 1087 1137 2072 1207 614 93 2000 2605 1940 576 541 917 1825 895 441 1192 2345 1590 2033 1434 1482 1950 2296 920 1548 2538 2556 714 590 1558 770 902 989 87 1166 737 321 1938 898 1014 1018 1833 725 269 1048 782 469 2289 1019 215 2653 2752 1453 2632 2402 1496 618 1298 2780 1451 1647 721 165 471 2061 1438 1788 663
101 364 436 215 737 1900 2381 341 2040 251 989 1427 2540 803 293 2504 1106 1451 1559 2644 572 1898 328 766 2238 545 2114 395 1230 1300 962 2546 1389 1115 789 1361 1798 646 1093 529 1683 1883 407 1394 1801 2113 2242 2277 374 2066 1951 2178 1175 1306 2000 2759 1334 589 2054 2787 658 2579 2323 727 1213 1257 581 240 485 304 1786 2288 1971 1818 39 1357 2072 1207 714 483 898 1180 1353 1558 926 2281 614 76 1928 564 1026 782 252 430 2435 2632 1018 1561 2765 1137
2810 1916 2043 2346 475 650 1723 1891 2816 2666 2171 1570 411 1603 1153 807 1113 922 1865 281 629 1188 1882 953 298 820 546 334 1541 582 2677 37 1456 1697 1284 1471 1221 750 285 122 275 882 2841 1884 396 1285 2768 468 2507 980 2627 420 2118 2179 1979 6 117 973 907 1502 1858 2268 1397 1487 2245 1015 1139 1537 1083 732 2261 1922 1144 510 1443 594 1833 2194 1763 1610 454 1702 1641 2599 482 1423 1711 759 1082 148 327 2030 2303 1260 2308 1757 1738 1225 2167 351
416 1946 1419 301 2331 1778 392 2394 355 883 813 1396 1105 2696 2257 908 1331 1554 1370 105 1614 243 1673 2660 519 11 966 1002 2843 1495 2341 446 253 490 773 2452 937 1604 1247 2361 2763 2353 984 1455 336 1384 2697 1565 530 1017 1347 749 2803 632 1508 673 648 1992 1170 94 874 2458 1454 1981 585 1133 248 257 1600 701 2789 2753 1973 507 1327 2212 771 606 2782 1917 175 2610 2500 1941 162 666 675 2067 2773 200 553 2316 1314 872 2102 2144 2764 2626 2597 1424
1801 2277 529 1394 545 1683 395 304 2066 2178 1353 2113 1213 2644 1334 1300 2323 2579 374 1798 1389 803 2759 2546 1230 727 572 1883 658 2114 1115 589 581 1306 1951 1175 962 1361 1451 1561 789 2000 240 485 2504 2540 646 251 483 2381 341 1427 1106 1197 1900 2054 1559 2040 2784 2242 2787 2022 1898 101 364 293 215 737 436 1928 328 714 1558 1166 989 1971 2409 2072 1257 766 2238 1786 898 1137 63 617 1087 2288 1593 1093 39 895 2542 1631 1184 93 614 407 1333 1207
483 1593 2784 240 1883 789 1300 1561 1631 617 832 291 540 2000 1535 1346 2542 2129 1353 2242 1801 1389 2504 2277 499 2579 2759 1804 792 1683 2260 529 1197 2235 407 374 1394 1115 465 63 2054 803 251 1427 614 967 1483 2546 766 2296 1087 646 328 1137 91 2238 44 898 1019 1207 2072 376 2540 581 16 1213 2022 1447 1590 93 714 2066 2644 1558 1719 1298 895 1469 1333 1166 853 76 545 2114 1093 576 2409 2113 1749 2785 304 1928 1091 1334 739 1451 395 1996 1672 1743
1965 1636 1316 1496 1840 2815 2272 2556 2046 1586 992 497 2352 1051 2628 194 1897 1362 1218 2241 1416 1948 1658 1381 2439 1544 1752 1261 950 518 1096 2367 2069 1253 1782 168 231 2300 2553 221 1799 1407 2790 1926 943 1102 2713 85 1860 1123 2082 635 817 547 201 2270 1878 563 987 663 1146 440 2832 2050 1405 1202 735 2010 1986 965 712 2836 1656 312 59 1045 1901 266 2767 1386 2309 173 613 556 1640 1710 1649 2433 489 1796 826 900 1054 445 2631 645 1584 1848 2840 2133
1487 150 1726 1471 1400 1591 1596 924 2498 387 2562 2188 957 423 43 2623 1525 2263 1802 2572 2448 644 2442 2720 953 909 971 2688 2678 2386 1880 2128 1108 2168 1280 2351 1687 2573 2761 2620 1371 473 306 1084 270 2503 1866 205 474 2169 2425 42 2476 2203 1283 1198 1953 1616 398 1768 181 1199 1696 1232 636 1458 2807 1536 2823 2508 275 2348 23 2014 1139 1318 1922 1502 466 1960 1797 448 2048 2303 335 454 2115 1205 2841 244 2791 1426 1380 851 2627 84 214 2124 1659 1889
79 2294 1067 2068 2665 722 2305 1944 1055 2728 2511 1547 246 2842 2207 725 1134 2558 1463 204 97 137 1212 1606 1935 2135 116 1825 2741 2041 899 165 1056 1940 2506 1986 1130 1076 442 686 2248 804 350 2580 2813 1452 329 2286 1464 2436 1868 2766 2382 2598 1777 2319 140 494 2057 1639 2393 1937 2708 790 974 1874 657 2291 1223 1185 948 677 1473 574 2719 1725 1899 2639 447 12 2499 2435 1962 2376 2683 1453 2681 647 1956 146 1555 368 1143 2250 2062 653 261 598 503 1901
1570 1221 285 298 546 582 6 759 922 807 1232 2643 475 1697 2706 1260 1702 1916 1723 2346 1083 1891 1285 1858 1188 2816 732 122 882 1884 468 1456 1284 2194 980 2118 2171 973 620 1610 1537 2313 1865 1797 2261 2810 2666 1015 181 2268 448 650 2043 1227 37 411 690 1380 1882 629 2476 2167 1080 1153 23 229 1768 459 2677 1199 669 2807 1603 829 2048 1761 661 1502 1318 258 1139 1833 1082 1938 758 1560 454 40 851 770 1443 1763 389 281 2557 1011 455 2402 476 1921
1129 2185 2584 1411 2298 1694 1684 372 2616 1267 1360 414 143 1939 2529 386 1440 1630 1215 718 2271 1112 1445 1446 2517 958 1294 2619 787 1514 30 665 638 810 1258 2481 2363 71 2246 1270 2801 796 697 2706 2710 1816 2104 1366 557 879 795 1140 299 1275 2339 1480 2727 1647 307 1972 2061 295 2402 2632 655 331 2505 2465 1273 2687 643 2139 1048 1831 1629 2062 2053 1395 2611 138 1220 1262 721 1373 628 1756 936 1568 1692 782 1612 220 1124 1011 1921 2467 1026 2806 805 1475
2305 1067 2068 2665 722 79 1463 116 1606 204 246 2511 1547 1212 97 2135 137 1935 2842 2741 1134 899 2041 2766 2294 2558 725 790 350 2506 2625 508 974 1962 1330 2580 217 1771 2319 657 140 1868 1777 2499 2813 1998 686 864 2681 1746 2248 12 2037 1099 2322 2708 994 1050 1185 1335 655 430 805 526 2598 1543 255 1725 2193 1076 1635 175 2594 1275 1955 1464 159 274 552 1967 772 608 2052 390 2370 1680 999 598 1182 2265 633 314 1944 1755 503 2789 1135 2057 2062 872
1093 407 1898 1087 2242 766 2000 1590 328 1137 2238 93 777 230 1996 614 1091 2114 895 1558 898 63 1357 1971 2504 76 564 1257 39 1207 1749 2281 1166 1019 2288 714 926 2072 1786 1346 2409 2495 1631 2542 1298 1180 2555 1818 1727 2317 1914 783 1856 676 462 1928 2254 2422 341 2058 457 2785 499 465 1483 376 2437 44 751 2233 1801 2202 16 540 761 2745 1785 182 949 95 924 1517 1178 1476 34 1224 737 1161 1228 2192 834 1300 240 1773 989 2733 88 2489 1836 1561
2433 2309 2713 1453 1490 2376 1901 201 1860 2545 2034 1796 100 1569 715 2721 48 64 305 562 439 155 51 1640 2556 1948 2272 1316 1416 1496 2631 168 1051 2352 194 1965 563 26 2826 559 1878 1870 2088 2769 1046 659 1123 2649 2553 2454 486 1369 2007 231 663 2714 704 2419 925 2672 480 2538 445 1636 348 1307 2155 1096 2650 674 1848 1840 1148 2652 2840 720 784 260 518 259 1428 2708 2229 1584 2343 1986 197 712 1983 134 1414 978 440 1542 1275 77 645 550 772 57
2843 257 1707 1731 1138 1800 2613 1645 742 1526 2516 1871 2609 2145 2377 1527 1779 1442 519 1894 288 406 535 1385 1007 1992 1068 749 1511 1325 1969 821 773 2102 730 410 811 2763 112 1079 2788 1379 2290 392 1174 301 678 365 1466 1110 2730 1968 338 435 774 2299 2560 2492 855 1913 2006 2680 2341 1581 1309 1131 2746 2005 2830 1020 1455 1040 2196 544 1243 2364 1142 673 2417 1419 1005 416 1794 2549 881 1311 1936 2151 593 610 1670 1094 1573 1850 800 870 2697 336 937 1498
2043 807 2666 2171 650 2816 2810 475 2346 1916 411 1723 1891 922 1188 759 1697 1260 1153 2643 1570 1702 546 285 6 1456 1221 1858 582 468 1083 1865 732 1603 620 1284 122 181 1797 229 1882 2313 1227 37 2194 2261 2167 820 1761 1541 829 298 2268 334 448 750 476 669 956 980 1763 2476 1610 1884 661 758 2118 389 2168 1380 138 2634 936 459 1285 973 2632 452 1018 2611 2387 1378 753 840 1048 2398 1768 782 1082 467 89 721 1090 1972 1612 2465 2505 1039 1537 363
2138 537 961 127 2473 511 2811 1060 1349 1571 1815 17 573 2100 2403 2486 846 2255 403 642 2412 2338 2339 1338 352 795 317 1159 600 2484 1622 2063 2175 837 264 1520 1009 1101 2372 913 2399 2455 741 1 307 2844 234 1862 2709 969 1572 685 2727 2466 2710 400 203 1539 1409 2213 2215 1828 1618 2614 2797 2092 2189 1994 2731 577 90 1698 2269 2833 1814 2139 2253 2223 1387 223 867 2576 2371 2635 195 1242 1122 299 2158 1095 2226 1939 2661 2834 2776 2481 472 349 1629 46
648 1133 94 1424 843 248 538 336 605 1546 937 1454 1634 717 1040 410 811 434 253 2341 1573 2219 1455 2549 365 1516 1110 1670 535 435 1309 112 749 610 1311 1498 1079 544 2560 2095 1794 1783 870 2788 1131 2746 1020 1466 1966 2377 2299 2830 709 678 1581 1142 1527 2290 1005 1707 2730 1968 821 883 1243 2251 2364 881 1850 2151 186 1894 1325 593 1068 1379 2005 2680 2145 257 568 855 338 673 2102 2763 1969 2417 773 1511 2196 730 2697 2243 392 2519 1871 1442 2609 1800
2741 899 2135 137 1212 116 1606 204 1463 1935 97 1134 2842 2511 1547 246 2041 1067 1056 2305 2766 2068 2665 722 2558 725 79 2294 1055 1944 2728 447 2580 2708 2057 494 2248 657 2813 140 2291 2319 1076 2435 686 574 1874 1868 1777 1464 1899 2286 2382 1185 1452 647 1937 1223 804 329 790 2825 2207 146 2393 677 2639 2683 1126 692 1473 274 1639 526 994 864 2598 1453 1725 1555 948 2499 134 2436 2625 2438 1870 1956 1892 2736 2419 682 608 2719 2440 1275 1274 159 1240 1335
1129 2185 2584 1411 2298 1694 1684 372 2616 1267 414 1360 143 2529 386 1440 1939 1215 1630 718 2271 1445 1112 1446 2517 958 1294 2619 1514 787 30 638 665 1258 810 2481 2246 71 2363 1270 2801 697 796 2710 2706 2104 1816 1366 557 1972 1647 2402 1831 721 2061 643 2062 1140 580 1655 1756 1275 2053 1395 159 299 1568 1480 2611 2632 326 1317 1293 805 331 2465 2505 2339 2687 1273 295 2028 1692 1097 1974 782 31 2343 1921 670 1475 1472 1822 430 1018 1715 927 655 1143 1961
2772 2478 2077 2777 1753 1125 70 2561 2510 431 1035 2161 1759 18 2757 1834 1839 951 601 1842 315 2622 2015 1165 1252 1390 1557 2302 2818 2 2663 1980 2685 191 2315 277 1938 1895 769 161 2702 767 860 2482 533 770 1417 2289 1747 1701 655 433 1788 990 1489 553 2755 173 889 2236 2061 430 1475 484 2279 999 1008 561 2632 1303 252 753 89 1335 2144 628 1829 2398 1026 1248 502 1929 2059 1275 1443 2023 1972 467 2181 643 331 284 578 1220 788 108 175 2311 68 2316
2319 2719 790 2292 692 447 2766 1962 1944 1055 494 2291 2057 1899 574 2825 146 1185 2435 2708 657 1777 1126 1874 1223 677 2736 2683 647 2639 442 2580 2598 1477 686 1452 2436 682 804 2294 2286 2183 1868 140 329 1076 2438 2569 1464 1639 2248 2041 2393 2813 2728 67 948 491 974 116 725 1212 627 1067 2207 1406 97 1937 249 2583 137 1012 2382 2506 2068 1592 2665 1810 722 1462 2509 1056 2305 2121 2135 2558 1134 246 79 2741 1825 1606 1935 608 526 255 1001 202 1725 165
2055 141 1023 2098 1145 401 453 1047 2747 612 2163 99 1976 1628 1872 981 461 73 399 760 208 1599 1510 1233 823 437 595 380 2074 2587 477 2126 2655 2469 1717 1160 731 1784 1085 174 2775 816 2829 1163 177 2122 694 2679 1903 72 2009 1415 2636 156 2362 164 172 460 1241 2454 2789 2301 478 1870 2557 2177 1955 402 1715 1003 805 936 872 1755 1967 1635 2407 799 1543 89 1756 390 2552 61 26 1356 655 2765 786 1873 2669 726 2698 207 2769 326 1314 1117 1275 1282
2285 1843 452 1730 268 1875 495 1039 131 2565 1941 2687 290 389 840 89 2634 758 1500 33 464 1706 2765 1378 467 1929 2806 1275 1024 295 363 2505 2465 1022 822 1655 108 241 2531 1503 2407 1008 753 2398 2611 504 628 449 2142 1220 1918 936 786 138 2632 478 927 1048 1831 2301 2137 344 1789 1912 471 1612 643 402 1021 1026 1018 782 1692 1262 655 225 346 2467 1140 125 52 129 1472 1506 752 2690 2821 501 1932 1438 1465 1662 1062 113 2062 1568 1917 331 2232 1011
1810 2509 202 1075 2121 1001 1012 249 2583 2350 67 1406 627 1944 2728 1055 725 494 165 2435 1212 2291 137 2708 2057 1874 2741 1780 899 677 116 1127 1223 2207 574 1029 31 2294 1606 2558 653 2144 2813 553 657 93 1924 618 61 200 895 771 2316 192 1725 2628 1899 2693 1274 1590 326 390 1438 367 1051 726 1825 1050 1148 580 235 471 68 97 2669 1472 134 331 368 999 225 1961 623 316 1216 961 2248 670 2070 2236 655 742 216 1635 1775 2025 1024 1822 563 963
897 1933 2071 1790 1736 2342 2450 1638 755 1709 1806 1052 2432 2201 1305 2750 935 1098 2156 1321 2645 2096 836 1044 1504 2355 2218 850 222 1436 2512 2691 1911 2362 2420 1621 2627 281 396 1425 1865 481 476 2261 2823 661 2642 1227 454 2446 1335 2194 2313 2611 2806 295 580 2137 1037 1655 1831 758 1143 1217 2053 129 175 1568 1293 1297 1062 467 108 1822 2168 125 1472 2279 2091 1022 753 1647 2232 856 643 430 501 2634 138 1097 2398 1929 2687 1124 1456 822 1032 679 1844 734
472 1803 1167 1355 1811 1509 2758 2444 1069 1059 1607 1341 127 2013 551 577 160 1060 1530 2820 1078 1421 2094 147 2738 166 1862 2595 2266 2710 405 2835 1524 203 226 1629 1828 342 1324 273 2614 2468 1964 2740 154 1242 2213 2104 2524 888 1101 1373 2771 2781 1295 262 1807 2385 716 537 38 867 641 1988 991 2811 2692 2205 2175 1925 1619 1863 667 2675 2431 961 2473 879 2131 912 1982 557 2517 1264 2412 616 352 385 41 1812 1815 299 1618 2138 1735 1025 600 2481 1181 1540
759 546 582 922 1221 2643 6 285 1702 1083 1260 732 807 1697 620 1858 468 1188 1797 181 1865 1456 2313 1882 2194 229 411 2261 1284 122 1570 2167 2816 1227 37 2043 1380 2268 475 2810 2666 650 2171 2346 2476 1916 1891 1723 298 1153 2807 459 1318 1285 973 1560 448 1761 1768 1425 1090 281 661 443 1082 629 2118 586 1603 1610 476 1308 1199 1015 1763 1884 669 956 980 2627 2048 396 820 829 1018 1472 2232 1568 1537 782 758 31 2053 2425 389 580 2236 1124 1011 1262
1773 1513 1161 1847 1795 1785 310 1535 1228 1693 1346 2827 1019 832 1743 983 2656 2190 2016 63 499 2149 695 1176 1333 2441 2542 540 617 182 596 1298 2129 1593 95 132 1434 2745 2202 2022 291 1856 1712 1561 1631 1685 954 2111 940 1672 1343 2112 2547 1004 576 1749 2737 949 75 1760 1103 149 1914 1999 2000 824 2242 783 2700 2785 1590 2497 1990 1836 2437 198 60 93 1197 1087 88 465 895 683 2180 1137 1714 1476 483 2260 1483 614 1116 2784 1166 898 1838 1224 1304 2409
2731 2063 741 1814 2844 2484 837 264 2455 1009 1159 2092 403 2833 2797 352 1589 1815 2139 1539 2269 2371 1122 299 1735 2576 2189 2776 428 2138 537 1549 1982 557 667 2524 1571 1025 2403 913 1242 1925 2215 1619 879 1349 2385 1863 641 573 2100 1373 1816 1366 2226 2771 262 226 687 2486 891 17 203 846 2431 2104 888 2529 991 342 2339 2412 642 718 697 1862 234 1295 1622 1514 1520 795 317 1807 143 2399 2517 1572 2175 386 273 551 2460 2338 600 867 1480 1440 1338 969
849 2191 120 2819 1708 1896 2479 2500 313 458 1532 734 2674 1827 152 1741 2099 2283 2181 523 175 847 1339 1563 505 2552 2557 2773 28 330 2365 238 2250 2689 705 2597 587 671 2742 81 2716 2534 92 2370 2681 354 972 2119 1917 1010 532 2193 2177 2199 2028 696 1956 1704 2527 1111 2592 602 772 2052 633 1746 2228 2809 740 2237 1332 1376 2322 2610 1099 1873 261 1680 2764 2814 2789 1135 771 1650 1543 649 1117 872 503 507 533 890 711 1314 552 1955 1156 2265 1885 68
2741 1056 899 137 1212 2135 1606 116 1463 204 1935 97 2766 2558 1134 2842 1547 2511 2305 246 725 2294 1067 2068 2041 1944 1055 2665 722 2728 79 2207 2825 447 1076 2248 2813 1464 2580 2382 2286 2708 1452 1937 140 1777 2057 686 2435 2291 804 1868 2393 1185 494 1899 657 574 1639 1874 2319 1223 948 2736 647 146 329 677 1825 2639 1126 2683 165 682 2438 1453 1725 491 1473 2652 1870 1665 168 559 274 2569 57 526 692 790 1592 1274 994 1092 2025 2669 2719 2419 1918 864
1710 1993 900 1489 1701 197 860 1417 2767 1788 1045 712 1617 2050 1029 2836 2130 1782 440 1422 2840 735 645 179 445 463 2631 2482 2011 134 550 319 1328 1437 1663 947 260 2133 1486 1054 1649 2837 2375 1444 2707 1552 1679 169 2088 1623 1253 2289 1640 2241 2650 932 433 1860 563 1381 1895 1208 2826 1658 1544 1261 1307 2076 906 2287 2439 965 674 1369 1148 2419 925 559 2714 769 518 2454 2649 480 2652 348 1870 2769 2544 259 305 161 1878 978 51 1405 2538 2082 26 173
569 2090 988 193 121 2808 2640 1329 2795 1266 2839 2570 1952 2335 1764 2279 2578 729 1829 412 1168 1299 1910 1337 1399 2083 1268 1303 252 828 2629 2798 2038 430 377 1249 680 1503 933 536 561 858 865 1429 655 358 672 2671 2828 1374 1972 2061 1647 2602 1921 721 2402 1395 2539 1668 1793 1756 1248 56 2428 1070 625 2311 679 1435 1317 323 533 1024 1598 2531 2031 640 1356 1588 2070 1037 1789 1132 1050 1038 525 1065 383 2421 2120 927 964 2221 331 1475 805 2301 2032 1755
1179 2491 2328 2252 1578 515 1579 1977 639 1651 1920 945 2647 2682 841 1063 952 9 1769 887 2792 1583 1531 748 1791 1470 114 919 819 998 118 1585 1667 1770 1354 916 2065 2778 567 1211 2042 1851 2729 2379 975 227 930 1657 2310 808 982 928 763 7 2575 2225 1367 1368 1271 2488 2349 517 1239 2459 2097 2618 2559 2304 923 528 311 2723 778 1854 1566 151 382 1970 2711 492 2416 2793 1528 25 579 537 1402 1154 875 2740 2312 633 2773 2803 1643 1031 460 1819 910 2460
1051 194 2352 1416 2272 1948 1218 1586 2815 2628 2046 992 497 1496 1316 1636 1897 1362 1965 1261 1381 1544 2439 1658 2241 1096 1840 2556 2713 1901 201 2309 1986 1453 1860 1490 2376 1253 518 1782 2433 1752 64 1569 950 1649 1663 48 2767 51 712 1054 169 445 2130 2707 563 645 2836 1640 1444 305 1328 947 2837 1045 440 965 663 179 1617 2050 735 2289 2840 161 1679 2538 1623 1369 1422 1503 2632 2649 2133 2011 2454 2652 1870 439 900 1584 1048 197 1029 100 1710 782 1796 260
133 493 2374 1034 280 2418 1575 1580 210 57 548 1724 746 1861 1392 1792 1758 689 2004 1665 2456 793 2461 1234 2125 1930 1859 570 2174 294 1276 1664 2327 2184 2838 704 2229 422 1765 1072 756 1279 2186 1947 588 366 421 2324 1375 797 2330 2694 2493 1030 1081 1358 583 2039 1776 2123 859 1551 2332 1887 2581 857 976 1457 1877 2672 228 242 2659 77 720 2590 2356 656 1542 2198 1196 1350 1193 2739 2321 263 1191 2206 1229 885 706 170 158 801 1453 1490 1377 1043 1292 438
2300 547 2270 2082 221 85 943 556 1926 1407 1386 817 987 2790 2832 1405 1102 635 1319 312 611 2817 1656 188 1752 134 4 950 1644 1545 2411 59 2528 1146 2367 626 1202 2389 2044 1624 2501 1934 1799 1737 2556 1422 849 1314 1708 2343 2105 1532 1302 2527 705 1873 670 1993 2479 1021 2191 532 2028 458 1896 1281 1026 872 1956 1692 771 2681 826 1240 1543 1961 671 2789 2774 2715 439 2742 1414 2316 2265 1710 2017 1831 1974 1617 2631 1912 1048 606 734 847 1955 326 2819 1220
2045 1584 2755 2023 258 747 2496 1320 2161 770 1443 1833 1029 2075 31 89 1972 1829 326 2232 2715 721 1568 159 2137 463 2402 2610 1303 580 1293 503 2770 1756 1097 561 1118 1822 1647 1143 1701 643 655 1755 1789 2061 670 1273 1262 2177 2611 2279 430 331 412 805 654 1317 1635 455 2789 235 1140 402 1099 2191 1039 653 1921 138 1018 840 2693 390 1356 2144 1974 27 367 771 478 968 772 1774 1612 507 1022 2316 2597 1048 553 711 782 822 1781 1747 1395 1335 504 2632
2043 2171 2666 650 2810 2816 475 1916 2346 1891 1723 807 411 1570 1153 922 1188 1603 1260 759 1697 546 1456 285 6 1702 2643 582 1221 1083 732 1858 1284 468 1865 620 122 820 181 1541 37 1882 298 1797 2313 334 1761 829 229 2261 1227 2194 980 2167 2268 1139 1884 2841 750 1763 1953 956 2118 448 1610 2768 1090 758 281 594 1537 389 661 1285 420 1082 2348 476 1015 2179 2476 669 2634 936 138 973 1018 2611 2627 1397 724 2168 363 782 840 467 1568 586 753 2398
569 2090 193 988 121 1189 370 2032 2047 56 1065 323 2568 2415 2217 427 500 1793 680 2423 571 2629 2539 340 955 2108 580 711 2742 390 159 2421 1070 503 729 536 1635 2798 31 1050 2119 261 354 2693 1461 972 1680 2814 653 2031 2597 1967 2773 1399 1335 2594 847 2406 2598 1741 1317 2199 698 326 332 964 2610 2053 587 314 1293 838 1135 523 1746 1099 2774 2715 2236 1827 1097 901 772 2812 1118 2370 1822 235 209 1143 2436 2221 878 1272 2283 2120 734 1521 1297 872
2043 650 2666 2171 2810 2816 475 1916 2346 1723 1891 807 411 1153 1570 1603 922 1188 1260 759 1697 546 2643 285 582 1456 1702 6 1221 1541 820 1083 334 732 1858 1284 468 750 620 1761 1865 122 829 956 1882 181 298 1227 1797 37 2313 2387 2194 2261 980 229 1884 1537 1139 448 420 2768 2179 2118 2268 1285 372 148 1397 758 389 2634 2167 138 2677 1610 476 669 510 281 840 2841 1048 1018 2632 1502 973 629 721 782 1953 1612 129 1972 2476 467 822 125 936 456
127 2372 2466 511 2710 1324 1698 1387 1939 195 2253 2223 2481 1409 1095 1994 2820 2013 1694 1360 1355 1630 2616 665 2175 1294 2246 1270 2339 1684 1446 1258 223 2158 1167 1112 2185 349 1811 2266 1629 1572 600 1421 2338 1411 2834 913 1009 400 1615 837 892 2100 1815 1 17 2584 2738 573 2444 472 2063 234 1520 1803 2835 2455 405 2709 2648 1349 2298 275 1129 264 46 1071 2758 2619 2215 1828 307 2399 2484 2635 2614 969 226 1273 2727 352 846 1571 412 1972 642 403 561 879
2323 1798 1334 962 1230 572 395 2644 529 1951 1306 1175 1361 589 727 485 658 2277 545 2787 1683 1801 1451 2546 1115 1559 2054 436 803 215 737 101 1394 646 2113 1106 1900 1389 2178 2066 2540 2579 364 2759 1427 251 2504 2381 293 304 374 989 2040 1300 1213 2114 581 2238 341 1197 328 2000 789 766 1353 1883 2242 1561 412 1928 2228 430 420 508 117 1026 608 1898 1922 1205 386 561 718 125 1423 1972 252 531 1018 2632 734 858 2279 1746 533 1184 2402 864 1335 782
2749 154 2740 342 1059 551 203 1524 2468 1629 2444 1811 1803 795 472 1167 1509 1355 2013 2710 38 127 1862 1060 147 2266 879 557 1373 2758 741 1925 2363 1982 1807 1295 2399 1324 2189 2771 1069 226 1619 641 2385 262 667 1421 2727 2529 888 2371 2213 428 1863 2820 1 2517 2776 867 299 798 307 2198 2269 1129 1101 2731 273 1480 2431 1675 143 1520 1549 685 934 2139 2138 2738 160 2797 185 414 1270 991 2833 1539 2548 2104 2576 2460 2187 1242 267 1366 577 2175 1816 2654
883 416 1946 937 605 1516 1040 648 94 1424 1133 717 434 1634 749 2341 1573 11 2394 410 1110 248 336 1966 365 253 435 1454 811 2788 593 2549 1309 1794 2560 535 2219 664 112 678 1455 673 1670 1311 2830 2251 105 843 1546 1778 544 1020 2697 186 1079 538 2417 1131 1968 257 2005 1498 2196 568 1142 1783 2290 870 821 2377 2364 1005 1581 610 1850 2746 1527 2730 2095 709 1466 2843 881 1871 855 2299 2151 1068 2680 1243 1731 2087 2519 1894 1936 1379 2492 1279 800 774
1773 1535 1346 2542 832 1513 1847 1161 1795 540 1019 499 617 310 63 1785 1693 2827 1333 983 1743 182 2190 1298 1228 2441 1176 1434 695 2016 2129 2656 2022 2149 1561 291 1593 132 95 1712 596 1631 2202 940 1685 2242 2745 949 954 1343 1004 2112 1103 2737 783 407 1856 1999 576 1749 149 75 2111 2547 1760 1672 2000 1590 824 766 1093 1087 2238 2437 2700 1836 328 60 1137 93 2497 1914 1971 88 198 1476 2784 1213 240 895 898 1257 614 483 1990 1056 1197 2040 1207 1166
924 1487 2841 1471 214 2502 1605 2152 1866 2263 953 1661 106 2141 785 1365 2751 189 2567 909 1139 1953 1927 1171 22 2060 621 183 96 1032 419 2348 171 1217 1632 1214 2554 1113 2153 2109 894 84 2216 2401 815 1363 1288 1703 309 957 333 1525 1371 941 2612 949 2197 2573 2623 1184 1602 856 1400 1336 117 2737 2768 1987 2203 2404 2591 2503 624 1315 1004 2160 481 1013 335 1280 2179 1738 783 2230 1198 1979 1502 443 63 2678 586 2514 724 474 834 1019 2030 149 454 762
2741 899 2135 137 1212 116 1606 204 1463 1935 97 1134 2842 2511 1547 246 2041 1067 1056 2305 2766 2068 722 2665 2558 725 2294 1055 79 1944 2728 2580 447 2708 657 140 2057 494 1868 1777 1185 2291 574 1899 2435 2319 2248 1076 1874 1452 790 686 2813 2286 1464 647 2382 526 1937 329 2625 1223 804 864 1473 146 994 274 1870 1725 2207 2419 2062 2639 261 2825 2683 1274 1708 1335 1240 1692 2037 159 1831 2499 2649 1376 1275 1956 1369 2632 559 1655 197 1961 655 1293 31 2393
2189 741 2844 2455 837 264 1009 2797 2484 2092 2833 2548 1815 2063 2139 2371 2269 2576 299 352 1159 2776 403 428 2731 1549 1982 687 1539 1814 2662 667 557 1735 2403 1925 1619 1589 1571 2215 891 1122 879 913 2138 226 2412 1863 203 641 2385 1524 2100 573 537 2486 262 1373 317 795 1622 846 1242 888 1338 2771 17 1862 2811 551 2255 600 2338 642 2431 1278 991 342 1295 1349 267 1060 1238 1509 1291 1807 2460 577 1828 2399 2266 234 685 90 1520 2339 961 2727 2226 1
2218 1790 2512 1933 222 2071 1305 1436 1504 897 1052 1638 2355 1709 850 2342 1806 755 1911 1736 2450 2432 2156 836 1098 935 2201 1321 2645 2096 2750 2362 1044 2691 2420 1621 144 2642 2446 2537 127 1273 612 99 561 2137 1118 2698 1216 412 822 402 1164 1317 2232 2279 1822 1143 533 2774 1568 771 580 643 296 331 1140 1972 159 200 2770 1248 1472 216 1435 1756 1097 1293 1282 532 653 1021 734 61 1327 553 344 2212 1755 207 252 89 1974 1781 699 1543 2061 326 1875 2812
1360 1684 1630 2616 1694 1112 1446 1294 1258 665 2185 1129 1939 1411 2298 2584 2481 1270 2246 414 2339 2709 600 372 2466 2100 958 1338 573 642 2338 1571 2486 2372 2710 1445 317 846 1622 1349 17 511 787 1409 961 2255 810 2412 71 969 307 1994 30 795 638 1 2403 2619 223 1618 2811 1215 90 2801 1060 1520 2727 1101 2399 2253 1698 2635 2271 46 143 892 1862 1615 349 2223 2138 1828 2158 2215 2175 2834 2529 2614 577 1095 913 2473 1572 195 1387 1540 234 2517 1242 386
150 2263 1525 1726 2623 2678 1280 1084 2572 1371 2141 1365 2386 1380 1139 183 621 785 171 1866 474 2503 214 84 815 909 106 1113 2152 1927 1960 2554 96 941 894 2502 419 481 2153 2401 1987 2116 2197 1032 189 861 1632 2476 762 2060 1605 1458 2831 1251 624 2348 2374 2188 2720 971 1596 2562 43 1318 689 1108 2807 1536 181 644 387 2514 793 1018 1802 2612 1758 782 1661 2522 1336 1013 45 724 2442 620 2425 1425 2454 1011 42 1395 2498 2505 2465 1358 2091 2053 2611 1283
2662 1549 687 2801 2189 2548 741 2776 2576 2175 1539 428 2797 2648 1278 2524 2269 2139 299 203 2104 1735 273 2833 2371 1982 1366 557 1524 641 2844 352 1373 1295 1807 1215 1242 1828 888 1480 147 667 2092 1816 2771 2710 2835 879 1863 2385 2226 405 2614 991 1509 2455 127 2731 837 1571 1618 551 1925 262 2607 2517 846 2403 264 342 577 1964 1009 2619 2063 2633 1803 2484 697 642 2100 2431 795 1421 17 1167 2738 2595 867 1540 1811 2529 1815 1069 2298 1619 2412 1862 2758 718
5 509 844 2457 1515 1889 2725 957 2464 2404 1766 744 609 2448 244 2115 1696 1616 752 2128 2468 1661 592 2168 1556 2720 2014 2124 1326 2562 1880 43 2188 1596 2442 498 306 42 644 466 375 473 1477 2366 1108 387 150 1802 2278 2351 388 1426 661 669 971 1283 2807 815 2498 1318 106 2476 270 38 1536 1061 2141 425 1927 1945 96 636 19 2109 481 2688 232 424 183 2749 1726 1637 2060 189 2048 1733 909 520 894 941 1032 1525 2425 1797 1632 1269 2554 2153 171 1251
2323 1334 1798 962 1306 1230 1951 727 1175 485 589 529 658 395 572 2277 2644 1801 545 1361 1683 1197 2787 2546 1394 1115 646 304 2178 2113 2054 2066 1213 1389 2579 2759 1451 374 1559 803 1353 2409 1928 714 436 2022 1300 2540 101 1561 1900 1641 1184 1166 581 1423 215 1106 117 898 1427 1558 2072 737 1205 1738 251 895 2179 2154 1502 2768 907 2521 420 1954 1225 1654 1979 2483 2030 1397 2114 2203 2677 322 2381 148 2599 953 1333 1582 531 788 697 1653 2228 1883 718 2303
937 1516 186 2219 410 2609 709 2341 336 253 257 1079 648 2843 1800 434 1455 288 2549 248 1454 1133 843 1546 1645 1707 538 2613 1731 811 1138 535 1871 605 94 1424 1110 1894 742 1670 1634 717 392 1498 749 1573 2377 1131 365 678 2788 1527 1309 2697 1850 1969 1040 673 544 2763 1511 610 1794 2087 2196 2102 435 1142 2746 773 593 2364 1466 112 2005 2560 2417 1311 1966 2299 2290 519 1441 2251 1379 821 2830 1243 870 2006 2492 1913 1174 800 1783 2331 2052 2485 872 1715
312 987 635 2832 1405 4 1146 85 2300 1102 221 1407 943 2790 1926 547 817 2082 2270 556 1386 1752 1656 1545 1737 1319 626 2817 2389 59 1202 950 2367 2411 1934 611 2501 283 188 826 2528 2044 1644 1624 134 1799 2397 2556 266 2477 2069 1552 1422 613 2574 606 1208 712 2606 1468 2515 659 1092 1307 2419 2826 1369 1708 463 2200 1339 1437 2312 1029 978 259 2424 2011 1314 1617 1240 925 847 2265 550 1896 2133 1543 1190 2789 900 152 2837 1983 2714 1414 2527 1955 2105 445
2049 530 1301 1604 446 1567 1237 1058 1105 813 451 1554 1396 2140 355 1981 1017 1370 243 908 2257 1673 1331 2696 1614 394 2064 2796 1290 662 921 1879 631 1518 966 2282 1742 1906 1384 984 1613 1002 2093 1909 2596 2660 2458 2357 2392 607 1119 1495 1621 660 942 2243 2782 542 2692 2005 54 1978 1850 2753 2519 2697 1142 2087 800 1936 675 2680 2006 2251 606 2085 2196 666 1913 345 175 912 996 337 710 2530 678 2452 774 2417 2626 2205 716 124 1174 1264 392 622 1808 1739
2491 2328 1179 2252 1977 1651 2682 1578 1063 1579 945 639 515 2647 841 1920 952 9 1470 1583 1769 748 2792 887 1531 998 1791 919 114 916 118 819 1354 1667 2042 1770 567 2065 1585 227 2778 2310 1211 982 2575 1851 517 808 930 2729 763 2225 2723 382 2379 778 928 1854 1657 2711 1970 7 975 1368 1271 2459 1367 528 2349 2488 1154 512 2097 2416 2559 151 2618 1239 492 1643 1819 2026 2081 2334 2658 311 1566 2460 910 566 2793 31 390 326 1302 670 513 1042 1635 1376
1353 1883 2784 240 1801 483 2277 1300 789 1394 304 529 545 1213 2178 2066 1683 2113 2644 1593 395 2579 2504 374 251 2000 1389 572 803 2114 1230 2381 1451 1559 2317 2546 1106 101 2054 1427 1115 761 989 341 1361 766 834 2555 1898 2759 2249 328 2288 1900 1749 646 2238 962 679 215 824 39 430 1971 625 364 252 2540 230 1057 1447 508 16 2547 1180 1026 1598 2279 1483 2058 2806 2311 576 175 2137 436 1248 1727 1044 295 1929 138 1257 1093 655 1996 788 608 2531 822
2011 645 445 2840 2707 1617 2836 1054 1328 1623 1679 947 1663 1444 1649 169 2837 2767 1782 712 1045 1029 440 2130 2050 1253 1422 735 179 1640 134 1261 2241 1552 1993 550 1381 2287 319 1544 1860 1658 2439 1710 932 123 900 197 463 2150 2631 518 2375 1489 2628 860 1417 1701 1218 2133 1788 1840 1437 1486 2088 1208 2482 260 1369 1307 194 674 433 2076 2556 611 1870 59 1319 2419 2289 1051 2650 2574 2649 2652 51 1092 992 1386 563 2397 64 2826 2528 1983 769 2454 559 26
113 1505 27 1961 1127 2137 1780 1274 822 2316 2017 1021 618 200 449 1356 1248 2311 1240 1781 1168 1299 654 239 2091 525 1435 2164 2794 383 131 625 679 49 2531 1598 245 533 2070 1503 209 838 139 1141 1500 2025 2280 408 252 2669 1787 1875 2173 344 33 2396 1873 495 799 356 225 296 290 1282 192 858 1941 268 771 1843 653 61 2693 2279 207 1917 1262 1011 1024 455 1755 2232 1612 1972 721 1568 2402 1647 1187 1395 1921 507 2061 2406 1648 2565 2285 2715 561 2764
2141 621 183 171 1365 2152 815 2502 909 214 785 1605 84 106 2263 1987 941 1927 1139 959 45 1866 2503 1251 2197 96 2056 1032 1113 2522 2401 189 894 150 1171 2182 481 2060 2554 1364 2760 1632 419 2612 2153 1661 2841 2831 2608 2567 22 236 2751 1064 1214 506 2109 1525 1217 1283 270 1286 2720 957 2705 762 971 1336 1953 1013 1004 2688 1726 565 949 1108 387 2761 1844 43 1458 644 2188 1712 2348 2498 1760 861 2386 244 1596 1768 620 1315 309 2562 2048 1380 1960 60
1096 1948 1416 1897 1362 1586 497 992 2046 1051 194 2352 2272 2815 1316 1496 439 1218 1381 51 2556 2721 1569 1658 48 155 712 562 2628 1993 1796 64 1636 305 1640 715 1617 100 635 1860 1369 1782 1544 2241 2454 1552 2082 563 1029 445 1584 2439 1261 1422 1710 2836 2034 259 463 900 2826 1045 221 2650 1307 987 2088 1663 2714 1405 550 1878 1701 645 2649 188 260 547 2270 1926 1870 2713 925 26 85 2840 2631 197 348 2769 2545 1840 2767 2790 1328 1048 943 1407 1417 2544
2550 1104 1507 1669 2604 107 1177 2414 2641 2176 728 55 397 1194 575 2754 2019 1244 2136 393 863 1646 2395 2518 1120 1147 339 1016 1450 1678 830 2275 603 1732 1691 584 1073 1620 373 1482 845 441 2383 1523 2695 2080 357 1805 2586 2254 2297 794 775 2347 2233 1372 457 1611 1959 1832 2192 1734 2630 2701 1626 2368 2360 876 2329 2637 2621 1259 2780 2211 2805 2234 2159 2326 1028 279 2447 1014 2345 2802 10 1192 2106 2752 2166 469 102 960 86 818 1382 2684 187 751 2651 462
1137 1087 1590 93 614 2072 1207 1558 895 898 2000 714 1166 2409 1928 2022 63 1019 1333 1298 1213 76 2542 1389 1346 2066 182 853 2224 2113 1197 2178 304 1115 2546 2242 1561 1300 1257 1357 1786 1394 1434 2656 1971 1631 1535 676 1801 617 1693 374 540 940 803 39 1773 2114 2579 240 2759 483 310 581 1180 739 1343 2281 407 2129 1683 2277 529 2288 1161 2112 1093 1785 832 545 789 751 499 2737 1883 954 564 2504 1004 1712 291 75 1818 2495 1593 1513 1685 2324 926 949
2843 257 1800 1138 1731 2613 1645 1871 2609 742 1707 288 1894 519 2377 1527 535 2145 406 1526 1779 1992 2516 416 1385 773 1007 811 410 2763 821 1419 749 301 392 2102 1442 1068 1455 1079 1969 2341 1325 1110 1511 937 538 2549 2788 1131 648 365 253 434 336 1670 678 248 112 1040 2290 2746 2219 1516 435 2299 709 2730 1498 1968 1794 673 1174 1311 2196 855 2680 544 774 2005 2331 2492 605 2417 2364 1133 2830 2560 2697 1309 2006 186 593 1913 1094 730 1243 1573 1379 1966
230 1996 1091 777 783 926 564 2281 39 2111 1749 1804 2288 1818 2495 1914 1856 1180 967 2202 2745 95 2441 1476 576 824 596 88 1593 1357 2547 2827 2190 739 2785 1971 1743 983 76 310 1257 1786 1176 695 1693 832 949 240 132 2317 2784 2235 2114 2296 376 2016 2737 1999 792 2756 1719 1161 1231 483 44 1728 1103 1672 2224 1535 63 1343 16 1447 1513 1469 754 1019 1434 1483 1631 1093 2021 1795 1847 1727 1883 2555 499 766 91 940 1004 465 1298 2058 2242 540 1304 789
1113 1144 1365 785 815 2141 621 1661 2152 1371 183 171 214 2263 909 2502 1605 84 1960 851 1987 1866 2503 474 106 2197 941 2401 1927 1139 1525 2116 40 2678 2572 1280 1298 592 2612 2571 2522 861 1084 1336 2056 1013 1251 2751 96 959 856 2623 894 45 1726 1632 2386 2567 309 481 1364 1171 1434 2554 2153 1757 1064 2831 189 940 150 419 1315 762 2112 1343 22 2060 1217 1004 2109 1214 2182 2760 2162 2608 1032 333 2737 236 1687 506 2573 327 167 2348 2303 2030 1458 454
761 2249 2317 2277 1801 1447 1183 529 1394 16 395 44 1334 545 1683 1469 1389 1300 2323 1057 2178 1483 2644 104 304 1798 376 2546 1115 1353 572 2066 658 727 1631 2113 589 1213 2579 1230 1951 783 1306 2759 1561 2785 962 1914 1175 1361 2000 1451 2022 374 1026 1449 803 1912 2054 788 474 2359 485 782 2506 2114 581 1048 1730 2634 1883 2632 89 478 125 1335 1220 1018 2552 786 456 291 430 628 753 108 2398 1941 1380 2689 2137 2806 2407 1039 2244 1281 2301 2289 1979 907
1353 1883 2784 1801 240 2277 483 304 1394 529 1300 789 2066 2178 1213 545 2113 395 1683 2644 1389 2579 1593 2504 1115 2546 2000 1230 572 374 1451 2054 251 2759 803 962 1361 1106 1559 1427 101 2114 646 766 2381 989 328 834 1898 1798 2238 341 2323 2555 1951 215 2288 2022 430 1561 252 2540 2317 364 679 761 1900 625 436 2249 1749 39 1026 175 2311 89 1334 581 2058 1248 412 1180 1972 1971 1483 1093 2279 2632 1277 655 788 1929 734 1022 2402 654 1306 658 1598 2765
1492 802 142 429 868 555 1890 554 1888 2029 2333 176 2668 2743 1562 2078 2786 1033 1393 2227 597 1686 886 2108 417 979 1886 432 340 1418 1256 1430 1553 1699 571 332 1065 62 743 289 2267 1431 36 866 2380 1053 2117 2451 1236 733 878 536 1398 1588 361 1132 681 21 2384 302 2423 78 1268 427 199 292 500 893 2217 1499 901 680 2568 1793 2415 121 1038 2090 988 2421 2671 1272 828 193 1374 2406 261 569 377 1974 2594 1329 1187 1754 1952 2735 1461 2812 1118 2279
79 1067 2068 2665 722 2511 1547 246 2842 1134 2305 1463 204 1935 97 2041 1606 116 137 1212 2135 899 2741 2294 2766 725 1944 1055 2558 2728 1056 2813 790 1464 1076 447 2248 2382 2319 2286 686 1937 1639 2825 442 2393 1777 2708 329 677 1223 2506 804 140 350 974 2598 948 2436 1185 1962 1126 2736 1868 1874 2580 2438 1452 692 2435 491 657 682 2057 494 175 1592 28 647 2534 2806 2250 574 1475 295 2569 2639 1275 1899 1555 1441 2291 239 146 2053 526 2681 1852 159 1563
2843 257 1800 1731 1138 1707 2613 1645 2609 742 1871 288 519 1894 535 1526 2377 2516 1527 1442 2145 1969 1992 749 1779 410 1511 406 392 773 1068 2763 811 2102 821 301 937 1419 2341 1385 730 1079 1131 1455 2746 1110 1243 2788 416 1325 338 1007 1379 2549 2299 2290 678 1794 1174 336 1005 538 1670 1466 365 253 112 2219 2005 2492 2364 1309 435 1968 2730 855 248 2830 2251 774 673 2151 709 2560 1581 2680 1142 434 593 1936 1094 648 1516 2417 1020 2006 1913 1573 610 1498
1810 2509 202 1075 1001 2121 2350 2583 1012 67 249 627 1406 1944 1055 2728 494 31 2708 2294 1127 2435 2291 2057 2628 725 1780 1924 653 2693 1274 326 726 553 2144 963 316 1725 331 670 1099 1223 1216 1475 61 1609 1029 2236 1051 580 390 68 1187 1822 162 367 1775 999 1441 2316 344 1961 2698 742 623 1584 618 27 657 192 1050 200 1273 404 655 235 2770 159 2279 552 1472 261 1356 1635 134 1874 1781 1967 890 216 2070 33 771 1840 1118 314 1021 2406 1829 1648
2306 1955 2265 1314 890 2105 872 1543 649 2789 1003 2199 1650 1885 1135 1156 2610 552 2594 877 2814 2799 1823 1099 367 1991 1164 316 1109 235 1182 1441 2322 699 2597 963 162 507 1774 2822 1101 2237 1746 2773 1376 1873 2052 261 1852 2592 1917 2681 2359 633 740 1332 2193 1111 602 1327 2212 2770 1117 2764 968 2812 1680 972 1010 1297 2527 120 2177 771 68 2144 772 354 553 1302 2119 711 238 2250 533 2774 587 1461 503 1974 1704 670 2191 849 1335 696 200 92 2370 1021
2792 118 567 1791 998 1583 919 808 1179 1354 952 515 2491 1769 2065 2328 2778 1579 887 1578 7 841 1977 9 975 639 2729 2252 1920 2647 2682 1851 2711 945 1651 930 114 778 1063 382 1657 1531 1470 1854 1970 982 928 2379 517 819 748 763 1667 1271 1770 1211 2793 2225 1585 227 151 2310 923 1367 916 2304 2575 2559 2416 2097 2618 1368 1239 2349 2723 2042 1528 311 528 2459 2488 875 1210 2658 390 1327 2212 1566 579 2406 503 1635 553 2343 1461 1302 314 1050 2764 2119
2468 2517 123 1373 1509 888 2363 2771 1807 1295 882 262 829 986 1524 557 1863 641 879 991 551 2385 669 1925 1982 1619 1242 1153 2150 667 226 687 1238 1291 267 1761 2168 2266 1227 661 428 2460 299 476 2776 1129 1255 2371 1215 2261 1939 2619 2298 1757 448 1059 1803 1735 2706 1549 796 2194 1684 2387 2185 956 2431 1694 2584 1167 2823 2444 2801 127 1811 2529 414 2189 1816 820 741 1411 2710 143 2269 1267 1060 386 1270 2731 334 2749 1629 685 718 2139 1862 472 2092 1278
2836 1782 2837 440 712 169 1649 947 2767 1663 1328 1444 1679 1054 2050 1623 2707 1045 2130 1993 2011 735 1617 645 445 179 2840 550 1422 1640 1261 1253 1381 1544 1658 2439 2631 2241 1710 1029 900 518 197 134 2287 2628 1218 319 1552 1860 1840 463 1489 1701 1417 860 1369 1636 2375 2649 1870 2482 2454 925 2133 123 26 992 348 260 932 2088 2714 1437 1486 2769 194 1051 2352 480 2046 1788 497 2538 2289 2650 663 433 2556 51 1496 305 1948 155 1307 563 2588 1096 259 965
2545 2034 1796 100 48 715 1569 2433 2721 64 439 562 305 155 51 1640 1860 2713 201 2309 1453 2376 1490 1901 2556 2631 1496 1584 1316 2023 2826 168 2528 550 26 1369 348 1644 1051 925 1870 1636 559 2045 1878 2649 563 2652 188 2769 1307 1096 2454 197 1422 659 2419 260 1148 2714 1123 2538 674 480 978 1617 1934 1799 712 1417 2088 663 1240 1029 1840 670 463 2790 1414 518 1046 1948 2358 2501 1437 1701 2028 2770 900 31 1782 1428 1627 2755 134 2007 645 782 1926 1710
352 2269 2139 2833 2092 2455 1009 2797 264 837 299 2371 2576 2844 1815 2484 428 2063 2776 741 1549 1159 1539 2189 403 1982 2731 1571 2403 1814 2100 2138 667 557 573 2486 17 846 642 1349 685 913 1622 317 537 1862 1925 2412 600 1122 1589 1735 1619 2473 1338 2215 961 2811 2226 1242 879 795 1060 1520 2338 2255 307 1 891 641 2213 2399 226 2385 203 234 2727 1863 342 1572 1101 1373 2661 1618 262 687 2339 2175 2771 888 867 1295 969 551 2431 577 2614 1828 1807 1524
419 2554 2153 1632 894 96 1927 189 2060 106 1032 1171 22 2567 1214 2751 2109 481 2263 1286 2401 1336 785 1013 333 2831 2612 1365 1661 924 309 762 1217 2705 1251 1363 2197 150 1703 2141 171 2160 1288 84 815 181 620 856 2555 1315 861 2079 42 621 724 644 2116 949 1749 300 1763 1727 941 183 732 2720 1987 2425 834 1797 45 1318 2058 1182 2398 2317 2841 2216 753 2261 1108 561 2733 971 471 1438 1164 936 2313 2737 661 2168 1083 1995 1662 1139 2690 2465 2505 2278
1125 1753 2777 2077 2478 2772 70 2561 2510 431 1035 1759 2161 18 2757 1834 1839 951 1842 601 315 2622 2015 1390 1165 1252 1557 2302 2818 2 2663 1980 2685 191 533 2279 1938 277 161 578 297 1323 769 860 1475 1335 2632 2774 89 767 103 1303 1008 788 2315 1026 2228 999 252 430 1829 553 1895 655 2236 2289 467 2144 484 175 2061 502 1018 2812 561 628 1489 753 1391 108 1022 2314 2130 1248 1182 782 1039 1972 1378 68 2398 2181 1701 643 412 726 1655 2755 1413 1417
230 1357 564 926 1091 1786 2495 1996 2288 39 1257 777 1971 2281 1180 1818 76 1846 1538 2489 2699 2247 2324 2493 739 2114 2224 1106 1559 2260 1087 614 1137 1207 2072 751 93 2000 1451 1558 1590 895 989 714 898 737 1166 2296 1940 1434 2605 215 2019 1825 1548 541 920 2538 917 1019 1482 2289 1950 1298 576 1192 441 2345 269 770 1048 436 1018 1833 2632 2504 2556 1938 782 725 2033 2409 1536 1928 1836 792 341 2690 676 1318 471 1438 1026 402 1788 63 1346 1859 108 766
79 2068 2665 722 1067 2511 1547 246 2842 1134 2305 1463 204 1935 97 2041 1606 116 137 1212 2135 899 2741 2294 1944 725 1055 2728 2766 1056 2558 1076 686 442 2286 2813 2248 1777 2580 1452 1464 2825 677 2382 140 2319 804 790 2207 2708 2506 1937 447 1639 329 1868 1185 494 2057 2598 1126 2435 657 2736 2436 2393 974 1223 1275 1899 574 2291 295 2806 491 1874 1962 1143 1929 948 2687 1781 2438 655 1293 159 682 1822 2625 580 2669 28 175 1831 999 1475 350 2279 146 2053
2707 1054 1623 1328 1679 1444 947 1663 1649 2011 169 2837 645 445 2840 2836 1782 1617 2767 712 2130 1045 440 1253 2050 1029 735 179 1422 1640 1261 2287 1993 1552 2241 319 1381 1860 1544 1658 2439 134 123 550 1710 2631 900 932 1218 2628 197 463 2150 518 992 1489 194 2046 1840 2133 2375 497 2352 860 2588 724 1417 2482 1307 1486 1701 2735 563 1437 965 1948 1051 1788 2076 1208 1416 161 173 1636 1096 51 769 2632 906 259 1369 2088 1026 674 2289 260 2714 2272 1586 1543
2043 2666 650 2171 2810 2816 475 2346 1916 411 1723 1891 807 1153 1188 1456 922 1570 1284 1603 1260 1865 1697 1858 122 759 468 2643 546 37 285 1702 1541 820 829 1221 1227 6 1761 2313 582 334 229 2261 298 2194 1083 750 448 2167 2268 732 980 1884 476 620 2118 1763 1610 669 1285 1015 1537 1882 973 181 661 2387 956 1797 1090 1082 2168 586 1308 459 420 690 2768 138 1524 2706 1048 758 1612 2179 2632 2061 2634 936 454 1972 1018 782 2398 372 753 389 721 628
1647 1972 2402 721 2061 1037 430 1921 1303 1829 1395 561 1756 252 412 1317 805 1755 2279 1124 2053 1050 1635 1967 390 655 1140 1024 331 653 159 799 1715 1612 1293 1143 1097 1822 31 1118 580 326 1918 2715 1216 1506 220 2693 314 2765 1273 1262 1568 858 2232 2236 1662 770 2531 1168 1299 1011 2698 2406 1187 1503 1475 455 533 2062 999 1648 726 2301 670 484 504 138 2137 1275 295 344 2407 2429 261 2059 2142 2343 822 1008 1929 1248 1274 2806 1831 290 2311 1435 1924 1655
2540 646 714 2072 898 1427 1558 1207 1928 614 895 1166 2409 93 1137 1590 1087 1451 251 1300 293 803 2000 2381 2644 364 101 1115 1389 1900 2546 789 853 2504 2040 341 215 436 1106 545 2787 572 1197 395 737 1883 1559 529 1361 1683 962 1230 76 1798 2224 2114 989 1801 1898 2054 2277 2113 1394 1175 1951 374 1306 589 658 1334 485 2066 727 240 2238 766 2759 328 2323 2178 1213 2579 676 483 1257 1786 304 1971 1561 1353 2242 2784 1093 1298 581 1357 2288 407 2022 739
1054 2707 1623 1328 1679 1444 1663 947 1649 169 2011 2837 645 445 2836 2840 1782 2767 1617 712 2130 1045 440 1253 2050 735 1029 179 1422 1640 1261 2287 1993 1552 2241 319 1860 1381 1544 550 134 1658 2439 123 1710 2631 900 932 1218 197 2628 463 518 2150 1840 2588 2375 992 1489 2133 194 724 1307 2352 2046 860 1948 497 2482 1051 1486 1416 1701 1417 563 1437 1369 1096 1208 965 51 2076 259 2632 2735 260 1636 906 1788 2082 1026 2088 769 674 1543 628 1048 2454 2649 173
2749 154 2740 342 1059 551 2468 203 1524 1629 2444 1811 795 1803 798 842 1494 1167 2187 1675 1509 472 1355 2002 1653 2710 38 2198 2013 127 2588 1862 1060 147 880 2266 1086 2206 1432 2758 741 158 1295 1069 1373 130 287 2771 879 867 641 1925 1807 2703 557 1982 1345 514 888 2662 2399 262 428 2385 2517 2127 226 1863 2529 2431 2189 1421 2776 2213 667 1619 1735 242 2371 2138 1193 1270 299 2269 577 1101 1129 82 307 2581 2731 2403 1549 2576 273 1 2727 2797 2654 385
1697 2268 922 2167 1188 37 1865 1456 759 1858 459 468 122 2643 1260 807 546 1763 1221 285 6 411 1702 582 1090 1082 1284 586 1308 1083 443 2313 732 229 1006 298 620 1570 181 973 448 1285 1797 2194 2043 2816 1227 2261 1610 1884 2118 1015 1153 980 475 650 2666 2171 1537 1882 2810 1916 2346 1723 1891 2706 1425 1380 669 1761 829 476 661 2476 1560 690 629 1603 2168 2623 1199 820 2425 275 205 2468 2807 758 138 389 2061 1541 2611 1921 1972 2402 1140 561 1387 1612
1096 1948 1416 1362 1897 1586 497 992 1051 2046 2272 194 2352 1316 2815 1496 1636 2556 2628 1218 155 1381 2721 439 1993 1658 712 1569 305 64 51 48 1796 562 1640 1860 2241 1369 715 2454 1617 1544 563 2082 1840 100 1422 1782 2439 635 1552 1045 1584 2650 1710 2649 221 1048 2631 2270 26 547 2034 445 2632 2713 1878 259 550 2836 1663 925 2769 518 1870 782 645 1261 2826 1018 900 348 1029 1972 1307 805 2790 987 2545 463 1755 2767 260 628 1612 1303 1701 1328 1756 721
2433 2309 2713 201 1453 1490 2376 1901 2545 1860 2034 1796 100 1569 715 48 2721 64 305 562 51 155 439 1640 2556 2631 1948 1416 2272 1316 2352 1051 168 194 1496 2826 26 563 559 1965 2088 2553 1369 1878 1870 2454 2714 2769 1096 1046 1584 659 1123 925 2649 486 2007 348 231 2650 480 260 445 1307 712 1148 674 2652 1848 1636 2419 663 259 978 1840 2538 1428 1983 197 440 784 2840 1617 645 2337 1414 550 518 1045 900 1782 704 2358 772 2343 1543 2082 2708 1117 503
281 396 1865 2627 2823 1284 448 2313 2194 2261 229 1456 1227 629 476 1188 122 669 481 1425 661 468 411 1858 1761 2677 1610 922 829 2168 1153 1015 298 1560 2118 980 1884 37 1285 454 1260 1199 973 1537 2101 1449 1987 2167 2268 1570 807 815 1763 2476 459 1090 941 1697 2030 586 1082 2387 2425 1308 759 84 644 2188 546 285 2720 2643 1702 181 2706 6 620 443 1797 387 1080 690 2442 205 1802 897 1221 20 582 2468 2562 167 334 971 2688 1844 1933 2791 2498 732
546 582 1221 6 285 759 1702 2643 1083 1260 732 922 620 807 181 1797 1697 1858 1188 468 1865 1882 1570 2194 2313 1456 2261 229 1227 2816 411 1284 475 2043 122 1916 2346 2167 2476 1723 2807 2171 2810 1891 2268 298 1380 1768 37 2666 650 1318 1153 281 661 1761 2048 1285 1603 669 476 956 1560 973 459 629 448 1884 1610 2627 829 758 2118 389 820 396 2168 980 1568 1472 1018 2425 2611 636 1011 2053 2232 2715 2236 1124 2465 2505 782 31 1037 1262 1537 643 467 1647
1593 483 1631 2784 291 1561 832 540 240 617 1883 789 1535 1300 1346 2000 2129 2542 2242 499 1389 1801 2504 1483 44 2579 792 1353 2277 376 2260 16 1197 2759 1447 1804 1683 465 63 1469 2235 1115 2785 614 2054 1019 374 1672 407 1394 1749 529 803 2296 1087 1914 1137 1590 2022 251 2546 1333 91 898 93 2072 646 967 1213 766 1449 1207 2437 1427 895 1161 182 1743 2238 1773 714 2066 1166 328 1513 983 1847 1693 1558 2317 581 1298 2409 2113 1990 2700 76 310 1836 2540
209 838 245 139 2280 2173 408 383 356 49 2396 192 296 1282 525 2669 2025 1787 61 207 654 225 1141 2070 27 1356 1505 1781 2794 2531 2311 239 2091 2164 1555 1274 1011 1725 598 1780 368 1127 2499 2183 531 444 1439 1435 1168 1299 1924 1248 2051 799 679 2359 625 1598 2693 653 113 290 526 274 608 508 864 858 344 994 1024 423 2137 822 31 1755 1503 2232 314 1568 1088 1187 2406 252 1875 1648 261 1050 1961 390 2279 2715 1635 1964 1715 1967 805 331 33 449
2044 1934 2501 2528 2411 1644 1624 1656 2817 188 2790 1102 1407 611 817 85 1926 2300 221 943 2832 987 1319 312 1405 556 1386 2082 635 2270 547 2545 1796 2034 439 1569 155 64 305 51 100 48 2721 715 562 1640 1752 1860 201 1422 2419 134 2397 2574 712 1369 659 1146 550 2826 2631 1782 2652 463 1983 2433 559 925 1202 2309 2556 1617 978 1870 1552 197 26 2836 1437 2454 1092 1428 2713 1468 2649 480 2011 1190 1840 1208 900 259 1029 2714 2084 445 674 348 2424 1799
1730 1929 2806 2285 295 1275 2687 268 1843 1875 495 1039 131 452 1941 2565 504 1500 33 290 220 89 2765 389 2634 2531 840 449 2343 1024 467 1378 2301 758 241 1503 2407 1022 464 1706 1008 108 822 1655 1124 927 2557 2236 1475 344 999 1037 363 753 2465 2505 2398 752 1789 1831 628 1021 655 1912 1662 484 125 2142 1220 786 2611 1917 936 2429 788 2059 726 129 2053 501 1335 2062 478 2137 402 1932 2632 1813 1062 252 324 1281 346 456 471 138 2228 1026 1472 314
957 5 1889 509 2457 844 2404 1515 2725 744 2448 1766 2464 609 244 752 2115 1696 1661 2141 1616 815 909 2468 2128 1866 183 2168 84 2263 214 785 2562 2720 1596 387 644 592 1365 1880 150 2188 1802 2503 1987 941 2442 2498 171 621 959 43 481 971 661 2688 1139 1108 2197 1113 1556 2807 2278 1283 106 1927 636 1318 42 669 1536 38 2476 2761 2109 270 1032 2152 476 1525 2060 2502 189 2261 1768 181 620 2554 96 2194 1797 1477 894 115 306 2627 2153 2425 2401 2048
2548 2189 2731 687 741 1589 1122 1814 2662 2844 2063 837 1009 1159 1735 2455 2484 1815 2138 2092 537 1539 264 2833 403 2139 2797 2776 2371 352 299 2269 2576 428 1982 667 1549 557 203 1925 2215 1619 1571 1524 795 913 879 1816 2524 342 2403 1366 1863 2529 573 551 1025 718 2486 2100 386 641 2385 1373 2226 891 1349 2412 143 1440 1514 226 2771 846 317 262 17 1278 642 888 2727 2431 2158 234 1043 2590 867 2834 1660 706 2739 2399 1457 600 1086 1862 1242 1776 1480 1350
455 1262 2232 1568 1011 2715 1612 822 799 2698 1506 1273 1216 1918 1140 2137 31 653 2565 326 580 2627 2693 331 1024 1755 216 113 344 1274 2142 1503 159 805 2053 1037 1124 1924 1317 1756 131 1097 1293 1967 138 1635 390 1789 391 1050 1118 471 1505 2343 1278 1395 1843 2531 1715 1831 1822 1143 927 241 1655 1438 1921 670 721 1972 1647 2402 2061 268 2062 1875 1141 655 464 1706 314 495 27 2070 252 290 220 1248 61 207 356 561 1435 643 261 2236 2765 49 2311 1282
150 2263 1525 1726 2623 2678 1280 2572 1084 1371 2386 1380 474 1960 2503 2141 2554 894 106 419 96 2116 1139 762 2153 2476 861 1632 1365 1458 1927 2374 189 624 2060 2188 1318 2720 1032 2514 1866 1596 971 2562 785 689 2807 181 183 1802 43 1536 793 387 644 300 1083 1797 1108 905 42 294 1758 1018 1425 620 2454 1336 1400 2520 2442 782 481 621 1347 2831 31 2425 2053 580 1011 133 1127 2348 1880 2401 1692 724 2538 2611 1274 1302 925 2505 2465 1013 57 455 2687 2688
1830 702 848 1107 1114 931 903 1310 768 1340 2388 1767 65 1908 284 835 2471 2601 1512 990 502 1235 2276 2624 688 126 103 1845 578 1254 1323 297 1608 684 250 1720 1821 522 1391 1413 1975 1186 2314 2667 225 1921 2061 1972 258 721 2402 533 1465 331 999 1647 780 726 61 806 534 1706 1438 2557 464 2316 771 2181 561 52 655 207 2689 2742 81 2244 2099 484 705 1827 2017 471 290 2283 525 2370 1140 587 2429 1506 175 2059 418 532 216 2693 1395 2236 389 1715
485 1334 1175 1306 1951 727 589 658 2323 1798 962 1230 2787 395 853 426 1361 572 1597 24 634 2143 1689 2644 2430 529 2024 2054 2546 1115 2277 646 1683 545 1801 2638 2066 1389 1213 1197 2113 1451 2178 1394 1928 714 895 1166 93 304 2409 2759 1300 1590 898 2540 803 2000 2072 1558 374 1207 789 1265 2579 1561 1149 2320 1559 1427 1137 251 293 614 581 286 739 1900 2172 2673 676 101 76 2224 215 436 2533 2242 2022 2295 2040 2521 2504 1397 240 1087 2756 364 1448 1488
79 1067 2068 2665 722 2305 246 2511 1547 2842 974 1134 1463 97 204 2041 1935 1606 116 1212 2135 2506 137 2294 350 2813 2741 2248 899 2598 217 1464 2382 1937 686 1330 2393 1639 1777 1076 2359 2436 790 12 2580 329 508 2286 1771 1962 804 2625 1185 2708 2499 2427 140 948 772 2681 1944 598 175 255 2193 711 1868 682 503 2322 657 159 1335 1635 1725 1099 633 1050 1967 2370 972 677 2365 2716 1746 120 2052 2435 390 1680 1029 1092 326 1135 2814 2789 2597 655 368 1955
2189 741 2662 1549 687 2776 299 428 2139 2576 2371 1982 2269 2797 1524 2833 2455 352 557 2844 2092 837 1009 264 667 1735 1278 2484 2731 1539 2063 2548 1815 891 879 1159 1925 641 2403 1619 1242 403 203 1863 2385 1814 1589 1373 226 551 1509 913 2771 888 1571 2431 2801 991 1862 2412 2215 2175 1295 262 1807 1828 795 317 2100 573 2648 1338 2460 1122 127 2614 2486 2517 2266 1238 2710 1816 600 1291 2468 1629 2811 267 342 17 1622 2524 685 1803 2138 405 846 2727 867 2399
1179 515 2792 2491 1579 2328 1578 841 1791 1977 118 952 639 945 2647 1769 9 887 1920 919 567 1063 1651 1531 2682 748 2252 1354 998 1583 114 1470 819 2778 808 2065 1585 1770 1667 975 1851 7 930 916 2379 2575 1854 982 1211 2729 2310 2711 227 382 517 2042 778 763 928 1657 923 2304 1970 1271 2459 2723 2097 2488 2225 492 2793 1367 151 1368 2559 2349 1154 1528 381 1402 2618 2416 2334 1819 1643 781 579 1239 910 528 311 1042 2081 809 1864 776 25 2564 524 1151
2141 621 183 171 815 2152 2502 1365 909 214 785 1605 1987 959 84 1139 45 941 2503 1866 2263 106 2056 1251 2197 2522 1927 2182 1113 2760 1364 2608 236 2401 1064 2612 2831 506 1032 481 2841 2060 189 96 1171 565 1217 894 1661 2554 2751 1286 2705 1632 419 22 1844 150 2567 2153 1458 1214 2109 1953 2348 2386 398 1960 309 2761 1560 1525 270 2048 1768 1315 1283 762 244 1336 2720 2678 1726 644 396 620 2160 2627 1013 971 2188 387 957 2442 181 2688 732 2498 856 43
273 2104 2524 147 2595 2175 1242 577 2710 1069 1355 1167 2758 1607 1341 1811 2094 1530 160 1078 2709 1421 2444 1816 1366 1509 1803 127 1480 1059 551 1539 166 2738 2517 1862 2226 557 2013 2619 1629 1660 879 472 2607 1025 1264 912 2633 2820 2801 1524 1939 342 2473 1270 2529 203 2835 405 867 810 41 2468 1735 1060 2266 71 2271 1295 143 2213 787 2363 2648 697 386 1549 1807 1373 1540 1349 2208 1215 46 352 958 641 638 1440 2481 1828 2340 1652 30 1 307 1925 718 591
2022 63 2000 1213 1019 1333 1137 614 1087 93 1590 2066 2113 2072 1207 2178 304 898 1558 895 1394 714 2409 1166 1928 1298 1389 1115 2546 545 2542 182 1801 76 1197 2656 1300 1346 1561 853 529 2242 1693 617 2277 1353 1631 1683 1434 803 374 1773 240 1971 1883 1535 1257 483 1786 2579 2759 1161 789 540 1357 2114 395 2054 1343 1513 310 2224 2784 1743 832 2504 407 1593 1175 2149 581 1847 954 2016 485 1451 940 39 676 646 2644 1685 291 2129 2737 499 251 1785 1951 2112
536 1588 1132 1268 1431 36 121 2117 988 2090 733 193 569 866 680 2333 432 1499 332 429 979 2786 340 2227 2108 500 1065 1393 2029 802 1492 2668 2743 571 142 1418 1562 2078 1329 2795 2570 2839 1033 1764 2335 1910 555 176 886 1890 1699 2808 1553 2380 1430 412 1686 1886 1256 1774 2384 2406 2279 2137 2212 1952 1327 1240 2774 2267 1303 864 2789 508 561 994 1955 1275 1829 1266 2812 2770 1543 1037 553 1746 2534 1974 2822 655 1852 2552 1118 2265 597 705 1182 1187 699 1475
1060 537 2811 1349 2138 2473 961 2412 2255 685 317 1338 2486 573 2403 2213 17 1571 1862 2100 307 846 1622 642 1520 2399 600 913 1 1815 2727 2338 352 234 1572 969 1101 2339 1159 795 403 1618 867 2215 1009 2484 2226 2063 837 2661 203 1242 264 1539 2455 741 511 2844 2092 90 2175 2635 557 2776 2797 1629 2189 2371 223 2731 2833 2139 1735 2340 299 428 1615 46 2269 1982 2834 1814 1409 892 2576 2709 1828 2614 879 1540 1994 577 2158 2781 2431 1549 1619 1803 1122 1925
1353 1883 1801 2784 240 2277 1394 304 1300 483 789 1213 2066 2178 545 2113 529 1389 2000 1593 1683 2546 1115 2504 395 251 2054 803 2644 1451 2579 614 1427 1561 834 898 2072 1447 1087 374 16 1558 761 714 2022 646 1804 1631 2249 2114 1483 1469 101 2058 2555 1137 1180 44 1559 1727 1749 1914 2317 341 63 1207 2540 2759 766 2409 2785 1361 1106 2381 2281 792 2288 376 1979 1996 117 291 2030 1257 1166 364 1928 1898 2303 454 1719 39 576 215 1093 1951 2242 2118 1971 230
150 2263 2141 1365 183 621 171 214 785 2623 1525 1726 909 2502 2152 815 2678 1280 1866 1084 1605 1139 84 2572 1371 2503 106 941 2386 1927 2401 1987 474 96 1113 1380 894 959 481 2554 861 189 1251 1032 419 1960 2060 2612 2197 1458 1632 2153 2116 1661 45 762 1171 181 2720 43 752 1013 1318 2442 2188 1336 2831 2807 2522 620 644 1536 1283 971 1108 387 1596 2348 2688 2498 2476 2562 957 270 2278 398 1953 724 647 1797 2056 1018 782 624 363 1217 636 1692 1395 2091
213 2408 558 2295 2413 184 1312 1448 2472 135 1478 1265 2354 119 2615 707 1533 1383 2638 1269 80 1849 1296 757 1867 1529 2390 424 1722 1984 520 1945 2566 232 19 1728 1231 2744 218 1733 2172 2533 286 754 2673 29 1149 2320 2756 2021 739 2366 2430 2014 2024 2124 2464 2404 498 1766 783 425 1477 473 2508 1661 375 608 1411 2625 2037 609 508 306 1330 24 388 994 2128 1061 1326 2115 1494 1889 1258 255 2351 1828 405 2584 864 1931 1998 1335 482 974 1653 430 89 444
2077 2478 2772 1125 1753 2777 70 2561 2510 431 1035 1759 2161 18 2757 1834 1839 951 315 601 2622 1165 1842 1390 1557 2015 1252 2302 2818 2 2663 191 1980 2685 2315 767 277 1938 1235 284 2471 297 578 161 103 533 1323 502 1895 1391 688 2279 2624 1845 770 769 2314 788 2228 430 2755 860 1335 1026 1608 990 1830 1008 655 2482 1303 1475 2061 2236 2632 999 1413 1829 252 1248 89 467 561 848 2601 484 2667 2702 2774 2181 412 2311 1912 753 1972 1018 628 553 768 108
2433 2309 2713 1453 1490 2376 1901 201 1860 2545 2034 1796 100 1569 715 2721 48 64 305 562 439 155 51 1640 2556 1496 1316 2272 1948 168 1416 2631 1051 559 1965 194 2826 26 659 563 2553 1046 2007 1870 2352 486 1878 231 2649 663 2769 1636 2538 1123 1369 197 2454 2652 2088 2840 1307 925 1848 1428 2419 674 348 2708 1414 1986 1148 2714 480 2650 445 1584 784 2229 1799 1983 1840 260 950 518 978 259 704 57 2155 1096 1765 550 1831 440 772 657 2343 793 782 712
2045 2755 2023 1584 258 747 2496 770 1320 2161 1443 1833 1029 235 2610 711 367 89 1303 2770 503 1118 1774 1972 159 507 430 1182 2597 2789 175 1293 1143 523 1635 326 561 1317 1756 721 2061 1829 1822 655 1335 390 1967 580 1097 2177 31 2144 2402 633 2611 805 1746 643 2774 1164 1921 1755 1650 1039 2119 2199 1099 1974 220 2716 1050 1395 412 968 1647 2406 1715 2279 1411 2715 1938 1461 252 162 2283 872 478 2814 1885 1568 553 1022 402 331 653 2765 27 1140 1991 1135
1865 1284 298 1570 922 2313 1456 1188 122 1858 1697 468 980 1884 2118 411 1610 1285 1015 1260 448 37 973 546 759 807 2268 2706 6 582 2643 285 1221 1537 1702 1227 2194 475 1083 1916 2261 2346 2167 1723 229 732 454 1891 620 2810 459 1763 2171 2816 1199 1082 181 690 629 2043 2666 1308 586 1090 1797 650 443 669 1560 1153 2476 1882 476 829 1380 281 167 2030 23 1080 661 2677 2627 1761 20 1603 1006 1425 396 2823 2425 758 1568 389 2468 1011 2807 1262 2232 455
1179 515 2792 2491 1579 2328 1578 841 118 945 2647 639 1977 1791 1920 9 887 952 1769 567 1063 1531 919 748 1651 2252 2682 998 114 1583 1354 1770 819 1470 1585 1667 808 2778 2065 916 1854 2575 975 227 7 517 1851 2711 382 778 2042 2310 982 930 2723 2729 1211 1970 2379 2459 2097 492 763 1271 1154 1367 1528 2334 781 1368 923 2304 2349 1657 2416 151 2488 381 2225 579 1643 512 1402 928 2026 566 1819 776 2793 1239 2618 2559 2603 417 25 513 1686 524 977 1209
1353 1883 2784 240 1801 483 2277 1300 789 1394 304 529 1593 545 2066 1213 2178 395 2644 2113 1683 2579 1483 834 2054 646 2317 2000 1057 2504 374 2249 44 1389 1447 2323 761 1561 16 1277 1304 1230 430 734 1827 2173 2058 175 679 625 1449 1335 2555 2091 572 2806 239 1248 2280 508 1427 1598 2228 1781 1115 1749 356 245 2547 1050 295 2164 125 209 858 2137 2311 1297 139 2279 376 1631 1929 2030 1972 2283 552 449 2396 838 1026 1037 313 525 1505 252 49 383 805 788
1870 2769 925 26 2454 348 2649 1369 2538 480 2714 663 550 518 1422 179 2588 2556 2638 463 735 2130 1417 1788 2289 1701 1489 197 1710 2375 860 2650 433 1617 134 2631 2840 1029 2050 563 440 1045 712 720 769 1640 445 2133 2123 1782 2011 51 645 1776 259 161 1054 2826 168 305 2544 2836 1859 439 2482 1552 77 421 1665 1649 155 2241 1569 2767 1358 1993 1328 704 1663 2632 1543 2004 2837 1148 1024 471 48 64 1381 782 635 628 1048 2765 2707 331 805 1438 1453 390
127 2710 472 403 2063 2484 2138 1815 2444 537 1159 1009 837 264 2372 511 2466 1324 2455 2844 741 352 1803 2175 1355 1811 1167 1814 2139 2833 2092 2731 2820 2797 1509 1939 2189 2266 2481 299 2371 2738 2269 2013 1571 2758 2576 1539 577 1421 1270 226 1122 1069 1242 913 2776 573 1387 1059 203 1589 1862 2339 147 1828 1060 17 2709 1549 1409 2399 2100 1520 1341 1258 160 400 2253 1982 846 1607 2595 1294 2524 1572 1530 1 1629 1446 1295 2486 428 2835 879 888 642 223 1373 1698
1882 956 1761 829 1541 820 2387 669 1153 334 154 1603 2740 2749 342 661 2168 750 476 2468 1059 2194 551 1227 203 307 2261 2399 2823 1520 454 115 1 2529 389 758 363 2727 1629 448 1373 2505 2465 534 2431 936 1862 455 1438 1124 471 1921 1140 2429 1524 1568 484 2402 1662 582 786 402 1378 1647 418 1756 2771 1918 1262 685 1022 2053 1295 2244 780 1275 2403 1018 2476 108 1011 143 2232 89 467 2059 721 1037 999 1216 806 1481 1024 991 53 2467 2690 2470 464 2236
2054 1361 658 589 727 1306 1175 1951 485 1230 1451 572 2644 395 2787 1798 962 2000 1559 646 1334 529 1115 2323 545 2546 293 1300 1106 1683 2277 1801 2540 1389 1427 1394 2113 251 789 101 2066 436 215 2381 989 803 737 364 2178 1213 483 341 1900 2040 2504 1883 304 2759 240 1353 2579 2238 2114 1898 328 766 1561 2784 374 1593 1197 2288 39 1786 407 1257 1093 274 2499 2281 2639 864 526 617 2683 2072 714 994 1876 1274 1555 581 1971 1026 2062 782 647 2370 1180 313
1790 1933 2071 1305 897 2218 222 1052 1504 2512 1436 1638 1709 1806 1736 2342 2450 755 2355 935 2201 836 2432 850 2156 2645 1321 1098 2096 2750 1911 2691 1044 2362 1621 2420 144 2642 2537 2446 599 99 612 666 1145 561 412 2452 127 1248 2279 1118 1273 643 2774 1435 252 2698 1182 1472 872 858 1461 89 625 1327 1039 2212 1378 141 2611 1692 1852 1829 162 331 1598 734 1124 771 1475 175 1715 2770 2552 235 533 1164 1097 402 1755 216 1293 1822 1972 1924 1568 2137 200 1991
967 1719 2638 1804 2615 1448 1265 1689 2143 1478 24 426 1597 2024 184 2430 634 853 2408 1849 2295 707 213 2354 1722 2413 1867 91 558 135 2296 1269 2390 424 1529 2472 792 2235 2566 119 2744 1383 232 1945 1733 520 218 19 739 1296 499 80 2756 2320 1984 2021 1312 1533 1149 2533 754 2224 465 1728 2673 76 2260 286 1231 2172 29 1535 895 540 1590 93 291 714 240 757 832 1166 498 2324 898 1928 789 1298 404 2649 1558 1776 1207 925 2014 2538 746 2769 1870 550
2683 1223 2639 574 2291 1874 647 494 2057 2435 146 1899 2708 657 1185 677 2183 1777 2569 1944 2438 682 1592 686 491 329 2436 2580 2598 804 2286 974 1464 140 2499 598 1076 1931 1868 939 1639 1725 444 948 2526 1056 368 1555 2813 2393 2220 1055 2248 1433 2051 1452 1937 1477 2445 2704 2382 2089 1439 526 274 864 608 994 482 508 2427 1330 531 255 217 790 2294 2440 1942 1876 2359 1088 1408 271 1998 1892 423 1964 637 1274 670 1127 2053 2625 2062 390 2534 295 1050 159
2175 273 2104 2524 1242 147 2595 2226 1539 577 1167 1355 1811 1549 2710 2709 1366 1349 2758 2576 2517 1069 2444 1816 912 1803 2619 1264 2776 160 1 1530 741 46 1421 203 1607 1520 1480 2100 1509 1025 1341 342 2801 2834 1540 1629 2139 352 2269 2158 2363 557 2094 1078 41 1735 913 2131 892 1270 1215 879 2727 307 17 1684 591 1571 1618 2340 573 1660 299 1862 166 2529 1564 1837 2403 616 2371 2473 2185 2738 667 2633 1572 143 2781 551 2215 685 2833 1863 2213 349 1409 2806
767 277 1938 1443 889 1747 2686 1833 2532 211 2702 770 1320 2496 1980 2315 2685 369 269 1989 1548 1460 2818 951 2015 1252 1834 2478 1842 2777 1753 2772 2 2077 1125 2510 2663 431 18 2757 70 1759 601 2622 1165 258 2302 315 1557 2561 2045 2755 1390 1895 2023 191 2061 769 1275 1584 2236 1972 2232 2402 1655 1829 1475 1018 927 1647 1789 161 782 1929 1248 1831 721 655 625 331 2311 2316 1008 2632 1035 553 389 455 533 31 1302 1568 1303 1472 484 618 999 268 2279 2017
1051 194 2352 1416 2272 1218 1586 1948 2628 2815 497 2046 992 1636 1316 1496 1897 1362 1261 1965 1381 1658 1544 2439 2241 1840 1096 2556 1253 1986 1782 2713 201 518 1860 1901 2309 1453 2376 2433 2836 712 1490 1640 2050 440 1752 1663 1649 64 645 51 1054 2767 1045 2840 1444 735 445 2707 2011 2837 950 947 1617 1328 197 1710 563 900 305 2482 2130 2287 169 1679 965 1569 1029 1584 2133 663 179 1993 173 1623 2649 161 48 1307 1422 1369 489 1489 1552 2721 769 2652 2023 1486
2843 257 1731 1800 1138 2613 1707 1645 2609 742 1871 288 1526 519 2516 2377 1894 1527 535 2145 1779 406 1442 1385 1511 1969 749 416 1992 1068 1007 410 1325 821 811 773 2102 1079 2763 1110 2788 392 112 2290 2746 1455 365 2730 2549 1794 2341 730 1005 1670 1379 1131 2299 2364 1968 544 593 1243 1174 678 301 673 435 937 2492 774 434 338 855 1466 2196 1040 1311 2005 2219 709 2006 1913 1783 2151 2680 2560 2417 253 1094 1581 336 1966 1936 1309 2830 1020 538 2251 870 2697
419 2554 2153 1632 894 96 1927 2060 189 106 1032 2263 1171 150 2751 2567 22 1214 481 2401 1726 2109 1013 1336 861 1525 2116 785 333 2623 309 1365 1661 2678 1217 1960 2612 762 1286 752 2831 924 1139 2705 856 2386 2160 181 2141 2398 471 957 1438 1251 753 724 628 1220 1182 936 782 1048 1018 2144 478 2821 561 643 620 2690 1692 274 1026 42 2531 216 2764 655 2689 2765 1024 2611 346 1662 430 2279 2687 1273 108 2467 84 1117 402 2632 138 252 1140 2343 2370 1164
1346 2542 1298 1535 617 540 1434 832 63 1019 1773 182 1137 1333 1590 940 2022 310 93 1087 1343 1693 614 1561 499 1004 2129 1161 2112 1513 2827 1207 2000 2737 895 1847 1795 983 2072 1743 2656 1712 291 2242 949 898 2441 714 1558 75 2149 1631 2190 76 2016 1166 1103 1593 695 1785 1760 1257 1999 954 1786 1176 1971 407 2409 751 783 1928 1091 1357 2497 777 2556 2202 2649 1453 853 1685 95 2538 739 198 1901 39 1197 2745 2769 2840 925 1496 1870 2454 550 480 348 179
79 2665 2068 1067 722 2305 2511 1547 246 2842 1134 116 1463 97 204 1212 1935 1606 137 2294 2135 2041 899 2741 2506 1944 350 442 725 1055 2558 2728 1962 790 2319 692 1130 686 165 804 2813 2766 2436 2248 2598 2580 329 2057 494 1076 2719 974 1777 2359 2286 1464 1639 574 2291 1126 2292 447 972 508 2499 2435 1099 1275 1376 326 235 1185 2681 2716 507 159 200 2557 655 390 1998 1635 1874 580 1967 711 771 2406 1425 503 2610 598 1452 1715 2393 2789 531 1929 553 1273
1235 2471 2601 2624 688 2276 103 990 502 1323 297 1845 126 578 1767 1340 1908 284 768 848 1391 1186 1830 1608 903 1114 522 702 2388 1413 684 931 2314 250 1107 1720 1821 1310 65 1975 835 1512 1254 2667 258 533 1302 2283 1972 2119 2099 1896 721 2316 1827 2061 2028 2557 2402 532 225 175 1715 2742 1921 705 847 1125 561 503 1532 331 968 1465 655 1974 1335 2689 2228 2236 1831 2674 2181 587 1741 1647 1655 973 2370 2062 1021 771 290 1967 2478 1187 2755 734 1756 999
392 2331 1419 301 2341 253 519 336 1455 248 2763 773 1992 1778 1454 2219 843 538 1516 1498 1133 648 2102 2318 94 410 937 1442 1424 2549 1243 709 1387 1707 730 1131 338 186 1309 1573 1200 257 855 1174 2680 1634 2746 610 717 1850 434 678 1969 2005 1425 2843 2151 535 1546 365 1142 2290 2492 1581 2299 870 2560 774 1968 1794 881 1511 1379 1913 435 1311 1020 1682 2364 2830 1466 1800 1073 2788 742 99 2145 2243 2006 2730 2212 2251 275 2597 1327 1781 1037 552 897 1297
1875 1843 268 495 131 2565 2285 1941 290 33 1500 2531 449 822 1024 1503 452 1021 225 1039 344 2316 2017 1917 618 200 2137 1961 1781 525 2164 1506 383 241 1612 1262 2142 1505 1730 1127 1140 252 245 533 654 113 1918 1780 2091 239 49 2794 139 838 209 2025 1274 207 61 1787 1011 2396 2173 2280 408 1282 296 2311 1356 1299 1168 2232 2765 2698 1216 1273 1568 799 455 89 2669 464 1706 331 138 192 356 216 758 27 840 389 1789 2634 1831 471 1655 2715 1124 927
26 1870 2454 2769 348 2649 925 1369 480 2714 2538 663 550 518 1422 179 2588 2556 1788 1417 1701 1489 860 2375 197 2289 463 735 2650 433 2638 2130 2050 1710 1617 440 1029 1045 2840 712 2631 134 769 2482 1782 2836 161 445 645 2011 1895 1993 563 2826 2767 2133 259 2544 1640 1148 2088 2241 168 1552 943 2837 1307 260 221 231 169 51 2632 1543 1692 782 1026 331 628 1274 559 478 471 1437 1048 31 1328 655 1097 2082 2439 1050 643 1018 1627 390 1273 1438 1860 326
2428 2798 1429 2539 2629 729 2640 2083 640 2520 2210 13 2671 1910 1337 377 2578 2221 1272 2335 828 2120 2570 2031 1764 2808 964 1329 1949 2839 1070 2038 2421 1399 1754 1038 2795 358 1266 1952 672 2828 933 1041 323 1374 2602 1668 1249 698 865 56 2032 2047 1245 1189 580 27 955 31 2053 1187 2406 1118 2236 2343 1475 1143 159 1037 1568 2513 1011 2232 295 326 1124 1240 1273 1635 838 1647 1822 1140 370 655 390 1050 113 220 2279 2715 1127 2280 1274 209 331 858 1461 1472
1035 431 2510 70 1839 2561 2772 2478 2077 2161 1125 1753 2777 1759 1834 2757 2015 951 1252 18 315 1557 1390 2622 1165 2818 2302 1842 601 508 191 2279 2 430 608 655 2228 412 864 2663 1335 1929 625 561 1026 252 1248 2398 753 994 1938 89 2789 2311 175 858 1182 526 679 1022 1829 1303 1008 1275 788 2625 108 1220 2301 769 1475 1701 1598 467 1774 2265 2765 2137 999 531 2236 927 628 1955 2061 2687 2062 1378 2774 1039 1435 507 2806 1788 768 2531 1417 484 726 274
2550 1507 1104 1669 107 2604 1177 2414 2641 55 728 397 1194 2176 575 2754 2019 1691 2395 1482 584 1016 2080 1523 373 845 441 2383 2695 2136 1244 393 863 1646 1147 1450 2518 1120 339 1678 830 1073 603 834 2275 761 1620 1972 1026 2555 721 2061 2402 1048 125 1568 618 2632 788 1220 628 1647 2806 2254 138 412 430 1303 295 1912 2137 108 1018 1140 1044 1730 840 753 1395 1612 561 252 1022 782 2597 2690 1655 402 2017 2687 389 927 2191 1293 89 758 1732 1831 1500 2407
2018 2284 2146 1289 2008 764 719 2551 190 1577 1493 914 1157 2209 1534 2487 812 723 1351 35 1359 2824 2585 539 450 1772 303 1915 1128 212 1997 604 2603 58 2453 2485 615 874 1121 153 1204 2582 247 862 516 1247 1347 2718 1403 630 256 2734 1595 2165 549 206 674 977 2012 978 490 1600 2312 1878 1092 2397 188 2574 2606 1172 2019 2035 259 1307 2082 1414 2200 2148 1151 1468 524 547 312 57 2826 2424 904 2670 1386 2270 168 2564 1148 486 2800 2652 2832 2004 1983 133
2141 621 183 2502 2152 171 1365 214 785 815 909 1605 106 1927 2263 84 1661 1866 2751 1171 941 1987 1139 1113 1032 2060 189 2567 96 22 2401 45 1214 959 894 2554 1632 1251 2522 419 2197 2056 2153 2612 2109 2503 2841 2182 1364 1217 2760 150 2608 2831 481 236 309 1064 506 1525 1336 1013 2348 1371 856 1280 1953 333 1960 762 2116 1315 2623 2160 861 1283 1004 270 1458 2705 565 2678 957 1286 1084 1757 1108 75 2112 244 1144 454 198 2030 1363 2737 949 2386 2079 2404
2707 1623 1054 1679 1328 1444 1663 947 1649 169 2011 2837 645 445 2840 2836 1782 1617 2767 2130 712 1045 1253 440 2050 735 179 1029 1422 1640 1261 2287 1993 123 2241 1552 319 1381 1544 1860 1658 2439 134 550 1710 2631 932 900 1218 724 2150 2628 2588 518 197 194 463 992 1840 2046 2133 2735 497 2352 1489 2482 161 965 173 2375 1051 769 1307 860 563 1486 1775 1636 1788 2076 2632 1208 1417 1701 1026 1437 906 2289 2228 489 1627 1048 628 1543 1335 782 51 108 1586 1021
1328 2707 1623 947 1663 1679 1054 1444 1649 169 2837 2011 2836 645 445 2840 2130 1782 2767 712 440 1617 1045 2050 735 179 1422 1253 550 1029 1640 2631 1261 1993 2287 2588 724 2241 1552 134 1381 1860 319 1658 1544 2439 123 518 1710 932 900 2714 480 1369 2454 2649 925 2769 2150 26 348 1870 2538 1218 663 197 1840 2628 2133 563 463 2375 1489 194 1636 1788 965 2088 1051 2826 1417 1148 2289 259 1701 2352 2082 860 992 2544 2556 635 1307 168 2076 2632 1543 769 1048 51
2528 2044 1934 2501 2411 2817 1656 1644 1624 188 2790 1102 611 817 1407 1926 85 2300 1319 943 221 2832 987 1386 556 312 2082 2270 1405 547 635 134 1752 463 1029 1422 197 2397 2419 2574 1796 1617 2652 1983 2375 559 1092 1552 659 1190 1208 606 2724 4 2034 2606 2826 970 978 977 1369 2200 1146 1428 2084 1202 1240 1339 1307 1437 2545 2424 2676 2358 2544 2626 712 1414 2265 2011 1640 2105 445 259 524 178 2774 1486 2307 2714 847 2670 260 2789 2800 1627 480 864 51 2812
1790 1933 2071 897 1052 2512 1305 222 2218 2355 836 1436 2156 2096 935 1321 1709 1098 2645 850 1504 1638 2201 2432 2750 2342 1806 2450 1736 1911 755 1044 2691 2362 1621 2420 2446 2642 2537 599 666 99 144 443 2452 325 1671 1006 8 331 1273 31 745 1216 326 1474 200 2406 2449 532 1327 2212 2698 580 561 2812 2137 1021 2017 2774 655 1715 1376 872 771 553 858 2028 1635 412 344 113 1961 1140 1220 68 1275 618 390 1972 822 533 1472 216 1648 1117 2565 1568 2144 1967
257 2843 519 1800 1731 1645 1138 2613 1419 301 1871 1992 2609 1894 773 2763 742 392 1707 288 2145 1526 2377 2102 1527 2516 406 1779 1442 1385 1969 2331 535 1511 1007 410 811 2341 1325 749 1455 253 248 1068 336 538 821 1110 2219 648 937 1079 365 678 2788 709 1516 416 435 1131 730 2549 1498 434 1040 1133 2746 186 2830 2290 1309 1424 2680 338 1670 855 605 1466 2560 1243 1020 1311 1968 2005 2299 94 112 1174 843 1573 1581 1454 1142 1379 1794 870 774 2492 673 2730
1083 1702 732 2643 6 582 546 285 1221 759 620 1260 181 1797 922 807 1858 1697 468 1188 2194 2261 2313 2476 2807 1227 229 1318 1768 1456 2048 1865 1570 411 636 1380 122 1882 2425 1284 2043 2167 476 1560 661 2816 669 475 37 2171 298 2268 2278 1916 2346 2666 2810 1153 2168 1536 1723 829 448 1761 650 387 1891 980 2118 2761 1884 1610 644 2188 1285 2720 2688 1199 1763 758 389 936 971 973 2442 1726 418 2498 1108 42 1662 1481 2687 455 1438 1603 1537 1568 2429 1124
1870 2769 26 2454 925 348 2649 1369 2538 480 2714 663 550 518 1422 2588 179 2556 2638 463 735 2130 197 1710 1788 433 2289 1417 1701 2631 1489 2840 2375 134 2650 860 2050 1617 1029 563 440 161 769 1045 259 2544 1453 445 1901 2826 712 168 1148 689 1895 219 2482 645 2133 1172 2011 1860 2123 2309 1859 720 231 2767 1782 1092 2836 1665 2004 201 559 724 524 1640 2707 1543 51 1490 2724 305 2632 1758 2241 1428 1328 421 1307 1048 1627 1496 260 2076 2358 1552 2713 1054
2843 937 257 1516 186 749 593 673 1966 434 2549 2788 1794 2364 709 1731 1800 1110 1079 1670 1005 1645 1783 1040 2417 2290 1311 2299 2341 2746 544 1455 2730 410 112 1138 416 2196 2219 1131 742 365 2697 1968 253 435 1498 336 2519 2613 1068 2609 605 1894 2251 811 1094 1871 1707 1936 2005 870 1142 678 535 1850 2006 1309 1133 1174 1243 1479 288 2492 855 1466 1379 355 2560 243 774 1913 1325 717 800 338 730 553 2243 2151 2552 2716 2144 68 852 1039 120 1387 1946 2500
2141 621 183 171 1365 2152 2502 815 909 214 785 1605 106 84 1927 2263 941 45 1987 1139 1866 2401 1251 96 2056 2197 959 1113 2522 150 1032 894 189 2554 2060 1661 2612 1632 2503 419 2153 1171 1364 2182 2760 2567 481 2831 2751 2608 1525 2841 1004 22 506 1712 1760 1064 1013 236 2112 1336 2497 198 1217 75 762 940 1214 1280 2109 1283 1434 949 2348 309 2116 1108 149 1960 270 861 60 2737 108 1999 363 2398 1343 1018 1286 753 89 2687 1378 782 467 1335 2465 2505
522 2667 1114 931 848 702 768 903 65 1830 2388 1767 1107 1310 1340 1908 835 1512 2471 2601 284 502 990 1254 126 2624 1235 684 2276 578 1845 688 103 1608 1323 250 1391 1413 297 1720 1186 1821 2314 1975 2622 258 261 2062 1921 654 1972 1647 2061 2402 1187 31 2693 1756 1759 721 1780 326 2755 225 653 61 670 315 655 192 1557 968 770 331 1317 2025 1755 726 1335 430 1127 1356 2557 1141 1967 1011 356 1787 2669 27 2742 390 2099 245 2757 601 533 1974 1635 1829
1506 1216 1918 216 1612 455 1262 1140 2698 344 2232 2565 1568 1011 391 1924 1273 471 822 1438 331 1141 2070 1435 1024 799 1248 625 679 2311 2715 2137 138 1598 858 2531 402 1274 1356 1503 655 2343 1278 1037 131 113 2142 1124 268 1299 1843 1168 363 654 1875 383 52 61 207 49 495 936 525 2279 346 1647 430 2061 1972 2669 2402 721 290 252 1505 1755 780 225 2627 192 418 1481 1921 2025 561 1465 2244 1395 786 2693 2053 1282 653 534 245 296 2690 1756 2821 408
1535 832 1346 1773 540 499 1513 1847 1161 1795 617 2542 1785 310 2129 1019 2827 1228 1693 63 983 1743 2190 1593 1333 291 2441 1176 695 2016 182 1561 2656 1298 2149 1434 1631 2022 132 2202 95 2745 596 1712 2242 1856 1672 1685 1004 1103 2112 954 940 1343 949 2111 783 576 2547 1999 1749 2737 407 149 2437 75 2700 1760 1590 1836 824 2784 2000 1914 465 483 93 1087 60 766 88 1197 240 1483 1990 2785 895 1476 1093 2238 1971 2497 1137 898 683 328 1257 789 2260 1056
1145 2747 2098 1023 2055 141 612 99 1047 208 2775 174 2126 2655 72 595 1160 1510 401 399 2009 1784 1717 1976 1415 2636 694 2587 453 731 2163 2469 823 1872 172 156 1241 164 460 461 73 760 1599 477 2074 2577 2722 1163 1085 380 981 1628 1233 1688 437 2679 2829 816 1903 2122 177 2274 2362 1808 1089 1826 1201 1404 2177 1376 2370 2717 2557 587 758 972 2552 354 2527 2119 2674 936 534 2592 478 1955 402 1378 726 1182 2698 1335 786 2429 2505 2465 2789 2099 968 313
1353 1883 2784 240 1801 483 2277 1300 789 1394 304 529 545 2066 2178 1213 1593 1683 395 2644 2113 2579 2504 374 1389 572 2000 251 803 1230 2114 1115 2546 2054 834 2555 2317 2381 1427 2288 989 2759 101 1559 962 766 1106 1451 1361 39 341 646 761 2249 328 1900 1180 576 430 1979 230 1749 2058 1357 1483 1727 824 679 215 625 1044 2238 2281 2279 1971 564 295 1898 2547 252 2806 1184 1304 175 1057 436 926 117 1026 1598 2540 364 508 16 1447 1929 1972 1032 2030 2061
822 2137 1262 113 2142 455 2232 1568 1011 1612 1789 1503 241 2715 799 1831 131 927 1655 1273 2698 1505 1274 464 1706 1024 1875 1140 1843 1506 268 2565 495 1918 138 2531 2627 27 1127 2062 31 653 580 326 2285 331 252 1216 1048 2632 2693 2164 2091 239 1037 1124 643 1018 782 1781 1472 344 2611 2794 1780 840 1961 504 1335 1755 758 1039 1026 452 1297 1692 33 2634 2465 2505 1813 1923 290 324 1299 1168 1941 2765 2228 216 449 2053 389 89 363 1932 788 125 1500 129
1993 1710 197 900 1489 1701 1417 860 1788 2767 463 712 1045 2631 1029 1617 2050 2482 550 440 134 1422 2836 1782 735 2840 2130 179 2375 445 1437 645 2133 319 1486 932 2289 260 2011 2088 1640 2650 1552 433 2837 1328 169 2241 1649 1381 947 1663 1544 1054 1658 1444 2649 1369 2439 563 1895 925 1870 1307 2707 1679 2076 1208 1253 518 1623 2454 26 348 2826 906 2419 1860 674 2714 2769 480 965 559 2556 1148 769 1261 2538 2652 2082 659 305 2270 161 1878 51 635 2287 1840
2772 2077 2478 70 1125 1753 2777 2561 2510 431 1035 2161 1759 18 2757 1834 951 1839 601 1842 2015 315 1252 2622 1165 1390 1557 2818 2302 2 2663 1980 2685 191 277 2315 767 1938 2702 1895 990 769 161 889 1747 502 2755 770 2482 2471 533 2601 860 1443 578 284 1417 655 768 553 2236 1701 430 258 2061 484 1475 2289 433 2279 1788 999 175 561 1929 1008 1335 89 1413 753 1248 173 2398 1391 1489 2632 2144 1303 1829 252 1275 1833 2181 467 788 1026 2059 1730 1972 848
1790 1933 2071 897 1052 1305 2512 222 2218 1709 1436 836 2096 1638 2355 935 1504 2156 2450 2201 2342 1736 1321 2645 1098 2432 1806 850 755 2750 1044 1911 2691 2362 1621 2420 2642 2446 599 2537 144 666 2452 443 1090 99 1308 1006 2627 1865 561 1425 1216 2137 580 2212 1327 1273 412 643 1140 331 1568 1118 1124 1972 2611 586 1875 1275 2279 1082 31 326 1781 159 1974 2053 2232 2565 2164 1472 1924 1647 822 138 216 1302 532 1692 113 1143 1635 459 2774 1037 1293 252 858 2531
2775 174 72 2009 2636 1415 172 694 2747 1784 1145 460 1023 164 1241 2722 156 2098 612 141 1688 2577 1047 2055 1089 2274 1808 1163 1160 208 99 2126 731 401 1155 1404 2679 453 1085 399 2655 2469 1510 1100 595 2829 1976 1903 816 1872 2587 1717 2163 823 2122 177 461 477 1599 760 1628 73 2074 220 2177 2362 1275 2557 1929 981 1730 437 1376 478 2301 89 402 655 1233 1003 786 533 430 2407 927 1039 805 1048 1655 2061 561 1756 1972 2674 1378 1873 1335 1715 2632 1896
2018 2284 2146 1289 719 764 2008 2551 190 914 1577 1493 1157 2209 1534 812 2487 1351 723 35 1359 2585 2824 1915 1997 450 539 615 303 1772 2453 1121 1128 247 2485 2603 153 604 1403 212 1204 874 2582 2718 206 630 58 2734 1347 862 1595 2165 490 1247 2353 549 343 1600 2434 1963 2012 256 516 978 1190 2361 276 2574 2312 674 2424 2204 2593 1878 1468 265 188 259 977 2336 2670 312 2783 1092 675 2753 1762 1583 2724 457 2729 2344 622 2397 2019 2800 2606 869 2544 1388
1539 352 741 1815 2576 1009 837 2844 264 1571 2455 2484 2797 2139 2269 1549 2833 2092 2063 2776 2371 299 2189 2403 428 1159 2100 2731 642 573 846 403 2486 17 2138 1349 1982 1814 2215 317 2175 1622 795 600 2338 1618 1242 557 2226 1338 2412 667 913 2473 1735 961 2811 2339 2801 537 203 2255 1589 891 342 969 577 1122 1862 1619 1925 879 2340 1060 46 2635 1828 1101 2614 223 1615 1540 685 2834 641 1 1520 90 234 2727 1572 687 2399 2385 2771 1409 1373 1863 2158 892
998 1583 2792 118 567 1791 919 952 778 382 1970 1354 517 2252 2711 1179 2065 2491 1769 2328 2778 887 1470 808 1854 1579 2729 1063 1977 2682 1657 841 1578 9 515 928 930 1651 114 945 982 227 1920 639 1531 1851 7 748 916 2647 1770 975 1667 2310 819 763 2042 2379 1211 2723 1271 2225 2575 1585 1368 1367 1239 2488 2361 1963 2067 864 2353 994 2793 2044 2496 1327 2212 526 2501 2349 2028 608 1338 1956 1819 274 606 317 2614 2528 2424 2316 1934 2648 670 2411 1302 2459
2053 1124 1024 1037 2236 1662 314 1475 2765 331 999 655 2301 726 484 2429 31 159 580 326 2059 1097 1293 805 2715 1756 1317 2407 1118 1050 1822 1143 1755 653 430 1635 1967 390 1273 2693 1829 1647 2402 1972 2061 721 1715 1008 799 1140 1921 1568 1395 53 1011 467 2698 1303 2062 2232 534 252 220 504 2470 1262 561 2279 412 670 471 1465 455 1216 1612 786 2687 89 1022 1220 1655 452 2343 261 1918 858 806 1275 295 363 1648 1852 1187 464 2406 1706 1278 108 2244 2505
1487 1471 924 1113 953 1757 882 281 1371 1400 629 2688 275 2573 1502 1979 1687 1144 1763 454 1205 1198 396 327 2841 2303 971 909 2677 624 1090 37 167 482 117 1661 1425 2498 2179 2261 2494 2030 1073 1882 1108 586 1525 1922 474 907 1738 2507 2627 2807 941 1255 1641 387 510 84 1018 2557 443 2203 2620 1232 582 1184 922 2623 546 782 20 986 2840 270 2245 2194 2735 2161 285 2768 1541 1536 824 1380 122 1199 115 179 2348 2806 1596 1472 125 2707 2278 1866 2011 2572
2545 2034 1796 100 48 715 1569 2433 2721 64 439 562 305 155 51 1640 2713 1860 201 2309 1453 2376 1490 1901 2556 2631 1584 1496 2023 1316 2528 1644 2826 1051 26 2045 188 1369 559 168 1870 659 348 1934 550 2419 925 2652 2649 2501 2790 2755 1422 2769 1636 197 1096 2454 563 1307 2411 463 1029 1878 2714 1417 674 712 480 518 1948 1240 1046 782 1414 1926 260 1799 2770 1617 2538 1018 1428 1782 670 1983 663 1840 2088 2044 1102 2632 1048 978 1274 2358 31 1123 2007 1701
2252 1470 2682 1651 2065 1063 1977 982 2328 2491 2310 1179 887 916 1211 2042 952 1791 1578 748 1769 919 1579 1851 639 118 1531 819 808 2778 1354 1667 567 841 945 763 2647 1583 2225 1920 1585 227 2792 2379 9 998 2575 2729 930 114 1770 515 928 1657 2723 517 382 1854 778 2711 1970 1271 2097 528 512 7 1368 2658 311 2416 2349 2559 975 1367 2459 2488 492 2618 1154 151 2026 2793 25 1700 579 2103 1274 1955 2515 2496 31 734 670 1168 2424 1208 2597 513 1299 671
1646 339 863 830 1450 393 1244 1678 1732 603 2275 2136 1073 1620 2518 1120 1147 575 1016 2395 1104 1669 2550 751 584 1507 2754 2019 2604 1177 107 2414 1691 2641 1805 373 775 1959 2621 676 2586 2701 1611 1626 794 960 187 2297 845 2329 2368 2233 2176 2347 357 1372 1832 876 2630 2211 2805 818 32 1028 2637 2254 2192 1259 736 1467 1609 1195 1014 1194 2345 457 742 2780 462 2360 1192 2684 10 469 367 2496 2748 1734 316 2752 1594 2447 1715 653 1780 902 2159 379 441 1635
1310 1107 835 1512 65 702 1830 1254 931 848 903 1114 768 2388 1908 284 1340 1767 2601 2471 990 502 1235 2276 126 578 2624 688 684 1608 1845 103 1720 250 1323 297 1821 522 1975 1391 1413 1186 2314 2667 2136 393 2061 1972 2181 175 561 1827 1244 1921 2283 721 806 533 1917 1715 2402 1967 2311 968 525 1395 1465 1896 734 1317 331 1140 1974 1327 2212 532 1037 2173 655 430 1647 534 2716 1021 999 412 2316 2789 1875 2674 252 780 1029 1941 507 2707 2597 587 628 2059
312 987 635 2832 4 1405 1146 85 2300 1102 221 943 1407 2790 1926 547 817 2082 556 2270 1386 1752 1656 1545 1737 626 2389 1319 2817 59 1202 283 2367 950 2411 611 1934 826 2501 2528 188 2044 1644 1624 2477 1799 266 2069 134 2397 613 2556 2574 1422 2419 1208 1552 606 659 1339 1092 2606 1240 1190 463 1437 2265 2515 1468 712 152 2105 1543 1029 2011 2826 1955 2424 2789 1983 2714 1307 1369 1314 900 1708 1896 847 1617 2312 2200 1870 1302 1117 559 1376 925 2652 2191 864
1447 1483 44 16 376 1469 2317 2785 1057 1749 1914 2249 761 1672 1449 1631 291 2437 1990 2700 1836 1183 1178 1224 95 47 1838 2745 1116 683 2058 2202 2180 1856 2555 596 1713 1714 88 1476 824 676 2111 2441 2190 576 1727 2523 834 2422 1743 34 2547 983 2827 1176 832 1277 465 783 2129 104 1593 695 310 132 1228 1535 1693 2784 1632 1032 2153 96 894 2554 419 83 1103 1561 792 2000 1161 269 1568 1282 2232 1300 2053 2016 617 115 1662 580 625 356 295 1929 484 1275
1298 2542 617 940 1434 1561 1346 1343 2242 1631 2112 1004 949 2737 540 1535 783 1019 1103 182 407 832 1773 1693 1999 1333 310 63 2827 1712 499 2022 1760 983 291 75 2656 2441 1743 1161 2190 1513 1795 2129 1093 1847 695 2149 1590 2116 766 1593 1176 149 1087 2497 198 60 328 2238 93 2016 689 2202 2649 179 2454 480 2521 2769 614 1749 720 1870 925 1665 148 2690 1758 2745 1369 348 782 1438 2714 471 26 1137 2632 225 1018 2538 2330 861 2467 2025 270 207 2010 2123
2741 899 2135 137 1212 116 1606 1463 204 1935 97 1134 2842 246 2511 1547 2041 1067 2305 2766 2068 722 2665 1056 2558 79 725 2580 2294 1944 1055 140 494 657 1868 2435 447 2708 2057 1777 1452 1899 1185 2291 574 2813 686 2248 1076 1464 526 2319 2286 1473 864 790 1874 1956 274 2382 2625 1725 1937 655 1274 994 553 1870 1187 2499 1127 598 1771 1715 68 1780 1648 608 1275 1223 2028 430 216 331 1961 1917 999 1635 1708 390 508 2681 2144 2250 33 1857 28 2343 2669 2316
2683 1223 2639 574 2291 1874 647 494 2057 2435 146 1899 2708 657 1185 677 2183 1777 2569 1944 2438 682 1592 491 686 329 2436 2598 2580 804 1464 2526 2286 140 939 974 2220 1931 1868 1433 1639 948 598 2499 1076 2393 1725 2813 444 368 2445 2248 2051 1452 2704 1056 1555 2089 1937 482 1055 1477 2382 2427 1439 864 274 526 608 994 508 255 1330 531 217 790 2359 1876 637 2440 1998 1088 1942 2294 1408 271 423 2657 1892 521 2625 1964 2308 1274 2712 1127 2053 670 2806 295
2741 899 2135 137 1212 116 1606 204 1463 1935 97 1134 2842 2511 1547 246 2041 1067 2305 1056 2766 2068 722 2665 2558 725 79 2294 1055 1944 2580 2728 447 2708 140 657 1868 2057 494 1185 1899 1777 2291 2319 2435 574 1452 686 2248 1076 2813 2286 1464 790 2207 1874 647 2382 804 1937 329 526 2419 146 2062 1870 1473 2632 2825 864 1725 261 1376 1831 1223 274 2681 559 1274 2625 994 1692 1961 1956 1240 2105 1655 1335 655 1708 1503 1275 1356 553 2639 2649 252 618 159 1293
1638 2342 1736 1806 755 2450 1709 2432 2201 1790 1933 2071 2750 935 897 1098 2156 1321 2645 2355 1052 1305 836 2096 850 1504 2218 222 1436 1044 2512 2691 2362 1911 2420 1621 2627 281 612 127 2642 220 396 1227 2372 1822 402 669 1143 476 1475 2061 810 2100 1160 2429 1568 1789 1662 295 2236 1037 936 467 758 99 1022 580 484 430 1852 1293 1939 1967 2053 2059 1395 175 1317 1425 534 147 471 2137 2611 1655 1097 2232 999 307 1929 625 1024 753 108 1635 2279 1062 2806 1865
213 2408 184 1448 2615 1478 2354 558 707 2413 2295 1269 1265 1849 1867 135 424 2566 520 2390 1722 119 1945 1529 232 1383 19 2638 80 1296 2744 2472 1733 1984 1312 218 1533 757 1728 1231 498 2366 2124 2464 2404 2014 1661 609 1766 1889 425 1411 2725 1061 388 783 974 2115 1258 739 1839 2430 2177 1326 89 2024 2584 375 1335 1220 1026 430 577 2398 655 2533 1912 2449 2279 753 2137 473 2037 788 2580 1024 1330 2143 482 509 138 625 2625 754 574 252 1488 2756 2191 2689
2365 2689 2716 2552 81 705 2479 2181 2534 2370 28 523 849 2250 238 1563 505 175 1708 92 1827 2191 2819 2500 2557 587 1532 2283 120 313 458 2119 1896 152 734 972 2674 1741 1010 847 1339 2193 2773 2099 2527 2228 2681 772 671 2597 2177 1746 2809 2742 330 1917 1111 602 633 2592 2052 696 532 2028 354 2322 1376 1680 1956 1704 740 1873 1332 968 503 2199 2237 2764 711 771 68 2144 1327 2212 1543 2343 1117 533 507 1302 553 872 1240 1037 1124 890 1109 2789 1852 261
2471 2601 990 1235 502 688 2624 2276 1767 1908 848 1340 103 768 1323 297 1830 126 1845 284 1114 903 702 578 931 2388 1107 1310 1608 522 1391 65 1186 684 835 1413 250 1720 1821 2314 1512 1975 1254 2667 533 258 1302 769 561 2061 1125 705 655 1972 2316 2119 331 2689 2557 1974 225 1921 2181 771 532 2772 1465 161 721 968 2144 2478 315 2402 175 1187 81 2077 2028 999 534 1827 68 1753 553 780 216 2236 1896 2777 2742 587 1704 1715 2370 2283 1917 1117 1647 1438
1906 1879 394 2064 1290 1518 631 2282 2596 662 1613 1909 2392 2796 921 2140 2357 984 1119 451 1058 1978 2049 1017 1981 1567 1002 1301 1604 1237 2093 2262 908 530 446 1621 852 2085 1676 1718 942 708 2543 124 1331 700 918 651 527 1491 237 996 2530 157 1587 1812 591 616 2675 660 2781 2131 355 1396 1181 833 345 1485 1105 716 1673 1564 2692 1614 1988 1828 537 1215 2045 2134 1324 2257 2023 1938 742 2075 2373 186 2138 523 813 2835 1855 1803 2496 2205 1837 1101 912 1833
197 1710 1993 463 1489 1701 900 1417 860 1788 1029 2375 2767 2482 2840 1422 1617 712 1437 550 134 2133 1045 1486 445 2050 260 932 440 2631 2088 179 1782 2836 735 319 2289 433 2130 2649 645 2650 1369 925 2011 1552 26 1870 348 2454 1895 1208 563 1307 518 1640 2241 2769 2076 480 2714 2826 2419 559 1658 1381 674 1544 906 659 2439 1983 1328 2652 769 1253 965 947 1663 489 2837 169 2538 2397 1148 1468 970 1860 2544 2084 1649 161 2556 1428 1054 978 2082 1405 1627 524
536 1588 1132 1268 1431 121 36 988 2090 193 569 2117 733 2333 2786 866 979 332 432 2227 680 429 1065 340 571 2108 1393 1499 1329 2743 1562 1033 1764 1418 1793 2839 2570 2335 2668 802 500 901 176 2029 2795 2578 2808 1686 1492 597 142 886 2078 555 427 1890 1952 828 2640 1910 1955 1266 2552 1037 417 729 2265 2406 523 2380 1553 159 2789 1314 1303 175 1929 1430 772 1635 1335 2279 1118 412 580 2597 2500 2610 377 553 1240 1774 561 503 2053 1275 326 1655 1187 220
2528 2044 1934 2501 2411 1644 1624 1656 2817 188 2790 1102 1407 611 817 1926 85 2300 221 943 2832 1319 987 312 1405 1386 556 635 2082 2270 547 1752 134 2397 2574 1796 2545 606 1092 1414 2084 1552 1029 463 2034 1983 2424 197 1190 2419 1627 1202 950 1710 1369 1208 1422 1799 2652 2011 1339 439 59 712 674 1417 2670 1117 2375 670 1307 2826 659 1240 178 1428 1302 1274 2774 978 489 559 2133 2515 2556 1870 2480 526 2105 1640 977 2367 2265 847 1097 1314 2370 675 925 1046
1710 1993 197 900 463 1489 1701 1417 860 1788 2767 1029 2375 2482 2840 712 1422 1617 1045 550 134 2050 2631 440 1782 2836 1437 445 179 2133 735 1486 932 260 2130 2088 2289 645 319 2011 433 2649 1369 2650 1870 925 1552 26 518 1381 348 1640 1658 2241 2454 1544 2439 1307 563 1895 2714 2419 1208 480 2837 1649 674 1328 2076 2769 947 1663 559 2826 169 1054 659 2556 769 906 1444 2652 2538 965 1253 1840 1983 2790 663 489 2707 1644 1679 2397 1799 1627 1468 2084 1102 1148
2049 530 1301 1604 446 1567 1058 1237 451 2140 1981 1017 1396 813 1554 1105 355 1370 243 394 2064 2257 1673 1331 2796 908 1290 631 1614 2696 662 1518 2282 921 966 1879 1906 1613 1742 1384 1909 1002 984 2596 2093 2458 2660 607 2782 542 660 54 1495 2357 710 1739 2392 2530 996 1893 1491 50 345 1119 1853 360 2259 2692 591 2664 942 175 1142 616 2519 2243 2251 2753 1621 2131 1837 2005 1181 2369 1564 651 392 918 2087 523 675 2781 708 1000 2724 682 1850 912 2597 606
2550 1507 1104 1669 107 2604 1177 2414 2641 55 728 2176 575 1194 2754 397 2019 2395 1691 1016 584 1482 2136 845 393 1244 373 2383 441 1523 863 2080 1646 2695 1147 1120 2518 339 1450 830 1678 2275 2595 603 1073 1732 1620 147 462 357 2254 187 2630 834 628 2013 1026 2233 2555 2347 2297 2632 89 430 1220 1048 252 412 1972 2820 508 721 1509 1021 2094 1008 2061 2326 457 561 577 2360 108 138 1140 643 2316 864 2017 753 2687 1372 618 2765 1022 2402 1959 1647 994 1039
1096 1948 1416 1362 1897 1586 497 992 1051 2046 2272 2815 1316 2352 1496 194 1636 2556 1218 2628 2721 1658 1381 1569 715 1860 1965 1796 51 305 562 48 712 100 439 2241 1584 1261 155 2713 2454 1544 64 2034 1640 1369 1422 1993 348 201 2826 2439 1617 563 26 2769 259 925 463 1840 1782 2714 260 2544 2649 2082 1878 943 900 2545 2538 2650 2309 1701 445 1307 221 1870 1489 559 518 550 1710 1552 480 2836 1148 1045 2076 1926 2045 2088 635 2023 2270 2433 197 1405 1417 2755
1284 1865 122 1610 2118 1884 980 1456 1015 1285 298 2313 973 448 1188 1537 411 37 1858 454 629 468 2706 690 1570 922 229 1199 2268 1560 1080 2677 1227 1260 1763 2194 2030 2261 669 476 23 1082 281 829 1090 2167 586 1308 1761 459 396 20 1153 1697 167 1425 661 2823 1723 2726 2627 807 546 2162 475 443 1891 759 582 1916 1221 275 2346 2643 285 2476 2791 6 2425 2816 1744 1702 2168 594 1844 580 2053 481 2387 159 2232 1011 1568 1293 1097 1262 758 2465 2505 1037
580 326 31 159 1293 1097 1118 2715 1822 1143 653 2693 1273 2062 390 1635 670 1967 799 2053 1715 1568 261 1050 2232 1755 1011 805 1317 2698 1756 1037 2783 455 1262 504 220 1024 1124 1477 314 2343 2406 1187 331 1831 1044 927 1655 1789 822 1335 1140 2236 1395 1255 2137 290 1297 1662 1612 1648 2565 464 2627 1921 1706 2142 2611 1472 1274 2765 1972 961 2061 1647 1216 721 2402 2470 655 643 356 1829 1692 1475 726 2505 2465 430 838 252 209 1018 61 225 782 2279 1918 1282
2317 1447 1469 44 16 376 1483 1057 2249 2785 761 1749 1914 1183 1449 1672 1631 291 2437 1990 2700 1836 2202 1476 1727 2058 2555 104 2111 2745 88 1856 95 824 783 2441 676 834 2547 2190 1178 1224 596 1103 576 683 949 1838 1713 1277 1116 2523 1073 894 2180 1176 132 1714 1620 60 2422 603 96 1927 269 474 1732 2275 1380 1678 115 2720 47 34 1147 2827 1032 2153 644 1536 1632 1999 42 2091 661 2053 1318 2167 1662 1450 2554 1425 2194 1282 2261 356 1781 1304 419 1598
1125 1753 2777 2772 2077 2478 2561 70 2510 431 1035 1759 2161 2757 18 1834 601 951 315 1165 2622 1842 2015 2302 1557 1252 1390 1839 2818 2 2663 1980 2685 191 1938 767 277 2315 1747 889 2702 1443 2755 258 1335 533 2279 2236 1475 1833 655 2314 2061 1929 770 1895 430 788 553 2228 999 1248 753 2774 1008 108 484 467 561 2398 1730 125 1275 1972 1018 1829 1039 1647 2687 1655 858 89 2402 389 1831 1391 2316 2812 1026 1303 2632 1472 625 1022 2406 721 782 2311 2634 726
197 1993 1710 463 550 1422 2649 1369 1870 925 26 2454 348 480 2769 2714 2538 663 900 1489 1701 518 1417 860 179 1788 2767 1029 2375 2482 2840 1617 2556 2631 134 735 712 1045 2050 440 2588 2130 1782 445 2133 2289 2836 932 1437 2650 433 2088 645 260 1486 319 2011 1640 1895 2638 1381 1658 1552 563 2241 1544 2439 769 2837 1328 169 1307 947 1649 1663 1054 2826 161 1148 2076 1208 965 559 674 1444 1253 1860 659 2419 2707 1799 259 1123 906 2544 168 2652 1840 1878 1983
1270 2619 2517 1939 71 30 810 638 1445 2246 958 787 2271 1514 2616 2529 143 386 2481 718 1440 1446 1294 665 1694 1258 1684 1215 1112 1630 697 1360 2185 2584 414 1129 1411 2298 2710 1267 2104 2363 2339 2801 2444 1242 2524 372 273 1509 2709 879 551 1373 2771 557 1811 888 1863 641 1059 1295 2175 147 1807 262 1925 1167 1619 2468 127 1355 1803 1524 2595 1982 667 2385 1060 342 2013 991 1862 203 2460 472 1629 2266 2131 796 299 511 226 38 1291 267 1735 1069 2776 1238
1870 2769 348 26 2454 925 2649 1369 2538 480 2714 663 550 518 1422 179 2588 2556 463 735 2130 2638 197 1710 2840 2050 1788 1617 1489 1701 1417 433 440 1045 2289 1029 860 2375 134 2650 1453 259 445 2826 712 2544 563 2631 1901 1148 645 769 161 168 2309 2767 1490 2011 1895 1860 2358 1172 260 524 2836 219 1782 415 559 2724 2482 1640 1092 201 689 978 1993 2076 1428 231 2035 1388 1307 2646 1983 305 51 1848 2133 1123 2148 970 900 1569 2088 2010 1437 1328 2337 2397
1735 1925 1619 1982 879 1816 557 2731 667 1863 641 1589 2385 2371 2776 299 1366 2431 262 428 2771 1373 888 2460 741 991 1122 226 687 1549 1295 2833 2139 1807 2269 2092 1025 537 2844 1480 403 551 2797 1814 2063 2517 867 2633 2607 2576 1159 1660 2455 2138 1815 837 2484 2189 264 1009 352 1539 2266 385 1242 814 2363 2524 1509 2529 1524 2403 143 718 1440 386 203 2104 891 1571 2215 1514 267 2468 1803 1238 1291 697 273 1060 2271 1862 913 795 2100 115 472 2473 2811 342
2317 1447 44 1469 16 376 1483 1057 2249 2785 761 1749 1914 1449 1183 1672 291 1631 2437 1990 2700 1836 2202 1476 2745 1727 88 2111 1856 2555 95 104 2058 824 2441 2190 783 2547 676 1224 1178 834 576 596 1713 683 1176 132 1838 1103 2523 1116 949 1714 2180 2827 47 2422 983 60 894 832 1073 474 1620 1277 34 2129 96 1425 115 603 695 1999 269 1927 1147 644 1732 2275 1032 1380 1632 2153 1678 2261 2554 1743 350 2194 1304 2737 106 2720 396 762 419 310 1995 1318
494 2057 2291 574 2435 1899 1874 1944 146 1223 647 2683 2639 2708 657 1185 677 1055 2719 2183 1777 2319 682 2569 790 2438 2580 447 692 686 2292 2766 2598 1452 1477 1056 2436 804 2286 329 140 1868 1076 2294 491 1592 1464 2825 1639 2248 2813 2393 948 939 2526 1012 67 249 1931 1433 2051 974 2089 1406 1937 2583 2728 627 1810 2736 2220 1962 2509 2445 2704 1725 2382 444 202 2121 2207 255 1439 482 1555 368 725 608 1075 274 637 526 1001 598 2427 864 1330 521 531 1126
13 2210 1272 2520 640 1949 1754 1038 2421 1041 2671 377 2083 1910 323 2578 2428 1337 828 1429 56 2798 2539 2335 2032 2629 698 2047 1764 729 1189 370 672 358 2828 2570 2795 2602 933 1668 1374 964 1070 865 1329 2031 1249 2120 1952 2640 2221 2839 1399 1049 1266 2038 2808 1118 1822 1143 580 159 932 31 1273 326 2698 1097 1293 643 331 1974 2053 1692 2770 2232 1216 2279 1924 1461 1568 872 316 2406 1164 1755 2715 1327 2611 2212 1240 1124 968 2343 955 1274 2236 1756 655 963
1137 1087 1590 614 93 1298 1207 2072 895 1558 898 714 1346 2542 1166 2409 1928 76 2000 1535 2224 853 63 1434 1197 617 1019 940 832 1786 1257 540 182 1971 1561 1343 1357 1004 2022 1333 2129 2112 2737 1773 1091 1693 2242 739 39 310 2281 1631 499 75 291 777 2288 2495 1180 751 1712 949 564 1996 1818 926 1103 676 1593 2656 1161 407 2827 1760 2114 1513 230 2759 1847 1300 2497 1743 1940 983 198 581 374 1999 954 2540 1795 1453 2538 1496 1901 783 2441 2040 2190 789
150 2263 1726 2678 1525 2623 2386 2572 1280 2116 1960 1371 894 96 1084 2554 419 1632 474 861 762 2153 1927 106 1139 2160 1336 1013 2060 189 2401 1458 2079 1032 2503 181 2612 1380 1315 851 620 785 2476 1797 732 398 1365 300 1251 2141 2571 2807 1318 2705 1083 1536 1364 1217 309 1866 856 387 644 333 2591 2831 2720 2048 2188 2442 1144 45 481 636 2278 1108 2688 2562 2522 1768 1702 1064 2425 949 2056 1438 84 2761 471 2498 1907 1596 2690 1662 418 689 587 183 936 1282
1870 2769 26 2454 348 925 2649 1369 2538 2714 480 663 550 518 1422 179 2588 2556 463 197 735 2375 1788 1701 1417 1489 2289 860 2650 2130 433 1710 2638 2050 1617 440 1029 2840 1045 2631 134 2482 769 712 161 445 1782 2836 1895 645 563 2826 1993 2011 2767 259 2544 2133 1148 168 2088 231 1640 219 1307 2241 2076 943 1552 260 1437 559 1123 556 1860 221 1208 2837 965 2082 1092 1172 1878 1328 606 1486 2358 1627 1428 51 1543 471 2397 900 1274 1438 524 478 1799 655
2741 1056 899 137 2135 1606 1212 116 1463 204 1935 2766 97 2558 1134 2842 1547 2511 246 1067 725 2305 2068 2294 2665 79 722 1055 1944 2728 2041 447 2825 2207 2580 2057 2708 1076 494 2435 1452 2286 686 1899 2813 2319 657 2248 2291 1868 140 1937 1777 1464 1825 2736 2382 1185 804 574 1874 146 1223 677 692 2719 647 2393 329 1639 2683 274 1725 790 948 608 2438 1126 2292 2639 864 682 526 994 165 1473 1592 1555 2569 491 2499 2419 2669 1274 368 2625 1092 2440 2025 1021
1707 742 730 338 2843 257 1894 1466 1379 1243 1645 1800 1731 1138 1131 2151 1455 610 568 336 2746 937 2613 2341 1794 1969 1526 2516 1110 1871 519 2830 1079 811 288 1442 1309 410 709 1516 1779 1511 406 2609 2219 2788 2549 1020 1325 1581 1634 365 435 678 186 2560 535 1573 1783 2102 248 2299 1005 2145 538 2290 434 544 1670 2377 112 749 2251 855 1068 881 253 1527 2730 2763 1311 2364 1968 717 2005 1385 1498 1992 1007 2680 648 1142 870 593 773 605 843 821 94 1040
1570 298 1723 1891 1916 1232 475 2346 2706 285 1221 1285 6 1884 2118 980 1610 582 2816 546 882 1015 922 973 1537 807 2171 2666 1702 2810 650 122 759 1083 37 1139 1456 1260 2643 732 1697 1284 2268 1188 1865 2194 620 468 1858 448 690 1960 629 2043 2261 2152 2313 181 1797 40 851 1080 1199 2677 23 2502 661 411 2841 229 454 2167 1866 117 1922 459 281 1768 2348 1605 1502 396 1082 2476 594 1090 1286 1064 2761 2705 1844 669 1560 1763 2048 2760 236 2608 1987 510
1515 844 5 509 2457 1889 2725 2404 2464 1766 744 609 244 2115 1696 957 1616 2448 2128 1556 1326 375 2366 388 2014 1426 2124 473 1061 2351 498 466 163 425 1637 1477 306 592 2169 2508 1661 2222 752 43 2188 2442 1296 1383 1945 232 80 19 644 1596 119 424 270 1108 2720 1602 1953 42 520 2278 1797 1591 2109 1733 2476 2566 2562 2168 2468 2390 1529 1269 448 2048 22 757 669 2744 1214 620 468 387 1768 1744 1866 2279 785 2354 135 1411 1478 1140 218 1867 229 1722
2552 2479 2716 849 2181 523 2365 2689 175 1708 2819 1827 2191 2500 705 505 1563 28 81 313 458 120 2283 1896 1532 734 238 2250 2534 2557 2370 152 587 92 2674 1741 847 1339 2099 2773 2597 2119 671 330 1010 972 2742 2681 2193 354 2177 2228 1917 532 2527 772 2809 1746 696 2199 2028 1704 1956 1111 2592 602 2052 633 1376 2322 1873 1680 740 1332 2237 2764 503 1099 2610 1543 711 68 2144 261 771 1109 1037 872 2789 1240 2343 1117 1124 1327 2212 1302 890 968 533 507
150 2263 1726 2678 1525 2623 2386 2572 2116 861 1960 1280 762 1013 894 96 1336 2554 419 1632 1371 1084 2160 2153 106 1927 474 1139 2401 2079 2612 1315 1458 181 189 2503 851 2060 1365 785 398 620 1380 2807 2591 689 2571 2141 1032 1318 309 856 300 1797 2476 2278 1536 294 335 333 793 1217 2230 732 1907 1665 2720 2374 2733 387 1251 1438 1083 471 57 1108 2442 462 1758 636 133 2188 647 2004 1861 644 43 1870 2690 936 2454 1144 949 2048 1627 1846 1859 1018 1866 216
1093 1898 407 1087 1590 93 614 2242 1137 1558 766 898 328 1207 2238 895 2072 714 2000 1166 2409 1928 2504 76 1298 2114 2542 341 853 2040 777 1996 364 1091 1561 251 374 803 2579 63 2759 1257 101 1971 230 737 789 2224 215 1683 989 2381 1900 1786 1631 1801 1300 926 2281 617 1818 1180 564 436 1357 581 2288 1883 39 483 540 1389 1427 1197 1213 240 1346 739 2277 2022 1106 1019 676 2784 2495 499 2546 1115 2540 2066 545 529 1333 2699 1559 1394 1451 1353 2113 2489
1129 2185 1411 2584 2298 1694 1684 1360 372 2616 1630 1939 414 1112 1446 1294 1258 665 2481 1215 1270 2246 1267 143 1445 958 2529 386 1440 2271 2619 787 718 30 2517 810 71 638 2363 2801 1514 2710 1387 697 307 2727 796 2372 1 2466 2399 1520 2706 127 1629 2339 1409 600 913 2213 685 234 2253 1278 1572 2709 1698 349 1994 2781 2158 2100 1338 195 1862 795 2255 2412 573 203 2486 1060 223 2223 1095 471 1438 1993 2338 1324 655 1140 1275 936 478 331 317 2189 2301 1048
2045 2755 2023 1584 258 747 1320 2496 1443 1833 770 2161 1938 889 1747 2686 2075 2061 326 1972 1921 31 1756 2402 580 721 1317 159 1647 1635 533 1187 655 654 1293 2144 1967 1974 331 1755 504 653 2236 2715 1829 2232 553 670 390 1708 805 1097 430 2119 2062 2693 1715 1303 2316 455 1302 1011 2028 27 89 192 1568 1781 2025 1395 68 356 1789 220 2177 1822 561 2053 525 1356 771 200 1248 61 1438 999 1050 2017 799 1274 523 225 1143 1335 1780 1787 625 402 532 2406
1475 2236 1662 999 484 726 2059 2429 2301 314 1124 2053 534 53 331 2470 655 806 2407 1465 2244 780 1024 418 1481 2765 786 52 1037 467 1008 1050 471 1140 430 1438 1275 295 346 1220 2687 1852 2693 805 1647 452 2061 1921 858 2402 1972 721 1317 363 89 1967 390 1635 1730 1929 1022 2806 1278 1756 1829 391 1216 1755 753 220 2398 1395 1715 108 1273 653 402 1378 31 561 2698 628 1648 758 799 1303 478 936 2343 389 216 2505 2465 2715 1918 252 1568 1039 1655 1506
79 1067 2068 2665 722 2305 246 2511 1547 2842 1134 2294 1463 204 686 97 1935 2580 2041 1777 329 2436 1076 2286 804 2598 1944 1452 1185 2813 140 974 2248 1868 1464 116 1606 2708 657 146 677 2382 1937 2435 1055 137 1639 494 1212 2057 1899 948 1874 2393 574 2135 2291 2741 647 1223 2639 2683 899 682 491 2438 1056 1592 2569 790 2506 2728 2766 2558 2499 2319 508 12 447 692 864 526 2719 598 1962 442 2825 350 994 2183 1473 608 1771 2625 1725 217 1275 274 725 1555
1721 12 1473 1876 2809 140 1868 2580 1452 1777 2708 1185 657 2286 1076 864 526 329 994 1899 508 769 68 553 2062 1708 686 1639 274 1335 1275 2435 1376 1955 670 655 1475 31 503 261 1831 2499 999 705 2144 2236 2774 1725 326 1655 1472 523 1339 1356 2598 433 1026 1895 28 1302 608 671 159 192 726 2265 2059 1956 331 2250 1117 2028 772 504 2698 858 872 1274 580 494 252 2289 1240 1961 1099 146 1746 847 1273 927 1314 2393 1248 200 2017 1692 804 805 654 782
1051 194 2352 1416 2272 1948 1586 1218 2815 1496 1316 1636 2046 992 2628 497 1965 1897 1362 1261 1381 1658 1544 2439 1901 2309 2713 201 2241 2556 1096 1860 1453 1840 1490 2376 2433 1986 1253 1569 1782 64 305 518 51 48 2721 100 715 1640 1796 562 2034 155 439 1752 950 2767 2130 445 1649 965 2707 645 169 712 1663 1054 2836 563 2837 2840 1045 1617 179 1328 2545 2050 2652 440 2133 2011 1679 161 947 1623 1444 2632 2289 1369 2007 735 197 1848 1422 559 1710 900 2538 2454
2817 817 1656 1926 2790 1644 1102 2528 188 1624 1407 611 2411 1934 2501 2044 2300 85 221 943 1319 2832 2082 987 1386 2270 556 547 1405 312 635 1752 134 950 2556 197 1796 1202 2375 463 2367 59 1799 4 1029 2034 626 2389 1710 2545 2397 1422 439 1146 606 1417 1545 1701 1627 1489 1552 1640 2084 1788 1369 1414 2011 860 1046 2574 1428 2826 1564 1983 64 259 659 712 900 1307 1208 26 1092 2515 51 2544 1181 1737 559 670 1437 970 2358 674 643 1617 1097 2714 331 1273
2309 201 2713 2433 1901 1453 2376 1490 1860 2721 1569 100 715 2034 305 1796 51 562 48 155 64 2545 439 1640 2556 2272 1051 194 1416 2352 2631 1316 1948 1496 1586 2815 1218 1965 1636 1986 168 231 497 563 1123 1840 2628 1878 2553 2650 992 1897 1096 1148 2649 2826 2454 793 2004 1870 134 1362 663 57 445 26 440 2714 1369 559 2007 645 486 2046 2088 2708 2769 2652 2840 1848 348 2538 2289 965 260 2672 259 925 1710 978 197 1381 1307 712 1046 2133 1392 689 659 1861
196 353 776 98 2474 585 1643 2067 1625 2353 1864 1819 2081 2361 2462 910 869 1963 2334 2103 701 1042 233 2256 1402 809 1600 2027 381 69 871 1973 2264 781 2001 516 105 2164 2611 2053 2363 2406 1395 138 2012 1140 1612 1216 1715 1127 1781 1124 2460 936 643 1972 1635 1692 1924 390 239 1037 1648 1187 2343 2061 344 721 1647 1274 1475 276 295 28 2806 2091 1956 1021 505 2391 580 2028 2505 2465 92 1472 705 1967 2467 1011 2690 2402 1293 758 647 391 2132 159 1317 753
2044 2501 1934 2411 2528 1644 1624 1656 188 2817 1102 2790 611 1407 85 817 2545 1796 2034 2300 2832 943 221 987 1926 1569 100 48 64 439 715 1319 2721 312 305 155 562 51 1405 635 1640 1860 2082 1386 556 2270 2433 201 547 2631 2713 2309 2556 2419 2574 1983 2397 259 2652 559 712 1190 978 659 1782 463 1092 2826 1552 1428 1422 1369 445 2084 550 2424 606 1414 674 489 1617 2088 197 1208 2714 1307 1046 563 134 2454 900 178 977 1453 1029 2724 1870 2544 2358 2133
2043 650 2666 2171 2810 2816 475 2346 1916 1723 1891 807 411 1570 1153 1603 1188 922 1260 1456 759 1697 1858 546 2643 285 1221 6 1284 582 468 1702 1865 1083 820 1541 334 1761 829 122 1227 750 2313 732 298 37 2194 620 2261 229 980 1884 1882 476 2268 2118 1610 669 1015 1285 956 2387 2167 181 448 973 661 1797 1537 758 2634 389 1763 420 129 467 840 1062 125 501 2768 1932 1018 138 372 2611 1022 788 2465 2505 108 782 456 1039 1281 2632 89 1378 1789 504
2660 1495 1614 1673 2696 2257 1331 1742 2458 1384 1370 966 908 1554 243 1002 355 1396 813 1105 2600 607 1705 1681 2543 487 50 1853 54 710 1031 2369 1893 542 1000 2782 1695 1739 360 2259 1287 2085 942 2664 2803 2093 1508 1565 337 791 660 320 1604 530 1301 446 1567 1237 1981 984 1017 1978 2049 921 1058 1676 2262 1119 451 2140 519 2357 1419 2452 392 1992 852 1142 7 1906 1920 2420 747 311 730 1621 175 1479 144 2251 1200 678 1174 301 338 2519 833 1239 94 1020
1113 474 1371 2677 396 1641 281 2245 1979 907 2627 1144 1425 851 1198 481 2791 2494 117 275 2303 2030 482 327 1205 629 2203 423 543 2573 1184 1591 1687 2526 2089 1659 255 2427 1263 2220 1423 1931 1330 939 1922 1433 23 217 1502 454 1232 167 2620 2507 1987 1400 637 690 815 20 796 2445 2704 1088 941 1080 1738 2179 594 84 510 2657 1084 2768 2222 1397 1661 420 946 2623 2308 2521 2726 2712 104 1280 2823 40 2183 1488 1217 148 2348 1525 2162 1960 2051 1439 1757 1139
312 987 635 2832 4 1405 1146 2300 85 1102 221 943 1407 2790 1926 547 2082 2270 817 556 1752 1386 1656 1545 1737 1319 626 2817 2389 59 950 2367 1202 283 826 611 2069 2411 1934 613 188 2501 2528 2556 266 1644 2477 1799 134 2397 1624 1422 2044 1339 2606 659 463 2200 1302 1437 925 2826 1208 2312 1708 606 152 712 900 1092 1240 1369 1896 847 458 670 2714 1870 2774 2265 1117 2419 2105 1955 1314 2050 1468 433 2544 1029 2028 550 2191 348 2133 2812 1376 1532 2649 259
2478 2772 2077 1125 1753 2777 70 2561 2510 431 1035 1759 2161 2757 1834 18 1839 2622 315 1557 1390 951 1165 1842 2302 2015 601 1252 2818 2 191 2663 1980 2685 2315 2667 1938 767 2702 2755 161 889 1895 277 770 1747 533 2023 848 1845 258 1833 2061 1443 284 655 430 788 1972 2482 89 2624 1335 769 999 1303 721 1248 1912 1235 522 1008 2279 2632 1029 1026 2402 2471 1788 2228 2311 108 768 1829 252 860 1730 753 2557 628 125 2236 1039 1018 484 2398 1503 1435 1921 1048
1096 1948 1416 1362 1897 1586 497 992 1051 2046 2272 2815 1316 2352 194 1496 1636 2556 2628 1218 2721 1381 1658 439 51 305 562 155 1569 712 1993 715 1860 1796 48 1584 64 2241 1617 1369 2454 1422 1640 100 1544 563 201 2713 348 1965 2826 260 1552 463 2034 1782 925 1840 2769 550 2439 1261 445 2082 900 259 26 2649 2755 518 635 1029 2714 1701 1870 2023 1307 221 2088 1710 1045 2650 2836 2544 1878 2790 2545 943 480 645 559 1926 2076 1148 1489 2538 2270 2767 1405 556
2707 1054 1623 1328 1679 1444 947 1663 1649 2011 169 2837 645 445 2840 2836 1782 1617 2767 712 2130 1045 440 1253 2050 1029 735 179 1422 1640 1261 2287 1552 1993 319 2241 1381 1860 1544 1658 2439 134 123 550 1710 900 2631 932 1218 463 197 2628 2150 518 1840 1489 2375 2133 992 194 860 2046 1307 1486 1437 2588 2352 1417 497 1701 965 2482 563 1948 1208 1788 2076 674 769 2088 173 259 2735 260 51 906 489 1369 724 1051 1416 161 1096 2714 1636 1092 2826 2289 433 559
1870 2769 925 26 2454 2649 348 1369 2538 480 2714 663 550 518 1422 179 2588 2556 2638 463 735 1417 197 2375 2130 1788 1710 1701 2289 1489 860 134 433 1029 2650 2840 2050 2631 1617 440 1640 720 1045 2011 563 712 1782 1054 2123 769 445 64 439 1649 51 2133 305 2836 1776 645 1993 1859 2482 2632 1543 1663 1552 1048 390 161 1024 805 628 1328 782 1635 1756 1050 1755 1026 1317 478 331 259 1967 471 1018 2837 1097 1789 367 1715 1665 2765 653 31 2826 2544 927 402
1487 1471 953 924 1113 882 1400 1757 2573 1541 2768 1502 334 281 1738 820 1144 1397 454 2179 1488 115 275 2716 510 1833 1922 2620 1897 750 2552 2841 1687 770 2810 1650 2177 2191 2494 629 125 1972 420 849 788 2396 1255 1787 2610 721 1443 504 1018 2690 618 1472 2755 1882 2557 533 1865 2597 2402 2527 2025 1938 2137 1763 1912 2688 200 2195 2311 2627 1395 89 1612 402 822 2043 2599 1586 179 654 2045 1362 2467 2232 782 1376 2634 482 161 252 758 2507 2482 1080 2130 2712
2662 2672 2189 1551 1887 1196 2039 2123 421 1776 720 1358 687 2659 2356 1350 77 885 797 741 857 1043 2321 1191 1542 1229 706 2739 1524 801 2548 1457 704 1877 263 656 1278 228 2332 1375 2590 2327 859 976 2541 1549 1947 366 2694 1497 1664 1982 2184 1724 299 756 2206 1930 2776 203 170 1345 287 428 2139 2371 158 557 2269 1081 2330 2801 667 2229 2833 1765 2797 2576 2581 588 548 2844 1377 1086 1276 1193 438 1735 798 879 352 837 1432 1575 583 2455 641 1242 1792 264
2741 899 2135 137 1212 116 1606 1463 204 1935 97 1134 2842 246 2511 1547 2041 1067 2305 2766 2068 722 2665 1056 2558 725 79 2580 2294 1944 1055 140 447 1868 494 1452 657 2057 2435 2708 1777 1899 2291 1185 574 2813 686 2248 1076 2319 526 2625 864 1464 1473 1956 1771 2728 655 1274 274 2286 1725 553 1187 1127 994 790 608 1715 1648 1275 1780 2499 430 1874 2681 2669 33 1917 2028 68 1937 331 2025 2825 2382 2316 1870 999 533 252 220 771 2144 1635 1961 1708 28 1376
1129 2298 1267 2185 2584 1411 143 386 2529 1440 718 1694 1215 2517 372 1684 1514 2619 2271 1445 958 414 697 810 787 71 30 2363 638 1366 1735 1816 1939 2104 2616 2801 1480 796 2246 1360 2633 2607 1270 1630 1660 1025 2524 867 1294 1446 2706 1112 2481 1258 1863 1925 665 879 273 2771 814 2431 1373 641 557 385 1242 888 1619 667 1807 1982 262 147 1295 551 2731 2385 1589 991 2710 1655 1831 1335 125 2465 2505 2228 1647 299 41 1789 1122 2062 927 108 1275 2061 1018 2402
1129 2185 1411 2584 2298 1694 1684 372 2616 414 1267 1360 143 1939 386 2529 1440 1630 1215 718 1112 1445 2271 1446 1294 958 1514 2517 787 665 2619 1258 30 638 810 71 2481 2246 1270 2363 2801 697 796 2706 2710 1816 557 2339 1972 1647 2104 1756 2053 1275 2402 331 2061 1140 721 2062 2727 326 1011 655 1317 580 1366 2687 2611 1831 1 1921 805 2465 2505 1568 2236 31 1124 159 999 1974 2213 295 1395 1692 643 430 390 1475 1293 936 1262 2232 1755 1822 220 1097 1635 1612
197 463 1710 932 1701 1489 1993 1417 860 900 1029 2375 1788 2482 134 2840 1437 2767 433 2650 712 2289 1486 550 1045 2050 2133 645 769 2714 2088 674 319 1782 179 2011 440 445 1422 260 2836 2084 735 1468 1369 1617 2424 489 675 1307 978 259 906 1627 606 2515 2076 2397 1870 1388 904 1208 2130 925 2826 2646 563 2544 178 1895 480 1414 1190 622 1799 2649 2358 1381 2480 2574 1123 1658 559 1428 2652 1552 1644 950 1313 348 2606 1092 1046 2631 2200 1148 2419 59 2454 1564
757 1728 754 1231 2756 2021 2320 1149 2533 1533 29 2673 286 2172 1312 218 739 2472 1984 24 2430 1296 80 634 2024 119 1383 1689 2366 426 2143 2014 1597 135 425 1478 2260 293 558 395 498 2124 529 184 375 2644 306 466 1265 2638 1427 473 2295 545 2508 251 1326 2413 101 962 1798 2178 2277 1061 1394 388 2169 646 1426 1175 2066 2787 853 2323 572 213 364 163 1951 1900 304 1334 430 436 1306 2128 1213 2279 2222 1556 2381 274 608 2546 1448 1182 252 1839 180 1746
101 436 215 737 364 1900 2381 341 2040 989 251 1427 2540 803 293 1106 2504 1559 1451 2644 572 1898 766 328 2114 2238 545 395 1230 962 2546 1300 1361 1389 1115 1798 789 646 529 1093 1683 1883 407 1394 2113 1801 374 2277 2242 2066 1951 2178 1175 2000 1306 1257 1334 589 658 2787 2579 1213 2759 1786 2288 2054 2323 1971 727 1818 304 1357 1180 39 581 485 926 240 2281 564 1558 714 898 1353 2495 2072 76 1207 2632 1048 1026 782 252 1018 430 628 1972 655 478 1274
1129 2185 1411 2584 2298 1694 1684 372 1267 143 2529 1215 1440 386 718 414 2517 2271 2619 1514 1445 1939 2616 2363 1360 958 787 1630 810 30 638 71 2246 697 796 1112 2801 1270 1446 1294 2481 665 1258 1816 2104 1366 2706 1480 1735 2524 879 2607 2633 2771 1373 557 2710 1660 1242 1863 1925 641 1295 888 1619 1807 273 262 2339 867 667 1982 1025 147 2731 2460 991 1589 1520 2385 2139 299 2833 307 2727 1 234 2092 2465 2505 1655 1831 1789 41 1122 220 1022 2269 1647 927
611 188 1319 2817 817 1656 2790 1386 1102 1926 2528 1644 1934 1407 2411 2501 463 1029 85 2044 2082 556 197 2270 943 2300 221 1624 2375 547 2832 987 1405 312 134 2840 1489 1701 1417 860 1422 1710 1788 635 1617 433 2289 1752 1437 1486 1895 550 900 2482 260 659 769 2735 2419 2397 2011 2826 1208 1552 559 2650 1564 1983 2652 2836 1993 712 1307 2076 1181 1369 445 977 2133 1428 4 2358 2556 2050 161 2200 2088 1782 2767 970 1045 348 645 2544 735 1584 1092 26 2454 978
1290 631 1518 2282 2064 2596 2796 1909 2392 662 1613 921 2140 1906 984 394 2357 1119 1879 451 1058 1978 1017 2049 1981 1567 1301 1604 1237 446 530 2262 1002 2085 942 852 908 1676 2093 1718 1621 660 2543 1331 1396 1105 2782 1384 1808 813 2274 124 1673 542 1404 355 1100 2257 1614 1554 1155 54 708 1688 2134 2530 996 2696 700 243 1587 1491 337 2600 345 186 651 966 710 918 1370 1739 1853 2259 360 1089 172 237 527 2045 607 487 2763 2458 1705 2636 460 1800 2023 2781
1710 1993 900 1489 1701 2767 860 197 1417 1045 1617 1788 712 2050 2836 645 1029 2130 440 445 2840 1782 735 1422 179 2011 550 463 319 2482 134 1328 2631 2707 1054 1663 1679 947 2837 1444 1623 1649 1437 1552 1253 1486 169 2133 2375 1640 932 260 2088 2241 2289 2650 1860 1381 433 1658 1544 563 1261 2439 2826 1208 2076 1895 1307 906 674 518 1369 2287 2714 2419 925 965 559 348 1870 2454 480 2649 2652 769 26 1148 2769 1218 2544 2538 978 173 1051 1878 1983 259 1948 2556
150 2263 1525 2623 1726 2678 1280 2572 1084 1371 2386 1380 474 2503 2141 1139 183 1866 621 1365 1458 2554 785 106 1960 171 894 2476 96 419 181 762 1927 189 2153 214 2116 620 2060 1032 1632 1318 1797 815 2720 2188 644 2562 1536 387 971 1596 1083 2807 732 2401 861 1251 636 2831 2348 2514 2425 909 84 2498 2442 2688 1113 481 2705 43 941 1108 2152 2612 398 42 624 1064 300 1802 2197 1018 1750 1336 782 1364 45 2505 2465 2522 724 2168 2611 1400 2278 1283 2687 6
648 1133 248 94 1424 538 843 410 1634 717 605 336 937 1546 434 811 1040 1573 1454 2549 2341 2219 365 1110 1079 1455 253 1309 610 435 1516 1020 1131 2560 568 2830 1794 1581 112 1707 1243 2788 544 1311 678 535 1005 1783 2746 2151 870 2251 1670 1968 1966 709 749 1379 1466 2299 2730 1498 2290 881 2364 1142 338 730 2005 821 186 2680 1068 1325 2095 593 2377 855 1850 1527 883 257 392 673 1894 1969 2417 2519 2196 2087 2243 800 1442 2697 2145 1800 2102 1731 2843 1138
2600 1681 487 1705 337 2543 2085 942 1495 607 1384 2458 1978 1742 966 2262 1002 1119 2660 852 1718 2696 1695 1614 1673 2257 1853 1331 1000 1287 360 2357 1508 1893 2259 2369 2392 1031 1565 2803 50 2664 1739 320 1370 791 54 2093 984 1528 542 710 1981 446 2782 2596 908 199 680 243 711 1518 1604 747 2134 21 175 1704 847 1680 1275 893 2687 2343 503 1472 1708 1396 1741 561 2436 1240 295 530 580 553 1143 523 220 28 2598 1554 1302 533 1827 68 1974 2814 512 326
1956 2028 532 671 1704 696 1532 1339 152 261 734 2099 1708 330 847 2742 1741 458 313 2597 2674 2479 2819 1896 2191 2773 2557 1117 849 2500 2283 354 2814 1563 505 120 587 2177 1827 2181 1376 972 1302 872 28 523 503 1099 2199 238 705 2250 2812 670 175 92 1010 1974 649 2365 2119 2610 2534 1135 2370 772 1746 2552 81 1650 2789 711 2689 1885 2764 2228 1327 2212 1955 2681 1461 2527 1917 2265 1156 552 2105 1314 2306 2774 890 1441 2822 1101 1003 1543 2322 1680 1297 2594
2077 2478 2772 1125 1753 2777 70 2561 2510 431 1035 1759 2161 18 2757 1834 1839 951 601 1842 315 2622 2015 1165 1252 1390 1557 2302 2818 2 2663 191 1980 2685 2315 1938 161 277 533 767 769 2279 860 502 578 284 1895 1303 2471 430 89 1008 2755 1489 1475 655 788 2632 1829 999 2061 1026 1335 2228 2482 484 252 1235 2236 1788 561 467 1701 753 297 2774 2130 1248 628 553 175 1323 2398 108 2181 1029 1417 1972 1022 1710 1830 2289 103 770 1845 1039 412 1378 848 2144
1360 600 2338 573 2100 2339 2486 17 642 1622 1571 317 846 1338 2255 1684 961 2412 795 2403 1349 1694 1630 2811 2372 1939 2298 1409 969 2616 511 2709 1129 2466 1994 90 2185 1411 1112 2584 1446 2481 1294 1698 1258 2223 2253 223 1618 414 127 1060 665 1270 2138 2710 1095 195 1101 2473 2215 46 2246 307 2635 1615 349 1520 1 1862 2399 2175 2158 1387 2727 892 1815 2340 2834 2614 352 1828 372 234 685 1572 913 1540 2484 400 577 2213 837 741 1009 2226 264 203 2063 2844
2300 85 1407 987 2832 221 1102 943 312 1926 2790 635 817 1405 547 2270 2082 556 1656 1386 2817 1752 611 1319 188 1146 1644 2411 4 2528 2501 1934 2044 1624 950 2556 2367 134 1799 1545 1202 1496 2069 626 59 1737 1316 2389 1636 1965 1840 826 1422 518 2241 283 2352 1796 1948 2439 1710 259 1123 1369 2649 1302 1870 1617 1381 712 168 606 2454 563 613 1414 194 1051 1117 26 872 1658 1417 1993 1314 550 623 1627 1878 2397 440 2714 670 1873 2769 925 2105 439 1896 1092
2323 2277 529 1801 1334 1683 1798 962 2579 2759 395 2644 1230 1175 1951 1306 1300 727 485 589 374 658 572 581 1394 1389 803 2546 545 1353 1561 1115 789 1883 304 1361 240 646 2114 2178 2113 2066 1427 1213 2540 251 1197 483 2054 2504 1451 2000 2242 2787 2784 2381 2022 101 1900 697 2409 2521 328 1397 148 420 1445 2228 2030 436 215 396 2768 2238 953 718 508 430 454 1335 531 1738 293 1488 2567 1026 125 2502 1641 2279 108 2179 117 1225 1184 1928 1559 1898 788 1022
1385 1007 1779 406 1526 2145 2516 1871 1511 1992 1442 2102 773 2763 1969 1894 519 1325 1645 1138 1731 2613 1800 1527 2377 742 288 257 535 2609 821 1707 811 2843 1455 410 112 1068 2290 301 2730 365 1311 544 870 605 2341 1110 1670 709 1419 2219 749 435 2680 1968 1783 1040 1516 248 434 186 2549 881 2788 800 1573 855 678 2560 1079 1581 1850 1309 538 2746 1020 1966 253 1466 648 336 94 1379 2095 1794 593 2364 843 338 730 1498 2005 1424 2830 673 1454 2299 1584 392
802 142 1492 429 868 1890 555 554 1888 2029 2333 176 2078 2668 1562 2743 1393 1033 2786 2227 597 1686 1886 2108 886 1256 1418 979 432 417 340 1430 1553 1699 332 571 1065 62 1431 866 36 743 2117 2267 289 1053 2380 733 1236 2451 1588 1132 878 1398 536 361 681 1499 21 2384 78 302 500 1268 2217 292 680 427 2423 893 199 901 2415 2568 1793 1038 121 2421 261 1272 2594 877 1099 354 988 2052 2592 552 2322 2406 633 726 1813 2681 330 1829 2279 1376 1118 2671
2045 2755 2023 1584 258 747 1320 2496 1443 1833 770 2161 1938 1747 889 2686 2075 326 1972 2144 31 1029 2061 159 721 2402 1756 1974 580 1921 2119 1647 553 1293 2177 331 503 2715 655 1635 533 1317 653 1829 2062 670 1303 771 1755 1302 1097 68 2316 89 2028 523 1187 430 2693 1708 1967 968 390 805 654 1376 1335 532 504 478 1339 2774 2232 261 561 463 2236 1873 1274 455 1715 1011 2611 1822 1789 458 1568 2017 587 2770 200 799 2053 1356 1961 1395 1143 1461 2789 1140
1096 1948 1416 1897 1362 1586 497 992 2046 1051 2272 194 2352 2815 1316 1496 1636 2556 1663 155 712 1218 2767 1617 2721 2241 1993 1045 1860 445 645 305 51 1328 2707 562 1054 1444 2836 1569 2632 1640 947 2130 439 1974 1048 1029 1649 1972 1381 1782 64 2011 48 2840 2837 721 1307 563 782 2402 1018 1623 1303 1422 1679 2061 2017 2316 1544 1552 2628 1756 1961 260 628 1317 561 200 2812 1021 900 1755 169 805 715 1395 1026 2774 533 2650 2177 1912 1710 1369 1730 532 1921 1873
1883 1353 1300 789 1801 2277 240 2000 529 483 2784 2644 1683 1361 1389 1451 545 646 2504 395 2540 803 1427 2054 251 1115 2546 1394 293 572 1559 2381 1106 2579 2114 2759 1230 101 364 374 1561 341 658 727 1898 1798 589 1900 2113 2066 1593 766 1175 962 2040 1951 215 1306 304 1334 2238 2178 328 436 1213 2242 485 2787 1093 737 581 989 2323 714 407 1257 898 2072 614 1558 1971 1928 1804 1786 1166 2281 832 2409 291 1207 853 1137 1631 1447 1087 2288 1180 16 617 39
1742 966 2458 1384 1495 243 1554 1370 1105 1396 813 355 530 607 1673 2257 1604 1614 2696 446 1331 908 1002 2049 1237 1301 1567 1981 1017 337 2600 487 1705 1681 942 2085 451 1058 2543 2660 2140 2093 984 921 320 2064 1978 2369 1893 175 2357 1613 394 662 523 238 54 2597 50 542 1680 28 2193 503 2500 2552 711 1896 1275 772 295 505 2181 561 1287 1929 2265 675 1302 2394 1955 2782 2716 1182 2598 587 2773 972 2283 2250 2764 699 1109 2806 847 1037 2592 2119 1991 968
757 1728 754 1231 2756 2021 1533 1149 2320 2533 2673 29 2172 286 1312 2472 218 739 1984 2430 24 1296 2024 80 634 2366 119 135 1383 558 1689 2143 2014 2260 213 426 2295 2638 2413 1265 395 1597 425 529 184 498 1478 306 853 1427 2277 2644 2124 545 1394 251 375 2508 473 293 646 444 430 1746 1335 608 1175 252 1061 2178 1555 180 2128 274 2279 2228 1556 752 101 1951 658 2408 2323 1839 734 388 1501 2062 2370 1050 2546 1182 1168 2169 175 1299 163 726 589 466
2045 2023 1584 2755 258 747 1320 2496 2161 770 1443 1833 1938 1747 889 2075 2686 1029 1829 1972 326 2061 31 2402 721 1921 89 2177 1756 2144 968 503 655 1303 561 1317 653 1647 2715 2119 159 331 2693 1755 580 430 2062 771 1974 2610 1635 2316 523 553 1293 533 805 2232 654 1789 1568 2774 1967 2611 2789 1395 1097 390 2770 1335 27 2597 670 1187 1302 2236 235 1781 2017 2279 507 1461 200 1356 175 1140 643 1376 587 999 2053 261 1780 455 504 872 61 68 478 1011
1707 730 338 1466 742 1243 1379 1131 2151 610 568 1794 1455 336 2746 2341 2830 1309 1020 937 1581 2560 1634 1110 1573 1894 2788 1005 1969 678 435 248 365 544 257 2299 1783 2549 2290 2219 253 881 1516 112 1079 2730 709 410 811 2843 1526 717 1311 2251 1670 2364 1325 2516 648 434 855 538 94 749 1968 1424 1498 2680 1442 1454 870 1068 2005 1511 593 186 1645 535 1800 1731 406 2102 843 605 1133 1142 1779 1138 2145 1850 1040 2377 821 673 1527 1992 519 1966 2763 1094
176 1393 2668 2743 1562 1033 554 2029 2786 2227 555 597 1686 2108 979 886 1418 417 1890 340 2333 868 1888 571 429 332 1065 432 1492 802 142 62 2078 289 1398 361 681 878 2451 302 21 78 1256 1053 2384 1886 743 199 893 292 1430 1553 1268 2423 1699 1431 866 36 536 2117 1588 1132 733 427 2217 121 500 680 988 1272 2671 1952 2090 2421 1037 2594 2267 1303 261 1038 2406 193 1335 2808 412 2505 2465 2592 323 1461 1755 354 125 1118 2279 2814 1829 633 2228 1317
1993 440 712 2050 1782 2836 1045 735 2767 550 2130 1617 179 1422 1710 2837 900 169 1649 947 1328 1663 1444 197 1679 1640 645 445 2631 2840 1054 2011 2241 1381 1544 1658 2439 1623 1029 2707 518 463 1261 1253 134 1489 1701 319 2482 2628 1218 2375 860 1417 1369 1840 2649 1788 2454 1552 260 348 925 26 1860 1870 2769 480 2714 932 2088 1486 1437 2133 1636 2287 2538 663 992 2046 497 1051 2289 2650 194 2352 2556 2826 433 563 1307 51 1895 305 1496 155 1316 559 1148 659
472 1803 1811 1167 2444 1355 1509 1059 2758 551 1060 1862 2013 127 1069 1524 203 2710 1607 147 1341 2820 1629 2266 1421 342 2738 577 1530 2468 154 2094 160 1078 2595 2740 2213 166 226 888 1295 1807 1324 1373 2771 405 991 2835 1242 262 1828 273 2385 1101 641 2749 2811 867 2614 537 2524 2104 2431 1619 2781 557 879 1925 1964 667 38 1863 1982 687 299 2371 1988 1735 428 2776 2412 2473 716 2675 685 961 2205 385 2255 267 2175 2517 2138 1291 1238 741 1025 317 2692 1549
159 1118 1293 1097 1822 1143 580 326 31 653 2715 2053 1037 1635 390 1967 1124 2693 805 1715 1050 1755 799 1317 1024 1756 2062 1273 1568 1011 261 314 2232 670 2236 220 2765 331 1662 2698 504 1921 1395 1187 2406 1262 2783 1475 1647 2402 1140 1972 721 430 2061 455 1655 2343 999 726 1831 927 655 484 1612 2301 464 1706 1918 1648 2407 1789 1303 2429 1829 2059 1477 561 252 1216 2611 1008 290 2505 2465 412 1506 2142 467 452 89 2279 961 1472 643 1692 2470 2687 2531 822
419 2153 2554 1632 894 96 1927 189 2060 106 1032 1171 22 1214 2567 481 2751 2109 2263 1286 2831 785 2401 2705 1336 2612 1365 1013 762 309 84 300 150 1661 815 1217 333 924 941 856 2141 2197 586 1315 1987 42 2160 1139 396 2571 2502 724 1763 861 2152 1960 1425 2116 2079 620 181 2627 205 1251 2427 1726 1605 454 217 1090 1092 2313 443 1456 1802 2261 2425 2688 2370 1363 1182 957 2119 1172 2465 2505 2030 2614 1703 1273 2698 587 1627 2720 2181 2597 1662 968 2611 2764
1753 1125 2777 2077 2772 2478 2561 70 2510 431 1035 1759 2161 18 2757 1834 951 1839 315 1842 601 2622 1165 2015 1390 1557 1252 2302 2818 2 2663 1980 2685 191 277 1938 767 2279 533 1323 1475 1008 2236 1335 89 1829 655 2061 1248 430 1303 252 788 2774 103 999 2314 2755 1018 467 860 2632 484 1391 1972 2311 1026 561 1039 643 1747 625 770 1895 553 726 782 1435 753 2402 721 161 2228 412 858 2316 2611 2144 2398 389 1647 108 679 1220 1186 331 1378 1022 1503 1472
1334 2323 485 1175 1798 1951 1306 727 589 658 962 529 395 545 2546 1213 1230 1394 2066 2644 1115 2277 572 2178 714 2787 1801 898 1928 304 2113 1166 2409 1361 1558 2072 895 1137 1389 93 2054 614 1590 646 1207 1087 1197 853 1683 2000 1451 1300 2022 2759 76 2579 2540 803 374 676 789 1353 1298 1559 63 251 1561 1333 1427 1883 2224 101 240 1900 2381 581 117 1738 2494 215 2521 436 1198 1205 2030 1257 1106 2504 364 1184 1488 2303 2114 953 1397 1502 510 454 293 327
181 620 732 1797 1083 1702 2807 2476 1318 2263 2141 1260 106 546 6 785 2502 759 1139 285 2643 2554 582 2048 84 1927 419 1365 1605 96 214 2152 924 2153 1768 894 909 1866 1221 189 183 2060 922 1632 2841 1032 941 621 1380 150 636 815 807 171 2425 1858 2503 1171 959 1953 2278 971 1487 644 1536 387 1987 2442 1697 468 2720 724 2688 2567 2188 1283 2401 1661 1113 2313 2197 2261 42 270 2498 1108 22 481 2751 1560 1726 1596 2194 1217 2562 752 1214 2761 1188 1471
757 1728 754 1231 2021 2756 2320 1149 2533 29 286 2172 2673 1533 1312 218 739 2472 1984 1296 80 119 1383 2430 2366 24 2014 135 1478 2024 425 184 558 213 2124 498 2260 634 1326 473 375 466 2413 426 2295 306 293 1689 2408 388 1265 2508 1061 2143 2638 395 2169 1426 2128 1448 2615 1945 232 163 2464 2351 1597 2787 424 1951 1529 2178 2644 2390 274 608 444 2354 2279 1637 520 589 1798 2222 658 1306 1182 2177 1269 430 864 1175 1335 101 252 526 2228 1515 529 1719
101 436 215 737 364 1900 2381 341 2040 989 251 1427 2540 1106 293 803 1559 2504 1451 2644 572 1898 328 766 2238 2114 545 395 1230 1361 962 2546 1389 1115 1300 1798 789 1093 646 529 1683 407 1883 2242 1801 1394 374 2277 1257 2288 1786 2113 1334 2066 39 1357 1971 1818 2000 1951 2178 2759 1306 2323 581 589 2787 2579 926 564 1175 658 1180 2281 2054 727 2495 1213 304 76 240 777 1091 485 1353 1996 230 1207 2072 1558 714 782 1048 2632 1018 1026 898 1184 1972 252
1129 2185 1411 2584 2298 1694 1684 372 1267 1215 414 143 2529 386 1440 1939 2517 2616 1360 718 2619 2363 1630 2271 810 1112 1445 958 796 1514 71 787 2246 30 1446 1258 1294 2481 638 2801 1270 665 2706 697 2104 1816 1366 2710 1480 1242 2468 2505 2465 758 2806 1275 147 295 273 2687 1475 936 1378 2053 753 2607 1662 299 2100 2611 484 1124 557 1140 1022 430 389 1831 1024 879 2524 2398 1647 467 1293 2429 2236 1220 2059 220 307 669 89 534 1097 2534 2633 108 999 2370
70 2510 431 2772 2478 2077 1125 1753 2777 2561 1035 2161 1759 1839 1834 18 2757 951 2015 601 1252 1842 2622 315 1165 1557 2818 1390 2302 2 2663 1980 2685 191 2315 2702 1938 889 277 1747 767 1895 1443 769 2755 2023 1833 655 770 161 1475 2236 430 1929 1008 1701 2279 484 999 2061 553 1417 1829 89 533 1248 331 1788 625 2496 2398 1275 753 1303 433 2301 860 1335 2059 2311 2144 252 2686 1972 1039 1730 679 2289 258 2687 1435 1647 1831 1220 525 1584 561 2407 175 2402
113 1505 27 2137 1274 1127 1780 1961 822 1248 2311 1356 1435 625 679 449 1021 1598 1168 1299 525 2017 200 618 2316 383 1781 654 131 2091 239 1240 2164 2794 1503 49 252 2070 245 209 1141 838 139 858 799 408 2280 356 2173 2531 1262 296 1282 2669 533 2396 344 1011 455 2025 1787 2232 1568 192 495 61 1500 207 1875 653 2693 2715 268 33 1648 2279 2406 1187 1843 2142 1612 290 1873 1755 1273 1972 721 2402 1395 2061 1647 1921 31 1941 241 225 1024 561 2698 1829
1380 2197 1425 1044 1750 2514 2249 1286 761 396 474 350 1844 45 2503 959 2056 2522 2831 2705 183 905 506 1251 621 1064 2182 946 2167 624 1267 1090 171 1217 2086 565 2401 443 724 236 2608 1315 2612 1449 459 300 586 2030 2562 1006 2760 957 1364 2141 2317 2627 2720 1113 1308 1336 205 762 2245 1363 481 644 1763 856 971 2623 815 8 1802 1280 1183 1263 2091 1032 907 1250 1082 2648 482 785 897 2188 2442 2156 1277 1288 1013 1671 1458 924 275 2406 104 2164 1827 1933
312 987 635 2832 1405 1146 4 85 2300 1102 221 943 1407 2790 1926 547 556 817 2082 2270 1656 1737 1752 1386 1545 626 2817 1202 1934 2411 2501 59 283 2389 2044 950 2528 826 1624 1644 188 611 1319 2367 2069 266 1799 613 2397 2477 2574 2606 2419 1468 1422 978 606 1552 2424 1092 2312 1190 659 2652 2556 2826 1437 1983 1208 2200 2515 259 712 559 1369 2714 977 463 2084 925 970 480 1870 900 1339 2133 1307 2148 1240 1428 2544 1617 445 1414 674 524 489 550 2724 904
5 509 844 2457 1515 1889 2725 957 2464 2404 1766 744 609 2448 244 2115 1696 1616 752 2128 2468 1661 592 2168 1556 2562 2124 2720 2014 1596 1326 43 2188 306 2442 1880 498 644 466 473 375 387 42 2366 1108 1477 1802 2351 388 2498 150 2278 971 2476 1426 1283 661 669 2807 815 2688 38 1318 270 1061 425 106 2141 481 1536 1525 636 1637 2425 1726 941 2060 181 1797 96 183 2109 1927 189 19 1032 2222 2169 2761 2048 785 2749 2053 620 163 1945 2531 1692 424 909
2479 2552 2716 2365 2689 705 2181 28 505 523 1563 81 238 2250 175 849 1708 2534 1827 2500 2819 120 2191 2370 2283 1896 1532 313 458 92 734 2557 152 587 2674 1741 2099 847 2773 1339 972 2119 2193 2597 671 330 1010 2742 2681 354 772 2228 1746 1917 2527 1111 2592 602 2177 633 532 2028 2052 2809 2199 696 2322 1956 1704 740 1680 1332 2237 1376 1873 1543 503 711 2764 261 1037 1109 890 1124 771 1117 68 2144 1335 872 2789 504 1302 968 1852 2806 1730 1929 1297 533
1310 1254 835 1512 65 1107 903 931 702 1830 848 284 1908 768 1114 2388 1340 1767 2471 2601 990 502 1235 2276 684 126 2624 1608 1845 103 578 688 250 1720 522 1323 1821 297 1975 1391 2136 1413 393 1244 1186 2314 1620 1646 863 1450 1120 1147 1678 2667 2518 2275 603 339 830 1732 2181 561 1972 968 2061 532 1896 1327 2212 1073 331 721 1715 1780 1917 734 1021 1827 1974 1921 533 806 2283 2316 175 771 653 2764 2693 216 344 507 2402 2597 1182 2311 1647 1465 1140 705
534 806 1465 780 1481 418 2244 53 52 2059 2429 2470 726 786 484 999 1662 1438 1475 2236 2301 471 314 402 331 655 2407 363 346 216 467 391 936 858 1008 1124 2053 2765 452 1278 478 1220 2821 2690 1216 1852 1024 2467 1022 1378 1140 389 758 2398 753 108 1918 2687 628 290 2285 430 225 2634 61 207 2693 1050 1506 89 1924 2465 2505 1275 1037 1780 464 1706 344 1730 295 2142 840 2343 1039 1648 1612 1829 2698 2611 1929 1273 2806 1026 1655 1755 805 1048 1317 2565
1113 281 1144 629 2627 2677 396 2261 2194 1865 582 546 882 454 285 1757 1425 1221 1090 1371 1082 586 37 953 481 1284 122 594 1723 973 6 1763 922 275 1308 474 661 1018 1891 455 1612 443 1456 1285 1262 482 298 782 408 2232 1502 356 1395 138 1647 758 968 2062 1124 1537 2402 1568 2053 2806 383 1661 2534 49 721 1787 1011 1282 2505 2465 941 1972 2611 125 2557 1015 295 510 2245 653 2118 2687 504 1080 1472 2099 2179 1781 2552 2370 108 92 389 670 2396 2494
2741 137 116 1606 1463 1212 899 2135 204 1935 97 1134 246 2511 1547 1067 2842 2041 2305 2068 722 2665 79 2766 1056 2558 2294 725 447 1055 2825 1944 2728 790 2319 140 2207 1452 2580 1868 1185 1777 1899 2719 2708 2286 1076 2736 494 526 2435 252 608 1464 864 274 692 2438 677 994 657 2813 1780 1937 2382 2669 2057 430 2311 2625 1126 1781 682 2291 33 1248 2248 654 271 2632 239 1141 1892 1829 686 1648 2025 858 1127 2164 1972 1503 1639 1598 192 574 655 2292 1787 1435
2328 2491 2252 1179 1977 1651 2682 1578 1063 1579 639 945 952 1920 2647 1583 841 515 1470 1769 887 2792 919 9 998 1791 1354 748 916 2065 1531 114 819 118 1667 2042 1211 567 2778 1585 982 227 2310 1770 2379 1851 2729 763 2225 930 1657 2575 928 517 1368 808 2349 382 1367 2097 778 2723 975 7 910 2488 2711 1854 1271 2618 1566 2559 311 1239 2459 923 528 1970 633 261 2742 390 354 503 2304 1715 2716 711 329 2416 772 2081 875 2119 2199 1635 2773 1819 1746 1335
196 1643 585 98 353 2474 2081 1819 776 1864 1625 2067 2353 910 2462 2334 2103 1402 1042 2361 869 701 809 381 781 1963 2027 69 233 2264 2256 871 1344 1973 1600 2101 2582 2132 2001 1204 276 2603 1279 153 150 1515 5 481 2614 2457 1223 509 2336 2792 2491 1411 1546 206 1078 647 2065 516 574 844 446 1874 392 1143 887 2371 1565 2164 2438 2053 264 2012 1063 299 1530 1822 793 160 1592 247 2391 390 2465 2505 1977 711 317 2094 2435 1179 2723 1635 1660 2328 2584 1639
1829 1303 430 252 1647 2061 2402 721 1972 412 1037 561 1921 1395 2279 1756 1317 805 1755 1124 655 2053 1050 331 1967 1635 390 1024 1140 858 314 1715 799 2765 2693 2236 1662 653 1216 580 326 1475 31 1612 1822 2715 1143 1299 1168 1118 159 220 1918 1503 999 1097 1293 726 1506 1262 2301 1273 484 1568 533 2698 2531 2232 2059 2429 1011 2407 770 2062 1187 2406 1275 455 295 1648 1008 53 2142 1248 2470 1598 534 1789 1435 2311 927 670 1831 471 1655 1852 625 679 504 467
268 1843 290 1875 131 495 2565 2285 1941 33 2531 225 1140 822 1024 1500 1503 344 331 452 2059 534 726 806 207 61 449 999 2429 484 1124 2236 1037 1780 418 53 1481 1506 2470 1262 780 1612 1918 52 1662 1465 655 2053 1475 799 1039 1216 1021 1011 216 2232 2244 2301 471 1568 391 2698 1438 2137 1273 314 455 1924 2693 1282 653 252 296 1274 786 2142 383 49 525 408 2715 2407 2025 1917 113 2765 138 2669 241 1755 654 1505 1127 467 1730 838 209 245 139 1961
534 53 2059 2429 806 1465 726 484 2244 1481 418 780 999 2470 52 1662 786 1475 2236 2301 1438 314 471 331 655 2407 402 467 346 1124 2053 363 1008 216 391 858 2765 936 1024 452 1278 1220 1140 1852 1022 1216 478 1037 1378 108 2821 2690 2285 430 2687 389 758 2398 753 2467 89 1918 290 628 1275 225 295 207 61 2693 1050 2465 2505 268 1730 1612 2634 1506 1829 1039 1780 1706 344 1317 464 805 1648 1924 2698 2806 1273 1929 840 1755 1756 1921 1026 2565 2343 1967
1385 1007 406 1779 1526 2145 2516 1871 1511 1992 1442 2102 2763 773 1325 1969 1894 519 1527 2377 1645 1138 1731 2613 1800 742 288 257 535 2609 821 1707 1455 1068 811 112 2843 2290 301 2730 410 1419 709 1110 365 544 2341 2219 1783 749 1311 186 1516 1670 435 605 1040 2680 870 2788 1968 2549 1079 855 678 434 248 1466 730 1581 1020 1309 881 2560 1379 2830 338 1718 800 2364 1966 1794 538 1850 253 2746 336 610 1498 1573 593 1913 2151 774 2299 673 1243 2243 2492 2005
261 2814 2199 552 1156 1314 2105 872 1955 2265 1099 1003 2594 653 2610 877 2789 2597 649 1650 1135 2783 2306 890 2693 31 1101 580 326 670 159 799 2715 1293 1885 1118 1097 2773 1543 1143 390 1635 2359 1822 1967 2053 1715 1050 1273 1441 1755 1568 1823 2232 2799 1376 220 2062 1011 805 2101 367 1317 2343 2322 316 1991 1756 507 1117 1917 1297 235 1164 2698 1746 314 2822 1109 1182 2764 2406 290 1274 504 1873 1327 2212 331 2177 972 1477 2812 1187 2237 699 1037 1124 1852 633
1056 2741 899 137 2135 1212 1606 116 1463 204 1935 2766 1134 97 2558 2842 1547 2511 246 1067 2068 2294 2305 79 725 1944 2665 1055 722 2728 2041 447 2825 2207 2580 1076 1452 2286 686 2708 2057 140 1464 1868 657 2813 1777 2248 804 2291 494 2382 2435 1899 1937 2319 677 1223 574 1185 1874 329 1825 2736 146 1639 2393 948 2683 2438 790 647 682 491 2719 1473 692 1126 2639 1592 274 864 994 608 134 2569 2436 526 2419 2292 1725 2669 2598 674 2652 1870 165 1274 1092 1555
372 155 1956 1704 2028 532 671 2631 696 51 1255 439 1640 305 1569 1796 48 2721 715 1532 562 1339 100 261 2556 64 123 882 152 1860 2034 1708 847 1117 2545 201 734 1302 1974 1741 670 2099 458 2713 2557 330 2674 313 2479 1376 2177 2742 2819 503 2597 2433 2191 1327 1461 2343 2212 2812 1896 849 28 872 2144 2773 705 68 238 2283 354 1563 2764 2250 2500 2814 1240 587 326 972 968 2527 711 2309 2513 2774 1961 1873 31 1010 580 771 772 2767 2017 1972 2316 2715
1631 1593 617 832 291 540 1535 1561 483 2784 1346 240 1883 789 1300 2000 2129 2542 63 499 2022 1483 2242 1019 376 44 16 1447 1353 1469 1749 1333 1801 1298 1213 2504 614 1087 182 1137 1590 792 407 1197 898 2260 2277 2785 1389 1804 1207 1166 1672 93 2072 465 714 1773 1558 895 2066 1434 2409 1693 1161 1394 2235 2317 1914 1928 1683 1513 1847 2579 2759 983 310 1743 1103 2113 2437 967 2054 76 2827 304 374 251 1093 853 529 576 2190 2700 1449 783 2016 803 2178 2296
2707 1623 1054 1679 1328 1444 1663 947 1649 169 2011 2837 645 445 2840 2836 1782 1617 2767 2130 712 1045 1253 440 2050 735 179 1029 1422 1640 1261 2287 1993 1552 2241 123 1381 1544 319 1860 2439 1658 134 550 1710 2631 932 900 1218 2588 724 2150 518 2628 197 463 1840 194 2133 992 1489 563 2046 161 2352 965 860 173 2375 497 1307 1788 2632 1417 2482 2076 769 1701 1026 1051 2289 1048 1543 1208 628 1486 2714 782 906 1369 1021 2105 1636 1281 2228 259 1923 456 2735 1018
1810 2509 202 1075 1001 2121 2350 2583 1012 249 67 1406 627 31 316 2693 1780 653 963 390 2628 1127 1099 726 162 1051 61 1029 1924 1441 623 1216 890 367 1944 331 326 1050 2236 2770 1635 580 670 235 27 618 1472 1822 1475 1852 999 1967 314 872 1317 2698 1273 552 838 2144 207 2306 1715 1274 2099 2316 1775 200 494 1187 2610 344 159 968 2715 1746 1648 1021 209 134 1282 2053 2774 1789 1829 1756 553 655 771 192 2406 1961 1156 806 1755 391 643 2594 1118 1461
2531 1781 2794 2164 2091 239 654 525 1787 2025 245 383 49 2396 2173 2280 2669 139 209 838 1356 192 1127 1875 408 1141 225 296 2070 1282 2311 356 1503 61 207 1168 1299 131 822 344 268 1843 1780 495 1274 1505 2285 27 1024 290 1435 33 113 2565 1941 1248 252 1011 2137 625 449 679 1500 2142 2279 241 1598 1924 858 452 1961 1021 1262 455 1789 1240 1039 1612 2232 1568 799 1506 927 1917 1831 1655 1918 1140 2017 464 2316 1706 2715 618 1829 1303 653 200 2693 1124
150 2263 1726 2678 1525 2623 2386 2572 2116 861 1960 1280 96 1013 762 894 1336 2554 1632 419 1084 106 2160 1371 474 1927 2153 2401 2079 1139 2612 189 1315 2060 1365 1458 181 1380 851 2503 2807 1032 785 1318 2141 620 2591 309 689 1536 333 300 2571 398 2278 856 793 1217 335 1797 2230 1251 2476 294 949 2733 462 2720 1665 732 387 647 2374 636 1438 471 1907 1108 1083 1004 1861 1627 1758 2004 133 57 2442 2690 1482 1859 1018 782 936 644 2188 2454 1048 1144 146 2467
802 142 1492 429 868 1890 555 554 1888 2029 2333 176 2078 2668 2743 1562 1393 1033 2786 2227 597 1686 1886 1256 886 2108 1418 417 979 432 1430 1553 340 1699 332 571 1065 1431 62 866 36 743 2267 289 2117 1053 2380 733 1236 2451 1588 1132 878 1398 536 361 681 21 2384 1499 302 78 292 427 2423 2217 680 500 893 1268 199 901 1038 2568 2415 1793 121 1272 2421 988 261 1754 2090 2671 2594 323 13 2406 1118 877 1949 828 2322 552 1041 2592 193 1974 2052 640
2741 899 2135 137 1212 1606 116 1463 204 1935 97 1134 2842 246 2511 1547 2041 1067 2305 2068 722 2665 2766 1056 2558 79 725 2294 1055 1944 2580 140 1777 2708 657 1185 1868 2435 494 1076 1452 2248 447 526 2813 2057 1899 2728 2382 1464 1870 864 1473 2291 1708 1799 1956 1715 1937 574 553 1635 1274 220 1127 274 2028 390 655 1240 994 2286 2343 1275 1648 2419 1780 559 68 26 2669 1050 1967 1148 1187 805 1917 197 31 686 2250 2454 326 653 33 28 1092 2144 999 331
2021 1149 2533 1231 2756 754 2320 29 1728 286 2172 2673 757 1533 739 1312 218 2472 1984 1296 1383 80 119 184 1478 135 2430 24 558 2413 2295 2024 1689 2260 293 634 2224 426 1265 2787 967 2296 646 2366 76 2540 1597 1448 2014 213 1719 853 425 2615 498 91 2143 395 466 2638 1427 2323 1334 1804 2644 1900 1722 2408 962 2390 2124 1849 1798 589 388 1061 1529 163 375 2508 1230 306 1361 1867 1616 2354 1306 364 436 251 1555 1175 1951 1451 473 383 1928 1269 714 1326
757 1728 754 1231 2756 2021 1533 2533 1149 2320 29 2172 286 2673 1312 218 2472 739 1984 1296 80 1383 2430 24 119 135 2024 558 213 2366 2014 184 2260 425 1478 2295 2124 2413 2408 634 498 2143 1689 426 1945 232 473 1326 2638 306 375 388 520 1061 424 2128 1426 466 2508 2566 1265 91 2464 1269 707 2354 1597 1719 19 1849 1448 1529 2169 444 163 2390 2279 1867 2351 1766 2615 1299 1168 1475 1335 1722 252 430 726 2228 1182 1852 1746 858 1274 1127 752 1829 2774 609
2323 1334 1798 529 2277 962 1801 1230 395 2644 1683 1951 1306 1175 485 727 589 572 658 2579 2759 1394 545 374 2546 1361 1300 581 803 1389 1115 304 1561 2178 1353 2066 2113 646 1213 1197 2054 1883 789 1427 1451 2540 697 251 2114 2504 718 2228 2787 1445 420 2022 1397 148 101 2768 125 1335 430 436 788 1026 953 2529 531 386 2521 1514 215 240 252 1738 734 1225 108 1641 1735 1900 117 2154 2632 2179 737 467 89 2557 1746 1022 456 324 1248 1912 501 1062 2806 1923
2823 396 281 481 2627 1425 2567 1171 1217 2688 971 1214 22 2751 941 2498 309 2677 856 1802 2188 644 629 2720 84 2168 387 2562 43 2442 333 1363 785 1596 1880 1703 1108 1987 1288 2109 2761 2401 815 270 2425 1283 2216 454 300 2612 1365 762 1315 474 2313 2079 1449 2030 2448 1032 2571 2160 661 909 167 1336 1013 20 2060 2194 957 189 1458 2503 42 2726 1199 2162 2261 2048 907 1560 1907 1768 861 2476 1661 2705 476 2502 2116 959 106 2152 1761 1044 2197 150 398 2554
503 972 1376 711 2119 587 772 1680 2370 2177 696 1746 354 633 2742 2322 2527 2681 2052 2193 2181 2592 602 1111 2534 2237 120 1873 2689 2764 1010 1704 1332 740 330 2250 238 1543 1117 968 1917 92 81 771 1852 1109 705 68 1532 2144 1302 532 2028 553 1956 1339 671 847 507 28 2365 152 1708 2770 2814 2479 890 523 2773 872 1741 2774 1974 670 261 2597 2557 1461 2674 175 2812 2552 2099 1563 849 1827 1327 2212 505 1774 734 1182 458 235 649 313 2819 533 2191 2283
2755 2045 2023 1584 747 258 1320 2496 770 1833 1443 1938 889 1747 2686 2161 269 1548 211 1718 852 2532 2075 2134 1460 2545 2061 2774 1921 31 1972 430 331 1029 2556 1240 1018 1756 2144 1317 655 1989 1647 1829 1335 2402 1974 1051 1293 2715 721 670 1472 523 533 2770 653 326 2690 1961 580 1220 2236 367 2119 1187 1022 1274 1026 252 1097 159 1438 2467 1302 1635 478 2017 108 1780 504 471 1141 1692 2181 1827 1796 89 1461 782 705 1831 1781 220 1182 726 1216 628 2062 2028
912 1264 2208 41 1652 2231 2692 716 2205 1988 591 616 1812 527 345 237 2131 2675 651 1491 1587 2530 996 1564 1837 1181 2524 2104 273 2781 1242 833 124 147 918 2075 2595 708 2175 700 1855 2517 2619 718 697 1349 577 1215 2529 1366 1025 1735 1167 143 386 1862 1816 1803 1440 2298 2185 1355 2271 1684 2801 1101 1811 1863 810 2246 2226 1509 1060 2633 641 1411 1514 1373 2758 2607 2834 17 1572 1807 2158 71 2138 2584 2307 1615 991 2215 1630 234 1295 203 961 2399 2771 2139
1790 1933 2071 897 1052 1305 2512 2218 1504 1709 222 1638 836 2342 1436 1736 2156 2355 1806 1321 2450 1098 2096 755 2201 2432 2645 935 850 2750 1044 2691 1911 2362 1621 2420 2642 2446 2537 144 599 1425 2627 481 2452 666 1865 99 1910 2614 580 1387 396 1682 159 2053 2212 1327 1143 31 2698 2232 872 1852 1273 653 1388 675 1118 1568 1164 2091 2164 296 833 1781 326 1127 127 408 1097 1293 1282 2137 1021 606 1822 2646 2473 320 2773 734 643 1124 1635 1216 699 505 2236 239
2721 1569 715 100 305 48 51 562 64 2034 439 155 1796 1640 2433 201 2545 1860 2713 2309 1901 1453 1490 2376 2556 2631 2272 1416 1496 1051 1948 194 2352 1316 1369 2649 26 1870 925 2454 348 2769 2538 480 663 197 1586 712 2815 168 645 1218 2826 2714 1636 260 445 2840 563 1617 1096 559 550 2050 1710 1782 1986 1965 1307 2632 1045 782 1029 463 1417 2652 2708 2088 2650 1018 1422 1048 2836 2011 659 259 518 1097 805 1983 1584 2628 735 440 2007 900 674 179 1046 1755
6 285 546 582 1221 1083 1702 759 2643 732 620 1260 922 181 1797 807 1697 1858 1188 468 1570 2313 2194 2043 2261 2816 1456 475 1865 2346 1916 1227 1723 2666 2810 2171 650 1891 411 229 1882 298 1284 122 37 2476 1153 1380 2807 1768 2048 2167 2268 980 1285 1884 2118 661 1603 1761 973 1610 1318 1015 476 1560 1537 1139 594 669 829 1763 448 2425 820 281 2168 1090 1082 2706 420 148 1199 2768 758 2179 629 636 2677 1397 389 1018 586 2465 2505 334 782 459 2627 2611
534 806 1465 1481 418 2244 53 780 52 2059 2429 726 484 2470 786 999 1662 1475 1438 2301 2236 471 314 2407 655 331 402 346 363 467 216 1008 1124 2053 936 391 858 2765 452 1024 1220 2821 478 2690 1022 1278 2467 1378 389 758 108 1852 2398 753 1216 89 628 1140 2687 1037 2285 430 1918 2634 1275 295 2505 2465 290 1039 2693 1050 1706 464 225 207 61 1730 840 1506 344 1829 1780 2142 1648 2611 1929 1026 2806 2343 1924 1612 1655 805 1048 2698 1755 2565 1273 1317
419 2554 2153 1632 894 96 1927 189 2060 106 1032 1171 22 2567 1214 2751 2109 481 1286 2401 2263 785 1336 1013 2612 2831 150 1365 762 2705 309 333 84 1661 861 620 2141 171 1251 181 2160 42 815 300 941 2197 1217 2079 621 732 724 1797 2278 1139 1315 1108 1363 1703 2688 971 856 2425 1844 2313 924 644 1318 2261 1288 1763 2720 2116 1749 183 949 2841 936 1987 1536 753 2398 1083 661 1438 2687 1182 471 1103 561 2317 1283 2505 2465 636 2690 1662 2571 2807 2502 506
2141 621 183 171 1365 2502 2152 214 785 815 909 1605 2263 106 84 1866 1927 1113 45 2401 941 1139 2197 959 1987 2522 2612 1251 2056 2503 96 1661 1171 894 2751 189 2182 2060 2608 1032 2554 236 2760 2153 1364 1632 2567 419 2841 22 2831 1214 150 1064 1217 1336 1525 1371 1280 1013 309 1315 481 2109 2623 506 2348 2678 1458 856 762 2572 2160 2386 1726 2116 1953 2705 1084 1757 1960 1286 1380 75 1004 2079 1144 861 333 474 565 2497 198 1844 2112 300 2591 851 270 2737
640 2520 13 2210 1272 1949 1038 1754 2421 1041 2671 377 2083 1910 2578 323 2428 828 1337 1429 2335 56 2629 358 2539 1764 672 1374 2602 2798 1668 865 698 2828 1249 1070 933 1329 2795 2221 2031 1399 2570 2032 2120 1952 964 2038 2839 729 1266 2047 1189 2640 2808 370 1049 2384 2451 1118 955 1588 1132 2406 932 1187 31 1053 1974 580 331 2279 1461 1143 2078 1822 1829 2774 326 1273 159 1240 1050 2812 1648 2232 1475 2770 1961 805 655 27 432 1755 2236 1756 1274 1774 1356 1521
848 1830 702 1114 931 1107 903 768 1310 1908 1340 1767 2471 2601 284 2388 65 990 502 1235 835 2276 2624 688 1512 126 103 1845 578 1323 297 1608 1254 684 522 1391 250 1720 1821 1413 1186 1975 2314 2667 533 225 2061 561 2144 655 1465 2316 705 1972 331 175 2689 2181 771 216 2557 1921 999 1974 2017 721 2402 68 553 81 1302 534 780 769 806 2236 200 2119 1438 1706 1917 484 2244 1827 1647 726 464 532 1875 1021 2429 2370 1187 2059 2283 2398 61 525 2311 471
101 436 215 737 364 1900 2381 341 2040 989 251 1427 2540 803 1106 293 1559 2504 1451 2644 572 1898 766 328 2238 2114 545 395 1230 1361 1300 2546 962 1115 1389 789 1093 1798 529 646 1683 407 1883 1801 1394 2113 2277 2242 374 2066 2178 2000 2288 1257 1951 1786 2787 39 1357 1818 1334 1971 1306 589 658 2054 1175 2759 2579 581 1213 727 564 926 304 1180 2281 2323 240 2495 1353 485 76 777 1091 230 1184 1026 782 2632 1048 483 1558 1018 714 252 430 1972 1274 1207
882 1113 1757 281 1487 1471 953 2688 2627 1502 629 1972 1018 396 721 2402 1612 1395 2232 782 270 1568 454 2677 138 455 1472 1255 1262 356 1865 2261 2137 125 580 1317 2061 1011 653 1979 1140 275 1282 2498 2053 296 670 822 1833 504 1647 1443 159 1921 408 2557 1124 2552 1048 2177 1756 1635 326 1780 561 2119 2690 1293 838 788 2773 458 387 758 2062 49 175 1787 31 655 1029 546 1274 909 2527 2179 2283 108 523 1335 849 1024 1781 482 2025 1144 654 295 770 390
1697 922 1188 2268 759 2167 1858 2643 468 1456 807 1260 546 1865 37 6 285 1221 1702 582 411 1083 122 1284 459 1763 732 1090 1082 586 1308 2313 229 620 298 1570 443 2043 181 1797 2816 2194 475 2261 1227 1006 973 1285 2171 448 2666 2810 1916 1884 980 1610 2346 650 2118 1723 1891 1153 1015 1537 1882 669 476 661 2706 1560 2476 1761 829 1603 1380 2168 690 2807 2425 629 1199 1768 138 758 1425 1612 1140 2623 389 1318 2061 1972 2611 1921 1918 275 721 281 2402 561
2548 2189 2731 741 1589 687 1122 1814 2662 2844 2063 837 1009 2484 2455 1159 1815 1735 264 2138 1539 2092 2833 2797 2139 403 2269 352 537 299 2776 2371 2576 428 1982 1549 557 667 203 2215 1925 1571 795 1619 879 1816 913 1524 1366 573 2524 2100 2403 2529 342 718 386 1863 2486 1440 2412 2226 143 891 1349 551 317 1025 846 642 2158 1278 1480 2727 17 234 1373 641 1862 2385 2834 1514 1629 2271 1242 2185 2399 226 1520 600 2584 1 787 1831 1655 1961 1572 969 2017 867
1804 967 499 2235 540 617 832 1719 1535 792 2756 2542 2242 1561 91 1298 1593 789 754 2296 1728 240 1631 483 2021 1346 1091 1231 777 1996 739 2784 407 1689 940 783 1434 291 24 2320 2143 1343 2024 1019 2430 63 426 766 1149 853 230 2112 1597 310 328 2737 2281 1300 1093 2533 634 949 76 2295 1004 135 2673 184 1883 558 2759 926 983 2413 2238 2827 1999 1693 2129 1180 251 1103 2504 2579 1743 1773 424 2040 1087 218 2022 1590 2172 286 2472 1945 1478 1448 465 2638
28 238 2250 1563 505 2479 705 523 2365 2689 2181 2534 2500 81 2552 175 1708 849 1532 2716 1827 120 1896 734 2819 2370 2191 313 458 2283 2099 671 152 2193 972 587 92 2557 2674 1339 772 1741 330 2119 847 532 2028 1746 2742 2773 1111 602 354 2592 2681 633 1956 1010 696 2597 740 1332 2052 2322 2237 1704 2228 1680 1917 2527 2177 503 711 1543 2199 1376 2809 261 890 1109 1117 1873 872 1852 1037 1335 1124 1302 2306 1297 649 968 2774 2764 68 2144 1974 670 2812 2236
767 277 1938 1443 889 1747 2686 1833 2532 211 1320 770 2702 2496 269 369 1989 2685 2315 1980 1548 1460 2818 951 2015 1252 1834 2663 1842 2 18 2757 601 1759 258 2622 2755 2510 1165 431 2045 315 2302 2023 1557 2478 70 2077 1390 2772 747 2777 1753 1125 1584 2561 1972 2402 191 721 2061 1647 1018 1829 2232 1472 1303 2236 430 1831 331 655 782 2279 1756 1655 1921 1275 654 1895 927 2406 1248 1781 31 1789 1143 2311 2632 1008 1612 1568 1475 1124 1335 1822 1035 643 389 2062
493 133 1034 1575 1724 210 746 1580 2418 280 2461 1234 2374 2174 2456 1861 1276 1392 1792 2327 57 1665 2229 570 1664 548 1930 704 793 2186 2004 689 1758 1859 294 2330 1072 2125 1030 2838 421 1375 1279 2184 2694 1765 1358 797 77 366 1947 720 1193 976 1776 2581 1887 2039 859 242 1551 2206 228 2332 2123 1457 656 1877 2739 2590 857 2672 263 756 158 1542 2356 287 2659 1196 1191 2321 1350 2198 880 1086 885 1345 706 1043 1229 2127 801 438 170 2703 514 588 1432 2155
1113 1144 1371 1661 474 851 40 1960 2571 1757 2507 592 882 1298 986 2678 2116 629 454 2573 2572 281 2677 2503 482 1525 1280 1255 2386 941 1336 1232 2162 396 1084 2030 2627 481 84 1013 123 815 167 2569 270 1726 2109 1425 762 2245 2494 2261 2303 856 1365 770 327 682 2183 1987 356 1315 1592 2194 1687 1282 1616 92 2212 1327 275 296 350 670 2263 408 838 785 2427 2232 455 2402 491 37 531 1641 1011 957 2089 1781 2396 1302 326 61 1320 2735 653 2025 2150 1198
1506 1216 1918 216 1612 455 1262 1140 2698 344 2232 2565 1568 1011 391 1924 1273 471 822 1438 331 1141 2070 1435 1024 799 1248 625 679 2311 2715 2137 138 1598 858 2531 1356 402 1274 1503 655 2343 1278 1037 2142 131 113 1124 268 1299 1168 1843 363 654 1875 383 52 61 49 207 936 525 495 2279 430 346 1647 2061 2669 1972 2402 721 252 290 1755 1505 780 225 192 2627 1921 1481 418 2025 561 1465 2244 1395 786 2053 2693 245 653 534 1282 296 2690 1756 2821 412
88 1476 676 2202 2745 1914 1856 824 2111 576 2547 1749 95 1178 2523 1713 596 2422 2785 132 1116 34 1224 683 1714 2190 2180 2441 1176 2700 1672 1838 1990 47 695 2129 465 1836 2437 1743 2827 2016 983 230 1357 39 310 777 1057 2281 2288 1483 2317 2495 1996 1786 1180 1971 1257 564 1091 2249 926 1693 751 1449 44 1228 2149 1818 16 1106 761 2114 376 2555 1447 2656 603 2058 1450 832 1183 104 1732 1620 1469 830 76 2275 339 1593 1631 1727 1073 1346 1678 783 1161 1795
2749 154 2740 342 1059 551 2468 203 1524 1629 2444 1811 1803 38 795 472 1167 1355 1509 2710 2013 1862 127 1060 2363 147 1373 2198 2771 879 798 557 2529 1863 934 1925 143 2517 1807 1480 667 1421 741 1982 669 1275 1129 295 829 2266 391 160 1861 299 2213 1295 2371 641 1619 2806 2269 1366 2727 242 2385 1124 1037 158 2654 2548 262 2206 428 1101 2687 880 2758 858 867 1929 2189 1647 2104 1475 273 2236 389 753 842 307 1675 467 1348 810 2399 2187 2053 1008 1816 1
1911 2512 2362 2218 222 2691 1436 1504 144 2420 850 1682 1387 2318 2355 1305 1479 1200 1790 320 1098 2156 897 1638 1933 836 2096 755 2645 1321 2342 1736 1806 2432 2071 1709 2450 935 2201 1052 2750 99 1044 1621 1676 2446 595 612 2642 2126 1320 533 290 2469 1435 1972 1756 1248 2061 200 2402 721 2634 1648 61 822 2452 999 2232 1921 208 734 2244 2137 532 1715 331 2689 771 2693 2774 1335 2407 53 33 2236 1317 1008 553 120 2181 402 671 552 655 192 2406 2594 625 2144
1707 742 730 338 1466 1243 1379 1131 2151 610 1894 568 1794 257 2746 1455 336 2830 2843 2341 937 1645 1800 1309 1731 1020 1138 1581 2560 1969 1634 1110 1079 2788 811 1573 435 678 1005 2549 365 1516 709 1783 1526 544 410 2290 2299 2516 2219 112 881 2730 248 434 406 186 1325 1670 538 1779 2364 1311 717 2251 253 1442 1511 2102 749 855 535 648 1968 2680 1068 1498 519 870 2145 2005 1454 593 94 1871 2613 1424 2377 605 2763 1527 843 288 1142 1385 1007 773 1133 1040
431 2510 70 1035 2772 2478 2077 2161 1125 1753 2777 2561 1759 1839 1834 18 2757 951 2015 1252 1842 2622 601 2818 1557 315 1390 1165 2302 2 2663 1980 2685 1938 277 1747 191 767 889 769 1895 2315 2702 161 2496 2482 1443 578 990 1833 2755 2686 1710 173 1701 1391 770 2316 655 533 1417 430 1788 2279 1413 1302 561 860 2471 331 2289 1972 502 433 2402 1117 2236 2650 1335 2601 2061 1647 412 2311 553 721 753 2398 258 2812 1627 1414 643 1475 1388 2774 1275 1021 1831 2144
2044 2501 1934 2411 2528 1644 1624 1656 188 2817 1102 2790 611 1407 85 817 2545 1796 2300 2832 221 2034 943 1926 987 64 48 1569 1319 439 100 715 2721 312 305 155 562 1405 51 635 1640 1386 2082 556 1860 2270 547 2631 201 2433 2556 2713 2309 2419 2574 134 1552 1190 2397 259 712 463 1369 606 1029 1983 1710 197 2424 1782 2084 563 1092 1617 1208 445 2133 1307 1417 550 1414 2652 2454 1870 2826 2714 2088 978 674 559 1422 900 2789 2649 925 489 1788 2011 1202 2105
2065 1791 982 1470 567 2778 118 808 919 1851 887 1354 2792 952 2252 2682 1769 2328 763 1583 2491 2379 1063 1179 2310 1651 1211 1579 1531 930 1977 998 1578 841 748 945 639 1667 819 2647 2225 1920 515 2729 114 1657 928 2042 1585 9 916 1770 2575 227 517 7 1854 2711 382 778 1970 2723 1271 975 2559 151 512 2618 311 2097 528 2488 579 1367 2026 1210 492 2793 1368 25 1239 1209 875 2459 1528 2349 513 566 1154 2416 923 1414 2670 503 1208 2076 2814 2028 2343 553
1129 2185 1411 2584 2298 1694 1684 372 1267 2616 2529 143 1440 386 1360 414 1939 718 1215 1630 2271 2517 1445 2619 1112 1446 1514 958 1294 787 810 638 30 2246 71 1258 665 2481 2363 1270 796 697 2801 2104 2710 1816 2706 1366 1480 2633 1735 2524 557 2607 1242 273 299 2339 879 1122 1831 1549 1589 1972 1655 1647 2061 1295 2402 2139 721 2632 1275 1373 1140 1925 2505 2465 147 643 1756 2833 1568 1660 2062 2611 2100 1395 805 295 2731 220 936 464 430 1335 2687 927 331 1921
1145 2747 1023 2775 2098 174 141 72 612 2055 1415 2636 2009 694 1047 172 1784 164 156 460 401 1241 2722 208 1976 1872 99 1160 1688 453 1510 2577 595 2163 2655 731 2126 1163 399 760 2587 1089 2274 461 2469 823 981 1085 1808 1717 2679 816 2829 1233 1628 1404 477 437 1599 177 2122 1903 1155 2074 1100 73 1003 2177 313 478 2557 2674 152 1955 1376 2594 2301 1314 2819 587 2527 2265 2789 89 552 402 458 1438 655 471 2191 786 367 877 2181 2144 2765 2407 1182 805
1882 956 454 167 20 2030 2468 2749 829 669 2168 661 2726 2740 275 38 2623 1995 115 154 342 2823 1744 448 1697 2268 2791 1425 2167 1761 476 2476 1456 2162 42 2194 1059 2261 1284 459 2648 1366 591 2712 1880 2465 2505 1227 1205 1837 307 758 1629 1018 1092 2133 464 2053 1568 1564 1090 551 2698 2402 2197 2279 1865 1 1775 1525 1124 1706 1021 1972 1140 2431 1380 455 2399 2232 1025 109 175 1024 2552 782 389 2732 2627 2212 546 2236 1327 1647 721 2800 1273 653 1802 1274
2263 150 1726 2678 1525 2572 2623 1280 1084 2386 1371 2503 1960 1380 1139 1458 474 1866 2476 398 1400 762 2116 181 785 2425 2141 851 1797 387 300 1199 2348 620 2188 1596 2554 861 1365 2498 43 2562 732 894 971 106 2705 1064 2720 419 644 2807 2761 1108 1560 2831 2060 2612 2153 1032 1336 2688 189 1013 1364 1768 1318 2401 636 183 1536 2591 96 1953 2442 2760 6 1083 1927 42 335 481 214 2160 1251 84 2608 1632 270 1802 2048 236 2278 2197 1283 1702 815 2230 689 2079
751 1678 2518 1147 1073 1120 1450 830 1732 2275 2136 1244 603 1620 393 339 1646 863 590 2033 902 87 1410 917 993 83 1943 32 321 1950 541 371 145 1919 2563 2020 187 2653 2525 818 379 777 1809 2073 920 2240 1517 1192 2684 2802 2804 1996 1382 1091 469 2345 462 230 2106 2166 1014 2733 2605 86 2651 2239 1905 1626 2805 1601 2637 2368 676 1259 2281 279 1467 1959 2780 693 1832 1357 2630 2447 1971 1459 1594 39 2036 1116 2495 1914 2211 102 2748 1169 1257 1195 2752 2785
1298 2542 617 949 1434 783 940 407 2242 1343 2737 1004 1346 1561 2112 1631 1103 540 1535 1773 1019 1093 1999 182 832 63 1693 310 2827 1760 1712 499 766 1333 983 1795 1161 2441 328 75 2238 1513 2022 149 1847 2190 291 1743 695 1176 2202 1856 2129 60 198 2745 1593 2656 1898 2111 2497 1087 95 1685 1749 954 1914 1785 689 596 1590 2149 132 1091 462 2785 2016 2000 2116 861 2374 1665 1846 2733 2504 2454 1758 1996 777 294 1304 1672 1228 2489 44 1859 2649 26 376 1870
515 1179 2792 2491 1579 2328 1578 841 118 1791 945 639 2647 1977 9 887 1920 952 1769 1531 567 1063 748 1651 919 2682 2252 114 998 1470 1354 1583 1770 819 2778 1585 1667 2065 808 1854 916 2575 975 1851 7 517 2711 227 382 930 778 1211 2379 982 2729 2042 1970 2310 2723 2097 492 2459 1271 763 1154 1528 1657 928 923 2304 151 2488 1367 1368 381 2618 2225 781 2559 566 2349 2793 579 1402 2334 311 512 2026 1042 1643 809 1239 2416 1210 776 1819 513 528 1519 25
1179 2491 515 2328 1578 1579 841 945 2792 639 2647 1920 1977 2252 1063 1651 9 952 2682 1769 887 1791 748 1531 118 1583 114 919 998 1470 567 1770 819 1354 1667 916 1585 2778 2065 808 227 2575 2042 517 1854 1851 1211 2310 382 778 2729 2723 930 982 2379 2711 975 763 1970 7 2097 1657 2459 2225 492 1528 2488 928 1367 1368 1271 1154 2349 512 381 2334 781 1643 151 1239 2026 2312 524 904 1402 579 2618 2298 553 910 977 1302 1172 2316 1819 1148 503 533 2559 68
1298 2542 617 1346 1561 940 1434 1535 1343 2242 2737 540 949 1019 182 1004 2112 63 1773 832 1631 783 1333 1103 407 1693 2022 310 1999 499 2827 1712 1161 291 1513 2656 983 75 1760 2129 1847 1743 2149 1795 1593 2441 2190 1093 1590 766 2000 695 60 328 2238 1087 2497 149 93 1137 1176 198 954 1785 614 2202 2759 2016 895 148 2745 898 2521 179 374 689 1749 1856 2649 1397 1207 95 480 2504 2116 1685 2454 2784 1914 2769 594 2330 925 2010 2538 2260 2579 581 2768 510
13 1272 640 2210 2421 2520 2671 1754 323 1041 1949 377 2083 1038 1910 56 2428 370 2578 2047 1189 2032 569 1337 193 988 2090 1429 121 828 2798 2629 2335 2539 698 964 729 1070 2031 2221 1399 1065 2120 358 2217 680 2568 1764 2415 2828 933 2570 2795 672 571 1793 536 2038 1952 427 2640 1668 2808 580 159 1335 2053 2735 1374 1680 2236 1822 31 1097 503 711 523 2687 2505 2465 2602 1293 1143 968 2119 1266 1461 1475 901 1831 1472 2774 2598 653 1655 2228 500 1852 261 972
1993 1710 900 1489 197 1701 860 1417 2767 1788 1045 712 1617 2050 2631 1029 2836 463 1782 2130 440 2840 1422 445 645 735 179 2482 134 2011 550 319 1328 2375 947 1663 2707 1552 1054 1437 2133 1679 1486 1253 1444 260 1623 1649 2289 2088 169 2837 2650 2241 1640 433 1860 932 1895 1381 1658 563 1261 1544 2076 2287 2826 2439 1208 1307 906 1369 965 1148 925 2714 2454 2649 480 674 2419 348 559 1870 518 2769 1878 2544 2652 259 769 26 173 2538 1468 1123 2082 1218 161 978
73 1599 2074 380 823 437 1233 1628 2163 399 981 760 477 1872 1510 453 401 2587 461 208 1976 595 2055 99 1717 1145 2655 141 2126 2098 1023 1047 2469 731 816 1160 2122 1085 177 2829 2679 2747 1163 612 1903 2362 1784 1911 72 694 2775 2645 1098 222 1335 2228 2009 2552 1376 2812 2355 2594 460 972 1321 2774 174 354 2557 2735 552 805 1303 1829 430 156 412 2592 200 1746 1972 2279 625 1755 1248 53 1756 726 877 655 2062 1923 2577 2505 2465 1026 1921 1220 1018 172
807 922 759 1697 1260 2643 1188 1702 411 546 6 2043 285 1221 582 1083 1858 2816 2171 2666 650 468 2810 732 1456 475 2346 620 1916 1570 1865 1153 1723 1891 181 1284 1797 122 2313 229 37 2167 1603 2261 2194 1227 2268 298 1882 448 1761 829 459 1763 2476 1610 980 476 669 820 1884 1082 1541 2118 1380 1090 973 1285 1308 661 586 443 1768 1015 1537 2048 2807 334 2168 1560 2706 1318 758 389 138 2634 936 2611 1018 643 782 1612 1568 840 467 363 753 2632 464 1262
2317 1447 44 16 1469 376 1483 1057 2249 2785 761 1749 1914 1449 1672 1183 1631 1990 2437 291 2700 1836 1476 1727 2555 2202 88 2058 2745 95 1178 2111 824 1856 1224 676 834 2441 2547 104 596 2190 1713 2523 783 683 1116 1176 132 1838 576 47 2180 1277 1714 34 2422 1103 894 1073 96 1632 60 2827 2153 1304 949 1743 983 1032 269 1927 2554 695 419 115 1147 2096 1999 1732 1620 83 474 1523 1995 1450 1286 2275 1678 1380 603 1363 1425 2156 106 845 350 189 832 2695
197 1710 1993 463 1489 1701 900 1417 860 1788 1029 2375 2767 2482 2840 1422 1617 712 1437 134 550 1045 2133 1486 445 932 2050 260 2631 440 2088 179 1782 2836 735 319 2289 2130 645 2650 433 2649 1369 2011 925 1552 26 1870 2454 348 563 1307 1208 518 1640 2076 1895 2714 2826 2419 2241 480 1381 2769 674 1658 559 906 1544 2439 659 1328 1983 947 1663 2837 2652 769 169 965 1253 1649 1054 2556 1148 1860 1444 1468 2538 489 2707 2397 51 2084 978 2082 2544 1428 259 1627
611 188 1319 2817 817 1656 2790 1102 1386 1926 2528 1644 1934 1407 2501 2411 463 2044 556 85 2082 1029 2270 943 197 221 2300 1624 2375 547 2832 987 1405 312 134 1701 2840 1417 1489 1422 860 635 1710 1788 433 1617 2289 1895 1752 1437 1486 769 659 2482 550 900 260 2397 2419 559 1552 2735 1208 2650 1564 2826 2652 2011 1983 161 977 1181 2133 2544 1307 4 712 2200 445 2076 1369 2836 1428 970 2358 1993 1092 2606 978 2050 480 2767 2454 1584 2045 348 26 2714 606 2556
2063 2731 741 2844 2484 837 264 2455 1009 2797 1814 2092 352 403 2833 1159 1815 2139 2269 1539 2189 2576 2776 2371 1589 299 428 1122 1549 2138 1735 1982 537 1571 667 2403 557 2215 1925 203 1619 913 2100 1242 573 795 891 2486 2412 17 879 846 226 2385 1622 1349 317 687 641 1863 342 642 1338 1373 262 1862 2338 2771 600 2226 888 2431 1816 991 2811 2255 551 2524 1295 1807 2339 1366 2834 961 1025 2399 1520 2175 234 2460 2473 1060 577 1524 2266 1828 2727 1618 2635 969
778 382 1970 1657 2729 2711 928 517 998 1583 930 1854 2065 1791 2778 1354 1851 919 567 2379 2792 952 763 118 227 2225 982 1271 808 114 1211 1769 1470 2252 1770 2723 2042 2310 887 916 1063 1667 7 1651 9 2682 819 1920 2575 1579 639 151 2491 512 2559 2328 1578 2097 945 1179 748 2026 1507 2550 841 975 2647 1528 2618 2018 515 1585 566 528 2414 492 107 2488 1239 2284 25 1367 1566 2604 1531 1977 1177 2361 1368 994 864 2343 1327 2212 871 326 2459 608 2424 390
1721 12 1473 1876 2809 140 1868 2580 1452 1777 1185 2708 657 864 526 2286 994 1899 1076 329 769 274 68 2062 1708 553 508 1335 146 2499 1026 1376 608 705 1275 1339 28 1956 671 1895 1725 2028 1831 503 1472 1655 433 2435 847 2774 2057 533 523 655 504 2228 2144 2250 1955 200 152 494 782 261 1704 458 999 1475 1961 2265 1302 326 173 2598 670 2689 1923 1117 1730 772 2812 1018 1929 1680 1029 1627 2236 1692 252 159 2370 313 1240 2632 2105 2316 1972 686 788 532
346 478 2821 2690 2467 753 2398 1008 936 628 1220 108 2407 1022 402 363 467 2465 2505 1378 758 471 452 389 2301 2611 89 2765 786 2687 1026 655 138 1039 2634 1048 1438 430 52 840 752 216 2632 1730 1465 464 1706 1918 2244 2285 1018 782 331 643 2142 484 1692 1662 1655 504 2059 2429 1481 418 1024 724 999 534 726 241 780 2806 1472 1929 53 1475 1275 295 806 2236 1831 1648 1612 1912 2228 2470 1216 927 1789 1932 2062 129 1062 501 125 1281 456 1506 2557 858
1810 2509 202 1075 2121 1001 2350 2583 67 1012 249 627 1406 1775 31 972 1099 2693 552 1187 27 1944 326 726 503 2236 2594 390 1050 494 2814 235 670 354 1475 2592 1780 580 1127 1746 1648 1156 261 2406 838 653 999 618 200 383 2099 209 2181 623 2250 2610 2770 968 1852 2774 1376 2470 314 553 1317 2597 338 1787 2716 159 963 367 68 1967 1961 120 331 356 162 1635 2144 1827 2279 344 1472 139 2059 655 533 2715 1598 1829 504 1461 890 587 1923 1708 1055 330
1721 12 1473 2809 1876 1029 2062 2774 1829 1972 523 1335 1895 1303 1026 608 2402 2061 770 1472 252 430 89 721 1746 994 1018 2708 655 1655 2279 864 140 526 125 2632 274 788 2144 553 782 331 1831 175 2812 858 1647 261 1789 1932 805 561 326 1921 2119 501 1756 2465 2505 1293 670 1899 2594 927 2236 1062 2611 1297 1725 464 2552 1706 1475 2370 1182 31 68 504 508 654 2435 1692 1187 1974 412 1755 1923 444 2597 643 503 533 494 1564 1039 2735 671 1339 1011 2228
2054 1361 658 589 727 1306 1175 1951 485 1230 1451 572 2644 395 2787 1798 962 2000 1334 646 1559 529 2323 1115 2546 545 293 1683 1300 1106 2277 1389 1801 2540 1427 1394 251 789 2113 803 436 101 215 2381 2066 989 737 2178 364 1900 341 1213 483 2504 2040 1883 304 2579 2759 1197 2114 1353 240 1561 2238 2784 1898 328 766 374 1593 2288 39 1786 2281 2072 1257 1180 614 581 617 2242 407 714 1971 926 1091 1207 1093 1928 1357 1818 1780 1558 1274 898 1050 76 1127 313
2309 201 2713 2433 1901 1453 2376 1490 1860 2721 1569 715 100 305 2034 51 1796 562 48 64 155 2545 439 1640 2556 2272 194 1051 2352 1416 2631 1948 1316 1496 1586 2815 1218 1965 1636 1986 2628 992 497 563 231 168 2649 1897 1840 2046 2826 1870 440 134 1096 1362 1369 559 2840 1878 712 445 1123 645 197 2652 1148 1381 2708 26 2454 2088 2553 1261 2007 2050 663 260 925 1782 1848 965 1658 2714 2538 2650 1307 1710 486 259 2769 2836 2632 489 659 900 1777 2133 1627 2241
1298 2542 617 1561 2242 407 940 1346 1434 540 1343 1631 949 783 2737 1535 1004 1019 2112 1103 832 63 1773 182 1693 1093 310 1333 1999 2827 766 2022 499 328 983 2238 291 1712 1760 2441 2656 1161 2190 1743 2129 75 1513 1898 695 1593 1847 1795 2149 1176 1087 1590 60 2202 149 2000 2116 689 93 2745 2497 198 2759 614 2504 1856 179 2454 148 2521 2649 2260 2016 1438 480 1683 471 2179 2690 1137 925 341 594 1846 1665 363 1914 1481 2374 2111 1369 2769 550 2025 418 782
159 1118 1293 1097 1822 1143 580 326 31 2715 653 2053 1037 2062 1635 390 1967 1024 2693 1124 1273 1715 805 1568 1050 1755 799 1317 261 1011 670 1756 2232 2765 2236 314 504 2698 1662 220 2783 331 1262 1655 455 1475 2343 1140 1831 927 430 999 1921 1395 1477 464 726 1187 2406 1647 1706 1972 2402 721 2061 484 1789 2301 655 2407 1612 2429 2059 1918 2611 1303 1008 1829 1335 1648 2465 2505 252 1297 467 89 2142 1472 1692 452 1216 643 561 2687 412 2531 822 1220 1506 363
1349 969 2339 234 1572 511 913 1520 697 2399 1 2727 1618 307 961 1540 2340 2226 46 2635 2175 223 2215 1615 685 17 2338 2834 892 1571 642 846 573 2138 2473 2100 2486 2403 2158 349 600 2709 1270 1101 2255 317 2811 1060 1338 2412 1242 1629 1539 1622 2213 352 795 1409 203 1994 90 1514 2253 1815 1698 2223 577 1862 1095 718 537 1828 195 2524 1009 2372 1159 2614 837 2661 2484 2063 264 2466 741 2844 2455 403 2104 2529 2731 2710 2189 143 958 986 2797 2092 1445 273
2741 899 137 2135 1212 1606 116 1463 204 1056 1935 97 1134 2842 246 1547 2511 2305 2558 2041 2766 1067 2068 725 2665 722 2294 1055 1944 79 2728 1464 1076 2382 2248 2708 2286 2813 1777 2825 2580 140 1937 1185 1452 2393 1868 447 2435 1453 657 1639 647 686 804 1223 2057 1874 146 1899 1870 2639 2291 26 1901 948 329 2736 197 682 574 2649 491 689 1986 494 57 2652 168 2309 2376 2683 2207 677 440 1092 1369 2569 1126 2438 274 1665 2625 925 526 1840 994 1918 1117 2454
1113 1144 1371 1661 851 1960 474 2571 40 2116 1298 1757 592 2507 882 1336 2678 1013 2573 2162 986 1280 629 2572 482 1315 856 762 1084 1525 2386 2726 275 454 350 2401 1365 1687 2152 682 1434 327 2677 2569 2735 1592 65 281 491 2030 2503 770 1255 396 1425 167 531 2567 815 2494 481 2612 92 2197 785 2566 1744 42 2263 931 106 1114 1726 123 270 940 1974 1320 1641 894 2814 2402 2597 2160 1343 1302 2605 2183 2212 1327 1225 2303 2427 1232 1650 1461 300 2482 2109 2061
757 1728 1533 754 1231 2756 2021 1149 2533 2320 29 2172 2673 286 1312 218 2472 1984 739 1296 80 2430 24 1383 135 2024 119 558 213 634 184 2260 2143 1689 2295 2413 1478 2366 426 2014 2408 2638 1597 1945 2124 91 498 425 1265 232 424 520 1719 707 473 2566 2508 388 1849 306 2464 375 1448 1269 1326 2354 1061 2615 19 1529 1426 1867 853 1722 2296 444 466 1839 967 2561 1766 752 2128 2390 2279 2725 180 1427 2169 1555 1299 1168 1889 163 1201 430 608 2077 1475 70
1179 2491 2328 2252 1977 1651 1578 2682 1579 1063 515 639 945 2647 1920 841 952 9 1769 2792 748 887 1470 1583 1531 1791 919 114 998 916 118 819 1354 1770 1667 567 1585 2065 2042 2778 227 2310 2575 1211 982 1851 808 517 930 2729 382 778 2379 2723 763 1854 2711 2225 1970 1657 928 7 975 1271 1367 1368 2097 2459 1643 2488 2349 2081 2559 1239 528 1819 151 2334 1154 2618 910 492 512 2416 2793 1528 923 585 311 1042 31 1402 809 390 1302 1864 326 2693 580 261
127 2372 2466 511 2710 1324 1698 2253 195 2223 1409 1994 1095 2013 2820 472 2175 2444 1355 1811 2481 1939 223 2339 1167 2158 1803 1387 1270 2709 2338 349 2738 892 1360 2834 600 1615 1009 2266 2100 46 1630 1071 1421 17 2616 2635 1572 2758 1694 837 665 2215 969 400 913 1815 573 1571 1446 1684 1 1294 2484 264 1258 1629 642 1349 2063 846 1520 2246 352 2455 234 1824 2340 2619 912 2185 1101 90 1509 2399 1411 1264 2844 1112 2226 1540 405 2727 307 2139 2486 2273 2835 1828
2049 2140 1301 530 1604 451 446 1017 1058 1981 1567 1237 394 2796 2064 1290 1518 1879 631 1906 2282 662 2093 1396 1105 355 921 813 1554 1613 243 1909 2596 966 1370 908 984 1002 1331 1673 2257 1614 2357 2392 2696 1742 1384 2458 1119 1978 607 1495 942 2085 2660 2543 660 2782 852 1621 337 542 651 124 54 345 996 2530 1491 2262 237 1587 523 1240 591 175 2045 1896 527 561 367 2600 2692 616 2610 1275 235 1564 2781 682 1181 220 1627 2597 89 2675 1812 295 412 1339
806 418 1481 780 534 1465 2244 52 53 2429 2059 786 2470 726 484 999 1438 1662 1475 471 2236 2301 402 314 331 363 655 346 2407 216 467 391 936 1008 858 1124 2053 1278 452 1216 2765 2690 2821 478 1024 1220 2467 1852 1140 1022 389 290 758 1378 225 207 61 1918 2398 753 108 1780 1506 2634 1924 344 2687 2285 430 628 1706 464 2343 2693 2465 2505 1037 1275 1050 89 1612 2698 2142 295 840 1730 1648 2565 1039 1273 268 2611 1829 1929 1282 455 2806 296 1274 1655
2528 1644 2411 1934 2501 2044 1624 1656 2817 188 2790 1102 1407 817 611 1926 85 2300 943 221 1319 2832 987 312 1405 1386 556 2082 635 2270 547 1752 1202 1796 2397 134 2545 1422 1799 950 463 2367 59 1146 1737 2574 1369 197 4 606 2034 925 712 2826 2419 1092 1437 970 2084 659 1029 1208 626 1414 2652 550 1983 1627 2011 1710 1640 1782 1339 559 1870 26 1468 2200 2836 348 2649 1428 51 2606 1417 489 900 2724 2389 978 1313 2454 2556 2714 1552 1307 2375 2424 2358 1240
1482 2080 2383 441 2695 1523 373 845 2754 584 2395 1691 1016 575 55 2176 397 728 1194 2641 2733 462 1669 1517 1177 1104 2414 2684 2525 2106 1382 107 2550 2604 1507 2780 818 1626 1410 1259 279 2368 2447 357 2637 187 2019 32 2651 2805 1147 917 2605 1169 2166 902 2033 693 590 2630 2804 2802 102 87 1192 2073 2586 1120 2239 2345 794 2518 1678 2240 775 1805 2752 1372 2254 541 1014 1450 2211 469 457 86 2297 876 379 920 1244 1919 1832 2192 1734 1467 1611 2347 2555 2020
2545 1796 2034 48 100 2044 64 2501 1934 1569 715 439 2411 2721 562 305 155 2528 1644 51 1640 1624 1656 188 2817 1860 1102 2790 2433 201 2631 2713 611 2556 1407 2309 85 987 2832 817 2300 221 943 1319 1926 1901 312 1453 635 2376 1405 1490 712 259 550 1369 2826 1782 563 1386 2088 2419 1617 2082 445 2454 559 1381 168 1045 26 1878 1658 2714 1046 1422 518 659 925 978 1123 2439 134 1428 1307 2649 1096 2769 1840 2652 1870 440 556 1414 480 900 197 2836 1848 1983
752 957 5 509 1515 2457 844 2725 609 1766 1889 2448 2404 2464 744 244 2115 1477 2823 2128 1696 592 1616 2468 1426 43 2168 2442 1596 1556 2562 644 2188 2498 971 1661 1802 2720 115 959 498 38 1258 2351 2688 2476 2278 1995 669 2710 2141 687 1880 785 2014 1059 387 620 2444 1129 1939 2124 2740 2255 1215 138 30 2366 388 1112 2406 270 473 2584 2806 2403 454 1108 1648 1187 181 150 2137 2398 1127 363 1662 936 2164 1780 1684 1395 753 295 42 1781 2481 795 1140 2061
159 1118 1097 1293 1822 1143 580 326 2053 31 1024 2715 1037 1124 653 2062 2765 1662 2236 1967 1635 390 2693 805 1755 1317 1050 1273 1568 1715 799 314 1756 1011 1475 331 999 2232 484 2301 261 726 504 670 2407 2429 655 2698 2059 1655 1008 220 1262 1140 430 467 455 1921 1831 927 1829 2343 1395 464 1706 1647 2402 2061 1972 721 1789 53 1303 1187 1220 534 2406 2611 2783 452 252 471 1612 2470 1477 89 1918 2687 2465 2505 363 1852 1022 1216 295 936 1275 1278 1648 1465
1356 2311 1248 1435 654 525 1505 625 679 1168 1299 1781 2070 113 1598 239 2091 383 27 2794 1127 2164 1141 1780 2531 49 2025 1787 245 858 2669 1274 2137 2396 2173 192 2280 139 209 838 252 1503 1961 1240 408 822 2279 344 449 296 1282 356 225 61 207 131 1021 1875 2017 2316 618 200 1829 1024 1187 2406 1648 1303 412 1011 799 533 1500 268 33 653 495 455 561 1972 721 2693 1317 2402 1756 1843 1395 1941 1647 290 2285 2061 1921 430 1262 1873 2142 241 1924 1506
931 702 1830 1114 1107 848 835 1310 903 1908 768 65 1767 1340 284 2388 1254 1512 2471 2601 990 2667 522 502 2276 1235 126 2624 688 1845 578 103 1608 1323 684 297 250 1391 1720 1821 1413 1975 1186 2314 258 1921 225 2693 61 721 2402 1972 1827 1647 2099 1715 2061 653 1780 2283 1967 2716 525 2742 968 1050 139 2557 2622 261 207 31 2814 1282 838 872 1317 192 356 1756 2396 390 27 2236 2181 245 1395 1635 1187 734 2594 315 726 296 331 1787 2173 533 654 354
582 546 6 285 1221 759 1702 2643 1083 732 1260 807 620 922 181 1797 1697 1570 2816 2043 1858 2171 475 2810 2346 1916 2666 650 1188 1723 1891 468 411 1456 1865 2313 1153 2194 2261 1882 1603 1227 298 229 2807 1284 2476 122 37 1768 1318 1380 2048 2167 1139 2268 1761 1285 1560 980 661 973 2425 820 448 2118 1884 636 476 1610 1541 829 1199 1763 2168 1015 281 334 2688 2841 1537 2348 669 2179 1953 2768 594 758 459 420 2627 1018 389 387 138 629 782 750 2498 2611
1829 1303 430 2061 1647 1972 2402 721 412 561 252 1921 1395 1756 2279 1317 805 1037 1755 655 331 2053 1124 1050 1140 1967 1635 390 858 314 1024 799 2236 1715 1216 1475 1662 1612 2693 2765 726 1503 1918 999 220 484 1506 533 2301 1273 1299 1168 653 2059 2429 770 1262 2698 2407 1568 1187 2715 2406 2232 1008 2531 31 1648 2470 1598 1011 53 2142 455 534 1852 1248 1275 326 580 471 138 295 1789 927 1831 1655 467 159 625 1435 679 2311 1822 1143 391 1097 2137 1293 344
806 534 53 2059 418 1481 1465 780 2429 2470 2244 52 726 484 999 786 1662 1475 1438 2301 2236 471 655 331 314 2407 467 346 402 363 391 216 290 268 1024 858 452 2285 1124 2053 1008 1875 225 1843 131 495 2765 2565 344 1140 936 1216 1941 2531 61 207 33 1039 1278 1918 1852 822 1220 1780 389 1503 758 1500 1022 1378 1506 2821 2690 1612 108 2467 478 89 1037 2634 2687 1730 430 1706 2398 753 464 1262 1924 840 1282 449 628 2142 296 1021 2465 2505 2693 1275
1489 1701 860 1417 1788 1710 2289 2650 2375 197 2482 433 1029 1895 463 769 161 1993 900 2840 134 173 2767 1617 445 1870 348 26 2454 2649 1369 925 1437 1422 2714 2769 645 1045 2538 2133 319 1486 480 260 2011 2088 712 179 2050 2735 1253 550 2130 2836 1782 735 663 2556 965 1552 2287 2631 440 1307 1208 2076 559 906 674 2419 932 563 1328 1983 1775 1640 2652 2826 1663 1860 947 1627 1428 2241 2544 659 1381 2837 2397 1468 1054 2084 489 606 978 2082 1564 1799 2646 2707
1505 113 27 1248 2137 1435 2311 1356 625 679 1274 1598 1961 1127 1780 822 525 1168 1299 383 654 449 2070 1021 858 1503 1781 49 2017 2316 200 618 1141 252 131 245 239 2091 1240 2280 209 139 838 408 2173 356 2164 344 2794 2669 2531 296 1282 2396 61 207 1787 2025 2279 192 1011 799 1187 2406 1648 455 495 1262 1875 1500 533 2693 653 268 1843 2232 1568 225 33 2715 290 1873 1024 2142 1273 1941 31 1715 1612 2565 1924 1755 2698 1829 241 331 580 1506 1967 326
1213 2113 2066 2178 304 2022 1394 63 545 1333 1019 1389 1115 2546 2000 1801 529 614 1137 2277 1683 1590 2072 395 1087 898 1207 93 1558 1300 714 1166 2409 895 1353 182 1928 2656 1298 803 1175 2644 2759 374 727 485 1951 658 1451 1561 589 1883 2242 2579 1693 2542 240 1306 2054 962 483 1197 1334 572 789 2504 1361 1631 617 1798 853 581 251 1230 2784 310 2040 1773 1346 76 1743 364 2149 1161 1343 101 2323 215 1434 2114 407 949 436 540 1785 1427 1593 2737 737 1900
4 1545 626 2389 59 547 1202 1146 2367 312 2270 2082 635 1405 2300 987 1737 2832 1386 556 950 1102 221 1407 1926 85 1752 943 1319 817 2790 1799 611 134 1656 2817 188 826 2556 283 2477 2069 1708 613 2527 2343 849 1029 326 1314 458 2191 1302 2789 2715 1873 1026 532 1692 31 771 2028 1240 2681 2742 1281 1532 2144 159 2500 2265 1955 670 1376 1974 125 2479 580 1730 68 553 705 2690 2467 1715 847 2610 1912 1956 1896 1461 456 120 81 671 402 2105 2674 1048 2774
472 1803 1811 2444 1167 1355 1509 1059 551 127 1060 1862 2013 2758 2710 1524 203 1629 1069 342 147 2468 2266 154 2820 2740 888 1324 1607 1807 1421 226 1341 1373 2771 1295 2213 2738 991 577 262 2385 1530 160 2094 641 2749 2595 1078 2431 1242 1101 273 867 1925 1863 667 537 166 1619 38 2811 1735 2781 879 2104 1982 2524 405 2835 557 1828 716 687 1988 299 2205 385 428 2692 2776 2371 2412 2175 814 267 2517 1025 1291 1238 2255 2614 2675 741 961 317 1549 2399 795 2138
493 133 1034 1575 1724 210 746 1580 2418 280 2461 1234 2174 2456 1276 1861 1392 2327 2374 1792 1665 57 548 2229 1664 704 570 793 1930 2186 2004 1859 1758 689 294 2330 1072 2125 1030 421 1279 2838 1375 2184 2694 1765 1358 77 797 366 720 1193 2581 242 2206 859 1776 2123 1947 1887 2039 158 1551 228 656 2332 2590 976 1345 287 1877 1086 1457 857 2739 263 2659 880 1350 1542 1191 756 2127 885 2356 2703 2198 438 801 2672 706 1043 514 170 1196 2321 82 1229 1432 422
2049 530 1301 1604 446 1567 1058 451 1237 2140 1017 1981 813 1554 1105 1396 355 1370 243 394 2064 908 2257 1673 1331 2796 1614 2696 1290 631 2282 1518 662 1879 921 1906 966 1742 1613 1384 1909 984 1002 2596 2093 2458 2660 607 2782 660 1495 542 2357 54 2392 710 345 996 2530 1119 1621 2692 1491 591 1739 2205 942 1837 2753 827 1564 716 175 1181 1893 2243 2131 2781 616 675 1775 833 1387 606 637 50 651 708 2664 2657 912 2287 400 1142 2005 2096 217 360 2460 392
1096 1948 1416 1897 1362 1586 497 992 1051 2046 2272 2815 2352 1316 194 1496 1636 2556 1218 2628 2721 1381 1658 562 51 1569 439 1860 305 155 712 715 48 2241 1993 1796 64 1584 1965 1640 1617 1544 1422 2454 100 1369 2713 1261 2439 563 201 1552 1782 2826 260 348 463 445 1840 2769 635 518 925 2082 2755 259 26 2649 900 2034 2714 1870 1029 550 2023 221 2544 2836 1307 2538 1045 1878 943 2088 480 1405 2650 645 1701 2767 559 1710 2270 2790 987 1926 663 1328 2545 2076
1643 196 585 98 353 2474 2081 1819 776 1864 1625 2067 2353 910 2334 2462 2103 1402 1042 869 701 381 809 2361 781 1963 2027 69 233 2264 2256 871 1344 1973 1600 2101 150 2132 1515 276 481 2457 1279 1143 2614 5 509 609 2053 1822 2001 1411 1204 580 1118 1078 2371 160 1530 159 968 1223 80 711 1335 2505 2465 1680 1766 516 299 2164 2687 390 2065 1635 1164 505 1109 2141 1293 2582 2611 1097 2698 844 1168 1475 2584 574 633 1273 1299 2119 2770 31 2094 1924 2406 1182
2843 257 1800 1731 1138 2613 1645 2609 1871 742 1707 288 1894 519 2377 1527 535 1526 2145 406 2516 1779 1992 416 773 1385 2763 1007 410 392 811 1442 301 749 821 2102 1419 1969 1079 1455 1511 1068 2341 1110 937 2549 1325 538 2219 1131 1516 336 709 2788 253 678 730 648 248 1379 186 1670 434 2746 365 2299 435 1243 1466 1794 2290 1498 112 338 2492 855 774 2005 1309 1913 2730 1174 1040 2680 1968 2830 2331 2196 2006 673 2364 2560 544 1133 1142 1850 1311 1005 1581 2417
113 1505 27 2137 1127 1780 1274 1961 822 1356 1248 2311 1435 1240 525 1781 1168 1299 654 2091 239 383 2164 1021 449 2794 2316 2017 618 625 200 679 1598 131 49 245 2531 1503 209 838 139 252 2070 2280 408 799 1141 2173 2025 1787 356 2669 2396 296 1875 1282 1011 192 1262 858 344 653 455 533 2693 2232 1568 61 207 495 1500 2715 1024 268 33 2279 225 1187 2406 1843 1648 1612 290 1755 2142 1972 721 1647 2402 1395 2061 1873 1921 1273 31 1941 561 241 331 1829
757 754 1728 1149 2533 1231 2320 2021 2756 29 2172 286 2673 1533 1312 739 218 2472 1984 2430 24 2024 634 293 426 2260 1689 646 967 1597 853 2540 184 2366 1296 2296 2014 2787 1478 1427 119 1719 2143 80 1383 395 425 2224 76 2323 1900 251 135 558 2295 2381 714 1334 306 91 2644 498 1928 2413 466 1798 1804 2279 1435 383 101 180 658 679 1555 2638 1598 1951 2124 1829 444 1306 1505 625 589 858 1299 508 1168 1725 1248 1274 529 1780 27 1127 252 430 1394 2521
440 550 2050 735 1045 712 179 2130 1422 1782 1617 2836 2767 1993 518 2837 463 197 1029 169 1710 1640 2840 2241 1649 947 1328 445 2631 1663 645 1381 1544 1658 2011 2439 1444 1369 900 2454 1679 348 480 26 925 1054 2649 2769 2714 1623 2707 1870 134 1261 1253 2375 663 2538 319 1489 2628 1840 1701 1218 1417 860 1552 1860 2482 932 2088 2133 260 1486 1437 1636 2556 1788 2289 2287 992 2650 1051 2046 433 497 2826 563 194 2588 2352 1307 559 1496 1148 659 1895 1316 51 2076
2141 621 183 2502 2152 1365 171 214 785 815 909 1605 106 84 1927 2263 1866 1661 941 1171 2751 1139 1987 1113 2567 959 22 2401 1032 2060 189 1214 96 45 2197 894 2612 2503 1251 2554 2841 1632 2522 2109 419 2153 2056 1217 1364 2182 481 309 2831 2760 2608 506 236 1336 150 1953 1064 1013 856 2348 1315 1371 333 2160 1525 762 861 1960 1458 2116 2705 565 1280 2623 2079 270 1286 1283 1004 454 1757 1144 957 2386 2591 851 75 1844 2678 1108 2030 1343 244 2737 2112 2404
2394 1946 1778 105 11 664 2110 416 2452 883 2446 599 2537 666 2642 144 1200 1419 897 1621 553 2696 301 1479 1302 1708 1472 2144 1347 68 2028 1973 1370 337 2343 533 580 1974 711 1614 2500 1956 874 31 618 2803 1896 2318 1240 847 1635 2212 1327 1682 2806 503 532 1454 1704 200 2687 1961 771 2316 1715 326 295 175 1730 519 670 2597 28 1873 1331 2774 2331 671 256 1461 390 220 705 1692 2420 507 1339 849 2406 1127 523 243 1967 1247 2773 1627 2365 2770 2557 655
1735 1816 1366 1480 2607 2633 1660 2731 1589 1122 867 1025 1814 537 2431 741 814 2138 2063 2844 385 403 2484 1815 1159 1539 2092 2139 557 2833 837 2269 299 1982 2455 2797 264 1009 352 2576 2776 2371 879 2524 1925 428 1619 667 1549 2189 2104 2529 1863 718 687 1440 641 1242 386 273 143 2215 2460 1571 2385 2771 2517 2403 2363 888 1373 262 1514 2271 697 1295 203 2185 1807 913 991 2584 551 1411 147 2298 2100 958 115 342 1349 573 795 891 846 2175 2226 1862 642 2486
1298 2022 1019 1144 1333 63 182 1434 40 1661 851 1113 1960 592 2571 1343 940 2162 1232 1744 1371 2112 1004 2573 2737 614 2726 454 1712 949 1693 474 167 2109 20 75 2656 1535 310 2116 1346 1214 2567 2503 22 783 1137 1171 1590 1103 815 1987 2000 856 2152 898 1213 941 270 244 1760 1671 8 1087 481 2030 2222 1757 2827 1637 443 1161 2627 714 2751 1631 895 1773 2016 1999 396 1166 93 1207 957 540 2115 861 1336 1867 2386 1217 1849 580 1269 1293 762 2232 1743 1097
1721 12 1473 2809 1876 140 1868 2580 1452 1777 2708 657 1185 864 994 526 1899 769 1895 2435 329 274 2286 508 2062 523 1076 1725 2499 433 1708 608 1181 1955 655 2057 494 705 1956 173 146 2028 2774 2598 326 68 2265 331 1029 671 686 1475 458 1472 1339 175 261 1117 1026 1564 252 2061 2289 2236 553 2698 368 1972 1831 1655 444 2144 159 670 31 2534 313 28 1335 872 598 2370 1376 1829 847 927 1273 532 1275 2500 1647 1240 858 503 1293 1692 2812 463 1303 726
1870 2769 925 26 348 2454 2649 1369 2538 480 2714 663 550 518 1422 2588 179 2556 2638 463 735 2130 197 1710 1788 433 1417 2840 1701 1489 134 2050 1617 1453 2289 2375 1029 1901 440 1045 2826 860 2631 2309 1148 563 2650 259 712 2544 445 1490 201 168 1860 769 2358 2011 559 978 1640 645 1782 51 689 1092 524 305 1428 2836 2713 2724 161 2397 1799 1569 260 415 970 1307 2646 1123 2076 1895 1627 2419 1172 2004 2721 2035 1046 1983 219 659 1437 2376 2200 2123 2767 1414
1447 1483 44 16 1469 376 2317 2785 1057 1749 2249 1914 761 1672 1449 2437 1631 1990 291 2700 1836 1183 1224 1178 2058 95 47 1838 2180 683 2745 1714 2202 1713 1116 2555 1856 2111 596 1476 1727 88 2441 676 2190 824 834 576 2523 1277 783 832 1743 2422 34 983 2827 2547 1176 104 465 1632 2129 1535 1593 96 1032 894 132 2554 2153 1103 695 1228 419 1927 1286 83 217 269 1282 2091 310 2232 2053 1999 245 1568 1304 356 792 625 1161 60 1662 189 525 408 2280 1781
1224 1990 1178 1116 2700 2180 1713 47 1838 1714 683 2437 1836 2523 34 2422 1672 465 2785 676 1914 2129 2745 2202 1483 1749 1856 88 1476 2111 44 95 1228 576 376 2441 2547 2190 596 16 1176 291 1447 1631 695 132 2827 824 1469 1743 983 2317 2016 1057 832 310 1693 1593 1161 1449 1795 2656 1847 1513 1535 2149 792 1773 1785 1019 2249 617 1346 63 954 1561 182 2000 499 1685 1103 149 269 761 1712 540 60 1333 1183 1999 751 1434 949 2556 1548 2538 588 39 783 2542
569 2090 988 193 121 680 536 1268 56 370 1189 2047 2032 1793 323 1065 2415 2568 2808 427 901 2217 571 332 1764 2421 2570 2640 1910 1952 729 2578 1041 1337 2335 1266 1588 2795 2798 1132 1272 2839 340 1399 1475 1335 2083 580 1499 2236 2279 159 1275 31 1635 2428 28 2053 1037 2687 430 390 2228 1050 1896 1655 2557 1822 734 1967 1563 326 553 125 2062 1647 1118 1929 1143 295 1182 2806 1038 1293 2210 2465 2505 1339 467 655 1376 933 1297 1829 13 1741 1789 2406 1680 1955
1505 1127 113 1781 654 1780 239 2091 27 1356 2794 2164 1274 525 2311 2137 1248 1168 1299 1435 383 2531 245 49 2070 1961 2025 1787 1141 625 679 822 1598 2669 1240 209 139 838 2280 2173 2396 192 408 449 296 1282 1503 356 252 1021 131 618 2316 2017 200 225 61 207 344 858 1875 2279 1024 799 1011 653 2693 33 455 533 1262 1500 495 2232 268 1568 1755 2406 1187 1648 290 2715 1843 1612 1941 1829 1924 261 1303 1873 1273 1972 721 1756 1395 2402 2142 1647 412 2061
1810 2509 202 1075 1001 2121 2350 2583 1012 249 67 1406 627 1944 1055 31 494 1127 2628 1780 2693 2728 653 1924 316 390 1051 726 963 61 623 326 367 2144 2708 1274 1029 1099 2236 1441 1216 1475 742 1822 580 331 1635 1050 235 553 670 1187 162 404 1609 1967 2770 27 999 68 1725 192 1584 1472 725 618 890 159 200 655 344 314 552 1317 207 261 2435 2698 2316 872 1852 2406 497 2486 1775 134 2291 1648 1961 1273 838 2669 1715 1118 33 209 2279 1356 1840 1586
1575 1034 746 210 2418 2456 1580 1724 2461 570 280 1665 1234 1930 1392 2174 1792 1861 493 57 2186 2229 133 793 294 1276 2004 1664 689 1072 1859 1758 2838 2125 2327 2374 704 2330 548 1279 421 1375 1030 422 77 1765 1358 2694 720 797 756 366 859 2184 976 1947 1776 1348 2123 884 1193 1292 2155 242 2581 2206 158 2703 2198 1086 514 1345 2590 2548 287 2332 228 880 185 2541 656 2127 1432 1377 2662 1522 1857 857 470 588 170 1716 934 1457 82 1350 1887 801 798 1576
2065 982 1470 2252 1851 2682 1063 2310 1791 2778 808 1211 763 1651 887 2328 919 952 567 2491 2042 1354 1977 2379 118 916 2225 1769 1531 748 1179 930 1579 1578 841 1583 227 2792 945 1667 819 2729 639 928 114 998 1657 2647 1585 9 2575 1920 1770 2723 515 517 382 1271 1854 778 2711 1970 2559 528 7 512 151 2618 311 2097 1368 2026 1154 492 1367 566 579 2488 1209 513 975 2658 2793 2349 1239 25 1210 2416 2496 2459 875 1566 1700 69 2532 1042 854 211 1021 31
1506 216 455 1216 1262 1918 1612 1011 1141 2070 344 1924 2698 1140 2232 471 2565 2311 1568 654 1435 822 1356 383 1273 525 1438 391 49 1248 625 679 2669 1274 245 2531 1598 331 2025 1505 799 192 61 207 2396 2137 1787 858 408 1024 139 27 209 838 225 2280 2173 1299 1168 2715 356 1282 296 113 1503 1781 402 2343 2142 1875 138 655 2279 131 252 1278 2794 363 936 1780 1843 268 1127 2693 2164 239 653 346 52 2627 2091 1037 1755 495 1124 430 1465 2244 780 2690
2545 1796 2034 100 48 1569 715 2721 64 439 305 562 155 51 1640 2433 1860 201 2713 2309 2631 2556 1993 1710 1453 2376 1490 900 1901 197 712 550 1045 2050 440 1489 2767 735 1782 1701 1422 463 1417 2528 2836 179 1644 860 260 2130 1437 1617 2088 1934 1486 1029 1584 2501 1369 2826 1381 1658 518 2411 925 134 1496 2649 2133 2790 1051 26 1840 1870 1624 2044 2652 674 563 2419 559 1788 2439 1948 645 2714 1544 348 1102 1307 2023 659 1316 480 2817 2358 188 2011 2840 1983
1683 2277 2759 2579 1801 529 374 581 803 2323 395 2644 1300 1389 1334 962 1115 1798 2546 2114 1230 572 1394 789 545 1175 1951 1561 1306 2504 1353 485 727 240 2242 589 1883 658 483 2066 2113 1361 2000 304 251 2178 328 1213 2238 1451 766 1427 2381 646 2784 101 2540 407 1900 1898 2054 364 2040 215 436 341 737 1197 293 1559 1093 2542 989 2787 1106 1593 898 714 2072 1137 614 1558 1207 2022 1928 1087 93 1166 2409 617 895 853 1590 1257 1971 1786 39 63 777 430
2018 2284 2146 1289 764 2008 719 2551 190 914 1577 1493 1157 1534 2209 812 1351 35 2487 723 2824 1915 1359 2585 615 539 1997 303 450 1772 1128 2603 1121 2453 604 212 2485 247 1204 2582 58 874 153 862 2718 206 1347 1595 1247 256 1403 549 630 490 2165 2734 516 343 1583 2593 2110 2353 2312 978 2204 1190 2012 2424 1600 674 977 1092 1762 1172 2574 1878 1751 2606 1468 2397 2148 312 2792 2670 524 1388 188 904 585 1414 998 2434 2729 2724 259 2035 2826 231 632 2753
536 1588 1132 1268 1431 36 121 2090 988 193 2117 733 569 680 866 2333 432 1499 332 429 979 2227 2786 340 1065 1393 500 2743 2029 2108 1562 802 571 2668 2078 1033 1492 1418 555 142 886 2451 1910 1686 2384 2795 2808 417 1329 176 1890 1764 412 2570 597 1275 561 2212 1327 2839 2279 2406 655 1475 331 1303 1037 1699 2335 705 1124 1974 1852 643 295 2380 553 31 1008 1774 2061 2236 699 326 2343 2144 1952 2774 1302 68 1647 2770 1140 1053 1829 1118 1273 1955 1187 159
807 922 1188 411 759 1260 1697 1865 2643 1858 468 2043 546 285 1456 1221 1702 582 6 2816 2171 1153 2666 650 2810 1083 475 1916 2346 1284 732 1570 122 1891 1723 620 229 1603 181 37 2167 1797 2313 2252 1227 1470 2328 2268 2261 2682 2194 2491 1882 2065 829 2310 1211 1761 1063 669 1651 1578 916 1583 639 945 1579 1179 1791 1763 820 841 298 956 887 448 2476 1568 459 1082 138 1972 2496 2232 1612 758 721 1977 1715 1541 1667 389 586 532 2061 1140 1048 2402 2792 390
2433 2309 2713 1453 1490 2376 1901 201 1860 2545 2034 1796 100 1569 715 2721 48 64 305 562 439 155 51 1640 2556 1948 1316 1496 2272 1416 2631 168 1051 1965 194 2352 26 2826 563 1878 559 1870 2649 1046 2769 1369 659 1123 231 2088 2454 2553 2714 2007 486 663 2538 2650 925 348 1636 1096 197 480 1307 674 1848 2840 445 1584 1148 550 259 518 1428 712 2419 1840 1414 260 2652 1983 784 978 440 2082 950 645 1417 134 2343 704 1782 2337 1627 188 2358 772 900 1381
472 1803 1811 2444 1167 1355 1509 1059 551 2758 1060 2013 1862 127 1069 1524 203 147 2710 1629 1607 2820 342 1341 2738 1421 577 2468 2266 154 2740 1530 2595 160 2094 1078 166 226 888 2213 1807 1295 1373 1324 2771 273 1242 262 991 2385 1101 405 2749 641 2835 2104 1828 537 2524 2781 2811 867 1925 1619 557 1988 38 667 1863 2614 2431 1982 879 1964 716 299 2776 2675 2205 2371 1735 428 741 1291 267 687 1238 2412 2517 2175 2692 1540 795 385 2340 1618 1549 2255 685 2131
1933 1790 2071 897 1052 1305 2512 1709 836 2096 2156 935 1321 1098 2645 1638 2201 2432 2355 1736 2450 222 2342 2218 1806 1044 850 2750 755 1504 1436 1911 1621 2691 2362 2420 2446 2642 599 2537 666 2452 144 1425 443 1090 1308 1006 2627 1082 459 2212 1327 586 2137 2318 1865 1216 99 2167 1387 580 872 1924 1124 822 1273 643 561 412 344 1781 1302 31 331 1568 1140 1875 2164 216 2279 1275 2053 113 532 1635 1037 2611 2565 1472 159 2343 1715 1974 138 326 2232 1127 1274 1612
2317 1447 1469 376 44 16 1483 1057 2249 761 1749 2785 1914 1183 1672 1449 1631 291 2700 2437 1990 1836 783 1727 2555 104 2058 2111 1856 2441 95 2202 1103 2745 2190 832 1178 1476 824 88 1224 1838 2827 949 596 1999 683 2180 576 2547 834 983 1277 1535 1176 1760 132 1713 47 1712 2737 894 1795 1004 1019 1346 60 2129 1632 1714 2523 96 149 793 474 1434 2422 1464 1927 540 34 676 2650 1116 1336 695 2506 42 1743 182 2153 2359 1482 2116 310 217 861 2554 1536 2305
2252 2328 2491 1651 1583 2682 1977 1179 1920 1578 1063 639 945 2647 1579 998 841 1470 952 1211 2310 916 9 887 2792 1769 748 1531 118 1791 919 2042 114 515 1770 2065 819 227 1667 1585 517 1368 567 982 1367 1354 1970 1566 2723 1239 2575 1657 2349 382 778 2729 2778 928 2711 311 7 2097 1854 1851 2488 2459 1210 875 2225 763 512 2416 579 1031 1154 2803 808 492 2379 2369 975 1225 2026 1271 2658 1287 1654 566 930 50 2696 2154 2257 543 2664 1219 1954 2462 351 791
1129 2185 1411 2584 2298 1694 1684 372 1267 1440 386 143 2529 1215 414 2616 718 1939 2517 1360 2271 2619 1630 2363 1445 1514 810 1112 958 1294 1446 787 71 638 796 30 2246 1258 2481 1270 2801 665 697 2706 1816 1366 2104 1480 2633 2607 1735 2710 1660 557 2524 1373 299 1549 273 1831 1295 2771 1655 888 2139 867 1807 879 464 1275 2062 1647 2465 2505 2833 643 2687 1706 1242 2402 2053 295 2611 147 1568 1018 927 758 1972 782 1475 2632 1335 1789 2061 2236 721 2727 1140 307
574 2291 1223 2683 494 2057 2639 1874 647 2435 146 1899 2708 657 1185 677 1777 1944 2183 2569 2438 682 686 1592 491 2580 329 2598 2286 2436 804 140 1868 1464 974 1452 1076 2248 2813 948 1056 1055 1639 2393 1931 2526 1433 939 2220 1937 2499 2445 2704 2382 598 1725 1477 2051 444 2089 368 1555 482 1439 1330 2427 255 526 864 274 994 608 508 217 531 790 1088 2440 2294 1408 1942 271 1998 1892 637 1876 2037 2625 2657 1677 2719 2766 521 1771 1964 1274 1473 1127 2617 447
1373 2771 888 641 667 1295 1807 2385 262 1982 991 1863 1925 1619 557 879 226 1509 551 1242 428 2517 2371 2776 2460 299 2266 687 1549 2139 2269 2833 1524 1735 2363 2092 2797 2576 2731 741 2189 1291 267 2844 2468 1238 2175 2455 352 1539 2104 891 2524 1803 273 1589 1009 2431 837 2403 1811 264 1816 1815 2444 1862 2484 2619 203 1167 1215 1355 577 2063 147 1122 1159 913 403 1814 2595 537 1060 1059 1421 127 472 1629 2710 1571 1324 2013 342 1349 685 2215 1129 2801 2138 2412
537 1060 2811 2403 2138 2473 2412 352 1815 2486 1338 961 2255 317 573 2100 1571 1622 1159 1349 403 17 1862 1009 846 741 2484 837 2455 642 264 600 2063 1539 2844 2092 2371 2797 2833 2213 2139 2189 299 685 2269 428 2776 795 2576 1982 2731 913 557 2338 1549 1735 867 1520 307 1101 2215 2399 1 1814 1242 667 2727 2339 879 2226 1619 969 234 1925 2431 203 1618 1572 891 2661 1589 2175 90 1122 641 2460 226 2385 1816 2614 1828 1863 551 511 2635 1373 1803 2709 262 577
1137 1087 1590 93 614 1207 2072 1558 895 898 2000 714 1166 2409 1928 2022 63 1019 1333 1298 1213 76 1389 2542 2066 1346 853 182 2113 2224 1115 2178 2546 304 1197 2242 1300 1561 1257 1394 1357 1786 1434 2656 1971 1631 1535 617 374 1801 676 1693 803 540 2579 2759 940 581 2114 39 1773 240 483 407 1683 310 529 1180 739 789 2277 1093 2129 2281 1161 545 1785 1343 499 2288 751 2112 1883 832 2504 291 564 2737 1513 1818 2324 1593 1004 1712 954 75 1847 926 2149 493
493 1034 133 1575 746 210 2418 1580 2461 1724 1234 2456 280 2174 1792 1392 1930 1665 1861 570 2186 57 1276 2229 793 2004 294 1859 1664 1758 2327 689 1072 2374 704 2125 2838 2330 548 421 1279 1375 1030 77 1358 2694 720 422 1765 797 2184 756 366 2123 859 1776 1193 242 2581 1947 158 976 2039 2206 1551 884 1086 1348 1887 1292 2332 228 1345 2155 2590 656 880 514 287 2703 857 1350 1432 2127 170 2198 1377 1457 885 438 1877 1522 2659 2739 2356 263 1542 1191 1043 82
2141 621 183 171 1365 2152 2502 909 214 815 785 1605 2263 84 1866 1139 106 1987 941 1927 2503 45 959 2197 1113 1661 2056 1251 2522 150 96 189 894 2182 1171 2060 2401 2751 2760 1032 1525 2612 2608 2841 1364 2153 236 1632 2109 2554 419 2623 481 1214 1064 22 1953 1726 1280 2678 2831 2572 2386 1371 2567 2348 1217 1458 957 1960 1336 2720 2562 2442 861 1596 181 43 2761 398 1013 309 474 620 1084 270 1315 644 506 1380 2188 387 565 2705 762 732 1283 1318 2116 2476
2792 118 998 567 1791 1583 919 1179 952 1354 1769 2491 808 515 2328 2778 1579 887 2065 1977 841 1578 2252 9 945 639 2682 1063 2647 517 1920 778 382 2711 1651 1531 2729 1970 7 114 1851 975 930 1657 1854 1470 748 928 819 982 1667 1770 2379 227 1211 763 916 1585 2310 1271 2793 1367 2225 2575 2723 923 2042 1239 1368 2304 151 2349 1819 2081 2416 2488 1402 2353 1643 2459 910 809 2559 311 1528 2361 579 776 585 701 2334 503 98 2474 2097 1864 711 2460 2618 532
1801 2249 761 2277 1361 1798 1451 529 1334 2323 2000 395 1230 545 1306 2644 572 589 1951 1106 727 658 2054 1175 1353 1559 646 1300 1394 962 2317 1683 2540 1115 485 2546 1389 293 1447 1883 1057 304 803 2178 2113 1183 1561 789 104 1427 101 2504 251 215 737 2066 436 2381 2787 341 2579 44 1900 16 483 2114 1213 2759 1483 374 676 240 1469 989 2072 1197 1898 2238 1631 376 724 1026 2040 1928 2506 2359 1462 328 364 938 2785 1250 1912 782 907 1914 783 430 679 581
419 2554 2153 1632 894 96 1927 189 2060 106 1032 1171 22 2567 2751 1214 2109 481 1286 2263 2401 785 2831 2705 2612 1336 924 333 309 1013 1365 1217 1661 762 815 84 1363 150 1251 2197 1703 1288 171 2141 856 300 941 42 1987 621 1763 2160 2502 2313 2152 586 1605 1315 2555 214 1139 183 957 1844 1182 2261 2465 2505 2079 724 2216 949 2425 1090 1277 620 861 506 834 181 2611 1364 2841 1749 396 1108 2398 753 1164 971 561 1097 1627 2687 936 1273 1293 968 2625 2764
1840 1636 1965 1316 1496 2815 2272 497 2046 992 2628 2352 1586 2241 1218 1897 1051 1362 1658 1381 2439 194 1544 2556 1261 518 1948 1416 1782 1253 1096 440 231 168 1752 950 2553 712 2050 2836 735 1123 663 1640 2713 563 2069 1878 1860 1045 2367 201 2631 1422 550 2767 221 1102 2010 2790 1617 2309 2300 179 2433 1148 1799 1901 155 965 2826 943 489 978 900 2832 445 1796 2082 987 2538 2130 51 1407 645 1710 2652 2837 2270 674 547 635 1649 312 1926 259 1848 559 1092 1414
1603 1541 820 334 750 1153 2387 1761 807 956 829 2043 650 2666 2171 475 2816 1260 2346 1916 1882 2810 411 1723 1891 669 1227 759 2194 922 1188 1570 2261 476 2643 546 1221 285 582 661 6 1702 1456 1697 1858 468 1083 620 732 2823 229 1284 2168 1797 181 2313 122 448 1865 298 2468 1285 37 2476 154 389 2740 1537 758 203 2634 138 2167 1059 1524 973 770 418 2690 455 2244 2467 780 1262 936 1438 143 131 534 108 2749 2557 2232 629 1481 363 1018 1048 679 533
312 987 635 2832 1405 4 1146 85 2300 1102 943 221 1407 2790 547 1926 556 2270 1752 2082 1737 1545 817 1386 626 950 1656 1202 59 2367 2389 826 2817 283 613 2069 1799 1319 2411 2477 266 1934 2501 611 2397 1422 2312 1092 188 2148 2606 2556 1644 2044 1339 2528 1624 2419 1437 2826 978 2544 2133 550 904 2200 2652 900 152 2424 1148 1240 977 524 1468 2836 1302 847 1617 480 1840 518 134 712 259 1208 1708 463 606 925 1414 970 260 313 2538 1486 2674 1741 563 559
150 2263 1726 2678 1525 2623 2572 2386 1280 2116 1960 861 1084 1371 96 2554 1632 894 419 762 106 1139 2153 1013 1927 2160 1336 2060 189 474 2401 181 2079 2612 1458 1032 851 620 2503 1365 785 1315 1797 2476 398 2141 2591 309 2807 1380 732 1318 2571 300 856 1217 1866 1251 333 2278 1536 1108 335 1907 387 2188 1083 689 2230 636 1438 471 2442 2720 294 43 644 1364 936 2048 793 2705 2690 1144 1702 1024 2467 478 1018 1596 2698 587 1665 1274 1273 1140 647 2425 1780 363
1730 1929 2806 1275 295 2687 504 2285 268 220 1843 131 1039 495 1875 452 1124 1037 2301 2343 89 2236 2407 1022 752 108 1008 467 1475 389 2765 1378 2557 840 1941 2634 2565 2053 999 758 753 2398 1024 655 628 1662 927 484 1655 1789 464 1706 363 1220 786 726 331 2429 33 2505 2465 936 1831 1912 2059 290 1500 402 2531 471 314 241 1335 1140 2062 478 788 125 138 1026 1472 344 1918 1048 2611 129 501 822 430 1612 1923 1813 1503 346 2632 2228 1465 2690 2467 2821
1115 2546 1389 1451 1300 803 545 2644 2113 1427 2540 251 395 2381 529 101 1683 364 1394 572 293 2066 215 1900 2178 436 1559 1361 341 737 1106 1801 1951 2277 2054 1175 2040 1213 2504 1306 989 789 304 1230 374 589 658 2000 2114 727 962 1798 2579 2759 1883 485 646 1898 581 766 328 1334 2238 2787 240 2323 483 1353 1093 2242 1561 2784 2072 407 898 614 1257 714 1786 2022 1207 1558 1928 2288 1357 1137 39 1971 1180 2409 93 1087 2281 1166 895 926 252 430 1818 679
1353 1883 2784 240 1801 483 2277 1300 789 1394 304 529 1593 1213 2066 2178 545 395 1683 2644 2579 2113 834 2000 2504 2317 2555 1483 2249 761 2058 1447 1749 16 1727 44 2054 1389 1914 251 803 1469 374 572 1277 1032 679 625 430 1979 646 1115 376 175 1057 2806 295 2785 576 1598 2118 1427 824 2546 2288 2279 1304 858 252 1929 2311 1026 1044 1230 792 2137 1248 1844 788 2114 1972 138 125 1647 2091 2402 525 1804 1568 1180 1022 655 1730 2061 2335 1505 356 822 2547 89
2836 1782 2837 440 712 169 1649 947 1663 2767 1328 1444 1679 1054 2050 1623 2707 1045 2130 1993 2011 735 1617 645 445 179 2840 550 1422 1640 1253 1261 1381 1544 2631 1658 2439 2241 1029 1710 900 518 197 2287 134 2628 1218 319 1552 1860 463 1840 1489 123 1701 860 1417 1369 2375 2482 932 2649 2133 925 2454 1870 26 1636 1437 1486 260 2088 992 348 194 2714 1051 2352 2769 480 2046 497 1788 2650 2538 2556 2289 51 1948 1096 663 1307 433 1416 305 2082 259 563 1208 155
1447 1483 44 16 376 1469 2317 2785 1057 1749 1914 2249 761 1672 1449 291 1631 1990 2437 2700 1836 1183 1224 1178 95 1116 47 1838 683 2180 2745 2202 1714 1856 1713 676 596 824 2058 1476 2190 2441 88 2555 2111 576 1727 2523 1743 2547 983 2827 1176 832 834 2422 34 310 783 2129 695 1693 465 132 104 1277 1535 1228 1593 2000 2656 1561 2149 1103 2016 2554 894 1019 96 1346 1161 269 1632 115 2153 1032 419 617 1282 2232 1300 60 1999 2053 580 1568 356 408 245 2091
1643 585 196 1864 98 1819 2081 2474 776 353 910 2462 2334 1625 2353 2067 1042 1402 2103 381 781 809 2361 701 869 69 1963 2027 233 2264 1344 1600 871 2256 1973 2132 276 2012 2593 2582 150 1347 1204 945 2391 1179 68 966 2312 1468 2144 2119 904 2792 1021 2557 2764 968 2343 2406 1302 1715 553 1117 225 505 1247 1697 1924 1704 2603 2316 587 1648 533 1680 1465 1780 2716 2773 2687 2053 1279 1472 1437 1275 2017 2212 503 1327 872 515 1741 2491 200 152 2479 680 2250 561
2218 222 1436 1504 2512 1911 1305 850 2362 1790 2342 1736 2450 1638 2355 755 1806 1933 2071 897 2691 2156 1098 1709 1321 2432 2645 836 2201 1052 2096 935 2750 1044 2420 144 1621 1682 1822 1143 580 1118 1097 1293 1387 1273 159 99 2687 1472 2715 2232 2318 1568 31 643 326 1479 1335 405 971 363 786 200 402 2835 2053 471 612 1438 1692 2244 2301 1831 2698 1200 1756 1275 872 1317 1662 1715 1050 192 2137 2611 1730 533 1216 1635 216 207 61 1755 653 2236 655 1655 2773 753
127 2710 403 472 2063 2138 1159 2484 537 1815 837 511 1009 1324 2444 264 2466 2455 2372 2844 741 352 1803 2175 1814 1939 2092 1355 2139 1811 2833 2731 1167 2481 2797 2820 2189 2266 1509 2013 299 2371 2269 2738 1539 1270 1571 2758 1122 577 226 1387 2339 573 2576 1258 913 1828 2709 17 1069 1060 203 1421 1862 2776 1589 1409 2399 1242 1294 1446 1059 2253 1520 2100 147 1982 846 400 665 2616 1341 1549 2835 2338 2811 2595 2412 1572 1629 2486 1698 1607 2255 1360 234 1630 1 2614
1213 304 2178 2066 2113 1394 545 1389 2546 1801 1115 529 2022 2277 1353 395 1683 2644 1300 2000 1175 1451 1951 1334 1798 63 727 589 962 658 1333 2323 1306 572 485 1230 803 2054 1361 898 714 374 1019 1558 1928 1883 2409 614 2072 1166 101 215 2504 737 1559 436 1561 1900 117 1106 240 2759 251 364 2179 895 1502 1087 1738 1137 2040 1184 2768 93 2114 2579 1207 1922 1979 2203 2521 420 510 2242 1397 789 2303 341 1590 2245 2494 2784 1641 1427 581 594 1198 1488 646 907
2018 2284 2146 1289 719 2008 764 2551 190 1577 914 1534 1157 1493 2209 812 2487 723 1359 1351 35 539 2585 450 2453 2824 303 1772 1128 1997 1915 247 1121 2485 615 604 153 1403 1204 2582 1247 212 58 1347 874 630 490 549 2718 256 1595 2353 206 2603 862 2734 416 978 1600 516 2593 2361 674 1006 2312 1878 1190 2012 2753 443 2724 1643 675 977 2670 2204 2574 1414 1468 2344 2826 2513 622 2424 776 1092 2800 904 1388 2397 1123 1307 2148 343 188 2307 2783 2606 586 2544
582 1702 285 546 6 1221 759 1083 732 2643 620 1260 807 922 181 1797 1570 2816 1697 2043 2171 2810 2346 1916 475 2666 650 1858 1891 1723 1188 468 411 2313 2194 1456 2261 1882 1865 1153 1603 2807 1227 1768 2048 2476 298 1318 229 37 1284 122 1139 1380 2167 661 636 2425 980 1560 1761 1884 1285 820 2841 2268 594 1199 2688 2118 973 1953 1610 2278 476 2179 1763 2761 281 448 2168 420 387 2768 1541 1015 334 2498 971 2348 758 1018 148 1283 1536 389 2188 1537 782 2505
159 1293 1097 1118 1822 1143 580 326 31 2715 653 2053 2062 1037 1024 1635 390 1967 1124 1273 805 1568 2693 1715 1050 1011 799 1317 1755 2232 261 1756 670 2765 2236 504 1662 2698 314 1262 1655 1475 455 220 1831 331 927 999 1140 726 430 464 1706 1921 484 2783 1477 2343 2301 1789 2407 1395 1647 1972 2402 721 2061 655 2429 2059 1187 2611 2406 1918 1335 1008 1303 1829 1612 2465 2505 252 467 452 1472 89 1297 1692 643 2142 1216 2687 1648 2531 1220 363 936 2279 1506 822
2683 1223 2639 574 2291 1874 647 494 2057 2435 146 1899 2708 657 1185 677 2183 1777 2569 2438 1944 682 1592 491 686 329 2436 2598 2580 804 974 1464 2286 140 598 2499 939 1639 1725 1931 1868 948 368 1076 2526 2393 444 2220 2813 2248 2051 1555 1433 1056 1452 1477 1055 1937 2445 2089 482 2382 1439 2704 2427 526 864 274 994 608 508 1330 531 255 217 790 2359 1876 637 1942 2440 1998 1408 271 1088 2294 2657 1964 1892 2053 1274 2062 670 159 423 1127 326 2534 390 580
979 2227 2786 176 2668 2108 1393 2743 1562 1033 2333 432 2029 554 340 1686 597 555 1418 1890 886 417 1888 868 429 571 332 1492 1065 802 142 62 2078 1268 289 2451 1398 1053 1431 36 2384 866 536 1256 361 1588 878 1886 1132 78 681 2117 302 21 733 199 1699 1553 893 743 1430 292 680 2640 2808 1499 729 1952 1329 1266 1764 2335 1118 828 1038 2839 121 377 2578 2423 2406 2570 27 1050 1774 580 31 2279 805 1635 1303 159 1967 1829 2380 390 1317 1143 633 1099
1132 1588 536 1431 36 1268 121 2117 733 866 988 193 2090 569 680 142 2078 1886 1236 1492 429 1699 802 1499 1553 2380 1256 1430 2333 2267 432 2029 979 1053 2451 1890 2227 332 1038 2786 555 2743 1393 2384 2668 1910 340 1949 868 1033 554 500 176 1329 377 2795 1764 2421 828 1562 1888 1065 2108 2839 1774 1754 21 2570 672 1543 2578 1118 1272 367 2602 649 289 412 13 2279 1823 1182 1303 2770 1135 235 2812 1441 2789 2052 2774 1991 1668 2808 1374 2799 1190 963 1870 1418
1810 2509 202 1075 1001 2121 2350 2583 1012 249 67 1406 627 1944 1055 494 31 2708 316 2435 2728 1127 1780 963 2144 653 1029 2693 2628 1051 2291 1924 367 2057 1099 326 235 2770 553 1223 726 670 61 1441 162 390 1274 68 1216 890 1874 331 200 27 1050 1472 580 1775 2236 872 999 134 1475 1273 655 1822 192 1725 2698 1852 623 618 344 2316 2294 314 1438 471 552 771 1635 159 1746 972 261 216 1187 1961 657 1967 207 1692 2486 1182 2070 1164 725 1024 633 1584
1044 1380 1425 350 897 396 205 1449 1933 1790 2249 761 1090 2096 2514 443 1621 2071 2512 836 586 1308 1750 2030 2167 1006 474 459 2156 2197 275 1082 1763 2420 2623 1709 1052 935 2317 2627 1321 2645 1098 2268 1911 624 905 2136 907 454 2446 8 1315 2086 393 37 20 325 850 2791 222 1267 1336 2648 2305 281 1979 946 167 2355 1736 1671 300 481 1183 2342 2562 1280 2432 834 2452 745 2137 599 2573 1371 2212 2091 1327 644 957 2642 2201 1305 2535 1487 2450 561 2406 924
1447 1469 16 44 376 2317 1483 1057 761 2249 2785 1749 1914 1183 1631 1672 1449 291 2437 1990 2700 1836 104 2058 783 2555 1727 834 1178 1856 1224 2111 2441 1277 832 2202 1476 676 683 88 95 2745 1838 824 1103 2129 1523 2190 2180 576 2650 1535 1713 47 2422 1116 350 2547 1482 1714 2506 949 614 2523 2212 894 1327 269 34 2080 1073 2695 1568 2359 596 580 849 2136 1282 2827 2232 1662 2773 1346 2687 1827 2289 2091 1019 96 356 2690 2053 1500 296 1417 474 115 838 363
536 1588 1132 1268 1431 36 121 988 2090 2333 2117 432 429 193 569 733 979 2786 2227 866 332 1492 340 142 2108 555 1065 2029 1553 680 2078 2668 802 1393 1430 2743 1562 554 1256 176 1499 1888 1699 571 1033 1890 1886 868 2267 2380 901 1793 500 1418 1686 2795 597 1236 2570 2217 427 1329 886 1764 417 2839 2808 2568 1053 1952 2415 743 1266 2335 828 2578 377 1240 2451 1303 1335 2279 1829 1038 220 1374 2421 1655 1275 1187 2038 865 1118 1831 1037 1955 523 1746 2406 2552
571 1065 2029 597 554 417 1888 1418 555 332 1890 1686 886 2108 176 1033 2743 1562 2668 1393 2786 340 2227 868 2333 62 429 979 432 1492 2078 802 142 743 289 878 1398 361 681 302 2423 2451 78 2047 21 1256 1189 1553 2032 199 1053 370 1430 893 1886 569 323 292 56 1699 866 2384 2090 121 193 988 500 2217 1268 2117 680 427 1793 536 2415 1431 2568 36 2267 901 733 2421 1272 1499 2380 2671 1041 964 2031 1070 1399 13 1038 955 2120 2428 698 640 2038 2735
2163 401 453 1599 73 99 477 399 2074 1628 1510 380 1976 823 1872 461 981 208 1233 595 437 2055 2587 760 1145 141 1717 2098 2655 1047 1023 2126 2747 612 2469 731 1160 1085 1903 2679 1163 2122 816 177 2829 1784 2362 174 2775 172 694 164 460 72 1415 156 2722 222 2355 1911 2512 2420 2642 1436 2009 1098 2446 850 1305 1321 2156 1682 897 2645 2218 1241 755 1504 1756 1638 2537 1972 1335 430 805 2232 402 1435 721 2636 2318 2301 478 1248 2402 1356 625 2061 655 1376
1380 2197 1425 1044 1750 2514 1286 2249 45 2056 1844 2182 2522 183 621 1251 2831 1267 761 2503 2705 506 350 474 171 1064 396 2608 2760 2167 236 959 905 1090 1364 2401 565 2612 624 459 644 1280 2623 1525 762 189 1032 1217 1560 815 2141 2562 2156 971 300 2317 2720 1363 2030 443 1763 96 2425 586 1315 1449 1277 481 2263 724 1113 785 1927 1308 894 946 1933 1321 850 1098 2096 2060 1911 60 1336 1371 2188 106 1073 2268 836 2442 2645 834 2406 957 309 1082 2627 2153
1781 654 1127 1356 1505 239 2091 2794 525 2164 2311 113 27 1780 383 1248 2070 1168 1299 1274 1141 2531 1435 49 2025 245 1787 2669 625 679 2396 2280 2173 2137 192 139 209 1598 838 408 1961 1240 296 1282 822 356 225 61 207 449 858 252 1503 344 131 1021 2017 2316 618 200 2279 1875 1011 1024 799 1924 653 2693 290 1829 33 1303 533 1755 1500 412 2232 261 1568 455 1187 2406 1648 1941 268 495 1317 1972 1873 1262 721 1756 1395 2402 1647 331 2061 1921 2715 1612
1570 582 6 1221 285 546 1083 1702 759 2643 922 732 475 2346 1916 807 1260 1723 298 1891 620 1697 2816 2810 2171 1858 2666 181 650 1797 2043 468 1188 1884 980 2118 2313 1865 1610 1285 1456 2194 2261 1015 1139 973 1284 122 1537 2706 1227 37 411 1605 2348 594 420 2768 1882 1768 148 1397 2268 2152 1380 629 690 1953 2841 2179 229 2048 2476 1603 1153 510 2677 448 2167 2502 1738 1080 2521 1199 1502 2627 2807 1488 1866 396 1560 281 1082 2232 1568 758 2062 454 455 2505
2721 1569 715 100 305 51 48 562 64 155 2034 439 1796 1640 2433 2545 201 1860 2713 2309 1901 1453 1490 2376 2556 2631 1416 2272 194 2352 1948 1051 1496 1316 1586 1218 1369 1965 2649 2815 1636 645 1870 712 563 445 2628 925 1617 1782 1096 2454 2826 26 1307 1045 168 2836 900 559 197 2840 440 260 348 2769 1840 2050 674 992 1897 2652 1710 2088 497 1381 663 735 2011 659 2419 2241 134 1054 2767 1663 1362 259 1658 480 1029 2538 1437 978 2714 1422 1649 2130 1046 1261
2548 2189 2662 687 741 2844 1982 837 2455 1009 2139 1524 2371 299 667 2833 2092 2797 2269 264 2484 1815 1925 352 428 557 2063 2776 1619 2576 1159 2731 551 879 1539 1278 1549 1735 857 203 641 267 1373 891 1350 2215 1776 1043 2590 1814 1457 1238 1291 403 158 2198 2385 1792 2332 2739 342 913 2356 706 317 2412 1887 77 1863 1086 1229 2694 2206 228 888 1191 263 2727 262 656 801 2672 720 885 2771 1629 1930 1542 1861 1551 1877 2039 1509 2456 1575 2158 2100 1589 570 1580
2309 201 2713 2433 1901 1453 2376 1490 1860 2721 1569 715 100 305 2034 51 1796 562 48 64 155 2545 439 1640 2556 194 2272 1051 2352 1416 2631 1496 1316 1948 1218 1586 2815 1965 1636 1986 2628 497 992 231 1897 563 1840 440 1261 1096 2649 134 168 1362 1148 1381 2046 663 2050 2840 1710 2826 1123 1870 2538 197 1782 445 2836 2454 645 1658 712 1878 2650 26 2007 2289 965 1045 2241 2553 2632 1369 559 1848 1422 2130 2652 2769 735 2714 259 2767 486 348 2088 260 925 2708
2252 2328 2491 1179 1651 1977 2682 1578 1583 1063 639 945 1920 2647 1579 841 952 998 515 1470 9 1769 887 2792 748 919 1531 916 1791 118 114 2065 1211 2310 819 1770 2042 1354 1667 567 982 227 1585 2778 1368 2575 1851 517 2225 763 1367 2379 808 2723 2349 2729 2097 7 1239 2459 975 382 1566 2488 1854 778 1657 2711 930 2416 1154 928 1970 311 512 1271 492 875 2618 579 2559 528 1528 2026 923 2658 151 566 1210 1219 2334 1819 2081 25 2304 381 781 2462 1209 513
2063 2484 837 264 2844 1009 403 2455 1159 1815 352 2092 2797 2833 741 2139 2269 2371 299 2731 2576 428 1814 1539 2776 2138 2189 1549 1122 1982 1589 1571 537 2403 1735 667 557 2100 573 2486 846 17 2215 642 913 1925 1622 2412 1619 317 891 795 1338 2338 600 879 2811 2385 1349 2255 226 641 203 1242 1862 1863 961 2339 687 262 1060 1373 2473 1520 2399 342 2771 1828 577 2226 2431 888 234 90 2614 991 2727 2175 1 551 1101 969 2635 1295 2834 1572 1618 2266 1524 685
537 1735 1060 557 1982 867 2431 2371 667 299 428 2138 2776 2473 1815 1619 2092 1925 2833 879 2139 352 2811 1549 2269 1159 403 2797 741 2455 2189 1009 2403 2576 837 1862 264 685 2844 641 1816 2213 2385 2731 2412 1863 2484 385 2460 226 961 2063 1539 262 1660 814 913 1373 2486 2771 1480 888 1025 1366 2255 2633 2607 317 1338 551 1571 1349 573 991 1242 1295 2100 1807 1622 1814 687 1509 17 307 1520 2399 600 1589 846 2266 1 1803 642 1524 472 1122 2517 2727 234 1101
1290 1518 631 2282 2064 2596 1906 2796 1909 662 2392 1613 921 394 1879 2140 984 2357 1119 451 1017 1058 1978 2049 1981 1567 1301 1604 1237 2262 530 446 1002 908 852 2085 942 1676 1718 1621 2093 1331 660 1396 708 1808 124 813 1384 2274 1404 2543 1105 355 2782 700 1155 918 1554 2257 1100 1673 2134 996 2530 1614 1491 1688 243 345 1587 542 237 651 591 2696 616 2131 1485 1812 2045 527 255 186 2657 1089 1181 1740 1564 172 966 54 2675 1370 637 1330 2692 2089 742 2781
2740 2749 2444 154 2710 1059 342 2468 127 551 2175 38 1509 1629 1939 1524 2013 2823 1487 1811 203 1355 2481 1803 1477 1270 1471 2339 1258 1167 2168 1324 669 472 956 2128 1596 1472 1696 1112 1612 1011 1694 1294 2188 1972 721 2616 1591 387 618 1021 138 1395 909 1862 2402 806 1140 2595 391 2343 849 389 363 665 402 2316 1662 1941 653 1317 1647 1780 2017 1273 1124 1692 1568 1327 2285 1187 2212 2061 1648 580 643 2584 533 471 2429 495 448 1873 1216 2715 2406 252 216 2531
1361 589 658 727 1175 1951 1306 485 1798 1230 1334 962 2054 572 2323 395 2644 2787 529 1451 545 1559 646 2546 1115 2000 2277 1683 1801 1394 1389 1106 2113 293 2178 2066 2540 1213 1300 304 1427 436 215 803 101 737 251 1900 364 2381 2759 989 1197 2040 2114 2579 2504 374 341 1561 789 581 1353 2238 1883 1928 2242 483 328 1898 766 2409 714 2656 1558 2022 1166 2072 240 898 39 1786 2288 2149 117 1257 614 2179 1333 1184 2784 1207 676 2228 1502 2521 2051 1357 1335 1205
1662 2236 1475 999 484 2301 726 2053 2429 1124 2059 314 1024 2407 655 331 2765 1037 53 534 2470 1008 806 467 1465 786 2244 1050 780 418 52 1481 471 1140 31 2693 2687 430 805 2715 1275 1220 452 295 1967 1635 653 390 1317 89 580 326 159 1022 1755 1097 1293 1730 363 1756 1715 1438 108 1378 753 2398 1118 1647 346 2061 1822 2402 1972 721 1829 1929 1143 2806 1273 758 1568 2465 2505 220 1852 799 2062 389 1921 936 628 504 478 1011 2698 1278 1918 402 1395 2232
998 1583 2792 118 1791 567 919 952 1179 1354 1769 2491 2328 2065 778 2778 382 2252 1970 517 808 887 2711 1579 515 1977 841 1063 2682 1578 1651 9 945 1854 1470 114 2729 639 1920 1657 2647 7 1851 930 1531 975 928 748 982 1770 2379 227 819 1667 763 916 2310 1211 2793 1271 2723 1367 1585 2225 2361 2353 1239 2042 2575 1819 2081 98 1368 701 2474 776 503 2212 1327 585 711 2406 1715 923 390 1963 2028 2349 1635 2648 2044 2528 532 674 1338 1414 2053 2424 772 1528
2707 1623 1054 1679 1328 1444 1663 947 1649 169 2011 2837 645 445 2836 2840 1782 1617 2767 712 2130 1045 440 1253 2050 735 179 1029 1422 1640 1261 2287 1993 1552 2241 319 1381 1860 550 1544 1658 123 2439 134 1710 2631 900 932 1218 518 2588 463 2628 197 1840 2150 724 2375 2133 1489 194 992 1307 2076 563 1486 1208 2352 1437 1369 2046 1051 1701 1636 497 860 965 259 51 1788 1417 906 1948 2714 2482 674 559 769 260 2649 489 2454 2735 1870 2632 2088 1416 2544 2419 173
2043 2171 2666 650 2810 2816 475 1916 2346 1891 1723 807 411 1570 1153 922 1188 1603 1260 759 1456 2643 1702 546 1697 285 6 582 1221 1858 732 1083 1284 468 1865 620 122 820 181 1541 334 1797 298 1882 2313 750 1761 829 1227 980 37 229 2261 1884 956 1139 2841 2194 1610 2118 2268 448 138 1953 2179 2167 2768 758 2634 594 1048 389 936 2632 420 476 2387 2611 1612 782 1018 1763 467 628 840 452 643 753 2398 1026 1378 501 89 478 129 510 1022 2137 1472 1285
2189 2548 2371 299 741 2833 2092 687 2139 1982 2269 2776 428 2797 2455 2844 667 837 1549 1009 264 557 2576 2484 1815 1159 352 2662 2063 1925 2731 1619 1735 403 879 1814 226 1539 641 1863 2385 1589 262 1373 2771 1524 888 1122 2403 891 2460 551 2215 1295 991 1807 2431 1242 913 2266 1571 1509 2412 267 1238 1291 203 1862 2486 573 2100 1622 2138 317 1816 795 537 2517 600 2811 1338 17 846 1060 2255 2468 1278 2338 642 2363 342 1828 1350 1887 1349 2399 77 857 234 2356
671 1339 532 1532 152 2028 734 2099 1956 313 458 1896 1708 2819 1704 847 2674 2191 1741 2500 849 2479 2283 330 696 1827 1563 505 120 2557 2597 2742 28 523 175 2773 238 2250 2181 705 354 2552 2365 261 587 2177 2534 2689 81 1117 92 2681 972 1010 2716 2370 1302 1376 670 2193 1974 772 2119 2228 2199 1917 503 2527 2812 1746 872 2764 1461 2814 1873 711 1099 2610 68 2144 1327 2212 1335 2774 968 2343 1297 2052 2592 1111 771 602 2770 633 1680 1240 552 1135 2105 649
2843 257 1800 1731 2613 1138 1645 1871 2609 288 742 1707 1894 519 416 2377 1527 535 1526 2145 406 2516 1779 1992 410 773 1385 811 749 392 2763 1007 301 1419 821 2102 1442 1079 1068 1969 937 2341 1511 1455 2549 1110 1325 434 2788 538 1131 648 365 336 1670 678 248 2219 1516 2746 253 2196 2290 673 709 1040 112 1133 1794 435 2697 1968 1174 2492 774 2299 2417 2730 2005 593 544 186 2331 1311 1309 1498 1094 2680 605 2006 855 1936 2364 1966 2830 2560 1913 1573 1005 1850
299 2139 2269 2371 2833 2576 2092 2797 428 2455 2776 2844 1009 837 264 352 741 1549 1982 2484 1815 2189 2063 1159 1735 2731 1539 557 667 403 1816 1925 1619 879 1814 1366 1863 1589 641 2385 1122 1480 2403 1373 2771 2633 2607 262 867 1660 537 1571 2460 2138 226 888 2431 991 1295 1242 891 1807 913 2215 1025 687 551 2100 573 385 1862 846 17 2363 203 1349 342 2524 2226 814 2412 2486 1524 642 2517 317 685 2266 795 1622 2104 1520 2399 2811 1338 2175 2727 2529 1509 1
1545 626 2389 59 1202 2367 4 1737 1146 950 1799 826 2477 283 1752 613 266 547 2069 1386 2082 2270 556 1319 312 2300 85 611 1407 134 1926 2832 817 1102 987 2375 1405 2556 197 635 2790 188 943 463 1029 221 2011 271 1788 526 169 433 1181 2076 1564 735 904 2837 159 440 2312 864 1408 2817 2836 860 1701 326 2840 1293 1143 1942 390 1998 1307 1663 1635 994 2037 1715 1892 769 1097 2767 1117 1208 1328 1822 2343 1274 580 623 1240 1489 1339 259 2419 2440 1092 2681
523 175 2500 505 1827 1563 2283 2181 1896 2819 313 458 2479 2552 734 28 849 2674 2191 238 2250 1708 1741 847 705 120 2689 152 2099 1339 1532 587 2534 2365 2716 81 2597 2557 2370 2773 330 671 92 2742 972 2119 354 2193 1010 2681 532 772 2028 1746 2228 2177 1956 2592 1111 1704 602 1917 696 633 2199 2527 2052 2322 1332 740 2237 1680 2610 1543 1376 2809 1099 503 711 261 2764 2814 1873 1335 872 1109 1117 890 1037 1297 1650 68 1135 2144 1124 1302 649 1852 2789 552
2365 2689 81 705 2534 2479 2181 2370 28 2552 2716 238 2250 523 849 505 1563 175 92 1708 587 1827 2557 2500 2819 2191 1532 2119 313 458 2283 120 972 1896 152 1010 734 1741 2674 2099 847 1339 2193 2527 2177 2773 2681 2597 671 2742 330 2228 772 1746 1917 1111 602 633 2592 696 354 2052 1376 2322 2809 968 532 2028 2764 1680 740 1332 1956 1873 2237 1704 503 771 68 2144 711 2199 1327 2212 1543 1117 553 1302 507 533 2343 2774 872 1037 1974 670 2822 890 1124 1109
2567 1214 2751 22 1171 2109 1661 1032 2823 189 106 2060 2554 2162 419 2726 2153 96 1632 785 1744 1927 454 20 894 481 167 2502 2152 2030 815 1217 1365 309 592 2141 856 84 396 1605 1363 1987 2401 1286 941 333 2612 2688 2627 957 40 1425 762 183 971 861 1288 2571 214 43 1703 300 2222 2404 629 2197 244 2677 2705 2498 2573 621 115 1315 1108 1336 744 1964 1802 1596 907 909 281 1979 1960 2720 959 255 1018 2614 1013 1998 1283 1330 782 270 580 2465 2505 108
70 431 2510 2772 2478 2077 2561 1125 1753 2777 1035 1839 2161 1759 1834 2757 18 315 951 2622 1557 1390 1165 2015 601 1252 2302 1842 2818 2 2663 191 1980 2685 1938 1895 2315 161 430 655 2667 1747 2279 889 769 2482 1248 768 1788 533 1335 625 770 2061 2228 252 860 2311 561 1701 1829 1008 2398 1303 999 679 858 2236 2289 1929 1475 753 1598 1435 508 1417 412 89 1026 484 726 1972 788 331 553 467 175 1443 108 1833 1489 1022 2301 173 2181 2059 2544 1275 1220 277
1385 1007 406 1779 1526 2145 2516 1511 1992 1871 1442 2102 773 2763 1969 1325 519 1894 2377 1527 1138 1731 1645 2613 1800 742 257 288 535 821 2609 1455 1707 811 1068 112 2843 1516 1670 410 2341 2290 1311 1110 544 749 365 605 1783 1040 870 2730 709 248 2219 435 434 301 253 1466 186 2788 648 336 1966 2549 855 1794 1498 1020 1419 1968 678 2560 2417 1309 673 1850 338 2746 1079 2680 538 1581 593 881 1005 2095 94 2830 1573 1424 843 2364 730 800 717 2196 1133 1454
2077 2478 2772 1125 1753 2777 70 2561 2510 431 1035 2161 1759 2757 1839 18 1834 951 315 601 2622 2015 1390 1557 1165 1252 1842 2302 2818 2 2663 191 1980 2685 2315 1938 767 533 161 277 2667 1895 2279 769 430 2471 284 1235 788 2228 860 1829 655 1026 1303 2482 2755 89 1008 252 2061 578 1335 561 770 1248 999 467 1391 1323 2632 412 484 2181 502 1475 2311 1489 103 2236 2624 1972 753 175 858 2398 1845 1039 1701 2774 628 297 1022 688 1788 553 1912 108 2402 625
4 1545 626 2389 59 547 1146 1202 2367 312 2270 2082 1405 635 2300 1737 987 2832 1386 556 950 1102 1407 1926 221 85 1752 1319 943 817 2790 1799 611 1656 134 2817 188 826 2556 283 2477 2069 1708 1029 613 2375 2527 1240 1281 125 1026 2191 1923 788 2789 456 2343 1376 1314 553 518 1692 159 2837 1912 2144 2265 1730 68 1302 2681 1663 326 1955 628 2105 1422 2610 1444 849 2632 1048 847 1974 501 458 169 1972 1715 1293 1831 705 2028 671 580 1543 1896 1472 532 2674
312 987 635 2832 4 1405 1146 2300 85 1102 221 943 1407 2790 1926 547 817 556 2082 2270 1386 1752 1656 1545 1737 1319 626 2817 59 2389 1202 950 2367 283 826 611 2411 188 1934 2501 2528 2069 1644 134 2044 1624 2397 1799 613 266 1422 2556 2606 2477 606 2200 1708 1339 1092 1208 978 2312 1314 1896 847 2265 1240 2515 1955 1437 2826 2419 1302 1117 1552 152 2789 463 2574 2714 259 2148 769 1468 2424 2105 1543 1307 2191 2544 659 2343 68 2610 2652 977 1376 1029 1369 1617
2741 1056 899 137 2135 1212 1606 116 1463 204 1935 2766 97 2558 1134 2842 1547 2511 246 2305 1067 725 2068 2294 79 1944 1055 2665 722 2041 2728 2207 447 2825 2580 1076 2286 1452 2708 140 1464 2382 2813 2057 2248 2291 686 1868 1777 1937 2435 1899 494 804 1185 657 574 2319 1825 2393 1874 1223 1639 146 329 677 948 647 2736 2683 1126 2639 682 165 790 692 2719 2438 1725 1473 2436 491 274 2292 994 864 526 1453 2598 2652 559 134 2419 1592 2569 1870 1274 608 2669 168
2328 2491 2252 1179 1977 1651 2682 1578 1063 1579 639 945 2647 952 1920 841 515 1583 1470 887 9 1769 998 2792 748 1531 1791 919 916 2042 819 118 114 1354 2065 1667 1211 2310 567 1585 227 1770 982 2778 1851 2575 763 2729 2225 808 2379 517 930 1657 928 382 2723 778 2711 1854 1970 1368 7 975 1271 1367 2349 2459 2488 2097 528 1239 1154 2618 1566 2559 2416 2658 910 151 512 311 2081 492 1819 31 1643 390 25 633 326 923 1635 580 503 670 513 261 1314 2026
337 1681 487 1705 2600 2543 942 2085 607 1495 1384 1978 2458 1742 2262 966 1002 2660 1119 852 1718 1695 1853 1000 2696 1673 2257 360 2357 1614 1287 2259 1508 1893 1331 1565 50 1739 2803 710 1031 2664 2369 54 542 791 2782 984 1528 2392 1370 2093 320 1981 446 660 1676 2134 2596 1604 711 1237 1396 908 1518 2598 1554 2436 175 847 747 503 1708 1339 1741 1240 523 1680 1223 580 2814 243 2610 159 530 199 2283 1143 1627 1472 675 1827 220 1704 1293 1302 1317 326 813 2687
2707 1054 1623 1328 1679 1444 1663 947 1649 169 2011 2837 645 445 2836 2840 1782 2767 1617 712 2130 1045 440 1253 2050 735 179 1029 1422 1640 1261 2287 1993 2241 1552 1381 319 1860 1544 1658 2439 550 134 123 1710 900 2631 1218 932 2628 197 463 518 1840 992 2046 194 497 1489 2133 2352 2150 1636 2482 1486 2588 860 1437 1307 1051 1948 965 2735 563 1701 1417 1416 2375 1208 724 906 173 2088 260 51 1369 259 1096 2076 674 769 1788 2272 1586 161 2632 2082 2714 2289 2826
1125 2777 1753 2772 2077 2478 2561 70 2510 431 1035 1759 2161 18 2757 1834 951 1839 315 1842 601 2622 1165 2015 1252 1390 1557 2302 2818 2 2663 1980 2685 191 277 767 1938 2279 1323 1475 103 2314 1008 1335 2236 533 89 655 1391 430 467 999 2061 484 2755 1829 252 788 1248 1303 1186 2632 770 1747 1026 753 1039 2228 860 1018 561 2774 643 2398 297 2311 625 1972 108 726 553 1022 1378 2059 782 161 2315 389 628 2702 1220 2611 1912 1895 578 412 858 1435 2144 2634
581 374 2579 2759 1683 803 2114 2277 1389 2546 1300 529 1115 1801 545 789 2242 328 1093 1898 1394 2644 766 2238 2504 395 2113 407 2066 2178 251 1883 2000 1213 1353 2040 304 240 572 341 1427 1451 2381 737 483 1900 364 1230 101 2540 215 436 1951 989 1561 1137 1559 1175 1334 485 727 658 1306 1106 1361 1798 589 1971 962 39 2022 1257 777 63 2288 646 1087 1590 1357 1786 924 2323 93 2281 2542 1533 898 953 2054 1558 714 2768 2648 1180 70 1184 1471 895 1190 1928
1037 1647 721 1972 2061 2402 430 1829 1303 1921 252 1395 1124 561 1756 412 2279 1317 2053 805 1755 1050 1024 1140 1967 1635 655 390 159 220 1822 1143 331 1118 1293 1097 2715 580 326 653 799 31 1715 1612 1918 1216 314 1506 2765 1568 2236 1262 2693 858 1662 1273 1275 2232 295 1011 1475 1187 504 2406 1299 1168 2531 1929 2806 1503 2698 999 2301 726 1730 2687 2343 770 484 455 2062 533 1648 2059 2429 670 2407 2137 344 261 1248 822 2142 2311 138 1435 1008 625 1356 290
312 987 635 2832 1405 85 2300 221 1102 943 1146 1407 4 2790 1926 547 2270 2082 556 817 1752 1386 1656 2817 1319 611 950 188 2501 1934 1545 1644 2411 1737 2528 2044 1202 2367 1624 59 626 134 2556 1799 2069 2389 1422 826 518 550 1840 283 440 613 1148 712 2454 2397 1369 925 735 2312 2649 259 2826 1870 659 1316 2148 26 978 663 1636 348 2836 2606 1617 2200 563 2769 2714 480 1782 2652 2050 2544 2538 463 1307 1045 1240 606 2419 1092 1796 1437 1468 2289 2241 900
1149 2320 2533 286 2172 2673 29 2021 754 2756 1231 1728 757 2787 646 2323 1361 1334 395 2644 1533 1798 1230 962 1306 589 1951 1175 572 727 658 529 2540 485 739 293 2054 1451 1312 545 218 2277 1427 2546 1115 1559 2472 1683 853 2224 1197 1801 2430 251 1900 1928 24 714 2000 436 101 1300 1984 1106 215 1689 426 364 2409 2024 803 2381 634 1166 1394 2113 76 737 2178 2066 1558 789 895 898 1389 1478 1597 2040 2296 2072 2366 2014 1213 2295 425 1719 2143 2260 498 1561
967 1719 1804 2296 24 1689 2024 1597 91 426 2143 792 2235 2430 634 853 2320 2756 2021 1149 2533 754 739 1728 29 2673 499 2638 286 1231 2172 2260 2224 76 1533 1478 184 757 1265 465 213 2615 2472 1448 218 1849 558 2295 707 135 1312 2408 2354 2413 1722 1180 1867 498 926 425 1984 1269 1818 2495 2014 1383 424 1296 119 2281 2390 240 540 564 895 93 1529 2366 291 714 2288 1535 39 2124 1590 1166 466 80 789 1928 1558 232 2566 293 1207 2072 1091 898 1061 1945
1096 1948 1416 1362 1897 1586 497 992 2046 1051 2272 194 1316 1496 2352 2815 439 2721 2556 155 64 1993 48 305 712 562 1636 1569 51 715 2082 1860 1640 547 1617 1796 2270 1381 1045 1048 1386 2631 100 1029 1369 1972 2632 1926 134 2454 1552 1782 1663 1710 805 782 1307 550 445 1755 1974 1422 2241 85 2836 721 1018 1317 645 1395 1218 563 2402 2650 197 1756 2061 2628 463 1328 518 159 326 2034 1097 1273 1303 1658 1635 1011 1774 2826 2713 628 2767 1543 2840 1293 390 643
1115 2546 1389 2054 1361 1451 1951 1175 589 658 1306 2644 727 395 1300 2000 485 545 2113 529 572 1230 2787 646 1798 1559 962 1683 1394 803 2178 2066 2277 2540 1334 293 1427 1801 1106 1213 304 251 101 215 2323 436 2381 789 364 737 2504 1900 374 2759 341 2579 989 2114 2040 1883 581 483 2238 328 766 1353 1898 240 1561 1197 1928 2022 2072 2784 614 2242 714 1207 898 2409 1558 1786 1257 1166 2288 1093 407 1137 1335 39 1274 782 430 1357 2062 1026 1050 1018 1127 1972
1235 2471 2601 2624 688 2276 103 990 502 1323 297 1845 126 578 1767 1340 1908 284 768 848 1391 1186 1830 1608 1114 903 522 702 2388 1413 684 931 2314 250 1107 1720 1821 1310 65 1975 835 1512 1254 2667 258 533 2478 973 1125 2077 1302 1972 315 2283 2316 2119 2061 2772 721 175 2557 1827 1974 561 1896 2755 1753 968 2402 2228 705 2689 2099 1921 532 1715 847 1834 2181 2028 655 2777 1335 2674 771 225 2236 503 2742 331 1465 2622 2062 2812 1917 587 2774 999 1831 1741
377 2671 2520 865 640 13 2210 1272 1038 2578 828 1754 1949 2083 2421 1429 1041 2428 1910 672 933 2828 1337 2602 1374 1668 1070 1266 2031 2629 1249 2038 1952 1399 2221 964 2120 358 2539 2798 2640 2335 2808 729 323 1329 2795 1764 2839 2570 698 56 1118 2108 432 159 580 1143 1049 1822 1189 2032 2232 1240 1293 2406 31 2715 326 1273 2786 2322 1097 2279 1461 1680 1588 979 1755 2333 1187 1568 1356 1011 27 1317 711 955 2028 1297 1262 1741 1704 1376 1789 1635 972 1168 1299 2774
685 2213 913 234 1862 1572 2727 1 1278 307 2215 1520 2698 2158 1349 1273 349 892 1060 2399 2834 2269 2189 1615 969 46 2139 352 1101 223 299 1698 1409 2635 2565 2223 2576 195 1009 2253 961 2092 1629 1095 1540 428 2833 2340 837 2783 2371 1571 1994 1618 264 2776 2455 1815 2372 600 741 2338 2100 846 2226 642 2781 2797 2484 557 1549 1097 159 326 580 2715 31 1293 2403 17 2844 1982 1822 203 1143 1140 2661 1216 1568 1118 344 216 551 1918 667 653 1011 2486 2232 795
2252 2328 2491 1651 1977 1179 2682 1583 1578 1063 1920 639 945 2647 1579 841 998 952 1470 1769 9 2792 916 748 887 515 1531 2310 919 118 1791 1211 114 1770 2065 2042 819 227 982 1354 567 1667 1585 517 2575 1368 1367 2723 2778 2225 763 808 382 778 1854 1851 1239 2729 2711 2097 2349 2459 1566 1970 7 1657 2379 2488 1154 930 2416 512 928 1271 975 311 579 1528 2026 492 566 2334 781 151 875 381 2462 2618 2559 1219 2658 528 1643 543 1819 25 332 1209 2081 1210
767 277 1938 1443 889 1833 1747 2686 770 2532 211 1320 2496 2702 369 269 1548 1989 1460 2315 1980 2685 2818 951 2015 1834 1252 1584 258 2023 2755 1842 1865 18 2045 1972 2279 2402 1411 2185 2757 2406 721 430 1647 1568 1829 1317 2061 1756 331 1921 580 1967 2232 1635 2053 1118 1143 1822 642 1050 1831 1140 31 805 390 2236 1475 412 643 561 252 1789 1022 2510 2622 1715 89 159 1395 2584 999 654 326 2614 2611 1293 1124 405 1655 1781 655 2137 1974 625 1097 653 1303 1275
312 987 635 2832 1405 1146 4 85 2300 1102 221 943 1407 2790 1926 547 817 2082 2270 556 1752 1737 1656 1386 1545 1202 626 2817 2389 59 950 2411 2501 1934 2044 283 2367 2528 1624 826 1644 1319 611 188 1799 2477 613 266 2069 2556 2397 550 1422 2419 2574 1468 712 978 2836 2606 1369 1782 2826 659 1437 440 259 518 925 1870 2714 1307 1552 606 1190 463 1208 2652 735 1092 2312 559 2424 2515 900 2649 197 1983 674 26 480 1840 134 970 2200 2454 1240 2011 2084 348
2749 2468 154 2740 1059 1803 551 342 38 1509 472 2444 1167 1862 669 1811 1524 1355 1882 454 1629 2168 1060 829 661 127 2710 2013 167 476 203 956 20 115 888 1995 2758 1373 2213 147 1807 1863 641 2431 1744 2595 2771 1227 1101 867 2385 991 667 1295 448 2030 2726 2194 2820 1069 1925 262 879 1278 1025 2266 557 226 275 685 1324 795 2261 2269 814 1181 1421 299 2781 385 2698 2476 1880 523 2094 1 273 1564 1078 2059 1124 1735 1982 484 1273 331 2648 2236 175 1274
503 711 772 1680 972 2119 1376 587 1746 2370 633 2322 354 2742 696 2177 2193 2592 2052 602 1111 1332 2181 740 2681 2237 2527 2534 330 238 2250 2689 1852 1543 1010 1109 92 1532 1704 81 120 1117 28 968 705 847 2764 2770 1339 532 1302 2774 1708 152 671 2028 523 1956 2479 1461 1741 1917 2365 1563 1873 175 670 1974 68 2552 2144 2773 890 2674 2099 2557 1827 2812 505 734 1774 2597 553 261 771 458 313 2819 2814 872 162 1182 2283 849 699 963 2500 235 649 507
2600 1681 487 1705 337 2543 2085 942 1495 2458 607 1978 1384 1742 966 2262 1002 1119 852 2660 1718 2696 1614 1695 1673 2257 1331 1853 1000 1287 2357 1508 2392 320 360 1893 2369 2259 1031 1370 2803 50 1528 1565 2664 791 984 1739 908 54 446 1981 542 2093 710 2596 199 243 2782 747 21 711 680 175 1704 1604 2687 2343 847 1275 2134 893 1680 1741 1472 561 220 553 533 295 1708 503 78 1974 2557 1240 507 1827 68 1302 2806 28 1730 655 1676 771 2773 2283 1465 530
1728 754 1231 2021 2756 757 2320 1149 2533 29 2673 286 2172 1533 1312 218 2472 739 1984 1296 80 1383 119 2430 24 135 1478 184 2366 2024 558 2014 213 425 2413 2295 2124 498 2260 634 426 1265 1689 466 2408 375 1326 2143 473 2638 388 1945 1448 1061 2615 306 293 232 2464 2508 2354 1597 520 424 1426 163 1269 2566 2390 1529 1719 2169 395 2351 2128 1637 2725 19 707 2279 1766 91 608 444 1515 274 1182 1556 609 2222 1849 967 1839 1335 2177 1555 2296 2744 1299 1168
1419 392 301 2331 519 2341 257 2843 1992 253 1778 2763 773 1800 336 1455 1645 1731 248 1138 2102 538 535 2609 2613 742 410 843 1442 1707 648 1133 94 1454 730 338 1894 288 1131 678 1309 1498 2219 1243 1424 610 1527 1142 2377 1174 1573 937 855 1969 365 2145 1634 1200 2680 1387 2560 1020 406 2746 2492 1581 2005 2151 2299 717 2830 1546 2318 2788 2290 1068 1466 774 811 1379 435 870 2251 1511 1779 1311 2212 2597 1327 1794 1968 673 1526 2549 1516 1646 1871 1781 881 1395
2662 1549 2801 2189 687 2175 741 2776 1278 2524 2648 2576 1539 2548 1816 428 273 1242 2104 2797 1735 1366 557 1480 147 2269 2710 879 203 577 299 2139 1828 2614 1982 1524 1215 867 1509 2607 2633 2595 2371 2833 352 127 2844 2835 1295 1925 2731 405 888 1807 1862 2092 2226 2431 1373 846 667 641 1571 1803 2455 17 795 837 2403 1167 1964 551 2063 2100 991 1660 2385 2094 264 1863 2213 1811 2619 317 2771 1619 1421 814 2412 2484 573 342 642 385 1472 2298 1078 1355 262 1025
1870 2769 925 26 348 2454 2649 1369 2538 480 2714 663 550 518 1422 179 2588 2556 2638 463 735 1417 197 1701 1489 1788 860 2375 1710 2130 2289 433 2650 1029 1617 2050 2840 134 1045 712 1640 2631 440 2011 1782 2836 720 445 1993 1776 305 51 2123 64 2826 563 439 645 48 769 259 2632 2767 2544 2482 201 628 1543 2133 1097 1796 1054 367 1026 1048 1102 390 478 1649 1822 1018 782 1050 1569 1635 1293 1755 805 726 161 1692 1328 1663 31 1756 2790 471 1715 2765 1024
1056 2741 899 137 2135 1212 1606 116 1463 204 1935 2766 1134 2558 97 2842 1547 2511 246 1067 2294 2068 2305 79 1944 725 1055 2665 722 2041 2728 447 2825 2207 2580 1076 1452 2286 2057 2708 140 686 2291 2435 1868 494 657 1899 1777 1464 2813 2248 2382 574 804 1937 1223 1874 1185 2319 677 146 329 2736 1639 2393 2683 1825 647 274 2438 2639 864 608 948 790 526 994 1473 682 2719 1592 491 2569 1126 692 1725 2419 134 1274 2669 1555 2652 674 1870 2436 1092 559 2025 1956
882 1113 1757 281 2627 396 2688 1487 123 454 2261 1617 1018 1472 1612 1865 2130 2507 1972 2232 782 909 2011 721 179 2076 482 953 941 455 1127 408 138 1477 2150 1274 1780 1502 2402 1124 2053 356 1262 2527 1282 546 1307 1140 653 2677 580 1395 1568 49 2025 296 2194 2767 1647 2773 647 1029 159 629 2482 654 1255 1024 2552 1422 2396 1788 1701 1045 1486 1787 2062 2611 1293 383 1899 2557 270 1185 2690 2840 1471 1489 670 655 2137 1781 1692 367 125 1011 1208 1317 326 2406
617 1631 1561 1593 540 832 291 2542 1535 483 2784 1346 2129 240 499 1883 789 2242 1197 1300 2260 792 2000 2235 1483 44 1801 465 376 16 1804 91 2504 2277 407 1447 2296 1353 1683 1389 2759 2054 2579 1333 1469 63 529 1773 2785 1743 983 374 1749 1161 1513 1693 1019 2016 1672 2022 683 967 1847 182 1298 646 695 2190 251 614 1166 898 739 1838 576 1449 2656 310 714 2180 853 2409 1914 47 2745 2072 1427 1590 93 1990 1928 2827 2700 1714 895 2238 766 1087 1176 1334
1526 1779 406 1007 1385 2145 2516 1325 1442 1511 1992 1871 1969 2377 2102 1527 773 2763 1894 519 535 821 2613 1138 1068 1645 1731 811 1455 112 1800 288 1670 2730 544 1311 2290 1783 365 257 1110 749 870 1040 742 605 2095 1966 435 2788 1968 2364 1005 1794 593 673 2560 881 410 434 1581 2299 800 2680 1498 1079 855 2746 2549 1020 2151 1379 1243 1516 1573 2341 1131 1913 2243 709 94 1850 1309 2417 774 2006 2196 610 678 253 2830 2492 336 538 1707 1454 2609 2519 717 1424
455 1262 2232 1568 1011 799 2715 1612 822 2698 1273 1506 1216 1918 1140 2137 653 31 2693 2565 331 326 580 1755 2627 113 1274 216 344 1024 1924 159 2142 1317 805 1503 2053 1097 1293 1967 1635 390 1037 1756 131 1124 1050 1118 1505 1715 138 2343 391 1822 1143 1843 670 1395 1789 2531 1141 290 27 471 314 1278 268 1921 61 1875 207 1831 241 261 2070 1972 721 1647 356 2402 495 2061 927 1438 1655 252 2062 1282 296 655 220 49 408 464 1706 383 1248 225 2311 1780
698 1049 955 839 1521 932 1910 2083 1041 2421 13 1272 1949 2210 2520 640 323 1754 1038 377 2671 56 1249 2428 2578 1429 1337 2032 2047 828 1189 370 2798 2539 2629 2335 729 2640 2150 1764 933 2795 672 2808 2570 1329 2839 2828 358 2602 1668 1399 1374 2038 1266 2221 1952 1070 2120 2031 865 31 580 1118 964 1240 680 1822 1143 159 326 1273 235 553 2715 533 771 2144 2513 1588 367 1692 2406 1472 2343 1187 331 68 2451 643 1327 1127 2316 2212 1274 1302 1635 1715 1704 1216
734 1896 2819 458 313 1532 2099 1339 1708 2191 849 671 152 2500 2283 2674 2479 1741 847 1827 120 1563 505 330 523 175 532 2557 28 2028 2181 2250 238 2597 1956 2773 2742 2552 705 1704 2365 696 2689 2534 587 81 354 2716 92 2370 1010 972 2681 2177 2193 2119 261 772 2228 1917 2199 1746 2527 1117 1111 2592 602 2052 2809 633 1302 1873 1099 1376 2610 2764 670 1974 1335 503 1461 2322 1680 2814 1297 771 711 1332 740 2237 2812 2789 872 68 2144 1961 552 2774 1135 1021
1710 1993 197 900 1489 1701 1417 860 2767 1788 463 712 1045 1029 2050 1617 440 2836 1782 1422 735 2840 2130 179 2482 550 445 134 645 2375 2631 319 2011 932 1437 1640 2133 2837 1552 2289 1328 1486 260 169 1649 2241 947 1663 1253 2650 2088 1054 1381 1544 1444 433 1658 2707 2439 1679 1623 1860 1895 1369 2649 518 925 563 1870 1307 26 1261 2454 1208 348 2076 965 2826 2714 2419 674 906 480 2769 559 769 2556 2287 1218 1840 2652 2538 194 173 1051 1148 2352 161 2628 659
230 564 926 1357 2495 2288 1091 1996 39 777 1818 2281 1786 1180 1257 1971 1846 2489 1538 2699 76 2247 2324 2493 739 1106 2114 2224 1559 989 2260 751 1087 2605 1476 441 576 2296 1451 88 2555 1137 824 614 1482 2000 462 1318 920 917 1434 1523 1093 541 2317 2033 1192 1536 1048 1036 2073 737 2733 1014 2632 1018 782 2345 55 469 341 1919 187 2072 1207 1727 2547 1950 2695 2653 1788 2690 2402 108 1548 683 766 902 2556 2061 2289 1979 2752 721 1647 83 1833 2019 1972 402
312 987 635 2832 1405 4 1146 85 2300 1102 221 943 1407 2790 1926 547 556 2082 2270 817 1386 1656 1752 1737 1545 626 2817 2389 1319 59 1202 283 2411 1934 2501 2367 950 2528 188 826 2044 611 1644 1624 2397 1799 2069 266 2574 2606 2477 1422 613 2419 1468 134 659 606 2200 978 1552 1208 1190 1092 2312 2424 2826 1437 1983 2652 2515 2556 463 2714 559 1339 977 259 2084 1240 1369 712 1307 2265 970 1617 480 925 1314 847 900 2544 2789 1428 1955 1543 1870 2133 2105 1117
1132 1588 536 1431 36 1268 121 2117 733 988 193 2090 866 569 680 142 429 2078 1492 802 1236 1499 1699 1886 2333 1553 1430 2380 432 2029 1256 979 2267 2451 332 1053 1890 2227 1393 2743 2786 555 1038 2384 1033 2668 340 554 868 1065 1562 1949 1910 176 2421 377 1764 2108 828 500 1686 1418 1118 1303 2795 1543 1329 1774 412 21 367 235 1182 1754 2578 2279 2839 2789 2322 1829 1823 886 649 2774 1955 1888 2770 1249 1991 963 2812 2808 561 2265 968 872 2570 162 655 331
2189 2548 687 2662 741 1524 2776 428 2797 299 2269 2371 2833 2139 1982 2455 2576 2844 1278 837 2092 264 1549 352 2484 1009 2063 667 2731 1815 557 1539 1509 1159 891 1925 403 226 1619 641 1295 888 2412 879 1373 1735 317 1814 203 267 2266 262 2403 1238 2385 1807 551 1589 1291 2811 2771 991 1242 1338 1571 573 1629 1862 1863 1622 537 1122 2399 1060 600 2486 2468 795 1803 2213 2255 685 846 17 1520 867 2431 2710 1059 2727 1 1811 2100 127 90 913 234 2198 77 307
2141 621 2502 2152 1365 183 214 909 171 815 785 1661 1605 2751 1171 2567 1214 2109 22 2263 106 84 1927 941 1987 96 1139 1866 1032 189 150 2060 894 1632 2153 419 2554 1525 481 1371 1113 2623 1280 2197 2572 2401 2503 957 2841 2678 1251 1726 2831 2056 2612 45 1960 2522 2404 40 2386 2348 1084 1953 1364 959 1336 2053 1273 454 2698 1217 1680 1140 2119 1018 580 42 2406 1021 1568 1662 782 326 1317 2232 1972 43 363 1011 1635 390 2144 2687 1282 711 653 2236 2164 1974
768 1310 284 903 1908 65 848 1830 835 1512 1340 1107 1254 2388 1114 702 2601 2471 1767 990 931 502 2276 1235 2624 103 688 126 1845 578 1323 522 1608 297 684 250 1391 1720 1186 1821 1413 2314 1975 2667 968 2650 2181 2698 872 2316 1302 587 503 331 532 523 1273 1140 1896 175 2611 655 561 705 326 216 2693 2028 2597 1831 455 1972 1974 31 1465 670 2774 2715 1021 2467 1216 2017 1955 1417 28 1262 1568 1029 2764 2742 1692 464 1220 580 927 849 2500 769 2061 1011
1879 394 1906 2064 1290 631 1518 2796 2282 2049 2140 662 1613 921 451 1909 1058 1301 2596 1017 2093 1981 1604 1567 530 446 1237 2392 2357 984 1002 1119 1396 1978 908 1105 607 966 813 355 1384 1331 1554 2085 1673 942 1742 2257 243 1370 1614 2543 2782 2696 2458 660 54 2660 2262 542 710 1676 852 1853 1621 50 1893 1705 1491 2491 1739 1495 2530 345 996 337 918 1033 2600 124 2259 360 2369 487 651 1681 682 2598 523 1031 175 708 503 2803 1688 2610 261 598 1851 2328
2702 2315 1980 2685 277 767 369 211 2532 1989 1460 2496 1938 1443 1833 889 1747 2 2818 18 2663 951 770 1842 269 2510 1834 2686 2015 431 1759 2757 601 1252 2478 2772 70 2622 1320 2777 1753 2077 1165 1125 315 2302 2045 1557 2755 1548 191 1895 1472 389 2061 2236 484 655 1275 1475 225 2244 2059 1730 999 2429 758 1465 1627 161 1929 780 52 2687 1438 418 788 2232 786 331 806 2556 1831 1008 1124 467 534 471 1655 1972 769 363 1568 1787 533 295 1647 1921 625 1598
222 2218 1436 2512 1504 1911 850 2362 1305 2355 2691 2342 1638 755 2450 1736 1806 1790 1933 2645 1098 1321 2432 2156 836 1709 2071 2096 897 935 2201 2750 1052 2420 144 1044 1682 1387 99 2318 1479 1621 2587 1822 200 1143 595 1118 2126 1273 1335 533 1097 1293 1756 580 159 1755 561 1680 2557 1317 1472 2232 1704 2698 532 2687 1568 326 2061 2402 612 2715 2053 2406 1972 2017 771 2244 2236 972 2316 1275 643 1327 711 786 430 2212 1831 1655 1648 412 1050 2429 805 314 587 1475
1085 816 1903 2679 2122 177 2829 1163 477 380 73 1599 401 823 453 1628 2163 399 2074 1510 1233 1976 437 2587 760 981 461 208 595 2055 1872 99 72 2722 174 1415 2775 460 1145 172 1688 1717 2577 1241 2274 2009 1808 141 2655 164 694 1784 1404 1155 156 2636 1100 1023 2126 1089 1047 2469 2098 1160 731 612 2747 1376 1335 2594 2362 2177 2062 805 1755 2552 1715 1972 430 1756 125 2402 721 2119 2557 1923 2674 2370 1356 788 552 1248 89 2228 1018 1317 734 2774 877 1303
2479 849 1708 2191 2819 2365 2181 2500 2689 1532 2552 458 313 1896 523 120 705 152 1827 175 734 81 28 2674 1741 2283 505 1563 2099 2557 2716 238 2250 1339 2534 847 2370 587 92 2773 330 671 2597 2742 972 2119 2681 1010 2193 354 532 2228 2028 2177 1956 2527 1917 772 696 1704 1111 602 2592 2199 1746 633 2052 2809 2322 740 1332 2237 1376 1680 1873 1543 2764 261 503 1099 711 1109 1117 2610 771 1037 68 2144 890 1135 1650 968 2814 2789 1124 872 649 1302 533 1852
1730 1929 2806 2285 295 1275 2687 268 1843 1875 495 1039 131 452 2565 1941 504 1500 290 33 220 89 2765 389 2634 2531 840 2343 1024 467 1378 758 2301 449 241 2407 464 1706 1503 1022 108 1008 822 1655 1124 752 927 2236 2557 1475 344 363 999 2505 2465 753 1037 2398 1831 1789 628 1021 1662 655 1912 484 125 786 2611 1220 936 2429 2142 2059 1917 2053 788 726 129 501 1335 478 2062 2137 402 471 1932 2632 456 1062 1281 314 346 1472 138 324 1813 1026 252 2228
101 364 2381 1900 215 436 737 341 2040 251 989 1427 2540 803 1451 293 2504 1106 2644 1559 572 1898 545 395 1389 2546 1115 1300 766 328 2238 2114 1230 962 1361 789 1683 1798 529 646 1394 2113 1801 1883 2277 1093 2066 2178 374 407 1951 2242 1175 2000 1306 2759 1213 589 1334 2054 2579 658 304 2787 727 2323 581 485 240 1257 1786 483 1353 2288 1971 2072 898 1357 714 1558 1207 39 1818 1561 614 1180 1928 926 2281 1137 252 1026 2632 1048 782 430 1087 1972 2784 1018
2741 899 2135 137 1212 116 1606 1463 204 1935 97 1134 2842 246 2511 1547 2041 1067 2305 2766 2068 722 2665 1056 2558 725 79 2580 2294 1944 1868 140 1055 657 447 1777 2708 2057 1452 494 1185 2435 1899 574 2291 2248 2813 1076 526 864 1473 1464 686 994 2319 2625 274 2286 2419 559 1874 790 1956 2382 1771 1937 608 1870 1725 553 2499 197 1274 1275 2028 1708 655 1715 271 2728 2825 2440 68 508 26 647 2037 1092 2454 1677 1335 1892 440 2250 2681 1127 51 1831 598 1998
2252 1470 2065 2682 2328 2491 982 1651 1977 1063 1179 887 952 1791 1583 2310 919 1578 1211 118 1851 1354 916 2778 567 1769 639 1579 945 2042 2792 841 1531 748 819 2647 808 1920 1667 998 763 2379 1585 227 2225 2729 9 515 930 114 1657 928 2575 1770 517 1854 382 2723 778 1970 2711 7 1368 2349 1271 311 2559 528 2416 2488 512 1367 975 2618 2459 1239 875 151 1210 2097 2658 492 1154 579 25 1209 1566 2026 513 1208 390 532 1092 671 503 2028 977 2793 1376 2597
2548 2189 2662 687 741 2844 837 2797 2455 2139 299 2092 2833 1524 2371 2269 1982 428 1009 2484 2731 264 2776 2063 2576 352 667 1815 1549 1539 557 1925 1159 1619 1814 1735 1278 879 1589 267 203 551 1373 403 1238 2412 641 317 891 1295 1291 888 2385 262 226 2403 77 2771 1509 1043 857 2198 1350 2486 2215 573 1122 1776 1807 342 158 1863 1792 1622 1571 1930 991 1086 2399 1629 1457 1338 2431 795 2206 2590 1887 1862 234 2039 2213 1551 2739 2255 1816 600 2100 421 2332 2694
2063 2844 2731 2484 837 264 741 2455 1009 1814 2092 1159 403 2833 352 1815 2797 2139 2269 2371 299 1589 2576 1122 428 1539 2189 2776 2138 1549 1735 1982 537 1571 2403 667 557 2215 1925 2100 913 1619 573 2486 879 2412 846 891 1242 687 17 203 642 1862 2385 1863 795 641 342 1622 1373 2771 317 226 1349 262 2338 600 1816 888 2431 1338 2255 991 1366 2226 2811 2524 551 1520 2399 1295 961 2834 1025 1807 1060 2727 867 2158 234 2529 1 969 1524 2339 1101 577 2635 2633
2043 650 2816 2666 2171 1153 2810 411 475 807 2346 1916 1603 1723 1891 1541 956 820 1188 829 922 334 1456 1761 750 1570 1697 1882 1260 2387 1284 759 1865 123 546 122 468 285 1858 2643 2167 1221 582 1227 6 882 37 1702 1524 2268 2352 2255 2287 795 669 194 521 1586 497 2823 2061 2150 2241 2194 1921 2412 992 1629 1261 2556 2133 986 1083 2486 2439 770 1218 1338 2707 2840 2261 1972 448 1278 1253 203 721 1438 471 961 533 902 2402 780 534 2298 936 2399 1756 1679
1213 304 2178 2066 2113 1394 545 1389 2546 1115 1801 529 1353 2022 2277 395 1683 2644 1300 1451 2000 63 1951 1175 1798 727 658 589 1334 962 572 1306 1230 2323 1333 803 1361 485 2054 1883 374 898 1559 101 1019 215 714 737 1558 436 1106 1928 2409 2504 2072 614 1900 1166 364 251 240 117 2114 341 2040 1561 2759 1184 989 1502 2179 1087 1137 1738 2579 1979 789 2768 2203 1207 1922 1427 895 581 2242 2303 1641 2784 93 1198 293 2521 510 2245 420 2494 1423 907 39 2381
671 532 1532 1339 2028 734 2099 152 1956 2479 1708 1896 458 313 2500 2819 1563 28 847 1704 505 2674 849 2191 696 1741 2283 330 238 2250 1827 523 120 175 705 2742 2181 2557 2597 354 2365 2552 2773 2534 2689 81 587 972 92 261 1010 2370 2193 2177 2716 772 1117 2681 2119 1746 2228 1302 503 1917 1376 670 711 2527 1974 1111 2592 602 2199 1680 633 2812 2052 2322 872 1461 1335 740 68 1332 2343 2764 2144 2237 1297 1543 1327 2212 1873 1240 2814 2774 1099 968 1109 2610
2284 2018 2008 2146 1289 764 719 2551 190 1493 1577 1157 914 1534 2209 2487 723 812 1351 1128 2453 604 35 1359 539 303 58 2585 2824 1772 1204 450 212 1247 2718 2582 1997 2485 516 247 874 1915 490 1347 2603 549 256 2148 1403 153 1121 977 1600 862 1172 910 1595 1092 276 2312 978 1414 615 2610 2099 1148 2742 1878 674 1441 1302 2716 2670 524 2012 987 33 233 1924 200 1715 2316 618 2606 1135 1941 2397 2424 2010 2035 168 2597 1650 1708 2396 1781 449 2819 904 849
1353 304 1394 2178 2066 1213 2113 1801 545 1883 2277 529 2784 240 395 1300 483 1389 789 1683 2546 2644 1115 2022 1230 572 2000 1451 1361 2579 1593 2504 962 1559 2054 374 2759 63 1106 803 658 251 1798 727 1175 1951 1334 2114 589 989 2323 1306 1333 101 2040 1427 341 364 581 2381 1900 766 2238 215 1561 328 2540 436 646 737 485 1971 1184 39 824 2288 1019 293 117 2547 1898 1502 1257 1786 2179 2768 2656 252 1357 430 1476 22 2203 596 2787 576 274 1743 2242 2279
2767 2836 2130 712 2011 2837 1328 645 1045 1782 445 1649 169 2707 947 1663 1623 1679 1444 1054 2050 440 1617 735 179 2840 1993 1422 123 1253 1029 1710 1640 900 550 2631 134 1261 319 2287 882 2241 1381 1544 1552 2439 1860 1658 197 932 1489 372 1701 2482 2150 860 518 1417 1788 2133 2088 463 1255 1486 260 1218 1437 2289 1840 965 2628 1895 2650 992 194 2046 563 2588 2352 2375 1051 1369 1636 1775 1148 2714 497 2454 433 173 161 724 1878 231 2316 155 480 1917 1416 1307
2191 1896 2819 849 458 313 1708 152 734 2674 1741 2099 2500 1532 1339 2479 2283 847 1827 120 175 2181 523 330 2557 2597 671 505 2552 1563 2742 2773 28 587 2365 705 2689 238 2250 354 81 2534 2370 92 532 2716 2028 2681 972 1956 696 1010 1704 2177 2119 2193 1917 2199 772 2228 2527 1111 2592 602 1746 633 2052 1099 2610 261 2322 2809 1376 1680 1332 740 2237 1873 1543 1650 2814 2764 1135 503 711 1117 2789 771 1037 649 1109 890 1124 552 1297 1156 1021 1101 1335 872
2317 1447 16 44 1469 376 1483 1057 2249 2785 761 1749 1914 1449 1183 1672 1631 291 2437 1990 1836 2700 1476 88 2555 2202 2745 1727 2058 676 2111 95 1856 824 104 834 2547 1178 2523 1713 576 1224 596 783 2441 683 1838 1620 1073 2190 1116 603 1732 96 1277 894 47 1032 2275 1425 269 34 1678 1927 1632 1714 2422 2554 1450 1147 83 2153 830 132 2194 115 1176 762 2518 419 2180 217 1044 1286 1103 2167 1304 2427 2261 106 949 60 2136 644 189 1995 1598 625 679 1865
1896 2191 2819 734 313 458 849 2500 1708 2674 2099 1741 2283 152 1532 1827 2479 847 1339 120 175 523 2181 1563 505 2557 2552 330 2597 28 671 2773 2742 705 238 2250 2689 2365 587 2716 2534 81 354 2370 92 532 2028 2681 972 1010 2119 696 1956 2177 1704 2193 2199 1917 2527 2228 772 1746 1111 2592 602 2809 2052 1099 633 261 2610 1376 1873 2814 2322 740 2237 1332 1650 1135 2764 1117 1680 1543 2789 771 1037 649 890 1124 503 872 552 1109 711 1156 507 2144 68 533
485 1175 1306 727 1951 589 658 1334 1798 2323 962 1230 1361 572 2054 2787 395 2644 529 2546 1115 2277 545 1451 1683 1389 646 2066 2113 1801 1213 1394 2178 1300 1559 304 2000 803 426 2759 853 1597 634 1197 2579 374 2430 24 2540 2143 1689 2024 293 1427 789 251 581 1561 1106 1928 714 101 1900 2409 1166 898 436 215 2072 1558 364 2381 2040 895 93 240 2022 737 614 1207 148 1333 2521 1590 1137 1397 1883 2242 2504 2656 1738 420 483 1488 2638 2179 2768 2114 594 510
2164 239 2091 1781 2794 2531 654 1787 525 2025 245 1127 2396 383 49 2173 2669 2280 139 838 209 1356 192 408 1141 2311 1282 296 2070 356 1168 1299 225 1780 61 207 1875 1274 1435 1248 1505 1024 27 625 679 344 131 268 1503 1843 1598 495 1240 113 449 2285 822 2279 2565 290 1011 252 1941 858 2137 33 1924 1500 1021 452 1961 1506 1039 1612 1918 2142 1140 455 1216 1262 2316 2017 241 618 2765 200 1917 1829 216 653 471 2693 799 1124 2053 1789 1303 89 1730 1037
2640 569 2808 2090 988 193 121 2795 2335 1329 729 1764 2570 2839 1337 1266 1910 2083 1952 2629 2578 2798 1429 377 1399 828 2038 2428 2539 1249 865 933 2671 672 2828 358 2602 640 1374 1668 1268 536 2520 680 2210 2221 1070 13 2031 2120 1272 964 56 1588 1132 323 1793 2032 1189 1038 2421 1118 2279 370 1240 1955 2265 1037 2513 1475 159 1143 580 1275 561 1822 1314 1949 2770 1929 1635 2236 2406 698 220 1065 1182 412 1117 2053 1829 1789 1124 2137 1293 655 1967 1303 1774 927
1113 474 2507 1144 281 104 907 396 2677 1757 1487 1183 953 882 2627 2245 1477 454 1471 1979 482 481 941 629 1866 1371 543 1334 909 2688 2841 351 647 1641 944 1225 2498 2823 423 244 1954 214 2502 275 1184 1139 1501 2179 1018 2683 2141 2291 270 2503 444 1964 2195 125 84 2359 574 1654 1185 2323 1395 2154 948 782 1874 1423 2526 2494 624 1365 2030 721 1972 2091 274 2720 1899 2402 138 387 1472 1802 1283 526 608 1433 939 1591 915 957 1882 146 2639 2115 2807 1902
2045 2755 2023 1584 258 747 1320 2496 1443 1833 2161 770 1938 1747 889 2686 326 2061 31 1972 159 580 2144 2402 1921 1293 1635 1647 1756 2075 721 653 1317 2715 1829 1967 1097 655 89 1974 553 331 2119 1029 2177 2693 390 523 1755 670 2232 2316 2062 533 1187 503 805 2236 654 1302 1568 430 771 1335 1303 1822 1789 561 2774 968 1011 1395 1715 2028 2053 68 1781 2611 175 504 1143 1050 1708 1780 1274 1140 27 478 2789 532 2770 455 471 1356 1831 61 1438 525 799 1475
2323 1334 1798 485 1175 962 1951 1306 727 589 658 1230 572 529 2644 395 2277 1361 2787 1683 1801 2546 2054 1115 1197 853 634 1389 2759 646 1597 426 1561 1689 2579 581 2143 2000 2430 374 24 1300 1451 1928 1166 803 2409 2024 1559 895 2242 545 1137 2245 93 676 1397 1590 148 2072 1394 1558 714 1738 378 614 1346 420 2494 1594 2656 304 898 1195 1207 2677 1641 2178 2540 2129 1213 2542 1646 2768 2521 2066 1869 1502 594 2179 1488 1938 1113 960 510 339 117 953 1922 2203
1742 966 2458 1384 1495 243 1554 1370 1396 1105 355 813 607 2257 1614 1673 2696 530 1331 1002 1604 908 446 1301 1237 2049 1567 2600 1705 1681 1017 487 1981 2660 942 337 2085 1058 2543 451 2140 2093 320 2369 1893 50 984 54 2782 710 1031 542 921 1287 1739 1853 2064 2259 360 2664 2803 1000 660 1565 1695 1290 1978 1906 975 1508 394 2452 175 2843 662 144 711 2282 1676 523 2598 2394 7 2500 2597 2193 1896 1879 503 2283 460 847 2436 1929 561 2460 2181 1741 675 2228
2141 621 183 2502 2152 171 1365 214 785 815 909 1605 106 1927 84 2263 1866 1171 941 1661 2751 2567 1139 2401 189 1032 22 96 2060 1987 1113 1214 959 894 2554 2612 1632 45 419 2841 2153 2197 1251 2503 2109 2522 2056 1217 1364 2831 309 481 2182 150 2760 1336 2608 1013 506 2348 1953 236 856 1315 1371 1064 2160 762 333 1525 861 1280 2705 2079 1458 2116 1004 2623 1960 454 957 1283 75 1286 270 2497 2737 2030 1757 565 2591 1844 1343 949 1144 2112 60 851 1108 198
2362 1911 1387 1682 2318 144 1479 1200 2512 2420 2691 320 850 222 2218 2355 1436 1504 1305 1790 2156 99 1098 836 2096 1321 897 1933 2645 1052 1638 2432 935 2342 1709 1806 1736 2071 755 2450 2750 2201 1621 1044 2446 2642 2452 2537 666 599 1972 2812 532 1956 2028 2402 721 2500 796 1327 2212 2061 533 671 1974 200 2099 2232 2774 2137 331 1895 561 1917 2316 1395 258 1568 1647 822 1921 296 464 2689 525 1302 653 1896 61 412 618 290 1941 120 1781 655 1655 1253 1187 1317
569 193 2090 988 121 1189 2032 370 56 2047 1065 323 680 955 2415 1521 500 332 340 571 2568 2629 2798 2217 839 729 1793 711 390 1635 2597 503 580 1050 698 2773 653 838 2814 2693 1827 2742 1967 2640 2539 2280 159 31 972 1680 1317 2119 209 2610 2199 847 2053 2406 1461 314 772 2236 507 354 734 1335 2283 1746 1099 587 1395 175 261 2091 1896 125 139 235 1293 1715 2228 27 1741 2164 1475 1097 326 523 2370 1917 2598 427 1302 2059 356 2061 408 2716 120 1662
454 167 2030 20 2726 2162 1744 2791 2573 275 1284 1865 1425 2268 1205 298 122 2303 2118 1456 2623 2706 2222 1884 980 1198 2823 23 1882 690 448 1285 38 1570 973 2313 1610 37 411 1537 117 327 1015 1199 1188 922 1591 1995 2468 1084 586 1763 396 1858 1080 1082 1090 40 459 1502 1308 1659 468 443 1697 1371 1232 115 1979 2627 1687 2203 1738 669 851 205 2167 265 423 1525 1184 956 2168 510 476 661 1227 1214 1641 2153 189 546 2060 629 2749 2128 22 281 2109 2346
1810 2509 202 1075 1001 2121 2350 2583 1012 249 67 1406 627 1944 1055 494 2708 2728 31 2435 1127 1780 2291 2057 1274 1924 316 2144 653 725 963 726 1216 1029 553 326 2693 670 61 1874 367 1099 331 2628 235 390 1051 1223 2770 999 1475 2236 1725 2486 1822 580 192 1472 1050 471 1438 655 657 1273 27 2279 68 2294 1441 2698 1024 1187 2316 216 200 1635 1584 1692 344 1967 162 574 618 1899 1182 677 207 1356 159 2070 165 771 890 314 209 1781 1435 1961 1829 2406
196 353 776 98 2474 585 1643 1625 2067 1864 1819 2353 2081 910 869 2462 2334 2103 2361 1042 701 1402 1963 809 381 2256 2027 781 69 233 871 1600 2643 2491 276 285 1973 1697 582 546 1702 759 2264 1188 1977 2803 2749 1221 2328 1260 1179 1227 2261 1791 620 2792 160 2740 476 922 956 945 1 1565 2346 758 2611 1583 1083 391 1916 154 2501 1934 643 2119 389 2365 2171 936 1421 2399 505 1667 1508 732 2467 1456 1063 411 175 2482 475 2044 2690 2716 2460 1612 1692 1472
979 2227 2786 2668 2108 176 1393 2743 1562 1033 2333 432 2029 1686 597 554 340 555 1418 417 886 1890 571 332 429 1888 868 1065 1492 802 142 62 2078 1268 289 1398 2451 878 361 1053 1431 866 681 2384 78 36 199 536 1588 302 21 1132 1886 1256 2117 893 733 292 743 1430 1553 1699 680 121 2423 2640 2808 1118 2090 1499 1952 1266 2406 1774 1303 500 805 1756 1635 1050 2279 1829 1755 27 390 1317 1037 1967 580 988 31 1143 159 1715 1648 655 412 1822 1475 2322
1870 2769 925 26 2454 2649 348 1369 2538 2714 480 663 550 518 1422 179 2588 2556 2638 463 735 2130 1788 1417 197 2289 1489 2375 1701 1710 433 860 2840 1029 2650 134 1617 2050 2631 769 440 2011 445 161 1045 563 2133 1782 720 2123 712 2836 1649 645 1054 2482 2707 1859 2544 1552 1640 2632 259 1543 1663 2837 2826 2767 421 2241 1048 1895 1328 2419 169 1776 1453 1665 635 367 628 900 1026 704 478 51 1146 782 1873 1092 194 1756 2574 77 1381 1623 471 805 402 1274
403 1159 1815 2063 2484 837 264 2844 1009 2455 2138 2731 352 741 2092 2797 1814 2833 2139 2269 2371 537 2576 1539 299 1122 2189 2776 428 1589 1735 1549 1571 1982 2403 557 2215 573 913 2100 667 846 2486 17 642 1349 1925 1619 2412 879 2811 317 1622 203 2473 795 1338 1060 600 1862 2338 961 1242 226 891 2255 2339 2226 687 1520 2431 2385 641 2399 1863 342 1828 234 262 1373 1025 2771 1 577 888 685 1101 1816 1572 2614 867 991 2175 1618 2727 2834 307 2266 969 1295
1575 210 746 2229 2456 2418 1580 570 1930 1034 1792 1392 280 1234 2461 2174 1861 1665 294 57 1724 793 2004 2186 1276 1072 1859 689 704 1664 1758 2125 2838 493 133 2330 2374 2327 421 1279 548 1375 77 1030 720 1358 1765 422 2694 2123 797 1348 1776 756 2662 366 884 2155 2548 859 976 1716 1887 185 1292 1551 1947 2039 242 228 2332 2590 158 1193 656 934 1576 857 2581 287 885 1457 1350 1857 263 438 801 1522 170 1043 82 2739 706 2356 2659 1377 1229 1877 1542 2127
2517 1373 2771 888 1295 1807 1863 641 262 991 2385 879 1925 1619 667 1982 1509 2619 557 551 226 2363 1215 2460 2266 687 1524 1270 2529 1242 143 386 718 1440 2468 2776 1267 299 1939 428 2371 1735 1514 1291 1238 267 697 1694 1445 1129 2298 958 787 1549 30 2271 810 2616 2185 2801 71 1816 2584 638 2104 1411 2481 2710 1684 2444 1803 2139 414 2431 1294 1446 665 1258 2833 796 2269 1811 2524 2092 273 2576 2731 1355 1167 1059 741 2797 127 2246 2189 1629 1112 1862 203 1360
1385 1007 1779 406 1526 2145 2516 1871 1992 1511 1442 2102 2763 773 1969 1894 519 1325 1138 1645 1731 1527 2377 2613 1800 742 288 257 535 2609 821 1707 1455 811 1068 112 2843 1419 2290 2730 365 2680 301 1311 410 435 544 1783 605 1040 1110 749 870 2341 881 678 1968 855 1670 709 1581 1516 186 2560 800 2830 1309 2788 2219 1020 1850 610 1379 1573 730 2549 1466 1079 2364 338 593 1966 253 2005 774 2243 248 1794 673 2151 1498 434 1913 1243 538 2492 2095 1174 336 2196
1298 2542 617 2242 407 1561 949 783 1434 940 1346 1343 1631 540 2737 1093 1004 1535 1019 2112 182 766 1773 1693 63 832 310 1103 328 2238 2827 1333 499 1999 2022 983 1161 2441 1513 2129 1898 1712 75 1760 291 2190 1847 2656 1743 2000 2504 1087 1795 695 1593 2202 2745 1856 777 1176 1590 1091 2149 689 149 1914 1785 1996 341 2454 1846 2785 2649 2489 480 925 93 2769 462 348 2040 26 60 2111 1758 1870 2497 2538 1369 179 2374 198 2759 2016 95 2714 751 550 1665 1228
2077 2478 2772 1125 1753 2777 70 2561 2510 431 1035 2161 1759 2757 1839 18 1834 315 951 601 2622 1842 1165 2015 1557 1390 1252 2302 2818 2 2663 191 2685 1980 2315 1938 767 2667 161 277 1895 533 2471 769 2279 284 860 1235 578 2482 430 655 1475 502 999 2236 2228 788 770 1335 484 1008 2061 1026 2702 1829 1248 848 1303 768 2130 2632 1788 553 2755 1929 2624 1845 561 467 753 89 1489 990 2707 726 1701 1417 252 1830 2398 1391 108 2311 1747 1029 2181 1710 2774 628
2045 1584 2023 2755 258 747 2496 1320 770 1443 1833 2161 1029 711 2770 2774 235 1701 503 1972 31 860 1974 721 580 159 643 2061 2402 2735 1335 1746 1461 89 1829 507 1293 326 1417 523 1774 2144 1097 2610 1118 772 367 463 1018 1647 175 561 1756 1303 1143 27 1317 390 1822 1680 670 2611 1635 2715 968 1921 553 1164 1411 805 2279 782 2812 2406 125 2632 1967 1395 2597 1961 1050 430 1852 1692 1472 1182 2177 2316 1568 2119 2232 655 1755 633 734 331 2465 2505 1273 200
213 558 2408 757 1312 2295 1533 2413 135 1448 2472 184 1265 1231 1728 119 2354 2638 1478 707 2615 80 1296 1383 2430 1269 1849 1984 2533 754 2024 2172 1867 424 2320 286 1945 520 1529 2566 2756 29 2673 24 1149 2021 2390 1722 2366 232 2143 19 2014 634 2124 218 498 2464 425 426 739 1766 2404 473 1477 1689 1411 1733 2744 608 1931 853 1326 375 508 1330 388 2037 1061 994 2508 609 1994 1494 2338 2057 574 1889 864 2584 255 2580 1839 783 306 2625 642 2253 1335 1026
1127 1780 1274 654 1781 525 1505 2794 239 49 2091 2025 245 383 1787 2669 2164 27 1356 2396 209 2280 838 139 2070 1141 2173 1168 2531 1299 408 192 2311 1240 296 61 225 1282 207 356 1555 113 1725 598 1435 368 1248 1439 2183 2137 2499 444 531 344 1598 679 2051 1961 625 1011 2359 822 449 1924 799 2693 653 858 2279 508 1024 526 608 274 252 1503 1875 261 423 864 1088 200 994 618 2017 290 2316 1021 31 131 2232 1755 455 1050 390 2715 1635 33 1568 314
1349 913 969 234 2215 1572 2731 1589 2138 1735 2063 1539 1814 2834 1159 1618 741 2339 403 2635 352 1009 1122 1815 2844 697 837 1520 1540 1615 2340 2484 223 2158 2524 892 264 2455 46 537 2399 1571 2226 2092 2338 511 349 2403 2727 1 2776 2797 2139 1242 2833 2189 2269 2576 299 2371 1025 428 17 2175 846 1409 2100 1549 573 1994 642 1095 1982 2253 2223 203 1698 600 667 2486 307 557 718 961 195 2104 1514 2783 685 1925 2529 317 1619 879 1622 273 795 891 2473 2412
1865 1284 122 1456 1188 1610 411 2118 1884 980 1015 2313 1285 298 448 37 1858 973 468 922 454 1537 2268 229 629 1763 1227 1570 2706 1260 690 2194 1199 2261 1560 1082 1153 476 2167 669 459 586 1697 1308 1090 829 1761 2677 2030 807 281 167 2823 759 1080 661 475 20 396 546 1723 443 2643 1425 285 1221 1916 2346 6 1891 582 2726 2816 2666 23 2043 650 2627 1702 2162 2810 2476 2425 2171 275 2387 334 1844 820 2168 2791 1083 732 1603 1541 1568 481 1006 758 2232
1083 1702 732 2643 546 582 6 285 1221 759 620 1260 181 1797 922 807 1858 1697 468 1188 2313 2194 2261 2476 1227 2807 1318 229 1865 1456 2048 1768 1570 411 2043 1380 2425 1284 636 2171 2816 1882 122 2167 476 475 669 2666 2810 661 1560 2346 1916 2268 1153 298 37 2278 650 1723 1536 829 1761 2168 448 1891 2118 387 980 758 936 389 1884 418 644 1438 42 1610 1481 471 1763 2690 455 363 2688 2467 2611 2188 1662 1018 1568 2687 2749 1603 1216 1124 643 780 1692 2429
2210 640 2520 13 1272 2428 2671 377 1429 2083 2798 1910 1949 1754 2539 1038 2629 2421 2578 729 1041 1337 828 2335 2640 323 2221 1764 2570 2120 2031 1070 2808 1329 2038 672 1399 698 964 358 2828 2839 1249 56 933 2795 865 2602 1668 1374 1266 1952 2032 2047 1189 955 370 1049 580 31 2053 1118 2343 27 326 159 1187 2236 1143 1274 1245 2232 1124 1037 2406 1822 1127 1011 1475 1568 1240 1635 1273 2715 838 331 390 1327 2212 1140 1050 209 1967 295 1262 1647 670 455 655 2513
2794 2164 1781 239 2091 2531 654 1787 525 2025 245 2396 383 2173 49 2669 1127 2280 139 838 209 1356 192 1141 408 2311 2070 356 296 1282 1168 1299 225 1780 61 207 1274 1435 1248 1505 27 1875 625 679 1598 1024 344 1240 113 2279 131 1503 1011 268 1924 858 2137 1843 822 495 252 449 2285 1961 290 2565 33 1021 1941 1500 452 2316 2017 618 1506 200 2142 455 241 1612 2765 1216 653 1918 1039 1262 2693 799 1124 1789 2053 216 1140 471 1917 261 533 1037 1273 2698
1906 1879 394 2064 1290 1518 631 2282 2596 662 2392 1613 1909 2796 2140 921 2357 984 1119 451 1058 2049 1978 1017 1981 1567 1301 1604 1237 1002 530 2262 2093 446 908 1621 852 2085 942 1676 1718 1331 2543 708 124 355 918 700 1396 1105 996 2530 660 1491 651 813 527 1554 237 157 1673 1587 591 2675 1155 2781 345 2131 616 1614 2692 1812 2257 716 1215 1181 243 1828 2045 1808 2274 2782 1988 1564 2134 2023 2205 833 1584 2208 172 41 2835 912 1258 186 1485 606 1938 742
1710 1993 900 1489 1701 860 1417 197 2767 1045 712 1788 1617 2050 2836 2130 440 1782 735 1029 645 179 1422 445 2840 2011 2631 463 2482 550 134 319 1328 947 1663 2837 1054 2707 1444 1679 1649 1437 1486 2133 1552 1253 169 1623 2375 2088 260 1640 2241 2289 2650 1860 932 433 1381 1658 563 1544 2826 1261 2439 1895 1208 2287 2076 1307 906 674 965 559 518 2419 2714 1148 1369 1878 769 925 2652 2544 2454 480 259 1123 1870 2649 348 173 1983 978 2769 1218 1468 26 1428 231
1865 2313 454 1284 1858 1456 122 468 1188 1227 1610 2118 1884 298 922 980 2194 411 1015 1260 2261 1285 2823 448 2726 229 167 2162 2030 20 973 807 1744 629 1537 1560 2643 759 1199 669 37 476 1702 281 6 1697 582 285 1570 546 1221 1761 2677 1797 829 181 2476 620 661 732 1083 1153 396 690 2268 2706 1425 2627 1768 2425 1080 2048 2222 23 1084 2168 481 40 2791 744 244 275 592 1882 2167 1139 2115 1763 1723 1844 2807 1082 1556 1696 815 2387 650 1891 1171 2666
1870 26 2454 348 2649 2538 925 2769 1369 480 2714 663 1788 550 1417 2289 2650 860 1701 1489 2375 433 518 197 1710 1422 2482 1029 463 179 769 161 1895 2556 2588 173 134 2840 735 2638 2130 2050 1993 445 1617 965 1253 440 1045 712 2631 1782 2836 2161 900 645 2011 2767 563 2287 2133 259 2544 1775 2735 1640 231 168 2826 1437 1307 1148 1552 2837 1627 2076 2088 331 1692 782 643 31 2082 2439 1799 1097 655 2632 326 1274 1018 489 1273 169 159 606 1328 1381 670 653
312 987 635 2832 1405 1146 4 85 2300 1102 221 943 1407 2790 1926 547 556 2270 2082 817 1752 1656 1737 1386 1545 1202 2817 626 2501 1934 950 2411 59 283 826 2044 2389 2367 188 2528 1624 1644 1319 611 2069 1799 613 1422 2397 266 550 2556 2419 2714 518 2148 2606 1870 925 480 2312 1369 259 978 659 2826 2477 712 2454 1468 2574 440 2200 1840 26 348 2769 559 1092 2652 1190 2544 2649 735 2424 463 606 977 1148 1437 1617 1782 2836 1552 2515 900 1307 970 1983 563
1153 411 1456 1284 829 1227 1188 476 2261 669 1865 2194 2666 661 448 1761 922 650 1044 807 229 2313 1858 2816 2043 2168 122 468 2823 475 2171 2346 1260 2810 1697 1916 1891 1723 2468 1570 37 820 1603 2387 1560 123 1610 2167 2118 1015 759 1763 1884 980 1090 454 2268 986 521 637 644 882 83 2712 1380 334 459 1541 2425 546 586 1285 1844 2643 2308 42 1308 956 1286 2197 285 1082 1919 2089 298 443 2427 2476 2509 939 1425 2706 2166 1882 396 2648 255 973 2486 1852
1710 1993 900 1489 1701 2767 860 1417 197 1045 712 1617 1788 2050 2836 440 2130 645 1782 445 1029 735 2840 179 1422 2011 2631 550 2482 134 463 319 1328 2707 1054 1679 947 1663 2837 1444 1623 1253 1649 1552 1437 169 1486 2133 2375 2088 1640 260 2241 932 2289 2650 1860 1381 1658 1544 433 2439 1261 563 2826 1895 2287 1208 2076 1307 906 518 674 965 559 2714 2419 1369 1148 1878 2652 2454 2544 925 259 480 769 1218 1123 348 173 1870 2649 1983 1468 2769 978 26 1428 51
2843 257 2516 1526 2145 1779 406 1511 1442 1385 1007 1871 1325 1707 2377 1527 1992 1731 1138 1969 1894 519 2613 2102 742 1800 1645 773 2763 535 821 2609 1068 1455 749 288 112 811 1079 730 410 2290 1110 2730 1466 338 709 1379 2788 1670 544 2341 2549 1516 365 2219 1243 2299 1783 1311 2364 1131 678 1794 855 186 1005 1968 435 253 336 1174 1498 2746 937 538 2005 2151 593 301 2680 870 2560 1040 1020 1581 2006 1309 881 1913 1850 434 2492 2830 774 610 673 1094 2417 2251
2518 1120 1678 2136 1244 1147 393 1073 1450 830 1732 2275 603 863 1620 1646 339 751 676 777 441 1523 845 2630 2395 373 1626 2752 2297 2360 1357 230 321 2347 1014 1467 371 818 469 2368 1116 1028 2326 2422 1178 1609 2695 1832 1195 1372 1016 1278 1996 1192 2523 2802 2192 2345 2621 1690 1809 187 902 1594 1959 2233 231 2240 2020 590 2159 736 2684 2714 1438 331 471 2605 462 457 2033 1180 2254 1224 999 1734 1008 1714 2538 742 363 207 2239 1124 2429 2653 1410 484 563 279
2478 2772 2077 1125 1753 2777 70 2561 2510 431 1035 1759 2161 2757 1834 1839 18 315 2622 1557 1390 1165 951 1842 2015 2302 1252 601 2818 2 191 2663 1980 2685 2315 2667 1938 2702 161 2755 430 655 89 1747 2061 770 2279 1335 1303 999 848 1029 1008 860 788 1895 767 2228 1829 533 252 1026 484 2023 1475 1788 467 1248 1972 753 2236 108 1701 726 2398 1022 889 2632 2482 628 1912 1039 769 1378 1489 721 1845 2402 1220 2311 1435 125 277 2301 2059 625 2289 2144 1833 553
1721 12 1473 2809 1876 1029 770 1895 2062 637 2657 1335 2774 2735 1564 1972 255 430 89 2402 2061 1725 261 523 1812 721 1829 1303 2075 1756 1330 2594 1293 655 1655 1921 608 1026 1746 444 1932 125 1789 2023 1472 326 1647 2057 2465 2505 805 504 494 140 173 501 1317 175 331 368 769 651 159 2716 2236 503 1831 2812 1097 1018 1755 2597 682 1187 1062 1339 927 2119 1837 1182 1011 788 1406 1775 1706 616 2279 31 220 2291 464 1967 2557 670 1475 390 2632 456 696 1974
2045 2755 2023 1584 258 747 1320 2496 1443 1833 770 2161 1938 889 1747 2686 2075 326 31 2061 580 1972 159 1921 1756 1635 2144 655 1317 1647 2402 1293 1967 653 331 2715 1187 721 2119 533 670 553 390 2236 1974 654 1755 1097 2232 2693 504 2316 1302 1708 1829 805 430 89 2028 1011 1715 2062 68 1438 220 1568 471 2053 1822 503 192 2343 61 455 771 1789 2177 2025 523 225 1274 1781 27 532 1780 561 478 1050 2611 356 999 1303 799 1140 1356 402 1395 200 1143 1240
1946 416 2394 883 1778 105 11 664 2697 2452 2843 749 1133 937 1247 673 1347 648 1002 2417 2196 2110 434 490 717 301 519 1966 1495 605 966 257 144 1454 2331 516 2144 1040 355 553 771 68 1424 2716 1731 593 248 2549 632 678 2353 507 175 705 2773 256 1896 872 2789 94 2250 2500 1314 392 2365 1271 1968 2689 443 2819 1936 2610 849 1117 1419 2177 2552 2181 2527 162 1563 2560 2479 972 2764 533 874 200 33 1873 523 2341 1955 1917 2597 2681 1600 1941 2265 235
646 2540 2787 1361 1427 2644 572 293 1230 962 1451 1798 395 1951 1306 1175 589 2054 658 1334 1559 251 2323 727 485 529 1106 2381 2000 101 215 436 803 1900 737 364 1115 2546 545 2040 341 1300 989 1683 2277 1197 2504 714 1801 1928 2072 1558 1166 898 895 1207 1389 2409 789 93 614 1394 1137 1590 1883 2113 2114 2066 1898 1087 853 374 2178 76 1213 2759 676 240 1257 1561 1786 2579 2224 766 304 2238 483 328 1357 39 2288 1353 1971 1180 2784 581 739 2281 1818 2677
1495 2600 1705 1681 487 2543 2458 2085 337 942 1384 1742 966 607 1002 2660 1978 1370 1614 1673 243 1554 2696 320 1331 2257 1396 2262 1105 355 908 813 2369 1031 1287 1695 50 2803 1119 1893 1853 1676 1508 1528 1565 1000 54 984 1604 530 446 710 1301 1567 360 2093 852 542 2664 1981 2782 1237 1739 2259 1718 791 2357 1479 175 1519 711 2049 523 2500 2598 1827 730 1017 2773 503 747 2436 2283 847 1680 505 392 1741 660 28 2199 671 532 2193 2597 2028 144 2250 1174 313
1129 2185 1411 2584 2298 1694 1684 372 1267 1215 143 386 2529 1440 414 2517 718 2616 1939 2363 1360 2619 2271 1630 796 1445 1514 810 958 1112 787 71 2706 2801 30 2246 638 1446 1294 1270 697 1258 2481 665 1366 1816 2104 1480 2607 2633 1735 2710 1242 1373 2771 1295 557 273 2524 299 1660 2468 147 1807 1549 307 888 2139 1 1275 2505 2465 2727 1629 2100 2576 2687 758 879 1378 295 1831 2269 1520 1662 1475 430 2398 389 795 2806 484 1140 753 782 936 999 2611 643 1018
609 244 1766 2115 2464 2725 1889 2404 1696 509 1477 1616 1515 2457 5 844 2448 744 957 119 2128 1383 80 1296 1426 135 592 2413 424 2366 520 1269 558 184 1478 2566 1945 2295 232 1529 1312 2408 2354 498 1556 19 2615 1867 2390 2124 1448 218 1722 1533 2472 1265 2014 1984 466 1849 757 375 707 213 2744 1661 1733 1326 306 388 473 2508 1061 2638 2169 2351 425 163 1231 43 2222 1602 909 2109 1108 1637 150 971 2406 1335 2228 2177 1182 367 1802 286 2144 2279 1648 84
1113 281 629 1865 2627 882 396 2677 2194 2261 546 1757 582 1891 922 1723 285 1284 953 2816 1221 1456 1425 454 1763 275 1882 122 1090 411 37 586 1082 1188 820 482 661 2810 475 1018 1471 2043 1916 138 2346 650 1285 758 481 108 125 973 782 1308 2666 1612 6 2030 1502 2806 298 1395 594 2179 2611 753 2167 2505 2465 2089 1083 1144 2526 1472 2402 1972 1227 389 2404 510 721 1979 2118 501 2137 1124 2398 443 295 1761 1262 1568 1022 1015 2552 2232 628 1647 822 643
1721 12 1473 1876 2809 140 1868 1452 2580 1777 2708 1185 864 526 994 657 1899 769 508 523 1895 274 1472 68 2774 2062 2435 670 553 31 1475 608 2236 326 1725 705 2812 1708 1335 1339 2144 1831 1302 239 671 2164 655 1240 2316 580 458 1117 858 2286 2500 192 2028 1274 1655 159 331 847 175 1974 1141 28 433 532 1781 872 261 505 1187 1961 1029 860 1275 1647 1021 173 2232 654 1972 1692 313 1955 2698 245 1956 2017 152 2406 146 1780 734 2794 1356 2715 533 2053
1349 969 234 1572 913 1520 2339 1618 2399 1 2727 511 1540 2340 46 2635 1615 2215 307 2834 223 892 2338 697 2158 349 961 17 685 642 1571 846 2226 573 2100 1409 600 1994 2486 2175 2403 2253 2138 1698 2223 1095 2473 317 1622 1338 2255 1629 2412 2811 195 1101 2213 2709 90 1060 795 2372 1242 352 203 1539 1815 1862 2466 1159 577 1270 1009 537 1828 1514 2661 837 2614 2484 2783 264 2063 2524 403 718 2844 741 2455 2731 986 2092 2189 2104 2797 1814 2139 891 2529 958
2018 2284 2146 1289 719 2551 2008 764 1577 914 190 1157 1493 2209 1534 812 2487 1351 723 247 1359 1997 450 2453 35 153 1403 1128 539 2585 2824 303 604 1772 2485 2336 615 2603 825 1121 1204 1915 2582 862 1963 212 1246 2353 765 490 58 206 1247 282 2718 343 2734 1347 874 2361 2792 2550 869 2753 549 516 1595 1507 1734 1643 1190 2012 2192 778 2434 2724 585 998 1279 2574 2800 2233 2067 256 2344 2165 233 1600 675 2711 2670 808 978 2204 382 1625 1745 107 2604 630
1570 298 2706 1232 1537 973 1285 1884 980 2118 1610 690 1015 629 882 122 1080 475 23 1916 1723 2346 1891 448 2677 1284 1456 2816 285 922 1221 1188 37 2620 2171 582 546 6 1865 411 2268 650 2666 2810 807 2043 1502 1260 1697 851 1922 759 2179 468 117 1139 510 2643 1199 1858 1738 1702 1763 2303 275 454 420 2768 2203 1198 1205 1641 2494 1397 327 40 123 1083 2167 2313 2791 594 1184 2521 1687 2030 732 1591 459 620 2348 2841 1979 1960 167 2476 770 1090 2245 1082
645 1617 2011 2836 445 712 2767 1782 1045 2840 440 2130 2050 1328 2837 2707 1054 1623 1679 947 169 1663 1444 1649 735 1422 179 1029 1253 550 1640 1993 2241 1261 1381 1658 1544 2439 134 319 1710 1552 1860 932 900 518 2287 197 2631 2150 1489 1701 1788 860 123 1417 463 1218 2628 1840 2375 1636 1369 2088 2482 1486 2714 2454 480 260 2133 1870 2649 348 925 1437 26 2769 992 2538 2826 2046 2289 433 2650 497 1307 2076 563 194 965 259 2352 1051 51 1208 559 1895 663 155
2141 621 183 171 815 1365 2152 2502 909 214 785 1605 959 45 2056 84 2197 1251 1987 106 2522 941 1927 2503 2760 2182 2401 2608 1139 2263 1866 1364 236 2612 506 1064 2831 1113 96 189 2060 1032 565 894 2554 1844 481 1217 1286 1632 150 419 2705 1171 2153 1661 2751 309 2841 1458 1013 2567 762 1336 22 1214 2160 2116 1315 270 1283 398 2720 2386 856 2761 333 1953 2048 861 1525 43 1768 75 1004 1960 2188 2348 1108 1726 2109 644 971 2497 620 2562 2442 2079 2425 2591
1051 194 2352 1416 2272 1586 1218 1948 2628 2815 497 2046 992 1636 1316 1496 1897 1362 1965 1261 1381 1544 1658 2439 2241 1840 1096 2556 1986 2713 1253 201 1782 1860 518 1901 2309 1453 2376 1490 2433 1752 2836 440 2050 712 64 1640 950 1649 1663 1054 2767 2707 735 2837 645 51 1444 1045 2840 445 2011 947 1328 1679 169 663 1617 2130 305 197 563 1623 2287 1710 48 965 900 179 1584 2649 1569 2482 2133 161 1029 1422 1993 173 2632 2023 1369 2721 489 769 2774 770 155 2652
1545 626 2389 59 1202 2367 4 1737 1146 950 1799 547 826 2082 1386 2270 1752 2477 283 1319 556 613 266 2069 2300 134 312 611 1926 1407 817 85 1405 221 943 188 2832 635 987 1102 2790 2556 2375 1029 2817 197 159 463 1788 326 2312 904 580 1293 1708 2343 1097 1143 390 2011 1635 2076 1704 1715 1307 1240 1822 1956 526 433 670 2028 653 1339 1972 2836 1148 2681 31 169 860 769 259 721 1302 532 2837 1647 2767 152 1701 1117 2840 1327 2606 2212 1317 1756 1208 1118
2741 899 2135 137 1212 116 1606 204 1463 1935 97 1134 2842 2511 1547 246 2041 1056 2305 1067 2766 2068 2665 722 2558 725 2294 79 1055 1944 2728 447 2708 2057 2580 2435 2291 657 494 2207 1899 574 1874 2813 140 2825 647 2319 1777 2248 1868 1185 1076 2286 2382 1223 1452 1937 1464 686 146 1126 692 2736 274 677 804 790 2639 2683 329 1473 864 1453 994 526 2569 2393 134 608 2438 2719 1892 1555 1901 2440 2419 1592 682 1870 1639 2625 2292 271 1725 2309 1956 948 1240 168
3 1642 254 2405 2170 2490 1958 929 1745 66 652 14 2536 779 282 765 1574 1136 2434 2157 1985 1246 2336 2426 825 1633 873 276 1245 1403 516 422 1152 1758 1600 261 1799 2028 1314 2004 1003 1715 2322 2681 31 2052 1347 390 1036 2012 653 1956 632 1635 1127 330 1240 1202 872 1118 159 580 1822 2693 92 1441 1327 28 1852 1274 1414 2212 1143 1955 552 1532 2250 1708 2236 33 1117 1099 2053 2125 1475 1135 726 532 1873 53 746 1335 999 2769 2330 1563 1543 2773 26 1924
372 2767 1617 1045 712 2836 440 2130 2050 1422 735 1782 2011 445 645 179 123 2837 1029 2840 134 1328 169 1255 2707 1649 1663 1623 947 1444 2150 1679 1054 1253 882 932 550 2241 319 1993 1640 1860 1552 900 1710 2439 1261 1544 518 1381 1658 2631 1636 1788 1840 1704 2287 155 1956 326 1972 1218 1701 2482 1187 1974 2028 2289 721 1489 1961 1127 2402 580 532 1873 2017 31 1141 1376 2061 533 2316 1274 200 653 2025 1612 159 1708 33 1302 2715 670 860 1647 705 771 1317 2343
312 987 635 2832 1405 1146 4 85 2300 1102 221 943 1407 2790 547 556 1926 2270 2082 1752 817 1386 1656 1737 1545 1202 950 626 2817 59 2501 1934 2367 2411 1319 1799 2389 2044 826 283 611 188 1624 1644 2528 2069 1422 2148 2397 613 1870 2714 550 2312 2606 480 925 2556 2419 2454 259 2769 1369 1092 2544 2424 2200 2574 978 1190 606 348 518 1468 977 659 712 463 2826 26 2649 440 1148 1840 1552 1617 1437 735 2652 559 2515 900 433 1240 1339 2133 2836 2538 563 1307
1139 2263 1605 2152 1866 150 2841 1953 2348 1960 2502 1726 1525 2678 214 2623 2386 594 510 420 148 2768 1397 909 2141 1602 2179 1570 1502 1922 1084 1738 1280 2521 2203 1371 2572 181 2503 2494 620 474 732 1198 1591 1488 1113 1365 851 1979 2476 117 2060 815 106 785 1797 6 762 1364 2116 84 183 298 1723 1458 1083 189 621 1987 1080 2620 1702 2554 1400 1251 1064 1184 2303 1768 1032 2705 2048 2425 582 2677 419 1632 2831 1199 171 1380 894 96 2153 1927 1221 2791 941 481
1710 197 1993 1489 463 1701 1417 860 900 1788 1029 2375 2767 2482 2840 1422 712 1617 1045 550 2050 440 134 1437 179 1782 2836 735 2133 445 1486 2631 2130 260 2289 932 2088 319 433 645 2011 2650 2649 1369 925 1870 518 26 1552 348 1381 2241 2454 1640 1658 1895 1544 563 2439 2714 1208 1307 480 2419 2837 1328 2769 2826 2076 947 1649 169 674 1663 559 1054 659 1253 965 2652 906 1444 769 2556 2538 2707 1840 489 1983 1679 2397 663 1148 1468 1860 173 2790 1627 2084 1799
2163 1599 401 2074 453 73 477 823 380 1628 399 1233 437 1976 981 1510 760 1872 461 2587 816 595 2122 177 208 1903 2829 1085 2055 2679 99 1163 1145 1717 141 2655 2098 1023 1047 2126 2469 2747 612 731 1160 1784 72 460 172 2362 2722 164 2577 694 174 2775 156 1415 1911 2274 2009 1241 2355 1808 1682 222 2420 2636 2318 320 850 144 1688 1335 1305 2642 2645 2594 1479 2452 2724 1387 1098 1320 1790 2774 2228 2552 2307 552 1155 2344 1404 430 1376 456 1972 2735 2812 1248
757 1728 754 1231 2756 1533 2021 1149 2320 2533 29 2172 2673 286 1312 218 2472 739 1984 24 2430 1296 80 2024 634 1383 1689 135 119 2143 426 558 213 2366 2014 1597 2295 2413 184 425 2638 2260 1478 498 2124 2408 1265 1945 306 232 2508 473 853 466 375 388 1061 1326 1426 520 424 2566 2128 1719 2169 444 180 1448 2464 395 1427 91 293 2279 163 1299 1168 430 1269 2354 252 1849 1182 608 726 752 2615 858 1335 1746 1475 529 19 1829 2228 2351 531 2654 1852 274
1624 1644 2528 2411 2817 1934 2501 2044 1656 188 2790 1102 817 611 1926 1407 85 2300 1319 221 943 2832 987 1386 2082 312 2270 1405 556 547 635 1752 59 626 1202 2389 134 950 1799 1545 2367 1737 2034 2545 1796 1437 1146 197 674 2574 4 2397 2011 2419 463 900 2826 1710 1640 1782 712 1208 1552 1307 559 2836 1983 2652 1468 1029 1489 978 2358 1417 51 1422 904 1428 1369 2515 2714 2076 860 1486 445 1701 259 1569 2084 659 1313 1092 266 970 606 550 1046 2556 645 1617
1829 430 1303 2061 1647 1972 2402 721 252 412 1921 561 1395 1756 1124 1037 2053 2279 655 1317 805 331 314 1755 2236 1475 1662 726 999 1024 1050 2301 858 484 2429 2059 1140 1967 1635 390 2765 2407 2470 2693 53 799 1715 534 220 1852 1216 1612 1262 653 1008 533 1918 1503 1273 1506 2715 1568 1299 1168 31 467 2698 770 1648 806 471 2232 1187 1465 2406 1011 1275 2531 295 455 326 580 391 1278 2244 1118 780 52 1822 418 1143 159 1481 1598 2142 1655 1220 1438 786 2687
18 1834 1842 951 2015 601 1252 2818 2757 2 2663 1759 2622 315 1557 1390 1165 2302 2478 2077 2772 2777 1125 1753 2561 70 191 2510 431 2685 1980 2315 1035 2667 2161 1938 1443 1747 2702 889 1839 1833 277 770 2686 767 2755 1475 2061 2236 2023 999 1829 655 430 269 2279 484 1647 258 1972 1008 331 2402 1472 1022 726 467 2059 721 1756 2496 1921 1303 643 1018 1248 108 533 2406 2687 389 625 1275 753 1335 89 1929 1435 858 1822 1730 1317 1967 211 1050 1187 1974 252 2398
2045 2755 1584 2023 258 747 1320 2496 770 1443 1833 2161 1029 2075 1972 721 711 2402 1829 2774 1303 503 89 2061 2610 2735 1938 1746 1647 1974 2770 1335 1756 463 2812 1461 235 1921 2597 412 561 1293 507 430 31 1317 2062 2177 1018 159 523 805 326 1774 968 1961 1097 553 261 2632 2279 2144 1755 643 1118 860 580 1395 772 2789 782 618 1143 1039 125 2316 2611 27 1099 2232 200 2715 1822 2017 2814 1568 533 670 1655 1789 1048 653 655 331 367 1635 175 1701 1022 2465
1721 12 1473 2809 1876 140 1777 523 1335 553 1868 1746 503 2716 31 2236 2774 175 68 1029 655 2144 1475 2119 235 2770 711 1472 2598 580 2580 326 125 2061 670 2552 1050 1185 858 508 2181 159 2062 1972 1708 1655 1955 1852 390 2228 1461 1026 2594 671 1647 994 1182 805 331 2059 2597 28 2500 314 1680 1829 261 1831 27 2053 1692 1635 872 2370 788 734 999 430 1967 2693 864 1187 772 501 561 2250 860 1961 2557 2610 587 1932 89 1273 1037 1062 1099 633 120 2402
2309 201 2713 2433 1901 1453 1490 1860 2376 2721 1569 715 100 305 2034 51 1796 562 48 64 155 2545 439 1640 2556 2272 194 1051 2352 1416 2631 1316 1496 1948 2815 1586 1218 1636 1965 1986 2628 497 992 231 563 440 1897 2826 1096 2649 1362 645 1148 2050 1261 2130 260 445 2454 1840 197 2840 2632 1422 663 712 134 2007 2652 2538 559 782 1369 1307 168 2836 1870 2046 2714 1045 1848 2650 1018 2289 2767 2088 1381 259 1710 26 1782 1617 925 348 1275 735 1627 1048 486 2553
1139 1605 2152 2502 1866 214 2841 2348 2263 909 1570 1953 1113 1960 815 2141 1987 621 84 1365 183 420 171 785 2768 594 510 2179 1397 298 1922 1502 148 1738 941 1723 2521 1979 1602 117 2503 2494 2203 1184 6 1198 1891 1488 2346 582 1221 1525 1916 475 106 481 2303 2678 732 620 2677 285 1364 327 1591 546 2831 1726 150 1080 2620 1641 1371 1205 1251 1083 181 2623 2705 1702 851 1285 2791 2816 1032 973 2182 629 807 953 1064 1687 275 1659 474 2060 2760 2118 907 1927
2792 118 567 1791 1179 515 998 2491 919 2328 1579 1583 952 887 841 1769 1578 9 1977 1354 945 639 2647 808 1531 1920 2778 114 2065 748 1651 2252 2682 1063 1770 1470 1854 819 2711 382 778 1667 517 975 7 1851 1585 1970 2729 930 227 2379 916 1657 982 2575 928 1271 763 2723 1211 2097 1528 151 2310 2459 923 2042 2225 2304 492 2793 2488 1367 2618 1154 2559 2416 1368 2349 381 579 781 1239 1402 2026 512 1643 528 25 311 776 2334 566 513 503 910 633 904 875
213 558 2295 2413 1448 1478 135 1265 184 2615 2408 2638 2472 119 707 1296 80 1383 1849 2354 424 1867 1722 1269 1984 2390 1312 1945 2566 232 1529 520 218 19 1533 2744 1733 2024 2143 2430 24 757 426 634 1689 1728 739 1597 91 2673 2756 286 2021 754 2320 2533 2172 1231 2260 1149 2014 2366 29 1719 967 853 425 1228 2124 1847 1785 499 1513 1326 498 1161 388 1870 375 1182 1822 1839 367 1766 746 1335 1061 1118 2177 2279 1409 2561 1776 514 1274 609 1293 1543 430 89
113 1505 27 2137 1248 822 1274 1961 1127 1780 2311 1435 1356 625 679 1598 449 1021 2017 2316 200 525 131 618 1168 1299 383 654 1781 1240 2070 1503 49 239 2091 2164 252 1141 245 209 139 838 408 2794 858 356 2280 799 2173 2531 1262 296 1282 455 344 495 2669 1875 2396 2232 1500 1011 268 1568 2025 1843 2693 653 61 207 2715 1787 533 192 1187 33 2406 290 1648 1273 1612 1941 2142 31 1024 2698 225 1873 2279 2565 1755 241 580 326 331 1715 2285 138 1967 1635
1515 844 5 509 2457 1889 2725 2404 2464 1766 744 609 244 2115 1696 957 1616 2448 2128 1556 1326 2366 375 2124 2014 388 1426 473 498 466 1061 425 1477 2351 163 1637 306 592 2508 2169 1661 2222 232 1945 119 43 752 520 1296 19 1383 80 1602 42 424 2566 1108 1269 2188 2390 2442 2354 1529 1733 644 270 2109 22 2168 565 1797 1596 1744 1478 2476 1849 757 2408 2468 2720 1411 2744 707 2425 2760 2048 2278 1722 1953 2182 2279 448 135 2572 2751 1867 2584 2562 1866 1251
1389 1115 2546 803 1451 251 2381 1427 101 364 545 1900 215 436 737 2644 1300 341 2540 2040 293 395 989 2113 1106 572 1559 2504 529 1683 1394 2066 2178 2114 1361 1801 789 2277 1230 1898 1213 962 374 304 2759 1798 2579 1951 1175 1306 1883 328 2238 766 2054 589 658 727 2000 581 646 1334 485 2787 2323 240 1353 1093 483 2242 407 1561 2022 1257 2072 1786 898 2784 714 1928 2288 1558 1357 614 39 1207 1971 1137 2409 1197 1166 93 252 430 1972 1026 721 2402 2281 782
2263 150 1726 2678 1525 2623 1960 1139 2386 1280 2572 1371 1084 894 96 2554 2116 419 1632 2153 762 1927 106 2060 189 474 2160 1866 2503 181 1336 1032 1013 620 1458 732 861 2401 2079 2612 1797 2141 1380 785 1365 1315 2476 1083 851 1251 2705 300 1364 1318 2152 2348 398 2807 2831 1953 1702 214 636 2841 183 1536 621 171 481 45 2425 2591 1217 909 84 2522 2571 387 644 1064 2048 309 2720 2056 2188 6 1605 2278 2502 2442 856 2760 1768 2643 815 1108 2688 1144 333 2182
2269 2139 428 299 2833 2371 2576 2092 2797 2776 1549 2455 1009 352 741 2844 837 264 1982 2189 2484 1815 2063 1159 667 557 1539 2731 403 1925 1619 1814 879 641 2385 1735 1863 226 1373 262 2771 685 1589 913 2403 1571 888 1122 891 1295 2215 2460 1807 1862 991 2100 2138 1524 687 1242 203 551 1349 573 537 2412 846 2213 307 2486 1520 1 2226 2266 2399 2727 317 642 17 795 234 1622 1509 1060 2431 1338 1816 2811 1572 961 342 2473 267 1238 1291 600 1629 2338 2255 1278
196 353 776 98 2474 585 1643 1625 2067 1864 1819 2353 2081 910 2361 2462 869 2103 2334 1042 1963 701 1402 809 2256 233 1600 69 871 2027 381 2264 1973 2460 781 105 2001 2363 237 1667 505 2611 523 2053 125 734 1037 651 1124 28 2552 2465 2505 1896 1708 2283 1181 295 1472 2164 1475 758 711 175 1831 643 847 936 2806 1692 1564 1395 1827 1972 1563 2236 390 1339 68 1647 705 553 1335 1655 108 1635 152 671 1715 467 2406 2675 501 138 721 389 840 2144 503 1680
1129 2185 2584 1411 2298 1694 1684 372 2616 1267 1360 414 143 1939 2529 386 1440 1630 1215 718 2271 1112 1445 1446 2517 958 1294 2619 787 30 1514 638 665 810 1258 2481 71 2246 2363 1270 2801 796 697 2710 2706 2104 1816 557 1366 879 2339 299 2139 2727 1275 1140 1972 1242 2061 1647 2632 795 1831 1273 2505 2465 643 2402 2687 2611 1629 1692 307 721 295 1048 28 2017 331 1974 655 2467 2062 430 1756 1026 628 1220 2690 1395 1961 1655 936 561 782 2806 1480 138 805 1021
561 412 1829 430 2061 721 1972 2402 1647 1303 1921 1395 252 1756 655 1317 331 858 2279 805 726 1755 314 2236 484 1475 2059 1662 999 2429 534 1124 2053 53 2470 2301 806 1050 1037 391 533 1140 1465 780 1216 471 1481 418 2407 52 2244 390 1967 1635 1438 786 1024 2693 346 2765 467 799 1503 1612 1299 1168 1715 1918 1506 770 216 363 1852 1273 220 2698 402 653 1008 1278 290 1648 2406 1187 1924 1598 1262 1780 1568 2343 1275 936 2142 1220 138 295 1011 2232 225 344
536 1588 1132 1268 1431 36 121 733 2117 2090 988 193 569 680 866 1499 332 432 2333 429 979 340 500 1393 2227 2786 1065 2029 2078 2743 1562 2668 2108 1033 571 802 1418 1910 2451 1492 2384 886 555 1686 417 2795 142 1890 2808 1329 1053 597 1327 2212 412 561 1764 176 2839 2406 1275 1774 643 1118 1852 2343 699 2137 2570 2279 2144 655 31 553 2770 331 2083 580 326 162 1475 2798 1568 68 159 1974 507 1164 2822 1303 1273 2061 2774 705 1302 21 2335 2789 1008 1240
1570 6 582 285 1221 546 1083 759 475 1702 2346 1916 1723 807 1891 922 2643 2816 732 1260 2810 2171 1697 620 2666 298 650 2043 1858 181 1188 468 1797 1456 1865 411 2313 1884 980 2194 1284 2261 2118 122 1285 1610 1139 973 1015 37 1537 2706 1227 1603 1153 1882 1605 2348 1380 1768 594 2268 420 2768 2152 2167 1397 629 2841 690 148 2476 2048 1953 2179 448 229 510 1082 2677 1763 2502 1738 2627 1199 1560 1090 586 459 281 2807 1866 1308 2232 396 1568 1502 2521 1080 1488
924 2841 1487 2502 214 2152 1605 909 1866 1139 1953 785 1365 2141 2263 183 1471 621 1113 84 171 815 959 2348 941 1171 1217 2503 2401 1987 2567 953 1703 106 22 2230 189 1288 2612 2216 2591 2060 2751 333 1363 335 309 1661 1927 419 96 1214 1032 2554 2160 2197 2079 1458 894 150 1315 856 624 724 1013 1907 1336 2153 762 481 1632 2498 957 398 2109 43 2188 1602 1596 1757 949 620 2688 971 2807 181 2768 244 2562 2720 387 45 396 2737 2179 2442 2514 1343 594 861
197 463 1710 932 1993 1701 1489 1417 860 900 2375 1029 1788 2482 134 2767 712 550 2840 1045 2050 1437 433 440 179 2133 2289 2650 735 1486 645 1782 2011 2836 2130 1617 1369 1422 1307 769 445 2088 1870 2714 2076 925 674 2515 1468 2631 2649 1208 319 260 1328 563 2084 348 1381 2454 606 480 2826 489 1644 59 1627 2397 26 2241 906 559 1658 1640 904 259 1840 950 1414 2424 1799 817 978 1552 1092 1127 1624 2544 947 2419 2652 1274 2574 2528 1649 1428 2082 1202 1190 1046
419 2554 2153 1632 894 96 1927 189 2060 106 1032 1171 2567 22 2751 1214 481 2109 1286 2401 2263 785 1336 2612 2831 1013 1365 2705 150 309 762 333 84 2141 815 1251 1661 2197 171 1217 861 42 924 856 724 620 2160 181 300 941 1363 621 1139 2116 1315 1703 2425 1182 561 936 753 1438 2398 471 2687 2690 1164 2465 2505 1749 968 2079 1763 2764 108 628 478 1844 2467 2611 1662 2181 363 1273 1288 216 847 699 1108 402 643 1172 1827 2597 2370 2531 2806 175 507 1140
1137 614 93 1590 1087 1207 2072 1558 898 895 714 1166 2409 1928 76 2224 853 2000 1257 1786 1971 1197 1357 1298 1180 2281 39 2288 1818 926 646 564 2495 374 739 1091 803 1346 676 2114 2579 2540 2759 777 2542 1996 1300 63 1389 581 1115 1683 230 1427 2242 251 2546 789 1561 1106 2381 407 364 1900 1883 1451 2504 1093 2022 2040 101 1801 215 240 1019 751 293 2277 341 1213 436 483 1559 2699 529 617 1434 2784 766 2054 737 2066 2129 1940 1631 2644 1353 1394 540 1538
2510 431 70 2772 2478 2077 1125 1753 2777 2561 1035 2161 1759 1839 1834 2757 18 951 2015 601 1252 315 1557 2622 1842 1390 1165 2302 2818 2 2663 1980 2685 191 2315 1938 767 1747 277 1895 889 769 2702 161 2482 655 2755 1417 173 770 1788 2289 1710 860 2686 1391 1701 533 1443 2236 430 2279 1833 1008 1475 2398 2061 753 999 2650 484 2471 433 2544 1929 331 553 990 1489 561 1335 1275 628 1845 1026 2316 2059 2311 108 2301 1972 1220 219 643 578 258 726 2287 2276 1248
2309 201 2713 2433 1901 1453 2376 1490 1860 2721 1569 715 100 305 2034 51 1796 562 48 155 64 439 2545 1640 2556 2272 194 2352 1051 1416 2631 1948 1316 1496 1218 2815 1586 1965 1636 231 168 992 1986 1096 563 2628 497 1897 1840 1878 440 2046 2649 2650 1261 1362 712 2454 1148 1123 445 1369 2088 2826 559 2714 965 2553 1870 645 259 1381 134 260 26 1848 2050 2652 2007 925 663 1782 2130 1307 480 1658 2769 486 2538 1422 1045 2840 2708 2767 2836 2289 1710 348 179 2632
1096 1948 1416 1897 1362 1586 497 992 1051 2046 2272 194 2352 1316 1496 2815 439 2721 1218 1569 48 1993 155 712 1381 305 2556 64 562 1636 715 51 1617 2082 1640 1658 1796 635 1552 2632 2454 1048 563 2241 1860 1369 100 1045 445 782 259 2270 1307 547 1018 2650 1029 2628 1710 1422 645 221 1544 628 134 1878 2034 1972 987 1926 1912 2840 2631 1281 1663 125 188 1026 108 927 1974 805 1328 2769 1303 456 1261 2826 1782 85 1395 721 138 1870 501 2649 2544 1054 26 260
28 238 2250 1563 2479 505 705 2552 2689 2365 2181 523 2716 81 175 849 2534 2500 1827 1708 2819 2191 120 2370 1896 2283 313 458 1532 734 152 92 2557 2099 2674 587 1741 1339 847 671 2773 2193 972 330 772 2119 2597 2681 1746 1010 2742 532 354 2028 2228 2809 2592 1111 1917 602 1956 633 2527 696 1680 2322 2052 2177 2199 1704 740 1332 2237 503 711 1543 1873 1376 261 1037 1335 1124 890 1109 1297 2764 1852 1117 872 2806 2236 2343 1647 68 2053 1275 2279 1240 252 2144
2252 2328 2491 1583 1179 1651 1977 2682 1063 1578 1920 945 639 2647 1579 998 841 952 1470 1769 9 515 2792 887 919 916 1791 748 1531 1211 2065 114 118 2310 2042 1770 819 227 1354 1667 567 982 1585 517 1368 2778 1367 2723 2729 1657 1851 2575 1239 2349 928 1970 778 763 382 1566 7 2379 2488 2459 2225 975 311 2711 930 2097 808 1854 2416 2803 1154 2081 579 875 1031 1819 492 2462 1210 512 2369 1271 809 1287 781 1565 50 2026 923 1402 566 2334 2103 2658 25 1219
2545 1796 2034 100 48 715 1569 2721 64 439 562 305 155 2433 51 1640 1860 201 2713 2309 1453 2376 1490 2556 1901 2631 2528 1644 2411 1496 1934 1584 188 26 2501 2790 550 1369 925 2044 2649 2817 1926 2826 1656 1870 348 1407 1624 712 2454 168 1102 518 2769 1878 663 2538 659 1422 1051 1316 559 1123 1948 2714 85 480 1782 2419 1096 563 1046 259 1840 221 2300 817 2023 2652 1414 1617 2088 635 1658 1417 674 1045 197 2007 547 440 987 1307 2050 1710 1428 2358 2439 1381
1933 897 2071 1790 1709 1736 2342 2450 1638 755 1806 1052 2201 2432 1305 2750 2156 1098 1321 836 2645 2096 935 2355 1044 1504 850 2218 222 2512 1436 2691 1911 2362 2420 1621 2627 396 281 1425 2642 1865 2446 481 1143 1822 2835 580 2537 2611 1118 1293 1335 405 1568 1655 1097 1831 1852 2053 643 2614 2232 159 295 1022 1062 612 1472 511 2137 129 599 606 2806 89 220 758 1039 2091 467 1475 711 108 1124 1037 1730 175 501 2236 1929 1647 1024 1240 402 125 1395 2279 389 2634
2043 2666 650 2171 2816 2810 475 1916 2346 807 1723 1891 411 1153 1188 1570 922 1260 759 1697 2643 1456 546 285 1702 1858 6 1221 1603 582 468 1284 1083 1865 122 732 620 2313 1227 37 2194 229 181 2261 820 1541 334 1797 298 1761 829 750 1882 2268 2167 980 1285 1884 448 476 1763 956 2118 973 1610 669 2476 661 1015 1537 2387 372 1082 138 586 758 389 1048 1612 1090 2634 1972 2061 459 721 2402 2632 2168 782 1018 1026 628 2611 2179 2807 1568 2467 1262 2690 1921
1087 1137 614 1590 93 1207 1558 2072 898 895 714 1166 2409 1928 2000 1298 76 1093 63 853 2224 407 2022 1019 2242 2542 1346 1257 1971 1786 1333 1898 1631 1091 1197 1357 777 1996 540 2281 1561 182 617 926 1818 1180 564 1535 39 1434 739 2114 2288 766 230 1213 1300 2495 803 2040 374 499 832 676 2504 328 251 2579 2759 789 364 341 483 1883 240 1389 2238 1773 291 940 2129 1593 2784 1693 751 1801 1161 2066 465 1115 581 1683 101 2112 1004 310 2546 2489 2260 1900
1788 1417 860 1489 1701 2289 2650 2375 433 1710 2482 197 1895 1029 769 161 173 463 2840 1993 134 900 445 1870 2454 2767 348 26 2649 1617 1369 925 2538 2769 2714 1253 1422 645 2735 480 1045 2011 2287 179 712 965 2050 2130 1775 663 1437 2133 735 2836 2556 1782 1486 550 319 260 440 2088 2161 1552 932 1328 2241 947 2631 2076 1307 2837 1663 1640 1381 1054 1208 169 1679 906 563 2707 1623 1261 1860 1627 1564 1444 1544 1649 559 2439 1658 2082 606 489 1799 2544 950 2419
2044 1934 2501 2528 2411 1644 1624 1656 2817 188 2790 1102 1407 611 817 85 1926 2300 221 943 2832 987 1319 312 1405 635 1386 556 2082 2270 547 2397 2574 1796 1092 1190 978 2034 463 1552 1752 1146 2419 1983 606 2652 2606 2424 1422 2545 134 259 1369 1414 2084 712 674 1117 2714 559 1468 1339 2826 1428 1307 445 1208 2200 1029 2724 977 2515 1437 1240 480 970 659 489 2011 1782 197 178 705 524 2454 1710 900 1870 675 1617 51 2544 925 1302 847 2358 550 2133 1640 2370
1482 2383 2080 441 1523 2695 373 845 2754 1691 2395 584 1016 575 55 2176 2641 728 397 1194 2550 1507 1669 2733 462 1517 1177 107 2414 1104 2604 2684 1382 2106 2019 2525 1259 2780 279 357 1410 1626 2447 2368 2637 818 2651 2805 32 917 2166 187 1169 902 693 2033 2630 2804 102 1372 2802 590 2605 794 2254 1832 2240 457 2586 2347 1734 2345 87 2297 1192 2192 1014 775 1805 1147 86 2233 469 2752 1846 1611 876 2211 2489 2073 541 1919 1028 2239 1120 1467 2563 1690 1244 2020
2063 2484 837 264 403 1159 2844 1009 2455 1815 352 2092 741 2833 2797 2731 2139 2269 1814 2371 299 2576 2138 1539 428 2776 2189 1122 1589 1549 537 1982 1571 1735 2403 2215 913 667 557 2100 573 2486 846 1925 17 1619 642 1349 891 1622 2412 317 203 879 600 2338 795 1338 2385 226 1520 2811 1242 1862 641 2226 234 2255 1863 2399 342 1572 961 262 1060 2834 1373 1 2635 2727 687 1618 2339 2771 969 2431 2158 2473 888 577 223 551 1828 90 1615 991 2175 46 1101 307
2468 957 5 2168 2457 1515 509 844 661 1889 669 476 2725 744 2404 2448 752 1766 2464 1227 2261 609 2194 829 2749 448 1880 229 1802 2115 2562 244 644 2188 2720 387 2128 2442 2476 1596 2740 1761 1696 38 1560 971 2823 2498 2688 342 154 2425 1059 42 1199 592 1797 1661 43 1995 468 2313 181 1616 636 2278 2807 115 1318 481 1726 150 1260 1536 1108 1153 620 1858 1556 2627 454 2053 1124 551 1629 1011 1525 306 1037 1475 2505 2465 1662 2236 1140 2611 1024 1568 1299 295
1788 1417 860 1701 1489 2289 2650 2375 433 197 2482 1710 1895 1029 769 161 463 173 1870 2454 26 2649 348 1369 2769 2538 925 2714 480 1422 2840 663 179 2556 550 1993 134 900 518 445 1617 2767 1253 2588 645 1045 735 2011 2130 712 2735 2050 2287 965 1782 2836 1775 2133 440 2631 1437 2161 1486 1552 319 2088 260 2241 1328 2837 1640 1381 947 2439 1663 1544 932 1054 1307 1564 1658 563 2076 169 1860 331 643 655 1679 2236 1627 1475 906 31 2082 1011 1568 2232 1692 805
76 1137 614 1091 1786 1087 1257 2072 1207 1558 1357 1996 1971 2000 93 895 2224 230 777 1590 898 714 1180 2495 39 2288 2281 1166 1928 564 926 2409 1818 676 853 751 739 1106 1298 2114 1447 1483 1451 1561 16 44 1300 1469 646 2540 1346 1057 1197 376 483 1801 2054 789 2785 1559 1804 2317 240 761 803 1389 2242 63 1183 1093 251 2504 2542 104 1631 407 1361 792 291 1115 1914 293 1353 2699 2784 341 617 2080 1427 832 1130 215 2249 1900 1482 1536 581 1940 1683 766
1346 2542 1535 617 1298 540 832 2129 1773 1019 63 1137 1561 499 1434 2000 182 614 1590 1087 93 1333 291 1593 940 1207 1693 895 1343 1631 2022 310 1004 1161 2072 1513 2112 1795 2737 1712 1847 1558 898 76 1197 75 2827 1166 954 2656 714 1743 2242 983 2409 949 2190 1760 1786 2441 1103 1785 2149 1257 2016 1685 1357 1928 2497 198 1971 149 1999 751 695 1176 2202 39 2745 1091 60 1672 783 1836 576 2281 1228 2288 2495 95 739 483 853 1856 1940 1483 777 2785 1749 1453
545 1394 304 2066 2178 2113 1213 1801 529 1353 2277 395 1883 2644 1300 1451 1389 1683 572 251 2546 803 2504 1106 2381 789 1900 2040 1559 1427 364 1115 101 341 1361 215 293 2540 436 737 989 1230 2114 2000 1798 962 240 2784 766 328 2238 374 2022 1898 2579 727 1334 2759 1175 581 658 1951 483 646 589 1306 1093 2054 2242 1971 1257 2323 485 1786 1561 63 2288 39 1357 407 1137 1558 1207 1180 2787 2072 2281 898 714 1333 1818 1087 614 1184 564 117 1928 1502 926 1205
924 1487 2554 419 894 96 2153 1632 2841 1927 189 2060 1471 106 2263 1032 2502 214 724 785 1171 2567 1661 1365 2141 2152 953 1866 1380 1605 2751 2623 22 1139 2401 2514 624 1217 1953 752 1318 1371 1214 183 1525 1336 2348 2109 1280 2807 909 1433 1013 309 2220 2526 1184 939 1048 482 1363 1004 474 2398 907 1018 1536 138 2612 782 2737 753 1205 2632 84 1026 108 1954 1250 941 1423 2114 2089 1641 957 628 1703 1912 2137 621 2030 1288 430 2806 412 363 1220 1931 620 1979
2141 2502 2152 214 1365 621 183 171 785 909 815 1605 2751 1171 1661 22 2567 1214 106 2109 1927 2263 1866 1032 84 941 1987 189 1139 2060 96 1632 894 1113 2554 2153 419 2401 2197 2841 959 2612 481 2503 1217 1251 2522 309 45 2831 150 1364 2056 1953 1371 957 1525 856 2348 333 2182 454 2760 1286 1280 2404 2608 1064 506 2705 1336 861 2623 744 1315 2030 762 2160 236 1013 2678 1844 167 1960 2116 1283 20 2726 1602 300 2162 2079 1108 1363 1004 2572 117 270 1726 244
2061 1972 721 2402 1647 1921 561 1395 1829 430 412 1756 1303 1317 252 805 1755 2279 1037 655 331 1050 2053 1967 390 1635 1124 1140 799 314 2693 1715 858 1216 1299 1168 2236 533 1475 1273 1612 653 2698 220 1024 726 1918 999 2301 2137 1506 1662 1503 484 770 2059 113 2429 1505 1961 2406 1187 1568 1262 2765 2407 2232 1274 27 1598 1248 2715 1648 1780 822 1127 2017 1011 1008 2316 618 1021 200 31 2470 455 1240 2531 449 1435 2311 53 344 1852 1356 534 138 625 679 580
1570 582 1221 6 285 546 1083 759 1702 2643 922 732 807 1260 620 475 2346 1916 1697 298 1723 1891 1858 2816 181 1797 2666 2171 2810 650 468 1188 2313 2043 2194 1456 2261 1865 1285 2118 1884 980 1610 1284 973 122 1227 2706 1015 411 1537 1139 2476 37 448 2268 229 1882 1380 1153 690 1603 629 420 2807 1080 2768 2179 1397 1768 2167 594 2348 1560 2048 148 1318 1761 510 2425 1605 1502 476 2152 1738 661 1199 669 2677 2521 281 2505 2465 829 758 23 2557 968 1018 2232
1759 2757 18 1834 601 1842 951 1252 2015 2478 2077 2772 1125 1753 2777 2818 70 2561 2 2663 315 2622 1557 1390 1165 2302 2510 431 1035 191 2161 2685 1980 1839 2315 2667 1938 1747 1443 2702 889 770 1833 1475 2236 277 2061 430 2279 655 1335 999 1829 2406 1248 1008 467 726 767 484 1647 1701 161 1972 2755 2402 2023 860 1187 625 1435 1303 1022 108 768 721 89 753 553 2774 2686 2228 1921 1756 1967 679 1050 788 2059 2398 1627 1039 1018 331 1417 1788 1472 2144 2289 1929
767 277 1938 1443 889 1747 2686 1833 2532 211 2702 770 1320 2496 1980 2315 2685 369 269 1989 1548 1460 2818 951 2015 1252 1834 1842 2478 2 2510 2663 431 2777 2077 18 2772 1753 1125 2757 70 1759 258 1165 2622 2302 601 315 1557 2045 2755 2561 1390 191 2023 1895 2061 1972 1275 2232 1584 2402 1018 1655 769 782 1929 721 1831 2236 1647 927 1829 1789 2316 1248 684 655 31 1475 1568 553 1472 1730 2632 331 625 533 2343 1756 389 1302 2311 161 1413 1921 1035 455 618 2017
776 353 196 2474 98 585 1643 2067 1625 2353 1864 1819 2081 869 910 2361 2103 2462 1963 1042 2334 701 1402 809 233 2256 381 1600 2027 871 69 781 276 2491 1973 1583 2264 1791 2792 998 2803 1977 2328 1063 1565 1470 1188 2065 1179 1419 1697 1667 952 2643 516 945 2778 2501 1702 105 2044 546 282 1934 2611 2740 2582 643 936 582 2532 160 2001 2764 2496 118 1421 1644 2460 391 411 553 919 211 1260 758 1204 1216 2528 138 1692 476 2261 2213 1140 759 639 753 887 2252
1946 416 2394 1778 105 883 11 664 2110 2452 2697 2843 2803 1419 1370 1031 673 392 1614 749 1331 2369 1508 1287 2696 1200 1565 519 301 1247 1554 1495 355 2331 2660 243 1673 678 1695 2196 175 507 711 1105 1174 1396 337 553 1893 2417 1936 1347 50 2492 144 2597 94 2610 1142 2144 80 1920 2560 1424 443 68 2257 717 771 1133 1896 1650 1002 774 1968 2789 2716 1739 1472 200 994 2770 54 2500 1309 1573 840 847 1852 533 908 2664 1152 1006 2774 593 1827 791 1164 2689
931 702 1830 1114 1107 848 835 1310 903 1908 768 65 1340 284 1767 1254 1512 2388 2471 2601 990 502 2667 522 2276 1235 126 688 2624 1845 578 103 1608 1323 684 297 250 1720 1821 1391 1413 1975 1186 2314 1827 2716 2283 721 1972 734 1921 2402 968 175 2099 1647 2061 225 2181 523 2557 125 1335 2370 1715 525 2693 1395 2742 1050 61 1780 1532 2552 139 872 1756 2814 2228 383 2689 1896 2236 354 1317 503 2479 81 2119 120 1967 330 108 653 2311 1465 533 726 192 1037
269 1548 1747 889 1833 1443 1938 2686 770 1320 2496 211 2532 277 258 2045 747 2755 2702 1584 2023 767 1989 1460 1718 852 2134 2 2161 2818 369 951 1472 2663 471 1438 2538 655 782 2232 2075 2556 295 1598 1018 2236 2806 356 2429 786 363 2289 2061 1662 2687 838 1475 533 1787 200 1568 430 1026 108 1756 625 1317 209 1929 580 858 1648 1974 643 31 2053 806 1465 2091 2396 1435 2774 1050 216 1248 1275 402 1282 220 1022 1035 2398 331 484 1293 2632 1730 1831 139 805
922 1697 759 2643 1260 1702 807 546 6 285 1221 1858 582 1083 1188 468 732 1456 1865 620 411 2313 122 181 1797 229 1284 2167 37 2268 2194 2261 1227 2043 1570 459 2816 1763 1090 586 1082 298 448 1153 1308 2666 2171 650 475 2810 1285 980 1610 2118 1884 1916 2346 443 973 1015 2476 476 1882 669 1560 1723 1891 1761 1537 829 1380 661 2807 1006 1603 1768 1318 1199 2048 2168 2425 1425 2706 454 820 629 2627 690 758 138 1612 2611 1568 1262 1541 455 1124 389 1140 2232
2044 2501 1934 2411 2528 1644 1624 1656 188 2817 2545 1102 2790 1796 2034 611 48 100 1569 64 1407 439 715 2721 305 155 85 2832 562 817 987 943 221 2300 1926 51 1319 312 1640 1860 1405 635 2433 201 2713 2082 2631 1386 556 2309 2270 2556 547 1752 712 1422 2419 1840 1782 659 2397 1369 2652 1428 2241 1092 259 563 1381 2826 1658 2133 559 900 2439 550 1414 445 1045 978 1848 1453 1617 2836 1544 463 2574 1046 489 925 194 2007 2088 2714 440 480 2649 1710 2454 1437
1504 2218 1436 222 2450 2342 1638 1736 755 2512 1806 1305 1709 1790 2432 1933 850 2355 897 2071 2201 2156 1321 1098 2645 1911 836 2750 1052 935 2096 2691 2362 1044 2420 1621 405 127 2614 2835 1143 144 1118 96 1822 1293 1828 1097 159 2094 1335 580 1273 653 1258 2053 971 1164 1117 872 367 430 316 481 643 1182 2799 2698 561 326 1924 675 1021 252 505 1635 2687 2627 734 1692 1852 89 1530 1704 235 2611 1755 1831 1078 1475 390 1317 1568 1991 1661 2164 2212 1327 805 1339
1353 1091 1996 230 1971 1257 1786 1180 1357 777 2495 39 564 2288 2281 926 2000 240 1801 1883 2784 1818 76 483 751 1300 1447 789 1483 1087 1137 16 1804 1469 44 2114 1106 614 376 2277 2504 2785 1558 1057 1749 2072 2317 1207 761 1346 792 93 2054 1590 739 895 1914 967 1561 1093 898 1593 2296 714 2579 576 291 1389 766 1451 251 1672 834 2224 407 1631 1836 803 2249 2409 374 1940 1115 1559 63 2555 2437 2235 2242 1166 1523 465 1928 1394 2700 1183 1719 2540 529 646
1113 953 1471 2810 1487 2043 1916 2346 650 475 1865 882 2841 924 281 2171 2666 1723 275 820 2816 1882 1891 2507 629 411 546 1541 334 2677 922 2179 2768 1502 582 2599 1711 2308 2712 482 1884 1443 1150 1833 420 2779 117 1972 721 454 285 510 1979 138 907 1922 750 1139 2526 2402 1018 1817 136 1397 1284 1472 1603 1763 1902 2627 980 1570 2634 1738 1048 2137 125 1582 351 782 594 1027 788 2762 412 252 2118 939 561 1082 2632 1225 2061 637 1395 1757 1433 758 822 619
1939 2616 1694 2481 1294 1684 1446 665 1258 1112 1630 1270 1360 2246 2185 2584 1411 1129 2298 2619 1215 1445 2271 2529 386 1440 414 30 638 71 2517 810 143 787 718 958 1514 2710 1267 372 697 2801 2104 2363 2339 796 2706 273 127 2524 2709 147 1242 2444 2466 2175 2595 879 1816 1925 1863 557 2771 1373 2835 1735 1828 1324 299 1167 888 641 1811 1366 1655 1549 1295 1982 1831 405 2372 1355 577 1815 220 2131 600 2139 1629 1059 1619 1335 2455 2013 642 1807 667 1964 1812 295
2199 261 1156 2773 552 2105 872 1003 1099 1314 2814 2610 2265 1955 2594 877 1650 649 1135 2789 159 580 1293 326 1097 31 1118 2597 2715 653 2306 1101 890 1885 2359 1143 1822 1297 670 2062 1543 1273 1441 2053 2693 1635 390 1967 1823 2799 1715 1050 1568 799 2783 507 2232 1991 367 1011 316 1164 504 2343 1755 2822 220 1917 1109 235 1182 1317 805 1117 2698 1756 2322 1376 699 1037 1335 1327 2212 1024 1873 2812 1477 1774 2764 1746 963 1124 314 2406 162 1262 2237 2681 455 1187
767 277 1938 1443 889 1747 2686 1833 2532 211 2702 1320 770 2496 2685 369 1980 269 2315 1989 1548 1460 2818 951 2015 1252 1834 1842 2 2663 258 2757 18 2510 431 1759 2478 601 2622 2077 70 2772 1125 2777 1753 1165 2755 2302 315 2045 2023 1557 1584 1390 2561 191 1895 747 2075 769 161 1035 2061 1972 1275 1831 1655 2236 2402 2556 2232 655 782 1647 927 1018 721 1929 1475 2482 331 990 2316 1789 553 2632 1008 1829 31 1730 1839 999 1248 1568 2687 2062 1302 2311 1756 533
609 1766 2725 5 2710 509 1889 2457 1515 2448 844 127 2444 1477 244 2464 2115 2404 2128 1696 744 957 2175 592 1426 1616 2823 1509 1939 1258 2481 2468 1059 1270 1112 2740 2014 2366 473 2124 752 2339 1811 1803 388 2508 1355 2749 1446 306 2584 1629 1167 498 1802 1556 1411 665 2351 154 38 43 1294 697 1862 2013 1335 1684 342 2406 1524 1182 2619 1475 430 2616 1694 655 2228 2279 1715 89 1487 2250 1274 1187 1648 472 119 363 252 2188 505 968 2595 1299 390 2193 1118 1168
1710 1993 900 1489 1701 2767 197 860 1417 1045 1617 1788 712 2050 2836 645 1029 2130 440 445 2840 1782 735 1422 179 2011 550 463 2482 134 319 2631 1328 2707 1054 1679 1663 947 2837 1444 1623 1649 1552 1437 1253 2133 2375 169 1486 1640 2088 260 932 2241 2289 2650 1860 1381 433 1658 1544 563 2439 1261 2826 1895 1208 2076 1307 2287 906 518 674 1369 2714 925 965 2649 1870 348 2454 2419 480 559 26 2769 2652 769 1148 1218 1878 1051 2538 1123 259 1948 173 2544 2556 1096
13 2210 1272 2520 640 1949 1754 1038 2421 1041 2671 377 2083 1910 323 2578 2428 1337 828 1429 56 2798 2539 2629 2032 698 2335 2047 1764 672 865 729 2828 933 358 370 1189 2602 1668 1070 1374 2795 2570 2031 964 1399 1249 2120 1952 2038 1329 2221 2839 1266 2640 1049 2808 1118 1822 932 1143 1273 580 31 326 159 1704 1461 1240 1974 2770 955 331 2698 68 968 1117 2343 2406 1216 1187 1302 2144 1097 1475 1692 2715 2236 1755 1293 670 2316 655 553 2053 2232 561 1327 1274 643
2113 1213 2178 2066 304 1394 1389 2546 545 1115 1801 529 1300 395 2277 1451 2644 1683 1353 803 2022 2000 572 1361 1559 1106 1798 1230 1951 1175 101 962 589 658 215 737 727 251 436 2114 1883 2504 364 1306 1900 1334 2054 374 341 1427 485 2540 989 789 293 2040 2381 63 2323 1898 1333 240 898 646 1558 714 2759 2409 2579 1928 2072 766 1561 1019 1166 581 614 2238 2787 328 2242 1137 483 117 1087 895 93 39 2784 1207 2288 1590 1184 1502 2179 1979 1641 1357 1922 1738
493 133 1034 1575 1724 210 1580 2418 746 280 2461 1234 2174 2456 2374 1861 1392 1276 2327 1792 57 1665 548 570 1664 1930 2229 704 793 2186 2004 1758 689 1859 2330 294 2125 1072 2838 1030 421 2184 1375 1279 2694 1765 1358 797 77 1947 366 1193 720 2581 859 2206 976 1776 1887 2039 756 242 228 1551 2123 2332 656 1457 2590 158 2672 857 1877 2739 1086 2198 2356 880 263 2659 1350 2127 1229 1196 1191 287 885 1542 801 1345 2703 706 2321 438 170 1043 1377 422 514 1432
1096 1948 1416 1897 1362 1586 497 992 2046 1051 2272 194 2352 2815 1496 1316 2556 439 64 155 1636 2721 1993 1029 562 712 48 51 1663 305 1860 1569 1640 1048 2632 1974 1972 1617 1552 1303 721 2631 445 1018 2061 782 1045 1782 2402 2011 2082 645 628 134 2836 715 1395 1218 1317 2270 1961 805 2767 1926 1756 1444 1054 1912 2840 138 561 1755 2812 1281 412 2316 1796 1422 643 2774 711 2017 1730 125 927 1026 1328 547 200 518 108 1021 2241 456 947 1381 1307 1921 2707 1543
1346 2542 1535 1298 617 540 832 2129 63 1019 1773 1137 499 1434 1561 1590 1087 182 93 1333 2000 614 291 940 310 1693 2022 1207 895 1161 1593 1343 1513 1631 1847 1004 2827 2072 2112 2242 2737 898 1795 1558 714 2656 983 1743 76 1712 2441 75 1166 949 2190 2149 1785 1786 1257 2016 2409 1971 1357 1197 1103 751 1928 1760 954 695 1091 407 39 1176 777 2497 783 1999 853 739 2202 2281 2538 1453 2649 483 1940 2260 95 2556 1228 2745 1901 1672 1685 198 2288 1496 1870 240
493 133 1034 1575 1724 210 2418 746 1580 280 2461 1234 2174 2456 1861 1276 2374 1392 1792 2327 1665 57 1930 2229 1664 548 570 704 793 2004 2186 689 1758 1859 294 2330 2125 1072 2838 1030 421 1375 2184 1279 2694 1765 1358 77 1947 797 366 720 1193 2581 1776 242 1887 1551 2039 2123 2206 859 857 2332 158 228 1877 2198 1457 2659 2590 1350 287 656 2672 2356 1542 2739 976 1345 263 1191 885 2127 2321 1086 170 438 756 1043 880 1229 801 706 2703 1196 514 1377 1432 1348
2433 201 2721 1569 100 715 2309 2713 305 2034 1860 51 562 48 1796 1901 64 155 1453 439 1490 2376 1640 2545 2556 2631 2272 1416 1051 2352 194 1496 1948 1316 2815 1586 1218 1636 1965 168 1096 563 2826 1369 1307 645 445 559 2454 260 2714 712 1617 2088 197 440 2649 259 1870 925 1362 2840 1148 231 26 2652 1897 480 1878 348 674 2650 1045 1123 900 1848 2007 486 1046 978 2836 2050 1422 2553 497 735 992 550 1782 2767 2769 1428 2708 319 134 2130 2628 2076 1840 784
2545 2044 1934 2501 2411 1796 2528 2034 1644 1624 48 1656 100 1569 64 715 188 2817 2721 439 2790 1102 562 305 155 51 611 1407 1640 817 85 2832 2433 987 2300 221 1926 1860 943 201 312 1319 2631 2556 2713 2309 1405 635 1386 2082 556 547 712 550 2270 1782 1369 1453 659 1901 2419 2826 26 925 559 2649 2652 518 197 2836 1046 1422 1840 259 1870 674 2088 1381 1983 2574 2454 978 1428 1658 2397 563 1552 168 1307 2376 1045 463 1414 445 1617 440 134 2439 1092 2769
2065 1470 2252 982 1791 2682 1063 919 567 118 887 1651 2491 2328 808 2792 952 2778 1179 1977 1851 2310 1354 1769 1579 1583 841 1578 1531 1211 748 998 639 945 2647 1920 1667 916 819 763 2042 2379 114 1585 9 930 515 1770 227 2575 1657 2225 2729 928 517 1970 1854 778 382 2711 7 2723 975 1271 512 1367 2793 1368 2488 2026 579 1239 2097 2559 311 151 492 2416 528 2349 1209 1210 25 2658 2515 513 2459 566 1528 2343 1414 606 2670 2618 675 1956 2212 1327 2424 1388
1353 1883 2784 1801 240 2277 304 483 1394 529 1213 2178 2066 789 1300 545 2113 395 1683 2644 1593 1389 2504 2579 2000 2546 1115 572 1230 1451 374 1361 2022 251 2054 1559 1106 2555 2759 766 2114 803 962 989 834 328 101 2317 2238 824 63 1427 1749 341 1727 1898 2547 2288 2381 646 1561 1093 39 761 1184 1798 2058 576 1971 1178 1483 2323 117 1979 364 430 252 1476 215 1502 2249 1951 658 727 2540 1914 1900 95 1026 596 679 625 2279 412 44 508 2040 436 1334 2700
2018 2284 2146 1289 719 2008 764 2551 1577 190 914 1157 1534 1493 2209 1359 723 812 2487 539 247 2453 2585 450 1403 604 153 1351 303 1204 1247 1128 2582 1772 212 1347 58 35 874 206 2718 1121 2485 2353 256 549 1595 490 2792 2734 416 2824 1643 2593 516 978 776 1006 630 862 443 674 2312 1997 2344 2724 2513 343 2753 778 675 1878 2012 1190 2670 1468 1414 977 2826 2800 2553 2336 1600 2361 1092 1697 904 2065 2603 2397 998 1307 2307 2550 2606 2574 2424 2148 622 1302
327 2303 1205 1198 1659 117 275 1979 2791 2203 2494 1641 1687 1184 23 1502 907 2573 690 1080 1922 1738 2179 1591 510 2030 1488 2521 2245 2620 2768 420 1400 1397 594 1602 148 1537 1371 953 2222 2677 543 1423 167 851 1263 20 423 1471 454 629 973 2348 1232 796 2623 2706 1285 2162 2118 1084 1884 1139 1487 1525 298 1425 2726 924 2572 980 205 1015 1605 1954 1280 2535 2022 265 1744 1113 1082 466 40 396 1610 1333 122 375 1308 37 306 325 2678 1723 2014 745 586 2128
967 1719 1804 2296 91 792 2235 2024 1689 426 24 2143 1597 2430 634 853 2638 2615 1478 1448 213 1265 1849 499 184 707 2354 2295 2408 2472 1722 558 1867 2413 739 2320 2390 2756 135 1269 1529 424 218 1149 2021 2533 754 465 2744 1383 119 1728 232 29 2566 2260 2673 1296 1945 2224 286 1733 76 2172 1231 1533 80 19 520 1984 1312 240 1180 926 789 2281 757 291 714 1818 895 498 1091 483 93 2495 2072 2288 39 1535 540 1207 1257 564 1558 898 832 2784 1590 1786
478 753 2398 346 108 1008 628 936 1220 1022 2821 2690 2467 2407 467 1378 363 2505 2465 402 758 452 389 89 2765 1039 2611 471 2301 2634 2687 786 1026 840 655 1048 1438 138 464 1706 752 52 430 2285 2632 1730 1655 216 1465 1018 782 2142 2244 1918 643 241 331 504 1692 484 1024 724 1662 2059 2429 1472 999 1481 726 418 534 1831 1912 1475 927 780 53 2806 1929 2228 1932 125 129 1062 1789 2236 501 806 1275 295 456 1281 2062 1648 2470 1612 788 324 1813 1923
380 1628 437 1233 981 2163 760 1872 1599 73 401 453 2074 823 399 477 461 1976 1510 2587 2055 208 595 99 141 1145 1023 1717 2098 1047 816 2655 2122 177 2829 2126 1085 2679 1163 1903 2747 612 2469 1160 731 2735 2594 2362 1376 2062 1335 2812 261 260 72 552 877 805 1756 456 2774 2557 972 2228 1974 1755 770 1746 2592 2552 2465 2505 1923 1317 944 501 633 696 354 1303 125 1972 200 1095 1813 1281 1921 1029 1026 2370 1050 504 2199 1293 1099 1461 1829 1062 326 430
1275 295 1929 2806 1730 2687 2236 1475 1124 2301 999 726 484 1662 2053 314 2059 2429 655 331 2407 53 1037 2470 534 1008 1024 467 220 2765 504 1465 806 1852 1140 2343 786 471 752 430 1050 1220 2244 2557 52 452 89 780 363 418 1481 1022 1438 1278 346 2693 108 805 1655 858 1706 1317 464 753 2398 391 1829 1921 936 1039 628 1648 1647 402 2061 1972 2402 721 1216 1755 1967 1635 390 1378 1756 2698 2285 1715 2465 2505 1831 927 1789 2611 1273 561 1395 290 252 478
1830 702 848 1107 1114 931 903 1310 768 1340 1767 2388 65 1908 284 2471 835 2601 1512 990 502 1235 2276 2624 688 126 103 1845 578 1254 1323 297 1608 684 250 1720 1821 1391 522 1413 1975 1186 2314 2667 225 533 2061 1921 1465 771 1972 2402 721 331 999 726 1647 561 2557 2742 1706 2181 587 780 464 2316 655 2244 61 2689 175 534 2693 2017 52 484 806 290 1438 207 81 2370 2099 705 1715 872 532 2059 2283 216 2144 968 2236 2119 1827 2429 1917 2479 389 258
18 1834 1842 951 601 2015 1252 2818 2757 2 2663 1759 2622 315 1557 1390 1165 2302 2478 2077 2772 2777 1753 1125 2561 70 191 2510 431 2685 1980 2315 1035 2667 2161 1938 1443 2702 1747 1839 889 1833 770 277 2061 1475 767 655 2236 430 1829 2023 2496 999 2279 1972 2755 2686 533 858 1335 484 1647 1303 1248 211 2774 2402 1472 331 625 1701 252 1022 721 2532 1275 1008 269 1974 2059 2632 467 2406 1929 108 1756 89 1435 553 1598 788 1730 161 726 753 2017 1220 2144 2687
1137 1087 614 1590 93 1207 2072 1558 898 895 714 1166 2409 1928 2224 76 853 2000 1298 1257 1197 1971 1786 1357 1180 739 1346 39 2281 63 2288 2542 646 1818 926 564 676 2759 1091 2495 374 2579 1300 803 2242 2022 777 2540 1019 1389 1996 407 1115 1561 789 1535 1093 540 251 1427 581 2546 240 2114 230 1683 1883 1333 1434 1631 483 1801 751 2504 2129 617 364 2040 182 2381 1900 832 291 499 2277 101 293 1213 2784 1689 529 1940 215 1106 2324 2699 2538 766 725 2493
1256 1886 1553 1430 1699 2267 2380 1236 142 802 1492 743 429 868 1890 554 1888 555 2333 2078 427 2217 2568 2029 901 1793 2415 176 2668 2423 2786 1562 2227 2743 2108 1393 1033 432 340 597 886 1686 1418 1431 979 571 417 36 2117 1053 1065 332 866 289 733 62 2451 1588 1499 1132 878 2090 500 536 1268 1398 681 361 302 78 2735 292 988 21 261 2384 354 193 1038 2552 893 2421 2594 31 1829 1187 2406 199 2693 1050 27 1317 2099 2221 742 726 390 805 437 1967
2300 85 1407 1102 2832 987 221 943 2790 312 1926 817 635 1405 1656 547 2082 2270 2817 556 1386 1752 611 1319 1644 188 2411 2528 2501 1934 2044 1624 1146 4 950 2556 2367 1799 1545 134 1496 1202 2069 626 59 1737 1316 2389 1636 1965 1840 1422 518 826 2241 550 2439 1796 1369 2649 283 1051 1617 712 2352 1870 1381 1782 26 925 440 1948 2454 1710 1658 2628 2397 348 2836 613 1414 194 606 663 439 1627 259 2826 1123 2769 1544 1417 1993 563 2050 155 1302 623 197 735
654 1141 2025 525 2669 2070 1787 383 1781 49 245 192 2794 2396 1356 239 2091 2173 139 209 838 2280 2164 408 2311 296 1282 2531 225 61 207 356 1299 1168 1435 1127 1248 1505 1780 27 625 679 1274 1598 858 113 1011 344 1924 2279 2137 1875 1024 1503 1240 252 822 449 799 290 1961 131 653 2693 455 1568 2232 268 216 471 2316 1021 2017 33 200 618 1262 1843 1829 1755 2565 1506 391 412 1941 261 2715 495 31 2285 1438 1216 1303 314 331 1612 1140 1918 1273 1500
1129 2185 1411 2298 2584 1694 143 2529 1440 386 718 1684 1514 2271 1445 958 638 71 810 414 787 30 1267 697 1215 372 2517 2246 2616 1939 2619 1360 1270 1630 1446 1294 1112 665 2481 1258 2104 2801 2363 796 2524 2710 2339 1242 1366 1816 273 1735 147 2709 1480 2706 2595 1025 1349 969 307 2100 642 2731 1520 2607 2175 2226 2465 2505 2158 557 1 2139 46 1549 41 2727 1647 2844 1395 1571 2633 2402 430 2092 1972 577 2687 1140 2834 1022 1831 295 2806 721 1789 108 125 1655
1328 2707 1623 1649 947 2837 1663 1444 1679 169 1054 2836 2130 2011 1782 712 2767 440 1045 645 445 2050 735 1617 179 2840 1422 550 1253 1640 1029 2631 1993 1261 2241 2588 2287 1381 1544 2439 518 1658 134 1552 724 1860 123 319 1710 932 900 2714 480 1369 2649 2454 2769 2538 26 1870 2150 348 925 197 663 1218 2628 1840 463 2375 2133 1788 1489 1636 194 2556 860 563 1417 1701 1051 2088 992 2826 2482 1486 2289 2082 1307 2076 2352 497 1148 965 433 259 1437 2632 2046 1799
1749 1914 2317 783 2785 2249 761 1447 44 16 1469 376 1057 1483 1856 2111 1476 2202 88 2745 1672 824 1183 2441 949 95 1631 2190 2547 596 1449 576 1176 132 2827 695 983 2700 1103 1990 310 1999 2737 1743 291 2437 60 1343 1304 1836 1727 1693 2016 2555 1004 2058 676 1224 1178 1713 1760 940 832 2523 149 2112 2422 683 1838 1712 1795 1116 2180 63 47 1714 2497 34 1535 1019 465 198 1161 1685 954 2149 75 1434 1593 182 1513 2656 2129 834 617 1847 104 230 1801 1228
2011 2707 1054 1623 1328 1679 645 1663 1444 947 445 1649 169 2837 2836 2840 1782 1617 2767 712 2130 440 1045 2050 1253 735 1029 1422 179 1640 1261 2241 1993 2287 319 1552 1860 1381 550 134 1544 1658 2439 123 1710 2631 900 932 518 197 463 1218 2150 2375 2628 1486 1840 260 1489 2133 1437 2088 860 194 1369 1417 1701 1307 1788 1051 992 2482 2352 1208 2735 2826 51 2046 2649 2588 674 2454 2076 2714 497 563 1636 433 259 965 1870 1948 559 906 2652 1092 2289 2419 305 480
1840 1636 1965 1316 1496 2815 2272 2046 992 497 2628 2352 1586 2241 1218 1897 1362 1051 1658 1381 194 2439 1544 2556 1261 518 1948 1416 1782 1253 1096 231 168 440 2553 950 1752 1123 712 2836 2050 735 2713 1878 663 1640 563 1860 2069 1045 2767 2367 201 1422 2631 2010 550 965 2309 1901 1148 2433 221 155 1102 1799 179 1617 978 489 2790 2826 2300 900 2130 1117 1710 1414 2652 1796 445 1092 943 1649 2376 2832 987 645 51 134 674 1302 259 173 2538 1453 1848 635 2837 2082
1804 967 1091 1996 2784 483 777 1593 230 240 2281 926 792 1180 739 564 789 2235 39 1818 2495 2288 2296 1719 76 1883 1300 1357 1971 1257 1786 2756 1561 832 2224 2504 291 91 2021 2242 1631 754 540 499 1728 1535 465 1353 1231 2000 1801 766 2114 617 407 1689 328 2759 2579 2238 2277 251 2785 1346 1093 1683 2260 529 853 63 1087 2040 576 364 1914 2320 44 1019 1298 1749 1483 1743 614 783 1207 376 751 1035 2538 2441 1693 1448 581 16 2615 374 2289 2745 2649 2143
1545 626 59 2389 1202 2367 4 1737 1146 950 1799 547 2082 2270 1386 1752 826 556 283 1319 2477 2300 613 312 2069 1407 635 266 1926 134 85 1405 221 611 817 2832 987 943 188 1102 2790 2556 2375 2840 2817 735 197 169 1788 2837 1663 1656 2343 1708 440 1314 1328 259 769 2011 1029 1240 1543 1993 159 1117 2265 1955 433 2836 2681 326 518 2789 705 1710 445 1444 1649 2105 872 1635 2289 1701 1704 1870 2527 1956 1307 1302 1417 390 68 847 553 1003 367 947 2454 1715
906 2076 674 1437 1208 1486 1307 2826 900 503 260 711 2419 1468 2088 2133 563 1746 2652 1680 1148 772 1983 559 261 978 319 1878 2814 904 1552 2322 1123 659 2544 2312 1376 1428 972 633 259 2732 2119 977 168 623 1852 1414 2606 872 2200 587 1543 2515 2597 2610 1092 2199 649 1135 965 2397 2735 134 1109 2358 109 1099 1799 1313 1101 524 231 2773 696 1158 2670 552 1650 2724 2148 2337 2594 2789 2307 2035 2010 970 890 2574 2105 162 911 2012 235 1885 2676 354 1046 2370
1254 835 1310 1512 65 1107 284 1908 702 903 931 1830 848 768 2136 2388 1244 1340 393 1114 863 1147 1450 1646 2518 1120 1678 990 2601 2471 339 2275 603 830 1620 502 1732 1767 1073 1104 2276 684 575 1235 1315 1907 1845 1608 1720 1975 250 1336 1013 103 1821 1669 2667 2624 1323 309 2612 126 2212 1327 578 1449 2061 688 1972 187 1277 2823 1715 2173 856 561 2401 1780 721 806 1648 2181 2079 1395 1967 2822 1140 525 139 584 1921 2406 344 297 2311 1827 2280 209 2258 1050
1993 1710 2767 712 900 1045 2050 1617 440 2836 735 1782 2130 1422 197 179 550 1489 1701 1029 445 645 860 1417 2840 2631 2011 2837 1788 1640 1328 463 169 134 1663 1649 947 2707 1444 1054 1623 1679 2241 1253 518 319 1381 1658 1544 2482 2439 2375 1261 1552 260 1860 1486 2088 1437 2133 932 2289 433 2650 1218 1369 1840 1895 1636 2714 2287 2649 2826 2454 2538 480 2628 348 1870 26 2769 925 563 663 1307 559 992 2419 1208 1051 965 194 2076 2046 2556 2352 2652 497 906 674
2702 1980 2685 2315 277 767 369 211 2532 1989 2496 1460 1443 1938 1833 889 1747 770 2686 269 1320 1548 2 2663 258 2045 18 1842 2818 2510 601 2755 2478 2622 2757 431 2302 2772 2077 1753 191 1165 951 70 2777 1834 1759 1125 2061 2015 1472 2556 1073 1568 331 389 747 2232 655 2402 1557 2236 1972 1921 1732 782 1678 1967 1317 1011 721 1895 484 1018 1395 1756 806 999 758 1475 1715 1252 315 1647 2059 1187 2275 220 295 2632 533 1929 1635 31 1275 1124 1506 643 1612 2429
2550 1507 1104 1669 107 2604 1177 2414 575 2641 2754 2136 393 1244 2019 1646 863 55 2176 728 339 1120 1194 2518 1450 830 1147 397 603 1678 2275 2395 1620 1732 1016 1073 1691 584 1482 441 1523 845 373 2383 2080 2695 2254 357 2595 2233 457 2586 2347 1734 2630 794 2192 2297 1805 1372 775 2820 462 2360 2326 1611 2247 1832 2013 2733 430 2211 187 2061 2780 1972 1626 279 147 2368 1140 2234 1715 331 1324 405 1259 721 1220 1026 577 2621 89 628 252 2316 2765 653 2017 2632
2303 327 1205 1198 1659 275 117 2791 1979 2203 1687 2494 1641 1184 23 1502 2573 907 1080 690 1922 2030 1591 1738 2179 510 2245 2521 1488 2620 1400 2768 420 1397 1537 594 148 1602 1371 2222 167 20 2677 423 953 543 454 851 1423 1263 973 629 1232 1471 2623 2348 796 1084 2706 1425 2162 1285 2726 1525 2572 298 1884 2118 1280 1015 205 980 1744 1139 2678 396 40 466 1113 1199 924 1487 1610 2535 265 1954 122 2128 37 2263 306 1605 281 375 1726 1960 2627 1570 2022 1082
454 167 20 2030 2726 2162 1744 2791 2573 275 2222 1425 1284 1865 40 2823 1205 2303 23 2623 298 2268 690 2118 1456 122 1084 1884 980 2313 448 1591 38 2706 1610 1198 1199 327 1232 1537 1570 117 37 1659 1015 1285 973 396 411 1995 1080 1858 2468 851 592 1188 1082 586 922 2128 468 1308 1687 1763 1090 1214 115 1371 2109 22 443 1525 669 1171 1502 2627 2203 459 265 1697 744 281 2751 476 205 1738 2168 2749 1227 510 2476 1280 423 1661 1184 661 2620 1979 2567 629
1548 269 1938 1833 1443 1747 889 770 2686 1320 2496 211 2532 277 767 258 747 1989 2755 2702 1460 2045 2023 369 676 1584 852 1718 1986 2075 1940 531 2161 430 2134 2118 1275 2402 1972 2557 2687 2061 655 1434 1022 2232 471 1438 721 295 1282 1647 2531 108 220 356 1756 402 1140 1781 1568 2806 455 1317 625 2279 1787 331 1262 654 951 2062 1018 2025 1789 389 805 49 1293 2301 782 1921 192 1274 296 1378 1284 1488 936 408 1929 1008 1124 2396 1011 2818 2632 2505 2465 753
2741 899 137 2135 1212 1606 116 1056 1463 204 1935 97 1134 2842 2766 2558 2305 2511 1547 246 1067 2041 725 2068 722 2665 2294 1944 1055 2728 79 2207 1464 447 2825 2382 2248 2580 1076 2813 2708 2286 140 1452 1937 1777 1185 1868 2435 2393 2057 657 1899 1453 2291 686 494 574 804 1665 146 689 647 165 1639 1223 1874 1870 57 948 1825 1986 2004 2649 1901 26 294 1861 168 2639 197 329 440 1369 2736 559 2454 925 2376 2652 1930 682 1092 2683 1840 1126 1473 179 1725 2309
654 525 1781 1141 2070 1356 2025 2794 383 2669 239 2091 1787 2164 49 2311 245 2396 192 2531 2173 1248 2280 1435 1168 1299 139 209 838 1127 408 625 679 225 1505 296 1282 1598 356 61 207 1780 27 1274 113 858 344 2137 252 1503 2279 1240 1961 822 449 1011 1875 1024 1924 131 799 1021 2017 2316 618 200 1829 653 290 2693 412 455 1303 268 2232 1262 1568 216 471 1755 2565 1843 261 495 2715 2285 1500 33 1506 1216 1612 1918 1140 2142 1273 2698 31 331 805 1187
436 215 737 101 364 1900 341 2381 2040 989 251 1427 2540 803 293 1106 2504 1559 1451 1898 2644 572 766 328 2238 2114 545 395 1093 1230 789 1361 1300 962 2546 1115 407 1389 646 1683 1798 529 1883 2242 374 1801 2277 1394 2000 2113 2066 2579 1257 2759 2288 1818 1786 2178 1971 1951 1180 926 581 39 1175 2054 1357 564 2787 1334 2281 1306 1213 589 2323 658 240 727 2495 1353 304 1091 777 1558 1996 76 714 1207 2072 898 2784 230 485 1087 1561 483 614 782 2632 1048
922 807 759 1697 2643 1260 6 546 285 1702 1221 582 1083 1858 1188 732 411 468 620 1456 2043 181 2816 1797 1865 2171 2666 1570 650 2810 475 2313 122 1284 1916 2346 1153 1723 2167 37 229 1891 2194 2268 2261 1227 1603 298 1882 2476 459 1763 448 1082 1090 1380 1761 586 1768 980 1308 829 1285 973 1610 2807 1884 2048 2118 476 669 443 661 1015 820 1537 1541 1318 1560 2706 334 2425 2168 758 389 1006 138 1612 936 2611 1568 2634 1018 721 782 2402 455 1262 629 1972
2550 1507 107 2414 1177 2604 1669 1104 2641 2176 55 728 397 1194 2754 575 2019 1691 2395 1016 584 1482 2383 373 441 1523 2080 2695 2360 845 2326 2234 1028 2159 2233 1734 736 1259 2106 2192 457 2805 2254 2733 2637 1382 187 1372 2630 2297 1244 2780 2347 2525 2136 357 2586 2752 1690 2447 462 2166 2684 1626 1517 279 393 1467 1832 2368 876 794 1805 1014 1611 1959 775 1646 818 2651 1120 2345 2605 32 2802 1450 2211 2621 469 1147 2804 367 1192 830 2329 1678 1182 10 235 1099
776 353 196 98 2474 585 1643 1625 2067 2353 1864 1819 2081 2361 869 2462 910 2334 1963 2103 1402 1042 701 233 809 2256 381 1600 871 781 2027 276 69 2264 998 2792 1973 1667 2723 1583 778 516 819 1063 2575 382 2394 887 227 2012 1179 517 105 841 114 2001 2491 1977 1470 1697 945 9 2460 567 2391 952 1791 1770 2065 2711 118 2778 512 916 1579 2026 1354 1578 1271 1715 2729 2682 2363 2406 2328 2803 390 2053 639 1635 282 566 2647 711 2119 1302 1967 2611 2343 1187
1487 1471 953 924 1113 1400 1757 2573 882 275 2841 281 1502 1541 1687 2507 454 820 1979 629 1738 1371 334 750 115 2768 510 2030 2179 1397 907 2688 2620 167 1922 2494 1488 2677 396 1144 327 117 2150 2387 2483 909 2195 1763 1198 1641 2303 482 2627 1153 1255 420 2203 1205 1882 2498 1865 1833 37 20 474 1972 2599 1866 378 2521 2348 721 586 125 411 2823 956 1184 443 788 2402 2552 1591 1225 123 770 1443 2409 2810 1472 1018 1395 1232 2716 2161 148 1897 971 2396 2177
70 2478 2772 2077 1125 1753 2777 2561 2510 431 1035 2161 1759 1839 1834 2757 18 951 315 2015 2622 1557 1252 1390 601 1165 2302 1842 2818 2 2663 191 1980 2685 2315 1938 161 769 1895 2667 2482 430 655 533 2279 860 2228 561 2061 770 767 1335 1475 553 2236 999 252 1747 1701 1008 1829 1303 412 2471 1248 1026 1788 173 1710 753 1972 2311 858 2702 788 2398 1489 726 89 628 1029 2755 2144 484 1417 508 331 2632 889 2774 2289 2812 1929 848 108 1220 2181 2789 175 1275
2792 118 1791 567 1179 515 998 919 2491 2328 1579 952 1583 887 841 1769 9 1578 1354 1977 639 2647 945 1531 808 2778 1920 748 114 2065 1651 1063 2682 2252 1770 819 1470 1854 2711 778 382 1667 517 1585 1970 1851 2729 930 975 7 227 1657 2379 982 928 916 2575 763 1271 2097 2723 1211 2225 2310 2042 1528 923 151 2459 492 2304 1154 2559 2793 2618 2416 2488 1367 2349 1368 579 381 528 2334 512 2026 25 1402 1239 566 781 513 776 904 2298 1209 354 2460 503 311
611 188 1319 2817 817 1656 2790 1386 1102 1926 1644 2528 1934 1407 2411 463 2501 1029 2082 85 2044 556 197 2270 943 221 2300 1624 2375 547 2832 987 1405 312 134 2840 1489 1701 1417 860 1422 1710 635 1788 1617 433 1437 2289 1752 1486 550 900 1895 659 260 2419 2482 2735 769 559 2397 2011 2826 1208 1552 1983 2650 1564 2652 2836 712 1307 2076 1993 445 1181 1428 1369 2358 2133 977 4 2544 2050 970 2088 2556 2200 348 1782 1045 2767 161 1092 645 735 2454 26 480 978
113 1505 27 2137 1248 1274 1127 1961 822 1780 2311 1356 1435 625 679 1598 449 1021 525 383 1168 1299 2017 2316 618 200 654 131 1781 1240 239 2091 49 2070 2164 2794 1503 245 1141 209 838 139 252 858 356 408 2280 2173 296 1282 799 2531 2669 2396 1262 344 2025 1011 455 1787 61 207 2232 192 1568 2693 1187 653 2406 495 1875 533 1500 2715 268 1648 1843 33 290 31 1273 1612 2279 2142 1873 1941 225 1024 1755 1715 2698 580 326 331 1967 241 1635 390 1924 2565
2049 2140 2064 1290 1518 631 2282 530 1301 451 1058 2796 1017 1604 1567 921 662 446 2596 1981 1613 394 1237 1909 1906 1879 1105 1396 813 984 1554 355 2392 908 1370 243 1002 1119 2357 1331 2257 1673 2696 1614 1978 2093 1384 966 1742 1621 660 942 2262 2458 2782 2085 607 542 852 996 2530 124 345 1808 2692 1491 54 2660 591 912 2243 2753 2274 1264 2005 2781 2205 708 675 716 2372 651 606 2648 2131 2196 1495 2697 2096 1850 1387 1564 147 616 2208 1790 527 237 175 1258
1721 12 1473 1876 2809 140 1868 1452 2580 1777 2708 1185 864 1895 526 994 769 523 1899 1472 68 508 553 2774 433 274 858 533 2062 2316 31 2812 1708 1302 670 2144 1339 657 2500 458 1475 2236 326 1240 1141 2164 655 1974 175 671 1275 239 1831 1335 1961 1117 705 1972 1781 2017 331 1647 2061 192 872 1598 1655 200 847 580 2028 1187 654 252 860 1692 28 1356 2232 608 1274 1956 2286 561 2289 245 1248 159 1021 1780 525 1124 1938 1026 1896 532 2698 313 734 261
2043 650 2666 2171 2810 2816 475 1916 2346 1723 1891 807 411 1153 1570 1603 922 1188 1260 759 1697 2643 546 1456 1702 285 6 582 1221 1083 732 1541 1858 1284 820 468 620 1865 334 1761 750 181 122 1882 829 1797 956 1227 37 298 229 2313 2194 2261 2167 1139 2387 2268 980 2841 420 1884 2768 448 2179 758 2634 1953 389 138 669 1397 148 1018 840 2677 1537 2476 476 1768 782 2632 1285 936 467 2118 1048 2048 724 281 363 822 2348 108 372 2611 1610 129 1472 125
197 1710 463 1993 932 1489 1701 900 1029 860 1417 2375 1788 2482 2767 134 2840 1437 2133 2289 433 712 550 1486 1045 2050 645 2650 179 1617 2011 440 735 445 1369 1782 260 1422 319 2088 2836 2130 925 1870 2631 2714 2649 1307 348 769 2076 480 674 2454 26 1208 1895 563 1381 2241 1658 906 1468 2515 1552 1640 1328 2826 2084 2769 1627 904 559 1544 2397 489 1840 606 2419 2424 1644 161 1127 978 2439 1799 1274 31 1414 2082 2652 59 1190 1411 817 947 1428 2698 1202 51
1810 2509 202 2121 1075 1001 1012 2350 2583 249 67 1406 627 1944 1055 494 1780 2708 2435 1127 31 2728 2628 2144 653 1924 1029 725 2693 1216 726 316 553 1274 1051 963 2291 367 68 61 2236 1472 1475 1223 390 165 1050 192 331 618 2057 1438 235 670 344 999 1874 1692 200 2279 326 771 1725 471 1852 2316 2294 1822 580 1021 2770 1099 162 1961 1024 27 655 2177 657 1635 216 872 134 1187 2698 1273 643 742 1829 33 225 2181 2099 1584 2017 2053 207 1648 201 1775
1083 1702 732 2643 582 546 6 285 1221 759 620 1260 181 1797 922 807 1858 1697 468 1188 2194 2313 2261 2807 2476 1227 1318 229 1865 1456 2048 1768 1570 411 1380 2043 1882 1284 636 2171 475 2816 122 2425 2810 2167 2666 2346 476 1916 37 661 1560 298 669 2278 1153 1723 650 1536 2268 1761 1891 829 2118 2168 387 980 389 758 936 1884 448 2688 418 1018 1763 1481 2690 1603 782 2467 1438 2687 1285 1610 471 455 2398 644 971 753 363 2611 2465 2505 346 1692 1568 628
352 2455 837 1009 264 2092 2484 2833 1539 2797 2844 2139 2576 2269 2063 1815 741 2371 299 1159 2776 1549 428 403 2189 2731 1982 2226 1571 1814 2403 667 2215 2138 557 2100 913 573 642 846 1349 17 1735 2486 1925 1619 537 1122 1589 879 891 342 1622 600 1242 317 2338 203 1863 1520 2175 641 2473 2412 1572 2385 1338 2834 234 1862 795 2635 969 1618 2158 1 2811 2399 2727 961 223 1615 685 551 892 46 2771 1409 1373 2339 226 262 2255 307 1060 349 1994 1540 2223 2340
1506 216 1216 455 1918 344 1262 1612 1141 2311 2070 1011 1140 2698 1356 1924 1435 2232 2565 471 2531 654 1248 1273 822 1568 525 625 679 383 1438 1274 391 49 1598 1299 1168 2669 245 1024 331 858 2025 1505 1781 2137 1503 1787 192 2396 139 838 209 799 61 207 2173 408 2280 113 2715 225 1780 1875 402 27 1282 296 2794 2343 356 1127 2142 2164 239 2091 2279 131 138 252 655 1278 1843 363 268 936 346 52 495 1037 1124 2244 1465 2690 780 2821 1755 2627 430 418
2045 2755 2023 1584 258 747 1320 2496 1443 1833 770 2161 1938 1747 889 2686 2075 1029 1972 326 2144 2061 721 2402 31 1756 159 553 1921 89 2177 1303 1829 655 533 1647 1293 580 1974 503 331 1317 1635 2119 523 2715 771 430 653 1755 1097 1335 2316 654 2062 1967 670 68 1302 805 968 2774 561 1187 2610 390 478 2789 2770 2232 175 1708 2693 504 463 2236 1376 1339 1822 1715 1568 2028 200 261 1873 1781 2611 402 1274 1143 2017 1789 1395 1140 1356 455 532 999 458 367
654 1787 1781 2025 525 2794 245 2396 49 239 2091 2669 383 2164 2173 192 139 838 209 2280 2531 408 1141 296 1282 356 2070 1356 61 207 225 2311 1127 1299 1168 1435 1248 1780 1505 625 679 27 1274 1598 344 1875 858 1024 113 1503 1011 2279 1924 252 1240 131 2137 822 290 268 449 1843 2285 495 1961 799 2565 2693 653 33 1829 455 412 2142 471 216 1941 241 1303 452 1568 1506 2232 2765 1021 1500 31 1262 314 1039 2017 200 2316 1918 1140 618 1789 1755 1612 1216
1051 194 2352 1416 2272 1948 1586 1218 2815 2628 497 2046 992 1316 1496 1636 1897 1362 1965 1261 1381 1658 1544 2439 2241 1096 1840 2556 2713 201 1901 2309 1453 1860 2376 1986 1490 1253 1782 518 2433 1752 64 440 712 2050 2836 1569 51 950 305 1640 663 48 735 1649 2767 563 645 1796 2721 155 2649 100 1045 1054 445 1663 1584 2034 2840 231 965 1422 197 1369 2482 1710 2130 168 1617 900 2707 1444 2837 179 2652 1328 715 161 439 947 2553 1870 1878 1307 659 562 2454 2826
1759 2757 18 1834 601 1842 951 1252 2015 2772 2478 2077 1125 1753 2777 2818 70 2561 2 2663 315 2622 1557 1390 1165 2302 2510 431 191 1035 2161 2685 1980 2315 1839 2667 1938 1443 2702 770 767 1747 277 1833 889 161 2482 1895 2061 2236 860 655 1475 430 999 2755 258 1320 533 768 484 1114 1008 2279 1929 769 2402 788 467 1972 108 1335 1647 1489 1730 1701 1829 1187 2406 721 1018 1248 753 848 2632 1788 2398 2686 726 1275 2687 782 625 389 1022 1417 1921 1303 2228 2059
1662 1475 999 2236 484 726 2429 2059 2301 314 534 1124 53 2053 2470 331 655 806 2407 1465 2244 780 418 1481 786 52 2765 1024 1008 467 1037 471 1438 1140 1050 430 1275 295 346 1220 2687 363 452 89 1022 1730 753 2398 1929 108 1278 2806 1852 858 391 402 1647 2061 2693 1972 2402 721 1921 805 1967 1829 390 1635 1216 1378 1317 628 758 1395 936 2505 2465 1273 389 216 220 1756 1715 478 1755 2698 2343 1918 653 31 1303 561 1039 1648 2634 2285 799 2715 1568 464
1096 1948 1416 1897 1362 1586 497 992 2046 1051 2272 194 2352 2815 1316 1496 2556 439 2721 64 1636 1993 1569 48 712 562 155 1552 305 1860 1617 1640 1218 51 2632 1048 445 1381 1029 1663 715 2241 645 2082 782 1018 2840 1045 1972 1328 628 563 635 1912 1054 2011 1369 2454 1281 1782 1307 456 721 108 1303 1026 805 1422 1395 1710 2402 2631 125 138 1974 2628 2836 2061 1796 2270 2767 100 1730 927 547 2707 501 1658 1756 1317 259 463 134 1755 643 1831 2713 1612 1444 2062
2609 257 288 1800 2843 2613 1645 1731 1138 1871 1894 519 742 2763 416 773 1419 301 1992 406 1707 392 2102 1007 1385 1779 2145 1969 1526 535 2377 1527 1511 2516 2331 410 253 2341 1442 336 248 1516 937 1455 2219 648 1133 678 1174 1142 749 2697 1850 1546 2492 1498 538 1454 1309 434 673 2788 2549 1131 774 2196 94 800 1913 1936 1079 1424 2006 843 717 1794 2299 2251 338 1466 1573 2417 709 855 2005 2746 730 365 811 1634 435 1325 1243 2364 2519 1094 1110 2680 593 2151
698 1049 1041 2421 955 1949 839 1754 1521 1038 13 1272 2210 2520 640 932 323 1910 2671 2083 377 56 1249 2578 2428 2032 2047 1189 370 828 1337 1429 2335 2539 2798 2150 2629 672 933 1764 358 2795 2828 2602 1668 1374 729 1399 2038 2570 1329 2640 2808 1070 2031 1952 865 2839 1266 2120 2221 1118 31 580 326 159 2451 1974 964 1240 1273 1704 1143 1376 1187 1822 2406 2812 533 331 2774 1755 1813 1461 1317 2715 1756 1961 1302 782 771 553 1018 805 655 1692 2144 1588 1274 235
1515 844 5 509 2457 1889 2725 2404 2464 1766 609 744 957 244 2115 1696 1616 2448 2128 1556 1326 2124 2366 375 2014 473 498 1477 388 466 306 425 2351 1061 1426 592 1661 163 1637 2169 752 2508 43 2222 1108 80 1383 1296 2188 119 270 2442 1945 232 2168 1596 138 1283 1269 644 42 2611 520 2566 1140 2279 19 936 655 1692 753 150 757 2398 1591 643 1220 2048 1411 2468 2053 968 424 1216 561 1124 430 2720 1612 1602 2687 1143 1475 135 1822 2406 108 331 1974 402
1083 1702 732 2643 6 582 546 285 1221 759 620 1260 181 1797 922 807 1858 1697 468 1188 2313 2194 2261 2476 2807 1227 1318 1865 229 1456 2048 1768 1570 411 1380 1284 2425 2043 122 636 1882 2816 2171 2167 475 476 1560 37 298 669 661 2810 2666 1153 2346 1916 2268 2278 1723 1536 1761 650 829 2168 448 2118 1891 387 980 758 389 936 2188 1884 1285 1610 2688 1603 644 1018 418 782 2690 1438 2505 2465 455 2467 2611 1568 471 1662 1481 2687 363 1763 1378 2398 628 753
2313 1865 1284 1858 468 1456 1188 122 1260 1227 922 1610 229 411 1884 2118 980 448 1015 2194 2261 298 1285 454 807 759 2643 1697 1560 973 669 476 37 1702 1537 546 285 582 829 6 1221 1761 1153 661 1083 1199 1570 732 629 620 1797 2268 181 2823 2476 281 2677 2706 2168 2030 2167 690 20 167 2162 2726 2425 396 1763 2627 1082 1723 1768 1744 475 1882 1080 2666 1891 586 1425 1916 1090 650 2816 1308 2346 481 2043 1844 2048 459 23 1603 1262 2468 455 1568 2185 2232
1132 1588 536 1431 36 1268 121 733 2117 988 866 193 2090 569 680 429 2078 142 1499 1492 1886 802 1236 1699 2333 1553 2029 2380 432 1430 1256 979 2267 332 2451 1053 2227 1393 2786 1890 2743 555 340 1038 2384 1065 1033 2668 1910 1949 554 1562 500 1118 1543 868 1764 1774 1870 1303 2578 2795 1418 367 649 1441 176 412 1686 1117 377 872 1182 1329 2774 2108 2770 2421 968 2322 1852 2279 2789 162 2406 2812 2052 1955 1274 963 331 235 1135 1822 1314 1829 31 2764 159 1302
1035 431 2510 70 1839 2561 2772 2478 2161 2077 1125 1753 2777 1759 1834 2757 2015 951 1252 18 315 1557 2622 1165 1390 2302 2818 1842 601 2 191 2663 508 2279 1938 430 655 1747 1335 1980 2228 608 769 1701 412 1929 864 1788 1895 161 625 889 1417 1026 2398 753 1248 252 1710 2311 561 1182 2789 89 860 679 108 1220 1275 1008 858 1475 1303 1955 1022 1829 2265 2301 2236 526 628 2765 331 175 2062 994 2137 927 2687 999 788 467 2061 1598 2685 2289 768 2774 1050 2686
2252 2328 2491 1583 2682 1651 1179 1977 1920 1063 1578 639 945 2647 1579 998 841 1470 952 1211 1769 9 916 2310 2792 887 919 1531 748 1791 515 2065 118 114 2042 819 1770 1667 227 1585 982 567 517 1354 1368 1367 1239 1970 2575 2723 1657 2729 2349 2778 1851 1566 778 763 382 928 2711 2225 7 2488 311 808 1854 2097 2459 2379 512 975 2416 579 492 875 930 2026 1271 1154 1210 2803 25 1031 2658 2618 566 2559 528 2257 1225 1287 1209 2460 2369 2793 923 50 2696 1528
2141 621 183 171 1365 2152 2502 815 214 909 785 1605 2263 106 84 1927 45 1987 941 1866 1139 2056 96 1251 2197 2522 2401 1113 2503 894 189 959 1032 2060 2612 1661 1632 2554 2153 419 1364 150 2182 2760 2831 1171 2751 2608 236 481 1525 1064 2567 1371 1280 1336 22 1214 1217 2623 2678 309 1013 2386 2109 2841 1726 506 2572 2705 1315 474 762 2116 2348 1960 1084 1286 1458 861 2160 856 333 1380 565 2720 1004 1144 1953 1283 270 957 2562 1844 644 1108 2761 43 2188 2232
1993 1710 197 900 1489 1701 860 1417 2767 463 1788 2631 1029 2482 712 1045 1617 2050 1422 2840 550 134 2375 440 735 179 2836 1782 2130 932 1437 319 445 2133 645 1486 260 2289 2088 433 2650 2011 1895 1640 1552 2241 1328 1381 1658 2837 1544 1253 169 1369 925 2649 2439 563 518 1860 947 1870 1307 2076 2454 1663 348 1649 26 1054 1208 1444 906 2826 480 2769 1148 2714 2538 1261 2419 2707 1679 769 161 1623 559 2556 965 2270 663 2082 674 2544 2652 1878 659 2287 173 259
1906 394 1879 1290 1518 2064 631 2282 2796 2596 662 2140 1613 1909 2392 921 451 1058 2357 1017 2049 984 1981 1567 1301 1119 1237 1604 446 1978 530 2093 1002 908 2262 2085 942 852 1676 1396 355 1621 1105 1331 813 124 2543 708 1554 1718 1384 700 918 1673 243 2257 966 660 1614 1491 2530 996 651 527 1587 237 2696 2675 591 1808 2782 1155 345 1370 616 1404 2131 157 1812 2274 1181 186 2692 1988 2781 1100 1495 1564 716 742 2458 2045 1800 1828 1215 2763 2134 833 2657 41
967 1719 1804 2296 792 2235 91 1689 24 2024 426 2143 1597 2430 853 634 499 2638 2756 739 465 2021 2320 754 240 2260 2615 76 926 483 2784 1091 1448 2281 1180 1996 1478 1728 1265 564 1149 789 1818 2224 2533 184 777 2495 230 213 1593 832 1231 1849 39 2673 2295 540 291 2288 558 1535 2413 135 1300 2472 1722 1867 2354 707 2408 286 2172 218 1257 1357 29 424 1269 1561 1533 1786 1631 1971 1087 1590 93 895 2000 714 1883 898 2242 2566 2649 232 2538 2390 2504 376
2741 899 116 137 1212 2135 1606 1463 2305 204 1067 97 1935 246 2665 2068 2842 2511 1134 722 1547 79 2041 2766 2558 2294 725 1056 790 2319 1944 2580 2506 1055 686 2057 494 140 1452 1868 2291 447 2728 1962 574 442 2248 2435 657 2813 1076 329 804 692 1777 2499 2625 2598 350 508 1874 2708 2286 1899 2719 1185 2436 864 994 1464 1998 1275 444 1725 1223 2037 1771 1473 1376 526 655 553 974 1335 12 2681 608 2382 146 1126 598 159 274 430 326 999 1099 772 2322 1955
312 987 635 2832 1405 4 1146 85 2300 1102 221 943 1407 547 2790 1926 2270 2082 556 1386 1752 817 950 1656 1545 1737 626 1202 59 2367 2389 2817 1319 1799 826 2411 1934 2501 188 611 2044 613 2556 259 283 2544 2312 134 1422 2148 1624 2069 2397 1092 1552 978 1190 2528 1307 1148 550 2714 563 2424 1617 2515 2826 2574 900 712 445 606 1468 440 2606 2419 2454 735 1644 266 518 2076 2133 1369 463 2840 480 2836 977 1240 1788 1208 1870 2652 2767 219 1993 1328 2631 1117
835 1254 1908 284 1310 1107 1512 702 1830 931 848 65 903 1114 1340 768 1767 990 2471 2388 2601 502 1235 2624 2276 688 126 103 1845 578 1323 1608 297 684 1720 522 250 1821 1391 1975 1413 1186 2314 2667 1972 721 2061 1395 1921 2402 389 1465 534 758 561 734 2244 726 780 1140 464 1018 2429 2059 1647 999 2099 2283 484 125 225 298 412 138 1827 1612 806 2181 1706 587 1715 643 1912 532 1317 1037 2236 1021 927 467 331 2634 2017 782 290 2316 2557 1124 2279 1532
197 463 1710 932 1489 1701 1993 1417 900 860 2375 1029 1788 2482 134 2767 2840 712 433 1437 550 2289 1045 2650 2050 1486 2133 440 645 1782 179 769 2714 445 735 2836 2088 1422 2011 319 674 1617 1369 1468 260 1870 2424 2084 1307 978 2515 489 925 259 2076 2130 2397 480 1208 904 606 2574 2826 2649 675 563 1190 1552 1658 1381 906 559 1627 1799 178 348 1644 1388 2652 1934 2631 2544 1428 2358 2501 2419 2606 2528 1092 1983 2646 26 2454 1313 950 2480 1123 1414 59 1046
571 1065 332 340 1418 597 1033 2743 554 417 1686 1393 1562 2029 176 555 2786 2668 1890 2333 886 2227 2108 1888 979 429 62 2032 868 569 2047 432 370 2090 1189 56 988 121 323 193 1268 1398 536 743 878 2423 289 1492 361 681 199 2421 802 1256 2415 427 1793 21 302 78 2451 1553 2217 2099 2370 1335 893 553 2568 2674 33 2693 1302 2119 653 2689 2078 159 580 2236 1117 2687 1827 1741 2365 2144 1635 1896 2681 2053 92 2479 1143 1430 2513 587 261 68 1831 2764
1586 1948 1416 497 2272 992 2046 1897 1362 2815 1051 2352 1096 1496 194 1316 1636 1965 1584 2023 2628 2045 1218 2755 258 747 2556 1840 1381 1658 1261 1544 2439 2241 2496 1320 2713 518 1253 770 201 1782 1833 2161 1860 2545 1796 1443 950 2034 1747 1752 2309 563 1640 64 2721 1029 1710 1878 712 51 2836 305 1123 155 1901 439 1422 562 1938 715 1993 1417 900 1569 2433 463 889 2826 48 663 2686 2050 168 197 231 1489 1701 1986 2770 2840 2144 2652 260 860 134 674 1437 2088
197 1710 1993 463 1489 1701 900 1417 860 1788 1029 2375 2767 2482 2840 1422 1617 712 550 134 1437 2133 1045 932 1486 2050 2631 445 440 260 179 1782 735 2836 2088 2289 433 2649 2130 319 2650 1369 925 645 26 2011 1552 518 1870 348 2454 1895 563 1208 1640 2769 2241 1307 2076 1658 2419 1381 2826 480 2714 1544 2439 659 559 674 906 1328 2652 1663 947 769 2837 169 1649 2556 1983 2538 965 1148 1253 1054 489 1468 2397 2790 2082 1840 1102 1444 2084 221 161 1860 943 1405
352 2063 2844 837 264 2484 1815 1009 2455 741 1539 2092 2797 2833 2139 2269 2576 1159 403 2371 299 2776 2731 428 1549 2189 1814 1571 2138 2403 2100 1982 573 1589 1122 846 2486 642 537 17 1622 1735 317 1349 2215 667 2226 600 557 913 795 2412 1338 2338 1242 1862 2811 203 342 961 1925 2255 891 1619 2473 2339 2175 1060 879 1520 1618 234 1 2399 969 685 1101 2727 226 577 1572 1863 641 2635 2385 90 1828 307 223 2834 2614 2431 551 46 2213 1615 1373 262 2158 1409
2792 118 998 567 1791 1583 919 1179 952 1354 1769 515 2491 808 2328 2778 1579 887 2065 841 1977 1578 2252 9 945 639 2647 1531 1920 1063 2682 517 778 382 2711 114 1651 7 2729 930 748 1851 975 1470 1970 1854 1657 819 928 1667 982 1770 2379 227 1585 763 1211 916 2310 1271 2793 2575 2723 2225 1367 923 2042 2304 2349 1368 151 2459 579 2488 2416 1239 492 2081 311 2559 1819 1643 1402 776 2460 1154 2334 1528 2097 809 503 381 2618 910 711 671 532 1335 2028 1210
493 133 1034 1575 1724 210 1580 2418 746 2461 280 1234 2174 2456 1276 1861 1392 2327 1792 2374 1665 570 2186 57 2229 548 1664 704 1930 793 2004 1859 1758 2330 689 1072 294 1030 2125 421 1279 2838 2184 1375 2694 1358 1765 77 797 366 1947 720 859 1193 2581 1776 976 2206 242 158 756 2123 1086 1887 228 880 2039 656 1345 2703 2590 1457 1551 2332 287 2739 2198 1877 2127 857 1350 1196 263 885 2659 1191 801 2356 1542 2672 706 2541 1229 1043 438 514 2321 1432 170 1377
1872 760 2163 380 1233 437 401 1628 981 453 1599 73 477 2074 1976 399 823 461 2055 1510 99 208 2587 595 1145 141 2098 1023 1047 1717 2747 2655 816 1085 2122 2679 177 2126 1163 612 2829 1903 731 1160 2469 174 1784 72 2775 172 694 1415 164 2362 156 2577 460 2722 1241 2009 2636 1911 2355 1335 1376 2557 222 430 2298 805 850 2156 1321 1098 1411 2023 2191 655 1756 2594 2161 2177 786 867 726 478 2681 999 2370 1972 625 2552 152 552 2228 972 363 2301 313 1248
956 1882 2749 154 1059 342 2740 2468 551 1761 829 669 1153 661 2168 476 2444 2387 2194 203 1524 1227 2261 820 334 38 1541 1629 1811 1509 1803 2710 472 2823 1603 795 229 1167 2013 448 1060 750 1862 2476 1355 127 1260 807 546 582 1560 285 1373 2213 2425 387 1221 644 2688 455 888 867 1124 1536 2801 1216 428 1140 971 1262 307 1780 6 389 1275 1797 2557 1506 391 1011 1875 2232 2053 2017 1647 468 414 1278 557 1612 1472 31 1037 2402 1101 1274 2255 1505 2236 1127
2755 2045 2023 1584 258 747 1320 2496 1833 1443 770 2161 1938 889 1747 2686 2075 269 1548 852 211 2061 1972 1921 326 1756 1317 31 1647 523 533 2402 1974 2236 721 655 1635 504 1187 1708 331 580 159 1302 1829 1293 2715 1967 670 430 2028 1335 2144 654 1781 1240 2119 390 1097 1303 653 2232 503 1475 1755 553 2774 1037 1568 1787 1395 561 805 2053 2062 1715 220 1124 175 2500 525 532 2283 89 1438 2177 1461 455 999 847 1339 1831 1789 2316 1827 2557 1248 1011 1822 2301
1781 2794 2164 239 2091 654 2531 1787 2025 525 245 2396 383 2173 49 2669 2280 139 838 209 192 408 1356 1141 1127 1282 296 356 2070 2311 225 61 207 1299 1168 1780 1505 1274 1435 27 1248 625 679 1875 1598 1024 344 113 1503 1011 131 1240 2279 1924 858 2137 268 822 252 449 1843 495 290 2285 1961 2565 33 1021 1941 452 1500 2693 653 799 2142 1506 455 2017 2316 241 618 200 1262 1612 2765 1216 1918 216 1039 1829 471 1124 1789 314 31 2053 1140 2232 1568 1303
1113 1144 1371 1661 851 40 1960 474 2571 1298 592 1757 882 2116 2572 2678 986 1525 2507 1336 1280 2386 482 629 1013 2162 1084 1232 2573 1726 1434 1255 2503 2263 1365 123 2109 770 454 856 270 762 2569 92 1744 815 2566 682 1616 327 2494 670 1282 1592 1302 1327 2212 356 42 2402 2482 2316 1315 1974 1320 1647 1687 84 941 455 2427 296 1659 2303 2726 2690 2232 225 408 106 1972 531 1011 1987 1010 1269 653 721 1781 2152 2557 326 61 2183 481 1568 2025 2677 1064 2735
1425 1380 1044 2167 1090 443 1006 459 586 1308 205 1082 350 1763 2268 396 37 2449 1449 2249 8 2514 1697 1750 761 1474 1671 325 1267 2535 745 2627 1456 1865 275 474 905 2030 122 2648 454 897 2091 847 1335 2228 1933 734 2164 239 1827 2774 1852 2283 624 724 1831 175 711 2212 1327 108 2197 1018 1896 753 1092 2812 481 561 1021 2137 1655 1746 2398 2279 1680 782 252 772 2597 2794 2552 1388 2806 1164 622 671 946 2370 643 2053 125 1297 1026 430 1972 2250 28 2646
2152 1605 1139 2502 1866 214 2841 621 909 2263 1365 815 2141 171 183 1113 1960 785 1987 1570 84 2348 1953 298 941 1723 106 1891 2503 6 481 420 1364 1251 1221 582 2831 2768 2346 2401 1032 1397 1927 1171 594 1916 285 2060 475 1525 22 851 189 732 117 620 2554 2567 2705 510 2522 1979 2182 546 2179 1632 148 1661 1922 1198 150 1371 1064 1738 45 2678 1502 973 2303 2751 96 1380 2760 1285 2118 181 2056 1083 419 2197 2494 1456 2816 1286 2521 1214 1865 2153 2612 894
519 1419 301 392 1992 2331 2763 773 2102 1442 1969 1511 257 2843 1779 406 2145 1385 1526 2516 1007 1645 1894 1871 1778 2341 1138 1800 1731 253 2613 1495 2609 336 248 535 1455 1325 2377 1527 2696 730 94 1142 338 648 1020 1424 538 678 410 1309 843 288 1131 1133 2830 1243 1174 1498 1614 855 2251 1454 2560 1573 1331 1546 1673 1581 1707 50 742 2660 1466 2746 2219 791 2151 1565 2492 1695 2803 717 937 1893 2369 673 1516 2788 2519 2257 360 365 1850 1936 1634 749 1031 1379
2045 2755 2023 1584 258 747 1320 2496 1443 1833 770 2161 1938 889 1747 2686 2075 326 31 2061 1972 159 580 1756 1921 1635 2144 1647 1317 2402 1293 1187 1967 721 653 655 670 654 2715 553 1755 390 331 1974 533 2236 2693 2119 1097 1829 2232 504 805 1302 2062 1822 1011 89 430 2316 68 2028 1708 1715 503 2177 2053 27 1789 220 1274 1568 1781 1303 455 523 771 1050 192 1335 1143 1356 1438 2343 799 2025 1780 61 471 532 1127 402 356 1395 2611 1240 968 561 2774 200
2323 1334 529 1798 2277 962 1801 1230 395 2644 1683 572 1951 1175 1306 485 2759 2579 727 589 658 2546 1115 1300 374 1389 1361 803 581 2787 545 646 2054 1394 789 1561 1451 1427 240 1883 2504 2000 251 1353 2540 2066 304 2113 1197 101 2114 2178 436 483 215 2381 1213 1900 2242 293 364 1559 737 714 1928 2784 898 315 895 2040 328 2622 2409 1759 853 2302 430 1165 2238 531 1166 1557 1217 1558 931 1137 93 1050 65 2402 614 768 2062 117 1689 1972 2030 2624 2152 2430
2428 2520 640 13 2210 2671 1272 1429 377 2083 1910 2798 2539 2629 2578 1949 1754 1337 1038 2421 1041 729 828 2335 2640 323 2221 1764 56 2120 2570 358 2031 1070 2808 1399 964 1249 2038 1329 2839 672 698 2795 933 2828 1266 1668 2602 1374 1952 865 2047 2032 1189 370 955 1049 1521 1245 580 31 27 2053 839 2236 2406 1118 1143 1187 159 1475 326 1647 1127 1568 209 1635 1822 2232 1011 2343 1050 1124 838 1037 390 1240 1852 1274 1317 1967 2715 295 1472 331 653 932 1648 314
1487 1471 953 924 1541 1113 1757 882 1400 2387 820 334 1502 1153 2573 454 750 2677 275 629 281 1687 1738 510 167 2179 1761 2030 1833 1763 2841 1603 37 956 1922 2150 2620 2768 1397 122 770 1972 721 2688 378 1144 1443 922 2402 1488 624 1395 1938 1232 123 2823 1284 2840 2483 2011 2494 411 2303 2195 1317 586 546 1198 2707 1921 2348 1371 1979 1897 2061 2557 20 1080 907 1018 2396 2203 1205 1591 1715 1472 971 117 1255 475 2177 1617 327 504 179 1612 138 1756 125 2690
312 987 635 2832 1405 4 1146 85 2300 1102 221 943 1407 2790 547 1926 556 2270 2082 1752 1386 817 1656 950 1737 1545 626 59 1202 2367 2817 1799 1319 2389 2501 2411 1934 826 2044 283 2069 188 611 2148 613 2312 1624 2397 2528 1422 2606 1644 978 1092 2424 1148 2556 1468 259 1339 2544 1840 1190 1117 480 2200 2714 2133 2826 550 1302 2652 134 2419 2574 152 1240 900 563 977 904 1870 1369 1437 712 606 925 847 2515 1274 1896 2454 440 1617 2674 1414 524 1314 313 559
835 1254 1310 1107 1908 1512 284 702 65 931 1830 848 1114 903 768 1340 2388 1767 2471 2601 990 502 1235 126 2276 2624 688 1845 578 103 1608 684 1323 522 297 1720 250 1821 1391 1975 1413 1186 2314 2667 298 721 1921 1972 2061 2402 1395 1647 389 1140 726 1465 225 758 331 534 780 464 2244 1037 561 806 1612 2059 484 525 2181 1124 999 734 1706 2236 1715 2099 1827 2283 2429 1011 290 532 1568 2693 138 1438 1756 1317 268 61 1532 587 2634 471 1829 643 2311 1918
2022 63 1213 2000 1019 1333 2066 304 2113 2178 1137 614 1087 1590 1394 93 1207 2072 898 1389 1558 714 895 1166 545 1298 2409 1115 1631 1928 2546 1561 2542 182 617 1300 1801 2242 1346 1535 2656 483 832 540 240 529 2277 1693 1197 1683 1353 1883 2784 291 853 1593 789 76 310 1773 2759 1434 2504 374 1161 2129 2579 803 1785 407 499 1343 949 395 1513 783 2827 2737 1743 1228 940 581 2054 1175 2149 1847 1257 485 1451 1004 2114 2112 1971 1786 1093 983 676 1749 1712 251
2218 222 1436 1504 2512 1305 1790 1933 2071 897 1052 1736 2342 2450 1638 755 1806 1709 850 1911 2432 2355 2201 2156 1321 1098 2645 836 2096 935 2750 1044 2362 2691 2420 1621 144 1682 175 2642 711 2627 1143 1822 1387 580 481 1118 159 2199 833 2594 734 2283 1335 612 523 1293 1865 1248 1827 2552 2318 120 1097 1472 2597 1164 2446 2773 847 2032 1050 1317 2137 625 402 511 1929 1655 192 2232 2452 2070 1852 1756 872 108 1831 1635 552 89 2193 553 2500 1746 2610 1896 1598 1435
767 277 1938 1443 889 1747 2686 1833 2532 211 2702 1320 770 2496 1980 2315 2685 369 1989 269 1548 1460 2818 951 2015 1252 1834 2478 1842 2 2777 2663 2510 2772 2077 1753 1125 2757 18 431 1759 70 2622 1165 2302 601 258 315 1557 2561 1390 2755 2045 191 2023 1895 2061 769 1972 1584 1275 2402 1655 2236 1831 2232 927 721 1018 1475 782 1789 1929 1829 1647 655 553 1248 1035 161 2316 1756 331 1008 2632 1472 533 1568 1303 1302 2406 625 1730 999 31 2311 2343 1921 389 1413
1742 966 2458 1384 1495 243 1370 1554 1105 1396 813 355 607 530 1614 2696 1673 2257 1604 446 1331 1002 908 2049 1301 1237 1567 1981 337 487 1681 1705 1017 2600 2660 942 2085 2543 451 1058 2093 2140 984 921 320 2064 1978 2369 1893 1613 662 1287 1909 50 2357 175 1565 523 2394 711 1680 394 238 2460 1275 295 193 54 542 503 2597 988 28 1896 1302 2598 561 360 1031 587 505 2552 2119 2500 1929 2181 772 2716 1936 2687 1472 1461 2773 2806 2193 2053 710 1037 1853 235
631 1290 2282 1518 2064 2596 2796 1909 2392 662 1613 921 2140 1906 394 984 1119 451 1879 2357 1058 1017 1978 1567 1981 1301 2049 1604 1237 446 2262 530 1002 852 2085 908 942 1676 1718 1621 660 1396 1105 1384 1331 1808 813 2274 124 1554 2782 2543 2093 708 2257 355 1404 2134 1673 2530 996 243 1491 1100 1155 700 918 542 345 1688 1587 1614 186 172 2696 54 1370 591 651 527 2373 237 2045 2023 2657 1089 2642 1812 1584 1828 616 2600 2131 742 637 1986 2089 2829 255 2835
1870 2769 925 26 2454 348 2649 1369 2538 2714 480 663 550 518 1422 179 2588 2556 2638 463 735 2130 433 197 1788 2289 1710 1417 1489 2375 1701 860 2840 2650 1029 2631 1617 134 161 769 2050 445 440 563 1045 2544 2482 1895 2133 2011 259 712 168 2836 1782 645 2826 1859 720 2707 1092 2123 1665 2767 231 219 1453 2574 1649 965 1543 1172 1054 559 2632 1901 1552 704 421 1048 1253 1640 1983 478 1627 1026 2419 1663 2837 628 1117 689 471 1860 1503 2241 1438 524 489 782
1487 882 1113 1471 1757 953 1541 750 334 1400 820 956 281 629 1144 275 2677 1687 123 1477 2387 1406 1761 2823 1882 2195 454 1502 378 907 770 2620 2483 1833 986 2150 1972 721 1928 2409 1740 1921 1922 2402 1166 1395 1412 2061 482 1641 1648 351 1938 1029 138 961 1866 1187 1018 909 1317 1603 2137 2406 2396 27 1612 125 1443 1780 396 2527 2716 2177 2245 2735 1472 822 1024 510 1048 2690 2573 1897 1715 1206 1900 2011 504 2773 1756 788 1255 782 1787 2467 1225 402 2622 1051
150 2263 1726 2678 1525 2623 2386 2572 2116 1280 1960 96 894 861 1084 2554 419 1632 1371 762 2153 106 1927 1139 1013 474 2160 1336 189 2401 2060 2079 181 2612 1032 1458 1315 1380 2503 620 851 785 1365 2141 2807 1797 732 2571 1251 1318 398 2476 1536 300 1217 333 1083 309 2591 856 2278 2720 636 387 2048 644 1364 1108 1866 2188 2442 45 949 2705 2688 1438 2831 471 1702 84 1144 481 1768 42 2522 621 2690 2562 1283 1907 171 689 2056 2230 936 335 2467 793 418 1627
1631 1996 1091 2000 1093 777 230 407 483 291 1561 1087 1971 1593 1447 832 1483 1257 240 2784 1346 2242 16 617 1137 1469 540 1786 44 376 2504 2317 1180 789 614 1300 1749 1590 2785 1357 1804 1801 751 761 1353 93 2281 2072 1883 564 1535 2288 1898 39 926 2495 1207 766 2542 1914 898 2579 1558 76 895 2129 1057 714 2114 792 1672 63 1818 374 967 328 1166 2437 2249 2700 576 2238 2235 1836 2409 1183 1928 1019 2277 465 1103 2422 2058 251 2555 341 499 783 2759 1389
1096 1948 1416 1897 1362 1586 497 992 2046 1051 2272 2815 2352 194 1316 1496 1636 1218 2628 2556 1381 1658 1261 2241 1965 2721 51 1860 1584 1544 712 715 562 1569 305 155 2439 1796 2713 563 1617 1422 48 1993 1640 1840 2454 2045 260 2826 1369 100 439 1782 64 900 445 201 348 1307 2023 1878 1045 2755 2767 645 2538 2836 259 925 1489 2544 2714 2649 463 2034 2769 1552 2650 1710 319 1701 518 2088 26 559 1148 2076 1437 1328 860 1417 550 2840 663 2082 943 480 1788 221
1290 631 2282 1518 2064 2596 2796 1909 662 1613 2392 921 2140 1906 984 394 1119 2357 1879 1017 451 1978 2049 1058 1981 1567 1301 1604 1237 2262 446 530 1002 852 908 942 2085 1718 1676 1621 1331 1396 660 813 355 2543 1105 2257 1384 1673 1554 1808 2093 124 1614 2274 2782 708 1155 1404 243 2696 2134 700 918 1100 1587 2045 996 2530 542 1491 651 237 1688 1370 527 345 966 2600 1485 616 186 1812 1938 1422 2642 220 606 1181 1833 1275 591 2023 2594 2131 533 1584 1896 523
536 1588 1132 1268 1431 121 36 2090 988 193 2117 569 733 2333 432 866 429 979 680 2786 2227 332 2108 340 1065 1492 802 1393 1499 142 2668 2743 2029 1033 2078 1430 1562 176 571 1329 555 1553 1699 1418 1890 1764 2839 500 2335 886 2570 2795 2578 1256 1686 1886 2808 828 554 1793 2380 2267 1249 1952 901 597 1888 377 1266 2640 868 1774 1118 2384 2406 1374 1955 2322 1303 159 711 1746 772 1974 1910 580 2789 2265 1187 1240 417 1635 2770 412 633 2597 2774 1335 1972 553
1886 1256 1430 1553 1699 142 1492 802 2267 2380 429 1236 868 1890 743 555 554 1888 2333 2078 2029 176 2668 427 2217 2786 1562 2227 2743 901 2568 2108 432 1393 1033 1793 2415 2423 340 886 597 979 1686 1418 417 1431 36 2117 866 1053 571 1065 332 289 733 62 2451 1588 878 1132 1499 500 536 1398 361 681 21 1268 2090 2384 302 292 78 199 680 893 1038 988 2421 193 2735 261 358 1272 1754 121 2671 2594 2031 1952 1829 1070 742 1041 2221 1187 1949 31 2428 354
2741 899 2135 137 1212 116 1606 204 1463 1935 97 1134 2842 2511 1547 246 2041 1056 1067 2305 2766 2068 2665 722 2558 725 79 2294 1055 1944 2728 447 2580 2708 140 1464 1868 2813 2248 2319 1076 657 1777 2382 2825 1185 1452 2057 1937 2286 1126 2435 494 790 1899 2625 692 2291 1874 647 686 574 2207 2736 1892 526 271 2440 864 1677 1771 1473 274 994 146 2393 1223 1408 1942 1453 804 2037 1870 2499 440 1901 1725 2639 329 197 2719 608 1639 677 2292 2419 2309 1956 1092 2683
1179 2491 2328 2252 1977 1651 1578 2682 1579 515 1063 945 639 2647 1920 841 952 9 1769 748 887 2792 1531 1583 1470 1791 998 114 919 916 819 118 1770 1667 1585 1354 227 2042 567 2065 2778 1211 2310 2575 1851 982 808 517 2379 2723 2729 763 930 2225 1854 382 1368 975 778 2459 1367 2711 7 1657 2488 2349 1970 2097 928 492 1271 1643 1154 1239 1819 2334 2081 910 2416 512 528 1402 923 151 1528 2618 2026 2462 2304 2559 2312 1566 381 1042 524 1864 311 579 2460 904
569 2090 988 193 121 680 536 2279 1168 1299 412 1268 1829 1303 252 430 1503 858 561 1588 655 1132 2808 1910 729 1647 2795 1972 1793 2061 1764 721 2402 2570 2798 1921 1395 2640 1431 1329 2083 1248 1266 1756 2839 2335 2311 1952 625 679 2578 533 1598 1065 1435 36 2531 1317 332 323 1356 2421 1024 56 1037 2210 2070 2568 901 1337 1189 370 13 1475 1831 1655 927 1499 1789 2117 828 1272 383 2142 2415 331 2164 525 1050 640 2236 2428 2032 822 2091 2539 113 377 733 2053
2721 1569 715 305 100 51 48 562 64 155 439 2034 1796 1640 2545 2433 201 1860 2713 2309 1901 1453 1490 2376 2556 2631 1416 2272 1051 1948 1496 194 2352 1316 1369 2649 925 2826 2454 348 1870 559 260 1617 26 712 1636 2769 645 445 1586 563 1307 900 2652 480 168 197 2840 674 1045 1437 2419 1965 663 2538 2815 2714 1782 1422 659 440 2836 978 2088 2007 1096 259 1218 1848 1428 2050 550 1840 1983 2358 1486 735 1046 2011 1148 2767 463 2337 1710 1029 2076 1123 319 2130
1091 1996 230 1786 1257 777 1971 1180 1357 2495 39 2288 2281 564 926 1818 76 751 1106 2000 2114 1483 1447 1451 1087 1137 739 614 44 1804 1559 1093 483 2317 16 376 1057 2072 1561 1353 1558 1469 1801 2224 2785 1300 1207 1346 240 2054 407 792 2784 93 789 1593 2504 898 1749 714 576 1914 895 761 1883 1590 2296 2542 291 766 2540 676 251 1631 617 1836 2409 2700 465 832 1166 1672 341 2242 646 1361 2235 2699 803 1928 1940 1183 967 104 63 1898 2437 1427 1536 2249
2022 63 2000 1213 1137 1019 1333 614 1087 93 1590 2066 2113 2072 1207 898 2178 304 1558 895 714 1394 1166 2409 1389 1928 1115 2546 1298 545 2542 1801 76 182 1197 1300 1561 853 529 2656 1346 2242 1683 803 2277 617 1353 374 1786 1257 240 1971 2759 1693 1631 1883 1434 395 2579 483 789 1357 2114 1773 1535 2504 407 1451 2224 2054 581 1175 1161 646 540 2644 676 39 2784 215 1951 1343 832 485 1593 251 1106 101 310 2281 436 940 364 1334 2129 1180 75 2288 2149 962
2141 2502 2152 214 1365 183 621 785 815 171 1605 909 2751 1171 1214 1661 22 2567 2109 106 1927 1987 2263 1032 1866 941 2060 84 189 1139 96 1632 894 419 2153 2554 1113 2401 481 2197 2503 1217 2612 959 2841 2831 309 1251 1953 150 957 1364 2522 856 2705 1525 1371 2056 333 45 454 2348 2678 2623 1064 861 2760 744 300 1280 2030 1336 167 2608 762 1960 2160 1286 1315 1199 2386 236 2182 1726 1013 851 1844 2726 2404 2162 20 2457 2116 40 506 2303 1907 2572 43 592
213 558 2295 2413 1448 1478 1265 184 2408 135 2615 2472 2638 1533 1312 119 707 1296 1383 80 2354 1849 1984 424 1867 1269 1722 218 757 2390 1945 232 2566 1529 520 19 2024 1728 2430 24 2744 754 2143 2756 1231 2021 2533 2673 286 2320 634 2172 1733 739 426 1149 29 1689 1597 91 2260 2366 2014 425 1719 2124 967 498 853 1326 388 375 1061 1228 1766 1785 499 609 1515 2464 1839 1847 2128 2279 473 844 1161 1182 1426 1168 1299 1335 1822 1513 359 2561 1870 509 430 2177
1275 295 2687 1929 2806 1730 2301 2236 1475 999 484 726 2407 1662 2059 1124 655 2429 331 314 2053 1008 467 53 534 504 2470 464 2765 1706 1655 1037 1220 752 363 786 1831 927 1024 1789 1465 471 1022 2343 1335 2062 89 806 1472 452 2505 2465 2611 220 628 936 1140 346 52 108 2244 753 2398 758 1438 430 402 138 2632 1048 1026 1852 1297 1378 780 1039 840 418 1481 2557 2142 389 643 1692 2634 1278 241 782 1018 391 2285 858 478 1273 2693 1612 2698 1050 216 2228
1752 950 2367 2300 1407 85 2556 1926 221 2790 943 817 1102 1496 987 1146 2069 547 2832 1965 635 312 2082 2270 1636 1799 1405 1316 4 1656 556 826 1202 626 1386 2817 1737 2477 2389 283 1545 613 2815 2272 266 59 1840 2352 1319 611 2628 992 497 2046 1586 2241 1051 194 1218 1897 518 2439 1362 1381 1658 1544 1644 188 134 2528 1253 2411 1261 1948 1624 2501 1782 231 1934 1416 623 2044 1123 168 440 563 2050 735 1878 2553 1422 2836 1096 1148 712 2010 1860 2713 1640 965
2731 2138 1589 697 1122 1814 1539 1735 1349 2063 741 718 1815 1514 2524 352 537 2339 2844 2104 1571 403 2484 2529 837 264 1242 1159 1009 143 386 2455 2175 1440 2403 2776 2092 2797 969 511 2576 17 913 2139 2833 1618 846 958 2271 2269 1445 642 2189 2100 573 2371 1025 299 428 810 71 2517 2486 787 638 2215 2226 961 234 795 30 203 2338 1572 1549 2473 2619 1520 1982 2399 2412 273 317 1270 1215 577 1622 557 1 1338 2246 600 1101 2811 2255 667 1828 2727 307 414
1710 197 1993 1489 1701 463 1417 860 900 1788 1029 2767 2375 2482 2840 1422 712 1617 1045 550 2050 440 134 179 1437 735 445 1782 2836 2133 2631 2130 1486 260 932 2289 319 2088 645 433 2650 2011 2649 1369 925 518 1552 1870 26 2241 1381 1640 2454 1658 348 1895 1544 563 2439 2714 1307 2837 480 1328 1208 2076 947 1649 1663 169 2769 2826 2419 1054 559 674 965 1444 1253 906 659 769 2707 1679 2652 2538 2556 1623 1860 1261 1148 173 161 1983 663 1840 489 1468 2397 978
1507 2550 107 2414 1177 2604 1669 1104 2641 2176 55 728 397 1194 2754 2019 575 1691 1482 2395 1016 584 2383 2080 373 1523 441 531 845 306 1303 2062 252 2632 1647 1972 1829 1299 1168 1746 2279 430 2695 721 2402 1182 1022 734 1789 2061 2774 412 2465 2505 1655 508 858 927 354 1026 1335 1018 1297 726 2017 444 2674 1376 2812 330 125 1220 2228 138 89 1896 628 696 788 1961 1831 2191 1692 2177 1918 1273 1048 782 2661 2557 1813 654 1008 108 1099 1024 1923 1293 1921 331
1067 2068 2665 722 2511 1547 246 2842 1134 79 2305 204 1463 1935 97 1606 116 2041 137 1212 2135 899 2741 2294 725 2766 442 2558 2506 1962 2319 790 1944 1055 350 2728 1056 447 692 1126 2292 1130 1076 804 2813 1868 686 2248 329 1464 2719 2382 140 2286 1937 2708 647 2580 2639 1452 1223 2057 2436 2598 1874 2825 1777 2499 2393 494 165 994 1327 2212 864 2683 1956 159 526 705 948 2681 2322 1639 657 1986 503 274 772 2736 1293 653 1414 1021 28 580 2534 2250 2028 2435
1429 2428 2629 2798 729 2640 377 2671 2083 2539 1337 2578 1910 828 640 2520 2335 2808 2210 13 1272 1764 1399 2570 2038 1329 1266 358 1952 2839 2221 2795 2120 2031 1070 964 933 672 1249 865 2828 1374 2602 1668 1038 2421 1949 1754 1041 323 56 698 1189 2032 2047 955 370 2090 2513 1037 1521 1268 988 1187 27 2236 1118 1475 1124 569 220 2053 2108 432 1275 1143 31 580 295 2279 331 1822 1929 1011 726 1240 1568 2406 1140 1647 1635 893 2232 1967 1049 1829 2061 655 858 1317
1870 2769 925 26 348 2454 2649 1369 2538 480 2714 663 550 518 1422 179 2588 2556 2638 463 735 1417 197 2375 1701 1710 1489 2130 1788 860 2289 1029 433 2840 2650 1617 134 2050 2631 720 2011 64 439 2123 1776 1640 1045 1859 48 712 445 2632 305 628 1665 1048 51 1543 1782 2836 645 1026 1569 563 1303 805 367 746 1097 478 1831 1755 1756 1293 1054 782 1635 2826 1358 1018 936 769 1692 390 440 1822 927 1715 1050 1746 108 1317 430 1789 2467 501 2133 1655 402 1663
197 1710 1993 463 1701 1489 1417 860 900 1788 1029 932 2375 2482 2767 134 2840 1617 712 2289 2650 1422 1045 433 1437 445 550 2050 645 440 2133 1782 2836 179 1486 735 2631 2011 260 319 2088 2130 1369 925 1870 1895 2649 348 2454 26 1307 2076 2714 1381 1640 769 1658 480 1208 674 563 2241 906 1552 2769 1544 1328 559 2439 2826 2837 169 518 161 2515 2419 1468 2084 1983 1649 2538 2652 606 947 489 1627 978 2424 2544 1799 817 1663 2397 659 51 259 1414 1148 1840 1428
1786 1357 1257 1971 2495 39 2288 564 1180 2281 926 230 1818 1091 777 1996 76 1106 2224 739 2114 676 1559 751 1137 1451 614 1207 1087 2072 93 895 2000 1590 1558 1057 1914 1166 2785 581 714 898 1928 989 88 2317 1483 1476 44 1447 2409 16 1346 1073 1749 1561 1183 1449 2422 576 1678 2129 2249 824 376 683 104 1116 1450 761 737 374 1732 1469 766 2518 1620 2242 1147 1714 2275 341 1838 2745 2296 830 1713 47 603 2547 803 215 1683 1224 2202 1631 2523 1900 339 2542
269 1548 1938 1833 1443 1747 770 889 2496 2686 1320 2532 211 277 1989 767 2702 676 258 1460 747 1940 1986 2755 369 2023 2045 1434 531 1584 430 2112 940 2402 1825 1438 402 471 1972 2687 1022 2531 1756 2232 1275 655 721 1019 1282 108 625 2061 1787 2521 2025 1397 1602 2653 2279 2632 1317 356 1568 2557 786 2396 1999 1018 1293 1781 782 1140 192 2017 1048 363 454 2806 296 1502 2301 533 654 2794 1378 2737 1274 805 220 295 936 1097 455 1343 1008 1921 408 200 2179 1738
304 1213 2066 2178 2113 1394 545 1353 1801 1389 2546 1115 2277 529 2022 1300 395 1883 1683 2000 63 240 1451 2784 2644 789 374 803 727 2054 1175 898 2072 1333 1951 614 483 1019 658 714 2504 1798 589 1361 1334 572 1558 215 251 101 2759 2579 485 962 1137 1561 1230 1306 2114 581 737 2323 1087 364 1207 341 436 1559 1900 2409 1166 1106 2040 1928 2242 117 1427 895 93 2494 1184 2179 1590 1979 1502 2381 1738 989 2768 1198 2303 407 39 2521 2540 766 328 1898 646 1922
1145 1023 2747 2098 141 2055 1047 612 2775 1976 2636 2009 72 174 1784 694 1415 172 208 99 164 156 401 1872 1510 2655 595 461 1241 453 1160 2126 731 460 2163 399 2587 823 2722 2577 1717 2469 477 1688 1163 1599 73 760 1089 1628 981 2074 2274 2829 2679 1085 1808 437 816 1233 177 380 2122 1903 1404 1155 1100 666 2362 2177 175 1955 996 313 89 1003 2674 2530 561 1896 2265 412 1303 1376 220 1491 2181 430 2594 252 2191 2789 523 1929 1182 1275 478 2552 655 734
1781 654 2794 239 2091 2025 2164 1787 525 2669 49 245 383 2396 192 2531 2173 139 209 838 1141 2280 2070 408 296 1282 356 1356 225 61 207 1127 2311 1168 1299 1780 27 1505 1435 1274 1248 625 679 1598 344 1011 1875 1924 113 858 1024 1240 2279 1503 2137 252 290 131 822 449 268 1961 799 653 2693 1843 2285 495 33 1941 455 2565 1021 2232 1568 1755 261 618 2316 2017 200 216 1829 471 1500 452 2142 331 1303 1506 241 31 412 1262 2765 1037 2715 314 806 391
197 463 1710 932 1701 1489 1417 1993 860 900 2375 1029 1788 2482 134 2767 2289 433 1437 712 550 2840 1045 2050 1486 2133 2650 769 179 440 2714 735 1422 645 1870 2084 1468 1782 1369 1617 2424 2515 674 2836 978 489 445 2011 606 925 2088 2397 2076 480 1307 260 2130 904 319 1190 1208 675 1799 1644 1627 563 2501 259 559 2826 2649 348 59 906 2544 2606 1388 2652 1934 2574 1414 2528 2454 950 2419 1428 2646 2044 1092 1313 1624 2200 178 1117 26 1840 1148 1564 2480 2769
1946 2394 416 1778 105 11 883 664 2110 2452 2803 94 7 1287 1031 1695 2369 2696 1970 2793 1424 1565 1893 1271 50 1508 791 392 2664 1200 1000 1419 1853 717 1920 599 1133 2560 1573 153 1370 2711 2697 1992 360 1454 1739 1614 2259 114 648 778 54 1657 1020 2446 2257 1634 1142 1673 2830 678 2792 519 1546 1152 710 318 2361 1309 1174 301 975 248 337 605 1331 711 542 2331 382 151 675 615 2543 2660 2814 871 897 2417 1579 175 1581 666 680 2460 1708 2343 2537 1827
18 1834 1842 601 951 2015 1252 2757 2818 2 2663 1759 2622 315 1557 1390 1165 2302 2478 2077 2772 2777 1753 1125 191 2561 70 1980 2685 2510 431 2315 2667 1035 2161 1938 1839 1443 2702 1747 889 770 1833 277 1475 2061 430 2686 2023 1829 655 2236 2279 2755 1335 999 1972 1248 1303 2774 858 767 726 533 252 2406 625 1647 553 2402 1472 1435 1008 788 2144 2632 721 484 2228 2062 269 1187 467 1022 1018 331 1974 108 2496 2311 89 1598 161 2059 1275 679 2017 1756 68 2812
312 987 635 2832 1405 1146 4 85 2300 1102 221 943 1407 2790 1926 547 556 2082 2270 1752 817 1656 1386 1737 1545 950 1202 2817 626 1934 2501 59 2389 1799 2367 2411 283 826 2069 1319 1624 1644 613 2044 188 611 2528 2556 1422 550 518 440 1369 735 712 2836 925 2454 2649 259 1840 26 2397 266 1870 663 1782 2826 2419 348 2477 480 2714 978 2312 659 2652 559 2606 1437 2769 1307 463 2538 1148 2050 1617 2148 1468 2544 1045 1092 2200 900 2076 1428 445 970 606 1208
1096 1948 1416 1362 1897 1586 497 992 2046 1051 2272 2815 1316 2352 194 1496 1636 1218 2556 2628 1381 1658 2721 1860 1965 1569 305 715 51 562 2241 1261 712 1796 1544 1422 1584 155 2713 48 100 2454 2439 1640 1617 201 563 439 2826 1369 260 1993 2544 348 64 463 259 445 1840 2714 1782 2769 559 2034 900 2082 26 2538 943 2650 1307 925 1552 2649 2088 1148 518 1701 1045 2767 2045 221 2076 1878 550 2836 1870 1489 480 1788 2309 319 663 556 645 659 1710 1437 2652 1328
1447 2317 44 16 1483 1469 376 1057 2785 1749 2249 761 1914 1672 1449 1631 291 2437 1990 1836 2700 1183 2058 1224 2555 1178 95 1727 683 47 2202 1838 1856 2180 2745 1116 1713 834 1714 2441 2111 1476 676 1277 88 2190 783 596 824 576 832 2523 2422 34 104 2827 2129 983 1743 1176 1632 1535 1103 96 2547 465 2153 894 2554 419 269 1032 1927 83 792 1346 1593 115 132 310 1286 217 1660 1999 949 695 814 60 762 2096 385 1363 1662 2053 2091 1282 2784 1548 793 1693
1545 626 59 2389 1202 4 2367 1737 1146 950 1799 547 2082 2270 826 1386 1752 556 283 1319 2477 613 2300 2069 266 312 1407 134 1926 1405 221 611 943 2832 635 85 817 987 188 1102 2790 2556 2375 1788 1148 2343 463 433 769 2289 326 2312 1708 2817 2148 1422 1029 159 259 2837 1314 197 2681 2200 2076 2789 169 1701 735 1117 390 553 1635 580 1955 670 2544 2606 2265 440 1181 623 1240 1704 1956 655 1293 2814 872 2767 1003 1307 1715 68 31 2144 860 2454 1097 81
1710 1993 900 1489 1701 2767 860 1417 197 1045 712 1617 1788 2050 2836 440 2130 645 1782 445 1029 735 2840 179 1422 2011 2631 550 2482 134 463 319 1328 2707 1054 947 1679 1663 2837 1444 1623 1649 1253 1552 1437 169 2133 1486 2375 2088 1640 260 2241 932 2650 2289 1860 1381 1658 1544 433 2439 563 1261 2826 1895 2287 1208 2076 1307 906 674 518 965 559 2714 2419 1369 1148 1878 1123 259 769 2652 2544 925 2454 173 1218 1870 480 2649 1468 348 978 1983 1948 26 2769 2082
1588 1132 536 1431 36 1268 121 2117 733 988 193 2090 569 866 429 142 680 1699 1492 1553 1430 2078 1886 1256 2267 802 2333 1499 2380 432 1236 2029 1890 340 555 332 979 1888 500 2668 2786 554 2227 868 2451 1053 2743 176 1038 1033 1393 1065 289 2384 2108 878 1562 2421 2795 21 1329 1764 1754 886 1949 1374 1272 901 828 2570 1668 2839 377 1418 1793 2602 672 1686 427 1910 2808 1952 2671 2828 933 571 1041 2578 13 2217 417 743 1398 597 1118 1774 323 199 2812 2774
455 1262 1506 1612 2232 1216 2698 1568 1918 216 1011 822 1140 1273 2565 344 799 2715 471 331 2137 1024 1438 1924 391 1274 2142 2627 113 138 653 131 1755 1141 2343 2693 2070 31 1843 1278 1503 402 2531 1037 1124 326 580 1875 1435 1248 268 2311 625 655 679 1789 1505 1598 495 363 1356 1756 2053 936 858 1299 1168 1317 383 346 52 290 654 241 252 805 27 464 1706 1831 1972 1647 721 2061 525 2402 49 1395 1921 356 430 927 408 670 61 2244 2690 207 1465 780
2063 2844 2731 2484 837 264 741 2455 1814 1009 1159 2092 403 352 2833 1815 2797 2139 2269 2371 299 1589 2576 1122 428 1539 2189 2776 2138 1735 1549 537 1982 1571 557 667 2403 2215 1925 913 1619 2100 573 879 846 2486 17 1242 891 642 1349 2412 687 226 2385 203 1863 641 1373 795 342 2771 1622 262 317 1862 1816 888 600 2338 2226 991 2431 2524 1338 1366 551 1520 1025 1295 2811 2399 2255 1807 234 961 2339 1618 2834 1060 2727 1 2460 2529 1572 2266 867 2158 1828 2635
2031 1070 2120 964 2221 1399 2671 2038 2629 933 2828 358 828 2640 672 1266 569 377 1329 1374 1952 1668 1429 1189 2090 2808 2602 2539 2795 988 193 2335 2839 1249 2047 2570 2578 370 865 2428 56 2032 1764 121 729 2798 1038 1337 2421 2083 640 955 2520 1521 323 698 1553 1461 711 2267 2119 2406 1746 772 1187 839 1272 1317 1680 2742 1430 1050 1974 2774 972 2812 2108 2217 503 1754 27 390 932 314 2735 354 1967 580 2061 653 1635 2693 235 2597 2236 159 2770 1699 2370 838
802 142 1492 429 868 1890 555 554 1888 2029 2333 176 2668 1562 2743 1033 1393 2786 2227 2078 597 1686 886 1418 2108 417 1886 979 432 1256 340 1430 1553 571 1699 332 1065 62 743 866 1431 289 36 1053 2267 2117 2380 1236 733 2451 1398 878 361 1588 1132 681 302 78 21 500 292 536 1499 2384 2423 893 427 2217 199 680 1268 901 2568 2415 1793 1272 261 2594 2421 1038 354 2592 877 323 552 633 1099 2052 2671 1376 31 1003 1335 1297 2232 330 2191 1923 1037 2322
924 1487 419 1471 2554 96 2153 1632 894 189 2060 1927 2841 106 1032 2263 1171 2567 22 953 2109 2751 1214 1661 214 1139 481 1605 1365 785 2502 2573 1380 2623 1525 1336 1371 1363 1217 2141 2401 333 1953 1866 2152 1288 1400 1703 309 1013 443 474 957 909 2216 949 2348 183 205 834 2678 1019 586 2612 84 2737 1184 1763 1315 2094 117 1090 2197 2768 2514 1286 1198 724 2317 1280 1727 63 762 2555 624 2572 1048 1018 2398 2764 2565 2690 782 621 2820 2821 753 856 1273 89
569 2090 193 988 121 680 536 56 370 2032 1268 1189 2047 323 340 332 1132 1588 1793 2568 427 1499 2415 2421 1065 901 1431 2217 1038 1910 1041 2117 500 2640 733 36 571 2083 2798 2808 729 2795 2839 1266 866 1429 2629 839 955 1337 1754 377 698 1764 2570 1272 2539 1521 2380 933 2578 1952 2428 1329 2333 2335 828 2520 13 1118 2210 1399 1049 2828 878 2423 672 1335 640 2786 2406 1949 159 1143 1822 580 2279 235 979 2602 1070 1553 367 1050 1182 1668 1755 805 734 1293
1882 956 546 922 759 285 582 1260 6 1702 807 1221 1083 732 2643 620 1697 181 1797 1858 1188 2194 468 2261 1227 1153 1603 1761 1570 1865 1456 2313 1541 820 411 829 475 2807 334 2346 1916 1318 2476 1768 229 669 2171 1380 1284 2043 476 2666 2048 2387 2816 2167 122 750 2810 661 1723 37 298 1891 650 2168 448 2688 971 2268 2740 758 636 154 1018 2749 389 455 387 138 1802 342 782 644 1140 1124 936 2557 363 1472 2465 2505 1216 1568 1612 1262 2402 2468 724 1273
1129 2185 1411 2584 2298 1694 1684 372 1267 1440 386 143 2529 2616 414 1939 718 1360 1215 1630 2271 2517 1445 2619 1112 1514 1294 1446 958 810 2363 787 30 638 1258 71 2481 665 2246 1270 796 2801 697 2706 1816 1366 2710 2104 1480 2633 1735 2607 557 1373 1647 1831 1655 2402 299 464 1660 1568 1972 2061 1275 1549 721 1140 1589 2062 2053 1295 1706 331 2611 643 1122 879 295 2524 2232 1789 799 2465 2505 1756 758 888 1921 2028 927 2236 1262 653 2687 867 1124 1273 1293 1475
1993 1710 900 197 1489 1701 1417 2767 860 1788 2631 1045 712 1617 2050 1029 463 440 2482 2836 1782 1422 2130 735 550 2840 179 134 645 445 319 2011 2375 2133 1437 932 1328 2837 1486 2289 1552 260 2241 947 1663 2088 169 2650 1640 1649 1054 2707 1253 1679 433 1444 1623 1860 1895 1381 1658 1544 1261 2439 2287 563 1307 518 2076 906 1369 2454 925 2649 1148 2826 348 1208 1870 1878 2714 965 769 2769 26 674 480 2556 161 2538 2544 1123 173 2082 1218 2270 259 635 559 2652
312 987 635 2832 1405 4 1146 85 2300 1102 221 943 1407 547 2790 1926 556 2270 2082 1752 1386 817 1545 950 1656 1737 626 59 2367 1202 2389 2817 1319 1799 826 283 2501 2069 2148 2411 613 611 1934 188 2312 2044 2606 1148 1422 1092 978 2397 259 134 2544 1339 152 1708 1302 2200 1117 847 2556 313 2674 1314 1896 1240 2424 977 2133 1917 440 606 1172 2343 480 769 2265 2819 2500 1468 2191 2652 433 1955 2789 1003 2714 2289 563 2419 904 553 735 550 1190 2826 1840 1307
2600 1681 487 1705 337 2543 2085 942 1495 1978 607 1384 2458 2262 1742 1002 966 1119 1718 852 2660 2392 320 2357 2696 1614 2257 1695 1673 1331 1676 984 1853 1000 1508 360 2596 1528 1287 2259 1565 747 2134 791 2803 908 1031 1981 1739 2369 1893 1779 199 1370 2664 893 1385 50 54 542 1992 512 446 78 2093 151 710 1518 2782 711 566 2026 292 21 2436 1325 243 11 361 302 1680 660 1398 680 770 1704 1472 2598 220 503 1290 1143 847 175 2814 1741 2687 2773 1974 1827
2741 899 2135 137 1212 116 1606 204 1463 1935 97 1134 2842 2511 1547 246 2041 1056 1067 2305 2766 2068 722 2665 2558 725 79 1055 2294 1944 2728 447 2580 2708 140 657 1868 2825 1777 2813 2435 1464 1076 790 2248 2057 1185 2319 2382 494 1899 1937 2286 1452 2625 1892 2291 574 526 864 1874 1126 2440 274 1771 271 1677 994 647 1942 686 2037 1408 1223 146 1473 2207 2736 608 677 692 1870 2499 2639 2393 804 1956 1725 2419 2683 329 1092 1240 2028 197 1639 559 1274 2652 553
1083 1702 732 2643 6 546 582 285 1221 759 620 1260 181 1797 922 807 1858 1697 468 1188 2194 2313 2261 1227 2476 2807 229 1865 1456 1318 1768 2048 1570 411 2043 1882 1284 122 2816 1380 475 2171 37 1560 2167 2425 636 2810 476 2666 2346 1916 661 298 669 650 1723 2268 1153 1891 1761 2168 1536 2278 980 829 448 2118 1610 1884 387 1285 1763 2761 1603 973 758 389 1199 936 2188 644 2688 1015 1090 2687 2465 2505 1139 459 455 2611 1082 1018 2467 1568 2690 418 586 2627
704 421 77 1930 1030 2229 2330 2461 1276 1292 1792 1348 793 1392 1575 210 884 2155 1861 2456 570 1072 1234 1576 2418 1034 1665 1859 746 1580 2174 185 57 934 1716 294 82 1857 280 170 1522 1377 438 470 720 287 130 2004 2186 1724 1432 2206 689 2123 514 2581 242 2703 158 2127 1193 1345 1086 1358 880 2327 1758 2125 2694 1279 2838 798 2198 1664 1776 1551 133 2039 493 1887 1375 2374 1675 2187 797 2588 1350 1043 857 885 859 2659 756 548 366 976 801 2356 2672 1542
1786 1257 1971 1357 2495 39 2288 564 1180 926 2281 1818 230 777 1091 1996 76 1106 2224 739 2114 1559 1137 751 614 1207 1087 93 1451 2072 895 1590 2000 1558 1166 581 898 714 1928 676 989 2409 1346 1561 1073 2296 1057 1678 374 737 1147 2242 2275 1732 1450 2785 1620 603 803 2518 2422 2542 88 830 1914 2129 1116 683 1483 1120 215 1300 1538 766 44 1536 1714 1093 1476 1838 341 1298 2040 1447 1836 321 1646 2317 407 2579 1496 2540 1683 576 1568 339 269 1018 16 792
1721 12 1473 2809 1876 770 2062 1029 1895 1335 1972 261 2402 2774 2061 430 1829 1756 1026 1564 721 1746 1303 89 1932 1293 1789 1655 1812 655 1018 125 1921 1011 805 2465 2505 501 1472 1755 2735 1062 331 2023 326 1725 494 1647 927 504 1317 782 1097 2594 2632 1831 788 31 1706 173 159 523 637 2236 1406 1923 324 2057 140 456 2279 1022 726 1475 464 696 580 1187 2232 2611 2075 1902 390 999 252 654 2716 1050 1974 1967 2657 1912 2814 1281 2812 2119 1568 670 1692 129
2252 2328 2491 1651 1977 1583 2682 1179 1063 1578 639 945 1920 1579 2647 998 841 952 1470 1769 9 515 748 887 2792 919 1791 1531 916 1211 118 2065 2310 114 2042 982 819 1354 1770 227 1667 567 1585 2778 517 1368 1851 2723 1367 2729 1657 2575 763 1970 928 778 382 2379 2225 2349 1239 930 2711 7 1566 2459 2097 2488 311 808 975 1154 1854 2416 875 492 1210 1271 579 512 2658 923 2081 2559 2026 566 528 2618 2793 1219 2304 2460 1225 537 390 2814 2803 671 2298 711
472 1803 1811 1167 1355 1509 2444 1059 2758 1060 551 127 1862 1988 716 2205 2013 2692 1069 2781 2710 1607 1524 1341 2675 345 147 203 591 2820 2738 2131 527 1587 342 616 237 1812 1629 2208 577 912 651 1181 2266 160 1421 1530 2468 2213 1264 1564 1078 1101 2595 41 2094 166 154 2740 1652 888 405 1837 2835 1373 1828 1491 2771 996 1242 2530 273 226 2231 1295 1807 262 1324 641 2385 867 2811 991 537 961 38 2614 2104 2524 1964 2749 2517 1863 1619 795 1925 667 879 557
