imageName,Corresponding Indexes
000001.jpg,1371 2502 2152 2263 214 1365 1280 1525 1866 785 2623 621 941 2141 84 150 2751 183 2678 106 2572 1171 909 1084 1139 1927 1987 2567 2841 22 1632 171 1605 2554 189 894 96 1032 419 2348 2153 2060 1214 2401 481 815 2109 1953 2612 1198 2831 959 1661 43 2197 1251 762 2503 506 2188 1364 971 2562 2182 45 1286 2760 2522 2720 2705 75 1113 1726 2386 949 198 2498 2160 2497 1596 1004 2737 2608 2688 244 940 1760 1750 1802 2056 387 644 1064 300 236 1458 1336 957 1712 60
000002.jpg,2044 1656 1102 1934 2528 1644 2411 188 85 2817 2501 312 2832 1624 2790 943 611 987 221 817 1319 1926 556 1405 1407 635 1386 547 2300 2082 2270 2574 2397 1092 259 1552 977 1983 463 2724 2419 2544 712 606 1190 2344 1146 1208 2670 1029 1796 1486 2133 2307 2826 2652 559 1617 2840 1307 224 2424 1484 978 1835 2800 1437 413 1422 489 2626 674 2762 1428 74 2003 1173 1369 219 197 111 1582 1666 2358 260 675 439 220 1627 550 1011 911 1222 1203 1501 2480 2606 2545 1740 1674
000003.jpg,937 410 434 1516 1079 2549 2219 544 2364 811 2746 1005 2290 2788 2730 1131 709 365 112 1110 1311 1133 336 1783 593 673 749 605 2299 2341 253 1670 186 1379 1794 1966 338 2151 1040 1455 1243 730 1325 1068 648 535 248 435 1498 1424 1968 610 1969 94 257 1466 870 843 1634 538 2830 821 1871 1309 2095 1573 717 288 1020 1454 1546 2516 2377 1731 883 1526 1581 2251 1850 2560 678 1527 2843 1138 2005 2613 2697 2417 1779 2609 568 2145 1707 800 1385 1007 1142 1894 855 406
000004.jpg,12 2809 1473 1876 1721 608 1613 140 523 508 662 255 2598 1390 175 2716 1868 274 482 1472 2402 994 1027 1592 721 1972 2552 682 444 217 2657 1874 505 89 788 1909 2557 1185 627 458 1039 2683 1275 864 1026 758 2089 1746 526 494 1568 2436 1855 191 532 561 553 1018 2075 2427 1439 125 2017 655 1852 1182 2435 173 430 31 491 2475 840 1829 637 968 1706 2569 331 389 671 2715 2061 2181 412 464 580 534 2144 2119 162 504 28 1647 2634 2057 200 146 2053 1740
000005.jpg,1801 1631 1087 1137 2579 2260 2277 803 1593 1971 1590 614 483 1257 93 240 1093 291 898 895 1561 2784 789 2114 407 2759 2555 1300 1749 1996 1727 529 581 2072 374 1898 1091 2238 2022 766 2242 1883 1353 328 1166 1346 777 1683 2409 1207 1558 1228 2504 499 1785 2000 341 2058 834 1178 2422 465 63 2066 1213 1786 1856 2546 1389 1914 1928 783 2785 1019 617 1357 2542 2523 34 926 824 576 1476 412 1161 346 714 2437 1180 2202 840 989 304 1115 564 230 761 2634 88 1048
000006.jpg,2545 2034 1796 715 48 100 1569 64 2721 2433 439 305 51 562 1640 155 2713 2309 2376 1490 1860 1453 201 1901 2650 1316 2826 260 1496 168 659 712 550 1636 188 2088 1369 2649 611 925 1584 1782 1051 978 1878 559 563 2528 2817 1658 2652 663 1381 2836 1624 1840 259 26 1948 2007 2556 1148 1362 518 1422 2628 1096 1897 556 2419 1046 1319 2538 1644 363 1262 1218 1656 2815 547 1934 1011 1416 817 1407 1965 987 2553 1532 480 1464 1848 2411 2790 486 1261 758 1606 2439 899
000007.jpg,767 277 1938 1443 2686 2496 889 1460 1833 369 1747 1989 2532 211 2702 1980 2685 2315 770 2510 431 2478 2818 70 951 2302 1125 1834 1753 2015 2077 2777 269 1165 1252 2772 2561 1557 191 1842 2757 315 2 1608 1759 1340 601 2663 18 1472 1390 2622 2755 331 455 1568 430 1413 1839 113 1275 1262 1548 1584 2632 1035 655 643 1822 788 268 2142 721 346 927 1831 2232 1008 1048 822 840 412 2311 1972 2634 1293 1143 2025 580 2407 1845 1506 1303 1026 1730 990 1647 131 1789 2715
000008.jpg,1235 297 2624 1845 103 1323 2601 2471 502 990 688 126 1186 2276 578 2314 1391 1767 1908 1608 1413 848 1340 1830 684 284 702 931 1114 1720 768 250 2388 1821 903 1975 65 835 522 1107 1310 2667 1254 1512 2161 803 331 2759 2478 655 1472 1275 1506 1140 721 1692 962 430 325 927 2535 999 2236 478 2061 455 1972 2402 745 780 1465 1018 1756 936 1008 561 2062 1706 643 534 1647 1232 464 191 225 806 1124 1612 1273 1187 2698 1356 1831 1303 1715 1912 726 1918 1037 782
000009.jpg,1659 1205 327 2303 117 1198 2494 275 1979 2791 1184 2203 1113 2573 1687 1922 23 1502 1084 2030 1641 1400 2623 1525 2245 2620 1280 2263 2572 2179 907 1371 1080 510 1738 2678 594 851 1488 1591 2521 420 1397 2768 454 148 1960 1423 946 167 205 953 543 1471 20 265 2222 40 474 2726 2162 423 1425 1602 1199 1726 1137 1144 1487 924 2132 2348 1263 1954 1661 39 614 2022 1026 1744 2072 1616 788 466 2762 1813 125 455 1923 2154 1262 1357 1334 2288 1019 278 2599 1787 2142 898
000010.jpg,2380 2267 2217 1553 2415 1430 2568 427 1236 1793 743 901 1256 1699 2423 1886 569 193 988 121 2090 332 2333 340 2078 429 571 536 2117 370 2421 1492 1038 680 2735 554 142 2047 2668 802 1189 1888 1053 323 878 1431 289 1065 56 2108 555 868 681 176 432 36 1754 2032 1890 2539 2629 2221 1499 1041 2693 1429 839 380 653 361 500 1787 580 1070 799 437 1521 31 2163 955 1568 1317 923 587 354 302 758 2031 159 1233 2505 2465 618 1741 408 326 2025 2304 2119 225
000011.jpg,1274 2091 2794 239 1781 2164 1127 653 449 27 2669 1299 1168 654 2693 1356 61 1780 2280 525 139 838 2070 49 245 2311 383 216 1248 2025 1435 209 408 2173 207 1505 192 113 625 1282 2001 252 2137 225 679 1924 1787 2236 1141 1829 1475 1303 799 2017 1961 2053 2396 721 2531 1011 1598 822 296 1647 1037 2232 618 2402 356 1972 1021 1568 2316 2279 858 2061 331 1317 1262 1395 268 1472 200 561 782 1240 1755 805 1018 1921 33 1503 1140 412 734 580 1756 495 752 1843
000012.jpg,2019 2550 1507 107 1104 2604 1669 2414 924 2641 1177 55 575 2176 397 728 2754 1044 1363 1620 2136 1220 200 113 1425 2017 840 31 1288 394 618 580 1568 1273 1194 858 1026 2260 2634 2137 89 1612 2247 2398 331 2316 603 1662 225 643 2191 771 138 753 2275 1262 1879 455 2715 1941 2232 2823 863 822 1703 761 2681 1140 471 1472 1918 806 430 525 1852 655 788 1692 1275 2467 52 561 2311 108 326 1018 968 2632 2716 1598 1021 2690 33 478 780 1293 758 1216 1182 1961
000013.jpg,1113 1346 291 1535 1298 1434 1590 1004 940 895 93 1661 1019 2112 1867 1343 614 540 75 1371 2152 1733 1722 1137 2116 2744 1712 1166 1849 1760 1336 1874 2571 1749 2737 1631 1277 1483 2494 182 198 832 2058 580 2010 2649 1693 1568 270 1283 31 1087 1013 856 2409 1103 455 1172 376 594 941 682 1262 2502 1223 2062 1144 350 851 326 2542 92 331 2017 2197 2245 721 2840 1986 2402 1143 2522 327 2497 1197 1011 898 16 366 2053 1687 2406 40 2232 430 1727 1207 1601 1605 1961
000014.jpg,2070 1141 383 654 1924 525 2669 1506 1356 1780 61 49 2311 216 1505 192 2025 1248 1435 2164 1781 625 679 252 245 207 2091 2794 239 113 1787 1598 858 225 1127 838 2396 139 2470 2173 1299 1168 209 408 1282 2137 296 356 2280 449 27 653 2531 2693 1274 2565 391 455 1477 1262 1140 1216 2232 1200 1240 1612 1124 822 1568 344 331 1037 2053 1503 1273 1918 1843 2279 268 1024 1875 418 33 131 1481 2142 780 52 1941 495 2698 786 806 752 471 1275 655 1438 2301 2244
000015.jpg,1107 1310 65 1254 1512 1104 2550 835 1507 107 1669 284 2641 2604 2414 768 1177 1908 55 903 575 2019 728 1044 2176 2136 2754 1194 397 702 1720 1425 1620 1244 1147 1830 1608 297 1323 1821 103 393 2579 931 1114 990 205 2471 2079 1450 863 2275 603 1186 834 462 2601 1315 848 1273 502 761 2388 577 1907 1340 1235 2518 1678 216 2595 643 561 1277 1568 830 2759 1120 2276 344 1275 581 1975 1220 1662 1216 2160 331 1140 2212 1013 1327 2277 412 840 1336 1918 1732 806 856
000016.jpg,570 2004 1792 2456 210 1861 1580 1665 57 2174 689 1034 1234 1930 1392 2125 2418 280 793 1859 2461 294 1758 1276 1358 2374 2330 2186 1575 1072 746 2229 2838 1375 2327 756 1724 422 1664 704 1279 421 493 976 1292 2662 77 133 2672 797 2155 366 2513 548 1716 1947 884 2541 349 2694 857 1576 1030 2039 185 934 1551 228 1348 1350 1196 859 1377 1776 1457 242 801 1765 1887 1043 263 2590 720 656 158 1877 798 170 2123 2356 885 2659 583 2493 1229 1522 438 2206 2703 82
000017.jpg,5 1515 2457 509 844 2464 1889 1766 2725 609 2404 244 1696 957 2448 2128 744 2115 1616 1061 1556 1637 592 388 2124 375 1326 163 1426 498 2014 1602 466 473 2366 425 2508 2351 2169 520 306 1945 1953 232 2751 1904 2109 2348 19 1477 1744 2572 43 2507 1401 1296 119 22 80 1880 2197 2566 2354 1171 1214 1269 2056 2706 2162 1383 1108 214 1866 909 997 2726 2408 941 1596 2562 424 2182 2141 430 785 971 1139 2476 84 448 2425 2442 2168 565 558 1199 135 1829 1283 753
000018.jpg,28 238 1563 2479 1532 2250 849 505 2819 2500 2191 458 313 152 2181 2557 2365 1708 2099 523 354 734 1339 81 2681 2689 2716 705 330 2283 175 1827 1896 587 120 2552 2742 2674 671 1741 2028 2370 696 1680 847 1376 1704 972 2322 1956 2534 2228 2119 92 2052 2193 2592 532 602 1111 1332 1917 633 740 1335 2177 109 2527 1746 2144 2237 552 1873 772 1010 503 1543 1262 331 268 1961 455 1875 261 1140 2142 1037 711 655 1124 113 131 927 1011 1275 33 2407 872 1612 1843
000019.jpg,1636 1316 2815 1965 1496 1840 2556 2272 2628 1051 1218 663 1658 2352 194 1261 1381 2241 2439 518 1752 2836 1782 1544 2767 1362 1586 497 1897 1948 2046 992 1860 712 440 1146 155 1096 1416 1045 2553 201 231 2713 978 947 168 965 169 1148 950 1649 1123 550 2069 2837 2433 173 2826 735 1422 1617 1437 563 900 2300 51 2376 2050 260 1878 559 2419 1848 1486 1369 2652 1468 259 2832 1640 2538 1428 1901 2501 659 2007 319 312 2088 1092 2649 1046 2034 1796 524 2309 970 674 1307
000020.jpg,2269 1366 2576 1660 1480 1816 2607 879 557 1925 2092 2633 352 2776 1735 1549 2833 2371 428 2460 2139 299 1619 1982 2363 2431 667 385 814 867 1539 2797 577 273 1863 2844 2524 147 641 741 2385 2094 2175 1814 160 1025 2226 1629 1373 2771 1078 1530 551 2104 2595 262 1295 1069 888 1341 2758 1242 1607 1803 2648 991 1807 1524 1509 166 1349 2738 342 685 1167 307 1811 2727 2189 2403 1 264 1355 961 1815 1421 127 687 1059 2399 537 1520 2444 2513 2063 1122 2468 969 1618 1862
000021.jpg,540 783 617 1535 1346 949 291 2441 2827 1856 2542 1161 1847 1561 1513 2737 832 2111 1631 1343 1103 689 2202 1773 940 310 1914 1004 1019 2639 2785 1093 2745 1785 1795 647 1999 407 723 2242 2112 1482 280 2190 2116 462 983 766 2248 1772 450 146 1665 2683 2813 303 63 2238 1359 861 2374 57 95 1298 2585 539 198 2413 793 2456 1464 2129 1693 1091 2393 2017 1228 1506 2422 2838 1760 2382 934 2291 574 1874 75 207 1749 2513 1639 884 849 618 1169 1434 1918 471 60 61
000022.jpg,2495 564 926 1357 39 2288 230 2281 1818 1180 1091 76 1996 777 1257 1786 1971 739 2224 989 1106 2114 1353 2000 1559 1036 1137 1841 2787 614 2258 1152 2699 1538 1482 1451 2489 1087 751 1536 2239 1207 1900 2054 215 1846 782 1018 2072 240 2080 576 455 946 1523 1568 2784 1026 636 1804 318 1476 1262 1318 2073 1048 1300 788 2053 766 654 108 1883 138 2505 2465 1662 2632 1912 462 525 2398 2791 2091 917 2017 2407 125 2794 1781 758 920 1789 1297 2142 1093 2232 753 653 2504
000023.jpg,2512 222 1504 2218 1305 1436 2362 1052 2355 2691 1638 850 1911 1806 2071 755 2450 1736 2342 2750 1933 1098 2201 1790 935 2432 2645 1321 836 2096 2156 1709 897 796 144 320 2318 2420 1479 981 2587 1682 595 453 208 399 2074 1628 1023 461 401 2163 1510 177 1599 580 1704 159 380 326 2829 73 141 477 2055 612 1676 2469 1976 1275 629 1293 721 2126 1118 1047 1143 1097 2017 1273 2698 711 225 1972 2122 1822 412 653 331 799 633 2687 61 532 1124 1335 1339 2655 31 455
000024.jpg,1146 312 2832 987 1752 2501 1407 1405 2300 635 1102 1624 221 547 2082 556 2270 4 1934 2790 943 1386 188 1656 1319 611 1636 85 1496 1545 2817 626 518 663 59 1316 1737 950 2556 2528 2815 1092 2367 2411 1644 2069 2148 1202 1799 2044 977 2419 1926 2836 550 1422 1840 2397 259 440 817 1965 1486 978 2767 2652 2840 1148 826 2312 2574 2389 712 1172 480 2538 2544 524 2826 559 613 2606 970 283 1782 1983 169 2105 1961 2424 1468 659 2649 1552 1437 1262 260 463 1208 2133
000025.jpg,1728 757 1231 754 2021 2320 2756 1533 2533 1149 293 29 2673 286 2172 213 218 558 2787 1719 2024 1804 24 2277 545 426 967 1689 2430 1394 529 1597 2143 739 634 304 2178 251 853 572 395 962 2054 2066 2644 1230 364 1801 2323 1427 1175 1883 1898 1798 252 2113 1213 1182 646 2040 101 1951 240 1353 313 1312 1299 1168 2472 2638 2283 1024 239 671 2280 485 1827 2413 175 727 1274 328 2091 1558 1896 968 847 1829 2799 2784 2181 135 2759 1273 245 525 1435 2173 523 436
000026.jpg,2821 478 346 753 2467 2690 936 2407 2398 363 108 1220 402 1918 471 628 430 2465 2505 1008 1692 2634 1378 840 1438 1022 758 2301 467 1662 52 786 2611 655 389 2765 1026 344 2687 2244 1048 1465 1039 452 1481 89 504 2429 780 2059 418 484 1568 561 534 806 1730 999 643 138 331 53 726 2142 464 2285 241 1612 1472 2279 1011 1475 1018 2470 1275 782 2698 2806 2236 1929 2632 2715 1789 1706 2062 927 1831 290 314 1655 1097 580 1822 1293 326 159 1143 1140 125 1932
000027.jpg,1944 1899 686 2294 2728 494 2057 1055 2580 2435 2291 1777 1185 657 2708 146 574 1452 677 1874 2207 2683 140 1076 2286 1223 1868 1639 2766 2436 2248 682 2639 647 2438 447 2813 2558 329 2719 725 2319 2598 2825 1464 2382 804 692 1937 2393 948 491 1592 1212 899 2569 137 2741 67 2292 2135 627 2736 2583 1810 1825 1067 2509 165 2068 1056 204 482 2748 1787 974 2051 145 2815 249 1606 359 1012 2809 2665 79 1275 1126 268 2842 2121 442 430 116 125 1473 1018 1037 1124 1962
000028.jpg,196 353 776 98 2474 1643 1625 1864 585 1819 2081 910 2067 1042 2334 2462 2353 869 701 1963 2103 276 1402 809 2361 69 2256 2101 1344 781 233 2027 2264 381 1600 1831 1655 1124 2232 1755 2236 758 1275 1465 268 999 2505 2465 871 2244 1140 389 1706 464 2611 2429 455 1378 1787 2687 1475 2059 331 505 1472 484 786 580 1262 643 1568 927 1941 534 138 2053 225 1932 290 1293 1730 131 2698 2062 655 2792 2634 108 726 1097 721 1018 1273 1715 1039 788 1929 936 125 1822
000029.jpg,268 131 1875 726 2236 1124 1929 1503 1475 455 295 822 2806 1140 1843 2053 495 1037 331 1275 33 2698 1730 2531 999 655 1024 1273 290 2565 1941 1262 241 2687 1500 53 2301 1568 2232 1011 2142 452 2285 2059 484 430 391 1240 1216 1662 1715 314 344 1008 2407 1274 2765 2429 2316 2244 467 1967 1465 806 1635 927 1789 390 52 786 534 1829 1706 1831 780 653 418 1481 1612 464 1655 2715 840 200 1506 504 2634 2137 2470 363 389 113 1026 1924 1918 31 449 1187 758 1039
000030.jpg,2414 1104 1177 1669 2604 2641 107 2550 1507 55 728 2176 397 1194 575 2019 2754 1691 2080 373 2395 584 1016 1523 845 1482 2383 441 2695 1120 462 2326 1244 1147 2136 2233 1517 187 1028 2360 2254 863 736 2518 393 457 2733 1678 2192 1690 2159 1467 1626 2780 1450 2106 2684 1734 2234 818 2239 1646 379 1601 2637 2630 1273 1372 357 2297 469 2651 2033 2752 1259 917 1382 2347 32 920 1959 2345 2804 2805 902 2525 840 1014 2073 331 1568 339 1832 796 2447 830 2275 2240 2597 1789
000031.jpg,12 1721 1876 1473 2809 864 608 526 994 274 508 1771 1942 1439 271 2683 494 1931 140 2625 1892 1408 1868 2440 1677 444 677 146 2220 2057 1899 2435 1555 574 28 1472 1777 2438 2037 2291 1185 523 1275 329 2708 482 505 682 1592 1874 531 2051 2598 1475 705 2569 1056 2286 252 2499 2236 2526 788 430 1182 1998 455 1124 1780 525 1037 598 1452 2089 2557 1639 1563 657 2164 1506 331 2181 2191 858 2025 2250 2719 2436 225 2611 1223 113 1274 295 1875 491 655 2639 239 561
000032.jpg,2269 2092 2576 299 2833 2139 2371 2776 428 1814 1982 2797 1925 2844 667 1735 1549 1619 264 879 1366 741 1122 557 837 352 1816 1480 2455 1009 2484 2460 1863 1539 1815 1660 2607 2431 2385 2633 2063 262 641 1373 888 1159 867 2363 2771 814 403 1025 1629 2727 2189 307 385 1295 1 685 1622 2100 2226 1589 2399 577 1807 1520 160 846 2158 2486 1571 2215 551 1524 2175 642 349 1421 2094 1078 2403 2412 1530 2213 147 166 1509 687 2738 600 1291 267 317 991 2731 2468 2811 1349
000033.jpg,216 1248 1435 2311 113 1505 2137 625 1356 679 525 1598 1780 1141 252 654 27 858 1127 822 239 2091 2164 1781 2070 1274 2794 383 1506 49 2232 449 245 1299 1168 2669 653 1262 2470 1924 1568 838 2280 139 209 455 2565 2173 1612 61 1140 2396 192 1018 2693 408 2025 782 131 1875 268 1961 2017 2053 495 1282 2531 2236 225 33 138 1472 1124 356 1037 1275 290 331 1787 1941 1843 391 296 1187 2632 999 1662 1829 655 1647 2191 207 806 200 618 1500 1475 534 1503 643
000034.jpg,2152 2502 621 183 1987 2141 84 941 1365 815 909 1371 214 1866 171 785 959 481 45 2182 2056 2263 2522 1605 2760 1251 1064 2608 1139 506 236 2841 1364 270 1283 2503 565 1768 106 2761 2048 2401 1286 1108 1927 2751 396 1525 2612 1288 1560 1632 189 2831 43 1844 2705 1280 2348 1032 1171 2720 2425 2567 1363 2216 1458 2060 150 1596 1953 398 2197 1802 22 244 2554 971 2188 2678 1217 2562 387 1703 1536 636 2623 2160 2688 419 96 1084 644 2386 2498 333 894 2153 762 2807
000035.jpg,2011 645 2707 1679 1623 1054 1444 1328 1663 1649 445 947 1029 169 2840 1253 2837 319 2050 712 2836 735 2130 1782 1617 1552 2767 1045 1422 440 1544 1381 2241 1993 134 1658 2439 197 2287 1261 1218 463 965 179 2628 2352 900 155 1307 1640 1897 1051 1860 2482 1948 1416 1486 769 1710 550 194 1437 674 2133 1840 51 1777 1362 563 1208 2631 1586 1775 2735 1489 1185 2708 2046 1096 1369 260 497 2375 2419 562 992 305 1417 2649 2076 2650 1757 2088 1452 624 1123 906 1868 2580 173
000036.jpg,1113 396 1371 327 594 2572 1144 482 1874 275 1223 647 2571 2025 2569 443 207 1592 1787 225 1641 2494 2053 92 580 61 455 1661 331 31 2396 192 326 682 629 1011 491 1687 1262 2678 2639 2263 1137 418 2194 2261 1282 653 356 1124 941 1987 655 346 1487 408 1280 2669 2683 1140 2806 1275 2057 1568 2291 614 1216 2690 838 2115 1037 504 295 2438 245 2467 1084 84 1293 49 1612 159 2715 261 721 296 383 430 1590 2495 574 1924 654 2119 2280 471 1090 1263 1438 1647
000037.jpg,2291 574 2057 494 1874 2435 2683 1223 1899 2639 647 1439 482 146 2051 677 686 2183 682 2438 1931 657 2089 1185 2220 2526 1777 1592 939 2569 491 2813 2248 1639 2708 2704 329 974 1433 1937 255 2382 2393 2286 2436 2445 948 1076 2427 217 2580 2598 1330 1464 804 1944 140 1868 1452 1555 531 598 1275 274 2499 2053 92 2806 444 526 580 28 331 159 326 864 295 2687 1274 368 1124 608 1182 655 1216 2719 1293 455 1127 2698 31 192 1942 2062 61 1787 2557 1037 1262 430
000038.jpg,463 197 1993 1029 2840 134 1422 1617 712 2375 1045 2631 1663 2837 1782 445 169 2735 550 2836 1552 2767 433 2050 1444 947 735 2130 1328 440 1489 1369 1649 1710 179 2649 2454 1054 1701 1381 860 1417 260 26 2241 155 1486 1679 769 319 1544 900 259 2082 2769 1658 645 1623 1092 1788 480 2289 1307 2650 348 547 925 1437 1870 2397 1840 659 2419 2270 518 978 559 1172 188 2826 1253 563 2439 305 2707 1983 1208 1148 611 2010 2544 1218 51 2482 2714 2088 1319 2133 1428 1386
000039.jpg,2171 2043 650 2666 2810 2816 2346 475 1916 1723 807 372 1891 759 1603 411 1260 1697 468 1188 6 2643 1153 1702 285 820 1541 922 334 1570 546 1221 750 2841 1858 582 620 829 732 1761 181 1456 1083 298 1227 1763 1797 2313 1284 122 1865 2387 2268 2167 1139 37 1018 1285 669 758 782 956 799 721 2632 1932 2634 1048 138 464 2611 1706 980 1912 1472 1395 1281 1972 456 389 2407 129 2402 363 936 290 1882 1568 927 1026 1756 478 840 2118 1813 643 1465 1923 973 2236
000040.jpg,1656 1102 1644 2528 2817 1934 2411 2044 2790 85 1624 943 2501 312 2832 817 221 188 1926 987 2300 1407 611 1405 1319 556 635 1386 547 2082 2270 1146 2397 1092 2574 2724 2670 977 259 1437 2344 1369 2544 2307 2826 970 463 283 712 925 524 2800 1752 1208 2419 659 2358 4 1983 978 2652 2649 1428 2200 606 550 1486 559 489 224 1468 2606 26 1307 1414 480 1339 74 1422 1835 2676 1627 197 1190 1151 911 2762 413 2035 1011 2133 2424 1484 1552 1313 219 2076 260 1737 2148
000041.jpg,1303 1829 2402 1647 721 2061 1972 1921 412 561 1395 2279 1317 1756 1037 1011 1612 2053 805 1918 1124 1140 1168 1299 331 1755 27 1216 391 344 1050 2236 1506 455 799 1024 430 1475 2531 1967 1635 295 1924 2698 390 2693 138 252 1262 2407 936 471 314 2806 478 402 1692 1472 858 2821 1293 1438 31 2232 1715 363 346 52 1822 2467 655 1143 2611 1097 1273 580 452 786 2406 53 1018 2465 2505 1648 1275 159 268 1481 1118 113 2715 2398 753 780 2244 643 1048 782 326 806
000042.jpg,2843 257 2516 1871 1731 2613 2609 1526 1138 1800 288 1645 1707 937 1005 2145 410 2730 811 2746 1325 2290 1068 749 593 1779 2364 673 406 2299 112 1442 730 519 1174 2788 1079 2417 544 1966 1379 2005 774 2492 678 1511 1913 1968 435 1794 434 2196 365 2006 2549 1992 855 1142 2251 1385 1466 1783 2560 1007 1311 1516 1131 2377 1094 2830 1581 1969 1670 2697 1020 1243 2151 392 1936 1040 2243 338 1455 535 1527 336 1110 1946 301 2519 1573 1309 1634 253 2341 2680 717 709 1850 1424
000043.jpg,1083 1702 6 2643 732 620 181 546 582 1797 759 1221 285 1260 468 2476 807 1858 1570 1891 2807 1697 1318 2313 298 1188 1139 636 2425 2194 922 2261 661 2278 973 1536 1723 2816 476 1227 669 1456 1763 37 2171 448 411 1865 1284 1285 2043 122 829 2118 475 2268 2346 1153 1761 936 1610 1692 1018 1916 387 650 758 229 1768 1560 644 1015 2167 1882 2666 2810 45 2505 2465 402 2263 782 42 2831 2611 1662 471 1472 2467 2720 1438 1048 363 389 643 980 653 1032 2690 478
000044.jpg,848 1830 702 931 1114 903 2624 1845 1767 768 1235 297 126 2388 103 2601 1310 1608 2471 1323 502 990 1908 1107 578 688 284 65 1720 2276 1340 1186 522 835 2314 1254 1413 1391 684 250 1821 1975 1512 2667 2161 2759 973 315 962 331 1506 1759 298 2056 1472 225 1140 1692 1798 721 1275 1839 2061 655 2062 455 654 1221 1125 1026 1647 426 525 747 1465 1207 2402 561 968 1187 191 2478 2311 2323 534 1011 461 478 780 726 1912 2236 999 1875 1117 2687 2398 1285 634 1961
000045.jpg,269 1548 1980 2685 1940 2702 1986 1073 1833 1443 2315 1732 2518 44 1147 676 1483 277 767 83 2275 1747 1447 1749 1568 16 1275 845 786 1662 339 2232 1678 471 1450 324 2437 2053 418 2634 1923 780 2244 1481 1787 1929 456 1465 1938 580 654 840 1822 1469 1730 1438 31 207 1273 1120 2396 1216 788 295 1813 2153 192 363 245 2806 1037 52 758 838 2429 455 61 1293 402 501 1026 191 2687 1912 1789 1620 2236 1441 830 1472 1277 1281 1836 1692 2136 2467 1195 2407 1282 1262
000046.jpg,1697 759 807 1260 285 468 2643 1702 1188 546 1221 6 181 732 620 582 1858 922 1797 1570 2171 1083 2313 1456 2043 411 650 298 2666 1284 122 2816 1891 2167 2268 372 1763 448 1865 973 37 2810 2476 475 1285 1916 829 2346 1723 459 669 2706 1227 2194 229 1153 661 476 980 1603 2261 2118 1090 1610 1082 1761 2807 1015 1884 1318 586 820 636 2425 1308 1537 2468 1541 956 1882 758 334 1139 1048 936 2278 443 1395 2465 2505 2061 721 138 1018 471 2611 1647 2841 2168 799
000047.jpg,1532 2099 330 152 1339 734 458 1896 2742 2819 313 354 1741 2674 1708 2479 849 1376 2557 847 1956 2500 1704 696 671 2028 2191 1827 2283 505 28 120 1563 587 2181 972 238 2228 2365 2250 81 532 523 175 2681 1917 2370 2689 2177 705 2716 92 1680 2119 2552 1961 1335 2773 2017 2534 618 1021 2322 200 261 533 109 2316 633 2193 2592 2052 2814 2527 872 602 1111 1156 552 2199 1332 649 740 1297 653 449 1262 2232 207 455 1099 1781 2794 1746 838 2594 503 61 2062 33
000048.jpg,1113 396 1371 1144 327 2263 1641 1987 1198 1280 2572 2245 275 2494 45 2503 183 2720 941 2678 1487 2197 84 1525 636 281 117 482 2115 2303 1084 629 1866 2056 815 2569 2761 2571 1423 851 2623 2608 1536 1687 236 1064 1018 1458 2831 1592 1874 2194 647 1032 594 543 2182 387 2522 1205 1802 2760 1661 621 574 2438 1139 1137 1318 398 1263 225 2291 2261 946 835 1616 455 2025 1011 782 1612 1199 443 2807 2053 2705 2057 1223 1286 721 682 138 2160 481 2062 957 909 2119 1235
000049.jpg,2769 348 2454 1870 26 2649 1369 925 480 2714 2538 550 663 179 1710 2840 1861 463 1417 1489 756 1701 1358 2004 421 1453 2375 2125 1392 689 197 366 1859 57 2123 1665 518 1758 2155 524 1172 793 2694 77 1276 1580 280 1490 1930 970 2327 1633 2418 1279 2456 260 860 2419 228 1292 1345 2174 2650 1092 1901 58 2206 2581 1234 746 2397 704 168 1575 1792 1034 712 1193 570 2461 415 305 1551 2330 64 1437 48 514 1776 2826 2659 2724 1377 880 2309 242 1983 656 934 100
000050.jpg,540 617 1346 1535 2542 783 291 832 1561 949 1161 1513 310 1343 1773 1847 2129 2827 1019 1693 940 2112 2737 2441 1631 1004 1795 2242 63 1298 1785 1103 983 2190 1197 182 1590 2149 1856 1176 2202 2111 1999 1397 75 1760 93 198 2656 2116 849 455 1602 207 2639 647 1434 695 1532 2690 61 1953 510 2745 2025 1262 192 618 2669 1593 895 2768 60 1228 148 363 2521 95 2467 418 2017 1772 31 2497 1166 941 2413 1712 346 1144 499 331 2785 786 420 280 296 225 1506 1091
000051.jpg,275 327 2422 1113 2303 2523 676 117 34 1687 2791 1205 1116 1659 2180 1713 1178 1714 2030 2573 1198 23 1224 1641 2245 465 47 1400 2494 683 88 1184 1476 1990 1979 1838 2129 2437 1922 824 2203 2623 2700 1914 265 2745 2785 1836 946 2263 1525 1084 2202 1856 1280 2620 1591 132 2572 2111 2547 2678 576 38 1502 751 1749 95 1672 1450 1073 596 1425 1732 1080 830 454 2239 603 1176 2441 115 654 1620 1371 2495 2275 2190 2073 1423 469 2407 205 1601 1014 339 758 721 2605 525
000052.jpg,1624 2411 1644 2528 1934 2044 2501 1656 1102 2817 2832 312 2790 85 943 987 188 817 221 1407 611 1926 1405 1319 635 1386 556 2082 2300 547 2270 59 626 1146 1737 4 1710 1545 1468 2389 1313 2477 2397 904 2099 826 2343 266 491 670 283 1339 330 1956 1437 580 1612 653 2574 2764 2534 2177 2367 1029 1896 220 2438 1692 1151 1092 1472 674 2105 1202 682 2569 643 1011 2028 28 326 1240 2479 31 1532 1335 138 1942 1140 1592 2306 1782 1486 705 2632 2419 900 1262 1048 2564
000053.jpg,2516 1526 1707 1511 1442 1325 2145 1969 1779 406 1385 1007 257 1992 2843 730 2102 338 1466 773 1670 1871 1068 1731 709 519 2763 112 1138 1783 410 2377 1455 811 2730 1379 2151 2613 1527 336 1794 544 365 937 1079 2219 434 2290 1800 1005 2788 1131 186 1894 535 1110 1645 1516 749 821 2746 1243 2364 288 870 2549 1498 253 2299 673 2341 1311 435 1040 593 1966 1968 605 2830 2560 742 610 1581 1020 678 1424 2417 1913 2006 855 1309 1174 774 2005 1142 1634 1850 1573 2492 717
000054.jpg,472 1803 127 1509 1060 147 2595 1167 226 1278 577 1811 1355 1530 2094 551 1607 160 1069 1341 1078 537 1059 342 1862 2758 2266 1421 2738 262 2385 888 2431 166 2820 385 641 2771 1373 2444 273 1863 2710 2138 814 2740 1619 1807 1925 1295 2692 2468 1025 2835 741 1242 1982 716 667 991 403 1815 1524 1660 961 685 2513 154 2648 1101 2399 2607 2455 879 2781 1159 2205 2063 2104 2633 2189 2213 2576 2403 2139 2481 867 2460 428 1735 2412 2371 1549 1638 1652 267 2749 1480 345 38
000055.jpg,2045 1584 2023 2755 258 747 770 1319 611 2144 2191 1356 654 2569 31 1029 1780 553 1396 113 1273 68 1248 503 2698 523 2311 1829 2343 556 1105 331 2055 2610 446 1592 274 580 1275 711 1435 200 2715 1505 968 1472 27 383 2017 255 2573 1976 1274 89 1613 1262 655 235 1491 1746 2789 478 463 455 2742 326 1140 159 1117 682 430 625 1942 205 507 1339 268 525 252 1182 2316 858 1216 2822 1956 162 188 1598 2770 141 1441 1730 526 840 1774 608 2764 2809 355 131
000056.jpg,2023 1584 2755 2045 747 258 770 1320 1443 1833 211 1938 889 2545 2686 1989 2496 225 1980 1460 455 418 2532 369 2742 1747 1262 854 52 2025 1481 721 633 2314 1141 786 61 1787 525 331 1582 1532 780 278 1835 1961 191 1711 207 351 1568 1918 654 2244 1472 31 1700 2669 1921 1124 2543 2715 2142 1767 261 2402 2556 2467 478 2053 113 653 1465 1969 2690 758 580 2061 1026 1011 346 2407 1972 1680 1391 504 192 1317 1557 1395 1796 1756 1117 290 806 1647 2232 2193 696 2622
000057.jpg,1221 285 1570 1697 546 2706 582 6 298 1891 922 759 1285 1702 973 2643 1260 732 1188 468 1083 1537 1723 1858 2816 181 122 1284 620 448 1456 475 37 1797 2118 1916 2167 807 2346 411 2268 650 980 1865 1884 2313 1763 2666 2043 2476 1139 1015 2171 2194 2261 1610 661 459 1227 690 669 1882 956 1082 636 2677 2810 2807 1153 1318 2030 229 476 1536 1605 2425 2239 2278 1560 829 2073 751 1199 42 1137 820 145 1090 1308 1768 1113 594 1761 1603 455 629 1943 281 1568 758
000058.jpg,505 1563 2500 28 2181 2479 849 2819 313 523 458 2250 238 2191 2716 2365 175 2552 152 2557 2689 1827 1532 2283 705 734 1708 81 2370 587 2674 1339 120 1741 2534 1896 847 2119 2681 671 2099 696 354 1680 2742 330 2028 2228 92 972 2322 1335 1376 109 1704 1917 2193 2592 1956 2052 1111 602 633 2177 2527 1332 532 2144 740 552 1746 2236 2806 1929 999 1730 1275 1475 2687 1010 1662 295 2059 2429 484 1037 108 1831 2053 1465 1875 125 806 1011 534 1655 2301 2244 786 780
000059.jpg,2099 1532 1896 1339 330 152 734 2674 458 1741 313 2819 1708 849 2742 847 354 2479 2557 2500 1376 2191 2283 1956 1827 1704 696 505 2028 28 671 1563 238 120 2365 2181 587 523 81 2250 175 2228 972 2681 532 2689 2370 2716 705 2177 1917 2552 2119 92 2534 1680 1335 109 2322 2193 2052 2592 1111 2527 602 633 1332 740 552 261 1746 1156 2391 1010 1873 653 1961 503 1021 1297 2144 2764 2594 33 449 1262 2794 1781 2232 872 495 1011 2597 268 1003 618 1543 1831 1099 2142
000060.jpg,2152 2502 621 183 1987 2141 84 941 815 1365 909 171 1371 214 785 959 1866 2182 45 2056 2522 481 1251 2760 1064 2263 2608 1605 506 236 1364 1139 565 2841 1283 270 1768 2048 2761 2401 2503 1108 1286 106 2612 2751 1844 1288 1632 1927 2831 2705 43 1171 2425 2720 1560 396 22 1363 1953 2216 2197 2567 1525 2188 189 1032 1458 2562 1596 971 1703 2348 150 636 1536 1802 2060 1214 398 1280 2554 644 2160 387 1318 2153 2678 419 244 2623 762 894 2498 333 2116 96 2386 1880
000061.jpg,2429 484 2059 534 780 806 1481 2244 1465 418 999 52 786 726 452 53 1662 1475 467 1438 363 471 2236 478 2821 346 2301 1730 936 2470 1918 344 402 314 2687 1378 655 1929 2690 389 758 2407 2634 840 464 2467 2765 1008 2398 2465 2505 108 1039 753 1568 1022 1477 1275 2698 430 290 1706 628 1220 1789 927 1831 2806 1655 89 225 1692 295 2285 561 504 331 2715 1024 1026 2611 1941 2531 1048 1037 2142 1503 1124 2053 268 131 2279 1932 129 1062 501 1875 1140 1273 125
000062.jpg,1570 285 1221 1697 546 6 582 1891 2706 922 298 759 1702 2643 732 620 181 1188 1260 1083 468 1797 807 411 1284 1858 1456 1723 1139 122 2268 2816 1285 973 475 37 2167 2346 2313 1916 650 1763 2666 1865 2171 2043 448 2476 459 2810 2118 1082 1537 980 2841 1884 2807 2194 2261 1227 669 661 2677 1015 1610 1090 1308 476 586 1318 454 1153 829 2425 1603 281 2030 1882 636 372 167 820 443 1199 956 275 38 1761 690 1018 629 2278 721 1011 2726 1395 653 20 117 799
000063.jpg,2792 118 567 998 1583 1791 9 515 2065 2793 808 919 1579 778 7 382 2711 1970 923 517 1854 1354 114 2491 1179 952 975 1470 2328 1769 1770 2778 930 2304 841 748 1531 1977 1063 2682 887 639 982 819 227 2647 928 1651 875 2729 945 1851 1211 2361 1657 311 2379 1271 1210 2252 1578 916 151 1920 2723 2618 2559 1667 2225 2459 492 763 1154 2349 1585 726 999 331 1275 1706 268 1140 1789 430 799 464 2407 1024 455 927 2715 1378 1262 1932 484 2611 1829 1124 389 758
000064.jpg,216 2311 1505 1356 1435 1248 2137 625 113 525 679 1141 1598 1780 654 252 2070 383 858 27 49 1127 245 239 2164 2091 1781 2794 1506 1299 1168 2669 822 1924 449 2470 1274 139 2232 2280 838 61 209 2173 192 2025 2396 2565 2531 653 1200 408 356 296 1282 225 1787 207 1262 2693 455 1568 1612 1140 138 495 1018 782 268 131 391 1875 2632 1843 2017 2142 1503 2279 1037 1472 241 1187 643 290 33 331 655 1961 1297 1024 1813 1500 1715 1918 1124 1048 2191 788 2062 752
000065.jpg,485 1175 1306 1951 1334 727 589 658 2323 962 1798 1213 2113 1361 2178 304 2066 572 1230 1394 2644 1451 1389 395 1115 2540 2546 2787 426 545 1597 1558 714 634 1559 2072 529 1207 2143 1683 898 24 2430 2024 614 2000 2409 1197 1137 2277 2054 1106 646 1166 93 1689 1928 895 853 1590 2022 1427 1561 251 1087 1801 436 581 1900 2040 803 215 293 737 364 2114 374 101 2759 1149 2533 2320 341 2381 2324 2656 1786 822 2242 1353 989 2137 29 1257 1923 2149 2579 1333 739 1300
000066.jpg,1001 1810 2583 2121 67 2350 2509 1012 249 1075 202 627 1406 1944 1055 899 725 2728 1212 2291 2294 2057 137 165 494 2207 2558 574 2435 1874 2825 2736 2135 2248 1056 2741 1606 2813 1825 677 1223 2382 404 1590 1937 116 204 1899 2766 93 686 895 1076 24 692 1609 634 1195 1639 1594 1869 2719 948 2683 1689 682 1441 1169 97 2842 2639 1126 447 2143 2780 1464 1592 359 1463 2665 426 442 146 835 1517 1940 2068 2438 1547 2569 2161 378 647 2684 2292 1067 1805 1597 2511 192
000067.jpg,1096 1416 1948 1362 1897 497 1586 992 2046 2272 2815 1316 1636 1860 1496 1218 712 1965 1051 2721 2556 2352 439 2628 1261 1381 1552 1782 155 1993 715 1658 1617 2241 64 1029 2836 194 188 305 2767 51 1796 2713 319 1569 562 1018 1248 1356 2735 100 2840 556 1435 260 525 782 27 2311 947 645 611 1640 1319 216 1777 1054 1008 471 1789 1505 653 1899 1027 1317 113 1140 1185 48 547 2142 580 1756 1711 108 927 2632 1781 625 1663 1275 1472 799 1045 1544 2407 2280 654 1011
000068.jpg,99 2055 453 401 1023 141 1047 2163 2098 2747 1628 1145 1976 612 461 981 73 399 1872 380 760 1599 2074 437 1510 595 208 477 1233 823 2587 2469 2655 2829 1717 177 2126 816 731 2122 1085 2009 2679 1163 1903 2636 172 72 1160 1784 694 174 1688 1274 654 2193 1780 1140 2557 1275 1356 331 525 200 1332 602 225 552 383 1124 455 1127 2698 326 49 1715 2316 61 2669 2681 799 1248 2017 1111 430 408 216 1435 740 33 478 1967 402 207 1273 786 2531 313 2470 806
000069.jpg,569 2090 193 988 121 2415 427 1793 2217 2568 901 332 571 340 1065 1553 2380 2423 536 370 1430 743 1256 2267 680 1236 1886 1699 56 2047 2032 2333 2421 323 1189 554 2735 1272 1038 580 653 2053 2025 2108 326 1275 2668 2520 159 1787 1037 31 1568 1124 2465 2505 429 2687 2743 432 2236 2693 192 1967 455 1635 2232 1741 1662 2062 1050 1317 758 408 1140 331 2806 1187 654 1781 1262 207 125 1293 2794 2078 1041 245 655 225 1929 1562 1888 61 2099 1475 296 2091 2406 1706
000070.jpg,1366 1816 879 1480 1660 2607 557 2633 2269 1925 2576 1619 2833 2460 2092 2371 299 2139 1735 867 428 1982 2776 352 2431 2363 1539 385 814 667 1549 2797 741 1863 577 273 1814 641 2844 1295 147 262 2771 2385 2094 1373 888 160 1807 2175 1530 2524 1025 991 1078 1242 1509 551 2226 1629 685 2104 1803 2648 1069 1524 2595 1607 2758 2738 1167 1122 1341 166 687 2468 307 267 2189 1291 264 1349 1238 342 2399 1355 1059 1815 2710 2727 2455 1520 226 1421 537 2403 1 127 837 1811
000071.jpg,1788 1417 860 1701 1710 1489 2289 2482 433 1895 2650 161 769 173 2375 197 1870 2649 26 2454 2769 348 1369 925 480 2714 2538 550 231 463 2840 179 1029 319 663 712 2287 1934 518 259 2050 2553 2480 489 547 445 611 2082 1617 1253 1796 2544 1552 1782 2626 1386 1422 1627 2501 178 188 1656 1496 1148 2836 1584 1319 606 1564 2358 431 2076 2035 100 1640 2397 1172 237 1045 2837 2556 440 1993 970 1313 1663 1486 2130 2817 1437 1092 978 2574 1181 965 524 659 715 2826 134
000072.jpg,1037 2053 1303 2402 721 1647 2061 1972 1011 1124 1140 331 1921 1829 1395 561 412 1216 455 391 1050 1612 1756 1317 2236 1635 1967 390 1715 1755 805 295 31 2279 344 2698 1475 314 1924 1506 799 2406 1648 1262 27 2693 430 2806 1273 1024 655 2531 1918 1118 580 2232 326 159 1822 1293 1143 1097 1168 1299 1187 1275 1568 1274 2715 2407 2301 268 2687 1929 653 138 1730 726 822 1875 131 1472 1008 363 252 471 402 1018 936 1692 1503 1240 2611 643 478 1662 782 858 654 1048
000073.jpg,2433 2545 2034 1453 2376 1490 2309 1796 100 715 1569 1901 48 64 2721 2713 201 305 1640 51 439 562 1860 155 2650 168 1496 57 1316 2088 260 1392 1234 1034 2135 2826 210 2511 659 793 2513 899 2419 1369 421 2553 2842 2174 1878 2698 1096 563 689 1861 1792 2260 1441 2769 204 1076 1636 2155 1606 26 2461 280 2649 2672 1547 1273 2017 1506 559 499 1275 1293 2068 857 2286 2556 2632 1947 1584 2665 366 1169 1140 1438 216 927 471 1435 1262 1965 643 798 1576 455 331 2125
000074.jpg,645 2011 1679 2707 1623 1054 445 1444 1328 1029 1649 947 1663 2840 319 1253 2050 735 169 2836 2837 712 1782 1552 2130 440 1617 1045 2767 1422 463 1544 1381 197 2241 1658 134 1840 2735 2439 550 1993 155 900 2287 179 1307 1486 965 674 1208 51 1261 260 1437 2515 1640 2628 1860 2133 1218 2088 769 2076 259 2631 2419 659 563 1948 1777 559 518 1983 1775 906 2352 1897 1092 2708 2732 2713 201 1369 1185 1416 305 1158 1704 1096 2649 1316 1051 2012 2650 433 2375 562 2574 1123
000075.jpg,1944 2294 686 1055 1899 494 2728 2580 2291 2435 2057 1777 1452 1185 146 2207 574 2708 677 2286 657 1076 140 1868 2683 1874 1639 2436 1223 2248 2558 2719 329 2766 2813 2382 2639 692 2598 1464 447 804 2319 647 2825 1937 725 682 948 1212 2393 2292 2438 165 1825 67 627 137 2135 491 2583 1067 2736 1810 2741 2509 899 1592 974 1012 482 2068 442 249 2569 1056 1126 79 1962 204 2305 2121 2665 2748 116 722 1001 1787 1439 246 790 1897 2350 1406 2475 2051 1134 2308 324 2634
000076.jpg,1788 1417 860 2289 1489 1710 2482 1701 433 1895 161 2650 769 173 2375 197 231 319 2287 965 2840 1253 2553 463 1775 445 1029 645 2649 2767 2454 1320 1369 348 2076 1617 1663 1045 2714 2011 1649 1782 1584 2735 2837 2836 2769 1307 134 1496 2130 550 712 1870 623 1148 1416 1444 947 237 1552 1328 480 1948 606 906 674 1054 109 1117 26 1096 925 1679 1208 1486 2707 179 1623 168 1437 2538 2050 2764 489 1938 1123 547 2556 2515 2023 260 1422 169 670 2480 2424 1092 675 431
000077.jpg,519 392 1419 257 2331 301 2843 2763 1992 1871 1731 2516 2341 937 773 1455 2613 1138 253 1707 406 1526 186 2145 1516 1779 1800 1385 336 1442 1645 1894 2102 410 2609 1969 709 730 2219 1007 1511 811 535 1325 338 434 742 1131 1527 2377 248 1133 1079 648 1498 544 94 288 1068 1466 1424 2549 2746 1142 365 538 2364 2290 1005 1309 1110 1020 2299 855 1783 2730 2788 2830 112 435 610 1634 678 843 821 1243 1311 2519 1174 2151 717 1794 2560 673 749 1581 593 1573 1040 1495
000078.jpg,44 1447 1483 16 376 1469 1672 2317 1836 2437 1057 2785 1749 761 1914 2249 1631 1449 1990 2700 1178 1224 95 2202 2745 1476 88 596 2523 834 34 1856 1593 2180 1277 1116 47 576 1425 824 291 2058 1714 2422 2441 1727 2190 2555 1713 832 2111 1743 2547 1073 683 132 845 2518 894 1535 2153 419 2554 1838 2827 1176 1147 1450 465 983 1732 1632 1678 2096 96 2129 2275 603 1032 1286 1523 1346 83 1363 1120 1052 1103 2136 1620 1304 1927 2383 350 373 1380 2091 2695 1790 60 1662
000079.jpg,631 1518 2282 1017 1290 2596 2049 921 2064 1909 1613 2796 984 2392 662 530 607 446 2093 1879 2140 1301 1058 1604 1237 1567 1981 1906 1119 451 394 1002 2357 1978 908 1396 1105 813 355 1621 243 1554 1676 1384 1331 1370 2085 2696 1742 2257 1614 852 942 1673 2262 660 966 337 2458 2782 487 2543 1681 360 542 2660 1404 124 1100 2600 1808 1705 2259 2446 840 710 1274 1275 580 1262 1273 1216 455 1145 1495 31 326 54 159 1118 1568 478 2274 2698 367 295 2642 1155 2191 61
000080.jpg,2716 2552 2365 2479 849 2689 1563 505 2500 2181 705 175 2191 81 523 2819 28 313 2370 458 2557 2534 238 1532 2250 1827 2283 587 152 1708 2119 120 734 2674 2681 1741 1896 1339 847 92 671 2742 354 2099 696 2228 972 2527 330 1680 1917 109 1335 2144 2028 2322 1376 1704 2177 2193 2052 1111 2592 602 1332 552 1746 1873 740 633 1956 1156 786 1010 2244 726 1662 52 1438 471 1465 2470 2285 780 1481 2429 1787 53 418 363 2059 346 484 1929 532 999 131 1730 402 2398
000081.jpg,144 1911 2362 320 2512 2318 2691 2355 1479 2420 1682 1387 222 1305 1504 2218 2452 1436 850 796 1052 1638 99 1676 2432 1098 2750 2201 935 1806 755 1790 629 2156 2071 2122 1903 177 2829 1736 897 1709 2645 453 1933 477 2679 1321 2096 2342 2163 595 2450 380 836 1145 73 816 399 1085 1628 1163 208 2469 401 599 2587 981 1023 1200 2655 2074 1510 2055 1047 141 1599 461 1233 1717 2642 2126 525 1976 437 33 2232 2407 1697 172 331 721 1875 459 2537 2274 612 1688 799 1008
000082.jpg,2550 1507 107 2414 1104 2604 1177 1669 2641 55 728 2176 397 1194 575 2019 2754 1691 2080 1482 584 845 1523 2395 2383 441 373 2695 1016 796 2247 1120 462 2239 2136 2233 2254 187 1244 2326 1517 2192 2073 1734 457 393 2630 357 2780 2684 2033 2106 138 1220 2360 1601 863 788 2347 896 2297 2733 1832 1789 1372 2154 1612 840 2573 1273 917 1995 2240 1563 1026 1646 1918 469 2632 2637 384 1813 2715 1140 2518 643 272 924 1923 1420 590 902 560 1008 1626 1382 113 87 2651 2634
000083.jpg,1742 966 1554 243 1370 355 2458 813 1396 1105 1495 1384 2696 2257 1331 2660 337 2600 1705 487 1681 1673 1614 942 2085 2543 908 530 2049 607 1002 446 1301 2259 2782 1604 660 54 360 710 1237 542 1893 1567 1739 1000 2664 1017 1978 50 1853 984 1676 2369 1058 1981 451 2140 1031 1695 1290 2282 1518 631 2064 1287 921 2803 975 1565 313 1275 791 2796 1339 2093 671 847 734 1929 505 28 175 504 1273 523 662 458 2236 33 2843 2193 587 495 561 412 1741 1896 840 324
000084.jpg,304 2178 2113 1213 2066 1394 727 658 589 545 1175 1951 485 1306 1389 2546 1115 1334 962 1798 395 572 2323 1361 1230 2644 529 2022 1451 2277 1559 2787 1106 1683 2249 215 614 436 1353 1137 2072 2000 737 374 2540 2114 341 1801 2040 1558 581 989 101 1900 364 251 2054 1207 1027 803 1883 1898 2154 328 898 1087 2759 39 2579 110 2762 2400 1674 2311 278 2841 924 252 1881 2779 1654 89 625 1225 714 1363 2381 822 679 1435 1197 1248 525 1641 2634 1711 766 1666 113 2137
000085.jpg,2510 431 70 1125 1753 2772 2777 2077 2478 2561 1839 1035 2161 1759 2757 315 1252 1165 1390 1557 2302 191 1834 2622 951 2015 2818 2 18 601 2663 1842 2686 1938 767 277 2685 1443 1980 1747 369 889 2311 1391 1460 1235 430 412 1303 1248 2398 525 495 2276 1356 1833 113 211 2315 2314 2702 331 1505 753 688 625 1220 654 2532 2164 721 1435 1472 2402 1413 252 2794 758 2279 561 1186 840 2091 2061 2142 1972 478 1813 346 2634 1829 138 52 1048 2632 89 1989 452 822 1923
000086.jpg,1272 640 13 1754 1949 2520 2210 1041 1038 2421 2671 323 2032 2047 1337 56 828 377 2578 1189 1910 2083 370 2539 1429 2629 2798 2428 2828 672 2602 2570 933 2795 698 1668 1049 865 1764 729 2335 2221 964 1952 1374 2839 1070 1329 2808 1266 932 1399 955 2038 2120 2031 1118 1256 1521 358 2640 159 1553 84 31 580 941 326 1886 1143 968 1822 2423 1187 176 1274 1293 1774 1240 1275 121 192 762 872 554 1097 455 2822 649 901 1236 1852 1704 653 27 331 2687 289 2017 150
000087.jpg,767 277 1938 1443 2686 369 1460 2496 1989 2702 1833 889 1747 211 2532 1980 2685 2315 2478 1125 1753 2077 2302 2777 2772 1165 770 2818 951 431 2015 1252 191 70 1557 1842 1834 1759 2510 18 315 1845 297 2757 1793 2 745 325 1608 103 2535 803 1323 2561 553 601 455 2314 1235 2624 331 2663 901 1390 268 1275 1262 2161 430 1506 1140 269 68 655 1008 721 2017 1472 1303 2142 412 927 478 1186 2632 1391 113 1972 840 1356 643 580 2061 1413 131 1124 2402 2407 1037 2025
000088.jpg,767 1938 277 1443 2686 889 1747 1833 2496 369 1460 1989 2702 211 2532 1980 2315 2685 770 431 2510 2818 951 1834 2015 1252 70 2478 2757 269 2772 1165 2302 2077 1557 2777 2622 1753 18 1759 1125 1390 1842 2 2561 601 2663 315 1839 191 1548 1584 1472 1568 455 2023 1262 2755 1969 331 580 1118 1035 430 1143 1822 31 1293 1140 643 346 1275 2634 721 2025 2467 1506 822 1647 2402 654 1612 2232 2690 2161 2017 1831 1413 758 1356 655 2053 478 1124 2611 522 788 2821 113 840
000089.jpg,12 2809 1473 1876 1721 608 175 274 523 2402 2552 1972 252 721 561 994 1472 1829 1182 508 864 412 2716 2119 2061 1303 1018 504 89 2144 526 1647 458 430 1026 671 113 968 682 1921 1613 1780 2279 1899 162 1592 2557 788 2283 452 1039 2438 2531 625 782 225 847 1505 553 444 2569 2689 1918 858 1746 1141 525 2191 1168 2311 1395 655 2435 534 1024 705 1299 1711 2236 1248 1275 696 482 1027 1787 1164 394 1932 806 2181 1011 758 2634 654 2398 1598 331 27 1008 494
000090.jpg,419 894 2153 2554 96 1927 1632 106 2567 189 1032 2060 1171 2751 22 1214 481 2109 2726 1661 1365 785 744 2502 2141 2404 2152 2401 2162 1744 1283 815 1987 167 2160 856 2612 333 1108 957 171 941 454 2831 2079 1286 309 84 783 2197 1013 43 20 861 2623 1336 1605 2841 592 1217 2562 2720 270 1995 1139 2188 506 214 752 2498 621 2263 181 1596 2425 2116 959 620 644 150 1251 2278 1953 1802 1907 2571 2048 636 753 2442 971 2807 782 732 1018 1318 1797 2222 609 2507
000091.jpg,2099 1896 330 1532 1339 2674 1741 734 152 847 2742 458 354 313 2819 1376 1956 849 1708 2479 2283 2500 1704 696 1827 2557 2028 2191 28 505 671 972 1563 120 2181 587 532 238 2228 2365 2177 175 523 2250 2681 81 1917 2370 2689 705 2119 92 2716 2534 1335 1680 2552 2193 2052 2592 109 602 1111 2322 1332 2527 740 633 1873 1746 1021 552 2391 495 653 1297 2144 1875 1781 2764 1543 1961 33 822 449 131 1117 261 268 1140 968 1843 290 2232 1500 1011 1010 1941 503 772
000092.jpg,2044 1656 1102 1934 2528 1644 2411 188 2817 85 2501 312 2832 1624 2790 943 611 987 817 221 1319 1926 556 1405 1407 1386 635 547 2300 2082 2270 2397 2574 1092 463 1146 2724 2344 1029 259 2670 606 224 977 413 1484 2307 2419 1552 1173 111 2762 1501 712 1835 1666 2544 1190 1796 1582 1983 1203 915 197 1208 2774 2003 220 2800 1369 1627 2400 1011 1729 1222 1674 1352 2325 351 4 322 128 2770 409 2840 2599 2626 2480 489 550 1412 2154 439 1817 2099 2133 1437 970 1486 1066
000093.jpg,1113 1371 1144 396 327 1661 2263 1641 2572 2152 2245 2571 1487 1263 940 2197 2058 2751 1423 1632 460 1336 856 851 84 1277 2678 1019 941 2494 1987 106 1219 682 1927 1687 2162 1605 1280 1363 2182 2567 2153 894 1525 2726 2737 96 2056 22 2502 574 1171 985 2030 207 1282 1298 1922 2025 1590 482 1013 419 2053 61 1874 621 92 1315 815 2623 1787 1286 1744 905 2291 2806 2154 1223 1654 2116 2577 785 1343 850 455 2396 2109 356 834 1004 1866 2115 2057 762 594 677 408 1601
000094.jpg,2011 2707 645 1679 1623 1054 1444 1328 1663 1649 445 947 1029 169 2840 1253 319 2837 2836 712 2050 735 1552 2130 1782 1617 2767 1045 1422 440 1544 1381 2241 1993 1658 134 2439 2287 965 1218 1261 900 155 1640 2352 1948 197 2133 1486 1860 51 1775 2628 563 463 769 1777 1208 260 1307 1416 674 1437 1897 305 2419 2708 2088 1096 559 1868 562 1586 179 1840 194 1185 1051 1983 2631 2046 2732 1452 2735 2580 2272 259 1092 1369 1158 2713 140 2815 1362 238 497 550 2482 1878 1710
000095.jpg,1882 956 115 38 1995 448 636 644 971 1802 1536 2278 2197 42 2476 2194 2688 1880 387 669 1153 2468 758 2261 661 909 1083 1221 1318 2807 2465 2505 762 108 1011 1018 2720 2188 1761 1568 582 389 580 478 1662 1227 2634 1048 840 455 2467 782 2632 1378 402 2398 363 2425 936 1768 1262 805 1692 2690 456 504 753 1395 2168 1124 1932 829 159 290 471 721 1022 6 2831 2053 464 1097 643 2687 1293 138 1560 1706 324 1756 326 2611 1037 2301 1281 1275 89 1923 1220 2402
000096.jpg,2152 2502 621 183 1987 84 941 2141 1371 909 1365 214 815 1866 785 2841 1605 959 171 2263 1139 481 45 2182 2056 2522 1064 1288 2348 506 1953 236 1251 2760 2216 396 2503 2608 1283 270 1525 1364 2751 1363 1286 106 2761 1703 565 1171 1927 2567 1632 2401 1768 2048 2612 2197 2831 1280 1802 1844 2705 2623 1560 43 2425 189 1113 971 22 2109 1032 1214 1596 1108 1458 2720 783 60 1661 244 2188 1198 2562 2554 744 2737 2060 949 2153 986 2542 419 894 2627 782 1712 940 96
000097.jpg,601 2 2663 18 1842 2757 315 2622 1557 1390 1759 1834 1165 2015 2302 951 1252 2818 191 2161 2777 1125 1753 2077 2772 2478 70 2561 2510 2315 431 2685 2686 1747 1938 1980 1443 889 2702 522 1833 1989 277 1035 369 2667 767 1767 1114 1969 1460 211 1839 1391 2532 2624 2314 1413 2509 2276 1075 578 126 1845 269 1186 931 1511 1012 1810 2496 258 750 768 688 848 747 1406 2323 2402 1235 1442 31 1472 1822 261 1195 721 249 1117 1608 2475 2755 684 1334 580 202 1594 1293 1584
000098.jpg,611 188 1319 85 2790 943 1656 1102 2817 817 556 2528 1934 221 1644 2044 1386 1926 2411 547 987 312 2832 1624 2501 2082 2270 2300 1407 1405 635 2397 1584 659 463 2307 1146 2670 2755 1092 2045 4 2344 2574 2023 2724 2200 1796 977 2544 2826 970 283 2800 2419 1437 1428 1369 2358 259 712 2545 1208 489 606 1414 1316 2652 2556 524 747 1046 1307 2774 978 201 1486 26 1203 559 1752 220 1313 2770 2214 925 1848 2400 1496 1484 2606 1151 2649 503 550 1011 1983 904 1835 197
000099.jpg,577 147 1530 160 2094 2595 1078 1069 2758 2738 1607 166 1341 273 2648 1167 1660 1421 2633 551 2607 1803 1480 1366 2266 1816 1355 2431 385 814 537 1025 226 2104 1059 867 342 2835 2363 2460 961 400 879 1811 557 827 871 2444 2661 2820 685 2513 2524 1509 2175 1863 1242 1401 127 1619 1964 307 2576 1904 2399 405 641 2092 1735 2468 38 1995 741 1295 2614 1629 1925 1549 1060 115 1373 1807 1275 2269 2053 1037 295 1929 580 2385 2507 2771 2740 2727 1240 2839 2806 1520 1 159
000100.jpg,79 2305 2068 1067 2665 722 246 1547 350 2511 2842 1134 97 204 1463 116 1935 2041 1606 2135 1212 2741 137 899 1126 2736 2292 692 442 2319 2825 2294 1962 2766 1944 686 1076 362 2719 2813 1055 2728 2506 2382 790 447 1464 2248 2580 2286 1056 1937 1639 677 329 2558 804 1777 2393 2436 2598 2291 974 1452 574 948 2207 1275 217 2057 140 2435 494 1899 165 1841 2258 1781 1223 1273 840 2438 491 313 1052 682 449 1874 2279 1185 1787 2569 1929 2053 2091 1037 2687 359 2794 28
000101.jpg,2306 1543 890 2265 1955 316 2789 1314 2237 1109 1885 699 963 1164 649 2799 1010 872 162 1182 1991 740 1873 235 507 367 1823 2199 1135 1111 602 1332 1441 2597 2681 2193 1650 1774 1099 2052 2592 1746 1117 2610 2822 2212 1327 1852 2764 261 68 553 2814 771 1917 2105 1156 2144 2322 552 968 532 633 2177 2527 2343 220 972 1680 2812 92 1003 877 2594 1302 120 1376 2773 354 533 238 2191 2250 1974 772 503 587 1461 670 2017 28 2774 200 2316 330 2770 2028 618 1956 1961
000102.jpg,3 1642 254 2405 2490 2170 1958 14 1985 652 929 779 2336 765 1136 873 2426 825 66 1745 1574 2157 1246 282 2536 2434 1600 2256 1245 1633 233 869 1121 2485 2012 874 276 2147 1403 2391 871 2165 1152 1963 2487 1247 1997 318 632 2001 1595 1751 2204 1128 2734 2053 1347 2718 268 490 1124 1037 516 1762 1275 2236 2049 1262 653 2232 654 1240 2453 655 1011 331 33 580 1036 838 1140 455 2280 2551 2794 98 239 1441 1568 1781 2091 1787 61 927 2669 347 1967 862 2301 58
000103.jpg,352 1539 2092 2269 2576 2797 2833 299 2139 2844 2776 2226 1735 2371 1925 1982 1366 428 1660 1349 879 264 1619 1816 1480 1629 1814 2633 741 2607 667 1549 2175 1815 2455 557 2524 1009 837 2063 1159 273 2431 577 2460 1520 2399 403 234 913 1572 2484 1122 1025 1618 147 641 1 551 262 1540 1863 969 2094 888 867 814 307 2727 1295 2104 2385 1069 537 1242 160 2771 1524 1530 1373 2189 385 1803 1607 1589 2758 2340 2403 1571 1078 685 2215 2363 2635 961 267 1622 1615 687 342
000104.jpg,2306 2265 1955 1543 890 1314 2789 2237 316 872 1885 963 740 1109 2799 649 1164 699 1010 2199 1135 507 1182 235 367 1111 1332 1991 2597 602 162 1873 1099 1823 1117 2193 1650 1441 2610 2052 2592 2764 2105 553 261 1774 68 2814 2822 2144 2681 968 2212 1327 1852 552 1746 532 2812 1156 2322 771 220 633 1302 1003 2773 877 1917 2594 2177 2343 92 1680 1974 2527 1376 1461 670 2774 354 2770 972 533 238 2017 2191 200 2316 2028 1956 120 2250 772 503 618 1961 1813 326 671
000105.jpg,1113 2152 1605 2502 1371 1661 2494 1987 941 327 594 84 1298 785 396 1979 1866 214 2573 1184 909 2030 420 1687 1922 2751 2109 2245 2567 2841 2222 1641 1397 22 1502 1171 815 2022 117 1019 1139 454 167 2203 940 2162 1205 621 1198 1365 1434 2571 2726 2179 1283 270 986 2768 2263 1004 1343 275 614 1712 2348 1874 1144 1214 1400 45 1363 2141 2062 20 851 244 1744 443 1590 1137 1738 2057 1423 2197 2056 183 682 580 2522 1333 1659 1757 182 1084 895 1143 2620 629 460 31
000106.jpg,2437 1836 2700 1990 1224 1672 1178 1116 1714 2180 2785 1713 2523 683 34 47 1838 2422 1914 2129 465 44 2745 88 2202 1476 676 1483 832 2190 376 16 1856 2317 132 1447 1749 1176 2441 1593 95 596 824 576 1631 1057 1469 695 983 2111 2827 2016 2547 1743 1535 1346 1449 2149 1693 2542 1773 291 761 2249 751 1561 617 310 2656 1513 1103 1795 1073 1847 2483 1785 2275 1620 2653 1732 1594 1499 603 1161 2518 1228 1019 60 1195 404 1120 1940 499 1091 1357 954 1678 182 1760 39
000107.jpg,352 2797 2844 2092 1814 2576 2269 2139 2833 299 1815 2776 264 2455 1539 428 2371 1009 1982 837 1159 403 2063 1925 1549 1735 2484 667 741 1619 1122 879 2226 1629 2215 2189 1589 262 1660 888 1366 234 2175 1349 2731 2633 1480 913 1572 1863 641 557 2607 1520 1816 969 2771 1373 1 2431 1524 2385 2399 685 1622 2460 1295 1618 307 577 2727 1025 1540 267 1571 1509 1291 147 1069 273 814 2635 2524 600 1807 687 1060 385 867 2412 2223 1824 166 1607 551 2253 160 1698 2758 2094
000108.jpg,133 2327 976 2374 1947 2418 280 1580 2174 1234 57 2672 493 1861 1358 1034 210 1792 1392 570 1575 1930 2461 793 1375 366 548 2004 1196 1276 2456 1859 746 689 1758 1724 2125 1665 2330 2229 1664 294 756 2186 2694 704 421 2662 1765 1292 797 1072 2039 1551 857 1776 1279 2581 228 422 2590 1350 583 2356 1887 1457 77 656 2838 242 263 2206 1193 158 2659 801 1877 1377 2332 798 1043 170 2541 884 2198 2155 1348 1229 2739 349 880 2321 885 859 1030 2184 588 1086 1542 438
000109.jpg,2045 1584 2023 2755 258 747 770 1320 446 1356 31 654 2569 580 1592 682 482 1780 503 2715 2757 326 2438 159 1980 2343 2809 1466 2667 2017 653 225 1613 2669 1829 1390 61 192 522 1248 2698 848 1186 1141 1976 2742 383 455 1472 1293 730 2144 27 1029 2055 207 2311 1262 2561 191 331 1140 255 2025 1435 1319 478 2622 491 1781 2693 1275 1362 1692 113 2076 670 2794 1273 1216 1117 768 1874 525 2070 1759 1339 338 611 1118 2062 2053 1787 553 275 68 2624 903 1097 523
000110.jpg,1325 1526 2516 2145 1779 406 1670 1068 1385 811 1442 112 1511 1969 1707 365 2730 410 1110 1007 544 1783 2788 1992 1379 2290 709 535 1311 749 2377 1079 605 821 1527 434 2364 1005 2746 2549 673 593 1794 937 2151 1966 1516 2299 1894 1040 2219 1131 1243 2095 870 2102 1968 336 338 288 730 1466 2763 610 435 186 773 1455 1498 1871 257 1138 1850 519 2417 2613 2830 253 1645 2697 1731 1020 881 1581 1634 2680 1424 2341 1309 742 2560 1573 800 717 678 2005 2251 94 1133 1800
000111.jpg,2495 1357 564 926 39 2288 1818 1180 76 2281 1091 230 1786 1257 1971 777 1996 739 2224 1106 989 2000 1559 2114 1137 1353 1538 2489 614 2699 2787 1846 215 751 1207 1087 2493 1900 2324 2072 2247 737 1841 1451 436 1943 917 364 2239 766 1950 1482 920 541 2033 2504 2073 902 1568 455 321 653 2040 462 1036 145 2053 87 2784 788 1804 1883 803 1048 1026 576 1912 758 1152 108 2017 1018 1662 946 2407 721 2232 1124 471 590 341 1140 138 1647 782 1262 2301 2258 49 581
000112.jpg,101 215 436 1900 364 2040 2381 737 251 989 341 1427 803 2504 2114 1106 374 1559 766 572 545 1230 1898 328 395 407 2644 1451 1683 2546 1361 1115 1389 1093 2238 2242 581 2540 962 1798 2000 529 2787 1394 2759 1353 2066 1883 2323 1300 789 2277 1951 1175 304 2784 2178 1306 589 1213 485 1786 658 2113 727 2579 1334 1257 646 1801 1971 1818 240 2054 2288 614 2495 2072 39 926 1207 1087 1558 1137 1357 483 564 293 1091 714 898 76 2281 1180 1996 739 2533 754 2756 777
000113.jpg,2810 2043 1113 2346 1916 475 1723 2171 2816 1891 650 2841 2666 411 1487 1865 396 1603 1697 922 1082 443 1188 1308 468 1570 546 586 1763 37 1221 122 582 807 2268 721 2402 285 1972 1027 1083 430 1711 252 2398 298 753 1395 1284 1018 758 1921 504 2634 459 327 1647 750 1472 629 225 525 2167 840 2061 138 334 1024 1435 782 412 1026 1598 788 452 2311 125 820 1568 1011 1882 1037 2025 1090 322 1285 561 1912 113 1612 625 1787 1048 1979 1220 2762 1582 936 1150 278
000114.jpg,1946 2394 1778 416 105 11 355 813 1396 1554 1105 243 1370 1331 966 2696 2257 1742 1614 1673 908 883 1495 2660 2458 1384 1002 446 2049 530 337 7 607 2793 984 1301 975 1419 2782 1237 54 1604 2331 495 1017 487 2600 2843 1681 471 655 412 561 89 392 942 710 2698 290 1705 1273 1438 2452 1941 937 2244 53 1843 478 2697 33 1472 673 216 643 1220 331 625 52 2543 241 840 660 2398 1248 346 1378 1275 2085 1598 200 1048 753 2765 430 2311 1274 2193 252 2715
000115.jpg,727 658 589 1306 1175 1951 485 1213 2178 304 2113 2066 1394 1334 545 1798 2323 962 1389 1361 2546 1115 395 572 1230 2644 529 2277 1451 2022 1559 2787 1683 2540 2054 1106 1801 374 1137 1558 1197 2000 2072 2114 581 1561 2579 2249 1353 614 714 803 2759 341 1207 2542 898 2040 646 149 822 2409 2137 2381 2656 60 1900 1898 1631 2179 1184 783 436 525 251 2311 695 1322 1087 1685 132 954 824 2149 617 625 1248 1027 1176 989 724 1979 1435 1166 2400 113 101 1427 2232 93
000116.jpg,1631 1593 291 1801 483 240 1300 1561 789 2784 2277 540 1346 2260 1535 1883 1087 832 2759 1137 529 1353 2579 614 2054 1590 895 1197 93 2000 2504 803 898 2409 2542 499 465 1166 1483 576 374 1207 1804 1093 1928 2114 251 2072 2242 967 1257 44 407 1334 16 1683 1558 1971 1447 617 1389 2238 792 1115 1749 2129 1427 581 714 766 376 646 634 2235 2024 1719 824 1898 1091 1597 2644 1469 2143 1996 1394 63 2323 328 91 2546 2785 426 1689 2317 2540 2430 61 2806 1019 49
000117.jpg,2556 1316 1496 2815 1636 1965 2272 2352 194 1860 1051 1218 2628 1586 497 1752 1840 2046 1362 1261 1897 992 2713 1658 663 1948 1381 201 2439 2241 1416 1096 2836 1544 1782 518 2767 965 2553 231 2433 168 2376 173 712 155 1878 563 1045 947 51 1649 1901 1123 1640 2545 950 1148 1796 1453 440 1848 978 2069 2034 2309 2007 1253 1569 1775 900 169 769 64 2826 319 1054 2652 645 2088 161 2721 1444 2287 1490 2419 260 715 100 1584 1428 1046 559 331 655 1663 784 2837 363 703
000118.jpg,1536 636 2807 1318 2278 398 1199 1726 2476 387 2188 2498 1596 42 2761 971 2720 2442 2688 2230 2386 335 1802 644 2425 909 762 43 1768 1458 2562 2168 2591 2197 300 2503 1108 2678 1880 1315 270 1907 2079 2160 2448 1336 1283 2048 1013 2141 1217 2116 2572 861 1797 2571 732 856 1232 181 1525 309 2623 2620 281 2401 2263 620 333 2612 448 1687 1487 1882 84 1280 1365 2705 785 150 1960 941 1866 2573 1400 115 924 1471 1612 2260 183 624 851 1140 997 1364 1018 1198 2245 782
000119.jpg,2305 79 1067 350 2068 2294 1944 1055 2665 722 2728 246 1547 2511 2842 1134 2207 97 204 1212 2135 1056 2741 137 2558 116 725 899 1606 1825 165 1940 1463 1130 692 1126 2736 442 1935 2319 686 1986 2292 2041 1076 1962 2719 2825 329 2506 2766 2248 804 2580 494 2813 2436 2057 1464 2291 2286 2598 1452 790 2382 447 1899 2639 1777 574 974 1937 140 2683 647 1639 1868 1874 2435 948 1223 12 2393 362 146 1532 677 1262 1185 1275 2142 2681 1923 1273 525 1789 331 1813 1841 726
000120.jpg,1697 285 1570 2706 1221 922 546 6 298 1188 1891 582 1456 122 1284 759 2167 37 2268 411 1285 475 1763 2816 650 468 2043 2666 1916 1702 2346 1723 2171 2643 1537 1260 973 448 807 459 1865 1858 732 1082 2810 181 1884 620 1090 690 1083 829 669 2118 1153 1308 2313 980 1015 1227 956 1797 2194 661 586 1882 1603 2261 2476 820 2677 443 1610 372 1139 721 1761 1011 2402 1541 1756 799 476 504 636 758 1568 1018 281 796 1395 1317 1972 455 653 1647 1875 2030 580 2841
000121.jpg,1129 2185 1411 1694 2584 795 2298 1684 143 1440 2517 2363 2529 2616 2619 386 718 1939 787 2271 958 1445 2460 1294 1360 557 1630 2801 2468 30 810 638 665 1270 879 1112 1366 1446 1524 1215 1863 71 2481 1480 2139 1816 2269 1925 2833 1982 1373 741 299 2771 1238 697 267 1291 1549 1258 2576 641 2727 2189 2371 448 2092 1814 1140 1956 1619 1275 1514 326 2710 1356 307 580 1267 2749 1629 1756 969 455 428 655 1520 1472 28 262 2632 1295 1735 1730 2607 1568 2687 643 1744 2028
000122.jpg,2068 79 2665 2305 350 722 1067 1547 2511 246 97 116 204 2842 1134 2135 2741 1212 1606 899 137 2041 217 1463 1935 1330 255 2294 1962 692 1944 2427 790 686 2813 2292 2319 2625 2435 2736 974 1076 2248 1126 442 2286 1771 574 508 1464 1056 2057 1937 2382 1639 677 1777 1892 2719 12 657 494 2598 140 2291 2393 2580 1942 2506 2728 948 274 1899 864 1874 1868 1055 2322 447 2037 2440 2698 1677 329 1052 2825 2445 1275 1408 526 271 482 1998 1185 2766 2499 637 1273 682 994
000123.jpg,2555 1727 2058 834 1277 1749 1631 1087 1044 1137 1801 2260 1971 1593 1257 614 1590 291 93 1093 576 761 1476 465 895 1996 1856 2317 777 824 88 1091 1346 2422 1914 2202 230 2785 783 2745 2277 2249 898 240 1178 564 926 1019 462 766 95 1357 483 2072 2254 2495 967 407 803 1207 1166 1786 1180 34 2114 499 2242 63 2238 1785 924 1353 2493 2000 2523 1561 2784 44 457 2233 1300 1483 2409 2579 1804 2022 2437 2192 581 540 1447 1517 789 412 840 16 1558 751 2247 328
000124.jpg,2433 2034 2545 1453 2309 2376 1490 1796 100 715 1569 48 1901 2721 64 2713 305 562 1640 439 51 201 1860 155 2650 168 1316 1496 2088 260 2135 1096 659 563 2419 2511 2826 57 486 559 2553 1392 1948 2842 1878 784 204 1369 2840 2698 1034 899 1606 1273 1076 231 1983 1275 2556 1636 2286 116 1441 712 2714 2068 2769 2649 1234 2632 2007 1506 188 1965 793 2513 1547 26 2665 2322 1680 1416 2815 978 2764 499 412 643 1293 259 1543 927 1193 1956 2017 561 1216 1117 1140 1046
000125.jpg,2843 257 2516 1526 1871 2613 1731 2609 1707 1138 1442 288 1800 730 2145 1325 1511 1466 1992 1779 338 406 1068 811 1969 1007 519 410 2730 2290 1385 937 2102 749 2746 112 1005 1379 2377 1174 1131 1645 544 2299 678 2417 1794 673 1079 2005 593 1913 1527 2560 855 365 1966 773 774 2788 2492 2830 2364 1968 435 2151 1142 434 2196 1783 1020 2006 1581 1311 253 2243 336 1243 2251 2549 1040 535 1455 2341 1309 2519 1094 392 1936 2697 1424 610 2680 1110 1634 1498 1516 301 1850 1670
000126.jpg,807 2171 2043 2666 650 2816 2810 475 2346 1916 1723 759 372 1260 1891 468 1697 2643 1702 285 1188 411 6 1858 620 181 732 546 1221 582 1797 1603 922 1570 2313 1083 1456 1153 298 829 820 1284 1227 122 1865 2476 1541 1761 669 2841 448 476 1763 37 2194 2261 661 334 980 2268 2167 750 2118 229 2807 1610 973 1139 1285 1882 956 1884 2706 2425 1015 2632 2611 758 1090 138 721 636 1524 936 1018 1048 2634 799 1082 290 389 402 1972 2398 2402 2061 643 363 840 653
000127.jpg,2648 127 2372 226 969 1698 195 2466 2223 577 961 2820 1270 2253 1939 2094 1409 147 1421 160 2595 166 2738 537 1349 1078 1615 2835 1069 2758 1530 307 2213 1060 352 1341 2266 1994 2138 1095 1101 2710 1 1258 1607 1618 405 1520 1816 685 2709 1862 1815 2226 2481 2013 403 1366 511 879 2338 1167 1294 1803 846 1324 1355 2614 573 600 1828 665 2399 273 591 1694 2635 2100 557 2834 2158 349 1572 2781 2473 2175 1286 400 234 2460 2513 1684 2063 1509 1571 1480 1327 2212 1278 2255
000128.jpg,883 2095 811 605 1110 870 821 1040 937 749 1516 112 2788 434 410 365 673 2746 1311 544 535 2299 435 1966 2364 1794 336 593 1783 1670 843 1068 1005 1379 1498 2697 538 2290 2730 610 2377 1133 1634 1527 1454 881 2417 1850 2549 2151 1968 1079 1243 253 648 288 2830 1131 1546 2243 1455 717 2196 1325 678 2251 1466 1309 1424 257 2613 2087 2680 1871 248 1142 1573 2005 2519 800 94 416 2609 2341 1020 1894 338 1913 2006 2560 1581 2102 855 1969 730 2145 773 2763 446 2219
000129.jpg,1056 2135 2741 1212 137 899 204 116 1606 2294 97 2842 2511 1134 2728 1055 1547 1944 246 1463 1935 2665 722 2207 2068 1067 2041 2558 79 725 692 1126 2319 165 2305 2736 2292 442 494 686 2435 2057 2291 2813 2248 1076 2766 1874 1937 2382 1899 574 2286 1464 647 1825 804 2825 1223 447 329 790 2506 2580 1185 657 2639 1962 2708 677 1777 146 948 1130 2719 2393 682 1639 1986 2683 1940 2569 140 1592 274 2438 2598 1771 491 1942 1555 1452 1892 1692 271 280 2625 57 1408 788
000130.jpg,2185 1129 1411 1694 2584 795 2298 143 1684 1440 2517 2529 2616 2363 386 2619 718 958 2271 1445 787 1630 1360 1294 1939 2801 2460 557 638 30 1112 810 1446 665 1215 71 1514 1270 697 2468 2481 1366 879 1258 2139 2833 1816 299 1982 1863 1480 1925 2269 2092 2771 2371 1373 1814 1267 1524 1619 2246 591 1735 1549 2576 641 2727 1660 1744 716 2710 2444 2607 741 307 2189 1520 267 580 1291 1680 1238 262 2749 685 1275 969 326 669 527 237 342 28 414 1629 428 448 2208 2726
000131.jpg,70 1125 1753 2777 2772 2077 2478 2561 2510 431 1035 2161 1759 1839 2757 315 1165 1252 1834 2302 1390 2622 18 1557 951 1842 2015 191 2 2818 601 2663 277 767 2686 1938 2702 990 1980 1908 502 2685 2315 284 1413 2496 1747 1235 889 1895 2276 2471 578 369 1460 684 688 412 1443 1391 2601 561 2482 2532 297 161 1608 1472 1340 1303 430 1833 1186 1048 250 1989 2314 1220 769 628 103 2398 258 1845 173 2061 721 758 1972 1821 89 2632 211 2402 475 1916 175 1923 1008 1018
000132.jpg,1944 2294 686 2728 1055 2580 1899 494 2291 1777 2057 2435 1452 1185 146 2207 574 2286 1076 677 2436 140 2683 2708 1868 1874 2248 1639 1223 657 329 2766 2558 2719 2598 2813 804 2319 447 2639 725 2382 647 1212 1464 692 2825 1937 682 948 2393 137 2135 67 2292 2438 2741 2583 899 1067 627 1810 1825 165 2736 2509 491 2068 204 2748 974 79 1126 1592 116 482 246 1134 2665 1012 2569 249 1962 442 722 2305 1869 359 1606 1056 145 2121 790 2350 1787 1001 876 97 2051 2842
000133.jpg,99 2055 401 453 1023 141 2163 1145 1047 2098 1976 1628 461 2747 612 981 73 1872 380 760 1599 2074 399 437 477 1233 823 1510 595 208 2829 177 816 2587 2655 2122 2469 1717 1085 2126 2679 1903 731 1163 2009 2636 72 1688 654 1784 1275 694 1829 2698 1160 1140 331 172 61 2531 786 799 1124 643 1967 1273 2407 402 49 525 1543 2669 1356 408 2301 455 1274 383 806 1248 552 52 326 1929 2429 478 207 471 1563 1506 430 1918 1780 363 2193 1127 346 1438 1662 2311
000134.jpg,241 1008 2301 2142 840 2634 758 2765 1039 389 1024 89 452 467 726 268 1843 495 290 131 1875 1568 1929 1475 1503 484 1378 655 2285 2236 2059 2407 999 2565 53 1941 1730 2398 1662 464 363 2687 478 314 108 1022 2465 2505 33 1789 1026 1706 1220 2821 1500 2429 628 346 936 331 430 344 324 753 927 129 786 2531 1932 2244 1062 501 2698 1918 1831 1655 1813 1465 1275 52 806 1923 471 788 125 1281 456 2715 1273 534 295 455 1912 1438 780 1481 2611 2806 418 1037
000135.jpg,1810 1001 67 2509 2121 2583 2350 1012 1075 249 202 1406 627 725 1944 2728 1055 1212 899 137 165 2057 2291 2207 2294 494 2135 2558 2741 1874 1606 2736 2435 574 1825 2825 204 677 1590 2248 1223 2813 692 116 895 2766 1463 1126 1940 2842 93 2382 1899 442 1937 404 2068 2719 97 246 1134 2665 682 686 2319 1547 2292 1056 722 1935 1869 1195 1067 1594 2683 2569 948 2511 647 1076 2438 447 1592 2639 1986 1639 1609 2305 1689 2780 634 1464 24 378 1441 1805 491 338 1130 835
000136.jpg,2096 1321 2156 836 1098 2645 1709 935 2432 2750 2201 1933 1790 850 2071 1638 1052 2342 2355 1436 1736 2450 755 1806 222 2218 1504 897 1911 2362 2512 2691 1305 796 2261 661 295 2053 1275 2806 2611 595 2313 476 1227 1865 2194 1037 344 2396 653 1286 1216 2318 1124 1032 1929 2060 1730 1787 2168 2823 1153 753 383 2794 2025 1662 2687 2091 2465 2505 2627 2153 829 189 108 2398 1248 2831 2311 2280 1435 1022 245 239 679 856 2705 1140 580 1692 2236 1475 209 1763 2634 391 669 838
000137.jpg,472 1803 2758 1069 1341 1607 147 2595 1530 577 160 2094 2266 2738 1421 1078 166 226 537 127 1167 1811 1060 2835 1355 1509 2820 2648 961 2444 551 1278 1828 2013 405 342 1059 273 1324 2138 2175 2513 1862 1964 2104 641 1242 2431 1863 2385 262 1373 1101 2771 2614 1295 1618 2340 2781 385 2710 991 1524 888 1025 2460 1807 2740 1540 2399 352 2468 2403 267 1619 203 741 814 667 2635 1159 1291 1238 2213 1 600 1571 1815 2576 1925 1652 2692 2063 2709 1549 2698 867 1572 969 716
000138.jpg,546 1221 582 1702 285 6 759 2643 1083 732 1697 1260 468 620 181 1797 807 1188 1858 2313 298 922 1570 1865 1891 2476 396 2816 2807 2167 2194 1318 973 1284 2261 2043 1882 411 1723 1113 122 650 1456 956 661 2171 448 2268 820 1153 1227 1761 2627 1082 1763 1018 636 1199 1603 229 1262 721 669 1285 37 1308 2346 782 455 580 459 2810 758 2402 2666 655 1139 475 2611 1647 1568 1472 281 936 331 643 2278 840 443 1293 344 138 1011 2053 1612 1097 1140 1124 31 1048
000139.jpg,1346 617 1535 540 832 291 2542 2129 1513 1773 1847 1161 1561 1795 1693 310 2827 1631 1593 1785 1019 2441 63 1590 1197 983 1257 499 2149 1971 2190 182 1228 93 1176 2656 1856 1743 95 895 2437 2785 1166 783 2409 2202 1343 2260 2016 1091 2242 1914 2745 1836 695 949 1786 1137 751 1672 132 2700 1116 596 940 1004 2247 1928 1087 465 898 1996 1990 2112 2111 576 2022 1760 2180 1298 683 1940 2238 766 1712 88 1713 1224 76 75 44 1801 149 1483 2737 1838 1434 954 1749 777
000140.jpg,2063 1814 2455 1159 1009 1815 837 403 2844 264 2484 352 2731 2139 741 2833 2797 2189 1925 1982 299 2371 2092 1122 1589 2576 2269 1735 1619 667 428 2776 879 1863 2431 2460 2215 557 641 1373 2385 1622 1549 1520 2399 1524 1295 2771 1539 1 234 888 262 1807 1366 991 267 17 2727 2363 1291 1571 1025 913 1629 1349 1238 1480 1572 2175 2633 1660 1816 307 2226 2607 685 2486 600 551 1862 2403 2100 2412 573 1803 846 317 2710 867 1509 147 687 2834 472 814 2255 1338 2158 226
000141.jpg,849 2819 2479 458 2500 313 152 1532 505 2191 2557 1563 1708 2365 28 2181 734 81 523 2689 238 2716 1827 1339 175 2283 2250 1896 120 2674 705 2552 1741 2099 587 2370 847 2534 2742 671 330 354 696 2681 2119 1376 2228 972 2028 92 1917 1704 1680 2177 1956 1335 109 2527 2322 532 2193 2052 2592 1111 2144 602 1332 633 1746 740 552 1873 261 1010 786 1156 1281 1026 1787 1912 1662 125 1465 33 1037 449 1923 726 2244 129 788 1262 268 495 2690 2715 131 2142 1932 324
000142.jpg,1056 2294 2135 899 1212 137 2741 204 1944 1055 116 2728 1606 97 2207 2842 2511 1134 1547 2558 246 725 1463 1067 1935 2068 1076 2665 722 686 2248 2813 2825 2286 1464 2736 2435 2382 1899 79 494 1937 2057 2041 2291 165 2766 1825 948 692 804 146 1126 1639 2393 447 2292 2580 1874 1777 574 2319 647 329 1185 2639 1223 1452 2683 682 2708 677 2569 2305 140 2719 1592 442 2438 657 491 2598 2436 274 1275 1868 2698 280 974 52 1441 1918 608 1438 1692 346 57 1273 1124 2821
000143.jpg,1993 1422 1617 1663 712 1045 947 2837 1444 1328 134 2130 1782 2631 169 1649 2836 2767 1623 1054 2707 1679 1029 2050 463 1381 2241 735 1552 645 445 2840 1658 1544 2011 550 440 197 2439 155 179 1261 319 2735 1253 1218 900 1948 1840 1486 2628 260 1416 1437 1096 51 305 1307 1640 1369 1897 2352 259 563 2133 1208 1860 562 1362 1710 965 1489 1051 559 1092 2088 2826 2397 2419 1777 978 1983 1878 674 1586 1123 1185 715 1796 1636 769 194 2046 2721 1569 2708 497 1148 1316 2076
000144.jpg,2090 988 193 121 569 332 1793 571 2568 2415 901 427 2217 680 340 1268 370 536 1065 323 56 1272 1189 2421 2210 2380 2032 2047 1038 13 640 743 729 1132 1236 1754 2520 2423 1886 2108 1256 1240 1588 2083 159 2839 1431 1553 2640 580 1293 1337 1275 1441 2798 2025 1273 432 1037 2671 1118 36 1787 505 1789 2236 1143 2053 1563 1929 1097 2698 28 1430 1831 955 1475 2279 1041 2668 313 412 1635 2764 1822 561 1050 1124 2681 1829 2611 89 2687 61 2795 758 822 1117 927 31
000145.jpg,1179 2491 2328 1579 2682 1977 1063 1651 841 639 9 1578 945 1770 515 2252 2647 887 2379 748 919 1920 1769 952 1851 1354 930 2778 1791 2729 1531 928 227 819 916 114 1583 2792 1657 998 2065 2225 118 763 1470 2042 982 567 923 2723 1585 1667 2310 517 2097 2618 1211 1367 2304 975 2559 2793 2575 311 528 1271 2459 875 2488 808 778 1854 151 1970 1154 1239 382 2711 492 2349 7 1566 2361 1368 1210 579 1688 1755 25 2416 479 633 512 98 2214 2026 805 276 799 831
000146.jpg,2352 194 2272 1051 1218 2556 2628 1316 1261 1636 2815 1496 1965 2439 1658 1840 1948 1586 2241 1897 1362 1381 497 1860 2046 1544 992 2767 2836 201 1782 2713 1416 663 1096 712 1649 1045 169 155 947 1901 1453 1490 1752 51 1640 2837 518 2309 64 440 1617 2376 1422 2433 48 1663 305 439 1054 1569 965 645 1444 2721 100 2553 1328 715 1552 260 562 2538 2050 1796 735 445 2708 231 1679 168 1369 2012 2650 2483 1623 563 2649 1711 2840 319 724 1029 1253 1777 1848 2130 1206 2007
000147.jpg,133 1947 976 2327 2672 2374 493 366 548 1196 2418 280 57 2174 1580 1234 1575 1358 1034 1861 1792 1392 570 210 1724 756 1758 793 2004 746 2456 2125 1375 1930 1765 689 2461 1859 797 1664 2184 2330 583 1665 1276 422 2694 2186 2229 294 1279 2039 2541 2662 588 1551 2581 228 1776 421 1193 1887 2356 1292 2590 857 2206 242 1457 2838 656 2659 263 1377 2493 704 801 1350 170 1877 880 438 158 2198 150 859 2703 1081 2332 798 1086 1229 2324 1348 470 2127 1609 1043 884 349
000148.jpg,2082 2270 547 1386 556 635 987 1405 1407 1319 188 2300 221 611 312 2832 85 943 1926 2790 1102 1146 817 1624 2501 1656 59 2817 2367 4 626 1934 1545 1644 2411 2528 950 2044 1799 2389 1737 1202 1752 826 2515 2574 1092 2105 1710 2312 134 550 433 1417 2840 259 1307 266 1468 1003 2010 2397 1190 1796 2424 1117 1496 2477 613 674 712 1208 1021 203 1414 822 606 1472 283 2632 1096 670 1912 2826 1813 904 2343 947 1956 1437 1316 2544 2137 769 1961 2545 1923 2762 1552 1878
000149.jpg,2045 1584 2023 2755 258 747 1319 611 446 31 1356 556 1262 2715 770 455 654 331 1118 2343 255 2076 1604 726 547 580 1216 1275 2698 326 503 268 478 655 1140 643 1829 1386 1780 1692 159 383 188 1237 1273 463 113 1240 418 1143 2569 2017 1124 1248 1293 464 860 1822 1441 1472 220 1701 682 2611 1981 430 1435 1875 840 1774 1029 207 1274 1592 1568 52 2311 1466 1097 2142 131 2669 225 1706 1730 1924 2053 27 61 1503 200 2610 2191 1505 451 2137 730 653 2693 344
000150.jpg,2043 2171 2666 650 2810 2816 2346 475 1916 1723 807 1891 372 759 411 1603 1260 2841 468 1697 6 1188 1702 922 2643 285 546 732 1153 820 620 1570 1221 181 1858 582 1083 1797 1139 1541 829 1456 334 1865 1284 1763 1761 2167 2313 1953 2268 750 1882 1227 298 37 1018 782 122 2634 2632 980 758 1048 840 936 1082 2611 138 281 1472 643 1395 799 430 2061 721 464 478 1568 1097 655 1293 669 1503 363 389 1912 113 1756 999 290 561 1150 1612 455 1972 1008 1706 2398
000151.jpg,2568 2217 2415 427 901 1793 1553 1256 2090 1430 2423 569 2380 988 193 2267 743 121 1236 1699 1886 332 340 571 2333 2421 370 536 1038 323 680 554 176 2047 2668 2735 2108 1888 2078 1065 1053 2032 56 1189 289 1041 868 1492 429 1754 2786 432 1272 2539 2693 580 31 159 681 2629 1890 2520 2671 653 2117 2221 199 302 878 1521 2199 1787 361 36 2594 326 192 292 1070 799 2742 1429 261 654 2379 2025 503 1431 1293 1635 923 2227 354 587 1568 296 1398 2053 1317 893
000152.jpg,2171 2043 2666 650 2810 2816 2346 475 1916 1723 807 1891 372 1603 759 411 1260 1697 468 820 6 1188 1541 1153 1702 2841 2643 285 334 922 546 1570 1221 750 582 620 732 1858 1761 829 181 1083 1139 298 1456 1227 956 1763 1284 1797 2634 721 758 138 1537 1865 1395 2167 799 1048 1972 2632 2061 840 1018 1912 1882 389 2402 1932 2313 290 782 129 464 1923 1921 1220 2611 2407 2398 822 1281 1465 1706 1568 2214 456 2232 2706 936 2677 1285 1026 2244 1756 1813 1503 363 1062
000153.jpg,2372 2466 2648 195 2223 1698 969 2253 1409 1095 1994 2834 226 1615 1939 577 2158 223 2820 1270 2215 127 1572 147 1421 913 2595 961 2709 2266 2226 2338 2094 511 2635 160 1349 349 2738 892 166 2481 1078 1324 1530 1258 1294 2619 1815 537 275 2013 2758 2616 346 1694 665 600 234 1140 2835 879 580 1293 331 52 1069 478 2821 326 1262 1009 655 402 1918 1 1216 1275 455 936 1273 1097 471 1568 2669 2715 1612 840 1220 1048 383 352 273 837 159 2467 1341 1618 654 61
000154.jpg,1798 962 572 2323 2644 1230 395 1361 1334 1394 1451 529 545 1951 1306 1175 485 2277 589 727 658 2066 2540 1559 2178 304 1683 2113 1213 1801 1106 2787 2000 1389 436 2054 1427 737 101 215 1115 2546 364 251 1900 2040 646 2381 2504 581 2114 803 374 989 341 1558 2759 2242 2072 714 328 766 1207 1137 614 1898 2238 1353 2579 2022 898 407 1883 789 2784 426 1300 1087 1093 2409 2249 1786 1928 240 1561 1597 1197 293 1166 1257 412 525 2181 93 895 858 252 430 2311 753
000155.jpg,2749 2740 154 1059 342 551 203 2468 2444 1524 934 185 1348 1377 884 1576 1629 2155 1025 1716 170 438 1030 1292 1857 1522 82 1803 470 1072 242 130 2399 798 2431 1811 2703 2127 1520 287 158 2727 38 472 1432 1 2206 685 385 307 2198 147 1392 160 2588 2363 1861 2460 57 1167 1193 880 77 1807 1530 1675 280 1863 267 1792 1034 2187 1276 577 2581 1373 814 795 2385 641 2771 2710 1295 1078 1238 1355 2633 1925 879 1580 2371 1201 793 1291 1480 2461 1086 1826 2403 1619
000156.jpg,883 416 1946 2394 105 1778 11 937 1133 434 435 402 471 1966 673 2467 1438 1822 2690 389 52 2698 1040 446 346 786 749 593 2244 257 758 2821 89 478 2196 1634 363 2407 840 2251 643 1481 2301 1692 678 936 2634 1097 2830 1941 464 717 605 655 2142 1143 1220 2005 2843 2398 418 1309 290 1918 1465 561 430 1378 1039 2788 331 1789 654 1293 1755 1787 1237 2697 2611 1794 108 1706 1008 1273 1503 355 484 2716 241 2715 2465 2505 1275 1124 2765 2017 1843 1026 1110 1048
000157.jpg,1346 617 1535 1513 540 1847 1161 1773 2542 1795 1019 63 832 1785 1693 291 2129 310 2827 1228 2441 2190 1176 95 2149 1856 983 1593 1561 2016 182 1743 2202 576 132 695 2656 1476 1971 2745 824 783 1257 2111 596 88 1631 949 1749 499 2022 1197 1914 1786 465 2785 2437 1590 1343 2547 1836 1004 1091 2242 1298 940 93 2737 2422 2700 1087 895 777 1996 1166 149 1103 1760 2238 751 2247 1990 1333 1137 2260 75 1672 766 1801 1093 1712 407 2409 290 363 1838 2634 954 1780 2112
000158.jpg,924 2502 1288 1363 1703 2567 2152 2751 2216 2841 214 22 1171 1214 785 2507 1605 2109 1866 1487 1371 1471 1661 2726 1365 2348 2573 2263 2141 621 997 1139 986 909 957 744 1953 941 2404 84 189 2623 20 953 167 2060 1987 1927 335 183 1032 1525 1632 2162 106 454 96 2678 1904 783 2230 1744 1995 2160 2591 2079 949 1217 419 205 333 63 2153 894 2197 1602 1044 1315 2030 1019 2823 1280 2497 171 1757 1027 2555 1113 2737 1785 2017 602 1856 400 1918 1641 300 1612 782 1018
000159.jpg,1056 2135 2741 1212 137 204 899 1606 116 2294 97 2842 2511 2728 1055 1134 1944 1547 246 1463 722 1935 2207 2665 2068 1067 2041 725 2558 2319 2435 692 494 79 2766 2291 1126 2057 165 2292 686 2736 1899 1986 2248 1825 447 1076 2813 1874 574 790 2305 2825 442 1777 2286 1464 2719 2708 657 1185 2506 1223 1937 647 2382 2580 57 804 146 1130 329 682 1771 677 140 2393 2625 2639 948 1962 2683 1639 280 1940 2062 1473 1275 1452 1692 1408 2611 2598 2438 347 1124 1892 2499 2465
000160.jpg,264 2455 837 2844 1009 2484 1159 1815 2063 2189 403 2797 2092 299 2833 2139 687 1814 2576 2776 1982 741 2371 2269 1622 352 667 428 1925 2412 2731 2548 1735 600 1589 1619 1338 2215 2662 2486 267 1571 1291 2811 349 1238 891 846 1122 90 2100 1549 2255 317 17 888 573 857 885 2338 262 1375 801 2039 2403 2590 879 1229 1539 2223 1660 577 2399 1629 1350 2158 798 706 1862 2206 1457 642 2356 656 1776 1698 1522 1520 2253 1887 641 1863 1551 814 263 2727 2633 203 2123 2198
000161.jpg,2512 2218 222 1504 1305 1436 1052 1638 2071 2362 1933 2342 755 1736 1806 2450 1790 850 2750 2201 2355 935 2096 1098 836 2156 1321 2432 1709 2645 2691 1911 897 144 320 796 2420 2318 1273 326 580 2698 412 1275 561 629 1216 216 159 1435 653 2311 643 2070 331 1274 1715 1141 625 2642 61 2232 296 1248 53 455 207 2565 525 1598 1692 402 1967 1356 31 1635 679 1127 1124 655 1568 840 290 1780 599 344 89 2407 858 2017 390 2025 430 2611 822 1293 113 192 1097 654
000162.jpg,600 573 1694 2100 1684 642 1571 2486 846 795 1338 2412 1622 17 2255 317 2185 1411 1129 2298 2584 2811 1360 1630 2338 2616 2372 2223 2484 1294 1939 969 349 1409 958 1270 1698 195 2709 1291 1112 1446 2063 1520 2253 1994 2648 837 665 307 267 1238 1 2399 1572 2619 2189 1258 234 2466 143 2158 1615 787 1009 2517 352 2727 913 2481 90 2215 2246 223 1815 961 2801 2834 577 2710 264 2781 1095 1524 2213 1060 2595 2444 741 2635 1159 1629 1618 1349 891 2738 1993 203 892 2403
000163.jpg,150 2263 1371 1525 1280 2623 2572 2678 1084 1365 1198 941 2141 785 84 1866 621 43 2554 1596 894 1726 106 419 2562 481 2188 2498 96 1032 2153 971 2152 2386 1927 1802 214 2303 183 2720 275 762 1536 2791 1632 387 909 2502 2688 189 2116 1318 2060 2348 644 474 1083 1979 2401 2503 1750 861 1458 905 543 171 2442 300 2514 782 2374 1018 1568 1987 2448 2831 422 1352 2505 2465 455 2091 689 1880 636 2807 2197 1205 2232 1013 1336 2160 1262 1395 624 2293 1011 1425 2053 1124
000164.jpg,641 1863 991 1373 2771 1549 2385 2460 1295 1807 1735 888 2801 262 879 741 1619 1925 2363 667 1509 687 1982 557 273 428 2524 1242 2104 2431 2776 2371 147 2607 2189 2576 2833 2139 1660 2175 1366 1816 1480 299 2633 2269 1081 867 2298 2094 1803 2710 160 1524 577 1530 2184 1078 2844 2797 1341 1167 1069 2092 814 1497 1607 583 127 385 2758 267 1238 551 1814 588 798 1291 1862 472 2468 1811 1539 1025 2738 1421 166 1215 1765 2581 2595 1193 1355 342 1196 2672 1947 1494 2694 514
000165.jpg,957 1889 2464 2725 2404 509 2457 1766 2448 609 744 5 844 1515 2128 244 1696 2115 1880 2468 592 2168 1616 1945 2562 1596 106 2720 43 520 232 1364 2442 189 1556 2197 19 1927 1726 2678 1032 171 1251 2278 1061 1637 2740 2153 2109 894 96 2060 2522 1632 388 2182 2760 2572 163 2160 2498 2612 2056 621 419 387 644 2751 1269 2807 1280 1525 1904 498 2263 1536 2401 2188 466 22 2566 42 1802 2351 2476 1744 1013 661 45 1336 183 815 1602 636 971 2554 1064 1318 2124 1108
000166.jpg,304 2178 1213 2113 2066 727 658 589 1175 1306 485 1951 1394 545 1334 1798 2323 1389 962 2546 572 1361 1115 395 2644 1230 529 2277 1451 2022 2787 1559 1683 2072 614 1137 2540 1106 1558 1801 374 1207 714 2054 2249 1197 2759 2579 898 581 803 2114 646 1900 2000 251 1353 1087 436 2409 822 2040 2381 2137 426 341 525 215 1561 101 1184 1597 1166 989 2311 2154 1641 625 113 737 1423 679 1505 1923 1248 1435 131 2179 1427 671 1813 1225 2634 2400 1027 761 117 430 1322 788
000167.jpg,883 1546 937 416 1516 1454 843 538 1133 257 1946 1455 336 2341 434 253 811 410 1110 1871 2843 648 2364 749 2788 288 1079 2613 535 605 248 1634 593 2746 673 544 2609 1800 435 1005 1131 1645 1040 1441 2290 2299 112 1731 1379 821 402 2219 678 654 2716 1966 1670 2331 471 2549 1438 2822 2005 365 2730 2196 1715 717 525 618 2697 331 1573 786 49 2669 2470 1142 1894 2693 1248 2244 2087 730 1424 2251 1498 464 1850 1780 1138 649 1941 290 363 1650 1527 805 1706 245
000168.jpg,312 2832 2501 1146 987 1624 1407 1102 1934 2411 1405 2528 635 1644 2082 2790 188 1386 2044 1656 547 556 2270 221 2300 2817 85 943 817 1319 611 4 1926 59 626 2574 2389 1545 2397 1737 1552 1092 1752 1202 1437 283 606 463 1468 2419 712 2367 1486 259 1983 1190 2424 674 977 978 2826 2312 445 1208 2840 1029 1942 1369 2606 950 2515 2544 904 134 2208 433 826 489 2200 1307 1710 271 900 1422 1956 559 659 2105 2477 1617 1056 1339 2265 2133 197 2670 2692 1173 1948 1677
000169.jpg,2049 530 1396 813 1105 243 355 1554 1017 607 1370 631 2282 446 1518 1301 1742 1604 1290 2257 2796 1237 1331 984 2696 2064 2596 921 2140 1567 908 1058 1673 1614 966 1909 1613 1981 2093 451 662 1879 1384 1002 2392 2458 2660 1495 1906 394 1119 337 660 1978 2357 942 1621 2085 2782 1676 542 487 710 2543 1681 54 360 2259 1705 2600 1739 2006 840 1808 2243 1275 1893 1273 2417 1000 2698 175 131 1248 1142 268 1850 89 2191 2311 654 561 1929 1787 495 1875 1216 1829 2070 625
000170.jpg,1579 1063 1179 2491 2328 2682 841 1651 1977 639 9 1770 945 1578 2252 748 515 2647 887 227 1531 916 114 952 1769 1354 998 1470 919 1583 819 1791 1920 930 2792 2778 118 2042 928 1851 2729 2379 2723 2065 2225 517 1657 567 982 1585 778 763 382 1667 1970 2310 2711 2575 1854 1211 923 2097 1154 2793 2618 808 2559 2459 1367 311 492 2304 512 2026 2488 528 875 7 98 566 975 31 326 2349 1271 2416 455 580 331 151 196 1262 159 2474 200 2715 2017 1210 1275 655
000171.jpg,1883 1353 2784 240 483 1300 2249 761 1394 789 2579 2277 1801 529 545 304 2317 1593 1106 2066 2178 1559 989 2644 251 2054 1213 374 834 2000 2504 2381 1057 2114 2759 2113 395 1451 1996 2555 926 341 2288 564 1044 230 777 1804 1683 1091 766 1749 2495 1719 576 1087 328 1898 581 1449 2546 1180 1427 39 1900 1230 1818 1093 679 614 1971 101 1598 2238 252 1115 1447 967 625 2311 2787 572 2040 215 824 525 2137 1248 2281 1786 407 1363 2280 1435 822 737 2136 1476 1361 1469
000172.jpg,1029 645 1649 1444 1054 947 1328 2011 445 2836 2050 1623 735 1679 712 2707 1782 169 2837 1663 440 1552 1045 1617 2840 2130 2767 319 1253 1422 1381 1658 2241 155 1544 1840 550 463 179 134 2439 1993 518 2735 2628 197 1948 1218 2631 900 2352 2419 2133 965 1486 1092 51 1261 1983 1051 674 1640 1208 259 2574 260 611 2088 559 1307 769 2652 2287 1319 1934 1437 2397 563 439 194 1416 188 904 659 2375 2076 1096 1777 2826 1468 1897 1369 305 977 1674 1172 2501 2708 915 1624
000173.jpg,1274 1127 653 239 2091 2794 1781 2164 1780 449 27 1356 525 216 1505 1435 1248 2311 654 2137 1299 1168 113 2693 2070 1141 625 679 2669 245 1598 2280 252 383 61 838 822 139 2025 1924 192 209 49 1262 858 2173 1961 225 408 207 2232 2017 1568 1282 455 618 296 2396 1787 200 331 2316 268 1506 1140 356 2531 782 1612 1875 1018 1829 655 31 1187 33 2236 799 1240 2470 1472 495 2053 131 2406 580 1275 1011 1843 2715 1124 1021 721 2632 643 2142 1648 2028 2279 671
000174.jpg,2152 2502 621 183 1987 2141 84 941 1371 909 1365 815 785 214 1866 171 481 959 2263 1605 2841 2182 45 1139 2522 506 2056 2503 106 1251 2760 270 1064 1283 2751 2608 1288 1768 1171 236 1632 2761 1364 1286 1927 2401 1108 2567 2612 1525 396 565 150 22 2720 2048 2197 971 2831 1596 1363 2216 1280 43 2688 1032 2705 387 189 1214 1844 1703 2554 1953 644 2678 2623 2348 1802 2562 1536 2188 2153 96 894 2498 419 762 1458 2109 636 2160 2425 2060 1560 300 2572 1661 2278 949
000175.jpg,1416 1096 1948 1362 1897 497 1586 992 2046 2272 2815 1316 1636 1496 1860 1218 1965 1051 2352 2556 2628 1261 1658 712 1381 194 2721 2241 1782 715 2713 439 1796 51 305 64 1993 1569 1617 155 2836 100 562 1640 1552 201 2439 2767 260 2034 1544 48 188 1369 1840 1045 319 2545 1029 1663 1422 547 2650 947 259 611 1319 2419 1878 900 550 2837 978 1584 2088 2840 556 987 2826 1486 559 1054 445 659 1356 1710 2433 463 563 1435 1307 1248 2076 1444 168 2652 1148 1386 1437 1123
000176.jpg,2019 2550 1507 107 1104 2604 2414 1669 1177 2641 575 2176 55 728 397 2754 1194 1244 2136 863 393 1646 1691 1120 2518 339 1147 2395 1016 584 845 2080 1450 1678 1073 830 373 2275 2247 2383 1732 603 1482 1620 1523 441 2695 751 357 2493 2254 676 457 2233 2192 1805 794 2297 2701 2586 1734 775 2347 1611 1372 2630 2780 1832 2447 279 2653 2368 2329 1626 2260 2345 876 2211 2595 2324 1014 102 2020 2621 469 1959 2651 960 818 2240 2637 2360 371 379 693 1601 2326 10 1259 321
000177.jpg,1137 1087 614 1207 2072 1590 93 895 898 1558 1166 2409 714 1928 1257 1631 1971 2324 1346 291 1593 803 1786 1801 1561 2000 2022 2260 1197 1357 1535 2542 1334 1389 1019 2242 63 634 540 1559 2495 465 1597 1106 1180 1300 2493 2114 39 2277 76 2143 2546 2759 426 751 853 2247 1091 374 1115 2281 1353 2054 2784 564 1883 1818 2504 2699 1538 240 1093 1785 483 1213 1333 926 485 529 2288 2129 2066 1394 832 581 1996 576 182 215 1298 1912 1594 2142 2024 1195 1026 962 2579 737
000178.jpg,257 2843 1871 1731 2613 2516 1138 1800 811 1645 1526 937 410 406 2145 1779 288 1079 2609 1707 434 519 1385 1516 709 1325 2219 535 2549 544 1007 2377 1527 1455 2364 2341 186 365 112 1068 2730 742 2290 1133 253 2788 1992 336 749 1311 1894 605 1005 1442 1110 2746 673 1131 593 1040 1670 2763 1511 730 392 1379 1966 1783 435 2299 773 1969 2331 648 338 1498 1968 821 1419 1424 2830 1794 2102 94 2417 678 248 2560 1243 538 1020 301 1466 855 2196 870 1309 2005 2151 774
000179.jpg,967 1804 1719 1996 792 1091 2235 91 777 230 2296 1093 766 2242 926 2238 564 739 783 2281 240 1593 1818 2784 499 483 407 2495 1180 39 2024 1971 1353 328 2288 76 2756 1841 1786 1357 989 1689 1257 24 2504 1883 2114 2258 1856 341 2021 95 754 2111 1898 576 1728 1300 2143 1231 789 2430 540 2785 1749 2202 2441 1476 2745 2638 2555 1914 558 2224 88 1801 426 1597 135 596 824 634 2413 364 462 293 1727 213 184 737 1273 2827 2698 2533 2320 2040 1598 252 63 858
000180.jpg,1113 1371 2263 941 84 1866 1280 2572 621 1987 1525 1084 1144 214 396 2152 785 1365 2623 327 106 1198 815 2678 1632 183 2751 1927 2141 851 2348 894 2115 2554 2502 2494 1641 96 1661 2197 1687 171 2153 275 1139 909 2503 419 2116 2245 2303 1960 2060 2386 189 481 1205 2571 1286 2030 1616 1064 1659 117 2401 1032 1400 1602 959 244 2056 2203 594 506 2162 940 856 1263 592 1423 2831 1953 2726 2567 2182 1283 1487 762 1282 167 905 49 2760 2522 1251 1298 1605 408 1171 455
000181.jpg,2249 761 2317 1394 304 2178 727 1057 658 2113 1213 2066 1447 16 589 1175 1306 485 1951 1469 1334 1483 44 1449 545 1361 1389 376 2277 1631 2546 1451 2022 2054 1115 1798 783 1353 572 1914 2787 2323 474 1559 1801 2000 1230 104 625 529 395 679 2634 1106 1027 1435 2644 2311 290 834 782 1263 905 822 1248 614 2137 1026 840 2086 2398 1923 2072 1598 1018 525 89 788 1472 241 1505 1220 1363 2232 2091 456 1979 2114 758 1066 2785 1813 245 225 1568 324 1561 430 2762 52
000182.jpg,1883 2784 1353 240 483 1300 2249 1394 2277 529 304 789 761 2178 2579 1801 2066 1213 545 2113 1106 1559 395 2644 2000 1593 2546 989 2054 2504 1451 1230 251 1115 2114 834 2759 1389 1951 374 572 658 2787 1683 2288 926 1175 1361 564 727 2317 1719 1804 2555 614 1044 341 1996 1180 1898 328 1798 766 230 1306 39 581 2495 252 2072 1363 1087 1137 967 1749 679 1093 1818 2311 2381 625 589 1558 1248 1598 1091 2238 525 576 1971 175 824 1334 777 737 485 2136 412 1357 858
000183.jpg,1492 802 142 429 2078 1256 1430 2333 1699 1890 555 1553 2267 1886 2668 2380 554 868 2029 1236 176 1888 289 743 2423 2117 1562 2743 1033 2786 2108 2227 886 417 1418 1053 1686 432 597 1393 681 361 62 878 979 2451 21 1588 1431 1398 1132 199 2384 36 302 2217 901 292 427 1038 866 536 2421 893 1065 2415 2568 78 1793 340 121 332 988 571 193 2090 680 569 1754 733 1041 1272 2735 323 1499 828 1187 500 27 192 2406 159 2539 2025 580 1317 654 31 2594 1462
000184.jpg,79 2305 1067 2068 2665 722 246 1547 2511 350 2842 1134 97 204 1463 1935 116 2041 1606 1212 2135 2741 137 899 1126 2736 2292 692 2319 442 2825 1962 2766 790 2719 447 362 2506 2294 2813 2558 686 2382 1076 2248 1937 677 1464 2728 2286 1944 329 1639 804 2436 2393 165 1055 948 2207 1056 682 2438 2598 725 1223 574 974 491 494 2569 1874 1592 2291 217 1777 2057 2639 1275 2683 1185 647 313 2794 2580 449 1441 1942 2687 28 175 1841 1273 1899 1452 2435 271 239 2806 1130
000185.jpg,2843 257 2516 1731 1526 1871 2613 2609 1138 1800 1707 288 937 410 1645 811 1005 730 2746 519 2145 1325 1779 2290 749 2730 1442 1079 1068 406 2364 2299 1516 544 1511 338 2788 593 1466 2549 1131 1174 1379 673 1992 112 434 1969 678 336 2005 1243 365 1455 2492 2341 855 1385 774 2251 392 2417 435 1968 1966 1794 1783 2560 1913 1142 1110 1581 1020 2830 2377 1094 2151 1007 535 253 1527 1670 2006 1936 1311 709 2219 1573 1424 1309 2196 301 1634 2519 1040 717 2243 1133 2680 648
000186.jpg,1810 2509 1001 67 2583 2350 2121 1012 202 1075 627 249 1406 1944 1055 2728 899 2057 2291 2294 725 494 2207 1212 1195 137 404 2435 2825 1594 1609 574 2329 1590 2766 1606 2719 677 1805 895 165 2135 2736 2741 1869 1899 2248 204 93 2558 1874 1611 2748 686 2813 775 378 1825 359 2020 2701 1372 447 2665 1832 2780 1441 2842 2068 1223 321 1943 1056 876 692 2368 2630 2240 145 338 2347 1076 1626 2319 2683 347 371 794 2684 116 24 2382 1169 2651 1689 1517 2297 192 730 902
000187.jpg,2265 1955 2789 1314 2306 1543 890 1885 507 2597 1135 649 2199 1099 1650 872 2610 1441 2814 316 261 235 963 1010 1774 699 2799 1109 1164 1117 1182 1991 1823 367 2764 162 220 2822 2812 553 968 68 2237 1873 1156 2144 2105 1302 2212 1327 1917 2343 771 740 1852 2177 1746 552 1376 92 2527 972 1974 877 1111 2594 2193 1332 602 1003 2052 2774 2592 2681 2773 2770 1461 533 120 670 532 2322 587 633 354 1680 2181 2119 2191 2370 200 238 1956 671 2742 2250 2557 458 2716 2316
000188.jpg,2792 118 567 998 1583 1791 9 515 2065 808 2793 919 7 1579 2711 1970 382 923 778 114 517 1854 1354 1769 975 952 2491 2328 930 2778 1470 1179 982 2304 1770 841 1063 1851 1531 928 875 2379 887 1977 1211 2682 639 748 819 2729 1210 227 311 1271 1657 1651 2647 151 2361 2618 2559 2252 1578 916 945 1920 2723 2225 763 528 2349 1585 2042 1667 2416 2310 1239 2459 2575 1154 492 159 1367 1755 1378 1831 580 999 1655 587 2097 2715 2059 1293 326 1039 579 31 98 89
000189.jpg,8 1671 745 1474 325 2449 2535 2468 685 829 2706 1153 669 1387 661 1524 1227 2710 2771 1761 267 1807 1291 2261 1238 2460 448 2363 879 1863 476 1295 2168 1537 1373 557 2313 690 1865 229 1242 428 1509 262 411 2194 468 459 2385 741 2167 1982 641 2431 991 1324 307 2268 820 2175 1844 1619 1541 888 922 1858 385 577 1735 1480 1925 619 334 147 2387 1660 795 1456 2139 1638 2801 2633 2371 1286 1356 2607 2311 1188 1816 1059 654 750 1284 123 2634 1008 1215 1275 2189 1366
000190.jpg,1663 947 1649 1444 1328 712 2837 169 1054 2836 1623 1617 1782 1679 1422 2767 1045 2707 1993 735 2130 645 2050 2011 1381 1029 1544 440 2241 1658 445 2439 155 1552 1261 2840 134 2628 1840 1218 550 179 2631 319 1253 1051 463 2352 197 1369 518 194 1948 51 1640 2649 1416 1096 305 2735 1897 238 1777 1362 1796 1860 715 1870 965 1417 2580 772 1185 900 260 1569 439 354 1489 1543 860 2454 28 2052 100 2708 2193 2250 26 2322 2419 1868 1710 1452 559 1486 1111 140 48 602
000191.jpg,2545 2034 1796 2433 715 100 48 1569 64 2721 439 305 562 51 2713 1640 2376 1490 2309 1453 1860 155 201 1901 1316 1496 1584 2650 1636 2755 2556 2023 2815 2045 747 168 2826 1965 260 1096 2088 1362 1878 1262 711 455 503 580 1897 659 670 550 31 331 418 2272 1680 159 1293 225 2770 2419 207 563 2649 1461 1051 497 192 1441 1369 61 2017 2053 1011 1472 1275 654 1481 655 1532 1124 786 1140 2715 1715 780 653 1899 1356 52 1568 2553 2669 1586 326 1484 113 363 1438
000192.jpg,352 1539 2269 2092 2576 1349 2797 2833 2139 1925 299 2226 1814 1366 2844 879 1982 2371 1735 2776 1660 1480 557 1816 2607 1619 428 2633 2399 264 1520 1618 1815 2460 1122 307 1 667 1159 2455 2431 403 741 1009 1629 2727 837 867 1025 234 2063 685 1549 913 814 577 1572 385 1524 537 2175 2363 2484 1540 1571 2213 961 2524 1101 551 2100 2189 147 969 1862 1863 1060 273 2094 641 2138 2403 2215 1295 2758 1069 1589 2158 160 888 1622 262 1607 2473 2340 1807 2635 2412 1242 2834
000193.jpg,894 419 2153 2554 96 1927 1632 106 189 1032 2060 481 2567 1171 22 1214 2751 2109 1661 2726 2401 2831 1286 815 1995 1336 171 785 1013 1987 744 2612 333 1251 2162 2502 84 2079 506 1749 2160 1744 621 941 2571 2197 856 2720 2555 2152 309 2216 1108 1315 644 834 924 2141 167 2705 2404 45 2263 1283 2425 1727 971 454 1364 2058 762 959 1288 1365 636 957 2522 1277 1363 183 2688 1703 2733 661 2222 387 1802 2562 2168 2807 2188 1217 2278 20 1763 2313 1318 2442 1605 783
000194.jpg,1125 2777 1753 2772 2077 2478 70 2561 2510 431 1035 2161 1759 1839 2757 315 1842 1165 1252 18 1390 1557 1834 601 2622 951 2 2302 2818 191 2015 2663 297 103 1821 369 1235 1323 1720 1186 412 502 767 2314 561 277 578 990 1413 1608 1391 175 284 688 1460 1303 1048 2632 1908 430 1472 1018 478 1162 1220 1916 703 89 15 2279 1533 2228 1027 2378 2685 2398 138 643 501 1692 2634 782 758 840 1822 2821 847 1465 1182 2589 1923 1972 2346 753 252 452 628 1980 1008 1273
000195.jpg,2495 1357 564 926 39 1818 2288 1180 76 2281 1091 230 777 1786 1996 1971 1257 739 2224 989 1106 2000 2114 1559 1353 1137 2787 1538 614 215 2489 2699 1846 751 1207 1087 1841 2493 737 2247 1900 436 2324 2072 803 1482 920 766 364 917 2239 1451 2504 462 2073 1950 541 1036 1048 2784 1943 1804 138 2033 1026 455 2017 788 2632 902 1018 321 2398 2258 2407 581 2634 782 108 471 1476 1662 1601 2040 758 341 1568 145 1536 1923 1220 2301 1912 1124 654 478 1262 346 1152 2555
000196.jpg,79 2305 2068 1067 2665 722 246 1547 350 2511 2842 1134 97 204 1463 1935 116 2041 1606 2135 1212 2741 137 899 1126 2736 2292 692 442 2319 2825 1962 2766 2719 2294 790 447 1944 2728 362 2813 1056 1076 686 2558 2506 1055 2382 677 1937 2248 2207 2286 165 1464 725 974 329 804 1639 217 1275 574 2393 948 2436 2598 2580 1777 2057 682 494 2794 2438 2291 1781 1899 1874 1223 580 1130 2687 1273 491 239 2091 2053 2806 1940 449 2435 1037 1293 1452 2280 313 1475 2164 1787 1052
000197.jpg,2011 2707 1679 645 1623 1054 1444 1328 1663 1649 445 947 1029 1253 169 2840 319 2837 712 2836 2050 2130 735 1782 1552 1617 2767 1045 1422 1544 1381 2241 1993 440 1658 2287 2439 965 134 1261 1218 2352 1775 900 2628 769 1640 197 1586 2046 1897 497 2133 1860 179 1948 155 194 463 674 2482 1416 992 1710 51 1437 1486 1307 1362 2735 1208 563 1840 1777 1051 2631 173 1096 562 1757 1123 2272 220 1489 2553 624 2708 259 2012 1158 260 2815 1868 305 2713 1185 882 2650 2419 123
000198.jpg,2171 2043 2666 650 2816 2810 475 1916 2346 1723 807 1891 411 372 1188 922 1697 1603 1456 468 759 1284 122 1260 1763 1153 285 1865 1570 37 820 1541 829 1227 1858 2268 2643 1702 2167 1761 6 750 334 546 1221 448 298 1285 2313 1090 620 2841 2261 459 732 2194 669 181 476 980 582 1082 973 2706 2118 661 1015 586 1884 1610 229 1308 1797 1083 1537 2398 443 2632 753 1220 1048 2634 2061 138 561 131 822 290 2311 2611 1972 2387 1472 758 1018 252 1435 1465 1875 956
000199.jpg,1647 2402 721 1972 2061 1303 1921 1395 1037 1011 2053 561 1124 1317 1829 1756 1140 412 2236 331 805 1475 391 295 455 1967 1635 1050 390 1216 1755 1612 2806 2698 799 344 2279 314 1715 1275 1273 1187 1929 2406 655 1648 1918 2693 1024 430 27 1506 31 2687 2531 1730 1924 2301 1240 1262 580 999 2407 1293 2232 726 159 504 1097 1568 326 1168 1299 2715 138 1662 1143 1822 268 484 1008 1274 363 1118 131 2059 1472 1875 471 1018 2611 782 1843 936 2765 753 1048 478 927 452
000200.jpg,2540 2072 1207 1558 714 646 614 1087 1427 1137 898 2000 251 803 962 572 1798 1361 2323 1559 2644 1230 1106 374 395 1334 2546 1928 1389 1115 1166 2409 895 545 2381 1175 93 1451 101 1394 1951 529 485 1306 1590 364 1883 2784 2054 2787 2066 589 215 1900 2040 1300 658 727 436 2277 737 1683 1213 341 989 2113 1353 2504 2178 304 1801 1197 2759 2114 1257 853 1786 1971 581 1898 634 426 1597 789 240 2324 407 766 2579 483 2430 2143 328 1093 2242 1561 2238 24 293 2024
000201.jpg,2011 2707 645 1679 1623 1054 1444 1328 1663 1649 445 947 1029 169 2840 319 1253 2837 712 2836 2050 1552 1782 2130 735 1617 1045 2767 1422 1381 1544 2241 1993 134 440 2287 1658 1218 2439 965 1261 1948 1416 900 197 463 1897 2352 1860 674 1640 2628 1437 769 1710 1096 2133 1307 1486 1586 2708 155 1777 1362 2482 497 51 1208 563 1369 1185 1775 2046 305 992 2419 260 179 1051 562 194 2735 1868 2713 2272 2088 259 559 550 2012 1158 1092 1452 657 2732 1046 1983 2649 2076 140
000202.jpg,2749 2740 1059 203 551 154 798 1377 934 342 1348 185 1030 884 2155 1576 2588 2431 170 242 1025 130 438 470 1522 2403 82 287 1292 2206 1716 1857 2198 2127 385 2187 1675 880 1432 814 158 1072 2703 1193 1629 2468 842 1524 1375 2581 2002 2548 1494 867 1086 514 2399 1653 77 2662 1803 2694 1863 2633 1735 2607 2444 1811 2727 1660 1480 1619 2385 1276 641 1392 1925 793 1345 1861 472 1078 667 1366 1530 1373 1826 2576 2460 267 1034 2776 1167 1201 428 160 2461 147 2771 1520
000203.jpg,1697 285 922 759 1221 807 1570 546 1188 1260 468 6 582 2643 1702 298 2706 1456 2167 1284 1858 122 411 620 181 2268 2043 2171 732 650 1763 2666 1285 37 1891 2816 973 2313 448 1865 1083 1797 2810 459 475 372 1916 1082 2346 1723 1090 2118 1227 586 829 1015 980 669 1610 2194 1153 1308 1537 2261 1603 229 1761 661 1884 476 820 2476 443 1541 956 2807 334 1006 275 1048 721 2030 2611 1647 138 1882 758 2632 690 1395 1018 753 2061 1318 1972 2425 1387 1612 750 108
000204.jpg,1096 1416 1948 1362 1897 497 1586 992 2046 2272 1316 2815 1636 1496 1218 1860 1965 1051 2352 2628 712 2721 1261 1658 2556 1381 2241 194 1796 64 439 715 305 1569 155 1782 51 1993 2713 2836 1552 100 1617 260 48 1640 562 1840 659 2034 2767 259 201 1319 1148 547 2545 1878 978 611 1369 1544 188 2419 2439 1356 319 556 2088 900 2650 1899 1045 363 2708 1663 947 2826 1777 927 1486 1216 1248 563 1185 478 1584 1435 550 559 1140 1029 168 2407 108 1789 655 2270 1054 653
000205.jpg,2433 2034 2545 1796 100 715 1569 48 2376 2309 1453 2721 1490 64 1640 51 562 305 1901 439 2713 155 2650 1860 201 168 2088 260 1316 1096 1584 2553 1496 563 1369 712 1948 2826 659 231 1878 559 486 2419 2649 1392 1636 1416 2840 1034 2698 2322 1680 26 784 57 2714 238 1273 2135 1117 899 649 2513 1148 1983 2842 1076 2769 1275 2511 1435 1441 2764 1362 1956 711 1506 2250 2286 503 793 2454 1543 1216 772 2068 2556 580 159 204 331 2632 1965 2815 412 1472 1248 1293 2028
000206.jpg,1227 2194 2261 476 829 669 661 1761 1153 1865 2313 2387 820 411 334 1541 750 229 2823 2168 1858 448 1603 1188 629 468 122 1284 1260 1456 922 2071 372 1560 2030 1933 37 2627 807 2201 298 1763 1387 1697 1052 1305 1570 1082 454 6 1015 586 546 759 2750 1090 1790 443 1638 1702 2611 285 1891 1308 1610 620 2167 935 732 2505 2465 181 936 758 2118 49 2053 2362 1097 2268 138 580 2467 1293 363 1568 2821 1022 346 459 1436 973 1216 1221 108 2669 1612 1806 1736 1787
000207.jpg,546 582 1221 6 285 1083 1702 759 2643 732 620 181 1260 1797 1891 1570 1697 468 807 1858 2476 298 2816 1723 1139 1188 2313 2807 922 1318 2043 650 2346 475 2171 2666 1916 636 973 1865 1882 2194 2810 2167 661 2261 956 411 2425 1603 1285 2278 1227 820 1536 1284 669 281 448 1199 1456 1153 2706 229 122 2268 1761 476 372 37 2677 1763 2627 1018 721 1541 2841 829 396 1082 758 2402 459 1537 387 455 2611 629 98 1647 1612 334 2678 643 782 1011 1262 1568 1972 138
000208.jpg,1631 291 1346 1535 1593 540 832 1561 2260 1087 1801 1137 1590 895 93 614 1483 1197 2409 898 16 44 2542 1166 2129 376 1447 465 1928 499 1672 1207 1749 617 1558 2072 2317 483 2277 1914 1469 2785 1300 576 2054 2784 240 2324 714 2000 2437 1257 1019 1971 2249 63 1990 803 761 2143 1597 824 792 2759 967 2024 1334 634 1883 1513 2022 1804 1847 789 1161 2242 1836 2579 1228 95 61 1785 2700 207 192 2053 408 1178 2235 2493 1282 1822 580 1693 2202 1353 529 31 49 838
000209.jpg,2224 293 2320 1149 2533 754 2756 286 2673 853 2693 29 2172 27 1050 1187 2406 1715 1648 390 1635 1967 1728 2021 799 653 1231 314 739 1533 31 1755 805 2787 1317 757 2715 1756 580 24 218 2470 2053 2280 1395 838 245 120 225 326 1780 1787 192 2557 139 383 1156 209 1774 408 2173 61 2594 2396 1505 426 49 525 2716 1435 261 654 1441 2814 2540 1746 634 1248 207 1282 2054 1555 1011 552 2683 780 1689 649 726 1099 1597 877 587 534 2669 356 2143 1827 1481 1127
000210.jpg,2044 1934 1656 2411 1644 2528 1102 2501 188 312 2832 1624 2817 85 2790 943 611 987 221 817 1319 1407 1405 1926 556 635 2545 1386 547 2300 1796 2034 2082 2270 439 64 715 51 712 305 2826 2419 259 1146 559 659 48 100 2721 1569 2652 201 2433 550 1092 1640 1422 1782 978 260 2397 1369 2088 1860 2713 155 2309 2836 1617 1437 1983 1486 2133 2358 2007 2574 2649 977 1484 1428 224 925 1901 563 1848 413 1046 1316 1636 1490 1552 1381 1840 1208 900 1658 1416 1835 1029 518
000211.jpg,2301 1008 2407 2765 1568 655 840 2687 2634 1730 1662 1024 241 331 758 363 430 2142 452 1843 389 131 268 478 1929 1875 1039 467 1378 495 1941 108 2285 1220 89 1022 2565 2821 726 936 2505 2465 753 2398 484 2059 999 346 1026 1275 53 1475 504 2236 1503 628 344 295 290 471 2698 1918 2806 786 33 464 52 2467 1692 1273 1500 2244 402 2690 2611 1465 2429 1011 1037 2531 1438 455 1124 314 1789 1048 806 1140 927 534 1706 1831 780 1655 561 1481 2053 2715 324 129
000212.jpg,957 1889 2404 2725 2464 744 509 2457 2448 609 1766 5 844 1515 1032 1880 2128 189 2060 244 1286 481 2197 1696 2468 2831 106 2168 171 2115 183 1927 1364 621 2612 2720 894 592 2153 2760 1596 419 387 2562 2498 1251 2401 2554 815 1844 565 506 2442 1802 2522 959 96 2182 644 941 1632 1726 2263 300 762 2705 2109 1199 2608 1064 45 2160 2056 2188 971 84 236 1536 661 2678 43 2079 1560 636 1556 1315 2278 2807 2688 2476 1280 2571 1987 1525 1013 2503 2425 2740 1336 1318
000213.jpg,687 2548 2662 1925 2189 1619 879 667 2460 2844 2139 1982 1863 1375 2363 267 1814 1238 2833 741 557 1291 2092 1366 2371 2633 2576 2468 1660 2727 1373 1735 2269 641 2607 1480 551 2385 2431 857 2039 837 299 2456 1009 1524 814 1816 2206 1792 2771 342 2226 1025 133 2399 1629 2776 1043 2672 1551 2186 428 2215 2590 1815 991 2158 570 1159 262 1520 1457 349 1 1776 1350 797 1887 2797 1549 913 2541 228 421 2455 1861 2356 689 385 1193 1572 969 307 147 263 1862 2740 1086 2298
000214.jpg,1262 455 1568 2232 1273 331 1140 1274 2698 1506 1124 1024 1503 2531 655 268 822 131 1875 391 2765 1008 344 1924 2053 430 1037 1612 1730 2565 2137 2301 1216 2407 2687 241 2142 295 726 1843 1662 1918 495 2236 113 840 1011 1941 2634 363 1275 2806 2470 758 290 1929 1475 999 33 389 1039 89 1200 2070 478 786 53 471 1715 314 452 936 2821 2285 1780 2669 346 52 61 1141 484 383 2244 464 402 1378 108 1026 2059 1500 49 654 2715 2465 2505 1967 1438 1465 1220 1635
000215.jpg,150 2263 1525 1280 2623 1371 2678 2572 1084 1198 1365 1726 2386 1596 2554 2303 43 894 2141 106 2791 2562 2188 275 419 762 941 96 971 2153 1032 1802 2720 1632 1536 2498 621 1927 189 387 1199 1318 84 2060 1083 2116 300 644 1659 2688 1880 785 481 2514 1979 905 2442 2197 1866 1750 474 861 1458 2831 1336 2503 1018 782 2401 636 1568 2807 1425 455 183 2160 2705 2448 2278 543 1013 327 1251 2505 2465 1205 1262 2053 2030 1687 1124 2168 2232 2293 2091 1692 1472 1352 624 2374
000216.jpg,1830 702 848 931 1114 903 2624 1767 1845 768 1310 2388 1235 297 1107 126 103 2601 1608 1323 1908 2471 65 502 990 1720 578 284 688 1254 2276 522 835 1340 1186 2314 684 250 1413 1512 1975 1391 1821 2667 2161 2759 331 973 298 999 726 1011 962 225 721 1140 478 1706 464 655 534 1275 363 927 936 1472 1506 1465 1647 2402 780 786 1756 2429 2062 2061 806 2236 418 2715 1692 402 2505 2465 1921 455 2687 61 654 1789 1026 2323 1730 1972 1912 2407 1918 326 290 525
000217.jpg,1334 485 2323 1306 1175 1951 589 727 658 426 1597 634 2143 962 714 1798 898 1558 1166 93 2409 24 1928 895 853 2024 1590 1689 2430 1207 2072 1197 1361 614 572 1137 1087 1213 2540 1230 2113 2066 2178 304 1451 2324 2644 1389 2787 1394 1115 646 2000 1561 1559 2546 803 1683 1149 395 2054 2320 529 293 2533 2277 1106 1427 545 739 1257 2638 2759 1801 29 286 251 374 2040 2673 364 2242 1971 1869 215 2022 2224 436 1900 581 2247 2756 2172 737 1786 750 1719 315 92 780
000218.jpg,2813 2248 79 686 2305 1937 974 2382 2068 1067 350 1076 647 2436 1639 2286 1777 329 1464 1223 2639 2393 1874 2665 948 146 2598 2683 722 804 1185 677 574 2057 2435 682 1899 2438 491 2291 246 2569 1592 494 2511 1547 140 1134 2708 1868 657 1452 2842 2580 1944 204 97 1463 692 217 116 2041 1962 1126 1935 1606 1212 2135 442 2292 2319 2741 2736 1330 2506 790 2427 255 899 482 137 2719 508 1052 2825 1771 2698 12 1275 2322 313 2625 2681 1273 864 28 1632 526 274 633
000219.jpg,641 1863 1807 1295 2771 1373 2385 991 262 888 1619 741 1735 1549 1925 879 667 2460 1509 1982 687 2363 2801 428 557 1242 2371 2776 2139 2710 2833 299 2189 2524 273 2576 2431 2298 1524 2269 147 2104 2175 1803 127 2092 1814 2844 1660 2607 1238 2797 2468 1366 267 1291 1816 867 577 1167 1215 1811 1081 1480 2633 1530 160 2094 1341 385 1607 1078 1862 2595 472 1355 1069 685 2517 583 352 2758 2738 798 1059 2184 814 1060 551 2444 1497 1193 1324 2581 2662 2403 1025 170 2694 2672
000220.jpg,9 515 2491 2328 1179 1579 1977 2792 841 2682 1063 639 945 118 1651 887 1791 1770 1578 748 567 919 2647 1531 1583 998 1354 1769 952 2065 819 114 1470 2778 930 923 1851 2252 2793 1920 227 2379 928 2304 7 982 2723 916 975 1585 2729 311 808 1667 517 2711 2225 1657 875 1854 382 778 2097 1210 2559 2310 1970 2618 1211 2575 763 2042 1154 2459 2349 492 1271 151 1367 2488 528 2416 1239 579 512 98 353 566 1643 2026 25 910 1528 2658 31 2693 776 2081 2017 2773
000221.jpg,2152 2502 1987 621 183 84 941 2141 1371 1605 1365 214 815 785 909 1866 2841 481 1139 959 2263 171 2182 2751 45 2056 2503 2522 2760 1064 1251 506 2608 236 1171 1364 1286 2567 1283 22 270 565 1214 1768 106 2348 396 2761 2109 2705 2831 1560 2048 1632 1953 1525 1844 1288 1363 1927 1032 1108 1661 1280 1458 2612 189 2197 2720 971 2401 1802 43 2425 387 1596 2060 744 244 398 2678 2216 2688 2188 2554 644 2562 1703 1217 2153 2498 2386 1113 2726 2160 150 2623 419 762 300
000222.jpg,577 147 2094 160 1530 2595 273 1078 1069 2758 1607 1341 2648 1167 2738 166 1355 2104 127 1803 1421 551 226 2175 2524 1366 1816 537 2266 1660 352 1480 879 342 1242 1059 557 2607 2444 2460 1811 2431 1509 1025 2363 2633 961 2269 2576 2820 1863 385 2513 814 1925 2835 685 641 1539 307 1295 1349 1619 2710 2092 1629 867 1807 2727 2226 2468 1 2833 1549 1524 991 2385 1735 2399 1982 2776 741 1373 1520 299 2771 2013 2139 2371 2213 1060 969 1291 400 667 428 262 267 1862 888
000223.jpg,1137 614 1087 1207 2072 898 1558 714 93 895 1590 2409 1166 1928 1971 1257 2022 803 2000 1631 1801 1786 1197 2324 1334 1389 2066 1213 1593 1561 1115 1559 2277 529 2546 962 304 1106 2113 1353 1175 485 1883 1300 2178 1357 2784 291 2054 1597 1798 634 2260 2323 1951 426 1394 39 63 572 853 1019 2787 240 374 2759 1230 1180 2242 545 646 1451 2114 989 2579 215 2143 251 483 2542 2495 1361 2644 2288 658 1306 1818 2024 2247 727 2281 1346 926 589 2504 564 436 737 2040 341
000224.jpg,536 1268 1132 1588 1431 36 121 2117 500 988 2090 193 680 733 332 569 866 340 1329 571 2795 2570 1065 2137 2839 2335 1764 979 412 2108 2668 2406 822 1240 864 274 2743 141 1568 608 1275 113 2232 252 1018 526 383 1952 2055 1910 782 1793 1356 1248 1472 1187 2279 580 508 2311 994 1435 1648 878 729 2632 159 561 1956 216 1499 432 840 2098 705 1048 655 220 671 1262 2534 2333 505 2779 2808 2029 1150 1303 28 2191 2715 2144 1829 2822 1274 927 1562 2212 2786 1327
000225.jpg,961 537 2138 1349 1060 1101 1618 352 2213 2781 1862 2340 1540 2339 2635 2226 2399 1520 234 1 2811 2473 2412 2255 307 1572 685 913 573 1571 969 17 1291 2403 1539 317 846 2727 2486 1803 892 1025 600 1338 2338 403 2100 511 267 1159 1238 46 2063 1622 591 2709 2215 2738 1615 2431 577 166 891 642 557 1524 2455 472 1421 1815 1816 223 1366 1698 2835 879 1341 1564 2758 1270 1660 2269 2595 2648 385 1009 1069 2223 90 127 2266 2460 2131 1607 2158 1994 1814 147 616 837
000226.jpg,304 2178 1213 2113 2066 1394 658 727 589 1175 1951 485 1306 545 1389 2546 1115 1334 1361 1798 2249 2323 962 1353 529 1451 572 395 2644 1883 1559 2784 2277 2000 1300 240 1230 483 2787 2054 1801 1106 614 761 2072 2540 2022 251 1137 1558 1087 1683 714 1207 1427 898 2579 789 646 803 341 16 374 989 44 215 245 679 625 525 1598 2504 1447 252 834 364 2311 2114 2396 2280 822 2288 2317 2173 1435 2137 2040 1804 838 766 1505 101 2634 1787 788 139 1180 1248 926 225
000227.jpg,150 2263 1371 2623 1280 1525 1365 2678 2572 1084 2141 1866 785 621 941 1198 214 84 2502 183 106 43 1927 2152 481 894 1726 171 2554 1032 1596 2498 2401 861 189 909 1318 2386 419 2116 2720 2060 96 2562 2188 1632 949 1536 1458 387 2160 1987 275 762 647 2153 782 2442 2688 752 1018 2503 2807 2612 270 959 644 2079 971 2791 1612 2197 2761 1083 2448 138 455 1692 1013 783 2591 2639 2505 2465 1283 643 1568 1108 1251 398 1472 2831 1802 1140 2230 2164 2348 2632 636 1979
000228.jpg,213 558 2413 135 2295 2408 119 757 184 1383 761 2249 80 707 1448 1296 2615 1265 1478 2472 2354 1728 520 1533 1312 783 1231 2638 1945 1984 2533 1269 19 424 29 2317 1529 1849 2320 1149 232 2756 2566 2024 252 2404 1722 1477 754 1719 274 1867 412 752 526 286 2390 1780 994 864 2744 1766 608 1248 1904 2311 2507 2625 625 858 525 997 304 2398 2725 1469 1435 2169 383 1631 2137 1942 561 1924 974 218 853 822 1771 2191 679 113 1918 2508 430 753 1182 1892 508 2464
000229.jpg,1125 1753 2777 2772 2077 2478 70 2561 2510 431 2161 1035 1759 2757 315 1839 1165 1390 1557 1252 2622 2302 191 601 2 1834 18 951 2015 1842 2663 2818 767 1235 277 688 297 2685 2314 1391 1186 1980 103 1908 1323 578 2276 2624 369 1413 284 485 2686 412 502 2315 1845 2228 2759 2471 495 1608 990 430 1472 2398 1747 478 2402 1303 721 1027 126 2589 561 1008 2702 1923 753 1821 1220 1989 758 175 1798 1395 1972 2689 1881 1048 89 426 696 2279 2632 1951 1460 628 1018 452
000230.jpg,2433 1453 2034 2545 2309 1490 2376 1796 100 715 48 1901 1569 64 2721 2713 201 305 1640 51 562 439 1860 155 2650 1496 1316 168 659 563 260 1392 2553 1034 559 486 2511 2068 2088 2826 2665 2322 57 784 1369 793 2007 2556 2649 2840 231 2842 1636 1680 1193 2419 2135 1878 1547 1441 1275 1076 722 204 1983 1576 499 2632 2769 1965 2815 927 1483 2155 1563 1234 1046 580 185 1506 1293 1435 2286 2698 2250 1262 899 798 26 412 1606 1848 1273 383 1789 649 712 1096 2260 1148
000231.jpg,2045 1584 2023 2755 258 747 1774 730 235 1466 162 1604 2822 446 31 1746 1829 2715 1118 611 1273 367 1441 2343 1981 770 255 1301 1852 200 2569 338 2055 1650 1319 1592 1707 141 2763 519 2610 159 711 2770 2140 1356 326 643 1182 507 654 2698 1780 2017 274 1237 580 872 1164 1274 2199 1613 530 1105 2212 1327 478 1516 2316 1135 2789 1099 331 2144 27 1248 1396 2049 523 1140 52 418 1216 205 1909 2742 89 649 1293 1822 1924 1755 1472 1023 1262 1692 2037 2597 503 1017
000232.jpg,1697 922 2706 1570 285 1188 1284 1456 1221 411 546 122 37 2268 1865 2167 1763 6 582 759 298 1260 1702 1891 1082 468 1858 2643 459 2030 454 2043 448 732 2171 167 20 38 1723 2313 2346 475 181 2810 1285 807 620 1308 1916 2666 586 650 2816 1537 443 1083 1090 1797 829 2162 1227 669 2726 2118 1153 1995 980 2841 2791 1884 476 1744 2261 1882 115 1199 973 1139 636 2573 2303 2476 956 2194 2677 2222 1015 2807 372 275 661 799 2627 281 1568 690 653 1395 1317 2278
000233.jpg,9 515 2792 118 1579 567 1179 2491 2328 1791 841 998 1583 1977 1770 639 945 1063 2682 748 1578 887 919 2647 1531 1651 923 819 1354 1769 952 2065 1470 114 2793 227 7 1920 930 2778 808 2304 2252 517 975 916 1851 1854 778 2723 2711 382 2379 928 1585 311 982 1970 875 2729 1667 1211 1154 1210 2459 492 2618 2559 1657 2097 2575 2310 2225 2349 151 1271 2042 579 512 2026 2488 2416 566 763 1367 528 98 1239 799 726 1528 399 33 1275 25 999 268 1843 353 131
000234.jpg,1883 2784 1353 2249 483 1300 240 761 2277 1394 1801 2317 1593 2579 1057 529 789 1449 2054 834 1483 1447 1304 545 395 304 576 2644 2178 44 1749 16 1469 2280 1044 374 1363 2091 2066 2136 2173 239 251 313 1213 824 2137 2547 1277 2311 2113 2000 1827 60 245 1244 350 209 822 525 679 838 1248 625 734 1037 252 1942 2164 2236 1288 2794 915 1050 1435 1451 139 1275 2396 1631 1662 2759 175 295 1106 2806 753 1804 2030 2634 108 339 449 2283 356 2398 788 1022 1568 1703
000235.jpg,2769 2454 348 1870 26 2649 1369 925 480 2714 2538 550 663 179 518 2840 1861 689 1710 2004 1276 2375 1392 280 1172 57 2650 1358 1580 421 197 2155 1417 2125 1034 1701 2461 1859 1453 2418 793 1234 463 1590 2174 1665 1758 1489 168 93 2456 895 366 77 934 185 1292 404 756 1792 712 1193 58 524 1901 1092 210 260 2206 884 2581 259 570 2330 2327 1030 1788 433 2123 645 1279 1575 1576 563 2419 415 2010 1609 1348 2694 130 445 2289 231 769 976 704 860 970 1551
000236.jpg,127 226 1803 1167 2595 147 1509 1355 2648 577 472 1811 2094 1530 160 1278 1078 1607 1341 1069 2738 2266 1421 2710 2758 2444 273 166 537 1060 2820 2175 961 2104 2013 2835 551 969 1059 2513 2372 1270 1242 2466 2709 195 1324 1295 1862 1807 2223 1939 2253 991 2431 2138 1698 352 641 342 888 2399 2385 1815 1025 262 403 405 741 2481 2771 2063 1524 1258 1373 223 1863 600 1828 1159 1291 1409 1 1572 879 573 913 1615 2213 1520 1619 385 2460 307 2189 267 511 2455 2619 1660
000237.jpg,956 1882 115 38 1995 448 2468 669 829 636 2476 2749 1880 661 644 2740 1802 971 1227 1153 2194 2399 2278 42 476 1536 1520 2261 2168 342 1761 1524 2197 551 307 154 685 580 758 795 455 363 1568 2688 2465 2505 936 1366 402 1221 1275 1662 1124 2053 478 108 1059 159 326 1262 1756 1140 1293 389 2467 1097 471 2301 1011 1395 1037 2634 1480 295 1216 1768 290 2687 2407 786 840 721 464 2363 1706 1438 387 653 2690 2425 655 1744 1647 805 2402 1822 1797 2232 1378 1286
000238.jpg,1451 1361 2054 2644 1559 2000 572 1230 395 2540 1798 962 529 2277 646 2323 2787 1801 1394 1334 1175 1951 1306 727 1106 545 485 658 589 1683 1427 2066 251 1213 2113 2178 304 1300 1353 2381 2040 436 364 101 989 737 1389 1900 215 2784 2114 341 1115 2759 374 1883 2546 2504 803 1898 407 766 581 1093 483 328 293 240 2238 789 2072 2242 1207 2579 1558 614 1786 1137 714 1087 898 1257 39 1971 2288 754 739 2495 2533 2756 1091 1149 1561 2281 1593 858 926 1804 2320 564
000239.jpg,2218 2071 222 1436 1305 2512 1504 1052 1933 1790 1638 2750 2362 850 935 2201 836 2096 1098 1321 2156 2645 1806 1736 2450 1709 2432 2342 755 2355 897 1911 2691 144 320 2420 2642 1145 2537 599 2318 612 1273 2698 2446 1023 595 141 580 1275 412 561 326 159 1692 653 2587 796 505 643 401 252 1118 1293 2017 1216 346 1621 2773 2070 1715 216 1780 1097 383 28 2611 532 61 1568 858 207 402 2467 2055 455 1479 1662 52 872 1047 525 1021 225 2669 981 2025 1924 1018 1822
000240.jpg,967 1719 1804 792 91 2235 2296 1689 2024 24 2143 426 1597 2430 634 2320 739 853 2756 2638 2533 1149 29 2673 286 2021 754 2172 499 293 1533 213 1728 707 2224 1478 558 218 240 1231 1849 895 2408 1166 1590 2615 93 2409 898 184 1448 2295 1535 483 76 2354 1928 135 2260 789 2413 291 1207 2242 2784 2324 540 714 31 1558 331 580 726 1087 1262 455 999 1024 92 2715 780 2301 1124 2493 1091 471 1532 1475 418 2236 326 2407 2053 494 2765 1787 2402 655 2693 207
000241.jpg,1439 482 2051 574 2291 2183 1931 2057 2220 494 2526 2089 939 1874 2435 2683 1433 2704 1223 1899 2445 2639 255 647 2427 146 217 1330 677 2438 682 686 657 1185 1592 1777 2569 2708 491 2813 1639 2248 329 1937 2436 2393 948 2382 974 2286 1076 1944 2598 2580 804 1464 1555 140 531 1868 1452 2499 598 274 368 444 526 608 2719 790 864 1942 2440 994 271 1408 1721 1725 1892 2053 28 12 2806 1473 1275 508 1771 92 637 295 580 2589 2809 1876 692 1055 2319 2625 1677 2062
000242.jpg,1037 2053 1124 1140 1216 391 331 1274 295 577 455 2236 871 1924 1011 2806 1240 344 273 1275 1273 147 2698 1475 1781 27 1929 1262 653 449 2794 2164 239 2687 1612 2091 1730 2232 1967 1024 1127 1635 400 2531 1506 1530 1660 160 390 1568 1299 1168 2094 1715 2301 654 551 655 1366 2001 726 2280 827 2595 525 1480 1356 2607 2513 139 268 2363 2633 1078 2173 430 245 1245 2738 2648 2661 166 209 61 2693 2460 2669 2025 838 49 2104 2070 822 1787 383 504 131 1187 1780 408
000243.jpg,767 277 1938 1443 2686 2496 1460 369 1833 889 1989 2702 1747 211 2532 1980 2685 2315 770 2478 1125 1753 431 2777 2077 2302 2510 2772 2818 951 70 1165 2015 1557 1252 191 1834 1842 1759 2757 2561 315 269 2 455 18 1793 331 1472 1262 113 1608 601 268 655 580 2142 1390 553 430 1275 721 901 1845 803 2663 326 1506 412 2025 1568 643 1008 2017 1303 31 1293 1972 1140 297 1813 2715 2061 346 1822 840 1647 2402 2632 927 131 1923 1118 788 2407 2634 1789 2232 1503 207
000244.jpg,194 2352 1218 1051 2628 1261 2439 1658 2272 1381 2241 1840 1544 2815 1316 1636 2556 2767 1586 1948 497 1782 2046 2836 1897 992 1362 1496 1965 1416 1096 712 1045 1860 169 1649 947 2837 155 2713 663 1617 201 1054 518 1444 440 1663 1640 51 1422 1552 1328 645 965 1253 1679 2050 1623 319 231 563 305 735 2707 2553 445 64 900 2840 1993 2287 2133 168 1752 173 550 260 1848 1486 134 2130 562 2631 2721 2433 559 769 1775 1878 2708 2419 1437 978 1123 1569 439 1029 2482 2652
000245.jpg,2843 257 2516 1526 410 937 1871 2730 1005 1325 2746 811 2290 1731 434 544 593 749 2364 1079 2788 112 673 2613 1670 2549 2299 365 288 1783 1068 1969 1311 2609 1516 1966 1794 1131 1379 1707 1138 1968 1110 730 1800 2151 1243 336 2219 2417 1442 338 1466 1040 2145 435 709 1779 1511 406 2697 1645 605 1498 870 2005 535 2341 1385 1850 253 2830 2251 855 1174 1007 2377 1142 678 2560 2196 2095 821 1455 1020 1581 2006 774 1992 610 2492 1913 1527 1094 1309 2243 2102 1936 1133 2519
000246.jpg,419 894 2554 2153 96 150 1927 1632 1365 106 2751 189 2060 1032 2263 2567 22 2623 1171 785 333 861 1214 2678 2116 2401 1280 783 1525 481 309 1371 1013 2141 1336 2160 1217 1661 1083 856 752 2386 2502 2079 782 2572 1318 1987 762 2555 2109 1018 2807 957 462 1251 181 171 1907 2612 2632 1048 561 620 43 1108 1458 2197 753 1662 1612 732 138 1692 2398 2726 540 621 252 2404 643 1727 2522 1273 45 471 1140 1536 2698 1507 412 2591 1364 2720 1220 1472 1780 936 1918 636
000247.jpg,1346 617 540 1535 2542 291 832 2129 1693 1019 310 1971 1257 1161 1513 1561 1773 1137 1590 1847 63 1786 93 1795 1087 895 1091 1207 2827 614 2441 1357 2149 751 1298 1166 1593 2656 1343 1434 2242 940 76 1631 898 2495 1004 1996 1785 2022 321 1026 2017 418 363 478 346 2072 618 182 331 1197 777 1481 455 2632 1912 1568 628 2690 39 2467 1923 643 786 52 2821 1692 1482 1601 1662 471 464 2715 1940 371 2634 788 31 2407 1220 758 2398 2062 462 2112 1438 1506 949 225
000248.jpg,2305 79 350 2068 1067 2665 722 1547 246 2511 2842 1134 97 116 204 2135 2741 1212 1463 899 1606 1935 692 137 2041 1126 2292 2736 442 2319 1944 1962 2294 2825 2728 2766 2719 165 2558 362 1055 447 686 790 2813 1841 2506 2248 804 1076 2057 494 2207 1130 329 2286 1273 2258 1056 2580 2382 2291 1937 1899 1275 725 2435 1639 1464 2687 580 654 1441 574 2279 1293 2698 2681 52 1787 331 1220 561 205 383 1781 1918 2794 430 2244 346 2669 471 2821 780 326 1885 1692 2436 525
000249.jpg,1235 297 2624 1845 103 2601 2471 502 990 1323 688 126 1186 2276 578 1908 2314 1391 1608 1767 1413 848 1340 1830 284 931 702 684 1114 1720 768 250 903 2388 1975 1821 65 835 522 1107 1310 2667 1254 1512 2161 331 2478 803 2759 1275 655 191 1140 1472 2062 721 962 767 2561 325 430 927 1506 1692 1916 1912 1125 2236 478 2535 455 2402 347 2302 1706 745 464 1756 374 1232 475 999 1972 1831 125 2346 2077 1124 1666 1037 1008 643 936 654 973 2698 1356 2687 1563 1165
000250.jpg,1419 301 392 2331 519 1992 2763 773 248 2341 538 2102 94 648 1424 336 730 253 654 1142 525 1309 49 1442 245 2164 1131 2318 383 1466 1781 2145 435 2091 2311 610 1248 139 1435 1505 2005 838 625 1174 2843 1707 1581 2280 1454 2070 2173 2746 1133 1356 209 1007 2396 1634 239 679 2137 1598 408 2669 717 2151 843 61 1573 2492 1787 1780 1282 338 822 774 2794 331 1783 786 1275 356 192 2237 1568 855 2232 1005 324 296 2560 1924 1020 1455 840 2299 2279 1135 207 1941
000251.jpg,1843 495 2565 290 1875 131 268 1941 1500 33 2285 241 53 1503 2142 1024 452 2531 2765 2316 822 1008 758 1662 1568 2301 840 449 200 2634 363 2698 89 2687 2407 471 478 1438 402 726 1918 389 1730 344 346 936 1039 2821 2690 52 786 1262 561 2244 484 999 653 2059 455 331 806 430 1465 655 1481 418 1273 780 2279 1021 2398 2467 2429 225 2232 2505 2465 1692 753 2470 1378 534 467 1124 1829 1048 504 1026 1274 1923 1813 1140 108 628 1612 1929 324 1220 1037 618
000252.jpg,2454 2769 348 1870 26 1369 2649 925 480 2714 2538 550 663 179 518 1417 197 1489 860 463 2840 1701 1788 1710 433 2289 2650 2375 260 712 1172 689 1453 100 1901 1392 1422 793 970 1092 769 48 57 1859 1358 2826 1276 305 1034 1861 259 1796 64 2397 1640 524 715 659 2155 1496 1146 563 2419 2088 1490 440 231 559 1486 2004 1840 168 201 445 2050 280 2724 51 1029 366 2358 439 2461 978 1665 1193 1234 556 185 421 1543 1983 2125 1569 2721 2174 2130 934 1148 2581
000253.jpg,1429 2539 2798 2629 2428 729 2221 2640 1070 2120 2578 2031 828 964 377 2038 1266 1952 672 2828 2808 1337 1668 1399 933 2602 2335 1374 2570 1764 2795 358 1910 2839 2671 1329 2210 2520 2083 865 1249 640 13 1272 432 698 1187 955 27 1521 2720 2513 1240 2442 1049 1118 2280 2562 2343 2188 1754 323 1164 455 2053 2406 1127 220 1275 1274 536 1018 1140 1216 1037 1880 2740 1802 2028 838 387 1924 2396 1536 1124 1472 2212 1327 1568 113 2032 216 2822 316 2236 644 1109 2278 2468 1299
000254.jpg,431 2510 70 1125 1753 2777 2772 2478 2077 2561 1839 1035 1759 2161 2757 1252 1834 315 1165 2302 1557 1390 191 2015 951 2818 2622 1842 18 601 2 2663 2686 2311 1938 1248 508 2532 990 1976 412 430 1275 2279 1955 625 654 1435 1356 2794 753 2398 1929 252 2164 2091 2471 239 1608 1666 1303 1274 525 2496 2265 400 369 679 1505 495 461 864 2228 502 1182 767 1908 1022 768 277 89 608 1829 1789 2070 2055 113 501 1813 561 2670 1980 1273 2685 840 1460 175 2276 1475 1472
000255.jpg,2550 1507 107 1104 2414 2604 1669 1177 2641 55 2019 2176 728 397 1194 575 2754 1691 2080 1482 2136 1244 1523 2247 863 393 2695 2699 1044 2395 441 845 1646 2383 834 584 2260 1538 2254 761 1220 2233 2823 1568 1016 840 1450 2555 1120 1140 339 373 462 1846 457 1662 2634 2191 1026 1008 1273 1879 1734 131 113 138 2137 2192 2489 1147 333 331 1262 89 1612 455 2407 1124 924 788 822 1995 2518 753 2398 478 758 2632 1037 1275 1018 1923 806 1620 655 577 430 1216 402 1843
000256.jpg,2018 2551 2284 2146 764 2008 719 1289 2487 1204 247 2582 153 1128 206 190 1493 1403 1577 343 2361 1534 914 723 212 1351 1157 539 2209 862 2110 2485 1997 1121 604 2603 1772 303 2453 1359 1751 58 812 1247 35 516 2824 2585 450 874 1915 2718 549 585 1347 615 276 331 1140 1273 2067 2698 2353 849 998 2729 1568 347 2165 1970 655 207 1275 1532 402 464 1124 1506 2479 471 1282 2214 1472 2690 2232 455 1021 1543 408 2396 643 2467 1011 363 1918 61 1924 1923 782 2099
000257.jpg,2502 2152 1371 214 1365 785 2751 2263 1866 2141 1171 1605 2567 22 1214 941 621 84 2623 1525 1280 1139 1987 2841 183 2109 2348 1661 909 2678 150 815 1953 106 1084 481 2726 171 2060 959 2572 189 1032 744 1632 1927 1198 2030 2554 244 96 2503 2401 2162 957 506 894 2182 419 454 1251 2705 1283 1458 2831 43 2608 1064 270 2522 2197 1602 2153 1364 2612 2160 1144 1113 609 45 2760 2404 2188 236 2386 1750 1744 2115 1118 1979 1217 117 1143 1286 2079 1596 1822 2056 1641 275
000258.jpg,2011 645 2707 1679 1623 1054 1444 1328 445 1649 1663 947 1029 1253 2840 169 319 2050 2837 2130 735 2836 712 1782 2767 1552 1617 1045 1422 440 1544 2287 2241 1381 1993 1658 965 2439 1775 179 134 1261 2735 900 1218 769 197 2482 2352 1640 2628 463 2133 194 1710 2631 1860 173 563 2046 1486 1757 674 1307 1586 1437 1897 51 1051 161 1208 497 992 220 123 1840 1158 882 637 550 624 155 906 562 2712 1362 2088 2732 1489 1123 1777 489 2713 2272 1868 1627 2480 2626 932 415
000259.jpg,645 2011 2707 1679 1623 1054 1328 445 1444 1649 1029 947 1663 2840 1253 319 735 2050 169 2837 2130 712 2836 1552 1045 1782 1617 440 2767 1422 463 1381 2241 179 1544 134 1658 1993 550 965 2287 1840 197 2439 724 769 1218 518 259 2735 1775 563 1369 155 1261 900 2133 2631 2649 2375 624 2769 1172 1640 1948 2419 2628 260 2482 1543 51 2352 1092 439 2538 1096 2003 1208 231 2088 2650 635 480 938 2544 1486 1983 1441 2714 2082 703 168 1710 2076 1860 559 663 1123 1162 1148
000260.jpg,611 188 1319 2044 85 556 1656 943 1934 1386 547 1102 2790 987 2817 2528 2411 1644 817 312 2832 2501 221 1926 1624 2082 2270 1407 1405 2300 635 2397 463 2574 1584 2419 1092 2544 259 659 2724 2045 1208 1307 2344 4 1617 1422 2023 1369 712 1486 1983 2670 2652 1552 2076 1146 1029 2358 606 2307 1437 224 559 111 2762 1835 413 197 550 2606 1428 978 977 220 1796 260 2800 1339 1501 2755 674 322 970 2610 283 1484 2191 2200 1582 1048 74 1412 1203 430 1650 351 1715 2826
000261.jpg,2071 1052 1790 935 1933 2096 836 2750 222 850 1436 1098 2156 1321 2645 2218 2201 2512 1638 1305 2432 1504 1709 2355 2362 2691 897 1911 2450 2342 1806 1736 755 796 144 320 599 2318 580 2537 326 1275 205 1273 2446 2698 159 412 2642 455 1262 331 2687 2017 1220 858 1006 346 1216 1124 1506 1692 31 840 2420 653 2611 586 1662 643 1568 61 207 138 2232 577 1293 1715 561 655 200 225 753 2407 2467 430 1140 290 443 1274 113 2053 2311 1143 1472 53 2565 761 1924 525
000262.jpg,257 2843 1871 1731 2613 1138 1800 519 2516 1645 1707 1526 1779 2609 2145 406 288 1419 1385 392 1992 1007 2763 2331 301 811 742 937 535 773 1894 1527 410 2377 1455 1325 709 1442 1516 2341 434 2219 186 1511 2102 253 1068 648 336 248 365 1079 730 1133 1040 544 1969 605 1424 435 1131 112 338 2830 2549 94 2290 2746 2788 678 749 1005 1110 1466 821 1309 1311 1020 2730 673 2560 1498 538 1966 2364 855 593 1142 1581 1634 2299 1783 2005 610 1243 1379 2251 1968 2151 774
000263.jpg,1083 1702 6 732 2643 620 181 582 546 1797 759 1221 285 1260 468 2476 807 1858 2807 1891 1318 1697 1570 2313 1188 298 636 1139 2425 2194 2278 2261 1536 922 661 476 1227 669 1723 973 2816 448 1456 1284 122 411 1768 42 1763 1865 936 829 229 2043 2268 2171 387 2118 37 758 1018 1662 471 1692 644 402 1285 475 1438 2346 1048 1612 643 1153 389 2505 2465 782 2611 1472 1108 418 2467 346 2720 1882 363 138 45 1560 2167 455 1568 1761 2048 2263 2690 653 1251 1378
000264.jpg,2769 2454 348 2649 26 1870 480 1369 925 2538 2714 663 550 518 179 689 1453 1901 1758 1859 57 2004 2840 1392 756 280 2125 1590 1172 1861 2174 2374 58 1665 404 895 93 570 421 1535 793 1247 1169 2493 1358 2180 2155 294 1838 1490 210 1034 366 2456 291 493 1792 2123 1609 1633 2650 2020 1276 540 1193 1092 1234 693 1714 2309 422 2116 2487 1575 465 524 1375 2461 1580 2327 976 1788 1224 168 1594 1347 2206 259 95 1496 884 683 1116 1417 463 1986 44 2418 1346 588
000265.jpg,2843 257 937 2516 1005 662 593 434 673 416 2746 1613 1946 749 2364 2788 1909 2730 2064 1526 1966 2290 410 883 2299 1079 1670 544 984 1783 1516 921 112 1794 1110 2549 1325 1311 811 1017 1969 1379 1871 1131 288 1002 2140 365 2219 2796 2417 1968 908 1731 2282 435 1068 1518 2394 2151 1290 1843 1040 336 852 495 730 1243 446 2697 1941 131 105 268 2142 618 290 655 33 1923 2341 1778 2357 799 89 2407 1961 471 1026 241 120 331 324 1008 1875 1813 2232 2613 1503 788
000266.jpg,1371 2502 2152 2263 214 621 106 1365 1280 1525 1927 941 1632 785 84 2554 1866 96 189 1032 894 2623 2141 419 2060 183 150 2153 171 481 2678 1987 909 2401 2751 1084 2572 815 959 2831 2612 1171 1139 2567 1286 506 1251 1605 22 2841 762 2197 2348 1364 1198 2109 2182 1214 2760 43 2705 2522 45 2160 2503 949 1336 1726 1953 75 2116 1013 940 1004 198 1760 2737 971 1712 1661 300 2720 2608 1315 2497 2079 2188 2386 2056 1064 244 1458 1343 1113 149 2688 2498 236 60 1019
000267.jpg,2667 522 1767 931 1114 126 848 1845 2624 578 688 2276 2388 2314 768 1186 702 1391 1830 1235 1323 1413 103 684 1608 297 1720 250 1975 903 65 1340 2601 1821 2471 990 502 1908 1107 835 2161 1512 284 1254 1310 315 1759 601 2757 1597 426 895 634 191 225 24 1557 2622 1689 93 2143 1406 2323 1390 31 2062 1590 2302 331 2663 747 654 455 1165 714 2 1928 1011 2409 2402 1166 968 261 2693 721 334 726 494 1144 418 1961 1869 1616 1787 61 67 249 750 898 2669
000268.jpg,1141 1506 1356 1505 383 2070 216 525 2311 654 1435 1248 252 625 679 1780 858 113 1598 1924 49 2137 2669 245 1299 1168 27 61 192 838 2470 139 2025 2164 1781 2173 2280 2091 239 2794 1200 455 207 1127 209 2396 2565 391 1787 1262 408 1282 2531 449 225 296 356 1274 2232 1140 1612 822 1216 1568 2279 2693 1273 1124 331 2698 1918 1024 653 138 1037 1875 131 1503 1829 655 344 2053 268 1843 430 1715 495 752 412 1500 33 726 1941 2142 1303 799 643 241 786 52
000269.jpg,1346 617 1535 1513 1161 540 1773 1847 2542 1795 832 291 1785 1019 63 2129 1693 1228 310 2827 2441 1561 1176 2190 1593 1856 2149 983 95 2202 1257 132 1971 576 1743 695 182 1476 2016 2656 2745 783 1631 88 824 2111 499 1786 1197 2022 1590 465 596 1749 949 895 2242 1091 1914 93 777 2785 2437 1166 1087 936 1836 290 363 2547 2634 1780 2238 1996 2422 1262 2669 478 455 2821 786 2611 1503 1912 402 758 822 2398 346 2025 464 1918 407 2632 840 766 2142 580 2409 61
000270.jpg,99 1145 2055 2747 2009 2098 72 1047 208 2636 1976 1023 612 1717 141 595 2655 477 401 2587 1872 2126 453 399 1688 731 461 2469 1510 172 2163 823 174 694 1160 1599 816 2775 73 380 1415 2829 2274 2074 1808 1784 1241 1085 760 177 1163 1404 164 1628 156 1089 1100 2122 2722 981 1233 2577 1155 437 2679 1903 460 2557 2698 1826 2552 354 1140 799 1273 1376 1955 1543 2177 2674 53 313 655 758 1124 2479 2193 1201 1275 331 726 238 2244 2099 753 552 2715 2407 1436 534
000271.jpg,1883 1353 2784 240 483 1300 2249 761 789 2277 1394 2579 529 1801 545 2317 1593 304 2066 989 1106 2644 2178 1559 834 251 1057 2054 2288 395 1213 2555 926 564 2000 2114 374 1044 230 2381 2495 2759 777 1451 1996 2504 39 2113 576 1180 1804 1091 341 1449 581 2787 1818 1719 1749 766 1683 1971 1427 1900 614 2281 967 2546 1230 1786 1357 1087 572 1304 1363 1476 1137 2040 328 1447 1115 824 679 1598 1898 2311 2280 215 1727 625 252 525 1093 858 1248 2137 1277 1435 1361 1469
000272.jpg,1262 455 2232 1124 1140 1568 1273 1037 2053 331 391 1216 1274 2698 1506 295 1024 1612 1011 344 268 2236 1503 131 1924 2531 2806 822 1875 1275 1475 1929 726 1730 655 2687 2137 1967 1635 1715 390 430 1843 1240 113 2301 495 2142 241 1918 1187 1829 999 504 2565 1662 33 314 138 2407 31 2765 1050 1941 290 2693 1008 363 2059 799 484 53 2470 1500 2715 1647 2406 721 61 1648 1789 1972 2285 383 840 927 2279 1706 1395 1787 225 1921 464 1200 1755 758 2061 2402 1932 2677
000273.jpg,1993 1422 1617 1663 712 1045 2837 947 134 1444 2631 1782 1328 1649 169 2836 2130 2767 463 2050 1623 1054 1679 1029 735 1381 2241 2707 550 1658 440 1544 197 2840 645 1552 179 2011 445 155 2439 2735 1261 1218 2628 900 1840 1948 1416 1437 1096 1369 1486 1051 1897 1307 2352 1362 319 1777 260 1489 51 1253 1185 563 2649 2419 1640 1208 2133 1710 305 1860 518 674 194 2580 1417 2826 1796 2088 2270 2708 1092 2397 965 2286 559 1123 547 860 330 2082 439 2713 2076 259 562 238
000274.jpg,70 1125 1753 2777 2772 2077 2478 2561 2510 431 1035 2161 1759 1839 2757 1252 1834 315 1165 951 1390 2015 18 2818 2622 1842 1557 2302 191 2 601 2663 277 767 990 1980 2702 2685 502 2686 1908 2315 2471 1235 1938 578 284 2601 1413 2276 1747 369 1460 297 684 688 103 1186 1895 2496 1391 889 412 561 1608 1323 175 2314 1443 250 1340 430 2346 1048 1989 768 1472 2482 475 504 2532 1916 1845 258 1303 2624 1821 2634 758 1018 1220 2398 89 2632 2167 1363 1720 650 2061 1975
000275.jpg,2071 1933 1790 935 2096 1052 836 222 2750 1436 850 2218 2201 1098 2156 1321 2645 2512 1638 1709 1504 2432 1305 2362 2355 897 2450 2342 1736 1806 1911 2691 755 2318 144 2420 796 320 599 2446 2642 2537 1275 580 2452 1145 1273 412 1216 159 326 653 1006 840 346 459 2687 1692 2070 1308 1924 383 561 2611 295 643 207 586 1568 1124 2311 1293 2698 61 1781 1143 2232 1118 1262 1506 443 1248 344 2053 216 1141 2164 138 525 2025 2634 1435 455 1598 1662 1472 595 654 252 1097
000276.jpg,99 2009 2636 72 172 1688 2274 694 2722 1415 1808 1784 174 2775 1089 1155 1404 2747 1100 1241 1047 2577 164 156 2098 1145 460 612 816 2829 1163 141 1023 1085 177 2055 208 477 453 401 595 1976 731 2126 2679 1510 1160 2122 2587 399 2469 2655 461 1903 1717 144 2163 331 1275 430 655 552 1124 1872 1140 347 1339 703 2557 455 2407 1929 2193 901 207 326 799 1274 33 1008 999 495 131 1356 654 1708 313 458 2301 61 1875 220 1967 2025 1599 1127 2236 2698 1756 580
000277.jpg,2018 2284 2551 2146 764 719 2008 1289 2487 247 1204 153 914 2361 1534 2582 190 1493 2209 1351 1403 1997 206 1577 1128 812 343 35 1359 723 2585 1157 2824 539 1121 2485 450 615 1772 1915 862 303 2603 2453 212 1751 2353 2165 871 1970 2110 874 1633 604 1347 516 276 825 1595 1247 2734 2729 630 585 869 2718 872 701 998 1099 2764 1135 2822 1156 2067 2434 2742 331 2049 1650 552 1963 778 162 192 1246 649 408 282 1924 1543 2199 549 207 330 2322 1140 2610 61 740
000278.jpg,2576 2269 2092 2833 2139 299 2797 2776 2371 1814 428 2844 1982 1549 1925 1539 352 1735 667 1619 879 741 1366 557 264 1816 2460 1480 1660 1122 2175 2771 2607 641 262 1373 2226 1863 2633 888 1009 1295 2385 2524 837 2363 1807 1815 2455 1589 867 991 273 577 2431 2063 2484 385 147 687 1629 1540 1242 1509 160 2094 1530 2189 1618 814 2340 2731 267 1291 1078 1025 1349 2758 1069 1238 2104 1159 969 166 1607 2738 1421 1341 551 342 1571 537 961 2100 2727 1520 2399 1622 2158 2403
000279.jpg,1583 998 1970 2792 517 118 778 382 2711 567 1854 1791 114 9 1579 227 1470 919 2065 1063 808 515 916 2361 1770 2491 2252 928 2778 1354 952 1179 930 2682 841 2729 1769 2328 1657 748 2793 982 1977 1211 1531 1651 7 639 2723 887 923 2042 819 945 1851 975 2647 2379 1578 1920 2304 1273 2698 1275 1327 2212 331 1271 455 326 1140 1262 580 2715 2764 1314 1472 344 643 763 2343 159 1216 31 1831 1117 1879 655 1568 200 2017 1274 1543 2316 2310 1667 505 806 418 2822
000280.jpg,331 2053 1124 1037 1140 1967 1635 390 1715 1011 295 2236 455 31 2806 1097 1293 159 2698 580 1822 326 1143 1050 1475 314 1118 1273 655 1216 391 1275 344 2715 430 2687 1568 1730 1262 1648 2301 2406 1187 1929 726 2407 1662 999 1612 2693 1755 2232 363 484 653 2765 2059 504 1008 1024 2062 1506 1240 478 936 1918 2505 2465 799 2783 2429 1692 402 1924 471 467 1274 2821 346 108 2531 840 786 2467 268 806 2634 464 534 2611 758 1875 1395 1378 1022 2690 52 753 131 1465
000281.jpg,1113 1487 924 396 2573 1371 1137 1082 1308 443 327 1687 2495 2572 1280 989 1018 1106 115 1180 1471 1462 586 1090 751 39 782 1073 1882 1400 1199 430 1558 1008 721 614 1559 1140 1124 2303 275 1568 1763 1357 200 504 2114 89 2197 1525 1971 761 2288 108 1472 2053 2398 2316 478 455 281 1661 758 2232 788 840 1995 1091 753 471 2634 1257 629 653 1786 300 564 737 331 37 2249 2407 2402 1037 2025 655 2632 796 33 561 1011 2531 225 138 1262 495 1972 1818 290 167
000282.jpg,2545 2034 1796 715 100 48 1569 2433 64 2721 439 305 562 51 1640 2376 2713 1490 2309 1453 155 1860 201 1901 2650 1584 1316 1496 2023 2556 2755 1636 168 2826 260 1096 2045 747 2815 1369 2088 659 1965 711 2649 503 1680 2770 670 563 2419 1051 1262 1416 1878 1362 580 550 26 455 712 31 1293 518 2553 2272 2631 331 1897 418 159 1461 1441 1140 2715 1395 1484 663 1568 1532 805 1756 1435 225 363 2017 1715 113 1948 786 1918 1481 925 1117 52 1011 2652 402 1356 1472
000283.jpg,2065 982 2682 2252 1791 1651 1063 118 1977 1179 1579 2328 2491 1583 567 1470 916 2792 998 919 841 227 9 639 748 887 2042 1354 1769 1211 952 2310 1770 1578 517 2778 1531 945 808 114 930 2647 515 819 2225 1851 928 778 382 1970 2097 763 2711 2729 1920 1657 2723 2379 1854 2793 1667 7 923 975 1585 2304 1271 528 2618 2559 311 2575 1301 446 89 1567 530 840 151 2715 33 1604 53 1273 1024 1039 1210 268 1829 1981 2459 2081 2611 131 2698 451 2049 2716 1237 579
000284.jpg,393 863 1244 2136 1646 339 2518 1678 1147 830 1073 1120 1450 1732 2275 603 1620 2754 751 1691 575 584 1016 2019 2395 845 676 373 2383 1523 441 1669 2695 2080 2641 1104 2550 1462 1507 2604 107 2414 2176 1482 55 1177 1805 2701 728 397 2329 2254 775 2621 1959 1195 2653 2247 1626 2192 960 2233 1594 357 2297 457 1611 876 2630 794 1734 2586 2368 378 2347 469 1832 1372 1028 2748 2345 2020 371 2211 321 1194 1014 2240 462 2802 2326 1609 1690 379 2780 1467 187 818 736 2447
000285.jpg,65 1254 1512 1107 1310 768 903 284 835 1908 2388 931 1830 848 1114 702 2601 2471 1720 1608 1767 502 990 1845 297 1235 2624 103 1340 126 1323 578 2276 250 1821 688 1975 1186 684 522 2314 1391 1413 2667 2571 1273 1277 2161 1275 2311 331 216 643 806 1140 1472 2579 655 1465 205 1692 780 344 1008 2698 1216 525 2831 936 333 2759 2611 1356 464 1662 1789 935 786 654 1568 2687 1037 2429 534 402 2079 2136 561 1220 1286 1506 2236 108 927 2522 1435 1730 625 1598 1182
000286.jpg,312 1146 2832 2501 987 1624 635 1405 1407 1102 2411 1934 1644 2528 2082 2270 1386 188 556 547 2790 2044 1656 4 221 2817 943 85 2300 611 1319 59 2389 626 1545 1737 817 1202 1926 1752 283 2574 2397 826 2367 1092 2477 1468 950 2312 266 904 1437 2419 1552 1799 1486 977 2069 1983 1208 1339 463 1942 1422 712 1029 2265 259 900 606 2840 613 2214 2424 1617 1896 1190 1956 2133 1501 659 2544 433 1369 2670 2099 1677 2105 2515 831 1021 2208 2606 2681 705 1817 1117 2826 330
000287.jpg,44 1447 1483 16 376 1469 1672 2317 1836 2437 1057 2785 1749 1914 761 1449 2249 1631 1990 2700 1178 1224 95 1593 88 596 1476 2745 2202 2523 576 824 1856 34 2180 47 2547 2422 1116 1425 834 2190 291 1714 2441 832 1743 2058 132 1713 1277 2555 1727 1176 2111 683 1838 2827 1535 983 845 1073 1147 2518 465 1450 2129 2149 695 1732 1620 83 603 1678 2153 1693 1346 419 894 1304 2275 1523 2554 2136 310 2096 1363 2695 1244 2383 1120 1103 1662 575 441 1568 1632 115 60 230
000288.jpg,540 617 1346 1535 783 291 2542 832 1561 949 1343 940 2112 1161 2827 1004 2441 2737 1513 1847 310 1773 1019 1103 1631 2129 1298 2116 1693 1795 1434 1856 2202 1760 75 1999 2242 182 2111 689 63 198 983 1785 1590 2745 2190 1712 510 93 1914 95 1169 2386 2497 60 1772 1176 280 2521 2785 1397 450 1197 895 1953 1602 618 2017 2639 723 270 1365 455 849 207 303 647 1166 2690 1665 2048 1506 2456 2649 61 2260 2413 1961 1532 2422 474 1359 2125 148 2179 1482 1283 1749 1262
000289.jpg,1056 2741 2135 1212 137 899 204 116 1606 2294 97 2842 1944 1055 2728 2511 1463 1134 1547 2207 1935 246 722 2068 2665 1067 2435 686 494 2041 1899 2291 2580 2057 2248 657 1076 2813 2558 574 79 2766 1464 1937 725 2286 1777 2382 677 2319 1874 1473 447 1639 2708 1185 692 2825 1452 2736 1223 1986 140 1771 2393 2809 948 1857 185 146 165 2625 627 2292 12 1923 1275 1124 682 2719 1892 2305 1126 129 647 501 726 804 1677 974 329 2639 788 274 2236 1868 934 1475 324 1062
000290.jpg,482 1439 574 2051 2291 2183 2220 1931 2526 2057 939 494 2089 1874 1433 2704 2435 2683 2445 1223 1899 2427 255 2639 647 217 146 1330 677 2438 682 657 686 1185 1592 2813 2569 1777 2708 491 1639 2248 1937 2393 2382 329 2436 948 2286 974 1076 2598 1464 1944 2580 140 804 1868 1555 1452 531 274 598 608 526 444 864 637 2499 368 2308 994 1942 2719 2440 1892 271 2806 1721 2053 1275 790 12 1771 508 2809 295 2625 1408 1473 1876 1677 28 2589 2712 1472 92 2687 1475 2505
000291.jpg,1056 2135 2741 1212 137 899 204 116 1606 2294 97 2842 2511 1134 2728 1944 1055 1547 246 1463 2207 722 1935 2665 1067 2068 725 2041 2558 2319 79 2435 494 2291 686 2057 1899 692 2766 1126 2292 165 2248 574 1076 2305 2813 447 2580 1825 1986 2736 2286 1464 1777 2825 657 1874 1185 1937 2382 2708 647 442 804 790 677 2719 146 1223 329 2506 140 2639 1452 948 2393 1639 57 682 1130 2683 280 1275 260 1940 1692 1771 2611 1026 1962 2419 1868 1262 2062 1124 2465 2505 726 1923
000292.jpg,1052 1436 1305 2071 222 1638 2218 1504 1933 2201 2512 2750 2342 755 935 850 2432 1709 1806 1736 2096 1790 2362 2450 1098 836 1321 2645 2156 2355 2691 897 1911 629 2823 1227 1865 796 476 1153 320 669 2261 2318 829 1761 2420 580 2053 2429 1284 2194 108 1662 1037 1967 999 1475 1275 2313 1022 484 2634 295 758 653 1456 1730 2693 1568 2059 840 1929 661 209 1293 2236 1124 1023 2687 2611 1787 838 753 2173 1635 1024 2396 534 2806 2280 1378 53 1216 1789 1387 2301 389 356 806
000293.jpg,213 558 2413 2295 135 2408 707 119 1448 184 2615 1383 2354 1478 1265 80 1296 520 1269 2566 1849 2472 1945 424 757 232 2638 19 1728 1529 1867 1312 1984 1722 2390 1231 1533 2320 2756 2533 2744 29 1733 754 2024 1149 218 1719 2725 761 498 252 24 2143 967 1924 2464 412 2398 1220 1140 1506 2279 113 753 1612 2404 1766 1780 1918 430 2021 858 609 138 561 1829 286 2291 752 1326 2124 525 383 391 2311 1273 1275 1127 375 783 1024 1182 331 2177 1018 1889 822 2681 1505
000294.jpg,2365 2689 705 2716 2479 81 505 849 1563 2370 2181 2500 2552 2534 523 175 28 2819 2119 2191 313 238 2250 587 458 2283 1827 2557 1532 152 1708 120 734 2674 1741 92 847 2681 1339 1896 671 2527 2742 354 696 2099 972 2228 1680 2144 330 2322 1376 2028 1917 1335 109 2177 1704 2193 2052 1111 2592 1746 602 1332 740 1873 633 1010 1956 532 1465 52 346 2821 2690 552 1026 786 2467 780 2244 771 726 2687 2806 2429 108 418 999 2059 753 1220 125 534 1730 1481 68 1662
000295.jpg,2624 1845 1235 297 103 2601 2471 502 990 1323 126 688 848 1767 578 2276 1830 1186 1608 1908 702 931 1114 2314 1391 1413 284 768 903 1340 1720 684 2388 250 65 1975 1821 1310 835 1107 522 1254 2667 1512 2161 331 2759 1125 2561 2478 1759 70 315 191 2077 1916 655 1472 721 962 1839 1753 1692 430 475 478 1275 561 2777 1506 2346 2061 2402 1165 2302 1140 1303 1972 927 2062 2632 1912 1018 1955 643 1026 464 973 431 767 2398 936 654 534 968 2311 2755 780 2757 1706
000296.jpg,2093 1879 1518 631 1017 607 1290 2282 2596 1906 1909 2049 394 1613 2796 2392 2064 984 921 2357 662 530 2140 1058 446 1567 451 1981 1301 1119 1237 1604 1002 1978 700 1621 124 918 708 1676 996 2530 1491 908 345 1988 2675 1587 527 1396 2692 716 2085 237 355 2131 1105 651 616 591 2543 1564 1181 1812 2262 2205 813 942 852 1384 1673 2716 2781 1331 337 1614 1145 478 1837 31 786 2458 455 243 402 52 1117 1216 1438 1262 1404 2244 1481 2191 2257 1435 344 1855 2070 1568
000297.jpg,1993 463 197 1422 134 2631 1617 712 1029 2840 1045 1663 2837 1710 1782 1489 2735 550 2767 1417 2836 2050 1701 860 2649 2397 169 900 2130 947 1552 1486 2375 179 735 1437 1369 1307 489 440 445 2082 1386 1788 433 970 606 1381 2241 1658 1444 1092 1328 1208 2270 556 2826 2574 547 1934 1544 925 1840 645 1649 480 260 2419 1870 2817 259 524 611 2076 1468 2439 1983 2515 2424 2832 977 2724 26 1253 1405 2133 155 1627 674 659 188 2501 1146 2544 2011 1151 319 1102 2528 906
000298.jpg,536 1268 1588 1132 121 1431 36 2090 988 193 569 571 332 1764 1065 901 2117 1793 500 2570 1329 2839 1033 979 2786 2668 2795 340 429 432 2743 1562 2335 2333 680 2108 1240 2578 733 597 828 2808 2055 176 2227 866 1393 1890 2406 2029 802 1275 729 504 412 141 1952 220 523 2568 2137 505 671 1568 1418 159 2053 555 2028 1037 1187 28 1955 1274 2217 2232 175 252 2279 1896 580 886 2236 313 2794 2602 822 2552 1356 2415 2191 295 2265 2822 1118 2283 1266 142 2025 1124
000299.jpg,1656 1102 1644 2528 2044 2817 1934 2411 85 2790 188 943 1624 2501 312 2832 817 221 611 987 1926 1319 2300 1407 1405 556 1386 635 547 2082 2270 2397 2574 2670 1092 2344 2307 1146 2724 2800 283 606 977 1983 1414 1428 259 463 1208 2826 74 1666 524 2419 2676 266 4 970 2480 1313 1501 1437 2133 2564 911 1737 413 1627 1151 2007 2779 1848 178 2358 1674 2400 622 1468 2544 2626 1552 1388 1752 675 2774 1484 1486 712 1339 2035 489 2762 915 1011 1046 1369 670 1029 2646 2099
000300.jpg,1993 463 197 1417 1489 860 1710 1701 134 1663 1782 712 1422 1029 2836 1617 2767 2837 2649 947 1649 1045 2631 1369 550 169 1870 2050 925 26 2840 2817 440 735 1788 2528 179 1444 1328 1437 1658 1381 1644 1624 489 2628 1486 1840 1307 1656 2790 2735 1051 817 2397 1054 970 1934 1092 900 1218 2130 2419 1208 59 2241 433 1544 854 611 1118 1484 1102 1407 347 2375 518 674 1545 2826 645 1095 1386 659 1700 173 2439 1261 2424 31 2011 348 155 2574 159 1679 985 1532 580 2652
000301.jpg,2049 631 1518 1017 530 2282 1290 2596 607 446 1301 2796 1604 2064 921 1237 1909 1613 2140 1058 1567 2093 1981 984 662 451 2392 1879 1396 1105 813 355 243 1554 1370 1906 1742 2257 1331 908 1673 2696 1002 394 1614 1384 1119 966 2357 1978 2458 1676 660 2782 942 710 542 337 1621 54 2660 2085 2259 360 1739 487 2543 1466 1808 1000 1681 175 1853 1705 1495 1339 2274 1404 1893 1039 1142 1688 89 523 1787 1273 2698 1275 840 2594 120 2251 313 2283 734 1100 847 1929 2600 220
000302.jpg,2550 1507 107 1104 2414 2604 2019 1177 1669 2641 55 2176 728 397 575 1194 2754 2247 1691 1482 2136 2080 393 1244 2395 845 863 2383 1646 1120 584 1016 2595 2493 1523 373 2260 441 2695 577 2254 147 1147 339 2233 462 357 457 2699 2192 1846 2518 89 603 2489 1220 1734 2632 830 2275 1450 1620 1140 2555 643 834 412 1008 840 138 1273 1538 561 2094 1048 1995 628 856 2017 1026 858 1612 430 924 1275 331 2820 1018 2398 1662 782 2630 346 753 1500 478 2634 1941 1678 2316
000303.jpg,1096 1416 1948 1362 497 1897 1586 992 2046 1316 2272 2815 1636 1496 1965 1860 1218 2556 1051 2352 1261 2713 2628 2721 201 1658 194 715 1381 1796 305 1569 712 51 100 2241 64 562 1782 155 2433 439 48 2034 1640 260 2836 2439 1840 2309 1544 1617 2545 1993 663 2650 2767 1369 1878 1584 2376 1901 978 259 1148 1552 319 2826 1422 659 1490 556 2076 1319 2088 559 188 1356 547 611 168 1486 1435 2419 231 654 1248 455 1437 563 1262 363 550 947 900 402 2407 1307 1123 471
000304.jpg,1865 1284 1456 1188 122 411 922 2313 448 1227 1858 2194 37 2261 669 476 2030 229 1697 2268 829 468 661 1570 1153 1763 1082 459 2118 1761 1285 1560 298 586 285 1308 980 1090 1260 2167 546 2627 1221 1610 1884 1015 2677 443 582 454 6 973 20 167 2162 2168 2706 807 759 1702 1891 1083 2643 732 2726 2791 1723 1537 1006 629 2222 2109 2476 1199 2468 2053 1744 653 580 159 1286 1844 2425 1293 1568 620 1097 820 2303 1822 1262 1380 1635 2236 31 1011 1143 455 1037 2465
000305.jpg,394 1879 2019 1906 107 2357 2550 924 1507 1104 984 2414 1669 2641 2604 908 1621 1177 1044 2093 55 575 2754 31 1363 2176 200 2140 618 607 580 397 1568 897 1220 840 2017 728 1273 1002 2823 1425 113 771 1729 662 2715 1620 2681 1262 858 2452 1662 2191 806 1026 455 2316 1852 2232 2716 2137 89 2634 1941 331 1612 1288 326 2260 968 2770 225 1472 320 1182 1216 33 655 2467 643 2690 1140 2398 2144 822 753 1692 471 1873 1275 1746 2527 2764 108 131 1021 2470 534 1613
000306.jpg,44 1447 1483 16 376 1469 2317 1672 1057 1836 1749 2785 761 1914 2437 2249 1449 1631 1990 1178 2700 2202 2745 88 1224 1476 2523 1425 34 1856 2422 95 603 1116 1073 1713 596 834 1732 2275 2441 1620 2190 824 2180 2058 1678 2111 576 1727 1147 2555 1714 1277 1450 132 2518 2547 47 1103 1838 1176 683 1120 830 60 291 832 2695 845 441 1593 1523 2827 894 2383 1304 1999 339 863 2129 983 1194 1380 2136 1646 1244 350 1927 2153 83 946 1790 751 462 695 419 1346 2096 905
000307.jpg,1125 2772 1753 2777 2077 2478 70 2561 2510 431 2161 1759 1035 2757 315 1252 1165 2302 601 1390 2 2622 1557 18 1834 2663 191 2015 951 1842 2818 1839 2685 1980 767 277 2315 2686 2702 2314 688 1235 1989 1747 1391 1938 369 1969 1186 2276 1443 1323 889 721 430 1413 2142 2402 1869 1460 103 1972 1767 758 522 1248 1511 1220 478 1472 2398 125 2634 2667 578 1923 268 654 1813 412 477 2228 1647 1833 525 1829 753 840 1503 1845 1018 2467 2690 2624 331 2407 2311 504 2236 258
000308.jpg,2649 1369 925 1870 26 550 463 1993 480 348 179 2454 2538 2714 2769 197 1663 663 1422 134 712 1617 2840 518 2767 1782 947 2837 2836 169 1045 1029 1649 2631 735 1328 2050 1444 1417 1489 2130 860 440 1710 1092 970 2419 1381 1486 1983 1208 1701 524 260 1307 2010 155 1658 2826 1172 1185 2397 1437 1777 1218 900 1544 1054 559 2574 772 445 2735 2241 2133 645 2439 2708 1840 659 259 305 2088 1124 1624 563 1679 2035 2628 715 1261 331 1051 347 2652 2322 1532 2358 2105 1076
000309.jpg,2517 2619 30 787 810 71 958 638 2271 1445 1514 2529 718 143 1215 1440 386 1129 697 1939 1630 1294 1360 2246 2481 2298 1694 1270 665 2616 1258 1684 1446 1112 2185 2584 1411 2444 795 2363 2801 2710 2460 557 969 2709 1267 2468 879 1059 147 1242 1619 1524 1807 1373 1863 1811 641 1509 273 2771 414 262 2189 1167 1803 342 1295 577 685 472 1355 741 2595 352 1060 1324 2740 1925 716 551 1815 2131 127 1520 1988 1982 38 2749 2576 1291 2675 2139 2692 2738 2820 2833 267 1607
000310.jpg,2769 348 2454 2649 26 1369 1870 480 925 2714 2538 550 663 179 518 689 1453 1901 2840 1490 1758 2125 1417 2309 404 1392 1489 1172 524 463 2358 280 57 2004 1633 260 1710 1861 366 1665 2650 756 197 1092 201 1788 2433 1701 2374 259 1496 1247 1594 168 2376 58 978 1535 415 1609 2826 1859 1422 2456 2724 540 1441 1590 712 1772 1915 2155 303 100 860 1195 570 2174 970 793 1193 433 421 1346 450 2206 2327 2010 976 2544 1352 1148 2035 291 93 2493 2441 1792 895 1986
000311.jpg,1735 1619 1925 667 1982 1863 1373 641 888 262 2385 2771 428 879 1549 2371 741 2776 2833 2139 299 1295 991 1807 2269 2092 2460 2576 1814 557 2797 2363 687 2844 1480 1366 1816 2607 2431 1660 1509 2633 867 1122 1539 2524 385 2175 814 1242 1589 2710 352 147 2731 267 1238 2189 264 1291 2403 160 273 1530 2094 1078 1803 577 1524 2468 2455 1862 685 2104 551 2529 1341 1025 1607 1815 2226 1159 1629 2298 1129 2738 2517 2758 1069 1215 166 2063 143 1440 403 2206 837 2590 342 472
000312.jpg,44 1447 1483 16 376 1469 2317 1672 1057 1836 2785 761 1749 1914 2437 1449 2249 1631 1178 1990 2202 2700 2745 1224 88 1476 2523 1425 1856 2422 95 34 1620 1116 603 1073 2190 1147 1732 2275 1678 2441 596 1713 576 824 2518 2180 1727 834 2111 1714 1450 2555 132 2058 47 291 1120 832 2547 1277 845 830 1838 683 1176 441 2695 2383 1523 2129 1535 983 2827 350 1103 339 1593 751 863 1346 60 1646 1441 373 2136 1244 83 269 462 465 894 2305 1482 1380 695 1309 1517 1194
000313.jpg,1944 1899 494 2057 2435 2291 686 146 1185 574 677 2580 1777 657 2708 1874 2683 1452 1223 682 2438 1639 2286 1076 2639 2248 647 140 2813 1592 1937 1868 491 2569 2382 948 2393 1464 329 2436 804 2728 2294 2598 1055 2766 2825 447 2719 2207 974 692 2319 2558 2736 1810 2509 725 2292 67 137 627 2583 899 1212 1067 1012 249 1439 2741 204 2051 2135 482 1931 2068 1056 165 1825 1134 2121 2526 2220 1606 116 1126 2350 246 1001 2665 359 202 722 1406 79 2089 2704 1787 442 2842
000314.jpg,1272 640 13 2520 2210 1754 1949 2671 1041 1038 2421 323 2032 56 2047 1337 1910 1189 828 2083 377 2578 370 2539 1429 2428 2798 2629 2335 2828 2570 2795 672 1764 729 2602 1049 698 2221 1329 2839 933 1668 964 1952 865 1374 955 2808 1118 932 1266 1143 159 1822 1070 580 2038 1216 31 1293 326 1275 455 2640 1124 762 344 1274 2053 1097 2120 1399 1568 2687 1262 358 1187 84 1692 1018 782 478 331 2465 2505 1521 121 2108 643 941 1789 1924 2232 402 621 2017 2406 2611 1127
000315.jpg,1346 617 540 1535 2542 291 832 2129 1561 1019 1693 1257 1971 1137 1513 1590 1161 1786 310 1773 93 1847 63 895 614 1795 1593 1087 1091 1207 1357 2149 2656 751 1631 2827 76 2495 1996 1166 2441 940 39 2072 1197 1298 1343 777 1180 1940 1785 1836 2242 898 1004 2409 576 1026 1568 331 455 1434 363 564 1912 2017 618 1662 346 418 2785 2232 471 31 628 1961 786 207 92 1481 321 580 1923 52 2281 1262 290 95 2301 464 655 456 182 61 2407 2062 1715 1140 1438 2632
000316.jpg,150 2263 2678 1525 2623 1280 1365 1083 1371 2116 894 419 2386 1632 2554 96 106 2153 1927 762 732 2160 1013 1336 2572 861 1726 2141 181 783 1032 2401 2060 2079 1318 189 620 1702 1139 6 1251 481 2720 621 2562 387 2807 1458 2188 1315 949 2498 43 644 785 333 1364 309 1596 1198 300 2522 856 171 45 1536 941 2831 2688 2442 2612 1987 1084 2152 971 84 540 1866 2502 1217 2503 2571 1979 1797 474 183 2737 2056 1064 647 2705 462 636 2751 2197 1960 1108 2733 1907 1856
000317.jpg,2454 2769 348 26 1870 2649 1369 480 925 2714 2538 550 663 179 518 1489 1701 1417 1710 860 1788 2840 463 197 433 2650 2289 2375 1453 1172 1901 260 259 100 2826 1422 712 1092 524 978 1392 2358 2397 769 559 2004 305 2544 57 715 2309 689 168 1148 970 1569 1796 231 563 2419 1758 445 2088 1859 1486 2724 556 1983 2155 2574 2035 415 1437 2130 793 421 2482 2721 2433 1490 2174 1358 280 48 201 58 1861 547 2010 1617 2200 1640 1146 1428 2082 1276 188 1895 756 1034
000318.jpg,1056 2294 2135 899 137 2741 1212 204 116 2728 1055 1606 1944 97 2207 2842 2511 1134 1547 246 2558 1463 725 1935 1067 2068 2665 722 1825 2825 2041 2736 447 2766 686 2435 79 692 165 2057 1899 1076 494 2292 2580 2291 2286 2813 2319 1126 2248 1937 1464 2382 146 1777 804 948 574 1452 1639 677 2719 2708 1185 1874 657 442 2393 329 647 2569 2683 140 682 2639 1592 1223 2305 2438 274 608 864 491 1868 790 1275 1273 271 52 238 1931 2698 1942 526 430 2598 33 1692 1924
000319.jpg,2516 1707 1526 730 338 1466 2843 1511 1969 1442 1325 257 2102 1007 1779 2145 406 1385 1992 773 1783 1131 336 2151 937 1794 1243 1379 2763 1516 1871 1670 410 1455 709 2746 434 1005 2341 1731 112 2290 253 2730 365 2788 544 1079 1068 1110 519 811 1138 2219 1498 742 435 2549 2364 1581 1800 1020 870 610 1309 2299 1645 749 2377 1424 1311 648 186 248 2560 2830 678 673 593 2005 1527 568 535 855 1634 1573 538 1894 2251 1040 821 191 717 2613 1732 1966 1142 1968 2518 1094
000320.jpg,1570 285 1221 1697 2706 1891 6 922 298 546 582 1188 1723 1139 2167 37 1285 2816 650 759 1284 475 122 1456 973 411 2268 1916 1763 2346 1702 2666 2643 1537 732 468 1865 448 1260 2043 1858 2171 181 620 459 1082 807 1083 2313 1797 669 2476 2841 661 2194 1884 2810 2030 1227 690 167 2677 2726 2261 980 1015 1882 2118 1090 2162 476 829 454 1308 1605 586 1153 236 2152 20 1286 1199 1744 281 2425 956 117 2571 636 2608 2807 1844 2760 455 580 1568 2502 1275 2053 1113
000321.jpg,1515 5 2457 844 509 1889 2464 1696 1766 2725 609 2404 244 2128 957 744 2448 2115 1616 592 1061 1426 388 1637 1556 163 1326 375 2014 466 1945 473 2351 2366 1602 425 1953 2124 498 520 2476 19 1904 1401 232 2109 1797 1744 2278 2508 2751 565 2507 2169 1269 119 1296 1214 1768 2572 2468 22 1199 620 43 1733 2162 448 2048 1140 2425 1108 1231 270 1216 2566 1477 306 732 229 2744 1844 1171 2442 1124 424 468 1475 1383 2354 1880 1187 2756 80 2021 971 2053 2197 2236 1858
000322.jpg,2716 2552 505 2365 523 2479 175 2181 2500 1563 849 2689 2819 2283 313 705 81 28 1827 458 2191 2370 2557 238 2250 152 1532 587 1708 2534 734 2674 2119 120 847 1896 1741 1339 2681 671 2099 696 2742 354 972 2228 92 330 1376 1680 2028 1917 2527 2177 109 1335 2322 2144 1704 1956 1746 2193 2052 2592 532 1111 602 1332 1873 633 552 740 1010 726 504 268 53 2244 1026 131 108 999 1932 655 1037 1465 452 1281 125 1875 840 788 786 1378 495 1503 2059 471 1156 2715
000323.jpg,150 2263 1365 2678 1525 2623 2116 1280 1371 861 1083 2386 894 2141 783 1013 2572 1336 1632 96 419 2160 1927 540 762 1726 106 2554 2153 2401 1318 2807 333 2079 785 732 309 43 856 949 181 2720 1315 621 189 620 1458 2562 2612 1139 1251 2060 2498 462 1536 1032 2591 387 689 1596 171 1217 793 2188 398 1907 1960 2733 1364 2503 647 1702 2522 2441 2737 45 1004 300 2442 1866 2502 481 644 1084 1108 2751 294 335 2048 1198 183 2197 941 1797 1665 2571 2374 84 2639 2152
000324.jpg,1087 1137 614 1898 407 1093 803 1207 2072 1631 898 93 895 1590 1558 1801 328 2242 2759 341 2238 2114 374 714 1166 766 2260 2504 1561 1928 2409 1683 1257 1971 2277 2579 737 581 2040 1593 251 789 529 364 101 2381 215 545 989 1300 291 2546 436 1389 2784 1230 483 1900 1883 240 2066 1115 1394 1559 2000 2324 1353 540 2022 2644 1106 572 1213 499 1996 1786 1091 853 2699 1346 304 2113 617 2542 1334 1197 777 2178 2054 2493 1818 395 465 1538 1228 962 1427 63 926 359
000325.jpg,795 1694 1129 2185 1411 1684 2584 2298 1360 2616 1630 1939 2517 143 2619 1294 958 1270 1112 1440 1258 665 1446 969 787 2801 2363 2481 2372 2648 600 2189 2710 1215 1445 2246 2271 1520 71 1524 573 810 638 1291 2223 2444 577 2709 30 2468 2529 307 2595 2399 195 2100 1698 1238 267 2460 1338 1 741 2727 448 2412 1572 2486 1993 1409 2255 386 1278 127 147 685 961 2781 1622 2253 317 2167 1629 557 234 1060 2213 2466 718 1571 1356 913 936 471 326 478 655 1140 1275 1438
000326.jpg,2045 1584 2023 2755 258 747 770 1320 1443 326 654 1833 580 31 159 455 2686 2025 225 1141 889 61 207 653 2715 331 1293 1356 2496 1262 192 721 418 522 1275 2142 1117 2669 1938 446 1780 2017 478 2667 1980 2070 1568 1097 1787 1673 684 655 848 1472 200 1466 290 33 1011 1822 2316 1503 2311 1613 504 503 1972 113 1143 1438 525 2144 1921 2402 1248 786 2191 1118 2232 471 268 52 191 1647 1829 1756 1969 2794 402 2119 346 2244 2742 1481 1505 533 430 2061 68 2407
000327.jpg,1475 999 726 2059 484 2236 2429 534 806 1465 2244 780 786 418 1481 52 1662 314 467 452 655 2698 2715 2301 1730 1929 53 363 2687 331 344 1438 478 2470 295 464 2053 1568 1037 2806 2765 1275 471 1124 1378 936 389 346 31 2407 758 1706 430 2821 1831 1918 1789 1008 927 1140 1655 1273 2634 1011 840 1024 455 402 108 1039 1022 2505 2465 2398 1967 580 753 326 290 1635 390 2690 89 504 1715 1220 225 1097 159 2467 391 1293 1216 628 1692 1822 561 1050 2531 2285
000328.jpg,2305 79 2068 1067 2665 722 350 1547 246 2511 2842 1134 97 204 116 1463 2041 1935 1606 1212 2135 2741 692 2292 1126 899 137 2736 2319 442 2719 1962 2825 790 2766 447 1944 2813 686 2294 1076 2248 2506 2286 2382 677 1937 1639 2558 1464 2057 574 2393 948 2580 494 804 329 1777 2435 2291 1055 2728 2436 362 2598 1899 974 217 1874 146 1452 1275 1223 165 657 2683 1273 2639 12 313 140 2698 1185 647 2687 1787 2207 28 491 2250 580 2322 1929 2806 2438 682 2681 2569 1868
000329.jpg,12 1473 1721 2809 1876 508 526 864 608 994 274 1868 140 2499 598 2685 1942 1980 444 2315 1555 1452 329 531 1771 2702 2683 1408 271 1955 2598 494 28 1557 2557 1969 974 1275 2440 1777 2625 1252 1998 2286 1439 523 2435 431 1874 1055 2057 2037 2478 1475 2322 677 2436 2757 315 2015 505 1472 331 1708 2681 2068 2294 726 2510 2062 657 788 125 655 1831 1677 790 2265 2698 1390 1759 654 2669 458 430 525 31 2236 1274 574 1076 999 580 1056 804 2059 2291 1563 2191 261
000330.jpg,1453 2272 2433 1490 2309 2376 1316 48 1901 51 201 1860 1569 1636 1640 2556 2352 305 2721 2815 64 715 2713 194 100 1051 1496 1965 155 1218 2034 1796 2628 562 1261 439 2545 1840 1658 2767 1948 1381 663 2241 2836 2439 1782 1586 2046 1362 1752 1544 1897 1416 712 965 497 2650 992 260 1848 1096 645 518 2007 1369 2538 2708 2553 1663 1422 168 2088 2649 1649 784 563 659 2652 2826 1617 169 440 1428 947 2012 480 1054 559 231 1045 1777 1148 2133 1986 2419 1878 486 925 978
000331.jpg,817 2790 1926 2817 85 1656 943 1102 2300 221 1644 2528 1934 2411 1407 1624 188 987 312 2832 2044 1386 1405 547 611 556 2501 2082 1319 2270 635 2397 1796 259 2826 2670 1710 2307 2574 2800 2544 1414 1428 100 1092 2545 197 2344 606 715 1752 1046 2034 463 1437 950 2367 659 2358 2724 1983 970 2200 1369 978 1146 712 2375 439 675 622 2721 433 1569 977 2556 524 925 2626 178 1307 559 1496 26 1313 2840 911 2007 1848 2649 2515 1878 2035 1901 1316 1208 486 1096 2652 1388
000332.jpg,51 1453 2721 305 2034 2433 1640 100 1569 715 48 1490 2376 2309 1796 64 562 1901 155 2545 439 2713 1860 201 2650 1496 1316 1636 2815 2272 168 260 1878 563 231 1840 2628 1051 1965 1218 1148 1123 2826 2088 2553 712 1586 1948 497 1261 2352 663 1658 978 1782 1362 2649 1381 784 486 1897 134 659 2836 2708 1076 2556 559 900 1369 1464 2135 2652 518 2241 1392 2439 1212 1096 2538 2382 1307 259 2840 550 2631 1777 645 194 2767 1486 1848 1067 2769 204 965 2286 2046 2248 1416
000333.jpg,196 98 353 776 2474 1643 1625 585 1864 2081 1819 2067 910 1042 2353 869 701 2462 2334 1963 2103 276 2361 2256 809 69 1402 233 2101 1344 2027 2264 781 1600 871 138 1140 1216 1124 1612 1506 2611 331 455 61 381 1918 1262 2467 268 1787 643 2669 207 580 2690 936 1275 1781 1293 1472 1924 655 2164 1037 402 2053 105 1273 758 1568 1755 2142 1831 822 2232 2244 2715 1692 52 786 346 408 2505 2465 721 225 113 525 2378 2236 430 159 1097 654 2091 383 2407 2698 1789
000334.jpg,2044 1934 188 2501 2411 1656 611 312 2528 2832 1102 85 1644 1624 987 2817 943 2545 1319 2790 1796 2034 556 439 715 221 64 1386 817 635 1405 547 100 1569 1640 51 305 259 562 2721 1407 48 2419 712 1926 201 2082 659 1860 2713 559 260 2133 1617 1428 1046 1552 978 1486 1848 2397 1158 2088 1092 1983 2826 2270 155 900 2358 563 2007 674 1381 2544 1782 2433 2574 463 2439 1208 1437 1307 1878 1897 1658 2652 1422 486 2724 550 2337 1029 2309 911 1362 1544 784 2836 1369
000335.jpg,2171 2043 2666 650 2810 2816 2346 475 1916 1723 807 1891 372 759 411 1260 1603 1697 468 1188 285 1702 6 1153 922 2643 820 1570 2841 1858 546 1541 1221 829 620 334 1456 750 732 582 181 1761 2313 1763 1284 1083 298 1227 1865 2167 122 37 1797 2268 1285 980 669 2118 1884 1015 2634 1932 1018 661 476 758 840 2611 1610 129 782 2632 2261 1475 2236 1048 138 1062 1082 799 2194 501 936 108 2398 1912 464 1281 721 1465 2407 456 1568 2505 2465 324 389 290 999 927
000336.jpg,2660 2696 1331 2257 1673 1614 1495 1370 966 1554 2458 355 1742 243 1396 813 908 1105 1384 2259 1705 1681 487 2600 337 360 660 2782 942 54 542 710 2543 1739 2085 1000 2664 1853 1002 1893 1695 50 1031 2803 2369 791 1508 1287 1565 1978 984 1676 607 1301 921 1567 446 1119 2064 530 2262 1237 852 1604 1058 2049 1290 1518 1621 2140 1981 631 662 451 1017 313 2282 1909 7 734 1741 847 523 1339 320 1906 1419 1896 175 587 1827 505 1613 458 2283 2193 519 711 1718 1787
000337.jpg,1113 1371 396 2263 327 1280 1198 1525 2572 2623 1084 117 275 2678 1641 2303 2494 1205 941 1987 84 1687 1979 1659 2245 1184 1144 621 1199 2573 183 2030 1423 2791 946 1137 2197 1018 45 1962 543 924 2502 594 482 1661 2152 782 1866 815 2115 1032 2091 2794 430 636 909 236 455 2495 2232 138 1568 614 2062 2569 1612 2164 2398 2608 2620 281 788 2831 443 851 2503 1335 1262 2203 1802 2632 1026 2571 2182 2053 1487 346 1874 214 1140 1357 125 2025 1472 331 1011 1462 1124 2522
000338.jpg,312 2832 987 1146 2501 1405 635 1407 2082 1624 2270 1386 1102 556 547 221 943 1644 2790 2528 2411 1934 188 2300 4 1656 2817 1319 85 611 59 2044 626 2389 1737 1926 1545 1752 817 1202 2367 950 283 1799 826 2069 2477 2397 1468 613 2312 266 2574 1092 904 1437 659 480 977 2826 2544 1422 712 550 1486 2419 2200 259 1208 1369 1316 1339 1313 900 2606 524 1151 925 463 2670 1956 1117 1710 606 1552 2105 489 1003 2515 1912 1414 2424 2649 2564 2133 2556 2028 1961 978 2099
000339.jpg,1125 70 1753 2777 2772 2077 2478 2561 2510 431 1759 1035 2161 1839 2757 315 1165 1390 1557 2622 2302 191 1252 1834 2 601 18 2015 951 2663 1842 2818 1980 2685 767 2686 2315 277 2702 1938 1747 1235 688 2314 1391 369 1472 1443 1845 1908 1833 889 297 1395 758 2276 721 2378 430 2402 1220 1881 89 1162 478 1008 1413 522 1972 628 1186 1048 1018 2624 2232 805 2398 1303 995 1923 2632 1912 495 703 1989 2589 788 2532 753 412 2244 2634 1767 103 1323 927 2407 126 125 525
000340.jpg,1096 1416 1948 1362 497 1897 1586 992 2046 2272 2815 1316 1636 1496 1965 1860 1218 2556 1051 2352 2628 1261 2713 2721 1658 712 1381 201 2241 715 194 305 64 51 1569 1796 155 562 100 439 1782 260 1617 2836 1840 1993 48 319 1640 2439 1552 2034 1544 978 2433 2767 1878 2650 259 1148 663 1369 2545 1319 188 659 2419 1422 2076 611 2088 2826 1584 1486 556 2309 550 900 1029 1356 559 654 547 1123 168 1435 1045 1437 1441 1248 2840 2553 563 653 363 2652 1307 471 2708 947
000341.jpg,2011 2707 645 1679 1623 1054 1444 1328 1663 445 1649 947 1029 1253 169 2840 319 2837 2836 712 2050 2130 735 1782 1552 2767 1617 1045 1422 1381 1544 2241 2287 1993 440 1658 965 134 2439 1218 1261 1775 900 769 2352 2628 2133 1640 1710 674 197 1437 463 1948 1586 2482 1208 1486 1860 194 1897 2046 497 173 179 1777 1416 2735 155 1307 563 51 992 2708 1362 1051 1096 1840 2012 220 1489 259 1158 2397 2553 2419 562 1123 1757 1185 260 1868 2088 1983 2631 1092 2732 606 238 882
000342.jpg,2769 1870 2649 26 2454 348 1369 925 480 2538 2714 550 663 179 518 2840 1861 463 197 2004 1417 2375 1859 689 2125 1276 1710 2174 421 1392 1234 2418 1665 280 793 57 1580 1590 2155 1034 895 2461 93 756 1358 1792 1489 2330 366 2456 404 570 1453 1758 210 1701 77 1172 1575 1930 2650 185 1030 934 64 2123 540 1535 134 1609 1279 563 1203 712 291 1092 260 720 1292 2020 2419 1788 1901 1193 1375 2206 884 1776 576 1490 111 860 2374 1051 2628 1166 2638 970 524 1206
000343.jpg,1487 1113 1471 924 2573 953 471 52 418 1481 1438 115 1400 1918 331 2244 758 780 655 346 2025 455 1787 430 2716 225 478 2634 2142 2690 2467 840 786 1262 1124 452 389 89 534 200 402 1472 1220 53 1026 788 363 1612 2821 61 290 2669 806 2407 525 113 721 207 1465 1506 1037 2429 618 495 1140 2470 1011 268 2552 1018 936 2398 1568 2017 561 1912 643 1941 1687 396 2396 1024 1216 1972 464 849 327 245 1843 1563 1789 2301 753 1923 2191 1008 192 1829 654 2311
000344.jpg,1947 1196 976 366 2672 133 2801 548 583 2184 1081 1765 797 2189 1497 588 2298 2363 2460 641 1549 1863 557 2771 879 1776 273 1295 1242 1373 1807 2541 2104 1887 2524 2659 2327 1551 2356 991 741 1457 228 1735 2385 2039 857 656 1358 2662 801 1193 263 687 2581 2590 2694 798 2123 1877 720 2206 421 1925 170 2321 859 2139 706 1509 1350 1660 1229 888 514 1366 2175 2739 262 1982 1043 1086 1345 885 2607 1191 2517 2833 2198 1724 1619 147 1432 551 299 2332 880 2703 428 1480
000345.jpg,1056 2741 2135 1212 899 137 204 2294 116 1606 97 1944 2842 1055 2728 2511 1134 1463 1547 2207 246 1935 722 2068 2665 1067 2041 2558 2435 725 686 2580 494 2291 1899 79 2057 2766 2248 2813 1076 657 574 165 2319 2736 1777 1986 677 447 1464 2825 692 1452 1937 2382 1473 2286 1825 140 2305 1126 1874 2292 1639 1185 2708 2625 1771 1223 12 2809 1275 146 788 1857 2393 1923 274 33 1868 430 2419 442 129 329 1124 804 2236 2719 682 671 1037 627 28 2506 1787 1813 1892 864
000346.jpg,143 1440 795 2517 1129 2298 2529 2363 386 718 2185 2271 2619 1684 697 1445 2460 1735 1694 557 1366 1480 958 810 1816 2607 787 1863 30 879 1660 2584 2633 1411 71 1549 1215 1925 2771 641 2524 1373 2833 1514 1982 2139 273 1807 2468 638 867 1629 2576 1295 1619 1267 2092 2801 2104 991 2385 2269 551 741 2431 1524 2371 1335 299 262 667 1655 428 888 2228 1831 2184 342 1081 1706 1929 1275 385 2776 464 2749 1494 927 1789 2740 814 1939 1339 2592 2465 2505 1697 503 1059 1680
000347.jpg,1129 2185 1694 1411 2584 795 2298 1684 143 1440 2517 2616 2363 2529 386 1294 1630 2619 1360 2271 1939 1445 958 787 718 1446 1112 665 810 2801 30 557 2460 71 2468 1270 638 1258 1215 2481 1524 1514 1291 1238 879 2139 267 2771 2444 1373 1366 2833 448 2710 669 372 1863 2269 1520 2727 1267 2749 685 1925 2189 1982 299 1816 2740 1619 1814 697 641 1480 2092 307 2371 580 741 326 2399 829 1 2246 1324 1275 428 5 414 2556 600 262 969 2412 159 591 1735 703 1807 2053
000348.jpg,1710 1701 1489 860 1417 1788 463 197 2482 1437 674 606 900 433 2397 1486 134 1208 675 1307 1627 1468 1993 489 2419 2480 2424 978 173 259 446 2084 2515 622 1029 906 1981 178 904 319 2626 1319 2840 2574 611 1782 2076 769 645 712 1552 2646 580 2767 1895 2650 59 2649 970 1237 1240 2544 1362 31 2826 1313 1218 1190 1934 2289 331 1369 2836 653 1983 1567 1956 2088 260 2724 1600 1658 1262 2343 1216 2628 659 497 1140 1123 1388 559 2676 326 1472 2133 159 2528 2358 1624
000349.jpg,1728 757 1231 754 2021 2320 2756 1533 2533 1149 29 293 2673 286 2172 218 2787 558 213 1719 739 1804 426 24 2024 572 2430 1296 529 545 967 364 1689 962 1798 634 1230 1597 1312 395 2143 646 251 2054 304 2178 119 2040 2277 436 2644 1175 2066 1451 2323 80 1394 2472 1427 101 1951 1213 2113 1900 727 1182 1306 215 1383 485 1361 135 658 1334 2366 2381 1558 737 1559 1898 252 2638 1683 2759 589 375 2014 671 766 1829 328 2540 1984 425 2413 1274 1883 1353 696 1299
000350.jpg,101 1900 215 436 364 2040 2381 737 251 989 341 1427 803 374 2504 2114 1106 766 1559 1898 328 407 572 2242 581 2238 1451 1093 545 1230 1683 395 2644 2540 2000 2546 1353 1361 1389 2759 1115 962 1883 529 1798 2784 2787 1786 1300 1394 789 2579 2066 1971 1257 2277 1818 646 2288 304 1357 1213 39 2323 1180 1951 1175 2178 926 2495 564 2113 240 1801 1137 1558 485 2072 1091 1306 658 1087 614 2281 589 1207 2054 1334 76 727 898 714 1996 483 293 777 739 2756 754 2632
000351.jpg,795 143 2363 1129 2298 1440 2185 2517 1694 1684 2460 2529 557 1411 2584 718 386 879 2271 1480 1366 1816 2619 1863 2771 1445 1373 2468 787 641 1925 1660 1619 1735 2607 1982 2139 2833 810 2801 2385 1939 1295 262 30 958 1807 2269 267 991 2371 2092 1215 1238 697 2633 1294 1291 667 299 2576 888 71 2749 867 685 2616 1814 307 1549 1744 551 741 273 2740 2524 1514 638 2727 1524 1520 428 448 1267 2776 1242 385 1887 1025 2399 669 342 591 1007 2431 580 1240 969 2710 1275
000352.jpg,611 1319 188 556 1386 547 85 2082 2270 943 987 1656 1926 2790 221 817 2817 1102 1934 2044 2528 1644 1407 1405 312 2411 2832 2300 2501 1624 635 2397 463 1584 2045 4 2200 2544 659 2419 1092 2358 1307 2574 259 2023 1146 2307 2076 1437 1208 197 1029 606 283 977 1796 970 2344 1486 2670 2724 904 712 978 1313 550 1545 1737 1428 860 2652 1422 674 1710 2800 524 2755 2606 1369 1468 2826 433 1701 489 906 1552 26 1200 2626 1151 1617 1240 260 1983 2564 31 220 1564 59
000353.jpg,631 1518 2282 1290 1017 2596 2049 921 2064 2796 1909 1613 2392 530 607 984 662 446 1301 2093 2140 1604 1058 1879 1237 1567 1981 451 1119 1906 1978 394 1002 2357 1396 908 1105 355 1676 813 942 2085 243 1384 1621 2543 1554 2262 1331 2458 966 1742 2257 1673 1370 1614 2696 660 337 2782 1808 852 1404 487 1100 542 2274 54 235 1705 710 2660 1089 1688 1145 367 124 2600 220 1681 1240 89 840 52 1039 31 580 2715 1155 1275 1466 200 1853 700 1182 162 159 326 2017 1739
000354.jpg,1993 1663 1422 1617 712 947 1328 2837 1444 1649 1045 1782 2836 169 2767 134 2130 1054 1623 1679 1029 2707 2050 1381 735 2631 645 2241 1658 463 2011 1544 1261 197 2840 1552 445 1218 440 550 2628 2439 179 1489 319 155 1051 1710 1948 2735 1416 1437 900 860 1096 1840 1701 1417 1362 1369 1897 1486 1253 2352 1307 674 1208 2419 194 260 2649 1777 1860 1640 1185 715 2076 51 497 1586 2708 978 1600 559 2815 2482 965 305 2046 100 992 259 2397 1316 2012 2424 906 238 28 446
000355.jpg,150 2263 1525 1280 2623 1371 2678 2572 1084 1198 1365 1726 2303 1596 43 2554 2141 2791 2562 2188 275 2386 941 762 2498 894 2720 387 106 1199 1536 1083 971 419 621 1032 84 1318 1802 644 2153 189 1632 1979 785 2688 2060 1927 96 481 636 300 183 2116 117 2831 2197 2442 1880 1205 1659 1458 2030 1866 2705 2807 2503 327 2278 2160 1251 2401 1018 2476 1113 782 6 1336 1568 1687 455 474 1425 2505 2465 171 1064 2168 2514 1750 1013 1641 1364 1380 1262 861 2152 2620 2091 2079
000356.jpg,648 1424 94 1634 248 717 1133 1573 1309 610 435 2830 1040 1020 605 2560 1581 678 365 843 538 2251 881 1379 2680 2005 1131 568 870 1243 1454 1546 1968 2151 2341 1110 1794 937 1966 2788 112 1783 811 1311 1498 434 336 535 410 883 544 2095 800 2746 2364 673 2331 338 593 821 392 1466 2697 2299 253 1005 1850 1516 730 2417 2290 1142 2549 749 2519 2196 2730 1455 855 2087 1068 2243 1079 1174 1913 257 2006 774 2492 1670 1325 288 2609 1094 2219 2102 1969 2613 1871 2377
000357.jpg,1681 487 1705 2600 337 942 2085 2543 1384 2458 1495 966 1742 2660 1978 1370 2696 1331 1002 243 1673 355 1614 1396 2257 1554 1105 2262 1695 813 1893 54 1000 710 360 1853 2259 50 2369 2664 1031 1739 1119 542 2782 1287 908 852 2049 791 1565 2803 1676 1290 660 1508 530 607 1518 1301 1604 446 1718 2392 2596 1017 1981 631 921 1237 1567 2282 1822 711 580 984 1143 1293 159 2773 1275 412 2064 561 1741 1118 505 504 1097 1680 840 1058 367 28 2361 1909 52 192 2142 587
000358.jpg,330 2099 1532 2742 354 1339 1376 1896 152 1741 734 1956 2674 458 1704 2028 313 2479 2819 849 1708 847 972 696 671 2557 120 2500 532 2191 587 1827 28 2283 2228 238 505 1917 2181 2681 2177 1563 2250 81 92 1961 2365 1680 2017 618 2773 523 2370 2322 533 1335 175 261 200 1021 2119 2316 633 2689 2052 2592 872 2193 705 2814 1111 109 2716 602 1332 2527 649 2552 2534 2199 740 1156 552 1873 1099 653 1746 2594 2610 503 772 1297 771 1010 1543 1135 877 1003 33 2693
000359.jpg,1125 1753 2777 2772 2077 2478 70 2561 2510 431 1035 2161 1759 2757 315 1839 1165 1390 1557 1252 2622 2302 1834 18 1842 601 2 191 951 2015 2818 2663 1235 297 767 277 502 103 284 990 1908 369 688 1413 1323 1821 2314 1391 1186 578 412 2759 1916 1608 2471 1980 561 175 1720 2685 1472 475 2276 1303 2346 2632 89 1162 430 1048 1460 495 2228 703 1018 1389 478 1027 2181 2279 2398 1008 2283 847 758 2378 553 1972 1220 2689 782 840 753 2634 1182 2624 721 1881 1829 250
000360.jpg,2648 2372 969 195 2223 1939 1684 1698 795 1270 1694 2466 1409 2253 2298 1294 127 961 577 1258 665 1360 2709 1630 2616 1095 1129 1994 2710 1349 2481 2595 226 600 1615 2185 2226 2100 573 1446 147 1520 307 2338 2584 2738 958 1421 166 1 2213 2158 1618 846 1571 2820 349 642 2094 160 2246 1112 352 2834 2189 1411 591 685 2363 1101 1216 2835 2619 537 1060 2255 1291 1140 2399 1078 1862 1524 1572 2412 2444 2460 2801 511 2215 2473 2486 1356 234 344 879 2013 1530 1124 2781 405
000361.jpg,1146 2300 1752 987 312 2832 1407 1102 1926 2790 221 635 85 547 2556 1496 2501 1405 1386 950 817 2082 943 1656 556 1316 1624 2270 2367 2817 1965 188 1636 1934 2069 1319 1202 4 59 2815 518 611 2411 663 2044 259 1799 2528 978 1796 2826 626 1414 1092 1051 1897 1096 2836 2840 1878 1362 2272 1840 1545 1218 2397 2545 2419 2713 1148 2574 1644 2628 712 1416 2010 1117 1658 2352 489 1484 1710 2105 1123 550 1003 2424 168 1948 1782 1737 1437 194 1369 1860 1381 1356 970 497 2631
000362.jpg,1394 2066 304 2178 1213 2113 2277 658 727 1175 1334 545 1798 529 589 1951 485 1306 2323 395 2644 962 1801 1389 1230 572 2546 1115 1361 1683 2249 2579 2054 2759 1451 2787 374 2540 581 1559 1558 614 2022 2072 803 1883 1137 2784 240 1300 2000 898 714 1207 1197 2114 1353 426 789 2024 1427 1106 761 251 1597 2409 2430 483 646 1087 1631 2325 634 2400 1561 853 1173 1027 430 2311 2137 1248 110 2222 1435 2143 822 1881 239 1813 1666 131 625 1898 2280 501 324 252 1923 245
000363.jpg,1007 1385 742 1894 1779 406 2145 1707 1645 2763 1800 1138 1992 1871 1731 2102 2613 519 773 1526 1511 1442 2516 288 1969 1325 257 709 186 535 1527 2377 2219 811 2609 1516 1455 410 1466 1783 870 1110 365 1068 434 338 730 2341 446 544 336 112 872 605 31 2095 1118 248 2614 253 580 821 435 1613 1670 159 1822 1241 883 654 1311 1309 1040 2290 1143 662 455 1496 331 1262 2746 1799 1568 1581 670 1498 2788 1587 1424 2543 538 2680 653 1755 2017 11 648 805 1518 1981
000364.jpg,802 142 1492 429 2078 555 1890 1699 2333 1256 2029 1430 868 2668 554 176 1886 2267 1888 1236 2117 1553 2380 289 1562 2743 1033 1393 1053 1418 886 417 2108 878 1686 2786 743 597 2227 2423 432 681 62 361 1588 2451 1132 1431 979 36 866 1398 2384 21 302 292 78 199 893 1038 1065 536 2217 2421 901 340 733 427 332 2415 2568 680 1499 1793 121 1754 988 500 1272 380 193 571 1462 73 1041 323 654 2091 2074 1829 27 192 2594 1441 245 799 455 1248 354 49
000365.jpg,2045 1584 2023 2755 258 747 770 1320 2144 1780 654 848 522 1356 68 326 455 31 1491 2017 2698 2715 478 580 2191 331 1117 159 2569 1262 1503 446 2667 1293 418 1829 225 1141 200 2316 1275 1613 2669 2055 653 1472 553 89 290 1273 523 2311 1023 1918 1248 1564 1097 1692 655 113 1140 990 2742 643 684 61 771 2681 2025 1047 1438 1506 401 682 1435 503 1303 1976 2070 525 430 726 52 1568 207 903 1220 402 1216 1592 1628 702 2343 2467 383 1323 471 786 192 1875
000366.jpg,1416 1096 1948 1362 1897 497 1586 992 2046 2272 2815 1636 1316 1860 1218 1496 712 1965 2352 1552 155 1261 1051 2767 194 2628 2241 2721 1381 1782 1617 1663 645 439 51 1054 305 2556 445 947 1658 260 2836 1444 1029 319 1045 715 1993 1623 1899 1777 2840 1569 1679 1640 562 1328 1796 900 64 2135 1185 1486 2713 2837 1544 2580 2650 2708 1649 2419 134 169 259 556 2741 2439 1018 100 2553 2735 899 2707 1307 1067 2631 782 188 659 1212 2088 2435 1369 559 2311 1248 2011 48 1356
000367.jpg,1394 1213 1353 2066 2113 240 727 2178 304 658 1361 1175 589 1300 483 2784 485 1951 1306 2054 545 2000 1883 1451 529 1389 2277 1559 1334 1115 2546 2540 2644 1801 1798 789 395 646 2787 2323 2249 572 1230 962 1427 1106 614 2579 1683 251 2072 1137 1087 1207 2759 714 803 1558 761 374 1593 1804 2504 341 898 1719 967 2022 16 2114 2024 1091 766 44 1561 364 2040 1447 1900 1093 2381 581 293 291 1483 215 1597 426 2409 895 1898 1786 1996 989 1180 853 101 407 777 2281
000368.jpg,1742 243 1554 1105 1396 355 813 1370 966 2458 1495 2696 2257 1331 1384 337 1673 1614 487 2660 2600 1681 1705 942 2085 2049 908 530 2543 446 1604 1301 607 1002 1237 1567 1017 660 1981 54 2140 2259 2782 710 360 984 542 1058 451 1978 921 2064 2282 1893 2093 1290 1739 631 1000 1518 2664 1909 1613 662 1676 2796 1853 975 561 1829 1879 504 175 412 1275 2279 394 1273 840 2181 968 2597 313 268 1929 471 671 131 655 1875 1972 1018 50 28 1843 2531 523 587 2789 430
000369.jpg,757 1728 1231 754 1533 2021 2320 2756 2533 1149 29 293 2673 286 2172 558 213 218 24 2024 1312 2430 1719 2787 135 426 2472 2277 2413 2143 545 529 1394 1597 1689 2638 634 2178 2295 395 1804 1296 304 853 1175 2323 1230 2113 1951 119 2644 739 1898 572 727 967 2054 252 1306 251 589 2066 646 658 1801 1182 2280 1213 1265 1746 962 485 1383 2283 1852 1435 313 1883 1827 2173 245 525 1248 239 968 1274 1984 671 1798 2799 1427 1780 1829 679 625 1299 80 1168 1505 1361
000370.jpg,2045 1584 2023 2755 258 747 770 1320 1356 1780 31 654 2809 482 2569 225 1829 2715 1592 2017 455 580 326 2667 2698 522 2055 418 200 1248 478 1262 383 2669 2343 331 1435 61 1186 446 1503 113 2316 848 1918 2311 2144 159 1472 2742 27 1140 1692 726 653 52 1323 2191 1216 290 207 1141 1273 1275 503 682 771 1220 89 618 464 525 192 655 643 2025 2716 275 268 103 1787 1613 68 1706 1506 2624 1293 1441 702 786 1976 2757 1568 2693 1620 730 1505 2142 1225 2467
000371.jpg,730 338 1466 1131 2151 1243 1794 1707 1783 2516 1379 1325 336 1969 2341 1526 568 253 1511 365 610 1442 112 2290 937 2788 544 2746 1670 870 2730 1005 435 1581 1020 2102 1309 2560 1110 2830 1455 1311 1634 1498 1424 2364 2145 1779 673 717 1992 406 1573 2299 1079 2549 1516 434 1007 410 94 2680 773 1968 1040 1068 811 593 678 605 648 749 881 2251 1966 709 248 2763 2219 1385 2005 821 2843 535 519 538 1133 257 800 2377 1454 855 843 1527 1850 392 186 1094 2417 1732
000372.jpg,1065 340 2668 176 2743 2108 1890 1033 554 1562 2786 555 2029 2227 571 1888 868 1393 332 979 1418 597 417 886 1686 289 429 62 432 802 2333 361 142 988 1492 193 1256 1398 681 2078 2217 121 2384 569 1430 427 1053 2415 2090 536 901 2568 21 1793 2423 1699 302 199 2117 292 893 1553 743 2451 878 1886 2267 2380 1431 78 1132 1236 1588 2421 1038 36 323 680 370 866 2032 1952 2047 828 1189 56 2539 729 1374 2335 1272 1266 2808 2221 1070 2839 2031 2406 1268 2735
000373.jpg,1993 1422 1617 712 1663 1045 2631 2837 1782 947 169 1444 2130 2836 134 1328 1649 2767 735 2050 1381 440 2241 1544 550 1029 1623 1054 1658 1679 463 155 2439 179 2707 1840 197 2840 1261 1552 645 2628 445 1218 2735 518 51 2011 1051 1640 305 900 2352 260 1948 1897 1369 1416 562 1096 194 1362 1486 1796 1253 1860 563 2088 2649 1777 319 2826 1437 559 439 1307 659 259 715 1316 2419 2815 1185 1586 663 1636 2133 2713 497 2721 2046 1208 992 2708 2580 1868 1569 2556 2082 2545
000374.jpg,472 1803 1060 1509 1167 1811 1355 147 127 1278 2595 1862 1242 2138 1807 1059 1295 1069 537 577 551 2758 2094 1607 1341 2771 2738 2710 262 2385 2444 641 1530 1373 160 888 2431 342 991 166 1421 1078 273 2266 1619 741 961 1863 226 1101 685 2781 2104 2175 2460 154 557 867 1215 879 2213 385 1025 2371 1524 2835 2740 1982 428 2820 1925 2524 267 2403 2776 2811 405 667 1988 1238 352 1735 1618 1291 2468 2139 2399 687 2340 1540 2013 2801 1828 2648 1324 1660 2675 2833 299 2189
000375.jpg,1635 1967 390 1715 2053 31 1050 1293 1097 159 331 580 1822 1143 314 326 1118 1124 2406 1648 1037 1011 1140 2715 2236 295 455 2693 655 2806 430 1187 1273 1755 2698 2783 1216 1475 1568 1275 2687 799 344 1262 391 1730 2407 2301 653 2062 1756 1317 1395 1662 805 2232 363 726 1008 1929 2402 1612 478 1647 721 999 2765 2611 2505 2465 936 1972 1692 2061 402 2467 1921 2634 1918 108 346 840 2821 758 471 1024 1022 484 504 2690 464 786 389 1506 561 2059 2429 2531 1378 1303
000376.jpg,2153 894 419 2554 96 1927 1632 106 1032 189 2060 481 1171 2567 22 1214 2109 2831 2751 1286 2726 941 84 506 171 2612 2705 2401 1661 815 1987 2571 2162 621 300 762 1336 1844 2079 959 2160 1995 454 2197 1315 1744 1251 744 856 167 1013 2263 1802 1364 565 785 20 205 2720 396 1371 2152 2425 2313 1880 2502 2030 971 2627 95 2222 115 2096 2688 1749 42 1108 333 387 644 1933 2678 356 1273 2698 183 2261 2188 1199 661 1275 2053 1282 296 2562 1216 2278 2194 596 957
000377.jpg,1125 1753 2777 2772 2077 2478 70 2561 2510 431 1035 2161 1759 2757 1839 1165 315 1252 2302 1834 18 2 1390 1842 601 2622 951 1557 191 2015 2818 2663 767 277 1186 1323 297 103 2685 2314 369 1980 1235 688 412 1391 1472 1018 561 478 2279 430 89 782 1460 1220 495 1923 758 1048 1389 1692 1303 2632 1829 840 1008 2398 2017 643 2634 1248 1503 1162 471 175 721 753 2311 2407 2301 2378 52 2244 1822 1813 252 2402 2232 1465 138 2228 1972 2794 346 2759 788 389 268 1395
000378.jpg,1175 1951 1306 485 727 658 589 1334 1798 2323 1213 2178 304 2113 962 2066 1394 572 1361 545 1389 1230 395 2644 1115 2546 1451 529 2277 2540 1683 2787 1558 1559 714 2022 2054 1137 2072 1801 898 2000 614 1207 646 2759 1106 374 426 1087 1427 1597 2409 803 251 1166 1197 1928 93 2040 895 2579 101 1561 436 581 1590 2249 1900 215 364 2114 737 341 2504 634 1899 1027 789 853 2381 2057 1353 240 24 574 782 1881 1018 1472 494 2143 2291 525 2719 192 625 2024 1011 1144
000379.jpg,2841 924 1139 2502 181 782 620 1018 732 2567 1048 2152 138 1472 2807 2632 1288 643 1703 2611 1605 1318 1612 752 1702 2216 1692 1083 1363 419 2153 214 1953 189 1797 894 106 2554 1032 96 2476 1927 6 1171 546 1260 2643 2060 1866 2751 412 468 2141 909 1570 22 807 785 1632 636 2109 2348 759 1858 1536 2278 971 285 1188 1221 2313 2688 2425 2507 753 1697 298 2498 1214 561 387 1026 402 2263 448 582 481 644 2398 1283 2168 1395 628 1661 2442 1220 936 1704 1317 2720
000380.jpg,754 2320 1728 2021 2756 1231 1533 2533 1149 757 29 293 286 2673 2172 218 2787 213 558 739 1719 2024 426 1312 2430 1804 1296 2054 24 646 634 2143 1175 1951 572 119 80 1306 1798 727 658 1597 1451 1361 967 2472 589 2178 2408 1559 1230 304 962 364 853 545 1984 1689 485 2366 2540 251 2113 252 2323 395 529 1106 135 436 1394 1558 2644 2066 1829 1213 1182 2000 101 1900 2040 1898 375 858 2277 2413 215 737 2072 671 2279 1299 1168 2014 1427 1598 1383 1334 2402 525
000381.jpg,101 1900 436 215 364 2040 2381 737 989 251 341 1427 2114 2504 1106 803 766 374 1559 328 1898 407 2242 572 2238 1093 1451 1230 581 395 1683 2644 545 1361 2540 1353 2000 2759 529 2546 962 1883 1798 1786 2787 1115 1389 1300 789 2784 1257 1971 2277 1394 2066 1818 2288 39 2579 2495 926 1357 564 2323 1801 1091 646 2281 304 1175 1951 1180 777 76 240 1334 1213 1996 1306 2178 658 485 589 727 2113 1137 230 2054 2072 483 614 1207 1087 293 1558 739 898 714 2756 858
000382.jpg,795 143 2363 1440 1129 2517 2529 2460 557 2185 2271 2298 386 1480 1366 1694 2619 1816 2607 879 1660 810 2633 718 2468 1684 1445 71 787 30 1925 1411 2584 1807 1619 1295 2771 1215 2431 1863 867 1373 2740 385 273 641 1939 551 577 2576 147 2385 814 262 448 2749 2833 669 1982 2524 991 1524 1025 2801 958 1629 685 1735 2269 342 160 1549 888 1995 2139 505 2092 1880 175 1227 1378 697 2429 307 115 1929 1275 1242 1662 741 1475 476 2059 534 108 2261 1059 1293 638 2465
000383.jpg,2510 431 70 1125 1753 2777 2772 2478 2077 2561 1839 1035 2161 1759 1252 2757 1834 1165 315 2015 2302 951 2818 1557 1390 2622 191 1842 18 2 601 2663 1980 2702 2685 2686 1938 2315 277 767 889 1443 1747 369 1584 1460 2496 2532 1969 1833 269 211 1895 412 1989 1303 561 430 1117 654 258 1413 1511 1608 433 990 175 2144 1472 2061 68 553 1220 2311 2755 346 252 1356 1048 1248 2276 1972 523 2023 2025 1391 89 478 471 721 2070 625 331 525 402 2764 1442 758 1438 1141
000384.jpg,216 1435 1248 2311 625 1505 1356 679 2137 1780 1127 525 1598 1274 113 1141 252 239 2091 2794 27 858 654 1781 2164 2070 383 822 653 49 245 449 1506 1299 1168 2669 2232 2280 1924 838 2470 2693 2173 209 139 1262 2017 1961 192 61 2565 1568 2396 2025 618 296 200 356 225 455 408 1612 1021 782 1018 1282 207 268 1829 1140 2316 33 495 1011 1875 131 655 671 2191 331 2053 1787 138 2236 1187 2279 2406 1843 1472 2531 1275 2715 2773 31 1648 1500 1635 533 1715 1164
000385.jpg,1380 946 1044 1425 1263 2197 1641 2514 905 1750 2245 474 1423 1267 1219 1144 762 1315 300 2571 624 1199 543 1371 1113 2720 2831 1802 1336 2705 2443 1322 104 971 2086 2562 2188 350 2079 1286 2463 644 1352 2522 2216 2293 2623 1226 907 1954 724 1726 1596 2678 1363 45 387 621 2249 1027 1687 924 941 1013 1979 2160 2230 335 84 1880 761 2263 2401 2498 2195 1449 856 1250 327 115 43 275 2442 1057 2688 443 183 1280 1703 2410 1032 2572 1288 2030 894 2167 1064 60 2056 396
000386.jpg,1146 312 2832 2501 987 1624 1407 1405 635 1102 1934 2411 2528 1644 188 221 2790 2300 2044 943 1656 2082 1319 556 1752 611 2817 547 85 1386 4 2270 817 2397 59 1926 626 1092 1737 2574 2419 1552 978 1545 1983 2389 1339 2133 283 1486 259 559 2652 2606 977 1468 1437 712 2312 2826 2815 2069 1208 1316 900 1202 2265 950 1428 2544 1948 2670 2424 2840 2088 904 1896 2214 2836 606 445 2724 74 2676 2148 1956 1636 524 970 2344 2105 1151 659 1422 260 1617 1782 826 313 2358
000387.jpg,957 1889 2464 2725 509 2404 2457 1766 2448 609 5 844 1515 744 2128 244 1696 2115 2468 1616 1880 592 2168 1945 1061 1556 388 232 498 1596 1637 520 163 43 19 2562 466 2124 2351 1726 2720 1326 2740 106 2442 2678 1280 2278 2014 2572 2197 171 1525 1269 473 2498 1602 189 1364 375 1032 2109 119 2060 621 2612 2751 1296 1426 2263 2141 1251 1927 387 2508 2760 80 2160 2182 1383 2566 2807 2153 1802 2623 2522 2056 2591 644 306 183 1904 2476 2188 894 1733 96 2169 22 2354
000388.jpg,2479 849 1563 505 2716 2500 2365 28 2819 2181 2552 2191 2689 313 458 705 523 238 81 2557 1532 2250 175 2370 152 1708 1827 2283 2534 587 120 734 2119 1339 1896 2681 2674 1741 671 847 2099 354 2742 92 696 330 2228 1680 972 2028 2322 109 1335 1376 1704 1917 2527 2193 2592 2052 2177 2144 1956 1111 602 633 1332 1746 532 740 552 1873 726 1787 1037 125 786 788 2244 1465 927 2806 2059 1706 1912 999 1156 1026 1789 780 1281 2470 464 268 52 1730 1929 1932 484 346
000389.jpg,1512 1254 65 1107 1310 768 835 903 284 1908 702 931 1830 1114 2388 848 2471 2601 1720 103 990 1323 502 297 1608 1340 1235 1186 1767 1821 2276 250 1845 1975 688 2624 126 578 684 1391 1425 643 2314 1692 1273 216 522 2311 344 1044 2611 331 1356 1275 2579 1216 1413 936 1472 655 1465 402 2698 1220 464 2831 2571 1568 780 1662 1918 1140 1008 471 2759 525 786 2632 478 113 806 52 2550 108 753 561 418 2715 858 1481 346 1706 840 455 726 1018 138 53 1048 1026
000390.jpg,1481 780 418 806 2244 1465 534 52 2429 786 2059 484 999 1438 1662 471 726 53 363 346 2821 452 478 936 402 2690 1918 467 1475 2467 2470 344 1730 2301 2687 2236 2407 1378 758 314 753 1477 2398 655 389 2765 2465 2505 2634 1008 1929 840 1568 1692 430 2698 108 225 561 290 464 628 1039 1022 1220 504 89 1275 2285 1706 1789 927 1831 1655 2715 331 2806 295 1026 1048 1024 2611 1941 2279 1503 2531 2142 268 131 1612 1124 1875 1932 129 241 1037 1273 455 1062 501
000391.jpg,1113 396 443 1487 2194 1865 586 2261 1082 1308 1891 546 582 1723 1090 1221 1083 594 411 1882 629 1371 1462 1006 1763 37 653 2025 721 455 327 2053 753 1761 922 1011 1647 1262 275 73 225 2402 1787 430 1188 758 580 1037 2119 1144 655 2398 346 108 1435 1124 2816 936 331 1018 2465 2505 207 1284 1568 1472 504 1697 285 2669 1293 2467 61 654 2611 49 2062 92 1395 138 2557 1612 726 125 820 281 2677 1153 1227 1140 2821 1592 840 1097 1918 2569 1022 2690 192 31
000392.jpg,1056 204 97 2135 137 1212 2741 116 1606 899 2842 1134 2511 246 1547 1463 1067 2294 1935 722 2665 2041 2068 79 2728 1055 1944 2305 2207 2736 2825 1126 692 2558 2292 2766 725 2319 447 1825 165 350 442 2719 1076 686 1962 2813 2286 1464 790 1899 2382 677 494 362 2248 2435 1940 1937 1639 1185 1777 2291 2393 682 2438 948 1986 2057 2580 2506 146 1452 491 804 2708 1130 329 1874 574 526 271 2569 274 140 1223 2625 1771 1942 608 864 647 1592 657 2639 1892 2683 1677 1841
000393.jpg,2491 2328 1179 1977 1651 2682 1579 1063 841 2252 639 1578 887 9 945 1770 1583 515 916 2647 919 952 227 1354 1769 748 1791 998 819 1531 2792 114 1920 930 118 2729 2778 2379 928 2065 1470 1851 1657 2225 567 2042 763 982 517 923 2723 2097 1667 875 2310 2304 1367 311 382 1970 2711 1854 2618 778 1585 1211 2559 1210 2349 2793 2575 975 910 1528 98 2459 2488 2715 1239 1271 896 1154 2474 799 528 587 354 92 1420 2814 2214 261 7 225 2716 1566 738 2742 760 31
000394.jpg,196 353 98 776 2474 1643 1625 585 1864 1819 2081 910 2067 1042 2334 2353 869 701 2462 2103 1963 1402 2101 809 69 276 1344 2027 781 2361 2264 2256 381 233 1118 1143 1822 159 580 1755 326 2698 1273 1293 31 2053 390 2687 1275 481 331 653 1124 1097 1635 2017 1140 1216 1568 455 607 2465 2505 2186 871 1831 1967 923 61 2693 2062 1274 2611 643 9 2232 2141 1692 1543 2806 655 872 936 1262 1078 1179 261 2402 2715 805 446 1715 587 1472 295 1579 402 621 1127 225
000395.jpg,2053 1011 1037 331 1124 2236 1140 1475 1967 1647 721 2061 2402 1635 1972 390 1050 295 2698 1921 1715 455 1395 314 1303 1829 1273 2806 31 1755 1216 655 391 561 1756 1317 805 1612 2406 412 726 2715 430 1648 1275 1262 799 344 999 1929 580 1024 159 2693 1293 1097 326 1568 1822 1143 2687 1118 2531 1506 2301 2232 1918 2407 1730 1274 2279 1187 27 484 2059 2765 1662 363 268 927 1008 1831 806 478 936 1875 1789 2505 2465 131 1924 471 2429 1655 1472 1018 534 1240 402 1692
000396.jpg,2236 1475 726 999 484 295 2059 1929 1730 2806 1275 2687 2429 344 452 1037 2053 1662 1124 534 52 2244 1465 2301 806 2698 786 780 1481 418 331 53 655 467 1140 314 363 455 1568 2470 1438 1011 1918 2821 346 1216 478 1240 391 2407 936 430 471 504 1008 2765 1273 290 840 1378 464 2634 758 402 1024 389 1967 268 1635 390 108 2505 2465 1022 131 1875 2690 2285 2398 2531 753 1706 1692 1039 2467 225 1262 1941 1789 1831 927 1655 2823 1187 1715 1503 1220 1612 1924 561
000397.jpg,484 2059 999 726 52 2429 1465 2244 786 452 534 780 1481 806 467 418 1475 1662 363 478 2301 53 2821 346 936 1438 2236 1918 471 1378 2687 758 344 1730 2407 2634 840 2398 389 2465 2505 2765 108 1008 655 753 402 2690 1929 1022 1039 2467 628 1568 1220 314 2470 430 464 1692 89 504 2285 1275 2698 2806 561 295 1706 2611 1789 1831 927 1655 290 1026 331 1477 2142 225 2279 1048 2715 241 1124 1024 2053 1037 1011 2823 1941 1503 2531 1140 129 268 1932 1062 643 501
000398.jpg,1385 1007 2145 1779 406 742 1707 1894 1645 1992 2763 1800 1138 2102 1731 1871 1526 519 773 2613 2516 1442 1511 1325 1969 257 709 288 186 1527 2377 535 811 2219 1455 1068 410 365 1516 112 2609 1783 821 605 1040 1670 1466 434 544 1110 338 730 336 870 1311 435 253 2730 2341 2788 248 2095 2290 2549 1309 2830 937 94 1079 1379 1020 1966 1498 1424 749 1581 855 2560 678 2680 1968 593 1794 648 673 1850 2151 610 2243 2746 774 2299 1005 2364 392 2006 2417 1131 446 654
000399.jpg,2199 649 261 872 1135 1099 1650 2610 1885 2814 1441 2789 1156 2597 653 2693 507 2594 220 877 2105 1003 890 1543 552 1955 2265 2822 1774 1314 963 2306 2343 799 1917 316 2773 235 1376 972 2783 162 2212 1327 699 1755 120 367 2799 1164 1109 1245 805 1182 1823 1991 2237 587 1852 31 1101 1010 1746 533 390 1317 1967 580 1635 1756 326 1050 1873 314 1302 2742 2648 740 1117 2017 2681 2715 354 1600 159 618 49 602 2764 2316 1751 968 1787 1274 2812 408 1715 654 1941 330
000400.jpg,1056 2294 2135 899 137 1212 2741 204 1944 1055 2728 116 1606 2207 97 2842 2511 1134 1547 246 1067 2558 1463 2068 2665 1935 725 79 722 686 1076 2825 2766 2736 447 2286 2435 494 2580 2057 1825 1899 692 2291 2041 2813 1464 2292 2248 804 2319 1126 329 2382 1452 1937 165 1777 146 574 948 1874 1639 677 140 1185 2305 1223 2393 2719 647 2639 2683 2708 657 442 682 2569 2438 2821 1273 1592 1506 1918 52 274 346 1692 2611 430 1868 1275 608 2598 2698 1124 2467 643 2436 331
000401.jpg,2631 155 2767 1255 123 1757 1422 712 1617 1782 2150 1045 2837 882 2836 1993 1649 1663 986 2241 169 947 440 1381 134 1658 1261 1840 51 2439 1218 1544 2735 2628 735 1444 2130 1051 1796 1328 439 518 305 194 1640 2352 715 550 48 1054 1029 1552 1600 2721 1636 372 663 1897 100 1541 2050 1569 1236 1362 334 64 1961 750 2387 934 1787 455 326 2267 207 2025 2380 533 33 61 174 2419 225 1262 1127 2775 2650 721 331 245 1472 932 2378 2214 260 1141 580 1704 1486 618
000402.jpg,1631 1087 1137 614 291 1593 1590 895 93 898 1166 1207 1346 2072 2409 1558 1801 1928 714 1561 1535 1971 2260 1257 540 832 803 1197 2784 465 2277 1749 240 2759 1300 576 1483 1883 483 374 2000 2129 2542 1093 44 1447 16 1091 407 1353 617 1019 2242 1996 376 2054 1786 789 2022 251 499 2579 1334 2504 2025 2058 61 824 2422 853 331 455 1277 783 207 192 2785 1262 1161 1597 2669 1469 63 525 346 341 1715 1140 225 430 655 1914 1912 761 1898 1275 2495 356 1124 786
000403.jpg,2011 645 2707 1679 1623 1054 1444 1328 1649 445 1663 947 1029 1253 2840 169 319 2837 2050 735 2130 2836 712 1782 1045 1552 1617 2767 1422 440 2241 1381 1544 1993 2287 134 1658 2439 965 179 1261 1218 2352 1775 2628 197 769 900 1640 2482 2133 563 463 1710 194 1840 2735 2631 1051 1307 550 1586 1860 2046 1897 1486 624 497 1757 992 173 1208 674 1948 51 155 1123 1362 1437 882 1416 1489 123 724 2088 1096 1868 1417 220 703 231 1777 938 2713 2076 562 161 2375 2272 906
000404.jpg,1810 1001 2583 67 2509 2121 2350 1012 202 249 627 1406 1075 1944 1055 404 1594 1869 1195 378 1609 2728 338 1110 494 830 1441 899 730 2294 2207 1590 2057 2329 2748 725 1466 1212 165 2291 137 895 2325 1325 1943 418 1620 937 780 2825 1206 93 31 1732 2003 1606 1243 2248 2033 363 1379 497 1794 1805 191 1481 811 1203 1787 112 2244 2719 1516 786 2151 2736 2435 902 1465 1450 726 1586 316 1573 2693 321 2237 207 24 1899 145 1557 192 1825 61 1484 534 2701 2020 603
000405.jpg,1503 268 1262 131 1875 2531 455 1274 495 241 2232 822 1273 2142 1024 1843 1568 2565 290 33 653 2698 1941 1500 1124 1924 2285 61 331 1140 1506 207 2025 192 1787 2053 2137 2669 2693 1037 225 726 449 2070 53 1240 654 1127 2396 1216 49 209 408 383 1008 2765 295 430 655 296 139 1781 356 391 2091 2164 838 2794 2173 1282 1612 2236 245 113 1829 2280 239 1813 452 2301 1780 2470 1011 324 1923 840 89 1715 344 2634 1932 1929 1475 2806 525 1168 2316 1299 138 788
000406.jpg,150 2263 1365 2678 1525 2623 1280 2116 1371 1083 861 2386 2141 1013 894 1336 783 2572 96 1927 106 2160 1632 419 2401 762 333 2079 2554 1318 2807 309 1726 2153 949 540 462 181 732 189 621 856 785 2060 2733 620 1032 1315 1458 1251 2720 647 1536 387 171 43 1702 1217 2498 481 45 2612 2737 1364 1139 2522 2591 2502 2152 300 2562 1482 398 2188 1907 1596 1084 2639 793 644 782 1004 2571 2441 2688 2582 1198 2442 146 941 183 1019 1987 2503 335 1108 2248 1018 636 2278
000407.jpg,802 142 1492 429 2078 1890 555 1699 2029 1256 1430 868 2333 2668 554 176 1886 1888 2267 1236 1553 2117 289 2380 2743 1562 1033 1393 1053 878 417 886 1418 1686 2786 597 743 2227 2108 2423 2451 681 361 62 1588 432 1132 2384 1431 979 36 866 1398 21 302 292 78 199 893 1038 536 1065 2421 2217 901 733 340 427 680 2568 2415 332 121 1499 1754 1793 1272 988 571 1041 323 193 500 192 654 1462 640 27 1829 1187 2091 2074 828 1248 1441 13 2279 73 1949 1124
000408.jpg,1056 2135 2741 1212 899 137 204 1606 116 2294 97 2842 1944 2511 1055 1463 1134 2728 1935 246 1547 2068 2041 722 2665 1067 2207 2435 686 79 494 1076 1899 2248 2813 657 1777 2580 2766 1464 2291 2057 677 725 2382 1937 2558 2286 1473 2319 574 1185 2708 2825 2736 692 1986 1639 1452 12 1874 140 2393 1126 447 2809 1275 2625 948 2292 1223 2236 1771 2305 271 1124 1037 33 682 2053 274 974 1942 1892 324 2419 1677 1475 1708 1787 788 1923 268 1408 165 1929 2719 129 430 726
000409.jpg,2320 754 2756 2021 1149 1728 2533 293 29 1231 286 2673 2172 1533 757 218 2787 739 1719 2224 1804 426 2024 853 24 967 213 2430 1689 1597 646 2054 558 634 2143 2540 1451 2472 1361 1798 1558 364 1175 572 1312 1900 2323 1951 485 1306 2072 714 589 1296 792 1207 727 1230 962 2296 1427 436 1334 1829 658 2000 251 27 1787 1598 215 858 1559 696 2040 1168 2644 1299 494 1024 898 726 225 1505 525 1780 737 529 654 245 119 252 780 679 1435 2396 799 240 1465 766
000410.jpg,757 1728 1231 1533 754 2320 2021 2756 2533 1149 29 293 286 2172 2673 213 558 218 135 1719 2413 2295 2024 1312 24 2430 1296 2408 2472 2143 80 119 1383 426 967 1804 2787 184 2638 1689 634 1984 1597 1478 853 2366 2169 252 1898 739 2277 2054 498 375 2014 1829 1852 91 2235 858 2124 1746 1924 1182 1780 2178 1274 2508 473 1248 752 1435 391 1945 520 412 304 2279 235 2378 561 703 2003 1766 383 1598 1273 525 113 239 1216 1168 1299 968 995 1505 1173 2531 707 1140
000411.jpg,1798 1394 1334 2323 658 1951 1175 589 727 485 1306 962 545 2066 2277 304 529 2178 2113 1213 395 2644 1230 572 1801 1389 2546 1361 1115 1683 2787 2054 2540 1451 1559 2249 2000 2759 2579 646 1558 1427 374 1106 614 581 2072 251 2022 714 1137 1207 803 1197 426 898 2114 1883 2325 1597 789 101 1353 761 1898 2024 1173 240 2409 2400 110 2784 1027 1666 1087 2154 1300 430 2311 1561 1881 2430 215 2003 1900 252 1225 1631 525 737 131 1008 1465 1248 1923 534 625 1435 125 15
000412.jpg,2823 2567 2688 2313 2168 971 2627 2188 644 2498 387 1858 2720 924 468 785 2442 2562 1171 1802 1596 1560 1865 2194 43 1227 1761 1153 2261 2141 2751 1260 115 1882 941 448 661 229 411 476 84 2425 1880 636 22 829 1214 669 1536 2502 300 2030 2726 2705 1188 1995 2831 2448 2162 807 1703 2152 1108 620 396 2807 2278 1318 2476 1032 2841 454 1015 2571 1288 2554 1987 2505 2465 1217 1284 1425 2611 629 909 1570 2197 1018 189 2060 1283 1363 782 956 1199 2109 108 2216 2806 1692
000413.jpg,772 503 711 633 1680 2322 1746 2250 2119 587 238 2193 2592 2370 1111 1332 2052 602 92 740 1852 2237 2144 81 705 1010 2365 2527 2534 972 2681 2689 2479 28 2764 162 671 849 1563 2181 2028 1774 1704 2552 523 532 968 553 2228 1182 505 1335 2742 1873 2716 120 1532 1708 1109 1117 1164 1543 2819 2500 1956 175 2557 2812 68 354 771 313 699 872 261 2191 330 2774 367 552 458 235 1314 1827 2799 2283 1991 1974 2822 152 1376 890 1461 2265 1955 2212 1327 2177 1339 2306
000414.jpg,2023 1584 2755 2045 747 258 770 1320 1443 1833 211 1938 2545 2496 1989 2532 889 2686 225 369 455 1460 1262 2025 1980 418 2742 278 1961 52 1787 1117 331 525 1835 61 207 1481 786 2314 346 854 1918 780 1141 2762 1026 1582 2142 1140 1124 2467 2669 1532 633 1711 2154 113 1225 721 1220 478 1780 1472 504 2690 1563 2244 2543 654 430 192 2715 2053 28 1767 2407 351 2193 1506 758 1747 1011 269 2191 653 1612 580 788 2757 1568 1037 2311 2599 1465 2821 31 1796 1275 363
000415.jpg,2524 2208 2104 1652 912 41 2231 1264 2205 716 2692 345 273 1242 996 1491 2530 527 1587 1988 2675 124 651 616 700 918 591 237 1564 708 2131 1812 1181 1837 2781 1803 1167 1807 2801 1215 1862 1509 991 2460 961 1373 641 1349 2298 1863 1295 147 2771 2619 1355 2517 2738 127 1081 879 1618 2175 1684 2385 2307 798 1101 1811 741 537 2226 109 2800 2138 2670 166 2206 833 1366 551 1619 888 2363 577 1060 557 2607 262 2035 74 2184 1377 697 1735 415 1497 2633 1708 2010 1816
000416.jpg,2218 1305 222 2512 1052 2071 1504 1436 1933 1790 1638 2362 850 2750 836 2096 935 2201 2156 1098 2645 2342 1709 1321 1736 755 2432 2450 1806 2355 897 2691 1911 320 144 580 2642 2318 159 31 653 326 2420 2446 1135 649 2199 207 894 1273 2655 2693 1275 2698 1441 1216 2053 61 217 1282 1118 599 192 1293 1032 1634 408 383 344 2687 296 1573 654 537 1435 1662 1097 1568 1143 717 1635 2070 2083 2232 16 1717 356 350 481 390 2537 1781 1967 1822 49 205 2611 1127 2396 1099
000417.jpg,100 1569 48 2721 715 64 305 562 439 51 1796 1640 2034 155 2545 2433 1490 1453 2309 2376 1860 2713 1901 201 2650 1316 1369 260 1496 2649 2708 168 26 2815 712 925 2272 348 2556 2088 2826 1051 1878 1948 486 784 559 2454 1777 1185 563 2007 2419 1416 2538 1899 927 1782 659 1870 805 1428 1046 2840 1636 1789 2652 1848 782 1018 1096 1568 1092 1011 2632 2435 1275 1584 2769 580 1381 2836 1617 1307 657 2017 113 2236 1262 1831 503 480 2715 1986 1486 455 2407 1655 978 2358
000418.jpg,1221 6 546 582 285 1083 1702 2643 732 620 181 759 1570 1891 1797 1260 1697 468 807 298 1858 2313 1139 2816 922 1723 1188 973 2476 1285 475 2346 2706 650 2666 2043 1916 2171 2807 1456 411 2194 1284 37 2810 1865 2261 1763 122 2167 1318 661 1537 1227 2118 448 1015 2268 669 2425 476 980 1153 636 1610 229 1082 1603 1761 459 829 2278 1884 1090 2841 1882 372 820 586 594 281 1560 1536 443 1018 1308 1541 2677 758 653 1380 1692 1605 1011 2611 2465 2505 1097 936 782
000419.jpg,52 2429 2244 1465 786 2059 1481 780 484 806 534 418 999 1662 726 1438 452 363 2821 471 478 346 53 936 467 1918 402 2690 1475 2301 344 2467 1378 2407 2687 758 753 2398 1730 2505 2465 2470 2634 2765 108 389 2236 840 1008 1692 655 628 1022 1220 1568 430 1039 314 1929 504 464 561 89 2285 1477 2698 290 2611 2279 225 1275 1026 1048 1706 1789 2806 1831 927 2715 331 1655 295 2142 1024 1941 241 1503 2531 643 2823 138 1472 1612 129 501 1932 1124 1062 2062 268
000420.jpg,894 419 2153 2554 96 1927 1632 1032 189 106 2060 1171 2567 481 22 1214 2751 2109 2726 1661 1286 2831 2401 2162 815 1995 744 171 2502 84 454 941 506 1744 785 2612 1987 167 621 2152 2079 20 2160 1336 2705 2571 971 2313 620 1844 959 2425 732 2688 1013 1251 2841 2141 333 644 1108 2404 181 2720 1797 2222 1749 309 2278 636 1315 661 2197 2216 565 856 762 95 1083 2263 396 1283 2188 300 1260 1763 183 387 2194 1365 1625 2261 1364 2168 1802 115 476 957 1536 2807
000421.jpg,1371 2152 2502 2263 214 1365 785 1866 621 1280 1525 2623 2141 941 183 2751 84 2678 2572 1171 909 22 1214 150 1605 1084 1987 106 2841 171 1139 2567 2348 189 1927 1632 959 2060 1198 1032 2503 2109 2197 2760 815 2608 2182 2831 236 2554 2401 96 2612 2153 894 506 1251 1953 1064 2522 1286 1199 419 1364 481 45 2726 2705 1661 744 2386 2056 1113 1458 117 1726 957 2160 565 2562 1844 300 275 2303 1315 43 1750 762 2162 1217 1641 2188 1144 1336 1263 2079 398 270 327 2720
000422.jpg,2210 2520 1272 13 640 1754 2671 1949 1038 1041 2421 828 1337 1910 323 2578 377 2083 2032 1429 2539 2428 1049 865 56 672 1668 2602 2335 1374 1189 1249 698 2047 2828 932 1764 2795 2570 2629 1329 933 1952 2839 2221 2808 1266 2038 955 729 1399 2798 1070 2031 1521 964 358 432 2120 370 2640 839 1187 142 536 1886 1118 2078 1588 2108 1492 979 2117 1274 1132 2384 986 2406 2029 331 1240 1216 2822 344 27 1699 1236 1255 1248 1124 455 1822 1553 1648 1053 1924 2333 2668 1143 1829
000423.jpg,848 1830 702 931 1114 2624 903 1845 1767 768 1235 297 126 2601 103 2471 1608 2388 1323 502 1310 990 1908 1107 688 284 578 65 2276 1720 1186 1340 522 835 2314 1413 1254 1391 684 250 1821 1975 1512 2667 2161 2759 331 1472 1506 1692 561 1275 655 2061 973 1839 1026 1140 1465 225 721 478 2311 2398 999 464 1220 780 1706 1912 643 431 628 534 726 363 654 1303 455 786 1647 430 1875 315 1955 1972 1356 927 1117 216 2402 553 525 753 1923 418 2236 936 2429 1008
000424.jpg,101 436 1900 215 989 364 2040 737 2381 251 341 2114 1106 1427 1559 803 2504 766 374 1898 328 407 1451 572 1093 2242 581 2238 1683 1230 395 1353 545 2644 1361 2000 1786 2540 2787 2546 1971 529 1257 1883 2288 1818 2759 39 962 1115 1357 1389 926 1300 564 2495 1798 2784 1394 2277 2281 789 1180 2066 1091 2579 76 777 1801 1996 230 304 646 2323 240 2178 1213 1951 1175 658 2113 727 1334 1306 589 739 1137 485 483 2054 614 293 2072 1087 1207 1558 898 525 252 858
000425.jpg,1113 1487 396 2573 909 2025 2115 2494 455 225 721 331 1124 1011 594 1018 2053 1140 1472 655 1687 1616 1262 430 2402 327 207 1612 525 2669 1462 1568 2495 782 1972 758 61 1144 1787 346 1037 629 418 2119 471 1008 1505 2232 113 788 1199 1502 1481 2407 504 296 2761 1921 780 1647 1395 52 138 838 941 478 2572 408 1918 1648 2061 2142 924 1438 192 2396 2406 2236 753 2531 806 245 580 1275 840 1435 1024 2398 618 1141 389 495 200 2244 2301 1706 281 654 1073 363
000426.jpg,1697 922 1188 759 285 807 468 1456 122 1260 1284 411 1570 1221 546 2643 37 2268 2167 6 1702 1763 1858 582 298 2043 2171 181 732 620 2666 1891 650 1865 2816 2706 448 1285 1797 459 2313 1082 973 475 2810 1916 1723 1090 1083 2346 586 1308 372 980 2118 1227 1610 2194 443 669 1015 1884 2476 1537 476 2261 829 1603 229 661 2030 1153 1006 2807 1761 1139 820 2425 2841 690 636 1318 275 956 1541 2791 334 1560 2632 1612 167 1048 721 1395 2061 1018 138 1972 1011 1647
000427.jpg,2363 795 2298 2548 1440 2189 687 2460 143 2185 386 267 2662 1684 1238 2517 557 1694 879 1366 1129 1291 1925 2844 2529 2727 837 2468 1619 349 1816 1480 718 2619 1411 2158 1 1520 969 2633 1009 2215 2584 1660 1815 307 2607 2399 2456 857 1792 2616 787 2834 913 1982 2139 1375 667 2039 455 2226 2378 1572 2541 1159 2206 1863 805 2186 2092 655 1755 551 2271 1043 721 741 2709 1293 2402 133 1395 1275 797 1730 2269 790 331 1097 1262 2672 278 234 347 1756 2223 1317 1918 1912
000428.jpg,967 1804 1719 91 2235 792 2296 2242 2238 766 1093 2024 407 789 328 1689 240 483 24 2430 2504 499 2143 1898 426 1593 2784 739 1597 2759 341 634 1561 2756 1996 1091 2579 1533 754 1300 558 364 2638 2040 2533 135 2021 777 1728 1683 1883 1149 540 2114 29 1353 1801 2320 737 293 251 291 2413 2673 853 184 581 1231 2295 218 213 1900 286 2172 803 230 374 1631 2381 2785 215 192 1780 858 1441 2277 2260 1598 1506 529 61 783 2698 252 1435 383 2017 49 1273 757
000429.jpg,28 238 1563 2250 505 2479 2500 2191 849 2181 2819 313 458 1532 2365 2557 523 152 2681 2689 2716 705 1708 81 2552 587 175 354 1680 2370 120 734 2283 1827 2099 2322 1339 671 2534 1896 330 2674 2193 2052 2742 2592 1741 2119 602 1111 2028 1332 633 696 847 972 740 92 2228 1376 1335 1704 1917 1956 532 2237 109 772 1746 2527 2177 2144 552 1873 503 1010 1543 711 890 927 331 1262 268 726 464 2142 1789 1706 1140 1831 1037 655 455 1281 261 1275 1912 478 2407 1923
000430.jpg,1938 767 277 1443 2686 889 1833 1747 2496 369 1460 1989 211 2532 2702 1980 2685 2315 770 431 2510 2818 951 1834 70 2015 1252 269 2478 2302 2757 1165 2077 2777 2561 1842 2772 1557 1753 1125 1759 2622 18 1390 2 2663 601 315 1839 191 1548 1584 2755 1568 1472 2023 1035 331 430 455 1262 822 1140 580 113 721 1118 1506 643 2402 31 1969 1413 654 1143 1647 1612 2025 1356 1822 2634 1293 2232 2137 346 1275 655 1780 525 2142 478 1972 840 2311 1220 2017 2467 1831 2061 1303
000431.jpg,133 2327 976 2374 280 2418 2672 2174 1234 57 1034 1580 1947 1861 493 1392 1792 1358 210 1575 366 1196 2461 793 570 1930 1375 1276 1724 548 2456 2004 1859 746 689 2330 2125 2229 1664 1758 294 2186 1665 797 2694 1765 2039 756 1551 1292 421 583 1072 704 857 1887 263 228 2662 2581 1457 1193 2206 1043 2356 2590 801 2659 1350 656 1776 1877 158 150 170 880 1086 1279 242 934 2838 438 798 2184 2739 1348 77 1229 884 185 2703 1377 588 885 2321 2541 1030 2155 2332 1432
000432.jpg,1113 1371 396 327 1144 275 2025 594 207 225 482 2572 61 1787 2053 192 2569 1874 455 2396 580 331 92 326 1641 31 2571 647 1592 1487 2806 1262 1282 1661 356 2263 418 2494 2669 655 504 1011 295 1223 1124 1275 346 941 838 408 443 1568 2690 682 2261 654 1140 2115 296 2194 159 2030 49 2343 1293 653 245 1037 2467 430 1635 1822 1216 1438 471 2678 721 1010 1687 1198 2402 261 139 1137 2687 1647 1143 2623 1472 2119 586 1612 2794 383 2280 1741 1987 458 1781 1481
000433.jpg,1141 1506 1356 2070 383 1505 525 216 2311 654 1248 1435 252 625 679 1780 858 113 1924 1598 49 2669 2137 245 1168 1299 61 27 192 838 2470 2025 139 2164 1781 2173 2794 2280 2091 239 207 455 2396 209 1262 391 1200 2565 1787 1127 2531 408 1282 225 356 296 449 1274 1140 2232 1612 1216 822 1568 2279 1273 2693 1124 331 2698 1024 1918 1037 653 655 2053 1875 430 344 268 138 131 1503 1829 1843 1715 412 495 726 752 1303 2142 799 786 471 2407 1477 346 33 52
000434.jpg,2422 1178 1990 2523 2785 2700 1914 1224 34 465 2437 1713 1714 2180 1116 1836 47 88 1476 683 676 1838 2202 2129 2745 1856 1672 824 132 2547 2190 576 95 2111 596 1749 1176 2441 1057 695 1450 751 44 1732 2827 1073 603 1620 830 1678 2275 1593 2518 1147 2317 1743 983 339 16 1447 1646 1449 1483 863 1120 2136 832 1469 761 2016 1244 1631 376 393 2249 2149 2555 834 1727 2058 1462 1425 230 1277 777 1693 1996 1523 310 2383 1228 845 2073 83 2695 462 2495 2239 471 758
000435.jpg,2749 2740 154 1059 342 551 203 2468 934 1524 1629 185 1377 1348 1025 1576 2444 884 2155 438 1716 1030 170 242 1522 470 798 1292 82 130 1072 2127 1857 2703 2399 158 2727 1392 2206 1861 880 38 287 2198 307 1432 2431 57 2363 1193 1275 1034 1520 280 385 1792 1803 2581 160 758 936 391 1863 2588 344 840 1124 795 389 1140 1 1929 295 1530 1086 402 2687 471 1037 2634 1480 685 1216 786 484 363 133 2505 2465 2285 1481 1438 2460 1647 147 464 1506 1078 753 324
000436.jpg,2512 2362 1305 222 2218 1504 1911 1436 2691 1052 2355 1638 850 2071 144 755 1806 1790 2342 1933 320 1736 2420 2450 2750 2318 2201 1098 935 2432 2096 2156 2645 1321 1709 836 897 1479 1682 796 1387 1676 629 2452 599 595 2446 2642 399 2537 208 2587 73 380 525 2074 2163 2655 2232 1435 453 33 459 2167 290 2469 1275 216 2311 53 99 653 1248 981 1598 679 580 625 1599 383 326 1141 799 1628 177 2407 1124 331 721 225 1505 654 245 1023 1568 2634 31 532 1967 838
000437.jpg,730 338 1466 2516 1707 1526 1969 1325 1511 1442 1131 2151 1783 336 1794 1243 2102 1379 1007 1779 2843 2145 406 1670 2341 937 253 773 112 365 1992 2290 2746 1385 544 2730 1005 257 610 410 1455 2788 1516 1079 434 870 2763 811 709 568 519 1581 1498 1110 1020 1068 2549 435 1309 1424 2364 2560 2219 2830 1634 1311 2299 673 1731 1138 648 94 749 1573 717 678 2680 1040 742 1871 593 248 2251 2377 186 1968 1645 535 605 2005 1800 1732 881 538 1527 821 1966 830 2275 855
000438.jpg,431 2510 70 1753 2777 2772 1125 2077 2478 1839 2561 1035 1759 2161 1252 1834 951 2818 2757 2015 1165 2302 315 1557 1390 2622 1842 18 2 191 2663 601 1938 2686 277 767 1747 369 1460 889 1443 1980 2685 2702 2315 2532 2496 211 1833 1989 1413 1584 412 1117 269 1608 2276 1391 2311 561 433 430 2314 346 1048 1220 1472 643 2764 113 1248 1356 2164 2755 89 1186 1303 331 625 525 1435 1895 478 2770 402 2794 2398 52 2632 2265 252 1141 840 654 753 1275 2025 2634 2690 2467
000439.jpg,2044 188 1934 1656 2411 611 2528 1102 2501 1644 85 2832 312 2817 1624 1319 987 943 2790 1386 556 547 221 817 1926 635 1405 2082 2270 1407 2300 2545 1796 259 2419 439 712 1617 1307 2397 2574 674 550 2034 1552 1208 1190 463 1486 1092 2133 2544 260 1437 1983 606 413 2003 978 134 2826 1029 2088 224 111 1484 563 1468 1897 1782 2762 559 900 1501 2076 1203 2358 1582 1640 1422 1356 1674 1428 659 1369 1414 525 2724 2400 977 1362 128 275 906 100 715 305 2439 1173 1381
000440.jpg,2065 982 1791 118 567 2792 1583 998 1470 1579 2682 919 808 2252 1063 1179 2491 2328 1651 9 1977 1354 227 1769 114 1211 841 916 930 2778 952 517 1770 639 748 887 515 2711 382 928 1851 1531 778 2042 945 1854 1970 819 1578 7 2793 2310 2647 763 2225 2379 2723 2729 1657 923 2559 2618 975 1920 2097 1667 311 1271 1585 1210 2304 151 2575 875 528 579 2026 512 492 25 2488 2459 566 1154 2349 1239 1367 1528 1209 2416 513 2715 1275 31 580 314 1274 159 2017 326
000441.jpg,1129 2185 1411 1694 2584 795 2298 143 1684 1440 2517 2529 386 2619 2363 718 2271 2616 1445 787 810 958 2460 1294 638 30 1939 557 1630 1360 697 71 1480 1514 1366 879 1446 1925 2801 1816 665 1112 1863 2833 2481 1270 2139 2771 1619 1982 1735 299 1373 641 1814 2607 2468 1215 741 1258 1660 1549 2092 2269 2633 262 1524 2576 1295 1267 888 2776 2385 2371 2524 1629 273 267 1807 1589 991 969 428 2189 1122 1238 2844 667 342 687 1291 1680 2710 2727 2104 867 1520 1275 1744 2355
000442.jpg,99 1145 2636 2009 72 2747 1688 172 694 2055 1415 1047 2775 174 2098 816 1976 1808 401 164 2274 141 1784 1023 2829 1404 156 477 1089 2722 1100 453 177 1155 1163 461 612 1872 2122 1241 2163 2577 1085 1510 595 760 460 2679 208 399 1599 1903 731 2655 2074 1717 380 981 823 2126 1628 2698 552 2587 152 120 1780 458 2191 2552 1314 2819 73 877 2594 313 2144 2265 1955 68 1339 1708 2193 2716 1003 1156 786 1275 654 408 2557 1140 1117 2681 1543 33 207 1160 455 331
000443.jpg,956 1882 115 38 1995 448 42 2468 636 2168 669 2278 1880 661 2197 2313 2476 2261 1199 459 1536 2167 1802 167 2425 1227 829 644 20 2194 2726 476 1560 2807 2573 1318 2678 37 2268 971 1697 2118 2831 1858 2162 1015 1284 1082 1638 1456 2222 229 122 1662 1286 454 762 505 175 1308 2740 922 2623 1568 1275 1037 1744 1524 2053 758 108 2572 300 2030 1124 1108 28 2505 2465 387 1018 2153 2216 478 1273 295 1140 1274 1610 402 363 2806 2634 840 455 1050 412 1929 1763 1011
000444.jpg,2263 1280 1525 2623 1371 150 2572 2678 1084 1198 275 1365 1726 2303 2386 1199 2791 1205 2498 1596 43 1659 2620 2188 1979 1866 387 2562 2141 327 1687 971 785 1536 117 84 941 2720 23 2476 1318 762 2688 1458 1113 644 2030 2503 636 300 2761 1083 2116 1802 2197 2442 2807 2348 1591 1032 2554 1960 214 621 1880 6 1139 183 732 2060 894 189 2153 2278 2425 419 398 2203 106 2831 2448 2705 1768 181 1364 909 1064 455 1251 1632 1018 2760 423 782 1108 2502 2160 2608 1927 1011
000445.jpg,1073 1732 2518 1147 1678 1450 2275 1620 830 603 1120 1646 339 863 2136 1244 393 751 676 2785 1914 845 2437 2523 1836 2422 1224 1178 1116 34 1713 2383 2745 1714 2395 88 2129 1057 1523 441 1462 1990 1476 2202 373 2695 47 1672 2754 2180 44 1594 1838 683 2700 465 1943 378 576 832 1856 1195 777 95 1996 87 16 83 321 590 2033 902 1482 2080 1749 371 1517 917 2020 1410 1483 1609 2239 824 1449 1091 2073 2190 132 230 541 187 2684 993 1950 404 1601 145 2441 462
000446.jpg,540 783 617 1535 1346 949 2542 291 2441 1161 1847 1513 1856 2827 1019 2737 832 1343 1103 1561 1004 940 1773 1631 1795 2202 1914 2111 310 1093 2785 63 1785 2745 1999 2112 95 462 407 198 2190 2242 1749 2129 1760 689 1693 1091 766 647 1228 2639 1298 88 2422 2238 983 60 596 75 1996 1434 132 2733 1482 1176 2017 1476 2116 499 1712 2374 146 1169 576 2248 2317 793 2437 2180 561 2813 182 2497 280 1483 1772 34 1506 782 1464 723 149 207 1021 2632 1836 450 861 516
000447.jpg,2792 9 118 515 567 998 1791 1583 1579 2491 1179 2328 1770 1977 841 919 2065 923 748 2793 1531 887 1470 1063 639 2682 1651 1354 2647 7 952 114 945 1769 2304 819 808 2778 975 1578 930 2711 778 1854 382 875 1970 517 311 1851 2379 1210 227 982 1920 928 2252 2729 2723 1211 2618 1585 2559 916 1154 492 1271 1667 151 2459 1657 2097 2349 2575 2225 2488 566 2310 579 2361 763 2074 2026 2416 353 799 1528 528 999 726 1275 2062 455 1039 484 98 1789 2059 2465 2505
000448.jpg,1579 1179 2491 2328 841 1063 2682 1977 9 1651 639 945 1578 1770 515 2647 887 748 2252 1531 1791 1920 919 2792 819 227 1769 952 1354 998 114 1583 1470 118 2778 916 930 2065 1851 567 2379 928 2729 2723 517 1585 1667 982 2042 1657 2225 923 778 2575 382 1854 763 2711 2459 1970 1154 2097 2793 808 492 2310 2304 1211 2488 975 311 875 1367 7 2026 579 512 2618 2349 98 566 2559 2017 2361 353 2316 1688 455 726 200 1210 33 2698 607 331 1239 31 2416 1275 799
000449.jpg,540 617 1346 1535 783 2542 1561 291 832 949 1343 1161 1513 940 2737 310 1019 2827 1693 1847 1631 1004 2112 2129 1773 1103 2441 2242 63 1856 1999 1197 1795 2202 60 2190 1785 2785 1914 455 2116 198 75 207 1298 2745 1262 1590 849 2149 983 618 61 1091 1760 2690 2017 2025 95 2497 418 2111 93 941 1532 1176 363 192 1593 31 1961 2669 1021 225 786 296 2467 2639 346 331 1506 1787 647 1692 1282 596 33 1434 2656 1481 1397 52 356 402 474 1602 1140 408 1124 471
000450.jpg,988 193 569 2090 121 332 2415 2568 2217 1793 571 427 901 370 340 680 2047 56 1189 323 2032 1065 536 1272 13 640 2210 2421 1041 2520 1337 1754 743 2423 1949 1038 2083 2671 2380 1553 1256 2267 1430 1236 2735 2629 2539 1886 653 580 159 2053 2578 955 2687 1275 758 2465 2505 1429 1293 1097 828 389 1831 464 1699 2236 2221 1929 31 1706 1789 1787 2428 125 1655 1568 1910 1475 1692 2693 1143 1124 1822 108 2429 326 1741 1662 927 2634 2228 840 2798 2059 1378 786 2557 1039
000451.jpg,1993 1422 1617 712 1663 2837 1045 947 134 2631 1328 1444 1782 169 2130 1649 2836 2767 2050 1623 463 1054 1679 2707 1029 1381 2241 735 550 1658 1544 2840 645 1552 2439 445 2735 1261 197 2011 179 440 1218 900 2628 1840 1253 155 319 1486 1437 260 1051 1208 259 1369 1307 1860 51 1710 1948 1897 1362 1489 2352 1777 1640 305 1468 1096 1416 2133 2419 2544 563 1092 2826 2088 2312 1185 2270 2649 978 674 2082 2076 559 1148 562 965 194 556 1316 1796 826 2708 1878 904 1983 2397
000452.jpg,73 380 2074 1599 437 399 1628 2163 823 1233 1872 981 760 1510 401 453 595 461 208 2587 1976 2655 2469 1717 477 2055 2126 731 1145 1023 1160 141 1047 2098 99 816 2122 2829 177 2747 612 2679 1085 1903 1163 72 172 164 460 2009 694 2722 1098 2577 156 1784 1241 799 144 2691 935 850 2594 222 654 1911 1829 2636 2355 525 1248 696 2017 726 120 1321 805 354 2645 858 2557 1435 49 331 1688 758 2775 225 2742 2398 1479 1275 1787 2311 174 427 2362 1124 408 430
000453.jpg,2171 2043 2666 650 807 2816 2810 2346 475 1916 1723 372 1891 759 1260 1697 468 411 2643 1702 1188 6 285 1603 546 1858 582 620 732 1221 181 922 1153 1797 1570 1083 820 829 1456 2313 2841 1541 1761 1284 298 669 1763 1865 1227 2476 122 2167 334 2268 448 37 661 476 2261 750 2194 980 1882 1610 2118 2706 229 2807 2611 956 138 1285 643 758 721 936 1139 1524 973 2634 1048 2632 363 464 799 1692 2061 840 290 1972 1220 1018 389 344 1082 561 459 1884 1015 402
000454.jpg,44 1447 1483 16 1469 376 2317 1672 1057 1836 2785 761 1914 1749 2437 2249 1449 1631 1990 1178 2700 88 1224 2202 1476 2745 2523 95 596 34 2422 1856 824 2190 834 132 576 1116 2111 2180 2547 2441 1713 1425 47 2058 1714 1727 2555 1277 1176 1073 1147 1732 1450 1838 683 1678 1620 603 2275 2518 60 1103 845 291 832 1304 1593 894 983 695 2827 2695 1743 1523 1999 830 1120 2096 441 2153 2129 83 419 2554 1244 2383 1927 2136 96 1632 1194 465 350 863 2261 1790 373 728
000455.jpg,1993 463 197 1617 1422 134 2631 712 1663 1029 1045 2837 2840 1782 2767 2130 2836 2050 1489 1710 947 169 1444 550 1552 735 1328 860 445 179 2735 440 1701 1417 1649 900 1381 645 1486 1369 1658 2241 1544 2649 1437 1307 155 2011 2375 2397 2707 2439 1679 1208 1054 1253 260 489 1623 674 1840 2826 2419 51 2082 433 319 1983 606 1640 563 1218 559 1261 1788 2515 2628 659 305 259 1092 2133 970 1468 2574 2088 1860 925 1948 2076 2270 906 1416 1051 547 1386 26 1870 562 2652
000456.jpg,611 1319 188 556 547 1386 2082 85 943 2270 987 221 1656 2790 1926 817 1934 2044 2817 1102 2528 312 1407 1405 2832 1644 2411 2501 2300 1624 635 1584 2045 2397 2544 463 659 2023 2200 1092 259 4 2755 2419 1146 2344 2358 978 2574 2076 1208 2307 1796 712 1422 2724 977 2606 283 1307 2670 1486 2652 1339 1437 1369 2800 904 1650 1428 220 606 970 1617 2610 2191 1262 1552 433 478 26 1715 1564 1200 1468 1048 1313 1813 1240 2142 1356 2144 1011 2632 68 559 495 1003 911 260
000457.jpg,2063 2844 264 2455 837 1009 1814 2484 1159 1815 2797 2139 2833 2092 403 2576 299 2731 2269 741 352 1589 2371 2776 1982 1122 1925 667 428 1735 1619 2189 1622 879 1539 1549 1373 641 262 2385 2771 888 1863 2215 2431 1629 2633 1480 267 1660 1295 1366 17 2399 1291 1238 2460 2412 991 2607 1338 1807 1816 2175 1520 2486 573 867 557 317 1524 600 1571 2524 2100 234 2226 814 687 2727 385 1242 1 551 891 1509 2403 1025 2363 1349 913 2811 1803 2206 2338 846 842 1572 1824 203
000458.jpg,1970 998 1583 778 382 2711 517 1854 2792 114 118 1791 1657 567 2729 928 2361 930 808 2778 9 919 1354 1579 2018 2065 952 227 1769 1470 1211 2284 1770 2551 1851 719 916 1063 515 2379 2146 764 982 2225 2252 763 2008 639 2682 2723 1289 1651 2491 2793 1179 748 923 1531 841 819 2328 1977 2647 975 1271 2559 153 7 2618 2304 2715 276 871 1920 331 326 2042 418 643 1140 655 580 2550 2212 1327 1275 1273 2822 1568 455 1507 200 1262 1011 2764 887 344 1472 159 162
000459.jpg,12 1473 1721 2809 1876 864 608 994 526 1868 508 274 140 2499 598 1452 28 444 1942 2557 531 788 125 2057 1555 1275 1335 1831 494 271 1708 2435 458 505 1771 1408 671 2062 2683 2228 1026 1777 1472 2625 2322 2440 2580 2479 1655 1899 1956 1439 523 1532 1563 238 2059 501 711 927 705 503 1955 657 331 464 999 696 329 2250 1706 1912 1475 2687 2191 146 574 655 2552 2698 633 430 1680 2051 1281 2028 2291 1677 1923 2669 152 2681 2119 1998 2589 2598 1789 324 726 2689
000460.jpg,2821 346 478 2467 753 2690 936 2398 402 108 363 471 1918 628 2505 2465 2407 1692 1220 1438 1378 2634 430 1022 840 758 1008 2611 52 467 1662 786 2301 389 1048 2765 344 2244 1465 1026 2687 1481 655 1039 452 89 780 418 561 504 643 2429 2059 138 484 534 806 1730 1568 999 53 1472 331 1612 2285 726 2142 1018 782 2279 2632 241 464 1011 1475 2470 1275 2698 2806 2715 752 326 1097 580 2062 1822 1929 1293 159 2236 1143 412 290 1789 1706 927 1118 1024 1140 225
000461.jpg,67 2583 1810 2509 1001 2121 2350 627 1012 249 1406 202 1075 1944 1055 338 494 730 1466 1110 1243 1869 404 2294 2151 2728 2748 1195 2291 1379 2057 1594 2248 2683 1609 191 2325 1441 2251 2746 1212 2719 937 31 1794 418 1206 686 1573 780 1943 1969 985 112 1325 2598 1787 830 1465 1481 137 811 2003 2207 378 1783 1639 1203 2475 1581 1899 1131 2244 1223 2693 804 2329 691 2382 2680 2518 347 574 2107 384 435 2005 1874 1222 308 409 738 1420 192 2665 1634 677 1410 2639 2788
000462.jpg,12 2809 1473 1876 1721 608 274 523 994 175 864 2552 508 1472 2402 252 526 1972 561 1829 721 1182 1026 444 2716 412 430 2119 1899 1018 788 671 452 504 2435 458 1592 89 1613 682 1039 1647 705 2144 1303 2531 1275 2438 534 2569 2061 494 2557 2051 655 847 505 2689 225 2236 2059 2283 125 2279 482 1475 1780 1918 1024 782 113 1022 1746 1465 1932 2057 140 28 2191 1929 1787 999 858 162 331 2398 1931 753 2370 1027 2181 968 2634 806 2244 2429 1168 52 268 2683
000463.jpg,1361 2054 1451 1798 2000 2644 1559 962 572 2323 2787 1175 1306 727 1951 485 658 589 1230 1334 2540 395 646 529 1394 2277 545 2066 1213 2178 1106 2113 304 1801 1683 1389 1427 1115 2546 251 1353 1300 2072 2784 614 293 1207 483 1883 1558 2040 240 1900 989 436 364 1137 2114 2381 737 101 2759 341 215 803 374 789 714 581 1087 2504 1898 766 1786 407 2579 1093 2022 739 2238 2495 328 39 898 1561 2288 2242 426 1149 754 2281 1197 1257 1597 1091 1971 2533 2756 2249 2409
000464.jpg,1453 2721 305 51 1569 2433 1640 2034 100 48 715 2309 64 1490 1796 2376 562 1901 2545 155 439 2713 1860 201 2650 1316 1496 2272 1636 2815 1965 168 260 2556 1878 563 2826 1051 2628 2088 2352 231 1586 1840 497 784 1948 712 2553 1218 2708 486 1148 1848 2649 659 1658 978 1123 134 1362 1381 2652 194 1897 559 663 2836 2135 1193 2337 2631 2046 1076 1782 992 900 2538 2133 1261 2007 259 1046 2241 965 1464 1212 1777 1369 934 645 2382 1486 2174 1185 1437 1392 1067 2419 185
000465.jpg,540 617 783 1535 1346 291 2542 949 1561 1161 2441 1513 2827 1343 832 1019 1847 310 2737 1856 940 2242 1631 1773 2202 1004 1103 2111 2112 63 1785 407 1093 1693 1914 1795 2129 2745 1999 2785 2639 2190 983 647 2116 766 2238 198 689 95 207 1506 61 462 1228 2690 192 455 1918 418 471 296 2413 1091 1298 849 1176 1780 363 1438 280 786 558 346 408 2260 2669 723 1590 52 1282 2025 2467 2017 1481 132 1760 2821 2422 356 225 49 618 60 2698 75 1434 2683 1787 402
000466.jpg,31 1293 1097 159 1822 1143 580 1118 326 331 1715 1635 390 1967 2053 1011 2715 1124 1037 1140 1050 2783 314 2236 655 455 295 1648 2406 430 1273 2806 2698 1475 1216 1755 2062 653 1568 2407 2687 2693 2301 1262 1275 391 344 1730 1187 799 1612 1008 2765 1662 2611 2232 1692 363 478 1704 2465 2505 936 1929 726 108 2467 1918 1756 2821 999 2634 402 346 1317 805 840 1022 758 1024 1395 2690 753 1378 1647 2402 389 643 721 504 2398 471 89 1274 138 1472 1972 467 2061 561
000467.jpg,1349 234 1520 1572 1618 913 1 352 685 2399 1524 307 961 1291 2727 1540 1242 2226 2635 267 2340 2138 1238 537 2834 203 1101 2372 2175 697 1629 969 1862 1807 1698 2339 2710 1295 2466 2213 2524 2468 2253 1215 741 2215 1615 1373 641 1025 2771 195 1509 1811 2104 1060 2223 991 223 1324 2460 892 1167 2431 511 1539 2338 1803 1409 573 879 1095 273 1994 1355 2801 2158 262 2781 2473 888 891 17 2403 2139 2385 557 46 2189 2529 551 1735 1863 2269 147 127 591 1571 1814 577
000468.jpg,1056 2294 2135 1212 899 137 2741 204 116 1055 2728 1606 1944 97 2842 2207 2511 1134 1547 2558 246 725 1463 1935 2041 1067 165 1076 1464 2736 2813 2068 2382 2248 722 2286 2665 1825 2825 1126 1937 686 692 2393 2435 948 1639 146 79 1874 494 2057 1899 2292 647 1223 1185 1777 2639 804 2291 682 2569 491 2766 1592 329 442 2580 2683 2708 677 2319 2305 574 2438 1130 1452 447 140 657 1940 2506 274 2598 540 2436 2719 1771 974 1986 608 2625 1942 864 1892 271 766 1918 790
000469.jpg,1113 1371 396 327 482 1874 1144 2569 1592 682 1223 491 2571 275 647 1661 2438 2025 1987 1787 92 192 61 225 2396 207 594 580 2152 574 2053 2291 2639 2690 2057 2393 654 2683 455 2467 2058 941 2494 326 1282 1641 2669 346 2814 677 1011 31 356 2687 2194 84 504 418 331 49 261 2572 350 402 1277 1741 2806 1336 1137 1423 1438 443 1182 1293 408 471 1140 1781 1275 1124 2261 383 1262 2436 655 1216 2197 1037 2794 329 1568 245 653 1441 2678 159 1099 1010 2017 968
000470.jpg,757 1728 1231 1533 754 2021 2320 2756 2533 1149 29 286 2172 2673 293 558 213 218 135 2413 2295 1312 1296 2024 2472 1719 2430 24 80 1383 184 2143 119 967 1804 1984 426 2408 2638 634 1689 1478 1597 739 2787 853 91 1898 2366 252 2277 1945 752 2235 2169 1182 520 1265 1852 1829 1924 2279 1274 412 1299 498 1168 1839 1448 2014 2508 858 375 1248 608 529 561 239 1273 316 1435 2091 383 274 113 430 2799 1506 1780 499 162 2054 391 2378 995 545 1475 525 1505 2311
000471.jpg,1579 1179 2491 2328 2682 1063 1651 1977 841 639 2252 1770 945 9 1578 2647 748 887 515 227 916 114 952 1583 1531 1354 919 1769 1791 1920 819 998 930 2778 2792 1470 118 1851 928 2379 2065 2729 2042 567 517 2723 1657 982 2225 1585 763 1667 778 1970 382 923 2310 2711 2575 1854 1211 2097 2793 1367 311 2304 2559 2618 2459 1154 808 7 98 875 975 2488 31 492 2349 1643 326 1210 2081 2715 580 2474 196 353 2017 455 1239 159 512 331 528 653 2416 1262 1755 200
000472.jpg,2648 226 127 147 577 2595 2372 969 2094 160 1530 2738 1167 1078 1421 2820 2223 195 961 2466 1803 1698 1355 1069 2758 166 2253 537 2266 1607 1341 1409 273 1095 2175 1811 551 2834 2013 2104 1324 1994 342 1615 1270 2513 2158 223 2226 2709 1509 1572 1939 2835 913 1059 2215 1060 511 1 1349 352 2444 1009 892 1862 472 1815 2635 1618 1520 1540 2619 879 2338 600 1101 2399 1291 234 405 2710 2340 837 1366 307 2138 2460 267 2363 1816 46 1242 2481 573 1159 2063 1480 1629 1258
000473.jpg,2049 530 1017 1518 631 446 2282 1604 607 1301 1290 1237 2796 2596 2093 1981 1567 2140 1058 451 1909 1879 1613 921 2064 984 662 2392 1396 1105 355 813 243 1906 1554 1742 394 1002 1370 2357 1331 908 966 1119 2257 1673 1978 1384 2458 1614 2696 942 337 2085 2543 487 2660 1705 1676 1621 1681 2600 235 561 840 710 89 2782 1275 54 52 660 542 175 1438 1787 471 1495 2017 478 1039 643 1274 220 786 2698 2715 1481 2716 402 2244 504 523 389 1273 2611 1240 655 200 430
000474.jpg,780 1481 2429 806 534 418 2244 1465 52 786 2059 484 999 726 1438 1662 53 452 471 363 346 2821 467 1475 478 936 1918 402 2470 2690 344 1730 2236 2301 2467 2687 314 2407 1378 758 655 389 1929 2765 753 2398 2634 1008 2465 2505 840 1477 464 1692 430 1568 2698 108 561 1039 290 225 1220 628 1022 1275 504 1706 89 1789 2285 927 1831 2806 1655 295 331 2715 2611 1024 1048 1026 1941 2531 2279 1124 1503 1037 2142 1140 1273 2053 131 268 1875 1612 1932 455 643 1011
000475.jpg,1656 1102 2817 1644 2528 1934 2411 2790 85 2044 1624 943 2501 2832 312 817 221 1926 987 188 1407 2300 1405 611 635 556 1319 1386 547 2082 2270 1146 2397 2574 2670 1092 977 2344 2724 2307 283 1437 970 1208 463 259 925 1752 2826 1369 2800 4 2200 659 524 1313 2358 712 606 197 2544 2649 2419 1486 1414 1428 1627 1983 2652 489 1202 2676 1710 2606 224 2480 550 2367 978 1501 1468 911 1737 1307 1484 74 1151 26 409 413 904 2133 559 2214 1835 266 2035 2762 322 2626
000476.jpg,1482 2080 441 2383 2695 1523 845 373 2395 1016 584 1691 575 2754 462 1517 2733 2019 55 2176 728 397 1194 2641 1669 1120 1177 1104 2684 2414 107 2604 1147 2780 2550 1507 818 1678 2106 2518 1169 1382 187 357 279 1626 2525 2368 2651 2254 2447 2605 457 693 2239 1244 1450 2247 2033 1410 917 2136 1259 902 32 2073 393 2020 1919 590 2166 2630 2637 2752 83 87 603 2804 2058 2805 2345 863 1467 1036 321 1856 1192 830 379 2192 88 1620 2563 1013 371 2275 920 2586 86 541
000477.jpg,2545 2034 1796 439 715 64 51 100 1569 2044 562 1640 305 2721 48 155 188 611 1860 1934 2501 85 2411 2650 2433 987 2713 2832 1656 312 1102 1319 2631 2528 712 1624 201 1381 943 2241 1658 547 2790 2817 1644 992 2439 1782 1897 2309 556 1362 259 2376 1878 2836 1993 497 1386 1617 550 1096 260 635 2088 2046 221 1840 1316 1544 1586 563 1901 1490 1948 2826 1926 1636 2628 1045 2352 1416 168 1496 1261 1218 1407 817 1051 1552 1123 900 1453 559 2082 978 947 1848 1046 1422
000478.jpg,2468 2807 2476 1318 620 1797 181 2168 2740 2278 732 1880 1059 38 2749 636 448 2643 42 342 1536 2442 154 2425 2444 2498 468 387 759 1702 971 2188 1524 2720 644 1596 1802 551 1260 2688 2448 1108 1199 1858 807 2562 43 285 1083 1768 546 669 411 2313 661 6 1227 1188 582 1697 115 281 795 829 1221 2141 2823 476 5 2725 957 2197 956 1995 1570 1187 744 298 1629 1124 1726 1025 1140 138 1153 1008 753 2053 252 372 1780 1037 2457 1662 1127 1612 822 1216 2806 2236
000479.jpg,331 2053 1124 1715 1140 1967 1037 1635 390 31 430 655 2236 1011 1097 1293 580 326 314 159 1822 344 2698 1143 1568 455 2407 1118 2687 1475 2715 1050 295 2806 363 2301 2765 478 936 2505 2465 1008 1730 1662 1273 758 1692 1918 504 1216 753 2821 346 1275 402 726 2634 840 108 391 2467 2398 471 999 1648 1378 2406 2690 467 1262 1022 52 2611 786 484 628 389 452 2059 1929 1220 2062 1438 1612 1039 561 89 2429 2693 1465 806 2244 464 1755 1048 534 653 418 2279 1026
000480.jpg,239 2091 2794 1781 2164 2669 2070 61 654 49 383 245 449 192 525 2025 139 838 1127 2173 2280 207 1356 1780 209 1787 2396 2311 408 1274 1141 1282 1505 1248 1924 1435 216 653 225 625 679 296 356 1299 1168 252 27 1598 2693 2137 113 2470 1506 858 2531 1240 2565 1477 752 822 1245 268 1503 2279 1200 2232 2142 495 131 241 1037 455 1843 1317 1140 33 1187 1216 2406 1500 1648 391 1472 1875 1829 1124 1262 1813 1789 799 2407 1008 331 1018 1568 721 290 1011 1024 1715
000481.jpg,522 931 1114 702 2667 1830 848 903 768 1767 2388 1310 65 1107 2624 126 1845 1254 1608 1908 835 688 578 2276 1720 1235 1512 1323 103 2601 297 1186 2471 284 2314 1340 990 502 1391 684 250 1975 1413 1821 2161 191 315 1759 225 1557 2323 1390 654 2622 31 2757 418 331 968 2302 2315 192 786 1165 721 1787 1011 1406 363 726 780 2062 61 2759 830 525 455 1465 1827 730 758 534 973 2402 426 1620 338 936 1780 999 806 2236 478 2693 49 633 1706 1356 2669 354
000482.jpg,6 546 582 1221 1891 1702 759 1083 285 2643 620 732 1260 181 807 2816 1797 1723 468 2171 2043 1570 2666 650 2346 475 1916 1697 2810 1858 1188 1139 298 922 372 411 2313 2841 2476 1603 2807 1153 1865 1318 973 2194 2261 1456 1284 1763 1227 1285 661 820 37 2167 1761 122 1882 636 1541 829 669 476 2706 2268 2425 2278 281 334 750 1018 782 448 138 1082 2611 758 2118 2677 1048 980 956 1953 1692 1472 643 1536 1568 2632 721 353 936 2634 443 1395 653 2152 1090 1605
000483.jpg,1475 2236 726 999 2053 1730 2698 1037 484 2059 1929 2301 295 2687 331 1662 1275 2806 344 452 2429 806 314 534 1124 52 467 561 1918 1011 2244 1465 655 786 53 780 418 1140 346 1481 363 2821 1438 2061 290 1647 721 2402 936 1972 471 1273 478 430 1921 455 1568 1378 2279 464 504 2407 927 389 1831 1024 1008 2765 2470 1655 1395 758 1967 1216 1303 1829 2505 2465 1789 1635 391 402 2531 390 1039 2634 840 225 2715 1706 2690 1022 753 108 2398 1612 1240 268 131 1692
000484.jpg,484 2059 999 2429 726 52 534 1465 2244 780 806 1481 786 418 1475 452 53 2236 1662 467 1730 1438 1929 363 2301 344 2470 2687 471 314 2821 346 478 936 1918 655 1275 295 2806 402 2698 1378 389 758 2407 2690 1568 2634 2765 464 290 840 430 1008 1039 331 2465 2505 2467 2398 1124 1037 2053 1022 2285 225 108 753 1706 1477 504 1692 1789 1024 1831 927 1140 561 1220 1655 628 2531 89 1941 1503 1011 455 2715 268 131 1216 1875 391 2611 1273 2279 1026 1240 2142 1048
000485.jpg,1710 1489 1701 860 1417 1788 2482 2289 433 1895 2650 161 769 173 197 2375 231 463 1369 1870 2649 26 319 2287 2840 348 925 1029 178 2626 2769 2480 2454 712 2714 622 1627 606 1437 2553 259 1313 489 1253 675 645 1782 674 1617 2397 2646 2538 2836 1552 2076 911 1428 2424 965 906 445 715 2544 1486 2358 2035 1569 900 2800 2307 1564 611 2721 1307 2084 1328 1388 219 480 100 1860 2670 2652 978 1319 1208 550 970 237 305 947 1381 1663 2606 2082 1092 1993 2011 1151 2753
000486.jpg,216 1248 1435 2311 1505 113 625 679 1356 2137 525 1598 1141 252 1780 654 858 2070 383 27 49 1127 1506 245 2091 1299 1168 239 2164 1781 2794 822 1924 2669 449 1274 2232 2470 2565 61 838 139 209 2280 192 2025 2173 653 2396 2531 1262 1568 356 455 408 296 1282 1200 207 1612 1787 225 1018 782 1140 2693 495 138 268 391 1843 1875 131 1961 2632 33 2017 1472 290 655 2062 1941 331 1500 2279 1037 1275 1503 1187 1662 2053 1647 1297 1124 999 643 1021 1026 1813 788
000487.jpg,1137 614 2066 1213 304 2113 2178 1087 2022 1394 545 1175 485 1389 727 1951 1207 2072 589 658 1334 898 1306 2546 1115 1558 714 93 1590 1166 2323 962 895 2409 2277 1798 1801 1928 529 1631 572 1197 1230 2000 395 803 1361 2787 1559 1561 2644 1257 1971 1019 1106 1683 1451 2759 63 2054 1593 2242 374 2114 2260 2542 1785 1786 1300 1353 737 2784 215 291 1333 2540 1883 1228 634 251 407 341 1093 581 853 2040 2324 436 1597 364 2656 426 1898 101 1693 192 1141 1435 2238 290
000488.jpg,1545 59 547 2270 987 1386 2082 626 1146 2367 2389 1407 635 556 4 188 2300 1737 1319 312 611 1799 1405 2832 950 1202 1926 85 2501 221 1102 1624 817 2790 2817 1752 1656 943 826 1934 2411 2840 2477 433 550 134 2105 1029 1262 1092 2375 2044 2574 2681 1220 455 2528 1912 2343 670 2515 439 283 1003 1644 1961 1813 1956 1472 2527 822 2191 1190 1923 2742 1692 1026 1417 1942 1441 1021 628 769 2632 1780 1715 2148 31 1356 2289 788 1568 2762 2137 1704 1873 1307 2424 278 2690
000489.jpg,472 1803 1509 1060 1167 127 1811 147 1355 1278 2595 1862 1807 1059 551 537 1242 991 2385 2094 2431 577 262 1530 2771 1295 641 1607 888 1069 1373 2138 1341 2710 342 160 2738 226 2758 2444 1078 1863 273 2266 1619 385 2104 2740 741 1421 154 166 1524 667 1025 1925 267 1215 814 879 2468 867 1238 2781 1291 1982 961 2175 1101 2524 685 2460 2835 2749 2399 2513 2820 1735 1660 38 2403 2189 557 428 2607 2371 1988 2633 1638 2213 687 2139 405 1324 2340 2776 2648 716 2063 2692
000490.jpg,133 2327 976 2418 280 2174 2672 2374 493 1580 1234 1034 57 1861 210 1575 1392 1358 1792 2461 1196 793 1947 366 570 1375 1930 1724 1276 548 746 1859 2330 2456 2125 1664 2004 689 2229 2186 2694 1765 1758 797 294 756 1665 421 2039 583 1292 704 1551 2662 263 857 2581 801 228 2659 1887 2206 1457 1193 2590 2356 656 1072 1350 1877 158 1043 1279 170 2739 1776 438 77 2703 1086 2184 885 880 2332 798 242 588 1191 1377 1229 884 706 82 470 1542 287 2541 2321 1432 2127
000491.jpg,2049 530 1017 631 2282 607 1518 446 1290 1301 1604 1396 813 1237 1105 2596 355 2796 2064 243 1554 921 1567 2140 1058 1909 984 1613 1370 1981 2093 451 662 1742 1879 2257 1331 2696 2392 1673 908 966 1614 1384 1002 2458 1906 394 660 1119 2660 2357 1978 337 1495 2782 942 1676 710 542 2085 54 1621 487 1681 360 2259 2543 1705 1739 2600 175 1273 1275 2698 1000 1466 1808 1339 2191 840 1787 1929 1893 580 1274 220 2794 61 523 2396 89 159 313 2715 2597 207 120 2664 1781
000492.jpg,1416 1096 1948 1362 1897 497 1586 992 2046 2272 2815 1316 1636 1496 1860 1965 1218 1051 2352 2556 2628 1261 1658 2721 712 1381 2713 194 2241 305 715 201 51 64 1782 1569 1796 439 155 562 1617 2836 100 1993 260 2439 1640 1552 48 1544 2767 1840 319 1422 259 2034 1369 978 1878 2433 663 659 188 2419 1148 1045 1584 1319 2650 2545 900 556 2826 611 550 2088 559 1486 547 1029 2076 947 2840 1437 2837 563 1356 1435 2652 1054 1248 2708 654 1663 1777 1307 2735 987 1899 2544
000493.jpg,196 2474 353 98 776 1643 585 2081 1625 1864 1819 910 1042 2067 2334 701 2353 869 2462 2103 1402 809 1963 69 2101 1344 2027 781 276 381 2264 2256 233 2361 1528 159 580 1118 1143 1822 871 31 2687 1293 1275 326 1755 481 923 2698 150 515 2053 1097 390 1273 2017 1579 1635 2062 2186 9 653 331 455 1216 1124 1140 872 1568 2465 2505 2806 2236 1831 2715 2611 1967 1692 551 2109 1272 643 1262 261 1274 295 2693 244 607 2232 655 2304 1600 941 1078 2141 61 1475 1472
000494.jpg,257 2843 1871 1731 2613 2516 1138 1800 1526 1645 2145 1707 406 2609 288 1779 519 1385 1007 811 937 742 410 1527 2377 535 1992 1325 1455 1516 1068 2763 1079 709 1894 434 1442 1511 773 749 392 544 2219 112 2549 2290 2788 336 2102 2730 365 1005 2364 2746 186 1131 2341 1969 673 1110 821 2331 253 1040 593 2299 730 1379 605 1966 435 1419 301 678 2196 1311 2417 2830 1498 1794 855 1783 1670 648 1133 338 1142 1913 2006 2005 2492 774 1466 2560 1174 94 1968 1020 1424 1309
000495.jpg,1274 1127 239 2091 2794 1781 2164 653 216 1356 1780 1435 1248 449 525 27 2311 625 1505 679 654 2137 2070 1141 1598 1299 1168 113 252 245 2280 2669 383 139 2693 838 822 61 209 49 2173 192 858 2025 408 1924 2232 1282 225 1262 2396 207 356 296 1787 1568 1506 1961 455 1612 2017 2531 268 618 1140 2053 2470 331 1018 782 1187 2236 138 1875 200 33 1240 655 1124 2316 1472 1011 2406 1829 1021 31 2279 131 1275 1037 495 580 1843 752 1648 2191 2142 1635 721 1475
000496.jpg,2320 754 1728 2756 1231 2021 2533 1149 293 757 29 1533 2673 286 2172 218 2787 739 646 2054 2540 426 1804 2430 1719 658 2224 727 1451 213 1951 1175 1306 1361 2024 589 395 572 2323 1798 2472 1558 24 1427 545 251 2644 853 558 1900 2277 2381 1394 1230 1597 304 967 529 1213 2178 2066 374 2113 2040 485 2072 364 1334 714 962 240 634 1312 1559 2143 436 1898 1182 162 1683 1689 2296 27 898 858 1274 1505 1598 1106 101 341 1207 803 2000 2546 1852 1115 699 2280 1829
000497.jpg,1993 1422 1617 712 1045 1663 2837 463 1782 2631 169 947 2130 2836 440 134 735 2767 1649 2050 1444 197 1029 1328 550 1381 155 2241 1544 179 1658 2840 1054 1840 2439 1552 1623 518 1679 2628 1261 445 2735 1218 2707 645 1051 1369 51 2649 305 260 663 1640 2352 2454 194 900 1486 2011 1948 480 563 2826 559 1777 26 659 925 2088 1437 562 1860 1307 1416 1796 2419 1897 2580 1185 1870 1096 1253 2538 439 319 1362 1489 2652 2133 348 2708 259 1316 1148 1452 1076 657 1636 2272
000498.jpg,2502 2152 214 2751 785 1371 1365 1171 1866 2567 22 1214 2141 2263 1605 941 2109 621 84 2841 1661 1139 1987 183 2348 2726 2623 909 744 1280 1953 1525 2162 815 959 481 454 171 150 2503 1744 2060 2678 506 106 1032 2401 2030 189 1632 244 1458 1927 2705 43 2554 957 2160 894 96 2612 1283 270 2831 1251 2182 1144 2188 1364 2386 1217 2079 167 2608 1064 419 609 1802 1198 2197 1118 2562 1750 1084 2522 592 20 1143 2760 971 300 398 1596 2404 236 2720 2498 1822 1315 2572
000499.jpg,2394 1778 105 1946 11 416 2110 664 7 2793 883 975 1472 252 1612 1692 113 268 138 1506 1875 858 1598 1220 2232 131 412 822 383 2311 1018 1956 1568 2611 216 290 782 753 1780 643 2137 1941 495 2398 561 2164 1873 455 1262 1275 525 33 625 1356 721 1647 1048 2091 2191 1662 2632 2681 1127 1273 2634 532 840 1026 2407 331 655 654 1124 908 1274 1813 1435 2236 2028 245 1843 241 1972 1024 28 1141 2144 2053 1140 337 1923 1216 1924 2142 243 788 838 671 2017 2061
000500.jpg,1366 1480 1816 2607 1660 557 2633 879 2363 1735 2460 1925 1619 867 1982 2431 667 2833 2139 2371 2269 2092 1863 814 385 428 299 1549 2576 641 2776 1373 2771 2385 888 262 741 2797 1814 2844 1295 991 2524 1807 1025 1539 687 143 2298 1440 2517 1524 352 2175 2529 2185 1242 2403 551 1629 273 2468 267 147 577 1122 1129 795 1509 1291 1238 2104 2226 685 697 2399 160 718 1803 2206 1086 1589 2094 342 1078 2727 1862 2189 2619 1684 1530 2801 1193 166 842 880 307 2694 386 170
000501.jpg,2022 1019 1113 1298 182 63 614 1693 1161 1785 1712 1434 1661 940 1333 1535 1137 310 1343 1631 1004 1371 1847 1513 2571 1773 2152 291 1795 2737 396 949 941 1760 1987 244 1087 2115 149 1687 1346 2112 1228 1283 443 1733 1483 1874 1749 75 1277 1590 2149 762 2502 40 1223 1144 815 2656 580 783 376 2522 491 2715 16 895 2017 1632 2197 2062 2744 682 1143 455 270 31 331 1568 326 2406 327 2438 2569 2573 106 430 594 45 481 198 655 159 2109 2016 1262 1207 2441 647
000502.jpg,12 1473 2809 1721 1876 608 864 274 994 526 508 444 2499 1555 598 140 1868 458 523 1942 2552 705 28 655 657 671 1275 1472 1439 331 2557 505 1956 2402 1475 430 2191 494 2716 1026 788 252 271 1037 1647 2698 173 2683 2059 2236 1972 721 175 2715 1708 2440 999 2435 1613 1955 1124 858 1918 225 455 726 501 295 1677 532 2057 2144 1024 1892 2051 1273 561 412 1262 452 1899 1182 1787 1874 1771 534 1274 2028 1506 2611 2061 125 1465 1568 769 1932 1612 68 780 2062
000503.jpg,2769 2454 348 26 2649 1369 1870 480 925 2714 2538 550 663 179 518 1453 689 1901 1417 280 1788 1758 1701 2840 1710 1490 2125 1489 2309 1633 1392 404 1247 463 58 57 978 540 2004 2487 2376 197 2358 1861 2433 2174 860 100 201 1609 212 1915 1496 1594 1441 259 756 1580 524 2650 168 260 1092 1172 2374 433 421 2826 570 1665 2155 415 1422 1535 1347 874 1859 1792 291 1590 303 1195 712 1148 2330 2456 1234 1169 93 2200 1838 2544 422 914 366 2418 793 1034 1543 895
000504.jpg,44 1447 1483 16 376 1469 1672 2317 1836 2437 1749 1057 2785 761 1914 2249 1631 1449 1990 2700 1178 1224 95 2202 1476 2745 88 596 1593 576 834 1856 1277 824 2180 291 2058 2190 832 2441 2523 2547 47 34 1116 2111 1425 132 1743 2555 1727 1714 894 2422 1176 683 2153 419 1713 2554 1632 1304 1535 1103 1838 1927 96 983 60 2827 1999 1286 1032 465 1346 845 1450 1363 1147 1073 83 2129 106 695 1732 1052 1790 2518 2096 603 2275 762 189 2091 1620 350 1523 2695 1662 1678
000505.jpg,2437 1836 2700 1990 1224 1672 1178 1116 1714 2180 2785 1713 2523 683 34 47 1838 2422 1914 2129 465 44 2745 88 2202 1476 1483 832 2190 376 676 16 2317 1856 1749 1447 95 596 132 824 2441 1593 1176 576 1469 1057 2547 1631 2111 2827 983 2016 695 1743 1449 1535 291 2249 761 1346 2149 1693 310 1773 1073 1561 1103 751 2656 2542 1513 1228 2653 617 2518 1161 1785 2275 1847 1732 404 603 1795 1195 269 1620 1594 83 1601 1678 182 2000 499 1120 2483 60 1609 2235 1499 1147
000506.jpg,569 2090 193 988 121 332 1793 2415 2568 427 2217 901 571 340 370 680 1065 536 56 1189 2047 323 2032 1272 2421 2380 743 2423 1268 13 2210 1038 1041 640 1553 1256 1236 1430 2520 1754 2267 2671 1949 580 1337 1886 159 1699 1275 2578 2687 1293 955 2053 31 1240 1929 326 2806 653 758 1097 2634 1037 2505 2465 1787 1335 125 1475 2236 2735 840 933 1831 1568 2025 1730 389 1124 1039 1143 1117 1789 2611 2398 2557 1741 28 1118 788 2228 295 999 89 2108 1912 2301 192 430
000507.jpg,239 2794 2091 1781 2164 449 2669 1274 654 61 1127 49 2070 192 383 245 525 2025 139 838 2280 2173 1356 653 207 209 2311 408 1787 2396 1435 1248 1282 1780 1299 1168 216 1505 225 625 27 1141 1924 679 296 356 2693 2137 252 1598 113 2531 2470 1506 1240 858 1245 822 2001 752 2232 268 495 1503 2142 1635 33 2053 1037 2406 1262 1843 1143 1875 1967 331 1715 241 2565 1317 1187 1648 1124 2279 455 1822 131 580 1118 1140 1472 1011 1568 1500 390 1789 1961 1216 799 2236
000508.jpg,1810 1001 2583 67 2509 2350 2121 1012 1075 202 249 627 1406 1944 1055 2728 899 725 1195 2291 494 2057 1594 2294 404 1212 137 2207 1609 1590 1869 165 378 2329 2825 895 93 2435 574 1805 1606 338 2736 1441 2719 730 2248 2741 2135 1874 1825 2748 2558 677 1943 2020 830 1899 2766 775 2701 1611 24 321 937 359 1466 686 634 204 371 2813 1787 192 145 1110 2325 191 2746 2780 2240 347 418 902 61 2033 2665 1557 780 1689 1223 207 2368 1243 876 2003 1794 2143 2683 2651
000509.jpg,280 2418 1580 1234 2174 1861 57 1034 1792 1392 210 2461 793 570 1276 1859 1930 2374 1358 2327 2330 2004 2456 2125 689 1665 1375 1758 1575 294 2186 976 1072 133 746 1724 1292 493 2229 2672 2838 421 1947 1664 366 704 349 548 756 2694 2155 1196 2662 1348 1576 884 422 934 797 2541 1377 1030 77 1279 185 2703 2206 470 170 857 130 1776 438 1522 1716 880 82 1193 158 242 2581 2198 1857 798 1086 801 2590 287 2039 2127 228 1551 2513 1432 1457 514 1765 263 1350 1043
000510.jpg,2065 982 1791 118 1063 2682 2252 919 1651 1579 1470 1583 567 916 2792 1769 998 1354 952 930 1977 1211 227 2491 1179 1851 2328 2778 2225 841 763 808 9 2042 517 2379 928 114 887 748 2310 1770 639 1657 2729 1531 382 1854 515 1578 2711 778 1970 945 2723 1271 2559 819 2097 2618 2793 528 151 7 975 2647 923 579 1667 311 2575 25 2304 1210 1585 1154 875 2349 512 1920 2026 2416 1209 513 492 2488 566 2459 2140 1879 1262 344 1314 1274 455 31 314 1058 1568 1955
000511.jpg,1141 1356 2070 383 525 1505 2311 216 654 1248 1435 252 625 679 1506 1780 858 1598 113 49 1924 2669 245 2137 1299 1168 61 27 192 2164 1781 838 2025 139 2173 2091 239 2794 2280 2470 207 209 1127 2396 1787 408 1282 1200 225 356 296 449 2565 2531 455 391 2693 2232 1262 1274 1612 2279 1140 822 1216 1568 653 1918 1829 1124 138 1273 1024 412 1037 1843 1303 331 752 495 268 1875 344 2698 2053 131 1503 2142 1018 1477 33 782 1500 53 1941 471 2285 1647 1472 786
000512.jpg,2545 2034 1796 715 100 48 1569 64 2433 2721 305 439 51 1640 562 2713 155 2309 1490 2376 1860 1453 201 1901 712 1422 1617 1993 2650 1782 1316 260 2631 1369 2767 134 1045 2826 1584 2836 2088 2649 1636 1051 1658 1496 1029 925 1840 2815 550 2419 1381 1663 1218 168 2628 659 1437 1416 1096 1185 1948 1897 947 2652 1486 1261 26 1777 2837 1362 559 563 2708 900 2439 1965 1899 503 259 1532 1878 674 711 494 2241 518 978 2639 1076 1484 2050 2272 647 2248 1544 2556 2017 580
000513.jpg,2277 1801 529 2759 2579 1683 789 374 581 1230 803 2644 395 2114 572 1300 2504 1798 2323 545 1427 1394 240 483 2054 251 962 1115 1389 2546 1334 1883 2540 2784 2000 1898 407 646 1559 328 341 1353 2066 1093 2040 2242 2238 766 2381 101 1175 215 485 1106 1951 1451 737 1213 436 1900 1561 989 1361 1306 304 2787 2113 364 2178 589 658 727 1137 1593 1087 614 1971 1257 898 1207 1197 1558 1786 2072 2409 2542 714 93 895 426 39 2430 1166 293 1590 2260 739 2288 2024 1091
000514.jpg,2018 2284 2146 2551 764 2008 719 1289 2487 1204 247 153 1493 914 190 2582 1534 1351 2209 1577 2361 206 812 35 1128 1997 343 1157 723 1403 2824 1359 615 2585 1772 539 1121 2603 862 2485 303 1915 450 1751 212 2453 2110 2353 1970 874 604 2165 1595 516 2718 871 1347 998 2729 701 585 2734 1583 1247 276 549 630 58 1762 1633 2067 825 778 196 1924 872 1077 1099 1657 1140 1273 869 2764 331 2698 1135 517 1282 2742 408 1963 1543 2316 1332 2193 207 1021 192 1011 1156
000515.jpg,536 1268 1132 1588 1431 36 121 2117 500 680 733 2090 866 988 193 569 332 1499 979 2795 2743 878 1065 571 432 2384 1764 1329 2570 2808 2839 1952 1910 412 2451 1793 2335 2668 1033 561 2029 1275 2406 1240 2108 1145 1562 340 159 2822 580 289 802 1118 1303 113 822 2078 2212 1327 326 1182 2137 2333 1886 162 1648 1293 1048 1187 1955 235 2764 1393 840 1266 643 417 2632 2770 1568 216 138 1441 699 2611 2279 655 1164 1852 553 142 705 1249 2061 753 21 2343 252 1220
000516.jpg,807 372 2171 2043 1260 759 2816 650 2666 468 1697 2810 1188 2643 285 1702 411 475 1858 1916 1891 2346 6 1723 620 181 732 546 922 1221 1603 1153 829 1797 2313 582 1865 1761 229 1227 669 1791 2682 122 1083 1456 1583 1284 820 1579 1541 2476 334 448 118 998 750 1570 661 1179 1651 2792 2328 639 916 2491 1977 2261 227 2167 9 2252 298 1763 2194 517 476 1063 567 2065 1970 1387 2841 841 1354 1211 919 819 982 2807 2268 1470 2611 1048 2278 114 758 643 138 2168
000517.jpg,2433 2545 2034 2309 2376 1453 1490 1796 100 715 48 1569 1901 2721 64 2713 305 562 201 1640 51 439 1860 155 2650 1496 1316 168 260 1096 2088 2556 563 2553 2826 486 1369 659 231 2840 2649 1392 559 1878 1948 1273 784 2322 1275 1441 2511 1680 1584 712 1506 26 2698 2769 1636 412 2632 2714 2007 1983 2068 1956 1293 580 113 2135 1435 188 2419 1965 927 643 1034 216 2665 57 2311 1076 1216 1140 2070 2764 1262 1416 2017 2815 649 1472 1148 1048 2842 1543 2286 655 1021 159
000518.jpg,472 1803 1509 1060 1167 1811 147 1355 127 1278 2595 1862 1242 1059 551 2444 537 577 1807 2138 342 1295 2094 2710 1530 1069 160 1607 2771 154 262 2738 1341 2758 2385 641 2740 1373 2431 991 1078 273 888 1524 741 226 1421 166 2104 1863 2266 2175 2468 2781 385 267 685 1101 1619 2749 1025 2460 1291 961 1238 1215 2013 2403 1925 879 203 1982 667 2399 2801 2213 2820 2776 2340 867 557 2524 2189 428 1 1988 2371 1324 2835 2139 1520 352 1540 2675 2576 814 2513 2363 1618 1549
000519.jpg,2071 1052 1933 1305 1790 2512 222 2218 1436 1504 2096 1638 836 935 2156 2750 1098 850 2645 1321 2201 1709 2362 897 2432 2450 2342 1736 2355 1806 755 1911 2691 144 2420 320 2446 599 2318 2642 2537 2452 666 1621 459 1006 1308 1273 1090 586 580 1216 1275 840 1924 443 2698 383 761 159 796 653 1692 295 412 1082 1145 2167 2091 207 1425 61 2070 629 643 344 205 2611 1568 1662 2396 1262 1293 346 326 2317 2137 1387 2634 2232 2053 1598 2565 2687 455 561 216 2311 192 2212
000520.jpg,1447 44 1469 1483 16 376 2317 1672 761 1057 1749 1836 2249 2785 1914 2437 1631 1449 1277 1727 2058 2555 1990 834 2700 1178 2202 1103 291 2441 1856 1476 1425 95 2745 88 2111 894 1224 576 1999 60 1346 1927 783 1004 832 596 949 1632 2190 2737 2695 350 603 824 1183 2275 1535 132 1620 940 2383 1523 2153 1013 96 441 1760 1336 1678 2180 1482 419 1073 845 1147 2422 1194 34 1732 1304 2305 198 974 106 2523 2554 1019 1176 2080 1712 1662 1790 516 1867 2582 205 55 905
000521.jpg,2252 1651 2682 916 1179 2491 2328 227 1977 2042 1063 1579 2310 1583 639 841 1578 517 998 1770 9 1920 2647 887 1211 114 2097 945 819 748 118 1970 2792 2723 1791 982 2065 515 1470 2711 1531 952 778 919 382 2379 1769 1367 1368 2729 1854 1354 567 1566 7 875 1667 928 1657 311 2225 2349 2793 1210 1851 1585 512 671 1239 105 2257 2660 1655 975 2696 2488 1271 1673 1831 314 579 1154 930 763 1708 501 813 2416 2459 129 2026 2575 908 1568 1331 1062 1879 1565 1778 1614
000522.jpg,795 2185 1129 143 1694 1440 1411 2584 2298 2517 1684 2529 386 2363 718 2619 2271 1445 2616 557 810 2460 787 1366 1480 697 30 1939 71 958 1816 2801 2771 879 2468 1373 1863 2607 1660 641 1735 2833 1925 1295 2139 888 2633 2385 262 1982 638 1807 2092 299 991 1514 2269 1549 1215 1267 267 1294 741 2576 1524 551 1619 273 1291 342 1238 1814 1335 2371 867 685 1680 2431 1730 1275 428 307 2687 1831 1744 2844 2524 1629 1655 147 2806 667 669 295 814 28 2062 2726 1929 687
000523.jpg,2051 482 1439 2183 1931 2526 2220 2089 939 1433 2704 2445 255 2427 217 1330 2291 574 494 2057 2435 1874 2683 1899 1223 647 2639 146 677 657 682 2438 686 1185 2708 2248 531 2813 1944 1777 1555 1937 1639 1592 491 2569 329 2382 2499 368 444 2719 598 948 637 2393 974 274 1892 1942 2286 1408 526 2440 1725 2436 2037 2625 1771 271 608 1076 1677 2580 2308 864 804 1055 790 447 2657 1473 692 994 2598 1998 1721 1464 2766 140 2728 12 1452 2809 1868 2319 2207 2712 2294 1088
000524.jpg,1295 1807 991 2771 1373 641 262 888 2385 1863 1619 667 1509 1925 1735 741 1982 879 428 1242 2460 1549 687 2371 2710 2776 2139 2363 2833 557 299 267 2269 1238 1291 2576 2175 1814 1803 2092 147 2431 1811 1524 2524 2468 273 1167 2595 685 2104 2797 2403 1355 127 577 1530 2094 160 1480 472 1660 891 1366 1324 2844 1816 1078 2607 867 385 2189 1862 1059 2138 2633 1607 1341 1060 551 1069 2801 2738 1215 1539 2758 342 2444 226 352 814 2399 1629 2740 537 1025 166 1520 2266 2013
000525.jpg,537 1060 961 1862 2138 1803 1101 2213 2781 2738 166 472 2835 1421 1341 2758 2266 1069 1607 147 1530 160 1078 577 405 2648 2614 2094 1618 1828 226 2595 2340 2811 1167 2412 127 1540 1349 1964 2820 1509 2473 1811 867 2403 2255 2431 352 1291 1660 385 1355 641 1619 1816 267 685 600 1238 1735 2460 2486 1366 573 2635 551 879 1373 1480 2771 2607 1863 1025 273 2175 1622 1059 846 1242 2633 1295 2385 262 2399 1520 814 557 1338 307 888 1982 741 2269 2100 1925 2139 1571 2092 2104
000526.jpg,1137 1087 614 1207 2072 1590 93 895 898 1558 1166 2409 714 1928 1257 1631 1971 2324 1346 803 291 1786 1593 2000 1801 1561 2260 2022 1357 1197 2542 1535 1389 1334 1019 2242 634 1597 1559 1300 2759 2493 1106 1180 63 465 2143 2495 2546 426 2114 540 39 2277 374 76 751 853 1115 2247 1091 2054 1818 1883 564 2504 2281 483 2579 2784 581 1353 2699 485 240 1538 1093 1785 215 1213 926 529 2288 1333 737 1940 2066 1195 1594 2129 725 1394 1298 2024 1996 1912 371 962 359 989
000527.jpg,2327 2418 280 2174 1580 2374 1234 1861 133 57 1792 210 1034 1392 1930 2461 570 793 1358 1276 1859 1575 2330 2456 976 2004 2125 493 689 1375 1665 2672 746 1758 1724 1947 2186 2229 366 294 1664 704 421 1196 548 1072 1292 756 2694 797 77 2838 2662 2039 1551 422 857 1279 2206 1350 884 1776 170 1377 2581 2155 228 242 1193 801 158 1348 438 263 934 1457 2590 1765 2356 2541 1887 349 1086 2703 656 1043 1576 82 2659 880 287 185 2198 583 1522 1877 885 1030 798 2332
000528.jpg,1371 2152 621 2502 183 214 2141 2263 1365 941 84 1866 785 171 959 1987 815 909 2751 2612 2503 2197 2182 1525 2522 2760 1280 1064 506 2056 1364 45 1286 565 2623 1251 106 2608 2678 2572 1171 744 1214 236 2831 2109 2401 22 481 189 1844 1953 1927 1632 1032 2060 1199 2705 957 2841 1139 270 1726 2562 150 2348 2153 2386 300 1283 43 894 2404 96 2761 1768 2567 2457 1596 1084 2720 1605 2591 1458 2425 1802 2442 2160 2554 419 1661 2507 2726 1560 398 1108 1880 2498 23 2448
000529.jpg,2792 1583 998 118 567 1791 9 517 1970 515 778 382 2711 1579 919 2065 808 114 2491 1179 1854 2793 2328 1063 1354 1769 952 7 841 227 923 1977 1770 2682 930 2778 1470 982 928 2252 887 975 1531 639 748 916 1651 1851 945 2304 2379 2647 819 1657 1211 2729 1578 2361 311 1920 2723 875 1210 2042 2310 1271 2559 1667 2618 2225 763 151 1239 1585 2349 1367 2474 353 2715 98 1831 2081 1655 528 580 776 31 1755 159 2575 1706 503 1568 1273 1275 464 1475 579 314 653
000530.jpg,727 2249 1306 589 658 1951 1175 1361 485 1798 1394 2178 1334 761 2113 1213 304 2066 1451 2054 2323 1389 395 545 2787 2644 2277 572 1230 2546 529 1115 2000 962 1559 646 2317 2540 1801 1106 1683 1057 2072 2022 1449 1353 1558 16 44 1631 614 1447 581 1561 374 2114 1483 1137 104 2579 1207 339 1244 714 1462 1027 2759 393 1073 863 1646 938 2136 474 2086 1197 783 2275 1248 1732 1962 679 1250 625 1450 1435 1178 830 1228 822 525 290 2311 341 1979 2137 1898 1505 1881 858
000531.jpg,419 894 2153 2554 96 1927 1632 1032 189 106 2060 481 1171 2567 22 1214 2751 2109 2831 2726 1286 1661 815 1987 171 2401 506 941 84 2705 2612 2571 2162 621 1995 2502 744 959 1251 2152 2313 2216 454 1744 167 1844 20 2079 785 333 1749 396 1605 924 1288 2160 1703 1364 957 183 300 1336 1763 2222 971 661 1363 2197 565 856 2841 1108 95 2030 2404 1371 2263 2720 2261 2425 1802 644 834 2688 762 1013 1283 1865 2194 2627 2555 476 1315 596 2141 636 115 1880 2096 2278
000532.jpg,1636 1316 2556 1496 1965 1840 2815 2272 2628 1051 1218 1658 663 194 2352 1381 2241 2439 1261 518 2836 1544 1782 1752 1586 1362 497 1897 1948 2767 2046 992 1860 712 440 155 1096 1045 1416 231 2553 2713 947 978 201 1146 168 1148 169 965 1649 2300 2837 1878 51 950 550 563 2826 2433 1123 735 1640 1422 2376 1617 2631 1796 900 173 1901 2034 2545 559 260 2050 1848 2652 547 2419 259 2088 2007 1453 1437 987 1407 1552 1046 2832 312 1486 2309 1569 100 1092 1663 2538 2069 659
000533.jpg,1603 372 807 1541 820 334 750 1153 1761 1260 759 468 2387 829 2171 2643 285 2666 2816 650 2043 1697 1702 1188 6 620 1858 546 732 1221 411 181 582 1227 475 2313 2810 1797 2346 1916 1891 922 1723 1083 669 2194 661 2261 1570 476 1456 2476 1865 956 298 1284 2807 1387 448 229 1763 2425 973 1318 1882 122 2167 1285 2706 37 2232 758 363 290 653 1662 2634 402 1220 455 2468 138 1568 2268 1692 2690 786 2118 389 471 2467 2611 1438 822 418 2168 1018 936 636 2285
000534.jpg,1146 1752 312 2832 987 4 1405 635 950 2501 1737 59 1636 2367 2069 626 1545 1496 556 1202 1316 1799 547 2270 1624 2300 2082 1102 1407 2389 2556 2815 1386 1965 613 1319 663 1092 283 221 518 943 2272 2836 826 2133 188 611 2419 1339 1840 1934 2025 313 2312 2767 2214 977 2594 524 831 653 1782 904 1649 978 192 1787 2477 2397 152 1741 2148 2724 74 854 2241 1961 1468 2794 2669 1003 1381 1582 1532 1486 1912 2538 347 207 2790 61 330 2674 580 552 2606 1011 1658 1501
000535.jpg,150 2263 2623 1365 1525 2678 1280 1371 2116 1083 2141 861 2386 2572 894 1632 419 96 106 783 1927 181 2160 732 2554 1726 2153 189 1013 2060 1139 762 2401 1318 1336 785 333 43 2079 620 1032 2807 621 309 1458 1702 1866 2498 1198 1596 540 214 949 2612 1251 2562 1084 1364 171 2188 2720 1797 856 481 2591 387 2751 2522 1907 1315 2502 1217 1536 941 2152 1960 45 183 1987 398 300 1108 2503 6 644 2442 22 84 1171 462 2056 2197 647 2567 2048 335 1064 2476 2733 636
000536.jpg,1008 2765 2301 840 2634 241 2142 758 1568 2407 1039 389 89 1024 2687 1730 268 1843 495 655 1662 131 1875 452 1378 467 1941 363 331 478 290 2285 2565 1503 2398 2465 2505 1929 108 1022 1026 726 430 936 464 53 1220 2821 484 2059 1475 753 628 346 344 999 33 2236 471 1275 504 1500 786 2698 1789 295 1706 1692 1918 2467 402 1273 2806 2244 52 927 2690 1011 1465 324 455 1831 1438 2429 2531 1813 1655 2611 1932 129 501 1923 1062 1037 1281 456 125 314 788 2715
000537.jpg,1115 2546 1389 251 101 215 436 737 989 2000 1559 364 1900 2787 2040 1427 2381 1106 341 803 374 2114 2504 1361 545 1451 1300 646 1353 2066 1883 2540 1683 572 2054 581 2178 2784 304 766 2759 1951 2113 1230 1394 1175 529 2277 2644 789 1213 1898 1798 1306 395 589 658 485 962 727 328 2579 407 240 1093 483 1801 2238 1334 2242 2323 614 1786 293 1137 2072 1257 1971 1207 1087 1558 2288 926 1818 2495 898 39 1357 714 1180 564 1091 2281 1996 252 777 525 625 858 2311
000538.jpg,2784 1883 1353 240 483 1300 2249 761 2277 1801 789 1394 2579 2317 529 834 1593 304 1057 1449 545 2000 2054 2178 2066 2555 1804 1447 251 2644 1749 1213 1483 1469 1106 1719 1559 395 1044 989 967 1996 1277 576 16 2288 230 2113 926 1363 1451 1180 2114 44 2058 374 1727 564 1091 2504 614 1032 1427 252 2495 2759 2311 679 1598 2281 625 2280 2091 39 824 1248 1087 1304 1476 1230 239 2136 1286 581 1288 1683 777 2153 2313 2072 525 2137 1435 766 2546 175 341 822 858 572
000539.jpg,1663 947 1649 1444 1328 712 2837 169 1054 1617 2836 1623 1782 1422 1679 2707 1993 2767 1045 2130 735 645 2011 2050 1029 1381 1544 2241 1658 445 440 1552 2439 134 2840 155 1261 2631 2628 1840 1253 319 1218 550 179 463 1051 197 2352 1948 194 2735 1416 1369 1096 1640 51 518 1897 900 238 1796 1777 1362 305 1860 1489 1486 1710 439 2649 260 2419 1437 2052 259 965 1185 2708 1417 559 2250 1111 1307 715 28 2193 602 860 2580 2287 1543 2322 674 1208 1563 2133 772 1274 354
000540.jpg,44 1447 1483 16 376 1469 1672 2317 1836 2437 1057 2785 1749 1914 761 1449 1631 2249 1990 2700 1178 1224 95 596 2745 2202 88 1476 824 2523 576 1856 1425 1593 2190 1116 2180 34 2547 291 2441 47 2422 1743 1714 832 834 132 2111 1176 1713 2058 983 1277 1727 2827 1535 2149 2518 2555 1073 683 695 1147 1693 845 1838 1450 1678 1732 2129 310 1103 2275 603 1120 2656 2554 60 1304 1346 894 1620 419 465 2153 2383 373 1999 1523 1244 441 1363 2136 1380 83 1228 830 2695 2396
000541.jpg,196 353 98 2474 776 1643 585 1625 2081 1864 1819 910 2067 1042 2353 2334 869 2462 701 1963 2103 1402 276 809 781 2256 69 233 1344 2101 2361 381 2264 1600 2027 871 1275 653 2687 1822 2698 966 2017 1021 1692 1755 580 1941 786 643 1143 331 1124 1958 1140 455 326 2693 2505 2465 159 2012 2690 1662 618 2232 1097 402 2458 33 1831 2062 363 2391 290 389 464 2611 418 1730 2467 31 2479 1293 1216 2053 2244 478 1438 758 2557 446 872 1706 1262 505 207 1274 471 1655
000542.jpg,2512 222 1504 2218 1305 1436 2362 1052 1638 2450 1736 2342 755 1806 2071 850 2355 2691 1933 2750 1911 2201 1790 1098 2432 1709 935 2096 1321 836 2156 2645 897 144 2420 320 796 2318 1479 1682 1822 1143 580 1118 1293 159 326 1692 31 1273 1097 1275 2017 643 1216 629 653 2053 2611 455 2698 390 331 2687 1124 1568 1715 595 1635 872 344 61 2232 1967 2773 192 1506 2070 52 412 216 711 402 786 721 1472 1018 207 1924 2311 1140 561 2407 1262 453 418 461 2322 33 782
000543.jpg,127 2648 226 577 147 2595 2094 1530 160 1803 1341 1078 1167 403 1607 2266 2738 537 1069 961 1421 969 2758 1159 352 1355 1815 166 2063 2820 1509 2372 2175 195 2223 1270 472 1698 273 2455 2466 2710 1009 2513 1939 1811 2253 2835 2709 1060 2481 837 1324 2189 2013 1258 600 2444 551 1278 1409 573 2104 2484 2399 1862 2338 2226 1059 2215 1 1615 2138 1572 913 1994 665 741 405 1291 1520 1349 2412 879 223 2213 1025 1338 2811 2834 1619 1828 307 1095 2576 2460 2431 1101 846 2619
000544.jpg,2178 304 2113 1213 2066 727 658 589 1394 1175 1951 485 1306 545 1389 2546 1115 1334 1798 962 2323 1361 572 395 1230 2644 1451 529 2787 2022 1559 2277 2072 614 1106 1558 2000 1683 714 2540 1207 1137 898 2054 1087 2249 1801 1353 803 436 215 2114 251 646 374 737 1197 1561 426 364 2409 2040 1597 853 341 101 1502 581 1900 1166 525 1427 2179 989 2759 1928 225 1333 679 625 117 1883 1027 2311 1141 245 1898 252 1505 1248 822 721 1787 1641 1011 782 1435 2154 1972 895
000545.jpg,2018 2284 2551 2146 719 764 2008 1289 2487 1204 247 153 2361 2582 1403 206 1534 914 1128 190 539 1351 343 1997 1359 723 1577 2585 812 35 1121 2485 1493 2824 2209 1772 450 1157 862 303 2453 615 1751 1915 2353 871 1970 2603 212 2110 276 825 998 2067 402 331 61 1140 2698 2669 1216 2729 869 207 1438 471 778 1273 416 1021 1633 1715 585 418 2690 786 2467 192 408 849 363 383 1924 1918 49 52 776 139 2025 1481 1532 655 1822 2794 1781 1011 1275 216 2165 1506
000546.jpg,6 546 582 1221 1891 1083 1702 285 759 2643 620 732 181 1260 807 1797 2816 1723 1570 468 2171 2043 650 2666 2346 475 1916 2810 1697 1858 1139 298 1188 411 922 2313 2476 2807 2841 372 2194 1603 973 1318 1865 2261 1227 1153 661 1763 1285 1456 1284 37 636 476 1761 2278 122 1882 820 2167 669 2425 829 1018 2502 2152 1541 334 281 750 782 2268 1015 2611 1082 980 448 758 1472 1692 138 586 2118 1953 1605 353 443 1090 1048 2688 2677 753 2398 936 594 2634 1536 2632
000547.jpg,1293 31 1097 159 1822 1143 1118 580 326 331 1715 1635 1967 390 2053 1011 2715 1124 1037 1140 1050 2783 314 2236 655 455 295 1648 2406 430 2806 1273 2698 1216 1475 1755 2062 1568 2407 653 2687 391 2301 1275 344 1262 2693 1730 1187 799 1008 2765 1612 1662 363 2611 478 2232 1929 726 1692 936 2465 2505 1918 1756 2821 2467 999 1317 346 402 108 2634 1024 805 1395 840 758 1704 2690 1022 504 2402 471 1647 721 389 753 1972 1378 643 2061 484 2398 1506 2059 2531 1921 786
000548.jpg,1439 482 2051 574 2291 2183 1931 2220 494 2057 2526 2089 939 1874 2435 2683 1433 2704 1223 2445 1899 255 2639 2427 647 217 146 1330 677 2438 682 686 657 1185 1592 2813 2569 491 2248 1639 1777 2708 329 2436 1937 2393 974 2382 948 2286 1076 2598 1944 804 1464 2580 531 1555 140 598 1868 2499 444 368 274 1452 526 608 864 1942 637 12 2719 2440 790 994 1408 271 2053 1275 2806 1721 1473 1725 1771 2809 508 28 295 2062 1475 1892 580 1124 2687 159 2236 1293 999 2308
000549.jpg,979 2227 2786 2108 176 2668 432 1562 1393 868 1033 2743 2029 1888 1890 554 1418 1686 886 597 2333 417 289 555 1065 1268 802 429 62 2384 340 1492 142 2078 1398 361 1256 571 1053 199 1588 2451 681 332 1132 893 78 302 292 729 2117 36 1430 21 2839 2808 1886 2640 1431 536 2335 1329 1266 1699 878 1952 27 865 1764 866 2570 1038 2795 2539 1553 828 2423 2822 1793 2280 2798 988 2380 743 1118 2406 121 654 192 1245 1441 1236 901 1187 239 2267 1429 2794 2091 2070
000550.jpg,1588 1132 1431 36 2117 536 1492 866 142 2078 1886 1699 1236 802 680 1430 121 733 2267 2333 1256 2380 1553 878 1499 429 500 2451 432 1053 988 1890 193 1268 2029 2668 2090 743 289 1038 2384 569 176 901 2743 2423 1793 21 1033 555 2421 2217 1888 2108 979 332 2568 868 1393 554 2822 1562 1754 427 681 933 1441 1829 1272 1774 340 2279 2227 2415 1240 199 672 1248 2602 1852 1885 417 822 1435 654 1949 2091 220 552 1374 2795 1135 649 27 1065 2808 571 367 1274 1543
000551.jpg,1810 1001 2583 67 2509 2121 2350 1012 249 202 627 1075 1406 1944 1055 2728 2291 725 2057 899 494 2294 2207 1212 137 2435 404 574 1590 1195 2825 1594 165 1874 2248 1609 895 677 2558 1869 93 2766 1606 1899 2719 2813 2736 2135 1223 1825 2741 378 2329 686 204 2382 1805 1937 2748 1441 1689 24 338 1076 1056 1611 2683 634 359 775 2665 1639 2020 730 937 692 1943 1169 2780 948 2325 1517 116 192 447 347 682 321 2068 2684 1787 2143 2842 145 876 902 2630 2701 316 830
000552.jpg,1044 1425 1380 1449 350 946 205 1057 924 1315 761 2249 2197 2030 275 2136 300 2305 2096 443 1263 2623 1113 2573 1308 2079 1641 1336 2293 586 1995 2317 1979 2514 1006 840 2571 1476 1487 115 2216 834 1322 1267 1244 1620 2137 2091 1568 1523 1073 2230 1090 1104 2463 2831 16 762 1363 935 1248 2160 1462 2634 1327 335 1082 2212 1013 412 44 1662 856 459 1435 474 822 393 2562 2275 2311 2518 2280 2167 356 845 344 644 216 1008 1471 104 1447 2188 643 1483 2555 1027 346 2794
000553.jpg,1447 1469 44 16 1483 376 2317 761 1672 1057 2249 1749 1836 1631 2785 1914 2437 1449 1425 834 1277 1990 1727 291 2555 1178 2058 1523 2695 2700 1678 1856 1073 1476 2383 2275 441 603 845 2202 88 1183 1224 1620 1147 1732 350 2518 2745 894 2136 373 2111 95 2441 1103 1120 1482 576 2080 832 60 1450 783 1927 2305 946 1244 1346 1662 104 339 34 2422 474 905 824 2395 2096 1999 393 1380 949 1052 2523 1632 2091 1535 2180 830 132 419 55 2396 1790 96 1282 2153 269 2280
000554.jpg,536 1132 1588 121 2090 1268 901 988 193 569 1431 1793 2117 2217 2568 2415 36 571 332 427 1430 1553 680 1886 2380 2267 340 429 1236 2333 1256 142 1699 1065 1492 802 432 2078 743 2668 2423 1888 555 500 1033 2570 1038 2108 1890 2743 176 2795 289 1329 554 1562 1764 1240 2839 979 2421 370 2029 2786 504 828 1275 220 2735 2794 1952 1655 1831 1053 927 2227 2119 866 28 523 505 2025 2055 1293 125 2808 401 1929 1274 733 159 696 2594 1018 1117 1955 192 1789 1472 1335
000555.jpg,2217 901 1793 2415 427 2568 1553 2380 2267 1430 1256 2423 743 1236 1699 1886 569 988 2090 193 121 2333 332 571 2078 340 1492 429 802 1065 680 142 536 2117 554 432 2421 176 1053 1888 1038 1890 555 868 2668 370 289 2108 1431 878 2029 1132 681 36 2786 361 2227 1562 2047 2735 302 1499 1398 323 2743 1588 292 417 1189 1272 1418 62 2032 979 893 1686 199 56 597 1041 1033 78 640 2520 886 1754 500 866 21 13 159 580 2671 1240 31 2539 2025 192 1949 2053
000556.jpg,2163 453 401 1628 477 461 73 1976 399 380 1599 2074 1872 437 823 1510 2055 981 1145 595 1233 99 208 760 2655 2587 141 2829 177 2469 816 2122 2679 1023 1903 1717 1163 1047 1085 2098 2747 2126 731 612 1160 172 2452 164 694 1784 2722 72 174 1415 2009 144 2775 1688 156 1808 2274 460 2636 2577 1241 1404 1155 1100 1089 331 2355 1275 2407 1568 2232 1124 2362 927 655 33 2301 799 726 455 999 31 1789 1715 840 1756 430 1356 525 200 1813 1008 1262 2594 2017 290
000557.jpg,1380 1044 1425 2197 946 762 1267 300 1199 2831 971 644 2705 1371 2188 2720 2562 1315 1286 1802 621 2623 84 2678 1596 1525 1726 1032 941 1336 387 2263 2522 2571 350 1280 2498 2572 1882 1880 2688 2216 1363 2079 2442 45 115 189 1113 43 894 183 2160 1560 1927 2168 2153 2425 2167 2096 2401 2249 506 419 1632 909 96 60 1449 1703 106 335 1073 1251 2514 2503 1288 171 1013 1064 2060 1321 2056 761 1057 2182 236 1995 1750 834 2136 2386 1641 856 1263 2030 840 1458 1018 459
000558.jpg,239 2794 2091 1781 2164 449 2669 654 61 49 2070 1127 383 1274 245 525 192 139 2025 838 2280 1356 2173 207 2311 209 408 1780 1248 1435 1787 653 2396 1282 1505 216 1299 1168 625 679 1141 1924 225 27 296 356 252 2137 1598 2693 113 2470 2531 1506 858 1240 752 822 1245 2001 268 2232 2279 1503 2142 1037 2565 1317 1187 2053 2406 1635 1843 495 1967 1875 131 1124 1143 1262 1140 331 799 241 1648 1568 455 1715 1822 1789 1472 1024 1011 2236 33 1829 1216 1018 2301 390
000559.jpg,1891 1221 285 6 1570 582 546 1083 1702 759 2643 298 1723 1697 732 2816 1260 620 181 807 468 1139 2346 475 1916 650 2043 1797 2666 2706 1858 2171 922 973 2810 1285 1188 2313 411 1537 2841 1284 1456 37 122 2476 2118 1865 1603 1015 980 1763 2167 448 2261 2194 1884 1610 2268 1082 1605 1227 661 2152 459 372 669 1987 1153 2807 690 2502 1308 476 2030 420 2425 443 2677 1199 594 586 1397 1953 1090 2348 229 1761 820 799 829 941 2303 2062 148 1560 2627 1097 1293 1018
000560.jpg,1569 100 48 2721 715 64 305 562 51 1640 439 1796 2034 155 2545 2433 2309 1860 1453 1490 2376 2713 201 1901 2650 1316 1636 260 563 2272 712 168 2631 1496 2826 1381 1878 2088 2815 1948 559 1782 231 2836 2241 645 1840 1586 1965 1658 1617 497 1897 2553 978 900 1362 1369 1096 2652 2628 659 2419 2556 784 486 1416 1051 1307 2439 992 1148 259 2708 2649 1046 1544 2046 1123 1486 2840 1045 1552 445 663 1428 2007 2352 1848 674 1437 1422 319 965 2133 1218 1261 2767 1983 947
000561.jpg,2548 2189 2662 1375 687 2672 133 1792 349 1930 2456 57 1234 570 1580 1034 280 976 1861 2174 2844 857 2327 2330 2186 267 837 2418 1238 1392 210 1575 421 2039 1291 2461 689 793 1009 1776 493 366 1043 2206 2158 1551 797 1925 1159 1292 2125 2590 1196 1350 2004 1619 1457 1724 1358 1887 2541 2063 2727 228 77 2374 1947 1665 2215 2229 263 2460 1522 2139 1520 1366 801 1815 798 2356 879 720 551 2399 2198 2378 2694 1 2123 548 2513 455 2576 577 814 1086 2633 1982 655 1193
000562.jpg,1453 51 2721 305 1569 2433 1640 100 715 48 2034 2309 1796 64 1490 562 2376 1901 155 2545 439 1860 2713 201 2650 1496 1316 2272 1636 2815 2556 1965 260 231 1051 1218 168 2628 1148 1878 563 1840 2352 2826 2553 1948 2088 1586 712 663 2649 497 1261 784 486 2538 1848 1658 1362 2708 1381 134 1782 1076 194 2836 978 965 1464 1897 1096 659 1193 2382 1777 2840 1123 2286 2135 2241 2007 1441 2631 2769 2767 2652 1392 1172 2439 559 259 900 1212 645 2581 518 934 1369 1185 1937
000563.jpg,2252 1651 2682 1179 916 2328 2491 1977 1063 227 1579 2042 841 2310 639 1578 1583 887 945 1770 9 2647 517 998 2097 114 748 1920 819 982 515 2379 1211 952 1769 1531 2792 118 919 2723 1791 2065 2225 1354 1470 1851 567 2729 763 928 930 382 2711 1854 1667 778 1367 1566 1585 1970 2349 1657 1368 2778 2575 2416 1154 311 2459 2488 875 923 1239 512 2618 1271 579 528 738 2214 975 2559 1210 1528 98 831 7 1420 272 1957 2793 808 479 1219 2304 2026 1074 2462 607 2603
000564.jpg,2063 403 1159 2455 1815 1009 837 264 2484 2844 1814 2731 2189 1589 2797 352 1622 1122 2576 17 2139 299 2092 741 317 2215 2833 2776 2811 2486 2269 1338 428 2371 2255 573 2412 600 846 1571 1982 2399 2100 1925 2338 1520 667 1619 1735 1539 234 1 642 2431 2403 2727 888 891 262 90 307 226 1025 1803 2385 537 1549 1629 879 1349 1060 1994 267 1291 641 2834 577 2138 1572 913 127 472 1373 1540 1238 1295 2635 1862 1101 1618 1524 551 1615 2771 1607 2094 2253 1509 2223 961
000565.jpg,1619 1925 879 1982 1735 667 1863 2460 428 2371 641 1549 1373 262 557 2385 888 2771 741 2833 299 2139 2776 1295 1814 1807 2092 2269 991 2576 2363 2431 1816 1660 867 1480 1509 2607 1366 687 2633 385 2797 537 1060 814 2844 1803 472 2138 147 685 1862 352 2094 2710 1530 1078 160 1242 1341 166 2738 267 577 1122 1291 1025 2403 2175 1607 1238 1421 2266 2412 2811 1069 2758 2213 2524 2189 961 403 2835 1101 1539 1167 1524 2468 1815 2781 2455 1159 2820 1324 1589 226 273 127 264
000566.jpg,1518 631 2282 1017 1290 2596 2049 2064 921 1909 2392 2796 1613 984 662 530 607 2093 1879 2140 446 1058 1301 1237 1604 1981 1567 1119 1906 451 1978 394 2357 1002 908 1676 1396 355 2085 1105 1384 942 813 1621 243 1331 2262 2458 2543 1742 966 1554 2257 1673 1614 337 660 852 2696 124 1370 2782 487 1404 700 918 708 542 1681 1808 1100 1705 2600 54 996 2530 2274 840 478 710 89 1495 786 2244 2660 402 52 625 389 1274 1089 679 471 758 1275 1435 220 1145 1438 1787
000567.jpg,909 2197 1612 1506 138 1918 1199 1726 335 2230 2498 752 1140 2442 387 1018 1596 1048 2678 300 398 2632 455 2188 1472 1802 2591 643 762 2562 782 2448 2572 2720 412 2623 971 1124 2160 1458 644 1907 2386 2079 2263 43 1880 2611 1262 2503 1315 113 2476 1525 1273 1866 331 1013 2232 1216 391 2612 1487 822 2137 1280 1336 1692 1037 1568 2061 561 2053 721 1972 252 1536 2620 2688 2168 1217 1011 344 655 2698 214 1220 430 2116 1274 753 1780 2401 2402 1687 471 2807 1008 2531 2468
000568.jpg,2054 1361 1798 1451 2787 646 962 2323 2000 572 2644 1230 1175 1951 1306 1334 1559 727 395 589 485 658 2277 529 2540 1394 545 2066 2178 1801 2113 1213 304 1106 1389 1683 1115 2546 293 1427 1558 1353 2072 251 614 1207 714 2759 436 101 2022 215 1300 737 2040 2533 1149 364 1137 898 1900 374 29 240 2114 2784 1883 426 754 341 1898 2320 803 2381 2249 1197 1597 581 483 1561 2504 2409 989 2756 2024 1087 2430 328 1928 634 696 2402 789 128 739 671 286 1827 1728 525
000569.jpg,331 2236 2053 1037 2715 1475 2698 1124 655 1568 1140 2687 295 1662 1730 31 2806 2301 1967 314 1635 726 390 999 344 363 1715 1011 1929 2059 484 455 1275 2429 580 1273 326 2765 534 806 786 2407 1465 159 2244 1097 1293 430 1050 780 418 478 52 467 1008 1822 1481 936 471 1143 1216 391 1118 1262 1438 452 402 1378 1941 2505 2465 346 1918 840 2821 758 1024 389 464 53 2634 2690 504 2467 1022 1648 2406 108 1692 2232 2470 1612 1755 1706 1789 1039 2398 927 2823 753
000570.jpg,1583 998 2792 118 567 517 1970 778 1791 382 2711 9 114 515 1579 1854 919 2065 808 2491 2793 1179 1063 227 1354 952 1769 2328 1770 7 923 2778 1470 841 930 928 1977 2682 2252 2361 916 982 639 975 1657 748 2729 1651 887 1531 1851 2304 2647 2379 945 1211 819 1578 2723 1920 875 311 1210 1271 2042 763 2225 98 331 455 353 2715 1789 1262 2559 1140 1831 1216 1706 726 927 799 1273 2474 464 2698 344 1829 701 1124 1568 268 1667 2505 2465 1378 2053 1024 580 1932
000571.jpg,2011 2707 1679 645 1623 1054 1444 1328 1663 1649 445 947 1029 169 2840 1253 319 2837 712 2836 2050 735 2130 1782 1617 1552 2767 1045 1422 440 1544 1381 2241 1993 134 1658 2439 2287 965 1261 1218 197 2628 463 2352 900 2133 769 674 1486 1437 179 1307 1775 1840 155 194 1640 2482 1710 1897 1777 1051 2708 1948 1208 1416 1860 1586 2046 1185 2419 563 2735 51 550 1362 497 992 2375 173 260 1452 2076 1489 1096 1369 1757 220 2580 2631 2649 1868 2088 305 559 2397 2012 562 2650
000572.jpg,2043 2171 2666 650 2810 2816 2346 1916 475 1723 807 1891 372 759 411 1260 1603 468 1702 1697 1188 2643 2841 6 732 620 922 285 820 181 1858 1153 546 1570 1797 1221 1541 1083 582 334 1456 750 829 1865 1284 1139 1227 2313 138 2634 1048 758 840 2632 2611 643 252 980 1763 1018 782 936 129 389 1761 2061 501 753 298 2398 1220 1472 1150 1465 290 113 1813 1568 822 2244 1062 452 1395 464 721 1612 1932 628 1972 1378 467 2429 780 478 1503 2311 1923 799 1953 363
000573.jpg,2455 837 264 1009 2484 1159 1815 2844 2063 403 2189 1814 2797 2092 2833 2139 299 2269 2576 2371 1622 2731 2776 1982 1589 2215 428 1925 687 1122 667 2412 741 600 1619 2486 352 1571 1735 2811 1338 2100 846 642 573 2548 2255 349 2039 885 2662 317 1350 1887 1457 879 2590 656 1238 17 267 857 2338 263 1229 1291 2356 1551 2223 706 1375 2123 1776 1698 2158 228 2206 801 90 2739 891 1994 1539 234 1191 2253 1549 421 1520 797 1043 2460 1575 798 2727 2198 262 1877 1930 77
000574.jpg,2099 330 1532 1896 2742 1339 354 2674 1741 734 152 847 1956 458 1376 1704 313 2819 2028 849 1708 2479 2283 696 532 2557 2500 1827 972 671 28 2191 505 120 587 238 1563 2177 2181 2228 2681 2250 1917 2365 523 175 81 92 2370 1680 2193 2592 2119 2052 2689 1335 705 602 1111 2322 1332 633 740 109 2716 2552 2527 2534 261 1873 1746 503 872 772 1543 1961 2764 653 552 2017 711 533 968 1117 2237 1021 618 2773 1010 2814 68 1011 649 1099 2316 1472 2199 2144 2610 2597
000575.jpg,257 2843 1871 1731 2613 2516 1800 1138 1645 1526 2609 2145 288 406 1707 519 1779 1385 811 937 1007 410 742 535 1527 1992 2377 1325 1516 1079 434 1455 1068 1442 1511 749 709 544 2763 392 112 1894 2290 2549 773 365 2341 2730 2788 2219 673 1005 2746 2331 1419 336 2364 593 1969 1040 186 435 2102 1131 605 1966 678 1110 1133 253 301 1311 2417 730 2299 2830 648 1379 2196 2005 1968 1794 1670 855 821 2560 2492 774 1498 1424 1142 1783 1174 2006 1913 2251 338 1466 1309 1020
000576.jpg,1366 1816 1480 1660 2607 2633 557 879 867 1925 2460 1619 1735 2363 1982 385 2431 2269 814 2371 2833 299 2092 428 2139 667 2576 2776 1549 1863 641 2797 1373 741 1814 2771 2385 262 888 2844 1539 1295 352 2524 1025 1122 991 1807 687 2175 1629 1242 2403 577 2226 273 147 1524 160 551 2094 1589 1078 2189 1509 267 1530 685 1291 2399 2104 264 1238 2731 307 1803 2710 2468 2727 1520 1349 891 2455 2595 837 2738 1815 2206 2063 1607 1341 1069 226 166 2484 1824 1862 170 2758 1086
000577.jpg,1545 59 2389 626 2367 1799 4 950 1737 1146 1202 1752 547 1386 556 2270 826 2477 1319 2082 283 987 611 312 613 1407 2832 1942 271 188 1408 2069 2440 2037 1677 526 1892 1771 904 463 1624 635 1491 1092 2419 266 1998 2840 974 1003 1405 2625 1486 2300 2076 2574 2530 996 440 274 2719 864 197 390 2375 2148 1555 977 1715 255 1307 1117 580 1924 1029 1216 1437 1635 259 948 994 2606 2681 970 2594 344 670 2393 2053 1931 433 1262 2010 552 653 524 608 31 2208 159
000578.jpg,523 505 2181 1563 175 2500 2716 2552 1827 28 2479 2283 2365 313 2689 849 2819 705 2250 458 2191 238 152 2370 734 81 2557 587 1532 2674 847 2534 1741 1708 1896 1339 2119 120 2681 696 671 2099 2228 92 2742 972 354 1680 1335 330 1376 2527 2028 2322 1917 109 2177 2144 2193 1704 2592 2052 1746 1111 602 1332 1956 633 740 552 1297 532 1873 2806 108 125 1022 2687 1037 1730 1662 1475 753 2059 2505 2465 999 1010 1465 346 2236 2398 484 1378 2429 2285 1929 1831 786 1912
000579.jpg,2365 2689 2479 81 849 705 505 2181 2716 1563 2500 2370 2819 2534 523 2552 313 28 175 458 2191 587 2557 2119 238 2250 1827 1532 2283 152 1708 734 120 2674 1741 1339 847 1896 92 671 2681 2742 2099 696 972 2527 354 2228 330 1376 1680 2144 2028 1917 1335 2177 109 1704 2322 2193 2052 1746 1111 2592 602 1956 1332 1873 740 1010 633 346 2690 2467 2821 1026 532 2687 108 786 471 402 125 52 753 1438 1787 2806 2398 1465 2505 2465 1730 2025 936 1662 1220 726 2244 999
000580.jpg,2567 2751 1171 22 1214 2109 2726 1661 2162 1744 2222 167 20 454 1995 744 2502 2152 2823 785 592 2030 924 2841 2554 1605 419 115 2153 1032 96 941 189 894 106 1288 1632 1371 1703 1987 1363 2060 2573 481 2688 1927 1425 1044 957 84 2141 971 1802 782 1018 1568 2216 2465 2505 2498 2404 396 1262 2232 183 2611 455 621 1692 1822 2053 2062 1979 2197 1217 31 1662 2571 1596 1866 580 205 2806 1139 959 1998 108 1143 2632 2137 2263 2091 1472 822 758 344 1750 501 643 1286
000581.jpg,2510 431 70 1125 1753 2777 2772 2077 2478 2561 1839 1035 1759 2161 315 2757 1165 2302 1252 191 1557 1390 1834 2622 2015 951 18 601 1842 2818 2 2663 2686 2685 1938 767 1980 1235 430 1747 1248 2311 688 2315 277 1908 1303 2702 2398 412 654 2276 625 768 1976 753 1391 525 1845 89 495 889 2402 1114 1008 252 2279 2314 1356 2164 1505 758 1435 2091 1510 1969 679 2794 2061 990 331 1443 1972 2228 1220 1186 1503 721 1955 561 478 1895 452 1829 1608 655 2624 2471 1923 369
000582.jpg,1385 2145 406 1779 1007 1707 1894 742 1992 1526 2763 2516 1511 1442 1645 2102 1325 773 519 1138 1800 1871 1731 1969 2613 709 257 186 288 2377 1527 535 2219 811 1068 1670 1455 410 1516 365 1466 1783 112 338 730 821 336 434 544 1040 2609 605 870 253 1110 1311 2788 1079 2341 248 2730 435 2095 2549 2290 1794 1966 1498 1379 749 937 1309 673 648 2151 2746 2417 1424 1020 1005 1581 2364 2560 2830 855 1968 1133 94 678 593 2006 2299 1850 2680 610 1131 774 1142 1913 2243
000583.jpg,1125 70 1753 2777 2772 2077 2478 2561 2510 431 2161 1759 1035 1839 2757 315 1165 1390 1557 2302 1252 2622 191 1834 601 18 2 951 1842 2015 2663 2818 1235 767 2685 277 688 1980 297 1908 1391 1186 2314 103 369 412 495 1323 2276 430 284 2689 2228 561 1303 2398 578 485 2471 1608 2315 175 553 2181 502 2402 1413 2759 1972 1472 89 2624 696 2311 1248 1008 721 753 478 990 2279 452 1845 68 1923 1220 2557 1829 758 2742 847 1182 1989 2144 2632 2061 788 1503 628 525
000584.jpg,1146 987 547 2270 2082 1386 635 1407 556 1545 312 2300 4 188 2389 1405 1319 2832 59 626 2367 611 1737 950 2501 1202 1926 221 1624 85 1102 1799 817 2790 1752 943 2817 1934 1656 2411 2840 826 1092 2574 2528 1644 2375 1029 433 1912 2044 550 2424 1190 2477 2681 1220 1813 2105 1472 788 1923 1262 2515 439 1026 1942 2148 283 2191 822 463 628 134 455 1552 1998 2632 769 2419 1692 2397 1956 1617 2311 2762 2837 1677 1281 927 1003 2742 518 2527 1356 1961 1730 445 2398 2137
000585.jpg,1146 312 2832 2501 987 1624 1407 1102 635 1405 1934 2411 1644 2528 2790 2082 2300 188 221 1386 1656 547 556 2270 943 85 2044 2817 4 817 1319 611 1926 1752 626 59 1545 2389 2574 2397 1737 1092 1202 1552 2367 2419 1983 2424 977 1437 606 1486 950 1190 259 1468 283 2544 1208 2606 2148 463 826 978 2312 712 2133 2826 2840 2515 445 900 489 1956 1422 1029 559 1172 433 1369 904 2200 1942 2670 769 1307 2265 1339 2105 1617 1896 2084 2076 2652 495 674 970 1484 1220 134
000586.jpg,1056 2294 2135 899 137 1212 2741 204 1055 2728 1944 116 1606 97 2207 2842 2511 1134 1547 2558 246 725 1463 1067 1935 2068 2665 1076 722 686 2286 2825 2435 79 1899 2041 2736 1825 2057 494 2291 2813 2766 1464 2248 165 2382 692 2580 1937 447 804 146 2292 948 574 1126 1452 329 1639 1777 2319 2393 1874 1185 140 647 1223 677 2683 2708 2639 2719 2305 682 657 2569 442 1592 2438 1868 2598 2436 491 274 1275 608 790 52 2698 2821 1692 864 346 2611 1273 1918 1481 1124 786
000587.jpg,2682 1179 1651 1063 2328 2491 2252 1579 1977 841 639 1578 9 1770 916 887 227 945 748 1583 2647 2042 998 515 114 952 1470 1354 1769 1531 1791 919 819 930 2792 2729 2778 118 1920 928 2379 982 517 2065 1657 1851 2225 2723 2310 567 382 763 778 2711 1970 1854 1667 2097 1585 1211 2575 923 1367 1154 2618 2559 2459 528 311 875 2488 2349 808 2793 2304 31 98 492 326 2026 2474 1271 2715 910 2081 455 1262 1239 2416 200 512 580 1643 2698 1368 159 2017 196 331 643
000588.jpg,1681 487 1705 337 2600 942 2085 2543 1384 2458 1495 966 1742 2660 1978 1370 2696 1396 243 355 1331 2257 1554 1673 1002 813 1614 1105 360 1695 710 2262 1000 2259 1853 54 1893 2782 542 1739 2664 50 1119 660 852 1031 2369 908 1676 530 1290 1287 2049 791 1565 446 2803 1518 607 1508 1604 1301 921 631 1718 2392 2596 1237 2064 1981 1017 2282 1909 1567 984 662 1339 580 1741 159 1058 1317 1755 1293 847 587 313 1275 805 1808 2773 192 1822 2142 721 1972 1143 561 653 1097
000589.jpg,2011 2707 1679 645 1623 1054 1444 1328 1663 1649 947 445 1029 169 319 1253 2840 2837 712 2836 2050 2130 2767 1782 735 1617 1552 1045 1422 1381 2241 1544 1993 440 1658 965 2287 1261 1218 2439 134 2352 2628 900 1775 769 155 1416 1948 2133 1640 194 1897 1586 2046 1486 1860 51 179 1208 497 2482 1437 1777 992 1051 1362 674 1096 1710 563 2708 173 463 1307 2735 260 2732 2553 562 305 1185 2088 2815 197 1868 2419 2272 1158 1840 1369 259 559 2713 1489 2012 2580 238 1123 1983
000590.jpg,1125 2777 1753 2772 2077 2478 70 2561 2510 431 1035 2161 1759 1839 2757 1252 1165 315 2302 1834 18 1842 951 601 1390 1557 2 2622 2015 2818 191 2663 767 277 2685 1186 297 103 369 1323 1980 2314 412 1235 561 430 478 1391 1303 1472 2279 1048 89 1460 688 1018 2634 2632 1923 1220 1008 840 643 758 782 1829 1692 2407 2301 1822 2398 1503 1813 52 471 346 138 1162 753 2142 495 452 721 2821 268 2017 2315 175 501 2467 2244 2228 252 1378 2690 1395 2378 1022 331 2702
000591.jpg,1801 2277 529 2579 545 1683 1394 2759 581 2066 395 374 1230 803 2644 304 2178 1213 2113 2546 2114 1389 1115 572 789 1798 1334 727 658 1951 962 589 2323 1175 485 1306 341 1898 1361 1093 2022 407 2540 2040 251 1559 328 1451 1883 2381 2504 1137 766 1300 2784 1631 737 2260 483 240 1106 2238 1353 1427 436 989 215 1900 101 2242 1087 364 2000 2054 2787 2249 614 1971 1593 1228 1558 1257 898 1561 2072 1785 1533 824 1178 93 412 1027 2409 1248 2311 1435 625 646 895 252
000592.jpg,1037 2053 1124 1011 1140 331 295 2236 455 1216 391 2806 1967 1475 1635 1829 1303 390 1647 721 2402 1972 2061 1275 1050 1921 1715 344 412 1395 2698 1929 561 1730 1612 2687 314 1273 655 31 1187 1262 2279 1024 1317 430 1756 2406 2531 1924 1648 1240 2301 1755 2232 27 805 1506 1293 1822 580 1568 726 1143 1097 159 326 799 1118 2693 1918 268 2407 1168 1299 504 999 1662 131 2715 1875 1274 1008 363 484 1843 138 822 653 2059 2765 2062 1789 1503 1941 927 936 2611 1472 2142
000593.jpg,1146 2832 312 1752 987 2300 1407 1102 2501 2790 221 1405 547 635 1624 943 1496 1656 2082 556 1926 1386 85 2270 2556 1316 950 2817 1636 1934 817 518 663 1319 188 2367 4 1965 1840 2069 2815 611 59 2528 2836 1799 550 2826 1545 1202 978 1148 1644 626 2628 1092 2649 1051 2419 1782 440 2652 2411 259 2044 1658 925 712 2272 2767 970 2397 1737 524 977 1486 1422 2840 1218 2241 1369 1381 559 1437 2148 659 2538 480 260 1468 2439 563 489 2574 900 1362 1096 1897 1003 2312
000594.jpg,2320 754 293 2756 1149 2533 29 2021 1728 1231 286 2673 2172 1533 757 218 2787 739 2224 646 2054 853 2540 426 1451 1361 558 24 2024 1719 1597 2430 634 1804 213 1798 1558 2143 1175 1689 572 1306 589 2323 714 727 1230 1900 485 364 1951 967 2000 1334 658 1559 1427 2072 436 1207 251 2644 962 2409 898 2472 2040 529 215 1106 395 737 1829 27 1928 1683 1312 766 750 1787 858 1598 696 1389 1024 1115 1505 240 2495 101 2296 225 1166 1168 494 726 780 1299 2809 534
000595.jpg,967 1719 1804 792 91 2235 2296 1689 2024 24 2143 426 1597 2430 634 2320 739 2756 2533 853 1149 2638 29 2673 286 2021 754 293 2172 499 1533 1728 213 707 2224 1231 240 1478 218 2408 1849 76 184 558 895 483 93 2784 2409 1207 1590 2615 1091 2354 898 2000 789 2260 1448 1166 1087 425 1996 135 2787 926 1558 1024 2295 2072 2242 1593 2493 2495 1257 1787 1124 331 471 92 766 1216 33 2301 2407 207 1829 726 61 455 1786 1262 580 1971 52 999 1353 780 1180 2053
000596.jpg,1096 1416 1948 1362 1897 497 1586 992 2046 1316 2272 2815 1860 1636 1496 712 1218 439 1965 2721 2352 1552 1993 1051 715 2556 188 1796 64 1617 155 1782 1381 1569 305 547 2628 51 100 2241 611 2713 1658 1319 1261 1029 260 48 556 1386 562 2836 987 1045 659 2840 1640 2767 2270 194 1663 201 2082 2034 2545 1369 2419 319 1018 645 1899 899 1356 259 2135 1777 134 445 947 1248 782 312 1054 2632 1011 550 1472 1435 900 2088 2650 471 2832 1140 655 674 216 331 525 2826
000597.jpg,2787 1389 1115 2546 2054 2000 646 1559 1951 1175 2178 304 1361 589 658 727 2113 1306 1451 485 1213 2066 1394 545 1106 1798 2644 572 1230 962 395 1334 1353 529 2323 2540 2277 293 251 1427 1300 1683 1883 101 2784 436 215 364 989 2114 737 1900 614 341 1801 374 2040 803 240 2504 483 2381 2072 1898 1786 1137 1207 766 2759 328 1558 1093 789 2249 407 581 2022 2238 1087 2495 858 525 2533 2756 714 252 2311 898 29 822 2288 1505 625 113 754 1598 2091 1829 39 679
000598.jpg,1235 297 2624 1845 103 2601 2471 502 990 1323 688 126 1186 2276 578 1908 2314 1391 1608 1767 1413 848 1830 1340 284 931 702 684 1114 1720 768 250 903 2388 1975 1821 65 835 522 1107 1310 2667 1254 1512 2161 2478 2759 962 1916 2561 331 1125 803 2077 475 2302 973 70 2346 1275 191 1472 1723 1165 430 1753 655 1692 461 2062 721 1759 2777 767 927 2236 1018 315 1140 2323 1839 999 1730 553 1912 478 325 1831 2687 125 2535 298 1563 2402 374 654 1465 1972 1506 745
000599.jpg,865 2520 2210 2671 828 1754 377 640 1272 13 1038 1949 2421 1041 933 2578 672 1266 1429 2808 2828 2539 432 2602 1952 1668 1337 1374 1399 2221 1070 2629 2795 2640 1910 2031 729 2038 2798 2428 1249 1329 2839 323 964 2120 2335 1049 358 2083 2570 1764 2047 932 2333 698 2108 1189 2032 979 56 1521 121 901 955 2090 1118 1886 839 988 1553 27 1187 1591 1704 569 159 340 2406 331 1793 1143 782 370 2028 2169 711 306 398 1018 1472 193 580 2227 455 1956 1648 2351 2786 1616
000600.jpg,1421 2266 2738 166 2820 226 577 2648 2758 160 1078 2094 1530 1069 147 2013 1607 1341 2835 2595 405 2614 1324 1964 537 1828 273 551 1167 1803 1355 342 2513 1811 2213 2269 961 1 307 2727 1059 2444 846 352 127 2104 1025 642 2431 685 2175 2158 1366 2100 1520 349 2576 969 217 814 2399 2092 1349 57 1618 1792 1862 1660 428 1118 600 1101 2371 1034 1234 1861 2473 195 2776 1540 2427 1629 1060 1571 2223 1816 2698 1509 1572 1143 1822 2139 1698 2372 1863 2833 1480 506 872 1755
000601.jpg,2252 1651 2682 916 1179 2328 2491 1977 1063 227 2042 1579 841 2310 639 1578 1583 945 1770 887 9 2647 998 517 114 1920 748 2097 819 515 982 2792 1531 2723 1791 1211 118 1769 952 2065 1470 919 2379 2225 567 1354 1854 382 2711 778 2729 930 1667 1851 763 928 1970 1585 1367 2575 1368 2778 1657 1566 1154 512 2349 2459 2416 2488 1239 579 1271 2026 311 923 808 875 1528 7 2618 975 2793 2214 2559 528 492 2462 98 151 738 1210 831 1420 272 607 1957 2304 566 33
000602.jpg,951 2818 1834 2015 1252 229 1865 2315 2261 1560 1443 2194 669 661 1460 767 1938 369 1227 277 476 1842 2313 2757 18 2686 1557 448 2510 829 2496 1989 122 2561 1833 889 70 1284 1980 601 1390 1747 1858 211 2168 1165 2302 2478 2 2663 2622 1456 2532 2685 1153 2077 1759 1188 468 2030 191 2702 2705 431 315 236 2831 411 2522 2608 459 1118 2182 922 2268 2777 1761 1286 1125 1064 1082 1610 1753 1143 2118 2760 1293 1308 1891 1015 2507 1822 430 2167 1884 1763 1356 1090 45 2772
000603.jpg,1146 312 2832 2501 987 1624 1407 1102 635 2300 1934 1405 1644 2528 2411 2044 2790 1752 188 1656 221 943 2817 2082 547 85 817 2270 611 4 1386 1319 556 1926 59 1202 626 1545 1737 950 2389 2574 1799 1092 2419 2367 2397 259 518 978 550 2840 2836 1496 283 559 2826 1782 1468 1437 712 1316 1190 1983 2069 1486 2556 663 1552 1422 977 2652 2105 440 1208 900 2312 1636 2358 659 1840 524 2424 2606 2133 1339 2515 2477 1948 1003 2544 463 1428 970 826 2265 2148 1369 1617 947
000604.jpg,38 115 1995 956 1882 2468 167 2726 1744 20 448 1880 2740 454 2749 42 2162 669 1524 2278 1059 551 147 2573 2678 636 2476 1638 661 342 1802 2168 175 476 2363 2425 879 1025 1929 829 1275 478 758 1273 1199 2698 1863 786 2261 1730 2429 1662 389 1227 2765 2531 2687 471 1807 2030 1465 2301 1037 89 346 402 2197 685 2059 52 1124 577 1438 523 484 2194 936 1803 464 2444 2807 1568 505 2407 2806 1536 1481 2244 2216 1024 1108 2821 2094 1787 2611 273 2634 806 295 2465
000605.jpg,503 711 772 633 1680 2322 1746 972 261 2592 2193 1774 872 1543 740 1111 649 602 1332 2052 2237 1376 2814 2250 2199 238 1852 2822 2610 890 2597 1156 1099 162 2789 1650 507 1010 1135 1314 1885 532 2812 235 1441 2773 587 2265 1955 1182 1917 1109 1164 552 1704 671 2212 2028 1327 2681 2119 220 699 2306 1302 92 367 963 1956 2764 2799 316 1991 2343 120 28 2228 330 1335 354 2594 2370 1823 533 968 1532 553 1873 2742 1003 1117 2527 2105 877 68 2099 81 1339 2181 2177
000606.jpg,1681 487 1705 2600 337 942 2085 2543 1384 2458 1495 966 1742 2660 1978 1370 1002 243 2696 355 1331 1396 1554 1673 1614 2257 2262 813 1105 1695 1893 54 710 1119 1000 360 2369 1853 2259 1031 50 852 2664 908 1739 1676 2782 542 1287 2049 791 1565 2803 530 660 1290 1718 1508 446 1301 1604 607 1518 2392 1017 1237 2596 1981 1567 412 921 1275 984 561 2773 1822 580 631 1293 711 1143 504 840 1741 2282 430 1730 159 52 505 1465 192 290 1929 1097 2394 2142 2064 458 313
000607.jpg,754 2320 1728 2021 2756 1231 2533 1533 1149 757 29 293 286 2673 2172 218 2787 213 558 1719 739 2024 426 1804 24 1312 2430 1296 2143 967 119 634 2054 646 1175 1597 1951 2472 572 1306 80 2408 1451 727 658 2366 1689 1182 1798 589 1361 2178 1829 1230 135 364 962 2413 304 545 252 485 1383 853 2323 1984 858 2113 1852 529 2279 2540 27 1394 1746 1559 699 671 395 53 1299 1274 1168 436 162 2040 1024 375 251 235 2644 1505 1558 2402 1127 1164 1598 2306 367 525
000608.jpg,1419 301 392 2331 519 1992 2763 257 2843 1731 773 2613 1871 1138 2341 1800 937 2609 538 253 2102 410 248 2145 1131 94 648 336 730 1707 1424 1007 1142 1309 535 1645 288 1455 1442 610 2516 1526 1634 1466 654 338 811 1454 435 2492 1174 2164 717 525 774 49 2005 406 1133 1077 1573 1581 1779 383 855 1248 1370 245 1527 1435 678 2746 2311 1781 2091 2560 1546 1505 1794 139 434 625 2299 1356 2151 673 1243 365 843 7 1020 1598 2519 2070 679 1385 241 1966 2830 2669
000609.jpg,2801 273 2104 2524 1242 2189 879 147 577 2460 557 1549 2094 1295 1735 2175 741 991 1509 1807 641 2363 1863 127 2771 1803 687 160 1530 2710 1539 1373 2298 1341 1078 1925 1167 1069 888 2385 1607 1816 2758 2595 2648 2607 1982 961 1366 262 1660 1619 1238 537 267 2431 428 2633 1862 1480 2269 1291 1081 2797 551 667 1355 2138 2576 2835 1215 352 798 2833 166 2139 2776 1524 1421 299 385 685 2371 2092 1059 2619 342 2662 1811 1349 2444 2266 2738 2184 2226 969 1025 805 1278 814
000610.jpg,2454 2769 1870 348 26 2649 1369 925 480 2714 2538 550 663 179 518 463 1417 197 2840 1489 1710 1358 366 1701 421 1861 860 689 756 2004 1859 720 2125 2123 1665 1392 1575 793 2375 1234 57 712 2174 228 1776 1276 1034 2330 2418 2155 280 1930 2327 77 260 797 1758 1580 1792 656 1765 2456 2694 976 2461 746 570 588 493 1453 1193 1172 2581 2590 210 970 64 1030 305 1279 1724 2650 1664 2659 1788 514 404 1551 1375 185 2206 704 934 48 100 1292 1986 2419 884 1609
000611.jpg,1056 2294 2135 899 137 1212 2741 204 1944 1055 2728 116 1606 2207 97 2842 2511 1134 1547 2558 246 1067 1463 1935 2068 725 2665 79 686 722 2825 1076 2766 2736 2057 2435 447 1825 2580 494 2291 1899 2286 692 2813 2041 2292 2248 1464 804 165 2319 1452 329 1126 1937 2382 574 146 1777 677 1874 948 1639 140 1185 2639 2683 1223 2719 647 657 2393 2708 682 2305 442 274 2438 2569 608 2821 52 1592 430 1273 1918 1692 1275 864 346 1506 1868 2611 331 1924 2398 28 2598 1124
000612.jpg,1113 1487 396 455 2025 1262 1124 2053 225 909 331 1472 655 1787 1140 1018 721 1568 207 2669 2232 618 2495 1612 1037 653 758 430 941 61 418 31 2316 525 346 580 1961 2573 1011 408 654 2396 2017 2278 1481 2119 391 200 788 281 1117 363 1780 1662 2470 782 1275 113 1216 780 108 1972 471 1924 192 1462 245 1647 1505 2402 2690 49 2773 786 838 504 52 1026 138 290 2634 2142 383 478 1506 1141 84 389 2557 1918 2244 2761 1941 2806 2191 2467 936 840 1500 1438
000613.jpg,1631 291 1535 540 1346 1561 832 1593 1197 2542 617 2260 1483 1801 16 44 376 2129 499 1447 2317 465 2409 93 1166 895 1672 1590 1469 2277 1928 898 1334 1137 1087 614 576 2022 63 1513 2785 1597 1914 1749 2054 1847 1990 2249 2024 1693 824 2143 714 426 2784 529 1161 1228 2323 2324 2149 792 634 783 1743 2700 2242 240 1019 1333 1558 1449 483 761 2072 2437 1883 2180 1785 24 1773 2235 695 1207 1176 2030 2656 2202 683 408 739 1838 1262 2794 1689 49 2190 1300 2547 2745
000614.jpg,1325 1526 2516 2145 1779 406 1670 1385 1511 1442 1969 870 1707 1783 1007 112 1992 2095 1498 1794 336 2151 1068 338 365 544 1466 730 709 1379 811 1131 2730 1243 535 1311 605 2788 821 2290 410 1040 881 1455 2377 253 2746 2102 1894 1110 2299 434 673 1527 1966 1005 435 288 1516 2763 1079 2364 2549 1968 593 773 749 610 937 2219 2680 1871 800 1850 2341 2560 1573 1581 1020 1309 717 2613 1424 186 94 2417 1645 1634 2519 519 1138 2830 2243 1142 1913 855 2006 678 774 257
000615.jpg,1262 455 2232 1273 1568 1140 1124 2698 1506 331 1274 2053 391 1037 1024 2531 1216 1924 1612 1503 1011 295 2137 822 2236 655 268 131 1875 113 1715 2565 430 2806 726 1967 344 1635 1475 390 1843 1275 314 495 1200 31 2070 1929 383 1141 2142 1050 2715 241 1780 1918 2301 2470 654 1730 49 1356 2669 61 2407 2687 999 2765 252 525 216 2693 858 2406 1505 1648 2311 1755 1829 1008 1168 1299 33 1248 625 1435 1941 1293 1097 653 192 580 1187 159 363 1822 679 799 1143 326
000616.jpg,1049 932 698 1521 955 839 1249 1910 2083 323 56 2032 1272 1754 1041 2047 1189 370 1337 1949 13 1038 2578 2520 2421 640 2210 828 933 377 680 2795 121 2428 1429 2640 569 2839 2539 729 2798 1240 2629 220 2017 1273 618 159 580 1118 1275 988 2698 193 782 1143 672 31 1124 1018 200 2279 1216 335 643 865 455 289 536 2316 216 1132 1692 1780 2232 1704 1008 840 326 331 478 1248 1568 1472 1329 2090 1924 1140 1822 858 1127 2311 2602 113 1435 1293 1829 2687 1053 412
000617.jpg,2099 1532 330 1896 1339 2674 1741 734 2742 152 354 458 2819 313 849 847 1708 2479 1956 2557 1376 2500 2028 2283 1704 1827 2191 696 671 505 28 120 1563 238 587 2365 2181 532 2250 523 175 81 972 2681 2228 2370 2689 705 92 2716 1680 2119 2177 1917 2552 2534 2322 1335 2193 2052 2592 1111 2527 602 633 109 1332 740 1873 1746 261 1010 552 2144 503 1156 711 1961 2773 872 1262 2597 1011 2237 772 2764 653 1021 2594 968 1568 1543 455 33 2199 2017 2232 1140 1472 1831
000618.jpg,1993 1663 712 1422 1617 947 1045 134 2837 1444 1328 1782 1649 2767 2836 169 463 1054 2130 1623 2631 1029 1679 2050 197 735 1381 2707 2241 645 1658 1544 1218 2840 440 1261 2628 155 1369 2011 550 445 2735 1552 2439 1051 900 1840 1710 1489 2649 179 1777 2352 1185 1362 1897 1948 194 1437 1416 1486 860 2419 1417 2708 1096 1640 2580 260 305 319 1701 925 51 1307 1253 1870 965 2286 1208 1452 26 1860 1586 559 140 657 1868 1076 2133 978 674 1092 2046 330 497 1899 2826 2652
000619.jpg,2495 564 926 1357 39 2288 230 1818 2281 1180 76 1091 777 1996 1971 1786 1257 739 2224 989 1106 2114 1353 1559 2000 1841 2787 1137 1036 1152 614 1538 751 2699 2258 2239 1482 1451 2489 1476 2073 1087 1846 215 462 920 1900 576 1207 946 917 1950 2555 541 318 2033 766 2247 782 1018 138 2072 1048 902 1536 824 1026 737 1523 88 1804 1568 1919 1883 788 1943 341 1093 2398 2632 455 436 1601 2505 2465 108 654 2017 2784 2204 525 1297 862 2407 364 2634 2053 1912 1647 505
000620.jpg,1146 312 2832 2501 987 1624 1405 1934 1102 1407 2411 635 2528 1644 188 2044 2790 1656 2082 221 556 943 1386 2270 2817 2300 547 85 4 611 1319 817 1926 2574 59 626 2397 2389 1737 1752 1092 1545 283 1552 2419 1983 1202 1468 977 1486 1339 1437 2312 2606 259 1208 978 2265 1896 712 2544 606 463 1942 2670 1956 559 2133 2214 904 2424 495 1190 2724 2826 2652 826 1677 705 2148 2344 271 1173 659 2676 1151 2105 445 1923 489 734 831 1813 900 330 1955 1274 2307 313 1422
000621.jpg,1588 1132 1431 536 36 2117 866 142 1492 2078 802 1699 680 1236 1886 121 733 878 1430 2333 1256 1499 2380 2451 1553 2267 1268 429 988 2029 193 2090 500 2384 1053 432 1890 2668 569 2743 1038 289 1033 979 1393 901 743 332 21 1793 176 555 1441 1562 2421 2822 1543 1274 2108 2279 2808 1272 162 1118 359 367 1240 649 316 1885 1829 2602 1852 1065 2799 1182 1303 890 159 1124 1823 1127 1774 672 1754 1924 2091 417 2423 412 822 402 1949 1010 1374 933 2217 471 2839 1109
000622.jpg,2189 687 741 2548 2662 2844 2063 2455 837 264 1159 2797 2576 2484 1375 2269 2776 891 1009 352 1815 299 428 2833 267 403 2092 2403 1982 2139 1238 1589 1278 2371 2731 1291 1925 641 879 888 226 1619 577 1814 1735 537 1607 1341 1509 2175 1792 2412 210 667 1373 1571 857 262 1551 280 1660 1539 1234 1862 2206 1122 2039 1295 2255 317 349 2198 1580 421 1242 90 2094 2266 557 2771 160 1338 147 57 2595 1034 1622 2385 2461 2378 846 600 551 2811 2460 798 570 1069 2710 1861
000623.jpg,2502 2152 1371 2751 214 785 1365 1171 22 1214 941 84 2109 2567 621 2141 2263 1661 909 1866 744 1987 183 957 2841 1632 1927 106 2404 815 481 2623 2726 96 1525 894 1280 2153 189 171 1744 1139 1605 150 1032 2060 419 1953 2678 2572 2348 2197 2554 959 2162 2612 43 2562 609 167 2401 2507 592 506 454 1802 1596 2720 1286 2386 1880 2522 1726 1364 2831 244 1283 924 20 1889 2222 2457 1995 270 2160 2182 1251 509 1336 971 1199 1140 2503 949 1315 2168 1602 861 2053 300
000624.jpg,65 1908 2601 2471 990 1107 502 1310 768 1235 284 103 297 1254 2624 1323 1845 1512 688 1767 1608 2276 578 126 1186 903 2388 1340 848 931 684 1413 1391 2314 1830 1114 1720 702 835 250 1975 1821 522 2667 2161 205 2698 2831 1273 1286 1275 2079 1364 1692 654 1458 1032 2096 935 2160 2571 2425 1216 643 2687 309 2611 331 1356 1064 1251 1336 586 936 333 1277 1140 2705 655 481 1013 580 344 506 1955 786 1907 968 455 1506 402 1822 2311 2522 1262 326 216 2316 28 2465
000625.jpg,2049 631 1518 1017 2282 530 1290 607 2596 2093 2796 446 1909 2064 1613 921 1879 1604 1301 1237 1058 2140 662 984 1981 1567 2392 451 1906 1396 1105 394 355 813 243 2357 1742 1119 1002 1384 908 1554 1978 966 1331 2458 1673 2257 1370 942 1614 2696 337 1676 2085 487 2660 2543 1705 1681 235 2716 1621 2782 561 2715 175 159 1755 523 2698 89 326 2600 710 587 200 2017 660 2316 31 1273 52 1275 580 1829 805 367 655 33 2764 478 1039 840 331 1438 1179 1293 1787 2773
000626.jpg,1980 2685 2702 2315 767 277 369 1460 1989 211 2532 2496 1938 1443 269 2686 1833 889 1747 1548 191 2302 1165 2818 2 951 2510 315 2478 1759 2015 770 2663 431 1252 1557 70 2757 1125 601 2077 2777 1834 1753 1842 18 2772 1568 2634 721 654 788 758 1972 2161 2407 225 331 2244 125 927 580 2025 840 268 1822 1275 1037 1831 389 464 1143 131 2236 2232 655 1647 455 1655 31 1008 786 2061 1912 1787 1472 2142 504 1789 525 1730 1124 2402 2755 1923 1481 402 1706 2301 2622
000627.jpg,2512 222 1504 2218 1436 1305 2362 1052 1638 2450 2342 1736 755 850 1806 2355 2691 2071 1911 2201 2750 1933 2432 935 1098 1709 2645 1321 1790 836 2096 2156 897 796 144 2318 2420 320 1479 595 412 2587 453 2017 2074 1682 580 561 1273 326 1692 1275 399 653 1293 1822 629 159 643 711 461 1704 2698 1680 1097 1124 1118 799 602 290 721 2687 1303 2322 331 2053 1023 2163 1143 216 2773 1715 633 1018 2469 471 52 1568 1332 478 31 2232 1216 1248 430 2316 1140 782 1395 141
000628.jpg,816 177 2829 2679 1903 1085 2122 1163 477 2274 1688 1808 1155 1404 1100 1145 401 453 2163 1628 72 380 73 595 1599 1510 172 2722 399 2074 1976 2055 2587 461 208 1089 2009 437 460 823 2452 1233 981 1872 760 1023 141 2655 2636 2469 1717 144 1415 164 2577 694 174 1047 1784 2126 731 2098 2775 1241 99 2747 156 612 1160 721 2398 799 805 268 2402 1018 2355 753 1921 1395 1972 2119 1829 430 2552 1026 1317 726 1124 2236 1756 782 1011 1647 758 1248 290 2557 225 2594
000629.jpg,849 2479 2819 458 2500 313 1532 152 505 2191 2557 2365 1708 1563 28 2181 81 2689 734 2716 238 523 1827 2250 2283 1339 705 175 120 2552 2370 1896 2674 587 2099 1741 847 2534 671 2742 330 354 696 2119 2681 2228 2028 1376 972 92 1704 1956 1680 109 1917 2177 1335 2322 2527 532 2193 2052 2592 1111 2144 602 1332 633 740 1746 552 1873 1262 1037 1010 2142 2806 2715 1787 1932 927 125 268 786 1789 2407 1568 455 788 1281 346 1831 1813 2025 726 402 1026 655 1275 2301
000630.jpg,2301 1008 2407 2765 1568 655 2687 840 2634 1730 1662 758 1024 363 331 241 430 2142 389 452 478 467 1039 1378 1843 1929 268 131 108 1875 89 2285 2465 2505 1022 936 1941 495 1220 2821 726 753 484 2398 2059 2565 999 1275 346 1475 1026 53 344 504 2236 295 628 471 1503 290 1918 2806 786 464 1692 2467 2698 52 402 2690 2611 33 1273 2244 2429 1465 1438 1011 455 1500 1037 314 2531 1124 1789 1706 927 806 1048 1140 534 1831 1655 780 2053 1481 561 2715 418 1262
000631.jpg,101 215 436 364 1900 737 2040 251 2381 989 341 1427 2546 803 2114 1106 1389 1115 1559 374 2504 545 572 1230 766 1451 1683 1361 395 1898 2644 2000 581 328 407 2540 1394 962 2066 1798 2238 1093 2787 2242 1353 2759 529 304 2178 1951 1883 1175 1300 589 1213 2113 658 1306 485 727 789 2323 2784 2277 1334 2579 1786 646 1257 1801 240 2054 614 1971 2072 1137 1818 1558 1087 2288 483 1207 926 898 2495 39 714 1357 564 1091 293 1180 2281 76 853 1996 1928 252 525 777
000632.jpg,1056 2741 2135 1212 899 137 204 1606 116 2294 97 2842 1944 1055 2511 2728 1134 1463 1547 246 1935 2068 2207 722 2665 1067 2435 2041 686 494 2580 1899 2057 2291 657 2558 2766 1777 725 79 2248 1076 2813 1473 574 2319 1986 1464 1452 2286 677 447 692 12 140 2708 1185 2736 2419 2825 1937 2382 1874 2809 260 2625 1639 2292 1868 165 1126 1771 274 864 1275 559 671 1124 238 2322 788 1831 1708 2305 2393 1335 726 2236 125 1655 1223 430 129 2228 1026 659 28 1923 146 1475
000633.jpg,2065 982 1791 2682 2252 118 1651 2491 2328 1583 1063 1179 1579 1977 2792 567 998 919 1470 916 841 887 227 639 952 1354 9 1769 1578 517 930 114 1211 2778 1770 748 945 1531 1851 2042 515 819 928 2647 2379 2310 2729 1657 808 2225 1970 778 2711 382 763 1854 1920 2723 2793 7 2097 1667 923 311 2618 1210 2559 975 1585 2304 875 1271 2349 528 2575 2416 151 1367 579 1154 2488 2459 2715 1239 1262 464 455 25 1706 492 1568 2698 1472 1275 782 1932 1274 1273 799 1018
000634.jpg,687 2548 2189 2662 1375 267 1238 2844 1291 837 857 1925 1792 2039 1619 1551 1009 1982 1043 2139 2206 879 2456 1350 2576 891 421 1457 2455 2269 2198 1159 1520 1930 1861 2672 1234 2460 667 2590 570 2399 1776 2092 2371 1887 2063 2727 1034 551 349 57 798 1522 158 133 280 228 77 210 2468 1193 2833 1366 307 1580 1815 264 263 2356 2363 2484 342 1660 557 2403 1814 2581 689 2186 1292 1 577 2174 1086 1373 741 801 641 1392 814 299 884 2378 1480 2633 842 170 2694 160
000635.jpg,2063 1009 2455 837 264 1159 1815 1814 2844 2484 403 2731 2797 2092 1122 2833 1589 2139 352 741 2269 299 2576 2371 2776 2215 1735 2189 1925 1982 428 1619 1539 667 1622 1549 879 1629 1366 2633 2399 1520 2226 1480 2158 2834 1660 2431 2607 1816 1863 234 1 641 1373 969 2771 867 2385 2727 2100 913 1572 267 2412 1291 2486 262 1349 1238 1862 557 888 2460 2403 1025 600 1524 17 814 551 307 1129 1571 1994 2185 1684 2338 1338 1295 2206 577 1615 385 2223 991 1086 1618 2175 846
000636.jpg,2171 650 2043 2666 2816 372 1603 475 1916 2346 2810 820 1723 1541 807 334 1891 750 1153 411 1761 2387 829 922 1697 759 468 1188 1227 1456 1260 285 2167 1763 122 1570 1284 1387 546 1221 6 2268 2706 1858 1524 448 145 1865 2841 2643 321 2020 1943 2033 661 902 956 371 2240 37 1950 669 459 469 87 1626 619 1809 795 917 590 1905 1014 2651 2804 1090 32 541 1702 2802 86 2563 751 102 298 993 2630 2313 290 2748 83 2684 1192 2261 620 1410 2634 1285 758 2368
000637.jpg,2178 304 2113 1213 2066 1394 727 658 589 1175 1951 1306 485 545 1389 2546 1115 1334 1798 962 1361 2323 572 395 2644 1230 1451 529 1559 2022 2277 2787 1106 2072 2000 614 1683 2540 1558 1207 1137 2249 2054 714 1801 1353 898 436 1087 803 215 251 341 737 374 2114 101 989 364 2040 1900 1898 1883 646 581 2759 2409 1427 252 525 625 679 1027 2311 1141 225 822 1505 1248 1598 1435 113 245 2154 426 782 1166 2381 2504 412 1972 1026 1928 1561 721 1197 1018 290 117 2400
000638.jpg,2099 1532 330 1896 1339 152 2674 1741 734 458 354 2742 2819 313 849 847 2479 1956 1708 28 1376 2500 2028 1704 2557 505 2191 2283 1563 238 696 1827 671 2250 2181 120 532 2681 523 587 2228 2365 972 175 81 1680 705 2177 2716 92 2689 1917 2322 2552 2193 2370 1335 2592 2052 2119 1111 602 633 1332 2534 740 109 503 2527 261 1961 772 653 552 711 1873 1262 1011 2232 580 2237 455 2144 1010 33 1568 1021 1831 1746 268 2764 1472 1117 618 2062 1140 331 159 2715 495
000639.jpg,2018 2551 2284 2146 764 2008 719 1289 2487 1204 247 2582 153 206 1128 1403 343 190 2361 1493 1534 539 723 1577 2485 1997 1157 1351 303 914 1772 212 1121 2603 604 862 2453 2110 450 1359 35 1751 812 2824 276 2209 58 1247 2585 516 1915 549 585 2718 615 2729 2067 874 869 196 1633 490 998 849 1787 207 2353 152 413 1532 2716 2479 2698 347 1708 2610 2690 479 1970 2081 1347 402 2214 1583 1835 2099 464 786 1568 1924 200 1099 1140 471 1282 408 1438 871 1781 2396
000640.jpg,304 1213 2178 2066 2113 1394 545 1353 1883 2784 658 727 240 1175 589 1951 1300 529 1306 485 483 2277 395 2546 1334 1389 2644 1115 1361 572 1559 2022 1798 2787 1230 962 2249 1451 2323 1801 1106 2579 1683 989 2000 251 2114 789 374 341 2054 2759 2381 614 2040 2540 1593 1137 581 215 436 803 737 1900 2504 1971 2072 101 1558 39 2288 1087 761 1786 1898 824 364 1818 1093 328 1207 63 766 1476 407 926 117 252 1427 564 625 822 2495 679 2311 2238 2137 22 1435 525
000641.jpg,123 1255 1757 882 2150 986 965 1775 2767 1218 455 1127 1261 326 2515 207 372 296 344 331 109 2631 1262 1187 61 134 356 1956 209 1274 1387 838 1924 623 1010 2378 1472 655 1780 414 1216 245 2053 1648 1600 92 1141 383 2025 1787 1124 225 1327 580 408 2212 2424 49 1568 932 1282 139 550 2822 525 2396 31 947 1635 155 1275 471 1961 27 216 2606 2475 391 319 900 1486 2742 1438 2628 2232 1708 1506 354 1967 1206 173 1140 418 654 1552 1148 1332 1441 533 712
000642.jpg,458 2819 152 313 849 2479 2500 1532 734 1708 2557 505 1339 2191 1896 2674 1563 1827 2283 1741 28 2181 2365 847 175 523 2099 238 81 120 2250 2716 2689 696 587 2552 330 2370 2742 671 705 354 1376 2534 2228 2119 2681 2028 972 1704 1956 92 2177 1680 1335 1917 109 532 2322 2527 2193 2052 1746 2592 1111 602 552 633 2144 1297 1332 740 449 1787 33 1156 125 2025 268 207 261 61 1912 653 788 2794 2244 1831 495 1037 2142 786 838 1011 1465 1932 2232 131 1923 290
000643.jpg,44 1447 16 1483 1469 376 2317 1672 1057 761 1836 1749 2785 1914 2437 1449 2249 1631 1990 1425 1178 1476 88 2202 2523 2745 2700 1620 1732 1224 1450 603 834 1073 95 2422 2275 34 1856 1678 576 1147 830 2518 1277 596 2555 824 1116 2058 1727 47 2547 291 1713 2180 1714 2111 2136 1120 2190 132 339 845 683 1593 83 1838 894 2441 465 863 832 1244 350 1523 1032 2554 2194 2153 2695 419 2129 1517 1176 1646 751 2261 762 441 2030 96 758 2239 654 1441 1927 1632 1787 115
000644.jpg,849 2479 2819 458 1532 2500 313 152 505 2557 2191 1708 1563 2365 28 2181 81 238 734 2716 2689 523 2250 1827 2283 1339 175 2552 1896 2099 705 120 2674 587 1741 2370 847 354 330 2534 2742 671 2681 696 2119 1376 2028 2228 972 1704 92 1680 1956 2177 1917 109 2322 2527 1335 532 2193 2144 2052 2592 1111 602 1332 1746 633 740 552 1873 1010 1156 33 53 1543 999 261 771 2244 52 61 2715 225 207 290 2059 1787 726 780 1465 1662 2236 2285 786 495 2429 1275 1831
000645.jpg,485 1175 1306 1951 1334 727 589 658 2323 962 1798 1213 2113 2178 1361 304 2066 572 1230 1394 2644 1451 1389 395 2540 1115 2546 426 1597 2787 545 714 1558 634 529 1559 2072 2143 1207 898 24 1683 2024 1197 2430 2409 2277 2000 1137 614 93 1166 646 2054 1928 895 1106 1689 1590 2022 1561 853 1427 1801 251 1087 803 581 2114 374 293 436 2040 1900 215 2759 737 364 2656 1149 2324 101 1333 2149 2320 2533 341 420 2242 2381 739 1786 1869 822 1397 2542 1353 1435 1923 2579
000646.jpg,2164 1781 2091 239 2794 2669 61 192 49 207 245 383 2025 654 838 139 2070 1787 2173 2396 408 1282 2280 209 1127 225 356 296 449 525 1356 1780 2311 1274 1924 1141 216 1505 653 1435 1248 2470 2693 625 679 1299 1168 252 1598 2531 27 2137 1506 113 1477 858 1240 752 2565 822 455 1503 268 1875 1245 2232 1262 2279 1037 131 1124 1140 391 1216 2142 2053 495 33 1500 1612 1941 1843 1568 2806 295 1662 1275 331 290 786 402 241 1024 1918 2236 346 363 1635 344 1967
000647.jpg,2090 988 193 121 569 571 332 1793 1268 2568 2415 536 901 680 370 427 340 2217 2210 1065 1272 13 323 56 640 1189 729 2032 2083 1337 2520 2839 1132 2795 2047 2640 1910 1588 2798 1038 2808 2421 2570 2671 1764 36 1240 2108 1754 1329 2380 828 1266 1952 1275 955 1431 1118 2578 1929 159 432 933 2513 2236 698 2335 1293 1475 865 1037 1441 1273 1429 2539 580 2611 1924 1789 1236 1216 2053 2698 2279 1949 412 1829 505 1976 2764 1955 743 1248 1124 1097 1563 1831 1635 1822 643
000648.jpg,1113 396 1487 1144 647 225 2823 455 1371 1874 205 1612 1262 474 2669 2683 1183 1477 482 2639 1780 1334 1568 329 907 275 1472 423 580 1011 1787 2025 138 2436 278 2053 49 2232 408 2690 941 2467 587 61 104 525 1018 1918 31 281 2540 383 2017 2359 1223 2396 654 1962 1501 2062 2119 244 1592 653 1124 2115 838 92 543 346 261 1282 418 721 192 1532 207 356 2569 245 1662 351 1395 1140 1866 1225 494 1166 782 2280 1506 331 290 2598 296 858 1293 2527 52 804
000649.jpg,2045 1584 2023 2755 258 747 770 1320 848 654 1780 522 1356 2144 446 2569 31 653 326 580 903 159 225 1117 68 455 2017 2669 1503 478 2715 331 1829 2191 684 2698 61 768 990 1918 290 1293 523 2667 1592 1140 2316 2388 702 1141 2055 207 2311 1248 2742 418 1323 1781 682 1472 1613 1262 503 2025 1275 1047 113 1692 103 643 2438 1896 2794 383 1975 525 2343 1097 1839 2681 1216 1023 2161 1273 502 89 192 1186 200 1506 2070 2467 52 1612 2693 2757 1568 771 33 1435
000650.jpg,1334 485 1175 1306 1951 589 2323 727 658 962 1597 426 2409 1798 1558 1197 1166 1928 634 895 898 93 1590 714 2143 1207 2072 853 2024 24 1361 1137 614 572 1689 2430 1213 2324 304 2113 2178 2066 1561 1230 1087 1389 1394 2787 1451 2540 1559 2644 2000 2546 1869 1106 1683 2022 378 1594 1115 2483 1346 2542 1631 1195 2656 1206 2277 2054 803 581 676 395 2149 1397 796 145 493 2247 1412 646 2224 2701 420 529 2245 1805 2493 1541 2154 1075 111 1646 1801 404 738 1609 1203 1322
000651.jpg,1742 243 1554 355 1396 1105 813 1370 966 2458 1495 2257 2696 1331 1384 2660 1673 337 1614 487 1705 2600 1681 942 2085 2543 908 2049 530 607 1002 446 1301 1604 1237 2259 660 2782 54 710 360 542 1567 1893 1017 1739 1000 1978 1058 2664 1981 2282 2140 984 1290 451 1853 50 1676 631 1518 2064 1031 2369 921 1695 2093 1287 975 2796 2803 175 1275 1565 313 662 504 1929 671 1339 523 1613 734 561 1909 412 847 505 587 1273 2597 711 840 1972 1896 28 33 120 495 324
000652.jpg,2502 2152 214 1371 1365 2751 785 1171 2567 1866 22 1214 2141 2263 941 1605 84 2109 621 2841 1139 2623 1280 1661 1987 2348 1525 183 909 2726 1953 150 744 815 2162 481 959 454 2060 2678 106 1032 189 171 2554 1632 1927 96 957 894 419 2503 2401 1084 506 609 2030 244 1458 1744 2160 2572 1602 2153 43 1198 1144 2612 1217 2705 2404 1143 2079 1822 1118 1750 2188 2831 1802 167 2562 2386 275 455 1263 300 971 159 2197 580 1283 1364 20 2232 2062 1596 1568 949 2498 1262
000653.jpg,1911 2362 2691 320 2318 2355 2512 2420 1682 144 1387 1479 796 1305 850 1504 222 2218 1436 1052 99 2747 1047 612 2098 1098 629 2156 1321 1638 2750 1933 935 897 453 836 2642 2432 2096 401 1736 1790 2645 599 2201 1200 1806 2163 2452 1023 755 2342 1676 2537 2071 1709 141 2055 2446 2450 2655 694 164 1784 1628 1145 1621 666 73 208 2028 731 2232 174 172 1956 1568 2775 984 532 822 399 671 1717 1262 28 455 595 156 331 458 2137 2099 1011 1160 1241 354 1875 2469 1718
000654.jpg,569 988 193 2090 2568 2415 121 2217 427 1793 901 332 571 340 370 743 680 2423 2380 1256 1553 2267 1430 1065 323 1236 56 536 2047 1189 2032 1886 1699 2735 1521 955 2421 2108 2629 2668 839 2539 2221 653 2693 2333 580 729 1787 1888 1568 654 31 2199 1356 1435 192 408 1429 2280 2053 159 2798 296 1780 1248 2025 479 49 1272 838 1038 1441 1337 225 2232 2594 1827 383 354 822 139 1050 2671 1317 245 1135 1781 27 61 455 2742 698 758 1070 1282 2173 525 799 326
000655.jpg,167 20 1995 454 2162 2726 1744 2222 2030 38 115 1661 2573 2109 744 22 1214 1171 592 2751 2791 2303 1205 448 117 1284 411 1865 1401 2567 122 1456 275 2268 1659 922 1188 1697 23 327 1880 1199 2706 37 42 1570 205 956 1882 2623 459 2153 636 1082 1198 1044 2216 1802 1113 1084 1556 2197 1763 2784 1227 2313 1749 1308 2278 189 2261 298 834 419 1525 1858 2468 2572 313 2128 2794 2807 2806 2203 1280 1883 2263 2554 586 824 2060 2555 2118 1632 1032 1563 2507 924 894 2058
000656.jpg,1001 1810 2509 2583 67 2121 2350 1012 1075 202 249 627 1406 1944 1055 899 725 2728 2291 2057 494 2294 165 2207 1212 137 2825 404 2435 2736 1594 1195 574 1590 1609 1869 1874 2558 2766 2135 895 677 1606 2248 1825 378 93 1899 2741 2329 2813 2719 204 1805 24 686 1689 1223 2748 692 1611 338 1441 2020 2382 2665 359 1169 2780 1056 775 830 1517 634 2068 730 937 1126 1943 2683 447 116 2684 1937 2368 1547 2701 2143 1626 2842 442 2325 321 682 1076 347 1639 2292 1787 1897
000657.jpg,196 353 98 776 2474 1643 585 1625 1864 1819 2081 2067 910 1042 869 2353 2334 701 2462 2103 1963 276 1402 809 2256 2361 69 2101 2027 643 561 1275 1273 2611 607 1344 2698 1702 1220 1438 1662 732 1140 418 1048 412 2687 1378 471 655 2429 1097 1692 402 1293 2467 2690 1977 290 505 1481 936 389 138 758 534 580 653 620 2244 1465 753 1755 175 159 331 786 2643 2632 840 1612 781 780 1791 2715 2346 2716 2764 1179 326 346 1730 2465 2505 52 2017 1018 363 1117 455
000658.jpg,979 2227 2786 2108 176 432 2668 1562 2743 1393 1033 2029 1065 1890 868 1888 1418 340 554 1686 886 417 597 2333 555 1268 289 571 62 802 332 429 1492 2384 142 1256 1398 2078 361 199 1053 2117 988 1588 1132 2451 681 1430 121 193 893 21 1793 878 1431 536 1886 2090 1699 292 2640 78 302 36 865 1266 2808 2217 901 680 2839 1553 729 427 2380 2415 1952 569 1236 1329 2423 743 2335 866 2568 27 2267 323 1038 933 1118 2795 828 2421 654 2570 2822 2406 1272 1764
000659.jpg,2769 2454 1870 2649 348 26 1369 480 925 2714 2538 550 663 179 2840 518 1859 463 421 197 1710 1417 2375 1276 1590 2125 1489 1358 1861 793 93 1392 1172 2155 433 689 756 404 895 1453 77 2020 1298 2418 2461 1665 1092 57 2581 1575 2123 1193 210 1169 1901 2004 280 1792 704 1345 2174 445 1034 1758 1788 570 1234 693 2419 514 2694 934 493 563 1795 884 1434 1701 1609 1580 1847 2574 2206 576 2327 1631 2752 2650 645 524 720 2397 1203 1576 1292 1279 279 371 2605 1930
000660.jpg,403 1159 2063 1815 2455 1009 837 264 2484 1814 2844 352 2731 2215 2797 2189 1122 127 1622 226 2811 2092 299 2576 2255 846 1589 2833 2139 2269 1520 2776 2371 17 2412 741 2399 428 307 1 1982 1571 2100 2486 573 317 577 1338 1025 1925 1349 537 2727 147 600 2648 879 1803 1619 667 969 2094 961 685 642 1101 1539 2338 2431 2138 1862 2266 1735 2403 1615 2158 1618 1060 234 2710 1509 160 1421 2213 1078 349 1572 2595 1530 1366 2834 2226 262 888 551 1607 1816 1291 1341 2635
000661.jpg,2174 2418 1792 1930 1234 1861 57 1580 570 210 1034 280 1392 294 2461 2004 2229 793 1276 1859 1375 2456 1358 2374 2330 2327 2125 689 1575 1665 1758 746 2186 1072 704 1724 1664 421 976 756 2662 493 1292 133 2838 77 2672 548 2694 1947 422 2155 884 1716 857 1348 1576 242 349 934 1377 185 366 158 438 1196 82 1551 2039 170 801 1350 228 2513 1030 1279 798 1522 1043 797 470 1457 263 1887 2590 2703 287 656 1193 130 2659 1776 2541 2356 1857 2127 2206 2581 885 1877
000662.jpg,795 143 2298 1129 2517 2185 2363 1440 1694 1684 1411 2584 2460 2529 386 718 2619 557 2468 879 2771 1295 267 1291 1238 1807 1373 2710 641 1242 2271 1863 1524 1215 991 1445 262 787 2801 697 1925 888 1619 1939 741 810 30 2175 1735 2385 1509 1982 71 1324 685 2139 1549 667 1480 958 2616 1366 1816 147 2833 1660 2431 273 2524 2576 2607 1629 638 1270 1811 2776 1803 687 299 551 2633 342 1514 1294 2104 577 1059 2189 1862 2371 2444 2269 1814 2403 428 385 352 2844 969 2595
000663.jpg,1385 1007 1779 2145 406 1707 1894 742 1992 2763 1645 1526 2102 1138 519 1442 1800 1731 2516 1511 1871 773 1325 2613 1969 257 709 288 1527 186 535 2377 811 1068 2219 1455 365 410 821 112 1040 605 2609 1516 1466 338 1783 730 1670 870 1110 1311 544 336 435 253 2341 2830 434 1581 1309 2680 1379 248 2560 2730 2095 1020 1424 610 678 2290 2788 1966 94 1968 1498 1079 881 2151 2549 749 855 648 937 1850 673 1794 774 1573 1419 593 2417 392 2492 1131 1243 2746 2006 2364
000664.jpg,540 783 617 1535 1346 949 2542 291 1856 2441 1161 1561 1513 2827 310 1847 1343 2242 1019 2737 832 2202 1914 1773 2129 1093 2111 2745 2785 407 1785 940 766 462 1631 2238 63 1004 1795 1103 1091 1693 2190 689 2639 95 198 647 1228 1996 450 983 75 2422 1772 341 1482 2017 88 2112 723 2585 2374 328 303 280 905 1918 207 2116 539 1692 1359 782 2733 34 290 777 1476 1999 346 132 471 363 61 478 146 1780 1018 1749 786 1506 1176 2821 2683 1438 60 1472 52 1141
000665.jpg,1125 70 1753 2777 2772 2077 2478 2561 2510 431 2161 1759 1035 1839 2757 315 1165 1390 1557 2302 2622 1252 191 1834 601 18 2 1842 951 2015 2663 2818 767 1235 2685 277 1980 688 1908 2276 1391 2315 1938 2314 297 369 412 1989 430 502 2686 2702 1186 284 1472 2471 495 1413 2398 561 990 578 2228 103 753 1008 2279 1747 2402 2311 1303 721 2624 1972 1220 1323 426 1608 553 1248 1923 696 628 89 2689 1114 1845 525 485 1829 478 758 2759 2061 2407 2632 2181 788 125 68
000666.jpg,2045 1584 2023 2755 258 747 1029 1701 860 611 1319 463 446 1386 556 188 2735 1307 2076 31 1604 1981 547 715 1774 2343 1237 235 906 100 2140 2770 770 255 1617 2715 27 711 1362 1240 1461 1017 2419 1780 162 1829 503 712 1435 670 1356 1486 1248 220 654 1274 113 1396 1118 1746 580 331 507 1710 274 367 451 1472 1369 260 1262 1567 1505 1140 1852 1897 383 1441 968 2822 2809 674 200 2742 2406 159 1942 1301 1187 1190 455 655 530 1208 1598 523 494 1182 2017 2034
000667.jpg,213 757 558 1533 1728 1231 135 2413 2295 2533 2320 29 754 2756 2408 1149 119 2021 1383 286 184 80 1296 2172 293 2673 1312 2638 2472 2024 1448 707 1478 2615 1265 2354 520 1984 24 2143 2430 761 1719 783 1945 634 252 218 412 853 426 2398 752 1220 2404 274 561 608 424 753 1766 2249 430 822 2137 1780 1182 375 2366 1472 2291 1506 391 1275 2292 113 2311 494 526 1027 1597 1924 864 1248 994 2057 858 534 625 2634 146 1904 1018 1435 1477 782 2429 2725 138 1918
000668.jpg,2224 293 2320 1149 754 2533 27 2756 29 286 2673 853 2693 1231 2280 2172 1728 2173 2021 838 139 245 209 192 1787 2396 2470 408 61 225 1282 1187 207 383 654 1127 49 2669 356 296 239 2025 2406 1781 1780 2091 2164 2794 525 1648 2070 449 653 739 1533 1924 1715 1635 1967 1050 390 2787 1505 1356 1477 1168 1299 314 757 1248 2531 1435 1141 2311 216 679 1274 625 1598 2054 2137 31 2053 2683 24 1240 646 1156 120 1441 1639 634 1689 2557 218 1555 1774 426 552 2540
000669.jpg,641 2385 991 1373 1863 888 262 2771 1735 741 1509 2524 1807 1619 1295 879 2104 667 1349 1925 1242 2460 1549 1524 1572 1982 913 1520 234 687 428 2431 2710 2363 1 2776 557 2175 1803 2399 1291 2371 2139 1167 697 2727 273 961 1862 267 147 1238 1652 2833 1618 352 2834 1814 2797 1025 685 2226 2844 1811 2633 2576 41 1355 1539 2138 2092 2269 127 1660 299 1540 307 1264 385 1215 969 2231 2607 551 867 537 2403 2298 1629 1366 2158 2781 912 814 2215 1816 577 2340 472 2801
000670.jpg,1865 411 1284 1456 922 1188 122 37 1697 1763 2268 448 1570 1858 2313 2167 468 1082 1227 459 285 2261 2194 298 1285 1090 476 586 669 1221 229 1308 829 2118 1153 1260 546 2030 2706 980 443 973 661 759 1610 1015 1761 1884 1891 807 6 582 1723 1560 1006 1702 2643 2666 650 2677 2816 2627 1916 475 820 1537 2043 2346 2171 732 454 1603 620 1541 2810 372 334 750 181 205 1083 167 20 2476 956 1797 629 275 2168 653 580 2053 2468 1882 1286 1568 1756 2236 2387 2823
000671.jpg,1083 1702 6 732 2643 181 620 546 582 1797 759 1221 285 1260 468 2476 807 1858 2807 1891 1318 1697 1570 2313 1188 298 636 2425 1139 2278 2194 1536 2261 922 661 476 1723 2816 1227 669 936 471 758 1692 402 1438 2171 448 1018 1662 363 2043 411 1048 643 389 1763 2467 462 418 782 2611 2505 2465 1918 2690 786 1865 346 1481 829 1472 2632 478 840 138 2346 42 1612 1568 2821 2263 455 2153 2061 1220 2398 894 2634 2810 753 2429 1262 1153 1456 1275 108 52 1032 464
000672.jpg,2210 2520 2671 2578 828 640 377 1337 1429 2539 1272 2798 13 2629 2428 1910 729 2640 2083 1754 672 2828 2221 964 1070 1266 933 1952 2120 2335 1668 1764 2038 2808 2570 2602 865 2795 2031 1374 1399 1949 2839 1329 1038 1249 323 2047 698 2032 2421 358 1041 432 56 1049 1189 1187 27 2720 1127 1216 455 1521 955 1118 1924 1274 2053 2343 2513 1240 1124 2562 2188 1018 2442 1275 1472 1262 2396 1037 1140 2280 344 838 2718 1568 2236 295 782 1143 2678 1506 2025 1255 1880 2028 209 216
000673.jpg,2164 1781 239 2794 2091 2669 61 192 49 207 245 2025 383 654 838 139 1787 2070 2173 2396 408 1282 2280 209 1127 225 356 296 449 525 1356 1780 2311 1274 1924 1141 216 653 1505 1435 1248 2470 2693 625 679 1299 1168 252 1598 2531 2137 27 1477 1506 113 858 1240 752 2565 822 1503 455 268 1875 2232 131 495 1262 2279 2142 1037 33 1124 1500 1140 2053 391 1216 1843 1941 1612 2806 1245 295 1568 1024 290 1275 331 2236 241 786 1472 402 1662 1635 806 780 52 1967
000674.jpg,2093 1518 1017 631 2282 2049 1879 1290 607 2596 1909 530 2796 1613 2064 921 2392 984 662 446 2140 1058 1906 1237 1301 1604 394 1567 1981 451 2357 1119 1002 1978 1396 355 700 1105 124 1621 918 908 813 708 1676 996 2530 243 2085 345 1491 942 1331 2692 1554 1988 2543 1587 1673 2675 1614 337 716 1742 1384 237 527 2257 2262 2131 2696 651 616 2458 966 2205 1370 1564 591 1181 852 1145 2781 1216 1404 1248 89 2716 840 660 344 478 1275 1435 561 52 2006 786 31 487
000675.jpg,1993 1422 1617 1663 712 1045 947 2837 1444 1328 134 1782 2130 1649 169 2836 2631 2767 1623 1054 1679 2707 2050 1029 463 1381 735 2241 645 1552 1658 445 2840 1544 2011 550 197 179 440 2439 1261 319 2735 1253 1218 155 900 2628 1710 1840 1948 1489 1486 1437 1416 1096 1307 260 1369 259 51 1897 1208 1362 674 1640 1051 2419 2352 1860 1796 563 305 860 562 2133 559 1983 2046 2482 1777 2076 992 2287 715 965 2088 1417 1701 2515 497 2397 1123 978 1586 2826 2649 1092 2650 906
000676.jpg,6 1221 1260 285 546 582 1702 759 620 2643 732 1188 1865 1083 1858 181 1797 468 1697 807 2313 1570 1227 2194 411 2261 669 476 922 1284 298 1139 2476 1891 454 2677 2162 661 1456 1761 448 829 1744 1153 122 2726 2030 2807 167 2425 20 1723 2627 37 2278 2109 229 1987 1318 1844 372 5 1082 636 1696 1763 744 2115 2816 609 281 2457 2168 973 1171 2268 2706 815 1285 244 1286 650 2118 1880 941 2171 506 565 2438 1199 1766 592 682 1610 1515 2053 629 1366 2666 653
000677.jpg,1870 26 2454 2649 348 2769 1369 925 480 2714 2538 550 663 1417 1701 860 1710 1489 1788 433 179 197 2289 518 2650 2375 2482 769 1895 463 161 2840 173 231 712 970 1172 1796 259 260 524 1496 100 1453 2817 2397 1092 2826 659 1901 48 1656 2200 2358 305 2035 715 489 1035 1422 1029 978 2553 2082 2724 611 2652 1752 2050 1437 64 2556 556 1146 2419 1840 1640 201 2544 559 547 1486 689 2721 1148 1934 1569 934 1102 440 168 2606 415 1627 1428 1782 1051 188 872 2628
000678.jpg,1146 312 2832 987 2501 1407 1624 1752 1405 1102 635 2300 1934 221 2790 4 188 943 2082 1644 2528 2411 1656 2270 547 556 2044 611 1319 2817 1386 59 85 626 1545 817 1737 1092 1202 2419 518 1926 2574 950 977 1799 2397 1496 1636 978 663 2148 550 1422 259 1316 2389 2069 2836 2556 440 1486 2652 712 2840 2312 559 2826 1468 1840 2367 2815 524 970 2606 1782 1172 283 1983 1552 480 1148 463 1437 2544 1369 2538 2133 169 826 1617 900 1208 2649 2837 659 2424 2767 925 2200
000679.jpg,829 1153 1227 669 1865 476 2261 411 1761 2194 661 2313 2168 229 1188 468 922 1858 448 820 1456 1284 2666 1541 1603 650 372 807 1763 122 2043 2816 2171 1387 475 1697 1916 1891 1260 2387 685 2346 1723 750 2810 37 1560 334 2167 2823 2268 759 1570 2468 1090 459 285 1288 83 1703 1919 1044 1286 1082 2030 2706 2166 2563 993 42 2831 546 1216 1638 2802 2216 637 1308 1275 1363 344 751 2437 2053 1844 95 2153 586 1517 357 2096 1475 653 295 2236 187 959 1435 2611 1127
000680.jpg,1993 1422 1617 1663 712 947 1045 2837 1328 1444 2130 134 1782 1649 169 2836 1623 2631 2767 2707 1054 1679 2050 1029 1381 645 735 2241 463 445 2011 1658 1552 2840 1544 550 2439 197 179 1261 440 319 1253 1218 2735 900 155 2628 1710 1489 1840 1437 1486 1948 1416 1307 1208 1096 260 51 1897 1640 259 1362 674 2352 1051 562 1369 1860 992 2482 563 2133 2046 2287 965 2419 497 860 1123 2076 305 1586 2088 1983 2515 559 715 1417 1796 2650 906 2424 1701 2397 2826 1878 1569 1468
000681.jpg,2516 1526 1325 1511 1707 1442 2145 2843 1969 257 1779 406 1385 1007 1992 730 1670 2102 338 1466 773 1871 1068 1731 709 410 112 811 2377 1138 1783 519 1455 2730 2613 1379 1527 2763 937 544 2151 365 336 1794 2219 1079 288 1516 434 1005 2290 535 2788 186 1800 1131 749 1110 2746 2364 1645 1894 1243 2549 821 253 673 2299 1311 2341 870 1498 435 593 1040 1966 1968 2609 605 742 2830 2560 610 2417 678 1913 1424 1020 1581 2006 855 1174 2005 774 1850 1634 1309 2243 1142 2492
000682.jpg,2518 1147 1678 1073 1732 2136 1244 2275 393 1646 830 1450 863 1620 603 339 1120 751 676 845 2395 2383 373 1523 2754 441 2695 1016 1691 1462 584 1178 575 471 1481 1836 1195 371 1914 840 1438 52 331 402 2244 2802 321 643 34 2437 786 2422 2785 389 2634 1943 1568 1662 1594 2005 1275 1601 363 758 418 207 346 2232 89 359 780 1124 2073 430 2407 1008 1465 2311 806 33 1220 53 2429 216 1692 131 525 936 2091 625 1441 1248 1140 241 561 534 1941 495 113 2523
000683.jpg,1125 70 1753 2777 2772 2478 2077 2561 2510 431 1759 2161 1035 1839 2757 315 1165 1557 1390 2302 2622 191 1252 1834 18 601 2 1842 2015 951 2663 2818 2685 1980 2686 2315 1938 430 1303 767 2398 1845 1220 1235 753 1881 89 2702 1608 2402 628 2589 495 1472 478 2378 758 995 2689 452 412 522 1829 1923 277 1248 2279 331 1972 805 721 688 2314 525 369 1008 788 2228 2244 1395 252 1391 1022 2632 1048 2311 2762 2144 501 2061 297 1378 138 1503 2634 655 561 1912 1747 2407
000684.jpg,12 2809 1473 1876 1721 1613 608 523 2402 2552 173 274 1472 1829 430 175 2716 721 1972 504 2557 89 788 458 508 482 1039 671 1390 1787 1024 2531 494 331 655 1182 505 1918 444 1647 1275 1026 1439 401 637 758 452 225 901 2059 2236 252 662 561 627 1303 696 2053 2025 2181 2119 2051 1037 1124 534 2715 1475 2765 28 1711 1789 125 1018 1932 2191 478 1293 1317 1780 2634 1909 840 2057 1022 1706 864 464 2279 2061 2144 2598 994 927 682 1881 52 389 455 2283 654
000685.jpg,2045 1584 2023 2755 258 747 770 1320 848 654 326 31 2144 1780 580 159 1356 455 653 2715 225 418 522 61 1117 1503 1141 207 68 684 478 331 1275 2698 2025 2316 446 2017 290 2669 2070 1293 2388 33 1262 200 1438 903 192 2191 1472 1273 786 471 2311 2742 2142 52 2244 1097 1787 1692 1248 655 1481 1140 1918 402 1568 2681 1975 525 2569 768 1829 702 1506 523 2794 113 1781 1443 2161 346 553 806 771 2119 936 2467 643 1303 89 268 1220 533 721 990 1216 840
000686.jpg,1946 2394 416 1778 105 11 883 7 2793 975 1002 561 412 1612 664 495 2398 1220 1843 471 478 53 290 2698 753 138 346 2467 2193 52 89 241 252 1692 1438 1506 216 2311 655 625 1248 840 1941 2716 2690 33 2821 1273 113 430 858 2407 402 1141 2052 2070 1048 1966 786 1008 2634 1918 2142 331 1435 2681 2458 2417 2479 673 2715 2244 643 525 1356 1378 1924 355 679 2632 654 2144 2279 1472 1495 1780 243 2527 2689 1303 1662 587 771 822 849 1598 1465 1018 1503 2285
000687.jpg,2540 1361 1451 646 2323 962 572 1798 1559 2000 2644 1334 1230 2072 1175 1558 1306 1951 1207 485 714 589 2054 395 727 658 1427 1106 614 898 1137 1087 251 529 2787 1394 1928 2277 1166 2409 93 803 895 545 2066 1900 2381 1213 1801 364 215 1683 2113 436 101 2040 1590 2178 304 737 1197 374 989 1389 2546 341 1115 853 426 2784 1257 1883 1353 634 2114 1786 1597 1971 2504 2324 1300 1898 581 2759 293 2430 739 1561 2143 39 766 76 2495 240 2288 407 1357 2247 789 2242
000688.jpg,1495 966 2458 1742 1384 1705 2600 2660 1370 1554 243 355 487 1681 337 1396 1105 813 942 2543 2696 1331 2085 2257 1673 1614 908 1002 2259 360 54 607 2782 710 660 542 1978 1893 1676 1739 2664 1000 1031 50 1853 2369 530 1301 446 2049 1695 1287 984 2803 1604 1567 1237 791 1565 2262 852 1508 1290 1119 711 313 7 1981 1058 1680 505 523 2193 1518 671 458 2773 1275 1929 587 1017 633 1273 175 1741 2322 28 580 975 847 2228 2715 1730 320 412 734 1339 532 1827 1335
000689.jpg,795 143 1440 1129 2185 2517 2298 1694 2363 2529 386 1411 1684 2584 2619 2271 718 2460 1445 810 557 2468 71 787 30 1480 697 1366 1939 879 1816 2771 1295 2607 958 1660 1373 1807 1215 641 2801 1863 448 262 342 888 2616 273 1514 2385 2576 1995 2139 991 2633 669 1549 1524 2833 2740 741 577 638 147 551 115 2269 1275 1744 160 1925 1059 307 267 505 1629 1882 2749 1227 1378 220 1929 1982 2261 2092 2726 1619 1140 2524 2595 299 411 1735 2109 1238 1291 1730 295 2398 2465
000690.jpg,2725 2448 119 1296 1383 80 2464 609 2404 184 1766 2615 135 1889 1448 520 2413 509 558 1312 1478 1984 2408 2295 1265 232 1945 244 424 957 2472 2354 213 1269 2457 19 1696 2566 2115 5 744 844 707 1515 2638 1426 909 218 2128 466 1529 1477 1722 498 1867 1616 1849 2169 2390 1533 2109 592 84 941 1602 375 2124 2744 2533 2508 1061 971 43 1802 1326 1953 757 1108 2751 1556 1149 163 29 286 1733 561 430 2014 115 1924 473 1216 2193 1880 753 1506 388 2398 1171 2017
000691.jpg,1113 396 443 1865 1487 586 2194 2261 1891 1082 1723 411 1308 1090 546 1763 1188 2025 922 1083 2816 1284 37 225 275 653 1221 2043 582 2053 1262 1787 455 753 580 721 2810 629 1006 2669 1227 1647 1144 1761 1435 346 61 122 2398 207 936 108 2402 1037 820 2119 1472 758 1568 430 2467 654 1018 1293 1011 2806 1124 285 504 655 192 49 125 331 594 1612 2611 138 726 1598 1918 1356 525 661 2821 2465 2505 2690 418 2794 1882 1912 840 1395 1097 245 2062 92 1216 1220
000692.jpg,12 1721 1876 1473 2809 864 526 608 508 994 274 1942 271 1771 494 1439 444 1408 28 1931 1555 2440 523 2683 1475 1472 505 677 2625 2220 140 2499 2057 574 531 1275 1677 2236 1892 2291 1868 2051 482 2435 2438 1899 1037 2089 1777 682 295 2708 788 1335 455 705 598 2062 125 2037 1874 1124 329 2191 1185 1262 458 2053 2611 2719 430 2806 146 255 2315 2598 1563 657 331 2794 2526 501 2164 1875 239 1998 173 1787 368 1831 1568 2557 2025 726 1929 1026 655 1692 999 1018
000693.jpg,1349 234 1572 913 1520 1 1618 2399 352 2727 307 2635 2834 1540 961 2340 892 2215 223 1615 2372 46 1524 969 2158 1698 2253 2466 203 1629 685 537 195 2223 1409 2226 2213 1994 1101 1095 2339 2338 1025 1291 697 511 349 1862 573 2138 2063 1571 17 2486 1514 2529 1539 551 837 958 267 2781 1238 2473 1009 1630 1815 600 1060 2189 741 1267 2100 2844 2175 414 1622 1270 1684 2139 642 718 1360 846 891 1811 1242 2412 1338 1059 71 2524 143 2619 317 787 2246 1814 30 1445
000694.jpg,2018 2551 2284 2146 764 719 2008 1289 2487 247 153 1204 1403 2582 2361 206 343 1128 1997 2485 1577 862 1534 190 1351 914 1751 1121 2209 723 1493 212 539 2453 1157 825 450 812 2824 2110 1772 35 1359 2603 2353 2336 303 615 2585 1915 1970 604 869 1246 2718 549 1963 998 1633 1247 871 585 282 874 2067 516 2049 276 2165 61 207 1563 2669 2164 58 1543 337 2794 2698 192 2729 1625 1781 331 175 402 2734 1273 1275 1140 849 1787 2025 2711 1347 1011 1785 490 408 552
000695.jpg,2706 1570 1697 1891 285 1221 650 475 2816 2666 1916 2043 922 1723 2171 2346 411 298 2810 546 1188 807 6 1285 759 2841 2167 468 1603 1763 122 1537 582 1456 2268 1284 37 448 973 372 1260 2643 1865 1153 1702 1884 2677 980 829 690 1139 1541 732 1858 956 820 459 1082 181 334 2118 620 1090 1015 1394 669 750 1761 1882 1605 721 2402 1232 1756 455 2502 629 1227 1568 454 1395 1502 2476 1137 1140 117 1972 525 1317 2053 751 1011 331 1875 661 167 2313 145 799 2232
000696.jpg,1649 947 735 2836 1444 440 1029 2050 712 1328 1782 1045 2837 2130 169 1617 2767 1054 645 1663 1422 1623 1679 2707 2011 445 1381 2241 155 1544 1658 2840 1552 1840 319 1253 2439 550 179 518 1261 2628 1993 1218 2735 2631 2352 134 463 1051 51 965 900 194 1948 1640 1486 663 2088 260 197 2419 1897 1860 1983 1307 2272 563 2133 559 1208 2076 1362 305 2287 439 1316 2553 259 2046 769 1096 1416 674 562 992 1092 497 1586 2815 1123 1636 2515 168 2732 2826 547 2652 2650 2713
000697.jpg,621 183 2152 2502 1987 2141 171 84 941 959 1365 815 785 506 2182 2056 45 1371 2522 2760 1064 1251 909 2612 481 565 2608 2401 1364 214 236 1866 2263 2503 1844 1286 2831 2705 106 1139 2197 189 1032 2060 270 2425 2751 1283 1632 1605 1458 1927 43 2761 1768 1560 2841 150 2048 2160 1108 1525 1171 1217 1280 2562 300 1953 1596 762 398 2720 2567 2116 2554 2678 96 2188 333 22 2386 2348 2079 856 2591 894 1214 419 1288 2623 971 2153 2498 2571 1013 309 396 1336 861 2216
000698.jpg,194 2352 1218 1051 2628 1261 2439 2272 1658 1381 1840 2241 1544 2815 1316 2556 1636 2767 1586 1948 497 1782 2836 2046 1897 1496 1362 992 1965 1416 169 712 1096 1860 1045 1649 947 2837 155 663 2713 201 440 1617 1054 518 1663 1444 1640 1422 51 1328 645 1679 2050 1552 1623 965 1253 735 2707 64 319 231 305 2553 1752 445 563 2840 900 2708 1993 2133 2287 1775 1848 173 2721 260 1777 2631 168 2130 559 1569 2011 1486 550 659 769 1029 134 439 562 2433 2419 161 2652 1878
000699.jpg,59 1545 2367 1799 626 2389 950 1737 4 1202 1146 1752 2477 826 283 613 2069 547 1386 266 2270 1319 2082 611 556 904 440 271 987 1216 974 1924 580 518 1942 1491 390 159 1003 344 2840 455 2148 1407 2053 207 1092 2312 1262 1635 2419 188 1822 1708 2681 2343 312 1715 2300 1143 134 1568 408 653 31 1408 1441 1771 1677 670 61 1275 2440 2594 1293 326 2375 1124 1282 237 2669 1967 295 383 192 1117 2767 654 2037 977 786 526 2076 331 1636 2530 996 2836 552 2025
000700.jpg,1056 2135 2741 1212 137 899 204 116 1606 2294 97 2842 2511 1134 2728 1944 1055 1547 1463 246 1935 2207 2665 2041 722 2068 1067 2558 725 692 2736 79 165 1126 2292 2435 2291 2319 2766 2057 2825 442 494 574 2305 2813 1899 447 1874 1076 1825 686 1937 2248 2382 2286 647 1223 677 146 1464 2708 657 2580 682 1777 2719 2639 2569 1185 790 2438 274 1592 1639 2393 2683 948 804 329 1892 1962 140 1986 1130 608 1940 491 2506 1942 1452 271 1931 864 280 2625 1275 1771 1677 2440
000701.jpg,3 1642 254 2405 2490 2170 1958 929 14 66 779 1985 652 765 1745 1136 1574 2336 282 2536 2157 1246 825 2426 873 2434 1600 1633 1245 233 2256 1121 2012 2147 2485 2001 2391 276 1403 869 1247 1997 1751 1915 540 792 2324 1535 1441 1519 404 516 1152 662 2053 1594 354 455 2693 1262 31 318 1036 862 2594 653 2165 838 632 1124 2232 2236 1609 832 2669 49 2204 331 291 1384 580 378 1869 1662 1240 654 2280 1787 726 408 422 1568 895 890 92 1011 33 1127 1563 2306
000702.jpg,1993 134 123 1757 1255 2631 2150 882 1422 1617 986 1541 750 2387 334 1663 1045 372 2767 712 2837 1603 2735 1761 820 1649 1782 1153 169 947 2130 440 155 2836 2241 1444 735 1029 1328 829 1261 1218 550 1381 1658 1600 2628 1236 1054 2439 1544 1961 1840 2050 533 455 518 326 2267 92 33 932 225 2380 1552 1787 618 1127 1623 1897 174 2025 1141 1941 207 2214 61 1010 471 331 245 1438 1362 2742 934 1051 838 1506 1704 2775 2316 721 1262 771 2017 200 418 194 799 139
000703.jpg,1146 312 2832 987 2501 1624 635 1405 1407 1102 1752 1934 2300 221 943 2790 2411 4 556 188 2082 547 2270 1656 2528 1644 2044 1386 1319 611 85 2817 59 1092 626 1737 1545 977 2419 1202 2397 2148 2574 817 1636 1422 2069 259 518 2840 978 950 663 2389 1486 1496 2133 2312 1926 1172 2652 550 2544 480 2836 283 559 2826 2815 1983 1799 826 524 1316 712 1552 2367 1468 2538 1437 900 2606 2556 970 2767 2424 1208 440 2724 1782 1617 260 463 1369 2105 1190 1148 169 1840 659
000704.jpg,1083 6 1702 582 732 546 620 181 2643 1221 1139 1797 285 759 1260 2152 1891 2502 1570 2476 2841 2807 298 1318 1605 807 468 1858 1987 1866 1697 2263 1953 636 941 2313 84 1188 2425 1371 214 1723 1536 1365 2348 481 815 973 1768 1198 2278 621 909 2194 2678 2141 2048 2761 2751 661 2386 2816 148 1979 1032 45 2060 2554 2153 387 1064 594 894 2261 189 420 1632 922 1960 1251 1171 1525 106 2720 1397 2831 419 1283 644 2188 2688 2056 2498 1108 2346 1280 762 2303 1364 2115
000705.jpg,1993 463 197 1663 134 1422 1617 712 2837 1782 1045 2631 1029 947 2767 2836 1489 169 2050 1710 1649 1417 2649 1369 2840 1444 860 735 2130 1328 550 1701 440 179 1437 1870 925 1381 900 1486 645 1544 1658 26 1054 1840 2397 1307 489 2241 2011 1679 2628 2419 1218 2528 1552 2817 970 1051 2735 1208 1934 1623 2439 445 674 1092 659 1261 260 2826 1624 2652 155 1777 1644 1185 1656 2352 518 2133 2790 59 194 1416 2574 2501 559 1468 563 2707 2832 2708 1983 611 606 1102 1362 1948
000706.jpg,2122 2679 1903 177 2829 816 1163 1085 477 1145 401 453 2163 1628 1976 73 461 380 2055 1599 595 2074 2274 399 1808 1510 1688 2452 823 1404 2587 1155 981 141 208 1100 1023 437 2655 99 1233 72 1872 2722 172 2469 1047 760 144 2098 2009 1717 460 612 2747 1089 2126 731 2636 694 164 1784 2577 1415 174 1241 156 2775 1160 1479 2355 2362 721 1682 1972 850 525 458 222 320 2594 1911 1248 2402 2407 331 1505 2552 799 2398 2557 2311 120 625 430 1098 89 1026 1813 1435
000707.jpg,757 1728 1231 1533 754 2320 2021 2756 2533 1149 29 293 286 2172 2673 558 213 218 24 2024 135 2430 1719 426 2143 1689 2413 2295 634 1597 2787 1312 1804 1296 2408 967 119 853 80 2472 1383 2638 184 2366 739 1182 1852 252 968 858 1798 2169 1780 1829 2323 608 162 1010 235 1746 1984 1924 1478 274 2799 646 2054 1175 2306 498 1898 383 316 1168 1299 671 1951 714 525 2277 1598 2508 2181 1265 251 53 1505 367 561 27 1274 699 1127 245 391 2280 2279 1991 1774 2173
000708.jpg,1624 1644 2411 2528 1934 2501 2044 1102 2817 1656 2832 312 2790 85 943 817 987 188 221 1407 1926 1405 611 635 2300 1319 1386 556 2082 547 2270 1437 2034 2397 2574 1710 674 2826 1146 2545 712 259 1092 1486 900 2419 1782 1983 559 1307 1489 100 1796 1948 2358 606 305 1416 1208 2088 978 1369 2652 1313 1617 1096 1417 715 1640 1029 2836 260 463 1569 59 1552 51 64 1046 1901 659 550 977 2076 860 1468 2424 2133 1860 439 201 1428 486 911 197 134 2606 563 4 1422
000709.jpg,2236 2053 1475 1011 1037 1647 2061 721 2402 1972 1921 1303 1124 1395 1829 295 1140 331 561 2806 1275 1929 412 1756 1317 2698 726 455 1216 999 1273 1967 805 1635 391 2687 1755 390 2301 1050 1612 799 1730 314 1024 2279 655 2531 27 927 344 484 2059 1831 1187 430 1918 1655 1240 1274 504 2693 1262 1662 268 1789 1715 1568 2715 464 131 31 1706 806 1875 2406 1506 2429 1472 1018 467 1648 2407 534 782 363 1168 1299 2232 1378 452 1008 1503 389 52 2765 471 2142 936 418
000710.jpg,601 2 2663 18 1842 2757 1834 2015 951 2818 1252 2622 315 1557 1759 1390 1165 2302 191 2161 2777 1125 1753 2077 2772 2478 70 2315 2561 2510 431 2686 1938 2685 1980 1747 1443 889 1035 2702 277 1833 767 369 1839 1989 522 211 1969 2532 1767 1460 2667 1391 2314 1511 269 1413 1075 2755 1584 1186 1442 1472 31 2276 1594 2402 1293 1845 2509 1822 1195 2023 805 580 2496 654 1118 721 1755 126 2017 1114 2624 1097 1012 2378 848 261 578 1143 1756 2467 202 758 430 258 326 478
000711.jpg,2045 1584 2023 2755 258 747 770 1319 611 556 1029 446 188 1386 1604 31 547 711 2343 1774 1981 463 1017 1829 2715 1356 860 503 235 2076 2610 1240 2419 507 1701 654 331 1237 255 1118 1746 2017 113 430 2140 2770 200 580 1248 1274 27 274 451 2191 1307 220 2144 1435 2789 1262 1140 2822 906 2316 1472 1273 1039 1099 89 2597 1780 655 1376 162 643 1396 268 553 383 2406 478 1275 523 326 1293 1216 1505 2742 1461 367 726 159 455 261 2402 840 2569 1650 1143 1339
000712.jpg,12 2809 1473 1876 1721 140 508 608 523 2598 994 1868 274 255 2683 1746 864 662 1874 1185 1613 1852 444 1592 505 2716 494 175 2057 526 2436 1182 1390 2552 2557 217 1223 28 647 491 682 2181 788 968 1639 1275 1039 458 2639 329 2059 657 125 2569 711 2075 1026 2435 1452 2119 1777 671 2017 1027 2283 1855 482 677 146 553 1472 1439 534 858 2236 89 1330 2438 1335 1475 2402 705 1655 1831 587 2499 1563 1771 1899 2286 2089 331 162 2427 655 1909 721 2144 191 1886
000713.jpg,2721 1453 2433 1569 305 51 715 100 2309 1640 2034 48 562 1490 2376 64 1796 1901 155 2545 1860 2713 201 439 1316 2650 1496 1636 2272 2815 1965 2556 260 2088 784 168 2826 1878 486 1148 1051 563 663 1840 231 2628 1848 2553 2652 2007 2352 1428 2836 1586 2708 2538 497 712 1782 1658 1381 2337 1948 978 1218 2649 1362 965 559 1897 134 1275 1046 1261 1193 2053 580 259 2767 1441 659 1123 645 2631 2046 1486 2382 1777 1076 2419 1293 2439 2241 1307 1464 518 1185 1874 1986 159
000714.jpg,1139 2152 2502 1891 6 1221 1083 582 546 1605 1570 1702 285 2841 1987 732 620 1866 181 2643 298 941 1371 84 214 1260 1697 759 1723 2263 1797 621 909 2348 2816 807 815 481 973 2476 2313 1979 1858 1198 1171 1365 1953 2751 468 1188 183 2141 420 2567 22 1285 2807 922 454 1318 396 2194 2678 2831 2677 1032 2346 2030 636 148 117 2554 2705 594 2303 1525 2768 423 1397 171 1064 785 2425 1214 106 2182 1019 45 1768 2688 2261 2179 387 1802 2571 2623 2761 1184 2043 1882
000715.jpg,2792 118 567 9 998 515 1583 1791 1579 2793 919 2491 923 2065 2328 1770 1179 7 808 1354 114 1470 887 952 1769 1531 1977 975 841 2304 2711 778 382 2778 517 748 1854 930 1970 639 1063 2682 875 819 1651 2647 945 311 227 1210 1851 928 1578 2379 982 2729 1657 2252 2618 2559 2723 1920 1211 151 916 1271 2349 492 1154 2361 1667 2459 1585 2225 2097 579 763 2416 2488 2575 1528 566 528 799 353 726 2026 999 1789 25 2059 1239 1706 927 484 464 2310 1367 380 1378
000716.jpg,213 558 1533 757 1728 2320 2756 2638 754 2533 1149 2021 29 2295 1231 2413 135 2024 24 2143 286 2673 293 2430 1719 426 2408 2172 1597 1689 1478 634 967 184 1448 1265 2615 1804 119 218 707 1383 2472 1296 91 853 2235 80 792 1312 1984 2354 2296 739 1228 898 2409 1849 499 1785 1928 1166 2378 2113 359 192 252 2260 995 1829 347 1274 2279 714 2402 1389 805 1127 1484 430 2178 1317 494 375 1168 1558 1299 1755 1616 412 1011 1293 721 1162 1395 159 580 1175 61 1024
000717.jpg,216 1435 1248 2311 113 1505 625 1356 679 2137 525 1598 1141 252 1780 654 858 2070 383 27 49 1127 1506 245 2164 1299 1168 2091 822 1781 239 2794 2669 1924 449 2470 1274 2232 2565 61 838 139 2280 209 192 2025 2173 1262 455 653 1568 2396 2531 408 1200 1612 296 1282 356 1140 225 1787 207 1018 782 2693 138 2632 495 1875 268 391 131 331 2017 1472 643 2062 1187 1961 1843 1503 655 290 1124 2142 1037 241 1662 2053 1048 464 1715 1275 2191 1918 33 1011 999 1813
000718.jpg,1515 5 2457 844 509 1889 2464 1766 1696 2725 609 2404 244 2128 957 2448 744 2115 1616 592 1061 1637 388 1426 1556 163 1326 2366 375 425 466 2124 1945 498 520 2014 473 2351 232 1602 19 1904 1269 1401 1953 2508 119 2566 2354 2169 1744 2109 424 1296 2751 1477 565 306 2476 1383 80 2507 22 2278 1797 2182 2408 1108 2390 1214 1171 2572 2425 1733 2162 1849 135 2615 558 1529 43 815 707 2056 42 1768 2744 2661 2760 1858 2048 1722 213 2413 1139 84 1960 827 1478 1216
000719.jpg,2546 1389 1115 545 2066 101 215 436 251 2178 304 2113 1394 1213 737 1900 989 589 658 364 727 2040 2381 1951 1559 1175 1106 1306 374 2114 485 1427 803 341 395 572 1361 1230 2000 2644 1451 1683 2504 1798 529 2787 581 962 2540 1353 1300 2759 1334 1883 2277 2323 1898 766 2579 2784 789 328 407 646 1093 1801 2238 2054 2242 240 483 614 1786 2072 1137 1558 1257 1207 1971 2022 898 714 1087 2288 1818 39 293 926 2495 1357 252 564 2281 1180 525 2311 625 1928 853 679
000720.jpg,1083 150 2263 732 1139 6 1365 1702 1371 181 2678 620 2623 1525 1280 1797 2643 894 1632 546 419 2141 2386 2554 2153 2116 2152 106 1927 96 1318 1987 582 2060 762 1032 189 481 2502 621 2807 1726 1866 2160 2476 2572 783 1221 2188 941 785 861 2401 84 387 1251 2079 2720 1536 1336 2841 2498 1364 644 2562 636 1013 1458 2831 214 171 1198 300 1260 45 43 2522 949 971 2751 815 2688 1084 309 1596 759 2442 2705 1315 333 2612 1064 1953 856 2425 1171 183 2278 2048 2056
000721.jpg,2092 2269 2576 299 2833 2139 2371 2776 1814 428 2797 2844 1982 1925 264 667 1549 1735 1619 837 1009 741 2484 1122 2455 879 1815 352 2063 1159 1539 1366 403 2460 1863 2385 262 888 1589 557 1373 641 1480 1622 1816 2771 2100 1660 2215 642 2226 846 1571 2189 2731 2158 2607 349 1 2633 1421 1295 2486 1629 2175 600 2223 1520 307 1409 2431 2727 166 160 577 1615 1698 1994 2363 2738 867 2338 1349 1025 2399 267 573 2253 2811 1807 1618 317 1078 2094 195 687 2412 1291 1862 1238
000722.jpg,196 353 98 776 2474 1643 1625 585 1864 1819 2081 910 2067 1042 2462 2334 2353 701 869 2103 1963 809 69 276 1402 2101 2361 2256 1344 233 2264 2027 781 381 1600 871 1831 1655 1378 580 1755 455 2465 2505 2244 1262 1124 159 505 331 758 1275 1787 1293 1140 389 936 2611 1216 1465 655 1097 2698 478 464 786 2429 1706 2059 1475 534 2715 2236 108 2053 2479 653 446 643 999 1918 52 484 998 927 1822 268 2460 726 28 1273 2687 1692 1568 1472 31 1789 1612 1039 1563
000723.jpg,2185 1129 1411 1694 2584 795 2298 1684 143 2517 1440 2616 2529 386 2619 2363 787 718 1630 2271 1360 1445 958 1294 1939 638 1112 30 1446 810 665 2481 71 2460 1270 557 1514 1258 2801 2468 879 1215 697 2139 1925 2246 2833 969 1366 1814 1982 2710 1524 1619 299 741 1816 1480 2092 267 1291 2269 1238 1267 1863 2444 2189 2576 2727 2771 1373 1549 262 2371 414 342 577 641 1140 1520 2749 1744 448 1629 2776 1660 2607 667 1735 326 2399 1009 28 1275 1680 2844 580 307 1807 716
000724.jpg,806 534 2059 2429 484 418 780 999 52 2244 1481 1465 786 726 1475 53 2236 452 1438 1662 467 471 2470 363 346 314 1918 2821 1730 1929 478 936 2698 344 2301 655 402 561 2687 464 225 290 2690 389 2407 1275 1378 2053 758 331 1831 1568 1039 1706 1655 927 1037 1789 295 2061 1008 2715 1972 430 1011 2467 2765 721 1647 2634 2806 2402 840 1921 2531 1477 1124 1024 89 2398 753 1273 1303 1395 1022 2285 1941 1829 1503 108 1692 1140 2505 2465 1220 2279 628 653 131 1755
000725.jpg,536 1268 1132 1588 1431 36 121 500 680 2117 733 866 988 2090 193 332 569 1499 878 1910 1065 979 2795 571 2384 2743 412 340 1145 2451 561 2839 2668 1329 1764 2406 2570 1952 1275 2808 2822 2137 1118 1240 159 432 1393 580 822 235 162 1182 1327 864 2029 2212 326 1033 2343 1852 2770 2764 274 1303 216 553 113 31 1293 2335 508 1648 643 1568 1109 252 2108 1774 2144 2632 1441 1048 1562 1879 1248 994 1472 840 2279 344 141 1164 1955 1187 2265 1543 1924 2715 1435 1314
000726.jpg,1221 1891 285 6 546 582 1570 1083 1702 759 2643 298 732 1697 1723 620 181 2816 1260 468 807 1139 1797 475 2346 1916 1858 650 2043 2706 2666 922 973 2171 1188 1285 2810 411 2313 1284 1456 1537 37 122 2476 1763 1865 2841 2167 2118 1015 980 2268 2194 2261 448 1603 1082 1884 1610 661 459 1227 1605 669 1308 2425 1090 476 443 2152 586 2807 372 1153 1987 2030 690 820 2502 1560 829 594 2677 1199 1761 229 799 2348 1882 1006 1953 1097 1293 1018 420 636 2831 653 721
000727.jpg,1288 1363 1703 2216 924 2841 2502 2152 2507 214 1866 2141 621 1365 785 183 2567 986 909 1605 997 959 1139 941 1171 2751 1987 84 171 1904 22 1487 2348 1371 2263 1953 335 1217 1757 2401 2230 815 1458 333 506 2182 2591 783 2160 2079 1477 2109 400 45 1214 2188 398 2612 236 2522 2720 647 1251 2498 2542 2503 856 1596 2017 2608 949 2639 198 2497 1612 1064 1822 1736 1692 1907 43 1027 782 1018 2760 1032 2794 189 387 2705 1021 1472 309 2737 2056 1364 2150 138 602 1680
000728.jpg,1701 1710 1489 860 1417 1788 197 463 1437 1307 2482 674 606 900 1486 1208 489 433 173 2649 134 2515 1782 906 934 550 2767 2076 2397 59 1949 446 1468 2419 1029 2628 1627 1993 2836 2424 1624 1870 319 1649 2289 904 970 1369 1051 925 2826 769 179 2840 2367 2084 1319 580 1840 2480 978 2375 31 1262 1216 675 1218 712 611 2050 159 1658 1190 1472 2817 2574 1981 2133 645 344 347 1386 1934 440 1617 1201 1123 2088 455 559 2652 1124 1092 817 524 653 2053 1240 331 547
000729.jpg,419 894 2153 2554 96 1927 1632 189 106 1032 2060 1171 2567 22 481 1214 2751 2109 2726 1661 2401 2831 1286 785 2162 84 2612 171 815 941 1995 744 1744 506 1987 1336 2502 621 167 333 2571 1013 454 2160 2152 1251 2079 20 2705 309 2141 959 856 2425 1749 1365 971 1108 1844 2197 2216 2720 2313 2263 2222 762 1315 1364 183 2404 565 95 1288 1283 783 1802 1703 2688 644 2841 596 300 1363 1605 661 1763 1217 620 2096 732 861 2562 957 115 592 2278 1371 636 2188 42
000730.jpg,1971 1257 1137 1087 1786 803 614 1357 989 1207 39 2072 1818 2495 1180 2288 2281 76 2114 564 926 1091 1106 374 1558 898 1996 93 1590 895 714 777 739 581 1166 2759 230 1801 215 2579 2409 251 1900 341 2040 2000 2381 1928 1559 364 101 737 436 1683 1300 2242 1427 1353 1883 2277 2504 2784 529 407 789 1093 1631 2644 2224 1593 2540 1898 240 766 1451 483 2546 1334 1389 328 2238 1115 1346 1561 291 2787 1230 2260 1197 545 2324 853 2054 962 1394 572 2699 751 646 395
000731.jpg,2510 431 70 1125 1753 2772 2777 2077 2478 2561 1839 1035 2161 1759 2757 1252 315 1165 1557 2302 1834 1390 951 2015 191 2622 2818 18 2 1842 601 2663 2686 1938 277 767 1747 889 1980 2685 2315 1443 2702 369 2276 1391 1235 1460 211 1413 2532 412 430 1833 688 2314 1117 1220 2311 2265 495 1845 2398 1608 1303 1895 1955 561 1186 1989 1356 1048 753 331 525 2632 1248 478 2496 1584 113 654 578 471 346 655 625 1505 68 1472 1438 643 1435 2061 758 1923 2181 1141 840 1875
000732.jpg,51 2721 305 1569 1640 48 2034 1453 2433 100 715 64 562 1796 2309 1490 2376 155 1901 439 2545 2713 1860 201 2650 1316 1496 1636 2272 2815 168 260 1840 1965 231 663 2628 2352 1051 1218 2556 1878 2553 712 563 2088 1948 1658 1148 1381 1586 2826 2538 1261 497 2836 2241 1782 784 2439 194 2649 518 2708 1362 965 1897 2631 934 978 486 659 559 1369 2769 2652 1123 2767 1848 1193 1416 1096 2046 1544 480 185 319 1464 900 645 550 1076 440 2135 1392 2454 1422 992 1777 2382
000733.jpg,1096 1416 1948 1362 1897 497 1586 992 2046 2272 1316 2815 1636 1496 1860 1218 1965 712 2721 2352 1381 1051 1658 1261 439 1552 2628 2241 1796 715 64 188 1569 1782 305 2556 1617 1319 1993 260 611 259 194 2713 48 100 547 51 155 2836 319 1878 659 556 2767 900 2270 2419 562 927 2082 987 1356 978 1386 1899 268 1640 1486 2034 2840 108 1054 1018 363 1148 1789 1912 2708 674 2407 1248 1307 201 525 1777 1029 2088 2632 1923 1045 559 1275 2076 655 134 947 2311 782 1140
000734.jpg,28 2479 1563 849 505 2500 238 2819 2191 2250 1532 458 313 2365 2181 2557 152 523 1708 2716 2689 81 705 2552 175 734 2283 1827 2370 587 2681 120 1339 354 1896 2099 2534 2674 1741 671 330 2119 1680 847 2742 696 2028 2322 972 92 2228 1376 2193 2592 2052 1704 602 1111 1335 633 1956 1332 1917 109 740 532 2177 2527 1746 2144 552 772 2237 1873 1010 503 1543 927 726 1037 1932 1262 464 1789 1831 268 711 1706 999 125 1281 261 1140 1655 1912 1124 2142 108 2806 455
000735.jpg,2252 1651 2682 916 1179 1063 2491 2328 1977 227 1579 2042 841 1583 2310 1578 639 517 9 1770 998 945 887 2647 114 748 1920 515 2097 1211 982 2723 1791 819 2065 2379 118 1531 1769 2792 919 952 1354 928 1470 567 1851 1667 2729 2225 778 2711 1368 1970 930 382 1367 2349 1657 1585 2778 1854 1566 763 512 2488 1154 2459 1239 2416 311 975 2575 579 2026 923 875 7 607 2793 492 2081 1271 1565 1210 25 2462 809 813 528 2603 2618 2304 2093 701 98 2803 566 2214 276
000736.jpg,2545 2034 1796 715 48 100 1569 2433 64 2721 439 305 51 562 1640 2376 2713 2309 1490 155 1453 1860 201 1901 2650 1316 1496 1584 2826 550 168 1636 1096 712 260 1948 1369 2649 1878 2556 1051 2088 1416 925 659 1782 26 518 1362 563 1897 978 559 1658 1381 663 2628 1422 259 1262 2419 2836 2538 2631 1148 2300 1993 547 1840 1926 2815 363 2755 2652 1617 2241 1407 1218 188 1532 348 1123 927 1965 2553 817 2439 1261 2023 1011 455 1018 2454 1140 1484 936 1472 782 2715 899
000737.jpg,1933 1709 1321 1098 2156 836 2096 2750 2645 2432 2201 935 1790 850 2071 897 1638 1052 2342 1436 1736 2450 2355 755 1806 222 2218 1504 2362 1305 2512 1911 2691 1621 2446 2642 2420 599 2537 2452 2318 666 144 2611 908 1275 2053 295 796 344 2627 2806 580 383 653 1692 1822 643 2396 31 1662 1293 786 1216 1425 1143 1124 1730 1787 2634 2687 840 1022 1568 1924 1097 2091 758 2693 1465 1865 2794 192 52 245 1929 1118 1650 209 356 2280 1288 1248 2429 1032 2232 207 1037 363 389
000738.jpg,2171 2043 650 2666 2816 2810 475 2346 1916 807 1723 1891 372 759 411 1260 1697 1188 468 1603 285 2643 922 1702 6 546 1858 1456 1221 1570 620 1153 122 181 732 582 1284 820 298 1763 334 1541 750 2313 829 2268 1761 1797 1865 37 1285 973 2167 1083 1227 2841 980 448 1082 2118 1090 1015 2194 2476 669 586 1610 459 1884 476 2261 661 956 138 1018 1308 1048 758 782 1220 2632 1912 721 2611 1612 2634 936 1395 1972 1026 1262 1472 840 229 753 1647 2398 2402 1932 653
000739.jpg,1087 1137 614 1207 1590 2072 898 93 895 1558 1971 1257 1166 1631 714 803 2409 1928 1593 1801 291 2260 1346 1786 2759 1093 1091 374 1996 407 1357 2242 1561 1180 2579 777 1818 2495 564 2114 926 2000 2324 341 76 2784 1898 2281 39 989 1300 2504 766 540 2040 1883 853 2277 465 240 2288 581 251 328 2238 364 483 751 1749 1535 2493 1353 215 2542 1019 789 2555 1559 1804 737 2247 230 331 2022 1601 2058 1197 529 2422 499 1106 101 576 1563 1538 1683 1298 207 2301 967
000740.jpg,1788 860 1417 1489 1701 1710 2289 2482 433 1895 2650 161 769 173 197 2375 1870 231 26 2649 1369 463 348 2454 925 2769 2840 1029 2538 480 319 2287 712 2714 179 550 1617 1796 1993 1386 178 547 1782 2076 2626 2082 715 2480 2767 1253 2553 2556 2050 2837 2270 2836 1640 1663 489 2130 1496 1584 645 1313 606 1051 2424 1422 1658 100 259 1320 1627 1045 906 2735 1437 1486 1388 2011 770 445 1328 2628 675 1261 305 260 1552 169 1381 2544 1362 622 947 556 1934 1307 611 237
000741.jpg,2044 1934 2411 2528 2501 1644 1656 1102 312 2832 188 1624 85 2817 943 987 2790 611 221 817 1319 1407 1405 635 1926 556 547 1386 2300 2082 2270 2574 1092 2397 2419 259 1983 1146 1190 1552 463 712 1796 2003 978 1956 2544 1173 2840 703 1617 2652 2724 2105 606 1339 1484 559 977 2344 2742 2681 1468 2606 705 1208 2689 2534 1486 220 330 2265 1376 2028 2099 1029 2312 1428 439 1584 1274 2191 1141 2753 2826 1356 2133 2669 260 1896 2674 74 2670 525 2764 139 2789 2070 1096 2311
000742.jpg,1517 2733 462 1482 2080 2754 575 2684 2019 1169 55 2176 2383 2780 728 1507 1669 441 1523 2641 2550 397 2695 107 1177 1194 2604 357 845 2414 1104 818 1691 279 2395 373 2106 2368 2651 1382 2447 693 1626 1016 584 187 2254 457 1259 2586 2525 2630 2605 1805 775 2247 1410 2637 32 2805 2239 917 2192 794 2033 1832 2347 1734 2233 2240 2804 2020 1611 2073 902 2166 1372 2211 590 371 321 2297 87 1846 2489 920 2345 541 86 1809 1192 102 1919 469 1014 2802 2563 1120 1856 1943
000743.jpg,2063 403 1159 2455 1009 1815 837 2484 264 1814 2731 2844 352 2189 1589 1122 2215 2797 1622 2092 1520 2399 2139 1 2833 2576 299 2727 741 2269 17 2371 234 846 2486 307 2776 600 2100 913 1571 2811 1982 428 317 1572 1025 1349 2255 573 1925 2834 1619 2412 1338 667 642 2158 1618 2431 226 551 1629 1735 879 1291 537 577 1101 267 2403 2338 1615 1539 1540 1862 262 1366 2385 685 1803 1238 2635 888 1060 1524 472 2213 349 147 1994 2253 1660 2226 1409 203 2266 891 1607 1421
000744.jpg,957 2468 1880 744 1889 2404 2457 5 2448 2740 38 2725 1802 609 509 2464 115 1766 1995 2168 1515 2749 844 2562 387 2720 2109 644 2442 2188 2128 1059 1596 941 1524 669 2498 971 342 661 2197 592 1744 2476 1726 2726 551 1882 448 43 795 2688 84 476 2678 1199 1032 636 244 2278 815 1987 1696 2162 1280 2153 189 1536 481 2261 1927 2060 1286 2807 300 1227 2831 106 2263 154 894 1525 2623 762 1140 2194 22 1124 167 419 956 1275 1844 1037 1632 2572 2444 454 2053 1318
000745.jpg,1788 860 1417 1701 1489 1710 2289 2482 433 1895 2650 769 161 2375 197 173 1870 26 2649 348 2454 2769 1369 925 480 2538 2714 463 550 231 2840 179 1029 319 663 712 2287 445 547 1617 1386 1552 611 2082 1564 1796 2480 1934 518 2553 2626 100 178 259 489 188 1993 1319 2076 237 715 2050 606 1663 1253 2544 1640 2035 2270 1627 1584 2358 1782 1313 2130 1422 2837 305 2397 1496 1148 1437 1486 134 1307 906 1569 260 2501 675 1181 2556 556 524 1172 2721 970 2419 622 1045
000746.jpg,2000 2054 483 1257 1786 240 1300 1971 1559 1353 1091 1451 1996 2495 2784 1357 1137 1106 230 39 777 1180 1361 614 2281 926 1883 564 76 789 2072 2787 646 2288 1207 2540 1801 1087 1389 739 1818 1115 1558 803 2224 989 2080 2504 1447 898 766 104 1482 895 93 16 1804 714 291 2114 1523 215 2785 581 2695 2383 1334 2644 44 761 1590 1057 1346 1900 845 2546 1427 1230 2409 2277 1178 1561 293 2238 1483 251 1798 474 339 2759 529 205 2242 967 737 436 364 2305 2317 572
000747.jpg,1346 617 1535 540 2542 291 832 2129 1561 1971 1693 1257 1019 1137 1786 1513 1161 1773 1593 310 1590 1631 93 1847 1795 614 1357 2149 895 63 1197 1091 2656 1207 39 940 751 1343 2409 2495 1087 1836 1166 76 2441 1180 576 1785 777 1996 1568 2827 1940 363 1004 564 618 2232 455 92 2437 1026 31 331 1662 145 1961 1483 2017 2242 786 207 1923 1912 2737 321 2062 499 2072 954 580 653 2693 1905 471 75 2260 2785 1262 1124 61 408 371 418 2142 1856 2053 346 2281 2634
000748.jpg,1394 2066 304 2178 1213 2113 545 658 727 589 1175 1951 485 1306 395 1798 2644 1389 529 572 1361 962 1334 2546 1230 1115 2323 1451 2277 1559 1801 1106 2540 1683 2000 251 2787 2040 614 2072 989 101 374 1900 2381 1353 215 2114 1427 1137 1207 436 803 364 581 2054 1883 341 737 1087 1558 2022 1300 2579 2249 2784 2759 2504 714 240 766 1786 1898 1257 898 1971 1093 328 646 761 407 39 789 2288 483 2495 2238 2242 926 782 1818 525 2311 564 1018 625 1026 679 822 1180
000749.jpg,924 2841 2823 1703 1288 1363 2567 2216 1394 2502 658 1334 304 727 1213 2066 1487 2178 545 1389 589 2022 1951 1175 2113 2787 2546 2277 485 1137 2249 1306 1361 1027 1471 2152 1115 2751 752 782 783 1139 1018 962 138 2632 419 2398 1044 1605 753 2114 2644 572 894 1559 2137 1451 1257 1048 205 1371 1798 1171 1106 1220 2311 614 252 1435 2634 1786 822 412 761 1026 395 1230 430 858 2554 1971 2323 2623 1612 2153 2091 1365 1032 561 625 63 2507 1472 643 2164 1395 89 1356 2611
000750.jpg,2502 2152 2751 214 1171 22 785 1214 2567 1365 1371 2109 1866 2141 1605 1661 2263 621 2726 2841 744 941 84 1139 1987 2348 2623 2162 183 957 1953 1525 1280 454 1744 106 1632 909 2678 167 189 20 2060 1927 924 96 1032 171 481 2404 2554 815 894 2153 2222 2572 419 959 2160 2030 2401 1602 2503 1288 609 592 2612 2197 1458 244 2079 150 300 506 1217 335 1363 2591 2705 1315 2562 2216 1703 856 43 2182 1364 2608 2230 1199 2507 2831 2760 398 1596 2386 1907 2522 1198 309
000751.jpg,2236 1475 1037 2053 2061 1647 721 2402 1972 1921 1274 1395 1011 1303 1124 1829 653 27 2693 1140 295 331 561 999 726 2091 2279 1317 1275 1967 1127 2531 1024 1635 239 1756 799 2164 2794 455 390 2806 1612 1781 1755 412 1168 1299 1216 314 927 805 2698 1273 1929 1187 655 1568 1831 1472 31 782 2059 1655 1018 484 1789 1050 2406 391 2715 1715 1262 1648 2017 252 806 1918 464 858 2232 2301 113 268 1706 1008 2407 1164 430 344 643 1662 1843 580 2429 1852 2632 2687 1503 1506
000752.jpg,1221 285 546 582 6 1570 1702 1083 759 2643 1891 620 732 181 1697 1260 298 1797 468 807 1858 922 973 2706 2313 1285 1188 1723 2816 1139 411 1456 2666 475 2476 1284 650 2346 1916 122 37 2118 2043 1763 1865 2194 2171 1537 448 980 2268 1015 2261 1227 2167 1610 1884 661 2810 669 476 2807 1603 1153 2425 1082 829 459 1761 229 1318 820 372 1090 636 1560 1541 1605 586 1308 690 2030 2152 2677 653 443 799 1380 2465 2505 2278 334 750 758 2303 1199 2831 594 1943 281
000753.jpg,1759 601 1125 2777 1753 2772 2757 2077 2478 2 18 70 2663 1842 2161 315 2561 1165 2302 1557 1252 2622 1390 1834 2015 191 951 2818 2510 431 1035 1839 2315 2685 1980 2686 1747 1969 1989 522 426 1869 2314 2320 2533 24 2402 277 1938 688 1391 2667 767 2702 430 634 1149 721 1511 2143 31 1186 805 369 29 1248 654 696 2024 2236 1829 286 1317 1187 1472 525 1475 968 1787 1972 1435 331 245 1756 2025 1505 68 1921 1822 192 1647 27 2406 139 768 1443 1011 1182 1827 1461
000754.jpg,767 277 1938 1443 2686 2496 1460 369 1833 889 1989 2702 2532 1747 211 1980 2685 2315 770 2478 2510 431 2302 1125 1753 2777 2077 2818 951 70 2772 1165 2015 191 1834 1252 1842 1557 2561 1759 2757 269 455 1608 331 315 113 1472 553 2 1262 655 1568 2025 580 721 1275 430 2142 643 412 268 1972 326 18 2061 2017 1845 1008 1506 346 1303 654 2632 31 1140 2311 297 1647 1293 2402 1340 840 1356 2715 927 822 1813 1822 2407 1831 1048 901 2663 1730 1118 1390 2232 1793 1413
000755.jpg,196 353 98 776 2474 1643 1625 585 1864 2081 1819 2067 910 1042 869 2353 701 1963 2334 2462 2103 276 809 2361 2256 69 1402 2101 2027 233 1344 781 643 871 2611 1600 1273 2764 2264 1378 936 580 1692 561 653 655 1293 753 1275 758 159 138 1140 1612 1097 2429 389 1755 534 2465 2505 2698 2244 2687 446 1662 52 2467 1216 1465 346 1481 840 2715 108 412 1472 471 1220 326 1791 89 1568 786 2061 162 402 331 418 1438 478 1117 1048 1039 2398 780 1543 2821 290 1831
000756.jpg,1946 2394 1778 105 416 11 883 7 2793 975 664 412 2110 561 1273 138 1048 495 2398 753 1220 1495 252 1843 1612 840 1692 2279 241 243 2142 1614 1331 2681 290 858 2634 2698 471 113 1472 89 1370 2193 337 643 2467 346 2311 2070 1303 1875 1018 1002 782 2689 33 1941 1378 53 908 1008 655 1506 216 1275 2407 430 478 268 1813 131 2632 2821 2715 1465 1924 1026 52 2527 2611 1356 1248 383 1822 1141 2177 2690 1438 1503 402 2244 822 355 1662 587 2137 625 2091 532
000757.jpg,931 1114 702 1830 848 522 903 768 1767 1310 2388 2667 1107 2624 1845 65 126 1908 1235 297 1608 103 1254 1323 2601 2471 835 688 1720 990 578 284 502 2276 1512 1340 1186 250 2314 1975 684 1391 1821 1413 2161 2323 315 973 191 2759 225 1113 426 968 1390 1334 654 525 721 1759 1827 1011 726 962 1472 2505 2465 2062 936 363 455 1692 331 1075 1557 786 125 1465 192 758 534 108 461 2311 1037 895 999 1597 2302 2181 2402 1647 780 418 2236 1787 31 478 634 93
000758.jpg,269 1548 1980 2685 1940 1986 2702 2315 1833 1443 277 767 1747 1073 44 1483 1732 676 1147 2518 1938 1568 2275 2232 83 291 1593 456 1450 1496 16 1912 1678 2634 1923 1447 324 31 1662 191 2053 788 2437 1914 2161 2785 786 889 1195 245 751 1275 838 840 1620 1813 1130 580 471 1026 2407 2142 1281 1822 418 455 1441 363 339 1730 2686 576 758 1836 1120 1787 654 1789 125 603 1262 845 927 2236 2244 2483 501 207 139 209 780 1481 1472 369 830 402 1465 1749 1037 525
000759.jpg,807 1697 759 1260 468 285 2643 1702 546 6 1221 1188 732 582 620 181 1858 2171 2043 2666 650 1797 372 2816 922 1891 1083 2313 411 1570 2810 1865 1456 1284 475 1916 2346 1723 298 122 2476 229 448 829 2167 1603 1153 1227 669 1763 2268 1761 476 2261 2194 661 973 37 1285 820 2807 1541 1318 2118 980 2425 459 636 1015 2168 2706 1610 1082 1090 334 1882 956 2841 1884 2627 750 2468 2278 1560 1139 586 2611 281 1018 580 1262 2705 455 1275 643 344 159 653 1097 1216
000760.jpg,2044 1934 2501 188 2411 611 1656 312 2832 1644 2528 1102 85 1624 987 2817 943 1319 2790 2545 2034 1796 556 221 1405 1386 547 439 64 817 1407 635 51 715 305 1640 659 201 1926 259 1569 100 2082 712 2713 2419 48 2270 1860 2721 155 2133 260 978 550 559 1158 2826 1617 1046 1782 562 1437 1428 2397 1848 2088 1422 1486 2433 563 1381 2358 1658 1316 2007 2241 900 1092 2439 1840 2836 1897 1208 1636 1414 1369 2652 2309 2300 674 2544 1983 1552 1544 1362 1468 1307 413 2344
000761.jpg,1436 2218 1504 222 1638 2512 1305 2342 2450 1736 2071 1052 755 1806 1933 1790 850 2750 2201 2432 1709 836 1321 2362 2156 897 2096 2645 2355 1098 935 2691 1911 2567 971 621 2109 84 1171 1118 96 602 856 959 144 2141 2751 1288 43 1275 941 1363 22 159 1143 1255 1822 580 1927 2688 326 1632 1217 1661 872 1293 653 481 2094 1703 390 974 1078 1021 1771 2053 106 31 2017 1543 2193 1273 505 815 1692 28 1097 1214 2188 419 2250 2698 1757 171 1635 1216 1987 1530 643 1069
000762.jpg,483 1300 240 2784 1353 1883 789 2000 2054 1091 1996 1786 1257 1971 1593 1801 777 230 1357 1180 2579 2495 2504 564 1137 1804 39 926 1559 1106 2281 2288 989 967 766 614 803 76 1087 1818 1719 2759 2114 2277 581 2238 1115 291 1451 1093 529 251 1389 374 646 792 2787 2546 1447 328 2072 44 2249 576 1523 1207 761 2785 1178 2540 16 1427 739 1346 2695 845 2296 215 1483 834 1561 2242 93 895 2235 1914 1361 1749 341 1590 2555 1469 1900 2381 1631 2040 2383 1057 407 1940
000763.jpg,1113 1487 2810 2043 2346 1916 475 1723 2171 1082 1865 1308 443 411 1891 650 396 721 2841 1972 586 430 252 2402 504 1395 1018 758 1711 2398 2816 1921 561 1472 2061 753 922 452 924 2634 840 1763 1048 1697 412 2666 1027 782 847 525 1317 1435 936 138 1647 534 275 113 2311 1026 2025 471 2632 1011 2244 1024 175 1150 2573 37 225 780 2429 546 625 1220 1598 1568 327 108 268 1918 655 806 1188 1612 1787 1037 1356 2142 495 1248 2283 1465 346 1471 788 1756 322 1882
000764.jpg,1939 2619 2517 1294 1694 2616 2481 1258 665 1446 1129 1112 1270 2185 1630 1684 1440 2298 1360 2584 1411 958 30 810 71 143 787 2271 386 2529 638 2246 1445 718 1215 1514 795 697 2801 2363 1267 2710 969 2444 2460 557 273 879 1863 2771 641 1735 1373 1925 577 1982 741 2709 1295 2104 2189 1324 2595 1816 888 1480 1807 147 1619 2524 2468 1660 1549 2833 262 2820 991 414 1366 2372 1242 2607 1284 20 2466 2092 2139 167 299 127 2175 1815 2576 2633 2726 1744 1607 1524 602 511
000765.jpg,872 326 580 31 2715 261 159 2199 1293 1097 1822 1118 1143 2814 2783 649 2773 1099 1156 1135 2610 1650 2597 2789 1543 1885 1441 653 1011 972 2265 2594 2105 1376 1755 552 877 507 1955 890 1314 1003 1917 1704 2306 2062 1635 390 1273 1967 1050 120 220 799 2693 1715 2822 2812 331 314 1774 1756 1302 1317 587 316 1873 805 533 963 2053 655 2177 2237 1117 2681 532 2406 2343 2017 1037 200 430 1568 633 235 1746 1648 618 2322 1961 2698 1124 455 2527 1021 2742 330 1109 2765
000766.jpg,767 277 1938 1443 2686 2496 1460 369 1833 889 1989 1747 2532 211 2702 1980 2315 2685 770 2510 431 2478 2302 70 1125 951 1753 2818 2077 1165 2777 2772 2015 1834 191 1252 1557 2757 1759 315 2561 2 1842 1390 269 1340 1608 601 18 331 1472 2663 455 553 430 113 1845 2622 655 1568 1413 1262 297 721 2632 822 2142 643 1008 1275 2755 788 1972 412 2061 580 1356 2402 927 2232 1303 268 840 2311 1647 2407 1048 1506 346 1584 1831 2025 1293 2276 2017 2634 2715 1140 1503 1839
000767.jpg,2448 2725 1889 609 1766 2404 2457 509 2464 2128 957 744 5 844 244 1515 1696 2115 2508 909 1602 1616 1426 2169 592 2109 473 466 388 498 1945 1061 1802 1880 2468 520 1953 1477 2014 163 2351 375 2124 119 1556 1216 252 2710 2740 232 1506 1533 1744 2749 561 1124 1918 1829 2197 1140 1275 1780 430 2531 1904 43 2348 1108 2444 1924 1807 1296 1273 2279 2311 412 1326 331 2572 625 525 402 654 1024 2193 558 753 1972 806 655 1487 1438 113 471 1475 1008 2698 1274 721 2407
000768.jpg,1993 1663 1422 1617 712 947 1328 1444 2837 1649 1045 1782 2836 134 1054 169 1623 2767 1679 2130 2707 1029 2050 1381 2631 645 2241 1658 2011 735 463 1544 1552 1261 2840 445 1218 197 2628 2439 550 1710 440 319 155 900 1948 1051 1416 1489 1437 179 2735 1840 1096 1362 1897 2352 1417 1253 860 1369 1701 674 1486 497 194 1586 1307 1860 992 2046 1208 1640 260 2419 51 259 1777 978 2649 965 1185 1123 2708 305 2713 2076 1316 2815 2482 563 715 2088 1468 2424 2272 2397 2826 559
000769.jpg,2210 2520 1272 640 13 1754 2671 1949 1041 1038 2421 828 323 377 1337 2578 1910 2032 2047 56 2539 2083 1429 672 865 2828 933 1189 2428 2602 2798 2629 1668 2795 1374 2808 729 964 370 1952 1399 2221 1266 1764 1049 1070 2570 698 2335 2038 2120 2839 2031 1329 932 2640 358 955 432 1249 1521 1118 1143 150 1822 1553 1255 159 1704 326 580 1275 1187 84 31 1886 1256 1293 1240 2687 2188 43 1216 1097 1274 941 455 176 289 1692 1236 971 121 1018 331 839 2029 1132 1124 2017
000770.jpg,2178 304 2113 1213 2066 1394 658 727 589 1175 1951 1306 485 545 1389 2546 1115 1334 1798 1361 962 2323 395 572 1230 1451 2644 1559 529 2022 1106 2787 2277 2000 2540 2072 614 1683 1558 2249 1353 1137 2054 1207 714 1801 436 898 215 341 737 803 1087 989 251 101 2114 1900 1883 364 374 2040 1898 646 2409 822 525 252 625 2311 581 679 782 39 1248 1018 113 2137 1435 2784 1300 1641 1598 225 1472 1197 1141 1505 1027 2634 1166 1561 1427 2759 2154 2232 117 245 290 721
000771.jpg,133 2327 976 280 2418 2374 2174 2672 1234 1580 1947 57 1861 1034 1792 1392 493 210 1575 366 2461 570 1930 1358 1196 793 1375 548 2330 1724 2456 1276 1859 746 689 2004 2125 1664 1758 1665 2229 2186 797 2694 756 421 1292 294 2039 1551 1765 583 704 2206 857 2662 1887 2581 1072 1193 228 1457 2356 1776 263 170 2184 1350 2590 2659 77 801 158 656 2838 1377 1086 1043 880 438 798 2703 2541 242 1877 884 2198 1348 934 1229 1279 2155 2739 1522 2127 470 422 287 1432 885
000772.jpg,1096 1416 1948 1362 1897 497 1586 992 2046 2272 2815 1316 1636 1496 1860 1218 712 1965 1051 2721 439 1552 2352 155 2556 64 1782 2628 1381 1796 1261 1617 51 1029 2135 715 2767 1993 305 1569 194 260 645 2241 899 1658 1899 2836 2713 188 100 2840 319 1640 1067 1777 1054 1185 134 562 1663 947 2650 48 2068 2419 2735 2708 2741 2580 1018 445 1212 556 1319 1045 1444 1248 1027 547 2665 611 525 782 1486 900 2545 204 2632 1356 2311 1008 1220 137 113 2766 659 259 2435 1435
000773.jpg,1346 540 1535 617 291 2542 832 2129 1561 1257 1971 1693 310 1137 1019 1590 1786 93 1161 1513 1593 1631 895 1773 1087 1847 1091 614 1207 63 1357 1795 2441 751 2827 2149 1166 1343 940 1298 2242 2495 2656 1996 1197 1026 76 1434 418 777 1004 898 2017 1568 346 321 363 1482 1481 1912 455 576 39 2493 2072 2409 331 52 478 464 371 2062 628 2821 618 95 2690 1692 786 1923 471 2467 1856 2632 2785 31 1940 207 788 290 1662 643 1180 580 758 2737 2634 2407 225 2142
000774.jpg,133 2327 976 2418 280 2374 2174 2672 1234 1580 1947 57 1861 1034 1792 210 1392 493 1575 1930 1358 2461 366 570 1196 793 1375 1276 1724 746 548 2456 2330 1859 2004 689 2125 1664 2229 1665 1758 2186 294 797 1292 2694 2039 1551 421 704 857 1887 1765 2662 1072 756 583 2356 1350 1776 263 2581 1457 228 2206 1193 1043 2659 170 158 801 1877 2590 656 77 2838 242 438 1377 150 2739 884 1348 934 885 1086 2541 2198 2321 1279 798 1522 2703 880 1229 185 1432 287 2155 2332
000775.jpg,2721 1569 715 100 305 48 51 562 1640 2034 64 1796 439 155 2545 2433 1453 2309 1490 2376 1901 1860 2713 201 2650 1316 260 1496 1636 168 2272 2088 2815 2826 563 2631 1878 2556 663 1840 712 1948 231 2836 559 2708 1381 2553 1369 784 2628 1051 2649 1782 1148 1965 2652 1658 486 1096 2840 900 2439 978 659 2538 1617 2767 1307 518 1486 2241 1416 2419 1848 1586 2454 645 2769 259 497 2007 1362 1046 1428 1544 348 1123 1897 1261 2352 1422 1584 550 1777 319 1218 965 26 1185
000776.jpg,2545 2044 2034 1796 188 1934 2501 64 2411 715 611 2528 1644 100 439 1569 1656 48 1624 312 2721 2832 1102 2817 85 51 305 2790 987 1640 2433 1319 943 2713 562 155 1860 2309 817 201 221 1490 2376 1407 556 1405 1926 712 659 1453 547 1901 259 635 550 2826 2650 1782 1386 1381 559 1046 260 978 2300 1316 1878 1658 168 2836 2088 1496 1897 563 2419 2007 1840 1362 1096 1848 2241 2649 1369 1636 134 2652 2439 2631 2082 1092 1552 1428 1993 1416 497 2556 1617 486 992 2133
000777.jpg,2065 982 1791 118 567 2792 1583 998 1579 1470 2682 2252 919 1063 808 1651 841 9 916 227 1179 2491 2328 1977 1769 114 1354 517 1211 930 952 2778 1770 748 639 2711 382 2042 778 1970 887 928 515 1851 2793 1531 7 1854 1578 945 819 2310 2723 2647 2379 2225 1657 763 2729 975 923 1667 1920 1585 2559 2097 1271 2618 2575 2304 311 151 1210 579 528 875 512 2026 2416 25 2488 2349 492 1209 513 2459 566 1367 1154 1239 2658 1274 446 1275 455 1262 671 2343 1327 2212
000778.jpg,1883 1353 2784 240 483 1300 2249 1394 2277 761 304 529 2178 1801 2066 789 1213 545 2113 2579 395 1106 1559 2644 1451 2000 989 2317 2546 1593 2504 834 1230 2054 658 572 1361 1044 2555 2114 727 1951 251 1389 1115 1683 1175 824 1749 374 1178 2759 2288 1306 2787 341 766 1719 926 1476 576 252 1996 564 1093 2072 679 328 1898 230 625 1087 1804 1798 589 2495 614 1137 1598 39 1180 2311 1248 412 1363 967 581 1558 1091 175 525 1334 1435 2238 2137 858 1727 822 2136 2547
000779.jpg,2018 2284 2551 2146 719 764 2008 1289 247 2487 1204 153 2582 1403 206 2361 343 1534 1577 190 914 1128 1351 723 539 1157 1359 1493 1997 2209 2585 35 812 2485 1121 2824 1772 450 862 1751 303 212 2453 615 1915 1970 2353 2603 871 604 1247 874 549 516 778 998 825 2718 2729 2110 337 2165 207 1347 402 331 276 1021 61 1595 2698 1438 2049 1273 418 192 1140 471 2690 786 1275 2734 2467 2716 1924 2017 200 408 1918 1216 1481 52 1506 363 653 1011 872 1787 1099 2764
000780.jpg,327 1659 1205 2573 117 2494 2303 1198 1979 275 2791 1184 2203 1922 1687 1113 1400 2030 953 1641 1471 23 2620 1502 2245 1084 2179 2623 454 2768 1525 205 1738 594 1487 2572 907 1371 2263 420 1488 510 1397 924 167 1280 851 20 2222 1080 1591 2678 2521 148 1661 1605 2162 1423 1960 2726 946 40 543 423 1232 1744 1082 1308 2841 1199 474 2348 1425 2535 1144 2022 690 265 1995 1019 443 2109 1602 1137 629 1723 1954 37 325 1263 1139 1027 2154 745 586 1006 2751 1333 2571 1711
000781.jpg,967 1719 1804 792 91 2235 2296 1689 2024 24 426 2143 1597 2430 634 2320 853 1149 2533 29 739 2756 286 2638 2673 293 2172 754 2021 499 1533 1728 213 240 1231 218 707 483 2224 1478 558 789 895 1849 2000 2408 2784 898 1207 93 2054 2409 2072 1590 1091 1558 714 1166 76 1300 92 331 184 2242 1257 726 1124 291 2260 33 2787 455 1087 1262 2407 1829 618 2301 999 1647 471 2354 780 2017 1024 1475 1008 2236 1506 1127 806 655 858 1961 52 2295 1787 1216 1593 696
000782.jpg,2821 346 478 936 2467 2690 1918 471 363 402 753 1438 2398 2407 52 1692 108 786 2505 2465 628 1220 1662 1378 430 467 2634 1008 1465 2244 840 758 2301 1022 1481 344 780 418 2429 452 2611 534 2059 806 484 2765 389 2687 655 1048 1039 999 561 1730 1026 89 53 1568 504 726 643 138 331 1475 2470 2285 464 1472 2279 1612 2698 290 2142 2236 1929 1018 1275 782 241 314 2806 2715 1011 2632 225 1789 1706 1477 927 1831 2062 1097 1293 1655 1822 580 326 1024 159 295
000783.jpg,1628 2163 437 73 380 401 981 453 1233 2074 1599 1872 760 399 823 1510 461 1976 2055 595 2587 208 477 2655 1023 2469 1145 141 1717 1047 2098 2126 731 816 2122 177 2829 612 2747 1160 99 2679 1085 1903 1163 72 164 172 799 1688 156 2594 696 1317 2274 805 1808 2009 721 1789 1911 144 1829 758 2693 2577 222 1787 2465 2505 2402 2452 726 1756 935 927 1098 1293 654 2062 2775 694 1241 2236 1395 225 1706 1921 1275 901 1026 2398 2199 2645 1248 1972 1097 1647 2119 290
000784.jpg,1929 1275 2806 295 1730 2687 2236 1037 1475 2053 726 1124 2301 331 2698 999 1662 1140 655 2059 484 1240 455 1875 1273 131 268 1011 1568 344 2429 391 1216 2244 1465 314 467 534 1024 504 1262 806 363 2407 786 1008 2765 780 452 1941 430 1967 1831 1655 1635 1481 390 464 418 52 927 2232 53 1715 1706 2531 1789 1503 840 389 1022 1843 1378 495 478 2634 758 471 2823 33 290 108 936 822 1438 1506 1924 2565 2465 2505 2142 1274 346 1187 2715 2470 1039 2821 2285 1612
000785.jpg,1830 702 848 931 1114 903 2624 1767 1845 768 1310 2388 1235 297 1107 126 103 2601 1323 1608 1908 2471 65 502 990 1720 578 688 284 2276 1254 835 522 1340 1186 2314 684 1391 250 1413 1975 1821 1512 2667 2161 2759 331 298 962 973 726 464 999 225 1706 478 721 1465 655 534 780 1692 363 2062 927 1011 1275 786 1026 936 2429 418 1647 1140 1506 2715 2061 2402 1472 1789 2311 2505 2465 1912 806 525 290 654 643 1756 1921 455 758 216 402 2236 1972 2398 1356 1843
000786.jpg,601 2 18 1842 2663 2757 1834 2015 951 2818 1252 315 2622 1557 1759 1390 1165 2302 191 2777 1125 1753 2077 2772 2478 70 2161 2315 2561 2510 431 1938 1747 2685 2686 1980 1989 1443 889 2702 522 277 1833 369 1035 1839 767 1460 1969 2532 211 1114 2667 1767 1413 1391 2314 2624 2276 2496 1511 2509 1845 578 269 426 126 768 1075 1186 2323 1810 1442 931 1012 848 1608 1117 688 2402 1584 750 1235 31 1334 24 747 1182 2378 1472 1869 805 1822 696 202 430 1406 721 258 235
000787.jpg,1137 1087 614 1590 93 895 898 1207 2072 1166 714 2409 1558 1928 1971 1257 2324 803 1631 1197 1786 2260 853 1801 291 426 1597 2143 634 1357 1334 1346 2000 2759 1561 1593 1689 1091 2493 2024 39 24 76 2495 2579 1180 2430 1996 374 564 2542 989 2277 2247 739 2281 1818 581 777 926 1106 2288 789 2699 2040 1538 215 2114 1559 540 1900 251 1093 1300 2242 483 529 2504 240 1535 364 1353 2540 101 2489 465 2022 967 2381 1883 407 646 2784 2054 737 1804 341 2323 1115 766
000788.jpg,2267 1553 1236 2380 1886 1699 1430 1256 743 2423 2333 2078 1492 2217 427 2568 2415 901 142 1793 802 429 2117 1053 868 878 554 1431 36 1888 2421 193 1038 988 569 176 1890 681 121 289 555 2090 432 2668 1132 340 500 680 302 292 361 1588 1499 2735 866 2108 571 2029 332 536 1398 199 2786 893 2451 370 1041 2227 21 323 2047 78 733 1754 437 62 1233 1065 2221 2539 1418 1787 31 2693 354 2224 1189 2163 2594 380 979 1827 886 654 799 1869 2742 2667 417 2074
000789.jpg,1146 1752 2300 987 2832 312 1407 1102 2790 1926 85 221 2556 817 1624 2501 950 1496 547 635 1656 2367 1386 1405 2817 943 1316 2082 556 2270 1636 59 1202 1965 518 1934 188 4 2528 1644 2069 1319 2411 663 611 1545 1799 626 2815 1840 2044 2836 1737 550 2389 259 2826 1051 978 2649 1003 2628 1782 2272 1484 2419 1796 1092 1362 1878 712 1369 1414 2631 2105 2397 1897 2574 2545 872 854 1218 1096 2840 347 2713 1117 925 1658 194 155 1339 1416 1700 1437 659 1216 2652 1532 970
000790.jpg,2070 383 1141 654 525 1356 2669 1780 49 1924 2311 216 1505 61 1506 1435 1248 192 625 679 252 2025 2164 1781 245 239 2794 2091 113 1598 207 1787 858 2396 225 139 1127 838 2137 2173 2470 449 209 1299 1168 408 296 356 1282 2280 27 653 2693 1274 2531 2565 1200 391 1477 455 1140 1216 822 2232 1262 1240 1612 1124 1568 344 1037 331 1503 2053 2279 1843 33 268 1500 1875 495 1941 131 1273 1918 2142 290 402 1275 1438 471 786 1024 1187 655 418 1648 752 1481 2698
000791.jpg,143 1440 1129 795 2529 2517 2185 718 2298 386 2271 1694 1684 1445 697 2363 2619 1411 2584 787 1514 810 30 958 71 638 2460 1360 1630 557 1480 1366 1816 879 2607 1660 2524 1735 2633 1215 1294 2833 2801 1863 273 2468 2139 2092 2771 1267 1549 2246 2616 2269 2104 2726 1925 641 342 299 2740 1373 1295 1939 551 1744 2576 741 1242 991 1982 307 2162 1807 669 2385 2776 1025 1520 1619 969 1629 2371 1180 1286 867 414 262 428 1524 267 1059 147 1275 653 1238 2465 2505 2749 577
000792.jpg,2011 645 2707 1679 1623 1054 1328 1444 1649 947 445 735 2050 1029 1663 169 2130 2837 440 2836 1045 712 2840 1253 1782 319 1617 1422 2767 179 1552 2241 1544 1381 1658 1840 550 2439 1993 463 1261 134 518 2628 197 1218 2631 155 2287 2735 1051 900 965 2482 769 1307 2352 1640 1486 563 1208 1417 2649 2076 51 2375 2419 1710 932 194 2133 1775 1489 674 259 1437 624 260 906 2088 1860 2515 724 1948 2544 2538 860 882 123 1096 1369 1757 663 1162 2483 1496 606 173 559 1788
000793.jpg,2202 1476 1856 2745 88 2111 95 132 824 1914 2441 596 576 1176 2547 2190 695 2827 783 2785 983 1743 1749 2422 310 465 2149 1693 949 1178 2523 1727 2555 2737 2058 834 1999 34 1513 1224 2317 1593 1304 1773 1277 1990 60 1785 1631 1228 1103 761 2656 1093 2437 2700 2180 63 47 1161 1343 1019 198 940 1116 44 1713 2497 2016 2249 1847 1714 182 1044 1447 1004 1483 540 1760 2129 1801 1838 1795 149 1836 407 617 2277 16 1672 1469 376 1712 683 2112 2114 766 75 676 679
000794.jpg,2011 2707 645 1679 1623 1054 1444 1328 1663 1649 445 947 1029 169 2840 1253 319 2837 2836 712 2050 735 1782 2130 1552 1617 2767 1045 1422 440 1544 1381 2241 1658 965 2287 2439 134 1993 1261 1218 900 2352 1948 1640 2133 155 563 2628 1775 197 1860 1486 1777 51 1437 769 1208 1307 1840 260 1416 674 2708 463 1897 2088 194 179 1096 2419 1051 305 559 1586 1185 2272 1868 1092 2815 550 259 2580 1452 2713 1369 2046 1983 2826 2732 238 497 1362 1878 140 657 562 1123 2631 1158
000795.jpg,1636 1316 1496 2815 1965 2272 2556 1840 663 2628 1051 1218 2352 194 1658 1261 1381 2241 2439 1586 1362 497 1897 2046 992 2836 518 1544 1782 1948 2767 1860 1752 1096 155 2713 712 440 1416 201 2553 1045 231 947 168 965 169 1649 1148 978 51 1878 1123 2433 2376 2837 563 1640 173 1796 550 1901 735 2826 2631 950 2545 2034 1422 1453 1848 1617 900 260 2309 100 2652 2538 2088 559 2007 1569 1532 649 1663 653 2419 872 1021 1117 330 1414 259 1444 2105 344 2343 715 64 2050
000796.jpg,1804 967 1719 792 2235 2296 91 739 1091 1996 777 230 240 2784 483 2024 926 1689 564 2281 1593 2242 766 1353 1818 1180 989 24 76 39 2495 2238 1300 2288 1971 1883 1786 1093 2143 1597 426 1357 2430 634 2756 1257 407 789 499 2504 2114 328 341 364 2224 293 754 2021 2040 737 1898 2759 853 2258 251 2000 1561 1900 1801 2320 215 2533 291 1231 1728 1841 576 803 1149 436 2579 2638 581 2698 33 2785 1683 1106 529 1087 1780 29 1275 2017 858 1598 2381 455 49 1262
000797.jpg,59 626 1545 2389 2367 1799 950 1146 1202 4 547 1737 2270 2082 1386 635 987 1407 2300 556 1752 312 1319 2832 611 188 1405 2477 826 2840 1624 1926 2501 221 613 1102 2375 85 283 2515 266 259 134 550 1003 817 2105 518 2010 735 1092 440 1172 2790 2837 2208 1148 2556 1993 203 2424 2631 2148 1649 1912 1496 2781 1262 1123 1942 169 1441 1414 1708 2069 433 2312 439 977 2681 344 1307 2836 769 1275 1878 1552 455 445 2767 363 1472 1216 295 927 1730 947 1117 271 2343
000798.jpg,434 2364 544 937 1005 2788 2746 2730 2549 2290 593 1079 410 749 673 1311 1110 112 365 1516 1783 2299 1670 1966 811 1379 605 1794 2219 416 883 1131 1968 1040 1133 2151 1243 1068 435 336 2095 1946 709 1325 2697 821 2417 1634 2830 1498 870 186 2251 1969 1309 1850 1573 1466 730 717 253 610 678 2005 338 288 2341 1424 1020 257 94 2560 648 1581 805 248 1822 580 261 159 799 1532 2062 1755 2693 2142 1317 1789 696 1143 1293 2557 2594 927 1097 568 89 1142 1455 2814
000799.jpg,1107 1310 1254 65 1104 1512 2550 107 1507 2414 2604 2641 1669 835 575 1177 284 768 55 728 2176 2019 2754 903 1908 397 1194 1044 1720 702 1425 2136 2388 1244 1608 2579 2080 2079 1315 1821 205 931 309 2471 1449 1907 1323 990 1830 103 1975 1147 856 1013 297 1340 1114 2601 502 393 848 1186 834 2276 2823 250 1620 1450 2160 845 1691 2571 1336 333 1568 216 1273 2311 1275 2277 362 344 1662 643 1217 1277 2239 1216 2759 1465 1286 271 806 464 1140 761 1120 1767 780 402
000800.jpg,1993 1422 1617 712 1045 1663 947 2837 1782 2767 169 2836 1649 2631 1444 1328 2130 155 1381 134 2050 735 2241 1658 440 1544 2545 550 1054 1796 2034 179 2439 1261 1029 715 1623 1840 1218 1569 1679 51 100 2628 1552 48 1640 305 2433 64 2707 1051 2721 2713 439 463 645 518 2352 1860 562 2840 194 1453 445 2735 260 197 1369 2309 1948 201 2826 1490 2011 900 663 2376 1316 1486 1437 2088 563 2649 1901 1416 1096 2082 2272 559 2419 1897 1208 1362 259 1636 2270 1878 2650 1777
000801.jpg,2702 1980 2685 2315 767 277 1989 369 1460 1938 1443 211 2496 2532 2686 1833 1747 889 269 1548 191 770 2302 1165 1073 1557 2161 1732 2478 1678 1568 2275 2 1620 2510 758 331 2518 655 788 315 830 1037 431 840 1972 1472 2634 721 2407 2232 1789 2755 2061 1923 927 603 1124 1450 2053 1147 70 1787 1912 2236 1395 389 1011 2314 430 2402 2742 2663 1275 1091 504 1813 125 2818 455 1759 580 207 1317 2244 31 418 268 1475 324 471 2077 1008 464 2301 2142 601 1481 2757 245
000802.jpg,2019 1507 2550 107 1104 2604 2414 1669 1177 2641 55 2176 728 397 575 1194 2754 2247 1691 1482 2493 2136 2080 393 2395 1244 2260 863 2699 2383 845 2489 1646 1846 1120 1538 1016 2233 2254 2192 457 1523 2595 357 584 1734 373 462 577 339 2695 1147 603 1140 2632 441 89 782 1008 1018 2324 643 856 1450 1220 2347 331 430 1274 1620 138 2017 830 147 412 1273 2518 858 1612 1543 2326 1127 1601 499 113 2316 1275 1662 561 2780 628 840 1568 2279 1048 279 2630 753 864 1026
000803.jpg,1205 1659 327 2303 117 1198 2791 1979 2494 275 1184 2203 2573 1113 1922 1687 2030 23 1502 1400 1084 1641 2620 1525 2623 2179 2572 2245 1280 2263 1080 1738 1371 594 510 953 454 2678 1471 1488 1397 2768 420 907 851 167 2521 20 1591 148 205 2222 946 1960 1199 2162 423 924 2726 40 1487 1605 543 1661 690 1423 1232 1425 1082 1744 1308 1137 474 2348 1602 2535 265 614 1726 37 1144 298 122 629 1802 443 325 2109 1570 745 1537 2571 1334 1263 2197 1995 2706 1284 2022 1558
000804.jpg,20 167 454 1995 2162 2726 1744 2222 2030 38 115 2109 1661 2573 744 592 1214 22 1171 2751 2791 2303 1401 23 1205 448 117 1284 1659 275 1199 1880 1865 2567 411 122 2706 1556 1456 2128 2268 327 956 922 1882 1697 1188 2623 42 2197 1802 2572 2216 1570 325 1084 37 2153 2784 1113 2278 1227 1044 636 1082 745 459 2476 2313 189 2507 2468 690 1858 1671 1883 1525 669 1280 827 2203 1080 40 1474 1198 2535 2806 298 205 1637 1308 2060 2261 476 2678 1687 1632 2794 1939 2807
000805.jpg,269 1548 676 1986 1940 2685 1980 339 1443 1073 1833 1130 1938 1732 603 2275 1450 1620 1646 1590 1601 830 2702 895 2402 721 898 2518 2180 430 375 1195 331 2142 2409 192 580 1284 1293 1535 1602 455 1921 1711 1262 1928 1747 1972 1275 654 1166 1749 1568 1303 1756 1395 1594 2407 1789 1317 61 2025 1813 751 207 863 245 471 2115 2573 1647 2669 93 1143 2232 1011 291 2061 725 1822 525 159 31 2794 1140 2315 655 2053 2506 1781 786 2303 1787 326 1923 1438 2062 346 1037 1912
000806.jpg,1056 2294 2135 1212 899 137 2741 204 1055 1944 2728 116 1606 2207 97 2842 2511 1134 1547 725 2558 246 1463 1067 1076 1935 1464 2435 2248 2286 2813 2068 686 722 2382 1825 2665 2825 2736 165 1899 1937 494 2291 2057 146 948 79 692 2041 2393 2766 2580 1874 1639 804 2292 1126 447 647 1777 574 1223 1185 1452 329 2639 2319 2708 682 140 2683 2569 677 2305 1592 491 657 2438 442 280 2719 1868 57 1986 2598 274 347 1124 52 1275 1918 2436 1940 1140 540 974 1441 2698 331
000807.jpg,2669 2070 61 2164 1781 192 654 49 383 2794 239 2025 2091 207 245 1787 525 225 139 2396 1127 1780 838 2173 1141 408 449 209 1924 2280 1356 1282 356 296 2311 216 1505 2470 1435 1248 625 679 1274 252 653 1299 1168 2693 1506 113 1598 2137 27 858 2531 1477 1240 2565 1200 455 822 752 391 1503 1216 2232 1245 1262 1140 268 2142 1568 1612 241 1843 495 2279 131 1037 1124 33 331 290 1875 2053 1024 344 1500 2407 1275 2301 402 52 1273 1822 786 1789 295 363 655
000808.jpg,101 1900 364 215 436 2040 2381 737 251 989 341 1427 803 2114 2504 766 374 1106 1898 1559 328 407 2242 2238 1093 572 581 1230 1683 1451 545 395 2644 2540 1353 2000 1883 1361 2759 2546 2784 529 962 1300 1786 1798 2787 1115 1389 789 1394 1971 2579 1257 2277 1818 2066 2288 39 926 1180 564 1357 1091 2495 2281 646 240 1996 2323 777 304 1801 1213 76 1175 1951 2178 1334 2113 483 1087 658 1558 485 230 2072 2054 1137 1306 1207 614 589 293 727 898 739 782 2756 1018
000809.jpg,807 2171 2043 2666 650 2816 759 1260 1697 468 2810 372 285 2643 475 1891 2346 1916 1702 1723 6 1188 546 620 1858 181 732 582 1221 411 1797 922 1083 1570 2313 1603 298 1456 2476 1284 122 1153 1865 829 1763 448 2167 820 37 2268 973 1541 1761 1227 2841 2807 1285 669 2194 2706 1139 476 2261 980 1610 661 2118 229 334 2425 750 1318 1015 636 1090 1884 459 1082 138 956 1537 1882 2278 2611 1048 2632 758 1018 721 799 586 643 936 653 782 2634 1220 1612 1395 2061
000810.jpg,2414 1177 1104 2604 107 2550 1507 1669 2641 55 2176 728 397 1194 575 2019 2754 1691 373 2080 2395 584 1016 2383 441 845 1482 2695 1523 2326 462 1517 2360 1028 2233 1120 736 2733 2254 2234 187 2159 2106 2684 457 1690 2192 2780 1734 1259 818 357 1382 1467 2637 1626 2651 2525 1372 2805 2752 32 2297 2033 469 2447 2347 2804 279 2630 917 1244 1832 379 1147 1809 2345 1014 902 86 2240 1919 876 1959 920 2368 2136 2239 87 590 10 2605 1192 2518 393 2802 2586 1410 1459 1748
000811.jpg,196 776 353 98 2474 1625 585 1643 2067 2081 1864 1819 2353 910 1963 869 1042 701 2334 2462 276 2361 2103 2256 233 871 1402 809 69 1600 2101 2027 998 781 1344 2264 2792 2001 607 1089 1970 381 1216 2391 1100 778 1688 1140 1583 1273 2711 1924 1612 382 331 2026 1124 1808 1506 655 580 2611 2093 516 1275 2698 1667 643 138 2049 61 2575 344 1918 1155 1822 118 2061 1063 1472 2244 1831 1128 1404 806 1715 653 1293 9 2053 52 492 430 418 1143 1262 2407 326 159 721
000812.jpg,1487 1113 924 1471 2573 115 396 225 2495 1400 1137 471 275 758 1438 1687 2634 89 2025 430 2244 200 1481 1008 331 840 1140 1124 780 1787 452 534 525 2398 1648 2531 346 953 478 1918 753 806 290 455 52 61 113 788 761 2429 108 1780 1472 721 1612 327 418 655 363 207 389 2197 561 1018 1199 1662 1024 1262 1715 1563 751 786 2669 618 33 2316 1220 1912 1972 2311 2470 1037 1941 2407 1091 268 2285 2422 1465 1435 822 2144 2402 1073 53 1568 1248 402 1371 936
000813.jpg,70 1125 1753 2777 2772 2478 2077 2561 2510 431 1035 1759 2161 1839 2757 315 1165 2302 1557 1390 1252 191 2622 1834 2015 18 951 601 1842 2818 2 2663 1980 2685 767 2315 1235 2686 1938 2702 1845 1608 277 1908 2624 688 430 2276 412 553 369 297 68 2532 1303 495 2471 2144 522 561 1989 1220 2398 1391 2311 753 1955 502 103 1443 1248 990 331 1008 2402 2228 2314 284 1186 1117 1274 1747 1976 1182 628 1972 2689 1829 1114 655 1923 89 721 461 1323 113 1472 2061 2764 2279
000814.jpg,2792 118 567 9 515 998 1583 1791 1579 919 2793 2491 2065 923 2328 1770 1179 808 1354 952 7 114 841 1531 1769 887 1977 1470 2778 2304 778 748 2711 930 382 975 1970 639 1854 1063 819 2682 517 2647 1651 945 928 875 1851 2729 1578 2379 227 311 982 1657 1210 1920 2559 2252 2618 1211 2723 916 1271 151 1585 2225 1667 1154 2349 492 2459 763 2097 2361 2575 2416 579 2488 528 1367 1528 566 799 1239 2310 380 726 2026 999 1688 98 1706 1789 2062 353 25 464 2465
000815.jpg,611 1319 188 556 1386 547 2082 85 2270 943 987 221 2790 1926 1656 817 2817 1102 1934 2044 2528 1405 1644 312 1407 2832 2411 2501 1624 2300 635 2397 1584 463 2045 2544 4 659 2200 1092 2419 2358 2574 2307 283 259 1146 2076 1208 1437 1307 2344 2724 2670 2023 606 1486 977 904 1422 712 970 1029 2800 978 1796 1428 1468 1737 1313 2755 2652 2606 524 197 550 2826 674 1617 1983 1552 1369 2626 906 1545 1151 559 1564 433 1200 260 489 860 220 2564 1710 911 1701 1339 74
000816.jpg,216 1248 1435 2311 2137 113 1505 625 1356 679 525 1598 1780 252 1141 654 27 1127 858 822 239 2091 2164 1781 2794 2070 1274 383 1506 2232 49 245 449 1299 1168 2669 1924 2470 2280 1262 1568 838 653 209 139 2173 455 61 2565 2053 2396 192 1140 1612 2236 268 408 2025 1037 1018 1124 131 2693 2531 782 356 1282 1475 391 1875 1275 225 1472 1187 138 33 331 806 999 1787 1662 296 495 655 2406 1829 2191 1647 1961 295 1843 2017 207 2279 2632 726 1941 534 1648 1024
000817.jpg,2049 631 1017 2282 1518 1290 530 2596 2064 921 607 2796 446 1909 1613 1301 1604 984 1237 2392 662 2140 1058 1567 2093 1981 1879 451 1396 1105 813 355 243 1554 1002 1906 1119 1370 394 908 1978 1742 2357 1331 2257 2696 1673 1384 1614 966 1621 2458 942 1676 2085 337 660 542 2660 2782 2543 54 710 487 1495 840 1275 1681 1705 1273 1739 1808 175 220 561 1248 89 2006 1404 1274 235 1216 383 2698 2600 344 1145 1435 2417 1466 1787 625 2191 412 1140 52 679 2259 2715 2822
000818.jpg,12 1721 1876 1473 2809 864 526 608 508 994 274 140 1868 1472 1771 1942 28 444 523 271 1439 482 1275 505 2683 2499 1475 1037 2220 2598 458 705 1677 2236 494 1408 598 1124 1647 2440 455 677 1931 252 788 2436 173 295 531 2191 2625 2557 721 1555 525 331 1874 329 1568 1892 574 430 1777 2164 1875 655 225 146 1899 2611 2438 1506 2402 1262 1011 125 113 2053 2089 2025 2435 769 2057 1787 1780 1140 682 1972 654 561 1557 2051 1026 1563 2291 2062 1708 2232 2794 268
000819.jpg,2171 2043 2666 650 2816 2810 2346 475 1916 1723 807 1891 372 1603 759 411 1260 468 1697 2841 1702 820 1188 2643 1153 6 1541 922 285 546 334 620 732 1570 750 1221 1858 582 181 829 1761 1139 1083 1797 1456 1865 1227 1284 1763 2313 1882 2634 1018 956 2632 782 1953 298 2677 758 138 840 2214 1048 721 1503 1395 799 2611 1912 2232 430 822 1420 1568 831 1008 936 363 2236 1472 2407 129 1923 420 1756 389 113 999 1813 290 2009 2061 2402 148 1972 131 643 1475 2398
000820.jpg,1701 860 1489 1417 1710 1788 463 197 1993 134 1782 1437 2649 550 1307 1029 2482 2767 674 2836 2628 1486 900 606 1208 1617 2515 1649 2419 446 1840 1870 1051 173 1369 489 1949 712 2076 433 925 1658 906 31 580 1045 159 179 2424 1262 1468 347 331 2837 2289 1319 440 2817 1663 59 2397 1216 1118 1218 1240 1143 455 1624 26 934 1124 1627 169 1293 2840 1422 1472 2088 155 326 653 1381 2826 1386 769 1416 2053 2050 611 978 904 1981 2241 2367 1261 1140 1127 1275 1822 970
000821.jpg,1810 1001 67 2583 2509 2121 2350 1012 249 627 202 1075 1406 1944 1055 2728 725 899 1212 2294 137 2207 165 2057 2291 2558 494 2825 2435 2736 2135 1825 2741 1606 574 2766 1874 204 1056 116 1590 677 2248 404 1899 692 2813 1223 2719 447 1195 1463 93 2382 1937 686 895 1609 2842 97 1594 2665 1126 1547 2068 1076 24 246 1869 2511 442 1134 359 634 2292 2683 1067 1935 1940 1639 722 2143 1689 2319 682 1441 948 426 2780 1439 2639 1592 378 1805 2329 2708 835 937 146 1169
000822.jpg,1083 1702 6 732 620 582 181 2643 546 1797 759 1221 285 1260 468 807 2476 1858 2807 1891 1697 1318 1570 2313 1188 298 1139 636 2278 2194 2261 1536 2425 922 1723 661 2816 476 936 1692 1227 1018 758 471 1662 782 402 1438 643 1048 2467 418 389 1472 363 2465 2505 2690 346 1481 2611 669 840 2398 1918 2043 2632 2821 786 1763 138 1568 753 478 1378 2171 1220 2634 52 2429 2346 462 448 1612 628 455 108 290 2061 1275 464 1262 1865 721 894 1647 1097 411 1124 806
000823.jpg,2092 2269 2576 2139 2833 299 2371 2776 428 2797 1982 1925 1814 2844 1619 1735 667 1549 879 352 1539 741 1366 557 2460 1480 1816 1660 1863 641 2607 262 2385 264 2633 2771 1373 888 2363 2226 1122 837 1009 2431 1815 2455 1295 1629 2524 814 867 2175 2063 991 1159 1807 2484 385 160 577 273 1025 147 1349 1078 267 1530 2094 2399 1242 1509 1589 551 2158 1291 1520 1238 2104 687 969 307 2215 2189 403 1803 1 2727 2731 166 2403 2100 2738 1524 891 1622 1341 1069 685 342 2758
000824.jpg,1141 1506 1356 1505 383 2070 525 216 2311 654 1248 1435 252 625 679 1780 858 113 1598 1924 49 2137 2669 245 1168 1299 61 27 192 838 2025 2470 139 1781 2164 2173 2280 2794 2091 239 207 455 1200 2396 209 1127 391 1787 2565 2531 1262 408 225 1282 356 296 449 1140 1274 2232 1612 1216 822 1568 2279 2693 1124 1273 1918 331 2698 1024 653 1037 2053 655 138 131 268 1829 344 1875 1503 430 1843 1715 412 726 495 471 1303 1477 1438 786 402 752 346 52 2142 780
000825.jpg,2045 1584 2023 2755 258 747 770 1320 2144 654 2569 1780 1356 68 2191 1117 326 1491 2698 31 478 331 159 446 455 2316 2715 1503 580 2017 2055 2669 848 2681 1592 1273 1248 2311 200 89 682 225 653 1829 1918 553 418 1262 2161 1275 2025 523 2610 1293 1141 2742 1613 2764 503 2070 61 290 1023 1140 655 771 1435 207 402 1472 525 430 113 1438 2438 2794 1976 383 1781 1715 52 1097 1220 643 1692 522 2343 33 786 1303 471 1047 1274 2193 1216 192 1339 2716 936 1376
000826.jpg,2669 61 192 207 2025 1787 49 245 2396 139 838 225 2173 2164 408 1282 2280 209 1781 296 356 383 2070 2794 2091 654 239 1127 525 449 1780 2470 1924 1356 1141 2693 2311 216 1505 653 1435 1248 625 679 1274 1299 1168 252 1477 2531 1506 1598 2137 113 27 858 1240 2565 1503 455 268 2142 822 1262 495 131 1875 391 241 1140 752 1843 290 2232 52 1216 1124 1024 1037 2279 1612 1481 2053 1568 1918 786 780 331 402 418 2407 346 2301 363 33 471 936 1789 430 1967
000827.jpg,2352 194 1051 1218 2628 1261 2272 2439 1658 1840 1381 2241 1544 2556 1316 2815 1636 1496 1586 1948 497 2046 1965 2767 2836 1782 992 1897 1362 1860 1416 712 1096 155 663 169 1045 1649 2713 947 201 2837 518 440 1640 51 1054 1617 1422 64 1663 1444 305 965 645 231 2553 1552 1569 1752 563 2721 2433 2376 1328 168 2050 319 1901 100 1679 1253 2631 1490 1453 2309 439 48 735 260 1623 715 1848 2650 1878 562 1123 2708 2707 550 445 2133 173 1796 2840 134 978 659 900 2652
000828.jpg,1125 1753 2777 2772 2077 2478 70 2561 2161 1759 2510 431 2757 315 1252 601 1165 2 2302 2622 1557 1390 1035 18 2663 1834 2015 1842 191 951 2818 1839 2685 767 2315 1980 277 2686 1747 2702 1938 688 2314 1235 1391 1989 1869 1969 1443 522 889 2667 2276 1767 2509 1114 126 1186 369 1833 2232 430 1472 1413 805 721 2624 578 2402 758 1810 67 426 485 1845 31 2142 1317 1908 1008 2062 258 1460 125 1395 2634 145 1018 1012 1756 478 2236 2407 1011 331 1923 1075 2301 750 1813
000829.jpg,999 1475 726 2059 484 2429 2236 534 806 1465 2244 780 786 418 1481 1662 52 467 314 452 2698 655 2301 1730 2715 1929 53 363 2687 344 331 1438 478 2470 1568 2765 2053 295 464 2806 471 1037 936 346 1275 1378 2407 430 389 2821 1124 1008 1918 758 31 1140 1706 2634 1831 840 927 1789 1273 1655 1011 402 1039 108 1022 1024 2465 2505 455 2398 753 1967 2690 504 290 390 1635 326 580 89 1220 2467 1715 628 1097 159 1692 225 561 1293 391 1216 1050 1822 2285 1941
000830.jpg,1416 1096 1948 1362 1897 497 1586 992 2046 2272 2815 1316 1860 1636 1496 712 1218 1965 2352 1552 2721 439 1051 1617 1381 715 64 1569 2556 1261 305 2241 1782 1658 2713 2628 188 51 48 260 1993 1319 155 611 100 194 556 1054 1796 645 2836 562 259 1640 659 547 1029 1045 2270 1899 2840 2082 201 1663 445 2767 2708 319 2419 947 1777 900 1386 1486 1185 1018 1369 1878 674 1444 987 559 2088 1328 1307 782 2135 2632 1912 563 1422 108 1623 2826 2435 312 927 1679 1544 525
000831.jpg,937 883 1516 2609 288 257 673 593 336 1871 446 2843 434 2613 749 1850 2299 1237 1966 1133 1604 2788 1498 2364 1301 1731 2093 2746 1794 1981 410 2417 530 811 2697 1546 2251 1110 1040 607 519 1783 1567 365 1142 1311 544 435 2290 253 821 678 1005 2151 1131 2341 2005 1455 538 1454 2140 2549 1466 1379 800 605 2519 1800 2095 2730 535 1243 843 1079 2196 1174 648 2219 1058 1138 855 451 1936 2006 2049 1634 1968 112 2830 338 2492 2243 1670 1309 870 248 774 1017 709 1424
000832.jpg,1049 932 1754 698 1041 1038 839 1521 1949 1272 2421 955 13 640 2520 2210 323 2671 2047 2032 1910 56 1189 1249 370 2083 1337 828 377 2578 865 933 672 1429 2539 1668 2828 2602 2795 2078 121 1374 432 2428 289 536 680 1053 1553 2629 1492 878 2267 2380 142 1886 1699 743 569 2333 1430 1236 2839 1704 1329 2423 2808 199 681 193 988 331 580 21 729 455 1240 782 1132 1813 159 1435 1952 1118 326 31 2031 1187 1275 1248 1018 1124 2117 2451 1266 901 1008 2798 2142 2017
000833.jpg,1515 5 2457 844 509 1889 2464 1766 2725 1696 609 2404 244 957 2128 2448 744 2115 1616 1061 388 592 1326 163 1637 473 2124 1556 2014 375 2351 425 2366 498 1945 466 520 306 232 19 1426 119 1269 2169 1602 1296 1904 1108 2278 2508 1477 1797 80 1953 2141 1768 1383 2566 2476 2751 2354 1283 1401 2048 43 2442 1596 971 270 620 2168 1216 424 2109 2408 171 2720 644 1231 1733 1171 732 1744 2188 1858 1251 135 2507 22 181 2591 391 1275 2498 565 1140 2390 1702 1124 753
000834.jpg,1083 1702 6 732 620 2643 181 582 546 1797 759 1221 285 1260 468 807 2476 1858 2807 1891 1570 1697 1318 2313 1188 298 1139 636 2425 2194 2261 2278 922 1536 661 1227 1723 476 2816 669 936 1692 758 1018 1662 1865 782 1763 402 894 643 471 411 2611 389 2505 2465 363 1284 1048 1438 2467 418 1472 448 2043 2153 1568 840 973 1153 346 2554 2690 2632 478 455 1918 2263 786 1262 2171 1481 2821 1456 1378 2398 829 464 138 628 108 1761 2634 1220 1612 753 1097 387 2429
000835.jpg,1865 1227 669 476 2261 2194 829 661 2313 1761 1153 411 1858 229 1188 448 1284 2168 1456 468 922 1260 454 2162 122 2677 2030 285 6 2468 1697 1744 1570 1221 2627 807 1560 2118 546 20 167 37 2726 980 582 1610 298 759 1015 1702 2643 2268 372 685 1884 820 1285 1082 732 1891 1603 1844 1387 1797 2476 629 620 2109 5 1763 1723 459 1286 1366 181 1083 2387 1293 334 2053 580 1480 653 1097 565 1882 956 159 1880 1308 936 2425 506 1822 2363 1515 744 1541 2167 1143
000836.jpg,1132 1588 1431 36 536 2117 866 1492 2078 142 680 1886 1699 1236 121 802 733 2333 1430 2380 1256 1499 878 2267 1553 1268 988 500 429 193 2090 2451 1053 432 2029 569 1890 743 2384 2668 1793 1038 2743 901 332 289 979 1033 176 2568 555 1065 2423 1441 571 2421 2217 1393 427 21 2415 2108 1543 1124 1562 1274 2822 159 89 1118 1275 359 1240 643 649 331 478 840 340 402 2279 2611 430 1272 1008 822 1293 471 31 2407 1140 1563 2687 326 1813 1829 2301 1923 1852 1127
000837.jpg,431 2510 70 1125 1753 2772 2777 2478 2077 1839 2561 1035 1759 2161 2757 1252 1165 315 1834 2302 1557 191 2015 951 1390 2818 2622 1842 18 601 2 2663 2686 1938 2532 1248 2311 430 2496 1955 1443 767 753 2398 1895 277 990 412 654 2794 1275 2279 1274 1356 2164 625 1303 2265 2091 1435 1747 1608 1980 369 889 1976 239 252 2685 1022 1929 2702 508 495 1460 679 1833 89 211 2471 525 1182 2070 1505 2276 1584 501 840 331 655 1789 1923 1378 478 758 1813 1829 1666 1781 561
000838.jpg,2252 1651 2682 916 1179 2491 2328 227 2042 1063 1977 1579 841 2310 1583 639 1578 517 1770 998 9 2647 114 1920 887 945 1211 2097 819 748 982 2065 2723 515 118 1791 2379 2792 1531 919 1470 952 1769 1970 2711 1851 2225 778 1354 1368 1367 1667 567 2729 382 1585 1854 928 763 512 1566 2349 930 1657 1239 2488 875 2026 311 2575 2459 7 1154 2778 579 2416 975 492 923 1210 1271 2257 2793 671 813 1708 2660 1655 25 1879 528 1673 2357 2618 1831 2265 1262 105 2698 1568
000839.jpg,1371 2263 2152 2502 1525 1280 2623 1365 214 2678 941 1866 84 2572 621 150 1084 2141 1987 785 183 1198 106 1927 1632 171 2751 189 481 2060 815 96 1032 909 2554 1139 894 2153 2386 419 2348 2503 2831 2401 1199 2197 1251 2612 2522 2760 1064 45 1171 1364 2182 2056 2608 1605 2303 2705 1113 1726 236 2567 959 2841 506 117 1286 22 1214 43 1458 1953 275 2562 762 1979 2109 1802 2188 2720 2160 1205 1960 327 2791 300 1659 2116 1596 2030 387 396 1336 1318 851 971 2726 1880
000840.jpg,1993 1422 1617 712 2631 1663 1045 2837 134 947 1782 169 2836 1444 1328 2767 463 1649 2130 2050 550 1029 735 2241 1381 1658 440 1544 197 1054 1623 2735 2439 1840 1679 155 1261 2840 2628 179 1552 1218 2707 645 1051 518 900 445 51 2011 1486 260 1710 2352 2270 1860 194 1489 305 1253 2649 1897 319 1362 1437 259 1208 1636 326 1369 1640 1496 1777 2082 826 1316 1796 1146 860 580 2815 613 2742 663 2088 2312 655 1185 330 2713 31 1307 1586 1961 1262 1468 331 547 1948 1148
000841.jpg,1518 631 1017 2282 1290 2093 2596 2049 1879 607 2796 1909 1613 2064 921 2392 530 662 984 446 1058 2140 1237 1301 1567 1906 1604 1981 451 394 1119 2357 1978 1002 1396 1676 355 124 700 2085 1105 918 813 908 708 942 1384 2543 1621 243 996 2530 1491 1554 2458 966 1331 2257 1673 2262 345 1742 2675 1988 1587 337 1614 2696 2692 527 660 237 1564 651 1404 591 852 716 2131 487 616 1181 1808 786 478 2716 1100 2782 1370 402 89 1435 52 2244 840 1275 31 1216 1248 1438
000842.jpg,967 1719 1804 792 91 2235 2296 1689 2024 24 426 2143 1597 2430 634 2756 739 2320 853 2533 1149 29 2021 754 2638 499 2673 293 286 2172 1533 1728 240 1231 218 213 483 2784 1478 1091 789 1996 707 558 2242 2224 766 184 76 1593 2408 2615 1087 926 1849 895 364 898 2504 1207 1300 2260 93 33 2000 1353 564 135 1448 1257 1971 1180 1590 2238 1818 1024 1883 2017 1786 2354 291 1124 618 207 1475 1787 455 580 1262 2413 2301 777 2407 331 1875 1535 92 858 471 2236
000843.jpg,2305 79 2068 1067 2665 722 350 1547 246 2511 2842 1134 97 204 116 2741 2135 1212 1463 137 1606 899 1935 2041 692 1126 2736 2319 2294 2292 1944 442 2728 2766 2558 1055 447 2825 1962 790 2207 165 2719 686 1056 2580 2435 2057 2506 494 2813 2248 1076 1899 2291 725 2286 362 1452 1130 804 574 140 329 2382 1841 1273 1937 1464 1771 1275 864 274 2625 1639 1868 677 608 146 1825 2687 1892 1777 561 1942 430 508 2698 1831 1293 1874 2681 412 1220 788 994 858 383 2322 2279
000844.jpg,1146 312 2832 987 2501 635 1407 1405 1624 1102 2300 2082 2270 547 1934 556 188 1386 4 2411 221 1752 85 1319 611 2044 2790 59 943 1644 2528 626 1545 1656 1737 2840 1092 1552 2817 1202 1926 2419 950 259 2397 2574 2389 2367 2544 977 2312 2424 2133 1486 826 1983 550 817 1437 1617 1468 900 1190 463 2631 1208 978 1422 712 2088 2826 904 2815 1496 1096 1799 2515 2148 1307 1316 260 2836 319 2105 134 518 1636 1956 2606 606 1339 445 1948 1148 1416 1878 2767 563 2076 1912
000845.jpg,835 284 1908 1310 1254 1107 702 1830 931 848 903 65 768 1114 1512 2601 2471 990 502 1767 2624 2388 1845 1235 1608 1340 1720 297 126 103 1323 578 688 2276 522 1186 1821 1975 250 684 1413 2314 1391 2667 2759 331 721 999 1972 2061 655 962 726 1140 1472 1018 782 2236 927 2402 534 464 1275 1465 780 1273 1008 1395 806 1011 1647 2407 2429 1706 643 374 1831 2323 2161 1756 430 478 2311 2040 1568 1921 936 1730 1612 1912 1875 1789 758 1475 2301 525 2632 1124 363 113
000846.jpg,1710 1701 1489 860 1417 1788 463 197 2482 900 1437 433 674 606 134 1307 1486 1029 173 2397 1208 319 1993 1782 2840 978 2515 2424 769 1468 2767 2419 489 675 2289 259 2480 712 2574 1627 446 2836 645 2650 1658 2076 2649 611 1617 1190 906 904 1981 1319 1552 2084 178 1983 1895 1934 622 559 1218 1840 2826 1381 970 550 1362 1624 445 2626 2343 59 1369 2628 2646 2375 2652 2088 1600 2501 260 659 1096 1313 1948 1870 1092 2035 1428 2044 1956 2544 1240 1253 1051 524 1416 1123
000847.jpg,571 332 193 988 427 2415 569 2217 1793 2090 2568 901 340 121 1065 2423 1553 743 1256 1430 2380 2267 536 1236 680 2333 370 1699 1886 554 2421 2743 323 176 2047 2786 2668 2032 2108 56 2227 417 1562 1038 1189 432 1686 1888 555 1890 979 2735 429 597 1418 2029 1272 1033 2117 2078 886 289 868 1041 2520 1053 580 2025 159 62 2687 653 1492 1787 326 1275 1037 2505 2465 1124 2053 31 1568 802 192 2119 1741 1393 455 225 1662 654 2236 758 33 1967 346 1929 2693 1635
000848.jpg,497 1586 1948 1897 1362 2046 992 1416 1096 1316 2272 2815 1636 1496 1965 2556 1860 1051 2352 2628 1218 2713 194 201 1261 1840 1658 1381 2241 2439 1782 2836 1584 1544 663 2545 155 1796 712 64 2721 2433 51 715 2767 2034 100 2755 305 1640 1569 2376 2309 653 439 2553 2045 48 1878 747 1901 168 2023 947 1617 1117 518 1262 260 207 1752 363 455 225 786 1123 654 978 580 1339 31 1441 1435 2764 1780 192 2715 331 1787 418 1961 525 2232 231 2025 1216 562 1356 618 2099
000849.jpg,1993 463 197 134 1422 2631 1617 1029 712 1663 1045 2840 2837 1782 550 2735 2767 1710 1489 2050 1417 2836 860 169 735 947 1701 2649 179 440 2130 1649 1369 1444 2241 900 1658 1328 1486 1307 1381 1840 1386 155 547 2082 2375 518 1437 2628 1051 1788 1552 2439 1544 489 2270 445 925 1870 556 2397 1208 1218 1261 645 2419 260 2826 26 2011 433 1092 659 51 331 1496 480 326 31 2515 1262 987 1796 580 611 2017 1468 1640 59 1860 330 1054 1961 563 970 455 655 2817 606
000850.jpg,352 1539 2226 2797 1349 2269 2092 2576 2844 2139 1629 2833 299 264 1815 2776 2455 2063 1009 1925 837 234 1982 1159 1814 1520 2399 2371 1735 913 428 1572 1 403 1618 741 1619 2727 667 1366 2484 969 307 2175 879 1549 1571 1660 1524 1540 537 1122 2635 577 2189 2633 1480 1816 273 17 551 2524 2340 557 2607 2215 1025 2431 846 2460 961 203 1615 1589 2100 1622 642 685 262 2158 1069 267 1291 892 888 147 1101 1060 641 600 2758 342 2834 2223 1863 2486 2104 1862 1698 180
000851.jpg,2792 118 567 998 1583 1791 9 515 919 2065 1579 778 517 1970 382 2711 2793 808 114 1354 7 952 1769 1854 923 2778 2491 930 1770 2328 841 1179 1470 1063 1531 975 887 748 928 982 1977 2304 227 639 2682 1851 819 2647 945 2379 2729 1657 875 1578 2252 1651 311 1211 916 1210 2361 1920 2723 2559 1271 1667 2618 151 2349 2225 579 1585 492 2459 1154 763 1831 1655 1706 464 2310 927 999 1789 1275 1475 2236 1239 1932 2042 726 1378 528 1335 353 125 799 2505 2465 2575
000852.jpg,133 2327 976 2418 280 2174 2672 2374 1234 1580 1034 1861 1947 57 1358 1792 1392 1575 2461 210 1196 493 366 570 793 1276 1930 1375 1724 2330 548 746 2456 1859 2004 2125 1664 2186 689 2229 2694 797 1758 756 1665 583 1765 421 1292 2662 704 294 2039 1551 1072 2541 857 1776 228 2206 1279 801 2581 1457 1887 263 158 77 1193 1350 170 2590 2356 2659 1043 656 1086 2184 2703 438 880 798 1877 1377 349 2739 242 885 470 588 287 1229 1522 82 2838 1432 2127 2332 859 2321
000853.jpg,477 99 453 2163 1976 401 461 1628 1145 2055 399 1872 73 380 1599 1510 2074 816 437 595 760 1233 2829 177 2122 208 823 2679 981 1903 1085 2655 1163 1047 141 2587 1023 1717 2098 2747 2469 731 2126 72 612 172 174 164 1415 2636 694 1160 2009 2722 2775 1784 1688 2274 156 1808 2577 1404 460 1241 1155 144 1100 2452 1089 331 2594 455 726 430 1275 2191 1124 805 120 655 2557 918 2407 31 999 1140 458 799 2244 1262 131 152 33 200 552 927 1479 354 2681 2552
000854.jpg,956 1882 115 38 1995 2194 661 1227 2261 669 829 448 476 2468 1761 1153 2168 2278 2313 229 2740 636 1318 42 2476 2807 285 1221 1536 2749 685 1541 154 1059 582 1260 2387 342 546 6 820 334 551 1560 1858 732 620 971 750 1570 1083 468 2688 455 644 2823 1797 387 411 1880 1108 2425 1768 795 759 1124 1262 1011 1472 1697 758 225 807 2643 1140 1275 1387 1662 2053 1702 1199 721 2720 363 402 629 418 580 1524 181 1037 1018 1603 1438 1188 281 471 2402 2690 2677
000855.jpg,2045 2023 1584 2755 258 747 770 1320 1443 2496 1833 889 1938 2686 2545 455 2025 1262 207 1747 225 331 211 2193 418 1117 2715 61 159 458 653 1532 1961 849 580 721 268 33 1787 31 504 1141 654 2142 1796 326 192 1011 152 2742 1293 1275 633 2812 1140 1563 503 2191 854 28 618 523 786 2594 330 2119 533 1481 1124 52 261 2236 2669 1756 1003 2402 1568 113 2407 2681 200 2244 655 1647 505 2053 1972 1780 1472 1438 1822 1376 478 313 1700 1835 1974 430 1339 2099
000856.jpg,2669 61 192 207 2025 1787 49 2164 245 2396 1781 838 2173 139 408 1282 225 2280 209 2091 239 2794 356 296 383 2070 654 1127 449 525 2470 1780 1924 1356 2693 653 1141 2311 1274 216 1505 1435 1248 625 679 1299 1168 1477 252 1598 2531 1506 2137 27 113 1240 858 2565 1503 752 268 822 1875 455 131 495 1262 2142 1843 1037 33 1124 2232 391 2053 290 1024 52 1140 2279 241 1216 780 1500 806 1941 1612 2806 295 2236 418 1481 1475 53 1662 786 2285 346 1275 331
000857.jpg,1113 1371 396 327 1144 1661 1874 2572 2569 482 1592 2025 594 1223 2571 207 92 2494 682 61 2115 192 1987 1787 2291 225 647 275 331 2396 941 491 2057 580 2263 455 2438 326 1687 2053 1641 655 1282 574 84 1275 1616 346 443 2806 2639 356 2678 31 1137 2669 408 418 2152 1140 2690 1262 504 430 2683 1124 1590 1216 1011 1477 49 2467 654 1438 471 295 2557 296 653 159 1293 1010 895 1037 2814 244 1487 614 2698 2687 1741 261 2343 2794 402 1568 1182 677 1781 2017
000858.jpg,1380 1425 1044 1090 443 2167 1006 1308 586 459 350 1082 205 1763 946 37 1449 2268 922 2030 1284 1456 1267 1865 971 396 2514 836 2831 1263 122 2096 1750 8 1697 2645 935 1790 2648 2720 1827 1027 1933 905 2216 1474 2156 1709 1321 1802 2313 938 2250 2794 2091 2283 2109 2197 1250 2432 734 275 2562 412 2249 1182 1680 1363 661 1671 110 1248 1018 1662 60 28 1880 644 2410 2188 1371 1322 2567 2277 1435 761 1563 561 968 2293 505 1995 84 356 2627 2429 2212 2168 1327 448
000859.jpg,2152 1139 2502 1605 2841 6 1987 1891 1083 214 1866 1221 1371 941 1570 582 84 546 1702 285 621 2348 732 909 2751 2263 1365 298 481 620 815 181 22 2567 1171 1723 2643 785 1953 183 2141 1214 1661 1697 2109 1979 1198 973 1260 1632 2554 420 106 1032 2831 454 759 2313 2030 45 2678 807 2476 2705 2060 2816 171 2726 419 1251 594 2182 894 1525 2153 1019 1064 1188 2194 189 2303 2807 2162 396 327 1364 2522 1858 117 2425 1797 1397 1113 2571 1285 1659 1144 2768 922 2760
000860.jpg,519 392 1419 1992 2331 2763 301 773 2102 257 1442 2341 1871 1731 2145 2843 1779 1969 1707 406 1455 1385 937 253 2613 1511 2516 1138 1526 336 1894 1007 1800 186 1325 1516 1645 410 730 709 338 1131 288 2219 2609 434 94 248 1133 811 742 1424 535 648 1498 544 1079 1142 2746 1466 1634 1495 1309 717 1068 2549 1020 2830 1174 2560 2519 1573 2364 855 2290 1546 435 2299 365 1005 2377 1527 678 610 1783 7 538 1794 1581 673 2730 2005 2151 2243 2788 1243 2251 843 1370 908
000861.jpg,2045 1584 2023 2755 258 747 770 1320 326 159 848 522 580 654 31 455 2715 684 653 1356 1443 1293 225 61 207 1780 2144 1117 418 331 2025 1275 1141 1262 446 192 2017 2388 478 2667 2316 1472 2698 1503 200 2669 1097 1975 721 68 2070 1118 2686 2142 1568 33 1822 290 1273 503 1438 1140 113 1143 1466 1829 1011 2191 1755 2402 702 1787 903 471 655 2311 1972 1248 401 1303 2119 2161 2742 268 1339 1833 1692 786 553 2061 523 402 2681 1613 1921 1918 52 504 533 1481
000862.jpg,2277 1801 529 1798 2323 962 1334 2644 1230 395 572 2759 1683 2579 1394 1175 485 1951 1306 2054 2540 646 545 589 374 1427 789 1361 581 727 1451 803 658 2000 2066 1115 1389 251 2546 1559 240 714 1558 2178 1300 2113 2787 304 1213 483 426 2504 898 614 1207 2114 2072 2430 1883 101 1597 2784 634 2409 1898 2024 1106 1928 1197 853 1689 436 24 1137 215 2040 2143 1166 1087 895 93 1353 2381 737 364 1900 1561 293 2242 328 754 1590 768 407 931 315 2624 1186 688 65
000863.jpg,2578 2428 1429 2539 2629 2798 828 729 1337 2221 377 2640 1070 2120 2031 1910 964 2038 2671 2083 1266 1952 672 2828 2335 2520 2210 1668 1764 1399 2570 2602 933 2808 358 1374 2795 2839 1329 640 1249 13 1272 865 2047 323 1754 2032 56 1189 698 370 1949 1049 955 432 1521 1038 27 1187 2053 1127 1041 2280 2720 1255 838 2343 209 1118 1216 1240 455 1124 216 1924 344 1274 2562 1568 1018 2236 1037 2406 2396 1140 2091 1275 1472 356 2232 1282 2188 782 1262 1596 580 2442 1425 296
000864.jpg,1487 1113 924 2573 1471 1400 275 796 1687 225 721 115 1124 471 1140 2025 1438 806 1082 1972 1787 2402 1011 1568 1008 61 1763 1395 780 331 418 758 653 33 1037 207 2053 1481 2136 534 655 1648 1317 455 200 2407 430 2316 2244 290 2429 1018 1715 1137 1756 2301 2531 296 2572 525 838 504 2061 89 1472 37 363 2003 561 1662 1967 2396 1308 840 751 402 1921 478 346 1262 1612 922 1024 1199 786 618 2173 2634 2154 2236 52 1635 1995 1187 108 2017 53 1647 1563 2483
000865.jpg,1146 312 2832 987 2501 635 1405 1752 1624 4 1407 556 59 1102 547 1386 2270 2300 2082 626 1545 221 1934 1737 950 188 1319 2367 611 943 2790 1092 2411 2389 85 1799 977 1644 2419 2133 2148 1202 2044 1636 2528 1656 2312 2817 1486 826 2397 2574 2069 2544 550 904 1208 1339 900 2424 1316 1983 283 1468 2652 978 724 2767 2815 1422 2836 2214 259 1961 1003 2594 2105 1496 1437 524 831 1649 518 2606 152 260 74 1582 2025 613 559 192 1552 552 347 313 2840 2826 1912 1117
000866.jpg,1310 835 284 1107 1254 1908 702 1830 903 931 848 65 768 1114 1512 2388 2624 2601 1767 1845 2471 502 990 1608 1235 297 126 103 1720 1340 1323 578 688 2276 522 250 1975 1821 1186 684 1413 1391 2314 2667 2759 331 655 2161 721 2061 999 1140 1972 726 2236 1472 806 534 780 2429 2311 1011 1273 1465 1568 1395 1458 525 1008 936 1756 1647 643 464 2402 1275 1018 1921 1967 363 927 298 1662 1706 1506 225 1356 216 1875 786 2407 478 1912 654 1612 782 471 108 2698 2531
000867.jpg,1137 614 1087 1207 2072 898 1590 93 895 1558 1166 714 2409 1928 1631 1801 2022 1257 1971 1561 1197 291 803 2000 1593 2066 1389 2277 1019 2260 304 1213 1334 2178 2113 1786 1394 63 1346 1300 2242 2542 1115 1093 2759 2546 2324 407 2114 2784 1175 1785 485 853 540 1883 1559 962 1353 737 2238 634 529 374 1106 240 483 783 2504 2323 1228 2054 1951 1535 215 766 341 328 1230 1597 465 1898 545 1357 617 192 251 1683 1141 61 572 1435 2143 1091 2025 2311 581 426 625 2669
000868.jpg,1305 2512 222 2218 1504 1052 1436 2362 1638 2071 1736 2342 2450 755 1806 1933 2201 2355 850 2750 2691 1790 2432 1709 1911 935 1098 1321 2096 2156 836 2645 897 144 2420 2318 320 796 1275 580 1682 653 1479 159 595 1273 2070 175 629 192 33 2594 1135 56 1692 1363 1293 2032 1248 2199 2773 1822 1441 2698 216 1635 1967 2693 31 453 840 2053 1676 1050 2232 1929 1097 326 1568 2634 1143 313 1118 390 786 1435 679 141 2025 207 2311 2396 1662 1288 805 1023 649 643 1189 1941
000869.jpg,767 277 1938 1443 2686 2496 1460 369 889 1833 1989 1747 2702 211 2532 1980 2315 2685 770 2478 431 2302 1125 2510 1753 951 2818 2777 2077 70 2772 1165 2015 1834 1252 1557 191 1759 1842 2561 2757 315 2 1608 18 269 1845 1390 297 2663 601 331 553 455 1472 1340 1413 2622 430 655 580 997 113 1793 643 1275 803 326 1262 412 2624 31 2017 1323 1568 2025 1293 721 103 346 1822 1118 1303 1008 1831 2632 2142 268 1356 2715 927 1972 1839 1813 901 1506 2061 1143 788 1140
000870.jpg,1742 243 1554 1105 1396 813 355 1370 966 2458 1495 2696 1331 2257 337 1384 1673 1614 2660 487 1681 1705 2600 942 2085 908 2049 530 2543 607 446 1301 1604 1002 1237 1567 660 2259 54 1017 710 360 2782 984 2140 1981 542 1058 2093 451 921 1893 2064 1978 2282 1739 1290 1000 1909 2664 662 1518 631 1613 1676 1853 561 1829 412 1879 394 1275 1273 2796 2279 840 504 655 175 1972 268 1140 471 721 968 252 975 1018 2061 1472 331 28 50 430 2402 1929 1647 858 2531 1789
000871.jpg,631 1518 2282 1290 2596 1017 2064 921 2392 1909 1613 2796 2049 984 662 530 607 1879 2140 1119 446 1978 1058 1906 2093 1301 1237 451 1567 1981 1604 1002 394 2357 908 2085 942 1396 1676 1384 2262 1105 355 1621 2543 813 852 243 660 1331 1554 2257 1673 2782 2458 966 1614 542 1742 337 2696 487 1808 1404 1370 2259 2274 1100 124 54 360 710 1705 1681 2600 1089 1155 220 1739 1688 52 1718 840 478 1240 786 367 1000 235 1787 918 1216 1435 2244 700 1275 2191 1124 89 1262
000872.jpg,2769 2454 2649 348 1870 1369 26 480 925 2714 2538 663 550 179 518 2840 1859 1172 421 689 1453 1901 1092 1392 2125 1169 433 793 463 1758 57 756 1276 1710 197 1861 570 2461 1631 1590 1358 168 1665 2375 1417 2574 2004 445 404 210 1489 2650 58 1298 231 524 563 1434 294 704 2752 259 280 2155 769 2020 2419 1983 559 93 2174 1034 970 2180 693 2724 1336 1792 1103 95 2327 1575 260 1247 347 279 415 1986 77 457 1838 2397 1576 1234 1203 2581 2116 1193 1690 2010
000873.jpg,1487 1113 396 225 275 2669 924 2025 1225 1471 351 2154 1612 455 909 1166 1018 2690 2467 2527 1472 346 1262 1144 1412 52 1757 1780 138 1568 758 1140 402 1395 525 478 1481 1011 1954 61 418 471 430 331 1206 654 1787 1420 782 822 363 2634 322 2137 89 1124 1477 2821 378 1220 2470 1127 618 1438 278 643 2398 2632 2823 1048 1918 2017 49 721 1869 2142 31 786 1662 2762 753 2244 1435 780 1921 936 1197 1141 389 2301 655 108 1648 216 1024 1162 2407 1715 2232 290
000874.jpg,150 2263 2678 1365 1083 1525 2623 1371 1280 2116 894 1632 106 1927 96 419 2386 732 2141 2554 783 2153 1013 1336 2160 762 181 2572 861 2401 1702 620 189 1318 949 2807 621 1032 1139 2079 2060 1251 2720 481 1726 333 6 387 45 43 2502 1987 171 644 540 2152 2188 2522 785 462 309 2498 1364 2562 1536 1315 2733 941 856 84 2688 2612 1596 2737 971 2442 1458 2751 1084 1797 2056 1108 636 647 183 2831 300 1866 198 1217 1004 1198 2048 1856 2571 2567 2278 940 22 214
000875.jpg,1631 1087 1137 483 1801 240 1593 1971 614 1300 1257 291 2784 1353 789 1091 1346 1590 1996 1749 2260 1883 93 895 2072 2000 2555 2317 2054 2579 1786 777 2277 1207 761 1447 1561 1093 803 898 1178 1727 2058 834 1914 1804 16 2785 967 2249 576 230 766 44 1166 1483 1469 2422 2238 1558 2409 407 2495 2504 1277 564 1180 88 2759 832 540 1476 1357 328 374 1559 926 376 1898 824 1836 1535 2523 1719 2202 2281 1928 2437 2745 1106 1620 341 714 783 751 465 34 581 1856 603
000876.jpg,1096 1416 1948 1362 1897 497 1586 992 2046 2272 2815 1636 1316 1496 1965 1860 1218 1051 2352 2556 1261 2628 194 2713 1658 2241 1381 2721 201 712 715 51 305 1796 155 1782 2439 1569 2836 64 1840 100 562 2767 1617 260 1544 1640 439 2433 48 663 1993 2034 2545 1422 1878 1552 319 978 1584 1369 1148 2650 947 1045 2309 259 559 2826 1486 900 2088 2419 563 2652 231 659 168 518 1663 2076 1437 2376 1901 2553 455 2837 1307 654 471 1262 550 1356 1435 1054 655 556 268 1248
000877.jpg,631 1518 2282 1290 1017 2596 2049 2064 921 1613 1909 2796 2392 984 662 530 607 446 2093 1879 2140 1301 1237 1604 1058 1981 1567 1119 1906 451 1978 394 1002 2357 908 1396 355 813 1105 243 1554 1384 1621 1676 942 1331 2085 2257 1614 1673 2262 2696 966 1370 852 2458 1742 660 2543 337 2782 124 1404 542 1808 487 1100 2274 700 1155 840 918 2600 625 679 1681 54 1275 478 360 89 786 708 471 2244 389 52 1435 2259 1222 1787 758 1438 1089 1262 402 710 1274 220 1705
000878.jpg,536 1268 1588 1132 121 1431 36 2090 988 2117 193 569 2333 979 429 332 432 1329 142 2668 1033 1764 2839 571 2108 901 2570 2743 866 2227 2335 2786 1065 680 176 802 1492 1793 1890 2808 340 1430 733 2795 1393 1249 828 2029 1562 1952 2078 1240 500 2055 1187 1817 2406 141 2578 555 1374 886 220 1886 27 2602 2822 136 1418 504 933 1317 1266 1356 1711 2279 159 1553 289 1274 2794 2137 2053 1435 1118 412 2028 1699 805 729 1395 274 1164 1182 2091 2828 1303 2378 401 1462
000879.jpg,1699 1430 1886 1236 1256 2267 1553 2380 743 2333 2078 1492 2423 142 802 429 2117 2217 427 2568 901 1053 2415 1793 868 554 878 1890 1888 176 555 1431 432 36 289 681 2668 1132 1038 1588 2421 2029 866 361 2108 2451 199 292 302 2227 2786 121 193 1398 988 893 500 1499 569 21 62 680 2735 2090 340 1418 886 78 536 417 1562 979 733 2743 2384 1686 1041 1754 1065 2047 571 597 1787 31 323 2693 1033 654 2742 354 332 1462 1949 437 580 2594 799 455 27 370
000880.jpg,1056 2135 2741 1212 137 899 204 116 1606 2294 97 2842 2511 1134 2728 1055 1547 1944 1463 246 1935 2207 2041 722 2665 1067 2068 2558 725 165 692 1126 2736 79 2319 2292 2766 2305 442 1825 2825 447 2435 1076 2813 1464 2248 2057 1130 1899 686 494 1986 1937 2382 2291 2506 2580 2286 1940 1777 1962 2708 2719 1185 790 1874 146 647 657 574 948 2625 140 1771 2393 677 1452 1892 1677 1639 1223 2639 1868 271 682 1942 804 362 1408 329 1473 274 2683 2037 2440 491 864 2569 2438
000881.jpg,1179 1579 2491 2328 1063 2682 841 1977 1651 639 945 1578 1770 9 2252 2647 887 748 515 1920 227 1531 819 916 952 1583 1769 114 998 1354 919 1791 2792 1470 930 2778 118 1851 2379 2729 2042 928 2723 2065 517 1585 567 2225 982 1667 1657 2575 763 382 778 2310 2711 1854 923 2459 1970 2097 1154 1211 1367 492 2793 98 2488 875 2304 311 975 2618 31 2026 512 808 1643 2334 2462 2316 455 326 276 2349 580 1262 353 33 200 7 910 2214 799 331 653 1706 464 1688
000882.jpg,2090 988 121 193 569 332 1793 571 2415 2568 901 427 2217 680 340 536 370 1268 1065 1272 2210 640 2421 13 323 1038 1189 56 2047 2520 2380 2032 1754 1132 743 2671 1236 1886 1588 1553 2423 1041 1949 1431 1256 159 729 2108 432 1430 1275 580 1240 1337 2333 2083 828 1293 2798 2839 1441 2764 1929 2267 2578 865 1273 2236 1037 2025 2053 840 1097 505 1475 1118 1910 2557 2687 2119 1124 326 758 2715 2806 2611 2698 1813 1117 1789 2668 31 2406 36 1143 2634 1924 1329 1262 2808
000883.jpg,1569 100 48 715 2721 64 305 562 439 51 1640 1796 2034 155 2545 2433 1490 2309 1453 2376 1860 2713 1901 201 2650 260 168 1316 2826 563 1878 1636 2088 559 712 231 1381 1496 2553 2652 784 978 1369 2836 1782 486 2007 1840 659 663 1658 1848 1428 2419 259 2272 1046 1948 2241 1965 1051 2815 1617 2649 1123 645 900 1307 2628 1148 2631 1486 2556 2840 1586 2708 2439 1983 497 1096 2358 1362 1897 2538 2769 1584 1092 2767 1437 1422 2454 26 518 1416 925 2337 1544 1261 992 2133
000884.jpg,483 2054 240 1300 2784 1353 2000 1883 789 1801 1451 1559 1361 2540 646 1593 2277 529 2644 2787 1106 2504 1091 1786 2579 1427 1230 1996 1257 1804 1971 766 230 1683 251 2759 803 1093 777 1137 572 1115 2114 967 2238 581 374 1394 1798 1389 2495 614 1087 1719 1334 291 341 564 2281 1180 395 39 1357 2546 926 2381 2072 1900 1447 1561 1178 989 1951 2288 2040 792 407 328 2785 1207 44 589 576 658 215 1483 16 727 761 1914 1175 1306 2317 485 1898 293 364 1346 1631 2235
000885.jpg,1137 614 1087 1207 2072 898 93 714 1558 895 1590 2409 1166 1928 1971 1257 803 2022 2000 1786 1631 1197 1801 2324 1334 1561 1389 1115 1559 2066 1213 1593 2546 1357 1106 2277 485 529 1175 962 39 853 304 2260 1300 2787 291 2113 1951 2054 1798 1019 2759 1353 2178 634 426 63 2323 1597 1230 374 572 1180 2784 2114 2242 215 2495 1883 1451 646 2542 989 2288 240 1361 1346 2579 1394 1306 581 2281 1091 2143 658 1818 341 483 737 564 407 2644 727 589 436 2247 926 2699 2024
000886.jpg,2502 2152 2751 214 1171 785 1214 1365 22 1371 2567 1866 2109 2141 2263 1661 2726 744 621 941 1605 2841 84 1139 1987 2623 2348 2162 1953 454 1280 957 2678 183 1525 1632 2060 189 167 1032 1744 20 96 106 1927 481 894 909 2503 2554 2153 419 2160 815 300 1458 2572 171 2079 2030 2562 1217 924 2386 1907 2612 2705 592 2401 1199 2222 2197 1315 43 1596 150 851 1364 335 1726 1602 2404 506 2591 609 2831 959 1198 398 1802 2498 1064 2608 856 762 2230 1336 2522 861 2188
000887.jpg,213 757 1533 1728 558 2320 754 1231 2756 2021 2533 29 1149 2295 2413 286 135 2673 2172 293 2408 2638 218 1478 184 119 1383 1448 2024 2615 1265 1296 707 24 1719 2472 2143 80 2430 634 426 967 1804 1689 1312 1984 1597 2354 91 853 2235 739 252 1829 1849 2279 2296 792 1168 1299 2787 359 520 1228 1024 192 430 1274 2409 2531 375 113 2402 2378 2054 412 2113 2091 898 1127 2260 498 721 138 753 1647 1972 1008 239 2014 995 1248 1018 494 1435 1389 471 2178 525 2398
000888.jpg,1929 1275 2806 295 1730 2687 2236 1037 1475 2053 726 1124 2301 331 2698 999 1662 1140 655 2059 1240 484 455 1875 1273 268 131 1011 1568 344 2429 391 1216 2244 534 1465 467 314 1262 1024 504 806 363 2407 786 2765 1008 780 452 1941 430 1831 1655 464 1967 1635 1481 390 418 2232 927 52 1715 1706 53 2531 1503 1789 840 1843 1378 389 1022 495 478 2634 33 290 471 108 758 2823 1438 936 1274 822 2565 1506 2505 2465 2142 346 1924 1187 1039 2715 2821 2470 241 2285
000889.jpg,1752 1146 950 2556 2300 1496 2367 2069 1316 1407 987 1965 1636 2832 1102 59 312 1202 547 4 1926 2790 2815 1386 221 1799 2082 1545 1737 817 626 2270 613 2272 85 2389 556 635 1405 943 2817 1656 2477 1624 663 2501 1051 1860 2713 1840 518 266 1319 826 2628 2836 201 194 611 1218 283 1658 2767 188 1782 1586 2352 1362 2826 1381 497 670 1897 900 2545 440 965 1584 1848 1934 1649 1453 1003 1261 2419 1710 155 2088 1796 2241 2007 2433 260 259 2553 2840 1096 2439 1117 1437
000890.jpg,2399 2727 1520 1 1349 307 234 352 913 1572 1025 1629 685 1618 1524 203 2063 2213 551 1815 403 961 2431 2455 1571 1159 17 537 2226 1101 1059 837 1291 2834 1540 1366 1009 1539 557 969 1660 2403 1814 342 2635 264 846 2340 1862 879 2215 2484 2138 2633 2255 1816 2844 573 385 1480 273 2460 2607 317 1803 2486 577 1060 814 147 741 1925 127 2797 642 2731 2158 2811 2189 2100 2269 267 2139 2092 1619 1295 1338 2576 1615 1982 1509 2468 2444 2412 1069 2781 2104 2524 2363 2833
000891.jpg,1993 463 197 1663 1422 134 712 1617 2837 1045 2649 1369 1782 2767 947 2631 1029 2836 550 179 2130 1870 2050 169 1649 925 26 1489 1444 2840 1328 735 1417 1710 860 440 1701 1381 2454 348 1658 645 1544 1679 1054 480 900 1437 2241 1623 518 2011 1486 445 1218 2439 2735 2628 1840 1307 1261 2707 1051 1092 489 1552 2397 663 2419 1208 260 1777 659 2826 970 1185 155 2817 2538 2652 2769 547 1640 674 2708 559 1624 1983 2528 2375 563 2714 1386 1362 2574 2082 965 1934 2133 194
000892.jpg,1507 2550 107 2414 2604 1104 1177 1669 2641 55 2176 728 397 1194 575 2019 2754 2080 1691 1482 845 2395 1523 373 2239 584 766 2695 2383 441 2504 1829 2073 2247 1016 138 796 1612 1789 1918 113 462 2632 858 1168 331 1299 328 926 696 1303 1008 1024 1140 721 788 2495 187 2402 1506 28 2177 2407 1813 27 1026 655 1647 1601 1220 2017 840 2191 927 1563 1843 1503 1500 525 2306 313 643 1182 240 430 268 1568 2279 1037 2715 464 2142 495 917 1543 131 2764 455 1018 1257
000893.jpg,2305 1067 79 2068 2665 722 350 246 1547 2511 1134 2842 97 204 1463 116 1935 2135 1606 2041 2741 1212 137 899 1126 2736 442 692 2292 2319 1962 2294 2506 1130 2766 2825 2558 790 165 2728 1944 1056 1055 362 447 2719 1940 2207 686 725 329 2813 804 1076 2248 1841 1825 2580 647 2639 1183 2436 2286 1986 2057 2598 1464 2258 2382 205 140 494 1868 1452 1937 864 274 1462 1273 1942 508 2291 2687 1680 159 1275 580 1006 2683 1293 1899 948 2279 974 2322 412 1441 2681 271 1097
000894.jpg,1266 2808 2640 1952 1337 729 828 2798 2578 1399 2539 2839 2335 1429 933 1070 2038 964 2570 2795 2629 2428 377 2031 2120 1764 2221 672 2828 1329 2602 1374 1668 2210 2671 865 2520 358 1910 2083 1249 1272 13 432 640 1268 1793 2090 121 370 323 2047 2740 569 1189 2468 2415 2032 2513 988 56 193 571 536 901 1240 427 2568 1880 1802 1806 1275 133 955 27 1037 340 1187 1521 1124 2108 1140 685 1929 2217 551 2053 654 220 1792 154 2236 580 1118 2687 1506 455 147 2698 471
000895.jpg,2769 348 2454 26 1870 2649 1369 925 480 2714 2538 550 663 179 518 1417 463 2840 1710 197 1489 2375 366 756 1701 1859 2174 2004 1392 2125 57 1861 421 100 1453 1234 1358 48 689 860 2123 77 2456 1034 1758 793 1665 1490 64 2330 2155 280 2461 2327 1575 2694 1569 1172 976 712 2650 570 2419 715 228 2397 1765 188 1580 1092 168 1276 260 2418 439 2721 720 970 524 2374 1901 1983 588 1279 305 433 704 493 1792 1930 1795 210 797 1030 1796 1193 2581 58 563 2206
000896.jpg,1489 860 1417 1701 1710 1788 197 463 2482 1437 1993 2649 550 1782 1307 674 2767 134 1029 1369 900 1208 2628 1486 1870 173 433 1051 2836 606 446 489 925 179 2076 2515 906 2289 1840 1658 31 2419 1617 1949 2424 580 1649 26 1218 769 159 2817 712 1468 2397 2088 2826 1261 1895 1624 2545 1262 1627 331 1416 2837 1118 260 2050 1045 1663 326 1496 347 440 1143 1319 978 2034 2715 59 455 817 348 1293 2840 1381 2343 1472 1981 2480 2367 2528 2017 1934 155 2650 2652 1484 1692
000897.jpg,1971 1786 1257 1357 2495 39 564 2288 2281 1091 1996 777 926 1180 76 1818 230 739 1106 989 2224 1559 1137 2000 2114 614 1353 1451 2785 2072 1207 1914 1087 581 2422 751 1057 1836 2787 88 1620 2523 803 2258 1178 1116 2437 1361 1476 1073 2129 1732 1678 2275 1713 576 1841 47 1224 44 2317 603 93 16 895 1593 1447 676 1714 1900 1483 34 2518 1450 824 339 1147 1346 2745 830 341 832 2180 1449 1990 761 1590 2202 2054 215 1300 766 737 683 863 1558 2784 1561 2695 1120
000898.jpg,269 1548 1940 1986 676 2685 1980 1833 1443 1938 2702 1601 1568 2232 1747 2142 430 455 1756 1822 2402 721 331 1262 1711 1275 2407 1813 1789 580 1317 1303 207 1921 1195 1923 61 1395 1293 654 192 471 2053 2062 1026 1130 31 1140 245 1972 2025 1143 2301 1749 2061 2794 2653 725 525 655 1011 402 1037 840 786 1438 1124 1787 1912 805 346 1118 927 767 2180 2091 1506 2669 788 2611 1570 2634 324 363 418 2483 751 2632 1481 326 1647 277 2311 478 139 1594 643 936 758 1875
000899.jpg,304 2178 1213 2113 2066 1394 727 658 589 1175 1951 485 1306 545 1389 2546 1115 1334 1798 1361 962 2323 572 395 1451 2644 529 1230 2249 2277 1559 2022 2787 2000 614 2072 1353 1106 1137 1683 2540 1801 1207 1558 1300 2054 1087 714 240 374 1883 2784 803 761 251 898 2114 215 581 341 2579 737 2040 436 2759 364 101 483 989 1900 1427 789 1561 679 625 646 1027 2311 525 1435 782 2381 2504 1598 1898 822 1248 1026 245 1505 290 1018 1813 1923 252 858 113 39 225 1472
000900.jpg,99 2636 2009 1145 72 172 1688 694 1415 2775 2747 1808 2274 1089 164 1404 1784 174 1100 2722 2098 2055 1155 1047 1241 141 156 1023 612 2829 2577 816 1163 177 401 1976 460 453 1085 2679 2122 731 477 461 208 1903 2126 595 2163 1717 1510 2655 144 1872 2587 1160 2469 2698 2552 2191 458 1780 2716 238 1955 2265 1275 561 1273 252 68 313 2144 399 2193 2674 1708 2452 1140 523 1274 1543 1563 505 120 152 2819 455 28 2479 1314 1896 1124 1339 2692 1628 1117 33 849 2557
000901.jpg,61 2669 192 2025 207 1787 49 2164 225 245 1781 2396 2173 139 239 2794 2091 838 2070 408 1282 2280 383 209 654 356 296 1127 525 449 1780 1924 2470 1356 1141 2693 653 2311 1274 1505 216 1248 1435 625 679 1299 1168 252 1477 1506 2531 1598 2137 27 113 1240 858 2565 1503 268 455 131 2142 1262 391 822 495 1875 1843 33 1216 241 1037 2232 290 1140 1124 1024 2053 418 52 2279 1789 1481 1568 780 2236 295 726 1275 806 331 2407 2301 2806 1475 1635 53 2244 1500
000902.jpg,1701 1710 1489 860 1417 1788 463 2482 197 433 2289 173 606 1437 769 1307 900 674 1486 489 1208 134 1468 319 2767 446 1627 2515 2397 1029 2419 2480 2424 906 978 59 2076 675 1981 2649 1782 611 2084 904 934 1319 31 331 580 1240 2840 1895 2628 550 653 1600 2650 344 1274 1201 2343 2574 655 1117 1190 1216 659 712 1870 1386 1840 1993 326 1127 220 1140 970 645 2836 2375 2611 159 1472 2764 1262 1624 1275 623 1218 2140 259 547 1658 1124 1293 1051 1496 559 643 2652
000903.jpg,1946 2394 1778 105 416 11 883 7 2793 975 2110 664 1273 1271 1755 923 412 1275 2698 561 587 1692 471 2696 2193 1378 2742 2407 1970 1730 2715 1843 290 2681 1438 241 1941 786 643 33 52 1465 2398 495 655 1822 1614 1370 1506 2301 1495 192 478 840 337 2244 1662 2467 346 1472 2142 1875 2181 2634 2689 216 331 2070 326 2611 1929 580 2304 1220 313 2687 53 753 402 1031 2236 1048 159 1742 2821 849 2429 1011 2285 354 1293 1831 268 1182 1563 1331 1097 1813 1024 780
000904.jpg,601 2 18 1842 2663 2757 315 1834 1252 1557 2622 2015 1390 1759 951 2818 1165 2302 191 2777 1125 1753 2077 2772 2478 2161 70 2561 2510 431 2315 2685 2686 1938 1747 1035 1980 522 1989 889 2702 1443 1839 1833 277 369 2667 1114 767 1767 1460 1969 2624 2509 1391 2314 1012 1413 2532 1810 1845 211 1075 2276 578 249 1235 688 768 258 67 126 2583 848 1186 1584 202 747 426 2323 1608 1511 1406 2496 627 269 931 1869 24 2350 2735 2402 2320 1182 2755 2378 1976 286 1117 461
000905.jpg,1146 312 2832 1752 987 2501 1407 2300 1624 1102 1405 635 1636 221 2790 1934 1496 2556 2082 663 1316 950 518 943 547 4 2270 1840 1965 1656 2069 556 2815 188 1799 1644 1202 59 2836 1386 1545 2817 2528 626 1319 1737 2367 817 611 1782 440 1926 2649 978 2628 85 2044 2419 2826 2411 2538 550 2767 712 1658 2272 1381 1092 259 2652 2840 524 1051 925 1369 1148 2241 970 1422 559 1649 2439 1437 2397 1218 1468 1096 2389 480 1486 613 659 900 1428 2312 1948 283 260 1416 169
000906.jpg,1416 1096 1948 1362 497 1586 1897 2046 992 2272 2815 1316 1636 1496 1965 1860 1218 1051 2352 2556 1261 2628 2713 194 201 1658 2721 1381 2241 712 305 715 51 1569 1796 1782 562 100 64 260 2439 155 1840 2836 1544 1617 1640 2433 2767 48 439 663 1552 1422 1148 319 1878 2309 2650 978 1993 2826 1369 259 559 2034 1486 659 2076 1584 563 556 2545 2088 231 900 1437 2419 1901 2652 1045 2708 2544 1307 1319 1777 947 654 2840 1356 1435 611 1248 168 2837 550 547 1123 2376 2538
000907.jpg,44 1447 1483 16 376 1469 1672 2317 1836 2437 1749 2785 1057 761 1914 2249 1631 1449 1990 2700 1178 1224 2202 95 834 1476 2745 1277 88 576 291 1593 2058 1856 596 2523 34 47 2180 1727 1116 1425 2555 2441 824 832 2422 2190 1714 683 1713 1535 2153 894 2129 1838 845 1346 1073 419 132 2554 1732 465 2111 1632 1620 1176 603 2275 1103 2547 1147 1743 2518 1450 2096 96 1927 1790 1363 2827 1286 1678 83 350 983 1052 2695 2383 60 762 1120 1304 1032 1523 1662 441 269 1660
000908.jpg,59 1545 626 1799 2367 2389 950 4 1737 1202 1146 547 2270 2082 1386 556 1752 1319 826 987 611 1407 2477 613 635 283 188 2300 312 1491 2148 2832 2840 2069 1405 266 2010 1262 1117 455 1148 2343 2312 259 2681 1708 1003 1314 1924 440 1172 670 237 1216 344 1441 977 1092 1942 271 2530 2205 996 518 463 716 2191 550 2265 134 872 2076 2515 974 1275 904 31 1181 1715 433 331 2105 580 326 207 390 2200 786 1568 1780 383 2606 2692 2375 2419 2610 769 2814 2742 735
000909.jpg,1993 1422 1617 1663 712 1045 947 2837 1328 1444 2130 134 1782 1649 169 2836 1623 2631 2767 2707 1679 1054 2050 1029 1381 645 735 2241 463 445 1552 1658 2011 2840 1544 197 550 440 179 319 2439 1261 1253 1218 900 2735 155 1710 2628 1948 1489 1437 1840 1486 1416 1307 1096 1208 1897 674 1362 259 2352 260 51 2482 992 1640 2046 2133 1051 2287 1860 2515 497 1369 563 965 1123 1586 562 2076 2419 860 1983 1701 2088 559 2397 1468 906 1417 2650 305 2424 1878 978 2826 1777 715
000910.jpg,1132 1588 1431 536 2117 36 1699 2078 1886 1430 1492 142 2267 1553 1256 1236 2380 2333 121 802 866 429 680 743 878 901 2423 988 193 500 2090 432 1793 2217 1890 733 569 289 1053 1038 2451 1499 2668 2029 427 2415 2568 176 555 2421 2384 1268 554 1888 21 332 868 2743 1033 681 340 2108 979 199 1562 2735 571 417 2227 1272 1754 672 933 1065 1374 1952 1393 2786 2828 2602 886 2808 361 1668 1398 1418 62 1041 2539 1949 1266 828 1686 2038 2031 2570 1240 640 377 2822
000911.jpg,1506 1141 2070 383 1356 525 1505 216 2311 654 252 1248 1435 113 1780 625 679 858 1924 1598 2137 1262 455 49 2669 1168 1299 2232 1274 245 61 2531 1568 1140 27 1273 391 2565 1200 2470 192 2698 822 2025 838 1612 139 1124 1216 1781 2164 207 2173 1024 2794 2280 2091 1127 239 1787 331 2396 209 408 296 356 1282 225 1037 1503 2053 449 268 1875 131 2693 2279 1918 1715 655 1829 1843 726 430 344 1011 495 33 138 2142 653 2236 241 295 1967 1941 799 1500 290 1635
000912.jpg,2063 2455 1814 1815 1009 1159 837 403 264 2844 2484 352 2092 2731 2797 2833 2139 2269 1122 1366 1925 1589 2189 2576 299 1480 741 1982 2633 1619 2371 1816 2215 1660 2399 1735 879 2607 1520 2727 2431 2460 1 234 1539 667 2776 1629 1025 557 913 428 1349 1572 1622 2363 551 814 1549 1571 867 1863 307 641 2226 2158 1524 385 2834 2403 17 2385 1373 1618 2175 2771 2524 1295 2100 267 577 273 342 888 262 969 600 2298 1807 1291 685 1101 226 846 2486 1238 991 537 2412 1059
000913.jpg,2267 2380 1553 1430 1699 1236 1886 2217 2568 1256 2415 901 743 1793 427 2423 569 2090 988 193 2333 121 2078 332 1492 429 536 2117 2735 142 340 2421 680 1038 370 571 289 1431 878 432 36 2668 1053 2047 1888 1189 323 802 176 1132 1890 2221 554 56 2539 1754 2108 1499 1521 1070 2031 2629 681 2038 2032 839 1429 2120 580 1317 500 199 1041 555 27 2693 932 1741 159 868 653 955 799 1568 1399 1787 1187 2025 2119 1952 1774 1746 1272 1395 192 1049 1588 698 1240 354
000914.jpg,802 1492 142 429 2078 1890 868 554 555 176 1888 2029 2668 1256 289 2333 1562 2786 2743 2227 1430 1699 1033 1393 2108 1418 1686 886 417 597 1886 1053 2267 62 2117 1236 1553 2380 361 878 743 681 2423 979 432 1398 302 2451 292 78 21 866 2384 893 1431 1065 36 1588 199 1132 340 2217 733 2421 1038 427 901 2415 2568 332 571 1499 536 680 1793 500 73 2074 1754 1041 1462 380 399 323 1272 988 121 261 1599 2594 654 31 455 437 1262 580 633 799 192 245
000915.jpg,924 1363 1288 1703 2216 2841 1487 2567 2502 1471 2152 2507 834 2573 986 2751 1044 1605 1727 2555 2823 22 953 1171 1371 1661 997 2109 1277 1214 214 1019 1749 2263 783 2058 205 1027 1104 2550 1995 2726 1866 412 785 2260 63 761 327 1856 138 400 333 1507 561 346 782 1641 643 1612 2737 1687 2017 2821 1692 2632 2611 581 1669 1220 1018 2623 1048 478 2249 1918 1026 89 430 602 1801 2277 1568 39 647 2542 2114 1273 1139 1400 858 949 840 621 52 2141 443 1217 1293 1357
000916.jpg,569 988 193 2090 121 332 571 340 1793 2568 901 2415 427 2217 1065 680 536 370 2380 1256 865 56 1236 1553 1268 1430 1886 2267 743 323 2032 1189 1132 2047 1038 979 2668 2423 1588 2839 1266 2421 1431 2333 1952 1754 1329 1429 2108 2640 955 1521 2539 839 432 1272 828 1699 2629 1337 2808 2795 36 2602 1802 729 220 2786 2083 1240 2798 1049 933 176 698 1374 2406 1187 2743 377 89 412 2378 1118 1648 1274 478 805 2210 2221 1668 1225 289 1568 1162 1249 1024 1715 561 1248
000917.jpg,956 1882 115 38 1995 1802 1153 2688 971 1227 1761 2194 644 448 2261 829 661 387 476 2278 636 669 732 1880 281 1536 1260 620 1570 2468 84 1018 455 2740 941 1083 6 546 1011 2720 181 2168 2807 1400 1262 782 1318 1199 1487 2690 2476 2188 2467 1221 2442 1472 1471 909 2498 758 402 922 2749 285 1541 504 1702 1188 2632 1568 721 580 820 1124 418 2232 363 2197 2611 582 2573 1692 1662 225 751 2465 2505 454 936 138 2025 2402 2634 37 1726 1395 2346 1706 2053 290
000918.jpg,1129 2185 795 1694 1411 2584 143 2298 1440 1684 2517 386 2529 2363 718 2619 2271 2616 1445 2460 787 810 958 557 1939 30 1366 1294 1480 2801 697 2468 1816 879 638 71 1925 1863 1630 1514 1735 2833 1373 1360 2771 1982 2139 641 1215 2607 1660 1814 2092 1619 1295 299 1524 2576 2269 2385 2633 262 1549 2371 888 1270 1807 991 307 267 741 2740 665 1238 1446 667 1267 1275 1291 2749 685 1520 669 428 1140 551 342 2776 2053 1 2844 2687 1744 580 1730 1647 1112 2727 1887 721
000919.jpg,1993 1422 1617 712 1663 2837 1045 134 2631 947 1782 1328 1444 169 1649 2836 2130 2767 2050 1623 1054 1381 1679 2241 1029 735 463 2707 1658 550 1544 2840 2439 645 2735 1261 440 1218 1552 155 2628 197 2011 445 1840 179 1051 900 319 1897 51 1362 1253 1948 1860 1096 2352 1416 305 1586 1640 260 1486 497 992 1710 1437 194 2046 1796 1636 2713 1777 562 1878 259 1316 518 1307 2815 1185 1496 1148 2270 1208 1369 715 1489 563 2088 2708 1123 201 2649 2721 2133 965 439 2082 653
000920.jpg,1146 312 2832 987 1752 635 2501 1407 950 2300 59 547 1405 1624 4 626 2367 1386 556 2270 1545 1102 2082 1799 221 1737 1636 1092 188 1496 518 1934 1202 2148 1316 1319 2069 2389 978 977 1840 2419 2836 611 2133 1148 2790 1414 2010 1003 663 943 259 85 1486 2105 1878 1339 1708 2556 552 2594 1965 1172 2840 2312 152 2099 2044 1649 550 2681 2652 2606 2411 207 2674 330 1117 1917 1532 313 1912 1782 2742 2826 877 1656 440 965 2424 1787 1468 2815 2479 524 2574 192 1896 1123
000921.jpg,1681 487 1705 2600 337 942 2543 2085 1384 2458 1495 966 1742 2660 1978 1002 2262 1370 2696 1331 243 355 1673 1614 852 2257 1396 1119 1554 1676 813 1105 1695 360 1718 2259 908 710 54 1000 1853 1893 1031 2782 2664 1565 1739 1287 542 50 791 2369 1290 660 2392 1508 2803 1518 446 2596 530 2049 1604 1301 607 1017 1981 984 711 2773 1567 1822 1237 631 1909 747 1143 580 921 1293 1741 367 1317 1680 192 1097 587 1118 159 261 503 235 504 1755 1275 1011 805 786 1704 52
000922.jpg,1056 2135 2741 1212 137 899 204 116 1606 2294 97 2842 2511 1134 2728 1547 1463 1055 1944 1935 246 2207 2041 722 2665 1067 2068 2558 725 692 1126 165 79 2736 2319 2766 2292 2825 2435 442 447 2813 1076 2305 2057 2248 1899 494 1464 1825 2291 1937 686 2382 2286 2580 1771 2625 790 677 1777 574 1892 657 1677 2708 1874 2719 1185 146 948 140 647 1130 1986 2506 2393 1962 271 1639 1452 1942 1223 2037 804 682 274 1940 2440 2639 1408 864 329 1868 608 2683 2569 526 2438 1473
000923.jpg,1083 1702 6 2643 732 181 620 546 582 1797 759 1221 285 1260 468 2476 807 1858 1891 1570 2807 1697 2313 1318 298 1188 1139 636 2425 922 2194 2261 661 1723 2278 1536 476 973 2816 1227 669 1456 1865 1284 2171 122 448 1763 2043 37 411 2268 2118 2346 475 936 1285 1692 1018 758 2810 1153 1916 782 402 829 2465 2505 2611 643 1048 389 471 1662 1610 1560 2263 2467 1472 1768 478 387 229 363 1761 346 1438 1612 644 138 1032 1568 980 1882 2167 2632 1378 1015 2690 108
000924.jpg,1292 77 1930 2461 1276 1072 1392 1792 210 1861 1034 793 1859 57 1580 421 280 884 1234 2418 704 1576 570 1348 2327 2155 1358 2174 934 1030 242 1377 1857 1716 185 2125 170 2456 2004 82 158 1375 1665 2694 438 130 1522 689 287 1758 1432 470 2127 2703 2581 514 1193 294 1345 2206 2330 798 880 1086 1575 2374 2229 2186 2198 746 2588 756 1724 2672 976 1551 2187 2662 1664 2838 2513 1675 2039 857 1279 801 228 1350 2659 842 1043 263 656 2356 1887 2590 133 1457 885 2123
000925.jpg,1971 1257 1786 1357 2495 39 2281 2288 1091 564 1180 1996 777 1818 926 230 76 739 1106 989 2224 1137 2000 1559 2114 614 1353 1087 1207 2072 803 1451 581 751 2787 93 2258 2422 895 1841 766 341 2785 1914 1620 1836 2242 1346 1590 2129 215 737 2784 1561 1361 1900 1093 1678 603 2275 1732 88 2523 1073 1300 2040 374 1166 1558 1116 2238 1476 1593 1178 898 1713 1568 34 471 1450 47 1057 1147 1224 2054 1662 240 1601 1714 1482 483 339 2504 830 863 455 618 840 2017 2437
000926.jpg,12 2809 1473 1876 1721 1613 608 523 2552 173 494 1829 2402 274 2716 788 1472 430 1026 175 662 2059 2057 696 1390 627 1039 401 671 452 1972 721 655 89 1475 1018 2531 1024 1787 508 2236 504 534 331 1789 1932 501 1918 125 2557 252 458 726 999 1706 927 682 758 1182 2715 1022 1275 1439 444 1303 2291 2598 268 2765 464 806 805 1899 225 2244 1647 2181 2435 1037 994 864 505 2191 901 52 2438 1555 2142 780 389 2279 2398 2053 1831 2634 2119 1317 1124 484 2051
000927.jpg,2252 1651 2682 1179 2491 2328 1977 1063 1579 916 841 227 639 1578 1770 2042 9 945 1583 887 2647 748 114 2310 515 998 517 1791 1920 919 952 1531 1354 1769 819 2097 1470 118 2723 2792 982 2065 2379 928 930 2778 1211 1851 2729 567 1970 1657 778 2711 382 1667 2225 1854 1585 763 923 1367 2575 311 1154 2793 7 875 455 2459 1262 2349 1210 655 331 975 1566 2698 31 2304 1275 1274 2488 726 2611 98 344 1216 2715 1140 1568 1475 580 1124 2236 1755 1127 326 314 2017
000928.jpg,472 1803 127 1060 1167 1278 1509 2595 1355 1811 147 1341 1607 577 1069 2758 537 1530 2738 2094 160 1421 1059 2266 551 1078 226 2444 961 166 2820 1242 2138 342 1862 2835 262 2385 641 1373 1807 2710 2013 888 1295 2771 1324 2781 2648 273 405 2431 1828 2399 991 1863 741 385 1524 2460 2104 1988 1619 1101 1291 2740 352 1215 154 2811 600 2213 2208 716 573 267 2403 2175 2468 1025 667 1540 2340 1238 2692 1618 2063 2412 17 1520 2513 1159 2189 1571 203 912 2205 1982 2255 1652
