2222 850 2355 1661 1569 439 1315 2677 2141 1183 2013 550 283 1074 2502 2270 510 155 281 1279 2705 2512 2623 1251 973 2337 2088 1046 2203 712 2606 486 629 2410 1530 2608 266 327 160 1078 1589 1570 148 2094 298 398 604 2050 1504 1263 106 64 100 1496 275 472 1198 58 2468 978 2152 1640 2385 1380 2483 2334 1148 117 1993 862 1878 1032 2760 2376 2303 1226 691 2052 2048 1358 1802 2791 2182 1238 594 2831 1751 1090 323 1080 946 1490 308 645 904 2312 1468 2571 911 690
1407 463 2753 2507 1904 997 2703 2735 1963 472 1796 719 1933 1401 163 1355 869 2840 908 1623 221 1497 400 1550 1054 984 1059 1295 2815 1624 2790 422 1201 416 1066 2205 1934 345 2116 1790 588 1871 2631 1479 768 2426 1354 1977 1943 632 2104 873 1580 1392 1467 2692 1405 769 2282 2344 541 1574 736 2574 1493 1157 1171 663 1351 2682 844 1199 2613 2482 825 1347 808 2457 445 2073 1645 1638 2045 1736 2284 793 420 1579 2110 2198 2620 1371 2405 509 190 1028 1600 1950 1690 2159
676 1940 114 2409 165 1707 907 1825 2843 1905 2364 2788 257 1890 2260 1714 1116 792 1535 145 39 407 1230 2240 2219 2637 1832 1357 1333 2345 2297 1192 469 1014 215 1459 1103 693 1869 1888 2621 55 2176 725 86 1809 1748 614 960 1723 10 876 1304 2114 739 2744 1760 2224 1712 956 2748 101 589 1611 56 102 1959 364 1559 1900 794 1928 485 1106 885 14 775 1169 1805 2586 2546 727 1306 1137 520 436 878 1043 1542 926 695 2304 2112 2281 2768 1138 1601 751 2497 581
194 1658 1417 2657 860 622 2470 1663 2714 1328 1489 1261 637 1388 2230 2130 2361 335 735 502 1582 2599 2826 674 2724 1307 48 2358 1172 1151 489 2084 161 1870 559 178 977 2386 480 1953 2544 168 497 524 259 2564 2241 970 1586 2676 2580 1406 2046 2009 981 26 662 2121 338 1464 1282 1563 2480 1866 1902 715 2688 1064 2010 1185 43 231 2188 313 1777 995 2683 1627 2424 140 2503 2498 2742 647 2762 2035 1381 494 247 278 1711 329 804 1223 2438 1045 1384 1218 2569 1250
1194 2129 2368 1561 1482 1590 1914 2785 1091 777 1996 2447 230 2523 93 2695 522 2080 895 824 1749 683 1838 63 1713 1019 845 575 1382 47 1457 1631 2607 1229 2381 2431 309 1693 1161 1257 982 1626 1387 2383 2493 2729 859 226 2125 374 1130 2699 2332 2495 341 704 1538 429 2780 2684 528 1451 1087 1837 95 2190 1785 2242 1665 919 1856 1525 379 1975 2180 2114 2106 811 2020 2202 1176 940 2630 2633 803 751 1851 2281 930 576 2019 279 885 2605 1178 2111 1685 2550 1507 357
1744 2815 973 629 5 946 690 1184 1864 1432 1858 58 844 2128 64 2118 2706 381 400 1537 285 2342 2204 2391 869 275 827 1188 2572 1345 23 850 375 1114 2379 339 1963 1015 2425 795 1752 1479 282 820 910 1128 1871 1943 1042 1263 2426 632 1285 425 2245 2016 2014 1574 825 1180 2334 1199 498 2405 1061 1616 1077 2682 549 420 1371 2434 1310 1171 1453 1254 1603 1219 2433 2032 2303 2623 1354 1718 604 2161 768 1147 1423 749 243 759 1380 2696 2104 2147 652 2049 1860 1205
2525 359 1499 2233 1510 1460 2772 2777 2478 1753 1125 2077 1938 1970 2679 778 382 582 2346 1854 1916 2043 517 2313 1747 1903 585 2596 174 2684 2058 1277 2802 1734 2171 1669 1443 688 2768 457 2595 1290 2748 2532 250 1235 1959 816 2810 1163 1139 2254 2122 917 2360 902 2033 2754 590 102 1846 1628 1372 2347 1186 2489 596 103 2161 2643 2701 684 2804 545 2805 378 1869 2621 1028 2276 1259 1588 759 2159 1676 1950 1690 530 1608 2234 187 1471 1748 399 32 998 768 1310 1830 2314
2058 2778 2605 2254 917 902 2033 2630 1186 2754 2383 920 1340 1397 2080 2601 522 1391 1525 887 998 1323 1769 2550 1277 1507 40 279 2239 357 2841 2684 2258 778 382 684 590 1372 2347 2489 2805 378 2701 2804 1259 2234 32 187 688 57 2792 2233 2525 1028 359 457 1488 2159 1690 2276 103 1950 1626 767 2360 2621 1869 2388 1748 2667 321 2824 1734 903 2651 2447 639 1179 1467 2310 916 1818 567 1459 1410 2326 2711 2019 2752 277 2672 875 1608 2073 1669 808 2675 2349 1371 284
2620 384 1659 560 1420 923 1423 153 1960 873 831 2214 2426 1957 1280 1767 1400 736 479 1864 541 2154 2843 1157 2824 2073 2060 2609 1028 1690 1645 1077 1354 2159 1574 1943 15 1950 1198 2752 1210 1922 2462 1608 1467 1720 117 1821 1982 1977 1509 327 2667 2573 1534 73 2334 825 2434 781 2613 2150 768 2655 2483 1471 835 420 588 2264 2405 1184 953 1147 1854 1731 1239 1199 1359 2239 914 1621 975 1566 2197 590 1425 1189 2146 382 756 851 2234 2258 778 32 767 187 1310 1560
424 1334 1236 743 184 949 1553 142 135 868 1448 2413 2267 1383 232 2078 783 500 1430 2441 2423 2134 555 1699 315 1269 427 1017 2558 695 2827 2117 866 681 554 1628 1478 2733 843 878 493 2211 1499 2172 1362 1004 2622 310 520 404 775 2737 1492 1945 2111 1805 2586 432 1431 165 2615 1517 462 1169 2 1940 1390 1890 1897 853 2668 1847 340 63 1019 429 293 1657 300 2380 2295 1513 2787 2221 992 2350 2207 1130 601 2217 802 2120 1343 104 689 1901 121 2202 2568 2451
31 1885 305 1317 1303 561 2693 1761 316 1438 471 655 346 1395 2467 1378 2765 356 1127 805 2261 476 2100 162 1543 963 699 661 2194 1823 1852 2687 331 1994 1409 1274 2690 2338 643 402 1216 1692 467 1441 2654 1109 1873 1755 2232 2340 1022 726 2168 799 2237 2562 216 999 1875 1227 2393 1021 1635 296 1756 2821 806 2306 1011 1598 1967 649 534 1568 484 858 478 1278 1140 239 1937 1283 2352 1275 1097 2505 2465 1050 2372 758 456 872 2212 1327 1991 412 1153 46 1240 2531
1527 2524 392 2377 1548 20 2453 2452 488 2097 1479 420 1978 451 1301 530 2282 984 1718 1367 2755 763 1604 1645 759 1450 1199 1646 2110 2392 871 830 603 1239 1068 243 708 1767 1271 515 835 301 2150 2104 276 2239 2395 2018 1120 2045 1385 2685 1779 535 1920 1147 7 294 595 1566 1791 1058 2658 416 2551 2702 2170 151 1894 99 2793 1136 6 288 781 1990 2655 2145 2042 2140 2682 54 1620 2446 918 1871 1858 2426 1119 2146 233 809 1105 2613 2275 2680 773 372 2027 393
1204 1954 559 84 2135 26 2076 1486 925 2652 2148 259 865 11 2582 1064 977 2737 2544 1428 247 2649 2386 1417 1346 2724 480 1870 2358 2084 2676 970 1151 494 260 2503 2294 1225 1212 351 1810 992 322 105 1362 2509 941 1406 232 2506 662 310 2188 627 1953 2580 1055 981 2419 1740 1944 1412 2130 900 482 335 48 67 179 219 2361 1654 1288 43 2046 2800 1473 2009 2564 524 168 1422 2307 1045 1596 785 1908 2639 329 140 854 1123 1012 300 1902 249 1868 415 2248 1437
2051 139 125 2766 1071 447 2062 1706 255 1356 939 1475 2236 2806 192 1143 1433 116 587 653 1831 295 2704 668 225 2407 2280 1647 1101 927 1730 290 1655 268 61 1156 525 245 464 1824 2061 1117 1921 2059 2223 1141 2025 1248 2811 1281 2283 2142 1472 89 452 92 1606 552 1505 175 27 444 2119 418 1481 41 1018 108 52 2255 1039 1202 2674 390 1024 726 523 449 2486 430 1635 1021 1441 1037 1829 271 383 892 2301 1994 1789 1409 389 806 59 223 721 1972 1010 1799
798 1447 651 1602 1229 636 1451 1525 1488 522 294 1057 2278 1536 2239 2080 2383 1147 2109 203 1181 1988 1665 2138 1387 1833 811 2484 1975 2684 1758 616 1178 1995 1767 284 1483 1234 237 2675 867 1812 1632 1509 2125 998 211 2702 583 859 1341 582 835 1199 2150 1450 843 475 588 826 420 1471 2788 276 2454 2131 2395 2491 871 779 2525 1077 778 382 2496 1990 833 1587 1432 359 1491 2233 2263 1980 2538 2058 1768 372 1996 1551 2530 996 1626 1837 2672 704 457 188 2752 2844
801 1930 2820 2833 170 2092 1947 2371 1292 17 879 1377 2127 1792 438 2187 1855 1877 656 2139 1664 1575 884 1564 2588 1724 2461 210 2039 2356 421 2151 2269 2209 519 1294 800 1735 1925 1982 1446 2206 2783 1863 2771 2797 1580 2069 2063 299 1675 133 2490 1850 242 483 2418 1494 1366 667 2004 2844 263 2266 228 591 1159 1493 1421 2460 1193 2581 1594 385 1887 1814 857 1803 704 280 1030 1079 1516 82 2659 516 1347 256 1619 428 1373 2158 538 961 730 969 112 1295 2075 403
1167 947 459 1444 1790 2750 2201 2124 123 1679 1038 405 2466 2707 1811 2735 220 1258 236 1565 932 2366 1884 2614 2389 511 624 586 1573 358 122 2167 411 1425 1634 1649 1560 1052 1146 717 935 163 1284 829 81 229 214 448 965 2421 440 1933 1624 2268 2650 1456 1098 1326 2030 698 2791 2645 409 957 1321 1521 189 1862 2197 222 2060 1049 1122 22 1381 2612 1637 1652 855 1202 685 897 1549 537 195 839 2339 1688 1782 1623 922 244 2411 2781 744 2251 2213 986 2372 1305
2789 1974 1302 618 1117 1021 452 1099 1843 2199 252 1143 1156 2181 771 1831 1655 2794 2407 2099 2531 2689 1961 383 2557 501 295 753 649 129 2119 484 782 1274 2105 2770 2340 972 2311 552 562 1409 89 670 2372 2690 2725 113 2285 1598 1506 496 1339 200 734 1438 1532 377 2698 471 534 594 1477 950 2527 2396 1929 2822 1465 968 504 2213 2429 2806 1278 2232 799 780 2244 51 430 655 1283 2610 507 330 1967 33 653 2343 1757 1018 2061 938 1921 2837 239 1994 356 305
735 219 1123 1045 2009 981 524 1422 1406 322 259 1437 2688 2130 168 2148 1596 2076 1012 2498 387 249 1486 971 2652 715 1369 2241 1328 2035 2639 2010 977 1617 804 489 1627 686 2649 1840 1307 179 1148 1878 622 674 1654 2358 1151 2826 278 1464 2657 2762 2291 860 178 712 1185 348 1384 2569 1868 2361 1282 1866 1563 335 2580 260 140 2683 1663 2714 329 1740 48 647 494 2230 194 1777 574 2470 1489 2724 1417 627 2782 1658 970 925 2424 1586 2135 502 2438 43 1388 2333
1401 1791 203 2672 2284 2524 2685 2315 2738 256 2018 2170 1579 1133 2165 2734 2661 277 2395 2462 1574 1863 83 2416 2647 2588 1242 1718 993 1352 1454 1982 1367 2490 1794 2573 166 1778 276 2097 1925 1595 2721 808 2517 1450 9 1170 2310 1301 869 929 451 2718 2590 2138 2487 2405 392 1371 2551 798 592 1642 1267 3 488 2453 320 2452 1673 1402 916 2575 908 127 2161 1426 756 2593 1136 57 2682 2662 1120 243 2545 1990 242 603 2275 1105 2198 2239 2755 7 765 830 1963 1977
2134 555 2441 142 743 2267 315 2423 1430 2568 424 1334 949 2827 1578 2415 2522 554 1017 868 135 2413 866 681 1383 2117 2733 983 103 191 1448 462 1628 1517 2622 1165 1323 1657 2056 2111 1236 2 783 2380 2723 427 2078 848 1553 297 493 11 2841 689 2211 1130 1542 1443 429 300 767 1975 121 802 907 1390 1343 227 1830 1833 1459 2216 232 2757 775 250 104 280 45 1847 2586 1805 1641 2302 1169 1478 1488 1665 693 2601 1890 2036 2217 1971 1845 1786 1513 379 184 1144
2129 1194 441 2695 1482 845 575 1387 1980 1851 1672 2702 777 1523 811 1382 1178 2684 1975 226 2368 2447 522 2633 2607 1016 2131 1914 2080 2785 2530 996 369 2431 814 2700 2523 1996 1587 833 2395 1768 895 1091 1626 93 373 230 1561 2239 309 1528 867 1341 2383 1229 1525 2729 1833 1973 982 1837 1488 859 429 2437 1990 2496 1713 2454 372 284 1460 1457 276 374 1590 684 1667 596 1919 1421 1838 683 2125 1221 930 528 824 47 1749 25 211 2493 1161 2332 1691 1660 2559 1785
1661 850 2355 2222 1315 2705 1569 973 439 2013 2203 1285 283 2030 155 298 2791 2502 510 281 122 2270 2410 1502 2750 1183 550 64 1640 1032 236 472 58 2831 275 1504 2623 1074 327 1570 1226 1098 1251 1090 2677 2631 2094 148 946 604 1046 2608 629 2606 2807 189 2337 1560 829 1425 2512 96 266 100 2088 486 1610 1015 2268 2348 2060 1530 308 117 1078 448 160 2303 980 690 2571 2141 1080 1238 1263 922 2124 1380 388 23 375 2197 1326 1744 2101 978 229 37 2014 1284
698 1521 839 220 2439 2017 1544 947 1444 1099 2365 2774 1202 533 2372 932 1650 2389 1708 511 81 618 2168 2212 1327 2228 2597 1782 2822 553 2306 200 2770 2335 2527 350 890 68 2836 950 836 2592 2213 2500 405 1746 2352 1612 562 1955 2628 2466 2764 2005 507 2837 2265 670 740 649 661 1038 1929 1314 1008 2083 1278 2177 1167 1873 847 1227 505 2340 2715 2557 1961 173 123 1461 2096 1974 1109 1135 2181 1917 1991 1429 1153 1097 2610 241 771 2164 2091 2253 120 1111 1335 2693
2178 1266 754 2472 80 1265 1296 898 558 757 1231 328 789 2238 2644 2320 1798 407 1427 1448 1175 658 1952 572 2638 2615 1149 2172 1728 1533 2113 2323 286 1478 962 2354 29 2277 739 766 679 540 119 545 1984 2031 2756 1312 529 2054 1433 1248 646 1801 304 1597 24 2566 1356 240 1553 1699 1299 1168 1841 1383 2542 2089 2333 2413 967 727 737 1804 1945 192 2504 135 1951 436 1928 598 1876 589 364 1230 1900 714 2040 2224 225 696 2143 964 101 1733 215 569 293 2041
192 1248 1481 1356 139 653 61 1018 525 290 52 1730 108 225 268 245 464 418 2280 1039 390 89 2142 2070 383 2025 430 939 1715 1635 113 679 2301 806 1465 1780 2244 534 2429 2051 1024 216 1275 255 2407 1441 782 2343 59 786 758 753 389 1021 1831 1994 2794 2352 305 2486 1330 619 2062 2654 668 49 2690 1127 1156 478 780 1438 655 471 1124 2821 1761 296 2232 1262 455 1008 1875 2059 356 1941 207 2237 2286 331 200 1967 1612 1598 999 2396 1141 2467 872 2199
224 2135 1473 1212 2057 247 2248 2813 26 1055 2438 925 494 2509 84 1899 2737 1064 860 2076 1870 11 2046 2386 1417 2084 338 1617 1489 977 480 2683 2503 2724 1362 2649 2652 2544 2358 1428 2676 2148 1151 260 559 574 1486 1954 970 1204 259 2582 232 1346 865 2333 992 2230 48 2291 1328 482 1810 335 2361 2470 662 2424 278 1422 1902 1282 1596 2762 1711 2569 1563 1663 194 2688 2714 2498 1148 1406 1369 715 627 1388 161 1658 1256 502 2130 2241 995 1123 2188 179 981 1700
584 1990 2702 2700 1672 1851 1387 575 2695 441 1523 372 845 1980 1587 1620 2530 996 2136 1091 867 2307 226 25 1244 1768 1480 2518 1837 339 1016 2395 1421 777 2633 1194 2129 276 373 803 83 1341 1482 492 2131 2431 814 1229 863 833 591 488 1996 2239 2453 1646 651 1147 2494 549 2437 1450 393 1073 2275 1732 2249 871 603 1997 2785 2607 1914 830 2538 1539 385 352 1919 1158 309 2732 1552 1457 2332 1607 1528 1767 44 1633 1178 1995 206 1133 2399 924 1979 2524 2758 583
2306 1109 162 963 1543 1852 699 890 1917 1991 2212 1327 1823 2017 2610 1598 2693 305 1317 316 1746 1435 2764 200 31 1227 1010 649 1885 771 805 1650 2237 2173 2372 1274 872 1873 1278 476 1967 2340 1929 858 1994 772 1314 1135 1761 2500 2199 552 1216 1635 402 2789 235 1755 356 1409 999 1875 553 1756 1022 1011 367 1692 2531 1774 2343 2071 2100 2690 799 2467 2194 2393 2765 46 346 2279 1117 2168 471 1438 655 2261 562 484 2819 1378 1097 2352 2654 1050 1127 1303 2011 533
2036 379 2180 2288 940 2242 617 2733 465 2422 1593 683 1838 1785 2190 149 1856 1176 2211 2523 1685 1786 1971 1304 2247 230 2414 47 182 1714 1116 2381 75 265 1542 1773 1795 1228 954 107 104 2114 832 1713 926 63 1019 2112 1343 2281 751 581 1398 693 93 1683 1693 14 2641 2019 885 1818 2604 1590 279 2066 824 357 930 2780 1561 2368 1507 2550 2106 95 1106 2472 341 2202 1559 895 1257 1410 2630 2536 1434 2745 1459 1825 1087 2111 1138 2072 1517 2605 462 1985 1207 1186
2333 757 1721 1952 225 1876 1248 24 2638 2143 61 394 523 1231 2382 696 1473 1056 1266 408 607 1141 192 1787 901 296 677 2093 1648 1937 948 1834 1076 49 1383 2813 715 682 491 1464 1775 1874 1617 2057 1639 2031 1452 2683 1592 207 1484 2038 2470 2248 2742 2291 1945 1754 679 2728 387 2343 1282 245 637 2413 135 2295 2438 1356 1399 2688 213 36 938 647 1185 1910 2424 2566 1799 2090 558 520 1886 2498 1899 175 2615 1909 1472 494 2708 1839 313 1288 1563 1829 860 1703
2766 116 447 2051 1071 2223 368 349 41 2215 444 255 2704 1129 2062 1433 1101 1202 125 1698 139 1258 939 1606 1270 1811 1824 2158 2037 195 2625 2709 1112 587 1356 1630 459 1799 1966 668 2251 1649 1573 2811 1281 2255 2801 204 271 913 2707 717 1725 1050 2681 1332 1216 2213 1477 2011 1774 912 562 586 1360 1227 2340 2614 1755 847 2789 1278 2250 508 1314 1635 1409 1917 2237 1756 1942 740 1823 2168 649 51 892 2338 1376 81 805 772 1572 1873 890 2764 222 2100 2693 1109
1018 653 192 1481 52 108 268 290 525 1730 113 2070 2429 418 2142 1715 2301 2407 782 139 1356 61 2244 464 534 2280 1831 430 1275 1465 245 1248 225 390 806 786 1039 780 1635 753 2352 2794 1655 89 2343 216 668 2654 1022 1156 2311 1662 1780 383 1008 1875 999 2232 1011 455 1262 1503 389 1612 2059 1692 2025 1929 758 1441 2611 326 331 580 456 478 1568 467 1706 2821 2465 2505 1021 138 2632 939 799 1024 1048 363 1314 619 2690 1761 1994 295 402 2712 33 654
152 1704 2725 2389 2231 1111 2681 1332 1532 2464 1889 330 4 2557 1545 244 1182 2592 306 2534 772 2193 2028 2366 594 1741 148 872 602 2499 1827 2052 266 367 957 645 2237 2013 1737 847 1314 81 2669 657 1998 598 2424 1496 2124 1640 740 1010 2556 252 388 2396 1650 1339 452 2610 1956 2690 1991 2834 2807 1823 51 2794 1917 2421 2088 2500 1873 2099 1506 134 1477 922 2552 1326 383 2764 414 1095 2404 2526 2220 2365 2173 2370 2030 2270 2250 68 1746 298 447 89 2819 1817
1933 2650 1790 2735 2268 197 1550 1054 2840 459 1286 411 908 1865 1679 2707 2060 1321 2750 1258 222 2645 1862 984 1624 2201 189 1098 20 1638 1736 445 400 1963 2554 630 2432 2450 1407 1750 1052 537 448 1425 2697 1167 1560 2189 2593 1709 386 2204 381 1625 776 1537 2517 98 2391 1188 2487 83 166 1285 285 769 243 463 991 58 2147 221 809 2706 64 353 1345 2027 1371 825 2474 2734 2426 759 2696 2619 2342 874 318 929 1120 2256 2434 844 2170 1152 2537 1623 2492 1794
2708 715 657 1095 2498 49 1238 2688 2681 1332 1910 2470 2382 1282 408 1185 1464 882 948 602 387 298 122 396 1045 1422 2424 2193 922 586 1817 637 51 1777 836 1949 1640 1799 2010 1217 2750 2130 735 2683 2421 1227 2480 1563 220 1627 2168 647 2212 1327 1596 2791 1866 785 971 2372 2562 2253 2030 207 1278 46 1111 2442 1050 2200 2707 1639 2389 932 140 947 1994 995 2011 491 2438 2231 1902 2340 1582 2599 1388 1991 1663 2714 1444 2534 1787 1461 2764 1076 562 2705 405 1823
2361 140 574 2599 1582 329 1223 1586 2639 1617 1840 1868 2160 351 1041 2241 497 171 2230 335 1902 647 1754 1899 2564 502 1092 2421 2683 2424 995 2057 146 860 2436 1282 1388 2378 2010 494 2470 804 2688 1949 1185 247 2286 1464 1817 715 1663 2714 2035 136 2498 1439 1452 1563 2569 1064 1658 194 2657 2188 2438 2291 1627 762 43 1711 622 2503 735 1328 2200 1777 1437 489 2333 2813 2762 348 1596 713 278 1336 1417 1422 686 2009 1123 2130 168 1045 1369 2248 2649 161 977 179
570 2823 2838 959 2186 307 1349 976 2455 2374 2710 623 1122 2330 2709 158 1337 573 894 1987 217 642 2826 957 1329 2305 2200 969 974 1411 299 2221 1540 348 1313 1172 1206 1622 2635 2484 846 1447 1615 2003 600 1658 563 1618 2084 2205 1663 2714 489 161 769 1895 900 1870 231 2646 2753 1253 201 1458 2229 38 115 1034 1208 1995 965 264 1983 2162 1602 2344 891 188 214 746 1468 130 1861 577 1449 1 793 2456 2063 674 2513 1556 1788 2427 675 1009 547 2094 317 2627
2547 596 1434 95 1743 1773 1795 954 824 2252 1749 2792 369 650 2666 1916 2106 1693 1382 374 2563 2190 1727 1104 1583 1785 2058 1856 2111 1578 2447 576 1938 1460 2525 359 2233 2020 1257 1588 639 2174 1228 1277 132 1999 182 1043 87 517 1734 2166 2313 2595 1786 1971 778 2192 382 2550 1507 1443 2368 279 1517 462 1685 2329 2112 2532 1723 357 2216 1561 983 1631 581 1760 1712 1176 230 1086 60 1847 832 2202 93 2019 993 2729 63 1019 107 57 1044 1087 2555 2752 251 1179
2753 1029 2044 675 2574 635 997 2832 1253 319 1416 2735 1096 1405 2507 2646 1407 2205 188 1934 556 563 1904 2816 1208 2501 987 2344 463 312 1948 472 2133 1078 160 1023 2528 904 2397 1530 380 2287 1880 1599 2163 2094 611 181 905 1891 965 1261 433 1796 2790 1624 1623 1082 1736 221 1218 1250 1102 612 2411 2627 624 1190 109 527 1059 1054 1167 1201 1644 2591 231 978 2482 1497 2840 2055 769 161 422 2631 1600 1002 2289 2461 1963 486 2337 1081 163 793 400 141 2703 1652
2505 2465 2486 113 430 390 806 726 534 412 2070 1409 471 1438 655 1635 2429 2338 1275 2244 2100 1127 478 2698 1021 305 1216 2155 2308 383 1124 2407 331 1465 1018 1140 216 418 1481 2232 780 1283 1994 2301 786 402 467 52 1441 619 108 389 295 1303 2467 346 1568 2821 1330 1039 2690 1378 356 1274 561 1761 643 1008 2654 1875 661 1022 2311 2687 999 2811 1715 753 391 1780 268 464 2352 456 1598 2794 455 758 1262 1037 1941 782 1967 1506 1156 1789 1317 33 2053 2765
2843 2609 1731 2621 1748 1869 1459 1970 2768 960 102 1611 794 2748 1959 775 1805 2586 1169 2663 1361 1451 1905 1551 1306 2489 1372 1259 2805 2347 2701 2804 2679 1138 378 1107 2624 1871 1846 126 2469 2326 1115 2546 1645 32 2234 187 590 1535 1467 2788 1608 736 541 2276 1235 937 2754 1821 1028 1690 742 2159 2123 687 1734 2525 2233 2073 1950 2254 2360 1354 2595 917 2033 902 1943 1888 114 1901 2667 1186 1609 359 14 1669 1195 257 2364 1280 2304 1720 920 1707 749 1903 457 2258
2131 2702 1057 2530 996 1980 2496 1587 1387 833 1768 1990 582 1229 1158 1837 2732 1552 372 1471 2307 651 1487 591 1851 226 1702 276 1178 2454 811 826 2395 2700 1483 284 1975 441 2239 522 1672 1482 1523 1525 1583 211 2684 759 2383 1450 2080 575 2792 2633 1194 2129 814 1996 1833 845 1244 2161 871 118 6 2695 924 1147 1491 777 803 1277 867 2431 294 998 1488 667 488 2263 2643 2453 1797 2275 1732 393 2058 603 2785 1914 1646 1181 2607 2317 1341 830 1451 1443 1767 1678
1908 1726 437 1233 539 2353 1845 559 2471 2561 2841 2419 338 502 26 300 1872 2307 2668 48 941 340 843 1772 360 2458 1323 2544 1488 404 2601 480 1470 2386 103 303 1406 2195 2580 1616 297 1687 2121 689 760 848 702 660 981 2084 2724 977 2358 2678 2676 970 1151 74 259 730 1417 1953 2769 1384 1870 2506 2046 1420 1225 2454 2782 1587 560 662 2583 2309 1453 335 1768 1320 310 900 1107 126 2216 1848 1491 69 2737 1066 2624 1450 1901 201 2130 2350 1643 1747 2328 409
191 2667 153 1340 2349 767 250 2310 2073 1833 684 579 2532 1690 1028 2239 2159 211 2559 1950 903 1975 2573 2388 2752 1467 1371 1277 277 2258 808 1459 2018 916 2641 1523 920 1077 1171 2302 2620 1898 592 887 1426 2778 1387 993 778 2702 382 2494 2488 477 1359 2314 2395 1720 1310 728 118 1525 1767 2605 2551 2234 756 32 875 187 294 2254 40 2123 1960 522 2058 917 2462 902 2033 1186 7 2824 528 2792 779 2609 2080 1579 2841 2276 1147 2161 2383 2146 861 641 25 1289
1119 1170 2012 188 2718 490 556 355 233 2816 666 285 386 2537 1697 2391 2027 943 1963 2452 1807 2318 2529 1208 381 1791 124 20 2405 1796 708 1367 809 353 1396 1880 1002 2507 437 700 451 2268 1233 1643 2147 1247 1301 196 2735 2483 1554 1595 603 1042 1402 1736 1537 2425 2832 2081 1958 2642 2482 830 2840 2574 221 2463 2189 2446 2097 1201 2417 1989 2492 747 719 1566 2262 1318 1054 599 1567 869 1405 2394 318 2065 1419 2293 2753 2315 2426 1040 243 1188 445 1401 1322 1709
1335 1532 1650 618 2814 120 2499 367 633 533 2479 2552 2316 200 1010 252 2099 890 2017 2181 330 1339 2265 2819 1746 2173 968 1896 2610 2199 1955 2144 2794 1135 2773 1302 1164 2370 2715 1964 2725 452 383 1974 1741 2690 1099 705 68 849 2306 1117 552 872 1598 169 1961 2396 587 2389 2365 503 1655 772 858 2557 1156 972 734 877 1929 562 2770 771 649 2592 1998 89 1182 671 1873 2500 1721 1967 2105 2407 1827 1506 1831 999 235 2669 553 2343 1409 1976 1875 377 245 1889
2410 1570 398 1203 64 474 1226 2571 1144 308 2050 1504 1616 1458 275 550 1113 2222 850 1453 1661 2608 69 270 1696 58 1490 2502 691 1744 2376 375 2623 2263 1184 2401 2216 1654 2678 2107 2182 1358 973 604 2303 48 1412 283 629 111 1183 1080 1908 992 1657 183 1315 1432 2355 1726 2612 23 100 690 327 925 106 2760 909 1251 384 831 1602 946 1957 2214 738 2815 1423 2334 1222 117 1641 2218 702 498 1032 1380 985 712 2348 272 1205 2483 1074 549 1263 2195 1848 2791
2710 2709 573 1622 846 2635 1540 570 974 1618 2823 217 959 2186 1122 600 2200 2838 957 1337 2455 1329 976 264 642 307 1 1411 1009 1349 2374 1067 2330 2305 158 1338 2255 2481 2412 894 2221 185 1330 348 969 299 2484 1447 1652 537 2339 1987 1615 1060 2003 1070 1206 317 2427 2480 214 892 115 1775 2844 1458 1964 622 577 1927 147 2627 637 1449 527 2513 2576 38 1365 2675 815 769 2694 2839 1602 891 2361 1995 744 1663 1861 2740 2714 746 2229 837 2456 335 1034 623
2737 559 310 992 26 84 1204 2582 1362 1225 925 1064 232 247 404 941 865 1346 1954 2668 480 2386 1212 340 2544 11 1417 977 2046 2724 1870 2076 2358 2676 2084 1151 970 2188 259 1428 300 1486 2509 1810 2135 103 2419 848 297 1323 2148 2503 2652 260 2649 1406 1908 2471 105 900 48 1657 1740 662 1412 1288 67 1004 627 2841 1953 2121 2350 1343 424 2558 1944 1897 1576 111 1334 1488 2216 1578 335 184 743 1269 351 2423 689 2580 322 2601 2307 1130 415 1055 43 1654
1818 2176 55 2559 2618 93 751 2281 930 2114 1138 14 1177 728 2019 397 2036 1590 875 1043 1028 684 1690 2159 2106 1950 2667 920 321 2651 1410 1304 1186 2609 2254 2180 579 1507 2550 832 1760 940 1712 279 902 2033 357 917 2073 1179 926 1559 928 2381 2304 1517 462 1985 1785 895 2605 2190 2112 522 1542 1451 2603 2555 1856 581 2523 2536 2020 2080 379 104 818 1657 1693 617 2729 1971 95 1391 1525 1786 1551 1888 2656 1361 824 2149 1103 2422 861 1323 1130 485 2368 230
2005 2411 2335 169 2228 1549 241 180 2781 1099 2767 670 2770 2837 740 1974 1135 2177 2597 1240 1314 2707 1305 505 68 507 847 521 2440 1444 1111 2610 1612 508 1097 586 562 741 2534 138 2693 1010 1052 2372 1048 2822 654 637 2181 363 2774 1652 698 1008 405 947 1873 1912 1998 1023 1218 2168 2557 2164 2819 1051 1129 2689 1250 1966 1942 1273 2632 649 1896 1961 1929 2099 1820 2681 2611 1500 2338 553 872 2466 2366 1650 2367 1302 1764 2764 1278 1011 936 1967 33 849 957 1976
559 730 2755 480 415 2386 404 518 2676 26 1485 900 2544 2344 2626 2084 977 2724 1151 259 970 2580 2358 1870 437 1417 1233 1953 338 2419 2046 1895 2130 242 662 1772 360 2307 2769 981 2561 335 1208 48 2471 1406 2075 1908 2121 310 502 539 773 1346 428 2672 516 1225 1735 1204 1355 760 303 157 2302 756 2582 2454 881 1165 1442 2315 2195 1726 127 2516 1872 2138 1420 2241 2661 1863 2680 1307 2826 524 1466 843 798 168 2230 674 1663 410 2657 84 2418 194 2714 1658
250 767 1459 2349 2360 2605 2326 1277 1769 887 2388 903 2754 457 1938 2263 1371 1975 1340 2058 2532 2601 1186 1483 2778 917 2033 902 2254 2630 1898 1833 567 2595 2383 1443 187 2667 32 2234 2752 1028 1690 2159 1608 684 1950 1734 2258 2489 1372 378 2347 688 1467 2805 2684 2804 211 1259 1869 2701 2621 920 103 778 382 1748 1391 1720 2276 1310 848 2302 2841 2792 590 297 2525 359 2233 522 641 1830 2073 2080 993 2310 693 2242 808 1460 1178 57 1323 40 2125 916 191 930
813 1370 1554 2551 2315 1371 2572 118 1509 641 1426 2734 2752 808 993 2249 1402 2146 2257 2667 2018 2284 1077 1990 2165 1982 153 1671 1632 1171 276 2395 393 1289 1960 1767 1387 592 2388 1028 2275 7 603 488 1950 1791 1277 1467 1690 1620 2453 1147 2314 2159 871 2620 903 2573 83 2538 1133 1310 1732 2073 834 2702 830 1646 277 1979 1242 2524 684 2310 463 1450 2161 70 2685 2239 372 1401 256 1595 328 2238 2490 779 798 2672 916 1359 1178 825 545 756 1331 2418 294 190
1105 2434 1794 813 54 632 1682 2272 929 809 2517 1695 94 1554 908 2417 2299 1120 1242 1131 243 544 1783 1732 763 1508 2045 253 2661 1061 538 2377 2095 2545 1271 1005 2685 1637 1309 2034 2156 535 1355 288 1739 2170 151 1152 1642 2658 3 874 2487 9 1718 2593 2647 318 1466 2452 1367 2697 2453 2721 392 2492 942 1136 1625 1237 2246 749 2734 765 1548 1579 1646 2738 488 1479 1385 2165 2600 2027 2341 827 2662 2147 353 2018 1636 365 2405 1678 2081 273 1581 1860 1762 1546
205 2428 1238 933 2602 669 1560 1198 935 1374 1038 42 2520 2152 971 1032 1496 270 281 1993 1425 1504 439 327 229 1668 2096 1084 2222 1291 2608 1416 1948 1640 266 1570 2791 2677 2623 2705 398 155 1153 1095 1737 117 2750 1315 691 626 306 1316 2303 624 665 2556 1862 1569 2028 2835 1183 888 2483 96 1074 2512 1405 1882 1096 1636 606 2270 2397 2133 2832 510 635 1263 1319 629 298 1659 1250 2534 1261 2201 2578 2442 1251 638 594 2013 850 1828 1218 980 1844 183 755 236
1117 2764 968 552 1991 2822 1917 1647 1327 2212 92 2531 1164 505 553 772 1974 2193 452 1010 2283 734 602 771 1823 1680 1655 2610 1972 235 721 2500 1598 1099 1109 1961 1156 2059 890 220 1216 2306 533 27 649 1274 367 2789 740 2681 1650 1278 2557 131 1852 1302 618 2100 295 2767 2250 162 1967 68 1435 2285 699 963 562 1461 1141 2365 1543 1202 2372 955 200 2237 2806 2340 2698 932 1273 1929 1635 1822 1994 1135 2228 1339 305 670 1134 31 314 1227 2774 1429 2168 847
1650 533 618 200 1974 1967 2764 1335 1099 1117 740 2531 2499 505 649 2316 2681 2715 1961 772 553 955 2173 2610 2306 1823 2212 1327 2017 2557 1991 1635 1598 1314 120 2789 1278 1994 1135 1917 1274 670 2228 1010 2814 1929 2285 1746 2237 890 858 2352 1302 305 1111 1240 771 1097 1317 847 1216 2365 2725 1873 1822 1998 2693 31 220 1787 2372 1109 2340 33 1021 932 1955 1875 562 999 1756 2168 51 1227 2794 799 68 2100 131 552 356 1273 1156 1409 2822 1332 1011 46 872 2335
1605 2048 1316 1480 518 1041 236 906 1640 784 51 867 971 2688 2431 385 1341 594 584 434 244 1607 1422 2218 2557 183 1096 2608 43 1902 1523 821 2052 1990 909 2389 2270 972 651 231 2700 2210 1757 2348 2464 1146 1532 1672 1848 1506 2702 2307 1851 1084 411 146 2690 1158 140 2794 1889 957 330 2758 486 2695 2513 575 845 441 226 370 2396 1587 2670 604 777 2669 1837 2421 2263 1979 2152 1996 1976 1738 995 445 1998 1091 2466 1477 1754 1914 377 2785 836 2404 1032 1387
806 390 1635 2070 113 534 430 418 1275 1018 2244 471 1438 655 268 2794 2407 2429 295 108 1021 1465 52 1875 786 780 1481 1262 455 2301 999 331 1730 383 2352 1941 305 478 2690 1441 1967 33 2232 1008 619 1761 1274 1994 653 2821 1127 216 1929 643 753 356 668 200 296 2687 1715 2465 2505 464 2467 1780 2654 1303 412 2025 346 467 1317 2611 525 1378 402 1156 782 1831 2311 1011 1692 1568 1039 2486 290 726 2308 192 61 1124 139 456 1598 1330 1022 1506 661 89
2666 650 1851 1916 2313 339 1387 1483 1147 759 1044 859 1996 1224 1382 475 1767 2161 871 6 1331 2239 998 1995 38 420 1487 1199 2346 803 983 1178 2496 2695 2702 2395 2700 373 596 284 276 1171 1244 1749 1990 993 1450 95 2166 1631 1277 603 2684 811 118 830 2752 832 2453 488 1460 2379 2049 372 1859 1620 2547 2275 294 1646 468 2317 1672 393 1732 1773 1016 1795 2555 2216 954 575 845 924 1523 1180 1525 441 1833 2494 522 2080 777 1057 2563 2567 2016 2493 1938 1471
40 57 567 2254 917 1186 2033 902 1340 887 118 2605 2684 2601 688 767 103 684 2447 2058 1583 2496 1769 2778 2630 920 2454 1975 2310 1181 1988 2234 32 2349 187 2841 2532 916 277 250 2383 2733 590 2258 2754 2675 841 2792 2080 808 1525 522 2692 824 2276 2368 309 2388 1028 2159 903 1690 1460 63 1950 457 811 1019 848 382 2019 2525 1323 279 297 778 357 1391 2563 359 211 1410 2233 2550 1507 2239 2752 2106 2701 2489 369 378 1372 2805 596 2804 2347 1259 579 284
125 2766 255 2062 2806 1141 2704 1433 587 447 2051 1118 1647 1143 2402 1134 1297 92 1071 523 2236 2719 1829 1281 2025 12 1831 1299 1168 1706 1655 261 1475 2485 204 444 668 27 295 1972 2811 721 2223 2407 1117 927 452 1472 939 2292 2427 1356 2842 116 1101 1824 1156 968 2061 828 552 1799 1921 647 2813 1376 1924 2059 2255 1252 2814 1463 139 2674 1680 696 2822 692 1505 2438 2799 2248 2825 1606 2717 2598 2119 89 1223 464 2435 1874 418 2499 2057 2273 2319 2283 494 426
2787 1207 2072 1559 1333 1361 1087 853 293 2021 687 2673 29 2533 2409 218 2768 2112 1901 750 581 676 2247 2172 1971 1786 2536 1115 2739 880 1191 706 2381 1257 926 1161 859 614 2579 885 2699 1137 952 1019 2321 617 63 1538 1304 2036 1551 2493 1590 2114 895 1542 1306 14 1996 2281 1818 34 2123 1107 751 104 93 2624 126 2016 548 1138 1760 2066 1693 1712 2176 55 1451 2546 746 1234 564 1043 1970 2829 1354 2149 177 2656 1106 1825 1093 2679 1903 2497 1166 1103 114 485
232 2737 1334 424 1362 743 992 184 662 1269 1944 2423 1212 11 2188 2509 1810 2668 404 340 310 500 2046 520 1897 1004 2558 135 2413 1406 1945 2350 627 67 559 1225 26 1064 247 865 1204 2582 300 925 84 48 2544 1954 2458 949 1722 2471 1486 2121 2135 1346 977 2724 1417 2358 2676 1870 1151 2084 970 480 259 1740 2386 1055 1412 2076 335 1428 2652 260 2148 2649 2503 2120 854 1953 1576 1902 843 1473 1343 1908 689 165 43 2580 1323 1553 1699 219 1236 981 2333 1383
2304 1888 2609 55 2176 1189 1138 1731 1818 2618 2559 2469 2462 2843 926 2073 736 541 1043 2679 1603 1601 1410 956 928 397 1784 1985 1246 1690 1028 1707 590 2159 1950 2667 750 87 14 728 1970 1210 1645 1915 2603 93 1528 1800 1180 2426 1821 1077 1177 218 1354 2258 875 930 1922 1905 564 1720 684 2829 873 2281 177 751 2276 2234 861 1551 187 32 2114 777 2768 1535 1199 1608 920 1451 2235 2016 1304 923 1235 756 812 579 2379 832 1310 1260 2381 1361 1920 379 768 1745
2829 177 2122 1163 401 2679 2478 2077 2346 174 1970 1747 768 2171 399 2123 2768 2313 585 1354 1871 475 1415 2655 1821 595 1920 998 1199 1235 688 1981 1916 1361 1527 1872 72 1720 2469 1846 2613 1171 1784 590 1359 1779 1385 952 1628 1854 1460 1767 1471 2587 208 2225 382 778 1731 2525 736 1510 541 2233 848 1901 359 1007 420 297 687 548 2609 2433 530 1938 1608 2073 1566 2682 767 1830 1535 1499 2824 2425 1139 807 250 2585 2219 694 564 2258 509 702 1645 953 2532 816
494 2470 1282 140 1902 2010 995 2688 329 1223 804 1388 2599 1064 1582 43 2188 2503 1711 2438 647 2683 2057 2813 2424 1464 1777 2569 1185 2657 1563 2248 715 1868 1899 2498 574 2639 860 194 2714 1663 2291 1417 2230 2361 1658 335 1473 1586 1617 502 387 278 2436 247 2035 622 1627 408 225 146 1055 1328 2762 224 482 1596 12 1489 2580 785 686 1422 2333 2421 2286 1949 1041 2130 1754 1045 637 207 2378 735 49 1897 1910 1439 1817 2582 231 971 2509 2076 1148 1123 48 1878
1258 1456 143 2201 2614 2801 2750 448 195 222 1828 1360 1790 717 1634 236 1044 1649 459 1573 1884 2738 1811 1572 1267 1865 2197 122 1284 166 405 1750 718 1052 1294 229 2030 2791 1321 1112 2466 71 2170 1718 897 2268 2554 1098 1352 2246 929 935 1709 1574 1120 1794 2256 94 1407 1285 2749 1642 3 1684 2593 2537 1624 2284 2661 1015 1933 2645 98 776 1550 1679 425 638 2124 2517 269 908 708 1625 2735 991 1049 2487 339 869 827 83 2060 543 630 2662 874 2132 2437 1345
502 2130 338 735 161 437 1233 2769 2309 2353 1663 1658 2826 2714 539 1726 1866 2480 1208 978 2742 415 1172 637 622 201 2606 1953 194 2657 2344 335 1313 1596 2544 489 900 2084 1895 674 1870 1045 2361 2580 2230 662 2121 981 860 2676 1417 2386 2358 178 2626 1151 1422 1307 443 1006 2009 2498 48 2688 303 715 2564 518 480 1328 2724 1253 943 1489 730 1573 409 404 2708 1406 2046 497 977 970 524 559 2241 259 168 26 965 69 231 769 2678 2419 1643 1613 1872 1384
2505 2465 1409 2070 412 295 2338 2486 2407 2100 726 2155 1283 430 1140 2811 1216 1141 2806 113 390 1831 2698 2059 806 471 655 1438 2308 1156 534 1655 389 456 1124 1303 1101 1715 305 1127 2223 391 1635 2244 1275 383 1021 1039 418 268 1505 116 927 2429 331 2061 478 561 661 1921 1994 1037 1780 1465 2765 780 1117 552 216 464 2311 2232 619 1481 1018 108 52 402 1330 1274 2393 786 467 484 1568 1789 1761 1441 2301 2690 1076 2467 782 346 89 2025 1008 2053 356 2261
1199 284 475 420 998 1147 1451 294 859 1525 2239 1057 522 2080 1359 1361 1488 1387 2383 1178 1916 1833 1767 2123 1996 1397 811 1758 1229 1483 871 1171 2684 1077 2150 835 778 2016 843 382 2109 688 1975 2572 1354 1471 564 582 2453 488 276 2073 6 359 2525 2233 1990 2058 779 1450 2788 603 830 2125 1616 477 1851 756 133 2595 1277 2702 373 339 372 1180 952 393 2667 1732 2104 211 919 1244 2620 2524 2395 2699 2672 1538 2496 1531 2752 1551 1235 1950 2275 1620 895 1028
155 1544 1444 298 2836 122 947 511 1782 2389 220 2628 2213 2439 1308 1038 932 1095 414 1167 1238 1640 358 586 2534 1461 51 2193 1332 2096 562 1227 2340 123 2179 396 2366 2681 2372 626 602 1278 81 1202 2750 1090 229 624 1003 2592 2011 350 1217 1249 2614 2030 2791 2584 1411 2362 698 594 1521 1755 922 805 330 839 2212 1327 266 2365 950 2527 2812 2167 986 1974 1694 1708 244 2774 2250 2705 1817 2789 1820 1111 1763 649 476 2348 836 1283 1737 1994 1991 1381 1496 2764
1362 1212 1897 343 739 432 2221 949 907 1204 2120 165 1344 1922 2150 2737 1255 992 310 1901 934 232 1004 843 76 2668 104 1103 614 2506 340 725 404 1130 520 2350 1406 743 2558 184 424 500 2353 215 662 1576 1334 2583 627 909 1952 2841 585 67 862 2509 257 1810 2328 2788 1139 785 1707 114 2021 2364 1908 1075 2673 218 923 1954 1951 2031 789 286 1323 2546 723 1825 1343 1731 1986 1055 300 2533 2046 2579 1288 436 676 2409 2188 475 953 1940 29 2542 1559 1397
433 1710 2289 2287 319 1253 675 2646 1796 221 197 1895 769 2163 823 1599 997 380 1002 2753 109 1934 1313 1788 2074 1081 563 2205 161 463 1407 1029 130 1404 2713 2501 489 2397 453 965 724 2375 2044 1808 2735 2840 201 2826 1904 1933 1658 2094 1172 2507 908 2714 1663 612 164 231 1550 793 2084 422 1054 2009 1190 2411 1870 1624 1201 900 180 2482 1307 984 1644 1790 445 2528 1160 2461 578 1023 1623 1059 2574 2071 2274 2707 2775 472 1600 2650 72 2703 731 470 1688 160
438 1675 884 2187 2461 2833 1724 1930 2356 1292 2039 2139 1947 2820 2092 1193 2797 17 1564 2588 1855 1377 2209 2069 483 656 2269 519 2581 2418 170 1575 2548 2151 299 800 406 2371 1850 2783 421 1580 1516 801 2127 1877 961 1494 1493 879 1735 2206 133 1803 1030 1295 1664 1594 1446 2659 1347 1079 516 242 538 1485 2490 1792 2198 1345 857 263 874 1887 2844 280 591 687 166 1201 2662 1682 1551 403 1765 1649 969 1366 112 1522 756 2290 1550 1511 1903 1005 593 1969 228 673
1016 373 339 276 759 1672 372 2275 2700 1990 2395 441 1147 2161 863 488 871 2453 1836 1732 2437 1620 830 393 603 83 1073 630 2734 2165 1178 1851 2336 1221 2702 6 1128 2518 2136 1387 942 2695 1331 1646 1371 2239 1310 2524 1523 575 1973 1625 1450 1980 2496 845 118 650 2666 825 1133 1077 515 369 1460 2573 2444 277 834 808 1989 811 2530 996 2685 1277 2696 1603 2487 2284 1920 1260 1483 2721 1224 2572 445 2718 2494 2405 2517 1767 1120 652 294 1382 993 492 342 243
2802 2596 1331 2660 1847 1916 1499 2346 1588 1938 2595 2117 2772 1628 2622 775 1805 942 2586 1169 983 453 650 2666 517 376 457 2262 2478 359 601 2525 2077 1483 2233 118 530 2496 596 960 1460 1518 998 2111 1681 2752 1734 2161 2058 493 382 778 2043 2313 2252 993 95 2166 1753 2777 1125 315 759 1165 2532 2547 1443 2643 475 1495 2171 2748 1224 582 2792 954 1277 1773 2757 1959 1471 102 1669 1795 1510 1749 1513 2458 2491 1854 1583 945 2827 191 1290 2357 825 2810 2360 2
33 1875 999 2794 207 2352 1692 1929 525 326 296 290 455 1262 580 2343 1730 1022 1011 799 2654 1873 1008 239 2232 2611 2562 2687 1787 1438 471 655 356 1568 113 331 2693 1274 2429 49 61 668 643 1275 1598 305 402 1021 1317 1612 2199 2690 467 872 1941 1156 1111 1639 1761 2715 200 1967 346 2467 1635 1378 1314 654 2393 138 1048 1127 363 1441 726 2311 2407 806 2017 534 1018 2531 1282 2301 2720 491 2091 1994 2083 1592 619 2164 2821 31 1756 2285 2286 478 1097 2280
1322 2293 42 603 830 1678 381 2027 2718 196 1519 1247 1402 353 1120 2483 355 2425 1498 809 869 2342 2492 1219 233 1659 2405 2680 2318 1636 1170 1491 1200 1450 2275 820 648 2476 1042 2463 2420 844 1068 835 409 1174 1595 1554 2453 445 2147 488 1375 1548 490 1697 613 2391 871 1990 759 1643 666 910 1732 1709 2103 2081 1147 276 393 372 1620 2256 435 745 124 2417 1131 781 2446 1807 1040 518 2443 538 2012 2706 2661 2001 1380 1483 1958 285 1537 1188 1133 827 2101 2524
2176 55 2618 1138 14 2559 1818 1043 926 2667 2609 2281 397 751 1608 832 728 1177 1559 2073 1333 1028 2304 1690 1950 2159 1304 930 1551 1760 1712 93 1451 485 2112 1361 2843 1106 581 2036 2787 2072 2114 1888 1207 617 104 2624 2381 126 1542 1107 2603 1115 2546 2555 1130 1257 2066 87 1731 1971 923 1786 2536 750 1601 1590 1246 564 589 953 1767 364 66 1900 101 145 1077 1103 2409 880 1410 2739 885 706 2016 32 956 907 2234 187 590 1641 756 1137 614 2123 2258 149
2195 781 69 1222 2458 1420 1908 409 2591 560 303 20 64 539 1085 2561 201 144 272 392 2583 1872 1978 2353 1643 301 2315 2331 1508 1772 2476 2471 1036 48 1188 2103 1519 1726 1548 437 2309 300 1233 2394 984 318 2262 518 730 2264 2446 2642 848 702 1922 1495 2452 2067 2664 1830 297 1835 843 760 15 2147 2580 233 2124 2815 2268 2121 404 253 2769 1965 870 662 384 411 435 981 2218 2612 738 2474 585 595 2419 1066 2600 2107 111 769 500 2150 502 559 1412 906
1951 2113 1210 218 2533 304 29 923 1765 812 2673 293 286 2579 2021 2546 2788 257 2364 114 545 589 2542 1149 1542 2843 2172 1551 2609 1306 1900 1728 1175 2768 364 101 1901 2066 658 739 1970 2120 687 126 2624 1731 1280 2640 2679 1903 2331 1361 1107 1451 215 436 1115 2469 240 66 1093 967 1389 727 952 853 1804 1608 1499 1354 2260 2595 2525 1846 2701 1372 378 2347 2804 359 2805 1259 953 1199 2489 2754 2667 1028 1669 2123 750 2233 1690 2159 1950 2073 2224 1821 1707 1734
394 1533 2093 536 1834 2333 1906 951 70 901 1879 607 2638 213 545 1296 2320 2818 1686 80 1648 1390 2090 757 2533 119 2108 176 1383 2257 1554 813 36 24 1492 2510 558 1035 1266 1557 2402 1370 1793 1909 707 761 175 1674 2249 1883 1393 2786 569 121 2143 2217 1418 733 1132 631 2078 979 1265 1478 1448 1431 1093 2384 199 193 464 988 1248 754 681 2065 337 1588 2227 2615 523 1742 802 1231 2408 286 245 2743 1562 293 2413 646 2756 1945 135 2029 2644 2295 2178 1268
2237 430 872 2301 2654 2821 402 1314 758 1873 356 1317 346 2467 1761 1378 305 1022 1823 2429 81 478 1127 1994 1598 467 1692 2687 2690 534 216 1746 805 1635 331 1543 162 2232 963 1875 2693 699 1756 1438 740 471 655 999 643 1568 2352 316 799 1967 1885 1441 296 1275 2610 806 31 2199 847 1011 484 668 1852 2794 455 1262 383 1612 1008 1395 2343 113 1021 1929 1332 290 2765 1111 1037 2681 1274 33 326 525 580 456 2244 2611 200 772 619 1156 561 476 1465 2261
1443 1975 2532 767 2525 2233 359 2058 1833 1460 1459 998 1898 118 1938 1277 778 382 250 2595 2302 811 2792 2349 2605 2684 2080 522 1451 1693 1916 1525 983 920 688 1178 684 2496 917 2547 2254 902 2033 2258 824 2630 2161 1471 1186 517 1583 211 596 95 457 530 1970 2073 2036 2478 2077 379 861 1387 1028 2125 1161 1690 2123 1115 1361 2159 1950 903 2111 369 2388 1785 2234 2190 187 32 1331 2180 2754 2276 1734 1434 1856 2667 2772 475 585 2326 1310 1551 103 1139 2242 1499
2188 232 1839 1362 2046 992 2737 785 2558 2333 1004 1897 1256 1212 2423 135 2413 743 300 1334 1945 340 1064 424 2668 1269 1810 247 2506 2509 404 2350 184 2471 520 2566 225 1876 310 67 1406 627 2775 1867 1722 48 2057 335 1225 1902 1055 2683 1899 2582 2503 2135 1954 865 662 2121 2291 1204 1473 559 84 1944 574 1288 2580 647 925 2230 494 2688 2813 26 105 2361 2438 2076 2358 11 43 1346 1576 977 1486 2544 259 1908 2724 260 2424 1617 1428 2148 1282 2676 860 2652
2809 2799 2728 1829 2435 1725 1484 426 1874 1909 990 1134 1164 2669 1299 1168 1924 452 1571 2024 1162 696 413 2057 1173 703 2402 2220 1056 1297 2825 2526 1647 2741 92 1666 1674 1931 447 89 1680 252 2674 2015 1689 2766 1899 1972 721 1182 2059 1141 444 523 1252 711 1774 2806 1024 1150 245 1831 1547 1655 2143 1701 1721 1729 682 1118 2396 2025 4 27 24 1342 2231 246 1754 146 1876 757 2842 383 1039 2400 1766 131 722 1597 224 2223 204 79 330 574 344 758 1741 108
1927 642 846 600 2412 2255 1279 2273 1824 2305 90 1540 976 317 547 892 1411 957 1071 2427 2710 2481 1618 1622 2635 1 2709 1337 1338 185 1330 1122 974 959 1329 2823 2186 2811 217 1009 1060 2270 1070 891 1365 307 2717 577 1458 264 913 2330 2513 1964 573 2200 1146 1067 481 115 1349 214 1386 2838 2082 2831 609 158 894 1556 570 2003 1983 2374 1589 2455 2740 511 2348 223 1449 147 1074 2839 2221 1376 1661 969 2063 447 299 1615 2162 623 348 2141 2578 2484 1447 912
1647 92 1117 1164 1929 505 1655 1822 1111 173 200 932 2557 452 1972 2352 2764 1274 1680 721 968 1912 1974 2681 740 1156 2794 1302 1143 33 2531 2285 2610 295 2025 553 2193 552 1967 1314 999 670 27 1875 1010 1141 1134 602 2806 2017 2767 2819 1831 2715 771 2407 1598 872 698 1635 2372 772 2698 1099 455 1262 2212 1327 1202 1991 68 1278 1730 1011 1917 2500 1612 1109 877 1568 594 2693 618 1873 847 1852 2499 2181 1021 2822 2144 1961 1240 955 2237 2343 649 2534 1994 2556
1933 2507 997 1277 595 530 1331 1920 1989 2161 1854 2816 2655 221 759 585 1407 2840 2735 778 943 382 463 1977 719 2815 1002 1054 869 1621 118 1355 2392 355 2476 1747 2425 998 1871 825 2426 285 908 1623 1943 1460 2058 1199 6 1981 2600 1066 1705 1796 1550 1290 420 445 1467 808 1077 2752 1638 2405 1797 2532 632 984 1916 1171 401 2073 2346 993 422 2462 2609 2434 517 2587 736 1119 541 768 1970 208 2802 844 1354 2843 2233 2274 1028 2525 1147 1950 1690 793 2239 749
850 64 58 2623 604 973 629 1744 275 1263 2483 1219 1380 2355 2342 946 1661 2118 1432 327 2410 2204 2391 2222 381 1537 1188 827 2706 1345 285 795 100 117 400 1226 869 2815 1285 1570 375 1015 1042 2376 439 1128 425 1864 2336 1490 1423 1184 690 2101 1911 2444 1080 820 2050 1943 370 1203 825 549 1504 1479 2303 283 2474 2426 844 2203 2512 781 2405 1453 1198 2293 2014 632 2245 353 776 2434 1574 910 98 2696 2334 1358 445 2572 2514 5 2749 2631 896 2132 1073 1147
1649 1584 2614 195 1966 2005 1811 459 1052 638 744 2735 1425 1560 2366 586 222 1309 2251 1884 2167 2466 1790 1381 2801 2201 947 2750 1444 1698 1129 180 1623 2065 1250 122 2411 2449 2124 349 1218 454 1630 980 1305 229 2087 1828 1069 2528 1416 2534 2631 1345 8 2697 1891 325 1424 685 2372 635 2812 1624 1261 1316 2770 1679 2836 1826 1436 2367 2006 1360 1295 163 1258 2069 2538 1652 1862 169 2837 236 1591 2767 1573 537 411 2246 1549 405 1738 717 935 2339 2519 670 1820 2774
1120 759 2453 488 1625 276 809 871 1375 603 830 2275 2487 1147 98 1990 776 2696 2593 2395 2165 2734 2517 372 1620 393 1732 2170 2027 813 2721 1016 243 825 83 2405 1794 1718 1352 1512 65 2147 515 318 353 2434 373 2661 339 2474 2189 94 1152 931 6 1219 2524 942 765 2161 1105 2685 1646 1133 929 630 834 166 2284 2647 1178 632 2702 1574 1371 445 863 2718 2658 1762 1267 1920 1331 749 1260 2437 1450 827 2426 1310 392 1836 1483 1989 2018 2239 320 1672 652 9
2608 1570 398 1605 1848 2348 1183 1315 2410 474 1045 2503 1458 550 1504 231 1251 1422 712 2182 1878 2263 1640 1949 1041 270 1074 1602 2270 784 2502 486 183 906 260 1148 1802 2141 1203 439 2007 2048 2606 178 1316 1226 281 850 1569 1817 2520 2355 691 155 1046 2512 2358 1151 1428 1496 2050 283 1993 2376 882 2705 2218 43 2761 1627 971 1490 370 2013 1726 978 2130 1096 2688 100 1866 2052 909 1661 1596 236 2222 594 1480 244 1144 925 64 1654 674 1064 1616 911 1902 1307
601 2622 1759 315 2757 695 2117 2 866 2772 1017 868 1390 1499 2110 1699 775 2586 1805 493 1169 1510 2568 878 2827 548 500 184 952 2613 1645 2711 768 1354 1553 2078 1492 1431 530 812 427 1628 2258 2085 2478 1290 2077 293 1430 2768 1669 555 983 2723 2605 688 1653 2754 540 1846 945 1981 2234 2123 2596 32 1470 187 736 2267 1361 541 2733 142 1210 2064 1890 2667 794 462 1517 429 1235 1165 1611 2441 689 1495 73 1372 2347 2388 1821 920 1901 2804 2805 227 1259 1518
2682 2815 1871 2457 1579 2462 719 1359 1114 509 768 1171 1355 1354 2104 416 2647 632 1778 844 2042 1180 2128 2585 420 2613 2572 2018 1136 869 1846 392 945 1199 1235 1515 763 2379 9 1673 2738 588 54 401 1531 22 2123 1157 2721 873 1479 2405 6 243 2067 2425 5 2097 2310 1574 2685 2487 1963 1105 1063 765 998 688 1066 1920 450 1864 1965 1860 2426 2110 2517 277 1770 736 1989 541 1007 2045 273 744 749 808 1645 99 282 1239 2434 1566 710 825 1604 2609 1351 1367
1844 507 2774 1456 2411 2712 2164 1069 2689 2177 138 1500 1048 2091 2795 1445 1052 363 654 638 2335 241 521 2597 2005 697 449 2570 2632 1662 936 1023 1926 2565 1976 405 565 788 1918 30 670 2137 822 1806 1865 2770 1843 2822 2466 1612 2228 1941 815 205 1008 1286 2837 2617 619 1097 1781 625 506 786 85 1921 2061 1240 1305 2611 2308 2191 2439 1907 1544 2185 1998 2627 2440 2720 2808 1955 1273 1942 1099 508 239 741 1993 1284 2781 1429 2534 698 2557 1789 1319 481 2285 2798
1842 67 2506 2589 36 785 494 1033 482 1954 351 1126 985 1204 199 1012 249 762 627 2639 171 2564 2076 329 2361 1336 1437 1384 2248 2423 2485 179 1123 2148 2652 524 1742 1369 1452 2436 574 1810 168 1473 1486 259 1223 219 1840 2649 735 977 2010 18 2353 1868 981 1256 140 2438 1121 2160 348 2582 489 387 1617 2035 2291 146 2782 322 804 1328 1406 1596 2009 1428 1953 1422 137 686 2294 886 865 480 497 2130 1363 1045 1700 84 2386 1586 1288 1703 2084 2286 1148 2826
999 1875 2199 872 356 1438 471 1692 655 2690 2794 33 1598 2687 1011 2654 1317 643 806 1021 2232 1929 1022 1761 331 305 1274 799 402 1568 200 2467 346 534 1378 2352 455 1262 31 296 2610 1635 525 1441 326 290 467 580 2693 2343 2611 1967 1127 1275 1730 1303 2821 668 726 113 2429 1008 1756 2393 216 316 2531 239 1873 390 1746 476 2017 2244 478 1156 2237 1941 1994 858 1974 1117 1885 484 1395 2407 780 162 963 2194 2306 1314 805 1823 699 1506 1543 2025 1852 383
929 2593 1794 809 1642 3 2734 2165 1152 318 1120 2434 874 2492 2170 1762 1519 1718 256 243 1352 166 2027 2463 2487 2156 2405 1595 2517 1247 2662 2697 632 2661 2721 1625 1574 2147 2299 353 776 2545 98 83 1783 593 673 908 869 2132 320 652 2706 2450 1479 781 1105 1371 488 1550 2446 1322 2453 825 1860 603 830 827 451 1325 2275 94 2256 2426 1301 1673 1512 233 1331 65 2685 1077 2443 871 282 2433 774 2196 1402 2293 2243 2696 2417 381 2002 1310 2658 1131 1147 1061
1718 2170 2755 1604 765 2545 929 2662 1642 2658 3 243 1301 2097 1574 451 708 2246 2018 7 2198 1794 2661 1479 1136 416 392 256 166 2738 2487 852 2069 1352 2793 1454 2045 320 1271 2593 2647 2284 2110 873 403 984 908 773 1105 2426 2042 282 869 1645 530 2517 770 2104 2373 2524 273 488 2392 1579 2682 2685 2551 1239 2453 1120 776 1355 2140 98 827 632 2672 1442 2165 1242 1237 1267 127 2434 1367 254 2734 509 2264 446 1584 1625 1673 2282 874 1133 1783 1546 151 516
2610 1967 1635 1929 872 1314 2352 1974 2199 1756 200 1317 1994 2794 999 1875 2237 1568 455 1021 1262 2693 305 31 33 1278 1598 1873 740 1730 1240 1135 2654 1156 1755 649 806 2681 505 2232 1761 1692 2100 356 2611 1008 534 1227 1111 2687 805 2690 1011 1438 471 1941 1010 1823 2306 2335 655 1274 2340 668 1117 1612 799 643 2789 2212 1327 1022 1746 113 1409 402 2338 2429 552 1050 1216 331 1822 1885 346 2244 2467 2531 326 476 162 1097 1378 525 2173 963 580 2821 46 699
2737 1064 992 1362 1810 2509 310 26 232 404 559 925 247 300 84 1212 1954 865 1204 2582 1346 2188 1225 2544 2084 480 1870 2046 2135 2386 2358 2724 977 970 2676 259 1151 1417 1908 11 48 1486 1269 2076 1428 2668 340 260 2652 2148 1406 2649 2503 1722 2471 941 2558 1004 900 105 1897 67 2350 1740 627 2121 1412 103 662 1576 1334 1343 424 1323 1953 184 743 848 104 297 1288 2419 689 520 1830 111 949 1944 1130 2601 335 907 2423 2130 1845 1654 854 1055 351 322
1620 2518 2136 1178 863 1244 834 811 1387 373 1147 584 1224 1707 2700 1016 276 1646 871 1767 488 2302 2453 2788 372 1758 1833 294 777 2219 339 1732 1221 1483 1091 1672 792 1310 2275 1990 1975 2684 1641 522 1633 1194 393 2249 759 2080 1996 2129 830 603 2239 859 1382 1073 2695 2523 704 1482 2395 44 230 2016 1851 2785 1451 1914 1229 1432 2702 2524 2368 576 1678 2161 749 2125 441 1837 1631 47 1800 1525 445 1128 575 1077 1713 2633 1199 1460 2718 410 641 2409 2530 996
1206 1987 2484 969 1718 708 1447 2755 573 299 38 1995 2138 551 115 815 1539 2455 894 307 1584 2545 203 282 744 1574 1615 2373 2034 2229 2189 3 1642 2170 929 2063 2003 1295 1479 416 2246 2045 1632 570 2104 2198 1454 273 616 2662 2002 1645 463 984 1301 2069 1904 451 2731 1794 2844 837 1349 2097 1604 17 2613 127 403 577 869 1120 1982 1242 1783 874 2110 530 1401 1621 774 256 1133 446 908 852 770 157 222 1345 991 2196 2619 1352 2109 1355 1247 1556 1550 2243
591 133 242 2490 1133 1758 2524 2588 1421 2127 1079 1735 648 667 1863 2418 1947 1147 1178 2371 603 2684 516 1564 1483 830 1792 17 2538 2844 1682 2092 410 406 320 166 2672 2139 1982 2275 871 2004 704 276 1491 294 2239 1387 376 2680 857 2516 1887 1525 1450 811 1120 1990 1580 256 1767 1511 2125 1969 2395 759 2356 1620 2138 2662 1401 488 756 2718 2453 1833 1594 1526 1646 372 2383 393 522 1925 284 2659 1550 1732 641 2530 996 2161 1005 874 2080 2460 673 798 1451 593
2454 2496 2263 1525 833 2383 276 2395 1178 2684 1768 522 811 2080 211 1488 2702 1587 1975 284 2131 1491 2530 1450 996 2239 1980 1387 1833 294 1837 1990 1147 918 1229 1767 372 664 1483 667 2307 2453 488 1451 871 118 1181 1988 1158 1646 1552 2732 1057 1851 1382 393 906 2275 603 2792 1620 2538 1732 1487 415 1672 830 2761 2524 1583 1626 1016 1758 2249 998 2058 814 1447 1979 1133 651 441 2675 2718 2386 591 480 2447 2695 57 226 203 2841 2482 826 808 2048 559 1523 845
7 2793 1271 1442 1567 2264 151 1325 288 1526 2156 2658 2516 632 1239 773 35 781 2145 1719 1604 1642 301 1351 3 1546 243 2661 1367 2170 1352 2416 2755 1534 1058 1595 544 256 450 303 873 765 2463 881 516 929 2394 914 2085 233 320 190 2517 1762 2018 2662 1355 2593 1368 2246 1154 2097 1783 318 2140 1237 2151 779 566 2042 2296 908 1152 673 1479 593 212 2545 1426 1136 1068 2026 1063 1455 1794 242 1637 2293 1133 1105 9 513 2734 896 1209 2453 2165 1860 2685 2434
2129 1194 1482 2368 777 2695 93 2523 895 1914 2785 1561 1996 230 522 1091 2080 2447 1382 2607 226 1590 1626 824 1713 575 845 1749 1838 429 683 47 2729 1785 1387 1693 859 2190 2684 2383 1856 2431 63 374 1851 2493 1019 1161 95 2180 2242 1229 811 1975 2125 2381 1631 1451 930 1523 1525 2780 2202 309 1672 814 2702 2111 1178 1528 2633 2020 2550 441 1507 2106 1257 2239 379 357 2699 279 1538 982 2605 2422 1176 940 1179 2630 1186 1130 2254 2114 2019 2380 1457 1587 1323 920
898 2054 646 2178 1149 1728 658 1798 1175 1801 572 2504 215 2644 2542 436 1951 589 714 789 2320 1900 364 101 754 727 1841 240 2323 967 1230 1804 1928 2277 2113 962 1533 2089 529 286 737 1952 739 2040 328 2172 2183 545 2238 395 29 842 2759 2808 531 2533 1427 1886 2041 2673 2000 2640 2541 2021 964 2031 923 1137 598 293 2579 1542 1677 1433 1070 2120 1389 2546 766 2066 24 218 723 2756 1478 1093 2472 1265 1266 853 2224 2354 2408 362 2615 1298 2430 1448 80 634
1872 2561 2458 1346 941 2309 1953 585 1384 1225 760 1420 1835 2195 1288 2782 992 1415 2121 2471 2476 335 72 595 15 111 1001 2815 1004 2555 1772 1203 1703 559 738 384 1879 2582 1740 1412 1908 2107 272 437 1233 480 2425 1204 1139 468 2386 1742 662 2313 43 985 2307 351 300 2544 2676 360 105 1495 2419 1654 322 2769 2666 650 48 2084 308 1362 2350 1870 2410 2150 1151 2358 340 26 2668 1726 2580 977 1954 1901 539 2737 970 1417 259 2506 2046 2724 2130 1212 2353 1406
1697 233 2318 381 2027 355 2391 666 124 700 435 1247 2293 2103 1322 708 2001 2463 1042 2147 1807 809 386 2081 1040 69 2256 196 1643 2492 1519 1537 870 1200 1440 285 2537 745 2529 1174 796 353 2420 2483 781 1709 318 910 1380 1419 1402 1396 869 2405 1119 1595 1958 2425 1131 2691 490 603 1188 830 365 2417 144 1554 1170 2262 2012 1911 2706 2394 2446 2642 1684 1152 1762 1678 20 1325 2101 755 774 2718 929 1581 1375 1036 2243 2208 2196 747 593 1637 42 538 673 1120
737 1683 680 2656 1137 2546 1900 364 101 589 727 1298 2040 1928 2422 2211 47 2523 2180 465 107 940 1773 683 1838 1795 1785 2190 1398 1685 832 1856 2414 1713 2247 954 2604 1304 1389 2745 1228 182 149 104 1714 379 1116 2036 1343 617 230 1093 341 1230 66 265 2668 2106 2066 39 930 1176 1104 2381 2112 2733 485 926 2019 95 1257 581 2542 1434 2288 2114 2579 2536 2550 2360 1507 1177 2192 1825 34 279 751 2020 878 1517 462 1213 885 1103 2281 1593 1087 2368 87 145
2495 1542 2040 2072 1207 66 2112 581 737 589 1166 1900 614 101 1137 364 341 499 880 2739 1087 706 1298 1786 1257 1971 1653 240 1434 1213 1086 1928 727 1727 2787 407 1210 218 2247 2542 2409 2172 853 2536 29 2066 465 1559 2673 2036 2021 1230 1951 2113 2533 2022 293 792 812 1743 14 1191 2211 617 2579 1161 2381 2656 2546 1333 859 1361 1093 2493 2321 1765 215 989 967 104 1714 2414 2016 2123 286 1116 1838 907 683 1343 1138 374 926 34 55 658 2176 1175 2120 564
2096 1305 638 2028 537 2298 1993 281 30 1424 1319 2627 1694 2758 1153 85 2185 354 1591 1936 605 1069 2553 1581 1630 935 1311 1129 1309 2835 2191 2005 610 2560 1843 2822 670 2597 507 2774 1544 350 1316 752 1099 2439 1844 2520 1806 2770 1250 37 2837 635 1249 1636 1238 912 1891 1038 717 1286 938 2697 1862 1291 611 1445 2801 1272 1416 594 2534 414 1444 2339 972 1456 771 2179 1865 180 1738 1021 669 1040 1095 1215 2372 2367 269 1961 100 971 1096 697 1052 893 2689 987
69 2492 1174 435 2081 1040 1142 1913 2243 774 2196 1546 2103 1498 1643 745 1968 233 678 1474 2102 2730 560 2746 539 2446 809 2463 1066 8 1595 1322 2450 365 1247 870 2448 730 2293 196 2156 781 2697 869 201 2394 112 1020 2425 490 2545 437 1085 325 1233 1936 355 2474 1581 2262 2086 2476 353 336 2815 1380 303 2678 1061 318 2034 2027 612 1736 1519 2087 1325 2290 800 2405 2483 1678 1379 2840 2417 2147 1845 1860 1402 381 1170 1466 1637 2101 1726 603 167 830 1347 2012
67 1954 2076 2386 84 1428 480 2544 1346 2084 2724 1064 977 2676 1870 1151 1417 26 2652 2358 11 2148 559 970 1486 2503 925 259 2737 1204 2649 247 260 2582 865 2135 1225 1953 992 351 2130 2188 232 1422 1596 1810 2509 1842 179 1362 1212 1045 48 1406 335 322 1740 43 662 1412 2046 1654 2230 415 2344 627 900 219 981 524 168 1288 105 2714 854 2121 194 518 1902 2626 1895 74 622 489 2009 1944 1663 860 2361 1489 1307 2580 1172 161 2826 1328 2307 178 2657 674
2425 759 2161 942 2453 488 2572 844 2392 2434 1860 6 243 1794 1871 1963 2815 282 1114 276 871 355 2682 1718 2476 2170 1574 1989 2487 2661 401 530 273 2426 1147 632 1331 834 2721 749 603 2734 2165 1077 339 2662 2600 830 1920 2433 1310 998 2517 1990 1171 2405 420 2104 285 1620 1625 825 1479 1371 2262 1778 2275 127 318 929 372 393 2685 2696 1732 1199 809 65 2593 1271 1512 509 1120 2457 20 1916 1359 1705 3 1642 2018 2474 1646 1119 1858 827 1645 1595 1152 83
2681 594 1961 602 2193 1332 1111 2534 1129 148 1238 414 2185 1974 740 131 396 2834 267 2179 1095 670 2764 2556 220 505 2389 2231 1967 122 1704 1240 330 1278 1302 2250 306 1461 1635 1822 298 1314 1099 955 2557 1956 1050 1444 1414 46 2597 2822 2610 2366 772 51 2770 2789 1273 665 932 1202 1010 1549 847 31 771 2592 1640 2322 2616 1135 33 2340 405 2168 922 1 2285 1755 152 562 839 2028 1227 68 295 1820 2481 649 1994 2237 349 836 2228 1097 1610 947 1823 155
2485 2582 2458 1872 482 2561 1288 1225 1336 992 335 111 1420 1384 2782 1835 384 1203 1703 15 272 2195 2107 308 1412 985 351 278 738 2410 2141 322 595 1654 43 2476 1740 585 2471 171 1004 2182 559 941 1908 1346 1772 343 1953 340 760 2358 2668 2386 2307 480 1151 1204 247 437 1576 2084 1233 2309 1954 300 1726 2580 977 2737 2544 1870 2076 2419 970 865 2724 2350 48 2676 1417 1848 259 260 26 2130 1428 662 360 1406 84 2046 925 1064 1001 11 2121 1486 862 74
2495 341 93 2381 2125 2493 683 1194 1838 1590 2699 895 1561 2129 1538 1914 1091 1161 2785 1749 777 1996 2368 374 310 919 2729 1693 2202 522 379 930 230 2523 824 1727 1257 1434 1298 2080 859 1176 2190 63 1785 2180 279 1019 1043 1482 2106 1130 357 1542 1398 251 1665 2422 2555 95 1786 1856 2550 2036 1971 2656 1507 1631 2737 2605 2380 47 1323 1179 397 704 1086 321 457 2447 1451 2641 1713 2651 1528 1410 2020 1177 1186 1228 1343 2033 404 2441 902 2254 1103 1773 2399 917
1361 1397 1171 420 475 998 1077 1359 2768 2123 2109 1551 1451 126 2624 1107 1115 953 1901 687 2595 2546 477 2346 1354 1559 2787 1898 1525 1400 2016 1970 2072 1333 1207 2000 2073 1731 1199 688 2536 2609 2613 756 2171 1916 2667 564 1846 1235 859 2843 1950 952 1028 778 1690 2258 2159 920 382 187 32 2234 1389 2525 359 1372 2347 2804 2150 2805 2567 2233 2679 1259 2701 378 2489 1922 1531 2754 1138 2824 2605 133 2672 2326 590 1687 1471 2752 1306 2585 1734 2841 917 2033 902 1186
1188 2420 1709 2432 1419 253 1636 1119 1697 1807 991 2268 2446 2189 1040 2318 20 1200 1548 285 666 355 2391 1321 144 2642 1375 386 2001 381 196 2537 435 233 2529 2645 984 2262 425 2027 2204 1978 980 1222 1684 2816 2452 269 1625 755 1537 888 1858 2417 2201 2425 747 1638 2256 2095 2147 1380 336 2482 124 2619 2124 1958 648 708 222 2722 1440 759 2104 1054 392 889 535 445 2483 870 2476 1860 2118 613 1969 773 1002 781 2145 1511 796 700 2102 301 318 2840 2763 809
1471 585 1232 2810 582 871 1797 2171 2043 475 759 1629 127 1083 2161 826 118 1331 420 530 1702 2346 1970 1277 1077 2150 1139 724 2425 1524 2595 816 1767 1510 1920 1171 2643 1163 2609 1977 1221 355 975 2679 2655 2060 382 2476 778 1621 1625 517 1989 998 2645 6 595 1147 1864 1854 276 2392 285 1290 1460 2239 2462 1960 2843 1057 2262 2395 923 1450 2334 2496 1525 1184 1933 153 2600 2453 603 835 2532 2573 1916 1199 359 2233 942 488 2525 830 2058 666 2524 2535 808 1387
2339 912 1652 1270 1649 1966 616 2627 1006 527 1738 537 1082 2251 744 624 214 1416 237 1096 2801 2631 638 2844 195 635 1698 1573 2366 1811 1250 586 1049 1694 957 1129 2481 651 188 1812 181 2528 1167 1308 717 1386 2584 2521 1309 1880 573 85 1630 1581 2005 1444 2709 222 947 414 1411 2087 2519 2006 678 969 2735 1564 30 2185 905 299 511 17 2269 2731 203 1355 2484 551 2138 1069 37 443 1122 2614 837 41 2832 1623 577 1405 2167 1305 1381 1850 1424 1891 2758 815
2622 1628 1430 1499 2267 142 783 315 2117 952 868 2441 2 775 695 1805 2586 1169 2768 1901 1765 1235 493 2123 743 1361 1236 2757 2478 2077 1846 500 1354 1199 687 424 1478 1334 1017 1553 2078 1390 2433 2613 555 1759 601 688 293 812 2469 983 475 998 1210 1890 218 2258 2772 554 2536 859 1970 1470 2016 768 1359 1306 2596 1518 2679 866 2525 2827 564 2233 681 429 32 2234 359 2673 2346 427 187 1731 2021 1323 920 843 2111 949 1720 2326 736 1951 2171 1163 2260 689
2424 2683 647 1902 995 140 1282 1464 1185 2470 715 2498 1777 1899 574 2569 2057 2438 2361 2230 2010 335 2714 1617 1663 502 1388 860 2688 1582 2599 1944 2639 387 1586 1563 43 2188 329 804 1711 1064 1477 2503 1754 207 494 49 1041 2657 1223 2291 637 408 247 2421 146 194 2286 622 1417 1627 1658 2035 491 225 2038 1868 948 1076 2813 2333 1596 1910 1489 1328 2762 278 2708 1700 1422 2130 497 249 1012 627 1045 2382 735 67 2436 2160 1439 1399 1056 137 785 2248 171 981
602 298 306 2681 2834 1332 1238 1545 2193 932 1822 2231 1111 1961 1095 505 2030 267 594 396 2791 148 2013 1610 2534 1217 740 2389 414 922 152 122 1704 2366 155 46 1050 955 2764 2556 1278 2508 1967 2185 131 2750 2705 1974 645 2253 220 2584 772 2179 1015 1240 657 1 31 1820 1314 1635 980 2237 2124 1090 1273 349 2270 1956 51 1994 947 1291 1202 2499 847 665 2168 2608 1227 1640 81 973 586 670 2592 405 1755 2677 1756 2100 281 2340 1010 1823 1461 1912 2610 1549
2561 2471 2458 1872 1908 2587 208 2601 559 595 2419 1384 48 335 2782 103 2544 585 2510 431 26 2307 1004 404 843 360 437 1830 1233 778 382 2386 1772 2841 1676 1139 1277 702 2058 941 480 2121 2195 1420 1726 1854 2084 1953 300 848 1406 2309 662 340 297 1870 977 2525 760 2233 2358 1460 1323 2724 2668 259 1151 970 2676 1916 359 2046 2506 1417 517 689 1488 74 1499 2346 2043 530 2476 2056 660 72 1938 2353 1064 2478 1986 2737 2077 981 1901 539 1810 2532 2509 1225
1204 500 1952 1945 343 1722 2566 662 1867 2353 1055 739 1944 1362 1212 36 2506 1126 862 2038 1897 2354 1954 949 432 2221 2736 232 340 785 105 2458 977 2294 907 1288 1406 2652 992 494 2737 2120 520 2076 725 2148 184 981 259 424 559 677 1384 310 1225 2649 2046 2423 1486 524 26 135 67 2615 19 743 2413 854 11 1703 909 1473 1872 865 351 165 2558 2544 1334 1953 1810 2188 1870 1383 1256 2668 1417 2724 2580 2582 480 2084 2676 2386 489 168 1363 1448 843 1740
2450 2098 1637 612 1790 2128 1094 1889 99 945 454 2163 1405 942 2507 2501 1688 2757 1546 8 2102 2545 167 1061 2746 466 325 2081 163 2262 1565 2697 22 2543 1145 2055 1397 1613 2124 141 2110 1020 2290 966 1913 1005 191 1621 2394 2492 1165 997 774 2243 2085 2095 1628 1218 2196 1518 1047 2591 1936 2 601 678 73 1499 2034 745 2767 2446 1671 2660 2448 2763 2772 1736 855 2535 1404 717 1232 2156 2642 2274 453 1326 2519 1904 1261 2417 2087 2622 1316 775 769 1805 194 1968
1216 2212 1327 1823 1994 1109 2340 2237 1755 389 1050 305 2100 2168 2279 1278 162 963 1409 699 1543 2253 847 1967 1991 1852 2338 1227 46 1917 1885 2764 505 805 31 2693 220 1873 758 2789 1314 1317 1635 402 649 1240 1332 2372 772 2352 1612 1598 740 661 1011 2393 1568 484 2765 356 1283 562 2610 799 1429 2335 1780 2311 2681 1761 2011 2306 1756 1273 1274 2654 316 1435 655 1124 999 1127 1875 476 471 1438 771 331 2531 2261 1039 81 131 1022 1021 478 412 51 1303 534
232 2423 1473 662 11 1944 2188 2737 1362 2558 135 992 424 2046 1334 2413 184 743 2438 1269 494 2248 1945 2813 2057 1212 247 1064 1204 2509 1810 2135 559 1225 1406 1954 2544 26 865 2582 1055 1486 627 67 335 2458 48 84 925 977 2503 1902 1617 2652 2121 2333 2580 2148 1417 2724 1870 2676 2084 2358 1151 224 970 2076 1256 2649 1346 259 480 2386 1428 1711 43 260 329 785 1899 2657 860 1897 2361 1953 2230 140 1740 854 574 219 1412 1868 1328 2688 804 2291 300 1613
2171 1920 1290 1977 1510 759 595 2810 2043 2655 2161 1163 530 1989 1797 2392 2532 1854 517 1651 1331 2600 401 382 778 277 1629 1136 2310 1705 2643 1676 118 1277 873 1171 2042 585 1460 2682 816 684 127 2346 208 2587 808 1524 2573 1604 1916 2647 945 174 2426 2666 916 650 2395 2507 1566 1471 2561 993 2491 2752 541 2314 736 1673 943 54 2313 468 1690 1028 1368 1367 2159 221 509 1310 2459 2457 1950 6 1371 2525 2274 2233 359 2018 1702 1767 2110 2425 1621 2478 2239 1058
1051 610 354 1936 2560 605 2830 1961 537 1094 1966 1424 2339 2366 1489 1862 2005 1054 2697 1820 1956 586 2179 685 947 744 41 180 1305 1444 1425 1250 2251 1738 2735 1560 2631 1082 1649 1891 181 1416 1309 1096 1974 2449 454 2099 635 1896 562 330 1381 2208 912 2767 214 2006 1623 2175 1218 1652 37 1006 1532 2028 2627 2185 1581 734 1311 1129 325 2362 2065 2801 624 1215 618 1698 169 443 459 1286 2816 1167 1020 2650 1880 1261 1302 2087 1775 2553 922 2432 532 411 2268 678
2622 2757 315 2117 2458 1495 1759 662 1628 743 500 1390 1017 2315 2660 424 1334 2423 1518 2 135 1383 1613 2413 1448 2230 2134 415 906 11 2295 843 2419 945 105 949 2307 1430 555 2267 868 142 2110 2309 2544 2827 427 437 601 1233 518 2328 942 2561 2441 1553 1676 2769 1908 480 1772 1499 2454 184 1872 775 1085 1805 783 191 2586 559 1778 2262 2386 900 2471 2596 784 26 2772 1953 1487 1471 554 2761 1169 1478 1944 2583 303 1269 2601 2415 1057 493 1842 1681 2075 2150
1194 2129 1482 2368 777 2695 230 2523 1996 93 895 1914 2785 522 1561 2080 1091 2447 1382 226 2607 1626 575 845 1590 824 1713 2383 1749 1387 2729 47 2684 1838 429 683 859 2493 2431 1785 1693 2190 1856 1851 374 811 1019 63 1975 95 1523 1229 2242 1525 2125 930 2180 2381 309 1161 441 2550 1507 2780 1528 2699 1451 379 2239 1538 2633 814 2020 2702 1631 2106 357 2605 279 1257 1178 1186 2111 2114 1130 2630 2202 2422 1672 2254 982 1179 920 1323 917 902 940 2019 2033 1457
845 575 309 528 1919 982 2695 851 2431 1523 1660 1528 1181 1988 1672 1561 441 1197 2702 1851 2154 352 2447 2563 1194 875 2620 1980 2129 841 2729 2437 374 93 342 2444 1016 226 895 814 1482 2700 2368 2239 2633 1960 2488 1837 1973 1590 579 1691 2216 2530 996 83 25 2607 276 1387 928 1657 2454 2618 2395 1583 40 584 930 2573 667 2559 1990 2399 492 867 57 1667 1587 1768 2131 824 2310 63 277 777 1450 1019 833 1178 372 684 1539 118 861 373 117 1975 369 1985
1335 2814 120 618 1650 2316 2499 533 633 968 200 503 1117 587 671 552 2479 2017 705 1746 2265 1099 1955 2370 890 2552 2306 858 1655 1961 2365 2773 1156 2173 734 2144 1302 1010 2715 1472 1339 1164 1135 1929 2610 649 68 1598 1143 452 1721 2181 2819 1555 2407 1026 1974 1680 1964 553 2822 877 2531 1921 2061 1274 1896 771 1706 1831 2592 169 449 2770 2698 2764 872 367 1741 2534 173 849 2059 2500 2199 772 2212 2594 1327 1917 1967 670 92 2837 2099 295 1435 245 305 33
1944 2333 11 2423 2291 1617 18 2683 662 1473 860 627 2057 335 232 574 2230 1899 1012 219 2688 2580 249 497 2544 1586 2361 647 1486 2657 67 2424 2438 2569 1902 1700 329 1282 494 1711 995 1563 804 715 140 502 2470 2130 622 2035 2010 2503 2498 2813 1422 735 1204 1388 2188 1045 1064 247 2582 1663 1627 1596 1464 225 2714 977 743 1582 1223 43 2599 135 2413 1417 2295 1185 2639 480 686 2076 84 1658 424 2676 2724 194 1777 2248 1428 1328 2358 26 2386 1151 1056 1870
2404 1934 472 2753 2205 1407 463 1889 2714 1663 1029 2707 2287 312 2650 2501 2574 2044 769 433 231 1253 1190 997 319 2507 400 1803 2735 1826 1796 163 2528 473 2411 180 2464 181 965 675 621 1904 2289 1658 160 1613 1078 1201 2646 1208 2071 161 1059 1600 732 2816 1497 922 422 1933 221 1172 620 197 1963 1624 1623 2703 1081 1790 2626 2761 2344 2692 1550 2461 345 470 2482 563 1862 1401 2834 984 201 1002 1530 908 2116 2094 459 1895 2732 1644 1083 1313 2713 637 2048 2840
1341 1691 1607 506 2149 2447 575 845 226 1449 2368 2431 441 814 1980 2454 1626 429 1523 2695 1525 1630 230 2607 2523 1583 1194 2792 2395 1482 1016 664 2383 2129 2056 2702 2239 2684 1672 2633 1382 2522 565 1851 405 2131 1975 522 211 2055 2675 2080 1578 833 841 1488 2496 867 639 2758 284 1587 1286 1487 1272 811 2530 996 1450 276 1768 1605 1178 1052 309 2835 2795 640 2263 1316 2761 1667 982 236 1591 2700 1491 1837 777 40 477 1340 141 837 57 1083 2778 528 1865 373
277 2310 916 2573 2395 1791 2315 2018 57 808 684 1367 311 2685 1585 1450 2416 2239 2097 1673 2131 203 2702 592 2042 945 2647 2488 276 118 2721 2682 1778 1371 2459 2551 993 1566 211 1136 174 2575 2388 517 1401 903 2284 1301 451 1171 2419 1063 719 1977 9 2452 2161 2349 2532 811 1920 1426 920 2073 2524 1646 1579 2453 492 488 1016 2462 1973 765 2684 1277 2734 2146 7 1980 1359 2672 875 1289 1531 2457 1340 2258 83 2165 928 688 1028 40 294 1690 873 2752 2159 441
869 2405 2027 196 353 809 2189 632 1042 1595 1958 1351 2685 2425 355 233 825 2293 381 603 830 2492 2170 1114 1131 749 1402 2147 1625 1554 991 2483 2721 2426 1247 1322 243 2463 2104 2696 1347 318 1170 2434 1152 1068 1574 2718 1636 1762 1718 2474 2487 2815 2734 2165 1352 2299 1989 1791 2081 776 98 490 1512 2593 1036 1219 65 1709 1678 1375 1943 1479 2746 931 2661 320 1174 1638 1747 844 835 1687 942 1454 1450 1807 1371 256 2600 2517 2264 781 759 2161 2103 1309 1637 1491
1359 1171 1531 688 1687 1791 450 1916 133 2310 953 2123 2685 2624 126 1107 1778 778 382 509 2682 401 1470 2585 768 998 1450 32 1235 916 2018 187 2234 1595 35 2425 2258 2532 1007 2457 1361 284 477 1845 2161 2346 684 2672 1400 2551 1460 2042 2416 1454 2684 590 2276 903 2824 1846 2388 1310 1397 1491 277 1186 2109 2478 2077 1515 103 420 2768 2004 1028 2254 1871 2666 902 650 1950 1690 2159 2033 1114 917 2110 844 517 1068 1747 993 2171 1371 2572 808 1608 40 1063 2073
1190 1023 2627 1319 2747 1544 2005 30 85 1305 1993 1694 2185 1069 1843 2774 2822 507 670 2597 2837 2411 180 521 2617 2177 1976 1029 1844 2439 1047 2404 141 2055 2770 241 1907 611 2689 1099 2164 2335 1500 138 449 2228 654 1048 363 2632 1806 2565 987 1013 936 2091 1662 1102 625 1097 565 481 2308 2781 1941 508 1918 788 741 2061 1921 1240 2083 2137 1220 619 822 1781 317 1273 950 1764 1789 2440 1998 2712 786 2191 1942 1215 2367 274 2096 1408 1129 344 697 1218 324 1052
1672 2695 441 276 1016 845 2395 1851 1523 575 2702 1450 2249 2239 2700 1387 373 1178 664 1980 811 1382 2447 211 309 1990 1147 1626 226 2530 996 339 2494 1525 1767 2684 372 2263 118 863 488 2453 1975 871 1194 833 522 2633 2383 1646 1768 2496 1528 2431 814 867 2216 2129 2080 1587 851 311 2131 1488 1973 1491 1244 584 2444 2454 2524 284 1482 294 2573 277 2523 2607 2368 393 333 2275 808 1620 603 1341 2538 1732 830 2563 684 2310 1487 924 1833 875 25 230 777 2518
2043 2346 2802 1916 2595 1669 1938 1734 2748 1959 102 2525 359 2233 2810 1970 1499 2171 2252 2752 517 2679 816 2313 960 382 778 596 1460 1331 1854 457 1903 1290 585 475 2596 2360 1608 2754 1510 2768 1372 1471 1723 2701 2347 650 2804 2489 1259 378 2805 2621 1869 2666 1748 2077 2478 2058 2843 1104 95 2772 1139 1186 87 993 1277 917 2192 2033 2106 791 902 2329 1588 1306 1773 954 2254 794 590 2276 1611 1795 530 2234 126 2532 1028 187 2161 32 1629 1451 1690 2624 1760 2777
1890 576 878 792 2733 2219 2409 302 1940 1443 983 2111 866 926 1641 462 1517 2064 493 775 2211 2586 907 1805 1019 1169 63 777 2568 1007 2202 2787 1825 2441 590 1928 1165 1628 315 555 709 1410 87 142 429 1236 2267 676 2788 1535 1707 132 1769 1847 66 928 2207 1657 564 1138 149 2302 1176 257 1776 802 1833 1244 1499 1513 191 921 1434 614 250 230 2536 767 2247 14 1086 2233 1103 2547 1298 1542 333 1743 1693 2525 227 1714 1116 292 2258 2000 1460 73 824 359
2171 1676 1163 1510 1977 1651 1290 1524 2810 401 2043 517 2478 2077 2346 1085 2491 1916 174 1518 1629 998 2643 475 2140 1860 1058 1854 1778 943 2122 6 221 816 1989 2600 2587 530 208 2425 1531 688 2682 1920 2392 382 778 1235 1600 1797 1963 2532 595 2772 1114 1460 1499 2507 759 2561 57 1171 490 1747 1705 2777 2161 1753 2655 1702 768 1125 1359 2457 1628 2469 2274 2768 2233 2525 826 2328 1981 1872 1938 650 1331 359 1846 2666 72 1970 509 710 556 133 1471 2252 284 844
2709 2481 892 264 1060 349 1330 957 46 185 912 1618 1764 223 1622 1122 2635 1 741 2616 1270 665 217 573 955 1540 1338 2155 600 577 1411 317 2570 1652 147 1009 2226 1129 267 2255 2427 1070 1273 2486 974 1049 1240 2100 131 1329 1907 1698 1337 1964 2455 2811 31 1822 511 2200 1050 1967 1635 740 481 307 2681 1278 2338 1258 2063 2229 505 2844 2484 299 969 1409 1216 2253 220 350 1097 1755 642 508 2173 2186 1756 1317 1549 2440 1067 1974 1332 391 2335 1994 2764 51
1149 658 1728 1175 898 1798 572 2054 2277 2320 754 2323 529 2504 962 739 286 215 727 2172 436 29 2542 589 1951 1900 364 789 2644 101 2756 1952 1928 1230 2354 2615 2089 2472 1478 646 1801 737 2178 1448 2040 1265 328 2759 2238 2183 80 1886 1984 1312 1427 842 1296 531 2041 2000 2673 714 2021 2541 964 1137 2808 2031 2566 293 2533 2224 2579 395 598 1542 2546 766 1733 1433 1389 2120 1070 2292 923 2640 1677 218 1597 723 1055 1093 634 2430 853 1945 1463 707 1298 1383
166 320 2206 2356 2738 874 2490 112 2662 1347 551 2290 673 593 1550 516 1863 2516 1682 1925 242 519 1526 1621 2139 1511 6 1969 2517 1670 2170 406 591 1267 730 133 2069 1794 2127 2151 1005 942 1421 2588 2284 2209 1762 1120 1352 2075 929 2730 2661 99 1379 1574 1887 1718 857 2763 2462 538 1947 1579 2004 2672 2299 1989 2600 490 1454 869 2581 2487 667 2198 908 2593 392 1079 3 1625 2371 1642 1516 2187 17 2092 256 801 1958 1243 809 1247 243 1920 776 2647 1564 816
2458 662 2471 743 500 2423 232 2506 2046 73 2612 1613 1908 518 2561 1406 2121 1269 48 300 1872 2544 559 1334 424 26 135 2413 404 11 1420 2195 2419 184 2350 1151 2358 360 2309 663 2724 2476 1944 2307 2676 977 2218 1495 1870 2084 1417 2668 259 970 1726 1772 340 2386 1945 480 2353 74 1320 992 2056 1953 760 1233 689 437 843 297 1830 848 43 335 2580 2782 1384 2622 1362 1676 1901 2737 702 2401 103 1280 585 2769 399 601 660 775 2230 1139 1169 1323 1805 1383
1353 683 1838 1590 1593 1561 2180 265 1482 2381 2368 2523 567 940 309 93 63 1019 1194 230 2733 379 47 1785 2129 2190 1856 824 341 895 465 982 1176 2422 2036 1713 2729 1749 374 528 576 1161 1685 1773 954 1795 2447 2414 2211 107 1683 1087 2247 1228 2493 149 2114 1693 2780 617 2495 2547 575 1382 1304 919 930 777 1398 845 1996 832 1197 182 2550 1714 95 1507 2604 1116 2106 2242 357 2019 279 75 2281 751 2202 596 1091 2288 2605 2125 2630 2699 1743 1985 1538 522
2705 1315 2608 1640 1364 882 122 2348 2750 236 2791 2030 1504 1866 965 298 2502 2466 1284 1251 229 448 2831 1226 2201 1790 1422 850 472 2197 1183 459 2614 1661 2612 51 405 2222 1148 1884 1456 2401 2141 836 2203 2410 1258 1570 155 2167 978 1363 691 2606 2013 712 550 1046 1045 1238 2735 1308 1949 2355 1878 935 897 308 1848 586 1634 1285 1654 195 1425 1610 638 1490 1560 1049 971 2107 2124 1910 231 2268 1203 2094 1095 2442 1627 1444 973 947 2571 214 1255 178 1679 260
447 2766 2669 2220 2526 2725 116 4 1182 368 444 1829 2396 2741 1725 89 452 1924 252 1532 1754 2223 1889 383 1766 1571 139 1831 1874 1741 2435 1024 146 2051 1173 1477 2799 1655 1931 2674 59 1506 2099 1774 2557 939 2683 2231 1339 1356 758 330 1899 204 2690 609 1701 367 125 2794 2828 1056 957 2025 1039 2210 2825 972 782 2421 255 2806 2740 2407 295 41 2301 377 192 2704 995 1824 418 1964 108 2389 1757 2062 1976 1018 2236 2142 430 52 2464 1202 1902 1101 1041 1998
2092 801 2127 17 1947 2833 2371 1564 2187 2588 438 2139 2356 2461 2151 1724 1930 2820 1792 2206 2209 519 879 1580 800 2269 1863 2490 1925 1735 2771 242 591 1675 1850 1292 1982 1877 2418 2069 2844 299 1575 133 656 1664 170 228 667 2581 884 1494 2797 1855 1594 1377 1493 2039 1803 1516 1079 2659 538 1294 1446 320 112 421 516 673 1526 593 2783 2516 730 1670 2290 406 166 1347 874 1682 1969 1511 256 1005 969 2662 961 2730 1619 1550 2004 2284 2763 124 428 2075 2548 551
51 586 947 1278 2707 2372 2011 1444 1227 2340 562 180 1994 2212 1327 1314 1755 2789 1974 805 1640 649 1099 847 2352 459 1961 1135 2237 476 1050 46 2005 1873 1332 2610 2681 2365 740 2168 2466 1763 1652 405 1461 670 772 922 81 505 1283 2167 1650 1967 2199 1167 2534 2764 1021 2597 1820 771 955 2179 1761 2693 1317 2366 932 1305 1635 305 1823 1568 1111 2770 1010 2781 1811 162 220 1775 963 1543 1109 2105 2339 2181 699 637 1756 2837 440 1218 214 537 1549 1917 2213 2306
741 2616 1907 1764 1338 391 1429 974 1273 147 2570 264 665 2822 1097 223 670 508 1240 241 836 2335 2440 1843 1998 317 1329 2481 481 2091 2597 2177 1099 955 2774 1942 1652 2338 2226 619 1456 2253 2164 625 405 1789 511 507 2168 396 2228 131 1549 324 2411 1544 1009 1069 1500 2308 85 892 350 1330 2155 1941 27 2005 740 1618 2037 2709 1813 2539 2781 2798 449 30 1129 1662 344 2185 239 331 185 1921 2698 2839 2486 2061 46 2632 661 815 2455 786 138 2712 936 1060
784 906 518 480 2307 2386 415 370 2263 2769 445 2007 1602 1979 1848 2454 2538 1587 64 2761 1428 1726 1151 111 2358 1768 1203 1570 1488 1346 48 2048 393 843 2315 2278 1908 1536 1158 559 74 44 1990 2419 2544 1480 1953 2076 1170 2724 2275 1758 830 372 603 474 26 16 488 2344 1417 871 2453 84 1133 925 1045 1767 2676 1620 2376 276 2130 2150 2084 1732 977 2702 636 970 1870 1147 259 1483 1837 2524 651 385 1450 900 1387 1178 1447 591 918 1678 2753 867 2239 2131
2490 874 242 166 1982 1550 133 2662 2127 1682 1401 673 593 2069 320 2524 1133 591 2588 1947 256 1120 1794 1242 2092 1863 1564 1347 1735 1925 2418 516 908 17 112 2284 2844 929 124 2290 538 2356 869 603 519 2004 2206 830 1574 2516 2685 2545 2672 1511 1969 2139 406 2165 1580 2734 2460 2371 1792 1345 2170 667 1526 403 2446 1718 2275 1454 1621 984 1402 1594 871 2434 1005 1670 127 1352 857 1887 488 730 774 2738 2453 1247 834 2243 2661 1642 1595 3 2209 1620 2196 376
1889 1532 1741 1339 1976 2725 1173 849 2669 1182 2099 169 2105 252 2396 330 2557 1701 2389 2228 2501 950 452 173 1896 4 2367 2526 2220 972 1766 2837 2556 2177 2210 2617 367 89 2794 1218 2674 1754 1146 1041 146 377 2421 2828 383 1506 1829 1998 2767 521 971 2144 1388 2717 957 1831 2819 1924 2688 1881 244 2152 447 1902 2690 1010 2404 1477 2552 59 995 782 180 1302 2181 2199 2464 872 1024 2028 788 1571 68 1974 2218 109 2594 2435 1655 1874 1827 609 140 772 2740 2610
1818 2603 14 1138 751 920 2281 1525 2618 2114 93 2733 2559 2729 2019 2036 1410 875 926 2258 928 579 1177 55 2176 374 767 2605 2254 1186 917 902 2033 1043 2180 2106 940 321 1507 2550 2651 2349 279 2234 118 32 187 930 639 357 227 1590 1559 564 778 2073 1786 382 1971 462 1731 2841 1517 1542 1179 2630 2080 522 2824 1304 2778 2123 2112 2536 2326 1985 581 2190 2242 2020 1760 1856 1785 728 1898 2381 2058 1657 1077 1323 1712 998 1451 2624 818 895 104 379 1106 126
2768 2843 1361 1901 687 1846 1354 1235 952 1535 794 1611 1970 1333 1306 2123 218 1905 2621 1869 1748 2748 1731 1959 102 2613 1199 2679 1559 960 114 1871 750 2609 1397 2469 475 1115 1459 2624 2433 126 1372 2805 2489 420 2804 1259 2347 768 2701 1551 1107 378 775 1280 1451 1805 2586 2021 2787 1169 2673 1765 2324 2546 2536 1207 937 2072 1903 695 2326 2331 2346 1951 1821 1171 2699 688 2788 2016 1538 257 1669 2109 2579 2234 293 29 1467 32 2533 736 187 1608 2364 2754 859 34
1029 1694 635 1416 1096 1215 2762 1150 85 1319 181 1386 2779 2832 2088 134 972 1993 2574 1082 611 510 281 938 905 1027 2631 1880 2627 1250 1308 37 2521 624 691 2735 1414 2816 987 30 1226 2339 2185 912 944 486 547 1891 128 1006 312 414 638 1502 278 1738 188 2501 1948 556 2556 645 2011 2397 606 252 2133 2836 1090 950 713 2439 1270 223 2404 2105 2628 388 675 1544 155 1074 2362 1652 377 2527 1405 1763 1741 1907 2837 169 904 2464 1251 1264 1843 527 2481 1049
1479 451 1301 1718 243 2392 530 1604 2097 1642 2170 3 2755 2426 929 2453 488 2658 2357 1105 7 2734 2165 1574 2434 2662 2487 1645 2721 1077 2018 1894 2593 781 1371 256 2661 2572 446 1136 765 416 5 1794 1673 2405 1271 871 2394 2517 1778 254 1595 83 20 2246 632 852 2049 318 1152 844 873 809 1310 2045 2110 1858 834 825 1147 2793 282 770 1943 1352 151 603 776 1239 2140 1512 830 708 353 65 2490 320 2282 98 276 2161 2474 2685 2815 1625 2373 1990 2027 2156
1667 1973 2778 875 2388 903 40 1180 982 277 861 916 1585 2573 2180 2488 2605 2310 1340 639 2058 1919 279 2601 357 2550 1507 1985 369 309 1528 1836 684 579 2447 841 2395 2559 2672 1277 1915 2563 441 528 57 397 1410 1626 321 2575 1371 2254 1561 2651 2276 1186 887 1673 1578 895 902 917 2033 1818 920 2019 814 2239 928 2684 1016 2695 688 1579 808 93 379 2792 1838 311 683 1769 1460 2216 2437 2018 1980 845 2630 2824 575 2459 2620 2383 465 284 2603 1161 811 1525
1951 589 1900 1149 364 215 101 658 1175 1728 2542 436 1230 1928 2323 737 2040 2320 240 727 1798 572 29 2673 2224 286 1210 2021 218 739 853 545 1765 2533 2172 293 2656 812 1653 66 328 1137 2113 2238 2546 967 754 789 2579 2120 520 1733 1542 1804 1298 1093 2472 499 2640 2495 407 540 842 2277 1645 1800 1166 2613 2183 723 1389 341 2178 1801 923 898 2759 1940 1890 1246 2536 257 646 2072 750 792 1207 979 1017 114 859 2112 1354 1901 614 2123 1478 2768 2247 1199
2391 381 2001 285 2691 1537 1697 2318 666 1042 2529 1188 386 796 1807 2706 2537 910 708 2631 1380 1419 1440 124 2027 2204 700 1709 2012 795 58 2342 233 64 1911 355 827 400 1345 2362 1200 2103 2268 2581 2256 2417 2366 474 613 425 1285 1119 2101 2816 69 1958 1684 2118 1247 435 1752 745 1222 1205 1643 690 2081 1040 143 2623 2420 2483 946 1670 973 2208 1066 1015 629 2147 2750 2619 2124 1355 850 94 1502 2642 2293 196 599 1322 2446 747 1375 2363 1061 809 20 2492
1335 2814 2499 2236 1475 1715 120 618 587 1831 1117 2407 1655 89 1555 1650 295 2806 452 108 192 1018 52 1339 1156 1024 418 533 2773 1481 200 2070 1141 1472 1780 2669 1706 2316 598 1829 2059 1039 523 2025 245 552 968 927 383 1964 2142 2061 2674 1924 653 1143 92 1921 2715 225 2725 633 858 1356 2479 1746 1099 1741 671 2370 1721 430 330 1955 113 2017 139 175 2173 1787 1961 2119 1532 464 705 61 503 2099 27 734 389 449 2280 1164 2265 1647 806 534 2552 2283
2608 1315 1183 1041 1251 2348 2705 398 2270 1640 712 550 1569 2502 1902 1949 231 140 2141 1878 1757 1148 995 146 2421 1046 2606 2424 1279 439 1477 1661 1754 850 1504 2355 1605 2182 281 1496 882 978 155 1817 244 2683 594 1627 1910 1993 2410 971 207 2688 510 1282 1570 647 2013 387 2512 1490 1226 225 283 1866 2222 51 2052 2470 1096 1388 1045 2503 2057 178 270 1255 1848 2050 2464 2286 236 2389 2337 2083 183 260 1074 214 2436 785 2203 2831 1316 1704 1899 2010 1422 330
1016 441 2395 276 2702 1528 1672 1851 2695 311 1732 1450 2239 575 1523 845 2524 1073 373 928 488 2453 1646 302 863 2700 2573 1980 811 1387 777 492 78 1178 2377 211 1990 2494 1973 25 515 1147 339 2530 996 372 1767 277 1057 1678 871 294 1242 118 1480 2488 1626 2131 814 875 2310 226 2684 603 808 830 1491 2379 2633 1620 2459 2275 684 1525 851 833 2129 2618 1194 309 664 1768 1587 2018 2437 2518 393 2496 584 1836 1585 1382 2447 867 1244 1260 916 2431 1410 579
230 2368 2523 2129 1482 2630 1194 2242 2114 522 2383 2080 2780 2447 1626 1382 940 1561 429 2190 279 1785 777 1507 2550 357 1856 2106 2019 824 47 1713 321 2651 95 2180 2684 930 859 93 895 2281 2605 1996 1693 63 818 1019 2422 751 1186 2020 1631 1179 1176 2033 902 917 107 2254 1451 1914 885 2785 1091 1525 1410 1177 1257 1517 1975 462 2111 1228 1104 2202 397 1398 284 2733 596 1130 1590 379 2695 1538 2699 693 2414 182 1838 683 1434 811 2493 2754 2381 1304 60 1714
2072 1207 1361 2787 1559 1333 2536 2497 1138 2247 859 1115 1551 750 2768 2112 2123 2624 14 1087 126 1161 2016 1107 1451 581 1818 564 34 2546 104 55 2176 1304 218 706 880 2739 1535 926 2281 1234 1901 1103 2493 907 751 2699 2656 1760 2149 792 1257 1712 1191 1538 1130 2409 895 485 1971 2036 1137 687 614 617 1786 885 293 1106 589 1542 2533 2114 2673 1397 2021 1043 29 1900 142 949 2381 2267 1996 364 101 93 727 2066 198 1590 952 75 1970 66 1354 2595 688 2609
1527 2482 1119 1178 1083 1837 889 835 1199 2769 648 269 1992 1040 1387 1767 1147 399 759 1541 1978 1375 2643 1758 1139 1385 582 445 420 1779 1451 2684 871 943 522 1221 1914 2785 1732 603 2080 666 2074 1483 830 1975 1833 2377 276 475 1678 1548 257 811 1990 2718 808 1310 1697 843 2239 1989 393 2357 2275 2788 1620 820 2433 2150 372 1057 708 488 2453 6 1229 124 1120 1200 747 284 613 1616 1036 2395 1525 285 1450 1254 1645 355 2095 1797 253 2392 2282 2027 1224 2383
2423 743 1448 1383 2413 554 135 1334 424 2134 1842 1553 500 1478 2078 2117 184 315 2615 681 1390 1236 802 427 2217 1945 868 949 2295 2622 1017 1628 232 555 1430 121 142 2827 18 2267 783 1269 2441 2 2458 11 1495 2135 1699 176 2596 2757 21 199 662 2568 1231 340 1759 601 1944 558 300 2415 1473 866 1492 2668 1256 36 1132 843 878 1296 2029 1588 2471 695 1362 1499 1676 453 1431 1557 1890 2451 1613 2350 2064 432 1617 2207 2354 429 289 2742 1711 2046 992 1867
1432 1128 1345 795 827 2118 2444 1147 869 1077 1493 425 373 1310 1574 1371 549 871 2161 2336 285 641 1453 83 1816 339 2165 393 2734 256 825 2783 2437 2275 2204 1990 2453 276 400 1193 603 2524 630 488 1836 830 1133 834 1620 1594 2418 1732 2284 64 1016 376 381 2342 1188 372 2706 2391 1943 808 2434 2572 58 2379 946 1446 1242 1537 2170 2266 2490 2815 1672 1735 2426 1402 1744 2405 2518 1958 82 2538 166 863 1718 993 613 1603 2581 1609 1982 1120 1178 2672 2700 2554
2807 16 717 1738 459 2750 1573 1790 2167 1634 2130 2201 1811 2707 1167 2278 1536 947 1444 935 269 440 586 1108 636 1258 897 448 2834 2124 2464 262 2791 2251 2048 2179 236 2650 2030 189 1305 1933 1502 1098 829 1424 855 2366 537 2404 1884 1679 2060 2268 222 1549 922 1217 2385 1013 2012 1652 122 2614 2735 1006 2197 2619 1425 214 2781 1364 2000 2466 2339 1694 2203 798 443 2645 1456 2529 2411 229 1321 1284 906 2096 197 1560 1509 1082 1866 624 957 405 1205 1649 2133 1190
798 1509 636 764 70 262 1536 2278 16 2000 2546 641 242 834 2574 1389 2302 2448 1863 1653 1735 1646 328 2238 2054 294 2249 723 813 1620 811 719 2685 488 779 583 97 2453 1595 2619 2490 1432 256 466 1554 1165 211 191 2524 2551 2138 2734 1833 603 588 2165 592 830 1371 2395 1370 276 916 35 1147 1447 1450 2718 2418 203 2656 871 1426 2416 445 400 2275 393 1491 1732 1133 2349 1791 415 2454 2532 1098 906 372 2008 1402 1687 761 7 212 1990 918 756 2315 1229
2827 2217 2078 315 868 1390 2117 427 121 1553 1492 2568 1431 2441 555 802 1430 988 866 783 1588 2 2267 1759 2723 681 142 193 1628 2134 554 601 1236 2733 1017 2622 2415 1699 2772 1383 695 878 184 1517 424 462 1478 983 1334 558 227 2111 1448 743 135 2413 2380 429 733 2668 2423 2757 2211 493 1683 1499 775 1805 2586 1169 21 1847 680 949 1890 1132 1513 2202 1940 1165 293 1035 289 1093 2596 302 1179 1019 63 979 2777 1557 1753 453 1125 1296 2064 1975 265 2020
2511 1547 2445 246 1849 2089 2720 2041 2539 1463 442 1124 1935 886 672 964 238 2665 1140 2639 2704 2227 722 2053 2286 2393 323 828 1037 377 1827 2200 1376 2808 1841 2598 2740 2384 1053 2828 2436 2108 1801 2602 2629 1704 146 150 1668 1363 398 1418 140 790 640 1452 329 1997 2427 1469 1311 2294 1223 2251 1751 2079 797 1121 362 733 28 2541 1862 2442 2361 1952 171 134 1868 1433 270 292 1153 2160 2761 1013 761 531 2164 1067 1606 597 181 938 507 1279 574 979 481 464
1747 1068 1871 749 1567 889 2663 1470 742 937 516 2746 835 1731 406 2085 2685 1237 1351 1107 2624 126 410 873 1981 566 632 1645 1687 2145 1719 2793 1546 881 2843 1845 2609 756 2405 953 1455 1459 1385 1527 2234 32 187 1479 1595 736 2621 869 541 1748 1869 2073 2258 590 2123 2264 1720 2326 35 1791 151 294 920 1467 1779 1821 2680 1943 779 1195 450 1833 2299 2434 2302 564 2686 2418 2416 1611 794 2102 1637 1165 775 1246 1805 102 2586 1079 301 1169 960 1959 2331 2748
232 2423 662 11 1944 2188 2737 2657 1362 424 135 1334 992 2413 2046 184 743 329 2569 804 686 1269 1945 2580 1212 1810 1406 2291 977 1064 1486 2509 247 2652 1204 2148 2649 1225 627 559 1617 26 2544 865 2135 2582 335 2076 2458 259 84 48 1954 1473 925 67 2503 2333 2724 1417 2121 2358 1870 2676 1151 2084 1346 970 1902 2386 1223 2742 480 524 219 647 1328 489 1428 260 1055 179 43 1437 2639 2361 1953 482 2035 2230 2558 1123 1369 981 1740 1840 322 854 2010 735
2199 1135 2099 2610 2181 872 552 252 649 1532 2794 1896 1227 1302 2789 805 1021 1974 2819 771 2105 476 1755 496 633 1027 1278 562 2690 2340 1156 2017 1598 1763 330 2552 782 1010 1929 200 2527 2011 2407 169 1409 383 1692 1011 999 1875 2654 618 2311 2372 59 1314 734 356 134 2232 33 938 1283 1955 1022 2343 2306 950 668 180 2301 2352 525 1568 113 455 2479 534 2144 2396 2693 1262 326 1099 799 290 2429 402 51 1746 580 1039 2611 1129 2770 1008 1967 2265 484 1317
1791 2315 1170 437 1233 2718 2685 2419 2761 1450 1845 943 1401 2116 603 2678 560 830 2538 1595 1318 1643 1726 69 1402 2544 1066 595 415 906 2416 2328 1687 2150 35 1830 1922 2601 203 848 297 1488 2815 2018 2405 592 2056 1367 103 1454 2474 451 1301 1778 2425 1491 953 303 1171 835 2551 2841 1587 1768 490 719 1426 2524 2453 2452 353 488 809 2131 1678 208 2587 869 539 1453 585 2448 1676 409 2572 2769 1085 1400 2310 1632 2840 2395 2264 1566 2027 57 2573 1977 1323 1963
825 2462 2696 1077 871 1331 2721 993 2517 1574 2161 2434 1105 243 2487 2405 2426 1371 1603 759 1310 65 2647 1512 1579 956 869 2170 2734 1943 2752 2165 392 2593 83 1673 1147 2609 1794 776 1625 98 666 2661 1254 2738 1718 2346 276 1483 808 929 2453 376 1136 632 844 2392 2682 353 809 127 1171 1479 277 488 652 749 166 2572 1960 420 1989 813 1152 2474 2027 318 2815 1120 1352 2150 2275 1114 2425 1990 603 2573 945 2310 975 2018 1402 942 1920 2147 1642 3 830 781
1023 2411 2055 1102 141 1190 1806 565 1844 987 2501 2044 2627 2005 1286 697 1052 2781 1305 2287 2455 935 815 2747 423 2177 521 2617 1976 2576 1047 2735 2767 1405 611 1218 1029 2528 997 1319 2098 180 30 675 1926 1549 2228 2650 1862 85 2790 1261 635 109 1865 1445 1934 1993 1069 2837 1933 2185 2707 1624 1456 2556 2096 231 2570 2832 221 2795 563 2591 965 506 755 194 2507 1889 2163 205 1790 1658 2201 2750 2133 1416 163 1544 1948 1736 1153 1826 2083 1250 670 1623 2597 2822
1359 1531 2379 1778 401 719 1171 1791 2416 2123 2469 174 1566 688 1367 590 1157 517 914 190 998 2585 2682 1687 1916 2824 1846 778 382 57 1915 1361 2018 2315 2457 2258 509 1859 1163 1567 1651 1063 1871 916 284 768 2491 1397 2234 1493 32 1372 187 2347 2804 2805 1259 1535 1963 779 1401 2489 1235 763 2701 2073 2815 294 378 1977 2042 2122 451 920 2097 2109 2328 2310 1114 1180 1007 477 1301 133 2572 2551 1467 1920 2778 2116 420 2672 2346 1354 564 2587 208 1426 2532 2685
446 1604 2613 1584 1904 2097 509 1301 451 1778 1359 1645 2585 548 2110 1479 2682 2198 450 460 530 1871 2282 763 2457 2045 2049 1718 1171 7 1894 1963 2067 2392 2140 1858 2793 2104 2128 1239 5 2755 2264 1515 2123 1860 2815 873 1237 768 2551 2042 463 2002 844 2018 2658 1922 1295 420 588 1987 1546 273 1271 416 1136 1981 2545 22 736 2572 541 2357 1367 1413 1566 282 2662 2373 243 1354 2073 1864 2170 1791 719 2069 765 708 2426 54 488 163 1454 186 1199 592 2246 2453
2765 2261 162 699 963 1543 1761 1885 2194 476 561 2562 1127 484 1852 402 316 661 430 1395 2467 346 1378 1022 305 1994 1873 467 31 805 2693 216 1303 1109 758 1317 2708 1774 1823 2237 1101 669 2168 1438 471 2442 2690 655 2340 356 2465 2505 1050 1409 2301 1227 331 478 1746 2654 1283 2821 2212 1327 456 2279 2687 1153 2352 2306 2372 1598 1715 1692 858 1875 1216 1011 2393 1278 999 2100 872 46 643 1275 2429 799 1441 1274 726 1755 296 2070 383 2338 644 1763 1506 1635
1753 2777 1125 2663 1460 2525 359 2233 778 382 1938 2478 1854 2077 1510 1499 2600 1705 2772 1970 811 2 2684 2679 2532 1916 2609 1747 688 517 174 749 1731 2313 816 32 2234 187 1310 2392 684 759 582 401 2161 2346 1235 2254 541 1920 1645 1989 736 2033 902 917 1871 1443 585 2058 1277 1186 998 2276 103 590 2302 2314 250 1028 369 2159 1690 1950 457 2595 1139 1734 530 596 920 595 2080 1821 768 2123 1254 2258 208 1981 2587 2073 1608 2043 2701 2655 1163 2768 1903 2347
1194 2129 1482 2368 777 2695 93 2523 895 1914 2785 1561 1996 230 522 1091 2080 2447 1382 2607 226 1590 1626 824 1713 575 845 1749 1838 683 47 429 2729 859 1785 1387 2190 2684 1693 2383 2431 1856 63 2493 1851 374 1019 1161 95 2180 1229 811 2242 2125 1975 2381 1631 1451 1523 930 1525 2780 2702 309 2202 1672 2633 2111 1528 814 2020 1178 2106 441 1507 2550 379 1257 2239 357 2699 279 1538 2605 982 1176 2422 940 1130 1179 2254 2630 1186 2114 1457 2019 2380 1587 2033 902
1053 886 36 597 733 2108 1363 797 2506 2294 2227 2665 1547 722 2384 1418 1849 292 1466 2589 2743 672 2089 67 856 351 1954 442 1842 979 985 1952 802 761 531 2157 964 2041 150 1462 1121 1962 1707 790 2319 2387 921 1633 1801 907 2541 1230 723 1641 1463 1562 16 2064 1928 2663 1776 333 1266 1841 246 1033 1350 2808 39 1357 323 1311 1986 291 2000 1469 366 2219 834 2374 1393 1103 614 44 1204 878 2788 434 2777 709 785 257 2359 2330 1753 1125 2249 1300 584 1244
2372 586 947 51 1278 1227 2707 2011 2340 1444 562 2005 180 2167 2212 1327 1994 1755 459 805 1314 1305 2789 2466 649 1974 1461 2168 1167 2693 2781 1640 476 2352 1763 2534 505 1135 1099 1820 1050 847 46 2253 1283 1873 922 2770 2597 2339 2096 405 670 1811 1549 935 220 537 511 2335 2764 1961 2837 2179 2365 1218 1250 350 440 1652 2610 2767 2366 2411 1568 2237 2774 1424 955 2367 1991 169 1109 2822 241 2228 1823 771 740 698 1966 1967 1917 2199 1129 1153 1332 1095 963 2213
1536 2278 636 1797 620 732 2678 1318 1819 764 2816 517 599 998 148 382 778 1460 1583 1443 2525 2792 1938 2233 118 2532 2058 2496 1277 359 2595 2161 1471 1629 2048 1083 1916 546 2403 2263 2807 2055 2491 837 826 262 285 1331 811 2761 1358 2179 1178 906 1880 530 2600 1170 592 1453 784 445 2684 2844 2675 2056 1979 1854 1499 1632 1705 2650 522 2080 2404 1833 2094 2395 2392 1451 1450 2802 942 2834 1621 1525 1491 1747 431 284 1688 2357 2131 2777 2596 585 2448 821 475 141
471 1438 655 356 2467 346 1378 1127 1303 1761 643 305 2690 2687 561 1692 331 2232 1441 1317 467 2654 402 296 1875 999 1022 2821 799 216 1395 806 31 534 478 316 1021 1885 726 1274 1275 2693 1598 239 1568 2194 1011 2261 2765 113 661 1994 2429 476 1506 383 1008 619 2611 33 2343 2393 1873 668 2794 2100 2352 1937 2486 1409 872 2338 290 858 758 2199 525 455 2505 2465 1262 326 780 2237 456 580 1756 1635 484 805 2308 2531 2244 2562 1124 1929 390 430 1967 1140
646 572 1798 1088 2000 898 2656 1900 2759 1951 364 101 2542 218 589 2323 2021 2054 2546 1389 2673 727 1149 1841 1728 1007 658 2579 1542 29 293 477 215 1175 436 2533 529 803 2504 2277 1137 1801 723 967 1207 714 2072 2567 1653 2113 1171 334 1776 2109 328 2776 1394 240 789 2238 395 531 428 2787 2321 1898 1230 1397 853 2040 962 737 1559 983 1928 1804 754 1485 750 1971 2178 1786 2346 1864 1333 2768 475 420 579 2032 1361 2171 545 2585 2430 998 634 792 1901 2536
2213 1167 947 1216 1409 2100 2338 220 1444 2223 1862 1549 1652 2707 511 2650 81 1283 726 1775 1122 2253 391 2698 358 2340 932 2465 2505 2226 412 649 1994 131 2155 1764 305 223 1273 1140 2168 1037 586 1755 805 31 2053 1202 2693 2486 1885 389 2765 1782 162 1050 46 1826 699 963 1852 2811 1543 1823 349 1635 698 1278 1521 1873 1967 2237 1227 1109 1317 459 2389 1124 1274 661 1820 562 1974 2339 2562 2789 1991 1240 2781 1381 2372 1774 957 561 1438 537 2212 471 1327 1021
2109 2595 1629 517 1471 998 203 475 826 2525 1181 798 1988 2233 382 778 359 1443 1916 1447 2058 2675 1632 2346 1460 1139 1451 585 118 1938 1716 1525 2138 1970 2532 2496 2810 2043 126 2624 2679 1509 2448 1107 953 2171 651 816 1400 1277 616 1077 1903 1602 477 2484 1583 2161 1171 871 1361 636 764 791 1397 2546 2841 706 1115 1819 880 666 1551 262 2491 188 237 2792 1812 724 1389 2000 1536 1234 2278 1232 1898 1760 588 1712 38 522 1499 1358 2844 2731 2776 894 2080 582
37 1308 1285 1082 1090 2268 586 2801 2167 2750 448 2691 143 1284 2705 796 298 122 2030 1015 2791 973 2366 2355 1095 1238 2201 236 922 2096 1634 1258 1884 717 1640 1456 2466 1790 2614 1694 229 946 1167 2529 1291 935 1763 1573 405 459 1217 443 2197 1865 2554 222 1038 381 1811 396 2124 2175 51 850 2391 2001 980 1610 2835 1750 1444 2011 1537 795 947 2631 1911 1364 897 836 1049 882 155 2707 2432 414 195 2136 393 197 440 2253 511 350 2645 690 932 1502 2226 1332
420 1199 1359 2524 835 1527 2150 2239 475 2682 1871 2379 1354 1171 294 1767 763 768 1147 2104 2219 2585 2457 2609 2426 2073 509 401 284 1920 2613 2123 1645 873 2453 1180 2572 488 998 595 541 1235 736 588 2405 1163 844 1574 779 2655 1922 2122 1854 1367 1525 2434 6 2225 1077 759 1387 2395 1779 1778 2462 843 871 590 1450 1515 859 2679 1833 2304 1731 1646 1451 2815 1210 530 2469 1467 825 1114 2018 778 1385 1028 1690 1068 522 382 1531 1950 564 276 2159 2433 2080 2425
2650 1397 998 2675 284 688 1361 2109 2056 477 1359 2123 40 941 1916 2784 1171 1494 567 2000 1196 57 1583 2692 1531 2349 133 26 2761 1181 2841 2258 900 2454 920 1988 1354 744 1862 2448 767 1775 2605 2572 1837 2630 1087 1323 952 811 2778 983 2536 895 1525 2016 2080 1769 522 1387 1007 1851 1833 1178 2058 211 2115 2702 1947 2346 103 1451 917 1975 848 118 902 2033 297 859 1186 2684 2254 815 1199 1391 1277 1115 919 2792 2656 2310 475 2125 667 126 2667 2149 2383 2077
2168 661 1395 2765 1153 1761 2261 2194 2253 31 2687 2693 1097 1109 2562 1885 1994 331 1429 2372 476 467 1240 1317 305 162 699 836 1823 963 1273 1543 1852 561 1227 2237 740 643 1303 1873 799 1127 402 508 2798 316 2212 1327 346 2340 1050 1378 1275 805 2352 2467 2338 1278 1011 1022 46 356 2306 1612 2279 1991 220 2335 758 1598 484 655 1274 239 1438 471 1875 1692 999 1967 2654 2440 1756 1917 2821 405 1746 1008 1314 780 1635 2100 698 350 33 1941 216 1843 669 2690
2492 2081 2446 745 2196 774 2243 1174 809 1546 2450 603 830 2697 2425 355 2463 1247 2156 233 1322 869 1402 2483 2293 325 1554 2405 2027 381 2417 353 1913 1595 2545 2034 1120 1040 2746 435 1061 1621 874 1498 929 2102 196 2101 490 1671 2718 2535 2662 538 1860 167 1170 2453 1309 1142 1794 1637 1678 2095 488 2103 2642 1131 1042 1807 781 2685 2128 678 1450 1491 1474 991 2275 42 673 593 222 1642 112 759 871 3 282 1200 835 2730 1963 285 1791 1519 2793 1345 2147 2264
2546 1551 2125 756 1389 2579 2656 1234 126 2624 1951 1107 1609 2073 2276 1137 1653 589 1451 2672 1900 727 2418 857 1028 364 1950 101 1690 1298 2159 1887 2667 1845 2123 1361 704 798 656 2258 404 457 1734 1391 187 32 2326 2234 2080 522 920 1115 2548 1372 2525 2489 2347 2805 378 2754 1259 2804 1877 590 2233 2254 2033 1758 2701 902 1186 917 960 2630 1869 2360 1748 2621 359 1608 578 328 2238 1928 2586 493 2659 1580 775 1323 689 1805 2605 1459 1169 737 2040 2788 2609 2016
658 1175 1728 1149 1951 2320 572 1798 2323 286 29 727 215 328 2238 2542 754 436 1230 1928 2579 364 589 1900 101 739 2172 2546 737 2040 1765 812 2472 1210 898 1389 2224 2277 2054 2504 2756 1653 1733 500 1265 2021 1298 2673 2656 967 293 66 962 529 2113 218 2533 1478 853 240 2615 923 304 1137 789 1804 499 257 2364 2354 404 2788 1499 493 775 114 2586 1805 407 2495 1169 520 1542 2178 1372 1448 843 2260 545 1551 2347 2525 1734 2805 2804 952 2754 1259 2233 2120
1295 1963 2703 1600 1401 258 1493 2122 2577 2588 1584 2507 1201 760 1594 1580 663 1494 1778 719 1846 816 2732 1552 133 345 1059 588 1359 1497 687 1522 2585 2815 2116 2067 2692 1947 2328 1765 2184 1675 659 1531 2469 2768 2171 1752 1518 1235 1436 1965 446 1977 1567 509 1208 1717 1171 460 1114 2123 2613 2346 2198 2457 1347 1871 186 2069 2682 548 768 1629 952 1934 401 1651 1354 1903 1485 998 463 422 1515 1081 1361 1904 869 710 2077 688 2478 516 2418 2626 174 514 2491 420
1216 2100 2338 1409 726 412 2155 2698 131 1283 1994 1274 2531 2253 305 389 1273 31 1303 505 1967 391 655 2340 1438 471 2213 1050 2168 2223 2053 1278 2393 2486 1823 2505 2465 1635 220 1780 2212 1327 1755 661 1974 1240 2285 2764 46 1021 649 1140 2226 402 1885 331 1764 1039 1127 356 2789 162 2765 1117 1011 805 1109 963 699 2311 2352 223 1317 1543 1598 1991 561 1227 2693 1124 771 1429 2308 2237 741 534 484 799 2070 2616 740 2372 562 1852 1099 2232 1875 478 1761 999
2725 1757 1889 1775 2650 1652 957 1506 89 1477 383 2707 1994 405 2557 1679 1409 1182 214 1167 537 2339 2781 1549 947 2396 1024 1444 2352 1146 1532 955 2765 922 2690 2740 2464 305 452 2794 2231 1127 2340 1761 252 1873 586 562 2531 402 2669 2562 1173 2285 180 2168 661 1521 41 758 1438 471 2372 1122 1039 698 478 459 1049 655 1974 113 430 1274 872 2404 2253 1831 2389 782 331 1283 220 726 1811 2311 1305 2053 1998 932 1910 1124 637 223 1117 1774 2212 1339 1327 2167
166 2490 2284 2662 1863 242 320 1925 874 1550 133 1982 591 2127 1682 1133 593 673 2206 2069 256 2356 83 2170 2524 2165 2734 1401 2004 1718 1242 1887 1947 2588 857 1421 1574 1792 1352 2672 1120 516 2460 2418 2092 993 1735 1794 2738 1564 667 2661 2371 2685 929 1347 17 801 2516 869 1642 2593 3 2139 2018 2844 276 2275 1345 1526 519 2487 551 908 538 124 1511 112 1969 403 488 808 2395 2453 776 1294 603 1454 2545 2290 830 98 1990 2296 1371 406 1446 277 2138 827
968 1143 1655 1156 1117 552 2407 1335 2814 452 1706 1831 1929 120 2716 92 2819 734 2144 2181 587 2610 200 1921 2017 877 2061 1598 618 68 449 1339 1010 173 1164 2343 523 553 1018 458 1896 653 1302 2265 1647 2698 113 2500 2794 2822 1955 2770 1099 2837 1314 1708 2429 169 2311 295 633 1111 1746 2557 2301 1875 2059 1650 2352 27 2552 999 668 1274 2654 872 1008 1141 1472 1873 33 525 2611 1022 2367 2199 455 799 2534 2806 1262 326 2594 290 1692 1730 580 771 1612 2099
370 445 1480 2263 1979 385 867 2431 1073 1570 2623 1882 1911 393 584 1221 906 1990 924 784 2275 2136 1198 1732 603 830 117 2007 372 518 871 1620 826 1158 276 1057 1147 2700 1633 1678 1602 1672 1483 488 2453 1170 1802 1837 1083 2307 2048 1133 1504 1178 2702 1428 2278 1244 1536 863 894 1016 339 2518 2718 373 1487 2494 2496 44 549 2524 2395 1450 1767 1587 1387 651 629 2513 1758 591 2538 1224 2769 1646 2239 2530 996 2131 327 648 2482 1797 1980 2732 1523 111 1491 1851
1488 2684 811 1178 2080 1587 1975 522 103 1768 1323 297 848 2841 1525 2454 2383 1139 1833 2239 284 1387 1130 689 2601 843 1487 1451 2496 2538 2150 1382 211 2056 1665 2307 1830 1845 1767 1657 2702 2395 998 2216 688 920 294 2761 767 2630 276 684 1450 230 2419 1229 2523 1194 833 1758 2254 2129 917 902 2033 2368 1482 2605 559 2131 1980 585 859 2530 996 2263 1186 480 2769 1460 2386 2007 1491 1391 1343 1602 2058 1626 1147 2447 118 2258 777 2792 2302 1996 1453 2125 2233 1199
142 2267 1430 783 1017 293 2441 868 695 1236 29 2533 949 218 1699 1559 2021 1901 2673 2768 1940 2787 743 1478 424 1361 1553 2078 1334 687 427 1333 750 1207 2622 555 2072 1499 1628 2536 983 1890 859 2733 2117 2469 1970 2111 2211 2247 775 952 2586 462 429 1805 1517 493 2827 1169 554 2 866 315 1846 1306 2016 1731 1765 681 76 878 14 1138 2679 114 257 2843 1818 2609 1115 2123 1903 475 1723 34 1235 1551 286 564 1542 1280 2493 1130 1161 1354 2077 104 1189 2478
2485 482 1121 1452 2582 278 1473 1336 171 2141 1288 1703 2291 105 2333 647 677 2423 1223 1886 1433 135 2413 2295 862 2728 1742 1899 672 2580 137 743 1954 627 351 1842 520 1945 224 2506 494 574 2057 2569 2657 1055 2566 395 225 329 2378 686 249 1012 785 804 915 1617 1384 260 247 2248 1123 2683 2076 232 990 2292 860 662 2438 977 219 1256 1944 2652 2564 1486 1437 865 2148 842 2424 2358 2649 2475 1406 348 2458 735 259 1810 1892 2826 2046 1151 1328 2361 1204 1148
1345 827 991 1309 1783 1682 381 538 2034 2750 2104 1242 2204 1636 2706 2391 1537 285 222 64 58 2342 2417 2256 1042 1709 400 2581 544 425 2189 1120 1188 1247 2103 2619 1794 1684 929 94 1732 874 1642 1718 1131 3 1352 2446 593 869 673 2170 1550 166 2623 1670 1355 2738 1574 613 908 69 282 1005 708 2002 2645 2661 1958 2662 1321 1752 2101 1581 888 2631 365 1380 1133 1098 1061 256 2095 690 320 1621 1864 1649 454 2128 1222 2299 2027 273 127 1625 2246 2376 2755 1498
1791 2685 1687 2018 35 2416 2042 1595 1063 2551 1359 7 916 2793 1470 450 1068 294 1450 779 2145 1367 2264 1546 592 303 1531 2026 953 2097 2573 2459 2575 2824 2672 1351 2258 2310 881 1136 945 873 2658 1454 2146 2532 603 243 1289 1426 277 830 492 1566 401 2682 1673 535 2590 1491 2405 778 2457 2453 920 1171 382 488 1604 1402 211 2073 1747 914 2524 32 1239 2234 2395 765 187 1778 2349 2718 2585 1646 2123 9 1833 1637 2624 256 1534 756 1579 1107 126 2647 509 2426
2013 550 2270 2141 266 148 1569 281 155 1074 398 439 2222 2608 2088 2355 1496 850 152 1661 2052 1640 283 1279 594 1589 2760 323 2182 1704 2705 510 306 181 1315 298 1737 1183 1251 2502 645 2468 1993 2048 973 657 2677 308 2410 1545 2571 244 2231 2030 2512 2385 330 2807 1668 388 2348 2534 2464 1111 236 231 598 2556 1096 2681 64 1332 862 2834 1316 1956 1817 712 100 986 260 2050 13 922 2606 1046 51 1878 2389 2592 2203 2334 1939 2301 2508 270 1264 58 183 1326
1349 2186 307 2710 158 976 570 1411 1556 2374 2838 2709 2823 2162 2305 115 642 846 974 1337 1329 217 1618 2330 959 38 1995 1206 2635 1622 1987 600 1540 2455 1661 1449 1447 894 547 90 1458 2513 891 2229 2003 1 1983 1861 1927 2481 573 2484 2456 969 577 2412 2570 1034 1049 264 2063 957 1009 1365 2571 317 1067 299 96 1069 1615 2221 2255 746 856 2427 2554 147 1070 2717 1338 1122 973 892 2200 2839 234 2189 815 946 1214 185 2631 744 1285 1330 2758 342 1060 888
1743 1353 251 77 1166 1298 1971 1786 1087 2112 1176 1457 581 880 2739 706 1434 374 2022 263 1727 2072 1693 2381 2495 1207 1086 341 499 614 1213 1257 1137 2409 2040 75 617 198 926 2497 2547 1357 2414 737 1191 1685 149 132 230 2066 63 1714 1019 1229 2174 1116 1838 567 2036 683 2422 2321 2729 1999 2247 379 421 2399 1593 2202 676 1590 919 1773 1795 2190 824 885 1785 1304 182 2787 954 1561 1228 2604 1856 104 989 2180 1542 107 2780 1398 465 1883 2114 832 93 2242
1648 245 2090 268 2142 2093 757 653 1813 822 1500 344 2137 1730 131 788 2539 213 1941 786 1781 2808 1662 790 697 1789 1220 1923 449 2640 625 391 569 274 1248 2280 840 670 2712 507 138 1240 1998 1097 2164 2617 2191 526 864 2720 271 481 2616 1048 619 2689 2308 1338 1764 363 654 2597 525 1843 2037 1273 1408 2440 1976 1921 290 1187 2061 2177 2091 324 1445 192 2822 521 741 815 2335 30 1806 396 2083 2185 1865 611 317 2632 1993 241 974 2627 205 27 2781 1319
17 2269 969 299 2844 2418 551 2138 1947 1735 2075 1580 2139 403 1718 2356 2731 2209 961 2755 203 2371 538 446 519 1201 616 2373 2484 573 438 2063 2797 1301 1516 2069 1079 2092 451 1075 133 1295 1494 708 1584 2662 2109 530 800 483 2187 2357 2490 2151 1894 1493 1234 1485 157 1855 1594 1206 516 1292 1982 1675 2198 1345 2206 687 1925 2461 577 2127 282 2588 320 1539 428 2622 2833 1574 874 166 1814 1446 1863 406 667 2659 1564 1850 242 1987 1550 2672 2516 1294 1632 1347
1900 589 364 101 727 2542 737 2040 1951 1137 215 1542 436 1149 1175 658 1728 1928 2546 1230 66 2656 1389 1298 614 2112 2172 2579 581 29 485 1103 2066 739 2739 2072 1207 880 706 286 949 142 2267 1257 2495 218 1971 1786 907 1166 2787 2673 2021 2409 2176 293 341 55 328 2036 2238 1798 104 407 572 617 751 14 1093 2533 1559 2281 1304 1138 1760 2120 1551 1712 1333 1043 1361 885 1818 926 2381 1191 1106 126 2624 1130 2640 2320 1107 93 2114 1590 1451 1115 898 789
1037 2442 2562 2286 644 2720 2393 207 491 171 1336 1910 146 1185 2445 2704 1124 1140 1076 430 1935 2708 2598 1774 1282 2053 2436 1937 2828 561 1127 296 2765 1592 49 715 2079 484 2301 140 948 2798 1873 2639 1885 162 346 1746 1543 963 216 316 1464 1378 1022 61 2467 2485 402 467 1639 699 574 672 2539 323 1395 1787 1121 1757 2683 1477 2261 1852 2505 2465 758 478 2083 1303 1109 1823 2194 305 1761 331 2160 476 858 1715 2693 2690 408 647 456 2821 2629 1438 1452 387
2178 1533 2320 2238 328 754 1175 572 1798 658 2323 1149 1728 1951 215 2183 589 1230 436 2542 1900 364 737 1928 101 2040 2113 2054 545 898 789 646 727 1801 1841 24 2644 2143 2638 1266 240 967 1427 1804 2504 2759 80 2277 2408 739 1984 1265 1296 1312 2615 962 1448 2354 407 2566 2089 395 1478 529 2172 2472 2756 286 29 1213 1298 766 1433 979 2224 1653 2579 1733 1231 2413 2533 598 135 707 1886 2041 1137 842 1945 520 1389 2495 499 2656 964 2546 1383 2120 540 19
70 110 2663 2510 1753 1035 1125 2777 36 1390 1557 597 1834 54 2 1906 812 945 50 1000 759 1739 1695 710 2346 1842 1210 1499 923 2110 1515 2369 2600 1371 1916 2060 2684 2664 1031 808 1669 601 844 40 2043 2274 1171 2752 1959 22 1734 1705 57 375 2748 993 873 1920 2802 1719 2171 133 2659 1136 2457 1059 2768 509 2426 1909 2587 208 2810 2525 2647 1879 1846 530 1372 2347 794 2272 2392 2682 2804 2314 1688 102 2655 2489 1651 1977 916 1290 1611 2805 2701 457 2696 1413
2109 2138 1447 1359 2123 744 815 1632 1214 2675 2844 1987 1531 2327 203 38 1995 527 1397 2572 1171 2585 998 1539 688 133 237 509 7 2018 2258 1916 2416 446 2551 1157 477 1791 1687 2116 914 2576 2484 616 564 1871 1595 1534 778 1181 35 1007 1426 190 1234 382 1413 2682 2073 779 1361 2824 2453 256 1988 450 188 284 592 2000 756 187 1778 212 32 2694 488 2234 920 1833 573 2418 651 294 798 2532 2349 22 1602 2326 2457 916 1812 2008 1493 2448 420 837 17 401
813 1370 1554 2257 2388 1778 903 530 1614 451 1331 1673 918 1301 1371 2260 2018 114 1516 761 1579 1171 1960 1894 2593 1354 2572 1077 975 2734 2721 2146 83 1286 1289 420 1922 2487 2620 768 2165 993 2405 2334 871 243 2310 873 2551 1426 2073 2573 2150 1136 446 2284 1574 1864 2426 2463 592 2752 1674 2315 2667 1199 2249 2462 1028 945 1277 2815 1467 276 2755 1147 1718 2453 463 1469 2685 641 1690 1242 2110 2658 1950 2159 118 825 808 1620 809 765 1210 2613 1990 7 776 2702
517 2491 1676 1977 1651 2043 1629 1524 2171 57 2810 1510 1916 2532 382 778 1460 2161 1290 2525 2233 359 1085 2058 2643 1518 1471 1938 174 998 1163 826 1277 2131 2792 1854 2595 1797 2600 2684 2419 2478 2077 916 2315 2346 1499 2310 759 1583 1058 221 1705 816 118 203 887 1989 650 277 2666 1702 2772 1443 1920 2416 688 1179 401 2140 1791 2718 530 1340 1331 2496 684 1171 2601 2252 1531 943 2276 2254 1186 103 2777 917 2033 369 808 902 1125 1753 40 983 208 2587 1600 475
2575 1585 916 1770 277 9 512 2573 2395 2018 2310 2647 1673 1579 311 2721 808 2685 2284 2462 57 2672 1136 684 211 1667 1739 2517 40 1980 392 1920 2682 2349 1460 748 765 811 1063 276 993 887 2532 920 1450 1371 1016 1340 2487 2042 2131 2601 2239 592 2488 1989 1973 2778 2459 203 2702 1915 1105 2276 2600 2684 441 243 2258 1854 83 2734 2551 2530 996 1705 294 1695 2026 2165 118 2388 369 2058 945 1491 1426 492 903 1836 2254 688 1791 1186 917 902 2033 2524 2161 191
2089 1801 2323 723 2277 842 1230 1928 364 1900 589 1653 105 101 1951 754 240 2759 328 2238 215 2000 1894 572 1798 2504 2054 1776 2542 1427 2040 739 898 737 446 646 2357 530 727 451 2551 1301 436 1572 1149 1175 540 658 2041 1728 1645 529 2757 1075 2049 1800 1017 2622 789 66 1886 2656 1204 218 1210 333 2546 812 1389 343 962 979 531 2178 2320 2085 2755 2183 460 2110 923 2736 2541 918 16 664 964 766 442 1718 2224 1778 1981 395 2392 97 1479 2673 1288 1604
2200 348 570 2823 2838 959 2186 2374 2330 976 1349 307 2710 674 2709 623 573 2221 2606 2480 178 2361 2455 158 2564 978 2344 622 642 1122 2724 2358 957 1151 2826 1208 1307 2305 1622 217 894 846 335 2230 1337 600 1447 1411 2635 981 48 1987 1329 1615 974 1313 502 969 2657 1540 194 1172 662 299 1618 2484 338 637 2121 2742 1953 2009 1658 2580 1206 2386 1663 970 2626 489 415 2241 2003 2676 2084 497 977 2544 900 404 1417 161 1895 524 2046 259 518 1406 168 2714
1661 2270 2355 850 1358 283 604 527 973 2203 1458 867 58 894 37 64 690 100 2189 1380 2205 1979 393 1615 2554 2136 1046 486 1619 2162 2337 1911 946 2094 2068 327 2483 2222 96 629 2606 2444 1219 267 342 2831 904 1170 1468 445 375 510 117 2771 1602 1632 2677 1848 1504 1198 1570 2512 1556 1279 1589 1285 160 1078 1530 911 616 913 439 2312 1206 2521 551 1263 1569 2576 234 188 130 2007 2816 385 1090 2410 1480 1539 2691 651 623 178 2571 275 969 2623 1069 352
973 850 1285 946 2268 629 796 2355 2623 888 64 58 1263 1911 1806 2631 1226 2204 1015 2483 1480 1219 425 2118 820 1188 2342 275 393 381 1073 1432 327 448 2136 400 991 1537 1979 1345 2391 1530 285 2336 795 37 604 827 1638 2706 755 222 1373 781 144 1661 896 1504 2554 1633 1736 2749 690 1807 1625 2132 2444 1750 2275 2691 100 1684 2189 2293 1570 2446 2203 2222 1816 2474 1709 2514 2619 71 2476 1120 117 98 353 1519 472 776 2572 2840 515 2443 1990 111 1016 1672
572 1798 898 2323 646 2277 2759 529 962 754 1728 1149 658 1175 328 2238 2320 2756 2054 1312 1984 727 1478 29 80 364 1900 1928 101 589 1427 2000 737 2040 1776 2656 286 2784 2644 1951 215 2172 150 1230 1653 723 2542 436 739 2089 842 1801 2615 1265 2354 2472 2504 2546 634 2430 1448 1389 105 789 2673 853 2021 1296 2183 1298 66 2533 1137 2224 1288 2551 293 218 16 2178 2113 664 1196 856 545 714 1765 766 540 333 2495 1542 2041 1886 407 1677 983 1689 2022 979
1790 947 1444 586 717 855 2707 1167 1811 2167 2735 1218 2005 2011 1573 440 2528 1261 2767 1020 624 1082 2614 1424 2339 2836 2366 459 1649 122 2367 169 1305 2837 1966 2096 1640 935 1308 2179 1006 537 229 2372 1634 214 443 511 454 298 1738 51 1461 2750 1866 350 2201 1094 1936 1278 2411 2519 1227 562 325 1425 2133 2697 1560 678 2251 2340 180 612 2466 2450 2228 1416 195 2781 922 635 1549 1652 2501 2650 1096 1381 1129 2105 1405 2365 414 1023 1820 2774 1250 1755 950 1884
2756 2354 2615 286 1952 979 572 1798 2323 529 1266 1175 658 739 1728 754 1478 1230 1149 29 2320 2224 2566 1265 1928 1296 80 2472 2172 24 1448 2430 634 1733 853 1312 1984 1776 898 2021 2673 292 215 2638 2089 2277 962 119 1801 1007 1890 333 1867 436 2064 812 1210 707 2506 1951 2644 727 1463 1418 802 545 66 1383 1940 328 2041 2238 1765 2542 2178 1945 218 257 2219 589 2808 2364 1900 1641 101 1533 2183 240 2788 364 1825 2533 878 293 1841 540 2113 709 1542 907
1754 146 2683 2526 2396 1874 2220 1931 1899 2038 2669 89 2421 1902 995 1041 140 452 383 1829 1439 252 574 1477 1024 408 1701 1787 49 838 61 209 2057 1571 1484 225 207 1757 1924 1282 296 1831 447 1056 1775 647 2424 1876 1910 2470 990 2725 2445 2435 255 2728 758 1399 2690 171 1506 637 387 2231 1182 938 2051 2741 1592 939 368 59 1639 2828 1039 2286 1942 1655 696 2099 2799 12 1909 1388 1051 2160 2794 2025 1433 1218 1774 860 2557 1881 2674 1532 2617 598 1173 2599
195 638 1456 405 2570 122 1284 1258 2750 229 236 459 2201 2614 2466 2030 2791 1049 1360 1052 2197 1790 1610 1649 1095 1884 448 602 1624 2124 1332 131 1634 947 1828 1572 1444 1755 2253 980 1679 935 358 1015 1167 2065 2096 932 1862 220 1215 2707 1038 1238 586 2340 1141 2529 1291 511 222 350 562 1445 1278 1865 1308 897 2011 2226 1811 2801 143 51 2271 267 787 2168 2213 1273 1472 810 30 2366 1050 2212 1248 1327 665 1573 1227 46 391 2616 1549 670 836 1694 123 349
1460 2314 1854 2313 2525 359 2233 1920 684 530 1499 54 1028 1510 1690 1950 2159 585 1310 778 382 2161 2478 2077 1938 1277 1695 541 736 768 2655 595 1254 759 174 1977 1989 2679 1705 2609 2392 1331 1970 2772 2777 1125 1753 401 650 1871 2752 2666 2600 1235 2073 1645 1916 2684 1210 1199 2462 517 2276 2346 1354 369 816 1467 688 118 2843 2667 590 2426 873 2310 1747 1943 2682 749 2234 187 32 917 2532 2587 993 2254 1371 902 2033 208 1608 277 1821 582 1186 1171 1734 825
437 1233 2561 2471 539 1726 2195 1420 2353 1772 560 1908 303 595 1872 338 502 1643 1066 409 69 1922 2458 2419 760 1845 2315 15 360 2544 559 1791 1225 2587 1288 2405 208 48 2580 1835 2150 2264 2121 981 2386 111 730 2307 2685 1454 1953 2474 480 2107 660 1450 585 1830 2084 2815 1151 1870 1637 2793 2358 1412 1546 710 1740 2601 702 1406 2583 103 2678 1703 1687 977 26 353 201 2676 2724 835 662 1470 970 869 259 2081 2042 272 2506 384 738 1417 992 873 74 843
834 2302 1646 1707 151 1271 1466 1355 288 1165 1800 2609 1620 1645 749 2452 1871 1508 811 1007 641 294 2434 1767 2073 779 1310 2661 736 773 684 541 1731 873 1036 2685 2663 2426 1387 863 410 1210 709 2018 2755 1527 1367 243 1833 1641 242 54 2517 1028 1136 2459 1690 1178 2159 2296 127 2658 2788 1950 1719 566 2551 1254 2573 2453 2314 2682 1209 1442 2721 759 632 513 1574 2042 488 2647 2516 1199 2310 1673 1920 277 2239 835 2524 1426 2161 1779 273 2734 756 2145 1604 792
589 2321 1542 1951 1900 737 364 2542 101 2172 1928 341 66 1210 2040 2113 1166 2472 60 1765 658 853 1499 2510 1175 1277 2792 407 499 2495 1103 1230 1149 293 812 2673 29 218 2533 286 1434 1728 582 215 436 2238 2120 328 2021 727 1733 182 2640 1773 1795 2525 1743 359 576 1093 1228 2252 2111 798 1938 739 954 1588 1004 198 45 2190 1760 1785 520 2233 1693 2320 1712 1443 2772 989 967 2784 132 1196 2224 1432 1460 1856 923 1265 983 1747 778 382 1727 1197 240 588
1482 1194 2129 575 845 2368 2431 1561 309 2447 2695 2607 226 777 982 1975 2523 1382 1914 230 1590 2785 1387 528 1996 824 2633 93 1523 814 1091 1691 1660 811 1851 522 895 1837 1197 1178 2080 441 1181 1988 2684 1980 2729 2702 63 1019 1672 2131 1587 2454 1229 1768 374 833 2530 996 1457 1341 2383 867 1919 1626 2700 1525 576 1713 1693 1749 47 803 1838 2332 2239 683 1528 284 1833 2496 429 2180 2547 2493 1631 2780 1785 2242 859 369 1488 2190 95 40 1856 1583 1161 596
2307 480 2386 2769 415 559 1346 518 1587 2561 1768 1139 2458 2419 1953 1488 26 906 1872 2454 2544 1908 84 2761 1726 2084 2076 2724 2676 977 1870 1417 2007 970 1151 1428 2358 2782 2130 784 2496 1384 259 2538 1848 74 335 1602 941 2471 843 1487 2150 437 1233 2309 404 900 2841 1288 826 44 360 1525 300 1204 833 662 811 1676 2582 759 585 1178 6 2476 2506 848 2800 2353 103 2344 284 297 2131 595 1323 475 1229 1833 1895 1616 2530 996 2626 2230 1772 1451 1916 16
1525 1107 126 953 2624 1400 1687 920 2841 998 1845 2605 1451 1818 1077 2258 1551 2254 917 2033 1898 902 2080 2778 1361 2331 522 2630 1186 2058 2595 1470 1450 1391 756 2239 778 1323 382 2123 1115 2546 767 2234 32 187 2603 2824 835 1488 590 1397 2383 1731 2672 2073 1359 2114 1970 2729 2281 2233 2525 751 2679 688 1491 359 2326 477 2125 93 1138 2754 2489 1372 2609 2347 2805 2684 378 2804 2701 40 1259 2667 14 848 811 2349 1608 294 297 2469 1028 374 2159 457 1690 1734
1574 1551 2434 2672 1621 756 2433 1077 961 1516 2462 127 929 420 2545 2609 1922 1794 798 1731 2299 1120 2356 779 874 2150 2418 1347 687 2125 1242 953 869 2405 2170 2662 1735 256 1609 2843 2426 2198 2624 908 2246 2073 1779 1400 126 1970 1107 1903 2548 923 1359 1718 133 632 516 1451 406 873 1171 475 2139 1645 825 2196 1195 2069 124 774 2334 1361 871 2243 1525 615 1199 914 2087 857 975 835 2490 254 1184 282 2679 1887 112 3 1642 519 1354 294 1147 2661 2524 1580
326 580 1692 2343 999 1875 1022 290 525 2654 799 2611 668 2794 2232 2687 455 1262 33 2429 2352 1008 239 113 2693 1568 643 1873 356 1929 2199 1011 331 1598 872 159 1317 467 1756 2690 402 1275 1761 305 1612 1730 1378 2301 2467 138 1048 654 346 1441 363 1156 2407 1018 296 655 1314 1438 471 1127 2821 2017 216 478 534 619 139 1941 2311 806 758 1994 2091 2164 2280 2244 61 1912 2632 316 207 2237 49 1021 1274 1506 1635 383 2308 31 838 2025 2335 1746 786 1395
2742 1944 497 137 2782 662 2361 981 2009 2135 1384 502 338 1406 524 2580 977 622 259 1473 1711 2230 2564 335 168 489 2724 2657 178 2458 1696 1307 1617 161 674 1328 194 2386 860 2121 2676 1151 1613 970 1602 2358 1953 2769 214 48 2084 2353 1417 2544 2419 2714 2046 1658 2826 1172 559 1663 348 2241 1489 1870 26 735 480 762 360 2130 990 660 136 1420 437 1233 539 2506 1726 2561 74 1872 1772 1908 380 2195 2307 2471 2309 1848 760 1261 1320 1866 623 231 2344 1208
2690 2393 402 1127 1506 1124 1022 383 1378 346 2467 467 1873 216 758 1746 1761 2429 356 2053 316 305 1774 484 2445 655 1885 331 478 2794 1438 1692 1140 471 2654 162 1275 1543 2821 1598 699 963 1317 2687 561 872 1395 1875 999 799 2237 1409 89 643 296 2765 534 1441 1274 1037 2343 113 290 33 2693 1011 2025 525 2199 1024 1994 326 59 726 430 1852 580 2232 31 239 1303 2261 207 1823 61 806 1568 2286 2194 1635 238 782 2244 1715 49 2740 2352 476 2531 139
2510 1879 394 1906 901 24 607 536 1533 2638 1834 2093 2143 2533 2320 1793 1277 2058 1743 60 1588 576 1499 1265 2827 2111 431 983 1471 596 778 650 1723 1648 2525 2233 2117 382 2666 1434 1882 1785 95 1856 1916 359 2596 1390 2190 517 132 2346 1693 369 2555 2313 1460 530 1773 2252 998 1854 2772 1795 176 1628 824 2043 1727 1749 582 759 475 2792 2595 1331 1557 954 757 2547 1228 2810 2679 2274 1705 2171 571 1938 2161 1920 2600 286 182 337 1681 2333 1688 1903 1083 816
2702 1980 1851 1672 276 1387 2530 996 2395 441 1990 2131 372 2239 1587 833 2695 1768 1450 845 1523 575 211 1837 811 83 1178 1016 2700 2453 1147 1646 488 2633 1229 1975 871 814 2684 226 1525 2524 1732 2275 2454 118 1488 667 1767 393 522 277 294 1620 603 2383 2080 2431 284 830 867 1158 2732 2129 1528 2263 2496 1552 2310 591 1491 2573 1194 1833 25 492 1482 759 2607 684 2307 309 808 1181 651 1988 1133 2538 1979 1483 1341 2161 339 2437 2685 1919 2284 584 373 1371
1791 1170 2718 2027 603 830 1402 1042 2685 808 1401 943 381 1595 2081 1450 355 2405 1643 1318 2315 745 124 666 809 233 353 2425 1247 490 869 1322 2452 2165 488 1426 2453 2416 2734 1989 83 1371 2161 1963 2275 1491 2738 2492 1678 35 1990 1687 708 203 2293 1554 2572 2483 1454 2012 2463 276 2018 2524 1732 1671 1131 1310 256 871 372 2391 1147 2318 437 1233 1367 835 1620 1242 834 993 94 953 451 1396 393 392 1301 1077 2395 2256 1200 592 1778 285 2588 277 1637 2573
205 933 1198 1032 1374 2602 1560 183 1570 2222 42 1425 2760 2303 2726 2520 236 2791 1263 2410 327 398 691 1084 2218 629 2483 1659 229 43 2608 96 384 2162 2623 244 1668 2503 106 2115 448 479 2197 117 738 2717 1073 2466 189 1038 584 2578 2060 985 2182 1049 744 388 1541 405 820 1238 1144 850 411 1080 1219 2428 1316 2152 2677 1661 1744 64 2263 669 1640 270 1203 1496 58 1326 275 1862 665 1226 73 604 2030 1504 1610 2270 935 980 1584 1806 2342 638 2124 1572
220 1994 932 2168 2253 1050 2340 1278 46 1521 511 2213 2100 947 698 1273 1227 131 661 2212 1327 81 839 2372 562 2765 31 305 1167 1967 1216 405 1444 2338 1885 955 1409 505 1755 1823 1635 1303 1240 2352 740 1283 2764 2053 2562 649 1274 726 1438 471 2237 1974 2261 476 1761 1202 2226 805 655 2011 51 1109 162 2693 963 2531 1543 1317 1095 699 1021 561 1429 1873 1127 1038 1991 412 349 1153 1852 2681 1822 2194 2707 358 331 123 1314 1395 2223 223 1124 836 2616 1097
2823 214 115 2612 573 2554 577 2513 1206 537 957 2455 1602 2484 1987 570 2838 1447 969 1108 2130 1458 894 299 959 2268 965 2339 1122 2003 1736 1866 2474 2432 2189 2815 2476 2709 1615 197 735 2840 1927 2844 1349 815 96 2186 2374 348 2576 38 1995 2138 1321 1098 189 307 1034 2060 69 2645 264 1066 1652 1643 551 1222 1411 64 1363 744 560 837 8 976 237 1466 147 1618 2200 1632 800 2750 1420 1848 1596 16 203 2735 2675 1616 717 1933 17 1049 2221 2401 595 616
1796 2507 1407 1600 1963 1934 463 1401 1497 2205 1201 221 1059 345 1904 2692 2703 1295 997 2482 943 1550 2753 2626 472 908 984 2732 1552 1778 1081 400 2097 1078 160 451 2840 163 1933 1301 1977 470 2315 1208 719 422 1054 1367 1624 1791 2116 1566 1623 2452 1790 1454 167 2002 2735 258 1580 2588 769 433 2045 2289 2416 2282 445 2461 1392 2284 2067 2682 203 2198 2713 2647 1629 583 57 2069 1651 1170 2457 2140 2574 1345 403 2718 174 201 588 1567 659 509 166 2042 517 490
1424 1040 269 717 2095 336 1936 2102 2763 2417 605 443 2034 535 1005 889 1790 855 1498 2543 1634 2377 537 1992 1082 253 1305 922 586 2268 1581 1548 1738 1316 2133 2519 2697 1020 2446 37 2432 1969 1511 365 2492 393 454 527 1311 2645 2450 78 197 1309 2060 1174 189 648 1968 2735 435 1979 747 1682 354 1006 1061 1933 1385 773 678 1913 2086 690 1321 248 2128 1142 2376 1573 2156 2145 2642 1285 1678 544 538 16 2339 2807 1098 21 2553 2167 800 1636 893 610 319 624
1451 257 2788 475 1199 1525 2624 1107 126 522 1361 2080 1551 835 582 420 1903 1139 2331 2609 1970 1115 2546 1130 1527 843 2679 1914 2785 1731 1257 2150 2768 1901 1306 432 687 2595 2843 859 2364 1280 1951 2684 114 2047 2469 2233 2579 2525 359 1767 1389 2383 953 2125 2123 1138 1996 1354 2254 2489 1734 1372 917 952 2347 2239 902 1608 2033 2701 1259 2805 756 1186 920 2804 811 1631 1028 2787 1690 378 2605 2159 2073 457 2754 1950 1645 1898 1178 230 1818 2667 2523 93 2630 585
2131 2530 996 826 2702 1980 1587 2496 1158 833 2732 1552 1387 1768 1797 1990 1229 2643 1837 372 2307 1629 1702 651 591 1851 226 1178 276 1057 2454 811 2395 1525 1975 1483 522 211 2239 441 1672 6 759 2700 284 1491 1450 2080 2633 871 1471 2718 582 2491 1523 803 1833 814 1583 1996 1194 2684 1482 2129 1147 575 998 2383 2161 667 294 777 2792 845 118 2695 488 2171 2810 1488 2453 2482 1678 1443 2275 603 867 1676 475 393 1451 830 1732 2431 1646 2263 1914 517 2785 2043
2018 632 277 2685 2165 2734 2284 2434 2573 1195 993 2395 809 2647 825 243 2672 1136 2310 2405 1371 2487 916 2462 1128 1310 808 1579 2161 2721 1673 1467 1077 2593 1171 765 1331 1426 1157 2658 2682 488 2453 914 1147 2170 1745 83 2388 869 903 7 2239 684 190 749 2524 2379 1718 276 1512 2752 1791 1152 65 2073 1180 1920 1574 1915 1794 2426 1036 2620 2299 1695 373 2696 1943 2572 98 1625 2276 776 1028 1950 1460 318 1690 2545 873 2551 2159 1450 2459 256 871 1277 1479 2517
2423 2458 1944 232 662 11 1486 865 981 1406 1954 259 219 1225 1902 322 854 2652 2076 2148 1740 1742 1412 743 2782 168 524 1384 1123 977 1908 2009 111 2582 1369 2580 1437 2649 762 387 1012 1613 249 2135 925 1204 1420 1212 48 384 272 15 2195 1288 2737 1617 992 1835 2107 199 1362 26 738 559 1151 135 2544 2413 424 1334 2358 1064 489 184 2724 1328 970 2121 43 1810 2509 1269 1307 1417 2561 1473 1654 2676 1945 1055 260 804 2639 1870 2084 1148 2386 480 84 2295
1032 850 2222 2355 1183 1315 1661 96 2502 1569 2623 106 439 2512 2705 1504 1263 327 2677 629 283 604 1074 1425 1198 486 2050 1659 1570 2203 712 1530 2337 1251 100 1046 2013 2483 1219 550 2606 2270 117 2376 510 2094 281 155 160 1078 472 1084 1802 2608 2060 189 978 894 2141 2428 973 2152 73 1324 1436 1993 1640 1148 1560 1878 2342 2410 1882 64 1380 1280 888 1279 58 2831 370 691 1490 1480 2088 2312 448 933 1848 2303 398 904 384 2468 205 1468 1911 1979 411 1636
438 2187 2461 2833 1724 1292 2797 519 2820 2069 2151 1377 2092 1850 884 2588 1855 2581 1675 1564 17 2356 1947 2209 2269 800 2139 170 299 1930 2371 2127 879 801 2206 538 1803 112 1516 1664 2039 1446 874 1526 2763 1670 1030 1735 1379 2730 1682 2290 320 406 730 2783 2662 1580 1295 1005 1493 1193 1347 516 2490 1511 673 242 1969 1345 593 1366 1243 2418 2516 403 969 1079 656 1201 421 1494 248 336 166 483 133 1575 961 1550 1649 2844 2548 1792 591 1594 2648 1485 1913 2158
858 200 618 2017 1008 649 1994 1650 1021 2232 1746 305 1929 533 619 331 1156 113 1438 471 1598 1967 655 2352 2715 999 2794 1875 2199 1262 1274 455 1127 478 383 2654 2306 1692 2687 872 1941 2311 1022 356 2486 1330 1730 1568 2407 1117 1099 2316 402 1955 534 1635 2429 2611 668 33 1761 2610 1124 2343 430 239 2244 1317 1715 643 1275 290 467 2308 326 525 580 2237 1335 2690 2531 1303 2467 2821 1378 1011 2173 346 1873 806 1314 2698 1612 1018 799 661 1465 138 216 2301
1561 309 2368 1019 63 230 1590 93 824 982 1176 1194 1197 1482 2381 374 895 528 2729 2129 1353 341 2447 2523 683 575 1838 1660 1785 845 940 2242 2190 1856 1693 2180 2422 2780 265 2202 567 1181 2431 1988 379 2550 1507 357 2019 279 2493 576 2114 95 2547 1691 2414 1749 1743 2106 930 2733 596 1919 369 2020 1382 777 1087 2607 751 919 226 522 2281 2495 2695 2630 2080 1528 2111 1975 2036 132 2605 107 2604 1161 1593 462 1177 1517 1179 1410 1583 1398 149 1713 639 321
2507 1405 612 823 2098 380 221 1599 2163 72 997 1752 1778 2115 1963 1404 1796 1023 724 453 2713 1201 1934 422 2274 2044 965 258 2309 201 2032 156 943 1904 2482 2501 409 1808 2140 450 2577 334 710 1413 1688 2097 2585 1359 2682 1415 1301 1145 1819 1736 451 2171 1367 188 1531 2328 1524 1791 2055 2478 2403 2077 1880 1651 1381 1058 401 167 719 1567 1566 2416 1047 1171 2457 556 1584 2287 6 1676 750 2469 1114 1600 1401 1565 1860 2553 2315 1916 133 509 1208 446 2346 141
1801 2089 2277 1886 2323 215 2041 842 1427 395 529 2759 1798 1230 962 572 1463 646 790 856 1928 545 739 1149 862 2736 658 1175 2054 1728 898 2542 964 1951 754 436 2504 677 2183 2541 2320 442 589 1900 2319 364 1962 540 1653 101 2178 2040 723 1433 328 2238 737 598 531 789 1997 2644 2445 2665 1849 766 1075 1776 240 979 727 1677 1952 722 2000 292 2756 1121 797 286 2673 2157 2354 761 2021 29 2224 1876 1689 1204 1418 853 2551 343 2809 634 105 482 218 2615
1156 1929 2407 1117 552 2610 1655 200 1314 1598 1831 2794 2061 1921 2017 999 1875 2352 113 2232 668 1008 455 2819 1692 1262 326 1612 2199 580 2343 1568 872 1730 2429 2654 2611 1022 525 1706 290 2311 33 2301 1143 1873 1018 2181 138 1048 799 1274 654 1011 363 1746 452 239 1021 1111 295 2698 653 305 2306 2693 1994 2244 2715 2059 331 1635 1967 2687 1955 649 534 356 2164 2237 1941 1505 2531 1010 643 619 1275 1317 2335 771 1438 471 782 655 2212 1327 162 618 1135 1335
2404 1889 1029 2707 2714 1663 2464 2501 2287 312 2650 231 2044 1190 1146 769 2735 180 473 2411 1934 675 181 965 1623 472 1803 2528 1658 1688 1253 732 1790 2816 620 1172 922 319 1826 1933 2834 1565 2048 1122 2071 957 563 637 2753 2646 1862 1173 2761 1624 197 645 2205 459 2725 2094 2366 161 1796 433 221 1313 1083 2574 1096 2826 586 1218 2289 1808 1023 2084 1002 1775 489 201 1606 2591 908 411 984 1895 2482 2461 2781 422 793 148 1550 2767 1679 2840 109 1820 900 1644
2561 2458 1872 2471 1384 335 1842 208 2587 2782 595 559 1753 1125 2777 1908 2419 437 1233 2544 360 2307 2386 2506 1676 480 585 1953 1139 26 2309 48 2195 2046 1772 2121 1420 2084 662 1726 1406 67 977 2358 259 2724 1151 970 1870 2676 760 1417 74 539 2580 843 660 2476 2130 2769 2353 1848 941 981 1004 72 103 404 1495 1830 2601 2230 415 2663 1320 2056 2841 1488 1085 710 1613 300 2241 1288 1916 340 2668 702 2346 1204 2826 530 848 2171 1510 1225 2150 778 1172 2582
1227 2340 2372 1278 476 805 2011 1755 1994 2212 1327 162 963 1543 562 2306 1823 699 649 1109 1885 1761 1852 2693 31 1763 1283 51 46 1050 305 2168 1317 2765 2789 2237 316 2261 2194 2352 1873 2199 1314 1967 1991 661 1917 1021 771 1409 872 1135 2467 1756 1635 2610 346 2562 1378 1022 1153 1216 2017 2100 999 402 1875 669 1303 356 1598 1438 471 655 1746 2690 2173 1011 467 1395 484 1127 1692 220 858 2253 2338 2707 2687 1274 2213 561 331 2764 1435 1974 1240 1568 2279 1461
612 72 2747 1145 1415 997 2163 1599 453 380 1808 141 2775 2098 1872 2587 595 208 1404 724 164 823 2274 1736 2476 2507 2561 2458 585 1688 2055 1676 194 732 2591 1139 1261 221 620 1023 1085 1384 1710 2782 1490 335 1920 1628 2009 1772 731 1717 109 848 1163 981 760 297 401 2655 174 1922 99 2679 1004 2150 399 2122 1047 1835 2840 1388 1495 2474 2309 2357 1160 710 1830 1222 1878 1487 103 1323 2287 793 156 2056 2601 2600 1218 1488 2328 1854 431 943 2084 2841 1870 1978
2685 1450 1791 1687 2310 603 830 1171 1454 1595 153 835 2018 2073 2573 953 2405 2388 903 1402 2551 126 684 2624 1767 1107 1310 2395 2672 993 2239 1426 1491 277 1359 1371 1028 488 2159 1950 1690 276 1077 2453 1289 2524 2146 2161 118 2752 2314 1574 1387 1400 1973 1147 916 35 2702 808 871 1845 2718 1470 2264 2620 2425 530 1960 1778 2667 294 592 756 1467 2609 1646 32 778 2234 187 688 382 779 768 353 1170 1277 1579 861 2824 2258 920 1331 809 2572 541 736 1210 420
391 2338 741 1273 1240 1764 2308 2698 619 2616 2100 1097 2168 2335 508 1429 1216 2440 670 2253 1843 2164 1941 661 331 412 1409 625 2091 344 1789 1008 241 1099 2822 726 2213 2061 786 1921 2798 1998 740 239 2712 507 131 1994 2597 1283 2632 138 1048 305 2687 521 2570 2177 363 2223 654 1942 2155 2465 2505 780 1635 478 1781 1395 665 467 1275 1813 2244 1612 405 1662 1153 1907 2340 2285 643 2486 324 2611 2774 936 31 649 1967 481 2693 836 505 2232 2311 471 1438 2228
1277 2161 2058 277 118 1371 2573 1331 1460 1920 2395 2310 1579 2532 808 382 778 2388 684 903 993 2462 2239 2721 530 1989 759 2600 916 1310 2792 998 1340 1077 2525 1854 2685 359 2233 276 2655 2702 517 2018 1450 2672 2159 1028 650 2752 1950 1705 1690 2666 1916 1171 2667 2605 595 2314 2601 1147 1471 2778 2284 1938 1673 83 942 1583 1769 2073 2647 369 1467 2575 6 2684 2620 1180 1667 811 1387 153 1973 57 1178 2496 2276 2392 1426 401 2254 1186 917 825 902 2033 2734 688
1409 1994 305 2100 1216 2340 2338 649 2168 1967 1780 1039 1635 1278 2070 1823 1885 1475 46 1109 1317 31 1227 1240 661 2237 1438 471 963 655 162 1543 1021 699 2693 1873 1050 1761 2212 1327 2789 349 805 131 383 2393 1283 2352 478 1127 1314 2223 2765 412 389 331 1755 223 1274 1273 2486 1303 1124 1756 2505 2465 561 2610 1852 2155 2059 2213 476 2306 113 534 2232 1141 430 619 2194 1598 2562 505 402 1101 2654 726 1730 2372 1008 858 316 2311 2708 61 356 758 2253 418
1483 2554 1224 1044 924 1147 1678 373 603 376 830 1178 871 1990 2718 2275 2700 2453 1732 372 488 2513 339 445 393 1073 16 1620 276 1016 1672 1382 1738 863 2317 1837 44 1631 2518 1487 2136 1221 419 2696 759 1133 1387 825 2161 269 1057 2530 996 385 648 591 993 1758 1767 1421 1229 1491 2695 294 144 2666 2524 1713 1480 1980 2600 650 1646 448 2239 2262 2563 2702 1749 1310 1750 1450 2060 1244 1120 2268 2336 2785 2395 1371 1200 777 584 1996 811 1914 845 2332 666 829
719 2128 1359 2585 167 1778 450 1567 509 1351 1566 1651 2815 1546 632 1963 2682 99 1791 1367 2081 401 2123 1157 2140 2097 2457 2416 1860 190 1846 1531 914 2746 1871 1061 2095 2448 1114 1413 174 451 1301 466 1063 1470 1977 2034 2469 1235 1171 768 1515 2545 1687 1621 2042 446 710 1058 844 1981 2328 1493 688 1854 2258 763 869 1237 1201 1747 2583 1522 133 258 1354 2264 2171 873 1731 2426 1385 1163 2077 2478 516 2711 2315 1068 2824 2379 2793 736 2768 541 778 303 382 2613
40 2778 57 2605 2388 2058 903 567 1583 1769 982 1340 1181 2601 1988 2630 2454 1186 917 902 2033 2254 2383 841 309 887 1277 2792 2447 684 2841 2754 2684 920 2080 1525 522 688 2675 875 277 2692 2310 1919 2180 1391 1561 2239 284 2258 1323 1371 103 2368 1975 767 998 279 2349 357 916 2174 2550 1980 1507 1667 457 1019 1973 1178 63 2276 528 118 639 861 2702 824 845 2824 811 2573 575 808 1028 2159 1950 1690 1488 2563 590 2234 32 187 477 895 2525 2804 1460 2620
2523 522 2368 2080 2129 1194 230 2447 1626 859 895 2684 93 777 47 2383 1561 1382 1525 1785 2190 1996 1856 1451 2180 429 2605 1186 1818 920 2281 1482 279 940 2550 1507 2019 357 902 2033 917 2254 751 824 2114 321 2778 1713 2651 1130 1693 1410 811 2020 1091 2630 2106 2422 1323 2239 1179 95 63 1177 1019 930 1257 1975 1488 1914 1590 2785 1838 683 1391 2149 2656 2695 2242 284 2780 1178 2493 639 2111 2536 107 1161 1517 379 462 818 1138 14 2559 1304 2202 1665 564 2058
2630 2383 2605 2254 2033 917 902 2754 798 1186 887 567 522 2080 1459 2778 493 2058 1391 2242 63 1019 2114 2841 1389 2805 2804 1372 2347 2701 1259 378 2489 920 1869 57 689 2125 2621 2780 1748 1734 2525 1323 2233 457 359 1087 2360 775 2368 2586 1805 40 1277 2447 824 1169 1561 2667 2792 1028 2234 578 590 1690 2276 960 2159 2258 32 187 1950 1115 1769 1451 1525 885 1551 998 1608 1229 2684 126 1482 1361 2326 2624 1590 279 1488 2550 1507 1693 321 284 1453 1467 357 1669
2404 1258 2213 1270 741 1013 2725 2223 223 1409 1216 1994 2338 649 2100 305 562 2340 2168 2071 2707 131 46 220 1974 1273 1109 1823 2789 1961 2011 1694 81 1278 1635 1099 1967 1050 2693 1755 2253 2212 1327 1885 505 805 1543 162 1652 963 2231 1873 699 31 2764 1227 2681 1917 1852 1240 740 1991 1317 1314 2237 1332 1097 772 2765 2372 2335 405 2173 2306 1774 511 2481 1822 349 1477 1135 1274 2508 2616 331 645 1756 1124 508 955 1438 2562 471 1429 1039 2440 661 655 847 1764
372 1990 2702 1980 2530 996 1387 276 1837 759 1178 2131 1672 1483 591 2700 1587 2496 1768 833 871 2275 1147 1732 1229 1678 1158 488 2161 1851 393 1552 2453 2732 83 1620 830 603 2718 2307 445 2395 651 1221 6 811 2239 441 1450 1016 44 1646 339 667 2633 942 2454 1525 1491 118 575 1975 2695 1523 211 522 226 284 845 863 294 373 2125 2263 1421 2684 1057 2080 814 1833 1488 2524 1583 826 867 1460 2431 1996 998 1133 1277 385 1767 1224 2383 777 584 2792 803 1194
2737 992 1362 232 404 310 1212 1810 2509 1064 247 26 300 2668 84 2188 865 340 925 559 1954 1204 2582 1004 2558 1897 1346 2135 424 1225 2046 1334 2350 1406 949 743 2544 184 2076 480 1417 520 1323 1870 977 970 2358 1428 2724 2676 2084 1486 1151 1343 67 1130 1908 907 2386 11 1845 259 104 689 627 2148 2652 2503 260 2649 1665 1576 2471 941 48 1740 1412 1269 662 2121 843 105 1722 103 432 1944 1288 1657 1953 297 848 1830 900 1103 2423 111 1055 614 335 854
494 329 140 1711 1223 1064 2688 2503 2010 43 2188 804 785 1902 2470 1388 662 232 11 1582 2599 1282 995 1944 2657 2424 2639 1464 1417 2361 2438 2683 647 2569 1563 1617 1586 1777 1868 2714 1658 194 1663 1473 715 1185 1204 335 2423 2498 574 2436 860 387 2057 2230 2035 1486 2333 1954 502 622 219 2248 2291 1627 482 351 1328 2813 2076 2564 259 1899 2544 247 2413 135 977 981 2148 2295 2652 1613 225 1489 735 168 26 2580 1406 524 1810 2009 2582 2135 1945 559 278 1123
574 2361 171 140 1223 329 2639 1899 1617 1868 1336 2160 647 2485 2057 482 146 2564 2424 2683 1902 2230 502 2582 335 995 860 2436 1282 2010 247 494 2470 804 2291 2688 1563 2286 1464 1185 1388 2035 2599 715 1582 2498 1452 12 2569 43 2188 1064 2438 1711 2333 2503 762 1121 2657 735 1663 1777 2714 2200 2813 348 1627 1328 622 1596 1658 194 686 1586 1123 1422 1417 2248 2130 168 1840 1045 1369 179 278 2649 1437 489 2652 977 1473 2076 2148 524 2580 981 1754 1489 1954 2762
2424 2842 1799 657 1439 1092 860 1172 2766 2564 1899 1412 260 2683 574 368 647 2057 1725 408 1056 247 335 2361 2230 948 502 2291 1876 482 1902 12 1617 140 995 2475 49 1223 713 1282 2382 2728 137 2569 990 1613 1586 2333 2657 2485 2742 2470 278 1878 1754 2688 329 2107 2503 804 550 2480 497 623 637 1627 1185 2438 116 2714 1663 2813 911 308 1868 1388 712 1045 1422 2826 494 2200 1700 1582 2599 2498 2670 2708 1148 1944 978 2606 1041 674 1464 2010 715 627 1658 43
2417 2697 1309 2034 2758 1844 1865 1936 2095 1305 1591 454 1806 1286 2450 325 2801 1581 2156 638 2492 1732 717 1040 1005 1073 2446 1069 20 1682 2246 8 685 94 1649 678 336 1316 1424 1636 1020 2795 2081 1120 1052 1094 1498 195 745 537 1790 2535 538 1783 1131 1242 1794 1360 605 2735 2545 929 222 2006 744 71 1684 2434 448 874 774 1446 1445 1678 991 354 1311 2631 2196 1047 2243 2722 1425 1560 2028 1456 1671 1174 1621 1142 2553 2087 1630 2275 610 809 2096 1750 2642 815
1533 2178 2113 545 1841 2143 2638 24 1266 240 967 1804 2320 1677 328 2238 2615 2413 436 2408 135 215 989 1448 1175 1231 407 572 1296 1798 1230 979 658 1928 2120 754 2323 1383 2183 1951 2542 589 1478 1149 1728 707 1213 737 1900 2640 364 2566 101 2040 520 1945 2533 646 1265 739 80 1542 2354 540 2066 1210 304 66 1733 2172 19 1312 898 812 1093 1984 119 286 1765 2472 789 2756 341 29 1166 2054 218 2031 2495 293 2224 2673 2644 2021 499 362 2430 634 853 901
2479 2316 1955 2552 1650 2370 858 1026 533 705 618 849 120 1746 2181 1335 877 2265 633 200 1135 890 2311 2814 1099 2715 2173 1472 649 2819 2306 1117 2610 1929 1302 1961 2017 1156 1010 2689 245 1598 2144 552 2105 507 2199 458 238 771 138 772 363 2407 2164 654 740 1048 2773 872 33 2794 1008 1921 2061 1967 1111 999 1314 449 2352 2244 455 786 2611 1275 1262 1875 1964 113 1612 1941 1021 1635 534 2429 2500 1974 1018 2687 331 2301 619 1730 180 806 1781 1873 2789 670
559 2046 26 1406 2544 2737 2386 480 48 404 2358 977 2724 2084 992 1362 2676 259 1151 970 662 1870 1417 2580 1225 2121 2471 232 1953 335 981 2419 1204 2582 310 2130 1212 2506 2188 1064 2561 1810 2509 1908 2230 340 2668 1346 1307 194 2826 2361 2657 1172 1663 168 2241 247 1658 622 178 674 2714 2564 489 338 1328 524 735 161 497 84 1489 860 2009 900 297 843 848 103 925 1384 1323 502 865 1954 1872 2458 1486 11 941 689 2307 415 2076 2782 1428 1412 67 585
2441 555 2134 427 783 142 2267 315 982 2415 2827 2622 2568 1430 2723 1017 683 1838 866 1919 868 1161 2757 983 2111 2733 2117 1517 462 2131 2078 554 227 845 1553 191 429 2695 575 1759 919 2380 1197 1628 1847 1194 1980 121 2129 2217 2211 2 681 2729 1914 2785 2064 1996 1561 1590 895 875 1390 2702 309 2493 1236 47 861 841 2700 441 528 2633 777 93 1660 802 1672 1158 2732 1552 1482 814 1973 1768 226 2431 1528 1585 1749 775 493 1805 1091 2180 1851 803 2586 743
2084 1870 1895 900 2626 2344 161 2676 970 769 1313 2753 2544 2724 489 415 259 2386 977 1658 1663 2826 1172 1417 2714 2358 1151 559 26 1253 404 480 623 518 2289 2769 2419 1208 793 11 1486 2009 74 1406 1953 1204 2582 1908 1726 48 1346 231 2307 194 1064 2241 2130 1796 2580 2076 662 981 2046 247 497 335 1437 2121 84 310 463 260 2230 380 1954 1428 2737 865 2503 2315 622 2148 674 2135 168 784 201 906 2646 524 2652 2649 2657 2361 2564 338 925 319 1307 1328
1648 1906 268 1445 2640 506 2093 1296 147 2055 423 119 80 2808 697 788 1286 213 565 2576 2142 536 2539 1941 2090 344 2831 790 274 569 1865 1730 815 245 864 526 1806 1500 138 271 2455 625 1305 1052 1048 1240 670 1190 1097 786 653 987 2627 2617 2411 1662 2689 449 1408 2164 1220 1923 1844 2781 1998 2440 481 1781 2747 1813 363 2037 2720 2280 619 1102 205 2061 141 1273 2616 2597 1764 1789 2308 507 2005 654 1187 1843 2177 1942 1921 324 1338 2632 1456 1926 2570 840
635 2832 1416 1096 1029 1948 1082 905 2133 181 1319 611 2735 987 312 1880 2816 2627 2631 675 904 624 1150 1250 1891 2339 2762 85 2574 1006 1738 556 188 1405 2044 37 2790 638 2362 1261 2528 1218 30 2065 606 1226 691 1167 527 1993 1308 1381 1694 2397 697 510 281 2553 1652 2529 486 1623 978 563 1444 180 1414 1404 2185 947 586 2337 2781 1046 1023 2088 1215 2646 912 2366 443 2779 319 1305 2005 386 2753 1866 1253 237 605 1051 1468 1309 1102 2560 1936 938 1649 2697
217 2635 1622 600 959 2200 1337 1540 2823 1329 974 2186 2710 1618 2709 2838 846 1411 2427 317 642 2330 623 2255 2374 307 1349 2305 1330 1060 570 1964 158 892 976 1338 348 2714 1663 1122 185 2221 1070 957 264 1 1009 1067 2481 1365 573 2455 147 2412 1927 1458 2839 231 2498 713 2229 1658 1983 769 1861 547 1034 2155 741 1071 1449 481 577 2811 2513 115 223 1764 891 2617 856 2162 2683 1987 894 2826 2486 2639 2424 746 647 2382 1172 637 1313 2071 969 38 1556 2569
451 1301 2140 530 1778 1058 2097 1977 221 2357 1651 2110 1510 943 2491 127 446 1860 2049 1791 1963 490 1331 1367 1894 2622 2392 2315 2613 1290 2171 1566 1600 1718 1604 1524 463 1645 2416 1171 420 2388 1673 719 1518 2282 903 1479 2045 167 1401 258 2507 2755 416 1676 2425 1796 1584 2018 2682 1797 174 2757 871 2572 1981 1163 1199 2452 509 2042 2457 945 517 2146 1629 768 99 759 1289 2469 2718 2161 1978 2551 488 2453 2043 1858 1136 1077 1922 2810 548 7 1085 1371 2658 6
2368 2447 1561 2129 1194 824 230 2523 63 1019 522 2080 1482 93 777 1590 895 1693 2383 2780 2190 1785 1382 2242 940 2114 1626 1856 429 95 1996 2281 751 2180 47 1914 1091 2785 1713 2106 2695 2630 279 2019 859 2684 1257 2020 357 2111 1451 1525 2605 2550 1507 1631 309 2422 2733 2202 1176 1975 1130 1186 845 321 1179 2651 917 902 2033 575 683 2254 1517 1838 2381 982 462 1818 1691 374 379 2729 1749 1410 2441 930 818 2493 2380 1177 2607 1323 2431 811 596 528 2454 576
2395 276 277 83 2573 2702 1732 1242 2284 808 94 993 2310 1980 1450 2239 1016 2018 1371 441 2161 684 488 2453 916 1990 2734 2685 118 1672 2165 372 1147 2530 996 2437 1310 2517 1836 2487 871 1973 1131 2388 2146 1289 903 1077 1579 1387 1851 765 311 2647 1625 339 875 1919 2593 834 2524 1178 1128 630 2275 211 2563 2131 592 811 1620 1646 603 1673 2488 40 776 98 393 830 373 2695 1426 759 2551 667 779 575 1331 492 2672 845 243 1667 2721 2684 2444 1678 1073 1528
20 381 1864 1345 285 400 827 2128 1963 2342 282 1286 2391 64 2815 2204 58 1537 2425 2572 2706 1752 815 844 1188 910 1042 2246 1860 1114 1061 2104 2034 1574 273 1718 163 2103 2750 222 2170 243 2002 2682 1584 869 2101 2433 1098 1591 2662 2268 69 2405 2487 2453 1052 2426 1219 2027 233 2483 1432 488 781 763 1247 1479 2492 809 1295 2095 2012 355 339 2434 1152 318 2118 1858 2124 991 2067 2734 1519 1871 871 2623 2165 2581 2619 2147 1709 1778 2334 393 2293 690 2256 1744
1645 2613 873 1604 1922 530 2426 392 2110 2097 1479 1385 736 541 451 1301 1779 2073 420 1978 2405 2434 2609 20 1574 1239 923 2462 1527 2392 2282 1359 1210 2042 984 1354 1981 2585 1800 1077 2843 2304 590 1199 2824 2469 1920 1943 2452 595 1566 1136 1467 509 779 2679 2331 1367 1718 1237 708 1731 2620 1854 2018 1871 2682 301 2755 825 2655 1171 768 243 945 2379 1977 2150 2752 1673 2104 416 2457 975 1028 1690 1687 1858 7 1950 2159 2045 99 835 588 2239 1821 382 778 1184
488 2453 276 372 1646 1990 871 1620 1732 863 2275 1147 830 603 393 834 2524 2395 1016 759 294 339 83 2165 2734 2702 373 2161 811 1178 2685 1133 2239 1387 1371 1672 1450 2434 1310 1120 2661 1794 1077 2572 2517 1767 2700 445 1595 2518 1678 2718 256 243 2018 1402 2487 2136 2530 996 1980 1073 1483 2170 1242 211 492 2538 1574 2721 779 641 1979 242 1625 2593 1128 1851 808 441 993 410 25 827 2146 2426 515 1289 825 2490 1718 2284 1491 7 1833 1837 2296 44 1355 632
2772 2478 1753 2077 2777 1125 1499 2117 2 601 1628 227 1460 2525 2233 359 2596 1510 2827 1938 2568 1970 778 382 517 1588 315 1443 887 1854 174 2711 2532 2679 983 1747 2111 866 868 2043 2058 775 453 1805 2586 1169 2346 1916 493 2684 816 1165 250 555 2792 582 429 2254 596 2258 2723 917 1734 2033 902 1903 2171 585 32 2313 688 2234 187 369 942 2595 998 1186 103 1277 401 1890 462 1517 684 1705 1390 812 1669 1676 457 1731 1163 2510 2768 945 2810 590 2802 2587
2714 1663 1658 194 2826 161 1313 1895 2084 489 1172 900 1870 231 380 637 2480 1261 2501 622 860 1388 1208 2361 769 2009 2344 2230 2657 335 502 1253 1218 563 1417 2646 674 2241 497 2753 978 2742 623 2676 2626 2724 2044 2606 1282 415 1878 2130 735 2358 2544 2287 1185 1489 178 48 1307 1328 1151 1437 49 408 2580 662 981 1406 2564 970 965 2121 338 1613 404 2386 948 1953 2591 168 977 1881 559 201 2046 524 259 518 1599 480 26 990 1582 612 2599 2707 2470 2708
2619 2484 2229 616 2063 203 2844 2138 1034 1234 17 798 1539 2515 352 1509 583 837 1159 1632 2554 1432 158 1447 969 2068 651 124 1995 2513 1602 1358 2776 894 1536 2162 2278 2574 1214 38 342 237 551 2448 2109 1812 636 130 262 2003 2153 764 2576 867 188 2456 2731 2374 570 1988 1816 527 1181 90 1458 2269 256 2771 299 2675 891 588 2758 1514 1133 376 2127 307 2490 267 1982 1449 1758 648 716 385 706 976 2174 880 2327 573 2385 1863 1270 1341 242 1925 577 2186
1219 243 2170 765 2658 2647 2018 1136 984 2487 2721 2682 908 2426 1989 9 1673 2593 1407 392 445 1367 1579 2042 2685 630 2573 1625 2097 422 1920 98 776 1239 1566 1512 65 873 896 916 2284 1791 2517 1426 1201 1105 2405 2165 2453 488 1604 2734 353 719 2474 1854 2840 1061 809 2551 1933 1718 945 2189 451 592 1301 277 318 2661 1550 2483 7 1271 1054 2662 2147 1152 2027 1638 2462 1695 94 509 1042 463 813 2545 825 20 64 1036 736 632 54 2416 2457 2793 1479 2045
673 593 874 1446 166 2662 1550 2187 2206 519 320 2069 2151 2356 2127 1345 2490 2581 2209 438 538 2092 1947 2139 1347 1682 1794 929 1120 3 1642 2002 800 17 869 282 1247 2446 1352 2170 2730 403 827 2661 2256 1574 2820 2461 1718 222 256 991 1850 2588 1294 2619 2833 1564 2269 1724 2516 2371 299 1526 1295 112 242 1982 2299 516 879 2290 801 1783 1735 1511 1005 1969 1516 2418 1958 1079 1193 1373 2797 1292 1670 908 1580 809 1152 2156 2034 1649 1675 1863 730 133 406 2545
488 2453 276 372 1646 1990 871 1620 1732 863 2275 1147 830 603 393 834 2524 2395 759 1016 294 339 83 2165 2734 2702 373 2161 1178 811 2685 1133 2239 1387 1371 1672 1450 2434 1310 2661 1120 1794 2517 1077 2572 2700 1767 445 1595 1678 2518 256 2718 243 2018 2530 996 2487 1402 2136 1980 1073 1483 2170 1242 211 492 2538 641 1574 1979 779 2721 242 1851 1625 25 2593 1128 827 808 993 441 410 2146 1289 515 2426 2490 825 1718 1833 1491 1837 2284 7 1355 44 2296 632
224 2057 1473 1899 2248 2813 247 2438 494 860 482 2683 574 1617 278 1489 2582 1055 647 2333 990 2291 2470 2230 335 2361 1711 1328 1596 2424 1563 1422 2076 1902 1282 981 2762 2728 2842 1256 194 2688 1223 2498 2130 1663 26 1388 2714 715 2386 480 179 1369 161 1064 1148 140 1417 1870 1428 11 977 735 925 2724 2188 2503 1123 1700 2569 338 48 502 2676 84 2241 1045 854 1658 178 1437 219 995 2358 2826 2544 1953 489 43 622 2084 1307 2649 168 662 712 2035 1185 1204
81 2828 1923 13 1202 932 2079 2389 698 220 1521 2237 2527 59 2083 2301 847 430 1708 2213 2592 323 2557 740 1314 123 1873 1782 2674 950 872 1332 1037 1038 377 2628 2421 1823 772 2681 1917 947 1111 511 2439 1444 1991 2597 2821 839 1399 2764 758 2578 1024 2654 2250 478 458 1774 1843 1746 1994 1097 244 1003 402 305 1974 1099 1612 1272 986 1817 2531 452 2704 2091 1754 2429 346 1496 2467 1317 799 1544 2372 1122 33 2228 1022 805 1378 1501 1127 1565 1167 1949 1961 51
1194 2129 1482 2368 777 2695 2523 230 1914 1996 2785 93 895 1561 522 1091 2080 2447 1382 226 2607 1626 575 824 845 1590 1713 1749 47 1838 683 1387 2729 2684 1785 859 429 2383 2190 2431 2493 1693 1856 1851 374 95 63 2180 1019 1975 1161 811 1229 1525 2125 2381 2242 1523 930 309 2550 1507 2780 441 2239 1631 1528 2633 814 2699 379 1451 2111 1538 2202 2106 1178 2702 357 2020 279 2605 1672 2422 1186 1257 2254 2630 982 2114 1179 1176 1130 920 1323 902 917 2033 940 2019
518 2307 480 2386 2769 415 1346 1908 906 559 784 1953 2538 1726 2544 2358 1848 26 1151 2007 1587 2076 2676 977 2084 1417 970 1870 1602 2724 1428 74 259 2761 2419 2130 84 1768 1488 2454 2458 2476 1872 111 360 437 843 1233 2150 2561 1203 941 2471 1288 2195 1420 900 48 44 663 404 16 1204 2315 2582 300 662 2800 2146 2782 1384 2121 409 1772 2344 2309 1289 1895 2506 2626 247 2218 1139 2612 43 1954 1406 760 11 1487 2230 2376 539 2008 2353 297 1616 335 918 848
2826 1663 2714 1658 2688 1895 489 2084 1313 900 1870 1172 161 735 2130 518 965 231 2612 971 194 2480 43 1866 769 1208 622 978 2344 674 1045 2606 637 623 2657 2230 860 1933 563 48 2009 178 2241 1151 2358 2121 1596 1417 2361 2676 409 1307 2626 1422 335 2742 502 981 2735 2724 497 415 1790 662 2544 411 2498 2646 1253 1489 1328 715 1437 1425 1953 2564 970 2580 2707 2753 201 338 1406 2708 404 2386 977 2650 2046 524 259 168 559 26 197 480 621 1613 2401 380
2291 1899 2683 574 2057 1617 647 804 2333 860 329 2580 2569 140 1902 995 2010 2424 2657 1223 494 1282 2361 686 247 408 2470 225 2230 335 2688 502 1185 2035 2438 2639 1388 1473 1464 715 2813 1754 2599 1582 1711 2728 1876 1437 2188 489 1840 2498 1328 735 2503 977 482 1123 2248 1064 43 2148 1369 524 1777 2652 179 2649 1563 1663 278 1868 2714 1586 1627 622 224 2076 2009 981 219 168 1486 1012 259 249 497 348 1422 1596 1045 1658 2130 990 322 194 1406 2582 1055 1613
977 524 489 1328 259 168 1406 981 2009 338 735 2580 2046 2676 1307 2657 970 2724 2358 2652 1151 2386 480 2649 2148 1953 559 502 2361 2544 179 48 1870 2084 26 2564 1417 2130 674 2826 2121 1437 662 497 622 2241 178 1369 2230 1123 335 686 2714 1663 2639 804 194 1617 1658 2035 1172 161 1489 1840 860 1486 2076 322 1384 219 2782 1204 1346 2353 2582 249 1012 1654 348 2010 992 2344 247 925 760 329 1320 1412 2291 351 1045 11 539 2135 1225 43 1212 1726 2569 1148
205 933 2428 1198 42 1560 2602 1032 270 2303 888 1504 1263 2791 1425 1238 96 106 2750 1222 2623 229 1659 1321 1636 1709 829 1684 1828 2645 629 2222 2483 2189 2201 1862 755 991 2104 1638 1084 2152 669 2060 1374 189 327 1541 1073 691 2726 820 807 1219 2342 384 117 448 738 479 935 1570 2162 850 1436 58 64 1226 1054 2476 844 2410 183 1807 2293 1519 2197 1750 1322 584 985 2655 1066 604 1661 1080 2443 2631 434 2514 1654 275 498 2101 1744 973 1324 100 2520 2146
844 1515 2655 419 2682 509 2457 768 1171 2146 2567 22 1289 1871 54 1413 2585 1354 763 1531 2572 2110 1359 710 2815 420 1114 2612 1778 1604 530 2613 401 945 1235 190 2042 133 2067 688 1199 1219 1846 1864 2314 2104 873 2049 1136 736 2218 588 541 1519 2310 2426 595 2476 1920 2128 1943 282 5 1695 2346 1467 2388 1977 450 1566 1989 1673 2225 1322 2123 903 2392 273 808 2060 1963 1007 1436 2647 548 1371 2171 1858 684 1310 1916 1894 1239 1028 1254 1690 2161 807 2159 2425
2819 1010 2552 2610 1302 1929 200 1117 2500 552 2181 890 872 772 68 1598 2199 771 1974 1650 238 1746 849 2144 2764 533 633 1955 1111 2306 2681 1135 2531 1896 740 2592 553 2017 618 2794 1967 1827 1917 1274 33 2715 2265 1314 999 1875 1156 1011 173 734 1991 2594 455 877 1262 2212 1327 1021 2557 2352 2105 2698 2173 1635 799 2237 968 1873 1612 1730 649 1692 356 2285 1435 1317 847 505 2690 2232 162 534 507 1109 963 699 1438 471 2343 1823 2370 2099 1543 1099 1852 1008
2458 2544 11 662 2358 1151 1726 26 559 2419 2307 2084 1870 1613 977 2676 2724 970 1417 1172 260 74 2564 259 1908 480 2678 2386 2769 1203 415 437 1233 900 2471 2561 906 360 2582 48 941 2315 1412 2107 1848 1204 1495 743 1895 518 1486 1288 2423 1872 105 404 308 1453 2344 1772 500 2626 232 925 1406 1953 2309 1346 2782 1384 2195 2506 1944 2761 1420 111 732 231 620 2353 2130 2826 2580 784 1819 300 2056 660 2046 161 191 539 764 335 2448 674 1307 2116 247 689
284 2447 1482 2368 2383 2493 859 1996 1626 2684 1382 895 230 522 2080 1194 2523 2129 1851 688 919 2699 309 1538 1161 1087 887 2630 429 1561 34 2536 1975 279 2550 1507 47 1525 357 917 2033 902 824 1186 777 2254 2106 2656 2149 1277 2019 1631 811 2454 2114 1451 596 2605 845 2216 2651 2666 1104 803 2695 321 650 1590 397 575 1691 1179 107 63 2754 1019 983 982 2247 998 40 1713 1916 2607 1178 2239 95 1387 2242 1410 1859 2780 1914 57 2180 576 639 2525 2785 93
708 94 2738 1718 2749 416 1862 808 2027 1679 2487 339 820 1042 1479 1858 1128 1625 2593 392 2801 243 5 852 41 776 2081 2045 98 2132 652 765 1836 381 2437 411 2256 630 2517 1260 2391 2363 166 83 1537 2318 1865 1105 459 451 1584 1301 795 154 2097 530 1989 2417 543 1579 1745 1267 2170 20 254 2734 2795 1152 2165 2110 809 318 1052 1684 2208 2157 1211 770 2147 1222 744 2755 1800 2535 1604 1709 2520 2707 2049 1958 1574 2647 1643 2392 2697 929 796 1286 1219 1606
1017 2622 2757 2415 2134 451 1919 1301 1759 861 2075 982 492 1161 25 530 2357 1815 1894 2110 2049 681 918 105 289 83 555 2488 2085 240 875 121 2441 446 2590 1058 2097 1851 1838 803 683 1558 2437 2723 1539 1778 2064 814 142 2140 2267 2131 841 513 919 2551 2 1209 1990 315 592 1552 2732 949 2416 1585 2026 1604 1980 1973 2699 2695 2702 191 1800 1538 1528 2493 2380 2459 226 528 895 1387 2018 372 294 2258 441 1996 345 1672 1768 1229 2138 2755 1158 1523 779 2388
291 1118 1299 1168 261 1886 2248 696 1793 1143 2598 92 314 426 1689 1680 968 2024 1475 2402 2809 979 2786 176 2814 1597 1134 1297 677 1801 2813 12 711 523 790 2736 2759 175 1252 1141 2041 1647 721 1972 1473 395 722 856 598 407 797 24 2089 671 1427 2799 1648 215 2539 1839 1311 964 1433 2143 2541 587 1121 1472 1164 1952 1268 962 1547 2277 2806 2644 634 1117 2665 27 2808 2430 1335 1849 2283 1463 2566 1452 2406 1867 2615 2178 1266 1312 1065 2354 1562 1984 734 2822
482 1962 1121 150 862 672 2319 790 2485 343 171 2506 1363 323 1336 2582 1462 494 1751 2292 785 2182 797 2141 722 692 44 1886 2719 856 2665 2838 725 2828 2736 1547 292 1204 1126 2294 677 2475 1849 2589 2445 1954 1223 915 1344 2248 351 146 1452 1771 1997 2037 2378 2089 1256 723 842 1742 985 2704 1473 627 1677 828 1576 2354 574 215 2720 2436 1902 2470 2057 647 1881 1012 1282 137 1427 249 1754 2041 395 2160 1463 2564 1388 2286 995 1899 225 207 1577 2010 140 329
1663 2714 1658 194 860 2657 1328 1417 1489 622 2361 2130 735 2230 335 502 2826 2241 1307 559 2580 480 497 2358 1953 48 2386 674 977 2544 489 981 524 2046 259 2084 2724 970 168 2564 1151 178 1172 1406 2121 2676 1870 26 662 161 338 2009 2470 715 1464 1261 637 1185 2424 647 2438 2742 1282 2683 1388 1777 2498 1384 1866 1064 43 1582 1902 2599 1204 1586 2188 2248 2582 2813 2782 2569 2639 2010 247 2762 1346 2688 2503 1711 494 278 995 1486 2480 2333 231 140 1627 1563
816 1854 1460 1920 1989 2600 778 382 1705 2122 1903 663 1235 1594 1493 1331 2276 595 2233 1277 916 2161 401 2058 2525 359 2587 208 2532 2655 1290 1372 2347 517 2672 530 2701 2802 2392 1259 2805 2804 2489 1916 1938 378 277 1621 825 1977 2346 759 1717 749 369 2426 2077 1114 2682 2478 2043 736 1499 1943 541 1970 998 1436 6 1747 2792 1467 2471 993 2595 1846 1609 174 873 1611 794 684 2752 1136 2462 2310 1981 942 2274 32 2234 187 2510 2254 2561 431 2711 2679 2573 1028
2069 438 2356 1347 519 2588 1594 1564 2581 2187 1295 1675 516 869 2662 166 1493 1345 2209 874 1947 1682 2206 2139 2151 2127 593 2092 673 2461 133 2820 1550 2833 1724 1649 403 320 17 1193 538 2490 1292 1079 2371 1982 2797 2418 800 406 1574 1494 1446 1522 1580 1516 112 2290 2299 242 1930 1794 884 1454 1120 1621 663 2269 2548 2516 1511 1005 1969 1030 2545 1526 929 2002 282 1925 299 1792 1735 1436 1850 228 1485 730 2672 1863 908 632 2659 2170 2783 1718 1609 1670 2730 2198
769 2084 1870 900 161 1895 1313 489 1663 2714 1172 1658 2826 1253 2626 2344 1208 2676 970 404 2544 2753 415 48 559 1406 2724 2121 2580 1796 977 2046 2009 2471 1417 981 259 2561 26 2386 194 662 1151 2358 231 480 623 2241 2289 1953 518 497 1437 335 2419 622 201 2657 2646 380 674 2230 2564 2840 524 2361 2769 1328 860 2480 793 1307 2130 1908 168 338 178 637 1489 735 502 2742 319 978 1225 1420 2195 1320 563 360 433 437 2606 1204 1486 1233 2458 2582 1384 11
2131 1158 2732 1552 1980 1587 2530 996 1768 2702 2307 1990 833 2718 2482 2761 415 651 372 1387 1837 1229 906 591 636 2454 1450 2395 211 2239 1178 1851 1488 2684 57 2496 811 276 1483 603 294 1975 441 830 1491 83 1525 1620 203 1672 488 284 445 2453 1147 522 44 2383 1057 2263 1833 2080 2419 393 1996 1646 1678 814 667 871 803 2275 1181 1732 2769 1988 2138 2538 2700 575 2633 2491 777 2695 226 345 1447 918 845 517 1170 1791 1523 1421 1979 2315 648 867 584 764
400 1205 2619 1345 2385 1752 827 498 2012 798 1432 381 466 1509 2706 2581 588 1670 2203 2278 1536 1042 2103 1537 2204 58 2101 285 64 2391 2342 69 1188 222 2362 1803 1061 1502 425 1649 908 1550 1864 1184 409 991 984 1247 2128 708 2631 1098 2807 690 2750 869 2002 1326 375 1574 1120 774 719 685 2104 2196 929 454 282 1794 2334 1355 2243 593 1309 166 2738 673 3 2170 1642 1454 538 874 1718 2623 1352 1133 2124 2446 2256 1783 1295 2662 2661 2069 613 2545 1401 403
1916 2346 2478 2077 998 650 2666 688 2171 2313 517 2058 401 382 778 2802 1460 2792 1277 1938 477 359 1499 1331 2525 2233 1854 475 2595 596 1235 2252 1171 768 1510 1669 2043 2532 1163 2772 2768 1361 983 284 993 1734 2596 2777 1290 1753 1125 530 2122 6 1583 2752 1354 1846 1970 1859 816 887 2161 2684 118 952 1186 2601 1359 103 95 2123 1340 2605 917 1747 57 2254 2033 902 2049 1531 2679 40 2748 684 2510 1920 1588 1959 2754 2109 2310 1471 369 2778 595 431 1989 1981
1920 54 1695 1705 942 2600 1105 813 1989 2685 2045 1739 6 9 759 1331 1854 2682 2721 2161 2018 2395 243 2647 1136 2487 2462 2517 2658 2573 2434 277 2392 749 1367 595 765 1673 2170 1625 2655 512 1579 2734 1460 530 2165 118 2593 1512 2272 401 65 1770 1508 2284 99 2661 2587 208 825 2452 778 2426 382 1646 916 1794 2042 1277 809 276 2425 2453 2310 488 2405 392 174 1271 945 2532 993 776 1000 98 1718 632 127 1371 151 2097 1554 2609 318 2314 873 2459 2476 1152
1570 1490 1183 1315 2641 712 48 2410 925 2182 1882 1504 1986 1458 1251 2494 1203 2050 550 2216 2608 909 2841 1908 1616 1878 327 1657 1045 1323 398 117 702 2502 1004 1130 689 1665 300 2668 2601 2263 100 1340 1488 1144 340 2376 153 297 1343 848 1578 2401 370 2604 104 103 1654 111 691 1453 2154 985 1696 1848 1830 1148 1113 1487 992 310 2150 2737 1362 2431 2134 64 106 474 728 1810 1845 1462 738 2509 2141 384 1084 1901 901 2350 1587 831 2214 1605 1957 2471 1041 934
2439 950 638 2466 1544 2628 2527 698 685 1319 1069 405 1844 85 2837 1521 2083 377 1049 2836 1444 1272 1843 1250 1096 2770 30 1708 2597 635 947 2735 1381 2213 670 1806 1337 1496 938 744 2185 1099 2011 1376 2758 1591 2627 334 624 2389 2228 1218 565 1926 1694 2556 2005 2367 1993 169 180 1038 2105 2177 1456 220 2570 932 1167 1416 1129 81 511 1202 507 2617 1782 1052 2795 972 1817 1501 1976 611 1122 136 1826 839 2599 1582 594 1305 2822 173 1284 2534 1961 123 1630 155
990 1909 1256 1613 2333 860 2458 1489 662 1866 915 2361 2230 1261 1328 660 335 48 2580 231 2353 2782 2826 360 1307 2307 1726 977 559 224 1172 2386 1848 2358 2724 524 2564 2309 2544 259 674 1663 1658 2130 2676 1151 970 2241 2084 178 489 74 168 735 1834 480 622 380 1953 2714 2506 1384 539 26 2657 161 1417 497 194 2046 502 1772 1870 338 1872 437 981 1420 2009 1406 2728 1233 2195 1320 2121 760 1908 2471 2561 1703 2419 1288 1473 1033 2769 2742 247 105 340 2057
2395 1016 441 1672 311 276 2702 1528 1851 2695 2524 575 845 1980 1450 2239 1523 373 2573 1973 339 2453 277 488 492 2437 863 1260 928 2488 1836 515 211 1919 2700 1646 2459 2018 25 2310 875 83 1990 1667 811 1147 2530 996 1387 808 2284 2563 372 814 916 1585 2131 777 871 2494 993 1626 1128 1178 2336 2685 294 630 1767 2633 512 2684 1920 2379 2575 118 684 603 664 830 1620 2647 1491 2447 579 309 1915 1985 759 1480 861 2275 226 851 2161 1180 393 1732 342 833
2372 586 947 51 1278 2707 1227 2011 2340 1444 562 2005 180 2212 1327 2167 1994 1755 459 805 1314 1305 2466 2789 649 1974 1461 2168 1167 2693 2781 1640 2352 476 2534 1763 505 1135 1099 1820 1050 847 46 2253 1283 1873 922 2770 2339 2597 405 2096 670 1811 220 1549 935 537 511 2335 2764 1961 2179 2837 1250 2365 1218 350 1652 440 2610 2767 2366 2411 1568 2774 2237 1424 955 2367 1109 2822 1991 169 241 1823 2228 698 771 740 1966 1967 2199 1917 1129 963 162 1573 1153 1332
2200 1622 2635 2710 1540 846 974 2709 1618 348 959 2823 217 2838 600 1337 1329 2186 2330 1 1067 642 1009 2374 1411 2305 2255 1338 2481 573 264 1330 623 307 185 976 2221 1349 570 1060 2427 158 2412 317 2498 2480 2382 1122 1070 1563 1464 892 995 1868 1627 1185 1964 1799 948 49 1458 957 1282 408 2708 715 2010 1927 140 1452 622 762 2842 647 1596 2813 1777 2470 2683 147 2424 1365 637 2639 2438 2455 713 2688 1902 2035 2569 2839 2057 1076 2599 1582 329 2361 1223 1439
459 2650 1044 2761 1487 2317 546 517 2491 644 419 236 2252 1916 1738 2167 1483 1255 1057 1382 2666 1471 650 1734 993 596 16 57 2752 906 897 851 2048 1179 1244 2563 1631 1884 468 2060 1933 1679 2131 2166 2707 1364 1685 1795 1158 95 1773 793 2547 954 2732 415 1104 2513 1938 2106 376 2416 2718 1977 1880 411 960 1552 1224 1882 1749 87 2192 115 724 1460 2482 1859 1847 2329 2056 1083 2684 2315 659 2781 1043 778 382 2525 1716 636 832 2216 2233 1791 924 1331 1513 826
1982 1345 1863 1925 2127 827 667 2771 2284 2371 1401 2490 228 1133 641 1509 2581 256 82 1619 2385 2524 1242 1670 2418 2206 1792 166 2662 242 551 2069 2659 133 1735 1550 593 2092 673 874 2138 320 2588 1594 1816 1682 1947 1574 2672 2165 2734 1864 1580 538 798 403 603 393 381 1494 1564 2706 17 830 1042 2538 591 385 2101 1402 2444 2685 869 1718 2170 801 425 2275 549 1120 2755 1649 124 222 83 1990 1642 756 3 400 1373 1352 1595 1454 588 1794 1193 428 1493 376
494 249 1012 351 1954 1204 627 482 1810 2361 2564 2076 1437 1123 981 329 524 322 168 1369 1473 2652 219 1700 1486 2148 2639 259 497 1586 2009 140 1868 1223 2248 574 977 1406 2035 489 1617 1840 2010 735 179 1328 67 2649 348 2657 804 1148 854 1428 1658 2688 1422 2724 1307 1151 161 674 1055 1417 2714 2333 2084 2826 1902 26 2676 278 925 2358 970 2241 1225 1388 2291 2569 2509 712 785 1870 1563 2188 1045 2762 1596 84 1663 2424 1172 2130 1627 1489 559 2544 43 622
473 1834 2834 2464 148 2366 2807 922 2404 2179 2351 498 1536 354 2278 2750 2631 1820 2124 1889 2508 2362 1205 1090 2678 690 454 2012 1318 2623 64 2385 1326 1184 2816 400 2193 375 2376 821 283 1696 1453 2050 1616 2534 1098 1939 69 2706 474 613 2204 58 1380 910 2101 1864 2103 2342 306 381 1358 1670 2334 1042 152 2767 1537 2581 1061 1345 1812 1188 2128 285 1752 2391 1721 827 2510 2001 122 181 855 2203 2065 1381 2251 1082 1610 586 1948 2167 2133 1217 2005 1966 1416 440
298 1238 955 1095 2681 602 2193 306 2030 122 1332 396 932 2231 1278 1521 2834 2791 220 1050 46 414 2253 1545 1217 839 1967 2212 1327 947 1461 51 1111 1573 2764 2340 1994 594 1640 2168 2705 2750 2372 505 2534 2179 405 2226 1227 1291 922 562 1444 2365 836 1991 586 2011 882 740 267 350 511 131 1823 2096 1917 1704 1308 148 2499 2707 2389 1109 1974 1610 1090 236 772 1822 2013 2167 598 2352 1258 1284 155 847 2237 31 2366 1167 1273 1314 162 935 963 2466 699 1543
1870 2084 1895 900 984 2826 908 1658 1663 1550 1172 2714 1313 161 489 2840 2344 769 422 2626 201 2676 415 338 1208 2195 2580 518 404 1201 2753 64 730 2544 559 1420 2386 2724 480 2046 1054 231 1788 2646 1953 981 970 1151 48 623 2358 1417 2121 26 463 409 1736 977 2241 2315 259 662 194 351 1295 437 1392 1233 760 1654 1406 1412 1401 1225 2769 1454 2471 1574 2009 992 1740 282 2130 1407 539 502 2545 1772 2170 674 2619 708 978 1718 2419 2104 166 991 2480 1796
2638 757 80 1296 2093 1533 394 213 1265 1266 119 2320 754 558 2615 1231 1834 2354 1448 24 2756 1906 898 1478 2644 1383 2333 286 901 1879 529 175 962 2172 2143 2277 1312 1984 1952 2472 607 1798 1175 658 1793 2408 739 572 29 2323 1597 1728 2533 1149 2566 1393 176 536 789 2295 646 2090 245 328 1433 1839 766 2510 2238 1427 2178 2142 1648 1035 1248 1801 36 707 2054 1390 407 1945 2224 979 1733 2031 677 598 2413 1473 2041 964 135 1475 192 1841 679 225 2089 696
589 1900 364 101 898 727 2040 1928 2495 1427 737 2542 1197 328 341 2238 2759 1149 1951 658 1728 789 1137 1175 1542 215 436 2000 646 2729 714 1798 374 2546 251 723 2054 2266 2656 803 572 2399 93 1389 1590 25 226 1776 1298 664 66 105 2381 1230 2504 2089 333 919 1091 1288 754 1161 1576 1194 2493 895 1838 683 1653 2551 2129 2320 1196 2172 1257 1749 16 1166 1229 2699 343 2125 1525 1538 528 1558 1996 1043 1457 1914 407 2695 2183 1387 2776 1103 777 2785 1561 2784
795 1537 425 381 2738 827 2749 2391 1684 1267 2256 1345 166 1042 2118 1958 2027 2001 1352 94 2801 2170 1718 2706 285 2593 2363 1625 796 71 2318 1247 1188 1120 2132 929 1794 543 2517 2661 1642 3 708 2204 946 2691 1574 2417 874 776 98 2487 630 2446 1550 991 593 1446 2662 2147 673 1263 1440 2437 64 2342 1709 83 1762 1836 400 58 820 604 1152 1285 2619 318 869 2581 1294 124 629 1432 1260 2206 2734 2165 1193 222 557 320 1128 1015 82 282 2002 973 1373 2514
1778 1791 1963 509 1367 2097 1566 2104 451 1301 719 2662 282 273 450 2682 2457 2170 1454 1401 2069 1201 133 2416 2545 1295 1860 1359 1515 2140 2128 1171 403 2018 2067 2042 1718 516 2585 2793 1574 1546 2264 844 2425 2198 588 2452 929 1058 2034 2755 2661 2004 243 881 1136 167 127 1604 1567 873 2315 7 1651 984 406 2081 2246 763 1642 320 2551 1531 3 1794 1977 1871 592 869 2426 490 256 768 258 2524 2572 1584 2658 1114 166 422 401 2685 2002 1239 1637 420 2815 2418
2423 11 2333 135 2295 2413 743 424 1334 232 1944 662 1473 1617 2057 2544 2291 2688 1486 2580 2683 335 1711 647 18 1899 574 2230 329 494 2569 2438 804 219 2813 140 860 2657 995 2361 1064 1902 1282 1204 502 2424 2503 43 2582 1613 2498 715 184 247 84 2135 1464 1563 865 1223 2188 1383 1596 2130 2470 686 2639 2010 1842 225 2035 2248 559 1185 735 622 1945 1045 2386 1582 1422 26 977 2599 1448 1663 558 2076 1417 480 1388 1055 925 1777 1627 1868 2714 2458 2148 1428
991 2840 1550 908 755 1638 984 1933 613 2645 2104 422 1736 222 1201 445 2461 1643 490 1709 888 196 1247 221 2256 2362 2189 1958 1684 1054 2619 2204 124 1625 1636 1436 1120 708 1355 2738 827 1345 1401 700 2482 1002 1407 1174 2208 2432 869 1309 2816 2623 282 1581 2170 166 463 2002 127 1352 2581 2206 1807 41 1642 2446 1222 3 2713 1718 1794 1574 538 929 2661 197 593 673 1030 365 997 2662 320 2753 1454 2750 1697 1498 1321 256 1621 376 1392 870 874 2507 2730 1788
2263 370 1570 867 2431 1480 1602 1672 1979 276 2702 584 445 1587 385 1016 1851 1523 117 1178 575 2395 2239 1450 226 1802 1458 845 441 2530 1980 996 1768 2454 1691 2695 2131 1073 1487 1491 2444 1488 833 2633 2700 2496 2607 1341 1194 211 664 2684 2129 522 1975 284 811 230 1382 1626 2447 2523 2368 2383 814 1198 1837 1482 2080 1882 1144 327 393 1387 1525 1158 1990 2494 2007 906 851 373 2136 372 1203 784 1147 777 1767 1833 1911 1490 1483 339 2307 1758 2278 871 2410 111
992 1362 2737 2046 404 232 1406 2121 559 48 26 662 2471 1212 1810 2509 1417 977 2084 970 2188 2724 1870 2676 2358 1151 2544 259 480 2386 335 1953 310 2350 2580 1897 1908 2558 843 2668 340 1334 424 500 981 1901 2506 1004 184 743 2230 194 2130 1658 2657 689 1663 67 1307 2826 2241 2361 735 674 168 161 627 338 489 524 860 1328 1489 622 497 2009 1172 2564 1323 2714 178 247 1845 502 520 1225 1204 2582 1064 1346 2561 300 865 1954 1269 1384 1412 84 702 1944
1499 2772 2 1460 2478 2077 2777 1753 1125 1628 2233 2525 359 382 778 1938 2596 1165 942 1854 983 1510 1705 2532 2684 1588 517 1970 2117 1916 2111 775 1169 1805 2586 2600 688 429 191 601 811 1890 1443 2679 2663 2609 684 174 1747 2254 493 369 1517 302 453 1186 2234 32 462 917 103 2058 2033 902 187 2161 555 2346 1731 816 1310 250 749 2313 2276 998 596 945 1235 1277 2757 1989 1734 2258 585 1028 590 2595 401 1690 2159 920 457 736 759 1950 582 2314 541 2043
2499 1650 2389 330 1335 2814 598 120 367 618 2681 1111 1532 1332 200 2316 533 2592 1964 671 2173 890 414 2370 2534 633 2479 1746 2181 2265 2017 2552 152 1955 2464 1010 2715 244 2231 1164 2725 594 2306 1099 252 705 772 2819 2193 2556 849 2366 1135 968 2610 2099 872 2794 2690 1896 1998 2557 2365 306 858 1961 2028 4 1889 1117 1339 383 649 587 503 68 1956 452 2199 2773 1598 245 1967 2144 2396 2770 1314 847 2237 1991 2764 740 1974 1976 2500 1655 1302 1820 1182 1917
2663 2042 1604 294 54 873 916 1136 1719 2426 779 945 1367 1271 742 2682 509 1854 1731 1567 1063 1753 2532 2777 1125 2647 1705 1154 1989 2416 2457 2018 2600 151 778 1368 541 382 632 736 1068 2026 401 1673 1359 32 187 2234 2459 516 773 2551 2145 2392 2310 243 1920 1770 2085 208 2587 1646 1239 2721 2302 2711 2110 2 1531 2658 2452 7 2685 1871 2170 595 1566 1165 2258 2824 1651 2097 1171 1739 1527 920 1821 2073 288 1237 277 1371 1833 1426 1512 1413 65 2573 1058 2585
2138 2484 616 203 376 2844 17 1200 256 2127 2490 1539 1133 837 2524 1447 1982 871 603 2189 352 830 2275 488 991 222 1120 2453 1242 1990 1147 1620 651 591 551 1574 2554 1595 1925 1758 276 393 2718 1732 372 2165 1483 2109 1678 2734 1863 648 1602 242 1057 2161 1632 2170 2771 1401 667 124 1178 445 1234 1402 2002 969 1794 869 2661 2662 1642 3 1352 490 282 83 673 1988 834 2299 874 1371 2446 1718 1077 1550 593 44 827 929 2572 1181 1735 166 1247 1345 2672 2125
2439 950 698 2527 2837 2770 2628 2597 1544 670 1843 2228 2083 1038 1521 1099 2177 507 1708 2164 2689 1976 2389 138 377 654 2534 1048 1500 2105 2367 938 363 2096 2836 180 1272 2091 169 1008 449 521 2005 1612 1153 1662 1250 936 2565 2611 2617 1218 30 2181 2213 2335 241 1202 1381 1918 788 85 2774 822 2137 1496 1974 2822 81 2556 1444 220 239 2632 173 2185 1097 1907 932 1941 2308 2099 1921 1111 2061 947 1501 1929 1896 619 1817 1314 839 33 2372 1781 2592 740 455 1262
898 646 2054 2178 737 1928 1900 364 2040 589 101 328 2238 1427 714 1801 727 754 2759 2320 545 2644 1230 1149 1728 1175 658 2542 967 240 215 1798 436 572 1951 2472 1804 2089 1298 1137 2656 723 2495 1653 1389 362 2323 1542 2000 1883 66 2546 989 2504 1197 789 407 341 105 1231 1558 1841 2183 1288 333 2249 1166 2784 529 2733 962 1213 1776 2041 2277 979 2551 2541 16 856 664 842 761 2172 395 286 2113 1265 964 2066 1886 118 2496 766 304 988 567 499 2224 2579
590 1459 920 2258 250 767 2073 2234 32 187 1720 2605 2254 1186 917 902 2033 2630 1898 2123 756 2326 1410 1028 1690 1950 2754 2159 2276 2080 1323 522 1608 2667 1833 1391 2679 2489 2233 1372 2525 2347 2804 2805 1259 359 2701 778 382 1115 378 1818 926 1975 87 2302 457 2349 2621 1869 1731 1748 693 2469 777 1138 1734 564 1361 2624 2242 2360 126 736 1107 684 541 2532 578 775 1542 1786 1805 2586 1451 689 1971 1443 1535 1169 1970 2058 2125 2036 493 1551 2546 14 1525 688
868 2441 315 2267 866 142 1553 2078 2827 1430 555 2568 427 783 2733 1236 2117 1517 462 1699 878 2111 695 2211 493 1513 1847 775 2586 1390 1805 1169 949 2380 184 1431 424 1492 1334 743 802 2217 2 1017 601 1759 554 2723 429 2134 227 2622 2202 681 1890 1499 1179 983 66 2772 1542 1019 63 1940 2258 1628 689 293 2020 2415 1086 824 693 1478 2019 1588 2536 2281 2745 2368 751 121 95 2550 465 1507 2106 279 2233 1176 2525 14 2254 2242 341 357 1900 1971 1786 1383
545 540 2818 1397 1834 952 1765 2115 2784 2123 1231 2346 1163 1266 2109 2122 1354 548 1359 1361 768 475 1199 1901 22 975 1554 687 2768 1916 304 1872 688 1171 1394 998 2171 1846 951 70 2613 420 1007 477 2433 2585 813 1235 558 2496 1616 2478 118 2000 1370 1196 446 1953 284 2077 1494 1864 201 744 1778 1871 509 567 2257 760 401 2572 2121 6 1515 2067 1252 225 1531 2425 2682 72 1035 328 2238 2457 2309 282 588 910 133 1965 2104 1674 763 1413 710 1114 844 812
420 2150 373 2462 1077 2239 1525 1985 1147 2695 871 2399 1043 1199 2609 1603 1767 339 2395 1451 1387 1016 2176 55 875 835 1180 2559 1244 956 294 475 441 25 759 993 1626 276 1286 1130 522 2080 1922 579 777 2523 2788 1257 825 2700 1601 2618 1591 2129 2453 1194 2304 1672 488 226 1996 2563 2494 1836 1574 1138 859 728 1973 2447 2047 2752 429 1184 1128 1178 2073 2426 1528 1520 1851 1331 2702 506 47 811 1028 1690 230 2843 93 379 928 2667 2573 1171 2159 1382 1950 2640
2399 1161 1091 683 2729 1838 1590 93 2381 374 2266 251 919 2603 875 2493 2180 1043 982 2409 895 1525 47 751 465 1996 14 2281 2699 1538 1818 1542 2036 2112 2125 581 1138 341 2176 55 1257 1194 1559 2114 1103 1304 777 1528 2695 1077 2495 25 1919 1561 614 1786 2129 1130 1971 907 1451 1191 1749 1898 859 2559 1985 1333 2618 2787 226 861 1457 2072 1207 1229 579 928 617 1900 589 364 66 2536 379 1914 104 2595 101 1760 2785 2368 2332 885 1712 2019 940 1115 2447 1137
2664 1508 2696 1287 993 825 1331 459 2392 2752 873 1370 2748 1959 2373 1981 102 2802 2346 1916 1479 1854 742 778 960 1747 382 632 1891 2532 1483 2416 1734 1136 1719 975 2085 1920 1669 1567 1455 2426 641 1989 2262 1705 376 2167 2591 1068 1359 2596 294 1604 516 2357 2583 798 2490 756 2418 2123 1833 542 1237 736 2326 916 2234 793 914 541 759 1426 1687 32 1239 187 509 301 2042 410 151 2008 779 1527 2434 1922 2258 1595 208 2161 1351 1460 2587 2073 2585 749 2647 401
757 2638 1266 24 2143 394 558 2093 1248 2031 1834 1533 1952 213 80 523 2142 1296 245 2333 540 2408 607 119 175 1265 679 754 1141 2090 2809 192 1433 225 108 1299 1168 1383 1475 52 1231 1648 789 1473 2059 131 598 1715 418 2615 1481 2320 2070 1876 2644 964 1018 1472 407 696 1721 268 840 2539 653 707 2024 1070 901 2354 1879 1801 1356 677 1448 1056 898 1906 1829 1039 1452 2808 2041 328 766 2413 1024 1780 1427 2238 1553 2295 2054 1215 2089 569 2566 426 2736 1945
2048 2386 480 518 415 918 784 906 2761 2307 1738 16 2249 2769 2496 2454 2263 1525 826 445 1758 1602 2718 1229 294 1483 833 393 2383 1990 2395 2007 1057 1678 1536 1158 1767 522 2453 488 2684 276 1552 1768 1387 2278 811 2538 1833 1178 2275 2732 603 651 636 1620 1147 871 1979 1451 1646 2080 2524 1488 2702 1133 1587 211 1732 830 648 1837 2482 44 284 591 1975 372 2131 1491 1447 1450 2530 996 761 1980 2239 70 328 2238 1083 813 1554 843 1370 1812 420 582 759 1916
242 2151 1526 2516 1511 1969 519 438 1735 1682 2209 2069 2356 2139 1947 516 2187 17 1079 2092 320 800 1442 2680 2662 2833 2490 1005 2206 2371 1863 2127 112 1850 1446 2588 2461 2763 2290 299 1355 1724 969 410 1670 730 773 2269 2581 1564 2418 403 2661 166 1292 874 538 801 593 673 2797 1794 133 591 881 1201 1675 827 1455 908 1550 1347 1930 1580 1792 544 406 2820 879 127 1112 2299 2755 273 256 1345 1294 929 656 1642 288 1373 3 1913 2075 1575 2170 1516 2730 2783
558 979 1418 176 1266 1492 1553 569 2227 1952 1699 2217 754 1431 1393 2093 199 571 1562 1383 733 540 757 1296 1448 293 1093 2333 135 2078 802 1945 2064 2413 1390 2031 119 1427 2615 2320 80 2089 1478 2295 1231 1265 121 921 2566 1801 1793 1033 1686 1867 1533 2644 1473 2638 2756 2354 707 2029 286 328 898 2238 2277 2743 1689 407 240 677 1299 1168 529 988 2178 536 184 332 878 2384 789 193 2472 696 105 634 24 315 2090 289 658 1175 2786 572 1300 2323 1433 2430
1536 2278 445 636 1318 2678 2807 2482 821 2094 2263 1797 1979 690 906 1158 2718 784 2048 2007 2732 1616 393 603 474 613 1552 1602 2769 830 1678 1990 1483 1178 1358 2275 1620 764 1819 1450 2761 415 1732 1147 871 2131 2453 1980 276 44 372 1491 1738 2395 648 488 463 1205 793 1837 1133 2524 16 1387 2702 2239 1447 1646 2530 996 1758 2684 375 1767 2650 651 1933 826 833 1453 591 2538 1184 918 811 645 1057 1451 1525 2303 2496 522 1172 1833 2307 1229 294 1170 23 2383
815 2576 2758 1632 2844 2455 837 2675 1286 1052 744 1447 527 237 2138 1449 2554 163 38 1652 1341 203 1995 1539 2189 1069 264 616 1987 2650 1214 2484 1181 1988 2570 1049 20 1862 2068 2515 2246 188 537 2109 651 894 1812 573 2186 1602 506 2339 1865 2327 808 2795 342 1122 17 1509 352 2284 115 1206 459 1358 2003 1990 1982 2315 2620 1960 2667 1371 2627 2275 2146 603 570 2018 2165 1620 2572 1289 2395 118 2310 1077 2734 393 277 267 1467 2314 2055 871 2702 1426 1147 1767
1293 1088 1756 1095 1841 125 2253 1278 2372 2011 2335 1240 2340 241 1273 1764 2511 2440 1227 2707 741 46 2168 508 51 892 2789 223 1109 1994 638 505 2338 1314 1967 649 2212 1327 349 1429 1135 836 740 1409 220 1822 1755 1461 2100 1991 305 670 847 131 2306 1652 699 30 1097 2223 1823 1543 963 1010 2236 1852 1873 1050 1885 162 2610 2693 2215 405 805 2237 1394 562 1942 2173 1820 1009 209 955 1099 391 1216 1187 2071 31 1153 2481 1332 2764 2213 1291 1635 1317 2597 2822
644 2765 669 2194 476 1761 2261 134 1823 162 2562 963 1885 1543 699 1109 1994 661 1852 46 2340 1153 2708 1227 316 2306 2212 1327 1050 2352 305 2693 1278 31 2372 1763 1101 2467 872 561 346 1378 402 1127 1395 1011 2393 2168 1317 1303 1438 331 471 2707 1022 484 216 805 655 1283 467 858 2237 1598 356 1435 1873 2442 459 999 1275 2279 1875 2011 2059 2690 2017 1409 1592 2687 1216 1692 1715 326 1991 525 290 1635 580 758 2343 799 1967 1746 1755 2173 1274 1917 2100 61
1753 1125 2772 2777 2 601 2663 2478 2077 1431 227 315 1499 2711 2568 887 2117 1165 868 1390 775 1805 1169 812 2586 866 493 2258 1628 32 187 2234 250 2684 1890 289 2723 555 500 1731 2254 2033 902 695 917 945 541 1470 736 429 590 688 1734 2827 684 2754 2596 1821 1186 1460 2276 2302 1268 2605 103 2525 1720 1669 554 1372 302 2804 2347 2768 811 920 2805 2701 681 1028 457 2489 1259 2622 2233 191 378 2621 1690 1510 2159 2469 2360 1950 462 878 1517 359 1869 1748
2114 751 2281 1818 93 1683 2036 14 2180 940 1590 1304 2019 2176 55 2190 1785 1856 2422 2523 1760 2106 2733 1177 1712 1043 2559 2550 321 1507 2651 279 104 1138 2020 1559 926 357 2605 1517 462 1542 824 2381 917 2254 902 2033 2112 95 1186 885 2618 1410 1019 680 2368 2111 581 1786 63 1693 1971 920 617 1179 230 1451 1115 930 1103 1106 2080 522 2630 1130 2202 2149 2656 1430 142 2267 818 1176 2242 1551 895 485 2780 265 1323 1525 2536 2729 379 1391 1561 1093 2603 126
2048 22 1688 1083 2055 431 2510 732 620 2274 2600 1920 1989 2392 1460 2777 1753 2478 2532 2772 1499 517 2561 2077 1705 382 1125 2525 778 1290 530 2802 1854 1938 2233 359 1510 208 816 2655 2587 2161 401 759 595 2043 2346 2171 1916 2810 2334 459 2058 1277 1331 1747 2596 174 2792 998 1891 2760 1524 2595 585 1676 1443 2761 1621 1970 1628 1471 1981 542 1196 1977 1862 1583 791 399 2008 2182 2679 262 2056 2643 2122 942 475 118 1163 468 2117 2684 1734 1681 1808 2491 582 2496
2320 754 1798 2323 572 1175 658 1728 1149 1533 80 1296 898 2615 962 2178 529 2756 1448 1265 2644 2354 2277 215 1928 436 1478 286 1312 1984 1266 1230 727 2183 739 2542 2638 328 364 737 2472 1900 2238 2040 2172 101 1951 589 1383 119 29 2533 2566 707 24 646 901 789 979 176 2054 1945 1801 2408 2224 1733 2143 1427 1906 1841 36 2089 2413 1390 135 240 2504 967 536 2759 2430 1804 634 1231 1298 1834 2113 545 1093 853 1653 1886 2041 293 2579 2541 540 19 2495 2021
589 1137 364 1900 101 727 2040 2542 737 1298 1149 658 1175 1928 1951 1728 1542 1653 2579 614 2495 215 436 1798 2112 1389 2739 880 706 572 328 2238 2546 581 2072 898 1207 1786 1971 1257 2172 1230 499 1166 66 2656 1434 2759 341 2409 789 2066 1727 739 1087 2787 286 2207 374 1213 1086 2320 29 1427 754 2321 1093 251 1743 2036 2547 2022 1191 1103 485 617 407 723 218 2000 989 2323 2673 2178 714 1760 2021 949 1712 1304 2267 2381 293 2120 2640 142 907 646 926 1551
2774 670 2597 507 2770 1099 2822 1974 740 2534 2837 2005 1129 1461 1278 350 553 2193 1240 1544 1302 1273 68 2335 649 1961 2764 2789 2228 1135 505 241 2372 1843 562 1202 1097 2616 85 2168 1314 1967 847 771 30 2367 51 2185 169 1755 698 2177 2712 947 2340 1429 2096 665 2610 752 741 405 1227 1549 805 2681 2440 1010 508 2253 772 391 2439 1021 1521 2285 2557 1991 1444 1929 131 877 2105 2338 1764 618 1635 2011 1907 1694 2181 836 1612 2212 1327 1650 33 2812 2322 1998
1834 1906 536 2510 1879 394 337 1533 2117 1390 2596 1681 1628 2333 607 1557 2660 2262 1495 2458 942 2346 1499 1083 453 1891 901 2643 1916 1702 2274 759 2816 2043 487 2782 1697 2772 118 732 2476 475 2171 1629 2810 582 1471 1139 2496 620 951 2587 6 1621 1797 1981 1524 791 1331 1688 2425 1163 208 599 1920 1676 1085 335 1384 585 99 816 1232 1583 399 285 1119 2802 2420 2093 2679 2600 2392 2525 530 1909 595 1277 1903 1510 517 2595 1002 2233 2122 2655 1854 1808 1872 943
1831 452 1655 1117 1156 1335 2715 2407 200 2794 1143 1706 2061 1921 1099 252 2396 33 383 1875 1929 999 2557 2099 295 552 2285 2352 1339 618 1974 2814 2017 1262 2674 455 449 1021 1955 1730 2181 1111 1008 1650 92 27 239 1314 1274 2059 2819 670 2164 2822 89 968 587 1647 173 1438 113 471 2091 1612 1018 505 1692 138 668 698 1048 2232 1967 1843 1924 1873 655 740 734 1976 799 2236 363 2301 2611 2311 2531 1961 654 2199 1941 758 326 1635 2654 580 649 1011 1024 2610
1866 971 2688 231 1315 2608 1910 1148 387 1422 1183 785 1949 2348 1041 715 550 1627 712 1640 1878 1045 2421 2498 1817 978 2606 2705 207 2436 2010 1282 225 1902 2470 1388 1848 178 2286 2424 1464 2503 2831 1251 140 1582 260 2599 146 674 995 136 1754 1046 51 43 1307 2502 965 882 2270 1223 735 494 329 804 2130 219 1563 398 2826 1151 2358 1185 1064 1596 1076 647 1123 1255 1711 491 2683 2141 2410 2188 1605 1757 1777 313 2708 1261 2378 1336 911 2438 194 2657 622 1881
2011 2466 2372 2167 606 1994 2133 51 1884 836 2707 1227 2340 2212 1327 2168 2836 562 2228 220 1278 586 1640 2501 2693 1907 1167 1314 1873 1038 405 2253 1050 2096 2365 1823 1308 350 698 932 847 223 46 511 123 1782 2177 505 1444 1461 236 947 2352 1991 169 955 772 2389 2237 2837 2705 1763 1917 2335 1109 1202 81 1284 2781 553 1095 396 963 2367 162 1456 1852 699 1097 459 298 1543 1755 1761 805 1885 935 476 85 2774 241 1332 2534 305 440 1694 2764 1429 1317 1774
2725 1889 2557 2228 2352 1976 698 1757 955 1532 173 932 2556 2794 1521 1974 2177 2396 2372 1994 2837 1182 849 169 1278 1873 220 51 1761 383 452 1967 1635 1111 405 1477 252 2105 89 2011 2690 2681 2389 1998 2285 740 1049 1506 46 521 950 505 1409 2367 2466 33 1117 872 1314 2617 367 2212 1327 670 1050 2237 562 2340 1097 999 418 772 1875 2531 1099 1339 200 847 2767 295 2610 2365 1831 1929 1011 1274 1822 2168 305 1438 476 799 2764 1317 471 1823 1156 2253 1024 1022
1817 136 2599 1582 2083 1501 1949 2421 1003 1041 2628 2439 1754 2527 2389 1496 1388 950 1381 1708 2378 1586 2594 698 2592 1399 1218 1250 938 377 637 972 2720 238 1782 1439 313 1202 2534 1261 932 2836 877 68 169 207 59 2470 934 1521 81 713 1477 1896 2144 2265 2286 1757 2617 2674 553 173 123 2099 323 2553 244 180 2819 1910 1337 387 2105 1272 2181 1255 849 1122 705 1544 2608 13 2837 1881 1282 220 1826 1955 2591 1376 2828 2770 1051 413 2367 225 2598 1038 2213 986
746 1234 2221 2109 2484 1665 1447 880 706 38 158 1551 689 2125 756 2123 2805 2804 493 1361 570 1451 1372 2525 2701 2258 378 1259 2347 1734 775 2667 960 1805 457 2233 2586 404 1869 2489 359 2621 1459 1028 2003 2033 2254 917 1169 590 2234 1748 902 894 2360 2159 1690 522 2630 32 2546 2326 2754 1950 187 2605 1115 920 126 2080 2073 1391 1845 2624 2276 1186 578 1323 1608 1107 1995 2456 1987 1449 2186 1389 90 891 1938 1181 1669 2675 1988 2016 1460 2788 778 382 1354 2595
207 2286 225 1076 491 1464 49 1282 1185 61 387 2470 192 1910 715 408 1777 948 296 2683 2382 1018 637 108 1775 2708 1481 52 1754 1592 2421 1937 2010 146 1787 647 2424 2436 140 1902 1039 995 2025 1639 464 2070 1388 2599 139 1582 1041 418 136 2562 113 938 1780 2688 89 1817 383 525 653 534 255 290 390 2498 430 1715 806 1465 2438 1730 2301 1441 2244 2429 785 2407 1635 1356 1757 971 216 1275 939 753 1021 2352 389 2569 2720 1255 1949 2142 471 1438 786 305
405 2096 2466 2168 740 836 698 2253 2597 236 955 1994 932 1456 2228 935 1521 1097 220 123 1038 670 51 396 2365 1278 350 2177 2835 1050 1998 1640 1099 2212 1327 46 847 1240 2372 448 1314 241 1884 508 2335 2681 1273 1284 1153 505 2774 2340 2352 2822 2440 2705 741 1907 2237 1461 459 1429 1444 665 1873 2770 2167 2707 2837 1332 2781 1549 1227 2764 2411 1967 2616 1612 661 1305 562 947 1291 2011 772 391 1942 1789 2091 1095 553 1974 1823 1635 81 1764 1843 2557 2687 839
1775 1464 207 637 1910 715 1663 2714 622 491 1185 1076 387 1282 1866 1261 2480 2286 2708 860 2382 1592 2470 231 1639 2657 1787 2562 194 1658 1417 49 990 2361 2683 313 2442 2230 502 335 225 1777 2424 735 2130 647 2421 2498 1489 1328 644 1613 1754 948 296 214 1563 1218 1250 1041 61 408 1817 146 2010 1902 136 2436 971 1582 2707 2599 1388 785 1949 1381 1937 2688 2241 995 1679 380 402 497 1627 1384 2458 484 48 977 1872 140 2084 922 2307 338 1757 161 489 2782
2419 2315 906 415 57 559 2544 203 2131 2454 2601 2761 103 2841 1587 1488 1768 848 297 517 900 2116 1323 26 437 1233 2307 2769 2056 941 843 916 2310 2328 40 277 688 887 1158 2732 1791 1552 2684 2395 1908 480 211 2561 404 2386 2416 11 2471 684 2263 1401 1340 1186 2573 2058 2254 808 1980 518 917 784 1450 902 1830 2692 2033 2753 2258 920 1676 2718 2676 2349 2702 1726 2084 1870 1170 833 284 689 998 811 2239 636 2491 1525 2344 1486 1178 2482 1895 2626 2605 1578
2485 2292 2719 2704 2141 1433 482 255 692 2182 1892 125 2062 2760 1074 270 2037 1403 2625 2582 1279 447 1577 2051 106 862 2048 2766 343 485 323 1344 1751 189 206 262 278 1214 2334 1287 672 2776 90 100 913 2319 2152 2717 2008 1071 2263 1336 1189 1882 117 1824 444 1072 925 171 395 2427 1962 2412 1376 828 1183 712 48 842 2526 260 1931 2828 2158 1570 1297 1927 2220 647 1458 587 1771 1802 1281 2636 1878 2410 642 1037 867 1427 2301 332 460 1315 430 1121 2385 1677
726 1127 1438 471 655 305 2486 2505 2465 331 1409 2100 402 1303 2467 346 356 412 1378 561 2338 478 1216 467 643 1274 216 2232 1140 1875 1598 1761 1441 1022 2690 999 2698 2155 2687 1021 1994 383 2654 1317 1692 2765 1568 1124 1275 296 806 2821 31 2393 239 534 113 2308 1506 316 1283 1011 799 1885 390 661 2199 1395 2343 33 758 2429 430 1635 326 1873 290 525 389 2070 484 580 2531 1008 1039 1330 2261 2693 858 1967 619 2794 872 162 2352 699 963 1543 2025 2611
2343 245 525 290 139 2280 61 1692 1441 2690 1761 643 2467 2059 346 216 356 1378 296 799 2199 2687 1598 2654 1317 1022 999 402 471 1438 1875 872 305 655 239 467 838 1127 326 1274 580 1506 1248 2025 331 49 33 1873 209 207 408 2821 1275 2017 2232 1730 1097 1787 2173 31 2194 1141 726 1303 668 2393 1746 2236 2611 1395 1503 316 1282 2693 192 1011 1994 1937 1885 478 2352 561 2794 1756 383 758 1435 2237 476 2261 1568 1156 2306 2142 653 1592 200 162 2610 89
108 52 1481 1018 418 2070 430 1465 1715 753 2301 113 1275 2142 2429 2244 390 534 192 464 806 782 1635 2407 653 786 89 268 216 780 478 1039 1831 2025 139 383 1441 2821 61 1780 525 471 1438 1127 290 305 655 295 245 331 467 2690 1761 758 1994 2806 2467 456 2654 455 1730 402 619 1262 2505 2465 1356 939 346 1378 1024 1021 2794 2486 356 2059 2343 643 1022 2232 389 2687 1941 2352 1506 129 1598 1008 1330 296 668 1875 1662 999 1156 1503 59 1789 2311 49
2123 2073 920 2258 2234 2326 32 756 187 778 382 2667 564 590 1028 2233 1690 2159 1950 2525 359 2276 1608 2254 1372 2804 2347 2805 2701 1259 917 2489 378 1186 902 2033 1323 457 2605 2754 1970 522 1361 2080 736 578 541 2624 126 1734 1451 1107 1731 1869 2621 1359 2360 257 1748 2630 1391 1527 1138 1720 1818 2125 1845 1645 1551 1821 2824 689 294 779 1459 914 2609 2546 688 1115 1470 1833 998 812 1914 792 2016 775 2785 1805 1992 2586 14 1687 1354 684 1235 1169 859 1199
2385 2012 381 1042 910 2103 1318 69 1205 2334 2678 2101 201 1474 1670 2750 285 1030 2391 1002 2706 196 2362 1380 943 2483 984 400 445 1933 1170 355 1188 2631 2094 613 1752 1643 2204 2623 2832 1537 1345 2713 1061 2027 1638 262 1201 64 1054 1550 233 353 1379 474 490 745 827 908 2128 454 2581 2840 2050 1006 58 2001 2342 221 690 130 2293 991 2104 2425 2124 2718 1040 2366 422 2405 1322 1247 2081 809 2152 443 1172 435 603 821 1066 409 1554 830 869 197 498 2492
2333 1944 2291 2057 2683 647 1899 574 1617 860 2424 225 2438 2569 2688 1473 2361 1902 1586 1282 2230 494 995 715 335 140 329 2470 627 2498 804 497 1012 2580 2813 249 1700 502 1464 2657 2248 1563 67 247 1185 2010 1223 2035 2188 1056 1663 482 1876 1711 1388 2639 1627 622 1777 735 2503 1422 43 2130 2714 686 1045 1064 1596 1582 2599 278 2582 662 224 2509 1868 977 1658 232 1123 1840 11 1328 1369 1055 1417 179 194 1437 1204 2649 2148 489 2076 48 524 2652 2724 981
1451 1525 522 2080 1551 2624 1107 126 1130 2788 1361 2546 1257 1115 859 2684 1138 2595 1199 2609 2383 1767 2525 1818 2233 93 2239 2523 359 1734 811 1731 1970 920 917 1389 2125 902 2033 475 1186 2254 14 420 2073 230 1028 1690 1372 1950 843 756 2347 2667 2159 2805 47 1259 1631 582 2804 1833 1608 1178 2489 1996 835 2701 2754 1975 2605 457 378 2281 2114 2123 751 2326 2368 2630 1077 1590 1043 2276 32 1323 187 2768 1488 2234 2381 2360 2258 1333 1559 2176 55 2679 2787 777
1194 2129 1914 2785 777 1091 1996 1482 2368 1749 1561 1631 2780 2695 2699 2607 1538 230 1590 93 2523 2447 2493 1713 895 522 2080 885 1229 1257 1387 1382 1457 2125 493 1626 2381 683 1161 859 47 1838 704 1130 1665 2495 1451 341 2242 824 2729 429 226 2020 2383 2332 1693 2114 2106 845 919 575 2192 321 2630 2651 95 2019 2329 930 693 1685 374 1104 1019 63 2550 1507 1525 2684 2431 1228 1043 279 357 1975 1847 379 1773 2345 1795 2637 954 1832 1179 1192 1398 2297 1372 2240
1278 2340 1227 1994 562 2372 2168 1050 1755 46 2253 649 1283 1974 2100 2212 1327 1021 476 805 51 2011 220 661 1273 1967 1216 2352 31 2338 2789 131 305 1099 505 2213 1240 2765 1763 1409 2764 771 1461 955 1274 1635 670 1303 1823 405 1438 471 655 1109 947 511 740 2531 2053 1761 1843 2693 1885 162 963 2562 699 726 1543 1961 1991 2237 1153 412 2226 1317 586 1314 1852 932 350 2261 2306 1873 2597 1127 2698 331 2681 1917 1929 1095 1875 999 2311 349 2393 561 2194 1124
2657 2580 524 977 489 1328 804 735 168 2291 981 259 2009 686 2361 1406 329 2230 335 860 502 1663 2569 2714 2564 2742 662 1417 622 194 1658 497 2724 48 2544 1151 559 2676 1307 2826 1953 2358 1870 1172 970 2084 26 178 2386 161 480 2130 674 1489 2241 2046 338 2121 1384 1617 1223 647 2652 1486 179 2148 2649 1437 2010 2782 219 2076 1369 2639 1123 1840 494 2035 247 322 1868 1204 2057 482 2333 2248 2438 1902 2582 11 140 574 1346 43 1064 348 1473 1899 2188 990
1929 1018 653 2429 113 1655 938 2407 2301 1831 1787 296 1156 1598 61 1662 1775 2244 49 2470 1275 1612 1635 534 207 200 2794 780 782 2352 1008 637 33 2610 999 1873 2017 1875 525 2343 2617 1314 1465 2698 2232 2654 1117 290 1274 2819 799 1692 455 2311 1639 1730 2611 1262 1022 786 668 806 326 580 138 1937 872 2286 1048 239 753 1592 1011 1076 363 430 1568 173 654 390 2199 108 1746 418 1111 2531 295 1481 52 2382 2280 2181 1021 305 1218 491 2557 1435 2142 948
1406 259 168 981 524 2009 977 1486 489 1328 219 735 662 2544 2580 2076 1307 1384 970 2657 2782 322 2724 26 2423 2358 1151 2148 2652 674 480 497 559 2676 2084 1417 1870 48 335 1012 249 2386 2564 1437 622 178 2826 2361 194 2230 2130 1123 1658 1953 2241 1663 1172 2121 161 2046 860 1489 2714 1369 338 502 11 2649 179 1840 686 1617 804 2639 1944 2035 1346 1204 2582 415 2458 232 2135 1613 348 2010 627 84 1208 2419 247 2291 18 437 1428 1233 2742 925 1148 1810
866 2441 2733 429 2111 2568 2267 1847 868 878 142 1517 462 2211 1513 1631 315 2368 1914 695 2785 1699 859 47 230 522 2080 1194 2129 1130 2523 1451 493 775 2586 1169 1805 1091 1996 777 1665 1257 1431 1553 704 2078 184 1713 1492 2827 555 2447 1382 1430 983 1626 601 2684 1525 783 95 2202 2380 1161 227 683 1590 1838 1749 93 302 2020 1785 1482 2190 1773 1856 2383 1795 949 1019 824 1975 954 63 1561 1236 427 582 895 2125 2555 2723 1179 2106 1228 2233 2525 182 2381
2652 2148 524 1437 1123 2639 1369 1617 977 2649 179 1840 489 1328 804 2035 686 662 232 11 494 1486 1944 219 168 2423 2076 259 1012 249 981 1406 2009 322 1204 1473 735 329 2010 348 1954 2361 2291 2564 482 351 1307 2135 1810 2580 2657 627 2333 1148 2413 2544 2248 135 925 2295 1711 970 1868 140 2724 2569 497 26 1223 1151 559 2358 1945 574 1055 1700 48 2582 84 1586 335 67 1417 2084 2676 674 1384 161 1870 260 1878 480 712 2386 2509 1225 2826 2737 1064 622
286 29 1478 2172 658 1175 1017 739 1728 1149 1798 572 754 2472 1448 293 436 1699 101 364 1900 727 589 2542 240 142 1542 2267 1951 1940 1430 2323 2021 2673 2533 898 427 215 66 783 2756 2320 2064 1265 2622 1093 2207 218 1296 2615 1210 2120 1383 878 1945 2640 2413 923 1890 812 135 2211 866 2224 853 2733 695 1517 868 462 1733 737 967 983 80 2111 949 105 2040 1230 315 2441 429 775 2113 1043 1805 2112 1236 2354 2586 1499 1312 634 2430 1984 1765 227 341 1103
1533 2320 1266 2638 394 2178 1296 80 2113 545 2533 119 1383 24 754 1841 1265 176 1448 2143 901 2615 1478 240 1906 707 967 1804 1231 2756 1798 286 1175 658 572 2354 2323 979 1390 2408 2172 898 1728 1149 2472 2093 1945 2566 2413 1834 739 1984 2430 1312 135 634 36 1557 436 1035 293 1093 29 540 536 646 2183 853 328 757 407 2542 2238 304 1928 1213 989 215 1951 364 589 737 66 2040 1210 1230 1900 2673 2066 2224 101 2021 1733 812 1542 1765 19 2120 2644 2640
2656 118 2000 983 2496 1389 941 2149 688 895 2546 998 284 2733 723 1883 2536 1653 1087 1137 1851 567 859 2123 2493 477 646 564 364 1900 1161 727 589 919 101 1298 2759 2016 767 2547 2699 2666 2072 2349 1538 265 650 792 803 1359 737 1180 1535 1207 920 2605 34 2630 2247 2841 2559 1818 1916 1403 1769 2618 2080 811 1382 1975 1361 328 545 2109 2684 848 522 1559 684 1973 2238 2254 751 2567 2114 596 297 2216 2787 2040 917 1996 2033 902 2281 841 1186 1391 1657 1323
498 2030 2726 1205 1502 2303 2791 2245 23 2169 2807 2162 466 2571 2351 1080 1326 2222 1015 388 375 1113 1939 1610 2203 2014 829 1432 400 2508 946 1285 897 2750 1744 1098 1258 275 1556 645 1184 473 122 1545 2013 2278 1032 1536 973 1108 1217 1560 690 1664 308 229 2834 1933 1203 629 236 2268 96 298 2060 2735 189 2124 2464 115 2645 1049 1661 764 2012 1790 850 1509 287 821 1425 2201 2410 719 1321 2541 2619 1679 306 459 183 1013 588 2385 592 1090 1632 448 2197 2466
668 587 2051 255 2062 1021 1433 180 2704 2199 2105 2716 2181 496 1376 618 252 51 938 771 1961 950 2811 1281 1099 1227 1843 805 1278 1755 2789 1929 125 1974 139 2372 1650 1302 1598 1746 1071 2407 2340 2011 2610 1135 200 649 2819 1117 670 562 476 939 1763 2527 2352 2343 2367 507 1027 847 1314 1156 872 1568 2213 2301 1143 1465 1010 2099 2232 1875 2119 113 1730 2025 1873 2654 525 447 999 134 1283 2552 33 326 2486 1018 1692 1756 1008 290 594 1111 2770 2794 1022 2237
1682 1355 2661 773 1242 544 1442 1794 1646 1783 410 242 2516 827 2170 288 2296 2680 2755 151 1511 1271 1969 908 1642 3 127 273 1005 538 2524 253 1732 929 2341 2034 1309 834 2662 1508 2517 2452 1526 256 1863 1120 863 2246 1718 1574 2434 1352 2145 516 320 2299 243 166 94 144 2685 1133 2069 641 71 2453 2490 2658 2156 874 632 881 488 1131 2734 869 1152 2377 2487 2165 2593 2104 2738 1735 403 984 763 991 2545 2417 770 1466 1454 2018 425 1247 765 593 673 318
1682 874 1005 1347 336 112 538 2290 365 519 1581 2662 166 320 1242 2034 1120 1794 2490 929 1379 1550 800 593 673 2516 1783 2545 516 2069 2206 544 2299 1446 1511 1969 2730 242 1174 2763 1309 908 1913 774 2196 2243 1498 1526 2127 406 1670 730 1142 2581 2460 2187 1642 3 2417 591 1247 2170 2356 2446 2087 1516 438 256 1345 2661 2151 2492 869 1131 809 2246 1352 133 2746 1718 678 2139 717 124 2588 2434 2797 1079 1243 1863 2006 2209 1947 1574 827 94 403 282 2095 632
2261 1885 2765 1852 162 963 1543 699 1873 1761 1774 316 1050 31 1994 2194 2168 2237 1395 1317 805 476 2693 1823 1109 1227 2467 561 346 1378 305 2562 2253 2372 402 2340 2212 1327 1127 1278 484 46 2442 644 661 1022 467 758 1746 216 1755 1409 1216 81 1917 2100 220 2306 1303 1991 356 2690 2687 2465 2505 1438 2338 471 655 2708 1635 331 562 2011 1097 1967 1283 2352 1153 2654 2707 2821 1598 1692 1756 478 1274 2279 2071 932 1910 643 726 1314 669 999 1441 1875 456 740
1711 2657 194 1663 2714 1658 1417 502 860 2230 2361 335 1617 622 2742 1328 2580 1064 662 43 1489 1473 2188 524 1406 977 2503 981 2009 259 168 1307 489 1902 494 338 735 2130 804 161 1388 2135 136 2676 231 1582 2724 2599 637 2564 178 1151 1172 2470 1282 2084 2386 1953 2121 1223 2358 970 2010 559 140 2544 329 674 2826 2688 497 480 2241 2046 995 26 48 1870 2424 1464 2438 2683 647 2782 1384 1777 2639 2569 1563 2057 2480 1185 247 1586 1261 137 715 2498 1899 2035
546 1083 1027 1702 2194 582 1441 2687 2690 1605 316 1885 2693 1937 1692 643 31 1317 356 1303 2467 806 476 1761 872 561 346 1011 2199 1378 1438 471 296 999 1395 2232 491 534 948 1756 2611 2765 216 655 668 2654 200 1153 33 2343 331 1875 1852 1598 1568 2352 2261 805 1101 412 2821 1929 1941 1275 1127 525 1314 305 49 1021 963 402 1076 1543 1140 661 2794 162 1994 455 290 1635 858 2317 207 1008 1823 1262 326 2017 799 2393 1022 467 2025 699 580 1487 61 1730
1275 2429 331 478 467 2687 1018 2244 2654 1008 619 786 113 2821 1635 643 1395 1022 534 780 1941 1127 418 1715 758 1612 2070 661 305 806 1875 2308 1438 471 402 1994 655 999 2232 2611 2352 1873 216 2467 390 525 1761 1378 346 455 1262 239 290 1692 108 2237 1481 52 1039 2794 356 138 1730 1048 1568 2690 33 654 430 268 363 2061 2142 1011 1781 1921 383 1441 1967 2168 668 1021 799 2343 1789 1317 2632 2798 653 1240 2338 2164 1465 1097 1929 1780 389 561 2407 2301
2393 1140 1124 644 2445 2286 2053 2539 1037 2025 207 491 61 858 1127 2765 1438 1185 525 139 471 331 49 1592 1303 290 1109 655 948 561 1937 2693 2687 162 1505 2306 2017 1598 1435 2343 296 31 316 326 1275 1885 1875 1852 1692 1011 963 699 305 872 1823 1543 402 999 2279 580 356 484 643 2199 2059 346 467 1378 2690 1317 2467 1022 1441 216 669 2071 1395 2194 2562 476 2261 799 238 1761 245 33 1715 239 1506 2465 2505 383 726 2232 2654 758 1274 805 478 1873
2222 2303 2677 2169 2013 498 2245 2030 2410 23 629 1113 398 1080 2726 550 1545 1074 439 275 2351 2623 850 2571 2355 283 1570 1569 1661 375 1744 1032 155 2162 2468 946 2050 604 973 821 1183 281 1205 1198 1263 2270 306 270 2014 2791 2483 58 1315 2512 64 1939 510 473 298 1380 2608 1015 2508 1326 388 690 327 1556 2088 1857 474 2584 2502 1184 1589 148 266 1358 1203 2521 1251 2834 1496 1458 2263 2376 691 1238 117 244 712 1217 308 645 1802 1664 287 2541 910 2278
2527 2578 81 1038 2213 950 1843 2199 1873 59 476 624 377 805 2439 2628 1782 1746 771 1021 2467 2083 1852 346 2372 1378 220 2389 1022 947 1708 402 872 1444 698 511 932 1127 1692 1317 467 1274 2693 1227 1543 1598 799 316 1761 963 2237 162 134 305 699 356 51 1755 216 484 1885 1875 2654 2343 1278 1376 2690 1974 1521 2687 999 2340 1099 1910 1640 669 33 2531 643 758 1438 2821 2261 471 1441 1823 655 1763 1027 649 290 1109 1202 296 2789 525 155 2173 239 1395
1488 1587 2383 1768 2841 284 2454 2080 522 2684 1323 103 2601 2216 1525 1975 1487 811 2239 1178 2307 297 848 211 2792 2496 2538 833 1833 2761 1130 1616 2131 2530 996 689 1980 2702 2150 887 1491 2630 1482 1450 2419 1451 2395 2263 294 843 1626 1908 2007 2447 1139 559 1277 276 1387 230 480 2769 1602 2386 1657 1229 2058 1382 1665 2523 1845 1453 998 1578 2605 2368 1837 920 1830 2254 2778 1194 1147 2129 917 902 2033 1483 1186 1181 415 688 1343 1988 2056 1057 57 40 1769 906
1427 1928 2089 2759 2040 215 2495 646 589 2041 898 989 737 856 364 1900 2644 101 1091 1776 2054 1197 1886 341 1230 333 328 2238 727 723 395 1733 2542 16 1298 1462 1558 1801 1149 658 1166 1175 754 1457 2000 2656 1633 1728 664 964 436 2320 1951 1798 1997 1542 251 2541 1463 1137 1653 105 66 790 584 2399 572 714 1288 2323 407 2178 862 979 962 1229 2183 2551 292 1883 683 1838 2784 2332 1962 2700 803 2729 1161 1812 789 374 2493 1350 528 2546 529 842 2125 25
387 2688 2010 804 715 2498 735 1282 2470 140 1123 329 2639 494 785 1464 219 995 1902 1388 1582 2599 2035 1223 1711 1617 1422 1045 524 1437 1064 1369 168 2652 1012 1486 249 2503 2076 2148 1406 1185 259 981 1596 2130 2009 322 2683 971 1910 647 43 2188 2424 2436 1777 1563 2569 1627 2438 2657 686 1328 1586 1868 2649 1663 2714 1840 1417 2057 2291 2708 574 977 1658 179 194 622 489 1899 2361 860 408 1148 2421 2813 502 1949 1307 225 2230 348 335 207 49 2248 2580 2286
2391 381 1537 2268 2318 2256 2027 796 393 2417 1709 285 690 1042 1807 2706 1958 1188 64 58 2204 94 1200 2001 1979 827 991 2537 386 1345 2631 666 795 708 888 1285 2189 2342 1625 2738 1684 400 946 355 973 233 1219 2619 2147 1247 1152 2446 2691 874 166 318 222 2517 808 673 929 1519 1120 593 1375 1794 2749 1550 2450 809 20 820 2593 1736 2697 1697 776 83 2840 2487 98 1352 2275 3 2081 1642 2165 2293 2170 1222 2734 2156 2434 1440 2483 2662 1718 2136 2492 124
166 2490 2284 2662 1863 242 320 1925 874 1550 133 1982 1682 591 1133 2127 593 673 2206 2069 256 83 2356 2170 2524 2734 2165 1401 2004 1718 1242 1947 1887 2588 1421 857 1574 1792 1352 1120 2672 516 2460 2418 993 2092 2738 1735 1794 1564 2685 667 2661 929 2371 1347 869 2516 801 17 2593 1642 3 2139 2275 276 2018 2844 1526 1345 2487 908 551 519 538 488 124 776 1511 112 1969 2395 808 2453 603 98 403 2545 830 2290 1454 1294 1990 2296 1371 277 406 827 834 2138
2413 135 1945 2566 520 1212 1867 2135 2558 424 1334 2615 1448 1362 1473 1722 184 1897 2737 232 404 1383 1269 992 310 2295 2354 2046 105 1231 2188 1288 19 677 18 2423 499 743 1954 2495 2509 1703 865 1842 1004 627 1810 2120 1406 300 67 1064 2506 247 1055 1204 84 1225 707 925 1256 785 2076 26 900 340 48 1486 2582 2040 1952 2652 2148 259 2172 559 737 2542 11 36 662 1346 2668 1944 2350 2471 977 1428 2544 949 1166 1576 2724 2358 2676 2084 572 589 1798 1151
1741 377 28 2119 2789 2674 2283 2822 1339 734 2828 1376 587 1831 1655 452 1037 146 2806 2740 2053 2079 1827 1555 1124 314 2598 2704 1704 2393 2407 295 1974 1117 1302 1532 532 140 552 449 2099 752 1156 496 968 238 1279 2445 2366 252 330 2348 214 1140 1924 129 753 12 618 2770 171 1062 1143 1099 972 1141 2160 927 2199 501 574 367 2398 2059 1021 2799 2105 2286 2720 2367 1961 484 2814 388 1409 562 1386 2213 1843 782 169 504 1335 2628 2689 1706 877 92 51 670
1909 1613 990 2361 2230 335 860 2580 1866 231 2130 214 735 622 1696 502 1663 662 2657 2458 48 2056 2826 2358 2714 977 2307 524 259 2353 1307 1848 2724 1172 559 2544 1726 732 2591 74 965 2676 2564 1261 2386 970 1384 2333 1151 674 489 620 2612 2309 1658 2218 178 2084 2782 380 1328 168 2506 480 497 2241 2046 1953 2419 660 1406 2761 360 539 194 437 338 1108 26 1233 161 981 1870 2121 1772 1417 1908 1420 2195 1320 2769 1557 2009 2471 1489 793 225 2474 1453 1872
1482 2780 1091 2368 1631 230 885 1103 1130 1194 2129 2523 1382 1257 2383 522 1713 47 614 2080 1996 1665 2114 2242 777 1914 2630 2785 1626 2684 1451 2447 576 1975 859 1104 2192 2329 2020 704 284 1685 300 1228 429 2106 1714 1116 2345 1192 2550 1832 2637 940 1507 2240 1538 2699 1014 2297 1590 2019 2651 493 469 341 1749 107 1795 1773 1561 907 321 149 954 2281 95 824 2381 371 2607 2216 63 1178 1019 1434 1838 1389 751 279 683 357 2112 1785 1488 1176 581 811 930 1833
1640 236 298 1238 1332 1095 2681 2608 1038 51 306 2791 396 2030 244 122 2389 2750 602 2534 2193 2466 405 2365 1217 2167 2705 932 2179 1111 123 1994 2231 836 594 398 955 922 2348 2052 935 459 1545 155 2096 882 152 2834 2212 1327 1278 2372 220 2366 414 46 772 2707 267 586 1884 2237 1444 1496 2011 1291 1610 1050 2124 980 897 1461 2168 847 2013 947 2340 2253 81 2520 1308 270 1227 1314 562 986 740 2764 2556 2592 505 2270 2597 1991 1811 1090 1823 448 1258 1949
1021 1438 471 655 295 1156 806 1117 305 331 999 1875 2061 2407 1921 1274 726 2232 1635 390 412 2352 2100 2794 113 1994 1008 619 534 478 1303 1127 2070 356 1967 1941 1929 33 2486 1262 455 643 2687 1761 200 2308 2690 1568 1124 2338 383 1011 2311 2059 2654 1409 2053 467 430 2244 2467 1317 1378 1730 346 31 402 2155 2285 1692 2821 661 1275 1441 2698 239 1022 418 1141 1831 2393 1598 1216 668 1039 799 2531 1780 780 2806 2429 561 1330 216 2611 1505 296 552 786 1050
1147 871 1178 1387 276 488 2453 1310 393 372 1767 2275 1620 603 1990 1732 830 759 2161 373 1077 2239 811 2395 1483 1371 1833 2684 339 522 2702 1758 294 2080 2524 1016 1199 2700 1133 1646 834 1975 835 1254 83 2165 863 1672 2734 1450 2572 684 1451 445 1525 2073 420 825 2434 993 1028 1120 2314 1690 1402 808 749 2159 1950 1574 284 1460 2718 1224 1432 1980 2667 1837 1678 1229 2530 996 2405 2426 2125 1979 2518 1851 2538 2150 1221 1277 1057 2136 1171 2383 1073 1488 2752 641
1735 2490 2139 133 1863 242 1887 857 166 1925 2356 591 1947 2127 2004 2588 320 2418 2662 2672 2206 17 801 2092 1551 256 1792 1564 1421 1982 2069 874 2371 1682 1550 406 667 2284 2844 871 673 516 593 1133 1077 1401 1347 2209 1960 2266 2516 127 756 1574 519 961 2524 112 2460 1511 2290 1969 1526 2075 2125 1580 2198 1494 1758 1485 1594 428 2151 1005 1670 1171 376 666 730 2138 2548 124 2170 869 993 1454 551 798 1525 1242 2685 1718 2165 2734 538 1794 2462 1595 1120 557
2612 64 411 2476 1425 409 971 2268 2376 1866 518 1219 2050 2130 1750 905 2342 2401 844 393 922 2688 2432 1636 1082 197 2060 189 1519 443 586 2218 735 2293 1560 37 1322 419 1032 1045 1848 1046 965 2474 2606 100 663 1108 1321 96 784 2645 1098 904 2750 2735 978 906 1736 2815 1979 1933 690 1420 2840 604 178 43 1422 2195 1965 1151 1285 1380 2201 2358 58 563 214 231 2133 1222 2315 2480 717 674 2146 894 48 2554 1659 621 1289 448 730 1468 1498 1679 527 69
242 2516 1969 1511 1526 516 1682 2356 2490 1735 320 2662 410 1442 1863 133 2680 1355 773 1574 2548 1005 2661 406 2069 1079 2434 2151 2418 2672 166 2763 2290 112 1347 2127 1670 730 591 756 2139 874 798 294 1580 1947 2299 1794 641 593 256 827 673 127 881 1550 2755 1516 2659 1887 857 908 2302 2209 438 779 2296 2588 2206 17 2371 519 1621 273 2092 1642 3 2170 1646 632 961 288 2075 929 1564 1551 1675 2125 151 869 667 1165 2844 2426 254 544 1271 2004 1609 2524
545 2510 2818 70 2117 1554 813 951 1688 1879 1370 791 1628 1808 2262 337 2257 1495 942 1083 2458 2643 1232 1702 2596 2660 1499 759 335 1139 2055 1705 2816 141 1697 2476 453 1674 582 732 2346 1681 1524 2043 1629 1797 2587 99 1920 208 475 1621 620 2425 2171 6 1981 1583 1443 1471 2772 1916 1676 1891 2810 2420 399 599 2600 1384 1872 816 1119 2525 285 585 998 174 1163 1085 1510 731 530 1854 1834 2782 2595 1717 2357 1002 2392 118 2655 595 517 2679 1277 778 401 487
1550 1295 1649 908 1345 2246 1201 984 2461 2069 538 422 1030 403 1584 166 874 438 1594 593 1682 163 1790 1286 673 1982 2662 2588 2581 519 1401 2187 1564 1494 1811 1788 2356 1407 20 222 2002 2206 320 463 1052 1054 991 837 2840 1485 1392 2735 282 1580 1933 1863 1925 1803 1624 2738 1120 1516 2418 1828 2490 774 1794 1815 929 2209 1454 2538 2545 1493 2196 815 2371 1675 2243 1574 1309 708 2151 1621 1347 2820 1623 551 1355 2619 2446 2256 685 2104 1242 112 1718 2170 2127 1360
845 575 2431 1851 1482 1194 2129 1996 226 2695 309 803 814 1980 2702 1523 2607 895 2131 2633 1837 1768 1587 2447 284 982 2368 1988 1181 2530 996 833 2454 441 1561 1660 1672 1691 1197 528 777 1387 941 1975 867 1919 1341 811 859 1229 1178 2493 2700 1914 2785 2383 93 2684 2080 1382 1590 522 339 1091 1161 1990 1525 2239 2699 211 919 1538 2729 372 374 2496 230 2523 2395 1626 1457 983 276 1583 824 1488 1552 2732 1528 57 1016 352 40 1158 1450 2332 1833 664 63 1607
71 1684 1642 3 2271 810 1514 143 386 256 2256 1783 929 1794 673 718 1352 593 2170 1718 254 1247 2734 2165 1152 874 1120 166 425 2662 991 827 852 2593 2661 318 1373 1550 2619 2446 1958 1267 2537 2132 1574 708 320 652 1519 273 1709 1446 2443 869 282 1345 2514 2027 222 2801 2738 2002 908 1355 787 2490 124 1762 544 2299 2156 984 1807 1440 809 1442 1133 2318 243 381 2246 2749 2434 1682 2391 233 2722 2296 2706 2545 2529 2450 2417 2487 2147 1595 2405 2189 1105 144
380 612 1808 1599 2163 453 2775 1145 724 72 2009 823 1404 1613 1261 965 231 194 1663 161 2591 2714 1658 1909 2084 1870 2241 335 2458 2230 2309 1688 2826 1172 489 860 1415 990 793 1736 1788 622 2287 732 2361 620 2580 2840 2657 662 2724 2769 74 502 1384 214 497 735 1866 1108 674 2561 1218 865 2544 2056 1676 1253 2782 2307 2130 1696 2419 221 180 1023 26 559 164 997 769 2328 48 2761 660 1417 1406 360 1872 2747 2358 2676 977 1726 970 259 900 1151 2007 2476
2027 1375 94 2147 809 1625 2318 2487 318 1152 1958 2593 98 2189 776 1042 2749 2256 2517 813 381 2738 2170 1219 1352 1537 2165 2696 1718 2734 2721 2417 2405 353 1512 65 243 825 1709 931 2391 1762 1989 2474 2434 1794 1105 166 392 20 808 929 1200 1120 2661 2118 83 355 1188 765 2647 2446 285 1267 1260 2420 942 759 1684 874 3 1642 795 1574 1247 320 652 2662 666 2275 2426 2161 1920 630 1519 9 2081 2706 1550 1638 2284 386 488 827 1371 749 1807 632 1697 233
2307 480 2386 1726 2769 415 437 1233 518 1346 906 2353 1908 539 559 1953 2544 2761 1491 2419 784 2007 26 1450 2076 1587 1845 2084 977 2724 2676 970 2718 1151 1428 74 1417 1848 1870 2358 603 502 259 830 1678 338 648 2130 2538 1602 1768 1488 84 2678 2454 2561 1872 843 2458 2471 2150 730 360 1772 941 1068 900 2315 44 835 1288 2309 16 2195 300 404 303 1139 1204 1616 2800 2582 1384 2782 111 1110 35 1791 2344 2626 2680 2685 2524 1895 2506 1420 760 1170 2580 1595
1194 2129 1482 2368 777 2695 93 2523 895 1561 230 1996 1914 2785 522 1091 2080 2447 1382 2607 226 1626 1590 575 824 845 1713 1749 2729 1785 1838 429 47 683 1693 1387 859 2684 2383 2493 2190 2431 1851 1019 374 1856 63 1161 95 2242 1229 2180 2381 1975 2125 930 811 1525 2780 1451 1631 309 2550 1507 1528 1523 2633 2699 814 2020 379 1538 441 1672 2202 2239 357 2702 1257 279 2111 2605 1178 2106 940 2114 2254 1179 1186 982 1176 2630 2422 1130 2019 1457 920 1323 2380 917
743 2423 424 1334 135 2413 2134 11 232 142 2267 555 315 949 1383 184 1448 2737 2441 300 2419 1430 1269 105 1945 404 310 2458 868 2295 554 2117 1004 662 992 1017 2544 2668 26 2827 865 500 1553 2568 340 84 2622 1628 941 1842 1908 1236 1288 559 681 1064 1944 1362 1486 2078 925 2522 2471 1204 2582 783 2056 866 1576 1478 427 983 2135 103 2 2769 247 2415 1954 1390 1346 2188 1323 848 2211 493 689 1130 297 802 1830 2046 2076 1343 480 2615 1578 2350 775 2386
1770 9 1739 1105 1853 512 2647 2575 1695 765 54 1673 392 1136 2721 2042 813 2045 1579 2682 243 2018 1063 2517 2462 2487 2658 2272 748 1920 1000 2097 2803 945 916 1237 1585 1367 1287 2593 1989 2685 258 776 208 277 2573 98 401 2587 174 2170 172 1155 1762 1239 1625 2661 515 2284 873 1854 2600 1604 94 99 1368 1260 1705 1554 2738 2395 2577 1566 2457 566 1271 1565 632 2672 311 353 809 1385 6 694 1546 660 1211 1512 65 2551 592 7 1567 2711 942 1745 1508 1267
1525 211 2684 1975 2239 2496 522 2131 2080 1833 1488 811 2395 1450 871 2454 2702 1980 284 1178 2383 477 1451 294 276 1587 1768 2841 2530 996 226 1491 40 833 2258 2349 1387 826 2310 1767 2263 916 2058 1171 57 2453 488 920 118 420 998 1626 2447 1147 767 688 2573 2778 684 2488 2150 475 1583 1340 2532 1960 2603 2792 382 2605 778 1229 2601 2254 1382 1186 1837 917 1851 902 2524 1483 2033 277 1646 814 1359 1077 859 1990 103 918 1898 1181 2695 841 664 1988 579 1158
2431 575 1587 845 1768 2454 2607 1194 2129 226 1482 814 1487 2633 1691 2695 309 1837 1660 1980 1488 1181 1988 982 2307 2131 833 2447 528 1523 1851 2702 2530 996 1197 941 2368 441 867 1341 1561 1672 84 2216 1578 1919 1387 777 1229 1657 1975 2729 1130 1996 2700 2841 811 1583 2383 1457 1607 1178 1914 2785 211 1382 2601 1665 803 374 1323 93 895 1990 1091 2496 1590 1626 522 2239 372 103 352 1525 230 2523 284 1016 2684 2080 2332 2395 841 824 1528 2538 276 1421 1158 40
323 2602 2828 171 672 2182 2378 146 1336 1754 1376 377 1223 1037 140 2599 2704 828 1041 1582 2485 2421 136 1817 398 329 1121 2286 2436 2083 2598 2720 1949 1668 1374 13 1439 2008 1577 1344 2160 1565 2079 574 2361 934 1586 351 2218 2591 2639 150 738 1819 1501 2760 2582 2353 1902 2056 1399 1452 1868 43 1279 183 1403 231 2522 2553 206 713 640 1122 1381 2115 1064 482 965 2740 497 2241 2564 2473 1072 2445 785 494 123 343 244 621 1388 1477 1840 2010 1757 59 1092 804
231 1218 2501 2591 1658 194 2044 1051 2714 1663 1261 769 109 637 1250 2287 380 161 1388 1313 2826 563 1889 2084 489 1895 1870 1172 1253 2753 900 2646 1023 2411 201 2617 1405 1775 2657 1029 1381 2480 180 1489 1934 2767 1599 612 1881 965 2707 1736 997 2528 2055 1417 675 2056 1096 141 622 860 2735 2742 1102 2009 1208 2650 1582 2599 502 2344 2218 2361 2163 2230 1624 1054 1190 1623 1064 335 1788 2832 793 1652 2717 2840 43 904 2507 1613 635 1817 1501 623 1949 319 1122 1439
1527 399 1199 1767 73 1645 2655 420 835 844 1833 1871 2613 843 2612 294 811 2146 190 1163 1387 1981 807 1289 530 1779 1385 2219 2122 475 2524 2684 548 1280 2123 2150 522 1758 2080 1510 768 1451 1068 2377 2392 2073 1178 2788 590 1479 1139 1731 2453 2609 1359 2239 284 1354 1747 1147 518 1975 302 2679 1290 918 2622 488 759 2567 1604 582 1992 2258 2476 736 1653 99 1525 541 401 859 1717 2110 1007 2843 756 1171 763 2357 2757 1636 1800 1970 871 174 920 1237 585 2478
2645 991 888 1638 2262 1697 1807 285 355 1221 2189 1119 1083 2420 196 2816 942 1625 222 759 2476 1709 2161 2204 1636 2425 2432 2392 1989 1797 2275 1200 1702 2600 1222 1504 666 2623 276 1732 1380 871 2643 1178 1990 599 1331 2027 1085 2060 603 1678 490 2147 1483 2104 445 393 830 1147 825 1860 1920 318 1375 1620 189 2696 2434 6 2453 2417 2405 1219 381 1621 997 1933 372 1077 629 1321 613 488 118 1277 1958 1684 2750 2496 2810 582 243 755 834 1402 2718 2165 1978 1002
759 276 488 871 372 2453 1178 1620 1646 1990 2275 1732 1147 830 811 603 2161 393 2496 942 294 863 1483 1678 2718 2702 1387 2395 6 2530 996 1980 1450 2524 1221 1016 834 445 2239 339 1133 1491 1767 373 83 1525 2131 2392 1833 118 1672 44 211 2700 1587 1460 2302 1768 284 591 2165 2734 522 1837 2685 242 1975 2684 1077 833 1916 2538 998 1331 1851 2600 1595 1310 1797 2080 1277 1371 749 410 256 826 778 382 1758 2263 2532 1705 2425 2680 475 1488 2262 779 2572 1979
1030 221 1550 130 2581 827 2385 1345 908 984 1201 422 1670 1788 2287 2461 1752 2375 613 400 997 2012 445 2094 2706 381 2050 2103 2204 1380 69 2101 1933 823 1205 285 1042 1318 1379 724 1619 490 910 2713 1188 2342 2163 222 1404 58 1061 2750 1537 1864 2391 991 821 2128 2362 2678 2577 64 1803 197 1054 2001 201 2623 425 1098 1790 453 2619 2646 675 1796 454 2735 2840 1401 1724 2104 1184 2205 1710 2753 1193 283 1808 1624 690 498 433 2170 2334 320 282 463 1174 2206
1963 1600 1401 345 1497 2097 1059 1367 1566 163 719 1791 2507 451 1301 1407 1295 1201 2116 1778 2692 463 2703 2416 1904 2452 2315 1796 1454 2042 2140 1977 1651 2069 2018 403 509 592 1567 1136 258 2682 2170 765 2198 243 873 2662 1552 2732 2626 1934 1058 2426 2658 1604 2551 2045 392 736 1081 541 943 1426 2457 167 2264 2282 1546 2647 945 2453 2793 488 400 221 2545 1239 1920 2205 2081 160 1078 2685 1673 1271 1637 174 1922 9 1989 7 470 1061 54 2110 984 2073 20 1579
1982 2092 2490 1925 2127 1509 242 2662 133 673 593 874 166 2771 320 1550 1682 1133 2069 1947 1960 256 1863 2620 2588 1564 1401 591 2418 17 2206 1792 2524 1735 1373 2844 2371 2284 1534 1347 516 1242 2356 667 538 1345 2516 1120 1526 2004 519 1574 1594 2460 641 1580 1005 929 2151 2139 603 2275 2290 1794 3 1642 112 406 1511 1969 2209 2672 2165 869 2730 403 830 1621 124 2734 1494 228 801 1157 2538 1352 2572 1400 2545 2138 857 1718 1402 834 2446 2187 1887 2034 2170 2763
277 1371 2388 903 2573 2310 916 993 684 808 2018 1673 1310 2395 2276 2721 1950 1136 2159 1028 2647 1690 1467 1277 2161 2752 1920 1340 1460 2601 2682 2314 2073 2239 2685 2672 768 2575 1171 2426 1667 2284 1854 2754 2667 1579 187 32 1512 65 590 1180 2234 2563 2734 778 382 1973 2459 1331 2165 1186 397 917 2033 902 1745 2254 873 825 2042 945 2684 541 1077 688 1943 736 1426 2462 652 276 2605 2778 40 2824 1695 2058 920 2487 1989 243 1147 57 1767 250 2532 1608 1235 2489
2813 1473 2333 2248 2057 2291 2438 224 494 2470 1282 1185 715 1899 2683 1464 647 1902 1777 278 995 1617 574 1388 140 2424 860 1582 2010 1055 1711 2599 2688 1563 2569 247 482 1064 2361 2498 1223 2657 804 329 1868 1658 2188 335 2230 194 2762 2503 43 1328 1586 502 1489 1417 2714 1663 1596 2582 2135 2580 12 232 2035 1422 2130 1627 622 11 1045 735 2639 686 1123 2509 1204 662 2386 48 1362 1369 1148 480 712 2826 925 1944 2241 1840 2737 84 1953 2076 2649 1307 1212 497
525 290 1441 296 61 139 2690 1761 356 643 1317 2687 1692 2467 1378 346 1730 2654 1875 999 216 1127 1022 806 305 467 471 1438 655 402 799 2821 331 31 2693 316 2232 2343 534 1885 2280 245 268 1303 1598 1275 561 1395 1937 872 668 1568 2261 2025 2194 1011 326 2199 580 2611 1756 33 1021 2794 1274 653 476 192 1873 1635 478 2429 239 2237 49 2352 390 726 1262 455 207 113 2393 758 1994 805 1929 1018 456 383 1852 1967 619 1008 2765 1506 162 484 780 200
1012 249 627 1617 1700 1711 1473 1586 497 2135 67 322 137 1944 1123 1437 524 2652 1369 18 2076 168 219 1486 2148 2291 1840 2649 981 179 259 686 2009 2035 977 804 489 2639 1406 735 1328 2010 348 494 2580 11 2248 2742 662 1307 1148 232 1899 574 854 1489 2361 329 2438 2057 2564 224 161 2333 140 247 2569 1868 2657 502 2230 2813 335 1223 2724 1563 2544 1810 860 1428 2683 1064 2676 622 715 2498 2358 1204 559 43 2688 178 1627 1151 1596 1422 1388 2188 1055 48
2809 2799 2435 2728 1484 1725 1829 426 1874 1164 990 1909 1134 1924 452 1299 1168 1162 2669 1571 413 2057 703 696 2024 1173 92 252 2741 447 2402 2825 1297 1774 1680 1647 1666 1931 1141 2220 1674 2526 89 1056 1899 2766 2143 1689 2015 2674 444 1655 711 1831 1252 523 1972 721 1150 2025 1024 1182 24 2806 383 1547 1721 2396 2343 2231 146 1754 1729 1118 27 1701 4 1039 1342 682 1876 2223 2842 246 758 2059 2400 330 1766 1597 2683 574 722 2813 968 2099 245 367 79 204
962 2277 572 529 2323 1798 2041 1433 964 2089 754 1728 1149 2644 1935 1175 658 789 2756 898 2320 646 2445 255 598 939 2759 2051 1478 29 1606 1463 1801 2539 286 2354 2615 1475 328 2520 215 2238 1942 2054 2504 1886 1951 1248 2541 436 842 2031 2172 1777 1185 1448 192 739 1464 1265 61 2178 766 49 727 2301 2542 1689 2707 1472 1230 80 1427 1039 1900 364 1356 101 2708 948 207 1141 430 1928 1312 491 2286 108 1984 1296 634 1076 139 2430 1481 589 2472 52 540 1592
2233 2525 359 1460 1938 1903 778 382 816 2684 1916 2058 1499 1734 457 2122 688 517 2254 1186 917 902 2033 684 998 1443 2276 2754 103 2595 2360 596 1028 590 1690 1950 1608 2159 1372 1434 2347 1277 2478 2077 2489 2621 2805 2701 2804 1259 1869 2234 369 32 187 378 2605 1748 2532 578 2161 522 250 2080 1310 1471 2777 1753 1125 2772 2314 756 1830 1510 1854 1970 1551 1451 2418 2792 2630 2125 2679 1323 1391 95 920 650 2666 2346 2258 582 2547 2326 1361 767 811 1669 1178 1785
2737 559 992 84 26 1362 925 1064 232 865 1212 310 1954 1204 2582 247 2135 1346 1225 2188 300 404 11 2544 2076 480 1428 2046 2386 1486 1417 977 970 1870 2084 2676 2358 2724 1151 259 2503 2652 2148 1810 2509 260 2649 941 1908 2668 1406 340 1576 67 2558 662 105 627 1740 48 2419 1412 1944 2471 900 2423 1953 1288 2121 1004 424 1897 103 351 1334 335 1055 2134 111 184 1323 743 2580 2522 854 848 1902 297 322 1657 1269 2307 2350 1654 2130 43 949 2056 2506 2294
2319 2665 722 1849 1962 797 1462 1463 531 761 2041 1418 1187 246 2157 2089 292 1633 790 2406 2387 964 1886 1952 125 862 2506 1547 2294 1363 1266 1997 2108 828 442 1427 677 1801 856 2445 1311 2236 679 802 2384 979 2227 2589 2511 2178 2427 482 1475 2808 1230 1935 962 1393 395 1776 672 1562 1954 2541 2359 1751 1928 1986 333 2000 291 351 985 2251 1606 1293 1357 215 39 1091 2409 640 584 676 886 921 1825 1707 907 1641 2518 733 878 2064 257 2549 834 1890 2788 1620
2709 1618 2635 1622 974 1540 1411 2481 217 2710 846 1270 1337 600 1329 892 1 2823 957 959 2186 1009 1338 147 642 2255 1330 1060 185 1067 264 2226 2616 2305 317 1122 2330 1764 665 223 741 1964 2838 2374 1652 573 976 158 2412 307 570 1258 2427 511 1070 2570 1927 1349 955 2200 46 2155 1907 267 350 2839 2811 1365 2455 2513 2584 2725 115 577 2486 1049 1013 1449 1556 2162 2339 537 912 2740 2231 481 2694 391 1273 547 2831 1861 131 2338 1429 1099 1216 1071 2003 2229
232 662 1362 1944 1212 2737 992 184 1334 424 2423 11 743 2046 2188 135 2413 1269 1945 1897 1055 1225 1406 1810 2509 2458 1204 559 26 2582 1954 865 2121 67 2544 627 247 48 1346 1004 1064 404 84 310 2668 925 340 2135 500 1740 1486 1412 335 520 977 1953 2358 2676 2724 1417 1151 480 1870 970 2084 949 2386 259 2471 2350 854 1902 2076 2558 1428 2580 981 2503 2148 300 260 2120 2652 2649 1473 105 219 2230 43 1722 338 161 1139 1017 2130 1383 2506 2566 1654 585
2013 2222 1074 550 2410 398 2677 2141 439 283 2303 2355 1569 23 155 1661 498 850 275 973 2571 1545 2030 281 2245 2169 946 298 1113 375 1080 2385 629 510 1570 2608 2088 2270 2468 148 1279 270 1589 183 2351 2334 1184 266 2050 64 2014 474 58 1744 1857 842 1205 862 2502 690 1358 2760 1380 244 604 2263 1326 1183 306 1015 1458 323 2512 1496 821 1315 2623 2182 1203 1751 152 388 2521 1251 473 308 2791 645 2508 1939 2584 2541 2052 2726 2348 1704 287 2705 1226 1264
1533 394 2093 2638 757 1834 2320 1906 1266 1879 1296 901 24 80 2178 898 2644 607 2333 2143 1383 2113 119 545 558 646 2533 536 1801 754 2054 1265 176 213 1448 1841 1793 2615 529 1648 962 2510 1478 2408 714 1231 1798 240 1175 2354 572 2756 658 286 2277 707 967 2323 1390 175 1804 2090 1952 2172 36 2295 1728 1473 1149 2402 2065 1597 2472 739 979 1433 2031 1557 2566 2413 1945 1984 598 677 1288 789 1703 1312 2089 964 135 1168 1299 29 1035 436 2809 696 1909 2539
2778 311 40 1410 916 1915 1667 1585 2575 928 2488 1528 1340 2601 2310 277 2459 1063 2573 875 2824 920 841 57 2026 1818 2605 590 2388 2058 903 279 357 1973 2550 1507 684 1180 2258 1687 639 767 401 2254 861 1177 2349 917 1186 902 2033 887 321 2532 492 2018 2651 688 2603 2234 778 208 1578 528 382 32 1769 187 2587 2304 512 369 808 579 1579 1371 1157 1673 1359 2711 694 779 748 211 1531 1138 2559 1626 1179 2395 2379 1920 2019 103 564 2721 566 1888 2618 2684
2155 2486 31 2100 305 1885 2693 2338 1317 1216 805 223 1330 1409 741 1755 1303 661 46 1994 561 1438 471 655 1756 1227 2765 1761 1635 1823 2168 476 649 1140 2340 2232 162 2237 356 1852 1543 963 316 1021 699 331 1127 1967 1395 806 726 2467 2194 346 1378 2687 643 1109 1274 1568 1278 2261 2562 1283 1240 2654 1873 2821 534 1692 2393 2690 858 467 412 1875 1124 1050 2635 999 1314 1273 2811 2226 1622 2505 2465 2306 1011 402 799 1153 955 478 131 1008 1441 2352 2698 1022
1553 558 2622 1017 1699 1383 315 1390 868 427 2078 2267 142 2217 783 2441 555 1430 1334 2117 754 424 135 2827 1478 743 2413 1296 1448 1266 802 2134 554 1236 121 2423 1628 681 2 866 2757 2064 2568 1759 184 1431 1492 878 2207 695 601 2733 1231 949 429 2415 1265 775 500 1890 1847 1805 1517 983 988 1588 462 302 1169 2211 2586 1132 1269 2111 2380 493 540 2615 1513 1165 193 569 1499 232 88 1940 176 21 861 2295 119 80 2451 289 1945 2772 293 1557 1999 240
61 948 491 1937 139 49 1185 1592 525 296 290 207 245 192 2708 408 225 1787 2280 1076 1639 1282 1730 2025 268 2562 2286 1248 1464 653 2382 456 1910 1775 216 1441 2343 2059 2393 1435 1715 715 471 1438 1761 872 2199 644 496 2690 305 2194 1777 402 476 2261 643 2687 1692 655 1598 1885 316 1303 669 1127 1275 1823 346 2467 561 1317 31 356 1875 1356 2442 326 1022 1109 580 999 2306 331 162 1378 1395 858 467 938 2017 1281 2279 699 963 2765 2070 1543 2693 1039
1624 2790 2735 2528 1623 1790 1407 1644 1054 1933 2501 2817 2840 1926 2631 984 463 908 221 1355 817 1066 163 1796 1550 1656 997 2753 2507 1405 1688 472 1904 1029 1637 2124 769 1736 2750 422 22 445 2201 1167 1862 1326 1709 2816 1638 2650 1201 1502 1880 2094 188 2044 675 888 1652 1096 1808 2065 2450 744 635 1565 459 400 2707 624 1253 563 2287 1052 2300 2645 1738 1321 319 2537 991 231 1102 2189 1560 197 386 2832 527 1286 1963 237 1679 2482 201 793 965 1425 2646 1309
2129 1194 1482 2368 777 2695 93 895 2523 1561 1996 230 2785 1914 1091 522 2080 2447 2607 226 1382 1590 1626 824 1713 575 845 1749 683 1838 2729 429 47 1785 1693 859 1387 2493 2383 2431 2190 374 2684 63 1019 1851 1856 2242 1161 95 2180 811 1229 2381 1975 1451 2125 930 1525 1631 2699 1538 1528 2780 1257 1523 2633 309 814 2702 379 2020 1178 2239 1672 2111 2550 2202 1507 441 940 1130 357 2422 2605 2114 279 2106 982 1186 1179 1176 2630 2254 2380 1457 1323 2019 920 751
1963 763 1778 815 2095 2034 20 163 844 1367 2682 451 1286 1791 1301 2246 1171 2425 2097 1584 2572 2457 2315 282 1131 1401 2507 1114 509 943 1242 1732 2815 2452 1309 1566 420 1199 2128 747 538 719 1871 2104 22 1515 273 94 744 1052 768 1977 1860 1965 1295 1783 2067 167 186 535 2417 1359 2377 1682 1354 1316 1992 588 883 1864 530 6 450 401 2416 2585 2613 243 1170 1531 2018 1796 221 2146 1548 1567 1058 2282 1289 1574 2426 2685 2042 2718 2140 2487 1636 945 54 1920
2146 1289 2718 2131 2395 1450 1767 2524 2702 603 830 2453 1791 2239 276 1990 488 1158 2732 1552 871 1732 1147 1646 1979 1401 2482 372 2275 906 393 2538 1620 1387 2315 518 1133 415 2761 636 294 1178 2655 844 2685 1980 211 1170 811 1219 445 339 2684 190 2573 759 2416 2530 996 2452 1371 2572 203 1483 2263 1491 277 1851 2161 83 517 1833 1367 1322 2476 284 1977 2018 1678 1778 57 1016 808 153 2310 1525 1758 1402 420 993 2165 2734 2567 1057 1310 373 2008 2383 1837 1277
1967 1635 1756 1994 305 2352 1317 2100 1314 2237 1929 200 1875 1240 31 1021 740 999 1438 471 1409 2338 2610 2794 655 2693 1278 1761 1216 1873 806 1941 1262 455 1568 33 1730 505 1274 2687 2681 2654 2340 1050 356 46 331 2232 649 1822 1885 1227 1823 2168 872 1692 1755 1008 643 1598 668 534 1156 326 805 580 349 2308 2611 726 2335 1974 963 402 699 162 1543 1011 2212 1327 1852 619 1109 2690 1612 412 1124 1127 2789 1273 2467 1111 113 1275 661 346 467 1117 2173 2199
679 192 2090 1356 1248 225 569 464 1266 1481 653 2142 268 558 757 418 52 108 1393 2070 1018 175 1715 2093 523 2333 1829 139 245 2806 2108 2669 840 1831 125 61 89 1655 1730 2283 1839 682 290 1706 1039 1024 1876 295 525 2766 1118 2280 2407 1056 447 1780 2786 430 1909 1033 1141 927 1562 390 407 213 789 2059 1101 1231 444 2301 939 1256 2031 1686 1035 1275 80 2051 2402 2429 119 2540 1296 113 782 534 1465 806 1299 1168 389 456 2244 1475 2025 2236 452 1503
1406 259 981 524 168 2009 977 1486 489 2580 559 48 1328 2544 970 26 2076 2724 2358 2084 1151 735 219 1870 2046 2121 1417 2676 480 1384 2386 322 2148 2652 1307 662 1953 2782 2657 335 674 2826 1437 497 2361 2564 622 2230 1663 178 1172 1658 2714 2130 161 1123 194 2561 1369 2241 2649 1489 1204 860 2471 338 2582 1012 249 502 1225 1064 1810 179 2509 247 1212 992 11 1908 2737 2419 1362 1346 2188 865 686 404 1954 627 1840 1412 2135 900 232 804 1740 925 2639 1617
1702 1083 582 1797 2643 1471 1057 2060 759 1221 826 2496 2623 189 546 2263 6 445 1232 475 1483 1139 871 924 1990 1073 2131 276 2702 2645 2262 1178 1767 1387 603 42 820 830 1450 2395 2476 1085 2530 996 355 1277 2161 1678 1158 1732 2718 2425 393 1200 1487 2275 942 2453 584 1629 2600 1147 488 1620 1758 2810 1837 811 1980 2239 2483 1491 372 448 724 1244 196 1331 2482 648 1587 1882 118 2684 2732 1510 1676 518 1290 106 1552 517 285 1979 1229 284 2655 833 1625 821
653 1248 268 245 192 2142 139 290 525 1730 1018 61 2059 2244 1465 225 534 2280 108 464 52 1356 780 1481 2070 418 1039 1780 1715 113 389 523 430 2429 390 1635 2090 782 1275 1503 1141 840 2343 679 2301 2311 2407 89 1156 806 1024 175 786 295 2279 131 1775 1655 116 2393 2505 2465 356 456 2789 1831 402 753 2031 1592 1598 625 2382 1011 383 552 2093 2352 1435 216 1216 1101 1021 1994 799 1612 2025 1662 1639 1787 484 125 1464 1409 2212 1327 2283 305 1117 1823
1692 2343 999 1875 2654 1022 2232 525 326 580 290 2687 799 33 2611 2794 643 668 356 1441 2693 2690 1568 1011 2429 1317 1761 2352 113 2467 1008 455 1262 346 331 2199 1378 1929 1873 2194 1598 872 471 402 1438 1275 655 467 296 239 216 305 1730 2821 1127 1156 1612 1314 534 2407 806 1018 2017 654 1048 138 363 2301 478 1395 1506 1756 316 1941 1303 619 1994 1021 31 1274 1635 476 2237 200 561 758 383 2311 1885 1027 2261 2244 1937 49 2280 1967 61 2610 780 1111
489 1328 977 524 860 2361 168 2009 981 335 2230 735 502 1406 1617 259 2580 2657 804 622 1663 2714 1307 2639 497 574 1658 194 2564 674 2035 686 48 2826 2130 2724 179 2148 1437 2649 1840 2652 2241 970 1899 2358 178 1172 1151 1613 1417 662 2683 161 1953 2386 338 2084 2121 1123 480 2046 990 1870 1489 1369 2544 247 2676 559 1384 26 2057 2291 1486 2782 140 219 647 2010 2076 322 1902 329 2569 249 1012 494 2424 995 2582 1204 1282 2742 1223 2438 1185 1064 43 2333
455 1262 2611 2794 1008 138 2715 363 1048 654 999 1692 2632 1929 1875 2232 1156 200 1612 2017 2654 113 2343 2352 1022 2821 668 2407 1568 478 326 580 936 1314 2429 1730 290 1018 525 2061 2301 1921 619 239 2199 2164 33 799 786 2244 1941 1706 2687 872 643 2335 1021 1598 331 2308 356 2690 1873 1011 534 1662 1275 402 2610 467 1781 1955 1111 2693 2311 521 1746 649 2181 383 806 1967 858 305 1438 471 1317 1761 1715 655 1650 780 1441 2819 1994 2237 2091 782 1099 1635
1176 617 1593 2414 926 2381 63 1019 2787 2247 1743 230 341 2066 149 2733 1685 2036 737 1304 567 1714 1116 581 2112 1786 1971 182 1228 2211 1298 2422 465 2072 1773 1795 2180 885 683 1106 1838 1207 954 2114 1087 75 107 2190 499 1785 104 1713 1856 940 1434 1257 47 2202 2604 2739 132 706 2242 880 379 1760 2780 1712 1727 2472 2523 2288 832 1137 614 265 1398 2281 1559 751 1213 1631 1693 824 1825 2630 1333 1086 2745 1590 1542 2550 14 2022 1507 2495 1443 279 357 2019
252 1701 1741 1532 2526 2220 1182 2725 1924 1571 4 1766 447 1874 2435 2741 330 1889 2669 2396 1829 383 2099 1150 1173 89 452 2464 2404 1754 2231 1931 1774 2674 972 377 367 2799 1899 2501 2683 1831 1339 1655 2199 2690 1506 2028 1146 1024 388 2366 146 758 1215 1039 1688 2079 214 2794 1694 609 1029 1409 444 782 771 1964 1484 1386 1896 2348 1164 1302 2449 574 2557 1974 59 2223 1843 618 805 2527 1021 2057 2105 2160 2181 2628 2210 476 860 2389 2372 344 169 1135 1099 1746
867 1341 1523 1691 2513 226 651 1181 1988 2494 1995 1672 1447 352 2695 2702 845 441 2675 575 2395 1851 1016 1980 2239 2431 230 1340 2263 276 1178 203 2496 1602 1525 2129 2530 996 1487 1450 2454 2383 522 2523 1194 2700 1837 2080 2131 1482 2684 284 1587 811 2368 2447 833 1768 1449 1488 616 1382 814 1491 1626 2633 1812 237 1975 2607 211 90 891 2189 664 2174 1387 1990 2138 373 153 1244 2758 1539 2374 777 2068 1632 1147 1073 584 1716 924 1665 1451 118 716 2484 372 1057
1675 2127 406 2206 2833 2092 2356 2548 2371 1564 2659 2139 1193 1947 17 2069 2588 438 2209 1792 519 2187 2771 1930 1925 2581 2151 299 2418 1982 884 1877 133 2269 1724 800 2461 2039 1850 1575 1516 656 2490 228 1863 1347 2783 516 879 428 1580 673 1803 593 667 166 2198 2820 591 320 874 242 1550 2797 2844 1758 961 1670 801 730 1682 2662 1526 704 112 2730 1619 1969 1511 483 2516 2290 1379 2075 1735 1243 2763 1494 1005 551 756 857 1887 2125 1292 573 1551 2385 1030 1594
451 1301 530 1894 1778 2315 446 2045 2049 2613 2110 1718 2357 1645 2097 2023 416 2755 1695 1479 1922 1604 1584 463 2195 1420 2815 2388 843 2150 903 64 2583 2622 303 1673 1237 1495 708 1772 585 2282 409 2018 1331 7 1171 105 1614 2392 1908 2572 420 2257 2471 1965 2538 1904 2146 360 2474 2551 1354 1289 548 54 763 2658 1872 1960 2561 768 660 1136 243 2620 873 1199 1739 2314 1077 765 595 1371 1574 539 404 871 760 1858 1515 5 1239 975 1871 2453 2310 2073 2309 2373
2395 1016 441 1672 311 276 2702 1528 1851 2695 2524 575 845 1980 1450 2239 1523 373 2573 1973 339 488 2453 277 492 2437 863 1260 928 2488 1836 515 211 1919 1646 2700 2459 2018 25 2310 875 83 1990 1667 811 1147 2530 996 1387 808 2284 2563 814 372 916 1585 2131 777 871 2494 993 1626 1128 1178 2685 2336 630 294 1767 2633 512 2684 1920 2379 2575 118 684 603 830 664 1620 2647 1491 2447 579 1915 1985 309 1480 759 2275 861 226 851 393 2161 1180 1732 833 1371
1180 477 2004 1667 40 2778 841 1214 1973 688 998 1585 916 2536 1359 983 1171 277 2016 895 861 2488 1583 1235 564 1531 639 2575 369 2310 2672 284 2792 2567 875 919 1161 2590 2018 1851 1460 2276 2493 1578 1538 2699 1960 941 1859 859 1836 1916 2682 1985 650 2666 133 2123 2620 2573 2388 6 339 2656 903 1559 2258 2149 2603 2379 1340 2559 1919 2572 2563 684 2058 57 1915 768 1579 1361 2395 1778 2601 2049 1144 1687 814 441 118 34 579 1535 982 2315 2824 2437 1114 2605
1451 2788 1525 2609 1199 522 2080 835 1551 420 2150 843 2624 1043 1731 1107 126 1970 2684 1361 475 1130 1115 2843 2546 1767 2239 2679 2667 2073 1257 2469 1028 2125 1178 2276 1690 2159 756 1950 2768 582 859 956 1077 2258 1139 1601 2462 1903 2364 2254 920 917 1138 2033 902 2383 811 32 2234 1147 187 1186 2233 2525 1387 1818 871 257 687 2331 1306 359 1354 55 2176 114 2605 294 2123 2489 1372 1734 1280 2701 1901 2347 2805 1259 2804 93 736 378 2754 1235 541 432 1833 1645
1715 2236 1831 108 418 52 2806 1475 2407 295 1655 1018 1481 89 2070 2142 927 1117 192 1156 1024 452 653 1335 1706 1141 2669 2059 523 464 430 2814 1039 1829 1780 1356 245 587 2025 2499 2061 1472 1921 113 383 552 125 1339 2674 2119 1465 2244 390 200 225 2301 1924 806 534 268 1635 1275 782 780 139 2429 1143 389 449 2715 753 786 27 618 1505 2090 1647 92 1650 61 2725 1787 1506 1021 1118 175 1662 1099 2465 2505 1746 1789 1730 129 598 290 305 120 2698 1438
240 80 754 1533 2320 2533 967 1804 1984 1312 1841 2178 898 2113 286 1265 646 1798 2472 572 24 1266 66 714 293 2638 979 1296 545 1175 658 2172 1093 2021 2673 29 436 853 1728 1478 364 1210 1900 2323 101 1149 589 901 812 737 1230 2040 1928 2054 2542 739 2064 1542 2756 1383 1951 215 328 341 2238 2430 119 634 2408 2495 407 1390 989 176 2640 362 1448 2224 218 1231 1733 1017 1166 1765 2143 105 540 2120 707 727 1801 2615 1572 2183 923 2622 1557 1945 499 1213
623 1358 2358 1151 2344 2724 415 2544 2386 2626 404 2676 1895 259 2084 970 559 977 518 900 1417 1870 26 480 1602 1726 2678 1453 48 2606 2419 2769 178 1632 260 1428 74 1908 1953 1204 64 894 11 2582 2307 2564 1406 1346 2130 978 2503 335 784 1486 1172 1313 925 906 2361 2046 674 2230 662 2580 247 310 2121 1064 1203 1307 2826 84 2003 502 981 1208 2737 2076 527 1458 2844 865 1954 2135 338 2138 862 2109 1848 2315 2753 2480 1616 622 1447 348 2484 2241 2009 1812
1183 1315 1074 2355 1569 850 439 2222 1661 1570 2512 2608 2705 2013 283 550 510 2270 2337 1046 2606 712 486 281 327 2502 1530 2410 1251 155 2203 1078 160 2094 2677 398 978 2141 1802 100 1878 1993 1148 472 1640 1504 973 1458 117 2088 1032 2348 1279 2263 298 266 904 1490 911 2831 2312 275 1468 1496 1589 1198 148 2623 2050 1414 604 1882 64 178 2468 181 1848 2483 260 58 1226 370 474 1380 1948 270 2376 1416 629 1090 594 2052 691 1096 1358 1560 1480 1979 563 675
1519 318 144 2147 2446 1152 781 20 3 1642 2593 2443 1188 2165 2734 2027 2268 1247 929 233 809 2394 1762 1322 2318 1794 2463 2706 2156 1352 984 2256 1783 1595 1120 301 2293 1684 381 355 2262 1036 425 874 673 2391 2170 256 593 2434 392 2103 1709 1537 2492 1625 2450 827 1718 2405 353 2662 2452 991 2661 2420 869 2517 1958 285 1807 1375 243 2514 2189 2118 708 2487 2619 71 1574 166 2425 386 1548 1402 776 124 98 632 2417 870 1105 282 1219 603 830 1200 844 2696
1925 667 1982 83 1863 2138 591 1421 2284 1792 2771 1133 1980 1990 2125 616 1539 372 2484 2092 837 2620 2530 996 2702 1534 2460 1509 256 2672 1960 2524 2127 385 352 2437 2490 166 1242 2206 1157 2371 1387 2165 2734 1401 276 376 2395 2170 2131 2573 203 242 1574 342 1352 2633 551 2275 488 1120 2453 641 1837 1147 1758 1672 993 1718 603 1919 814 2685 1158 1587 830 2738 801 833 2661 1768 871 2018 648 1371 2356 492 393 2732 1400 1552 320 1620 1794 25 2538 345 2139 277
1473 1121 494 2506 1452 677 105 482 1954 1703 1288 785 351 2413 2295 135 1204 1055 1012 249 2736 2248 2566 2135 1212 627 1126 1952 2333 1945 1810 520 2148 2652 1123 2639 1437 168 2076 329 981 1486 2423 1406 524 1369 224 259 1944 322 2564 2361 219 1384 662 1223 865 574 1886 18 140 2649 2582 2294 1868 977 2291 1840 2009 2509 2354 1617 2438 985 333 1362 735 2580 179 804 2010 11 686 489 854 348 67 232 2046 2657 992 1902 2035 1363 48 1328 2558 1740 1225 1742
1721 2333 394 1834 2093 313 901 1648 24 1248 2143 1383 2638 61 2470 1533 225 1787 36 1381 757 1909 938 2382 1592 2510 296 1639 1472 607 1231 49 1937 1464 2343 213 948 696 207 1218 491 1775 245 637 1879 128 1033 1839 1051 2038 1906 1250 2421 175 408 1945 1399 1874 1141 1952 136 1754 1261 523 1282 2424 1817 1076 2283 2057 1185 944 1617 1910 1473 1388 2728 1582 682 1256 2599 2819 1041 677 2413 1484 135 2566 1799 1881 2286 715 2370 2480 1742 1902 2615 2683 1886 2295
539 2561 1772 360 2583 2471 2195 437 1233 2580 760 1420 2121 632 2815 1872 1908 660 303 1922 1320 15 2353 1001 1351 1466 1726 981 2458 559 1965 2419 1953 2307 663 2309 2544 48 1406 2046 662 190 914 1110 338 2587 2506 2386 208 201 595 2084 1157 1870 480 2218 502 1835 560 719 2350 74 2434 2724 2116 2676 1417 977 1151 710 2315 26 1637 970 2358 1195 259 2150 1453 1384 1288 2328 1061 2474 1385 1225 869 2545 247 69 843 1493 1237 873 272 1479 300 2841 7 2793
1672 2700 372 1990 441 1016 1851 2702 276 373 1387 339 759 863 2695 1523 575 1073 2275 1732 845 83 1147 2437 871 488 1980 2453 2161 393 584 1221 1620 2530 996 2136 830 603 2518 1837 2395 226 2633 1178 1421 2131 867 2431 1194 1587 833 2129 1768 777 1224 2496 1482 1480 1229 1836 2239 1646 2460 25 814 591 1919 1996 1483 118 1450 1128 1341 2785 385 2607 2494 1914 803 2444 630 1371 352 492 445 6 1244 1528 1633 811 1077 2524 650 1158 2666 924 1133 1091 1678 309
863 1646 2296 242 410 488 2680 2453 2524 1133 372 276 1421 834 1016 2661 2460 871 1620 591 256 373 1990 1732 2275 1863 2490 1147 830 603 339 393 1672 294 2633 827 2518 2700 1355 71 1120 2136 1678 2395 1682 1242 1178 1735 1073 1511 1442 773 385 1969 811 1539 641 1794 648 2516 1526 2718 1373 425 144 2127 2702 2734 83 1758 2165 2170 2755 759 445 1387 441 2530 996 2302 1595 2517 25 127 320 376 2138 1079 1483 1792 2239 1851 2685 515 2538 1980 492 852 667 3
2301 1187 2828 430 2273 125 2704 326 452 1037 580 313 2396 1293 1501 838 1831 1706 2210 159 2407 13 1923 449 1824 2565 788 455 2236 1262 1912 1143 653 1156 2285 2794 2352 668 2099 290 1730 1314 1655 1500 113 1018 1612 2062 525 33 458 2280 847 1008 239 1875 1335 1630 1662 2466 2164 1677 2343 173 68 2091 1756 306 936 1873 2837 553 999 2689 2770 1929 1568 2429 169 1692 1111 2232 2265 2715 1918 2389 2557 2611 252 692 2177 1955 2760 2182 1048 2628 2534 1218 2037 822
2806 192 1706 1831 295 2142 464 225 653 1481 2070 418 268 1356 1655 2407 52 108 927 523 1141 1018 1715 1248 139 89 2059 2236 125 245 175 1829 679 1475 2090 61 1039 840 1730 1156 390 2025 290 2283 2061 430 525 1780 1921 2280 1472 113 1647 1635 1143 1505 1117 2669 1024 389 1839 552 569 1275 1101 447 1118 27 2244 806 2505 2465 2301 1465 782 2402 383 2766 1789 786 780 452 2429 2119 534 753 939 2051 2674 456 757 1266 1062 1662 129 1924 2062 1503 255 2398
232 2737 424 1334 1362 743 992 184 662 1269 1944 2423 1212 11 2188 2509 1810 2668 340 404 310 500 520 2046 135 2558 2413 1004 1897 1945 1406 2350 627 67 1064 1225 26 559 865 247 1204 2582 300 84 925 48 2458 2544 1954 1722 949 2471 1486 2135 2121 1346 977 1417 2724 2358 1870 1151 2676 970 2084 259 2386 480 1055 1740 335 2076 1412 1428 2652 2503 260 2148 2649 2120 854 1953 1473 1902 1343 1576 843 1908 689 165 2580 1323 43 1553 1699 219 1383 1236 1448 981
1724 1664 1575 2158 1366 2783 1516 1855 1850 2833 299 438 2187 1379 170 1377 884 2820 2461 1446 557 1930 2581 800 1193 1292 519 2092 2139 2209 2269 17 2039 2356 879 656 801 2151 1030 1947 2797 2069 1564 2588 1814 1675 2371 483 421 1877 1294 1670 700 2127 2206 969 1345 1735 248 1792 1580 2385 195 1803 1112 1264 1079 538 1698 1514 2063 1201 961 228 403 1857 82 263 730 685 2844 1545 2648 1159 2418 320 2266 1005 1550 1682 874 112 577 1887 2730 516 1347 336 166 2075
2723 2772 227 2568 315 887 191 2 1769 2757 601 2711 493 775 1805 2586 57 567 2258 2058 1169 2349 866 2601 1340 2605 2532 2117 2388 903 767 1165 916 2778 40 1759 1371 2754 1585 1277 211 32 2478 920 2077 1063 1186 2234 187 2310 779 1359 917 2792 2394 1975 2033 902 2254 1443 250 1833 2777 1390 277 778 1753 1483 382 1125 983 2827 688 2056 2684 294 2672 2733 1525 1583 2496 2824 2841 590 689 2302 118 103 1898 945 2667 477 555 1459 811 2131 2630 1499 684 2525
2343 1875 1929 999 1730 1262 455 2352 2794 2611 2232 1692 33 1568 2654 1008 668 113 290 1022 525 1941 1156 326 580 1021 799 200 2429 1011 2687 138 1048 363 654 1612 2693 643 1314 1438 471 655 806 356 1873 1018 331 1967 1635 534 2407 619 239 1317 2690 2301 1761 305 2821 467 2199 1111 2311 2715 1274 2244 402 1994 2308 1598 2467 2335 1756 1378 1275 346 478 1441 872 296 2164 2632 2285 1240 390 2610 1127 505 2017 786 780 2237 1303 653 740 1117 31 521 1921 2061
2084 900 1895 1870 161 1658 2826 489 194 1313 1172 1663 2714 2344 380 1208 769 415 2753 2544 231 559 2626 2471 2676 2724 2009 1261 623 1253 2580 981 1417 2646 404 2358 1736 970 1151 563 2480 48 2386 2241 622 977 674 1953 997 259 480 518 637 201 978 2419 335 497 26 1878 2657 2121 1388 2742 1406 662 2606 860 2130 2840 1437 2361 437 2501 2564 1307 1489 178 2195 338 1233 2046 1328 2044 422 502 2230 1772 2561 2769 2507 612 524 168 1218 735 1225 1420 1654 1599
1841 1088 2271 787 810 540 362 240 2323 1035 2049 2277 548 446 2613 461 545 1584 646 1858 5 460 2533 979 1252 2113 2225 1801 273 1514 708 1017 293 1093 2622 1894 2673 2021 1119 218 1776 853 634 1478 2756 2430 1645 1214 1778 530 1394 2585 1834 463 607 2357 1864 638 29 695 1765 763 1981 815 1495 451 1653 2110 1510 710 1301 967 2123 1871 966 1798 2379 988 1804 2023 2392 1359 720 572 599 2097 2104 1588 2536 631 2140 2815 1199 2309 1759 983 2537 1354 1290 2085
953 1450 2573 1791 1767 1687 2685 1400 2264 153 835 126 767 2624 1107 1595 684 2073 603 830 1960 2824 2310 1171 2388 560 2488 903 2239 1491 1402 2620 848 297 1387 1426 118 1371 277 1470 1845 993 1077 2416 1028 1277 2752 40 2159 2618 2702 1690 1950 808 2258 2667 57 250 35 1310 916 2314 920 2395 1608 2405 592 756 2349 2524 1467 1833 2563 276 871 1525 1830 2315 688 1471 1170 2018 211 2154 1454 2551 1147 294 2684 488 7 811 2234 187 2672 32 2161 1178 779 2453
569 1500 822 2137 2617 2177 1781 1813 1976 521 565 1844 1806 1023 1102 2055 141 2228 2837 268 840 2411 504 1648 611 2689 85 670 449 2565 1319 241 936 987 1730 1662 1941 2616 1918 788 2164 138 2597 1907 2632 1048 1220 2627 654 363 1240 2185 30 2280 2747 653 1544 2091 2335 2191 1764 2781 1789 1097 1273 2037 1338 2005 1190 2556 507 344 1923 2308 2570 1998 2822 786 2774 391 2367 1843 1993 481 1187 698 271 173 2083 2712 1329 619 741 697 2455 1926 1047 2440 317 625
869 1595 603 2718 830 1402 1170 2405 1678 1483 1609 1195 376 1371 2685 1687 1077 1107 126 2624 953 1310 1351 1400 1594 1845 914 1943 1450 835 1791 2425 1467 2161 749 1747 35 1068 1491 1147 2426 632 2752 1178 2804 2805 2489 1372 1259 355 1277 2347 666 378 937 2701 233 256 2027 2453 809 353 825 2433 488 778 382 756 1470 1114 2572 871 1453 1916 648 1028 2159 1950 2815 1690 2276 2734 1322 1938 2326 2672 2073 32 187 190 2234 1247 2165 1171 1157 993 196 2293 1347 1460
1361 1397 1171 420 475 998 1077 1359 2768 2123 2109 1551 1451 126 2624 1107 1115 953 1901 687 2595 2546 477 2346 1354 2787 1559 1525 1898 1400 2016 1970 2072 1207 2000 1333 2073 1199 688 1731 2536 2609 2613 756 1916 2171 2667 1846 564 1235 1950 859 1028 1690 952 2159 2258 2843 778 920 382 187 2234 32 1389 2525 1372 359 2150 2347 2805 2804 2233 2567 2679 1259 2489 2701 1922 378 2754 1531 2605 1138 2824 133 2326 1471 590 1687 2672 2841 2752 1306 1734 2585 1186 917 902 2033
1279 2141 547 1661 2270 2831 472 1458 1556 2162 1589 894 1983 1411 1013 2823 1 1365 2203 1927 642 2481 1615 486 1046 115 2513 2003 2337 185 1074 2222 577 957 2082 1122 846 623 1337 90 1569 2355 2710 2094 2013 2412 2427 2709 510 1618 1183 850 2502 974 2705 2838 959 1206 1009 264 2221 892 217 2635 2200 1349 1987 1329 2606 348 2305 2839 1315 481 1330 550 2455 1622 969 1251 2374 1338 1447 2330 1449 1070 573 38 1148 976 1540 158 978 2048 570 2186 1995 1060 439 317
2372 2340 1227 1278 2212 1327 2011 562 51 1109 476 805 1991 162 963 1543 1823 699 350 1755 1994 2168 1917 1852 2306 1050 649 2765 46 1885 1283 1461 220 122 2764 2789 1873 2693 31 890 2253 2237 2261 771 1763 847 305 511 1135 1761 586 2562 316 2194 947 1314 1216 836 1317 2707 2213 661 1967 2774 2100 740 1409 2365 955 1429 2352 1974 2173 1746 2279 2610 484 505 1774 402 1099 2597 81 1640 1153 1097 2199 772 1274 1598 1444 1127 2681 405 235 1961 758 561 670 1240
759 276 871 372 1147 1990 2275 1732 830 1620 2161 603 488 393 2453 1178 2395 1016 2702 1387 339 373 2524 83 863 1646 2496 1672 1450 2239 1483 1133 1077 1310 834 1371 2700 2734 6 2165 1767 118 445 2425 2572 2530 996 1678 2718 811 1980 1120 942 1073 1277 1402 1331 1221 355 1851 294 1797 2538 2518 1979 2476 2136 285 1491 1837 1625 1525 808 825 211 1460 2131 441 2684 1242 44 284 2392 1833 2685 993 522 1916 2263 277 2434 1587 650 2666 2573 826 833 2080 1057 1768
57 2601 1340 887 517 2058 40 2254 1186 917 902 2033 2778 1179 688 2605 916 2310 2388 684 903 1371 277 2684 103 2754 920 2131 1769 778 382 1277 808 2276 2234 2419 32 187 2792 2711 279 357 1460 2550 2841 1507 203 590 2383 767 2532 2080 2630 522 2315 2489 1372 2701 2347 2258 378 2805 2804 1391 1259 2573 1977 1028 2159 1690 1525 284 2239 1950 359 1323 2525 2233 998 250 1626 993 369 2349 321 2395 2752 1410 2651 811 2416 848 457 1608 1651 297 2824 1517 462 1467
932 2253 2168 1994 505 1050 955 2340 1278 1961 46 1822 220 405 2226 562 131 2100 661 740 1273 1227 1967 2212 1327 602 2372 2765 1521 305 2764 2681 2338 839 1974 1216 2562 2011 2237 31 51 1095 1409 665 511 1635 1823 2616 1429 2352 2053 2531 1240 1549 1761 947 1755 1332 1461 1274 726 1314 1283 1238 836 391 1438 471 1885 698 1153 882 655 1873 412 2481 2261 2285 1991 649 1303 2194 162 2707 963 699 476 1291 1167 1317 1543 1109 350 847 805 223 1101 1258 1021 331
1754 2421 2683 1041 2599 1582 1899 1439 1902 995 140 146 574 408 49 2057 1586 1282 1817 1949 2378 136 647 2424 2470 1399 637 1388 59 1874 860 2674 1701 1501 89 2010 1185 1464 2669 2828 948 2688 377 2382 2708 225 494 2389 207 1910 497 2083 804 383 329 1477 715 2396 1711 244 1092 1897 2241 1064 1840 43 2188 1617 2230 2361 502 2503 335 351 1223 452 1024 1056 1381 1777 252 387 61 1799 990 1787 2480 2728 1563 2438 2291 2498 1829 1565 247 2286 1757 1881 296 2714
1015 2013 222 143 645 2801 1345 657 2030 2581 827 425 1193 1545 2807 946 1258 2750 718 2366 2124 152 604 1610 1285 973 64 2678 850 2834 400 717 1737 2278 1536 148 2791 1318 1380 58 613 1752 1828 1670 1649 155 1264 2508 2355 821 1816 381 980 1572 195 2706 1966 2245 2571 266 2519 1432 1573 298 2204 1537 2012 285 306 2385 1704 1112 1098 2391 2050 2342 122 308 1205 2251 1291 1030 1188 2541 1217 1263 448 1270 82 1360 1326 498 2014 2584 629 2231 2118 2001 2529 267
2063 307 299 969 642 577 2709 2269 158 2229 573 1034 976 570 2374 2186 2838 2330 1349 2710 1814 17 2823 264 1411 2484 2305 217 1159 974 1329 1337 846 959 2635 1540 600 1618 1622 1987 2456 1206 2844 1861 551 1292 1377 2455 1447 1995 38 894 170 801 130 856 2003 1877 1458 1983 746 2221 891 115 2039 2513 1449 2820 1580 1664 1234 1060 90 2209 2162 421 1927 884 483 1615 1930 2427 1855 2412 1070 879 317 1294 1556 2833 957 203 2371 1 280 1067 2461 656 1947 1675
2072 1207 1361 2787 1333 1559 2536 2497 1138 2247 859 1115 1551 750 2768 2112 2123 2016 1161 14 1087 126 2624 1451 1107 581 1818 564 34 104 2546 55 2176 1304 706 218 2739 1535 880 926 1234 2281 1103 2493 1901 907 1760 751 2699 2656 1712 2149 792 1257 1191 1538 1130 895 2409 485 614 1971 687 2036 1137 617 885 1786 293 1542 1106 589 1043 2533 2673 2114 1397 2021 29 949 142 2267 1900 2381 1996 93 364 101 727 2066 198 1590 75 952 1970 66 1354 2595 2609 2559
756 2073 1551 187 32 2234 2123 2125 2258 2326 920 798 2418 2672 1028 1690 2159 1950 2667 2276 1731 564 590 2624 736 1107 126 778 541 1361 1138 382 1608 1609 2804 2609 1372 2805 2347 2489 1259 1451 378 1970 1186 1359 917 902 2033 2701 2254 1734 457 2754 1391 1323 2605 914 522 2525 1845 1818 2080 2360 2233 1645 1748 578 1720 2630 359 1869 1470 1887 2824 2621 1687 779 857 1821 2546 1310 14 1115 294 2016 1234 1574 1354 1235 1459 1199 1077 2426 684 1833 835 2752 1210 812
2270 510 2094 283 850 1661 1569 2222 2355 2203 486 1046 2606 2337 1530 160 1078 267 439 2052 2502 281 594 973 266 2013 2608 236 155 398 2705 298 1640 1496 1315 148 1414 550 306 1358 1183 2831 2088 2182 1080 1848 375 1802 1316 2048 23 260 275 1279 1979 1857 1113 922 472 1096 1880 152 1816 911 1468 2677 904 1251 2800 2512 2503 2007 2133 1074 1605 244 784 2410 2312 2534 1111 2771 2556 2681 978 181 1332 2141 2678 1226 1589 178 117 51 2631 1993 100 946 1090 231
2792 1583 2058 1277 998 1340 2778 2605 40 2525 1460 2233 778 382 2601 57 359 118 2532 2496 1769 887 517 2254 369 1186 1525 2684 902 2033 917 639 1938 1578 841 824 983 2111 596 2161 2383 2080 567 688 522 2754 1975 2310 684 1916 1667 277 2630 1693 2190 284 1471 2388 1856 477 103 1443 903 1785 2841 2239 916 1488 767 2595 95 2454 1371 920 1178 2349 1980 1691 1181 279 2276 1854 357 1323 2550 1507 2447 811 1988 2131 1391 2395 2258 211 576 590 2573 431 808 2510
1057 2054 16 582 826 924 1200 1487 1389 1244 1837 2000 328 651 2238 646 2496 1702 518 1471 1620 871 1229 2702 2454 1738 1387 415 372 2453 906 276 2048 488 2131 2307 284 480 1990 898 1767 2395 2383 1483 2684 1525 2386 2263 784 2546 1552 2718 2769 2239 2275 445 2538 211 2530 996 1158 833 393 2732 1732 1147 1587 44 603 830 1133 918 1768 1450 1980 811 1979 2524 522 294 1833 1975 2482 1178 1491 1758 2080 636 2761 1646 1488 724 591 2007 1678 1451 648 1602 1653 2317
476 134 669 2194 2261 2765 1761 51 2562 1227 1763 1823 1885 2340 162 1994 1278 46 963 661 699 1543 2372 1109 1852 1153 1050 2352 2708 316 2693 836 2212 1327 31 2306 805 1011 2168 2011 305 1378 346 2467 561 1395 1283 1101 331 1438 1317 1303 471 2393 402 484 872 1022 467 999 1875 655 1127 1755 356 2237 1275 2442 1873 216 1598 858 1640 1435 922 1692 2707 2017 799 2279 2690 2687 1592 2059 1111 326 644 2654 481 1991 1409 580 649 1635 2343 1216 296 1967 1937 2681
2241 351 1092 497 2599 1582 1586 1840 2009 1654 2762 161 2826 278 1878 1740 1172 2084 738 194 1870 489 1663 2714 1949 48 1041 2724 674 970 1658 622 860 1437 1627 2358 335 1151 1388 1489 178 1328 2230 2657 43 1307 2046 2386 2564 713 2580 662 2676 1439 977 712 2121 2361 1817 338 1406 1225 981 524 1899 322 2683 925 2544 574 2378 259 1412 1810 2509 219 1045 1064 559 1185 1417 1563 67 502 1428 1953 1282 480 26 2188 2688 482 2333 2291 2438 627 992 1055 247 1944
1057 1147 1178 1483 2239 1244 276 871 1990 294 582 1387 372 1077 1229 2453 488 373 1471 1620 603 2275 393 1525 830 1732 2383 924 522 2080 1451 759 811 1488 1767 2718 1758 2702 2161 445 44 1678 2684 1837 1310 1200 1833 2395 284 1487 1450 2530 996 1371 1975 1980 2700 1133 2125 1646 376 1224 2150 2524 825 779 1199 2131 1672 420 591 835 2695 1996 2752 826 2434 1277 339 998 211 2496 2317 83 1587 778 382 2426 859 833 1016 2538 1491 2058 475 2405 2073 756 1574 1768
1038 829 2466 2750 2201 2096 1444 947 1884 698 1167 122 624 405 935 236 220 511 1456 685 2836 123 1782 1153 1708 2735 459 1321 2645 2389 1049 1284 638 1521 229 932 2614 1862 980 1202 1381 1238 2167 2372 2527 81 2592 1560 1291 1425 1095 2439 1258 839 669 2213 2835 358 1790 1679 2628 950 986 1544 2442 1865 448 1327 2212 1496 411 2767 1828 2365 155 2030 1737 553 1640 2791 586 2362 2500 1844 334 855 1933 51 2707 440 2197 173 971 266 965 1305 2674 1052 1649 2011
2458 2544 11 662 2358 1151 1726 26 559 2419 2307 2084 1870 1613 977 2676 970 2724 1417 260 1172 74 2564 259 1908 480 2678 2386 2769 1203 437 415 1233 900 2471 2561 906 2582 360 48 2315 941 1412 2107 1204 1848 1495 743 1895 518 1486 2423 1872 1288 404 105 1772 1453 308 2344 500 232 2626 1406 1346 925 2309 1953 2782 1384 2195 1944 2506 1420 111 231 2761 620 2580 732 2130 2826 2056 2353 784 300 1819 539 660 161 191 2116 2046 764 335 674 2121 2448 1307 247
1240 2335 2338 1011 1941 1273 625 740 2440 2244 619 1967 2168 1097 780 2308 1635 1216 33 505 1823 1994 2352 661 771 2237 741 2311 2285 1612 2100 305 1008 131 2693 1314 2712 1278 654 2611 1021 1317 138 2687 31 643 534 2789 508 1048 412 670 356 1929 363 2061 2212 1327 1875 1921 1598 999 649 2698 507 467 2794 1156 786 2164 331 2340 220 1756 239 1117 455 1262 799 521 805 2632 1781 46 2764 1227 1998 1099 200 1153 1050 1429 2610 806 1873 2393 2654 2232 1789 1109
2745 88 2202 132 989 1476 1357 198 2780 885 75 2497 1482 300 2630 1434 1353 2242 279 1743 1714 2550 1507 493 1116 2414 357 2114 1176 2211 1410 63 462 1517 2754 1685 2020 1019 1179 2112 2605 1104 397 230 107 576 2019 1086 149 321 1693 693 2604 1087 2733 2368 590 2651 2422 1389 2254 2033 917 379 902 2247 818 1372 2805 866 2525 378 2536 87 2347 1398 1795 775 2106 2701 66 1259 371 2441 824 2804 1773 2111 1304 60 1194 2493 1535 1805 2586 940 2621 1298 1631 1169
1801 898 2089 2041 1886 646 2054 2644 395 215 1427 529 442 790 1463 2178 545 962 2277 2320 2323 1798 658 1149 572 856 1175 1230 2759 1728 2541 739 964 1928 2736 862 754 2504 436 677 2183 1962 2319 2542 842 714 1433 598 1951 2445 589 2040 1900 364 1849 1997 101 328 2238 737 789 240 1841 292 1804 967 797 2665 531 1677 766 722 1952 2354 727 979 1121 723 2756 761 1265 286 1876 2615 1266 2808 2809 1935 1776 1533 482 2000 1299 1168 1547 2113 80 29 1689 1418
2338 2698 2308 1764 1097 391 1549 1240 2100 1775 1409 1216 1273 2335 239 740 1652 1789 1994 223 1099 726 1635 2005 619 741 1568 1967 2781 305 2440 780 1941 467 331 2611 1008 1873 2707 670 643 344 2687 1843 2091 1314 1317 508 2168 2061 405 2253 1921 2244 2411 1756 2164 1974 2237 2693 138 241 1274 2232 1822 654 1612 1048 1275 363 1929 1755 2352 455 999 1875 1262 2053 1332 2486 786 412 2610 1429 625 1438 957 2794 180 113 471 2681 2654 33 649 2616 2570 2770 799 31
2275 759 276 372 871 1178 830 1147 603 1990 1732 1678 2161 2718 1483 1620 488 2496 393 445 2453 2530 996 1221 2395 1133 6 44 2702 1980 942 1016 339 1491 1837 1387 1450 591 811 2524 1758 1120 648 83 373 1646 2131 863 826 2239 1200 2700 1672 118 1587 2165 2734 1057 2572 1797 833 355 294 1767 1768 2425 1077 1525 1310 1073 376 1277 1083 1460 1229 284 1331 1371 2684 256 1975 522 2263 1833 211 475 582 1158 1916 834 1224 2538 1402 998 2080 2482 285 2732 1552 1979
2395 1990 276 1732 393 518 603 830 488 1147 372 2275 1620 2453 1450 2146 2524 2702 871 1980 1289 1646 1178 1387 445 2239 6 1133 1767 1979 2496 759 1483 2263 2131 2530 996 2685 1219 1057 1491 1678 811 294 2718 1837 1436 1625 1758 1016 1158 2161 2684 2538 373 2573 1587 833 2732 1552 2165 211 83 339 1460 2734 1083 196 1768 277 591 441 2482 44 2655 1833 1975 284 1488 190 648 2454 2476 522 924 1525 2383 2080 1229 2284 844 1447 906 1331 826 2572 942 118 863 1322
1640 51 298 594 2534 1332 122 2681 155 1095 2372 1238 1278 414 2011 2193 586 1227 2466 2052 602 1461 2348 2705 1111 836 2365 2389 2340 236 562 2597 1308 396 1974 350 306 1444 947 2366 1099 932 2608 2096 281 2179 330 670 1961 1994 2770 1090 2556 1755 2212 1327 511 2789 1038 955 169 405 2837 1763 2764 152 922 805 505 46 2167 220 847 2367 1314 2822 2030 2237 772 740 476 1411 2774 1135 649 2253 229 1050 1694 2168 1496 2270 2791 2750 2584 1096 698 1129 81 2592
1458 2484 894 867 2412 2513 1449 2758 2186 1349 1995 1447 2374 237 1983 38 573 90 837 158 1341 891 1 2068 2710 2838 264 616 2456 1358 2709 651 1812 856 976 1539 2229 2063 2003 267 1861 570 385 352 1181 1988 1480 2675 1330 2138 185 974 716 1060 2481 1159 1622 1034 2635 2431 1338 1009 846 1540 1618 1070 1602 2162 115 2670 2554 217 2455 2427 1122 2844 527 1067 2327 1987 236 2576 2200 2515 1556 957 2800 307 2263 2255 1632 1365 600 317 1411 1337 2182 2823 577 2221
2546 1551 1361 1542 126 2624 1107 1451 1900 364 1951 101 1115 589 66 1210 923 218 2788 727 1389 812 1608 14 1138 2787 2768 1970 2667 1207 2072 1372 1818 2347 2805 1259 2804 2609 2525 2701 378 2123 114 2489 1731 2595 1306 2233 2754 1734 293 1559 2843 359 257 32 1028 2258 187 2234 917 902 1690 2033 2073 2254 689 2579 1103 1950 2281 2159 751 1765 920 1186 756 2673 55 2533 2176 2112 29 2021 590 2364 953 2326 1333 2679 581 493 2605 2360 2276 907 1043 1525 1903 142
1791 2685 2018 2551 1687 7 1595 35 1450 2793 2264 2310 2042 1546 592 2416 1454 1359 1426 2573 488 2073 2453 1289 603 830 2146 1367 916 1136 1171 450 873 1402 243 2459 953 1470 779 1604 1637 277 2658 2524 2426 1068 509 1673 2405 945 2824 2682 1778 1646 2388 684 2097 903 2145 294 2395 451 1566 1351 2672 1239 2488 2081 492 256 1491 1301 303 993 2170 765 1271 2165 2734 736 541 1371 2315 881 1579 2590 808 809 1170 1063 25 869 2457 2647 2258 835 2425 1767 1922 1574
1702 2645 1083 582 1471 2643 1232 1797 1085 2810 1676 1057 1221 826 991 1629 724 759 2262 1510 1290 2496 1163 517 888 2161 1524 1200 640 1331 1277 2312 118 942 2600 2043 620 1119 1807 732 475 355 2392 1139 1583 998 262 2171 2792 1460 453 2476 1989 6 2425 222 382 530 2816 585 2060 399 778 2420 599 1920 997 2117 2458 943 2058 2532 1697 546 1938 2623 1978 1808 1625 1916 2525 2233 285 1933 2507 359 2655 2802 2274 1628 816 1443 1688 595 612 2595 2230 2204 2596 72
1475 2236 125 1187 1433 192 964 225 2062 139 2031 61 2539 159 653 418 408 255 2051 2142 290 525 245 1481 2445 2041 326 2406 89 1018 2280 52 1775 580 108 1730 1293 1831 295 49 1756 598 1706 1787 2407 2352 464 1994 2486 726 1356 753 668 268 1282 679 1021 1156 1039 383 1780 1117 305 2025 939 2806 389 2286 1248 113 1409 938 1070 207 1024 2698 1506 2470 2398 637 2301 806 296 2070 1438 1274 471 1143 2396 1912 2343 2794 2429 1655 1635 430 1255 223 1967 1037
2683 1754 1899 1902 995 146 140 574 408 49 2057 2424 647 1282 2421 2470 1874 1041 171 2669 637 2526 2220 89 1388 860 1931 2599 225 1582 1439 1464 2010 2688 2396 1185 2382 948 494 2828 207 1701 2708 452 383 804 1829 1056 329 1711 1897 1617 2188 43 715 1223 1477 1910 1064 2361 2230 252 2582 482 335 502 1563 1024 2503 990 2291 387 2728 1876 1777 2301 1799 1881 2480 61 2498 2438 1787 447 1757 1831 1571 1924 1484 247 430 2286 2569 2160 2038 2182 1775 1586 1663 296
1356 192 2090 569 927 679 1924 2806 523 1831 2142 2025 225 1706 1655 295 1141 2061 1248 268 27 452 1475 2236 2407 1647 1921 1972 721 89 175 1505 418 449 464 653 1118 1018 1829 2070 1876 2674 1481 1117 2822 125 1648 1156 2059 2669 2283 52 108 2766 1024 1472 1039 139 840 1715 1299 1168 1339 1143 2244 587 444 2402 780 61 1662 408 2119 1789 696 2280 129 391 2625 1923 2786 786 92 1062 788 2037 1335 496 1780 245 822 1730 2137 1033 628 1220 447 1275 290 344
1334 424 1383 184 1269 743 500 232 1553 135 2413 1699 1448 1231 1266 1945 2423 558 949 601 868 2471 681 555 1132 554 225 1999 193 2 21 462 310 1517 1499 988 404 1890 302 2134 1588 520 289 2441 429 843 1897 992 1722 2458 2772 1265 1430 2615 2737 2733 2267 2350 866 300 775 2668 1805 340 315 783 142 1296 2586 1952 1169 2558 662 1362 2596 493 2540 695 11 2211 103 2111 2188 1830 2827 1513 1847 1035 1236 1628 2207 407 2568 19 2120 540 2522 702 1390 754
232 2423 662 11 1944 2188 2737 1362 2657 424 1334 135 992 2413 2046 184 743 329 2569 804 686 1269 1945 2580 1212 1810 1406 2291 1064 977 1486 2509 247 1204 2652 2148 2649 627 1225 559 2135 1617 26 2544 865 2582 335 2076 2458 67 259 48 84 1954 925 1473 2503 2333 2121 1417 2724 2358 1346 1870 1151 2676 1902 970 2084 2742 1223 480 219 524 2386 1328 647 1428 489 260 1055 179 43 1437 1123 2558 2361 2639 482 1369 981 1953 2035 2230 1840 322 1740 854 2010 1711
1444 947 586 2096 1305 935 2005 1006 350 443 2449 1549 2167 2372 1167 2707 2781 1634 2179 2774 1278 1129 2411 405 122 2339 51 2597 1461 1811 1456 1227 1640 1573 2168 459 2340 440 2614 2822 537 2253 2011 562 1424 2366 511 670 836 638 1284 1630 2466 1884 2835 229 396 1694 1099 2528 1652 1052 2201 2750 214 1544 2735 1082 2705 1866 2627 298 2185 85 30 220 1966 1649 624 1790 698 2742 740 752 2770 2767 1560 1738 2837 1425 1994 1308 2212 1327 2365 717 180 1153 922 1820
648 1678 1732 372 2482 2275 1620 830 276 1990 603 871 488 2718 445 2453 393 1147 1178 44 1483 1837 1646 2530 996 759 2702 1980 2377 591 1387 2538 2524 2395 1133 1450 339 1491 1527 1587 1057 2307 1768 863 1979 2239 83 834 1073 1552 2732 2769 1158 811 2161 2131 1200 294 1767 651 833 1120 1758 1402 2496 1016 269 211 1229 918 2518 2007 2572 373 2263 1488 2136 1371 1595 826 2700 1672 1975 1548 2734 1833 2490 2785 284 1170 2317 2165 666 1914 773 1242 1077 2454 1310 480
2093 901 394 1533 213 2638 1906 1296 2090 80 1834 757 1686 175 1393 2333 119 536 1879 1793 1266 558 464 2108 1231 754 607 1248 1265 1383 24 2320 2510 245 1648 1132 523 1035 1390 36 2143 2533 192 225 2408 679 139 176 2402 61 2280 290 1730 525 653 1557 2786 2283 1476 2227 88 268 682 1909 1839 199 569 1492 1999 733 2065 631 70 951 407 2566 1945 2142 789 2615 1418 1562 2078 1427 1448 707 328 2238 766 1706 2029 898 1952 1472 1356 1433 2354 1475 1478 2644
2295 2413 135 424 1334 1945 11 2423 199 1383 184 743 802 1448 18 1954 662 1944 232 351 733 1269 2384 2078 1842 415 2134 2458 1473 2333 2544 2566 1486 1204 558 2506 340 1613 84 2386 480 1867 677 219 1952 2135 518 2076 559 1033 921 520 985 26 1428 2582 494 2615 1346 681 1722 105 482 925 1208 1876 2248 2676 1390 2130 2724 911 2358 500 1064 2084 67 970 1256 900 977 1870 1478 335 1151 259 1417 2064 1596 1422 1953 1495 2361 2652 2649 247 179 1617 310 260
1872 72 760 1779 710 2815 1385 1527 595 2587 208 535 2377 1772 763 2095 186 399 1415 2309 1894 2126 2448 1901 2122 2116 2121 401 731 1163 2561 172 1965 1616 2145 1953 2104 2543 1922 2476 585 2474 773 981 1359 2458 560 1233 437 2328 69 99 539 848 1992 297 1222 201 1717 2585 1643 509 1066 2425 2682 1860 1466 450 2150 2123 446 1139 360 2457 1830 2612 2067 1531 1420 663 1110 2102 2195 1778 702 2538 1413 2572 2128 2056 303 2471 103 2601 1871 2580 1845 258 2613 2577
1634 214 2707 1444 947 1811 1910 2167 459 586 405 1167 882 1866 440 1775 1284 1477 350 2365 122 1573 935 2466 2442 1757 1652 1994 1255 2562 955 236 2212 1327 51 1549 2372 2421 1640 644 387 965 637 2608 932 957 220 231 847 123 1218 2168 2781 836 1250 1949 1038 1364 971 2591 735 1050 785 2237 2253 2130 1790 922 1278 2340 1261 2688 717 1679 1332 740 2056 2764 855 46 1823 2348 715 1461 1108 1314 2411 1991 2612 2681 2218 207 2201 772 562 2750 1873 2650 81 2339
2059 653 2283 1156 552 1117 1706 139 1248 1141 523 1143 295 290 1730 525 2407 192 2280 268 452 245 1655 61 2806 1639 2236 2061 175 1831 116 1921 1475 1039 1472 927 1339 1356 1780 1505 225 2822 1101 389 464 1647 92 27 734 2025 1024 89 1775 2382 679 2311 418 2223 2557 1216 1409 2674 534 131 2244 1465 1787 2393 939 2402 968 1018 2119 625 1592 2070 383 1021 780 2789 1991 204 1464 261 2142 1823 305 1435 505 449 1598 771 220 2212 1327 1481 125 402 1994 587
2815 1114 2474 2032 2721 2476 844 2016 1957 2214 831 2682 1180 5 2572 595 2601 339 1371 1144 2471 1858 1616 768 710 2433 652 1235 2336 2426 1901 2405 2567 825 2840 65 1354 1512 749 2150 208 2587 1736 1603 585 1657 2487 2751 1836 2154 1415 1579 663 1963 6 1260 956 2049 2425 243 1286 282 373 2392 1922 1574 2161 1016 1310 1331 103 2165 1219 2734 820 1171 919 2216 422 1989 1920 1128 1673 1343 2328 1359 1136 1872 1871 1943 2696 689 941 277 2118 1718 2170 1531 1323 1077
2606 978 178 674 1878 1151 712 2358 1307 2826 48 100 911 1046 1148 1183 1848 1654 904 260 1468 550 2564 1172 1866 219 1045 622 2724 1208 2312 2344 2480 231 1627 2241 1328 1313 735 977 1422 925 524 2130 489 1123 194 784 563 2742 981 623 518 64 1489 860 2009 2657 1406 662 2230 338 2512 2361 2410 259 2386 335 2580 502 1417 161 2544 2121 2676 168 283 637 1953 1504 2084 970 1658 1663 2714 415 480 26 559 906 404 1870 2626 2046 497 1412 1895 900 1092 1726
2284 2734 2165 2170 2487 2593 2672 2685 2018 83 1718 2395 277 1267 2524 765 630 776 993 98 1133 2437 1352 2647 1836 1625 166 2738 256 1242 2573 1863 2517 94 1401 243 2661 1574 1642 2721 3 1579 1762 276 1794 488 1016 916 2453 1136 808 320 1925 2405 929 1120 1982 1673 2296 2310 2490 1371 2275 1512 825 65 2462 2658 1990 1128 1260 342 1152 339 7 2702 551 2755 834 2161 2239 652 1331 1147 2545 373 372 2138 1646 2662 1958 318 1539 1289 871 2146 827 908 242 2682
2263 906 2131 2496 2454 1587 1975 211 1980 1768 2702 2395 2684 1525 1488 2239 1450 2530 996 1178 2383 276 811 833 522 2080 1491 2048 284 784 1979 191 1387 1833 1158 1837 2792 983 1990 118 294 429 393 1583 887 664 1147 1181 2732 372 2431 1552 1988 1646 1229 871 1165 1769 1767 2723 1851 667 1451 1483 2453 2482 636 488 2058 998 445 1447 1672 867 2310 1382 942 603 1620 57 830 2275 2761 651 575 1487 1732 918 441 845 1626 555 2307 1016 2718 2111 2524 1057 2538 415
2058 1340 2601 2792 1277 778 382 1460 2233 359 2525 2254 1186 917 902 2033 369 2684 2532 998 2605 57 688 684 517 118 596 1583 40 2778 1938 1371 887 2754 103 2161 2388 903 1854 277 916 357 1916 2276 2080 279 2383 920 522 2310 2550 1507 1769 1525 2496 95 1471 284 590 767 2630 2239 2595 808 2234 32 187 1626 1975 811 1028 2159 2841 2190 1690 2111 1950 2489 824 1856 1372 1785 2347 1443 2701 2805 2804 1259 378 1323 1410 250 2447 1488 321 2395 2752 1391 2573 1693
1338 1329 974 264 317 741 2616 1330 1764 1907 1337 185 481 1843 1009 217 2164 2091 147 2635 2839 1622 619 2455 1500 1060 2481 2570 1789 892 2308 391 1662 1273 1097 665 1781 1941 670 1122 2061 786 2137 936 822 138 1921 1048 27 363 1540 654 1008 1070 223 1 957 1813 449 2083 2486 1618 324 239 2689 788 2632 625 2155 1429 2720 1998 1240 1976 331 2709 600 2698 2565 1918 2617 1099 2335 507 508 2177 2285 2255 241 521 2798 780 1069 1612 344 1408 1652 2627 2244 2597
2063 2269 299 969 17 577 573 2229 1292 1377 1814 170 801 2820 1664 2039 2209 1034 2833 1930 2484 884 879 307 1855 1947 2844 2461 2783 656 1724 438 1575 2356 2187 2092 519 1159 1675 1850 800 2139 1446 2151 2709 642 264 1206 158 551 2588 1877 1030 2069 1987 1564 2371 1792 2456 1193 421 2581 1580 2797 483 2127 2206 1294 1447 1995 38 2158 894 2418 1234 1366 2004 1735 203 856 1458 2003 130 1516 746 2455 976 115 857 2221 2513 570 1201 1615 2374 263 1983 2186 1803 2138
2622 2049 2110 446 530 548 1778 2346 2757 2613 1017 1916 1894 2357 1171 1359 2085 451 540 1301 1759 1331 2478 2077 2585 2768 475 1361 2171 420 1499 2660 2123 1495 945 5 768 1397 1981 952 1584 998 2596 688 775 1510 1805 1531 2586 1846 2109 1235 1354 2392 1169 1858 509 844 1645 2388 903 983 1199 650 2666 1901 1871 2682 966 477 2457 1515 601 493 133 1007 2752 993 1734 2433 1669 401 2097 2572 1518 2313 2815 2772 710 687 1859 1479 1604 315 2140 695 1252 416 1290 2
1491 835 1450 648 603 830 1678 294 1400 1147 2718 1451 2624 1057 126 1107 2383 1525 1229 1845 1687 953 2239 522 2746 2080 1488 1758 1621 1833 1483 1178 284 1068 1913 811 2102 2530 996 2243 774 1975 2492 2684 1387 1767 2196 591 2524 2405 2125 475 2680 420 211 1133 1671 1199 937 1174 2685 859 779 798 1546 998 871 1595 756 2672 2081 1498 276 35 1402 1195 1470 843 582 1791 2275 826 2702 1990 2150 2395 1551 382 778 1359 2788 2131 2453 1077 869 373 2123 2491 2058 325
646 2054 1801 2644 898 436 2320 1533 2178 2277 754 2089 2504 529 962 395 2041 1886 1427 1728 2541 1149 215 964 572 1798 2323 658 1175 714 1433 737 598 1230 1677 1928 2292 2183 2759 967 1841 842 364 328 766 1296 1900 80 989 1804 2238 2040 2542 101 240 789 589 1951 1266 442 1383 790 1463 558 394 1448 727 1478 1265 2615 677 2113 119 531 24 979 2638 1834 1876 2333 2756 545 1984 707 1312 1952 286 1299 1168 1935 2354 1962 1906 2408 757 2533 2445 1771 2566 1892
1409 2338 2100 1216 2223 2213 1283 2253 391 2340 2698 726 2226 1994 131 1764 2155 412 305 649 1140 2168 2486 2505 2465 223 1273 1037 2811 1278 389 1141 2539 46 2053 562 661 1755 1227 1885 805 162 963 2789 741 699 1543 1109 1852 31 1823 1050 1124 220 2212 1327 1618 1635 1274 1240 2237 2372 2765 1967 505 2308 1475 2806 1974 116 2616 1101 1039 1021 1822 2693 2393 1991 1873 2306 561 2059 2070 1317 1438 471 1429 2562 349 2764 1780 1095 655 476 1303 1774 665 2011 1117 1862
57 2718 943 517 1170 1583 2131 1318 1491 1450 1791 2491 2058 2792 2532 203 2496 998 126 2624 1107 2419 1277 778 382 40 2454 1916 1687 1158 1460 2525 118 2732 1552 490 1443 953 2233 359 1845 174 1747 1629 1400 1471 1181 2692 1938 1676 2685 603 1988 2425 830 2530 996 2482 1980 2684 1769 355 1525 1233 437 1678 2161 2315 636 415 2258 2675 211 688 983 284 811 2595 2761 2349 1975 1178 887 906 567 916 522 920 1837 2080 1595 1524 1470 648 599 2841 1833 1186 917 2605
2253 2168 391 2338 350 2226 1429 1216 1994 836 2340 2100 1273 405 2616 661 1764 46 1283 1050 220 2698 1278 1409 2212 1327 2774 2372 741 562 1284 2765 1240 955 726 1227 665 740 2223 412 1097 1823 2213 1099 511 1109 2764 1153 2465 2505 305 1549 131 508 2562 389 2822 2570 1991 396 51 2237 670 1521 1456 1461 31 2308 122 162 331 649 1843 963 2597 505 699 2096 2155 839 1543 1095 2335 2531 1755 1885 1917 2261 476 344 1967 1761 1974 2053 932 2440 1395 805 2693 1852
2643 1290 2043 2810 2171 1977 1510 1702 759 2655 2161 1163 1797 1920 530 595 1989 1331 2392 1277 1676 1854 1629 517 1524 2600 382 778 2346 2532 1916 585 1471 1460 1705 1651 2752 650 2802 816 401 2666 2313 993 127 2060 1171 1938 826 2561 118 1943 943 1467 2314 468 2491 684 208 1371 277 2587 1310 2310 1621 359 2525 808 221 1028 2426 174 1690 2233 2274 1518 2159 2507 825 582 1950 942 2058 1085 2388 844 2682 768 1136 903 1254 1860 1747 2478 1499 945 2077 736 541 873
2209 1575 1292 1516 2269 2004 1454 1792 2759 133 2069 700 166 2075 2588 2356 2662 2490 320 2139 242 2063 1947 1522 1550 1675 730 407 438 2206 1377 516 519 1564 857 1682 1930 2820 874 2151 406 673 1670 801 593 2551 248 1887 2127 1776 1005 2548 112 2844 591 2461 1572 2290 1511 1969 1765 2783 1580 1526 2516 2187 17 2590 685 1295 1347 1446 1030 2092 1210 2581 800 2418 2039 2833 2648 2763 1421 66 1724 656 1735 1850 884 2371 1689 1494 1855 336 1574 557 1863 2730 1201 1379
1164 968 452 1655 92 1647 1143 252 120 2144 2819 1929 877 1831 68 2557 1117 2099 2181 1972 721 2017 553 2594 1156 1010 1598 173 200 618 413 1708 1955 1650 2343 1680 2610 2500 2389 2770 2396 2794 552 2407 1314 2265 238 1335 1302 1111 27 772 1873 847 2799 1746 2534 2674 1896 2552 2837 799 169 458 1692 1612 849 1875 872 999 2814 2105 33 1339 1099 890 2654 1706 326 771 1022 2715 734 580 758 2611 633 525 2531 1917 290 1274 1991 587 2352 668 1048 138 383 533
1451 475 582 1139 1970 2788 1903 2679 2595 2233 2080 2525 522 359 1525 1361 2624 126 1107 1551 1199 1306 1760 1130 1115 1103 1712 2546 2768 2609 585 1257 420 843 835 1499 1731 1901 2150 1471 998 1938 2684 2346 257 859 2643 687 2469 114 1280 1460 1951 2331 778 382 2047 791 2364 1723 2579 2843 1785 432 2043 1510 2254 2058 182 2383 230 2190 2523 1734 1083 917 457 1773 2033 902 1856 1631 95 1389 1795 1186 920 954 811 2787 1138 952 2171 2605 1818 2630 2125 1178 93 1767
2833 2139 801 2187 438 2371 2092 2127 17 2206 2356 2461 1724 1947 1792 2820 2151 800 519 879 2209 2588 2269 1564 299 1850 1664 667 1292 170 1619 591 2069 2581 1930 1675 1863 1925 2797 1580 2490 1294 242 1366 1877 1735 2771 1803 1446 1855 1377 2418 1982 884 1079 320 656 538 166 1575 2516 673 593 1526 228 133 1347 1511 2662 2039 874 1516 1969 2844 112 1005 1682 516 730 2730 551 969 2290 2659 2763 1550 1670 1494 2266 336 428 1421 403 2075 406 2783 385 1493 1201 1159
1335 180 2099 618 2814 1650 2499 2715 452 1218 637 120 1955 1250 2017 2396 1831 252 200 1655 1964 1889 705 2181 330 533 2265 2794 2449 2773 2767 2501 2316 383 2819 957 849 1316 1929 1775 1099 633 1875 2210 2407 999 2005 1164 1746 1051 2479 525 2144 1896 33 290 1156 1873 1692 2173 2557 2280 758 1022 2389 1976 326 1173 858 580 1314 1532 2105 1262 2352 455 2464 2411 2301 2343 68 1565 2199 2404 553 2527 1018 1652 2552 1381 1820 1143 113 2370 1612 2830 799 1111 1008 1961
711 1134 1297 1597 2402 1680 426 2400 1162 696 1674 1666 1729 1342 1647 1972 721 2015 1299 1168 1725 1689 314 2799 92 703 2809 1252 2842 2024 2143 1118 79 261 27 246 2325 224 2003 2728 1143 1164 968 1924 1484 722 2806 1547 2435 990 1839 12 452 291 2814 413 1141 602 1264 2766 2825 110 24 2719 1829 2674 2813 587 1874 2786 671 634 1655 2248 2430 1886 447 523 2319 2822 1793 1831 2598 204 444 1706 532 1268 449 1256 1909 1876 2223 1475 2283 1555 2736 1505 742 1089
533 238 1650 858 1955 200 2316 2720 618 1746 2393 2715 1124 1117 2053 1929 2181 1135 849 2479 705 33 1099 2552 2370 649 2610 740 1827 771 2265 120 2286 2306 1111 1967 2017 1008 890 2819 1598 633 2173 1974 1302 2164 2794 2445 1011 455 2352 1262 1140 138 1156 1048 1335 654 363 1961 2681 1314 1021 999 872 1612 772 1037 2285 1026 1010 1875 1941 331 2199 2764 507 1730 552 2557 1635 619 2061 2611 2687 1921 1275 2539 2531 2308 113 1438 1274 2244 471 2105 534 1994 2311 1781
907 531 2665 1707 1641 2788 1103 1825 2409 614 1244 1363 257 2150 2364 723 1922 923 676 2609 2219 1940 2399 420 1077 2176 1890 55 792 2462 2304 2843 2157 2506 2334 2549 750 1184 1928 2387 585 215 1230 739 1657 1350 725 2559 1633 2000 2618 1138 1357 1210 39 579 928 333 992 1731 292 1888 1603 1043 1130 1007 364 1900 956 218 1645 101 1800 589 1542 104 1985 875 832 14 1028 2603 1690 2729 1986 2546 728 727 953 2159 930 397 1950 878 1951 374 1354 2752 2120 2294
2510 1879 607 1906 1834 1277 2058 394 431 1499 901 778 382 1916 2346 2525 2233 530 1471 1854 1628 359 517 998 475 2117 2274 1460 1331 2171 2772 2043 2596 2679 2792 536 759 816 1920 2810 1970 2532 2161 1938 2587 2655 582 208 118 2600 2595 595 2533 1705 337 1390 2496 1688 2802 1903 1583 1989 1681 401 1083 791 1769 1510 174 399 2077 2478 1290 2660 1163 1443 1669 567 585 1621 1557 1139 1533 1981 453 2643 2392 2055 2561 2122 2458 942 1676 6 1753 2777 1125 1747 1483 1371
404 1901 992 1362 843 2471 1004 1323 2737 1845 689 1908 232 2668 340 310 500 2350 2046 1406 103 585 2558 1897 1343 743 1830 105 702 297 848 2419 300 1922 2841 1212 2150 949 26 1139 1130 1361 184 559 1354 952 2506 104 424 1334 2546 48 2561 2121 2328 2509 1810 2326 165 2768 1453 1551 1451 2258 2624 2754 907 1210 2073 126 1488 1115 2234 1107 2260 1669 2583 2056 32 1028 2489 1372 812 2601 2347 920 2123 1690 2805 187 736 662 2804 114 2701 2159 1259 2605 687 432
70 2663 2510 1753 1125 2777 36 1557 597 1390 110 54 812 2 1210 923 1000 945 50 1739 759 1695 710 2346 1842 1499 2110 2369 1515 1371 2600 1916 2060 2664 2684 1669 601 1031 808 2043 2274 844 1734 1959 40 2752 22 2748 1171 1705 1920 57 375 2171 993 2768 873 2802 1909 133 2587 1136 208 2551 1719 2659 2457 1059 2647 2682 509 1372 1846 2347 2810 2525 1651 2426 794 530 2804 2314 1977 2272 1688 2392 916 1413 328 1611 2489 102 2805 2655 1604 457 2701 1259 1404 1290
252 1701 383 2396 2099 452 89 1532 2669 330 377 1754 1924 1831 2690 447 972 1571 1829 2674 2199 1655 1024 2794 1506 758 1774 1874 2435 2501 59 2557 146 782 1741 2741 2181 1339 2105 2683 771 1843 2628 2527 1021 1302 1974 2231 1896 2389 2725 1039 1976 2372 1182 1409 2799 1150 1598 950 2407 618 169 1018 1173 805 2301 2421 2770 2025 1477 113 367 1164 2210 346 402 2429 1873 872 1907 2467 356 1746 1099 1022 1378 180 51 471 1438 476 2439 430 1692 2819 2223 33 1317 534
1029 2501 2404 2464 1820 2366 181 354 635 180 624 214 2449 2362 1190 1416 1218 325 1096 1381 610 2560 1701 605 1261 1108 1051 1803 2735 2627 1006 1250 2553 2830 2631 2574 586 1936 2339 2005 701 1891 1444 1623 1880 1082 2742 443 454 947 2807 860 537 2179 1966 905 1581 2065 678 2203 1020 1094 1424 1826 744 1309 2528 1205 1738 1311 2087 1524 1425 1560 1215 1509 1305 498 2385 798 2012 588 2006 2448 719 764 2619 2697 1649 621 1694 1536 466 2351 262 1866 2278 473 636 400
2291 1944 2333 2580 804 329 2569 1617 2657 686 2057 647 2010 2683 574 1899 2035 494 1223 1012 140 249 1473 2639 1902 627 995 2438 1282 2688 1586 735 860 977 2361 1123 1700 497 1328 2424 2470 1840 1437 2813 225 2148 179 1369 489 1711 2649 67 524 715 1868 2652 2248 1388 482 408 2188 1464 1563 1582 2230 335 2599 2076 2503 2498 981 502 1185 219 43 1064 622 1876 1056 168 1627 1486 322 259 2009 247 278 348 1422 1045 2130 1406 1777 1663 1596 662 2714 232 224 11
279 357 2550 1507 462 1517 555 2605 321 2019 2651 2106 1410 1186 397 1179 1177 917 902 2254 2033 818 2733 429 2754 227 596 866 369 107 1104 1382 639 2111 2441 684 2180 2684 2568 2020 63 1019 2114 1818 2242 2630 751 2281 2447 688 1340 103 940 887 371 728 930 2601 95 2276 920 2058 2780 2559 1626 2202 1304 87 2489 32 187 2234 824 983 2604 230 378 2804 2805 2190 2523 2211 1372 1259 2347 1176 2701 1398 359 2525 1561 55 2176 93 1856 1785 2233 2422 2368 1028
2596 1499 2772 2478 2777 2077 1753 1125 431 1681 1628 2233 1460 359 2525 2274 1588 2117 1938 1510 601 453 2 2555 983 791 775 1169 1805 2586 493 517 2111 1727 1970 429 2679 1443 2346 778 382 1916 2043 1747 2684 1165 1854 582 1890 2058 1903 2510 2171 555 302 942 1734 585 174 2313 315 2802 688 596 1277 1517 2595 462 2254 337 2827 1186 2532 2810 1669 103 457 1139 917 2768 2033 902 816 500 554 369 1705 2754 250 2262 2276 1676 2458 2748 684 2792 102 578 2161 998
1283 2698 1021 1775 2486 726 1409 1216 2338 2213 2100 180 412 1037 1862 2155 2340 2232 1124 2465 2505 2308 1140 1843 649 113 2199 2053 1755 2311 1974 1008 1438 471 1274 655 1127 1994 1568 2811 478 1278 389 805 383 331 305 1330 1652 239 1875 534 999 1099 771 455 430 1929 1262 1156 2794 2531 619 1820 2789 806 476 2429 2654 1692 1022 1598 402 33 356 1039 390 1227 799 1303 2352 1780 1117 1967 586 2285 2223 1506 200 2687 643 1635 2372 1730 467 2611 2467 1250 346 1873
2663 1753 1125 2777 2471 702 2684 1830 2768 103 2525 1669 1846 1372 2804 2347 1734 1028 794 457 1510 2489 2701 2805 1259 2754 2254 2233 1611 32 1959 902 2033 378 590 1690 917 2159 2748 2621 1254 2360 2 187 1310 2234 1950 359 1499 541 1869 736 1748 102 768 688 2314 1938 1608 684 1235 578 1460 2276 1186 250 1821 843 601 2605 1354 2258 2609 812 2478 2843 749 2077 2772 1731 2788 1210 2080 756 689 1645 811 1199 1470 2469 2326 2667 2659 848 1323 2630 2123 1551 1361 1901
2630 2605 1176 567 1186 2033 917 230 902 2254 1087 63 1019 2754 2381 457 2360 522 1323 2080 1391 2525 1115 920 824 359 1734 2233 617 2414 493 926 940 2368 2125 2114 1590 1551 378 2701 1372 1608 2180 2804 2805 2347 1259 1451 1361 2489 2190 590 1693 1561 2276 689 1459 126 2326 2247 1856 2258 1785 2624 2422 1107 2621 341 1869 149 960 1685 2667 578 1028 1748 1950 2780 32 751 187 1690 2159 93 2234 2546 2202 2066 1304 683 2281 1838 2523 2058 107 2106 2036 775 2383 885
806 471 1438 655 113 2070 390 534 1635 1021 430 331 1275 2244 418 305 2429 2232 1127 1303 1875 999 478 780 786 1274 726 619 1018 412 295 356 2794 1008 2687 2465 2505 643 1465 1941 383 467 455 1441 2407 1262 1761 2654 268 2352 2467 1994 2690 346 33 2100 1378 216 402 661 2821 1568 561 1011 1022 1481 2486 1967 2308 1692 1124 2311 1929 1780 2301 2338 2393 239 52 108 1409 1730 2285 1317 1039 2155 1789 2611 31 2053 200 1598 1506 799 2698 456 1395 668 1216 296
2674 2389 2421 1655 367 81 1774 1754 2231 220 452 1782 444 932 2213 252 963 699 162 1543 59 2592 1991 968 1182 89 1708 2610 1202 890 2223 1917 1109 383 1010 1831 2828 1852 2669 2306 377 2725 235 1829 1409 511 758 1024 447 1650 2396 1117 1477 2212 1327 2237 1924 2764 698 1164 123 1521 1444 1038 772 1873 947 2799 2531 305 1823 2527 1274 2557 1571 553 2365 244 1598 2173 1635 358 1039 2372 552 1949 1746 68 649 1167 771 1317 200 1931 2690 1544 2836 950 1994 1314
293 1017 2021 2673 29 218 2533 1798 572 1478 240 2622 853 1559 983 1765 1542 695 286 66 1210 2787 2768 540 2072 1940 1333 142 1207 2267 1361 1951 1699 1430 2536 1093 1161 364 101 2113 750 2542 2172 1900 1901 589 923 2323 2064 812 2430 634 436 177 2829 687 2120 783 739 2207 658 1175 2211 1728 859 427 548 2567 1149 1890 2016 1354 1171 215 2247 2756 2640 952 878 475 2346 420 545 2472 768 2123 2049 1007 1776 105 1397 861 14 2733 564 2313 727 2077 2613 1970
1478 1776 979 1890 293 2549 1940 1007 878 709 572 1230 2064 1798 292 29 1928 2323 1266 983 792 802 2021 2756 2673 695 2219 2533 1765 2113 853 1448 218 540 2430 634 545 2384 2413 1383 135 1945 733 1495 921 257 2364 66 333 2000 1825 812 1628 2784 739 646 1210 1951 1017 2542 436 328 2238 2788 286 1641 1952 2117 1707 2472 215 1165 576 2596 240 2172 2478 1499 101 658 2077 1900 907 2224 589 2615 1175 989 2759 364 2622 2211 1542 737 176 1296 1390 1093 2247 39
420 2150 1525 1199 835 1077 1451 2239 2609 871 475 1767 1147 2788 2462 1922 1184 2843 923 2334 294 1387 522 2080 1171 953 585 843 1731 2073 1028 2752 1690 1950 2159 1551 759 1645 1970 1355 2667 1354 1400 2679 1833 2395 1574 1139 1450 127 1960 1178 2624 1361 126 1107 1467 811 2620 276 1488 2453 2383 2524 2684 2426 488 2434 1210 1621 825 2595 393 2405 2702 582 541 736 1977 1057 1397 153 373 2613 1758 975 530 1359 2768 1898 651 756 1646 1979 55 684 2176 2469 2546 603
646 1476 2743 2644 333 989 714 88 2636 1801 2745 436 898 967 1841 1804 240 2054 1533 1448 790 1478 1558 558 2615 1296 2413 979 135 2295 1266 1383 1776 1088 2089 1733 1357 2178 2113 2320 2808 1265 2041 1952 1469 2541 1121 707 2408 543 545 677 1300 286 964 24 2727 2354 761 80 1945 2172 132 395 499 529 2756 2086 2539 856 2202 1288 634 1353 1703 2566 1677 842 853 754 105 1928 2430 1231 2638 1984 1197 1886 1230 1572 1427 1473 1312 2495 362 2472 234 658 75 1149
2123 1107 1359 126 1687 2624 778 382 688 1845 953 1361 2234 32 187 998 1470 1916 2258 1171 590 1372 2489 2347 1235 2805 378 2804 2701 1259 2768 1846 1400 133 1531 756 2233 2525 1028 2159 1354 1690 359 1950 2754 1734 2621 1608 1869 2254 1397 2326 835 917 2752 2033 902 1748 2073 2276 1199 457 2360 920 1467 564 768 2109 1186 2672 578 859 2016 2778 1551 284 2346 34 1791 2493 2824 952 2433 2605 914 420 1451 2536 2331 736 2667 2585 2058 541 1460 1747 937 1535 798 2613
2083 1976 1998 2091 698 1843 1662 936 2164 786 788 619 1097 1048 138 654 363 1941 1521 2137 822 2565 1506 1789 2689 2389 2061 2632 59 1921 1918 2439 2308 1907 1781 239 2617 1500 27 2177 780 670 2557 1544 1008 521 449 2687 1275 2597 331 2611 2244 1338 33 2794 2335 643 1240 2674 2798 467 2720 241 377 1612 1273 391 740 81 625 508 1429 839 741 2712 950 2527 383 2285 2690 2228 1099 1875 1754 2440 2421 455 1262 999 344 1272 220 1220 2396 932 1337 2616 799 1972
1449 115 1987 38 2455 957 2709 2186 1349 1995 2484 2513 1447 307 147 1411 2481 158 892 1206 90 1618 2174 746 891 2456 2221 2003 1983 894 2570 2063 2229 577 1556 2554 1572 1122 1070 2388 2758 342 570 903 2162 1828 352 976 2412 969 2823 2374 2327 1632 1214 267 573 1458 264 1341 1034 2675 1861 2068 2109 856 875 1667 1539 1919 2710 551 1988 1673 1181 861 913 1973 2727 299 1 1234 867 203 2838 1579 1060 1927 2138 837 1270 1365 1338 1009 2189 1615 1049 1337 506 974
2600 1989 1920 1705 1854 1770 401 2405 208 2587 6 2685 1460 1747 2647 1331 943 174 2462 1136 809 2425 816 942 2655 595 759 355 2532 2682 2392 1687 2575 916 99 2161 353 1491 2721 277 2274 1450 382 1579 778 2672 2027 1673 9 530 517 1277 1114 1739 2058 2478 196 2077 1791 1042 1068 392 1695 1916 1131 1470 1595 2561 2272 2573 993 2395 835 2042 749 945 1235 2487 1512 603 65 1651 1625 2346 1036 2624 243 2772 126 2276 1753 2777 2018 830 953 1125 369 1385 1107 2792
1673 543 1260 1973 2647 1745 1331 2563 993 2388 903 1919 1579 875 861 333 1836 652 530 1985 1128 1136 277 2049 2721 1371 2575 2157 2487 630 1180 2459 1695 808 2462 1211 2310 2437 2682 1614 1920 1603 2284 2573 1392 945 373 1667 342 2018 1368 825 765 2593 1778 65 1016 579 1512 2426 243 1528 2118 2161 1310 339 311 759 2336 2042 928 2395 2110 83 441 1171 1267 25 2132 492 776 416 2488 397 98 1625 916 684 2752 1077 451 615 1574 2379 2734 873 2166 1301 2517 2405
2372 1278 2212 1327 2340 2017 1994 1227 649 2352 1314 2693 2011 2306 562 1050 2168 46 200 2335 1650 1967 1109 1873 1135 2237 1823 51 162 963 2610 699 847 1543 476 1929 505 805 1755 1852 2173 2715 305 999 1875 1317 2707 1761 1568 2794 1746 1763 1917 2789 740 858 1635 1240 1612 1991 890 2365 31 661 1022 1011 1153 1099 1692 1885 2253 2654 772 1156 220 2764 1283 872 1008 1216 2232 1111 1598 2681 1974 455 955 1756 1262 33 2338 326 2100 533 799 580 2199 2765 618 2429
276 1016 1672 1371 808 2444 2161 277 2395 1836 1310 373 83 2310 2165 2437 339 2702 441 2734 488 2453 1147 2573 2131 1128 630 311 871 1990 1077 2239 2700 2488 2315 1973 2336 372 1450 203 118 57 684 1851 1178 1791 875 863 1179 916 851 834 603 2721 2018 2275 1620 1528 759 830 1401 393 2563 2572 1732 2718 928 2695 652 579 1585 993 2426 845 2487 575 1980 1523 2284 1919 2685 1402 2419 2459 825 1260 243 2118 861 2388 492 65 369 1512 1985 1170 1432 903 2405 2146
587 618 1335 2814 1650 668 1117 1099 2407 1961 552 1156 200 1143 1135 2051 649 2181 1831 1472 2199 1021 255 2062 2715 1655 1706 1974 1921 2061 120 734 2119 452 2806 2017 1955 51 2479 252 1141 533 562 2704 1302 295 180 2099 2811 633 968 2822 2610 938 858 2499 1746 1433 2173 2105 1278 771 950 2236 1281 2316 125 2340 1010 1647 1843 2819 1755 2059 2789 1929 496 670 1283 1227 2025 1339 2552 169 139 2794 447 1376 1896 2306 2372 2011 872 2773 92 1475 113 927 455 330
2600 1705 1920 1989 1854 1770 2647 1460 916 1136 942 2462 401 6 2575 277 2682 2161 2587 208 1579 9 2721 2532 759 512 778 2517 382 2392 2487 1331 2395 595 2573 1673 2655 2042 816 1739 749 174 2685 2018 945 993 2310 2274 1512 1695 65 369 2672 243 530 1277 517 765 54 1105 1371 392 1114 811 1585 1625 118 99 1063 808 2478 2426 2077 2276 1745 2434 2058 1260 2459 825 1916 684 2284 1310 2777 1753 1125 652 2684 294 2272 2593 887 2233 2525 1719 998 359 1367 2561
2320 962 754 1798 2323 572 1175 658 1728 1149 898 2277 80 2615 1296 2644 2178 529 1533 2756 1448 2354 1265 215 1478 436 1928 286 1230 727 2183 739 2542 328 737 2472 364 2238 2172 1900 2040 1312 1984 101 1951 589 29 2533 1266 2566 2638 646 707 1383 789 176 119 2504 2408 2054 24 979 1945 1801 2224 1733 1427 1841 36 2089 901 2413 2143 135 240 967 2759 1804 2430 634 1390 545 1298 2113 853 1653 1886 2041 1093 1231 293 2579 540 2541 2673 1137 19 2021 2495 842
1325 2463 809 870 365 774 2196 1131 2243 1783 2492 2293 2103 1637 2101 2793 1352 1247 1595 929 1322 2087 2156 318 1152 593 673 112 1546 233 353 544 2081 2545 1174 1794 2027 2264 874 2405 1642 3 869 1762 1120 2685 2593 1913 1519 908 745 1968 1243 1042 2434 1454 1491 2514 1133 1061 381 1554 2147 881 2165 538 2734 355 603 2706 2483 830 2425 1351 450 1379 1791 35 1402 560 325 124 2299 632 1036 1526 1309 1581 781 303 1860 1206 2450 678 69 2697 256 2170 2662 435
2662 2069 166 2246 1682 320 2170 516 2490 403 874 673 593 1550 2658 1794 1642 3 929 2545 2516 2661 765 256 242 1718 519 406 1446 1242 1526 1574 1511 1969 112 869 1120 2524 1454 908 133 538 1347 827 1355 2206 2755 2418 438 7 282 1352 243 273 1271 730 2290 127 1005 2793 488 773 1670 2453 881 1345 35 1294 1982 1247 2127 2264 984 1546 2434 2081 2104 779 1863 2151 1442 2209 1133 2075 1595 2356 1295 2426 2198 2146 2034 2002 1289 2018 2460 1947 1201 2299 1479 1351
1206 201 2455 1987 1447 623 299 969 573 2484 1122 769 1172 894 1615 2826 1313 502 957 161 2221 2200 338 2205 437 1233 570 2353 1895 348 2003 900 1663 489 2084 2714 1658 1253 1870 563 2823 231 409 1726 2646 2753 539 303 730 188 1458 1208 38 2838 1995 1066 2678 115 1788 1602 1643 560 2344 1002 984 307 69 2832 577 965 203 130 943 959 2229 2063 551 2186 1201 1983 1468 2840 1845 1349 793 214 746 2094 815 2012 908 1170 1449 2710 2162 2844 978 675 2769 1358
2291 1899 2683 574 2057 1617 647 804 2333 860 329 2580 2569 140 1902 995 2657 2424 2010 1282 494 1223 2361 686 247 408 225 2470 2230 335 1185 502 2688 2438 2639 1473 2035 1388 1464 2813 715 1754 1711 1582 2599 1876 2728 1840 2188 735 1437 1328 2498 482 489 2248 2503 977 43 1123 1064 1777 1369 179 2649 2148 524 2652 1663 1563 1868 278 2714 1586 224 622 1627 2076 981 2009 219 168 1012 249 259 1486 990 1422 1658 348 2130 497 322 194 1045 1596 1406 2582 387 1613
2688 1949 1045 1041 971 785 387 1910 715 2498 2608 214 1422 1902 882 1282 2503 140 2470 2010 231 995 1866 1817 1464 2424 1388 1582 2599 2421 1878 2200 43 1627 623 712 2708 398 329 1596 735 348 1223 2130 762 207 1049 2436 494 1064 647 2683 804 225 2286 1711 1185 2348 1640 48 146 1315 2823 925 1563 2182 1757 236 1777 2188 1183 1654 1255 959 49 550 955 136 637 1458 986 2270 408 1754 2438 2657 2382 178 2410 2569 194 1658 713 1148 1336 2378 1663 1076 2813 2639
1542 66 693 2495 1459 2036 341 379 1971 589 1786 1900 364 101 1210 2242 2536 2040 1166 2019 1138 812 1818 250 737 462 2550 1517 1507 2281 751 14 1177 1186 767 2033 902 917 2254 93 1343 279 859 357 2202 2258 2641 920 218 895 1890 940 728 1179 2733 2176 2114 55 1410 2656 321 2651 2493 397 1176 2016 2106 818 727 2667 1928 1028 1690 1950 2159 2605 1898 2180 2559 1434 32 2111 187 2112 2072 2073 2234 967 1207 2247 1086 2630 581 1693 564 407 2020 2441 2380 2754
243 1136 7 2658 2793 1271 1239 873 2487 2018 2170 1642 3 1604 2097 2394 1546 151 2042 2593 288 2551 765 1352 2647 2156 2264 1367 1105 1426 2734 2165 1301 318 2426 451 2682 1152 929 2545 2416 1131 2685 1325 1579 945 1673 1719 1479 1566 2195 2517 781 1637 2434 1783 1133 392 1595 256 1368 2463 9 975 1762 1718 2721 2661 1574 2462 2662 1791 2573 632 1920 776 54 98 2453 2110 1061 1036 509 488 1512 65 736 541 652 2147 2755 809 1794 2293 450 2146 2073 2069 592 2246
1655 2407 1831 1117 1156 552 1018 295 113 653 1481 1706 2301 1143 1929 452 2429 927 2806 782 2819 449 2244 968 1465 1598 1921 2061 2698 200 1335 2610 1662 1635 1275 534 2716 877 2311 2794 1274 2017 523 2059 2181 1339 173 464 2531 2352 780 33 2557 786 108 734 430 2674 1099 418 1008 668 1010 999 52 553 390 525 1875 68 872 290 806 458 1314 2119 753 618 2144 1111 788 2236 2654 2232 2285 2199 1873 1612 2343 455 1262 27 771 1730 1022 1715 587 239 1974 2611
1223 2010 1902 1388 140 482 995 1582 2599 494 2470 329 1282 804 1064 2688 2582 2503 1711 43 2188 647 2683 2424 1464 1563 2438 2057 1899 1777 2569 2657 1185 715 574 194 1417 2639 860 1658 2714 1663 1586 2498 2291 171 1617 1868 502 2361 2230 335 2813 2035 1627 2436 622 247 387 1742 1439 2248 1881 278 146 2333 2378 1489 225 2762 1328 1473 637 2182 2485 2580 1336 1596 686 785 1172 1754 408 2130 1897 1422 260 1041 231 735 1092 2564 1045 48 2286 67 1878 1123 168 627
1650 200 618 533 120 1117 1746 1929 2316 2715 2017 505 1335 2306 890 1302 1967 1099 2610 633 2764 2814 2552 1822 1955 2681 858 1974 1274 932 1111 2531 2173 1010 740 2365 1598 2352 649 2819 1135 1961 872 33 2499 771 2370 670 1314 2181 772 2794 968 2265 999 1635 173 1875 1021 2212 1327 552 705 2193 2557 2479 1278 1994 553 2237 68 455 1156 1917 2285 1262 1317 2144 955 1756 2500 1852 1991 305 2698 1912 2199 503 1873 162 1438 471 1730 1941 1240 963 1164 1332 1612 655
252 447 2501 1182 1701 1571 2396 1829 383 2220 2526 2669 1924 89 1766 1774 2725 4 1874 2683 452 1532 2435 2741 1889 1173 1754 1741 2690 1831 758 2071 2674 1506 1655 59 367 2799 2794 1039 2099 1024 782 1931 1899 1339 2231 146 1409 330 2557 2707 1964 2079 2223 1688 2025 1873 2199 467 1715 1018 1378 346 402 108 1164 430 1746 1022 1598 872 2467 2429 972 2301 1127 1976 52 2407 344 534 356 377 2244 1275 478 2819 444 2059 849 1438 2160 643 471 1692 33 2210 1146 1150
1194 2129 93 895 1561 369 2368 1528 777 930 2695 1507 2550 279 357 1590 2447 2493 379 1410 522 2106 1482 321 2651 2729 824 1693 2523 2254 1186 2080 2019 1838 1179 683 2605 902 2033 917 309 462 1517 1749 374 2202 1177 1785 2190 230 2276 2180 2125 818 1161 95 1856 63 1176 1818 2020 1391 1019 982 1626 920 2111 2381 2242 397 1996 728 2630 1914 2785 1323 2699 596 1538 1382 2780 1091 528 875 441 940 2422 2559 1667 866 2733 2380 429 341 1985 457 2684 2058 2441 2233
312 635 2397 606 2133 1948 1029 2832 2501 1416 2011 521 252 849 611 950 2105 1096 2466 223 180 1976 2617 2556 1692 2794 2693 782 938 2611 1891 85 2407 2404 999 2311 1150 1011 2781 1319 1875 138 2232 2044 326 1568 2632 654 363 1655 525 1048 2837 2301 2164 33 1008 2396 455 1262 173 580 1022 2181 2654 290 2574 799 113 1831 1218 2819 1662 2429 1929 668 1907 2017 2335 1018 1873 239 936 2228 2343 2439 2500 2687 675 1156 169 238 134 2690 1275 643 2177 1612 1730 2836
558 2217 1383 1553 121 1390 1296 1266 2078 1492 2333 135 2413 1448 2295 427 757 315 536 2827 1699 1478 802 733 569 1334 424 2093 783 868 1759 743 1431 2117 681 2423 2134 2415 1017 225 1236 988 2622 193 2441 192 1628 2267 119 555 2757 554 80 142 1430 679 1588 1906 176 2 213 1557 1248 1533 1035 175 394 1834 2638 2615 607 2090 1132 184 11 1231 2723 1945 754 199 245 1879 1613 2568 601 2207 653 21 1265 1842 268 878 866 2031 523 2384 1518 695 2540 61
1351 2264 450 1470 1687 953 35 303 1400 914 2793 2624 126 1107 1922 2331 406 539 1731 1970 2585 2824 1747 2405 1359 835 190 2469 420 2609 7 756 1595 2462 1534 233 2150 1845 1791 1077 873 2258 2123 798 2679 812 923 615 2768 1720 1637 1325 1546 779 869 475 2087 1821 1901 881 1068 1574 2426 1551 1184 2364 1361 2334 2073 1525 736 2843 541 920 1157 1206 2434 32 778 382 975 2613 1454 2234 187 1645 687 2433 2418 1397 294 1854 560 2326 2081 1981 781 961 1451 2711
906 784 1488 2007 1587 1616 1768 1602 2307 2841 284 1908 2769 480 2383 2538 2358 2386 1151 1848 2761 2048 1665 1130 1323 1453 1451 2454 1845 2150 522 2601 2080 689 103 2684 1830 848 297 1487 1833 518 415 1139 843 1975 811 2239 2216 1057 1178 2263 1229 1605 1483 1525 294 1767 1758 1387 1147 1979 702 211 474 1277 16 1837 26 404 2792 909 2419 1346 2702 445 918 1450 2678 1726 2496 924 559 84 833 2395 74 1491 1343 1980 2056 2131 793 2530 996 859 1738 393 1990 276
1181 1988 2675 352 40 1632 57 203 2702 2239 118 684 2310 2174 2138 808 2454 277 1583 575 2395 845 2573 1539 1450 276 2692 309 916 1028 920 1690 2159 875 1277 211 1950 887 767 2109 2073 2349 2388 1980 2563 2254 903 917 2033 902 2778 1371 867 2684 1387 841 2752 1340 1447 2667 1987 1525 616 1178 1186 2605 579 651 2484 83 1975 1467 2058 2216 2792 811 2601 1528 1837 1851 2620 993 1214 2841 2488 2383 522 667 1769 1919 2530 2080 996 2447 998 688 1672 1341 928 1488
558 1553 554 1383 192 225 1266 757 1448 135 2295 2413 2669 1296 1390 2078 1699 679 1478 2217 1842 1613 315 2423 743 424 1334 427 2117 802 1056 89 18 868 1759 2827 121 2207 1024 681 1829 783 1039 1236 2134 2415 1248 2622 2267 2757 142 555 1430 245 1628 2441 653 1356 1017 139 61 268 447 2142 525 119 2280 1899 290 2031 176 175 1484 2 444 2683 2333 1481 1909 1831 1730 1874 1754 569 754 2766 452 2435 52 108 1655 2223 252 2220 1299 1168 383 2526 2799 11
1975 211 226 1523 1833 1525 1768 2702 2454 1587 2131 833 2530 996 2383 2496 1980 2239 1691 284 2633 2395 811 522 2080 2684 1340 1488 276 2607 2349 2263 767 1450 1178 1387 918 2792 1491 1837 294 575 845 1851 2532 1988 1181 1229 2494 1583 118 2058 2695 887 1672 1990 2302 441 2431 2447 153 372 1660 1451 2641 998 1646 2841 667 57 1626 1147 477 1769 1194 814 191 871 1767 2129 1482 2453 1443 1552 579 1158 2732 40 488 1057 916 1016 250 1898 1382 664 2368 1277 2778 2605
1790 2750 459 2201 717 1573 2124 2030 1258 1679 2735 1884 1425 2268 448 8 2614 1811 325 2791 1671 745 411 1649 2167 1634 236 1560 2707 122 1052 2466 1643 935 2535 189 855 1167 1098 2060 1624 2612 1933 167 1444 947 1284 405 2197 1736 1456 2645 2840 229 440 222 586 897 1321 2519 454 1326 2366 1502 1015 1205 2103 1862 195 2697 2650 701 2834 1637 2175 1610 2081 2807 2492 2631 980 1738 163 466 2101 613 1061 468 2529 774 2251 2243 419 1285 2196 2179 1549 1623 472 197
1628 2117 1499 1676 2772 2596 174 1518 453 517 2478 2077 2777 1753 1125 983 315 2491 2827 2 2622 493 1460 1524 2525 942 2233 1390 1510 1588 2458 2111 601 359 775 1805 1169 2586 1747 1165 1163 2171 1443 1938 585 2469 2643 1970 2660 1977 1681 555 554 2810 399 57 1139 2262 2043 943 1916 2328 2346 1083 2252 2679 1430 582 2757 73 998 2441 2532 2507 1651 382 778 1495 1085 500 2802 475 2058 2792 1290 945 2122 2595 1903 1854 2267 142 1629 1478 429 1583 1557 1517 2134 816
367 2193 1010 235 2592 890 968 2389 2231 2534 152 2366 2681 68 1332 772 1650 2610 553 671 414 2500 1991 1917 330 2764 1545 2306 2124 2552 2365 1111 1302 602 2819 122 1182 2499 2212 1327 2725 1109 306 1827 633 162 963 1135 699 4 2594 1543 2144 877 1974 2173 1164 1852 847 1721 2250 552 169 1896 2237 872 298 1095 1314 1532 618 28 1238 533 1823 2557 1746 2770 1704 2181 2584 120 2372 2052 562 2716 2283 81 2017 1774 51 252 594 1598 2531 388 2265 267 2834 1409
2212 1327 1994 1823 2340 2168 1227 2237 162 2765 963 699 1216 1278 1543 1109 1050 1885 402 805 46 1852 305 2372 2352 1873 2693 476 484 220 661 1761 1991 2261 1917 31 1755 1317 2253 2100 316 1409 1598 1967 758 562 2011 1283 2279 2194 2764 1314 2306 356 1127 2562 1635 2393 1435 1395 505 389 2789 81 1022 2654 649 2338 561 1011 847 1240 1153 1746 2708 2707 346 2467 1756 1378 799 1763 772 740 771 1303 655 467 1274 1875 1780 999 51 1438 471 534 478 1774 872 1568
589 1900 364 101 727 2542 737 2040 1137 1951 1542 1149 215 1928 1728 658 1175 2546 436 66 1230 1298 2656 1389 614 2112 2172 1103 29 2579 739 581 2739 2066 880 706 2072 286 485 1207 949 2267 218 142 907 2495 1166 1971 2673 1786 2787 2409 1257 2176 55 2021 293 1304 14 2036 1093 104 751 1760 407 617 2281 328 2533 1798 341 1712 2238 1551 1559 1138 2120 1043 1333 885 572 1191 926 1361 1818 126 2640 2624 1130 93 1107 1106 1590 2320 2381 1451 789 1115 898 2114
249 1012 627 1700 497 1586 67 494 322 1123 1369 168 1437 524 2652 2148 1840 18 2076 179 2639 2649 981 1954 351 1204 219 1486 2009 735 2291 482 2010 259 1406 348 686 2361 329 1810 2564 2248 1944 977 804 489 574 1617 2035 1328 1473 1868 140 1223 1489 860 2657 854 1658 2688 2333 2509 1055 1902 1148 194 2580 2714 1596 1422 925 2188 2241 161 1225 1417 2724 26 84 278 674 1870 1663 785 2424 1563 1307 2762 1953 1428 1151 2498 2084 224 1064 2230 2503 48 712 1388
1487 924 2447 1525 2383 1244 1691 1057 1382 2684 284 1482 851 2496 2368 227 2080 522 1626 1975 2523 230 2695 226 2239 1194 2317 2129 2454 845 1523 1178 575 1488 811 2431 2131 2702 429 441 1340 1980 2058 2395 1672 1483 814 1851 2607 211 983 2568 1769 833 1587 777 1016 276 664 1768 2530 996 2263 582 2111 1450 1277 2700 867 2633 309 1471 2723 1517 2601 2792 1387 2733 462 47 1451 866 1833 2605 859 887 555 982 373 1996 1667 1341 1491 567 1229 57 2216 279 895 1713
591 1421 242 667 1990 385 1792 2460 2490 372 648 2530 996 2127 1980 1133 2702 1387 2732 1837 2139 1552 1229 1863 133 2524 2588 2633 1758 2138 2125 1947 2307 1587 1158 651 1564 833 2131 616 1768 1735 1079 2844 837 2484 17 2092 1682 603 2680 830 166 2371 1678 276 814 1511 2275 1120 2718 1969 1147 1178 1491 1925 488 2453 393 410 2538 2516 1450 83 871 1483 1646 1005 1620 320 1732 2206 2700 1526 2395 256 1672 376 2332 516 2239 2266 2418 1982 704 2662 874 294 2356 1851
1922 2462 923 2304 2609 2469 1077 2679 2843 420 1731 736 1184 2334 2150 873 541 2426 2073 590 975 1888 953 1171 1920 1970 1354 1574 1210 595 928 2824 1028 2405 1690 1645 2159 585 1566 2655 1950 2752 1784 2434 1199 825 1239 1854 1467 2042 1359 2613 1977 1821 2573 1960 1943 2768 1720 1673 2258 1426 778 2585 382 2620 2104 1525 2667 768 945 1767 1779 2239 920 1136 835 2682 779 1400 2234 1306 2457 32 187 1235 871 2310 1147 530 1385 1470 509 1367 2829 177 475 2624 1871 808
1331 2161 759 2802 825 2696 376 1483 2425 355 1147 993 285 2476 1310 1916 1224 871 1943 650 1990 2666 1077 2392 1371 276 1732 942 372 603 118 2346 2275 830 2313 1938 1620 2434 1920 2426 2752 393 1989 2453 1254 83 1178 2405 488 1621 1277 1574 1460 530 65 749 2166 1512 2595 641 2262 844 1625 834 2734 2572 2165 2600 1044 1120 1402 778 2815 382 585 2721 1854 2496 869 808 1221 243 2655 991 595 2487 517 1387 2147 1794 2204 457 2596 2395 998 359 318 2189 1479 2525
1900 364 101 589 727 2542 2040 737 1137 1951 1542 215 1149 1728 1928 436 1175 658 2546 1230 66 2656 1298 1389 614 2112 2579 2172 29 1103 581 2739 739 706 880 2066 2072 1207 485 286 2495 949 142 1971 1786 218 1257 1166 2267 907 2787 2673 2021 2409 2176 55 293 104 2036 341 328 1304 14 2238 407 751 2281 1093 617 2533 1798 1559 572 1551 2120 1043 1760 1138 885 1712 1191 926 2381 1818 1361 1333 1106 2640 126 1130 2624 1107 2320 93 1590 1451 789 2114 898 1115
1026 2316 2814 120 1335 503 618 1650 533 2773 2499 705 633 200 2370 2479 2017 890 671 858 2306 1721 1746 1164 2265 1964 414 1955 1135 2552 2365 1555 649 1099 2144 2715 2173 1472 1680 367 1961 1302 552 587 2181 2819 968 68 1598 1010 1929 771 2610 1117 2212 1327 1435 162 963 699 1917 2764 2193 1543 1852 553 2500 1109 1991 316 734 2531 1274 235 1896 598 2592 2594 245 877 1655 2372 507 562 849 169 1974 1227 1278 1715 2199 1967 872 2774 173 2340 1339 2534 670 2770
2685 2405 603 830 2165 2734 353 2027 809 1402 1595 488 2453 1450 83 869 2161 1791 2170 276 1371 2721 243 2593 2275 825 2487 2425 1152 1352 1147 1718 256 1170 1310 1990 2718 2395 318 1625 2284 1512 65 834 2147 1042 1247 372 871 2572 776 2524 98 2661 1620 1732 2018 355 393 2696 2336 1678 1131 1016 196 2517 759 1322 2492 1077 630 2573 1574 1554 35 1491 2434 1133 277 2437 2293 373 1836 1762 2463 2474 2426 381 1794 808 993 339 233 1120 1219 2490 813 765 166 2662
2183 1265 66 2224 1733 739 1230 499 215 2495 1210 2542 1542 812 1765 2149 1928 520 2172 286 1804 218 2120 2640 967 2673 1149 589 29 2320 2533 853 293 658 1728 1951 2472 1166 2021 1175 1900 737 436 341 407 1093 364 2040 101 240 2113 1357 727 2022 1703 2497 75 198 878 1890 1513 1940 1298 923 720 1825 257 2788 1707 614 2364 989 979 1430 1699 2739 2267 142 868 19 2211 2321 39 1236 746 1137 880 706 907 1499 429 2219 1086 2112 676 76 114 1103 1213 2579
1082 905 624 37 978 1006 181 1560 1416 2339 1738 1167 443 2133 922 474 1096 2631 1880 2512 1308 1502 281 1425 586 527 2750 283 1315 2735 935 1866 2060 189 1074 2832 1948 510 1993 635 2179 1652 1046 2268 965 2645 2807 1108 2705 1098 2201 2432 2816 486 2203 987 2337 1032 1321 1226 1066 904 1530 100 1933 1090 1802 2167 1250 2612 1405 237 1979 1414 1640 1654 439 2606 2781 2627 2094 236 411 1305 1790 1078 160 58 2483 1424 148 2263 2050 1049 2623 64 690 1634 472 2790
2470 494 2057 146 2421 313 1754 1817 2728 136 1388 2438 207 1949 1902 2813 225 1582 140 2599 1041 995 1282 2286 1881 2010 1721 2683 968 804 1910 2436 387 990 329 1899 2688 1711 1223 2503 971 2248 1064 2188 785 43 647 2424 2378 1261 231 1464 1055 2569 1076 12 2657 491 637 1185 696 1777 2598 1473 574 1126 860 452 715 1617 1033 194 1563 408 1655 137 224 1868 49 2558 1477 2639 1647 1874 1658 2498 1586 2291 1775 1417 2589 2714 1117 1663 2160 1051 1876 413 2230 171
1732 1682 834 2517 2156 2417 2661 827 94 1242 253 488 2453 1794 1321 2434 372 1636 144 1678 863 1990 1620 1625 276 871 1098 759 2170 2275 83 243 1783 1073 2593 929 2734 1355 2165 2487 830 603 1147 3 1642 2341 393 1120 2721 2662 2452 2377 20 1371 98 1646 1131 425 2161 776 632 2696 1718 2189 318 1548 1152 2034 1479 1352 931 2147 813 1310 544 991 1271 2426 1105 2027 641 763 538 942 908 1512 1574 1402 2446 65 166 127 1709 1309 151 809 1219 825 2450 1077
2144 2552 633 1135 2819 2479 2265 1896 2181 1955 1650 2610 2099 618 1302 1010 2199 1532 68 552 671 330 120 533 872 849 200 2316 1929 2105 1746 2594 1974 1099 705 2715 238 562 169 649 1335 1961 890 734 2370 2017 1117 2306 772 553 771 1598 1156 587 877 2322 507 2794 180 1314 2814 858 1339 252 2770 1111 2500 2173 455 847 2534 1026 1262 1472 1827 2592 2352 2789 1021 950 2212 1327 2611 2773 2764 33 1612 2689 999 138 740 2681 1048 1875 2311 938 1730 2830 363 1873
1207 2072 2787 2112 952 581 1559 1087 2768 1333 1304 1361 2739 880 1257 706 2536 1354 1971 1786 614 2247 218 1137 2579 2021 2673 750 687 34 1434 2321 1901 926 293 2493 29 2114 2533 2176 746 14 55 1846 617 2497 885 1306 2036 1161 2699 1538 859 1115 107 2381 499 1601 1818 1905 2656 104 919 1535 2281 751 1086 1760 853 2123 1712 2324 2016 2754 895 1235 2066 1825 114 2843 768 676 1106 2546 564 2022 397 149 2605 2829 1542 177 1138 1043 1104 1888 2149 1551 2409 1970
225 408 192 49 61 1282 2470 2382 948 1464 637 1185 2708 1777 715 2010 2286 2683 207 1076 653 140 647 1902 995 387 491 1799 804 2688 329 1388 2333 139 2424 1775 2599 1582 494 1248 245 1876 2569 1356 1481 1910 1730 2142 2438 2498 290 1439 296 2057 268 525 108 1223 1754 52 1018 2280 2657 1711 1787 418 89 1563 2188 938 1937 146 1639 1064 1897 1899 43 2436 2503 2200 2291 2421 1592 2480 2714 2639 2025 1663 464 1041 574 2813 1039 2617 860 1255 785 2742 2070 389
2720 2083 2617 2164 2091 2177 1500 449 1976 788 2689 654 1662 2565 1048 363 822 2137 1918 138 936 670 2632 521 1843 2597 241 2335 1941 619 2411 1781 2061 1008 1921 2308 786 1097 2837 507 239 1612 2228 2611 1998 698 2770 1338 1789 1844 1023 2439 625 2712 1907 1153 971 27 2005 1240 2442 938 1099 1388 1218 2285 481 1817 2822 2440 1273 741 2781 455 1250 1262 1187 1813 33 136 721 2599 1972 740 1582 508 30 2774 1912 1408 780 637 85 2244 2687 159 2798 331 1220 2616
51 1332 1278 2372 2681 1227 2340 2011 2534 1640 1095 1994 1111 2212 1327 562 1755 1974 1314 2789 122 1099 649 805 2237 46 298 2352 1050 1135 2610 847 2168 1763 1961 594 2597 1461 476 586 2389 2193 740 670 1238 602 1010 414 220 1873 772 2365 1967 2199 1283 932 2764 1820 1761 2707 2253 1823 947 1991 81 505 1317 1021 955 305 405 1635 1917 922 1756 1650 162 771 1109 2693 2173 396 872 963 1444 1543 2466 699 1852 1843 1822 306 2770 2366 1409 2306 1568 1097 511 2837
1266 558 757 1248 1231 679 192 225 2333 2638 245 1553 1699 1296 121 569 1265 754 545 88 2093 80 70 1356 1141 175 2415 2031 988 119 653 2178 1476 268 1999 1834 1952 1558 1883 540 24 139 681 523 407 951 2090 61 2142 2283 213 682 1383 2733 1721 1056 2472 1481 525 2540 1427 289 2669 290 328 2143 2238 1876 789 1730 1472 2070 418 1648 2818 2280 108 52 536 813 1715 1039 1812 1018 1215 1780 1829 2723 135 975 2510 1024 2249 812 1533 2413 1035 2827 176 1906
1333 1559 2768 34 2613 218 1361 2021 1901 2673 2787 1207 2072 750 2536 687 2533 29 1846 293 2247 2843 676 14 952 2326 2699 1538 1304 1354 1601 2324 2049 1535 2016 1306 1905 1161 2493 2176 2123 55 859 1970 114 564 548 2360 2497 1645 1731 2281 1138 751 2595 1760 2112 1712 617 1235 104 1043 2609 2829 177 581 956 2114 1228 930 2313 1106 926 465 1818 792 240 1199 1551 885 1115 485 2381 1723 2036 1017 695 895 1825 76 2433 475 853 2066 2679 2624 832 457 420 1451
781 1036 993 2752 1767 825 1519 2696 2264 153 2600 1508 2394 318 2573 1222 923 560 1426 1331 844 2195 2655 2147 2426 1371 1566 151 1239 873 411 2664 2067 69 2346 419 1171 2103 2262 736 541 1920 2161 953 2824 1322 641 1310 1077 2388 1734 759 1989 2060 903 1028 1821 1916 1690 1943 2159 1471 2313 2073 2666 2462 1136 1950 768 650 509 1420 1608 1479 1922 1254 459 975 1155 1483 2416 2146 1289 808 1467 1669 127 376 595 1830 2434 2314 684 250 2748 1871 2609 1959 835 277
2608 1315 1183 2222 2270 1569 398 1074 2705 850 439 2355 1661 1640 1570 2512 281 2013 155 2677 510 1251 1496 283 550 1993 1046 1032 712 2502 2337 2606 327 2410 2348 486 594 2052 1530 2203 1374 266 1802 160 1078 2094 1096 244 2141 1279 1198 1038 2520 2088 978 2623 148 2578 100 236 1504 181 2831 472 298 1148 1414 1878 231 986 117 51 1316 270 306 1458 691 1560 2483 1668 2503 1949 152 1605 973 2760 205 2182 629 1041 2263 1416 1238 2115 1948 935 665 904 323 183
2318 124 2446 708 700 2391 2256 1247 1697 666 1958 2619 381 2027 1188 870 233 386 435 2420 1200 1440 425 984 355 869 2001 1174 796 929 1709 1807 1120 2537 3 2642 1684 1642 20 991 2738 1375 336 2529 1352 1794 874 2268 827 166 490 2170 1419 673 593 285 1345 1537 144 2691 2662 1119 1574 1718 2417 809 2661 1548 256 282 2147 1550 2208 1142 2002 1347 2299 2206 2730 222 1042 365 1322 318 2293 1040 2492 2581 2706 1152 1519 1762 774 320 2405 2801 538 2081 2196 2463
926 1306 2679 2787 1825 2469 1888 2304 2542 2172 1189 14 2112 1176 581 165 2247 149 2381 1786 1971 1207 2072 952 617 1970 2321 1818 590 87 218 1304 1138 2036 1760 1019 1257 63 2066 676 1712 2829 614 1559 2579 177 2729 55 2176 2114 1115 2768 1731 1410 2609 2739 928 751 2202 2281 2260 706 1542 880 1714 1116 2409 2497 1535 1137 1685 777 93 853 1333 2843 1298 1106 1361 1551 885 2624 2536 2021 485 114 126 1107 2673 499 2219 1903 104 1905 2414 956 1451 1043 2207 687
1977 2491 1791 2315 221 1401 1651 517 1058 2161 2718 2140 2416 599 808 490 1170 603 2507 830 943 871 2131 1524 276 127 1629 2453 1963 118 826 2452 1990 1797 2395 488 1518 1044 1450 1147 1277 2482 759 1407 2275 203 2165 1620 1367 1371 1778 2734 1676 372 393 1171 2685 1732 2732 57 2146 906 1289 83 1077 1552 2018 592 993 1310 2702 1600 1402 2524 415 2239 1158 451 1860 2572 1646 1301 2761 2551 463 277 2310 2537 2284 2752 719 1460 834 1331 1767 1632 2419 174 636 382
232 2737 424 1334 1362 743 992 184 662 1269 1944 2423 1212 11 2188 2509 1810 340 2668 404 310 500 2046 520 135 2413 1897 1004 2558 1945 1406 2350 627 67 26 1225 1064 559 865 247 1204 2582 300 84 925 48 2458 1954 2544 1722 949 2471 1486 2121 2135 1346 977 2724 1417 2358 1151 1870 2676 2084 970 259 480 2386 1740 1055 2076 1412 335 1428 2652 260 2148 2503 2649 2120 854 1953 1473 1902 843 1576 1343 1908 689 165 43 1323 1553 2580 1699 219 1236 1383 2333 981
437 1233 539 2309 1726 2353 2561 338 1872 2471 502 2458 1085 1772 2195 303 2544 660 730 1384 2419 760 2307 1676 69 201 1953 2580 1420 335 2782 490 2386 360 480 1066 981 409 560 48 559 1908 1643 1848 2130 415 2121 1845 943 208 1870 2587 662 732 2084 2769 2230 2678 620 2724 2676 26 74 977 970 1151 1417 2425 2358 595 259 1747 196 1860 1406 2506 2315 161 1172 1613 2241 1791 2685 1320 2474 355 809 2046 2405 1663 72 1658 2564 231 489 2140 15 663 2714 194
558 1553 1390 1383 1448 802 1296 2217 1478 427 1266 135 2295 2413 315 1699 2078 2827 757 1759 2117 868 121 1236 2615 184 754 1334 424 783 1231 2723 1017 2 743 119 2134 1945 601 2423 878 2622 2415 80 2568 1492 1265 225 681 2638 2441 554 2757 866 2267 1431 2031 293 1430 555 192 695 1952 142 1628 679 540 2333 11 2093 1427 176 1533 789 407 2207 2772 1248 1518 607 1473 328 2238 227 1613 1433 662 175 105 988 1557 1558 1475 898 766 1944 2458 2320 193 646
769 201 1253 1002 161 1796 1313 437 1233 319 1172 338 489 1663 1658 2084 433 502 2826 1870 2714 409 900 2353 1895 2289 2753 539 303 943 1726 2646 730 231 1788 563 1208 984 1643 2840 1934 908 1407 380 2713 2769 1201 69 809 435 1066 2309 560 2626 221 2103 2678 2344 965 870 415 981 2482 2492 2009 1454 1554 2027 1845 112 194 1791 793 774 1637 2287 1872 1396 353 2685 2419 2676 2718 1170 355 2243 2101 2196 490 422 2544 1131 1042 1550 2012 1491 2241 2832 2580 1174
2484 1449 2710 2412 2186 1995 1070 1447 2513 38 2456 2758 158 1349 1341 237 2374 1983 573 2776 837 2221 1181 1988 2675 352 976 1539 2138 616 1861 2068 856 90 867 651 2709 1812 894 2063 1458 570 891 880 115 2838 2327 2229 2003 264 716 1034 746 706 2740 2109 1665 25 2729 2381 1159 93 185 803 1330 251 374 1590 974 226 2266 1060 1540 2481 1618 1 2635 1622 1338 2399 1987 846 2174 1009 2844 2427 2455 1234 217 1122 2554 1716 527 2694 203 1632 895 1161 1067 2670
1930 884 656 1575 421 2039 1877 801 1292 2820 2187 438 1855 1193 1675 1947 483 2092 2418 1377 1564 2588 2833 1887 17 857 2461 2783 1724 263 2139 170 2356 280 1580 2371 2266 879 1792 1735 1493 704 2127 1494 133 2069 1366 2209 1594 2151 2797 1446 519 210 1664 800 2548 2269 2581 961 2004 406 2063 1551 1516 756 1030 2490 591 1850 1758 2125 242 2844 299 2460 1421 2158 1294 1234 1522 1982 1159 2659 1079 667 1485 1191 228 2771 1925 1295 1863 2206 1815 82 1350 1903 2672 1347
2749 94 1625 796 543 2132 1267 2593 2027 630 2437 1260 1836 776 98 2487 795 2738 2118 2517 1537 2363 652 1042 1762 2147 1684 381 243 1128 2391 1958 2318 1016 1638 946 2165 2734 1352 2170 765 2514 2691 318 2256 1152 2268 2189 83 2443 896 2721 166 1219 2801 1718 2284 1285 1440 809 373 2647 1709 342 339 2417 154 1512 2336 65 2157 1211 825 1745 1750 392 353 820 2696 808 1375 2474 2405 1105 1989 973 144 1603 425 2001 813 285 931 1200 1794 2706 929 1579 2661 2434
2123 2073 920 2258 2234 756 2326 32 187 778 382 2667 564 590 2233 1028 359 1690 2159 1950 2525 2276 2254 2701 1372 1608 2347 2804 2805 2489 1186 1259 378 917 902 2033 2605 1323 457 2754 1361 522 2080 578 2624 736 126 1970 541 1451 1734 1107 1869 2621 1731 257 1359 2360 1748 2630 1391 1527 2125 1138 1720 1818 1645 1845 1551 1821 689 2824 294 1459 779 914 688 2609 1115 2546 1833 775 812 1805 792 1914 2016 2586 1470 2785 998 1992 14 859 1235 1687 1169 1199 684 1354
2134 554 743 315 142 2267 555 2423 2441 424 1334 1430 135 1448 2413 1383 1842 868 949 2117 2078 2827 1553 2568 681 2622 1017 1236 1628 2522 11 866 2056 427 1390 1478 783 802 2415 103 983 2 232 689 1323 493 2217 775 1805 2586 1169 2211 848 1130 45 2380 297 300 1830 1578 1343 121 1847 1845 280 1513 184 907 1517 1665 462 2733 2111 1657 500 104 2757 429 1641 1144 1890 2737 2723 2841 1588 1499 1488 1676 1139 2216 2419 2458 227 2601 340 1269 601 1945 2596 878
36 597 733 70 2663 1753 2777 1125 2510 1431 1390 1035 1557 536 2 979 1588 680 1834 601 1418 988 1000 1739 54 1695 193 812 759 2684 1669 1499 886 1734 1371 2314 1372 945 2347 2804 2489 808 2525 40 2772 1210 2805 50 1259 417 457 1028 1959 57 2254 2233 2360 1916 2159 1492 710 2748 2346 2768 590 2701 702 917 1846 378 2621 902 2234 2033 1690 2754 32 187 2110 794 1950 1830 2029 1842 2757 102 1186 1748 1310 1869 1611 811 1460 2752 1515 359 916 2600 133 768
420 1199 2613 1584 530 446 1171 2572 6 548 1858 1871 2049 1645 5 1778 540 2110 475 451 2815 488 2453 1301 1718 284 339 2150 844 509 463 2425 871 1479 1767 1963 1604 2097 763 282 835 273 2392 2755 460 759 918 1359 2034 1120 2682 1515 2095 603 1864 1894 1295 1860 830 2524 2067 1147 768 1387 2282 2045 2457 416 1354 1953 1450 1990 1646 1851 393 22 2239 820 2275 276 1133 1620 186 1616 1732 372 2538 7 2395 2702 294 2123 2104 708 2551 1797 1527 588 450 2357
2178 1266 754 1533 328 2238 2320 789 572 1175 1798 658 1149 2323 1728 1951 2183 2054 589 1230 215 2542 1928 436 1900 737 101 364 2040 2638 545 2113 898 540 646 2644 1801 24 80 2031 2143 727 1427 1841 1265 1296 407 757 2759 2615 240 967 1804 1448 2504 1433 1952 2354 2277 1231 2566 739 598 1984 1312 2089 119 2408 1478 766 2472 962 2041 2413 135 1945 964 1876 395 2172 2756 1383 529 286 29 2120 1886 1553 1699 520 1298 979 1213 19 707 2533 2224 1733 842 2579
658 1175 1728 1149 1951 572 1798 898 286 29 2320 2323 215 2579 727 2542 436 739 2546 364 1900 101 589 2172 2504 754 923 789 328 2238 1389 1230 2277 1210 1928 812 1765 2000 529 2040 737 2054 2472 2021 2673 2756 962 293 218 2533 1653 257 1137 2364 2334 2788 114 1478 723 2224 475 953 1551 2768 1901 1397 1306 2120 1280 2679 1542 1970 2609 2624 687 2843 1903 126 1525 1107 2595 1077 1115 1922 1400 420 2331 1184 2469 1451 2462 1731 2656 1361 2615 791 2031 2150 66 1093
94 1131 2432 1732 1242 1625 1321 2417 1682 83 1098 776 98 416 2593 2487 2034 765 538 2517 1783 166 1309 2284 2647 243 813 763 2095 993 2696 2165 2377 2201 253 2734 392 2721 276 2395 1990 2738 1992 2170 1105 1579 1718 1636 809 1762 2147 1371 1219 2272 2658 488 2027 931 353 1152 2453 318 2018 1512 825 1352 1678 2405 65 2189 1548 2474 1331 808 759 2434 2275 2685 1073 372 277 6 2573 1120 871 1136 929 1794 2426 1574 1673 544 9 1188 2661 1614 1147 2146 535 1620
1483 1147 1387 1767 871 2239 1990 603 993 830 393 2275 2702 1620 276 2453 372 1732 488 1133 2395 2752 1646 2524 1450 1178 2538 1979 294 2684 811 759 1331 641 1310 2161 1833 1229 1525 1057 825 2383 376 2080 522 2496 1916 650 1980 1371 2666 1224 1382 1277 1975 2530 996 1044 837 1488 2246 420 2150 373 1286 1758 835 1077 2696 118 1837 1451 1487 2718 1678 284 445 277 2695 808 1171 1199 684 1447 20 1028 2388 2131 903 1690 211 1734 2159 2314 2310 83 1950 1851 1491 339
2117 1628 1702 1797 2643 826 315 1085 1518 1676 2757 942 1524 1629 2262 2596 2827 2622 1390 2 2810 2171 2496 1139 453 475 582 2491 1290 2043 1499 2660 1510 2458 1681 1083 1759 2772 1163 517 6 759 2131 1495 620 732 1430 1977 1651 2134 191 555 2267 427 1165 142 2482 2718 2415 943 1158 1471 2732 783 415 983 1552 2077 2478 556 490 554 2792 2761 2441 1058 302 906 2777 1916 429 1125 1588 1583 1753 998 221 2600 1705 1221 174 127 868 1443 1017 2532 1525 811 2346 601
1037 2445 430 2301 2393 2828 2690 383 2704 1124 1506 59 89 2286 2053 2079 2396 2740 2794 146 1024 1140 1275 402 1438 471 655 1127 238 2025 305 1022 1873 2199 331 1598 252 872 1746 356 782 139 758 290 2467 1774 1378 346 1831 1875 1409 33 525 216 467 999 207 61 1692 2343 2429 377 478 799 49 1274 326 113 1317 1761 534 580 2407 2687 296 239 1441 1011 643 52 2821 726 838 108 1994 2244 1018 452 1039 1465 2279 2059 1635 2654 484 2236 2232 806 2693 2017
804 2569 329 2291 2657 647 2010 686 2639 1282 1185 2470 1464 1777 1223 408 2683 2438 715 2580 1868 2424 494 1617 140 2498 1902 2714 2057 1663 995 1388 2035 2688 2599 1582 1899 1328 1711 225 1064 43 2503 2813 2188 1437 1123 735 574 1369 179 860 524 2148 2652 1840 2649 1563 387 2333 2248 2436 977 2361 137 489 482 1586 278 168 2230 335 194 1658 1473 2742 2076 247 502 1417 348 219 981 1486 259 1627 622 1012 1799 2009 249 1406 2286 322 1422 2130 1045 1596 491 1489
778 382 1854 1938 530 1331 2532 2326 2595 1916 1970 2346 401 1460 32 2525 2234 187 359 2233 1981 2478 1989 517 2077 2392 2161 1747 541 736 1277 2711 2388 903 2802 1920 2058 816 759 2360 2426 2258 2752 2587 1821 2679 208 2123 457 998 2073 920 2561 590 2043 1235 993 1371 1359 688 595 768 2666 650 1673 2313 1731 1471 1734 1499 916 174 2276 1186 917 914 2254 2824 873 2033 902 2171 1028 1950 1690 2159 1510 2772 1669 2655 118 2357 2600 2701 1372 2804 378 2347 2489 2805
1021 1438 471 655 806 1274 2232 999 1875 331 2794 1929 200 1008 726 534 412 113 305 1635 1303 356 390 1568 33 2199 1127 2352 455 1262 478 1967 1011 2690 2070 2687 1124 2100 1730 2654 643 383 1692 1974 1994 619 2285 2311 1941 2053 872 1378 1598 31 2467 346 2244 1156 2486 402 1022 1761 1409 239 430 467 2531 2821 2698 2338 661 1317 2308 1117 799 2610 1216 2611 1275 2393 1780 2155 2429 649 1441 418 295 561 668 780 296 1039 1506 1330 2693 858 1755 1283 2407 805
820 2476 759 844 339 2425 6 871 276 1147 2572 1732 2453 1990 2161 603 2275 830 1073 1620 488 1219 393 2567 1221 1851 2655 372 1016 2443 1519 2700 419 2293 650 2666 1672 373 1322 1120 475 2146 434 1289 420 863 1199 355 2514 1178 2342 942 1797 2815 515 2313 2518 1750 2336 2136 1963 1995 2395 448 282 285 2262 5 468 1483 1860 399 1636 2392 1767 2702 1331 445 998 2434 1387 834 1077 2524 1625 1263 1402 1858 2016 1646 1224 1541 1310 1114 2718 1633 924 2165 2734 83
2564 1172 1307 1412 2826 48 161 178 662 1151 338 2358 674 502 981 489 2009 1406 2135 2580 524 259 168 977 2742 260 2657 2714 1658 2084 2544 1663 1328 1711 1092 194 335 2361 2230 1473 2121 2386 1870 622 1953 2676 2724 497 2046 970 2424 1417 559 2241 1617 860 1489 735 480 2130 26 2782 1384 219 11 2582 1654 1204 1346 1878 247 1486 1944 1148 1726 2606 232 2458 322 978 2503 2353 2107 1123 712 1055 231 1045 1225 2076 308 925 854 1740 1866 1848 437 1422 351 1627
2372 562 2340 1278 1227 2011 51 252 1994 2212 1327 1314 1873 805 2352 847 649 1974 476 2789 2168 1755 2693 1099 505 2770 1763 2237 1283 1135 1050 1461 46 2534 1640 2610 1109 771 2099 2837 1823 2764 1961 2466 1917 2181 2365 758 2105 586 772 2199 963 162 699 740 1543 1991 2597 305 1761 1967 220 169 2335 350 670 1655 1022 81 2306 1774 1317 2794 1021 1929 1568 2213 947 511 2367 1852 1875 955 698 1409 999 2253 1111 2223 2681 2707 2654 1444 1011 2774 405 1885 1635 33
2261 1852 1885 162 1543 699 963 2765 1761 31 1994 2194 1317 476 2693 1050 316 805 1227 2237 1823 1109 1873 305 2340 2168 346 2467 2212 1327 1378 2372 46 1278 1395 561 1127 661 402 2562 1755 1022 467 2306 484 216 1774 1409 1303 2690 2100 2687 356 2253 758 1635 1756 1746 655 331 1967 1438 471 1991 1216 1692 2352 1598 2011 1917 2654 999 643 1875 872 2338 1441 2707 1153 1314 644 669 296 2821 1283 1275 1097 2708 1274 1568 220 2279 81 799 1011 456 478 562 1763 2393
1929 999 1730 2794 1262 455 1875 806 200 1438 471 390 1967 1635 1941 655 1021 2352 1775 33 1008 534 180 1568 2232 2687 331 643 113 1692 2611 1275 1124 1156 1994 1317 2690 2707 619 356 2244 1756 1274 1011 383 296 2654 430 305 478 1378 2467 467 2821 2429 346 418 326 1330 525 295 1314 1761 1441 290 580 668 1111 2237 1598 1127 1612 872 2308 2486 402 1022 1465 2199 2343 31 1240 138 726 2407 2393 758 799 2070 1048 61 363 268 654 207 2025 2311 216 1117 1303
288 881 242 1719 410 1442 773 1455 1526 2516 1355 2302 2680 1969 1511 1165 2341 709 1779 2418 756 2661 1735 516 2198 127 406 151 2672 749 256 2755 1863 273 1682 827 852 1574 2125 1758 2296 294 641 544 1646 1079 157 811 1271 798 1551 1642 3 2170 2434 2235 1731 1800 1794 2524 2490 2299 2609 908 779 1527 133 2662 1036 1645 320 2145 1871 91 1833 2663 1767 1178 2549 632 2073 2452 929 1133 2246 2102 1352 834 1310 2746 301 2600 2548 869 1068 2138 566 1508 1707 736
1451 1525 1551 522 2080 2624 126 1107 2788 1130 1361 2546 1115 1257 859 1138 2684 2595 1199 2609 1767 2125 2383 420 2525 475 2233 93 811 1818 359 1731 2239 2667 1734 2523 1970 1389 843 1186 2254 582 756 14 920 2033 917 902 2123 1043 1631 2073 1028 1833 2805 1372 2701 835 1259 2804 2489 1975 1690 2347 2159 1950 47 378 457 2768 230 1608 1077 1488 2605 2754 2150 1996 1590 2368 1323 2276 1306 2281 2114 2679 953 1178 1333 2258 2630 2326 294 2787 2843 2381 2234 187 1559 751
662 2458 1613 1390 184 199 11 2544 743 2423 437 2309 1233 1759 2333 559 2117 660 360 1772 26 2307 2419 1944 500 2782 1495 2561 977 2386 1726 2724 2358 2353 2676 259 970 335 1151 2580 2084 74 315 1384 480 48 2230 1872 1417 2471 1870 161 2413 135 1909 231 539 2826 1908 1307 1848 1866 1172 524 232 2564 1320 2361 178 2130 1663 1658 674 1406 489 2241 2121 735 622 168 1328 380 2714 1261 1953 2295 2657 2506 1383 194 497 2046 981 1420 338 2009 1489 2195 860 760
2809 2435 2799 1134 1725 2728 426 1299 1168 1484 1829 1924 1297 1874 696 1680 711 452 2402 2825 92 990 1647 1164 1252 1909 2674 1118 1972 721 1162 2806 1571 1141 27 703 2024 1831 2057 1666 413 1674 1655 2669 1876 314 1173 447 12 523 2015 444 1689 89 2766 2741 1931 2526 2220 1056 252 1143 1547 1899 682 968 2025 2842 1729 1774 1741 2400 1264 722 1597 295 246 1150 1024 2236 261 383 2736 2231 1342 2407 2223 2814 1339 2813 146 927 1475 1117 2059 2396 587 1701 1706 1182
451 1301 530 2049 2097 2379 1778 1479 813 446 1604 861 1673 1894 2357 1554 1239 1645 875 2110 1800 2257 416 2282 460 2304 5 311 1368 2388 492 1367 903 2225 2613 1136 2018 1718 1566 513 2658 1209 2104 1528 7 2459 2755 243 896 25 763 1858 1973 2392 873 2524 770 615 928 765 1915 2488 2551 254 1331 1614 1180 1260 2146 463 1237 852 1289 479 2567 2042 975 1271 2045 1370 2682 2573 1920 1835 1922 515 592 2023 1171 2336 99 1426 2073 945 566 2572 1579 1128 420 2249
781 2264 535 2103 2145 69 560 1322 2293 2102 1637 233 2793 1546 2081 2425 1036 355 889 1385 2405 2685 1791 2027 1131 943 809 2483 2463 2101 1595 353 1519 1402 869 1527 1247 2492 1779 953 1454 381 603 830 648 399 1042 538 835 2394 1659 881 1040 1222 773 1351 1239 2147 2095 1566 2195 2600 35 2377 318 186 1325 2262 151 1309 2067 1450 409 450 774 1747 1066 2243 1396 745 844 1554 1643 2196 1426 1206 1068 196 1992 2655 1767 870 1470 303 2573 2104 1894 1400 1687 153
898 1728 1149 658 1175 572 1798 727 1900 364 101 589 2320 754 2323 1928 737 215 2040 286 646 328 2238 739 529 2172 436 2542 2277 2054 29 1951 1427 2759 789 2000 714 962 1137 2504 2546 2756 1389 1230 1542 2644 2354 2089 723 2472 1952 2380 2615 2656 66 1298 1478 105 1653 2495 1776 1801 2579 1265 1448 407 1288 2224 923 343 2673 2021 333 293 2041 2551 664 341 531 2784 614 842 2178 2183 1166 80 2533 856 1296 1984 1312 1733 218 2031 1197 2267 2066 142 16 1103
2452 2685 392 144 288 1271 2661 2517 301 1646 151 2658 1355 243 2018 253 773 2170 20 2145 2487 765 2734 1508 1136 2721 1367 2165 2593 2395 2434 834 2647 1625 9 984 1442 318 1794 2573 425 1152 2027 2682 2296 2118 1920 863 1719 749 277 1673 809 2453 2516 488 1989 2459 2600 827 776 492 2284 98 94 632 2446 2405 2156 515 2042 2755 1718 1512 2147 65 873 353 2524 1705 410 1762 942 1352 127 2680 2696 242 908 273 1642 2426 1036 3 1188 1511 1368 1969 2462 276
1285 2268 448 796 2750 1015 236 1884 973 2791 2801 122 2201 2030 1258 2554 795 1790 2167 2691 946 1709 37 222 1750 459 1865 1456 2466 2614 1284 2197 2318 980 1440 229 143 2124 1308 1537 2391 405 381 1610 717 850 195 1806 189 1098 2118 425 2706 2705 298 1684 2645 897 1634 2749 1188 755 2363 2001 1049 1200 2027 2256 629 2147 935 2060 1425 1321 1933 1263 1828 1032 2355 411 2529 1095 96 2096 1375 2735 1649 1573 1502 1238 2417 20 468 2631 1844 586 2366 144 1625 1640
871 339 420 1851 803 820 2567 1171 1147 334 666 1077 859 1767 2453 1995 488 276 373 808 1199 2275 2700 1990 2572 1732 603 830 25 393 2666 650 1620 2239 1016 1451 1996 2524 372 1178 863 1525 1672 1387 1837 2016 475 2395 2379 1180 1133 1646 2150 477 1073 1450 2518 2702 2695 1310 2136 1130 759 1361 564 2559 2618 2538 226 6 284 2494 811 294 2000 2399 1833 826 2161 2535 1541 1244 1257 1371 2176 1979 55 1960 2336 1120 895 441 1483 1603 522 1161 845 1397 2080 998
387 207 1910 715 2286 2470 1282 637 225 1464 938 1076 2708 2352 1817 49 1388 785 1255 2599 2688 971 1185 2421 136 1582 1787 491 1775 2498 1757 2562 296 313 1777 408 2010 2617 1314 61 1873 2436 2382 1994 2720 1949 2372 1568 51 698 1754 1022 1477 2654 2683 1612 1875 1111 146 1761 1008 999 1639 1156 1041 799 995 847 2794 525 33 290 1929 1018 2429 239 1730 1866 1692 2442 2083 326 2424 2343 2232 140 580 1592 1902 113 647 2407 1261 1563 455 653 1262 2693 668 2164
1839 175 696 523 757 2333 1886 24 1383 1793 1721 2143 2638 2059 394 213 225 61 1141 2093 12 1648 245 1231 901 682 1472 1834 1909 1475 1473 2813 1952 677 1874 2248 1299 1168 1248 2728 1706 80 1033 1876 1937 2283 2402 1296 607 1484 36 119 2615 2057 296 1754 192 2354 1076 1266 1787 491 1655 2842 2382 408 2142 2566 1639 1906 2090 2236 948 1448 1143 1945 1831 938 224 2421 915 1118 990 1533 2291 207 1775 494 2407 2510 452 2806 49 1452 146 131 128 1592 2814 1924
1698 2709 1270 2226 1618 577 195 912 349 573 1112 2155 1814 2481 264 1 2486 1652 1764 1811 223 511 2255 741 2844 1258 1009 2063 1060 299 2694 1129 969 391 2570 2213 1067 1216 1828 1409 2811 955 2223 2338 2269 2616 1330 2100 17 957 1649 267 537 217 665 2339 185 2635 685 1622 892 1049 1283 913 1855 2740 46 726 642 2427 2698 1159 2614 1573 1907 961 1338 1273 2158 1974 2253 562 649 1411 2340 131 1540 412 1037 2505 2465 1140 1850 1069 41 1122 1630 974 147 1862
7 592 2018 2416 2658 873 1604 1791 2488 2551 2042 916 1136 2310 1271 513 1209 2573 1239 2459 2026 1367 2097 277 1368 765 2258 1063 1426 492 2590 779 243 488 2453 2315 2685 151 1289 2146 2073 311 2388 903 451 1301 2793 1673 1546 684 2824 1171 1646 1359 1566 2165 2734 1371 288 945 2395 2426 2116 1632 808 25 2575 2349 2682 1567 993 2532 9 2296 2755 83 861 2647 211 509 1154 35 294 54 2170 1595 1579 2524 2284 2672 1960 615 975 256 2487 1450 392 1687 920 2721
2696 285 2476 1219 759 2483 355 2425 64 2161 58 942 445 2262 2204 2392 1681 1625 431 2274 393 1170 2275 1989 487 276 1119 871 1797 1331 2420 1709 781 1990 2147 603 1147 830 2434 1920 2342 825 1732 2189 2572 1077 1620 1188 844 2405 827 2600 372 318 1310 2474 991 1380 488 1621 2453 100 353 1371 1120 1277 2027 1697 2293 243 2721 1807 381 809 1519 1345 2487 2555 65 1512 1794 83 222 448 791 1705 2165 834 2517 2734 2596 2706 1574 2655 1254 2268 943 1963 400 1402
2391 381 285 1697 666 1537 2001 2318 1911 613 1042 1188 2691 1807 124 2204 2706 827 795 2537 2027 708 386 1200 910 355 796 1380 690 425 233 700 2529 830 603 1345 820 1419 58 821 1709 2342 1440 64 2417 400 1120 2012 1548 2256 1119 2718 42 2275 1678 2103 393 2581 1990 2453 1732 2118 759 445 488 629 1536 1958 1837 2268 2278 871 1147 1620 2101 276 372 69 1247 1285 196 2420 2623 1015 2483 1670 474 599 1616 1684 2807 1178 2362 2619 745 946 1402 2147 2081 2446
2608 398 244 2270 1569 155 281 439 2013 1640 594 1496 1074 2348 2355 2222 1661 283 850 550 2052 2410 2389 1704 298 2705 510 1041 330 2464 1545 266 2231 148 306 1315 152 1111 388 270 1183 2681 2088 2366 1332 51 1993 2677 1279 1251 2502 2534 2520 922 973 1326 2556 2512 1570 1238 236 1956 598 2557 4 2124 1589 1820 1096 2499 1817 2592 1668 181 1316 2030 986 1532 2028 2578 1902 972 1090 1949 1095 712 1889 2424 2791 231 1414 1264 2834 146 2141 2606 1046 2193 957 2099
437 1233 2561 2471 539 1726 2195 1420 2353 1772 560 1908 303 595 1872 338 502 1643 1066 409 69 1922 2458 2419 1845 760 2315 15 360 2544 559 1791 1225 2587 1288 2405 208 48 2580 1835 2150 2264 2121 981 111 2386 2685 730 2307 1454 1953 1450 2474 480 2107 660 585 1830 2084 2815 1151 1637 1870 2793 1412 2358 1546 1740 2601 702 710 1406 2583 103 1687 2678 1703 26 835 977 201 353 2724 2676 1470 869 970 662 2081 259 2042 272 384 2506 738 1417 992 873 2309 843
2499 1335 59 1754 2674 2814 2628 618 1650 1964 377 2439 2389 1782 120 2527 330 1150 2592 2099 2421 1708 2773 950 2578 1565 2828 81 1003 1521 244 932 698 533 1041 2316 1164 200 252 1746 1399 452 383 2017 2836 2083 626 1955 2715 633 2173 2479 598 2213 89 1532 1655 705 1831 2396 220 758 1038 2265 1544 858 13 1024 123 2370 1099 367 2181 1376 2365 587 2779 245 1122 849 2725 1961 1202 947 2669 1817 1039 2552 1715 2105 890 2690 136 986 1496 368 1501 2599 2794 1146
1899 1754 146 1874 2057 2683 2220 990 2526 574 2728 347 2421 2160 1182 995 171 1484 1041 2669 1173 1701 1571 2741 1902 1829 1924 2435 647 2424 140 1881 1909 207 1910 860 1931 1766 252 1617 1056 4 1282 225 2799 2361 2589 1613 447 2230 247 335 2470 502 2291 1185 491 413 2286 452 387 1464 89 1477 2378 1076 715 313 1774 2725 1949 2498 136 1817 1388 2010 1582 2599 494 2396 408 49 1757 2688 2436 971 1777 785 2813 2438 2569 1741 231 1563 329 137 2333 383 804 1711
1201 1550 984 519 406 2662 2461 2069 438 516 908 320 2075 2490 2516 112 730 166 1511 1969 422 1796 1682 133 1670 593 673 1526 242 2290 403 2588 874 2763 2209 2151 2418 2356 463 1947 2206 1005 1295 1030 881 2087 2648 538 1347 2139 2545 1934 1407 2127 773 2198 1401 256 1454 1379 769 1863 1718 2269 1564 17 2581 248 591 2092 708 798 2755 2170 2730 869 943 1243 2844 2187 1675 1345 1850 273 2661 336 929 1794 201 2282 2548 1580 1735 2004 800 1982 2373 1079 1925 2357
1451 2788 2609 1199 1551 835 420 1178 475 1077 1525 1147 522 871 956 2080 2624 1970 1107 126 1731 1361 2843 2150 843 2433 2546 1115 582 1130 2679 1139 2364 2016 2331 1767 1903 1257 257 1310 687 2768 2595 2125 2073 756 2684 859 114 1901 1306 1280 1028 1483 1690 1950 2239 2159 2469 2525 759 1138 2233 811 2047 1645 359 432 1354 1951 2667 2579 2276 1387 1758 1734 2326 585 2383 1707 920 1389 2426 294 457 2123 1372 1254 917 2360 2176 1603 55 2254 2347 2033 1391 902 1043 1608
405 2466 1456 1284 1884 836 698 236 2168 122 2372 2570 350 2228 2253 2096 459 1258 740 2335 1865 1052 396 2597 2774 1049 220 638 1097 1429 935 2177 229 847 1873 2614 2411 241 1278 1994 51 1461 670 505 1314 1998 2212 1327 2167 1844 955 2770 1521 1612 2352 2822 1240 2340 932 2837 508 2365 1444 947 2557 2091 1227 2705 562 1305 1640 1050 1273 2005 46 1549 2707 2693 2781 661 1153 1099 553 2750 2011 452 741 2201 1790 2616 1610 1202 1129 980 1823 2835 2440 2764 2389 2237
522 2080 1451 2684 859 1525 2383 811 920 2605 1186 2258 2254 2239 917 902 2033 843 1199 1323 2778 2125 2754 2123 2667 2630 2073 2523 756 2234 1178 1028 1372 2276 1690 1551 2701 1833 2347 2788 378 2159 32 1259 2805 2804 2368 359 2233 1767 1361 294 284 2525 1950 187 1975 1488 2489 1391 457 835 47 1996 1194 1734 590 2129 1387 2624 126 1130 1107 2326 1115 230 777 689 1608 2824 1758 2360 688 1257 1845 1626 2546 704 1147 1687 998 578 2621 2620 1869 1748 2058 582 1229 1631
957 1122 2501 2455 573 1987 570 2003 214 969 1447 1206 894 2205 299 2484 1615 2186 1330 1070 1060 1652 2823 115 1337 1907 642 1338 892 2635 2709 185 217 1329 1622 264 38 959 1688 2710 577 1173 2464 1889 2707 2287 2513 1029 2481 1 231 1365 744 1995 1618 974 1540 2162 600 2404 130 1146 2650 609 2411 2339 1983 2229 965 307 188 976 1349 2427 537 2735 815 1449 527 1964 2044 1190 317 2412 675 1411 2740 1556 2576 2456 1009 2627 563 623 2200 2221 1279 746 163 2675
2532 816 2122 1443 2349 211 1717 382 778 118 767 2058 1833 1975 998 2496 2792 1493 1583 1277 2538 250 1898 1460 1920 2524 2302 1485 2525 2233 2418 359 1903 2161 590 208 517 2587 1854 1735 174 1471 1494 595 667 920 2679 401 916 2258 1629 191 2655 1459 2371 2595 294 756 887 1628 1525 1916 1769 811 2672 1359 399 641 1594 1938 1989 779 2600 1331 2573 1779 2684 2073 1720 1970 57 32 2310 99 1527 928 2254 258 187 2234 522 2702 2577 2080 1863 917 40 2033 579 902
394 2638 24 1533 757 2143 2093 1834 1648 2320 1879 901 607 2510 1906 1266 1296 2333 213 80 2408 2533 1383 558 119 1248 176 707 536 2644 1265 2615 1472 1793 1231 898 754 1721 1801 2031 1433 523 1473 175 1448 2809 1952 2090 36 529 2024 677 2343 646 1689 2402 1909 964 598 2354 962 789 1141 2054 2178 2566 1945 1478 1168 1299 2756 407 979 2041 2539 1288 1390 1703 2089 2736 245 1798 1475 1175 572 286 1841 658 2065 696 1597 2413 2277 2759 2295 135 739 2323 240 426
1295 1649 1030 2461 1494 422 1201 1947 1550 1584 2087 1752 133 2069 438 1564 2588 1675 1623 1309 678 201 1788 1811 1594 1485 1581 2187 2713 2797 1345 908 2735 2581 744 519 282 984 1803 2006 2104 685 2833 1724 2209 2577 2184 2158 2646 1580 2034 2122 2067 273 2418 433 403 2004 961 760 1850 2356 1493 2139 186 1966 195 588 1516 1377 1522 538 1029 2662 334 1855 1347 406 2206 1292 1963 2528 516 325 2075 687 463 2269 2151 800 1765 2092 2371 2697 1401 112 2290 874 2127 1790
1829 1655 89 1774 653 2669 245 252 1039 139 383 447 268 1024 452 1831 192 1715 525 290 758 444 61 2396 1182 1018 52 108 1481 2142 1924 2070 162 963 418 1571 1543 699 1598 2280 2223 1248 1109 1274 316 782 1852 1635 1356 1730 1409 430 2690 1746 2429 1164 2306 225 464 1506 200 1435 1275 534 2059 2301 2017 2025 1874 2698 2435 113 2610 389 216 806 2505 2465 2244 305 1117 456 1465 2407 780 1780 1991 1503 390 552 2212 1327 2231 2806 1917 2741 1873 1929 2799 872
2257 1554 813 542 1000 951 70 2660 2369 50 1370 2664 1031 660 2108 1853 1674 545 2818 1893 597 1739 2029 1695 199 417 1681 886 1033 1287 1508 2743 332 2803 2227 1053 2314 1686 1413 1418 1562 2796 1393 2023 361 966 54 710 1909 733 1396 2249 1237 2384 2686 2782 1105 1515 337 2208 761 360 2045 500 747 2713 1321 2432 340 1098 2585 1614 1834 1894 2272 21 258 2201 2510 1820 1390 2394 1557 1108 2786 1256 443 571 763 2463 1006 2184 2742 631 793 798 2464 1492 2346 791
1672 2695 276 441 1016 2395 845 1523 1851 2702 575 1450 2239 2700 664 1387 373 1178 1980 811 1382 1990 309 2447 211 339 1147 1626 2530 996 226 118 1525 2494 1767 2684 372 2263 2496 863 1975 2453 488 871 1646 2633 2383 522 1194 1768 1528 833 2431 867 2129 2216 814 2080 1587 2131 851 1244 311 1488 1491 1973 584 333 2454 284 2444 2524 294 1482 2523 277 2573 393 2607 603 2368 2275 1620 808 1732 830 1341 2538 1833 2310 2563 684 230 924 777 1487 875 2518 1133 1837
1369 249 1012 1123 1437 2652 2148 524 2649 168 686 179 1840 322 627 1617 804 219 977 2639 2076 1486 489 259 2035 1406 2009 981 1328 497 1586 1700 67 2010 348 735 2291 1148 1307 329 18 1810 494 970 2569 712 1384 2657 925 2580 2135 1878 2248 2564 2361 1204 674 1473 1055 762 260 2358 2724 1223 48 1627 84 1151 574 2423 2826 1045 1944 1489 1711 26 559 1654 1868 1064 1422 140 1428 2509 480 2676 622 2544 1212 2386 247 647 2084 178 1092 2503 2737 2582 2762 482
2276 1372 2347 2805 2804 2701 1259 2489 378 1460 1028 1690 1950 32 2234 187 2159 917 2033 2254 902 684 1186 590 2621 1869 1235 1748 916 2754 1467 1734 1608 2073 457 1310 277 2233 2525 359 2684 2360 688 2314 2667 1611 2605 794 736 541 321 2651 2326 920 103 1938 778 1846 1854 2752 382 578 2258 250 2192 369 2310 960 1459 2329 1915 756 1830 2630 993 371 1609 2573 2672 1832 1169 2345 775 1192 2240 2297 2637 1805 1014 469 2586 1669 1371 768 1179 1195 903 2388 2123 522
1280 1084 1354 1189 2620 2258 1821 2605 2824 1470 73 2754 812 920 1608 1186 1210 2254 1645 736 1372 2778 2347 2701 2805 2613 1259 2804 902 917 1846 2033 541 378 2234 2489 1028 1235 1731 2667 952 2073 1720 1690 2609 32 1323 2159 590 187 2123 1669 1950 1970 756 2276 114 2469 2768 2843 522 1115 689 794 1361 1611 2630 843 2233 2080 1199 2433 1391 2679 359 2525 2624 1551 1901 126 2326 768 1107 1451 2364 687 457 1734 2546 2788 2360 578 835 2197 2047 2621 1748 1869 2125 1845
57 2258 2778 2315 920 2058 40 517 1179 2254 1186 917 902 2033 998 1525 2605 2239 2131 916 778 382 2310 2601 1359 1488 1687 203 2824 1340 2491 887 2419 1323 688 2234 187 32 767 2383 1391 684 2080 522 2841 2349 590 277 1977 2630 2603 1975 2792 2073 2684 103 2672 779 2328 294 2123 1651 2711 875 1769 2667 2469 2276 848 2754 841 297 2416 174 477 211 2532 811 1028 808 2525 2159 1791 1690 2620 2233 639 1583 1950 2388 2488 359 756 2489 903 1372 2805 2573 1608 1259
2638 1296 1533 1266 1383 80 119 176 1448 1390 558 1231 754 1478 1265 757 2320 24 2413 135 1945 2533 1557 2143 2408 2093 1553 2615 1699 1132 901 2078 121 878 802 1035 733 1492 1906 681 407 2217 293 427 328 707 2238 2384 868 394 979 1431 2117 988 193 184 21 315 1588 1236 2827 1334 1879 601 866 436 2568 607 743 66 286 812 88 2756 989 1093 2178 213 540 1017 240 2423 2207 424 1940 555 2064 783 1175 289 1890 554 500 2172 2566 967 142 695 658 1430
255 2062 668 125 2051 2704 1433 2789 753 2689 1281 2301 484 2407 496 1071 1018 1314 2352 1156 1730 2311 939 2811 326 113 1568 580 2429 116 290 139 1929 653 2654 782 525 1356 999 2794 1875 2335 455 1262 2343 1912 521 2232 2693 138 1008 2372 1692 1111 2611 129 1048 363 1831 1101 2105 1021 2199 1612 1011 504 654 1022 1278 2712 938 2244 430 501 1873 2340 872 649 33 1655 2398 1227 2181 159 2610 534 1465 950 799 1756 1503 2632 1135 2279 2061 2819 2308 847 786 2017
844 1199 420 2655 759 820 1989 2572 419 808 1114 2682 2476 284 1171 2567 6 2146 2815 1289 133 1147 768 1322 1871 871 2453 339 1219 1767 488 603 830 2425 475 1483 1519 1963 1990 2457 2293 2161 22 1178 1354 1515 1732 518 276 509 2342 835 393 1837 2275 1916 2612 1531 2426 401 282 1620 1371 1616 910 1310 273 2433 5 2150 372 883 2392 1387 2524 530 190 2395 1527 2684 688 1858 2478 1235 2077 1943 1254 2346 1120 2239 399 1920 2027 807 2171 998 1436 2060 1758 1958
1951 364 1900 589 101 2546 328 2238 1389 727 2579 2542 1653 2000 737 1798 2040 1928 1149 572 1728 658 215 1175 436 1137 1551 1542 923 126 1210 2624 1361 1107 1451 2656 2054 66 898 1115 2504 812 2788 1230 1397 29 218 953 1298 1765 2525 286 1898 723 1525 2595 2609 2233 257 1608 2784 1077 1731 2673 2123 2843 2109 2258 1372 2805 359 2021 2347 2804 2754 378 1259 1171 114 2701 1400 689 789 2172 1734 32 2033 2254 917 293 902 739 2364 187 2489 2667 2234 1970 1028 920
2307 480 2386 2769 415 518 1346 906 2544 2761 559 2309 2419 1908 1953 826 26 784 2007 1726 1587 2076 977 2676 2084 1417 970 1870 2724 2358 2538 1428 1151 74 1848 259 2130 1602 84 1768 2561 1488 2454 2458 1872 437 1233 1139 2782 1384 2150 843 1487 2471 941 335 1676 44 360 2230 900 2315 662 11 1288 16 404 1204 2496 2353 2582 1486 2800 1895 1772 2344 539 2506 2626 2643 111 1057 1110 1406 1203 1085 2482 1797 2195 1629 2718 247 2131 2841 48 1616 1420 2121 300 918
299 969 573 17 2844 2269 2484 1206 2063 577 551 1987 1447 2229 1675 570 1724 894 2648 307 2455 2461 2003 2581 2187 1034 438 2209 2069 2206 2127 2833 1564 1379 2588 1850 800 2151 1670 519 2138 2356 1615 516 2709 1347 2490 1947 1005 673 1682 874 320 2730 1511 616 336 1526 112 242 2731 1969 203 2516 593 730 248 406 2092 1243 1550 2075 2763 957 2290 2662 2548 133 591 2139 837 158 166 1122 264 38 1995 2797 1516 1345 538 2771 2456 428 1803 1079 115 1814 2186 642
2131 2702 1990 372 1158 2732 1552 1387 1980 2395 2530 996 1851 276 1450 2239 488 441 2718 2453 83 1672 603 830 1646 833 1587 1147 1768 393 1732 871 2275 1620 1837 2695 1229 575 2700 845 1523 1791 2524 2482 591 2315 211 1178 1979 339 1401 1767 2307 294 492 1133 2538 651 906 2761 584 1016 415 2685 2684 57 811 1483 636 759 25 373 1975 277 445 2161 1525 1833 284 203 2454 993 2437 1491 863 2284 2310 2263 1488 1678 1371 2383 522 1170 1421 2080 2138 2496 2018 2452
1961 1129 2534 414 122 298 2185 1974 2366 594 2193 562 602 330 1099 1332 2231 2340 649 2681 155 511 1095 1956 1640 2213 1698 2389 586 51 1238 1461 2789 1111 2584 1411 1820 2179 2372 2028 1135 2011 2250 2812 1308 2822 947 1302 1278 1444 1755 1227 2770 618 306 2556 2096 169 1694 281 670 734 805 2322 1090 2592 396 350 267 2834 2597 134 671 2774 1283 2764 771 922 68 2527 1991 1843 553 1216 1917 772 2339 1021 1010 847 235 882 2005 2837 2212 1327 1763 152 2365 2181
31 2693 1317 1885 1823 356 305 1543 162 699 963 316 1761 1852 805 402 476 1109 2467 1303 1598 346 799 1378 561 1216 2237 1395 1873 1011 2687 484 2690 2194 2261 1692 2393 999 2654 2306 1875 643 1994 1991 1756 655 471 1438 1022 534 1227 1917 2212 1327 2100 1274 467 1635 2765 1127 1441 1409 1755 1967 1435 331 661 872 2279 2340 296 2232 2338 2352 1314 1568 216 2168 806 771 1278 2372 2821 2531 2789 505 33 2562 1021 1746 2764 649 1097 2199 758 858 1050 1929 1937 726
569 2142 2090 192 225 268 1356 1266 653 2617 757 558 1976 245 1296 521 2228 2837 679 2177 840 2280 119 1730 80 1248 290 525 565 213 1844 1806 1102 2515 2093 1023 61 1145 2333 173 2556 139 2098 849 1018 2055 141 418 2501 788 950 2767 2367 1218 2105 464 1388 2717 169 2638 2283 1481 89 822 2070 1789 344 2669 1024 2137 1662 1889 1648 1035 1500 1881 2031 391 1099 2244 1039 108 780 52 175 786 2411 536 2164 129 1062 194 1706 239 1780 389 698 2770 1220 670
2428 2623 2645 42 1198 629 106 933 1032 205 96 1084 189 2060 888 1882 1560 1702 640 13 1504 1073 991 851 479 262 1374 924 1638 584 820 1263 1471 1083 1659 2303 2520 2222 1802 448 1057 1221 1570 2483 1425 546 582 1238 1541 1807 1200 2677 1324 1244 222 2602 2152 1436 2204 935 384 1797 1280 2643 2726 2047 117 2317 1232 73 1487 549 1633 724 2162 2263 370 327 445 1625 1911 2096 1933 669 1038 196 826 1380 738 604 2376 1636 1605 1480 2197 434 393 691 1080 2791
735 2130 2688 1045 2826 674 1151 1307 43 622 2358 178 48 2121 860 1663 2714 194 1658 2657 2230 1417 1422 502 2361 1489 1328 662 335 981 1866 2241 971 1596 518 168 977 970 524 1172 1406 497 1870 2580 2084 2676 489 338 559 161 715 2544 2724 26 480 2009 2564 259 1953 2046 2612 2386 2498 1627 1384 219 1346 1412 1878 712 1654 1902 1464 1225 1204 2782 978 1740 1148 2606 231 2582 247 260 1185 11 2480 1282 2458 2470 1944 2424 1777 1848 647 2010 2683 1486 865 2035
1030 1264 1379 557 1664 1724 1550 2581 1193 130 1670 2461 1545 1326 2783 2385 1345 1205 821 645 1015 1201 82 1366 2030 685 2245 498 2231 375 908 1112 827 1080 1857 1744 946 2014 984 2206 2050 1184 320 425 388 2303 166 2477 23 2356 2730 422 2351 1850 1243 2490 1318 2571 2662 2844 593 673 1752 2187 4 228 2501 874 1113 1347 2127 2648 112 1682 2290 2222 400 1575 1377 613 519 1516 170 857 801 299 730 2588 1887 2460 2678 2069 244 133 1005 248 1855 1421 1446 2012
207 1076 491 1464 2286 1777 1185 1663 2714 637 715 1261 1775 225 1282 1417 2470 2188 231 644 860 2657 1866 194 387 1658 335 2458 2561 2230 2471 502 1910 1908 990 2130 49 622 948 1613 360 2361 2424 2708 1489 2683 647 1328 1320 2307 459 2121 735 1406 662 26 2761 2544 2046 977 1872 2506 2084 1384 48 2386 2195 1726 480 970 2436 2782 74 2676 2724 1870 559 1151 2358 1336 1420 437 2010 2498 1233 1848 259 1606 1902 2353 1218 2480 732 2309 61 1703 1288 1953 620 338
1590 1561 1693 63 1019 2368 93 1194 2129 824 1838 2495 895 683 1087 2381 77 374 1161 1166 982 2780 309 251 341 1749 2447 1176 2242 2409 2729 2493 2399 1091 2699 777 1538 1482 230 1914 2785 2202 1257 919 528 379 2112 1971 2020 1786 885 2125 2523 1996 95 581 2422 2106 2180 1785 2550 1507 930 2190 1457 2114 2040 279 2036 2281 1856 522 2019 940 357 2080 2733 751 1191 1434 2651 2630 47 321 1043 2111 2605 1086 1179 1410 2641 2695 1353 462 1298 1517 2547 2254 1186 149
951 70 2510 1834 545 2818 1674 607 1554 2257 1370 813 631 1909 2065 1879 394 2093 1812 1390 1557 337 24 2449 1906 536 901 1614 586 697 2333 2767 1321 304 2742 1820 1098 1891 2249 2432 922 1381 440 2501 1173 2411 2201 957 1613 443 791 1083 2143 1648 2464 1261 2023 540 2463 180 766 1006 2394 1826 1679 2796 328 181 1051 635 701 1218 194 744 2054 1658 637 2707 2238 1866 1606 1889 947 761 2209 1862 1416 500 1666 2133 732 1663 2339 2115 1250 1495 2044 1934 1775 812
1594 1310 756 1178 2418 1493 2125 1609 1372 749 2347 2805 1259 2489 2804 2701 1077 2073 378 1551 1028 1690 1950 2159 2016 376 2276 2326 2667 1903 641 1147 1758 2234 1371 32 2433 187 1195 920 1483 1451 914 1943 1460 2538 684 457 2258 2233 2621 2525 359 1869 1186 1734 2254 1391 522 917 2123 902 1574 2033 1748 1494 960 2605 2360 2161 2080 1467 1767 2314 871 1323 2754 590 1254 2672 2122 2609 1938 256 2684 869 1608 1459 2426 2630 133 1199 1387 1361 1871 2752 1169 1645 775 825
1922 2462 923 2304 2469 2609 1077 2679 953 1184 2843 420 1731 2334 873 541 736 2073 2426 2150 2405 975 590 2331 1566 1888 666 1171 1354 1970 1920 2824 1574 595 1400 1210 1784 835 1470 1239 1028 1690 928 2624 2159 1950 2655 1426 1107 126 1821 1779 1199 2752 1645 2434 1720 1687 825 1854 1977 585 808 1359 1467 1385 1960 2042 355 1367 2613 1943 2768 768 2573 1525 2829 778 2585 177 382 2258 1767 920 1673 2620 2667 2239 2104 945 779 1527 2264 1306 1136 2123 2234 2682 187 32
146 587 1376 12 377 2704 140 2485 171 574 2160 278 2286 2361 696 1223 1741 2598 647 214 2436 2348 2057 1874 329 938 860 447 1051 828 2828 2629 2766 2421 2200 1218 2683 1250 1452 1336 1754 2720 1339 2674 1655 1037 1868 2639 2079 2806 2740 2822 2728 452 1721 255 1924 2445 1041 1831 2051 1124 2158 1279 734 1899 1261 125 2236 1866 2053 1704 1555 1381 1927 2424 1076 2811 1433 1799 398 1141 1787 1827 1902 252 2475 2382 995 1775 2742 2366 225 2842 491 2393 2062 1886 207 1477
517 2532 778 382 57 1854 2161 916 1460 174 1651 1916 1791 2416 1989 1977 2310 2234 32 187 277 359 2525 2233 1920 401 2058 688 998 1359 2491 2600 1938 1531 208 2587 2478 2077 1471 2392 684 1277 1171 1705 2258 595 759 2561 2315 2684 920 1371 816 650 2666 530 2601 1833 294 103 2018 808 779 118 2573 40 993 590 1310 2349 2276 2131 250 2254 1186 2419 1340 2346 2073 917 902 1970 2711 2033 2595 2171 2575 1426 1136 811 2655 887 2123 1179 1331 2469 2824 2752 2772 369
2567 2379 2751 1180 1171 1744 1354 592 1859 650 2666 768 397 2699 1538 903 2388 1277 919 2016 1371 1467 1632 564 1535 2049 2153 688 2536 1199 5 1359 1915 1144 2176 1028 55 1690 1950 2159 861 2073 2310 684 1851 420 1871 2559 930 2667 2493 875 859 998 2123 1161 1214 34 1372 2347 2804 2313 2805 284 1259 2489 2572 1626 2651 2752 895 321 2701 1184 378 2739 1985 2618 2032 1846 1128 2488 1361 2682 728 2656 1916 2778 2149 339 1310 579 2620 2815 1333 277 2613 38 2314 2605
459 2750 2060 1884 1790 2201 375 2030 897 2197 2124 236 1098 1052 2167 1933 1258 448 2612 2791 2614 419 468 1679 122 2735 2807 1573 2268 1425 1560 717 22 829 1649 935 1634 1811 1797 1184 2707 189 1977 592 1624 411 1321 873 2647 54 2682 1920 277 1695 945 2466 1673 2042 2310 1136 2314 808 2426 2403 1028 2457 1467 1690 844 1515 2752 1284 1444 736 1943 509 586 993 1326 2334 2110 2159 222 541 229 440 466 1604 1950 1167 947 1371 684 2388 759 1512 2161 405 530 1456
2721 825 1625 2696 65 1512 2405 243 2426 2170 2487 2734 2165 632 2593 1371 776 931 869 2474 98 749 1219 2161 759 1718 2147 2815 2453 2189 1574 1114 318 1943 2434 488 813 809 353 1310 1147 1152 1128 2027 1352 2647 1077 844 1479 1989 2517 83 1331 373 1958 277 276 871 652 2018 1920 94 1136 2682 765 2395 2572 1254 2573 1673 2275 2284 2661 1579 1990 1016 808 1603 1105 603 993 2462 896 1375 1200 830 1794 2658 1260 1120 2392 1620 1762 942 2336 1732 1854 392 719 2685
2495 251 374 1457 1166 77 1590 1786 1971 2381 1561 1087 1257 1693 341 1838 683 2112 1298 93 1086 581 880 2739 706 1434 2399 1161 63 2040 1019 1727 1194 1229 1749 2699 2125 2409 2072 1213 2129 1207 614 1538 1137 895 2493 919 1091 2368 2729 1191 777 2547 1914 2785 1743 1176 1996 230 379 824 1043 2523 2202 2321 2036 2422 2180 2780 930 1542 2242 1631 2190 2332 95 263 1785 47 1856 1482 982 2114 2106 885 149 1685 940 2020 1713 859 522 803 676 2080 1773 1795 2550 2641
2386 480 1346 559 1953 415 2544 84 26 2307 2724 2676 977 1428 1151 2076 970 2358 259 518 2130 2084 1417 2769 1870 1204 2582 1406 335 662 247 2230 11 48 1486 1954 2046 2580 2121 2419 1908 1064 338 2737 1726 981 865 502 906 404 784 74 900 2007 925 2344 2009 2761 1848 168 2657 2361 524 2503 260 1602 2135 1768 1596 1587 1045 1172 194 1488 2564 497 178 2148 2454 2826 1663 674 1658 2714 2652 1307 622 2626 1895 489 2241 1422 179 161 2649 735 1328 2538 860 1489
708 1963 2081 1119 2318 844 2425 1643 2282 2104 282 2572 381 1355 2391 1222 2027 943 1584 2815 273 1042 910 2095 2067 820 1295 745 1709 186 1066 2613 2631 1796 747 2535 1778 2256 233 2034 1858 2417 386 808 1537 744 355 1978 2682 1989 1718 666 2537 1864 588 1860 763 984 2128 2738 1807 285 94 2840 815 1904 5 2357 463 124 1736 422 1479 1114 2457 1354 509 22 1515 1871 1171 1199 2790 781 1407 2818 2309 420 1054 446 2097 20 451 768 2002 2268 1519 1247 1550 1574
2019 357 2550 1507 279 824 1561 1179 462 1517 2106 63 321 1019 2651 1186 2447 2368 1410 2254 917 1177 2033 902 818 2114 639 2605 940 2242 2281 2780 751 93 2630 2020 1590 930 107 397 2180 1818 2493 95 895 429 1693 728 1434 693 1104 1785 596 2754 1176 2190 2422 2414 359 2202 230 2129 55 2176 1856 1398 1194 2523 2604 2276 2233 2525 2733 371 87 920 457 1304 378 369 2489 2329 2701 2111 2192 1382 522 40 379 1372 2559 2347 2805 2804 145 2234 1259 885 14 1028
2635 1622 1618 1540 974 217 2709 1 2481 600 185 1329 1330 2710 1337 846 1009 1338 2255 1060 1411 1067 2823 959 2186 2155 2616 264 892 1122 642 317 665 2330 2427 741 2305 2226 957 2486 147 1764 1964 223 976 46 1070 955 573 2374 2838 2811 912 158 307 570 1349 2412 481 2839 505 1049 1927 2200 2570 412 1652 2053 2740 1822 2455 131 932 1273 511 1365 726 2285 2513 2100 1449 1303 295 1124 1912 1907 577 115 2694 2339 1813 350 1438 655 537 391 471 1021 267 2168
2048 16 2079 1037 1336 2008 2704 2828 2130 1738 323 269 2807 1072 2650 459 537 1279 1652 1305 1679 2707 2182 1124 214 1577 2053 2167 2761 1444 947 41 2781 1316 1403 1605 2179 411 1751 206 1424 1167 1775 13 2361 957 2339 586 2133 171 1573 150 1827 717 236 922 1811 1083 2445 2204 430 2473 146 935 2301 785 2740 1819 2760 1634 189 405 2393 2466 2598 855 2436 1425 1049 764 1848 2286 1790 377 2750 1933 1704 2735 2056 262 2201 1549 231 1096 829 1560 2060 140 1122 1757
443 1006 1866 214 1573 1020 2735 1424 502 2742 701 1738 2179 1082 624 437 1233 338 1261 2339 1250 586 860 943 2130 325 201 678 2769 1560 610 1305 1936 1425 1581 1309 537 2560 1444 2087 1218 947 2309 1051 1328 735 161 1489 2353 1381 1726 539 769 905 409 303 965 637 730 1253 2832 1966 2366 2528 1658 2707 69 1066 855 1643 411 2480 1811 1663 2167 978 2065 1880 181 2678 2714 1634 1119 1790 194 1649 1775 1108 922 1416 2826 1167 1934 1820 459 2657 622 2005 2348 1891
1194 2523 2129 230 2368 522 2080 777 1091 2447 1382 1626 1244 2684 2788 1482 1713 1785 859 429 2190 2383 2219 93 895 1856 576 47 1561 1996 95 792 1914 2785 811 1525 824 907 2106 930 1975 2409 1451 940 1693 2111 2422 2242 1130 2202 2254 2239 2019 1176 2630 917 2695 902 2033 1707 2656 2180 1186 2550 2020 751 920 2114 1507 1631 1179 2380 2605 2281 2780 1257 279 1410 357 1323 63 1019 704 1391 2733 1665 1818 2651 1177 379 1517 321 462 1178 818 1488 2149 2441 1825 310
1194 2129 1482 2368 777 2695 2523 230 1914 1996 93 2785 895 1561 522 1091 2080 2447 1382 226 2607 1626 824 575 1590 845 1713 1749 47 1838 1387 683 2729 2684 859 1785 429 2383 2190 2431 2493 1693 1856 1851 374 95 63 1019 2180 1975 811 1161 1229 1525 2381 2125 2242 930 309 1523 2550 2780 1507 2699 441 2239 1631 814 2633 1528 1451 1538 2111 379 2202 2106 1178 2020 357 2702 279 1257 2605 2422 1672 1186 2254 2114 2630 982 1176 1130 1179 920 902 917 2033 1323 940 2019
2190 1785 1856 1760 1712 93 95 1693 824 751 2281 2111 2114 1103 1818 2036 182 1590 2525 2233 359 14 596 2523 1723 940 1773 1795 1043 369 2019 1304 2176 55 954 2180 2106 2381 926 2058 1177 1434 1176 230 2595 1106 1451 321 1559 617 2368 1542 2651 1138 2550 2254 1507 2422 279 998 2559 1186 357 1970 104 1228 917 1410 2733 902 2033 895 63 2020 1517 1019 462 2555 522 2729 930 2080 2618 1525 1749 2112 885 2605 1130 60 1971 2547 1786 1179 485 983 581 2679 2202 1257
2656 16 1389 924 2383 284 2792 2546 851 1482 1487 887 2630 230 1298 2368 2523 309 522 1137 2447 1244 1277 2841 2080 2114 2216 2129 589 1900 364 2780 2242 727 1194 737 2684 101 2190 723 2605 1785 1382 2547 1626 2040 824 1856 1044 2058 1693 1471 1176 1057 1691 279 95 2180 2550 1507 940 1019 639 63 917 895 1340 2033 902 357 2202 1928 2106 2019 2111 1561 751 1186 2254 2380 2454 310 1975 1179 920 930 2281 93 596 2422 2778 2239 1178 2733 2020 1391 369 1434 2149 1525
2348 1640 2270 955 957 51 2831 2608 1049 1279 214 2740 223 244 836 511 1757 609 481 892 1652 594 1330 46 2339 2389 2705 741 1907 2226 298 537 2557 1338 2486 2725 236 2481 2466 2231 606 350 1 1111 2052 1060 267 1477 2681 1411 398 1332 2352 1704 2372 1070 1122 1661 1998 2578 1994 1761 986 1365 1506 2584 185 1041 2155 2690 665 405 2635 1278 2082 932 912 1622 2464 2365 2794 1329 330 1038 1910 383 2011 1458 155 1589 2340 1409 1315 1873 476 2396 562 1386 89 1532
1823 2306 1109 2017 305 963 1543 162 699 200 1598 2693 1852 649 2212 1327 858 1317 1991 1885 31 1435 1746 1216 1917 2173 356 402 2393 316 1967 1873 1994 805 1227 2237 1011 476 872 890 1274 2279 799 1409 771 2610 484 2340 1761 2372 471 1438 999 1875 655 2789 1650 2764 1278 2690 1022 2059 1635 533 1314 1756 2531 346 2168 2467 2199 1303 1755 2765 331 2100 1929 1135 2194 552 1692 2261 2654 1395 1127 2352 1378 1117 1787 1592 1097 661 467 561 2338 2687 534 505 216 1715
1016 1672 373 441 2395 276 339 2437 1836 2700 863 2702 1990 2453 488 372 2695 1147 630 1851 83 2239 1178 2275 575 1523 1973 871 845 277 1980 1732 1450 2573 1620 2165 2734 1128 2336 603 830 393 2161 808 759 1073 811 2530 996 1646 1371 2444 2136 2518 515 2524 2487 1260 2284 1387 1310 311 211 1625 652 1528 1626 2131 2721 2684 916 2310 1919 834 825 2517 2018 1667 2563 2593 243 2685 342 492 2633 851 875 369 1483 1491 1382 1077 294 25 1133 118 684 814 993 2129
1290 1981 1871 2085 1645 1237 1479 2663 742 5 1604 2392 416 1943 1467 749 2110 1567 516 530 2757 54 2621 873 1748 1869 1068 360 794 1075 1611 1719 2426 2583 2097 32 778 187 1136 2234 1510 2609 1731 382 2613 1359 632 736 1058 541 2042 2682 1747 1854 914 2843 1372 1301 2489 2347 451 2804 2805 1195 1259 2701 509 378 1846 294 102 1821 1959 410 945 2457 2282 779 2299 2748 1800 1235 1459 1718 768 1531 1745 1609 2711 2752 590 2049 2140 1154 2123 2 2434 2796 2755 844
541 736 1854 778 382 2073 2426 1460 1920 684 873 1970 1989 1821 2234 595 187 32 768 1310 2313 1028 2159 530 1690 1950 2525 359 2161 2655 2233 2478 2077 2532 1510 2609 2392 2314 585 1235 2679 688 401 1871 920 1645 1136 2258 1731 759 1254 174 1747 590 2042 509 2310 2682 1354 1277 2123 1210 1171 2276 1720 1199 250 2600 1499 1938 2018 1977 2752 916 2346 1981 2587 1331 1608 1604 118 208 650 756 2772 2666 2667 1916 1767 1705 2326 2573 1371 2684 2304 945 816 1673 917 2777
2027 381 1042 809 2405 1170 353 355 2718 490 1958 196 1247 2012 943 233 1791 2425 2492 2147 1762 1152 1322 2293 2081 2463 603 1595 830 2487 2391 1989 2318 2170 1402 94 869 1554 1697 2685 2593 318 666 745 2483 1643 243 1625 2256 1131 1375 1352 1537 2721 1963 124 2738 776 2517 98 1718 2165 2661 2734 320 437 435 1174 1233 285 2452 1219 1512 2417 2189 65 2706 2749 392 1114 1200 1678 708 1794 929 825 2662 20 2434 1574 3 1318 2420 166 1642 1040 2474 942 813 2696
942 759 2161 1625 2405 825 1989 2696 2425 2189 2147 2165 2027 2734 2721 285 2487 809 1331 318 1512 65 355 2392 1718 243 353 1920 813 2593 6 2474 98 776 2170 2262 931 1352 1152 2476 2600 1219 276 83 2517 2434 94 2395 1016 1705 2453 2722 488 1574 1371 2420 2661 1147 2275 1310 2426 1732 399 1114 530 1375 1794 2118 749 871 1990 1385 603 830 929 1120 372 1105 20 1943 844 1077 1254 2572 2685 1854 1620 373 1762 2647 1836 1119 118 765 196 2284 1036 166 943 2446
992 2046 559 1225 48 2471 1406 2121 26 2580 2084 1953 2358 1870 2544 1151 977 662 970 2724 1417 2676 259 480 2737 2386 1362 404 981 1412 1740 232 2195 1420 335 2130 2188 2506 1204 2826 2582 2230 2241 1212 2561 1307 489 674 1658 1172 1908 1663 161 585 178 2714 1654 194 2657 168 524 622 2564 2009 2361 1489 43 735 497 322 351 860 1328 338 2612 865 1346 1954 502 247 1810 2509 1872 1064 1772 2458 843 1384 2419 925 2150 1486 310 11 1922 360 1288 900 297 15
2349 191 2073 592 2532 2018 211 7 1833 1426 2551 916 2258 2310 2667 767 2488 250 2573 920 873 1720 579 1359 684 2302 779 2824 492 2234 2042 1791 32 277 2459 187 1028 1690 2416 903 2159 25 736 2388 541 778 1950 382 2426 1371 1171 2453 1136 1604 993 488 1467 808 294 1063 2239 513 1209 2752 2559 914 2123 756 2755 2146 887 861 1289 2685 1077 1310 1922 2620 1975 875 2647 2315 2395 945 2590 118 1646 2314 1277 1271 765 1687 2711 2026 1157 311 2575 1767 243 2658
2750 459 2201 2167 448 935 1364 2096 2432 1291 1238 1095 1038 717 2835 236 1634 1044 1321 1790 2197 1884 1258 2645 1828 222 1573 419 829 1811 122 37 1456 1167 2428 2268 897 115 2614 2513 586 2554 2030 2791 1444 2466 947 2801 2529 2707 229 123 2831 644 405 1308 143 2060 2366 1284 2442 2298 1153 1015 577 1108 1285 1865 440 991 1640 358 2696 825 376 669 882 1483 1933 1305 755 1709 2705 197 1738 2124 1862 2175 2189 298 971 195 1098 269 1891 468 396 350 1636 189
1752 1030 1345 2581 1295 1494 1947 1670 1193 2385 133 910 2069 1864 1724 613 438 1649 2477 2128 1675 1594 2115 2588 2187 1485 519 1803 2797 282 827 1146 1564 1584 1788 2783 2461 422 1379 2104 2362 1811 1616 2034 1201 2209 2833 244 1826 538 2184 403 283 273 2418 2577 2122 2050 626 2139 760 2067 406 1619 685 1516 1347 186 2004 1493 2662 2151 588 2356 112 1061 1522 800 516 874 2127 1580 2206 1550 2092 2101 2371 2730 2075 400 2103 2290 1765 730 2771 1292 17 687 166 1735
2807 645 2013 1502 148 2088 298 266 400 550 1589 1939 287 1536 2278 2508 2030 472 1251 1090 498 2222 1217 155 657 1315 2169 1205 2705 2791 2351 2203 1530 160 1078 1074 473 2355 281 1640 152 1545 1569 283 1661 1285 1704 973 439 510 2831 2571 2270 122 2348 1013 850 181 2502 2141 965 922 2052 2385 308 2574 2584 2468 594 2464 2834 1238 1108 1318 2012 2179 1737 636 2231 1095 51 2678 306 1694 829 2750 621 606 23 388 396 1432 583 1610 2608 260 1422 764 836 1264
811 2239 294 1525 522 1488 2080 2383 2684 1975 1178 2395 2702 276 211 1147 1833 284 920 2695 1450 998 779 1387 2530 996 1626 1646 2131 1980 1451 1587 1229 1768 2302 2496 833 778 382 1186 2254 2447 902 2033 1194 917 2058 1767 2129 2454 2672 916 2778 488 1057 2453 2630 684 1323 277 1359 859 2310 1491 2073 373 2523 871 1016 2524 1382 2605 1391 777 887 372 1528 688 2368 767 2573 2349 118 1990 2258 2841 1851 32 2234 187 2276 230 2125 875 2752 2824 103 441 1687 843
468 1879 1415 1872 72 2612 2130 1108 585 620 732 1605 1139 1676 2401 1364 1616 2458 1422 1045 1384 1085 791 2309 1255 2596 1901 965 2476 2448 1346 735 1681 595 335 1596 1866 431 208 487 2587 2561 2555 2274 2782 1363 1004 785 2816 1044 612 214 419 710 1953 1727 2502 337 971 1336 941 983 2815 2478 1495 2077 2823 448 998 2121 2442 115 475 401 2688 2346 760 2425 2171 644 715 1742 6 2313 1315 2498 1163 1110 2829 2122 177 1916 16 1001 1910 2348 2150 2761 387 2259
602 349 2681 1095 1238 1332 1129 1258 267 2193 1549 2231 1111 2834 1698 912 1822 131 2253 1974 1 2709 1273 396 2100 594 932 122 665 195 1811 505 1270 2534 46 2616 1573 405 2481 1112 2168 1050 2764 1994 1278 2389 220 922 2366 2340 1820 740 955 2750 1967 2226 2338 649 414 1216 305 31 1240 562 1755 947 2053 1635 1409 2251 298 2556 1704 1264 1099 51 1274 2179 391 1429 882 1991 306 2531 1291 223 741 41 148 1823 1961 2124 726 1545 2372 2707 1227 2237 1314 1630
2306 2017 162 1852 963 1543 699 1109 2693 31 1317 200 2173 649 1823 1885 805 305 1746 1227 890 2610 316 858 872 1650 476 1991 1873 1761 2237 1598 1755 2372 1278 1756 1917 2690 1135 2340 1967 1875 1274 1314 2199 999 1097 643 1409 2687 1692 356 2212 1327 2467 346 2343 1378 1435 467 2261 2059 2071 1774 1022 2194 1303 1994 2338 1395 1635 402 1715 471 2100 1438 799 2168 655 552 1505 1240 1441 2654 1929 1011 771 2765 2789 296 561 1763 1216 2393 661 1164 484 1127 1010 2025
2561 2587 208 585 103 1830 595 778 382 1854 1970 2471 2478 702 1460 2077 848 297 1139 1510 1676 359 2525 2233 1323 2234 1922 187 32 2532 1821 2679 1747 1499 2772 541 736 689 2841 2777 1901 2601 1938 1125 1753 2258 1981 2123 174 1845 920 1989 401 843 688 1731 2392 1916 2056 2346 1235 1415 816 590 2073 2313 530 2326 250 684 768 1720 2684 2171 812 1920 1872 2768 1846 1163 756 72 1470 517 2458 2254 917 902 2033 2161 1186 2 2711 2150 1372 1028 2347 2609 2489 2426
1440 2318 796 1709 1684 2391 708 1807 386 1222 2691 2363 2537 755 1697 666 124 381 795 2027 700 233 1002 2642 1911 355 285 1042 1537 144 2001 1643 1200 991 1638 2189 2081 2256 747 2529 1419 2417 1188 2147 94 745 435 1519 2420 2738 2749 318 2293 425 781 2104 2268 1119 2446 2443 809 2103 2645 1636 2208 820 2271 984 1247 1402 2342 2619 808 1375 1625 1322 20 2750 143 2118 2065 71 2492 1828 1285 1396 392 1321 2463 2483 888 353 1263 1131 1958 1036 1989 69 2593 2535
769 2084 1870 1895 900 2753 2289 1253 2626 2344 161 2676 2714 1663 793 2650 970 2769 335 1796 1658 1313 2724 2230 231 1417 2544 415 463 489 623 2386 1172 2361 2419 2826 977 2358 319 259 1151 502 404 559 480 26 518 445 2094 1397 2482 74 2315 1908 201 433 1726 2454 784 2307 2056 247 2646 906 1613 1688 2840 1933 2761 860 1064 1788 2116 2287 563 380 2501 637 1934 1208 965 11 1002 2574 2503 2582 2540 194 1790 163 990 1486 2130 2009 1204 1407 22 2735 2657 622
2828 377 323 2389 2079 1037 1827 2421 81 2704 1376 59 13 146 2674 1754 1668 2740 244 1202 1279 2592 828 238 2557 932 1704 1041 140 171 2445 2527 2301 2602 1708 1124 2053 430 220 2725 2628 2213 698 2083 1782 1521 2393 872 950 1817 123 772 1565 1332 1399 2473 1477 1038 452 2237 1949 511 1003 847 1314 2720 383 2681 2286 2396 1998 740 1111 89 2578 1336 252 1024 2439 2526 1532 1757 1496 28 2220 1444 957 1122 136 2669 947 2598 2250 1501 2599 972 1506 1582 1823 1873
2656 2546 751 93 2281 1818 1900 364 1137 589 2114 101 727 1389 14 2036 1590 1542 2176 55 2112 2019 1760 1971 1786 1712 1177 1103 581 1304 2559 2180 2651 940 321 2106 485 1043 2190 1138 1785 279 1507 2550 926 1856 2381 2254 1559 917 2020 902 2033 1298 357 1410 885 104 1693 2605 2618 1186 1179 2040 2523 920 2422 930 824 95 2579 1517 462 1257 1451 737 66 2542 617 63 2733 2111 2149 1019 374 2368 2202 1106 1130 310 1551 895 818 1176 2739 1951 2409 880 230 706
1947 2004 133 1930 2139 656 2092 17 2209 1792 1292 1494 2588 801 1575 1735 2371 2418 519 2356 1564 1580 2151 2127 1446 2069 438 1877 1522 2490 2783 2266 1295 242 1887 857 800 2269 421 591 1377 2187 884 2039 2820 1493 2590 1982 1855 1863 1675 1030 1594 1294 1850 2460 406 256 1421 2672 2844 516 667 403 1079 299 2016 1925 879 2833 282 961 280 483 2662 263 2075 166 756 320 538 1401 1724 2461 2572 1201 2797 2206 1359 1366 687 210 2034 2581 1531 1234 2516 1193 1574 273
420 615 2150 1922 2609 1199 1077 1731 294 1525 914 2073 835 7 1138 25 2426 1767 871 2304 2462 2239 1147 475 373 923 873 2453 1451 1645 1970 488 2603 736 541 2824 779 1818 1359 564 1800 2618 1960 2176 55 2264 1209 756 513 1574 975 2399 2559 1426 859 2434 1171 1833 1180 953 2843 1246 2695 861 2620 14 875 127 2123 2524 2788 1603 2018 843 218 1130 2793 190 1387 2379 1184 2258 778 1687 2016 382 1351 35 956 928 750 2459 2080 2219 522 728 1400 2667 2488 2334
1561 2368 824 1590 93 1194 63 1019 2129 895 309 2447 982 528 2780 1693 2729 374 230 2242 1482 2523 1838 2381 683 2019 2550 1507 2180 2114 2281 1785 357 2020 279 95 751 522 2202 2190 777 2106 940 1176 1856 2080 1197 2493 1749 2422 2111 2733 462 2630 1161 1517 2605 930 1179 1660 575 2699 845 379 1538 2651 341 321 1186 2254 2695 639 1818 1177 1996 902 917 1410 2033 2125 818 2441 2495 1914 1528 1087 2785 1091 1181 1988 920 2431 1323 2380 919 2036 2607 2383 2641 1391
1996 859 284 341 66 2493 47 2247 230 1482 1538 2699 1451 2523 2113 2495 1161 1257 895 1559 1713 2219 2383 2536 1631 853 34 522 1199 2656 2080 2684 2787 1087 218 792 1542 737 1091 2368 1333 1130 564 1207 2072 1194 1389 1382 2016 101 2021 589 1900 364 2129 2673 2533 919 688 29 983 293 1765 2784 664 777 2149 2114 1361 1166 1535 1914 2040 1975 1928 803 2785 1626 1767 1833 429 2630 1838 1304 2022 499 683 1714 1228 1178 811 952 465 407 2123 1665 1116 940 1685 1785
1570 2263 1315 1032 2060 1560 2512 189 2608 283 1425 448 2623 2807 100 2179 935 624 2705 2750 2483 474 1882 2410 2094 2203 2645 2606 1933 1074 2612 1866 2348 2268 850 1183 1530 1098 1046 148 285 2355 732 160 1380 620 1078 468 922 398 2050 58 2337 2133 1358 64 327 117 1802 2432 1045 2222 1321 1082 965 1219 2816 2167 1797 472 2476 1458 443 236 1738 2201 1044 411 2130 1891 978 1726 1661 96 2458 1108 894 2376 439 1640 2735 1979 1504 1251 1083 2262 586 2655 1602 459
719 1778 2815 1963 2682 509 1171 2457 768 1871 1977 1566 2032 1359 1515 1367 2097 1354 844 750 2585 451 1846 2613 1791 420 1301 1199 1114 22 2315 334 1235 588 2379 2042 763 1567 401 1531 2128 1401 409 1752 736 2115 2067 869 2572 632 2123 873 2507 541 1651 2110 2426 2416 945 2104 2328 1864 167 2469 416 530 54 688 2018 2452 1180 450 5 2310 998 943 174 1157 1922 1467 2425 1604 2171 1920 1295 1136 2073 2609 221 1860 1854 1796 1645 1584 2768 282 2140 1943 190 2346
845 575 2431 1851 1482 1194 2129 1996 226 2695 309 803 814 1980 2702 2131 895 2607 1523 2633 1837 1768 1587 982 284 1181 2447 2530 996 1988 2368 2454 833 441 1561 1660 1691 1672 1197 528 777 1387 941 1975 811 1341 867 1919 859 1229 2493 1178 2785 1914 2700 93 2383 2080 2684 522 1590 1091 1382 339 1525 919 1161 1990 211 2729 2239 2699 1538 2496 372 230 374 2395 2523 983 1457 1626 1488 1583 276 824 1528 57 1552 2732 1016 352 40 1450 1158 664 2332 1833 1019 1607
2054 16 545 2504 269 1634 2201 1321 2432 2644 646 1108 898 935 2750 1006 624 1167 1082 1098 1738 1370 2339 1674 2818 2645 1305 1866 2130 1951 735 328 2238 1444 766 947 586 70 2735 2781 1801 1560 214 189 1425 965 443 440 459 1933 1679 2257 2707 1790 2060 411 2179 2167 1554 1424 2612 813 537 1811 2268 1573 2133 197 951 717 2650 922 97 855 2807 697 1653 2000 962 1389 2546 2529 1652 2175 2366 2579 2541 2277 598 1549 2124 2178 2528 2411 957 638 2041 964 1044 2251
1791 2315 1687 1651 2416 1470 35 2116 1170 2718 592 1595 1063 2685 2258 1318 1450 57 437 1233 203 1367 916 2264 943 2140 2131 2590 953 2793 1778 517 1068 450 1567 451 603 1359 211 1301 2018 1491 2824 1401 830 1566 2419 2097 7 1351 2145 1531 2532 1546 719 2349 303 174 1402 1058 779 2310 881 535 1637 1747 2551 1632 2624 2488 1400 126 1534 1454 1107 1426 2452 490 1833 1201 2491 887 40 2042 920 2575 778 2573 1977 382 2081 256 277 191 1157 488 294 2711 2453 1158
2641 2494 1471 728 2190 2604 1785 1856 153 382 778 2058 95 824 1760 1712 2111 1693 2555 1177 2525 182 1749 2233 359 998 1434 60 230 369 596 226 2595 767 1795 1773 1103 1228 1340 954 2618 93 1818 2523 2381 1743 1138 777 1608 1410 2729 2106 2547 983 926 1727 279 1507 2532 2824 2550 2447 1626 930 357 1523 1460 751 2666 2281 522 1277 2176 2114 55 848 650 2166 1176 2129 2368 297 2254 374 250 528 917 2080 2033 928 902 1186 1938 920 2605 14 1525 1590 1194 1179
2549 709 852 1719 288 881 1707 1455 2235 792 91 2296 1442 2516 566 1779 516 1800 756 773 2418 242 2198 1641 254 2219 834 410 406 157 2302 1007 1466 1355 770 1165 857 2364 1642 1887 3 1511 151 2661 564 1969 1645 2788 1526 2755 1209 513 2341 1138 2609 71 749 1527 1731 257 2490 2125 301 1890 1871 256 320 798 1246 2672 2246 2680 2026 1574 2373 127 1112 1271 294 1758 1551 2170 1036 1368 984 704 273 1529 929 1735 1385 2073 2524 2590 908 873 2434 1794 1930 1863
1941 786 619 2308 138 654 1048 2061 1781 1921 363 2632 1662 2164 521 2335 1008 1240 936 1097 2611 1789 2689 1612 2244 625 2712 2687 1275 2091 1843 780 2440 331 643 1262 455 239 467 1500 2617 268 159 1408 670 481 740 1730 113 1875 2720 2352 2798 2794 999 1273 2565 33 2232 2137 822 806 788 2654 508 741 1018 1976 241 1929 1021 1568 1912 661 1635 1998 2429 668 1813 1918 2407 1692 507 2338 2821 129 534 2698 478 501 1220 525 1156 2301 290 2311 1438 471 1314 2597
743 2423 2458 424 1334 135 2413 662 2471 2622 500 232 315 2117 2134 1383 2506 1448 1613 2046 1390 1628 11 2561 1842 1908 2544 2 1406 184 2419 1676 559 26 2121 2757 1495 404 1945 2309 360 2307 1269 2056 2295 480 48 2386 300 2668 1759 1944 340 2676 1872 2350 2358 970 977 2084 689 1772 2724 259 843 1151 1233 1870 437 949 2353 1478 1417 1017 74 1430 2580 1726 1384 554 2782 1953 2827 601 1362 2769 335 2328 1320 660 1420 103 2737 992 2267 681 2441 2195 555 142
31 305 1967 1317 1635 2100 1885 471 1438 33 655 1011 2693 1303 412 2687 999 1875 1823 1761 1050 643 1240 1395 1852 331 1994 356 131 467 162 1127 1274 2393 699 963 1109 1543 661 1409 2467 806 316 2338 402 1756 346 1097 805 1873 1378 726 2352 2765 740 1021 1278 2237 46 1598 2168 1216 2306 2194 1441 2690 1227 561 216 1022 2654 2261 1755 505 476 1692 799 1275 1929 1568 1273 484 200 2212 1327 2340 872 2794 1314 1941 2232 534 771 2821 296 2335 390 1153 478 649
2383 2080 522 2684 284 1975 1178 811 2630 1482 1525 230 1382 1488 1451 2605 2254 2368 2523 2239 917 1833 902 2033 1186 1387 2496 1194 1626 887 2129 2454 2792 2447 920 2058 2233 1277 684 2525 359 2754 1391 1323 2841 688 457 211 767 1767 103 2276 1460 1229 1028 1734 1389 1690 429 2702 998 2159 859 1450 777 1372 2395 2805 1938 1950 2347 2804 2701 1259 2489 582 2234 294 378 32 187 2114 2125 2778 1996 2360 1758 276 2667 843 1459 596 2621 1491 1587 1483 2242 2131 1869 1199
601 500 315 2458 184 2117 662 1390 2772 1495 2 1759 2561 1613 2471 945 2419 11 2423 868 2723 2110 2757 743 2544 2315 1499 559 2568 866 2827 415 843 2413 1908 135 695 1518 1628 1810 1448 1383 2580 424 437 2587 710 2622 906 2583 208 1269 360 1233 1334 1699 2056 1772 259 48 1406 977 1553 232 26 2394 2601 900 427 404 2506 227 1945 775 2084 2586 2121 595 1805 802 1169 103 1872 2724 2358 2676 2711 191 2078 2386 1420 660 1151 493 2596 2328 1830 1870 2195 970
2495 341 2040 1166 1542 1298 374 737 1257 2381 499 1434 1087 1786 1971 66 1213 251 683 1838 1590 614 589 1137 2112 1727 581 1091 1900 364 1086 101 880 1561 2739 1928 706 1161 1229 2493 2125 1749 1457 2072 1197 1207 93 2699 1194 1538 919 1996 1914 895 2547 2785 1693 2129 777 407 2729 1019 63 1743 727 1176 2409 230 2368 2202 379 2399 2542 1631 2036 2523 1191 77 1714 1685 2172 149 1116 2422 2247 1785 2321 2190 803 2180 930 47 824 1228 1482 1856 989 1713 940 1398
949 432 1940 184 232 1699 1362 142 500 424 2267 1897 1334 783 1430 2221 2451 743 1130 843 104 907 165 2120 1004 2211 2733 310 1901 1269 2111 462 1517 302 934 293 404 1398 1847 1103 493 429 1542 775 2737 2586 1805 101 1900 1169 364 1499 1513 2546 1890 727 21 2441 589 1017 614 581 1723 992 257 1451 2542 1343 2112 1138 2381 1043 751 1818 1257 93 340 1551 1786 956 1971 1590 1760 689 14 2281 436 2787 2668 1903 1712 1115 866 1559 2114 2176 55 2739 1601 695
1655 877 458 1929 2407 1831 2819 452 1598 1156 2301 113 2594 1018 553 2311 68 2429 2181 2144 653 1708 1117 1612 2794 252 2232 2610 1010 2017 525 2698 173 2611 1692 2557 200 1008 1907 2396 1314 2500 238 449 552 1875 999 290 782 1568 1662 1022 799 849 2674 2343 138 1706 1274 654 1048 1873 33 363 455 668 1262 383 239 2654 968 326 2244 1955 753 872 1896 580 1275 1143 2552 2531 1011 2164 2099 534 950 847 1465 2105 52 2199 2265 2770 1099 2689 108 758 618 1746
192 2142 1831 2806 653 418 108 52 295 2407 1481 1018 927 268 225 1655 464 2070 1706 89 139 245 2059 1715 1356 2236 1475 1730 61 1156 125 290 1141 430 390 2061 113 525 2280 1921 2025 806 2244 1248 1635 1465 1039 1117 1275 534 523 2301 780 2429 753 1024 786 782 1829 1505 1789 1143 129 1647 383 452 2669 1780 1662 840 389 2398 552 27 2119 1503 175 1472 2283 939 2465 2505 2051 1021 216 2396 1994 726 1441 1438 655 1506 471 305 619 758 2311 1101 331 478
1015 1610 2750 980 2366 122 2124 267 1238 795 2791 1537 1285 381 2030 2391 2834 2801 2417 236 1042 94 2193 2681 602 1258 448 405 1095 1456 285 1591 1332 2706 973 2028 850 222 946 425 2466 2118 2342 64 1284 1263 2175 1188 2201 2204 1345 717 195 629 459 1049 1098 638 2570 2691 827 58 1884 796 2631 414 1052 1865 354 1502 1432 2534 1111 143 229 2231 2001 388 400 2268 298 2014 396 1360 1649 2362 594 1806 1316 1790 1828 155 1844 1305 2298 2096 2614 1291 1226 306
2562 1167 2707 2442 882 586 644 1910 214 2372 1757 1775 947 2650 1549 2168 2253 1477 1994 405 2340 459 1444 1811 2765 562 1679 2212 1327 1634 1652 1573 1866 836 1823 220 1258 1429 935 1991 2167 922 1227 1255 1050 2781 2708 46 305 715 1109 1278 2226 965 2339 1917 1095 537 440 963 1885 162 1543 207 1364 955 699 1852 1873 476 1787 511 2011 1216 661 51 2750 387 2201 1409 2261 1820 2693 2237 1108 2100 1790 932 2306 717 491 1761 31 1097 2175 2612 2130 2421 2083 2531
142 2267 2441 2211 1430 555 868 462 1517 2733 783 2111 866 2380 878 429 1847 949 379 1236 1785 1343 149 2247 1685 104 2745 1513 107 2190 1714 182 1116 2036 940 1856 465 954 1398 1795 2414 1773 1228 2604 493 2523 683 1838 315 2180 2078 47 1553 743 1890 775 1304 1805 2422 2586 1334 832 617 1169 1179 424 66 1713 1499 1017 230 2202 554 1176 2536 341 2106 2381 2827 2019 95 930 2020 1104 2550 1507 1177 2568 145 983 1683 680 1186 737 93 427 681 2622 279 885
586 2372 1444 947 2466 51 2005 180 2534 562 2707 2770 1278 2167 1974 1218 1227 1640 2367 2837 2011 1099 2340 1250 169 1305 847 2597 1314 670 1994 2212 1327 2365 405 1873 2228 1961 1461 459 68 553 505 2789 2352 2366 2096 698 1652 935 2411 2774 1167 2105 2179 1135 2767 2181 2781 1755 955 649 805 2177 2822 1811 350 740 1549 2168 1424 2339 440 772 2764 214 1568 2237 2610 1111 537 1966 950 2099 932 2527 2693 2681 1050 476 1332 511 637 1302 2449 2389 1763 1896 1843 46
698 1153 405 2091 1008 2164 1612 1843 239 2335 2285 2352 670 654 2228 2168 138 661 1048 1662 363 1500 619 1521 1099 936 1097 2177 1994 2253 2632 740 1273 331 2689 1429 521 241 2597 741 2096 1789 2308 1941 2311 2611 2557 2061 1921 1974 1240 786 1873 2698 449 113 2232 33 1111 2372 1998 391 2781 1976 507 2340 836 2565 2616 1918 2466 788 847 669 2770 2137 2687 1781 822 2837 1314 455 799 1262 1338 1568 2244 467 780 505 1275 625 1038 1095 2338 1156 1011 2822 2429 51
1448 2413 135 2423 1383 743 424 1334 554 2134 1236 1842 1553 949 184 500 1478 1945 2615 315 142 2078 2267 2295 232 2117 555 868 681 1017 427 1269 1430 2207 1390 2622 802 2217 1628 2558 2441 2827 783 18 121 1212 11 2458 2135 2 1699 2568 662 866 300 1231 2415 1086 2757 1944 878 340 310 2211 1495 1362 1296 404 2737 1588 1132 520 601 1492 1165 176 36 2668 1759 843 2596 558 1499 2733 1890 988 21 493 2354 2046 1897 1722 1847 2566 199 1676 1867 1513 992 432
1754 1701 2674 59 383 2669 89 252 2421 2396 377 2389 2828 1041 452 1571 244 1924 1829 2690 447 1024 1506 2501 146 81 1874 1565 1831 2435 1774 758 2527 2628 2741 1182 950 2725 2099 2683 2592 1003 2799 932 1399 2231 1655 1782 1708 2794 2083 2439 1173 1532 2557 1477 13 698 782 330 2578 1521 220 1899 1039 2526 972 2220 1931 2079 1409 346 1907 1038 1378 367 2467 2213 2025 1976 1817 1501 123 402 444 136 1439 1889 1127 1122 356 1949 1022 1598 2199 2210 1376 1757 2599 2740
1012 249 168 1123 1369 524 2652 1437 219 1406 1486 981 259 2076 2148 2009 322 2649 686 179 1840 2639 804 977 1617 489 2035 1328 735 348 2010 627 2291 1307 1148 2135 2580 494 329 2569 2657 925 1473 970 67 1384 2724 1810 2248 712 574 1212 84 1627 674 2509 1151 1055 1700 26 260 1711 497 1223 2358 1878 1586 1489 2361 140 1064 2782 2826 48 1868 622 2676 178 2503 1422 2386 1092 2564 2762 559 2737 2084 2057 762 247 647 1870 1899 2683 1045 1428 480 2438 2544 1204
845 575 2695 2431 1523 309 441 1672 1851 2702 1980 2129 1919 1194 2447 2633 226 2607 1482 1837 982 1387 2700 1660 528 1016 814 2530 996 1181 1988 2368 1587 2131 1691 1528 1768 1561 2395 1990 2454 833 2239 372 276 867 1197 352 777 1341 584 2563 1450 1975 1178 211 25 1382 373 811 2729 875 1626 1229 2785 1996 2437 1914 1973 2383 579 374 93 841 1457 492 522 83 895 1421 1091 1525 2216 1590 1583 2080 2684 803 2523 230 2399 1147 664 863 1480 339 1607 1488 1657 40
2084 1895 900 2753 1870 997 380 612 724 793 2344 2163 769 1599 221 2769 2287 2044 2094 161 2676 2626 2724 1788 445 415 1658 623 2501 2419 2289 1253 2544 1417 109 2826 1151 970 1172 2358 194 2386 489 784 2482 404 1313 1736 74 977 2650 463 559 259 518 906 1663 563 231 2315 2714 2646 480 2454 26 1404 2507 1908 453 1726 2009 1261 2574 2307 1023 201 1145 1933 2840 2055 1218 823 2775 2116 1808 2735 965 1029 675 72 2056 1624 2007 2450 1904 1208 11 843 105 1405
311 492 2459 579 1585 211 2349 2026 2488 2310 25 2395 277 513 1209 512 1528 928 2573 2575 441 2302 875 1368 916 1973 2018 2239 2532 1016 684 767 2702 1975 808 1646 118 1851 861 2685 2296 276 2633 575 1672 1833 2695 845 1450 294 191 2647 1271 811 863 1667 2618 1673 1919 1154 566 779 2437 2559 309 1660 2042 2551 887 1180 1371 515 369 2388 903 2607 7 1523 250 1915 2524 1136 9 1657 851 592 1836 945 920 2721 379 2284 2734 2563 1138 2073 2165 373 151 1980
47 2523 2368 2129 1194 2180 230 522 2080 683 1838 777 93 2447 895 1482 859 1996 1382 1161 1626 1561 1713 1525 2383 2684 940 2114 1785 2190 465 1451 930 1856 429 1818 2695 1914 2605 2785 1091 2019 379 279 2281 1693 751 357 824 1590 1257 1130 2239 2550 1507 95 2106 875 2422 2630 2242 1186 811 920 2733 902 2033 917 2111 2020 1410 2493 2254 1631 1975 2656 2149 63 1019 1178 1179 321 982 2651 1985 2202 2780 1176 1517 1398 462 1391 2381 1304 1323 1177 2036 1043 107 397
1767 2239 1147 294 1387 1525 2752 2073 1077 1451 153 522 1028 1690 2080 871 2159 1950 2150 2824 2573 2524 420 1199 835 1467 2702 2395 1450 2453 276 1608 1833 1471 779 488 811 2684 2667 2383 1178 1646 373 2620 1488 1310 923 382 778 1229 684 953 2618 2609 1371 859 2695 1990 2310 1171 1133 1359 2388 32 187 1057 2234 903 1244 2538 250 767 920 1277 2426 603 1483 756 993 590 372 830 2276 277 843 2161 736 1975 2314 541 284 2123 2494 2254 2258 2326 1620 1645 1186 393
2161 1977 2718 603 276 2453 830 871 1791 488 2491 759 1371 490 1990 1401 2165 2734 1147 2275 1310 1170 1620 372 1077 393 1732 83 2572 1963 1402 2315 221 834 1058 1651 1860 127 2425 1595 517 2395 2140 1625 808 825 2416 256 2405 2685 339 2018 2721 2131 1178 2524 277 243 942 2426 2487 1450 2434 993 1133 2452 1574 203 1797 355 445 1016 1331 2170 826 1120 2593 65 1778 1512 318 943 118 2696 1646 1242 1629 2146 666 373 1367 1289 1483 1158 1277 2702 2482 809 285 2573
2755 2302 2296 2524 242 1863 1355 1646 256 834 2661 1133 641 127 2490 1735 1242 211 2685 1682 2453 488 827 276 1833 773 2138 2672 1401 2395 273 1442 863 1982 2170 1539 1990 2349 908 1574 372 756 2516 83 667 7 2532 2734 2165 2702 1794 1642 871 2018 277 3 2239 808 151 1147 294 1271 1620 798 2284 25 191 410 1165 288 2573 779 603 492 2680 2662 1595 830 1450 2310 2418 767 1371 1077 2633 1975 929 2275 1387 2161 2246 591 1209 513 592 2125 1310 2517 1791 320
662 11 1944 232 2737 1204 2582 865 2544 26 559 1954 1362 1212 1346 1486 84 2724 977 2358 1417 2676 1870 1151 925 247 480 970 2084 259 2386 2135 1064 2076 1428 1225 992 2503 2148 2652 2649 260 2458 1055 105 2423 424 1334 184 743 1953 1740 1412 1406 2188 2046 404 310 1288 2509 941 1810 48 335 1269 2419 135 2413 2130 949 1908 111 2121 2580 415 854 43 1902 981 900 1945 322 67 351 2230 219 627 300 1654 1422 518 338 1045 1473 2769 2344 179 1596 161 1897
255 125 2062 2051 668 430 1481 1018 108 52 2407 464 2301 139 939 2704 113 753 1433 806 1635 1275 534 1465 2244 2429 786 390 782 653 2025 1831 1356 1441 216 192 780 418 1101 2070 1281 268 1715 295 2811 383 59 61 305 1071 1438 471 2486 1994 1124 1021 331 116 655 49 290 2806 1156 447 2061 478 326 159 580 619 2232 1330 525 2142 2465 2505 1127 1921 2690 1756 1761 643 2821 2687 1662 1875 2237 1008 467 207 2352 455 1262 1789 2654 872 456 1039 296 999
2495 589 1137 1900 364 101 2040 898 251 803 374 727 1298 737 2542 1197 341 2759 1928 1542 1427 1149 658 1175 714 1951 1728 1653 2729 1257 1229 215 1798 2399 436 328 1457 2238 614 2579 572 1590 2381 1776 2112 1786 2000 1971 646 1389 2546 2266 2739 880 706 93 2656 789 1166 581 723 2072 2054 2784 66 499 1207 1230 2547 1558 919 1434 25 226 105 2172 664 333 2174 1087 754 1838 2504 683 1161 2409 1727 1194 1091 2320 2493 1743 2125 895 1213 1561 1749 2207 2089 528
2645 991 888 1638 2262 1807 355 1697 285 2189 1221 1119 2420 1083 196 2816 942 1625 222 759 2161 2476 1709 1636 2204 2425 2432 2392 1989 1797 2275 1200 2600 1702 1222 666 1504 1732 276 2623 1380 1085 1178 1331 871 2027 1990 2643 599 2060 2147 603 1678 2104 490 393 445 1920 830 1483 1375 1147 825 1620 1860 318 2417 189 2696 2434 2453 2405 6 1621 381 997 1219 1933 372 1077 613 629 1321 118 488 1277 1684 2750 755 1958 2496 243 1002 2810 1402 1705 2165 2718 1978 582
1177 693 250 1608 2019 1410 2176 55 279 357 728 2242 2550 1507 321 2036 2651 397 767 1542 2106 1459 145 32 187 2234 87 1186 1179 379 1434 1720 1786 1818 1971 818 462 14 1517 2033 2254 902 917 930 2114 1028 1950 1690 2159 2493 590 2754 34 107 1104 378 1138 1821 2329 2637 2489 2240 1832 2281 751 2345 2297 1869 2701 1192 2805 359 2618 2804 2192 1259 1372 469 1014 2347 93 2020 66 371 2276 2621 579 2525 2414 2360 1398 940 2233 1748 1734 926 2536 457 1888 832
2027 2318 2391 2147 94 666 1042 386 809 1807 318 2537 1152 381 1697 708 1625 2593 2405 1958 2189 1537 1352 353 1219 285 2734 2165 355 124 2487 2170 2256 1709 1718 2749 776 1440 98 2417 796 1762 2517 243 2738 931 1512 2721 2696 233 65 813 1375 825 2474 1684 1247 20 166 1989 1200 2118 700 1642 3 2661 1794 2081 2706 83 2434 929 808 320 392 1105 2662 2619 1519 1322 2446 869 1188 2293 603 652 1574 2492 830 1120 795 2156 765 1036 1131 2685 2426 1402 2443 1371
1487 1044 2216 1288 1363 2612 2401 419 1244 2538 2666 650 1641 1657 2317 793 851 1364 2752 993 1144 459 2154 924 2150 468 2060 115 832 2166 2563 1830 111 1483 2554 1578 38 848 1488 595 297 236 1471 585 1057 16 103 1933 1130 1908 1343 2601 1703 1453 1203 2761 2056 2841 644 1336 1587 1768 1331 1767 1916 1255 2161 1382 2313 1323 1665 1922 831 1147 1387 2307 2315 2214 1957 1224 1605 909 2388 2049 2815 1277 1043 1310 596 104 2239 903 689 1028 1371 153 1690 1738 1734 684
1834 394 1390 1533 1906 607 70 2510 110 1557 1909 1879 2818 812 1614 2093 337 2551 901 392 1063 2517 2054 536 592 1651 2333 1105 951 945 681 2085 765 301 748 2533 2394 2116 923 2117 1632 966 121 191 2065 1210 2738 9 1579 2258 1770 1567 1136 873 2647 1625 2593 54 1367 1271 2262 1558 243 151 477 2573 2416 1604 1237 2658 2487 1239 1812 289 776 2711 1546 2097 2462 1681 2585 942 98 1470 2209 2056 1863 2042 1035 1759 7 887 57 2018 2 288 1920 2452 1371 545
2258 1470 812 2469 920 2234 1720 32 187 2123 736 541 1651 1821 1731 2073 2711 174 756 1359 1970 2326 2824 590 1977 1235 2254 778 382 1186 917 2609 902 2033 1063 2768 2667 2276 1645 2585 1854 2605 1608 1179 1210 873 1687 1846 2416 1028 2159 1690 2679 2754 843 1950 1354 2426 2315 689 2805 1778 1372 378 1259 2804 2489 2347 2328 1323 2701 688 779 57 1499 768 2603 2478 2525 2077 2613 564 1246 914 2233 952 1199 1391 359 1669 684 2080 1107 2624 1922 1306 522 126 1845 2462
2069 1295 2662 403 438 1584 509 2104 519 1947 133 1494 273 1493 282 516 2067 460 2545 1345 2577 2418 2170 2457 1682 320 406 2128 2004 2034 1860 450 1454 166 588 874 2122 1515 929 2682 2588 186 1649 1718 1359 538 2209 1201 760 2490 2516 1778 1675 1546 1574 2198 763 2755 593 2081 1794 673 1292 2797 2246 2793 1871 1594 2151 1485 1642 1171 2581 3 2572 112 2585 844 2187 7 1564 2425 1963 1522 2264 1550 127 1791 2661 2356 2002 1982 242 2139 2075 1969 1735 1511 256 1637
1715 192 268 1481 2070 1018 52 108 653 245 418 2142 1356 139 61 290 1248 1730 525 225 464 1780 113 390 2244 534 1039 200 2407 430 806 1465 782 2429 1635 89 1275 2059 2301 786 858 2017 2280 2505 2465 216 383 1831 780 1655 389 1101 295 456 2025 753 1141 649 2306 1441 2715 1076 2806 1472 2690 1156 1746 496 1021 2794 948 1937 840 1438 471 2199 1024 478 491 939 2352 655 1409 552 1503 1598 2821 872 1761 2773 305 467 331 1303 1829 2279 1994 316 1967 2610
2049 463 960 530 2357 1479 2748 1981 1959 102 416 2622 793 1290 1075 451 1301 1331 5 2085 2752 2802 1467 1669 1237 1871 2796 1734 1943 1195 2346 993 2613 1645 2843 1916 825 1869 2388 2621 1748 903 1609 1894 2110 1611 794 446 775 1805 2586 376 1169 749 1483 1778 1510 2583 1459 457 1965 742 1859 2392 1594 937 914 601 1933 2663 768 1747 1846 2757 1372 2489 2347 548 2805 2804 1371 1259 2326 2097 2701 10 1809 1604 2595 1938 86 1653 378 876 422 1354 2768 873 2373 1673
2799 696 1299 1168 2809 1141 2402 523 1164 426 1134 92 2728 1297 1647 1680 2143 1725 452 1972 721 24 1472 1655 1924 2024 1484 1252 711 1829 175 2059 2674 1831 1909 990 413 27 1648 2806 1689 1264 1248 2766 1162 703 1475 1793 1118 2435 1874 314 968 1721 2842 2015 1143 1597 1741 1339 2814 2223 1039 757 394 447 2669 2283 2825 1117 1886 295 1024 89 587 1666 252 552 444 1674 261 1706 2407 224 1156 2822 734 2236 12 607 1729 368 2400 1547 2025 1571 2057 1839 1505 330
2161 759 2425 844 2392 1114 530 2426 2682 1989 1310 1920 401 1371 2572 1171 2815 1916 1254 1963 1943 768 1331 650 825 2666 1574 2346 1077 65 1512 595 282 2476 1871 2655 2171 2313 2478 2077 6 998 2600 1147 2433 1858 2405 509 5 1854 243 355 2457 2453 2696 942 1860 2434 382 468 778 1136 2721 276 420 488 1277 1199 871 1460 1718 2487 1515 1235 2170 688 808 652 22 2310 2532 1705 1354 285 475 2734 2165 1359 277 585 1778 1163 1479 1621 749 133 339 1977 1531 2122
130 2844 1030 17 2063 1550 1193 1034 2229 1670 203 2581 2269 1358 2127 2783 616 2138 82 2490 2484 801 299 857 2588 1887 623 2460 133 2771 1421 2092 1564 1539 2461 1345 1234 551 267 1159 1392 242 969 1947 591 1792 352 1816 1925 1575 2004 656 1930 1982 1863 1580 1632 1201 2385 557 1619 385 2205 2375 2371 2356 837 445 577 908 1735 228 2554 827 2206 2139 2094 1401 2418 573 667 166 1494 158 1379 1877 425 320 256 2776 984 124 342 1318 1594 1347 422 593 630 1682
232 2737 424 1334 1362 743 992 184 662 1269 1944 2423 1212 11 2509 2188 1810 2668 340 404 310 500 520 2046 1004 135 1897 2413 2558 1945 1406 2350 67 627 559 1225 26 1064 865 247 1204 2582 300 925 84 48 2458 2544 1954 949 1722 2471 1486 2121 2135 1346 977 2724 1417 2358 2676 1151 1870 2084 970 259 480 2386 1740 1055 1412 2076 335 1428 2652 2148 260 2649 2503 854 2120 1953 1902 1576 1473 1343 843 1908 689 165 43 1553 2580 1699 1323 1236 219 1383 981 1448
826 1797 2643 2496 1702 1629 2131 2491 1676 2718 1158 2482 2732 1552 517 1524 582 2810 415 2171 1057 2761 1085 1471 2117 811 315 2530 996 906 2043 1525 1916 759 1587 2395 1980 1139 1510 1083 475 1483 1628 1178 1491 2684 522 1975 118 2702 2161 1451 211 1450 276 2454 2792 1290 998 871 1768 833 1833 2080 284 6 636 1387 294 2239 1460 1583 1163 1229 1488 2383 1147 2307 1837 603 382 942 778 1277 2532 830 648 1990 1938 1678 2595 1443 1977 1767 2263 1646 488 359 2058 2453
1572 222 1649 1982 2209 1864 1925 1509 234 2101 923 2519 1828 1960 1345 560 673 593 1574 2620 1621 2545 717 1790 2771 2551 2069 2034 2251 2246 991 1120 1783 1352 1133 1642 1718 3 1659 1066 1794 1550 929 874 1966 2446 2662 1309 1052 1373 2170 282 1210 2092 1420 774 827 1247 2243 908 166 1454 2196 1682 2256 984 538 2002 869 1295 888 127 708 256 403 459 2124 2661 2750 1811 2619 2201 320 195 1573 2755 1624 273 1401 781 1258 1534 2483 2104 2490 1242 2524 1425 2060 1355
2232 1875 999 1008 1021 2352 2794 113 1262 455 1438 471 655 1929 33 2654 1568 331 1692 1730 2611 1022 619 1011 239 1941 2311 806 305 1156 1274 799 2429 2285 2687 1994 356 1612 138 654 668 1048 478 363 1303 2164 2308 534 643 1635 1127 2244 1967 326 467 580 200 2343 661 1761 2407 1018 2821 726 290 525 2693 402 1873 412 2467 1275 390 1314 1378 1317 2690 346 2698 2100 2338 2301 2070 780 786 383 1598 1240 1124 2531 2486 31 2091 2335 2632 1441 2061 1921 1216 2715
682 1266 1231 558 2093 192 225 679 757 569 1883 1248 1553 1699 2438 245 653 754 1296 1999 545 61 268 1265 119 2333 80 139 1356 1952 2669 2142 540 2031 951 988 2638 525 2283 2280 290 2178 1481 88 761 1730 2090 175 1056 2818 70 2070 52 108 1876 418 1018 1674 2249 1476 89 2472 1024 813 1039 1715 1780 1554 1370 2733 213 1829 407 2515 1383 304 2257 1393 389 1145 1035 2540 523 328 2238 1839 464 789 975 2496 536 1427 567 840 75 118 2207 2025 125 1353
408 804 329 1282 2470 49 2569 225 2010 637 1464 647 2657 1185 948 2382 1777 2291 1223 715 2683 2286 140 2708 387 494 1388 1799 1902 995 2599 2742 1582 207 2424 2688 192 2436 2438 686 2639 61 1639 2025 1868 2057 1439 1711 491 1064 2498 43 2188 1076 2503 1775 1910 2200 1617 2580 1563 938 1899 1897 296 146 2714 1663 1592 1787 2035 574 1754 2813 2480 2421 2617 860 1937 1876 137 1658 1328 194 1417 1041 1586 2361 2378 785 255 136 2842 2230 2248 2051 335 1817 1949 2333
409 2476 1322 2293 2474 560 353 69 1066 1643 1219 663 2218 2612 2405 2685 1042 2027 1659 809 844 437 1233 2146 1289 595 2655 1791 196 1454 1131 1519 2483 2081 2815 1922 303 869 539 1595 2425 1036 2264 1402 1637 1546 1450 1222 2147 603 830 2793 2195 831 2587 1957 2214 208 2682 1736 1554 1247 2840 355 2443 2170 2342 2050 2101 1845 2150 233 98 318 776 943 2492 1152 1726 381 243 1498 1068 2678 1920 190 2514 1420 2018 2103 730 2658 538 1466 9 765 392 2463 1136 2647
2768 1846 1235 1354 2123 1499 952 768 1361 688 32 736 2234 187 695 541 1199 2613 1821 1372 2347 1259 2489 1901 2805 2478 2804 2077 601 2701 378 2754 293 2233 687 1028 2525 2254 1690 2159 1765 590 1950 794 917 2033 902 1611 1669 359 457 1734 1186 2360 1608 775 2586 2536 2621 2324 812 1748 1169 1805 578 2772 2258 1869 2433 2493 2326 2276 34 2 102 2016 1959 2748 859 2346 2843 493 1970 1210 920 868 756 2605 2073 564 1359 1470 2469 2711 218 1890 998 1731 1171 2667
2708 49 715 1464 408 2382 1185 948 1282 2470 1076 1777 637 1452 1799 1775 2498 387 491 1639 207 2010 225 1910 1787 2683 2421 2286 1592 2688 1477 677 647 223 61 1473 2424 2539 131 2562 1937 2480 1563 1902 140 2200 2340 1994 2566 305 2100 1409 296 520 2338 2599 1945 649 1582 135 2413 1388 2168 2295 1216 1273 657 2253 1949 995 2223 2438 964 1475 1439 1278 882 494 785 1868 741 562 46 2372 1757 2789 2436 2714 938 1823 1663 2639 2842 1991 2569 2813 1109 1876 220 1974
420 2150 1525 1451 1199 2609 2239 1077 475 1147 871 2788 835 2462 1767 1306 923 1387 294 2843 2080 522 1922 585 1731 2595 1171 1551 2752 2679 1970 953 1690 843 1028 2159 1950 1184 2073 1833 2334 759 2729 2469 1210 2383 2395 1354 1139 952 1229 1361 1645 811 2491 2684 1178 2667 1574 2702 1898 1115 928 1257 975 2624 582 126 1631 1107 2524 55 2176 1277 2399 276 1488 1467 1977 2768 1130 373 1903 1359 825 541 1450 736 2672 530 2434 2546 684 2695 2453 1471 1400 488 2304 2426
2768 1361 2613 1354 2609 1199 420 2843 1901 750 687 2123 1731 1970 768 1171 218 1235 1846 2679 1210 2073 736 2433 1645 541 1551 2469 2016 1559 1028 1950 2304 1690 2159 1115 1397 952 475 2624 126 1871 1306 1451 1107 2667 1922 2787 2673 2021 564 923 1077 2536 585 55 2176 1359 1207 2546 2072 1333 2346 114 688 1821 756 32 835 187 2150 2234 1765 2788 1280 1608 1720 1903 2829 2331 177 859 1138 2258 2462 920 1818 1951 953 14 2313 2326 293 2109 2478 2077 2364 29 2533 548
326 580 1506 2687 1275 643 1692 2690 467 331 2467 1378 346 1022 1441 1875 1127 999 356 402 2343 1438 471 216 655 159 2821 478 296 290 1761 799 525 33 1317 2654 1756 2429 1598 383 305 872 239 2611 139 2794 1011 455 1262 2199 49 2232 806 61 534 207 1008 113 2025 758 2194 619 1941 1395 1873 668 430 2244 1303 1635 2693 316 561 31 654 138 786 1048 1568 780 363 1885 2352 1274 1097 1612 2237 2301 1994 1018 2091 1937 1929 390 1967 1465 2407 1787 2308 1730
1889 180 2725 1532 2396 957 383 637 1775 2707 252 2794 2287 2404 89 2690 2464 1173 1146 59 1688 1218 2767 1506 2557 452 782 2501 1831 1182 2669 1652 849 872 33 1250 758 1976 2301 1808 2210 2407 1122 1820 2025 447 2199 1829 2105 1873 1746 525 200 1862 290 2429 972 245 653 1018 192 838 1051 2244 61 1741 1875 1024 2650 999 1766 1022 1565 402 430 1156 1275 52 326 2099 108 113 534 356 207 1598 2715 2173 922 455 2343 1692 1262 1655 1635 2819 2740 772 139 2610
2117 1628 315 2496 2131 2757 942 826 555 2622 2827 517 2482 2 2792 191 2441 983 1158 2596 1587 2415 1499 2267 811 2732 1583 1552 142 2718 1975 1980 2530 996 2395 1525 1178 2684 211 118 1768 522 2454 1833 1390 415 2702 1483 1057 2491 276 2761 833 1443 1451 284 998 2080 1491 2772 871 1450 2262 1488 2239 906 2532 759 1460 1629 1797 2660 1165 1837 2643 294 1916 2161 2383 1387 2111 6 1430 1229 493 2134 2058 1471 1139 1083 1277 475 1681 775 582 1147 382 2307 648 1805
2655 844 763 2146 420 1289 2104 2524 1199 1527 2377 2682 1871 1367 2572 2453 2567 1767 2379 6 488 401 515 1322 1219 1519 1171 1068 1636 2476 399 1920 1566 1778 1239 2457 273 2395 2425 595 2293 1450 509 1646 284 2815 1359 768 190 419 835 759 871 2128 807 2239 1163 276 820 2150 2018 603 2067 282 1864 1963 153 1860 830 2225 475 2702 73 2685 1436 1791 294 2122 339 1515 2034 243 1851 2612 1114 1354 781 2658 1147 1120 2551 518 2097 2342 2170 2042 2573 1271 409 765
558 1553 1266 1383 1296 1448 135 2413 1390 1478 2217 2078 427 1699 315 1334 424 2827 868 802 2117 121 743 2423 783 554 1236 2134 681 1017 1628 2622 119 2441 80 555 2267 142 1430 2615 2638 176 1231 754 1945 2295 2 757 1265 1557 184 1759 1492 2207 601 2568 540 2757 569 2415 1132 88 407 232 866 695 1431 500 949 878 1476 1269 2031 2596 21 225 193 453 1533 328 2238 192 493 2733 775 1499 1805 1165 988 733 1517 462 2586 1169 983 1588 302 1940 1839 289
2510 1879 1906 536 901 70 2638 2533 1533 394 545 2320 1793 1265 2093 24 60 951 213 1588 1296 607 1277 757 2058 1743 576 1834 1883 1499 80 1266 431 2143 2827 1383 2111 791 1471 983 2818 596 650 1723 778 119 1035 2233 2666 2525 382 1916 286 1434 2117 2596 1785 1882 95 2346 359 1390 1856 517 369 2313 2555 530 1693 1460 2190 2252 132 2043 1773 1854 1688 2772 475 1795 1628 998 1727 2660 824 582 759 754 29 2792 2595 1749 2810 1331 1231 954 1557 2171 2547 2274
57 2601 1340 887 517 2058 2254 40 917 1186 902 2033 1179 2778 688 2605 916 2310 2388 684 903 1371 277 2684 103 2754 920 2131 1769 382 778 1277 808 2419 2234 32 2276 187 2792 2711 279 357 1460 2550 1507 2841 590 203 767 2383 2532 2080 2630 2315 2489 522 1372 2701 2347 2805 2258 378 2804 1977 1259 1391 1028 2573 1690 2159 284 1950 1525 2239 359 2525 2233 1323 998 250 1626 993 369 321 2349 2395 2752 1410 2416 457 2651 1651 848 1608 811 297 2824 1517 462 1467
850 1661 2222 2355 1569 1315 1183 439 973 283 2203 2410 2502 327 1570 2013 510 550 2270 275 1504 281 2623 64 1074 2677 155 472 58 117 2512 2705 629 1226 604 2094 2337 1046 2606 946 100 486 1530 2631 2571 308 1263 1251 690 160 1078 2303 1080 2791 266 2088 2030 2483 712 23 1380 148 1198 1285 1032 978 375 1744 2050 2101 498 2141 2014 1203 2608 2342 298 1556 388 2750 2245 1864 1423 1502 1358 398 1490 1496 1015 1589 1802 2391 691 381 122 2376 2204 1610 2706 1326
2512 965 2094 1948 675 563 1496 2826 100 472 231 155 283 439 1046 978 904 445 1146 1530 2337 624 1078 160 2203 2606 2553 2735 1029 2362 266 370 1878 181 1504 1490 1468 1416 2044 1096 1313 850 1172 1251 2646 1880 319 1253 2355 1183 2677 148 1933 2241 674 1661 2115 1752 178 1315 64 1819 281 409 829 784 2403 2753 712 1167 58 1790 2312 1074 1848 623 2501 1796 1569 48 1993 1949 1380 1054 550 489 2263 1623 2050 161 906 2287 2528 2623 2705 947 1444 2840 1866 2205
446 2140 2097 1778 1963 1301 451 450 2585 1904 1058 548 1359 509 1584 258 2613 2198 2416 1367 1791 719 1894 1566 2682 1860 1604 2457 1651 1413 2123 2110 1201 2357 2045 401 1981 943 2392 1567 1171 1531 460 2067 2282 1237 1515 1401 2116 463 2002 1295 2042 540 530 1645 710 2128 174 1718 768 2757 2018 167 2755 1858 1978 844 763 2469 588 5 303 1871 2373 1063 99 2171 2104 2793 2315 1235 1510 1059 1252 2577 2425 2815 1114 1470 2049 2478 2077 1454 1846 133 7 35 1479 420
2089 1230 1928 2041 1463 215 292 2354 1175 658 572 1952 1798 2323 1427 1728 979 1149 754 1801 2183 2320 790 2756 1266 2178 436 2040 737 589 2615 101 1900 2542 364 1733 1951 1886 2238 328 964 2541 1962 2566 1418 2224 727 1935 395 898 531 739 529 962 1849 856 646 2759 789 1776 2644 797 2000 2277 80 2665 1867 1265 1312 1984 2506 286 2472 1296 722 802 333 407 677 2808 442 2384 2054 1462 723 1653 2172 1633 1298 1448 1478 1890 29 1940 707 2546 2495 341 119 989
585 1139 848 297 1830 702 2458 1676 595 2561 208 2587 1415 1970 1901 1908 2679 103 1323 1872 1845 1471 2471 689 72 2150 1938 1747 2525 1922 1510 2233 2841 359 1163 2478 1460 2077 1499 2122 2056 1903 399 177 2829 1628 1004 2476 2612 174 767 778 2346 382 1443 1641 1753 2777 1125 1720 2772 843 1981 250 1821 1608 582 2328 2596 1767 1384 1854 404 2595 475 1488 1222 2171 2601 1343 517 530 2313 1277 2195 1731 2609 560 1420 2532 2782 1916 909 2043 998 953 2815 335 401 2506
405 2177 2164 2091 2466 1500 138 698 1048 363 654 1662 1456 936 2335 2689 1976 788 822 449 670 2137 2565 241 1918 2632 1097 1844 2597 1865 1612 521 1843 1941 1008 2228 619 2781 1789 1998 1781 2570 2352 2061 1921 786 2411 239 2308 1240 1305 836 1273 2611 507 1049 741 2795 625 2617 1907 2770 1099 2285 2440 1052 1429 2837 27 2822 740 508 2774 2168 1521 2005 1153 236 2712 1338 661 2616 2720 33 1284 1806 2798 391 1069 780 2083 481 1884 2244 455 2687 847 1262 2557 1813
26 559 2386 480 977 2358 2676 2544 2084 1151 970 2724 259 1417 1870 1908 2737 404 1406 48 1064 247 2121 2046 1953 1346 84 900 1204 2582 925 2130 1486 662 11 2307 2230 992 300 415 2076 1428 2580 335 2419 2135 865 1954 74 1810 2509 2769 1362 981 518 2344 338 1726 524 168 260 2471 1212 232 2841 2826 2148 1172 2652 194 1895 2626 2009 2564 1307 1663 489 2714 2361 674 622 161 178 502 2657 1658 310 1328 2649 497 1489 2241 860 735 2503 1225 2188 689 2506 941
1870 2084 900 1895 2826 1658 1172 1663 2714 161 489 335 1313 2561 1872 2458 415 2344 2840 559 1384 518 595 404 769 2544 1953 2476 2386 2676 2626 585 480 1208 1225 2580 2724 2507 997 2782 48 201 2195 981 1420 2358 662 970 1151 2753 623 231 1417 2241 2419 2121 221 26 1933 977 2471 2315 259 2769 1406 2130 992 2046 1412 351 2309 194 943 64 1740 2230 1654 2009 72 1054 1796 437 1495 1233 1002 463 1736 674 2587 530 208 409 1772 1920 793 2161 622 43 497 759
1033 199 179 2649 1369 686 168 2436 2010 735 1840 348 340 1256 1617 2639 977 2652 2076 2148 2782 1123 1437 489 2035 804 524 1328 1700 1486 259 2333 219 322 1012 854 981 1406 249 2009 762 67 2291 329 2580 1223 2361 387 627 2248 647 1384 2569 1473 140 2657 574 1422 2564 1868 2423 2135 1810 2724 2386 2358 482 1055 11 1346 1428 494 1148 480 260 1307 2188 1596 662 1045 1151 712 925 1204 1064 84 674 48 2130 1944 1627 2826 1953 2582 360 232 351 1878 2544 247
1417 1658 637 2657 194 43 1835 8 2480 518 415 559 2386 1316 2580 2344 622 2724 1953 480 1663 2084 2358 900 1151 2714 1420 860 404 1895 2130 2195 1870 2544 977 2676 2742 335 2626 970 1261 259 1489 64 2230 1965 1328 981 1309 1225 1208 48 26 1654 2361 1740 2121 978 662 1064 674 502 2826 1406 1412 2218 2046 351 1388 1172 1250 2606 1313 2419 489 1307 735 178 2315 1736 992 322 2241 1582 2599 1586 1772 409 161 2769 2095 763 231 769 2503 2564 524 2471 1872 1902
1550 1670 1030 2581 2588 2490 2127 133 1564 2844 1947 2092 242 591 2461 17 1345 1201 2771 908 1580 1925 1863 2356 445 827 1193 2139 166 1982 1735 2371 1401 124 320 2418 1379 2206 112 228 422 2094 673 2385 593 2783 1682 2662 984 874 1347 1494 256 2290 667 2004 516 1318 1792 730 2460 406 1526 2151 1421 1594 1005 2730 1724 1619 2678 376 2187 1392 2069 463 1969 2548 1511 1887 857 2209 2516 2075 648 519 130 2763 82 801 798 1133 613 2648 400 2672 1675 1752 800 438
1718 551 2755 708 2138 2170 416 166 1574 2189 2738 1539 1987 929 2198 203 1642 3 1794 1352 282 2545 2662 2045 2246 2284 869 1479 1120 1301 852 243 1454 616 1206 765 451 2661 2097 1604 2487 1632 984 2593 256 908 874 320 2002 463 530 2484 2373 2658 2672 1136 342 2110 1645 2034 273 2069 1133 2104 1550 1783 2018 1401 776 2165 1242 2206 1584 98 2647 1247 2734 127 352 1355 770 1925 83 1579 991 2524 392 673 827 2619 593 222 2392 1105 744 403 1982 1863 2517 1267
1583 2792 211 2349 1975 767 887 40 841 57 2532 191 1181 1660 1980 1340 1988 477 1833 579 2302 916 277 2058 1578 250 2601 1585 2841 2310 2454 2778 2254 1186 2633 917 2033 902 2605 639 2607 2131 2383 2702 1691 1558 1525 2675 684 2692 2630 920 2684 2395 2496 118 1898 2573 1443 1769 1587 1768 2242 833 103 808 2258 811 1667 2239 2530 996 688 284 2080 522 1459 667 1323 1165 2723 1488 1391 998 227 1277 309 2447 2419 2388 845 982 203 848 1178 297 1450 903 918 276
2581 1379 320 1550 166 673 593 1347 874 2730 2490 1724 2127 2187 2662 2206 1670 1345 557 1682 827 112 498 1664 1193 1526 336 2069 2290 1005 2516 1174 730 2763 2151 1511 1969 228 1120 2092 538 516 519 800 2356 591 1446 869 821 242 490 2139 2588 2299 1794 256 1247 1947 929 1142 2245 3 1642 1205 1564 406 1243 133 17 2209 2619 2446 2844 282 299 2661 2385 2648 248 2256 2002 1752 613 1958 1352 2170 438 1380 376 1850 2460 1718 381 2075 2771 1982 222 1574 375 2833
401 1981 99 1872 2122 1163 72 1007 530 998 2357 2532 1359 2392 2478 2077 1717 446 548 2613 2346 2171 2425 1916 2755 2140 2585 2123 2679 1978 475 1970 174 2587 1920 208 763 595 6 1290 1854 382 778 1510 1894 2097 1778 1860 1171 2829 177 1604 2682 450 509 2655 2349 1301 1833 1645 2110 1527 918 451 1871 420 118 211 688 2104 1058 1531 1720 1584 1443 1747 585 2457 1367 1989 1413 2561 2258 477 816 399 1237 768 1731 1385 1361 1628 767 7 2666 2049 650 1331 1199 1239
2702 1525 1980 2131 2530 996 1587 1768 833 226 1387 1851 1975 2239 811 2695 522 1229 211 1178 2080 871 1194 2454 1672 1990 1837 2684 2129 845 276 575 2496 2395 1488 372 441 814 2383 2633 1833 1523 1450 1451 803 1482 284 667 294 2729 1158 2841 1552 2732 2607 1181 777 1988 2431 25 1996 591 2307 1147 2700 1767 93 1491 2447 2263 374 651 826 867 998 1341 477 1057 1583 118 1483 2058 1626 83 1382 767 40 1646 1077 2349 488 895 2368 2125 1016 2453 2150 2573 2792 920
903 2388 875 2310 861 2018 2551 2573 767 2073 1171 2349 684 579 211 592 2239 1833 250 277 1454 118 1960 2702 1371 2667 276 2395 83 808 993 1028 1690 2159 1950 1975 1077 2532 2453 1673 1289 2146 871 1973 530 1898 1387 1919 2620 1791 2284 488 463 7 1450 2488 1277 2752 2755 2590 2302 40 1467 1778 25 1426 2824 916 1632 451 641 1401 2315 2258 1301 918 2524 2045 920 1147 1331 2685 1310 1990 1359 1525 372 191 779 2734 1646 1767 2572 153 2416 1459 2165 492 2672 2314
804 2569 329 2291 2657 647 686 2010 2639 1185 1282 1464 2470 1777 1223 408 2683 2438 2580 715 1868 494 2424 140 1617 2498 1902 2057 995 2714 1663 1388 2688 2035 2599 1582 1899 1711 225 1328 1064 2813 43 2188 2503 574 1123 735 1437 1369 1840 860 179 387 2148 2652 1563 524 2649 2248 2333 2436 2361 137 482 977 278 489 1586 2230 335 194 2742 168 1658 247 1473 502 1417 2076 348 981 219 1486 1012 1406 1627 2009 259 249 2286 622 322 1799 1422 1596 2130 491 1045 1076
2222 439 2677 275 2410 2013 398 2355 1074 550 1569 850 283 1661 2512 1570 2303 2623 1251 23 327 498 1183 155 2169 629 1080 2030 1315 2608 973 2245 2571 1545 281 712 2270 946 510 1113 375 2050 298 2502 2376 1226 1744 1496 270 604 2351 2468 64 1380 474 58 1184 1458 690 1490 2014 1203 1205 1358 2263 1015 370 2705 306 2088 821 1326 244 1802 2726 1857 2791 266 2521 1032 2203 117 2141 1589 148 1882 473 1504 308 2508 100 1939 388 1263 1046 1198 2584 1556 2348 2606
1790 717 1425 411 2201 2750 2612 459 855 1560 419 448 1811 1573 454 2791 1679 1649 189 2614 2519 935 1750 2060 1258 236 2197 8 2124 1634 1498 1884 2735 1659 2218 2697 2128 2450 1052 1322 325 2034 222 1032 1519 96 844 2342 2268 2401 229 2095 409 1933 2167 2293 2417 2707 1061 2466 2645 1436 2545 2081 1098 1167 1671 1444 2030 2476 947 745 122 405 2642 2535 2146 1219 1321 1546 1289 1284 440 774 1624 2492 466 1456 2243 2196 2655 1621 2446 2156 586 167 897 1636 2101 190
42 933 205 2623 1560 2428 2060 189 1032 1659 2483 629 1198 1425 106 96 1084 1436 73 1280 888 2204 935 1219 2645 2376 2602 1374 2342 1933 1625 1263 2303 196 1636 2050 1083 58 262 624 2476 2655 64 445 1073 991 2263 820 2293 690 894 1380 2222 1519 100 1322 1570 1807 883 2512 448 844 2146 2101 2152 1509 1864 1498 1289 1222 821 393 399 283 2262 153 222 1709 781 518 2726 2189 1732 2520 285 1990 613 560 910 411 474 1982 568 1541 603 1979 1678 1797 2553 479
2356 2418 438 1675 406 1947 2209 519 2139 2069 2151 17 2092 656 1930 2039 884 2548 2371 2187 516 1575 709 2269 299 2461 2833 1850 1724 1580 1735 2783 2588 800 1516 133 1779 1564 961 1193 1446 2198 2662 403 2127 1079 242 2122 1877 538 2797 1292 2581 320 2490 756 2659 2206 1201 1493 1682 2516 166 483 1526 687 1347 593 673 1295 874 1494 112 1594 801 1511 730 1550 1670 1969 2820 1551 857 969 1887 1765 879 1522 1863 2524 1574 1366 421 798 1792 2672 2290 1385 2844 1982
2049 530 2357 451 1301 446 975 1017 1883 1894 2622 861 240 1593 2379 813 1645 1554 2829 99 177 566 875 2304 118 1800 1981 2225 1535 548 2097 2257 1784 1973 1778 2613 928 926 1331 2392 1673 1717 1239 1246 2603 1604 2679 1915 2110 807 545 2469 91 1161 311 87 1385 1527 1479 567 1410 1237 2388 258 903 2180 852 2085 1653 2536 1888 254 2219 2488 1779 1367 590 2757 1566 694 1189 513 2282 416 1209 1368 615 460 5 1528 2258 2755 2733 1163 2658 2567 2373 2249 2140 779
2178 2644 536 2320 962 2089 121 979 193 988 2041 545 754 1928 1230 215 964 598 2541 658 2504 364 1149 2183 1427 898 1900 1886 737 2040 328 1175 1798 2238 589 1728 572 436 2054 101 2542 1801 2277 842 646 2323 1433 1951 1677 2759 766 395 1093 529 789 761 727 1849 1418 531 80 733 1296 1533 1733 442 1266 1448 70 1463 790 1383 1841 2615 1265 739 1478 1121 723 2472 2217 1883 856 569 1952 2354 1588 1962 1492 2566 558 2000 1935 707 951 1298 332 2445 2249 2413
2286 207 1282 146 2436 1185 491 140 1910 49 387 2470 1076 1464 408 2720 2445 329 61 225 2639 1223 296 715 574 948 1777 2683 2393 1787 2160 647 1868 2010 1592 1124 637 2421 2424 2598 2361 1452 171 1754 1639 2708 1902 995 1775 2599 1937 785 1582 2562 1041 1388 1817 136 2382 2025 2053 2688 313 2629 2569 2438 1336 238 1949 1140 2498 1037 2200 644 2442 971 494 804 938 2057 2083 1563 2617 2539 1477 139 1757 290 1899 2704 1441 525 331 2343 216 1873 655 1438 2714 1127
122 459 229 2750 2030 2791 115 1098 1284 1285 1502 2167 1044 419 236 2124 1610 1884 1258 2831 980 448 405 1364 1015 2201 1095 2197 1634 1238 897 1790 1591 2466 829 2060 1456 1432 298 2268 644 2807 396 2614 1326 1679 1933 267 2118 1865 468 388 2179 922 2631 1032 1217 375 2334 2554 850 2612 189 350 2366 1321 973 1332 96 1184 1423 2645 1744 602 1661 1425 1560 549 2735 2193 2401 411 454 795 935 1864 2696 1811 400 1345 1750 23 1573 1049 690 38 285 2834 1556 275
698 2439 1521 2228 2466 2177 220 932 839 950 2083 2837 2389 1612 81 2011 1976 1544 405 2352 1008 2091 1038 2164 2781 521 2597 2770 1202 2527 670 2335 1097 2556 1500 123 1444 138 654 241 1048 1662 2628 740 363 2617 836 1099 1167 239 2168 2411 1843 936 1782 1496 947 1907 2836 1708 788 2372 2689 1998 847 1153 822 2557 449 85 2137 1873 1314 986 1501 661 173 2611 511 2285 51 1111 606 2632 2565 1272 2133 1918 33 1817 619 1319 2253 2687 331 2367 1912 223 2774 1994
480 2386 2307 2769 1488 843 1908 415 1346 404 2471 518 559 1139 26 84 1953 300 1587 2454 2419 1768 2506 1833 906 1130 2150 2538 2544 1451 811 1726 1178 2561 1323 103 2056 297 977 689 848 2076 784 2007 2358 2084 2676 970 1151 2684 1428 2724 1758 1417 259 1665 2737 1387 1870 2130 1845 2761 2080 1848 74 522 941 1602 1767 1975 2046 2841 1830 2458 1288 1229 1525 310 1872 1406 900 2668 1616 294 360 2383 1487 1453 585 340 1057 284 437 1233 2239 2350 1147 2121 1576 1204
63 1019 2733 1176 230 2114 2180 2202 2242 2422 2780 2281 2190 751 824 940 1785 1856 1693 2630 2523 2368 2787 93 1818 2019 2550 1507 2605 2111 95 279 1561 357 930 2381 895 1194 2036 1177 1590 2106 1410 1087 926 462 1517 379 1657 2129 522 265 581 107 1186 1838 1971 2080 1786 683 2414 902 2033 917 2254 2112 920 885 2020 2247 14 1304 1179 2656 1434 2149 149 2441 617 2536 2072 1391 1323 321 1207 2651 2380 1257 818 1593 567 2211 66 341 1769 2547 1104 1086 465 1443
459 2614 214 1866 2735 122 2201 2750 947 1444 1649 1425 229 2612 586 1560 1790 1884 195 1679 8 2167 2366 2466 236 1811 1261 882 965 2707 1573 1364 1738 1258 1167 2124 440 744 1623 411 1634 448 638 860 1424 1052 405 1305 935 2348 2218 2553 2179 1640 2631 2096 717 1066 537 2339 1082 298 2005 1108 1456 624 1966 2528 2130 2268 1284 454 1226 51 1308 1736 1222 2372 2065 189 2011 2197 69 2538 1643 1381 2060 1363 691 350 2030 2815 1278 2791 2401 1321 2251 2474 1006 1624
1970 2679 2525 359 2233 2768 1499 1903 2595 1306 2843 1608 917 2254 902 2033 1186 1734 1361 1938 1760 1451 590 2360 1372 1712 2347 457 2489 1723 2804 2805 1259 1028 2701 778 2609 378 382 2234 2159 1690 187 1950 2346 32 2754 1731 1669 585 2469 1115 1235 2276 1551 2043 1846 1107 2624 126 2546 2176 55 475 1460 1869 1888 1510 2621 1821 114 1854 1748 541 736 2605 578 1901 1434 1103 2788 2478 2077 2748 582 1959 687 920 1818 2171 952 102 2326 1354 956 2630 2058 1611 794 816
834 1466 320 1620 2658 1136 243 2685 2170 1719 1705 2517 1007 2157 2018 2593 151 1271 288 2721 749 2647 9 916 709 1367 2734 2600 1370 1762 1442 2165 632 2392 1920 1989 2097 873 773 1718 765 54 318 2661 1152 2516 1854 2487 942 2682 2755 1105 1567 7 2573 809 1642 1239 1352 1604 2246 2395 2551 2462 2672 3 2696 1479 2284 516 2147 1625 929 776 392 1355 1036 742 1673 301 98 1770 512 1863 2416 2405 2524 931 2045 2027 294 2156 984 2189 2452 2545 277 792 1646 353
2140 1058 167 1977 2097 99 221 451 1301 1860 2128 1546 943 1651 490 1778 2095 2545 1061 1963 1510 530 2034 2081 1621 1290 2392 1791 127 466 2491 2110 1718 2535 2492 1671 1367 2507 258 1600 1524 2171 1566 2243 2425 2196 719 774 2045 8 1604 2282 1401 2697 1584 1796 463 2416 2446 2357 1518 325 1479 2613 2315 2450 1676 745 2755 2713 1978 1797 2156 454 2452 1085 2642 1790 708 1163 2417 416 509 759 1637 1119 2793 2309 1904 1645 2023 1858 2757 1981 809 2448 1120 1201 2457 1171
1796 1934 433 1407 463 1253 2703 769 2753 2205 2289 1002 319 2507 1600 997 1059 1201 1963 908 1375 161 1904 201 221 345 984 2482 2692 422 2713 2626 1401 1208 2116 472 1497 1347 719 659 2796 2732 793 1629 2344 2840 1550 1552 163 1933 1613 1580 632 2084 1895 1295 2676 869 1870 2646 400 663 2287 1624 1313 1054 621 160 1078 900 2574 2815 1081 965 1351 416 1663 1790 1493 1658 470 1518 1623 445 489 2045 1195 2735 1172 1157 2299 2282 2826 1846 231 2714 1871 1977 197 2094
1332 2608 1095 882 2681 2498 1640 1238 236 396 602 1817 1910 1477 2389 1757 229 51 298 1949 2421 2534 2193 122 1255 2365 2348 306 2750 2466 387 1364 1038 1111 971 932 955 123 405 1994 2167 785 1217 2791 2442 2688 2030 398 2562 922 836 2231 46 214 2212 1327 644 2237 220 715 2366 2253 772 2372 2707 1278 414 81 2705 594 847 2052 207 152 459 2168 1314 1050 2179 1444 995 2083 2470 2725 1041 740 2834 2764 267 586 2011 2556 1461 1227 947 2340 2124 2592 505 562
662 2458 2782 1384 2423 981 259 1406 1613 168 524 2009 977 489 1328 48 2544 11 1307 518 26 2358 1151 2580 735 559 970 2724 2121 1486 2676 2657 2084 43 1417 1944 219 1870 674 480 178 2826 161 335 497 2241 622 194 2564 2230 232 1658 2361 2386 1953 1663 1172 2076 860 338 2046 1489 2714 2130 502 2688 1908 322 1872 437 1233 1320 360 2195 2309 74 500 2148 2307 2652 1772 2561 1420 1495 231 660 380 760 2506 743 2419 1848 2353 1726 1123 2471 663 2050 2218 1437
1194 1996 93 2129 777 1257 1130 1590 1091 1914 1451 2381 2785 2368 2523 1482 230 1161 895 522 859 2080 683 47 1838 1525 2695 2729 1749 1043 1631 2699 1538 2493 1713 226 2036 2114 1387 1138 374 1561 2125 803 1818 2447 1229 885 2399 751 1382 2281 1542 1786 1760 1712 1971 704 1191 1457 2409 1304 1103 2112 2176 55 104 2788 14 1551 2266 617 581 1626 1333 907 919 2787 341 2072 2739 880 142 2684 1207 1559 2267 706 2047 1665 1785 1115 2624 1693 126 949 1107 824 2190 2607
276 2702 2395 1732 1450 2239 1178 1387 1990 1980 372 2453 488 1147 811 1016 1646 1851 1672 1057 2530 996 871 1678 441 211 2275 2684 2131 2524 1620 393 603 830 1768 2695 833 118 1587 1242 1525 1767 575 1073 1523 845 294 1491 1975 2383 522 2263 284 1488 2080 2573 759 2496 808 277 1837 2700 1133 2310 684 339 2538 83 1483 373 1833 2161 1979 2377 863 993 1371 2454 2685 1277 1229 834 2284 2146 2388 1289 903 916 2018 2734 94 1077 667 2165 1310 2718 311 814 1973 226
2622 530 1331 2596 2357 2757 2660 2346 2110 1495 1916 1499 1510 1017 2392 1290 1981 2049 2772 2117 1628 2478 2077 1588 2085 2802 2171 1681 1759 942 2595 775 1805 2586 475 453 2262 1169 998 650 2666 382 983 945 778 1518 2161 517 2458 2532 493 315 1938 451 99 1301 1854 1460 2043 2810 759 1894 2233 359 2525 2752 191 2313 1165 118 601 816 1978 1734 1645 1119 2 548 1847 2777 1629 1125 1753 1970 1778 2613 1171 2388 993 585 903 960 1277 1139 401 2058 825 1717 1471 2491
1648 536 2090 569 2640 790 697 1533 2539 2808 394 1500 565 1865 506 1813 423 1941 611 788 396 30 449 1781 822 1806 1445 1319 1286 2795 974 481 2597 2627 815 2576 2616 2185 670 1338 2137 1190 1993 507 2411 1408 1764 2191 205 2037 2440 987 1456 2689 274 1926 1942 864 526 836 1998 271 324 1844 2177 317 2570 1097 2164 2720 1923 1069 2822 1843 508 741 1544 2455 1102 1220 2091 2005 147 138 391 85 1240 2774 1052 1048 264 1305 1686 27 1907 2781 1273 2632 344 241
142 2267 1430 783 2441 429 949 1017 868 1130 1940 555 1236 1699 1451 1257 424 427 1334 1553 2047 2788 2078 2111 743 2733 432 1517 2211 462 1499 1628 2827 866 493 315 775 1805 1847 2586 1513 1169 293 1631 1890 1542 2622 859 2 2380 554 1760 878 1723 2117 1712 93 2134 230 1590 1043 2523 522 1103 302 1551 2080 1525 2368 1138 843 2114 2036 14 101 2381 885 751 1818 1900 364 104 727 2281 47 2546 1115 695 907 1107 1559 582 2624 475 589 1970 681 2787 126 1786
1012 249 627 322 168 1369 1123 1437 2148 524 2652 2076 981 1700 219 497 1486 1586 2009 259 67 1406 2649 179 1840 686 977 804 1617 2035 2639 489 1328 2010 735 348 2291 1148 18 1307 1944 1384 329 1810 925 970 494 2423 2657 1489 2724 84 26 674 1151 1473 2580 2135 1878 2358 260 1627 712 1711 1422 2361 2564 2248 860 2569 1428 2826 2762 48 622 1417 1092 2084 178 762 1870 2782 2544 2676 574 11 1954 1045 2333 1654 2503 1596 1064 2386 2509 480 559 2688 1346 2470
1973 1667 277 1836 2395 1016 2437 2573 441 1180 2284 630 2018 916 2310 1745 875 2647 311 2563 1919 2488 1579 1260 2575 1585 342 2487 765 993 808 1985 2459 83 1528 2157 1128 492 373 40 2685 2336 2702 276 684 1980 1672 861 2734 339 579 2165 2239 512 2695 1371 845 2559 1851 575 1673 2672 25 652 1211 369 1136 2517 1915 1267 1450 2388 2593 1523 903 776 2721 2778 814 2161 2462 98 928 309 243 2453 488 392 841 1625 1310 2620 1209 513 94 851 118 1331 615 2444
668 1008 1612 654 1048 138 363 2611 2164 455 1262 2352 1941 2335 619 2061 2632 1921 1781 2308 786 113 1730 1662 2232 1314 1929 1156 1875 2794 999 521 239 2407 2687 33 936 331 2429 1568 2301 2689 1018 1692 2091 2654 159 1912 326 1275 1022 580 2244 2712 290 525 1011 740 2343 2062 1873 1097 467 643 1240 1111 799 1021 1843 2051 653 1500 2311 255 780 1789 1635 2693 625 1756 1994 534 478 2821 872 661 2715 1967 2440 305 2237 200 1706 356 1317 806 698 2285 2199 2698
2606 978 178 623 674 1878 712 1151 2358 1307 2826 48 911 1046 1848 1148 1183 1468 1654 2564 904 260 550 1172 1866 219 2312 2724 1045 622 1208 2344 2480 1358 348 1313 231 1627 735 1328 2361 1661 925 1422 2130 2230 194 977 2241 563 981 784 2742 489 524 894 2200 64 518 1123 2657 860 1489 502 335 1406 2009 662 338 762 283 2512 2410 259 1417 2386 2544 2580 2121 161 168 2676 637 1458 1953 1658 100 2084 1663 2714 970 415 480 26 1870 906 559 404 2046 497
704 2125 756 859 522 2080 777 857 1451 1551 1887 811 1996 1194 294 2523 2129 1758 1138 2368 1257 47 230 1234 1091 1914 1130 2785 1387 564 1178 1631 656 1713 1147 373 2684 1525 2073 2239 1665 1877 2672 1767 1382 2276 1199 2016 920 2266 1707 2383 835 1626 1800 2123 1028 1975 1482 1690 2788 2447 2159 792 1950 1043 1833 429 32 2524 93 2493 2234 2326 2525 187 2233 2667 2695 457 2254 2555 895 843 728 902 2033 2418 917 2633 1186 1818 1229 2609 2258 930 359 798 1391 832
341 2381 2495 1743 1176 1838 683 1298 1434 230 374 1087 1971 1257 1786 1727 1213 251 1590 2112 499 2414 581 1749 1561 2547 1693 93 880 2739 1161 706 1086 737 2493 617 1457 2072 1194 63 1207 1229 2422 1019 895 379 149 2125 919 2523 1228 2036 1137 2129 614 1685 1714 2190 2180 1713 1785 2247 1116 2699 2022 777 926 1856 47 2066 1996 1538 2604 1914 1795 1773 1398 2785 2202 2729 182 954 1091 2368 940 1353 107 132 930 824 2641 2242 465 95 2321 77 1631 1166 1304 1482
1907 741 147 1338 1998 2177 2597 1764 1097 670 2616 1329 241 2335 2570 1240 2411 223 391 508 1273 2440 1500 2228 955 2308 2822 1789 1942 740 317 449 1843 1652 1429 1099 405 2091 2770 1941 665 892 1069 27 2837 2005 264 2164 654 974 1781 1048 1976 1662 936 836 481 2061 138 363 2137 822 2576 1921 619 2689 2774 2565 786 1052 1918 2455 788 85 957 698 2617 1972 521 721 1456 2083 30 2185 2632 1544 507 2720 815 625 1337 2338 1049 2781 1612 1187 565 1330 2037 1008
1533 1478 1383 24 2533 1390 1448 2320 286 1296 2756 176 1557 2413 135 853 2021 1945 2673 1266 2430 634 2638 293 812 80 2615 979 1210 572 1798 681 545 1017 119 601 754 66 1890 1628 1265 29 240 1879 1132 901 2323 2064 427 1906 289 2117 218 394 878 988 2078 121 436 2622 1765 2224 540 315 1699 1175 1940 2 21 607 1951 802 868 658 2172 733 555 1430 1035 1231 2384 1492 2542 739 695 193 2217 500 967 2207 1588 1728 1093 743 2827 2408 2568 1149 2113 1236
1929 2212 1327 2610 1314 2693 2306 1278 1967 2352 2764 1109 649 200 162 963 505 699 2017 1543 1598 1875 999 1852 1994 2372 2340 1635 1873 1240 2794 31 1317 1227 305 2335 1011 1917 2237 2100 1274 1823 740 1117 1135 805 1010 1568 1991 2654 2789 33 1756 1692 771 1111 46 799 553 1974 1650 1021 1262 2531 316 2232 455 1612 872 772 1216 847 2681 1755 890 1156 2338 1050 1022 1746 2168 1730 1885 1008 552 1761 2611 668 476 68 1435 2311 2343 1099 1409 2698 2819 2500 471 1438
2790 2201 1624 1321 1862 2750 1286 1360 829 1709 1052 1926 935 2645 20 815 1102 1222 2246 409 991 888 2104 2189 163 2241 697 2055 1826 1167 141 1933 2735 1565 386 2432 1807 1806 1444 2537 624 638 1445 1636 2362 1844 222 685 947 565 1790 1038 2060 1638 2455 189 2403 1407 2528 1644 1736 997 2576 2115 1752 1098 334 755 1054 1630 2631 1541 987 2450 1122 1828 965 2065 2300 1456 1272 2507 1355 2627 2553 1381 2642 1623 2391 984 1649 2817 2840 2096 1865 1436 1584 1656 2124 285
1077 871 2146 1289 25 1171 2073 118 779 2388 1960 903 1525 2239 2573 1387 684 2667 2310 2702 1767 1371 2018 861 1028 2258 2159 1690 1147 1950 993 1242 2618 875 2609 2752 277 1310 276 2559 2395 615 920 2453 488 2563 808 1451 2551 153 2841 767 83 1277 40 1551 579 1450 1361 1359 2161 2620 2824 975 2488 592 1990 1919 953 2462 477 2123 522 2603 2349 1426 756 998 1922 294 1818 2605 420 2080 916 530 2314 811 492 1186 1178 2379 1467 2254 57 917 2033 902 1583 2176
299 969 573 2844 2269 2484 2461 1550 17 2063 1206 577 551 2229 1201 1987 2455 1030 908 130 1447 1034 2205 2206 307 894 1675 1379 570 203 2127 984 320 2356 1122 2003 422 2581 166 616 112 2730 1724 2648 2490 2833 673 593 2138 1682 2290 2588 1615 2731 2662 2187 1670 519 133 1005 1347 874 2209 2092 1564 730 264 2069 336 1526 438 2516 242 516 1243 837 1511 1969 2763 248 406 2548 1947 2075 957 2151 1850 800 2139 591 2709 1803 1925 158 38 1995 2771 1516 1580 1982
2176 55 1028 1690 2159 1950 397 728 2559 1138 1818 1043 14 2618 1177 930 832 1608 2667 1888 751 2281 2114 2019 2609 2234 32 187 1304 93 2276 1559 1410 2106 87 926 321 2651 2843 145 279 357 2073 590 2036 2329 378 2805 2112 2192 2550 2254 1372 1507 2804 1259 2701 2489 2347 2525 1333 359 1186 2033 917 2493 902 2233 1734 2536 684 2754 581 1179 107 1551 2637 1832 1760 2240 2297 2345 1712 34 371 1192 1104 2304 1361 2166 579 2752 469 1869 1014 956 104 2604 2621 1985
2374 2068 1602 1341 1995 2513 1447 867 651 79 1067 1665 2484 1181 1988 2138 2758 352 2838 2076 716 1812 616 237 44 1462 1449 38 1539 1403 1716 1428 856 203 150 206 16 1346 480 84 762 2007 2307 2386 1214 2576 549 2769 2740 1458 2776 2063 2675 891 2554 2153 1632 2186 2844 90 2229 2008 837 1607 2003 2761 2538 2412 623 17 415 1034 1768 1587 761 1487 2200 1488 894 2109 784 764 706 342 2456 1577 2454 518 906 188 1983 1234 212 2515 1861 570 814 583 2048 2332
1988 1181 1447 651 203 1602 1587 1488 2454 1768 2675 867 2496 1178 2702 2395 211 811 522 2239 833 1450 1341 2263 2383 1525 276 2684 1980 2131 1491 1975 2530 996 284 2080 2068 2138 1387 1833 2484 1995 294 1632 1990 1837 616 1147 2109 1812 237 1767 372 1620 667 1229 1158 1451 871 2538 2307 1483 2453 1646 664 488 918 1851 2732 1552 118 764 2275 393 1732 1057 1487 352 603 830 2792 44 1133 2008 1672 2524 1539 998 2058 212 1626 1583 1016 1979 2007 1382 2841 814 2374 591
974 2455 264 570 573 846 1122 1338 217 1009 957 1329 1622 959 2635 2709 1540 317 1618 185 1 1330 1337 2710 1060 2481 1652 2576 2627 815 2839 2186 600 147 2305 2339 537 1067 2255 2412 741 2570 892 1070 969 299 1447 2823 1987 2616 894 2484 2003 1615 1449 1764 1206 2781 2427 1411 1861 1549 976 1069 115 2844 665 837 642 223 577 2200 307 744 481 2155 1349 2513 158 912 214 2740 2486 527 1305 2838 2374 1907 1775 2675 1964 2811 1365 38 2005 1826 2694 2330 987 2411
130 2844 1030 17 2063 1550 1193 1034 2229 1670 203 2581 2269 1358 2127 2783 616 2138 82 2490 2484 801 299 2588 623 857 1887 2460 2771 133 1564 2092 2461 1539 1421 1345 1234 267 551 1392 1159 242 969 1947 352 1792 591 1816 1575 1925 2004 656 1930 1982 1863 1580 1632 1201 2385 557 2205 2375 1619 385 445 837 2371 2356 577 1735 908 2554 228 827 2139 2206 2094 1401 573 2418 667 166 1494 158 425 1379 2776 320 1877 256 1318 124 984 342 1594 422 1347 2662 593 673
1996 1194 93 2129 777 1257 1130 1590 1091 2381 1451 1914 2785 2368 2523 1161 1482 522 895 230 859 1749 2729 2080 683 1838 47 1631 1525 1043 2695 2699 1538 2493 1713 226 2036 2114 1387 1138 374 1561 803 2125 1818 2447 1229 2399 885 751 1542 1382 2409 2281 1971 704 1191 1760 1712 1457 1786 1103 617 2176 2112 1304 55 1551 919 581 1333 2266 2788 14 104 1626 341 2787 907 2684 2739 2072 1785 706 1207 2267 142 1665 880 1115 2624 1559 251 1693 1107 126 2607 824 2047 2190
2672 756 1863 916 2125 277 798 191 256 2284 667 2573 2524 2685 2138 1551 2395 2018 1609 1133 1735 2418 242 2170 477 1667 1460 2755 1242 2667 2276 1574 2490 294 2734 1371 2165 641 133 203 2462 778 382 1925 779 2239 993 2310 376 1077 1594 1718 1401 2258 2371 522 1310 920 811 1982 2161 887 2778 808 1854 825 1758 320 2058 1147 2080 2684 1136 1525 1391 684 2198 1340 2073 410 2302 2254 2590 83 2349 917 2661 1178 2033 998 902 1426 1579 914 1186 2752 2453 65 1512 2296
2036 93 751 2281 1818 2114 1542 1971 1786 2242 1590 379 14 579 2019 2559 1693 2112 1138 767 581 2176 55 1177 2381 885 926 824 321 940 693 2651 2729 2603 2550 374 1507 2641 279 2180 2733 2368 2106 357 895 2190 63 1304 1019 1559 1785 1561 1760 2422 2202 2618 1410 920 1712 1176 2020 1856 1179 617 917 2254 902 2033 230 1186 1517 1898 462 2409 1043 1257 95 818 2605 2111 1194 2523 930 1106 2780 2129 1115 104 2630 2739 2536 1459 2072 1451 706 880 1207 1103 1430 142
612 1145 2163 1599 380 997 453 1808 2775 2747 72 1415 724 1404 823 1261 1736 194 1023 1710 2055 2507 732 1676 141 620 2591 2476 109 1688 1384 2458 585 1139 164 335 2274 1085 2782 1160 2098 2009 1388 221 2561 595 1878 1872 1004 208 2587 1881 2589 1218 2241 2309 1495 1504 2816 1658 1891 599 2287 793 1222 2501 1870 2044 1002 1487 965 161 2084 2769 2840 1405 2074 2553 1788 1119 2150 1102 304 2007 2826 180 231 474 2617 848 2841 1088 1663 710 2724 2134 1288 103 1323 1130
2025 192 1143 2806 225 1141 139 61 1730 653 92 245 290 525 1706 2280 1248 268 1829 1647 1356 2598 1831 2236 108 496 2142 1655 408 52 1472 1475 1117 2407 1018 27 89 464 2061 295 968 1921 1481 1118 1156 418 668 927 682 2813 452 552 2051 255 200 2062 523 2059 2814 125 2343 2610 939 1715 2470 49 938 2766 806 1039 1010 1929 2286 2248 643 1441 296 1505 2611 2669 1164 2654 2499 2690 1021 2283 1639 383 1941 780 786 1024 1822 1692 2199 534 138 2352 2687 2819
1658 2826 2714 1663 1172 1870 161 489 2084 194 2009 2241 2676 622 2544 497 2724 674 48 2657 2564 981 970 338 231 1313 2386 1406 2121 662 1895 2230 900 335 2580 2361 860 1417 2358 735 502 480 178 2130 1151 1437 1307 977 524 2046 1953 259 26 168 1328 559 1489 1384 380 1208 2344 2782 11 1204 2582 1346 1486 1412 351 219 1654 1878 1740 247 1225 1388 1261 1092 1613 2309 1064 43 74 2509 322 1944 1810 2769 769 2626 2076 992 260 1212 2506 84 2762 437 1055 1428
2600 399 2262 1989 1036 1705 1920 1385 781 2392 1854 942 318 1331 1527 1460 2655 731 2147 1779 759 6 535 2161 2573 530 1471 355 2425 2377 595 2394 943 778 401 382 2145 1085 1277 1981 1681 1747 2420 285 1992 2476 2532 2405 1519 2685 118 208 773 2587 816 1978 2346 1163 1916 2357 99 2458 2171 1290 825 1426 253 2058 2696 1510 174 1621 78 2043 359 2233 487 1625 889 2462 585 2682 2395 2525 2122 2067 998 2095 243 1767 1136 1152 2103 809 2274 196 2721 69 2027 2543
2711 2601 2 2561 2471 1063 2583 1986 945 812 2388 903 1371 768 2258 916 778 2234 382 32 187 2772 2587 208 1821 1854 601 736 541 873 103 1772 2394 2426 2419 1340 2315 702 1470 2824 595 843 1830 887 2110 1673 1922 1579 1651 2116 1908 500 2042 920 2757 2778 2310 1359 2754 2532 303 2721 1136 848 227 297 1989 1669 2682 509 1269 590 404 2841 2458 1731 1720 2073 688 2123 559 1157 684 914 2326 401 1531 40 1687 2349 2254 1235 1499 2551 48 184 1171 1354 756 2605
1994 2372 1873 1327 2212 1314 2237 2352 2693 2340 2168 847 562 1227 1409 252 1278 305 1761 51 2794 505 1317 1823 2011 2466 1022 46 220 2557 1050 1568 758 1885 1109 963 699 81 162 1543 2389 1774 2690 698 772 2654 2429 1635 740 383 1852 2335 1967 2396 1917 2610 2365 476 2707 405 999 1875 2253 1692 782 402 1991 955 805 1332 1111 1011 932 33 1612 2764 1598 2681 2765 1097 799 1756 1746 872 31 2173 356 2228 2261 2789 1907 1156 2232 1216 1755 346 661 1929 2467 1378
2395 276 2702 1980 1450 2239 1016 441 488 2453 1990 1672 372 1147 83 2530 996 277 211 871 1387 1851 2573 1178 2524 811 1646 993 2131 2284 339 2275 2684 1620 603 1732 393 830 2695 808 2310 575 845 1491 759 1525 373 1523 1768 1975 833 1587 294 2018 2685 118 1767 1133 2161 684 2383 1371 522 284 2263 916 2080 1488 2437 1833 6 1837 2700 2496 863 2734 1973 2454 2165 1919 2517 1836 1483 311 2538 1310 2388 1979 2647 903 1077 1579 2487 814 765 1277 1625 492 834 2146
372 1990 276 1732 83 488 2702 2275 2453 1147 1672 393 1387 1620 871 830 603 2700 1980 2530 996 339 2395 1178 1016 1837 1646 863 1851 759 373 441 2131 2239 591 2524 1133 1587 833 1768 834 1450 1371 2161 445 1483 1073 2437 2734 1229 2165 2695 1678 575 1158 1077 2718 845 2732 1523 1310 1552 1120 1402 1979 2572 294 2136 651 2538 584 811 1767 2307 2518 1421 211 492 1242 25 1128 2460 808 2138 993 1491 44 1625 1539 667 2685 1480 2263 2284 1833 2487 2633 2684 2517 1595
2674 2083 59 2439 377 1754 2389 252 452 950 2527 698 1924 383 1907 1099 2628 1521 1831 643 2396 467 2099 1655 1544 1976 1708 1843 89 81 1998 2715 2421 200 2687 2690 239 27 2244 2794 1097 2592 2828 1921 2061 780 2501 1506 2698 758 1024 1275 2611 1826 618 1964 786 932 2017 220 331 1782 2164 2091 2770 2557 138 330 619 2173 344 2213 1039 1505 244 1048 927 363 654 1692 1941 2407 1041 1746 1008 1164 2578 1715 1335 1650 1875 2308 2181 1565 670 2837 2199 1662 1774 1399
1438 471 1303 1775 412 2070 655 1021 2155 2100 331 2338 2232 2393 661 726 806 1274 999 1780 1875 1216 2311 2707 305 1008 31 1140 390 1127 1994 1011 2053 2765 561 1124 534 1929 478 1409 1635 2794 1967 2505 2465 2352 113 356 1039 2486 200 1262 455 619 33 1549 858 2562 383 430 1050 1730 268 1941 1283 2650 2687 131 1240 1568 1330 2698 643 467 1395 402 2168 180 2285 649 418 239 2693 1156 1378 1862 2531 2467 1692 346 1275 1101 2244 2654 1598 1885 1117 2340 476 389
1588 988 2772 2733 2827 1492 1683 1431 1499 680 193 2111 596 2 2190 1434 1856 2547 1753 1785 2777 1125 2117 983 95 2596 1938 369 2478 601 2077 1773 868 2313 2525 1795 1743 2233 954 359 866 824 1035 1460 182 1693 878 2217 576 2211 1723 1228 1517 462 1593 1628 60 1847 1510 1093 429 1970 2252 198 555 1760 293 2568 695 1443 1712 132 1132 582 2679 1699 1382 926 302 75 2472 1749 315 304 1103 2555 1268 2078 1727 1104 2106 2180 230 2441 2668 227 118 107 1685 1430
2070 1438 471 655 1021 806 418 1780 1039 390 1635 113 331 1018 305 534 1274 1875 478 999 726 2232 1303 1127 1730 383 2794 1994 430 412 389 2352 2100 455 1262 1008 356 2244 1481 89 1275 619 1967 2486 268 1929 108 52 1124 2690 1941 402 661 1761 2687 2311 33 2821 1568 643 2654 2429 2338 1378 467 346 2467 1441 1024 2308 2393 1011 1409 295 2155 561 2053 2285 200 1692 780 216 1022 1715 1216 239 2531 1317 31 296 799 1598 2465 2505 290 1465 758 2698 192 1330
1672 1523 2695 441 845 575 2702 1851 1980 2700 1016 2530 996 851 1990 584 276 1387 814 2633 867 226 372 2395 1194 833 2129 2431 1768 1587 2131 1482 309 2239 1341 2607 2154 1528 1450 373 2437 777 83 1919 1073 2494 1178 342 1837 25 1421 1147 2447 863 2444 1480 339 211 492 2620 667 2453 811 871 488 1626 2275 352 1767 385 1960 664 1975 1914 2785 1996 1607 1382 2263 2332 1646 1732 1244 393 2573 1973 528 2368 1691 1158 1091 1229 2454 1539 2563 1620 1525 2488 603 2383
1940 1825 878 2409 676 1890 2172 257 907 2787 2788 142 1699 2267 2364 1707 293 783 614 1236 1542 1430 2211 2733 1103 2542 1971 1786 2112 581 1257 2064 2207 2111 1207 2381 1137 1306 2036 2072 39 2321 493 2739 1093 617 792 853 706 926 880 462 1517 1230 2579 101 1900 364 165 1357 2066 589 949 436 1559 1760 1019 63 866 1115 1304 1712 2114 695 775 2219 885 2586 2533 2021 1805 1723 1847 1499 2673 1551 739 1169 29 576 2546 2497 727 1590 104 14 149 1928 2281 429
811 1178 2684 1387 1975 1833 522 2080 1460 1767 2395 2239 1758 1525 1451 294 2586 775 1805 1169 2496 429 2383 1147 493 2276 1165 1488 284 1229 1382 983 315 942 1483 276 684 1310 1980 1450 2702 191 2131 1499 302 866 2125 2672 211 871 2530 996 2302 2 1517 373 462 2233 859 277 2454 2525 1527 759 1938 555 359 916 2254 369 843 2111 2573 777 688 1646 917 902 2033 1277 1057 582 1186 1443 835 2772 1028 103 1391 118 1690 6 1199 756 1491 2453 1990 2159 920 1950
2383 2630 2605 1459 887 917 2033 902 2254 1186 2754 2525 359 522 2058 2233 1277 2080 2234 32 2804 2701 1372 457 2805 920 378 187 2489 2347 1259 1869 2276 2621 1028 1451 2778 1748 2841 1690 2159 1389 1340 1950 2667 728 1391 2360 1608 1323 778 382 2326 590 284 2125 1467 2123 1734 998 2792 578 2114 1898 2242 2239 756 2258 1525 2073 2684 1551 767 689 1115 477 688 1169 1443 960 2752 1361 1805 126 2624 775 1057 2595 2586 1229 2641 1609 1488 1107 250 1471 493 1975 1460 914
225 1910 1282 207 491 1076 2470 146 1754 408 387 647 1185 1464 2286 715 2683 140 2010 1902 995 2421 2688 49 329 804 1041 1223 2378 2436 1777 2599 1582 2708 1899 2382 1388 948 494 139 971 1799 2424 61 785 1356 136 2057 1817 1711 1949 2569 574 2188 1064 2503 43 2438 637 1563 1639 2657 2498 1881 2813 1757 192 231 2291 2333 137 1787 313 939 1868 1775 2728 860 1477 1937 296 2051 1024 2562 2223 2842 990 2714 1715 1101 1663 1592 2639 1452 1617 1586 247 1876 418 1439
1882 327 2355 439 1315 2512 1183 1802 1570 2677 850 2623 117 712 1251 1661 370 1480 1490 1569 1504 100 2831 2222 275 283 1074 888 1364 2410 973 2167 486 1198 2608 2705 2013 2376 550 2502 155 1530 281 851 1032 2263 64 2317 1487 1226 1911 1458 2483 604 398 510 2203 2050 2094 2270 1605 58 2337 1878 1046 1496 1358 1993 1380 2606 1979 629 978 111 2060 1219 445 894 946 546 472 1640 1483 1080 1744 1203 2760 106 2141 474 690 924 48 2631 1471 1619 160 1078 419 1244
1822 1273 505 2616 2253 665 932 1549 1240 2168 740 1429 131 391 741 1097 405 670 1912 2338 661 1967 331 1521 1843 1635 1994 2335 1099 2285 305 2100 1764 839 1974 619 2822 2440 508 836 698 1941 31 955 1050 2091 1274 2164 1789 220 46 412 2681 1008 2308 2597 471 1438 1278 2687 239 655 2531 726 2061 2053 2698 1756 1216 1921 2228 2340 2237 33 241 27 2764 1275 1813 1314 1303 602 1998 1612 295 2774 1021 1317 1129 1409 1873 1153 2481 1395 780 2693 223 2352 350 649
231 445 1405 2760 1054 2094 2115 2403 2501 2056 1658 1933 744 1051 2287 1934 769 2714 2411 2182 2591 1096 1663 2650 236 1623 201 2707 2735 1790 1170 1624 2044 2826 2840 1316 1550 984 1864 2218 965 908 463 422 1184 1313 221 1796 2263 1819 563 1172 1201 1232 2483 2464 2084 180 2334 793 1524 1219 1280 1870 266 2205 2528 1407 370 675 2753 1889 1397 961 1956 1960 1190 900 1895 48 724 1077 1600 1250 163 100 1218 871 1400 2713 64 1029 894 1565 2353 2404 2482 666 181 2535
2389 2674 2527 2628 1496 2439 950 252 698 1754 452 2396 2099 1708 377 59 1817 1831 2501 1782 2083 1041 51 81 2421 136 244 2599 1501 1582 932 1655 383 2592 2557 1202 1692 1316 1976 1907 330 758 1003 2794 1873 266 2836 1022 220 1521 1024 1875 799 525 986 2654 1640 239 89 2466 999 2828 2578 290 1949 2105 1038 33 2429 1146 1314 594 2232 2407 2690 2301 113 2091 326 1018 580 1568 1544 1565 2213 2210 1774 2693 2352 2181 2770 2343 668 2372 1381 938 2611 2687 1111 2534
1460 1854 2233 2525 359 1235 1938 2276 2621 1748 1869 749 1747 1499 102 2748 1959 2663 794 1611 2802 1467 1943 1920 778 382 369 2313 1028 1690 2478 2159 2843 2077 1277 1950 1372 2347 960 1871 1669 2701 2489 1259 2805 2804 1989 590 378 457 1734 2754 736 601 541 2234 32 2254 1459 187 917 1846 902 2033 1186 2777 1753 2772 1125 775 768 1805 2586 517 2679 1169 2471 2360 1970 174 1290 684 1510 1888 2058 2600 1705 1916 1981 1821 2684 1608 596 688 2655 1331 2043 2346 1310 2605
1012 249 627 322 1369 168 1123 1437 2148 524 2652 2076 981 1700 219 497 1586 2009 1486 259 67 1406 2649 179 1840 686 977 804 1617 1328 2035 489 2639 2010 735 348 2291 18 1148 1307 1944 1384 1810 329 925 2423 970 2657 1489 494 26 84 1473 2724 1151 674 2135 2580 712 2358 1878 260 1627 1422 1711 2361 860 2564 2248 2782 2569 1428 2762 1417 1870 2826 48 1092 2333 622 2084 2676 762 1045 11 480 178 1954 2544 2509 865 1654 1064 1596 574 2386 2688 194 2737 2470
2131 2702 1057 2530 996 1980 2496 1587 1387 833 1768 1990 582 1229 1158 2732 1837 1552 372 1471 2307 651 591 1487 1851 226 1702 276 1178 811 2454 826 2395 2700 1483 284 1975 441 522 2239 1672 1523 1482 1525 1583 2383 759 211 2684 1450 2080 575 2792 2633 814 1194 2129 1244 845 1996 1833 871 2161 118 1147 2695 6 924 1491 803 1277 777 867 2431 998 667 294 1488 2263 488 2453 1797 2643 2275 393 1732 2058 603 1646 2607 2785 1181 1914 2317 1341 830 1451 1443 1767 1988
2461 2703 2205 1550 1081 1497 1675 1295 1201 1030 1059 2269 1580 2833 470 2588 2187 1724 438 908 463 1377 2356 1564 2069 1947 519 170 1600 2206 1401 2581 1407 2209 1850 345 422 1934 2151 800 2139 299 2092 17 2127 2648 133 2692 320 984 2626 2753 112 166 1379 593 673 248 2075 2730 2290 2763 1969 1511 1682 2490 433 730 1005 1347 336 874 1243 1526 2844 2516 406 2662 1670 591 2797 160 1078 2548 516 242 1803 1788 1904 2002 1963 1516 2371 538 1454 1292 2198 2820 201 1796
1194 2129 1482 2368 777 2695 2523 93 895 1561 230 1914 2785 522 1996 2080 1091 2447 1382 2607 1626 226 1590 575 824 845 1713 1749 2729 2684 1785 429 1693 1838 683 1387 47 2383 859 2493 2190 2431 1856 1851 1019 63 95 374 2242 1161 1975 1229 2125 2180 2780 930 811 2550 1507 2381 309 1525 1523 1528 1631 2699 2020 279 2106 379 2633 357 1538 2111 2239 2202 814 441 1451 2605 2630 2702 2254 1257 1672 940 1179 1178 2114 1186 1130 1176 917 982 902 2422 2019 2033 920 321
2728 2809 1876 2435 990 1909 1829 1484 1874 2736 2057 2825 696 413 426 1299 1168 2799 682 1725 1899 1134 1056 1754 2813 494 224 574 2024 1162 146 225 2683 2842 1164 1547 2669 1473 2248 12 2598 2438 89 1689 1297 1126 722 92 1252 2015 1477 2402 860 1647 1666 1924 1674 1024 1757 703 2806 1033 1256 1571 140 2766 452 1613 2160 711 2421 347 677 2333 2291 1617 171 1041 915 1972 721 1831 2558 1721 1141 2361 1039 2025 1655 1173 1902 995 1680 523 246 1910 647 1118 2424 247
824 2447 2058 369 1583 596 279 357 2550 1507 2792 576 40 2190 57 1856 1785 1693 1561 2368 1340 309 639 95 2111 2019 2106 63 1277 1019 2605 2547 2601 462 1517 1382 1186 2254 917 1410 902 2033 2525 359 841 1179 2233 982 528 321 2563 1460 1434 397 2651 2778 93 2684 1177 1691 1626 983 1578 1743 778 382 887 2754 1104 60 845 818 2242 2114 230 107 1590 1667 2630 2383 575 2532 998 895 1482 751 2281 1749 2780 684 2129 567 1938 1194 579 2523 688 555 2729 2020
166 2206 874 320 673 593 2662 1550 1347 2490 1958 2127 2730 2256 1247 1794 929 1352 2356 2581 2738 1120 2187 1682 1642 3 1762 1345 2170 2446 1526 1718 2027 2593 1446 1863 256 2661 1925 2516 1511 869 1969 827 2299 242 1574 112 2069 318 2290 336 1005 1152 2002 2151 2318 2147 1684 282 1625 519 551 1267 776 1375 809 516 124 98 538 591 2619 2460 1174 2517 2139 1670 991 908 2417 1200 1709 1783 2763 381 2420 1537 2209 133 2734 730 2165 1142 2588 222 2487 94 438 2092
