nohup: no se tendrá en cuenta la entrada
2026-05-09 17:09:01,455 PAT INFO: Saving model in the path: models/./exp17_dann_equalized
2026-05-09 17:09:01,456 PAT INFO: Experiment: exp17_dann_equalized
2026-05-09 17:09:01,456 PAT INFO: LAMBDA_DANN: 0.3
2026-05-09 17:09:01,456 PAT INFO: NUM_CAMERAS: 4
2026-05-09 17:09:01,456 PAT INFO: Namespace(config_file='/media/DiscoLocal/IPCV/UE-ReID/experiments/exp17_dann_equalized/config/train.yml', opts=[], local_rank=0)
2026-05-09 17:09:01,456 PAT INFO: Loaded configuration file /media/DiscoLocal/IPCV/UE-ReID/experiments/exp17_dann_equalized/config/train.yml
2026-05-09 17:09:01,456 PAT INFO: 
# =============================================================================
# exp17 config — DANN + Camera Equalization (NO view embeddings)
#
# Changes from exp16:
#   1. LOG_NAME updated to exp17_dann_equalized
#
# Everything else identical to exp16 (which matched exp15 hyperparameters).
# LAMBDA_DANN=0.3 and NUM_CAMERAS=4 are set as constants in train_exp17.py,
# not in this config (consistent with how exp15 handled LAMBDA_DANN).
#
# Hyperparameters: SGD lr=0.008, 60 epochs, batch=32, NUM_INSTANCE=4
# Augmentations: CJ ON, RPT ON, REA OFF, LGT OFF
# PC_LOSS: True
# =============================================================================
MODEL:
  PRETRAIN_CHOICE: 'imagenet'
  PRETRAIN_PATH: '/media/DiscoLocal/IPCV/UE-ReID/Part-Aware-Transformer-main/model'
  METRIC_LOSS_TYPE: 'triplet'
  IF_LABELSMOOTH: 'on'
  IF_WITH_CENTER: 'no'
  NAME: 'part_attention_vit'
  NO_MARGIN: True
  DEVICE_ID: ('0')
  TRANSFORMER_TYPE: 'vit_large_patch16_224_TransReID'
  STRIDE_SIZE: [16, 16]
  PC_LOSS: True
INPUT:
  SIZE_TRAIN: [256, 128]
  SIZE_TEST: [256, 128]
  REA:
    ENABLED: False
  PIXEL_MEAN: [0.5, 0.5, 0.5]
  PIXEL_STD: [0.5, 0.5, 0.5]
  LGT:
    DO_LGT: False
    PROB: 0.5
  CJ:
    ENABLED: True
    PROB: 0.5
    BRIGHTNESS: 0.15
    CONTRAST: 0.15
    SATURATION: 0.1
    HUE: 0.1
  RPT:
    ENABLED: True
    PROB: 0.5
DATASETS:
  TRAIN: ('UrbanElementsReID', 'UAM_Unified')
  TEST: ('UrbanElementsReID',)
  ROOT_DIR: '/media/DiscoLocal/IPCV/UE-ReID/urban-elements-re-id-challenge-2026/Urban2026/'
DATALOADER:
  SAMPLER: 'softmax_triplet'
  NUM_INSTANCE: 4
  NUM_WORKERS: 8
SOLVER:
  OPTIMIZER_NAME: 'SGD'
  MAX_EPOCHS: 60
  BASE_LR: 0.008
  IMS_PER_BATCH: 32
  WARMUP_METHOD: 'linear'
  WARMUP_EPOCHS: 5
  LARGE_FC_LR: False
  CHECKPOINT_PERIOD: 5
  LOG_PERIOD: 60
  EVAL_PERIOD: 5
  WEIGHT_DECAY: 1e-4
  WEIGHT_DECAY_BIAS: 0.0
  BIAS_LR_FACTOR: 2
  STEPS: (40, 70)
  SEED: 1234
TEST:
  EVAL: True
  IMS_PER_BATCH: 64
  RE_RANKING: False
  WEIGHT: ''
  NECK_FEAT: 'before'
  FEAT_NORM: True
LOG_ROOT: 'models/'
TB_LOG_ROOT: './tb_log/'
LOG_NAME: './exp17_dann_equalized'
2026-05-09 17:09:01,456 PAT INFO: Running with config:
DATALOADER:
  CAMERA_TO_DOMAIN: False
  DELETE_REM: False
  DROP_LAST: False
  INDIVIDUAL: False
  NAIVE_WAY: True
  NUM_INSTANCE: 4
  NUM_WORKERS: 8
  SAMPLER: softmax_triplet
DATASETS:
  COMBINEALL: False
  ROOT_DIR: /media/DiscoLocal/IPCV/UE-ReID/urban-elements-re-id-challenge-2026/Urban2026/
  TEST: ('UrbanElementsReID',)
  TRAIN: ('UrbanElementsReID', 'UAM_Unified')
INPUT:
  CJ:
    BRIGHTNESS: 0.15
    CONTRAST: 0.15
    ENABLED: True
    HUE: 0.1
    PROB: 0.5
    SATURATION: 0.1
  DO_AUGMIX: False
  DO_AUTOAUG: False
  DO_FLIP: True
  DO_PAD: True
  FLIP_PROB: 0.5
  LGT:
    DO_LGT: False
    PROB: 0.5
  PADDING: 10
  PADDING_MODE: constant
  PIXEL_MEAN: [0.5, 0.5, 0.5]
  PIXEL_STD: [0.5, 0.5, 0.5]
  REA:
    ENABLED: False
    MEAN: [123.675, 116.28, 103.53]
    PROB: 0.5
  RPT:
    ENABLED: True
    PROB: 0.5
  SIZE_TEST: [256, 128]
  SIZE_TRAIN: [256, 128]
LOG_NAME: ./exp17_dann_equalized
LOG_ROOT: models/
MODEL:
  ATT_DROP_RATE: 0.0
  CLUSTER_K: 10
  COS_LAYER: False
  DEVICE: cuda
  DEVICE_ID: 0
  DIST_TRAIN: False
  DROP_OUT: 0.0
  DROP_PATH: 0.1
  FREEZE_PATCH_EMBED: True
  ID_LOSS_TYPE: softmax
  ID_LOSS_WEIGHT: 1.0
  IF_LABELSMOOTH: on
  IF_WITH_CENTER: no
  LAST_STRIDE: 1
  METRIC_LOSS_TYPE: triplet
  NAME: part_attention_vit
  NECK: bnneck
  NO_MARGIN: True
  PATCH_EMBED_TYPE: 
  PC_LOSS: True
  PC_LR: 1.0
  PC_SCALE: 0.02
  PRETRAIN_CHOICE: imagenet
  PRETRAIN_PATH: /media/DiscoLocal/IPCV/UE-ReID/Part-Aware-Transformer-main/model
  SOFT_LABEL: True
  SOFT_LAMBDA: 0.5
  SOFT_WEIGHT: 0.5
  STRIDE_SIZE: [16, 16]
  TRANSFORMER_TYPE: vit_large_patch16_224_TransReID
  TRIPLET_LOSS_WEIGHT: 1.0
SOLVER:
  BASE_LR: 0.008
  BIAS_LR_FACTOR: 2
  CENTER_LOSS_WEIGHT: 0.0005
  CENTER_LR: 0.5
  CHECKPOINT_PERIOD: 5
  COSINE_MARGIN: 0.5
  COSINE_SCALE: 30
  EVAL_PERIOD: 5
  GAMMA: 0.1
  IMS_PER_BATCH: 32
  LARGE_FC_LR: False
  LOG_PERIOD: 60
  MARGIN: 0.3
  MAX_EPOCHS: 60
  MOMENTUM: 0.9
  OPTIMIZER_NAME: SGD
  SEED: 1234
  STEPS: (40, 70)
  WARMUP_EPOCHS: 5
  WARMUP_FACTOR: 0.01
  WARMUP_METHOD: linear
  WEIGHT_DECAY: 0.0001
  WEIGHT_DECAY_BIAS: 0.0
TB_LOG_ROOT: ./tb_log/
TEST:
  DIST_MAT: dist_mat.npy
  EVAL: True
  FEAT_NORM: True
  IMS_PER_BATCH: 64
  NECK_FEAT: before
  RE_RANKING: False
  WEIGHT: 
2026-05-09 17:09:01,688 PAT INFO: => Loaded UrbanElementsReID
2026-05-09 17:09:01,689 PAT INFO:   ----------------------------------------
2026-05-09 17:09:01,689 PAT INFO:   subset   | # ids | # images | # cameras
2026-05-09 17:09:01,689 PAT INFO:   ----------------------------------------
2026-05-09 17:09:01,689 PAT INFO:   train    |  1088 |    11175 |         3
2026-05-09 17:09:01,689 PAT INFO:   ----------------------------------------
UAM_Unified (exp16): 8695 images, 691 identities, 1262 c004 images
2026-05-09 17:09:01,812 PAT INFO: => Loaded UAM_Unified
2026-05-09 17:09:01,812 PAT INFO:   ----------------------------------------
2026-05-09 17:09:01,812 PAT INFO:   subset   | # ids | # images | # cameras
2026-05-09 17:09:01,813 PAT INFO:   ----------------------------------------
2026-05-09 17:09:01,813 PAT INFO:   train    |   691 |     8695 |         4
2026-05-09 17:09:01,813 PAT INFO:   ----------------------------------------
2026-05-09 17:09:01,932 PAT INFO: Dataset: 19,870 images, 1,262 c004 (6.4%)
2026-05-09 17:09:01,936 PAT INFO: Using CameraEqualizedSampler (guarantees 1 c004 per group for c004-capable identities)
2026-05-09 17:09:01,936 PAT INFO: Train loader: 561 batches/epoch
2026-05-09 17:09:01,986 PAT INFO: => Loaded UrbanElementsReID
2026-05-09 17:09:01,986 PAT INFO:   ----------------------------------------
2026-05-09 17:09:01,986 PAT INFO:   subset   | # ids | # images | # cameras
2026-05-09 17:09:01,986 PAT INFO:   ----------------------------------------
2026-05-09 17:09:01,986 PAT INFO:   query    |  1088 |    11175 |         3
2026-05-09 17:09:01,986 PAT INFO:   gallery  |  1088 |    11175 |         3
2026-05-09 17:09:01,986 PAT INFO:   ----------------------------------------
2026-05-09 17:09:01,986 PAT INFO: num_classes: 1779
using Transformer_type: part token vit as a backbone
using stride: [16, 16], and patch number is num_y16 * num_x8
using drop_out rate is : 0.0
using attn_drop_out rate is : 0.0
using drop_path rate is : 0.1
Resized position embedding from size:torch.Size([1, 197, 1024]) to size: torch.Size([1, 132, 1024]) with height:16 width: 8
Load 297 / 299 layers.
Loading pretrained ImageNet model......from /media/DiscoLocal/IPCV/UE-ReID/Part-Aware-Transformer-main/model/jx_vit_large_p16_224-4ee7a4dc.pth
===========building our part attention vit===========
2026-05-09 17:09:11,230 PAT.train INFO: Number of parameter: 306.09M
2026-05-09 17:09:11,230 PAT INFO: Frozen patch_embed for training stability (MoCo v3 trick)
2026-05-09 17:09:11,518 PAT INFO: Camera classifier: 1024 -> 512 (BN+ReLU) -> 256 (BN+ReLU) -> 4
using soft triplet loss for training
label smooth on, numclasses: 1779
2026-05-09 17:09:11,556 PAT INFO: Added camera_classifier params to optimizer (lr=0.008, wd=0.0001)
2026-05-09 17:09:11,557 PAT INFO: Using soft label
2026-05-09 17:09:11,557 PAT.train INFO: start training exp17 DANN (target lambda=0.3)
saving tblog to ./tb_log/./exp17_dann_equalized
initialize the patch centers
patch center initialization done
/media/DiscoLocal/IPCV/UE-ReID/Part-Aware-Transformer-main/loss/myloss.py:29: UserWarning: This overload of addmm_ is deprecated:
	addmm_(Number beta, Number alpha, Tensor mat1, Tensor mat2)
Consider using one of the following signatures instead:
	addmm_(Tensor mat1, Tensor mat2, *, Number beta, Number alpha) (Triggered internally at ../torch/csrc/utils/python_arg_parser.cpp:1519.)
  dist_map.addmm_(1, -2, part_feat, part_centers.t())
2026-05-09 17:12:49,500 PAT.train INFO: Epoch[1] Iter[60/561] loss:13.226 reid:10.324 pc:1.412 cam:1.490 cam_acc:0.208 ID_acc:0.001 lam:0.0026 lr:1.66e-03
2026-05-09 17:13:21,289 PAT.train INFO: Epoch[1] Iter[120/561] loss:13.205 reid:10.383 pc:1.372 cam:1.449 cam_acc:0.244 ID_acc:0.000 lam:0.0053 lr:1.66e-03
2026-05-09 17:13:52,524 PAT.train INFO: Epoch[1] Iter[180/561] loss:13.110 reid:10.328 pc:1.360 cam:1.422 cam_acc:0.263 ID_acc:0.001 lam:0.0080 lr:1.66e-03
2026-05-09 17:14:23,899 PAT.train INFO: Epoch[1] Iter[240/561] loss:13.023 reid:10.270 pc:1.355 cam:1.397 cam_acc:0.283 ID_acc:0.001 lam:0.0106 lr:1.66e-03
2026-05-09 17:14:55,539 PAT.train INFO: Epoch[1] Iter[300/561] loss:12.938 reid:10.197 pc:1.360 cam:1.381 cam_acc:0.292 ID_acc:0.001 lam:0.0133 lr:1.66e-03
2026-05-09 17:15:27,417 PAT.train INFO: Epoch[1] Iter[360/561] loss:12.871 reid:10.134 pc:1.367 cam:1.370 cam_acc:0.297 ID_acc:0.002 lam:0.0160 lr:1.66e-03
2026-05-09 17:15:59,474 PAT.train INFO: Epoch[1] Iter[420/561] loss:12.815 reid:10.079 pc:1.375 cam:1.360 cam_acc:0.303 ID_acc:0.002 lam:0.0186 lr:1.66e-03
2026-05-09 17:16:31,674 PAT.train INFO: Epoch[1] Iter[480/561] loss:12.762 reid:10.023 pc:1.384 cam:1.355 cam_acc:0.304 ID_acc:0.003 lam:0.0213 lr:1.66e-03
2026-05-09 17:17:04,728 PAT.train INFO: Epoch[1] Iter[540/561] loss:12.727 reid:9.988 pc:1.389 cam:1.351 cam_acc:0.305 ID_acc:0.004 lam:0.0240 lr:1.66e-03
2026-05-09 17:17:15,450 PAT.train INFO: Epoch 1 done. lambda_eff=0.0248 cam_acc=0.304 Time/batch:0.535s Speed:59.9img/s
2026-05-09 17:17:49,959 PAT.train INFO: Epoch[2] Iter[60/561] loss:11.678 reid:9.084 pc:1.333 cam:1.261 cam_acc:0.359 ID_acc:0.018 lam:0.0276 lr:3.25e-03
2026-05-09 17:18:23,380 PAT.train INFO: Epoch[2] Iter[120/561] loss:11.575 reid:9.034 pc:1.275 cam:1.266 cam_acc:0.348 ID_acc:0.021 lam:0.0302 lr:3.25e-03
2026-05-09 17:18:57,256 PAT.train INFO: Epoch[2] Iter[180/561] loss:11.411 reid:8.991 pc:1.155 cam:1.265 cam_acc:0.343 ID_acc:0.023 lam:0.0328 lr:3.25e-03
2026-05-09 17:19:30,800 PAT.train INFO: Epoch[2] Iter[240/561] loss:11.293 reid:8.968 pc:1.067 cam:1.258 cam_acc:0.350 ID_acc:0.026 lam:0.0355 lr:3.25e-03
2026-05-09 17:20:04,692 PAT.train INFO: Epoch[2] Iter[300/561] loss:11.194 reid:8.933 pc:1.006 cam:1.256 cam_acc:0.352 ID_acc:0.027 lam:0.0381 lr:3.25e-03
2026-05-09 17:20:38,280 PAT.train INFO: Epoch[2] Iter[360/561] loss:11.131 reid:8.901 pc:0.975 cam:1.256 cam_acc:0.353 ID_acc:0.032 lam:0.0407 lr:3.25e-03
2026-05-09 17:21:11,335 PAT.train INFO: Epoch[2] Iter[420/561] loss:11.094 reid:8.893 pc:0.949 cam:1.253 cam_acc:0.357 ID_acc:0.037 lam:0.0434 lr:3.25e-03
2026-05-09 17:21:44,236 PAT.train INFO: Epoch[2] Iter[480/561] loss:11.057 reid:8.880 pc:0.925 cam:1.252 cam_acc:0.360 ID_acc:0.043 lam:0.0460 lr:3.25e-03
2026-05-09 17:22:17,215 PAT.train INFO: Epoch[2] Iter[540/561] loss:11.009 reid:8.862 pc:0.894 cam:1.252 cam_acc:0.362 ID_acc:0.053 lam:0.0486 lr:3.25e-03
2026-05-09 17:22:27,232 PAT.train INFO: Epoch 2 done. lambda_eff=0.0494 cam_acc=0.362 Time/batch:0.559s Speed:57.3img/s
2026-05-09 17:23:01,066 PAT.train INFO: Epoch[3] Iter[60/561] loss:10.193 reid:8.390 pc:0.604 cam:1.199 cam_acc:0.402 ID_acc:0.071 lam:0.0521 lr:4.83e-03
2026-05-09 17:23:34,187 PAT.train INFO: Epoch[3] Iter[120/561] loss:10.215 reid:8.426 pc:0.590 cam:1.199 cam_acc:0.404 ID_acc:0.070 lam:0.0547 lr:4.83e-03
2026-05-09 17:24:07,208 PAT.train INFO: Epoch[3] Iter[180/561] loss:10.182 reid:8.449 pc:0.531 cam:1.202 cam_acc:0.406 ID_acc:0.074 lam:0.0573 lr:4.83e-03
2026-05-09 17:24:40,136 PAT.train INFO: Epoch[3] Iter[240/561] loss:10.041 reid:8.428 pc:0.417 cam:1.196 cam_acc:0.407 ID_acc:0.078 lam:0.0598 lr:4.83e-03
2026-05-09 17:25:12,877 PAT.train INFO: Epoch[3] Iter[300/561] loss:9.978 reid:8.421 pc:0.359 cam:1.198 cam_acc:0.410 ID_acc:0.076 lam:0.0624 lr:4.83e-03
2026-05-09 17:25:46,156 PAT.train INFO: Epoch[3] Iter[360/561] loss:9.935 reid:8.414 pc:0.328 cam:1.194 cam_acc:0.415 ID_acc:0.076 lam:0.0650 lr:4.83e-03
2026-05-09 17:26:19,915 PAT.train INFO: Epoch[3] Iter[420/561] loss:9.878 reid:8.401 pc:0.289 cam:1.189 cam_acc:0.418 ID_acc:0.080 lam:0.0675 lr:4.83e-03
2026-05-09 17:26:53,096 PAT.train INFO: Epoch[3] Iter[480/561] loss:9.822 reid:8.373 pc:0.262 cam:1.188 cam_acc:0.419 ID_acc:0.084 lam:0.0700 lr:4.83e-03
2026-05-09 17:27:26,127 PAT.train INFO: Epoch[3] Iter[540/561] loss:9.774 reid:8.341 pc:0.246 cam:1.187 cam_acc:0.421 ID_acc:0.097 lam:0.0726 lr:4.83e-03
2026-05-09 17:27:36,211 PAT.train INFO: Epoch 3 done. lambda_eff=0.0733 cam_acc=0.420 Time/batch:0.554s Speed:57.8img/s
2026-05-09 17:28:10,414 PAT.train INFO: Epoch[4] Iter[60/561] loss:9.266 reid:8.089 pc:0.066 cam:1.111 cam_acc:0.486 ID_acc:0.063 lam:0.0759 lr:6.42e-03
2026-05-09 17:28:43,437 PAT.train INFO: Epoch[4] Iter[120/561] loss:9.264 reid:8.055 pc:0.101 cam:1.108 cam_acc:0.481 ID_acc:0.069 lam:0.0784 lr:6.42e-03
2026-05-09 17:29:16,361 PAT.train INFO: Epoch[4] Iter[180/561] loss:9.228 reid:8.024 pc:0.097 cam:1.106 cam_acc:0.486 ID_acc:0.068 lam:0.0809 lr:6.42e-03
2026-05-09 17:29:49,209 PAT.train INFO: Epoch[4] Iter[240/561] loss:9.171 reid:7.977 pc:0.090 cam:1.103 cam_acc:0.486 ID_acc:0.076 lam:0.0834 lr:6.42e-03
2026-05-09 17:30:21,976 PAT.train INFO: Epoch[4] Iter[300/561] loss:9.141 reid:7.949 pc:0.087 cam:1.106 cam_acc:0.485 ID_acc:0.079 lam:0.0859 lr:6.42e-03
2026-05-09 17:30:54,753 PAT.train INFO: Epoch[4] Iter[360/561] loss:9.097 reid:7.908 pc:0.085 cam:1.104 cam_acc:0.487 ID_acc:0.085 lam:0.0883 lr:6.42e-03
2026-05-09 17:31:27,528 PAT.train INFO: Epoch[4] Iter[420/561] loss:9.073 reid:7.881 pc:0.089 cam:1.103 cam_acc:0.491 ID_acc:0.085 lam:0.0907 lr:6.42e-03
2026-05-09 17:32:00,877 PAT.train INFO: Epoch[4] Iter[480/561] loss:9.018 reid:7.827 pc:0.087 cam:1.103 cam_acc:0.493 ID_acc:0.086 lam:0.0932 lr:6.42e-03
2026-05-09 17:32:34,595 PAT.train INFO: Epoch[4] Iter[540/561] loss:8.932 reid:7.743 pc:0.083 cam:1.106 cam_acc:0.492 ID_acc:0.098 lam:0.0956 lr:6.42e-03
2026-05-09 17:32:44,105 PAT.train INFO: Epoch 4 done. lambda_eff=0.0963 cam_acc=0.490 Time/batch:0.553s Speed:57.9img/s
2026-05-09 17:33:17,864 PAT.train INFO: Epoch[5] Iter[60/561] loss:8.445 reid:7.378 pc:0.027 cam:1.040 cam_acc:0.551 ID_acc:0.051 lam:0.0988 lr:7.97e-03
2026-05-09 17:33:50,867 PAT.train INFO: Epoch[5] Iter[120/561] loss:8.465 reid:7.391 pc:0.028 cam:1.046 cam_acc:0.534 ID_acc:0.060 lam:0.1012 lr:7.97e-03
2026-05-09 17:34:23,800 PAT.train INFO: Epoch[5] Iter[180/561] loss:8.440 reid:7.375 pc:0.029 cam:1.037 cam_acc:0.533 ID_acc:0.061 lam:0.1035 lr:7.97e-03
2026-05-09 17:34:56,764 PAT.train INFO: Epoch[5] Iter[240/561] loss:8.395 reid:7.333 pc:0.029 cam:1.034 cam_acc:0.537 ID_acc:0.063 lam:0.1059 lr:7.97e-03
2026-05-09 17:35:29,547 PAT.train INFO: Epoch[5] Iter[300/561] loss:8.352 reid:7.290 pc:0.029 cam:1.034 cam_acc:0.537 ID_acc:0.067 lam:0.1082 lr:7.97e-03
2026-05-09 17:36:02,343 PAT.train INFO: Epoch[5] Iter[360/561] loss:8.291 reid:7.231 pc:0.029 cam:1.030 cam_acc:0.538 ID_acc:0.074 lam:0.1105 lr:7.97e-03
2026-05-09 17:36:35,105 PAT.train INFO: Epoch[5] Iter[420/561] loss:8.220 reid:7.166 pc:0.029 cam:1.026 cam_acc:0.541 ID_acc:0.082 lam:0.1128 lr:7.97e-03
2026-05-09 17:37:08,024 PAT.train INFO: Epoch[5] Iter[480/561] loss:8.136 reid:7.083 pc:0.029 cam:1.023 cam_acc:0.544 ID_acc:0.092 lam:0.1151 lr:7.97e-03
2026-05-09 17:37:41,192 PAT.train INFO: Epoch[5] Iter[540/561] loss:8.026 reid:6.973 pc:0.030 cam:1.023 cam_acc:0.544 ID_acc:0.104 lam:0.1174 lr:7.97e-03
2026-05-09 17:37:51,239 PAT.train INFO: Epoch 5 done. lambda_eff=0.1181 cam_acc=0.543 Time/batch:0.550s Speed:58.1img/s
2026-05-09 17:37:51,240 PAT.test INFO: Enter inferencing
2026-05-09 17:41:07,035 PAT.test INFO: Validation Results
2026-05-09 17:41:07,036 PAT.test INFO: mAP: 36.3%
2026-05-09 17:41:07,036 PAT.test INFO: CMC curve, Rank-1  :58.2%
2026-05-09 17:41:07,036 PAT.test INFO: CMC curve, Rank-5  :78.6%
2026-05-09 17:41:07,036 PAT.test INFO: CMC curve, Rank-10 :85.7%
2026-05-09 17:41:07,036 PAT.test INFO: total inference time: 195.79
2026-05-09 17:41:07,042 PAT.train INFO: =====saving epoch: 5=====
2026-05-09 17:41:40,927 PAT.train INFO: Epoch[6] Iter[60/561] loss:7.904 reid:6.868 pc:0.078 cam:0.958 cam_acc:0.590 ID_acc:0.066 lam:0.1204 lr:7.95e-03
2026-05-09 17:42:11,441 PAT.train INFO: Epoch[6] Iter[120/561] loss:7.905 reid:6.852 pc:0.088 cam:0.964 cam_acc:0.585 ID_acc:0.068 lam:0.1227 lr:7.95e-03
2026-05-09 17:42:41,989 PAT.train INFO: Epoch[6] Iter[180/561] loss:7.848 reid:6.793 pc:0.094 cam:0.960 cam_acc:0.587 ID_acc:0.077 lam:0.1249 lr:7.95e-03
2026-05-09 17:43:12,526 PAT.train INFO: Epoch[6] Iter[240/561] loss:7.832 reid:6.772 pc:0.098 cam:0.962 cam_acc:0.585 ID_acc:0.085 lam:0.1271 lr:7.95e-03
2026-05-09 17:43:43,066 PAT.train INFO: Epoch[6] Iter[300/561] loss:7.737 reid:6.677 pc:0.101 cam:0.959 cam_acc:0.588 ID_acc:0.097 lam:0.1293 lr:7.95e-03
2026-05-09 17:44:13,695 PAT.train INFO: Epoch[6] Iter[360/561] loss:7.652 reid:6.595 pc:0.104 cam:0.953 cam_acc:0.591 ID_acc:0.101 lam:0.1315 lr:7.95e-03
2026-05-09 17:44:44,221 PAT.train INFO: Epoch[6] Iter[420/561] loss:7.557 reid:6.503 pc:0.106 cam:0.948 cam_acc:0.594 ID_acc:0.112 lam:0.1336 lr:7.95e-03
2026-05-09 17:45:14,863 PAT.train INFO: Epoch[6] Iter[480/561] loss:7.469 reid:6.414 pc:0.107 cam:0.948 cam_acc:0.592 ID_acc:0.124 lam:0.1357 lr:7.95e-03
2026-05-09 17:45:45,433 PAT.train INFO: Epoch[6] Iter[540/561] loss:7.355 reid:6.299 pc:0.108 cam:0.948 cam_acc:0.592 ID_acc:0.147 lam:0.1379 lr:7.95e-03
2026-05-09 17:45:55,347 PAT.train INFO: Epoch 6 done. lambda_eff=0.1385 cam_acc=0.591 Time/batch:0.513s Speed:62.4img/s
2026-05-09 17:46:27,645 PAT.train INFO: Epoch[7] Iter[60/561] loss:7.434 reid:6.354 pc:0.152 cam:0.928 cam_acc:0.601 ID_acc:0.082 lam:0.1407 lr:7.93e-03
2026-05-09 17:46:58,333 PAT.train INFO: Epoch[7] Iter[120/561] loss:7.439 reid:6.320 pc:0.199 cam:0.920 cam_acc:0.607 ID_acc:0.101 lam:0.1428 lr:7.93e-03
2026-05-09 17:47:28,856 PAT.train INFO: Epoch[7] Iter[180/561] loss:7.410 reid:6.271 pc:0.225 cam:0.914 cam_acc:0.610 ID_acc:0.110 lam:0.1448 lr:7.93e-03
2026-05-09 17:47:59,410 PAT.train INFO: Epoch[7] Iter[240/561] loss:7.375 reid:6.217 pc:0.249 cam:0.910 cam_acc:0.610 ID_acc:0.117 lam:0.1469 lr:7.93e-03
2026-05-09 17:48:29,953 PAT.train INFO: Epoch[7] Iter[300/561] loss:7.304 reid:6.130 pc:0.266 cam:0.908 cam_acc:0.609 ID_acc:0.132 lam:0.1489 lr:7.93e-03
2026-05-09 17:49:00,512 PAT.train INFO: Epoch[7] Iter[360/561] loss:7.259 reid:6.077 pc:0.279 cam:0.904 cam_acc:0.610 ID_acc:0.141 lam:0.1509 lr:7.93e-03
2026-05-09 17:49:31,056 PAT.train INFO: Epoch[7] Iter[420/561] loss:7.184 reid:6.006 pc:0.274 cam:0.904 cam_acc:0.611 ID_acc:0.154 lam:0.1529 lr:7.93e-03
2026-05-09 17:50:01,855 PAT.train INFO: Epoch[7] Iter[480/561] loss:7.067 reid:5.912 pc:0.247 cam:0.907 cam_acc:0.608 ID_acc:0.168 lam:0.1549 lr:7.93e-03
2026-05-09 17:50:33,231 PAT.train INFO: Epoch[7] Iter[540/561] loss:6.914 reid:5.784 pc:0.222 cam:0.908 cam_acc:0.610 ID_acc:0.196 lam:0.1568 lr:7.93e-03
2026-05-09 17:50:42,802 PAT.train INFO: Epoch 7 done. lambda_eff=0.1574 cam_acc=0.610 Time/batch:0.515s Speed:62.1img/s
2026-05-09 17:51:15,210 PAT.train INFO: Epoch[8] Iter[60/561] loss:6.850 reid:5.923 pc:0.046 cam:0.881 cam_acc:0.630 ID_acc:0.150 lam:0.1594 lr:7.91e-03
2026-05-09 17:51:47,619 PAT.train INFO: Epoch[8] Iter[120/561] loss:6.855 reid:5.906 pc:0.070 cam:0.879 cam_acc:0.623 ID_acc:0.146 lam:0.1613 lr:7.91e-03
2026-05-09 17:52:20,774 PAT.train INFO: Epoch[8] Iter[180/561] loss:6.851 reid:5.897 pc:0.076 cam:0.879 cam_acc:0.622 ID_acc:0.152 lam:0.1632 lr:7.91e-03
2026-05-09 17:52:54,018 PAT.train INFO: Epoch[8] Iter[240/561] loss:6.769 reid:5.826 pc:0.071 cam:0.872 cam_acc:0.629 ID_acc:0.164 lam:0.1651 lr:7.91e-03
2026-05-09 17:53:27,006 PAT.train INFO: Epoch[8] Iter[300/561] loss:6.712 reid:5.775 pc:0.058 cam:0.879 cam_acc:0.625 ID_acc:0.176 lam:0.1669 lr:7.91e-03
2026-05-09 17:54:00,223 PAT.train INFO: Epoch[8] Iter[360/561] loss:6.615 reid:5.694 pc:0.049 cam:0.872 cam_acc:0.629 ID_acc:0.189 lam:0.1688 lr:7.91e-03
2026-05-09 17:54:33,394 PAT.train INFO: Epoch[8] Iter[420/561] loss:6.519 reid:5.607 pc:0.043 cam:0.868 cam_acc:0.632 ID_acc:0.203 lam:0.1706 lr:7.91e-03
2026-05-09 17:55:06,795 PAT.train INFO: Epoch[8] Iter[480/561] loss:6.423 reid:5.513 pc:0.039 cam:0.872 cam_acc:0.629 ID_acc:0.222 lam:0.1724 lr:7.91e-03
2026-05-09 17:55:40,456 PAT.train INFO: Epoch[8] Iter[540/561] loss:6.293 reid:5.390 pc:0.035 cam:0.869 cam_acc:0.632 ID_acc:0.243 lam:0.1742 lr:7.91e-03
2026-05-09 17:55:50,407 PAT.train INFO: Epoch 8 done. lambda_eff=0.1747 cam_acc=0.631 Time/batch:0.551s Speed:58.1img/s
2026-05-09 17:56:23,831 PAT.train INFO: Epoch[9] Iter[60/561] loss:6.489 reid:5.653 pc:0.011 cam:0.825 cam_acc:0.650 ID_acc:0.166 lam:0.1766 lr:7.89e-03
2026-05-09 17:56:55,398 PAT.train INFO: Epoch[9] Iter[120/561] loss:6.448 reid:5.599 pc:0.016 cam:0.832 cam_acc:0.644 ID_acc:0.181 lam:0.1783 lr:7.89e-03
2026-05-09 17:57:27,102 PAT.train INFO: Epoch[9] Iter[180/561] loss:6.360 reid:5.508 pc:0.015 cam:0.837 cam_acc:0.644 ID_acc:0.196 lam:0.1800 lr:7.89e-03
2026-05-09 17:57:58,577 PAT.train INFO: Epoch[9] Iter[240/561] loss:6.320 reid:5.468 pc:0.013 cam:0.839 cam_acc:0.643 ID_acc:0.203 lam:0.1817 lr:7.89e-03
2026-05-09 17:58:30,189 PAT.train INFO: Epoch[9] Iter[300/561] loss:6.251 reid:5.391 pc:0.011 cam:0.849 cam_acc:0.639 ID_acc:0.220 lam:0.1834 lr:7.89e-03
2026-05-09 17:59:01,751 PAT.train INFO: Epoch[9] Iter[360/561] loss:6.172 reid:5.309 pc:0.010 cam:0.853 cam_acc:0.636 ID_acc:0.234 lam:0.1851 lr:7.89e-03
2026-05-09 17:59:33,587 PAT.train INFO: Epoch[9] Iter[420/561] loss:6.094 reid:5.228 pc:0.009 cam:0.857 cam_acc:0.635 ID_acc:0.249 lam:0.1867 lr:7.89e-03
2026-05-09 18:00:07,296 PAT.train INFO: Epoch[9] Iter[480/561] loss:6.017 reid:5.151 pc:0.008 cam:0.858 cam_acc:0.636 ID_acc:0.266 lam:0.1883 lr:7.89e-03
2026-05-09 18:00:39,142 PAT.train INFO: Epoch[9] Iter[540/561] loss:5.886 reid:5.022 pc:0.008 cam:0.856 cam_acc:0.637 ID_acc:0.292 lam:0.1900 lr:7.89e-03
2026-05-09 18:00:48,696 PAT.train INFO: Epoch 9 done. lambda_eff=0.1904 cam_acc=0.635 Time/batch:0.534s Speed:59.9img/s
2026-05-09 18:01:21,427 PAT.train INFO: Epoch[10] Iter[60/561] loss:6.161 reid:5.290 pc:0.012 cam:0.860 cam_acc:0.632 ID_acc:0.211 lam:0.1921 lr:7.87e-03
2026-05-09 18:01:52,764 PAT.train INFO: Epoch[10] Iter[120/561] loss:6.173 reid:5.301 pc:0.011 cam:0.862 cam_acc:0.637 ID_acc:0.218 lam:0.1937 lr:7.87e-03
2026-05-09 18:02:24,284 PAT.train INFO: Epoch[10] Iter[180/561] loss:6.127 reid:5.256 pc:0.009 cam:0.862 cam_acc:0.635 ID_acc:0.234 lam:0.1952 lr:7.87e-03
2026-05-09 18:02:55,171 PAT.train INFO: Epoch[10] Iter[240/561] loss:6.063 reid:5.199 pc:0.008 cam:0.856 cam_acc:0.636 ID_acc:0.247 lam:0.1968 lr:7.87e-03
2026-05-09 18:03:25,991 PAT.train INFO: Epoch[10] Iter[300/561] loss:5.978 reid:5.114 pc:0.007 cam:0.856 cam_acc:0.637 ID_acc:0.263 lam:0.1983 lr:7.87e-03
2026-05-09 18:03:57,319 PAT.train INFO: Epoch[10] Iter[360/561] loss:5.906 reid:5.037 pc:0.007 cam:0.862 cam_acc:0.633 ID_acc:0.279 lam:0.1998 lr:7.87e-03
2026-05-09 18:04:28,022 PAT.train INFO: Epoch[10] Iter[420/561] loss:5.832 reid:4.955 pc:0.006 cam:0.870 cam_acc:0.629 ID_acc:0.296 lam:0.2012 lr:7.87e-03
2026-05-09 18:04:59,096 PAT.train INFO: Epoch[10] Iter[480/561] loss:5.756 reid:4.882 pc:0.006 cam:0.868 cam_acc:0.631 ID_acc:0.312 lam:0.2027 lr:7.87e-03
2026-05-09 18:05:29,875 PAT.train INFO: Epoch[10] Iter[540/561] loss:5.630 reid:4.756 pc:0.006 cam:0.869 cam_acc:0.633 ID_acc:0.341 lam:0.2042 lr:7.87e-03
2026-05-09 18:05:38,874 PAT.train INFO: Epoch 10 done. lambda_eff=0.2046 cam_acc=0.634 Time/batch:0.521s Speed:61.4img/s
2026-05-09 18:05:38,874 PAT.test INFO: Enter inferencing
2026-05-09 18:08:54,202 PAT.test INFO: Validation Results
2026-05-09 18:08:54,202 PAT.test INFO: mAP: 42.7%
2026-05-09 18:08:54,203 PAT.test INFO: CMC curve, Rank-1  :62.8%
2026-05-09 18:08:54,203 PAT.test INFO: CMC curve, Rank-5  :82.2%
2026-05-09 18:08:54,203 PAT.test INFO: CMC curve, Rank-10 :88.9%
2026-05-09 18:08:54,203 PAT.test INFO: total inference time: 195.32
2026-05-09 18:08:54,204 PAT.train INFO: =====saving epoch: 10=====
2026-05-09 18:09:27,587 PAT.train INFO: Epoch[11] Iter[60/561] loss:5.910 reid:5.015 pc:0.016 cam:0.880 cam_acc:0.618 ID_acc:0.256 lam:0.2061 lr:7.84e-03
2026-05-09 18:09:59,640 PAT.train INFO: Epoch[11] Iter[120/561] loss:5.862 reid:4.963 pc:0.038 cam:0.862 cam_acc:0.635 ID_acc:0.272 lam:0.2075 lr:7.84e-03
2026-05-09 18:10:31,209 PAT.train INFO: Epoch[11] Iter[180/561] loss:5.839 reid:4.926 pc:0.046 cam:0.867 cam_acc:0.629 ID_acc:0.287 lam:0.2089 lr:7.84e-03
2026-05-09 18:11:02,705 PAT.train INFO: Epoch[11] Iter[240/561] loss:5.795 reid:4.874 pc:0.056 cam:0.865 cam_acc:0.628 ID_acc:0.296 lam:0.2102 lr:7.84e-03
2026-05-09 18:11:34,235 PAT.train INFO: Epoch[11] Iter[300/561] loss:5.729 reid:4.805 pc:0.062 cam:0.862 cam_acc:0.630 ID_acc:0.311 lam:0.2116 lr:7.84e-03
2026-05-09 18:12:05,961 PAT.train INFO: Epoch[11] Iter[360/561] loss:5.644 reid:4.727 pc:0.059 cam:0.857 cam_acc:0.633 ID_acc:0.327 lam:0.2129 lr:7.84e-03
2026-05-09 18:12:37,428 PAT.train INFO: Epoch[11] Iter[420/561] loss:5.547 reid:4.639 pc:0.053 cam:0.855 cam_acc:0.634 ID_acc:0.343 lam:0.2142 lr:7.84e-03
2026-05-09 18:13:09,617 PAT.train INFO: Epoch[11] Iter[480/561] loss:5.456 reid:4.556 pc:0.048 cam:0.852 cam_acc:0.637 ID_acc:0.358 lam:0.2155 lr:7.84e-03
2026-05-09 18:13:43,330 PAT.train INFO: Epoch[11] Iter[540/561] loss:5.356 reid:4.460 pc:0.045 cam:0.852 cam_acc:0.635 ID_acc:0.382 lam:0.2168 lr:7.84e-03
2026-05-09 18:13:52,420 PAT.train INFO: Epoch 11 done. lambda_eff=0.2172 cam_acc=0.635 Time/batch:0.534s Speed:59.9img/s
2026-05-09 18:14:26,030 PAT.train INFO: Epoch[12] Iter[60/561] loss:5.571 reid:4.706 pc:0.000 cam:0.864 cam_acc:0.624 ID_acc:0.297 lam:0.2185 lr:7.81e-03
2026-05-09 18:14:57,388 PAT.train INFO: Epoch[12] Iter[120/561] loss:5.587 reid:4.721 pc:0.004 cam:0.863 cam_acc:0.630 ID_acc:0.300 lam:0.2198 lr:7.81e-03
2026-05-09 18:15:28,780 PAT.train INFO: Epoch[12] Iter[180/561] loss:5.560 reid:4.686 pc:0.010 cam:0.864 cam_acc:0.629 ID_acc:0.314 lam:0.2210 lr:7.81e-03
2026-05-09 18:16:00,513 PAT.train INFO: Epoch[12] Iter[240/561] loss:5.500 reid:4.622 pc:0.013 cam:0.865 cam_acc:0.627 ID_acc:0.331 lam:0.2222 lr:7.81e-03
2026-05-09 18:16:31,964 PAT.train INFO: Epoch[12] Iter[300/561] loss:5.418 reid:4.534 pc:0.015 cam:0.868 cam_acc:0.625 ID_acc:0.352 lam:0.2234 lr:7.81e-03
2026-05-09 18:17:03,472 PAT.train INFO: Epoch[12] Iter[360/561] loss:5.368 reid:4.485 pc:0.014 cam:0.868 cam_acc:0.626 ID_acc:0.366 lam:0.2246 lr:7.81e-03
2026-05-09 18:17:34,867 PAT.train INFO: Epoch[12] Iter[420/561] loss:5.291 reid:4.411 pc:0.013 cam:0.867 cam_acc:0.626 ID_acc:0.388 lam:0.2258 lr:7.81e-03
2026-05-09 18:18:06,415 PAT.train INFO: Epoch[12] Iter[480/561] loss:5.219 reid:4.344 pc:0.011 cam:0.864 cam_acc:0.628 ID_acc:0.402 lam:0.2269 lr:7.81e-03
2026-05-09 18:18:38,706 PAT.train INFO: Epoch[12] Iter[540/561] loss:5.113 reid:4.233 pc:0.010 cam:0.870 cam_acc:0.626 ID_acc:0.427 lam:0.2281 lr:7.81e-03
2026-05-09 18:18:48,763 PAT.train INFO: Epoch 12 done. lambda_eff=0.2284 cam_acc=0.627 Time/batch:0.531s Speed:60.3img/s
2026-05-09 18:19:21,507 PAT.train INFO: Epoch[13] Iter[60/561] loss:5.567 reid:4.703 pc:0.005 cam:0.859 cam_acc:0.636 ID_acc:0.306 lam:0.2296 lr:7.78e-03
2026-05-09 18:19:53,157 PAT.train INFO: Epoch[13] Iter[120/561] loss:5.456 reid:4.569 pc:0.023 cam:0.864 cam_acc:0.629 ID_acc:0.331 lam:0.2307 lr:7.78e-03
2026-05-09 18:20:24,633 PAT.train INFO: Epoch[13] Iter[180/561] loss:5.434 reid:4.530 pc:0.049 cam:0.854 cam_acc:0.633 ID_acc:0.338 lam:0.2318 lr:7.78e-03
2026-05-09 18:20:56,160 PAT.train INFO: Epoch[13] Iter[240/561] loss:5.367 reid:4.451 pc:0.066 cam:0.850 cam_acc:0.634 ID_acc:0.363 lam:0.2328 lr:7.78e-03
2026-05-09 18:21:27,583 PAT.train INFO: Epoch[13] Iter[300/561] loss:5.301 reid:4.383 pc:0.064 cam:0.854 cam_acc:0.634 ID_acc:0.379 lam:0.2339 lr:7.78e-03
2026-05-09 18:21:59,104 PAT.train INFO: Epoch[13] Iter[360/561] loss:5.214 reid:4.303 pc:0.056 cam:0.855 cam_acc:0.632 ID_acc:0.396 lam:0.2349 lr:7.78e-03
2026-05-09 18:22:30,591 PAT.train INFO: Epoch[13] Iter[420/561] loss:5.135 reid:4.227 pc:0.049 cam:0.859 cam_acc:0.631 ID_acc:0.416 lam:0.2360 lr:7.78e-03
2026-05-09 18:23:02,239 PAT.train INFO: Epoch[13] Iter[480/561] loss:5.045 reid:4.138 pc:0.044 cam:0.862 cam_acc:0.629 ID_acc:0.438 lam:0.2370 lr:7.78e-03
2026-05-09 18:23:34,807 PAT.train INFO: Epoch[13] Iter[540/561] loss:4.929 reid:4.026 pc:0.040 cam:0.863 cam_acc:0.630 ID_acc:0.465 lam:0.2380 lr:7.78e-03
2026-05-09 18:23:45,810 PAT.train INFO: Epoch 13 done. lambda_eff=0.2383 cam_acc=0.631 Time/batch:0.531s Speed:60.2img/s
2026-05-09 18:24:20,998 PAT.train INFO: Epoch[14] Iter[60/561] loss:5.329 reid:4.424 pc:0.002 cam:0.904 cam_acc:0.610 ID_acc:0.342 lam:0.2393 lr:7.74e-03
2026-05-09 18:24:54,946 PAT.train INFO: Epoch[14] Iter[120/561] loss:5.296 reid:4.380 pc:0.010 cam:0.906 cam_acc:0.611 ID_acc:0.355 lam:0.2403 lr:7.74e-03
2026-05-09 18:25:28,209 PAT.train INFO: Epoch[14] Iter[180/561] loss:5.227 reid:4.307 pc:0.017 cam:0.904 cam_acc:0.614 ID_acc:0.381 lam:0.2412 lr:7.74e-03
2026-05-09 18:25:59,011 PAT.train INFO: Epoch[14] Iter[240/561] loss:5.153 reid:4.242 pc:0.017 cam:0.895 cam_acc:0.617 ID_acc:0.403 lam:0.2421 lr:7.74e-03
2026-05-09 18:26:29,574 PAT.train INFO: Epoch[14] Iter[300/561] loss:5.079 reid:4.172 pc:0.015 cam:0.892 cam_acc:0.621 ID_acc:0.419 lam:0.2431 lr:7.74e-03
2026-05-09 18:27:01,434 PAT.train INFO: Epoch[14] Iter[360/561] loss:5.016 reid:4.109 pc:0.013 cam:0.894 cam_acc:0.620 ID_acc:0.436 lam:0.2440 lr:7.74e-03
2026-05-09 18:27:32,819 PAT.train INFO: Epoch[14] Iter[420/561] loss:4.944 reid:4.042 pc:0.012 cam:0.890 cam_acc:0.619 ID_acc:0.455 lam:0.2449 lr:7.74e-03
2026-05-09 18:28:04,328 PAT.train INFO: Epoch[14] Iter[480/561] loss:4.879 reid:3.981 pc:0.011 cam:0.888 cam_acc:0.621 ID_acc:0.472 lam:0.2458 lr:7.74e-03
2026-05-09 18:28:36,098 PAT.train INFO: Epoch[14] Iter[540/561] loss:4.773 reid:3.879 pc:0.010 cam:0.884 cam_acc:0.624 ID_acc:0.497 lam:0.2466 lr:7.74e-03
2026-05-09 18:28:45,682 PAT.train INFO: Epoch 14 done. lambda_eff=0.2469 cam_acc=0.625 Time/batch:0.537s Speed:59.6img/s
2026-05-09 18:29:17,134 PAT.train INFO: Epoch[15] Iter[60/561] loss:5.153 reid:4.274 pc:0.002 cam:0.877 cam_acc:0.633 ID_acc:0.364 lam:0.2478 lr:7.70e-03
2026-05-09 18:29:47,893 PAT.train INFO: Epoch[15] Iter[120/561] loss:5.099 reid:4.208 pc:0.008 cam:0.883 cam_acc:0.626 ID_acc:0.380 lam:0.2486 lr:7.70e-03
2026-05-09 18:30:18,558 PAT.train INFO: Epoch[15] Iter[180/561] loss:5.077 reid:4.182 pc:0.009 cam:0.886 cam_acc:0.622 ID_acc:0.398 lam:0.2495 lr:7.70e-03
2026-05-09 18:30:50,122 PAT.train INFO: Epoch[15] Iter[240/561] loss:5.016 reid:4.125 pc:0.008 cam:0.883 cam_acc:0.623 ID_acc:0.419 lam:0.2503 lr:7.70e-03
2026-05-09 18:31:21,577 PAT.train INFO: Epoch[15] Iter[300/561] loss:4.915 reid:4.033 pc:0.008 cam:0.875 cam_acc:0.625 ID_acc:0.442 lam:0.2511 lr:7.70e-03
2026-05-09 18:31:53,806 PAT.train INFO: Epoch[15] Iter[360/561] loss:4.853 reid:3.971 pc:0.008 cam:0.874 cam_acc:0.625 ID_acc:0.459 lam:0.2519 lr:7.70e-03
2026-05-09 18:32:25,484 PAT.train INFO: Epoch[15] Iter[420/561] loss:4.760 reid:3.884 pc:0.007 cam:0.869 cam_acc:0.626 ID_acc:0.478 lam:0.2527 lr:7.70e-03
2026-05-09 18:32:57,031 PAT.train INFO: Epoch[15] Iter[480/561] loss:4.677 reid:3.802 pc:0.007 cam:0.869 cam_acc:0.626 ID_acc:0.497 lam:0.2534 lr:7.70e-03
2026-05-09 18:33:28,719 PAT.train INFO: Epoch[15] Iter[540/561] loss:4.568 reid:3.698 pc:0.006 cam:0.864 cam_acc:0.628 ID_acc:0.523 lam:0.2542 lr:7.70e-03
2026-05-09 18:33:38,622 PAT.train INFO: Epoch 15 done. lambda_eff=0.2544 cam_acc=0.630 Time/batch:0.524s Speed:61.1img/s
2026-05-09 18:33:38,622 PAT.test INFO: Enter inferencing
2026-05-09 18:36:53,604 PAT.test INFO: Validation Results
2026-05-09 18:36:53,605 PAT.test INFO: mAP: 48.7%
2026-05-09 18:36:53,605 PAT.test INFO: CMC curve, Rank-1  :67.5%
2026-05-09 18:36:53,605 PAT.test INFO: CMC curve, Rank-5  :85.9%
2026-05-09 18:36:53,605 PAT.test INFO: CMC curve, Rank-10 :91.6%
2026-05-09 18:36:53,605 PAT.test INFO: total inference time: 194.98
2026-05-09 18:36:53,607 PAT.train INFO: =====saving epoch: 15=====
2026-05-09 18:37:26,147 PAT.train INFO: Epoch[16] Iter[60/561] loss:4.843 reid:3.995 pc:0.002 cam:0.847 cam_acc:0.644 ID_acc:0.406 lam:0.2552 lr:7.66e-03
2026-05-09 18:37:57,596 PAT.train INFO: Epoch[16] Iter[120/561] loss:4.816 reid:3.954 pc:0.014 cam:0.848 cam_acc:0.636 ID_acc:0.427 lam:0.2560 lr:7.66e-03
2026-05-09 18:38:28,986 PAT.train INFO: Epoch[16] Iter[180/561] loss:4.772 reid:3.904 pc:0.021 cam:0.847 cam_acc:0.639 ID_acc:0.446 lam:0.2567 lr:7.66e-03
2026-05-09 18:39:00,155 PAT.train INFO: Epoch[16] Iter[240/561] loss:4.748 reid:3.874 pc:0.024 cam:0.849 cam_acc:0.635 ID_acc:0.465 lam:0.2574 lr:7.66e-03
2026-05-09 18:39:31,457 PAT.train INFO: Epoch[16] Iter[300/561] loss:4.710 reid:3.832 pc:0.024 cam:0.854 cam_acc:0.634 ID_acc:0.478 lam:0.2581 lr:7.66e-03
2026-05-09 18:40:02,738 PAT.train INFO: Epoch[16] Iter[360/561] loss:4.628 reid:3.752 pc:0.023 cam:0.852 cam_acc:0.635 ID_acc:0.501 lam:0.2588 lr:7.66e-03
2026-05-09 18:40:34,099 PAT.train INFO: Epoch[16] Iter[420/561] loss:4.562 reid:3.688 pc:0.023 cam:0.850 cam_acc:0.636 ID_acc:0.518 lam:0.2595 lr:7.66e-03
2026-05-09 18:41:05,945 PAT.train INFO: Epoch[16] Iter[480/561] loss:4.493 reid:3.621 pc:0.022 cam:0.850 cam_acc:0.637 ID_acc:0.535 lam:0.2601 lr:7.66e-03
2026-05-09 18:41:37,442 PAT.train INFO: Epoch[16] Iter[540/561] loss:4.387 reid:3.522 pc:0.020 cam:0.846 cam_acc:0.640 ID_acc:0.558 lam:0.2608 lr:7.66e-03
2026-05-09 18:41:46,507 PAT.train INFO: Epoch 16 done. lambda_eff=0.2610 cam_acc=0.641 Time/batch:0.524s Speed:61.1img/s
2026-05-09 18:42:18,919 PAT.train INFO: Epoch[17] Iter[60/561] loss:4.710 reid:3.857 pc:0.006 cam:0.848 cam_acc:0.634 ID_acc:0.438 lam:0.2617 lr:7.62e-03
2026-05-09 18:42:50,408 PAT.train INFO: Epoch[17] Iter[120/561] loss:4.741 reid:3.866 pc:0.021 cam:0.854 cam_acc:0.629 ID_acc:0.442 lam:0.2623 lr:7.62e-03
2026-05-09 18:43:21,950 PAT.train INFO: Epoch[17] Iter[180/561] loss:4.663 reid:3.782 pc:0.032 cam:0.849 cam_acc:0.633 ID_acc:0.464 lam:0.2629 lr:7.62e-03
2026-05-09 18:43:53,435 PAT.train INFO: Epoch[17] Iter[240/561] loss:4.601 reid:3.726 pc:0.030 cam:0.845 cam_acc:0.636 ID_acc:0.482 lam:0.2635 lr:7.62e-03
2026-05-09 18:44:26,715 PAT.train INFO: Epoch[17] Iter[300/561] loss:4.554 reid:3.673 pc:0.032 cam:0.849 cam_acc:0.636 ID_acc:0.499 lam:0.2641 lr:7.62e-03
2026-05-09 18:45:00,155 PAT.train INFO: Epoch[17] Iter[360/561] loss:4.491 reid:3.611 pc:0.034 cam:0.846 cam_acc:0.638 ID_acc:0.517 lam:0.2647 lr:7.62e-03
2026-05-09 18:45:34,019 PAT.train INFO: Epoch[17] Iter[420/561] loss:4.424 reid:3.547 pc:0.031 cam:0.846 cam_acc:0.638 ID_acc:0.537 lam:0.2653 lr:7.62e-03
2026-05-09 18:46:07,587 PAT.train INFO: Epoch[17] Iter[480/561] loss:4.350 reid:3.477 pc:0.028 cam:0.845 cam_acc:0.639 ID_acc:0.555 lam:0.2659 lr:7.62e-03
2026-05-09 18:46:39,851 PAT.train INFO: Epoch[17] Iter[540/561] loss:4.258 reid:3.394 pc:0.025 cam:0.840 cam_acc:0.643 ID_acc:0.576 lam:0.2665 lr:7.62e-03
2026-05-09 18:46:48,836 PAT.train INFO: Epoch 17 done. lambda_eff=0.2666 cam_acc=0.645 Time/batch:0.543s Speed:59.0img/s
2026-05-09 18:47:21,170 PAT.train INFO: Epoch[18] Iter[60/561] loss:4.482 reid:3.642 pc:0.002 cam:0.838 cam_acc:0.655 ID_acc:0.495 lam:0.2672 lr:7.57e-03
2026-05-09 18:47:52,592 PAT.train INFO: Epoch[18] Iter[120/561] loss:4.517 reid:3.668 pc:0.013 cam:0.836 cam_acc:0.649 ID_acc:0.494 lam:0.2678 lr:7.57e-03
2026-05-09 18:48:24,048 PAT.train INFO: Epoch[18] Iter[180/561] loss:4.502 reid:3.643 pc:0.016 cam:0.843 cam_acc:0.646 ID_acc:0.501 lam:0.2683 lr:7.57e-03
2026-05-09 18:48:55,251 PAT.train INFO: Epoch[18] Iter[240/561] loss:4.460 reid:3.603 pc:0.016 cam:0.841 cam_acc:0.647 ID_acc:0.510 lam:0.2688 lr:7.57e-03
2026-05-09 18:49:25,926 PAT.train INFO: Epoch[18] Iter[300/561] loss:4.416 reid:3.559 pc:0.016 cam:0.841 cam_acc:0.645 ID_acc:0.524 lam:0.2694 lr:7.57e-03
2026-05-09 18:49:56,616 PAT.train INFO: Epoch[18] Iter[360/561] loss:4.358 reid:3.500 pc:0.015 cam:0.842 cam_acc:0.644 ID_acc:0.540 lam:0.2699 lr:7.57e-03
2026-05-09 18:50:27,606 PAT.train INFO: Epoch[18] Iter[420/561] loss:4.302 reid:3.447 pc:0.014 cam:0.842 cam_acc:0.640 ID_acc:0.557 lam:0.2704 lr:7.57e-03
2026-05-09 18:50:58,286 PAT.train INFO: Epoch[18] Iter[480/561] loss:4.224 reid:3.371 pc:0.013 cam:0.840 cam_acc:0.642 ID_acc:0.576 lam:0.2709 lr:7.57e-03
2026-05-09 18:51:29,007 PAT.train INFO: Epoch[18] Iter[540/561] loss:4.130 reid:3.281 pc:0.012 cam:0.837 cam_acc:0.644 ID_acc:0.600 lam:0.2714 lr:7.57e-03
2026-05-09 18:51:38,290 PAT.train INFO: Epoch 18 done. lambda_eff=0.2715 cam_acc=0.646 Time/batch:0.519s Speed:61.7img/s
2026-05-09 18:52:09,906 PAT.train INFO: Epoch[19] Iter[60/561] loss:4.344 reid:3.515 pc:0.023 cam:0.806 cam_acc:0.648 ID_acc:0.513 lam:0.2720 lr:7.52e-03
2026-05-09 18:52:40,608 PAT.train INFO: Epoch[19] Iter[120/561] loss:4.388 reid:3.523 pc:0.046 cam:0.819 cam_acc:0.650 ID_acc:0.514 lam:0.2725 lr:7.52e-03
2026-05-09 18:53:11,309 PAT.train INFO: Epoch[19] Iter[180/561] loss:4.406 reid:3.516 pc:0.059 cam:0.831 cam_acc:0.643 ID_acc:0.526 lam:0.2730 lr:7.52e-03
2026-05-09 18:53:41,996 PAT.train INFO: Epoch[19] Iter[240/561] loss:4.368 reid:3.466 pc:0.068 cam:0.834 cam_acc:0.640 ID_acc:0.538 lam:0.2734 lr:7.52e-03
2026-05-09 18:54:12,705 PAT.train INFO: Epoch[19] Iter[300/561] loss:4.315 reid:3.416 pc:0.070 cam:0.830 cam_acc:0.642 ID_acc:0.556 lam:0.2739 lr:7.52e-03
2026-05-09 18:54:43,387 PAT.train INFO: Epoch[19] Iter[360/561] loss:4.265 reid:3.367 pc:0.067 cam:0.831 cam_acc:0.643 ID_acc:0.573 lam:0.2743 lr:7.52e-03
2026-05-09 18:55:14,086 PAT.train INFO: Epoch[19] Iter[420/561] loss:4.215 reid:3.324 pc:0.058 cam:0.832 cam_acc:0.641 ID_acc:0.584 lam:0.2747 lr:7.52e-03
2026-05-09 18:55:44,786 PAT.train INFO: Epoch[19] Iter[480/561] loss:4.149 reid:3.266 pc:0.051 cam:0.832 cam_acc:0.642 ID_acc:0.600 lam:0.2752 lr:7.52e-03
2026-05-09 18:56:15,613 PAT.train INFO: Epoch[19] Iter[540/561] loss:4.063 reid:3.191 pc:0.046 cam:0.826 cam_acc:0.645 ID_acc:0.620 lam:0.2756 lr:7.52e-03
2026-05-09 18:56:23,896 PAT.train INFO: Epoch 19 done. lambda_eff=0.2757 cam_acc=0.648 Time/batch:0.514s Speed:62.3img/s
2026-05-09 18:56:55,491 PAT.train INFO: Epoch[20] Iter[60/561] loss:4.437 reid:3.614 pc:0.001 cam:0.823 cam_acc:0.656 ID_acc:0.487 lam:0.2761 lr:7.47e-03
2026-05-09 18:57:26,085 PAT.train INFO: Epoch[20] Iter[120/561] loss:4.386 reid:3.547 pc:0.019 cam:0.820 cam_acc:0.651 ID_acc:0.509 lam:0.2765 lr:7.47e-03
2026-05-09 18:57:56,697 PAT.train INFO: Epoch[20] Iter[180/561] loss:4.314 reid:3.452 pc:0.039 cam:0.823 cam_acc:0.649 ID_acc:0.540 lam:0.2769 lr:7.47e-03
2026-05-09 18:58:27,366 PAT.train INFO: Epoch[20] Iter[240/561] loss:4.278 reid:3.400 pc:0.050 cam:0.828 cam_acc:0.647 ID_acc:0.554 lam:0.2773 lr:7.47e-03
2026-05-09 18:58:58,031 PAT.train INFO: Epoch[20] Iter[300/561] loss:4.239 reid:3.353 pc:0.055 cam:0.832 cam_acc:0.643 ID_acc:0.570 lam:0.2777 lr:7.47e-03
2026-05-09 18:59:29,110 PAT.train INFO: Epoch[20] Iter[360/561] loss:4.187 reid:3.301 pc:0.058 cam:0.828 cam_acc:0.643 ID_acc:0.587 lam:0.2781 lr:7.47e-03
2026-05-09 18:59:59,975 PAT.train INFO: Epoch[20] Iter[420/561] loss:4.107 reid:3.223 pc:0.056 cam:0.828 cam_acc:0.645 ID_acc:0.606 lam:0.2785 lr:7.47e-03
2026-05-09 19:00:30,844 PAT.train INFO: Epoch[20] Iter[480/561] loss:4.040 reid:3.165 pc:0.049 cam:0.826 cam_acc:0.648 ID_acc:0.621 lam:0.2788 lr:7.47e-03
2026-05-09 19:01:01,527 PAT.train INFO: Epoch[20] Iter[540/561] loss:3.961 reid:3.094 pc:0.044 cam:0.823 cam_acc:0.650 ID_acc:0.639 lam:0.2792 lr:7.47e-03
2026-05-09 19:01:10,847 PAT.train INFO: Epoch 20 done. lambda_eff=0.2793 cam_acc=0.652 Time/batch:0.514s Speed:62.2img/s
2026-05-09 19:01:10,847 PAT.test INFO: Enter inferencing
2026-05-09 19:04:26,503 PAT.test INFO: Validation Results
2026-05-09 19:04:26,504 PAT.test INFO: mAP: 53.9%
2026-05-09 19:04:26,504 PAT.test INFO: CMC curve, Rank-1  :71.1%
2026-05-09 19:04:26,504 PAT.test INFO: CMC curve, Rank-5  :88.9%
2026-05-09 19:04:26,504 PAT.test INFO: CMC curve, Rank-10 :93.6%
2026-05-09 19:04:26,504 PAT.test INFO: total inference time: 195.65
2026-05-09 19:04:26,505 PAT.train INFO: =====saving epoch: 20=====
2026-05-09 19:05:00,123 PAT.train INFO: Epoch[21] Iter[60/561] loss:4.068 reid:3.281 pc:0.002 cam:0.785 cam_acc:0.678 ID_acc:0.531 lam:0.2797 lr:7.42e-03
2026-05-09 19:05:31,593 PAT.train INFO: Epoch[21] Iter[120/561] loss:4.166 reid:3.335 pc:0.019 cam:0.812 cam_acc:0.656 ID_acc:0.545 lam:0.2800 lr:7.42e-03
2026-05-09 19:06:02,915 PAT.train INFO: Epoch[21] Iter[180/561] loss:4.158 reid:3.315 pc:0.028 cam:0.815 cam_acc:0.653 ID_acc:0.563 lam:0.2804 lr:7.42e-03
2026-05-09 19:06:34,188 PAT.train INFO: Epoch[21] Iter[240/561] loss:4.126 reid:3.274 pc:0.043 cam:0.809 cam_acc:0.658 ID_acc:0.579 lam:0.2807 lr:7.42e-03
2026-05-09 19:07:05,536 PAT.train INFO: Epoch[21] Iter[300/561] loss:4.090 reid:3.230 pc:0.048 cam:0.812 cam_acc:0.656 ID_acc:0.593 lam:0.2810 lr:7.42e-03
2026-05-09 19:07:36,862 PAT.train INFO: Epoch[21] Iter[360/561] loss:4.029 reid:3.169 pc:0.044 cam:0.815 cam_acc:0.654 ID_acc:0.613 lam:0.2814 lr:7.42e-03
2026-05-09 19:08:08,139 PAT.train INFO: Epoch[21] Iter[420/561] loss:3.968 reid:3.117 pc:0.038 cam:0.814 cam_acc:0.654 ID_acc:0.627 lam:0.2817 lr:7.42e-03
2026-05-09 19:08:39,308 PAT.train INFO: Epoch[21] Iter[480/561] loss:3.905 reid:3.058 pc:0.033 cam:0.814 cam_acc:0.654 ID_acc:0.643 lam:0.2820 lr:7.42e-03
2026-05-09 19:09:10,082 PAT.train INFO: Epoch[21] Iter[540/561] loss:3.823 reid:2.983 pc:0.030 cam:0.809 cam_acc:0.657 ID_acc:0.661 lam:0.2823 lr:7.42e-03
2026-05-09 19:09:19,419 PAT.train INFO: Epoch 21 done. lambda_eff=0.2824 cam_acc=0.659 Time/batch:0.522s Speed:61.3img/s
2026-05-09 19:09:50,935 PAT.train INFO: Epoch[22] Iter[60/561] loss:4.252 reid:3.433 pc:0.015 cam:0.804 cam_acc:0.671 ID_acc:0.529 lam:0.2827 lr:7.37e-03
2026-05-09 19:10:21,525 PAT.train INFO: Epoch[22] Iter[120/561] loss:4.167 reid:3.324 pc:0.034 cam:0.809 cam_acc:0.660 ID_acc:0.558 lam:0.2830 lr:7.37e-03
2026-05-09 19:10:52,152 PAT.train INFO: Epoch[22] Iter[180/561] loss:4.095 reid:3.241 pc:0.042 cam:0.813 cam_acc:0.658 ID_acc:0.581 lam:0.2833 lr:7.37e-03
2026-05-09 19:11:22,765 PAT.train INFO: Epoch[22] Iter[240/561] loss:4.048 reid:3.194 pc:0.046 cam:0.808 cam_acc:0.658 ID_acc:0.598 lam:0.2836 lr:7.37e-03
2026-05-09 19:11:53,372 PAT.train INFO: Epoch[22] Iter[300/561] loss:3.990 reid:3.135 pc:0.049 cam:0.807 cam_acc:0.661 ID_acc:0.616 lam:0.2839 lr:7.37e-03
2026-05-09 19:12:24,007 PAT.train INFO: Epoch[22] Iter[360/561] loss:3.944 reid:3.091 pc:0.044 cam:0.809 cam_acc:0.659 ID_acc:0.632 lam:0.2841 lr:7.37e-03
2026-05-09 19:12:54,651 PAT.train INFO: Epoch[22] Iter[420/561] loss:3.892 reid:3.041 pc:0.040 cam:0.811 cam_acc:0.657 ID_acc:0.646 lam:0.2844 lr:7.37e-03
2026-05-09 19:13:25,738 PAT.train INFO: Epoch[22] Iter[480/561] loss:3.815 reid:2.972 pc:0.035 cam:0.808 cam_acc:0.655 ID_acc:0.662 lam:0.2847 lr:7.37e-03
2026-05-09 19:13:56,943 PAT.train INFO: Epoch[22] Iter[540/561] loss:3.745 reid:2.907 pc:0.031 cam:0.807 cam_acc:0.657 ID_acc:0.677 lam:0.2849 lr:7.37e-03
2026-05-09 19:14:06,765 PAT.train INFO: Epoch 22 done. lambda_eff=0.2850 cam_acc=0.659 Time/batch:0.514s Speed:62.3img/s
2026-05-09 19:14:38,965 PAT.train INFO: Epoch[23] Iter[60/561] loss:3.978 reid:3.155 pc:0.001 cam:0.822 cam_acc:0.652 ID_acc:0.568 lam:0.2853 lr:7.31e-03
2026-05-09 19:15:09,707 PAT.train INFO: Epoch[23] Iter[120/561] loss:3.919 reid:3.082 pc:0.004 cam:0.833 cam_acc:0.645 ID_acc:0.606 lam:0.2856 lr:7.31e-03
2026-05-09 19:15:40,563 PAT.train INFO: Epoch[23] Iter[180/561] loss:3.900 reid:3.071 pc:0.010 cam:0.818 cam_acc:0.652 ID_acc:0.613 lam:0.2858 lr:7.31e-03
2026-05-09 19:16:11,238 PAT.train INFO: Epoch[23] Iter[240/561] loss:3.854 reid:3.033 pc:0.011 cam:0.810 cam_acc:0.658 ID_acc:0.621 lam:0.2860 lr:7.31e-03
2026-05-09 19:16:41,995 PAT.train INFO: Epoch[23] Iter[300/561] loss:3.814 reid:2.993 pc:0.011 cam:0.810 cam_acc:0.655 ID_acc:0.636 lam:0.2863 lr:7.31e-03
2026-05-09 19:17:12,746 PAT.train INFO: Epoch[23] Iter[360/561] loss:3.785 reid:2.968 pc:0.011 cam:0.807 cam_acc:0.656 ID_acc:0.645 lam:0.2865 lr:7.31e-03
2026-05-09 19:17:43,835 PAT.train INFO: Epoch[23] Iter[420/561] loss:3.745 reid:2.928 pc:0.011 cam:0.807 cam_acc:0.658 ID_acc:0.659 lam:0.2868 lr:7.31e-03
2026-05-09 19:18:14,616 PAT.train INFO: Epoch[23] Iter[480/561] loss:3.686 reid:2.868 pc:0.010 cam:0.807 cam_acc:0.659 ID_acc:0.677 lam:0.2870 lr:7.31e-03
2026-05-09 19:18:45,425 PAT.train INFO: Epoch[23] Iter[540/561] loss:3.619 reid:2.803 pc:0.010 cam:0.806 cam_acc:0.660 ID_acc:0.694 lam:0.2872 lr:7.31e-03
2026-05-09 19:18:54,247 PAT.train INFO: Epoch 23 done. lambda_eff=0.2873 cam_acc=0.662 Time/batch:0.516s Speed:62.0img/s
2026-05-09 19:19:26,910 PAT.train INFO: Epoch[24] Iter[60/561] loss:3.930 reid:3.123 pc:0.007 cam:0.800 cam_acc:0.670 ID_acc:0.590 lam:0.2875 lr:7.25e-03
2026-05-09 19:19:57,634 PAT.train INFO: Epoch[24] Iter[120/561] loss:3.888 reid:3.061 pc:0.030 cam:0.796 cam_acc:0.665 ID_acc:0.618 lam:0.2877 lr:7.25e-03
2026-05-09 19:20:29,406 PAT.train INFO: Epoch[24] Iter[180/561] loss:3.897 reid:3.053 pc:0.047 cam:0.797 cam_acc:0.662 ID_acc:0.621 lam:0.2879 lr:7.25e-03
2026-05-09 19:21:00,924 PAT.train INFO: Epoch[24] Iter[240/561] loss:3.893 reid:3.034 pc:0.055 cam:0.804 cam_acc:0.661 ID_acc:0.633 lam:0.2881 lr:7.25e-03
2026-05-09 19:21:32,269 PAT.train INFO: Epoch[24] Iter[300/561] loss:3.846 reid:2.990 pc:0.055 cam:0.802 cam_acc:0.659 ID_acc:0.651 lam:0.2884 lr:7.25e-03
2026-05-09 19:22:03,651 PAT.train INFO: Epoch[24] Iter[360/561] loss:3.800 reid:2.941 pc:0.055 cam:0.804 cam_acc:0.658 ID_acc:0.663 lam:0.2886 lr:7.25e-03
2026-05-09 19:22:35,048 PAT.train INFO: Epoch[24] Iter[420/561] loss:3.747 reid:2.892 pc:0.053 cam:0.803 cam_acc:0.657 ID_acc:0.678 lam:0.2888 lr:7.25e-03
2026-05-09 19:23:06,661 PAT.train INFO: Epoch[24] Iter[480/561] loss:3.694 reid:2.845 pc:0.047 cam:0.802 cam_acc:0.659 ID_acc:0.693 lam:0.2889 lr:7.25e-03
2026-05-09 19:23:37,809 PAT.train INFO: Epoch[24] Iter[540/561] loss:3.620 reid:2.781 pc:0.042 cam:0.797 cam_acc:0.662 ID_acc:0.710 lam:0.2891 lr:7.25e-03
2026-05-09 19:23:47,630 PAT.train INFO: Epoch 24 done. lambda_eff=0.2892 cam_acc=0.662 Time/batch:0.525s Speed:61.0img/s
2026-05-09 19:24:19,167 PAT.train INFO: Epoch[25] Iter[60/561] loss:3.889 reid:3.048 pc:0.019 cam:0.822 cam_acc:0.651 ID_acc:0.616 lam:0.2894 lr:7.19e-03
2026-05-09 19:24:49,791 PAT.train INFO: Epoch[25] Iter[120/561] loss:3.980 reid:3.113 pc:0.042 cam:0.824 cam_acc:0.649 ID_acc:0.614 lam:0.2896 lr:7.19e-03
2026-05-09 19:25:20,395 PAT.train INFO: Epoch[25] Iter[180/561] loss:3.914 reid:3.051 pc:0.054 cam:0.809 cam_acc:0.658 ID_acc:0.627 lam:0.2898 lr:7.19e-03
2026-05-09 19:25:51,011 PAT.train INFO: Epoch[25] Iter[240/561] loss:3.873 reid:2.999 pc:0.063 cam:0.810 cam_acc:0.656 ID_acc:0.645 lam:0.2899 lr:7.19e-03
2026-05-09 19:26:21,810 PAT.train INFO: Epoch[25] Iter[300/561] loss:3.798 reid:2.936 pc:0.055 cam:0.807 cam_acc:0.659 ID_acc:0.663 lam:0.2901 lr:7.19e-03
2026-05-09 19:26:52,760 PAT.train INFO: Epoch[25] Iter[360/561] loss:3.753 reid:2.895 pc:0.049 cam:0.809 cam_acc:0.659 ID_acc:0.678 lam:0.2903 lr:7.19e-03
2026-05-09 19:27:23,478 PAT.train INFO: Epoch[25] Iter[420/561] loss:3.686 reid:2.839 pc:0.043 cam:0.805 cam_acc:0.661 ID_acc:0.693 lam:0.2905 lr:7.19e-03
2026-05-09 19:27:54,134 PAT.train INFO: Epoch[25] Iter[480/561] loss:3.628 reid:2.791 pc:0.038 cam:0.799 cam_acc:0.664 ID_acc:0.707 lam:0.2906 lr:7.19e-03
2026-05-09 19:28:24,958 PAT.train INFO: Epoch[25] Iter[540/561] loss:3.548 reid:2.718 pc:0.034 cam:0.797 cam_acc:0.666 ID_acc:0.723 lam:0.2908 lr:7.19e-03
2026-05-09 19:28:33,281 PAT.train INFO: Epoch 25 done. lambda_eff=0.2908 cam_acc=0.667 Time/batch:0.514s Speed:62.3img/s
2026-05-09 19:28:33,282 PAT.test INFO: Enter inferencing
2026-05-09 19:31:48,207 PAT.test INFO: Validation Results
2026-05-09 19:31:48,207 PAT.test INFO: mAP: 58.3%
2026-05-09 19:31:48,207 PAT.test INFO: CMC curve, Rank-1  :74.2%
2026-05-09 19:31:48,207 PAT.test INFO: CMC curve, Rank-5  :90.7%
2026-05-09 19:31:48,207 PAT.test INFO: CMC curve, Rank-10 :95.1%
2026-05-09 19:31:48,207 PAT.test INFO: total inference time: 194.92
2026-05-09 19:31:48,209 PAT.train INFO: =====saving epoch: 25=====
2026-05-09 19:32:21,515 PAT.train INFO: Epoch[26] Iter[60/561] loss:3.796 reid:2.972 pc:0.007 cam:0.818 cam_acc:0.653 ID_acc:0.640 lam:0.2910 lr:7.13e-03
2026-05-09 19:32:53,158 PAT.train INFO: Epoch[26] Iter[120/561] loss:3.812 reid:2.968 pc:0.034 cam:0.811 cam_acc:0.649 ID_acc:0.646 lam:0.2912 lr:7.13e-03
2026-05-09 19:33:24,607 PAT.train INFO: Epoch[26] Iter[180/561] loss:3.776 reid:2.933 pc:0.043 cam:0.800 cam_acc:0.659 ID_acc:0.658 lam:0.2913 lr:7.13e-03
2026-05-09 19:33:55,911 PAT.train INFO: Epoch[26] Iter[240/561] loss:3.719 reid:2.880 pc:0.045 cam:0.794 cam_acc:0.661 ID_acc:0.680 lam:0.2915 lr:7.13e-03
2026-05-09 19:34:27,637 PAT.train INFO: Epoch[26] Iter[300/561] loss:3.695 reid:2.847 pc:0.046 cam:0.802 cam_acc:0.655 ID_acc:0.686 lam:0.2916 lr:7.13e-03
2026-05-09 19:34:59,168 PAT.train INFO: Epoch[26] Iter[360/561] loss:3.635 reid:2.798 pc:0.039 cam:0.797 cam_acc:0.659 ID_acc:0.698 lam:0.2918 lr:7.13e-03
2026-05-09 19:35:30,386 PAT.train INFO: Epoch[26] Iter[420/561] loss:3.567 reid:2.740 pc:0.034 cam:0.793 cam_acc:0.662 ID_acc:0.711 lam:0.2919 lr:7.13e-03
2026-05-09 19:36:01,736 PAT.train INFO: Epoch[26] Iter[480/561] loss:3.513 reid:2.691 pc:0.031 cam:0.791 cam_acc:0.664 ID_acc:0.724 lam:0.2920 lr:7.13e-03
2026-05-09 19:36:32,629 PAT.train INFO: Epoch[26] Iter[540/561] loss:3.463 reid:2.645 pc:0.028 cam:0.791 cam_acc:0.664 ID_acc:0.738 lam:0.2922 lr:7.13e-03
2026-05-09 19:36:40,991 PAT.train INFO: Epoch 26 done. lambda_eff=0.2922 cam_acc=0.666 Time/batch:0.525s Speed:61.0img/s
2026-05-09 19:37:12,587 PAT.train INFO: Epoch[27] Iter[60/561] loss:3.761 reid:2.972 pc:0.006 cam:0.783 cam_acc:0.666 ID_acc:0.629 lam:0.2924 lr:7.06e-03
2026-05-09 19:37:43,258 PAT.train INFO: Epoch[27] Iter[120/561] loss:3.763 reid:2.920 pc:0.056 cam:0.786 cam_acc:0.658 ID_acc:0.648 lam:0.2925 lr:7.06e-03
2026-05-09 19:38:13,939 PAT.train INFO: Epoch[27] Iter[180/561] loss:3.733 reid:2.875 pc:0.080 cam:0.778 cam_acc:0.670 ID_acc:0.666 lam:0.2926 lr:7.06e-03
2026-05-09 19:38:44,630 PAT.train INFO: Epoch[27] Iter[240/561] loss:3.697 reid:2.839 pc:0.075 cam:0.783 cam_acc:0.667 ID_acc:0.680 lam:0.2928 lr:7.06e-03
2026-05-09 19:39:15,302 PAT.train INFO: Epoch[27] Iter[300/561] loss:3.654 reid:2.789 pc:0.073 cam:0.792 cam_acc:0.664 ID_acc:0.694 lam:0.2929 lr:7.06e-03
2026-05-09 19:39:45,946 PAT.train INFO: Epoch[27] Iter[360/561] loss:3.621 reid:2.761 pc:0.069 cam:0.791 cam_acc:0.663 ID_acc:0.703 lam:0.2930 lr:7.06e-03
2026-05-09 19:40:17,319 PAT.train INFO: Epoch[27] Iter[420/561] loss:3.563 reid:2.708 pc:0.065 cam:0.791 cam_acc:0.663 ID_acc:0.718 lam:0.2931 lr:7.06e-03
2026-05-09 19:40:48,936 PAT.train INFO: Epoch[27] Iter[480/561] loss:3.507 reid:2.655 pc:0.063 cam:0.789 cam_acc:0.665 ID_acc:0.734 lam:0.2932 lr:7.06e-03
2026-05-09 19:41:20,517 PAT.train INFO: Epoch[27] Iter[540/561] loss:3.432 reid:2.590 pc:0.057 cam:0.785 cam_acc:0.669 ID_acc:0.748 lam:0.2934 lr:7.06e-03
2026-05-09 19:41:29,728 PAT.train INFO: Epoch 27 done. lambda_eff=0.2934 cam_acc=0.670 Time/batch:0.518s Speed:61.7img/s
2026-05-09 19:42:03,004 PAT.train INFO: Epoch[28] Iter[60/561] loss:3.574 reid:2.770 pc:0.010 cam:0.794 cam_acc:0.669 ID_acc:0.678 lam:0.2935 lr:6.99e-03
2026-05-09 19:42:36,286 PAT.train INFO: Epoch[28] Iter[120/561] loss:3.653 reid:2.827 pc:0.035 cam:0.792 cam_acc:0.665 ID_acc:0.680 lam:0.2936 lr:6.99e-03
2026-05-09 19:43:09,619 PAT.train INFO: Epoch[28] Iter[180/561] loss:3.626 reid:2.792 pc:0.053 cam:0.782 cam_acc:0.669 ID_acc:0.687 lam:0.2937 lr:6.99e-03
2026-05-09 19:43:43,000 PAT.train INFO: Epoch[28] Iter[240/561] loss:3.616 reid:2.766 pc:0.062 cam:0.788 cam_acc:0.666 ID_acc:0.697 lam:0.2939 lr:6.99e-03
2026-05-09 19:44:16,103 PAT.train INFO: Epoch[28] Iter[300/561] loss:3.576 reid:2.714 pc:0.066 cam:0.797 cam_acc:0.661 ID_acc:0.712 lam:0.2940 lr:6.99e-03
2026-05-09 19:44:47,843 PAT.train INFO: Epoch[28] Iter[360/561] loss:3.523 reid:2.671 pc:0.057 cam:0.794 cam_acc:0.663 ID_acc:0.725 lam:0.2941 lr:6.99e-03
2026-05-09 19:45:19,662 PAT.train INFO: Epoch[28] Iter[420/561] loss:3.483 reid:2.632 pc:0.050 cam:0.801 cam_acc:0.661 ID_acc:0.733 lam:0.2942 lr:6.99e-03
2026-05-09 19:45:51,578 PAT.train INFO: Epoch[28] Iter[480/561] loss:3.434 reid:2.588 pc:0.045 cam:0.802 cam_acc:0.660 ID_acc:0.745 lam:0.2943 lr:6.99e-03
2026-05-09 19:46:23,119 PAT.train INFO: Epoch[28] Iter[540/561] loss:3.371 reid:2.534 pc:0.040 cam:0.796 cam_acc:0.663 ID_acc:0.758 lam:0.2944 lr:6.99e-03
2026-05-09 19:46:32,685 PAT.train INFO: Epoch 28 done. lambda_eff=0.2944 cam_acc=0.664 Time/batch:0.543s Speed:59.0img/s
2026-05-09 19:47:05,099 PAT.train INFO: Epoch[29] Iter[60/561] loss:3.586 reid:2.771 pc:0.007 cam:0.808 cam_acc:0.653 ID_acc:0.695 lam:0.2945 lr:6.92e-03
2026-05-09 19:47:36,609 PAT.train INFO: Epoch[29] Iter[120/561] loss:3.669 reid:2.813 pc:0.050 cam:0.806 cam_acc:0.656 ID_acc:0.694 lam:0.2946 lr:6.92e-03
2026-05-09 19:48:08,077 PAT.train INFO: Epoch[29] Iter[180/561] loss:3.651 reid:2.781 pc:0.070 cam:0.800 cam_acc:0.660 ID_acc:0.701 lam:0.2947 lr:6.92e-03
2026-05-09 19:48:39,472 PAT.train INFO: Epoch[29] Iter[240/561] loss:3.598 reid:2.722 pc:0.079 cam:0.798 cam_acc:0.659 ID_acc:0.714 lam:0.2948 lr:6.92e-03
2026-05-09 19:49:11,005 PAT.train INFO: Epoch[29] Iter[300/561] loss:3.553 reid:2.687 pc:0.069 cam:0.797 cam_acc:0.657 ID_acc:0.723 lam:0.2949 lr:6.92e-03
2026-05-09 19:49:42,617 PAT.train INFO: Epoch[29] Iter[360/561] loss:3.501 reid:2.644 pc:0.062 cam:0.795 cam_acc:0.659 ID_acc:0.735 lam:0.2950 lr:6.92e-03
2026-05-09 19:50:14,282 PAT.train INFO: Epoch[29] Iter[420/561] loss:3.448 reid:2.601 pc:0.055 cam:0.792 cam_acc:0.660 ID_acc:0.743 lam:0.2951 lr:6.92e-03
2026-05-09 19:50:45,999 PAT.train INFO: Epoch[29] Iter[480/561] loss:3.401 reid:2.558 pc:0.048 cam:0.795 cam_acc:0.660 ID_acc:0.754 lam:0.2951 lr:6.92e-03
2026-05-09 19:51:17,444 PAT.train INFO: Epoch[29] Iter[540/561] loss:3.340 reid:2.507 pc:0.043 cam:0.790 cam_acc:0.664 ID_acc:0.766 lam:0.2952 lr:6.92e-03
2026-05-09 19:51:27,488 PAT.train INFO: Epoch 29 done. lambda_eff=0.2953 cam_acc=0.665 Time/batch:0.527s Speed:60.7img/s
2026-05-09 19:51:59,711 PAT.train INFO: Epoch[30] Iter[60/561] loss:3.383 reid:2.585 pc:0.009 cam:0.788 cam_acc:0.670 ID_acc:0.751 lam:0.2953 lr:6.85e-03
2026-05-09 19:52:31,135 PAT.train INFO: Epoch[30] Iter[120/561] loss:3.480 reid:2.655 pc:0.043 cam:0.783 cam_acc:0.677 ID_acc:0.730 lam:0.2954 lr:6.85e-03
2026-05-09 19:53:02,640 PAT.train INFO: Epoch[30] Iter[180/561] loss:3.445 reid:2.623 pc:0.042 cam:0.780 cam_acc:0.677 ID_acc:0.732 lam:0.2955 lr:6.85e-03
2026-05-09 19:53:34,090 PAT.train INFO: Epoch[30] Iter[240/561] loss:3.430 reid:2.605 pc:0.038 cam:0.787 cam_acc:0.673 ID_acc:0.736 lam:0.2956 lr:6.85e-03
2026-05-09 19:54:05,421 PAT.train INFO: Epoch[30] Iter[300/561] loss:3.392 reid:2.571 pc:0.032 cam:0.788 cam_acc:0.672 ID_acc:0.743 lam:0.2957 lr:6.85e-03
2026-05-09 19:54:37,065 PAT.train INFO: Epoch[30] Iter[360/561] loss:3.366 reid:2.545 pc:0.028 cam:0.793 cam_acc:0.671 ID_acc:0.755 lam:0.2957 lr:6.85e-03
2026-05-09 19:55:08,465 PAT.train INFO: Epoch[30] Iter[420/561] loss:3.334 reid:2.514 pc:0.025 cam:0.796 cam_acc:0.667 ID_acc:0.762 lam:0.2958 lr:6.85e-03
2026-05-09 19:55:39,879 PAT.train INFO: Epoch[30] Iter[480/561] loss:3.293 reid:2.478 pc:0.022 cam:0.794 cam_acc:0.668 ID_acc:0.773 lam:0.2959 lr:6.85e-03
2026-05-09 19:56:10,931 PAT.train INFO: Epoch[30] Iter[540/561] loss:3.235 reid:2.426 pc:0.020 cam:0.788 cam_acc:0.671 ID_acc:0.785 lam:0.2960 lr:6.85e-03
2026-05-09 19:56:20,200 PAT.train INFO: Epoch 30 done. lambda_eff=0.2960 cam_acc=0.670 Time/batch:0.524s Speed:61.0img/s
2026-05-09 19:56:20,201 PAT.test INFO: Enter inferencing
2026-05-09 19:59:35,197 PAT.test INFO: Validation Results
2026-05-09 19:59:35,197 PAT.test INFO: mAP: 61.8%
2026-05-09 19:59:35,197 PAT.test INFO: CMC curve, Rank-1  :76.8%
2026-05-09 19:59:35,197 PAT.test INFO: CMC curve, Rank-5  :92.1%
2026-05-09 19:59:35,197 PAT.test INFO: CMC curve, Rank-10 :96.0%
2026-05-09 19:59:35,197 PAT.test INFO: total inference time: 194.99
2026-05-09 19:59:35,199 PAT.train INFO: =====saving epoch: 30=====
2026-05-09 20:00:07,634 PAT.train INFO: Epoch[31] Iter[60/561] loss:3.474 reid:2.661 pc:0.034 cam:0.779 cam_acc:0.662 ID_acc:0.709 lam:0.2961 lr:6.78e-03
2026-05-09 20:00:38,221 PAT.train INFO: Epoch[31] Iter[120/561] loss:3.510 reid:2.670 pc:0.057 cam:0.783 cam_acc:0.673 ID_acc:0.718 lam:0.2961 lr:6.78e-03
2026-05-09 20:01:08,795 PAT.train INFO: Epoch[31] Iter[180/561] loss:3.512 reid:2.651 pc:0.070 cam:0.791 cam_acc:0.668 ID_acc:0.729 lam:0.2962 lr:6.78e-03
2026-05-09 20:01:39,410 PAT.train INFO: Epoch[31] Iter[240/561] loss:3.505 reid:2.636 pc:0.074 cam:0.796 cam_acc:0.667 ID_acc:0.737 lam:0.2963 lr:6.78e-03
2026-05-09 20:02:10,067 PAT.train INFO: Epoch[31] Iter[300/561] loss:3.452 reid:2.592 pc:0.067 cam:0.793 cam_acc:0.668 ID_acc:0.750 lam:0.2963 lr:6.78e-03
2026-05-09 20:02:40,650 PAT.train INFO: Epoch[31] Iter[360/561] loss:3.405 reid:2.553 pc:0.067 cam:0.784 cam_acc:0.672 ID_acc:0.761 lam:0.2964 lr:6.78e-03
2026-05-09 20:03:11,409 PAT.train INFO: Epoch[31] Iter[420/561] loss:3.371 reid:2.516 pc:0.071 cam:0.784 cam_acc:0.670 ID_acc:0.768 lam:0.2965 lr:6.78e-03
2026-05-09 20:03:42,412 PAT.train INFO: Epoch[31] Iter[480/561] loss:3.314 reid:2.469 pc:0.063 cam:0.783 cam_acc:0.672 ID_acc:0.778 lam:0.2965 lr:6.78e-03
2026-05-09 20:04:13,091 PAT.train INFO: Epoch[31] Iter[540/561] loss:3.268 reid:2.429 pc:0.056 cam:0.783 cam_acc:0.672 ID_acc:0.788 lam:0.2966 lr:6.78e-03
2026-05-09 20:04:23,397 PAT.train INFO: Epoch 31 done. lambda_eff=0.2966 cam_acc=0.674 Time/batch:0.513s Speed:62.4img/s
2026-05-09 20:04:54,695 PAT.train INFO: Epoch[32] Iter[60/561] loss:3.415 reid:2.631 pc:0.001 cam:0.783 cam_acc:0.670 ID_acc:0.731 lam:0.2967 lr:6.70e-03
2026-05-09 20:05:25,223 PAT.train INFO: Epoch[32] Iter[120/561] loss:3.437 reid:2.634 pc:0.006 cam:0.798 cam_acc:0.659 ID_acc:0.726 lam:0.2967 lr:6.70e-03
2026-05-09 20:05:55,749 PAT.train INFO: Epoch[32] Iter[180/561] loss:3.408 reid:2.603 pc:0.010 cam:0.794 cam_acc:0.661 ID_acc:0.730 lam:0.2968 lr:6.70e-03
2026-05-09 20:06:26,300 PAT.train INFO: Epoch[32] Iter[240/561] loss:3.391 reid:2.577 pc:0.011 cam:0.803 cam_acc:0.656 ID_acc:0.740 lam:0.2968 lr:6.70e-03
2026-05-09 20:06:56,830 PAT.train INFO: Epoch[32] Iter[300/561] loss:3.347 reid:2.538 pc:0.010 cam:0.799 cam_acc:0.659 ID_acc:0.752 lam:0.2969 lr:6.70e-03
2026-05-09 20:07:27,366 PAT.train INFO: Epoch[32] Iter[360/561] loss:3.318 reid:2.515 pc:0.010 cam:0.794 cam_acc:0.662 ID_acc:0.763 lam:0.2969 lr:6.70e-03
2026-05-09 20:07:57,934 PAT.train INFO: Epoch[32] Iter[420/561] loss:3.270 reid:2.471 pc:0.009 cam:0.790 cam_acc:0.665 ID_acc:0.774 lam:0.2970 lr:6.70e-03
2026-05-09 20:08:28,487 PAT.train INFO: Epoch[32] Iter[480/561] loss:3.235 reid:2.437 pc:0.009 cam:0.789 cam_acc:0.665 ID_acc:0.782 lam:0.2970 lr:6.70e-03
2026-05-09 20:08:59,059 PAT.train INFO: Epoch[32] Iter[540/561] loss:3.187 reid:2.393 pc:0.009 cam:0.785 cam_acc:0.668 ID_acc:0.793 lam:0.2971 lr:6.70e-03
2026-05-09 20:09:08,324 PAT.train INFO: Epoch 32 done. lambda_eff=0.2971 cam_acc=0.668 Time/batch:0.510s Speed:62.7img/s
2026-05-09 20:09:39,778 PAT.train INFO: Epoch[33] Iter[60/561] loss:3.418 reid:2.628 pc:0.006 cam:0.785 cam_acc:0.667 ID_acc:0.722 lam:0.2972 lr:6.63e-03
2026-05-09 20:10:10,325 PAT.train INFO: Epoch[33] Iter[120/561] loss:3.442 reid:2.628 pc:0.029 cam:0.785 cam_acc:0.670 ID_acc:0.721 lam:0.2972 lr:6.63e-03
2026-05-09 20:10:40,895 PAT.train INFO: Epoch[33] Iter[180/561] loss:3.461 reid:2.593 pc:0.074 cam:0.794 cam_acc:0.666 ID_acc:0.739 lam:0.2973 lr:6.63e-03
2026-05-09 20:11:11,492 PAT.train INFO: Epoch[33] Iter[240/561] loss:3.446 reid:2.553 pc:0.105 cam:0.788 cam_acc:0.669 ID_acc:0.750 lam:0.2973 lr:6.63e-03
2026-05-09 20:11:42,067 PAT.train INFO: Epoch[33] Iter[300/561] loss:3.403 reid:2.514 pc:0.100 cam:0.788 cam_acc:0.669 ID_acc:0.762 lam:0.2974 lr:6.63e-03
2026-05-09 20:12:12,756 PAT.train INFO: Epoch[33] Iter[360/561] loss:3.361 reid:2.484 pc:0.090 cam:0.787 cam_acc:0.669 ID_acc:0.770 lam:0.2974 lr:6.63e-03
2026-05-09 20:12:43,679 PAT.train INFO: Epoch[33] Iter[420/561] loss:3.293 reid:2.428 pc:0.078 cam:0.787 cam_acc:0.670 ID_acc:0.783 lam:0.2975 lr:6.63e-03
2026-05-09 20:13:14,278 PAT.train INFO: Epoch[33] Iter[480/561] loss:3.249 reid:2.390 pc:0.068 cam:0.790 cam_acc:0.668 ID_acc:0.792 lam:0.2975 lr:6.63e-03
2026-05-09 20:13:44,955 PAT.train INFO: Epoch[33] Iter[540/561] loss:3.198 reid:2.348 pc:0.061 cam:0.789 cam_acc:0.668 ID_acc:0.801 lam:0.2975 lr:6.63e-03
2026-05-09 20:13:53,736 PAT.train INFO: Epoch 33 done. lambda_eff=0.2976 cam_acc=0.669 Time/batch:0.512s Speed:62.5img/s
2026-05-09 20:14:25,142 PAT.train INFO: Epoch[34] Iter[60/561] loss:3.361 reid:2.574 pc:0.003 cam:0.784 cam_acc:0.690 ID_acc:0.744 lam:0.2976 lr:6.55e-03
2026-05-09 20:14:55,816 PAT.train INFO: Epoch[34] Iter[120/561] loss:3.357 reid:2.552 pc:0.019 cam:0.786 cam_acc:0.678 ID_acc:0.749 lam:0.2976 lr:6.55e-03
2026-05-09 20:15:26,400 PAT.train INFO: Epoch[34] Iter[180/561] loss:3.357 reid:2.534 pc:0.034 cam:0.790 cam_acc:0.673 ID_acc:0.755 lam:0.2977 lr:6.55e-03
2026-05-09 20:15:56,990 PAT.train INFO: Epoch[34] Iter[240/561] loss:3.322 reid:2.499 pc:0.036 cam:0.786 cam_acc:0.670 ID_acc:0.768 lam:0.2977 lr:6.55e-03
2026-05-09 20:16:27,610 PAT.train INFO: Epoch[34] Iter[300/561] loss:3.304 reid:2.483 pc:0.034 cam:0.787 cam_acc:0.668 ID_acc:0.776 lam:0.2978 lr:6.55e-03
2026-05-09 20:16:58,241 PAT.train INFO: Epoch[34] Iter[360/561] loss:3.260 reid:2.444 pc:0.030 cam:0.786 cam_acc:0.668 ID_acc:0.787 lam:0.2978 lr:6.55e-03
2026-05-09 20:17:28,924 PAT.train INFO: Epoch[34] Iter[420/561] loss:3.232 reid:2.416 pc:0.027 cam:0.789 cam_acc:0.666 ID_acc:0.794 lam:0.2978 lr:6.55e-03
2026-05-09 20:17:59,577 PAT.train INFO: Epoch[34] Iter[480/561] loss:3.191 reid:2.380 pc:0.025 cam:0.786 cam_acc:0.666 ID_acc:0.801 lam:0.2979 lr:6.55e-03
2026-05-09 20:18:30,291 PAT.train INFO: Epoch[34] Iter[540/561] loss:3.147 reid:2.337 pc:0.023 cam:0.787 cam_acc:0.665 ID_acc:0.809 lam:0.2979 lr:6.55e-03
2026-05-09 20:18:39,603 PAT.train INFO: Epoch 34 done. lambda_eff=0.2979 cam_acc=0.667 Time/batch:0.512s Speed:62.5img/s
2026-05-09 20:19:10,976 PAT.train INFO: Epoch[35] Iter[60/561] loss:3.290 reid:2.477 pc:0.021 cam:0.792 cam_acc:0.672 ID_acc:0.777 lam:0.2980 lr:6.47e-03
2026-05-09 20:19:41,509 PAT.train INFO: Epoch[35] Iter[120/561] loss:3.332 reid:2.502 pc:0.043 cam:0.787 cam_acc:0.677 ID_acc:0.764 lam:0.2980 lr:6.47e-03
2026-05-09 20:20:12,094 PAT.train INFO: Epoch[35] Iter[180/561] loss:3.326 reid:2.500 pc:0.057 cam:0.768 cam_acc:0.687 ID_acc:0.765 lam:0.2980 lr:6.47e-03
2026-05-09 20:20:42,665 PAT.train INFO: Epoch[35] Iter[240/561] loss:3.294 reid:2.472 pc:0.055 cam:0.767 cam_acc:0.686 ID_acc:0.776 lam:0.2981 lr:6.47e-03
2026-05-09 20:21:13,293 PAT.train INFO: Epoch[35] Iter[300/561] loss:3.251 reid:2.434 pc:0.049 cam:0.768 cam_acc:0.683 ID_acc:0.785 lam:0.2981 lr:6.47e-03
2026-05-09 20:21:44,352 PAT.train INFO: Epoch[35] Iter[360/561] loss:3.210 reid:2.396 pc:0.043 cam:0.771 cam_acc:0.680 ID_acc:0.793 lam:0.2981 lr:6.47e-03
2026-05-09 20:22:15,023 PAT.train INFO: Epoch[35] Iter[420/561] loss:3.172 reid:2.361 pc:0.038 cam:0.773 cam_acc:0.677 ID_acc:0.802 lam:0.2982 lr:6.47e-03
2026-05-09 20:22:45,679 PAT.train INFO: Epoch[35] Iter[480/561] loss:3.148 reid:2.339 pc:0.034 cam:0.775 cam_acc:0.676 ID_acc:0.810 lam:0.2982 lr:6.47e-03
2026-05-09 20:23:16,324 PAT.train INFO: Epoch[35] Iter[540/561] loss:3.098 reid:2.295 pc:0.031 cam:0.773 cam_acc:0.677 ID_acc:0.818 lam:0.2982 lr:6.47e-03
2026-05-09 20:23:25,607 PAT.train INFO: Epoch 35 done. lambda_eff=0.2982 cam_acc=0.678 Time/batch:0.512s Speed:62.5img/s
2026-05-09 20:23:25,607 PAT.test INFO: Enter inferencing
2026-05-09 20:26:40,524 PAT.test INFO: Validation Results
2026-05-09 20:26:40,524 PAT.test INFO: mAP: 64.9%
2026-05-09 20:26:40,524 PAT.test INFO: CMC curve, Rank-1  :79.1%
2026-05-09 20:26:40,524 PAT.test INFO: CMC curve, Rank-5  :93.4%
2026-05-09 20:26:40,524 PAT.test INFO: CMC curve, Rank-10 :96.8%
2026-05-09 20:26:40,524 PAT.test INFO: total inference time: 194.91
2026-05-09 20:26:40,526 PAT.train INFO: =====saving epoch: 35=====
2026-05-09 20:27:12,994 PAT.train INFO: Epoch[36] Iter[60/561] loss:3.125 reid:2.338 pc:0.023 cam:0.764 cam_acc:0.684 ID_acc:0.785 lam:0.2983 lr:6.38e-03
2026-05-09 20:27:43,680 PAT.train INFO: Epoch[36] Iter[120/561] loss:3.243 reid:2.411 pc:0.051 cam:0.782 cam_acc:0.669 ID_acc:0.775 lam:0.2983 lr:6.38e-03
2026-05-09 20:28:14,419 PAT.train INFO: Epoch[36] Iter[180/561] loss:3.245 reid:2.390 pc:0.072 cam:0.783 cam_acc:0.665 ID_acc:0.785 lam:0.2983 lr:6.38e-03
2026-05-09 20:28:45,111 PAT.train INFO: Epoch[36] Iter[240/561] loss:3.237 reid:2.386 pc:0.067 cam:0.783 cam_acc:0.668 ID_acc:0.789 lam:0.2984 lr:6.38e-03
2026-05-09 20:29:15,812 PAT.train INFO: Epoch[36] Iter[300/561] loss:3.222 reid:2.380 pc:0.058 cam:0.784 cam_acc:0.670 ID_acc:0.794 lam:0.2984 lr:6.38e-03
2026-05-09 20:29:46,537 PAT.train INFO: Epoch[36] Iter[360/561] loss:3.188 reid:2.355 pc:0.053 cam:0.780 cam_acc:0.671 ID_acc:0.802 lam:0.2984 lr:6.38e-03
2026-05-09 20:30:17,305 PAT.train INFO: Epoch[36] Iter[420/561] loss:3.164 reid:2.331 pc:0.049 cam:0.785 cam_acc:0.669 ID_acc:0.809 lam:0.2985 lr:6.38e-03
2026-05-09 20:30:48,317 PAT.train INFO: Epoch[36] Iter[480/561] loss:3.129 reid:2.302 pc:0.043 cam:0.785 cam_acc:0.669 ID_acc:0.817 lam:0.2985 lr:6.38e-03
2026-05-09 20:31:19,069 PAT.train INFO: Epoch[36] Iter[540/561] loss:3.080 reid:2.261 pc:0.038 cam:0.781 cam_acc:0.671 ID_acc:0.824 lam:0.2985 lr:6.38e-03
2026-05-09 20:31:28,917 PAT.train INFO: Epoch 36 done. lambda_eff=0.2985 cam_acc=0.673 Time/batch:0.514s Speed:62.3img/s
2026-05-09 20:32:00,288 PAT.train INFO: Epoch[37] Iter[60/561] loss:3.156 reid:2.387 pc:0.005 cam:0.764 cam_acc:0.681 ID_acc:0.789 lam:0.2985 lr:6.30e-03
2026-05-09 20:32:30,840 PAT.train INFO: Epoch[37] Iter[120/561] loss:3.218 reid:2.429 pc:0.019 cam:0.771 cam_acc:0.686 ID_acc:0.773 lam:0.2986 lr:6.30e-03
2026-05-09 20:33:01,382 PAT.train INFO: Epoch[37] Iter[180/561] loss:3.189 reid:2.382 pc:0.022 cam:0.785 cam_acc:0.674 ID_acc:0.788 lam:0.2986 lr:6.30e-03
2026-05-09 20:33:31,850 PAT.train INFO: Epoch[37] Iter[240/561] loss:3.169 reid:2.355 pc:0.023 cam:0.791 cam_acc:0.672 ID_acc:0.796 lam:0.2986 lr:6.30e-03
2026-05-09 20:34:02,353 PAT.train INFO: Epoch[37] Iter[300/561] loss:3.162 reid:2.346 pc:0.022 cam:0.794 cam_acc:0.669 ID_acc:0.800 lam:0.2986 lr:6.30e-03
2026-05-09 20:34:32,889 PAT.train INFO: Epoch[37] Iter[360/561] loss:3.134 reid:2.324 pc:0.021 cam:0.788 cam_acc:0.672 ID_acc:0.807 lam:0.2987 lr:6.30e-03
2026-05-09 20:35:03,440 PAT.train INFO: Epoch[37] Iter[420/561] loss:3.108 reid:2.299 pc:0.020 cam:0.789 cam_acc:0.671 ID_acc:0.814 lam:0.2987 lr:6.30e-03
2026-05-09 20:35:34,013 PAT.train INFO: Epoch[37] Iter[480/561] loss:3.083 reid:2.275 pc:0.019 cam:0.790 cam_acc:0.672 ID_acc:0.821 lam:0.2987 lr:6.30e-03
2026-05-09 20:36:04,577 PAT.train INFO: Epoch[37] Iter[540/561] loss:3.040 reid:2.234 pc:0.018 cam:0.788 cam_acc:0.673 ID_acc:0.830 lam:0.2987 lr:6.30e-03
2026-05-09 20:36:13,858 PAT.train INFO: Epoch 37 done. lambda_eff=0.2987 cam_acc=0.674 Time/batch:0.511s Speed:62.7img/s
2026-05-09 20:36:45,308 PAT.train INFO: Epoch[38] Iter[60/561] loss:3.195 reid:2.397 pc:0.007 cam:0.791 cam_acc:0.666 ID_acc:0.789 lam:0.2988 lr:6.21e-03
2026-05-09 20:37:15,871 PAT.train INFO: Epoch[38] Iter[120/561] loss:3.244 reid:2.411 pc:0.020 cam:0.814 cam_acc:0.655 ID_acc:0.789 lam:0.2988 lr:6.21e-03
2026-05-09 20:37:46,423 PAT.train INFO: Epoch[38] Iter[180/561] loss:3.247 reid:2.410 pc:0.041 cam:0.796 cam_acc:0.663 ID_acc:0.786 lam:0.2988 lr:6.21e-03
2026-05-09 20:38:17,015 PAT.train INFO: Epoch[38] Iter[240/561] loss:3.198 reid:2.359 pc:0.047 cam:0.792 cam_acc:0.666 ID_acc:0.798 lam:0.2988 lr:6.21e-03
2026-05-09 20:38:47,604 PAT.train INFO: Epoch[38] Iter[300/561] loss:3.167 reid:2.333 pc:0.041 cam:0.793 cam_acc:0.664 ID_acc:0.804 lam:0.2989 lr:6.21e-03
2026-05-09 20:39:18,218 PAT.train INFO: Epoch[38] Iter[360/561] loss:3.163 reid:2.326 pc:0.036 cam:0.801 cam_acc:0.660 ID_acc:0.805 lam:0.2989 lr:6.21e-03
2026-05-09 20:39:49,144 PAT.train INFO: Epoch[38] Iter[420/561] loss:3.127 reid:2.297 pc:0.031 cam:0.798 cam_acc:0.663 ID_acc:0.815 lam:0.2989 lr:6.21e-03
2026-05-09 20:40:19,909 PAT.train INFO: Epoch[38] Iter[480/561] loss:3.091 reid:2.268 pc:0.028 cam:0.795 cam_acc:0.664 ID_acc:0.823 lam:0.2989 lr:6.21e-03
2026-05-09 20:40:50,543 PAT.train INFO: Epoch[38] Iter[540/561] loss:3.044 reid:2.226 pc:0.026 cam:0.791 cam_acc:0.666 ID_acc:0.831 lam:0.2989 lr:6.21e-03
2026-05-09 20:40:59,830 PAT.train INFO: Epoch 38 done. lambda_eff=0.2989 cam_acc=0.667 Time/batch:0.512s Speed:62.5img/s
2026-05-09 20:41:31,193 PAT.train INFO: Epoch[39] Iter[60/561] loss:3.190 reid:2.391 pc:0.009 cam:0.790 cam_acc:0.661 ID_acc:0.800 lam:0.2990 lr:6.13e-03
2026-05-09 20:42:01,807 PAT.train INFO: Epoch[39] Iter[120/561] loss:3.233 reid:2.382 pc:0.073 cam:0.778 cam_acc:0.672 ID_acc:0.801 lam:0.2990 lr:6.13e-03
2026-05-09 20:42:32,385 PAT.train INFO: Epoch[39] Iter[180/561] loss:3.277 reid:2.400 pc:0.096 cam:0.781 cam_acc:0.670 ID_acc:0.795 lam:0.2990 lr:6.13e-03
2026-05-09 20:43:02,975 PAT.train INFO: Epoch[39] Iter[240/561] loss:3.250 reid:2.371 pc:0.104 cam:0.775 cam_acc:0.673 ID_acc:0.803 lam:0.2990 lr:6.13e-03
2026-05-09 20:43:33,544 PAT.train INFO: Epoch[39] Iter[300/561] loss:3.210 reid:2.337 pc:0.094 cam:0.779 cam_acc:0.668 ID_acc:0.810 lam:0.2990 lr:6.13e-03
2026-05-09 20:44:04,061 PAT.train INFO: Epoch[39] Iter[360/561] loss:3.178 reid:2.319 pc:0.081 cam:0.778 cam_acc:0.667 ID_acc:0.815 lam:0.2990 lr:6.13e-03
2026-05-09 20:44:34,625 PAT.train INFO: Epoch[39] Iter[420/561] loss:3.129 reid:2.280 pc:0.071 cam:0.778 cam_acc:0.666 ID_acc:0.823 lam:0.2991 lr:6.13e-03
2026-05-09 20:45:05,241 PAT.train INFO: Epoch[39] Iter[480/561] loss:3.087 reid:2.246 pc:0.064 cam:0.777 cam_acc:0.668 ID_acc:0.830 lam:0.2991 lr:6.13e-03
2026-05-09 20:45:35,833 PAT.train INFO: Epoch[39] Iter[540/561] loss:3.052 reid:2.217 pc:0.058 cam:0.777 cam_acc:0.666 ID_acc:0.838 lam:0.2991 lr:6.13e-03
2026-05-09 20:45:46,169 PAT.train INFO: Epoch 39 done. lambda_eff=0.2991 cam_acc=0.667 Time/batch:0.511s Speed:62.6img/s
2026-05-09 20:46:17,537 PAT.train INFO: Epoch[40] Iter[60/561] loss:3.158 reid:2.369 pc:0.005 cam:0.784 cam_acc:0.675 ID_acc:0.811 lam:0.2991 lr:6.04e-03
2026-05-09 20:46:48,133 PAT.train INFO: Epoch[40] Iter[120/561] loss:3.175 reid:2.369 pc:0.032 cam:0.774 cam_acc:0.680 ID_acc:0.806 lam:0.2991 lr:6.04e-03
2026-05-09 20:47:18,779 PAT.train INFO: Epoch[40] Iter[180/561] loss:3.177 reid:2.339 pc:0.061 cam:0.777 cam_acc:0.676 ID_acc:0.806 lam:0.2991 lr:6.04e-03
2026-05-09 20:47:49,415 PAT.train INFO: Epoch[40] Iter[240/561] loss:3.171 reid:2.325 pc:0.067 cam:0.778 cam_acc:0.671 ID_acc:0.809 lam:0.2992 lr:6.04e-03
2026-05-09 20:48:20,019 PAT.train INFO: Epoch[40] Iter[300/561] loss:3.133 reid:2.296 pc:0.063 cam:0.774 cam_acc:0.674 ID_acc:0.814 lam:0.2992 lr:6.04e-03
2026-05-09 20:48:50,618 PAT.train INFO: Epoch[40] Iter[360/561] loss:3.099 reid:2.272 pc:0.055 cam:0.773 cam_acc:0.675 ID_acc:0.820 lam:0.2992 lr:6.04e-03
2026-05-09 20:49:21,519 PAT.train INFO: Epoch[40] Iter[420/561] loss:3.064 reid:2.245 pc:0.049 cam:0.770 cam_acc:0.675 ID_acc:0.825 lam:0.2992 lr:6.04e-03
2026-05-09 20:49:52,186 PAT.train INFO: Epoch[40] Iter[480/561] loss:3.021 reid:2.206 pc:0.043 cam:0.771 cam_acc:0.674 ID_acc:0.833 lam:0.2992 lr:6.04e-03
2026-05-09 20:50:22,846 PAT.train INFO: Epoch[40] Iter[540/561] loss:2.978 reid:2.169 pc:0.039 cam:0.770 cam_acc:0.675 ID_acc:0.841 lam:0.2992 lr:6.04e-03
2026-05-09 20:50:31,103 PAT.train INFO: Epoch 40 done. lambda_eff=0.2992 cam_acc=0.677 Time/batch:0.512s Speed:62.5img/s
2026-05-09 20:50:31,104 PAT.test INFO: Enter inferencing
2026-05-09 20:53:46,226 PAT.test INFO: Validation Results
2026-05-09 20:53:46,226 PAT.test INFO: mAP: 67.3%
2026-05-09 20:53:46,226 PAT.test INFO: CMC curve, Rank-1  :80.7%
2026-05-09 20:53:46,226 PAT.test INFO: CMC curve, Rank-5  :94.3%
2026-05-09 20:53:46,226 PAT.test INFO: CMC curve, Rank-10 :97.3%
2026-05-09 20:53:46,226 PAT.test INFO: total inference time: 195.12
2026-05-09 20:53:46,228 PAT.train INFO: =====saving epoch: 40=====
2026-05-09 20:54:18,531 PAT.train INFO: Epoch[41] Iter[60/561] loss:3.095 reid:2.309 pc:0.012 cam:0.774 cam_acc:0.674 ID_acc:0.797 lam:0.2993 lr:5.95e-03
2026-05-09 20:54:48,976 PAT.train INFO: Epoch[41] Iter[120/561] loss:3.189 reid:2.354 pc:0.063 cam:0.773 cam_acc:0.673 ID_acc:0.794 lam:0.2993 lr:5.95e-03
2026-05-09 20:55:19,460 PAT.train INFO: Epoch[41] Iter[180/561] loss:3.221 reid:2.325 pc:0.115 cam:0.781 cam_acc:0.668 ID_acc:0.802 lam:0.2993 lr:5.95e-03
2026-05-09 20:55:49,990 PAT.train INFO: Epoch[41] Iter[240/561] loss:3.204 reid:2.303 pc:0.126 cam:0.776 cam_acc:0.671 ID_acc:0.808 lam:0.2993 lr:5.95e-03
2026-05-09 20:56:20,497 PAT.train INFO: Epoch[41] Iter[300/561] loss:3.156 reid:2.265 pc:0.113 cam:0.779 cam_acc:0.670 ID_acc:0.816 lam:0.2993 lr:5.95e-03
2026-05-09 20:56:51,006 PAT.train INFO: Epoch[41] Iter[360/561] loss:3.123 reid:2.246 pc:0.097 cam:0.781 cam_acc:0.670 ID_acc:0.818 lam:0.2993 lr:5.95e-03
2026-05-09 20:57:21,503 PAT.train INFO: Epoch[41] Iter[420/561] loss:3.087 reid:2.218 pc:0.084 cam:0.785 cam_acc:0.667 ID_acc:0.827 lam:0.2993 lr:5.95e-03
2026-05-09 20:57:52,011 PAT.train INFO: Epoch[41] Iter[480/561] loss:3.041 reid:2.182 pc:0.074 cam:0.785 cam_acc:0.668 ID_acc:0.837 lam:0.2993 lr:5.95e-03
2026-05-09 20:58:22,828 PAT.train INFO: Epoch[41] Iter[540/561] loss:2.995 reid:2.147 pc:0.066 cam:0.782 cam_acc:0.669 ID_acc:0.845 lam:0.2994 lr:5.95e-03
2026-05-09 20:58:32,095 PAT.train INFO: Epoch 41 done. lambda_eff=0.2994 cam_acc=0.672 Time/batch:0.510s Speed:62.7img/s
2026-05-09 20:59:03,512 PAT.train INFO: Epoch[42] Iter[60/561] loss:2.987 reid:2.213 pc:0.005 cam:0.770 cam_acc:0.679 ID_acc:0.821 lam:0.2994 lr:5.86e-03
2026-05-09 20:59:33,994 PAT.train INFO: Epoch[42] Iter[120/561] loss:3.102 reid:2.277 pc:0.038 cam:0.787 cam_acc:0.673 ID_acc:0.811 lam:0.2994 lr:5.86e-03
2026-05-09 21:00:04,493 PAT.train INFO: Epoch[42] Iter[180/561] loss:3.138 reid:2.298 pc:0.056 cam:0.783 cam_acc:0.676 ID_acc:0.808 lam:0.2994 lr:5.86e-03
2026-05-09 21:00:35,023 PAT.train INFO: Epoch[42] Iter[240/561] loss:3.122 reid:2.279 pc:0.061 cam:0.781 cam_acc:0.672 ID_acc:0.815 lam:0.2994 lr:5.86e-03
2026-05-09 21:01:05,564 PAT.train INFO: Epoch[42] Iter[300/561] loss:3.088 reid:2.246 pc:0.062 cam:0.780 cam_acc:0.673 ID_acc:0.822 lam:0.2994 lr:5.86e-03
2026-05-09 21:01:36,051 PAT.train INFO: Epoch[42] Iter[360/561] loss:3.074 reid:2.229 pc:0.061 cam:0.784 cam_acc:0.670 ID_acc:0.830 lam:0.2994 lr:5.86e-03
2026-05-09 21:02:06,556 PAT.train INFO: Epoch[42] Iter[420/561] loss:3.035 reid:2.198 pc:0.056 cam:0.781 cam_acc:0.672 ID_acc:0.838 lam:0.2994 lr:5.86e-03
2026-05-09 21:02:37,120 PAT.train INFO: Epoch[42] Iter[480/561] loss:3.006 reid:2.174 pc:0.051 cam:0.781 cam_acc:0.671 ID_acc:0.845 lam:0.2994 lr:5.86e-03
2026-05-09 21:03:07,702 PAT.train INFO: Epoch[42] Iter[540/561] loss:2.968 reid:2.147 pc:0.047 cam:0.774 cam_acc:0.675 ID_acc:0.850 lam:0.2994 lr:5.86e-03
2026-05-09 21:03:16,975 PAT.train INFO: Epoch 42 done. lambda_eff=0.2995 cam_acc=0.676 Time/batch:0.510s Speed:62.7img/s
2026-05-09 21:03:48,333 PAT.train INFO: Epoch[43] Iter[60/561] loss:3.009 reid:2.195 pc:0.003 cam:0.811 cam_acc:0.656 ID_acc:0.820 lam:0.2995 lr:5.77e-03
2026-05-09 21:04:18,923 PAT.train INFO: Epoch[43] Iter[120/561] loss:3.041 reid:2.230 pc:0.009 cam:0.802 cam_acc:0.663 ID_acc:0.817 lam:0.2995 lr:5.77e-03
2026-05-09 21:04:49,461 PAT.train INFO: Epoch[43] Iter[180/561] loss:3.059 reid:2.251 pc:0.026 cam:0.783 cam_acc:0.674 ID_acc:0.817 lam:0.2995 lr:5.77e-03
2026-05-09 21:05:20,034 PAT.train INFO: Epoch[43] Iter[240/561] loss:3.063 reid:2.251 pc:0.032 cam:0.780 cam_acc:0.678 ID_acc:0.824 lam:0.2995 lr:5.77e-03
2026-05-09 21:05:51,136 PAT.train INFO: Epoch[43] Iter[300/561] loss:3.042 reid:2.224 pc:0.034 cam:0.785 cam_acc:0.672 ID_acc:0.831 lam:0.2995 lr:5.77e-03
2026-05-09 21:06:23,140 PAT.train INFO: Epoch[43] Iter[360/561] loss:3.016 reid:2.204 pc:0.030 cam:0.782 cam_acc:0.675 ID_acc:0.837 lam:0.2995 lr:5.77e-03
2026-05-09 21:06:54,821 PAT.train INFO: Epoch[43] Iter[420/561] loss:2.982 reid:2.174 pc:0.026 cam:0.782 cam_acc:0.675 ID_acc:0.842 lam:0.2995 lr:5.77e-03
2026-05-09 21:07:27,337 PAT.train INFO: Epoch[43] Iter[480/561] loss:2.948 reid:2.144 pc:0.024 cam:0.781 cam_acc:0.674 ID_acc:0.849 lam:0.2995 lr:5.77e-03
2026-05-09 21:08:00,553 PAT.train INFO: Epoch[43] Iter[540/561] loss:2.911 reid:2.112 pc:0.021 cam:0.778 cam_acc:0.675 ID_acc:0.855 lam:0.2995 lr:5.77e-03
2026-05-09 21:08:11,258 PAT.train INFO: Epoch 43 done. lambda_eff=0.2995 cam_acc=0.676 Time/batch:0.526s Speed:60.8img/s
2026-05-09 21:08:46,396 PAT.train INFO: Epoch[44] Iter[60/561] loss:3.068 reid:2.296 pc:0.014 cam:0.758 cam_acc:0.681 ID_acc:0.790 lam:0.2995 lr:5.67e-03
2026-05-09 21:09:19,122 PAT.train INFO: Epoch[44] Iter[120/561] loss:3.099 reid:2.296 pc:0.037 cam:0.765 cam_acc:0.682 ID_acc:0.806 lam:0.2996 lr:5.67e-03
2026-05-09 21:09:50,830 PAT.train INFO: Epoch[44] Iter[180/561] loss:3.066 reid:2.252 pc:0.051 cam:0.762 cam_acc:0.681 ID_acc:0.817 lam:0.2996 lr:5.67e-03
2026-05-09 21:10:22,825 PAT.train INFO: Epoch[44] Iter[240/561] loss:3.039 reid:2.218 pc:0.053 cam:0.768 cam_acc:0.680 ID_acc:0.825 lam:0.2996 lr:5.67e-03
2026-05-09 21:10:54,661 PAT.train INFO: Epoch[44] Iter[300/561] loss:3.030 reid:2.208 pc:0.050 cam:0.772 cam_acc:0.677 ID_acc:0.829 lam:0.2996 lr:5.67e-03
2026-05-09 21:11:26,654 PAT.train INFO: Epoch[44] Iter[360/561] loss:3.009 reid:2.186 pc:0.047 cam:0.776 cam_acc:0.675 ID_acc:0.838 lam:0.2996 lr:5.67e-03
2026-05-09 21:11:58,778 PAT.train INFO: Epoch[44] Iter[420/561] loss:2.981 reid:2.160 pc:0.045 cam:0.777 cam_acc:0.673 ID_acc:0.845 lam:0.2996 lr:5.67e-03
2026-05-09 21:12:30,310 PAT.train INFO: Epoch[44] Iter[480/561] loss:2.948 reid:2.132 pc:0.041 cam:0.776 cam_acc:0.674 ID_acc:0.850 lam:0.2996 lr:5.67e-03
2026-05-09 21:13:01,640 PAT.train INFO: Epoch[44] Iter[540/561] loss:2.919 reid:2.106 pc:0.037 cam:0.777 cam_acc:0.674 ID_acc:0.855 lam:0.2996 lr:5.67e-03
2026-05-09 21:13:09,884 PAT.train INFO: Epoch 44 done. lambda_eff=0.2996 cam_acc=0.675 Time/batch:0.537s Speed:59.6img/s
2026-05-09 21:13:42,280 PAT.train INFO: Epoch[45] Iter[60/561] loss:3.014 reid:2.217 pc:0.034 cam:0.763 cam_acc:0.682 ID_acc:0.819 lam:0.2996 lr:5.58e-03
2026-05-09 21:14:13,725 PAT.train INFO: Epoch[45] Iter[120/561] loss:3.053 reid:2.216 pc:0.054 cam:0.782 cam_acc:0.676 ID_acc:0.815 lam:0.2996 lr:5.58e-03
2026-05-09 21:14:45,198 PAT.train INFO: Epoch[45] Iter[180/561] loss:3.014 reid:2.185 pc:0.063 cam:0.766 cam_acc:0.682 ID_acc:0.826 lam:0.2996 lr:5.58e-03
2026-05-09 21:15:16,486 PAT.train INFO: Epoch[45] Iter[240/561] loss:3.017 reid:2.174 pc:0.068 cam:0.775 cam_acc:0.677 ID_acc:0.832 lam:0.2996 lr:5.58e-03
2026-05-09 21:15:47,343 PAT.train INFO: Epoch[45] Iter[300/561] loss:3.024 reid:2.176 pc:0.070 cam:0.778 cam_acc:0.676 ID_acc:0.835 lam:0.2996 lr:5.58e-03
2026-05-09 21:16:18,239 PAT.train INFO: Epoch[45] Iter[360/561] loss:3.005 reid:2.156 pc:0.071 cam:0.778 cam_acc:0.676 ID_acc:0.841 lam:0.2996 lr:5.58e-03
2026-05-09 21:16:48,906 PAT.train INFO: Epoch[45] Iter[420/561] loss:2.972 reid:2.130 pc:0.064 cam:0.778 cam_acc:0.674 ID_acc:0.847 lam:0.2997 lr:5.58e-03
2026-05-09 21:17:20,178 PAT.train INFO: Epoch[45] Iter[480/561] loss:2.944 reid:2.105 pc:0.057 cam:0.782 cam_acc:0.671 ID_acc:0.853 lam:0.2997 lr:5.58e-03
2026-05-09 21:17:51,812 PAT.train INFO: Epoch[45] Iter[540/561] loss:2.908 reid:2.077 pc:0.051 cam:0.779 cam_acc:0.673 ID_acc:0.859 lam:0.2997 lr:5.58e-03
2026-05-09 21:18:01,946 PAT.train INFO: Epoch 45 done. lambda_eff=0.2997 cam_acc=0.675 Time/batch:0.522s Speed:61.3img/s
2026-05-09 21:18:01,947 PAT.test INFO: Enter inferencing
2026-05-09 21:21:17,850 PAT.test INFO: Validation Results
2026-05-09 21:21:17,850 PAT.test INFO: mAP: 69.2%
2026-05-09 21:21:17,850 PAT.test INFO: CMC curve, Rank-1  :82.0%
2026-05-09 21:21:17,850 PAT.test INFO: CMC curve, Rank-5  :94.9%
2026-05-09 21:21:17,850 PAT.test INFO: CMC curve, Rank-10 :97.5%
2026-05-09 21:21:17,850 PAT.test INFO: total inference time: 195.90
2026-05-09 21:21:17,852 PAT.train INFO: =====saving epoch: 45=====
2026-05-09 21:21:51,608 PAT.train INFO: Epoch[46] Iter[60/561] loss:2.981 reid:2.186 pc:0.007 cam:0.788 cam_acc:0.672 ID_acc:0.839 lam:0.2997 lr:5.48e-03
2026-05-09 21:22:22,993 PAT.train INFO: Epoch[46] Iter[120/561] loss:3.041 reid:2.233 pc:0.015 cam:0.792 cam_acc:0.670 ID_acc:0.824 lam:0.2997 lr:5.48e-03
2026-05-09 21:22:54,469 PAT.train INFO: Epoch[46] Iter[180/561] loss:3.027 reid:2.208 pc:0.028 cam:0.791 cam_acc:0.671 ID_acc:0.831 lam:0.2997 lr:5.48e-03
2026-05-09 21:23:25,911 PAT.train INFO: Epoch[46] Iter[240/561] loss:3.026 reid:2.193 pc:0.043 cam:0.790 cam_acc:0.672 ID_acc:0.839 lam:0.2997 lr:5.48e-03
2026-05-09 21:23:57,275 PAT.train INFO: Epoch[46] Iter[300/561] loss:2.997 reid:2.168 pc:0.046 cam:0.782 cam_acc:0.674 ID_acc:0.847 lam:0.2997 lr:5.48e-03
2026-05-09 21:24:28,664 PAT.train INFO: Epoch[46] Iter[360/561] loss:2.985 reid:2.156 pc:0.047 cam:0.783 cam_acc:0.673 ID_acc:0.851 lam:0.2997 lr:5.48e-03
2026-05-09 21:25:00,008 PAT.train INFO: Epoch[46] Iter[420/561] loss:2.963 reid:2.137 pc:0.046 cam:0.781 cam_acc:0.673 ID_acc:0.856 lam:0.2997 lr:5.48e-03
2026-05-09 21:25:31,442 PAT.train INFO: Epoch[46] Iter[480/561] loss:2.927 reid:2.102 pc:0.044 cam:0.781 cam_acc:0.673 ID_acc:0.863 lam:0.2997 lr:5.48e-03
2026-05-09 21:26:03,051 PAT.train INFO: Epoch[46] Iter[540/561] loss:2.894 reid:2.071 pc:0.040 cam:0.782 cam_acc:0.673 ID_acc:0.869 lam:0.2997 lr:5.48e-03
2026-05-09 21:26:12,845 PAT.train INFO: Epoch 46 done. lambda_eff=0.2997 cam_acc=0.674 Time/batch:0.527s Speed:60.8img/s
2026-05-09 21:26:45,631 PAT.train INFO: Epoch[47] Iter[60/561] loss:2.889 reid:2.119 pc:0.005 cam:0.766 cam_acc:0.683 ID_acc:0.841 lam:0.2997 lr:5.39e-03
2026-05-09 21:27:17,475 PAT.train INFO: Epoch[47] Iter[120/561] loss:2.951 reid:2.179 pc:0.016 cam:0.756 cam_acc:0.680 ID_acc:0.833 lam:0.2997 lr:5.39e-03
2026-05-09 21:27:48,823 PAT.train INFO: Epoch[47] Iter[180/561] loss:2.975 reid:2.183 pc:0.029 cam:0.763 cam_acc:0.676 ID_acc:0.836 lam:0.2997 lr:5.39e-03
2026-05-09 21:28:20,498 PAT.train INFO: Epoch[47] Iter[240/561] loss:2.980 reid:2.179 pc:0.037 cam:0.764 cam_acc:0.673 ID_acc:0.839 lam:0.2997 lr:5.39e-03
2026-05-09 21:28:52,143 PAT.train INFO: Epoch[47] Iter[300/561] loss:2.960 reid:2.157 pc:0.040 cam:0.763 cam_acc:0.673 ID_acc:0.846 lam:0.2997 lr:5.39e-03
2026-05-09 21:29:24,064 PAT.train INFO: Epoch[47] Iter[360/561] loss:2.937 reid:2.134 pc:0.041 cam:0.763 cam_acc:0.674 ID_acc:0.851 lam:0.2997 lr:5.39e-03
2026-05-09 21:29:58,306 PAT.train INFO: Epoch[47] Iter[420/561] loss:2.919 reid:2.116 pc:0.039 cam:0.764 cam_acc:0.670 ID_acc:0.856 lam:0.2998 lr:5.39e-03
2026-05-09 21:30:31,532 PAT.train INFO: Epoch[47] Iter[480/561] loss:2.889 reid:2.086 pc:0.037 cam:0.766 cam_acc:0.671 ID_acc:0.862 lam:0.2998 lr:5.39e-03
2026-05-09 21:31:04,775 PAT.train INFO: Epoch[47] Iter[540/561] loss:2.856 reid:2.055 pc:0.033 cam:0.767 cam_acc:0.671 ID_acc:0.868 lam:0.2998 lr:5.39e-03
2026-05-09 21:31:15,438 PAT.train INFO: Epoch 47 done. lambda_eff=0.2998 cam_acc=0.673 Time/batch:0.541s Speed:59.1img/s
2026-05-09 21:31:49,570 PAT.train INFO: Epoch[48] Iter[60/561] loss:2.961 reid:2.173 pc:0.028 cam:0.760 cam_acc:0.690 ID_acc:0.843 lam:0.2998 lr:5.29e-03
2026-05-09 21:32:23,152 PAT.train INFO: Epoch[48] Iter[120/561] loss:3.014 reid:2.181 pc:0.086 cam:0.747 cam_acc:0.699 ID_acc:0.844 lam:0.2998 lr:5.29e-03
2026-05-09 21:32:56,321 PAT.train INFO: Epoch[48] Iter[180/561] loss:3.040 reid:2.186 pc:0.104 cam:0.750 cam_acc:0.692 ID_acc:0.842 lam:0.2998 lr:5.29e-03
2026-05-09 21:33:28,776 PAT.train INFO: Epoch[48] Iter[240/561] loss:3.014 reid:2.152 pc:0.107 cam:0.755 cam_acc:0.691 ID_acc:0.847 lam:0.2998 lr:5.29e-03
2026-05-09 21:34:01,329 PAT.train INFO: Epoch[48] Iter[300/561] loss:2.999 reid:2.135 pc:0.105 cam:0.759 cam_acc:0.689 ID_acc:0.852 lam:0.2998 lr:5.29e-03
2026-05-09 21:34:34,393 PAT.train INFO: Epoch[48] Iter[360/561] loss:2.967 reid:2.106 pc:0.097 cam:0.765 cam_acc:0.681 ID_acc:0.856 lam:0.2998 lr:5.29e-03
2026-05-09 21:35:06,725 PAT.train INFO: Epoch[48] Iter[420/561] loss:2.935 reid:2.081 pc:0.086 cam:0.769 cam_acc:0.678 ID_acc:0.859 lam:0.2998 lr:5.29e-03
2026-05-09 21:35:39,638 PAT.train INFO: Epoch[48] Iter[480/561] loss:2.911 reid:2.060 pc:0.076 cam:0.775 cam_acc:0.673 ID_acc:0.864 lam:0.2998 lr:5.29e-03
2026-05-09 21:36:11,793 PAT.train INFO: Epoch[48] Iter[540/561] loss:2.864 reid:2.023 pc:0.068 cam:0.773 cam_acc:0.674 ID_acc:0.871 lam:0.2998 lr:5.29e-03
2026-05-09 21:36:21,358 PAT.train INFO: Epoch 48 done. lambda_eff=0.2998 cam_acc=0.674 Time/batch:0.548s Speed:58.4img/s
2026-05-09 21:36:53,763 PAT.train INFO: Epoch[49] Iter[60/561] loss:2.912 reid:2.112 pc:0.031 cam:0.769 cam_acc:0.679 ID_acc:0.846 lam:0.2998 lr:5.19e-03
2026-05-09 21:37:25,162 PAT.train INFO: Epoch[49] Iter[120/561] loss:2.963 reid:2.129 pc:0.057 cam:0.778 cam_acc:0.677 ID_acc:0.846 lam:0.2998 lr:5.19e-03
2026-05-09 21:37:56,641 PAT.train INFO: Epoch[49] Iter[180/561] loss:2.996 reid:2.138 pc:0.074 cam:0.783 cam_acc:0.670 ID_acc:0.844 lam:0.2998 lr:5.19e-03
2026-05-09 21:38:28,129 PAT.train INFO: Epoch[49] Iter[240/561] loss:2.980 reid:2.115 pc:0.082 cam:0.783 cam_acc:0.670 ID_acc:0.853 lam:0.2998 lr:5.19e-03
2026-05-09 21:38:59,901 PAT.train INFO: Epoch[49] Iter[300/561] loss:2.975 reid:2.107 pc:0.082 cam:0.786 cam_acc:0.668 ID_acc:0.854 lam:0.2998 lr:5.19e-03
2026-05-09 21:39:31,656 PAT.train INFO: Epoch[49] Iter[360/561] loss:2.942 reid:2.084 pc:0.081 cam:0.778 cam_acc:0.673 ID_acc:0.861 lam:0.2998 lr:5.19e-03
2026-05-09 21:40:03,033 PAT.train INFO: Epoch[49] Iter[420/561] loss:2.929 reid:2.066 pc:0.076 cam:0.787 cam_acc:0.667 ID_acc:0.865 lam:0.2998 lr:5.19e-03
2026-05-09 21:40:33,692 PAT.train INFO: Epoch[49] Iter[480/561] loss:2.902 reid:2.052 pc:0.067 cam:0.784 cam_acc:0.668 ID_acc:0.869 lam:0.2998 lr:5.19e-03
2026-05-09 21:41:04,392 PAT.train INFO: Epoch[49] Iter[540/561] loss:2.871 reid:2.029 pc:0.060 cam:0.783 cam_acc:0.669 ID_acc:0.875 lam:0.2998 lr:5.19e-03
2026-05-09 21:41:13,690 PAT.train INFO: Epoch 49 done. lambda_eff=0.2998 cam_acc=0.670 Time/batch:0.524s Speed:61.1img/s
2026-05-09 21:41:45,559 PAT.train INFO: Epoch[50] Iter[60/561] loss:2.924 reid:2.163 pc:0.006 cam:0.755 cam_acc:0.672 ID_acc:0.852 lam:0.2998 lr:5.09e-03
2026-05-09 21:42:16,360 PAT.train INFO: Epoch[50] Iter[120/561] loss:2.948 reid:2.164 pc:0.029 cam:0.755 cam_acc:0.678 ID_acc:0.848 lam:0.2998 lr:5.09e-03
2026-05-09 21:42:47,155 PAT.train INFO: Epoch[50] Iter[180/561] loss:2.963 reid:2.157 pc:0.049 cam:0.757 cam_acc:0.679 ID_acc:0.849 lam:0.2998 lr:5.09e-03
2026-05-09 21:43:17,977 PAT.train INFO: Epoch[50] Iter[240/561] loss:2.947 reid:2.127 pc:0.061 cam:0.760 cam_acc:0.678 ID_acc:0.851 lam:0.2998 lr:5.09e-03
2026-05-09 21:43:48,905 PAT.train INFO: Epoch[50] Iter[300/561] loss:2.923 reid:2.101 pc:0.061 cam:0.761 cam_acc:0.676 ID_acc:0.857 lam:0.2998 lr:5.09e-03
2026-05-09 21:44:20,506 PAT.train INFO: Epoch[50] Iter[360/561] loss:2.904 reid:2.085 pc:0.053 cam:0.766 cam_acc:0.674 ID_acc:0.861 lam:0.2998 lr:5.09e-03
2026-05-09 21:44:51,863 PAT.train INFO: Epoch[50] Iter[420/561] loss:2.872 reid:2.060 pc:0.046 cam:0.766 cam_acc:0.676 ID_acc:0.866 lam:0.2998 lr:5.09e-03
2026-05-09 21:45:23,422 PAT.train INFO: Epoch[50] Iter[480/561] loss:2.841 reid:2.034 pc:0.041 cam:0.766 cam_acc:0.675 ID_acc:0.870 lam:0.2999 lr:5.09e-03
2026-05-09 21:45:54,710 PAT.train INFO: Epoch[50] Iter[540/561] loss:2.816 reid:2.011 pc:0.036 cam:0.769 cam_acc:0.674 ID_acc:0.875 lam:0.2999 lr:5.09e-03
2026-05-09 21:46:04,295 PAT.train INFO: Epoch 50 done. lambda_eff=0.2999 cam_acc=0.674 Time/batch:0.521s Speed:61.5img/s
2026-05-09 21:46:04,296 PAT.test INFO: Enter inferencing
2026-05-09 21:49:19,832 PAT.test INFO: Validation Results
2026-05-09 21:49:19,833 PAT.test INFO: mAP: 71.3%
2026-05-09 21:49:19,833 PAT.test INFO: CMC curve, Rank-1  :83.2%
2026-05-09 21:49:19,833 PAT.test INFO: CMC curve, Rank-5  :95.5%
2026-05-09 21:49:19,833 PAT.test INFO: CMC curve, Rank-10 :98.0%
2026-05-09 21:49:19,833 PAT.test INFO: total inference time: 195.53
2026-05-09 21:49:19,836 PAT.train INFO: =====saving epoch: 50=====
2026-05-09 21:49:53,236 PAT.train INFO: Epoch[51] Iter[60/561] loss:2.826 reid:2.073 pc:0.002 cam:0.751 cam_acc:0.691 ID_acc:0.861 lam:0.2999 lr:5.00e-03
2026-05-09 21:50:24,612 PAT.train INFO: Epoch[51] Iter[120/561] loss:2.873 reid:2.105 pc:0.016 cam:0.752 cam_acc:0.691 ID_acc:0.856 lam:0.2999 lr:5.00e-03
2026-05-09 21:50:55,956 PAT.train INFO: Epoch[51] Iter[180/561] loss:2.890 reid:2.106 pc:0.030 cam:0.754 cam_acc:0.688 ID_acc:0.857 lam:0.2999 lr:5.00e-03
2026-05-09 21:51:26,701 PAT.train INFO: Epoch[51] Iter[240/561] loss:2.886 reid:2.099 pc:0.032 cam:0.755 cam_acc:0.690 ID_acc:0.858 lam:0.2999 lr:5.00e-03
2026-05-09 21:51:57,372 PAT.train INFO: Epoch[51] Iter[300/561] loss:2.870 reid:2.087 pc:0.029 cam:0.754 cam_acc:0.690 ID_acc:0.862 lam:0.2999 lr:5.00e-03
2026-05-09 21:52:27,991 PAT.train INFO: Epoch[51] Iter[360/561] loss:2.852 reid:2.072 pc:0.026 cam:0.754 cam_acc:0.687 ID_acc:0.865 lam:0.2999 lr:5.00e-03
2026-05-09 21:52:58,647 PAT.train INFO: Epoch[51] Iter[420/561] loss:2.823 reid:2.044 pc:0.023 cam:0.756 cam_acc:0.685 ID_acc:0.872 lam:0.2999 lr:5.00e-03
2026-05-09 21:53:29,350 PAT.train INFO: Epoch[51] Iter[480/561] loss:2.800 reid:2.018 pc:0.021 cam:0.760 cam_acc:0.681 ID_acc:0.876 lam:0.2999 lr:5.00e-03
2026-05-09 21:54:00,084 PAT.train INFO: Epoch[51] Iter[540/561] loss:2.773 reid:1.989 pc:0.020 cam:0.764 cam_acc:0.677 ID_acc:0.881 lam:0.2999 lr:5.00e-03
2026-05-09 21:54:07,843 PAT.train INFO: Epoch 51 done. lambda_eff=0.2999 cam_acc=0.679 Time/batch:0.517s Speed:61.9img/s
2026-05-09 21:54:39,343 PAT.train INFO: Epoch[52] Iter[60/561] loss:2.833 reid:2.026 pc:0.031 cam:0.776 cam_acc:0.674 ID_acc:0.859 lam:0.2999 lr:4.90e-03
2026-05-09 21:55:11,042 PAT.train INFO: Epoch[52] Iter[120/561] loss:2.925 reid:2.089 pc:0.077 cam:0.759 cam_acc:0.682 ID_acc:0.855 lam:0.2999 lr:4.90e-03
2026-05-09 21:55:42,418 PAT.train INFO: Epoch[52] Iter[180/561] loss:2.921 reid:2.072 pc:0.086 cam:0.764 cam_acc:0.678 ID_acc:0.862 lam:0.2999 lr:4.90e-03
2026-05-09 21:56:13,684 PAT.train INFO: Epoch[52] Iter[240/561] loss:2.919 reid:2.065 pc:0.092 cam:0.762 cam_acc:0.681 ID_acc:0.864 lam:0.2999 lr:4.90e-03
2026-05-09 21:56:45,082 PAT.train INFO: Epoch[52] Iter[300/561] loss:2.915 reid:2.065 pc:0.087 cam:0.762 cam_acc:0.683 ID_acc:0.863 lam:0.2999 lr:4.90e-03
2026-05-09 21:57:16,327 PAT.train INFO: Epoch[52] Iter[360/561] loss:2.890 reid:2.045 pc:0.080 cam:0.765 cam_acc:0.681 ID_acc:0.869 lam:0.2999 lr:4.90e-03
2026-05-09 21:57:47,669 PAT.train INFO: Epoch[52] Iter[420/561] loss:2.867 reid:2.028 pc:0.070 cam:0.770 cam_acc:0.678 ID_acc:0.873 lam:0.2999 lr:4.90e-03
2026-05-09 21:58:19,282 PAT.train INFO: Epoch[52] Iter[480/561] loss:2.839 reid:2.005 pc:0.062 cam:0.772 cam_acc:0.677 ID_acc:0.877 lam:0.2999 lr:4.90e-03
2026-05-09 21:58:51,032 PAT.train INFO: Epoch[52] Iter[540/561] loss:2.802 reid:1.975 pc:0.056 cam:0.771 cam_acc:0.677 ID_acc:0.884 lam:0.2999 lr:4.90e-03
2026-05-09 21:59:01,094 PAT.train INFO: Epoch 52 done. lambda_eff=0.2999 cam_acc=0.679 Time/batch:0.524s Speed:61.0img/s
2026-05-09 21:59:33,668 PAT.train INFO: Epoch[53] Iter[60/561] loss:2.883 reid:2.077 pc:0.044 cam:0.762 cam_acc:0.690 ID_acc:0.866 lam:0.2999 lr:4.79e-03
2026-05-09 22:00:05,338 PAT.train INFO: Epoch[53] Iter[120/561] loss:2.988 reid:2.116 pc:0.094 cam:0.778 cam_acc:0.679 ID_acc:0.855 lam:0.2999 lr:4.79e-03
2026-05-09 22:00:36,809 PAT.train INFO: Epoch[53] Iter[180/561] loss:2.984 reid:2.086 pc:0.122 cam:0.775 cam_acc:0.677 ID_acc:0.861 lam:0.2999 lr:4.79e-03
2026-05-09 22:01:08,218 PAT.train INFO: Epoch[53] Iter[240/561] loss:2.940 reid:2.060 pc:0.110 cam:0.770 cam_acc:0.680 ID_acc:0.866 lam:0.2999 lr:4.79e-03
2026-05-09 22:01:39,766 PAT.train INFO: Epoch[53] Iter[300/561] loss:2.920 reid:2.057 pc:0.092 cam:0.772 cam_acc:0.678 ID_acc:0.866 lam:0.2999 lr:4.79e-03
2026-05-09 22:02:11,240 PAT.train INFO: Epoch[53] Iter[360/561] loss:2.887 reid:2.035 pc:0.079 cam:0.773 cam_acc:0.678 ID_acc:0.870 lam:0.2999 lr:4.79e-03
2026-05-09 22:02:42,695 PAT.train INFO: Epoch[53] Iter[420/561] loss:2.861 reid:2.019 pc:0.070 cam:0.772 cam_acc:0.680 ID_acc:0.874 lam:0.2999 lr:4.79e-03
2026-05-09 22:03:13,432 PAT.train INFO: Epoch[53] Iter[480/561] loss:2.833 reid:2.001 pc:0.063 cam:0.769 cam_acc:0.681 ID_acc:0.879 lam:0.2999 lr:4.79e-03
2026-05-09 22:03:44,994 PAT.train INFO: Epoch[53] Iter[540/561] loss:2.800 reid:1.972 pc:0.058 cam:0.771 cam_acc:0.680 ID_acc:0.884 lam:0.2999 lr:4.79e-03
2026-05-09 22:03:54,100 PAT.train INFO: Epoch 53 done. lambda_eff=0.2999 cam_acc=0.682 Time/batch:0.526s Speed:60.8img/s
2026-05-09 22:04:26,672 PAT.train INFO: Epoch[54] Iter[60/561] loss:2.863 reid:2.102 pc:0.043 cam:0.718 cam_acc:0.707 ID_acc:0.858 lam:0.2999 lr:4.69e-03
2026-05-09 22:04:58,236 PAT.train INFO: Epoch[54] Iter[120/561] loss:2.972 reid:2.119 pc:0.113 cam:0.739 cam_acc:0.691 ID_acc:0.855 lam:0.2999 lr:4.69e-03
2026-05-09 22:05:30,162 PAT.train INFO: Epoch[54] Iter[180/561] loss:3.020 reid:2.101 pc:0.168 cam:0.751 cam_acc:0.685 ID_acc:0.864 lam:0.2999 lr:4.69e-03
2026-05-09 22:06:01,686 PAT.train INFO: Epoch[54] Iter[240/561] loss:3.032 reid:2.083 pc:0.193 cam:0.756 cam_acc:0.682 ID_acc:0.868 lam:0.2999 lr:4.69e-03
2026-05-09 22:06:33,051 PAT.train INFO: Epoch[54] Iter[300/561] loss:2.991 reid:2.051 pc:0.182 cam:0.759 cam_acc:0.679 ID_acc:0.871 lam:0.2999 lr:4.69e-03
2026-05-09 22:07:04,366 PAT.train INFO: Epoch[54] Iter[360/561] loss:2.948 reid:2.034 pc:0.153 cam:0.761 cam_acc:0.678 ID_acc:0.873 lam:0.2999 lr:4.69e-03
2026-05-09 22:07:35,999 PAT.train INFO: Epoch[54] Iter[420/561] loss:2.911 reid:2.011 pc:0.132 cam:0.768 cam_acc:0.674 ID_acc:0.878 lam:0.2999 lr:4.69e-03
2026-05-09 22:08:07,707 PAT.train INFO: Epoch[54] Iter[480/561] loss:2.883 reid:1.994 pc:0.116 cam:0.772 cam_acc:0.672 ID_acc:0.883 lam:0.2999 lr:4.69e-03
2026-05-09 22:08:39,898 PAT.train INFO: Epoch[54] Iter[540/561] loss:2.833 reid:1.959 pc:0.104 cam:0.770 cam_acc:0.675 ID_acc:0.889 lam:0.2999 lr:4.69e-03
2026-05-09 22:08:50,085 PAT.train INFO: Epoch 54 done. lambda_eff=0.2999 cam_acc=0.676 Time/batch:0.529s Speed:60.5img/s
2026-05-09 22:09:23,239 PAT.train INFO: Epoch[55] Iter[60/561] loss:2.870 reid:2.083 pc:0.013 cam:0.774 cam_acc:0.676 ID_acc:0.842 lam:0.2999 lr:4.59e-03
2026-05-09 22:09:56,323 PAT.train INFO: Epoch[55] Iter[120/561] loss:2.953 reid:2.131 pc:0.049 cam:0.773 cam_acc:0.680 ID_acc:0.840 lam:0.2999 lr:4.59e-03
2026-05-09 22:10:30,330 PAT.train INFO: Epoch[55] Iter[180/561] loss:2.919 reid:2.092 pc:0.062 cam:0.765 cam_acc:0.682 ID_acc:0.850 lam:0.2999 lr:4.59e-03
2026-05-09 22:11:02,949 PAT.train INFO: Epoch[55] Iter[240/561] loss:2.885 reid:2.063 pc:0.064 cam:0.759 cam_acc:0.686 ID_acc:0.859 lam:0.2999 lr:4.59e-03
2026-05-09 22:11:34,419 PAT.train INFO: Epoch[55] Iter[300/561] loss:2.894 reid:2.068 pc:0.061 cam:0.765 cam_acc:0.684 ID_acc:0.861 lam:0.2999 lr:4.59e-03
2026-05-09 22:12:05,935 PAT.train INFO: Epoch[55] Iter[360/561] loss:2.863 reid:2.044 pc:0.054 cam:0.766 cam_acc:0.683 ID_acc:0.866 lam:0.2999 lr:4.59e-03
2026-05-09 22:12:37,465 PAT.train INFO: Epoch[55] Iter[420/561] loss:2.829 reid:2.019 pc:0.047 cam:0.763 cam_acc:0.683 ID_acc:0.874 lam:0.2999 lr:4.59e-03
2026-05-09 22:13:09,381 PAT.train INFO: Epoch[55] Iter[480/561] loss:2.794 reid:1.989 pc:0.042 cam:0.763 cam_acc:0.681 ID_acc:0.880 lam:0.2999 lr:4.59e-03
2026-05-09 22:13:40,396 PAT.train INFO: Epoch[55] Iter[540/561] loss:2.770 reid:1.966 pc:0.038 cam:0.766 cam_acc:0.679 ID_acc:0.886 lam:0.2999 lr:4.59e-03
2026-05-09 22:13:49,245 PAT.train INFO: Epoch 55 done. lambda_eff=0.2999 cam_acc=0.679 Time/batch:0.537s Speed:59.6img/s
2026-05-09 22:13:49,245 PAT.test INFO: Enter inferencing
2026-05-09 22:17:04,348 PAT.test INFO: Validation Results
2026-05-09 22:17:04,349 PAT.test INFO: mAP: 73.0%
2026-05-09 22:17:04,349 PAT.test INFO: CMC curve, Rank-1  :84.5%
2026-05-09 22:17:04,349 PAT.test INFO: CMC curve, Rank-5  :96.0%
2026-05-09 22:17:04,349 PAT.test INFO: CMC curve, Rank-10 :98.1%
2026-05-09 22:17:04,349 PAT.test INFO: total inference time: 195.10
2026-05-09 22:17:04,351 PAT.train INFO: =====saving epoch: 55=====
2026-05-09 22:17:37,108 PAT.train INFO: Epoch[56] Iter[60/561] loss:2.764 reid:2.014 pc:0.011 cam:0.739 cam_acc:0.696 ID_acc:0.870 lam:0.2999 lr:4.49e-03
2026-05-09 22:18:08,257 PAT.train INFO: Epoch[56] Iter[120/561] loss:2.844 reid:2.063 pc:0.029 cam:0.752 cam_acc:0.688 ID_acc:0.862 lam:0.2999 lr:4.49e-03
2026-05-09 22:18:38,910 PAT.train INFO: Epoch[56] Iter[180/561] loss:2.814 reid:2.033 pc:0.042 cam:0.739 cam_acc:0.699 ID_acc:0.872 lam:0.2999 lr:4.49e-03
2026-05-09 22:19:09,688 PAT.train INFO: Epoch[56] Iter[240/561] loss:2.824 reid:2.028 pc:0.049 cam:0.748 cam_acc:0.694 ID_acc:0.873 lam:0.2999 lr:4.49e-03
2026-05-09 22:19:40,568 PAT.train INFO: Epoch[56] Iter[300/561] loss:2.823 reid:2.018 pc:0.048 cam:0.757 cam_acc:0.690 ID_acc:0.875 lam:0.2999 lr:4.49e-03
2026-05-09 22:20:11,402 PAT.train INFO: Epoch[56] Iter[360/561] loss:2.801 reid:1.997 pc:0.047 cam:0.758 cam_acc:0.688 ID_acc:0.879 lam:0.2999 lr:4.49e-03
2026-05-09 22:20:42,238 PAT.train INFO: Epoch[56] Iter[420/561] loss:2.777 reid:1.976 pc:0.044 cam:0.757 cam_acc:0.687 ID_acc:0.883 lam:0.2999 lr:4.49e-03
2026-05-09 22:21:13,103 PAT.train INFO: Epoch[56] Iter[480/561] loss:2.763 reid:1.966 pc:0.039 cam:0.757 cam_acc:0.685 ID_acc:0.885 lam:0.2999 lr:4.49e-03
2026-05-09 22:21:43,949 PAT.train INFO: Epoch[56] Iter[540/561] loss:2.736 reid:1.943 pc:0.036 cam:0.756 cam_acc:0.684 ID_acc:0.890 lam:0.2999 lr:4.49e-03
2026-05-09 22:21:52,840 PAT.train INFO: Epoch 56 done. lambda_eff=0.2999 cam_acc=0.684 Time/batch:0.516s Speed:62.0img/s
2026-05-09 22:22:24,341 PAT.train INFO: Epoch[57] Iter[60/561] loss:2.827 reid:2.078 pc:0.019 cam:0.730 cam_acc:0.708 ID_acc:0.861 lam:0.2999 lr:4.39e-03
2026-05-09 22:22:55,256 PAT.train INFO: Epoch[57] Iter[120/561] loss:2.887 reid:2.062 pc:0.073 cam:0.753 cam_acc:0.690 ID_acc:0.862 lam:0.2999 lr:4.39e-03
2026-05-09 22:23:26,271 PAT.train INFO: Epoch[57] Iter[180/561] loss:2.921 reid:2.056 pc:0.113 cam:0.752 cam_acc:0.688 ID_acc:0.861 lam:0.2999 lr:4.39e-03
2026-05-09 22:23:58,045 PAT.train INFO: Epoch[57] Iter[240/561] loss:2.948 reid:2.039 pc:0.153 cam:0.757 cam_acc:0.687 ID_acc:0.865 lam:0.3000 lr:4.39e-03
2026-05-09 22:24:29,302 PAT.train INFO: Epoch[57] Iter[300/561] loss:2.964 reid:2.042 pc:0.168 cam:0.754 cam_acc:0.689 ID_acc:0.869 lam:0.3000 lr:4.39e-03
2026-05-09 22:25:00,213 PAT.train INFO: Epoch[57] Iter[360/561] loss:2.916 reid:2.018 pc:0.147 cam:0.751 cam_acc:0.689 ID_acc:0.875 lam:0.3000 lr:4.39e-03
2026-05-09 22:25:31,251 PAT.train INFO: Epoch[57] Iter[420/561] loss:2.877 reid:1.999 pc:0.128 cam:0.750 cam_acc:0.689 ID_acc:0.882 lam:0.3000 lr:4.39e-03
2026-05-09 22:26:03,011 PAT.train INFO: Epoch[57] Iter[480/561] loss:2.838 reid:1.973 pc:0.113 cam:0.751 cam_acc:0.688 ID_acc:0.887 lam:0.3000 lr:4.39e-03
2026-05-09 22:26:34,637 PAT.train INFO: Epoch[57] Iter[540/561] loss:2.804 reid:1.948 pc:0.101 cam:0.754 cam_acc:0.686 ID_acc:0.892 lam:0.3000 lr:4.39e-03
2026-05-09 22:26:44,212 PAT.train INFO: Epoch 57 done. lambda_eff=0.3000 cam_acc=0.687 Time/batch:0.522s Speed:61.3img/s
2026-05-09 22:27:16,399 PAT.train INFO: Epoch[58] Iter[60/561] loss:2.762 reid:1.993 pc:0.015 cam:0.755 cam_acc:0.681 ID_acc:0.893 lam:0.3000 lr:4.29e-03
2026-05-09 22:27:47,842 PAT.train INFO: Epoch[58] Iter[120/561] loss:2.820 reid:2.015 pc:0.045 cam:0.760 cam_acc:0.673 ID_acc:0.877 lam:0.3000 lr:4.29e-03
2026-05-09 22:28:19,215 PAT.train INFO: Epoch[58] Iter[180/561] loss:2.899 reid:2.066 pc:0.081 cam:0.752 cam_acc:0.682 ID_acc:0.865 lam:0.3000 lr:4.29e-03
2026-05-09 22:28:50,726 PAT.train INFO: Epoch[58] Iter[240/561] loss:2.915 reid:2.054 pc:0.112 cam:0.750 cam_acc:0.683 ID_acc:0.870 lam:0.3000 lr:4.29e-03
2026-05-09 22:29:22,258 PAT.train INFO: Epoch[58] Iter[300/561] loss:2.913 reid:2.039 pc:0.124 cam:0.751 cam_acc:0.683 ID_acc:0.872 lam:0.3000 lr:4.29e-03
2026-05-09 22:29:53,665 PAT.train INFO: Epoch[58] Iter[360/561] loss:2.890 reid:2.012 pc:0.126 cam:0.752 cam_acc:0.682 ID_acc:0.878 lam:0.3000 lr:4.29e-03
2026-05-09 22:30:25,258 PAT.train INFO: Epoch[58] Iter[420/561] loss:2.877 reid:2.002 pc:0.122 cam:0.753 cam_acc:0.684 ID_acc:0.879 lam:0.3000 lr:4.29e-03
2026-05-09 22:30:56,665 PAT.train INFO: Epoch[58] Iter[480/561] loss:2.851 reid:1.979 pc:0.122 cam:0.750 cam_acc:0.687 ID_acc:0.883 lam:0.3000 lr:4.29e-03
2026-05-09 22:31:27,707 PAT.train INFO: Epoch[58] Iter[540/561] loss:2.814 reid:1.950 pc:0.114 cam:0.750 cam_acc:0.687 ID_acc:0.889 lam:0.3000 lr:4.29e-03
2026-05-09 22:31:37,465 PAT.train INFO: Epoch 58 done. lambda_eff=0.3000 cam_acc=0.688 Time/batch:0.524s Speed:61.0img/s
2026-05-09 22:32:08,783 PAT.train INFO: Epoch[59] Iter[60/561] loss:2.849 reid:2.076 pc:0.024 cam:0.750 cam_acc:0.680 ID_acc:0.856 lam:0.3000 lr:4.18e-03
2026-05-09 22:32:40,301 PAT.train INFO: Epoch[59] Iter[120/561] loss:2.861 reid:2.066 pc:0.049 cam:0.746 cam_acc:0.688 ID_acc:0.859 lam:0.3000 lr:4.18e-03
2026-05-09 22:33:11,760 PAT.train INFO: Epoch[59] Iter[180/561] loss:2.820 reid:2.028 pc:0.048 cam:0.744 cam_acc:0.690 ID_acc:0.869 lam:0.3000 lr:4.18e-03
2026-05-09 22:33:43,122 PAT.train INFO: Epoch[59] Iter[240/561] loss:2.804 reid:2.011 pc:0.046 cam:0.748 cam_acc:0.690 ID_acc:0.874 lam:0.3000 lr:4.18e-03
2026-05-09 22:34:14,815 PAT.train INFO: Epoch[59] Iter[300/561] loss:2.798 reid:2.007 pc:0.044 cam:0.747 cam_acc:0.690 ID_acc:0.877 lam:0.3000 lr:4.18e-03
2026-05-09 22:34:47,809 PAT.train INFO: Epoch[59] Iter[360/561] loss:2.779 reid:1.990 pc:0.039 cam:0.750 cam_acc:0.688 ID_acc:0.880 lam:0.3000 lr:4.18e-03
2026-05-09 22:35:20,066 PAT.train INFO: Epoch[59] Iter[420/561] loss:2.761 reid:1.974 pc:0.035 cam:0.753 cam_acc:0.687 ID_acc:0.884 lam:0.3000 lr:4.18e-03
2026-05-09 22:35:51,478 PAT.train INFO: Epoch[59] Iter[480/561] loss:2.737 reid:1.951 pc:0.031 cam:0.755 cam_acc:0.687 ID_acc:0.888 lam:0.3000 lr:4.18e-03
2026-05-09 22:36:23,009 PAT.train INFO: Epoch[59] Iter[540/561] loss:2.705 reid:1.924 pc:0.029 cam:0.753 cam_acc:0.687 ID_acc:0.894 lam:0.3000 lr:4.18e-03
2026-05-09 22:36:32,512 PAT.train INFO: Epoch 59 done. lambda_eff=0.3000 cam_acc=0.689 Time/batch:0.529s Speed:60.5img/s
2026-05-09 22:37:04,340 PAT.train INFO: Epoch[60] Iter[60/561] loss:2.793 reid:2.015 pc:0.045 cam:0.733 cam_acc:0.705 ID_acc:0.880 lam:0.3000 lr:4.08e-03
2026-05-09 22:37:35,548 PAT.train INFO: Epoch[60] Iter[120/561] loss:2.907 reid:2.052 pc:0.107 cam:0.748 cam_acc:0.693 ID_acc:0.870 lam:0.3000 lr:4.08e-03
2026-05-09 22:38:07,191 PAT.train INFO: Epoch[60] Iter[180/561] loss:2.934 reid:2.052 pc:0.132 cam:0.750 cam_acc:0.689 ID_acc:0.871 lam:0.3000 lr:4.08e-03
2026-05-09 22:38:38,800 PAT.train INFO: Epoch[60] Iter[240/561] loss:2.924 reid:2.045 pc:0.126 cam:0.753 cam_acc:0.684 ID_acc:0.869 lam:0.3000 lr:4.08e-03
2026-05-09 22:39:10,499 PAT.train INFO: Epoch[60] Iter[300/561] loss:2.879 reid:2.013 pc:0.114 cam:0.752 cam_acc:0.686 ID_acc:0.876 lam:0.3000 lr:4.08e-03
2026-05-09 22:39:43,067 PAT.train INFO: Epoch[60] Iter[360/561] loss:2.854 reid:2.002 pc:0.100 cam:0.752 cam_acc:0.685 ID_acc:0.880 lam:0.3000 lr:4.08e-03
2026-05-09 22:40:16,880 PAT.train INFO: Epoch[60] Iter[420/561] loss:2.812 reid:1.976 pc:0.089 cam:0.748 cam_acc:0.687 ID_acc:0.885 lam:0.3000 lr:4.08e-03
2026-05-09 22:40:49,764 PAT.train INFO: Epoch[60] Iter[480/561] loss:2.784 reid:1.956 pc:0.080 cam:0.748 cam_acc:0.687 ID_acc:0.889 lam:0.3000 lr:4.08e-03
2026-05-09 22:41:22,231 PAT.train INFO: Epoch[60] Iter[540/561] loss:2.747 reid:1.928 pc:0.073 cam:0.746 cam_acc:0.688 ID_acc:0.894 lam:0.3000 lr:4.08e-03
2026-05-09 22:41:32,401 PAT.train INFO: Epoch 60 done. lambda_eff=0.3000 cam_acc=0.689 Time/batch:0.536s Speed:59.7img/s
2026-05-09 22:41:32,401 PAT.test INFO: Enter inferencing
2026-05-09 22:44:47,915 PAT.test INFO: Validation Results
2026-05-09 22:44:47,915 PAT.test INFO: mAP: 74.1%
2026-05-09 22:44:47,915 PAT.test INFO: CMC curve, Rank-1  :85.3%
2026-05-09 22:44:47,915 PAT.test INFO: CMC curve, Rank-5  :96.5%
2026-05-09 22:44:47,915 PAT.test INFO: CMC curve, Rank-10 :98.4%
2026-05-09 22:44:47,915 PAT.test INFO: total inference time: 195.51
2026-05-09 22:44:47,917 PAT.train INFO: =====saving epoch: 60=====
/home/alumnos/e558708/.conda/envs/pat/lib/python3.10/site-packages/torch/nn/init.py:412: UserWarning: Initializing zero-element tensors is a no-op
  warnings.warn("Initializing zero-element tensors is a no-op")
using Transformer_type: part token vit as a backbone
using stride: [16, 16], and patch number is num_y16 * num_x8
using drop_out rate is : 0.0
using attn_drop_out rate is : 0.0
using drop_path rate is : 0.1
Resized position embedding from size:torch.Size([1, 197, 1024]) to size: torch.Size([1, 132, 1024]) with height:16 width: 8
Load 297 / 299 layers.
Loading pretrained ImageNet model......from /media/DiscoLocal/IPCV/UE-ReID/Part-Aware-Transformer-main/model/jx_vit_large_p16_224-4ee7a4dc.pth
===========building our part attention vit===========
2026-05-09 22:45:09,738 PAT.train INFO: Number of parameter: 304.27M
Loading trained model from models/./exp17_dann_equalized/part_attention_vit_60.pth
load weights from part_attention_vit_60.pth
2026-05-09 22:45:10,788 PAT INFO: => Loaded UrbanElementsReID
2026-05-09 22:45:10,788 PAT INFO:   ----------------------------------------
2026-05-09 22:45:10,788 PAT INFO:   subset   | # ids | # images | # cameras
2026-05-09 22:45:10,788 PAT INFO:   ----------------------------------------
2026-05-09 22:45:10,788 PAT INFO:   query    |  1088 |    11175 |         3
2026-05-09 22:45:10,789 PAT INFO:   gallery  |  1088 |    11175 |         3
2026-05-09 22:45:10,789 PAT INFO:   ----------------------------------------
2026-05-09 22:45:10,789 PAT.test INFO: Enter inferencing
2026-05-09 22:48:26,458 PAT.test INFO: Validation Results
2026-05-09 22:48:26,458 PAT.test INFO: mAP: 74.0%
2026-05-09 22:48:26,458 PAT.test INFO: CMC curve, Rank-1  :85.2%
2026-05-09 22:48:26,458 PAT.test INFO: CMC curve, Rank-5  :96.5%
2026-05-09 22:48:26,458 PAT.test INFO: CMC curve, Rank-10 :98.4%
2026-05-09 22:48:26,458 PAT.test INFO: total inference time: 195.44
saving final checkpoint. Do not interrupt!
done!
