2502 2152 1371 84 1605 2141 941 2572 1726 1139 2263 1953 1525 2348 2841 2567 214 1280 1602 1866 2623 2678 5 2751 1171 844 22 2386 244 2109 2457 2448 1696 1214 1198 1515 106 2115 1084 1616 1199 509 1659 117 785 327 1927 96 2303 1632 2030 2153 1032 744 2203 1205 894 2060 2128 2554 609 189 419 1661 2374 2725 2464 1184 2056 1364 1064 45 1979 1113 621 2182 298 973 1251 957 2705 1960 2831 851 2522 474 2760 1083 1488 2791 2404 236 150 300 2688 1365 1570 1738 171 1641
2044 2528 2411 2501 1934 1644 1656 85 2790 1102 1624 312 2817 2832 987 188 817 1926 659 556 943 1407 635 2300 1405 1319 221 611 1386 547 2082 2270 2213 630 1552 2012 1983 2397 2574 2011 1208 2779 224 1092 463 413 606 915 1817 197 136 1029 854 155 2599 1422 2631 1582 319 128 992 2419 1782 1484 1902 2375 2358 1414 1617 1993 1190 488 1948 559 2626 445 2222 1835 1417 2836 1501 2646 2391 1305 178 1284 1308 2400 622 2001 1489 900 860 1700 2840 2762 2034 1737 259 2023
1516 1894 742 2609 1800 1645 1138 1731 1871 2613 288 1707 257 2843 664 538 1454 1007 883 843 2110 1546 2763 1385 773 535 519 1779 186 811 11 937 410 434 2102 1992 406 2219 709 2516 2145 544 1511 1079 2788 1969 2151 605 1131 1526 1783 253 2196 1794 1670 365 248 338 1040 1527 1309 2005 1966 112 1498 2341 392 1133 1573 610 593 2746 435 336 678 1174 2364 2549 1634 1393 1466 749 1455 648 730 2033 1243 32 774 2251 1169 1005 1110 902 1075 1913 1379 1968 2492 673
1721 2809 1876 1473 12 2507 997 1904 1390 2622 2657 627 1165 121 2308 191 67 193 988 536 974 1944 444 637 315 1075 2719 1753 1185 2772 1452 1759 1777 1886 2315 368 140 202 1557 2617 1055 1252 2757 569 494 2302 2777 1125 2478 1968 2708 1771 2077 1132 2583 2728 2741 2598 2580 1142 1868 1067 2089 482 2704 1341 2143 1088 1012 1613 1892 682 1223 1810 2712 1931 2509 2220 1076 1588 2015 619 2090 521 1463 939 2057 1430 532 24 662 692 2735 2702 2251 2161 79 2024 1874 1236
777 1996 1091 465 2422 2785 230 2523 34 1914 926 47 1224 1818 2180 564 2202 2129 1178 683 2281 2700 1116 1838 1714 499 1713 2745 1476 1990 39 88 1180 2288 1228 2190 76 2495 1357 1593 832 1672 1176 2437 983 132 540 751 1785 1353 2547 1693 824 1971 1161 1535 1836 576 1449 695 1743 1087 739 1847 1856 1786 407 291 1513 1773 1093 1898 1804 617 792 1883 2277 1257 614 95 1631 1213 2656 596 2066 2114 2827 967 1561 676 1801 1028 2784 2224 1749 2296 1346 341 1690 2159
2034 2545 2433 1796 2213 2713 659 64 2376 2309 48 1569 100 1453 1490 2721 1624 1901 715 1860 439 2528 562 2411 1644 305 2817 1656 2790 201 817 1407 1934 987 2501 1926 2044 85 1102 155 188 1640 1584 312 2832 2023 556 2300 1552 2650 51 1993 635 1319 1405 2082 943 547 2241 2556 1381 1948 221 1782 1096 1416 1658 611 1878 2270 2826 2631 1386 1636 2352 992 497 1617 2439 674 2272 2289 2815 1544 2836 1663 1218 1586 712 2046 260 947 563 1840 2419 900 168 1328 1316 2045
1938 1833 1443 1747 889 2686 767 277 2496 2702 431 2510 369 211 2532 1125 70 1753 2315 2478 1460 1989 18 2 2777 1842 2772 2077 2663 2818 951 601 1834 2015 1252 1557 1980 2757 1759 1035 2622 1390 2561 1839 1418 2685 1976 315 39 1340 578 1114 2288 164 1845 769 2556 684 250 1413 1165 1767 2149 931 461 2302 2577 2671 1788 907 126 156 121 1975 2482 1821 161 1720 2624 2352 1496 2276 2388 2016 72 1952 1357 853 1922 848 1548 1391 1817 193 433 990 1417 536 2808 1399
103 297 2624 688 1235 502 990 2471 2601 1323 1845 126 1186 284 578 1114 848 768 1830 1767 931 2314 1340 702 2276 1391 1413 1608 522 903 1908 1107 65 835 2388 1720 1821 250 1512 1310 1975 684 1254 2667 2478 1406 1165 1905 1012 2757 1390 249 1753 627 1125 1759 2121 2077 569 2090 988 1809 1075 193 1810 2302 277 2772 2149 2240 1175 2777 1557 86 10 2509 121 202 369 1531 102 2622 1951 1839 485 1959 2016 67 364 767 2561 2350 2778 2114 737 876 1144 431 2462 2329
1979 117 327 1659 1198 1184 2303 1205 2203 275 2791 2030 2014 498 425 466 2124 375 1502 1326 2179 1687 1080 473 23 2128 306 2169 1426 167 2263 2366 510 2521 1084 1488 1738 1061 148 1113 423 1397 2508 420 594 1922 2768 298 1637 163 2351 205 388 973 2572 1400 1556 1371 1537 2222 2678 2115 690 1616 2620 2162 1591 2726 851 1960 2494 2623 448 1661 844 2359 2457 1570 1641 1280 796 20 980 907 1884 1744 454 1285 2118 1015 1610 1423 1525 1232 474 2448 2573 933 1954 2828
340 2668 1562 176 332 2227 2786 979 2743 1393 1033 1256 2384 2029 554 1890 1065 21 555 2108 868 289 1686 571 2423 1888 1418 417 2451 429 597 199 681 886 743 878 802 432 62 292 78 1398 1553 361 302 1492 142 893 2267 427 1430 2078 2380 1053 1699 1431 866 2415 1793 2217 901 1236 36 2117 733 1886 569 500 536 193 1233 121 437 1588 988 1132 2568 760 380 680 1390 981 945 1599 1499 2074 1597 29 2038 1528 2647 707 2333 1557 2090 1628 823 1399 770 639
239 653 1127 2164 2794 2091 1961 290 1274 2531 799 2693 654 1781 252 1647 525 2311 721 408 2402 1972 1282 1011 49 356 1780 1875 296 2232 113 1240 2061 1356 2137 822 1921 1568 131 1303 495 245 268 209 1843 1024 1317 383 1395 1787 1262 1756 1248 2285 2698 2396 805 1273 2173 618 1789 1472 806 33 2280 1655 1967 452 838 927 200 224 449 330 2279 1503 643 1143 2611 1378 1275 1813 2505 2465 1692 484 1612 1831 2407 1008 2687 331 771 1941 129 139 1124 2236 61 2099
834 1044 1621 1277 897 2555 2452 908 1727 599 2537 2446 1482 2080 2058 2642 1719 147 2136 2550 2383 924 441 2754 1104 575 1523 2695 666 2595 1669 1507 422 1244 1006 2296 1620 935 393 612 2019 1194 1691 2495 2339 1016 2212 1327 141 1804 2573 2793 2163 1112 373 584 1447 85 55 1023 996 1353 2750 676 2530 2481 569 345 792 2104 1624 1271 2096 453 1270 71 932 2604 1487 1144 397 1341 273 1145 463 2395 7 845 863 728 2340 1200 1491 400 665 1646 30 1047 638 974
1434 1298 1760 2112 1004 1712 75 182 1343 954 2737 940 149 1685 2497 63 198 1019 949 1333 2016 310 1103 1999 783 60 2149 2022 2827 2441 1304 2111 1631 1856 1749 291 596 95 2656 1197 2542 1334 1693 1535 576 1743 2547 832 2242 1561 2125 2566 1593 751 2004 1597 2039 2615 2123 656 1483 1867 1836 1665 1733 228 2327 366 2582 376 617 1722 1930 421 2224 1542 1601 689 1529 2356 746 1269 824 1558 707 2332 2838 424 263 1887 1792 1358 1193 1849 2184 2072 2116 2390 720 706
2669 2070 192 2025 61 207 1506 1787 653 225 1141 2794 2396 1274 356 654 296 239 209 408 1282 1127 1781 383 1780 49 139 245 525 838 1961 2173 290 2091 2164 216 2311 1918 1612 113 418 27 2280 200 618 252 1262 1505 1356 1273 1240 625 1555 2316 455 2698 1598 679 1299 1168 1216 1435 1248 2531 1924 1472 2017 858 326 159 33 2279 580 495 344 1124 1929 1118 449 1647 1692 2693 1143 1011 331 2690 1972 1297 2611 721 2053 1822 346 1481 2467 430 1018 2402 31 782
1254 1512 1277 1310 834 65 1107 903 575 2383 441 2555 2754 2080 2058 1482 1523 2695 835 2395 768 373 1821 1720 1016 845 1727 584 284 1908 702 393 2388 1691 1975 1340 1147 250 830 1120 1608 1678 931 1244 1450 2019 2275 2136 1830 1732 684 1104 603 1620 1669 2802 2733 1517 1646 309 2239 1458 83 1114 462 2641 55 1767 187 1178 397 2630 848 2823 2605 1169 861 2684 2518 333 1336 728 2079 2073 398 2340 590 357 993 1217 2780 2550 32 1950 2176 1382 863 2601 2471 2422
57 1580 1234 210 2174 1861 2418 280 2461 1276 793 1859 1034 1392 2662 1072 1792 421 704 1930 77 1375 2456 2004 2125 294 1758 570 493 1664 1724 1947 2229 2330 2186 1575 2189 133 1665 746 884 2374 1576 1716 1348 2327 1043 689 185 2155 1292 756 857 2659 801 1350 228 2590 1551 1030 2123 2039 1457 976 934 885 548 2356 1765 1229 1887 2332 82 1776 263 2493 2548 798 583 2838 1345 1877 797 514 656 1377 2694 1191 1358 2198 1857 287 2739 2247 2184 1169 720 1675 1279 242
2464 2725 957 1766 2404 609 1889 509 2448 2457 844 744 2348 1866 214 1139 1602 5 1515 1605 244 1953 2115 1199 2751 2168 1616 2567 2128 2124 1171 1214 22 106 2502 2014 498 2152 2678 1596 1696 2109 466 306 1061 1927 1326 375 1661 785 1032 2425 425 43 2197 2060 2150 171 189 2366 1637 2572 1726 2508 300 2083 621 1659 882 388 163 2230 2562 2203 2182 1556 2705 2498 1205 96 2831 1108 2476 117 1015 2351 1632 1610 2169 2760 473 690 2841 42 1880 1858 270 1364 2612 387
503 711 633 772 1680 2250 1704 2322 2479 1335 2557 1532 28 2228 238 330 1563 671 2193 532 696 2099 602 1708 152 2052 972 849 505 2819 2028 458 587 2552 2681 354 1956 2592 2119 2742 1741 1376 2365 92 2181 2500 2177 1332 2716 313 81 1827 1111 2527 2370 734 2814 1896 523 68 705 2689 1339 847 1746 968 2191 2674 261 2283 2144 1789 2698 740 1273 1117 726 1182 268 553 331 2237 1967 771 175 927 1917 131 326 467 53 159 2470 1297 618 1961 655 580 1831 1955
1752 1146 1636 1965 1316 1496 2815 950 2556 2272 1948 4 1840 2367 194 2352 1416 1096 1051 2628 1218 2069 1799 1586 2713 1860 2241 1202 1545 1658 2836 1381 674 2832 817 1261 201 1782 1123 59 497 312 1624 440 613 2433 2439 978 1437 563 1544 2477 168 2840 2767 1422 155 1878 2309 2553 1926 900 2289 2714 659 663 1148 2046 987 2652 2011 1328 2790 1663 231 1102 2826 1552 188 1644 1934 1656 1486 1901 1640 2515 259 518 2817 735 992 319 433 1319 1617 547 1045 947 556 1737
1539 352 969 1242 273 2524 2104 2226 147 2473 879 557 2460 2363 1619 1863 1925 1059 1520 1 2595 1366 2727 1660 1816 2709 1480 2431 307 342 2607 385 551 2633 667 2175 1982 234 577 2783 1572 2399 1349 1025 1811 1355 2468 2444 913 2385 2139 867 1803 814 414 2797 685 1167 1815 2710 2092 1629 2833 2158 1540 2844 2371 472 2269 1421 669 299 160 2403 2340 2576 888 1514 127 1078 1524 1571 2635 476 226 203 741 1509 46 2758 264 2266 891 2740 2094 961 1530 1069 1618 2781
2827 2441 1856 2111 95 596 310 1743 1999 2547 1749 88 2190 2202 1476 132 2745 824 1103 695 1176 983 576 1693 2785 1914 1593 2149 1093 777 949 1343 2737 1631 1197 940 2656 2112 2422 1004 783 1434 60 198 1019 407 1298 63 2242 1760 1996 291 2016 75 1535 1712 1685 2497 832 954 1304 149 751 617 182 1333 1091 540 1898 689 1334 2374 1727 1713 1116 2022 2125 2004 683 2039 1561 1204 1930 1672 2615 1665 1804 1714 1945 2058 2281 376 34 2582 2542 1513 746 2114 228 39
2281 39 2288 926 1818 564 230 1357 2495 1180 1996 751 76 777 1538 1091 2239 187 1593 2073 920 1482 541 736 379 1950 1601 1919 2080 2036 32 917 1467 2699 1693 902 2033 993 739 2326 441 83 1748 2489 2656 590 1846 1943 2247 2258 1523 87 2493 362 2785 1836 1459 1914 2563 2695 2383 2437 2114 469 88 824 1014 1713 2547 198 596 60 2202 1304 683 575 2224 1476 1197 1856 2296 1714 2641 2324 462 845 2149 373 2497 47 1116 397 465 1672 2422 55 95 2176 2111 1633
1504 2512 850 2362 222 2218 2355 1436 1305 935 2096 2750 2691 1790 836 1052 2342 755 1933 2645 2201 2450 1321 2071 1098 2156 2829 177 1736 461 477 1903 2122 2679 1709 1163 816 897 1085 1806 2163 2432 629 1638 453 1628 1023 141 612 981 2420 2593 1267 401 2055 2452 99 380 73 760 2074 437 1976 1233 1599 174 1155 164 2722 1145 156 1047 1510 72 2775 2098 399 2000 1808 2577 595 694 1911 1688 823 144 2274 2161 1404 2587 460 172 632 2747 1784 1415 2009 1872 2446 281
1146 1752 4 1545 1799 1202 2367 2069 1624 59 950 2389 817 626 1644 1737 2832 312 2790 1407 2817 2082 2501 2270 1934 1656 1102 826 613 556 1926 987 547 283 266 2477 2411 1319 2528 188 1386 943 611 85 221 2300 2044 1405 635 2767 1965 1316 735 433 2714 2289 2148 1840 2840 1552 1092 1328 440 2515 1983 259 1636 550 2652 1190 2397 2424 1414 2631 1663 1437 2011 900 1422 1208 2241 674 947 659 2836 2312 1046 480 1486 169 978 2419 1782 155 2133 1489 2544 2538 2574 2707
757 754 1728 1231 1533 2756 2021 2320 1149 2533 29 2673 286 2172 218 2024 1804 967 293 1597 426 24 2430 2143 2784 240 634 135 1719 1898 1300 2277 1312 119 1689 304 558 483 80 1296 545 1883 213 1265 2178 2472 2295 1984 1394 2413 1383 2113 1801 251 707 1213 789 2335 1829 2066 2546 1093 1389 2323 2504 1427 2644 766 658 1593 853 2759 2638 2408 1478 328 2022 252 2238 1115 1683 1353 983 1598 2354 101 727 2054 395 572 1448 1230 184 529 792 2235 1469 1175 679 2381
1022 346 2821 1378 52 2467 2690 2465 2505 753 363 1481 418 402 108 478 467 786 1438 1662 2398 758 936 2407 1465 628 2244 1220 1008 484 2301 471 2429 780 2634 2059 534 53 806 655 389 2765 840 1918 1048 2285 430 782 2632 1692 89 1018 1039 2070 1730 1395 2687 1356 2611 999 726 225 295 138 643 455 452 1140 1612 2669 1026 2025 331 192 1929 61 2806 1317 1275 1787 207 2142 1503 1921 2232 290 1756 504 1568 2061 1303 1789 1655 1831 1472 654 2715 31 1262 326
1944 1055 2294 2766 2728 2207 725 2558 1825 165 1056 447 2825 1940 1986 1130 2580 1452 2741 137 2719 2292 204 899 494 1212 2506 2736 2319 116 2135 1606 2842 692 1126 146 1899 1876 1841 2057 67 2435 140 1067 12 627 2291 1868 574 790 1223 2583 2708 1134 1810 1874 1463 2509 1012 1962 1406 442 1075 1547 686 1935 249 2041 97 657 202 2350 1001 79 1185 2511 1777 362 2286 246 2121 722 2683 2258 647 2436 682 2598 804 2665 2068 1897 1965 1905 1362 1473 674 2240 2815 10
196 353 776 98 2474 701 1625 1643 1819 1864 910 869 2361 2081 585 781 2334 2462 1402 2067 1344 1963 1042 2103 381 809 276 233 2353 2256 69 2264 2027 871 1600 2391 1633 2001 2363 2460 1245 2691 1565 2101 2677 2362 2165 1170 1751 2012 1667 2431 1480 862 1537 2803 40 2132 557 84 941 1768 2734 1973 640 425 385 2582 1704 1585 2783 515 224 865 1077 513 1850 915 975 285 669 2593 2385 2210 1619 392 629 796 879 492 247 1708 2278 1539 1080 2157 2147 2512 2709 1173
2687 1730 1929 1275 2806 2773 295 504 455 2715 31 1655 1831 927 467 1789 1011 1706 464 326 1240 159 580 999 1097 484 2059 2062 1293 2301 2236 1262 726 806 430 268 1475 331 655 1297 534 1875 1822 1022 1026 1378 1143 418 2285 2765 53 1692 2407 131 2429 1481 618 782 1273 452 471 200 225 1008 1118 1018 1662 1438 478 290 2142 1568 840 1843 2465 2505 1813 1755 33 108 125 2025 52 389 363 2402 753 1972 2669 2398 721 402 2693 1506 2632 1647 2316 346 2070 1503
2414 1177 107 2176 2641 55 397 728 1669 2604 1507 1104 2550 1194 2019 575 2754 2326 736 379 1467 187 32 1691 2360 1919 2159 541 1748 1950 920 2036 469 2234 1459 993 1014 902 2073 2033 1028 2239 917 153 1720 1690 2080 1821 2233 584 1975 590 441 1943 2603 83 1523 1016 2383 373 87 2661 1372 1259 2752 2192 400 250 462 1970 680 193 2254 834 1832 2347 2695 382 684 1734 2297 357 2733 457 2684 1268 1601 1482 1192 2395 827 121 2637 1277 988 1132 2630 2154 2447 818
1721 2809 1876 1473 12 1931 1677 1759 271 2728 1771 2526 1892 608 121 2622 2757 2220 1895 494 1055 1390 574 1874 1944 2057 1472 682 2708 2625 526 193 18 1056 1012 994 1753 988 1406 2735 898 2207 447 146 202 769 2291 1842 1942 1125 2478 974 70 2438 2022 864 968 1185 2825 2089 433 249 1834 140 725 1868 1333 431 274 2051 1552 1253 315 1207 1075 2077 1917 1252 2482 59 1998 2409 2764 2148 601 2719 1117 536 1799 2683 1452 2149 284 2777 990 1408 674 173 1235 2028
2484 2844 837 264 299 1122 2412 2092 2455 2063 2797 1622 2833 428 2139 1009 2371 2269 1815 1982 1549 2576 1814 1159 2776 600 2100 2486 1735 2403 1338 667 741 317 642 262 891 1698 2811 846 1238 2223 267 1291 403 573 195 2473 1571 2731 2255 1589 1925 2385 17 1863 1619 2338 888 2189 90 1095 2253 1862 1409 641 2372 160 2801 2460 2635 349 352 1078 2175 687 1373 2094 2158 1509 1994 1 1421 1618 557 879 226 2273 2215 1295 2771 1530 2740 2717 2431 1520 2709 472 669 2727
239 1961 2164 2794 1127 654 653 1781 2091 1274 525 2311 245 1647 209 1282 1787 1972 356 408 296 721 2402 2070 1780 49 113 2396 1356 838 139 200 2531 2025 1011 2061 1248 61 625 1240 1435 679 1143 449 1921 1118 383 1097 207 618 2669 1293 2280 2316 2173 252 192 159 326 1598 580 290 1472 1822 2062 799 225 33 1317 1875 1756 1018 1141 2137 1273 1124 2236 131 2698 1037 31 782 216 858 2017 1917 2693 1187 1692 1918 1967 1395 822 1941 1929 2279 1505 268 495 1475
2152 2502 84 1371 2141 1726 1605 941 2263 2678 2572 2386 5 2567 844 1139 244 1953 2448 1525 1866 2348 1280 2841 2457 1616 214 2115 2623 1515 2751 785 1602 1198 2056 1171 22 106 509 1199 1214 45 2182 117 1696 2203 236 1458 2128 1064 183 2725 2608 1659 2760 2522 2464 621 1084 1113 1364 398 2109 171 1205 609 2503 1251 1927 1184 2303 1768 2761 327 957 2048 1596 189 2425 2688 2030 973 1632 1365 1979 96 298 2612 2060 1560 2498 1032 270 2705 744 2562 2197 2401 732 1960
645 1649 2767 1054 1444 1679 1663 947 1623 1328 2707 2837 2836 169 1544 2439 1782 2011 1029 1381 1658 2628 51 2241 1840 1045 735 1617 2840 440 2735 1218 2650 1261 445 197 1993 2046 1640 1422 155 463 2050 992 712 2352 2289 2130 194 550 1552 305 1860 134 659 201 2713 1051 674 2631 179 2088 2556 563 2375 2649 319 433 2826 1253 497 2272 965 2545 64 2454 1417 2815 1586 2515 1416 1307 260 1948 860 1123 900 1489 2769 1486 562 1437 1369 1710 59 1067 904 489 906 1636
1113 1477 2494 1960 2503 909 2620 1591 1616 1922 594 1687 2421 882 1232 244 2115 1400 1462 851 1757 1949 123 327 423 40 1255 629 1696 986 281 2571 2677 398 84 2386 148 420 2348 1139 1488 2101 1458 1866 1426 214 2359 750 690 745 2203 334 1184 1397 1038 1754 2150 1537 117 941 1738 1605 23 2768 482 953 300 1198 1471 1474 762 1603 844 1199 676 1541 1953 1979 2161 2179 510 1602 2535 1371 1570 796 325 2362 835 2152 820 2526 2220 531 498 2512 2278 2464 380 1326
574 1439 2291 2057 1223 647 2639 2683 1874 494 146 2051 2435 1899 598 2183 2499 657 2708 531 2220 1592 2569 1931 482 1185 2704 682 939 2438 491 2526 1725 2089 1433 368 1777 444 677 974 1088 140 1868 1937 2393 2580 948 2286 271 274 2813 1555 1639 864 2427 994 2382 2445 804 526 1408 2440 329 1452 255 608 1055 1944 2248 1942 2728 508 686 1330 725 1949 1771 1076 2436 1998 2421 1473 1464 2294 331 2037 1819 1892 266 59 1677 2207 2598 640 844 244 1515 217 2389 2558
2840 445 2375 197 1710 463 2515 2011 1701 1788 433 1417 2289 860 1895 2454 1552 550 1663 1489 2769 1045 2241 712 659 348 26 2130 1983 2544 1369 2397 1328 2050 1870 925 179 1437 1617 1656 769 900 480 1092 1486 674 817 2817 1658 524 2650 735 2714 260 559 1422 2652 1623 2200 2826 1640 1307 2574 970 977 1029 188 1208 168 2649 1381 2133 489 1428 2538 259 2419 1319 663 645 1878 1054 943 2707 1782 978 2628 635 1414 51 1172 2035 2735 1151 906 2790 2606 319 221 1993
2171 2810 2666 650 2043 2816 1891 2346 1916 475 1723 2841 807 6 2643 759 285 411 1260 1188 1221 922 1702 1603 181 468 1570 732 1284 620 582 546 1153 37 1541 334 820 372 750 1456 1761 980 122 1865 1083 1763 1227 1882 2502 1858 510 1884 1502 2179 1610 1697 298 659 375 1605 1308 2387 2118 1326 2268 420 2261 1082 2313 1397 2167 2634 2410 148 724 1488 2779 1062 117 956 2194 840 1139 2521 973 1738 488 1412 1797 1184 1015 129 501 2768 782 2303 1654 327 1074 1703
1656 2790 2528 1934 2411 2817 2044 1102 1644 2501 817 312 1926 2832 85 2300 1624 943 987 188 221 635 1405 1407 556 2082 1319 2270 611 1386 547 659 2012 1146 630 2397 1208 1983 1552 1752 2574 197 1092 463 2454 2375 1782 4 2011 1437 860 1417 1737 1948 1710 1369 559 2652 1414 1416 900 1328 2419 26 606 1422 2714 1489 2836 51 2631 433 1381 1617 155 518 1663 712 1788 1658 1895 2707 2767 445 550 2564 1316 2779 1096 2826 925 769 1993 2544 674 224 2241 2367 1045 2358
1118 1143 1822 1293 1097 159 1972 721 326 2061 2402 1647 2062 580 1921 31 2715 1297 430 1303 1756 1395 1317 1011 799 1755 2236 331 805 1050 1124 655 1037 1967 1475 1568 2053 1472 1692 1026 1831 1140 1187 1635 390 1655 504 1715 1273 999 1648 1018 1789 455 2406 782 478 1875 927 125 2465 2505 314 2693 2398 2687 643 1918 2632 753 1730 1262 2407 1706 2611 464 1008 726 108 1048 2698 1929 1378 936 1612 452 653 467 1961 268 2301 654 788 1335 1281 1039 806 2794 822 471
673 1966 749 593 2151 1311 2788 1068 1946 2299 2364 1379 1243 1794 2730 937 2697 1131 2843 2549 1670 821 535 2377 2290 2196 2251 1005 1783 678 855 2746 774 112 1040 2492 2005 1142 2417 2243 1850 1466 1936 1174 434 1094 800 544 1527 2519 1913 730 365 1498 2087 1110 568 410 2006 1325 1079 811 257 338 2830 605 1968 1020 435 2516 1581 253 1573 1526 336 2560 1634 610 1442 709 881 717 2680 1424 1309 406 1511 1731 1779 1133 248 1455 1138 1385 1969 2219 870 2095 2145 392
1083 1702 732 759 2643 620 181 582 6 1797 285 546 1221 807 468 2761 1768 2807 1260 2048 636 1536 2278 42 1318 2261 2194 1570 661 1882 2313 1603 894 2425 1108 419 476 1251 2554 2263 1856 2111 1188 922 37 2720 1858 1364 2346 96 1761 1283 1916 475 2476 2441 2153 1227 1891 1560 298 1153 1723 762 45 644 1371 669 2688 2168 1064 2678 596 411 148 2827 2374 310 198 650 1632 2118 949 973 2056 844 510 2522 980 2666 387 2171 2179 2816 1865 95 1525 2760 1184 1541
848 1830 1114 931 702 284 768 903 1107 1845 2601 1908 1767 2471 1340 502 990 835 2624 688 297 103 1235 65 1323 126 1608 578 1310 2276 1512 2388 522 1186 1254 1821 1720 1413 2314 1391 250 1975 684 2667 1406 2149 1075 2240 1012 202 1458 2121 249 1459 1759 277 2637 1832 2016 1922 1157 2656 1289 1864 379 2350 2805 1810 1165 800 1065 1748 2114 102 2757 357 2462 1351 2509 988 1207 1259 10 1905 2019 569 2242 193 1805 1357 876 1534 121 190 1390 1809 2036 1801 86 381
269 1548 531 1980 2685 2315 2702 2161 444 368 1200 2499 1725 277 1943 993 83 1120 684 590 87 2653 1075 1919 315 902 1147 2033 2518 1252 876 951 116 1767 1950 1834 1975 541 2015 1165 2802 747 2563 414 1959 917 1905 202 1410 2240 1016 191 32 2302 584 2748 2622 1869 2495 2350 1340 2275 2818 1390 845 614 2314 2478 1073 2719 2239 830 1401 1809 2000 2359 2255 1732 1467 843 379 1338 960 2077 920 1413 2772 1357 2276 2329 55 1557 86 2166 441 2296 397 102 1841 187
285 546 6 1221 2643 807 582 1260 759 820 1603 2468 1702 1541 468 1882 372 181 620 1284 2677 669 922 1188 1456 2194 1697 2268 476 2167 1797 1570 1153 459 1227 298 411 732 2261 37 661 122 1082 973 1308 1763 829 1884 334 1891 1084 448 1761 750 650 1083 956 1911 1537 1880 20 795 1858 2666 2043 1768 475 2810 1844 2168 2823 1723 980 2346 2816 1380 1285 2171 2313 275 586 2631 281 1916 2118 1090 443 2691 2387 1684 1278 2727 1865 38 1200 796 2476 1286 1215 2529
2479 1704 1532 28 1335 849 2557 2099 238 458 330 505 2250 152 2228 2819 354 313 2500 1896 1563 2552 734 1708 1339 1376 1741 2674 2181 2283 847 1827 587 523 2365 2191 2119 972 705 2716 175 2177 2689 2681 81 532 772 503 2370 2527 2814 696 2742 1956 2534 711 671 633 1680 2028 92 1917 2322 68 2052 653 2193 1961 2592 1555 2017 449 200 1111 602 290 1262 2396 1875 1655 131 2391 495 1472 618 120 1831 296 1011 1787 2316 209 1711 239 356 33 1817 1275 2062 721
1113 2494 1477 1922 2620 1960 1687 1400 2503 909 1591 851 1232 423 327 1426 1458 1616 40 2115 398 594 205 690 2571 23 953 1184 117 1080 1397 1462 2573 300 1537 882 796 1979 2359 2203 1198 420 2179 2706 2677 2768 1502 1738 762 281 1205 2101 2386 1757 1471 2197 1255 1866 924 1488 629 907 2169 1144 2124 375 1371 2348 148 2150 2303 275 1696 2014 1519 1139 1423 167 214 244 1954 1659 466 425 498 1326 1217 702 84 510 986 1199 2160 1641 473 1654 1152 854 351 2154
348 925 26 2769 1870 2714 480 1369 663 2454 2649 2538 179 1417 860 1489 712 550 1710 1701 1788 2050 2130 518 1045 2241 1422 735 445 2840 2011 1983 1328 2461 2375 1644 1617 1624 793 463 197 1552 1743 704 817 2528 1092 421 1758 547 1665 1029 1034 2418 1486 77 1208 2125 1859 659 556 2574 1934 1656 576 188 95 2832 1658 645 2004 170 2790 57 2817 1930 524 1381 1782 1926 312 1623 746 2397 1663 263 987 1197 2401 1576 570 900 2289 1319 1307 611 674 1386 228 2411
2827 310 2441 1856 1593 95 2111 1693 596 2149 291 832 1743 2656 1535 2542 617 2016 751 1999 1334 2242 1561 1103 983 695 132 1346 1197 2190 2547 1176 1749 2202 2112 576 1004 1795 1343 1019 1631 2745 1513 1914 783 1773 1847 940 824 2737 88 1434 1093 949 63 2129 2785 1298 1476 1161 540 954 1333 182 465 1712 1685 1760 149 499 1116 2125 2022 777 1087 2224 75 1365 1665 2838 93 2004 2493 198 689 2039 1590 614 407 2114 1166 1930 739 895 1713 676 683 1758 2497 2456
1178 2422 2437 1057 1990 2523 34 2700 1224 2281 1116 1713 2180 1714 1838 683 2785 1914 1836 47 1672 230 2288 1996 39 465 777 1593 1183 926 2317 2129 564 1818 676 1476 2823 16 2202 76 1180 2495 44 1346 88 751 1535 1091 2249 2547 832 1357 1693 1449 1450 824 983 830 2190 2745 1176 739 761 630 1482 603 2080 1447 1732 2656 1882 490 2573 687 1786 2275 2114 275 1200 1620 1073 132 1539 1743 376 20 2149 1483 1538 2752 441 1856 327 924 1036 95 167 269 1400 1113
1624 1644 2528 817 2411 2817 1656 1934 2790 1407 1926 2501 2044 1102 2832 312 2300 85 987 188 556 635 2082 943 221 2270 1405 1319 1386 547 611 1146 1752 4 1545 1799 659 2213 59 1202 626 1737 2767 2389 1782 1663 305 1381 2011 2367 1328 2515 2631 550 2714 1489 1658 2241 1993 169 51 1617 2836 1640 562 2707 1422 2477 1411 860 2105 2012 1837 1417 1552 1378 412 463 1045 1710 2343 712 64 2837 2454 290 2715 1983 203 1208 1796 1623 1870 1544 2069 2439 2089 947 155 1022
730 1442 1325 2516 1526 1670 1511 338 1969 406 1779 1385 1466 1946 2145 568 1165 191 2302 1992 2102 1455 2299 2730 2788 1379 2290 336 1243 2364 1068 1005 1007 749 2151 2746 544 593 773 2843 1311 2549 112 1079 2763 1131 2377 253 1966 673 1498 1783 519 1794 434 855 1142 1850 535 2341 1527 1707 410 937 2243 800 392 709 2519 1094 365 2492 811 186 774 2219 678 1040 821 2251 1968 1424 248 2087 2394 1020 2697 1936 1581 2417 1174 1110 1138 1913 315 2560 2830 2006 1731 2005
403 1159 1815 1009 2063 837 2455 2484 264 1622 2092 2833 2412 299 2139 2371 1982 600 428 2844 1607 2100 2486 1338 1341 667 2269 1530 1078 2811 160 2094 2797 1122 2189 2255 573 17 2576 1925 846 317 1069 1619 1549 1735 1863 2776 2758 642 1814 741 537 1571 1421 888 262 352 2403 2431 891 2709 385 472 1828 1660 1862 2385 226 2138 2635 2835 641 166 2338 814 716 577 1589 2731 127 223 2607 2266 1509 90 2692 2633 2223 1615 656 2205 1698 2253 1816 879 1803 1409 2473 1
2755 2045 1584 2023 747 1407 770 1796 258 1073 414 2239 2545 1320 1980 1892 240 2622 1996 1390 2041 483 1962 442 463 1088 44 2249 1091 2495 1065 2685 1231 648 2288 1656 16 2735 2073 2817 1557 2625 1707 1252 519 2518 2190 97 1142 1126 547 1396 1771 1516 1450 1562 1677 777 1489 2161 2281 591 2296 1732 2319 817 536 2668 2341 2784 983 830 967 2034 1801 2015 2785 2275 1719 355 444 671 590 315 997 1693 1935 39 2561 2763 2506 550 328 248 1728 992 253 766 824 2736
2755 1584 2023 2045 747 258 1320 2545 1796 770 2034 1407 1548 2272 64 2713 269 1569 2433 439 2622 48 414 2815 792 305 1416 2239 1316 1980 2721 1390 1499 2296 83 1557 562 1759 2763 2161 500 2556 100 2685 1640 315 201 1860 1943 2352 2302 1732 2757 2309 1051 590 1948 733 1593 773 2289 1096 2235 2650 1894 51 866 832 1782 2653 1252 87 659 853 91 1919 800 1007 2102 2563 1990 1564 1838 191 1850 2818 2335 410 2033 715 1165 2015 1387 483 902 76 843 1479 2281 1992
2421 1272 865 640 13 2210 2677 1221 2671 2520 1949 285 2571 1754 281 1232 629 1768 851 40 1603 1570 1541 820 1038 2494 690 750 1537 2387 2828 650 5 2620 1922 2359 1080 1960 1882 1462 334 672 370 582 1515 244 796 2149 420 2666 475 2362 669 1744 844 1374 2363 2460 1184 39 2841 6 117 1819 1916 1113 323 2047 2000 614 546 1687 1180 372 42 2346 1397 425 327 2602 2132 835 2691 1329 933 1668 2656 2303 807 1864 423 2288 1884 2457 980 2761 2054 2795 2115 2726
505 2500 1563 523 2181 238 175 587 2283 28 2552 1896 2819 1827 734 849 2119 458 152 313 2674 1741 2479 2716 705 1339 847 2534 2250 2191 1532 2689 2099 2527 1708 2365 2370 81 2557 972 1335 330 2228 354 696 2814 2681 671 1376 532 68 1704 92 1956 2028 2322 2177 2193 2742 633 711 503 1111 1680 772 1117 120 2144 2052 1010 2592 968 553 2059 2764 261 1475 602 1555 1955 1314 1789 806 1635 2236 1011 484 2429 390 534 1543 927 1787 1655 1917 1003 1967 2265 1050 1746
2479 1532 1704 330 2099 849 354 28 2500 2557 505 2819 1376 238 1896 2552 1335 587 523 2181 1563 313 152 2119 458 2283 2177 1827 734 1708 2191 972 2228 2674 175 2365 847 2716 81 1339 1741 2527 705 2250 2689 2742 2681 2370 92 2534 696 671 503 532 711 772 2814 633 1956 68 2028 1680 120 2193 2592 1917 2052 2322 1111 653 1010 602 721 1972 2597 261 1873 968 771 1655 2062 1647 1117 1011 1831 1472 533 1143 799 2402 1789 2391 1787 200 806 927 1662 1817 1555 290
1726 2152 2502 1371 84 2141 2678 941 2386 1605 2448 2263 2572 244 5 844 1525 1515 1139 2567 785 1953 2841 2457 2623 2115 1280 1458 1198 2056 2503 2751 1171 1616 1696 22 1596 1214 2182 398 117 509 621 971 45 1064 2203 1199 1866 106 1768 2688 2048 171 2720 1659 2348 2562 214 2522 183 387 644 2498 2725 43 2109 236 1251 1113 2760 2761 2401 1364 609 300 40 2128 327 2608 959 2188 1560 1602 762 1184 2464 2612 2442 2197 1960 2116 2705 1979 1987 2303 851 2425 732 1083
418 1481 52 2059 534 780 1465 2429 806 2244 1662 999 786 726 484 1022 53 346 2821 2690 225 467 363 2467 1475 295 1378 2465 2505 478 1008 108 455 2301 2025 2407 1730 430 207 2669 192 2687 753 655 1787 61 936 758 1929 2765 402 1438 331 2236 2806 1275 2070 471 2398 389 1692 2634 628 840 1789 2470 1655 1831 464 2715 927 2285 504 1220 31 268 2053 290 326 1506 1124 1706 390 1967 782 1715 1262 1018 1918 1039 580 159 1635 452 314 1097 1011 2611 1293 1037
6 285 1221 807 582 546 2643 759 1603 1570 820 372 1541 1702 468 1260 181 620 298 750 2677 334 1882 732 2726 1884 980 2162 1083 973 650 1916 2346 454 448 1723 475 1537 1797 2268 20 2387 1084 1891 2666 2222 1858 1610 167 2303 1744 2841 922 2171 1768 275 411 1284 1015 1285 2118 2313 2810 38 1697 1153 1456 459 1188 2816 37 2791 2043 669 2194 1184 956 122 281 2030 1995 1286 1205 1761 476 117 1844 2627 1227 1082 1308 829 1502 1280 2761 2261 1661 1763 425 1189
2792 567 118 998 1791 1583 2065 1531 1854 808 1354 952 919 748 2778 887 1769 2711 382 1063 1470 778 517 1970 9 1579 1667 2252 1179 2328 930 1977 2682 1651 2491 819 639 1657 227 2042 1578 1585 2575 2647 928 916 2729 841 1920 945 1770 982 1851 763 2097 2723 2379 114 975 2225 2310 2793 1528 923 2304 569 7 121 193 2361 1367 2090 536 515 988 2165 151 1239 1368 871 816 2459 492 1271 1132 875 2019 513 2462 1789 1588 1507 2416 873 2550 25 1404 1688 776 1655
239 2164 2794 1961 2091 1781 654 1127 1274 653 525 2311 49 408 1282 356 296 209 383 245 1787 113 2396 1647 252 721 1972 2070 2402 838 2025 2173 61 2531 1356 139 1780 2061 290 2669 799 495 449 2280 1921 207 1143 200 1248 679 1011 1240 192 625 1118 1822 2316 2062 1875 225 1472 618 131 1097 1273 1293 1598 1435 2693 159 1756 33 1395 1317 2698 2017 1168 1941 1612 643 1299 326 1018 1918 782 2279 2232 1141 2137 2611 2236 822 805 216 1262 1050 1505 1124 268 1843
1306 485 1175 1951 727 589 658 614 1137 2000 2072 1361 1451 714 898 1207 2409 1558 1166 1087 1928 853 1559 93 1798 895 1590 1106 293 676 2540 2787 646 2323 962 1115 1230 572 2546 1257 1389 1786 251 1394 1427 2113 1971 1213 2066 2054 2178 1683 2644 1334 581 304 1300 215 783 2114 737 1801 529 395 2242 545 2277 1900 436 1346 364 374 101 789 803 2504 2022 2542 2149 2759 2040 2656 2784 1353 483 1561 2381 1333 240 1597 1883 617 1869 1357 341 1905 2579 1809 145 426
202 1075 1012 249 1406 627 1810 67 2509 1001 2350 2583 2121 1944 899 1212 2728 137 725 2294 1055 116 2558 165 2135 1606 2207 1130 1874 2813 1223 2382 2825 2708 494 2741 1937 2224 2766 2057 2143 1076 682 2438 24 2292 2435 2248 800 2286 1056 2719 97 804 2842 1825 1448 948 1126 692 146 2622 1592 1296 1464 1390 424 2033 2615 2569 2736 135 1867 2809 80 902 491 1088 2744 876 1185 1722 1142 2041 2580 1383 742 2021 1463 1473 2291 1639 1935 2566 997 917 1899 29 2319 1733
1416 1096 1948 2272 1316 2556 2815 1496 1860 747 2545 1796 2352 1051 2721 2023 64 2755 1993 439 1362 1965 1584 1897 1926 2241 1569 305 1684 1636 562 2298 2034 1411 497 100 659 547 712 2300 2817 715 1381 2158 2270 1623 1548 2727 2713 414 2584 2631 1617 2185 1586 1360 817 372 2650 1782 1422 1218 1328 1645 348 48 947 188 2082 202 155 1800 1075 1557 1153 2707 1656 1919 2790 1390 2454 1658 1947 1520 556 2247 742 987 770 741 51 859 1386 2767 46 221 1261 2189 902 2616
141 453 401 1628 2055 1023 2163 760 612 2098 1047 2747 2679 1903 177 2122 1872 1163 1085 816 2829 981 461 823 73 1510 595 437 99 399 1145 2655 208 2469 731 2587 2074 1717 1599 380 1784 2126 1233 1160 694 174 156 477 164 72 2009 1241 2636 2577 1976 2775 1415 2452 1688 460 172 2722 2274 1404 1808 1100 1155 2218 1089 222 1504 1436 1305 569 666 1339 2362 536 632 121 975 2090 988 1461 2774 1182 1974 2512 1741 1088 193 1839 1065 703 707 1175 1956 2812 1951 566
1065 571 1256 429 1553 176 555 554 2743 2227 1492 2786 868 142 332 340 2029 2668 1033 979 1888 1890 802 1430 1393 1699 1562 289 2423 427 878 2078 1686 1418 597 417 886 21 2108 681 432 1793 2384 2217 1053 62 743 2415 1398 199 1886 901 2568 2451 361 893 302 78 292 2380 866 988 193 121 536 2090 1588 569 1132 2267 1236 1431 680 733 36 2117 500 770 1268 2333 1499 2074 1599 1628 760 156 159 981 326 2406 73 1510 1143 164 460 1097 580 2054 157 1399
1539 969 352 879 1242 557 2460 1925 1619 1863 273 2363 2524 2104 667 1982 2468 2473 2385 2226 2139 2833 2371 2175 147 2576 888 262 2776 641 1549 2269 2092 741 299 577 160 1059 2797 226 1366 1530 1816 1078 2844 428 2094 1735 1480 1373 2412 1803 1660 1295 2595 2727 2403 472 2783 1814 2431 2517 2455 2607 1355 2709 1509 1520 1815 1807 1811 2771 307 267 1122 1291 2484 1 891 264 342 1238 385 1167 414 867 127 1629 1338 2740 551 991 685 2633 2731 837 2710 1421 1514 2444
860 1489 1417 1788 1701 1710 1870 26 2769 348 925 2454 2714 1369 480 2538 663 2649 179 712 550 2050 2130 518 1045 1422 2241 735 445 1617 197 2289 2840 463 2011 2375 769 1552 433 2650 1934 1658 1895 1029 556 659 1328 1656 2544 1782 1208 188 1993 1644 2397 1640 168 2836 2707 51 440 1405 312 1381 987 2832 161 943 1092 635 305 817 2501 1437 547 1486 2044 2817 2528 900 559 2652 1663 2482 1983 1386 2735 260 606 1253 2628 64 1840 1623 2082 2076 947 2358 2790 1624
1118 1972 2402 721 2061 1647 1921 1143 1822 1097 1293 1297 326 159 1756 2062 580 1755 1317 430 1395 1303 805 31 799 2715 1050 2236 1124 1037 331 1568 1140 1011 2053 1967 1472 655 1692 1475 1635 1715 390 1187 2406 1648 504 478 643 1831 1018 1273 2505 2465 782 314 999 2693 1026 2611 1655 1789 2407 1378 125 927 2301 1730 1008 2070 1356 1048 1781 753 2687 2398 654 2632 1875 1612 2698 726 467 1918 1961 1929 455 108 2794 806 788 27 1262 936 138 2765 1335 1281 268 239
1453 1490 2713 2433 2376 2309 1901 1860 2034 2545 201 1796 100 1569 64 2721 48 715 439 562 2556 305 2213 2272 2815 1636 563 659 2826 1948 1096 1416 204 260 1640 1316 1584 155 2650 1496 1148 168 1878 1123 2135 2289 1965 2352 2842 137 899 1212 2088 2553 51 231 2023 1381 1051 2241 747 900 645 1658 2258 1218 1586 1782 2239 1606 674 784 497 1486 1840 194 978 2741 2326 2708 1993 2247 992 486 2046 1552 2511 1067 493 1437 559 2419 712 2036 1944 1841 1547 704 2439 362
645 1029 2011 1649 2767 1054 2735 197 2836 445 2840 463 947 1663 1328 1444 1679 2628 2707 1623 1840 2650 2837 1782 1658 1381 1544 2439 51 169 440 2241 1218 1261 735 319 1640 1045 1617 2375 2289 1552 155 433 1993 1253 1422 2046 134 550 2076 2050 659 992 1051 2352 1307 965 194 1208 712 305 769 2088 1860 2815 201 613 674 2713 2631 1636 2287 1486 1948 563 2515 906 1895 2477 2556 2419 2826 1965 1416 2069 2001 1752 1496 2272 259 2130 1316 1586 950 559 260 2367 2652 826
1055 1944 2294 2728 725 2766 2207 2558 165 1825 447 1130 1940 1056 1986 2825 2506 1452 2580 2292 2719 2319 1067 692 12 137 2741 1212 1841 2736 79 1126 2305 899 2135 2598 67 116 140 1962 1134 722 790 2436 442 494 1463 1606 2842 804 1868 2068 204 2286 246 2511 1547 2665 686 146 2041 329 2583 1223 627 1935 2291 2057 1899 362 1076 1876 1777 97 574 1185 1897 1874 1012 1075 1810 1406 1362 2509 1001 2258 2350 2121 2435 249 1905 1869 202 2683 2708 2382 647 2813 1639 948
769 161 433 1895 2289 2482 1417 1710 1788 2650 1489 231 860 1701 2375 197 2011 2840 445 26 2769 168 463 1870 2454 1552 348 925 1029 1369 712 2553 2714 645 480 179 1054 2050 550 1623 169 1444 2707 1649 1045 2767 1328 1663 2130 2836 1782 2735 1656 663 735 2538 2241 1617 134 2837 1938 674 173 659 2649 1416 1679 2088 319 2628 2515 1117 1422 1208 547 1307 947 1833 1948 1775 109 1381 2076 1486 1148 2817 563 2774 51 2352 2652 1051 817 1640 1544 670 1437 1658 2790 1983
519 392 301 1419 937 1527 2331 535 2763 186 2377 1546 1894 1516 2341 257 1455 1992 773 336 2843 1779 253 2102 94 2219 248 1385 1498 1424 434 338 1133 1731 2145 1007 709 406 811 1138 568 1442 605 1871 648 1707 1309 1068 610 365 1526 538 1325 1511 717 1040 1466 1131 821 1969 1454 730 544 2516 1079 1634 112 1311 410 870 2549 1850 1966 2830 1670 435 2299 1495 2095 843 852 320 1783 800 2560 1243 908 1020 1645 1005 2364 855 1718 2746 1387 749 1800 1142 1573 1379
44 16 2317 1447 1469 376 1483 2249 2437 1178 761 1836 1990 2700 1672 1057 1183 1224 1713 1714 2523 47 2422 1116 1838 1914 683 34 2180 1535 2785 1449 2202 1620 830 832 465 2129 603 1450 88 1732 2190 2745 2275 1346 1073 1678 291 441 983 483 1523 2695 1476 83 576 596 1147 2547 845 1482 2441 95 2096 269 834 1176 1304 2383 1300 60 2239 2296 2281 1633 1749 824 1996 1103 2446 1245 2080 792 1856 2827 2194 1277 2161 2268 1548 599 339 1743 967 1120 540 1943 1561 1804
2282 1518 1290 921 2064 631 1017 530 2049 1058 2796 1301 2140 607 2596 451 1604 446 1567 662 1981 1237 1909 1613 2392 2093 394 1879 1742 1119 1906 984 337 2357 2660 908 1554 966 2696 1384 1978 942 487 813 1331 2085 1705 2257 1370 1681 243 1105 1614 1396 1673 2543 2458 1002 660 2782 355 2600 360 2259 124 710 412 1739 1621 1132 54 2822 193 542 918 988 2262 2648 2372 2087 1618 1893 1491 2089 121 2243 2781 700 536 2253 1588 2100 271 2212 1853 166 220 708 1327 1240
2716 2365 2370 2119 2689 849 705 81 2527 2552 2819 2534 2479 2557 175 458 152 2283 1827 2181 587 523 2500 1741 28 1896 847 2674 505 734 313 238 972 1339 1563 2191 92 1532 2228 1376 1335 2681 1708 2099 2177 696 2814 1704 354 2250 968 330 1010 2193 1956 2052 671 602 2470 532 120 580 2592 2237 68 1117 1111 418 1662 1955 31 1917 1314 1011 326 2764 1293 1481 2429 159 1097 2799 2265 2634 452 1003 225 1746 2144 553 877 2715 552 467 1156 2594 52 806 1143 2742
2691 1911 1267 2355 796 2593 629 2362 2420 850 2677 144 2512 1504 256 1387 1170 2167 2318 2132 320 1682 281 1973 1077 1479 2734 222 2147 1200 1762 1436 1697 459 1380 2218 1152 2432 318 2443 2453 1036 836 1006 2165 2156 1305 265 1595 1709 2268 1098 1519 490 632 935 946 874 443 1718 99 2096 1676 1247 543 1090 1321 852 2452 1308 2490 2394 2645 1347 2201 1790 2718 258 2750 1082 392 973 1958 2071 1537 630 2204 150 448 2706 1946 1763 2623 1280 422 2535 2264 1525 2000 2299
2414 1177 107 2641 2176 397 55 2550 1507 728 2604 1104 1194 1669 2019 575 2754 2326 736 1970 924 187 1467 32 2573 2360 1471 1919 382 2073 2169 2159 2239 920 2508 834 541 2086 2711 379 153 1720 1950 400 1821 1854 2154 2234 1423 2661 902 2033 778 2426 1690 1975 1400 1028 1326 896 827 917 993 1066 684 2281 469 250 39 1922 384 1144 2288 1748 20 517 83 1591 1061 590 2036 87 1089 1225 1954 423 2351 1835 1014 929 15 1691 327 473 2027 1791 1943 1222 1608 1654
1495 966 2458 1331 1384 1614 908 942 1705 355 337 487 2600 1681 2085 2543 1370 1105 1742 1554 243 1396 813 1673 2696 2257 2660 984 1676 1002 2262 852 1978 1119 921 1017 320 2782 2064 360 2259 54 1739 1621 710 660 1893 1290 542 2170 2282 2049 1946 2490 451 50 1301 1642 2664 186 1853 99 2392 2336 2420 1000 631 2369 392 301 1518 2596 1604 3 1682 2357 7 1479 530 2147 975 568 2394 253 1695 144 2793 2318 254 1031 1387 2331 1750 1567 256 2299 2140 855 2416 1142
1213 2066 2113 1389 545 304 2546 2178 1394 1353 1115 1300 2022 1883 727 658 1785 589 1951 2277 2784 1175 789 483 1798 485 1228 240 572 1230 1306 1361 783 1451 1333 1106 328 962 2504 2644 853 1137 2238 1683 2759 101 766 2072 614 1801 2579 737 1971 1898 1558 436 2000 395 1087 374 529 714 63 581 2323 1900 1093 1207 364 898 2381 2149 1559 2040 2114 251 2409 215 1166 1019 2242 2656 1786 16 1693 1257 2540 803 39 989 1427 1161 341 761 824 1928 407 1447 1334 1357
2510 431 70 1125 1753 2772 2561 2777 2077 2478 1842 1839 18 1035 2757 1390 1557 1252 1834 2 2663 951 1759 2622 601 2015 2818 315 2161 277 2315 1165 767 1075 2323 191 2302 1845 2149 103 1443 1955 1413 1801 1394 990 2702 737 1938 251 297 1427 1976 202 121 688 1235 1747 369 1951 684 536 578 2624 1323 2471 2601 2644 2546 39 1391 250 1683 364 502 1833 2504 1230 1975 1186 1418 2242 2276 1980 646 1460 569 436 988 2686 1182 193 2016 240 1231 1900 931 1895 2540 1798
2578 377 828 13 1272 2210 2520 640 2671 2828 672 1668 1374 2602 933 1337 1754 865 323 2047 370 2421 1949 1249 1041 2083 1910 2032 56 2428 1038 2629 2570 1189 2539 1429 2798 1329 2795 2335 2839 698 2031 1764 2038 955 729 2120 932 1049 964 1521 1399 2221 1070 358 839 2423 220 979 743 1952 2451 2227 1240 43 2786 1033 340 332 176 2387 1393 1890 554 1562 1929 429 568 21 2384 2108 2668 504 868 802 2743 78 2687 289 159 142 1541 1275 571 2425 326 878 2640 941
767 1938 1443 1833 889 2686 1747 277 2702 2496 2315 1980 369 2478 2685 2015 1753 1125 1252 2772 2777 2818 2077 1460 951 1834 1989 2757 211 70 431 18 1759 1842 1557 1390 2 2302 1165 2510 315 2622 2663 2532 601 1845 2561 191 126 2624 760 1839 1413 1976 1793 1391 1035 578 1418 103 297 164 1340 39 2161 193 569 1114 121 1323 990 2671 1767 1872 688 1431 461 2276 437 988 1235 2288 36 536 848 2016 931 156 513 2108 2163 2577 2314 1186 684 997 2074 1233 2601 2090
1938 1443 1833 1747 889 2686 767 277 2496 2702 431 369 211 2532 2510 1460 1989 2315 2 18 1842 70 2663 1125 1753 2777 2478 2772 2077 2818 2015 951 601 1834 1035 2757 1252 1759 2561 1557 1980 1390 2622 1839 2685 1976 1418 2671 461 684 315 2149 1872 1114 1399 1952 1845 250 1548 121 769 2808 931 853 433 39 1767 578 164 1788 1165 1975 760 1413 193 536 531 2288 1821 1417 2767 2556 1340 1720 2289 2352 2302 2128 988 1394 269 156 569 990 1519 1793 1266 2038 1508 522
1721 2809 1876 1473 12 682 2708 2438 1874 2622 2057 974 368 2435 494 1390 444 1944 1892 1555 2143 146 1185 2507 657 997 173 121 1904 1075 1899 1759 1433 1725 2089 426 536 24 1597 2728 2757 622 2526 696 2580 988 2021 202 1253 1627 634 193 2552 2028 1592 2756 2024 491 1613 1956 2719 1906 1012 662 2500 1165 2220 1777 523 2704 574 1406 1236 1151 1771 627 2735 569 1055 2753 1223 1231 2657 532 2683 2561 904 671 1931 255 2291 2558 653 1018 1651 1810 1265 414 677 249
1083 2502 894 2841 2152 419 2153 1605 2554 732 1632 2567 2141 181 785 1953 620 1139 96 609 1171 22 5 1797 1371 1702 1214 2048 214 844 941 84 1283 2751 2572 106 1927 1108 2448 2725 2761 2263 270 1889 1515 2060 189 2348 1726 744 1866 244 2386 759 1525 2643 957 2678 1032 2168 2623 1364 2498 1199 2188 2457 2278 1280 1602 2404 509 42 1696 650 2425 2666 1768 1365 2401 2612 2816 621 1251 1916 510 2109 2203 2171 2346 2442 1488 475 2562 1738 148 2464 636 2374 644 2720
505 2500 1563 238 2181 28 523 587 175 2552 1896 2283 2819 849 2479 1827 734 1532 458 2119 152 313 2099 2674 330 705 2250 1741 1339 847 2191 2716 2689 2534 1335 2527 354 1708 2370 2365 2557 972 1376 2228 1704 81 2177 2681 68 696 2742 532 2814 671 772 2193 503 92 711 633 1117 553 2028 1956 2764 968 2592 2322 2144 653 1680 1111 1746 2052 1917 602 2265 1314 2774 120 2597 1543 806 1273 2306 1011 1789 1555 927 1955 1182 1655 2812 1461 131 1974 1010 890 129 290
2044 2528 2411 1934 2501 1656 1644 2790 1102 85 2817 312 1624 2832 817 987 1926 188 556 943 1407 635 2300 1405 221 659 1319 611 1386 547 2082 2270 2213 2012 630 1552 1983 2397 2011 2574 2779 1208 606 1092 413 463 224 1817 136 197 915 854 1737 1029 128 2375 1902 1582 1146 2631 2599 1422 2626 155 178 2391 1190 622 4 1417 1414 283 2358 445 319 433 992 2646 2840 1484 2762 1700 1501 1782 2222 2419 1617 1305 1993 1835 2001 1948 1711 2400 2800 2564 860 1627 1489 488
1113 1477 1960 2494 2503 1616 851 1922 909 327 2620 40 1757 2115 244 23 1426 882 844 2421 1696 629 1687 690 1198 1591 1371 796 509 1232 117 986 1144 1949 2128 2457 2677 2572 123 2203 1458 850 2386 281 1400 1866 5 1519 1061 781 2751 1255 1139 1954 594 1326 1423 2124 2152 2141 425 1515 1397 466 2116 2149 2101 2056 896 1184 2036 745 498 2014 1605 2656 1504 379 531 2497 84 2691 423 1537 375 420 2571 1199 2150 2355 1654 2348 2154 351 574 1474 1080 2112 2499 762
1649 2767 1054 645 1663 1444 1679 947 1623 1328 2837 2836 2707 169 1544 1782 2439 1381 1658 51 2011 2628 1029 2241 1840 1261 1218 1617 440 1045 735 1640 2735 2650 1993 2840 197 445 2046 155 463 712 1422 2050 992 2352 550 194 1051 1552 2130 305 2289 319 2088 1253 134 1860 1208 659 674 1307 1486 900 179 2815 260 563 2631 1948 1416 489 1586 1369 64 2272 201 2826 1437 1489 2076 2713 965 1417 2556 497 2515 2769 2375 2454 2649 860 562 433 2133 906 518 480 1636 2652
1882 956 1221 6 1200 582 285 909 2823 2749 546 2194 820 1697 1541 448 154 1687 2688 2740 1603 2573 973 1911 2474 1285 1084 1570 2167 2677 630 2643 796 971 776 2261 669 203 298 1802 2691 196 275 327 1880 2623 1083 1153 2359 1400 1702 750 924 2476 1227 476 37 1768 2303 1462 922 759 2118 1205 1260 2494 1536 1763 1471 334 1537 2222 459 629 807 941 2695 980 2268 1180 353 1082 1884 1380 2572 661 1524 2210 1188 1308 2132 1659 762 2263 1761 1284 1525 98 845 1280
2502 2152 1371 84 2141 1605 1726 1953 1139 2263 2348 941 1866 2841 2572 214 2386 1602 2678 2567 5 244 1525 2448 844 785 2457 1616 1199 2623 2115 1280 1198 2751 509 1696 1515 1171 1214 22 2128 2109 117 2203 2056 106 1084 2182 45 2725 1659 327 236 957 2464 1979 1458 1064 1364 1184 609 1205 1113 183 744 2303 2760 300 2705 621 1570 2425 1927 2608 1738 171 1232 2503 851 2030 1488 1251 2522 420 2831 2060 335 148 2612 189 1397 96 2197 1032 1365 1632 2230 2179 2404 973
1834 951 2818 2015 1252 601 18 1842 2 2663 2077 2478 2777 1125 2772 1753 70 2561 2510 2757 431 1390 1557 1035 2315 2161 1759 2622 315 1075 1747 1443 1839 1938 1165 1833 2686 889 1114 2302 202 1418 522 2702 1460 1767 767 211 2323 2409 2667 1989 931 1012 369 2653 1801 1845 2240 1406 578 191 277 2624 1357 2532 249 2149 1928 1798 2329 1166 2509 1905 250 1809 126 702 684 1830 2121 960 2000 1427 529 2637 10 1259 67 886 1001 2805 121 1810 531 2350 725 215 962 848
1656 2790 2528 1102 1934 2044 2817 85 1644 1407 2411 188 2501 312 817 1926 2832 1624 987 943 556 2300 221 635 1405 1319 611 1386 2270 2082 547 659 2755 2045 1584 2023 747 2012 630 1552 1796 2397 770 463 2213 1983 1422 197 2545 2034 2564 1316 2574 2454 1092 2544 860 2011 2358 2272 1489 2714 2375 1417 1208 606 2769 977 4 1948 1414 1788 1617 1305 550 319 1895 1029 1658 1428 1146 1381 1046 64 1993 1737 712 445 900 2344 1782 26 559 1320 2800 1710 2815 1837 433 2631
2226 352 1539 2335 969 2795 2839 1764 2570 1329 1242 2524 273 220 2083 400 2104 1910 358 1337 964 1399 2808 1249 2221 1266 2120 1070 1952 2460 2640 2038 147 2031 2363 1059 2473 2709 1374 2602 557 879 2468 1668 2444 1619 414 1 2671 2428 1811 342 1366 1925 372 1355 2828 961 476 1167 828 672 2595 2158 1660 685 1815 669 2340 2100 1863 1803 2781 1069 1025 1540 1520 1480 1338 2783 2431 741 795 933 46 1227 551 1215 2758 307 698 1622 1618 2517 377 160 1816 2738 1862 166
2305 79 2068 722 2665 1067 350 246 2511 1547 1134 1463 1935 2842 2041 97 2135 899 1212 137 1606 204 2741 116 12 2825 2766 1076 1126 686 2294 447 1452 1055 2736 1944 2292 2286 2580 140 442 2598 1868 804 1464 329 2436 2813 725 1056 2728 2558 165 2248 692 1130 2319 2382 1841 1937 2719 2207 1962 2708 1825 362 2506 790 64 1777 1940 1639 1223 494 1899 1185 2435 677 1381 2258 2438 83 1782 484 948 491 1901 993 2545 2393 682 569 988 2569 2285 2239 193 657 483 1640
2265 1955 2105 872 1314 1003 1156 552 2594 877 1117 2789 1974 1302 1461 2199 670 1010 2812 2764 2774 1441 2770 1650 1873 2610 1885 1135 2597 120 2306 1099 507 1543 2144 771 533 412 890 553 1917 68 649 968 200 618 33 2316 699 316 1961 2017 963 1109 449 1991 2343 1021 1941 2681 162 261 2799 2191 1182 1500 1823 2177 2822 235 1164 495 561 2212 1327 290 92 367 1376 972 414 220 532 2698 1852 1875 1843 1532 131 1746 2052 2527 296 1339 1127 2028 1011 2091 1956 408
254 3 1642 2490 2170 2405 1958 2336 825 765 1574 1246 1985 929 2434 14 779 652 2536 2157 282 66 873 1136 2426 1745 522 2165 1762 1538 2209 1152 7 1036 2489 1846 2247 422 2699 2019 2734 2493 2487 2667 1347 1595 2802 318 1245 908 490 874 2793 993 2324 102 2260 2658 2416 1247 632 2621 1869 2147 2563 604 1431 733 1633 2453 1169 83 87 2769 1271 1346 276 1905 663 590 33 58 1804 1758 193 549 513 2296 151 614 378 243 1719 2605 2204 256 2129 2660 1403 960
352 2092 2833 299 2139 2269 2797 2371 2844 428 264 1982 2576 2455 1549 1122 2484 2412 1815 2776 667 1009 837 1814 1539 2063 741 1735 1925 1619 1159 1622 1863 262 879 403 2403 891 1242 888 2385 2731 969 557 2460 2189 2473 2524 273 1338 600 641 267 2486 2811 1291 1 2100 1589 17 2104 1520 846 1238 573 1571 2094 1572 234 642 160 1509 1078 1530 913 472 2255 2223 2727 1373 2175 90 317 226 1698 1059 1349 2771 2338 687 2399 195 342 2431 1607 2635 1295 307 1803 867
2265 1955 872 2105 1314 2789 1003 877 2594 1156 552 1117 2199 1010 1441 1885 1650 2764 2610 1135 2597 1974 507 2812 1461 1302 2770 1543 670 2774 2306 1873 1099 890 2144 120 968 553 533 412 316 2822 68 699 963 1991 1109 235 2316 200 649 1164 771 1500 1917 1823 1182 33 2799 2343 367 618 449 162 261 92 1961 2017 1941 2212 1327 2191 2177 2681 1746 1852 1774 220 414 495 561 131 858 1875 2715 2565 1021 290 2527 1843 1332 2237 2285 1011 1813 1062 972 1376 324 2814
1712 149 954 182 1760 1298 1434 1685 1019 63 1333 1004 2112 75 2737 1343 940 198 2497 949 2022 2016 783 1103 1999 60 1304 310 2149 1631 2827 2542 2441 2111 1749 1197 291 596 2656 1334 1856 95 617 1535 1483 1743 2408 832 1693 2547 376 2615 2242 2566 213 1597 1561 1593 707 540 499 576 520 2838 1269 2354 1733 2072 1265 634 1945 1087 232 2143 2744 695 426 24 898 1558 1448 1847 1529 19 1665 1867 1223 2390 184 1365 1513 1722 2430 2413 1161 746 824 2125 1795 658
2437 1836 1672 1178 2700 1990 44 1483 1714 1535 1713 1116 16 1224 376 832 1447 2317 683 1346 1057 1838 1469 1914 39 2129 47 465 2281 2422 2180 2288 751 2249 2523 2785 291 34 1357 1449 761 1593 1183 676 1482 2656 564 2202 1538 1693 926 1818 1561 1180 2149 739 2190 2000 2080 1073 60 230 1732 76 983 2016 777 88 2275 907 1620 441 2547 2495 1176 540 1996 1103 830 1529 198 596 2695 1334 1450 603 1091 792 1601 2542 2745 2497 2441 1343 2383 2827 2518 845 940 1646
352 264 2455 2092 1815 2833 2484 299 2139 2844 837 2371 1009 2797 2269 2576 428 2412 1122 1982 2063 1549 1159 2776 1622 741 667 1814 1539 1735 403 1619 1925 262 2403 1863 891 969 1338 600 879 2100 2486 1242 2189 2460 2385 888 2811 234 1 273 2731 557 2524 1520 2473 17 1572 846 1571 267 317 642 913 2255 1291 573 1589 1238 2223 2104 2727 2338 90 342 1698 472 641 1059 2399 551 1349 2635 1078 195 160 1660 2158 307 2094 2717 2363 1409 2431 1530 1509 1540 2633 1824
1947 1792 1930 1861 704 756 77 493 133 1758 548 57 1375 1724 2456 1664 2672 421 2125 2327 1575 210 1580 2174 2004 2374 746 2590 793 2229 1234 228 570 2418 2461 280 2356 1887 2039 1551 1358 2659 656 1196 1350 2332 2123 1457 797 1859 263 857 1034 801 294 885 2662 1877 1776 2184 1229 1276 1043 2186 2330 1665 689 2739 1542 1191 2321 720 1765 2206 1392 706 2694 287 798 976 366 1279 583 859 2838 170 82 242 1345 1086 588 2581 1081 2189 158 2198 1432 1675 1193 1348
2755 2045 1584 2023 747 258 770 1320 1980 1073 414 1796 2622 1407 2239 2545 1390 1231 1557 1732 1728 2190 983 1996 519 1562 2685 1142 2296 2518 648 2275 1450 315 240 1088 2319 830 2757 2668 442 1252 1091 2281 967 1065 777 2785 1759 2756 590 248 1516 754 535 483 2015 2647 1707 2763 792 2073 1920 2288 2249 97 1962 76 603 114 917 1431 695 2745 733 1147 1126 21 1455 2736 1719 1620 937 2495 1834 2341 773 639 997 2315 176 1928 1176 365 866 1769 1804 1850 410 44
1325 1442 1526 2516 1511 1969 406 730 1992 2145 1779 2102 1385 773 338 1670 2763 191 1165 2302 1007 1466 519 1707 568 1455 2377 535 336 1894 1527 1850 1138 1068 821 1731 1498 742 800 112 1040 253 1871 257 811 2299 1645 1110 1966 410 1379 544 605 1079 365 2290 1311 593 1634 2788 2746 1800 1783 855 2243 678 1142 2364 2730 870 1020 392 749 1968 1424 2087 315 248 717 673 2341 1309 1005 610 1174 2549 1936 2519 2151 774 2843 1131 1094 1913 2830 1581 2196 435 2219 1243
2281 39 2288 1357 926 1818 564 2495 1180 230 76 751 1996 1091 777 1538 1693 2656 2699 1593 2224 2489 1482 1846 739 2493 2247 2114 2080 2149 441 2324 2242 2785 1523 2695 465 2383 1786 1714 1836 1116 1713 683 845 373 2016 1914 2542 1561 596 2202 187 2422 2239 1856 2437 617 88 2441 2497 581 198 824 584 541 832 1197 737 47 2547 2296 792 379 83 1743 993 2827 2754 2641 1016 310 2190 1176 983 2033 917 1106 1943 1672 95 397 55 469 576 1535 2111 32 902 1838
364 2381 374 101 436 1900 215 2040 2759 251 2579 803 2238 766 989 2504 328 737 341 1427 395 581 2644 572 789 2540 545 529 1394 1230 1898 2546 1115 1106 1683 407 2114 962 2323 1257 1801 240 2277 1883 1798 1389 2242 1361 1451 1559 2000 1951 2784 1786 1093 2113 2066 1213 1306 483 1971 1353 2178 304 727 1175 485 1300 646 589 293 658 2787 1137 1357 714 614 898 1207 2054 2656 1166 2409 2149 39 2072 1693 1818 1558 1091 1334 2495 754 926 1180 564 1928 1231 2288 853
650 1916 2666 475 2346 2810 1603 1891 750 334 820 2171 1723 1541 2043 2841 2816 2387 285 1462 372 1221 6 546 1570 922 582 2494 807 2643 1188 1882 411 37 953 2677 1471 980 1232 924 1308 2571 1763 1537 1922 420 1106 1884 2768 375 2502 1605 1487 614 1687 2620 1397 468 1082 2359 531 2114 939 1006 1697 594 281 1559 1908 423 5 1591 2220 39 581 1433 629 835 1326 2526 1137 1144 688 759 2161 374 2119 2152 2000 2557 1905 84 865 1184 1400 1357 148 2573 1768 1931
2394 1778 2331 416 908 105 355 1946 1105 1396 243 1419 301 1331 1614 1370 1554 813 392 984 1495 2696 2660 1673 2257 1621 966 1002 1742 2458 1676 337 519 852 94 1384 1978 1119 937 2452 883 2262 1006 1200 2417 490 320 2763 2718 942 2453 2420 144 256 2843 2196 2446 1142 630 2243 2357 2519 1705 599 2318 2697 253 773 666 1546 2600 11 2204 1247 2087 248 1309 855 2543 843 2573 1424 774 2560 1387 58 678 1681 2005 2085 1454 874 1498 2537 1133 538 2341 1850 1936 1527
783 853 1683 1801 2277 529 581 2072 1898 1558 2409 1093 407 1230 2323 1928 1166 898 1451 1137 2114 1087 2644 589 395 727 1207 658 614 714 1361 2242 1175 1334 1798 485 2540 2149 1561 1306 737 1590 1951 1394 895 676 617 545 2000 341 93 572 1106 962 2656 374 2040 2113 1300 2542 2381 1427 1213 949 1900 240 2546 251 2022 2759 789 1389 1333 1971 2066 2784 2504 39 1257 101 364 436 1786 766 215 483 1559 2737 304 1343 2178 328 293 1693 2579 989 803 695 954 2238
2542 291 617 1561 2016 540 1019 1631 1334 63 499 2242 2656 1685 1535 1197 2149 751 783 954 1333 832 182 149 1593 465 1712 2022 1760 2112 1434 1298 1004 576 1749 898 1343 1103 596 1693 2737 1558 1836 714 1087 310 940 1346 853 2827 75 95 2409 1743 1999 2547 198 2072 614 2441 1483 1166 895 676 376 1590 93 2497 1689 739 2114 824 1928 792 949 1161 1207 1672 634 1804 39 1513 1597 1856 1847 2129 2111 967 1304 2281 2058 1795 2430 1176 2224 683 1300 1665 1469 91
1752 1316 1496 1146 1965 2556 1636 950 2815 2272 2367 1948 1416 1096 2352 194 2069 1051 4 1218 1799 2713 2628 1860 1840 1586 1202 817 1926 1261 59 1624 1658 201 2241 674 2433 2836 659 987 1782 1552 1381 1545 2790 1656 613 2545 2289 1102 155 2817 547 563 2767 188 2832 2309 497 312 1319 611 2082 433 2389 1644 2270 635 769 2826 2477 556 2300 319 2840 747 1934 1901 1453 1386 2046 221 2011 1878 168 992 1123 1663 64 2213 1649 2501 305 1407 197 2553 900 2419 2652 2707
909 1487 1471 924 953 2573 1400 956 2749 2740 1882 1687 2823 2710 1524 1474 154 325 1113 2508 1629 1757 1006 745 205 2620 2494 2444 335 42 8 2169 2535 2706 1477 1671 2449 690 796 2197 2260 2216 882 2448 1596 127 327 466 986 443 2595 2230 630 2591 2222 971 37 490 1090 2456 422 2725 1621 20 1194 1255 229 123 1880 2168 2278 1318 2374 2442 387 2688 448 2468 1288 1802 1200 1866 43 391 498 2498 1077 1922 2348 2150 1278 762 2339 167 2572 2188 1758 661 2086 2331
1055 2294 2728 725 2207 1944 2558 1825 1940 165 1056 2766 1986 1130 447 2825 2305 1067 79 12 2068 722 1547 2665 2842 2511 204 2506 1452 1841 1134 246 2741 350 137 2135 1212 1606 2258 1463 116 362 899 2580 1935 2292 2041 2436 2598 1876 2319 97 2719 692 804 1126 2736 140 1962 329 1868 1076 442 686 790 2286 2813 2382 1464 2248 1223 494 1012 1406 1937 627 249 1901 1490 1874 1075 1639 2393 948 67 202 574 1473 1869 1601 146 2291 1777 1453 974 2499 2036 2057 531 1905
1221 285 6 2677 1570 546 1603 2643 1541 820 582 759 807 372 468 1882 750 298 650 334 1884 475 973 1232 1537 281 2666 980 922 2268 459 1260 1702 2726 2346 1697 1768 629 1916 2387 2841 2167 181 37 2571 1723 620 1891 1284 448 1285 1188 1184 167 2043 732 2303 1744 690 2162 20 1456 2222 851 2706 275 669 1763 2810 1308 1911 411 2171 1015 2118 1462 2194 1205 1082 40 117 2179 122 2761 2132 454 1610 2620 2362 661 829 1084 1687 2030 2691 2359 1080 423 327 2816
2185 2298 1129 1411 2584 2529 143 1684 1440 386 2517 1694 718 1360 1630 795 697 2616 1445 787 372 2363 958 2271 1514 1294 810 30 638 1446 665 1112 557 2481 2619 2468 2460 1215 2246 71 1619 1925 1278 879 2801 1939 1258 1270 2139 741 2727 1982 1863 2385 2844 667 1549 299 969 796 2631 888 1267 1520 46 2833 2269 2371 837 1295 264 2484 2092 267 2158 262 1009 991 1947 1807 1291 2524 2403 1238 1744 1122 2455 428 2189 1814 1373 1 891 1350 1811 600 669 2576 2215 2776
2305 350 79 2068 722 2665 1067 246 2511 1547 1134 1463 1935 2041 12 2842 97 1606 116 2257 2741 2598 1868 1998 140 2135 2708 2438 1464 1076 2625 491 686 1452 204 329 899 682 137 790 1052 217 1126 1892 734 2569 1396 28 2534 1554 2037 2736 705 1937 2813 2292 2696 804 442 974 1777 711 813 2436 1212 1962 599 2689 313 1185 508 169 2506 1663 2286 2308 677 1944 2674 2283 2248 1782 1303 1305 692 2580 1370 1841 2382 447 122 444 657 2500 2119 1827 2370 1927 1741 1623
777 1996 1091 230 926 564 1818 2785 2281 2422 2288 1914 76 2495 39 1357 1180 2202 2745 1476 34 88 2523 2190 465 47 1224 983 751 1178 683 2180 1838 1116 1714 1693 1713 1176 1593 132 1990 824 2700 2129 1093 1856 2547 1743 2437 499 695 2656 1786 576 1672 2114 832 2224 581 407 462 1028 1898 1087 1228 1353 1517 1690 1971 1804 540 95 2733 2684 739 310 2360 2242 2159 2192 2752 2827 2441 596 1727 967 761 1801 2555 1346 1683 2111 1382 2233 1734 2106 1538 1257 2254 2234
1453 2713 1490 2433 2376 2309 1901 1860 2034 2545 201 1796 100 1569 48 64 2721 715 439 562 2556 305 2213 2815 2272 1948 1636 563 1096 1640 1416 2826 659 2650 155 260 168 1316 1496 204 1878 2289 2088 1148 1123 51 1584 2352 1051 1965 645 900 231 2241 1381 784 1586 2135 1486 674 1658 1218 2553 2419 2842 137 559 194 1840 1552 1307 1993 497 992 486 712 978 445 1782 1437 2046 2007 1212 899 2258 747 2239 2023 1606 2714 2708 319 2700 2076 2836 2247 2439 1544 2337 1663
2843 937 1527 535 1946 2377 257 1068 749 811 2299 112 1379 593 2394 519 392 2788 673 1966 1040 1455 1131 336 1311 2364 1498 1516 1894 1670 1731 2290 1138 1424 2730 365 1466 253 1243 1005 2746 730 1442 605 544 2341 338 1779 2151 1850 1526 434 2830 2549 1871 568 800 821 773 2516 1079 2102 248 1325 406 94 610 410 678 2417 2697 1309 1992 1110 2763 2560 1634 1385 435 1020 855 2196 1783 1142 774 2243 1794 1968 2005 717 301 2251 1546 1174 2519 2492 2145 1581 2087 1007
2666 650 2171 2043 2810 1891 2816 2346 1916 1723 475 2841 807 285 1260 2643 6 411 1188 1221 759 546 468 922 1284 1603 1227 820 1761 1153 2261 2194 582 1882 1702 1541 372 122 620 1456 476 181 1858 37 334 750 669 661 1570 956 829 2313 1763 1697 1797 1844 1865 980 732 1308 1884 2387 1082 2823 298 1610 2268 1084 2726 2167 2118 1524 2677 506 448 115 1083 2425 2749 2476 1015 2634 1629 42 1090 1768 2162 375 1286 20 459 510 1537 388 148 154 1918 687 840 2688
2138 511 1421 2431 2783 385 961 1539 814 1816 403 2266 1366 1660 352 867 1078 1480 160 226 1607 2607 2094 2633 2473 1530 2709 1815 2339 1341 1618 2460 879 537 166 2781 1619 573 969 1242 1925 2738 557 1159 1009 2226 600 1828 1540 1698 2255 2758 577 2104 685 1571 1338 1060 1349 2253 414 2340 669 1863 1059 2614 2372 2835 17 127 317 2412 1069 837 273 2338 1520 2223 2363 2468 2524 2158 667 267 2100 1615 472 147 223 2455 2484 2635 195 1291 1982 2811 741 1964 1238 1409
2609 288 742 1800 1645 2613 1516 1894 1138 1871 1731 2843 1707 257 538 664 1454 1007 843 2763 773 2110 535 883 1546 811 11 2102 519 410 1385 648 937 2095 1634 406 1779 446 1174 1527 1992 1142 2145 1110 2087 717 870 253 1309 248 2239 2516 301 2697 1133 2196 2224 678 1466 605 1670 983 94 1419 1526 336 1424 1040 1060 1573 1913 2377 392 1498 2006 1936 1850 610 2190 730 2219 462 800 1455 2005 2830 792 2495 434 2733 365 2033 338 2785 1511 2073 2680 435 112 917
1944 2294 1055 2728 725 2207 2766 2558 1056 165 1825 1940 1130 447 1986 2825 204 2580 494 1874 146 1223 2291 2057 2435 2135 137 1452 1212 1899 2741 899 647 1606 2506 2683 2639 1841 2842 116 574 2813 2708 2736 2569 1126 2292 1937 2382 1592 2438 491 692 804 657 1185 2248 2258 1876 2286 2041 1463 682 329 1076 1935 362 140 1547 1464 1868 1777 948 2319 686 2393 2511 2719 442 790 1639 677 1962 1134 2436 1067 97 246 2305 2220 2598 260 1901 1453 482 1486 2419 2068 722 2526
2185 1129 2298 1411 2584 2529 1684 1440 143 386 1694 2517 718 795 1360 1630 2616 1445 697 787 1294 2271 372 810 30 1514 1446 958 638 2363 665 1112 2619 2481 71 1215 2801 557 1939 2460 2246 1270 2468 1278 1258 741 1619 1925 879 1267 2727 2631 2139 2385 2158 796 2524 2844 1549 1947 1863 969 1982 1520 46 2100 2189 1295 414 1814 299 547 2269 155 747 837 1807 267 5 1238 264 2833 1095 1926 1291 1811 2484 667 1 888 2371 448 1744 51 1122 2104 2556 2595 600 1180
70 1125 1753 2772 2777 2077 2478 2561 1842 18 2510 431 2757 1035 1390 1252 1557 1839 2 1834 2663 601 951 2015 2818 1759 2622 2161 315 1165 2302 1075 191 767 2323 277 522 2315 2149 202 990 2702 1845 2624 1235 1443 297 2471 1114 502 103 1418 2601 1938 1798 578 1747 1413 2016 485 1306 1951 1833 1175 1801 2656 684 121 702 931 2000 2686 1340 1767 426 1830 2276 2242 1427 688 126 2409 2644 369 250 251 1323 889 737 164 364 1406 1334 2653 1230 589 1012 1908 2054 1391
1055 1944 2294 2728 725 2207 2558 2766 165 1825 1940 1130 1056 1986 447 2825 2506 1452 1841 2292 2719 2580 2319 137 1212 692 2741 2736 899 2135 1126 204 116 1606 1067 362 1962 67 494 2842 2258 790 442 146 1134 140 2583 1899 627 1223 2436 1463 2598 2291 1868 804 12 2057 2041 1876 79 1810 97 2286 2509 1547 686 246 2511 1012 574 1935 722 1001 1075 2350 1874 1406 2121 2435 249 1897 2305 329 2068 1777 1185 202 1076 1362 2665 647 1905 1869 1965 2708 2683 2813 1901 2248
401 453 141 1628 2055 2163 1023 760 612 2098 1047 2747 1872 2122 177 1903 2679 1085 816 2829 1163 981 823 461 73 1510 437 399 1599 2074 99 380 595 1233 731 208 2469 2655 1717 2587 2126 1160 1784 1145 2452 1976 694 477 156 1688 164 2577 1241 2274 1404 1808 174 1100 2775 1089 460 1155 1415 2636 2722 172 2218 72 2009 121 2090 988 536 1436 569 193 707 1268 222 1132 2143 1588 1504 24 975 1305 1906 2024 426 634 571 1182 2793 935 1879 213 1321 2201 2022 1431
2142 1062 1813 129 324 1932 501 1923 788 456 840 241 1281 125 822 2137 1912 1503 452 1039 1789 2285 389 2565 89 2232 2634 1655 927 2765 1831 1026 1024 464 1706 268 1568 758 495 628 467 131 1220 1875 455 1843 113 1378 1011 2687 2059 2398 53 484 2531 1730 2062 1022 2236 1929 1262 2715 1275 2301 2632 2407 290 1008 2505 2465 1018 1048 1273 1297 2611 138 782 806 108 1662 753 2693 314 1475 478 1472 643 534 2244 2806 1612 2429 1500 780 1395 295 1037 1505 1481 418
202 1075 249 1012 1406 627 1810 67 2509 1001 2350 2121 2583 899 725 1212 2728 1944 137 2135 1055 165 2558 1606 2294 2207 2813 1130 116 2741 2382 1874 494 1937 1223 2143 2248 2708 24 800 1689 2842 1986 2224 1825 1601 2057 2435 2438 2622 682 2744 1722 948 404 2825 1390 2766 1464 1867 2569 1733 1076 424 1557 2033 2292 1516 1448 804 1592 2615 2809 2757 541 1940 917 876 379 1529 2390 1126 742 97 902 1597 1850 1463 491 426 2295 1759 647 2036 2566 1142 843 2736 2258 1296
1933 2156 2071 1321 2645 1098 2750 2201 2432 836 1709 1790 2096 935 1638 897 1052 2342 2450 755 1736 1806 1305 1436 222 2512 1504 2218 850 2362 2355 1621 1044 2420 2627 396 2446 1865 595 612 2452 141 2261 1510 2098 1023 1145 2587 1047 1858 1987 1260 2823 816 208 2256 1804 281 2313 1085 2060 2163 1719 99 1153 981 2122 177 189 115 1717 1906 1903 461 1761 661 453 2829 147 2537 629 666 2335 599 967 1628 156 2194 1808 823 42 2691 481 815 1015 1764 96 1404 1811 2781
472 1607 1341 1421 2758 1069 166 1078 1059 1530 160 2738 2094 2835 2709 1828 2614 961 2266 537 1964 405 2138 1355 2513 1811 1803 385 226 2431 1215 1618 1167 2710 511 2783 2340 1509 127 814 1101 403 1540 2013 2781 2473 1025 2444 1862 2820 223 2771 2385 1863 867 1338 667 1660 1159 342 1373 551 2460 1619 1324 1925 600 2253 2100 2607 2801 888 2255 414 2635 1480 2595 1816 2466 573 2338 1571 1698 991 1060 1622 1409 879 317 1295 147 2633 1589 1982 1615 2223 641 2372 685 2063
546 582 1221 285 2643 759 620 807 181 6 732 1702 1260 468 1768 1797 2194 1083 2261 1536 2761 2823 1603 2387 661 669 476 636 2807 1318 1541 1227 1761 1570 42 820 2476 1882 2278 1858 829 1153 2048 2168 2425 750 2313 334 396 2677 1880 372 115 1844 1560 1865 1283 298 2571 2688 1884 980 229 1108 1188 481 2303 2627 270 2118 1286 973 1285 1199 2705 281 1183 922 1084 1057 2720 1284 1184 2831 2359 411 387 1449 685 1380 1147 2791 1073 2503 183 2474 1462 1697 2179 1987
617 2542 2016 2656 291 751 1795 1773 1513 1847 1561 1334 2149 1161 2242 1535 832 1693 1593 1346 2129 1019 310 783 1197 540 63 1228 1785 954 2827 1333 1743 465 1685 1672 182 499 2022 1836 1434 2441 132 695 983 2112 1298 149 1004 1712 1176 2190 1631 2700 1760 1103 596 95 1343 1856 1999 940 2114 39 1116 2202 2281 1713 1087 898 576 1914 683 2547 1714 75 1357 2737 2785 1558 2437 824 1166 676 714 2111 739 1749 76 2224 1928 2745 1224 93 895 949 1590 926 777 1838
2727 342 1025 1520 551 1 2399 234 1572 913 307 1059 352 687 2731 1589 1349 2215 2844 1814 2158 267 1291 1539 2403 1238 1735 891 969 1122 2797 1629 203 2412 2473 2371 2385 46 2092 90 1925 1524 667 2524 1982 888 2223 472 2139 2635 1619 1095 1698 1409 2253 1571 2255 1615 1815 741 1242 262 573 1373 2063 273 2431 195 837 349 17 2548 428 1622 2834 2771 1338 2269 2740 1618 2338 557 2484 1863 879 1994 1009 226 1540 991 414 600 1660 2776 2833 641 1366 317 2226 2100
849 2819 2552 175 2283 2181 523 2500 587 2119 152 458 1896 2479 1827 505 2716 1563 734 238 28 313 1532 1741 847 2674 1339 2365 1708 2689 705 2370 2527 2534 2191 2099 81 972 2557 330 1376 354 2228 2250 1335 696 2814 92 2177 2681 671 1704 2742 1956 532 68 1010 968 2028 261 1917 2764 2052 120 2799 1117 2144 1746 1111 2193 1314 207 2592 290 61 1543 2698 1555 192 711 2597 225 553 2025 1955 653 772 2396 1003 1787 356 2322 296 1650 890 806 1273 2470 1823 503
1944 2294 1055 1056 2728 2766 725 2207 2558 165 1825 2825 204 447 1940 137 899 2842 2135 1212 1986 1606 1130 2741 116 2580 1463 1452 1547 2511 2435 1935 1134 1899 2041 146 494 1841 246 1067 2813 2708 97 2736 2248 2438 2057 1874 682 2286 2382 686 1937 2068 2569 804 1223 79 2291 722 329 1592 1464 362 1185 647 657 2292 948 1076 140 1868 491 1126 574 1639 2665 2258 2393 2639 2683 2506 1777 677 2305 1876 692 2719 1486 1333 2022 2838 2036 2526 2436 271 1601 2827 442 63
2840 445 1663 1623 1328 2707 947 1679 1444 2241 1993 51 1617 2836 1782 1640 1054 712 1381 2767 1658 1045 1422 155 2515 305 169 2011 562 1649 1218 2837 1544 2439 2050 1489 1261 2454 550 900 260 1417 735 1369 2826 439 2628 1569 860 64 197 1552 645 2130 2714 2650 463 100 1710 1948 2034 563 2721 1796 26 1486 715 2631 1416 2713 1878 1437 2769 1405 659 925 2289 1051 556 179 1860 480 48 1870 1840 2545 1208 1788 348 2397 2352 188 2832 1701 559 2088 943 635 1123 2649
2421 2210 865 640 13 2520 1272 1754 1038 1949 2671 2578 2570 2795 2828 1329 828 1374 2335 1337 2602 2839 672 377 323 1041 1764 285 2669 370 1668 2083 2513 196 2261 1910 476 2047 1042 580 2571 1477 729 1275 933 2387 159 669 402 2025 1761 1819 910 2687 2054 192 326 1741 820 2808 1227 372 2557 2070 61 1864 1143 1768 1022 504 353 1065 2690 2467 2366 646 988 1153 389 193 2194 1481 650 138 661 776 1704 2666 1097 121 2677 571 1312 536 1273 1976 1929 346 1293 1789
1851 2379 2778 930 1657 2729 928 952 1354 1769 919 2252 2097 1211 1531 1579 9 841 748 982 1920 2647 763 639 1583 515 887 1578 945 1528 2328 1791 1651 1179 1367 1470 1063 1368 1239 2459 2491 1977 114 1154 2488 118 492 916 2349 2225 1770 579 2792 311 566 1566 1210 512 875 2026 2682 923 567 2310 808 25 2065 998 2416 2304 2723 227 1585 1209 975 2042 1667 2618 819 513 2575 2559 528 2793 2658 151 7 2165 1854 1351 2462 1271 615 1344 35 2334 2711 190 1493 914
2556 1860 2272 2713 1453 1316 1496 2815 1490 1901 201 1636 1948 1965 2309 2376 2433 1416 194 1051 2352 1096 2545 2034 1218 747 1586 1796 2628 950 439 1261 64 1840 2721 48 1569 2213 562 563 305 2650 155 2289 100 2241 1148 1658 497 2826 1381 715 1640 1752 2088 659 2046 1123 992 1782 51 1878 2767 231 645 260 168 1584 1544 1422 2011 2023 1649 2707 2367 663 2439 2836 2001 1993 674 769 1548 433 319 1328 1663 784 947 1444 1552 1617 161 900 2553 1623 1054 556 694 1679
133 1947 493 548 2374 1758 2184 1861 57 2174 756 1580 2672 2456 1765 210 1792 2418 1234 1930 2004 2125 976 280 1724 2461 1196 421 793 1034 1664 1859 570 588 704 797 294 583 77 2327 1575 1276 1392 1279 1358 366 2662 228 1887 1375 746 2590 2356 1081 2039 2659 1551 2123 2186 1665 263 656 689 1457 2332 422 2493 801 859 1350 2206 1776 2838 2330 1877 1497 2749 170 1542 1609 2189 2247 2541 2229 857 885 798 2581 1193 2198 1229 720 2621 1180 2739 1195 960 242 1191 2324
1146 1752 1545 4 1624 1799 59 2270 2082 626 1644 1926 2367 1407 2389 1202 817 312 987 2300 2817 2832 556 2501 1102 2790 2411 2528 85 1656 547 1934 1737 635 188 2069 221 1319 1386 950 2044 611 1405 943 2477 283 266 613 826 290 2105 1003 2631 2515 1378 1414 2692 533 2781 2715 305 2714 2767 1316 795 562 1328 1837 418 659 2527 782 33 1730 1929 2312 31 2840 1101 326 1568 271 412 2289 2340 169 455 200 203 1481 670 1395 2764 2616 1220 1018 2343 2100 433 1108
2755 2045 1584 2023 747 1073 2239 1980 770 414 258 2622 1390 1796 1407 2319 1450 2495 1562 1557 1962 2275 2545 1732 830 2506 1996 2518 2288 442 1320 1065 1088 1231 648 2668 1516 692 1126 2041 1892 1693 519 603 2685 2190 410 1091 2281 1142 983 535 240 94 1130 1728 248 1707 1656 590 2292 444 39 1894 2653 2296 777 1252 21 1620 2341 1147 992 2249 926 2736 315 2817 1771 2073 2763 536 1455 1431 434 2220 326 2161 870 811 2647 754 1677 564 44 186 1950 843 997 1678
2171 2810 2043 2816 2666 650 1891 2346 1916 475 1723 2841 411 2643 6 807 1188 285 922 759 1603 1702 181 468 1221 37 1570 1260 820 122 582 1953 1541 546 1153 620 1284 2502 732 1763 1605 1139 334 375 1456 148 1761 1326 1397 510 420 2768 372 1308 980 1227 1882 750 1697 1082 1865 1083 2152 1232 1515 1884 214 1502 1858 1797 2179 1488 1150 2521 1214 1610 1738 1061 1979 22 1696 2261 2779 844 1171 2313 1184 2751 609 473 1537 2203 1768 1080 443 1711 2567 2014 1654 388
340 2668 176 2227 2786 1562 332 979 2743 1393 1033 2384 2029 1256 554 2108 1890 21 1065 571 2423 868 1686 289 417 555 1888 2451 1418 597 199 429 681 886 743 878 62 78 292 1398 802 302 361 432 893 1553 142 427 1492 2267 1053 2078 2217 2415 1430 2568 901 2380 1431 866 760 733 1886 36 981 2038 500 1699 1236 2117 1599 1399 1793 680 2578 1628 2333 1521 536 2387 828 377 964 1038 707 945 698 437 823 1233 2163 73 1510 2074 853 2295 1435 193 569 1337
2171 2810 650 2043 2666 2816 1891 1916 2346 475 1723 2841 411 807 2643 6 1188 922 759 285 468 1603 1260 37 1570 1221 820 1702 181 1541 1153 122 1763 980 582 334 1697 1284 1308 750 510 1882 1953 420 148 620 1397 2768 1227 1082 732 1139 1537 956 1884 546 443 375 1761 1858 1488 1605 372 1738 2179 1326 1232 2521 2502 1456 953 1502 1487 659 1610 1471 2203 2620 1090 938 1979 1865 2118 1006 1184 1173 690 1080 586 2779 214 327 2348 2387 1061 924 1524 2494 1083 1703
2783 1539 511 352 2473 969 2431 1421 2709 1816 1660 2104 2226 385 2524 1366 1480 226 160 1619 1078 1925 879 1242 2460 2633 2138 1530 961 2607 2339 814 273 1863 1815 2094 557 2363 2266 1572 403 1009 867 667 1291 223 892 913 1238 46 1607 2468 234 1982 267 1520 1615 837 2455 537 1159 2484 264 891 2466 2158 1341 2834 1 600 166 741 2340 1698 1349 2738 127 2092 577 1338 2758 1069 2844 147 2595 2139 195 2372 2727 1540 573 2223 2635 1618 2063 2385 1059 2403 1811 1939
572 1230 962 2644 395 1798 2323 1394 251 2040 364 737 529 374 2759 101 2504 989 215 436 803 2579 1900 2238 581 2381 766 1427 328 1683 545 341 1801 1106 2277 789 2540 2114 2000 1451 2546 1361 1115 589 2242 1951 485 1306 1175 1898 727 658 1559 240 1257 407 1334 1389 1883 2787 293 1093 1786 614 646 2149 483 2784 2656 2113 1971 2066 1137 1300 2054 1213 1357 1207 2072 783 304 1353 2178 39 1558 2409 1693 714 898 1928 1166 853 2022 2016 1390 2288 2561 1561 676 1087
1524 154 203 1629 2740 2444 2749 2710 472 1059 342 1811 1803 127 1509 551 1355 2727 1520 2709 2266 2548 1 1167 741 307 2473 1539 2595 2175 1295 1215 1025 1607 226 1375 2431 2399 352 1807 2385 1373 2189 1421 2403 147 2776 2771 1862 667 1925 641 1078 1619 160 888 687 2844 685 385 2758 2513 1863 2576 2731 267 2371 166 2339 1069 2226 2797 2781 795 262 2460 2094 428 2581 1530 891 1341 1814 2255 1675 557 1589 798 991 1571 2127 2340 867 1551 2158 2834 1618 2206 1540 1193
883 416 2843 937 1516 257 1894 535 2609 664 1527 1871 1946 1138 2110 1800 1731 2394 1645 2613 288 11 2377 2331 742 105 1546 811 749 434 1040 605 2763 1454 253 2196 773 1850 1778 94 186 1455 2341 392 800 1110 1498 1309 1007 2697 821 1707 593 2417 2095 610 519 678 1068 2548 2005 673 585 538 1375 696 1966 410 301 1142 2788 536 1131 58 248 855 1909 1613 2219 988 193 1956 1670 1002 843 604 1393 1794 1708 2251 2299 2087 2560 2830 336 154 2102 1132 2749 2462
1795 1773 1513 1847 1161 1228 1785 617 1535 291 2129 832 1346 2542 1593 1561 2242 540 2016 1672 1836 1334 2656 2149 751 1197 1693 1743 132 695 310 2827 2700 465 2022 499 1019 983 2437 1176 783 2441 95 2190 63 1333 596 1713 1116 1856 2202 1685 683 1353 2547 1213 954 1999 1631 1103 576 2112 2113 2066 898 182 1434 1087 1714 1224 1004 824 1914 1883 739 2111 2178 2784 1838 149 1971 1476 1749 2745 304 1298 1990 88 1166 91 1712 1760 714 407 2785 792 2422 676 1343 39
1605 2502 2152 1953 2841 1139 2567 214 2348 1602 1866 22 1171 2751 1214 2109 1696 5 84 1371 924 1616 1288 1471 2216 844 1703 2141 509 244 1199 2457 2115 1515 953 2128 106 2353 2263 1363 1889 609 941 957 1487 2404 96 1927 1632 2573 2725 744 2678 2572 419 1738 1766 189 2060 1488 2464 2448 1726 894 785 2386 2153 2623 1032 2554 2203 335 2768 1397 1198 510 1502 333 2230 2179 2620 117 420 2150 1280 1661 1525 1184 1891 2079 148 1232 621 851 2816 2521 2591 1659 1591 327
1944 2294 1055 2728 725 2207 2558 2766 165 1056 1825 1940 1986 1130 447 2825 204 494 2580 2291 2057 2741 1874 146 1223 2435 2506 1452 1899 137 574 647 2135 899 2683 1212 1606 2639 1841 116 2736 2708 2842 2292 692 1126 2569 2813 2438 2719 1185 1592 2319 682 140 1937 657 790 1868 491 1777 1463 362 2382 804 2041 2286 2258 1876 1935 329 1962 2248 442 2393 948 1464 1076 97 686 1134 1547 677 2220 1639 2511 1067 531 2436 2704 246 2526 1901 482 1490 1931 2598 1453 1433 1897
1009 837 2484 264 2455 2063 1159 1815 2092 2833 299 2139 2412 2844 2269 2371 428 403 1122 1622 1982 2797 2576 1549 2776 667 1814 1735 741 600 2486 1338 2100 2189 1925 1619 262 1863 2811 2403 846 2731 891 573 2255 17 317 642 2385 1571 888 352 1589 641 90 879 2338 267 1078 2223 1291 1238 1887 160 2460 1862 1509 1698 1530 2094 1 687 2356 1350 349 1409 557 2123 656 1607 706 263 1520 226 1660 857 814 2659 885 1229 1095 2253 2431 1994 1930 2473 195 1551 1776 1373
1305 1052 1790 935 2071 836 2096 222 1436 2512 1933 2218 2750 1504 2645 2156 1098 1321 2201 2432 850 1709 2362 2342 1806 1736 2450 755 1638 897 2355 2420 2446 2691 1621 2452 612 599 1023 2642 1145 141 1047 666 2537 2829 2098 981 2747 1741 177 1044 2055 453 595 1808 629 1163 2163 1090 2122 1763 2679 1903 459 2774 2331 1085 586 1688 2799 99 816 2274 1188 443 1182 73 858 869 2775 461 1461 2449 1355 2587 1447 1625 1510 156 1976 460 1404 2571 1167 208 2144 1469 1910 701
1630 1360 1694 2616 1684 1278 2246 1112 1411 2584 1446 2619 665 1294 1270 1258 2481 638 1445 2185 810 1514 30 1129 1939 787 71 2271 958 697 718 2298 2529 795 1440 386 143 2517 2801 1215 741 2189 1520 203 307 2727 127 577 1629 1524 1571 1618 391 1540 2738 2444 195 1 685 2399 1409 642 2253 2100 147 2158 2255 1095 1509 124 2781 2223 1698 46 1349 2372 1572 17 600 1837 961 2595 2635 892 2662 2486 234 2208 2339 846 1811 342 2468 551 344 1327 2212 1201 969 1101
1525 2572 2623 1280 1371 2263 2678 1084 84 1726 2374 2141 941 2502 2386 2448 1198 2152 1083 1659 2030 1205 2303 327 117 2791 275 150 474 106 2203 1170 1380 785 1973 1605 732 448 2348 1758 2115 1113 1184 2132 2567 265 1251 2841 844 1880 2186 1802 946 582 1596 1750 2688 45 298 973 244 1425 543 1364 214 133 2222 762 1866 1979 2761 2498 366 181 1911 2831 1219 2562 2125 1077 1139 1641 96 1702 2705 907 2004 724 1032 1693 1064 2514 2522 387 1279 1199 905 644 2167 459
1863 557 879 1925 2460 667 1619 1982 1735 2385 2139 641 2363 2833 888 1549 2776 262 428 991 2371 299 1807 2092 2797 1814 1295 2844 2412 1373 687 2771 2731 2576 741 2269 1589 1122 160 1078 1509 2175 2403 226 1530 2094 127 2473 2189 264 2484 2517 891 1081 1278 1803 1497 2524 837 267 1291 2468 1238 1539 1009 1242 2455 1815 1660 2431 352 1338 867 2063 1421 1480 2801 1811 2607 472 2633 583 385 1607 1622 1366 1816 2783 814 1341 2184 2709 588 2529 2185 273 2104 2266 1862 1215
2464 957 2725 2404 1766 1889 509 609 844 2457 1880 2168 1515 2448 5 2128 744 106 1632 1927 2751 1602 2153 894 2572 22 1139 1866 1802 244 1199 1171 1726 96 1596 2678 419 1032 2522 214 2348 2567 1696 661 1214 2115 1364 2060 2562 42 2182 1616 669 2056 2554 2612 498 1280 466 388 1064 2351 171 45 2468 621 2760 2278 2109 2124 2720 1251 1326 189 1371 2476 1953 2014 236 1525 183 2608 2502 636 1061 1661 1797 762 746 1605 1659 2508 2374 2401 2169 829 1792 2152 306 387
853 2072 658 1558 2277 783 1137 727 898 1801 589 614 714 1087 1175 1394 1213 2113 1207 545 2409 1951 1166 2066 1389 485 529 1928 2546 1306 1300 2022 304 2644 2178 1798 1230 2323 1451 895 2784 395 962 93 1361 1353 1590 1883 1106 572 1898 1115 1971 1683 483 1333 1631 1228 2540 240 251 16 676 1786 2000 1785 1257 1559 1334 2149 1597 2381 789 374 1839 426 2114 1447 110 646 1976 44 1593 1093 1427 2759 2579 1561 581 803 1483 2054 2775 293 792 737 2016 1161 2400 101
2609 288 1800 2613 1645 742 1871 1138 1516 2843 1731 1894 257 664 1707 883 1454 2110 1546 538 1007 843 11 2763 773 937 535 186 2697 2219 2006 1936 1670 2196 519 1913 1385 811 406 1174 2095 2243 774 593 434 1094 2224 2331 2417 673 678 124 749 2492 416 2087 1142 2005 1618 446 2102 1128 961 301 414 2781 2251 253 2487 344 1794 2340 2519 1779 1157 648 1527 1850 1247 709 2495 2033 527 410 1997 276 2485 855 604 902 917 800 1169 792 58 190 1110 2239 1946 2212
1146 1752 4 1545 1624 1644 817 1799 1407 59 1202 2411 2817 2389 2528 626 1926 2790 2501 312 2367 2832 1934 1656 987 1102 1737 2082 556 2069 85 2270 2300 2044 188 547 635 221 266 943 826 1386 283 1405 2477 950 1319 611 613 2515 2011 1414 463 2631 271 1983 2767 1837 2840 1328 2714 1422 1782 2397 1092 2781 550 1190 1489 197 1663 659 290 2692 433 1029 1316 947 2375 2574 1552 1208 169 2836 345 2707 2312 109 51 1408 1181 1948 445 2343 2795 319 606 860 2340 2735
2282 1518 631 1290 2064 921 530 2049 2796 1301 1058 2140 607 1017 451 2596 446 1604 1567 662 1981 1237 1909 1613 2093 2392 394 1879 1742 1906 1554 2357 337 984 2257 813 1119 2696 908 1370 1384 1978 2660 1105 1681 243 487 942 1331 1396 966 355 1705 1673 2085 1614 660 2782 2543 1002 2600 360 2259 710 2243 2458 869 1739 1621 54 2006 1142 220 2519 1893 542 2331 734 2262 2087 2781 400 1853 2028 124 1650 1000 1240 1913 2648 1633 175 1060 682 1099 988 2372 2201 678 301
1579 2252 9 639 841 1769 1578 2647 1920 945 952 1354 1583 1770 1179 919 2328 2491 114 1977 2682 1531 748 1651 887 1470 1063 2778 998 1585 2723 2097 1667 916 1528 819 118 930 2792 2575 1657 928 567 1791 2729 1851 227 2042 2065 2379 982 763 2225 2310 515 492 1367 808 2459 1368 1854 1154 566 311 2349 875 2488 1211 517 512 1239 923 2026 2711 382 579 1210 2304 2165 1819 1970 1864 2462 2775 159 1415 975 2618 910 326 156 1566 778 2803 2334 1031 513 1643 2416 25
2784 483 240 1300 789 1883 1353 1389 2546 545 16 2178 2066 2113 304 1213 1115 1447 1469 44 2504 328 761 2579 1898 766 2238 2249 2381 376 1093 2317 407 2277 1483 1394 2759 101 2540 1427 341 251 2644 1900 1361 374 436 1106 395 1683 737 1801 1996 824 2040 1451 1231 754 989 572 1693 2547 1559 983 364 132 2190 1728 646 1230 2000 529 581 39 1476 727 2114 777 1593 1176 834 1304 88 1178 576 1091 2202 1785 1951 1971 215 2437 757 1161 2288 695 60 658 2281 614
645 1029 2011 2735 1649 2767 197 445 1054 2840 463 2650 2836 1840 947 1663 1444 1782 1679 2628 1328 1658 440 2289 2375 2241 1381 319 2707 2837 2439 1552 1544 169 134 51 1623 1045 1253 155 735 1617 1218 433 2046 1640 1993 659 1261 1422 194 2088 2352 965 992 1636 2419 2076 550 769 2556 674 305 2287 2815 1051 201 712 1307 1208 1416 1948 2130 1752 2050 259 1965 1496 2713 563 2272 2631 1860 547 64 2652 1983 1486 1775 1316 2515 1586 48 950 1624 497 1319 1096 518 168
239 1961 2164 1127 2091 2794 653 1274 654 1781 525 356 408 296 1282 2311 245 252 113 209 290 1240 49 1787 2396 2402 721 1647 1972 1011 383 2669 1780 618 2173 2531 838 2025 200 139 495 61 2693 2070 1875 2316 207 449 2280 1248 192 2137 1356 1598 1505 1262 679 822 159 799 2698 2061 225 1435 1273 131 2062 625 33 1472 1813 1018 326 580 268 1655 1692 27 2715 1789 1921 1097 455 782 1303 2232 1143 1293 1275 858 1706 927 2017 1506 1568 1141 1118 412 1831 1555
2502 2152 84 1371 1726 2141 941 1605 2678 2263 2572 1525 2386 2448 2623 2841 1280 2567 1953 1139 244 844 1515 5 2457 1198 785 1659 22 1171 2751 2348 2115 214 117 1214 1696 106 2203 1616 1199 2109 1866 2182 1084 971 1596 621 1768 609 2688 1602 2048 2056 509 1184 1083 2498 2464 2761 644 171 2725 2188 1364 327 45 387 2303 732 1205 2720 2562 43 2705 1064 300 2128 1458 2030 1251 2760 744 582 2425 2503 1979 150 2522 183 270 2831 2278 181 196 1283 236 40 2442 2608
1416 1096 1948 2272 1316 2556 1496 2815 1051 2352 1860 1796 747 1636 2545 1965 2721 194 64 2034 2713 1586 1218 305 2241 1584 1569 562 2023 100 439 497 201 1993 715 1381 1658 48 2755 155 1897 1261 1782 1362 1422 1617 2628 659 712 2650 2433 2309 51 1640 1453 2454 1490 1840 1623 1901 2046 1544 1926 2707 2769 1548 563 1552 947 2631 348 547 2817 992 1328 1045 2439 550 742 1679 2836 674 2270 2213 663 319 168 2300 1656 784 414 987 221 260 2767 1123 1663 1649 188 2826
1244 2136 393 1691 2754 575 1646 1016 2080 584 2383 2395 373 1523 2019 863 441 845 2695 1482 834 1120 339 1147 2518 1277 2550 1104 1507 1678 1669 1450 830 2641 1073 2555 2604 1732 1177 2176 107 397 55 2275 728 1194 2058 1727 2414 603 2586 775 2254 2360 357 2780 2159 1805 2752 457 1467 2297 736 2233 1014 1611 1028 1192 2326 2447 469 2192 794 102 379 187 2234 2637 2368 902 2630 2033 1626 1690 2345 1748 1459 1734 917 1919 2211 2347 1372 818 2733 541 1324 2802 279 960
2542 1019 2016 63 1333 1685 617 182 954 2022 1561 2656 149 2149 1712 751 291 2242 1334 1760 1434 1298 499 2112 465 1004 783 540 1693 940 1343 1087 75 1197 2737 898 1228 1558 1631 198 1785 1535 1166 832 2409 714 1593 2114 310 2497 1346 1928 614 2072 895 1590 1207 93 1161 39 1357 1257 1786 853 2129 949 1971 676 1847 1513 1773 2546 1743 576 581 1213 2281 2113 634 2827 1137 1103 1999 1353 1389 2066 824 596 2700 739 1795 2288 792 737 1106 1597 1116 2547 1180 1689
1527 937 535 2843 2377 257 1455 1894 519 811 605 1498 1040 1731 336 1138 94 1424 1516 392 1871 253 610 1779 248 1068 1992 1634 406 2102 1385 1309 2763 773 2341 365 2145 1133 821 410 338 1526 1007 2830 749 648 1110 435 1466 717 1850 1131 2516 800 1419 112 1800 1645 2788 1946 434 1079 1442 2560 301 1966 1707 1379 1670 730 870 1325 1020 742 2299 1511 2331 2613 678 593 1311 186 1969 673 2196 2095 1573 544 855 1243 2609 1142 568 1581 2697 2151 1546 2680 1968 2549
2827 2441 1856 2111 95 596 310 1593 1743 2745 2190 983 2202 88 2547 1476 1999 132 1176 2785 695 1749 824 1914 1093 1103 777 576 1693 1804 967 1996 2149 407 1091 1197 739 2422 1898 949 1304 1719 1343 1631 60 2737 184 291 1535 2413 2615 2281 63 2472 832 1019 198 2744 1945 558 792 230 1733 135 940 2756 499 1383 1478 1728 1448 2242 1231 39 2021 540 2656 1269 1296 1867 1672 2235 213 19 520 1265 1722 2566 80 683 2112 1116 1984 2354 1727 376 1483 1685 119 2733
1113 1477 1960 2494 851 1371 40 2503 1616 244 2386 2115 2572 327 1232 2141 1591 5 592 2101 509 2457 844 2502 2152 1866 84 785 1605 1687 2623 1922 2620 1696 2128 2263 117 1458 1198 1280 1139 2348 762 941 2116 423 1515 2571 2448 2751 1365 214 1064 1084 796 1061 629 1199 300 621 2567 1144 171 1400 1757 23 2056 2030 2677 183 2203 1426 2726 1205 45 1659 896 1979 1954 1907 22 2182 236 815 1171 1987 2162 1602 2522 1488 1766 2303 479 957 275 2612 882 2841 379 1953
761 2249 2317 16 1300 1447 1469 44 1389 483 376 545 1483 727 1213 2546 2066 2113 658 1394 1353 2784 2178 304 2277 240 1451 589 614 1115 1801 789 1361 1106 2072 1883 2000 1898 1137 1093 1175 1951 783 485 1798 2114 572 1559 2022 834 328 474 1683 1230 2644 1087 907 2452 853 1306 2437 1482 1178 1785 581 1971 1228 752 2579 962 1207 407 104 2759 540 2504 824 39 924 529 1631 1693 395 766 2080 1183 724 737 624 2785 2245 2161 2238 2381 2149 2495 599 1914 905 2323
483 2784 240 1300 789 1883 1353 2066 2113 1213 1389 304 2178 2546 1115 545 2277 1785 2504 16 1898 1394 328 766 1469 1447 1093 2579 2238 1228 44 2759 2022 407 761 1161 101 1801 2381 376 2540 2249 395 1427 646 1951 1483 2644 251 1683 529 436 1361 1513 737 2317 1106 341 1971 572 374 1451 727 824 2000 581 754 1900 1996 1230 989 364 1804 967 1559 1728 2114 1693 757 39 2040 1231 2054 658 1847 2437 1593 215 962 614 834 1091 1178 1719 858 293 576 1598 1672 2242
142 1492 429 802 2078 1699 1553 1430 555 868 1053 1886 1888 878 1256 427 554 1890 1793 289 2217 2415 901 2029 2668 2568 2423 432 176 1562 866 340 1033 2743 2786 2227 1065 979 681 332 743 417 1393 1431 886 21 36 2384 2117 1686 733 597 2108 62 571 1418 500 2451 988 1398 680 199 193 1268 2267 1588 121 1499 536 361 2380 292 1132 2090 78 302 893 569 2333 1236 770 437 1233 2074 380 1399 981 1266 1599 2038 73 460 2406 964 1952 414 2808 1648 760 2304
2305 2068 79 722 2665 350 1067 246 2511 1547 1134 1463 1935 2041 2842 97 2135 137 1606 1212 899 116 204 2741 12 2736 1126 2825 2292 1076 1464 1130 2766 442 686 2598 2436 2813 804 2286 165 1962 329 1841 2382 725 2506 692 447 2558 362 2248 1937 2319 2294 1868 2728 1056 140 1639 1940 2258 1055 2569 491 790 2719 2393 2239 948 677 1452 2438 1825 2708 2207 1185 1944 83 682 1777 1483 2073 1223 1836 1592 1919 1986 967 541 2580 376 993 1998 2296 1950 920 444 974 1804
2299 2788 1243 2730 2364 2151 1379 749 593 1131 1068 2290 2549 1005 673 2746 1311 1670 1966 1794 544 937 434 1783 112 1946 568 535 1079 2843 2377 410 365 1110 1040 811 730 1466 1527 709 257 821 1325 2251 2697 678 2516 1498 855 605 338 1526 435 1850 800 2830 1020 1968 336 1455 2005 2219 1309 1133 610 774 1442 1424 2196 1634 2492 2560 1142 1573 2417 2341 406 1779 1094 1511 253 248 1936 1581 717 2243 2519 1174 1385 1969 392 186 881 870 1913 94 1165 2680 1731 2087
202 1075 1012 249 1406 1810 627 67 2509 1001 2583 2350 2121 1944 899 1055 2728 725 2294 116 2558 137 1212 165 2329 2240 1259 2207 876 2143 2766 2825 2805 2135 2033 24 902 2637 1805 10 1606 2719 917 2057 1809 1611 2224 960 1390 2622 2741 794 86 2435 102 2447 494 2708 32 1169 2804 1557 1905 279 447 693 316 2292 2757 2842 1753 1130 1125 590 379 1056 775 2525 1959 1874 2077 541 1088 70 742 2651 1832 2586 1825 1448 1759 2149 2021 2580 426 2106 18 1919 1410 2813
2265 2789 1650 1955 872 1099 120 2597 1135 2610 2105 1314 1010 1156 1003 1885 552 1441 507 1117 2199 2594 1873 877 2822 2764 2343 2306 2191 890 261 1543 968 2212 1327 649 92 1974 2716 2144 1302 2799 2681 533 553 2527 1917 1461 412 670 699 2770 2774 771 1852 2812 2814 235 1991 81 414 963 1823 316 2552 1109 972 2177 2365 849 1746 68 2017 162 1164 1182 367 1774 175 561 2819 2557 2283 200 458 2689 734 2500 2119 696 2370 2698 2534 1339 1741 220 238 152 33 2181
2792 567 118 998 1791 1583 2065 1531 1854 808 1354 919 952 1769 748 2778 887 1470 2711 1063 382 517 2328 9 1970 2252 1579 778 1179 930 2491 1667 1977 1657 819 1651 2682 639 1578 928 945 1585 2729 2647 1920 982 227 841 2097 2379 1851 2042 916 763 2575 1770 2723 114 2225 975 2310 1528 2793 7 923 1367 2304 151 1368 875 1211 1271 515 2349 2416 1239 2658 2361 2028 513 311 2459 528 1210 25 193 512 492 536 1209 671 2488 569 532 871 121 2165 2618 1154 566
2706 1671 8 325 2535 745 1474 1288 1703 1363 2216 690 2449 37 1090 1286 1763 1308 443 922 1082 586 1537 459 1006 565 1697 2268 1188 959 1844 1284 1456 468 122 411 372 2167 506 669 309 20 1217 1153 1227 167 333 2831 476 2197 2222 38 829 1080 1858 398 1995 685 650 2705 2425 1907 856 2194 1260 454 2727 285 1015 2476 1884 661 2162 2468 1610 2255 414 1865 2366 2387 1761 997 619 1278 2760 1904 795 1520 1570 448 1338 1355 2726 307 750 2657 236 1816 1084 1514
1663 1328 1444 1623 2707 947 1679 1054 1649 2767 169 2836 2837 1782 1544 2439 1381 1658 2241 51 1045 1617 2628 1840 735 1993 1218 440 1261 1640 1422 712 155 550 2050 2840 2130 645 445 2046 1369 2011 305 179 2649 2454 2650 26 925 1870 518 348 480 992 2352 2714 463 2631 1051 197 2769 194 1029 2515 860 64 1417 562 1552 1489 1796 1416 1569 659 900 2545 2289 1656 2817 2826 1644 2528 48 260 1208 2790 674 2721 2088 1948 2735 1486 1934 1307 1437 663 2272 1710 556 563
2034 2545 1796 2433 1453 2376 2713 1490 2309 64 1569 100 48 1901 2721 1860 715 439 201 562 305 1584 2023 1640 2213 155 1096 2045 51 2650 1416 2815 2272 1948 2556 747 659 1636 1993 2826 1316 563 260 2755 168 2241 1051 1381 1407 1658 1878 1123 2631 1496 2289 674 1148 2352 204 1218 1782 1965 1586 792 2135 497 2046 712 992 832 231 2239 2294 2553 2439 2088 1840 683 2700 1552 900 1601 1437 1544 1116 2628 1593 1944 2769 784 1486 348 1212 188 550 2207 194 1606 739 1362
352 1539 1242 2269 969 2092 2797 2833 1982 2139 2371 299 667 2844 2455 1815 2576 273 2524 264 1925 2484 741 428 2412 1619 879 1122 837 2473 1009 1549 2776 2063 1863 2460 1735 557 2104 2403 1159 1814 891 403 2385 262 1622 888 1520 1059 1 1571 2094 267 600 2255 867 234 1572 1291 1338 317 1078 17 2399 2100 1238 2189 2727 342 2731 2811 160 1660 147 226 2607 1530 1509 573 472 2223 2226 2175 2338 2486 913 2363 1366 551 2431 641 1589 307 1349 2633 1816 1607 1698 642
894 419 2554 2153 1083 96 1632 1927 1032 189 2060 106 732 181 744 1797 620 644 1251 1108 2442 2401 1283 1364 1336 2720 1702 2188 387 1013 2498 2502 2048 2313 1315 2688 2079 2612 2761 42 2831 2562 2425 481 621 2705 785 971 2374 2168 2567 941 45 762 661 2522 2141 2278 2760 609 270 43 1199 171 2807 1768 2056 2263 1560 1171 22 1064 2608 2643 2841 1865 636 2152 1365 1525 2261 183 1749 2160 1761 2678 448 236 2182 1371 869 861 2030 1625 84 2096 759 1318 2571 844
70 1125 1753 2772 2777 2077 2478 2561 1842 18 2510 2757 431 1252 1035 1390 1834 2 2663 1557 601 951 2015 2818 1839 2161 1759 2622 315 1165 1075 2022 2302 297 121 202 2149 103 2323 215 369 1798 1175 1951 2240 990 2113 191 364 1427 1333 502 2409 485 1235 436 1259 737 2242 2546 1306 2805 2016 2509 2504 1114 522 426 1809 578 1389 1801 536 193 569 1460 2471 1394 251 1830 2054 1357 962 684 2637 529 2653 2000 250 2656 2329 1166 86 1720 1012 1975 1597 1413 10 1213
2281 39 2288 1357 926 1818 1180 564 2495 230 751 76 1996 1091 777 1538 1693 2656 1593 2699 1482 1846 2489 739 2493 2224 2114 2247 441 2080 2242 2149 2383 2324 1786 2695 465 1523 373 1836 541 187 845 2785 581 993 2239 2542 83 379 2016 2754 1950 920 32 917 902 2033 469 1116 683 1943 590 737 1014 1914 2437 2036 1713 1919 1714 1743 736 2073 87 1748 2497 1561 397 310 1467 575 1672 2641 2296 1176 792 1601 2202 596 1257 1019 617 1459 198 824 2019 55 1856 88
2305 79 2068 722 2665 350 1067 246 2511 1547 1134 1463 1935 2842 2041 97 2135 137 1606 204 899 1212 116 2741 12 2825 2766 1126 2736 686 2292 1076 447 442 2294 140 2286 1868 1055 1452 2598 2436 1130 165 725 1056 804 329 1841 692 1944 2558 2319 2580 2728 2813 1464 362 1962 2506 790 1940 1825 2248 2382 2207 2719 1937 2708 2258 83 2239 1223 483 1185 677 484 2784 1836 2285 1777 1919 64 1899 1639 993 494 491 967 1483 2438 2435 988 2569 569 1804 1986 840 131 1743
1649 2767 645 1054 947 1679 1444 1663 2707 1623 1328 2836 2837 169 1544 2439 1782 1381 1658 2011 1029 2628 51 2241 1840 1261 1218 440 2735 1617 1045 2840 735 2650 197 445 1640 2046 1993 463 1422 2352 155 712 2050 194 992 134 550 2289 1552 2130 1051 1253 319 1860 305 2713 201 674 433 659 1208 489 2088 1586 179 2515 2815 1307 2375 563 497 1416 965 2631 260 2272 1486 1417 1948 1437 2826 1489 2556 900 2133 904 259 769 64 1123 2649 860 2287 1369 59 1636 906 2454
2043 2666 2171 2810 650 2816 1891 2346 1916 475 1723 2841 1188 411 922 37 1763 1284 122 1456 2643 759 807 285 6 468 1308 1603 1082 1697 1090 1221 1260 1570 1702 181 1227 2268 586 372 980 620 750 334 2167 820 1153 2194 546 1865 2313 443 1761 1703 1541 2261 1884 1858 1502 459 732 2179 476 1610 2216 1288 582 510 1524 2308 2526 2118 2779 619 2617 1006 298 1605 2425 2712 1015 659 148 669 1232 1488 521 1150 2387 2502 1278 840 1363 614 829 2657 42 997 2634 724
2402 721 1972 1647 2061 1921 1395 1756 1317 1303 1118 799 1143 805 1097 430 1293 1755 159 2407 326 1822 655 1008 580 1692 1011 484 2301 2236 2062 1297 2398 753 1050 478 1018 2465 2505 108 2687 782 1568 1475 1730 1438 1124 471 467 331 2285 1037 1378 31 643 1967 2059 2715 2632 628 806 1472 2693 999 1662 363 2053 2531 390 1635 402 1273 1140 1961 1918 2611 1875 1026 936 1022 268 1929 131 1187 1715 239 1048 2406 2765 2634 1220 1648 452 1356 1275 53 1655 1789 2429 1127
1306 485 1175 727 589 658 1951 2000 1361 1451 1798 614 1559 1137 1106 2072 714 646 898 962 293 1207 2409 1166 572 1558 1230 1928 2787 2323 1394 1087 853 1115 2546 2540 1389 2644 93 895 2054 251 2113 1590 1427 395 1213 2066 1801 529 2277 1300 304 2178 676 545 1786 1683 1257 1334 101 2504 374 1971 364 2759 215 803 789 436 2784 1883 581 737 2114 1900 2381 483 240 2040 1353 783 2149 2022 2242 2579 989 2656 766 2238 1357 1839 1898 341 29 1597 2320 1149 2653 2533
645 1649 2767 1054 1663 1444 947 1679 1623 1328 2707 2837 2836 169 2011 1544 1782 1029 2439 1381 1658 2628 51 2241 1840 440 1261 1617 2735 1045 1218 735 2840 197 445 1993 2650 2046 463 1640 1422 712 155 2352 992 2050 134 1552 550 194 2130 2289 1051 319 659 305 674 1208 1417 1253 1307 2375 1416 433 1486 2076 860 1948 1489 64 489 2515 1437 1860 900 2556 179 1586 563 906 497 2713 260 259 965 1369 1624 2088 769 1627 904 59 2826 2287 2084 2649 2272 2454 201 2815
1524 203 1629 2740 154 2749 2444 2403 2473 1589 891 267 2797 2710 1238 2844 1735 1291 472 127 1122 687 2385 2175 1814 2731 1811 2548 1863 90 428 888 2371 667 2776 2412 1803 226 1520 2727 2709 1295 2431 1509 2092 741 1619 814 641 2266 1549 2139 1421 262 1078 1 2783 307 2576 1373 1059 1355 1807 2771 299 1982 1925 2063 1167 798 352 342 1539 385 160 2094 2484 867 1375 1758 991 2189 264 2833 2269 2255 837 1571 1622 1530 1930 2595 1618 2694 2206 170 2223 1193 2004 2486
285 1221 6 546 2643 807 1260 759 820 582 1603 1284 1541 468 1456 2268 1188 1702 372 411 1697 1882 922 620 1570 2677 122 459 2468 181 2167 37 1308 1082 298 1763 973 1911 1884 1090 2194 750 586 334 1380 443 20 2823 275 1084 448 1285 980 732 1537 281 2118 796 167 1797 1006 476 2706 669 956 1227 650 2691 1858 1083 1153 1891 661 475 2631 2623 629 2261 2043 2726 2313 2535 1015 1200 1610 829 454 1723 690 2791 2666 1205 745 205 1536 2810 2346 1440 1761 38
1416 1096 1948 2272 1316 2556 2815 1496 1860 747 1051 2352 1796 2545 1636 1965 64 2721 1584 2241 439 2713 2023 1569 2034 1218 1586 305 1993 100 659 497 1897 562 2755 1362 1381 48 1782 715 1617 201 1422 2628 155 1658 414 1548 2650 712 194 1153 51 1328 2213 947 1261 1623 2309 1684 2707 1552 1640 1926 1606 2433 1947 899 2270 2767 1544 563 1679 2298 1840 1663 2454 348 2158 741 1645 1278 2769 2631 742 2082 795 674 1411 2135 2300 536 1800 1919 2033 1761 269 2046 1045 2741
1453 1490 2433 2713 2376 2309 2034 1901 1860 2545 201 1796 100 1569 64 48 2721 715 439 562 305 2213 2556 1584 2272 1640 2815 1416 1948 1096 260 1636 2650 659 563 2023 168 2826 51 155 2289 204 1316 1381 645 2088 1658 1878 1051 2241 2352 1218 231 1782 1496 784 900 1123 1486 2135 1552 712 1148 445 2419 2842 2439 559 2553 137 2836 2769 1993 1840 1965 486 747 1544 674 2714 1307 1586 2708 899 1437 2515 992 194 1663 1606 2707 1045 2046 2700 1212 2454 2011 319 1489 497
1865 2071 1933 1790 1052 1638 2645 836 2201 1305 2432 2156 2096 935 897 115 1321 1098 755 2750 1806 1709 1736 2342 1995 38 2450 1436 2823 1858 1260 468 2512 2261 1761 222 807 411 1188 1153 122 2362 2194 2313 757 1284 218 2218 1533 2420 661 2801 1023 42 1804 1456 2101 2627 1728 2260 1227 1044 1504 2533 2799 2021 612 1015 1610 967 2472 476 448 754 1231 2372 290 792 1095 1296 29 629 388 795 2172 1149 285 2024 1047 2688 2235 1383 1425 669 391 209 119 91 1555 1719
546 1221 582 285 2643 6 759 807 620 181 1702 1260 732 468 1603 1768 1797 2194 820 1541 1083 2261 669 661 476 1570 2823 2761 2387 1882 1536 1227 372 2313 1858 2807 1761 636 1318 750 334 1880 298 2677 2476 829 1153 973 1884 2168 2048 980 2278 42 1844 2425 396 2118 1084 1865 1283 1285 1188 1560 229 922 2268 2303 2688 2474 281 1284 1456 1697 2571 115 2791 1286 1205 1015 1108 1184 1425 481 1968 1380 2627 448 483 1199 2705 1462 1894 275 2359 717 414 459 270 423
2542 291 617 1561 2016 540 1019 1631 1334 63 2242 499 1535 751 2656 465 832 1685 2149 954 1197 1593 182 783 1333 149 576 1712 2022 1760 2112 1749 1434 1693 1346 1004 596 1836 1103 1343 1298 1087 898 95 2827 310 614 2547 2441 1743 1558 714 1483 376 2737 1672 1999 2409 940 1804 2129 676 75 824 198 1161 853 1166 2072 792 967 1928 895 1513 2281 2114 39 93 2700 1689 1856 1590 2497 1847 1300 739 1795 2058 949 683 1469 1773 983 1304 1176 1116 91 1714 1914 2111
1728 754 2756 1231 757 2320 2021 1774 1533 1149 2533 1852 1746 293 29 2172 286 162 2673 699 316 414 2212 2343 1327 2822 963 967 1804 2144 218 1109 1164 2024 1618 553 1598 968 792 649 507 2814 2224 1182 235 2306 625 1435 961 890 2380 2764 1540 1236 679 2799 1099 2340 1956 1095 696 1555 1274 858 1070 27 2267 2028 2323 2215 2226 964 671 853 1719 1248 1505 314 2255 1991 532 1050 1894 1546 1441 571 2742 2787 2784 1597 1543 261 120 2031 1904 344 2054 1135 707 2253
2044 2528 2411 1656 1934 1644 2790 2501 2817 1102 1624 85 312 817 2832 1926 987 188 943 2300 1407 556 635 1405 221 659 1319 611 547 1386 2082 2270 2213 1552 2419 992 1658 1381 1782 2034 2011 1208 562 64 2241 1983 2545 155 305 2046 497 2012 1617 51 559 2836 1586 2397 1640 1092 1752 1146 1796 712 463 1663 2574 550 2439 1422 674 1416 1045 1948 1544 1486 1328 197 48 1840 900 439 445 2358 2713 2652 2826 2023 1029 2007 1218 630 1437 413 1316 1993 1623 2289 1569 1428
840 1024 2565 2285 1039 2765 1503 452 89 324 1062 129 2142 501 1037 1813 1923 389 2634 268 1124 788 1932 2053 1140 131 2236 456 1843 467 1475 125 628 1026 1715 495 822 1789 53 2137 1220 1273 241 314 390 1875 484 758 2531 1635 1281 1050 1912 1655 1831 2059 1378 2687 1662 927 2429 2244 534 1011 780 806 1967 1297 1022 391 1465 2470 2232 1568 1730 2398 2505 2465 2396 464 2407 1008 1481 1929 1941 786 847 478 1048 1612 138 1500 1706 2698 455 1021 2301 1143 2062 2017
2464 957 2725 2168 1889 2404 1766 1880 609 509 661 2448 2457 844 669 744 42 1515 2278 1802 636 1318 5 2807 476 1927 2476 2823 1797 2261 2128 752 1632 894 2153 106 2194 419 2572 829 1596 2720 1032 1199 1108 1536 1283 2554 2751 1726 2060 1602 1866 644 96 2562 387 1280 22 1560 388 2425 1227 1139 1865 1171 189 2688 2468 2678 181 1525 1364 2182 396 498 214 1768 2442 40 2109 183 2048 1084 171 762 592 621 466 2169 1214 2760 2348 2351 2567 1371 2627 2608 1326 2522
2298 2548 2517 372 2185 2363 2727 1520 1684 1 143 1129 795 2529 1572 1440 2399 1411 2460 234 386 307 557 2158 913 2584 342 1619 2215 551 1925 879 969 352 1947 2844 46 667 2385 1539 1694 2468 2139 892 1982 349 1863 741 2092 2834 796 718 2371 1360 1349 1776 2833 267 1238 1291 697 2226 837 2524 2269 1009 2484 203 2431 2801 1350 2541 1366 2633 2797 1629 891 299 2184 133 1615 1660 1215 2455 888 1814 1373 1514 2123 264 1059 2403 1196 1630 1675 2189 2672 797 1025 262
2232 1262 822 2137 1568 113 455 2142 1503 241 452 1024 1506 2565 799 268 1932 1505 840 1141 129 1062 2531 290 2285 1813 1789 2693 2765 389 501 495 1039 927 758 1655 324 1612 1831 1875 1011 2715 2070 2634 131 89 1923 464 788 1706 1918 1281 456 27 1780 1843 653 1273 1274 125 408 2669 49 525 138 858 1026 383 2794 314 216 1282 1472 1297 2236 654 53 2698 2091 1912 2311 2611 2164 2025 628 245 1127 449 2396 412 1216 61 1395 1941 1787 356 1050 2191 1500 296
1525 2572 2623 1280 2263 1371 1084 2678 2374 1198 1726 2030 1659 2448 1205 84 2303 2386 2791 1083 2141 327 117 941 275 2502 2203 1170 1973 265 1880 1251 448 1184 1802 732 2132 106 2152 1425 1380 474 2222 1113 2522 2831 1364 45 1064 1596 1758 762 2705 2562 946 298 2186 1032 973 582 1077 150 828 2688 2056 636 300 133 1693 1318 644 236 42 387 621 2760 96 2441 43 1979 1219 2827 2476 2125 2425 181 2182 2761 2498 894 2004 1750 377 2807 1536 310 1797 323 2608 814
1830 931 702 848 1114 284 1908 1107 903 835 1767 1340 768 2601 2471 1845 502 990 2624 65 688 297 1608 103 1235 1323 126 578 1310 2276 1512 1254 2388 522 1821 1720 1186 1413 2314 250 1391 1975 684 2667 1458 277 1801 2149 1406 1759 2114 1120 1922 2240 800 1012 1075 876 767 775 86 2637 1016 2656 379 249 1165 1113 1390 1459 2315 10 2757 1805 39 1557 2605 581 1144 2302 1357 1152 102 2622 1905 2016 1809 2299 2802 1289 749 1832 2495 2151 1871 2754 2036 373 2805 2242
1137 614 714 1207 898 1087 2072 1558 1166 2409 1928 1590 93 853 895 1306 676 485 1175 1951 727 589 658 2540 1451 2000 1361 1257 1106 1559 1786 1971 646 1798 1427 251 293 2323 2787 1346 572 962 1230 783 1334 1115 2546 1683 2242 581 1394 1389 1801 529 2113 1213 2066 215 364 1900 2114 2644 789 737 2504 436 395 101 374 2542 803 2054 2277 1561 2178 2759 1597 2040 545 304 2149 2022 1883 2784 1353 240 617 2329 426 483 2656 1333 2381 634 145 2129 1869 2320 321 1149
2305 350 79 2068 1067 722 2665 246 2511 1547 1134 1463 1935 2041 2842 97 12 1606 2135 2598 116 899 137 1212 2741 1464 1076 2436 686 1937 2382 204 2813 2438 491 1777 682 2708 329 2248 804 1868 2286 140 2292 1126 790 677 948 2569 1452 2736 2506 1962 692 2393 217 442 1185 2257 2719 1841 974 1554 1639 2319 1052 1874 2580 733 1592 1987 1499 2534 1130 1927 255 1286 1998 1396 1223 813 657 2625 1892 2258 866 734 1944 444 1904 2507 2704 711 2825 1363 2603 1370 1402 2161
557 879 2460 2363 1863 1925 1619 667 2468 2517 641 1982 2385 1807 1295 991 1242 1373 2771 1735 127 1509 888 2524 687 1278 1081 2139 583 1549 262 2801 2833 1539 428 1947 2175 2189 1724 273 352 796 2412 2776 1215 2104 741 2797 2844 588 2473 299 1660 969 2371 1497 1811 2694 2184 2783 2187 1589 2710 798 1803 795 2659 2576 1350 2327 2092 2662 2185 2269 385 1345 228 2731 1607 1816 2444 2581 2709 1341 1814 2607 1078 961 160 2403 1122 1664 1862 1480 801 1575 2595 263 514 669
1470 887 1667 114 841 1585 639 1770 2723 819 9 945 1579 2575 2647 1920 1531 748 1578 1528 2328 1769 1354 952 919 118 2792 2491 1179 567 2778 1791 916 1977 2252 1063 2682 227 2065 1583 2097 1651 2042 930 1851 998 808 1657 2225 928 763 1854 2379 2729 566 492 982 512 2026 2310 2459 515 311 2074 579 2711 2349 1154 1233 437 1211 2618 923 2380 1367 1368 517 2488 2559 2304 1890 1236 681 1210 875 381 781 2267 399 289 975 73 164 1599 1562 1643 1209 156 2165 2577
2152 2502 84 1371 2141 1726 941 1605 5 2263 2572 2678 244 844 1515 2386 1139 2567 1525 2457 2841 2115 1953 2623 1696 2448 1616 1280 2751 1866 1171 22 1198 2348 509 1214 214 117 1199 2109 2203 1602 106 2128 1659 2182 609 2056 1084 785 327 2303 1184 1768 1205 183 2464 1083 621 2503 2725 45 2761 973 2048 1987 298 957 1364 1064 2760 171 1113 2608 744 732 236 1458 582 1632 398 1570 2791 2030 2688 1979 181 189 620 1927 971 300 2060 1251 1661 2522 2705 2677 40 1032
1539 969 352 1242 273 2104 2524 2226 2473 147 879 557 2460 2363 1925 1619 1863 577 1816 1059 2709 1366 1480 2595 1520 1660 1 2431 307 2727 385 2175 2468 1982 2607 551 342 667 2633 2783 1572 867 814 1811 234 1355 2444 511 1025 1349 2710 1803 685 127 1291 267 414 2399 2797 160 1238 913 1167 1421 2094 1514 1540 472 2139 1078 2844 2340 2158 2781 669 2266 2339 226 2092 2833 2385 2455 888 2269 2371 1530 2740 2517 20 2648 1815 891 46 2403 264 299 2013 1629 476 1571
1019 2542 63 1333 2016 1685 2022 954 182 149 1712 1760 617 1434 2149 1561 2656 1298 2112 2242 1004 751 1334 291 940 783 1343 2737 75 499 1197 198 949 2497 1693 310 465 1631 898 1087 1593 540 1161 1228 2114 2409 614 1513 2113 1999 1558 714 1847 832 1535 1785 1207 2072 1166 1103 1213 1773 1743 2066 2827 39 1346 2178 1749 1795 93 895 1928 1389 1786 2546 1590 676 576 581 1353 1971 1357 1257 634 2129 1597 596 304 2441 95 2430 2547 737 2143 1683 1304 1137 1115 853
536 1132 1588 569 121 988 193 2090 2333 680 1268 1431 2117 36 1793 733 1430 500 866 1499 1886 571 1065 1553 1699 332 979 2078 1393 2668 1492 142 2786 176 1418 2743 1686 2227 429 1033 1256 901 340 432 597 1562 1053 2029 1890 554 2108 2384 886 21 878 199 1906 555 2735 612 2415 417 427 2451 2274 802 2217 453 1888 2515 289 2634 968 2482 2055 2406 1648 319 1808 1341 1023 561 2568 1047 1895 402 2625 608 1398 442 412 326 2285 2747 460 484 2407 840 259 444
2138 961 1618 2781 2783 511 1101 1060 2431 2473 1421 385 2266 414 1540 814 2340 2709 1539 1816 685 2635 2339 1607 1078 1660 403 1862 352 1341 1366 2094 537 160 1480 2633 1530 1349 1242 2338 1964 2607 1615 892 223 2614 2513 867 2648 317 969 2100 1815 1338 1828 600 1059 1159 166 46 2226 2255 2253 1698 2158 226 573 669 2460 1069 2758 1409 127 665 2835 2820 1571 1619 1811 1994 2801 2223 1095 2412 2403 1863 2466 2212 2213 2738 405 1327 307 2063 2524 837 1622 577 195 2486
1300 483 240 2784 789 16 761 1447 1469 44 376 1389 1483 2317 1883 2249 2546 1353 2113 1213 2066 1115 2178 545 304 727 658 2277 614 1394 1898 1451 589 1951 1093 1137 1175 2072 1361 2000 1801 2022 2504 1161 2579 2540 1106 485 1683 783 1306 1178 853 407 1559 1798 1804 1087 251 1513 2644 898 1228 2381 766 2437 293 737 2114 1971 581 714 1693 967 328 1785 2759 1836 1427 529 1019 834 792 374 1728 2054 1749 39 1719 395 1207 341 576 291 2452 572 2238 1230 2288 1558
1525 2623 2572 1280 2263 1371 2678 1083 2374 1084 84 1726 2141 2448 2502 732 941 2386 1198 2152 181 2030 1659 2761 2048 1205 2791 620 1797 150 2203 1170 2498 644 387 1702 1251 1184 2720 2562 117 1364 1768 106 448 621 2442 2688 45 270 1283 2168 785 2303 1108 1596 2056 844 2522 1973 1318 2401 1064 762 2186 1880 2188 661 481 2182 196 971 1605 96 171 2760 582 636 2278 2705 43 2725 474 236 2608 310 1077 2831 1093 1113 1365 1032 894 1632 1693 2125 2071 2567 2807 1204
213 2408 707 558 135 2638 2354 2615 520 2413 1945 1448 1269 1265 2566 232 424 19 2295 1849 1867 1722 1383 1478 2390 119 1529 1296 80 184 1733 2472 2744 1984 1597 24 2024 1312 2022 426 2143 739 218 634 2827 1804 783 1631 967 1749 1019 2111 2430 63 695 1712 1333 949 376 2277 1469 1689 1343 310 2112 853 182 2737 954 1999 2441 1004 1785 149 1434 596 1760 1898 1298 1856 1103 1093 1728 1598 2149 132 1228 2072 1213 1533 2016 291 412 757 1483 198 940 540 304 2784
70 1125 1753 2772 2777 2077 2478 2561 1842 18 2510 2757 431 1252 1390 1035 1557 1834 2 2663 951 601 2015 1839 2818 2161 1759 2622 315 1165 1075 2302 191 2323 103 297 1951 202 1235 426 2315 767 1175 215 990 2702 1323 1306 277 121 2409 485 2149 1845 1798 522 1597 2624 2000 2143 737 67 2509 251 502 364 436 1012 2121 2471 1427 2024 1413 1809 2054 569 86 369 1801 2546 578 2653 634 1357 1001 193 688 1928 2242 24 727 1230 1406 1810 1905 988 1391 1443 536 2504
1453 2713 1490 2433 2376 1860 2309 1901 2034 2545 201 1796 1569 100 64 48 2721 715 439 562 2213 2556 305 2272 2815 1636 1948 1096 1416 204 1640 659 2826 155 1316 563 1496 2650 260 1584 168 1148 1965 2289 2352 1878 51 2135 2842 1123 1051 1586 2553 137 645 900 2088 1212 747 1486 1840 674 559 231 2023 2239 194 1381 899 2241 784 1218 1437 2419 1606 497 1552 493 1993 2708 1658 1307 1782 486 978 2247 992 2700 1995 2337 2007 79 1067 2836 2258 1919 2515 965 445 704
2755 1584 2023 2045 747 1088 2668 1065 2622 1562 1396 2507 536 997 2545 2239 1516 1893 2782 54 1407 444 770 258 50 64 1557 1031 1390 1906 414 1796 1904 2664 1980 1142 710 569 1073 633 1695 1252 966 1256 928 2660 671 988 355 1657 2259 442 1628 1000 21 2384 1892 193 1132 1739 1707 2073 2843 1266 2369 118 519 1588 1303 1105 952 1431 446 2322 1920 1894 2803 326 2015 176 1614 289 2163 2249 1680 2093 2543 1231 114 979 1774 2319 2757 760 919 2227 1126 2613 733 2090
372 1284 411 1456 807 1260 468 122 1188 1308 20 2268 1082 6 285 922 1891 1723 37 1865 454 2643 459 2043 1697 2810 1570 1221 167 650 1286 2171 2726 475 546 1763 2346 759 2816 1916 2666 1858 38 2222 2162 586 2167 582 443 2841 2313 1603 275 1884 1084 1006 1702 980 2823 1090 1882 2627 298 1153 669 1610 1844 2261 2194 1995 2677 181 1227 973 1015 820 476 448 2118 620 1541 1537 1205 396 2468 750 2706 1280 2303 2573 1744 2535 1637 2623 281 661 163 1761 334 2030
1470 887 1667 9 1585 2723 1531 819 841 114 2575 1579 1770 639 945 2647 1920 748 1578 2328 118 2792 1528 1769 567 952 1354 1791 919 2778 916 2491 1179 1583 998 227 1063 2252 2065 808 1854 1977 2682 930 2042 1651 2225 1851 2097 763 1657 928 2729 2379 982 2711 566 2310 517 492 512 382 2026 1154 923 2349 579 2618 513 2459 1209 2416 2304 515 875 1368 2165 2559 1233 311 437 2488 975 528 2074 1958 2380 1211 25 778 2415 1367 681 1210 380 429 2267 151 1890 1970
1300 483 2784 240 789 1883 16 1447 44 1469 761 376 1483 2546 2249 545 1389 2113 1353 1115 2277 2066 304 1213 2178 1394 2317 1801 2540 1898 614 2579 834 2504 1451 1093 251 2381 576 1427 1951 2323 1728 2000 1593 646 395 967 1304 1178 783 1836 1137 2547 1361 374 2644 727 1804 60 407 2054 824 1990 1161 658 291 792 39 2759 757 2437 983 1230 328 1106 101 1798 1749 1785 83 414 766 2700 529 1683 1175 2238 1231 596 754 47 2072 695 1672 1631 2281 2340 1513 465
348 2769 663 925 26 2714 2538 480 1870 2454 1369 2649 179 1489 860 1417 550 1710 518 1788 712 1701 2130 2050 1045 2241 2461 735 445 1422 1276 1576 421 2375 280 2418 2125 1034 2011 2840 1197 77 793 2004 57 1665 1983 1930 1743 704 1758 2289 1590 95 659 689 1328 170 2662 1092 1552 895 884 197 2211 93 2155 1609 1358 645 1617 1716 540 576 720 291 1859 817 1624 1724 228 1172 596 433 493 59 168 463 1486 832 1792 1580 404 570 746 1060 1658 1292 263 1030
403 1815 1159 1421 1078 2431 160 1530 1009 2094 1607 2783 2455 385 837 352 2063 1341 814 2484 1660 226 2138 2266 264 511 1816 867 2607 2633 2709 1338 1480 667 600 1539 2412 1366 1619 1982 1925 537 1622 166 1069 2758 573 2811 2092 1863 879 2255 2460 2371 2473 317 2100 127 2139 299 2486 428 2833 2269 2738 2844 1828 17 2797 1122 577 2835 472 557 961 846 741 1242 891 1571 1814 1698 2339 223 2576 888 1964 2481 405 2635 2189 2338 1059 2614 1509 641 665 2403 267 2820
1882 956 1221 582 285 6 1200 2823 546 2677 1541 820 1697 1911 2691 1768 1603 2643 973 203 2474 1285 448 2194 196 750 776 669 630 1536 334 2167 2132 2740 2623 298 629 1083 796 2261 661 1570 1880 687 2222 1084 2688 1267 1260 1702 98 1180 1884 1170 459 976 2362 1687 327 2268 850 980 807 1380 636 42 2431 353 941 620 2573 829 2476 1525 181 1318 2749 275 1462 971 2355 2118 1629 759 2631 281 1153 476 732 2460 1280 154 2387 1520 2726 910 1802 2548 2727 2359
727 1175 485 589 658 1306 1361 1951 1451 2000 1559 293 1106 1798 2787 962 646 1230 2054 2323 572 614 1115 1394 1137 1389 1683 2546 2644 1300 1786 2072 529 2277 1801 2114 2113 1257 581 1334 395 1971 2066 1213 1207 2242 737 2178 2409 304 714 251 2540 898 789 1558 803 2656 483 2040 545 1166 215 364 1928 2759 1427 2504 2149 1900 240 2784 436 853 1087 989 766 2161 1693 2381 101 2579 374 1353 1093 783 39 407 341 1898 2238 328 44 1357 1883 1149 1561 2022 2320 676
1305 1790 935 836 2071 2096 1933 2750 222 2156 1321 2645 1436 1098 1052 2201 2512 1709 2218 2432 1504 897 850 2342 2450 1736 1638 2362 755 2355 1806 1621 2420 2452 2446 599 2642 2691 2537 141 2163 612 1023 666 453 981 2055 401 1145 595 1510 1628 1903 2122 1047 177 816 2098 908 1085 2679 208 2587 2747 461 2775 156 2829 460 99 823 694 1461 1808 164 380 1784 2028 174 1688 760 2774 532 858 1875 1974 1599 2144 2074 1741 1956 1717 1404 2577 1454 1233 1415 2722 2102 632
29 286 2533 2172 2673 1149 2320 2021 2756 967 1804 218 2024 1533 1728 1231 754 426 293 1597 2143 24 1689 634 2430 757 707 1719 2235 2354 2408 1849 213 2260 91 739 1867 792 1265 1722 2296 119 1529 2615 2390 424 1448 1383 2295 1296 1478 2638 135 1269 558 80 19 2413 2566 232 520 2224 1945 2054 184 1733 291 2787 1252 2472 1984 2744 2015 1334 499 1535 2757 832 2622 983 1759 853 1886 695 2078 2149 1091 315 1390 2016 1557 2302 1165 1670 1075 1834 1346 1312 2323 1928
1439 574 2057 2291 2051 1223 2683 2639 647 1874 494 2183 598 146 2220 2499 2435 1931 482 939 2526 2704 531 1433 1899 2089 1088 1725 444 368 2427 2445 1592 657 2708 2569 274 864 994 255 526 608 1408 1185 271 2440 682 2438 1330 508 217 491 1942 1555 1771 974 1998 2037 1777 2625 1892 140 1868 1677 2580 2393 2728 677 2308 1055 790 1452 2712 1944 2286 948 1937 2719 447 2207 725 1473 2813 637 503 1639 804 2294 329 2421 521 2359 2382 844 2558 1139 2152 1616 2657 5
2226 1539 969 352 1242 2363 2524 273 372 2517 2104 795 2460 2185 2298 2468 557 879 1684 1619 2709 1059 1411 143 147 1925 2473 1129 1215 2444 2529 414 342 2584 1 1360 1863 551 1366 307 1349 1520 741 2158 2801 667 2727 1630 1440 1025 1816 685 1514 2595 2738 2749 2740 154 1480 1811 46 2340 1540 2781 1660 476 2335 1355 1982 2431 2100 1509 166 1694 669 961 2783 2175 958 386 1227 83 1572 697 1803 600 2455 1153 385 1919 577 1338 796 1815 2839 1618 1524 1622 913 2139
767 1938 1443 1833 889 1747 2686 277 2702 2496 2315 369 1980 1753 1125 2478 2777 431 2077 2772 2818 70 18 1460 951 1842 1834 2015 211 1252 2510 2685 1989 2757 2532 2 1759 1557 2663 1390 2622 601 2561 1035 1839 315 1418 1845 2302 1165 1976 164 2016 1340 156 2288 39 578 1114 2577 121 2624 1413 250 461 126 2388 193 684 536 2556 931 2108 760 569 1431 848 2149 988 990 1793 1628 2090 417 694 191 1952 597 1399 1872 1784 1975 1767 1593 2671 769 2601 297 36 2471
1948 2272 1416 1096 2556 1051 194 2352 1496 1316 2815 1218 1965 1636 1261 1860 2713 2628 201 1586 1453 2545 1901 2309 1840 64 2034 1658 1381 747 1796 2721 1490 2433 2836 1569 1782 2241 48 100 1649 2767 155 715 1640 2046 497 2439 1544 992 305 562 2213 563 950 659 1054 51 439 2826 1552 674 2289 2707 2376 1148 1663 645 1617 1328 169 260 1679 2011 2650 319 1584 1123 2023 1878 1710 1486 900 1623 2088 1045 197 1897 168 1307 1993 2840 440 1422 2837 2732 2735 947 2652 1862
1670 2299 593 749 2364 2730 2788 1243 2151 1379 673 1311 568 2549 1068 2746 1005 1131 2290 1966 1794 1946 434 544 1325 112 1783 730 2516 1526 1442 1079 410 1511 2377 1466 937 1969 535 1779 1110 406 709 1385 365 1040 338 821 811 1165 2843 2145 2302 191 2697 855 2251 257 1527 1992 1007 2102 1850 2219 1455 678 800 2196 1498 336 2417 2243 774 1142 2005 2492 1936 2763 605 253 2341 1094 773 1707 1968 2519 1871 1731 2830 435 186 1020 1138 1174 519 2087 392 1581 1309 1573
1083 419 732 2554 894 96 2153 1702 181 1632 620 2374 1797 1927 2263 189 2060 2572 1032 106 2623 1251 1013 1280 2827 2441 1371 2502 2643 1364 2522 1336 2401 1525 2111 310 1856 45 2056 1108 596 95 1064 63 1749 759 2678 1093 1019 844 2612 1283 1084 644 576 621 1365 2442 2141 1743 2386 2547 183 236 609 2761 957 407 2079 2448 1685 462 2760 333 171 1865 2608 2182 2567 2152 1765 448 387 2048 824 746 2202 762 2725 2831 2720 2030 2841 42 1693 1889 2807 785 1727 493
2542 2016 2656 751 617 1561 2149 1334 2242 291 1693 1019 63 832 1535 310 1685 954 1333 182 783 1346 1593 1434 149 1197 465 2022 2112 1712 1004 540 1343 1298 1513 940 1760 1161 2827 1773 499 1795 2737 2129 2114 1847 2441 39 1743 75 1357 1087 198 949 1856 2281 132 1672 1786 2497 1207 1176 1631 2288 596 2224 1836 1558 898 926 1180 2409 695 95 1116 1166 1257 1999 1103 1228 824 714 93 983 614 1928 1818 895 2072 676 2190 1971 1785 1091 777 2111 1713 1590 581 739
2305 79 2068 722 2665 1067 350 246 2511 1547 1134 1463 1935 12 2041 2842 97 2135 1606 899 2741 137 116 1212 1868 140 2598 2436 1076 1452 686 204 2286 804 2292 1055 2506 1944 329 2319 2580 2294 2558 1464 165 1130 2728 2766 692 447 725 1126 442 2719 2382 2813 790 1962 2838 2248 269 494 2161 2825 1841 1937 2736 2708 569 362 1132 1185 193 64 536 988 1588 1006 1639 1897 104 657 2119 747 1777 2631 2207 484 2090 1474 146 948 711 2258 1620 500 121 1075 2393 1362
2471 2601 502 990 1845 2624 688 103 297 1235 1323 284 126 848 1114 768 1830 931 1186 702 1340 1767 578 2276 1608 903 1908 2314 1107 522 1391 1413 835 65 2388 1720 1821 1512 1310 250 1975 1254 684 2667 1406 2478 2090 1012 988 1165 569 2121 193 1075 1810 249 1905 2757 202 2240 277 1175 2149 121 1390 627 2509 1759 2016 1839 1459 1809 485 2077 1125 1793 379 102 1531 1557 1753 2350 2302 10 1951 86 513 492 1748 2777 2019 2772 67 1605 2462 2561 1832 2329 2778 1741
301 1419 2331 392 519 2318 1387 2420 2101 2763 1200 1682 1546 94 1454 773 248 186 253 1479 2102 336 1779 937 1992 2341 809 538 908 843 1894 320 1455 852 1527 1133 2264 69 1320 568 1385 1424 2543 1442 2573 535 870 648 1778 1498 1516 717 434 1329 1309 2145 2362 358 1548 338 1718 2095 1070 2219 2303 1526 2537 2377 1978 605 2839 365 1119 2222 678 2516 1325 2560 1966 709 610 2781 2001 544 1783 942 770 2243 1850 1968 1634 1670 881 20 2519 1554 821 855 1020 406
2565 1843 495 131 1875 452 2285 1024 1503 268 241 2531 2142 2765 1011 1500 1941 840 389 1021 89 1039 113 449 758 2091 2634 2232 33 412 1706 290 1262 822 1789 464 2137 1923 1813 455 53 1932 1026 1568 927 2693 456 200 1655 628 2316 501 618 1831 1281 1062 1220 129 324 1912 138 2017 1612 2062 858 788 2611 125 1961 1472 2715 653 1506 1022 1378 2164 799 2398 561 2687 49 2632 525 408 2794 1918 1124 782 1730 1018 1048 2025 2311 643 654 467 1917 1127 1037 296
348 2769 925 480 26 1870 2714 2454 1369 663 2538 2649 179 860 1417 712 550 1489 2050 518 2130 1788 1710 1701 1045 735 1422 2241 445 2840 2011 1617 1328 197 2375 793 1552 2289 463 659 556 2461 1034 1092 1840 1934 1658 493 1758 1663 1656 1609 2418 1644 440 2826 1782 168 2125 433 260 1381 1983 2004 2397 188 1029 51 689 645 2832 1665 2817 704 312 57 900 2650 1901 817 2707 1437 943 2836 421 1486 1930 1146 2501 404 1276 2211 1640 2790 1392 1279 1208 2544 2123 1623
2578 377 828 1337 640 13 2210 2520 1272 2602 1668 1374 672 2828 2629 2428 933 2798 1429 2539 2671 729 1249 2083 1910 2031 2570 2120 865 2335 1070 1329 2839 323 2795 1764 2221 1754 2038 2047 1949 2421 370 964 1399 2640 358 1041 1038 56 2032 698 2808 955 1952 2513 1189 1521 1266 1598 220 932 839 1049 1449 504 959 979 1240 2562 679 1929 2227 625 2398 1108 27 1275 2387 2786 2827 1780 43 571 2425 2687 1438 753 1018 471 400 2442 858 1251 1248 192 1435 2111 1761 1562
431 2510 1839 1035 70 2561 1753 2757 1125 2772 2777 18 1842 2478 2077 1557 1390 601 2 2663 1759 1252 2622 1834 315 2015 951 2818 277 1443 1938 2161 1976 1833 767 2323 1394 1747 1418 889 531 164 2686 2149 191 1175 1165 2577 72 461 156 2644 853 1075 1241 589 1798 2302 1951 2054 121 1306 962 485 433 658 727 426 1801 1065 1333 1230 634 39 2722 1427 193 783 2540 1599 707 536 1597 571 251 988 694 529 2624 2532 1312 2016 1845 2074 2022 211 2009 1334 769 395
834 575 2550 1104 2019 1507 1277 1669 2754 55 2641 728 397 1044 2604 1177 1194 2176 107 2555 1482 1691 2414 2080 1727 1621 1523 441 2695 2383 2058 1244 2136 393 584 373 2452 1016 2395 845 897 908 2446 924 599 1646 2537 863 2233 1729 1719 736 1566 83 2360 2254 2573 1734 2212 1327 1162 147 309 666 830 7 422 457 1467 187 2310 861 1200 1487 2159 1144 16 2192 339 2326 2793 590 87 400 1732 1028 1147 1674 2661 2086 1352 1006 2752 996 2487 1919 2530 1447 1353 32
2551 2018 2146 719 2284 1289 764 2008 247 1403 615 1157 1534 2824 1351 153 1915 914 190 35 1493 1577 862 2603 1633 2487 723 1997 1359 1751 2209 539 2582 812 1121 206 2585 343 2019 276 2485 303 1180 2165 1772 809 869 795 1136 2157 1204 14 66 1532 58 1150 495 929 2310 1247 2228 847 2067 873 1985 282 2779 1711 2340 652 604 2192 765 1066 1072 1128 2536 2434 412 2764 1173 2086 2336 2754 1211 1811 2658 1246 2648 1734 284 2027 2325 1226 357 1507 1947 2233 2103 2550
2502 2152 1371 84 1605 2141 1953 1139 1726 2572 2263 941 2348 214 1866 1602 2567 1525 2841 1280 5 2623 2678 844 1171 2751 2457 22 2386 244 1198 509 2448 1214 1199 106 1696 1515 2115 1616 2109 1084 785 2128 117 1659 1927 96 1632 189 2060 327 2203 1032 2056 744 2030 609 957 2182 2725 2303 1064 2153 1205 45 2464 1364 1113 894 419 236 2554 1365 2522 851 2760 183 621 1251 2608 171 1184 1960 1458 1488 2404 1738 1979 2705 2374 2612 2401 420 1397 270 1766 1661 323 2791
645 1029 2011 2735 1649 2767 2840 197 1054 445 463 440 2836 134 1253 1840 1444 947 2837 2650 2707 1679 169 319 2628 1663 2289 1328 1623 1544 2439 735 1782 433 965 1218 155 1552 59 2241 1381 1658 2375 2477 1617 51 1993 2287 613 1261 2389 904 1775 2515 2352 1045 986 1202 882 123 2088 2367 550 1640 489 1307 906 950 2046 2076 1208 1860 2050 674 2713 1757 1949 1627 574 2084 1255 1468 1799 1477 2595 1422 477 932 1041 1486 305 1752 1737 2631 2069 1998 1589 659 769 992
645 1029 2011 663 2538 2769 518 445 2714 348 2840 2735 480 550 2454 26 179 1870 925 1788 1369 197 2650 712 1054 1489 2289 2649 2130 463 2050 1649 1710 319 2241 1417 2767 1045 860 2375 433 1422 1253 134 735 1552 2707 440 1328 2836 1840 2631 1679 1623 659 2076 2088 906 1381 1640 1782 1701 965 168 674 1658 1895 155 947 259 51 1617 1307 260 1993 562 1758 305 1123 1444 2826 2004 1878 563 1663 1901 1148 2713 1983 2515 1775 2544 2287 1092 231 1197 1948 986 169 2312
2044 2528 2411 1934 1656 2501 1644 2790 85 1102 2817 1624 312 2832 987 817 188 1926 1407 556 943 659 635 2300 1405 221 1319 611 1386 547 2082 2270 1552 2213 2397 2012 630 463 2574 2011 1208 197 1983 1617 606 1092 1422 51 550 1782 2454 1489 224 2836 559 2375 992 413 1417 2023 2358 1029 1486 2045 1305 2515 712 1328 2652 2564 445 2419 178 2800 319 860 2724 2840 1414 1428 562 1564 1381 2714 1658 599 4 155 1584 900 2344 1640 1045 2241 1993 2076 1437 996 645 622
935 1305 2096 836 1790 2071 2750 1052 1098 2156 1321 2645 2201 1933 2432 1709 2512 897 1436 222 850 1638 1504 2355 2362 2342 2218 1806 2450 755 1621 1736 2446 2420 599 2537 2691 2452 666 2642 1006 1044 1474 745 325 1090 443 144 908 2823 761 1308 2317 2535 8 2331 1682 16 612 1447 2573 1082 1763 1047 2318 2167 1341 629 99 205 586 2449 1355 2249 2758 459 1750 516 320 42 1469 2514 2695 2593 1671 38 2742 1387 1454 1607 1034 2222 474 2461 1880 762 1145 724 1758 1811
1527 937 535 2377 257 2843 519 1894 811 1455 605 392 94 1424 1731 1138 248 610 1634 1040 253 1992 2763 773 1516 336 1498 1779 2341 1871 2102 1133 1309 1007 1068 1385 648 410 365 2830 406 2145 821 717 338 1419 1546 1526 1466 1707 1079 112 186 435 1110 2560 1645 301 870 568 1850 2516 1800 434 1442 742 800 749 2219 1325 2095 1670 1131 1020 2331 730 1379 1966 1511 2299 1311 2613 1573 1969 2788 1581 544 538 2549 288 678 1968 2680 2609 1142 855 2151 1946 843 709
1083 1702 732 181 620 2643 759 582 6 1797 285 546 1221 807 2761 2048 1768 2807 1260 636 42 2278 468 1536 1318 2261 2194 894 1108 661 2111 2441 2153 1856 1632 2827 1251 96 419 2554 2720 2168 2004 476 762 644 1364 1283 2425 1064 2374 2522 596 310 844 1570 669 2603 2476 387 2688 2548 2313 1761 343 1227 206 2442 2263 1525 1882 198 1858 95 510 2056 1336 1515 1153 2202 45 2744 1999 2141 689 2582 949 829 1013 1560 1188 1371 1204 270 2386 493 1758 462 481 1601
663 2538 480 348 2714 2769 925 26 518 2454 1369 1870 179 2649 1788 1489 1710 1417 550 860 712 1701 2050 1859 2130 1758 2125 2211 689 421 493 704 570 1034 1665 95 1713 2461 57 793 1609 1197 1930 2827 1276 1092 1838 465 596 1743 404 2418 2375 280 2004 2123 499 683 1116 1999 1103 2493 1983 77 2441 1551 540 1224 1576 617 576 1453 2547 2202 895 445 1045 93 1590 2542 1594 2289 2039 2659 1714 294 2241 462 2159 2229 228 1195 1760 1690 1169 2112 2662 1716 2184 832
1946 2394 416 105 1778 2299 1670 593 2843 2788 673 749 2730 2364 1005 1966 2290 2516 2151 1311 1243 1526 937 1068 434 2549 1379 1794 2746 320 2331 406 883 186 568 1131 544 1779 257 852 1385 1527 2697 1783 2243 144 2417 855 1511 112 1850 908 1442 774 1936 2377 253 1094 2196 1142 2262 392 1325 1165 2341 2219 2519 1718 2492 1498 1682 1479 535 2302 730 1455 2145 2416 7 1002 1676 1387 2420 1110 1969 2251 1040 1871 709 256 336 1138 1495 1731 519 800 151 2763 2087 942
2502 2152 1371 84 1605 2141 1726 941 2572 2263 1525 1139 1953 1280 2623 2348 2567 2841 2678 214 1866 1602 5 2386 1171 844 2751 244 1198 22 2448 1515 2109 1214 106 2457 2115 1696 1659 1084 1199 1616 117 509 785 327 2203 2030 1205 96 2303 1632 1927 2153 1032 744 894 2374 2128 2554 2056 2060 1661 189 1184 419 1064 609 1364 1979 2464 45 1960 1113 621 1083 1251 973 298 2182 2725 2522 474 2791 2705 851 2688 2831 150 762 2760 1768 1488 732 1380 236 957 1738 2761 171
126 1845 2624 688 2601 2471 990 502 1235 1323 103 297 1767 1114 848 1186 284 578 768 1830 1340 931 2276 2314 702 1391 1413 522 1608 1107 903 1908 835 65 2388 1821 1720 1310 1512 250 2667 1254 1975 684 1759 601 1557 1390 2622 2302 1165 2757 315 2663 2 1406 2323 277 767 2653 1075 1012 1252 2299 191 2015 1834 2151 431 249 1357 2561 2149 1243 1334 2000 1905 39 2161 293 1519 886 853 2315 2516 1801 1969 951 2518 1511 18 2495 2730 2772 1798 2478 2288 1670 29 2787
1141 2070 1506 1780 1274 2669 1505 27 1612 1127 1918 216 858 2025 192 61 1262 1598 2698 113 2794 1273 1787 383 207 1961 200 654 2396 2017 625 296 225 356 252 1282 2316 618 408 1435 679 2311 455 2531 1168 1356 653 1299 49 209 1472 1248 1829 1216 561 525 239 2232 1140 138 2765 1024 799 2611 2137 2091 1875 412 1021 2164 33 290 2279 822 1503 2565 1297 1781 1018 1011 2715 782 1917 1692 838 344 245 771 449 643 495 131 1924 139 2402 2814 1972 533 391 268
1795 1773 1513 1847 1161 617 291 2542 2016 2656 751 1535 832 1561 2242 1334 2149 2129 1228 1346 1693 1785 1593 540 783 310 1197 1019 1672 2022 465 63 1743 1836 499 2827 1333 132 1685 695 954 2441 983 182 1176 2700 2190 149 1434 1856 95 2114 1004 2112 596 2437 2202 1712 1116 39 1713 1298 898 1760 2547 1631 1999 1087 683 576 676 1343 1103 714 1166 1914 824 940 75 2409 777 1476 2111 1213 1714 1353 2785 2745 2113 949 1786 1971 2224 1928 739 2066 1357 2737 88 1224
1145 612 1023 2747 1047 2098 141 2055 453 401 1628 2163 1163 760 2679 1903 1085 1872 2122 177 816 2829 174 981 1688 461 2775 72 1415 2274 2636 823 2009 1808 99 156 1404 460 164 2218 172 1784 1510 694 2722 2655 1976 595 1155 1436 73 1160 208 666 1241 1100 2577 1717 2587 1089 731 399 1504 477 2469 2126 2362 437 222 2074 2452 380 1599 1305 2071 1233 2512 1933 2527 2839 1741 1806 1182 1746 2177 152 1956 1052 1003 696 755 1811 1339 2819 2795 1704 2799 1376 968 650
2784 483 240 1300 789 1883 1353 2546 16 1389 1469 1447 545 2066 44 1115 1213 2178 2113 304 376 2579 761 328 2504 766 1898 1483 2249 407 2238 2381 1093 2277 2317 2540 2759 101 1996 1394 1728 2190 341 983 1801 39 374 395 436 1106 737 251 824 754 1427 2644 1900 1361 2288 1231 1693 1091 2281 777 2040 1304 1476 1683 989 1804 132 1176 1593 1559 2202 2547 2745 88 2239 1451 1178 576 967 2437 572 364 926 1161 2000 834 1230 60 529 581 1672 646 1971 2495 2422 564
1262 2232 1568 455 822 799 2137 2693 2715 290 1506 113 1395 1831 1921 1011 1024 1655 1789 1503 1505 1317 653 927 805 1050 452 464 1141 1755 1972 1756 721 2142 2402 1932 1706 2531 758 1143 383 1297 31 2070 2061 1918 1647 1118 27 840 2053 2765 389 2565 1062 1612 1140 1216 1097 1875 268 580 2470 418 2285 314 1822 241 129 2236 1303 1924 1293 1039 209 838 408 89 159 326 2062 2669 2794 49 225 1780 1662 1787 2634 1813 2505 2465 561 2611 1022 936 654 501 2698 245
2840 1663 445 1328 1623 2707 1679 947 1444 2241 51 1054 1782 2836 2767 1045 1649 1617 1993 1381 1658 712 169 1544 2439 2837 1640 1218 155 2011 2050 2515 1422 305 735 562 2628 1369 2130 550 197 64 1261 1489 2454 1552 439 463 1417 860 1840 1796 2545 179 645 2826 260 2714 1569 900 2650 659 925 2713 2721 1416 2649 2034 2289 1948 100 26 2631 563 480 1710 48 440 1437 1051 556 1860 1870 348 2352 2769 2832 2272 1096 715 1878 1486 194 2790 2088 943 992 2817 1405 1926
70 1125 1753 2772 2777 2077 2478 2561 1842 18 2510 431 2757 1035 1390 1252 1557 1839 1834 2 2663 951 601 2015 2818 2161 1759 2622 315 1075 1165 2315 767 2702 2302 202 277 191 2323 990 1418 2149 522 103 1235 369 1845 1443 121 297 502 1747 1413 2471 1114 2601 2016 578 1460 2624 536 684 1065 1798 1938 1012 2656 193 250 1323 569 1951 164 2686 2653 2000 1830 1801 1955 988 1406 2276 2509 931 702 1833 1975 1427 1980 1391 1340 2242 688 1767 2409 737 1175 485 2054 1306
1790 935 2096 836 1305 2071 2750 1933 2156 2645 1321 1098 2201 1052 1709 2432 897 2512 222 1436 1638 2342 2450 1504 850 1736 755 2218 2362 2355 1806 1621 2420 2446 599 2691 1044 2452 666 2537 2642 1006 2593 586 908 1082 1763 459 1308 1090 443 144 2167 141 612 2095 177 320 2829 1903 981 2317 1023 2679 629 2437 1355 301 2122 2163 1178 2318 2268 1145 2331 632 461 16 453 1047 2631 1682 2823 2627 37 1811 396 1447 516 2098 869 131 1245 1167 1750 630 2394 1990 1200 483
174 72 2775 1415 2636 2009 172 460 156 2722 164 2577 1784 694 1241 1145 1688 208 595 1510 2274 2655 1808 1717 2587 1404 731 1155 1160 2469 2126 1100 823 99 816 2163 1089 1085 1163 2679 453 177 1023 401 2122 2055 141 1903 1628 399 2829 760 612 2098 2747 1047 1872 1976 981 73 477 461 2074 1599 437 2218 1233 380 2452 666 1436 1504 1339 222 1839 703 1305 2774 1065 1335 1173 2003 152 1704 1741 536 865 1088 1974 932 2090 1956 1182 2812 1270 347 916 671 2325 2177
2551 2018 2284 2146 719 1289 2008 764 247 1403 2824 615 1351 1157 1534 914 35 1493 1915 190 1577 153 812 1359 723 1121 2209 2585 539 2603 1997 303 1772 450 2582 2485 343 1633 206 862 1204 1751 2487 2019 1347 874 462 549 2233 1128 357 2555 2254 1507 2192 871 2165 2550 457 2058 1247 1277 2733 1734 294 14 55 604 495 536 1132 873 1970 1745 212 1595 1177 2604 2453 58 66 1690 2802 2204 2684 1727 1136 1517 1104 929 2641 397 2159 2360 2754 107 1028 121 2414 1588
741 795 1215 2517 2185 1411 2269 2584 1129 2801 2139 2298 1684 2833 2189 2092 2371 2576 2529 1619 299 2738 2363 2460 1694 1982 2844 2385 879 667 352 1509 1925 2797 2776 428 1549 557 2473 143 1539 372 1242 262 888 1440 1360 386 264 1814 2524 1863 2412 2455 2616 1009 1630 837 2484 1622 166 969 273 2063 2403 160 472 1122 2104 1815 1078 718 891 1294 1735 641 1571 1278 1530 2468 1112 267 2226 2094 1291 1238 2100 1520 1 665 2338 1059 2771 1446 2158 600 1373 2731 2431 2727
998 1583 2792 567 118 1791 1354 952 919 1769 1531 2252 2065 2778 9 748 1854 1579 1063 1179 887 517 1470 2682 2491 2328 1651 1578 1977 382 808 1970 778 930 2711 1657 227 639 916 841 928 2729 2647 945 1920 1851 2097 1667 114 2042 1770 2379 1585 982 819 2575 2723 763 1528 2165 2310 2679 2225 1903 164 156 2361 1415 515 1163 177 174 2019 453 247 2122 816 2775 2028 1031 701 1655 2349 1339 492 2274 1085 532 2163 721 1132 569 2550 871 326 1507 121 975 1688 1367
331 430 655 478 999 726 2301 1097 326 1293 159 2236 580 2407 2062 1008 1475 31 1143 1822 1967 1730 1692 363 108 484 1118 390 2715 1635 2053 1715 2505 2465 467 1297 471 2687 1124 753 1050 1378 1929 2398 2059 628 1026 1438 504 455 1395 1662 1789 786 936 927 1037 1022 1755 464 1831 1220 1011 2765 1756 1655 2806 782 1275 1706 295 402 1140 1648 1018 1187 2406 1317 314 2061 1921 53 2634 2429 1972 806 758 2402 840 2470 721 2632 1262 1647 1918 52 1465 2611 89 1048
1487 1471 953 924 2573 909 1400 1687 37 1763 1090 1006 922 2494 1082 2167 1308 459 443 2620 1697 586 2222 1113 2268 2706 750 334 205 1380 1183 1882 167 1188 2216 1462 2535 2571 835 1232 411 745 1603 2841 1474 335 2449 1288 1570 1084 956 1703 1541 1284 650 594 325 1671 690 2179 285 327 1537 8 1205 1922 448 820 1891 298 144 1184 973 275 882 1536 2303 2161 1285 2677 20 2688 300 614 762 1456 468 117 1371 84 1200 2678 122 475 2387 1661 1221 2726 2425 546
2034 2545 2433 1796 1453 2713 2376 1490 2309 64 1569 100 1901 48 2721 1860 715 201 439 562 1584 305 2023 1640 155 2213 2045 51 2650 747 2815 1096 2556 1416 2755 1948 2272 2826 1636 1993 563 659 260 168 1316 1878 1051 2631 1407 1123 1148 2241 1658 1381 2289 2088 674 792 1782 1218 1496 231 2352 204 2046 2553 992 900 1552 712 2239 832 2836 2700 2439 1965 1586 1486 645 2628 2135 784 1437 1617 497 1840 550 2419 194 683 1116 2714 1663 1544 486 978 1307 559 1045 1593
1977 2328 1179 2491 1651 2252 2682 1578 1769 1063 1531 2065 748 952 2097 919 1354 1791 1583 2778 887 118 916 841 945 2042 567 1470 1851 1579 982 639 930 2792 227 808 2647 9 1920 1657 1667 928 1770 998 2723 114 819 1585 2729 2379 763 2225 2575 2310 1528 1211 517 1854 2711 2349 311 382 528 875 1688 1023 1970 1367 1210 1047 156 513 2143 102 2274 345 193 2055 2028 1404 2103 453 975 2692 121 988 961 2090 2698 2658 903 1628 401 823 566 1593 1268 400 24 536
2586 775 1805 1611 1169 794 960 1626 2447 2368 2780 2621 2701 2329 693 279 2136 818 357 1244 2630 834 393 2651 1646 1016 2297 1120 1147 102 2518 584 2240 2804 1372 2637 2605 1832 1678 863 2347 1192 2805 2211 1691 339 2395 2080 1732 845 1259 830 1450 373 1523 2345 2275 2695 2383 603 1482 575 1073 2254 10 441 469 2020 1459 1277 2019 457 876 2754 371 1014 321 2192 2555 1734 86 2058 1959 1727 1669 1507 462 1620 2550 1104 2159 145 2360 187 1748 2233 1467 379 32 902
1254 1107 1512 65 1310 903 1340 768 1908 702 1830 1720 835 931 1821 284 1608 2388 848 1114 250 1975 1767 684 578 2471 2601 1845 502 990 2276 2624 297 688 103 126 522 1323 1413 1235 1186 1391 2314 1277 83 2802 2239 993 2383 2754 1120 1919 800 373 357 1669 187 2073 2733 2340 483 2005 2006 1410 1016 102 1811 32 1147 462 834 1104 1467 575 1458 2641 55 2284 397 400 2695 1289 736 2080 845 541 441 2176 2036 1507 2146 2605 2550 379 2630 2019 414 902 1950 2780
1146 1752 4 1545 1624 1644 2411 1202 1799 2528 59 817 2501 312 626 2389 1407 1934 2832 2817 1926 987 2790 1656 1737 2367 556 1102 2082 2044 2270 188 2069 85 635 2300 1405 266 221 547 826 1386 283 943 2477 611 613 1319 950 2515 2011 2714 1983 659 550 2631 305 1190 1782 2707 2840 2767 1414 1381 2574 1328 169 1092 1837 1489 463 1208 2397 1948 2781 1623 1422 1552 1710 562 433 2836 1663 860 445 2312 197 1640 2544 2289 271 1468 1617 1658 2343 1029 2564 290 51 2241
44 16 2317 1447 376 1469 1483 2249 2437 1178 761 1836 1990 2700 1672 1057 1224 1713 1714 2422 1183 2523 1116 1914 34 47 1838 683 2180 1535 2785 2202 88 1449 2745 2190 832 465 830 2129 1476 603 1450 1620 983 1732 2275 596 1176 95 2547 1346 824 2441 2281 1678 576 1073 1856 1996 291 1304 60 777 483 1693 441 83 39 2827 1749 1743 1482 1103 2239 1523 132 1300 2111 2555 1727 1147 230 310 2695 834 1593 1999 2058 2096 1277 540 845 751 2296 269 792 1804 2446 2288
2827 2441 310 1856 2111 95 596 1999 1743 1593 1103 1749 291 1693 2149 2547 1535 1176 832 2202 132 2190 983 576 1093 1631 695 824 88 1914 2745 1343 2785 2112 1004 2016 1476 2737 617 2656 1434 940 2542 2242 1561 949 1334 1019 1197 540 783 1298 1760 1712 63 1346 751 954 407 198 1795 689 182 2125 1685 149 777 1513 1773 1665 1713 75 2004 683 2497 60 1365 1333 499 1847 1116 2129 1714 1672 1483 1758 2116 465 493 1087 1161 376 2422 2700 1930 421 1836 2374 280 1304
1944 2294 1055 2728 2207 725 2766 2558 1056 1825 165 1940 2825 1986 447 2580 494 1130 204 2435 2291 146 1899 2057 1874 1452 1223 574 2741 647 137 1212 2708 2639 2683 2135 899 1606 657 116 1185 2842 2438 2813 682 1876 1777 686 1937 2506 1868 2248 2736 140 491 1841 2569 1592 2382 2286 1463 329 948 2292 1126 677 1464 1935 2393 2041 1639 1067 1076 692 804 97 2719 1547 1439 1134 79 2258 362 2511 2704 2220 2526 2089 974 1473 1931 2319 2809 1721 1012 1962 1433 442 1771 598
1439 574 2057 2291 2051 1223 647 2683 2639 1874 494 2183 598 2220 146 1931 482 2499 939 2435 2526 2704 531 1433 2089 1899 1088 1725 2427 2445 368 444 657 2708 1592 255 1185 2569 1408 271 274 1330 2440 682 864 994 526 217 608 2438 1942 491 1771 508 1998 1555 1777 974 2625 2037 1677 140 2712 1868 2308 1892 677 2393 2580 637 521 1452 2728 948 2286 1937 790 1055 1944 2657 2719 2617 2152 2502 1139 266 1949 1473 619 1639 725 329 1202 2359 1752 2367 503 804 844 2421
1944 2294 1055 2728 725 2207 2558 2766 1056 1825 165 1940 1986 447 2825 1130 204 2580 494 2057 1874 2291 146 1223 2741 1899 137 2435 2135 1212 647 1452 574 1606 2683 899 2639 2842 2506 116 1841 2708 2813 657 2438 2569 2292 1185 1592 1937 2736 682 1126 140 491 2382 1868 1777 2248 692 2286 2258 1463 804 948 329 2393 1464 2041 2719 1876 362 2319 1935 1547 790 1076 686 1134 2511 677 1067 1639 1490 1901 97 1962 442 246 1486 1453 1878 260 2419 900 2436 2309 305 168 1218
2071 1933 1638 1098 2156 1321 2645 2201 2750 2432 897 2096 1052 836 935 1790 1709 2342 755 2450 1806 1736 1305 1436 2512 222 1865 2362 1504 2218 850 2420 1621 1044 2355 115 38 2823 2318 2627 396 1995 2691 1858 629 1015 2446 2222 2313 2335 1514 685 2261 99 2839 908 2194 1682 1260 1387 612 2537 42 1153 468 2101 809 1990 2264 83 661 1761 1006 2296 1474 1764 2339 1047 1227 443 2452 281 1449 2570 122 1456 2795 147 1804 1910 1539 1355 2030 483 358 745 2083 1284 1188 2535
213 2408 707 2638 558 2354 1448 135 1265 2615 2413 1269 2566 520 1945 2295 232 1867 1383 1849 19 424 119 1722 1296 1478 2390 80 1529 184 2472 1733 218 2744 2024 1984 1728 1597 1231 24 757 2143 426 634 1533 2756 1804 967 1312 2021 2430 2320 1689 2022 754 739 2533 1149 63 1019 29 2827 695 1333 954 783 1749 853 1712 2111 2112 376 182 1298 310 2737 1760 149 1434 949 293 1685 1004 1343 286 1631 2172 2441 1856 983 1999 746 1785 1469 2784 1598 1898 132 2838 412
2689 2370 2534 705 2365 81 2527 2119 2716 849 2552 2819 587 2181 175 2479 523 2500 1827 2283 152 458 505 1896 28 1563 734 847 1741 238 2674 2557 92 313 972 1339 1376 1708 1532 2177 2191 696 1335 2250 2228 2814 2099 2681 671 1704 1956 354 330 532 1111 2193 968 1117 2052 1746 711 602 1010 2799 1955 2592 2764 1680 1555 2028 2322 2742 2237 2396 68 2144 1917 2470 503 2265 1314 418 553 1332 120 806 780 12 2597 131 449 1789 1481 534 261 2059 1273 2429 1062 129
2471 2601 502 990 1845 2624 688 103 297 1235 1323 284 848 1114 126 1830 768 931 1767 702 1340 1186 578 903 2276 1608 1908 1107 2314 522 1391 835 1413 65 2388 1720 1821 1512 1310 250 1975 1254 684 2667 1759 1406 1390 1165 2757 1075 2121 1557 277 2478 1012 767 249 2302 1839 2622 988 1753 1125 202 2149 1175 1905 1810 193 2350 569 2077 485 431 2777 2772 121 627 2016 601 2561 2509 2240 2323 70 1809 18 1834 2090 1001 1065 1306 1793 1207 67 86 1951 315 1144 725
394 2093 1879 1906 607 2392 2357 446 530 631 1058 1604 1301 2140 451 2796 1518 2596 2049 1981 1567 2282 1290 1237 1909 662 1613 1017 1119 921 2064 1978 1002 2660 984 2262 918 124 708 1491 2543 996 193 527 2530 536 700 1132 2233 2675 988 1618 1621 591 2692 345 1588 569 457 1564 357 391 2234 961 2254 237 2090 121 997 1028 1988 1645 616 1259 154 2360 2033 1327 2212 1904 2159 2781 590 32 1690 87 1587 902 2637 1181 1060 1734 651 2684 1516 1268 2333 2651 716 2609
2840 445 2515 2011 197 463 1710 2375 2241 1663 1788 2289 1417 2707 550 900 1045 1437 433 1328 1552 659 860 1623 712 1422 1895 1489 1208 1983 2454 1701 2397 1617 1486 559 1092 1658 1679 2544 2714 2826 489 943 1381 1307 260 2050 2767 188 1369 480 2130 674 1656 1782 2832 1054 2817 2652 1870 2769 2574 735 563 2133 817 1029 2419 556 635 645 1948 2836 1405 1993 2084 1934 221 1444 348 1190 1878 2753 2424 259 1218 51 2650 26 1624 1416 769 179 1644 168 947 169 134 312
536 1132 1588 569 193 121 988 2090 2333 680 1268 1431 36 2117 733 500 1793 866 1430 1499 1886 1699 2078 1553 1492 176 979 571 142 1053 2227 429 1065 1033 432 2786 2743 332 878 1393 2668 597 1686 1562 340 1890 1418 21 901 417 802 2029 554 555 886 2384 1256 199 289 1888 2568 2451 2217 2415 2108 62 681 1398 361 868 2423 893 427 302 1266 743 2406 78 2808 1008 2640 1648 612 1952 1906 292 1023 1929 2055 1789 1341 2515 2798 2407 2634 1399 460 981 729 927
2528 2044 2411 1934 1656 2790 1644 2501 1102 2817 85 312 2832 817 1926 1624 987 188 2300 943 635 221 1405 556 1407 1319 611 1386 2270 547 2082 659 2012 630 2213 1552 2397 1983 1208 2011 1146 197 1092 2631 463 2574 1737 2375 413 224 433 1948 2779 1489 2454 606 319 1788 1414 769 1417 1422 2538 1752 155 2001 860 1416 2358 1710 1461 1029 2222 283 445 559 2774 915 1895 626 1782 4 1305 1817 2289 854 1096 136 2391 1316 2419 1993 128 2076 1501 1173 2707 2652 2400 670
2840 445 2515 197 463 2011 1663 2241 712 1328 1710 1417 1045 1369 1623 860 550 26 1679 1489 1658 2375 1381 2707 1870 1701 1552 1617 925 1656 1782 2454 2050 2817 348 1644 2649 659 2528 2714 51 1934 2836 2397 817 556 900 2790 1624 1993 2767 1437 735 188 1983 1407 1422 1208 2574 179 1054 1486 480 943 2130 1092 1926 947 1788 1544 169 559 1416 1405 2832 1948 2289 2826 1218 2439 2419 987 2769 260 1444 312 221 305 1640 2544 64 2411 562 635 433 1569 2837 1307 645 1096
1518 2282 631 1290 921 2064 607 2049 530 2796 1301 1058 2140 1017 2596 451 446 1604 1567 662 1981 1237 1909 1613 2093 2392 394 1879 1906 1742 2357 337 1384 1119 2257 1554 2660 813 1681 487 2696 1978 966 1705 710 2782 1673 1370 942 1331 1105 908 660 54 2543 243 1396 360 1614 2085 984 1893 542 1739 2259 2600 355 1853 1000 2458 1695 1002 50 2243 2664 2087 220 2369 400 2781 988 175 2090 2609 2006 1142 734 1060 193 1132 682 124 2340 1099 536 1904 1618 121 869 2822
834 393 1244 2136 1277 2080 1523 1691 1482 1646 575 441 2383 584 2754 2695 2395 1016 373 845 2019 2555 863 2058 1727 1120 1147 339 830 1450 1678 2550 2518 1507 1732 1104 1669 2275 1073 2641 603 1620 55 2604 2176 397 1177 728 107 1194 2414 187 462 736 2239 1467 2733 1324 2254 1044 2326 1621 1178 2159 2233 2360 147 83 1517 2192 1087 924 32 1919 357 2595 2495 2802 1734 2114 1028 541 2422 2281 590 902 2661 2684 1950 1791 2752 39 1719 414 87 457 2033 490 577 993
1416 1096 1948 2272 1316 2815 1496 2556 1051 2352 1636 1796 1860 1965 747 194 2545 1218 1584 2034 2721 1261 2023 2713 64 2755 1586 1569 2241 305 562 1658 1381 201 715 100 439 497 2045 48 1782 2628 1993 51 1640 2454 2650 2309 712 155 1422 2769 1617 2433 1407 563 1453 784 168 1901 659 414 2631 663 1490 221 2714 1362 1840 2538 1548 1123 1878 260 1897 319 2707 2289 231 674 2826 2046 1045 26 2817 947 1544 536 348 2836 550 1926 2439 1623 943 1552 1328 258 992 2270
1570 1221 807 285 372 20 454 6 1884 582 980 2222 546 298 468 1858 1286 2726 2162 973 1610 1603 1260 2118 2643 2313 1015 1285 167 1541 2303 820 759 1744 448 2268 2677 1537 1844 669 1084 1456 38 2791 1661 750 2627 1284 1865 2194 334 1153 476 2030 1425 425 122 1205 2261 1702 1227 1080 1761 1882 661 117 459 829 1184 1637 163 181 690 1556 1061 650 275 1188 565 1768 2387 2346 1995 506 23 2014 396 1916 1891 1199 281 1723 475 1697 375 1979 2425 2168 1659 1502
1044 1621 834 1719 897 908 1804 2452 2296 2537 967 599 792 2260 2446 1277 2642 1482 2235 739 499 2080 2555 666 91 422 465 1112 1727 2224 924 984 147 1270 2573 441 2754 540 2550 2495 1006 1469 2595 1447 935 1555 71 1327 2212 1523 2339 575 85 2383 2136 665 974 1271 1104 2695 7 1620 1593 2793 1514 1258 2246 1194 2481 1978 1119 30 996 1507 2530 638 1669 1409 141 2253 115 2019 345 612 1200 2619 1016 16 1273 1244 567 391 1624 2747 1353 2340 1023 2163 1095 1491
44 16 2317 1447 2249 1469 376 761 1483 2437 1178 1057 1183 1990 1836 1672 2700 1620 603 1732 1224 1713 830 1714 2275 2422 1914 1073 1116 1450 2523 1678 1838 2785 683 34 47 2202 2180 1449 88 339 2745 1147 1535 2190 1482 1523 2695 441 1476 2080 2518 1646 1120 863 2129 832 983 1346 845 60 2547 2383 1176 465 269 1996 2281 824 2441 1856 39 777 596 291 104 393 584 2161 132 1380 1693 483 1103 373 599 490 1110 474 1548 2827 695 112 2111 2446 94 2288 365 576
2077 2478 2777 2772 1753 1125 70 1842 2561 18 1252 2510 1834 2 2015 2663 951 2818 601 2757 2161 431 1390 1035 1557 315 1759 2622 2315 1839 1165 2302 767 191 277 2702 1980 1075 1443 688 426 2323 2653 1235 2685 1869 103 1323 1186 1845 2054 2000 1597 369 126 1391 67 2624 1959 2748 2686 1833 1767 2149 86 1413 1905 2121 2314 29 2276 634 1801 614 2016 1418 297 889 1460 2143 2024 1809 1951 1451 707 269 1747 121 1334 536 164 1989 1938 39 646 876 1928 1431 522 1012
2840 445 1663 2515 550 1328 1045 1369 179 2130 2050 2241 712 735 2649 925 1870 2714 26 1617 1422 1623 2707 463 2454 860 480 197 348 51 1993 169 1679 2011 1417 1782 947 1444 1489 1710 2837 2375 1381 2836 1054 2767 1644 2289 2790 556 1640 2832 305 2769 1092 943 2439 1658 518 440 1552 260 663 1544 1788 1656 1649 1407 2826 2088 900 64 1569 1934 2817 1190 1218 312 1405 155 1983 1701 1926 2538 221 1878 2528 562 2082 2397 1486 563 433 2501 2631 715 1624 1307 1437 1796
1514 71 958 638 30 810 787 1445 2271 697 2619 1360 1630 2246 718 1270 1446 1684 2481 1112 2529 2616 665 1939 143 1440 1294 1258 386 1694 1411 2517 2298 2584 1129 2185 1278 795 127 1215 2801 577 273 969 2595 2468 147 2444 557 1059 2104 1811 20 2524 741 2339 1324 1520 1355 454 879 372 2189 1607 1540 307 352 685 414 2363 2795 1295 1242 2781 1539 2226 342 1556 551 2710 2839 2460 2335 1619 1807 2222 987 1637 1509 1349 1629 1524 122 2013 2727 1803 2002 46 2758 1
663 2538 348 2769 480 2714 26 925 518 2454 1870 1369 2649 179 1489 860 1788 550 1417 712 1710 2050 1701 2130 2241 1422 1045 689 1758 1453 2125 1713 1609 404 1034 493 1633 570 1092 1116 1859 683 2123 2493 735 1901 1103 1838 2202 2827 465 1714 1665 2441 549 95 2004 1999 2247 1594 445 1197 2211 793 1347 596 1983 576 462 1743 2461 1617 1224 421 977 1878 47 2840 1279 2603 751 1195 1914 228 2826 1490 2721 1190 2019 2733 2088 499 1930 259 2039 704 617 260 832 1856
1925 1619 1863 667 879 1982 2460 557 1735 641 2385 262 2363 2371 2776 2139 888 428 2833 1549 1814 299 2576 2092 2269 2797 1373 2731 991 1122 2771 2844 1295 2412 1807 1589 2403 264 2455 741 1078 2484 1509 2175 160 687 1009 837 891 2094 1530 1242 267 1815 1238 226 2473 1291 2468 2063 2517 1622 1338 127 1159 352 1480 1660 2811 2607 2524 1539 1421 2633 1803 2783 1816 385 2431 2709 1366 403 867 90 2255 1607 472 1862 814 600 796 1341 1811 573 2338 2486 2104 317 2740 17
44 16 2317 1447 2249 1469 376 1483 761 2437 1178 1057 1836 1183 1990 1672 2700 1713 2422 1914 1224 1714 1620 603 1732 830 2523 1116 2275 1073 1838 1450 1678 47 34 683 2785 2202 1449 2180 88 2745 2190 1535 1147 1476 1482 339 983 1523 441 2129 832 2080 2695 2518 1346 1646 863 2281 777 2547 1176 465 1120 1996 60 845 2383 269 824 39 2239 2441 1856 2288 596 291 393 94 2573 483 230 599 365 1548 2194 132 83 2830 248 490 2111 1304 1309 95 1110 870 584 1103
1944 1055 2294 2766 2728 2207 725 2558 1056 1825 165 447 2825 1940 1986 1130 2580 1452 204 2741 137 1212 899 494 116 2135 1606 1899 2719 2292 146 2736 2506 2842 1841 1126 2435 2319 2057 1876 692 2291 1134 1223 1067 1463 1874 574 2708 2041 140 1185 1868 1547 1935 657 686 246 2511 442 682 2683 1012 647 1406 67 2509 722 97 12 804 2438 790 362 1931 249 1777 1810 202 1075 2286 627 2350 677 2665 2583 1001 329 2639 79 2258 2813 1962 2220 2569 2068 1592 2436 2305 2121
2578 13 2520 1272 640 2210 377 828 2671 2828 1668 672 2602 1374 933 1754 323 1337 2047 865 370 1949 2421 1041 1249 2032 56 2083 1910 1189 1038 2428 2629 1429 2570 2539 1329 2795 2335 932 2839 2798 955 698 2031 1049 2120 1764 2038 839 1521 729 2221 1070 1399 964 358 979 2423 1240 941 1108 2687 43 1033 743 332 1890 2227 176 504 159 2502 1393 2108 1768 2786 340 1275 220 1562 1449 326 1929 2387 2451 2743 554 429 2783 802 2152 2761 1598 270 1541 2186 2668 31 142
2656 2016 751 2542 2149 1334 2242 617 1693 1561 291 1019 832 310 1535 63 783 1346 1593 1685 954 182 1333 2114 39 1197 1434 1357 465 1513 2827 1773 2112 149 1004 1712 2441 1343 1298 540 1795 940 1161 1760 2129 2281 1847 2737 1743 2288 2022 499 1786 1180 75 1856 132 926 949 198 581 1087 1176 2224 1672 695 2190 1818 596 2497 2409 983 2495 1257 1091 1836 564 1207 614 777 1558 1116 1971 2072 737 676 1166 1103 898 95 824 1996 1928 1451 895 93 2111 1631 230 1714
1083 732 1702 181 620 2263 2572 1797 1525 1371 2374 2678 2623 419 2643 96 894 2554 759 1280 2153 2386 1632 2441 582 644 2522 2827 1251 2442 2448 2048 310 1726 2056 1364 1856 2111 387 2720 2761 6 2562 45 2502 1064 1198 189 1032 762 844 2498 2060 84 95 1336 2116 596 106 941 2688 2401 2141 2188 1013 1927 1768 621 2152 2807 636 2182 236 1365 183 2030 2760 1108 474 2831 1318 1084 689 949 1515 2425 42 1205 1596 2004 171 2608 1659 481 2203 2612 2125 1283 1315 1880
663 2538 2769 2714 348 480 925 26 2454 1870 518 1369 179 1788 2649 860 1489 550 712 1417 1710 2130 1701 2050 2241 1422 1045 735 445 2840 2289 1617 1453 1552 1983 1901 2011 2358 556 168 659 259 2375 404 1609 1758 2652 2544 1092 2826 2076 1486 260 2148 2650 1307 188 977 674 1878 95 493 319 2007 1197 524 1999 2832 1414 197 793 1644 978 463 1060 900 1569 2397 305 1172 433 2753 2004 1743 440 2312 2827 312 1103 1046 563 1328 1190 1948 1313 1713 645 769 2515 562
1944 2294 1055 1056 2766 2728 2207 725 2558 1825 165 2825 447 204 2842 137 899 1606 2741 2135 1940 116 1212 1986 2580 1130 2511 1547 1134 1463 1452 1935 246 1067 2041 1899 2435 494 97 2736 146 1841 2068 2708 79 722 2057 1126 2665 2438 2813 682 2292 686 1874 2569 804 2291 2248 140 1868 1592 362 2286 1223 329 1185 1876 657 1076 1937 2382 2719 574 1464 491 647 692 2305 948 2258 2683 271 1931 442 608 1639 1777 2506 2639 677 2393 2319 1486 2220 864 526 1942 2526 1892
730 338 1466 1325 1442 2516 1526 1511 1969 1455 1670 406 336 1165 1779 191 1385 2302 568 2145 253 1992 2102 1498 2299 1946 1007 1243 1068 2730 1379 2151 544 2377 2290 2341 2763 2746 773 2549 2364 535 2788 800 1005 112 1131 1850 434 2219 1707 1311 1079 749 1783 519 2843 593 937 410 365 821 709 1527 248 855 673 1040 1966 1110 315 1794 1581 1142 2560 678 392 811 2492 1133 1020 870 1424 1894 2251 1573 2243 1309 774 605 2830 717 2161 1968 1174 1936 648 1634 435 186
2421 865 2677 1272 13 640 2210 1232 629 2520 281 650 285 2571 1221 2666 1754 2671 851 750 40 1541 2387 475 2841 334 1949 1603 820 1916 372 2346 2726 1744 2620 323 1570 614 1723 1374 2828 1768 690 2149 1537 2362 1882 37 2494 1038 922 1113 2602 2162 370 5 1329 1080 2795 669 2839 1668 1922 1184 1891 39 2542 672 2502 796 420 1397 1137 1065 2132 327 2768 2047 2460 425 1227 2691 2001 2363 2171 853 580 156 2810 2043 1960 117 6 1143 2000 2656 807 835 1884 411
2725 609 2464 1766 957 2404 1889 509 1515 2457 5 844 2448 744 1139 244 214 1953 1605 1602 2348 1696 2751 1199 2109 1171 1866 2152 22 2502 2115 2567 1214 2841 106 1616 2128 941 1596 43 1726 2168 2425 2678 466 807 971 498 1927 2572 270 2476 1761 420 785 2188 1768 1397 1108 1326 1283 1632 650 1661 2014 1880 84 956 2761 1802 1061 2498 375 425 2048 1080 1858 1153 669 2153 2124 820 388 13 829 1744 1541 1637 1797 2060 1364 285 163 148 640 1032 2768 1488 2230 1227
849 2552 2819 175 523 2283 2500 2181 505 587 2479 238 2119 152 1827 1563 1896 2716 28 458 734 313 2674 1741 847 2365 1532 2370 1339 2689 705 2534 2527 2557 2191 81 2099 1708 972 2250 1376 2228 1335 330 354 2814 92 2177 696 1704 2681 671 1956 2742 532 711 68 968 2052 2193 503 2028 1010 2322 2592 1117 2470 261 633 1917 1473 1503 772 2799 1852 602 120 653 1111 1746 12 2698 1314 2144 1680 2396 1182 383 1151 2265 2764 2794 553 1273 806 2429 1787 726 2142 1885
1083 732 1702 181 620 2374 2441 2827 1797 2263 2572 96 310 1632 1525 1856 2111 2522 894 419 2678 2153 2056 2386 2623 2141 2116 2554 1371 45 1064 644 1251 2048 596 844 2004 1365 1336 2720 1013 2401 1364 2603 582 2442 762 689 1280 2643 95 2448 387 1726 2125 189 746 2502 2562 621 2582 2761 2612 1665 1749 1019 171 636 462 106 1204 1743 2060 63 1108 949 570 183 42 1032 1318 1758 1927 1733 493 236 1343 2807 2182 1093 2498 407 1693 2202 2744 206 133 940 294 153
2542 617 1561 2016 291 1019 1087 2242 540 751 499 783 1334 898 2656 1558 714 63 465 1166 1631 2149 2072 614 1685 93 1333 1207 895 1590 2022 2409 1928 1228 954 853 1137 182 1785 2114 1346 676 1693 149 1593 1971 1197 1257 832 1353 1161 1786 2129 1712 1434 1213 1535 2113 1513 581 2546 2066 1683 1773 1760 2178 1093 1847 310 1389 407 1898 2112 737 1106 576 304 1801 1298 2260 1883 824 2540 39 1743 545 1559 2277 1357 1451 940 803 1115 1004 1091 792 2281 1804 91 2759
1278 2189 795 2801 1411 2584 1694 2616 1215 2185 741 2727 1630 1684 307 1360 1520 1112 203 1129 1629 1524 2399 2298 1 665 1294 1446 551 1258 342 2481 1514 1270 1445 697 2158 1572 638 718 1349 30 1540 2619 71 2444 1509 391 2529 685 810 2738 2246 234 2517 787 46 2271 1571 913 958 892 1618 1939 2100 1440 1059 2255 127 2662 642 352 2340 2740 372 969 195 386 154 846 2253 1409 2339 2215 2781 577 344 17 2468 2548 1095 1034 1947 2372 143 2635 1837 600 2486 961
2755 2045 1584 2023 747 258 1320 770 2545 1796 1407 2622 1557 1390 315 2757 1562 1759 414 2034 2668 21 1980 1252 2015 1834 417 1398 62 70 199 1890 1548 2818 1073 1256 945 1366 302 361 595 1431 289 2451 1142 2272 597 1065 1628 733 981 760 681 519 164 983 2302 2702 893 2384 1928 1732 554 1165 78 2108 2746 1707 410 832 1075 1442 917 866 1770 590 951 1510 208 1783 76 1023 1888 500 1033 2296 902 156 1131 191 176 2653 2543 36 601 2685 961 1479 2033 1492
1475 726 2236 999 314 331 1124 1037 1967 390 2053 1635 2059 484 1050 1715 806 534 655 430 2429 53 467 1662 1140 1648 1730 2406 478 2470 2687 2301 1789 1755 1187 2244 2693 464 780 1655 1831 1929 159 580 927 326 1465 2062 418 1022 1097 2407 1273 1293 1706 1297 2715 1008 31 295 2765 455 1143 1011 268 1692 786 2806 1481 1275 1378 504 363 1822 391 2698 2465 2505 1118 2285 108 52 290 1024 805 799 471 1503 1395 1875 1787 1317 2142 1438 452 1262 1240 1756 2794 840
2305 79 2068 722 2665 1067 350 246 2511 1547 1134 1463 1935 2842 2041 97 12 2135 1606 1212 137 899 116 2741 204 1076 686 2286 2598 2436 1464 1868 140 2766 1452 2292 2825 804 1126 2294 329 2382 2580 2813 1944 1055 1937 692 2736 2248 1639 2319 1777 442 2719 447 948 1962 2558 2708 1185 2393 2728 1223 790 725 2506 165 1056 1841 491 1130 677 2438 974 657 494 2569 682 146 362 1899 2207 1874 2435 1473 2119 997 2507 2258 1998 1592 1825 711 484 2239 483 2370 83 2698
1721 2809 1876 1473 12 2622 1753 1390 1125 2315 1557 2777 1759 2772 2077 315 70 2757 2702 2478 1252 2015 1980 1834 140 951 2499 18 431 1842 2510 2685 1868 2818 2294 1452 1055 974 1165 2161 191 1955 2561 1944 1895 2051 1067 1117 2719 1012 1869 2663 2 271 121 2728 1075 1942 1845 601 2302 1439 2506 767 670 1076 598 2624 688 2436 725 1905 1555 2580 696 269 2598 627 526 939 249 202 1917 531 1461 193 494 277 1314 67 508 126 2507 2764 1406 482 1088 2286 433 2683
1453 2713 1860 1490 1901 2376 2433 2309 201 2556 2034 2545 2815 2272 1636 1496 1316 1948 1965 1796 2721 1569 64 1051 194 100 48 1416 2352 439 562 715 1096 2213 1218 305 1586 563 2628 1148 747 155 2650 1640 2826 2289 1123 950 2088 260 1840 1261 659 1878 2241 1658 1381 231 168 497 2046 784 51 1993 992 1782 645 2707 2767 1584 2439 2001 663 1544 2836 1422 900 2553 1623 674 1552 1617 2337 1710 1649 947 1752 486 319 712 2023 1663 769 2011 161 694 978 2769 2631 1679
2817 817 2790 1656 1926 2528 2300 1644 1102 1934 2411 1624 85 2832 312 2044 2501 943 188 221 987 635 1405 1407 556 1319 2270 2082 611 1386 547 659 630 2012 860 1948 463 2454 1146 1710 1983 2714 2213 1316 1552 1658 2011 1489 2241 2769 1381 1416 197 1417 1422 2544 445 2034 712 626 1096 1993 1788 1701 550 1782 64 348 2707 2397 1752 1796 2574 2721 26 1092 2375 1328 305 562 2840 1369 1617 2023 1737 1208 1895 1045 1623 2272 2781 2556 2367 1799 1870 1545 2545 900 4 2631
1453 1490 2713 1860 1901 2376 2433 2309 201 2034 2545 1796 1569 100 2721 64 48 2815 2556 1636 715 2272 439 562 1316 305 1496 1948 1965 2213 563 1640 168 2826 1051 155 260 1148 1096 1416 1123 2650 1878 2088 231 659 1586 51 2241 2352 1840 1218 784 1381 1658 2628 2289 497 194 663 1993 674 747 900 992 2046 486 204 1782 2337 2769 1261 978 1307 2732 1212 2553 2707 319 1584 645 1710 348 2836 712 2239 2482 1437 137 2135 906 161 965 1617 2439 1544 2076 2007 550 1552
196 353 98 776 2474 701 1625 1819 1643 1864 910 2361 869 2081 585 1963 2067 781 2334 2462 1402 1344 233 1042 2103 809 381 2353 276 2256 2264 69 2027 871 1600 2391 2001 1633 2363 1170 1245 2101 865 2012 2460 2677 640 2783 2132 2691 2362 1077 40 2165 1973 1667 224 2734 281 1565 1704 2278 1537 1480 425 941 1697 413 2210 128 84 1173 1696 1612 1080 2028 1768 1987 2709 2803 862 285 1539 1751 2431 1708 915 629 574 653 2778 557 1585 42 2226 1875 290 592 690 1941
659 2044 2528 2411 1934 2501 1656 1624 85 1644 2213 188 312 2790 1102 987 2832 2817 556 817 635 1552 1405 1319 611 1926 943 1386 1407 547 2082 221 2270 992 2046 2034 2545 562 155 2300 497 1586 2011 2713 64 1381 1658 1617 2241 305 51 1782 2439 1993 439 2419 2836 1983 1208 1422 2012 1640 2631 2358 2433 1428 1796 1840 445 674 2397 2707 134 1878 197 900 1544 1623 1569 2289 48 2352 1218 1486 559 260 1948 201 169 1092 2515 1316 2088 2007 2001 1484 2650 645 606 563
2666 2171 2810 650 2043 2816 1891 2346 1916 475 1723 2841 411 922 1188 807 6 2643 1284 1456 285 37 1260 1763 759 1308 1603 1082 372 468 122 1702 1221 1610 1153 1570 2268 980 750 1227 1884 459 2726 1697 334 2167 2779 2634 181 129 1761 1015 1062 840 1703 1339 820 2313 501 1541 546 2261 1865 375 1858 2502 1288 2194 788 1502 1090 2118 620 2162 1711 586 2216 510 582 822 1923 732 1882 476 619 2308 20 102 1326 2557 2274 1896 163 2179 2795 1605 1150 1817 1061 1741
2458 1495 966 2543 942 1705 2600 1384 2085 487 1681 337 1331 1614 908 355 2660 1673 984 1742 1396 1105 1554 243 813 1676 2257 1370 1002 2262 2696 852 1119 1978 1017 320 921 360 1739 2782 1000 2259 2064 710 660 54 1853 1695 2392 1621 542 2664 1893 2357 2596 1290 2420 2282 1518 631 50 2318 1479 2369 747 1718 1682 392 1301 1031 1565 1387 451 186 791 2331 94 2049 21 99 361 1946 1966 1033 2170 595 199 1005 1200 2746 2490 1508 2299 2140 749 1510 301 2519 937 1750
1113 2494 1960 1687 1922 2620 851 1591 1400 1477 327 117 1184 423 1979 1232 1198 2503 2203 2115 1205 594 1616 1502 2303 2359 205 1659 2179 275 1426 148 1738 23 40 167 1080 2678 2791 2030 1371 510 2571 1537 420 2263 1397 690 2124 375 2222 1488 498 466 2014 425 2768 1326 796 2521 300 909 1084 1458 2386 298 2169 973 2128 2101 2573 907 281 244 2572 1641 473 398 2677 762 1462 306 396 474 953 1183 1661 1423 1570 1973 2508 1866 2448 1536 629 1061 84 2162 2348 2278
1146 1752 4 1545 1624 1799 1202 1644 59 2367 626 2389 1407 2082 2270 817 2069 312 1926 2817 556 2411 1934 2501 2528 1656 1102 2790 1737 2832 987 188 2300 221 635 943 950 1405 266 85 547 2044 1386 826 611 283 613 2477 1319 659 1316 2312 1414 1552 2515 1965 2011 1240 1092 2840 1983 2397 2767 860 2714 197 1468 433 1837 1378 2544 1381 2713 445 305 290 674 1208 1003 1658 1190 2574 1328 2556 463 2241 1782 169 550 2272 2631 562 782 1895 1948 2105 2564 51 1437 192
70 1753 1125 2772 2777 2077 2478 2561 1842 18 2510 2757 431 1390 1035 1557 1839 1252 2 1834 2663 601 1759 2015 2622 951 2818 315 2161 1165 2302 1075 191 2323 522 767 2409 2315 1951 2624 1306 1175 485 1845 2702 2149 202 1928 589 251 1443 1798 426 1801 1558 1427 277 2644 737 1166 364 103 297 990 1334 126 1235 898 853 2242 1597 727 2540 1451 1230 215 2471 714 2000 658 502 702 634 67 2143 581 2054 1207 2653 1900 1747 1809 1833 1406 86 2509 1323 1012 2686 436
1416 1096 1948 2272 1316 2815 1496 2556 1051 2352 1636 1860 1965 1796 747 194 2545 1218 2721 1586 1584 2034 2023 64 1261 2713 2241 201 1569 1381 305 497 2755 1658 562 100 2628 715 439 1993 1422 1782 48 1548 659 1617 712 51 2454 155 1897 2045 2309 2650 2769 1362 1840 1640 414 2433 663 784 269 563 2033 319 1453 902 1407 1901 348 550 2046 1045 2802 917 2631 2836 1544 2817 1490 1926 2707 674 947 2439 2714 2735 590 2239 1123 221 168 742 2289 1943 817 1623 2826 1489
1649 2767 1054 645 1679 947 1444 1663 1623 2707 1328 2836 2837 169 1544 1782 2439 1381 1658 2011 1029 2628 51 2241 1840 1261 1218 1617 440 1045 2735 735 2840 2650 1640 445 1993 197 2046 1422 155 463 2352 712 194 2050 992 2130 550 134 2289 1051 1552 1253 305 319 1860 674 2713 201 2515 2088 1586 563 1948 965 179 260 2826 1208 489 659 1307 2631 1416 1123 900 497 1486 1489 2133 1417 433 2815 2272 2375 1437 904 906 64 2556 2454 2287 2649 1775 860 1369 259 2076 59
348 663 2769 925 26 480 1870 2538 1369 2714 2454 2649 179 550 1417 1489 860 518 712 1788 1710 2130 2050 1701 1045 2241 2461 735 445 1276 2011 1034 2840 2375 1422 280 2418 793 2125 1665 421 1590 2211 1197 197 1552 1576 1983 895 57 93 463 77 1859 704 659 1930 1092 1609 720 170 1743 1724 1328 95 2662 645 576 689 1624 570 2004 540 1758 1580 884 1716 2289 1486 2574 291 817 746 228 404 1029 1617 263 1792 2155 1658 1644 493 596 260 1195 378 210 832 1208
1487 1471 953 924 2573 909 1400 1687 1006 2620 2494 37 1703 1288 335 2216 1090 1763 443 1113 922 956 1308 1183 2230 1882 1363 1474 115 745 1082 205 2688 2535 1922 2449 214 1995 2823 411 325 38 2841 8 586 327 882 2348 1232 423 2079 1671 84 2179 1924 391 2260 229 2571 1188 2197 1891 2222 2470 1596 650 2503 459 2167 1953 300 2495 1865 1327 2212 468 2188 750 2657 2080 971 2109 1477 1488 2448 1340 387 2666 614 334 2261 1723 1255 762 835 2425 1462 2816 2476 941
1947 2672 548 133 493 1724 1196 756 2184 77 976 1664 1930 2659 1792 2327 1575 1350 2374 704 801 1375 228 583 1081 2456 2590 1551 263 1861 1758 1887 797 2356 1358 746 1765 2123 2662 1877 1776 1043 287 885 57 2206 2332 1457 588 857 210 2321 720 2189 2229 2039 2739 656 1191 798 1229 2694 2125 2174 2004 1279 1542 1497 687 366 1234 706 2461 294 2749 1345 570 793 879 2418 1034 1580 2460 1086 557 1276 1432 859 2363 2548 2330 1278 170 1859 421 82 1665 1807 2517 2801
1944 2294 1055 2728 2207 725 2766 2558 1056 165 1825 1940 2825 447 1986 2580 1130 494 204 2291 2435 146 2057 1452 1899 1874 574 1223 2741 647 137 2683 2639 1212 2135 899 116 2708 2506 657 1606 2842 2813 1185 1876 1777 1937 2438 2736 140 2248 1868 1841 682 686 2292 2382 1126 491 692 2286 2569 1463 1592 1464 2719 1935 2041 329 1067 1076 948 1639 1547 2704 804 2393 1962 790 2258 677 2511 97 79 2220 2319 974 1088 1473 1134 2625 1439 2149 442 362 1771 2809 1931 1998 2526
2298 143 1129 2185 2517 2529 386 1440 1684 1411 718 2584 1694 2363 372 697 795 2460 1360 1215 557 1445 1630 796 1267 1514 958 2271 2468 991 1807 1925 1295 879 2524 1863 2385 787 30 1549 1373 1982 2801 2844 2228 842 2771 2139 667 810 1619 1947 2616 1652 888 1196 969 583 1180 1735 1081 1497 641 638 1494 1704 428 2703 2231 2001 741 2184 1911 2187 2738 2619 1744 2727 1122 2206 273 1335 266 2215 262 772 1629 1814 1811 41 2069 1589 2403 287 2371 2541 2477 2548 299 503
2185 1129 2298 2584 1411 1684 2529 1440 1694 2517 386 143 718 1630 795 1360 2616 1294 1446 1445 372 697 787 30 1514 810 665 2271 958 1112 638 71 2619 2363 1215 2481 2246 1939 2468 1258 1270 1278 2801 741 557 2460 1619 1267 2727 879 2189 1925 1520 448 2444 669 796 2269 2631 2158 1291 685 2139 267 2524 1509 2738 1 1238 1811 2595 2100 1807 299 577 122 2833 5 1947 264 20 1295 1982 837 969 46 1324 600 888 2844 1373 414 1524 1863 352 829 2385 1242 127 1095
2840 445 2515 1710 1788 2011 1701 197 1417 433 2375 860 1208 259 1489 1092 900 1437 2424 2544 1552 2289 463 1983 674 659 559 978 977 1319 1486 2148 992 1123 2397 2652 1895 497 611 2200 1623 1878 1586 489 2133 2707 2826 1307 817 675 134 2767 2419 2241 1428 188 2046 1253 970 2312 1328 906 2084 987 2574 1414 556 1737 1190 1054 1218 1679 524 1752 2817 1656 1202 59 2076 1663 606 1468 2724 1146 550 2367 319 1617 1624 2082 2287 1046 1948 4 622 1926 1848 769 635 2753
754 1231 1728 757 1533 2756 2021 2320 1149 2533 29 2673 286 2172 218 293 2024 967 1804 1597 2143 426 24 119 2430 634 1296 80 1689 1383 1719 1312 707 1984 2784 240 135 1265 304 558 1478 2323 2295 2178 2054 251 2787 1427 2354 2277 213 529 1898 1883 2113 2408 2260 789 2472 2066 1213 658 646 1175 1849 739 2644 395 2638 2413 727 184 1394 1306 1230 572 483 2235 983 695 1951 589 962 1361 2504 1448 485 545 1300 792 436 1683 2540 2615 1801 853 91 766 101 2381
803 374 2381 364 101 436 1900 2759 215 2579 251 2040 2504 2238 766 989 737 328 341 1427 395 581 2644 572 789 545 2540 529 1106 1394 1257 1230 2114 1898 2546 1115 1683 407 962 1801 2323 1883 2277 240 1798 1559 1361 1786 1451 1971 2242 2000 1389 1353 1951 2784 2787 483 1357 293 1306 2066 1093 2113 1213 727 1300 2178 646 1175 1137 1180 714 485 304 589 614 2656 39 658 898 2054 1818 1207 1166 2149 2409 564 926 1091 1693 1558 2288 2072 751 2495 1334 1928 2653 1087
2298 2185 1129 2517 143 2529 1411 1440 2584 386 1684 718 1694 795 2363 372 1360 2460 557 697 1630 1215 879 2468 1514 1619 796 1925 1445 2801 958 1294 2524 2616 787 2271 1863 969 1982 2139 2727 2385 30 665 741 667 1446 2158 2104 2738 1267 638 1520 1242 46 810 1366 1 2833 1816 1295 1112 1373 1539 2226 2844 414 1807 273 551 1480 2215 669 2481 342 1180 1947 1278 991 2771 1549 299 2269 888 352 2371 1744 2092 641 1811 307 1059 2541 2709 2631 2246 166 1270 1660 2403
2755 2045 1584 2023 747 1407 188 1656 2817 2790 85 556 1102 817 1934 987 943 2528 1644 1926 1405 1319 635 611 2044 1624 221 2832 1796 2411 312 258 1320 1386 547 659 2270 2501 770 2082 2300 2545 2034 1552 463 2397 2544 2564 1422 1489 1092 1788 414 2454 1983 1617 2272 606 2358 860 1428 1710 2574 977 1029 259 2011 1417 2344 622 1782 1993 1948 674 197 1046 1414 1208 26 4 1328 178 2241 1316 2622 1658 319 1586 992 1381 64 1895 712 2769 1390 51 1799 550 1737 2815
607 631 2093 1518 2282 530 1290 2049 1301 2596 2796 921 1058 2140 2064 394 451 446 1017 1879 1604 2392 1981 1906 1237 1567 662 1909 1613 2357 1119 1978 2660 2543 337 1742 1384 124 1060 942 1645 487 2085 1132 2343 220 1800 966 193 271 536 1705 1099 1681 988 237 1491 742 527 1588 2609 2822 2089 674 1618 1393 651 121 1894 2781 1516 54 2530 2287 1414 996 694 961 2735 1033 984 1739 1893 1002 2212 2090 554 1327 444 1088 1892 1888 173 1240 2515 659 235 1473 319 2743
2840 1663 445 1328 1623 2707 1679 947 1444 2241 1782 2767 1054 1617 2836 51 1381 1658 1045 1649 712 169 1993 2515 2011 1544 1489 2837 2439 1218 860 1417 1640 1261 305 155 1422 1569 2050 735 645 2628 562 1710 64 100 2721 900 1948 2130 1701 1552 1369 550 197 715 1416 1437 2650 2714 2034 2454 440 260 1840 659 2826 1796 463 1486 1051 48 2545 26 348 2713 179 674 439 1870 1096 1307 559 925 2352 563 1208 2769 2289 2272 2076 2652 1860 1878 2649 188 480 1788 194 2419
1525 2623 2572 1280 2263 1371 2678 1084 1198 1726 2374 1659 2448 1083 1205 2030 2303 84 2386 2791 117 2502 327 2141 941 732 1184 2203 275 973 298 474 2152 448 1380 582 181 1251 1113 1425 2761 1979 1285 2705 2831 2132 1170 1973 620 946 265 1702 546 2425 1364 907 1536 1768 2476 106 2688 2222 1596 1802 1219 2562 1032 1880 636 2498 543 1797 45 1641 387 2807 1502 1570 762 1318 1750 905 236 2179 644 481 2268 2359 6 300 150 2115 2167 2760 724 2608 2060 1015 2514 42
843 538 610 605 365 1424 1634 870 811 1133 1309 2095 257 94 648 717 410 112 248 435 1040 2830 2609 1894 1516 2560 1573 1110 535 937 1020 1783 1068 1581 1968 1131 742 1966 1138 1800 1454 821 1645 1379 1731 2377 1871 2680 1498 2843 2151 2613 881 1079 336 288 434 2746 1546 2788 1466 2299 1794 678 749 1670 1243 1527 1005 2290 2341 544 1311 1707 800 392 338 1007 673 1455 2730 253 2251 2549 2196 1850 664 2364 730 593 1142 2005 855 2763 2087 568 1174 773 883 2219
2600 1681 2085 1705 942 487 2543 1384 2458 966 337 1495 1331 1614 1742 2660 1000 1673 1853 1739 1695 360 542 710 54 1893 2664 2782 2259 660 50 355 2696 1554 2257 1370 2369 791 813 1508 243 908 1396 2262 1105 984 1287 1031 2803 1565 852 921 1002 2596 2064 1290 1017 2282 631 1978 1518 2049 1119 1676 21 2392 361 681 607 199 893 530 289 1033 1770 2357 1890 2384 62 1562 747 1398 886 417 2451 78 2743 1888 302 2469 1952 381 731 332 451 2668 2026 2029 1301 292
1532 1704 2479 330 2099 354 1376 2177 2557 1335 2742 849 28 972 238 1708 2228 1896 2552 734 458 152 532 1339 2814 1741 2250 2500 1917 313 505 671 81 2028 587 772 1956 2191 2674 503 2819 2365 2119 2681 847 92 2527 696 705 1563 2181 633 1827 1961 711 771 2017 2283 523 68 200 1680 2534 175 533 653 261 2716 618 2370 2322 1873 2316 1274 120 2592 1555 2689 449 2052 239 1817 799 209 1127 1092 33 1010 296 136 356 1021 128 2391 2343 1875 1472 413 1941 838
70 1125 1753 2772 2777 2077 2478 2561 1842 18 2510 431 2757 1390 1035 1252 1557 1834 1839 2 2663 951 601 2015 2818 2161 1759 2622 315 1075 1165 2302 2149 215 202 297 2323 364 1427 1798 2022 2546 2504 2409 2240 1951 103 436 1558 251 485 522 737 2242 990 1175 1306 121 502 191 1235 2016 1809 1389 1801 2471 2509 1928 1259 1333 86 2113 2805 2702 2329 1166 1413 369 2653 2656 2000 1357 1394 2315 101 2637 578 426 10 277 1114 2054 1230 1905 536 1845 767 714 898 102
2783 1421 511 2431 2138 961 385 2709 1539 1816 867 814 1366 2266 1078 352 1660 1480 1607 160 2460 1530 166 2607 537 2094 226 1341 2738 2226 2473 403 1618 1619 879 2339 2633 1925 1571 2781 2363 573 414 557 600 2468 969 1828 1349 1215 2255 17 1009 2253 1242 1159 2372 2835 795 127 1863 1698 741 2338 195 685 1540 2801 317 642 2758 1815 837 2100 1060 667 2158 2223 2104 577 1095 846 1520 2340 1278 2524 1338 665 1880 1409 1964 1112 669 2412 1059 405 2484 1446 2710 1258
1752 1146 4 1545 2367 950 2069 1799 817 1202 1624 1102 59 2389 2790 1926 2817 2832 1656 1644 2300 312 1316 987 547 626 2270 1407 2082 221 1737 2501 1965 2411 556 613 1934 1386 1496 1319 2528 85 943 188 611 635 2477 2044 2556 1636 266 2767 826 433 1948 2289 1840 2631 1405 2815 1416 283 2352 1663 2241 2836 2515 1782 2714 1328 1096 1552 1658 674 2713 2011 659 197 2272 1381 440 155 1649 1092 518 194 2628 2840 1051 735 2375 860 947 169 1218 1422 550 978 2650 1710
853 1801 2277 783 529 2072 2644 2323 1558 658 898 2409 1230 1137 1175 1394 1207 714 614 589 727 1798 1166 1928 485 962 395 1306 1087 1951 1683 2022 1451 1300 1898 1839 1334 2113 676 2784 1597 1213 2000 426 2054 572 2540 1976 895 1389 2149 1361 1312 1333 93 240 1590 545 2325 2066 483 2546 251 1093 634 646 1106 304 1984 1427 461 110 291 707 293 1173 1035 2400 2024 2178 2242 581 2542 1561 954 2143 1689 1559 1849 24 2472 1252 431 1631 1115 2114 2016 2430 1390 2656
1007 2763 1707 773 1385 2102 742 1645 1992 1779 1800 1138 2145 1731 1871 406 519 2613 1894 257 1511 1969 2516 1526 2110 1442 664 288 11 1516 2609 1325 1165 883 2302 191 1670 2843 535 730 338 1527 2377 392 811 301 1455 568 1419 937 410 1466 253 800 1454 1012 315 94 2219 1850 336 249 694 1725 186 2622 2341 709 1068 368 684 1424 1784 1499 821 1498 112 2299 2388 2095 1975 1406 250 248 1759 2021 1968 870 739 538 1309 1241 404 1529 792 1460 434 733 605 881
142 802 1492 2078 429 1699 1553 1430 1053 1886 878 555 868 1888 427 554 1256 1890 866 432 1793 2217 2415 901 289 2568 2423 2029 1431 2668 176 733 340 1562 36 2117 2786 2227 2743 979 1033 743 500 1065 1499 332 681 680 417 1393 21 886 2267 2384 62 1268 1686 597 2108 2451 1588 988 1418 292 193 1398 571 78 361 199 1132 121 536 2380 302 2333 1236 893 569 2090 1233 437 2054 380 770 707 2038 1399 1390 1557 2074 73 1272 640 1266 1599 1479 29 186 291
2755 2045 1584 2023 747 258 1320 770 1407 1796 2545 414 2622 1073 2034 1557 1390 1562 315 1231 2239 983 2190 2757 240 519 1980 536 1142 1088 1065 2131 21 2668 1252 1759 1431 2015 2784 967 1564 1256 1996 483 289 1091 2161 760 1548 996 2530 434 917 1628 2756 1516 695 733 1732 1728 2518 590 2296 176 1890 2482 554 902 535 1731 1769 2288 961 70 2478 616 591 2818 186 2384 1656 2785 2033 2073 1837 866 2281 792 1023 1928 1707 2451 817 777 981 2817 164 1801 2735 410
1416 1096 1948 2272 1316 2815 2556 1860 1496 747 1965 1051 2721 439 1636 64 2545 1362 2741 305 2352 1796 1897 1993 1569 2135 562 100 2713 899 715 2270 2034 2241 2755 547 1606 116 1584 1212 137 659 2319 2298 1381 414 2433 497 1684 48 1411 155 725 2708 2727 2650 1218 1623 1617 2023 2082 1586 1328 1490 2309 2631 1782 712 1926 1453 51 556 1658 188 2247 859 947 1947 1800 1386 1901 447 2707 853 201 2767 2239 1422 494 1645 1261 1601 1944 2185 97 202 1552 1075 442 1919
1300 483 240 2784 789 16 1469 1447 44 1883 376 1483 1389 761 1353 1115 2546 2066 2113 1213 2317 2249 1898 2178 2540 2504 2579 2277 1093 304 614 545 407 1161 766 1451 1361 727 2054 328 2000 1137 1804 1513 658 2238 1178 251 2381 967 2759 2437 293 1394 341 1683 1672 1836 2072 1091 737 1719 1106 1801 1996 1728 1798 1427 646 1559 1951 291 853 2644 589 395 2787 374 2323 1175 1900 803 792 581 983 898 2409 1598 1847 1773 1693 101 1334 777 529 436 714 39 1230 695
908 1105 1742 355 1396 243 1370 1554 813 1614 2696 1331 2257 1673 1495 337 966 2458 1384 2660 984 487 942 1681 1705 2049 2085 2600 921 2543 2064 1002 1621 1017 530 1301 1676 2282 1604 1978 1119 1290 852 2262 451 1567 446 1237 2392 631 1518 320 1981 2140 1058 2782 1909 7 2259 2596 360 662 2793 301 1946 2170 975 660 710 2357 1271 2490 2336 2796 1642 2394 3 186 607 151 599 54 2243 871 1893 1142 1613 1566 144 774 2452 1968 734 2843 1546 2519 1741 2446 765 536
757 754 1728 1231 1533 2756 2021 2320 1149 2533 29 2673 286 2172 218 2024 293 1804 967 1597 2143 24 426 2430 634 135 240 2784 1312 2277 1689 1719 558 119 1898 80 483 1296 304 1984 1300 1394 251 2295 213 1265 1829 2472 707 1383 1427 1883 545 2178 2638 2413 1801 646 2054 1478 853 789 1168 2113 1299 2504 395 2408 252 2335 2323 1213 2644 1598 2066 2799 529 2546 679 658 2759 1093 766 1230 2280 2235 184 1389 444 625 1951 2540 1175 101 1849 1182 1505 1683 1115 572
2755 2045 1584 2023 747 258 1320 770 1796 414 1407 1073 2622 2545 2239 1980 1142 1732 1390 1231 1557 1996 2190 519 983 2785 648 1728 240 777 1091 1450 2518 535 1516 967 1252 483 2275 830 2249 2015 997 2757 2763 937 1894 2296 315 2756 1759 248 442 1562 1431 97 1065 590 1707 536 754 2482 1088 1147 2745 16 2495 1968 2281 2685 695 444 1719 1176 792 2161 1850 2319 1804 2073 917 603 1133 773 44 2288 1962 2843 1834 94 1126 76 855 410 1455 2507 2736 2328 2668 435
730 338 1466 1325 1455 1442 336 1670 1526 2516 568 1969 1511 2377 1498 253 1068 535 1243 937 2341 406 1779 434 1131 821 544 2299 365 1079 1379 1385 2145 2549 112 2151 1040 1783 2730 410 248 2364 2290 1992 2788 1005 811 2746 1165 2302 2102 1794 749 1850 1966 1110 709 1133 1311 800 2219 191 1527 593 773 673 2763 605 648 1424 1309 519 870 1007 610 678 2830 392 717 2560 1634 855 1020 1573 257 435 1581 94 1707 538 1142 2251 2680 1968 2519 881 2243 1894 843 774
571 1065 1256 176 979 2786 2227 332 2743 1033 340 2668 1393 2029 1562 554 555 1686 1890 429 2384 1888 868 1418 597 142 1492 289 21 2108 417 427 886 432 802 1553 2451 2423 2078 878 1430 866 2333 199 1431 681 36 1699 2117 1053 1132 1793 1588 536 733 1886 1398 62 2415 901 500 361 743 988 2217 680 193 121 1268 2568 893 1952 569 964 292 2808 1266 1499 78 302 2090 1399 2120 1070 2221 2629 2031 2539 2267 2038 1429 2640 414 2798 2239 541 2428 2406 1449 968
1663 1045 1328 1623 2241 735 1444 1679 1617 2707 947 712 2840 2050 550 169 1544 2130 51 1782 2837 2439 2836 1054 1658 1422 1381 1649 1993 2767 179 2649 1369 440 1840 2454 445 925 480 1218 26 1640 1261 155 2628 518 1870 348 305 2769 2515 2714 860 2011 2538 1417 645 197 562 2631 663 260 2650 2046 463 992 64 1489 2826 2088 439 1552 1796 563 1569 1437 900 1486 659 1051 2721 1208 2289 1710 1788 1878 715 556 943 1307 2817 1029 2713 1860 48 559 2082 1656 2790 1405
472 1059 166 2738 1607 1341 2758 1069 2444 1355 1803 1811 2513 2835 2614 2710 1167 405 1509 1828 1964 537 1215 551 342 2709 2740 1618 1025 1540 2340 2781 1421 1530 1078 127 2473 160 2094 961 2266 2595 2138 147 1862 741 1101 414 1571 2801 154 2339 1524 2175 1060 2635 2253 511 2100 888 1539 2255 2771 2431 1349 685 1 1373 2385 223 2648 1698 2223 352 46 2372 2466 573 600 17 385 1278 124 1338 203 1615 195 2749 2338 391 1409 273 2104 2226 793 1295 846 412 2399 1520
430 331 1097 1293 326 159 580 1143 31 1822 1118 655 2715 2062 999 1297 478 726 1011 1967 1921 2236 1037 390 1972 1635 504 1715 2402 1730 1124 1692 721 2301 2053 1647 1475 1050 1929 2061 2407 1008 455 1756 2406 1395 1648 1187 108 1317 1831 1789 2806 2687 1755 927 1262 1655 125 1472 753 1706 464 1140 1662 1026 363 1912 2398 786 2765 1568 799 471 467 1275 1378 1018 2611 2465 2505 484 782 628 314 840 1438 295 936 1303 788 2470 758 418 643 402 1022 1281 2285 2634
894 2554 419 2153 96 1632 1032 2060 189 1927 106 1083 744 2313 1199 732 1702 181 1251 620 1364 1797 2831 2705 609 2425 1108 2643 2401 42 481 1188 2688 636 759 2476 2030 411 2841 2807 2261 2263 644 1315 2571 1283 468 22 621 1336 2079 762 1013 1084 2760 1171 476 2720 2278 2627 661 1371 2502 1865 2188 2168 941 2194 1525 387 2791 122 1560 2498 1625 2442 1205 582 669 2608 2612 1661 2567 2109 6 1318 2761 171 1659 1858 37 2182 2179 971 1184 1064 2678 2573 1536 448
1753 1125 2772 2777 70 2077 2478 1842 2561 18 2510 2757 1252 431 2 1834 2663 1035 2015 951 1390 601 2818 1557 2161 1839 1759 2622 315 1165 2315 2302 191 767 103 2702 1075 1323 297 369 426 277 121 2323 1443 1460 1235 2024 1186 1951 536 2143 193 1845 1597 2000 2149 569 2624 988 1175 24 990 202 1801 67 2653 2686 688 1391 2121 86 2242 164 2054 126 1833 1989 737 1938 1809 634 522 1959 1413 1905 1306 2016 1001 2546 39 2409 1747 485 1418 1132 2509 581 1588 876
1558 853 1087 2072 714 898 614 1207 1166 2409 1928 1137 1590 895 93 783 676 485 658 589 727 1175 1306 1951 2540 1451 1801 1361 1798 2022 1394 2277 2323 2000 1346 1561 2542 1389 1334 2113 1213 1683 1333 1300 1230 251 2546 529 545 2066 1427 1106 2016 2242 1257 2149 962 617 2784 646 2656 304 2178 1971 1597 293 1631 1786 572 2644 291 1228 1115 2787 395 581 426 240 949 483 789 954 1839 63 1559 182 2504 2054 2114 2737 1785 1019 1298 1343 1353 1685 737 540 2112 364
1083 419 2554 894 2153 96 1632 732 1702 181 609 106 1927 620 189 1032 2060 1108 1797 1283 2502 2263 2725 2168 744 1251 1364 1371 2761 2643 844 2404 957 2374 2464 2048 759 2572 1889 1865 2425 582 2141 1525 42 1280 2448 270 2623 1084 2678 1768 1013 5 2807 2760 2831 2457 1515 2705 2841 807 621 636 2401 2476 661 1199 2608 782 2152 851 468 1205 2030 2612 1716 6 2229 1659 2688 2278 1011 236 2079 2182 411 2720 40 1766 294 2625 644 448 1726 752 2442 150 724 45
2021 2320 2756 1149 2533 29 286 2673 2172 1533 1231 1728 754 757 218 293 2024 967 1804 426 1597 2143 24 634 2430 707 1849 2354 1689 119 2054 2408 213 80 1296 1719 2787 1383 135 558 1265 1478 2295 1984 2260 1867 646 2638 424 2235 1951 1529 1312 2413 1175 1306 2390 727 2277 1448 91 1722 1361 658 1451 2615 251 529 184 1106 589 485 792 1559 240 2000 1394 1801 2784 2323 2472 853 739 395 1269 2644 2178 304 19 520 2296 1427 483 1165 191 1230 2113 1898 1555 2078
364 2381 374 1900 436 101 2040 215 2759 989 2579 766 341 2238 328 737 2504 251 803 1427 395 581 2644 789 572 545 2540 529 1898 407 1230 1683 1394 2114 2546 1115 1106 1801 240 1257 2277 2323 1883 962 2242 1798 1389 1093 1361 1559 1353 1451 1971 1786 483 2000 2784 2066 2178 1213 2113 1951 304 1300 1306 727 293 1357 2787 646 1091 1137 926 1818 658 1175 564 39 614 2495 1180 589 1693 485 714 2656 754 2288 1166 2149 1996 2409 1231 2054 1207 1334 898 751 2561 2756
2185 2517 2298 1129 1684 2529 1411 2584 795 143 1440 386 1694 2468 718 2363 372 1360 1215 1630 1514 697 2460 1294 2616 557 2801 879 2271 810 787 1939 30 1619 1112 1925 1446 2481 638 1445 958 2619 2104 1863 1270 665 741 71 2524 1539 273 1982 2727 1278 2226 2738 2385 1295 796 127 667 1242 1258 577 969 147 2595 1811 1807 669 2246 307 2709 888 2844 1291 1520 2158 2710 2168 1373 2189 1509 2269 262 1238 685 1059 342 1 267 160 2139 2473 1480 2783 2781 2444 2431 166
70 1753 1125 2772 2777 2077 2478 2561 2510 1842 431 18 2757 1035 1839 1390 1557 1252 1834 2 2663 951 2015 601 2818 1759 2622 2161 315 1075 1165 2302 2315 191 277 767 2702 2323 202 426 1443 2149 1980 1845 369 2143 634 2016 2024 536 522 121 24 1431 1938 1413 1418 1597 1334 2624 1747 990 1833 1460 1235 684 1065 103 1801 988 193 502 2430 297 1132 889 1976 102 2471 2686 2509 251 1975 2242 1012 569 164 695 2601 126 36 39 1955 1588 414 1548 250 1427 2656 733
239 1961 2164 1127 653 2794 2091 1274 654 1781 525 296 356 1282 209 408 245 2311 2396 1240 252 290 1787 838 139 2173 61 207 618 49 2025 1780 192 2280 200 383 2669 225 2531 113 721 2693 1647 2402 1011 1248 1972 2316 2070 33 1356 625 495 1435 1598 2017 449 2698 1875 799 2137 159 679 1505 580 326 858 1273 1917 822 1275 1472 2715 1555 561 1021 131 1262 1303 1018 2232 1692 806 2061 31 1143 1813 1568 1097 1293 1141 1506 27 1500 1635 2687 1655 782 1941 2764
8 1474 1671 2535 325 745 2449 2706 1090 443 1006 2831 2705 586 2197 690 1763 2216 2571 300 1286 1308 621 1082 2425 37 1363 924 2476 1288 2401 171 2612 959 1251 459 1703 1697 45 1364 1560 565 229 2079 762 2608 236 2573 785 2167 2182 2760 1217 1380 1907 335 2056 183 2268 2230 506 205 333 1315 1064 398 474 1458 922 309 1352 1400 2591 953 2160 2452 1537 2522 1013 2222 861 488 1471 946 1283 666 1487 1987 2245 1219 1797 2446 1108 856 1113 1641 973 599 1318 20
1146 1752 4 1545 1624 1644 1202 817 1799 2832 2389 626 2069 312 2411 2790 2367 2817 2501 2528 1737 59 987 1926 1934 1407 1102 1656 556 2082 266 188 2270 635 950 2300 826 2044 547 85 283 221 1319 613 1405 943 2477 1386 611 1983 2515 2840 2397 2011 2631 2714 1414 2574 2767 1208 1029 2148 463 1552 2652 1190 659 2133 550 1948 2419 1316 1092 2424 900 319 1422 2375 445 1437 1328 433 1782 168 1965 965 2836 559 1468 2289 1486 1428 197 109 2088 2676 1663 947 606 2241
2464 957 2725 2404 1889 1766 609 509 844 2457 1515 2448 2168 5 744 1880 2128 106 2751 1139 1602 1199 244 1866 1927 2115 2348 1632 22 2572 1171 1726 214 2678 1696 2567 1214 1616 1596 2153 1032 894 96 1953 498 1605 1280 2109 2060 2182 466 2522 1364 419 1802 1525 2056 42 2562 661 2124 2760 2502 669 2014 171 621 1371 189 1326 1661 388 2278 2351 2612 2152 1064 45 2476 2554 1659 1061 236 1797 2608 306 1251 2720 183 2508 690 2263 1205 387 2169 1637 762 2468 2203 2498
2557 1335 2228 1741 458 847 28 152 1339 2674 313 1827 1896 734 2819 2119 2283 849 587 972 238 505 1563 2181 2500 2479 2552 2716 175 2365 523 2370 2527 2250 81 2191 2689 1704 1376 1532 2099 705 2534 2681 1708 696 711 2177 772 92 2814 671 532 633 1680 354 503 1956 2322 2193 330 1111 2592 602 2052 2028 1332 968 740 2237 261 2742 120 125 68 1010 159 1912 1293 1143 1097 580 2470 2062 1789 1297 927 788 1917 1711 326 1831 1655 131 1582 31 1117 449 1873 129
1254 1512 65 1310 1107 903 768 1908 835 702 1720 1821 284 931 1340 1830 1608 1277 2388 1114 848 250 1975 1767 2471 2601 578 1845 834 502 684 2276 990 297 2058 2555 2624 1413 103 688 1323 2383 2754 1235 1391 1186 126 575 1727 522 441 2314 2802 2733 1517 1523 373 2395 462 2695 83 357 2080 2684 1482 2239 2630 2192 845 1016 1169 2605 1382 187 2780 1458 483 2166 32 830 1120 2254 993 2079 2297 2422 1467 1410 2347 2106 590 2073 2019 1178 603 1669 736 2550 1104 1259
999 726 418 2059 1481 52 484 534 806 2429 1465 53 780 2244 1662 1022 786 467 295 1475 346 363 2690 2821 2301 478 1730 2687 225 1008 430 331 1378 655 2407 2467 108 1929 2806 2465 2505 1275 753 455 2765 2470 2236 504 1438 758 471 2025 2398 2669 1692 402 207 936 192 1787 61 1220 628 31 314 1789 268 2070 2285 927 2634 1967 840 2715 390 2053 389 1124 1831 464 1655 326 782 1018 1635 580 1715 2773 159 1706 1037 452 1011 290 2632 1097 1918 131 1050 1293
1603 820 1541 750 334 285 1221 2387 6 546 582 372 807 1570 2643 1462 2677 759 650 1882 468 2666 1891 1916 298 980 1723 973 1884 2346 475 1702 1537 2810 1285 1260 2359 2841 620 1084 922 181 2118 2043 275 2816 629 2171 281 2494 2194 1188 2571 37 1015 2222 2303 423 594 956 1697 1768 1610 448 1308 1687 1080 411 1184 2161 2268 2261 1400 1763 1591 1858 1767 1922 375 835 2132 1082 1979 117 2313 1272 531 1380 1761 84 796 327 2179 370 690 1073 2557 1390 845 1113
2294 1944 1055 1056 2728 2766 725 2207 2558 1825 165 1940 2825 1130 1986 447 204 1841 137 2580 116 2135 1452 2736 1212 2741 2842 362 1606 899 2506 2041 1126 2258 1463 1134 2292 1935 246 1067 1547 2511 692 146 2708 97 2435 1899 140 1962 494 1868 722 2286 1076 79 442 2305 1876 2438 2068 2719 1185 2665 1464 491 2813 2382 1937 682 2569 1223 657 2319 1777 686 790 804 677 1592 2248 1639 1874 948 2239 2393 329 647 271 954 1892 2291 2057 2073 1743 751 1771 2639 2037 974
2252 1179 2491 1578 1977 2328 1651 2682 1583 1769 1579 2097 841 1063 945 952 639 9 1354 919 2647 1920 748 1770 1531 114 916 887 2778 1470 1528 998 1791 118 2042 2065 567 227 2792 930 1851 1657 2729 928 2723 982 1667 1585 819 2575 2379 2310 2225 763 808 1367 1854 1211 2349 2711 517 1368 515 382 923 1344 875 2165 311 2459 492 2698 1154 1239 778 2304 1566 1210 910 2416 809 2462 2488 2081 580 1273 1042 326 159 1655 2103 2536 566 579 513 1970 25 975 2019 276
196 353 776 98 2474 701 1625 1819 1864 1643 910 869 2361 585 781 2462 2334 1344 2081 1042 1402 381 2067 2353 2103 276 809 1963 2256 2027 233 69 2001 2264 871 640 2391 40 5 941 1515 2677 13 84 1661 2210 2460 2841 2803 425 128 844 1633 2363 1744 915 2502 1585 2152 629 1667 224 669 975 2101 290 1245 574 1647 136 1817 150 1768 2402 1504 557 2582 2228 2162 2726 850 264 721 1272 865 1139 592 1972 1326 1793 2783 2797 1565 1600 748 2709 2669 2431 1480 660
1475 484 2059 467 2687 1647 2402 806 999 53 2236 1972 534 721 2061 726 268 1730 1275 1921 1929 1789 2301 1303 2429 1967 2407 314 1240 927 1273 1022 2285 1692 1050 1756 295 1124 2773 1011 131 1875 1755 1008 1378 1662 1655 2465 2505 390 1317 1018 805 331 1037 1635 782 2806 1822 1831 1143 1187 1438 655 2765 1127 363 239 430 2053 478 471 1395 1961 2531 2406 643 2091 2632 1715 1274 799 108 1648 252 2244 753 2611 2398 786 628 1843 402 1118 159 936 1472 326 2693 1097
225 653 61 207 2025 2669 192 1787 290 1506 2396 2693 296 356 2794 209 408 1282 654 418 838 1262 2070 139 245 49 2173 2091 455 383 1781 799 1127 525 1780 2531 239 1011 1274 1481 495 806 1141 52 1875 2232 1918 2429 33 1612 1662 2164 534 1568 2280 131 53 2285 618 1843 200 113 822 2690 726 1941 346 1024 2467 268 2059 1022 999 1961 452 780 2565 2316 1124 484 2715 2017 1555 2244 216 2821 389 1465 1475 1472 2137 721 467 1275 1929 1273 2687 2053 138 1917
418 52 1481 2059 1022 780 1465 2244 346 534 2821 2429 806 786 484 1662 2690 53 726 999 2467 2465 2505 225 467 1378 363 478 936 2025 758 295 2765 402 430 207 192 1475 108 61 1008 753 2407 2070 2301 1787 2669 1730 840 1918 628 2285 2634 389 2687 1438 455 268 2398 452 655 1220 2236 1929 1692 2806 331 290 1789 471 1140 1655 782 2470 1018 1039 1831 1011 927 1275 131 1024 1612 504 2611 1048 2632 2396 2565 1356 2715 89 464 31 1875 1273 1506 2698 314 326
2763 773 1007 1385 2102 1992 1779 2145 1707 406 519 742 1645 1511 1138 1800 1969 1731 1526 2516 1894 1871 1442 257 2613 2110 1325 288 1516 730 11 664 535 1165 1670 338 2609 2302 191 1527 2377 301 2843 392 1419 1466 811 1455 94 937 568 821 336 253 1068 1040 1424 248 605 883 1850 1454 112 2331 648 800 870 1309 1498 2680 610 2095 2830 1634 2341 1020 410 186 365 2219 435 1966 1581 538 2560 881 717 855 1110 1133 2087 1142 843 694 1573 709 1784 1311 2243 678
1958 422 2170 254 1642 2473 1170 3 2783 2593 1510 2264 99 1539 2734 2587 2165 208 2490 2147 1717 595 1762 1077 1152 2126 2709 256 2469 2405 318 731 2655 2163 1973 969 823 1036 1595 156 1160 399 1245 2132 1784 632 694 164 549 2074 2204 1241 2453 511 874 460 981 212 2355 2266 2642 1267 276 2403 1347 73 2138 1633 2775 453 1811 414 1247 630 1589 226 2577 265 1565 2431 2722 533 816 2340 2101 58 1200 1751 2548 2691 2339 2122 1085 2334 392 1903 1233 2595 1628 809
1944 2294 1055 1056 2766 2728 725 2207 2558 165 1825 2825 447 204 899 137 1940 2135 2842 1212 1986 1606 2580 2741 116 1130 1452 1463 1134 1935 1547 2511 2435 1899 2041 1067 146 246 494 1841 2736 97 2708 2068 2292 79 722 2286 2813 2057 140 686 1868 1126 2438 804 2248 682 1874 1223 362 1076 1185 2382 329 2291 2665 1937 2569 657 1592 2719 692 1464 948 2305 574 1777 491 1876 2506 1639 647 2683 2258 677 2319 2393 2639 442 2436 2509 1486 1333 1962 1012 1810 202 1931 249
1255 986 123 882 1757 2150 1636 2815 422 155 2272 2352 1860 440 1840 1965 2631 747 1496 2628 194 1051 1993 1316 1218 2556 1617 2241 305 1477 64 1948 1422 1782 1096 2836 2650 439 2713 1658 1640 1416 51 1381 1045 735 1663 2439 947 2553 48 1544 201 562 2130 1261 2837 2046 1704 1148 1236 1328 659 518 1444 965 169 2767 950 2289 2309 2050 1569 1901 1958 319 1649 978 1552 231 645 2707 2721 2380 2088 550 2267 2490 2735 1586 134 100 613 992 1623 173 1775 674 563 1453
1785 1161 1228 1847 1513 1773 1795 2022 2178 304 617 291 1213 2066 2113 832 2542 1535 1883 2129 1346 1353 1389 1561 1333 1334 2016 2784 1019 540 545 2546 1593 2242 2656 63 2149 2277 483 1115 789 465 898 1631 751 714 1087 1166 1693 1197 2700 1971 240 1300 783 954 695 1672 499 614 1558 2409 132 182 1928 1743 1685 1590 2072 93 149 895 1137 1298 1712 1257 576 2540 853 407 1207 2827 1394 310 1749 1434 1176 676 1836 983 1760 1801 2112 1898 2547 658 1004 1361 1103 1951
645 1029 2011 1649 2767 2735 1054 2840 197 2836 445 947 1444 2707 1679 2837 463 1623 1663 1328 134 169 1840 440 1782 2439 2650 1544 2628 2289 1381 1253 319 735 433 1658 2241 1218 155 2375 59 51 986 1552 123 2352 2477 965 1617 1255 882 1261 1045 2515 1993 1640 2367 1775 2287 2389 2713 2595 613 1202 950 2046 1757 1811 674 2088 1752 194 477 904 659 2050 1860 1737 2556 2076 906 1146 1799 1422 1307 1477 932 201 1496 1208 550 489 2130 1148 2340 1949 2631 1862 305 1624
202 1075 1012 249 1406 627 1810 67 2509 2583 1001 2350 2121 1944 1055 2728 725 2558 899 2294 165 137 876 1212 116 2143 2207 2329 2719 2033 24 2240 902 1390 2622 2757 2766 2805 86 917 1606 1809 1805 2292 2135 10 1259 2825 2637 1130 1759 2057 494 1959 1874 1905 1223 2525 1897 1611 590 102 1557 447 2741 1362 1410 2021 794 378 960 1825 1441 1126 2447 2224 1296 316 2804 2580 2320 279 1869 541 2708 1169 692 2748 2106 1088 1076 1721 804 87 424 1149 32 404 2149 1473
653 290 2794 1787 61 654 207 356 296 2091 2396 192 1282 408 225 2025 2693 239 1781 209 49 525 2669 245 838 383 1127 139 2173 2164 1506 2280 1274 2531 495 2232 1262 799 1011 113 1780 2311 1568 2070 822 1843 2137 1024 1875 252 455 2285 131 1961 418 268 1317 1395 2565 449 1612 452 1141 805 1356 2402 721 1921 1647 1756 1972 241 1918 1240 33 1022 1500 2715 1941 1755 1503 1378 1505 2279 2061 758 1555 2698 2765 1303 389 200 2017 1924 840 1635 2611 1655 1831 1143
1083 732 1702 181 620 2263 2374 1797 2678 2441 2572 96 2827 1525 2522 2056 2111 310 1856 2386 419 644 1371 1632 894 45 2623 2442 2141 2048 1251 1726 2720 2554 1064 1336 387 2153 1280 2116 1013 1364 582 2562 2761 2448 2401 189 762 1093 621 596 2498 104 2643 2502 462 1365 106 2582 2603 1318 236 1108 171 2807 1032 407 1204 183 95 2612 2060 2688 689 1927 2004 2188 2182 1693 1198 844 636 2125 1768 1749 949 2608 42 1665 1343 2760 1019 43 2733 2152 746 2202 1596 1176
142 1492 429 802 2078 1699 1553 1430 1053 1886 878 555 868 427 1888 1256 554 1890 1793 2217 2415 901 2568 289 866 432 2423 2029 2668 176 1562 340 2786 1431 2743 743 1033 2227 979 1065 681 332 733 36 2117 417 21 1393 886 500 2384 2267 1499 680 62 988 2108 2451 1686 1418 597 193 571 1588 121 1268 1398 292 536 199 2380 78 361 1132 1236 2090 302 569 893 2333 1390 437 1233 1557 707 2074 2038 1399 73 2054 380 1165 2622 2047 770 29 1849 2757 1599 1272
1944 2294 1055 2728 2207 725 2766 2558 1056 1825 165 2825 1940 1986 447 2580 1130 204 494 2435 146 1899 1452 2291 1223 1874 2057 574 2708 2741 899 137 1212 2135 1606 2842 647 657 2683 116 682 1185 2438 2813 2639 1777 1876 686 2736 1937 2248 1463 2382 2286 140 1868 491 1076 1935 1464 2041 677 948 1126 2292 2506 2569 1639 1592 1067 1841 2393 329 692 1547 2719 97 804 79 1134 2511 974 2704 12 1473 255 2089 246 2598 1962 722 1486 442 2319 2068 362 1569 790 2436 2258
754 1728 1231 2756 1533 757 2021 2320 1149 2533 29 286 2172 2673 218 293 967 2024 1804 1719 1597 426 119 707 2354 80 2143 24 792 1296 2054 1849 135 2787 213 2408 1984 1383 558 2413 2295 2430 634 2296 1312 1265 240 2323 2260 2784 2615 1478 483 739 1867 2235 1448 1689 1361 695 658 2277 1269 589 1722 789 983 1091 1898 727 1451 2472 184 2224 91 1852 1175 1529 1095 414 1774 2644 2390 529 1598 1555 2149 1300 1455 1693 1230 1306 424 1829 646 1798 1334 1093 1142 1427
757 754 1728 1231 1533 2756 2320 2021 1149 2533 29 286 2172 2673 218 2024 967 293 1804 24 2143 426 1597 634 2430 1689 558 135 2295 213 707 80 119 1296 1383 2408 1719 2413 2260 1849 2277 2638 1265 1984 1478 2354 1898 2235 424 2472 91 184 1312 1448 1829 1801 2054 1867 483 1168 1299 792 252 520 240 2787 19 646 2323 853 1722 739 2615 1945 2784 2561 2390 304 1093 1091 232 529 1529 1839 2622 1088 444 2178 251 695 1252 2296 983 1683 1269 1427 2055 2478 395 1951
1801 2277 529 853 2644 2323 1230 1394 783 395 1798 962 1175 589 658 2072 1306 485 1951 1558 1683 727 572 1334 2409 898 714 1137 1207 614 1928 1451 1300 1839 2784 1166 1898 1976 2000 2113 2054 483 240 1087 1389 251 545 2546 2325 2022 2540 1597 581 1427 1361 1213 676 461 1443 426 110 1106 1312 646 1557 2149 2249 2066 1093 304 1390 889 1646 2114 789 431 1833 291 803 1035 1252 707 2400 2242 2622 1333 1173 1115 2178 1834 634 2015 293 2504 2686 703 1144 1849 2478 1883
1865 1858 468 1260 2313 807 2823 2261 2194 1761 1153 1227 476 669 115 1610 1015 1188 829 411 1884 661 980 122 1284 2118 1456 1844 1570 285 1995 2643 38 546 922 1221 620 2268 298 1560 2060 419 2425 1286 1927 96 448 759 181 189 894 582 1084 1032 2554 2476 1702 1288 1703 6 2216 1363 1285 2627 37 973 2153 2387 565 650 1603 959 506 459 685 1797 2791 1217 372 2043 744 396 1425 333 2171 1763 732 1199 2816 750 2688 1632 1697 2666 42 334 106 1891 1804 1283
503 711 633 772 1680 2322 2250 2193 2592 1335 2052 1704 2228 602 1111 1332 2557 740 2479 68 2237 81 2144 553 238 1532 972 1708 2681 2119 2764 28 1376 671 587 152 533 2527 2365 1746 1917 2177 968 261 849 120 1117 2819 458 2552 1339 1896 847 696 1827 2814 532 2812 1655 505 92 2283 200 330 2370 175 507 1314 2028 2773 1741 1010 159 2689 326 313 1956 1831 2181 1135 1929 344 2062 2099 1182 2716 2500 1097 1974 2597 2610 1972 1730 1293 705 2674 721 734 1143 1472
2755 1584 2023 2045 747 258 1320 2545 1796 770 2034 1407 1548 64 2713 439 2272 269 1569 562 305 48 2433 2296 2721 792 414 2239 1640 1980 1732 1416 100 2650 2556 2352 1838 83 51 2815 1499 201 1316 1096 2622 1860 832 1449 1051 1057 2289 1948 2235 1759 659 2335 2757 2309 830 1073 1782 2563 1557 683 1943 500 2763 1990 315 800 87 1390 2129 773 2685 1329 590 47 1450 155 2653 1894 1986 2275 733 715 91 1919 843 2802 1620 2241 1346 1564 410 1387 1381 1850 1147 1670
41 2208 1652 912 2231 716 1264 2205 2692 527 651 1988 2524 237 2675 591 345 1587 616 1812 1564 1837 996 2530 1181 2131 124 918 1491 700 2801 708 2104 273 1242 969 203 2517 961 1539 2460 1215 1618 352 1081 2363 147 414 1497 2185 2781 157 557 1816 1129 1619 1811 2635 1167 1366 1863 2138 1925 1540 1411 2226 2223 1480 1571 1698 2648 879 1803 2385 143 1660 2215 2607 1355 2738 867 2100 667 195 2844 1982 600 2595 1615 1684 2158 46 1341 741 2529 1373 2134 1101 577 223
1305 1790 935 2096 1052 836 2071 1933 2750 2512 1098 1321 2156 2645 222 1436 2201 1709 2432 1504 897 2218 850 1638 2342 2362 2450 1736 755 1806 2355 1621 2420 2446 599 2691 1044 2452 2642 2537 666 612 908 1454 1090 869 2331 1142 2340 1447 1763 459 1910 1741 1336 661 2087 981 2243 1469 16 481 301 858 1167 2083 2473 42 1625 2774 2095 2831 141 2519 1461 586 1245 1811 1274 2560 396 1047 2194 762 1875 1315 511 1145 1474 2513 629 855 2285 1634 131 2030 2781 1013 2799 1006
1453 2034 1569 2713 100 2721 715 64 48 1490 2545 1860 1796 2433 439 562 1901 2376 2309 305 201 1640 2650 155 2556 1993 51 1948 1051 2272 1416 2815 1096 2213 2289 563 1636 2826 168 2241 260 2088 1218 1496 1316 1584 2631 1617 1782 1878 550 2352 1381 712 231 1328 1261 659 1123 1586 2628 1422 1710 518 674 1658 440 1623 1045 645 2454 1307 860 1552 348 1840 1148 26 906 784 2836 1489 992 663 445 319 900 194 2769 2438 1663 947 259 2707 2050 1486 2046 2076 161 2708
6 285 1221 582 2643 546 759 807 1702 181 620 732 1603 1083 1541 820 1570 468 1260 1797 750 334 372 1882 1891 1723 650 2346 1916 973 298 475 2666 980 1884 2171 2810 2043 2816 1768 1285 2118 1015 1610 922 2761 1858 2194 2677 2313 37 1188 1537 2261 411 2841 448 2268 1536 2387 1456 1697 1284 2278 1763 2303 2807 148 661 2179 510 42 2048 1227 636 275 594 1308 122 1084 1184 1761 1082 476 1488 1380 1462 2425 1153 1080 1318 1205 2167 956 327 1502 459 690 1397 2521
52 1481 418 1022 346 2821 1465 780 2244 786 2690 1662 2429 534 2467 2059 2465 2505 806 1378 484 363 53 467 478 402 936 758 108 999 726 1008 225 753 1438 2407 2301 2765 2398 628 2070 655 471 2634 2025 1918 1220 389 430 840 207 192 61 2669 295 1730 1140 2285 1787 455 2687 1356 89 1475 1048 452 1395 1039 782 1692 1018 2611 331 1929 1612 2470 2806 2632 138 1789 290 1831 504 1655 2396 2236 927 1024 1026 268 1506 1317 2142 1275 643 31 1568 1756 326 2715
1083 894 419 2554 2153 96 1632 732 1032 1927 189 2060 106 181 1702 1797 620 744 1108 1283 644 1251 2401 2048 2761 2502 42 2313 1364 2720 1336 2643 2442 1013 2688 481 387 2188 2841 2498 2278 1171 2567 22 636 609 621 1315 2831 759 941 2079 2705 2612 971 2168 2807 2425 1768 1625 2141 661 2261 2374 869 785 1371 762 1199 270 1214 2562 84 2571 171 1365 582 1525 2263 2751 63 310 2827 2441 1064 468 844 1761 596 2522 2760 2152 1865 1318 1019 592 95 476 2386 150
2502 2152 1371 84 1605 2141 2572 2263 1726 1139 1953 2348 941 2623 1866 1525 214 1602 2841 2567 5 1280 844 2678 2457 2386 509 2751 1198 1171 1515 22 1696 244 1199 1616 2115 2128 2448 106 1214 2109 117 1659 327 1084 2056 1064 45 1927 1632 785 2203 2060 2182 96 189 236 1113 1032 2153 1205 2522 2303 851 894 183 1364 2760 419 2030 2608 1184 957 1960 744 621 2554 609 1251 2464 171 23 1365 1458 1738 2612 2705 1641 40 2725 690 1397 2831 2401 1488 1661 973 420 1979
2578 377 13 1272 640 828 2210 2520 2671 2602 1668 1374 672 2828 933 865 1754 1337 323 2421 2047 1949 370 1249 1041 2083 1910 1038 56 2032 2428 1189 698 1329 2570 2629 2795 932 955 2335 2839 1049 1429 839 2798 1764 1521 2539 2038 358 1399 2120 2031 729 2221 964 1070 2108 429 123 340 2267 802 432 1240 882 142 1952 1562 2423 878 220 2387 2668 886 979 2078 2117 1890 1431 2333 332 36 199 176 2384 2150 78 292 743 417 1929 1492 2227 1519 1387 21 2786 2217 2451
848 1114 1830 284 931 702 1845 2601 2471 768 502 990 1767 1340 2624 903 1908 1107 688 297 835 103 1235 1323 126 578 1608 65 1186 2276 522 1310 1512 2388 2314 1720 1821 1254 1413 1391 250 1975 684 2667 277 2149 1406 1759 1458 767 1075 2656 2016 2240 2757 1012 1165 1065 2114 431 202 379 1459 1905 988 249 1207 1144 1390 193 1357 1157 2637 2242 2121 1922 121 569 369 1120 2510 1289 1605 2323 86 1035 70 1748 2561 2302 1832 1334 1809 1418 39 2000 2496 2805 2019 18
364 2381 374 436 1900 101 2040 215 2759 989 2579 766 341 803 737 2238 251 328 2504 1427 395 581 2644 572 789 2540 529 545 1898 1230 1394 2114 1683 407 1106 2546 1115 1801 1257 240 2323 962 2277 1883 2242 1798 1361 1559 1389 1093 1451 2000 1786 1971 1353 483 2784 2066 1951 1213 2113 2178 1357 1306 1300 293 304 2787 646 727 39 1091 1818 1137 926 1175 564 589 658 2288 485 614 2656 1180 2495 714 2149 2054 1166 1693 2409 754 1334 898 1207 1231 2561 1996 76 751
1487 909 1471 953 924 2573 1400 2494 1687 2620 1113 335 1922 882 2503 84 2230 1006 2688 1960 1232 37 1183 941 300 214 971 2150 327 1882 1462 865 1308 2222 1703 459 2348 1255 1139 1995 2571 1953 1199 594 1288 205 43 2421 956 1757 423 123 1474 2706 2179 2768 745 1082 1596 922 1766 1616 115 1802 2216 2079 2386 2115 851 420 835 2535 2677 1704 735 1979 281 2841 1371 2161 750 1763 1477 2303 2197 1458 186 2188 2449 117 275 1184 2448 1397 2591 387 411 2109 398 1502
285 1221 6 2643 546 807 582 759 820 1603 1541 1570 1260 1702 468 372 181 620 2677 1882 2468 298 1188 1884 922 973 1284 1697 1456 2268 750 334 37 411 1308 980 1537 1082 122 448 459 2118 2167 1797 1763 732 1084 2194 1285 1380 20 476 275 281 1911 669 1891 167 1090 2706 956 1227 586 1858 796 475 1610 443 650 690 205 1083 1502 1184 2043 1153 1205 423 1015 1723 510 661 2261 2810 2313 2346 2303 1916 2823 2179 1080 2726 2691 2791 2666 454 2535 1536 2816 2171
2548 2298 2185 372 2517 2363 1520 2727 1684 1411 1 1129 143 1440 795 2529 2584 1572 2460 2158 2399 386 234 557 307 913 1619 1925 879 2215 342 1694 2844 352 551 46 667 1360 741 349 1982 2139 969 2385 1947 1863 892 2092 2468 1539 1630 2833 718 837 2371 2484 2189 1009 1291 267 2269 1238 2834 2801 299 2524 264 2797 203 891 2431 1615 2455 1349 1660 2635 1366 1815 2633 2412 697 223 2226 888 1776 2063 133 1622 1215 2403 814 796 1514 1814 2616 958 1816 787 1629 1242
2827 1856 2441 2111 95 596 1593 310 1743 983 2547 2190 2745 88 1999 2202 695 1476 1176 2785 132 1749 824 1914 576 1103 1804 967 1693 777 1197 2149 739 1719 1996 2235 1631 2422 792 1093 291 499 1091 1689 1304 91 2296 2430 1343 1535 832 184 407 60 2024 2737 63 2021 24 1019 2260 1728 2756 2143 949 2413 1597 2656 2472 2112 135 1231 2224 634 940 540 558 2242 1116 2615 1383 2281 683 426 617 1478 198 1685 213 465 1945 1867 1448 1714 1296 2016 1004 1898 218 1672
2479 1704 1532 1335 2250 28 2557 2228 238 849 503 1563 505 152 458 2819 711 313 2500 633 2099 1741 1896 587 2552 330 772 2181 523 1339 2119 1708 2365 972 354 1680 1827 734 2674 847 1376 2283 2689 705 2716 2370 532 2191 2527 696 175 81 2322 2177 671 2681 92 1956 2534 2742 2814 2028 2193 68 2592 602 2052 1111 1917 261 2062 1789 1117 968 331 131 927 1332 268 159 1831 2391 726 1655 1297 1955 1817 553 326 1143 1010 655 2565 1503 1314 1746 771 1929 1011 1730
1938 1443 1833 1747 889 2686 767 277 2496 2702 211 431 369 2532 2315 2510 1460 1989 2 18 70 1842 1125 1753 2663 2818 2478 2777 951 2772 2077 1834 2015 1980 2757 1252 1759 1557 601 1035 1390 1839 2622 2561 2685 1976 1418 461 1548 2149 1845 315 2671 1114 684 250 853 39 2556 931 1872 578 1767 1340 2288 1975 1165 121 769 1413 1720 2302 1821 760 2388 1952 522 1788 2808 164 433 2016 2352 1431 269 193 1399 848 1847 907 2128 536 2624 1922 2289 156 988 1417 1508 990
2174 57 1861 210 1580 133 1234 2418 280 2461 1034 2456 1947 793 2374 1792 1276 493 1859 1392 1758 1930 2662 2004 421 1724 704 77 570 2125 2327 797 1664 1196 1575 2672 1375 366 756 2184 2186 548 976 689 294 1358 2330 1279 1765 746 2590 1665 801 1457 228 263 1887 1551 2039 1776 2659 859 1350 885 2356 1877 2123 583 656 2229 857 2332 1043 2206 2694 720 2321 588 1229 1072 1542 2739 287 798 1191 2548 2838 1081 1193 2541 2493 1348 170 1576 1432 1345 934 2581 1086 150
1477 1113 2494 2421 1949 1960 1038 1754 2503 909 1041 1616 244 1757 2115 882 2620 1591 1922 594 123 1255 851 1696 1687 986 1232 1400 40 398 1458 2150 865 844 423 629 327 1462 214 2386 2671 13 1866 640 1139 2571 420 2348 1272 1426 509 609 750 23 148 690 334 1605 281 1397 2152 2457 1766 762 84 117 1488 676 2464 300 323 2725 5 1889 2203 745 1199 1515 1602 2677 1326 796 941 2768 2101 1603 1953 1537 498 466 1198 2751 2828 933 1541 957 2161 2210 2448 2278
1141 2070 1506 2669 1612 1780 1274 2025 1918 192 61 1505 207 216 225 27 1787 1262 2396 858 113 2794 1127 654 296 455 1273 356 1472 138 1598 383 2698 200 1961 1282 408 2232 618 252 2611 653 49 625 2316 782 1018 2311 1021 2017 2467 2765 1297 346 290 209 1024 679 1692 2715 822 1026 2565 1356 495 643 525 2137 799 1140 2690 1503 430 1568 561 1917 1875 1048 1022 412 33 1378 418 239 1216 1168 1299 131 1435 1972 2062 771 2164 1248 721 974 2402 2821 533 1781
1178 1990 2700 2437 2422 2523 34 1224 1672 2180 1713 1116 1838 1714 47 683 465 1836 1914 2129 1449 44 1057 16 2317 832 2785 2249 1346 1447 1535 2202 761 1469 88 1476 1483 1183 376 2745 2190 676 777 1996 830 983 1450 603 2547 1620 751 230 1176 1678 1732 1073 2281 1482 2275 291 1180 824 1091 2495 441 2080 576 1523 132 926 564 1693 2383 269 39 76 2695 95 614 1357 1818 490 540 83 695 1538 2653 1856 2288 590 2621 87 2752 596 1548 581 2114 2802 1147 2174
1524 203 1629 154 2749 2740 2444 2727 1520 307 1 342 551 2399 2548 1059 2158 2710 352 1375 472 1572 685 2215 234 1509 741 1811 1619 2385 913 2189 2431 667 1925 1421 2709 1863 2371 2844 2403 160 891 1803 1078 795 226 476 127 2776 267 1373 687 428 1539 888 2460 2473 1349 1295 1540 2266 641 1947 262 557 2468 1861 2576 814 669 1215 2797 1862 2094 385 2834 2801 879 798 1982 1238 1291 1807 2340 1355 158 2363 1571 1622 1530 2198 1589 2269 956 1129 2127 242 892 2253
2691 1911 1267 2355 796 629 2362 2167 144 2420 2593 850 2677 2512 1504 459 2268 1006 1697 1308 2318 1387 1090 1082 1763 1380 443 586 922 320 281 222 37 1682 1479 1200 1305 1436 2218 2096 2449 836 935 2071 1188 2432 973 2156 2535 1098 2132 1790 1474 1170 1718 1456 2750 1284 745 1285 1709 1933 2201 258 1321 448 2706 2645 755 946 256 8 852 2446 325 298 474 2161 1052 1320 2631 2452 724 73 1671 411 1676 630 1750 1077 595 1973 2342 99 1570 468 599 1425 981 2815
730 338 1466 1325 1455 336 1442 1498 2516 1526 2377 535 1511 1670 1969 248 568 253 1133 406 365 1068 821 1527 2341 811 1131 937 410 112 1779 648 1040 605 870 2145 1309 1783 1424 1385 610 1110 94 1992 2102 435 1850 800 2830 717 1634 2560 1079 1379 1243 773 1165 2302 2763 2151 1966 678 2299 1020 1573 544 2788 434 749 191 1794 2290 1581 519 1311 2746 392 2549 1007 2364 2680 1968 2095 2219 2730 1005 673 257 855 1894 1707 593 881 538 843 2251 709 1142 2243 2519
2510 431 70 1839 1125 1753 2561 2777 2772 1842 2077 2478 1035 18 2757 1557 1390 1252 2 1834 951 2663 2818 2622 601 1759 2015 315 2161 277 2315 767 1075 1413 1165 2702 1895 269 769 1938 121 1391 191 369 1980 1443 1833 433 684 202 2546 2276 536 250 1548 1747 2302 1845 1975 1460 2314 1117 1955 2289 39 2579 578 2323 1976 737 581 442 2149 374 1186 193 211 988 1340 1683 569 1801 688 103 1974 2016 164 1065 1418 2504 2685 2471 1314 931 990 1767 1130 1323 1656 1132
2044 2528 2411 2501 1934 659 1644 1656 85 1624 2790 1102 312 188 2832 987 2817 556 817 1926 635 943 1405 1407 1319 611 2213 1386 221 547 2300 2082 2270 1552 2012 992 413 1983 2011 2046 224 2631 1817 1617 136 2779 1782 2397 1208 155 1092 1381 1417 128 2574 1582 2419 1993 1623 630 1788 2599 51 1902 2358 2707 1501 169 1711 860 562 606 1484 2241 2836 1586 1658 915 1414 854 1489 497 2001 2222 1428 197 2088 1640 305 622 445 2439 1881 2400 488 1422 1878 2515 559 2034
1769 1354 952 919 2778 1531 748 2328 2491 1063 1179 1578 1851 1977 930 2252 1791 1657 928 887 2065 1651 2729 2682 118 841 1579 1470 1583 2097 982 567 2379 9 945 808 639 2792 916 114 2647 1920 1770 763 998 2042 1585 2723 1667 819 2575 227 1528 2225 1211 2310 311 1854 2349 1210 875 566 579 492 517 2459 515 1154 1367 2488 1368 512 2711 382 528 923 2618 513 2026 1209 2559 2304 2658 25 975 1970 156 2416 1239 164 778 2775 159 7 2028 326 2577 151 1415 2165
2185 1129 2298 1411 2584 1684 2529 1440 386 1694 143 2517 718 1360 1630 2616 1445 787 1294 795 697 810 2271 30 638 1446 958 1112 665 2363 2619 1514 2481 372 71 1939 1258 1270 1215 2246 557 2460 741 1619 2801 1278 1925 2139 1267 1863 2468 2844 2727 1520 879 264 299 2833 2385 837 2524 1947 2484 667 1982 263 2158 1735 2371 1549 1196 1542 1009 2412 2092 2269 1814 1295 1 888 1122 267 1887 1776 1350 1744 5 342 991 1807 2595 2189 2455 46 969 1191 273 1622 2590 2797
1145 2775 174 2636 1415 460 2009 156 164 72 172 2722 694 1784 2577 1241 1688 1808 2274 1404 1100 2747 1089 1155 2098 612 1023 1047 208 141 2055 2163 595 816 1510 1085 2587 453 401 1717 2655 1628 1160 2679 731 1976 823 1163 2122 1903 2469 177 2126 760 666 2829 981 1872 399 461 99 1599 477 2074 2452 73 2218 1182 380 1233 1339 437 1436 152 2071 2144 1003 983 2799 1974 599 2105 2774 968 222 184 707 1956 671 1741 2537 1305 1933 2827 699 1879 2742 696 1461 2003
1882 956 2823 448 630 1200 2268 459 2573 1284 2623 1015 1084 2222 2791 20 2118 298 1205 1456 2303 1610 2030 1280 973 1880 1285 167 1884 38 980 1995 205 1425 2476 1170 1525 2167 1697 2749 924 2691 396 275 37 1570 669 2627 2261 115 1260 2572 1400 1449 122 1858 327 2740 2678 1659 2425 1006 661 1025 1539 1802 2194 1180 83 796 2071 1153 874 2432 42 1387 2204 476 836 1128 1471 1709 2801 2420 2453 1308 2468 922 300 2197 1082 1380 2168 1487 2263 2101 1278 2831 1077 2726
1525 2572 2623 1371 1280 2263 2678 84 2141 1726 2502 2386 1084 941 2152 2374 2448 1198 1205 1659 2030 1083 1605 327 785 2303 2203 117 1251 1866 844 2348 732 2791 1113 275 45 1064 762 1364 2522 2841 2425 1199 689 474 1184 2831 1758 1139 214 106 2056 2761 1880 582 2115 448 96 2567 2705 181 2476 236 183 1960 2116 2498 1602 150 294 300 1702 2004 621 1365 2229 2182 2125 973 1802 663 1979 133 2401 387 2562 2688 1768 1032 1953 2060 1560 1536 2760 620 2457 1380 298 2612
751 1178 777 2437 1996 2422 2700 230 1672 1990 1836 1091 2281 2785 1914 926 1057 564 2523 34 1818 1116 1713 1224 39 1714 47 2495 1693 2202 465 1180 1357 1838 2288 683 2129 88 2745 2180 2190 76 1476 1346 2317 16 1183 983 1176 761 832 1593 2656 44 1535 1856 132 2547 1447 376 1538 824 1450 830 676 1482 596 1743 1483 2441 1523 441 576 2827 2080 2249 2733 2239 1449 187 95 1678 462 2149 1469 739 603 2383 2111 2242 32 1517 1073 1732 2275 902 695 310 2033 1147
2827 2441 1856 2111 95 310 596 1743 2190 1999 2202 88 2745 132 2547 983 1476 1176 695 1749 1093 2785 1693 1103 1914 1593 824 576 2149 777 407 1631 2422 1996 1343 291 949 832 1535 2242 2656 783 2737 540 1197 2112 940 1091 2016 1898 1804 2374 1019 60 1434 1004 689 1116 617 1298 1672 63 1513 1713 1561 683 1161 2125 198 1714 967 1224 1773 1087 2039 751 1847 465 34 2733 1334 462 2523 1760 2114 1930 2004 2281 1795 1838 739 39 1333 75 2224 792 1758 954 2615 1665
1470 1531 887 9 1667 819 2792 118 748 2575 567 1585 1579 841 2723 1791 1770 639 945 114 2647 1920 998 1578 1354 1769 952 919 2328 2065 1583 2778 1528 1179 2491 1063 1854 808 916 227 2252 1977 930 2682 1651 1851 2042 1657 2097 928 2225 2711 763 2729 2379 382 517 566 778 982 492 1970 923 2074 515 2310 2459 2304 2026 512 1154 975 2349 1233 311 579 437 73 1209 513 1211 1599 2416 380 1210 2618 875 98 381 2559 1367 2147 1368 2165 2415 2488 781 422 2380 1864
2252 1579 1583 1769 9 1578 639 841 1179 952 2647 1354 945 2491 1977 2328 1651 1920 2682 919 1770 114 1531 748 1063 887 1470 998 2778 2097 916 2792 118 930 1667 1585 1851 567 2723 1791 1528 819 2729 1657 2575 227 928 2042 2065 2379 982 763 2225 492 808 2459 515 2310 2349 1368 1854 2488 1154 579 566 2462 1367 311 2026 1643 2165 923 875 1344 2711 517 2334 512 25 1031 98 1239 382 2803 1864 2304 513 1209 2361 781 910 975 2416 1819 381 422 2585 1970 1210 247
2827 310 2441 1856 1593 2111 95 596 1693 2149 291 832 1743 2656 751 1999 617 1535 2542 2016 2242 1103 1334 1561 1197 2547 132 983 1176 2190 2202 695 1346 1749 2112 1914 824 1343 1631 1019 576 2745 88 1004 2737 940 1476 2785 949 63 1434 783 1093 540 1773 1298 1795 1513 954 1685 465 1760 1333 2129 182 1847 1712 1161 149 777 499 1116 198 2114 75 1087 1713 739 39 2497 2022 2125 683 60 1672 407 2224 1714 93 2004 689 614 2281 1758 2422 1930 2039 1836 2493 895
640 13 2520 1272 2210 2671 828 377 2828 2578 672 1374 2602 1668 933 865 1754 370 2047 323 2421 1949 1041 1189 56 1038 2032 1337 1249 2038 2428 2083 2629 1910 2570 1399 2031 2795 2120 964 2335 1329 2221 1070 1764 1429 2839 2798 353 358 2423 776 2539 698 1541 743 2415 340 955 1221 1819 332 98 1562 729 1952 932 2387 1521 429 1049 159 2054 582 289 2677 1890 878 546 142 802 196 2132 21 292 1065 1864 886 2568 2359 554 2267 2687 2217 1704 820 302 1929 681 2108
2840 445 1663 1328 2707 1623 2241 1993 947 1444 1617 1045 1679 2011 1054 550 2515 1422 712 2767 1782 51 2836 1658 169 197 735 1649 1640 2050 1381 463 1218 2130 2837 1261 1544 2439 1552 1369 155 2289 305 645 179 860 2650 1417 2454 260 2628 2714 1489 440 480 1840 900 2769 2826 563 2649 1486 1788 562 659 925 1437 26 1870 1796 556 1208 2375 2713 1860 348 433 1569 1710 1307 518 64 489 134 674 439 1878 2088 259 2397 1895 1051 2544 2538 663 1948 943 1468 2133 992
1510 595 208 2655 823 2469 399 731 2587 1717 2126 1160 99 73 760 1872 2163 2074 981 1599 1233 1784 1628 453 437 401 380 1241 156 164 2055 694 2577 141 1023 460 2722 72 174 2775 172 2636 2009 1415 1085 612 461 816 2098 1047 2122 2747 1976 177 2679 1903 1163 477 2829 1145 2642 1688 2452 1808 1404 2274 1100 1155 2218 1089 1504 222 2537 1436 2420 571 975 2668 755 2161 320 747 599 2750 429 2362 566 1154 1305 1387 311 2318 2512 1321 21 1065 850 1682 554 2304
807 285 6 2643 546 1221 2666 650 1891 582 2171 1260 2816 2043 2810 759 2346 1723 820 1916 1603 468 1541 475 1702 2841 1188 181 620 372 1882 411 922 1227 1153 2261 1284 2194 1761 476 669 1858 732 1797 1456 661 334 122 1570 37 750 1697 1763 2313 1844 829 1865 298 1083 1884 2468 956 2677 980 1768 1082 2268 1308 448 459 2168 1084 2387 2167 2476 1537 1286 42 506 973 2118 1610 2425 1090 2823 1283 510 795 2634 2727 20 1108 1911 1629 2761 1059 2222 1502 2726 636
44 16 2317 1447 1469 376 2249 1483 761 2437 1178 1990 1057 1836 1672 2700 1183 1224 1713 2422 1714 1914 1116 2523 1838 34 47 683 2180 2785 830 1620 2202 603 1732 1449 1450 1073 88 2275 2745 2190 1678 1535 1476 2129 983 2547 60 1346 832 1147 1523 1482 441 1176 824 2695 465 596 339 95 1996 2080 2441 132 1304 483 1856 777 83 269 845 2239 599 2446 576 2281 2573 863 1646 1103 291 1693 834 39 2518 2096 2383 2111 1120 695 2537 1980 1380 2827 94 1300 2268 2452
2840 445 2515 197 2011 463 2375 1710 2241 1663 1045 1552 1328 550 2289 1788 659 433 712 900 1417 1617 2707 1437 1623 1208 1983 2397 860 1486 2454 1679 1489 1658 559 1369 2574 1422 1701 1782 1381 1895 1656 735 489 2767 2826 1307 1054 2050 1092 260 2817 2544 645 817 1029 943 2836 2419 674 188 1870 2130 2133 1993 26 1934 1190 2714 2832 556 348 169 1444 480 2424 2652 947 51 2790 1218 563 221 2753 1624 134 635 179 2769 1405 1644 2084 1926 2628 1544 2439 2528 2650 1948
2755 2045 1584 2023 747 1407 188 1656 2817 556 1934 2790 258 85 817 943 987 1405 1319 611 1644 1624 2528 1102 1796 1320 2044 635 659 1926 221 547 2832 2411 2270 2501 1386 770 2082 312 2300 2545 463 2564 1489 2397 1092 2544 414 1422 1788 1552 2034 977 1617 1564 2344 1428 259 996 2530 1414 1983 606 1029 860 2574 1710 2454 2358 319 1417 1208 2800 2735 2670 550 74 992 2007 2769 1328 674 1151 1491 2652 1046 330 2131 622 289 2099 536 1782 1390 900 197 524 2011 1313
1814 2844 2731 2797 1122 1589 2371 2403 1735 428 1982 2139 2092 299 2412 1549 267 2576 2833 1238 1291 2776 891 2269 667 687 262 2455 264 2484 837 1009 2385 741 2063 888 1925 1619 1815 641 1863 1622 1373 2771 2473 991 1159 90 1295 1509 1807 879 1338 1 226 2460 2175 234 1520 2727 600 1572 472 342 2486 557 403 573 352 2100 2223 913 2338 1698 2399 17 2811 1803 846 1571 160 1025 2253 642 1539 1409 317 2215 551 1421 1078 1994 2431 2158 1095 1660 195 2094 2189 2255
1583 998 2792 567 1791 118 2252 2018 1063 1531 1854 2146 2551 1651 2284 719 247 1970 382 517 1289 2065 2711 748 778 2682 227 2008 1354 916 764 1179 952 2778 1977 1403 1769 919 2097 808 1657 1578 2042 9 887 2491 153 930 928 2328 1470 1579 2729 2310 1507 2550 190 1534 1157 982 35 615 1351 1851 1577 841 1359 639 2603 1915 2824 1493 2379 914 1920 2585 1528 2019 2647 107 1177 2604 945 2793 2414 2225 1667 875 873 1585 723 1566 1239 871 812 492 1367 975 1368 2349
1721 2809 1876 1473 12 1390 1753 1125 2622 1055 2478 2077 315 2728 1759 2772 140 2777 121 1868 2051 1944 1452 2757 1165 1557 2499 271 1175 70 2561 598 1252 974 191 1942 494 589 1439 988 526 1951 193 1408 994 1793 1834 2683 1881 2069 864 2719 2624 2315 2015 727 2580 725 531 485 1998 1931 2294 2090 688 2440 1677 18 569 574 2054 2415 790 2057 2704 608 901 1223 1874 536 1306 2220 1771 939 1075 2367 2653 146 447 2161 2589 1895 508 601 1892 1235 274 297 1845 951
1022 753 2467 1378 346 2690 2821 2398 108 2505 2465 628 1220 478 1438 2634 402 467 758 363 2407 52 471 936 1008 2301 786 1048 1918 1662 2632 840 782 1481 1692 1018 389 655 2765 484 418 2611 138 89 2285 1039 1465 643 2244 430 1612 53 2429 2059 1026 1356 534 780 2687 2070 806 1730 1395 452 1472 1140 331 1503 295 2669 1275 225 1929 726 2806 2142 2025 455 999 1024 2232 1303 290 1921 2061 192 268 1317 61 2565 1262 1568 2062 1506 1789 654 2402 1756 1655 1787
67 627 202 1075 1810 1012 249 1406 2583 2509 1001 2121 2350 1055 1944 725 2728 2294 2748 876 1959 899 1212 137 1390 2558 165 1905 2719 1120 1809 1130 86 1869 10 2622 116 494 1759 2292 1557 2319 29 1753 2757 315 112 1606 2329 2240 2135 692 1125 2624 1845 12 2057 1252 1223 2315 1323 103 2741 126 1165 2598 688 1834 1805 1874 2533 1410 145 960 2478 1076 2143 1235 2772 2451 297 2518 1573 804 1473 2077 730 24 1767 87 2033 2506 2637 1452 590 800 1532 2805 1067 2320
1721 2809 1876 1473 12 2708 682 2057 494 1874 368 2438 2622 444 657 1390 974 2435 1555 121 146 1725 1899 1944 997 2507 1433 1075 2143 1892 1185 173 1759 1904 536 2728 2757 202 2719 2580 24 2089 426 2526 988 2552 193 627 1627 574 696 2291 1597 1012 1592 2478 2683 2500 2704 491 2028 523 622 1613 1406 249 2220 2021 569 1165 634 1810 2077 2561 662 2735 1906 1753 1253 1839 1223 2509 2756 1018 939 1055 2024 1236 1771 1931 2772 1463 1452 1777 1708 608 175 2090 553 2777
727 658 589 1175 485 1306 1361 1951 1451 2000 1559 293 1106 1798 2787 962 1230 2323 2054 646 572 614 1115 1389 1394 1137 2546 1300 1683 1786 2113 1213 2066 2644 2178 2072 2114 1971 304 2277 581 1257 529 545 2242 395 1801 1334 737 789 1207 483 2540 251 714 1353 2784 803 2656 1558 2409 2040 898 240 2149 2759 2381 2579 1427 2504 1693 215 989 364 1087 1900 374 766 407 328 436 1898 1883 341 44 853 2238 39 1093 1166 1928 101 783 16 2161 1357 2022 1561 1447 1469
1453 2713 1490 1860 2376 1901 2433 2309 201 2034 2545 1796 2556 2721 1569 100 64 715 2815 1636 2272 48 562 1316 439 1496 305 2213 1948 1965 563 155 2826 1416 1051 1878 1148 260 1096 1640 1123 2088 194 2352 1586 168 1218 2650 2289 659 1840 784 2628 2241 900 1993 497 1381 231 992 51 486 2337 1658 674 2046 1307 978 645 1710 747 2707 1437 1486 1552 1261 559 319 2358 1782 2732 1623 1584 2007 906 2076 2767 2419 445 663 1544 2652 2515 1848 1617 2439 184 2004 259 2631
2441 2827 1856 2111 95 310 596 1743 1999 1749 2547 2190 88 2202 2745 132 1176 1476 983 824 1103 1693 695 1593 576 1914 2785 2149 1093 1343 2737 949 777 1631 2656 940 2112 407 63 1019 1004 1197 198 291 2242 1434 1535 832 1996 2016 60 783 540 1760 2422 1685 1298 2497 954 1304 75 1712 617 751 1333 149 689 182 1713 1116 1672 2374 1091 1561 1898 2125 1204 1804 1334 1727 2542 2022 683 1665 1714 2582 2004 493 2114 462 376 39 1483 2281 570 1758 1836 2615 2733 1930
430 331 655 1097 1293 1143 326 1118 159 580 1822 31 2062 999 1297 2715 1124 1967 2236 1692 726 478 1037 2053 390 1475 1715 1635 1972 2061 1647 2402 721 2301 1921 1730 504 1011 2407 1050 1187 1929 1008 782 1648 2406 1140 753 1472 108 2806 1756 2398 1018 2611 1395 936 295 2687 1317 643 2505 2465 455 1918 1026 1303 484 2632 1831 628 363 1662 467 1048 1275 1655 1789 138 1378 314 927 2634 2470 1220 1612 471 1262 2765 402 1755 799 1438 2467 125 840 806 758 786 346
1349 234 1 1572 2399 913 1520 2215 2727 2158 307 2339 46 2466 342 551 511 352 1618 1540 892 1059 1095 2253 1409 2340 195 961 2635 2223 2834 1698 1615 349 223 1524 2226 1539 1025 1629 2372 1994 203 1571 969 2338 2444 1101 1514 127 2524 2541 573 2517 2801 17 958 1215 2710 2473 1509 697 685 642 1807 273 2255 1270 1129 1167 1811 1291 1630 1295 154 2104 741 687 1238 2100 267 1360 90 1939 2246 30 600 414 2138 71 1060 718 638 1242 1803 344 846 2298 891 2781
1944 2294 1055 1056 725 2728 2558 2207 2766 165 1825 204 2825 1130 1940 1986 2135 137 447 899 1212 2842 1606 2580 116 2741 1452 2813 2041 146 2248 1463 1841 2382 1935 1899 1547 494 2435 1134 1464 2708 1937 2286 2511 686 1076 948 2569 2438 1185 2506 1223 1874 1639 1592 804 246 682 97 329 1067 2393 491 2736 362 647 2258 1777 140 1868 2057 2639 2683 657 1126 677 2291 722 79 2292 2068 574 2436 2665 974 2305 692 1876 2827 2744 1733 2598 2441 310 2838 2239 777 1601 1901
1113 1477 2494 1960 2503 909 1922 2620 1616 851 2421 1591 882 1757 1687 244 1458 327 1232 1949 40 2115 2386 594 1400 1696 844 2571 123 281 1139 762 2101 84 629 1144 2152 1255 2677 1462 986 1426 398 379 2150 214 1605 1397 1866 2036 702 5 781 420 931 423 2203 1864 690 2502 1423 1371 835 117 531 1198 796 2656 2161 676 941 750 1767 1114 1954 300 148 2149 2751 1519 1326 2457 1344 1830 2768 1979 1601 2348 1541 2000 334 1488 1010 2160 1515 23 745 1754 574 2499
757 754 1728 1231 1533 2756 2021 2320 1149 2533 29 286 2673 2172 218 2024 967 1804 24 2143 293 426 2430 634 1597 135 558 80 1296 2295 1689 119 1383 1719 213 1984 707 2413 2472 1898 1312 1265 2277 2638 2235 2408 1478 1849 184 91 240 2260 483 2354 424 1829 1801 2784 1867 1448 1093 252 646 2054 853 792 444 739 19 983 304 2799 789 1945 2296 1722 520 1168 1299 1839 1182 1088 1266 695 2323 1555 2178 1427 1300 536 2561 2615 316 1252 2640 2787 1091 1725 414 251
1579 2252 9 639 1769 841 1578 2647 945 1920 952 1354 1770 1179 919 2328 1583 2491 114 1977 2682 1531 1651 748 887 1470 1063 2778 2097 2723 1528 1585 998 1667 916 930 118 819 2792 1791 2575 1657 567 928 1851 2729 227 2065 2042 2379 982 763 2225 2310 808 311 515 1367 2459 1854 492 2349 1368 1154 566 875 923 2488 1211 1210 579 910 2304 1643 2711 1239 517 1042 2618 512 382 975 2081 2026 69 159 1819 2775 1864 326 809 2165 156 2462 1415 2559 1402 2103 2334 98
2783 1539 511 352 969 2473 2226 2431 2104 2460 1366 1816 385 2524 961 2363 1421 879 1660 1242 1480 2709 1619 1572 226 1 1925 1520 557 2607 2158 46 913 2727 2633 892 273 1863 814 2138 2339 2834 234 223 2468 342 2340 1615 1078 160 1815 307 2266 867 2399 1530 1349 1009 1291 551 1238 795 267 2466 2215 2517 1059 667 1540 147 2595 837 2094 891 2484 1618 537 2403 1982 414 2455 741 372 2844 577 2781 264 600 1159 2372 2801 2548 1811 2738 1324 1629 2100 349 403 2635
2093 394 1879 607 1906 530 631 446 2392 2049 1518 1301 1604 2796 2282 2596 451 2357 1058 2140 1290 1981 921 1017 1567 1237 2064 1909 1613 662 1119 1978 2660 337 271 1132 536 2090 193 1742 124 1892 1060 2343 682 988 2822 1618 220 121 2089 345 1588 2692 2438 984 1088 569 2781 444 1099 391 2609 2682 2212 1847 1327 235 2530 1771 1513 996 1540 1491 2625 1473 961 2543 1161 400 1002 255 643 2784 1904 997 1268 2814 175 608 1677 2507 1800 1931 2809 1101 2183 2648 734 204
418 1481 52 2059 534 780 1465 806 2429 726 2244 1022 484 999 1662 53 786 346 2821 225 2690 467 2467 363 1475 1378 2505 2465 2025 207 192 295 2765 2669 478 61 455 2687 430 936 1008 2285 2070 2407 758 402 290 1730 108 268 1787 2301 1011 753 131 655 1929 2470 1875 1438 1275 1024 331 314 2236 1506 2715 1843 389 1789 2806 840 471 495 628 2396 2398 31 2634 2698 1124 1220 1655 452 1273 927 2565 1692 1831 390 1612 782 326 1918 2053 2531 2693 1262 464 1635
1656 2790 2528 1934 2817 2411 1102 2044 1644 2501 817 1926 312 2832 85 2300 1624 943 987 188 221 635 1405 1407 556 1319 2082 2270 611 1386 547 659 2012 630 1146 1752 2397 197 1983 2011 1782 1316 2375 1092 1552 2454 1208 1658 2631 463 1948 1381 1417 4 860 1416 1737 2367 2574 1422 2241 433 550 51 2779 2714 2213 1663 1328 2836 2069 1710 1617 1414 1489 1437 1788 1895 26 155 769 2707 2556 1623 1993 626 305 224 1096 1369 2289 2767 712 518 413 2419 559 2564 2769 2034
1482 2080 441 575 2383 1523 2754 1691 2695 2395 373 584 845 1016 1120 393 1244 2019 2518 1147 2136 1678 830 1450 1732 2275 1646 1073 603 863 1620 2550 2641 397 2176 55 1507 1104 2604 728 490 339 1177 1669 107 1194 2281 2414 834 902 2033 87 541 917 590 1943 187 83 2733 993 1410 32 1950 2802 1057 1919 1467 2684 1277 2239 462 2106 379 1517 39 2525 861 1169 736 2495 920 1382 1914 2166 1748 1996 775 102 2752 2785 777 1254 2586 2073 2288 1538 2310 2780 835 1626
659 2213 2044 2545 2034 2411 2528 85 1656 64 1624 2501 1934 1796 2433 439 987 188 1644 2790 562 48 1569 2721 1552 2713 2817 100 1102 312 305 2832 715 155 556 2046 992 1584 817 635 51 1901 2309 1860 1926 1640 497 2023 1586 1993 1405 1490 1407 611 1319 2439 2631 201 2241 547 2376 2650 1381 1386 1453 1658 1617 943 2352 1878 2270 1096 563 1782 1948 2082 2300 1544 1416 2272 260 674 1422 1123 221 1897 1840 2836 1623 2707 1636 2556 1362 2011 2826 2289 1218 712 2088 1679
2823 959 1703 1288 2425 2216 2476 1865 1363 2197 565 1108 115 1995 1797 1283 1560 229 38 398 2612 1217 1286 1260 506 333 856 171 861 621 2831 2387 1761 2401 1907 1987 468 829 2705 1858 2313 1153 815 2503 1880 1844 2760 481 669 42 2261 661 1449 620 1251 2194 181 762 183 2168 309 744 300 2079 785 2571 1227 476 894 2182 1927 1032 2116 2153 807 752 270 2141 2608 1199 1364 1318 411 732 1315 941 236 2060 2627 924 685 2688 1084 43 2268 448 2278 2839 1188 592
655 331 430 478 2301 2407 1008 1097 1293 326 159 580 363 108 999 31 1143 2062 1822 2715 1730 1692 1118 471 484 1438 726 753 2398 2465 2505 628 786 1662 467 1378 1220 1011 1967 2236 1297 390 1022 402 2059 2687 1635 1715 1026 936 1475 1395 2634 455 1929 2765 53 1050 2429 1018 504 782 1465 1921 2053 840 758 52 2285 1756 1972 464 2632 1706 1124 1831 89 1048 2244 418 1140 1037 1317 389 1789 1918 2402 1655 721 2061 2806 927 806 1275 2406 1648 2611 1187 534 643
239 2164 2794 2091 1781 654 525 653 1274 408 1282 1127 49 245 356 296 2311 209 139 2396 1961 2280 2173 383 1787 838 61 113 192 2025 1248 2669 1435 207 2070 625 679 1240 1356 252 495 2531 290 1505 1011 1141 225 2137 1647 449 1780 2402 1598 2279 822 2698 1972 721 1875 1273 1168 1299 1216 2693 27 1555 1921 2232 799 1037 1143 580 131 1124 1118 1924 1635 2236 159 1967 1475 1050 1317 1843 241 268 2285 2142 326 2335 1813 216 858 1097 1789 1395 1022 1472 1822 2053
702 1908 835 931 1830 284 848 1107 1114 1767 903 1845 768 1340 2601 2471 522 126 990 2624 502 688 65 2667 1235 2276 297 103 1310 1323 1254 578 1512 1186 1608 2388 1413 1391 1821 2314 1720 1975 250 684 1406 1759 1075 1390 2622 1557 1165 2302 191 315 1012 2224 2757 414 1670 1334 249 1252 2315 2323 2299 767 2015 277 2495 2151 739 853 1243 1065 601 2561 1801 2016 2161 1516 568 1834 293 1120 2121 36 2350 2149 1689 1256 749 1418 800 614 258 1236 1969 571 593 332
6 2643 285 1221 759 582 546 807 1702 620 181 732 1083 1603 2666 468 650 2346 1916 475 1891 1541 2171 1723 2810 1797 820 2816 2043 1570 1260 2841 1768 1882 750 372 334 2761 298 1188 411 980 2048 1884 973 2677 1858 922 2807 2313 2261 636 1536 2278 2502 2194 42 2118 2179 1139 1610 1184 1284 1285 37 1227 1697 1153 2303 2387 1015 117 1456 2152 1761 1865 510 1502 148 1537 2425 941 1283 122 1488 1084 270 2688 40 956 2476 1199 2203 844 851 1591 423 448 2268 1738
1475 806 2059 484 534 2687 2236 726 2429 999 467 53 1275 1022 1662 314 268 1730 1647 1789 295 1655 2244 131 1378 1929 1273 2773 780 2061 2402 927 1972 721 1831 1875 782 1018 1692 1303 2806 1961 1124 239 1011 2285 1967 252 2301 1274 2765 653 1050 2407 1465 786 2505 2465 2698 1472 452 1755 2091 331 418 1635 495 390 1127 1240 363 1843 2794 2693 2632 1037 643 2531 1715 2611 2053 1787 108 1481 618 504 1756 628 464 1612 2406 1918 2398 625 1024 753 455 1187 1921 290
418 225 2025 1481 61 52 207 192 2669 1787 2059 534 806 1506 780 1022 2429 290 653 1465 726 484 2396 1662 53 2244 999 346 2821 2070 467 786 2690 2531 2794 1011 131 2467 1875 1918 2285 1780 1378 455 2765 268 1475 2505 2465 654 296 1612 295 1274 2470 452 1024 356 2091 209 936 408 758 383 1127 495 1282 430 838 1141 2687 2173 1929 2693 478 402 49 1262 2236 1275 245 239 2698 389 2634 2565 1273 1843 1124 858 1356 840 1730 799 331 753 1140 363 139 525
1489 1417 860 1788 1701 1710 26 1870 348 925 2769 2454 1369 2714 480 2649 712 179 2538 663 2050 550 2130 1045 2241 769 433 1422 2289 2840 445 735 518 197 1895 2011 1328 1552 2375 1617 1623 161 2707 2650 1782 463 1437 1679 1658 1663 2836 1029 1381 2397 1486 1208 947 1569 1054 1092 2544 169 900 1993 659 489 674 168 64 2826 1627 51 2482 1656 2084 1544 1307 2652 1218 992 1444 556 559 2628 2837 2439 817 188 1261 1983 2358 2817 645 260 943 2790 1948 2767 524 606
239 1961 2164 1127 2794 653 1274 2091 1647 654 721 2311 1781 1972 525 2402 1240 200 245 296 356 1787 1282 408 209 1011 2316 618 2061 113 2531 2396 49 33 1780 1248 1875 252 625 1598 1356 679 2025 61 2070 1143 838 139 131 449 1472 1435 290 1917 1921 1018 2062 799 207 159 383 326 1097 1293 782 1118 1273 2173 1941 495 1822 858 1756 216 1929 1317 1692 2698 1275 2669 2812 225 1461 192 580 1974 268 2693 1187 1843 2687 655 2236 220 643 2774 533 771 2280 2017
2178 304 2113 2066 1213 1389 1785 2546 545 2022 1353 1883 1115 1228 2784 1300 1333 1161 1394 1513 483 1847 789 1951 1773 1019 1795 2277 63 240 727 1175 658 485 182 1685 589 954 1306 617 149 1971 614 2016 2504 2149 1361 2787 1451 2242 783 364 2542 2238 737 215 1093 407 529 2759 898 101 1693 436 766 251 714 1898 2656 293 1712 1166 1760 1087 1427 310 2409 1137 2000 328 1106 1743 2540 1801 1434 395 1798 1257 1900 1334 1558 1559 2040 581 1683 2644 341 646 374 1561
1146 1752 1545 4 59 1799 2389 1624 2367 1202 2082 2270 1926 817 1407 626 1737 1644 2817 987 547 556 2069 2300 2411 2790 85 1656 950 2528 2501 2832 312 1386 826 1102 2477 613 1319 1934 188 283 266 635 2044 611 221 2515 1405 2692 943 2767 947 1422 305 1328 562 2631 1993 1414 271 1275 550 1892 345 440 1929 169 1837 2289 2011 1663 2840 1489 51 860 533 290 1190 326 1730 433 1782 1617 2781 1378 2714 2721 2340 1316 2715 2650 1998 806 33 932 418 735 2735 2261
472 1059 1803 1607 1069 1341 2758 1509 166 2710 2094 1530 2444 1078 160 1355 1811 2835 127 2738 1167 405 888 537 1373 2771 2740 1828 2614 1421 2175 2709 226 262 2385 641 2266 991 2513 741 403 1295 1964 667 1807 2473 2595 2776 2731 1982 2576 2371 1925 2138 1338 342 2431 1215 428 147 2844 1863 2340 1619 2797 1025 1629 551 2255 1159 2781 385 1814 2811 1862 2063 961 1549 511 154 1539 352 2455 1815 1524 2403 1540 1589 573 267 879 2833 1618 600 2339 1009 2100 1122 17 299
1861 1947 57 2174 1792 210 1580 1724 1196 133 493 797 1930 2456 77 1575 2327 1664 2418 2461 2662 793 1234 1034 704 1375 548 756 2672 2590 280 1358 1276 1457 801 746 263 2374 1776 2004 1887 228 1392 2659 366 1877 1350 2332 1859 1758 656 2739 2039 1551 2356 2206 885 421 570 2123 1542 720 2186 287 857 2321 2125 1191 1229 706 2184 1043 859 2229 1765 294 2330 2694 1279 976 583 2548 1072 798 1665 2541 1081 1086 170 689 1432 1345 880 1193 82 588 2581 1675 2838 2127
2282 1518 631 1290 2064 921 2049 530 607 1058 1301 2796 2140 1017 451 2596 446 1604 662 1567 1981 1237 1909 1613 2093 2392 394 1879 1742 1906 1384 1554 2257 337 2357 813 1370 2696 2660 1681 966 487 942 1396 1105 660 1119 1705 243 1331 908 2782 1673 1978 2085 710 355 984 360 1614 2543 54 1739 2259 542 2458 1893 1853 2600 1002 1618 1000 734 50 124 2781 2243 220 400 2369 175 271 2664 1099 2340 682 869 2822 988 1695 2283 1615 961 1060 1650 2006 2087 1540 120 2735
1416 1096 1948 2272 1316 2815 1496 2556 1051 2352 1860 1636 1965 1796 194 747 2545 1218 2721 1586 2034 1261 2713 1584 64 2241 2023 201 1569 305 497 562 1381 100 1658 439 715 2755 1993 1422 2628 48 712 659 1782 2454 1617 2650 51 2769 1897 155 2433 2309 1362 1453 1548 1640 1840 563 348 663 1490 1901 550 2631 784 414 2046 2707 1045 221 2714 1623 260 168 1926 1544 2045 2289 319 2817 2538 269 26 2826 1328 1489 992 947 2767 2836 674 1407 2439 635 289 1552 2300 199
196 353 776 98 2474 701 1625 1819 1864 1643 910 869 781 2361 2462 2334 2081 585 2067 1344 1402 2353 1042 381 276 2103 1963 809 2256 2027 69 233 871 2264 640 2001 40 1661 941 1515 5 244 2152 1696 2841 1744 2109 84 2421 425 13 22 844 1949 2391 1139 1214 150 2677 1171 2751 609 1768 2803 2541 515 1754 2502 1667 2460 2210 1326 2363 1987 1272 2101 1565 629 128 669 2567 574 1600 850 2115 865 2385 1585 2048 1295 2162 290 975 1633 1143 2473 1591 1061 592 2431
1527 937 535 2377 2843 257 1455 519 1894 392 811 1498 605 1779 1992 1731 336 2102 1138 1871 253 773 2763 406 2145 2341 1385 1040 248 610 94 1424 1516 1634 1068 1007 1526 338 1466 821 1309 410 2516 365 1133 1325 1850 1707 730 1110 1670 749 1645 1511 800 1442 2830 1131 112 1800 2299 648 568 434 1079 1969 1379 435 2788 1419 742 717 186 1966 2219 870 301 2613 2331 2560 1020 1946 544 1311 855 1243 2549 1546 593 673 2364 2730 1005 2290 2151 2095 2746 1783 678 2196
239 1961 2164 1127 2091 653 2794 1274 654 1781 525 2311 245 408 356 296 1282 209 1240 252 1780 139 2396 290 49 113 1787 2669 838 61 383 2173 2280 2531 1011 1647 2025 2402 721 192 1248 207 618 1972 200 2070 225 1435 1356 1875 625 2693 679 2137 1598 449 2316 495 580 33 159 1505 326 2698 1506 822 1275 131 2061 1262 1141 1273 799 858 268 1692 1472 1018 1143 1555 1097 1124 27 1917 1921 1293 2232 782 1929 1118 2715 2017 1168 1299 455 2285 452 2279 2406 2062
754 1728 757 1231 1533 2756 2320 2021 1149 2533 29 2673 286 2172 218 293 967 2024 1804 1719 426 1597 240 2143 24 792 483 2784 119 135 2296 1984 789 2295 1312 1898 213 2277 414 2430 80 2408 707 2413 2323 634 2054 2354 1265 1300 1505 2472 1829 1296 558 1168 1299 739 658 1555 1598 1427 1478 251 1435 2235 444 304 1852 1383 1849 1774 2787 2540 1448 2279 1618 727 1394 853 1689 2253 2615 2638 91 1230 2504 1175 2178 625 1091 2224 695 1095 1213 2089 1801 27 1389 395
2840 445 1663 1045 550 2241 1328 1623 1617 712 2515 2050 2130 51 735 1658 1679 1444 1782 1993 1381 1369 2454 169 2707 2836 1544 1422 2439 179 947 463 1054 925 2011 197 2767 2837 348 1640 26 155 305 480 2649 1649 2769 860 1840 440 1218 1710 2628 1870 1489 1417 260 518 1701 1437 1486 2826 562 900 2714 1261 1552 659 1788 2289 645 2538 2375 559 1208 563 2088 64 1983 2419 2650 663 1878 1796 2631 1307 2397 992 674 2652 1405 1092 2046 1029 489 439 943 556 1123 1051
2502 2152 1371 84 1605 2141 941 1953 1139 2572 1726 2263 214 2348 2567 2841 1525 1866 1602 2623 1280 5 2678 844 1171 22 2751 2457 244 2386 1214 509 1515 2448 2109 1696 1198 2115 106 1616 1199 1084 785 2128 1659 117 1927 1632 609 744 96 2203 2030 327 2153 2060 894 1032 189 957 2725 1364 1064 2056 2303 2182 419 1205 2554 45 2464 1113 621 1184 2522 1365 851 323 1251 236 2705 2404 171 1661 2760 183 2401 2831 2608 1738 1979 2612 1960 2374 1766 13 1488 2791 420 300
105 2394 1778 416 1946 11 2331 1419 301 256 908 392 2452 2734 883 519 2110 1142 2243 1105 1762 1325 355 773 2793 320 664 2763 1006 599 2095 1970 7 2102 1442 855 2718 243 2679 1170 2147 1155 253 144 2453 2660 2087 975 453 2516 1850 2519 1077 1370 318 2336 1396 1595 490 2593 871 935 2537 852 1152 1404 1526 1271 869 595 2268 1339 156 94 1424 406 2163 836 2446 517 1100 1068 2096 1968 1023 1633 1554 816 1020 2487 2122 1903 694 212 2204 2696 984 164 1036 2055
1982 2139 667 1735 1122 428 2833 2371 1814 2092 2797 299 2269 1549 2844 1925 2576 1619 1863 2412 2776 879 2460 557 262 2385 1589 264 2731 2403 641 2455 2363 2484 837 888 1009 1815 891 741 2063 1622 1291 2473 1238 267 2771 991 1373 687 1295 1807 1159 1509 1338 1242 2175 90 352 600 226 2811 1078 2094 160 317 2633 1660 2255 1539 2486 573 2100 1530 403 2524 1480 2607 1421 2783 867 846 2468 1366 1862 1816 2338 1 969 385 1607 17 2431 1803 577 2189 1095 1698 472 127
1019 310 63 1760 1712 149 1434 182 954 1343 1298 2827 1004 1333 2022 1685 2737 2112 75 2441 2149 1999 940 2111 2016 949 1103 2497 783 1856 198 1749 596 60 1631 1693 95 291 2656 1304 1093 2547 576 1743 983 1197 695 2202 1593 824 132 376 2242 2190 2186 1483 1176 88 2542 1535 1542 1334 2745 1279 707 656 1727 1561 614 746 2321 2566 2582 16 1469 1914 2785 1204 1476 2125 1191 706 1665 617 1945 2615 2004 520 1447 213 2054 1087 1598 228 2330 689 1269 263 2408 540
1721 2809 1876 1473 12 271 974 2728 1390 1677 1942 1055 1472 1555 725 1917 1759 2622 1892 1753 1944 2207 608 1771 1406 1075 1012 1125 2764 202 1408 2719 2757 1895 1931 2028 1010 494 2478 414 433 249 705 2526 2220 1834 2814 2825 2051 1918 70 2558 1874 553 997 274 200 444 2057 2077 526 121 447 1956 1252 939 1692 315 2625 1439 532 840 2440 1904 1961 1223 1056 2507 2772 2294 951 81 898 574 2499 1117 994 1011 864 140 2777 533 1998 2766 2735 92 2561 670 769 1339
663 2538 480 2769 348 2714 518 925 26 2454 1870 1369 179 2649 550 1489 1788 860 1417 712 1710 2050 2130 1701 1045 2241 1422 1609 1859 1758 2461 1034 2211 735 2125 404 689 793 445 1713 2123 704 2004 1838 556 493 421 1453 280 2840 1594 2418 1092 570 1633 1392 2493 1276 1930 57 1116 683 1617 2375 462 659 2358 1665 1195 2011 2832 549 2148 977 1948 1580 2289 1197 817 188 1552 465 2397 1983 95 1743 2174 1926 1190 1169 210 1234 2826 1096 1224 312 987 2790 1576 1644
44 16 2317 1447 1469 376 1483 2249 2437 761 1178 1836 1672 1990 2700 1057 1183 1224 1713 1714 47 2523 1838 1535 2422 683 1116 1914 34 2180 2785 832 1449 2202 2129 1620 465 291 830 2190 2745 1346 603 88 983 483 1732 1450 2275 60 1073 1476 83 2547 1304 576 441 596 1678 1749 1147 1103 1300 2695 792 1482 95 1176 845 1593 1523 967 540 2281 834 2441 2296 1804 824 1743 1719 2239 1996 1773 614 240 1161 1693 2383 2827 1513 2096 1790 1633 2194 2080 1856 599 1631 269
2437 1836 1483 1672 44 16 376 2700 1178 1990 1447 39 1535 2317 1469 2281 2288 751 1346 1714 1713 832 1057 1116 1357 1224 2249 2656 1593 1693 1914 1180 761 2785 683 291 2129 564 1838 465 926 47 1818 1183 230 2149 2016 2422 739 1561 2180 1996 1482 2495 2000 1091 2523 34 60 1073 777 76 1334 1449 2202 2275 1450 1732 830 907 1786 2190 2080 1559 540 1601 792 1529 2224 1103 441 603 1620 1451 339 983 2114 2296 2695 198 1646 676 2542 1106 2518 2239 596 88 2506 2497
2421 1949 1754 1038 640 1041 13 2210 2520 1272 865 2671 370 323 2047 2828 2578 828 672 377 1374 2602 56 1189 1668 933 1477 1337 2032 196 820 285 372 353 776 1696 1515 2054 98 244 1541 5 1603 1819 2570 646 281 1221 574 2677 1223 476 2115 2363 807 1616 1764 2387 2787 375 425 1864 1326 2795 1275 2291 844 2669 2335 293 750 306 73 2415 582 669 629 2568 2380 1227 1080 1976 2014 159 1704 1768 853 2261 1793 334 1312 1153 2457 2124 2687 2149 2436 1628 193 1789
239 2164 2091 2794 1127 1274 1781 653 654 525 1961 408 356 1282 49 296 2311 245 209 2396 2173 2280 139 1787 838 252 383 61 1240 2531 113 2025 207 1248 495 192 290 1435 625 1356 679 2669 1011 1780 1647 1875 2402 2693 449 721 2279 2070 1505 2698 225 131 1972 2137 1273 1299 1168 799 1598 1555 858 618 1843 822 268 27 2232 1143 200 1475 1921 1789 1967 1303 1141 580 412 33 2061 1829 1635 1275 643 1216 1124 2236 1022 2285 444 1050 159 224 1924 2316 1339 1472
202 1075 1012 249 1406 627 1810 67 2509 1001 2583 2121 2350 1944 899 1055 2728 725 2240 2294 2329 2558 1259 116 2805 876 137 165 2637 1805 2033 902 10 1809 1212 2143 1611 86 960 2207 917 794 24 2804 2766 2622 1390 2447 2224 102 2057 2719 2825 2135 32 693 279 1905 1169 775 494 1832 1557 316 1606 1959 2525 321 2651 2708 590 2435 1753 2586 1088 2757 742 2741 1125 1410 2106 2020 379 2077 541 1372 2368 70 2149 1382 447 2684 1759 357 1874 1869 1467 371 2021 1130
1861 2174 1580 57 1234 210 280 2418 1034 2461 793 2456 1792 1392 1276 1859 133 1947 1930 704 1724 421 2662 2327 2004 77 2125 1575 2374 2186 1375 2330 1758 570 493 1664 976 797 294 746 2590 1072 1665 756 1196 801 228 1776 366 2541 2229 1350 1457 689 2184 2672 2123 1279 2838 859 548 583 2493 2694 263 1887 1551 857 1292 885 720 1765 1348 2039 2659 2332 1345 287 1043 1675 2356 1030 884 656 2548 1229 82 2198 2206 1877 798 1432 2189 514 2187 1191 1609 2324 1358 1086
2252 1977 1651 2491 1179 2328 2682 1578 1063 1769 2097 1583 2065 1531 748 952 1791 1354 919 916 2778 841 2042 945 887 118 982 567 1470 1579 1851 639 227 930 808 2792 9 114 2647 1920 998 1657 928 2379 1770 2310 2723 1528 763 2225 2729 1585 2575 1667 819 1211 1854 517 382 2711 2349 311 1970 875 1367 778 1210 566 7 1368 512 528 579 2028 2658 1209 2117 513 492 1268 2793 1566 1239 1943 1154 2550 2618 2559 2416 575 975 2459 1507 532 2488 2482 25 2754 515 2026
1141 2070 1506 1612 1918 1780 2669 1274 138 2025 252 192 1472 27 1505 2611 61 216 207 225 1262 782 1787 1018 1127 858 1692 2396 2794 113 383 643 455 1048 1273 2632 1598 654 2698 2467 2765 1297 296 2531 49 408 1356 356 1024 2311 346 1378 1282 625 936 1026 452 2232 2137 2690 1140 200 290 799 2398 822 1503 618 1168 653 1299 2821 525 209 1216 1022 2565 430 1021 418 1829 2285 753 840 1961 2634 2142 1875 628 478 561 679 2017 2470 2164 402 2062 2465 2505 1435
2840 1663 51 64 1640 1328 1569 305 1623 445 1679 1658 562 2707 100 1381 1782 2241 2034 48 715 439 1993 947 2721 2545 1796 712 1045 1444 1617 2836 1544 2439 1218 155 2767 169 1261 1054 2515 2837 735 550 860 1369 2713 1417 2050 1422 2650 1649 2826 2011 26 2628 659 1489 2433 2130 1870 260 2714 925 1840 1416 1552 2454 1878 1948 197 992 463 563 1096 348 2631 1437 900 2309 201 179 2649 1860 1051 1407 1584 2769 1486 645 2352 674 2046 2790 1123 1710 480 943 2088 1788
1801 529 2277 2644 395 1230 2323 962 572 1394 1798 1683 2759 2504 101 581 374 737 2579 251 2381 364 2238 766 436 2040 989 1900 215 328 803 341 1898 789 1427 2000 1106 1334 1951 2114 2242 545 1115 1306 2540 407 240 1451 1175 1093 1361 2546 589 485 1559 727 658 853 1883 483 1389 2784 1257 1300 646 293 2149 2054 2409 2113 1971 2787 2066 1786 1166 614 1213 783 1137 2561 2656 1035 898 70 304 714 2178 431 1928 39 1353 1252 2510 951 1125 2818 1561 2077 1207 2015
2551 2284 2018 2146 719 1289 764 2008 247 1403 1351 615 2824 914 1534 35 1493 1157 190 1915 1577 153 723 1359 2209 1121 2585 2603 539 812 303 1772 2582 1997 450 862 343 206 1204 1751 1633 2485 2487 1347 873 2019 462 495 212 2165 874 2718 549 357 1136 1128 2192 2733 1247 2254 604 2233 871 58 14 1970 66 1507 2058 1745 457 284 2550 2555 1277 929 2684 2802 2426 1734 2239 294 536 1985 1132 2434 1517 652 1087 2157 869 1245 1062 1303 2336 2779 1467 1729 1595 643
1132 536 1588 569 121 193 988 2090 2333 680 1268 1431 2117 36 733 500 1793 866 1499 1886 1430 571 1065 2078 1393 1418 979 878 2786 2227 1686 802 597 1053 2108 2743 429 1033 176 2384 142 1492 2668 332 432 1553 886 1562 2451 2029 417 199 1699 340 21 2415 901 554 561 1890 2217 555 2568 1256 402 681 412 62 1952 1888 1398 612 1975 1266 427 289 868 107 250 2604 2640 1449 2233 1399 1303 2808 2802 729 32 2239 1467 1720 2423 1648 2326 361 1608 2798 707 893
1531 1769 748 1791 2778 952 2065 1354 1063 919 118 567 2328 887 1578 1179 1977 2792 2491 1583 2252 1651 1470 930 2682 808 1851 841 1657 2097 1579 998 9 982 928 916 2729 945 1667 2042 639 227 2379 1585 819 2647 1854 114 2575 1920 2723 1770 763 2310 2225 1528 382 2711 517 1211 102 513 778 2349 2471 284 2624 297 993 2019 990 2601 502 1919 1845 975 927 1789 2563 193 2304 1970 1278 103 840 923 1323 2416 1209 1169 988 501 129 902 1273 1062 1507 1459 1340 1748
1453 2713 1490 2433 2376 1860 2309 1901 2034 2545 201 1796 100 1569 64 2721 48 715 439 562 2213 2556 305 2272 1948 1096 2815 1636 1416 1640 2826 563 155 659 260 1316 2650 1496 204 1878 168 1584 1965 51 1123 2289 2352 900 1148 1051 2088 1486 1586 1218 1381 645 559 2241 1437 2135 2419 2553 674 231 2842 1658 1993 194 1840 1782 137 784 497 1307 486 2023 1552 2700 978 1212 445 2515 712 188 2239 899 2836 992 2007 556 2652 747 2708 1606 2247 2439 906 2714 2337 1544
472 1059 2444 166 2738 551 1607 2740 342 2710 1069 1341 1025 2758 1811 2513 1355 1803 1509 154 2835 2709 405 1215 2614 537 127 1167 160 1524 1078 1421 1530 2473 741 2595 2340 2094 1964 1540 2781 1618 1828 147 352 1 2175 2749 1349 2266 2339 1862 1629 2801 1520 414 961 307 1539 511 2727 1101 2431 203 2226 888 46 1373 685 2635 2100 385 1338 1295 2385 2255 262 1571 2158 2771 2399 273 1242 641 2189 2253 223 476 2576 2776 1807 2138 1925 667 2466 2104 1619 2403 2844 600
935 2096 836 1790 1305 2750 2071 1933 2201 2156 2645 1321 1098 1052 897 1709 2432 2512 222 1638 1621 1436 850 2342 2355 2362 2446 1504 2450 599 755 2452 1736 2537 2218 666 1806 2642 2420 1044 2691 144 908 2593 1006 459 1090 1763 1082 443 1308 586 2167 320 2318 2095 1200 301 1387 1682 2268 2317 2331 984 1142 16 2560 2823 629 355 1447 630 37 2631 2573 2394 1355 1454 1697 396 632 1183 1750 874 1469 1170 1581 483 1178 1968 2449 2417 612 870 1267 85 253 717 1020 2519
1447 376 1469 16 1483 44 2317 2249 761 1836 2437 1672 1178 2700 1057 1990 1183 1535 1914 832 1749 291 2441 2547 596 1713 2422 2202 1300 88 1714 2827 683 483 95 2785 1103 824 1856 540 2111 1116 1224 60 1176 2190 1304 1631 1999 63 2523 576 983 1838 2745 1019 34 1476 132 310 47 1343 1743 1760 1712 2737 695 1449 1482 1620 2129 149 240 2497 198 2112 603 2275 949 1346 1336 1004 834 1727 465 1593 940 830 1732 1147 1013 967 2555 75 1804 954 861 2016 1093 1685
2252 2097 2682 1651 1977 1179 1578 2491 2328 1583 916 1063 2042 945 841 1920 639 2647 227 1579 1770 2310 1528 1769 748 114 118 1531 952 919 9 1851 1354 982 2065 2723 567 887 1791 2379 2225 1211 2778 998 1585 930 763 1470 2792 808 1657 517 819 2575 1667 928 1367 1368 2729 1970 2711 512 382 1239 1854 2349 2026 1566 492 1593 2488 1906 311 2357 566 2028 2660 997 2603 1154 515 778 513 2459 2103 2658 1209 579 528 875 1449 671 2110 400 1778 2165 1339 1210 7 2507
2185 1129 2298 1440 2529 386 1411 143 2584 2517 1684 1694 718 697 795 1360 1630 2616 2363 1445 372 2271 787 1514 810 1267 1294 30 958 2460 557 2468 2619 1215 1446 638 1112 796 1939 1925 1619 2139 71 1807 991 879 1196 1863 2844 665 2481 1122 1982 1295 1735 2727 2385 1549 1947 741 2801 299 5 1814 428 667 1373 267 1278 888 1238 2771 2797 2524 263 1291 1270 1887 2092 2833 1258 1744 842 2731 2677 687 2412 867 2054 1911 2371 1350 2787 1589 1520 2184 2269 1877 2484 2246
1439 574 2057 2291 2051 1223 647 2683 1874 2639 494 2183 598 2220 1931 146 482 2435 2704 2526 939 2499 1433 531 2089 1899 1088 2427 2445 1725 444 368 274 255 217 657 608 864 994 1330 2708 1408 526 2440 271 2569 1592 508 1185 1942 974 682 1998 1771 2438 491 2037 2625 1555 2308 1777 1677 1892 521 2712 2580 2617 637 1868 140 1944 619 2657 1055 1452 677 2393 1473 2728 2719 2502 59 1937 790 948 1139 1949 447 2421 329 1605 2286 1175 2207 503 1202 2813 169 804 2294
1295 1807 991 1373 2771 641 888 2385 262 1509 1925 1619 1863 667 1982 2731 879 2776 2460 557 1803 1735 2371 2175 428 1549 2139 127 2363 2576 1814 2833 2710 299 2797 2269 741 1811 1589 2092 2844 2403 2468 2444 687 1291 267 1238 1122 472 1242 891 2517 1629 226 2412 2740 160 1078 2094 2473 1530 2455 2524 1862 264 2484 1059 1421 2266 2104 1539 1215 1355 2595 2431 796 385 2529 837 1607 273 2709 1009 352 2758 583 342 1069 1338 1324 2339 1480 2013 1524 2783 2727 1 1520 143
2783 1421 2431 385 2094 1078 814 1530 226 160 1660 1619 2138 2633 1816 2607 867 667 1480 2266 1607 1925 2460 1366 1863 879 1341 403 961 2338 600 557 1982 1338 573 1622 1828 1571 1159 1698 2255 2486 2412 1735 537 2223 17 2100 352 1618 2811 2709 2253 2473 317 1815 846 837 1994 1409 1009 2139 2833 2063 195 1539 1095 2385 90 1069 2484 166 2758 642 2635 2371 641 511 299 2455 2092 2797 127 264 2363 428 1 888 891 2614 1349 1242 2403 267 2844 2835 2399 262 1291 2269
2542 1019 2016 63 1333 1685 617 182 954 2022 1561 2656 149 2149 751 1712 291 2242 1334 1760 1434 1298 2112 465 499 783 1004 1693 540 940 1087 1343 75 2737 898 1197 1558 1166 1228 198 714 2409 1535 1631 2114 310 1593 1928 832 1346 1785 2072 614 2497 1207 1590 895 93 1786 1357 1257 39 853 2129 1971 1161 949 676 2546 581 576 1743 1847 1513 2281 1213 1137 1353 2827 2113 1773 634 1389 1106 737 2066 1683 2288 824 1597 596 1999 1103 739 792 1180 2700 215 1116 2430
1861 57 2174 210 1580 1234 2418 280 2461 1034 793 1276 1859 1392 1792 2662 2456 421 133 704 1947 1930 493 77 1375 2004 1758 2374 1072 2125 1724 570 2327 1575 2330 2186 1664 756 797 294 1665 689 1196 976 548 1358 2184 2672 746 1279 1551 801 2590 1350 2659 366 2229 2123 1043 857 228 1765 1887 2838 2039 1776 2694 1457 2189 1877 2548 263 885 720 2356 583 859 2206 287 2332 798 1576 656 2739 1292 1348 884 1191 82 1345 170 1229 2321 934 1030 588 1542 1086 1432 2703
1371 2152 2502 84 1605 2141 2572 1726 2263 1139 5 1953 509 1525 2678 844 1602 1866 2457 2348 214 1280 1515 2623 2448 1696 941 2567 244 2841 1616 2386 2128 2115 2751 2464 1171 957 1199 22 1214 1198 609 2725 2109 2404 1659 1084 2203 1889 1766 106 117 744 327 1632 785 1205 2030 851 2182 1927 1064 1960 2056 2303 23 2153 1738 2060 96 189 1113 690 1032 2522 1184 45 420 1979 40 236 466 183 1488 2168 498 1397 2503 621 2760 894 171 1661 1232 1426 2608 510 2014 148
998 2792 1583 567 118 1791 2065 1531 1354 919 952 1769 1854 808 2778 748 517 1063 2711 2252 382 887 1970 9 778 1470 1579 1179 2328 930 1977 2491 2682 1657 1651 928 639 2097 1851 1578 841 2729 227 2379 1667 2647 945 916 1920 982 1585 2042 819 1770 2310 114 763 975 2575 923 2723 2304 2361 2225 2793 1528 1367 1239 515 7 871 1211 311 875 1210 2028 1368 151 1018 782 1031 177 2693 2122 2459 2349 2019 566 536 569 532 2165 701 816 2550 1507 1789 156 193 1875
1451 853 1801 1361 1230 2277 2000 1137 1306 614 727 529 589 1951 2323 783 1394 658 2072 1798 1175 1106 485 1559 293 395 1683 2644 572 646 2540 1928 962 2787 1207 2054 1558 2409 545 1389 676 581 1166 1334 16 1087 2546 2249 44 898 1115 714 761 483 1300 1898 2113 374 1447 1093 251 2114 1561 2381 1213 304 1427 2242 789 1786 724 2504 737 2066 1971 2178 240 341 1590 1228 1469 2759 1900 895 2325 2317 1178 2579 101 2784 93 2149 1618 2161 1353 1250 1257 328 2040 1173
894 419 2554 2153 1632 96 1083 1032 2060 189 1927 106 744 732 181 2313 1797 620 1702 644 2502 1251 2401 1364 22 1171 1108 609 1336 1013 2705 621 2079 1199 2442 2831 2567 2188 2841 387 2720 1283 42 1315 2643 2688 2498 2751 2168 2425 2612 171 1214 2760 2152 481 762 844 2522 2278 2048 661 971 2761 1560 941 785 2182 2562 45 1605 759 468 2263 2056 2030 2608 183 2109 636 2374 957 2160 476 1184 2807 1064 2571 1525 2261 1288 2448 1889 506 236 1188 1858 1768 2141 2179
1752 1146 1636 1965 1496 1316 2556 950 2815 2272 4 1948 1840 2367 2352 194 1416 2069 1799 1096 2628 1218 2713 1586 1051 1545 2241 1860 1202 2836 1381 1658 59 1782 2439 2832 1624 2477 155 817 201 674 1544 2289 497 613 1123 440 312 1901 1261 2553 1878 2433 2046 2389 987 2309 1148 1640 978 2515 900 547 659 168 2840 2767 1437 1486 433 563 1926 1552 305 2082 266 231 992 2011 1897 2790 2213 1663 1737 1453 2545 2270 663 2826 2424 947 1328 2652 1045 1617 169 259 1934 2650
285 1221 546 582 6 2643 759 807 1702 620 181 732 1541 820 1603 468 1260 1882 1083 1797 956 334 750 1570 372 1768 2387 298 2677 973 1884 2194 650 1858 980 1536 1153 1227 669 2666 1188 1761 1285 475 2761 829 2261 1318 2118 2823 1916 411 1697 922 42 2807 2313 2346 1284 636 37 476 2476 1891 2425 2268 2043 448 1723 1084 2048 661 196 1537 2171 2167 2816 1456 1865 1380 1200 1763 1015 2841 122 2810 2278 1610 1184 1364 2179 2688 2548 2303 398 275 459 1251 1205 1283
1752 1146 4 1545 950 2367 2069 1799 1202 59 2389 817 1624 1737 2832 1102 626 1965 2270 312 2082 613 1316 2477 2790 1496 987 1656 1636 1644 547 2817 1319 2501 1926 556 826 283 1840 221 266 2300 2815 1407 2272 943 1386 2767 635 1934 2411 663 85 2631 188 1881 611 2556 735 1405 433 1414 2148 2538 2289 2133 2044 724 2515 440 2352 1092 155 1173 1983 413 2487 2732 2528 128 2589 2840 2397 1339 1700 1552 1750 2735 995 1190 518 1817 2149 2241 136 1582 224 1018 1948 1704
1083 732 1702 181 620 2263 2374 1525 2572 1797 96 2623 1371 2827 2441 2678 1632 419 894 2048 310 2386 644 2522 2153 1280 2554 2111 1251 1856 2141 2056 2720 2442 2761 2502 582 1064 387 2562 1364 45 2643 1726 2448 2116 2498 2401 1013 1365 844 1336 1108 2004 596 762 189 621 95 689 106 2152 84 941 746 1032 2188 2060 1768 759 1093 636 2125 949 1665 171 1927 42 2807 2688 2612 43 1749 407 1283 1758 1318 462 1019 133 1198 236 2182 1743 183 1693 2168 2278 270 1343
2142 840 1813 501 129 324 1062 1923 788 1932 456 1503 125 1281 241 452 1039 822 1912 2285 2137 89 389 2634 2765 2565 1789 1024 1026 758 268 2232 628 1220 927 1655 467 1706 1568 1831 464 2398 1843 1378 495 131 1022 1875 1011 2687 455 2531 113 53 484 1730 753 2301 2236 2059 108 2062 1048 2407 2632 478 2465 2505 1273 1008 1018 1929 782 138 290 1275 2611 1262 1438 1662 1124 471 2715 363 643 1612 1037 1472 402 1297 2429 1475 655 1692 2244 1918 806 1143 1395 2053
1115 1389 2546 2113 2066 1213 545 2178 1951 304 1300 727 1353 1175 658 1394 1306 589 483 485 1883 2000 789 1451 1361 1106 646 1559 2784 1798 240 293 2787 572 2504 614 2277 251 2759 2579 101 1230 374 2540 2238 2054 2644 2022 1137 2381 962 436 766 328 1427 364 215 803 395 737 2323 1900 2040 1683 989 581 1801 529 1898 1971 2072 1785 341 2114 1786 1257 2409 714 1207 407 1093 898 2161 1166 853 2242 1087 1228 1928 1558 1334 783 1357 2149 2656 1447 44 16 676 1091
2784 483 240 1300 789 1883 1353 2546 16 1389 2066 2113 1469 545 304 1213 1447 2178 44 1115 376 761 1483 2504 1898 2579 2249 2277 328 766 1093 2317 2238 407 2381 2540 1394 101 1801 2759 1996 1427 983 251 824 1728 576 834 1304 2190 1106 436 39 1231 2644 341 1693 2547 754 395 1683 2281 1361 1593 777 2288 1476 88 374 1161 1749 646 2202 1785 967 1804 737 2239 1178 1451 2437 2745 1091 1900 1836 132 926 2422 572 2000 1559 1672 1727 1176 1230 757 60 1914 596 1971
1663 1328 947 1623 2707 1444 1679 1054 169 2836 2837 1782 1649 2767 1381 1544 2439 1658 2241 51 1617 2628 1045 1840 1640 1261 1993 1218 1422 440 735 712 155 550 2046 2050 645 305 2130 2650 2840 2352 445 2011 1051 194 2631 992 2454 518 1369 179 26 197 2649 562 463 64 1870 1552 1029 925 348 1569 2769 2515 2714 860 1417 1796 1489 439 659 480 1416 48 2545 2721 2289 2826 2713 260 900 1486 1948 715 100 1656 2817 2034 1208 2735 1644 1860 674 2790 556 1710 2397 2375
44 16 2317 1447 376 1469 1483 2249 2437 761 1178 1836 1672 1990 2700 1057 1224 1714 1713 1116 1183 1535 1914 2422 2523 47 1838 683 34 2180 2785 2202 832 1449 2190 2745 88 830 983 603 1620 291 1450 2129 465 60 1476 483 1732 2547 2275 596 1346 824 1304 1073 1693 95 1176 576 2441 1300 1743 1482 1103 2281 39 2827 310 1856 1749 441 1678 1996 2096 1147 1593 1804 2111 132 2149 845 1523 83 1999 2000 198 777 1561 2656 2194 834 2080 2239 792 967 695 1633 2288 614
98 196 776 2474 353 1643 1864 910 1819 781 2334 2462 381 1344 1625 2081 1402 585 1042 701 2027 869 2103 809 69 2264 2067 276 2353 2256 2361 1963 233 1245 871 1633 1600 2101 2012 2001 2391 1751 2132 2210 1170 1565 941 1287 2803 640 2165 862 1031 13 2734 1272 2362 971 1508 1541 1504 84 2582 2512 1882 2520 1077 1697 222 1768 791 568 1946 1204 2369 2677 2548 2170 150 392 1221 1708 539 2688 2147 820 1704 2593 2687 370 1973 639 1761 285 2691 1436 6 2647 2261 1347
2512 1504 850 222 2362 2218 1436 2355 1305 1052 935 2750 2096 2342 836 2450 755 1736 2645 1933 1790 1321 1098 2201 2071 1806 2156 2691 1709 897 1638 2432 461 629 2420 477 981 177 612 2829 1903 2163 380 2122 816 453 1267 2679 2074 1085 141 1023 1976 1163 401 1599 437 2593 2055 1628 760 1233 73 1145 156 174 2452 164 2775 99 1510 1047 701 2587 460 1757 2446 823 1872 399 281 2747 1621 1688 595 1808 986 1044 2722 1404 1415 2161 1819 72 2098 2353 208 1811 2000 694
403 1159 1815 2431 1009 1421 2455 385 1607 2783 837 1078 352 1530 160 1660 2094 2138 2484 1816 511 2063 226 264 1341 814 2266 1539 2633 2607 2709 1366 1338 537 1480 867 1619 600 2412 1982 667 1925 2255 1622 1069 961 1863 2092 879 2758 573 2811 2460 127 2473 166 1828 2371 2833 17 2835 317 2100 2139 2844 557 299 2486 1122 741 2797 2269 472 2738 1242 577 2104 428 2710 1509 1059 2339 846 1571 405 1025 273 1814 2614 2524 1964 2226 888 1349 665 1698 891 2481 1520 2189
658 727 1951 589 1175 485 1306 1389 2113 1361 1451 1213 2546 2066 1798 2000 2178 304 1115 1394 545 1300 1106 962 614 572 1230 1559 2022 1137 2072 293 2323 2277 1207 1558 1353 853 1683 2409 2787 714 2644 898 1883 1087 1333 483 1785 1166 1228 2784 789 581 1801 646 529 395 783 2114 251 1928 2054 737 1427 2540 2242 2149 1786 240 215 2504 101 1971 1334 436 2759 364 895 374 676 2656 93 1257 1900 954 1839 63 1590 2040 1019 2016 766 803 2381 2238 182 1898 2542 1597
2551 2018 2146 719 2284 1289 2008 764 247 1403 153 2824 1351 1534 1157 615 35 1915 914 190 1577 1493 2603 2582 206 1359 343 2585 539 812 723 1121 1204 2209 862 1997 1751 303 1772 450 1633 2485 1970 2550 1507 2019 871 2604 2487 2233 1128 549 1177 2192 1734 382 107 2254 2414 2361 1132 998 873 357 536 462 55 1467 1194 212 2326 2555 2165 14 1595 1690 2159 2360 929 736 517 495 457 397 1588 412 1259 1104 2641 2234 1720 2049 1791 728 2684 604 121 2733 2434 1727
6 2643 759 285 1221 582 807 546 1702 620 181 2171 2666 650 1916 475 2810 2346 1891 2816 1723 732 2043 1083 2841 1603 468 1797 1541 1260 820 1570 1768 1882 372 334 750 2761 411 1188 298 2048 922 973 980 1884 2502 2677 1284 1139 2152 1456 1858 37 2313 1610 1605 122 2179 2807 1697 2278 1285 2118 1184 636 42 1015 2425 1371 148 1761 1153 117 2261 2303 1865 956 2194 941 2268 1227 1283 510 1488 1515 420 844 270 1536 1502 1763 1537 2203 1953 448 196 2263 1084 1397
430 331 1097 1293 326 159 580 1143 31 1118 1822 2062 655 2715 999 1297 478 726 1011 1967 2236 1921 1692 1972 390 2061 1635 2402 2301 1715 721 1730 1050 504 1475 1647 1037 2053 1124 2407 1756 1008 455 1395 1929 1755 1831 1317 1026 108 1648 2406 1187 125 1655 2806 753 1789 2687 363 1472 464 1262 782 2398 927 1140 1912 1018 2505 2465 1706 1662 1303 314 1568 628 2611 799 786 1378 295 484 467 643 936 788 1048 2632 840 2765 471 1275 1281 1220 805 2634 501 456 1438
1439 574 2057 2291 2051 1223 2683 2639 647 1874 494 2183 598 2220 146 2499 1931 482 2435 531 939 2704 2526 1433 2089 1899 1088 1725 368 2427 444 2445 657 274 1592 255 2708 271 864 994 1408 526 2440 608 2569 1185 1330 682 217 1942 508 1555 974 2438 1771 491 1998 1777 1677 2625 140 1868 2308 2037 2712 2580 1892 2393 677 1452 637 1055 2728 1473 1937 948 1944 2286 521 790 2657 266 2359 503 1202 2719 619 329 1139 2617 1639 2207 2813 2294 804 59 2421 2502 2152 725
571 1065 2786 2227 979 176 340 332 2743 2668 1393 1033 1562 1256 2029 2384 1686 554 1890 1418 868 2108 1888 555 597 21 417 289 2451 886 2423 199 429 681 432 2333 1398 62 743 78 878 802 893 292 302 361 1431 142 36 1492 427 1553 1053 2117 1132 2078 536 1268 1588 733 866 1266 680 193 500 569 2640 988 2798 121 2090 729 1793 1886 2539 901 1430 1952 2808 1699 2224 1399 964 2568 1499 2217 2415 1070 2629 1429 2120 1449 2221 2031 1651 1337 1535 2038 2698 2335
1132 1588 536 988 193 569 121 2090 680 1268 2333 1431 866 36 733 2117 1886 1430 1793 500 1499 2078 1699 1053 1492 1553 142 802 878 429 432 901 2217 176 2415 1033 2668 2568 1236 1065 1890 979 1256 1393 555 2743 427 1562 2227 2786 332 2029 1888 289 2451 21 2384 571 554 1686 340 868 597 2267 199 707 886 1418 681 2108 2143 417 1398 2423 2380 62 2024 24 634 1383 361 743 91 893 213 102 1266 426 302 1008 80 1847 391 2430 2808 1839 2406 29 402 2021
202 249 1012 1406 1075 627 1810 67 2509 1001 2121 2350 2583 1944 899 2294 2728 1055 116 725 137 2558 1212 2143 165 2207 2825 24 2766 2224 494 2057 2135 2708 2435 2240 1606 2329 876 2741 1874 1259 2805 2580 2033 2842 2813 902 1805 2637 2809 2622 1611 1390 1056 742 1448 2719 682 10 1452 1473 1223 1088 917 794 686 1899 1809 2438 804 146 102 2615 447 1169 1076 424 693 86 279 2021 2149 2757 2447 1182 316 2804 1265 2286 2382 426 1296 1557 2248 960 800 1597 2320 1067
8 1474 2535 2449 1671 325 745 1090 443 2706 1006 586 1763 1308 1082 37 2831 2705 459 1697 2268 2216 1286 2167 924 2197 300 2425 1380 621 2476 1251 2571 922 2401 45 236 2608 2573 1363 1364 1560 1288 690 171 2612 1703 2760 229 183 2182 959 2079 2056 1064 333 1456 2522 1188 468 762 565 1315 205 1217 785 309 1471 1284 1487 335 1013 1425 2452 474 506 2823 953 946 599 144 2230 861 666 2446 1907 488 1032 1352 1797 2222 122 1458 1400 1318 167 1447 16 20 1336
16 44 1447 1469 376 2317 1483 2249 761 2437 1178 1836 1672 2700 1183 1990 1057 1914 1300 1535 2422 483 2785 1224 1713 2202 2523 1620 1482 1714 88 683 1116 832 2190 2547 824 34 1073 47 2275 291 603 60 599 830 2441 1838 2745 1732 2000 1476 1176 1523 596 614 1749 1678 1451 393 2129 2161 983 834 2695 1856 2446 2080 240 540 2452 1147 104 1449 132 474 1763 1093 2096 2774 1996 1693 1450 624 441 845 63 2111 576 1631 95 1380 2631 490 339 762 269 465 1343 1346
536 1132 1588 121 569 2090 193 988 680 2333 1268 1431 1793 1430 36 2117 866 733 1886 500 1499 1553 1699 2078 1492 142 901 429 2217 1053 2415 2568 432 802 427 2668 176 1562 878 1256 1888 1890 1065 555 289 571 979 332 554 2227 2786 340 868 2380 21 1236 2029 2743 681 1393 1033 199 1418 1686 597 2267 2423 2384 417 2108 886 62 2451 743 1398 893 1266 361 2055 1628 302 2808 401 1023 760 981 453 380 975 2163 2143 694 1952 1872 707 2515 2074 607 292 460
142 1492 429 2078 802 1699 1553 1430 1886 878 427 555 1053 1256 1793 868 1888 2217 1065 2415 554 1890 901 2568 432 866 289 176 571 2423 2029 2668 340 2743 1562 1033 2227 332 979 2786 1431 733 681 743 988 193 1393 500 417 886 36 121 1686 21 2117 597 1499 1588 62 2267 536 680 1418 2108 2384 569 1268 1398 2090 199 2380 1132 2451 361 292 1236 78 893 302 2333 770 73 1599 380 1272 2074 2304 13 2054 1390 975 760 923 437 640 1628 2618 2406 1233 1557
461 99 2163 477 453 760 1628 401 177 816 141 1510 2122 1085 1163 823 595 2055 1976 2829 2679 1903 981 399 1872 208 2587 1717 1023 2655 73 1784 2469 156 164 731 2126 1160 2577 1241 612 694 174 2074 2775 1599 1415 72 2722 460 437 2098 172 1233 1047 1145 2636 380 2747 2009 2218 2452 1688 1808 2274 1155 1404 1504 1100 222 1089 1436 850 2355 2642 755 2362 1305 2512 2342 897 2147 1267 2450 2201 1321 1736 1933 2750 629 2156 666 2149 2420 2593 1098 2645 1762 975 515
2476 2425 8 2197 2535 1474 1560 1671 229 2831 745 325 2705 2449 300 2706 1797 621 2571 1364 1251 171 1090 236 2608 2401 2760 785 2182 1286 2612 45 690 183 2216 1880 565 1064 762 2079 1108 506 2056 335 959 443 2573 2522 1283 1006 2230 1763 387 924 2688 37 1315 586 1032 1697 481 1363 2498 1288 1199 2591 1308 815 459 1082 2060 1596 2348 1703 644 2442 189 2386 1380 1987 661 2678 468 2160 971 1205 1013 96 2222 2620 398 1537 2562 1352 2167 2168 1217 1400 1907 214
239 2164 2091 2794 1781 654 525 1274 1127 653 408 49 1282 356 296 209 245 2311 2396 2173 2280 139 383 838 1787 1961 61 252 2025 207 113 192 1240 2531 2669 495 1248 1356 1780 290 2070 625 679 1435 225 1011 2137 2279 1875 1647 1168 1299 449 2693 799 131 822 2402 1505 1555 721 1273 2698 1972 1598 1141 27 1216 2232 1843 858 268 1829 1124 1143 1921 1789 1967 1037 1022 1924 2285 580 1475 643 1635 2236 2406 2335 331 129 1050 220 1062 452 1024 402 444 1503 1813
6 285 1221 582 2643 546 759 807 1702 1603 181 620 820 1541 732 1570 1083 334 468 750 372 1891 1723 1797 1260 650 980 1916 2666 2346 475 1882 1884 973 298 2816 1768 2677 2171 2810 2387 2043 2118 1610 1015 2841 1537 1285 1858 1188 2761 922 2313 411 2303 2278 1462 37 148 117 1184 1488 1084 448 2179 510 1205 420 327 42 2194 2048 2261 1605 375 1738 2502 594 1865 1456 636 1697 1502 1397 425 1515 941 1536 122 1284 1080 2203 2359 1591 690 281 844 1659 275 2521
1453 2713 1490 2433 1860 2376 1901 2309 2034 201 2545 1796 1569 100 2721 64 715 48 2556 562 439 2272 2815 1948 305 1636 1096 1416 1051 1316 1640 1496 2213 155 194 1965 2352 1218 1586 2826 563 1123 1878 2628 2650 168 1261 260 51 1993 1381 659 1840 497 1148 2241 1658 674 900 1782 2836 2088 1307 1584 2289 992 2046 1486 1552 319 645 2076 906 2707 231 1623 1710 2652 1437 559 1617 2007 259 784 978 2419 2358 445 486 712 1679 2439 1544 2767 2337 747 2011 1663 1649 1054
2727 1520 1 2399 307 1572 234 913 2548 342 551 2158 2215 352 1349 46 892 2460 1619 349 203 1925 2363 1025 2834 557 879 2844 2298 1947 1524 1539 1629 1615 1059 1375 2185 2385 969 1776 1684 267 741 667 2189 1350 223 1238 2431 1291 2517 2371 2635 1982 687 2226 685 837 2139 2092 1009 857 2484 133 891 2541 1887 1863 228 798 372 1509 2403 2672 2123 1540 1930 1814 1675 2206 2340 1861 2356 1129 1571 2801 704 797 2455 2444 2659 2198 2332 814 2468 1373 2740 2749 1191 888
1453 2713 1490 1860 1901 2376 2433 2309 201 2034 2545 2556 1796 1569 2815 1636 2721 100 64 2272 715 48 1496 1316 562 439 1965 1948 305 1051 2213 563 1096 2826 1416 260 1148 155 1878 1640 1218 1586 1123 168 194 2088 2650 1840 2628 2289 2352 2241 231 659 784 51 1381 1993 747 1261 497 1658 486 900 2337 992 2046 1601 663 725 2036 674 204 2258 1223 1617 1212 1940 1782 2769 1544 1986 137 1710 978 1874 1584 2135 2007 2439 1623 712 2707 259 2553 550 1307 493 319 645
2252 2682 1651 2097 1977 1179 1578 2491 2328 1063 1583 916 841 945 639 1920 2647 1579 2042 1769 1770 227 1528 952 748 9 114 1354 919 1531 2310 887 118 982 1470 567 1851 2723 2065 998 1791 2225 2778 930 1585 2792 819 763 2575 1667 2379 808 1657 1211 2729 928 1367 1368 517 2349 2711 1854 512 515 382 1239 492 1154 2459 2488 875 311 513 1566 566 2026 2103 579 809 1970 2416 528 923 1209 2658 778 1042 1210 975 2618 7 1593 25 159 2165 2081 580 910 2304 1344
1159 403 2063 1009 837 2484 1815 2455 264 1622 2092 2833 2412 299 2139 428 2371 1122 2269 2844 1982 2486 2797 600 1338 2100 2811 2576 2255 846 667 1549 1735 1814 573 2776 17 317 642 1571 741 1607 1925 262 1619 352 2403 1341 1863 2189 891 2223 2731 888 2338 2635 1069 2094 1698 1530 1078 2385 2758 1589 160 1409 90 1 1994 2253 195 2138 641 267 2399 1095 1572 1862 1660 537 1349 1615 1291 879 223 913 234 2633 1539 1509 1520 349 1238 1828 2431 2607 1816 385 226 472
1619 1925 1863 879 667 2460 557 1982 1078 2094 1735 1530 160 385 226 1421 2431 641 2385 2363 2783 1660 888 2139 814 262 1816 2607 2371 1480 2633 867 2833 1366 403 428 2776 2266 2412 299 2092 1373 2797 1159 2269 2771 1607 1549 1341 1295 1815 2473 1814 1009 2576 2844 1242 2455 991 1807 837 2709 264 2731 2468 127 1509 352 1122 1539 2063 2484 2403 1338 1589 2517 2811 1622 1828 741 537 2175 267 1803 687 2835 891 2255 961 166 1291 600 1069 2138 2524 573 1238 2758 472 2614
1518 2282 631 1301 2796 1058 2140 1290 451 607 530 2596 2049 2064 921 1017 446 1567 1604 1981 1237 662 2392 1909 1613 2093 394 1879 1119 1906 2357 1978 984 1002 1742 2660 942 2085 2543 1705 918 2262 337 966 487 908 1384 124 1491 2600 2458 708 1681 700 996 2530 1331 1618 1554 1621 243 355 2287 2648 1396 2675 271 186 1614 591 852 193 2212 2089 1673 2257 1327 2343 2735 536 527 1105 1132 988 813 2822 1370 1099 1341 1060 319 121 345 391 1253 616 1414 1588 2696 1564
909 1487 1471 924 953 2573 2749 956 1400 2740 1882 154 1524 2710 1757 1687 2444 2508 1474 1477 2260 2620 325 1113 2197 690 1629 796 745 2706 882 229 2448 971 327 1596 2823 466 2456 42 2725 1880 2468 43 20 2348 2169 1802 205 2449 2150 123 8 391 335 2247 2351 2535 1255 1602 2572 2442 2230 1866 1947 1671 493 214 2374 2494 2498 37 422 2019 986 2222 387 498 2339 1194 1758 448 669 473 2168 661 2366 2595 1061 1953 2124 122 2623 2216 388 2326 107 565 1621 2464
646 2054 2787 293 2000 1451 1951 1306 727 1361 1175 485 589 658 1559 1106 1798 614 2161 2323 1115 1137 1230 962 1389 2546 572 2072 2540 1394 1300 1928 483 2409 898 251 1558 853 1166 1334 2113 1427 714 529 1801 2644 1207 1683 789 2784 240 1213 2066 2277 2242 2178 581 676 1087 2504 737 29 1786 2149 395 803 1597 304 215 1257 2533 2114 783 1149 2759 2016 1561 1869 545 44 374 1346 436 2320 291 2656 1971 364 1900 2579 2542 101 707 426 2381 1390 634 2024 1693 2078
331 430 726 999 1475 655 2236 1967 1097 159 1293 326 580 390 1635 1143 2062 31 2053 1050 478 1822 1715 1118 1124 314 2715 1037 1297 2301 1755 484 1730 504 455 2059 1692 1789 1831 1929 2407 1655 464 1662 1648 927 2406 1187 1140 1008 1011 2470 806 1706 2687 467 2806 2429 363 295 1756 534 1972 1317 1026 1275 108 721 2402 786 1395 2061 1921 1262 1647 1273 2765 1378 2465 2505 418 1022 2244 53 1465 799 1568 805 2693 753 471 268 628 125 780 782 2398 52 936 1018
998 2792 1583 567 118 1791 2065 1354 919 1531 952 1854 1769 808 517 2778 2711 2252 748 382 1970 1063 778 9 887 1470 1179 1977 2328 2491 1579 2682 930 1651 1657 928 1578 639 2729 1851 227 945 916 841 2379 2097 1920 2042 2647 763 982 1667 819 1585 2310 114 2361 2225 1239 1367 2575 2723 975 2793 923 7 1770 1528 2304 1210 177 871 2122 311 515 2679 1368 875 1085 2775 2055 2452 2028 1808 2274 1163 2829 1903 2658 816 1415 981 2550 1507 1023 2349 2165 2019 460 536
645 1649 2767 1054 1679 1444 947 1663 1623 2707 1328 2836 2011 2837 1029 169 1544 1782 2439 1381 1658 2628 2241 51 1840 2840 2735 445 1045 440 735 197 1218 1617 1261 2650 463 1993 2046 1422 1640 712 2050 155 992 2352 2130 1552 550 2289 194 134 659 674 319 305 1253 2375 1307 1860 179 433 2713 201 2826 563 1416 1417 1051 1208 1486 965 2515 900 2088 1948 2649 1437 1586 497 2556 260 1123 489 64 2454 2076 2272 2815 860 906 1489 2545 1369 2769 259 2133 59 904 1067
2171 2810 2043 2666 2816 650 1891 2346 1916 475 1723 2841 2643 411 1188 807 6 759 1702 1260 922 285 181 1603 468 1221 820 37 372 620 1456 122 1284 732 1570 980 1326 510 582 1083 375 1541 1763 1308 2502 1397 1227 334 1153 1082 1524 1865 1882 1488 2768 750 1858 1605 2779 1884 2351 1502 2274 473 420 2521 388 1061 546 2634 2179 840 2128 1139 1688 2261 1150 1808 327 924 1471 2118 1711 1629 384 1953 1738 1144 1062 1066 1404 138 1697 844 1089 423 1213 2203 1881 188
1009 837 2484 2063 264 2455 1159 1815 2092 299 2833 2139 2412 2371 1622 428 2844 2269 1122 403 1982 2797 1549 2576 2776 667 1814 1735 2486 600 2100 741 1925 1619 1338 2189 1863 2811 642 846 2255 573 262 317 2403 2731 17 891 2385 1571 879 1589 2460 267 2223 2338 1887 656 888 1698 1350 263 557 1291 90 1238 641 2123 352 1542 2356 1776 706 1229 1191 2332 885 857 2739 349 1457 1551 1877 228 2590 1095 195 1862 2659 687 1 287 1078 801 2039 1994 1575 704 1409 1607
505 2500 2181 587 1563 523 238 175 2283 28 2552 1896 2819 1827 2119 734 849 458 152 2674 313 2479 1741 1532 705 1339 2099 847 2534 2191 2250 2716 2527 330 2689 1708 2370 972 1335 2365 2557 354 1376 81 2228 68 2177 1704 2681 671 532 2814 696 2028 1956 968 2742 1117 2144 553 92 772 633 2764 1746 2774 503 1917 2812 2193 2322 1680 1182 711 1974 1314 1010 1164 1955 1461 2306 120 699 2597 2592 2265 507 533 2770 963 1961 670 2610 618 2052 653 602 316 1543 771
1527 937 535 2843 2377 257 1455 519 811 392 336 605 1731 1894 1138 1498 1424 1040 94 1516 248 1871 610 1634 253 1779 1992 2341 2102 1133 1068 1309 406 410 773 1385 2763 365 2145 648 1526 821 338 2830 1946 749 1131 1007 2516 717 435 1466 112 1645 1419 2788 1442 1110 434 1800 1079 2299 2560 1966 1850 1670 1379 870 1325 301 730 1511 1020 2613 186 1707 800 2331 1311 2549 1969 1573 568 593 2364 742 544 1243 678 1968 2196 1546 855 2219 673 2290 1142 1581 2746 2095
879 1925 1619 2460 557 1863 667 2363 1982 641 1735 2385 262 888 2139 2371 2776 428 1373 2833 1814 2771 1549 2576 299 1122 2092 991 1295 2269 2797 2731 2844 1807 1589 2468 2412 1242 2403 2175 1509 891 160 2455 1078 2473 2094 226 741 264 1530 267 2484 1539 687 1291 1238 837 1009 1480 2517 1816 1660 2524 2783 352 2607 2633 385 1338 1366 127 1815 2063 1421 2104 2431 1622 1803 2811 273 969 2709 472 2740 867 796 1159 577 2710 2255 814 573 1862 1811 600 2226 90 1629 17
1752 1146 1545 4 59 1799 2367 2389 1202 950 626 2069 547 2692 2270 1737 2082 1624 271 2148 1964 2289 1386 1319 817 2477 433 266 1552 1564 1771 1677 611 400 1407 1555 259 1618 2340 2735 169 996 2530 1656 2840 1408 2515 2837 1942 41 81 1414 974 556 2440 440 735 1181 527 2138 1892 2130 1917 2832 653 2595 283 1926 1708 2375 1092 613 608 1840 2764 1540 2357 200 2783 1715 2470 2553 274 2767 961 237 1428 1253 1491 2501 716 1240 1255 1663 2439 2817 345 1904 2836 1851
505 2500 523 2181 1563 175 587 2283 238 2552 28 1896 2819 1827 849 734 2119 458 152 313 2674 1741 2716 847 1339 2479 2191 705 2689 2534 2250 1532 2370 2527 2365 2099 2557 81 1708 2228 1335 972 330 354 2681 1376 696 2177 92 671 68 2814 2193 532 2742 1704 1117 968 120 1111 2322 711 1680 1956 772 2764 553 129 1314 2144 602 2597 501 2028 806 1011 1062 484 2429 1789 633 503 467 2799 1662 1955 2059 131 1543 452 2594 1003 2265 1475 534 927 1746 2052 1273 2285
2370 2689 2365 81 2534 705 2119 2527 2716 849 2819 2552 587 152 458 2479 2557 1827 2283 2181 847 175 2500 1741 523 972 28 1896 505 2674 734 1339 313 238 1563 92 1376 1532 1708 2228 2177 1335 2191 2681 696 2814 1704 2250 2099 671 1956 532 354 2193 1111 968 2052 330 1010 711 602 1917 2028 225 2592 2396 1680 1787 503 1332 2025 61 207 1746 2322 2237 68 1555 1117 131 1955 772 2742 580 418 2764 2265 633 261 2144 125 2062 2669 12 2070 449 245 159 31 788
1288 2216 1703 1363 2823 333 2567 115 1995 1865 1171 1217 959 924 2751 38 1214 22 2109 856 309 1927 861 565 1286 1987 894 96 2153 2502 214 106 2060 1844 2141 2425 2841 1858 1199 189 1032 1632 1964 2554 419 2152 2079 2261 744 396 2313 815 2573 621 2353 506 592 1525 1260 1280 537 834 1108 785 300 941 1098 1139 2197 669 2627 1953 661 1471 171 2645 183 481 2156 1084 2688 2614 1761 2432 398 1605 468 1560 1015 1487 1283 2194 2452 1804 2222 807 2348 459 2387 957
431 2510 1839 1035 70 2561 1753 1125 2757 2772 18 1842 2777 1557 2478 2077 1390 2 1252 601 2663 1759 1834 2622 315 2015 951 2818 1443 2161 1747 767 1938 1833 1165 2686 2323 2302 277 191 889 2315 1801 1075 1951 2644 1306 1394 1418 1175 1976 2149 2702 522 1798 2624 251 589 164 1845 211 485 2000 2054 531 395 1427 1230 2540 727 529 962 2667 2532 126 1451 646 1065 1460 1767 121 1114 1980 142 156 72 1989 658 2577 2072 202 2653 536 886 931 193 1334 1207 853 1492
2763 773 1007 2102 1385 1992 1779 2145 1707 406 519 742 1645 1511 1138 1969 1800 2516 1526 1731 1871 1894 1442 2110 2613 257 1325 11 664 1516 288 730 1165 1670 2302 338 535 2609 1527 191 2377 883 2843 392 1466 301 811 1455 94 568 1419 937 336 253 2341 1454 248 1424 1850 821 648 2219 1498 1068 112 2095 410 870 186 800 1309 709 605 1133 1040 2087 365 315 1311 855 2830 2331 435 1968 2680 610 538 1020 717 114 1634 2299 881 1966 434 1142 694 1784 2788 1110
70 1125 1753 2772 2777 2077 2478 2561 1842 18 2510 431 2757 1390 1252 1035 1557 1834 2 2663 951 2015 601 1839 2818 2161 1759 2622 315 1165 1075 2302 202 2323 191 767 2315 2149 215 1951 2702 103 277 1798 426 297 737 1235 522 2409 2000 1801 1175 251 1427 2509 1306 436 1357 485 121 67 1809 2546 2242 2054 86 1597 364 2653 990 1323 1928 1845 1230 369 2624 2471 2240 2121 2656 1012 2143 1558 502 2504 2024 2016 1001 569 634 1905 1810 2329 581 876 1406 1394 193 1959
1146 1752 1545 4 2389 59 1799 2367 1624 1202 626 2082 817 2270 1737 1926 547 1644 2069 987 2817 950 1319 1386 556 1407 2790 85 2411 2300 2528 1656 2477 611 826 283 2501 613 312 2832 266 188 1102 1934 1328 2767 2044 1663 2692 2840 2515 2011 271 947 550 440 169 2289 1414 1892 1837 1998 1782 1444 345 2735 1190 1993 2631 433 1408 533 1029 645 2527 635 1771 1617 51 659 932 1422 1649 1552 2440 326 674 197 735 305 860 1929 221 274 2837 1405 1730 1710 2595 2650
1146 1752 4 1545 1624 1644 817 1202 1799 1407 59 2411 2817 2389 626 1926 2790 2501 2832 2367 2528 1934 1737 1656 312 2069 2082 1102 987 556 2270 826 2300 2044 266 85 547 188 221 635 2477 283 943 950 1405 1319 1386 613 611 2515 2631 550 1328 2767 1414 1663 2714 1422 947 2011 2840 1983 1444 169 2397 1029 1837 1489 109 463 1190 1782 2130 433 2707 203 2375 2289 1092 345 2781 480 2837 735 2574 2692 860 2454 1710 2133 1552 1993 271 1045 2836 179 2769 2148 197 996
1944 2294 1055 1056 2728 2766 725 2207 2558 165 1825 2825 204 447 1940 137 899 1212 2135 2842 1606 1986 1130 2741 116 2580 1463 1134 1452 1935 1547 2511 2041 246 1067 2435 1841 1899 146 494 97 2736 2708 2068 2813 2286 722 2292 362 686 804 2057 79 2248 2438 1126 1223 2382 1874 682 1076 140 329 1868 1937 1464 1185 2665 2291 2569 2506 657 2258 692 1592 2719 948 2305 647 1639 574 1777 491 2683 2393 2639 677 2319 1876 2436 442 1486 1962 1012 2838 1333 2309 249 2509 2036
2252 1651 2682 1179 1977 2491 2328 1578 2097 1063 1583 1769 916 841 2042 952 748 945 1579 639 1354 1531 919 2647 1920 887 1791 2065 227 9 2778 1470 1770 114 118 567 998 2792 1528 982 2310 930 2723 1585 1851 1667 819 1657 2225 808 2575 928 2729 763 2379 1854 1211 2711 517 382 1367 1970 1368 778 1507 2349 159 2550 515 875 1566 311 492 2081 580 2459 2019 326 2698 2103 575 566 1210 1239 1154 512 1042 513 2488 975 809 2754 1273 1919 917 840 91 923 902 129
1681 487 2600 1384 1705 942 2085 2543 2458 966 337 1000 1853 1739 360 1695 542 1331 710 54 2782 2664 1893 1742 2259 660 50 2660 1614 1495 791 2369 1508 1673 1031 1565 2803 1287 2696 2257 1554 813 355 1370 1105 1396 908 243 2262 2596 921 1290 631 2064 984 1518 852 1002 1017 2282 2049 1978 199 21 1770 1119 731 681 2469 289 607 381 893 1676 747 2384 500 361 530 2392 1890 2357 1717 1562 2126 1033 733 2618 1952 770 62 1499 1888 1320 1510 2668 2451 332 2462 1398
1649 2767 1054 645 947 1663 1444 1679 1623 2707 2837 1328 2836 169 1544 2439 1782 1381 1658 51 2628 2011 2241 1029 1261 1840 1218 1617 440 1045 2735 1993 735 1640 2650 2046 2840 445 2352 197 155 1422 712 194 992 463 1051 2050 550 1552 2289 305 134 2130 1253 319 1860 2713 489 674 1208 1486 965 1417 900 1416 659 1948 1437 1586 497 1775 1489 2515 563 860 2084 904 1468 201 1123 1307 2556 2133 2631 906 260 2272 2826 64 2815 2287 433 2088 2714 1627 769 259 1369 59
1125 1753 2772 2777 70 2077 2478 1842 2561 18 2510 2757 1252 431 2 1834 2663 1035 2015 951 601 1390 2818 1557 2161 1839 1759 2622 315 1165 2315 103 1075 2302 191 297 767 1323 426 369 1235 2323 121 2702 1460 2149 1186 2024 2143 1951 1845 1809 86 2242 1175 990 1905 67 2624 2653 1597 277 1443 193 2409 24 202 2000 2016 578 10 569 988 2022 2121 536 1413 2656 1391 1357 485 2583 1959 126 876 2240 688 737 1418 2509 1801 2054 2471 1333 1798 1306 215 2546 1114 39
1353 1228 1883 1785 2178 304 1213 2066 2113 1389 545 2546 1161 1513 1847 1773 2784 2022 483 1971 1115 1795 2277 789 1300 240 1394 1898 617 1257 2129 1093 1786 407 2422 529 465 2523 1801 2504 374 328 1137 2238 1087 2700 1178 132 2381 2540 341 34 1951 766 2759 1333 581 2579 1990 2114 1996 101 1224 395 614 499 898 824 47 1683 1106 777 1361 2542 1176 926 2437 1900 695 727 540 2547 1561 832 1166 714 1451 1116 1743 2495 76 1091 436 1559 1533 2644 1838 2242 737 251
1118 1143 1822 430 1124 1037 1097 331 1293 326 580 2236 159 1297 2053 1972 721 2062 2402 1647 1475 1967 2061 1050 1921 31 1635 390 1715 1140 655 999 2715 726 314 1755 1756 1187 1317 1011 799 1395 1648 1692 1472 478 2406 1273 1303 1568 805 504 2470 2693 2301 1789 654 391 1008 1929 2611 1831 643 484 2059 806 2407 1918 1026 927 268 2505 2465 1781 1612 1655 1875 2765 1730 1662 2531 2698 782 467 936 239 1018 1216 452 1356 455 534 2794 2429 1787 1127 2806 1706 2070 1378
1752 1146 4 1545 1799 2367 950 2069 1202 59 2389 1624 817 1644 2832 2790 312 1102 1737 626 1656 2501 1926 2817 1407 987 547 1934 2411 2477 613 2082 2528 2270 1316 266 1840 556 1965 1319 1636 2300 85 611 1386 2044 221 188 283 440 2767 155 943 826 2836 1496 735 2241 1782 2515 2289 1663 1092 635 433 2148 1658 518 1328 2424 674 1948 2840 1405 2556 1983 1381 2628 1552 2815 259 550 663 947 1437 1208 1617 2631 169 1422 2652 2272 2011 2714 2397 489 2352 1416 659 1486
1728 754 1231 2756 1533 757 2320 2021 1149 2533 29 2172 286 2673 218 293 967 2024 1804 1597 426 2143 1719 24 792 119 707 80 2354 2787 1296 2054 634 135 2295 1849 1984 2430 2408 213 2323 558 1265 2260 2413 1383 1312 240 2296 739 2784 2615 1898 483 1478 1448 2277 658 789 589 2224 1689 2235 1361 1451 727 1175 1306 2472 853 2540 1427 1867 1091 695 414 251 2638 1555 1951 485 646 91 184 1529 1829 1269 1300 1722 407 2390 1801 2644 304 1334 1852 1093 1230 1236 983
29 2533 286 2172 2673 1149 967 2320 2021 1804 2756 2024 218 426 1597 1533 2143 1689 24 1728 634 2430 293 1231 1719 2235 754 91 2260 739 707 792 2296 2354 1849 2408 213 757 2390 1529 1867 1478 1722 1265 2638 119 2615 424 2224 1383 1296 1448 558 2295 80 1269 135 19 1733 2054 499 184 2566 2413 291 520 232 2787 2744 1984 2472 1535 1886 853 1945 2149 832 2078 983 1555 1252 1593 1334 1091 2015 695 76 1312 2072 1346 1492 2785 2656 2302 1670 2129 1165 2299 465 315
1416 1096 1948 2272 1316 2556 1860 2815 1496 1965 2545 1051 1636 1796 64 747 2721 2352 305 439 2713 2241 1993 1362 2034 1897 562 100 1569 1381 659 715 1584 1623 497 2023 2433 2270 2650 1617 155 1218 1782 712 2741 547 48 899 2082 1586 2135 1658 51 1422 1926 201 1328 2767 2707 2309 1606 188 563 2631 987 1411 2769 556 1544 2300 116 1684 2298 947 2011 1663 1453 2213 1552 2708 1045 348 79 1640 1679 2628 1261 169 2826 2189 137 1212 221 674 2584 1947 2289 2454 2817 2727
2054 646 2787 1115 293 1951 1389 1300 2546 2000 1451 1361 727 2113 1559 2066 1175 1213 1306 483 2178 658 589 485 1106 1394 304 1353 545 2161 789 2784 1883 614 1798 2540 2277 240 1137 1427 2504 251 529 1801 2759 374 1230 215 737 436 2579 572 962 581 2323 101 2022 2238 364 1785 803 2114 1971 1683 395 766 2381 1900 2644 2242 2072 898 1786 2409 341 1257 1228 328 1093 989 29 2149 1447 1166 131 1898 1161 16 2040 1693 1334 783 2656 714 1928 2533 1513 2024 1452 1875
502 2471 990 2601 688 2624 103 297 1845 1235 1323 126 284 848 1114 1186 768 1830 931 578 702 1340 1767 2276 2314 1608 1391 903 1413 1908 522 1107 835 65 2388 1720 1821 1512 250 1310 1975 684 1254 2667 1406 2478 1165 1012 1075 2121 2757 249 1759 1810 1390 988 1905 2090 202 2509 2149 627 569 193 1175 1839 2302 2016 1753 1125 2077 485 2350 277 2240 121 102 1809 2561 1557 10 86 2772 67 1531 2777 1951 1001 876 379 1793 2622 1741 364 2462 1605 725 1459 1144 767
2421 1754 1038 865 1949 1041 640 13 2520 1272 2210 2578 377 828 323 2671 2047 1337 2828 672 2602 1668 370 933 1374 56 698 2032 1189 1521 2083 932 1049 1910 1249 1477 839 955 2795 2570 2038 2428 2839 1329 1399 2629 1429 729 2335 2798 2031 2150 1764 964 1819 358 2221 1757 2783 1780 1929 1275 2120 2353 1070 1598 2054 882 1864 2539 340 1704 2070 123 658 400 2513 2149 2784 618 2687 305 653 220 429 1334 1789 1255 2669 293 1175 2515 901 1273 2108 2267 574 2387 1274 783
1540 1618 2340 46 892 2635 1615 2820 223 2158 2215 349 1101 1060 2834 961 2013 2339 1324 2541 1349 2473 2781 2466 1 2138 2513 234 2648 1572 511 2266 1095 1167 2100 2372 414 342 1964 307 2213 1862 195 551 317 1520 642 1622 969 1409 913 2486 2253 2399 600 1698 2727 352 2223 2343 1811 649 2338 2004 846 2226 1421 147 1994 1571 685 670 391 2212 1327 1355 1774 1461 2764 2289 2595 203 1059 1238 663 1441 1291 2801 518 1034 1338 2698 669 2812 1135 2403 746 2650 90 1974
2252 2682 1651 2097 1977 1179 1578 2491 2328 1063 1583 916 945 841 1920 639 2647 1579 2042 1770 1769 227 1528 952 114 9 748 1354 919 1531 2310 887 118 982 1470 2065 2723 567 2778 1851 998 1791 1585 930 2225 2792 819 763 1657 2379 808 2575 1667 928 1211 1368 1367 2729 517 2349 512 2711 1239 1854 2488 2459 382 515 1154 311 1566 2026 492 1970 566 513 875 809 579 2618 923 528 1209 975 2103 2658 2165 7 1210 2028 2416 778 340 1593 2559 2304 1031 159 1065 1562
1842 2777 2077 2772 2478 1125 1753 18 2561 70 1252 951 2818 1834 2015 2510 2663 2 601 2757 1035 431 2161 1390 1557 1418 2315 1839 1460 2622 1759 767 277 193 569 369 121 988 2016 1143 1989 211 536 2496 597 1065 992 5 1938 1822 315 2149 886 931 1686 1268 39 182 2108 1443 2090 684 733 1628 1685 156 1647 1431 2781 1132 2556 423 1097 1461 1114 1656 2808 889 2402 680 817 2577 2409 164 853 414 1833 1413 497 954 2046 721 2022 1972 1921 1747 2817 1817 1975 1075
1146 1752 4 1545 1624 1644 1799 1202 59 817 2389 2501 2411 2832 312 2528 2367 2790 1934 1407 2817 626 1102 987 1926 1656 1737 2044 2069 556 2082 950 85 2270 547 188 2300 635 266 1386 2477 283 611 221 1405 943 1319 826 613 2515 1983 2011 1190 2714 2840 1092 1948 1208 1782 433 2631 2289 2781 550 2767 2424 1316 2836 155 1552 305 1381 197 659 674 1414 1840 1965 2652 2375 259 440 2241 1416 168 319 2419 2397 445 1437 2088 2556 1328 735 562 271 1422 1636 1663 2148
2823 1882 956 38 20 2573 1200 1865 630 1260 2268 115 167 924 1995 1858 1456 1284 2194 669 2627 459 2261 476 122 1880 2313 1286 1188 411 661 396 37 1539 454 1227 1084 2476 2726 2749 1471 1844 922 1308 1082 2222 1449 448 1400 2216 2425 468 1025 2060 1318 1697 1797 2444 1990 620 1763 2422 1153 1280 1536 2030 42 1032 506 1057 636 2239 1178 2118 2740 2162 275 285 2623 1006 829 953 1205 2281 83 1015 1703 2197 2791 1487 1199 1090 565 2523 307 2437 189 2296 372 1113
503 711 633 772 1680 2322 2250 1704 1335 2228 2193 2479 2592 2557 2052 1532 1111 602 238 28 1376 81 1708 1332 587 68 972 2681 671 2119 849 2552 458 2099 2365 330 2177 740 152 2819 505 2764 1896 2527 261 1827 313 2283 1339 92 696 2144 553 175 354 2237 847 2500 2814 1917 734 1741 2191 2028 532 2742 120 2181 2689 2716 1655 968 523 1746 2370 2674 1117 2812 1956 533 705 1831 159 1010 200 1563 507 2534 1135 2773 1789 1314 2062 1097 1972 344 1293 2316 2158 2597
2600 2085 942 1705 1681 2543 487 1384 2458 966 337 1495 1331 1614 1742 2660 1673 355 1000 2262 1853 1695 1739 908 1554 360 984 542 54 1370 710 2257 2696 813 2782 1893 2664 852 243 1002 2259 1396 660 1105 1676 50 791 1508 2369 1978 2596 921 1119 1017 2064 1290 1565 2282 1287 2803 2392 1031 631 1518 361 2049 21 2357 893 1033 681 886 199 62 1398 747 2384 78 1890 289 530 302 451 417 1562 320 2451 607 332 1770 292 2743 1301 1320 432 1888 2469 555 1686 597
2021 2320 2756 2533 1149 29 286 2172 2673 1533 1231 1728 754 757 218 293 2024 967 1804 1597 426 2143 24 634 2430 707 1849 2354 119 2054 80 1296 2408 213 1689 1383 2787 1719 135 558 1265 2295 646 1478 1984 1951 1867 1175 1312 2235 1306 424 2638 727 1529 2413 658 1361 2390 1448 251 1451 589 485 2260 2277 91 2784 184 1722 2323 1106 529 2615 2078 1394 240 1801 304 1559 1427 2644 2178 2000 1839 395 19 2472 1269 853 2113 792 1898 1886 520 1230 483 572 142 1088
301 1419 2331 392 519 2763 2101 1546 773 1992 94 2102 1894 1454 937 248 336 2341 1527 648 1779 253 535 538 1516 843 1424 2145 568 2377 1133 809 338 1455 186 717 2420 1498 1634 610 1309 605 2318 1442 406 1385 870 1778 257 434 1466 2843 365 1387 2095 1526 678 2830 1131 811 821 2560 1670 2219 2264 1040 730 2549 1325 1850 1142 1707 1020 1511 2516 855 1200 414 69 2027 1966 1731 1138 1311 2519 2243 2087 908 1581 544 1783 1068 1042 1245 435 800 1007 1573 1077 2081
879 557 1863 2460 1925 1982 667 1619 1539 1242 2139 2524 2385 2473 352 1735 2833 1278 741 273 2363 687 2844 127 2797 2189 299 1549 2092 969 2269 888 641 2412 2371 1814 428 2094 1122 1803 2776 1078 2104 2576 2175 1589 160 226 1530 2403 2484 264 2731 2595 262 991 1509 2801 1811 577 837 1660 867 267 1807 1373 1291 2063 1238 1480 2138 147 1815 1338 2607 2771 1862 1009 891 1295 2455 349 1607 1816 1366 2633 814 2431 2266 2710 2517 2709 1828 1167 2783 385 1355 2468 1341 2255
348 925 2769 26 1870 480 1369 2714 2454 2649 663 2538 179 860 1417 1489 712 550 1701 1788 1710 2050 2130 518 1045 2241 735 1422 445 1328 2840 2011 1617 2375 197 463 1658 1782 1552 1663 659 1656 2289 1381 1644 51 2836 1029 817 645 2707 2817 2461 793 1934 1544 433 704 1840 900 421 1623 1486 1092 2125 2004 1983 547 1624 556 1930 2439 1679 64 2528 1649 1437 260 440 2790 1054 674 1993 2826 1034 1743 169 1665 1758 947 2767 2545 1444 769 2650 168 2397 1208 832 1197
1944 2294 1055 1056 2766 2728 2207 725 2558 1825 165 2825 447 204 137 899 1940 2842 2135 1212 2741 2580 1986 1606 116 1130 1452 1463 1547 1935 2511 1134 2435 1899 1067 2041 146 246 494 1841 2736 97 2708 79 2068 722 2057 2292 140 1126 1868 686 2438 362 2813 2286 2291 1874 2665 682 1223 804 657 1185 329 2569 2248 2719 692 1076 1592 2382 1876 574 1937 2305 647 491 1464 2683 1777 2506 2639 948 2319 442 2258 677 1639 1333 2393 1962 1486 2022 1931 790 2509 1012 249 2526
909 1113 2494 1487 1471 1477 953 1400 2573 924 2503 2620 1687 1960 84 882 1922 2115 1232 1616 941 2688 214 1757 1255 2150 1591 851 2348 2421 1458 1953 327 1139 43 971 1596 1602 1462 2677 40 300 281 2386 2448 398 1995 1199 867 423 1802 1880 986 1696 115 594 1183 123 387 1371 2571 1949 244 2678 370 335 1866 1882 1979 2230 750 2572 2562 1525 2047 2188 420 2197 1726 2425 2476 148 956 1768 1041 2498 762 1766 2387 117 1280 334 2761 1038 1397 546 1184 2720 396 2179
291 2542 540 1631 617 1561 499 832 1535 1334 2016 465 1197 2242 1019 2656 1593 783 751 898 2149 1346 63 1087 1685 714 1558 954 576 614 1333 2072 895 1103 1166 1590 1836 676 853 2129 93 792 1672 2022 91 1161 2409 1773 182 149 1228 1513 1483 1928 1847 1434 1693 596 1207 2235 1749 95 2112 2547 1298 2700 2114 1712 739 1760 1999 2827 1137 683 1743 1116 1971 1004 47 376 1714 1838 1795 1804 2437 1713 1990 1785 1447 1719 1343 16 2296 2260 1257 1469 2441 310 1224 824
1007 1385 773 406 1707 2763 1779 2516 2145 2102 1992 1526 1645 1511 742 1800 1442 1894 1969 1138 1871 1731 2613 1325 2110 519 288 1516 1670 730 664 11 257 1165 191 2609 2302 338 1454 2843 301 883 568 535 800 1466 392 1850 538 1546 1455 1527 1499 1936 2492 792 2087 1968 186 1498 2377 811 733 1068 1966 2310 855 821 500 2095 358 694 253 2243 1174 774 2006 2299 739 964 1268 2697 2296 336 673 1211 678 1725 2795 843 866 1913 1784 2331 414 94 2519 1399 1094 2219
2232 822 1262 2137 1568 113 455 799 290 653 1506 2142 241 1503 2070 495 1274 2693 1141 1505 2794 452 1024 1932 654 129 1062 408 1282 49 525 1813 840 2565 2669 268 1789 383 356 1781 296 2025 1612 2531 501 61 1787 324 1655 1831 2285 2396 2091 239 2311 2164 2765 927 1011 1039 2715 389 131 245 1918 225 207 1127 788 1923 1281 1875 758 27 1273 209 456 464 1780 252 89 1706 125 838 2173 1843 2634 1026 216 192 1395 2698 2280 1472 1921 1297 139 138 1912 1755
2578 377 828 1272 13 640 2210 2520 1337 839 1049 932 955 672 698 2828 1521 1668 933 2602 1249 1374 2671 865 1754 323 1910 1041 2083 2421 1949 2047 2629 2428 370 2798 2795 1038 2539 1429 2839 1329 2570 2031 2335 729 2120 2038 1070 964 1399 2032 1764 56 1189 2221 358 220 2640 1952 1704 2808 500 536 882 36 2452 1132 2186 2150 123 2333 1431 2449 569 2487 2105 1929 1266 2687 1240 432 2387 319 1487 1588 144 2353 2775 1003 400 979 1415 2735 924 1006 2668 1275 1255 1730
2479 1532 849 505 2500 2552 523 2181 2819 587 238 28 1563 2283 1896 175 2119 1827 2716 2099 2191 458 734 313 152 2250 330 705 1704 2365 2557 2674 1708 2527 2689 1335 2534 847 354 1741 2370 1339 81 972 1376 2228 2681 2177 92 2814 696 2742 671 532 68 772 120 711 503 2597 633 2322 1680 653 1956 2592 2052 2028 1917 2193 1655 1111 806 1831 968 1555 1010 1011 1972 553 721 2236 1662 2062 261 602 1635 1787 390 1117 1974 2764 1789 1647 2429 927 356 296 290 2470
2840 445 1663 1328 2241 1623 2707 1679 2011 2767 1658 2515 2836 712 1045 1054 1782 1381 1617 947 1444 51 197 1218 463 169 1710 1417 1369 1640 1544 1489 2050 1486 1552 900 1993 1437 550 2439 1649 2628 1208 860 2837 735 26 305 659 1261 155 925 559 2130 2714 1422 1840 1870 645 2826 2454 2397 562 260 2652 1934 674 1569 1701 1948 1307 1416 2419 348 2289 64 2375 1656 179 188 1405 556 480 2649 2352 2832 194 563 1092 1051 440 1796 1788 2544 2713 312 943 100 489 1644
2281 2288 39 926 1818 564 1357 230 2495 1180 1996 751 76 777 1091 1538 1693 1593 2656 1482 2080 739 2699 441 2114 2247 2785 2489 1846 2493 2224 1523 2149 1836 2239 2242 88 1914 2383 2695 824 2202 1476 2437 1856 1713 187 683 596 198 2073 2441 1786 2745 1714 541 465 2547 2422 1743 2296 1116 1176 1672 920 47 845 60 1197 575 983 2111 83 1304 2190 917 1057 993 1950 1561 373 1919 2497 95 32 617 1019 2827 792 1483 2324 310 2033 63 1633 1601 2641 902 397 1719
1146 1752 4 1624 1545 1644 2411 2528 312 817 2832 2501 1202 1934 1799 1407 987 2790 2817 1102 626 59 1926 1656 556 2389 1737 188 2069 635 2082 2044 266 1405 2270 2367 85 2300 221 283 826 943 1386 547 2477 611 613 1319 1983 2515 950 2574 2011 463 2714 1208 2397 1190 2840 1414 1948 319 1029 2631 2767 445 1489 550 1092 1552 2419 659 2652 1422 2753 1468 1416 2088 1339 900 2544 2343 2375 2424 109 1151 412 965 559 606 1782 2676 1486 271 2564 2148 2312 2781 169 2735
1132 1588 536 988 193 569 121 2090 680 1268 2333 1431 866 36 733 2117 1793 1430 1886 500 1499 1699 2078 1553 1492 1053 142 802 878 901 429 2217 432 2415 2568 427 1256 176 1065 555 1033 979 1393 2743 1890 2029 2668 332 2227 1686 1236 1888 554 2786 289 1418 597 1562 868 886 2384 21 571 2451 681 340 199 2108 2423 417 2267 62 1398 2380 2143 707 743 361 24 893 391 2024 1008 1467 32 634 2019 1266 302 213 2698 2407 2808 402 2406 1648 1789 412 561 426
2797 2844 299 2269 1122 2092 2189 2833 2403 264 2455 891 428 2412 2484 2139 2371 741 1982 1009 837 2576 667 2063 1814 1815 1735 2776 1549 1159 1925 352 1619 262 267 90 1291 2473 1238 2731 2385 1863 403 888 1622 1589 1539 879 1338 1509 641 2811 1 687 2255 2094 1078 2548 160 1520 600 557 2727 573 226 2486 317 17 2460 969 846 2100 1373 1242 642 1530 1571 2399 2338 2740 307 1607 2771 1862 2175 2223 472 991 1421 1930 2431 1698 342 2123 1887 1551 1349 1341 1350 1572
2502 2152 1605 84 1371 1139 5 1953 1602 214 2348 509 844 1866 1515 2457 2841 1696 2141 2567 244 1616 2751 941 1171 22 2115 1214 2109 2128 2464 2572 957 1726 609 1199 2404 2725 1889 1766 1525 2448 2263 2386 106 1280 2678 744 2623 1632 1661 785 1927 1659 2203 96 2153 117 894 2060 1032 1488 1397 2150 420 1198 851 1960 1987 2768 189 2168 1738 2353 621 40 1064 498 466 1326 1184 375 425 2182 2124 171 2014 419 327 1757 1979 1205 1232 2056 510 1365 2303 2522 1061 2554
768 2601 284 2471 1845 1340 990 1114 502 903 848 1830 2624 688 931 1107 1767 297 702 65 103 1608 1323 1235 1512 126 578 1908 1254 1186 1310 2388 2276 835 1720 1821 2314 1413 522 1391 250 1975 684 1147 2080 2383 800 1120 1482 483 2802 441 83 1016 993 967 2005 1804 2006 2251 1968 373 1620 2695 1523 2151 1174 845 414 1252 2492 663 2194 1458 1142 1067 2820 1913 584 205 774 1410 2161 2697 2754 2519 1719 2261 678 2087 762 1850 1943 2239 951 12 2275 2015 2395 2560
2093 1879 394 1906 607 2357 631 2392 446 530 1518 1604 2049 2596 2282 2796 1301 1981 1058 2140 1290 1017 451 921 1237 1909 2064 1613 1567 662 1119 1978 2660 1132 271 124 2090 1618 536 193 1588 391 1892 1088 1060 988 1099 121 1931 1692 1742 2343 643 569 1473 918 2781 2822 1924 1645 337 682 2438 1800 2682 2625 1771 344 1002 2089 608 1540 120 2786 1774 2515 997 2809 227 412 1393 1072 444 979 467 1775 2507 961 1101 2741 1942 1408 2692 173 1904 2708 1395 2019 746 1929
1980 2685 2702 2315 269 277 1548 767 369 211 1460 1989 2532 1833 1443 1938 2496 1747 2 531 951 2663 2388 2818 2015 1767 1252 1834 1340 315 601 431 18 2276 1413 684 889 1943 250 1842 2510 590 2302 1975 1753 1845 2161 2622 126 2478 1557 1125 1759 541 70 87 83 1950 1200 1165 931 1391 2686 1390 903 39 768 2281 993 2239 2757 1720 1821 1107 2314 2033 902 578 917 2653 1114 2772 920 2624 848 32 1919 379 1601 2777 1357 1593 1310 702 2288 191 2077 2482 1410 835
2512 850 1504 2362 222 2355 1436 2218 1305 935 2750 2096 2342 1052 2450 836 1321 2201 1098 755 2645 1736 1933 1790 2156 2691 2071 1806 1709 2432 897 1638 461 2420 477 177 981 1903 629 2122 380 2829 1085 2163 2679 816 1267 1163 612 2074 2593 453 1233 437 141 1599 1976 1023 401 760 2452 1628 2055 73 1510 1145 174 1621 1911 164 823 2446 99 399 2775 156 144 460 2587 632 1044 1808 1872 1006 2161 2722 2353 1047 1404 1688 595 72 701 2274 1155 1811 694 2361 2747 1741
1085 816 2122 177 1903 2679 1163 2829 2452 453 2274 1808 1628 1155 1688 401 141 2163 2055 1100 1404 1089 1023 760 612 1145 1872 2098 1047 2747 981 823 73 2009 1415 174 2722 477 2636 2775 460 72 461 172 1510 164 156 1241 2577 399 595 437 2587 694 208 2074 1784 380 1233 1599 99 1717 2655 2469 731 2126 1160 1976 975 121 666 7 536 599 193 569 988 222 2793 2537 1132 1271 2090 2380 1588 1305 1741 1339 1430 1173 151 1956 2149 923 422 2792 1879 2218 1851 1006
1708 696 671 2119 1956 81 2365 849 2370 532 152 2814 458 2534 2819 2689 705 2479 313 2028 587 1339 2283 1741 847 2527 1532 2552 1827 2674 734 2557 1896 2716 2500 2181 523 175 28 2742 2099 354 972 505 1563 92 238 330 1376 2228 2470 1335 2191 1704 2177 2250 2681 261 1010 711 968 503 633 68 1555 2193 2322 1680 772 1117 2052 1917 2592 12 1746 120 2698 1473 245 1789 2144 1475 209 1787 726 2059 390 1635 2396 2764 1111 1273 1955 974 61 2236 225 314 838 207
2142 840 1062 324 129 501 1813 1923 1932 788 456 822 1503 1039 125 452 1281 2137 241 1912 2285 89 389 2565 2765 2634 1024 1026 1789 268 758 2232 628 1655 1220 1831 927 1568 131 495 467 1843 464 1706 2531 1875 455 1378 53 2687 2398 1011 113 2465 2505 2236 484 1022 2062 1730 1037 1273 2407 1048 2301 2059 2632 1297 1008 1262 138 1662 1929 1124 1475 1018 2053 1612 2715 478 290 2244 782 1140 2611 780 753 2429 1395 1918 108 1715 363 1472 1275 1438 1500 314 1465 643
364 2381 374 101 436 1900 215 2759 2040 251 2579 803 2238 2504 766 989 328 737 341 1427 395 581 2644 789 572 2540 545 529 1394 2546 1230 1115 1898 1106 1683 2114 407 1257 962 1801 240 2323 2277 1883 1798 1389 1361 2242 1451 1559 2000 1951 483 1786 1093 1306 2113 2066 2784 2178 1213 1971 304 727 1353 485 1175 1300 589 646 293 2787 658 1137 614 714 1357 2409 1207 1166 2656 898 2054 2149 1558 2072 1928 2495 39 1693 1818 754 1180 1334 1144 853 1091 926 2288 564
1944 2294 1055 2728 2207 2766 725 2558 1056 165 1825 2825 447 1940 1986 2580 494 1130 146 2435 204 1899 1874 2291 2057 1452 1223 574 2741 2708 647 2683 2639 137 899 2135 1606 657 1212 1185 2842 116 682 2438 1777 1876 2813 2736 140 1868 491 686 2248 1937 2569 1463 1126 2506 1592 1935 2286 2041 2382 2292 948 1464 1547 2393 1076 692 1639 677 329 1841 1067 97 2511 2719 1473 2704 1134 804 1486 2220 974 79 2089 1892 2625 1433 271 255 12 1998 1439 790 1931 274 1771 442
2328 1578 2491 1179 1769 2252 1977 1531 748 2682 1063 1651 952 1354 919 887 841 945 1470 1583 2778 2065 1579 1791 639 2097 916 9 118 2647 1920 567 2042 1851 1667 930 114 1770 2792 819 982 1585 227 2723 2575 1657 998 928 808 2729 1528 763 2379 2225 2310 1854 2349 311 1211 875 517 1210 2711 492 382 566 579 512 528 1367 2416 2658 513 1368 923 1154 2459 1209 2618 2026 2304 2775 1970 2488 25 156 1273 2165 515 1415 2559 1566 778 2316 2117 975 7 2698 174 1688
2548 1982 1925 1619 667 2844 879 1520 2833 2139 2727 1 2371 2460 2092 2484 1863 837 1009 557 2385 2455 299 2063 1735 2399 1814 2412 264 2797 741 428 262 2269 1122 641 1572 1815 234 307 1159 2363 2403 2189 1622 2576 2776 888 342 352 891 267 2158 913 2731 1238 1291 1549 2215 1373 226 687 551 1589 403 1078 160 2473 2771 349 1509 991 2431 2783 1338 2094 1539 600 1530 2468 1660 2486 814 573 2517 2633 1242 2100 1807 2185 1776 2255 846 1350 2811 385 2834 1375 2298 642
2844 1122 2797 2412 1814 2092 299 2371 2455 2139 2833 264 428 837 2484 1009 2063 1815 1735 1982 2731 2269 1159 1549 1622 1589 687 2576 2776 2403 667 891 267 1291 1238 741 403 2727 1925 262 1 1520 1619 342 1863 234 2385 2399 600 1572 1338 888 913 1025 641 2486 2100 352 573 551 2811 90 2473 307 2255 879 1373 2189 2215 317 2223 2771 2158 17 1698 1571 2338 846 2460 991 226 557 642 1095 1059 1509 1862 195 1409 1660 1539 472 2548 2253 1807 969 2633 349 2431 867
2043 650 2666 2816 2171 1703 1288 2810 1891 1363 2216 922 475 1188 1284 37 1763 1723 2346 411 1916 1456 1697 2268 122 1308 1090 1082 468 2167 459 1006 443 2841 586 959 333 1260 309 1153 2449 1865 2823 285 759 2706 8 1217 1227 2535 1286 1761 1200 1671 1995 1221 2643 807 2194 924 181 1570 1858 659 1474 1884 38 745 565 980 795 1380 546 2425 448 2387 398 1278 521 829 620 732 372 2399 6 1603 2313 2617 476 1882 2118 2476 669 2261 1907 2573 298 1025 325 724
727 658 1951 589 1175 1389 485 2113 1213 2066 2546 1306 2178 304 545 1115 1300 1394 2022 1361 1353 1451 1798 2000 1883 614 1106 2277 1785 572 962 1137 1230 1559 483 2784 2072 1333 789 1228 1207 293 2323 1558 2644 1683 853 714 2409 898 1087 581 240 2787 1801 529 1166 395 2114 737 1019 783 63 2242 251 1971 2504 2149 215 1786 2759 101 436 954 364 646 374 2656 1427 1257 1928 766 2540 1900 1161 2579 803 1898 2238 93 895 2040 2054 1334 1685 676 328 1513 1839 2381
1704 2479 1532 28 2557 1335 849 2250 503 2099 505 238 2228 330 2819 2500 313 458 152 711 1896 772 587 633 734 2552 1827 2181 2119 1708 1376 2365 1563 2674 523 354 1741 2283 2716 1680 972 2177 1339 2191 81 847 2689 2370 705 671 2322 92 2681 175 2527 2534 696 2028 2742 532 1956 68 2193 1917 2052 2814 653 1111 2592 2391 1655 1555 553 2062 1787 200 1831 225 1472 1929 159 1117 602 533 2001 1961 1789 1746 120 968 618 927 2764 2144 2025 806 1635 2597 1143 261
2551 247 2018 764 1289 2008 2146 719 2284 1403 153 2603 615 2582 1157 1534 862 190 1351 2824 206 343 1577 1751 1493 1633 914 1915 35 1204 2487 723 276 1359 809 869 539 2585 1121 2310 982 2157 2536 2067 2209 2097 1997 1136 2165 1042 2081 1211 2103 58 2379 604 2019 2434 585 2225 2252 490 549 528 873 2718 763 512 66 227 282 652 2405 1128 2485 1566 812 492 2349 1532 1583 118 303 1245 2027 1651 290 847 2527 2361 2488 2336 1531 2462 930 916 1772 1395 799 1368
2066 2113 304 1213 2178 2784 1883 1389 483 1300 1353 2546 545 240 789 1115 1785 2022 1228 1394 2277 1161 1951 1513 2504 1847 1773 727 1898 1971 1333 1795 658 328 407 2238 766 2540 1093 2759 1175 101 1361 395 251 2579 646 529 2381 1427 341 1451 2787 436 1306 1801 485 2644 63 1106 374 364 589 737 1019 1900 293 614 1559 572 2040 989 1683 1693 2149 581 215 2000 2054 1685 1137 2114 803 954 962 39 2242 1230 132 1231 1798 1743 2656 2323 2409 1257 824 1728 695 182
1255 986 123 882 1757 2150 1477 422 2735 1811 134 1029 965 2352 2836 319 1840 2628 440 1649 645 1422 2767 947 2439 1860 1617 1589 2011 155 2403 2815 2707 2837 613 1948 2631 2477 1218 1775 1444 670 747 173 1704 1862 169 2838 2001 1623 437 2650 1148 1993 231 1663 1548 1233 1782 1917 2553 194 1355 1636 2524 2088 1544 2074 1267 2482 932 121 796 784 1122 1253 1381 533 2241 109 201 2710 477 2340 2289 1236 127 1054 1461 1328 1552 2606 1958 269 2595 1320 2046 1051 2380 2713
849 2819 2552 2479 152 2283 458 1708 2119 587 313 175 1827 1896 734 523 2500 1532 2181 847 1741 2365 2716 1339 2674 28 505 1563 2370 238 705 2689 2534 2099 81 2527 2557 972 696 2191 354 330 1376 2228 2814 671 92 1335 2250 1956 2742 532 1704 2177 2681 2028 68 1010 2470 711 261 1917 968 2698 2052 1555 503 2799 1117 1746 2144 772 61 2193 2396 120 2764 207 1787 653 2322 2592 356 633 1273 296 553 245 1111 534 2025 1789 192 2429 1182 2597 806 1473 209 290
44 16 2317 2249 1447 1469 761 376 1483 2437 1178 1057 1183 1990 1836 2700 1672 830 1620 2422 603 1732 1713 1450 2275 1224 1914 2523 1838 1116 1073 1678 1714 34 47 1449 683 2785 2180 2202 88 2745 1147 1523 1476 2190 441 2129 983 339 2695 1482 465 2080 1535 2239 2518 269 2573 1120 83 1346 863 845 2281 414 832 1996 1646 2268 777 2194 2383 393 599 2547 1980 870 94 2296 1548 60 365 1176 648 2685 1943 2073 590 1309 843 908 230 459 2446 2095 596 2537 483 1380
849 2552 2819 2479 2500 175 2181 523 2283 587 505 1896 152 458 1827 734 2119 238 1563 313 28 1532 1708 2716 2674 1741 847 1339 705 2099 2191 2365 2689 2370 2534 2527 330 81 354 1376 972 2557 2250 2228 1335 696 2177 1704 2681 2814 92 2742 671 532 68 1956 2028 1917 653 1010 296 290 1555 2764 1117 120 356 2144 2193 2052 2597 2396 2592 711 553 2698 1787 1273 806 207 968 1875 209 772 503 2025 261 1314 2017 61 1961 408 131 1852 2799 33 1746 1111 2794 245
614 1137 2072 1207 714 898 1087 1558 2409 1166 1928 853 93 895 1590 1306 485 1175 1951 727 589 658 2000 676 1451 1361 1559 1106 2540 1798 293 1257 1786 646 2323 2787 1971 1427 251 962 572 1230 1115 2546 1389 1394 581 1346 1683 2113 1334 2114 1213 783 2066 2242 529 1801 2054 215 2644 737 395 2178 1900 2277 364 436 803 304 374 2542 2149 789 2504 2022 101 1597 1300 2656 1561 2784 2040 2759 545 1333 145 426 1809 1905 2329 1869 86 634 1357 483 617 1353 321 1161
1787 192 61 2669 2025 207 2396 2794 225 654 408 296 1282 356 209 49 245 139 838 2173 525 653 1781 383 2280 2091 1506 2070 239 2164 1274 1141 2311 1127 290 1780 495 113 418 1612 252 1168 1299 1918 2279 1356 1124 1262 1273 1216 2531 1011 1875 1022 2053 1037 1475 1961 455 2693 2698 1555 131 1481 2236 216 138 449 1924 346 268 822 625 2467 1505 2611 2137 1662 1843 1140 452 52 679 726 1024 799 2690 27 2232 2765 2059 2285 1378 758 1635 2142 2429 806 999 331
1337 2570 2795 1910 2083 2335 1764 2839 640 865 1329 377 828 13 2421 2520 2578 2210 2671 1272 2602 1754 2808 2828 1668 1374 672 1038 1249 1949 2120 964 1399 2640 729 2031 1952 2629 2221 1070 933 1266 2428 2038 358 2798 1429 400 220 2513 1041 323 2539 370 2047 138 1612 2311 476 698 2687 1521 402 2387 1598 1275 1918 1022 571 467 1312 1976 1789 2279 1273 839 1378 2571 2137 2261 2025 858 2611 504 1141 1042 2285 661 131 2366 1741 2027 927 2396 452 1299 1168 1240 159 389
1113 1477 2494 1616 2115 1960 244 909 1591 1696 2503 1922 1400 2620 1687 851 423 594 1232 2348 214 1139 1866 1462 2150 2421 882 2359 327 1602 281 398 1184 1458 117 2179 1953 40 205 2101 1488 1738 2677 2571 1255 1757 275 1502 1199 509 1754 2573 2457 1973 2448 148 23 1605 1038 844 1371 1949 2203 629 1198 986 420 907 123 1426 1397 84 300 1205 510 1979 334 2303 750 1661 953 690 1183 474 1766 2567 1603 957 2386 762 2751 1080 2725 941 1471 2128 2768 1084 351 104
2755 2045 1584 2023 747 258 1320 770 1796 1407 2545 983 414 2239 2190 2622 2034 1073 1142 1996 519 1231 1980 1557 1562 917 240 1390 1091 315 967 2757 2073 695 777 2281 760 2296 2745 1065 536 1088 590 1431 2033 2784 1759 902 2288 1732 2785 1516 1176 1769 792 2756 1593 1728 2131 102 2668 1252 32 1804 2015 2098 132 483 1719 2547 1628 21 733 920 1673 1450 961 541 2161 1564 535 2518 1968 1950 2530 1731 996 2024 830 76 1476 1105 981 1063 1256 1548 1693 866 2763 88
853 2072 1558 1137 614 1207 2409 1087 1928 1166 714 898 676 895 1590 93 2000 485 1306 783 1801 1175 589 1346 1951 2540 1451 1798 2323 1106 727 658 1559 1230 2277 1394 529 1361 1786 962 646 2787 581 1334 1443 1257 2114 1833 2016 1075 1683 293 2149 687 2644 889 1971 1427 1390 1144 251 2129 572 1976 2667 2242 2542 1938 1557 2054 1597 291 2325 2546 1561 2686 960 601 737 39 395 747 1834 1406 1357 2074 2622 522 1747 110 1267 832 725 1252 1589 2653 2656 461 2184 431
355 1614 1396 1105 243 1370 1554 1331 908 813 2257 2696 1673 1742 1495 337 966 2458 1384 487 2660 1681 1705 942 2600 2085 2543 984 1002 1676 2782 2259 360 2262 852 921 2049 1978 710 1017 660 54 2282 1893 2064 1621 1119 1739 542 1290 631 2170 50 320 1301 530 1604 2336 2664 2394 2369 1642 1853 2357 1518 1946 2490 7 392 301 451 2392 1031 975 1000 3 1750 2793 1695 2452 2331 2453 2147 2405 1142 871 254 186 2519 2204 2596 599 1741 94 2593 253 2243 256 2417 144
2502 2152 1371 84 1605 2141 941 1953 1139 2572 1726 2263 2841 2348 214 1525 2623 2567 1280 1602 1866 5 2678 844 1171 22 2751 2457 2386 244 2448 1515 509 2109 1214 1198 1696 106 1084 1199 2115 1616 785 1659 117 2128 1927 2030 96 609 2203 744 1632 327 2060 1032 894 419 2153 189 2303 1205 2554 1364 2725 1184 957 2182 621 2464 1738 2705 851 1064 1251 2056 45 2404 2791 1488 323 298 1365 2760 2831 236 171 1661 1113 2401 2522 13 420 1979 973 2608 2768 2374 1397 270
1911 2691 629 796 2677 1267 281 2355 2362 2593 2420 2132 850 144 2318 2167 320 2512 1504 1973 1682 1200 1170 1718 1387 1479 396 265 2147 2359 2627 852 543 1436 1697 1519 2443 1077 2218 1380 1036 1152 222 258 2631 1762 99 2734 747 459 2001 437 2074 73 84 2722 1219 1233 1817 1006 413 1305 2047 595 1537 2165 164 370 2268 1285 224 2391 1308 1510 256 380 1371 208 1750 1958 2469 156 1320 1144 136 2363 2587 694 2126 285 1570 399 836 731 915 150 1280 1501 443 1717
340 2668 176 1562 2227 2786 332 979 1033 2384 2743 1393 1256 2029 554 1890 21 2108 1065 2451 289 417 1686 2423 571 868 555 1888 1418 597 199 429 681 886 78 292 62 878 743 802 432 302 1398 361 893 142 1492 427 1553 1053 2267 2078 866 1431 733 2217 2415 1430 760 901 500 2568 36 1521 2380 1886 981 2038 1399 1793 2117 680 945 1699 964 536 1266 569 2333 1599 1952 1628 2647 193 1236 853 698 1070 1920 1132 2578 2387 639 770 437 792 1233 2469 1588 2221
1456 1284 411 122 1188 2823 1865 1260 2268 468 1858 922 2313 459 37 1308 807 1082 1763 20 1697 586 2167 1286 167 1090 443 454 2118 1227 1153 669 2194 1844 38 2261 1006 476 1610 372 1015 1084 980 1884 2791 115 829 2643 298 2030 1761 2425 2222 2573 448 759 2060 2627 1995 181 620 419 1425 661 2303 1205 2476 189 894 1032 1570 2726 1702 2554 1285 2153 973 2162 1502 1927 96 396 565 1593 275 506 285 1199 205 1891 1882 2179 1380 1632 685 744 2831 1797 2335 1449
202 1075 249 1012 1406 627 1810 67 2509 1001 2583 2350 2121 1944 899 1055 2728 725 2558 137 2294 165 116 1212 2207 2135 2825 2766 2057 1606 2143 876 24 2435 2719 2708 494 2240 2224 2741 2329 1874 2805 1130 2033 1259 2292 902 1805 2842 10 2637 447 1223 2813 2580 917 1390 2622 146 1809 1825 86 1611 1056 960 1126 1899 794 686 1897 682 32 2447 1169 1088 102 742 2149 2736 1448 1905 1935 692 2804 279 693 2021 2757 2286 2438 2809 804 1452 379 1076 1557 1362 1959 1753
585 1625 2067 1643 869 701 2081 196 2103 353 2361 910 98 776 1042 809 2474 1819 1402 1864 1963 2027 276 2256 2353 69 2462 2264 871 2261 381 2334 233 781 1344 1227 476 1153 2194 1761 661 669 2101 1633 1245 1600 829 1260 42 1108 685 1283 2168 2823 1844 153 115 285 1 2666 971 1858 1797 2387 2391 1880 2346 2048 2527 1768 506 650 2781 2749 1916 1882 644 1891 181 1520 1188 229 290 270 1708 807 2278 307 2425 1723 2839 1741 282 1378 2634 2688 2761 2727 2476 2340
571 1065 2786 2227 979 176 340 2743 2668 1033 332 1562 1256 1393 2029 2384 554 1890 555 868 1686 1888 289 1418 2108 21 417 597 886 2451 2423 681 199 429 432 62 1398 878 361 743 893 802 78 292 302 142 1492 1553 427 2333 1053 2078 1431 2117 36 1132 1588 866 1430 536 1268 733 1699 680 1793 1886 193 988 121 901 500 1266 2415 2090 569 2568 2217 1952 2808 1499 2640 1399 964 1070 729 2798 2629 2539 1429 2120 2221 2380 2224 2038 2031 1449 135 184 2267 2472
663 2538 2769 348 2714 480 925 26 518 179 2454 1870 1369 1489 1788 550 2649 1710 1417 860 1701 2130 712 2050 2461 1276 1576 421 2125 2211 793 1034 2418 1758 1665 1859 57 570 1590 493 93 1983 1609 2011 884 1045 895 445 2241 2840 280 704 404 1197 2375 689 170 1930 2289 1724 1716 77 499 2542 1169 2662 1358 1092 516 2004 1193 95 617 934 659 540 1743 2493 1792 294 1012 1552 2016 1422 433 1406 2456 291 2838 1594 1195 1760 2020 1434 2155 1712 2324 197 2827 2229
403 1159 1815 1009 2063 837 2484 2455 264 1622 2092 299 2833 2412 2139 2371 428 2269 1122 1982 2797 2844 1338 600 2100 2486 667 2811 1735 1549 846 2576 2255 1814 317 2776 573 17 642 352 741 1607 1863 2403 1619 2094 1078 1925 1341 891 160 1530 1571 2189 262 2138 1660 888 2633 1069 2431 2338 814 2758 2635 1698 2607 2731 1862 90 1816 1 1615 226 2223 1366 2385 385 867 537 2473 1589 1539 267 1520 2266 2399 1291 641 1409 1421 879 195 223 2460 1238 1480 1509 1828 2709
1861 1792 57 2456 2174 210 1580 793 421 1930 1234 704 77 2004 2418 2461 280 1724 294 1034 2125 570 1575 1664 1276 2186 2327 1758 2330 1859 1375 746 1392 2229 756 1947 689 2662 1665 2590 493 133 2374 797 1072 228 1358 1457 1776 2332 801 2659 656 1350 1196 1887 857 2356 1551 885 1279 263 1043 2838 1765 548 2039 798 2672 1229 583 2694 2123 976 1877 366 859 1191 2739 1542 720 706 2189 287 2184 2321 1348 185 2206 2548 1081 82 934 1292 1576 884 1716 1030 1675 2581
2185 2517 2298 1129 143 1684 2529 1411 1440 386 2584 1694 718 795 372 2363 2468 697 557 2460 1360 1630 879 1215 1514 1619 1925 969 1863 958 352 796 2801 1294 2616 1520 1 1939 2524 2727 1539 1982 1295 1807 2844 667 1267 1445 30 342 2158 787 1446 741 2738 1629 1278 1242 2104 2385 551 991 2481 2139 2226 46 2399 2271 888 1373 1572 1291 1112 234 1270 203 273 1811 2444 1238 665 299 810 2548 2771 2403 267 2631 2783 891 2619 638 2473 2797 1059 2175 987 1122 913 2215
2763 773 1007 2102 1385 1992 1779 2145 1707 406 519 742 1645 1138 1511 1969 1731 1800 1526 2516 1894 1442 1871 257 2613 2110 1325 288 730 11 664 535 1516 1165 338 1527 1670 2609 2302 191 2377 2843 301 1419 392 1466 811 937 94 1424 568 2680 336 248 821 1455 610 253 605 1068 1040 648 883 435 1309 112 870 1634 800 1850 1498 2830 365 2095 2331 717 2341 881 1454 410 1581 1133 1573 1020 1968 2560 538 2219 678 1379 1966 1079 315 1311 2492 2087 1174 774 855 1936
2827 1856 2441 2111 310 95 596 1743 2190 88 2202 2745 1476 132 1176 983 2547 695 1093 1999 1693 1749 2785 824 1593 1914 1103 2149 576 777 407 949 1343 1996 2737 2422 2656 783 2242 1898 940 1091 1631 198 2112 1019 63 1004 291 832 1683 1434 1535 1804 1116 2016 1197 60 540 617 1713 683 39 1333 75 1672 2374 1561 1298 1714 1334 954 1685 2114 2615 1760 689 2497 967 462 1204 2281 2022 737 2125 751 182 34 1087 465 2523 1224 2733 184 1513 2542 1161 1712 1945 550
70 1125 1753 2772 2777 2077 2478 2561 1842 18 2510 431 2757 1035 1390 1557 1252 1839 1834 2 2663 601 951 2015 2818 2161 1759 2622 315 1165 2302 1075 191 2315 767 2323 2702 277 522 202 2149 426 1443 1951 1558 1597 2409 1235 1801 1798 1175 1306 121 369 103 251 1845 1928 297 2653 1809 2054 86 2509 1357 737 485 2624 2121 2016 1833 990 67 1012 1980 364 215 2242 1747 1938 1905 1413 2143 2656 1207 164 2686 536 193 2072 2000 1166 853 1460 2240 2024 502 1418 1001 2471
2755 1584 2045 2023 747 1407 2735 463 1065 1796 1562 2668 1656 860 1489 1256 536 188 1029 21 186 2817 2622 319 289 817 987 2545 966 414 1617 770 1390 2769 1422 1431 51 258 659 550 1396 1993 2454 1892 85 1552 1686 2384 988 176 2544 979 444 547 2034 2419 332 1393 1132 100 1031 591 715 992 2564 1386 2241 355 1417 569 606 1890 1088 556 733 1588 340 1569 2239 2220 2660 1557 674 193 2451 2011 1073 1307 142 64 1266 1782 442 2078 2721 2219 1771 1142 259 633
2022 1213 757 304 2066 2113 1300 2178 658 1389 545 2784 1728 2277 2546 727 783 1533 1231 1785 1394 1175 2072 589 853 2320 1898 614 1333 754 1951 213 485 293 2021 2024 1019 1087 2533 1228 707 1801 1137 2756 483 1804 761 63 29 1149 1597 2408 1115 135 898 412 558 967 1469 695 1306 2143 24 1093 426 1683 1447 1558 240 2149 561 737 1839 2242 1451 1849 1207 789 2827 634 1598 2354 132 1161 1513 251 2638 252 2838 949 376 1798 1299 424 520 1904 1168 1361 1749 1829
1728 754 1231 2756 757 2320 2021 1533 1149 2533 29 2267 1236 293 286 2172 2380 2673 1774 218 967 414 1852 2024 1804 743 792 2224 2423 1746 1618 1597 1598 1070 964 2814 1956 961 162 2054 36 853 2343 2212 2028 426 1327 1431 316 2221 1555 1516 2323 1719 2822 2031 1540 696 1435 699 2226 2117 135 671 1904 649 532 963 2143 1546 571 625 1670 2787 739 1266 2296 1274 1095 707 1894 1952 1557 2340 1399 24 209 1977 858 2038 500 2622 2735 483 1505 2144 553 634 1390 2428
1349 1 1520 234 1572 913 2399 2727 2158 2215 307 342 46 551 2466 2834 892 352 2340 2339 1540 223 2635 1095 1615 1618 511 2541 349 1409 2253 961 2548 195 2223 1059 1698 1025 2226 1539 2338 2517 1571 685 2372 2298 1994 969 1619 2385 1509 2844 2100 2524 203 414 127 573 1291 1622 1373 1862 267 1129 1238 879 2185 2444 1925 741 1524 2255 2731 1807 888 846 2771 2801 600 17 1081 1684 687 991 642 2412 891 2486 837 2473 1295 1267 2403 1811 667 1652 557 1264 1101 1360
1286 1844 565 506 454 20 2162 372 2726 669 1227 2194 2222 476 1153 2261 167 1761 1260 807 1858 1610 829 661 1015 1456 1284 1744 1570 468 285 815 2313 448 122 2627 1884 2118 1556 2268 1637 163 298 1865 980 1221 1084 1061 411 685 922 2425 388 38 2476 6 1661 2303 1188 1987 1285 37 973 396 459 959 1363 2831 2791 481 1199 2030 1288 650 1891 1308 1723 1082 1995 275 1603 2643 1916 1205 2168 425 2197 2060 690 2666 1703 2216 115 2705 2346 475 1283 1880 189 419
1083 1702 732 181 620 759 2643 582 6 1797 285 546 1221 807 1260 468 2807 2761 42 2111 636 2441 1856 1768 1108 2827 2048 2261 894 96 1318 2194 2278 419 2554 1251 310 596 1536 2153 661 644 2374 462 2202 95 2522 2425 1283 1632 1525 2313 1364 1999 1761 476 2720 2004 1914 387 2733 2688 762 2476 2263 1064 2623 2442 88 2168 2060 198 1945 189 1153 2785 1476 949 2744 1032 493 777 2745 1858 2547 829 343 1280 206 1865 983 2603 1882 1749 2548 2422 669 187 1204 1743
2578 377 828 640 13 2520 2210 1272 1668 2602 672 2828 1374 933 1337 2671 2629 2428 865 1249 1429 2539 2798 729 2047 1754 370 323 2031 1910 2083 2120 1949 2421 1070 2038 2570 1041 2221 2335 1329 2032 56 2795 1189 964 1399 1764 2839 1038 955 358 2640 1521 932 698 1049 839 1952 1598 1275 2808 1929 2718 1204 2513 1266 504 979 220 2387 2227 1780 2687 2186 2582 2786 1240 2141 212 625 1449 1018 2398 176 2783 679 1562 653 2330 340 2827 43 1343 1187 568 2406 782 310 554
192 61 2025 207 1787 2669 225 2396 296 356 2794 1282 408 209 654 838 139 245 2173 653 49 1506 2280 383 525 2070 1781 2091 239 418 1141 290 2164 1274 495 1127 2311 1481 52 1780 1612 1022 346 455 1918 1662 1555 1262 2429 2467 2821 113 2690 2059 2244 806 726 534 2693 780 1475 1465 131 484 999 1011 2053 2531 1124 295 1378 1875 2236 1037 452 53 2279 268 822 1299 1216 1168 1961 1273 138 2765 2142 252 467 2698 758 1924 1356 786 2232 1843 1024 449 430 2470
394 2093 1879 1906 607 2392 631 530 1301 1518 1604 451 446 2357 2796 1058 2140 2049 2282 1567 2596 1981 1290 1237 1017 921 2064 1909 1613 662 1119 1978 2660 984 1002 2543 2262 1742 918 124 908 1491 337 1705 996 2212 1327 2530 345 1621 708 2085 942 536 487 2692 966 1331 1132 2747 1384 193 2822 700 997 961 612 2600 1268 1904 1588 988 391 1341 852 2781 2507 2090 121 2343 243 569 1618 2287 1047 1614 1681 2648 1060 2372 527 1607 1554 2458 793 716 1099 813 1516 1894
2840 1663 445 1328 1623 2707 51 1679 947 1444 2241 1045 1054 1782 1381 712 2836 1993 1658 2767 1617 1640 2515 2011 1544 169 2439 1649 2837 2050 1218 735 1422 1261 1369 1489 305 155 900 2130 860 1417 197 645 550 1437 260 562 2826 1552 2628 1486 2769 2454 925 179 463 2714 2649 2650 1710 480 348 563 26 1840 1208 64 1870 659 1569 2713 439 1701 1307 1123 440 674 559 1878 1796 100 1860 2034 2289 2133 2652 2088 1948 2544 906 992 2397 1051 1416 2631 556 715 2076 134
807 454 285 372 20 1221 6 2162 2726 1570 2222 1260 582 2643 468 1744 546 167 1884 980 1286 1603 298 1541 973 820 1858 759 2118 1610 1661 1015 2677 1084 1844 669 2303 2313 1285 750 334 1537 1061 163 1702 448 425 1637 1556 1205 2030 1080 1456 2791 2268 181 122 1284 388 275 476 23 2194 690 2627 1882 411 1227 1188 661 829 1153 2014 2261 375 620 498 1659 1797 1723 1891 1761 506 565 38 1425 327 1697 5 1865 650 2124 117 1768 2387 2168 922 1199 2706 1880
26 2769 348 1870 925 2454 480 1369 2714 2538 663 860 1417 2649 1489 179 1788 712 1710 550 1701 2050 2130 518 1045 1422 2241 735 1617 445 2840 2011 1552 2289 1328 2375 197 440 463 659 1029 556 1092 1840 1658 1983 2397 1644 1782 168 433 2650 1934 1640 51 2544 1663 260 1486 259 645 1381 1656 2076 1993 2735 1172 188 305 2832 947 2836 312 1609 524 1208 547 817 2817 1895 2148 1146 900 1307 2826 2652 769 1405 2358 943 2707 1623 2082 793 2004 1060 1437 2501 2439 1624
1146 1752 4 1545 1624 1799 1202 1644 2389 817 2367 59 2069 626 2790 950 2832 2411 312 2817 1737 2501 2528 1407 1926 987 1934 1656 1102 556 547 2082 266 85 2044 2477 1319 2270 188 2300 613 283 826 611 1386 635 221 943 2515 1983 1405 2011 1092 2840 2767 2836 1552 1328 1208 1316 2424 1782 550 2714 2397 433 2631 440 2148 2289 1190 2375 1840 1663 2574 1948 1029 1414 2241 735 659 2419 463 674 2735 1422 2652 197 947 155 1965 259 1381 445 1437 2133 1636 1617 319 169
661 476 2823 669 2194 2261 2168 2425 829 2476 1108 1227 229 685 1560 1761 1283 1153 1880 1844 1260 1797 483 481 1804 1286 2313 1719 565 1858 967 468 506 959 2831 240 2571 2296 2705 2197 42 2784 1865 91 2235 789 1300 644 2060 2260 387 792 115 2387 300 2760 1251 2182 396 1032 2688 2608 171 2401 236 1927 1288 2612 2442 2720 1703 189 894 621 1364 183 181 1883 815 419 1318 2761 2216 785 732 1015 1987 1536 2554 96 1188 2627 2188 2781 2278 1363 1353 1013 1533 1875
2840 445 1663 1328 1623 2707 1444 947 1679 2241 2515 1054 2767 51 1782 2836 1045 1617 1381 1993 712 1640 1658 2011 169 1649 2837 1422 1218 2050 1489 1261 1544 735 2439 1417 900 155 197 463 305 2130 550 2714 860 1369 1552 260 645 562 2650 2826 1486 2454 1710 2628 1437 1208 2769 179 480 26 563 1569 348 1870 2713 925 1307 439 64 2544 559 1948 1878 440 1796 2133 100 2397 674 659 2034 1788 2652 1840 2289 1701 1123 1416 2352 1860 1051 2649 259 2631 2721 992 2076 715
1946 730 1442 1325 2516 1526 338 1466 1670 1511 1969 406 2843 2730 1779 2299 2788 2364 568 1455 1385 2290 1379 1243 2145 544 1068 593 1005 1165 2151 749 1311 2746 336 2549 2102 253 191 1966 2302 1131 673 1079 112 1992 1783 2377 1794 1498 937 434 2394 855 2341 1142 709 2243 1527 1850 1007 186 410 800 773 535 774 2219 2492 392 1094 2763 2519 811 1968 1424 2251 678 365 248 2697 519 1174 821 2087 1040 1913 2006 2005 2417 1581 1936 2830 1020 1138 1731 2560 1634 2196 257
751 777 1996 926 1091 230 1178 2281 564 39 2422 1818 1990 1180 2700 2785 1357 2495 1224 465 1914 2288 2437 2523 34 1116 76 2129 1713 1714 47 2202 1672 1838 1693 2190 683 2745 1476 2180 1176 88 1346 132 1836 1538 2656 1786 832 676 983 499 2114 581 1971 2242 2383 1517 2733 1593 1353 1690 462 393 2542 1535 1228 1257 2360 824 2159 1450 1561 2630 1467 830 1028 1057 761 2149 2802 357 2752 1014 1482 1447 2621 32 1382 617 16 1678 2297 2780 1743 2684 2493 736 1161 2192
70 1753 1125 2772 2777 2077 2478 2561 1842 2510 18 431 2757 1035 1390 1557 1839 1252 2 2663 1834 601 1759 2622 2015 315 951 2818 2161 1165 2302 191 1075 522 2323 2315 1845 1951 2624 767 202 426 1175 1306 1801 1798 485 297 2149 1427 2143 251 1443 2702 1597 2409 898 103 589 990 121 67 364 634 1235 24 502 2509 277 2644 2054 1334 1012 2540 2329 737 1406 86 126 2471 2121 1928 714 1166 2242 1001 1809 215 725 2024 1810 1207 1323 658 1558 1747 193 102 2350 988
1721 2809 1876 1473 12 2057 494 1075 1874 1390 1406 173 1012 682 2291 574 2708 202 2507 2622 249 997 1904 627 2719 1759 974 1810 1944 1253 146 2683 2438 444 67 2757 2509 1906 368 1055 1555 2728 1613 1165 2435 1627 904 2583 1899 1557 1223 2735 489 2143 657 1001 1236 1725 2350 2028 662 1185 2676 2580 1252 2089 622 1879 553 1597 2010 2084 607 2478 2287 2220 315 725 647 2741 121 426 1931 24 394 2302 1777 1029 2526 965 1753 1151 1592 2552 2657 536 193 2772 2500 2470
2755 2045 1584 2023 747 258 1320 770 1796 2545 1407 2622 1562 2034 1557 414 1390 2668 315 983 2239 21 917 2757 1759 1065 760 1628 519 733 1980 2131 1256 1431 164 2098 1142 2296 417 536 2190 1073 902 2033 981 289 1731 1088 1398 866 590 199 1890 62 792 597 156 1252 1023 1593 2015 500 1707 1548 2272 1564 2784 2073 554 1770 2384 893 1732 2108 302 1851 694 240 1928 176 2451 32 2818 681 961 2163 1442 2281 595 1366 361 70 410 2775 1850 434 1769 1499 1968 945
2394 1946 416 105 1778 2331 883 301 2843 1419 11 908 392 937 257 1527 2417 355 2196 1142 2697 1495 256 1105 1002 535 320 2095 1894 2243 490 1006 144 1676 2453 2718 2763 2377 749 855 1247 2087 2452 1040 673 593 2519 1138 2260 243 1621 519 773 984 774 253 1966 1731 605 1595 406 2204 1936 94 1068 1498 2251 2560 678 2005 852 1634 1174 2336 1396 318 2830 2102 874 1670 2492 2487 1424 1005 630 2788 434 1800 1850 1871 2299 1968 448 462 1516 1331 599 568 1119 1546
1306 1798 589 485 1175 658 727 1951 2000 962 1361 2323 1451 1230 572 1559 1106 2644 1394 293 2787 646 395 529 1801 614 1137 1334 2277 2072 2054 1683 714 898 853 1207 1166 251 1558 2409 1928 2540 1427 1087 2546 2114 1115 1257 1786 581 545 93 895 803 737 1590 1389 374 2381 676 364 1971 101 215 2113 2066 1900 2242 2759 1213 2040 436 2504 989 2149 2579 2656 789 341 1300 2178 1357 783 1561 304 1883 39 240 1693 2784 2238 76 766 2288 1898 2016 1346 1353 1557 483
1495 2458 966 1705 2543 942 1384 2600 2085 487 1681 1331 1614 908 337 1676 355 984 2660 1742 1002 1673 243 1396 1105 1554 1370 2262 813 2257 2696 852 1978 1119 320 921 1621 1017 1739 360 54 2782 710 2064 2259 1000 2420 2392 1893 2664 542 1695 1853 2357 660 1718 50 2369 2318 1479 1682 1031 1290 186 2170 392 2596 2490 1642 1946 2282 3 1387 1005 1565 21 568 747 256 254 2299 99 631 2746 2519 2331 2243 1518 791 1033 301 749 1142 94 1779 2049 1966 1287 1301 451
2298 2185 1129 2517 143 2529 1440 1684 386 1411 2584 718 1694 795 697 372 2363 1360 1630 2468 2271 1514 787 1445 958 557 2460 810 1215 2616 1294 30 638 71 879 1446 2801 1619 2619 1925 796 1863 1267 1295 1112 2481 1278 1807 2727 342 665 2246 1744 1982 2524 741 2726 2104 1939 2595 551 273 2385 667 2162 1335 1520 2139 1258 1661 1270 1947 969 1180 888 1059 2222 987 2001 1539 20 669 2631 2391 1 711 2844 1373 5 991 556 147 2783 1811 1629 448 2228 352 1242 125
956 909 2749 1882 43 971 154 2448 2188 1596 1487 2740 924 1802 2688 2725 1471 2442 2498 785 387 953 644 1726 2562 2720 2464 609 1880 687 2109 1153 1766 1889 509 1524 466 1761 2751 2230 1400 829 669 1953 2678 941 2457 1279 583 957 991 1602 115 2841 214 2404 1227 229 5 2573 2476 820 1043 2572 1477 476 2425 1215 2548 1515 1629 1947 210 2823 1139 2348 2266 335 1797 2444 84 2470 2567 1375 844 2710 1922 2327 1687 2456 2197 391 796 2387 976 498 1108 226 1397 1589
1603 820 1541 750 334 285 1221 6 546 2387 582 2643 807 372 759 1570 1462 1702 650 2666 1882 2677 1916 1723 1891 2346 475 468 620 181 2810 980 2841 1884 1260 2171 2043 2816 973 298 281 732 1768 629 2194 2261 922 1537 1285 2494 2118 2571 2359 956 37 1083 275 2761 1188 411 1797 1400 1113 1761 2161 1227 1015 423 1918 594 1084 1687 845 1080 676 2557 2119 1858 1153 1610 614 1591 98 924 1308 84 476 1922 1471 1767 1397 2493 39 1763 420 1390 941 835 115 1106
1721 2809 1876 1473 12 1759 2728 2622 1931 1390 271 1055 1406 2757 1012 18 202 494 2057 1944 1753 1677 2220 1075 2526 1842 2708 1874 121 1472 1125 1892 1834 146 2478 1771 249 574 608 70 526 2207 682 725 1895 2719 1942 447 994 1185 2077 193 898 2291 315 140 988 2409 1056 974 431 601 2735 2683 1252 2315 2625 2777 1868 864 1452 1207 1917 2022 2764 2438 968 1289 1899 1018 769 1223 200 1799 2051 2825 59 2772 284 2561 951 2148 939 2149 1333 1557 2089 433 2015 1408
1349 234 1 1572 2399 913 1520 2158 2215 2727 307 46 342 2466 551 1618 2339 1095 2253 1409 352 892 195 1540 2635 349 2340 1994 2223 2834 1698 1615 511 223 2338 2372 1059 961 1571 1025 2541 573 1524 2100 642 1539 1629 203 1622 17 90 600 969 2486 1101 846 2801 2226 2255 685 1514 2548 1338 2524 2444 1291 1509 267 958 1238 2403 891 2473 741 2246 127 1811 2517 2844 1215 1129 1270 1630 1112 1360 837 2138 317 537 697 414 2731 1295 273 2412 1828 1803 1807 2385 2298
2551 2018 2146 2284 1289 719 2008 764 247 1403 153 1351 615 1157 2824 1534 35 914 1915 1577 190 1493 2603 2582 1121 343 206 2209 1359 1751 862 1204 2585 723 812 539 1997 1633 303 1772 450 2485 2487 549 2019 871 2336 212 988 1347 2165 604 7 1132 975 2793 1467 873 121 2434 536 825 193 1136 1588 1128 874 1970 869 58 736 1507 1247 495 2550 1431 1745 1339 151 107 532 1246 2204 1177 680 32 765 2360 993 1762 2006 2752 2604 2326 1919 2340 1690 1985 2159 2414
1603 285 2677 1221 820 1541 750 334 372 1570 6 1232 2841 281 629 650 475 2387 851 2571 1882 546 2726 2620 1916 40 2666 1537 1462 2346 953 1768 582 807 13 1723 1184 2643 1922 2494 2421 865 690 2502 1471 117 1744 1113 2162 1911 1891 1272 922 2691 1960 448 298 2768 2149 1487 37 1687 327 2362 640 973 796 2542 759 459 1661 1817 2210 1605 2359 594 980 420 2000 323 1884 2132 275 84 1697 136 2043 156 614 2391 1397 5 411 882 1139 2303 2761 2171 1144 72
645 1029 2011 2735 1649 445 2767 197 2840 1054 463 2650 2836 1679 947 1328 1840 1444 1663 440 1782 2707 319 2375 2628 1623 2289 1658 2837 2241 1381 169 1253 51 1544 1552 735 1045 2439 1617 433 155 1218 1261 1993 134 1422 2046 550 2076 1640 2088 965 992 2287 659 769 2352 1208 2631 1051 2815 1307 712 194 2419 674 305 1636 2050 2272 2130 1860 1983 906 259 2556 1895 1948 563 1965 201 1486 2515 1586 1416 1316 260 1496 1775 1752 497 2482 2826 613 2713 2652 2084 547 1092
2152 2502 84 1371 2141 1726 1605 941 2263 2678 2572 2386 5 2567 1525 1953 844 1139 2448 244 1280 2623 2841 1515 2457 2348 785 2751 1866 214 1198 2115 1171 22 1616 1214 2056 1602 106 1199 509 117 2182 45 1696 1458 1064 1659 621 2203 2522 1364 236 2109 2760 1251 171 2503 2562 1596 2128 183 2608 2725 1084 2048 2761 2425 2498 2303 1205 1768 398 2688 43 2464 1184 2705 2612 387 2401 327 971 609 270 1113 2030 732 1927 2720 957 644 1979 1797 1083 2831 973 2442 300 1560
1948 2272 1416 1096 2556 1051 194 2352 1496 1316 2815 1218 1965 1636 1261 1860 2713 2628 201 1586 1453 1901 2545 2309 1840 64 2034 1490 2433 1658 747 1796 2721 1381 1569 48 2836 100 1782 2241 715 155 2767 1640 1649 2046 950 563 439 2439 992 305 562 497 1544 51 659 2213 2376 2826 1054 674 1552 1148 1663 2289 260 2707 645 1123 1617 1328 2650 169 319 1584 1679 900 2011 1486 168 1878 2652 1422 1307 197 1623 440 2732 2840 2023 1045 1897 1752 2088 769 231 1993 1437 1710
1752 1146 1545 4 2367 1799 2389 59 950 1202 626 2069 547 1737 2082 2270 1319 1624 2692 817 2289 2477 2840 2148 2735 1926 169 1386 611 433 440 266 271 1552 2837 2767 1840 735 1255 259 947 2515 134 613 155 2817 2375 1407 1782 2439 2553 2011 1656 1663 2556 2272 283 932 2836 2832 987 556 81 674 2340 1381 312 2790 1328 197 1428 904 1414 645 1771 173 2241 400 1644 2650 1964 2424 659 2501 1649 1677 1496 188 2606 1617 1775 1029 2013 1892 1316 1408 1555 1190 770 1092
1944 2294 1055 2728 725 2207 2766 1056 2558 165 1825 1940 447 1986 2825 1130 204 2435 2580 1841 494 2057 1874 2291 137 146 2135 1899 1223 899 647 2741 1212 1452 2683 1606 2639 2842 116 2736 2506 574 362 2708 2569 2292 1126 2258 2813 1592 2438 692 657 1937 682 491 1463 2319 2382 1547 1935 804 2248 1876 2041 140 2719 442 1868 1185 2511 677 329 686 790 1464 2286 1076 1962 1134 1777 948 2393 97 2220 246 2526 1067 2305 305 1601 1453 444 79 1569 2436 1639 1931 1433 2721
254 3 1642 2490 2170 1958 2405 1985 765 66 2336 14 1574 929 282 1246 652 1136 779 2157 2434 825 2536 1745 873 2426 522 422 2667 2165 1762 1152 2209 1036 318 2147 1519 1670 1347 1595 549 1577 1170 490 2734 1247 1157 792 874 1708 632 2593 1406 2247 156 2204 2101 1758 404 1850 739 1915 772 604 1633 1245 2231 1704 749 212 1869 256 1379 58 2296 1344 615 29 972 2485 2775 1974 1493 921 855 914 2264 2299 2443 1917 800 1799 1384 908 1499 771 733 673 2838 539
1255 123 986 882 1757 2150 1704 422 2391 2557 1477 1958 2490 1236 2267 2815 613 2228 2380 1041 747 909 2272 796 429 1267 1762 2631 932 155 826 2001 2477 1157 533 1492 142 1840 2775 2318 1911 437 1956 853 1519 1339 743 2165 1636 1233 1532 1915 2074 289 1670 320 2072 2735 174 500 1479 2352 659 1708 1917 1965 2767 372 399 1541 1737 194 681 2783 868 334 432 1049 1170 319 440 1642 21 1784 1144 2363 2553 2149 173 2734 770 1860 2387 1152 1851 1415 1888 134 2170 981
1146 1752 4 1545 1624 1202 1799 2367 2389 2069 59 817 1644 626 1737 2832 1407 312 2790 1102 950 2817 1926 2501 2411 1656 2270 1934 987 2082 613 556 826 266 221 2528 2300 943 85 2477 283 635 547 188 1405 1319 611 2044 1386 2767 2515 2631 1316 2840 2714 1422 1092 2011 1983 1965 2397 1636 1552 2148 1328 735 2424 1414 2312 550 2241 659 1190 947 2289 2133 1948 2707 1496 433 2272 259 155 1208 1782 440 2836 1663 1840 197 900 1437 480 169 1468 2538 445 463 2652 1381
1083 732 1702 181 620 2643 582 1797 759 2263 6 1371 2761 2502 2048 2572 2678 1768 1525 2623 1198 546 2152 941 1221 1726 285 1659 84 117 844 1280 2374 807 2203 636 1184 2386 419 2841 1205 2448 327 894 1515 1251 1632 2303 1882 2807 106 2153 2554 2720 644 1364 298 42 973 2030 2688 96 2278 2791 1570 1605 2141 1084 949 148 387 1536 189 2442 1032 1318 2060 1979 1283 1108 474 2056 40 2498 2831 2182 661 448 198 851 1502 1488 2816 2760 2562 1064 270 2179 2497 468
2840 445 2515 2011 1663 197 463 2241 1328 1710 712 2707 1623 1045 1417 1658 1679 860 1381 1489 2767 2375 1617 1552 550 1782 1369 2836 1701 900 659 2050 26 2454 1437 1870 1486 51 947 1218 2397 2714 1444 1054 925 169 1208 735 1993 1656 2289 1788 348 1092 2817 1422 559 1983 1934 645 556 1544 2130 2832 188 1644 2439 1640 2826 943 1405 260 2419 817 2574 2837 1649 2528 2652 2628 1416 1261 674 179 433 2649 2544 480 1307 2790 312 1948 305 221 987 1407 1624 1895 635 2133
2679 2122 177 1903 1163 2829 816 1085 453 1628 2163 461 141 401 2055 1023 2452 477 760 612 99 2098 981 1872 1047 2747 73 1155 1808 1510 2274 595 1688 823 1100 1145 2587 399 2218 2074 1404 1976 174 437 460 380 2775 208 2655 1599 164 156 1415 1717 2469 72 2722 1089 172 731 1504 2126 1233 694 2009 222 2577 1784 1241 2636 2355 850 1305 2362 1160 1436 2512 1267 897 755 2000 2446 2420 666 2750 2161 144 599 935 2147 2502 1682 2149 2593 1219 1106 1790 614 1175 1559
757 754 1728 1231 1533 2756 2320 2021 1149 2533 29 286 2172 2673 218 2024 967 1804 293 24 2143 426 1597 2430 634 1719 135 558 1689 2295 1898 119 80 483 240 213 1296 2277 707 1383 2413 1984 1829 2784 789 2235 2408 1312 1801 2323 1849 1265 2472 2638 91 2054 1168 1299 1478 1093 252 2260 2540 1427 251 304 529 395 2354 646 792 853 1505 2504 2178 695 1300 1598 444 766 1394 1951 1088 2644 1469 1683 983 2799 1555 2759 1091 184 739 1448 2546 316 658 2296 2787 1182
1624 1644 2528 817 2411 1656 2817 1934 2044 2790 2501 1926 1407 1102 85 2832 312 2300 987 188 556 635 943 1405 221 547 1319 2082 1386 2270 611 659 2213 1552 2011 1545 1146 562 1381 1796 1658 2034 51 305 1782 64 1993 1640 2241 463 155 2545 445 1617 1328 197 2836 1208 1752 1045 550 2419 1029 1948 674 100 1218 1416 1983 2012 559 645 1307 1569 497 992 2088 2439 319 712 2707 48 1663 1489 1878 2721 1417 1544 1096 1623 1486 1422 860 715 2840 900 1710 2767 2574 439
2236 1475 1655 1789 1831 927 2687 1755 1273 268 1967 484 2059 1297 1124 806 464 726 1706 1730 999 1275 2053 534 467 1647 1929 455 295 1037 2806 2061 1972 2062 1635 2402 390 1050 721 1715 782 1378 2301 1018 1692 2429 504 1026 1022 1011 314 1187 1303 2773 2406 159 326 331 1756 1097 1648 1822 501 31 1662 1240 2407 1813 1293 131 1143 1568 840 1961 1923 2715 53 1472 363 2465 2505 430 452 239 1921 628 655 125 108 580 2632 2285 2398 2142 1317 1062 478 1140 1274 1875
1252 1834 951 2818 18 2015 1842 601 2 2663 2077 2478 2777 1125 1753 2772 70 2561 2510 2757 431 1390 1035 1557 2161 2315 1759 2622 315 1839 1075 1443 2702 1165 1747 767 2302 1938 1833 277 889 1418 2686 202 1460 1114 522 2323 369 2409 211 1928 1980 1357 1767 1801 2149 2653 1989 931 1166 191 1845 2240 702 2016 39 2532 126 886 1905 2624 76 1012 2667 250 2329 578 1830 2685 1533 1809 1869 1334 1406 29 684 121 426 1427 2509 269 2143 2320 378 853 960 2656 1340 1548
2755 1584 2045 2023 747 1407 1073 1980 2319 1796 2622 770 2239 414 1390 258 2545 442 1892 1562 1656 2668 547 1088 1962 2220 1126 1557 987 992 1065 2506 2817 186 2041 2495 463 2735 1771 85 1252 444 1320 633 692 1677 536 2275 2292 817 326 1998 1450 2288 1256 1130 188 315 790 1433 21 2625 569 1362 2685 2518 966 1834 2736 951 1132 2089 39 64 2015 1753 556 2046 2270 2653 164 860 1516 1920 2037 1931 1693 1125 2073 2526 590 988 1588 531 591 1929 2315 2149 372 1996
1721 2809 1876 1473 12 974 2507 1452 2598 140 1904 1185 686 1868 2286 1076 1886 1067 1777 997 79 988 121 2308 193 494 2580 696 1390 2436 1555 2161 1165 536 2622 2708 1944 627 67 444 1746 569 1132 1223 191 2143 682 948 1639 1055 1771 1937 2657 368 1892 1708 1275 1464 1252 1588 2315 2704 657 707 2248 2583 290 2698 53 484 2090 2028 2552 2813 1075 1998 2294 2078 2089 2500 633 532 24 380 2814 671 29 804 2838 2024 634 2719 491 2144 2506 2382 1597 1236 1430 482
1453 2713 1490 1860 1901 2376 2433 2309 201 2034 2545 2556 1569 2721 2815 2272 1796 100 715 1636 64 48 1316 1496 562 1948 439 305 1965 1051 1416 2213 1096 155 563 194 2352 1640 2826 1218 1148 260 2650 2088 1586 1878 168 2289 1123 784 1840 2628 231 2241 659 51 1381 1993 1261 486 1658 747 992 497 2046 674 2337 900 663 1782 1307 645 2707 2007 1623 2036 978 1617 319 1544 2631 1552 950 1710 2767 2836 2076 1601 2538 712 2439 259 2769 1486 2358 1663 2652 1584 559 1986
1083 732 1702 181 2263 1659 620 582 1198 1205 117 327 1184 2643 2203 2303 2678 1371 1797 6 2030 2791 759 2572 1525 2761 1084 2222 973 2623 2502 1979 298 1280 1502 941 2115 2048 2152 1726 275 1768 546 1687 1221 84 2179 498 466 1570 1591 425 448 1488 1738 851 510 285 1400 844 2841 1113 148 1960 106 636 375 423 2448 2359 807 167 1882 2153 894 419 1326 1515 2554 1616 2677 2521 1632 1661 980 1032 244 2571 1285 2124 2688 2831 1605 1603 2386 1536 1884 2573 2726 1015
2792 567 118 998 1791 1583 2065 1531 1854 1354 808 952 1769 887 919 748 1470 2778 2711 1063 517 382 9 2328 778 1667 1579 2252 1970 819 930 1179 2491 1578 1585 1977 227 1651 2575 1657 2682 639 841 945 2729 916 982 1851 2723 928 114 2379 2042 2647 763 1770 1920 2097 2225 923 975 1528 2304 2310 2793 875 2349 513 2416 1209 7 25 2459 151 121 492 579 1210 311 2361 566 2658 2165 515 569 1154 2488 1367 193 1368 1271 536 380 1344 816 988 528 2618 512 2090
2024 2143 24 426 1597 2430 634 1689 2320 2021 2756 2533 1804 1149 1533 967 29 286 2673 2172 1728 1231 754 757 218 213 707 2638 293 2408 1719 739 2260 2235 2354 1478 1265 91 1849 119 558 135 2295 1383 792 1296 1448 2615 2413 80 1867 424 2296 184 1722 2390 1529 19 520 499 2472 1269 232 1984 1945 1847 1513 1228 1161 2022 2054 2566 2113 2277 1785 1213 1773 536 2787 983 853 2066 2178 1839 304 1252 2077 1312 2478 1733 121 2561 2274 695 240 1125 1236 1333 2224 193
239 1961 1647 721 2164 1972 2794 2402 1127 2061 653 654 1781 2091 1921 1274 1118 1143 2311 525 1822 296 356 2062 1282 1011 1756 113 408 1097 1787 1293 799 209 1317 200 1356 2070 159 245 326 49 2531 1472 2396 1240 1395 2316 1248 625 679 252 618 580 1018 1780 449 2025 1875 782 61 290 838 1303 33 1692 1598 383 1297 805 1568 131 1755 1273 1435 139 2693 643 2236 207 2017 1050 2669 1262 1917 2698 495 31 2173 331 2715 430 2611 1187 2812 1918 1941 655 1124 1655
2725 609 2464 957 1766 2404 1889 509 844 2457 5 1515 744 2448 244 1139 1605 214 2348 1953 1866 2751 1602 1199 2502 2152 1171 22 1696 2115 2168 2567 106 1214 2109 2128 2425 1927 1616 1632 2841 2572 1326 1108 1364 2476 2760 1661 2182 1032 2014 785 1768 941 2124 2060 189 1858 2678 375 425 1283 621 2048 1251 1797 1061 448 43 2153 466 171 96 1596 270 2831 498 1880 1726 894 690 669 2705 807 84 2761 1761 829 42 2203 1015 1637 971 388 661 1659 285 236 2141 298
1115 2546 1389 545 2113 2066 1213 2178 304 1394 1883 1300 789 1353 1951 483 240 2504 251 2759 1106 727 101 374 364 572 436 2784 2238 1427 2381 1175 658 215 2579 1900 485 1306 589 395 766 2040 328 803 737 2644 2277 2540 2000 1451 989 1361 581 529 1230 2022 1798 341 646 1559 2787 1683 962 1898 2114 2323 1801 293 1257 407 614 1785 2054 1137 2242 1971 1093 1786 2072 1228 2409 714 1207 1333 898 1166 2161 1334 853 2149 1558 2656 1357 1928 783 1087 2561 754 1231 1693
1083 732 1702 181 620 2263 1797 2643 2572 1525 1371 419 582 894 2554 2374 2623 96 2153 1632 759 2678 2048 6 1280 2386 644 1251 2720 2761 1364 2522 2441 2502 2442 1726 387 2827 844 1064 2056 762 84 1768 2448 45 1198 941 1856 636 310 2111 189 2562 2060 1032 1336 106 1515 2498 2401 2688 2116 2141 2807 621 42 1927 95 2152 1013 2182 596 2188 2831 1318 1659 661 481 2278 2841 2203 2760 1108 1536 183 2261 1880 2004 2168 133 949 1365 236 546 689 1315 1205 971 2030
2269 2092 2139 299 2833 2371 428 2576 1982 2844 2797 1549 1122 264 2455 2776 2484 837 2412 1009 2063 1815 1814 667 1622 1159 1735 741 262 1925 1619 2385 1863 2486 888 600 2100 2731 2403 1338 403 891 1509 642 641 846 317 1589 2811 2223 17 1698 573 1571 267 2473 1238 879 1291 2189 2460 2338 2255 352 195 2771 1373 160 557 1409 1078 2253 2094 90 1530 2635 1095 1994 1295 1 1421 349 226 991 2158 1618 1862 1520 1349 1807 2372 1607 2431 472 2215 2175 1572 2738 234 1615
196 353 98 776 2474 701 1819 1643 1864 1625 910 869 781 2462 2334 2081 1344 2361 585 1402 1042 2103 381 2067 1963 809 2353 69 276 233 2256 2264 2027 1600 2001 2391 871 1633 2101 640 2363 1245 865 2460 1170 224 2210 285 84 2677 2012 425 1667 941 2734 1751 413 370 862 1565 1480 820 128 1541 1585 1537 2132 13 2278 2582 2520 1973 2362 975 557 1173 2803 281 2431 574 2165 1708 1515 2028 1696 915 40 1697 2261 2783 669 1080 841 343 1768 1704 2421 906 796 1204
2185 2298 1129 1411 2584 2529 1440 143 386 1684 2517 1694 718 1360 1630 2616 697 795 1445 787 2271 30 958 810 372 1294 638 1514 2363 1446 1112 665 71 2619 2481 1215 2246 557 1278 2468 2460 1258 1939 2801 1270 741 1619 1925 1267 2727 2139 796 879 2844 1947 2385 1520 969 1549 2631 2158 1863 1982 46 1814 299 2833 267 1196 888 837 2524 667 1122 2484 991 264 1295 1095 2371 1807 2092 1776 1291 1238 1 2444 414 1350 263 2269 2189 1009 2412 5 2771 547 2184 2731 2403
290 131 806 1875 534 268 653 1011 225 495 2531 2059 1843 2091 53 2285 484 2429 1127 2693 1024 452 2687 1662 1961 1780 1475 61 418 1022 207 2025 2794 467 618 2565 1274 2765 1941 33 1021 726 412 780 252 1787 239 2017 1612 561 200 1506 1918 999 2244 296 721 2669 2773 2396 2402 1647 799 1273 192 356 1472 1972 1503 455 1917 1378 2236 1730 1124 1481 1275 2698 1282 782 786 1465 1018 2505 2465 2316 858 2061 408 533 402 138 771 1303 654 1262 1692 209 1929 2164
1132 536 1588 569 121 193 988 2090 2333 680 1268 1431 2117 36 733 500 1793 866 1499 1430 571 1886 1065 1393 2786 2078 1686 1418 2227 979 332 2668 1553 597 2743 1562 1033 878 429 2384 2108 802 340 199 1492 561 886 176 1699 21 142 2451 2029 1053 417 901 1890 2415 554 432 1975 1906 412 555 1303 1256 2217 2233 1970 462 250 2684 1774 2239 681 2055 1398 402 2568 453 62 1467 517 427 684 2604 2163 612 1720 2802 2482 32 1879 289 1888 2733 1182 1507 1266 1449
6 285 1221 582 2643 546 759 807 1603 1702 1541 820 1570 181 620 334 750 372 732 468 1083 973 1884 980 298 1891 1260 1723 2677 475 1882 1916 650 2346 1285 2118 2666 1537 1015 1797 1610 2816 2810 2171 2043 2303 1768 448 922 1205 2387 1188 1858 1084 275 1184 2313 37 690 327 1456 2268 1462 2179 411 1488 117 1284 1697 1659 2841 2203 2726 2359 510 1080 1502 1308 423 122 1738 1082 2030 2791 1198 281 2706 1397 2761 459 420 2222 594 2521 1763 375 425 20 148 454
1288 1703 2216 1363 924 333 1487 1471 1217 309 953 959 398 335 2079 2230 856 861 2502 1907 1605 2591 2573 1458 2160 1013 565 2152 2567 1953 2841 1336 2197 1315 2401 2348 785 214 621 2386 762 300 1866 171 1139 2705 2751 22 1171 650 2831 2425 1400 37 1214 2816 1364 1891 106 2612 2503 1602 2571 117 2823 2182 1488 2353 1927 2141 1616 2678 1251 2666 2263 2203 474 506 2179 1371 2056 941 1560 189 1916 443 1671 45 1198 475 8 2620 2535 1184 1090 1474 882 2608 2688 1199
2840 445 2515 1710 1701 1417 1489 860 1788 2011 197 1623 2767 2241 2707 433 1328 900 1658 1617 1663 1679 1656 1552 1381 1782 2375 463 1437 659 1045 2289 817 2817 550 1092 712 188 1218 987 1983 1208 559 2836 2714 169 1486 674 2397 947 1948 556 2419 1926 2790 1624 2050 1644 51 1444 348 2628 489 2424 2528 1319 2082 611 1640 2652 2832 1386 2454 1870 155 26 1369 2837 2367 2826 2439 1878 735 305 1054 1095 547 2411 943 1569 2544 1307 59 2084 2270 970 1993 1261 1752 497
894 419 2554 2153 96 1632 1083 1032 2060 1927 189 732 106 181 744 1797 1702 620 1251 2313 1364 2401 2831 1108 2643 2705 644 1283 1336 481 42 2425 1315 2612 759 1013 621 1199 2442 2079 468 387 2720 45 2168 1625 2688 661 2502 2188 2374 2760 2841 869 2498 2278 2522 762 2261 2571 2567 1064 476 2807 636 2263 1560 971 1371 171 2608 1525 2030 22 1171 669 2761 785 609 236 2623 2141 506 1318 1761 1188 1365 2182 2194 2048 2476 1865 941 183 2160 829 448 2056 596 37
2542 1561 617 2656 1334 2242 2016 2149 751 783 291 1693 1019 2114 63 954 1685 182 1333 1197 676 465 2409 1346 1166 1928 149 832 1357 1558 1786 581 1207 898 714 39 1087 614 2072 1434 2022 1590 1257 1535 2112 1004 1712 1683 93 895 1298 1971 1343 499 940 215 737 1760 1451 2323 310 1180 1593 1559 2737 1106 803 2000 2288 540 1798 1137 2129 1801 2281 374 926 853 2040 1361 436 1091 1161 1631 2495 75 1818 2787 364 564 1900 1513 989 76 2579 1869 529 1847 341 949
2510 431 70 1125 1753 2772 2777 2561 2077 2478 1842 1839 18 1035 2757 1390 1557 1252 1834 2 951 2663 1759 2622 2015 601 2818 315 2161 1075 277 2315 767 1165 202 191 2323 1845 1413 2302 1443 2149 2702 1955 2016 1938 684 103 1747 578 1418 121 250 369 1391 39 2624 1323 990 1235 2471 2276 1895 297 536 1975 1833 688 1460 2601 1980 1186 1114 126 2242 737 1012 569 1976 1334 2686 931 1427 1974 193 2509 2314 1548 502 1767 988 2656 2143 1406 1340 426 1117 1314 1801 1182
1453 2713 1490 1860 2376 1901 2433 2309 201 2034 2545 1796 1569 2556 2721 64 100 715 48 2815 1636 2272 562 439 305 1316 1496 2213 1948 155 1965 1416 1640 2826 1096 1051 563 260 1878 1148 2088 2352 1123 168 1218 194 2650 1586 659 1840 2241 2289 2628 51 1381 1993 231 1658 497 784 992 900 2046 747 1617 1782 1986 486 1623 2439 1544 1584 1261 645 2337 674 2707 1710 663 1601 2036 1422 978 712 1897 2836 2767 2631 2258 2004 319 2419 1223 1437 694 947 204 1362 1486 2553
1416 1096 1948 2272 1316 2815 2556 1496 1860 747 2721 2545 1796 1051 64 1965 1636 2352 2034 439 1569 1584 100 2241 659 305 2023 1993 562 1362 497 2713 1897 1381 48 715 2755 1586 712 414 2270 1658 1617 1606 1623 1422 2082 1782 547 2650 1218 1552 1153 51 2769 201 2631 188 2707 2135 899 1328 1548 2309 79 155 348 987 1926 2454 1490 1411 1640 2741 2305 116 2433 442 563 2708 784 1645 674 2239 1684 947 350 1212 2767 1679 1261 1126 372 2511 137 2298 1800 2628 1067 1663
2479 1532 849 2557 28 2819 2552 152 458 1704 313 1896 238 2119 2500 734 505 2099 1335 1827 1741 1563 2283 2228 2674 523 587 847 2365 1339 972 2716 2181 175 1376 2370 2689 81 1708 2527 705 2191 354 2250 330 2534 2177 92 696 2681 2814 671 503 711 532 772 633 1956 2742 1680 2193 2322 2592 2028 2052 602 1111 261 68 1917 968 1010 1117 1473 1332 1789 12 2062 653 2470 120 1787 1143 927 1503 1655 1555 331 131 1746 290 268 974 225 2698 1314 1831 159 740 2237
2252 2097 2682 1651 1977 1578 1179 2491 1583 916 2328 1063 841 1920 945 2647 639 2042 1579 1770 227 1528 2310 1769 748 114 9 1531 1851 118 952 2379 982 2723 1211 1354 887 2065 919 567 1791 2225 930 2778 1585 763 998 1470 1657 808 1667 517 819 2575 1367 2792 1368 928 2349 512 2026 2729 566 492 2488 2711 1239 2660 1154 1906 2357 2459 1566 515 579 1970 2028 1396 513 1209 975 2507 997 1031 25 2165 2103 311 1904 2603 382 1593 2416 400 671 1854 532 355 1105 809
2034 2545 2433 1796 2376 1453 1490 2713 2309 100 1569 64 48 1901 2721 715 1860 439 201 562 305 1640 1584 2213 155 2023 659 2650 51 1993 2815 2826 2556 1948 1096 1416 2272 563 1878 260 1636 2045 2241 1658 1381 1552 1051 1123 168 1218 2352 1407 1782 1148 2631 900 674 747 1316 712 992 1926 1617 2088 1663 2300 188 2289 194 2755 2439 231 2553 1328 2817 2714 2046 817 1544 2836 947 497 784 1437 978 792 1586 987 2007 1656 2790 1624 1045 556 2419 1840 832 2707 1965 1486
897 1933 2071 1638 2156 1321 2645 1098 2750 1790 2201 836 2432 1709 2096 2342 935 2450 755 1736 1052 1806 1305 1436 2512 222 1504 2218 1621 2362 850 1044 2355 2420 2446 2627 396 612 2452 595 666 1510 141 1023 599 1145 2261 1047 2098 2587 1865 2642 981 2537 208 1085 816 461 147 908 2163 281 1719 1167 477 1804 177 2829 1858 511 1987 1903 2799 2122 2060 1910 453 115 1811 661 1808 2823 1717 2318 2074 823 1260 99 2747 2256 156 1286 1555 2781 1355 629 2095 2691 2194 2340
2043 2171 2666 2810 650 2816 1891 475 1916 2346 1723 2841 922 1188 411 1284 1763 37 1456 807 122 1308 1082 2268 759 6 285 2643 1697 1260 2167 372 459 468 1090 1153 1603 586 1221 1702 1761 546 1006 1227 1570 2779 724 181 443 1865 1278 1502 659 750 987 2194 334 1062 1610 822 2179 732 582 129 1884 620 980 1200 2801 2631 840 788 2261 1552 188 1095 2634 1882 501 1932 1281 2272 298 1923 2137 510 1283 795 614 817 125 2502 1926 2563 1319 547 2002 2313 1858 1541
2542 2016 1019 617 63 1561 1685 291 182 2656 1333 954 751 1334 2149 499 2022 149 2242 1712 1434 465 1760 1298 540 2112 1631 1004 1087 783 1197 1693 898 940 832 1558 1228 1343 1535 1593 1166 1590 714 2072 1785 614 895 93 1346 75 1161 1847 310 2737 1928 2409 1773 1207 2129 1513 198 1795 1103 676 1999 853 576 2114 2497 1257 2827 1743 1971 39 1357 1749 1116 2493 739 1748 2700 1137 91 1786 792 596 2281 683 634 1713 1714 379 1459 2547 1689 2324 2224 2020 824 1690
860 1417 1489 1788 1701 1710 1870 26 2769 348 925 2454 2714 1369 480 2649 179 712 2538 663 550 2050 2130 1045 1422 2241 518 735 1617 769 2289 445 463 197 1895 2650 2840 1552 2011 2375 433 1328 2707 1993 1782 1658 1623 1663 1029 1381 51 947 1656 2836 556 169 305 2544 2817 659 440 2439 2735 2837 943 161 1934 1405 1679 2482 2767 2397 188 987 817 1092 2753 1208 2628 1840 1640 1796 1544 1926 606 2790 635 1644 562 645 547 1054 1386 992 260 1444 1431 900 1486 2515
2044 2528 2411 2501 1934 1644 1656 85 1624 2790 1102 312 2817 2832 987 659 188 817 1926 556 943 1407 635 1405 2300 1319 221 611 547 2213 1386 2082 2270 1552 2011 630 2012 155 1983 1029 1208 1422 2836 1617 1782 2046 1173 2289 1092 992 2774 645 2574 2419 599 197 1484 2088 413 2631 2397 2642 606 51 463 440 319 2650 1414 433 1461 169 224 1817 1190 122 136 1993 445 2400 1381 2515 2840 1586 488 674 2779 2599 2770 2375 2241 915 550 1305 1640 2781 2837 274 1788 2358
575 2754 1691 1482 2019 441 2383 2080 1523 2695 2395 373 584 845 1016 1244 393 2550 1507 1120 1104 2604 2641 1177 55 397 2176 107 728 1669 2414 2136 2733 462 1517 2684 1147 1194 1382 2106 1410 2525 2518 2802 2166 32 902 2033 917 590 2233 87 1678 187 102 1919 830 83 1467 541 2563 1950 2752 2192 1943 993 1450 736 2254 1646 2637 2360 457 2159 357 1734 2780 1732 1028 2275 1259 2630 2447 2239 2368 1690 1372 834 279 2234 818 2297 2651 2586 2326 1626 2805 920 2347 1805
1159 1009 1815 403 2063 837 2484 2455 264 2092 1622 2833 299 2139 2412 2371 428 1122 2844 2269 1982 2797 2576 1549 1814 667 600 2486 1338 2776 2100 1735 2811 741 846 2255 317 573 1925 1619 642 17 262 2403 1863 2189 352 2385 1571 2731 891 888 1607 2223 160 1078 1698 2094 1530 267 1589 1341 1291 1 879 2338 641 2635 1238 1409 1862 2399 2727 1520 226 1660 90 814 195 1069 1572 2460 1994 2431 913 2758 234 1615 2253 2633 2607 2138 342 1509 1095 1816 557 223 1539 2158
1880 2168 1802 2464 2725 957 661 1889 2404 1766 669 42 2720 609 476 2448 509 636 2278 2562 2261 1596 1318 2194 1797 2807 2476 752 2823 1536 1726 829 644 387 2188 2457 2468 1768 2442 1515 2571 2572 2688 844 1227 5 1108 1283 2678 40 2048 2498 1525 1153 971 744 498 1560 762 2740 229 894 1280 106 1927 43 300 115 181 1632 396 1761 466 1032 2153 1659 2425 2573 448 795 1084 941 2831 2222 685 419 2761 1865 1844 2128 2374 1960 1661 1629 388 621 1078 391 1882 1637
1870 26 860 1417 1489 2769 348 925 1788 2454 2714 1369 480 1701 1710 2538 663 2649 179 712 550 2050 2130 518 1045 1422 2241 735 445 1617 197 1552 2840 463 1895 2289 2011 2375 769 2650 1328 433 1658 659 2544 1029 1993 556 1656 188 51 1934 943 2397 1405 1640 1782 1208 2707 2482 2836 168 1253 1381 64 635 2735 2817 817 900 1486 312 1092 260 1569 987 440 1437 1644 547 1386 606 2826 1663 2753 559 2082 1796 2628 305 259 1948 2832 674 1926 1983 1623 221 2358 161
1451 2000 1559 2437 1178 44 1361 1106 1346 1672 16 293 614 1447 1483 1990 1786 376 2787 1469 727 2700 1836 1482 2317 2072 1183 1257 2114 1971 1137 1798 2383 1207 2080 581 39 2129 751 589 2054 1951 761 1306 2695 2242 1357 2656 1620 1230 1224 2409 441 373 1561 1535 2249 1087 1646 1801 572 1523 676 485 1057 830 603 1693 2323 845 658 339 2275 646 1116 1450 1073 1175 1558 2422 832 1683 1115 1180 2281 2395 1714 2288 1928 1334 2149 1120 483 714 1244 1713 1538 898 2785 1166
2656 2016 2542 751 2149 1334 2242 617 1561 1693 291 1019 832 1535 310 63 1346 783 1593 1685 954 182 1333 2114 1197 39 1513 1434 2827 1773 149 1357 2441 2112 465 1795 1161 1004 1712 540 1760 1343 940 1298 2129 1847 2737 1743 2281 2288 499 2022 1786 75 132 1856 1672 949 581 1176 1180 2190 198 695 1836 596 983 2497 2224 926 2495 1116 1818 1087 95 614 2409 564 1091 777 1103 676 824 1451 2111 1914 1713 1207 737 1559 1996 1714 1257 1631 2072 1999 1106 895 1683 2202
1389 1213 545 2066 2113 2546 2178 304 1394 1353 1115 727 1883 1300 658 1951 589 2022 2784 2277 789 1361 1785 1175 1137 483 1451 614 485 1306 1798 1207 572 1087 1106 2072 2644 1971 1228 1230 2579 1801 395 374 240 1558 2381 2504 1683 529 2000 101 1559 714 1900 2040 581 328 853 1786 2759 2114 436 766 2238 898 364 1257 962 251 737 989 1333 2323 783 341 1898 803 215 2149 2242 2656 16 2409 1693 1166 407 2540 39 293 1093 824 1427 1357 1928 761 926 93 895 63
924 2216 1703 1288 1487 1471 2573 953 1363 1090 1006 443 761 1763 586 1308 37 2317 2249 1082 1188 922 2449 2167 752 1697 144 459 1447 1380 205 8 16 2823 411 1474 1400 333 2268 1183 2535 745 1671 468 474 1687 2841 1469 122 1217 1456 2079 724 2179 325 2452 2502 44 2263 2617 2212 1205 2567 1327 1865 905 423 1927 2043 2816 2657 167 1027 1284 637 1184 2230 117 650 2571 419 521 2554 2791 1425 181 1605 104 1677 327 2445 2030 335 2245 1084 2303 620 2625 973 1198
2502 2152 1605 1953 1139 214 2348 1602 84 2841 1866 1371 2567 2141 1171 22 2751 5 1696 1214 2109 509 941 1199 1726 844 2457 244 1616 1515 2115 2572 2128 2263 106 609 2448 957 2678 2725 2404 2386 1280 744 2464 1927 1525 1889 1632 2623 1766 785 96 2153 2203 2060 1738 894 1397 1032 189 1488 117 420 1198 419 2768 1659 2554 1084 2150 510 1184 1661 148 851 2353 2182 1987 327 2030 2303 1205 1979 1502 621 1591 1364 171 1113 2521 2179 1326 423 1922 2705 2620 594 1064 1232
239 2091 653 1961 2794 252 1274 1127 2164 1647 2402 1303 721 799 1972 2061 2531 484 1875 268 2693 2059 131 806 1240 1011 495 1789 1475 2236 2311 1273 1356 467 408 2698 1282 2687 356 290 1967 927 1843 654 534 1275 1655 805 525 1024 296 1692 1022 782 1921 1018 1756 1780 1248 2285 1378 726 1317 1472 113 1755 1568 1050 1612 618 643 330 1831 53 2279 679 1124 390 1918 1829 1164 314 2407 2773 1395 625 383 999 209 2137 1503 2144 699 2611 561 1635 245 1929 1435 1543
6 1221 285 582 546 2643 807 1570 759 298 1702 973 1884 1603 980 1285 620 1541 181 820 468 2118 732 1610 1015 1260 750 334 372 2303 448 1083 1882 1797 1537 2791 2677 1084 1858 1205 2313 2268 1184 117 650 2030 2179 475 1916 1768 1502 275 1891 1380 1284 2346 1723 2666 2359 2203 1456 1188 205 1659 327 423 922 690 1697 37 1425 1198 1080 122 2387 167 2222 510 1979 411 594 2194 459 20 1591 454 2521 2726 1462 425 2706 1488 669 1738 2162 956 281 375 796 1536
2077 2478 2777 2772 1753 1125 1842 18 70 2561 1252 2015 1834 951 2818 601 2663 2 2161 2510 2757 1035 1390 431 1557 2315 2622 315 1759 1839 2054 1165 1443 2302 889 191 2686 2000 1075 646 1801 29 2653 1597 767 1306 2787 2323 1951 485 1747 707 1175 426 1418 1809 2121 293 1869 522 1849 1798 2533 1833 2409 1905 86 1959 614 286 2149 1492 142 2320 853 1114 634 1928 2267 2078 2624 277 2415 1357 10 1938 2143 2240 962 145 2702 876 1149 2350 1001 1767 2016 126 67 2024
767 1938 1443 1833 889 1747 2686 277 2702 2496 369 2315 1125 1980 1753 2478 431 1460 2777 211 1989 2077 18 2772 2818 70 1842 2510 951 1834 2532 2015 1252 2 2685 2757 2663 1759 1557 601 2622 1390 2561 1418 1035 1839 1976 315 164 2288 1165 1845 461 2016 2577 39 156 2302 2556 684 578 121 1114 1413 1340 2149 250 536 760 1431 193 1952 1788 1628 2108 769 694 2388 931 571 417 569 1399 2671 75 1872 1975 1767 2808 1784 72 597 988 1793 1593 401 2624 2090 848 2022
196 353 1625 98 776 701 2474 585 869 2067 2361 1643 2081 910 1963 1819 1864 2103 1042 233 2256 1402 809 2353 781 2462 2334 276 2027 1344 381 69 871 2264 2261 1600 2252 1179 285 1633 476 1977 1651 1583 2391 153 1188 1227 42 1283 2101 669 181 2278 2527 1791 1761 2398 1063 2434 1531 1108 640 247 661 1702 2634 2157 753 282 1768 2119 1515 628 1153 40 2001 2194 290 2210 1378 2643 1220 1359 748 1260 1031 975 467 2048 1 592 411 175 2603 2582 582 2285 2778 840
2394 1946 416 105 1778 2331 883 301 1419 908 2843 392 2417 11 2697 1105 355 256 2196 2243 2204 1495 937 1142 243 2453 519 673 1331 2087 2793 549 1006 320 1554 2251 593 1614 749 2718 257 1527 2519 1247 855 1595 1271 984 7 2095 1396 604 678 2336 1741 874 1894 490 2005 774 2660 253 847 2763 58 1002 318 1370 94 2734 568 1676 1138 2527 448 1621 1966 152 144 2147 765 773 1040 2432 2260 535 2560 813 975 1339 2696 1708 1174 871 151 630 1068 2452 1956 1936
1908 835 702 931 1830 284 848 1114 1107 903 1767 1340 768 1845 2601 2471 65 502 990 2624 1310 1254 688 1512 297 1235 522 126 1608 103 1323 578 2276 2388 1821 1720 1186 2667 1413 1391 2314 250 1975 684 1406 1075 1012 1334 249 1759 2622 1390 1165 414 2224 315 2757 2299 2302 2495 277 2151 1557 1670 1801 767 2149 191 1120 2323 2016 2121 800 614 1516 739 749 1065 2350 1113 2315 876 627 1458 2656 2251 2161 293 1968 202 581 2240 2005 39 2561 1252 1243 1810 1805 1850
269 1548 531 1980 2685 2315 2702 2161 444 368 277 1725 1200 2499 1075 1767 1943 2653 191 1120 1165 2518 684 315 1905 2000 590 1959 2302 2314 87 83 876 202 993 2748 116 2276 902 747 2359 1252 1016 614 126 2033 1809 1869 2622 951 2719 2350 584 2240 1390 2772 1340 1975 1391 845 2015 2077 1834 2 2478 1300 1413 1950 431 2121 1919 1557 541 917 1147 2495 1001 2329 1186 2506 960 1410 1073 86 414 2275 1088 1443 1357 2510 725 2802 1125 2818 1753 1732 2563 1406 373 2663
285 820 1603 1221 1541 546 582 6 807 2643 750 334 759 2387 372 1882 1260 468 1702 1570 181 2677 956 620 732 1768 1797 669 2194 1153 298 1227 1884 1083 476 973 1761 2666 1858 650 980 2261 2346 475 1865 661 1916 1285 1537 829 2476 281 2761 1891 2268 2313 629 1188 2118 2359 2841 13 448 1723 1536 1844 423 42 1084 1462 2303 2810 411 2048 640 2816 1286 1184 2168 636 2013 1284 1973 117 459 2705 5 1272 1880 265 1421 2468 2132 1515 1697 2631 922 543 370 2210
659 2044 2213 2501 2528 1934 2411 1656 1644 1624 85 312 2790 2832 188 987 1102 2817 1552 556 2046 817 992 1319 635 1405 611 2713 943 155 1586 497 2034 1926 1840 562 64 305 1381 201 2241 1617 2545 1658 547 2082 2439 2011 1782 51 1386 2088 2836 1640 1422 439 563 1901 1407 2289 1208 1993 2419 674 48 2270 1544 1636 1428 1878 2433 221 645 1218 260 1569 2007 2631 1486 1173 2358 1860 2628 1796 134 2309 1983 169 440 259 2707 1092 2352 900 319 2650 1623 1484 784 2826
222 2218 2512 1436 1504 850 2362 2355 1305 2342 2450 2750 755 1933 1321 1736 2645 2156 935 1098 836 2096 2071 1790 1052 2201 897 1709 1638 2432 1806 477 461 2691 2420 177 2829 2163 156 981 816 1976 629 1903 164 2122 2775 141 1163 1085 99 612 2679 453 2577 1688 1621 516 2567 632 2722 174 2593 460 1510 2452 401 1628 72 1214 1023 1808 22 1145 1415 2751 694 1171 595 760 2274 2636 703 1757 1784 1267 208 1155 1404 2587 2074 2055 1047 2098 1811 1461 172 823 1113 1044
1178 2437 1672 1990 1836 44 2700 1346 16 1483 1447 2129 376 1535 465 1224 2422 1469 1116 832 1451 2317 2523 2000 614 1786 483 47 1713 1714 1914 1559 1838 751 39 581 1361 1482 2785 683 2114 1106 1971 789 1207 2383 2242 1137 1693 2579 1357 1257 291 34 761 240 2409 1801 2072 1087 293 2656 1300 2080 1180 1057 2787 1561 2249 1183 2180 374 926 2054 441 2695 676 373 2784 1115 564 1558 1996 576 215 1091 1900 830 2149 1620 737 2281 2190 1389 1166 714 898 1161 2288 2016
650 1916 475 2666 2346 1603 2810 1891 750 334 820 1541 1723 2171 2043 2841 2816 2387 285 372 1462 1221 6 546 922 1570 37 582 953 1471 2494 411 2643 1308 1188 924 1882 1763 807 2677 1082 1232 1487 1006 980 2571 2768 1537 1697 1922 420 375 1884 1397 1106 2620 281 2502 594 1605 423 468 1326 1591 614 909 1687 629 1400 1908 1559 84 5 2557 1090 2119 2573 443 531 1911 1905 2161 2220 725 1113 275 2000 2261 2359 759 1817 2726 1184 939 2114 425 1139 1433 148 2122
1684 1694 2517 1129 2185 2298 1411 2584 1294 2529 1630 1440 386 2616 718 1446 1360 2619 143 2481 665 1258 1939 1112 1270 2246 30 810 1445 697 638 787 2271 1514 71 958 795 127 2363 1278 372 577 1215 1267 557 2460 879 1863 1925 1619 2468 1982 2595 741 667 2339 2139 299 2189 1735 2524 2801 796 2833 20 264 641 991 1744 1480 1242 2455 1607 1807 2797 2269 273 2385 1373 1009 1811 2104 2771 888 1324 2412 1295 352 1816 1366 428 1122 2710 837 1078 2092 2590 1549 2844 1664
2773 2687 1730 1929 1275 2806 200 618 533 295 2316 504 1961 2017 1917 771 33 467 1873 1240 1655 1831 1021 1789 484 927 1011 2715 455 2301 1500 2059 31 449 1941 464 159 1706 326 2062 1475 2236 1097 120 1293 1026 53 580 806 999 534 1297 1273 2105 1018 1875 2285 268 131 561 2765 507 633 872 1923 726 1003 1692 1335 972 1813 1378 2698 1955 2429 655 125 772 1314 782 1974 314 412 1461 2814 1755 1156 2322 1472 2407 2681 2693 2265 711 1262 552 858 877 456 1704
1938 767 1833 1443 889 1747 2686 277 2702 2496 431 2510 369 2315 1125 1753 2478 211 70 2777 2532 18 2772 1842 2077 2 1460 1989 1834 2818 951 2663 2757 1980 2015 1759 601 1252 1557 2561 1390 2622 1035 1839 1418 2685 1976 315 1845 2556 578 1114 164 1340 1165 769 250 684 1413 39 2302 2577 461 2288 1767 126 156 2149 931 121 2624 2016 72 1788 1496 1975 848 1720 990 2671 2276 2388 1872 2601 2482 1821 853 75 2352 760 136 1817 2471 193 694 161 536 2272 522 1895
2749 956 909 154 2740 1882 1487 924 1471 1524 953 2444 1629 2573 2710 2725 1400 2448 630 203 43 2197 466 210 2823 2266 2189 1043 1215 971 2230 795 1766 1889 1509 1602 2508 1375 2548 687 1947 2468 1227 2727 2464 796 448 1234 1687 2456 2188 476 2169 1153 1596 669 2706 1859 127 585 2457 1880 690 1477 1761 229 335 509 2662 1278 2572 226 2620 2442 5 1 696 1514 1520 829 2399 123 1866 2348 609 2226 2339 820 2109 2476 490 2366 57 2425 214 1802 583 537 2517 857
2840 1663 445 1623 1328 2707 947 2241 1679 1444 1617 1782 1381 2767 1658 712 2836 1045 51 2515 1993 1054 1489 1649 2011 169 860 1544 1417 1640 2837 2439 1422 1218 305 1261 155 1569 900 2050 1710 1701 2454 2628 562 645 1369 100 735 1948 64 2721 2130 2714 1552 2034 1416 260 550 659 2650 1796 348 1437 1486 26 2826 2769 2545 2713 715 1051 1840 1860 197 925 179 1870 463 674 439 48 188 559 1096 440 563 2652 1878 1208 2649 2352 480 1307 2076 2544 2289 2419 2272 1788
2578 377 828 13 640 2210 2520 1272 1337 2671 672 2828 1668 2602 1374 933 865 1754 323 1949 2047 1249 2421 370 1041 2428 2083 2629 1910 1429 56 2032 2539 1038 2798 2570 2795 1189 729 2031 2839 1329 2038 2120 1764 2335 1070 698 2221 1399 932 964 839 955 358 1521 1049 43 220 1929 1275 2687 1108 1757 1952 2640 1596 979 1279 2783 1018 2152 159 782 2808 785 326 941 504 2141 2423 270 2502 2470 1692 1240 400 1562 971 2150 1768 2387 2186 1704 2398 2498 743 429 753 1730
1951 727 658 589 1175 485 1389 1306 2113 2546 1213 2066 1115 2178 304 545 1300 1394 1451 2000 1361 1798 2022 1106 1353 614 1559 572 962 1230 1883 1137 2072 483 2277 293 2323 789 2784 1207 2644 1683 1333 1785 1558 853 2409 581 2787 1087 240 898 714 737 783 1228 395 1801 2114 646 529 251 1166 1019 2242 1971 2149 215 2540 1786 374 1427 2504 954 2054 436 1334 101 2759 63 676 2656 364 803 1900 1257 2579 1928 766 1898 1685 2040 2381 39 93 895 1839 2238 149 989
1861 2174 57 1580 210 1234 2418 280 133 2461 1947 1034 1276 2456 1792 1859 793 493 1392 2374 2662 1930 421 77 1724 1758 704 1375 2004 1664 2327 2125 548 1575 2672 2184 570 1196 756 797 2330 976 2186 2590 1765 294 746 1887 1551 801 366 228 583 2659 2039 1665 263 2356 1457 2123 1877 1350 656 1072 1279 1776 885 689 2206 1358 859 857 2332 720 1229 2739 1542 2838 2694 1191 1043 2548 2321 287 1081 2229 588 798 1675 2541 2189 170 1086 2493 1193 1345 82 1348 2198 1030
1416 1096 1948 2272 1316 1496 2556 1860 2815 747 1965 2545 1636 1051 2352 2741 1796 64 2135 2023 1362 1897 1584 1212 2721 899 305 137 2713 439 2034 1606 116 1548 2650 1993 2755 2241 497 1586 1569 1490 1381 659 562 2433 725 2309 1218 100 414 2305 97 1645 201 1782 1617 547 2319 1422 1800 2708 79 1453 2258 2270 48 1601 715 1841 1901 1067 1390 2239 722 1658 442 1411 742 155 202 1075 188 1134 947 1919 372 2628 1926 1623 2707 853 2289 1747 1261 379 2247 2082 2767 1944
2656 2016 2542 751 2149 1334 2242 617 1693 1561 291 1019 310 832 1535 63 783 1346 1593 1685 954 1333 182 2114 1434 2827 2441 1197 39 1513 2112 1773 1357 465 1343 1004 1795 1712 149 1161 1298 540 940 1743 1760 1847 2737 2129 2022 2281 499 1856 132 75 2288 1786 949 1176 198 596 1087 1180 2190 1672 695 2224 983 926 2497 95 581 1836 2111 824 2495 777 1116 1207 1257 2409 1818 1999 1558 1091 1971 895 1914 1996 93 676 737 564 1166 1713 1103 614 2072 1714 576 1928
1861 57 2174 210 1580 1234 2418 280 2461 133 1947 1034 2456 1792 1276 793 1859 493 2374 1392 1930 421 2662 1724 704 77 1758 2125 2004 2327 1664 570 1575 1375 548 2184 2186 2330 797 294 1196 1665 756 2672 746 228 1765 976 2590 583 1279 366 689 1887 1551 801 2659 1776 2039 1072 263 1358 2123 1350 2356 1457 1877 2206 885 2332 656 857 2229 720 2694 859 2838 1043 2548 287 2739 2321 1542 588 1191 1193 798 1229 2581 2493 2541 1675 1081 1432 1348 1086 170 2189 82 884
1453 2713 1490 2433 1860 2376 1901 2309 2034 201 2545 1569 100 2721 64 715 1796 48 2556 562 439 2272 305 1948 2815 1316 1496 1636 2213 1416 155 1640 1096 1051 2352 1965 194 1218 1586 563 2826 260 51 2650 1993 1878 1123 659 2628 2088 1148 497 1381 2241 1840 168 900 1261 1658 992 2046 2289 645 674 784 1782 1486 1617 486 1307 2076 559 906 2419 1544 319 2439 2707 1584 1552 747 1623 2337 1710 2631 231 1437 2007 2836 2767 2515 1848 2652 2732 1897 2358 965 978 712 1362
659 2044 2528 2411 1934 2213 2501 1656 1644 2790 1624 85 1102 2817 312 188 987 2832 2034 2545 556 817 64 1796 1926 1407 635 2433 1552 943 48 439 562 1569 1405 1319 611 305 2713 100 2721 221 2300 1386 2082 547 992 1640 155 715 1584 2309 1901 497 51 2046 2023 2270 1490 1586 1658 1381 201 2241 1453 2826 2376 1782 1878 2419 1993 1860 563 2011 1208 712 2650 1416 2439 1316 260 1617 1218 2836 900 1948 559 674 1092 1544 1840 2088 2397 2556 1437 1486 445 2289 2631 1096
2328 1977 2491 1179 2252 1651 2682 1578 1769 1063 952 1531 1354 748 919 2097 1583 2065 841 1791 2778 887 945 916 1579 118 1851 1470 982 567 930 639 2042 9 1657 928 2647 1920 2792 808 2729 114 1770 227 1667 2379 1585 998 2723 819 2575 763 2225 1528 2310 2349 1211 492 311 1854 566 579 512 1154 513 875 528 2488 1368 2459 1210 2026 2658 517 1367 1209 2711 515 382 2618 2416 25 923 2559 975 2304 1239 159 1970 326 156 2775 1972 2028 721 7 1647 1415 580 671
483 2784 240 1300 789 1883 2066 1353 1213 2113 304 2178 1389 2546 545 1115 2277 1785 2504 1898 1394 328 1228 766 16 2238 1093 2540 2579 1447 101 2759 2381 1469 407 395 1427 44 761 1161 1951 1801 2022 2644 646 251 529 1361 341 436 1683 572 2249 1513 1900 374 1971 1451 364 727 737 989 1106 1230 754 2040 757 581 658 2317 1559 1847 376 1728 2000 1231 824 1693 1996 293 1483 132 1306 2054 1533 2787 1773 962 1175 2323 2114 215 983 1091 858 695 2422 1798 1598 1804
2551 2018 2146 719 1289 2284 2008 764 247 1403 153 1351 1534 1157 615 2824 35 914 1577 190 1915 1493 2582 2603 206 343 1359 1204 2585 1121 1751 723 2209 862 539 812 303 1997 1772 450 1633 2485 1970 871 2487 212 549 2361 2019 2165 2550 1507 1132 1177 604 1128 2604 107 382 2792 536 58 1247 2414 1588 1347 121 2793 1194 988 998 874 975 397 517 2204 55 1595 869 2434 193 1467 276 2147 567 2090 569 1762 1104 495 412 2711 532 2176 873 422 2192 1339 2228 1791
117 1979 327 1659 1184 1198 275 2203 2303 1205 2791 2030 1687 1502 2179 167 510 594 1488 2521 1738 298 148 425 1084 2768 1922 423 2014 420 375 1397 498 1113 1080 205 2222 2263 2124 1400 973 2620 1537 466 23 1326 1591 448 1426 2494 690 2726 2366 1570 1371 2623 2162 2572 20 796 851 2115 1661 1884 980 2359 1616 473 2128 1960 1061 306 1232 1285 1744 454 2678 953 2841 1015 1280 2169 2706 2573 2118 1525 163 1610 1641 1637 2508 1308 1082 388 2677 907 1471 474 1817 1423
29 2533 286 2172 2673 967 1149 2320 2021 1804 2756 2024 218 426 1597 1533 293 1689 1728 2143 24 1719 634 2430 2235 1231 754 91 2260 2296 792 707 739 1849 2354 2408 213 757 1529 1867 2390 1722 2054 1478 424 2638 2224 291 1265 2295 135 558 2615 1269 2787 119 80 499 1296 1448 1383 1346 1535 19 2566 2000 1334 2072 832 853 1733 2149 1252 2129 1886 2302 520 1091 1451 2078 184 2413 614 1165 2015 1670 2730 315 1555 465 232 1469 1559 2016 2748 2656 1593 2161 2785 1801
52 346 2821 1022 2467 2690 418 1481 1378 2505 2465 1465 786 780 2244 1662 363 758 402 467 753 2429 936 478 534 2059 108 484 806 2398 1438 2407 2634 628 1008 53 2301 1220 389 2765 840 1918 2070 471 999 430 225 655 726 89 1048 2285 1039 782 2632 1018 2611 295 2669 1395 2025 1692 1356 1140 1730 192 1612 138 455 61 452 643 2687 207 1787 331 1317 1026 1929 1756 2806 1503 1831 1921 2061 1655 1789 1568 290 2232 1303 2142 504 268 1506 1024 927 1275 1475 326
1628 401 453 2055 141 2163 1023 760 612 2098 1047 2747 1872 2122 177 1085 1903 2679 816 2829 1163 823 981 73 1510 399 461 595 437 2074 208 2587 1599 2655 2469 731 380 1717 1233 2126 1160 99 1784 1145 477 2452 1241 694 156 164 1976 1688 1404 174 2577 2775 1100 2274 1808 460 1415 72 2009 2636 1089 172 2722 1155 2218 222 569 975 193 1436 2090 121 1504 1182 988 1305 1741 1769 536 2778 2380 1339 2642 1839 923 2750 755 2512 2304 1879 2362 1531 1175 1906 952 1173
2687 1275 1929 1730 2806 2773 295 467 504 484 2059 1655 927 1789 1831 464 1240 2301 1706 806 1475 2715 534 999 53 1011 726 31 268 2236 326 455 1875 2765 655 131 2407 159 2429 1378 2285 1813 1097 1293 580 618 1692 200 1026 33 1008 1923 1022 1273 430 2062 471 1662 2316 314 1961 1018 1843 1024 1438 331 782 452 2398 628 2565 1062 418 533 1220 108 840 2693 753 129 495 1932 2632 324 1967 1917 858 390 2406 1648 501 478 1635 1297 2244 456 1941 1461 780 1335
1830 931 702 848 1114 284 1908 1107 835 1767 903 1340 768 2601 2471 1845 502 990 2624 65 688 297 1608 103 1235 1323 126 578 1310 2276 1512 1254 2388 522 1821 1720 1186 1413 2314 1391 250 1975 684 2667 2149 1458 1922 2114 1357 2656 39 1406 1801 1120 2240 277 1075 1012 581 767 379 1016 1905 1144 775 876 10 1759 86 2494 1390 249 2495 1207 2637 2242 1459 1805 1152 373 1809 2000 1557 2036 2016 1157 381 1864 725 1165 1106 1832 2288 102 737 1605 1113 1959 2323 2605
18 1842 1252 1834 951 2818 2015 601 2 2663 2077 2478 2777 2772 1125 1753 70 2561 2510 2757 1390 431 1035 1557 2161 1759 2315 2622 315 1839 1075 1747 1443 1165 2686 1938 889 1833 2302 1114 202 767 522 2702 1418 2323 1767 1460 1801 2667 1989 931 369 1012 191 277 2653 2409 211 1798 2240 1406 1845 2149 1357 2624 2121 2509 578 1905 1809 1001 1928 2329 2583 249 67 2532 1166 529 702 1830 2000 2350 126 1810 10 2054 250 86 725 962 684 960 121 1259 886 2637 1175 876
2542 617 1561 291 2016 1334 2656 751 2242 1019 2149 465 499 63 1685 540 954 783 1631 182 1197 832 1693 1346 1333 1535 149 1087 1166 898 2022 1593 2409 676 1928 1590 714 93 1434 895 2129 1558 1712 2112 614 2114 1298 1760 2072 1004 1357 576 1207 1971 1161 1847 39 739 1257 1343 853 1786 1773 2281 792 1513 940 310 1116 926 2700 1137 1743 683 2827 1836 1672 1180 2493 1818 596 1091 91 1103 2737 2422 1714 2224 1795 803 2495 1713 1689 1804 76 1801 1996 2296 1999 564
2380 2267 1236 743 2423 878 427 802 2568 1053 432 429 868 2415 901 555 2217 289 1888 1492 554 142 681 1256 2078 1890 21 1793 292 1886 1553 866 176 1562 78 2451 36 1398 2786 361 2029 2384 302 199 1431 62 893 500 2668 1430 2227 417 340 680 2117 979 733 1699 886 2108 1499 597 571 1033 332 1065 2743 2333 1268 1393 1132 193 1588 770 1418 536 2428 2221 568 988 1070 1670 1387 961 414 186 2038 1399 964 2031 2120 2224 1686 792 569 2539 121 2219 2629 1516
1752 1146 4 2367 1545 1799 950 1624 1102 817 2790 1644 2069 2832 1202 1926 2817 59 1656 1316 312 1407 2389 987 1496 2300 221 2501 2411 2528 1934 1965 2270 2556 943 1636 85 635 547 2082 1416 556 1948 1737 626 2272 1096 518 1840 2815 2241 2044 188 2631 155 613 1405 1386 2714 2767 1319 2352 2289 1782 663 2477 440 2836 1381 611 1658 2515 1552 795 550 2538 2628 2713 266 305 735 1051 659 433 1422 2454 197 1663 497 1649 1586 2213 2011 2840 1092 2545 2781 674 1328 1993
192 2669 61 2025 2794 207 2070 1787 239 653 654 2396 225 356 296 1506 408 209 1282 1274 139 1781 49 525 245 1127 383 838 1961 2164 1141 2091 2173 290 2311 1780 2280 113 200 216 418 618 1240 1356 495 252 449 2316 1555 1273 1612 1262 2698 625 580 1248 1918 326 2531 1168 1299 33 1598 159 1124 455 1435 679 2279 1011 1216 1143 1647 2693 2053 1924 1929 1972 1118 721 1822 1293 331 1472 1097 1505 31 858 2611 2402 1500 1037 1875 1941 27 346 2017 430 2690 1648
2185 2298 1129 1411 1684 2529 2517 1440 2584 143 386 1694 718 795 372 2363 1360 697 1630 1215 2801 741 1514 2460 557 958 2271 1294 2616 787 1445 810 879 1446 2524 638 30 2139 2738 1278 1816 1982 1619 665 1366 2833 2468 71 2246 1480 1925 1242 2385 2727 969 2844 1267 273 414 1520 2104 299 2269 1863 1539 1112 2481 2092 667 669 342 1 2371 1660 2607 2158 796 1549 352 2797 2189 2431 551 2226 1059 2619 1735 166 867 425 2633 1947 687 888 2215 1807 1744 264 1373 1270
645 1029 2011 2735 197 445 2840 1054 1649 463 2767 2650 134 1679 440 2707 2836 1328 1623 1840 2289 2375 735 947 1444 1253 319 1663 2241 433 2837 1045 1782 169 2628 550 2439 1552 1544 1993 1381 1617 1658 2050 663 1261 1422 2130 51 2076 155 1255 986 965 123 1218 659 518 2769 2538 906 1640 1307 1788 2088 59 1895 2287 2515 179 674 2713 1208 305 2046 1489 259 712 563 2631 1775 1148 769 882 1092 2352 2714 904 1757 2482 1860 1417 260 201 1051 2826 1468 992 1983 562
1856 2827 2441 2111 95 596 310 1743 88 2547 2745 1476 2190 2202 1999 983 132 1176 1749 824 695 2785 1914 1593 576 1103 1693 1093 777 2422 2149 1631 1996 1304 407 60 683 1116 1343 1714 1197 949 34 1713 2523 1535 1091 832 2737 1727 291 2656 940 1804 1672 1838 2112 1224 47 783 1898 198 540 1004 2281 967 63 1019 2555 2242 2058 376 1836 230 1483 617 1434 39 2016 1685 1561 1760 465 2700 1298 2180 2317 2497 1178 739 75 184 1513 149 792 2733 2615 2413 462 1712
1649 2767 1054 645 1679 1444 947 1663 1623 2836 1328 2837 2707 169 1782 1544 2439 1381 1658 51 2628 2241 2011 1029 1261 1840 1218 1617 440 1045 735 1640 2735 1993 2046 197 155 2840 2650 445 1422 712 463 2352 194 1051 992 2050 550 1552 2130 305 319 134 2289 1208 674 1948 1253 1307 1416 1586 1486 659 2815 900 2088 2272 260 2631 489 1417 563 2076 1860 1437 497 1489 2826 2556 179 64 860 1369 2375 2713 1636 1096 433 201 2515 2652 518 2454 965 1752 2084 2769 1316 906
1752 1146 1636 1965 1496 1316 2815 2556 950 2272 1948 1840 194 2352 1416 1096 2367 4 1051 2628 2713 1860 1218 1586 2069 1799 2241 1123 2836 1878 201 1381 168 1901 1658 563 1148 1202 674 1782 231 497 2439 2553 1545 900 1261 155 2289 978 2826 2046 2213 1640 59 2309 1437 1544 2832 2433 1453 1486 305 613 817 2652 1897 260 992 2515 2133 659 965 1624 663 440 2477 319 2767 2424 433 1422 1862 2650 518 259 2840 312 51 1775 2545 2088 1552 1663 1362 2714 1045 266 2148 1092
1593 2827 2441 1856 310 95 2111 596 1743 1804 967 983 2547 2785 2190 2745 1999 2202 88 824 1176 739 695 1197 132 1749 1914 792 576 1103 1719 1476 1693 2235 777 2296 2149 291 1996 91 499 1093 1631 1689 1535 1091 2430 832 1304 60 2224 1343 540 63 1728 2472 1483 1019 2656 407 2281 2737 1597 1231 634 1836 184 376 2260 2024 1672 39 24 2143 2756 1312 465 2422 1898 2021 2615 1469 2242 1334 2413 16 1984 2288 1478 1555 426 198 949 1448 135 754 2784 1685 751 2239
1146 1752 1545 4 59 2389 2367 1799 626 1202 950 2270 547 2069 2082 1737 1319 1624 1386 817 271 1926 611 2477 2692 556 987 2289 2817 2790 1656 2832 266 2840 1555 613 974 1892 1677 433 400 2440 312 283 188 85 1998 1408 274 608 2340 1644 1771 169 2037 81 2767 2501 618 200 1102 1942 1725 326 994 2148 1917 368 1929 1934 2011 2527 1407 2300 1840 659 1496 526 1708 1715 785 2183 2556 1663 826 440 2515 1540 2089 259 1552 1461 2625 580 2783 2595 2775 1701 1316 2553
1946 2299 2788 749 593 2364 1243 2730 1068 2151 673 1379 1670 1311 1966 2549 1131 1005 2746 2290 434 568 1794 1783 544 112 2394 1110 416 410 709 365 1079 1040 105 821 811 937 2377 2697 535 2219 1325 1850 186 855 1778 2251 605 730 800 257 2516 2095 1466 1498 1526 2243 2417 1936 1634 1142 1968 253 678 2341 406 883 435 1094 2830 2196 1527 774 2519 2492 248 1385 1455 2005 336 1424 1309 94 1511 1442 1779 1020 320 610 1174 852 1133 2087 1969 2423 2560 1573 1913 2843
1254 1277 1512 834 1310 2555 65 2058 1107 575 2080 903 441 1727 1523 1482 2383 2754 835 2695 768 845 2395 1016 373 1720 393 584 1821 1975 1691 2136 2388 1147 1908 830 702 284 1244 309 1340 250 1450 1678 684 1732 1104 2019 2275 333 1669 1120 931 2239 2641 1646 856 55 1608 1013 1336 1458 1217 1830 861 397 603 728 2176 83 187 2160 2802 2518 2073 2733 462 1620 1073 863 1950 2079 2823 541 1194 1907 993 1114 1178 1517 1919 1467 2340 1767 762 920 736 32 205 576
1663 2840 1623 1328 51 1679 2707 2767 1444 1640 947 1782 445 1381 2241 1658 305 169 2836 712 2837 1993 1045 1544 1054 1617 64 562 439 1649 1569 1218 2439 100 155 48 1261 1796 1422 715 2721 2050 2714 2034 860 900 2713 2545 1417 2826 735 1369 2433 2011 2515 2650 1552 1437 563 659 2628 1860 1489 2454 1878 943 925 221 260 2130 480 2352 26 1870 2082 556 550 1840 1948 1405 2631 1416 188 2769 197 2272 1926 179 2270 348 674 1486 2289 2309 1316 2649 194 1096 1123 1051
1980 2685 2702 2315 269 277 1548 767 369 1443 1833 1989 211 1938 1747 531 2161 2496 1460 889 2686 1767 1120 2518 2 2532 2663 339 845 2275 2276 1073 1620 1200 2302 2695 2748 1391 2363 2359 603 315 2818 373 2314 1869 126 2000 39 1252 951 2015 1732 1165 1678 441 1357 1557 1450 747 830 1451 1413 191 2653 2494 83 2383 1646 907 1147 1462 614 1180 1340 584 1559 2460 688 1943 2437 2318 2281 863 414 2506 1106 2288 258 1523 1346 1320 87 1801 601 2755 1905 2129 931 2245
834 1244 2136 393 1277 2080 1691 1482 575 1646 2383 2754 1016 1523 441 584 2395 373 2019 2695 845 2555 863 2058 1120 1147 1727 830 339 2518 1450 1678 1507 2550 1732 1104 1669 2275 603 2641 1073 1620 2604 55 2176 1177 397 107 728 775 187 1194 462 2414 357 2239 284 2254 2586 2733 102 2780 1791 1087 1169 736 1805 1517 2326 2630 2684 1254 2192 2159 1467 2360 32 2802 1734 2595 483 2233 2409 1611 1626 2778 1324 902 457 794 2073 1028 240 898 2447 2637 702 2784 379 2033
117 1659 1184 1979 2303 1205 275 2203 1198 327 2791 2030 1502 2179 1687 167 298 1084 594 510 205 2521 1738 1488 973 148 423 448 2263 1397 420 2222 2768 1113 1400 1922 1537 1570 1080 425 2620 1591 2014 690 1285 498 23 375 1884 2494 1371 2572 2623 980 1015 2124 466 1960 20 1610 2678 1280 1426 1425 2359 851 2118 454 2726 2162 1232 2366 2115 2573 1525 2706 1326 1661 796 1308 2268 953 1082 1616 1380 1061 1697 459 1641 907 474 2535 473 2128 37 2677 1637 922 2571 2348
1456 1284 411 122 1188 1865 2823 1260 468 2268 1858 2313 922 459 37 807 1308 1082 20 1763 586 2167 1697 167 1286 1610 1015 454 669 1844 2118 1090 443 1227 1006 38 1153 372 2261 980 2194 1884 476 1084 2791 2030 2425 2060 2643 448 829 298 189 2627 1425 419 661 1205 759 1032 2222 2476 181 1761 2573 894 2303 2726 1570 115 973 620 1927 2162 2153 2554 1199 1285 1702 1502 96 565 1995 1556 1593 744 506 1637 2335 285 396 275 1632 2760 685 1880 1797 205 1891 1723
269 1548 531 1980 2499 2685 444 368 1725 2315 2702 2359 2161 277 1200 598 1439 2051 2506 1130 725 1767 1962 2288 1960 907 2653 315 39 104 1088 1183 165 1555 1979 1940 1833 1443 1986 694 747 423 327 1357 2281 1954 1591 1073 1462 1841 2497 1654 442 751 2292 2495 351 1817 2128 2518 692 2275 2622 1241 362 2494 862 2 164 379 1423 1036 1225 1902 2000 1075 2663 2319 2510 1601 431 2154 2149 601 1165 2656 684 2303 2728 136 202 541 1499 1747 1326 2302 1120 1825 2184 1943
1944 2294 1055 1056 2728 725 2207 2558 2766 165 1825 204 2825 1940 447 1986 1130 137 1212 2135 899 2842 1606 2741 2580 116 1452 1841 1899 146 2435 2813 494 1463 1547 2248 2041 1935 2708 2382 1134 2511 1937 2438 1223 2286 686 1464 682 1067 1874 2057 2569 948 804 246 329 97 2291 362 647 1592 1076 1185 2258 491 574 2736 1639 2393 657 2506 140 1868 2639 1777 677 2683 722 79 2068 2292 1126 2305 1601 2827 2036 2665 2838 310 1876 2603 2436 974 493 2582 692 1019 1204 1486
2794 192 1787 61 207 653 2025 2669 239 2070 356 2396 654 296 1282 225 408 209 139 525 1781 49 1274 2091 245 383 1961 2173 838 1506 2164 1127 290 1141 2311 2280 113 1240 495 1780 418 1262 159 2693 326 580 1118 1356 2698 1011 1293 2402 1143 1097 200 1647 1972 1555 1273 679 721 625 1248 1822 455 1317 449 1756 1435 1022 2531 27 1929 2236 1655 2316 31 1505 1831 1612 216 1875 2062 430 1598 1168 618 1967 1730 2053 1299 1275 2232 2715 1789 1378 331 1050 1124 1918
2381 364 374 101 436 1900 215 2040 2759 2579 803 989 251 766 2238 2504 341 328 737 1427 395 581 2644 789 2540 572 545 529 1898 1230 1394 1106 407 2546 2114 1115 1257 1683 1801 240 2323 962 1883 2277 2242 1798 1559 1389 1361 1971 1786 1451 2000 1353 2784 1093 483 2066 1951 2113 1213 1357 2178 2787 1306 304 646 727 1300 1137 1180 293 714 39 1175 2656 614 1818 898 589 926 2149 485 1166 658 2409 1091 564 1693 1207 751 2054 2288 2495 1558 1334 2072 1928 2653 1087
2643 285 6 807 759 546 1221 582 1702 468 620 181 1260 1603 732 820 1541 650 2171 2666 2043 1797 1891 1083 2810 1188 2816 411 2346 1723 372 1882 1916 1570 475 1284 922 1858 2194 122 1227 2261 1153 334 2841 750 2313 1456 1761 476 37 1697 669 298 1763 1768 1865 661 1884 980 829 1308 1082 956 2268 1610 2823 2387 2677 1844 2118 973 2476 459 2167 42 2761 1084 448 1536 636 1537 2425 1090 1015 2807 586 2278 1283 2168 443 1502 1108 510 2179 2726 1286 2688 1285 506
2414 1177 107 2176 2641 397 55 728 2604 1507 2550 1669 1104 1194 2019 575 2754 2326 736 32 1467 379 187 2360 1919 920 2159 1748 541 1950 1691 2234 2036 1459 469 902 2073 2033 917 993 1028 1014 1690 2239 2233 1720 153 83 590 1259 1821 2192 87 2684 1734 1372 1832 2254 1943 2347 462 250 1975 2752 357 2447 2603 680 2080 2297 2637 2733 584 193 2630 457 1268 1382 1970 1016 818 684 2383 2805 373 441 382 2804 2240 400 1601 2586 1517 1523 121 1608 1192 834 2166 2802
196 701 1625 353 98 776 2361 869 2474 2067 1963 1643 2081 585 910 233 2256 1864 1819 2353 276 1402 2103 1042 809 871 781 2462 2027 381 2334 1344 2264 69 1633 2391 1600 2001 1245 2012 2101 153 640 998 2839 1170 247 2157 865 1403 1583 138 40 2252 1891 2394 1667 42 2803 975 748 1531 227 567 2336 539 2795 2132 66 2792 2228 1612 592 513 1970 2841 2551 290 2261 862 2535 2278 510 224 282 2335 2018 1723 1697 1751 1359 723 1916 1704 1973 22 1063 745 1537 425
1487 1471 953 924 2573 909 1400 1687 2620 1006 2494 37 1090 443 1288 1703 335 1763 2216 1474 205 745 922 1113 1363 2535 1308 2222 325 586 2230 1082 1671 8 2449 1922 411 167 2079 2823 2571 2197 1502 2179 1232 300 459 327 956 214 762 1995 2503 2706 20 882 1188 115 1183 690 1882 1891 2348 122 423 2167 510 2841 1738 2425 2109 1255 1458 38 398 2591 2448 148 1184 2340 229 2268 1953 650 1488 2688 614 2521 309 2816 1205 1341 594 1315 750 1284 856 42 2567 1907
70 2510 1753 1125 2561 2772 2777 431 2077 2478 1842 18 2757 1035 1839 1390 1557 1252 2 2663 601 1834 1759 2015 951 2622 2818 315 2161 1165 2302 767 191 1075 2315 277 1443 2323 2702 1938 1833 1747 2149 522 2054 2686 426 889 1845 251 1951 202 1798 2624 121 1427 1334 1801 1175 1306 1980 1418 1597 646 1793 2540 193 1431 634 1012 2143 1235 485 369 988 2024 2656 737 1357 589 1558 536 164 990 142 2016 1976 2409 39 2072 2644 2653 1460 103 853 126 1492 297 364 1394
2792 567 118 1791 998 1583 2065 1531 1854 808 1354 952 748 919 887 1769 2778 1470 2711 1063 382 517 778 9 1667 2328 1970 1579 1179 2252 819 930 1977 1578 2491 1585 2682 639 1651 227 2575 2042 1657 982 841 916 945 763 2647 2729 928 1851 2723 1770 1920 114 2379 2225 2097 1528 975 2310 923 2304 2793 121 151 7 513 569 193 875 1367 2349 2459 536 1271 2416 1209 25 2165 988 515 492 2090 1368 2361 1154 816 566 380 311 2618 528 1132 1239 1344 2488 1588 1210
2755 2045 1584 2023 1407 2790 1656 188 85 747 2817 1102 1934 2528 1644 659 2044 556 987 817 2411 943 1624 1926 312 2832 2501 1405 635 1319 611 221 2300 1796 2270 1386 2082 547 258 1320 770 1552 2545 2397 2034 463 2544 1092 1489 1422 2564 1788 414 2454 1983 860 1617 2344 2358 1417 977 606 1414 1428 1710 2574 1564 197 630 2011 26 1046 1328 4 1782 992 259 1208 2272 2800 996 2530 622 2213 1737 674 2769 2670 712 1799 2241 1658 2012 178 1029 1895 1586 1381 2375 497
239 2164 1961 2794 1127 653 654 2091 1781 525 1274 2311 245 209 139 356 408 1282 296 1787 838 49 2280 2396 2173 113 1248 61 1240 625 252 1435 2531 1780 1647 679 192 2025 1356 2070 383 1011 207 721 2402 2669 1972 290 1598 225 1875 449 2137 200 618 326 580 33 858 2061 159 131 1097 1141 1293 2316 1505 822 2693 799 1921 1555 1143 1124 1967 1187 2279 2406 1317 268 495 2285 27 1037 2236 452 1273 1018 1168 1472 1929 1299 1635 1648 1118 1506 2053 2698 1941 1275
1518 2282 1290 631 921 2064 2049 530 2796 1301 1058 607 1017 2140 2596 451 446 1604 1567 1981 662 1237 1909 1613 2093 2392 394 1879 1742 1906 1119 2357 1978 1384 337 2660 942 1554 984 813 2085 966 908 487 1705 1681 1370 2257 2696 2543 660 243 1331 1002 1396 1105 355 1739 2782 1673 2600 360 54 710 542 2340 2458 1618 1614 2243 1893 271 2781 1853 2006 124 2259 2087 1000 2609 220 2205 2664 1540 2648 716 2331 2822 996 2530 1695 400 1491 1060 1142 1904 2369 1811 678 1341
1721 2809 1876 1473 12 2728 1390 2622 1759 1055 1895 1406 1012 494 1944 574 1874 2757 1472 2207 725 2057 271 1931 433 2220 1075 1753 202 769 974 2526 2291 249 2719 1253 146 1125 2482 18 1555 431 2148 315 70 2478 1834 121 1917 1223 2028 2764 1677 2683 1771 173 682 601 200 1842 2708 1056 532 2735 1892 1252 1557 1942 1961 608 2777 2077 1845 2772 2315 898 2825 447 1117 1452 140 1899 968 533 2558 414 404 193 1413 2438 2294 988 939 553 1185 1868 1313 1788 951 1825
2171 2810 650 2666 2043 2816 1891 2346 1916 475 1723 2841 807 6 2643 285 759 411 1221 1188 1603 1702 922 1260 181 1541 468 820 582 620 1570 546 732 334 37 750 1153 980 2502 372 1882 1953 1139 1884 1605 1284 1763 510 122 375 1858 1697 1761 1227 1502 1456 1865 148 1326 420 1083 1308 2179 2203 214 1397 1537 1082 2118 973 2768 1610 1080 1979 117 956 2152 2167 1797 1768 2677 1184 1232 2387 2521 2779 1738 2313 298 724 690 1488 1654 2620 1711 327 1150 1015 2348 1173
2840 445 2515 1710 1701 1417 1489 860 2011 1788 197 1623 2241 2707 1617 463 1328 712 1679 1552 2767 1658 1045 1663 659 900 1381 1948 1782 1656 2375 433 550 559 1983 2817 1437 1218 817 2419 947 1486 2050 1208 2289 2836 674 188 2397 1092 169 1054 2424 2628 1993 1416 2826 1444 2714 1369 26 1422 51 2454 489 1569 1926 1307 2721 1870 2084 2544 260 1624 348 987 305 155 2439 2790 1261 2652 556 1544 735 2082 2837 134 645 1878 179 259 925 943 1895 2574 2528 2713 606 1644
202 1075 1012 249 1406 627 1810 67 2509 1001 2350 2121 2583 1944 899 1212 2728 137 2294 725 1055 116 2558 2135 165 1130 2813 2207 1606 2382 2708 1874 2741 1076 494 1937 1223 2825 2766 2286 2842 2057 2292 804 2248 2435 2224 2719 682 2438 1464 2580 876 1825 146 1126 948 692 2033 2143 800 902 1185 686 2569 1592 1452 1056 24 97 1805 1899 917 1639 2622 1067 1601 491 2240 1935 1390 2809 1448 1830 2041 379 2319 2736 1463 2329 742 2805 2615 1142 997 541 424 1169 1867 2838
1083 1702 732 181 620 759 2643 582 6 1797 285 546 1221 807 1260 2761 2807 468 1768 42 2048 2111 2441 636 1856 2827 2278 2261 2194 1536 1318 1108 310 894 96 596 2374 419 661 2554 1251 644 2744 2004 1999 1204 95 2202 2153 343 198 206 476 2603 2688 1761 2425 2582 2720 2548 762 2522 949 1733 1364 1632 689 1525 1945 940 2442 1283 387 1914 1064 1882 462 2313 88 2168 1751 493 481 1153 2547 1336 520 1867 1758 1103 1570 2623 1749 2785 2476 1476 1722 829 1019 1343
1539 969 352 879 1242 557 1619 2460 1925 667 1863 2524 273 1982 2104 2139 2363 2371 2833 2473 2092 2385 2269 2226 299 2844 2576 262 2468 741 2776 1549 428 147 888 2797 1814 2455 2412 1815 264 2484 1520 1 1735 2783 2727 837 2175 1009 1122 641 891 2403 267 2431 342 1622 160 226 1291 1238 1572 234 2063 2595 1660 2731 1078 2399 1509 1366 551 1530 1059 1816 307 2094 2709 385 472 1295 2158 814 1373 913 2607 1480 2633 1349 577 1629 2771 1421 1159 867 1803 1571 46 2100
1141 2070 1506 2669 2025 192 61 1274 1780 207 1787 225 1612 1918 2396 2794 216 27 1262 654 296 1127 1505 356 653 383 858 113 1282 408 49 455 1273 418 290 209 138 1472 2698 525 1598 1781 2611 2311 346 139 1024 2467 2765 2531 245 1356 2232 2173 1140 625 200 1022 1961 2821 618 838 252 1481 430 495 2690 239 822 782 1216 1018 52 2091 1378 2137 1048 2316 679 1011 2565 1503 1435 2279 2164 1297 2017 799 643 344 561 2465 2505 452 1662 1875 467 2715 1021 1248
2755 2045 1584 2023 747 258 1320 1796 1407 770 2545 2034 2239 414 1073 983 2190 1996 240 1980 2073 2288 777 917 2281 2784 1142 2622 1091 1562 483 590 536 1065 996 2530 1673 1593 1548 519 2033 1390 902 1231 1732 1950 1656 2745 967 1396 2296 1252 2785 315 920 1557 2249 541 2015 32 695 1105 1431 2802 2518 2817 21 926 1176 2547 2161 817 2668 132 1450 1088 733 792 16 2757 88 1731 1707 1564 1476 2131 824 355 39 1850 2685 830 2818 2563 2478 87 1719 1892 1804 1516
1787 192 61 2794 207 2025 2396 2669 356 296 408 1282 654 225 209 653 49 139 838 245 2173 525 383 2280 1781 2091 239 2070 2164 1506 1274 2311 290 1127 1141 113 495 418 1961 1780 1555 2693 1262 1240 1216 1356 2053 455 1011 2531 1918 1124 2142 1924 52 822 1037 1612 2698 2232 1481 1022 241 580 799 252 2137 1143 1635 2279 1505 2236 1568 449 788 1168 1967 1273 159 1299 1503 1317 2565 1789 390 1875 346 1662 1475 1831 1706 1655 758 1715 27 1921 1756 1293 268 1972
2272 2556 1948 1051 1416 194 1096 1496 1316 1860 2352 2713 2815 1636 1453 1965 201 1218 1901 1490 2309 1261 2433 2628 2545 2376 2034 1586 64 1796 2721 1840 48 747 1569 439 2213 100 155 562 715 1658 1381 305 2241 1640 950 1782 2836 563 1148 497 2046 2439 1649 659 51 2650 1544 2826 2767 1123 992 674 2289 440 319 231 1862 1422 1552 1054 1584 2496 645 2088 1067 260 663 1878 1993 1617 2707 1663 947 1679 1328 168 2735 2023 1897 784 2732 1623 1752 79 2011 2553 2781 169
2077 2478 2777 2772 1842 1753 1125 18 1252 70 2561 1834 2015 951 2818 601 2 2663 2161 2757 2510 1390 1035 431 1557 2315 1759 315 2622 1165 2302 767 1839 191 2000 1443 1075 889 2149 2686 2054 2702 2323 2653 277 2409 1767 2624 1798 1597 485 1833 426 1418 1801 1357 1928 1747 29 1175 522 1951 1114 1492 126 142 2656 1306 1869 1938 1334 39 1106 1845 1905 1235 589 688 103 1451 1256 886 853 1559 931 2121 707 429 293 634 646 555 2143 2415 121 2072 1166 2787 676 614
331 2236 999 726 1475 430 655 1755 1831 1789 1655 464 927 1097 1967 159 1293 1297 2062 1706 2715 326 478 455 31 580 2301 390 1635 1050 314 2053 1715 1730 1143 1822 1124 1037 484 1118 504 2059 2407 1008 1026 1929 1568 1692 467 2687 363 1756 1662 1273 2806 295 1648 1140 2406 1395 268 806 1262 1011 456 125 1275 786 1378 108 1317 534 2765 53 1187 1022 2244 2429 1912 2465 2505 1281 1921 2693 2142 501 1465 1923 1972 788 805 2061 418 241 2470 2402 840 1813 721 1932
1416 1096 1948 2272 1316 2556 1860 1496 2815 64 747 439 1636 2352 2721 1051 1965 2545 2713 100 562 659 1569 305 1796 2241 2034 715 48 1381 1993 2082 2270 1362 1623 1584 547 497 155 2433 1897 1782 1586 1328 2309 1218 712 1658 1617 2650 2023 201 51 1552 2707 1490 188 1926 1422 2631 1606 1684 1411 1640 1453 947 1544 2767 2741 1901 2708 1319 1663 2135 1679 563 2011 987 1153 1108 447 2628 784 1386 79 556 2755 992 2213 2769 611 674 2298 1800 2046 2185 2511 137 2289 2305
2609 288 2843 2613 1800 1871 673 1645 749 1966 593 1794 1138 742 1731 257 2697 1516 1311 2196 2299 1850 800 2151 937 821 2788 855 2243 1142 664 1068 2364 535 1913 2519 1894 2492 2006 678 434 1498 1131 1936 2087 774 1379 1670 2005 1094 1174 2730 1243 2251 2549 2377 1707 1783 883 1040 2417 1466 1527 709 410 253 811 1546 1110 112 2290 1079 544 1005 186 336 2746 568 605 2219 2095 1007 1946 1309 365 2341 1454 1455 94 519 2830 1634 435 730 406 2516 1385 1133 1968 610
2578 377 1049 828 13 839 640 932 698 1272 1521 955 2520 2210 672 2828 1337 1754 1668 2602 1374 933 865 2671 1249 323 1910 2421 1949 1041 2083 2047 370 1038 2795 2032 2839 2570 56 1329 2335 1189 2428 2629 1764 2038 1429 2031 2798 2120 2539 964 1399 220 1070 729 2221 1704 1929 1275 358 2687 432 2353 2449 36 2150 1952 2808 1730 123 1240 882 1789 2502 2640 536 214 979 500 1415 1431 1305 2470 429 400 1953 467 1143 2775 2783 2387 2333 1813 1956 2774 1011 927 1605 1757
2725 2464 609 1889 957 2404 1766 2448 509 844 744 2457 1515 5 2168 2502 1605 214 1139 1108 1632 1953 2152 106 894 96 1283 2048 1927 2348 244 419 2678 1596 2153 270 22 1171 2060 2751 1866 1602 644 189 1032 2188 43 1199 2761 1768 1364 2562 2554 1214 2442 661 2567 2498 1726 448 621 1326 2841 2425 2572 1251 785 181 42 2115 1880 2128 2141 2476 171 387 2612 1797 466 1696 2401 1761 941 2124 971 2014 1637 2203 2230 746 498 2182 375 2720 388 2760 306 510 1061 762
1083 1702 732 181 759 620 2643 582 6 1797 285 546 1221 807 1260 2761 1768 468 2048 2807 636 42 2278 2261 1536 894 2194 2111 2441 419 1856 1318 2554 96 1108 2827 1251 661 2374 2153 1364 596 644 2720 1632 2004 310 1283 95 2425 2688 476 1761 2263 2522 2313 1064 1882 762 1525 2476 1371 1570 2442 387 1188 2168 689 2548 844 198 1758 1153 493 1227 949 1865 481 1858 669 1603 2202 1515 1336 45 829 206 1914 462 2744 922 940 2386 411 2547 2060 2831 2603 1999 2056
807 1221 285 1570 6 454 372 20 468 582 2222 2162 1884 2726 980 298 546 1260 2643 1286 973 1744 1858 167 1603 1610 1015 2118 1541 2303 2677 1661 759 1285 820 1084 1537 448 2791 1844 163 669 1061 2313 1637 750 1205 425 334 1702 2268 388 1425 2030 1556 2627 181 1456 1080 1284 1865 122 690 2014 275 1882 375 1659 661 2194 2261 476 117 1768 1184 327 2124 1153 1723 1891 565 1797 498 1188 411 38 1199 23 1979 620 650 1502 1761 829 1227 281 2706 1766 2346 2425
1132 1588 569 536 193 988 121 2090 680 1268 2333 1431 36 733 866 2117 1886 1793 500 1430 1499 2078 1699 1492 1053 1553 142 878 802 901 429 2217 432 2415 2568 427 176 1256 1065 1393 1033 979 2743 1890 555 1236 2227 2029 332 2786 1686 597 2668 571 2451 1888 1418 886 554 868 289 21 1562 2384 199 2143 707 681 417 340 62 2423 391 1398 2024 24 2267 2108 32 634 1847 1467 2380 2447 2019 102 2586 2698 743 361 1008 2233 1259 2033 2224 2802 279 402 457 1748
431 2510 1839 1035 70 2561 1753 1125 2757 2772 2777 18 1842 2478 2077 1557 1390 601 2 2663 2622 1759 1252 1834 315 2015 951 2818 1443 277 1938 767 1833 1747 2161 889 2686 191 1976 1165 1075 2302 2315 2323 1418 1394 2149 426 634 853 2702 164 1801 2054 39 1175 2644 531 2540 1845 211 2577 2532 1951 1597 1427 121 193 707 2016 251 2624 72 156 2143 433 646 1306 1334 2072 2024 783 988 1895 461 536 1065 1241 2288 522 769 142 24 1793 126 589 1012 684 1431 1451
2252 2097 2682 1651 1977 1179 1578 2491 1583 2328 916 1063 945 841 1920 2042 2647 639 1579 1770 227 1528 2310 1769 114 748 982 1851 118 1531 9 919 952 1354 2723 2065 887 2379 567 1211 2225 998 1791 1585 2778 930 763 1470 808 2575 2792 517 819 1657 1667 1368 1367 512 928 2711 2026 2729 1239 2349 492 2488 1566 1854 566 1970 382 579 2459 1154 311 513 1209 515 875 1593 25 2357 528 2658 1906 1210 778 2028 2660 975 7 2165 2618 997 400 2416 671 575 2603 1507
2502 2152 1371 84 2141 1605 1726 2263 941 2572 1525 2623 1280 2678 1866 2386 2348 1139 1953 214 1602 2567 5 2841 844 2448 1198 785 2457 1199 106 2115 509 1171 2751 45 2056 1064 96 244 1616 1084 22 1515 117 2522 1927 236 183 1659 1113 1214 2182 1205 1251 2203 189 1696 1032 2060 1364 1632 2128 621 327 2303 2030 2760 2608 1365 2109 1960 1458 2153 851 894 957 2425 171 2401 2612 744 1184 2554 419 2831 2705 1979 2116 2725 2374 474 1560 2791 300 1987 2761 1738 2197 2476
2840 445 2515 197 2011 463 2241 550 1045 2375 1663 1993 1617 2289 1552 712 1788 1422 1328 433 1895 2050 1710 2707 1623 735 2130 1658 1679 1369 947 1444 179 51 518 480 659 860 2454 260 2769 1782 1092 1489 1381 2544 2439 556 1417 1640 169 925 1544 1054 900 1261 1878 1218 155 2767 2397 2826 663 2538 2714 348 1486 2649 2836 943 26 134 1208 2424 1870 645 1437 1840 2817 489 2650 1656 305 2574 259 1405 2133 2631 2832 563 1983 2837 2088 1701 635 2628 221 1190 1934 440
607 631 1518 1058 2140 2796 2282 1301 451 2093 1290 2596 394 530 2392 2049 2064 1017 921 446 1567 1879 1604 662 1981 1906 1237 1909 1613 2357 1119 1978 1002 984 2660 2262 2085 2543 1705 942 1742 918 124 966 2458 908 2600 487 1384 708 1491 700 337 193 852 1681 1621 186 536 1618 988 121 1132 1645 2090 2287 1588 961 1495 2648 320 569 391 2822 2212 1327 1331 1956 1516 2675 527 532 1268 659 1271 996 1904 2530 743 1099 1240 2372 1060 2609 2343 2568 2240 2028 109 1832
967 1804 1719 2235 739 792 2296 1593 91 2024 1689 2430 24 426 2143 2021 29 2533 1597 2260 634 2756 1149 499 2320 286 2172 2673 1728 218 1231 2224 983 2827 754 1743 310 2441 2190 291 1533 695 2354 213 2408 2745 707 1176 2785 1478 1535 1197 1856 132 2615 1867 2111 465 293 1849 2202 832 1722 596 777 1693 1448 1269 135 95 184 1265 2390 1296 2149 119 2413 1383 2472 1091 1996 1529 558 2295 2547 757 2566 424 2744 1914 19 88 80 1999 576 1555 1733 824 540 1984
2305 79 2068 722 2665 1067 350 246 2511 1547 1134 1463 1935 12 2842 2041 2741 140 1868 2135 97 899 1606 116 137 1452 686 2580 1212 1944 2294 1055 204 1076 2766 2436 2728 2286 2813 447 2598 494 329 804 2825 725 2558 2248 1126 2708 2506 2292 165 1464 442 790 2382 1998 1185 146 1899 1937 657 2319 2838 1130 692 2207 1962 64 2435 2090 2625 1056 508 1473 1782 2057 1663 569 193 1841 1892 1874 536 48 491 2736 2438 422 1677 647 2631 2161 1303 974 1027 988 1223 747
1146 1752 4 1545 1624 1202 2367 1799 817 1644 59 2389 987 626 2817 1926 2411 1407 2790 547 2069 85 556 2528 2082 2832 1656 950 1737 1102 2270 2501 1934 312 2300 2044 1386 1319 188 611 2631 635 2477 221 826 1316 2840 2011 1405 613 2767 943 1328 266 1782 1663 1965 283 2515 2707 2241 2289 550 1422 1552 1948 440 169 947 155 2735 2836 735 1416 433 1496 2714 1381 1649 1983 932 659 1029 445 1045 674 463 1658 795 1840 1617 2375 2272 1414 2837 197 51 1623 1993 2352
1908 835 702 931 1830 284 848 1107 1114 903 1767 1340 768 65 1845 2601 2471 1310 1254 502 990 1512 2624 688 1608 297 578 1235 103 2276 126 1323 1821 1720 2388 522 1186 250 1413 1975 1391 2314 684 2667 1458 1801 1120 876 1905 1809 2240 10 86 1959 373 1113 2114 2620 581 1144 1152 102 1075 2329 2605 1357 1016 1922 2494 1570 398 1687 614 2149 1036 2000 39 1406 2802 1805 2495 775 1106 543 2637 845 1334 2383 2395 2695 2656 1832 2016 2239 2805 1559 2804 2503 2653 2297
2840 445 1710 2515 1701 1788 2011 1417 197 860 1489 433 900 2375 1437 1319 1623 659 611 1208 2707 2289 817 188 674 1552 2241 1983 2424 259 978 1092 463 2652 2767 987 2817 2148 1656 1486 2544 559 1926 1123 1328 489 556 1381 1624 1878 1617 906 992 497 977 2419 2397 547 1658 2312 1663 1468 1948 2826 635 1428 1307 1218 59 2084 2133 2082 1679 1782 2200 169 1586 2046 675 1640 1386 1414 970 1045 550 2832 524 1253 134 2769 1405 1895 319 2714 1054 2300 712 2790 1934 2367
1065 571 1256 1553 429 176 2743 332 555 2227 554 340 1033 2786 2029 2668 979 868 1492 1393 142 1890 1888 1562 1686 1430 1699 802 427 2423 289 1418 597 2078 417 886 878 21 2108 1793 2384 2415 2217 681 1398 432 62 901 199 2568 743 1886 361 2451 1053 893 2380 302 193 988 78 866 121 292 2090 536 1588 1236 1132 569 1431 2267 36 2117 733 500 680 770 2333 1499 159 1268 156 326 2054 580 2074 1097 164 1293 1599 981 460 760 1143 2406 414 2775 1628 595
1584 2045 1796 2023 2545 747 2755 2034 1416 1096 1948 2272 64 1569 2721 100 258 1316 2815 48 1051 715 2556 1407 2352 1496 1320 562 305 439 1860 2713 2433 1636 1218 1965 1640 194 770 1261 1586 155 51 201 1658 1381 1548 2241 2309 2628 1901 1782 1993 497 2650 2836 674 563 2826 2046 2376 1453 992 1840 659 1490 1552 2439 1544 2707 1878 1123 2631 1045 2802 1617 260 259 1328 1422 712 2289 1990 91 2544 168 832 943 269 1679 2454 2239 2235 683 947 2100 2714 26 221 2213
2840 445 2515 463 197 2011 2375 2241 1710 550 1045 1788 1617 1663 712 659 1552 2289 1328 433 860 1422 900 1993 1417 2707 1489 1895 1437 1623 1658 2454 1486 1092 1208 2397 260 1983 1701 489 2130 2050 2826 559 1369 2714 1782 2544 1381 2817 1679 2769 735 188 1029 1656 348 645 674 2832 480 556 2574 2419 817 51 1307 635 1870 1934 1878 26 943 2424 1444 2836 2133 518 179 563 987 2767 1190 947 925 1624 2084 2753 1640 1218 1405 1644 2652 169 155 221 970 1926 1054 1948
352 2269 2092 2797 299 2139 2833 2576 2371 428 2844 264 1982 2455 741 1549 2484 1122 2776 667 837 1009 1815 2412 2063 1539 1814 1925 1619 1735 262 1159 1622 1863 2385 2403 879 969 888 891 403 1242 2731 2189 557 2460 2524 2473 1338 600 273 234 1520 1 17 1571 1589 641 1572 2811 267 2100 1291 2486 846 1509 573 1238 2223 642 2255 2104 913 317 2399 2727 2094 472 1698 1059 160 195 1078 90 2338 1373 1349 307 2635 342 1607 2771 687 1530 867 551 2175 1540 2185 226
2792 998 567 118 1583 1791 2065 1531 1354 919 952 1769 1854 748 2778 887 808 1470 9 1063 1579 2711 517 382 2252 1970 778 1179 2328 930 1667 2491 639 1657 1977 841 928 1585 945 1578 819 2682 2647 2729 1851 1770 1651 114 2097 1920 2379 227 2575 916 2723 975 982 923 2304 2042 566 763 2361 311 515 1528 875 492 2310 2349 579 2459 2793 1210 2225 25 177 816 1209 2026 2028 513 7 1367 910 151 1239 512 164 2416 1154 2829 2122 776 1368 2488 156 1031 2165 701
2174 57 1861 210 1580 1234 2418 2461 280 1034 2456 1276 133 1947 1859 793 1792 2662 1724 1392 2374 77 493 1664 1758 2327 1930 421 797 570 704 1575 1196 2004 2184 1375 2125 2186 976 756 583 1765 366 294 548 1358 801 2672 1279 2330 2590 1081 1665 1072 1776 2659 2541 1551 263 1887 1457 2206 2694 1043 228 1350 885 720 1877 746 588 859 2123 689 287 2356 857 2039 1193 2739 798 2321 1086 2127 1675 170 2838 1191 2229 2581 2332 1229 2187 2548 656 1542 880 687 2703 2198
99 2163 760 461 453 401 1628 1510 595 823 399 477 2655 1872 981 1717 208 2055 2587 141 73 731 2469 2126 816 1023 1085 177 2679 2122 1903 1163 1160 2829 2074 1599 612 437 1784 1976 2098 1233 2747 1047 156 380 164 1241 694 174 2577 2775 1415 72 460 2722 2452 2218 172 2636 2009 1145 1504 1688 2642 1808 222 1436 2355 1404 2274 1155 850 1100 2362 1089 1305 2512 2420 755 1682 2147 1267 320 515 1154 157 566 2342 2156 897 1479 1321 666 2201 2446 1065 975 2691 2593
956 1882 867 2399 2823 385 551 2431 2727 203 154 342 1 2266 307 226 1025 2607 1520 2749 1059 814 1349 2740 1816 1221 285 2548 1572 1660 1366 1421 2387 234 1524 687 352 1375 546 685 2633 2194 829 537 115 2255 1539 582 2080 913 2158 1618 1480 1200 1995 1761 414 210 1060 2340 2261 669 1768 1482 1260 661 1387 1607 795 2732 573 2694 2688 961 1215 1153 2403 2186 186 1629 750 2383 1540 2327 820 1276 976 876 83 857 1410 793 1449 1034 1341 2253 2662 1095 937 2586
2755 1584 2045 2023 747 2545 1796 258 1320 770 2034 1407 2272 1548 2622 315 2757 1252 1948 64 1416 1759 1557 2015 733 1390 1431 1980 1569 2818 2721 2296 414 199 1051 1562 1834 866 951 1398 70 91 983 1499 500 21 832 2235 2668 1593 792 2352 1096 1065 2117 2108 2556 893 2815 2563 1686 302 2802 191 36 62 361 100 2161 681 305 1719 2685 536 2302 1142 2384 597 2451 417 1073 2478 2190 2078 1393 2077 289 2702 1165 715 277 1732 1753 78 1442 2042 2024 193 291 121
192 2025 61 207 2669 1787 225 2396 296 356 2794 408 1506 209 1282 654 653 838 139 2173 245 49 2070 2280 383 525 2091 290 1781 239 418 1141 1274 2164 1127 495 1780 1481 2311 1612 52 455 1262 1918 2693 2059 113 1875 1011 1022 806 2531 131 1555 534 2429 1475 726 346 252 1662 1024 268 2690 53 2467 1124 1843 1924 484 2279 1961 999 780 2698 2244 295 1037 2821 2565 1216 2053 1465 799 1505 2285 389 1273 2236 452 138 1299 1168 216 2765 758 1356 2470 467 2611
1113 1477 2494 1960 2503 2620 909 1922 1616 851 1591 882 1757 1687 1232 2421 244 1949 40 594 2115 1696 327 123 2386 1458 986 1462 2571 1400 1426 423 844 1139 629 690 1255 2677 676 2203 991 398 762 23 117 1866 1605 281 1198 84 796 214 2101 509 1144 5 745 420 2152 531 1397 2457 2128 2348 1371 1488 2036 1326 2502 1515 2000 1010 2768 1184 850 2464 1661 300 1474 148 750 574 1889 1199 1061 2160 2161 2074 2362 379 1537 2359 1904 1954 1979 2572 1766 2141 2751 498
8 1474 2535 1671 325 745 2449 2706 443 1090 1006 586 1308 690 1082 1697 1763 459 37 2167 2268 2216 924 1537 922 144 1380 1352 1288 488 2573 2222 1219 946 1363 2831 1703 2452 474 666 1015 599 2446 2245 953 2705 1263 915 1456 20 468 1425 1471 2463 1173 1817 1113 1501 703 1188 1750 2537 136 973 621 2688 2642 1203 1423 785 2514 2425 1205 224 2086 1461 1322 1641 2293 2774 205 1550 167 1182 448 2770 2779 2571 1284 2567 229 1560 2483 2593 624 1659 1661 122 1741 2195
1083 732 1702 1371 181 582 2263 2502 620 2643 2152 84 941 2572 6 1525 1726 759 2623 1198 1797 1659 2761 2841 1280 2678 327 244 117 2203 1221 1605 546 2048 1768 1184 844 1205 2386 1515 285 2303 1084 2141 106 5 2115 2677 973 807 1139 2030 2153 2448 1570 894 1632 2567 298 1603 419 2554 425 636 1882 1696 1199 2457 1687 1616 1488 1364 2791 2348 2060 22 1661 1536 498 2831 1979 96 1032 2571 189 1171 466 1251 40 1591 375 275 353 2475 448 1502 2182 214 1113 2109
519 392 301 1419 1527 2331 937 2763 535 186 2843 2377 1546 1779 1894 1992 773 2341 1455 2102 1385 336 253 1516 1442 94 406 257 2394 2145 1946 248 568 2219 1526 1498 1325 1424 338 1511 2516 1007 434 1969 1068 1670 1495 730 1731 1133 709 908 605 2299 320 1138 1454 1131 1311 852 1966 1040 717 1871 1309 1682 610 821 1634 112 544 1850 1005 2095 1783 2830 811 855 648 1466 1020 1718 1707 2746 538 2243 2549 1387 870 1142 1243 365 2519 1676 2560 1379 2364 942 800 2290
2755 2045 1584 2023 747 258 1320 770 1796 2545 1407 2622 1557 414 1562 2034 1390 2757 315 983 760 1980 1759 1628 1073 2190 917 2239 2668 2098 2296 519 1252 21 1732 1142 2015 1023 2131 1548 590 1431 164 902 981 2818 2033 733 792 1731 536 961 1065 1564 1088 1928 289 2163 1047 1834 866 156 1256 1091 1398 1769 1851 2281 945 70 417 830 1450 199 1707 32 1516 853 694 76 2384 2073 1890 2518 1850 62 453 595 2763 1996 1366 500 742 2451 2272 597 2563 996 2530 2469
1801 529 2277 2644 2323 1230 395 962 572 1798 1394 1683 853 1334 783 581 1175 2000 1898 1306 251 1451 589 1106 2504 1951 737 2759 658 240 485 101 2114 2242 2409 803 727 374 1427 364 2072 1166 2381 789 1928 407 2579 714 1558 898 2540 1361 1093 766 436 1559 614 989 1207 1839 215 1035 2040 1900 1115 2784 646 2149 2238 1137 545 2054 293 2561 1834 2546 483 1557 341 1252 431 2772 2622 1786 1390 1257 1300 1883 2015 328 70 2478 2510 1087 1125 2818 1753 951 1389 2077
2578 377 828 640 13 2210 2520 1272 1668 2602 1337 1374 672 2828 933 2671 2428 2629 1429 1249 2539 2798 865 729 2047 323 370 1910 2031 1754 2120 2083 1070 2421 1949 2570 2038 2221 1041 56 2335 1329 2032 2839 2795 1189 1764 1399 964 358 1038 955 1049 1521 2640 839 698 932 1952 2808 220 1929 1275 1266 979 1598 1240 2783 1780 2227 504 2786 176 2687 2387 2513 2406 1449 814 1033 340 1187 2141 1648 2470 1562 959 554 679 43 2423 2186 625 1018 1438 1787 2330 332 471 2668
1487 1471 953 924 2573 909 1400 1687 2620 37 2494 1006 1763 1090 205 922 1308 1082 443 1113 586 459 1474 335 2216 2706 1183 745 1922 1288 1703 2167 2449 2222 2535 167 411 325 1188 8 327 1232 882 1671 275 1363 2571 2179 1502 690 2230 2268 20 1380 300 448 423 122 214 1205 2348 334 750 1697 762 1255 1084 1284 956 2079 835 1456 144 650 1462 594 796 2150 1184 1537 2197 1458 1570 1278 2503 2161 2591 2823 1891 2567 2303 907 474 2203 1488 2109 117 1603 2080 475
1146 1752 4 1545 2367 1799 1202 2069 950 59 2389 1624 817 1737 626 1644 2832 1102 987 2790 2270 2082 312 2817 2501 547 1656 2477 556 2411 1926 85 283 826 1319 1407 266 613 1934 2528 2300 2044 1965 2631 1386 611 188 1316 221 635 943 1496 2767 1636 1405 1414 2148 2289 2840 1840 735 2515 2272 440 155 1983 433 2735 1704 1552 1190 2527 2424 1092 1881 2815 663 2375 518 2556 1018 2241 1422 2397 550 259 1173 1339 782 2692 2538 2557 1948 1029 932 1730 965 1782 1328 1663
1908 835 702 931 1830 284 848 1107 1114 903 1767 1340 768 65 1845 2601 2471 1310 1254 502 990 1512 2624 688 1608 297 2276 578 1235 103 1323 126 1821 1720 2388 522 1186 250 1975 1413 1391 684 2314 2667 1458 1801 1120 2114 581 876 1406 1113 1152 2240 1809 1036 86 1075 10 2620 1922 1905 2149 2605 102 398 2329 1959 2802 543 1012 1334 2637 614 1144 2805 2503 775 1570 1687 1832 373 2494 277 1805 249 2656 2000 2239 2016 1968 39 2561 1016 83 1372 2804 2297 2495 800
2178 2022 304 2113 2066 1213 1785 1389 1353 545 1333 2546 1228 1019 1883 63 1115 1685 182 1161 149 954 1513 1847 1712 2016 1773 1795 1760 2784 2542 1300 1434 617 2277 1394 783 483 2112 1298 2149 1004 789 1951 940 2242 75 1343 2656 2737 310 240 949 1561 499 727 1334 614 1693 485 658 898 1175 198 465 1087 714 291 1743 2827 2497 1971 1166 2409 1749 1093 751 407 2114 1558 589 1593 540 737 1197 1306 1898 1451 2072 1361 1207 132 1928 1631 2129 2787 576 2238 695 529
1305 2512 222 1504 850 1436 2362 2218 1052 935 2355 2096 836 2750 1790 2645 1321 2201 1098 2071 1933 2156 2342 2450 1709 1736 2432 755 1806 897 1638 2691 2420 2446 2452 1621 612 981 599 2593 629 1023 1047 2537 380 666 144 2642 816 461 141 2098 1006 1474 73 1090 453 443 2163 2747 1085 177 1741 396 2535 2829 2122 1267 1903 1044 586 1763 745 2074 1910 1682 1355 320 1308 908 1363 2679 477 1510 2161 325 37 595 2055 459 1671 1245 1233 1163 401 99 2627 1167 1703 1145
767 1938 1443 1833 889 1747 2686 277 2702 2496 2315 369 1125 1753 2478 1980 2777 431 70 2077 2772 18 1834 1842 2818 1460 951 2510 211 2015 1989 1252 2757 2532 2 2685 1759 1557 2663 1390 2622 601 2561 315 1418 1839 1035 1165 1845 2302 1976 2016 164 121 578 1413 1114 156 461 2577 2149 193 39 569 2288 1340 536 2624 250 684 1431 760 990 988 126 1793 931 2671 848 1952 191 2601 72 2471 2556 2108 694 297 1628 502 2022 2090 1872 522 2388 1767 597 1357 1399 75
1742 908 1614 1370 1331 1554 1105 243 355 1396 337 2696 813 2257 1673 1495 966 921 2660 2049 2458 2064 1384 487 1681 1017 1705 942 2282 984 1290 2085 530 2600 1518 1301 631 2543 451 2596 607 1002 1058 662 2140 1909 446 1604 1567 2392 1119 2796 1676 1981 852 2262 1237 1978 2782 1613 1621 360 710 660 2259 320 54 1893 2336 2793 2093 1946 542 975 1739 2170 2357 765 301 7 825 1271 2369 50 151 3 2490 871 1879 2394 1642 186 1246 1566 394 2157 532 193 2243 569
1518 2282 1290 631 2064 921 1017 2596 607 2796 1058 2140 1301 451 530 2049 446 662 1604 1567 1909 2392 1613 1981 1237 2093 394 1119 1879 1906 1978 2085 2357 942 1384 1742 1705 2543 984 487 2660 966 1002 1681 2600 337 2458 908 2262 1331 2782 660 1554 1739 2257 1673 1614 54 355 813 360 2259 1853 710 1000 542 1893 1695 124 1516 243 1370 2696 918 852 1396 1105 1618 1455 2087 1645 2243 1491 2664 791 235 2006 50 1099 220 961 2369 1508 2843 253 2822 996 2530 186 708
663 2538 2714 480 925 2769 348 26 518 2454 1369 1870 179 1788 2649 1489 1710 550 1417 860 1701 2130 1859 2461 712 1276 2050 2418 57 793 1576 1034 421 570 2211 2125 1758 2375 280 1983 1665 704 77 1092 1930 2011 1045 93 445 689 895 1609 1716 884 1590 499 2840 170 493 516 2289 2662 433 2044 2501 540 404 210 95 1169 1580 1197 1934 2574 1724 1551 1861 2456 2241 294 1552 2004 2020 2542 1838 1624 617 197 2229 1743 1644 1172 1358 2148 1278 2832 556 1195 465 1028
1113 1477 909 2494 2503 1960 1400 2620 1922 1232 882 1471 1591 2150 1687 1616 1255 851 953 1757 1487 123 924 986 398 2421 2115 1458 244 214 594 1949 1953 2573 1139 423 40 2348 420 1426 327 1866 2101 1696 148 1397 84 1462 2768 334 750 1038 1754 281 2571 941 2386 1488 1738 1041 1184 1541 629 335 2197 907 1519 2179 2677 117 1979 1602 300 865 690 351 2387 781 1605 1423 2838 1954 971 2203 2359 323 2141 1537 1199 854 932 413 2230 23 1502 1864 702 1080 265 1371
1083 732 1702 181 620 2263 1525 2572 2374 96 1797 419 894 2678 1371 1632 2554 2153 2623 2441 2827 644 1280 2522 2442 310 2111 1856 1251 2502 387 2386 2048 2056 2720 189 1032 2643 1364 2562 106 2401 2060 1064 45 2761 2498 582 2448 1336 844 1013 1726 1927 2141 621 95 2688 2152 1108 596 2188 762 84 1093 2116 941 759 462 949 171 1198 2182 42 2807 2612 43 2004 2760 183 636 689 2168 1768 1743 236 6 1659 63 746 1365 1749 2202 1283 1318 198 133 2733 2831 1019
1483 376 1447 44 1469 1836 16 1178 1672 2437 2317 2700 1990 761 1535 2249 2422 1057 832 2129 1346 1713 2523 1116 1714 291 483 1300 34 1914 1224 683 465 240 47 1838 2785 789 2784 540 2202 2180 777 1176 88 1996 1631 576 2190 2547 132 1449 1091 1749 695 1183 2745 2441 1476 407 2827 596 2579 1561 824 830 1087 614 983 1856 603 751 1732 2281 2242 39 1693 1593 1451 2275 1743 1620 1450 1898 1804 1103 1801 1482 766 1093 328 63 676 2656 967 1971 2016 2149 2072 95
1416 1096 1948 2272 1316 2815 1051 1496 2352 2556 1796 1636 1965 194 1860 747 2545 1584 1218 1261 2034 2023 2721 64 1586 2241 1569 305 2713 562 2755 1658 1381 715 201 100 2045 439 2628 1782 48 51 1993 1640 497 2454 1617 1422 712 1407 155 2650 2769 2309 563 168 1840 1045 2433 2714 2836 784 947 231 2707 319 659 2826 1123 663 260 1544 1878 674 1623 1901 26 550 2538 221 414 2631 2439 1679 1552 1328 2046 2289 1453 2817 943 348 2482 1548 2735 1663 1897 992 1405 1362
2282 1518 1290 1301 631 2796 2140 530 1058 921 2064 2049 451 1017 2596 607 1604 446 1567 1981 1237 662 1909 2392 1613 2093 394 1119 1879 1906 1978 984 2357 1002 1742 942 2085 1705 2543 908 337 966 487 1384 2660 2600 1331 2458 2262 1681 1554 243 1614 355 918 2257 1396 813 1673 1621 2696 1105 1370 1491 996 2530 124 708 852 700 2648 2782 2259 2212 1327 1739 660 2446 1132 536 186 599 1618 193 2343 1495 271 320 2537 1271 988 2372 360 2331 319 2822 54 1893 2642 391
1132 536 1588 569 193 988 121 2090 680 2333 1268 1431 36 2117 866 733 1793 1430 500 1886 1499 1699 2078 1553 1492 142 1053 432 429 878 176 979 1065 802 2668 1033 2227 2743 901 2786 332 1890 571 340 555 1256 1393 2217 1562 2415 2029 1686 886 21 1418 597 1888 2568 289 554 2384 199 417 2108 427 681 2451 62 361 1398 868 893 2423 1266 302 2808 743 78 1952 1008 1236 1648 2640 2406 981 1023 292 612 1789 2055 460 2267 927 1399 2407 453 964 402 2380 1628
2267 1236 2380 743 2423 427 429 1492 142 802 1553 878 2568 2078 555 1053 1430 2415 2217 868 1886 901 1699 1256 1888 1793 554 432 1890 289 176 866 2786 2029 36 2668 2227 1431 1562 681 2117 979 21 340 332 733 500 1033 2743 292 1499 1065 199 680 2384 2451 1398 571 62 417 361 1268 78 1393 886 597 2333 893 302 2108 1588 193 1132 1686 536 988 121 1418 569 1670 662 961 186 414 2090 1618 1613 964 749 1390 1399 2224 1909 623 1387 2428 1070 2038 2221 2735
1944 2294 1055 2728 725 2207 2558 2766 1056 165 1825 1940 1986 1130 447 2825 204 2580 494 146 2741 2435 2057 1874 137 2135 1899 1452 899 2506 1223 1841 1212 116 2683 1606 647 2291 2639 2842 2736 2292 2813 574 2708 692 1126 2041 2382 1937 2258 1935 362 1463 2438 2569 2248 2719 1876 1185 1592 1547 2286 2319 948 1868 682 491 140 1464 1076 657 804 1962 2393 1777 790 2511 686 1639 329 1134 97 442 677 1067 246 2220 2526 2625 1771 1892 1677 271 722 274 608 2436 2704 79
2252 1579 1769 1583 9 1578 639 841 1179 952 2647 1354 945 2328 2491 1920 1977 919 2682 1651 1770 1531 748 114 1063 887 1470 2778 998 2097 916 118 930 2792 1585 1528 1851 2723 1667 567 1791 1657 819 2729 2575 928 2065 227 2042 2379 982 808 763 492 2459 2225 2349 515 1368 2310 2488 1154 566 311 1367 1854 579 2462 2026 875 512 1239 923 2165 1210 2334 2711 2803 382 2304 910 1864 517 1415 1209 513 1031 1643 1819 2775 25 2416 98 326 1344 975 159 174 2618 1655
2421 640 2210 13 2520 1272 1754 865 1949 1038 2671 1041 828 2578 370 2828 323 1374 377 672 2602 2047 1668 1337 933 1189 56 285 2570 2795 196 2032 2335 1329 1910 2839 1764 1249 2083 353 820 2054 372 1515 646 776 1275 2669 476 1221 2387 306 2677 1541 244 2808 650 1477 2078 669 2038 425 2841 432 1326 375 2666 1793 1819 98 5 2363 281 1065 2366 1704 2415 2014 2787 807 159 2070 1603 1789 1929 2261 580 698 1768 901 1696 609 1399 326 2346 1761 268 245 2568 1916
1453 2713 1490 2433 1860 2376 1901 2309 2034 201 2545 1796 1569 2721 100 715 64 48 2556 562 439 305 1948 2815 2272 1636 1096 1416 1051 1640 1316 1496 155 2213 1965 194 2826 2352 1218 1586 563 2650 1123 168 1878 51 260 1261 1993 2628 900 659 1148 674 1381 497 2241 1840 1307 2088 1658 1782 2289 1584 992 1486 2836 319 2652 2046 1552 231 2076 645 559 906 259 1437 2707 1710 2419 784 445 1623 712 2358 1617 2007 978 486 1544 2337 2544 1679 2439 1208 965 2767 1328 2840
1451 2000 1178 1559 2437 1106 44 1361 1672 1346 16 614 1990 293 1483 1447 376 1786 2787 2700 1836 727 2317 1469 2114 1971 2072 1137 1257 751 1482 581 1207 1798 589 2383 39 2054 2129 1951 1224 2242 1183 2080 761 2656 1306 1087 1116 2409 1561 2422 1801 1357 1693 646 658 2249 2695 676 1714 1535 485 1683 1713 1230 441 1538 373 1620 1175 1115 1057 47 898 1180 1558 832 2523 1334 714 603 2281 1523 2149 465 572 1838 683 2323 830 1166 483 564 1928 1914 2395 2785 2275 845
1019 63 1333 1685 2022 954 2542 2016 182 149 1712 1760 1434 1298 2112 1004 940 2149 1343 2737 617 783 1561 2656 75 949 2242 198 1334 751 2497 291 310 1693 1197 499 1631 1999 1103 465 1087 2827 898 1593 2114 2113 614 540 1785 1304 1535 1161 1228 2072 2409 832 1213 1207 714 1558 1743 2441 60 1749 2066 1513 1166 1847 596 39 2178 1773 676 1389 1346 1856 2111 1786 95 576 581 2546 1971 1353 93 2547 895 1795 1257 304 1928 1683 1357 1597 1590 824 737 1115 2129 634
2502 2152 1605 84 1953 1371 1139 214 2348 1602 2841 1866 2567 2141 5 2751 1171 22 1726 1214 1696 941 509 844 2109 2457 1199 1616 244 2263 2572 2115 1515 2128 2386 2678 2448 106 1280 2623 609 1525 957 785 2725 2404 1198 2464 744 2203 117 1927 2060 189 1889 1632 96 1397 1738 1488 1032 1766 420 327 2768 851 1659 1084 2153 2620 1113 419 894 2150 1471 1184 2182 2303 1205 924 1364 1979 2030 171 148 510 2554 621 1922 2056 1064 1502 1960 1987 1703 1288 1591 2705 2179 335
2024 2143 24 426 1597 2430 634 1689 2320 2021 2756 2533 1804 1149 967 29 1533 286 2172 2673 1728 1231 754 757 218 213 707 293 2638 2408 1719 739 2235 2354 91 2260 1478 1265 1849 558 135 119 2295 792 1383 1296 80 2413 1448 2615 2296 1867 424 184 1722 1529 2390 520 19 2472 1269 1984 499 232 1945 2054 1847 1513 1161 2566 2787 853 1228 1773 1252 983 2277 2022 695 483 291 2113 536 1312 240 898 2078 2015 646 1213 1886 2478 1555 2224 121 408 2622 191 2178 1785
2687 1929 1275 1730 2806 295 2773 504 467 1655 484 2059 1831 927 1789 2301 464 1240 1706 999 806 2715 455 534 1475 53 2236 655 31 726 326 2429 1011 159 2407 1378 1097 268 1293 331 1692 2062 2765 1026 200 580 1022 1273 418 1008 430 2285 618 1875 1662 471 1813 2316 1018 1923 108 782 33 131 1438 628 363 1961 533 478 2398 1297 753 1220 780 1262 1481 1335 840 1755 2244 786 314 1967 1143 1062 125 1843 1822 2632 1472 501 452 390 2565 495 324 129 2017 2693
1752 1146 950 4 2367 1545 2069 1799 1316 1202 1965 2389 1496 2556 59 2815 1624 2272 817 613 1737 1948 1636 1926 626 2477 1644 1416 2352 2790 2817 266 1102 1096 1656 987 2528 547 194 1407 826 2082 2411 2832 283 1319 2270 312 1386 611 556 2501 188 1586 2300 1218 1934 85 2767 1840 1051 2713 2044 2628 433 221 2011 1782 635 1658 2289 943 2836 440 155 674 659 197 1381 1860 2840 1552 2515 1663 2735 2502 1328 1649 2241 1261 747 169 1208 319 2213 2419 769 1405 2631 2652
352 1349 1 1539 234 2399 1571 1572 969 17 913 573 1520 2255 1059 600 642 317 2727 1025 846 1338 2100 551 342 2811 2223 273 2635 2486 1698 195 2253 307 1622 2524 1409 1242 2338 1095 1618 2215 2104 1994 90 2412 2372 2158 46 577 1069 2758 2226 2473 1607 349 1540 2339 2801 537 1619 2138 1341 1629 1815 1925 511 879 2340 2444 1524 891 203 1828 147 1863 667 2063 403 557 837 1735 2484 472 223 1615 888 2797 2403 1355 2460 2844 2595 1982 2466 1509 1803 741 687 262
2840 445 2515 2011 197 1663 1710 1328 463 2241 1417 2707 1623 712 2375 1552 2767 1045 1489 1658 1679 1381 860 1701 1617 1782 2836 900 1369 1054 1486 659 1437 1208 550 1218 559 2050 2714 1444 2289 26 51 947 2397 1788 1656 2454 2419 169 1983 2652 735 925 645 674 1261 1870 1948 1993 433 1640 1307 817 2817 348 2544 1092 2826 1416 1649 260 188 1644 2628 480 2130 1544 1934 2439 1422 556 179 1624 2837 2528 2832 2574 305 2790 2133 943 1405 562 2649 1895 1569 987 489 155
2414 2641 1177 107 2176 55 728 397 1507 2550 2604 1104 1669 1194 2019 575 2754 2326 736 1970 2239 2073 187 32 1919 2573 2169 1720 834 920 1467 1821 1975 684 541 924 379 2360 1950 400 1400 2661 250 2288 423 1922 2281 382 2508 2159 827 1310 902 1326 2154 2033 1691 917 1061 1471 444 2388 20 39 375 1423 2086 83 1144 1254 1690 590 1608 473 2711 1512 2036 2080 1028 1591 87 1943 2234 2620 1225 1593 1748 65 1954 469 205 153 1830 2351 926 2304 993 1960 2124 566
1067 246 722 2665 2511 2068 79 1547 1134 2305 350 1463 2842 1935 2041 97 1606 2135 137 2741 899 204 116 1212 12 2825 1126 2766 2736 2292 725 442 447 2294 165 1130 1055 1056 1962 2728 1868 140 2558 2207 1452 1940 692 1841 1825 2598 362 1944 2436 2319 1076 686 804 329 2506 2580 790 1986 2719 1464 2286 2382 2258 2813 2239 2248 2383 569 1937 2326 2695 1523 1669 441 1901 373 1006 2708 193 2073 397 2296 2393 993 736 2088 393 871 2080 1132 536 948 2019 269 988 2360
1337 377 2578 828 2083 1910 2570 2795 2839 1249 2335 1764 2629 2428 1329 2031 2120 1070 2798 640 729 1429 13 2602 2539 1272 2210 2221 1668 2828 2520 672 2671 933 1374 964 2640 358 2038 1399 865 2808 220 1266 1952 400 2513 1754 2421 1949 323 1521 698 955 2047 839 1108 1598 370 1038 1049 1041 625 858 932 2562 1273 571 2687 1449 679 669 1283 476 1596 661 2442 959 216 1438 1435 1274 483 1780 1880 387 2168 1275 27 1768 414 471 43 2476 2698 467 1797 42 1248 753
348 925 26 1870 2769 1369 2714 480 2454 2649 663 2538 1417 860 179 1489 712 550 1701 1710 1788 518 2050 2130 1045 2241 735 1422 445 1328 2840 2011 1617 1552 197 2375 1644 817 1663 64 463 1656 2817 1658 704 1782 2528 793 659 547 1624 1983 645 1926 1486 1381 2461 2790 1623 1859 1208 51 674 2289 900 1569 556 2707 421 1743 77 1029 1437 2826 1416 524 1307 2721 1034 1054 1679 188 168 1092 1934 433 559 2397 48 100 2836 260 746 1096 1930 2563 1948 263 391 1386
2840 445 2515 1710 1417 1701 1489 860 1788 2241 2011 1617 1623 197 463 900 712 1552 2707 550 1328 1679 1663 559 659 1045 2424 2767 1486 1983 1437 1208 1948 2397 1658 1092 2419 2826 489 1993 947 1381 1782 674 260 1878 1656 433 2375 2084 1218 26 2454 155 188 2544 2289 1569 305 1307 2050 2714 1422 259 1054 2652 1870 2721 2628 2836 1444 169 1369 2817 817 2713 1261 556 2082 1926 1416 348 622 735 943 2790 51 134 978 221 987 1640 1428 1190 1051 606 2133 977 1895 2753
2437 1178 1672 1990 44 2700 16 2317 1836 1447 1483 1469 376 1224 2249 1346 2422 1116 1713 1057 1714 761 2129 2523 1535 1838 1914 465 683 1183 832 47 2180 34 2785 751 1482 2202 2281 39 1559 1620 1786 1451 2275 830 603 614 1106 564 2080 1732 676 1971 1357 1996 2190 926 1449 1693 1450 441 1523 291 1678 2000 2114 1818 1257 777 88 1073 2288 2745 1538 230 1561 2695 1476 1361 2383 2656 1091 1176 2072 983 540 581 1593 1137 2242 2547 2579 490 824 845 1180 76 2495 1087
269 1548 531 2499 1980 444 2685 368 1725 2315 2702 2359 2161 277 598 1439 1200 2051 2506 907 1767 327 1960 423 725 1979 1130 104 1833 1462 2288 1940 1591 2128 2494 1443 315 1954 1088 1962 2653 165 1986 39 1555 1183 2292 1654 1326 747 694 1841 692 1423 2303 375 1357 2 1241 1225 379 1165 117 2319 1687 2154 684 2728 442 1825 2663 351 1922 1747 2000 5 2518 2719 1817 1055 2124 1007 1601 2302 1975 1508 362 1397 2622 2497 1641 431 2281 1120 1073 191 601 2510 1902 1036
1300 1389 2066 1213 2113 2546 545 2178 304 727 658 761 483 1115 1353 2022 2784 589 1394 16 2277 789 240 1951 1883 614 1451 1447 1175 1361 485 1785 1228 2317 2072 1137 2249 2000 376 1469 1798 1106 1087 1333 44 1483 1019 63 1207 1971 783 1683 1801 1306 1093 1898 581 1559 2114 328 1558 572 2149 2656 2242 1693 1230 2579 737 2504 766 2644 714 39 1786 853 898 1178 949 824 2238 374 407 2323 2409 2759 954 529 341 834 395 2452 2040 1257 1161 436 1561 2547 1685 1900
1145 1688 1808 2274 1404 1155 1100 1089 2636 2775 2009 1415 174 72 1085 172 816 460 2722 156 1163 164 2122 2679 2577 1903 177 694 2829 612 1784 2747 1023 1241 2098 141 2055 1047 453 401 2163 666 1628 2452 208 595 760 1976 2587 1510 1160 981 1872 823 1717 731 461 2655 2469 2126 477 599 399 2074 1599 1339 1305 2537 73 1182 99 2071 380 345 2218 1956 2446 2774 1898 536 2799 1879 2144 1003 2640 2832 1974 1092 1933 734 1741 1436 109 571 2692 2105 968 671 532 437
192 1787 61 207 2025 2669 2396 225 2794 356 296 1282 209 408 653 139 838 654 2173 245 49 2280 2070 525 239 383 1506 1781 2091 1274 290 2164 1141 418 1127 2311 1961 2693 1240 1555 495 1780 113 1011 1481 1262 1475 580 2531 455 2236 1635 2053 159 2698 1022 52 1967 1037 1124 31 1273 390 326 1929 1050 999 2715 1875 449 1143 1299 200 2059 1168 1655 1293 1918 806 27 1216 1097 1505 799 504 2279 33 1275 1317 1612 1662 1831 1972 1789 1356 2285 2402 2429 53 1598
2840 445 1710 2515 1701 1788 2011 197 1417 433 2375 1489 860 900 2289 1208 1437 463 674 2707 1623 2424 978 1552 1486 1092 2767 1123 1983 2652 489 659 2544 2241 259 559 1319 1663 2084 2148 1468 1307 1656 817 134 497 2628 1895 611 2826 1253 1878 1328 769 977 188 1054 2817 2419 1775 2133 906 1679 992 2312 675 970 319 1586 2200 59 1218 2397 169 1658 2046 1381 1617 987 1428 1414 1782 1948 2076 524 1444 556 1148 645 947 547 563 1029 2713 1045 1737 1848 1624 1190 2836
2394 1946 416 105 1778 2331 883 1419 301 392 11 2243 2843 2793 1142 2417 908 975 1105 7 855 2087 1970 2519 2336 1271 1741 517 1614 2697 355 1936 1068 2696 2196 2251 519 765 2660 1527 2492 1331 153 774 243 2095 151 937 94 847 568 825 680 673 1396 2453 2718 694 1132 749 1339 678 1554 1020 2283 2711 2228 175 448 1495 320 2742 2157 593 2119 152 800 536 1633 1966 571 1894 253 1136 2005 1745 1581 1006 873 1708 2204 707 382 2259 1370 490 458 813 337 2557
1834 951 2818 1252 2015 18 1842 601 2663 2 2077 2478 2777 2772 1125 1753 70 2561 2510 2757 1390 1035 431 2161 1557 2315 1759 2622 315 1075 1165 1443 1747 2302 1839 889 2686 1114 1418 1938 1833 767 2702 202 191 522 2323 1460 2667 277 1989 1767 931 2653 369 1012 2409 211 1801 1406 2240 2054 1845 1928 1798 2121 2149 1357 2624 2000 2509 249 886 578 1166 1830 1001 702 1809 29 126 2532 2415 2350 1905 2329 529 1427 1810 426 121 2320 1869 853 646 2787 67 2637 962 597
1752 1146 4 1545 1799 2367 1624 1202 950 59 2389 1644 2069 817 2832 312 2790 2501 1102 2411 1737 2817 1934 2528 626 1926 1407 987 1656 1636 1840 2477 1316 1965 547 1496 2082 613 2270 2044 266 440 556 85 2241 2556 2836 155 1782 2767 1319 735 2300 188 1381 1948 2515 1386 283 611 1658 2289 2840 2628 2815 2714 635 1416 943 2011 2352 221 2272 550 1328 1092 518 663 1663 826 674 433 1422 169 194 2439 1617 1405 1649 2424 1552 2837 305 659 947 1218 1437 51 1045 1096
1416 1096 1948 2272 1316 2815 1496 1051 2352 2556 1636 1965 1860 1796 747 194 2545 1218 1584 2034 1261 2721 2023 2713 1586 201 64 1569 2241 305 2755 1381 1658 562 100 715 2045 497 48 2309 2628 1422 1782 439 2454 784 2769 2650 1901 1993 1640 51 414 712 1453 2433 563 1617 231 155 663 168 659 1840 1407 1490 319 1548 260 258 1897 2239 2289 2826 1362 2538 1878 2714 1123 221 1148 2631 947 2033 2735 550 2802 674 2046 26 2836 289 902 21 917 1045 2376 541 536 199
44 16 2317 1447 1469 376 1483 2249 2437 761 1178 1836 1990 2700 1672 1057 1224 1713 1714 1183 47 2523 1838 1116 683 2422 34 1535 2180 1914 1449 832 2785 2129 2202 1620 465 603 830 1346 88 2190 2745 291 1732 2275 1450 983 1476 483 1678 1073 576 1147 441 1176 2695 83 2547 845 792 1523 596 1103 1482 60 95 1304 1749 2296 2281 2383 540 1773 1743 2441 967 834 1245 824 1804 1593 132 269 2194 1300 1996 1856 1161 1633 2235 2827 777 1513 1561 2080 2239 2096 1795 339
1752 1146 1545 4 59 1799 2367 2389 950 1202 626 2069 2270 2082 547 2692 1407 1737 1319 2289 1926 1624 1386 2840 817 611 2477 271 2553 2148 169 2767 996 1181 2530 2837 1775 266 556 440 433 2515 259 173 2817 2735 613 1656 987 2650 735 618 1892 2790 200 155 1663 1917 1414 1782 2832 283 188 2470 400 1618 2312 1552 1491 1840 1316 1677 85 312 2501 1964 2011 1328 2556 947 2836 1029 1564 826 623 1496 1965 2340 2272 1253 2343 1555 1540 1771 1837 965 81 2375 345 1613
2840 445 1663 1328 1623 2707 1679 1444 947 2241 51 1054 2515 1045 1617 1782 2767 1993 1381 2836 712 1658 1640 2011 1649 169 1422 2837 1544 1218 2439 1489 2050 305 1261 155 900 463 1417 2130 735 1710 562 860 197 2454 550 1369 645 2650 2714 1552 260 2628 2826 1486 2769 1437 1569 1208 348 26 64 563 179 1701 480 100 1796 925 1948 2034 439 1307 559 1416 659 440 1878 1870 1123 674 2721 2713 2544 715 2289 2631 1860 1840 2652 2352 2076 2133 1051 2649 1788 2397 188 259
536 988 193 121 1588 569 1132 2090 680 1268 2333 1431 1793 1430 1886 866 36 733 2117 1699 500 2078 1553 1492 1499 142 901 2217 1053 429 2415 2568 802 427 878 432 1256 555 1065 176 1890 2668 289 1888 332 1562 1033 2743 979 2029 1236 554 2227 2267 868 1393 21 2380 2786 2384 340 1686 571 597 1418 886 199 681 2423 2451 417 2108 62 1398 743 893 361 2143 1266 975 302 707 634 24 2808 380 1628 1952 2024 391 1008 292 151 528 2430 78 2793 694 460 2406
1141 2070 1506 1780 2669 1262 1612 1505 1274 1918 2232 2137 2025 822 27 113 192 216 61 1787 455 1568 2794 799 1127 207 225 654 383 2396 408 1503 49 1282 858 1273 356 1024 653 1356 296 2698 2311 525 2531 1435 290 1248 1781 1472 2142 138 2765 2611 625 1598 452 679 209 1011 241 2715 1789 1216 252 1140 1297 2565 245 782 1018 1395 1829 2164 89 927 1831 200 2505 2465 758 1022 1048 840 1378 2017 1062 1961 1921 478 936 1875 129 268 2467 1039 139 346 2279 495
2727 1520 1 2399 234 1572 913 307 342 551 1025 2215 2158 1059 1349 352 46 687 2834 969 1539 892 2731 1629 1615 203 349 1540 2635 1735 1589 2844 1814 223 2403 1291 267 1524 2385 1095 1238 2412 2371 891 1925 2524 685 557 414 1122 1366 1619 2548 1571 2092 2139 879 2340 1982 2255 667 273 1815 1409 1816 2223 2431 1618 961 1660 2253 154 1129 1863 2797 1242 1684 837 2633 2298 2607 2185 195 1698 888 2460 814 2444 2541 472 317 1480 17 1159 600 2338 2100 372 1009 1776
340 2668 1562 2786 1256 2227 176 979 555 332 2029 429 2384 554 2743 1890 1393 1033 802 868 2423 1888 1065 571 142 21 2108 1492 289 878 743 2267 1686 1553 2451 432 417 427 1418 681 2078 1430 199 597 886 1699 2415 866 292 2217 901 62 2568 1053 78 1886 2380 1398 1431 1793 302 733 361 500 36 1236 893 2117 536 680 569 1268 193 121 2333 1588 1132 981 1499 988 1233 2038 760 437 1390 1557 1628 1599 380 2074 1399 2090 823 1038 853 2622 707 2163 2016 964
142 802 1492 429 2078 1699 1553 1430 878 1053 555 1886 868 1888 554 1256 427 1890 289 2423 432 866 2029 2668 2415 2217 1562 176 1793 2786 901 340 743 2568 2227 2743 681 1033 979 1065 1431 332 733 417 21 36 2117 1393 886 500 2384 62 1499 2451 1686 597 1398 292 680 2108 571 1418 78 199 2267 361 302 2380 893 1268 1588 1236 193 988 1132 121 536 2333 569 2090 770 1233 2074 437 2038 73 568 1399 1390 1670 186 2730 2299 1557 2047 640 2054 380 1599 707
924 2216 1288 1703 1487 1471 1363 2573 953 2823 333 2567 2841 2502 1400 1865 1605 205 443 1995 2079 1171 1217 38 22 2230 1006 214 2751 2152 335 1214 419 1687 2554 1927 2452 1090 894 1341 117 309 1763 2348 1474 2153 2203 2109 1184 1671 1371 2263 327 189 1602 1032 1355 2449 2179 8 2060 37 459 96 115 2141 1502 1188 1632 474 1607 1205 2535 106 752 1183 1811 1953 2816 761 745 2758 1866 1336 468 997 762 2339 1765 1139 1084 2595 20 2572 586 621 2303 2571 1069 2831
1038 2421 1041 1949 1754 865 340 332 2786 2227 979 176 1393 571 323 2668 1477 2047 13 640 1562 370 2384 2671 1065 1256 1418 2743 1033 1272 2578 554 2108 56 1686 21 2029 1757 828 429 1189 417 2451 377 289 2210 2602 868 2520 1888 1890 2838 1668 1399 1976 2828 123 1952 964 597 2808 2423 981 2016 1374 1266 783 2149 555 986 461 569 802 121 2038 2032 199 743 1132 853 612 2333 672 36 2090 1910 889 193 933 1588 839 1553 536 2515 878 681 1337 427 1431 142
956 1882 546 1221 2823 6 285 582 620 2643 1702 732 759 181 1083 1260 1880 2678 1802 2623 2194 1797 1536 2261 2476 1200 1570 1525 661 1280 2263 1318 2688 1726 2740 1400 1768 1371 1183 1153 2572 953 2749 1227 2448 762 829 669 1687 1471 1761 2425 807 298 1911 724 2807 150 820 2167 636 1487 1084 459 1205 196 154 2179 1541 476 750 1234 2174 448 2761 2573 1697 2548 1758 2268 2386 2677 1178 1995 42 971 115 84 2387 37 1198 2431 1482 493 210 1603 2691 537 334 644
2185 1129 2298 2529 1440 386 1411 143 2584 2517 1684 1694 718 697 795 1630 1360 2616 1445 2363 2271 787 372 1294 810 30 1514 958 638 2460 557 1446 1215 1267 2619 665 796 2468 1925 1112 991 2481 1939 1863 2385 1619 879 71 2139 1807 1295 1982 2524 667 1549 2844 2727 888 741 2246 2801 1278 1122 2771 1373 1735 1947 1744 5 1196 1258 2412 428 1270 2833 263 2677 299 583 641 262 1814 1520 2184 1350 2797 2371 267 2092 2484 2269 1589 273 842 264 1911 1291 588 1238 747
2840 445 2515 1663 2241 1993 2011 197 1328 1617 2707 1623 550 1679 1045 947 712 1444 463 1658 1422 51 2289 1552 1782 1054 1640 2767 155 1381 1218 2836 1788 2050 2650 1261 2375 305 169 735 260 1544 2439 1649 2130 1710 2454 659 1895 433 645 1369 860 563 2826 2628 518 562 2837 480 1878 2544 2713 1796 1489 1860 900 2769 179 439 1840 2714 1486 1417 64 134 1569 2538 556 440 663 925 2631 259 1051 2088 1437 674 1208 348 2397 2721 26 1123 2649 1092 1948 1870 489 2817
1752 1146 4 1545 2367 1799 2389 59 1202 950 2069 626 1624 1737 2477 613 266 817 2832 2082 2270 312 547 1319 283 987 1926 1102 2790 611 1644 2501 556 826 1386 2817 1656 188 1965 2300 2411 2148 1934 85 1316 2767 1496 1840 1407 2528 2515 440 1636 1092 259 2424 2840 635 1414 1811 271 2692 735 134 221 433 169 2289 2735 2548 2487 1917 2312 2783 2241 200 155 978 2044 1428 1704 2837 1190 1862 2011 674 1983 947 2553 618 2556 1897 1046 659 1247 2340 1552 653 1157 173
2600 2085 942 1705 1681 2543 487 1384 2458 966 1495 337 1331 1614 2660 1742 1673 2262 355 984 908 1002 1000 852 1853 1695 1739 1554 360 1676 2257 1370 243 813 54 710 542 2664 2696 2782 2259 1893 1105 1396 1978 1119 660 2596 50 791 1017 921 1290 2369 1508 2064 2392 2282 1565 631 2357 1287 1518 1031 2803 199 21 893 361 320 451 2384 681 747 1398 78 302 1033 2451 292 62 886 1301 2049 289 1779 1718 1562 607 1890 332 1385 2469 176 432 530 417 1770 2743 2796
1944 2294 1055 2728 2207 725 2558 2766 1056 165 1825 1940 447 1130 2825 1986 204 2580 494 146 2435 1899 2057 2135 137 2741 1874 1452 899 1841 2683 647 2639 1223 1212 1606 116 2842 2506 2291 2813 2736 2292 2708 574 692 1126 2382 362 2041 1935 1937 2569 1463 2248 2258 2438 1185 1592 1868 2286 657 140 948 2719 682 491 1076 1547 2319 1464 804 1777 686 2393 1876 790 1962 2511 1639 1134 329 677 442 97 2526 1067 246 2220 1677 2625 1892 271 2704 722 608 274 1771 2436 1931
1083 1702 732 2643 759 181 620 582 6 1797 285 546 1221 807 1260 468 2761 2807 1768 2048 2261 42 636 2194 2278 1188 1536 922 1108 419 2346 661 2171 1318 1916 1570 894 475 1856 2111 2043 1891 2554 2313 37 2263 1603 411 1882 476 2816 1723 1283 2441 1227 1761 96 2810 2666 1858 1251 2153 122 1153 650 2827 2425 949 844 198 1364 2168 1763 310 1865 596 1456 1632 2623 1371 189 298 510 669 1284 2374 206 95 1515 148 2118 1697 2060 2688 973 980 1525 462 343 1220
2461 1276 793 2418 1859 1034 210 280 57 1392 1580 1861 2662 1234 2174 1072 421 1792 704 77 1930 1375 2125 1576 2004 884 570 1716 2229 1758 294 2155 689 1292 1348 934 185 2456 493 1665 2189 1030 170 1043 2327 1377 1724 242 2330 287 1551 1857 746 1575 2838 1358 82 2659 470 2186 2694 158 663 1350 798 687 438 1193 2206 2548 2581 857 801 2123 2703 228 1345 2039 263 1887 514 1664 1432 1877 2127 2356 2374 516 1947 885 2332 880 1776 2187 2321 2714 1522 2739 179 2211
2437 44 1178 16 1447 376 1483 1672 2317 1469 2700 1990 1836 1346 761 2129 1224 1116 1713 1714 751 2249 1559 1535 832 2422 1482 2281 1786 1057 1451 39 683 1106 614 1838 1914 1257 564 2000 1971 926 2523 47 465 1693 2288 1818 1357 1183 1361 2072 1996 2656 2080 2114 1620 2180 2785 1091 2275 34 1538 603 777 1180 830 230 291 1561 1593 1732 441 1450 1087 2202 1523 2149 2242 2383 2695 1137 2190 581 2247 676 76 792 1678 293 1176 1073 2495 1801 824 1207 2579 132 2745 88
1721 2809 1876 1473 12 2057 494 1390 1075 2708 2622 1406 202 1012 1874 627 249 2291 682 574 1759 1810 1944 67 974 2757 2719 2507 368 173 2509 146 1904 1055 997 2435 444 1555 1725 2583 1557 2438 1165 2728 2683 1899 1223 1613 2143 1185 1906 2028 1001 2350 2478 2580 1597 2470 426 1253 1088 696 2500 1961 2077 2772 2089 523 904 1236 657 315 1018 662 1627 1692 1252 532 121 2552 553 939 2220 1753 24 1777 607 193 2735 2302 647 1892 1931 489 447 2526 1433 988 1475 1452
2252 1651 2682 1977 1179 2491 1578 2097 2328 1583 1063 945 841 639 916 1579 1769 2647 1920 1770 2042 9 114 952 1354 748 919 227 1528 1531 887 1470 118 2778 2723 2065 2310 1791 998 1585 982 1851 567 930 1667 819 2225 2792 2575 1657 808 763 928 2379 2729 1211 517 1368 1367 2711 1854 492 2349 382 512 2459 1154 2026 566 515 311 1970 2488 1239 778 1562 1210 513 2028 875 1209 579 1566 923 159 1065 528 2090 326 193 156 671 575 988 2658 536 580 597 2117 1593
472 1059 961 2138 1618 1215 2738 2781 2444 1607 166 1341 2758 1069 2513 1101 1811 1803 2835 1540 2710 511 1060 2340 1355 1964 414 1509 537 1828 2801 405 1167 2614 551 1862 2339 2709 127 2635 2466 342 2740 1421 741 46 2266 1078 1025 223 1530 2473 160 1571 154 1615 1698 2648 195 1349 2223 124 2094 1524 2253 2372 2255 2431 892 1373 2595 352 2100 667 573 1925 1278 600 2338 2771 2385 17 2158 203 2208 41 1338 2175 385 1619 2460 685 716 307 1409 642 912 888 1863 2517
