2502 2152 1371 1605 84 2141 1726 1953 1139 941 2567 2572 2841 2263 2348 214 1525 1602 5 1866 1280 2623 2678 844 1171 2751 22 244 2457 2109 2386 1515 1214 1696 2115 106 2448 509 1199 1616 1198 1084 785 1659 1927 117 96 2128 1632 1205 744 1032 2153 894 2060 2203 327 2303 2554 189 419 2374 2030 1661 609 2725 1364 1184 2056 1064 1113 298 621 45 1960 973 1979 2705 957 2464 1251 2831 851 2182 150 1488 2522 1083 2760 1365 236 300 2404 1570 474 2791 1738 6 2688 2425
2044 2501 2528 1934 2411 1644 1656 2790 1102 85 312 1624 2817 2832 987 188 556 817 659 1926 943 1407 635 2300 1405 1319 221 611 1386 547 2082 2270 2213 1552 2012 1983 2397 2574 1208 2011 2779 224 1092 463 413 606 915 1817 1029 197 136 2631 854 155 2599 1422 992 1582 128 1782 319 2419 2358 630 2375 1993 1902 1484 1414 1617 1190 488 559 1948 2626 445 2222 2646 1417 2391 2836 1501 1835 1305 2400 900 1284 1489 178 1308 2001 860 1700 622 259 2034 2840 2762 2023 1711
1516 1894 2609 538 742 1800 1645 257 1138 1731 1871 843 1707 2613 1454 288 2843 1007 811 410 664 434 1546 186 1079 937 544 1783 112 535 2219 1131 365 883 709 1794 2746 2763 2788 2151 2549 2110 1005 1133 1385 605 2364 2341 248 773 1243 1966 1309 435 1670 2290 2730 610 1779 1311 1498 519 1379 593 648 1040 749 2299 253 870 1110 1573 336 1634 1455 2102 2516 1068 1424 673 1466 568 1527 1968 338 392 94 2377 11 1511 717 406 1526 1969 1992 2196 678 2830 2560 2005
1721 2809 1876 1473 12 2507 1904 1390 997 2622 2657 627 1165 121 2308 974 988 67 536 193 191 444 1944 637 2719 1075 315 1753 1185 2315 1452 2772 1759 368 1886 1055 1777 2757 202 2617 1557 140 1252 569 1125 2708 2777 2302 494 1968 2478 1771 1132 2598 2077 2741 2583 2089 1868 1067 1142 2728 2143 482 1088 2580 2704 1341 1012 1810 682 1223 1613 1892 1076 2712 2220 2509 1931 619 2090 1588 2702 1463 2015 532 2251 662 1430 521 2057 2735 1725 1060 2161 1555 939 2024 79 24
777 1996 1091 230 2422 926 1914 1818 564 2523 2202 34 2785 2281 2745 1476 465 88 2190 47 39 1180 1178 1357 683 1224 2180 983 2288 2495 1116 76 1714 1838 1176 2700 1713 132 1593 1228 1990 824 2547 1693 751 576 499 1743 695 1672 1353 2129 1856 2437 1971 1785 1786 832 1161 95 596 407 1257 2827 1093 1087 1847 1898 1836 1513 1773 617 540 2656 310 2111 1883 2114 1749 2441 614 2277 1804 2242 1535 1028 1213 2149 2159 1690 1561 2066 739 1801 1517 2360 2784 341 2555 2733
2034 2545 2433 1796 2213 64 1453 2713 2376 48 1569 100 1490 715 2721 659 439 2309 1901 562 1860 305 201 2528 1640 1644 2411 155 1624 1656 1584 2790 2817 1934 2044 1552 2501 188 1407 2650 51 1926 987 85 1993 817 1102 1948 312 556 2556 1416 2832 1096 2300 2023 2241 1381 2631 2272 1878 1782 2826 1658 2082 547 2352 1405 635 1636 674 2289 611 1663 712 2815 1617 2270 947 2439 260 1319 1218 1840 563 1544 2836 2419 1386 168 2045 1316 992 900 1328 497 2767 943 221 2714
1938 1833 1443 1747 889 2686 767 277 2702 2496 431 369 2510 211 2532 2315 1460 1989 1125 1753 2478 70 2 18 1842 2777 2077 2772 2663 2818 951 601 1834 1980 2015 2757 1252 1557 1035 1839 1759 1390 2561 2622 2685 1418 1976 315 39 1340 578 1114 2288 2556 769 164 1845 1767 2149 1165 1413 250 684 931 461 2302 2577 2671 156 1788 126 907 121 1975 1720 1821 2482 2352 2388 1496 161 2624 2276 1548 2016 853 1952 1922 1357 72 848 433 2808 990 193 1817 1417 1391 536 1399
103 688 2624 297 1235 990 502 2471 1323 2601 1845 126 1186 284 578 848 1114 768 1340 1830 2314 1767 931 702 1391 2276 1608 1413 522 1908 903 1107 65 835 1720 1821 2388 250 1512 1975 1310 684 1254 2667 2478 1406 1165 1905 1012 2757 249 1390 1753 627 2121 1125 2077 2090 988 1759 569 1809 1810 193 1075 2149 2509 277 1557 10 121 2772 2777 1175 86 2302 2240 202 1531 102 369 1959 1951 485 67 2622 2016 364 1839 2350 2561 876 2114 767 1144 2778 737 2242 1459 2329
1979 117 327 1659 1198 1184 1205 2303 2203 275 2014 498 2791 425 466 2030 2124 375 1326 1080 1502 2179 473 1687 23 306 2128 1426 2169 2366 2494 167 1061 2263 2508 1922 1113 510 2521 1488 2768 1738 1637 423 163 148 1397 420 594 2351 1084 388 1400 1556 1371 1537 298 2572 690 2620 2115 205 1591 1616 2222 1960 2162 2678 851 973 2726 2623 1661 844 2457 2359 1280 1641 796 20 907 1570 448 1744 980 1884 454 1232 1525 2118 1423 1285 1015 2573 474 933 1954 2448 2828 2464
340 2668 1562 176 332 2227 2786 979 2743 1033 1393 1256 2029 2384 554 1890 2108 1065 555 21 571 417 1418 868 289 1686 2423 1888 597 429 2451 886 199 681 878 432 802 62 743 292 78 1398 361 302 142 1553 1492 893 2267 2380 2078 1430 427 1053 1431 866 1699 1236 36 733 2117 1886 1793 2415 2217 569 536 193 500 901 1233 121 437 1132 988 1588 760 380 2568 680 1390 981 945 1599 2074 1499 1597 29 2038 1528 2647 707 2333 1557 2090 1628 1399 823 639 73
239 653 1127 2164 2091 2794 290 1274 2531 2693 1961 799 1781 654 525 1647 408 721 2311 1011 1282 2402 49 1875 356 1972 1780 296 1240 252 2061 113 131 1356 1921 245 268 1843 1303 2232 495 1273 209 1568 822 2396 2137 1024 383 1787 1262 1317 2173 2698 2285 1395 1789 1248 1503 806 1756 452 618 33 1655 838 2565 927 1967 1472 1941 224 330 2280 805 643 449 200 1143 1378 1275 139 2465 2505 1831 2407 61 1813 484 467 2611 1008 561 1612 412 331 129 1692 2099 734
834 1044 1621 897 2452 1277 2555 1727 908 599 2537 2446 1482 2080 2058 2642 1719 2136 147 2550 2383 441 2754 924 1104 1523 2695 575 666 1669 2595 1507 422 1244 1006 2296 1620 393 1194 612 2019 1016 1691 935 2495 2339 1804 2573 2212 1327 141 2793 1112 584 373 55 1447 2163 85 1023 676 2530 2481 345 569 1353 996 792 932 2750 397 2395 863 2604 1200 1145 1271 1624 1144 2104 2096 71 1270 7 453 845 2340 1646 728 1341 1487 2823 1491 273 463 1258 1471 974 665 638
1434 1298 2112 1004 1760 1712 75 182 954 940 1343 2737 149 1685 2497 1019 198 63 949 1333 2016 310 1103 1999 2149 783 60 2022 2827 2441 1304 1749 1856 2111 596 1631 95 291 1197 2656 1693 1334 2542 576 1743 2547 2242 2125 2566 832 1561 751 1535 2004 2039 2123 2615 656 1597 1665 1867 1733 2327 228 366 1930 421 1722 824 2582 1601 689 1483 1542 1529 1558 2356 746 1593 1269 695 1836 707 1887 2224 2332 2838 1193 720 1358 263 2072 1792 424 2116 2694 376 2184 1849 706
1141 1274 1506 2070 2669 192 2025 61 207 653 1787 1780 1127 2794 239 2396 225 356 296 654 1781 209 408 1282 383 139 1961 216 245 49 1273 838 525 2164 2311 2091 1918 113 2173 27 1612 290 200 618 1555 1505 1262 858 2316 252 625 1356 455 418 679 1598 1240 2698 1435 1248 2017 1168 1472 1299 33 1216 2280 2531 1924 326 1692 449 344 159 2279 580 1018 1297 1124 1929 1647 782 1143 1011 331 1972 721 2690 1822 2053 2611 1140 533 2402 2467 346 1475 430 1118 2236
1254 1512 1310 834 65 1277 1107 903 2383 575 441 2080 2555 2754 1523 1482 2058 835 1821 2695 1720 768 2395 373 1016 845 1727 1908 584 1975 284 2388 702 1691 250 393 1147 830 1608 1120 1678 931 1244 1340 1450 684 2275 2019 2136 1830 1732 309 1104 1114 1669 1646 603 1620 2733 1517 2239 2802 83 1458 1767 462 2641 55 848 333 187 1178 397 2823 2630 2518 861 1169 1217 2684 2605 728 1336 2073 997 2340 590 2079 2471 863 398 32 357 2780 993 856 2601 1950 2176 1382
57 1234 2174 210 1580 1861 2418 280 2461 793 1034 1276 1859 1392 1072 2662 1792 421 704 1930 1375 77 294 2456 570 2004 2125 1758 493 1664 2229 1724 1575 2330 2186 133 1665 746 2189 2374 884 1716 1576 1348 2327 689 1043 756 2590 185 2155 228 1292 857 798 1350 801 2659 1457 1551 2123 2039 1030 1947 934 885 548 2332 2356 1229 1887 82 2548 263 1776 1765 583 2493 656 976 1345 797 514 2838 1377 2694 1877 1191 2198 1358 1857 2739 2247 2184 1279 1169 287 720 1675 2192
2725 2464 957 1766 2404 1889 609 509 2448 2457 844 744 2348 1866 214 1602 1139 1953 5 1605 1515 1199 244 2751 2115 2168 2124 2567 1616 1171 1214 22 2014 2128 2502 498 106 2678 2152 1061 306 1596 466 2109 1326 1927 1661 375 43 1696 2425 425 785 2572 2197 2150 1032 1637 2366 171 2060 388 2508 621 2083 300 1659 189 882 163 2562 1556 2230 2705 2182 2498 2831 1205 2351 1880 117 2476 96 1610 1632 1015 2760 2203 1802 690 1108 2169 1726 473 42 1364 2612 1858 270 2841
503 711 633 772 1680 2250 1704 2322 2479 1335 2557 1532 2228 28 238 671 330 532 1563 2099 972 696 2193 2028 1376 2681 849 152 2819 1956 602 458 505 1708 587 2052 354 2742 2119 2552 2177 2592 2814 1741 92 2181 2716 2500 1827 313 1332 1111 81 2365 2370 68 734 523 1896 2527 1339 261 2191 847 2674 705 1746 2689 968 2144 2283 1789 740 2698 1273 726 1117 553 331 268 1967 1182 2237 175 771 2470 927 131 1917 53 1961 2765 1297 326 159 1831 2236 618 467 2285
1752 1146 1636 1965 1316 1496 2815 950 2556 2272 1948 4 1840 194 1416 2352 1096 2367 1051 2628 1218 2069 1586 2713 1799 1860 2241 1202 2836 1658 1381 1545 674 2832 201 817 1261 1782 2433 497 1123 312 59 1624 2309 440 2439 978 1437 1544 613 2840 2767 155 1926 563 168 1422 2553 900 2046 2714 659 2289 2477 1878 663 987 2011 2790 1328 2652 231 1663 188 1102 1148 1656 1552 1486 1640 1901 1644 518 2826 2817 1934 259 2515 1897 433 1045 1319 556 319 735 947 1617 992 547
1539 352 969 1242 273 2104 2524 2226 557 879 147 2473 2460 2363 1 1520 1059 2727 1619 1863 1366 1925 1660 1816 1480 2595 2431 307 342 551 385 2607 234 2633 2709 1349 1982 1572 2399 667 2175 577 1025 913 2158 814 2444 2783 1815 2385 1811 867 1540 2468 414 2797 2139 685 1355 2340 2092 2833 741 2844 2635 472 1571 1167 1803 669 1514 2269 2371 1421 888 2576 2403 160 46 299 127 476 2710 1524 1078 1618 264 2255 2215 1509 372 1844 961 262 2266 891 1295 1629 2781 2094
2827 2441 2111 1856 95 596 310 1743 1999 2547 1749 88 132 2202 2190 1176 1476 695 824 1103 2745 983 576 1693 2785 1914 2149 1593 1093 777 949 2737 2422 1343 1197 1631 2656 940 2112 1004 783 407 1434 2242 1996 1019 198 1298 63 60 291 2016 75 1760 1091 1685 617 751 1712 1713 2497 954 832 1116 1898 689 540 149 1727 683 1334 2374 1333 1304 182 1535 2004 2125 1672 2039 2022 1930 1204 1561 1714 2615 1665 34 1945 2281 2058 376 2582 2542 1513 1804 39 570 2114 228
2281 39 2288 926 1818 564 230 1357 2495 751 1180 1996 1538 76 777 1091 2239 1593 2073 187 920 1482 541 2699 1919 1950 2080 736 917 32 1601 1693 902 1467 379 2036 2033 993 2489 1846 739 83 2247 441 590 2656 2326 2493 1943 2258 1748 1523 87 362 1836 1459 1914 2563 2695 469 2383 2437 88 824 2547 1014 1713 198 596 1057 2324 2114 60 1856 2202 1304 2296 683 575 1197 1476 2641 1714 462 2497 95 1672 845 373 2422 397 2149 1116 55 47 2111 465 2176 2441 1743
850 1504 2512 2362 222 2218 2355 1436 1305 935 2096 2750 1790 836 2691 1052 2342 1933 2645 755 2201 2071 1321 1098 2450 2156 461 2829 177 1736 477 1903 1709 2122 2679 1163 897 816 2163 1085 2432 1806 629 453 612 1628 1638 1023 141 981 2593 1267 2420 401 2055 760 73 380 2452 99 2074 437 1976 1145 1233 1155 1599 174 1047 2722 164 1510 156 1808 2098 2775 1688 72 1404 2274 399 823 595 2000 2747 2577 694 2587 144 2161 632 1911 1784 1100 460 172 1872 1415 2009 2446
1146 1752 4 1545 1799 2069 2367 1202 1624 950 59 2389 817 1644 2832 1737 626 2270 2082 2790 2411 2817 312 556 1656 1934 613 1926 1102 1407 826 547 987 2501 266 283 2477 1319 2528 188 1386 611 85 943 2300 221 2044 1405 635 2767 1965 1316 433 735 2714 2148 1092 2289 1840 2840 1552 1983 259 550 440 1328 1636 2515 1190 2397 2652 2424 1414 1437 2631 900 1422 1208 1663 674 2011 659 2241 947 2312 1046 2836 480 1486 2133 978 169 1782 2419 155 2574 1489 2544 1428 2538
757 754 1728 1231 1533 2756 2021 2320 1149 2533 29 2673 286 2172 218 2024 1804 293 967 1597 426 2430 24 2143 634 240 135 2784 1898 1719 2277 1300 1312 119 1689 304 558 80 483 1296 545 1883 2178 1265 213 2295 1383 2472 1394 1984 2113 251 2413 1801 1213 2335 707 2066 1829 789 2323 2546 2504 1389 1093 658 766 1427 853 2644 1593 2759 1353 1478 2638 328 414 2022 1683 2408 2238 252 1115 727 101 1598 983 1230 1448 572 2054 529 395 2354 184 1469 1175 1168 646 1927
1022 346 2821 2467 1378 2690 2505 2465 52 753 418 363 108 1481 402 478 467 1438 758 786 2398 2407 936 1662 628 1220 2301 471 1465 2244 2070 2634 484 1008 2429 780 2059 806 534 389 840 225 53 2285 2765 655 1048 1692 1918 89 430 782 1039 1018 2632 1730 1395 999 2669 1356 2611 2687 726 295 138 643 2025 452 1140 455 192 1612 61 1026 331 207 1929 1787 1275 2806 1317 2142 290 2232 1921 504 1472 1756 1303 1568 2061 1503 2715 1655 1789 31 1831 654 326 1475
1944 2294 1055 2766 2728 725 2207 1056 2558 447 1825 2825 165 1940 1986 1130 2580 1452 2741 137 1212 899 2719 204 2292 2135 494 116 2319 2736 1606 2842 692 1126 2506 146 1899 1876 2057 67 1841 2435 1067 2291 574 790 627 2708 12 1223 1463 140 2583 1868 1134 1810 1874 97 2509 2041 1935 1012 1547 1406 686 442 1075 249 657 1962 1185 202 2511 2350 79 1001 1777 2286 246 362 2121 2683 2436 722 647 2598 682 804 1965 1897 2068 2665 2258 1905 1362 674 1473 2240 2305 2815
196 353 2474 776 98 701 1625 1643 1819 1864 910 869 585 2361 781 1402 2334 2462 2081 2067 276 2103 1344 381 1963 1042 809 233 2264 2256 2353 69 2027 871 1600 2391 1633 2001 2363 2460 1565 1245 2691 1751 2165 2101 2677 862 2803 2362 2431 2012 1170 1667 1480 1537 40 2734 2132 557 1768 2582 84 941 1973 640 385 425 865 1704 1585 2783 224 669 515 1287 915 1850 1077 2210 1031 513 629 285 422 2593 2385 796 975 392 1619 2278 492 879 247 1541 206 1708 2228 1204
2687 1730 1929 1275 2773 2806 2715 295 504 455 31 1240 326 1655 1831 927 1789 159 1706 580 464 1011 1097 2059 484 999 1293 1262 806 726 467 2301 2062 534 1475 430 418 1022 1143 655 268 2236 1822 331 1875 53 1378 1118 1297 2765 2285 1026 2429 225 1481 1692 2407 1662 131 618 782 1008 1273 290 200 1018 452 471 1568 1755 2070 2025 478 1813 33 2669 1438 2402 840 2693 108 1972 52 721 1843 2505 2465 2142 1506 1647 1503 389 363 402 753 125 192 2632 346 2398
2414 1177 107 2176 2641 55 397 728 2604 1507 2550 1669 1104 1194 2019 575 2754 2326 736 379 1467 1691 187 32 1919 2360 2159 541 1748 920 1950 2036 469 2234 1459 1014 902 993 2073 2033 1028 917 2239 1720 153 1690 2080 1821 584 2233 441 1016 590 1975 2383 2603 1943 1523 373 83 87 2661 2192 1259 2695 1372 250 462 2752 680 834 2254 400 1970 1832 193 2347 382 357 2395 684 2297 1482 1734 457 2733 1268 2684 1601 2637 121 1192 827 988 1132 1277 2630 309 2154 2447
1721 2809 1876 1473 12 271 1759 1931 1677 1771 2728 2526 121 1892 608 2622 2757 2220 1055 2625 1895 574 1944 494 2708 1390 1472 2057 994 1874 682 1056 526 193 1942 18 1012 1753 988 1406 2207 2735 898 447 1842 202 864 2291 146 769 1125 2478 2089 2438 2022 1185 70 249 1834 433 974 140 2825 1868 1333 725 1998 968 59 2719 2077 274 1408 431 1253 2051 1075 1252 601 1207 315 1552 2764 2482 1917 1117 536 2409 2149 1799 284 1452 2683 2148 2028 674 1018 173 2440 990
2484 837 264 2844 2455 299 2412 1122 2063 2092 1622 2833 2797 1009 2139 428 2269 2371 1815 1982 2576 1549 1814 1159 2776 600 2486 2100 1735 1338 2403 667 741 317 262 891 2811 642 1698 846 2473 2223 1238 267 1291 573 195 2255 1571 403 2731 1589 1925 17 2385 1863 2338 1619 888 90 2189 349 1095 2253 226 1409 641 2372 1862 160 2801 687 2460 2635 352 1078 1373 1994 1509 2094 1618 2158 2175 1 1421 557 1295 2771 879 2273 2215 1530 2740 1520 2431 2717 472 669 2727 1349
239 1127 1961 2794 2164 653 1274 654 2091 1781 2311 525 1647 1972 721 1780 2402 245 1787 296 356 209 1282 408 2396 1011 2061 200 139 1356 1240 113 838 1143 61 1097 49 2025 1921 326 1293 159 1248 449 625 580 618 1435 207 2316 2062 679 2531 1822 2173 290 1118 1875 192 1273 1317 1472 383 33 1598 2280 1756 252 2669 1018 2070 225 31 2236 1124 131 1037 799 2137 1141 782 2698 1917 1187 1692 2693 1967 1941 1395 216 2017 822 1929 1918 858 268 1262 1475 2053 2611
2152 2502 2141 84 1371 1726 1605 941 5 2678 2567 2263 2572 844 1953 2386 1139 244 1866 2841 2348 2457 1525 2448 2751 214 785 1515 1171 2115 1280 1602 1616 22 106 1214 2056 2623 1198 1199 509 45 1696 2182 2128 1458 2203 236 2608 117 183 1064 2109 2760 621 2522 2725 1364 398 2503 1927 171 1113 1251 1205 1768 1596 189 1659 2761 1084 1184 2048 2425 609 1632 2688 96 957 2464 2303 327 2060 1560 2612 732 1365 1032 973 744 298 620 2498 181 2705 2401 2562 270 2197 1960
645 2767 1649 1054 1444 1679 947 1663 1623 2707 1328 2837 2836 169 2439 1544 1782 1381 2011 1658 1029 51 2628 2241 1840 1045 735 1617 2840 440 2735 1218 1261 1993 445 197 2046 1640 1422 155 463 712 2050 2130 2352 2289 2650 550 1552 194 1860 305 134 659 2713 201 1051 992 674 2631 2088 179 2556 433 563 2649 2375 2826 1253 497 965 2272 2454 2545 1417 2815 64 1586 260 2515 1416 1307 900 860 1123 1948 319 1489 2769 1486 1437 1369 562 59 904 1710 906 489 1636 1208
1477 1113 1960 2494 909 1591 2503 1232 84 1922 1616 2421 2620 851 594 882 2115 1687 244 40 1757 1400 1462 1949 123 629 1255 423 2677 281 327 1696 986 2101 2571 2768 398 1139 2348 148 1866 1426 1458 214 953 420 690 2386 1488 1471 750 117 745 1184 1537 2359 1754 334 1038 2150 2203 23 1605 941 1397 482 1198 1738 1474 844 1979 300 1603 676 1199 1953 1541 924 762 2161 1602 796 835 2535 2362 325 820 2526 2220 2152 1371 531 1570 609 2464 2179 380 2512 498 1010
574 2291 1439 2057 1223 647 2639 2683 1874 494 146 2435 2051 1899 598 2183 657 2499 2708 2569 531 1592 2220 682 1185 1931 2438 491 482 2704 939 1725 2526 677 2089 368 1777 1433 444 974 1088 2580 1868 140 1937 2393 948 2286 274 2813 1555 1639 271 864 994 2427 2382 526 1452 2445 1944 1408 804 255 2440 1055 608 329 2248 2728 1942 508 725 1330 686 1949 1771 1076 1998 2294 2421 2436 1464 331 2037 1819 59 1473 266 2207 1892 1677 844 640 244 1515 2389 2558 2598 2669
2840 445 2375 197 1710 1788 463 2515 1701 2011 1417 433 860 1489 2289 1895 1045 550 1663 2454 2241 1552 2769 712 659 26 1983 348 2544 2130 1369 1617 2397 2050 1328 1870 1437 179 1422 1656 769 1092 900 480 925 674 1486 817 2817 524 2714 735 260 559 1623 2650 2652 2200 2574 970 1640 2826 188 1658 1307 977 2649 1029 168 1208 2133 489 2538 1381 259 1428 1993 663 2419 645 1319 1878 943 1054 635 978 1782 2707 1414 2035 1172 2628 51 1151 906 2735 2790 2606 221 518
2810 2171 650 2043 2666 2816 1891 2346 1916 475 1723 807 2841 6 285 759 2643 411 1260 1221 1188 922 1702 1603 181 732 620 1570 468 582 1284 546 1153 1541 37 334 820 372 750 1761 1456 1083 122 980 1865 1227 1763 1882 2502 1858 510 1502 1610 2179 1884 659 1697 1605 298 375 2387 1308 2118 1326 2313 420 2261 2268 724 2634 1082 1397 2167 148 2410 1488 2779 2194 1062 117 1139 1797 840 956 488 1738 129 2521 501 1412 782 1184 1015 1074 1654 973 2303 2768 327 110
1656 2790 2528 1934 2501 2411 1644 2817 2044 1102 817 312 1926 2832 85 1624 2300 943 188 987 221 556 1407 635 1405 1319 611 2082 2270 1386 547 659 2012 1146 1552 2397 1208 1983 1752 197 2574 1092 463 2454 1782 2375 2213 4 1437 860 2011 1948 1710 1417 1737 1369 559 2652 2714 1416 900 1414 606 1489 1328 26 2419 2631 1422 2836 51 433 1381 155 1788 1617 1895 550 712 518 1658 1663 2767 445 2707 925 1316 2564 1045 1993 259 1096 2779 769 2544 2241 2826 674 2367 480
1118 1143 1293 1097 1822 159 326 1972 2061 721 2402 1647 2062 580 1921 31 2715 1297 1756 430 1395 1317 1303 2236 1755 805 331 655 1050 1124 799 1967 1037 1568 2053 1475 1011 504 1026 1831 1692 1655 1635 390 1187 1715 1789 1140 1472 455 1648 999 1018 478 2406 125 927 782 2505 2465 314 2398 726 1273 1262 1730 753 2693 2687 1875 1918 464 1706 643 2632 2407 1929 2611 1008 2531 108 1378 2301 1281 1048 936 2698 1612 1335 788 268 653 452 1912 467 501 822 840 1039 806
749 673 1966 593 2151 2299 2788 1311 1068 1946 1379 2364 1243 1794 2730 937 2843 1131 2549 2697 2290 1783 1005 2746 1670 678 1498 2196 535 2377 855 112 821 2251 774 1142 2417 2492 2005 2243 544 1850 1040 434 1936 1527 800 1174 1094 2519 1079 257 410 1913 2087 811 1466 365 2006 1110 568 730 1325 1968 605 2830 1020 435 1581 1573 1526 2516 253 881 2560 1634 338 610 1442 717 1309 1424 336 2680 709 406 1731 1511 1138 1455 1779 1133 248 2095 1969 1385 870 2219 2145 2394
1083 1702 732 2643 759 620 181 582 6 1797 546 1221 285 807 468 1768 2761 1260 2807 2048 636 1536 2278 42 2194 2261 1318 1570 661 2313 1882 1603 894 2425 1108 419 2554 1251 1188 476 1858 1856 922 37 1364 2263 2111 2346 2476 1761 96 1916 475 2720 2153 2441 1891 1227 1283 298 1560 411 45 1723 2374 1153 669 1064 762 2688 596 1371 2678 148 2827 644 650 198 310 1632 973 2816 1525 2043 2118 980 844 949 2056 2522 1865 510 2171 2179 1541 95 122 2623 1184 387
848 1830 1114 931 702 284 1908 768 1107 1845 1340 2601 1767 903 2471 835 502 990 2624 297 688 103 1235 1323 65 126 1608 578 1310 2276 1512 1186 2388 1254 522 1720 1821 2314 1391 1413 250 1975 684 2667 1406 2149 1012 2240 1075 202 1458 2121 249 1459 1922 1832 1759 2656 2637 2016 277 1289 2805 1157 1864 1810 379 1065 2350 1165 1748 2757 102 800 2509 2114 988 2242 357 1805 1259 10 2462 775 2019 1905 569 1351 193 1577 121 876 1207 1357 2036 1809 1534 485 381 190
269 1548 531 1980 2685 2315 2702 2161 444 1200 368 277 2499 1725 1943 993 83 1120 684 590 87 2653 1075 902 1147 1919 2518 1767 1252 876 116 2033 1834 951 1950 1975 747 541 2015 414 1959 202 2802 2563 1905 917 1410 1016 2240 584 1869 32 2748 2495 2350 1340 2719 830 2818 2275 2314 845 1390 614 2478 2239 1401 2622 1073 2000 1809 315 2255 379 843 2077 1357 1732 1338 1467 2276 960 1413 55 2329 2296 2772 1557 1165 86 920 2359 397 1001 441 2121 2166 102 126 2041
285 546 6 1221 807 582 1260 2643 759 820 1603 2468 1541 1702 468 181 372 1882 620 1284 1697 922 669 1188 2268 2167 1456 2677 2194 459 476 1227 1153 1797 411 1570 37 298 1082 2261 1308 122 661 732 1763 973 829 1858 1891 1084 448 650 334 1761 1884 750 1083 2313 1880 1911 795 20 2810 1537 2043 2666 275 1844 475 1768 1723 2168 586 1285 1380 2346 443 2171 1090 2823 2118 2631 1916 1865 2816 980 1684 1278 2727 281 2387 38 1215 2476 1610 796 2691 2529 2623 2801
2479 1704 1532 2099 849 238 28 1335 330 2557 505 2819 354 458 2500 152 1563 2552 2228 313 2250 1896 1376 734 2181 1339 587 2283 2674 523 847 1741 1827 2119 972 2716 2191 1708 2177 175 705 2681 2689 2365 81 532 2814 772 503 2370 671 2742 696 2527 2534 711 1956 92 2028 633 1680 1917 2322 68 653 2052 2193 1961 2592 1555 2017 449 200 1111 602 290 2396 1262 1875 1655 131 495 120 1472 618 296 1831 1011 261 209 239 2391 1787 1275 1711 33 2316 356 2062 1817
1113 2494 1477 1960 1922 2620 1400 1687 909 2503 1591 851 1232 423 327 84 1426 1616 2768 40 1458 953 2115 594 398 2573 205 2571 1184 117 690 23 1198 1979 796 1397 300 1080 2203 1462 2359 882 2179 1471 924 1537 420 2677 1205 1502 2101 762 2706 281 1738 2197 907 1757 2386 629 1255 1488 2303 1866 1371 375 1144 2124 148 2150 2169 2348 1423 1659 2014 1139 1519 2421 167 1696 275 498 425 214 1954 466 2160 1641 1326 702 1217 244 986 1152 1199 543 473 474 510 1654
348 925 26 1870 2769 2714 480 1369 2454 663 2649 2538 179 1417 860 1489 712 550 1710 1701 2050 2130 518 1045 1788 2241 1422 445 735 2840 2011 1983 1328 2375 1644 1617 704 1624 2461 463 197 793 421 1552 1743 1092 77 2528 817 1758 547 2418 1930 1665 1029 1486 556 1859 1208 659 1034 2574 188 2125 1934 170 576 1656 2832 2004 645 57 95 524 2817 2790 1782 1926 2397 1381 1623 312 1576 263 900 611 2401 1663 987 1319 570 746 1197 2289 1658 674 1307 280 1386 2411
2827 310 2441 1856 2111 95 596 291 2149 1693 832 617 2542 1999 1743 2656 1334 2016 1103 576 2242 751 1561 1197 2547 132 1749 695 983 2190 1176 1593 2202 1795 1513 2112 1773 1847 1631 1004 783 2745 1914 1434 1093 1019 88 1343 1161 1535 940 824 540 1298 1476 2737 1346 465 949 2129 2785 63 954 182 1760 499 1116 1712 1685 2125 1333 149 93 1087 1365 2493 777 2004 683 1590 1665 2838 1713 75 676 2039 1166 689 895 2022 1930 407 198 1672 614 2123 1714 1758 2456 493
1178 2422 1057 2437 34 2523 1990 2129 2281 1224 1116 1713 2180 1714 1838 2700 683 47 1914 1593 230 1836 2288 1672 465 39 2317 1996 777 1183 926 564 751 1818 2823 676 1180 2785 1476 16 1535 2202 2495 76 88 44 1346 2547 1091 2249 1357 1693 832 1449 824 1450 983 830 2190 1176 761 2745 739 630 1482 1447 603 2656 1732 2080 1882 2573 687 2275 2114 1743 132 1786 275 1620 1073 576 1539 1856 20 376 2752 1538 327 95 2149 1469 1483 956 1036 924 167 269 441 1113
1624 2411 1644 2528 817 1934 1656 2817 2790 2501 2044 1926 1102 1407 312 2832 2300 85 987 188 556 943 221 635 2082 1405 2270 1146 1319 1386 547 611 4 1752 1545 1799 659 2213 59 1202 626 2389 1737 2767 2367 1782 1663 1381 305 2011 1328 2515 2631 2714 550 1489 1658 1993 2241 169 51 1617 1640 2836 2069 1422 2707 562 1552 2105 860 1411 1837 2477 1417 1045 412 1710 1378 712 463 2343 2837 2012 290 64 1983 2454 2715 203 2089 1208 1623 1544 1870 947 2439 1796 2088 1437
1442 2516 1526 1325 730 1511 1670 1969 338 406 1779 1385 1946 2145 1165 568 1466 191 2302 1992 2102 1455 2299 2730 2788 1379 2290 336 1243 2364 1068 1079 1005 749 1007 2151 2746 544 1311 1498 593 773 112 2843 2549 2763 253 1131 1966 2377 673 519 1783 1794 434 1850 855 2341 1142 410 1527 1707 937 800 2243 392 535 2519 709 811 2492 1094 186 2251 678 2219 774 248 1040 1968 821 1424 1894 2697 2087 1020 315 1936 2417 1581 2394 1138 1913 1174 2560 2830 1110 2006 365 1731
403 1159 1815 1009 2063 837 2455 2484 264 1622 2092 2412 2833 299 2139 600 1338 2371 2486 1607 2100 1982 1341 2844 2811 667 428 1078 1530 2269 160 2094 2797 2255 1122 2189 573 17 846 317 2576 1069 1925 2758 1619 1735 1863 1549 352 2776 642 537 1814 262 741 1571 888 1421 2431 1828 2709 385 2403 891 472 1862 2835 349 1660 166 226 2385 2338 2635 127 814 577 716 1589 641 2138 2266 223 2607 2731 1509 405 1698 2253 90 2692 2223 2633 656 1409 1615 2205 2738 1816 879
2023 2755 2045 1584 747 1796 1407 770 258 1073 2545 414 2239 1980 1320 1892 240 2622 2041 1996 483 1390 1962 44 1091 442 463 1088 2495 16 1065 2735 2685 648 1656 2249 1231 2625 2288 1707 2073 2817 519 97 1252 1126 1557 2518 2190 1142 547 591 777 1771 1489 2296 1450 1562 2161 1396 1516 830 1732 1677 967 817 2281 2668 983 536 2341 2785 2319 2015 2784 1719 997 671 1801 355 2275 2763 590 550 315 444 2034 1935 2561 248 1693 328 39 535 2506 1728 2757 538 992 253
2023 2755 1584 2045 747 258 1320 2545 1796 770 2034 1407 1548 2272 64 2713 269 1569 439 2433 48 2622 414 2815 305 792 1416 2721 1316 2239 1980 1499 1390 2556 2296 562 83 1557 1759 2763 500 2161 2757 100 1640 315 2685 733 201 2309 2352 1593 1943 590 1860 1051 2302 2289 1732 773 51 1948 1894 866 1782 832 2235 2650 853 1252 1096 2653 87 91 715 659 1919 1990 800 2563 1564 2102 1007 1838 2335 1850 2818 1387 191 1165 410 2015 2033 1479 902 1992 483 76 1952 843
2677 1272 2421 865 2210 2671 1221 2571 640 13 285 1232 281 851 2520 629 1949 40 1603 820 1754 1541 1768 1570 750 2387 650 2828 1960 2494 690 1537 1038 5 334 1922 2620 475 2359 1080 672 1882 582 6 2666 1916 1462 2346 244 1374 796 1515 2149 420 546 669 2132 844 1744 807 2460 2841 2363 39 2362 1819 1113 2602 117 1184 2000 933 614 42 1180 1884 372 1668 1687 327 835 980 370 2691 1397 2303 1329 425 423 2656 2726 2288 2047 2115 298 1864 323 2761 2457 2795
505 2500 1563 2181 523 238 175 2283 28 2552 587 2819 1896 1827 849 734 2119 313 458 152 2674 1741 2479 1339 705 2716 847 2191 2534 2250 2099 1532 2689 2527 2557 2370 81 972 330 1335 2365 1708 354 2228 1376 2814 696 2681 671 532 92 1704 68 1956 2028 2742 2322 2193 2177 633 503 711 772 1111 1680 1117 2144 120 2052 1010 968 2592 553 261 2059 602 2764 1475 1555 1955 1789 1314 2236 1635 1011 484 806 390 534 1543 2429 1787 927 1917 1746 1655 2470 2265 1003 1050
2479 1532 2099 1704 330 849 354 505 2819 1376 2500 238 28 2552 1563 2557 1896 2181 587 2119 523 2177 458 313 152 1335 1827 2283 972 2191 2716 175 734 2674 847 2228 1339 81 2527 705 1741 2250 2689 2365 2370 2681 1708 2742 92 2534 671 696 711 503 532 2814 772 68 633 2028 1680 1956 1917 120 2193 2592 2052 2322 261 1111 653 1010 1873 602 721 968 1972 771 2062 1655 1647 2597 1011 1117 1831 1472 533 1789 799 1143 2402 806 1787 200 927 1662 1568 1555 296 1817
1726 2152 2502 2141 1371 84 2678 941 1605 2386 2448 2263 2572 5 244 844 2567 1525 785 1515 1139 1953 2841 2457 2623 1458 2115 2751 2503 1171 22 1280 2056 1198 1214 1696 398 621 1596 2182 1616 1064 106 171 45 971 1199 1768 1866 117 509 2048 2109 2203 2688 183 2522 214 2348 2720 2401 2562 1364 43 644 236 387 1251 2608 2498 2760 2612 959 2761 40 1659 300 2725 1560 1960 2128 1113 2197 732 2705 2116 1602 762 2425 2188 327 851 2442 2278 1184 609 636 1083 1797 2831
418 1481 52 2059 534 780 1465 806 2429 2244 999 726 1662 484 786 225 53 1022 346 467 2821 2690 363 2467 1475 295 1378 2465 2505 2301 1730 108 2407 455 2070 2669 478 2687 430 2025 1008 192 655 207 753 758 1929 331 1787 936 61 2765 2236 2806 402 1438 1275 471 2398 389 2634 1692 628 2470 2285 840 1789 2715 1655 464 1831 927 1220 268 504 2053 290 31 1124 1506 326 390 1967 782 1706 452 1018 1039 1262 1715 1635 89 1918 580 314 1097 1024 159 2611 1273
285 6 1221 807 582 546 759 2643 1603 1570 372 820 1541 1260 1702 468 181 298 620 2677 750 334 1882 1884 980 2726 732 1610 973 448 2162 650 1084 2268 1916 1858 1083 2346 1723 475 1797 454 1891 2387 1285 2118 20 1537 1015 2313 2666 2303 275 922 2222 2171 167 1768 411 1284 2810 1744 2841 1697 1188 1456 459 38 1153 37 2791 2816 2030 2043 669 2194 122 281 476 1844 1184 1280 1761 1995 1082 117 1308 829 1227 2261 40 1232 1205 2627 2761 1763 2167 1865 1189 629
2792 567 118 998 1791 1583 2065 1531 1854 808 748 1354 952 919 1470 887 2778 1063 1769 2711 382 778 517 9 1970 1667 1579 2252 1179 2328 1977 2682 1585 2491 930 1651 819 639 227 2042 1578 2575 1657 916 982 841 2647 1920 945 928 2729 1770 763 2723 1851 114 2097 2379 2225 975 2310 2793 923 2304 569 7 121 1528 193 2361 2090 1367 536 988 515 2165 151 1239 871 1368 816 492 2459 875 1132 1271 513 2019 2462 1588 2416 25 1507 1789 1404 1688 2550 873 776 1655
239 2794 2164 1127 2091 1274 1781 653 654 1961 525 408 2311 1282 296 356 49 209 245 2396 1273 1647 1787 383 721 1972 113 2402 252 838 1780 2173 61 2061 2025 1356 139 290 1921 1143 2531 200 449 207 1011 799 1822 1240 2669 1248 2062 1875 2070 2316 2280 679 625 1097 1293 1118 192 618 159 1472 131 2693 1756 225 1555 326 33 1317 1395 643 1612 1018 1598 1435 2698 1941 782 2017 1918 2236 2232 822 2611 580 1262 2137 495 268 1141 2279 1715 1299 1168 1124 1967 216
1951 485 1175 1306 727 589 658 614 1137 2000 1361 853 2072 1451 714 898 1207 2409 1558 1166 1087 1928 1798 1559 93 1590 895 1106 1394 293 676 2323 2540 2787 962 646 1230 572 1115 2546 1257 1389 1786 251 2113 1427 1971 1683 1213 2066 2178 2644 581 1334 2054 1801 529 395 215 2114 304 1300 737 2277 545 2242 364 1900 436 803 783 374 1346 101 2504 2022 2759 2040 789 2149 2542 1353 2656 2784 2381 483 1333 240 1597 1561 1883 341 1357 1869 617 2579 1905 766 426 145
202 1075 249 1012 1406 1810 627 67 2509 1001 2350 2583 2121 1944 899 1212 137 725 2728 1055 2294 116 2558 165 2135 1606 2207 1130 1223 1874 2708 2382 2813 494 2825 2224 2741 2057 2143 2766 1937 682 2438 2719 2292 24 97 800 1076 2435 1056 1448 1126 692 2622 2286 804 2248 1390 424 1825 1296 146 948 1592 2736 2569 2033 2842 2615 902 2809 1867 1088 135 80 491 1464 1185 876 1142 1383 2744 2021 2580 742 1473 1722 997 1935 2319 1463 2291 917 2149 2566 2041 1899 29 2757
1416 1096 1948 2272 1316 2556 2815 747 1860 1496 2545 1796 2352 1051 2721 64 2755 2023 439 1993 1362 1897 1926 1584 1569 305 2241 1684 1965 562 2298 100 2034 1411 497 659 712 547 2300 715 2817 2270 2158 1636 2584 1623 2713 2727 1381 1548 414 2185 2631 1617 1360 817 372 1586 48 1782 1422 1218 1328 2650 188 2082 947 1645 348 202 1800 155 2790 2707 1656 1947 1153 1919 1557 2454 556 1075 1658 1390 2247 987 1520 1386 770 742 51 741 859 2767 892 46 902 2189 221 2628
141 401 453 1023 1628 2055 2163 612 760 2098 1047 2747 2679 1903 177 2122 1163 1085 816 2829 1872 981 461 823 73 1145 1510 595 2655 208 399 2469 99 731 2587 437 1717 2126 2074 1784 1599 380 1160 1233 694 174 156 477 164 72 1241 2636 2009 1688 2577 1976 2775 2274 1415 1404 172 1808 2722 460 1155 1100 1089 2218 2452 222 1504 1436 666 569 1305 1339 632 2362 121 536 2090 988 975 1461 1974 1741 1088 2774 1182 2512 193 1839 1065 703 2642 1175 2537 707 599 1956
1065 571 1256 429 1553 176 555 142 2743 1492 554 2029 2786 2227 332 340 868 979 802 2668 1033 1890 1888 1699 1430 1393 2423 427 289 1562 2078 878 1418 1686 417 597 886 743 2108 681 21 1793 2217 1053 2415 432 2384 62 1886 1398 901 2568 199 361 2451 893 302 2380 78 292 988 193 866 121 536 2090 1588 569 1132 1236 2267 1431 680 36 733 2117 500 2333 1268 1499 770 2074 1599 1628 760 156 981 159 326 2406 1143 460 73 1510 164 2054 1097 157 580 1648
1539 969 352 879 1242 557 2460 1925 2363 1619 273 1863 2104 667 1982 2524 2468 2473 2385 2139 2226 2833 2371 2175 262 2576 888 741 2776 641 147 1549 2269 2092 160 299 2797 2844 1530 1078 2094 577 1366 1059 1816 1373 428 2412 1480 226 2727 1735 2403 1803 1660 472 1814 2517 2431 2455 1520 1815 1295 1509 307 2595 2771 2607 2484 2710 891 1122 342 1 267 264 1355 1291 2709 1807 127 1811 385 1238 867 2740 414 551 2444 991 685 1167 2731 837 1514 1338 2189 669 1421 2633
1489 860 1417 1701 1710 1870 26 1788 2769 348 925 2454 2714 480 1369 2538 663 2649 179 712 550 2050 2130 518 1045 1422 2241 735 445 1617 197 2289 2840 463 2011 769 2375 1552 433 2650 1895 1029 1934 556 659 1328 1656 2544 1658 1782 168 440 1208 1993 188 1644 2397 161 1640 2707 51 2836 1092 1405 1381 987 2832 943 312 2482 305 635 1437 817 2501 2044 1983 559 900 2817 1486 547 2528 1663 260 2652 1253 606 1386 2628 1840 1623 2735 64 2082 947 2076 2358 2790 169
1118 1972 2402 721 2061 1647 1921 1143 1822 1097 1293 2062 326 159 1297 1756 580 1317 1755 1395 1303 430 805 31 2715 2236 1050 799 1124 1568 655 1037 331 1140 2053 1967 1635 1692 1715 1475 390 1187 1472 1648 2406 504 478 1831 643 2465 2505 314 1011 1018 1655 782 999 2611 2693 1026 1789 2531 2407 1378 927 125 2070 1356 2301 1273 1048 753 1008 2398 1730 455 1781 726 1612 1262 1918 2632 654 806 108 467 2687 936 1929 2698 2794 27 788 1281 1875 138 1961 1335 2765 1141
1453 2433 1490 2713 2376 1901 1860 2309 2034 2545 201 1796 100 1569 64 2721 48 715 439 562 2556 2213 305 2272 2815 1636 563 1948 659 1096 2826 1416 204 1316 260 1640 1584 155 1496 2650 168 1965 1148 1878 1123 2135 2289 2352 137 899 2842 2088 1212 51 2553 747 1051 231 2241 1381 900 645 1658 2258 1218 1782 1586 784 674 2239 1606 1840 497 1486 194 2741 2708 1993 2326 978 486 2247 992 1552 2046 1067 559 1437 2511 2419 493 704 712 1547 1944 2439 1544 536 2836 1841
645 1029 2011 2767 1649 1054 2735 197 2836 445 2840 463 947 1663 1328 1444 1679 2707 2628 1623 1840 1658 2837 1782 1381 1544 2439 51 440 2241 169 1218 1261 735 2375 1640 1045 1617 2289 1552 155 433 1253 1993 319 2650 1422 2046 134 550 659 2076 1051 769 2352 2050 965 1307 194 712 305 1860 1208 2088 2815 613 674 201 2631 2713 1636 2287 1948 563 1486 906 1895 2515 2477 2556 1965 2069 2826 1416 1752 2001 259 2272 1316 260 1496 2130 950 826 1586 1202 2419 978 2367 2652
2294 1055 1944 725 2766 2728 2207 2558 447 1825 165 1056 2825 1940 1130 1986 1452 2506 2580 2719 2292 2319 1067 137 1212 2741 12 692 899 2135 79 2305 2736 1126 116 1606 2598 1463 722 67 2842 2436 790 1134 1841 442 494 2068 204 1962 2511 140 804 2041 1547 246 2665 1868 1935 2286 1223 686 146 329 2583 97 2291 2057 627 1899 1076 574 1876 1777 1185 362 1897 1874 1012 1810 1075 1406 1362 2509 1001 2350 2121 249 2435 1869 2708 1905 2683 202 2382 2258 647 2639 1639 1901
161 769 433 1895 2289 1788 2482 2650 1417 1710 1489 231 860 1701 2375 197 2011 2840 445 168 463 26 2769 1552 1870 2454 2553 348 1029 925 645 712 1369 2714 480 1054 179 2050 1623 169 173 2707 1444 2735 1649 550 2767 1328 1782 1663 2836 1656 1045 1617 1416 2130 319 134 2241 1775 2837 674 1938 659 735 109 1679 663 1948 2628 1117 2538 2649 547 1307 2352 947 1051 1833 2515 2088 1381 2076 1208 1422 2774 2817 51 2652 1544 1983 1640 817 2556 1486 670 1437 2790 1658 1148
519 392 301 1419 937 1527 257 2763 94 2331 186 1894 535 1516 2377 1546 773 1992 2843 1779 2341 1455 336 2102 1385 253 2219 248 1731 1138 1007 2145 406 811 1424 434 1498 338 1707 709 1871 1133 568 1442 605 1526 1068 1325 610 648 1309 1511 2516 538 1969 730 1040 365 1634 1466 821 1079 1131 112 717 1495 1454 544 410 1645 2299 1311 1850 1670 852 2830 1966 870 320 908 2549 1800 800 435 1783 2095 742 1718 966 843 1243 749 1005 855 1020 1379 2746 1387 2560 1142
44 16 2317 1447 1469 376 1483 2249 2437 1178 761 1990 1836 2700 1672 1057 1183 1224 1713 47 1714 2523 2422 1838 1116 1535 683 34 1914 2180 2129 2785 2202 1620 465 830 1449 832 603 1346 88 1450 2190 1732 2275 2745 1073 291 1678 983 441 483 1593 1523 2695 1476 576 1147 83 596 2547 1482 845 95 2441 2096 834 269 1176 2281 2383 1304 60 2239 1300 1996 2296 1103 1633 824 1749 2080 2446 1245 1856 792 1277 2827 2194 339 2161 751 2268 1548 1743 599 967 540 1120 1693
2282 1518 2049 1290 1058 921 2064 2140 2796 1301 530 1017 631 451 2596 607 1604 446 1567 1981 1237 1613 662 1909 2392 2093 394 1742 1879 1119 984 1906 337 2660 908 1554 2357 966 2696 1384 942 2085 1978 813 487 1331 2257 1705 1370 1681 1105 243 1614 1396 1673 2543 2458 660 1002 2782 355 2600 360 2259 124 710 1739 412 54 1621 1132 542 2822 193 1893 918 988 2087 2648 2372 2089 121 1618 2262 1491 2781 700 536 271 2243 2253 1853 2100 1588 166 716 1000 708 1099 2212
2716 2370 849 2689 2119 2365 705 2552 81 2534 2819 2527 2479 2557 587 175 458 2181 2283 152 1827 523 2500 847 1741 2674 1896 505 313 238 734 28 972 1339 1563 1532 2191 92 2228 1376 1335 2681 2177 2099 1708 696 2814 1704 354 2250 968 330 1010 1956 2193 2052 2470 671 120 532 580 602 1117 1662 68 2592 2237 418 1955 1111 1917 1011 31 1314 1293 2429 1481 326 2799 2265 2764 1097 2634 452 159 1003 225 2715 552 1746 2144 553 2594 1156 2742 877 467 806 711 1873
2691 1911 1267 2355 796 2593 629 2362 2420 850 144 2512 2677 1504 1170 1387 256 2318 320 1682 2167 2132 1973 1077 2734 1479 222 281 2147 1762 1200 1436 1697 2218 1152 2443 318 2165 2453 1036 459 490 2432 1380 836 265 632 1305 1595 2156 874 1006 1709 1519 1098 1676 1247 935 1718 2268 2718 1347 99 946 2096 2490 852 443 422 543 1321 2452 2204 2394 392 2201 1790 2645 630 1090 1958 1308 258 2750 1946 2071 1537 973 150 2706 448 2460 2623 1280 1082 2535 1525 212 1763 755
2414 1177 107 2641 2176 2550 1507 397 2604 55 728 1104 1194 1669 2019 575 2754 2326 736 1970 924 187 1467 2573 32 1471 1919 382 2360 2073 2169 2159 2239 920 834 2508 541 2086 379 153 2711 1720 1950 1821 400 1423 1854 2154 2661 2234 778 2033 902 2426 1690 1028 1975 896 1400 1326 917 827 993 1066 1922 250 469 684 2281 39 384 1144 1748 1061 1691 590 1591 1089 2288 2036 87 1014 1225 517 2351 1954 423 20 929 83 327 2027 1835 15 473 1943 2080 1791 1222 2228
1495 966 2458 1331 1384 1614 908 1705 942 2085 2600 355 487 337 1742 2543 1105 1681 1370 243 1396 1554 813 1673 2257 2696 2660 984 1676 2262 852 1002 921 1017 1978 320 1119 2782 2259 360 2064 54 710 1739 1621 660 1893 542 1290 2170 2282 1946 2490 451 1301 50 186 1642 2664 1853 99 2392 392 1000 2336 2420 631 301 2369 1604 3 1518 1682 2596 2357 1479 7 530 2394 975 2147 568 144 1695 253 2331 2318 254 1750 2793 1031 1567 1387 256 2140 2299 2416 1510 855 1142
1213 2066 1389 2113 545 2178 2546 304 1394 1353 1115 1300 2022 1883 727 658 1785 589 2277 2784 1175 483 485 1798 1306 1228 1951 783 572 240 1361 1333 1230 1451 853 1106 1683 328 789 2644 2504 962 614 2238 1971 1137 766 101 2579 2072 1801 2759 395 2000 1087 737 436 1898 1558 529 374 714 2323 63 364 581 898 1900 1559 1093 1207 2381 2040 2149 251 2409 2114 215 1166 2242 2656 1786 1257 803 16 1693 2540 39 989 1019 1427 1161 341 761 824 1928 407 1447 1357 1334
2510 431 70 1125 1753 2772 2777 2561 1839 2077 2478 1842 18 1035 2757 1557 1390 1252 1834 2 2663 1759 951 2622 2015 2818 601 315 2161 277 767 2315 1165 2323 1075 191 2302 2149 1845 1443 103 1955 2702 1413 1394 251 1801 737 990 1938 297 1427 121 1976 202 688 1235 1951 369 1747 2471 536 578 684 1323 2624 39 502 2601 2644 250 2504 1391 1230 1683 2546 364 1833 1418 1186 1975 2242 2276 2686 569 646 1460 988 1980 436 193 2016 1767 1182 240 1231 1895 1798 931 1065
2578 377 828 13 1272 640 2520 2210 2671 2828 672 1668 1374 2602 933 1754 1337 865 323 2047 1949 370 56 1249 1041 2083 1910 2428 2032 2421 1038 2629 1189 2570 1429 2539 2798 1329 2795 2335 2839 729 2031 1764 2038 2120 698 955 964 1399 932 2221 1070 358 1049 1521 839 2423 743 979 220 2451 2227 1240 43 340 1033 2786 2513 332 1562 1890 554 176 1393 2387 429 1929 1952 504 21 2384 2108 2668 802 2743 868 568 78 142 289 1275 2687 1541 878 941 1449 326 2783 571
767 1938 1443 1833 889 2686 1747 277 2702 2496 2315 1980 369 2685 2478 1753 2015 1125 1252 2772 1460 2818 2777 2077 1989 431 1834 951 2757 211 70 1759 18 1557 1842 1390 2 2510 2532 2302 1165 315 2622 2663 601 1845 2561 126 191 1839 2624 760 1035 1413 1418 1976 578 1793 1391 297 103 164 1340 39 193 2161 121 569 1114 1323 1767 990 2671 1872 988 688 2276 1431 1235 437 156 461 2288 36 848 536 2016 931 2108 269 513 2163 2577 2314 2074 1233 997 1186 853 2090
1938 1443 1833 1747 889 2686 767 277 2496 2702 369 431 211 2532 2510 1460 1989 2315 2 18 1842 70 2663 1125 1753 2478 2777 2772 2077 2818 1035 951 601 2757 2015 1839 1834 1252 1557 1980 1759 2561 1390 2622 2685 1418 1976 2671 461 2149 1114 684 1548 315 1872 1399 1845 121 1952 250 769 2808 931 433 1767 853 39 578 164 1788 269 1165 1975 760 536 193 1413 1821 531 2288 1720 2556 1417 1340 2767 2352 2302 2289 156 2128 988 1394 569 2038 1519 990 1266 522 1922 2388
1721 2809 1876 1473 12 2708 682 2438 1874 974 2622 2057 368 494 444 2435 1390 1944 1555 2143 1892 146 1185 121 657 173 997 2089 1725 1899 1759 1904 2507 1075 1433 426 536 2757 1597 24 2526 2728 696 622 2021 988 202 2580 2028 1627 193 634 1253 2552 2719 491 2024 1592 1956 2756 1906 1012 2220 1613 1165 2500 662 574 1777 1771 2704 523 1406 1151 1236 2657 569 2561 904 1018 1055 627 2683 2735 255 1231 1223 532 2753 671 1810 2291 249 1651 1931 414 1265 653 2509 2558
1083 732 181 620 1702 1797 2048 759 2761 2643 419 894 2153 2554 1632 1283 1108 270 1768 96 609 2502 2168 2841 468 1927 807 2278 582 2725 42 6 1605 2060 189 1889 2425 1032 2188 106 2152 2498 844 1364 2141 1171 636 22 650 744 957 2562 1953 2807 2567 285 785 941 2666 40 2572 1139 1916 661 2720 1214 644 2448 2346 2816 2442 475 2171 2401 2612 1365 2043 2810 1371 510 2404 851 1251 621 1318 1525 387 1515 1232 2263 411 2374 2751 1865 2179 2476 2678 2203 214 43
505 2500 1563 238 2181 28 523 175 587 2819 2552 2283 1896 849 2479 1827 2099 313 734 2119 458 1532 152 2674 330 705 1339 2191 847 1741 2250 2716 1376 2689 2534 2527 354 1335 972 2370 2557 2228 2365 1708 1704 81 2177 2681 68 2742 696 532 2814 671 772 92 2193 503 1956 2028 711 1117 553 633 968 2764 2144 2592 2322 653 1746 1680 1111 1917 2052 602 2265 1543 120 1314 2597 2306 2774 806 1273 1182 1555 1789 1011 1655 890 927 1955 2799 1461 2812 131 1010 129 1974
2044 2501 2528 1934 2411 1644 1656 1102 2790 85 312 1624 2817 2832 817 987 1926 188 556 943 1407 635 2300 1405 659 221 1319 611 1386 547 2082 2270 2213 2012 1552 1983 2397 2011 2574 1208 2779 606 1092 413 224 463 197 1817 136 915 1029 1737 854 128 2375 1582 2631 1902 1146 1422 2599 155 2626 4 2391 1190 178 2358 283 1417 1414 622 2646 2840 445 433 319 1782 1700 1305 2762 1993 1501 1484 1617 1948 860 2400 2419 992 2800 2001 2222 630 1711 2564 1489 1835 559 1627
1477 1113 1960 2494 851 40 1616 909 1922 2503 2620 2115 1757 327 244 2421 23 84 1591 1232 629 1426 844 882 1696 1198 690 2677 117 1371 796 509 2128 1144 1687 2457 281 986 2572 1949 123 850 1458 2203 5 1866 1061 2751 1519 781 1400 1139 2386 1954 1326 1255 2141 1423 2124 2101 2152 1515 425 594 466 2149 896 2056 2768 2116 2036 745 1184 2691 379 2656 2497 1605 2014 498 1537 531 1397 1504 375 1979 2348 574 1654 2355 2502 2464 2112 1199 351 1080 2154 2150 2074 907
2767 1649 1054 645 1444 1679 947 1663 1623 1328 2707 2837 2836 169 2439 1544 1782 1658 1381 51 2011 2628 1029 2241 1840 1261 1218 1617 440 1045 735 2735 1640 2840 197 1993 445 2046 155 712 463 1422 2352 2050 550 194 1051 2650 1552 2130 305 2289 134 2088 1253 1860 1208 659 992 674 1307 900 1486 2815 260 179 319 563 2631 1948 1416 489 2272 1369 1586 1437 201 64 1489 2826 2076 965 2713 1417 2556 497 2515 2769 2375 2454 2649 860 433 562 2133 906 1636 769 259 480
1882 956 1221 6 285 582 2474 2749 909 776 2823 448 820 2194 1541 154 546 1697 196 2740 1285 973 1603 1084 630 1687 203 2573 2261 669 1570 353 2688 298 2167 971 2643 1911 796 2677 327 275 1227 924 2359 1768 2303 98 1153 476 1260 2476 750 1462 2118 37 2623 1083 1400 2691 1471 1702 922 2494 1205 759 1536 1537 1763 1802 2695 1880 334 2268 2222 980 1180 1884 459 807 2210 762 661 1761 1380 1188 910 1629 1082 1524 687 845 2383 1308 1200 629 2572 1659 1284 1371
2502 2152 2141 1371 1605 84 1726 1953 1139 2348 1866 2841 2263 941 214 1602 5 2572 2567 2386 2678 244 844 785 2457 2448 1525 1199 509 2115 1515 1616 1696 2623 2751 1198 1171 1280 1214 2128 22 2109 106 2203 117 2056 2725 45 1084 2182 1364 236 1458 1205 957 1064 1184 744 327 1659 2705 621 1113 183 1570 1979 2608 2425 1927 2760 1738 300 2303 2464 609 1232 171 1488 2503 851 420 2831 148 2060 2612 2522 1397 1365 1251 96 189 2197 2030 398 1032 2179 1960 1632 1560 2476
601 1834 951 2818 2015 2 1252 2663 18 1842 2077 2478 2777 1125 1753 2772 70 2561 2510 2757 431 1390 1035 1557 2315 2161 1759 2622 315 1839 1747 1075 1443 1938 1165 1833 2686 889 1114 2667 1418 2302 202 2702 522 1460 1767 767 2323 931 211 1989 2409 1012 369 1801 1845 2240 1406 2653 2149 277 578 2532 249 2624 1357 191 1798 2329 1928 2509 250 1166 1905 126 1809 702 1830 684 2121 1427 2000 529 2637 960 10 962 2805 1259 886 1001 1810 67 531 725 121 848 1055 1821
1656 2044 1934 2528 2790 85 2501 1644 1102 2817 1407 2411 188 312 1926 817 1624 2832 556 987 2300 943 635 221 1405 1319 611 1386 2270 547 2082 659 2045 2023 2755 1584 2012 747 1552 1796 2397 2213 463 770 2545 1983 1422 197 2564 1092 2454 1316 2574 2544 2034 860 2358 2272 2011 1489 2714 2375 1417 4 1208 606 1948 1414 2769 977 550 1788 1305 1895 319 1617 1029 1046 64 1658 1428 1993 1381 1146 712 900 445 1782 1737 26 559 2344 2631 1710 2800 2815 1837 2670 414 433
2226 352 1539 2335 2795 2839 1764 969 1329 2570 1242 273 220 2083 400 2104 1910 358 1337 1399 964 2808 2524 1249 2221 1266 2120 1070 1952 2038 2640 1449 2031 2460 147 2363 1059 2473 1374 2709 2602 2444 1668 2468 557 1 2428 879 414 2671 342 1811 372 1366 1619 476 1815 2158 2828 1355 961 669 2595 1069 1540 2340 685 828 2100 2781 672 1167 1925 1660 741 1025 1338 1803 1520 1227 46 1480 2431 795 2758 551 1618 1215 307 2738 933 1622 160 1863 698 2517 377 913 2801 1862
2305 79 2068 722 2665 1067 350 246 2511 1547 1134 1463 2842 1935 2041 2135 97 899 1212 137 1606 2741 116 204 12 2766 2825 1076 686 2294 1944 1452 1055 1126 2286 2598 140 2580 804 1868 447 329 2736 1464 2292 2436 2813 442 725 2558 2728 1056 165 2248 1130 2382 1937 692 1841 2207 2319 2708 2719 1825 362 1962 64 1940 1777 1639 1223 1185 1899 494 2506 790 2435 677 2258 2438 1381 83 1782 484 491 948 993 682 1901 2393 2545 988 569 2285 2569 2239 193 657 483 1640
2265 1955 2105 1314 1003 872 1156 552 2594 877 1117 2789 2764 1010 1461 670 1974 1873 1441 1302 1650 2774 2770 2610 2199 2812 120 1885 1135 2144 2597 507 2306 1543 533 771 1099 412 553 68 890 968 1917 33 200 618 649 699 2316 316 1961 2017 963 1109 449 2799 1991 1941 162 1021 2681 2343 2191 1500 1823 1182 235 2177 261 1164 2822 561 495 92 290 2212 1327 367 220 972 1532 1852 2698 1875 1376 532 1843 131 2052 1746 2527 296 1339 1127 2028 1011 2091 1956 643 2773
254 3 1642 2490 2170 2405 1958 2336 1574 765 825 1985 1246 929 2434 14 779 652 2536 2157 66 282 873 1136 2426 1745 522 2165 1762 1538 1152 2209 2247 7 1036 1846 2489 422 2019 2487 2699 2734 2493 1347 1595 490 2802 2667 318 1245 908 2793 874 993 2324 102 2260 2658 2416 2621 1869 1247 632 2563 2147 733 1431 604 1169 83 1633 2769 87 663 590 33 58 1271 1346 2453 1804 1905 1758 193 2296 614 378 549 1719 243 151 513 2660 2129 256 1403 2204 960 1178 2605
352 2092 2833 2139 299 2797 2269 2844 2371 264 2455 2576 428 1982 1122 2412 1549 2484 1539 741 1814 667 1009 1815 837 2776 2063 1735 1925 1619 262 1159 1622 1863 891 2403 879 2473 403 969 888 1242 2385 2189 2731 557 2460 641 267 2811 273 600 1291 2486 1238 1589 2100 2104 17 1 846 1338 1520 2094 573 1572 234 160 1571 1078 642 1509 226 349 2524 1530 913 2175 472 2223 2255 1373 317 2727 90 1698 687 2771 2338 1349 2635 1059 195 342 2399 2431 1607 1295 2363 867
2265 1955 1314 2105 872 2789 1117 1003 877 2594 1156 552 1010 2199 2764 1441 507 1650 1885 2610 1135 1543 1461 2597 2306 2770 1873 2774 670 890 1974 2812 2144 1302 1099 968 120 553 412 68 316 699 963 533 1109 235 1991 2822 2316 1164 1500 200 1823 2799 649 1917 1182 367 33 449 771 162 92 2343 618 1961 1941 2017 2191 261 1852 2681 2177 2212 1327 1746 1774 220 561 495 131 2715 858 1875 1332 2565 290 2237 1843 1021 2527 1062 1813 1011 2285 602 324 643 2773 972
1712 1760 149 1298 954 182 1434 1685 1019 63 1004 1333 2112 75 2737 1343 940 198 2497 949 2022 2016 1103 1999 783 60 1304 310 2149 2827 1631 1749 2441 2542 1197 596 2111 1856 291 95 1334 2656 1743 2408 2547 1693 1483 2615 2566 213 617 376 576 707 1597 2242 695 2838 520 1269 1733 2354 1265 1945 232 2143 2744 1593 1535 24 1448 1847 634 832 1529 2072 824 1558 1867 1087 426 1513 898 19 1223 1665 1722 2390 540 184 1561 132 1365 2413 658 499 1727 1795 2125 746
2437 1178 1836 1672 2700 1990 2129 44 1535 1714 1483 1713 1116 16 1224 376 832 1447 1346 2317 683 1057 1469 1838 1914 39 1593 47 2281 465 2422 751 2288 2180 2249 2523 291 34 2785 1357 761 1449 676 1183 2656 2202 1693 564 1482 1538 926 1180 1818 1561 739 2149 2190 777 983 230 2000 88 1073 2016 2547 76 1732 1176 60 2495 2275 1103 1091 2080 907 1996 1620 830 540 441 1529 792 198 596 1450 1601 2745 1334 603 2441 2497 2695 2827 2542 1343 2518 2383 1743 940 1646
352 264 2455 2092 2484 1815 2833 299 2844 837 1009 2139 2797 2371 2269 2412 1122 2576 2063 428 1982 741 1549 1159 1622 1539 1814 667 2776 1735 403 1619 1925 262 2403 969 891 1863 2189 600 879 2473 1338 2100 2486 1242 2460 2811 2385 888 234 557 1 273 1572 267 2731 317 17 846 1520 1291 1571 2255 913 573 642 1238 1589 2223 349 2104 2338 90 2727 1698 342 641 2635 472 2524 2399 551 160 1078 195 1660 1059 2158 2363 1349 2094 1409 2717 2633 1540 2431 1530 1509 1618
1792 1930 1861 133 756 1947 493 57 1375 704 77 1724 548 1758 1664 2174 1575 210 2672 2327 1580 2456 2125 570 1234 421 746 2590 793 2374 2004 2418 2229 228 2461 280 2039 2356 1887 1551 2659 2123 1350 1457 656 2332 1358 1034 1859 263 857 801 797 1276 1196 1776 885 1043 1877 1229 2662 1665 2186 294 2330 2184 2739 1191 720 1542 2321 1392 287 706 689 2206 2694 366 1279 1765 798 583 859 170 976 2838 82 242 1345 1086 2581 1432 2703 588 2198 2189 1675 158 1193 1348
2023 2755 2045 1584 747 258 770 1980 1796 1320 1073 414 2622 1407 2239 2545 1231 1390 1557 1728 2190 1732 983 519 1996 1562 2685 2296 1142 648 2518 830 2275 240 1450 2757 315 1088 2319 1091 2668 442 967 1252 2785 777 1065 2281 1759 590 535 754 2756 248 483 2647 2763 97 2015 1707 1516 792 2073 1920 1962 1126 733 2288 1431 114 76 2249 21 639 2745 917 1147 1719 695 2736 997 603 1455 2495 2315 1834 1620 773 937 176 1176 866 1928 536 1769 44 2702 1804 2507 2341
1325 1442 1526 2516 1511 1969 406 730 1992 2145 1779 2102 1385 773 1670 2763 338 191 1165 2302 1007 1466 519 1707 568 1455 1894 2377 535 336 1498 1850 821 1527 1138 800 1068 1731 112 742 253 1040 811 1871 2299 1110 1645 1379 1079 410 392 257 1966 605 544 2788 593 1311 1634 248 2290 1800 365 2746 749 315 2364 2730 2341 1142 855 678 1424 2243 1020 870 1783 717 2549 2843 1309 2087 610 1005 301 673 2151 2519 1936 1174 774 1968 2219 2830 1094 1243 2196 1131 1516 648
2281 39 2288 1357 926 1818 564 2495 1180 230 751 76 1996 1091 777 1538 1693 2656 2699 1593 2489 1846 2247 2493 1482 739 2224 2080 2324 2149 441 2114 2242 1523 465 2695 2383 2542 1714 1786 1836 1713 1116 2016 683 845 1914 373 1561 596 2422 2202 1856 2239 187 2547 617 88 2437 198 2441 2296 792 1535 2129 2497 824 1197 541 584 47 310 379 95 993 1743 2785 83 2754 983 1176 1672 2641 576 2827 1016 2033 2190 55 940 902 397 832 1943 469 1838 917 1950 32 2111
2381 364 374 2759 101 436 1900 215 2040 251 803 2579 2238 766 2504 328 989 737 341 1427 395 789 581 2644 572 2540 545 529 1230 1683 2546 1898 1115 1106 407 1257 2114 962 240 2323 1801 1394 1883 1798 2277 1389 2242 1361 1451 1559 2000 1786 2784 1951 483 1971 2178 2113 2066 1093 1306 1213 727 304 1353 1175 485 1300 589 646 293 658 2787 1137 714 1357 614 898 1207 2409 2054 1166 2656 2149 39 2072 1818 1091 1693 1558 754 1334 2495 1231 853 564 2288 926 1928 1180
650 1916 475 2346 2666 1891 2810 1723 2043 2171 1603 750 820 334 2816 1541 2841 2387 285 807 1462 1221 6 372 546 582 922 1570 2494 1882 411 1188 953 37 2677 1471 924 1232 84 2643 1308 2571 980 1763 1922 1106 375 420 1537 1487 614 2768 468 2502 2359 1605 531 1687 1884 1082 2114 1697 2620 594 1559 1397 1908 281 423 939 1006 2220 1591 5 2526 39 629 835 581 759 1433 1326 1144 2557 688 1137 1113 2161 1905 865 2000 1931 2119 1357 374 2573 1184 148 2726 725
2394 1778 2331 416 105 908 355 1946 1105 1396 1331 243 1419 301 1614 1370 1554 813 392 984 1495 2696 2660 1673 2257 1621 966 337 1742 2458 1676 94 1002 519 852 1384 1200 320 937 2452 942 630 883 144 2262 1006 2420 1978 490 2417 2718 1705 2843 256 2453 1119 2196 2763 2600 1142 2446 2318 2243 599 2519 2357 2697 666 773 11 2085 253 1546 1309 2204 2087 1247 855 1681 2543 1387 248 58 2560 2573 774 1424 843 678 2005 605 1634 1454 2537 1936 1527 874 1850 2341 648
783 1683 1801 853 2277 529 1898 581 1093 407 1230 2323 2644 1558 2072 395 2409 589 2114 658 1451 727 1361 1928 1087 1166 898 1137 1175 614 714 1207 1798 1334 485 2242 1394 1306 2540 1951 2149 1561 545 737 1590 572 676 962 2000 895 617 2542 341 2113 1106 374 2040 93 1300 2656 949 1213 1900 2381 2546 1427 1389 1333 240 2022 2759 2066 436 251 364 101 2784 2737 766 789 483 2504 1343 1559 304 1971 2178 215 39 1257 293 328 1786 1728 695 954 803 2579 1115 2054
2542 291 617 1561 540 2016 1631 1334 1019 499 576 2242 1197 751 783 2149 2656 832 63 1685 954 465 182 1535 149 1760 1712 1434 2112 1333 1298 1593 2022 1004 1749 1836 898 1693 596 1103 1343 310 1558 95 2827 1483 2737 714 1087 853 1743 940 2547 2409 376 2441 75 1999 2072 1346 614 676 1166 198 895 1590 1689 93 2114 739 824 2497 792 1161 1672 1513 1847 1928 2111 1804 634 1207 949 1856 39 1597 967 1137 2129 1795 1176 2281 2058 2430 1304 1447 2224 1773 683 1300
1752 1146 1965 2556 1316 1496 950 1636 2272 2815 1948 1416 1096 2367 2352 194 2069 1051 4 2713 1218 1799 1860 2628 1586 1840 1202 817 1926 2433 201 1261 2241 1624 1658 2836 674 659 59 1782 987 1381 2790 1552 2309 2545 1656 155 2817 2289 1102 2767 1545 547 613 497 188 563 2832 312 1453 1319 556 611 2082 433 769 2270 747 635 2046 1644 2300 319 2840 1386 1901 2411 2389 2826 2477 221 1649 2011 1934 2213 1490 992 168 1663 197 64 1878 900 2553 305 2034 2419 1407 1544
909 1487 1471 924 953 2573 956 1400 2749 2740 1882 1687 2823 1113 2710 1474 205 2508 325 1524 1757 335 1629 154 745 2169 2494 42 1006 796 2620 2444 1477 2535 8 2706 2230 2260 2197 1671 690 2448 882 2449 1596 327 127 2591 466 2595 2222 490 2216 84 2725 422 971 2456 2468 986 1194 630 1880 37 20 229 1621 2278 443 1318 1090 1255 387 2374 123 2168 2442 448 1802 1866 498 762 2498 1922 2688 2348 391 1077 1278 167 2572 43 2339 1758 1288 2150 2331 2366 1811 2691
2294 1055 1944 725 2728 2207 2766 1825 2558 1056 1940 165 1986 2305 447 1067 1130 2825 79 12 2068 722 2665 1547 2511 1452 2842 204 246 1134 2741 350 2506 137 2135 1212 1606 116 1841 1463 899 2580 1935 2292 2041 2319 2436 2598 2719 1876 97 692 2258 362 804 2736 329 1126 140 1076 1962 790 1868 686 442 2286 2382 2813 1464 1406 1223 1012 2248 627 249 1937 494 1075 1490 67 1901 1874 1639 202 948 2393 574 1473 1869 1601 2291 1453 2057 974 1777 2036 2499 531 1905 146
285 1221 6 2677 1570 1603 546 1541 820 807 759 582 2643 372 750 468 334 650 1232 1882 475 298 1884 973 281 2666 980 1260 2268 922 2346 1537 629 1916 459 2571 2726 2387 1697 1285 1723 448 1891 851 1768 2167 1702 1284 37 2841 2043 1188 181 620 2303 40 1610 1015 2118 1456 167 2162 690 1744 1184 2810 2171 2706 732 20 2222 669 411 1911 275 1763 1308 2132 1462 2194 1084 2179 122 1082 454 2030 661 117 829 2761 2620 2362 1205 2359 2816 2691 1687 1080 423 396
2185 2298 1129 1411 2584 2529 143 1440 1684 386 2517 1694 718 1630 1360 697 795 2616 1445 787 372 2271 958 2363 1294 1514 30 810 1446 638 665 1112 2481 557 2619 2524 2460 2246 2468 71 1215 1925 1619 1278 879 1258 1939 1270 2139 2801 2727 741 1982 1863 2385 667 2844 1549 299 796 2631 969 888 1520 2833 46 2269 1267 2371 264 1295 837 203 2092 267 2484 1807 2158 262 991 1009 1947 1291 1744 2455 1122 2403 1238 1373 1814 428 2189 1350 669 1 1811 2444 891 2576 600
2305 350 79 2068 722 2665 1067 246 2511 1547 1134 1463 1935 12 2041 2842 97 1606 2598 2257 116 1868 2741 1998 140 2708 2135 2438 1464 2625 1076 329 491 686 1452 682 899 204 137 217 1892 1052 790 734 1126 2569 2534 1396 2037 28 1554 705 1937 2696 2436 974 2813 804 813 711 1777 2736 2292 442 2689 599 508 2286 313 1944 1185 1212 169 1962 2308 2674 2283 1663 677 1303 1782 1305 692 1370 2248 2294 2382 2506 2119 1741 122 1927 657 2370 444 2500 2631 2580 1827 1841
777 1996 1091 230 926 564 1818 2281 2422 39 1914 1357 2495 76 2288 1180 2785 2202 34 2523 2745 1476 465 2190 88 47 1178 1224 983 751 2180 683 1838 1116 1714 1713 1593 1990 1693 1176 2700 132 2129 824 1856 2437 576 1743 1093 2547 1672 695 499 2656 1786 832 2114 462 1028 1087 1228 581 1971 1804 1517 407 1690 2224 1353 1898 2733 2684 540 95 2242 2360 739 2159 1836 310 2752 2192 967 761 2827 1535 1727 2441 1257 596 2555 1346 1382 2317 1801 1734 676 2233 2106 1538
1453 2433 2713 1490 2376 1860 1901 2309 2034 2545 201 1796 100 1569 64 48 715 2721 439 562 2556 305 2213 2272 2815 1948 1636 563 1096 1640 1416 2826 659 2650 155 260 1316 168 1496 204 1878 2289 1965 2088 1584 1148 1123 51 1051 2352 645 900 2241 784 231 1381 1586 674 2553 1218 2135 1486 1658 137 2419 559 2842 1840 1552 194 486 1307 1993 992 445 497 712 1782 1437 2007 978 747 2046 1212 2258 899 2239 1606 2714 2076 2708 319 1046 2836 1544 2700 2439 2337 2247 2652
2843 937 1527 257 1946 535 2377 1068 749 811 2299 1379 112 1731 1138 1498 519 593 2394 1894 2788 1040 1311 1455 673 1966 1516 336 2364 1131 2290 1670 1079 392 94 1424 2730 253 1871 1243 2341 1442 544 605 1526 2746 1005 1850 434 410 2151 2549 1779 730 1325 773 1466 821 800 2516 2830 568 2102 610 365 406 2697 678 2417 248 338 1992 2763 1634 1110 855 1309 1385 2196 1142 774 2243 2560 1020 1794 301 2005 435 1783 1546 2519 1968 2251 717 1174 2492 2145 2087 1511 1936
650 2666 2171 2810 2043 1891 2816 2346 1916 1723 475 807 285 2841 411 1188 6 1260 2643 1221 759 922 1284 546 1227 468 1603 1761 2261 1153 2194 820 1456 1702 122 620 1882 582 1541 372 476 37 1858 181 2313 1697 1763 669 661 750 334 829 1570 1844 1797 732 1865 1308 1610 980 956 1082 2387 2823 1884 2268 2167 298 1084 2118 2726 506 1083 115 1524 448 2425 2634 2476 1090 2677 1629 1015 42 459 2749 2162 1768 1286 148 375 510 20 1918 388 687 840 2688 1283 203
2138 511 2783 2431 385 1421 961 352 1539 814 403 1816 2266 1366 1660 867 1480 1078 160 1815 2607 2094 2633 226 1618 1530 1607 2339 2460 2781 879 537 1619 2709 166 2473 573 969 1341 1925 557 1159 2738 1009 1828 1060 1540 685 600 577 2255 2758 1698 1349 1520 1242 2340 2835 414 1338 2614 2253 1059 1571 1863 2372 669 317 1069 2412 837 17 2226 2158 307 127 2338 2223 2363 1 667 2468 472 2635 267 2100 147 1101 741 223 2104 2455 1964 2399 2484 1615 405 2811 1291 1982
2609 288 1800 742 1516 1645 2613 1894 1138 1871 1731 2843 1707 538 257 1454 664 1007 843 2763 773 2110 1546 883 811 11 2102 535 519 410 1385 648 937 1634 406 1779 446 2095 2516 1174 1527 1992 1142 2145 1110 301 1309 2087 248 1526 2697 717 870 2239 1419 253 1133 1466 2196 94 2224 605 983 678 1040 1670 392 1424 336 1060 730 610 1573 2190 1498 2377 2006 1936 1913 1455 792 1850 2830 462 2005 1511 800 365 434 2219 2495 2733 435 338 112 2073 2785 821 2033 2680
1944 2294 1055 2728 725 1056 2207 2558 2766 165 1825 1940 447 1130 1986 204 2825 2135 137 494 2741 1212 899 1874 1606 146 1223 116 2580 2057 2435 2842 2291 1899 647 2683 2639 2506 1452 574 1841 2708 2813 2569 2736 1126 2292 1937 1592 2382 491 2438 2041 692 1185 1463 657 682 1935 1547 804 2248 2286 1876 2258 1076 2511 2319 948 1777 362 2393 1464 329 2719 686 140 442 1868 790 1639 677 1962 1134 97 1067 2436 246 2305 2220 2598 260 2068 722 79 1901 482 1453 2419 1486
2185 1129 2298 1411 2584 2529 1440 143 386 1684 1694 2517 718 1630 1360 795 2616 1445 697 787 1294 2271 30 810 372 1446 958 1514 638 665 2363 1112 2619 2481 71 2524 2246 1215 1939 1270 557 2460 2801 1258 1278 2468 741 1619 1925 2631 2727 879 2139 1267 2158 796 2385 2844 1549 203 969 1947 1863 1982 1520 2100 46 2189 1295 547 1814 414 155 1807 299 2269 747 267 837 2104 5 264 1926 2833 273 2595 1238 1095 1291 2484 1811 1744 1122 2556 51 448 667 2272 1 2371
70 1753 1125 2772 2777 2077 2478 2561 1842 2510 18 431 2757 1035 1390 1252 1839 1557 2 1834 2663 601 951 2015 2818 1759 2161 2622 315 1165 2302 1075 191 767 2323 2315 277 522 2149 2702 202 990 1845 2624 1443 1235 2471 502 297 1418 1114 103 2601 1938 1798 578 1747 485 1413 2016 1951 1833 1306 1801 2656 1175 121 2000 702 684 2686 1767 931 1340 2276 2242 2644 688 251 1830 426 1427 126 2409 369 250 737 1323 889 164 1230 1065 962 364 1334 1406 2054 589 2653 1908
1944 2294 1055 2766 725 2728 2207 2558 1825 447 1056 165 2825 1940 1986 1130 1452 2580 137 1067 1212 2506 2719 2741 2135 2319 12 899 2292 2842 204 692 116 79 1134 1606 2736 67 1463 494 2511 722 2305 1126 1547 2436 246 2598 2068 140 1841 804 146 2665 1223 2583 1868 2041 1935 686 97 627 2286 2291 790 1899 2057 1962 442 329 1810 574 1076 2509 1876 1012 1777 1001 1185 2350 1874 1075 1406 2121 249 362 1897 2435 202 1362 2248 2813 647 1869 2708 1965 2382 1905 2683 1639
141 1023 2055 401 453 1628 2163 612 2098 1047 760 2747 2122 177 1903 1872 2679 1085 816 2829 1163 981 823 461 73 1510 399 437 2074 1599 595 380 99 731 208 1233 2655 2469 1145 1717 2587 2126 1160 1784 1976 1688 477 694 2274 156 1404 1808 164 1100 2577 1241 174 1089 2452 1155 2775 2636 2722 172 2218 1415 460 72 2009 121 2090 988 536 1436 569 193 707 1268 222 1132 2143 1588 1504 975 24 1305 1906 426 2024 571 634 1182 935 2793 213 1321 2201 2022 1879 1597
1813 1062 129 324 2142 1932 501 1923 788 456 840 822 1281 2137 241 125 1912 1503 452 2285 1039 1789 2232 389 2765 2634 1655 89 927 1831 464 1026 1024 1706 1568 268 2565 758 628 1220 467 495 113 1875 455 131 1011 1378 2687 2059 2531 2398 1843 484 1262 53 1730 1022 2062 1929 1275 2715 2632 2301 1048 2407 1018 2236 799 1008 2465 2505 2611 138 806 782 1273 753 290 1662 1297 643 108 2693 478 314 1472 1475 1612 2429 2244 534 1500 1505 2806 1918 1097 1941 418 780
202 1075 249 1012 1406 1810 627 67 2509 2350 1001 2121 2583 899 725 1212 1944 2728 137 1055 2135 165 2558 1606 2294 2207 116 1130 2813 2741 1874 494 2382 2143 1223 2708 1937 800 24 1986 2248 1689 2224 2057 1601 1825 2622 2842 2438 682 2435 1390 2744 404 1722 1557 2825 2292 424 2766 948 2757 1867 2569 2033 1516 2809 1940 541 1448 876 1733 917 1076 379 97 1126 1464 804 902 2615 1592 742 1597 1759 2719 1529 1463 491 2390 426 2736 1142 1850 2319 1899 775 2295 843 1252
1933 2156 2071 1321 2645 1098 2750 2432 2201 836 1709 2096 1790 1638 897 935 2342 1052 2450 755 1736 1806 1305 1436 222 2512 1504 2218 2362 850 2355 1621 1044 2420 1865 2627 396 2446 595 612 2452 2261 141 1510 2098 1023 2823 2313 1858 2587 1047 1260 1987 1145 816 208 2256 1804 1085 281 1719 115 99 2163 2060 1153 2122 981 177 1906 1717 1903 1761 189 461 453 661 2829 666 147 2537 629 1808 967 1628 599 481 2194 823 2335 156 42 815 96 401 2642 2691 1015 1404 2055
472 1607 1341 2758 1069 166 2738 2835 1828 2614 1059 537 1964 405 1421 1078 1355 1530 2138 160 2709 2094 961 2266 1811 1803 1215 1167 1618 127 226 385 2431 2340 1509 511 2783 1101 403 1862 2781 1540 2013 2710 2444 1338 2820 1025 1863 1159 667 2771 1324 342 2100 223 600 2385 814 1373 2513 551 2255 2253 1619 1925 2460 2466 1060 1622 317 2635 867 1698 2801 2595 1660 573 414 1571 991 2338 1589 147 1409 888 2740 2223 2486 1615 879 1295 2607 195 2063 2339 2473 846 2811 641
546 582 1221 2643 620 759 285 181 732 1702 807 6 1260 468 1797 1768 2194 1083 2261 669 1536 476 661 2761 1227 1761 1570 1603 2823 636 2387 2807 1318 1858 1541 2476 42 1882 1153 829 820 2313 2278 2048 2425 298 2168 396 2677 1880 750 1884 980 334 372 115 1560 1865 1844 1283 2571 2688 2118 1285 973 1610 2303 229 1108 1188 481 1084 2627 1199 2705 270 1183 1184 281 922 2720 1057 1286 2359 1284 1987 1380 2831 2791 411 387 1425 2268 1449 1147 2179 2503 1015 685 183
617 2542 291 2016 751 1795 2656 1773 1513 1847 1561 1334 1161 2149 832 2242 1693 1197 1535 783 540 310 1785 1228 1019 499 2129 465 1346 1593 1836 1672 2827 954 63 1743 1434 182 1685 2441 2112 2022 1298 1004 132 576 1760 2700 1333 1103 1631 695 95 149 1712 596 983 1116 39 2190 940 2114 1343 1176 1856 1713 683 2281 1999 2547 76 1714 1087 898 2437 739 1914 75 2202 1357 2737 1558 2224 676 1224 926 1166 2111 1749 1091 1838 2288 714 777 824 949 2785 792 895 93
2727 1025 342 1520 1 2399 551 234 1572 913 1059 307 687 1349 352 2731 2215 2158 1589 2844 267 1814 1291 1238 2403 1539 1735 969 891 2473 1122 2797 2412 2371 226 46 2385 2092 2635 472 1524 1571 1925 90 2139 1982 1242 154 888 2223 667 2255 1615 741 1095 1619 1698 1815 1409 2253 273 2524 573 1618 2431 349 17 2063 2740 837 1338 2548 1373 1540 2834 1622 428 195 557 2226 879 2484 2771 2269 2338 2104 317 414 262 1009 1660 2339 1366 1863 2776 1994 991 2460 1816 2444
849 2552 2819 175 523 2283 2500 2181 587 1896 152 505 2479 458 313 1563 238 2119 2716 734 28 1827 2674 1741 847 1532 1339 705 2689 2534 2191 2370 2099 2527 2365 972 81 2557 1376 354 1708 330 2250 2228 1335 2814 92 696 2177 2681 1704 2742 671 1956 532 68 1010 2028 968 261 120 2052 1917 2764 2799 1117 1111 2193 207 2144 1746 2592 290 1314 61 2698 1543 1555 711 772 192 2597 225 653 2025 2396 503 553 1003 1955 1787 356 296 2470 1650 2322 890 806 1273 1109
1944 2294 1056 1055 2728 2207 725 2766 2558 1825 165 204 2825 447 137 899 2135 2842 1212 1606 1940 2741 116 1986 1130 2580 1463 1547 2511 1935 2041 1134 246 1841 1452 1067 1899 2435 146 97 494 2813 2708 2248 2057 2068 722 2382 2438 2736 2286 1874 79 1937 686 804 682 1223 362 2569 2291 1464 1592 647 1185 1076 948 2665 329 2292 2258 574 657 1126 491 1639 2683 2393 2639 1868 140 2506 692 2305 1777 1876 677 2719 1486 1333 2022 2436 2526 2838 271 2036 2319 2827 1019 2220
2840 1663 445 1623 1328 2707 1679 947 1444 1993 2241 1617 51 1782 2836 1422 712 1640 1054 1381 2767 155 1045 169 305 1658 1544 2515 2011 562 2837 1218 2439 1489 1649 2454 2050 1417 1369 1261 550 860 900 260 2714 735 197 439 1569 2130 1710 64 2826 2628 463 100 1552 26 2631 2650 2721 645 1948 2034 715 563 1796 2769 925 1486 1416 1870 480 1878 1437 1788 2713 2289 348 179 659 1405 1840 48 556 1701 1860 1208 1051 2545 2397 2832 188 2649 2088 559 943 635 2352 1123
2210 2421 865 640 13 2520 1272 1754 1038 2671 1949 2828 2795 1374 2578 2570 828 1329 2602 2513 2335 672 2839 377 1668 1041 1764 2669 285 2571 2083 196 2261 323 933 1910 2387 476 1042 669 1275 2677 580 729 820 1337 1477 370 402 1761 159 910 1819 2025 1227 192 1741 2054 2687 2808 650 1768 2557 326 2666 61 1864 1143 504 1022 2070 629 1065 2467 2047 372 353 646 988 193 281 1232 1481 40 1153 121 2366 2690 389 138 776 661 571 1976 2194 1704 1097 1312 536 1273
1851 2252 2379 2778 930 1579 1657 952 1769 9 1354 2729 841 928 639 2097 1920 919 2647 1211 1583 1531 945 515 1578 1528 1179 1651 114 2328 748 1770 2491 1367 1977 1470 1239 887 1368 2459 1154 2488 1063 492 763 1791 2349 311 2682 579 1566 916 566 1210 512 118 875 2026 982 923 2792 2723 25 567 2416 998 2310 2225 2304 1209 2065 1585 808 227 975 1667 2618 513 2575 819 2042 2793 528 2559 2658 151 7 2165 1854 2462 1351 1271 615 1344 35 2334 190 2711 914 522
2556 2713 1860 2272 1453 1316 1496 1490 2815 201 1901 1948 1636 2309 1965 2433 2376 1416 194 1051 2352 1096 2545 2034 1218 1586 747 1796 2628 1261 439 64 950 1840 2721 48 1569 2213 562 2289 305 155 2650 563 2241 497 100 1658 1381 1640 715 2046 659 1148 1752 2826 2088 1782 992 51 2767 645 231 1544 1422 1123 1649 1584 2011 1878 769 2707 433 2836 168 260 2439 663 1548 2001 1993 674 319 784 1328 947 1663 2367 1444 1552 1617 161 1897 1623 2023 900 1054 2553 2631 556
133 2374 1861 493 548 1947 1758 57 2184 2174 1580 756 2456 1234 210 2418 2672 1792 280 1724 2125 2461 1930 793 2004 1034 570 1765 1859 1196 1664 1276 2327 1575 976 421 1392 797 583 588 294 1279 366 704 422 1358 2662 77 1375 2186 746 1887 228 2039 2659 2590 2356 1665 1551 2123 263 2330 1081 2493 1457 656 859 801 1776 2332 689 1350 2206 170 2229 1609 2189 2247 1877 1542 857 2581 2838 2541 1193 2198 720 885 1072 2621 960 1195 1180 1043 2694 798 242 2739 1229 1675
1146 1752 1545 4 59 1624 1799 2270 2082 626 2389 2367 1926 1202 1407 1644 2411 556 2300 312 817 2817 2832 987 2790 1102 2528 85 547 2501 1656 1737 635 1934 188 221 1319 2069 1386 1405 943 611 950 2044 283 2477 266 613 826 290 2105 1003 2631 1414 2515 533 2781 2692 1378 2715 2714 305 2767 1316 795 1328 562 1837 659 33 2527 782 418 1929 2840 2312 1101 1730 1568 2289 412 271 31 203 326 169 2340 433 455 1018 561 1108 2343 1262 2764 1481 2616 2100 2634 138
2023 2755 2045 1584 747 1073 2239 414 1796 1980 2622 770 258 1390 1407 2545 2495 2319 1450 1562 1557 1962 830 2275 1732 1996 2518 2506 2288 648 1065 442 1231 2668 1516 1126 1091 1088 2041 2190 519 603 2685 1693 535 1892 1320 1142 692 410 983 1728 240 248 2281 1894 1707 1130 1656 777 590 94 2296 1147 444 21 39 2292 1252 1620 2653 2341 992 2763 1455 315 2249 2736 1771 2817 811 1431 44 2161 536 2073 926 434 2220 997 2757 1678 754 870 538 773 564 186 2547 843
2810 2171 650 2043 2666 2816 1891 2346 1916 475 1723 2841 807 411 6 285 1188 2643 922 759 1603 1702 181 1221 468 37 1570 820 582 1260 546 1953 122 1153 1541 620 732 2502 1605 1139 1284 1763 334 375 1761 148 1326 420 1456 1397 510 2768 372 1227 750 1308 1882 980 1083 1697 1865 1082 2152 1232 1515 1858 1502 214 2313 2261 1797 2179 1884 1150 1214 1061 1610 1488 1979 844 22 2521 1738 1696 2779 1171 1184 1768 609 2751 473 388 1080 2567 2203 1711 2634 1654 2795 2014
340 2668 176 2227 2786 1562 332 979 2743 1033 1393 2384 2029 1256 2108 554 1890 571 1065 417 21 2423 868 1686 289 555 1418 1888 597 2451 199 886 429 681 62 78 292 878 743 1398 302 361 802 432 893 142 427 1492 1553 2267 1053 2078 2217 2380 2415 1431 1430 760 866 2568 901 733 36 1886 981 2038 500 1236 2117 1399 1599 1699 1628 2333 2578 680 536 1793 2387 1521 964 707 828 1038 945 377 698 437 1233 2163 73 823 2074 1510 193 1435 1337 569 2428 2295
2810 2171 2043 650 2666 2816 1891 1916 2346 475 1723 2841 807 411 6 285 1188 759 922 2643 468 1603 1260 37 1221 820 1570 1702 181 1153 1541 122 1763 582 334 980 1697 750 1308 620 1284 420 510 1953 148 732 1397 1227 1882 2768 1139 1082 956 1537 1858 1761 1884 546 1605 443 375 1488 2502 1326 372 1738 2179 1232 953 2521 1456 659 1502 1487 1471 2203 1610 2620 1979 938 1090 1865 2118 1006 1184 924 690 1173 1080 1061 586 2779 2387 2494 2348 327 1083 214 2313 1922
2783 511 1421 2431 385 1816 1660 352 1539 1366 1480 226 2633 160 1078 814 1815 2607 403 1619 1530 1925 2709 2138 2266 879 2339 2460 961 2094 1009 1863 867 1572 557 1159 1291 892 223 969 2363 913 1238 234 837 2473 667 2455 46 267 264 537 2484 1982 1607 2104 1615 1520 2226 600 2158 891 1698 741 2466 2834 2468 1338 2524 2092 1 166 2340 1349 2738 2372 2844 1341 127 1242 195 2758 2063 1069 1939 2223 2139 2635 2727 2013 573 1540 2403 273 1618 2820 2797 2781 1811 577
572 1230 962 2644 1798 395 2323 1683 2040 364 2759 989 737 251 101 374 2504 436 215 581 803 1900 2579 2238 766 2381 1394 529 1427 328 341 545 1106 789 1801 2277 2540 2114 2000 1451 1361 2546 1951 589 485 1175 1306 1115 1898 727 658 2242 1559 407 240 1257 1334 1389 1883 293 1093 1786 2787 614 483 2784 2149 646 2113 2656 1971 2066 1300 1137 1213 1357 2178 1207 2072 2054 304 783 39 1353 1558 2409 1693 853 714 898 2288 1928 1166 1087 2022 2016 1390 2561 2161 1333
1524 1629 203 154 2749 2740 2444 472 1059 2710 342 551 1811 1509 1803 2727 127 1520 1355 2548 2709 2266 1 307 1539 1025 1295 741 226 352 1375 2431 2595 2399 1807 1373 2385 2473 1167 2403 1215 2776 1607 2175 2771 888 687 1619 1925 641 147 2189 1421 667 2844 385 1862 685 2576 160 1078 1863 2731 2226 267 2468 2371 262 166 2781 2460 2797 2581 2255 428 1571 891 991 557 2158 2340 2758 1675 798 867 2127 1618 1930 795 2834 1814 1540 2094 1551 2206 857 1589 2339 1861 1193
883 416 257 937 2843 1516 1894 2609 1527 1946 664 1871 535 1138 2394 1800 1731 2110 1645 2613 2331 2377 11 288 105 742 1546 811 749 94 1454 605 1040 434 2196 253 2763 1778 1455 186 1850 2341 773 800 1110 392 2697 610 821 593 2417 1309 1498 1068 678 2095 1707 2548 538 1007 519 585 2005 1375 673 301 58 696 1966 843 1142 2788 536 1909 855 410 1613 1131 988 193 1002 2219 1956 604 2299 248 2087 1708 1794 1393 1132 1670 1634 2462 2251 1268 1387 336 2033 154
1795 1773 1513 1847 1161 1228 1785 617 291 832 2542 1535 2129 1561 540 1672 1346 2016 1836 2242 1197 2656 2149 1334 499 465 751 2700 1593 1693 1743 310 2827 2022 132 2437 695 1019 983 95 1176 2190 1713 63 2441 1116 683 1353 783 596 576 1213 2202 1685 1333 1856 2113 954 2066 1434 2547 1631 1883 1103 91 1714 1224 1838 739 898 1087 2784 1999 182 1990 1914 2112 1298 1166 1971 304 149 1760 1004 2111 1476 792 2235 2785 824 2422 1749 88 2745 714 483 1483 407 1712 2409
1605 2502 2152 2567 1953 2841 1139 214 2348 1602 1866 22 1171 2751 1214 2109 1696 5 1616 924 1371 84 244 2141 1288 2115 2216 844 509 1703 1471 1515 2457 1199 2353 2128 106 2263 941 1363 953 1889 96 1632 2404 1927 957 609 2572 1487 419 2678 744 2573 189 2060 894 2153 2725 2623 1738 1488 1726 2554 1032 1766 2386 2448 2464 785 2203 2768 335 1198 1397 333 510 1502 1280 117 2179 2230 1525 420 1184 1661 1891 2150 148 2620 1232 2079 621 851 2816 300 1364 327 1922 1591
1944 2294 1055 2728 725 2207 2558 1056 2766 165 1825 1940 1986 447 1130 2825 204 2741 494 137 2057 2291 146 2580 1223 2435 1874 2135 899 1212 1606 116 1899 574 647 2506 2683 2639 2842 1452 1841 2708 2736 2292 692 2569 1126 2438 1185 682 1592 2719 491 2813 657 2319 1937 790 1463 2041 1935 1777 2382 140 1868 804 2286 362 1962 2393 1876 2258 2248 948 442 97 1547 329 1134 2511 1076 1464 677 686 1639 1067 2220 246 531 2436 2704 2526 482 1901 2598 1490 1931 1453 2305 1433
1009 837 2484 264 2455 2063 1159 1815 2092 2833 299 2139 2412 2269 2844 2371 403 428 1122 1622 1982 2797 2576 1549 2776 667 1735 1814 741 600 2486 1338 2100 1925 2189 1619 262 2811 1863 2403 891 846 573 317 2255 2731 17 642 349 352 2385 888 1571 1589 641 267 90 879 2338 1291 1238 1078 2223 1887 160 1862 2460 1509 2094 1698 1530 687 1 1409 226 2473 1350 2356 656 1607 2123 557 706 263 1520 857 1660 1095 2253 1994 814 1930 2659 1229 2431 885 195 1341 1373 1551
1305 1052 1790 2096 222 2071 935 836 2512 1436 1933 2218 2750 1504 2645 2156 1098 1321 2201 2432 850 1709 2362 2342 1806 1736 2450 897 755 1638 2355 2420 1621 2691 2446 2452 612 599 2642 1023 141 1145 666 1047 2537 2829 1044 2098 981 2747 1741 177 2055 595 1808 453 629 1163 459 1763 2163 2122 1090 2679 1903 1085 2774 2331 586 1688 99 816 2799 2274 443 73 461 1188 858 1182 2775 2449 1461 869 1625 1447 1510 2587 460 208 1469 1404 1355 156 1976 2144 2571 701 1910 1167
1630 1360 1694 2616 1278 2246 1112 1684 1411 2584 1446 2619 665 1294 1270 1258 2481 1445 638 810 1514 2185 30 1129 787 1939 71 2271 958 697 718 2298 2529 1440 386 143 203 2517 795 2801 1215 2189 741 1520 307 2727 577 127 1571 1629 1618 1524 1540 391 2444 195 1 2738 2399 685 1409 2158 642 2253 2100 2255 147 1509 1095 124 2781 1698 46 2223 1349 2372 17 1572 2524 600 892 1837 2662 961 2635 2595 2486 234 2339 846 2208 342 551 1811 1059 969 1201 1622 1327 1101
1525 2572 2623 1280 1371 2263 2678 1084 1726 2374 84 2386 2448 1198 2502 2141 941 1083 1205 2152 1659 2030 327 2303 2791 117 106 474 2203 1605 150 275 1380 785 732 448 1113 2348 2115 422 1184 2567 1758 2841 1170 844 1973 1802 1880 2186 1596 1251 946 2688 1750 973 298 181 582 1425 2562 1364 543 45 1866 762 214 2498 96 1032 265 133 244 2831 2761 1911 1219 2132 366 2222 1139 724 387 1199 2125 1641 907 1702 2705 1693 2514 2004 1979 43 2554 644 1279 905 459 2167
557 2460 1863 879 1925 667 1735 1619 1982 2363 2139 2385 1549 641 687 2833 2776 1814 888 991 428 262 2371 2797 2844 299 2412 1589 2092 2731 2576 1807 1373 1295 1122 2771 2269 741 1081 1497 160 1078 2403 2175 2473 2094 1530 1509 226 2517 891 127 264 2484 1660 2431 267 2189 1291 1480 1803 837 1238 2524 2607 867 1009 2633 385 1242 1815 1539 2468 2801 2455 1421 1366 2063 1816 352 1278 2710 1338 814 583 349 472 1622 1607 1811 2529 1215 2185 1341 2709 2184 273 2266 1947 1862
957 2464 2725 2404 1766 1889 509 609 1880 2168 844 2457 1802 1515 2448 744 5 106 1632 2128 1927 2153 2751 894 1602 2572 22 1199 1866 96 419 1171 1032 1139 2678 2348 214 244 2522 2567 2554 2060 1214 661 1364 2056 2182 42 1726 498 1596 1280 2612 1616 466 1696 2115 2562 2351 669 388 1064 189 171 2124 2109 2760 2278 621 2720 45 1326 1251 2468 1953 1525 236 2014 2608 2476 183 1797 1061 1371 1661 636 762 2502 1659 2401 2374 2508 306 746 2169 592 1605 2263 1792 387
853 783 2277 658 2072 1801 1558 727 1137 589 1394 898 614 714 1087 1213 2113 1175 545 529 1389 2066 1207 1306 485 2409 2546 1166 2644 1300 304 2178 2022 1951 1928 1230 2323 1798 1451 395 1683 2784 1353 962 1361 895 93 1590 572 1883 1106 1333 1115 1898 1971 483 1228 1631 16 240 2540 251 2000 1785 1559 676 1786 2149 2114 1334 1257 1597 2381 1447 110 1839 374 1976 44 426 1593 581 1093 1161 646 2579 2759 2775 2054 2016 803 293 1427 1483 789 792 2400 737 2242 101
2609 288 1516 1800 2613 1645 742 1894 2843 1871 1138 1731 664 1454 257 1707 538 883 1546 2110 843 186 1007 937 2763 11 2219 773 2697 434 2331 519 1936 2006 2196 811 1913 301 1174 593 535 1670 2224 774 2243 1094 2417 678 253 124 673 749 416 2087 392 2492 1142 709 2005 1618 961 446 414 2095 1128 2781 2251 1794 344 2340 2487 2033 1527 2519 648 406 2495 1850 902 1157 1385 1247 1498 410 1169 527 1997 792 276 917 2485 855 568 2239 604 1966 1110 800 58 1577
1146 1752 4 1545 1624 2411 1644 1799 817 59 1202 1407 2389 2817 626 2528 2790 1926 2367 2832 312 1934 2501 1656 1737 2082 987 1102 556 2069 2270 85 2300 2044 188 266 635 547 221 943 283 826 950 1386 2477 1405 1319 611 613 2515 1414 2011 2631 463 271 1983 2840 2767 2714 1328 1837 1422 1782 1092 550 2397 2781 1489 1190 197 659 290 1663 1316 947 1029 433 2375 2692 2574 1552 1208 169 1408 2312 445 2836 345 51 860 2707 1948 606 319 109 2795 1181 2343 2340 305
2282 1518 2049 1290 631 2796 1058 2140 2064 1301 921 530 1017 451 607 2596 446 1604 1567 1981 1237 1613 662 1909 2093 2392 394 1742 1879 1906 1554 984 2257 337 813 2696 908 1119 2357 1370 1384 1978 2660 1105 243 1681 942 487 1331 1396 966 355 1705 1673 2085 1614 660 2782 2543 2600 1002 360 2259 2243 710 2458 869 54 1739 2006 1621 2519 220 1893 542 1142 734 2331 2087 2781 1853 400 1000 2262 124 2028 1650 1240 1060 1913 2648 1633 1099 175 301 988 2201 2372 682 1956
1579 2252 9 639 841 1578 1769 945 2647 1920 1770 952 1179 1354 1583 2328 919 114 2491 1531 1470 748 1977 2682 887 1063 1651 2778 2097 998 1528 118 916 1667 1791 2723 567 1585 930 2792 819 1657 2575 928 1851 2729 227 2065 2042 982 2379 2310 763 808 2225 515 492 1367 1854 1368 2459 1154 566 311 2349 875 517 2488 1239 512 2026 1211 923 382 2711 579 1210 2304 1819 1970 2165 1864 2462 2775 1415 778 910 159 975 2618 1566 326 156 2803 2334 513 1031 2416 1643 1655
2784 483 240 1300 789 1883 1353 2178 16 1389 304 545 2066 2113 2546 1213 1447 1469 44 1115 2504 328 761 2579 1898 766 2238 2249 2381 376 2317 1093 407 2277 1483 1394 101 2540 2759 1427 1106 341 251 1900 2644 374 1361 436 1683 395 737 1801 1996 2040 824 1451 989 1559 572 1231 1693 364 983 754 2547 132 646 1230 2000 2190 581 529 1971 39 727 1476 1728 1593 1176 576 2114 777 834 88 1785 1091 1304 1178 1228 2437 2202 215 1161 2288 60 1743 757 658 1749 2281
645 1029 2011 2735 1649 2767 197 445 1054 2840 463 2836 1840 947 1444 1679 1663 2628 1782 1328 2289 440 2375 1658 2707 1381 2241 1552 2837 2439 134 1544 1623 2650 51 1253 169 1045 155 735 1218 319 433 1617 2046 1640 1993 659 1261 194 1422 2352 965 769 2088 1636 2076 550 674 2419 2556 2287 1051 2815 305 1307 201 1416 1948 712 1752 2130 1208 259 563 1965 2050 2631 1496 2272 2713 1860 547 992 2652 64 1316 1983 1586 1486 48 950 1624 2515 1319 497 168 231 260 1096
239 1127 2164 2091 2794 1274 653 1961 525 654 1781 356 408 296 1282 245 2396 2311 290 209 1240 1787 49 1011 113 252 2402 721 2173 1647 1972 1273 1780 383 61 838 1875 139 207 2025 2693 2669 618 200 2316 192 2280 1262 449 159 1356 495 2137 2698 131 822 2062 2715 1248 2531 1472 580 326 1018 1813 2061 268 1097 1655 1692 1503 1598 455 1293 1555 33 1789 225 1143 782 679 799 1505 1275 1921 1303 2232 1435 1706 927 412 625 1568 1141 1831 2017 1843 2236 1506 27
2502 2152 1371 1726 84 2141 941 1605 2678 2572 2263 2386 1525 2567 2841 1953 2623 1139 244 844 1280 2448 5 1515 785 1171 22 2457 2751 1198 1214 106 2348 214 2115 1696 2109 1659 1199 2203 117 1866 1616 971 1596 621 1768 2688 2182 1083 2048 732 2056 1602 1084 644 1364 2188 2498 171 2761 1184 509 2720 387 582 43 2562 609 45 2705 1458 744 1064 1205 2503 2128 1251 2725 2760 181 2425 40 183 300 327 620 2278 150 2303 2831 2608 2522 270 196 1797 2442 236 1221 2476
1416 1096 1948 2272 1316 2556 1051 2815 1496 2352 1860 1796 747 2545 1636 2721 64 1965 2034 2713 1586 194 305 1569 562 1584 2241 439 100 1218 2023 715 497 1993 201 48 2755 1381 155 1897 1658 1782 2433 1422 1362 1617 2309 659 2628 712 2650 51 1261 1490 1453 1640 2454 1623 1840 1926 2046 1548 1901 2707 1552 947 1544 2631 2769 563 348 1328 547 1045 2817 992 550 319 742 674 2270 2836 1679 784 663 2439 2300 2289 2213 2767 168 1656 987 414 221 188 260 635 1649 1710
1244 2136 393 1646 2754 575 1016 2080 584 1691 2383 2395 373 863 2019 1523 1482 441 845 2695 834 1120 1147 339 2518 1678 2550 1104 1507 1669 1450 830 2641 1277 1073 1732 2555 2604 107 2176 1177 55 397 2275 728 1194 1727 2058 2414 603 2586 775 2254 357 2360 2780 2159 1805 2752 457 1467 2297 736 1611 2233 1014 2447 1028 2326 469 1192 102 2192 187 379 2637 794 2368 2234 2033 902 2630 1626 1690 2345 1459 1748 2347 1919 917 2211 1372 1324 818 1517 279 1832 1734 2733 960
2542 2016 1019 617 1561 63 1685 182 954 1333 2656 2149 2022 149 751 1334 2242 1760 291 1712 1434 499 1298 465 2112 783 1693 540 1004 940 1197 1228 1343 1087 1785 2737 898 75 1558 1631 198 1166 832 2114 310 2409 714 576 2497 2072 614 1928 1161 1590 895 1207 93 1535 1257 1786 853 39 1357 1847 949 1513 1971 1137 1593 1773 676 1346 2129 1743 2546 1213 2113 581 2281 634 2066 1353 1103 1795 2827 824 2288 1389 596 1999 2700 739 792 1597 2547 737 95 1116 1106 1180
1527 937 257 2843 2377 535 1894 1455 1731 1138 519 605 811 1040 94 336 1516 1871 1498 1424 392 610 248 1779 1634 1992 1068 253 2102 406 2763 773 1385 365 1526 338 2145 1309 821 1007 410 749 1133 2341 648 1466 2830 1645 1110 1800 2516 1850 800 1131 717 730 1419 112 2788 1707 1325 434 1442 1379 435 1946 742 1966 1079 2613 1670 301 2299 1511 2560 870 2331 678 1020 1969 593 1311 186 673 2196 2609 2095 288 544 1573 855 568 1142 1243 2697 2151 1546 2549 2417 2680
2827 2111 2441 1856 95 596 310 1593 1743 2745 2190 2547 1999 983 2202 88 1476 1749 132 1176 2785 695 824 1093 1914 1103 576 777 1693 1804 967 1996 2149 407 1091 1197 739 1898 1719 2422 949 1343 1304 2737 184 2281 2413 2615 60 1631 2472 63 1019 198 792 291 558 2744 1945 1733 940 135 230 2756 499 1383 1535 39 1478 1728 832 2242 1448 1231 2021 2656 1672 1269 2235 1483 1296 1867 376 1116 213 520 19 2112 1722 540 683 1265 2296 2566 1727 1836 80 2354 1984 1713
1113 1960 1477 851 1371 40 2494 84 1232 2572 244 2115 1591 1616 2503 327 2141 5 592 2386 509 2101 2457 844 1922 2623 1866 2502 1605 2152 2620 2263 2128 117 1687 785 1280 1198 1139 2348 1696 1515 1458 941 2751 1084 214 1365 423 762 629 796 23 1061 1064 2116 2571 2448 1144 2567 1757 1199 1400 2677 1205 1426 171 621 2030 2056 1979 2726 896 183 815 1954 300 2203 1987 2303 45 236 2182 1171 22 1659 2162 690 1766 379 1525 2522 281 882 1602 2421 2841 957 479 106
761 2249 2317 16 1300 1447 1469 44 1389 376 483 545 727 1483 2546 658 1213 2113 1394 2066 1353 2178 2784 304 2277 240 1451 589 614 1115 1801 1883 1361 1106 2000 2072 1898 783 1175 789 1137 1093 485 2114 572 1683 1798 1306 1559 853 474 834 1087 2022 328 2644 1230 907 1482 1951 1971 2437 2452 1785 581 1178 1228 1207 752 2579 407 962 924 104 2504 540 529 2759 2080 824 39 1693 1631 766 395 724 1183 624 737 2161 2245 2785 2288 2238 2149 863 2495 2323 2381 1144
2784 483 1300 240 1883 789 1353 2066 304 2113 1213 2178 1389 2546 545 1115 2277 1785 2504 16 1898 1394 328 1228 1469 766 1447 2238 1093 2579 44 407 2022 1161 761 2759 101 1801 2540 2381 376 2249 1427 395 646 1483 251 1361 2644 1683 1971 436 1106 529 1513 737 2317 1451 341 727 572 374 2000 824 581 1996 1559 1900 364 1230 967 989 1804 658 754 2040 1693 1951 2054 39 1847 1728 757 2114 2437 1231 1593 962 1091 215 858 576 1719 614 834 293 1598 1178 2787 1672
142 1492 429 802 2078 1699 1553 1430 555 1886 868 1053 878 1888 1256 427 554 1890 2029 289 1793 2217 2415 901 2423 2568 2668 432 176 1562 866 340 2743 1033 743 2786 2227 1065 979 681 332 417 1393 886 21 597 2384 1431 1686 36 62 571 733 2108 1418 2451 988 680 2117 1398 500 199 193 1588 2267 1268 121 536 2380 1132 361 292 1499 2090 78 302 893 569 1236 2333 437 1233 2074 770 380 1399 981 1266 1599 2038 73 460 964 2406 1952 414 1648 2808 760 1929
2305 722 2068 79 2665 350 1067 246 2511 1547 1134 1463 1935 2041 2842 97 2135 137 1212 1606 899 116 2741 204 12 2736 1126 2825 2292 2766 1076 1130 442 1464 165 686 2598 2436 692 2813 804 1962 2286 1841 329 447 2558 2506 362 725 2294 2382 2319 2248 1937 2728 1868 1940 1056 1055 1639 2258 140 790 2719 2569 491 2239 2393 1825 948 1452 1944 677 2207 2438 2708 1185 83 682 1777 1223 1483 1986 2073 1836 1919 967 1592 541 2580 376 993 2296 1998 1950 920 444 1804 974
2299 2788 1243 2364 749 2151 593 1379 2730 2549 1131 2290 1311 1005 1068 673 2746 1966 544 1670 1794 937 434 1783 112 1946 1079 568 410 2843 535 2377 811 257 1498 365 1110 1527 1040 709 730 1466 2697 678 1325 821 2251 855 2516 1526 605 1850 800 435 2005 1020 1968 1455 2830 2219 1309 774 336 1142 610 338 2196 2492 1442 1424 2417 1133 1634 2560 2341 1573 1094 1581 1936 2243 253 406 1511 717 1779 248 2519 1174 1385 881 186 1969 1731 1138 392 870 1913 1165 2087 94
202 1075 249 1012 1406 1810 627 67 2509 1001 2583 2350 2121 1944 899 1055 2728 725 2294 116 2558 137 1212 165 2329 1259 2240 876 2143 2805 2207 2766 2825 902 2033 2135 1805 24 2637 10 2719 917 2057 2224 1809 1611 1606 1390 794 86 2622 960 2708 102 2447 2435 494 2741 279 32 1169 2804 693 1905 1557 447 2292 316 775 2757 1753 1959 1125 2525 379 590 2842 1874 1056 2077 1832 2149 541 70 2586 1130 742 1088 2021 2106 1448 2580 1759 426 2651 2368 1919 1410 321 1825
2265 2789 1955 1650 2105 120 872 1099 1314 2597 1010 1003 1156 2610 552 1135 1117 507 2594 1873 877 1885 2199 1441 2764 2822 2306 2191 968 890 1543 2343 261 2144 2716 1974 92 533 1302 2799 2212 1327 1917 1461 2681 553 412 2527 670 649 2770 699 2774 2814 771 2812 235 2017 1991 81 2552 963 849 1823 2177 316 1109 2365 972 561 68 1746 175 1164 2819 162 1774 1182 1852 367 2557 200 2283 2689 2698 458 2500 734 33 2119 2370 2181 220 696 2237 1339 618 2534 152 1741
2792 118 567 998 1791 1583 2065 1531 808 1854 1354 919 952 1769 748 1470 887 2778 1063 2711 2328 9 1179 2252 1579 382 517 2491 1667 1977 1970 930 819 982 778 1585 2682 1651 1578 639 1657 945 841 2042 928 2647 916 1920 763 2097 2575 1851 227 2729 2379 2723 1770 114 2225 975 2310 7 2793 1528 923 1367 2304 151 1368 875 1271 515 2349 2416 1211 1239 2658 2028 2361 513 311 2459 528 1210 193 25 512 492 1209 536 671 532 121 569 871 2488 2165 1154 2618 1566
1288 1703 1363 2216 2706 1671 8 325 2535 745 565 37 1474 1090 690 922 959 1763 1286 1308 459 1217 1844 1537 1082 2449 2268 1188 309 443 333 586 372 468 1284 1697 1456 506 1006 122 669 411 2167 398 20 856 1153 1227 167 476 2831 2197 1907 2222 1858 829 38 1260 650 285 1995 685 2705 2194 2425 1610 2162 454 2727 1884 1015 2476 2468 661 1080 2726 1865 924 2079 619 414 1761 2255 2760 795 1904 1278 2387 1570 1520 448 1084 2313 997 307 1059 1338 236 2608 1891
1663 1328 1623 1444 947 2707 1679 1054 2767 1649 2836 169 2837 1782 1544 2439 1381 1658 2241 51 1045 1617 2628 1840 735 1993 1422 1218 440 1261 712 1640 155 2840 550 2050 2130 645 445 2046 1369 2011 305 2454 2649 179 26 925 2650 1870 348 518 2631 480 2352 1051 2714 463 197 2769 2515 194 1029 1417 860 64 1489 1552 562 1796 1416 1569 900 659 2545 2826 2289 2817 1656 1644 2528 260 48 1208 2721 674 1710 2088 2790 1437 1948 2272 663 1486 1307 1934 2735 1860 563 556
2034 2545 1796 2433 1453 2713 2376 1490 64 1569 100 48 715 2721 439 2309 1901 1860 562 201 305 1584 1640 2213 155 2023 1096 2272 1416 1948 2045 51 2556 2650 2815 659 747 1636 1316 1993 2826 563 168 260 2755 1051 2241 1407 1878 1123 1381 1658 2631 1496 1965 2289 674 2352 204 1148 792 1218 1782 1586 712 2135 231 832 2553 2294 2239 497 2046 1840 2088 992 683 2439 1552 188 2700 1116 784 1601 1944 2628 1593 900 1437 348 1486 1212 2769 550 2207 1606 194 739 137 1544
352 1539 969 1242 2269 2484 2092 2797 2833 2455 264 1815 2139 273 1982 837 2412 2844 741 667 2063 299 2371 1009 2473 2576 1925 428 1622 1122 879 1159 1619 403 1549 2104 2776 2460 1735 557 2403 891 1571 1814 1863 2524 600 17 1 2100 1520 2255 317 2189 2811 349 262 234 573 1338 2486 1572 1059 867 888 2385 2399 2223 642 2338 846 267 2635 147 1698 2226 2094 1349 577 1291 195 1660 1607 913 342 1238 2727 2607 1618 1366 1078 2431 2633 1816 551 307 226 2363 414 160
1083 894 419 2554 2153 1632 96 1032 732 1927 2060 189 106 181 620 1797 744 1108 1283 644 1702 2442 1251 2401 2720 1364 2048 2188 387 2761 1336 2498 42 1013 2425 2688 2502 2079 2562 1315 2612 2831 481 2168 971 270 785 621 1768 2705 661 2374 941 2643 2313 2567 2278 45 2807 2522 43 2141 759 762 609 636 1199 1525 2760 171 1171 2841 1560 2056 2261 22 1064 2182 1865 1761 468 183 2608 1625 1318 236 1749 869 1288 448 2263 1365 2096 2476 2152 2678 333 596 2030 2160
70 1125 1753 2772 2777 2077 2478 2561 1842 18 2510 431 2757 1252 1035 1390 1834 2 2663 1557 1839 951 601 2015 2818 2161 1759 2622 315 1165 1075 2022 121 2149 2302 297 2323 202 215 103 369 1951 1798 1175 1333 1427 2240 364 485 2113 2409 502 191 990 1235 436 2242 737 2805 1259 2546 2016 2509 2504 1306 522 1389 1114 1801 536 193 251 1809 962 569 426 578 1394 2471 1460 2054 1357 2000 1830 2656 2637 529 2653 2315 1720 2329 250 1230 1413 684 86 1213 10 1012 1166
2281 39 2288 1357 926 1818 564 1180 2495 230 751 76 1996 1091 777 1538 1693 2656 1593 2699 1846 2489 1482 2493 739 2247 441 2080 2114 2324 2383 2149 2242 2224 1786 2695 465 2542 1523 373 1836 541 2016 187 845 993 2239 83 379 2754 1950 920 32 902 1914 469 917 2033 2129 1116 683 590 2437 1943 1014 1713 1714 1919 2036 310 1561 2073 1672 736 1743 87 581 2296 792 1748 1467 397 2497 2641 1176 617 575 198 2202 1601 1856 1459 737 88 1019 596 2019 1257 55 940
2305 79 2068 722 2665 350 1067 246 2511 1547 1134 1463 1935 2842 2041 97 2135 137 1606 899 1212 204 116 2741 12 2766 2825 1126 686 1076 2294 2736 140 2286 2292 447 1868 2598 442 1055 1452 2436 1130 165 329 804 725 1944 1056 2558 1841 1464 2728 2813 2580 362 692 2319 1962 1940 2248 2382 1825 2207 2506 1937 790 2708 2719 2258 83 2239 1223 483 1185 677 484 1836 2784 2285 1777 1639 1919 993 64 1899 967 491 2438 1483 494 988 2569 569 1804 2435 1743 1986 682 131
2767 1649 1054 645 1679 1444 947 1663 2707 1623 1328 2837 2836 169 2439 1544 1782 1658 1381 2011 1029 2628 51 2241 1840 1261 1218 2735 440 1045 1617 2840 735 197 445 1640 1993 2046 1422 463 2352 155 712 194 2050 2650 134 550 2130 2289 1552 1051 1253 1860 305 2713 992 201 433 674 659 1208 2088 489 1586 319 179 2815 2515 563 1307 2375 2631 965 260 497 1437 1416 2272 1417 1486 2826 1489 1948 2556 900 904 2133 769 259 2649 860 1123 64 2287 1369 59 1636 2454 2076
2043 2171 2666 2810 650 2816 1891 1916 2346 475 1723 2841 1188 411 807 922 37 1763 1284 122 1456 285 759 2643 6 468 1308 1603 1082 1697 1090 1221 1260 1702 181 1227 1570 586 2268 372 620 750 820 2313 2194 2167 980 334 1153 1865 1761 546 443 2261 1541 1858 1703 732 1502 459 2179 476 1610 2216 1288 1884 582 510 2308 2526 1524 619 2118 2617 1006 2779 1605 2712 2425 669 659 1015 298 148 1232 1150 521 1488 2387 2502 1278 2634 2089 829 1363 2657 997 840 724 614
2402 721 1972 1647 2061 1921 1395 1317 1303 1756 1118 1143 1097 1293 805 430 159 1755 326 655 580 2407 1822 799 1008 2062 1692 2301 484 2236 2465 2505 2398 1568 478 753 1050 108 2531 1018 467 471 1438 782 1730 2687 1297 331 2715 31 1475 806 1378 1124 1662 2285 1967 643 1037 2059 1011 628 2632 402 363 999 390 2053 936 1635 1918 2693 1022 1026 2611 1472 1929 2429 1187 1140 2634 1048 1715 2406 1220 2765 1275 1273 1648 239 1356 268 1655 1875 131 1127 561 1789 840 452
1951 1306 485 1175 727 589 658 2000 1361 1451 1798 1394 614 1559 962 1137 1106 572 293 853 2072 1230 714 2323 898 646 1207 2409 1166 1558 1928 2787 1087 1115 2546 2644 1389 1801 93 2540 395 2113 2054 895 1590 529 1683 2277 2178 251 2066 1213 1300 1427 545 304 676 1786 1257 1334 1971 2759 101 803 2504 581 374 364 215 2114 436 1883 737 2784 2381 1900 789 2040 1353 240 483 2022 989 2579 2149 2242 783 766 2656 2238 1898 1357 1839 341 29 1597 1333 1149 2320 2533
2767 645 1649 1054 1444 1663 947 1679 1623 1328 2707 2837 2836 169 1782 2439 1544 2011 1381 1029 1658 2628 51 2241 1840 440 1617 1261 2735 1218 1045 735 2840 197 445 1993 2046 1640 463 1422 712 155 2352 2050 134 1552 194 550 2650 2130 2289 1051 659 305 674 1208 1417 1253 992 1307 2375 433 2076 1416 1486 319 860 1948 1489 900 489 1437 64 1860 2515 2556 563 906 1586 179 497 2713 260 259 965 1369 904 2088 59 769 1624 2826 2649 2287 1627 2272 201 2084 2454 2815
1524 203 1629 2740 2749 154 2444 2403 2473 1589 891 267 1735 2797 1238 2844 2710 687 226 1291 1122 472 1814 2731 2548 2385 127 888 90 1863 1811 667 2776 428 2412 1520 2371 2727 1803 641 1509 2431 1295 2175 1619 2709 1 2092 2576 307 1373 741 2266 1059 1549 1421 1078 2139 2771 814 262 342 1355 1925 2063 1982 1807 798 299 1539 352 1375 2783 2484 991 160 385 264 1167 2094 1571 1758 867 2269 2833 2255 1930 837 1622 1530 2694 1618 2399 170 2206 2595 2223 1193 2460 2004
285 1221 6 546 807 582 759 2643 1260 820 1603 1570 1702 1541 468 620 372 181 298 2268 2677 973 1697 1284 922 1882 1188 1884 2468 2167 1456 459 37 1308 1082 411 1285 448 1084 1380 1763 2118 980 750 2194 275 334 122 1911 732 1858 1610 1537 1090 1797 586 2313 443 1015 1227 20 476 650 669 2823 281 1891 1083 2791 167 796 2706 1153 475 1006 2261 2043 661 2303 1723 2631 2691 205 2623 829 2810 2666 690 629 1916 1184 2346 1205 2171 423 2726 2030 1761 1768 1536
1416 1096 1948 2272 1316 2556 2815 1496 747 1860 1051 2352 1796 2545 64 1636 2721 1965 439 2241 1584 2713 1569 305 1218 2034 1586 100 659 2023 1993 497 562 1897 2755 48 1362 1381 1782 715 1617 2628 1422 155 201 712 1658 414 2650 1548 51 1328 947 194 1153 1623 2213 1261 2309 2707 1552 1926 1684 1640 2433 2270 1947 2767 1606 1544 563 1679 1663 348 1840 2298 2454 899 2082 2769 2158 2631 674 1645 2300 1411 742 1800 1278 1045 795 536 902 741 1919 2135 547 2033 817 2741
1453 2433 1490 2713 2376 1901 2034 1860 2309 2545 201 1796 100 1569 64 48 2721 715 439 562 2272 2556 305 2213 2815 1584 1948 1640 1636 1416 260 1096 563 168 2826 1316 659 2650 2088 204 51 2289 1878 155 645 1381 1496 1051 1658 2241 2352 1123 231 1965 1148 784 900 1218 1782 1552 1486 445 2135 712 2023 2419 2553 559 2842 2439 747 137 486 1993 2769 1840 2836 2714 1307 674 2708 1544 1437 1586 899 992 2707 2515 1045 194 319 1606 1663 2700 1489 2011 1212 2454 978 2046
1865 2071 1933 1052 1790 1638 2645 836 1305 897 2156 2432 2201 2096 935 1321 755 115 1098 2750 1806 1709 1736 2342 1995 38 2450 1260 1436 2823 2313 1858 468 2512 222 2261 1761 1153 2362 757 2194 411 1188 2218 218 122 1533 2420 42 2801 1023 1804 661 1284 807 2627 1044 1728 2260 1227 1610 2101 1504 2799 2021 1456 2533 612 967 2472 2372 754 290 1231 388 448 792 1296 1015 476 1095 629 1149 285 29 1383 795 209 2024 1555 1047 2172 2235 2688 2742 119 1278 2756 1719 91
546 582 1221 285 6 2643 759 620 181 1702 807 732 1260 468 1797 1768 2194 1603 669 2261 1083 1570 661 820 476 1541 2761 1882 1227 1858 2823 2387 1761 2313 1536 372 298 636 2807 1884 1318 829 1153 973 1880 2476 2677 750 980 334 2048 2168 2118 1285 1610 1084 1844 2278 2425 42 1865 396 1283 1188 1560 2303 1015 2268 229 922 448 2688 2474 1284 1425 281 1697 2791 1456 115 2571 1184 1380 1108 275 1968 481 2627 1199 483 2359 2705 414 1894 423 270 1205 717 459 1286
2542 291 1561 617 2016 540 576 1631 1334 1019 751 499 2242 465 832 2656 2149 1197 63 1535 783 954 1685 182 1749 1760 1836 149 1693 2112 1593 1434 1712 95 596 1333 310 1346 2827 1087 898 1483 1004 1103 376 1298 2022 2441 2547 1343 614 1743 1672 1558 714 1804 1161 2737 2129 2409 1999 676 824 792 967 853 1513 1166 2072 940 75 198 1847 2114 2281 2700 1928 1856 39 895 1689 1795 1590 93 1773 739 1300 2111 1176 2497 2058 683 1719 91 983 1447 2296 1116 2235 1137
1728 754 1231 2756 757 2320 2021 1774 1149 1533 414 2533 1852 29 293 1746 2172 286 162 2673 699 316 963 2343 2822 1804 2144 967 2212 1327 1164 1109 218 2024 1618 553 507 1598 968 792 2814 2306 1182 649 235 890 2224 2799 625 2380 1236 2764 1435 961 1540 1099 1956 679 2340 696 1095 858 1274 2267 1070 27 2323 2028 2226 2215 671 1441 964 1991 853 1719 1555 1597 1543 1248 1505 2255 532 314 1050 571 2787 1894 261 1546 2031 120 2742 2054 739 1904 2784 2253 344 2470
2044 2528 2501 1644 1934 2411 1656 2790 1102 2817 1624 85 312 817 2832 1926 987 188 556 943 1407 2300 635 1405 221 659 1319 611 547 1386 2082 2270 2213 1552 2419 1658 1381 1782 1208 2011 2034 1983 2241 562 992 64 2545 155 305 559 1617 2012 51 2836 2397 2046 497 1640 1146 1092 1752 1796 712 2574 550 1663 463 1586 674 1422 1416 2439 1045 1948 197 1544 900 1328 1486 1840 48 445 439 2358 1029 2826 2652 1437 2007 2713 1316 1218 1993 413 1623 2289 2088 1878 1428 1569
840 2285 1024 1039 2765 1503 452 2142 324 1062 501 129 1037 1813 1923 89 389 2634 1124 788 1932 2565 1140 268 2053 2236 467 456 1475 125 1715 822 1026 131 2137 628 1789 53 241 390 495 1220 2531 1635 484 314 1281 758 1843 1912 1050 1875 2059 1011 1378 1655 2687 927 1831 1273 2429 2244 534 1662 1297 780 1967 806 2232 391 1022 2470 1568 1465 1730 1941 2396 464 1048 2398 2407 2062 2698 138 478 1612 1929 2465 2505 113 1481 1500 1008 847 1706 2301 2611 786 418 2017
957 2464 2725 2168 1889 2404 1880 1766 609 509 1802 661 744 844 2457 2448 669 42 1797 1515 2278 1927 1632 1318 636 2153 894 5 2807 106 476 419 752 2261 2476 1032 2572 1199 2554 2823 2720 2128 2060 2194 829 96 2751 1866 1108 1536 1280 644 1602 1283 1596 2562 22 189 387 388 1726 1560 1171 181 1525 1227 2678 1139 1865 1364 2182 2425 1084 592 2688 214 498 2468 183 1214 2109 762 171 2627 2567 396 1768 1987 2348 2760 621 466 2442 2351 2169 2608 2048 1371 2522 2612
2548 2298 372 2517 2185 2363 2727 1520 1 1684 143 795 1129 1572 2399 2529 1411 234 1440 2460 307 913 557 386 2158 342 1619 2584 551 1925 879 2524 2215 969 352 2844 1947 667 2385 1539 46 349 2139 741 1982 2468 796 1863 1694 892 2092 267 2371 1238 1291 1349 2834 718 1776 2833 2226 1360 2431 2801 837 2269 1009 1350 697 2484 888 1366 2797 2633 891 1660 2541 1373 133 2184 299 1814 2403 2455 262 991 2123 1059 1807 1675 264 1242 1196 1615 797 1514 2672 2187 1122 1509
1262 2232 822 2137 2142 1503 1568 455 113 452 241 1024 799 1506 2531 268 1932 840 2285 1789 2565 1141 129 1062 1813 495 927 1655 389 1039 1505 501 1831 2765 1011 324 758 464 1875 2693 290 1706 1923 2634 89 1612 1281 788 456 131 2070 1843 1918 1780 125 1274 27 1273 653 2669 408 49 858 525 1912 383 1297 314 216 2794 1127 1282 53 2715 1026 138 2236 1941 2091 2025 1472 2698 2311 1216 245 654 2164 2396 1050 412 628 1787 2062 61 1140 2059 2611 356 2191 1500
1525 2572 2623 1280 2263 1371 2678 1084 1198 2374 1726 1205 2448 1659 2030 2386 2303 2791 1083 327 117 2203 84 2141 1880 941 275 1802 1184 448 474 2502 1251 732 1380 1113 106 1425 2222 1170 265 1596 1973 2831 973 298 946 1364 762 2562 1032 1758 582 2705 45 2186 2522 828 1064 2688 1219 150 636 300 1318 96 42 1693 133 1750 387 2132 2152 181 422 43 907 621 894 1641 644 2441 236 2056 2476 2760 2608 2554 1797 2827 2182 2425 2153 2060 2125 1979 2498 1536 2807 543
1830 931 848 702 1114 284 1908 1107 835 1767 903 768 1340 2601 1845 2471 502 990 2624 688 65 297 103 1235 1608 1323 126 578 1310 2276 1254 1512 2388 1186 1821 1720 522 1413 2314 1391 250 1975 684 2667 1458 2149 277 1406 1801 1922 1120 2114 1759 1012 800 2240 775 1075 876 767 1016 2656 86 2637 2757 249 1165 1113 379 1459 2315 1152 1805 39 1390 10 1557 1144 581 2605 102 2299 1357 2016 2302 1905 749 2622 1809 1289 1832 2151 2802 2036 2754 2805 1871 373 1959 2242
614 1137 1207 714 898 1087 2072 853 1558 1166 2409 1928 1590 93 895 676 1951 1306 485 1175 727 658 589 2000 1451 2540 1361 1559 1106 1257 1786 1971 646 1798 293 1427 2323 1394 2787 251 572 1346 962 1230 1683 2242 1334 2546 1115 581 1801 529 1389 2113 783 1213 2066 2114 215 803 737 364 2644 1900 395 2504 101 436 374 789 2054 1353 2040 2542 2178 2277 2759 545 1561 2149 1597 2022 1883 304 2329 2656 2784 483 240 617 1333 426 2381 145 321 1869 1149 1357 2320 2129
2305 79 350 2068 722 1067 2665 246 2511 1547 1134 1463 1935 2041 2842 12 97 1606 2598 2135 116 899 137 1212 2741 1464 1076 2436 686 2382 1937 2438 491 329 1777 2813 2708 682 204 2248 2286 804 1868 140 677 790 1126 948 2292 2569 1452 2393 2506 1962 1185 217 2736 692 2257 442 2719 1554 974 1639 1841 733 1052 1874 2319 2534 1499 1987 2580 1592 1927 1130 1998 255 1396 1286 1223 813 657 2625 1892 1944 734 866 2258 1904 444 2507 1370 1363 2704 711 2294 2603 1633 1065
557 2460 879 2363 1863 1925 1619 2517 2468 667 641 1982 2385 1807 991 687 1295 1373 2771 1081 127 1242 1509 1735 888 2524 2139 1549 2801 583 796 262 1215 2833 2710 1660 1497 1539 1278 428 1947 2175 1724 2776 2412 273 352 385 2844 2104 795 2797 2473 1816 1589 2607 299 2189 2371 1480 741 969 2633 588 2185 2694 2187 1814 798 1803 2184 1366 2431 2092 2576 2731 2659 2327 1350 867 1811 2662 2269 2444 1607 2298 1345 228 2581 1341 2403 160 1078 1129 961 1122 2709 801 1575 1862
1470 887 1667 114 841 819 1585 9 2575 1770 639 945 1579 2647 1531 2723 1920 748 1578 2328 1528 1769 1354 952 919 2491 1179 118 2792 567 2778 1791 916 1977 2252 1063 1583 2682 227 2065 1651 2042 2097 930 998 1851 808 1657 2225 1854 928 763 982 2379 2729 566 492 2310 2459 2026 512 2711 515 311 517 579 2074 1154 2349 1233 923 437 2380 2618 1211 1367 1368 2488 2304 1890 1236 2559 681 381 875 781 1210 2267 1209 289 73 1643 975 399 164 2165 1562 1599 1958 513
2152 2502 84 2141 1371 1726 1605 941 5 844 2572 244 2678 2263 1515 2567 1139 2457 2386 2841 1525 1953 2115 1696 2751 2623 1171 22 1616 1866 1214 1280 2448 2348 509 1198 214 2109 1199 106 1602 2128 2203 117 785 2056 2182 1768 1659 183 621 1184 1084 2503 1205 609 1083 327 732 2303 1364 2761 45 2048 2608 744 2725 171 1458 1064 582 973 2760 181 1632 298 236 1987 620 398 1113 1570 189 957 2688 1927 971 40 2060 2464 2791 2677 2522 1251 2705 1596 1032 420 1560 2153
1539 969 352 1242 273 2104 2524 2226 879 2473 557 147 2460 2363 1816 1925 1619 1366 1863 1480 1059 577 1520 1 1660 2727 2431 307 2595 385 2709 342 551 2607 1982 1572 2468 2633 2175 867 667 234 1349 814 511 2783 1025 2399 1811 685 127 2444 2340 1540 2158 913 414 2797 267 1291 1355 1514 1421 1238 472 160 2710 2844 2139 2094 1803 669 1078 1167 2781 2339 2266 741 2092 46 888 1815 2455 2385 2833 2517 1571 2269 2371 20 1530 264 2403 2740 891 226 2648 892 476 299
2542 1019 2016 63 1333 1685 2022 954 182 149 1760 1712 617 2149 1434 1561 1298 2656 2242 2112 1334 1004 751 940 291 783 1343 2737 75 499 1197 1693 949 198 2497 310 465 1631 898 1161 1087 540 1228 2114 1513 1785 2409 2113 614 1847 576 1558 714 1103 1999 1207 1166 2072 1213 832 1773 2066 1593 1743 39 2827 1795 1749 1137 676 1786 93 895 2546 1590 2178 1928 1389 581 1535 1971 1353 1257 304 634 1357 1597 95 596 2143 2430 2547 737 853 2441 2129 1346 1115 1683 1304
536 1132 569 1588 121 988 193 2090 2333 680 1268 1431 2117 36 733 1793 500 1430 866 1499 1886 571 1065 1553 1699 332 2078 979 1393 2668 1492 142 1418 176 2786 2743 1686 429 2227 1033 1256 901 340 432 597 1562 1053 554 2029 1890 2108 21 1906 886 2384 2735 555 612 199 878 2274 2415 427 417 453 2217 2515 2451 802 1808 1888 2634 289 2055 2482 319 1648 1341 968 1023 2406 561 1047 2625 2568 1895 402 2287 608 1253 259 2747 412 271 1879 1100 460 484 442 1414
2138 961 1618 2781 2783 1101 511 1060 2431 385 1539 414 1540 2340 1421 685 814 2266 2635 352 2339 1816 1862 1660 2473 1366 403 1349 1480 1078 1242 892 2633 537 2709 2338 2607 1607 2648 969 2094 1615 1964 317 2614 1341 2513 1811 160 867 2100 1338 223 1059 600 1815 1530 1828 46 2158 1159 2255 573 127 2253 1698 2460 669 166 2801 1571 1409 665 1069 307 1619 2226 2835 2758 1994 2412 2213 1215 2223 2403 2212 1327 1095 2466 577 1622 1863 2486 1025 2820 195 405 17 557 2811
1300 483 240 2784 16 789 761 1447 1469 44 1883 376 1389 2317 1483 2249 1353 2113 1213 2546 2066 2178 545 304 1115 727 658 2277 614 1898 1394 1451 589 1093 1175 2072 1361 2000 1137 1951 2579 1801 2504 2022 2540 853 485 1161 783 1106 1683 1306 251 1087 1798 1559 407 1228 1804 2381 1971 1513 766 2644 898 1178 737 2437 2114 293 581 328 714 1427 1785 1693 967 2759 374 529 341 395 792 572 2238 1230 101 1207 2054 576 436 834 39 1719 291 1900 1019 1749 1558 1836
1525 2623 2572 1280 2263 1371 2678 1083 2374 1726 1084 2448 2141 1198 2386 732 84 2502 181 941 1205 1659 2761 2030 2152 2048 2791 620 1797 2203 150 387 644 2498 2720 1702 1184 2562 1251 106 1364 117 2442 1768 785 2688 2303 621 448 1170 1596 270 1283 2168 1108 45 1880 1605 844 661 2188 2401 1318 971 1032 2056 96 2186 762 2522 481 43 2182 474 2725 1113 1632 1064 196 2608 894 582 636 2278 171 2060 2705 2831 2567 2125 310 422 1973 1093 1693 2760 1802 236 189 2071
213 2408 707 135 558 2638 2354 2615 520 1448 2413 1945 1265 1269 2566 232 1849 2295 424 19 1867 1722 1383 1478 2390 119 1529 1296 80 184 1733 2472 2744 1984 1597 2024 24 426 2143 1312 2022 218 634 739 783 1804 2827 967 1749 2430 1631 1019 2111 63 1689 1333 1712 695 376 1469 949 2277 1343 310 1728 2737 2112 182 954 853 757 1004 1999 1785 2441 149 1434 1760 596 1298 1898 1103 1856 1093 1598 2149 1533 1228 1213 2072 412 2016 132 1483 198 304 658 540 1231 2279
70 1125 1753 2772 2777 2077 2478 2561 1842 18 2510 431 2757 1252 1390 1035 1557 1834 2 2663 1839 951 2015 601 2818 2161 1759 2622 315 1165 1075 2302 191 2323 2315 297 103 1951 202 1235 426 767 1175 215 2702 2149 121 485 277 2409 1323 1306 990 1798 522 1845 251 737 2000 2143 1597 2624 502 2509 364 436 67 1427 2471 1012 1413 2024 2054 1809 569 2121 86 369 2546 1801 1357 2242 578 634 193 2653 1230 688 727 988 1001 1928 2504 1810 1443 1406 24 536 1905 589
1453 2433 2713 1490 2376 1860 2034 1901 2545 2309 201 1796 1569 100 64 48 2721 715 439 562 2213 2556 305 2272 2815 1636 1948 1096 1416 204 1316 659 1640 2826 155 1496 563 2650 1584 260 1965 168 1148 2289 2352 1878 51 1051 1123 2553 2135 2842 645 1586 137 900 747 2088 1486 1840 1212 559 674 2239 784 194 1381 231 1437 2419 2241 899 1552 1218 497 1993 493 486 1606 2708 1307 1658 1782 978 2247 992 2007 965 2700 1995 2337 445 2836 704 1067 1919 79 2515 2258 906
2023 2755 1584 2045 747 1088 2668 1065 2622 1562 2545 1396 2507 536 997 2239 1796 1893 1516 1407 2782 54 444 50 1557 64 1906 1390 414 770 1904 258 710 1031 633 569 1073 1980 2660 1142 1252 2664 966 1695 928 671 1256 988 1000 355 21 1628 193 1132 442 2259 1657 1892 2384 1707 1739 2843 118 1303 2073 1266 519 1588 2369 1105 1680 952 1894 1431 2803 289 1920 1614 2322 2163 176 446 2757 2015 1774 121 979 114 1126 733 760 2249 1231 2090 2319 2613 919 2093 340 2543
1260 807 1284 372 1456 411 285 122 468 1188 2268 6 20 1308 1865 1082 1891 922 1723 454 459 37 1697 2810 1858 167 2043 546 2313 1221 2171 1570 650 475 2726 759 2643 1763 2346 38 2816 1916 2666 275 2222 2162 582 586 2167 1610 1084 443 1603 2841 2823 1884 1006 1702 1882 980 1153 669 1844 2261 2627 2194 1090 298 1227 1995 1015 820 2677 973 181 448 476 2118 1286 1541 620 1280 396 1537 2303 2468 1205 2030 2706 750 1761 2573 1744 661 2623 1637 2535 1232 281 1199
1470 887 1667 9 1531 1585 819 841 2575 114 1579 2723 1770 639 945 748 2647 1920 1578 2328 118 2792 567 1769 952 1354 1528 1791 919 2491 1583 1179 2778 916 998 1063 2252 227 2065 1977 808 1854 2682 930 2042 1651 1851 2225 1657 763 2097 982 928 2729 2379 2711 517 566 2310 492 382 512 1154 2026 923 2349 579 2459 513 2618 1209 2416 2304 515 875 1368 2165 2559 311 1233 437 2488 528 778 975 2074 2380 1958 25 2415 681 1210 1367 429 2267 1970 380 1890 2658 896
1300 483 2784 240 789 1883 16 1469 1447 44 376 761 1483 2546 2249 1353 545 2113 304 1389 2277 2178 2066 1213 1115 2317 1394 1801 2540 614 1898 1451 2579 2504 834 251 576 2381 1093 2000 1427 2323 1593 646 1728 967 783 395 1178 1836 1361 1304 1951 374 1804 727 2547 658 1137 2054 2644 60 1990 291 824 1106 407 2437 1161 792 2700 39 1230 1785 83 101 1798 414 983 757 328 2759 766 1175 1228 1749 1683 529 853 2238 2340 596 2072 1672 47 1513 465 1631 1306 2281
348 2769 925 26 663 2714 1870 480 2538 2454 1369 2649 179 1489 550 1417 860 1710 712 518 1701 2130 2050 1045 1788 2241 445 735 421 1422 2461 2375 1576 77 2418 280 1276 1930 704 2011 2125 2840 2004 1197 1983 57 1034 793 1665 1743 1758 2289 1328 659 1092 170 1590 2662 1552 197 689 95 884 2211 895 2155 645 1358 93 1609 1617 1716 720 576 540 1859 291 1624 817 1724 59 228 596 1172 168 493 433 463 1060 1792 570 404 1486 2827 263 832 1292 746 1030 1840
403 1815 1159 2431 1009 1421 1078 352 160 1530 385 2094 2783 2455 1607 837 814 2063 1660 2484 2266 226 511 264 1816 1338 867 1341 2607 2138 2633 1480 667 1366 600 1619 537 1539 2412 1925 1982 1069 1622 2709 2758 166 2811 1863 2255 2092 573 879 2460 317 127 2371 2100 1828 2738 2486 577 2797 2835 472 2844 299 2139 2833 2269 1122 17 428 741 557 405 846 1698 2473 888 891 2614 1964 961 1814 2635 2189 2339 641 1242 2338 223 2576 2481 1059 1618 1509 1571 267 2253 2385
1882 956 1221 285 582 6 2823 546 1541 2474 820 2677 776 1697 196 1285 973 1768 448 203 1603 2194 630 669 298 1911 2691 750 1536 2643 98 353 1570 334 2740 1083 2167 2261 2623 2132 661 687 1260 2222 1084 629 1884 1702 980 1200 2688 796 1267 1170 2118 2268 1180 1880 327 910 459 1380 42 636 976 2431 807 620 2749 2476 850 181 1318 1687 2631 941 829 732 2362 1629 759 2573 476 275 909 2387 154 1525 1153 2460 2726 1462 971 2359 1371 2548 1537 2355 2303 2494
727 1175 1306 485 589 658 1951 1361 1451 2000 1559 293 1106 1798 2787 962 1394 1230 2323 572 646 2054 614 1683 1115 1389 1137 2546 1786 2644 1300 529 1801 2072 1257 2114 2277 1971 581 2113 2178 1213 1334 2066 1207 737 395 2242 853 2409 304 714 2040 898 2540 251 1558 803 545 483 215 364 2656 789 2504 1166 2759 1928 1087 989 1900 436 240 2149 2784 766 1427 2161 101 1693 2381 341 407 1093 1898 2579 374 328 2238 783 39 1353 44 1357 1883 1149 2022 2320 1561 1333
1305 1790 935 2071 2096 836 2750 1933 1321 2645 2156 1098 2201 1052 1709 222 2432 1436 2512 897 2342 2450 2218 1504 1638 1736 755 850 1806 2355 2362 1621 2420 2452 2446 2691 141 599 2163 2642 612 2537 1023 453 981 666 401 2055 595 1628 1510 1145 1903 2122 177 816 1047 1085 208 2098 461 2679 2747 2587 908 2775 156 2829 460 823 99 1808 694 164 380 1461 1044 1784 1688 2028 174 760 2074 1599 1404 2593 1956 2144 1974 2577 1875 858 1741 1233 2774 532 2722 1717 632 1415
2533 29 286 2172 2673 1149 2320 2021 2756 967 1804 2024 218 1533 1728 426 1231 1597 2143 24 293 754 1689 634 2430 1719 2235 757 2260 707 91 2354 2408 739 213 1849 2296 792 1867 1265 119 1722 1383 1296 424 2615 1478 2295 1448 2390 1529 2638 135 80 558 1269 2224 19 2413 2566 232 520 291 499 184 2054 1252 1535 2787 1945 1733 832 2472 1984 2015 2744 1334 2757 2622 1091 1759 1886 2078 1390 1346 853 315 983 2149 1557 2016 695 1834 1165 2302 1075 1670 1593 76 2323
1439 574 2291 2057 2051 2639 1223 2683 647 1874 494 2183 598 146 2435 2220 2499 1931 482 939 2526 531 2704 1899 1433 2089 1725 1088 444 368 1592 657 2708 2569 2427 2445 682 2438 864 274 994 255 491 1185 526 608 1408 271 1330 2440 508 217 1942 1771 1555 974 1998 1777 2037 2625 677 1892 140 1677 1868 2580 2393 2308 1944 2728 1055 790 2712 1452 2286 1937 948 2719 447 725 2207 2813 637 2359 1639 2294 503 2421 1473 521 804 2382 844 2558 329 2657 1139 1616 2152 619
2226 1539 969 352 1242 2363 2524 273 372 2517 2104 795 2460 2185 2298 2468 557 879 1684 147 1619 143 1411 2709 1059 2444 1129 1925 2529 1215 342 2473 414 1 2584 551 1360 307 1863 1349 741 1366 1520 2801 2158 154 2727 1025 685 2595 1630 667 2740 1514 1440 2738 1816 2749 1540 2340 2781 1811 476 1480 2335 2100 46 1660 2431 166 1982 669 2175 1355 1509 796 1227 1694 958 961 83 1572 2455 600 697 577 1153 1618 1815 1338 385 1919 386 913 2839 1622 511 1524 1803 2139
767 1938 1443 1833 889 1747 2686 277 2702 2496 2315 369 1980 431 1753 1125 2478 2777 1460 2077 2772 2818 70 18 211 2685 2510 1842 951 1989 1834 2015 1252 2757 2532 2 1759 1557 2663 1390 2622 601 2561 1839 1035 315 1418 1845 1165 2302 1976 164 2016 156 1340 2288 39 578 121 1114 2577 1413 2624 461 250 2388 126 193 536 2556 2149 2108 569 684 931 848 988 1431 760 990 1628 694 2090 769 1784 1399 1793 1952 1767 1872 1720 417 2471 1975 2671 191 1788 1593 297 597
1948 1416 2272 1096 194 2556 2352 1051 1496 1316 2815 1218 1261 1965 1636 1860 2713 2628 201 1586 1453 2309 1901 2545 2433 1840 1490 64 1381 1658 747 2034 1796 2721 2836 1782 1569 2241 48 100 2767 155 1649 497 2046 715 2213 1544 1640 2439 305 562 659 563 1054 992 51 439 950 2376 2289 2826 1552 674 2707 1663 645 1148 1328 260 1617 319 1679 1584 2011 1710 169 900 2650 1123 1486 1623 1878 197 1045 2088 2023 1897 1307 2840 168 2837 1422 1993 769 134 2732 2652 947 433
2299 1670 593 749 2364 2788 2151 1243 1311 1379 673 2730 2549 1068 568 1005 1131 2746 2290 1966 1946 1794 434 544 1783 1079 112 1325 2516 1526 1442 730 410 1511 1969 937 1779 2377 1498 535 406 1385 709 1466 811 1040 1165 1110 2843 2145 338 821 2302 855 2697 191 257 1527 365 1992 1007 2102 1850 2251 678 800 2219 1455 2196 2417 1142 2243 774 2005 336 2492 2341 1936 253 2763 1094 605 1707 773 1968 2519 1731 1871 435 186 1020 1138 2830 2087 1174 519 1309 392 1581 1424
1083 419 732 2554 181 1702 894 96 2153 620 1632 1927 1797 189 1032 2060 2374 106 2643 2263 2572 2623 2827 2441 1251 1013 1280 759 1371 1364 2111 310 2401 2522 1336 1856 1525 2502 596 45 1108 63 95 2056 1749 1019 844 1093 1064 2678 2612 1084 1283 1743 576 609 183 2761 957 2547 621 2141 2386 644 407 1365 236 2442 1865 462 1685 2048 2079 333 2182 1765 2608 2567 171 1889 2760 448 6 2202 1693 582 746 2831 824 42 1727 2841 2448 2807 744 493 762 294 2725 22
2542 2016 2656 751 617 2149 1561 2242 1334 291 1693 1019 832 310 63 783 954 182 1685 1434 465 1333 1197 2112 499 1004 1298 1343 540 1760 149 940 1513 2827 1712 1535 39 1773 2737 2114 2022 1795 1161 1847 2441 1357 1346 75 2129 1743 1593 2281 576 1856 949 198 1087 926 2288 1786 596 1672 95 2497 1180 1836 132 2224 1558 1631 1818 1207 1116 898 1091 1176 2409 1103 564 1785 1166 676 777 1257 2111 1228 1999 824 739 714 1713 1714 93 2495 1971 581 895 2072 1996 683
2305 79 2068 722 2665 350 1067 246 2511 1547 1134 1463 1935 12 2041 2842 97 2135 1606 899 2741 137 116 1212 1868 140 2598 2436 1076 1452 686 2286 204 804 1055 2294 329 1944 2558 165 1130 2292 2506 1464 2580 2728 2319 725 2766 692 1126 2382 447 442 2813 2719 2248 790 269 2838 2161 1937 1962 1841 2708 494 2825 569 1132 362 1185 2736 193 64 536 988 1639 1588 1006 2207 1897 104 657 1777 2631 2119 747 484 2090 121 500 948 2258 146 711 1474 974 1825 2393 1218
2471 2601 502 990 1845 2624 688 103 297 1235 1323 284 126 848 1114 1830 1340 931 768 1186 702 1767 578 2314 2276 1608 1908 903 522 1107 1391 1413 835 65 2388 1720 1821 1512 1310 250 1975 1254 684 2667 1406 2478 2090 1012 1165 988 2121 569 193 1075 1810 2757 249 1905 2149 202 121 2509 277 627 1390 2240 1175 1759 2016 1459 485 1809 2077 1839 1125 1753 1557 1531 102 379 1793 10 2302 2350 1951 86 67 1748 2777 1832 2019 2772 1605 2561 492 2462 513 2329 876 1959
301 1419 2331 392 519 2318 1387 2420 94 2101 1200 1682 2763 1546 1454 1479 773 248 320 1992 1779 186 2102 538 908 253 937 843 1894 336 809 852 2341 1320 2543 1442 69 1133 1455 1385 1527 2264 568 1424 1516 2573 1778 1309 1718 1526 2145 648 535 1329 870 2516 717 358 2362 1548 1325 1978 434 1070 2303 942 605 1498 338 1119 2537 2095 1670 2839 678 610 396 406 2219 2560 2222 2781 881 1634 365 2377 1968 1783 20 1331 2001 1554 2843 2519 770 1966 1020 2795 2243 1707
495 1843 2565 131 1503 1875 268 452 1024 241 2531 1011 2142 2285 2765 840 1941 1500 389 113 1021 1039 89 758 2232 2091 2634 1262 412 2137 822 33 1706 290 1789 1568 53 464 1026 1923 1813 2693 1932 927 455 1655 456 628 1612 501 1831 138 449 1281 1062 2611 799 1220 129 2316 324 200 1961 618 1912 2017 788 1506 858 1472 1918 2062 125 1048 2632 1378 643 782 1022 1018 2687 561 653 1505 2794 2164 1730 2398 408 2025 49 2715 1124 467 1692 525 1297 2301 654 296
348 2769 925 1870 26 480 2714 2454 1369 663 2538 2649 179 712 1417 550 1489 860 2050 2130 518 1710 1701 1045 1788 735 2241 1422 445 2840 2011 1617 1328 197 2375 1552 793 2289 463 659 556 1092 2461 1034 1840 440 1934 1758 1656 1983 704 493 1663 2418 168 2826 260 1609 1644 1782 433 188 2397 1930 2004 1381 2125 1658 1029 2832 421 900 645 51 689 312 1437 2817 57 943 1901 2707 1665 817 1146 2501 1486 2836 2544 1276 1208 2211 404 2123 77 2650 2790 1640 1623 1859
2578 377 828 640 13 1337 2520 1272 2602 1668 1374 672 2828 2210 933 2671 2629 2428 2798 1429 2539 1249 729 2083 1910 2570 865 2031 323 2335 2120 2047 1329 2839 1070 2795 1764 1754 56 370 2038 1949 2513 2221 964 1399 1041 2640 358 2032 1038 2421 1952 2808 1189 1449 698 220 955 1598 1266 1521 932 839 504 1049 959 979 1240 679 1108 1929 2227 2562 625 27 1275 2398 43 2827 2387 1780 2786 571 2687 1018 2425 753 471 858 1438 400 1251 2442 1248 1435 192 2111 2783 1761
431 2510 1839 1035 70 2561 1753 1125 2772 1842 2757 2777 18 2478 2077 1557 1390 601 1252 1759 2622 2 2663 1834 315 2015 951 2818 277 1443 1938 767 1833 1976 2161 1747 2323 1394 2686 889 1418 2149 531 164 191 1175 1165 2577 156 72 461 2644 853 1241 589 1798 1075 658 962 485 1951 121 1306 2054 2302 433 727 1065 1333 1801 1230 426 1427 39 634 2722 193 251 1599 707 988 536 571 2540 783 694 1597 529 2624 2016 2074 2022 1845 2532 1312 769 2496 2009 1683 1334
834 575 2550 1104 2019 1507 2754 1669 55 2641 397 728 107 1044 2604 1177 1194 2176 1277 2555 1482 1691 2414 2080 1727 1621 1523 441 2695 2383 1244 2058 2136 393 584 373 2452 1016 2395 845 897 2446 1646 599 924 908 2537 863 1729 1719 2233 736 1566 83 2573 2360 2254 666 1162 1327 2212 830 309 147 7 2310 422 1734 187 339 1467 16 1144 457 1487 861 1200 2159 1147 590 2326 2192 87 1674 2793 2487 1352 1006 1028 2661 2086 1732 400 1447 2752 2823 1919 2530 1620 2275
2551 2018 2146 1289 719 2284 764 2008 247 1403 615 1534 1157 2824 1351 1915 153 914 190 35 1493 1577 862 2603 1359 723 1633 1997 539 2487 2209 1751 1121 812 2585 2582 206 2485 276 343 2019 303 1204 1772 1180 2165 809 869 1136 795 2157 1150 2228 929 14 495 1532 58 66 847 1247 2310 873 2779 1985 1711 282 2192 765 1072 2340 1066 652 1128 450 2434 412 604 2536 2067 2764 1811 2325 2336 1203 1173 2086 2754 2658 2648 2027 2233 1734 284 1339 357 129 1211 1246 1947
2502 2152 1371 1605 84 2141 1953 1726 1139 2348 214 2567 2263 5 2572 1602 941 1866 2841 844 1525 1280 2623 2678 2457 1171 2751 244 22 509 2386 1515 1214 2115 1199 106 1696 1616 1198 2448 2109 785 2128 1084 1927 96 117 1632 189 2060 744 1032 2056 2203 957 1659 1205 609 2725 2153 1364 1064 419 894 327 2182 1113 45 2554 2030 2303 236 1365 2464 851 621 183 2608 2522 2760 1960 171 1251 1458 1184 1488 1738 2404 2374 2705 2612 2401 420 1979 1397 1766 323 270 2831 1661
645 1029 2011 2735 1649 2767 2840 1054 197 445 463 440 2836 1444 1840 947 2837 1679 1253 2707 134 2628 169 1663 1623 1328 735 1544 2439 2289 1782 1218 965 433 155 1381 2241 319 1658 1993 59 1617 1552 51 1261 2375 2477 1045 2287 904 613 2352 1640 2389 986 1202 2515 882 123 550 1775 2046 2088 2650 2367 489 1307 906 950 2050 1757 2076 674 1860 2713 1422 1468 173 574 1255 1627 1949 2631 2084 769 1208 2130 305 2595 477 1799 1477 1041 1752 932 1737 1486 1998 659 2556
645 1029 2011 663 2769 2538 445 2714 348 2840 518 2735 480 550 26 2454 1870 179 925 1369 197 712 1054 1489 2649 2289 463 2130 2050 1649 860 1710 2767 2241 1417 1045 1788 2375 134 433 1253 2707 735 1552 319 1422 2650 440 2836 1328 1840 1623 1679 659 2076 2088 906 1381 1640 1782 965 1701 2631 168 947 674 155 1895 1658 51 1617 1444 260 1993 259 305 1307 1758 1123 562 2004 1878 563 2826 1663 1901 1148 1983 2713 2515 2544 1092 231 1930 2287 1775 1197 769 421 59
2044 2501 2528 1934 1656 1644 2411 2790 85 1102 312 1624 2817 2832 188 987 817 556 1926 1407 659 943 635 2300 1405 1319 221 611 1386 547 2082 2270 1552 2213 2397 2012 463 2574 1208 2011 197 1983 1617 1092 606 1422 550 51 1782 1489 2454 559 224 2375 2836 413 1417 2358 1029 992 1486 1305 712 1328 2564 2515 178 2023 445 2800 2652 2419 860 319 2714 1414 2045 1428 2840 1381 2724 1564 1658 4 562 900 599 1640 155 1045 1437 1993 2241 2076 2631 2344 128 2530 622 996
935 2096 1305 836 1790 2750 2071 1052 1098 2156 1321 2645 2432 2201 1933 1709 2512 897 222 850 1638 1436 1504 2355 2362 2342 1806 2218 2450 755 1621 1736 2446 2420 599 2537 2452 2691 666 2642 1044 1006 1474 745 325 1090 443 144 2823 908 761 1308 2317 2535 2331 16 1682 8 612 2573 1447 1082 2167 2318 1763 1047 99 1341 205 2449 586 629 459 2249 320 2758 1355 516 1750 2514 1469 2695 1671 38 2742 42 2593 1387 474 1607 724 2461 1758 1034 1880 1454 2222 1145 762 127
1527 937 257 2377 535 2843 1894 519 811 605 1455 1731 1138 94 1424 248 610 1634 392 1516 1040 1992 336 2763 773 1871 1779 253 2102 1007 1498 1133 648 2341 1068 1385 1309 410 365 2145 406 2830 821 338 1466 717 1526 1707 1419 1645 1546 112 1079 186 1800 1110 568 2516 1850 742 301 434 730 1442 749 1325 2560 870 800 2219 435 1670 1131 1379 1511 2095 2331 1966 2613 2299 1969 1311 2788 288 1020 1573 544 538 2549 2609 678 1581 2680 2151 1142 1946 855 1243 843 2290
1083 1702 732 181 2643 620 759 582 6 1797 546 1221 285 807 1768 2048 2761 1260 468 2807 636 42 2278 2261 2194 1536 894 1318 2111 1108 661 2153 2441 1856 1632 2827 1251 96 2554 419 2004 2720 476 1364 2374 762 1283 2425 1064 644 2522 596 2168 310 844 1570 2476 2603 1525 2313 669 1761 2548 1858 1227 206 2688 343 387 1882 198 95 2442 2263 1515 2056 1153 2202 1188 510 45 1336 1999 2744 2582 689 1204 829 949 1560 462 481 1013 1758 1601 493 2831 2386 940 148
663 2538 348 480 2714 2769 925 26 2454 1369 1870 518 179 2649 1489 860 1710 1417 550 712 1701 1788 2050 1859 2130 421 1758 2125 2211 689 704 493 570 1930 95 1713 57 1665 1034 1609 2461 793 1197 1838 2827 1092 77 465 1276 596 404 2418 2123 280 499 1743 2004 2375 683 1116 2493 1983 1999 1103 2441 1551 1224 617 540 1576 294 576 2547 1453 2039 445 1045 2202 895 1594 2542 93 1590 1714 2659 2289 462 2159 2229 2241 1195 1169 1690 1716 228 2020 2112 2662 884 1028
1946 2394 416 105 2299 1778 593 2843 2788 1670 673 749 2730 2364 1966 2290 1005 1311 2516 2151 1243 1526 937 434 2549 1068 320 1794 1379 2746 2331 406 883 186 1131 568 544 257 1779 1385 852 1527 1498 2697 855 2243 2417 112 1783 1850 1511 144 774 1936 1094 908 1442 253 2196 1142 2262 2341 1165 2519 1718 2377 2219 1479 1325 2302 2492 1682 1455 7 1002 1079 2145 2251 2416 392 1676 256 1387 1969 1731 1138 535 2420 1871 336 709 519 1495 800 1110 151 2087 2763 942 1040
2502 2152 1371 84 1605 2141 1726 941 1953 2572 2263 1139 2567 1525 2841 2348 214 1280 1866 5 2623 2678 1602 844 1171 2386 244 2751 22 1515 2457 2109 1214 2115 106 1696 1198 2448 1199 1616 1084 509 785 1659 1205 117 2203 96 1632 1927 2128 744 2153 1032 327 2374 2303 894 2030 2060 2554 189 2056 419 1661 1364 1960 1064 1184 621 609 1113 973 298 1979 45 1083 2725 1251 150 2705 851 2831 2182 2464 2522 762 2791 2688 1488 957 2760 1768 474 1738 732 183 236 2401 171
1845 126 2624 688 2601 2471 990 1323 1235 502 103 297 1767 1114 1186 848 284 1340 578 1830 768 931 2314 2276 702 1391 522 1413 1608 1107 903 1908 835 65 2388 1821 1720 1310 250 1512 2667 1975 1254 684 1759 601 1557 1390 2622 1165 2302 2757 315 2663 2 1406 277 2323 767 1012 1075 2653 1252 2299 1834 191 2015 431 2151 249 2561 1357 2149 1243 1334 39 1905 2000 2161 1519 293 2315 853 951 2516 1969 1511 1801 886 2518 2730 2478 2288 2772 18 2671 29 1670 2787 2495
1141 1506 2070 1780 1274 1127 1505 2669 27 858 1612 1918 1961 216 2025 192 61 1262 1598 113 1787 383 207 2698 2794 1273 2396 200 296 625 356 2316 618 2017 408 1282 455 1435 679 252 49 2311 654 653 225 1168 1356 1299 209 1248 1472 525 1829 1216 239 1503 1024 561 2765 2091 2164 2279 1875 2137 799 2565 33 2232 412 1140 1011 1021 245 2531 1297 1781 838 138 290 1018 1917 822 1692 771 2611 782 131 268 1924 139 344 1941 533 449 495 2402 2814 2142 1972 721
1795 1773 1513 1847 617 1161 2542 291 1561 2016 832 2656 751 1228 2242 1334 1785 2149 1693 540 2129 1535 783 1197 310 1346 1019 465 499 1672 1836 1593 2022 2827 1743 63 1685 954 132 2700 182 2441 576 1333 695 1434 983 95 1176 149 1856 2114 2112 2190 1004 2437 596 1760 1116 1713 683 39 1298 898 2547 1712 1087 1166 1631 1103 2202 676 1343 2409 75 940 714 739 777 1714 1213 1999 1914 1353 1786 1838 2113 1224 2066 1971 1996 949 2111 824 2737 2784 91 614 2281 737
1145 612 1047 2747 2098 1023 141 2055 453 401 1628 2163 1163 760 2679 1872 1903 1085 2122 816 177 174 2829 981 2775 1688 1415 461 72 156 2636 2274 2009 823 164 1808 1404 1784 99 460 694 1510 2218 172 2655 2722 1976 595 666 208 1160 1436 1155 73 1241 1717 1100 2577 2587 731 2126 1089 2469 399 1504 477 2362 222 2074 380 2452 437 1599 1305 2071 2512 1233 2527 1933 2839 1741 1806 1182 1746 152 1956 2177 696 1003 1052 2819 1811 1704 1339 2795 755 650 1376 2799 2674
2784 483 240 1300 789 1883 1353 16 1469 1447 2546 1389 44 2178 2066 545 1213 304 2113 1115 376 2579 761 2504 328 766 1483 1898 2249 2238 2381 407 2277 1093 2317 2540 101 2759 1996 1394 1106 2190 341 983 39 374 1801 436 1728 737 824 1427 395 251 1900 2644 1361 2288 1091 1693 2281 2040 777 754 1476 1304 1804 1559 1231 1683 989 132 1176 576 88 1593 2202 2745 2547 2239 967 1451 2437 1971 572 1178 364 926 2000 1161 834 1230 60 1672 581 2495 1836 564 529 2422
1262 799 455 2232 1568 822 2137 2693 1506 2531 290 1831 1789 1655 113 1503 927 1011 1395 1024 1921 464 452 1706 1141 1972 1317 2715 721 2142 653 1050 2402 1932 2070 1755 758 2061 1505 1118 1647 1875 383 1143 268 389 840 2285 2765 1062 1756 2053 31 1918 1297 1039 2565 129 1097 1140 241 89 314 580 2470 1612 1216 805 2669 27 1293 1822 1924 501 326 2634 418 838 1813 209 408 159 49 1303 2794 1780 2062 2505 2465 2236 936 1274 1787 654 245 1662 131 495 1022 2611
2840 1663 445 1328 1623 2707 1679 947 1444 2241 51 1993 1617 1045 1782 1054 2836 2767 712 1381 1544 169 1658 1422 155 1649 1640 2439 2837 2515 2011 2050 1218 305 562 735 1369 2130 550 1489 197 64 2454 2628 1417 439 860 1261 1552 463 1796 1840 179 2714 2545 1569 925 260 2826 2631 645 900 2721 1710 659 2649 2650 100 1416 2713 26 2034 480 1948 2289 563 48 1437 1870 440 556 1860 348 2769 1051 715 2272 2832 2352 1701 1096 1878 1788 1486 2088 518 2790 943 194 2817
70 1125 1753 2772 2777 2077 2478 2561 1842 2510 18 431 2757 1035 1252 1390 1839 1557 1834 2 2663 951 601 2015 2818 2161 1759 2622 315 1165 1075 2315 767 2702 277 2302 202 191 2323 2149 1418 990 522 369 103 1235 1443 1845 121 502 297 2471 1413 1747 2016 1460 1114 578 2601 536 1065 2624 684 1012 1938 1798 1951 1323 193 2686 569 2656 164 250 988 1955 2000 1427 2509 1406 1801 1830 2276 702 2242 931 1980 2653 1833 1975 1767 688 1340 1391 737 485 251 2409 1175 1394
1790 935 2096 836 1305 2750 2071 1933 2156 2645 1321 1098 2201 1052 1709 2432 897 2512 222 1638 1436 2342 2450 1504 850 1736 755 2218 2362 2355 1806 1621 2420 2446 599 1044 2691 2452 666 2537 2642 2593 1006 908 586 459 1763 1082 1308 1090 144 443 2167 141 2095 612 320 177 2317 2829 1903 981 2679 1023 2437 629 1178 301 1355 2122 2318 2268 2331 2163 632 461 2631 16 1682 2823 1145 453 1047 516 1447 1811 630 1750 1167 37 131 2394 396 2627 1142 1170 1990 869 1245 1200
72 174 2636 2009 156 2775 1415 172 164 2722 460 2577 694 1784 1241 1145 1688 2274 1808 1404 208 595 1510 2655 1155 1717 2587 1160 731 1100 816 2126 2469 1085 1163 1089 2679 2163 823 177 99 2122 1023 1903 453 401 2055 141 2829 1628 399 612 2098 760 2747 1047 1976 1872 73 477 981 461 2074 1599 2218 1233 380 437 2452 666 1436 1504 1339 222 1839 703 1305 2774 1065 1335 1173 2003 2642 152 1704 1741 865 932 1956 2090 1088 1974 536 1182 121 2812 671 2325 1270 916
2551 2018 2146 1289 2284 719 2008 764 247 1403 2824 153 615 1351 1534 914 35 1157 1493 1915 190 1577 2603 1359 2585 723 812 1121 539 2209 2582 1997 1772 303 450 1204 343 206 862 1633 1751 2485 2487 2019 1347 462 549 1128 357 2233 2555 2254 871 1507 2192 1247 2165 874 2550 1970 2058 457 1277 294 55 2733 14 1734 495 604 536 1132 1745 212 873 1595 1727 2604 1177 517 2453 2204 1136 58 1690 397 66 929 2641 2802 1104 1517 2159 121 2360 2684 1669 1028 107 1467
741 795 1215 2517 2185 2269 1411 1129 2584 2298 2801 2139 1684 2189 2529 2576 2524 2738 2833 1619 2092 2371 2460 299 2363 1694 2844 352 879 1982 1509 2385 1925 667 2797 2776 1539 143 2473 557 1549 1242 428 1440 262 386 888 1360 372 264 1814 1863 1630 969 2412 2455 1009 273 837 2484 1622 2403 166 2104 160 891 2616 2063 718 1122 1078 1815 1294 472 1735 1530 2094 1 1520 267 1291 1571 641 1238 2100 2468 2338 1278 600 1373 2771 1446 665 2175 2727 2731 2226 2158 1112 1514
998 1583 2792 567 118 1791 1354 952 1531 1769 919 2252 2065 2778 9 748 1854 1063 1579 1470 887 1179 517 2328 808 1578 2682 1970 382 778 2491 930 1651 2711 1977 916 227 639 1657 841 2647 928 2729 945 1920 2097 2042 1851 1667 114 1770 982 1585 2379 2723 819 2575 763 1528 2165 2310 2679 1903 164 2225 156 247 2361 1415 177 1163 515 2122 2019 816 453 174 2775 2028 701 1655 1031 1339 2274 2349 2018 2550 1132 492 532 569 1085 721 1507 121 871 2163 782 1018 326
331 655 430 478 2236 999 726 2301 1097 1293 2062 326 159 2407 580 1967 1008 1475 1143 363 1118 1822 1692 390 31 108 1635 1730 1715 484 2465 2505 2053 2715 471 1050 467 1124 1378 455 1662 753 1297 786 2398 628 1026 1438 1395 2059 1789 1929 1755 936 2687 1022 1037 927 464 1756 1220 1831 1648 1655 782 2765 2406 1706 1187 2429 1317 1018 504 402 2061 1921 314 806 295 1140 1972 1275 2806 2634 805 2402 721 2470 758 840 2632 53 1647 1262 1465 1918 1048 2611 534 89
1487 1471 953 924 2573 909 1400 1687 37 1763 1090 2494 1113 84 922 1006 1308 1082 2167 459 443 1697 2620 586 2222 205 2268 750 334 2706 2571 1183 1232 1462 1882 1380 956 167 1188 2841 335 411 835 2216 2535 1603 594 745 1474 1084 1570 1284 650 1541 2179 1288 2449 275 1922 690 1537 1703 327 1205 325 300 448 1671 1891 298 762 1184 285 820 2688 2303 8 973 2677 1536 144 117 1285 2161 20 468 614 1371 882 1456 475 2678 2726 2425 546 2503 122 1661 1502 2387
2034 2545 1796 2433 1453 2713 2376 64 1490 1569 100 715 48 2721 2309 1901 439 1860 562 201 305 1584 1640 155 2023 2213 2045 2815 1096 51 2650 2272 747 1948 2556 1416 2755 2826 1636 563 659 1993 1316 260 168 1878 1051 1407 2631 1123 1148 2241 1381 1658 2289 2088 792 674 1496 1782 1965 231 1218 2352 204 1552 900 2239 712 2553 2700 645 2046 832 784 2628 1486 992 2135 2836 2439 1586 1437 1840 550 2419 194 683 1116 1617 2714 497 188 486 1663 1045 559 1307 2781 1593
1179 2328 1977 2491 1651 2682 2252 1578 1063 1769 1531 748 952 919 1791 2065 1354 2097 2778 887 1583 1470 118 567 916 1851 945 2042 841 930 982 1579 639 1657 2792 928 808 227 1667 2647 1920 2729 2723 9 2379 1585 998 1770 819 114 2575 763 1528 2225 2310 1211 1854 517 2349 2711 311 382 528 875 1688 1023 1970 1210 1047 156 1367 102 2143 2274 345 193 2055 1404 513 2028 121 988 2103 2698 2090 453 961 401 975 2658 2692 1628 823 1268 566 903 1593 24 1808 536
2586 775 1805 1611 1169 794 960 1626 2447 2368 357 2780 2701 2621 2329 279 693 2136 1244 818 2630 834 393 1646 1016 1120 1147 102 2297 584 2518 2651 2605 2240 2637 1678 863 2804 2211 1832 1372 2080 1192 2347 845 2395 339 1732 2805 830 1450 1523 373 2275 1259 2345 1691 1482 2695 2383 603 469 2020 10 575 1073 2254 441 1459 2019 457 2754 371 876 321 1014 2555 2192 2233 86 1277 1734 2058 1959 1727 1669 145 1507 462 1620 1104 2550 2653 187 1748 1467 379 736 32 902
1254 1310 1512 65 1107 903 1720 1821 2388 768 1608 1340 250 1975 702 1908 684 1830 835 931 284 1114 848 1767 578 2471 2601 1845 2276 502 990 2624 297 1413 103 126 1323 688 1235 1186 1391 2314 522 83 2802 2239 993 1277 2383 2754 1120 1919 373 1669 800 357 187 2073 483 2340 2733 2005 2006 1016 1147 102 1410 1458 1104 32 1467 462 2695 397 2641 55 2080 1811 575 845 834 400 2176 2036 736 2284 441 1507 541 1289 902 2146 379 2605 2550 2019 414 2780 1950 2630
1146 1752 4 1545 1624 2411 1644 1202 1799 59 2528 2389 626 312 817 1934 2832 2501 2817 1926 1407 556 987 2790 1656 2082 1737 2367 2270 2044 1102 188 2069 635 85 2300 1405 266 221 943 547 1386 826 283 2477 611 1319 613 950 2515 2714 2011 1983 659 550 2631 1782 305 1190 2707 1414 2840 2767 1092 1381 1328 2574 169 1489 1837 1208 463 2397 2781 1623 1948 1710 860 433 1422 445 2836 1552 1663 2312 562 197 1640 2544 1468 2289 271 1029 1617 2343 1658 2564 51 290 947
44 16 2317 1447 1469 376 1483 2249 2437 1178 761 1990 1836 2700 1672 1057 1224 1713 2422 1183 1714 2523 1116 47 1838 1914 34 683 1535 2180 2129 2785 2202 88 2190 2745 465 832 830 1476 1449 603 1450 1620 1346 983 1732 2275 1593 596 2547 95 1176 2281 824 1996 2441 576 1856 1073 1678 291 777 1693 1304 60 483 39 441 83 2827 1103 1482 1743 1749 132 2239 230 1523 751 1300 1147 2111 2555 1727 2695 310 1999 834 1277 540 2096 2058 845 2296 269 792 2288 1804 2446
2827 2441 310 2111 1856 95 596 1999 1103 1749 1743 2547 291 576 2149 1693 2202 1176 1093 832 1631 2190 132 983 88 824 2112 1593 695 2745 2542 617 1914 1343 1004 2016 1434 1476 540 2737 2785 1197 1561 2656 940 1535 2242 1334 1019 1298 783 949 1760 1712 63 1795 407 1513 689 198 2125 954 1773 751 1713 1665 149 182 1685 1847 777 2004 75 683 1365 1116 1672 60 1483 1714 1758 2497 2129 1161 2116 499 493 465 1087 376 2700 1346 1333 2422 1930 421 1836 280 2493 2838
1944 2294 1055 2728 2207 725 1056 2558 2766 1825 165 1940 1986 2825 447 494 2580 204 1130 2435 146 1899 2291 2057 137 2741 1212 1223 1874 574 2135 899 116 647 1606 1452 2683 2639 2708 2842 657 1185 2438 682 1777 2813 1937 491 1876 2569 686 1592 2506 2248 1841 1463 2382 677 2736 948 1868 2041 2286 140 1935 97 2393 1639 2292 1126 1464 1067 1547 329 1076 692 2719 804 1439 1134 2511 79 2258 362 2319 2089 2220 2526 974 2704 1962 1473 790 722 1931 2809 246 1721 442 1433
1439 574 2291 2057 2051 1223 2683 2639 647 1874 494 2183 598 146 2220 1931 482 2499 2435 939 531 2526 2704 1899 1433 2089 1088 1725 2427 657 368 2708 444 2445 1592 2569 1185 255 682 2438 491 274 1408 1330 271 864 994 526 2440 217 608 1771 1942 508 1777 1998 1555 677 974 2625 2037 1677 140 2712 1868 2308 1892 2580 2393 637 521 1944 1452 2728 2286 948 790 1055 1937 2719 2657 2617 2502 2152 1139 619 2359 266 1949 725 1639 1473 1202 1752 2421 944 59 2389 844 2367
1944 2294 1055 2728 725 2207 1056 2558 2766 1825 165 1940 1986 447 204 1130 2825 2741 494 137 2580 1212 2135 2057 146 1874 2291 1223 899 1606 1899 2842 2435 647 116 574 2683 2639 1452 2708 2506 1841 2438 2569 2813 657 1185 682 1592 491 1937 2292 2736 1126 692 2382 1777 1463 2248 948 2286 2041 140 1868 804 1547 2258 2393 1935 2719 2319 2511 1134 790 1464 329 1067 677 1639 1076 1876 686 362 97 1490 246 1901 1962 442 1453 1486 260 1878 2436 900 79 2309 2419 305 168
1933 2071 1638 1098 1321 2156 2645 897 2750 2432 2201 836 935 1052 2096 1709 1790 2342 1806 2450 755 1736 1305 1436 2512 222 1865 2362 1504 1621 2420 850 2218 1044 2355 115 2823 38 2318 2313 396 2627 1995 2691 1858 629 1260 1015 2446 2222 2335 2839 2261 1514 685 2194 99 908 1682 612 1153 468 1387 2537 42 809 2101 1761 83 2264 1990 2339 661 1764 2296 1227 1006 1474 1047 443 281 2795 1449 1456 2030 2570 2452 1910 122 1804 147 1539 2083 1284 483 358 2535 745 8 1355
213 2408 707 2638 2354 558 1448 135 1265 2615 2413 2566 520 1269 1945 2295 232 1849 1867 1383 19 424 119 1722 1296 2390 1478 80 1529 184 2472 1733 218 2744 2024 1728 1984 1597 757 1231 24 2143 426 634 1804 1533 2430 967 2756 1312 2021 1689 754 2320 2022 739 2533 1149 63 29 1019 2827 695 1333 783 954 1749 1712 853 2111 2112 376 2737 182 1298 1760 310 149 1434 1685 949 293 1004 286 2172 1343 2441 1631 1856 983 1469 1785 412 1999 746 2838 132 1483 1598 1898
2689 2365 2370 2534 705 81 2527 2119 2716 849 2552 587 2819 2181 175 523 2479 1827 2500 458 152 2283 505 1896 313 847 238 1563 28 2557 1741 734 2674 92 972 1339 1532 2177 2191 1376 1708 696 2250 1335 2814 2228 2099 2681 671 1704 330 354 1956 532 968 1111 2193 1117 1746 2052 1010 711 2028 2799 2742 602 1555 1680 2764 1955 68 2396 2592 2144 2322 2265 1917 2470 503 553 2237 418 120 806 2597 780 12 131 449 1332 261 772 1314 207 2059 129 1481 1273 1789 534
2471 2601 502 990 1845 2624 688 103 297 1235 1323 284 126 848 1114 1830 768 1340 931 1186 702 1767 578 2314 2276 1608 1908 903 522 1391 1107 1413 835 65 2388 1720 1821 1512 250 1310 1975 1254 684 2667 1759 1406 2757 1165 1390 1075 1557 277 1012 2121 2478 767 249 1753 2302 2622 2149 988 1125 1810 1839 2077 485 202 1175 431 1905 193 569 2350 2772 2777 121 2016 627 2509 601 2561 1834 2323 70 1809 1065 2240 67 1001 18 2090 1306 1035 1793 1951 86 1207 1334 315
394 1879 2093 1906 607 2392 2357 631 1058 2596 2140 2796 1518 1301 446 2049 530 451 1604 1290 1613 1909 2282 1017 662 1981 1119 1567 1237 2064 921 1978 1002 2660 984 2262 918 124 2543 708 1491 996 2530 193 527 536 700 1132 2233 2675 988 1621 1618 345 591 2692 997 1588 1564 569 357 237 2254 457 961 2090 2234 121 391 1988 1028 616 1259 1645 2360 1060 154 1327 1587 2159 2781 2212 902 651 2033 1904 87 590 1690 32 2637 1181 1268 716 1734 2684 1516 2333 852 2192
2840 445 2515 2011 197 1710 463 1788 2375 2241 1417 1663 2289 860 1422 2707 1045 900 550 1489 1437 712 433 1328 659 1552 1623 1701 1617 1208 1895 1983 2454 1092 2397 1486 559 2544 2714 1679 2826 489 260 1369 943 1381 2050 1658 1307 2767 188 2130 480 1993 674 1782 2832 1656 2133 1054 2574 563 2652 1029 2817 735 1870 2769 817 556 2419 635 645 1948 2836 1405 1444 2084 1190 1934 221 348 1878 259 2424 1218 51 2753 769 1416 26 1624 168 134 947 2650 169 179 978 1644
536 1132 1588 569 193 121 988 2090 2333 680 1268 1431 36 2117 733 500 866 1793 1430 1499 1886 1699 2078 1553 1492 1053 142 176 432 979 571 878 429 1065 2227 1033 332 2743 2786 1393 2668 597 1686 1562 802 1890 1418 340 21 554 417 2029 901 555 886 1256 199 2384 289 1888 2568 2217 2451 2415 2108 681 62 1398 361 868 2423 427 893 302 1266 743 2406 2808 78 612 2640 1648 1906 1008 1952 1023 292 2055 1929 1341 1789 2634 2798 2515 2407 460 1399 981 1047 729
2044 2528 2501 1934 1656 2411 1644 2790 1102 2817 312 85 2832 1624 817 1926 987 188 943 2300 556 635 221 1407 1405 1319 611 1386 2270 2082 547 659 2012 2213 1552 2397 1983 1208 2011 197 1092 1146 2631 463 2574 1737 2375 413 224 433 1948 2779 1489 606 1788 2454 1414 319 769 630 1422 1417 860 2001 2538 155 1752 1710 2358 1416 1461 283 1029 626 4 445 559 915 2222 1895 1305 2774 1782 2391 1817 136 128 2289 854 1316 1993 2419 2076 1096 2400 1501 2714 2564 1190 1284
2840 445 2515 197 463 2011 1710 2241 712 1663 1417 1328 860 1045 1369 1489 1623 1701 26 550 2375 1679 1617 1870 1381 2707 1552 2454 1658 925 1656 2817 348 1782 1644 2050 2649 1422 659 2714 2528 1788 51 1993 1934 2397 556 817 900 1437 2790 1624 2836 1983 188 1208 2767 1407 2574 735 1092 179 943 480 1544 1486 1926 1416 1054 947 559 2130 1948 169 2832 1405 2289 2826 2439 2419 1218 987 260 2769 312 305 221 2544 1444 2411 1640 64 635 562 433 1569 2721 674 1307 2034
1518 2049 2282 631 1290 2796 530 1058 2140 1301 921 2064 607 1017 451 2596 446 1604 1567 1981 1237 1613 1909 662 2093 2392 394 1879 1906 1742 2357 1384 337 1119 2257 2660 1554 813 2696 1681 487 1978 966 1705 710 2782 1673 942 1370 54 1105 1331 908 660 2085 1893 1396 243 542 2543 984 360 1614 1739 2259 2600 1853 355 1000 2458 1695 50 1002 2243 2087 220 2664 2369 400 2781 988 2090 175 2006 1060 2609 734 193 1132 1142 2340 682 124 536 121 1099 1618 1904 2822 869
834 1244 393 2136 2080 1482 1646 1523 441 575 2383 584 1691 2754 2695 1016 2395 373 845 1277 2019 2555 863 1727 2058 1120 1147 339 830 1450 1678 2550 2518 1507 1732 1104 1669 2275 1073 2641 603 1620 55 2604 2176 397 1177 107 728 1194 2414 187 736 2239 462 1467 1044 1324 2733 2326 1621 2254 1178 2159 2233 2360 147 1087 83 1517 2192 2495 32 1919 357 2595 924 2114 1028 2802 590 1734 2422 902 541 1791 2684 2661 2752 1950 1719 2033 2340 87 465 577 414 457 2780 2281
1416 1096 1948 2272 1316 2815 2556 1496 1051 2352 747 1796 1860 1636 1965 194 2545 1584 2721 2034 2713 1218 64 2755 2023 1261 1569 305 1586 2241 562 201 1658 715 1381 100 2309 439 48 497 1782 2045 2628 2433 51 1993 1640 2454 2650 712 155 1422 1490 1453 2769 1617 1407 1901 784 563 659 168 231 2631 663 1548 2289 2714 414 1840 221 319 2538 2707 2376 1045 1362 1897 674 260 947 1544 26 2046 1123 1878 258 2817 536 348 2836 550 2439 1623 1926 1552 2826 1328 943 2270
1570 1858 1610 468 1260 2313 807 1884 1221 980 372 20 285 454 298 2118 973 1015 2222 1285 6 582 546 2726 2162 448 1865 2303 669 1844 167 1084 2268 2194 1603 1456 476 2791 2643 1153 1284 2261 1227 2030 1744 1425 661 1761 1537 122 759 38 829 1286 2677 1541 820 1661 2627 1188 275 459 425 506 565 1080 750 1205 411 117 2168 334 1882 1637 163 1702 1061 1556 1184 690 2425 1995 922 2387 181 37 1697 1768 396 650 115 23 1199 2014 388 375 1659 1880 281 1979
1044 1621 834 1719 897 2452 908 1804 2296 2537 967 599 792 2260 2446 2642 1482 2235 739 2555 2080 666 1277 422 91 499 1727 1112 465 924 984 147 2224 2754 441 2573 1270 1593 2550 2595 1006 2495 2339 1447 1327 1469 2212 2383 935 71 540 85 1523 2136 1104 974 2695 665 1258 575 1271 7 2481 1194 1620 2793 1514 1507 2246 2530 1669 996 1409 141 345 115 638 2253 612 1200 1978 1016 2019 30 16 1273 2823 2619 2340 1244 1023 1624 1491 2747 1353 567 1095 1119 932 2163
44 16 2317 2249 1447 1469 376 761 1483 1178 2437 1057 1183 1990 1672 2700 1836 1620 603 1732 1224 830 1713 2275 2422 1714 1914 1073 1116 2523 1450 1678 1838 683 2785 47 34 2202 2180 2129 1535 88 339 1147 1482 2190 2745 1449 1523 2695 441 1476 2080 2518 1646 863 1120 983 1346 832 845 2547 60 2383 1176 465 2281 269 1996 824 777 39 1856 2441 596 291 132 1693 104 584 1103 393 2161 1380 483 474 2827 599 373 1548 2288 1110 112 94 2446 1244 695 2111 1309 576
2077 2478 2777 2772 1753 1125 70 1842 2561 18 1252 2510 1834 2 2015 951 2663 2818 2757 601 431 2161 1390 1035 1557 315 1759 2622 2315 1839 1165 2302 767 191 277 2702 1980 1443 1075 688 426 2323 2685 1235 2653 1869 1323 103 2000 1845 1186 2054 126 1597 369 2686 1391 1959 1767 2624 67 1833 2748 86 2149 2314 1413 2276 29 1801 1905 634 2121 614 2016 297 1418 2143 1460 2024 889 1951 1809 707 1451 536 121 269 39 1747 1334 646 164 1938 1989 1431 876 1065 1012 522
2840 445 1663 2515 550 1328 1045 1369 179 2130 2050 2241 712 1422 1617 2649 735 925 1870 2714 1623 26 860 2707 2454 463 480 1993 197 51 1417 348 169 1679 947 1782 1489 1710 2011 1444 2837 1381 2375 2767 2836 1788 1054 1644 2289 556 2790 2439 1544 1092 943 2832 305 260 1649 2769 1640 1552 518 1658 663 1656 1407 1701 440 2826 2088 155 900 2817 1934 1190 1569 64 312 1983 2631 1405 1926 1218 1878 2528 221 2538 2082 562 563 2397 1486 433 2501 1437 715 1624 1840 1102
1514 71 958 638 30 810 787 1445 2271 697 1360 2619 1630 2246 718 1684 1270 2481 1446 1112 2529 2616 665 1440 1939 143 386 1258 1294 1694 2298 2517 1411 1129 2584 2185 1278 795 127 1215 2801 577 273 969 1059 2524 147 2595 2444 557 2104 2468 1811 741 20 2339 1520 307 1324 2189 1355 352 879 372 1607 454 203 1540 1242 2363 685 1539 1295 414 2795 2226 342 2781 551 1807 2460 2727 1524 2839 987 2222 1629 1619 2710 2335 1349 1509 1637 1556 1 2662 2758 2013 2002 1803
663 2538 348 2769 480 2714 26 925 2454 1870 1369 518 2649 179 1489 860 550 1417 712 1710 2050 1788 1701 2130 2241 1422 1045 1758 1453 689 2125 1713 1609 404 493 570 1633 1092 1116 2123 1034 2493 1859 683 735 1901 1103 2202 465 1838 2827 95 1714 2441 549 2004 1594 2247 445 2211 1999 421 1197 1983 1665 576 596 1347 793 462 1930 704 1743 751 2603 1878 1617 977 1224 1195 1279 2840 2461 228 1914 2039 47 1190 617 2019 2721 2733 499 2547 2088 1490 260 2826 259 1856
1925 1619 1863 667 879 1982 1735 2460 557 641 2385 262 2776 2371 2139 428 888 2363 2833 1549 1814 299 2576 2797 2269 2092 1122 2731 1373 2844 991 2771 2412 1589 1295 1807 2403 264 2455 741 2175 891 2484 1078 1509 160 1009 2473 687 837 2094 1530 267 1242 226 1238 1815 1291 2063 2468 1622 2517 1159 1480 352 2811 1803 1338 1660 2607 127 1421 2633 2710 1539 1081 2524 1497 385 1816 2431 2709 1366 867 1607 2255 90 403 1862 472 814 600 1341 2338 796 573 2486 1629 317 2104
44 16 2317 2249 1447 1469 376 761 1483 2437 1178 1057 1183 1990 1836 1672 2700 1713 2422 1914 1620 603 1224 1714 2523 1732 830 1116 1838 2275 1073 1450 47 683 34 1678 2785 2180 2129 2202 1535 88 1449 2745 2190 1482 1147 1476 983 339 1523 441 2695 2080 832 1346 2518 2281 1646 863 465 777 1996 2547 1176 845 1120 60 2383 269 824 39 2288 2239 1593 1856 2441 596 291 230 94 2573 393 483 132 599 1548 2194 83 365 1309 248 95 1103 2830 1693 584 1110 870 1304
1944 2294 1055 2766 2728 725 2207 1056 2558 447 2825 1825 165 1940 1986 1130 2580 1452 204 137 2741 1212 899 2135 116 494 1606 2719 1899 2736 2842 2292 146 1126 2319 2435 2057 1876 1841 2506 2291 1463 692 1223 1134 2708 574 2041 1874 1067 1935 1185 1547 657 686 246 97 2511 140 2683 1868 682 647 442 1012 2509 67 1406 722 2438 790 804 249 12 1810 1777 1931 202 362 2286 1075 2350 329 627 2639 677 2665 2583 1001 79 2813 2220 2436 2569 2068 1592 2248 491 2305 2121
2578 377 13 2520 1272 640 828 2210 2671 2828 1668 672 2602 1374 933 1754 323 865 2047 1337 1949 370 56 1041 1249 2032 2421 2083 2428 1910 1189 1038 2629 1429 2570 2539 1329 2795 2798 2335 2839 932 2031 1764 2120 955 729 2038 698 2221 1049 839 1070 1521 964 1399 1449 358 979 2423 1240 43 941 1108 1768 2502 2687 332 504 743 1033 1890 2227 1393 2108 176 2783 1275 159 2761 340 326 2786 270 1562 2513 1929 220 1598 2743 2152 554 2387 2451 1605 1283 429 802 31 2425
2542 2656 2016 751 2149 1334 2242 617 1693 1561 291 832 310 1019 783 39 2114 63 954 1197 1357 182 1685 465 1434 2827 2281 2112 1004 2441 2288 540 1535 1343 1513 940 1773 1333 1760 1298 1346 499 149 2737 1795 1180 1712 2129 1161 1847 926 1743 1786 1593 1856 2495 75 1818 564 949 596 198 1672 576 1836 2224 581 1091 1087 95 2022 132 2497 777 230 1116 1257 76 1207 676 614 2409 2190 2111 1176 1103 1971 1558 824 1996 2072 1714 1713 1166 1914 983 1631 683 898 695
1083 732 1702 181 620 1797 2263 2643 2572 1525 419 1371 894 2374 2678 2554 96 759 2623 2153 1632 1280 2386 2441 644 582 2827 2442 1251 2448 310 1364 2522 1726 2048 1856 2111 2720 6 387 2562 1032 2761 2056 844 189 2060 45 762 1064 2498 95 1198 596 1336 2401 106 2688 2188 2502 2116 1927 1768 1013 621 941 84 2831 636 2807 2182 1108 183 2141 1880 689 1365 1515 474 2760 236 1318 1596 2425 661 2004 481 171 1084 42 1205 2608 2612 2125 2203 462 971 949 1693 2476
663 2538 2769 2714 348 480 925 26 2454 1870 1369 518 179 2649 860 1489 712 550 1417 1710 2130 1788 2050 1701 1045 2241 1422 735 445 2840 2289 1617 1453 1983 1552 1901 2358 556 2011 168 659 404 259 2375 1609 1092 1758 2544 2652 2076 2826 2148 260 1486 188 1878 674 95 2650 977 1307 493 1414 2007 319 2832 1197 524 1060 197 1999 978 440 1644 900 305 1172 2004 793 1569 2397 1046 433 2312 2753 463 1743 2827 1103 769 312 563 1190 1713 596 784 1948 1313 2088 1148
1944 2294 1056 1055 2728 2766 2207 725 2558 1825 165 204 2825 447 137 2842 899 2135 1606 2741 1212 116 1940 1986 2511 1130 1547 2580 1134 1463 1935 246 2041 1067 1452 97 1899 1841 2435 494 2068 2736 79 146 722 2708 2665 2057 1126 2813 2438 2292 686 804 682 1874 2569 2291 362 2248 1223 2286 1592 1876 1076 1185 1937 2382 2719 140 1868 692 574 1464 329 2258 657 2305 491 647 948 2683 271 1931 2319 608 1639 442 2639 2393 1777 2506 1486 2220 677 864 2526 274 1942 526
730 338 1466 1325 1442 2516 1526 1511 1969 1455 1670 336 406 1165 191 1779 568 2302 1385 253 2145 1498 2299 1992 2102 1946 1243 1068 1379 1007 544 2730 2151 2341 2377 800 2290 535 2364 2549 2746 112 1850 2788 1005 1079 2763 1311 773 749 1131 434 2219 2843 1707 821 593 937 709 410 248 1783 519 1527 365 1040 855 1894 811 315 673 1110 1966 1794 1142 678 1424 2560 2492 1581 392 1020 2251 1309 774 870 1133 1573 717 2243 605 257 2830 648 1936 1634 1174 186 2519 1968
2677 1232 865 629 2210 281 13 1272 2571 2421 650 640 285 851 1221 40 2671 2666 2520 750 1541 2387 475 334 820 1603 1916 2346 1754 2841 1570 1949 2726 1723 372 1374 2828 1744 2620 1537 1768 1882 614 2602 690 2149 2362 37 2494 1113 1668 1891 2132 922 1038 323 1329 672 5 669 2795 2162 6 2839 1080 807 1960 1922 2171 796 39 2502 1184 933 2542 2043 420 1065 1884 2691 1397 327 1227 1137 2810 2460 2001 980 853 370 2768 580 425 156 1143 411 2000 835 117 2656
2725 609 957 1766 2464 2404 1889 509 1515 2457 5 844 2448 744 1139 244 214 1953 2348 1602 1605 2751 1696 1199 2109 1171 1866 22 2152 2115 2567 2502 1214 2841 106 941 43 1616 2168 1596 1802 2128 466 2678 971 807 2425 2572 270 498 1761 1880 1768 785 420 2188 2476 1726 1927 1326 1108 650 1661 2014 1283 1397 1061 2761 375 2048 425 1632 84 820 388 1797 1080 2498 2124 669 1153 829 1858 13 1744 1541 1637 163 285 148 1949 1364 2153 1227 640 2230 2562 2726 1603 1488
849 2552 2819 175 523 2283 2500 2181 587 505 238 152 1563 1896 2479 28 313 1827 458 2119 734 2716 2674 1741 847 1339 1532 705 2689 2370 2191 2557 2534 2527 2365 2099 81 972 1376 2250 2228 1335 354 1708 330 92 2814 2177 2681 696 1704 671 1956 532 2742 711 68 968 2028 1010 2193 2052 503 261 1117 2592 2322 2470 1503 633 1473 120 772 2799 1917 602 1746 1852 1111 653 12 2144 2698 1314 1680 2396 1182 2265 383 553 1273 2764 806 1885 2429 1151 2794 534 2142 1789
1083 732 1702 181 620 2374 1797 2441 2827 1632 96 310 2572 894 419 2263 1856 2111 2153 1525 2522 2554 2678 2386 2056 2623 2116 644 2643 1251 1371 2048 596 844 1064 2004 45 2141 2720 2401 1364 2603 1336 1013 689 2442 1365 582 762 95 1280 2448 2125 387 189 1726 2562 621 2582 2612 746 1032 1749 2761 1665 1019 462 171 106 2060 1204 1743 63 570 636 1927 1758 1108 1733 183 493 1693 294 42 1093 206 2202 1318 407 2182 949 153 1768 647 133 2744 2807 940 1343 198
2542 617 1561 2016 291 1087 2242 751 1334 540 499 783 898 1558 1019 714 465 1166 2149 2656 1631 2072 614 1137 93 1590 1207 895 2409 1228 63 853 1685 1928 2022 954 1785 1333 2114 182 676 1693 1197 576 149 1353 1161 1971 1257 832 1346 1786 1213 2113 1513 2066 1773 1434 1847 2546 581 1683 1760 310 1593 1712 1093 1389 1898 407 2129 737 1106 304 2112 2178 2260 824 1801 1883 545 2540 1743 1298 39 1559 1357 2277 803 1451 1115 1091 792 91 2000 1535 1795 2281 2827 1804
1278 2189 795 2801 1411 1694 2584 2185 2616 1215 741 1630 2727 307 1129 1520 1360 1684 1112 203 2399 2298 1 1524 665 1294 1446 551 1258 342 1514 697 1445 2481 2158 1270 1572 718 638 1349 30 71 1540 2529 1509 2444 2619 685 391 810 787 234 2246 1629 2738 2517 46 2271 958 913 1618 1571 892 352 1440 2100 1059 1939 2255 2662 642 2740 969 2340 386 372 127 195 2339 846 2253 2215 1409 154 961 577 143 2781 17 2524 344 2372 1034 1947 2635 600 2468 2403 1095 2548
2755 2023 2045 1584 747 258 1320 770 2545 1796 1407 2622 1557 1390 2757 315 1562 1759 414 2034 2668 21 1980 1252 1834 2015 417 1398 1548 70 62 1073 1479 199 1890 945 2818 2272 595 302 289 1366 1431 1142 1065 1628 361 733 981 1256 597 2451 519 760 681 2702 164 983 2302 893 1732 554 78 1928 1165 2108 2746 208 1707 2384 832 1442 951 1783 410 590 500 866 1075 1510 76 1770 2296 1023 156 36 1888 1131 917 830 1033 902 1851 961 176 853 601 1387 2190 536
1475 2236 726 999 314 331 1967 1124 1037 390 2059 1635 2053 484 806 655 1715 1050 534 467 430 2429 53 1662 1648 2470 2406 478 1730 418 2301 2244 1140 1789 1187 2687 780 464 1655 1465 1831 1755 2407 2062 927 2693 1022 1929 1008 1097 1706 786 1481 1293 1297 455 580 159 2765 326 1143 363 295 2715 805 268 1273 1692 31 1275 1378 2806 1118 108 52 391 2698 1822 2285 504 1503 1011 2505 2465 1024 225 471 290 1395 1787 799 1438 2142 1875 452 501 1756 840 1568 1317
2305 79 2068 722 2665 1067 350 246 2511 1547 1134 1463 1935 2842 2041 97 12 2135 1606 137 1212 899 116 2741 204 1076 686 2286 2598 2436 1464 1868 140 1452 2766 2294 804 329 2382 1944 2813 2292 2825 2580 1937 1055 1126 2248 1639 692 1777 2736 948 2319 2708 2558 1185 442 2719 2393 447 2728 1223 1962 165 1130 491 725 1056 677 1841 790 2438 974 2506 657 2569 494 682 146 1899 362 2207 1473 1874 2435 997 2119 2507 2258 1998 1592 484 711 1825 483 2239 2370 2698 83
1721 2809 1876 1473 12 2622 1753 1390 1125 2315 1557 1759 2777 2772 2077 2702 70 2757 315 2478 1252 2015 1834 1980 140 951 431 2499 1842 18 2510 2685 1868 2818 1055 2294 974 1452 1165 2161 1955 191 2561 1944 1117 2051 2719 1895 271 1067 1012 1869 1942 2 121 2663 1075 2728 601 1845 2302 1076 2506 670 1439 767 598 688 2624 2436 1555 725 696 1905 2580 1461 249 2598 269 1917 1408 277 531 193 202 627 126 526 939 1314 2764 508 67 482 1406 1956 433 1323 1548 359
1453 2713 1860 1490 1901 2433 2376 201 2309 2556 2272 2815 2034 1496 1316 2545 1636 1965 1948 2721 1569 64 1796 1051 194 100 1416 48 2352 715 439 562 1096 2213 1218 305 1586 2628 747 155 563 1640 2650 2289 950 1148 1840 659 1261 2826 2241 260 1381 2088 1658 1123 1878 231 497 168 784 2046 51 1993 992 1782 645 2707 2767 2439 1584 663 1544 2001 2836 674 1623 900 1422 2553 1552 1617 1710 2337 769 1649 947 319 486 1752 712 1663 2011 161 2631 433 694 1679 2769 978
2817 817 1926 2790 1656 2300 1644 1934 2411 2528 1102 1624 85 2501 312 2832 2044 188 943 987 221 1407 556 1405 635 1319 611 1386 2270 2082 547 659 2012 860 1948 463 1146 1710 2454 1983 2714 1316 1489 1658 1552 2011 2241 197 2769 1381 1416 2213 1417 1422 2544 626 445 2034 712 1993 550 1788 1701 1096 1782 348 2397 1092 2721 2707 2574 1752 64 1796 26 2375 1328 305 2840 1369 562 2023 1208 1045 1895 1617 4 1737 1623 2781 2272 2631 2556 497 2367 1799 900 1545 1870 2545
1453 2713 1490 1860 2376 1901 2433 2309 201 2034 2545 1796 1569 100 2721 2556 64 2815 48 1636 715 2272 439 562 1316 1496 1965 305 1948 2213 563 1640 1051 168 2826 155 260 1096 1416 1148 2650 1123 1878 2088 1586 659 231 2352 51 1840 2241 784 1218 1381 2628 1658 2289 497 194 747 663 674 1993 900 992 486 204 2046 1782 2337 2769 1261 1307 319 1212 2732 978 2553 1710 2707 645 2836 1584 2239 348 712 2482 965 1437 137 906 2135 2076 1046 1544 2007 1617 2439 1552 559
196 353 98 776 2474 701 1625 1643 1819 1864 910 2361 869 1963 585 2067 781 276 2081 1402 233 2334 2462 1344 1042 2103 2256 809 381 2264 2353 69 2027 871 1600 2391 2001 1633 2363 1170 2101 1245 865 2012 2460 2677 640 2783 2132 2691 1077 40 2362 2165 1973 1667 224 2734 1565 1704 281 2278 1537 1697 941 1480 425 413 2210 84 128 1768 1696 1612 2028 862 1173 2431 1080 1987 2803 1708 1751 2709 629 285 653 2778 574 1539 915 1875 1585 290 592 2226 557 1941 690 887
659 2044 2501 2528 1934 2411 1644 1656 1624 2213 85 312 1102 2790 2832 188 987 556 2817 1552 635 817 1405 1926 1319 611 943 1386 547 1407 992 2046 2082 2034 2270 2545 221 497 155 562 1586 2011 2713 64 1381 1658 1617 2241 2300 305 51 1782 2439 1993 439 2419 1983 1208 2836 2433 2631 1422 1640 1796 2358 1840 1428 134 445 674 1878 2012 2707 2397 900 197 1569 1623 1544 2352 48 1218 2289 260 1486 559 1948 1092 2088 169 201 2007 1316 2515 1484 1046 2001 1848 563 606
2666 2171 650 2810 2043 1891 2816 2346 1916 475 1723 2841 807 411 922 1188 6 1284 285 1456 2643 37 759 1763 1308 1260 1082 1603 468 122 372 1702 1610 1221 2268 1153 459 1697 1570 1227 750 980 2726 2167 1884 334 181 2634 2779 129 1761 2313 1015 1062 1339 840 1703 820 1858 501 1865 1541 2261 2502 620 546 375 2194 1288 1090 788 1502 586 732 2118 1711 2162 1923 822 2216 582 510 2308 619 1326 1882 1605 476 2274 102 2557 1741 2795 1896 1150 1061 1006 20 2179 1932
2458 966 1495 2543 942 1705 2085 2600 1384 487 1681 1331 337 1614 908 355 2660 1742 1673 984 1554 1396 1105 243 813 2257 1370 1676 2696 2262 852 1119 1002 1978 1017 320 360 921 1739 1000 2782 2259 710 1853 1695 54 2392 2064 660 542 2664 1621 1893 2357 2596 2420 2282 1290 1518 631 50 2318 1479 2369 747 392 1718 1682 186 1301 1031 94 2331 1565 791 1387 451 1200 21 99 361 1033 595 2170 1966 1946 199 301 2490 1508 2746 1005 1510 2140 937 749 1750 1287 2299 519
1113 2494 1960 1687 1922 1400 2620 851 1591 327 1477 1184 117 423 1232 1198 1979 2503 2203 594 2115 1205 1659 2303 1502 2768 2359 2179 205 1616 148 1738 1426 23 275 909 40 84 2678 167 510 2791 2030 2263 1371 2573 420 1080 1488 2571 1397 1537 375 690 2521 498 2124 2222 2014 466 425 953 1458 1326 300 796 2101 298 1084 2386 2169 2128 398 907 973 2572 1641 281 762 474 473 2677 244 1462 306 396 1471 1423 1183 1661 2448 924 2508 1973 1536 543 1061 1866 1570 2623
1146 1752 4 1545 1799 1202 1624 59 626 2389 2367 2082 1644 2411 2270 2069 556 1407 312 1926 817 2817 1934 2528 1737 1656 188 2790 2832 1102 2501 987 221 2300 635 943 1405 266 950 1386 547 2044 85 611 826 1319 283 613 2477 659 1316 2312 1414 1552 2515 1092 1983 1965 2011 1240 2840 2397 2714 2767 860 1468 197 433 2544 1837 1381 1378 445 2713 290 305 1208 1003 1190 1658 2631 2556 1782 674 2241 2574 550 1328 2272 463 169 1895 259 1948 782 2105 2564 1437 1046 1489
70 1753 1125 2772 2777 2077 2478 2561 1842 2510 18 431 2757 1390 1035 1839 1557 1252 2 1834 2663 601 1759 2015 2622 951 2818 315 2161 1165 2302 1075 191 2323 767 522 2315 2409 1951 2624 485 1175 1306 1845 2702 2149 202 251 1443 589 1928 426 1798 1801 277 1427 2644 737 1558 297 103 364 1166 990 1235 126 1334 853 2242 1597 898 727 2540 1230 502 658 1451 2471 215 2000 2143 702 634 714 2054 67 581 1900 1747 86 1809 2686 2719 1323 1833 1406 2509 1207 121 2653
1416 1096 1948 2272 1316 2815 2556 1496 2352 1051 1860 747 1636 1796 1965 194 2545 2721 2713 1586 1584 2034 64 1218 201 2241 1569 2023 305 2755 497 1261 1381 562 100 1658 715 439 2309 2628 48 1993 1422 1782 1548 659 2433 1617 712 51 155 2454 1897 2650 2045 2769 1840 1640 1362 1453 1490 663 414 784 319 269 1901 563 902 2033 1045 1407 550 1544 348 2046 1926 2836 2631 2289 2707 231 2802 947 674 2714 2817 2439 917 2735 742 221 1623 2239 590 26 168 2767 1489 817
2767 1649 1054 645 1679 1444 947 1663 1623 2707 1328 2837 2836 169 2439 1782 1544 1381 1658 2011 1029 2628 51 2241 1840 1261 1218 1617 440 1045 2735 2840 735 445 1993 1640 197 2046 1422 2352 155 463 712 194 2650 2050 134 2130 550 2289 1051 1253 1552 305 1860 674 2713 201 2088 2515 965 563 1586 1948 260 319 2826 992 1208 2631 179 489 659 1416 900 1307 1123 497 1486 1489 2133 1417 433 2815 1437 904 2272 2375 906 2556 2454 64 2287 2649 1775 2076 860 1369 259 59
348 2769 925 663 26 480 1870 1369 2714 2454 2538 2649 179 550 1417 1489 712 860 518 1710 2050 2130 1701 1045 2241 1788 2461 735 445 421 2011 1276 2418 280 2375 2840 1034 1422 2125 793 1665 77 704 1930 197 2211 1983 1590 1552 1576 1197 57 895 463 1859 93 1092 720 659 1609 170 1743 1328 2662 1724 645 689 576 95 2004 570 1624 1716 540 1758 884 2289 1580 2574 1486 817 1617 2155 263 1792 404 228 746 1029 596 291 1644 493 210 1195 260 1358 378 1861 1292
1487 1471 924 953 2573 909 1400 1687 2494 84 1006 2620 1113 37 335 1703 956 1288 1090 2216 2230 1183 1763 205 1882 443 922 1363 115 2688 1308 1922 1474 2841 214 745 1082 1232 1995 2571 411 2823 38 2503 2768 2535 2348 423 2449 327 325 300 882 2079 8 2179 586 229 1477 1924 1953 971 391 1891 2260 1596 2222 1671 650 2470 2197 1188 2109 941 387 2188 762 1327 1865 459 2212 2495 468 2657 2167 750 43 1462 1488 2080 2666 2448 594 614 1340 2261 1880 1723 1802 2425
1947 548 2672 133 1724 493 1196 756 1664 2184 77 1930 2659 2327 1575 1792 1350 2374 801 1081 228 1375 583 2590 1551 704 263 1861 1358 1887 797 2662 2356 2456 746 2123 1758 1043 1776 1877 287 885 976 687 2332 1457 2206 57 210 588 857 720 2229 2039 2321 656 2739 1191 2174 2694 1229 1279 1765 2125 1542 2189 2004 2461 366 798 570 706 1234 1497 1034 2460 793 1345 557 879 2418 859 2363 1276 1086 1580 1432 2330 2548 2517 1859 170 421 2801 82 1392 1807 2186 1665 294
1944 2294 1055 2728 725 2207 1056 2558 2766 1825 165 1940 447 1986 2825 494 204 2580 1130 2741 2435 146 2291 2057 1899 137 1223 1874 574 1212 2135 899 116 647 1452 2683 2639 1606 2708 2842 657 1185 2813 2506 2438 1937 682 1777 1876 491 2248 2569 1463 1841 2736 2041 686 2382 140 1935 1592 2292 1868 1126 2286 692 2719 1067 1547 1464 948 97 677 1639 1076 2393 2511 790 329 1962 2704 79 804 1134 2319 2258 974 2220 1439 1473 1088 2625 2149 1771 2809 442 2526 1998 2037 1931
2298 2185 143 1129 2517 2529 386 1440 1684 1411 718 2584 1694 372 2363 697 795 2524 2460 1360 557 1445 1215 796 1630 1514 1267 958 2271 2468 1807 991 1925 1295 879 30 787 1863 2385 1549 1373 1982 2228 2844 2801 810 2771 842 2139 1619 667 888 1652 1947 1196 2616 969 583 273 1911 638 1180 1735 641 203 1081 1497 1494 2104 1704 2548 2231 2619 2184 428 2001 2727 1744 2703 2187 262 1122 266 741 2206 1629 2371 772 1335 2215 1814 2738 1811 2776 1589 2403 41 2069 287 820
2185 1129 2298 2584 1411 2529 1684 1440 1694 386 143 2517 718 1630 1360 795 2616 1294 1445 1446 787 697 30 372 2271 1514 810 665 958 638 1112 71 2619 2481 2246 2363 1939 1215 1258 1270 2468 1278 2524 741 2801 557 2460 1619 2727 1267 879 1925 2189 1520 448 2444 669 796 203 2269 2158 2631 1291 267 685 2139 1509 2595 1807 1238 1811 577 1 2738 2100 2833 5 299 122 264 1947 1982 1295 20 2844 837 969 1242 1324 600 147 1373 352 888 46 1863 414 127 2385 2104
2840 445 2515 1710 1788 1701 1417 2011 197 433 2375 860 1489 1208 259 1092 900 1437 2424 2544 2289 1552 1983 463 674 559 659 978 2148 1319 977 992 1486 1623 1123 2652 611 2397 497 1895 2200 2241 1878 1586 2133 2707 489 2826 1307 817 188 2419 2767 1428 134 675 1253 2046 2312 1328 970 906 1617 2084 556 1054 1414 2574 1737 987 1190 1679 1218 1663 550 59 1752 2076 524 2817 1656 1045 1468 1202 606 4 1046 2367 2082 1146 1624 319 2724 1948 1926 635 769 1848 2714 1422
754 1231 1728 757 1533 2756 2021 2320 1149 2533 29 2673 286 2172 218 293 2024 967 1804 1597 2143 426 24 119 2430 634 1296 80 1383 1689 1312 1984 135 1265 1719 707 240 2784 304 558 1478 2323 2295 2178 251 2054 1427 2787 2277 2113 1898 529 658 213 2066 2354 646 2472 1213 1175 1883 789 2408 2644 2638 2413 727 395 1394 184 1306 1230 2260 1849 572 983 1448 695 1951 739 589 962 1361 2504 483 485 545 436 853 1683 1300 1801 2540 2615 424 2235 766 2759 101 1798
803 364 2381 374 101 2759 436 251 1900 215 2040 2579 2238 2504 766 989 737 328 341 1427 395 581 789 2644 572 2540 545 1106 1257 529 1230 1683 2114 1898 2546 1115 407 962 1801 2323 1798 1559 1394 1361 240 1883 1786 2277 1971 2242 1451 2000 1389 1353 483 2787 2784 1951 1357 1306 293 2066 1093 727 2113 646 714 1300 1213 2178 1175 1137 1180 485 614 304 898 589 39 2656 1207 658 1166 2288 2409 1818 2054 2149 564 926 1558 1693 1091 2072 2495 751 1087 1928 1334 2653
2298 2185 1129 2517 143 2529 1411 1440 386 2584 1684 718 1694 795 372 2363 2524 1360 2460 697 557 1630 879 2468 1514 1215 796 1445 1619 1925 958 787 2271 2801 1294 1863 969 1982 2139 30 2616 2727 2104 2385 665 667 1242 741 1267 638 1446 810 2158 273 1520 2738 1366 2833 1816 1539 1 1295 203 1807 1373 2844 2226 414 46 669 2481 551 1180 342 1480 1947 1112 991 2215 888 1549 2371 2771 2269 352 299 1744 1278 2092 1811 641 2631 307 1059 2709 1270 2246 166 1660 2403
2045 2023 2755 1584 1656 1407 85 1934 2790 188 2528 2044 1102 1644 2817 2501 747 2411 556 987 659 312 1624 1926 817 943 2832 1405 1319 611 635 1796 547 221 1386 2300 2270 2082 770 258 2545 1320 1552 2034 2397 463 2544 2564 1422 1489 1092 1788 414 2454 1983 606 1617 2272 2358 1428 860 1710 259 2213 1029 2574 1046 1782 2011 1993 197 977 1417 674 2344 622 4 1208 1948 1414 64 1586 992 26 497 2241 1328 2622 178 1658 712 550 319 1381 1316 1895 2769 1390 2721 51
607 631 2093 1518 2049 2282 2796 1058 1290 2140 1301 530 2596 451 921 2064 394 1017 446 1879 1604 2392 1613 1981 1567 662 1909 1237 1906 2357 1119 1978 2660 2543 124 1060 1742 337 1384 942 1645 2085 2343 1132 220 487 1800 193 1099 271 536 966 237 988 1705 1491 2089 2822 742 527 1681 1588 2609 121 1618 1894 651 2781 674 1516 2530 996 1393 2287 1414 961 2735 694 1033 1739 54 1088 2212 2090 1327 444 554 173 2814 1892 1240 235 1893 1473 659 1888 1002 1253 708 319
2840 1663 445 1328 1623 2707 1679 947 1617 1444 1782 2241 2767 1054 51 2836 1381 1993 712 1045 2515 1658 1489 169 2011 1544 1417 860 1649 1422 1640 2837 155 2439 1218 305 1710 1261 1569 1701 2050 735 562 1369 64 645 100 2721 2628 900 2130 197 2714 2454 1948 550 715 1552 1437 1416 2650 2034 260 463 659 26 440 348 48 1796 2826 1840 1486 1870 2545 925 1051 439 179 1788 2713 674 2769 1096 559 1307 2289 1208 563 2272 480 2076 2649 2652 2352 1860 1878 188 2544 2419
1525 2623 2572 1280 2263 1371 2678 1084 1198 1726 1205 2448 2374 1659 1083 2386 2303 2030 2791 117 327 2502 1184 2203 732 84 941 2141 474 973 298 1380 275 448 582 181 1113 2152 1251 2761 1425 2831 2705 1285 620 1979 946 106 546 1802 1364 1702 2688 907 1596 2425 1768 1032 1536 2562 2476 2222 1880 1219 387 636 1502 2498 1797 762 543 1641 2807 45 1750 1170 1318 2132 265 2179 644 905 1570 481 1973 300 2608 150 785 2115 2060 2268 6 236 2188 2167 724 1199 43 1605
843 538 610 605 1424 1634 365 811 648 1309 870 1133 410 717 248 112 257 2095 94 1040 2830 435 535 2609 1516 1894 1573 2560 1110 937 1783 1131 1020 1068 1966 1379 1454 1581 1968 742 1800 1138 2151 2377 821 1731 1645 881 1871 2788 1546 336 2746 1079 434 2680 2613 1794 1498 2843 1243 678 749 1527 1466 1670 2341 288 2290 2730 2299 1005 544 1311 1707 1455 800 338 253 392 673 2196 1007 2549 1142 2005 2364 568 2763 855 2251 1850 730 2087 593 664 2219 2417 2697 773
2600 1681 1705 942 2085 487 2543 1384 2458 966 337 1495 1742 1331 1614 2660 1000 1853 1739 360 1695 1673 542 710 54 1893 2664 2782 2259 660 50 355 1554 2696 2257 1370 2369 791 813 1508 908 243 1396 1287 1105 1031 2262 984 2803 1565 921 2596 852 2064 1290 1017 2282 631 1518 1978 1676 1119 21 2392 361 681 2049 199 607 893 1033 289 530 2357 1770 1890 62 2384 1562 747 1398 886 78 2451 417 1002 2743 1888 302 1952 2469 381 332 731 2668 451 2026 2029 1301 1686
1532 2479 1704 2099 330 354 1376 2177 849 2742 972 1335 2557 238 28 2228 2552 458 152 1896 2814 1339 734 505 2500 1708 313 1741 81 532 1917 587 2250 2819 2119 2674 847 2028 671 2191 92 772 2527 2681 705 503 2181 1563 1956 1827 2365 696 1961 2283 633 523 711 771 68 2017 2716 175 2534 200 261 2370 653 1680 533 618 2689 1873 120 2316 1274 1555 239 2592 449 2322 1817 209 1092 2052 1127 799 33 1010 296 136 356 2144 128 2343 1021 2812 1941 1472 2062 838
70 1125 1753 2772 2777 2077 2478 2561 1842 18 2510 431 2757 1252 1035 1390 1839 1834 1557 2 2663 951 601 2015 2818 2161 1759 2622 315 1165 1075 2302 2149 202 215 297 2323 364 1427 2022 2409 251 2504 1951 1798 2546 103 485 2240 2242 522 436 1558 502 737 121 1235 990 191 1175 2471 1306 2016 1809 1389 2509 1801 2315 2702 1333 2805 86 1259 1928 2329 369 2113 2000 1413 2656 2653 1357 1166 426 101 578 2637 1394 277 2054 10 1230 1114 1905 536 1845 767 962 1597 898
2783 511 2138 2431 961 1421 385 352 1539 1816 867 814 1366 2709 2266 1660 1078 2460 1480 160 1618 537 166 2738 403 1607 1619 2607 1530 879 2094 2339 226 2781 1925 2226 414 2633 1341 1571 2363 573 1215 1828 557 600 1349 2468 969 1159 2255 1009 2253 17 2473 795 2835 1060 2372 1863 741 685 2801 1540 1698 1815 127 317 1520 2338 2158 195 2758 1242 577 837 667 2100 307 2340 2223 642 1095 2399 1964 1278 1880 846 1338 1 405 665 1409 1059 2614 2648 2412 1112 1258 669
1146 1752 4 2367 1545 950 2069 1799 817 1202 1624 1102 2790 1926 2817 1656 2832 59 2389 2300 1644 2411 1316 2270 312 547 987 2082 626 221 1965 1407 1737 556 613 1386 2501 1934 1319 2528 1496 943 188 635 85 611 2556 2044 2477 266 1636 2767 433 826 1948 2289 1840 2631 1405 1416 283 2352 2815 1663 2836 2241 1782 2714 2515 1328 1096 1552 1658 659 2272 674 2713 197 155 1381 2011 1092 440 1649 194 2628 518 2840 1051 735 860 947 169 978 1218 550 2375 1422 259 1710
1801 2277 783 853 529 2644 2072 2323 1394 658 1230 1175 898 1558 589 2409 395 727 1798 614 1137 962 1207 714 485 1951 1166 1683 1306 1087 1928 2022 1898 1300 1451 2113 1839 1334 2784 1213 2000 1389 1597 1976 2054 572 676 1333 2149 1361 1312 545 426 240 2540 2066 483 2325 1093 2546 304 1984 1106 895 251 1590 110 93 461 291 634 293 646 707 1427 1035 1173 2178 2024 2400 581 2242 2114 954 2143 1559 1252 431 2472 1849 24 1115 1883 2016 1631 1728 949 1689 2320 1162
1007 2763 1707 773 1385 742 2102 1645 1992 1800 1138 1779 1731 1871 2145 1894 519 406 2613 1511 2516 1969 1526 2110 257 1442 664 288 1516 11 2609 1165 1325 883 2302 191 2843 1670 730 1527 535 338 392 2377 301 811 1455 1419 568 410 937 94 1454 800 253 1466 1012 315 249 1850 2219 336 1725 694 2341 1424 2622 186 368 709 1068 1784 821 112 684 1499 2388 1498 1406 2299 250 1975 248 1759 2021 1309 739 605 1241 538 2095 792 404 1460 1968 1529 733 434 881 870
142 802 1492 2078 429 1699 1553 1430 1053 878 1886 555 868 427 1888 1256 554 1890 2217 866 432 1793 2415 901 2568 2029 289 2423 2668 176 743 1562 340 733 1431 2786 36 2743 2227 1065 979 1033 681 680 417 332 2117 500 1499 886 21 2267 597 1393 62 1268 2384 1588 988 1686 292 193 2451 2108 1398 1418 571 78 2380 1132 361 536 199 121 302 1236 893 569 2090 2333 1233 437 2054 380 707 2038 1399 770 1390 1557 2074 73 1272 640 29 1599 186 1266 291 964
2023 2755 2045 1584 747 258 1320 770 1407 1796 2545 414 2622 1073 1557 1390 1562 2034 315 2757 2239 2190 1231 983 519 240 536 1142 1088 1065 1980 21 2131 2668 1759 1252 1431 967 1564 2015 1091 483 289 1996 2530 996 1548 2161 2784 1256 760 1628 434 733 1516 917 2756 1728 695 535 591 554 616 2296 2482 1732 176 902 2518 590 1890 1731 70 961 2785 1769 2478 1656 2288 777 2073 1707 1837 1023 2735 2818 792 817 186 1851 2033 981 2817 866 1801 1928 2384 2281 2451 1968
1416 1096 1948 2272 1316 2556 2815 1860 1496 747 1051 2721 439 64 1965 305 2741 1362 2545 2352 1897 1569 1636 1993 1796 562 100 2135 715 2713 2270 899 2755 2034 2241 116 1606 547 1212 48 1584 2319 659 2298 137 414 497 2708 1684 2433 1381 155 1411 725 2727 1623 2650 1218 1617 2082 2023 2309 1328 2631 1586 1490 1782 1926 712 51 1453 556 947 188 1800 1658 859 2239 2247 1947 2707 2767 1386 201 97 1422 1645 1261 1901 853 1944 494 2185 1601 1552 202 447 442 372 2158
1300 483 240 2784 789 16 1469 1447 44 1883 376 1483 1389 1353 761 1115 2546 2066 2178 2113 1213 2317 2249 1898 2540 2579 2504 304 614 2277 1093 545 407 1451 766 1161 1361 727 2000 2054 328 1137 1804 658 251 1513 2238 2381 967 2437 1683 293 2072 2759 341 1394 1672 1091 1178 1836 737 1719 1106 1798 1801 853 1427 1996 1559 646 2644 1728 589 395 291 2323 1175 374 2787 1900 792 581 803 2409 1951 898 983 101 1230 436 529 1847 714 1693 1598 1773 39 777 572 1334
908 1742 1105 1331 355 1370 1396 243 1554 1614 813 2696 2257 1673 337 1495 966 2458 1384 2660 487 942 984 1705 1681 2085 2600 2543 921 2064 1621 1017 530 1301 2282 1676 2049 1604 1290 451 1567 446 1978 1237 2262 852 320 1981 1119 2140 631 1002 1518 2392 1058 2782 1909 7 2259 360 662 2793 301 2170 2596 1946 975 710 660 2357 1271 2490 1642 2336 3 2394 2796 151 186 1893 54 599 871 1613 2243 607 1142 2452 1566 774 1968 144 734 1741 2446 1739 765 2843 459 2697
757 754 1728 1231 1533 2756 2021 2320 1149 2533 29 2673 286 2172 218 2024 293 1804 967 1597 2143 426 24 2430 634 135 240 1312 2277 119 1689 2784 558 1898 80 1719 1296 304 483 1394 1984 251 1300 1383 2295 1427 1829 1265 213 2472 545 1883 2178 707 646 1801 2638 853 2413 2054 1478 2113 2504 1168 789 1299 2335 2323 1213 395 2644 414 252 2546 658 2759 2066 2799 2408 1598 766 529 1230 1093 679 2280 1389 444 101 1951 2540 1175 625 1683 1115 572 184 1182 1505 727
2023 2045 2755 1584 747 258 770 1796 414 1407 1320 1073 2622 2545 2239 1142 1980 1557 1231 2190 1996 1390 1732 519 2785 983 1728 240 648 1091 777 967 535 1450 1252 483 1516 830 2757 2518 997 2015 2275 2249 2763 1894 2296 97 937 1759 442 1431 315 248 2756 1065 1562 536 16 754 1707 590 2482 1088 2745 1147 1719 695 2495 1968 444 1176 792 1804 2281 2685 44 1126 1850 1834 2319 2161 2843 1962 2073 2288 88 773 2736 917 76 603 94 1133 2507 1455 855 1309 2668 176
730 338 1466 1325 1455 336 1498 1442 1670 568 1526 2516 1969 1511 253 2377 1068 535 937 2341 1243 1379 434 2299 544 1079 1131 406 821 1779 112 2151 365 2549 2730 410 248 1385 1850 1783 2788 2145 2364 811 749 2290 1040 800 1005 2746 1794 1992 1311 1966 1165 2302 2219 2102 1110 709 1133 1527 191 593 673 1424 605 2763 1309 773 648 678 519 870 1007 610 717 392 1634 2830 2560 257 1020 855 94 1573 1707 1581 435 538 881 1894 1142 1968 2519 2680 2251 843 774 2492
571 1065 1256 176 2786 979 2743 1033 2227 2668 2029 429 340 332 555 1562 554 1890 1393 1888 868 432 1686 289 1418 417 142 597 1492 2423 2384 886 802 1553 2108 21 878 427 681 1053 2078 199 2451 1430 1398 62 743 1699 866 361 1886 1431 893 2333 36 2117 292 78 1793 302 733 2415 1132 536 1588 901 2217 680 500 2568 988 193 1268 121 1952 569 1499 964 2808 1266 2090 1399 2120 1070 2221 2267 2629 2539 2031 2038 1429 2640 2380 414 2239 2798 2428 541 2406 1449
1663 1045 1328 1623 2241 1617 735 1444 1679 2840 2707 712 947 550 2050 1544 2130 51 1422 169 1782 2439 2837 2836 1054 1993 1381 1658 2767 1649 179 1369 2649 440 1840 2454 445 925 480 1218 155 1640 26 1261 2628 518 1870 348 2515 305 2769 2714 2011 1417 2631 645 2538 197 562 860 663 260 2046 463 2650 1489 2088 64 2826 1552 439 563 1796 1437 900 1569 1710 1486 659 1051 1788 1208 2721 2289 1878 715 556 943 1307 2817 1029 1701 2713 1860 992 559 48 259 2082 1092
472 1059 166 2738 1607 2758 2444 1069 1341 1355 2835 1811 1803 2614 405 1167 1828 1509 537 1215 1964 551 2710 342 2709 2781 1618 2740 1025 2340 1540 1530 1078 127 1421 160 2094 961 1101 2138 2266 1862 2595 154 414 147 741 2801 1571 2513 1060 2253 2635 2175 1524 888 2100 2255 1539 2339 352 2473 511 2385 1373 685 1 1698 2771 1349 2223 2372 2431 600 385 46 573 1338 2648 1278 17 195 124 2338 223 2466 1615 1409 391 2749 1295 2399 793 561 1622 203 846 412 1520 2727
1097 1293 326 159 580 1143 31 430 1822 331 2062 1118 2715 655 1297 2236 999 478 1921 726 1972 2402 504 721 1967 1647 2061 455 1692 1037 1730 390 1635 2301 1715 1124 1050 1756 1395 2053 1929 1475 1011 1755 1831 1789 1317 1008 2407 1262 1568 2406 1648 927 1655 125 1187 1706 464 1026 2687 108 2806 1912 1472 2765 1140 1378 1018 753 363 1303 805 799 782 1662 2465 2505 788 1275 840 2611 467 2398 1281 786 471 295 2142 2285 2470 628 1022 936 1240 484 456 643 1438 1923
894 2554 419 2153 96 1632 1032 2060 1083 189 1927 106 744 732 1199 181 1702 2313 620 1797 1364 1251 2643 2831 1108 609 2705 2425 759 42 636 2401 1283 2807 481 468 2476 1188 2688 411 2261 2841 2030 644 2263 2627 661 2278 22 2168 2079 1315 1525 2571 1084 2720 762 1171 1336 476 621 1013 2188 2194 2761 1371 1768 387 941 2760 1865 2791 582 669 1318 1625 2502 6 2442 2048 122 1536 2573 2498 971 2182 1661 1205 2567 1560 2612 2109 2608 2179 1184 2678 1858 37 1659 448
1753 1125 70 2772 2777 2077 2478 1842 2561 18 2510 431 1252 2757 1834 2 1035 2663 2015 951 1390 2818 601 1557 2161 1839 1759 2622 315 1165 2315 2302 191 767 103 2702 1075 1323 297 426 277 369 2323 121 1443 1235 1460 2024 1186 1951 2143 536 1845 193 2000 1597 2149 569 988 2624 1175 2686 24 1801 202 990 688 67 2242 2653 86 2121 1391 164 2054 126 737 1833 1938 522 1989 1809 634 1959 39 1413 2016 1418 1001 485 1306 1132 1905 2409 2509 1747 1588 707 2314 2546
1558 1087 2072 853 714 898 614 1207 1137 1166 2409 1928 1590 895 93 783 676 658 589 485 727 1175 1306 1951 1394 1451 1801 2540 1361 2277 2000 2022 1798 2323 1389 1346 1334 2113 1683 1213 1300 2546 1561 545 2542 1333 529 1230 2066 2016 2242 2149 1106 251 962 1257 2784 304 2178 617 1427 293 2656 1971 646 1631 1597 291 1786 1115 2644 1228 572 581 949 2787 483 1559 2114 954 395 240 63 1839 182 426 2504 2737 2054 789 1785 1298 1353 1685 1343 737 1019 2112 540 364
1083 419 2554 894 2153 732 96 1632 181 1702 620 106 609 1927 1032 1797 189 1108 1283 2060 2725 2168 2761 2643 957 744 2263 1364 1251 2502 2048 2404 759 1371 2374 844 270 1889 2572 2464 1525 2425 1768 1865 42 1280 2141 582 2448 2623 1084 2807 5 1013 2831 807 2841 2760 2457 2678 1515 636 2705 2476 661 1199 621 2401 1880 2182 752 782 468 2608 2720 1766 2278 2688 1716 851 1011 6 2612 411 236 1205 724 45 2229 294 2625 644 40 2030 2152 2188 2079 1605 1659 448
2021 2320 2756 1149 2533 29 286 2673 2172 1533 1231 1728 754 757 218 293 2024 967 426 1597 1804 2143 24 634 2430 707 1689 119 2354 1849 2408 2054 80 213 1719 1296 2787 1383 135 1478 1265 558 2295 2638 1984 646 2260 1867 424 1951 2235 1312 1175 1529 1306 2413 727 91 2277 2390 658 1361 1448 1451 251 184 1722 1106 589 529 2615 485 792 1559 1394 240 2296 2000 1801 739 2323 853 2784 395 2472 2644 304 2178 1269 1427 483 520 1165 1230 2078 2113 191 19 1898 572
2040 364 2381 374 101 2759 1900 436 215 989 341 766 251 2579 2238 803 328 737 2504 1427 395 581 789 2644 572 545 2540 529 1683 1898 407 1230 2114 2546 1115 1106 1257 1801 240 962 2277 2323 1883 1394 1798 2242 1389 1361 1093 1559 1451 1786 1971 483 1353 2000 2178 2784 2066 1213 2113 304 1951 1300 727 293 1306 2787 646 1357 1091 1137 1175 658 1818 926 614 564 2495 39 485 589 1180 2288 1693 714 754 2656 1996 2149 2409 1166 1231 2054 1207 1334 898 751 2561 2756
2185 2517 2298 1129 2529 1411 2584 1684 143 795 1440 386 2468 1694 718 2363 372 1630 1360 1215 2524 1514 2460 697 1294 557 879 2616 2271 2801 810 787 1619 30 1925 1939 1446 1445 2481 1112 638 958 2104 2619 1863 1270 273 665 71 741 1539 2727 1982 127 2226 147 796 2385 1278 1295 667 2738 577 2710 1242 2595 1807 969 1258 669 1811 2444 888 307 2246 1059 2844 1291 2740 2709 1520 2158 342 2168 1373 2189 203 1509 160 262 267 685 2269 1238 2139 1629 1 2781 2431 1480
70 2510 1753 1125 431 2772 2777 2561 2077 2478 1842 18 2757 1035 1839 1390 1557 1252 1834 2 2663 951 2015 601 2818 1759 2622 315 2161 1075 1165 2302 2315 277 767 191 2702 2323 202 426 2149 1443 1845 1980 369 2143 634 2016 2024 536 121 522 1431 24 1418 1597 1413 1334 1938 2624 1747 1833 990 1460 1065 1235 988 502 684 103 193 1801 251 297 2430 1132 1976 2686 2471 2242 889 2509 569 39 102 1975 36 164 1955 1012 126 695 414 1427 1588 2601 250 1974 733 2656
239 1127 653 2091 2794 1274 2164 1961 296 356 654 525 1781 2396 1282 408 209 245 1240 290 1787 2311 2173 61 838 139 207 1780 252 2025 49 192 618 2280 383 200 1011 2693 2669 721 1273 225 1647 2402 2316 1972 113 1875 33 1356 2698 1248 2531 2017 159 580 449 326 2715 1555 625 1435 1598 495 2137 1275 1917 1472 799 561 1262 822 679 806 131 31 1097 1692 1018 1293 858 1143 1303 1505 1568 1813 2232 1021 2061 2764 1655 1503 2687 782 1635 412 1141 1500 1506 1022
8 1474 1671 2535 325 745 2449 2706 1090 443 1006 586 2216 2831 2705 1763 690 2197 1308 1082 37 2571 300 621 1286 1697 924 2425 2476 459 2401 1363 2612 171 1560 1288 1251 959 45 1703 1364 229 565 2608 2573 1217 2079 762 236 2167 2760 785 2182 1380 335 183 2230 2056 2268 1907 506 1537 922 205 333 398 474 1064 1352 2160 1400 2452 2591 953 2222 1013 1458 2522 309 488 1471 946 861 1283 1315 666 1108 2245 1219 1113 2446 1318 1487 973 2442 1641 1015 599 20 2463
1146 1752 4 1545 1624 2411 1644 1202 817 2069 1799 2832 2389 626 2790 2367 312 2817 2528 1926 1737 59 987 1934 1102 1656 1407 2501 556 2082 2270 266 950 188 635 2300 826 2044 547 85 283 221 1319 613 1405 943 2477 1386 611 1983 2515 2840 2397 2631 2011 2714 1414 2767 2574 1208 2148 1029 659 463 1190 2133 550 2652 1552 1948 1316 1092 2424 2419 900 319 2375 1422 445 1437 1328 433 1782 168 1965 965 1468 2836 2289 559 197 2088 1486 259 1428 947 606 2312 1663 2241
2464 957 2725 2404 1889 1766 609 509 844 2457 2168 2448 1515 744 1880 5 106 2751 1199 1802 1866 1602 2128 1927 1632 1139 2348 22 244 1171 2572 2115 214 2153 894 1214 2678 2567 1032 96 1616 1953 1696 2060 1596 419 498 1726 2109 1280 2182 466 2522 189 1364 1525 1605 2554 2056 2124 661 2014 2562 2760 2351 42 388 1661 171 1326 621 669 2612 1064 1797 2278 1061 2502 1659 2476 236 1371 306 2608 45 2152 2720 1251 2508 183 690 2263 1205 2169 387 1637 762 1960 2468 375
2557 458 152 847 1741 2119 1339 1827 28 2674 587 313 2819 1896 849 734 2283 505 238 1335 2181 2552 2500 1563 2370 2228 2716 175 972 523 2479 2527 2689 2365 81 705 2534 1376 2191 1532 2250 1704 2681 2099 696 1708 92 2177 354 2814 671 532 330 1956 711 2193 772 1680 503 633 1111 2322 602 2592 2028 2052 261 968 2742 1332 120 125 740 1010 68 2237 159 1912 1097 1293 1143 2470 580 2062 1789 927 1297 788 326 1711 1831 1655 31 1582 131 1917 1117 1873 449 129
1254 1512 1310 65 1107 903 1908 768 1720 1821 835 284 702 1830 931 2388 1608 1340 1114 250 1975 848 1277 2471 684 1767 2601 834 502 1845 578 990 2058 2555 2276 297 2624 2383 2754 103 1323 688 1727 1413 1235 575 441 2802 2733 1517 1186 1523 1391 373 126 2695 2395 462 83 2080 357 2684 2239 1482 2630 2314 2192 845 1169 1016 1382 187 2780 2605 483 830 2166 32 1458 993 2254 1467 2297 1120 2106 2422 2079 590 1178 2073 2347 2019 1669 1410 1104 736 902 1259 2550 1626
999 2059 726 484 418 534 1481 806 53 2429 1465 780 52 2244 1662 467 786 1022 1475 225 295 363 2301 346 1730 2687 655 2821 2407 430 478 1378 331 2690 108 1008 1929 2806 1275 2505 2465 2236 753 455 2467 2470 2765 471 1438 2070 758 504 2398 1692 2669 628 1220 2025 2715 314 2285 402 2634 192 31 1967 207 1787 390 936 1789 840 61 1635 268 927 2053 389 1124 1715 326 464 1655 1831 782 1018 580 452 2773 159 1037 89 1240 1706 1050 1097 2632 1140 1293 1024
1603 820 1541 750 334 285 1221 2387 6 546 807 582 372 1570 1462 2677 2643 759 650 468 1882 2666 1891 1916 1723 298 2346 980 973 475 1884 1285 1702 1537 2810 1260 1084 2359 620 922 2118 181 629 275 2043 2841 2816 2171 281 1188 2494 2194 37 2303 2571 84 1015 1610 1697 1858 2313 423 2268 448 2222 1308 1768 594 411 1080 1184 1763 2161 2261 1687 1082 835 1380 1591 1767 2132 1400 375 1979 117 1922 1113 1272 796 1761 531 327 2179 1006 205 2557 370 690 1073 845
2294 1944 1056 1055 2728 725 2207 2766 2558 1825 165 1940 2825 1986 1130 447 204 137 116 1841 2135 1212 2741 899 2842 2736 1606 2580 1452 2041 362 2506 1126 1463 2258 1935 2292 1134 246 1547 1067 692 2511 97 2708 146 1962 1899 722 2719 2435 2286 2305 79 442 1076 140 2068 1876 1868 494 2665 1185 2438 491 2319 1464 2813 2382 1937 790 2569 1223 682 1777 657 686 804 1592 2248 677 1639 1874 2239 948 2393 271 647 329 954 1743 2291 2073 2057 1892 751 1771 2037 974 2639
2252 1179 1578 2328 1651 2491 1977 2682 2097 1583 1579 1063 1769 945 841 639 2647 1920 9 952 1354 919 1770 916 748 114 1531 887 1528 1470 2778 1791 998 2042 118 567 227 2065 2792 982 930 1667 2723 1851 1657 2729 1585 928 819 2575 2310 2225 808 2379 763 1367 2349 1854 1211 2711 517 1368 515 923 382 1344 875 2165 311 492 2459 2698 1154 1566 778 1239 2304 2081 1210 809 910 2416 1273 2462 566 580 1655 579 2488 2103 1042 2536 1970 326 159 513 276 25 2019 2658
196 353 2474 776 98 1625 701 1819 1643 1864 910 869 585 781 2361 2462 1402 2334 1344 1042 276 2081 381 2103 2067 2353 1963 809 2256 233 2027 69 2264 2001 871 640 2391 40 941 5 2677 1515 13 1661 84 2210 2841 2460 2803 844 128 1633 425 1744 2363 915 629 2502 1585 1600 2152 669 224 1667 574 290 1768 150 1647 2726 2228 136 2402 1504 975 1817 850 2582 2101 557 2162 264 2783 721 865 1245 1272 592 1139 2431 1972 2709 2797 1326 1751 1793 1480 2669 1565 748
1475 484 467 2059 2687 806 999 1647 534 2402 53 726 2236 1972 721 2061 1730 1275 1929 2301 268 2429 1303 1921 1967 2407 1240 1789 314 1022 295 2285 1050 1378 1124 1273 1662 1008 927 1756 390 1011 805 1875 1692 331 1143 1755 1822 1635 2505 2465 655 1317 1187 131 1037 1127 2773 1655 239 1438 363 2806 2531 2053 471 2765 430 1018 2406 478 1118 782 1395 1274 1715 2091 1831 1648 326 159 108 2244 643 1097 786 936 753 628 2398 402 2632 799 2794 1843 2693 580 1293 2062
653 2025 61 207 2669 225 192 1787 290 1506 2396 2693 296 356 2794 209 408 1282 418 838 139 1262 245 654 49 2070 2173 2531 2091 383 1011 1781 455 1127 525 799 1780 1481 1274 52 806 1875 239 1555 1918 2429 1141 33 1662 1612 534 2280 2690 1941 2467 346 53 131 2285 2164 1273 1843 2232 1024 1022 268 618 200 495 452 2059 726 113 2565 999 2821 780 1568 2316 1124 484 389 1472 822 2017 1715 1503 2053 2765 2244 138 1961 840 1465 782 2611 758 1475 1692 1275
418 52 1481 2059 780 1022 534 1465 2244 346 806 2821 2429 225 1662 786 484 53 726 999 2690 467 2467 2505 2465 1378 2070 363 295 2025 758 936 1475 402 2765 478 430 1730 2407 2301 108 192 2669 207 61 753 1787 2687 840 1008 628 389 2634 655 1438 1918 2285 455 1929 2806 268 452 2398 1220 331 2236 1692 471 1275 1140 290 1789 1018 782 2470 1039 1655 89 1024 1831 927 504 1612 2715 1048 2611 2632 131 2396 1356 314 1506 2565 1503 1011 1273 464 31 2142 501
2763 773 1007 2102 1385 1992 1779 2145 1707 406 519 742 1894 1645 1800 1138 1511 1731 2516 1526 1969 1871 1442 2613 2110 257 1325 1516 288 730 11 664 1165 1670 338 2609 2302 191 1527 301 535 2377 392 2843 1419 811 94 1455 1466 937 568 821 1040 336 1068 253 1424 605 2331 248 1454 112 1850 883 800 610 1634 648 1309 2341 1498 2830 870 2680 410 1020 2095 186 2219 881 365 538 1966 1581 1142 1110 855 717 2087 694 2560 843 1784 435 678 1311 2243 709 1573 1079
2783 1958 422 2170 254 1642 1170 3 2473 2593 1510 99 1539 2734 2490 2587 208 2165 2147 595 1762 1717 1077 1152 2405 2126 256 2469 2163 318 2709 731 2655 1973 1036 823 969 1595 399 2132 632 1160 549 1784 2074 1245 2204 511 2355 156 694 1241 874 981 164 2453 1267 212 2264 630 2266 2642 73 1347 460 2403 1633 453 490 226 1589 2138 414 265 1811 1247 2431 1565 2548 2340 816 2101 2775 809 1200 533 2722 58 1085 2122 1751 1233 2318 2691 1903 1628 1599 392 2834 2334
1944 2294 1056 1055 2728 2766 2207 725 2558 1825 165 204 2825 447 899 137 2135 1212 2842 1606 2741 116 1940 1986 1130 2580 1463 1547 2511 1935 1134 2041 1452 1067 246 1899 1841 97 2435 146 494 722 2708 2736 2068 79 2292 2813 2057 2286 686 1126 804 2665 2248 362 140 2438 1076 1223 1868 2382 1185 1874 682 2291 692 1937 2719 2569 329 1464 2305 1592 657 948 574 1876 1639 2258 491 1777 647 2506 2683 2319 2393 2639 442 677 2436 2509 1333 1486 1962 1810 1012 202 249 2022
1255 986 123 882 1757 2150 1636 2815 155 2272 1860 440 1840 2352 1965 2631 2628 194 1496 747 1993 1218 1051 1316 1617 2556 2241 305 1477 64 1422 1782 2713 2836 1948 439 2650 422 1640 51 1096 1658 1416 1381 1045 735 1663 947 2553 48 2439 201 562 1261 2046 1704 2289 1544 1236 2837 659 2130 1649 950 1328 518 2309 1444 965 2767 231 2050 169 1148 319 1901 1569 1958 978 1552 2380 550 2721 645 2707 1586 2267 1453 2490 2735 173 2088 134 613 1775 2433 1623 100 674 853
1785 1161 1847 1513 1228 1773 1795 617 2022 304 291 1213 2066 2113 2542 2178 832 1883 1561 1353 1333 2016 1389 1334 1019 2784 540 63 2546 545 2242 1197 2149 2277 465 898 499 2656 1631 2129 1346 1115 1535 483 1166 954 751 714 1087 783 182 2700 1685 2409 614 1693 1558 1672 1300 240 576 1137 149 1298 695 132 1971 1928 1590 789 93 895 1712 1743 2072 1593 1760 1434 853 2540 1749 310 1207 407 2827 676 1801 1257 1176 1103 1836 2547 1898 1394 983 658 2112 251 1004 1990
645 1029 2011 1649 2767 1054 2735 947 1444 2836 2707 1679 2840 1623 1663 2837 197 1328 445 169 1840 1782 440 2439 1544 2628 134 1381 463 1658 735 2289 2241 1218 51 1253 155 433 59 1617 2375 986 1261 2352 123 1993 1640 1045 2477 1552 319 1255 965 882 2046 2515 2389 2595 2367 2713 613 950 2650 1202 2287 1757 194 2050 1775 674 1811 1752 904 2088 1422 477 1860 2130 2556 1737 659 550 1146 932 2631 1477 1799 1307 489 906 201 2076 305 1496 1148 2340 1949 1208 1862 2403
202 1012 1075 249 1406 1810 627 67 2509 2583 1001 2350 2121 1944 1055 2728 725 2558 2294 899 165 137 876 116 1212 2719 2143 2207 2329 902 2033 24 1390 2240 2622 2766 2757 2805 86 917 1805 1809 2292 1606 10 2135 1259 2825 2637 1130 1759 1959 2057 1905 1874 1223 494 1897 590 1557 2525 1611 2741 102 447 1362 2021 378 794 1410 1825 1126 1441 960 2224 2447 2580 2708 2320 279 316 1869 2804 1296 541 2106 692 1169 1076 804 87 424 1721 1149 2149 775 2319 2748 1088 404
653 290 2693 2794 1262 2091 799 61 356 296 2531 207 1787 239 1282 654 2396 408 1781 2232 2025 1127 192 209 49 2669 1506 525 1011 225 1568 245 1274 822 2164 113 383 838 139 2173 1780 2137 1024 2280 455 1843 1875 2311 495 452 2565 1273 268 2070 1555 1503 131 241 252 2285 2402 721 1647 1972 1317 1612 418 1356 2142 1395 1921 1755 33 2061 1505 1918 1141 1941 1756 1655 1022 1961 1831 2765 1500 758 389 1240 2715 1789 1293 449 326 159 1378 840 1097 1143 1932 1635
1083 732 181 1702 620 1797 2374 2263 2441 2678 96 2827 2572 419 1525 1632 2111 310 894 1856 644 2386 2056 2522 2442 2554 2048 1371 1251 1726 2720 2153 45 2623 387 1364 1336 2643 1280 2562 2141 1013 1064 582 2401 2761 2448 2116 189 1093 1032 762 596 462 621 2498 104 106 2582 2603 1108 171 407 2060 95 2612 1927 1204 2688 2188 1318 2004 1365 183 689 1693 2807 844 236 1768 2182 2125 1749 2608 43 1198 1019 636 2502 1665 2733 42 1596 2202 1176 63 647 949 2760 746
142 1492 429 802 2078 1699 1553 1430 1886 1053 878 555 427 868 1888 1256 554 1890 1793 2217 2415 901 2568 289 2029 866 432 2423 743 2668 1562 176 340 2786 2743 681 1065 1033 2227 979 1431 332 733 36 417 21 886 680 1393 2267 597 62 2384 988 500 1588 2117 193 1499 2451 121 1418 1686 571 2108 1268 1398 2380 536 292 1132 199 78 361 1236 2090 302 569 893 2333 1390 437 1233 1557 707 2074 2038 1399 73 2054 380 1165 2622 2047 29 2757 1849 640 1599 323
1944 2294 1055 2728 725 2207 1056 2558 2766 1825 165 2825 1940 1986 447 2580 204 494 1130 2435 146 1899 899 137 1212 1223 2741 2135 2057 2291 1874 574 1606 2842 116 1452 2708 647 2683 657 682 2438 2639 1185 2813 1777 1937 1876 1463 686 2248 491 2041 1935 677 2382 2736 2569 2286 948 1592 1076 1464 1639 1126 2292 97 1067 1868 140 2506 1547 2393 1841 2719 692 79 1134 2511 804 329 974 246 2704 722 2319 12 2068 790 1962 1473 2089 255 2598 1439 362 442 2258 2436 1486
754 1728 2756 1231 1533 757 2021 2320 1149 2533 29 286 2172 2673 218 293 967 2024 1804 1597 426 1719 2143 119 80 24 707 2354 1296 2054 792 135 1849 2787 558 1383 213 1984 2430 2408 414 2295 2413 634 1312 1265 2296 240 2323 2615 2784 1478 2260 483 1867 1448 1689 695 1361 658 739 1091 1269 1722 2277 2235 589 789 983 727 1898 1451 184 2472 2224 91 1852 1175 1529 1774 2390 1095 1598 2644 424 2149 1300 1230 529 1693 1455 1829 1306 1555 1798 520 646 1142 1334 730
757 754 1728 1231 1533 2756 2320 2021 1149 2533 29 286 2172 2673 218 2024 293 967 2143 24 1804 426 1597 634 2430 1689 558 135 2295 213 80 119 1296 707 1383 2413 2408 1719 2277 2638 1849 1265 2260 1984 1478 1898 2354 424 2472 2235 1312 184 91 1448 1801 1829 2054 1867 483 1168 520 1299 252 240 19 646 2787 853 2323 1722 414 792 1945 2615 2561 304 1091 739 1093 232 2784 2390 529 1839 1088 1529 2622 251 2178 444 695 1252 1683 1269 983 1427 2478 2055 1951 395
1801 2277 529 2644 2323 1230 1394 395 1798 962 853 783 1683 1175 589 658 572 485 1951 1306 2072 727 1558 1451 2000 614 2409 1334 898 1137 714 1207 1300 1166 1898 1928 1087 2784 1361 581 1839 251 2054 483 1106 1976 240 2540 1389 2113 676 2546 2114 1427 1093 2325 2022 545 646 293 1597 1443 1213 461 2149 803 1115 1559 2242 789 110 426 1312 1557 2066 304 889 374 431 1833 1390 1646 1035 291 2787 1252 707 1333 2504 2400 2622 1834 737 1173 2015 2759 2178 2381 2686 2478
1865 2313 1858 1260 468 2823 807 1610 2261 1761 2194 1153 1227 285 476 115 669 1188 411 1015 1284 122 829 1456 1884 980 661 2118 1844 1570 1995 546 1221 922 38 2268 2643 298 419 1084 620 2060 759 582 448 1560 1927 96 2425 1286 2554 2216 6 894 181 189 1032 1288 1703 1702 37 2627 1363 2476 565 650 459 973 2153 506 1285 372 1603 2791 685 1217 959 2387 1425 2043 1697 1763 396 333 2171 1797 744 1987 2030 2688 1199 2816 732 1632 42 2666 1891 750 1804 1283
503 711 633 772 1680 2322 2250 1335 2193 2592 2052 1704 2228 602 1111 1332 2557 740 2479 68 2681 972 81 2144 1376 2237 553 1708 1532 238 671 2764 2119 533 152 2177 261 587 1917 28 2527 2365 1746 2814 458 968 120 849 1117 2819 532 2552 1339 696 847 2028 1896 2773 92 1741 200 1827 1956 505 1655 330 2812 2370 507 2283 175 1010 313 159 1929 2689 326 1314 2181 2062 344 1135 1831 1097 1730 1182 2674 2099 2610 2500 1974 2597 2716 1293 618 1972 705 1472 1143 734
2023 2755 1584 2045 747 258 1320 2545 1796 770 2034 1407 1548 64 2713 439 2272 269 305 562 1569 48 2721 2296 2433 792 414 2239 1640 2556 1980 1732 100 1416 2352 2650 1838 83 51 2815 1499 1316 2622 201 832 1096 1449 1057 2757 2289 1051 1860 830 1759 1073 1948 2235 2335 683 1782 500 715 2309 1557 2763 2563 1943 1990 315 1450 1329 773 659 590 2129 733 87 2275 800 1390 1894 47 2685 1919 1986 843 2653 1620 91 1346 1387 2241 2802 155 1564 410 1147 1593 1479 1381
41 2208 1652 912 2231 1264 716 2205 2692 651 1988 2524 527 237 2675 591 345 1587 616 1812 1564 1837 996 2530 2131 124 1181 918 700 1491 708 2801 2104 273 1242 969 203 961 147 2517 1539 1215 1618 2460 1811 352 1081 2781 2185 157 2363 414 1129 1167 1497 1816 2635 2138 1366 1540 2595 557 1355 1803 2648 1698 1571 1411 2215 143 2223 1660 1480 2738 1619 2226 2607 2100 2844 1863 195 600 2158 1684 1925 2385 867 1615 577 46 741 2529 1341 879 1373 1101 2134 2298 2771 2139
1305 1790 2096 1052 935 836 2071 2750 1933 2512 222 1098 1321 2156 2645 1436 2201 1709 2432 1504 897 2218 850 2342 1638 2362 2450 1736 1806 755 2355 1621 2420 2446 1044 599 2691 2452 2642 2537 666 612 908 1454 1090 2331 1142 2340 869 1763 1447 459 1910 1741 1336 661 1469 481 2087 301 16 981 2243 2083 1167 2473 1625 858 2774 2831 42 2095 141 1461 2519 586 1245 1811 2560 396 2194 1047 1274 511 1315 762 1474 2513 1634 2030 1145 1875 629 1013 855 2781 2799 2285 1023 131
1453 2034 2713 1569 715 100 2721 48 64 1490 1860 2433 2545 1796 439 562 1901 2376 2309 305 201 1640 2556 2650 155 1948 2272 1051 1993 51 1416 2815 1096 2213 2289 1316 1636 1496 563 168 2826 2241 260 1218 1584 2088 1617 1782 550 2352 1878 2631 1381 712 659 1586 1328 1261 231 2628 518 1710 1123 674 1623 1422 1045 645 860 2454 784 1840 906 1307 1552 1965 26 440 348 1489 663 445 1658 319 1148 2836 2707 194 900 947 259 2438 2076 1788 1663 2050 2046 2769 1486 2708
6 1221 582 285 546 2643 759 807 1702 181 620 1603 732 1541 1083 820 1570 468 1260 750 334 1797 372 1882 973 1891 980 1723 298 1884 650 1916 2346 475 2666 1285 2118 2810 2171 2043 1610 2816 1015 1768 1858 922 2313 2761 37 2194 2677 1188 448 1537 2261 411 2268 1697 2387 2841 1763 2303 1456 1284 1536 148 275 1308 1084 661 2048 2179 1082 1227 510 2278 2807 1184 122 1761 594 1462 1380 476 42 1080 1488 1153 2425 2167 1865 636 2359 459 690 327 1205 669 1502 281
52 1481 418 1022 346 2821 1465 780 2244 786 2690 1662 2429 534 2467 2059 806 2505 2465 225 1378 363 484 467 53 2070 402 758 936 108 999 726 2301 478 2407 753 1438 1008 2765 471 628 2025 2398 2634 430 389 2669 655 1220 1918 192 840 207 1730 61 2285 295 1787 1140 89 2687 1475 455 1356 1048 452 1929 1395 1692 331 1039 782 1018 2806 2611 2632 2470 1612 138 504 290 1275 1789 2396 1655 1831 1026 1506 2236 1317 927 268 643 2142 1024 1568 31 1756 2715 326
1083 894 419 2554 2153 96 1632 732 181 1032 1927 2060 189 620 1797 106 1702 1108 744 1283 2048 2643 2761 644 1251 42 2401 759 2720 1364 2442 2502 2188 481 387 1336 2688 2278 2841 2567 1171 1768 636 1013 22 2168 2498 2425 609 941 2831 971 2807 621 2313 661 2374 2079 1625 1315 270 2612 2705 2141 2261 1525 785 869 1371 1199 468 2562 1214 762 582 63 2263 171 310 2751 2827 1761 596 844 2441 1365 84 2571 1318 1064 1865 2522 1019 2760 95 592 6 1536 2623 117
2502 2152 1371 1605 84 2141 1139 1726 2263 2572 1953 2348 5 2567 1866 2841 214 1602 941 2623 844 2457 1525 509 1280 2678 2386 2751 1515 1171 244 22 1696 1198 1199 2115 1616 2128 1214 106 2448 2109 117 1084 327 2056 785 1927 1632 1659 1064 2060 2203 1205 45 1113 96 189 1032 236 2153 2182 894 851 2522 2303 744 1364 183 419 2608 957 1960 1184 2760 621 2554 2030 171 609 1365 23 1251 40 1738 2705 1458 2612 2725 690 2464 2374 2831 2401 1488 1397 973 420 2404 1641
2578 377 828 13 1272 640 2520 2671 2210 2602 1668 1374 672 2828 933 865 1754 1337 323 2047 1249 1949 370 56 1041 2083 1910 2421 1038 2032 2428 1189 2629 1329 2570 698 2795 1429 2335 2839 2798 2539 932 1764 955 2038 1049 839 358 1521 729 2031 1399 2120 2221 964 1070 123 2108 429 2267 340 432 802 882 1240 142 2513 1562 878 2668 2423 2387 2078 886 220 979 36 2117 1952 1431 1890 2333 332 176 199 2384 78 292 2150 743 1929 417 1492 2227 21 1519 2783 2217 1387
848 1114 284 1830 931 702 1845 2601 2471 502 768 990 1767 1340 2624 1908 1107 903 688 297 835 103 1235 1323 126 578 1608 65 1186 2276 522 1310 2314 2388 1512 1391 1720 1821 1413 1254 250 1975 684 2667 2149 277 1406 1759 1458 1075 767 2656 2757 2016 2240 1012 1165 1065 2114 431 202 1459 379 988 249 1144 1905 2242 1922 1357 1207 1390 2121 193 2637 121 1035 2323 569 1157 39 1605 1120 369 2805 1832 2000 1289 1334 1748 86 2510 1809 332 1418 485 70 2561 2302 10
364 2381 374 2040 101 436 2759 1900 215 989 803 341 251 766 2579 2238 737 328 2504 1427 395 581 789 2644 572 545 2540 529 1683 1230 1898 2114 407 1106 2546 1257 1115 1801 962 240 2323 2277 1883 1394 2242 1798 1361 1389 1559 1451 1093 1786 1971 2000 483 1353 2784 2066 2178 1951 1213 2113 1306 1300 293 2787 304 1357 727 646 1175 1091 39 1818 2288 1137 926 485 589 658 564 614 2495 1180 2656 2149 714 2409 2054 1166 1693 1334 754 1207 1231 898 1996 2561 76 1728
1487 1471 909 953 924 2573 1400 84 2494 1113 1687 2620 335 1922 2503 882 1232 1960 2230 2688 1183 300 941 956 2421 1006 1477 2571 37 2768 971 214 327 2150 1462 851 205 594 1882 865 2222 2348 1995 1139 1953 423 43 1199 1255 1591 459 1757 1308 1616 2115 2179 1802 1596 115 275 123 2841 1703 1766 1288 2386 2079 1474 1979 835 2706 745 420 735 2303 281 1082 2677 922 762 1704 2216 2161 40 117 2591 750 387 1184 186 411 2197 2535 1371 2188 1458 2088 1397 1502 2448
285 6 1221 546 807 582 2643 759 820 1603 1260 1541 468 1702 1570 372 181 620 2677 1697 922 298 1188 2468 1284 2268 1884 973 1456 1882 37 1308 1082 411 459 122 448 980 2118 1537 750 2167 334 1763 275 1084 1285 1380 2194 1797 1858 1610 1090 476 732 20 669 586 1227 1891 443 1911 281 167 2313 2706 1015 475 205 796 1153 650 690 2303 1184 2810 1502 2043 423 1723 2261 1083 661 2791 510 2346 2179 1916 1205 1006 1080 2726 2823 454 2666 2535 1536 2691 2816 2171
2548 2298 372 2185 2517 2363 2727 1520 1 1684 1411 1129 143 795 1440 1572 2584 2529 2460 2399 2158 234 557 386 913 307 1619 2524 1925 879 342 2844 352 2215 1694 551 667 349 969 741 1982 46 2139 1360 2385 1863 1947 2092 1539 2468 267 892 1291 1238 2833 2371 1630 837 2801 2484 1009 718 2269 2189 2797 2431 299 2834 891 264 1349 2455 1660 1366 2635 888 2226 2633 1615 1815 2403 796 2412 1242 1622 1776 133 2063 814 697 223 1814 273 262 1816 1514 1373 958 2104 1122
2827 2441 1856 2111 95 596 310 1593 1743 2547 1999 983 2190 88 2745 2202 1176 1749 695 1476 132 576 2785 824 1103 1804 967 1914 1693 777 1197 739 1719 2149 1996 2235 2422 792 1631 2296 1093 499 1091 1689 291 2430 91 2024 1304 24 2260 2143 184 407 1597 1343 2021 832 60 2756 1535 1728 63 634 2413 2737 1019 2472 1116 135 558 426 2112 1231 1478 2656 683 2281 949 2615 940 465 1714 1383 2224 2242 540 213 2523 1713 1945 1448 1483 617 1898 1672 1296 218 34 198
2479 1704 2250 1335 1532 2557 28 238 849 2228 503 1563 505 2819 711 2099 458 152 2500 772 633 313 330 2552 587 2119 1896 2181 972 523 1376 1680 1741 354 1827 1339 734 2674 847 2283 2716 1708 532 705 2177 2191 2689 671 175 2370 2322 696 2365 81 2527 2681 92 1956 2814 2028 2742 2534 2193 68 2592 602 2052 261 1111 2062 1917 968 1789 1117 331 131 927 1332 268 1831 159 1655 726 553 2391 1010 1297 1817 326 1143 1955 1746 2565 2144 1503 1011 1929 2265 1730 655
1938 1443 1833 1747 889 2686 767 277 2496 2702 431 369 211 2532 2510 2315 1460 1989 2 18 70 1842 1125 1753 2818 2478 2663 2777 951 2772 2077 1834 2757 2015 1839 1252 1035 1557 1980 1759 601 1390 2622 2561 1976 2685 1418 461 2149 1548 1845 2671 1114 315 250 853 684 39 2556 931 1767 1872 578 2288 1340 1165 121 1975 1720 769 1821 2808 1413 2388 2302 1952 433 1788 760 2016 522 164 2352 193 1431 1399 269 848 1847 2128 907 1922 156 536 988 2624 2289 1508 1417 1801
2174 57 1861 210 1580 133 1234 2418 280 1034 2461 793 1276 2374 2456 1792 493 1859 1392 2662 1758 570 2004 1724 1930 2327 1196 797 1575 1664 2125 2186 1947 2672 1375 366 421 548 756 2184 2330 704 294 1358 77 1279 689 976 1765 746 2590 801 1665 1457 263 1776 228 1887 1551 2039 1350 2659 859 1877 885 2123 2356 583 1043 798 857 720 1072 656 2229 2206 2694 588 2321 2332 287 2739 1191 1229 2548 1542 1193 2493 2541 1348 170 1576 1432 1345 2838 934 1086 2581 1030 1675
1477 1113 2421 1960 1949 2494 1038 1754 909 2503 1616 1041 1591 2115 244 1757 882 851 2620 1922 84 1232 123 40 594 1255 1696 986 629 844 1687 1400 398 2150 1458 2671 1139 214 865 423 13 509 1462 1866 609 640 281 23 2348 327 1272 1426 2386 690 2457 750 2571 420 5 1766 117 1605 334 2725 2677 2768 1515 2152 148 1889 2464 676 745 2101 2210 762 1397 323 2751 1199 1602 796 941 1326 1488 300 2203 1198 1603 1537 1953 957 498 466 1541 1979 2161 2502 2828 1061
1141 1506 2070 2669 1780 1274 1612 2025 192 1918 61 1505 207 27 1787 1262 216 858 1127 225 113 2396 455 2794 1598 1961 296 1472 1273 356 383 200 618 2698 2232 1282 408 654 2316 625 138 49 653 252 2311 2017 2467 1018 782 1021 2765 2565 1503 1024 1297 679 346 1692 2611 822 525 2137 209 1026 1356 2690 290 799 561 430 412 33 1917 1022 1875 1435 2142 418 1011 1568 495 771 1248 2164 1378 131 1972 533 1140 239 2821 245 721 643 2402 2062 2177 2091 1781 1048
1178 2437 1990 2700 2129 1672 44 2317 16 2422 1224 2523 2180 1838 34 1713 1116 1714 1836 47 683 1447 2249 1057 465 761 1469 1914 1346 376 1483 1535 832 1183 1449 2785 2202 676 88 830 1476 1450 2190 603 2745 1620 751 1678 1732 1073 777 2275 983 1996 2281 1482 2547 230 1180 1593 1176 441 2080 2495 1523 576 291 269 2383 564 926 39 824 2695 1693 614 83 132 1357 2653 76 1538 590 1818 2621 2752 1091 87 1548 483 2114 2288 581 1147 2174 2000 2573 2802 95 1894
1524 203 1629 154 2749 2740 2444 2727 1520 307 1 342 551 2399 2548 2158 1059 352 1375 1572 685 2215 2710 472 234 1509 1619 913 2385 1811 2431 741 667 1925 2403 1421 891 1863 2371 2844 160 1078 476 267 2709 2776 687 888 226 2468 2460 428 1373 1539 2189 1349 669 1803 641 262 1947 1861 557 1540 2576 2473 1295 814 2094 1238 2266 1291 798 2797 2363 385 956 2834 1982 795 879 1862 1622 158 1571 1530 2340 2269 2198 892 1807 127 1129 1930 2253 242 1355 2127 2255 857
2691 1911 1267 2355 796 2362 629 2167 144 2420 850 2593 2512 2677 1504 459 2268 1006 2318 1697 1308 1387 1763 1082 1090 443 1380 586 222 320 922 281 1682 37 1479 1305 1436 2218 1200 2096 2449 836 935 2071 2432 1188 973 2156 2535 1790 1098 2132 1474 1170 1718 2750 2201 275 258 745 1933 1285 1709 755 1284 1456 1321 852 2706 448 2645 325 1052 946 8 2446 2342 1676 2161 1320 298 474 2631 630 256 73 2452 724 1671 1077 595 1973 1570 99 1750 411 1762 981 2815 599
730 338 1466 1325 1455 1498 336 1670 1442 568 2516 1526 2377 1969 1511 253 535 1068 937 2341 406 821 1379 1243 1131 365 112 544 434 2299 1079 1779 410 248 1850 1385 2788 2145 811 1040 1783 749 2151 2549 2730 800 2364 2290 2746 1110 1005 1527 1966 1794 1311 1992 2102 1133 1165 2302 2219 593 773 605 673 2763 648 1424 709 1309 870 610 191 519 678 1007 94 717 2830 1634 257 1894 1020 2560 1707 392 855 435 1573 538 1581 1142 2680 881 1968 2519 2243 843 1516 774
2510 431 70 1839 1125 1753 2561 2777 2772 1842 2077 2478 1035 18 2757 1557 1390 1252 1834 2 951 2663 2818 1759 601 2622 2015 315 2161 277 2315 767 2702 1165 1075 1413 1895 769 269 1938 121 1443 191 1391 369 1980 433 1833 250 536 202 1548 684 2276 1747 2546 2302 1845 2314 1975 1460 39 1955 2323 1117 2289 578 2579 737 1976 581 2149 442 374 988 193 569 1340 1186 1683 1801 688 211 1065 2016 1418 1974 103 164 2504 2471 1767 297 1130 931 1323 1314 1656 2685 1012
2044 2501 2528 1934 2411 1644 1656 659 85 1624 2790 1102 312 2832 188 987 2817 556 1926 817 635 943 1407 1405 2213 1319 611 1386 2300 221 547 2082 2270 1552 992 2012 2046 1983 413 2011 2631 224 1817 1617 136 1782 1208 2779 155 2397 1092 1381 128 1417 1582 1586 1993 2574 497 2419 1623 1788 2599 51 1501 1711 2358 2707 1902 860 1484 606 169 1658 915 2241 562 1414 2836 1489 854 2088 2001 1640 1881 197 2222 305 1428 2400 488 2439 1878 445 622 2034 1422 559 134 2515
2328 1531 1769 748 1578 1354 1179 952 2491 1063 919 2778 887 1470 1977 2682 2252 1791 1651 1851 841 2065 945 930 1579 118 1657 928 9 639 567 2097 2729 1583 916 982 114 1770 2379 1585 2647 2042 808 1920 1667 2792 819 2723 2575 227 763 998 1528 2225 2310 1211 1854 311 566 2349 492 517 875 1210 579 512 2459 1154 515 2026 2488 1367 1368 382 2711 528 923 2618 513 1209 2559 2658 2304 1970 25 975 156 2416 1239 778 164 2775 2577 7 2028 159 326 1566 1415 151
2185 1129 2298 1411 2584 2529 1440 386 1684 1694 143 2517 718 1630 1360 2616 1445 787 1294 697 2271 810 30 795 638 1446 958 665 2619 1514 2481 1112 2363 372 71 2524 1939 1258 1270 2246 1215 557 2460 1619 741 1278 1925 2139 2801 1863 1267 2727 2844 2468 1520 879 264 299 2833 2385 837 1947 203 2484 667 1982 263 2158 1735 2371 1549 1542 1009 1196 2092 2412 273 1 2269 1295 1814 2595 267 1887 1122 888 1744 1776 1350 5 1807 991 342 2455 2189 147 46 2590 969 1191
1145 2775 174 1415 2636 156 164 460 2009 694 172 72 2722 1784 2577 1241 1688 1808 2274 1404 2098 2747 1100 1089 1155 612 1023 141 2055 1047 2163 208 453 401 595 1628 1510 816 2587 1085 1717 1976 2655 1160 2679 666 731 1163 823 2122 1903 177 2469 760 2126 2829 981 1872 399 461 99 1599 477 2074 73 2452 2218 1182 380 1233 599 1339 1436 152 437 2537 2144 2642 2071 1003 983 2799 1974 2105 2774 968 222 1956 671 2742 184 2827 1741 707 699 2003 1305 1065 696 1461
956 1882 448 2823 630 2268 459 1015 1084 2573 1284 2791 2118 2303 298 2222 2030 1610 2623 1205 20 1285 973 1456 1884 980 1280 38 167 205 1880 1260 275 1425 1200 1995 1170 2476 1697 1570 1525 669 924 2167 2749 2261 115 37 1858 396 327 1449 2627 122 2572 2740 2194 661 2691 1025 1659 1400 1539 2425 1006 83 2071 1153 2313 476 1180 2432 1387 42 2204 874 2678 836 1709 1471 1380 2101 2453 1128 2801 909 2726 1308 300 1487 2468 1278 922 2420 1082 796 2197 1221 2831 1318
1525 2572 2623 1371 1280 2263 2678 1726 1084 2386 2374 1198 2448 84 1083 2141 1205 2502 941 2152 1659 732 2030 327 2203 2303 181 785 1113 117 2791 2761 582 1702 844 1605 474 620 1866 2348 96 762 106 1251 689 1184 1758 1880 1364 1797 275 1199 2425 1032 2831 448 2060 2498 45 1802 2115 1064 294 1139 387 2562 214 2522 2554 2004 1960 150 2688 894 2229 1768 663 2125 2153 2476 973 2705 133 189 43 2567 1536 419 1596 183 2841 2056 298 6 644 1380 1602 1927 422 2442
751 1178 777 2422 2129 1996 2437 230 2281 1057 1672 1914 1990 1091 1836 926 2700 2523 564 34 1116 1713 1818 1224 39 1714 47 1180 465 2495 2202 2785 1838 1357 683 1693 2288 88 2190 2745 2317 2180 1476 761 76 983 16 1593 1346 1183 1176 44 832 2656 1535 2547 1856 1538 132 1447 1450 830 376 576 824 1743 2249 676 596 1482 1469 1483 2441 1449 1678 95 2827 603 2239 2733 2080 187 441 1523 1732 2275 1073 462 2149 2242 739 32 1517 2111 2383 902 310 1147 695 2033
2827 2441 1856 2111 95 310 596 1743 1999 2202 2190 2547 88 2745 132 1749 1093 1476 1176 983 1103 695 1693 2785 576 1914 824 1593 2149 777 407 2422 1996 1631 1343 949 291 2242 783 2656 832 2737 540 2112 1197 1091 940 1535 617 1672 1898 2016 1004 1019 1116 1561 2374 689 1434 1713 1513 683 63 1298 60 1161 2125 1714 1804 198 1847 1773 2039 1087 34 751 1224 2733 2523 1334 462 2114 465 2542 2281 1930 2004 1838 39 1795 1758 1333 967 75 954 2615 1760 2129 792 2224
1470 887 1531 1667 9 2792 118 1585 819 748 567 2575 1791 841 1579 114 1770 2723 639 945 998 2647 1354 952 1769 1578 1920 919 1583 2328 2065 2778 1179 1063 2491 1854 1528 808 2252 930 916 1977 227 2682 1851 1651 1657 928 2042 2711 2729 763 2097 2225 2379 982 382 517 778 566 492 1970 923 2074 515 2459 2304 1154 2026 2310 512 975 2349 1233 311 437 1209 73 579 513 1599 2416 380 1210 2618 875 381 98 2559 2165 2415 2147 1368 1367 1211 2488 2380 781 422 1864
1579 2252 9 639 2647 841 945 1769 1920 1578 1770 952 1354 1583 1179 114 919 2328 2491 1470 1531 748 887 2682 1977 1651 1063 2778 998 1667 1528 118 2097 2792 1585 916 1791 819 567 2723 930 2575 1851 2729 1657 227 928 2065 2042 2379 982 763 492 2225 808 2459 515 2349 1854 566 2310 1154 1368 579 2488 2462 2026 1367 311 512 2165 923 517 1643 875 2711 1344 2334 382 98 25 1239 2803 1031 1209 2304 1864 781 513 910 2361 1819 975 2416 1970 381 422 2585 247 1210
310 2827 2542 2441 617 2149 2656 291 751 1693 1856 2111 95 2016 1561 1334 596 2242 832 1197 1999 783 1743 1103 1019 1593 576 2112 2547 540 1004 1631 1434 132 1343 465 63 1773 1513 940 1749 1795 1176 1298 2737 983 2190 499 2202 1535 954 695 1093 1847 1914 1685 949 182 1161 1760 2114 149 824 88 1712 2745 1346 777 1333 1116 1476 2785 198 2129 75 39 739 1672 1713 1087 683 2497 93 2022 1836 1714 676 895 407 2281 1590 2125 2224 1091 2004 1996 614 60 689 2422
640 13 2520 1272 2210 2671 828 2828 672 377 1374 2602 2578 1668 933 865 1754 370 2047 323 1949 56 1041 1189 2421 1038 2032 1337 1249 2038 2083 2428 1910 2570 2629 2795 1399 2335 1329 2031 2120 964 2221 1764 1070 2839 353 776 2423 1541 1429 743 2415 340 1221 1819 332 698 98 1562 2798 2387 2677 2539 358 429 955 2054 582 2132 878 289 1890 932 142 159 1521 546 196 802 292 21 1065 1864 1952 886 281 1049 2568 2359 820 2267 729 554 2217 2687 302 78 893 750
2840 445 1663 1328 1993 1617 2707 2241 1623 1422 947 1444 1045 1679 2011 2515 712 550 1054 51 1782 2767 169 197 2836 735 1640 2050 1544 1381 463 2130 1658 2837 1218 155 1649 2439 1552 1261 1369 305 860 1417 2289 1489 2454 179 2650 645 260 1788 2714 440 2628 480 900 1840 2826 2769 563 562 2649 659 1486 925 1437 26 1710 1870 1796 1569 556 1208 1860 2713 2375 433 348 64 518 489 1307 134 439 2631 674 2088 1878 259 2397 1895 2544 663 2721 2538 1051 943 1948 2133
1510 595 208 823 2655 399 2469 731 2587 1717 2126 1160 99 73 760 1872 2163 981 2074 1599 1233 1628 453 401 437 380 1784 1241 1023 2055 156 164 141 694 2577 2722 72 172 2636 2009 460 174 2775 1415 1085 612 461 816 2098 1047 2122 2747 177 1976 2679 1903 1163 477 2829 1145 2642 1404 1808 1688 2274 1100 1155 2452 2218 1089 1504 222 2537 1436 2420 571 975 2668 755 320 2161 747 599 2750 429 2318 2362 566 1154 1305 1065 2512 1387 554 21 311 850 1682 1321 2304
807 285 6 650 546 1891 1221 2666 2171 2810 582 2816 2043 2643 2346 1723 759 1260 1916 820 1603 475 1541 468 1702 1188 2841 181 620 411 372 922 1882 1227 1153 1284 2261 2194 1858 1761 476 669 1456 1797 732 122 661 37 334 1697 2313 750 1570 1763 1844 829 1865 2268 1082 2468 1308 1083 298 1768 1884 2677 1610 448 980 459 2167 1084 2168 2387 506 2476 42 2118 1537 973 1090 1286 2425 956 1283 1629 2634 2823 795 510 2727 1059 1108 20 1911 2761 1502 2726 2222 1015
44 16 2317 1447 1469 2249 376 1483 761 1178 2437 1990 1057 1836 1672 2700 1183 1224 1713 2422 1714 2523 1914 1116 1838 34 47 683 2180 2785 2129 830 1620 1535 2202 603 1732 1450 88 1073 1449 2275 2190 2745 1678 1476 1346 983 2547 832 60 465 1147 1482 1523 824 1176 441 2695 596 339 1996 95 132 1593 2080 2441 777 1304 2281 1856 483 83 2239 269 291 845 2446 599 863 576 1103 2573 1693 39 834 1646 2383 2518 2096 2111 2537 1120 2827 695 1380 1980 94 751 2452
2840 445 2515 197 2011 463 2375 1710 2241 1663 1788 1045 1552 1417 1617 1328 550 712 2289 900 659 433 860 2707 1437 1422 1623 1489 1208 1983 2397 1701 1486 2454 1369 559 1679 2574 1782 1381 1895 489 1658 1656 2767 735 1993 1092 2826 2050 260 1054 2544 1307 2817 1029 817 645 943 2836 2133 188 2419 674 2130 1870 26 2714 1190 1934 556 2832 1444 348 169 480 2652 2424 947 2790 51 134 1218 221 563 1624 635 2769 2753 1644 1405 2084 179 1926 2439 1544 2528 2628 925 1948
2045 2755 2023 1584 747 1407 1656 188 1934 2790 2817 556 85 1644 258 2528 611 1319 987 817 1102 943 1624 1796 1405 2501 2044 2411 547 1926 1320 635 1386 770 2832 659 2270 312 221 2082 2300 2545 463 2564 1489 2397 1092 2544 414 1422 1788 1552 2034 259 977 1564 1617 2530 2344 996 1414 1428 1983 606 1029 860 1710 2574 2358 2454 319 1417 550 1208 2800 992 2670 2735 674 2007 1046 1328 1151 74 330 1491 2769 289 2652 2099 622 2131 1782 536 591 197 616 1390 524 2011
1814 2844 2731 2797 1122 2403 1589 2371 1735 267 428 1238 1291 1982 2139 891 2092 299 2412 2833 2576 1549 2776 2269 2473 667 687 262 2455 264 2484 837 1009 2385 741 2063 888 1925 641 1619 1815 1863 226 1622 1373 2771 991 1159 1509 90 879 1295 1807 1 2460 1338 234 1572 2727 1520 2175 472 342 557 600 2486 573 352 913 2223 2399 403 2811 2338 1698 2100 17 1803 846 160 349 1571 2215 1025 2253 1539 1409 1421 317 2158 642 2431 1660 551 1078 1994 2094 1095 195 1530
1583 998 567 2792 118 1791 2018 1854 2551 2146 2252 1063 1531 1970 2284 719 382 517 1289 1651 2711 778 247 2065 748 2008 764 2682 916 1403 227 2778 1179 808 1354 952 1977 2097 1470 1769 2042 919 887 9 153 1657 1578 2491 1579 930 928 982 2328 2310 2550 1507 1534 2729 190 1577 35 1157 615 1351 2603 1359 2824 1915 639 841 914 1528 1493 1851 2379 2019 2585 1920 107 2647 2225 1177 2604 1667 1585 2414 2793 945 875 873 723 1566 1239 871 492 2165 2575 812 2349 1367
1721 2809 1876 1473 12 1390 1753 1125 1055 2622 2478 2077 1759 140 2772 315 2728 2777 121 1868 1944 2051 1452 271 2757 1165 1557 1175 2499 70 1942 598 2561 974 1252 1408 589 994 494 191 1834 1439 1951 988 193 526 864 2719 1793 2315 1881 727 725 2580 2015 2624 531 2069 1998 2294 485 2683 2440 2090 1931 574 688 2054 569 790 1677 2057 18 2704 1771 1223 2220 2415 536 1306 1874 608 2367 1075 939 2653 2589 146 274 508 2161 901 297 1235 601 447 1895 951 482 380
753 2467 1022 1378 346 2690 2821 108 2398 2505 2465 628 1220 478 2634 1438 402 758 467 2407 471 363 936 52 1048 2632 782 840 1692 1018 1918 2301 1008 2070 786 1481 389 1662 418 2611 138 2285 643 2765 89 1612 484 430 1039 655 1026 1465 2244 2429 53 2059 225 1356 534 806 1472 452 780 1395 2669 1730 2687 1140 331 2025 295 1275 455 192 2142 1929 726 61 999 1503 2232 2806 1303 1024 290 207 1921 1506 2062 2061 1787 2773 1317 268 1262 2402 1789 1568 2531 501
67 627 1810 202 1075 1012 249 1406 2509 2583 1001 2350 2121 1055 1944 725 2294 2728 2748 876 1959 1390 2719 1212 899 137 165 2558 1905 1120 1809 86 1869 2622 10 1130 116 1759 2292 494 1557 2319 29 2757 112 1753 315 2329 1125 2240 1845 2624 692 1606 2057 1223 2135 12 1252 2315 103 1165 126 1323 2598 1834 688 1805 1874 2741 2533 1452 145 2143 1235 1410 297 1473 730 2478 2451 2772 960 2077 2518 800 1076 1573 1767 87 2320 2805 2506 775 24 1126 1067 590 2151 2637
1721 2809 1876 1473 12 2708 682 2057 494 368 1874 2438 444 2622 974 657 1555 121 1390 1725 146 2435 1899 1944 997 1433 2143 1075 173 1892 1185 2507 1759 536 2719 2757 1904 2089 202 2526 2728 988 193 574 426 2580 24 1627 2552 2291 627 696 1012 2683 1597 2028 491 2478 1592 249 2500 2704 1613 2220 523 2021 622 569 1406 1810 1018 1165 634 2077 2561 662 2509 2735 1906 1253 1753 1223 1055 1771 1839 2024 2090 1236 1964 1452 2772 2756 1463 1956 939 1708 1931 1777 175 2144
727 658 589 1175 485 1306 1361 1951 1451 2000 1559 1106 293 1798 2787 1394 962 1230 2323 572 614 646 2054 1115 1389 1683 2546 1137 1786 1300 2113 2178 2644 1971 1213 2066 2114 1257 2072 529 581 2277 304 1801 545 2242 737 1207 395 1334 853 483 2040 714 2540 2409 803 2784 1558 251 898 789 2656 1353 240 1087 989 2504 2759 2381 215 407 364 2149 1900 341 1898 2579 1693 766 328 436 1427 374 1093 1883 2238 44 101 1166 1928 39 2161 783 16 1357 2022 1447 2288 1469
1453 2713 1490 1860 2433 2376 1901 2309 201 2034 2545 2556 1796 2721 1569 2815 100 715 2272 64 1636 48 1316 1496 562 439 1948 1965 305 2213 155 1416 563 1051 2826 1096 260 1878 1148 1640 194 2352 1123 1586 2088 1218 168 659 2650 2289 1840 784 2628 2241 1993 497 1381 900 992 51 486 231 2337 1658 674 2046 747 1307 645 1710 2707 1552 978 1261 1437 319 1486 559 1782 1623 906 2007 2732 2076 2358 2767 1584 663 445 1544 2419 1848 1617 2515 2652 1046 2439 2631 950 259
2441 2827 2111 1856 95 310 596 1999 1743 1749 2547 88 1103 132 1176 2190 2202 824 1693 1476 576 2745 983 695 1093 2149 1914 2785 1593 1343 2737 949 940 2112 2656 1631 777 1004 1019 407 198 63 1434 1197 2242 783 291 2016 540 617 1298 1760 60 1685 1996 2497 954 75 2422 1712 2542 832 1304 1561 149 689 1333 751 182 1535 1672 1334 1727 2374 1204 2125 2022 1898 1713 1091 1116 2114 1665 2004 462 493 2582 1483 683 376 570 1758 39 2733 2058 1804 2603 2615 1930 1714
430 331 655 1097 1293 1143 326 159 1118 580 1822 2062 2236 31 999 726 1967 1297 1124 1692 478 1037 2715 390 2053 1635 1715 1475 1972 2061 1647 2402 721 1921 1050 2301 2407 1187 1648 2406 1140 1730 782 1008 504 1756 753 108 2398 1018 2611 1395 936 455 1929 1317 1472 643 1303 1662 2465 2505 363 2632 1918 2806 628 1831 1026 2470 1011 295 314 1048 1789 1378 1755 1655 467 484 138 927 2634 2687 471 1220 1262 402 1612 806 786 1438 1568 2467 2765 125 840 758 1022 2531
1349 234 1 1572 2399 913 1520 2215 2158 2727 46 2339 307 2466 342 1540 1618 551 511 892 2340 1059 352 2635 1095 2834 1409 1615 2253 223 195 961 2223 349 1698 2226 1524 1539 1025 1571 2372 969 1514 2444 1994 2338 2541 127 1101 958 697 2801 573 2517 154 1215 17 2710 2524 1807 685 642 1509 1811 1129 1270 273 1630 1360 1295 2255 1629 1291 71 30 1167 267 741 687 2104 1238 2100 2246 638 203 2138 600 1939 718 90 2298 1060 2619 1242 344 846 1112 2662 414 1445
1944 2294 1056 1055 2728 725 2558 2207 165 2766 1825 204 1130 137 2135 2825 899 1940 1212 1986 2842 1606 116 2741 447 2580 2041 1463 1935 2813 1547 1452 2248 1841 146 1134 2382 2511 1899 1464 494 1937 97 2435 2708 2286 246 686 1076 948 2569 1639 1223 1185 804 1067 2506 2438 1592 2393 1874 2736 491 682 2258 647 362 329 1777 2639 2057 2683 1126 140 1868 657 722 79 2291 2292 677 2068 574 692 2436 2305 974 2665 2827 1876 2744 1733 2598 2441 310 2838 2239 777 1962 1601
1477 1113 1960 2494 909 2503 851 1922 1591 1616 2620 84 2421 1232 40 1757 882 244 1458 1949 2115 1687 327 594 1400 2386 1696 281 2101 629 844 123 2677 1139 2571 1144 762 2152 1255 1426 379 5 986 1605 214 2150 702 1866 2036 398 781 1462 2768 931 2502 690 117 1397 1864 1423 835 1198 676 1371 796 531 420 2203 423 2656 2161 941 1114 1767 2751 1979 2149 750 1830 1954 1326 1519 1344 1601 2457 2348 2000 1541 23 300 1010 148 1471 1515 574 2160 2526 745 2080 334
757 754 1728 1231 1533 2756 2021 2320 1149 2533 29 286 2673 2172 218 2024 1804 24 967 2143 293 2430 426 1597 634 135 558 80 1296 2295 1689 119 1383 213 1719 1984 707 2413 2472 1898 1312 1265 2277 2638 1478 2408 2235 1849 184 91 240 2260 483 424 2354 1801 1829 1867 1448 1093 646 2784 853 414 252 2054 19 444 739 792 304 983 2799 1722 520 1945 1168 789 1088 1299 1839 695 2296 1182 1266 2323 1427 2178 1091 2561 536 1252 2640 316 1725 251 1555 2787 1683 2615
1579 2252 639 9 2647 1769 841 1578 1920 945 1770 952 1354 919 2328 1179 114 1583 2491 1977 1531 2682 1470 748 887 1651 1063 2778 1528 2097 998 1667 1791 118 916 1585 2723 930 2792 567 819 1657 2575 928 1851 2729 2065 227 2042 2379 982 763 2225 808 2310 311 515 1367 1854 2459 492 1154 2349 566 1368 875 923 2488 579 1210 910 1211 2304 1643 517 1239 2711 2081 1042 2618 512 382 2026 69 1819 975 2775 159 1864 809 2165 326 156 2462 1415 2559 2334 1402 2103 98
2783 511 352 2431 1539 1421 385 1366 1816 1660 1480 2460 226 1572 814 2607 961 2158 2633 879 1 2727 913 1619 2363 1520 892 1815 969 1925 2834 557 46 2339 2266 234 2138 1863 2473 223 2709 160 1078 867 1009 1615 2340 342 307 2226 1530 1349 2468 2104 2399 795 2524 1291 1238 2215 837 267 2094 1159 403 2466 1242 2484 741 551 2781 537 2455 264 1540 2801 2548 891 2844 2517 600 667 1618 2372 2403 273 2013 1982 147 372 349 2738 2595 2820 1324 1811 2100 414 1622 1338
2093 394 1879 1906 607 631 2392 2049 530 1518 2796 2357 446 1301 1058 2140 2596 2282 451 1604 1290 1613 1981 1017 921 1909 1567 2064 1237 662 1119 1978 2660 1132 536 271 2090 193 337 124 1060 1892 2343 2822 682 988 121 1742 1618 2089 345 220 1588 2438 2692 1088 984 569 2781 444 2543 2682 1099 2609 391 1847 1327 2212 1771 2530 235 1513 2625 1540 996 1491 961 1473 1002 1161 400 1268 643 255 997 2784 2814 175 1800 1677 2183 1408 1904 608 2809 734 1101 2507 204 2648
418 1481 52 2059 780 534 1465 1022 806 2429 2244 1662 786 346 484 726 2821 999 225 53 2690 467 2467 363 1378 2505 2465 2070 1475 295 758 478 2407 2301 430 402 936 2669 2765 108 2687 1730 192 2025 1008 753 207 1438 655 455 61 2285 471 389 331 1929 628 1275 2470 840 2398 2634 1220 1787 2236 268 314 2806 290 2715 782 1692 1140 1789 1024 1918 1356 1018 1506 2396 131 1011 2611 89 1655 1612 1273 31 452 1875 927 1395 2632 1124 1831 1048 390 138 2698 464
1656 2790 1934 2528 2817 1102 2501 1644 2411 2044 817 1926 312 2832 85 1624 2300 943 188 987 221 556 635 1407 1405 1319 611 2082 2270 1386 547 659 2012 1146 1752 2397 197 1983 1552 2213 2011 1782 1316 1092 2631 1208 2375 2454 1658 4 1948 1381 463 1417 1416 860 2367 2574 1737 1422 2241 433 550 2714 51 2779 2069 1663 1328 1710 2836 1437 1617 1489 1788 1414 1895 626 26 155 2556 1623 2707 769 305 1993 1369 224 2289 1096 712 2767 518 413 559 2564 2023 2419 2034 1461
1482 2080 441 2383 575 2754 1523 1691 2695 2395 373 584 845 1016 1120 393 1244 2019 2518 1147 2136 1678 830 1450 1732 2275 1646 1073 603 2550 863 2641 1620 397 55 2176 1507 1104 2604 728 107 1177 1669 1194 339 2414 2281 834 902 2033 87 541 917 590 187 1943 83 2733 993 32 1410 1950 1057 2802 1919 1467 2239 2684 379 2106 1517 462 2525 1169 861 736 920 1914 1382 2166 775 102 2752 1748 39 1254 2586 1996 2495 1277 2073 777 2310 1626 2780 835 1805 469 2785 2563
659 2213 2044 2528 2501 2545 2034 2411 1934 1644 1656 85 1624 64 2433 1796 439 562 987 2790 1569 48 188 1552 2721 100 2713 312 1102 305 715 2817 155 2832 992 2046 556 1584 51 497 1901 1640 2309 1860 1586 1993 1490 1926 635 817 2631 2439 2376 201 2241 2650 1453 547 1381 1658 1617 1407 1878 611 1405 2352 1319 1782 563 1948 1096 2023 1544 1416 2272 1386 260 2270 674 1897 1422 1123 1840 2300 943 1623 2082 2836 1636 2707 1362 2011 2556 2289 2826 2088 1218 712 1679 900
2425 2823 2216 1108 959 1283 1703 1288 2476 2197 1363 1865 229 1560 565 115 1995 1217 1797 1260 2313 270 2612 398 38 1880 481 829 333 506 1286 2831 2141 661 1761 621 856 171 1153 669 2261 785 42 2401 2194 2387 2705 861 2688 2168 941 815 1768 181 1844 2760 476 43 468 620 2720 1251 2761 1227 1858 1907 183 762 300 971 644 387 2562 1318 2571 744 2079 1987 1449 309 2048 894 2182 2116 2153 2503 732 1032 2608 1364 2188 1927 592 2442 2278 685 1199 236 396 2060
655 430 331 478 2301 2407 1008 1097 1293 363 999 326 108 159 580 2062 1143 726 31 471 1822 1118 1692 1730 2715 1438 2236 2505 2465 786 484 1662 753 2398 628 1378 467 1220 1967 402 936 390 1022 455 1635 1715 1297 1475 2059 2687 1395 1026 2634 2765 2429 1050 1929 1018 1921 1465 782 840 2285 2053 758 53 1972 1756 806 418 464 2244 2632 504 1706 1048 2061 721 1317 2402 1124 1831 1789 1918 389 1648 2406 1037 1655 89 1011 1140 927 314 52 1187 2806 534 1275 1647
239 2794 2091 2164 525 654 1781 408 1274 1282 245 356 1127 653 49 296 139 2396 209 2311 2173 2280 383 1787 838 61 192 113 2025 1273 207 1961 1248 1435 1240 2669 625 679 1356 1555 1011 290 252 1505 1141 2137 1647 1780 225 1875 2402 2070 2531 2698 1972 822 449 1598 721 2279 1921 2693 27 1037 2232 1143 495 1168 1299 1216 580 131 1124 799 2236 1635 1967 1475 268 159 1118 1317 1843 2142 2565 241 1050 2335 1097 1924 1789 1022 1813 1503 216 390 1822 1932 2285 2406
702 835 1908 931 1830 848 284 1114 1107 1767 903 768 1845 2601 1340 2471 126 990 2624 502 688 65 1235 522 2276 297 2667 103 1323 1310 1254 578 1186 1512 1608 2388 1413 1391 2314 1821 1720 1975 250 684 1406 1759 1075 1390 2622 1557 1165 2757 2302 191 315 1012 2224 414 1670 1334 1252 2315 249 2323 2299 767 277 2015 739 853 2151 1065 2495 1243 601 2016 1801 2561 1834 2161 1516 36 568 293 1120 2121 2149 2350 1418 749 614 258 800 1236 1689 1256 1597 1969 571 332
6 807 582 1221 2643 759 285 546 1702 620 181 732 1083 1603 468 2666 650 2346 1916 475 1541 1891 2810 1797 2171 1723 820 2816 2043 1260 1570 2841 1768 372 750 1882 334 2761 298 980 973 1884 411 1188 1858 2048 2313 922 2677 1610 2118 1285 2261 2502 2194 1015 1184 1139 2179 2807 1697 1536 37 636 2303 1227 2387 42 2278 1153 1865 1284 117 448 1761 2152 1084 1456 510 941 2425 148 1502 1537 1199 1488 2688 40 1283 2476 2268 122 423 844 1591 1605 2263 1515 270 1371
806 2059 484 534 1475 2429 467 726 53 999 1662 2687 2244 780 1022 2236 1730 1275 295 418 314 1465 786 1481 1929 363 2301 1378 2407 1647 1789 268 1655 2806 1967 1124 2061 2402 239 1972 721 1273 927 1303 131 2505 2465 1831 1011 1635 1875 390 108 782 2773 1018 1240 331 1692 1050 2285 653 52 1274 2053 225 402 2765 1438 1008 655 471 1037 1715 2794 1755 504 455 2406 1787 2715 2091 2698 1127 1961 628 1648 625 753 495 2398 1187 252 478 805 2693 430 1756 452 679
225 418 1481 2025 52 61 207 2669 192 1787 2059 534 653 806 780 1022 1506 2429 726 1465 2070 290 484 2396 1662 999 2244 53 2821 346 467 786 2690 2531 295 1475 2467 1011 455 2794 1780 1875 1918 131 296 2765 2465 2505 268 1378 2470 452 1274 1024 2285 1612 356 209 2687 1929 430 838 1275 383 936 408 758 2091 1273 1282 1127 654 1730 1141 2693 2236 402 2173 245 1555 49 331 1262 2806 2634 2565 1124 363 389 239 478 139 840 753 2698 799 525 1356 1843 1037
1489 1417 860 1701 1710 1788 26 1870 925 348 2769 2454 2714 1369 480 2649 712 179 2538 663 2050 550 2130 1045 2241 433 769 2289 445 2840 197 735 1422 1895 2011 518 2375 1328 1552 2650 1617 161 1623 463 2707 1782 1437 1679 1663 1029 1658 2836 1381 1208 2397 947 1569 1092 1486 1054 2544 900 169 1993 2482 489 659 674 168 1627 64 51 2084 2826 1544 1656 992 1218 1444 556 2652 1307 2628 559 2837 2439 188 817 1983 1261 2358 260 645 2817 1948 943 2767 2790 305 606
239 1961 1127 653 2164 1274 2794 2091 1647 721 1972 2402 1240 200 2311 654 1011 525 296 1781 356 1787 2316 245 1780 1282 408 209 618 2061 1875 33 2396 113 1248 1143 1356 449 1598 131 2531 625 159 326 290 679 61 2062 1917 1097 1018 1273 1472 49 252 1293 2025 139 1921 838 1941 1822 1435 782 207 580 1275 1929 1317 1692 2173 1756 2812 1461 216 2698 383 495 799 1843 858 1974 268 1118 2693 2236 1187 2687 655 2565 643 220 192 225 1500 2774 533 670 1967 1475
304 2113 2066 2178 1213 1389 1785 2546 545 2022 1353 1883 1115 1228 1333 2784 1161 1300 1394 1513 1847 483 1773 1795 63 2277 1019 240 727 658 1175 485 182 789 1685 954 1951 617 149 589 1306 2016 1971 2542 614 2504 2149 783 1361 1760 2787 2242 1451 1712 364 2238 737 529 898 215 1693 407 101 1093 2759 436 766 714 251 1434 1898 293 1166 1087 1137 310 1427 2409 395 2000 1743 328 2656 1106 1801 2540 1257 1798 1334 1558 1900 1561 2040 2644 581 1559 341 1683 646 853
1146 1752 1545 4 59 2389 1624 1799 2367 2082 1926 2270 1202 817 1407 626 2411 1737 2817 1644 556 547 987 2300 2790 85 1656 2528 2832 2069 312 1386 1102 950 2501 188 1319 1934 826 613 635 2477 2044 283 266 611 221 1405 943 2515 2692 2767 947 1422 2631 305 1993 1414 1328 562 271 550 1275 345 440 1892 1837 2289 169 2840 2011 51 1663 1929 860 1489 533 290 1190 2781 1782 433 2714 2721 1730 1617 326 2340 659 1378 33 1316 932 2715 2650 1998 2261 806 1112 2837
472 1059 1607 1069 1341 2758 166 2835 2444 2094 2738 1530 1803 1355 405 1078 160 537 2709 1828 2614 2710 1811 1421 1167 1509 2740 127 403 2266 1964 2595 342 226 1025 1338 2340 888 2431 1215 2138 551 352 2255 147 1373 385 2771 154 2781 1159 1539 2811 2175 511 1862 991 641 262 1540 573 1524 961 2063 2100 667 1101 600 2385 1815 1618 17 1295 2399 1807 741 2473 2339 2455 846 1925 2776 1009 1 2844 2749 223 2635 2797 267 2576 2253 2403 2513 577 273 2104 1660 1615 317
1861 57 2174 210 1580 133 2418 1234 1034 2461 793 1276 280 2456 1792 1392 1859 493 2374 2662 1724 1196 797 1664 1575 2327 570 2004 1930 2184 2186 548 366 1758 1947 1375 1072 2125 756 1358 2590 421 1765 859 1279 2672 294 77 583 801 1776 1457 2330 263 746 2541 1887 704 228 976 1350 2659 2739 1877 2206 1665 2039 2356 1551 1081 720 287 2332 656 2123 798 885 2694 1542 1191 2548 857 2321 1043 1193 588 706 2581 1229 689 1675 1086 1432 170 1345 2229 2127 880 2187 2703
2282 1518 2049 1290 631 2064 1058 921 2796 530 2140 1301 1017 451 607 2596 446 1604 1567 1981 1237 1613 662 1909 2093 2392 394 1742 1879 1906 1384 1554 2257 813 1370 337 2357 2696 2660 966 1681 487 942 1396 1105 660 1119 1705 2085 908 243 1331 2782 1673 1978 355 984 710 360 1614 2543 54 1739 542 2259 1893 1853 2458 2600 1002 1618 734 1000 50 124 2781 2243 400 220 2340 175 2369 271 1099 682 869 2822 2664 1060 961 1615 988 1695 2283 1650 2087 2006 1540 2089 2735
1416 1096 1948 2272 1316 2815 2556 1496 1051 2352 1860 747 1796 1636 1965 194 2545 2721 2713 2034 1586 64 1218 1584 201 2241 1569 305 1261 2023 562 2755 100 497 439 715 1381 1658 2309 1993 48 1422 2433 659 712 2628 1782 2454 1617 51 1453 155 1897 2650 1490 2769 1362 1548 1901 1640 1840 663 348 550 2631 563 784 2289 1045 2046 414 2707 2714 1623 1926 1544 221 319 2045 260 2817 269 168 2538 26 947 231 1328 1489 2767 635 2439 289 1552 674 2836 2300 1407 992 199
196 353 776 2474 98 1625 701 1819 1643 1864 910 869 781 585 2361 1402 2462 2334 2067 1344 2081 276 2353 1042 381 1963 2103 809 2256 233 2027 69 2264 871 2001 40 640 1661 1515 941 5 244 2152 1696 1744 2841 2109 84 844 13 2391 2421 425 22 1139 1949 150 1214 2677 609 1768 2751 1171 2541 2803 2502 515 1754 1600 2460 1667 2210 1326 2363 1987 1272 629 669 1565 2101 128 574 2115 2567 850 865 2048 2385 1295 1585 1061 2228 290 592 2162 1591 1633 1143 2431 2783
1527 937 257 2377 2843 535 1731 1138 811 1871 1894 1455 1516 519 336 605 392 94 773 1779 2763 1992 2102 248 1040 1498 1007 610 1385 406 1424 2145 2341 1645 253 1068 1707 1800 1634 410 1133 365 821 1309 742 2613 1526 648 186 749 1466 1110 1131 338 434 112 2299 2516 1850 1079 2830 1379 2788 800 288 1419 1325 435 1966 730 301 1670 1511 717 2609 1442 870 2331 2219 544 1243 1969 568 1311 2549 1546 1946 593 2730 855 2290 2364 1005 673 2095 678 2560 2196 1794 1020
239 1127 2164 2091 2794 653 1274 1961 525 654 1781 356 408 245 296 2311 1282 2396 1240 209 139 1780 1787 290 838 61 49 2173 1011 252 207 2280 383 2669 2025 192 113 1647 2402 721 1875 1972 1273 618 200 1248 1356 2693 225 2531 580 1435 2137 159 625 2316 326 449 2698 1555 679 1598 33 1275 1262 822 131 1506 1097 1141 268 1692 2715 1018 1143 1472 1293 2061 495 1503 1124 1505 1917 452 782 1929 455 31 1921 2232 2070 858 2406 561 1813 2062 2285 1655 2017 799
754 1728 757 1231 1533 2756 2320 2021 1149 2533 29 2673 286 2172 218 293 2024 967 1804 426 1719 414 1597 2143 24 240 792 483 119 2784 2430 135 1312 1984 2295 2296 1898 789 2277 213 80 634 2408 2323 1265 707 2054 2413 1505 1829 1296 2472 558 1168 1299 1300 2354 739 658 1427 1598 1478 251 444 1435 1383 304 1774 1555 2235 2540 1448 2279 1852 853 2787 727 1618 1394 1091 1849 1689 2253 1230 2638 91 2615 2504 625 1175 695 2089 2178 2224 27 1213 1095 1801 1389 545
2840 445 1663 1045 1617 550 1328 2241 712 1623 2515 2050 2130 51 1993 1679 1444 1422 1782 735 1658 1544 1369 1381 2454 169 463 2836 2011 2707 179 155 947 197 2439 925 1054 2767 2837 26 860 305 1640 348 2649 1710 480 1489 1417 1649 2769 1840 440 1218 260 1701 1870 1788 2628 518 1437 1486 2826 900 562 1552 659 2714 2289 645 2631 559 1261 2375 1208 2538 2088 563 1983 2419 64 1878 2650 1796 663 2397 1307 674 1092 2652 1029 1405 489 943 439 556 2046 1123 1416 2082
2502 2152 1371 1605 84 2141 1953 1139 1726 941 2567 214 2348 2841 2572 2263 5 1866 1602 1525 2623 844 1280 1171 2457 22 244 2751 2678 509 1515 1214 2386 1696 2109 2115 2448 106 1616 1199 1198 785 2128 1084 1927 1632 744 117 96 2203 2153 609 2060 1032 894 1659 189 1364 957 2725 1205 419 2056 2030 2554 1064 327 1365 621 2303 2182 1113 45 851 2522 1184 323 2705 236 1251 2404 171 2464 183 2760 1661 2401 2608 2831 1960 1738 2612 2374 13 1488 1766 1979 300 420 1987
105 2394 1778 416 1946 11 2331 1419 301 256 908 392 2452 2734 2110 883 1142 1105 519 1762 1325 2243 355 773 664 320 2793 1006 599 2095 1970 2763 7 855 1442 2102 243 1170 2718 1155 2679 2147 144 253 2660 2453 2087 975 2516 1850 453 2519 94 1370 318 1077 2336 1396 1595 2593 490 1152 871 2537 935 869 1526 852 1404 2268 595 1271 1339 156 836 406 1968 1100 2163 1023 2096 1554 2446 1424 816 2487 2122 517 984 212 1903 1020 1068 1633 694 2696 2204 730 1036 459
1735 1814 1122 1982 2797 667 2844 428 2139 1549 2776 1925 1619 2576 2371 2833 1863 299 2092 2269 1589 2731 2412 2403 879 262 2460 2385 557 891 641 2473 888 2363 264 1291 1238 267 2455 2484 741 687 837 1009 991 1373 2771 1815 226 2063 1295 1807 1622 1509 90 2175 1242 2094 1078 160 1159 1338 2811 352 1530 600 2633 1660 1421 1539 317 1480 2255 349 2607 2740 2468 573 867 1366 2524 1803 1816 1862 846 2338 2486 472 2431 1 2100 1497 385 2710 1698 969 2215 1095 2223 2253
1019 310 63 1760 1712 1434 149 1298 1343 954 182 1004 2827 2737 2112 1685 1333 2022 940 75 1999 2441 949 1103 198 2497 2016 2149 2111 1856 1749 783 596 60 95 1693 576 1631 1304 2547 1093 1743 2656 291 695 983 132 2202 824 1197 376 2186 2190 1176 2242 88 1483 1593 1542 1727 656 1279 707 2321 2566 2582 746 2745 16 1204 2542 1334 706 1191 2125 614 1914 1469 2785 1945 2615 2004 1476 1665 213 520 2330 2054 1598 689 228 263 1269 2058 2408 1447 1867 1561 570 2141
1721 2809 1876 1473 12 271 974 1942 2728 1390 1677 1055 1472 1555 725 1917 1759 2622 1753 2207 1944 1408 1892 1771 608 1406 1075 1125 1012 202 2764 2719 2757 2028 1931 1895 1010 249 433 2478 1834 2526 494 2220 705 414 997 444 2051 1918 2558 70 2077 2625 2814 121 2057 274 1874 994 1956 553 2825 1056 526 2440 447 1252 532 1692 200 864 1223 315 939 574 1439 2294 840 951 2772 1961 81 1011 1117 1904 1998 2499 898 2507 140 533 2735 92 2089 2777 2766 670 769 2561
663 2538 480 2769 348 2714 925 26 2454 518 1870 1369 179 2649 550 860 1489 1417 712 1710 2050 2130 1701 1788 1045 2241 1422 1609 1859 1758 2211 2461 735 704 1034 2125 404 421 689 2123 445 1713 1930 1838 2004 556 793 1594 280 1092 2418 1453 493 570 2493 1633 2840 1116 683 57 1195 462 1617 659 1276 2375 2358 1392 2832 549 2011 1665 2148 1948 465 1983 1580 977 1197 95 2289 817 210 188 77 1926 1552 2397 1190 2174 1743 1169 1234 2039 1224 2826 1096 1576 987 312
44 16 2317 1469 1447 376 1483 2249 2437 761 1178 1990 1836 1672 2700 1057 1183 1535 1224 47 1713 1838 1714 2523 683 2422 1914 1116 34 2180 2129 2785 832 2202 1449 1346 465 1620 291 830 2190 88 1593 603 2745 983 483 1732 1450 2275 1073 60 1476 576 2547 83 441 1304 596 1103 1678 1147 1749 2695 1482 792 1300 2281 95 1176 845 540 1523 967 834 2441 2296 824 1804 1743 1996 2239 1719 1773 1161 1693 1513 614 2383 240 2827 1633 2096 2080 1856 2194 1790 39 132 599
2437 44 1836 1483 16 1672 376 1447 1469 1178 2317 2700 1535 1990 2249 1057 2129 761 1346 1714 1713 1116 832 1224 1593 1183 683 1914 291 1838 39 47 465 2281 2288 2422 2180 751 2785 34 2523 1357 1449 2656 1073 60 2202 1482 2275 830 1450 1732 792 1561 1693 907 2000 540 2190 2016 1103 564 1529 1601 603 2296 1620 339 739 2149 1180 983 2518 88 1646 2080 441 2239 926 198 2547 2359 2506 1678 676 2695 2745 2497 1559 878 1130 1176 2390 230 845 1818 596 379 733 1940
2421 1038 1949 1754 2210 1041 640 13 1272 2520 865 2671 370 2828 323 2047 672 828 1374 2578 2602 377 1668 933 56 1477 1189 1696 820 196 285 244 353 776 372 1515 5 2032 1337 1541 2054 98 2677 281 1603 2115 1819 646 2570 1616 1221 1223 574 476 807 2363 629 2387 1764 844 2787 425 375 1864 1275 2795 1326 2291 750 2669 2335 306 293 669 73 2568 2415 1080 1227 582 2380 40 1976 2014 1768 2457 853 2261 1312 1793 1704 334 2149 159 2124 2513 609 193 2631 2436
239 2091 2164 2794 1127 1274 1781 525 654 653 408 1282 356 296 49 245 2396 209 2311 2173 139 2280 1961 1787 838 383 61 252 1240 1273 207 2025 113 290 192 1011 1248 1356 1780 1875 2531 1435 625 679 2669 1647 495 1555 2693 2402 2698 131 721 449 2137 2279 1972 1843 1505 268 1168 1299 1598 225 858 618 822 799 2232 1143 580 1789 27 412 1475 1967 1275 33 200 2285 1303 1829 1921 2236 643 1503 1635 444 1022 1141 2061 159 1124 224 1339 1472 1725 2335 452 2316
202 1075 249 1012 1406 1810 627 67 2509 1001 2583 2121 2350 1944 1055 899 2728 725 2294 2240 2558 1259 2329 116 2805 137 876 165 2637 1805 902 10 1212 2033 2143 1809 2207 1611 86 917 794 2766 960 2622 1390 24 2804 2224 2719 2825 2447 2057 2135 102 279 693 775 1905 32 1169 2708 1606 1959 1832 494 1557 2525 321 316 1753 590 2741 2586 742 2435 1125 2757 1088 2106 2651 2020 1410 2077 2368 2149 379 541 70 1382 1372 1759 447 357 2021 1874 2684 1467 1869 371 1130
2174 1861 57 1580 1234 210 280 2418 1034 2461 793 2456 1276 1392 133 1859 1792 1724 1575 2327 570 1930 2374 2186 2330 2662 2125 2004 1375 1664 493 704 1758 797 1947 746 421 77 294 2590 1665 1072 976 756 1196 1776 801 2229 366 1350 228 1457 2541 2123 583 859 263 2493 720 1292 2694 1348 2184 1551 1887 2672 1279 857 885 689 2039 1345 2838 548 1043 287 2659 1765 1675 82 1030 884 2332 2198 2548 514 2356 1432 2206 1229 2187 1191 2189 1877 656 1609 1358 798 2324 1086
1651 1179 2252 1977 2328 2682 2491 1578 1063 1769 1531 2097 748 1791 2065 1583 952 1354 919 2778 916 887 118 1470 567 945 2042 841 1851 982 930 1579 639 227 808 2792 1657 928 2379 114 998 9 2647 1920 2723 2729 1770 1528 2310 1585 763 1667 2575 2225 819 1211 1854 517 382 2711 2349 311 1970 875 778 1367 1210 566 7 512 1368 579 528 2658 2028 1209 2117 513 492 1268 1239 1566 2793 1154 2550 1943 2559 2618 2416 575 1507 975 2459 532 2754 2026 25 2488 156 500
1141 1506 2070 1612 1918 1780 2669 1274 2025 192 252 1505 1472 27 61 138 858 1127 2611 216 207 1262 782 1018 1787 1692 225 2396 113 455 383 2632 1598 2794 1048 2467 643 2765 1297 1273 2698 296 49 452 1503 2311 625 2531 1024 346 1356 408 1026 356 936 2137 618 200 654 1961 2690 1378 799 1282 2398 2821 2142 653 2232 2565 525 2634 822 1021 753 430 1216 1168 1022 290 840 1299 209 1140 2285 418 2017 1829 679 561 1435 628 478 2164 1875 402 2465 2505 2062 467
2840 1663 51 64 1640 1569 305 445 1328 562 100 1623 2034 48 1993 715 439 1679 1381 1658 2721 2241 2707 1782 2545 1796 712 1617 155 1544 1045 947 1444 2439 2836 1218 169 2767 2515 1422 1417 1261 860 1369 2837 1054 2713 550 2650 2050 2826 735 2011 26 1489 659 2433 1649 2628 2631 2714 2130 260 1870 925 2454 1416 1552 197 1878 1948 563 463 1437 1096 1840 348 900 2309 201 2649 1710 1860 179 1788 1407 1584 1701 2769 1051 674 992 1486 2790 645 1123 2088 943 480 2352
1801 529 2277 2644 1230 2323 962 395 572 1798 1394 1683 2000 1951 1334 1306 1175 1451 1106 1361 581 589 2759 485 1559 2504 1898 101 658 727 737 251 374 2579 2381 364 766 2040 436 989 1115 2238 1093 2242 789 2114 1900 803 215 407 293 1427 341 328 2540 2546 646 240 545 1389 2787 853 483 614 2784 1300 2409 2054 1883 1137 2113 2149 1166 2066 1971 1213 1257 783 1786 1035 2561 304 898 1928 714 2656 2178 70 431 2072 39 1353 1252 2510 1207 1561 951 2818 1558 1125
2551 2018 2146 2284 1289 719 764 2008 247 1403 1351 615 2824 914 35 1534 1493 1157 190 1915 1577 153 1359 723 2585 1121 539 2209 812 1772 303 2603 450 1997 2582 1204 862 2485 343 206 1751 1633 2487 1347 873 2019 462 212 495 2165 2718 1136 549 357 1970 1247 1128 2192 2733 874 2254 871 604 2233 58 66 1745 14 929 2058 1507 284 2555 2239 457 2426 2550 294 536 2684 2802 1277 1734 1985 2434 1087 1517 1132 2157 652 869 1245 1467 1303 2336 1062 1595 1729 2779 643
1132 536 1588 569 121 193 988 2333 2090 680 1268 1431 2117 36 733 500 866 1793 1499 1886 1430 571 1065 2078 878 1418 1393 1053 979 2227 2786 802 432 1686 2108 597 1492 2743 142 429 1033 176 2384 332 2668 1553 886 1699 1562 2451 2029 417 199 340 21 2415 554 901 1890 561 555 2217 2568 1256 402 681 62 412 1888 1952 612 1398 1266 289 868 1975 427 2640 250 107 1449 1399 2604 2808 2233 1303 2239 1720 2802 1467 2423 1648 729 32 361 893 1608 2326 2055 707
1531 748 1791 1769 2778 1063 2065 952 1354 919 118 567 2328 887 1470 1578 1179 2491 1977 2792 2252 1651 1583 930 2682 1851 808 1657 2097 928 841 1579 916 998 982 2729 9 1667 2042 945 1585 2379 639 227 819 2723 2575 2647 1854 114 1920 1770 763 2310 2225 382 1528 2711 517 1211 102 778 513 2349 2471 284 993 297 2624 502 2019 1919 990 2601 1278 193 2563 975 840 1845 927 923 1789 103 1323 1169 129 988 501 2304 1209 1273 2416 902 1507 1062 1459 1970 1748 569
1453 2433 2713 1490 2376 2034 1860 1901 2545 2309 201 1796 100 1569 64 715 2721 48 439 562 2213 2556 305 2272 1948 2815 1096 1636 1416 1640 2826 563 659 155 1316 260 2650 1496 204 1965 1878 168 1584 51 2289 2352 1123 900 1051 1148 2088 1486 645 1218 1586 559 1381 2241 2553 2135 1437 674 2419 2842 1993 1658 1840 137 784 1782 194 231 497 486 1307 1552 2700 1212 445 2515 747 978 899 2239 188 992 2836 712 2007 2708 556 1606 906 2652 2439 2247 1544 2076 2714 1046
472 1059 2444 166 551 2738 342 2740 1607 1025 154 1069 2758 1341 1811 1355 2710 2835 1509 2709 1803 1215 405 537 127 2614 160 1078 1524 1530 741 1421 1167 2340 2781 2094 352 1540 2595 1964 1618 1 1828 1349 2175 2749 147 1101 1862 2266 414 2801 1520 307 1539 2727 2513 2339 961 511 2473 888 2431 1373 46 2226 685 1629 2100 385 2635 2158 1295 2255 1338 262 2385 1571 2771 2399 476 2253 1807 2576 2189 203 2776 1925 641 2138 273 1242 1619 667 223 2844 969 2403 600 1060
935 2096 836 1790 1305 2750 2071 1933 2156 2645 1321 1098 1052 2201 1709 897 2432 2512 222 1638 1621 850 2342 2355 1436 2446 2362 2450 1504 755 599 1736 2452 1806 2537 666 2218 2420 2642 1044 2691 144 908 2593 1006 459 1090 1763 1082 586 1308 443 2167 320 2318 2095 1200 301 1387 2268 1682 2317 2331 2823 1142 984 16 2560 1447 355 630 2631 629 37 2573 1697 2394 1454 1355 1183 396 1750 1469 1178 632 483 1581 1968 1170 2449 2417 612 874 717 85 870 1380 2437 2519 1267
1447 376 1469 1483 16 44 2317 2249 761 1836 2437 1672 1178 2700 1057 1535 1990 1183 1749 832 291 1914 2547 596 2441 2422 1103 88 2202 95 1713 2827 683 2785 1300 483 2111 824 1856 576 540 1714 1631 2129 60 1593 1176 1116 2190 1999 1224 1304 2523 63 1838 983 34 1743 1476 47 1019 2745 132 1346 1343 310 2737 1712 1760 1482 1620 695 2275 603 240 149 465 1449 2112 2497 198 834 1004 1336 949 830 1727 1147 1732 940 967 1013 2555 1804 2016 954 75 861 1093 2774
2252 2097 2682 1651 1179 1578 1977 2491 1583 916 2328 1063 945 1920 841 639 2647 2042 1579 1770 1528 227 2310 1769 114 748 118 1531 982 9 1791 952 919 1851 2723 567 1354 887 2065 2778 2379 1211 1470 998 930 2225 808 1657 763 517 2792 1585 1667 928 2575 819 1367 1368 2729 1970 2711 512 382 1854 1239 2026 2349 1566 492 1593 1906 2488 2028 2357 311 566 778 2603 2660 997 1154 515 2459 2103 2658 513 1209 579 875 528 671 2165 1778 1449 400 2110 7 1210 975 1339
2185 1129 2298 1440 2529 386 1411 143 2584 2517 1684 1694 718 697 1630 1360 795 2616 2363 1445 2271 372 787 1514 810 1294 30 958 2524 1267 2460 557 1446 2619 2468 638 796 1112 1939 1215 1925 1619 2139 71 2481 1807 665 991 2844 1196 1863 879 1122 1982 1735 1295 2727 2385 1549 1947 299 667 741 5 1814 1373 267 428 888 1270 2677 2771 2092 1278 1238 1258 1911 2797 2833 1887 263 1291 1744 2801 2731 687 842 2412 2054 2371 2787 1350 867 1589 2184 203 1520 2269 2484 641
1439 574 2291 2057 2051 2683 647 1874 1223 2639 494 2183 598 146 2220 1931 2435 482 2704 2526 2499 939 531 1433 2089 1899 1088 2427 1725 2445 444 657 2708 368 274 255 2569 217 864 994 1592 608 1330 526 1408 2440 1185 271 682 508 2438 491 1942 1998 1771 974 2037 2625 2308 1555 1777 1677 2580 2712 521 1892 2617 677 1944 637 1868 619 140 2657 1055 1452 2393 2719 2728 2502 790 59 1937 948 1473 1139 447 2421 1949 1605 1175 503 2207 2286 1202 169 2841 2294 2813 1752
1295 1807 991 1373 2771 641 888 2385 262 1509 1925 1619 1863 667 2731 1982 879 2710 1803 2776 2460 557 2175 2371 428 1735 2139 1549 2363 1629 2576 2833 1814 2797 299 741 2269 2403 2844 127 2092 2444 1589 2468 267 1291 226 1122 1238 891 687 1242 472 1811 2473 2517 2740 2412 160 1081 2094 1078 2455 1530 2524 1862 264 2266 2484 1059 1497 1421 1539 2104 2595 1355 796 1215 385 2431 2529 837 273 352 2013 1009 1607 2758 1324 1069 2339 1480 342 1698 1524 2709 969 2727 143 1660
2431 385 1421 226 814 1619 2094 1078 1660 1530 2138 160 2783 667 2633 1816 2607 1925 867 2266 1480 2460 1863 879 1366 961 2338 403 557 1982 1607 1622 600 573 1618 1698 2486 1159 1341 1338 1571 2223 2100 1828 1735 2412 2255 2253 17 352 2811 1994 1409 1815 2473 846 1009 317 837 1539 2139 195 1095 537 2833 90 2063 2385 2635 127 2484 2371 891 641 2709 2363 2797 642 2403 1242 888 2092 299 428 166 2455 267 264 1069 262 2844 1291 1349 1238 2758 511 2269 2372 2614 2776
2542 2016 1019 617 63 1561 1685 182 954 2656 1333 2149 2022 751 149 1334 2242 1760 291 1712 1434 1298 465 499 2112 783 1693 540 1004 940 1197 1087 1343 898 2737 1558 75 1228 1166 1785 2114 714 2409 198 310 1631 832 2072 1928 614 576 2497 1590 1207 895 1161 93 1786 1357 1257 853 39 1535 1137 1971 1346 949 676 1593 2129 1847 2546 1513 581 1773 1743 2281 1213 2113 1353 634 2827 2288 1389 2066 824 1683 737 1106 1597 1103 596 792 1180 1999 739 2700 215 2547 1116
1861 57 2174 210 1234 1580 2418 280 2461 1034 1276 793 1859 1392 2662 1792 133 2456 493 1930 1072 2374 1375 421 704 2004 570 1724 1758 77 2327 2125 1575 2330 2186 294 1664 756 797 1196 1665 1947 1358 548 746 689 2184 1350 2672 1279 1551 1043 976 801 366 2590 798 2659 2229 2123 857 2694 1776 2039 1887 2189 228 2548 1457 1765 720 263 1877 859 885 287 2838 2206 583 2356 1576 2739 1292 2332 1345 884 82 1348 1191 170 934 656 687 1086 1030 1432 2321 1675 2703 588
2152 2502 1371 1605 2141 84 1139 5 1953 2572 1726 1602 1866 2348 844 214 509 2457 2263 1515 1696 244 1525 2678 2567 1280 2841 2623 2448 1616 2115 941 2128 2386 2751 1171 1199 22 1214 957 1198 2109 2464 2203 2725 609 2404 106 1889 1766 1659 117 744 1084 1205 327 785 1632 851 1960 1113 1064 1927 1738 2056 2182 420 23 690 2303 2030 1184 1397 2060 1488 2153 189 40 466 1032 2522 96 2168 498 621 45 236 2503 1979 183 1232 171 148 2760 1502 510 2608 2768 1426 2014
998 2792 567 118 1583 1791 2065 1531 1354 919 952 1769 808 1854 2778 748 1063 1470 517 887 2252 2711 9 382 1579 1970 778 1179 2328 1977 930 2491 2682 1657 1651 639 928 2097 1851 1578 841 982 1667 2729 2647 945 916 227 1585 2379 1920 2042 819 1770 763 2310 114 975 2575 923 2723 2304 2361 2225 2793 1367 1239 871 7 515 1528 1211 311 875 1210 2028 1018 782 151 2693 2122 177 1368 2165 532 2459 569 536 566 1031 2019 2349 701 816 2353 2550 2274 1875 1507 193
1451 1801 1394 1361 1230 2277 614 783 853 2000 529 1306 1951 589 1137 2323 727 658 1175 2072 1798 485 1683 1106 1559 293 395 2644 572 646 962 2540 1207 2787 1928 2054 581 545 676 1389 1087 2409 1558 1166 16 2546 1334 2249 44 1115 714 761 898 483 1300 1898 1447 2113 374 2114 251 1093 2381 1213 304 1427 2178 2504 1786 2242 737 341 724 1971 2066 1561 789 240 2759 1590 1228 1469 2317 1900 2325 1178 101 895 2161 1618 2784 2040 93 2149 2579 1257 328 1250 1353 1173
894 419 2554 2153 1083 1632 96 1032 2060 189 1927 106 732 181 744 620 1797 1702 2313 1108 644 1364 1251 2643 2401 2502 1283 22 1171 609 1199 2442 2079 1336 2705 1013 621 2831 2567 42 2188 2168 2425 759 2841 2720 387 2688 2761 2048 2751 2498 2612 661 2278 1315 468 481 1214 171 2182 2760 971 844 1768 2522 941 1560 1605 45 636 1288 2562 762 2152 785 2374 1525 2807 183 2030 2109 957 2263 476 2056 2608 1184 2476 2261 2448 236 1188 1703 1064 1625 1858 1471 506 1889
1752 1146 1636 1965 1496 1316 2556 950 2815 2272 4 1948 1840 2352 2367 194 1416 2713 1096 2069 2628 1586 1218 1799 1051 2241 1860 1545 2836 1381 1202 1658 1782 2439 59 2832 155 497 201 2433 1544 1624 674 817 2289 2477 2309 1261 2046 2553 1901 440 1123 312 613 1878 978 1640 659 987 2515 900 2767 2840 1437 547 433 1148 2389 1897 168 1926 1486 305 2082 1453 1552 231 2790 563 2213 992 2011 266 1663 2270 2545 947 663 1328 1737 1045 169 2424 1617 2652 259 188 2650 735
285 546 1221 582 6 807 759 2643 1702 620 181 1541 820 1603 732 468 1260 1882 1797 1570 1083 750 334 372 1768 2387 956 2194 1858 298 1884 973 1227 980 1153 669 1285 2677 1761 650 829 2118 2261 1536 2313 476 2666 2761 475 2823 1188 1916 661 1318 1610 448 42 922 2346 2476 2807 411 2425 636 1697 1891 37 2043 1284 1084 2048 1015 2268 1865 196 1537 1723 2171 2816 1380 2810 1844 2167 1456 1184 2841 2303 1364 275 2548 1763 2688 2179 2278 398 835 1251 122 2706 2474
1146 1752 4 950 1545 2367 2069 1799 1202 59 2389 817 1737 1624 2270 2832 1102 626 2082 1965 312 1316 613 2790 2477 1656 1496 1636 547 987 2817 1644 1319 556 1926 2411 283 1840 266 2300 221 826 2815 2272 1386 2767 635 2501 2631 943 1407 85 188 663 1881 1934 611 2556 2148 433 735 1405 1414 724 2133 2289 2538 2044 1092 440 2515 2352 155 413 2487 1173 128 1983 2589 1700 1339 2528 2149 1750 2840 2397 2732 1190 2735 1817 136 2241 995 1552 1018 1582 518 224 1704 782
1083 732 181 1702 620 2374 1797 2263 1525 2572 96 1632 2827 2441 419 894 1371 2678 2623 2153 310 2048 2554 644 2386 2111 1280 1856 2643 2720 1251 2522 2442 2761 2562 1364 387 582 2056 1726 2448 2401 2141 1064 2498 45 844 1013 2004 596 1032 2116 1108 1336 1365 189 95 689 2502 759 762 621 106 2188 1768 2060 746 1093 2125 1927 1665 171 43 636 2688 2612 1749 941 462 1758 407 949 2168 1283 42 2807 133 1019 1743 1693 270 1318 183 63 2182 971 84 2278 661 2603
2142 840 1813 501 324 1923 129 1062 788 456 1932 2285 452 125 1281 1503 1039 822 1912 241 2137 389 89 2765 2634 1789 2232 1026 1024 758 268 628 1220 927 467 1655 1568 1378 1706 2565 2398 1831 464 1022 495 2687 113 2531 131 1843 1011 484 53 1875 1730 1048 753 455 2059 2301 108 478 2407 2632 2062 2465 2505 1018 1008 2236 1262 1929 782 138 1273 1275 2611 1438 1662 643 471 1612 363 290 2429 1124 1472 2715 402 1037 806 1297 1475 1918 1143 2244 1692 655 2070 1097
1115 1389 2546 2113 2178 2066 1213 545 304 1300 1394 1353 727 1951 1175 1306 658 1883 589 485 2000 483 1451 1106 1361 1559 646 2784 1798 240 572 789 293 2504 614 2277 251 2759 2579 2787 1230 101 374 2540 2238 2644 2381 436 962 766 328 364 1427 395 215 803 737 1900 1137 2323 2022 2054 2040 989 1801 1683 581 529 1898 341 1785 1971 2072 1257 2114 1786 853 714 2409 407 1207 1093 898 2161 1166 2242 1087 1228 1334 1928 1558 1357 2149 1447 783 2656 44 1333 16 676
2784 483 240 1300 789 1883 1353 16 1469 2546 304 2066 2113 2178 1389 1447 1213 545 44 1115 761 376 1483 2504 2579 1898 2249 2277 328 766 2317 1093 2238 407 2381 2540 101 1394 1801 1996 1427 2759 983 251 576 1106 824 834 2190 1728 436 39 1304 2644 1693 2547 1361 341 395 88 1683 2281 2288 777 1593 374 646 1476 1231 2202 967 2239 1804 1785 1161 1559 754 2437 1178 737 1451 1971 1749 1091 2745 1836 2422 2000 572 132 1900 926 1230 1672 1727 1176 1914 60 596 1228
1663 1328 947 1623 2707 1444 1679 1054 169 1649 2837 2836 1782 2767 1544 1381 2439 1658 2241 51 1617 2628 1045 1840 1640 1993 1261 1218 1422 440 712 155 735 550 2046 2130 645 305 2050 2840 2352 2650 445 2011 2631 1051 194 2454 1369 179 518 26 197 2649 562 64 463 1870 925 1552 2515 1029 1569 348 1417 2769 1489 2714 860 1796 439 659 1416 48 2545 480 2721 2289 2826 2713 260 1948 900 1486 715 100 1656 2817 2034 1710 1208 2735 1860 1644 674 2790 556 2397 2375 2272
44 16 2317 1469 1447 376 1483 2249 2437 1178 761 1836 1990 1672 2700 1057 1535 1224 1714 1713 1183 1116 47 2422 1914 2523 1838 683 34 2180 2785 2202 2129 832 2190 1449 88 830 2745 983 603 1346 1620 291 465 1450 1593 60 1476 1732 483 2547 2275 1693 1073 596 824 1304 576 95 2281 1176 1482 1103 2441 1300 1743 39 2827 1856 1678 441 310 1996 1749 1147 2096 132 845 2149 2000 1804 1523 751 2656 1999 83 777 1561 2111 2288 198 2080 834 2695 2239 2194 792 614 1633
776 2474 353 196 98 1643 1864 1819 910 1625 781 2334 2462 381 1344 701 585 2081 1402 1042 869 2027 809 2103 276 2264 69 2067 2353 2256 1963 2361 233 1633 1245 871 1600 2101 2012 1751 2210 1882 2001 941 2391 1565 1287 2132 1170 640 2803 1031 862 13 2165 1272 971 1541 2362 2734 956 1504 1508 1697 2512 84 2520 2582 1768 222 1946 568 2170 2548 791 2369 2677 150 1221 820 1077 1204 1708 2688 539 392 1704 639 6 1761 2431 2593 1436 2147 2687 481 2261 370 285 2299
850 2512 1504 222 2362 2218 1436 2355 1305 1052 935 2750 2096 2342 836 2450 1790 2645 1933 1321 755 1736 1098 2071 2201 2156 1806 2691 1709 2432 897 1638 461 629 2420 477 612 981 177 1903 2829 1267 2163 380 2122 453 2679 2074 816 1023 1085 141 1976 1163 401 2593 1599 437 1628 2055 760 1233 73 156 1145 174 2452 1047 2775 99 164 1510 701 1757 2587 2747 460 2446 823 281 1872 399 1621 1688 595 1808 2722 1044 986 1415 1404 2098 2161 1819 208 2353 72 2677 694 2000
403 1815 1159 2431 1009 385 352 2455 837 2783 1660 1421 1816 511 2484 1607 1078 814 2063 264 1530 2138 2633 2266 2607 226 1366 2094 160 1539 1338 1480 537 1341 867 1619 667 600 2412 1925 2709 1069 2255 1982 1622 2758 1863 2811 127 879 2092 961 2460 573 1828 166 2835 317 2100 2371 2844 2833 17 557 741 2486 472 2797 2139 1122 577 299 2738 1509 1059 405 2339 2269 1025 2614 1242 2473 1520 2710 888 2189 1349 2104 1698 1964 1814 428 846 1 2481 2253 1735 1571 665 1939
658 727 589 1175 485 1306 1951 1394 1389 2113 2546 1213 1361 2066 1451 2178 2000 1798 1115 304 545 1300 1106 614 962 572 1559 1230 2022 1137 2072 853 293 2323 2277 1207 1558 1353 1683 2787 2409 2644 714 1087 1333 898 1883 483 1785 1166 1228 1801 2784 581 529 646 783 395 2114 2054 1928 737 251 2242 2149 240 1786 2540 1427 215 2504 1971 101 2759 789 676 1334 436 364 374 2656 895 93 1257 954 1900 1839 63 1590 2040 803 2016 766 2381 182 2238 1019 1898 1597 1161
2551 2018 2146 719 2284 1289 2008 764 247 1403 153 1351 2824 1534 615 1157 35 914 1915 190 1577 1493 2603 1359 2585 206 2582 343 539 723 812 1204 1121 2209 1997 862 1751 303 1772 450 1970 2485 1633 2550 1507 382 2019 871 2487 998 2604 1128 2233 1177 2192 549 107 2414 1734 2254 1132 2361 873 517 536 357 55 462 212 1467 1194 778 2326 2165 2555 397 929 1595 495 2360 2159 736 14 1690 2641 412 1727 1104 1720 2049 1588 1791 2434 121 1259 457 728 2234 988 569
807 2810 2171 1916 650 475 2666 1891 2346 2816 2043 1723 6 759 2643 285 1221 546 582 1702 620 181 2841 732 1083 468 1603 1260 1797 1541 820 1570 1768 1882 372 334 411 2761 750 1188 922 2048 298 2502 973 1284 2677 980 2313 1139 2152 1884 37 1858 1456 1605 1697 1610 122 2179 1865 1761 1227 1153 1371 2194 2261 2425 1763 1184 941 148 117 2268 1515 2118 1953 844 1285 2303 420 1283 2807 510 1488 2278 196 2263 1015 270 1502 448 42 636 2203 1082 2476 1397 1084 1199
430 331 1097 1293 655 1143 326 159 580 1822 2062 31 1118 2715 2236 999 1297 478 726 1967 1921 1972 2061 1692 390 1635 2402 721 1715 1050 2301 504 1647 1475 1037 2053 1730 1124 1756 455 1755 1395 2407 1317 1008 1831 1026 1929 1648 2406 125 1011 1655 1187 108 1789 1568 2505 2465 753 1140 1262 1912 363 464 2687 2806 927 782 1303 805 1706 2398 1018 314 1378 1662 1472 788 2611 628 936 786 643 467 295 840 1281 1048 799 2632 471 2765 484 1275 1220 501 456 1335 1022
1439 574 2291 2057 2051 1223 2683 2639 1874 647 494 2183 598 146 2499 2220 1931 482 2435 531 2704 939 2526 1899 1433 2089 1725 1088 368 444 2427 657 2708 2445 1592 2569 274 864 994 255 682 526 271 1408 1185 608 2440 2438 1330 491 508 217 1555 1942 974 1771 1998 1777 677 2625 1677 2037 140 2308 2580 1868 2712 1892 2393 637 1452 1944 1055 2728 2359 1937 948 521 790 2657 2286 1473 266 2719 503 1202 619 1139 2617 2207 1639 2294 2421 59 2502 725 2152 2813 329 804
571 2786 2227 1065 979 176 340 332 1393 2743 2668 1033 1562 1256 2029 2384 1418 554 1686 2108 1890 868 597 1888 555 417 21 289 886 2423 2451 199 429 681 432 2333 1398 62 78 878 802 893 292 302 361 743 142 1431 36 1492 427 2117 1053 2078 1553 1132 536 1268 1588 733 1266 866 193 569 2640 2798 500 988 121 2090 680 729 1886 2539 1793 1952 2224 1399 2808 964 1430 1699 901 2568 1499 2629 1070 1429 2217 2415 2120 1449 2221 1651 2031 1337 2698 1535 2038 2335
1588 1132 536 988 193 569 121 2090 680 1268 2333 1431 36 733 866 2117 1886 500 1430 1793 1499 2078 1699 1053 1492 142 1553 878 802 429 432 901 2217 176 2415 2568 1033 1065 2668 1236 979 1890 1256 1393 2743 427 555 332 2227 1562 2786 21 2029 2451 289 2384 1888 1686 554 571 340 597 2267 199 868 707 886 1418 681 2108 2143 417 1398 2380 62 2423 2024 743 24 634 361 1383 91 893 213 1266 426 102 302 2808 80 1847 1008 391 2430 402 1839 2021 983 975
202 249 1012 1406 1075 1810 627 67 2509 1001 2121 2350 2583 1944 899 1055 2294 2728 116 725 137 2558 1212 2143 165 2207 2825 24 2057 2708 494 2224 2766 2135 2435 2240 876 2329 1259 1874 2805 2580 1606 902 2741 1805 2809 2033 2622 2637 2719 2813 1390 1448 742 1611 2842 10 1452 682 1473 1088 1223 1056 1899 686 917 794 1809 424 2149 2438 693 102 146 447 1169 86 2615 2021 804 279 2757 1076 1182 316 426 775 1557 2804 1265 2447 1296 1597 2320 960 2382 1067 2286 634
8 2449 1474 2535 1671 325 745 1090 443 1006 586 2706 1763 1308 1082 37 2831 459 1697 2216 2705 2167 2268 922 924 2197 300 1286 2425 1251 621 1380 2571 1560 2476 45 2401 2573 2608 236 690 1364 1363 171 2612 1288 183 2760 229 1703 2182 959 2079 2056 1217 1064 333 2522 1456 565 468 1188 205 762 785 1471 1013 1284 309 1425 506 335 2452 474 144 2230 1487 946 599 666 2823 2446 2222 488 953 1315 1352 1032 861 1907 122 167 1318 1447 16 20 1336 1400 1469 1458
16 44 1469 1447 376 2317 1483 2249 761 2437 1178 1836 1672 2700 1183 1990 1057 1535 1300 1914 483 2422 2785 1224 2202 1620 1713 1482 2523 2129 88 683 1714 2190 2547 824 1116 1073 2275 34 832 291 47 603 60 599 830 1732 2000 1523 2441 1176 1838 1476 596 2745 1678 1451 1749 2695 2161 614 393 983 2446 834 2080 1147 2452 240 474 1856 104 1763 540 132 1093 2774 576 2631 845 624 339 2096 441 1450 63 1693 1996 95 1380 1631 1593 1346 269 465 1244 762 490 1090
536 1132 121 569 1588 2090 193 988 680 2333 1268 1431 36 2117 1793 1430 733 866 500 1886 1499 1553 1699 2078 1492 142 901 429 2217 2415 2568 1053 432 802 427 176 2668 1256 878 1065 1562 1890 555 289 1888 571 332 979 2227 554 2786 340 2380 21 1236 2743 681 868 1393 2029 1033 1418 199 1686 597 2267 743 2384 417 2423 886 2108 62 2451 1398 893 2055 361 1266 1628 2808 401 302 1023 760 981 380 453 975 2143 2163 694 1952 1872 2074 707 460 2515 292 1599
1492 142 429 2078 802 1699 1553 1430 1886 878 427 555 1053 1256 1793 868 1888 2217 1065 2415 554 1890 901 2568 432 866 289 2029 571 176 2423 2668 2743 340 1562 1033 2227 979 743 332 2786 733 681 1431 988 193 500 1393 417 886 36 121 21 1686 1588 597 536 680 1499 62 2267 1418 2117 2384 2108 569 1268 2090 1398 1132 2380 199 361 2451 292 1236 78 893 302 2333 770 1599 73 2074 380 1272 2304 13 2054 640 1390 975 760 923 437 1628 2618 1233 2406 1557
461 2163 99 477 453 760 1628 401 177 816 2122 1085 1510 141 1163 1023 2829 595 2679 1903 2055 823 1976 1872 208 399 2587 981 73 1717 2655 2469 731 2126 1784 156 164 1160 612 1241 2074 2577 694 174 2775 72 2722 1599 1415 2098 1145 172 460 1047 2636 1233 2747 2009 437 380 2218 1688 1808 2274 2452 1155 1404 1100 1089 1504 222 1436 850 2355 755 2642 2362 1305 2512 2342 897 2147 1267 2450 2201 1736 1933 1321 2750 666 2149 2593 629 2156 2420 1098 2645 1762 975 515
2476 2425 2535 8 1474 1671 1560 745 325 2449 2197 2831 2705 229 300 2706 2216 621 1090 2571 1251 1364 171 1286 2608 236 2401 2760 2182 1797 45 785 2612 690 183 443 1006 1880 1064 1763 565 762 586 37 2056 1108 506 1697 2079 959 2522 1308 2573 335 459 1082 387 2230 1283 924 2688 481 1032 1199 2498 1363 2591 2060 1288 815 2167 2348 1380 2386 189 1537 1596 644 2442 922 971 1703 1217 2678 398 1315 2222 661 1013 2268 468 2160 96 1205 2620 2562 1352 474 214 1400
239 2091 2164 2794 1781 654 1274 525 1127 408 1282 49 356 296 245 653 209 2396 2173 2311 139 2280 838 383 1787 61 207 2025 252 192 1273 1961 113 1240 2669 1555 1356 290 1248 1780 1011 625 679 1435 2531 1875 225 2137 2279 1647 2693 131 495 2402 721 1168 1299 822 1972 799 2698 449 1505 1843 268 1598 1141 2070 27 2232 858 1829 1216 1967 1143 1124 1789 1921 1022 1503 1037 2236 1475 1635 643 2285 452 580 2406 2335 331 129 1050 2565 444 1303 1924 1024 220 402
6 285 1221 582 546 2643 759 807 1702 1603 181 620 820 1541 732 1570 1083 334 750 468 372 1260 980 1797 1891 1884 1723 650 973 1916 1882 2666 2346 475 298 2677 1768 2816 2118 2810 1610 1015 2171 1285 2387 2043 1858 2313 1537 2841 922 1188 2761 2303 411 448 37 1462 1084 117 1184 148 1488 2179 510 2278 1865 327 2048 1697 420 375 1605 2502 2194 2359 1205 2261 594 1515 281 1738 425 1080 275 1591 690 1456 941 1397 844 1659 122 1502 423 1284 2203 42 2726 1326
1453 2713 1490 2433 1860 2376 1901 2034 2309 201 2545 1569 1796 2721 715 100 64 2556 48 2272 562 2815 1948 439 305 1636 1316 1496 1096 1416 1051 1640 1965 2213 155 194 2352 1586 1218 563 2826 1123 1878 2628 168 260 1261 2650 659 1840 1381 497 1993 51 674 2241 1148 1658 900 1782 2836 1307 2088 992 2289 1584 2046 1486 1552 319 2076 645 2707 906 1623 1710 2652 231 559 1437 2007 1617 259 784 486 2419 747 445 978 2767 712 1679 2358 1544 2439 1649 2011 947 1663 2337
2548 2727 1520 1 2399 307 1572 234 913 2158 342 1947 551 1776 1350 2215 1375 857 2672 1887 228 2123 797 352 1196 2332 2206 2659 1191 2356 720 1457 287 263 1877 801 2590 1930 1575 704 1043 1229 1551 885 2460 77 2739 349 1619 1349 2039 2363 1542 656 1925 2298 548 46 2844 2321 557 798 2327 1792 879 892 706 2662 1724 746 267 2834 2185 741 756 1238 1345 2229 1524 2703 2385 1291 82 1539 2694 1684 1432 2431 667 1086 969 133 2189 859 2371 1615 2517 837 2226 2139
1453 2713 1490 1860 2376 1901 2433 2309 201 2034 2545 2556 2815 1796 1569 1636 2272 2721 1316 100 1496 715 64 48 1965 439 562 1948 305 1051 2213 563 1416 1096 2826 155 260 1640 1148 1878 1218 1586 1123 168 194 2088 2650 1840 2628 2352 2289 2241 659 784 51 747 231 1381 1993 497 1261 1658 486 2337 900 992 725 2046 1601 663 204 674 2036 2258 1617 1940 1223 1212 1782 1544 137 1986 2769 2135 1710 1584 2007 1874 1623 2439 712 2707 259 550 645 978 493 2836 319 1130
2252 2097 2682 1651 1179 1578 1977 2491 2328 1063 1583 945 916 841 639 1920 2647 1579 1770 1769 2042 1528 748 227 9 114 952 1531 887 1354 919 982 2310 118 1470 1791 2723 567 2778 1851 998 2065 930 2225 1585 2792 1667 819 2575 2379 808 763 1657 1211 2729 928 1367 1368 517 2349 1854 2711 512 515 1239 492 1154 382 2459 2488 875 311 1566 513 2026 2103 566 579 809 2416 528 1970 923 1209 2658 778 7 1210 1042 975 2081 1593 2618 25 2165 159 580 910 1344 2304
1159 2063 403 1009 1815 837 2484 2455 264 1622 2092 2412 2833 299 2139 2371 428 1122 2486 2269 2844 600 1982 1338 2811 2100 2797 2255 846 2576 667 573 1735 17 317 1814 1549 2776 642 1571 741 262 352 1607 1925 1619 2403 1341 2223 1863 891 2189 888 2338 2635 2731 1069 1698 2385 349 2094 2758 1409 1589 1530 1078 160 90 1994 2253 195 1 641 1095 267 1862 537 2138 1660 1291 2399 1349 1572 879 1615 1520 2633 1539 223 234 1509 1238 1828 913 2431 1618 2607 385 226 1816
1619 1925 879 1863 667 2460 557 1982 1735 385 2094 1078 2431 226 1530 160 641 2385 1421 2363 1660 814 262 2139 1816 2607 888 1480 2371 2833 2633 867 1366 428 403 2776 2266 299 2092 2412 2797 1373 1159 2269 1549 2771 1815 2844 2473 1814 2783 1009 2576 1242 2731 2455 837 264 991 1295 127 1607 1122 352 2468 2403 2484 1341 2063 1539 1589 1807 1509 2709 741 891 1338 2811 1622 2175 687 2517 1803 267 961 2255 1828 1291 2710 1238 2835 537 600 166 2138 573 2104 2524 1069 2100
1058 2140 1301 2796 1518 2282 451 2049 631 1290 530 2596 607 2064 921 1017 1567 446 1604 1981 1237 1613 662 1909 2392 2093 394 1119 1879 1906 2357 1978 984 1002 2660 2085 1742 2543 942 1705 2262 918 966 908 487 337 1384 124 1491 2600 2458 708 1681 700 996 2530 1331 1618 1554 1621 243 355 1396 2287 2648 186 852 1614 2675 2257 591 193 271 1673 2089 2343 1105 2212 1327 2735 536 2822 1132 527 988 813 1370 1099 1060 1341 121 345 319 2696 616 1253 716 1414 2782 1588
909 1487 1471 924 953 2573 956 2749 1400 2740 1882 154 1113 1757 2710 1524 2508 1687 2444 2260 1477 1474 325 2197 796 690 2620 745 229 882 327 2448 2706 466 1629 2468 1596 2725 2456 2823 971 42 205 1880 335 2230 2348 2169 20 2351 43 1802 123 2572 391 2150 2247 1866 8 2449 1602 2442 2498 2535 1947 1255 1671 387 498 493 2222 2374 2339 422 2494 2019 214 669 448 1194 37 84 2366 2595 473 2168 1061 1758 986 661 2124 2623 388 2326 1953 107 2464 2591 565 1621
646 2054 2787 293 2000 1451 1361 1951 1306 727 1175 485 589 1559 658 1106 1798 614 1394 2323 2161 1230 1137 1115 962 572 1389 2072 2540 2546 853 1300 1928 483 2409 898 251 1334 1786 1558 1166 2113 1257 1427 1801 1683 529 2178 714 1207 240 2644 1213 2784 581 803 2242 2066 737 1087 1971 2504 2277 676 304 2114 29 2149 789 1597 395 215 2533 1149 2759 545 2016 436 1869 2656 783 2320 44 1561 291 374 364 1346 1900 101 2579 707 426 1693 2542 2381 634 2024 341 1353
331 655 430 2236 999 726 1475 1967 1097 1293 390 1635 159 326 2062 1143 580 1050 1715 478 1118 1822 2053 314 1124 31 1037 2715 2301 1297 455 484 1755 2059 1730 1789 1662 1692 1831 467 806 2407 1655 464 2429 1648 927 504 2406 1929 1706 1008 1187 2470 1140 363 534 1756 295 2687 805 1972 108 1317 2806 786 1395 418 721 2402 2061 1921 1026 1262 1647 1275 1022 1378 2465 2505 1568 2244 53 2765 1465 1273 799 1011 2693 471 1481 780 225 753 125 628 268 52 782 936
998 2792 1583 118 567 1791 2065 1531 1354 919 952 1854 1769 808 2778 517 748 1063 2711 2252 1470 382 1970 778 887 9 2328 930 1657 1579 1179 928 1977 2491 2682 1651 639 2729 1578 1851 982 945 227 841 916 2379 2042 2097 763 1920 2647 1667 1585 819 2723 2575 2361 114 2225 1239 2310 1367 975 2793 923 7 1770 2304 1210 1528 177 311 871 2122 515 2679 875 1368 1085 2452 2028 2274 2055 1808 2775 2658 1163 1903 2829 816 981 1415 2550 1023 1507 2165 2349 460 536 2019
645 2767 1649 1054 1679 1444 947 1663 1623 2707 1328 2836 2837 2011 169 1029 1782 1544 2439 1381 1658 2628 2241 51 1840 2840 2735 445 1045 440 735 197 1617 1218 1261 1993 463 2046 1422 1640 712 2050 155 2352 2130 1552 2289 550 194 134 2650 659 674 305 1253 992 2375 1860 1307 179 433 2713 2826 563 201 1416 1051 319 1417 2088 965 900 1208 2515 2649 1486 1948 260 1437 2556 497 1586 1123 489 2454 2076 64 2272 2815 860 1489 906 2545 1369 2769 59 2133 259 904 1067
2810 2171 2043 2666 650 2816 1891 2346 1916 475 1723 2841 807 411 2643 1188 6 1702 759 285 1260 922 181 1603 468 1221 37 620 820 1284 1456 372 122 732 1326 1570 1083 582 510 980 1308 1763 2502 375 1082 1541 1227 334 1397 1153 1865 1858 1524 1488 750 1605 1882 2768 1502 2274 2779 2351 546 388 420 1884 2634 2179 924 1150 2521 1471 1061 473 840 1139 1808 2261 1688 1697 2118 2128 1738 327 1711 1953 1144 384 138 1629 2313 1066 423 1062 1881 844 2203 1089 1404 1213
1009 837 2484 2063 264 2455 1159 1815 2092 299 2833 2139 2412 1622 2371 2844 428 2269 403 1122 1982 2797 1549 2576 667 2776 1735 1814 2486 600 2100 741 1925 1619 1338 2189 2811 1863 2255 262 642 846 573 317 2403 349 2731 17 891 2385 879 1571 267 1589 2460 2338 2223 1887 352 656 1291 1698 888 1238 1350 263 557 641 90 2123 1542 2356 706 1776 1229 2332 1191 885 857 2739 1457 1551 1095 1862 1877 2590 228 195 687 2659 1994 1 2473 1409 2039 287 801 1575 1078 1930
505 2500 2181 1563 587 523 238 28 175 2283 2552 2819 1896 2119 1827 849 734 313 458 152 2674 2479 1741 705 2099 1532 1339 847 2534 2527 2191 2716 2250 330 2689 2370 972 1376 1335 2557 354 1708 81 2365 2228 68 2177 1704 2681 532 671 2814 696 2028 1956 2742 968 92 2144 1117 553 772 633 2764 1746 2774 503 1917 2193 1182 2812 1680 711 2322 1974 1164 1010 120 2306 699 1461 2597 1314 507 963 1955 2592 2265 533 1961 2770 2610 670 618 316 653 2052 1543 602 2799
1527 937 257 2843 2377 535 1731 1138 1455 1894 336 519 811 605 94 392 1040 1516 1871 248 1424 1498 610 1634 1992 1779 2102 253 1068 406 1133 773 410 2763 2341 1309 1385 365 648 2145 1526 338 821 1466 749 1007 1645 2830 2516 1946 1131 717 1800 112 1442 2788 434 730 1419 1110 2299 1325 435 1079 1379 1966 1707 2613 1670 1850 1511 301 186 2560 870 1311 800 742 1969 2549 2331 568 1020 593 1573 544 2364 1243 1546 678 2196 288 855 2219 2290 673 1142 2609 2095 2746
879 1925 1619 1863 2460 557 667 2363 1982 641 1735 2385 262 888 2139 2371 2776 428 1814 2833 1373 1549 2576 1122 2771 2797 299 2844 2269 2092 2731 991 1295 1589 1807 2412 2468 2403 1242 2175 891 1509 2473 2455 160 741 1078 2094 226 264 1530 267 687 2484 1291 1238 837 1009 1539 1480 1816 1660 2517 2524 2710 2607 352 1815 2633 385 1366 2063 1421 2431 1622 1803 2104 127 2811 1338 472 273 2740 2709 969 867 1159 796 577 1862 814 2255 573 1629 2783 600 90 317 2226 17
1146 1752 1545 4 59 1799 2367 2389 626 1202 950 2069 547 2270 2082 1737 2692 2148 1964 1624 1386 271 2289 1319 2477 817 433 266 611 1771 1564 1555 1677 259 1552 400 1618 1407 556 2340 2735 1656 2530 1408 974 169 81 1414 2515 2837 996 2840 1942 41 735 2832 2440 440 2130 1917 653 2595 1926 527 1181 2138 1892 283 613 2375 1708 2764 1840 2470 1092 2783 608 200 1715 2553 1540 961 2357 965 1255 618 1851 2767 1253 716 1428 1240 2817 237 345 2781 1811 1663 274 2439
505 2500 523 2181 1563 175 2283 587 28 238 2552 2819 1896 1827 849 734 313 2119 458 152 2674 1741 847 1339 2716 2479 2191 705 2689 2534 2250 1532 2370 2527 2099 2557 2365 81 2228 1335 972 330 1376 354 1708 2681 696 2177 92 671 532 68 2193 2742 2814 1704 1117 968 1956 1111 120 711 772 2322 1680 553 2028 2764 2144 129 602 2597 501 1314 1011 633 503 806 484 1062 2429 467 1789 2799 1662 2059 131 452 1955 1746 2265 2594 1003 1475 1543 2285 2052 2592 534 1655
2370 2689 2365 81 2534 705 2527 2119 2716 849 587 2819 458 2552 152 2557 2479 1827 847 2181 1741 2283 175 972 2500 313 523 1339 1896 505 2674 28 238 734 92 1563 1532 1376 2228 2177 1335 1708 2191 2814 2681 696 1704 2250 2099 671 1956 532 354 2193 330 968 1010 1111 711 2052 1917 2028 602 225 2396 1680 2592 1787 207 503 2025 61 1746 2742 1332 2322 772 261 1555 131 2237 1117 68 2265 633 580 1955 2062 125 418 2070 2764 2669 245 449 159 1022 31 788 12
1288 1703 2216 1363 2823 333 2567 1995 1865 115 1217 1171 924 2751 959 1214 38 2109 22 2313 309 1927 856 1987 565 96 894 861 2153 2141 1199 1286 2060 214 106 2841 2502 189 1032 1260 1632 1964 2554 2425 419 1858 1844 744 2261 2079 396 2573 2152 592 785 834 537 1525 621 1280 1108 2353 815 300 506 1098 941 183 2645 2156 1139 2197 2627 171 2688 481 2614 2432 661 1953 669 1084 1283 2452 398 1761 1804 2222 1605 1560 957 1709 2194 1471 1025 468 1015 1321 2348 967
431 2510 1839 1035 70 2561 1753 1125 2757 1842 18 2772 2777 2478 1557 2077 1390 1252 601 1759 2 1834 2622 2663 315 951 2015 2818 1443 1747 767 2686 1833 1938 277 2161 1165 2323 889 2302 191 2315 1801 1075 1951 2702 2644 1306 1394 1418 1175 2149 1976 522 1798 2624 251 1845 164 485 589 2000 531 2054 211 1427 1230 395 962 727 2540 126 529 2532 1065 646 2667 1460 1767 1451 121 156 1114 658 1980 142 202 1989 536 853 2577 2653 72 193 931 1334 886 426 2072 1357
2763 773 1007 2102 1385 1992 1779 2145 1707 406 519 742 1645 1138 1894 1800 1511 2516 1731 1969 1526 1871 1442 2613 2110 257 1325 11 664 1516 288 730 1165 1670 2302 338 2609 1527 191 535 2377 392 2843 301 883 1466 811 1455 1419 94 568 937 336 253 2341 1454 248 1424 821 1850 2219 648 112 1068 410 1498 186 605 800 2095 709 1309 870 1040 2331 610 2087 1634 855 1311 315 1133 365 2830 538 114 2680 1968 2299 881 1020 434 717 1142 1966 2788 694 1784 435 1110
70 1125 1753 2772 2777 2077 2478 2561 1842 18 2510 431 2757 1252 1390 1035 1557 1834 1839 2 2663 951 2015 601 2818 2161 1759 2622 315 1165 1075 2302 2323 202 2315 191 767 2149 2702 1951 215 277 103 426 1798 297 1235 737 522 2409 2000 1175 251 1427 1801 2509 485 121 2242 1306 67 436 1809 1357 86 2054 1597 2546 1323 364 2653 1230 369 2471 990 1845 2143 1928 2656 502 2624 1012 2240 2121 2024 2504 2016 1558 1810 1001 1443 1394 569 2329 1905 876 634 1959 1406 193
1146 1545 4 1752 2389 59 1799 2367 1624 626 1202 2082 2270 1737 817 547 1926 2069 2411 2817 1644 950 987 556 1319 1386 85 2790 2300 1407 1656 2528 611 283 2477 613 826 266 188 2832 312 1102 2501 1328 2044 2767 1934 1663 2692 2840 271 947 550 2011 2515 1414 440 169 2289 1837 1998 1892 1782 635 1408 2631 1444 345 433 1190 1993 2735 533 2527 1771 932 1029 51 645 659 1617 2440 1422 1405 1649 326 674 1929 735 1552 2595 221 860 197 1730 2837 305 259 1045 2625
1146 1752 4 1545 1624 2411 817 1644 1202 1799 59 1407 2817 2389 1926 2790 2367 626 2528 2832 1737 2082 1656 1934 2501 2069 312 556 2270 1102 2300 987 826 266 2044 85 547 188 221 635 2477 283 950 943 1405 1386 1319 613 611 2631 2515 550 1328 1414 2767 2714 1663 1422 947 2011 1983 2840 1444 2397 169 1029 1489 1837 109 1190 463 1782 2130 433 203 1092 2375 2289 2781 2707 345 2133 480 860 735 271 2574 2837 2692 1993 2148 1045 1710 965 2454 1552 2088 1623 2769 179
1944 2294 1056 1055 2728 725 2207 2766 2558 1825 165 204 2825 137 447 899 1212 2135 2842 1606 1940 2741 116 1986 1130 2580 1463 1134 2041 1547 1935 2511 246 1841 1067 1452 97 1899 2435 146 494 2736 722 2708 2068 2813 362 2286 79 2292 804 2057 686 2248 1223 2382 1126 1076 2665 2438 1874 1937 1464 2258 682 2291 1185 692 2569 329 140 1868 2305 2506 2719 948 657 647 1592 1639 574 491 1777 2683 2393 2639 2319 1876 677 2436 442 1486 1962 1012 1333 2309 2838 249 2239 260
2252 1651 1179 2682 1977 1578 2328 2491 2097 1063 1583 1579 1769 841 945 639 916 2647 1920 748 952 2042 1531 1354 919 1770 9 887 114 1470 1791 2778 227 118 1528 567 998 2065 2723 982 2792 930 2310 1667 1585 819 2575 1851 1657 928 2729 2225 808 2379 763 1211 1854 2711 517 1367 382 1368 1970 1507 2349 778 875 1566 311 2550 159 515 2081 492 2698 580 2459 2103 2019 326 575 1154 1239 566 1210 512 1042 809 513 975 1273 2754 2488 917 923 129 1919 2634 7 590
1681 487 2600 1384 1705 942 2085 2543 2458 966 337 1000 1853 1739 360 1695 542 1742 710 2664 54 2782 1893 2259 660 50 1331 2660 1614 1495 2369 791 1508 1673 1031 1565 1287 2803 2696 2257 1554 813 355 1370 1105 1396 908 243 2596 921 2262 631 2064 984 1518 1290 2282 1017 852 199 21 1770 731 681 2469 1978 289 381 607 893 1119 747 1676 500 361 2384 530 1890 2392 2357 1717 2049 1562 2126 1033 770 733 62 1952 2618 1320 1888 1499 332 2668 1510 2462 2451 566 121
2767 1649 1054 645 1444 947 1679 1663 1623 2707 1328 2837 2836 169 2439 1544 1782 1381 1658 2628 51 2011 1029 2241 1261 1840 1218 1617 1045 440 2735 1993 735 1640 2046 2840 445 2352 197 155 712 194 1422 463 1051 2650 2050 550 1552 2289 134 305 2130 1253 1860 2713 489 674 965 900 992 1208 1416 1417 1486 659 1948 1437 1586 497 1489 319 1775 904 860 563 2515 1123 2084 1468 2556 2631 201 906 2133 1307 260 2272 2826 2815 2714 2287 64 2088 433 1627 769 59 259 1710
1125 1753 2772 2777 2077 2478 70 1842 2561 18 2510 1252 431 2757 2 2663 1834 601 951 2015 2818 1035 1390 2161 1557 1839 1759 2622 315 1165 2315 103 1075 2302 191 297 767 1323 426 369 1235 2323 121 2702 2149 1460 2143 2024 1186 1951 2242 1845 1809 86 1175 1597 1443 277 1905 2409 67 2624 193 990 24 2653 202 2000 2016 578 10 2022 988 569 2656 536 1413 1357 485 2121 1959 1418 1333 126 2471 737 1391 2509 2054 876 1801 2240 688 2583 39 1798 215 707 1114 1306
1353 1883 1228 1785 1213 2066 304 2113 2178 1389 545 2784 1161 2546 1971 1847 1513 1773 483 1115 1795 2277 2022 1300 240 617 789 1257 1898 1786 1394 1093 465 2422 2523 529 1137 407 1178 1801 2700 1087 328 2542 34 2238 374 1990 2504 132 2129 395 341 1561 2540 2381 1224 47 581 766 614 2579 1996 499 2759 824 101 2437 832 777 898 2114 1176 540 926 2547 1683 1333 1361 1166 1106 576 714 1116 1743 2180 2495 695 1838 1593 1900 1091 1533 76 1451 2644 2190 1476 737 727
1118 1143 1822 2236 430 1124 1097 1037 1293 331 326 580 159 2053 2062 1972 721 2402 1647 1297 1475 1967 2061 1921 655 1050 31 1635 390 1715 1140 2715 999 1755 314 726 1756 1317 1395 1187 805 1648 2406 799 478 1303 1692 1568 1472 2470 504 2531 1789 391 1011 2693 1273 1831 2611 2301 806 927 1008 1918 654 643 1655 2505 2465 1026 1662 484 2059 1781 467 2407 1929 1612 1356 2698 2765 1216 268 455 936 2429 1875 2794 782 1730 1787 1141 239 534 1018 1127 1706 452 1378 2070
1146 1752 4 1545 2367 1799 950 2069 1202 1624 59 2389 817 2790 1644 2832 312 2411 1102 1656 1926 1737 2817 626 547 987 2082 2501 1407 1934 2270 2477 2528 556 613 1316 1840 266 1965 1319 1636 2300 85 1386 2044 611 188 283 440 2767 221 155 2836 943 1496 735 826 2241 1782 1092 2289 635 1663 2515 433 2148 1328 1658 518 674 2840 2556 2424 1983 1948 1405 1381 2628 259 550 2815 2631 947 1437 1552 1208 2272 663 1617 1422 169 2714 2652 2011 489 2397 659 2352 1416 2837
1728 754 1231 2756 1533 757 2320 2021 1149 2533 29 2172 286 2673 218 293 967 2024 1804 1597 426 2143 24 1719 119 80 792 707 2787 2354 1296 2054 634 2430 414 135 2295 1984 2323 558 213 2408 1849 1265 1312 1383 2413 240 2260 2296 483 2784 2615 1898 739 1478 789 1448 2277 658 589 1689 2224 1361 1451 1091 1306 853 727 1175 2540 1427 2472 2235 1867 695 251 1951 2638 646 485 91 1529 184 1722 1829 1269 1300 1801 1230 1774 2644 407 2390 1555 1334 304 1236 1093 1852
967 2533 29 286 2172 2673 1804 1149 2320 2021 2756 2024 218 426 1597 2143 24 1689 1719 2430 634 1533 1728 293 2235 1231 754 91 2260 739 2296 792 707 2354 1849 213 2408 757 2390 1529 1478 1867 2224 1265 2638 119 1722 1296 1383 424 2615 80 558 2295 135 499 1448 1269 291 184 2054 19 1733 2413 1535 2566 520 1593 232 1984 2787 832 2472 2744 1886 853 2078 1091 1945 1252 2149 1334 465 2015 1346 76 1312 983 2072 2129 1492 2016 1165 1670 39 2288 2302 2785 2281 315
1416 1096 1948 2272 1316 2556 1860 2815 1496 2545 1051 64 2721 1965 747 2352 1796 305 439 2713 1636 2241 1993 1362 562 100 2034 1897 1569 715 659 1381 1623 1584 497 2433 2270 1617 2023 48 712 2741 1218 2650 155 1782 2082 547 1926 51 899 1422 1586 1658 2135 1328 188 2707 2767 201 2309 2631 563 987 1606 1411 2769 556 1684 2298 1544 2300 947 116 1045 1552 2011 2708 2213 1663 348 2628 79 1453 2189 1640 1679 1261 169 221 1947 2584 137 674 2826 1386 260 1212 203 2727
2054 646 2787 293 1115 2000 1451 1300 1389 2546 1361 1559 1951 727 2113 2178 1106 1394 2066 1213 1306 1175 483 658 304 589 485 1353 545 2161 2784 1883 614 1798 2540 2277 240 1137 1427 1971 251 2504 529 1801 1786 789 1257 737 1230 962 215 2759 436 374 1785 2114 101 572 2323 581 2022 803 2579 2238 364 1683 395 766 2072 2242 2381 1900 2409 898 1228 341 2644 1093 2149 328 989 29 1447 1161 1166 131 1898 2040 16 1693 1334 853 2656 783 1087 714 412 2024 1875 1207
2471 2601 502 990 2624 1845 688 103 297 1235 1323 126 284 848 1114 1186 1830 768 1340 931 702 1767 578 2314 2276 1608 522 1908 1391 903 1107 1413 835 65 2388 1720 1821 1512 250 1310 1975 684 1254 2667 1406 2478 1165 1012 1075 2757 2121 249 1810 1759 988 2149 1390 1905 2509 2090 202 627 1175 569 193 2016 485 1753 1839 2077 2302 1125 121 277 102 1809 2240 2350 2561 10 86 1557 67 1951 1531 2772 2777 876 1001 364 1741 1459 725 379 1035 1144 1959 1605 2462 2622
1754 1038 1949 865 1041 2421 640 13 2520 1272 2578 2210 377 828 2671 323 2047 2828 2602 672 1337 1668 933 1374 56 370 698 1521 932 2083 1049 1910 1189 839 955 2032 1249 1477 2795 2570 2038 2428 2839 1329 1429 2513 2629 1399 2335 2798 2031 729 1764 2150 964 1819 2783 1757 2221 1275 1780 1929 358 1598 2120 2054 2353 882 1070 1864 2539 658 340 1704 2070 123 400 2149 2687 618 2784 305 653 429 1789 2669 220 293 1175 2515 1334 901 1273 1255 2108 2267 574 142 2387 1274
1540 1618 2340 46 892 2635 1615 2820 2158 223 2215 349 1060 2834 961 2339 1101 2013 1324 2541 1349 2466 2781 1 234 2138 1572 511 2648 1095 1167 2266 2372 2513 1964 414 2100 195 342 1811 1862 913 317 2213 2473 1520 307 551 1622 1409 642 2253 2399 1698 2223 600 2338 969 2727 2486 352 2343 2226 2004 649 1571 1994 147 846 670 1421 391 685 1355 2595 1774 1327 2212 1238 1461 2764 2289 1291 90 2403 663 1338 518 669 2801 1441 2698 1059 2812 1034 2838 1135 1974 1117 267
2252 2097 2682 1651 1179 1578 1977 2491 2328 1063 1583 945 841 1920 916 639 2647 1579 1770 1769 2042 1528 114 9 748 227 952 1531 1354 919 118 887 982 2310 1470 2723 1791 567 2778 2065 1851 998 930 1585 2792 2225 808 819 2379 1657 1667 2575 763 928 1211 1368 1367 2729 517 2349 512 1239 2711 1854 2459 2488 515 382 1154 1566 311 2026 492 1970 566 875 809 513 579 923 2618 528 975 2103 1209 2658 7 2165 1210 2028 2416 778 1593 2559 2304 340 2081 1065 1031 1396
1842 2777 2077 2478 2772 1125 1753 18 2561 70 1252 951 2818 1834 2015 2510 2663 2 601 2757 431 1035 2161 1390 1557 1839 1418 2315 1460 2622 1759 277 767 569 193 369 121 988 2016 1143 1989 536 5 211 1065 597 2496 992 1938 2149 1822 931 315 1686 886 2108 1268 39 1443 156 182 2090 1647 733 1097 1628 1685 2781 1431 2556 684 1132 2808 423 1656 1461 853 2402 1114 817 2577 680 164 889 2409 414 1833 2022 497 1972 2817 721 954 1413 1118 1747 2046 1921 1075 866
1146 1752 4 1545 1624 1799 1644 2411 1202 59 2389 817 2528 2367 2832 312 2501 2790 1934 2817 1407 626 1926 1656 1102 987 2044 2069 1737 556 2082 950 2270 85 188 547 266 2300 635 283 1386 2477 611 1319 1405 221 943 613 2515 826 1983 2011 2714 2840 1190 1092 1782 2631 1208 1948 433 2781 550 2289 2767 1316 2836 155 2424 305 1381 1552 659 197 1840 259 674 1965 1414 168 1416 2375 440 2241 2652 319 2556 2419 445 1437 2088 2397 1328 271 735 2148 562 1663 1422 1837
2823 956 1260 1882 38 2313 1865 20 2573 2268 630 115 1995 167 924 1456 1858 1284 2194 669 459 2261 2627 476 122 411 1188 37 396 1539 1880 661 454 1227 2476 1084 1308 1082 1449 2749 1471 922 2216 448 2425 1400 1844 2726 468 2222 1025 1286 2060 1318 1797 1697 275 2444 1763 1153 2422 1536 2030 285 1032 2239 1280 1057 636 829 42 1610 2118 620 2623 1990 2740 506 2281 83 1006 1178 1703 1015 1205 1199 2296 1090 2523 2197 2791 1838 1487 189 307 1113 419 980 1719 953
503 711 772 633 1680 2322 2250 1704 1335 2228 2193 2557 2479 2592 1532 2052 1376 238 1111 602 2681 972 1708 81 1332 671 587 2177 68 28 2552 849 2119 330 2099 2819 458 261 505 152 740 1827 1896 2764 2365 313 2814 2527 2283 92 696 2144 1339 175 2028 553 354 1917 2500 847 2191 532 2237 2742 120 2181 734 2716 2689 523 1655 2674 1746 1741 968 1117 533 2370 1956 200 2812 1831 2773 1563 705 159 1010 507 1135 2534 1789 2062 1097 2316 1929 1972 1472 1293 2158 2597
2600 942 1681 1705 2085 2543 487 1384 2458 966 1495 337 1331 1742 1614 2660 1673 355 1000 1853 908 1695 1739 2262 1554 360 542 54 2257 1370 710 984 2664 2696 813 1893 2782 243 2259 1396 852 660 1105 50 791 1676 1508 2369 2596 921 1978 1017 2064 1119 1565 1290 2282 1287 2803 2392 1031 631 1002 1518 361 21 2357 893 1033 681 199 886 62 747 1398 78 2384 1890 289 530 302 451 320 1562 417 332 2451 2049 1770 607 2743 292 1301 1320 1888 1686 432 2469 555 2668
2021 2320 2756 1149 2533 29 286 2172 2673 1533 1231 1728 754 757 218 293 2024 967 1597 426 2143 1804 24 634 2430 707 119 2354 80 1849 2054 1689 1296 2408 213 1383 1719 2787 135 1265 558 1478 2295 646 1984 1951 1175 2638 1312 1306 1867 2235 424 727 658 2413 1361 1529 251 91 485 1451 589 1448 2260 2277 2390 184 1106 2323 2784 1394 2078 1722 1801 529 240 304 1427 1559 2615 2644 2178 853 2000 1839 395 2113 1886 2472 792 1269 1230 1898 483 520 19 1088 142 2296
301 1419 2331 392 519 94 2763 1546 1992 773 2101 1894 2102 1454 937 1779 248 1516 538 1527 648 336 535 2145 2341 843 253 2420 2318 1424 2377 568 1133 406 1442 809 338 1385 186 1387 257 717 610 1309 1634 1455 1526 605 2843 1200 1778 870 1498 2516 1325 434 811 1138 1511 1707 1731 1670 678 730 1466 365 2830 2095 2560 1131 821 1142 1040 2219 1020 2264 855 69 1850 414 2027 2549 2519 1969 2087 908 2243 1966 1800 1783 1581 742 435 1068 1245 1007 1311 1042 2081 1573
1539 352 969 273 1242 2104 687 557 2524 879 2460 2473 1278 1863 2363 1925 577 2595 147 1619 667 1982 1660 867 127 2189 2801 1480 2607 1366 1816 2633 1811 2431 2385 741 2139 1803 814 1589 2797 1167 2138 2226 385 1735 2844 2833 2266 2709 349 2648 1355 299 2092 2094 2269 888 1549 2710 2412 1814 1078 267 1520 1122 1862 2175 1607 991 1291 1238 226 1828 2403 2185 160 1338 1509 1530 2481 1514 2444 641 2517 1215 2727 685 2662 2371 2484 1411 264 1 2255 414 2635 1059 1421 428
348 925 2769 26 1870 1369 480 2714 2454 2649 663 2538 179 1417 860 1489 712 550 1701 2050 1710 2130 1045 518 1788 2241 735 1422 445 1328 2840 1617 2011 197 2375 463 1782 1552 1663 1658 659 1656 2289 1381 51 1644 1029 645 817 2836 704 2707 2817 421 1930 1544 1934 1840 1623 433 900 1092 2461 1983 793 547 556 2439 1624 2125 2004 1486 2528 440 1437 1679 1649 260 1993 64 2790 674 169 2826 1054 1743 2767 947 77 1034 2545 1444 2397 1758 1665 769 168 2628 1208 1926
1944 2294 1056 1055 2728 2766 2207 725 2558 1825 165 204 2825 447 137 899 2135 2842 1212 2741 1606 116 1940 1986 1130 2580 1463 1547 2511 1935 1134 1452 2041 1067 246 2435 1899 1841 97 146 494 2736 722 79 2068 2708 2057 2292 1126 362 686 2665 2813 2438 2291 140 2286 1874 1868 1223 692 804 682 2719 1185 2248 657 2569 1076 2382 1876 574 2305 1937 1592 329 647 2258 2683 491 1464 2319 2639 948 1777 442 2506 677 1639 1333 2393 1962 2022 790 1486 1931 2526 2509 1012 249
909 1113 84 1477 2494 941 2503 1471 1487 1960 953 924 1400 2688 2573 971 43 1232 882 1922 2115 2421 851 2620 1596 40 1687 1616 1591 387 1255 214 1757 2150 2188 2348 1953 1458 1139 2761 2562 1802 281 1768 270 2448 1880 2498 396 1602 2768 1462 2677 398 2425 300 1199 115 867 594 2720 1696 986 2386 327 123 244 1987 1995 1283 423 2571 2476 370 1949 1979 2678 1726 420 644 1371 1866 1536 2047 148 2278 1766 42 1882 2141 2627 750 956 1560 229 117 2197 1397 2572 2179
291 540 1631 2542 617 1561 499 832 1334 465 2016 576 1197 1535 2242 751 783 898 2149 2656 1019 1087 714 1836 1346 1558 1103 614 1593 2072 895 1166 1590 792 1483 853 1672 93 676 954 2129 1161 91 63 1773 1685 1137 2409 1513 1228 596 95 1847 2235 1693 1749 2547 1928 2112 1434 1207 2827 2700 2114 739 376 182 1743 1999 1298 149 683 1447 1333 1116 2022 1004 1760 1714 47 1795 1785 1804 1838 1971 1719 16 2437 2260 2296 1713 310 1990 1712 1343 2441 824 1257 967 1689
1007 1707 1645 1800 742 1138 1871 2763 773 1894 1385 1731 2613 1779 2102 1992 2145 406 2516 1526 519 288 1511 2110 1516 1442 1969 664 2609 1325 11 257 1670 730 1165 191 1454 301 2843 2302 883 392 338 800 538 568 1850 1546 1466 1499 1936 2331 2492 792 1527 2087 1455 811 1419 535 733 1968 186 2310 500 1498 694 855 1966 358 94 843 774 964 821 739 1268 2243 2697 1068 2006 2296 2095 1174 1211 1725 253 866 2377 2795 678 1784 1913 414 2519 2299 673 336 680 1399
2232 1262 822 2137 1568 113 799 455 1506 2142 241 1503 653 290 1273 1141 1274 452 1932 2070 129 1062 1789 2794 1813 1024 2693 2531 840 654 408 1282 49 1655 1831 501 525 1505 2669 927 268 324 495 383 2285 356 2025 2565 296 1781 2396 1039 1281 1923 1787 464 61 389 1011 1706 788 245 456 2765 207 125 239 1612 2091 89 758 2164 1875 209 2311 131 1127 838 2634 1843 1918 2173 225 1912 192 1780 27 2062 1026 216 1297 1755 2280 1395 2698 1378 1921 139 1356 1050
2578 377 828 1272 13 640 2520 1249 672 2828 1337 1668 933 839 2602 1049 932 1374 955 2210 698 1521 2671 865 1754 1910 323 1041 2083 2428 2629 1949 2047 2798 2539 1429 370 2795 729 2031 2839 56 1329 2120 2038 2570 2335 2421 1038 964 1070 1399 1764 2221 358 2032 1189 220 2640 1952 2513 2808 1266 1704 882 36 2452 500 536 2186 1132 2150 123 2487 2449 1431 2333 2105 1929 569 2687 1240 144 2387 432 319 1003 1449 2775 1487 1588 1275 924 2353 1415 1255 43 2668 400 2735
2479 849 505 2552 2500 1532 2819 2181 523 238 1563 587 175 2283 1896 28 2099 2119 2716 1827 313 2191 734 458 152 330 705 2250 2557 2674 2689 2534 354 2527 847 1704 1376 2370 1339 1741 972 1335 2365 81 1708 2681 2228 2177 92 2814 696 2742 671 68 532 120 772 711 503 2322 633 2597 1680 653 2028 1956 2592 1917 2052 2193 968 1655 1111 261 806 1555 1831 553 1010 1011 2236 1972 721 2062 1662 1635 602 1117 1873 390 1787 1974 1647 2764 1789 2429 296 356 2470 290
2840 445 1663 1328 2241 2011 1623 2515 712 1679 2707 1045 1617 2767 2836 1658 1782 1381 197 1710 1054 1417 947 51 1489 1444 1369 463 1218 1993 1640 1544 860 900 169 1486 1552 1437 155 1422 2050 550 1208 26 305 925 659 2439 2714 559 2628 1870 2837 2454 2130 735 1701 2826 645 2397 1261 1649 1840 562 260 2652 1934 1569 674 1948 1416 1307 2419 348 2289 188 1788 1656 64 179 556 2375 1405 2649 480 1092 2832 563 1796 2352 2544 2713 1983 2545 943 100 1051 194 489 2721
2281 39 2288 926 1818 564 230 1357 2495 1180 751 1996 76 777 1091 1538 1693 1593 2656 1482 2699 2080 739 2247 1846 2489 441 2493 1523 2114 2149 1836 1914 2239 88 2383 2695 2202 2242 824 2437 1476 2224 1856 1713 187 2547 683 198 596 2073 1714 465 2745 2422 2441 1786 2296 1672 541 1176 845 1116 1743 2785 1197 920 60 47 1057 983 2324 575 95 1561 83 2542 617 2111 792 373 1919 1950 2190 1304 993 2497 917 32 1019 310 1483 2827 63 2033 2641 1719 902 1601 1633
1146 1752 4 1624 1545 2411 1644 2528 1202 312 2832 1799 817 1934 2501 2790 2817 59 987 626 2389 556 1926 1737 1407 1656 1102 2069 2082 188 635 266 2270 2044 2367 1405 85 283 2300 826 221 1386 943 547 2477 613 611 1319 1983 950 2515 2574 2011 2714 463 1208 2397 2840 1414 1190 1948 1029 319 2631 1092 2767 445 550 1489 659 1552 1468 2419 2652 1422 2088 2753 900 1339 2544 2424 965 1416 271 2375 606 1782 2148 1151 109 559 412 2343 2676 2564 2781 1486 169 2312 1837
1588 1132 536 988 193 569 121 2090 680 1268 2333 1431 36 733 866 2117 1793 500 1430 1886 1499 2078 1699 1053 1492 1553 142 878 802 901 429 2217 432 2415 2568 427 1256 176 1065 555 2743 979 1033 1393 1890 332 2029 2668 1686 2227 1236 1418 1888 554 2786 597 289 886 1562 21 868 2384 571 2451 681 340 199 417 2108 2267 62 2423 743 2380 1398 2143 707 361 391 893 24 2024 1008 1467 634 32 2019 1266 302 2698 213 2808 2407 561 402 412 1648 1789 426 2406
2797 2844 1122 2189 2403 299 2269 2092 891 2833 264 741 2455 2412 2484 428 1814 1009 2139 2371 837 2473 2576 2063 1982 667 1735 1815 352 1159 267 2776 262 1549 2731 1291 1238 1925 90 1619 2385 403 888 1863 1622 1589 226 1539 879 2811 687 1509 641 2094 1338 2255 349 1 1078 160 600 2548 317 557 2486 573 1520 969 2460 17 2727 2100 1373 846 1530 1571 2338 642 1242 1862 2771 2740 1607 2399 991 2175 2223 307 1930 1421 2431 1698 2123 1887 1551 472 2158 1350 1341 2253
2502 2152 1605 1139 5 1953 1602 214 2348 1866 844 1371 1515 509 84 1696 2457 2841 2567 2141 244 1616 2115 2751 1171 22 1214 2109 2128 941 2572 957 1199 1726 2404 609 2725 2464 1889 1766 2448 1525 2263 2386 106 1280 2678 744 785 2623 1661 1632 2203 1927 96 1397 1659 2153 420 1488 2768 1960 851 117 2150 894 2060 40 1738 1032 2421 1198 1987 2353 2168 621 466 189 1326 375 498 425 1205 1064 2124 1184 2014 1232 171 510 1757 1061 148 1365 327 1113 2056 419 2162 2182
768 1340 284 2601 2471 1845 1114 903 990 502 848 1107 1830 2624 931 1767 65 1608 297 702 688 1512 103 1235 1254 578 1908 1323 126 1310 2388 835 1186 2276 1720 1821 2314 250 1975 1391 522 1413 684 1147 2080 2383 800 1482 1120 483 441 2802 83 1016 993 967 1804 2005 2006 2251 2695 373 1968 1523 1620 845 2151 414 1252 1174 2492 663 2194 2820 205 774 1142 1458 584 2697 1913 2754 1410 1067 2161 2519 1719 678 2261 762 2239 2087 1850 2275 951 1943 2395 2015 12 2560
2093 1879 394 1906 607 2357 2392 631 1518 446 2049 2596 2796 530 2282 1301 1058 1604 1017 2140 1290 1981 1613 921 1909 451 2064 1237 662 1567 1119 2660 1978 1132 124 271 2090 1618 536 193 1588 391 1088 1892 1060 1099 121 988 2343 1692 1931 643 569 2822 2781 1473 1742 918 1924 1002 2625 2682 1771 997 1800 2089 2438 682 1645 1072 1540 344 1774 608 337 227 120 2809 412 444 467 2515 2786 1942 961 1408 1101 2507 979 1393 1441 2741 173 2708 1775 899 345 2692 1904 1268
1980 2685 2702 2315 269 277 1548 767 369 211 1460 1833 1989 2532 1443 1938 2 951 1747 2496 531 2663 2388 2818 2015 1767 1252 1834 1340 315 601 431 2276 1413 18 684 1943 1842 889 250 1753 2510 590 2302 2161 126 1845 1975 2478 2622 1557 1759 1125 70 541 87 83 1165 1950 1200 2757 1390 768 931 39 993 1391 2281 2686 2239 903 1720 1821 902 2314 578 1107 2033 1114 2772 917 2653 2624 920 379 848 1919 2777 1357 32 1601 1593 2077 2288 1310 702 191 835 1211 2482
850 2512 1504 2362 222 2355 1436 2218 1305 935 2750 1052 2096 2342 836 2450 1321 1098 2201 2645 1933 755 1790 1736 2156 2691 2071 1709 1806 2432 897 1638 2420 461 477 629 177 1267 1903 981 2122 2593 380 2829 2679 1085 2163 612 816 1163 2074 453 1233 141 437 1599 1023 1976 401 2452 760 1628 2055 73 1510 1911 174 1621 1145 144 2446 164 823 399 99 2775 156 632 2587 460 1044 1808 1047 1006 2161 2722 1872 2353 595 1404 1688 701 2274 2747 1155 1811 694 1757 72 2361
1085 816 2122 177 1903 2679 1163 2829 2274 1808 1155 1688 453 1628 1100 401 141 2163 1023 1404 1089 2055 2452 760 612 1145 2098 1047 1872 2747 1415 174 2775 823 73 460 477 981 2722 2009 164 2636 156 72 461 172 2577 1510 694 1241 399 595 2587 1784 208 2074 437 380 1233 1599 2655 99 1717 2469 731 2126 1160 1976 975 121 7 599 222 193 536 569 988 666 2793 2537 1132 1271 2090 2380 1588 1305 1741 1339 2218 1430 1956 1173 151 923 2149 422 2792 1851 1006 128
1708 696 671 1956 2119 2814 532 81 152 849 458 2370 313 587 2534 2028 2819 1339 2689 705 847 2479 2365 2674 2283 1827 1741 1896 734 2716 2552 2527 2557 2742 28 2181 1532 2500 523 354 175 972 2099 505 1563 238 2228 330 92 1376 2470 1335 2191 1704 2250 2177 2681 261 711 1010 503 633 968 68 2193 1555 1680 2322 2052 772 1117 2592 2144 1746 1917 1473 2764 12 245 2698 1475 1789 209 120 2059 1787 1635 2396 1111 390 726 553 1273 974 1955 838 207 2236 61 225
2142 840 324 501 1062 129 1813 1923 1932 788 456 822 2285 1281 125 452 2137 1503 1039 1912 241 2765 389 89 2634 1024 1026 2232 1789 268 2565 758 628 1220 1655 1568 1831 927 467 2531 1378 464 1706 131 495 113 2687 1011 53 455 2398 1875 1843 1022 484 1262 2465 2505 1048 1730 2062 1037 2059 2236 2632 2407 2301 1273 138 1008 1297 1018 1662 1929 478 1612 1124 1475 2053 2611 782 753 2244 1140 2429 1918 780 2715 2070 363 643 1472 1715 1438 314 290 108 1143 1395 1465
2759 374 101 2381 364 436 1900 215 251 2040 803 2579 2238 2504 766 328 989 737 341 1427 395 789 581 2644 572 2540 545 529 2546 1115 1230 1898 1106 1683 407 2114 1257 962 1394 240 1801 1883 2323 2277 1798 1389 2242 1361 1451 1559 483 2000 1786 2178 1951 2113 1093 2066 1306 2784 1971 1213 304 1300 485 727 1353 1175 646 589 293 2787 658 1137 614 714 2409 1357 1207 1166 898 2656 2054 2149 1558 2072 1928 2495 39 853 1693 1818 2288 1144 1087 754 1091 1180 926 564
1944 2294 1055 2728 2207 725 1056 2558 2766 1825 165 2825 447 1940 1986 2580 494 204 146 2435 1130 1899 1874 2057 2291 2741 1223 574 137 899 2135 1606 1452 647 1212 2708 2683 116 2842 2639 657 1185 682 2438 1777 2813 491 1876 2569 1463 1592 1935 2736 1937 2041 1126 2248 686 140 1868 2506 948 2382 677 1547 2286 2292 97 2393 2511 1639 692 1067 1464 1841 1076 2719 1134 2704 79 1473 329 974 804 2220 1486 790 1439 2089 2625 246 1433 1962 1892 255 442 12 1771 271 1998
2328 1179 1578 2491 1531 748 1769 2252 1063 1977 2682 1651 887 952 1470 1354 919 1791 2778 945 841 2065 1583 118 1579 2097 639 916 567 9 1667 1851 2647 1920 930 2042 982 1585 819 2792 2723 1770 114 2575 227 1657 998 928 2729 808 1528 2379 763 2225 2310 1854 2349 311 875 517 1211 1210 2711 492 382 566 579 528 512 2658 2416 1367 513 1368 1154 923 2459 1209 2026 2618 1970 2304 2775 25 2488 1273 156 2165 778 2559 515 1415 2316 2698 2117 7 1566 975 174 1688
2548 1982 667 2844 1925 1619 2833 2139 879 1520 2371 1 2727 2092 2460 2484 837 1009 1863 2385 741 2455 1814 557 299 2063 2797 2412 1735 2399 264 262 1122 349 428 641 2269 1572 1815 234 1159 307 352 2403 2363 1622 888 267 891 2576 2731 2776 2189 1238 342 1291 913 2158 1549 1373 226 2473 687 2215 1589 1078 160 551 2771 1509 991 2431 403 2094 1539 1530 1242 600 1660 1338 2486 814 2811 573 2633 2185 2517 1776 2100 2468 846 2255 1350 385 2298 1349 1807 642 1375 317
2844 1122 2412 2092 2797 299 1814 2455 2371 264 2833 2139 837 2484 1009 428 2063 1815 1735 1982 2269 2731 1159 1549 1622 687 2576 1589 2403 667 2776 891 267 1291 741 1238 2727 1 1520 403 1925 1619 262 234 342 2399 1863 1572 2473 2385 600 913 1338 1025 888 641 352 226 349 2486 2100 551 2811 573 307 2215 2255 2158 90 879 2189 317 2223 1373 17 1698 2771 2338 2460 1571 846 557 991 1095 1862 642 1059 1409 1509 195 1539 1660 2253 2548 472 969 2633 1349 2431 1807
1703 1288 650 2043 2171 2666 1363 2216 2816 1891 2810 475 2346 1723 1916 922 807 1284 1188 411 1763 285 37 468 1456 2841 1260 2268 759 122 1221 959 1697 1882 333 546 2823 1090 2167 1308 1217 2643 181 1153 309 1082 6 1603 1865 459 2387 620 956 1006 1227 1200 732 1570 924 1761 2194 372 1541 443 1995 820 565 659 586 795 829 398 2313 1884 1858 1278 1286 582 980 750 521 2425 334 2399 1702 2617 2476 1797 38 476 448 724 2261 630 1025 669 42 1844 2573 2706
658 727 589 1389 1175 485 2113 1213 2066 2546 2178 1306 1951 304 1394 545 1115 1300 2022 1353 1361 1451 2000 1798 1883 614 2277 1106 1785 572 962 1559 483 2784 1137 1230 853 1333 2072 1228 1207 293 1683 2644 2323 1558 2409 714 1087 898 581 240 1801 2787 529 395 789 2114 1166 737 783 2242 63 1971 2504 2149 2759 251 215 101 1019 436 1786 646 954 364 374 2656 1257 1161 803 766 2579 1900 1928 1427 2040 2054 1898 2540 2238 676 93 1685 1334 895 328 989 1513 1839
1704 2479 1532 849 1335 2557 2099 28 238 330 2250 505 2819 2228 503 2500 313 458 152 1376 2552 587 711 2119 1896 2177 354 1563 2181 772 972 1827 734 2716 523 1708 633 2283 2674 1741 1339 671 2191 81 2365 1680 847 2689 2681 705 2370 175 92 2527 2028 2322 696 2814 2534 532 1956 2742 68 2193 1917 2052 653 2592 1111 2391 1655 553 1555 261 2062 1787 225 1831 533 200 1472 1117 1929 968 159 2001 1746 602 2144 1961 1789 120 618 2764 806 2236 1635 927 1143 2025
2551 2018 1289 2146 764 719 2008 2284 247 1403 153 2603 615 1534 1157 190 1351 1577 2824 35 1915 1493 914 2582 862 1204 206 343 1633 1751 723 2487 276 1359 539 2585 809 1121 869 2209 1997 2310 982 2157 2536 1136 2067 2097 2165 58 812 1042 1211 2103 2081 2019 604 2434 2379 2252 490 2225 549 2485 303 585 528 1583 873 2718 227 763 1772 282 512 998 1128 66 652 492 1566 2405 118 847 1532 1651 2349 1245 1531 2027 2527 290 916 930 2336 2228 2325 2361 2488 2462
304 2066 2113 2178 1213 1883 2784 1389 1353 1300 483 545 2546 240 1115 1785 789 2022 1228 1394 2277 1161 1513 1847 2504 727 1773 658 1971 1795 1333 1175 1951 1898 1361 395 2238 328 407 766 1093 1306 2540 101 2759 1451 485 2579 646 529 589 251 1106 341 2787 1427 2381 1801 2644 436 293 614 63 374 1559 364 737 1900 2000 572 1683 2040 2149 1693 989 581 2054 1137 215 1798 1019 1685 962 1230 803 954 2114 2323 2242 1257 2409 39 1743 783 132 1231 2656 1786 824 1728
1255 986 123 882 1757 2150 1477 2735 1811 134 1029 965 2352 2836 422 2628 319 1840 440 1649 645 1422 2767 2439 947 1860 1617 2011 155 2707 2837 1218 1948 2815 2631 1589 2403 613 1444 173 1775 2477 1623 169 1704 231 747 670 1993 1862 1148 1663 2001 1782 2838 2553 1548 1544 1636 437 2088 2650 194 784 1233 1381 2482 1917 121 1253 2241 2340 477 201 2074 932 2289 1355 109 2524 796 1267 533 2710 1122 1328 1054 1461 2606 1236 1552 269 1051 1416 2713 1658 2046 127 1640 2595
849 2819 2552 2479 152 313 2283 458 175 587 1896 523 734 2500 2119 2181 28 1827 847 2716 2674 1339 1532 1741 505 1563 238 705 2370 1708 2099 2689 2534 81 2557 2365 2527 354 2191 972 330 696 1376 2814 2228 671 92 1335 2250 2742 1956 1704 532 2177 2681 2028 68 2470 261 1010 711 1917 968 503 1555 2698 2052 1117 2799 1746 772 2144 2193 61 207 2396 2764 2592 120 2322 653 1787 356 296 1273 633 1111 553 245 1473 1789 534 192 806 2597 1680 209 2059 2429 290
44 16 2317 2249 1447 1469 761 376 1483 2437 1178 1057 1183 1990 1836 1672 2700 2422 830 1620 1732 603 1713 1224 1450 2275 1914 1838 2523 34 1116 47 1714 1073 1678 683 2129 1449 2785 2180 2202 88 2745 1147 1535 2190 1476 1523 441 465 983 339 1482 2695 2080 2239 2518 832 1346 269 2573 2281 83 863 1120 1996 777 845 414 1646 2268 2383 2194 2547 393 599 1980 1593 94 870 2296 1548 60 1176 365 230 1309 648 2685 2073 590 843 1943 459 908 2446 2095 596 2537 1380
849 2552 2819 2479 2500 175 523 2283 2181 587 1896 505 313 238 734 152 1563 458 28 1827 1532 2119 2716 2674 2099 847 1741 1339 2191 705 2689 2534 330 2370 2527 354 1376 1708 2365 81 972 2557 2250 2228 1704 2177 1335 696 2814 2681 92 2742 671 532 68 1956 2028 1917 653 296 1555 290 1010 2764 1117 2144 356 120 2193 2052 2396 2597 553 711 2592 2698 772 1787 1273 207 806 503 209 968 261 1875 1746 61 2017 408 2799 2025 1961 131 33 1314 1111 245 1852 1011
614 1951 1137 853 714 898 485 2072 1207 1175 1306 1558 1087 2409 1166 658 727 589 1928 93 895 1590 2000 1361 1451 1798 676 1559 1106 1394 2540 293 2323 962 2787 646 572 1230 1257 1786 1971 1115 1427 251 2546 1683 1389 1801 1334 581 2113 529 2644 1213 1346 2066 2054 2114 2242 2178 215 395 737 2277 803 1900 364 374 436 783 304 101 2504 2022 2149 2542 1300 2040 2759 789 545 1597 2656 1333 2784 145 1561 1353 1809 2329 1905 426 2381 86 1869 483 634 617 321 1357
1787 192 61 207 2025 2396 2669 2794 296 356 408 1282 209 838 245 139 225 49 654 2173 653 525 2280 383 1781 2091 1506 239 2164 2070 1274 2311 1141 1127 290 1555 1273 1780 418 113 1612 252 1918 1356 1022 1262 1124 2531 2279 2053 1168 1299 2693 1475 455 1481 1037 1011 1875 346 2467 2236 1216 1662 131 268 52 452 138 822 495 1140 2698 216 1024 2690 726 625 2611 1505 2505 2465 2137 758 1378 2232 2059 1843 2285 449 2765 1503 1924 679 806 2429 2821 484 389 999
1337 2570 2795 1910 2083 2335 2839 1764 1329 865 828 377 2671 640 2578 2513 2210 13 2520 1272 2602 1249 2828 2421 1668 1374 672 2808 1038 1754 964 1399 1949 2120 2640 2031 729 933 1952 2629 2428 2221 1070 1266 2038 358 1449 400 2798 1429 220 1041 2539 323 138 1612 2311 476 370 2571 2687 698 402 1521 2387 2047 1275 1598 1918 1022 467 1976 1312 571 1378 1789 1273 2279 2137 839 858 2261 2025 2611 504 281 1141 1042 661 2285 2396 2027 2366 131 1741 1240 669 452 1168 927
1113 1477 2494 2115 1616 909 1960 244 1591 1696 2503 2421 84 1922 1400 851 594 1232 2620 423 1687 1139 2348 214 1462 1866 327 2359 2150 882 1184 117 281 398 2179 2573 1602 1488 1738 2101 205 1458 509 40 2768 1502 1754 2457 1953 148 2677 1757 1255 1038 844 1949 953 1198 2203 2571 1471 275 420 1371 1973 1979 924 23 510 1397 1199 907 986 629 1205 2303 123 1605 2448 474 941 1661 1426 334 2567 2751 300 1084 1183 750 2128 2521 1766 1603 690 1171 2169 1515 1080 351
2023 2755 2045 1584 747 258 1320 770 1796 1407 2545 983 414 2239 2190 2622 1073 1142 1996 519 2034 1091 1231 1980 240 1557 1562 967 315 917 2757 1390 777 2073 2296 2745 695 760 2281 1065 536 1088 2785 1431 590 1732 1759 902 1176 2033 2288 1516 792 1728 2784 1769 2756 1593 2668 132 1804 1252 102 483 830 535 2547 32 2131 733 1450 1719 21 2015 1628 2098 961 2518 1731 1968 1950 2530 996 1673 2161 1476 920 88 541 1564 1105 76 2763 981 2024 1063 1548 1693 2843 2275
853 2072 1558 1137 614 1207 2409 1087 1166 1928 714 898 676 895 1590 93 2000 1801 485 783 1306 1951 1175 589 1346 2540 2323 1451 1798 1106 1394 727 658 1559 1230 2277 529 962 1361 1786 1683 646 2787 1334 581 2114 1443 1833 2016 2644 1075 1257 293 687 2149 889 1144 572 1390 2129 2242 1427 1971 251 1976 2667 2054 1938 1557 395 2325 2542 2686 2546 960 737 291 1561 747 601 1834 39 2074 1357 1406 2622 110 477 1267 1747 522 1597 1252 1589 2656 2288 277 2653 1320 725
1331 355 1614 1396 1105 243 1370 1554 908 813 2257 2696 1673 1742 337 1495 966 2458 1384 2660 487 1705 942 2600 1681 2085 2543 984 1676 2782 2259 360 921 710 2262 1017 852 54 1893 660 2282 1978 2064 1621 1002 1739 542 1290 1119 50 631 320 2170 1301 530 1604 2049 2664 2394 2336 1853 2369 2357 1642 1518 7 1946 2490 392 2392 301 451 1031 975 1000 3 1750 1695 2793 2452 2331 2147 871 2453 1142 2405 254 94 1741 186 599 2593 256 2204 2596 2519 2417 253 2243 2420
2502 2152 1371 1605 84 2141 1953 1139 1726 2841 2567 941 2263 2348 214 2572 5 1602 2623 1866 1525 1280 844 2678 1171 2457 22 2751 244 1515 509 2386 1214 2448 2109 1696 106 2115 1199 1616 1084 1198 785 2128 1927 117 744 96 1632 2060 1032 1659 2203 609 1205 894 419 2153 189 2030 2554 1364 2725 2303 327 1184 957 621 1738 2705 851 1064 2404 1251 2056 323 2182 1488 1365 2831 298 2791 45 171 2401 1113 236 2760 1661 2464 420 13 2608 2522 973 2374 1960 2179 2612 1397
1911 2691 629 796 2677 1267 281 2355 2362 2420 2593 2132 144 850 2318 2167 320 2512 1973 1682 1387 1170 1504 1200 1718 1479 265 852 2147 396 2359 543 1697 1436 2443 2627 1519 1077 2218 258 1762 2631 1152 1036 222 1380 2734 747 99 2363 2001 459 84 437 73 2074 2722 1233 1817 413 1219 2047 1371 1537 2165 1285 595 1305 164 224 370 1510 1006 2391 380 1320 2268 208 1750 285 156 1144 1570 1958 2469 136 150 2587 2460 1308 694 2126 399 836 1280 915 731 1501 1704 1717
340 2668 176 1562 2227 2786 332 979 2743 1033 1393 2384 1256 2108 2029 1890 554 21 1065 417 571 1686 2423 289 868 555 1888 1418 597 2451 429 199 886 681 78 292 62 878 432 302 1398 802 361 743 893 142 1492 427 2267 1053 1553 2078 866 1431 733 760 500 36 2380 2217 1430 2415 1521 1886 2568 901 981 2038 1399 2117 945 680 964 536 1793 1266 2333 1699 569 1599 1952 1628 1236 193 698 2647 853 1132 639 2387 1070 1920 437 1233 2578 792 2469 73 2221 988
1260 1456 1284 411 122 1188 1865 2823 2313 2268 468 1858 922 459 37 1308 807 1082 1610 20 1763 1697 167 2167 586 454 1227 38 1153 2194 1090 2118 275 669 2261 443 1084 476 1844 1015 980 1884 2791 1006 372 115 2030 1286 829 1761 298 2222 2425 2303 2573 285 448 2627 2060 759 1425 1995 1570 2643 419 661 2476 1032 189 181 894 620 1205 2554 2726 1702 2153 973 2162 1502 1927 1285 96 396 205 1593 1199 506 1882 565 1891 1637 685 2831 2179 1449 2335 6 1632 2239
202 1075 249 1012 1406 1810 627 67 2509 1001 2583 2350 2121 1944 899 1055 2728 725 2558 137 2294 116 165 1212 2207 2135 2825 2766 2143 2057 876 2708 2719 24 1606 2224 494 2435 2240 2329 1874 2805 2741 1259 902 2292 1130 1805 2033 10 1223 2637 2842 1390 447 917 2580 2622 86 1809 1611 146 1899 1126 2813 1056 960 1825 2149 1448 794 742 686 682 1088 1897 2021 2447 102 693 32 1169 279 1905 2736 2809 1935 2757 692 2804 775 2438 1959 1452 379 1557 1753 2319 1362 2586
585 1625 701 869 2067 1643 2361 196 353 1963 2081 2103 776 98 276 910 2256 1042 1402 2474 809 233 1819 1864 2027 2353 2261 2264 871 69 2462 1227 476 1153 2194 1761 381 661 669 2334 781 1633 1344 1600 1108 829 42 1260 685 1283 2101 1844 1245 2168 2823 115 2391 285 153 1 1882 971 2666 1880 2387 1797 1858 1768 506 2346 2048 2527 650 2001 644 2781 956 2012 1916 181 2749 1891 1708 290 1520 229 270 1188 2278 2634 2839 1741 2761 307 282 1723 820 807 372 2720
571 1065 2786 2227 176 979 2743 340 1033 2668 332 1562 1393 1256 2029 554 2384 1890 555 1686 868 1418 1888 2108 417 597 289 886 21 2423 681 2451 199 429 432 62 1398 878 361 893 78 292 802 302 142 1492 427 1553 743 2333 1053 2078 1431 2117 36 1132 1588 866 1430 536 1268 733 1699 121 988 193 1886 680 1793 1266 500 569 2090 901 2415 1952 2217 2568 2808 1499 1399 964 2640 1070 2539 2798 729 2629 1429 2120 2038 2221 2380 2031 2224 1449 2267 135 184 2472
663 2769 348 2538 2714 480 925 26 2454 179 1870 1369 518 550 2649 1489 860 1417 2130 1710 712 1701 2050 1788 2461 421 1045 2241 1276 1576 2125 2211 2418 1758 793 1034 1859 1665 493 57 1590 704 93 570 1983 1609 884 2011 1930 895 445 280 77 2840 404 170 2375 1197 689 1716 1724 1422 2289 499 2542 1169 1358 2662 1092 294 2004 516 1193 617 2493 95 934 735 659 1792 540 1743 1012 1552 1406 2016 2838 1594 2020 1195 433 1434 2155 291 2456 2324 2229 197 2827 1760
403 1159 1815 1009 2063 837 2484 2455 264 1622 2092 2412 2833 299 2139 2371 428 1122 2269 1982 2797 2844 1338 600 2486 2100 2811 667 1735 846 2255 317 2576 1549 1814 573 352 17 2776 642 1607 741 2403 1341 1619 1863 891 2094 1925 1078 262 160 1530 349 1571 2189 1660 2633 2338 888 2138 2431 1069 814 1698 1862 2635 2607 2758 1 90 1816 2223 1615 2731 226 2385 1366 385 867 2473 267 1539 2266 1520 1589 537 2399 1291 641 1409 1828 879 195 1238 223 2460 1480 1994 1509
1861 1792 57 2174 210 793 1234 1580 570 2456 1930 2418 2461 1575 294 421 1034 280 1724 2004 704 1276 2186 1664 2327 2330 2125 1859 77 746 2229 1392 1758 1375 756 1665 133 2590 493 2662 689 2374 797 1072 1947 228 1358 1457 2332 1776 801 656 1350 1887 1551 1196 2659 857 885 263 2356 2039 548 1043 1229 2672 2123 2838 1279 583 2694 1765 1191 1877 859 2739 1542 720 706 287 798 366 2189 976 2184 2321 2206 1348 185 2548 82 934 1292 1675 884 1576 1716 1030 2581 1081
2185 2517 2298 143 1129 2529 1684 1411 386 1440 2584 718 1694 795 372 2363 2468 697 557 2460 2524 1360 1630 879 1514 1619 1925 1215 969 796 352 1863 2801 958 1294 2727 1 1539 1520 1807 1982 1939 2616 1295 2844 667 1267 1445 2104 1242 342 30 787 741 273 2738 1446 2158 2385 203 551 2139 1278 991 888 2226 2271 2548 2481 2399 1291 1572 1373 234 2444 1238 1270 267 1811 1629 1059 2631 299 46 2771 810 2403 665 2473 2175 913 891 2797 1744 2619 987 1122 1112 638 1549
2763 773 1007 2102 1385 1992 1779 2145 1707 406 519 742 1645 1894 1138 1800 1731 1511 2516 1969 1526 1871 1442 2613 2110 257 1325 664 288 11 730 1516 1165 1527 2302 1670 2609 338 191 535 301 2377 1419 2843 392 811 1466 94 937 1424 610 1455 336 605 568 248 821 2680 253 1068 1040 648 883 112 2331 1634 1309 800 1850 435 2341 2830 881 1454 1498 870 717 365 410 2095 1581 1020 1573 1133 1079 1968 538 678 1379 2219 2560 2492 315 1311 2087 1966 1174 774 1936 855
2827 2441 1856 2111 95 310 596 1743 1093 88 1999 2547 2745 2202 2190 1476 132 1176 695 983 1749 1693 824 2785 1103 1914 2149 576 1593 777 407 949 1343 1996 2422 783 2737 2656 2242 940 1898 1091 198 2112 1004 1019 1631 63 1197 1116 617 1434 291 2016 1713 540 832 1561 39 1672 1683 60 683 1714 1333 2374 75 1334 1535 1804 2114 1298 2615 689 954 1685 462 1204 2497 2281 2022 737 34 2523 751 2125 1760 2542 1087 1513 1224 2733 182 184 1945 967 465 550 1733 2039
70 1125 1753 2772 2777 2077 2478 2561 1842 2510 18 431 2757 1035 1390 1557 1839 1252 1834 2 2663 601 951 2015 2818 1759 2161 2622 315 1165 2302 1075 2315 191 767 2323 277 2702 522 2149 426 202 1443 1951 1597 1558 2409 1235 1801 1175 121 1306 251 1798 369 103 297 1845 2054 86 485 1809 737 1928 2509 1357 1833 2653 2624 2016 2121 1012 2242 990 67 2143 215 364 1980 1938 1905 2686 1747 1413 853 2656 164 502 536 193 1207 2000 2024 1460 2471 1427 1001 1418 1431 2240
2023 2755 1584 2045 747 1407 2735 1796 463 1065 2668 1562 1656 1489 860 188 2545 1029 536 21 1256 2817 186 319 2622 987 817 289 966 1422 414 1617 2769 1431 51 550 1390 1993 770 85 1396 1686 2454 1892 2544 258 988 332 2034 2384 2419 1552 176 547 1132 1393 444 979 2660 591 715 100 355 606 992 556 2241 2564 1386 569 733 2239 340 1417 1031 1569 1890 259 1588 2220 674 659 2721 1557 1088 193 1073 2011 1782 633 1266 64 2451 1948 142 2076 1142 1307 2078 442
757 2022 1213 2066 2113 304 658 2178 1389 1728 1300 545 783 2546 2277 727 1231 2784 1533 1394 853 1175 1785 589 754 2072 2320 1333 485 614 1898 213 1087 293 2024 2533 2021 707 1228 1801 1019 1951 2756 1804 1137 761 63 1597 483 1149 29 2408 1306 135 2143 898 558 412 1115 1683 426 24 967 1469 695 1093 1447 561 1558 2149 1353 737 2242 1849 2827 1451 1161 634 1839 240 2354 2638 1207 1598 376 251 520 1883 949 132 1513 252 424 1168 1361 1299 2838 1904 1829 1631
1728 754 1231 757 2756 2320 2021 1149 1533 2533 414 29 2267 1236 293 2172 286 2673 2380 967 218 1774 2024 1804 1852 792 743 2224 1618 2423 1597 1746 162 2814 1598 1070 1956 964 426 36 961 2054 853 2343 316 2212 1327 2028 1431 2221 699 2031 2822 1516 2323 963 2143 696 1719 2226 1540 1435 135 671 532 2117 571 1555 1904 2144 1886 739 1670 2787 1546 625 2296 1266 24 649 1095 1952 1274 1399 2340 2038 858 1894 1557 2735 553 209 707 500 1977 483 634 2808 2428 2622
1349 1 234 1572 1520 913 2399 2727 2158 2215 307 46 342 551 2466 2834 892 2340 2339 223 1540 352 2635 1615 1618 511 349 2541 1095 961 1409 2548 1059 2253 2226 1025 2223 195 1539 1698 1571 2517 2338 969 2298 2385 1291 267 685 2844 1619 2100 1238 2372 1509 741 2801 573 1622 127 1373 1129 2524 1994 414 2185 2444 1807 879 1925 2255 888 846 2731 1524 600 17 1862 1684 687 642 2771 891 837 991 1081 2412 2403 2486 154 1295 667 1267 1360 1811 1652 2473 2710 1215 1264
454 20 1844 2162 2726 372 1286 1260 2222 167 1610 506 565 1456 1858 1284 669 807 285 122 1227 2194 476 2268 1153 2261 468 1744 1761 411 1015 1570 2313 448 1188 829 1884 1221 922 1084 459 1865 298 661 2118 1556 980 1637 163 37 6 275 38 1061 2627 685 388 2303 815 1308 1082 1987 2030 973 1661 2425 1285 2476 2791 396 1603 1199 650 115 1995 1891 1763 1425 1723 1697 1916 2831 690 425 2535 2060 2643 2666 475 2346 2706 2168 745 759 1363 42 1205 1537 189 2387
1083 1702 732 181 2643 620 759 582 1797 6 546 1221 285 807 1260 468 2111 2761 42 2807 2441 1856 1768 636 1108 2827 2261 96 894 2048 2194 419 2554 1318 1251 2278 596 2374 310 2153 661 462 1525 2202 644 1536 95 2522 2313 1283 2425 1364 1632 1761 1999 2004 2476 1032 476 2623 2720 1914 1064 2733 2688 88 387 762 2263 2060 189 1945 198 1280 1153 1858 2785 2442 1476 1865 949 2547 2744 777 493 2745 206 983 829 1188 1749 2603 343 1103 2422 2548 1204 1882 2831 2401
2578 377 828 640 13 2520 1272 1668 2602 672 2828 1374 933 2210 2671 1337 2629 2428 865 1249 1429 2539 2798 2047 323 370 729 1754 2031 56 1910 2083 1949 2120 1041 2038 1070 2570 2221 2032 1189 2335 1329 964 1399 2795 1764 2839 1038 2421 358 2513 2640 955 1521 1952 932 698 1049 1449 1275 1598 839 2808 1929 2718 1204 220 504 1266 979 2227 2387 2687 2186 1780 1240 2582 2786 2141 2783 1018 212 625 679 176 2398 653 2330 1562 43 2827 1187 340 782 1343 568 2406 554 2423
192 61 207 2025 1787 2669 2396 225 296 356 2794 1282 408 209 139 653 838 245 2173 49 654 1506 2280 525 383 1781 2070 2091 239 418 1555 1141 290 2164 1274 1127 52 2311 1481 1022 346 1780 1273 1612 2821 2467 2690 1918 1662 455 2429 113 1262 2059 2244 806 1465 534 780 726 2531 484 2693 1475 999 452 2053 1378 1011 1124 2236 295 758 495 1875 1037 53 131 782 1356 786 822 252 268 467 2142 2765 1024 2279 1018 1216 389 1168 2232 1299 1503 430 138 1924 2470
394 2093 1879 1906 607 2392 2357 631 2796 1518 1058 2140 1301 2049 530 2282 451 2596 1604 1290 1567 446 1981 1237 1017 1613 1909 921 2064 662 1119 1978 2660 1002 984 2543 2262 908 124 918 1742 1491 1705 1327 2530 345 2212 996 1621 2085 708 942 536 966 487 2692 337 1132 1331 2747 852 997 2822 193 1384 700 961 612 2600 1268 1588 2343 1904 988 1341 121 2090 2507 2781 391 2287 1047 1614 569 1618 1060 243 1681 2372 2648 1607 2458 1099 716 527 1554 793 1894 1516 2253
2840 1663 445 1328 1623 2707 1679 51 947 1444 2241 1045 1782 1993 1054 712 1381 1617 2836 1544 1640 2767 1658 169 2515 2011 2439 2837 1422 2050 1649 1369 1489 1218 735 155 305 1417 860 2130 1261 900 197 550 562 2454 1437 260 645 925 2769 2714 2826 1710 1552 2628 480 1486 26 348 2649 179 463 2650 1870 1840 563 1701 1569 64 439 1208 659 2713 1307 1123 100 440 674 559 1878 2289 1796 1860 2034 2133 2652 2631 2088 1788 2544 1948 906 715 2397 1416 556 2721 2076 134
285 372 454 1221 807 6 20 1260 2162 2726 1570 2222 582 546 1744 167 1884 298 468 980 1603 2643 1610 973 1858 1541 1084 820 2118 1015 759 2677 1844 1661 1285 669 2303 2313 448 750 334 275 1061 163 2030 1702 1537 425 1637 2791 1556 2268 1080 1286 1456 1284 122 476 388 2194 181 23 1205 690 1188 411 661 2627 1227 1882 829 2261 1153 2014 1425 375 506 1659 1280 1891 498 565 1723 1761 327 1697 620 5 650 1768 2387 38 1797 2124 117 1865 2168 922 459 1199
26 2769 348 1870 925 2454 480 2714 1369 2538 663 2649 1417 179 1489 860 712 1710 550 1701 2050 1788 2130 518 1045 1422 2241 735 1617 445 2840 2011 440 2289 1552 1328 197 2375 1029 659 556 463 1092 1840 1983 1644 168 1782 2397 1658 1934 433 1640 51 2544 1656 188 645 260 1663 2076 259 2650 305 1486 1381 1993 1172 2832 947 2735 1208 547 312 2836 1609 2148 817 2817 524 1146 769 900 1895 2652 2358 1405 2826 1307 943 1060 1623 2707 59 1437 2501 2082 2439 2004 793
1146 1752 4 1545 1624 1799 1202 1644 2367 2411 817 2069 2389 59 626 950 2790 2817 2832 1737 2528 312 1926 1656 1407 987 1934 2501 1102 556 2082 547 266 85 2270 2044 2477 2300 188 1319 613 283 611 1386 826 635 221 943 1983 2515 1405 2011 1092 2840 2767 2836 1316 1782 1328 1208 2631 2714 2424 550 2148 433 1552 2397 1840 440 2289 1190 2375 1663 1948 2574 1414 1029 2241 659 735 674 1422 947 259 2419 155 197 1965 463 2735 2652 1381 445 2133 1437 1636 2781 169 319
661 476 2194 669 2823 2261 2168 1108 829 2425 2476 1227 1283 229 1880 685 1560 1153 1761 1844 481 483 1804 1797 1260 2313 1286 2216 1719 565 967 1858 506 468 959 2831 240 42 2571 2296 2197 2705 2784 644 1865 2235 789 387 1300 2260 792 115 2387 2060 2760 300 2182 1251 91 2688 2608 396 2720 1032 236 2442 2401 171 183 2612 1364 894 1927 181 1883 1288 1318 621 2761 1703 1610 419 189 815 785 1536 2188 2554 732 96 2781 2278 1188 1015 636 1353 2627 1593 1013 1875
2840 1663 445 1328 1623 2707 1679 1444 947 2241 1054 1782 2767 1617 51 2515 1993 1045 2836 1381 712 1640 1658 1422 2011 169 1544 1489 2837 1649 1218 1417 2050 155 2439 1261 735 1369 197 305 2130 2714 860 900 463 2454 550 1710 562 260 1552 2769 2650 645 1486 2826 480 26 2628 1437 1208 179 348 925 1569 1870 563 1788 439 1701 64 2713 100 2544 1307 1840 2133 440 559 1948 1878 2631 659 674 2397 2289 1796 2649 2034 2652 1123 1416 1860 259 2721 1051 2352 134 715 2076
1946 730 1442 2516 1325 1526 338 1670 1511 1466 1969 2843 406 2299 1779 2788 2730 1455 2364 1385 568 2290 1379 1243 1165 1311 2145 544 593 1005 1068 336 2151 1079 749 2746 2549 1498 2302 191 253 1966 2102 112 1131 673 1992 1794 2377 1783 937 2341 434 855 1142 2394 709 1850 1527 2243 186 410 800 811 1007 2519 2219 2492 774 773 2251 1094 2763 248 392 678 1968 1424 535 2697 519 2087 1174 2006 2417 1913 2005 1138 1040 1581 1936 821 1020 2830 1731 257 1634 2560 365 2196
751 777 1996 1178 926 1091 230 2281 2422 1180 39 564 1818 1990 1357 2495 2700 465 1224 2523 34 1914 2129 1116 2288 2437 2785 47 1713 76 1714 683 1838 2202 2190 1672 1693 2180 2745 1476 88 1176 132 1346 1836 1538 832 983 676 1593 2656 1786 499 2114 2542 1971 581 2242 2733 2383 1517 1057 761 830 576 1690 1450 1561 462 1353 1228 393 1447 1449 1257 2360 2159 2317 617 1467 2630 2699 1678 2493 1028 824 2149 1743 2752 1535 357 2547 2802 603 1482 2621 1014 2684 1382 32
70 1753 1125 2772 2777 2077 2478 2561 2510 1842 18 431 2757 1035 1839 1390 1557 1252 2 2663 1834 601 1759 2622 2015 315 951 2818 2161 1165 2302 191 1075 522 2323 2315 767 1845 1951 2624 426 1175 202 1306 485 1801 297 2149 2143 1798 1427 251 1443 2702 1597 898 589 2409 103 121 277 634 1235 990 502 24 67 364 2054 2509 2644 1334 2540 1012 126 737 2329 86 2471 658 2024 2242 1406 853 1810 1928 2121 1001 1323 714 215 1166 988 1809 725 193 102 727 1207 1558
1721 2809 1876 1473 12 2057 494 1075 1390 1406 1874 1012 173 2291 202 574 682 2708 249 2622 2507 997 2719 1904 627 1759 1810 974 1944 1253 2757 146 444 67 2683 2509 2438 368 1555 1055 1165 2583 1906 904 2435 1613 1627 2728 1899 1557 1223 1725 2735 1001 2143 489 2350 657 2028 1236 1185 662 2676 2089 1252 2580 2010 2478 2220 622 1597 315 553 1879 121 2287 725 394 426 2084 2741 607 2302 647 1753 2526 1777 965 2772 1931 1151 24 2657 1029 193 532 2077 2552 2704 2500
2755 2023 2045 1584 747 258 1320 770 2545 1796 1407 2622 1562 1557 414 2034 2668 1390 315 2239 983 21 2757 1759 917 1065 519 760 1628 733 1980 2296 1431 2190 536 1073 1142 2131 902 2098 164 1256 981 2033 289 417 1731 2272 590 199 1088 62 792 866 1548 1890 1398 597 1252 500 156 1707 1023 1593 2015 554 2073 1732 302 1851 893 1770 2108 1564 176 694 1928 961 945 32 681 361 595 2451 70 2818 1499 2384 2163 240 1366 2281 830 2784 1442 410 1968 434 2775 1783
2394 1946 416 105 1778 2331 883 2843 301 1419 937 908 257 1527 2417 392 11 2196 355 1142 2697 535 1894 256 1495 1105 94 320 2095 1002 490 2243 1006 144 2718 2453 1138 1676 749 2377 1731 855 2452 2087 1040 593 673 1247 2763 243 2260 984 774 2519 1621 773 1966 253 605 519 1936 2560 1595 2251 2204 406 1068 1498 678 2005 1800 1516 1634 1645 1396 2336 434 1871 1174 318 630 2487 852 1546 2299 2102 2830 1850 2492 1670 874 1968 1005 1424 1309 462 2788 448 599 1331
1306 485 1951 1175 589 1798 658 727 2000 962 1361 2323 1451 1230 1394 572 1559 1106 293 2644 2787 646 1683 529 395 614 1801 1334 1137 2054 853 2277 2072 714 898 1207 1166 1558 2409 1928 251 1786 1257 1087 2540 2114 2546 1427 1115 581 1971 93 803 895 1590 545 1389 737 676 2381 374 2113 364 101 2066 215 1900 2040 989 1213 2759 436 2242 2149 2504 2178 2656 341 2579 1300 1357 789 1561 39 1883 304 2288 76 1693 783 240 2784 1898 2238 766 2016 1557 483 1353 2542
1495 2458 966 2543 2600 1705 1384 2085 942 487 1681 1331 1614 908 337 355 984 1676 2660 1742 1673 243 1396 1105 1554 1370 813 2257 2262 2696 852 1002 1978 1119 320 921 1621 1017 1739 360 54 2782 710 2259 2420 2064 2392 1000 2664 1893 542 1695 1853 2357 186 1718 660 2318 1479 50 2369 1682 1031 1290 392 2170 2490 2596 1642 1946 3 2282 1200 1387 256 21 1005 747 568 254 2331 1565 99 94 631 301 2299 2519 2243 2746 1518 1033 749 1142 519 1779 1301 1966 791 1287
2298 2185 1129 2517 143 2529 1440 386 1684 1411 2584 718 1694 795 372 697 2363 1360 1630 2468 2271 1514 787 1445 2460 557 958 2524 810 1294 1215 30 2616 638 71 879 1619 1446 1925 796 2801 2619 1863 1267 1295 2481 1807 2727 1278 1112 2104 342 1744 273 665 1982 2246 2726 2595 203 741 551 667 1939 2385 2162 2139 1335 1661 1258 1059 1270 1520 1947 969 888 1180 2222 2001 987 147 1539 669 2631 2391 20 711 1373 991 2844 1629 1 5 1242 556 2228 1811 2371 352 448
909 956 2749 1882 43 1487 971 2448 154 2188 924 1596 2740 2725 1471 1802 2688 785 953 2498 2442 2464 387 644 1726 609 2720 1880 2562 687 2109 1766 1889 509 1153 84 466 2751 1761 669 829 957 941 1400 2457 1953 1524 2678 2230 583 1279 2573 1602 2404 991 214 5 115 820 2841 1227 1477 2425 2572 2348 229 2476 1043 1515 476 1108 1139 2548 1215 2266 1797 2470 1947 210 2823 844 2567 2444 2710 1922 1375 1629 2197 2456 335 2327 498 391 1768 976 2387 1589 226 796 1687
1603 820 1541 750 334 285 1221 6 2387 546 582 807 2643 372 759 1570 1462 650 1702 2666 1882 1916 1723 1891 2346 475 2677 468 620 2810 181 980 2171 2043 1884 1260 2816 2841 281 973 298 732 922 629 1285 1768 2118 2194 2261 1537 84 2494 1083 2359 37 275 2571 1113 1188 411 1858 2761 1084 1610 1761 1015 423 1227 594 2161 2313 1918 1400 1797 1591 1080 1308 2557 676 845 1153 2119 924 1687 614 1763 98 1471 39 2493 1767 1922 1697 448 413 835 115 476 2303 5
1721 2809 1876 1473 12 1759 271 2728 2622 1055 1931 1390 2757 1406 1012 202 18 2220 1944 2057 494 1753 1677 2526 1075 2708 1842 1472 121 1125 1771 1834 1942 1874 1892 526 574 994 249 608 2478 146 2207 70 2719 725 682 1185 2077 1895 447 1056 898 2625 193 864 974 988 2291 315 2409 601 1018 2735 140 431 2315 2022 1252 2683 1207 1408 1868 2764 1917 1452 1289 1899 2438 2777 284 59 1223 769 2089 2149 1333 968 2051 2561 200 951 1799 433 2772 1998 782 2825 1413 297
1349 234 1 1572 913 2399 1520 2158 2215 2727 307 46 342 2466 551 2339 1618 1540 892 2340 352 223 1615 2834 2635 2253 1095 1409 195 349 2223 511 1698 1059 1994 961 1025 2338 2372 1571 2541 1539 1524 969 573 2100 1622 2226 642 17 1101 1514 600 90 2801 2486 1291 846 685 267 2255 1238 2403 958 2548 2444 741 891 1509 2246 2844 1338 1215 1129 1811 2524 1270 2473 127 2517 1630 697 1360 1112 154 2731 1295 203 273 2385 687 2298 837 1807 2104 1060 2619 1629 1964 71
2551 2018 2146 1289 2284 719 2008 764 247 1403 153 1351 615 2824 1157 1534 35 914 1915 1577 190 1493 2603 2582 1121 1359 1204 2585 343 2209 723 1751 812 206 862 539 1997 303 1633 1772 2485 450 2487 549 871 2019 2336 212 988 1347 2165 1970 604 975 1132 7 1467 873 121 2793 2434 536 1136 825 193 1128 1588 869 58 736 1247 517 1745 874 1507 495 2550 1339 1431 107 151 2204 680 532 1177 1246 2006 765 2340 993 32 2604 1762 2360 902 1985 2752 569 1690 2414
2677 285 1603 820 1541 1221 750 334 1232 6 1570 372 281 851 629 2571 475 650 2387 40 2841 1916 546 2666 2726 1882 2346 807 1537 1462 2620 1768 953 84 1723 582 1113 2494 2421 1922 1891 1960 690 1184 448 1471 2502 298 865 1911 2162 1744 13 117 973 2691 922 2149 1884 759 980 2768 2643 2132 37 1487 459 796 327 2542 2362 1272 2210 2043 1661 594 1817 2171 1697 1605 1687 640 2359 420 2000 156 136 2671 2303 275 411 1397 2761 5 614 323 2391 2810 669 882
645 1029 2011 2735 1649 445 2767 197 2840 1054 463 2836 1679 947 1444 1328 1840 1663 2707 440 1782 2375 1623 2628 2289 1658 2837 2241 1253 1381 51 1552 1544 735 169 1045 2439 1617 433 319 2650 155 1261 1218 134 1993 1422 2046 550 2076 1640 965 2088 769 2287 659 2352 1051 2631 2815 1307 674 1208 194 712 1636 305 2272 2050 1860 2419 2130 906 259 2556 563 1983 1948 1965 1895 201 1486 992 1586 1416 2515 260 1316 1752 2482 497 1496 2826 2652 613 2713 547 2084 1092 2001
2152 2502 2141 1371 84 1726 1605 941 2678 2263 2567 2572 5 1953 844 2386 1139 1525 244 2841 2457 2448 1515 2751 785 2348 2623 1171 1280 22 214 1866 1214 2115 1198 106 1616 2056 1199 1602 509 1696 45 1458 2182 2109 621 1064 117 1364 2522 2128 236 1596 2503 171 2608 2562 2203 2760 183 1251 2425 1659 2048 2725 43 2761 2498 398 1768 2688 732 2612 2705 971 2401 1205 387 1927 1184 1084 1797 270 2720 2303 644 181 1113 2831 1632 2442 1083 1560 620 744 1032 609 327 2197
1948 1416 1096 2272 194 2556 1051 2352 1496 1316 2815 1218 1965 1261 1636 1860 2713 2628 201 1453 1586 2309 1901 2433 2545 1490 1840 64 747 2034 1658 1796 2721 1381 1569 48 2836 1782 2241 100 715 155 2767 1640 2376 2046 2213 439 563 305 497 2439 1649 659 1544 562 950 51 992 2826 674 1054 2289 1552 1663 1148 2707 260 645 1328 1617 319 1123 1584 900 1679 2650 1486 2011 769 169 2652 168 231 1623 197 1422 1878 1307 2732 1045 1897 2840 440 1437 1710 2088 1993 947 433
1146 1752 1545 4 59 2389 2367 1799 950 1202 626 2069 2082 547 2270 1737 1319 1624 2692 817 2289 2840 2148 2477 1926 169 1386 2735 611 433 266 440 2837 1552 271 1840 2767 735 259 1255 613 947 155 1782 2817 2375 134 2515 2439 2553 2556 556 932 1656 2272 2832 283 1663 2011 1407 987 674 2836 81 2340 1381 312 1328 197 2790 904 1428 1414 1771 173 645 2241 2650 659 188 1964 2424 400 1677 1617 1496 2606 2013 1649 1316 1408 1644 1029 1045 1775 1555 770 1190 1092 1892
1944 2294 1055 1056 2728 725 2207 2558 2766 165 1825 1940 447 1986 204 2825 1130 137 2135 2741 899 2435 494 1212 2057 116 1874 146 1606 2842 2580 2291 1899 1841 1223 647 2683 2639 574 1452 2736 2708 2506 2569 362 2292 1126 1592 2813 2438 2258 692 657 682 1937 1463 491 1547 1935 2041 2319 2382 2511 2248 804 1185 442 2719 1876 677 790 140 686 1868 1134 1962 1464 2286 1076 329 948 1777 97 2393 246 1067 2220 2526 2305 79 305 1453 1639 444 1601 2068 2436 722 1569 2089
254 3 1642 2490 2170 1958 2405 1985 765 66 2336 14 1574 929 282 1136 652 779 1246 2157 2434 825 2536 1745 873 2426 522 422 2667 2165 1762 1152 2209 1036 318 2147 1519 1670 1347 490 1595 549 1577 792 1247 2734 1170 2593 874 2247 1708 632 1406 1157 404 156 2204 1758 2101 1850 1633 739 604 1245 1869 772 1704 212 2231 58 2296 749 256 2485 1915 1344 29 1379 2775 1974 1799 921 800 2443 855 972 1499 539 663 733 1917 2299 615 1804 1346 1384 908 2149 2260 533
1255 123 986 882 1757 2150 1704 2391 1477 2557 1958 422 1236 2490 2228 2267 613 2815 747 2380 1041 2272 909 796 2631 1267 429 1762 1532 932 155 1956 2001 826 1339 142 2318 1492 1911 2775 1157 437 2477 533 1519 853 1840 1917 1233 2165 1636 2074 320 289 743 1670 372 1915 500 1479 659 399 2814 1541 2072 2352 174 2735 681 1965 1737 1784 2767 319 21 868 194 1049 432 2783 1642 2553 532 2363 770 633 2149 1860 2170 1152 1170 1708 1851 1144 440 2734 1888 173 1415 2177
1146 1752 4 1545 1624 1202 1799 2367 2069 2389 817 59 2411 626 1737 1644 2832 2790 950 1926 2817 312 1102 1407 2270 2082 1656 556 987 1934 613 2501 826 266 2300 221 2528 943 85 2477 635 283 547 188 1405 1319 611 2044 1386 2631 2767 2515 1316 2840 2714 1422 1092 2011 1965 1983 1636 2148 2397 1328 1552 735 1414 2424 550 2312 659 2241 947 2133 2289 1190 1948 259 2272 2707 433 155 1496 1782 1208 440 2836 1663 1840 197 1437 900 1468 169 480 2538 445 1381 2544 463
1083 732 1702 181 620 2643 582 759 1797 6 2263 2761 2048 1371 2572 1768 546 1525 2502 2678 2623 1221 1198 941 1726 807 2152 844 117 419 285 1659 2386 2374 636 1280 894 2841 84 1632 1515 2448 2203 1882 2554 2153 1251 2720 1184 1364 1205 106 644 2807 327 96 973 2303 298 1570 42 2688 949 1032 2278 148 1605 387 189 2442 2791 2060 40 1536 661 1084 1283 2831 1318 1108 468 2141 2056 474 2030 198 2498 2562 2182 1488 971 1927 448 2497 2401 270 851 2705 2760 1064
2840 445 2515 2011 197 1663 1710 2241 463 1328 712 1417 1489 1045 860 2707 1623 1617 1679 1381 1369 2767 1552 1701 2375 1658 550 1782 1788 900 659 2836 2454 1437 26 1422 1870 2050 1486 2714 2397 1993 51 925 947 1218 1208 1444 169 1656 1092 1054 2289 348 2817 735 1983 559 1934 556 1544 188 2832 1644 2439 943 2826 260 645 2130 1405 2419 1640 2574 817 2528 2652 1416 674 2544 2837 2649 433 2790 480 2628 1948 179 1307 305 312 1649 987 221 1261 1407 1624 2133 155 635
2679 2122 177 1903 1163 2829 1085 816 453 1628 2163 401 461 141 1023 2055 477 760 612 99 2452 2098 1047 2747 1872 981 73 1155 1808 2274 1510 595 1688 823 1145 1100 2587 399 1404 2074 1976 164 380 174 156 208 2218 1599 2655 2775 2469 1089 1717 1415 460 437 2722 731 72 2126 694 1233 2577 172 1504 2009 222 1784 1241 2636 2355 850 1160 1305 2362 1436 2512 1267 897 755 2000 2446 2420 2750 2161 666 599 144 935 2147 2502 1682 2593 2149 1106 1790 1219 614 1175 1559
757 754 1728 1231 1533 2756 2320 2021 1149 2533 29 286 2172 2673 218 2024 1804 293 967 24 2143 426 1597 2430 634 1719 135 558 2295 1689 119 1898 80 240 483 1296 213 2277 1383 707 2413 1984 1829 1312 2408 789 2784 1801 2323 2235 1265 1478 1168 2638 1299 2472 91 1849 2054 1093 252 2540 1427 251 304 853 2260 414 646 529 395 2354 2504 1505 2178 695 792 444 1394 1598 766 1088 1300 1951 2799 1683 1091 2759 1469 1448 983 658 739 2644 184 2546 1555 316 2787 1389
1624 1644 2411 2528 1656 1934 817 2817 2044 2790 2501 1926 1102 85 1407 312 2832 2300 987 188 556 943 635 221 1405 1319 547 2082 1386 611 2270 659 2213 2011 1552 1146 562 1381 1796 1545 1658 2034 51 1782 305 64 1993 1640 2241 155 463 2545 1328 445 1617 197 2836 1208 550 1045 1029 2419 1948 674 100 1752 1416 1983 1218 559 2012 645 1569 1307 2088 2707 2439 2721 48 712 1489 319 497 1663 1878 1417 1623 992 1544 1422 2840 715 860 1096 1486 4 900 1710 439 2076
1475 2236 2687 1730 1275 484 2059 1929 295 467 806 2806 999 1967 534 726 1655 1789 1124 1831 504 927 2773 1240 2301 1755 2429 2053 268 1647 1037 331 1022 655 1635 1378 390 1297 1273 2061 1972 1692 2062 2402 1715 314 1050 721 2715 326 159 1118 2407 1011 782 1018 455 1756 430 1662 1187 53 1097 464 1706 2406 805 1293 363 1303 478 1143 108 31 2505 2465 580 1648 2244 1822 1317 1875 131 2765 239 402 1274 753 628 780 2398 1026 2794 1438 471 2285 1921 653 1140 1008
18 1252 1842 1834 951 2818 2015 601 2 2663 2077 2478 2777 1125 1753 2772 70 2561 2510 2757 431 1390 1035 1557 2161 2315 1759 2622 315 1839 1443 1075 2702 1165 1747 767 2302 1938 277 1833 889 2686 1418 202 1460 1114 522 2323 369 1767 2667 1980 2409 1928 211 2149 1357 1801 1989 931 2653 1166 1845 191 2240 2016 702 39 126 2532 886 1905 76 2624 1012 250 578 2329 2685 1830 1406 1533 1869 1809 1334 853 29 426 2143 121 684 2320 269 1427 2509 1548 414 378 1065 2656
2023 2755 1584 2045 747 1796 1407 1073 1980 2545 2319 2622 2239 414 1390 442 770 1892 1656 258 1562 1126 1962 547 2220 2668 1088 1557 987 2506 992 2041 2817 2735 1065 1771 85 186 1252 2495 444 633 463 536 2292 692 1998 1677 2275 817 188 790 1130 1320 2625 1450 315 2288 21 1834 1433 2089 569 2736 2685 1362 326 966 2270 1256 556 951 2518 1132 2526 1753 2015 64 39 1125 2037 1931 2046 1920 830 164 2315 860 2073 2653 591 590 1693 1516 2631 97 531 372 1386 2296
1721 2809 1876 1473 12 974 2507 1452 2598 1185 140 1904 686 1076 1868 2286 1886 1777 1067 997 121 2308 988 79 193 494 696 2580 1390 1555 2436 2161 2708 1165 536 2622 444 67 1944 627 1746 569 1132 1055 1223 682 2143 948 191 1771 1639 2657 368 1937 1275 1708 2315 1252 1464 1892 2704 1588 2028 2698 657 2248 2583 2552 53 707 1998 2090 2089 290 484 2294 532 2078 1075 2719 633 2144 2813 380 2382 1725 2500 671 2024 491 804 2506 29 1236 634 2285 24 2814 1430 482
1453 2713 1490 1860 2433 2376 1901 2309 201 2034 2556 2545 2272 1569 2721 2815 715 100 1316 1636 1496 1796 64 48 562 1948 439 1965 305 1051 1416 2213 1096 155 563 194 2352 1640 1218 2826 1148 260 2650 1586 168 2088 2289 1878 1123 784 1840 2628 659 2241 51 231 1381 747 486 1993 1261 1658 674 497 2046 992 2337 663 1782 900 645 1307 2007 2707 1623 950 2036 1617 2631 319 1544 1710 1552 2076 2767 978 2538 2836 1601 259 712 2439 2769 1486 2358 2652 1584 1663 559 433
1083 732 1702 181 620 2263 582 1659 2643 1198 1205 117 327 1184 2303 2203 2678 1797 759 6 1371 1525 2572 2030 2791 973 2761 2222 2623 298 1084 1280 1979 2502 2115 546 1502 2048 1768 941 1687 1221 275 2179 1570 2152 1726 1591 1488 510 1400 498 448 1738 466 2494 1113 851 844 2841 425 84 148 1960 807 423 106 636 2448 2359 375 285 1882 1515 167 894 419 2153 980 2521 1326 2554 2677 1032 1661 1632 2573 2831 1285 1884 2571 2688 2768 1603 1537 1015 1364 2726 420 1616
2792 118 567 998 1791 1583 2065 1531 1854 748 1470 808 887 1354 952 1769 919 2778 1063 9 2711 1667 517 382 2328 1579 819 1585 778 2252 1179 930 2491 982 1578 1970 2575 1977 841 639 1651 227 2682 916 2723 1657 945 1851 114 2729 763 2042 928 2647 1770 2379 1920 2225 2097 923 975 2304 875 2793 2349 2310 1528 513 1209 2416 7 25 121 151 2459 311 492 1210 579 2361 2658 566 2165 569 193 515 1154 536 1271 2488 1368 1367 816 380 988 1344 528 2618 2090 2026
2024 2143 24 426 1597 2430 634 1689 2021 2320 1804 2756 2533 1149 967 1533 29 286 2673 2172 1728 1231 754 757 218 213 2638 707 1719 2408 293 2235 2260 1478 739 91 1265 2354 1849 119 558 135 2295 792 1383 1296 2296 1448 2615 80 2413 424 1867 184 1722 2390 1529 520 19 499 2472 232 1269 1945 1984 1847 1228 1513 1161 2022 2054 2566 2113 2277 1785 983 1213 536 1773 2787 2066 2178 1252 304 1839 1733 2077 853 1312 121 2478 2561 2274 695 2224 240 1333 1125 193 1688
239 1961 1127 2794 2164 653 1274 2091 1647 1781 654 1972 721 2402 2311 525 2061 296 356 1282 200 1787 408 113 1011 1921 209 1143 1780 1240 2396 1356 2316 2062 245 1097 1293 618 49 449 159 1822 1875 2531 326 290 252 1248 625 1118 1472 1756 679 33 1317 1018 1273 61 2025 838 131 782 580 1598 139 799 1692 383 1917 1435 207 1395 643 1941 2017 2693 2236 2070 1262 2698 2173 2812 2611 268 495 1303 2669 1500 1655 1918 1974 192 1187 2232 216 2632 1843 1929 1568 1612
2725 609 957 2464 1766 2404 1889 509 844 2457 1515 744 5 2448 1139 244 214 2348 1605 1953 1602 1866 2751 1199 1171 22 2502 2152 2567 2168 2115 1696 1214 2109 106 2128 2425 1616 1927 1632 2572 1326 2841 1364 1108 1661 2014 1797 1768 2476 2124 2760 1880 785 2182 2678 375 941 425 43 1032 1283 2048 1858 1061 466 621 2060 1251 270 189 448 498 1596 669 171 690 2761 2831 2153 971 807 661 96 829 42 894 2705 1761 388 2203 84 1659 1637 1802 1015 644 181 2141 236
1115 2546 1389 545 2113 2178 2066 1213 304 1883 1300 1394 1353 483 789 2504 2759 251 240 101 1106 374 727 572 364 2579 436 1427 2238 2381 215 1900 395 1951 2784 766 1175 1306 658 485 2040 328 589 803 2644 2540 737 2277 2000 989 1451 1230 1361 581 1798 341 529 2022 962 1683 1559 1898 646 2787 2323 1801 1257 293 2114 407 1785 614 2054 1137 2242 1093 1971 1786 2072 1228 2409 1333 714 1207 853 898 1166 2161 1334 2149 1558 2656 1357 1087 783 1928 2561 1231 754 1693
1083 732 1702 181 620 1797 2643 2263 2572 419 1525 894 2554 582 1371 2153 759 1632 96 2623 2374 2678 6 1280 2048 644 2720 2386 1251 1364 2761 2441 2442 1726 387 2827 844 2522 1768 1032 2448 762 1856 1064 2111 310 2056 2060 2562 189 1198 636 45 2502 941 106 2401 1515 1336 2688 2498 1927 84 95 621 661 2831 596 2188 2807 1880 42 2116 1013 2182 481 546 2168 2203 2261 1318 2841 183 2004 971 2278 133 2141 689 1659 1108 2760 1536 1205 1315 949 236 171 1283 1365
2269 2092 2139 299 2833 2371 428 2576 2844 1982 2797 1549 1122 264 2455 2776 2412 2484 837 1009 2063 1815 1814 667 1622 1735 1159 741 262 1925 1619 1863 2385 888 2403 2486 2731 600 2100 891 1338 403 1509 641 2473 642 2811 846 317 1589 267 17 573 2223 1238 1291 1698 879 1571 2460 2189 2338 2255 349 2771 1373 195 352 160 226 557 1409 1078 2253 2094 90 1530 2635 1994 1095 1295 1 1421 991 2158 1618 1520 1862 2372 1807 1607 1349 2175 2431 472 2215 687 1572 1242 234
196 353 776 98 2474 701 1643 1819 1625 1864 910 781 869 2462 585 1402 2334 1344 2361 2081 1042 276 2103 381 1963 2067 809 69 2264 233 2353 2256 2027 1600 2001 2391 871 2101 1633 640 2363 1245 865 2460 224 2210 285 2012 84 1170 2677 425 1667 1751 413 862 941 820 1565 2734 370 1480 1541 128 1537 1585 13 2278 2132 2520 2582 2803 557 2431 975 574 2362 1697 1973 1173 2028 1696 669 1708 40 1515 2671 915 2261 281 2783 1768 1080 343 2165 1704 796 841 1223 906
2185 2298 1129 1411 2584 2529 1440 386 143 1684 2517 1694 718 1630 1360 697 2616 1445 795 787 2271 30 958 810 1294 372 638 1514 2363 1446 665 1112 71 2619 2481 2524 2246 1215 557 1278 1258 2460 2468 1939 1270 1619 1925 741 2801 1267 2727 2139 796 879 2844 1947 2385 969 1549 2631 1520 2158 1863 1982 267 2833 1814 46 299 1196 1122 837 667 2484 991 888 1807 273 264 2092 1776 1295 1095 1291 2444 2371 203 1238 1 1350 414 263 1009 2269 5 2731 2412 547 2184 2189
290 131 806 1011 653 1875 534 268 225 2531 2091 1843 2059 53 495 484 2429 1941 1024 2693 1127 452 2285 2565 467 1662 412 418 1780 1273 1503 2794 1021 1475 618 2687 61 1274 1022 561 207 33 2025 2765 1961 2017 1506 239 200 780 1612 1787 1918 2669 296 726 2244 2396 356 721 799 1917 2402 1647 999 2698 192 2236 1378 1972 1124 1472 1730 1282 252 455 1481 2316 2773 1303 408 858 533 1465 786 771 1275 782 209 1500 1018 138 2061 402 2505 2465 1655 1262 383 241
1132 536 1588 569 121 193 988 2090 2333 680 1268 1431 2117 36 733 500 1793 866 1499 1430 1886 571 1065 1393 2078 2786 1686 1418 2227 1553 332 979 2668 597 2743 878 1562 1033 802 2108 429 1492 2384 1699 340 1053 199 142 176 21 886 561 2451 432 2029 417 901 554 1890 2415 1906 1975 555 412 1303 2217 1256 2233 250 1970 462 2684 2568 681 2239 1774 2055 402 1398 1467 62 453 517 427 1720 612 289 684 2163 2604 1879 2482 1888 2802 32 2733 1507 1266 1449 2343
6 1221 285 582 546 2643 759 807 1603 1702 1541 820 1570 181 620 372 750 334 468 732 973 1884 980 1083 298 1260 1285 2118 1891 1723 1015 1610 2677 1882 475 1916 650 2346 1537 2666 1797 2816 2810 2043 2171 2303 448 1858 922 2313 1768 1084 275 1188 2387 2268 37 1205 1456 1184 411 690 327 1697 1284 1462 117 2179 2359 1308 1659 2726 1488 1080 2841 1082 2791 2030 122 2203 510 423 1763 281 1502 459 2706 1198 2222 1738 375 2761 1380 20 425 1865 594 2521 1397 454
1288 1703 2216 1363 924 333 1217 1471 1487 309 959 2502 2230 335 1605 953 2079 398 2591 2841 1458 2573 856 2152 2567 861 1953 1907 1013 2160 2401 2348 2197 1336 565 214 1315 785 621 1866 2386 762 1139 300 171 2751 1171 22 2705 650 1602 1214 2425 2831 106 1364 2612 2816 37 1891 2353 1488 1616 117 2141 2571 1927 474 2678 1251 2263 2182 2666 189 1560 2823 2179 2203 45 1671 941 1916 8 2056 475 2535 1199 1198 2060 1371 1184 1474 2608 2688 2503 1738 443 882 1090 1032
2840 2515 445 1710 1701 1417 1489 860 1788 197 2011 1623 2767 2241 1617 433 2707 900 1328 1663 1658 1656 1045 1437 1782 2375 1381 1679 1552 659 2289 463 817 2817 1092 712 550 1208 1983 188 2714 559 1218 987 2836 674 169 1486 2397 556 947 1948 2419 1926 489 2050 155 2628 2790 1444 51 1624 2424 1644 2528 611 1319 2082 2652 1640 1386 348 2832 2367 2826 1993 1878 2439 2837 1369 2454 59 2544 735 1095 305 1870 1054 2270 547 1569 259 26 943 2411 1752 970 2084 497 1307
894 419 2554 1083 2153 96 1632 1032 2060 1927 189 732 181 1797 106 620 1702 744 2643 1251 1108 1364 1283 759 2401 2831 644 2425 42 2705 2313 481 468 1336 2612 1199 2168 1315 2442 661 621 1013 2079 2720 387 45 1625 2278 2374 2807 2688 2188 2761 636 2841 869 1525 2261 2760 971 2522 2567 2498 476 1064 2048 1560 2502 762 2571 1318 1371 669 2182 2623 1171 2263 2476 236 785 2608 171 22 2030 2141 506 1761 609 1188 2194 1768 183 941 1865 829 448 596 37 1365 2179
2542 617 1561 1334 2656 2242 2016 2149 751 783 291 1693 1019 2114 954 182 1197 1685 63 676 465 2409 1166 1333 832 1786 1357 1558 581 1207 149 714 898 1928 39 1087 1434 614 2072 1760 1257 1590 499 1298 2112 1346 1712 93 1004 895 1683 1971 1137 1343 310 2022 215 940 540 737 1451 1180 803 2288 1559 2737 1106 2000 374 853 2281 576 2323 1535 1161 926 436 2495 1513 2040 1801 1798 1900 364 1361 1091 2129 1631 564 1818 1847 75 2787 1773 76 1869 2540 989 2579 949
2510 431 70 1125 1753 2772 2777 2561 2077 2478 1839 1842 18 1035 2757 1557 1390 1252 1834 2 1759 951 2663 2622 2015 2818 601 315 2161 277 1075 767 2315 1165 202 191 2323 1845 1443 1413 2149 2302 2702 1955 2016 1938 103 684 1747 578 1418 39 121 250 369 1323 2624 1391 2471 1235 297 536 2276 1895 990 1833 1460 1975 688 1980 1186 2601 1114 2686 2242 126 569 737 1012 1976 1974 1334 1427 193 502 1548 931 988 1767 2314 2509 2143 2656 426 1117 1340 1065 1406 1314 1801
1453 2713 1490 1860 2433 2376 1901 2309 201 2034 2545 2556 1796 1569 2721 64 100 715 2272 48 2815 1636 562 1316 439 1496 305 1948 2213 1965 155 1416 1051 1640 1096 2826 260 563 1878 1148 2352 2088 194 1123 1218 1586 168 2650 659 1840 2628 2241 2289 51 1993 1381 784 497 1658 992 231 747 900 2046 1617 1782 486 1986 1623 1544 2439 1261 1584 674 645 1710 2707 663 2337 1601 2036 1422 1897 2767 2836 2631 712 319 2258 1223 2419 978 947 694 2004 1437 204 1362 1940 1679
1416 1096 1948 2272 1316 2556 2815 1496 1860 747 2721 1051 64 2545 1796 2352 439 1569 2034 100 1965 1584 659 305 2241 1636 562 2023 1993 497 1362 48 2713 1897 715 1381 2755 1586 712 414 2270 1658 1623 1617 1606 1782 1422 1218 2650 2082 51 1552 547 1153 2631 2707 2769 188 201 1328 2135 2309 899 79 155 1548 1926 348 987 2454 2741 1640 1411 1490 2708 116 2305 442 2433 563 784 2239 674 350 1645 947 1126 1684 2767 1212 372 1261 1067 1679 2628 2298 2511 97 1045 1800
2479 849 1532 2819 2557 2552 28 458 152 238 313 2119 1896 2500 505 587 523 1563 2283 972 1827 1335 2674 734 2716 1376 2181 1704 1741 175 2228 847 1339 2099 2370 2689 705 2250 2191 81 2527 2365 354 2534 330 2177 1708 92 2681 696 2814 671 503 711 532 772 1680 633 1956 2742 2322 2028 2193 2592 2052 261 602 1111 968 1917 68 1010 1117 1473 1332 1789 120 2062 653 1503 1143 1746 1787 927 12 1655 2470 131 331 1555 290 268 974 225 740 1831 2237 159 1961 2391
2252 2097 2682 1651 1179 1578 1977 1583 2491 1063 1920 945 916 841 2647 2328 639 1579 1770 2042 1528 2310 227 1769 748 9 114 1531 982 118 1851 2723 1791 2379 887 952 1211 567 1354 919 2065 2778 930 1470 2225 998 763 1585 808 1657 517 1667 1367 1368 2792 2575 928 819 2349 512 2026 2729 566 492 1239 2660 2711 2488 1154 1906 2357 2459 1566 515 579 1970 1396 2028 513 1209 997 975 2507 25 2165 1031 311 2103 1854 2603 382 2416 1904 355 1105 1593 809 875 671 400
2034 2545 2433 1796 1453 2376 1490 100 1569 64 2713 48 715 2721 2309 1901 439 1860 562 201 305 1640 1584 2213 155 659 2650 51 1948 1993 2826 2815 2556 2272 1096 1416 1878 563 260 2023 1636 2241 2045 1051 1552 1658 1381 168 2352 1123 1407 1218 674 1782 1316 1148 900 2631 712 1926 188 747 2088 1663 2300 1617 2289 992 194 2714 1328 2817 2755 947 817 2553 231 2439 784 1656 2790 1544 1965 2836 792 2007 2046 987 1437 1045 1840 497 556 2707 1624 978 2419 832 645 1486
1933 897 2071 1638 2156 1321 2645 1098 1790 2750 836 2201 2432 2096 1709 935 2342 755 2450 1736 1806 1052 1305 1436 2512 222 1504 2218 1621 2362 1044 850 2355 2420 2446 2627 396 612 595 2452 666 1865 1510 141 1023 2261 599 1145 1047 2098 2587 208 981 2642 147 1085 2537 908 816 461 281 1167 1719 2163 477 2823 1804 115 1858 177 2829 511 1987 2799 1903 2060 1910 2122 1808 2313 2318 661 453 1811 1260 1717 2074 2256 1555 823 2747 99 1286 2781 156 2340 2095 629 2194 1355
2171 2666 2043 650 2810 2816 1891 475 1916 1723 2346 922 1188 411 1284 1763 37 2841 807 1456 122 1308 1082 2268 1697 459 468 1090 2167 586 285 1006 759 1260 6 443 2643 372 1153 1702 1221 1603 1761 1227 546 1570 181 2449 1865 2779 724 275 1610 2194 2313 1502 659 1278 1858 620 750 987 980 1884 732 2261 582 1062 129 2179 822 2631 298 334 1200 1552 2801 188 2634 1932 1095 788 501 840 1882 2272 1281 2137 795 1923 2118 1283 510 817 448 614 1926 973 1015 125
2542 2016 617 1019 1561 291 751 1334 2149 63 2656 1685 182 954 2242 499 149 1333 2022 1434 1760 465 1712 540 1298 1631 2112 1087 1197 783 1693 1004 1228 898 832 940 1558 1785 576 1343 1166 1590 2072 714 1847 1161 614 895 310 93 1773 2409 1513 75 1928 2737 1207 1535 1795 676 198 1593 853 1103 2129 1137 2114 1999 1346 1257 2497 1743 1971 2827 39 2493 1357 1749 1748 1116 739 2700 792 1786 2281 91 596 683 634 1459 2547 1713 2324 379 1689 1714 2224 824 2020 95
1417 1489 860 1701 1710 1788 1870 26 348 2769 925 2454 2714 1369 480 2649 179 712 2538 663 550 2050 2130 1045 1422 2241 735 518 1617 2289 769 445 463 197 1895 2650 2840 2011 2375 433 1552 1328 2707 1993 1782 1029 1623 1658 1663 51 947 1381 1656 2836 556 440 169 161 2544 305 2482 659 2817 1934 943 2439 2837 2735 188 1405 2767 1092 2397 817 1679 987 1208 2753 1640 606 1926 2628 1544 1840 1796 2790 635 1644 645 260 547 562 900 1386 1444 1431 1054 1486 2832 168
2044 2501 2528 1934 2411 1644 1656 85 1624 2790 1102 312 2832 2817 659 987 188 817 556 1926 943 1407 635 1405 2300 1319 2213 611 221 547 1386 2082 2270 1552 2011 1983 155 1029 2012 1208 2046 992 1422 2836 1617 1782 1092 2289 1173 2774 2574 2419 197 599 645 2088 1484 2631 413 2397 606 2642 463 51 1414 319 1461 433 1586 440 224 1190 1817 136 2400 169 2650 122 1993 445 497 488 1381 2779 2840 2770 674 2515 2599 2375 550 1640 915 2781 1305 2358 1788 1428 932 854
575 2754 1691 441 2019 2383 1482 2080 1523 2695 2395 373 584 845 1016 1244 393 1120 2550 1507 1104 2604 2641 107 1177 55 397 2176 728 1669 2414 2136 2733 1147 462 1517 2684 1194 2518 1382 2106 1410 2525 2802 2166 902 32 2033 1678 917 590 87 187 83 830 1919 1467 2563 541 1950 102 1450 1943 993 2192 736 1646 2254 2233 2637 1732 357 457 2275 2752 2780 2239 1734 2368 2447 834 2159 920 2360 1259 2586 2630 279 1626 2073 2326 1805 1028 775 818 379 2297 469 2651 2805
1159 1009 1815 403 2063 837 2484 2455 264 1622 2092 2833 2412 299 2139 2371 1122 428 2844 2269 1982 2797 2576 600 2486 1814 2100 1338 667 1549 1735 2776 2811 741 846 2255 317 573 1925 1619 262 642 17 2403 352 1863 2385 2189 891 349 1571 2731 1607 888 2223 1698 160 267 1078 2094 1589 1530 1291 1341 1 2338 879 641 1238 1409 1862 2635 2727 2399 1520 226 1994 195 1660 90 1069 814 1572 2460 2253 2431 913 234 2758 1095 1615 342 2633 2607 1509 1816 2158 223 1539 2473
1880 1802 2168 2725 957 2464 1889 2404 1766 2720 2448 609 509 1596 2562 387 2188 644 2442 42 752 661 1726 2688 669 2457 2678 2572 2498 636 2278 2468 1797 2476 971 1515 1318 844 476 43 5 1525 744 2807 894 2261 2740 1280 498 1536 1927 106 1632 229 2194 2153 2573 1032 1560 1084 419 466 1659 2571 762 448 795 2831 829 1227 2222 1768 2823 2374 1629 1199 2554 2623 2060 300 924 388 2128 96 1078 2109 2124 391 1865 160 814 1637 1661 621 2751 115 181 2030 2269 2263
1870 26 1417 348 2769 1489 860 925 2714 2454 480 1369 1701 1710 2538 2649 663 1788 179 712 550 2050 2130 518 1045 2241 1422 735 445 1617 197 2840 1552 463 1895 2289 2011 769 2375 433 1328 2650 2544 659 1029 556 1993 188 1656 1658 1934 51 943 2397 1405 1208 1640 1782 168 2707 440 2482 1253 635 2836 1092 900 817 1381 2817 1486 260 64 312 1437 1569 987 2735 1644 606 547 1386 559 2826 2753 1663 2082 305 259 1983 1796 2628 1926 1948 2832 674 2358 221 161 1623
1451 2000 1559 44 1178 2437 1361 1106 16 1346 2129 1672 614 293 1447 1483 1786 376 2787 1990 1469 727 2317 2072 1183 2114 1482 1257 1137 1836 1971 1207 2700 1798 589 581 39 761 751 1535 2054 2080 1951 2383 1306 2656 1620 1357 2242 1230 2409 1224 1087 2249 1057 2695 1561 1801 1693 572 676 603 830 1646 485 2323 441 658 373 339 832 1116 1180 646 1175 1683 2275 1558 1450 845 2422 2288 1073 1523 1115 1928 1714 2281 1334 714 483 2149 1713 1538 1166 898 2395 1120 2495 1914
2542 2656 2016 751 2149 1334 2242 617 1693 1561 291 832 310 1019 783 39 2114 1197 63 954 1357 1685 182 465 2827 1434 2112 2441 1513 1535 2281 1004 540 1760 2288 1343 1773 940 1333 149 1298 1346 1795 2737 1161 1712 499 1847 2129 1743 1593 1180 1856 1786 75 926 1672 2495 596 949 1836 1818 564 198 95 581 2497 2224 576 132 1091 1116 2190 2111 1176 777 676 2022 230 1103 614 1087 76 824 1713 1714 1914 2409 983 695 1996 2547 1631 1207 683 1257 1559 1451 1999 2072
1389 1213 545 2066 2113 2546 2178 304 1394 1353 1115 1883 727 1300 658 589 2022 2784 2277 1361 1175 1785 1451 614 1306 1137 485 483 1951 572 1207 1087 1971 1798 1106 2072 2644 2579 1228 395 1801 1230 1683 374 240 789 1558 853 2381 2504 529 2000 1559 101 714 2040 1786 1900 581 328 2114 436 2238 1257 783 898 766 2759 364 1333 962 251 2323 737 989 803 341 1898 2242 215 2149 2656 2409 16 1693 1166 407 2540 293 39 824 1093 1427 1357 1928 761 926 2787 93 2288
924 2216 1703 1288 1363 1487 1471 2573 953 1090 1006 761 443 1763 586 1308 2317 37 2249 1082 1188 2449 922 2167 752 1697 205 144 1447 459 16 1380 8 2823 1474 1183 411 2268 2535 333 2841 745 1671 1400 474 468 1469 1217 724 1687 122 2179 2079 2452 325 2263 2502 44 1456 2617 905 2567 1205 1327 2212 423 1027 1865 2657 1927 419 2554 637 2816 1184 2571 2043 167 2230 521 117 1605 650 2030 327 181 104 1425 2445 1284 2791 1677 2303 2245 275 2625 482 1113 907 1198
2502 2152 1605 1953 1139 214 2348 1602 2841 2567 1866 84 1371 1171 22 2751 1214 5 2141 1696 2109 509 244 1616 844 2457 1515 941 1199 2115 1726 2128 106 2572 2263 609 957 2725 744 2404 1927 2678 1889 1632 1280 2448 2464 1525 2153 2386 96 785 1766 2623 894 2060 1738 1032 189 419 2203 1397 1488 420 117 2554 2768 1198 2150 1084 1659 510 1661 2353 148 1987 1184 851 1205 621 1364 2303 2030 1591 327 2182 1502 171 1326 2521 2179 1979 1113 423 2705 2620 466 1922 1232 594
239 2091 653 1274 2794 1127 2164 1961 1647 1303 2402 721 252 484 799 1972 1240 2059 2061 806 1273 1875 467 1011 2693 1475 2531 2311 268 408 1789 131 2236 1282 356 1356 495 2698 1967 1275 534 296 2687 525 654 1843 1022 290 927 805 1780 1655 1248 1024 330 1756 618 1921 1692 1503 561 726 2407 1378 1317 390 383 1050 1164 209 245 679 314 1829 1018 782 2144 699 625 113 1124 1755 999 2285 643 53 331 1635 1929 49 1543 1472 412 1612 963 1395 1435 1182 1831 2406
6 1221 285 582 546 807 1570 2643 759 298 973 1884 980 1285 1603 1702 2118 1541 820 468 620 1015 1610 181 1260 750 732 334 372 2303 448 1858 1882 1537 1083 2791 1084 2313 2677 1797 2268 1184 1205 2030 275 1380 650 1284 475 1916 1891 117 1768 1188 922 1456 2346 1697 2179 1723 37 2666 1502 1425 205 122 2359 690 2387 327 1080 1659 411 459 423 2203 2222 1198 167 2194 2726 1979 1462 20 454 510 2706 669 2162 281 594 1591 425 1865 2521 5 796 2810 2167 1371
2077 2478 2777 2772 1753 1125 1842 18 70 2561 1252 2015 1834 951 2818 601 2663 2 2161 2510 2757 1035 1390 431 1557 2315 2622 315 1759 1839 2054 1165 1443 2302 889 2686 2000 191 1075 646 1801 29 1597 2653 767 2787 1951 1306 2323 485 707 1747 1175 426 1418 293 1809 1869 2121 522 1849 2533 1798 1833 2409 2667 86 1959 2149 614 1905 286 142 853 1492 2320 2267 634 962 2078 2143 1114 2702 1928 277 1149 2624 1357 1767 1938 145 2415 1001 10 876 2240 2016 2024 126 2350
767 1938 1443 1833 889 1747 2686 277 2702 2496 369 2315 1980 431 1460 1125 1753 1989 2478 211 2777 2077 2772 18 2510 2818 2532 70 1842 951 1834 2685 2015 1252 2757 2 2663 1759 1557 601 1839 1390 2622 2561 1035 1418 1976 315 164 2288 1165 1845 156 461 2016 2577 39 2556 2302 578 121 1114 684 1413 2149 1340 250 536 760 1431 193 2108 1952 1628 769 694 2388 1788 571 931 1399 569 417 2808 1872 2671 1767 1784 988 75 401 1975 2022 126 1065 1720 1593 848 1793 2090
196 353 1625 98 776 701 2474 585 869 1643 2361 2067 1963 910 2081 1819 2103 1864 233 2256 1042 1402 276 809 781 2462 2353 2027 2334 2264 381 1344 69 871 2261 1600 2252 1179 285 1633 476 1977 2391 1583 1651 153 1283 1227 181 1188 42 2101 2278 669 2527 1791 1761 2398 2434 1108 1063 1531 1702 2001 2634 640 247 1768 661 40 2157 1515 282 753 2119 628 1153 2210 290 2194 1220 1378 1359 1031 748 2048 1 2643 592 467 1260 975 2603 411 582 1221 138 2778 2012 998
2394 1946 416 105 1778 2331 883 301 1419 908 2843 2417 11 392 2697 355 1105 937 256 2196 2204 2243 1495 1142 243 94 2453 1331 2087 673 519 320 257 1006 749 1554 2793 549 1527 2251 1614 593 2718 855 984 1396 2519 1271 1894 604 1595 7 2095 1247 678 1741 2336 1138 847 58 490 2005 774 2660 1370 874 253 318 2734 535 2527 1002 568 448 2763 1966 144 152 337 1676 2696 2260 813 1621 2560 1040 765 975 773 2147 630 2432 1339 2458 871 1708 2452 151 1956 212
835 1908 702 931 1830 848 284 1114 1107 1767 903 768 1340 1845 2601 2471 65 502 990 2624 1310 688 1254 297 1235 1512 126 103 1323 1608 578 2276 2388 1821 522 1720 1186 2667 1413 1391 2314 250 1975 684 1406 1075 1012 1334 249 1759 2622 1390 1165 2757 414 2224 315 2299 1557 2151 277 2302 1670 2495 1801 2149 2323 767 191 2016 1120 2121 800 614 1065 739 1516 1113 749 2315 2350 1458 627 876 2656 2251 2161 1968 293 2005 39 202 1243 2561 1252 581 2240 1810 775 853
269 1548 531 1980 2685 2315 2702 2161 277 444 368 1200 1725 2499 1075 1767 2653 1943 1120 2518 1959 1905 2000 684 590 2314 87 202 876 83 993 902 747 116 2748 2276 1016 1252 1165 126 614 2719 1809 2033 1869 951 191 2350 2359 584 2240 2772 1390 1834 1340 1975 1391 2077 845 2622 2015 1557 1001 2 2478 2121 1147 431 2302 1300 1413 1950 315 2329 917 541 1919 2495 1186 414 960 86 2506 1073 1088 1410 2275 1125 1443 2818 1753 1357 725 1732 1406 2510 2802 2563 1012 10
285 820 1603 1541 1221 546 582 6 807 750 334 759 2643 2387 372 1882 468 1702 1260 1570 181 2677 732 620 1768 1797 669 2194 1227 298 1153 956 1884 1858 973 1761 476 980 1285 1083 2261 2666 650 1865 661 2346 475 1916 2313 2118 2476 281 829 448 1537 2761 2268 1891 2359 629 13 1844 1188 2841 1536 42 423 1084 1723 1610 2303 2810 1462 640 636 2048 411 1184 2168 5 2013 1973 1272 2705 1284 459 265 1697 117 1015 2631 1421 2816 922 2468 1515 2132 2047 931 2210
659 2044 2501 2213 2528 1934 2411 1644 1656 1624 312 85 1102 2790 2832 987 188 1552 2817 556 2046 992 2713 817 1586 2034 635 497 155 611 1319 1405 2545 1840 305 64 562 1381 943 201 1617 2241 1658 2439 1926 2011 1782 2088 547 1640 51 563 2836 439 1422 1901 1208 2289 1993 2419 2433 674 48 260 1544 1878 1428 1636 2082 1569 1386 2007 2631 1486 1218 645 2358 1796 1860 2309 134 1983 1173 2628 1407 900 259 2707 1092 169 319 2270 2352 1623 784 440 1484 2826 2650 1848
222 2218 2512 1436 1504 850 2362 2355 1305 2342 2750 1933 2450 1321 755 2645 935 2156 1098 836 2096 1790 2071 1736 1052 2201 897 2432 1709 1638 1806 477 461 2691 2420 177 2829 2163 156 816 1903 2122 612 629 164 2775 1085 1163 981 141 2679 99 2593 1976 453 1621 1688 2577 516 2567 632 2722 174 1510 1628 401 460 1023 1808 1214 2452 72 1145 22 1415 1267 2751 694 595 1171 2274 760 1047 208 1757 1784 2636 1404 2587 1155 2098 2055 703 2074 1113 823 172 2747 1461 1044
1178 1672 2437 2129 1990 1836 44 1346 2700 16 1483 1535 1447 376 465 2422 1224 1116 832 1469 1451 2523 47 2317 2000 1713 614 1786 483 1914 1714 683 751 1559 1838 581 39 1361 2114 1106 789 291 1971 1693 1207 2242 1137 2785 1482 2579 1357 34 2409 1257 1801 2383 2072 1087 2656 240 1593 293 761 1180 1057 1561 2787 576 1300 676 2180 374 2784 926 2054 2080 1996 2190 1115 564 1091 1558 2249 2149 1183 2695 830 441 215 2016 2495 2281 1900 737 1166 1620 714 2547 1389 2202
650 1916 475 2346 2666 1891 2810 1723 1603 2043 2171 750 820 334 1541 2816 2841 2387 285 807 1462 6 1221 372 546 922 1570 582 37 953 1471 2494 411 1308 1188 924 1763 1882 2677 84 1082 1232 2643 1487 1006 1697 2571 1922 2768 375 980 1537 420 1106 281 594 423 468 1591 1326 1397 614 629 1884 2502 1605 2620 1113 1559 1908 1090 2573 1400 759 2557 1687 2119 909 5 531 2220 275 725 1905 1911 2161 2359 443 2000 2261 2726 2114 1184 148 1817 2122 2526 425 1433 306
1684 1694 2517 1129 1630 1294 2185 1411 2298 2584 2529 386 1440 2616 718 1446 2619 1360 2481 143 665 1939 1258 1112 1270 2246 30 810 1445 787 697 638 2271 71 1514 958 795 127 2363 1278 2524 577 372 1215 1267 557 2460 879 1863 1925 1619 2468 1982 2595 741 667 2339 2139 1735 299 2189 796 2801 641 2833 264 1744 991 20 1480 1242 2455 273 1607 2104 1807 2797 2385 1009 2269 1373 888 1811 147 2412 352 2771 1324 1295 1816 1366 1078 428 1122 2092 837 2590 2710 2844 1549
2773 2687 1730 1929 1275 2806 200 618 533 2715 2316 1961 295 1917 2017 33 504 771 1873 1240 1655 1831 484 1789 467 1021 455 927 2301 2059 31 449 159 326 1500 1097 1941 2062 1293 1475 464 1011 1706 580 120 53 2236 1026 806 1273 633 999 534 1018 2105 1297 561 2765 507 1923 1335 872 2698 2285 1875 1378 268 772 1813 131 125 1003 1692 726 972 2429 1955 2322 412 782 711 314 1974 1461 1755 2407 1156 1262 2681 2693 2814 1680 503 2265 1022 552 456 2144 553 1314
1938 767 1833 1443 889 1747 2686 277 2702 2496 431 369 2315 2510 211 2532 1125 1753 2478 2777 70 18 1460 2772 1989 1842 2077 2 1834 2818 1980 951 2757 2663 2015 1759 601 1252 1557 1839 1035 2561 1390 2622 2685 1418 1976 315 1845 2556 578 1114 1340 164 1165 769 250 39 1413 2577 2302 461 684 2288 1767 156 2149 126 931 121 2016 2624 1720 1788 1496 72 848 1975 2671 990 2388 2276 1872 853 1821 2352 2482 2471 2601 136 694 760 75 2272 193 161 522 536 1817 433
2749 956 909 154 2740 924 1487 1882 1471 1524 953 2444 2573 1629 2710 2725 630 1400 2448 203 2197 210 466 2468 2266 43 2823 2189 1043 795 2230 1215 1509 2508 1766 1375 1602 971 687 1227 2548 1889 2727 1947 448 2464 476 2169 2456 1234 585 796 669 2706 1153 1859 690 1477 2662 1761 1278 1687 127 229 335 1596 2572 1866 509 1 226 2188 2457 2399 123 2348 820 1520 1514 829 696 1880 2109 2226 490 583 2366 857 2442 5 2476 2620 57 2591 537 609 2517 2425 42 2339
2840 1663 445 1623 1328 2707 947 1679 2241 1617 1444 1782 712 1381 1993 2767 1045 2515 2836 51 1658 1489 1054 1417 169 1422 860 1544 2011 1640 1649 2837 305 2439 155 1710 1218 1569 1701 2454 900 1369 2050 1261 562 100 2714 2130 2628 2721 645 64 1948 735 348 550 1552 260 2034 26 1416 659 2650 1796 2769 1437 925 1486 1870 197 2545 715 2826 1840 2713 179 1860 463 439 1051 48 1788 674 188 559 480 2649 440 563 1096 2652 1878 1208 2289 2076 2544 1307 2272 2352 2419
2578 377 828 13 640 2520 1272 2210 2671 672 2828 1668 2602 1374 933 1337 865 1754 323 2047 1949 1249 370 56 1041 2428 2083 2629 1429 1910 2032 2421 1038 2539 2798 2570 2795 1189 729 2031 2839 1329 2038 2120 1764 1399 2335 1070 2221 964 698 358 932 839 955 1521 1049 43 2513 1275 220 1929 2687 1757 1952 1108 2783 1596 1279 785 979 1018 2152 941 782 270 504 2502 2470 1768 971 1692 2141 2186 1240 2150 1562 159 2640 326 2423 1704 2387 2808 400 123 429 743 753 2330
658 727 589 1175 485 1951 1306 1389 2113 2546 1451 1213 2000 1361 1394 2066 2178 1115 1798 304 1300 545 1106 614 1559 2022 962 572 1230 1137 2072 293 853 2323 1353 2277 1683 1207 1558 2787 483 2409 2644 1333 1883 1087 581 2784 898 714 1801 2114 783 1785 737 646 1166 529 1228 2242 395 2149 2054 240 1971 1786 1019 1334 954 251 2656 676 63 215 1928 789 436 374 101 2504 2759 1257 2540 364 803 1685 1427 1900 93 2579 2040 766 39 895 1898 149 1839 2016 182 1161
2174 1861 57 1580 210 1234 2418 280 133 2461 1034 1276 1859 793 2456 1392 1792 493 2662 2374 1724 1930 1375 570 1664 1575 2327 1758 1947 421 2125 2004 1196 548 77 2330 2672 797 2184 2186 704 756 2590 746 294 1551 801 1072 1887 2039 2659 1665 263 2123 1457 366 228 2356 583 976 1776 1350 1877 1765 1358 885 2206 656 1279 859 857 720 798 1043 2739 2332 1191 287 1542 1229 689 2694 2229 2548 2321 1675 2838 2189 2541 1086 1345 170 1193 2493 82 588 687 1030 2198 1348
1416 1096 1948 2272 1316 2556 1496 747 1860 2815 2545 1965 1051 1636 2741 2352 64 1796 2721 2023 1897 1362 2135 1584 305 439 1212 899 2034 137 2713 116 1606 1548 497 2755 1993 2650 1569 2241 659 1490 1586 562 2433 1381 2309 100 725 97 1218 414 1645 201 1782 2305 1617 1800 2708 79 1422 2319 48 547 1453 715 2270 1067 2258 2239 722 742 1601 188 1390 1901 372 1134 1841 202 1658 1411 155 1926 2628 442 1919 1075 947 1623 2247 853 2707 379 1747 2082 2289 2767 1261 246
2656 2542 2016 751 2149 1334 2242 1693 617 1561 291 310 832 1019 783 63 39 954 2114 2827 182 1197 1434 1685 1357 2441 465 2112 1343 1004 1333 1513 2281 1298 940 540 1760 1535 1773 2737 2288 1795 1743 149 499 1712 1856 1346 1161 1847 75 596 1180 2129 1593 926 949 1786 95 198 2495 132 576 1672 2022 1818 1836 2111 2224 2497 1087 564 1176 2190 777 1091 1116 824 581 230 1207 983 1257 1996 695 676 1914 1999 1713 76 2547 1103 2409 1971 1714 1558 739 683 895 1166
1861 57 2174 210 1580 1234 2418 280 2461 133 1034 1276 793 2456 1859 1792 1392 493 2374 2662 1724 1930 570 2327 1575 1664 2125 1758 1375 2004 1947 421 2330 704 2186 548 77 797 294 1196 1665 2184 746 756 1072 2590 2672 228 1551 801 1887 1776 2039 1358 2659 263 583 2123 1279 366 1765 1350 2356 1457 689 2206 1877 885 2229 720 857 798 976 1043 2332 656 2694 859 287 2739 2548 1193 2581 2838 1191 1542 1675 2321 1432 2493 1229 2541 588 1086 1345 170 1348 2189 82 884
1453 2713 1490 2433 1860 2376 1901 2034 2309 201 2545 1569 2556 100 2721 64 715 1796 48 2272 562 439 305 1948 1316 2815 1496 1636 2213 1416 155 1640 1096 1051 1965 2352 194 1586 1218 563 2826 260 659 1878 1123 51 2650 1993 2628 2088 497 1148 1840 168 1381 2241 992 900 2289 1261 1658 2046 645 674 784 1486 1782 486 1617 2076 1307 906 559 2419 319 1544 2707 1552 747 1623 2439 1710 1584 2007 2767 2337 1437 231 2631 2836 2515 965 1848 1897 2652 2732 259 2358 1649 1362
659 2044 2528 2501 2411 1644 1934 1656 2213 1624 2790 85 1102 312 2817 2034 2832 987 188 2545 556 1796 64 817 1926 2433 1552 439 1569 1407 48 562 635 943 305 2713 100 1405 1319 2721 611 2300 992 715 1640 547 221 155 1584 497 2309 1386 1901 2082 2046 51 1490 1586 1658 2270 1381 201 2241 1453 2376 2826 1782 1878 2419 1993 1860 1208 2011 563 1416 712 2023 2650 1316 2439 260 900 1617 2836 1218 1948 559 674 1840 1092 1544 2088 1437 2631 2556 2397 445 1983 2289 1486
1179 2328 2491 1977 2252 2682 1651 1578 1063 1769 1531 748 952 1354 919 2778 1791 2065 887 2097 1470 1583 1851 118 841 945 567 916 930 1579 982 639 2042 1657 928 2729 9 2647 1920 2792 2379 808 1667 1770 2723 114 1585 227 998 819 2575 763 1528 2225 2310 2349 492 311 1854 566 579 1211 512 1154 875 513 528 2488 1210 2459 1368 2026 2658 517 1367 1209 515 2711 2618 382 2416 923 25 2559 975 2304 1239 159 1970 156 2775 326 2028 7 1972 721 1647 1415 671 778
2784 483 240 1300 1883 789 1353 304 2066 2178 1213 2113 1389 2546 545 1115 2277 1785 2504 1228 1898 328 1394 766 2238 16 1093 2540 2579 1447 101 1469 2381 407 2759 395 1427 1161 761 44 1801 2022 1361 2644 646 251 341 529 436 1683 1971 572 1900 2249 374 1513 727 1106 364 1451 737 989 1230 1951 2040 658 1559 581 757 754 1847 2317 376 2000 1728 824 1231 1996 293 1306 1693 1175 132 2054 2787 962 1773 1483 215 2323 1091 1533 983 858 2114 2422 1798 695 589 1598
2551 2018 2146 1289 719 2284 2008 764 247 1403 153 1351 1534 615 2824 1157 35 914 190 1577 1915 1493 2603 2582 1359 1204 343 206 2585 1121 723 2209 539 1751 812 862 1997 303 1772 450 2485 1970 1633 871 2487 212 549 2361 2019 2165 2550 382 1507 1132 1177 1128 2604 604 998 107 536 2792 517 121 1247 1588 2414 58 1347 2793 988 1194 397 975 2711 55 2204 1595 778 869 1467 2434 193 569 2147 874 495 2090 2176 1762 567 276 2192 1104 422 412 873 532 2228 2254
117 1979 327 1659 1184 1198 1205 2303 2203 275 1687 2791 2030 2179 1502 167 2494 594 510 1488 425 1922 2521 2768 1738 2014 1400 148 1080 498 2620 375 423 420 1113 1397 2124 298 1537 2222 466 2263 23 1084 205 1426 1326 1591 690 973 2366 2726 1371 2162 851 2623 448 2572 20 1960 1570 1661 796 1061 306 1232 2128 473 2115 1616 1884 2359 980 953 1744 2169 2706 454 2573 163 2841 2508 1285 1280 1525 1637 2678 1015 388 2118 1641 1308 1082 1471 2677 1556 2571 907 2351 1817
967 29 2533 286 2172 2673 1804 1149 2320 2021 2756 2024 218 426 1597 1719 2143 24 1689 1533 293 634 2430 1728 2235 1231 91 754 2296 2260 792 739 707 1849 2354 2408 213 757 1529 2390 1867 2224 2054 1722 1478 291 424 499 2638 2295 558 135 1265 119 1535 80 2787 1346 1296 2615 1269 1383 832 1448 2000 2566 2072 1334 1091 2129 1593 19 1252 465 1733 184 2149 1886 2078 1451 614 2302 853 2015 1165 520 1670 2413 2016 1559 315 2730 2748 1469 1801 2161 1561 232 2656 2744
52 346 2821 1022 2690 2467 418 1481 2505 2465 1378 786 1465 780 1662 2244 363 758 2070 402 467 225 2429 936 753 534 108 2059 478 484 806 2407 1438 2301 53 2398 2634 628 389 1008 1220 840 471 2765 999 89 430 1918 2669 726 655 2285 1039 1048 2025 295 782 1730 192 2632 1018 1692 61 1140 1395 2611 207 1356 455 452 2687 1787 1612 138 643 331 1929 2806 1026 1317 1756 1831 1475 1275 1921 1655 2061 1789 1506 290 504 1568 2142 2232 1303 1472 268 1503 927 326
401 1628 453 1023 2055 141 2163 760 612 2098 1047 2747 1872 2122 177 1903 1085 2679 816 2829 1163 823 981 73 1510 399 461 595 208 2074 437 2587 2655 1599 2469 731 1717 380 1233 2126 1160 99 1145 477 1784 1241 1688 1404 1100 1976 694 2274 1808 156 164 174 2577 2775 1089 2009 72 1155 1415 2636 460 172 2722 2452 2218 222 569 975 193 1436 2090 121 1504 988 1182 1305 1741 1769 536 2642 2778 2380 1339 923 1839 755 2304 2750 2512 1531 2362 1879 1175 952 2409 1906
2687 1730 1275 1929 2806 2773 295 2715 484 504 2059 467 1655 927 1789 1240 2301 1831 464 806 1706 1475 999 53 534 31 326 726 268 455 1011 2765 159 2407 2429 1875 2236 1378 2285 1097 1813 131 580 1293 1008 1026 655 1692 1022 1923 618 1662 200 33 1273 2062 1018 314 471 1961 1024 782 418 2398 2316 628 1843 452 1438 430 108 2565 1220 331 2693 1062 533 753 840 495 129 1932 2632 858 478 1967 1917 324 390 501 1648 2406 1635 2244 1941 456 363 780 1461 1481
1830 931 848 702 1114 284 1908 1107 835 1767 903 768 1340 2601 1845 2471 502 990 2624 688 65 297 103 1235 1323 1608 126 578 1310 2276 1254 1512 2388 1186 522 1821 1720 1413 2314 1391 250 1975 684 2667 2149 1458 1922 2114 1357 39 2656 1406 1801 2240 1120 1075 1012 277 775 581 1905 876 1144 1016 379 10 767 2494 1759 86 2242 1805 249 1152 2637 1390 2495 1459 373 1207 1809 2000 1557 2016 1832 725 381 1165 2036 1106 1959 2805 1157 1864 102 1113 2288 2323 737 2757
601 18 2 2663 1834 1252 951 1842 2818 2015 2077 2478 2777 2772 1125 1753 70 2561 2510 2757 1390 1035 431 1557 2161 2315 1759 2622 315 1839 1075 1747 1443 1165 2686 1938 889 1833 1114 2302 2667 202 767 2702 522 1418 1767 2323 1460 1801 931 1989 369 1012 277 2149 2409 211 191 2240 2653 1406 1798 1845 1357 2624 2509 578 2121 1905 1809 1001 2329 249 2532 1928 2000 1166 529 1830 702 126 67 2583 962 2350 1810 10 2054 250 86 725 2805 121 1175 886 1259 684 2637 531
2542 617 1561 291 2016 1334 751 2656 2242 2149 465 1019 499 540 1685 1631 832 576 1197 954 63 783 1693 182 1087 1166 898 149 676 1346 2409 714 1590 1434 2129 1928 1535 1333 93 1558 895 1760 2022 2112 614 1712 1298 2114 2072 1847 1161 1593 1207 1773 1513 1004 1357 1971 853 310 1137 1257 39 792 739 1786 2281 1343 1836 940 1116 2700 1795 1672 926 2827 683 1743 2493 1228 1091 91 1714 2422 1818 1180 1713 596 2296 2224 1103 803 2495 2737 1483 76 564 777 1996 1689
2380 2267 1236 743 2423 878 36 500 1431 2117 1053 733 432 680 1499 866 2333 1886 2078 427 2568 802 868 292 289 78 21 1268 554 681 1398 1492 142 361 2415 2451 1888 302 62 901 2217 893 429 199 1793 176 1132 417 1890 1562 1588 555 597 2384 2786 536 193 2668 886 2227 340 1256 770 979 2029 1430 988 2108 569 1553 414 571 332 1033 1699 121 2428 1065 2743 2221 568 1070 1399 2038 964 961 1670 1387 1393 1686 1418 2031 186 2120 2224 2539 792 2219 2629 1516
1146 1752 4 2367 1545 1799 950 1624 1102 817 2790 2069 1926 1644 2832 2817 1656 2411 1202 1316 312 1407 987 59 2300 221 1496 2270 2389 2528 2556 2501 1965 1934 943 635 85 2082 1636 547 556 1416 1948 2272 1096 518 626 188 1840 2631 2044 2241 1737 155 2815 2714 1405 1386 613 2767 1319 2352 1782 2289 663 2836 611 1381 440 1658 550 2515 2538 795 1552 2477 2628 1051 305 659 2713 735 1422 433 197 266 1663 2454 2213 497 1649 2781 1092 1586 2840 2011 2545 1993 1328 674
192 61 2669 2025 207 1787 239 2794 653 2396 356 225 296 654 1506 209 1274 408 1282 1781 139 2070 245 1127 49 525 838 383 1141 2091 2173 2164 2311 290 1780 1555 1961 2280 1273 113 200 216 418 618 1356 1240 2316 252 1612 1262 625 1248 449 580 326 1918 33 1598 2698 455 1435 1124 159 1168 679 1299 1011 1143 1647 858 2279 1216 1929 2053 2531 2693 1972 721 1293 1505 331 1097 1875 1924 1822 2402 1037 1472 31 27 1118 1500 1648 430 1275 1018 2017 1692 1481 346
2185 2298 1129 1411 2529 1684 2517 1440 143 2584 386 718 1694 795 1360 372 1630 697 2363 2524 1514 2801 741 958 1215 2460 2271 557 1445 787 1294 2616 810 1446 879 30 638 2139 2738 71 1619 1278 665 1816 1982 1242 2246 273 969 2104 2468 1366 1925 2833 2727 1480 2385 1520 1539 2844 1863 1267 414 2481 299 2269 667 1 342 669 2092 1112 352 2371 2158 1660 796 2619 2607 1549 2797 203 551 2431 1735 1059 888 1270 2189 2226 867 2633 1947 425 1807 1744 687 234 1258 1373
645 1029 2011 2735 197 445 2840 1054 1649 463 2767 1679 2707 134 440 1623 2836 1328 1840 2289 2375 947 735 1444 1253 1663 433 2241 2837 1045 550 1782 2628 1552 2439 169 319 1993 1544 2050 1381 663 1617 1261 1658 1422 2130 155 51 2076 2650 986 1255 965 123 1218 659 518 2769 2538 1640 906 1307 59 2088 1895 2287 179 674 769 2713 2515 305 1489 2046 712 259 563 1788 1208 1148 882 1092 2631 1757 860 2352 2714 2482 1775 904 260 1417 1860 201 1983 1051 2826 562 1468
2111 2827 2441 1856 95 596 310 1743 2547 88 1999 1476 2745 2190 1749 2202 132 824 1176 695 983 576 1103 2785 1914 1593 1693 1093 777 2422 2149 1996 1631 1197 407 34 1304 683 60 1116 1714 1343 1713 2523 949 1727 2737 1091 940 2656 2112 1672 47 832 291 1838 783 1535 1224 1004 198 1804 63 2281 1898 1019 2555 2242 540 2058 967 617 376 1483 1178 230 1836 1434 2016 39 465 1685 2180 1561 1298 2700 1513 2497 1760 1847 1277 2317 184 149 75 792 2615 2733 2413 462
2767 1649 1054 645 1679 1444 947 1663 1623 2707 1328 2836 2837 169 1782 2439 1544 1658 1381 2011 1029 51 2628 2241 1261 1840 1218 440 1617 1045 2735 735 197 2840 1640 445 1993 2046 155 463 712 1422 2352 194 1051 2050 550 1552 2650 134 2130 305 1208 2289 674 1253 1307 319 1948 1486 1586 992 659 900 2815 2088 1416 260 2076 1437 489 1860 1417 563 1489 497 2826 2272 2556 2375 179 860 1369 64 2631 2713 433 201 965 2515 2652 906 1752 2454 2084 1965 2769 1316 2133 259
1752 1146 1636 1965 1496 1316 2556 950 2815 2272 1948 1840 194 1416 2352 1096 2713 4 1051 1860 1586 2628 1218 2367 2069 2241 1799 1123 2836 201 1381 1901 1878 1658 168 563 1782 674 497 1148 2309 231 900 2553 1202 2439 2433 155 1261 2289 2046 978 1640 2213 1437 1545 1544 2826 2832 1453 59 1897 305 1486 2133 2652 659 817 2515 260 965 992 613 433 663 2767 319 1422 2650 2424 518 259 1624 440 2840 1862 51 2545 1362 2376 2714 2477 312 1045 1552 1775 1663 2148 1092 2088
1593 2827 2441 1856 2111 95 310 1804 596 967 1743 2547 983 739 1197 1999 2190 1749 792 1719 88 576 1176 2785 824 2745 2202 695 2235 1103 132 1914 2296 1476 1693 777 91 1996 2149 499 291 2430 1091 1689 1631 1093 2224 2260 832 1597 1535 1483 60 1304 465 1728 540 2656 1836 1343 2472 407 2024 63 2281 634 376 24 1231 1019 2143 1672 2737 184 2422 426 39 1898 2756 2615 2021 2413 1469 1478 1312 751 2242 16 1334 2288 1984 1448 135 198 1057 2784 754 617 240 2239
1146 1545 1752 4 59 2389 2367 1799 626 950 1202 2270 2082 547 2069 1737 1319 1386 1624 817 1926 271 611 2477 2692 556 2289 987 2817 2832 1656 2790 266 2840 1555 613 974 433 1677 1892 400 188 283 312 2440 85 1408 1998 1771 2340 608 274 1644 81 169 2767 2501 2037 1102 618 1725 1917 368 200 2148 994 2527 1929 326 1934 2300 659 1840 2556 1942 2411 1407 2011 1496 785 2089 1708 1715 259 1461 440 2183 526 1663 2625 1316 1552 2515 2781 1540 2838 2553 826 1701 1964
1946 2299 2788 593 749 2364 673 2151 1243 1379 1311 1068 2730 2549 1670 1966 1005 1131 2746 2290 434 1794 544 1783 2394 568 112 416 1079 1110 410 709 105 1498 1040 811 365 2697 821 937 1850 2219 535 2377 186 855 800 1778 1325 2516 2251 605 1526 2417 2095 257 2243 678 1936 1142 1466 730 406 883 2196 1968 1094 1634 2005 253 2341 774 435 2492 1385 2519 1511 1442 1779 1527 320 248 2830 1455 1309 1969 1424 1174 852 336 610 2087 2423 1020 94 2843 1913 2145 1165 21
1254 1512 1310 834 1277 65 2555 2058 1107 575 2080 903 441 1727 1523 1482 2383 835 2754 2695 1720 768 1821 1975 845 2395 1016 373 1691 393 584 2388 1147 2136 250 1908 309 684 1244 830 702 284 1450 1678 333 1732 1340 2275 2019 1104 1120 931 1669 1608 856 1646 2239 1217 2641 55 1830 1013 1336 861 397 1458 728 2176 603 83 187 2518 2160 1073 2073 863 2733 1114 2802 1950 2823 462 1194 541 2079 1620 1767 1907 993 1178 1517 2340 1919 1467 920 736 32 1363 762 576
2840 1663 1623 1328 51 1679 2707 2767 1444 1640 1782 947 445 305 1381 2241 712 1544 169 1993 1658 1045 2837 439 1617 562 64 1569 2836 155 1054 1218 100 1422 48 2439 1649 1796 2721 715 860 2714 2034 1417 1261 2050 2545 900 2433 2713 1369 2826 735 2515 2011 2650 1552 1437 563 659 1489 2454 1860 1878 943 925 260 221 2130 26 2628 480 2631 1870 2352 556 2082 1948 550 197 1405 1416 1926 2270 2272 188 1840 2769 674 2309 2289 179 348 1316 1486 2649 1123 1096 2088 194
1980 2685 2702 2315 269 277 1548 767 369 1443 1833 1938 2161 1747 1989 531 211 889 1767 2686 1120 2496 1460 2518 2 339 845 2663 2276 2275 1073 1620 1200 2695 2302 1391 2748 2363 2314 2818 315 373 126 2000 1869 2532 603 39 1252 951 2015 830 1732 1165 1678 1557 1357 2359 441 1413 1450 1451 747 2494 2653 83 1147 2383 1646 907 191 614 1559 1180 1462 1340 2460 688 584 2437 863 2318 1943 2281 414 2288 1106 258 2506 601 2755 1523 1346 1801 1320 1905 931 87 1482 2129
834 1244 393 2136 2080 1482 2383 575 1646 2754 1016 1691 584 441 2395 1523 373 1277 2695 2019 845 2555 1120 863 2058 1147 1727 830 1450 2518 1678 339 1507 2550 1732 1104 1669 2275 603 2641 1620 1073 2604 55 107 2176 1177 397 728 775 187 1194 462 357 2239 2414 284 2254 2586 2733 1087 102 2780 1169 1791 1805 1517 736 2684 2326 2630 1254 2192 2159 32 2802 483 1467 2595 2360 2409 1734 2233 1611 1626 1324 2637 898 902 1028 2073 240 457 2447 2778 794 2784 702 577 2033
117 1659 1184 1205 1979 2303 1198 2203 327 2791 275 2030 2179 1687 1502 167 1084 594 298 510 205 2521 1738 1488 2494 423 148 1400 973 1922 2768 2263 1397 2222 420 1113 2620 1537 448 1080 425 1591 1570 1371 2572 2014 690 498 2623 23 1285 375 1884 1280 20 1960 851 466 980 2124 2678 1426 1015 454 2359 1232 2726 2573 1525 2118 2162 2706 1425 1610 2115 2366 1661 1326 796 953 1308 1082 2268 459 1697 1061 2571 474 1380 907 1641 1616 2101 2535 37 922 2677 1284 473 2128
1260 1456 1284 411 122 1865 1188 2313 2823 1858 2268 468 459 922 37 1610 807 1308 20 1082 167 1763 2167 1015 1697 586 454 669 2118 1227 980 38 1844 1084 2030 1884 275 2791 1153 2194 443 2261 1090 476 372 1006 2425 2060 829 448 298 1425 2303 189 1286 2627 1032 2222 419 285 759 661 2643 2476 1570 1761 115 894 2726 2573 181 1205 1927 2162 973 2153 2554 620 1199 1502 1702 1556 96 1995 1637 1285 1593 744 205 2335 396 565 506 685 1632 2760 1880 1891 2831 1797
269 1548 531 1980 2499 444 368 2685 2315 1725 2702 2359 2161 277 1200 598 1439 2051 2506 1130 725 1767 1962 1960 2288 907 1088 39 1555 104 2653 1183 1940 165 1979 694 1986 1833 747 423 327 1357 1443 2281 1591 1954 1462 2497 1073 1841 442 751 2495 1654 2292 351 2518 2494 2128 1817 2275 1241 379 362 862 692 1225 1036 1423 164 2000 2 2149 2319 1902 1601 1075 2303 2510 482 2656 1499 2154 202 2728 431 601 136 684 541 1922 315 1825 2663 2622 1326 1975 1943 1120 670
1944 2294 1056 1055 2728 725 2207 2558 2766 165 1825 204 2825 137 1212 2135 899 1940 2842 1606 1130 1986 447 2741 116 2580 1841 1463 2041 1547 1935 1452 2813 1899 146 2511 1134 2435 494 2248 2382 97 1937 1067 2708 1223 246 1464 2286 686 2438 682 1874 2258 948 362 2057 804 2569 1076 647 2291 1592 1185 2736 1639 574 491 2393 329 2506 722 2639 2683 79 657 1777 2068 677 1868 140 1126 2305 2292 2827 2665 1601 2036 2838 692 1876 310 2436 974 2603 493 1019 2582 1204 2022
192 2794 1787 61 653 207 2025 239 2669 356 2396 296 1282 408 654 209 225 1781 139 1274 525 49 245 2091 2070 2173 383 838 1127 1506 2164 290 1141 2311 1555 1961 2280 1273 113 1240 1780 418 1262 159 2693 1356 326 679 1011 625 580 2402 2698 1293 1248 1143 1097 1647 200 1972 721 1435 1118 455 2236 1317 27 1822 1756 1929 1022 216 1655 2316 1505 1875 1598 2715 1612 31 1275 1831 430 1967 618 1168 1299 449 2062 1730 1789 252 2531 1635 331 1378 2061 1918 2053 2232
2381 374 364 101 2759 436 1900 215 2040 803 251 2579 766 2238 989 328 2504 737 341 1427 395 789 581 2644 2540 572 545 529 1898 1683 1230 2546 407 1106 1115 2114 1257 1801 240 962 1883 2323 2277 2242 1798 1394 1389 1361 1559 1786 1971 1451 2784 2000 1093 483 1353 2066 2113 1213 1951 2178 1357 1306 304 1300 727 2787 646 1137 1175 293 714 1180 614 485 1818 589 39 898 2656 926 1166 2409 2149 658 1091 564 1207 2288 1693 751 2495 2054 1558 1334 2072 1928 2653 1087
807 285 6 759 2643 546 1221 582 1702 468 620 181 1260 1603 732 820 1541 2810 650 2171 2043 2666 1891 1797 1083 2816 1188 411 2346 1723 372 1916 922 1882 475 1570 1284 1858 2313 2194 122 1227 1153 1456 2261 2841 750 334 1761 37 476 1697 1610 298 1763 669 1768 1308 1082 1884 1865 2268 980 829 661 2118 2387 1844 2476 459 448 973 2167 2677 1084 2823 1090 1015 42 2761 586 1536 1537 2425 636 443 2807 956 1283 2278 1502 2168 1108 1285 510 2179 506 2726 275 2688
2414 1177 107 2176 2641 2604 397 55 1507 728 2550 1669 1104 1194 2019 575 2754 2326 736 32 187 1467 379 1919 2360 920 1691 2159 1748 541 1950 2036 2234 1459 2073 902 2033 469 917 1028 1014 993 2239 1690 1720 153 2233 590 1821 1259 2192 87 83 2684 1734 1372 462 2254 1943 1832 2347 250 1975 2603 2080 357 2447 584 2637 680 2752 2733 2297 1016 193 2383 1382 441 1268 1970 373 2630 2805 382 457 818 684 2240 1517 1608 1601 2804 1523 2106 121 834 2586 400 2166 2661
196 1625 701 353 98 776 869 2361 1963 2474 1643 585 2067 233 2081 276 2256 910 1402 1864 1819 2103 2353 1042 809 781 871 2264 381 2027 2462 2334 1344 69 1633 2391 1600 2001 1245 2012 2101 153 640 998 2839 865 247 1170 2157 40 1403 138 1583 2252 2394 1891 1667 1531 2803 42 748 539 2132 975 2336 227 2228 567 2795 592 2551 2792 862 66 2261 1612 723 1970 513 290 2841 2535 2278 224 282 1751 1697 2335 1359 2018 1704 1063 510 1973 745 1723 2165 325 2778 1916
1487 1471 924 953 2573 909 1400 1687 2620 2494 1006 1113 37 335 205 84 1090 1288 443 1703 1763 2216 1474 2230 1363 745 922 2535 2222 1308 956 2571 1922 325 586 1671 1232 1082 8 300 411 167 2449 2503 2079 762 2823 1502 2179 2197 327 214 459 2768 1183 2841 1995 115 2348 882 20 423 2706 690 1882 1891 1188 510 2109 122 1738 2591 38 2425 2167 2688 1255 1458 398 148 2340 1184 1953 650 594 2448 229 1488 2268 2567 614 2816 2521 1341 309 1315 1194 1217 971 630
70 2510 1753 1125 431 2772 2777 2561 2478 2077 1842 18 2757 1839 1035 1390 1557 1252 2 2663 1834 601 2015 951 1759 2818 2622 315 2161 1165 767 2302 2315 277 1075 191 1443 2323 2702 1938 1833 1747 2149 522 2686 1845 426 889 251 2054 202 1951 2624 121 1427 1798 1418 1175 1801 1334 1980 1306 1597 646 193 1431 2540 1793 634 2143 988 1012 1235 485 369 536 2024 2656 737 1357 1558 164 2016 589 39 1976 142 990 853 2471 1460 297 2409 103 126 502 569 2644 1394 364
2792 567 118 998 1791 1583 2065 1531 1854 808 748 1470 887 1354 952 919 1769 2778 1063 2711 382 517 778 9 1667 2328 1579 1179 1585 819 2252 1970 1977 982 1578 2491 930 2682 639 2575 1651 227 2042 841 763 916 2723 945 1657 2647 1851 2729 114 2225 928 1770 1920 2379 2097 975 923 1528 2310 2304 2793 121 151 7 513 875 569 193 2349 1367 2459 1271 536 2416 1209 25 2165 988 515 492 2090 2361 1368 816 1154 311 380 566 2618 528 1239 1132 1210 1344 2488 1588
2045 2023 2755 1584 1407 1656 2790 1934 85 188 2528 1102 2044 1644 2817 2501 747 556 2411 659 987 1624 312 817 1926 943 2832 611 1319 1405 635 221 1796 2300 1386 547 2270 2082 258 770 1320 2545 1552 2397 463 2034 1092 2544 1489 1422 2564 1788 414 1983 2454 2358 860 1617 606 1414 2344 1417 1710 1428 977 2574 1564 197 259 4 1046 26 2011 1782 1328 1208 2213 2530 996 2800 2272 622 674 712 2670 1737 992 1029 2241 2769 1799 1658 2714 1895 178 550 1381 2375 2622 1181
239 2164 1127 2794 653 2091 1274 525 654 1781 2311 245 1961 209 139 356 408 1282 1787 296 838 2396 49 2173 2280 61 113 1240 1780 1248 1011 625 1356 207 1647 1435 252 383 192 2025 290 1875 679 2402 721 1273 1972 2531 1598 2669 2137 580 449 326 225 1555 1097 200 159 1293 131 618 33 2693 1141 2061 822 858 1143 2316 1967 1187 1124 2406 452 1921 2070 1505 268 1317 2236 2285 1018 1037 1929 1648 1472 1635 2698 1275 2279 2053 31 799 390 643 1941 2232 1168 27
2282 1518 2049 1290 921 2796 2064 631 1058 530 1301 2140 1017 451 607 2596 446 1604 1567 1981 1237 1613 662 1909 2093 2392 394 1879 1742 1119 1906 2357 1978 1384 2660 942 1554 337 2085 984 813 908 966 487 1705 1681 1370 2257 2696 2543 660 243 1331 1002 1396 1105 355 1739 2782 1673 54 2600 542 710 360 2340 1893 1618 2458 2243 2781 1853 2006 1614 271 124 2087 1000 2609 2259 220 2205 716 2331 1060 2648 2822 1540 1695 2664 2530 996 1142 400 1491 1811 1341 2369 961 1904
1721 2809 1876 1473 12 1390 2622 1759 2728 1055 1895 1406 271 1012 1944 2757 574 494 2207 725 1472 1874 433 1931 2057 1075 2220 1753 202 2719 769 974 249 2526 1253 2291 1125 1834 2482 1555 18 146 315 431 121 70 2478 1771 2764 1942 2028 601 1223 1917 2148 1842 1677 1056 173 2708 682 2735 1252 2315 2683 1557 200 532 1892 2077 1845 1961 898 608 2772 2777 447 1117 2825 533 140 414 193 404 1899 1413 1452 968 2558 988 951 2294 1185 553 1011 2438 1869 1788 2089 1868
2810 2171 650 2043 2666 2816 1891 1916 2346 475 1723 2841 807 285 6 2643 759 411 1221 1188 1603 1702 922 1260 1541 181 820 468 582 620 546 1570 732 334 750 37 1153 980 2502 372 1139 1953 1882 510 1605 1884 1284 375 1227 1858 1763 1502 122 1761 1697 148 420 1326 1456 1083 2179 1865 2203 1308 214 1397 2118 1537 1610 1082 1080 2768 1979 117 2313 1797 1232 1768 1184 2387 1738 690 2152 2521 973 2677 956 2167 724 2779 1488 2620 1654 298 327 2348 2261 2761 1150 1711
2840 445 2515 1710 1701 1417 1489 860 1788 2011 197 2241 1617 1623 2707 712 463 1328 1679 1045 1552 2767 1663 659 900 1381 1658 1782 1948 550 1656 433 1983 1437 2375 559 947 2817 1218 817 1422 2050 1993 1208 2419 2836 2289 1092 1486 674 2397 188 169 2628 1054 2714 2424 1416 1444 155 1369 2826 51 489 26 1926 1569 2454 2721 1307 2084 260 2544 1870 2439 1624 305 2790 1261 2652 987 1544 735 556 348 2837 2082 134 1878 645 259 179 943 1895 1640 606 2528 1051 2574 1644
202 1075 249 1012 1406 1810 627 67 2509 1001 2350 2121 2583 1944 1212 899 1055 137 725 2728 2294 116 2558 165 2135 1130 2813 2708 2207 1606 2382 1874 1223 2741 494 1076 1937 2825 2057 2766 2292 2286 2719 2224 2842 804 2248 2435 682 2438 876 2580 1126 2143 692 902 800 2033 146 1464 1825 1185 97 2569 948 686 1452 1056 1592 24 1805 917 1899 1067 2622 1935 2809 491 1448 2319 1390 1830 1142 2736 1601 379 2240 2805 997 742 2329 1463 541 1639 424 2149 2041 1169 2615 1867
1083 1702 732 181 2643 620 759 582 6 1797 546 1221 285 807 1260 468 2761 1768 2111 2807 2441 42 1856 2048 2827 636 2261 2194 2278 1108 310 2374 96 894 596 1536 1318 419 2554 1251 661 2744 2004 95 644 1204 1999 2153 2202 206 198 1761 1525 2603 343 476 2688 2582 2425 2548 1632 1364 762 2522 1733 2720 689 949 940 1945 2313 1914 88 1064 462 1283 1751 1882 2442 387 493 481 2547 1153 2623 1103 1570 520 1858 1758 1336 2476 1019 1867 1749 1188 1476 2785 1722 63
1539 969 352 879 1242 557 1619 2460 1925 667 1863 273 1982 2139 2104 2363 2371 2833 2473 2524 2092 2385 262 741 2269 2844 299 2576 2226 2776 1549 888 2468 428 2797 1815 2412 2455 147 264 1814 2484 1520 1 2727 641 837 1009 891 1735 1122 2403 342 2175 2431 1622 160 267 1572 234 2063 226 2399 2731 1078 1291 1238 1509 1660 551 1530 307 2094 2158 1366 913 1816 2595 1373 349 814 385 1349 1059 472 1295 2607 2633 1480 2709 2771 577 1159 1421 2189 867 1571 2783 2100 46
1141 1506 2070 2669 2025 1274 192 1780 61 207 1787 225 1612 2396 1918 2794 1127 216 1262 27 858 296 1505 653 1273 356 383 113 49 455 1282 408 654 209 525 1598 418 1472 1781 2311 290 2698 139 1024 2467 245 138 346 2765 1356 625 1961 2173 2611 838 1503 1022 2531 200 2821 618 2232 430 239 1481 2690 822 2137 1435 2091 2316 2565 1011 1018 679 782 1140 252 1378 52 452 2164 1216 2279 2017 1248 1555 799 2142 561 2505 2465 753 1692 1297 1048 467 628 33 936
2023 2755 2045 1584 747 258 770 1320 1796 1407 2545 2239 2034 1073 414 983 2190 1996 240 2073 1980 777 2288 1091 917 2281 2622 1142 1562 590 536 483 2784 1065 2530 996 519 1548 902 1593 2033 1950 1673 1390 1656 1231 2745 1732 967 2785 2296 1252 1557 315 1396 21 2015 32 541 920 2817 1431 2802 1176 2757 1105 132 2518 2249 2547 2668 817 695 733 1088 1731 1707 16 1450 88 2161 926 792 830 355 1476 1564 39 2685 1850 87 2131 824 2818 2478 2563 70 64 44 1804
1787 192 61 207 2794 2396 2025 2669 356 296 408 1282 209 139 49 653 838 245 654 2173 225 525 383 2280 1781 2091 239 2164 1506 1274 2070 1555 2311 1127 290 1141 113 418 1273 1780 2693 1262 1240 1356 455 2053 1216 1918 1011 2142 52 1124 1022 1037 1481 1612 822 2531 1924 1961 2232 1635 2698 2236 252 799 580 2137 241 1503 1143 390 1662 346 1505 1568 1967 758 1475 2279 788 1789 159 2565 1875 1715 495 1317 452 27 1831 1655 1168 1706 2244 53 268 1299 389 1921
2272 2556 1948 1416 1051 194 1096 1496 1860 2352 1316 2713 2815 1636 1453 201 1965 1218 2309 1490 1901 2433 1261 2628 2545 2376 2034 1586 64 1796 2721 1840 747 48 1569 2213 439 100 155 562 1658 1381 2241 715 305 1640 1782 2836 950 497 563 2046 2439 659 1649 51 1544 1148 2767 2650 2289 319 674 231 2826 992 1552 1862 1422 440 1054 1123 645 2496 1067 1584 663 2707 1993 947 1617 1663 1679 1328 2735 260 2088 784 1878 1897 2732 1623 79 1548 168 2011 2781 169 2553 2076
2077 2478 2777 2772 1842 1753 1125 18 70 1252 2561 1834 2015 951 2818 601 2 2663 2161 2510 2757 1390 1035 431 1557 2315 1759 315 2622 1839 1165 2302 767 191 1443 2000 1075 2149 2686 2702 889 2054 2323 277 2653 1767 2409 2624 1597 1418 485 1833 1798 426 1801 1747 1357 1928 29 1175 522 1951 142 1114 126 2667 1869 1492 2656 1938 1306 1334 39 1845 1905 1106 1235 688 589 103 1559 853 886 1451 429 2121 2143 1256 931 707 555 293 634 646 121 614 86 676 1323 1809
2236 331 999 655 1475 726 430 2062 1755 1831 1118 1789 1967 1655 1097 464 927 1293 455 159 1706 1297 390 1635 478 326 2301 314 580 2715 1050 31 1715 1143 2053 1822 484 2059 1730 1124 1037 467 1568 2407 504 1026 1008 1692 1929 1662 806 363 2687 1756 1648 534 295 2429 805 786 2406 53 1395 125 1262 108 456 268 2244 2806 1022 1273 1140 418 1378 1912 1187 1317 2765 1275 2693 1281 1921 2465 2505 1465 2142 501 1923 2061 1972 2470 788 241 780 2402 721 840 1813 1932
1416 1096 1948 2272 1316 2556 1860 1496 2815 64 439 747 2721 1051 2352 100 2545 2713 1569 562 1636 659 305 1965 715 2034 48 2241 1796 1993 1381 2082 2270 1362 1623 497 1584 2433 155 2309 547 1897 1782 1586 1328 712 1218 1617 201 51 1658 1552 2650 1490 2023 2707 188 1926 1422 2631 1606 1684 1411 1453 1640 2741 947 1544 2767 1901 2708 1319 563 2135 1108 1663 1679 784 2628 987 79 556 1153 2011 2755 992 2213 674 611 1386 447 2769 1800 2298 2511 137 2046 2305 2300 116
2609 288 2843 1800 2613 1871 673 1645 749 593 1966 1794 1516 1138 742 2697 2299 1731 1498 2151 2196 257 1850 800 937 2788 855 1311 2243 1068 1142 2364 821 1913 664 678 2006 2519 2492 434 1131 1936 2087 774 1379 1894 2005 1243 1094 2730 1174 535 1670 1783 2549 1707 2251 2417 883 2377 1527 1040 410 811 1079 1546 253 709 2290 544 1466 2746 1110 1005 186 112 2095 605 2219 336 1309 1946 1007 568 1454 2341 365 519 1455 435 1634 2516 406 1968 843 1526 2830 94 717 1385
377 2578 828 640 1049 13 839 932 698 1272 1521 955 672 2520 2828 1754 1668 933 1374 2602 865 2210 2671 1249 1337 1041 323 1949 2047 1910 370 2083 56 2421 1038 2795 2032 1189 2839 2570 1329 2335 2428 2629 1764 2038 964 1429 2031 2120 1399 2798 2539 220 1070 2221 729 1704 1275 358 1929 432 2687 1952 2449 2353 36 2808 2150 123 882 2513 1730 1240 2502 2640 500 1789 536 2470 2387 1415 214 1305 2783 979 1431 400 429 2333 1953 467 1956 2775 2124 1143 1757 2774 1011 1813
2725 2464 609 1889 957 2404 1766 509 2448 844 744 2457 1515 5 2168 1605 2502 214 1108 1139 1632 2048 106 1283 1953 2152 1927 270 2348 894 96 244 1032 2678 419 1866 1602 2761 2060 1768 1596 2153 1171 22 644 189 181 43 1199 2751 1364 2188 661 2562 1880 2554 42 2442 1797 1214 2567 621 2425 2498 448 2572 1326 785 1251 2476 2141 2115 2841 2612 2401 732 971 171 466 1726 387 2124 1761 2128 941 498 2014 2230 1696 746 2203 1637 388 2720 2182 306 1061 375 510 2760
1083 1702 732 181 2643 620 759 582 6 1797 546 1221 285 807 1260 468 1768 2761 2048 2807 636 42 894 2111 2194 2261 2441 1856 419 2554 96 1536 2278 2374 2827 1251 1108 1318 2153 1364 661 596 1632 2004 310 2720 644 95 1525 1283 2425 1064 1761 2313 2688 476 2522 2476 2263 1882 762 1188 1570 689 2548 844 1758 198 1371 493 1858 2442 1865 387 1153 1227 481 1603 2202 949 669 45 1280 1515 1336 411 1032 2831 206 462 2547 829 940 1914 2060 922 2603 2386 2744 1999
1221 285 807 6 372 1570 454 20 582 468 1260 2162 2222 1884 2726 298 546 980 1610 1858 973 1015 2118 167 1744 2643 2303 1603 1084 1285 759 1541 448 1661 2677 2791 820 2313 1537 1844 669 163 1061 2030 2268 1425 1637 275 750 1702 425 388 334 1556 1456 1205 1286 1284 122 2627 181 1865 1080 690 2014 2194 661 1659 375 1882 1188 1768 2261 476 411 327 117 1891 565 1153 1723 2124 1199 498 650 1184 23 829 1979 1697 1797 459 1227 38 1761 620 1280 5 1766 2346
1132 1588 536 193 988 569 2090 121 680 1268 2333 1431 36 733 866 2117 1886 1793 500 1430 1499 2078 1699 1053 1492 1553 142 878 802 901 429 432 2217 2568 2415 427 1256 176 1236 1033 1065 1393 979 2743 555 1890 2029 2227 2786 332 2668 1888 554 1686 597 289 868 2451 1418 1562 571 886 21 2384 681 199 2143 2267 707 340 743 2423 2380 417 2024 62 24 2108 391 1847 634 32 1398 1467 2447 2586 102 2019 2698 1259 2233 2224 2802 279 357 902 213 1748 457 2033
431 2510 1839 70 1035 2561 1753 1125 2772 1842 2757 2777 18 2478 2077 1557 1390 1252 1759 601 2622 2 2663 315 1834 951 2015 2818 277 1443 767 1938 1833 1747 889 2686 2161 191 1165 1976 2315 1075 2302 1418 2323 2149 1394 2702 426 634 853 164 1801 39 531 2054 1845 1175 2577 2532 2644 2540 121 1951 156 211 193 1597 1427 251 433 2016 2624 707 2143 72 1334 1306 646 988 1895 1065 769 536 2024 1241 2288 522 142 461 783 2072 126 658 1012 578 589 24 1340 684
2252 2097 2682 1651 1179 1578 1977 2491 1583 916 2328 945 1920 1063 841 2647 639 1579 2042 1770 1528 227 2310 1769 982 114 748 118 1531 9 1851 2723 919 952 1354 887 567 1791 2379 2065 1211 2778 1470 998 930 808 2225 763 1585 517 1657 2792 2575 1667 819 1368 1367 512 928 2729 2026 2711 1239 2349 492 2488 1854 1970 1566 566 382 579 2459 1154 311 513 1209 875 515 1593 25 2357 528 2658 1906 1210 778 2028 2660 975 7 997 400 2165 2618 2416 671 2603 575 1507
2502 2152 1371 2141 84 1605 1726 2263 941 2572 2386 1866 1525 2348 2678 2623 1139 1953 1280 214 2567 1602 5 844 2841 785 2448 2457 1198 1199 509 106 2115 1171 2751 244 1515 2056 45 96 1064 1084 22 1616 1927 2522 1205 117 236 1113 1214 183 189 1032 2060 2203 1632 2128 1364 1696 1251 2182 621 2608 1365 1960 2303 2109 1659 2030 2760 2153 744 894 1458 2425 851 327 171 2401 2612 957 1184 419 2831 2554 2705 2374 1560 2116 300 2725 1979 2791 474 1738 2197 150 2476 2761
2840 445 2515 197 2011 463 2241 550 1993 1617 1045 1788 1422 1663 2375 712 1552 2289 1328 1710 433 1895 2707 2050 1623 860 735 2130 1369 51 947 518 1679 1444 480 179 2454 659 1489 260 1417 155 1782 2769 1092 2544 1658 1640 1381 2439 925 556 1544 900 2631 169 1054 1218 1261 1878 2397 2767 2826 2714 2538 663 2649 1486 348 943 1840 1701 134 2836 26 305 1208 1437 1870 645 2424 489 2817 2133 2574 259 1656 2650 2832 1983 2088 440 1405 563 2628 2837 1190 221 635 1934
607 631 1058 2796 2140 1518 2282 2596 1290 451 1301 2392 394 2049 530 2093 1017 2064 921 1567 446 1604 1879 1613 662 1981 1909 1906 1237 2357 1119 1978 1002 984 2660 2262 2085 2543 1705 918 942 1742 124 908 966 2458 2600 487 708 852 1384 1491 1621 700 193 1681 186 536 320 121 1618 988 1645 1132 337 2090 2287 1495 961 2648 1588 2822 569 391 2212 1327 1956 1516 527 2675 1268 996 1060 1331 1271 2530 659 532 1099 743 1240 2372 2343 2240 2609 1904 1832 2568 2347 2028
1804 967 1719 2235 739 2296 792 2024 1593 1689 91 2430 24 426 2143 1597 634 2260 2021 29 2533 2756 1149 499 286 2172 2320 2673 218 1728 2827 2224 1231 983 754 2441 310 291 1743 2354 213 1533 2190 2408 1478 1856 2111 2745 707 2615 1197 695 465 1535 832 1867 2785 777 293 1176 1448 1849 1722 596 1091 1996 2202 95 1269 1693 135 576 1265 184 132 119 1296 1383 2413 2390 558 2472 2149 2295 2566 424 2547 1529 2744 1733 80 1999 19 757 2638 88 1914 2281 1984 1749
2305 79 2068 722 2665 1067 350 246 2511 1547 1134 1463 12 1935 2842 2041 2741 140 1868 2135 899 1606 116 137 97 1452 686 2294 1212 2580 1944 1055 204 1076 2436 2728 2766 2286 2598 2813 329 447 494 804 725 2558 2708 2825 2248 165 1126 2506 2292 1464 2382 1185 442 790 1998 1899 146 1937 657 1130 2207 2319 2838 692 64 2435 2625 1962 2090 1473 508 1782 2057 569 1056 193 1663 1841 491 1874 1892 422 536 48 2438 1677 2631 974 1303 647 2161 1223 2054 747 1027 2736
1146 1752 4 1545 1624 2367 1202 2411 1799 817 1644 59 987 2817 2389 626 1926 2790 547 2082 556 2069 85 2270 2528 1407 950 1656 2832 1737 1102 1934 2300 2501 312 2044 1386 1319 188 611 2631 635 2477 826 221 1316 2840 2011 1405 613 2767 943 1328 266 1782 283 1663 1965 2289 550 2707 2241 1422 2515 440 1948 1552 947 169 433 735 155 2714 2836 1416 2735 1496 932 1045 1381 659 1983 1029 1649 445 674 1840 795 1658 463 2375 2272 1617 1414 197 1623 2837 1993 51 2556
1908 835 702 931 1830 284 848 1107 1114 903 1767 768 1340 65 1845 2601 2471 1310 1254 502 990 1512 2624 688 1608 297 126 1235 103 578 1821 2276 1323 1720 2388 1186 250 522 1975 1413 1391 2314 684 2667 1801 1458 1120 876 1905 1809 1959 10 2240 373 1113 86 1152 2114 581 1144 102 2620 1570 398 2329 1075 2494 1922 614 1357 2605 2149 1036 2000 1805 1016 1687 775 39 1406 2802 2495 543 1106 2383 2695 2637 845 1334 2395 1832 2656 2503 2239 1559 2805 2016 1180 2247 2754
2840 445 1710 2515 1788 1701 1417 2011 197 860 1489 433 900 2375 1623 1437 2241 1319 659 611 2707 1208 2289 817 674 188 259 1552 1983 2424 978 1092 463 1617 2148 2652 2767 2817 1328 1656 2544 987 1123 559 489 1486 1926 556 1878 1381 1663 497 906 1045 992 1624 2419 2397 2312 1658 1948 977 1468 59 2826 1218 635 1679 2084 2133 1428 1307 712 547 550 1782 1422 1586 169 2200 2082 2046 1640 970 675 1414 1253 1054 134 1386 2714 524 2832 1895 1405 319 2628 2769 2300 1934
1065 571 1256 1553 429 176 2743 332 555 2227 554 1492 340 2029 2786 142 1033 979 2668 1393 868 1890 1888 1430 1699 802 1562 2078 427 1686 2423 289 1418 417 597 886 878 1793 2108 2217 2415 21 681 743 2384 1398 901 62 432 2568 1886 199 361 1053 2451 2380 893 193 302 988 121 78 2090 292 866 536 1588 1236 1132 569 1431 2267 36 733 2117 500 680 2333 1499 1268 770 156 159 2054 326 2074 580 1097 164 1293 1599 981 460 1143 760 414 2406 2775 1628 595
1584 2045 1796 2023 2545 2755 747 2034 1416 1096 1948 2272 64 1569 2721 715 100 48 1316 2815 258 1051 2556 1407 562 305 2352 1496 439 1320 2433 2713 1860 1636 770 1640 1965 1218 194 1586 1261 155 201 51 2309 1381 2241 1658 1548 1901 2628 1993 1782 497 2650 674 2836 2376 563 1453 2046 2826 992 1490 1840 1552 659 2707 2439 1544 1878 2631 2289 1045 1123 2802 1617 259 260 1328 712 1422 1990 2544 91 269 832 943 231 1679 2239 168 2454 2235 947 683 1895 2213 2714 2100
2840 445 2515 463 197 2011 1710 2241 1788 2375 550 1045 1617 1422 1663 712 860 1993 659 1417 1552 1489 1328 2289 433 900 2707 1437 2454 1895 1701 1623 1092 1486 1208 2397 260 1983 489 1369 2130 2050 1658 2826 559 2714 2544 1029 1782 735 1381 2817 188 2769 1679 1656 645 348 480 2832 674 556 2574 51 817 1307 2419 1870 635 943 1934 518 1444 2133 1878 26 2424 925 155 2836 2767 1190 179 947 563 987 1624 2084 1640 1218 2753 1405 1644 2652 970 169 221 1926 259 1054
352 2797 2269 2092 299 2139 2576 2833 741 2844 2371 264 2455 428 2484 1982 1122 1549 2776 837 667 1009 2412 1815 1539 2063 1814 262 1735 1925 1619 1622 1159 2403 969 1863 2385 891 2473 879 888 2189 1242 403 2731 557 2460 600 2811 234 273 1338 641 267 1291 1 17 1589 1520 1572 2100 1571 1509 2486 1238 846 573 349 2223 2524 2104 2255 642 317 2094 913 2399 160 1698 1078 472 2727 195 226 2175 90 2338 1373 2635 1059 1607 687 2771 342 867 1530 307 1349 1540 2185
2792 998 118 567 1583 1791 2065 1531 1354 919 952 1769 748 1470 887 2778 1854 808 9 1063 1579 2711 517 2252 1667 2328 382 1179 1970 930 1585 639 841 778 2491 1657 1977 945 819 1578 928 2647 1851 2682 1770 114 2729 2575 2097 1920 1651 982 2379 227 2723 916 975 923 2304 2042 763 566 311 2361 875 515 2349 492 579 2225 1210 2459 2793 1528 2310 25 177 816 1209 2026 2028 7 513 1239 910 151 1367 512 2416 164 1154 2122 2829 2165 776 1085 156 2488 701 1368
2174 1861 57 210 1580 1234 2418 2461 1034 280 1276 133 2456 793 1859 2662 1724 1392 1792 2374 493 2327 1664 570 797 1196 1575 1758 2186 1930 1947 77 2004 2184 1375 2125 583 756 421 1358 366 548 294 1072 2330 1765 976 801 704 1279 1776 2590 2672 1665 1043 1081 2541 2659 2206 720 263 2694 1551 1350 798 1457 1887 1877 885 287 588 228 859 746 2123 1193 2739 1675 1086 857 170 2356 687 2187 2581 2039 2127 2321 1191 2548 2229 880 2703 1345 2198 689 1432 1542 1229 2332
99 2163 760 453 461 401 1628 1510 595 823 399 1023 2655 1872 208 2055 1717 2587 477 73 731 141 2469 2126 981 816 1085 177 2122 2679 1160 1903 1163 2074 612 2829 1599 2098 2747 1233 1047 437 1784 1976 380 156 164 1241 694 174 2577 72 2775 2722 1415 2218 460 172 2636 2009 1145 2452 1688 1504 1808 1404 1155 2274 2642 222 1100 1436 2355 850 1089 2362 1305 2512 755 2420 1682 2147 1267 320 515 1154 157 566 2342 2156 666 897 1479 1321 1065 2691 2201 2593 975 631
956 1882 867 2399 385 2431 2823 551 154 2727 342 1 2266 307 2607 1520 1025 814 1059 2749 1816 1349 226 2740 285 1221 1660 1366 1572 2548 352 2387 1421 234 2633 687 203 1524 1375 685 546 2194 829 1539 537 115 1618 2255 2158 913 1480 2080 1260 582 1060 2340 1761 414 1995 210 1768 2261 669 1482 661 1387 2732 961 1540 1607 795 2403 573 1153 2694 1215 750 2186 820 1276 2383 1449 186 857 83 2327 793 2226 2253 1410 876 1341 1095 2688 1034 762 2174 2586 2662 2330
2023 2755 1584 2045 747 258 2545 1796 1320 770 2034 1407 2272 2622 1548 2757 315 64 1252 1948 1759 1416 1557 2015 733 1569 1431 1390 1980 2721 2296 2818 414 199 1834 866 1562 1051 70 951 91 500 1499 983 21 1398 832 2235 2556 2668 1593 792 1065 2108 2117 2352 36 1686 893 305 2563 302 62 1719 100 361 1096 2802 2815 681 2161 536 715 2685 1142 191 597 2302 1073 2190 2478 2451 2702 2078 289 2384 417 2077 1393 291 78 1165 277 1753 193 121 2042 2024 1732 48
192 2025 61 207 1787 2669 2396 225 296 356 2794 408 653 209 1282 1506 838 139 245 2173 49 654 2280 383 525 2091 2070 1781 418 290 239 1274 1141 1555 1127 2164 1780 1481 52 2311 1273 1612 1918 455 2693 1262 1022 113 2059 2531 346 2467 2690 1875 1011 806 534 2429 1024 1475 726 1662 2821 53 252 131 1124 268 484 495 1924 999 452 2279 2244 780 295 1465 1037 2565 2053 389 1843 2285 2236 758 1216 2698 2765 799 1505 1356 1503 2470 216 467 138 1168 1299 858
1477 1113 1960 2494 909 851 2503 1922 2620 1616 1591 1232 40 2421 84 1757 882 244 1949 1687 2115 594 1696 123 327 1458 629 986 1426 2571 1400 2677 2386 844 1462 690 1139 423 676 2101 281 1255 991 117 23 398 1198 1866 796 2203 1605 214 5 762 745 1144 2768 509 531 2152 2457 2128 2348 1371 420 2036 1397 2000 2502 1515 2464 1326 1010 1061 574 850 1474 1889 2161 1661 1184 2362 1488 379 2160 750 1979 2074 1537 1904 1471 2751 1199 1766 2572 380 2291 2691 2141 2403
8 1474 2535 1671 325 745 2449 2706 443 1090 1006 586 1308 690 1082 1763 1697 37 459 2167 2268 1537 2216 924 144 922 1380 2222 1288 1352 488 2573 1219 946 1363 2831 1703 2452 474 666 1015 599 2446 2705 1263 2245 1456 20 915 1425 1471 468 2463 953 1817 1173 1113 1750 1501 703 136 1188 2537 1205 2688 621 1203 2642 785 1423 973 1322 2425 224 1659 1461 2514 2086 205 448 2774 2293 1641 167 1550 229 2770 2567 1182 1284 2779 1560 624 2571 1661 2593 1741 1881 2401 38
1083 732 1702 181 582 1371 620 2643 2263 2502 2572 1525 941 6 759 2152 84 2623 1726 1797 1198 2841 2678 1280 2761 546 244 1221 327 1605 1659 844 2048 1768 117 2386 2203 1515 1205 1184 5 106 1084 807 2115 2303 973 2141 2677 285 1139 2448 2567 2153 1570 894 1632 419 2554 298 1882 1603 2457 636 1696 1199 2030 1364 1488 1687 425 2348 40 2060 1032 1616 2831 1661 2791 22 1536 2571 2475 1171 189 96 1591 1113 353 1251 448 214 2494 2182 2109 2688 1738 196 498 2705
519 392 301 1419 1527 937 2331 2763 94 2843 257 186 2377 1894 1779 535 1546 773 1992 1516 2102 1385 1455 2341 406 336 1442 2145 253 2394 1526 1007 1325 1946 1731 568 2516 248 2219 1138 1511 1495 1424 1969 1498 1068 338 434 730 1670 908 1871 320 2299 1707 852 605 811 709 1133 1040 1454 1309 1966 1131 610 1682 717 1311 1634 821 112 1676 1005 544 1718 2830 2095 1079 1850 855 942 1783 2600 1387 966 2746 2243 1142 2262 1705 2543 1466 1379 1020 2519 648 538 2085 2318
2755 2023 2045 1584 747 258 1320 770 1796 2545 1407 2622 1557 414 1562 2757 1390 983 315 2034 1759 760 1628 1980 1073 2190 2239 2668 519 917 2296 21 1252 1142 1548 2098 2015 1732 1023 1431 590 2131 164 1731 902 981 733 536 2818 1065 2033 961 792 1564 289 1091 1088 1851 1834 156 945 2163 830 2272 1928 70 1047 866 1707 1769 2763 199 1256 32 853 1398 2281 694 1450 1890 62 2073 417 1516 1850 595 535 76 1996 2384 2518 2530 597 742 500 996 2745 2451 2775 1366
1801 529 2277 2644 395 2323 1230 962 1798 572 1683 1394 853 783 1334 1175 1951 2000 581 589 1306 658 485 1451 251 1898 1106 727 2114 2759 2504 737 101 2072 2409 2242 1361 240 1427 714 898 374 2540 364 789 1166 803 407 1559 1928 1558 2381 614 1093 1207 2579 436 766 989 1035 2040 293 1839 215 1900 1115 646 1137 2149 2784 2054 1834 2561 1087 483 2546 1252 2238 1557 431 2772 341 545 2622 1786 1300 1390 2478 2015 1257 2510 1389 70 1753 1125 2818 328 951 1883 2077
2578 377 828 640 13 2520 1272 1668 2602 1374 672 2828 933 2210 2671 1337 2428 2629 1249 1429 2539 2798 2047 323 865 370 1910 56 729 2031 2083 1754 2120 2570 1041 1949 2038 1070 2221 2032 1189 1329 2335 2839 2795 1764 1399 964 358 1038 2421 955 2640 1049 1521 839 698 932 2513 1952 220 2808 1449 1275 1929 1266 979 1240 2783 1598 1780 2227 504 176 2786 2687 2387 814 2406 1033 340 1187 2141 2470 1562 679 1648 554 2330 43 2186 1018 959 332 625 2423 1787 471 2668 123
1487 1471 953 924 2573 909 1400 1687 2494 1113 2620 205 37 1006 1763 1090 922 1308 1082 443 84 586 335 1183 459 1474 1922 2706 2216 745 1232 2222 1703 1288 2167 2571 167 2535 411 275 2449 325 327 1188 2230 956 8 882 300 1363 1671 2179 690 2268 1502 762 423 20 448 2348 1380 214 2503 122 1205 334 750 1255 1084 1284 1462 1697 594 835 2079 650 1456 796 1184 144 1537 2150 2197 2303 1477 1458 1278 2591 2823 2768 2161 474 1891 907 2841 1570 1960 2567 117 2080
1146 1752 4 1545 2367 950 2069 1799 1202 59 1624 2389 1737 817 626 2270 2082 1644 2411 2832 1102 2790 2817 987 312 547 556 1656 1926 2477 85 283 2501 826 1319 266 613 1407 2528 1934 2300 2631 2044 1386 1965 188 611 1316 635 221 943 1496 1405 1636 2767 2148 1414 2289 2840 735 1840 2272 433 1983 2515 155 440 1704 2735 1190 1552 1092 2527 2815 2424 2375 1881 1018 2556 663 259 2241 550 2397 1422 782 518 1339 1173 932 2538 2133 2692 2312 965 1948 1782 659 1328 2557
1908 835 702 931 1830 284 848 1107 1114 903 1767 768 1340 65 1845 2601 2471 1310 1254 502 990 1512 2624 688 1608 297 1235 126 1821 103 578 2276 1720 1323 2388 1186 250 1975 522 1413 1391 2314 684 2667 1458 1801 1120 2114 581 876 1113 1152 1406 1036 2240 1809 86 10 1075 398 2149 1922 102 1959 1905 2605 2329 2620 2802 543 775 1012 2503 1570 1334 614 2637 2805 1144 2494 1805 1832 373 2239 277 1968 2000 249 1687 2656 2016 39 83 2561 1016 2495 2297 1372 2383 2804
2022 304 2113 2066 2178 1213 1785 1389 1353 1333 545 2546 1019 1228 1883 63 1115 1685 182 149 954 1161 1513 1760 1847 1712 2016 1773 1795 2542 1434 2784 617 1300 2277 1394 783 1298 2112 1004 2149 483 940 2242 1343 2737 75 310 1561 949 499 2656 1334 240 1693 727 614 485 658 898 1175 1087 465 198 714 1743 789 291 2497 2827 1951 1749 2409 1166 1093 751 1197 407 1558 576 589 1971 2114 1137 737 540 1306 2072 1898 1451 853 132 1361 1207 1631 2787 529 95 2238 695
1305 2512 222 1504 850 2362 2218 1436 1052 2355 935 2096 2750 836 1790 2645 1321 1098 2201 2071 1933 2156 1709 2342 2432 2450 1736 1806 755 897 1638 2691 2420 2446 2452 1621 612 599 2593 981 1023 629 1047 2537 666 380 461 144 2642 816 141 2098 1006 73 1474 1044 1267 443 453 2747 1090 1741 1085 2163 177 396 2535 2122 1682 1903 586 2829 1763 2074 320 1910 745 477 1308 908 1363 2679 1510 1355 325 2161 459 595 37 2055 401 1671 1233 1163 1245 99 2627 1167 1703 2318
767 1938 1443 1833 889 1747 2686 277 2702 2496 2315 369 1980 431 1125 1753 2478 2777 70 1460 2077 18 2772 2510 211 1842 1834 2818 951 1989 2757 2015 2685 2532 1252 2 1759 1557 2663 1390 2622 601 2561 1839 1418 315 1035 1165 1845 2302 1976 164 2016 121 578 156 1413 1114 2577 461 2149 39 569 193 2288 536 1340 250 2624 988 1431 126 760 990 684 931 1793 2471 848 2108 2671 1952 2556 502 191 694 2601 1628 297 72 2388 2022 2090 1065 1767 2808 1872 1784 522 1357
1742 1331 908 1614 1370 337 1105 1554 243 1396 355 2696 813 2257 1673 966 1495 2660 921 2458 1384 2064 487 1705 1681 942 1017 2085 2282 1290 984 2049 2600 530 1518 1301 631 2543 451 2596 607 1058 2140 662 1604 446 1909 1567 2392 2796 1981 1237 1676 1119 852 1613 2262 1621 2782 360 710 2259 660 320 1978 1002 54 1893 2793 2336 542 1946 975 1739 2093 2357 2170 765 301 2369 50 7 825 1271 151 871 3 2490 2394 1642 186 1879 1246 532 1566 2157 193 394 569 1853
1518 2282 1290 921 2064 631 1017 2596 2796 1058 2140 607 1301 2049 451 530 446 1567 1604 662 1613 1981 1909 1237 2392 2093 394 1119 1879 1906 1978 2085 942 1384 2357 2543 1742 1705 984 487 2660 966 1681 2600 1002 908 2458 337 2262 1331 660 2782 1554 1739 2257 1673 1614 355 360 54 1853 813 2259 1000 710 124 1695 1516 542 1893 243 852 2696 1370 918 1396 2087 1105 1455 1618 1645 2243 1491 791 2006 2664 235 1099 220 2843 961 1508 2369 50 2822 2530 708 996 186 253
663 480 2714 2538 925 348 2769 26 2454 1369 1870 179 518 2649 1489 1710 860 550 1417 1701 2130 1859 1788 712 2461 2050 1276 421 2418 57 1576 793 570 1034 2211 1758 2375 704 2125 280 77 1930 1983 1092 1665 1045 689 1716 445 2011 499 884 170 93 1609 895 2840 1590 493 516 2289 2662 433 210 2044 2501 95 294 540 1169 404 1934 1861 1197 2574 1580 1551 1724 2456 1552 2004 2020 2241 197 2542 617 1838 2229 1624 1743 1644 1172 2148 556 1358 2832 1278 2827 1103 1028
1113 909 1477 2494 1960 2503 84 1400 1232 1471 1922 2620 1487 1591 953 882 924 851 2150 1616 1687 1255 1757 2421 123 986 398 2115 2768 594 1458 2573 244 1953 214 1949 327 420 40 1139 423 148 2101 2348 1397 1866 1426 1696 941 1488 1184 334 1738 750 1462 281 1754 1038 117 2179 1979 1041 907 2571 1541 2386 335 629 2197 2677 1519 1602 956 1423 2203 971 865 351 1605 300 2387 1502 690 781 2838 323 2359 1954 2141 932 413 1199 2230 205 854 2688 2751 2109 1371 23
1083 732 1702 181 620 1797 419 2263 1525 96 2374 894 2572 1632 2554 2153 2441 2678 2827 1371 644 2623 2442 2111 1280 310 1856 2643 1032 2522 1251 387 2720 2386 2048 189 1364 2056 2562 2401 2060 106 2761 844 2502 2448 582 1336 2498 1927 1013 1064 1726 45 95 596 2688 621 2188 759 762 1108 1093 462 171 2141 2116 2004 2612 2168 689 43 941 1768 2182 949 42 1743 2152 183 6 1198 63 2807 2760 661 84 2831 1749 2202 636 2125 746 2603 1019 481 133 971 1283 2733
1483 376 1447 1836 44 16 1469 1178 1672 2437 2317 2129 1535 2700 1990 2422 761 1346 1057 832 2249 291 2523 1713 1116 1714 483 34 465 683 1300 1914 1224 47 240 1838 2784 1593 789 540 2785 2202 576 2180 777 1176 88 2190 2547 1996 1631 132 1749 1091 1449 695 2745 1476 2441 2827 983 596 407 1856 751 1087 824 614 1561 2579 830 1183 1693 603 2281 39 1732 1743 2242 1451 2275 1103 1450 1620 1898 676 1804 95 1801 2656 766 2016 1971 63 2111 2072 1482 1093 967 328
1416 1096 1948 2272 1316 2815 1051 2556 2352 1496 1796 747 194 1636 1860 1965 2545 1584 2034 2721 2023 1218 1261 64 2713 1569 305 2755 1586 562 2241 715 100 201 1658 1381 2045 439 48 1782 51 2309 1993 1640 2628 497 712 1422 2454 1617 2433 155 1407 2650 2769 231 1045 2714 563 1840 168 784 2836 947 1901 659 319 2707 1453 663 1544 674 2289 260 1123 550 26 1623 2826 2631 1878 2538 1490 2482 414 221 1552 2439 1328 2046 1548 1679 258 348 2817 2735 2553 943 1897 518
2282 1518 2049 1301 2140 1058 1290 2796 451 530 921 2064 631 1017 2596 1604 1567 607 446 1981 1237 662 1613 1909 2392 2093 394 1119 1879 1978 984 1906 2357 1002 1742 942 2085 2543 908 1705 966 337 487 2660 1384 2458 1331 2262 2600 1554 1681 1614 243 355 918 2257 1396 1673 813 2696 1621 1105 1370 1491 2530 996 124 708 852 700 2648 2782 2259 2212 1327 1739 2446 186 536 1132 660 2343 193 1495 599 1618 320 1271 2537 271 2372 988 319 2331 360 2822 1893 2405 2287 2089
569 536 1132 1588 193 988 121 2090 2333 680 1268 1431 36 2117 733 500 866 1793 1430 1499 1886 1699 2078 1553 1492 432 142 176 1053 979 1065 878 429 1033 2743 2227 571 2668 332 1393 2786 802 340 1890 1686 1418 886 555 21 597 1256 2029 1562 199 2384 417 2108 901 289 1888 554 2451 2217 62 681 361 2415 1398 893 2568 868 1266 427 2423 302 2808 78 1952 1648 1008 2406 2640 981 2055 1023 743 292 612 1789 460 2407 1399 453 964 927 2634 402 1628 1906 2120
2267 1236 2380 743 1886 878 2078 1053 2423 142 1492 427 429 802 432 866 36 1431 1430 2117 1553 1699 555 733 500 868 2568 1793 1499 1888 1256 2217 2415 680 901 1268 554 1890 2333 289 176 2029 2786 681 1588 2227 1562 2668 1132 536 21 979 193 332 340 1033 988 2743 199 1065 121 417 2384 62 292 1398 571 2451 597 886 361 1393 569 78 893 2108 302 1686 2090 1418 770 414 1670 662 961 186 964 1613 1618 1399 2038 749 1390 1909 623 2224 2428 1387 1070 2735
1944 2294 1055 2728 725 1056 2207 2558 2766 165 1825 1940 447 1986 1130 2825 204 2741 137 2135 116 494 899 1212 146 2435 1606 2580 2057 2842 1874 1899 1223 2683 647 2639 2291 2506 1841 1452 574 2708 2292 2736 692 2813 2041 1126 1935 1463 2438 1937 2569 2382 1547 1185 362 2719 682 1592 491 2258 2319 948 2248 2511 2286 657 1962 1876 790 2393 1076 1464 804 97 1868 1777 1134 140 1639 686 442 677 329 1067 246 722 2220 2526 79 2625 1771 2068 271 2436 1892 1677 2305 608
1579 2252 9 639 2647 841 1920 945 1769 1578 1770 952 1354 1583 919 1179 114 2328 2491 1531 1470 748 2682 887 1977 1651 1063 2778 998 1528 1667 2097 1585 118 916 2723 2792 930 1791 819 567 2575 1657 1851 2729 928 227 2065 2042 2379 982 492 763 2459 515 2349 2225 1368 808 566 1154 2488 1854 311 2310 1367 2026 579 512 2462 875 923 1239 2165 1210 517 2334 382 2711 2803 2304 1415 910 1209 1864 513 1819 1031 1643 2775 25 2416 98 326 174 1344 975 1655 159 1566
2210 640 13 2421 2520 865 1754 1272 1949 1038 2671 1041 828 2828 1374 672 2578 2602 377 1668 370 323 933 2047 1337 56 1189 2570 285 2795 196 2335 2839 1329 1910 1249 1764 2083 820 2054 2677 353 2032 1275 1515 646 776 372 2669 244 476 306 2387 1541 2078 281 1221 650 669 1477 2038 2808 432 1793 2571 2513 2841 1326 1819 1696 2666 5 425 375 98 2363 1065 2415 807 2366 1704 2787 698 2014 1929 2070 609 1768 1789 40 1603 2261 1399 121 901 1223 2568 159 2346 580
1453 2713 1490 2433 1860 2034 2376 1901 1569 715 2545 100 2721 2309 64 48 201 1796 562 439 2556 305 1948 2272 1640 2815 1416 1096 1051 1316 1636 1496 155 2213 1965 194 2352 1586 1218 2650 2826 563 168 51 1123 1261 1878 659 2628 1993 260 674 497 1840 1381 2241 2289 900 1307 1782 1658 1148 992 1486 2836 319 645 2088 1552 2652 2076 231 906 2046 1584 559 259 2707 1710 784 2419 1623 445 712 2007 2358 1617 486 1437 965 2544 2011 2767 1544 1208 1046 1679 2337 769 1328
1451 2000 1559 1178 44 1361 1106 2437 16 1672 614 2129 1346 293 1483 1447 1990 376 1786 2787 2317 727 1469 2114 2072 1137 1836 2700 1971 1257 751 1207 581 1482 589 1798 39 2054 2242 1951 1224 1087 2656 1183 1535 761 2383 1306 1116 2409 1693 1561 2249 1801 2080 658 2422 1357 646 1683 676 1057 1230 1714 485 1713 1175 1538 47 1115 1620 1180 2695 898 832 465 1558 572 683 714 1334 603 2523 2149 441 2323 373 1838 2281 483 830 1166 1914 2288 564 1928 2495 853 737 2275
1019 63 1333 1685 2022 2016 954 182 149 2542 1760 1712 1434 1298 2112 1004 940 2149 1343 2737 783 617 75 1561 949 2656 2242 198 1334 2497 751 291 310 1693 1197 499 1631 1103 1999 465 2827 1087 2113 2114 1785 1304 898 576 540 614 1161 60 1213 1228 2072 1749 832 2409 1558 2066 2441 1513 1743 1207 714 1847 1166 596 39 1773 95 1593 1856 676 2178 304 1535 1389 2547 1786 581 1795 2546 1353 1971 824 93 895 1137 1683 1257 132 1357 1597 2111 1590 737 1928 1115 634
2502 2152 1605 1953 1139 214 2348 1602 2841 2567 1371 84 1866 2141 5 2751 1171 22 1214 1696 2109 509 844 2457 244 941 1616 1726 1199 2115 1515 2128 2572 2263 106 2386 2678 1280 2448 2623 957 609 785 1525 2404 2725 1927 744 1632 96 1198 2060 189 1889 117 2203 1738 1397 1032 1488 2464 2153 1766 420 419 851 894 2768 327 2620 2150 1084 1659 2554 1113 1364 924 1205 1471 2303 1184 171 2182 148 510 621 2030 1922 2056 1960 1979 1064 1502 2705 1591 1288 2179 1703 1987 1458
2024 2143 24 426 1597 2430 634 1689 2320 2021 1804 2533 2756 1149 967 29 1533 286 2172 2673 1728 1231 754 757 218 213 707 1719 293 2638 2408 2235 91 739 2260 2354 1478 1265 1849 558 135 119 792 2295 1383 1296 2296 80 1448 2413 2615 424 1867 184 1722 1529 520 2390 19 2472 1269 499 1984 232 1945 2054 1847 1513 1161 2566 1228 2787 983 1252 2277 1773 853 2022 695 483 2113 536 898 291 240 1312 2078 2015 1213 646 2478 2224 1886 121 2178 2622 408 1951 191 2077
2687 1730 1929 1275 2806 2773 295 504 2715 484 2059 1655 1831 2301 927 467 1789 464 1240 1706 999 806 455 1475 534 53 31 326 726 159 2429 2407 2236 1097 1378 1293 655 580 2765 2062 1692 268 1026 1022 418 1008 1011 1273 200 2285 331 1662 1813 1923 1018 618 108 1875 782 471 2316 430 363 33 628 131 1438 478 533 1961 1481 2398 1262 753 780 1220 1143 840 1335 1297 786 2244 125 1755 1967 1822 225 1062 501 314 2632 1843 2693 452 390 2565 495 324 1917 1472
1146 1752 4 950 2367 1545 2069 1799 1316 2556 1202 1496 1965 2389 1624 817 2272 59 1948 2815 1926 1416 1644 2352 2790 1636 2817 1096 1656 2411 1102 2528 1737 547 626 987 613 2082 194 2270 1407 1319 2832 2477 1386 611 556 1586 312 188 2300 1218 85 266 2767 1934 1840 1051 2501 2713 2044 433 2628 826 1782 635 2011 221 2289 1658 283 2836 943 155 659 197 674 440 1381 2840 1552 1663 2515 2502 1328 1649 2735 2241 1860 747 169 1261 1208 319 2213 2419 2631 769 497 1405
352 1349 1539 1571 17 1 969 234 2399 1572 2255 573 913 1520 1059 600 642 317 2100 1338 846 2727 1025 2811 551 342 2635 273 2223 2486 195 1622 1698 2253 1409 307 1242 2338 1095 1618 2104 1994 2372 2215 90 2158 2524 1540 2412 1069 2473 577 2758 2226 2801 46 1607 2339 2138 1815 2340 537 2444 147 1341 1524 511 891 1828 1619 879 403 2063 1615 1925 223 667 837 557 2484 961 1863 888 2403 2466 472 2595 154 741 2844 1514 2797 1355 262 349 892 1735 127 1982 1509
2840 445 2515 1710 2011 197 1663 1328 1417 2241 463 1489 860 712 1701 2707 1623 1045 2375 2767 1552 1617 1381 1369 1679 1788 1658 1782 900 2836 1437 1208 1486 550 2714 1054 659 2050 2454 26 559 1218 51 2397 1444 925 1656 947 1983 2419 2289 1870 169 1993 2652 1422 674 348 735 1948 1092 817 1307 2817 260 1261 480 2826 1416 433 1640 188 2544 645 2130 1644 1544 179 1649 2439 556 1934 2628 1624 155 2649 2837 2528 2574 305 2133 2790 2832 943 1405 562 489 2769 1926 987
2414 1177 2641 2176 107 55 1507 728 397 2550 2604 1104 1669 1194 2019 575 2754 2326 736 1970 187 2239 2073 32 1919 1720 2573 1821 1467 920 1975 834 2169 924 379 541 684 1950 250 2360 1922 2661 400 1400 2288 423 382 2281 2508 2159 1691 902 2033 2154 1310 827 1326 917 1471 1061 1423 39 2388 444 2086 375 1144 1608 1512 1690 20 2080 590 1028 2036 2711 1254 473 1591 87 83 1225 1943 2234 1593 2620 205 153 1954 1748 469 65 1960 1830 2351 1114 1482 2304 2124 584
1067 722 2665 246 2511 79 2068 1547 1134 350 2305 1463 2842 1935 2041 97 1606 2135 137 899 1212 116 2741 204 12 2825 2766 1126 2736 447 725 2294 2292 442 165 1056 1055 2728 1130 2558 1868 140 1962 1452 1940 2207 692 1841 1825 1944 362 2598 1076 2436 2319 329 686 804 2580 2506 1986 2258 790 2286 1464 2382 2719 2813 2239 2248 2383 569 2695 2326 1937 1669 441 1523 1901 373 1006 2708 193 2073 2296 993 397 2088 2393 736 2080 1132 871 536 393 269 121 2136 2019 83
1337 377 2578 2083 828 1910 2570 2795 1249 2839 2335 1764 1329 2629 2428 2031 2120 1070 2671 640 2798 2602 729 13 1429 1668 2828 2221 672 1272 933 2539 2520 1374 964 358 1399 2513 2038 2640 2210 865 2808 220 1952 1266 400 1449 1754 1949 323 1521 698 955 2421 2047 1041 1108 56 370 839 1598 1038 625 858 1049 571 1273 2562 2687 932 669 679 1283 661 476 1596 2442 1435 959 216 1274 1768 27 483 1780 1880 1275 43 1438 2168 471 467 2698 414 387 1248 2476 42 1797
348 925 26 1870 2769 1369 2714 480 2454 2649 663 2538 1417 179 860 1489 712 550 1710 1701 2050 518 2130 1045 1788 2241 735 1422 445 1328 2840 2011 1617 197 1552 1644 2375 817 704 1663 64 1656 2817 463 1782 2528 1983 77 659 421 645 547 1624 793 1658 1926 1381 1623 1859 1208 1486 2790 674 900 2289 51 556 1569 2707 2461 1437 1029 1743 2826 2721 1416 1930 524 1092 168 1307 188 1054 1034 1679 433 559 1934 2397 48 260 100 2836 1096 2563 746 263 1948 391 2082
2840 445 2515 1710 1417 1701 1788 1489 860 1617 2241 2011 197 1623 712 900 463 2707 1552 550 1045 1328 1663 1679 559 659 1993 2424 2767 1983 1092 1437 1208 1486 1948 2397 1422 489 155 2419 2826 947 1381 1658 1782 674 1878 260 1656 433 2084 1218 2714 2375 2544 188 2050 1569 259 305 2454 2289 26 1307 2652 1054 2628 2721 1444 2836 1870 169 1369 2817 817 556 1261 2082 2713 1926 51 1416 134 735 943 978 622 2790 1190 2133 1640 221 1051 987 606 1428 348 2837 906 1895
1178 2437 44 1672 1990 2317 16 2129 2700 1447 1836 1469 1483 376 1224 1346 2249 1057 2422 1116 1713 1535 1714 761 2523 465 1838 1914 683 47 832 1183 34 2180 2785 751 2202 1482 2281 1593 39 1559 1620 1451 2190 1786 1693 676 603 2275 830 1996 1106 614 564 1357 1732 1971 926 777 88 291 2000 2080 1450 2114 1818 1257 2288 1449 1678 2745 230 1538 1073 441 1561 983 1523 2656 1476 1091 1176 1361 2072 2695 2547 540 581 1180 2242 824 2383 2579 1137 2495 132 76 1087 576
269 1548 531 2499 1980 444 368 1725 2685 2315 2702 2359 2161 277 598 1439 1200 2051 907 2506 1767 327 1960 423 725 1130 1979 104 1591 1833 1940 1088 2288 1462 2494 2128 1555 1962 1443 165 1954 1986 1183 2653 39 2292 747 694 1326 1841 2303 1654 1423 1225 692 1357 1241 379 375 117 2319 2 442 1922 2719 2728 351 684 5 2154 1687 1825 2518 1747 2000 2124 2663 1975 1055 362 1601 1817 1397 1007 1508 2497 2281 482 431 1073 1641 1036 1120 1499 2510 205 1902 601 2207 2741
1300 1389 1213 2066 2113 2546 2178 545 304 727 658 1353 761 1115 483 2022 2784 1394 589 2277 1883 16 240 614 1451 1175 1447 1361 485 789 2317 2072 1228 1785 2000 2249 1469 1137 376 1951 1106 1087 1333 1798 44 1306 783 1483 1683 1971 63 1207 1801 1019 1559 1898 581 1093 572 328 1558 2114 2656 2149 853 2242 2579 1693 737 2504 2644 1230 766 714 39 898 1786 949 824 2238 1178 374 2409 407 395 2323 529 341 2759 834 2040 954 2452 1161 436 1257 1561 1900 1685 2547
1145 1688 1808 2274 1404 1155 1100 1089 2775 2636 1415 1085 174 816 2009 460 72 172 2722 156 164 1163 2122 2577 2679 694 177 1903 612 141 1023 2055 2098 2829 2747 453 1784 401 1047 1628 1241 2163 666 2452 760 208 1976 595 2587 1510 981 461 1872 1160 823 731 1717 477 2655 2469 2126 599 2537 399 2074 1599 2446 1339 73 1305 1182 99 380 2071 2218 345 1956 1898 2774 2799 536 2642 2144 1879 1092 1003 734 1741 1933 2640 1436 1974 2832 109 2692 671 571 2028 2105 1233
192 1787 61 207 2025 2669 2396 2794 356 296 653 1282 225 209 408 139 838 2173 245 49 654 2280 525 383 239 1781 2091 1506 2070 1274 1555 290 2164 1141 418 1127 2311 1273 2693 1240 1780 113 1481 1011 1961 1475 2531 2236 1022 52 1635 1262 580 455 2053 159 2698 390 1967 1124 1037 999 1929 1918 31 1168 1050 1356 1875 326 2715 1299 2059 1143 2285 27 806 2279 1216 200 1293 1655 1505 1275 53 1662 1612 1097 504 799 484 1317 449 33 625 1972 430 1789 216 2402
2840 445 1710 2515 1788 1701 2011 1417 197 1489 433 2375 860 900 1437 1208 2289 463 674 2707 1623 2241 978 2424 1092 1123 1486 2767 1552 489 2652 1983 2544 659 259 1663 559 2148 1319 1468 2084 1656 1307 817 497 134 2628 1328 769 1054 1895 1253 1878 611 2826 1617 977 188 2133 992 2817 906 1679 1775 2419 2312 1586 59 2200 1045 970 675 1218 319 2397 2046 169 1381 1658 1414 1428 1948 987 1782 2076 1444 556 524 1148 645 563 1029 947 547 2713 550 1422 2606 1848 1190
2394 1946 416 105 1778 2331 883 1419 11 301 392 2843 2243 1142 2793 2417 908 975 1105 855 7 2087 1970 94 2336 2519 1741 1271 2697 1614 517 1527 355 2696 1068 2251 1936 2660 2196 765 1331 519 2492 774 937 2095 153 243 847 151 749 568 825 680 1396 2718 673 1894 678 2453 694 2228 1132 1554 1339 320 2283 2742 1020 593 175 1495 800 2711 448 152 536 2157 2119 1633 1966 571 257 1745 1136 873 1581 535 2005 2204 490 1370 2259 458 1708 337 1138 1006 253 256
1834 951 1252 2818 2015 18 601 2663 2 1842 2077 2478 2777 2772 1125 1753 70 2561 2510 2757 2161 1390 1035 431 1557 2315 1759 2622 315 1839 1075 1443 1747 1165 889 2302 2686 1114 1418 767 1833 1938 2702 2667 202 522 2323 1460 277 1767 191 1989 931 369 1012 2653 2409 1406 1801 211 2054 1845 2240 2149 2121 1928 1798 2509 1357 249 2624 1001 2000 886 578 1830 1166 29 702 2350 1809 1810 126 426 2329 2532 1905 1427 2320 2415 121 853 529 962 2787 1869 646 67 2637 145
1146 1752 4 1545 1799 2367 950 1624 1202 59 1644 2389 2069 817 2832 2411 312 2790 2817 2528 1737 2501 1102 1926 1656 1934 626 987 1407 1840 1636 2477 547 2082 1316 1965 2270 556 2044 266 1496 613 440 85 2556 2241 2836 155 1782 1319 2767 2300 188 735 1386 1381 1948 283 2515 611 2289 1658 2714 2840 2628 635 2272 1416 943 2352 2011 550 1092 1328 2815 221 1663 663 433 518 674 1422 169 826 2837 1405 1649 2424 194 2439 1617 659 947 1552 305 1218 1045 1437 2631 1983
1416 1096 1948 2272 1316 2815 1496 1051 2352 2556 747 1860 1796 1636 1965 194 2545 1584 2721 2034 2713 1218 64 201 1569 2023 1586 2755 1261 305 2241 2309 100 562 1381 715 1658 2045 48 497 439 2433 1782 1422 2628 784 1901 2454 1453 2650 2769 231 1490 51 1640 1993 414 712 155 663 563 1617 659 258 1548 168 1407 2289 1840 319 2376 260 1897 2239 2714 1362 2538 550 2631 947 2735 221 674 2826 902 2802 1878 26 1045 21 2046 2033 2836 1123 1148 289 2553 2482 199 2707
44 16 2317 1469 1447 376 1483 2249 2437 1178 761 1990 2700 1836 1672 1057 1224 1183 47 1713 1838 1714 2523 1535 683 1116 2422 34 2180 2129 1914 2785 832 1449 1346 2202 1620 465 830 603 88 2190 291 2745 1732 2275 983 1450 1593 1476 1678 483 1073 576 1147 1176 441 2695 83 2547 845 792 1103 1482 596 1523 2281 60 95 1304 1773 1749 2296 2383 540 1743 2441 967 824 132 834 1161 1245 1513 1804 1996 2194 777 269 1856 1847 1795 2235 1633 1561 2827 1300 2080 339 1693
1146 1545 1752 4 59 2389 2367 1799 950 1202 626 2069 2270 2082 547 1737 2692 1407 1319 1926 2289 1386 1624 2840 611 817 2148 2553 2477 271 169 2767 556 2530 2837 266 996 1181 1775 433 440 259 613 2515 618 2817 173 2832 1656 1917 987 2790 2650 1414 283 200 735 1892 2735 155 188 1782 1663 2470 2312 400 1677 85 2501 1618 1840 1491 312 1964 1552 947 1328 1316 2556 2343 1771 623 826 1555 2011 2836 1029 2272 2375 1564 1253 81 1965 2340 965 345 2300 1613 1045 1617
2840 1663 445 1328 1623 2707 1679 947 1444 2241 51 1617 1993 1782 1045 1054 2767 1381 2836 712 2515 1640 1658 2011 1422 169 1544 1489 2837 1649 155 2439 1218 305 1417 2050 1369 1710 2454 2130 1261 463 900 860 2714 562 197 735 550 2650 1552 645 2769 260 2628 348 26 1569 1486 2826 1437 1701 925 480 1208 64 179 100 563 439 1870 1796 1948 2034 1307 559 2631 659 1416 2721 440 1788 1840 1878 674 715 1123 2544 2289 2713 2649 2076 1860 2652 2133 259 2397 2352 1051 188
988 193 536 121 569 1588 2090 1132 680 1268 2333 1431 1793 1430 36 1886 733 2117 866 500 1699 1553 2078 1499 1492 142 901 2217 429 1053 2415 2568 802 427 878 432 1256 1065 555 176 1890 2668 332 289 1033 1888 2743 1562 1236 979 2029 2267 554 2227 21 1393 2380 868 2786 340 1686 2384 571 597 1418 886 681 199 743 2451 2423 417 62 2108 1398 893 361 2143 975 1266 302 2808 707 634 24 380 1628 1952 2024 391 292 528 1008 151 78 2430 460 694 2074 2640
1141 1506 2070 1780 1262 2669 1274 1612 2232 1505 2137 1918 822 2025 192 27 113 61 1787 1127 216 455 799 1503 1568 207 2794 858 2142 1024 2396 383 49 2531 408 1282 2311 525 225 1273 356 1356 296 1435 654 653 1248 2765 452 1011 2698 241 1781 625 1598 290 1472 1789 2565 679 1297 138 2611 209 89 927 245 1831 1216 1961 268 758 840 2505 2465 1140 1018 2164 782 1039 252 1655 1022 1062 1875 200 2017 129 501 1829 936 1143 2634 139 1378 2279 1395 495 2285 478
2727 1520 1 2399 234 1572 913 342 551 307 1025 2215 2158 1349 1059 352 46 687 969 1539 892 2834 1615 2635 1540 349 2731 223 267 1291 154 1735 2403 1095 1238 2844 1571 1589 1524 2340 1814 1618 2371 1925 1366 414 685 557 2412 1619 2092 2255 2139 891 879 2385 961 1409 273 2223 2548 1122 2253 1816 1982 1815 667 2431 2524 1660 1242 1129 837 1863 1684 195 2633 1698 2298 2607 317 2185 17 2339 2460 2444 814 2473 600 2338 2100 2541 2797 1338 1159 2226 573 472 1622 1480
340 1562 2668 2786 1256 2227 176 979 555 2029 332 429 554 1890 2743 2384 1393 1033 868 2423 802 2108 1888 571 1065 142 289 1492 21 878 417 743 2267 432 1418 1686 597 1553 681 2451 2078 427 886 199 1430 866 292 1699 2415 62 78 1053 2217 901 2568 2380 1886 1431 1398 302 733 1793 361 36 500 1236 2117 893 536 680 1268 569 193 121 1588 1132 2333 981 1499 988 1233 2038 760 437 1390 1557 1628 1599 1399 2074 380 2090 823 2622 853 707 1038 2163 2016 964
142 802 1492 429 2078 1699 1553 1430 878 1053 555 1886 868 1888 554 1256 427 1890 289 2029 432 2423 866 2415 2217 1793 901 2568 2668 743 1562 176 2786 340 681 2743 2227 1033 979 1065 417 332 21 886 733 597 1393 36 1431 62 2384 500 2451 1398 680 1686 292 2117 78 571 1499 1418 2108 199 361 2267 302 2380 893 1268 1588 1236 193 988 1132 536 121 569 2090 2333 770 1233 2074 437 2038 73 1399 568 1390 1557 1670 186 2730 2047 2299 640 2054 1599 380 707
924 2216 1288 1703 1363 1487 1471 2573 953 2841 2823 2567 2502 333 1865 1605 205 1217 1171 2079 214 443 1400 2152 22 1995 38 2230 2751 1006 2554 419 1214 2348 894 2452 1090 1927 335 2153 1602 1763 1341 1032 117 2109 189 1474 1671 96 2203 2263 1184 2060 2141 8 752 2179 1632 327 459 37 309 1355 1953 1502 1183 2449 1866 474 1687 106 1188 1371 2535 1607 115 1139 1205 761 762 2816 745 1336 2313 468 2758 1811 2571 997 586 2572 1765 2303 2595 2339 2831 1084 2425 1380
1038 2421 1041 1949 1754 865 340 332 2786 2227 979 176 571 1393 2668 323 1477 2047 1562 13 2671 1418 370 640 1065 2384 1256 1033 2578 2743 2108 554 1272 828 417 2029 1757 56 2602 377 1686 429 21 2210 289 1668 1189 1890 868 1888 2828 597 2838 1374 2451 1399 123 2520 964 1952 986 2423 1976 2808 2149 783 555 672 2016 1266 981 933 2038 121 461 1910 839 569 199 1132 612 2333 36 853 802 889 2090 193 743 2032 1521 1337 1588 536 2515 681 1333 2120 104 1431
1882 956 546 1221 285 6 582 2823 620 732 1702 2643 181 759 1083 1260 2678 2623 2194 1570 1536 1797 2261 2476 1880 1525 1802 661 196 1768 1318 2740 2263 1280 298 1371 2688 1183 2749 1726 1400 762 1227 1153 829 669 2572 1471 1761 2425 2448 448 953 820 724 807 150 1084 1687 1487 2474 636 2807 1205 1541 459 2179 2174 476 750 2167 1234 2268 154 1911 1697 42 1178 2548 2386 1758 115 1482 2387 2761 84 971 909 2573 2431 1198 973 210 1995 37 334 493 1603 1285 687
2185 1129 2298 1411 2529 1440 386 2584 143 2517 1684 1694 718 1630 697 1360 795 1445 2616 2363 2271 787 1294 30 372 810 2524 1514 958 638 1446 2460 557 2619 1267 665 1215 796 1925 2468 2481 1112 991 1939 1863 2385 1619 71 879 2139 1807 1295 667 1982 1549 2246 2727 2844 888 741 1278 1122 1735 1373 1258 2771 5 1744 1947 2801 1196 1270 2677 2412 2833 273 263 428 583 299 641 1814 262 203 1520 2184 1350 267 2092 1911 2371 2484 2797 2269 1589 264 1291 2631 842 588
2840 445 2515 1993 1663 2241 2011 1617 197 1328 2707 1422 550 1623 1045 712 947 1679 1444 463 51 155 1788 2289 1552 1782 1640 1054 2767 1658 1381 305 2650 1544 1218 1710 2050 2836 169 2375 260 1261 2439 2454 860 2130 735 659 1369 433 1895 562 1489 518 563 2826 645 2631 1649 480 1417 439 2837 1878 2544 2628 900 1860 1796 2713 2714 1569 64 179 2769 1486 1840 134 556 2538 925 663 440 259 2721 2088 1437 674 1208 348 2397 1051 26 1092 2649 1123 1948 1870 489 2817
1146 1752 4 1545 2367 1799 950 2389 59 1202 2069 626 1737 1624 2082 2270 2477 266 613 2832 817 312 547 1319 283 1926 556 2790 987 611 1102 1386 2411 1644 826 2817 2501 188 1656 1965 2300 2148 85 1934 1316 2767 1840 1496 1407 2528 2515 259 635 440 1414 1636 1092 1811 2424 2840 271 2548 433 134 169 221 735 2692 1917 2289 2312 2487 2735 155 2783 2241 200 978 2044 2837 1704 947 1983 1190 618 1428 1862 2553 674 2556 1897 659 1046 2011 2340 2781 653 1589 413 173
2600 942 1705 1681 2085 2543 487 2458 1384 966 1495 337 1331 2660 1614 1742 1673 2262 355 908 984 1000 1695 1853 1739 1554 360 852 2257 1676 1370 243 813 54 542 2664 710 2696 1893 2259 2782 1105 1396 1978 660 1119 2596 50 791 1002 1017 2369 1508 921 2392 2064 1290 2282 1565 631 2357 1287 1518 1031 2803 199 21 893 361 320 451 2384 681 747 1398 1033 78 302 2451 292 62 886 1301 289 1779 1718 332 1562 1890 607 2469 176 1385 530 432 2743 1770 417 500 2796
1944 2294 1055 2728 1056 725 2207 2558 2766 165 1825 1940 447 1130 1986 2825 204 2741 2135 137 899 494 146 116 2580 1212 2435 1606 2842 1899 2057 1874 2683 1223 647 2639 1841 1452 2291 2506 2708 2813 2292 2736 574 2041 692 1935 1126 1463 2569 2382 1937 2438 1185 1592 362 1547 2248 682 491 657 2258 948 2719 2286 2319 1076 1868 2511 2393 1464 1777 140 686 804 1962 790 1134 1639 1876 677 97 442 329 246 1067 2526 2220 722 2625 79 1677 1892 2068 271 2436 2704 1771 608
1083 1702 732 2643 181 759 620 582 6 1797 546 1221 285 807 468 1260 1768 2761 2807 2048 2194 2261 42 636 1188 2278 922 2171 2346 1108 2043 419 1570 1536 2313 661 1916 1856 1891 475 411 2554 2816 1603 894 2111 37 1882 2263 1318 476 1723 2810 1858 1227 1761 1283 2441 96 122 1251 650 2153 1865 1153 1364 2425 2666 844 2827 1763 198 596 949 310 2623 1632 1284 298 1456 189 2374 669 510 1525 95 1371 148 206 2118 1515 973 980 2060 1697 2168 462 2476 2688 1220
2461 1276 1034 793 1859 2418 280 210 57 1392 1580 1861 2662 1234 2174 1072 421 1792 704 77 1930 1375 294 2125 2004 570 1576 2229 884 1758 1716 689 798 2456 2155 1665 493 1043 185 934 1292 1348 2189 2330 1575 2327 1551 1724 170 746 1030 2838 287 1377 242 2659 2694 2186 1358 1350 1857 228 82 2123 2548 2039 857 663 687 1887 470 801 158 263 2332 2206 2581 2356 885 1664 438 1193 1877 2703 1345 1776 656 2739 1432 2321 514 720 516 2127 1457 2374 2714 880 1169 1542
44 1178 16 2437 2129 1447 376 1483 2317 1469 1672 1346 1836 1990 2700 761 1224 1535 1116 1713 1714 2249 1559 832 751 1057 2422 1451 2281 1786 683 39 1482 1106 614 1593 1838 2000 1914 1257 564 1971 47 465 1693 926 2523 2288 1357 1818 1361 2656 1183 2072 1620 1996 2114 1091 2180 2275 34 603 1180 1538 291 777 2785 2080 830 230 1561 1732 1087 1450 2202 2242 2149 2247 1137 2190 676 441 792 581 293 76 1523 2383 1176 2695 1678 2495 132 1073 1801 2579 1207 2493 88 824
1721 2809 1876 1473 12 2057 494 1390 1075 2708 2622 1406 202 1012 1874 249 627 2291 574 974 1759 1810 1944 682 2719 2757 67 368 173 997 1055 2509 2507 146 1725 1904 1555 444 2435 2583 1557 1165 2438 2683 2728 1899 1223 1613 2143 1185 2028 1906 1001 2478 2350 904 2580 1018 1961 1253 1088 1597 2089 2470 2077 426 696 2772 2500 1692 657 523 1627 121 1252 2220 315 1236 532 1753 662 553 2552 939 647 2735 2526 1777 193 1433 489 2302 1875 988 447 1475 1892 24 1956 1452
2252 2682 1651 1179 1578 2097 1977 2491 2328 1063 945 1583 639 1579 841 2647 1920 916 1769 1770 9 114 2042 748 1528 1531 952 1354 919 887 227 1470 118 2778 1791 2723 982 567 2065 998 2310 1851 930 1667 1585 819 2575 2792 1657 808 2225 928 2379 763 2729 1211 517 1368 1367 2711 1854 492 2349 512 2459 382 2026 1154 566 515 311 1970 1239 2488 1562 1210 778 2028 513 875 1209 1566 579 923 1065 528 2090 159 193 156 671 2658 988 575 326 536 597 580 1593 2117
472 1059 961 2138 1618 1215 2781 2444 2738 1101 1607 2758 166 1341 1069 1811 1540 511 2835 1060 1803 2340 1964 1355 414 1509 127 2801 537 1828 551 405 2614 1862 342 2635 1167 2740 154 741 2466 2710 46 2339 2266 2709 1421 1025 1078 1571 1530 160 2513 352 1698 2648 1349 1615 1524 124 223 195 2255 1373 2158 2223 892 2253 2385 2372 2595 667 2100 2094 307 1925 573 1278 600 2431 2771 2208 1338 385 17 1619 2338 41 2460 888 685 2175 2727 716 1539 203 641 1242 1863 2399
