imageName,Corresponding Indexes
000001.jpg,482 762 2427 307 1515 5 217 84 2165 2152 941 2734 1286 2457 1824 850 985 1352 106 2554 1071 894 2153 1632 1927 419 2502 2273 2474 96 2820 2355 2593 506 2403 1616 1013 650 509 2115 2194 2261 2831 2727 971 2705 1064 1949 1882 244 323 2571 2522 1364 661 2056 1336 1066 2612 37 1201 1768 2562 1251 724 2386 1272 1204 6 2582 2442 122 829 45 1605 828 2761 270 1762 2445 2512 496 1477 2401 1844 2048 2116 285 582 2787 1083 2720 1504 2241 1221 348 377 1315 43 845
000002.jpg,2044 2411 2501 2528 1190 1934 2515 2832 2517 1644 1270 2400 556 2574 85 987 2270 2534 1549 1102 312 2524 1666 188 1656 2790 1624 2003 2709 1122 2424 2325 547 2817 2391 1926 1983 992 969 817 197 1674 1338 1319 317 741 2375 2797 1484 2082 221 1407 1162 1411 386 1684 2138 2840 1661 1552 2104 2340 1092 2300 635 2133 611 1242 445 143 479 533 703 259 349 2584 943 1118 1814 1173 463 433 1600 1278 2455 904 2544 668 1886 606 2529 965 134 497 226 2397 2412 1202 2076 409
000003.jpg,1634 648 811 1466 338 2697 937 749 1110 730 1174 2609 2006 1913 257 2788 2151 1379 1455 1079 1498 673 1794 2005 800 2492 1670 774 2243 1527 1243 2290 2196 1936 717 821 2251 336 1894 1850 1133 2519 2417 1094 410 678 872 1005 1966 2299 1142 2087 112 2730 1068 535 870 2746 1783 1454 253 1131 1040 544 1968 538 1573 605 2095 610 1309 2560 843 2680 855 1581 2377 1516 435 593 1311 2830 365 881 2364 2071 1424 1020 248 434 1946 2341 2549 2809 94 841 1675 1128 1511 584
000004.jpg,1370 1554 2782 2696 2658 1808 1331 2416 2257 1614 2793 1673 2274 2843 7 1431 2792 1886 36 337 118 453 1909 2349 1906 875 2163 567 141 1105 355 2452 1791 1271 1396 975 151 579 1047 2098 2093 1531 1085 513 2078 528 808 301 1903 984 2618 2679 662 50 2304 1209 813 1742 1100 612 243 1154 2117 866 2045 2310 1023 25 1404 54 2559 1613 923 710 1528 317 1233 981 2097 199 1499 492 1268 1978 2122 1688 144 380 1579 1211 680 1089 191 2341 1492 78 1053 1893 1815 1442
000005.jpg,1137 1213 1228 2066 545 63 304 2113 1389 1785 1019 2178 1298 1115 393 2546 2022 1447 1631 1333 614 1483 2016 1561 328 2759 2504 2238 2277 727 766 1996 2422 1898 2317 1883 16 1091 757 2136 2579 789 364 1951 2242 1533 1178 2523 499 1847 34 1306 251 1353 1513 2540 1427 1161 240 101 1087 777 2785 1506 967 1469 2040 1773 1672 1093 1683 1244 374 558 341 135 1804 44 483 2784 376 1300 485 572 1900 1685 761 1749 1727 2555 803 2381 2320 293 2756 2072 1451 1166 1971 1257
000006.jpg,1860 201 2309 2376 1490 1901 1453 659 2826 2713 260 1640 2433 1796 747 563 2556 2088 100 1569 1878 2294 899 2135 1123 2721 725 2741 1899 2272 48 2558 165 137 1948 715 2767 1944 1212 562 1463 51 494 1223 1055 305 1782 1606 134 2057 2728 2291 2207 1825 2580 1986 2435 146 169 2825 155 1679 1452 2076 574 1993 1130 1940 1056 1208 2836 1316 2352 2248 1658 1416 64 1636 1096 1307 645 2766 1547 1840 1134 439 1381 447 1935 1874 2511 2837 559 2506 2419 2439 445 647 2639 2068
000007.jpg,767 277 2532 2702 211 1989 2315 1938 1747 1833 2496 1443 1496 889 2686 369 1980 2685 2556 1460 1519 2 1548 860 2663 1682 601 1417 1701 770 1316 769 258 1489 2443 543 269 1320 2272 747 1895 1557 1788 1479 2482 1686 1418 2001 886 597 2622 2289 1599 9 161 2755 361 1390 1219 672 1366 1480 1976 1387 1816 640 417 380 13 1504 2828 2363 515 950 2147 2671 933 1759 1398 372 1285 128 660 2460 854 1579 461 2074 1272 431 2757 2217 2510 1497 1081 62 2815 2304 2600 923
000008.jpg,103 2471 1323 2601 1908 688 502 990 297 1830 848 1235 1845 702 835 768 284 903 2218 2624 126 1504 1608 578 2276 1254 2054 1114 2787 931 1186 1340 250 1107 2518 1310 1391 2502 65 1512 1413 1120 2275 1807 1620 1821 1295 2152 2046 1720 2388 2114 5 1661 1605 37 603 845 496 581 2187 2314 1073 1515 1106 293 2355 650 724 2667 992 1767 850 863 2149 1559 2204 2656 1436 1869 1451 1361 985 1959 2000 1675 2167 1450 215 586 450 1247 798 922 136 1351 1146 2241 1772 737
000009.jpg,1184 1080 2303 1973 23 498 1225 2154 1954 1198 425 117 2014 1508 791 2494 2462 907 351 1654 2124 1641 1922 2132 2359 2334 265 1695 1659 1423 1979 466 781 1285 1700 1426 1402 1819 2602 1326 1537 420 1884 690 1864 206 2768 298 69 946 375 343 2245 1374 1817 2828 1077 1668 275 1152 1439 1205 933 2803 1036 278 318 531 2762 854 423 862 672 2620 136 2499 381 1462 327 1000 1902 1853 1751 2436 2598 1570 2118 198 1711 1582 973 1287 1591 1687 2599 413 1397 543 1400 1565
000010.jpg,2380 2267 1233 437 1236 981 1886 901 317 2163 141 453 1430 1699 1492 1553 1085 372 612 2078 2679 7 589 2274 681 1808 427 36 1903 2117 1431 1163 2449 875 174 2793 1239 340 1367 199 142 289 868 2108 25 1688 1154 1597 2384 292 1888 1393 2778 2618 1628 2782 2024 866 2365 401 21 2792 893 1890 2743 2658 2668 1415 2459 579 554 78 1784 1872 2029 694 1241 733 760 62 2491 320 2488 1412 1033 2786 380 2045 460 1025 2304 322 2074 908 2416 492 528 930 2775 361
000011.jpg,1823 1991 2396 2794 1022 780 495 2244 1378 1787 252 138 1612 131 241 1182 356 296 1465 452 786 1282 408 49 1741 1303 383 268 1918 2280 389 1852 1568 1843 2236 936 758 1109 1655 1755 1563 2232 805 806 1317 2799 1503 2674 2173 1781 239 504 2119 2142 2279 1011 1746 1475 2285 2017 53 726 838 2099 330 2693 2164 534 2698 587 561 2429 209 139 1135 2091 653 314 1917 467 840 999 92 799 654 2059 31 2715 1273 2465 2505 1756 2137 2765 699 2370 1662 245 464 367
000012.jpg,2094 1078 160 127 1530 1550 2595 1910 1826 147 2293 2067 344 2083 585 1279 1324 897 630 1140 2404 2037 1892 1771 1445 624 1907 1677 551 1280 1963 2567 342 2625 744 2823 957 577 1889 537 1514 1791 2776 2197 1766 571 1098 1939 1044 1321 752 2725 1129 671 1201 2448 391 2156 1998 1258 2550 255 2466 1546 1025 2450 2079 2150 56 428 2013 667 1736 2266 222 150 2371 1802 1924 2342 2333 2163 1349 2619 442 665 1216 1621 2372 1294 453 930 698 141 2578 2226 216 1214 1858 2081
000013.jpg,1045 925 712 1369 348 2241 550 2649 480 26 2050 663 735 518 179 2130 2538 1870 2454 2769 1422 2161 440 1328 1840 2840 2581 1004 1064 2356 2112 197 1434 1193 549 2522 2831 378 2189 1887 1869 2123 704 242 1590 2204 940 19 1146 2039 2739 793 1930 1849 1575 1120 1204 1195 2036 751 228 291 424 2582 1191 2004 1247 1515 689 379 1792 2820 2209 857 1999 2434 2375 259 247 1347 57 1861 1202 842 1672 2518 895 1617 960 2441 182 2659 45 1365 106 2694 1364 1722 1542 2329
000014.jpg,217 192 2690 1299 1168 2669 2025 2062 290 2269 346 2467 225 61 207 2279 455 1071 52 2821 655 2806 418 295 1097 1262 1730 1780 1481 1829 1706 159 1293 1822 326 1912 1929 245 200 430 331 2812 2738 1201 2053 449 1135 504 125 412 580 1127 180 618 2693 2173 2285 2396 1500 1932 2212 1327 840 467 2427 584 1820 2687 2654 2479 654 166 849 1824 464 1003 1441 1655 1240 31 1787 314 139 1164 2343 1275 999 1755 2819 2017 649 92 152 2715 49 2265 239 209 670 2794
000015.jpg,861 1013 1336 2401 2612 1620 2116 830 1283 603 1450 1678 1732 1108 1315 2275 2079 1727 1824 2555 1277 1147 2704 2518 2718 506 1927 856 1304 1419 333 1120 935 971 1254 2096 2427 2058 2160 96 836 1632 419 1907 2153 2554 309 894 2705 2081 815 1633 1217 2277 1826 1749 1610 2273 490 829 1987 1071 106 300 872 835 2761 1364 2317 1044 1512 834 2476 2048 60 16 2645 270 1768 1433 1201 65 2056 1449 939 43 1015 609 45 1830 2442 1245 762 761 2114 2831 1251 1003 849 47
000016.jpg,570 2588 1377 1551 82 1348 1580 1292 280 170 934 2418 57 2456 2585 1359 1859 438 210 723 1861 884 2247 1229 1121 2198 2434 1590 793 1034 842 514 1234 421 2659 1365 294 1665 2489 746 1846 1575 2672 190 689 1758 1392 2487 1276 857 2039 1577 704 1887 2493 2330 2123 876 2356 859 228 77 797 1350 2548 895 242 656 493 522 1611 2409 2838 794 1520 247 1043 158 2174 2461 720 1930 1345 2748 2229 1576 307 1805 573 2332 1776 179 2586 775 2192 548 133 1 2739 1877
000017.jpg,2403 1963 233 585 521 853 2562 762 609 2067 2761 1768 2445 2048 2442 732 2725 1766 270 387 2720 2464 398 2116 181 1889 957 2688 171 2056 2141 1364 1251 1596 45 2498 2831 2404 1807 621 2308 2522 2760 1560 2645 836 1064 620 2182 1288 509 744 1797 2712 1703 644 1802 619 2386 2503 1199 2608 236 2425 2617 183 1108 2448 2705 2571 506 829 1458 2083 2160 214 2167 1726 1907 1882 2727 229 922 482 1735 2427 1866 909 2261 752 1536 1090 2468 2216 1032 1702 2197 1910 2348 2273
000018.jpg,238 1708 1215 532 2028 414 671 1827 734 2770 507 968 1956 2250 2552 2283 2144 1376 1896 972 2774 705 1974 2181 1746 175 553 2177 1461 2764 68 2370 313 120 2527 2534 523 2689 1549 771 162 1200 27 670 2199 2500 1117 449 505 2061 643 220 533 2576 2191 1852 1563 458 1831 2322 2017 1010 2681 1706 654 1756 2557 1655 2065 92 2249 552 1822 696 261 235 2193 1143 1302 1543 1961 587 363 2812 1140 633 1037 1917 1335 28 1317 1472 963 1514 2584 2592 2789 2773 2053 2256
000019.jpg,1316 4 1752 1146 140 1868 1496 2272 747 950 1958 1452 2556 2367 1948 1202 2389 1267 13 850 886 2134 1152 323 1036 2755 2496 1411 361 1272 2355 318 1686 2686 597 1443 1460 862 1985 1905 1418 854 933 931 62 145 1833 2000 889 211 2584 1190 1366 2767 672 2485 371 2001 2147 1839 2502 1997 1747 2671 1938 2828 2490 1192 1423 1114 878 1519 1737 915 263 2288 265 155 1674 1649 321 1922 1416 1219 2217 2424 640 417 1654 802 1751 2593 629 2515 1398 1405 136 369 2532 2127
000020.jpg,1514 1539 276 167 2226 20 2256 1456 1284 454 2222 273 2833 1294 461 871 537 2529 2844 2619 1069 2779 1694 1939 810 352 143 2271 1446 38 1607 638 1341 958 955 2104 787 71 488 1976 115 299 1630 2138 30 665 2524 220 1215 2770 1995 1242 2481 1150 1140 2268 1729 630 1305 317 809 2092 1360 2249 698 224 1549 1556 2139 2103 1258 2195 866 1412 2246 2517 924 264 413 1555 2573 2185 2584 128 1200 2460 156 2534 557 2101 733 2318 1366 164 27 2298 533 1396 1411 1105
000021.jpg,1083 689 493 6 548 1856 2522 1930 1064 1204 45 2386 2831 2056 1251 1365 1421 1364 2582 2441 133 1792 2111 407 546 2039 2374 2827 280 57 1580 1665 2418 582 2356 2123 310 2659 210 1887 832 2125 934 1861 857 1348 746 2050 228 2198 472 2548 1229 34 1785 1347 2383 482 2434 1758 2649 2585 1193 1147 2785 2672 663 247 1019 2332 2581 421 1120 1359 777 2247 1292 2019 2586 1375 212 480 1772 1434 762 2116 723 1947 2523 1805 1551 179 2489 925 2748 450 2422 2571 656 1590
000022.jpg,2288 2390 39 2281 751 1529 2497 469 1357 1751 2744 1014 1733 75 1459 1601 198 1594 343 206 404 2239 917 902 2033 32 590 83 2204 187 2667 424 2073 1609 87 549 1943 765 378 1767 920 1195 1748 993 1869 2563 541 1950 2653 2036 1836 1593 1403 960 862 379 1915 19 910 2437 931 1905 218 564 1467 736 2326 1114 2051 282 1919 2824 683 14 632 1192 615 2624 1818 2605 1116 1224 2700 2240 1714 940 739 1722 1838 2345 869 926 184 2336 707 2453 2124 1004 1180 818
000023.jpg,2502 2152 5 2355 1605 850 1674 13 2593 650 1272 1515 676 865 941 84 640 1352 1267 1219 985 2666 496 339 2820 629 323 844 2457 281 2734 1504 2677 2147 944 915 459 896 2624 862 1817 2691 2483 136 2361 1751 1263 1501 39 1114 2653 128 392 2497 2288 2165 1357 413 931 713 1113 1594 2268 2362 973 424 75 2787 660 318 1949 1366 1609 198 1152 564 549 37 1905 404 1908 2256 1864 845 256 1036 488 924 1616 9 1997 1666 933 1762 224 2047 2204 2443 1733 2460
000024.jpg,2584 1411 349 4 1433 312 1752 1146 668 1122 1815 619 1737 1545 2440 950 1302 1408 1694 2389 1305 2616 1202 1060 1684 2367 1153 2789 2455 741 2138 1799 1338 2445 987 556 2832 85 231 1926 611 626 1319 1993 2308 2439 1544 1386 547 2840 978 939 1934 2704 169 1622 1123 2817 817 2270 2837 900 1663 2501 2484 2189 2712 1679 197 67 645 1102 155 2133 2790 1437 1782 1267 562 1201 1148 1600 168 134 445 613 283 2631 1407 563 2063 2011 2607 1549 1009 2076 521 2538 2300 305
000025.jpg,1469 2317 2756 2320 376 754 1728 16 1447 213 1149 1847 2533 2408 2277 2021 1265 29 1513 44 2295 1161 2413 577 135 2143 558 757 1448 293 2615 1166 1178 1996 1483 1231 2354 286 1533 24 2409 1296 483 240 1478 1269 1804 328 614 789 1091 520 967 2759 1867 232 2784 2579 2260 2238 1945 1353 1427 2235 766 2540 316 1749 1883 1561 2024 2504 777 1898 2422 1672 251 2470 2785 218 1535 1383 1722 1137 119 1019 80 1849 1300 2172 341 1108 63 2638 1283 2242 2430 2066 2555 634
000026.jpg,290 2821 52 207 346 61 225 2025 418 1481 2669 192 2279 1299 1168 1829 2690 217 1780 2467 644 2442 2720 2048 840 467 2522 1768 245 1932 45 2831 1364 1064 2056 412 2761 1251 478 2285 270 2562 1071 1787 2571 762 561 455 108 1262 2386 1141 2317 2794 2396 2806 2698 2070 293 139 822 655 1022 331 1231 2765 295 1536 936 777 1465 1429 2479 1506 1802 49 209 1176 2629 119 2428 2745 2091 1999 2269 1336 974 1103 2244 152 1026 1281 1013 2202 430 2539 1024 1021 609 456
000027.jpg,1569 100 899 1944 2741 1899 2135 1640 574 165 1212 137 2558 494 2057 2291 1463 1606 1416 2580 1096 1130 48 146 2435 64 2628 2506 2639 647 2683 1935 1223 439 2248 1134 2766 1948 246 1646 1547 568 1874 2511 2842 2352 659 686 204 725 2825 2068 1452 1636 715 2813 2721 51 447 140 772 2815 1868 1658 2439 1218 79 1051 1055 1965 2767 155 1261 2728 305 2207 2305 2650 2272 1444 1825 562 1940 1054 1649 1986 1544 692 2713 1381 1993 1782 2292 169 1316 1041 1126 2294 2069 1038
000028.jpg,650 2666 459 1882 1616 37 1605 2691 2353 2502 796 2268 98 2474 2355 1515 5 1835 2152 1744 776 2734 448 1226 1066 2115 2165 353 2460 2086 850 479 1272 1762 2593 13 1144 276 738 2363 285 1189 2391 84 2457 281 15 370 1222 474 1344 1949 546 2001 1219 896 42 386 2361 1477 2677 1232 582 2483 1221 781 865 1504 244 275 339 372 1170 973 844 941 167 143 640 477 2214 2572 629 1440 233 1911 298 323 2047 1957 1539 557 104 2319 1960 1754 790 915 272 831
000029.jpg,1730 295 2806 1929 430 2690 455 159 655 1262 326 1097 331 580 2467 1293 31 2715 1011 1706 806 999 1822 239 268 504 2280 131 1912 2173 1843 2164 125 534 726 495 452 1655 2091 2693 2285 2687 1275 449 2429 2062 1026 200 53 1941 33 782 2812 2137 840 1018 467 2311 1378 2316 628 780 1299 1168 1780 1500 1127 314 241 1182 1240 464 1281 2765 108 2142 1563 139 1692 1831 753 2059 2531 1024 2396 478 1039 2794 1008 1662 838 1274 2301 1435 1844 1022 2632 1048 525 2244
000030.jpg,2508 2351 205 473 2366 2169 2603 2414 1177 388 107 2176 2641 397 728 55 1970 153 1633 306 1471 953 163 701 2535 2604 1975 1610 1061 1637 1245 1249 1556 2128 2030 2027 358 368 138 444 1725 745 448 980 2795 325 1474 2346 1488 443 586 510 1304 2791 684 1891 778 475 2326 1723 736 2203 1612 1006 400 1502 1042 1738 1467 432 2396 1787 423 2661 382 2521 1919 466 2573 827 2711 2118 1764 1916 1748 1308 1326 1397 2570 379 2036 924 517 2700 2179 2620 375 1884 1232 531
000031.jpg,2482 1701 860 1489 161 258 1788 769 1417 1976 1895 1548 461 2702 901 2289 2315 1980 1256 173 767 2685 477 273 1682 2553 433 1479 157 770 1599 269 1504 168 2074 1816 2075 2650 372 1320 2379 1387 73 1710 1557 1911 568 1480 2298 2161 2622 380 997 1851 1390 231 2732 2387 1002 1366 515 906 1584 1904 2373 1872 760 2231 1285 1750 2045 1331 1335 2218 772 1681 1684 2600 2507 616 381 59 437 1812 2257 1589 2010 266 2363 2076 930 386 2458 56 2389 1652 128 2032 1614 1236
000032.jpg,496 985 713 1352 1674 1342 1118 409 584 1820 455 1912 944 1666 2046 915 1501 2152 1262 646 2502 1706 2062 2787 347 1605 629 295 1822 5 159 1817 2483 1206 128 479 1293 125 1097 136 281 299 2812 2806 650 1203 2677 84 413 941 2726 1515 1700 2593 1902 1143 2325 1730 854 103 1323 1173 992 224 1661 2053 13 1162 1344 2362 1750 845 2355 1366 488 1219 2003 272 2457 1957 2599 2214 2666 2624 326 837 2389 1484 1240 676 850 831 1439 2484 655 110 2147 1222 297 1235
000033.jpg,654 1831 2764 1974 261 1756 2322 2061 2689 1655 458 1706 2370 670 505 414 363 1461 1117 633 1912 1317 1543 125 1917 2199 936 1746 1376 1187 2681 2053 587 1730 1921 159 963 1018 1240 1293 771 1822 507 1097 782 2250 1715 367 1918 1395 1755 972 1787 602 1635 1164 402 390 2396 2812 235 2806 1332 455 1929 2062 326 2144 580 1961 1124 68 786 1050 1156 2193 200 699 295 2822 1967 2597 2191 2794 553 2052 449 1262 1143 1647 805 1873 2092 1827 552 2119 2690 1111 1135 2236
000034.jpg,941 84 1515 2457 5 2152 2474 1616 2165 2115 244 2355 850 1352 2734 2502 985 1371 1949 1066 2593 2820 2623 1170 509 98 270 2761 2048 1768 323 106 844 2448 776 2056 2386 45 448 1226 1762 1364 2442 2562 1882 1251 1272 973 2720 2263 1144 1605 281 644 2831 781 2572 676 2678 474 1064 353 398 2086 2522 104 828 2691 2503 1458 13 2725 2464 1263 1802 1525 1726 1819 2116 650 762 1864 1674 1570 298 377 1113 713 909 738 1426 2726 1222 896 1957 339 15 2514 409 1267
000035.jpg,1948 2391 1958 1416 1029 2490 1316 1236 1840 2352 1218 2380 1261 2272 2267 1623 1452 440 1233 386 1051 1422 372 194 1868 2707 437 1617 140 1993 1663 2011 1552 2412 1586 155 266 497 2836 906 1636 860 2439 2076 1782 2517 826 1496 747 1549 947 1965 645 563 1054 231 1208 134 1319 1701 169 2001 283 2815 1307 1096 2767 2046 2797 1417 1544 1440 1684 445 613 1381 1486 992 611 1777 850 1649 1600 559 2133 319 2088 1437 1895 143 2012 1444 2837 1752 2082 323 562 260 1658 1788
000036.jpg,2152 5 1515 941 84 985 1352 2502 2457 2355 1674 850 713 1605 2165 2787 676 2593 2734 2474 409 323 1949 1342 1616 2820 844 1272 496 13 1751 1066 1666 198 2115 509 75 281 973 39 2497 244 347 1371 650 424 2624 944 206 1762 862 1591 1206 343 106 479 738 915 1170 1882 845 629 2726 2288 940 781 1501 1203 1323 851 1004 1819 98 1733 1113 1222 1439 831 564 1601 2112 2046 19 1864 2214 384 1661 2334 1957 2623 272 1700 865 270 1902 1180 2062 482 2462 2483
000037.jpg,1949 84 1515 98 2165 5 776 353 370 2593 2734 850 1189 2152 2355 1616 2474 941 1371 2457 1144 323 482 1911 2047 2032 2520 2210 2115 1272 1066 1762 13 2502 244 1226 1267 1541 2086 762 474 104 820 448 828 844 796 509 2691 2421 985 1882 1603 781 640 339 1170 650 1504 494 1605 973 2291 772 863 2439 574 2001 896 281 1477 1219 2623 377 2057 285 950 1544 1038 1835 1221 15 2506 1352 128 2572 2512 724 2387 738 1864 543 582 915 2460 2363 386 1700 944 1222
000038.jpg,197 2375 1102 433 2817 2790 1656 2161 221 2289 1202 1624 2840 2538 168 1146 1644 2367 817 1407 1752 1926 231 950 1799 2389 626 1710 4 943 2241 635 550 2484 1338 1870 1422 2312 712 445 1045 518 2454 1319 259 1840 1737 188 1267 26 440 348 2082 1369 925 611 1417 2769 1067 1704 1545 1328 1983 1468 735 2650 1617 2270 1993 1405 1172 1788 1623 283 556 1663 2439 1895 463 1589 1552 1544 1101 1650 1437 663 1701 2300 900 1386 2610 547 1444 2836 1190 1934 2424 2133 613 134
000039.jpg,2171 2810 2043 2841 637 1697 2216 1139 411 1703 2706 335 2167 468 922 2230 2591 2617 2816 1288 521 1487 1881 785 1090 2589 2353 1363 2657 1052 1027 233 1763 938 1250 727 1244 2475 2445 2308 2712 1820 2083 995 2022 297 619 2378 285 1221 956 2405 759 1702 2024 2707 1153 724 1298 714 582 807 8 2643 1797 1858 1953 1188 546 1083 2313 196 6 284 898 181 978 829 1087 1631 2403 2032 1201 2737 1558 949 2783 2425 2468 1625 990 661 2548 620 1333 1757 820 658 1643 1148
000040.jpg,1656 2790 1102 2817 221 197 1624 817 1926 2375 1644 433 1407 2289 626 1338 1319 2161 943 635 1202 168 2840 2538 556 2367 231 2411 1146 2312 2528 188 1704 1101 1710 1934 1799 1752 611 2501 1190 2515 2389 950 2270 1737 1067 2082 1270 2610 1650 2484 2044 2400 1545 1405 4 987 1172 85 550 2832 1666 259 1468 712 2241 1983 2574 2517 2300 1589 2424 1552 283 900 1386 445 1674 1122 463 2709 1045 1437 547 1267 349 299 2133 2801 2455 2454 2148 1622 1369 1600 977 2652 2781 2412
000041.jpg,654 1831 2764 1974 261 1756 2061 2322 1655 2053 367 2689 414 458 670 1124 1706 2199 1918 1317 507 505 1395 936 1746 363 1461 1376 2370 1921 235 1117 2191 1787 972 1822 1543 2681 2822 963 1187 1912 587 1917 125 159 2770 402 633 1135 1293 152 1635 1164 552 1097 2396 1715 390 2052 1037 1143 1240 49 2812 649 771 2794 1730 1612 220 1755 553 2250 138 786 2144 705 526 2594 2806 1967 68 2774 1050 2017 455 1018 1216 2062 1262 1022 580 2833 1647 1781 1827 1297 1111 1873
000042.jpg,855 1311 1142 434 1511 2516 2519 1966 1020 678 1850 1094 2417 593 1936 673 2005 2364 2549 2087 2243 800 774 2492 1442 336 1068 2196 1079 821 1581 1526 1969 1498 2788 1040 2560 248 1424 94 2290 2102 1379 2809 544 2145 1670 435 605 2151 1053 2830 1309 2730 2843 1968 610 2377 1573 2697 1325 2251 730 365 1110 535 257 2680 881 1527 2299 717 338 112 749 2219 105 811 1133 410 2095 1894 1455 648 288 1634 773 709 1174 1466 1913 1005 2006 1800 1645 2613 1992 1454 1794 1783
000043.jpg,1083 6 689 493 582 1204 546 2582 2168 661 1930 548 2261 2278 285 2807 42 2194 1318 1365 636 1856 1221 1536 2571 1421 1960 40 592 1792 1882 1064 2522 2374 1347 2838 472 1665 133 2004 2111 2581 2039 2125 2659 1071 2209 45 1193 2441 482 2198 2418 2356 57 2056 857 2386 2050 407 1887 2123 2831 150 1861 1358 663 228 247 2827 1758 1947 934 851 762 1580 280 1232 746 134 724 2649 1824 2694 2783 421 2248 925 291 1229 348 366 1251 1348 2427 562 305 2548 756 480
000044.jpg,1830 702 848 835 768 1845 903 688 1908 2601 2471 2624 1608 126 1323 103 2276 578 1254 931 1114 1340 250 1186 1310 2388 1107 1391 65 1413 502 1512 1235 1821 1720 2314 1767 1357 990 1073 297 2518 2275 1120 39 1113 2288 2653 5 2497 1620 284 2355 75 450 303 2787 2114 940 603 392 1131 2152 2667 2054 2593 19 844 1732 2671 1772 581 549 1515 1905 1450 850 845 2204 985 1285 812 424 1959 660 1869 353 2457 1351 676 1504 830 2112 1304 1004 469 2218 862 2502 2241
000045.jpg,269 2499 531 381 375 2128 2118 1884 1326 1548 1979 1975 684 980 1922 1285 1042 306 432 2124 368 358 1537 1725 2027 1245 2795 444 2169 1764 2014 1413 400 1417 2791 2661 827 2388 425 117 2314 1439 2570 1700 473 854 907 1391 791 2103 1821 2494 1310 809 1508 1184 2598 1720 1107 1512 250 65 770 136 2436 1641 2671 2366 2038 860 1980 1817 2828 2303 69 1254 2132 1902 578 2359 543 1320 2276 672 126 1340 1399 205 2685 2535 2051 557 1767 2154 2627 1608 1366 361 1701 1423
000046.jpg,477 1976 461 285 1911 1221 2353 582 2404 273 546 2168 724 1910 2595 661 2083 2032 1541 1882 752 2823 2261 2278 1189 585 820 2387 2807 1232 1963 1083 2194 636 2778 2572 353 1188 1318 2474 42 930 1889 2115 2298 620 98 2425 1380 56 334 1797 6 1858 2482 1701 776 1616 2141 650 370 2378 1702 181 2448 1071 2047 2464 750 244 1536 755 2666 2067 909 1201 1949 147 1907 37 1504 995 1744 2725 1515 1768 2498 860 853 2403 84 1791 468 2571 1960 1256 1104 276 2468 2623
000047.jpg,1118 1143 1586 1297 299 2797 2228 2139 264 2092 1822 2833 2484 1124 2053 28 497 2185 1549 1037 2557 837 1009 2844 115 1335 2455 1680 1995 2812 992 1097 1293 1456 2046 772 238 1284 2389 2062 38 220 1117 2193 152 2108 2806 711 159 713 1122 1240 2017 1814 479 633 2367 1314 458 122 1342 1674 2607 1202 1815 455 2584 2616 1622 295 1666 642 2801 1021 2527 2592 1444 1750 1756 454 1073 915 261 1974 1955 1501 1532 30 2256 1291 2529 1624 944 2100 92 618 645 1338 409 1961
000048.jpg,2691 781 98 973 298 448 796 1616 844 1864 1570 84 1263 281 1426 1819 1402 1515 2593 543 1144 1219 1949 640 2443 776 896 2474 1519 2677 1423 2334 865 941 2355 1700 2147 1973 5 1189 370 2152 933 1152 672 660 413 2828 854 13 1066 1036 1902 353 2001 2165 2132 265 2359 1371 2460 2115 629 2462 1226 676 1817 907 104 1641 117 850 2502 128 2734 2598 1911 224 2086 2671 1198 474 2363 915 1654 136 1285 1366 862 318 1272 1835 2154 244 1225 2436 1501 557 2457 351
000049.jpg,348 26 1870 925 1369 1045 2454 712 1869 2649 2241 2769 2050 480 378 550 1195 2538 663 2667 179 2229 704 242 1594 2204 735 158 2130 549 2123 282 2329 960 2563 404 2284 1590 1887 1580 87 1348 1609 280 57 765 1861 170 421 2356 518 2146 590 857 2161 751 2659 1959 1930 1832 934 2018 2039 993 2672 884 764 1406 77 2198 794 2157 929 2166 2621 1350 689 1012 1611 2586 67 493 1292 2418 83 1538 2701 1772 902 66 514 1410 2493 2324 1859 1120 2033 82 687 2780
000050.jpg,1083 689 493 2522 1064 548 1856 6 2831 1930 45 2056 2386 1251 1204 1421 1364 1365 832 2441 1785 2111 133 1434 1792 2827 310 2039 2582 2356 2123 280 2374 407 57 1019 1580 1665 1887 1343 546 2659 210 857 2418 24 1535 2050 2016 949 2737 63 1914 1561 746 2125 150 1298 777 1004 2434 582 2672 1346 1947 2112 1590 2493 2143 695 934 617 1348 2456 2649 1685 1229 1120 2571 242 2022 1176 1861 1467 472 736 704 2785 228 2332 2383 426 2326 480 634 2442 379 925 2761 132
000051.jpg,1197 60 1092 1304 2268 2495 459 76 392 1476 1073 230 2437 2745 824 2190 2202 2180 47 1116 1224 2563 650 218 837 1990 926 1009 1838 1818 683 865 632 1329 2839 630 488 617 1344 992 1849 2677 87 676 1921 2460 739 94 88 1835 19 479 1744 281 2483 44 1869 707 590 2497 2666 1285 1694 1593 2264 275 2120 276 1714 1103 1113 2031 2691 2331 629 2335 327 2355 2547 75 2789 2363 1555 1219 1539 2101 851 1070 1722 1183 1014 1995 167 37 1366 1732 940 756 1713 1595
000052.jpg,2584 1411 349 312 1433 4 1815 668 1122 1302 1408 619 2440 2789 1338 1694 741 2455 1146 1752 2616 2138 2832 1545 1305 2389 85 2501 2044 238 1934 2534 1102 2411 1549 120 2250 1156 987 556 2265 1737 1708 2528 1624 2177 1873 1200 705 1314 2484 1332 2193 1009 1684 950 553 771 2576 837 2527 1955 877 317 264 2100 271 2833 602 2500 1926 1010 2610 1386 1544 1974 1202 2420 2790 532 68 299 795 2594 2181 2308 2270 533 392 2445 523 2439 2370 1939 2343 2681 2028 2367 2607 2557
000053.jpg,406 1138 742 773 1645 248 1731 1707 2102 2613 1800 2145 288 1721 2516 2763 1871 1007 1876 1992 1325 1385 1779 1526 1511 1442 1969 855 94 1020 1424 1053 2596 434 2809 1311 883 186 2219 2549 709 2560 1581 1119 1142 2205 2364 593 528 716 2208 1527 544 1587 1988 1850 1165 2559 2302 2078 2843 984 1209 535 2417 579 2377 2618 199 1079 1271 25 2519 2675 912 2341 1564 1968 1023 151 673 1268 41 1094 2692 124 1936 237 257 2005 678 527 774 1466 2747 2093 730 800 2697 2788
000054.jpg,472 2662 342 551 1345 1625 1363 222 2141 2308 1432 2694 2717 756 262 2703 1350 2820 2513 880 842 706 470 1078 570 1826 1597 1295 2712 2356 1792 2125 1887 2123 366 1776 160 2385 106 514 421 1522 857 2039 2371 2704 291 1288 130 287 1436 746 2739 1749 127 976 1664 77 2332 2554 228 1530 2736 859 2058 1542 150 2054 2619 1703 1724 247 1653 2456 1191 798 1043 2454 1927 1930 787 2327 96 2486 1919 1279 1034 1277 1457 1550 872 704 379 2659 255 548 720 2094 2153 43
000055.jpg,813 2778 1554 1528 243 1025 930 2097 1370 1769 1105 1657 1396 1906 2310 928 2098 355 2093 1211 1546 1063 1865 1047 2770 1673 1614 607 2304 2660 1791 1516 537 2219 50 709 2257 1239 1531 512 671 2782 1978 2341 1331 975 2065 1200 705 952 2543 2357 515 1579 1031 748 2026 1566 1366 164 1816 1886 1652 1360 852 2773 156 54 923 1367 1879 199 566 710 1354 2140 2822 186 1154 1742 1815 1893 2246 1750 1385 451 532 1258 2584 1349 1939 919 1411 2085 317 2646 120 414 1305 1058
000056.jpg,2545 2034 2023 1584 2713 2433 59 1986 657 743 1490 1056 2294 2376 1940 1825 2207 2185 2650 1055 1453 2728 747 2755 677 1796 725 1223 1499 733 2373 2423 2272 337 866 79 1305 681 2078 201 1860 1271 2134 2642 1681 2665 299 2139 1053 500 2045 2075 1865 2379 1264 2568 2068 2835 1851 41 982 878 2833 1964 563 528 487 1442 2309 2618 1919 2614 2559 151 1320 1587 1660 399 1988 680 1855 2208 2484 600 2296 352 2092 157 1799 208 722 1160 2486 527 1123 115 823 199 1828 134
000057.jpg,2502 2152 5 2355 1605 1515 2593 850 1674 13 281 650 1272 84 941 676 865 1219 629 640 2677 1352 915 973 944 1501 985 844 2147 2691 128 1263 413 1267 323 224 339 2666 2483 2457 1817 136 2734 496 1616 1570 448 781 1902 896 1864 1819 2624 1700 1426 1366 2001 854 660 2460 2165 298 1949 713 796 1113 2474 2443 98 1439 488 862 557 459 1751 1114 1973 2334 1504 1152 392 543 39 75 1762 1036 9 2389 2497 372 1323 318 1711 198 1750 1423 2362 409 117 2820
000058.jpg,748 1531 1063 2097 813 2310 2042 1528 2833 1284 220 2092 299 1425 243 1554 1456 2139 2268 2098 1105 1396 2256 1154 355 264 505 1579 1539 2484 115 515 916 1009 492 841 1314 500 1995 2789 38 837 1211 1955 2265 1769 1370 164 2335 919 2185 1187 1906 1499 227 2779 2304 1449 156 1770 579 2322 458 1354 1073 1555 20 1117 2627 866 392 396 512 2844 952 1865 733 553 1750 273 2226 114 654 1514 523 9 2764 1015 2770 276 2225 2577 1401 705 507 877 2594 1746 975 760
000059.jpg,2193 1117 458 2764 1314 1955 1332 968 602 2265 68 2250 2689 1974 505 2592 120 1680 1156 553 2681 2500 705 2144 175 670 1896 633 1827 523 552 734 1461 1111 1756 2181 414 2177 2534 2283 1873 1543 771 533 1335 507 2199 313 2527 2576 1376 2597 2191 2594 877 500 503 238 711 2552 28 1003 2228 1010 1746 363 2052 2370 1563 740 2237 972 1831 162 2770 2557 1917 264 532 772 449 2322 2306 1242 1401 2484 733 1215 587 2105 1073 261 864 2819 1317 1099 2065 2812 1708 299
000060.jpg,941 84 1515 2457 5 2152 2474 1616 2165 2115 244 2355 850 1352 2734 2502 985 1066 1371 2820 1949 1170 2593 2623 270 2761 509 2048 1768 106 323 98 2386 2056 844 1364 2448 45 1251 2562 2442 1762 2720 1882 1226 1605 776 448 2831 644 2263 1272 1064 2522 973 2678 1144 676 398 2572 474 281 1458 2503 2116 781 1726 1802 2725 353 2086 2464 828 762 1525 104 13 650 2691 1674 1113 1263 738 1819 713 909 1957 377 732 409 2726 1222 1864 1570 171 2787 1108 609 2141 339
000061.jpg,290 52 2821 207 346 61 225 418 2025 1481 2669 192 1829 2279 1168 1299 2690 840 467 2285 1780 1932 245 217 2467 726 478 2091 1843 504 2765 1024 108 822 1262 2634 1039 464 268 655 2715 534 1813 927 2687 2142 1062 1275 129 1281 1789 331 2164 806 139 456 31 1022 580 1875 53 2794 2429 501 430 239 999 452 2396 1465 2059 1127 2244 455 1787 209 2137 324 2693 131 1378 89 1923 295 2720 788 753 2311 1706 389 2280 2698 326 495 525 412 2316 561 838 2173
000062.jpg,459 650 2268 37 865 2666 2502 1605 2355 5 2152 1515 1616 2691 850 844 2593 2353 1272 13 1504 796 2734 339 1674 2474 448 1219 2165 2460 281 2457 1744 2001 2115 84 941 2218 1694 1762 392 323 2363 640 2677 59 1352 1835 2361 973 98 629 2726 781 1995 1570 2400 1232 2256 298 1263 1267 676 1173 1817 136 128 1366 896 276 915 2147 1144 2391 1285 38 2517 1976 224 413 586 115 1170 543 9 1066 2483 1763 1754 479 1501 1390 871 2161 2003 1902 1539 557 256 167
000063.jpg,2792 2416 118 998 2658 2843 2349 1583 1791 2274 36 567 2793 1808 7 2252 1085 1909 1688 1163 2679 1903 453 1431 875 141 151 612 1271 513 2452 2163 808 1089 2117 1100 1370 579 1404 25 2045 528 1155 1531 680 2618 144 1854 887 311 982 662 1209 816 866 2778 2559 1210 337 1470 981 2122 2225 2078 984 1023 1613 2575 1585 2065 1154 2333 763 1742 121 2829 1053 301 1886 1268 2723 492 748 177 2711 2459 2682 2009 2328 401 733 1132 382 975 517 1052 569 2449 536 2167
000064.jpg,654 1831 261 2764 1974 2322 1756 2061 2689 1655 458 414 1706 633 670 505 2370 1461 2199 1117 1317 1746 2053 1187 363 1240 1921 507 1376 963 367 1395 1124 1715 936 1543 1917 1912 2681 1822 598 1918 125 972 1143 1164 1635 235 2822 159 2191 2250 602 2833 1097 1293 552 1730 390 2092 1018 837 587 2812 2052 771 1156 1647 1787 2406 2062 2770 553 299 1332 782 1755 2396 1135 1827 2814 1009 264 2139 2193 2716 705 649 216 928 608 1972 1050 721 152 786 402 274 68 1873
000065.jpg,2066 1213 2113 545 251 1019 1389 304 1483 2178 1951 1306 2546 1451 1115 1361 63 393 1427 1353 2540 1228 803 1447 101 1785 2040 2022 485 1298 374 364 2381 1883 989 1333 1900 436 1561 1300 1137 341 215 1175 293 737 2136 581 2016 2644 1631 1244 2787 634 1689 395 1559 727 1394 1334 1798 2149 1106 529 2323 2656 2114 376 2504 1801 1928 1847 2759 1166 962 572 2430 1513 24 1178 2579 1683 789 646 2238 766 1161 483 328 1749 2143 1230 291 2242 2784 1773 240 2409 1091 2024
000066.jpg,2813 2248 948 2258 2286 2393 1937 362 2382 1841 1874 1464 686 647 1076 2683 146 329 2639 804 1130 1592 2506 1639 2558 491 165 2569 2057 494 1899 1944 1646 2708 1223 2435 1185 2291 2438 2135 1212 1935 1606 1777 1463 137 899 725 2207 2842 1056 1825 1986 2766 2741 2473 2511 1134 2580 2704 1547 1055 2294 2068 2717 800 1824 1569 100 447 2492 2728 2825 338 1094 2721 1126 1940 774 2427 1379 246 2650 2183 1441 2243 574 659 682 1291 305 1064 1071 730 872 267 2522 1640 821 692
000067.jpg,1096 1416 2628 574 64 48 439 2298 1684 568 1640 1948 1569 100 1899 772 1223 2291 899 2011 645 1636 51 155 477 2731 2741 494 305 2721 2439 1993 562 2352 2435 1218 715 461 1444 1649 2319 657 1658 1782 386 718 143 2057 1976 2135 137 1652 2391 447 1212 2767 372 2580 2710 2363 79 557 1041 2175 2460 2598 2584 1067 1962 146 1381 1411 1054 2436 2815 1038 2001 165 1189 2529 2639 796 986 1777 334 1185 1965 448 169 1547 647 1255 2231 1897 1433 1982 686 2379 266 1541
000068.jpg,1085 1903 141 453 1163 1688 2274 7 1808 2679 2163 612 2452 998 2792 2122 118 2793 981 1583 177 2055 2416 2829 1791 2349 401 2658 1023 36 2843 1052 2252 567 816 2009 1089 984 2249 1100 1404 1628 875 908 2636 1341 2758 2778 1431 301 2747 1155 151 1047 761 1271 1531 760 924 1415 1069 666 2328 513 2031 2394 1910 1790 1909 1070 2446 174 355 1268 1872 2098 2491 975 2117 2711 2775 595 2120 1145 916 1105 2310 1308 81 1854 1651 1150 536 2770 1370 887 2640 1367 2488 680
000069.jpg,1793 1699 2415 802 2217 429 142 1492 2029 1890 555 1393 2553 2743 868 1888 1430 1256 554 1033 2668 1562 332 2568 1872 72 340 2786 1553 979 427 1065 2227 901 760 320 176 975 173 1431 417 121 1710 2078 1495 2333 2117 460 2482 289 1686 2458 1588 99 62 886 1628 597 1132 36 2773 380 437 2090 73 1886 415 878 2775 569 536 2304 1414 219 2010 1158 2074 1366 1418 361 923 191 1241 1388 1235 1151 2355 193 713 1510 584 2035 1002 399 733 2587 1704 1621 174 997
000070.jpg,2038 809 1399 2103 1764 2570 1266 1952 964 2808 444 1725 1042 2791 368 2027 358 2795 1245 432 827 2627 2640 2195 400 2661 306 2169 381 1070 2031 2120 2030 396 1555 2839 2221 473 1326 2499 205 375 2128 488 2051 2101 1979 531 1514 2264 980 2118 388 1975 684 276 163 1329 111 1610 1412 537 2770 167 1539 2124 2351 2508 1637 1502 2483 1922 1061 1456 1740 224 20 461 1304 1556 1902 2249 2226 2335 1284 1884 2529 1439 2256 128 1921 2179 1700 413 1612 1205 138 2366 907 2833
000071.jpg,26 1870 2454 348 2538 2769 1045 925 712 2241 1369 550 2649 735 480 2050 2161 518 663 2130 179 1422 440 1328 2840 158 259 704 197 242 1542 1869 77 2321 1840 2375 2123 1195 2667 1590 1983 2739 378 1191 801 1406 720 1075 1350 1494 2581 2189 2714 857 1432 1887 627 2229 2206 93 895 2672 1193 421 2356 470 842 433 263 202 2493 2694 656 1043 2332 1012 67 2004 2039 1086 880 282 249 2509 1653 2127 1810 2583 130 2817 366 438 706 228 1594 514 170 1776 1930 1580
000072.jpg,2053 1124 367 654 261 1037 414 1143 507 2322 235 2199 1297 670 2799 1376 1746 152 220 1822 2191 972 1461 552 1395 963 1135 1831 1756 1118 2822 2052 1974 526 1240 2017 2812 2061 608 1317 1293 1097 2681 92 383 864 49 2764 508 2770 649 2594 274 216 2062 2527 2177 1111 2689 734 1918 633 1099 1164 994 1140 1873 1921 1021 877 740 2806 180 1706 1827 344 2814 2283 2716 1655 159 2557 2479 936 2108 2237 408 2774 1885 1282 1823 505 1896 1635 968 1532 2592 2265 1216 2250
000073.jpg,2433 2713 1986 2376 1490 1453 2294 1940 1825 2207 1056 2728 1055 725 2545 2034 1860 201 1223 2309 747 2556 1901 2272 2023 2435 494 2057 137 2135 100 2291 165 1899 899 1212 2558 1874 146 1569 2767 260 1606 1130 2741 329 1841 1096 804 1944 134 362 659 2826 1547 1640 2766 647 2248 2506 2721 2639 64 686 1463 2326 563 715 1935 2813 2708 2068 2842 48 1937 51 657 562 2683 2511 1796 1658 1076 574 447 305 2100 439 2382 2088 2580 155 1452 2319 1381 1948 1464 1636 2584 2225
000074.jpg,2011 645 1663 1218 2352 1054 2707 169 1649 1679 947 562 2837 1623 1444 1993 1782 305 2616 48 2721 51 231 715 2631 1948 155 2767 1617 1255 1416 1096 1544 1153 2439 1381 439 1636 1261 1328 1757 1650 64 1422 1640 1051 1658 986 2628 2815 2836 445 574 79 1965 477 1067 611 2076 123 626 1600 826 1799 134 1569 2741 100 2367 950 2391 2665 1958 1860 2068 2766 1202 1358 2477 657 1445 1223 563 2135 1041 2298 722 659 899 168 1545 2291 1899 718 116 2713 2069 137 2650 2719
000075.jpg,574 1899 1569 100 494 2291 165 2558 2057 146 2741 1130 899 2506 647 2435 2639 1096 2683 1416 2135 1944 1640 137 2580 2248 1646 1212 1223 772 48 1874 64 2628 1463 1606 439 2813 1948 568 1134 725 246 2421 1935 1038 2825 2439 686 1658 1636 948 1444 305 51 329 2352 155 2721 1452 1055 2207 447 1649 1218 2767 804 2766 659 1041 715 1547 1051 2815 1825 2728 562 1185 2511 1261 1544 1940 2298 2391 1381 140 2713 2294 204 1054 1782 2286 2729 1993 1777 266 1986 1965 1189 169
000076.jpg,1980 2315 2685 2702 1548 767 1417 860 769 1701 1489 1788 161 258 1895 277 1682 269 770 2532 369 2289 2482 1989 1479 211 1320 1460 1976 1496 1747 433 889 2 1938 1816 1833 1557 2686 2622 1443 2496 1390 1504 2663 2650 1480 601 461 2161 231 2556 372 2755 168 1387 1759 381 1519 950 197 2075 1081 2363 2757 2001 1366 1202 2389 386 2375 1497 531 1710 2600 1272 273 1252 1285 2015 1264 1316 2598 901 266 2510 1681 1236 2460 2517 854 431 1599 1834 361 2391 2524 1964 2379 2732
000077.jpg,2341 380 923 2074 1579 2304 302 78 292 893 841 1398 515 1387 9 1750 2451 1154 2108 1366 73 2384 21 1599 1480 681 1816 492 199 289 361 253 156 2423 62 164 878 557 879 2755 1686 2460 886 597 2147 417 1320 1241 69 2389 1418 629 1479 2677 2078 519 1219 2812 660 672 2363 413 915 2577 128 760 579 770 2443 1770 1263 2001 2483 392 1872 2600 114 1501 1982 2671 919 1131 2256 640 2622 2664 1354 281 944 1817 854 2026 952 1519 852 975 261 1647 1705 2828
000078.jpg,1849 1722 2495 1867 707 44 2021 19 1231 2260 76 824 1197 1383 614 2533 926 80 230 218 29 940 1296 424 1180 16 1838 1818 1103 2190 1476 2202 2745 1447 2112 683 2542 1004 60 2235 1116 2673 2180 75 1999 1149 739 1224 2172 1714 119 2277 564 1914 286 983 1353 1760 2437 1434 1394 2114 2320 2547 2381 2540 2787 1035 1300 989 2281 251 1713 395 2497 1427 1839 1304 2561 1883 1728 88 1801 832 1137 1092 1786 2756 1990 2644 792 576 1693 91 1773 1559 2784 2563 2426 1593
000079.jpg,1604 530 446 1518 2049 1981 1237 1290 1567 2064 921 1384 1017 1879 1301 1058 1742 2796 2140 2596 631 908 451 2660 966 1002 662 1613 607 394 1909 2282 2257 2392 1119 708 918 700 1491 124 2530 996 2093 2357 1587 1978 1495 1564 2675 651 345 2131 1676 2010 2458 612 709 527 1906 237 2658 1673 415 1181 1992 1988 2793 1313 2747 2543 243 1554 1645 2219 487 2205 2262 2692 2696 1138 867 1731 1800 2446 808 1239 1848 716 1047 2085 288 942 528 742 1210 2452 172 773 984 186
000080.jpg,2716 849 2365 2052 2199 505 2819 670 1003 2265 81 2191 2105 552 1461 507 2681 1873 1376 68 1974 2764 705 553 2594 2689 2500 1746 2250 877 1314 120 1332 1955 2181 2177 2306 1156 1111 175 523 2597 2144 890 1896 2592 1164 972 1543 2527 602 740 2237 1401 235 367 2822 771 618 2552 2576 2193 1419 968 734 2770 152 1827 1099 2789 180 532 162 1117 2534 2338 2557 414 533 2479 1135 963 316 261 1532 2283 1441 1010 1885 449 1756 2322 1708 671 2370 837 1215 1073 2061 649
000081.jpg,860 1701 258 1052 1489 901 1976 2482 1417 1548 1895 1788 461 1911 769 161 477 1504 2702 437 568 922 2315 1697 767 372 1387 2167 2782 1980 2043 1256 1236 2810 269 1250 2289 2553 2589 2218 1163 440 411 459 266 37 157 2706 1589 1261 2171 2268 1380 273 502 906 2267 938 882 826 2380 1189 173 168 59 2707 2841 1840 2416 1881 1029 1085 947 370 118 297 875 1331 136 1710 990 1233 2793 1816 2431 1902 1617 1541 1616 2298 1599 521 1405 2355 1285 2274 2032 2685 99 2815
000082.jpg,2508 2351 205 473 2366 2169 2603 2414 1177 388 107 2641 2176 397 728 1970 55 153 1633 306 1471 953 163 2535 701 1975 2604 1637 1610 1061 1556 1245 2030 1249 358 2027 138 2128 368 444 1725 980 2795 778 2791 448 745 1612 325 1304 382 684 1502 2573 510 1488 400 1474 1787 2396 443 2711 466 586 1006 1042 2661 2203 2346 517 827 2326 2118 1891 736 1738 1764 1723 432 423 1919 2521 1467 475 2179 2570 2103 1308 1326 1854 1397 2620 1884 1205 924 1918 2222 375 1748 1922
000083.jpg,1370 415 1388 2035 301 219 1414 911 1158 144 1554 2344 2009 2010 2098 355 2553 1047 2646 1105 2696 2307 2480 975 2626 2310 1396 1313 1906 2747 984 1151 2337 2117 1331 1431 2446 1837 622 2676 2800 2249 2358 1046 178 1614 2257 1023 337 816 2287 74 173 1848 2724 2670 36 1673 2331 2452 109 1089 1628 1253 813 2658 1473 1268 401 2636 172 623 1100 680 2007 1978 486 317 1428 2333 1404 2357 916 2093 243 666 1793 784 760 72 1872 2722 12 2829 1271 2397 2122 2042 866 2097
000084.jpg,2816 1027 1244 2022 1389 2449 8 1487 63 2024 1333 1090 2066 1213 1019 2216 545 2167 1763 1298 426 2113 1671 1703 1785 727 2043 2136 637 1228 2171 304 922 2810 1597 393 981 1288 2178 589 411 1561 1483 2546 213 1697 2841 1631 2617 658 1115 2657 2589 1881 335 1087 2016 1447 2353 1137 1306 233 1951 2405 521 2339 714 511 24 898 251 1883 2706 1451 1685 499 101 1139 1558 1971 1990 1363 485 1257 2403 987 1533 1804 547 1386 924 2072 1694 1773 149 1163 2040 617 436 1270
000085.jpg,1753 1125 1842 18 2777 2772 1834 2015 1252 70 2077 2478 2490 2510 431 1390 1557 2561 951 2818 2000 601 1035 1642 2663 2757 1759 2622 2667 2 1839 315 2302 1165 1460 2161 1480 282 850 1459 1504 1908 83 1559 1014 469 284 522 2152 433 1748 297 1869 1202 1340 604 929 1809 1594 2355 5 86 1675 1186 2502 2308 2650 2375 2493 66 990 373 2276 2601 1012 1069 1272 1958 381 197 751 1357 250 26 38 2471 13 2187 2127 2388 339 321 993 1128 767 863 2321 254 869 502
000086.jpg,353 2514 2520 1380 776 370 2210 377 196 724 1189 1371 98 2572 820 1322 828 2463 1949 2047 1824 2512 2475 1911 2032 905 2578 2263 2410 2623 1541 2421 1221 546 285 2378 2183 582 1170 385 691 995 1726 814 308 2783 1144 6 84 1420 1071 1820 2678 1226 1477 2474 1882 1525 2729 1696 1083 1074 2387 1066 1603 2468 560 853 482 1038 1880 1183 2194 2107 1702 661 244 2086 474 750 956 476 1450 2165 2643 1802 347 1084 2273 669 2261 1536 2115 759 732 334 181 974 1960 1616
000087.jpg,767 2702 2315 277 1980 2685 2532 1989 211 369 860 2496 1938 1548 1460 1747 889 1833 1496 2686 1443 1701 1489 1417 2 258 2556 769 601 2663 1519 1682 1895 269 1557 1390 1788 770 2622 2482 1759 372 2757 1387 1504 1320 1480 1316 1366 161 2001 361 380 1816 597 672 1686 543 1479 2443 2289 2363 886 9 1976 128 386 417 2828 2671 2510 431 933 1965 1219 2460 1236 136 854 1233 2015 2380 1252 1285 266 640 2815 315 915 2598 1398 1418 1599 2074 2355 1834 850 1501 437 2304
000088.jpg,277 1938 1747 1833 2496 1443 889 2686 2532 1496 211 767 1989 2556 2702 369 2315 1519 1460 1980 2685 2 1548 1316 2663 2443 860 601 543 770 1682 747 1417 2272 1701 769 258 269 1219 1320 2001 1489 640 672 1686 1557 1599 1418 13 361 1366 597 886 2363 2289 1504 9 1976 2828 1390 2755 1480 372 796 854 2460 933 1081 2622 1285 128 461 1272 1816 1788 950 2671 417 1497 1479 413 386 1387 515 660 1398 1490 380 136 381 2147 2598 2677 915 1895 2482 850 1965 557 2217
000089.jpg,2782 1370 1554 1614 710 2257 1673 1331 54 50 1893 1886 1707 2696 2262 852 186 2618 528 709 1385 1031 2026 1209 2085 579 566 512 1779 1105 875 942 2559 911 2219 1718 1705 662 1681 1909 2600 492 2369 1613 1848 1906 415 1211 975 2480 487 2045 2543 25 2793 2337 317 191 1699 1046 2304 1154 434 2093 1158 671 118 1239 2646 451 2098 1978 2658 1564 1396 2416 622 966 1384 1992 2723 1808 2763 486 1007 1210 1025 2274 591 607 74 1442 1325 2028 355 337 453 173 651 199
000090.jpg,785 1336 2612 2401 2079 2591 971 2230 1013 1907 468 2083 335 2160 419 2554 894 861 1139 2153 1927 2313 1858 1315 96 1632 829 2427 1826 1108 43 506 2705 2188 2476 1283 2841 2425 807 1153 411 2404 300 2706 1797 620 1697 2353 752 959 637 2060 2216 1910 2058 1727 2555 189 2171 565 106 585 2197 1032 856 1889 1214 2081 2751 1330 1277 2567 22 181 2182 2760 1487 935 762 236 1171 183 255 2823 2608 815 609 2810 387 957 2595 2116 2141 171 509 342 2688 1643 1953 1199
000091.jpg,505 1823 2396 1991 780 2794 2764 786 1022 2244 1787 138 1182 241 1612 495 1465 252 1741 131 1378 1974 1655 452 1563 268 1746 968 2500 936 1317 1117 356 1011 1918 523 2689 1109 1303 1568 2280 296 1755 1756 2232 2119 1852 654 68 553 175 2144 805 389 734 587 2017 2181 408 2236 1282 758 1917 2173 2370 1827 2674 2799 1503 1896 1843 49 2142 363 2061 1781 806 239 2681 2283 2250 2265 1955 313 458 1831 1314 705 699 414 2193 972 653 670 162 2693 1543 1135 1461 507
000092.jpg,2044 2411 2501 2528 1190 1934 2515 2832 2517 1644 2400 1270 2574 556 85 2270 987 1666 2524 1102 2534 1549 312 2003 2325 188 1656 2709 2790 1624 2424 1122 547 2817 1983 969 1674 1926 2391 197 992 817 1162 1484 1338 317 2375 2082 221 1319 741 1407 2840 1411 2797 2104 2340 1552 386 703 2138 1242 1092 635 445 1173 479 943 2300 2133 611 259 533 1814 1684 1886 433 463 1661 1600 1118 904 2584 409 2544 1278 134 143 718 1710 965 2187 2529 349 2289 606 2397 2367 226 1540
000093.jpg,5 1515 2152 84 941 2355 850 2457 2593 2734 2502 2165 1352 323 1272 985 1616 2474 1762 13 1267 1949 2820 2115 844 244 1674 1605 1371 640 98 1066 1170 676 281 509 1219 2691 1504 973 781 776 865 896 339 106 2147 1144 713 448 1263 1751 2623 1226 1864 256 1882 409 370 796 353 2726 862 738 479 1819 543 2677 650 828 15 2047 629 1189 1835 1570 2443 1595 831 1426 1222 39 2497 1152 1754 1957 482 474 2214 2334 2086 915 1733 1113 1519 1477 384 1700 2288 1036
000094.jpg,2011 645 1663 1218 1054 2707 2352 1444 169 947 1649 1623 1679 2837 562 48 1993 1617 305 1153 231 1782 715 2721 51 1544 2616 2631 2439 1255 1328 439 1261 2767 64 155 1422 1051 1636 1381 1650 1757 1416 1658 626 611 1948 2628 1640 2836 1096 2815 986 123 1067 826 2477 266 1737 1600 79 1041 1319 817 1965 2076 882 194 1545 134 1624 613 1202 950 2584 2367 283 1569 1799 574 445 659 2150 477 1411 2373 100 168 2610 2801 188 2391 238 1603 1129 1926 2012 1445 2817 2509
000095.jpg,285 546 1221 582 724 2168 661 2261 42 636 2807 2278 1536 1318 2194 1882 40 1960 1083 6 353 776 851 1071 370 1189 1744 2571 98 2210 2520 592 1371 2047 2162 2582 1824 1232 1949 2572 2514 196 820 905 1144 1226 84 2032 1661 2086 1380 1204 1541 2474 2761 2726 828 474 482 1911 2623 377 1066 1835 2410 2475 2378 2457 2263 2214 2387 270 1322 1957 272 15 831 2783 1768 385 2048 2209 1525 384 738 814 1222 1504 5 1347 995 1603 2512 1351 2463 737 2518 2695 297 896
000096.jpg,2353 2404 2457 2591 785 2230 1515 1139 244 909 2141 509 335 2115 2474 468 106 2464 1616 2083 2448 2706 1768 2841 941 2498 398 270 84 1697 2725 1458 2761 1889 2562 2623 2048 1858 2503 1596 2079 2160 411 650 1525 5 1907 957 609 1364 637 387 2171 2442 2216 621 2572 2720 236 2182 2608 2760 171 1066 2056 585 971 2688 1766 2666 1336 1371 1866 1251 620 1797 752 2810 181 37 1199 2831 1882 2386 2705 2165 1605 2152 214 183 644 2043 521 2263 762 744 2425 1064 45 2401
000097.jpg,951 2818 2510 431 2000 1035 2478 2561 2077 70 2663 601 1839 2772 2777 2 1842 1125 18 1753 2490 1642 1460 1834 2015 1252 2667 369 1390 1559 1557 1759 2757 850 929 66 779 1958 1985 282 2622 13 1195 2315 2127 1272 1997 378 604 2493 1012 3 2701 2321 1594 145 321 2739 2324 1106 469 26 249 1075 842 254 371 1905 1128 2161 767 2485 470 1459 1357 1191 2284 2454 2345 863 1609 2149 1869 373 269 640 2672 885 1542 202 895 1202 2329 801 1868 707 2211 1809 845 720
000098.jpg,817 1926 2817 1656 1624 2790 1102 1644 1319 556 221 197 2375 1270 2411 626 188 1407 1338 2528 987 547 1934 611 2515 85 2501 635 433 2270 1386 1190 943 2044 2832 1202 2840 1101 1122 2161 1737 2367 2312 741 2082 1704 312 1983 2289 2538 168 1650 1545 1146 2610 231 1172 1752 668 349 2400 1405 1799 2300 2574 1710 2424 259 1468 1663 283 795 1622 950 2534 977 445 2517 1067 2484 1411 4 2801 1090 900 463 2148 550 1666 2389 2084 1671 317 2200 1552 489 1437 2607 1095 978
000099.jpg,2103 2038 809 1399 1764 2570 1266 1952 2808 964 2791 1042 444 1725 368 2027 358 2795 2195 1245 432 827 2627 2640 400 2661 276 1514 2256 381 2030 461 2169 306 488 1070 2120 2051 2031 1539 1555 396 2101 167 375 1326 2839 111 871 205 2264 2499 2221 537 2128 2226 1979 531 473 2770 1610 388 1412 2249 980 1456 2118 20 1975 2124 1205 224 684 163 1556 1284 1922 2483 1740 1502 273 1304 1902 2833 1061 1633 1637 413 1784 1329 2529 1344 1976 128 694 1285 1402 1884 1921 1044
000100.jpg,2650 79 2068 2665 447 2766 692 686 1547 2511 2292 204 1962 2842 2305 722 657 2319 2719 2435 122 1799 1935 1606 59 790 2034 2545 1223 1463 1828 2509 1134 2835 67 2736 1126 246 405 1810 2614 2248 1012 2813 2825 1212 2023 1986 1075 2289 362 137 1944 600 2393 433 2286 202 948 2258 1841 1055 1639 2100 1825 950 1937 197 2135 2161 2207 725 2185 899 249 627 1076 2382 1056 2291 1940 2294 1569 2713 1464 168 2741 1874 2385 1899 1622 494 2708 1814 350 2558 1777 2844 659 1964
000101.jpg,2279 516 412 1299 1168 752 561 290 1021 192 1303 2404 1201 1829 2823 92 2821 52 2017 217 346 2062 207 1907 2669 935 2353 2698 418 2025 61 1910 2079 2690 225 1481 1037 383 2595 2806 1003 1826 1071 455 295 2285 1852 1297 252 2083 650 836 2053 655 2317 2396 2269 49 430 1336 586 1304 2527 2467 2096 1262 2666 1891 16 1605 1013 1723 495 745 2770 1706 577 138 1108 2265 861 1235 1474 268 670 1293 2067 1283 1692 1787 220 585 1912 37 1124 724 1822 443 2562 2794
000102.jpg,1246 825 1574 652 254 2336 1691 1136 2699 873 845 1523 575 1538 2754 2695 441 373 2395 1016 2434 2536 2019 2324 765 2383 57 1861 294 179 2129 2489 1859 2714 934 793 2493 210 1846 2544 1229 1580 2418 1348 851 280 1234 2016 929 925 2157 170 2247 1292 584 1551 1590 282 2192 1276 1369 14 1377 1392 2174 2649 895 2229 82 712 2487 1203 1575 1804 2024 1482 259 2130 2080 378 2170 884 1507 1195 1365 1045 550 2426 102 590 2454 2563 1034 2198 779 87 2672 2461 967 514
000103.jpg,1514 1539 276 2226 1294 167 1456 273 20 1284 537 1446 958 638 454 2529 2256 2833 2271 2844 787 1069 1607 1630 2619 810 1939 352 2104 71 2222 2481 665 1242 2138 30 143 2524 955 1360 1341 461 2246 969 1349 1694 2779 299 2758 1546 1729 1549 317 1140 2139 2092 718 1305 1112 1258 1925 220 2616 2811 1815 1556 1215 2797 2770 1555 1648 961 533 2455 1619 488 264 2717 1187 630 2185 2406 2584 1637 1411 1982 871 1150 698 2298 697 1976 741 1652 879 2633 1009 1445 2177 128
000104.jpg,1003 2105 2265 2716 1201 1873 849 2365 2237 877 2594 740 2789 2306 890 2681 1111 1419 2191 2819 2597 2052 81 1885 1099 180 1010 1304 2338 2199 1332 192 1543 1156 1441 312 2372 2832 1942 1955 1135 2592 271 1314 1826 2181 2610 670 195 507 1302 2689 1254 602 552 367 705 2445 120 2269 1650 1633 2440 1408 2576 1994 1187 649 68 316 505 2279 2250 2552 2071 1746 618 521 1395 961 2396 508 2177 2500 1852 2308 553 1896 175 1610 577 1338 490 2527 619 92 2317 1698 220 2718
000105.jpg,1019 1785 63 1389 1298 2022 2016 2066 1213 1483 1447 294 1137 1333 545 2229 2461 2513 1561 761 291 704 1749 304 1434 2331 242 614 1034 2113 924 793 490 1685 634 149 16 857 2714 182 1234 832 393 954 1392 499 1244 746 1786 2254 2361 1971 1257 1999 210 1590 1043 2178 1883 1072 2136 1228 570 1727 1665 457 617 421 2718 2330 1605 516 1087 1795 1346 376 689 2802 2456 2233 2277 2555 1276 2418 1365 57 2112 1004 93 714 443 2522 895 2588 2123 247 1861 2072 1474 2174
000106.jpg,2288 1357 39 1767 2497 1114 931 2653 751 75 469 2390 198 2667 1459 2281 1014 1594 1751 404 2624 378 83 1195 564 1609 1943 993 549 1529 1748 2204 1869 32 920 424 541 1733 2744 1950 2073 1836 2239 902 1905 2033 343 590 1601 917 206 765 87 187 2036 1467 379 1593 1915 736 2326 19 862 2563 2671 282 126 940 2700 1919 960 1818 2276 1004 14 2437 578 2542 2112 1180 250 676 1403 1391 1192 1985 184 2388 1224 2824 910 1340 739 1116 1714 1838 2051 869 1713 926
000107.jpg,1294 1514 2138 969 638 2226 352 958 1446 2271 810 787 1305 1539 1815 71 537 1694 1630 2481 2104 1607 2619 1939 30 276 665 1360 273 1069 2616 2455 2529 741 1284 2246 2833 1456 1411 2584 20 1349 349 1338 1242 1341 955 2633 2844 1122 167 2524 317 454 143 1925 2222 2779 668 1270 1258 1112 2256 2789 1215 1684 2379 299 1549 1302 1729 264 2092 533 2607 2139 1648 961 1652 2758 2411 461 630 312 85 2100 2534 1445 1009 1140 2044 1982 2177 2797 2717 2527 1187 17 403 837
000108.jpg,348 2229 26 925 1369 1869 1045 480 2493 2649 2198 712 378 704 179 2050 1870 2454 1195 242 2130 960 2324 2241 2204 550 294 1772 1594 450 549 303 1538 2621 663 2672 735 158 2699 2667 1832 404 1959 2329 2129 751 818 2805 2695 2004 1410 2123 87 2347 2447 2538 1169 1609 2780 539 1523 2211 2240 812 373 2525 693 357 845 1574 1372 1348 2637 1590 2684 765 2489 2563 1580 35 1915 884 2824 857 590 2769 2630 1351 279 2018 153 321 2701 1247 1576 2356 2106 895 2733 254
000109.jpg,813 1528 1554 243 2778 2097 1025 1370 1769 2310 930 1105 1396 1906 1063 2098 355 1865 2093 1211 1657 1546 1516 1673 1614 607 1047 709 2257 1531 2219 1978 928 2543 748 2696 2341 2660 1239 2304 1331 512 1742 50 537 2357 451 1879 394 2140 1385 1992 186 952 434 1579 855 1384 1058 2282 966 2026 54 2782 1707 1031 710 1779 1301 1566 1367 1354 2085 566 1893 841 1388 199 975 908 2796 763 2770 1791 852 923 164 1920 1387 2773 1311 320 515 172 631 2763 612 2246 2262 1154
000110.jpg,2145 2102 1325 1526 2516 773 1442 1969 1992 1511 1007 2763 1871 1779 1385 2613 288 1800 406 742 1721 1645 1731 1138 1707 1876 94 248 883 1020 855 1424 416 2302 2596 1165 1053 1581 11 2110 2560 2809 434 186 1311 544 2251 410 1142 1968 1133 1079 1783 680 1209 2006 870 1913 1174 2626 1309 1527 2219 528 1854 1573 811 191 1268 2680 2697 513 2005 2843 2519 25 610 881 717 365 1634 774 673 2377 2618 1119 622 1936 336 730 709 1966 1473 2310 253 2730 2417 317 178 648
000111.jpg,751 469 32 1014 917 2033 902 83 1459 590 1943 1748 87 993 187 2239 920 2073 1594 541 1950 2744 1836 2667 765 2563 2288 404 1195 378 1593 1869 1609 2204 2390 1357 549 39 1467 736 379 1919 2326 2437 2700 1915 2036 960 1529 1905 184 869 1733 282 2281 2497 1767 739 2653 14 1403 1751 343 2824 632 2296 206 707 2240 1601 75 931 1406 2453 1192 2345 2621 682 1114 615 779 1116 2605 1985 1224 91 2336 818 1714 321 2360 198 2159 683 2020 2624 2752 2211 2804 862
000112.jpg,374 803 2040 101 1361 2381 989 1451 364 436 1900 737 341 581 251 215 2540 1353 1427 2114 2644 293 1801 395 529 1883 2323 2656 1798 1334 1306 2149 2787 1951 1106 1559 962 1300 1175 2546 2178 485 304 1115 1394 2113 1483 1213 2504 2066 1230 1447 2277 393 1693 2759 545 646 1928 2579 766 789 2238 1197 328 1178 572 1513 483 1228 1847 1161 1137 2784 1073 1743 1683 1389 596 240 1689 2242 1561 2136 1166 727 44 1091 1176 1180 2523 2422 95 2542 1019 1818 1785 1996 2673 310
000113.jpg,2268 459 37 865 2391 2001 28 650 2666 1680 796 1549 2797 1605 2691 2502 1537 2517 2460 2363 386 2228 844 224 2779 1916 2346 372 1891 1817 413 136 1723 1694 1366 1232 276 128 1501 1335 475 2355 1902 711 1570 1744 557 488 915 2256 629 2353 458 2400 2152 1884 1122 1284 298 2677 1661 461 1976 477 2389 2193 1219 1763 281 1426 1711 781 1285 2494 854 944 2598 1480 5 594 980 2325 1308 1515 355 1150 392 701 543 2599 2118 1700 660 99 2535 1173 2136 2366 586 1396
000114.jpg,2331 1249 761 2249 757 2277 2317 924 1533 301 2452 834 916 16 953 1970 227 2829 2055 2394 1474 701 1150 517 2573 1023 680 2122 745 1471 1404 177 2180 1268 443 1100 401 778 2641 630 325 107 60 2310 2414 2535 1089 1044 475 733 2747 984 1891 2604 666 1395 499 1177 816 866 2603 382 614 1006 47 1419 2711 1308 2031 397 55 1137 728 2176 488 453 1921 1070 586 388 1103 2640 1304 1854 632 2508 1069 1447 1499 2839 2120 153 2351 1588 465 44 1637 2042 2346 1729
000115.jpg,572 1230 1683 2579 2040 364 727 2504 374 2759 101 803 789 766 2238 328 1900 1361 1451 251 2381 1178 483 436 989 341 1353 2540 1427 2784 1306 737 240 1951 2242 545 1483 1213 2066 581 1513 2644 2523 215 2113 1883 1898 1161 2323 2546 1631 1561 529 304 2178 293 485 962 2422 1334 395 1115 1798 2114 1389 1175 1801 1847 1300 658 1091 34 1298 1333 1228 1506 1019 2656 1447 1093 967 393 2149 63 1928 1996 1394 2136 558 2787 1106 1785 1689 2022 1137 1166 1804 1559 589 135
000116.jpg,1483 1689 1749 291 634 1561 2430 376 869 576 1315 1447 1283 1928 2143 1019 1727 2555 1334 24 1798 63 1883 2644 2323 529 962 251 1785 1300 1298 1353 1469 1389 2540 395 1166 1427 2149 2409 2066 1213 213 2408 1801 16 856 1013 1333 1230 2022 646 1984 2612 44 2656 2472 333 2058 1847 1394 2401 861 1478 1108 824 1175 309 1106 101 1277 184 1559 935 2113 803 2638 545 739 485 2277 1683 1513 364 1631 2040 1161 1343 1336 1178 1900 1217 1091 304 596 2016 727 483 2737 1451
000117.jpg,1316 1496 2272 2556 747 1752 1948 4 889 2496 2686 1833 1443 1747 1938 1146 211 140 950 1958 1868 1989 2532 1460 277 2755 369 2134 767 1519 1452 2367 1202 2389 1416 1267 2315 2289 2 850 13 2443 2767 601 231 886 1636 2001 1860 2217 1490 323 1623 361 1366 1418 1272 878 1686 201 1649 543 1980 597 1965 2376 2439 417 1799 2663 1737 1480 2355 860 155 2352 2815 2069 2490 1218 2671 1658 802 1417 386 1993 1453 62 854 2076 2568 263 2460 613 2515 672 1054 2363 1411 1663
000118.jpg,2740 2220 2526 1931 2548 956 2643 1696 1059 759 1375 2783 1735 2468 1953 669 476 407 687 540 1227 1602 1524 1629 203 1558 1188 196 1702 1278 2109 226 2348 214 1093 1947 2170 1088 965 2536 428 798 154 1803 986 2350 1866 2121 1001 342 2749 1260 2444 2776 1963 1084 2583 1087 898 1421 1365 714 1811 1758 1207 1509 1525 1255 2405 2266 624 1757 882 1373 1355 1898 1589 1330 150 1675 585 2403 2374 1167 1643 2371 2072 1792 2475 853 1199 2572 667 422 1280 2242 2585 1359 658 689
000119.jpg,1940 1055 2728 1825 2207 1986 725 2294 1056 2713 2433 1223 1490 2376 2034 1453 2545 2435 494 2291 2057 1874 1899 165 146 1569 1130 2558 2506 686 362 2741 2639 2135 647 1944 100 574 1841 379 2319 2683 899 137 2650 1452 747 2248 439 2326 2671 2036 1212 2272 1390 1860 1640 2580 2068 1646 1606 1096 447 2766 2439 804 1012 1658 531 329 736 2362 2046 1733 1267 2813 2484 2389 2628 2001 715 2667 64 1817 2598 79 51 1767 950 2436 1547 2721 381 1463 202 1189 2309 1557 1285 1459
000120.jpg,459 650 2666 2268 37 865 1605 2502 2152 2355 5 2353 1515 1674 1744 1272 850 2391 2361 339 1504 1232 13 2001 844 2691 2593 1616 586 796 2256 1537 1694 496 2460 1150 1891 392 2400 2136 924 1817 629 2677 281 2218 299 2726 2389 2483 1908 1835 2517 1173 1219 1995 136 2363 915 1763 676 38 59 944 2734 488 122 1549 640 824 2797 1723 1661 2003 2325 1680 1704 197 386 2046 1963 2047 443 2457 1539 1501 1735 115 632 1754 8 2362 1344 2228 1474 2474 1323 2484 256 701
000121.jpg,1549 2797 2391 2001 796 28 1680 2228 264 2460 2517 2844 2389 2363 386 299 992 2484 238 2185 2139 557 1586 372 2833 413 1122 224 2092 128 1366 1118 915 1344 879 281 1501 143 629 1009 2677 1480 2691 837 944 2483 2455 497 276 1902 1284 2046 1456 772 1817 136 2598 1440 1143 1202 1700 2599 1982 1661 2529 1816 790 488 2367 854 1868 2502 140 448 1711 298 1439 1223 1335 2584 1582 2318 781 1402 2044 1225 2193 718 910 1189 1641 645 2436 1240 1146 1684 1067 2731 2557 2147
000122.jpg,2650 657 79 59 2813 2068 2034 2248 2665 686 2545 722 447 948 2305 2842 2511 2712 2308 1799 677 1547 1841 362 2614 1076 2258 2286 1464 2766 2023 1955 1937 2382 1586 2435 497 1363 67 204 2835 2393 1223 650 2292 122 1810 619 405 38 2185 682 692 197 1828 2509 83 166 2161 1012 1986 1943 1964 1995 2708 2666 1639 1314 2438 1935 993 2738 459 1825 541 2294 37 1606 1390 1962 1836 2390 168 1950 2207 2375 600 2046 433 184 2100 1312 920 350 1499 1478 2389 2239 1529 2265
000123.jpg,1137 2277 16 614 2317 757 761 1447 1533 2331 1996 44 1898 1785 1469 2422 1161 1847 924 1228 1091 304 1513 1178 1389 328 2759 63 1019 1044 967 2555 1213 2178 2066 1804 545 777 2238 1727 1631 2504 2785 393 834 2579 2523 34 2249 2113 861 240 499 1115 1773 789 1561 766 516 2242 856 1672 2058 2180 1298 1093 2546 1249 1749 1333 1277 576 490 935 1427 2022 1483 1883 1728 2096 2192 483 2784 2540 793 2495 1392 1734 210 2551 251 2320 577 727 1166 47 2756 2409 2024 2106
000124.jpg,2433 2713 1986 1490 2376 1940 2294 1825 1453 2207 2728 1055 1056 725 2545 2034 747 1860 201 2272 1223 2556 2309 2023 2767 494 100 1899 1901 2135 137 1096 2291 2057 2435 1948 2741 165 146 899 1569 140 2558 1212 134 1416 2766 1944 1130 1452 2801 1796 2326 1874 1868 733 2078 866 1606 2639 85 680 659 2319 2755 2100 686 563 2580 2832 2506 647 155 982 574 523 1636 447 2068 1640 260 1305 1547 64 2419 2815 1649 2642 317 987 1316 1658 2584 79 763 2225 1122 352 1549 2671
000125.jpg,1268 2711 680 1089 1854 1271 382 866 778 2516 1442 301 517 1100 984 733 855 1511 1404 151 1526 1970 337 2102 1325 1969 2145 2452 94 2078 1053 773 513 1023 1155 1499 916 1992 2747 227 1020 248 406 1047 500 1424 1721 1305 2613 1385 2098 1645 2763 2446 1779 2310 1007 2055 1800 2042 199 528 2122 2809 1105 355 2679 1871 1396 2249 401 2723 288 612 172 25 2559 2618 742 2793 177 579 1209 7 2416 505 567 666 453 2394 1903 816 114 1138 2792 2658 1431 2829 1707 523
000126.jpg,2425 1797 620 1188 1858 1702 181 2470 732 1436 2083 1889 1221 1596 995 2378 585 2468 2688 957 387 2498 2404 2141 609 285 2313 1602 1084 1766 759 214 1866 342 1953 2348 1104 621 744 1910 909 2643 755 1199 1560 428 1907 1227 2475 582 1337 476 1625 669 2464 1931 2526 956 2751 565 2476 959 807 2182 2725 171 2058 1820 2168 661 2067 43 183 1963 2705 1032 2760 2197 1933 2567 2060 724 2160 229 1214 236 1330 255 1250 1643 1638 2645 2608 1806 189 2572 752 509 2220 546
000127.jpg,2226 1539 1514 955 20 1939 2619 698 167 630 2222 454 1456 30 1284 1294 1694 2529 665 2823 839 2481 1521 1140 537 352 1607 1049 932 2833 1446 276 638 697 233 71 810 317 1341 143 1440 2811 2844 1729 1630 2271 1070 718 2527 220 2031 958 2616 787 1349 2770 1546 1445 1215 2779 1044 2120 533 2283 2640 2246 924 2138 1837 2774 344 961 2565 1740 1395 2177 27 1069 92 2318 1150 587 2648 1200 972 1921 1549 1461 1910 2420 1270 1618 2181 1812 2264 2256 2537 2403 2573 1637
000128.jpg,1634 1466 648 937 338 1174 2697 1110 749 730 2609 2006 1913 811 257 2788 1455 1379 1894 2151 2492 1498 774 821 800 673 1527 2196 2243 1936 1094 1068 2087 1079 2417 535 1850 1670 2519 1040 678 1966 336 2377 1142 605 2005 1516 2095 610 2071 435 112 365 1454 1309 2830 855 881 1573 1581 717 2680 2290 1133 1311 593 2364 248 2560 1794 410 2809 2251 2549 2730 870 1020 1424 1800 434 538 544 1968 288 1005 1783 2299 2219 742 2613 1645 406 872 2102 1473 664 773 1243 1731
000129.jpg,1899 165 2558 494 2741 2057 2135 2291 100 1569 1130 899 146 137 2506 1212 647 2639 2683 1944 574 1646 1606 2435 1463 2248 2580 1640 1874 1223 1935 2813 1134 246 725 2842 1547 2511 2825 2766 204 48 686 659 1096 2421 2068 2728 1055 2207 948 1038 2628 447 64 1825 1940 1416 329 804 2721 439 715 1986 51 362 2713 2294 1841 305 2305 79 1056 2258 562 1126 1937 2376 1658 1490 2286 2393 1948 1185 1452 692 1636 2439 2292 2736 1901 2433 2309 2382 1453 2650 155 104 1041 2569
000130.jpg,1549 2797 2391 657 2185 1223 264 1586 2319 2139 2484 28 992 299 2517 2001 497 1122 2228 2435 2844 2034 2389 2092 2833 238 2650 796 1202 2455 1118 2363 2367 2460 2046 2713 1777 677 386 2708 1799 1986 1874 2400 1480 1009 837 2528 1680 950 2529 2545 2100 1841 2068 1416 2393 143 1545 1056 1284 329 1639 804 1096 1076 2607 2411 1456 1868 1661 140 79 59 1411 362 2665 1640 51 2286 1948 1569 1185 2044 722 1622 447 2501 2633 122 600 1338 372 790 48 2557 2584 166 1815 2598
000131.jpg,1753 1125 2015 1252 18 1834 1842 2777 2772 70 2077 2478 2490 2510 431 1390 1557 2561 601 951 2818 2000 1642 2663 1759 2757 1035 2667 2622 2 2161 284 502 1908 1958 990 297 1504 850 522 2601 315 250 2471 1965 2276 1459 1839 83 1340 2388 282 433 2218 1012 860 381 1391 2054 2650 469 5 2355 1869 373 1186 1489 767 497 26 1460 2454 1014 2127 688 1748 254 1870 2241 283 826 2308 197 379 2289 2375 249 231 2184 1608 266 1357 2493 1636 2302 531 86 863 1202 1675
000132.jpg,574 1899 1569 100 494 2291 165 2558 2057 2741 146 1130 899 2506 647 2435 2639 1096 1416 2135 2683 1944 137 1640 2580 1212 1223 2248 1646 772 48 1874 64 2628 1463 1606 439 1948 2813 725 568 1134 2421 1935 246 1038 2825 1658 2439 686 1636 51 2721 305 1444 155 2767 1055 1649 2352 1452 715 329 2766 2207 948 447 804 1218 562 2815 659 2728 1185 1051 1825 2713 1940 1544 1041 1547 1261 169 1777 1782 1381 2294 204 140 1054 2298 1965 1993 2391 2511 266 1189 2376 1868 477
000133.jpg,988 193 1588 1132 121 569 2090 1553 141 536 453 2163 1430 612 7 1085 1688 1903 981 1163 1808 2679 2274 2394 2793 2452 2122 908 2333 2055 401 1431 144 2117 1023 1699 177 2792 2009 2658 1791 1404 1100 2829 1065 1089 36 875 680 2636 998 816 2747 866 2427 1621 1271 2775 984 2416 1888 1370 1628 118 1047 1105 1492 760 2098 1155 1145 1268 217 399 1872 1510 1886 1415 2310 1742 460 301 567 1976 1454 412 2249 461 174 2587 2770 151 1910 1455 595 1970 1583 823 1449 1419
000134.jpg,525 1662 2765 1048 2429 1475 478 2316 653 2311 726 840 467 2091 108 1024 2164 534 2531 1274 1875 113 2632 806 1774 1039 1829 1435 2687 1500 753 1220 1127 239 1008 1275 2407 2137 245 1967 822 33 1780 131 1941 628 471 452 858 1438 2398 2301 268 1563 2467 1481 89 1843 2173 200 2280 31 625 999 1248 782 2565 1062 2059 927 129 2634 580 1598 2693 501 2715 2285 1050 53 484 2142 449 1813 504 390 1692 418 1011 2611 1018 679 2279 495 1932 838 314 1281 2690 2774
000135.jpg,2813 2248 948 2258 362 1841 1874 1937 2382 2286 2393 1464 686 647 1130 2683 1076 329 146 804 1592 2506 2639 2558 165 491 2057 1639 2569 494 1646 2435 2438 1223 2708 1944 2291 1899 725 2135 1935 1212 1185 1606 1463 1825 2207 1986 2473 1055 137 2728 2741 899 800 2842 1012 2243 1940 2294 872 2068 2704 2492 1777 627 249 2511 2427 682 1094 2580 1406 774 821 1064 574 67 2766 2209 1569 1547 2519 2650 338 1810 1824 2721 1068 1814 1379 482 2436 2183 1455 1134 1038 2087 1056 1120
000136.jpg,2156 571 1321 2450 1736 1098 897 2750 2342 1806 1638 2432 1892 56 1933 1771 1677 2037 2625 1709 1998 2201 147 755 2645 1129 2083 1445 2567 1790 1910 2595 1214 1858 116 2002 1324 1826 2150 1337 255 959 2751 1065 2089 2013 585 229 97 2313 22 2476 189 1330 565 1449 1171 2197 1084 1032 1210 595 2079 1286 957 460 671 183 2060 1791 1625 311 620 1550 823 399 1977 1560 2328 2067 71 2404 1145 1277 1889 1844 1436 1865 1913 2587 2006 1044 118 320 2425 2627 2096 2631 609 2371
000137.jpg,147 1677 1892 2037 1771 2625 1998 2595 1826 1445 1324 897 2002 1129 116 551 1910 2041 342 97 2717 2094 2083 1060 2013 1530 2631 1078 222 1550 1201 160 2776 56 2371 71 2266 2067 667 262 344 1698 2567 428 2487 127 1509 2223 30 2156 2662 1025 1942 888 2372 1349 1648 2440 697 1408 195 1112 403 2704 641 630 271 2071 1360 1630 255 1279 1589 638 585 2338 787 2089 2246 1625 1520 2771 2006 718 665 2481 2271 1963 1913 1094 571 1450 2648 226 1255 1709 1618 2445 1159 1
000138.jpg,1221 285 546 582 724 2168 661 2261 2807 2278 42 2194 1318 636 1536 1083 2425 6 1960 40 1882 1071 592 1188 2470 2571 1797 1104 620 851 181 1702 353 1232 2083 1858 732 776 98 2313 1189 2761 2210 1824 2514 370 196 1337 609 2048 1768 807 387 2572 2032 1651 1889 2688 1436 820 759 56 2162 1084 1596 2141 1977 2643 2080 2476 829 1625 1380 959 1643 1482 2520 1560 270 585 1201 2328 1744 2783 1052 1910 229 1638 755 1820 2491 2468 2431 957 1153 2720 637 2498 956 476
000139.jpg,832 1773 1434 1786 1685 182 1999 1795 1971 1257 149 954 1103 1785 499 1176 1712 983 1693 1743 132 695 617 2112 1004 2547 2190 1914 119 88 76 2745 1760 2202 1476 2016 2542 596 926 230 940 1180 1533 2827 1856 95 1883 2111 824 310 1383 1228 1818 1346 2656 2180 1298 1197 614 80 63 1838 1224 658 2441 1019 19 757 1714 777 1296 215 1116 564 1713 2700 424 1561 1231 576 2260 1867 1483 34 1389 1333 2495 2066 1722 683 1447 304 1265 1213 2022 2281 2178 1849 16 2383
000140.jpg,2385 888 262 2717 1360 17 1 1112 2246 573 1520 1652 1159 2063 403 1258 2727 1349 1630 797 2298 1472 969 2731 958 2541 2175 787 810 222 352 2271 2710 2445 638 71 307 2781 991 2300 1648 1546 1684 2481 1698 317 2412 2619 2104 2223 1291 267 1446 2588 2704 741 537 1238 1433 2633 2138 1305 273 2513 2473 1619 2834 1815 2466 2524 1939 1814 30 1242 939 913 1571 1572 2339 234 2213 1925 349 2215 551 339 1660 891 955 1497 1615 1657 1942 961 1962 718 2607 1411 2327 1982
000141.jpg,505 670 2716 81 849 1376 2199 972 2052 2365 2479 2819 532 1532 618 1461 344 2557 1746 552 152 2028 1164 671 2017 1140 1974 507 2764 2177 2265 216 1003 2500 2527 175 2053 2689 734 316 2191 2144 68 963 553 1124 523 2822 2770 2681 2552 2592 1896 1215 1827 2322 1156 705 968 235 2250 1961 649 2181 92 367 2062 120 1708 1135 1037 2283 261 1740 162 1314 533 1419 2105 654 1956 1143 2061 2594 1332 587 1117 322 391 1111 1873 1543 1073 1187 2806 1822 1955 1831 771 1706
000142.jpg,2248 1944 686 2813 2558 165 2135 1130 2435 1899 494 899 2741 137 2057 146 100 1212 647 1569 2506 2639 2683 2291 2580 1606 1223 1874 1463 725 1646 574 1640 1134 1935 2766 2825 948 447 1547 246 2842 2511 48 659 2207 329 1825 804 204 1055 2258 2294 2728 493 2068 362 1940 692 689 548 1841 1937 2292 2382 1056 1986 422 2393 2004 2309 1665 2286 1083 2721 2713 1464 1076 1452 1901 1126 64 439 2838 2326 2736 1962 1204 1096 857 134 305 715 570 472 1038 2826 1185 736 2184
000143.jpg,1452 659 440 1422 1202 1617 1623 1840 2817 1146 2840 2707 518 2241 2367 1752 1868 2837 140 197 1799 1102 2375 1644 2538 1926 817 550 1067 2289 4 194 1545 2580 2389 1624 950 1045 169 1261 1656 2790 445 1663 626 712 715 51 168 1993 221 1679 735 1782 2836 1640 1544 305 2011 2721 645 231 1416 1338 1710 1737 2484 562 1381 2352 2439 1328 1948 433 1218 1658 1407 2826 1552 1054 563 947 134 2189 2082 1051 2801 260 1172 1319 826 1870 635 1444 1369 613 611 1437 2161 463
000144.jpg,650 2666 459 37 1605 2268 2353 2502 1744 586 2361 865 1232 2152 5 594 2355 1616 516 2726 1995 1515 1694 2256 1891 2115 924 2404 1504 443 1150 752 2136 1173 115 477 339 1474 1882 745 2474 167 2003 412 1539 38 701 1723 1976 1835 496 488 276 844 1763 122 448 325 2691 2391 1910 2162 2770 2218 1272 1661 850 42 853 824 1314 2823 796 629 1817 2595 1249 1735 60 2494 309 1394 20 2116 2535 454 1103 1963 392 630 2278 2460 2277 939 461 646 576 44 614 1069
000145.jpg,1651 2682 1470 945 1578 639 2647 1977 2328 1179 1920 1667 819 2491 2488 887 56 2032 1367 2459 1541 311 1566 1368 2387 750 1210 930 1189 334 2778 820 2252 2431 595 1657 370 2047 1239 1911 2349 1603 2729 353 2210 1949 1337 2379 2083 928 982 1791 875 2225 98 196 1583 118 776 1449 2520 1851 1380 808 567 1976 2751 229 2150 1709 2567 1892 763 460 1084 1625 2371 2141 2156 1771 1769 1677 2475 428 1531 998 760 2625 1214 2514 1286 2045 2065 461 1910 667 1599 2313 2783 1643
000146.jpg,1453 1490 2376 1860 201 2433 2556 2713 2309 747 1901 2272 2294 1316 2207 1825 1496 2728 1986 1055 1940 1948 725 2826 260 1056 563 1796 2767 1958 2088 2686 1443 2496 1747 889 1123 1833 1416 1938 1649 134 1878 1636 2545 2076 494 155 1223 2755 2057 950 1658 659 559 2721 2815 1519 1096 1965 2291 1307 1041 2628 64 2352 1054 1208 715 1752 48 1899 100 2419 165 1218 562 1051 1569 2362 1267 140 2741 2134 2836 137 146 1640 2367 2439 439 1874 1452 2001 2558 1202 194 574 2135 305
000147.jpg,348 26 1869 925 1369 378 2649 2050 1195 480 960 1045 179 2229 2204 2130 1870 1772 549 1594 712 450 303 2621 404 704 2493 2198 1959 2454 2667 87 663 539 550 2241 1609 751 2329 735 2129 242 35 2324 1410 812 1832 765 590 1351 818 1915 2240 1169 1348 2805 2699 32 1120 2695 1580 2033 2489 689 902 2347 884 2563 294 2745 1748 2525 2123 2202 693 57 280 2780 1856 2804 917 1538 1574 373 2824 2447 2211 2701 2418 1014 379 2659 2039 725 2684 1930 1846 153 895 2586
000148.jpg,1411 2584 349 1815 668 1433 1122 312 2455 1305 1338 2138 1545 741 1694 4 2616 1009 619 1302 2789 2092 2100 2440 1408 2139 837 352 1684 2484 2833 264 2389 1622 846 600 1146 2576 299 1926 2607 2343 1939 2801 85 1095 1102 1698 317 817 642 2633 1619 913 2063 1360 556 2817 2610 2834 2270 2445 1572 573 2486 722 2185 1446 1630 1202 987 2300 1752 1624 1258 961 2790 1156 1995 537 2832 2255 41 221 2246 2271 115 166 1925 787 1101 2226 2208 939 969 1660 638 17 810 1652
000149.jpg,813 1528 1554 2778 243 1025 2097 1370 1769 930 2310 1105 2098 1906 1396 1546 1657 2093 1211 355 1516 1865 1673 928 709 2219 1047 537 2660 607 2257 2246 186 1200 2770 2543 1614 512 50 2341 1978 1349 1063 451 1791 2140 1058 2304 1239 952 1815 1879 1742 2822 1031 2696 966 2085 1331 2357 2796 2026 2773 671 1387 852 1816 1630 1479 1002 54 1707 1360 710 1566 1384 1385 1579 566 908 1301 199 394 2199 2262 1354 164 1893 1495 855 1388 2782 2065 2131 320 2282 705 1564 1848 162
000150.jpg,1697 2841 2043 2171 2810 1139 411 2706 637 335 468 2216 2230 2591 785 2167 922 2816 1703 521 1487 2617 1288 2353 1881 1090 2589 1052 2657 1027 1363 1250 1763 727 2022 2445 233 1188 297 938 995 1953 2083 2707 2378 284 1858 1153 759 1702 2475 714 2308 2313 2643 1227 1232 986 1405 1663 2366 820 8 2712 2218 1333 956 1541 285 898 181 807 2468 619 1757 37 2403 1797 650 2727 1617 1723 990 669 1298 428 620 1087 829 701 2751 1221 2168 1602 196 1820 2220 2032 1807 1255
000151.jpg,2778 930 928 1657 1566 1025 1239 1367 2488 1791 1368 1769 1920 2459 2491 311 2065 1210 1886 595 2379 1865 1977 414 2328 2729 1528 1179 2647 2770 982 2045 875 813 763 27 823 460 887 1256 2587 1651 1470 2225 2682 2387 1851 945 1215 1750 2814 208 819 1578 639 1200 515 427 1546 2534 1667 317 750 2812 1976 2283 1510 461 1211 73 156 2304 1105 115 1370 2775 2774 50 554 120 2078 1554 808 671 523 532 399 355 1396 1031 567 2249 2108 164 1492 2341 2349 1599 1746 2074
000152.jpg,2841 2043 2171 2810 1697 1139 637 411 2706 335 468 2216 2230 2591 2167 922 785 2816 1703 521 1487 2617 1288 1881 2353 1090 2657 2589 1052 1027 1363 2445 2022 727 1763 297 714 233 2405 1188 2707 1953 898 1250 995 284 1405 2083 759 938 2378 1087 1663 2643 2475 1227 1153 1702 1858 8 1333 956 2308 619 1232 2313 1298 2727 986 820 2712 2366 1820 807 669 2468 2220 196 2403 428 2218 285 1617 1757 2526 1696 181 1541 1558 620 2783 1255 829 650 1602 2751 990 1148 2032 1171
000153.jpg,1240 488 1412 2483 1740 111 2195 892 1150 2340 1784 322 2062 519 1729 46 1822 1572 2811 1540 2709 694 1618 913 665 685 961 1344 2812 2834 90 537 2648 2255 1571 1882 1921 1143 924 1539 1694 2635 1514 2108 1044 2226 630 234 2339 1293 2213 479 2781 1297 1241 2539 761 2215 1401 992 1750 226 2770 2183 1605 650 1824 2318 824 584 377 2806 1942 1429 2053 1118 2453 2798 2677 2654 1097 1897 2440 729 2365 2136 2502 2046 1009 2222 2473 1546 1735 497 2578 1073 281 2256 1619 1586
000154.jpg,1451 1361 374 2381 989 803 2040 101 364 436 1900 581 737 2644 341 1801 251 395 2540 1353 2114 529 1427 215 2323 1798 1334 2149 2656 962 1106 1559 293 1175 1883 1394 2787 1230 485 1306 646 1951 1300 1928 1483 1693 2277 2579 2504 572 789 2759 2178 1689 483 2546 304 1178 1683 1447 1847 1115 1513 766 2113 328 1197 2784 240 2238 1073 1161 393 1213 496 2066 727 596 545 1561 1743 2242 1166 2673 44 95 1137 1228 2422 2666 1672 1818 614 1760 2523 1091 2542 1180 967 1176
000155.jpg,203 1629 1524 687 540 2749 1803 965 1278 154 1260 2444 2350 1001 2121 1059 1811 1167 1355 2170 1375 2583 226 1735 2536 1373 422 2771 1088 1558 2548 1675 798 2740 882 1963 2405 2783 1931 2526 1696 1509 2643 2220 1359 2585 1041 759 956 2266 2468 1862 407 1589 898 1758 1093 2434 2403 723 853 714 1947 57 934 90 1348 667 1292 170 986 1861 1087 2109 2418 1580 1207 280 641 1377 1859 1229 2198 342 2489 82 2776 2247 1863 476 2072 391 1846 2158 1898 307 689 967 1611 2431
000156.jpg,1778 664 1473 2110 2809 11 12 416 2035 144 1876 2344 2010 105 1151 1388 415 1313 1158 883 911 219 2117 2676 2626 2724 1837 1634 2307 623 2800 1046 1253 36 2337 1431 1621 2006 811 970 1909 2646 1414 74 2156 1913 2670 1060 109 1721 2480 1894 2658 1527 2606 1367 595 1174 2564 1709 1179 2358 662 311 524 317 2333 1239 2394 2432 2287 2843 2377 648 1172 2095 1977 2328 2553 1946 2491 2682 2200 345 1098 257 622 1466 2735 486 1210 1613 2397 124 1110 1848 1321 2793 977 1981
000157.jpg,832 1999 1773 1434 1103 1176 1693 983 1743 1786 132 2190 1795 695 119 182 1914 1685 88 2547 2745 2202 1257 1971 1476 954 149 76 596 1785 1712 2112 1004 499 617 230 95 926 1856 2827 2542 1180 1760 310 2111 2656 215 1383 940 80 1818 1197 824 2441 1838 1883 614 777 2495 1224 2180 1231 1296 1346 2016 1713 1116 564 1714 1533 1298 2673 1228 19 658 737 1900 1265 2260 1561 1353 1535 34 1672 293 683 2700 1867 2787 63 2281 436 2114 364 2149 576 1849 424 1106 1722
000158.jpg,2361 924 1605 443 1150 1891 586 745 325 1474 1249 2535 761 2502 701 650 1006 1232 953 1069 1916 2758 1471 2666 2346 475 2654 37 1723 2779 177 2829 2331 871 1308 1341 8 2152 1694 2249 2122 630 594 2222 1607 1090 488 1487 2449 1488 1763 2353 1044 1671 1173 122 2277 703 1704 1027 1515 2508 632 2366 2081 1501 5 2176 1082 915 110 2657 824 1738 224 854 1194 2024 2351 2604 1700 1939 944 309 1963 128 166 459 1674 2333 2317 2216 1902 1285 413 1484 1735 834 2414 1177
000159.jpg,165 1899 2558 494 2741 2057 2135 100 2291 1569 1130 899 146 137 2506 1212 1944 647 2639 2683 1646 574 1606 2435 2248 1463 2580 1640 1874 1223 1935 2813 1134 725 246 2825 1547 48 2842 2766 2511 1096 686 2628 204 2421 659 64 2728 439 1055 1416 2207 2068 1038 2721 1825 1940 447 715 51 329 804 1658 2294 2713 948 305 1636 1986 562 2439 1901 2309 1948 1860 2767 155 1452 1041 79 1490 2376 1649 2433 2305 2184 201 362 1965 1453 1056 1381 169 2036 1782 422 1679 1051 2581
000160.jpg,1305 352 1694 2136 2619 1815 810 1939 2616 1122 2584 1411 668 1338 317 2271 741 2481 71 2138 787 638 2633 1729 2789 969 958 349 30 2455 2226 1446 955 2385 1302 1294 1433 1514 1360 1630 888 1244 1925 1539 665 2607 262 1215 630 1660 2104 866 619 393 105 537 1684 733 2100 20 2717 1472 2529 276 2610 2654 2801 264 2246 85 1619 312 2576 1242 1763 1258 2092 1982 1112 1456 2797 1284 718 167 1652 2078 1349 2535 1173 1445 879 2343 273 1150 17 1474 1545 1297 837 573
000161.jpg,2216 924 637 1150 761 2167 1487 2758 630 1069 2361 2657 177 2829 1288 1703 521 2171 2810 393 1244 443 545 1605 1891 2222 2178 1389 1232 922 2066 1090 1006 2779 1419 1213 1341 586 2277 1027 2654 2617 1254 2445 2249 2841 1249 2043 1450 2230 1620 1308 297 2331 304 830 953 490 1697 619 727 650 2666 1607 1824 335 488 1304 1729 1694 1044 2122 2317 2535 2502 1405 284 2371 2113 1471 2495 1137 745 37 1071 2308 2136 1023 317 531 2595 1763 1610 2071 2704 1277 2449 1910 537 8
000162.jpg,1994 741 1409 2338 2616 195 1122 2610 619 1338 1650 2253 668 1694 2372 961 1411 2189 2584 349 85 2255 1815 1305 312 987 2801 665 166 1095 2486 1698 2308 846 642 2789 2481 1270 1446 1294 1939 2100 2738 1386 1441 556 2440 2269 180 2712 317 1630 1408 2343 787 2271 547 1433 649 2223 810 2455 1571 2138 2619 2832 638 1101 1010 877 2270 352 1201 2226 1545 2594 1684 1099 600 2445 2237 1302 958 1003 2105 2466 1622 2052 1360 521 1111 2811 740 1258 71 2212 1327 1826 969 1135
000163.jpg,133 1792 2374 548 2125 1947 1365 1421 1930 1204 150 493 2582 689 2672 2247 1665 1347 2838 2198 407 57 1861 472 280 2418 1580 6 934 2820 2659 1348 1292 228 1193 438 1887 2356 1229 2581 2456 1575 170 1859 2039 210 2585 1359 1551 1377 1234 1758 514 82 656 1083 2206 106 723 247 2209 2184 2434 482 2548 1590 1121 2493 2123 746 421 842 874 884 1279 859 793 756 1877 212 522 190 914 857 1493 2740 1675 570 1147 2332 294 1577 2050 663 1375 2330 704 366 2748 242
000164.jpg,1391 1413 2314 578 1186 1537 2276 126 1310 250 1340 1608 1107 1821 1512 1720 2388 65 931 1254 2653 269 2624 1114 1884 39 2288 1357 1235 865 1680 2535 688 1767 2494 2128 1548 2118 1817 1905 1922 136 980 60 684 1304 381 2671 375 28 2268 791 711 2437 531 2001 1975 862 2497 1654 1285 1979 854 2366 1990 2014 2124 425 325 488 745 2228 1474 2460 117 933 361 111 907 1417 75 1700 1423 2154 2499 224 1335 2483 318 2161 915 1508 1014 1323 629 1152 1225 2828 459 1954
000165.jpg,407 2740 2548 2643 2220 2526 956 759 1947 1931 1696 1421 2468 2783 1365 1735 669 476 1953 1702 1375 133 2374 1059 1792 2125 548 1204 150 196 1930 1602 2582 1227 1093 689 2348 1665 214 1188 1347 493 2109 2838 1866 1084 2247 2198 6 472 687 540 1758 2820 1525 106 57 2572 1861 1558 2672 2585 1083 1359 1280 203 2418 226 1147 1199 798 1524 428 1234 1629 482 624 280 1229 1580 342 723 1643 1575 934 2514 181 2536 1279 2456 585 1088 1278 2475 2434 1292 1797 2659 1596 2121
000166.jpg,2595 1910 147 477 1826 930 577 2778 2083 2066 1389 2666 2067 1213 545 650 1244 897 2178 1483 585 304 1324 2113 2094 1791 1019 1394 1976 213 1447 2216 2167 1487 755 393 1694 2323 395 637 1605 63 251 2317 1785 118 1201 2022 2404 1115 342 2546 1333 1744 1561 341 1504 1427 2816 2249 614 2361 8 44 1353 1469 1990 761 2136 529 2644 2277 461 1044 2449 1703 1763 928 16 56 2371 1090 2517 233 2235 2726 1883 376 91 1363 1963 2024 1445 1539 1300 924 76 2032 38 374
000167.jpg,2006 1913 1174 2609 1634 937 648 1466 338 1110 2697 749 730 811 257 1455 2788 1894 2151 1379 1527 1498 2492 774 1516 800 673 1936 1079 2243 1094 2196 821 535 2417 1850 2087 2071 1670 2377 2519 1068 1454 1040 336 678 1966 605 1142 2005 855 1239 1367 2095 365 112 1794 610 1311 593 435 1179 2491 2364 1133 288 1800 2809 248 2156 1309 1573 1977 2158 1581 2251 2830 2680 717 2290 700 311 881 434 410 2613 1645 2549 1567 538 918 124 1981 544 2560 406 1020 1167 708 2102
000168.jpg,2584 1411 349 1433 312 4 668 1815 1122 2440 1408 1146 1302 1694 741 1752 2616 1305 619 1545 2789 1338 1153 2455 2832 2445 1684 2138 85 2389 1156 1737 271 2704 2576 1009 1942 987 2100 1939 1873 969 950 1630 556 787 552 1648 837 273 1360 1187 521 2063 1294 705 1544 939 1060 638 317 2484 1549 2717 877 2801 1520 2250 1386 573 2689 1622 1446 810 2731 2501 1332 2481 2308 2681 665 2406 2270 2271 1202 1624 352 2597 238 2411 2610 1962 2439 1698 1201 1461 553 2833 2372 2177
000169.jpg,2064 2049 530 921 1518 1290 1604 446 1237 1981 1384 1567 1017 1301 1879 1742 1058 2140 2796 451 908 2596 631 966 2660 1002 662 1613 607 1909 394 2257 2282 2392 1119 2093 1554 2357 1978 1370 918 1906 708 700 612 1491 2658 243 2696 124 1495 1211 1673 173 415 2458 2163 2793 1065 2530 996 1992 288 2310 1388 709 571 1414 823 1800 121 1564 320 2452 1808 1779 2085 1645 487 2131 2262 942 512 1431 2156 2747 172 2219 2543 1385 2117 2097 2722 1105 566 1442 1621 528 1587 569
000170.jpg,1651 2682 1470 945 1578 639 2647 1179 819 1667 1920 1977 887 2328 2491 2488 2459 1367 311 1566 1368 1210 1239 595 875 2252 2349 982 808 2431 2225 2045 823 1583 567 763 460 2793 841 1337 2778 2587 1791 118 2416 1063 208 2032 1449 998 56 2156 748 1425 1455 1154 1865 830 2406 2775 2304 1531 1820 1579 1286 760 1790 2792 2071 2371 1052 1098 1201 836 2083 937 1620 1354 1729 2518 1541 492 2341 579 2750 1071 919 1145 1189 1321 297 2658 2167 952 253 1769 923 151 609 2783
000171.jpg,316 2277 44 1427 16 1353 2540 1447 1883 1847 251 1300 1161 2317 2320 1469 1513 2756 1727 2555 1166 1749 2533 614 2409 2021 1149 293 483 1277 1231 1728 856 2058 2096 754 861 935 240 836 1283 2784 333 29 1137 2645 1849 757 1867 376 1178 789 309 1315 2579 2381 1044 1722 967 577 101 1013 2495 834 374 576 2759 1804 1928 1394 1900 1217 1483 215 1296 1265 2504 989 436 1108 328 1533 1383 80 364 803 707 2040 1361 824 341 1801 761 286 19 218 76 2238 2644 766
000172.jpg,2011 645 1663 1218 2352 1054 1261 1649 2707 1623 947 1051 1444 169 2837 1617 2767 2815 1965 1679 155 1636 1993 1422 48 1782 231 562 1416 1255 305 1948 2721 2439 1096 51 826 715 2631 1958 1544 1328 439 2628 2069 266 2616 1658 2477 64 2836 1381 194 1757 986 574 1650 613 1153 1041 1640 611 626 283 1860 1600 2076 2047 134 477 445 123 950 2741 1067 2291 1569 2367 2391 1737 1799 1840 188 100 1267 79 563 1358 168 1202 1319 1452 2840 1223 1899 1316 494 2135 140 323
000173.jpg,1831 2764 1974 1756 2689 654 2061 2370 1706 1655 458 363 505 1543 1730 1917 670 2806 1461 295 1317 1117 1097 1912 587 430 125 2681 455 771 159 1921 1293 1929 2690 655 326 449 1262 1961 200 1822 936 2322 2250 68 261 786 507 2193 1823 1755 331 1827 2199 120 2119 580 602 1746 805 414 2396 2467 1395 2576 1991 699 782 553 2597 1332 1018 2527 1787 2144 1376 2812 705 2177 2265 2794 402 847 1873 1135 552 2053 968 1156 2500 780 1741 367 533 2181 1708 1240 238 1918
000174.jpg,1515 941 84 2457 2474 5 1616 2115 2165 244 2152 762 482 2734 1768 2761 270 1371 2048 850 2562 1066 2720 1949 2355 1170 2623 2593 1364 2442 2056 509 1251 2448 2386 1762 644 323 45 2502 106 2831 98 1064 1882 2522 985 398 1352 2464 776 2263 1458 2503 1226 2353 2678 1477 2725 353 2572 844 1144 2116 2427 2273 650 1605 1272 2571 724 1726 828 474 2820 2086 2404 1201 104 909 307 387 1504 1286 171 1013 448 1336 1525 1596 2688 2032 609 377 732 2141 217 506 1802 256
000175.jpg,1096 1416 2628 64 48 439 574 1640 1569 100 568 1948 899 1636 1658 1444 1899 2352 772 2439 1649 2767 2721 51 155 2741 715 2291 1218 1054 2815 2298 2135 1041 1965 1223 494 137 305 1212 2057 1381 165 1684 1463 562 1544 2558 1051 1782 1944 1993 645 169 2011 1606 146 2580 2435 2836 1130 1840 1860 2639 1679 647 1255 2506 2076 563 1134 266 1067 1261 2683 134 231 947 659 657 986 2069 2713 1663 1935 2391 168 1777 201 194 2837 477 2309 1452 2707 140 1874 2248 386 1868
000176.jpg,407 2266 551 1147 1421 1093 2776 2548 342 428 1931 2526 226 1059 476 2158 1375 667 669 1509 2220 2371 2740 2783 1696 956 1088 196 1450 1678 1735 1227 759 2643 1863 1947 830 1620 1824 1365 2468 2109 872 2820 222 1188 1078 1373 2518 1084 798 687 1120 1675 2374 1898 1558 2422 603 2771 160 2704 641 2125 34 2094 2523 2838 2275 1665 540 1953 2041 1732 1279 2718 2247 1530 1792 1820 2717 2514 1524 1330 57 2121 214 2348 2242 1602 1702 2089 203 2583 1861 1625 1629 1758 255 1359
000177.jpg,1019 63 1389 1785 2066 1213 1298 545 2022 2113 1483 1333 304 2016 1228 2178 1561 1115 2546 634 393 1689 1447 1137 1631 251 1883 2136 499 1685 1434 182 832 291 485 1749 1951 1451 2430 1244 1306 149 376 954 1786 1773 1300 1353 1087 2112 1004 617 1971 24 1257 614 1712 1180 1427 1207 2143 1346 2542 940 1106 803 1999 1361 2540 1559 989 1928 1334 714 2700 2040 1760 1175 727 2072 184 1795 1103 101 2381 2149 1091 1748 898 44 1558 2336 576 1394 2656 1343 2242 1014 1467 1116
000178.jpg,1138 1731 1645 406 742 1800 1707 2613 288 1721 773 1871 2763 1007 1876 248 1385 1779 1992 2102 2145 1325 1526 2516 2596 1442 1511 1969 186 1424 1119 94 1020 2809 855 883 631 11 2392 709 1053 2747 416 2219 2093 2110 1978 1527 2282 535 124 257 708 700 2377 199 2530 996 918 1491 394 2357 1676 1894 1587 811 1466 984 527 1906 1110 1564 1718 730 2560 2675 1023 2446 434 749 651 338 1581 2697 607 1181 2800 2134 1313 2344 1848 1047 2543 237 1485 2262 1017 2788 2626 2205
000179.jpg,520 1945 232 1269 2354 2566 2785 2615 1996 1091 1448 777 1535 2413 1672 135 558 2295 1343 783 949 2737 2408 1728 754 1265 2242 2422 1898 310 1561 2756 1093 967 328 2238 766 1178 1149 2320 2759 95 34 2827 596 1478 2523 2504 240 789 2579 2533 2441 376 2224 213 1513 341 2784 1346 1683 1631 1161 2143 483 2111 1847 1804 1743 2021 1506 1469 29 1914 24 1296 1231 695 1176 577 983 2202 2745 293 2317 1693 119 1298 2260 132 572 1867 1447 2080 364 1482 1103 76 2425 2476
000180.jpg,2457 1515 941 84 5 2474 2165 1616 2152 2115 244 850 509 106 2734 2355 1170 1066 1371 2623 2820 1352 2593 909 1949 323 2726 1762 2448 2141 985 1272 2502 1226 98 1882 2086 448 474 1525 1458 1144 844 2263 776 398 2572 1504 15 1222 2503 104 1957 828 2691 1835 13 1477 831 2725 896 1605 272 270 2464 2214 2498 1596 738 1802 1064 2831 2761 387 621 479 1768 2125 2608 339 236 1267 2678 609 377 353 2404 370 2760 2522 865 281 1189 2116 2056 650 973 755 1251 1280
000181.jpg,1389 2022 2066 1213 545 1333 63 1019 2113 1298 304 2178 1244 1228 1785 393 2546 1115 2816 1631 1137 1483 1447 727 1487 251 213 2216 1561 2136 1087 1951 101 374 2040 1306 1703 1427 2024 1883 1353 2016 1900 637 341 2381 2759 2579 1469 803 2317 364 436 426 8 2422 1451 16 1898 376 1288 2540 614 2167 328 499 714 2449 989 2238 1773 1361 2504 2595 2657 1090 1300 1533 2242 898 658 2230 2277 1996 766 1207 924 1027 761 335 215 44 1727 2072 2591 1363 2555 1847 1971 737
000182.jpg,316 2540 1427 1847 1353 1883 1300 44 251 16 1161 1447 1166 1513 2409 2277 2320 483 2756 2317 1469 240 2533 1149 2021 1728 293 614 754 1231 2784 1928 29 376 967 789 1749 1804 1137 1727 577 1849 1178 2555 1483 1867 101 1722 2579 1277 374 2058 1394 2759 935 2504 2096 2381 1283 757 328 856 1900 1265 2495 1296 47 646 707 333 861 2644 2323 1801 2235 836 2238 218 2040 766 576 1383 395 803 364 436 1304 286 529 1533 552 80 19 304 1044 2595 1506 341 1994 309
000183.jpg,1793 2415 802 2217 2553 1699 2568 901 72 868 320 427 142 429 1872 2029 1492 554 173 1256 979 2786 1393 1430 1890 2458 340 2227 760 2743 460 555 2668 1562 2482 1553 1065 1495 1033 2775 1510 399 1888 975 332 1414 73 415 176 1621 997 417 2587 2507 1002 437 1904 1415 2009 208 174 1628 1145 823 571 886 1158 597 1686 595 62 1710 743 36 121 219 2333 966 2010 1418 2778 1241 2636 1886 1388 1431 2304 99 2090 164 2035 380 2074 911 1588 1790 289 258 1132 1837
000184.jpg,2650 2813 2248 1223 79 948 2034 2068 2665 2435 447 686 2766 2511 1547 657 2842 1874 59 725 2305 1986 722 204 1056 1825 692 2207 362 2258 1940 1055 1606 2292 1841 2294 2713 1463 146 2728 647 2545 1935 1130 2286 2393 494 2291 1962 1937 2558 2683 2639 165 329 137 1134 2382 2057 1212 2506 246 804 1464 1899 2135 1076 1592 1569 2825 2319 1639 1810 2569 2708 1944 899 100 574 122 2509 491 2438 1185 1799 2719 2741 1777 1075 677 67 1646 2580 2835 1640 350 1012 627 2614 48
000185.jpg,855 678 1020 2830 1309 1379 248 1581 610 1424 1142 2005 1040 336 2560 1966 2151 605 2519 435 1573 365 2680 535 1133 1527 1311 717 881 112 2377 1068 2251 410 2290 821 1670 1511 673 2087 2417 2095 257 2809 1454 2243 434 1936 2516 1442 2788 1850 94 1053 774 1094 800 1498 2492 2196 811 1079 2843 843 538 1969 1894 338 730 1526 1968 1455 593 2730 1243 2102 1794 2549 2145 2364 2299 2697 1110 1466 648 749 1634 1325 1005 253 544 773 1645 2416 288 870 1174 937 579 1800
000186.jpg,2813 2248 948 2258 1937 686 2393 2286 362 2382 1841 1874 647 1464 2683 146 1130 2639 329 1076 804 2558 2506 165 1592 1639 1944 2057 491 2569 494 1899 1646 2435 2291 2708 1185 1223 2135 1935 1212 1463 2438 899 1606 137 1777 2766 725 2207 2580 2842 2741 2473 2511 1825 1056 1055 1547 1134 2717 1986 1126 2427 2294 1824 800 627 2704 100 2492 872 447 2068 774 2825 2728 482 659 2273 307 90 1810 1094 1665 246 67 2087 267 2100 1569 1441 338 2243 2736 1291 2721 1071 692 1940
000187.jpg,1201 2716 849 2365 1003 312 2105 1419 2832 81 2819 795 1826 987 85 2052 2265 1942 2789 2445 271 1441 2440 1408 1934 2501 1386 1873 516 2372 12 2071 1302 668 877 556 2279 317 2044 521 2594 505 1187 547 195 1671 552 1433 2167 1910 2681 316 307 1651 2338 2718 649 192 1122 1648 741 2534 632 524 2370 2191 2610 1763 1156 1891 1520 2576 2028 2306 523 705 2689 724 1917 180 120 162 2237 740 2396 890 532 2035 2500 1837 2654 2733 2584 2308 2564 1698 2597 2682 1723 1164
000188.jpg,2416 2792 118 2658 998 2349 2843 36 1583 567 2793 2274 1791 1808 7 2252 1909 1085 875 151 513 808 1431 1271 1688 2679 1903 1163 1089 453 2452 1370 612 25 579 528 1100 141 2618 1531 2163 1209 1404 2559 982 887 1155 311 337 2045 1854 2117 1210 1053 2575 662 2065 680 1585 2225 1470 763 816 866 1613 144 2078 492 2682 984 1154 301 1742 1023 1268 2723 748 1578 2122 2459 2778 639 2009 919 2488 1667 945 1886 2711 172 2304 1047 819 2829 401 1651 2328 733 1920 177
000189.jpg,922 2617 1703 2167 2171 2810 637 2216 2043 1288 2841 1697 2816 521 411 1139 335 1090 1487 2706 468 1881 2230 2589 2591 1363 2353 1027 1763 1052 619 2657 938 2308 2712 1250 1244 233 727 8 2449 297 1820 1405 785 2445 2405 2024 995 2475 2378 990 589 2218 37 284 1232 2707 2022 36 1188 1386 1671 2136 2727 2403 2416 2832 118 1597 956 426 1214 2371 1694 1225 658 901 1817 1583 759 620 1389 1610 2222 724 312 2643 2154 2470 2083 1171 577 84 1700 1663 428 854 998 1886
000190.jpg,1452 659 440 645 2011 1422 1623 2707 1617 1663 1840 2837 169 51 2616 1679 1782 1218 562 1054 1993 1328 194 1640 715 1261 305 2721 947 2352 2836 48 2840 445 1067 735 518 1544 231 2439 140 1650 1444 1868 2580 1381 1416 1153 1948 1545 1051 2241 550 1202 2817 826 64 2801 2826 1658 1926 168 2767 439 2538 1045 2486 626 817 1799 134 197 712 2815 1319 613 2189 563 1737 155 260 1146 2419 1255 1870 1096 1624 900 2367 1649 1405 1122 100 1552 1600 1338 2076 1102 611 2391
000191.jpg,2713 2376 1490 1453 2433 2294 1986 2207 1825 1056 2728 1940 1055 1860 201 725 2309 1901 2556 747 2034 2545 2826 260 2272 1796 1223 563 2088 1123 1878 2767 134 659 494 1874 59 2291 1316 2057 2721 165 562 2326 2558 2036 1464 2435 1496 1076 2076 1658 2708 64 1636 439 715 1948 804 329 2362 100 2628 2382 657 379 1899 1841 2248 1096 1937 2023 1640 2438 146 155 1130 48 1307 2135 2813 137 1569 559 305 574 899 1467 2419 2506 736 51 362 90 1649 682 2439 647 1944 1381
000192.jpg,763 2225 982 2065 808 867 1528 1865 567 2642 1160 2537 523 731 2469 2575 2097 2126 1531 1155 2655 1210 311 1271 2738 151 166 1404 2212 1327 1717 823 1100 813 115 513 1995 2328 1964 2343 2835 887 38 2770 1063 2614 2269 677 2253 748 243 1425 595 2349 2793 172 1089 2459 1977 2045 1470 352 175 2658 866 405 220 1791 2587 1566 1367 1769 2100 875 399 2078 819 2181 2491 2416 2283 208 2185 680 1368 599 2577 1667 1514 2833 1179 391 1095 642 1554 2801 2310 2226 1539 2722
000193.jpg,2612 2401 1336 785 2079 1013 971 419 894 2554 2153 1907 1927 1315 2160 96 2230 2591 861 1632 829 2427 2188 2313 468 335 1826 1108 1283 43 1153 506 807 2705 2476 2083 300 1139 1858 2060 106 189 2058 959 22 1727 1358 1330 815 2197 1171 565 1214 1032 856 2555 2841 255 1643 2089 2109 2116 2081 1277 1365 1761 2838 1749 1483 2567 752 2751 236 376 229 762 2760 2608 935 1447 957 1227 2182 1889 183 509 482 387 2404 2141 746 2562 342 1953 1665 307 2353 1364 1697 171
000194.jpg,2015 1252 1834 18 1753 1125 1842 2777 2772 70 2077 2478 2490 1390 1557 2510 431 2561 1642 2818 951 2000 601 2667 297 502 1035 990 2663 284 1958 1504 1759 1908 850 103 2757 2471 2054 2218 2493 2601 2 1323 2161 522 2127 656 2171 895 1193 250 859 1186 1229 2184 1617 1391 1869 2241 1559 2622 469 5 83 1422 2388 1661 2707 1839 1459 2457 1792 1012 254 1106 2355 1965 1075 2581 2454 1014 1451 2043 842 126 282 1870 1608 863 379 1340 1196 993 373 93 1590 2739 378 634
000195.jpg,32 2390 902 2033 917 590 87 2744 187 83 751 2288 1943 993 2239 469 2073 39 920 541 1950 2563 1357 1836 765 1748 1014 1459 2281 1529 2667 1594 1593 378 2497 1195 1869 404 2204 1609 549 1467 1733 736 379 2326 1751 2036 1919 2437 343 75 1767 869 1915 2700 206 739 184 1601 424 198 1905 960 14 282 2653 931 1114 707 1116 19 1224 683 564 1838 2824 1714 2336 2240 1403 1818 910 940 1713 2624 1406 218 632 2296 682 862 76 1180 1192 2051 926 2345 91 1004
000196.jpg,2068 79 2766 204 2511 2842 2305 1547 2650 447 692 2665 2292 686 1935 1606 1962 1463 2719 1134 2319 722 246 2825 137 1212 657 59 2435 2736 1126 790 122 899 2135 1223 1944 100 2509 1799 1569 2741 2034 2248 1810 2545 350 1075 2813 2835 1899 202 67 1640 165 494 1986 2558 1828 659 405 1358 1055 2291 2100 146 1012 2258 1825 2614 362 2041 1130 2713 2207 1056 1940 442 2721 51 2801 725 715 282 2486 1841 2708 1185 2844 627 993 1874 562 1919 869 1777 736 1937 2294 2580
000197.jpg,2011 645 1663 1054 1218 2707 947 1444 2352 169 1623 1679 1649 1617 562 2837 305 48 1153 1993 2616 51 1782 2721 715 1328 231 1544 1261 1422 2631 2439 1255 439 64 2767 1381 155 1757 1650 1051 1636 1416 1640 1658 986 123 2628 1067 2815 2836 1096 1948 611 626 826 266 2477 477 1965 79 1569 1041 882 2076 574 1737 2150 445 2584 1600 134 1445 1603 238 1624 2037 100 613 2731 659 2801 2291 168 817 718 1223 722 2185 2298 2610 1799 1129 194 1319 1185 2167 1549 568 2741
000198.jpg,2425 585 2083 2067 1910 1188 1963 2470 620 1797 1858 2595 1702 1221 2404 853 181 1436 342 2403 2468 2230 1953 285 1889 1826 426 551 1735 732 759 1625 428 1931 995 1589 2643 1597 233 2353 2333 2740 2657 2526 1330 724 1807 2141 255 2378 755 1104 214 2591 986 2371 957 1375 411 1227 1487 882 1907 468 1278 1602 1804 335 582 2776 2079 1059 1757 2168 661 1723 1638 1596 2841 1084 2431 2220 1139 2024 1232 752 898 959 1337 956 1201 1697 1704 1763 2171 2043 476 2810 609 565
000199.jpg,356 296 1282 408 49 383 1823 1918 1182 1991 2799 2099 1317 1755 1741 2236 2119 330 2674 805 936 786 1852 1395 2396 1746 1465 2232 780 1787 1135 587 2244 2794 1475 1921 138 495 252 92 1568 2017 1612 367 1917 2742 1022 758 354 1378 241 2370 1503 389 847 452 1303 1563 131 2061 2053 972 1037 1021 1124 268 1655 1109 1756 799 2279 2173 561 363 2142 1273 1781 1339 594 1843 653 654 1039 402 838 1062 1376 2280 209 1011 501 245 2698 2505 2465 1082 129 2770 806 1293
000200.jpg,2127 1175 1559 1394 962 1642 1798 646 2323 1928 529 130 395 2149 1334 801 2000 263 2321 707 1522 485 3 1106 496 2656 2644 1839 1801 1542 885 1776 2561 1035 976 2590 1689 1457 1086 2490 1191 2694 339 1483 2666 2818 614 2739 880 1196 1166 706 951 720 1653 2703 470 1230 1494 842 1432 869 366 2409 584 2324 1016 2478 1043 845 1451 2077 1561 2332 2493 1128 588 1997 634 2510 1946 2327 1664 2777 282 291 378 583 656 431 67 1724 1594 863 756 1195 77 2667 604 70
000201.jpg,1948 2391 1416 1029 1958 1316 1236 2517 386 2797 1840 372 1549 143 440 2011 1452 2380 2352 1684 2267 1422 1586 1623 2272 194 1440 2412 497 2707 1993 1218 1233 2529 2001 645 2844 1617 1663 2633 992 1122 1868 2836 2325 1552 2046 1644 1782 140 1338 2400 1480 2490 718 1261 860 2460 2076 1051 437 155 1926 1208 1319 2363 1417 1381 1701 1096 2424 90 563 1411 839 2439 1661 134 947 1777 2044 1735 479 2411 1636 1456 735 317 1284 1054 2598 445 2535 224 557 1501 2419 817 1710 1897
000202.jpg,203 1629 1524 687 540 2749 1803 965 1278 154 2444 1260 2350 1001 2121 1811 1059 1355 1167 2170 1375 2583 226 1735 2536 1373 422 2771 1088 1558 2548 1675 798 882 2740 1963 1041 2405 2783 1509 1862 1696 1359 2585 2643 2220 1931 2526 1758 2266 1589 956 759 853 898 723 2468 407 2403 90 641 714 1947 2434 170 986 934 57 667 1093 1348 1292 2418 2198 1377 1861 1580 280 82 2109 1229 1859 1207 689 1863 1087 2158 2187 2247 2776 342 522 476 1600 1255 249 1365 1148 2072 1291
000203.jpg,477 1976 461 1911 1616 244 2474 2115 273 1066 2165 2623 1170 2448 1515 2298 84 98 1371 1949 1701 909 1541 2032 1882 2457 941 1226 2086 2734 104 448 1762 2572 776 1189 474 2823 1144 2355 1477 2353 860 2464 509 2482 2387 2729 1222 930 2725 353 2379 370 5 2263 820 276 2778 323 2593 442 1657 828 1889 1684 2498 718 796 298 2152 1256 1504 1185 56 224 1514 1835 2047 1272 334 398 2141 850 1902 752 258 128 1802 2691 781 147 270 167 387 698 1768 413 1866 2404
000204.jpg,1096 2628 1416 64 439 48 574 1640 1569 100 568 1636 1948 1444 2767 899 1658 1649 1899 155 1041 2352 2439 1054 1965 51 2741 1218 2721 2815 2135 2291 715 1223 165 305 494 2057 1212 1782 1381 137 772 2558 562 1544 1051 1255 2836 1463 645 2298 1130 169 1993 1860 2506 146 1679 1840 2011 986 1684 2069 2639 647 2076 1606 2683 1944 266 1261 947 1600 563 168 1134 477 134 2580 2435 201 1874 2309 1757 1067 1911 826 2837 2713 2088 1901 231 1541 1940 2248 260 1825 1189 2207
000205.jpg,2433 2713 1986 2545 1940 1825 1490 2376 2294 1056 2207 2034 1055 2728 1453 725 2023 747 1223 1860 201 2272 1584 1796 100 2309 1569 2435 2801 2135 1899 494 1096 137 2556 2755 657 2291 899 2100 2326 733 642 2767 2068 165 686 2766 2078 866 2319 659 1547 299 2558 2057 1944 2642 146 982 2741 1919 59 1606 680 1271 2484 166 79 1212 1640 134 1874 2511 1155 64 2139 2486 1053 736 2833 1988 1130 51 1305 352 2607 447 2717 1467 523 2738 2842 1660 1545 1948 763 1160 1901 2665
000206.jpg,1217 1044 309 834 333 856 761 2225 1727 2555 763 1277 2096 1528 982 861 935 1865 836 2065 2058 2249 220 1514 2770 1063 16 537 1425 1749 2097 808 2738 1469 1531 1283 2277 813 2269 1555 2317 2645 643 166 1294 924 1546 2081 649 1977 2226 2212 1327 2253 1844 1566 1447 316 1449 1013 2310 1994 1987 2328 2642 1539 2042 2343 2693 2627 523 595 1179 1367 507 665 1315 2491 1337 311 1299 1168 1274 1140 567 2470 2806 1286 609 1694 2071 1127 1409 2331 1692 2280 1015 2164 53 504
000207.jpg,1221 285 546 582 2168 661 2261 724 2807 42 2194 2278 1318 636 2425 1536 1083 1104 1960 1071 1882 2470 6 592 40 1188 1797 620 851 2571 1232 181 1702 2083 1669 1507 732 2550 2080 1482 1858 1651 1824 2313 2383 353 1910 1189 1337 2162 609 2514 2210 1084 2019 585 1744 1201 1977 196 577 2371 98 370 2761 1625 2431 56 1889 759 2783 829 342 776 755 2328 2463 820 2572 2491 752 2111 2428 1826 2643 2595 2778 1322 2141 959 387 2067 428 2441 1429 476 2827 504 2476 1436
000208.jpg,1483 1749 1689 291 1561 634 576 376 869 1447 1315 2430 2555 1727 1283 1019 1928 1883 1394 707 63 1785 44 962 2323 1298 1353 1389 1300 1798 646 1166 1334 251 2409 2143 16 614 529 2066 1213 1427 1333 24 1469 2022 2540 2149 2644 213 856 395 333 2408 2058 309 1137 545 1559 2656 1847 2016 935 2666 1277 2277 1801 824 2612 1108 1013 1631 2116 1175 2113 2157 2127 304 861 1451 1244 1106 101 1217 2401 1804 2493 1685 1513 2040 1691 1161 803 374 1672 1343 1178 650 1230 310
000209.jpg,1913 2006 1174 2609 937 1634 648 1466 338 1110 730 2697 811 749 1455 257 1894 1239 1516 2788 2071 1367 2151 1527 2156 311 2491 1977 1567 595 1379 774 1179 1210 2328 2492 1936 1454 1981 1237 1566 446 535 2243 2519 673 1321 1079 2010 1094 800 1098 875 2417 571 288 1546 1142 855 1604 1850 1017 1498 124 1879 2377 918 700 1800 1368 823 605 2809 2224 2310 908 708 2196 1966 336 763 451 982 1670 434 2793 538 1145 678 821 1865 2093 2005 2682 2613 530 1645 887 2392 2045
000210.jpg,2044 2411 2501 2528 1934 2832 1190 556 312 987 85 2515 1270 1644 2517 2534 2400 2270 1549 1122 188 1102 795 1624 2574 547 2790 992 1926 1656 1666 668 2797 1386 1319 2391 741 817 1338 12 2817 2003 238 317 2325 1411 2228 2082 2584 349 1674 120 197 2046 533 2424 221 463 497 1552 2177 2524 635 1407 2375 2709 1983 1118 2455 1600 2133 1671 386 264 134 2193 1586 626 1405 2300 1661 611 2001 2012 1437 1297 409 479 1680 943 2527 713 1302 143 2652 2138 4 1737 1704 2412
000211.jpg,2774 1662 2770 1048 1461 771 525 507 2632 27 2316 2429 653 1475 2311 670 2765 1438 471 1774 1967 643 552 120 1220 2177 1974 1435 449 108 2576 782 1008 2164 200 390 2199 235 113 1500 478 1376 2407 2531 1827 753 533 2250 2398 705 2527 1274 1472 1875 858 33 68 625 1941 1050 2689 2283 1598 553 1896 1248 1692 734 92 1018 628 220 2301 2144 1200 2565 2191 968 2091 175 2249 1156 587 1715 1127 162 534 679 414 1563 1164 2552 2687 2611 2534 1543 972 363 1746 1635
000212.jpg,214 2348 1602 1866 744 1953 957 2498 1889 1766 1199 2404 609 1596 620 1907 624 1280 2141 1525 909 2464 2725 387 2740 1702 1797 2468 759 2688 181 2197 1084 398 2526 1931 2425 2220 2643 2503 171 2182 732 2448 236 2760 2608 956 621 183 1458 1560 509 1696 669 2160 476 1227 229 2783 2109 2079 2476 2705 43 1032 189 565 1188 2060 300 1858 752 1337 407 342 428 585 1726 2572 959 1643 1735 2548 2823 2623 2751 196 1330 255 2313 2293 2678 1214 22 2263 2776 807 2567 1933
000213.jpg,111 2483 488 2824 2288 615 1412 2497 1905 39 1357 2653 1767 1784 75 2605 1915 1609 322 404 564 2204 198 1192 2667 469 1195 1751 1114 931 2671 1594 549 795 751 676 1869 424 1366 2677 2195 629 413 694 915 1459 128 1501 818 1014 378 862 224 2345 281 854 136 2624 779 2001 1985 640 1344 2460 944 1240 960 497 2240 1817 2051 1150 14 2281 1403 1700 557 1009 1902 1219 1740 1241 519 2359 879 1113 992 1818 2828 1439 1601 126 19 2502 672 361 2651 1073 1423 318
000214.jpg,1662 525 1475 2765 1048 2429 653 2316 478 1875 1274 2531 2311 2632 1024 113 1829 108 1774 840 467 726 2164 1127 1039 2091 1500 534 1008 1967 1435 1220 1780 2407 806 822 753 2687 1275 239 2137 471 33 1438 1941 2301 89 245 858 628 200 2398 2467 2565 131 452 782 129 1062 625 449 501 1050 390 1481 2280 484 1248 2173 2634 268 31 2059 1563 53 1598 1692 2279 999 1843 927 1813 580 418 2142 2715 2611 2285 1932 2774 679 1018 456 1281 2693 788 2236 324 504 1923
000215.jpg,133 1792 2374 2125 548 1947 1421 1365 1930 150 1204 2582 493 689 2672 2247 1665 1347 2838 2198 407 57 472 2820 1861 280 1580 2418 6 2659 934 438 228 1193 1348 2356 1887 1292 2456 2581 1229 1575 1859 210 170 2039 1234 106 2585 1758 1359 1377 1551 82 514 1083 2184 2209 656 2206 247 482 723 2434 1279 1590 2493 746 2548 874 859 421 2123 793 756 1121 842 884 1877 212 570 522 914 294 857 190 2740 1493 2332 2050 704 242 2330 1577 1147 663 366 1675 158 2229
000216.jpg,848 1830 702 835 1845 768 903 688 1908 2601 2471 2624 126 1608 1323 103 578 2276 1254 931 1114 1340 250 1186 1310 65 1391 1107 2388 1413 1512 1821 1720 1235 1767 2314 502 1357 1073 990 2653 297 2288 39 2518 2497 75 1113 2787 2275 2671 1120 1905 5 2355 2114 392 940 284 2054 1304 19 1620 2152 581 1131 424 564 660 1285 985 198 844 973 1515 845 1732 409 2593 2204 2502 549 676 1680 603 2667 136 2542 713 9 850 1817 862 1192 543 2112 1152 531 1219 944
000217.jpg,1166 1847 2409 1161 1513 1928 240 483 293 2784 789 1804 1178 967 2759 2504 2579 328 2238 766 572 1683 2320 1427 2540 1898 1353 2756 589 2242 251 1883 1300 727 1149 1672 1728 2523 2422 2072 1230 2024 754 1483 2533 1561 1447 558 2493 34 135 364 1091 1506 646 1996 658 1469 1535 1689 1093 391 2021 101 376 316 2317 2323 29 16 1394 1631 1361 962 1334 2413 1175 1265 2295 1597 529 2040 426 1798 341 485 395 2644 1719 1451 1448 310 436 215 1749 1900 2785 2381 1558 2787
000218.jpg,2650 59 657 2034 2545 79 2023 2068 2665 722 1584 686 677 447 2185 1799 2308 2712 2305 2614 2511 2842 1955 1547 2766 650 692 2835 2435 1828 2813 1995 497 2248 2161 459 2666 1962 1363 122 1986 619 1586 405 38 2509 600 682 37 1964 1012 1810 1499 204 2292 67 115 168 1223 197 1314 1937 1076 1464 166 2382 83 2438 2738 1943 433 2265 2100 1390 1825 2486 2286 362 1370 2427 993 2708 1557 521 1844 1841 948 2389 1935 2289 541 1950 743 2207 1622 1836 2343 202 1865 1606
000219.jpg,1391 1413 2314 578 126 2276 931 1340 1186 250 2653 1357 1310 1608 2388 1107 2624 2288 1114 39 1512 65 1767 1720 1821 2497 75 564 1254 198 1537 1905 424 1751 60 1235 688 862 269 2671 2281 2437 676 1818 2535 1884 1014 469 1304 1985 318 751 684 1990 2128 1712 1152 19 111 1403 980 1459 375 2494 2700 865 1036 1760 1733 2118 1192 425 1922 854 531 933 1975 2499 1609 2124 136 381 1073 404 117 1423 1817 940 2014 2502 1594 14 2828 791 1106 1285 2563 325 615 2605
000220.jpg,1651 2682 945 1470 1578 639 1179 1977 2328 2647 819 1667 2491 1920 887 2488 2459 1367 311 1368 1566 1210 1239 595 2778 2431 875 2252 2349 982 760 2045 1872 460 975 841 808 1583 2074 2225 380 748 2304 567 73 1628 385 823 2587 1063 118 2793 1154 72 437 830 492 1337 1791 1531 56 2032 1599 814 952 208 919 1286 1769 1354 2416 998 763 515 1625 930 1380 1579 923 1820 353 2792 579 2775 755 1235 798 1678 2518 2723 114 1436 2371 1425 1052 2750 297 1620 2210 2054
000221.jpg,941 84 1515 2457 5 2152 2474 1616 2165 850 2355 2115 2734 244 2593 2502 1352 1949 1371 985 98 1066 844 323 1170 1272 509 2623 1762 448 776 2820 13 781 973 2691 1144 106 1226 281 1605 1882 2761 2448 270 353 1768 1570 1263 1864 676 1267 1819 298 104 474 640 1219 828 339 2048 2086 865 398 2147 1426 2263 2572 543 2503 2056 370 909 896 1458 650 1364 2562 1504 1251 1189 2386 2520 2726 2464 660 2210 45 2442 629 2443 2725 377 2334 1402 1113 713 2831 2677 796
000222.jpg,1514 276 1539 2226 167 1456 20 2256 1284 1294 537 454 273 461 2833 2529 2195 2844 871 1446 958 2222 143 638 2619 1069 488 1939 1630 2271 352 665 810 2779 71 30 2808 1694 955 1729 1555 787 2770 299 224 1140 220 809 2092 413 1341 128 1607 1976 2104 2103 1360 317 718 111 2481 1412 2483 1952 964 2246 2138 2185 969 1258 2791 1549 1150 557 1501 2627 2139 2524 1366 1266 1044 1349 2030 1042 2640 1215 2616 2038 2298 1902 1240 915 1764 1305 2677 2584 2797 630 1399 2001
000223.jpg,1019 1389 1213 2066 63 1785 545 2113 2022 1298 304 1483 1333 2178 2546 1115 1228 393 1561 2016 1951 1306 634 251 1447 485 1689 2136 1137 1451 1244 1883 1631 1749 1353 1361 1427 2540 1175 291 1300 376 2430 803 832 1685 2381 2040 24 989 101 1928 2143 182 727 499 1394 1786 1106 374 1087 1434 1559 1773 2149 149 1166 954 1971 364 2656 614 1207 1257 1334 646 395 1004 436 2644 1798 1900 1180 2323 2112 576 737 2409 2242 714 1712 44 1091 2072 1178 2024 1818 76 617 902
000224.jpg,536 2090 569 1588 1132 193 121 988 1553 1430 2117 2333 1431 1065 144 1699 1621 36 142 1492 1888 680 429 733 866 2452 1268 2786 2078 554 666 1562 2446 979 2668 1904 2507 1890 868 1089 1145 2227 415 412 2747 2658 1100 2029 997 2010 1388 2394 984 1393 1879 2743 1021 173 1414 2310 2009 320 1033 1085 301 916 1495 761 555 1742 1047 453 500 908 1906 2679 1002 1404 1271 2553 427 355 2122 340 2773 2224 612 2770 2249 1155 599 2775 92 2163 2035 2646 1158 1790 571 2537
000225.jpg,2343 2100 600 846 1622 166 642 1305 2801 1815 2614 722 352 2835 1338 1828 405 2486 71 2271 810 1729 1095 2253 1964 638 787 1545 30 665 2665 1698 2619 2610 2738 2481 1630 1939 958 2616 1294 1446 2138 2212 1327 38 2255 1694 2529 2104 537 1865 317 1445 115 1799 955 1409 1994 2811 718 2584 1349 1995 2246 1607 1215 2065 1360 1411 619 969 1648 1571 697 1514 741 79 2633 888 2308 2226 1258 2385 2455 1101 1650 350 1270 649 2709 1624 195 1112 1539 523 273 2473 982 2256
000226.jpg,1244 1389 2022 2816 2024 8 426 2449 1027 1019 2066 1213 63 1597 1487 2136 1333 545 2113 1785 1447 1671 213 589 304 1090 1298 1483 24 1763 393 1561 2178 1228 2216 1719 1703 1804 1137 2403 2143 251 2409 727 2167 1288 967 1166 2546 634 1847 1928 376 1363 981 1161 1115 2274 547 2555 1727 665 2174 714 391 2339 1631 2495 658 2792 1386 2072 16 761 233 898 1838 1427 1513 1558 2437 76 1300 2540 2430 1207 2058 1234 1808 637 2700 2330 998 926 1469 2016 307 47 2277 832
000227.jpg,1421 407 1365 2374 1947 1792 2125 548 133 150 1930 1665 689 1204 2838 493 2582 2820 2247 2548 1347 2740 472 2672 1093 57 1861 280 106 1375 1580 1696 2418 2526 2220 1234 6 2198 2456 2783 934 210 956 1059 2643 1931 1083 1147 1292 669 759 476 1279 482 1229 1859 1348 1953 196 1575 2585 1735 746 1359 1758 2468 1602 2434 2659 2184 2348 859 247 793 1227 214 228 2109 1887 2039 1702 1525 723 438 2266 170 1558 2356 226 1551 1084 2209 1199 342 570 1866 1377 1193 1898 842
000228.jpg,1469 16 1447 376 2317 213 2277 761 44 2331 2408 614 757 924 1533 2143 1847 2024 1044 1019 2066 1137 1213 24 1389 1166 1728 2555 1244 1727 545 516 1561 490 1785 861 63 2409 2361 499 2249 1898 2756 1749 617 2422 132 695 426 2654 2178 2320 1483 577 1804 304 8 834 752 393 1474 1093 1176 1476 1249 1265 2638 2113 2427 1928 576 412 2430 856 1150 2022 1149 745 2758 2295 634 1161 443 558 482 88 2449 397 1513 294 34 609 777 1069 851 2176 316 1341 983 407
000229.jpg,2015 1252 1834 1753 1125 18 1842 2777 2772 70 2077 2478 2490 1390 1557 2510 431 2561 1642 2818 601 951 2000 2667 2663 1035 297 2 1759 2622 2757 1839 1958 850 1908 103 1504 990 2218 386 1236 1323 1965 284 502 372 266 860 1027 1460 2161 283 863 2355 2493 2171 2412 2001 1661 2391 2707 853 1559 8 1869 2047 1993 2388 1617 1189 826 136 2121 1422 2449 2043 2517 2054 83 2502 895 1675 2810 2598 1605 1480 2471 1897 2601 1202 2362 1012 2363 650 767 634 2184 1272 611 315
000230.jpg,2433 2713 1986 1490 2376 1940 2294 1825 2207 1453 2728 1055 2545 1056 725 2034 747 1860 201 2272 1223 2023 2556 2767 2309 494 100 1899 1096 2135 137 2291 2057 2741 165 1569 899 2319 733 2435 2558 2801 866 146 2078 2326 2755 1796 134 2766 1948 1130 680 2100 1212 1944 140 686 1155 1416 2639 299 642 1547 85 1901 2484 2068 1271 2642 659 1874 1606 736 1452 982 79 64 1868 2671 352 523 984 2607 447 2833 1467 439 1305 701 1990 1640 2832 2506 155 1660 1584 2717 647 763
000231.jpg,813 1554 2778 1528 243 1025 1370 930 2097 1769 1105 1906 2770 1657 1396 2098 355 928 2093 2310 1211 2257 1865 1673 1614 2660 1200 50 1546 27 1031 1047 1978 2357 1331 1791 607 1516 2696 2773 512 2065 705 54 2782 1893 710 2085 2369 1002 671 2026 2822 709 394 162 1566 164 2140 1239 537 507 461 2219 156 186 2199 1058 1742 523 2262 2543 2796 2341 451 1495 515 1879 566 966 553 532 2500 320 1366 1384 852 53 1750 1705 975 414 2304 2282 1301 1976 1367 1063 2191 1479
000232.jpg,459 650 37 2666 2268 1605 2353 1744 1995 1694 1232 2726 865 1763 2218 586 2502 115 2136 38 2162 167 1504 2691 1976 1173 1539 2400 2361 122 1616 2355 1515 477 2308 2003 2168 59 1363 2152 2256 703 448 5 276 20 2517 1882 273 454 1150 2404 1835 461 2712 592 443 796 630 2083 2325 1661 871 924 42 1625 1449 521 1891 1735 2474 475 1433 2371 2141 1514 2189 1910 2486 1059 1963 1484 1057 342 869 2278 2115 2391 2468 1411 2823 1723 2460 2363 1222 2584 636 687 2619 222
000233.jpg,1872 1793 760 380 975 72 2074 437 1628 901 2304 923 750 1603 2778 802 841 1579 2217 73 1599 2032 1504 2047 2553 1154 1541 2387 334 2415 1387 2482 492 323 515 1233 1236 886 584 1699 1949 1189 1272 2341 860 1686 361 2267 597 1750 9 2355 297 1267 850 930 1366 820 2108 2218 1235 2210 990 13 370 2593 1886 2431 62 1241 2380 1911 253 1754 5 502 353 1398 1256 1131 266 579 36 1219 385 2568 460 84 118 1770 1701 440 401 136 915 1418 1052 417 945 1430
000234.jpg,2277 16 44 316 1447 2317 1883 1427 1469 2540 614 1300 1353 757 1727 2555 251 1749 1137 856 1277 1533 1847 2058 2096 935 861 333 834 1283 309 1231 1044 2320 836 1161 2021 2756 1217 1166 576 1728 2409 376 2645 1513 1394 1149 2533 761 293 1315 577 754 2495 483 1849 1013 824 2081 2381 29 1108 1867 1383 240 707 1296 80 2784 101 1722 47 218 967 1900 436 1691 374 1801 1928 989 1999 1178 1197 1265 2547 646 119 1483 76 1103 2116 291 215 19 2249 395 1304 1804
000235.jpg,348 26 1870 925 1045 1369 2454 2649 712 2050 2241 1869 663 550 2538 2769 480 378 735 2667 1195 179 2130 704 158 518 2229 2204 549 2123 1590 242 1594 1120 1887 2356 2493 857 2672 1930 2198 751 2039 421 404 1609 1772 1580 2659 280 228 87 960 57 1348 590 282 689 895 884 902 493 539 1575 303 93 2581 450 1861 2563 2329 1836 993 83 170 291 1193 1832 2418 133 1959 2033 920 32 548 934 2324 2748 1406 1758 2284 2456 1943 1292 2694 58 2004 212 656 2332
000236.jpg,955 698 839 1939 2619 932 1049 233 30 630 1521 2226 1694 2823 665 1440 2481 718 317 2403 1294 2616 1539 352 697 810 2811 1445 2271 787 2529 20 71 1630 1446 167 638 454 1215 1514 2385 516 958 1270 888 2186 85 1607 92 668 143 2255 262 741 795 2527 537 1762 2717 1619 1704 1360 1540 412 1763 1572 1034 2513 2461 2734 2189 1302 1010 223 2445 2203 2635 2727 1472 1671 2222 1963 1520 2584 1474 1072 1162 1433 1729 2176 1305 234 701 1112 1278 2165 1303 1140 2279 2440
000237.jpg,1744 285 546 1817 2726 582 136 1221 1537 2162 724 1882 115 1285 2256 353 1661 482 2168 1700 6 776 1219 2677 915 1680 629 1083 2210 944 650 42 98 531 1504 1711 1189 2261 1750 661 370 1501 1582 762 413 2520 281 636 2666 1884 5 37 2014 896 854 2194 1536 128 1071 2460 2355 459 2494 2118 1272 40 2812 2362 381 496 1922 2593 299 2278 1902 1318 1366 1824 640 1960 372 980 454 557 13 2483 2152 339 479 1995 2807 2047 2222 1603 375 1754 1232 167 850 1979
000238.jpg,1951 1306 2040 1451 374 1361 101 803 2546 485 2178 1115 364 304 2113 251 1900 2381 436 545 393 989 1353 2540 1213 1427 2066 341 1228 737 1175 581 215 1883 2136 1389 293 1137 1483 2114 2644 1019 1300 2323 395 1394 529 63 2787 1801 1785 1798 1334 962 2656 2504 2579 2022 1244 1447 2149 646 1298 2759 1561 789 572 1847 1178 1333 727 1559 483 1106 766 1928 1230 1513 2784 328 2238 1683 1693 1161 1166 240 614 2242 596 2523 1091 2422 1743 1631 2277 1672 2409 1996 95 2016
000239.jpg,1419 2365 81 849 2819 1454 2071 1566 1546 2716 1239 1367 1516 538 2183 1368 307 1920 516 1455 412 2488 2052 1179 1977 752 1651 595 1894 2491 843 311 875 872 763 344 2225 2328 2427 482 935 1530 1044 1210 2578 1299 537 1168 761 2459 1865 217 2647 2793 982 1021 774 316 2823 1071 1520 2682 1140 887 2065 1904 2492 1145 2725 141 160 2331 1142 1578 2507 1078 2519 1349 861 2277 2555 908 2045 1470 1461 2273 2310 2094 377 1621 819 1910 609 1824 1766 2587 2448 997 823 924
000240.jpg,2354 2615 1269 1535 232 1448 1945 2566 520 1672 2413 2295 1343 2785 1091 1996 135 558 777 949 2737 783 1265 2408 1728 310 754 1561 2756 2242 2320 1178 1149 1478 2422 95 596 2827 2533 967 2441 1898 376 2143 213 1513 2523 328 766 2238 1847 240 1346 34 789 2759 483 1161 2784 2504 24 2021 1093 29 1743 1296 2579 1804 293 1469 2260 2111 1683 1298 1231 2638 983 2430 1631 119 1176 695 1867 1914 341 634 1849 1693 364 1166 1506 1383 286 2224 1722 2202 1856 2235 1447 2745
000241.jpg,84 1949 98 1371 2165 2734 353 5 1515 370 2593 2520 2210 776 1189 482 850 941 2047 2152 2474 323 2457 2355 2421 1616 2032 1144 244 1272 1541 1066 2115 820 1226 828 13 1762 2502 1603 1911 1267 2086 762 474 1477 985 509 104 2623 1170 1038 377 339 863 844 494 1882 281 1504 896 2427 106 750 1352 2291 2506 2057 1835 546 196 2729 640 1130 650 973 2820 647 285 781 15 2639 1605 2572 2387 574 2475 676 146 398 2728 1055 2683 307 2263 772 2512 2439 1751 343
000242.jpg,2808 1952 964 1266 1399 2038 809 2103 1764 2570 2195 2640 1042 1514 2791 276 444 1725 2256 2027 368 1070 2031 1539 2120 2839 358 1555 537 2795 461 2627 2221 167 1245 488 871 2226 2264 1329 1456 20 2335 111 827 2101 432 2030 400 273 1284 2770 1412 2661 381 2833 1294 224 1784 1740 2249 694 1921 2483 128 1902 1729 413 454 1044 1241 1069 396 2529 220 2051 1976 598 1366 1341 519 164 665 2758 1240 2677 156 1205 1140 834 1770 1939 1344 629 761 1700 1979 375 557 372
000243.jpg,767 2702 2315 277 1980 2685 2532 1989 211 369 1938 1747 2496 1833 889 2686 1443 860 1496 1548 1460 1701 1489 1417 2 769 258 2556 1682 1519 1788 601 2663 770 269 1895 1557 2482 1390 161 2622 1320 1504 1759 1387 372 1479 1316 2757 1480 1976 543 2443 361 1366 2001 1816 2289 380 1686 597 672 886 1599 2363 386 1219 9 128 2671 1418 1965 2074 854 2828 266 1285 2460 901 417 2015 1252 431 2510 933 1051 1236 2815 381 1272 437 2355 915 136 1398 640 515 13 2598 850
000244.jpg,747 2272 1316 1948 2556 1453 1490 1496 2376 1860 201 1416 2713 1958 2309 2433 1901 2755 889 1443 2686 2134 1747 1833 2767 2496 1938 2352 140 1218 1452 950 563 1868 2815 1649 1096 260 2294 1796 1965 1752 1636 1051 2826 2076 1054 1055 155 2367 1202 1267 2391 1986 2728 1825 743 1658 134 1940 231 1146 2207 2628 2011 725 645 2069 1041 2088 1123 194 1519 48 1307 878 2439 559 2836 64 1569 1899 169 211 2389 1261 574 2001 2291 1663 100 1989 2671 386 2532 1444 2741 277 2490 494
000245.jpg,2516 1511 1969 1442 1526 855 2102 2145 1325 94 1020 773 883 1992 1424 2763 248 1007 406 742 1871 434 1311 1645 2613 1800 1731 1385 288 1779 1721 1053 1138 1707 1142 2560 1581 1876 2809 544 2302 2549 1165 1968 593 2364 2290 2519 2730 2219 1079 2251 1966 1850 1783 2005 709 2299 2417 410 1005 673 1309 1573 105 678 870 336 881 1936 1094 717 2243 800 1133 2746 1670 1068 774 2680 2492 2830 2196 2377 1527 2843 2788 186 535 821 1040 365 811 2087 435 1498 2341 610 528 2095
000246.jpg,2401 2612 1336 1013 1315 861 2079 785 971 419 2554 2153 894 1283 1927 1108 96 1632 2427 1907 506 2188 2116 2160 829 2230 2591 1153 856 2705 1727 335 2555 43 815 935 468 2081 333 106 762 2313 1749 2058 1277 2562 2442 300 1364 2476 1826 2048 309 2761 1217 270 1768 1139 2056 1761 45 2083 2720 807 644 2317 2096 1251 1447 836 2831 2060 2522 2386 2277 752 482 2841 291 509 16 1064 609 746 189 1987 1483 376 2445 1858 1469 2760 63 650 1487 171 2353 959 1889 1365
000247.jpg,832 1434 1786 182 1773 1795 1999 149 1685 954 1257 1971 1004 2112 1103 1176 1785 983 1693 1743 2542 1712 2190 940 132 1180 1914 695 617 2745 2202 88 1476 76 2547 119 1760 926 1818 1346 596 1856 2827 310 2016 2656 230 95 1224 2111 499 19 1714 1116 1298 1120 1713 2441 1838 424 564 658 777 63 614 2700 1883 2281 75 2518 2149 1197 1535 1483 1106 737 291 1019 683 1064 925 2497 1867 1333 198 1561 364 2522 824 902 1343 1849 1228 2785 2649 1383 215 1083 689 1147
000248.jpg,1056 2713 1474 2766 447 745 325 2294 2535 2068 79 2511 443 1547 701 2292 692 686 586 2842 2654 1606 2433 2435 1986 1935 1126 204 2736 2366 1150 2258 1825 2665 2319 2207 2305 1891 1940 1249 1223 1841 2650 362 1212 953 1962 1194 1944 657 1471 2361 1134 137 899 1006 494 2176 246 1738 2545 2825 1463 2604 1723 122 924 1055 1899 2758 2719 2135 668 736 1488 510 910 2291 2046 1452 397 2326 1874 659 2057 1777 442 790 1671 722 1177 2558 1077 1069 146 2034 2728 1185 948 1467
000249.jpg,2601 1908 2471 103 1323 688 502 1830 848 990 1845 702 768 835 903 1235 297 284 2218 2624 126 1608 578 1504 2276 1254 1114 931 1340 250 1391 1186 2054 1310 1413 1107 1073 2787 2518 65 1512 2388 2502 1821 2314 1720 5 1767 2275 1120 2152 1436 1620 37 2114 2653 2046 845 1807 1295 581 1605 1559 293 1661 2187 2000 1106 1357 2667 650 1869 1361 603 2355 1515 1450 1451 2167 496 215 1125 2149 992 2656 922 985 2777 2457 2241 863 2666 1753 850 2478 39 459 1012 2015 521
000250.jpg,1070 2031 2839 2221 2120 1329 2640 1555 2335 2264 1921 1395 964 2808 2573 1952 630 1266 2101 537 1399 2038 2789 1637 809 1556 1419 2030 2103 1061 163 388 2627 2061 220 1135 2791 1764 396 1317 1294 1401 2331 1539 2483 1042 598 1205 2226 488 694 1514 1740 2222 1528 1784 367 2570 1446 1449 1344 1302 1412 961 1341 1729 444 167 2420 1349 665 910 180 1150 1456 638 1015 1425 454 2365 2246 1284 2027 2833 1441 1939 2318 20 1023 1918 164 2537 2269 1241 1607 156 2195 2648 71 2822
000251.jpg,1475 1829 2765 1875 1274 1024 525 653 1662 840 467 113 1039 478 2316 2531 1048 726 822 2429 1127 108 89 2091 1780 2311 1774 2279 2137 2164 452 2236 2565 534 1500 129 1062 239 501 2142 2632 245 1275 806 1008 2634 1813 1843 927 2285 1481 2687 268 200 53 92 799 2280 1941 33 2407 1435 1220 1932 131 418 1967 2059 753 504 2173 484 2301 2467 324 628 1923 2693 2611 1692 456 449 788 1281 1563 1789 471 858 1438 1505 464 999 495 2715 580 31 2398 1011 139 1248
000252.jpg,348 26 1870 925 1369 1045 712 2454 2649 480 2050 2241 2769 663 550 2538 1869 179 735 2130 378 1195 2667 518 704 2123 158 2204 242 1590 1594 2229 960 1887 2039 549 421 87 751 2356 1580 2329 857 2033 2714 1930 1348 280 57 493 282 590 1861 902 1406 170 404 934 2284 2563 895 993 93 2659 917 2434 689 884 2672 1345 2621 627 1859 1959 228 765 2581 514 1609 2418 83 1772 67 1576 2155 1575 2129 2509 2493 1422 32 77 2701 1350 1292 82 2161 1538 470 652
000253.jpg,1093 1506 1898 2242 34 2422 2523 1088 2238 328 407 2759 766 1683 789 2579 2504 240 2785 1178 572 967 2784 1513 196 476 2158 1696 558 1230 483 2514 540 1421 669 1804 1161 1084 135 777 2468 1631 2224 1059 2643 2629 1847 1996 2539 2578 2463 1429 956 1091 1672 667 2428 2798 1558 577 2220 1375 729 1183 2572 1322 2783 1924 1735 759 391 1863 2371 727 1380 293 2678 2183 1931 226 377 1702 2295 2740 2413 691 2526 1726 1141 1140 1509 732 2263 1561 344 1525 2776 2170 1227 2070
000254.jpg,18 1842 1753 1125 1834 1252 2015 2777 2772 70 2077 2478 1390 1557 431 2510 2490 2561 2622 1759 2757 601 2818 951 2663 2000 1035 315 1642 2 2667 1480 1460 2302 1839 1165 2315 369 2363 2161 767 850 9 2355 2001 1548 1272 13 640 1285 381 1366 2152 1504 1816 860 339 5 1219 1599 433 2598 2460 1189 2389 1202 361 1976 386 2276 515 2702 2517 1320 531 1908 597 370 2388 1340 1417 1965 276 1980 2685 136 1701 2289 461 1267 297 1489 2577 372 1459 2288 2650 191 2502 1686
000255.jpg,147 1677 1771 1892 2625 2037 2595 1998 897 1445 2002 1826 1910 1129 116 1324 2083 571 2094 97 2156 1321 2567 1098 56 2013 585 1550 2067 2631 1736 2450 1806 1201 1078 2750 2342 1530 160 1933 577 1791 2550 2487 71 1214 30 1638 630 344 1279 1963 2071 127 1790 342 2150 1709 1044 1804 2089 1449 255 2216 2333 671 1140 2041 665 391 755 697 1145 2201 1956 1215 761 1729 537 2249 2627 1939 2079 1277 1757 1621 1514 2555 718 2770 2372 123 1727 2432 1337 1507 2657 924 551 967
000256.jpg,2254 1734 2233 516 1072 102 457 2192 294 2802 2714 2513 2174 1246 2461 1234 412 752 1034 2555 2229 256 1727 1653 1021 825 2330 761 2186 1494 1447 1276 630 924 16 233 935 756 1044 1939 2277 2336 764 1595 561 40 1392 1536 1694 632 391 2024 719 1583 1279 1826 1244 1762 1880 1059 1201 795 1222 1804 1960 2453 2783 1735 2551 2096 474 691 2086 2279 2403 851 856 1729 1299 2734 793 1882 1168 1802 2317 1375 1226 814 2278 45 1318 2004 724 407 393 2176 1196 2249 1910 1520
000257.jpg,2152 5 941 1515 2502 84 2355 1352 2457 850 985 2820 1605 2593 1674 1272 323 13 2165 676 2474 2734 1616 650 496 713 1949 106 509 844 339 1267 2115 244 1751 281 1066 1342 640 862 2787 75 198 2497 206 1219 1762 2666 409 343 1591 39 2726 865 1733 629 1504 270 944 1170 1371 2624 2623 2288 915 1113 973 347 2761 2361 424 1666 1226 482 2677 2831 1173 828 845 1501 404 2147 549 19 2204 1819 1064 1864 1601 1162 2653 2330 2081 1004 2048 1882 2125 2056 2518 1594
000258.jpg,2011 645 1416 1663 1948 1096 48 2628 574 64 1218 439 1054 2352 1444 1649 1640 2391 568 305 1993 1782 169 562 2439 1679 2707 155 947 51 1255 1636 2721 2767 1153 2837 2631 1029 715 231 1261 1623 1684 1757 1544 986 1658 1569 1617 2616 1223 1381 100 1041 1965 2298 2815 477 1899 2836 1051 123 899 657 1422 2076 1067 2741 266 2291 1958 445 1600 882 386 143 718 2150 1328 323 168 2650 1358 1650 372 950 2032 79 1440 563 1202 826 1049 2529 906 1777 557 2135 1799 2460
000259.jpg,2840 1202 1840 1422 2375 197 440 2538 518 1146 2367 168 2161 1752 2817 2289 1102 231 445 433 221 2790 2241 950 1656 550 1799 1617 735 1624 1623 2836 2389 626 1407 712 1710 1644 1045 1926 817 4 194 1870 2439 1993 1544 1328 1381 2707 2837 1782 1658 1067 169 348 1029 134 2312 2484 259 925 1679 663 1369 1737 659 1636 2454 943 1452 2082 1267 155 562 1552 51 1338 2769 645 283 188 305 1444 2649 2076 635 826 563 1663 26 1983 613 900 947 1319 1640 2088 2721 1958
000260.jpg,2411 2044 2528 2501 1270 1934 2832 85 556 1190 987 2515 1644 547 2270 312 1926 188 1624 1319 1656 817 1102 2817 1122 1386 2790 2400 2517 2534 1338 668 2574 197 741 795 221 317 1983 1407 2082 2375 611 2300 2709 2524 2424 635 2138 626 12 2840 1666 1411 1549 352 349 1671 969 1446 1552 665 2481 943 2544 1294 2003 1090 1258 1737 2455 787 1886 1694 445 1763 904 433 463 1704 2584 1305 259 2226 1202 2391 2610 2633 1194 1278 1650 2133 638 1607 1101 1674 2104 134 2529 30
000261.jpg,752 516 2404 1907 2823 412 1766 2725 935 1910 744 1889 957 2448 2141 609 2464 2083 2067 585 2595 2498 620 2079 1299 1168 2197 2353 2081 2425 2096 1108 214 1826 836 342 1021 1602 2645 2555 861 2348 1858 1727 561 2115 1283 1797 1880 1078 1277 856 147 1866 1530 160 1044 624 1550 1173 755 1963 2094 1744 2058 1802 1199 2474 761 1927 1013 2277 387 333 1596 988 509 703 650 2554 924 1588 2317 2550 1132 909 2562 2342 1749 127 1616 2623 2476 2116 2090 732 1303 16 244 2442
000262.jpg,1138 1731 248 406 742 1645 1707 773 1800 1721 2613 288 1876 1871 2763 1007 1385 1779 2102 2145 1992 1325 1526 1424 1511 2516 2596 1442 1969 186 1020 94 1119 2809 855 883 199 2451 2560 2747 1053 1581 1527 11 21 257 535 2384 709 631 681 124 434 2377 1676 708 292 2446 700 416 2219 1023 2392 918 1894 527 984 1047 2530 651 996 1491 2423 1587 1485 1978 2675 605 2543 1466 1311 237 302 1564 1313 78 1718 811 1181 1309 2800 1110 2093 2110 336 2262 610 612 2078 2559
000263.jpg,1083 6 689 493 1204 582 546 2582 1930 548 2168 661 2261 1365 285 2278 2807 1856 42 2194 1221 1318 636 1421 1347 1792 1536 2374 472 2571 133 1665 2659 2125 592 2039 2418 2838 40 2581 1960 1193 57 407 228 1887 2111 2198 2004 1861 2522 1064 2209 2441 2356 247 934 1758 1882 280 2123 746 1580 2050 663 150 1947 874 857 2827 1575 1358 1348 2548 45 2056 210 756 2649 2434 2386 2831 1229 1071 925 212 421 348 482 793 2586 480 2513 2206 1551 2783 1859 2694 310 2383
000264.jpg,348 26 925 1369 480 1870 1045 2649 712 1869 378 2454 1195 2050 960 179 663 2241 2229 704 1594 2204 242 2130 549 2621 550 2769 404 2538 2667 2329 2033 1609 751 1772 87 902 917 2211 765 2123 590 2701 303 2493 1959 450 32 735 282 321 2004 2039 2324 158 2563 1590 294 1887 1348 1580 689 2198 1748 280 2129 934 170 2804 539 2020 1930 993 57 493 1915 2805 83 1014 2418 469 421 1377 2447 779 2347 1459 2637 1410 1372 2360 2159 2434 1169 2586 794 2234 1611 1832
000265.jpg,664 1778 1473 2809 2110 144 416 11 662 2658 1613 2117 1909 12 105 36 1876 1431 883 1621 2843 2394 1742 2333 2416 1721 2793 1808 1946 2792 1370 2452 2274 2349 118 7 415 1060 121 2344 2035 666 1388 773 2064 2747 1151 2596 921 742 1992 446 528 612 680 219 2763 1981 1526 1085 1567 1879 1237 579 124 2559 1442 1969 1017 2626 453 172 2446 2516 911 406 2145 700 248 1325 855 2102 1119 708 1271 918 1688 1385 1491 1511 530 151 2722 996 536 2530 1047 2618 434 1871
000266.jpg,482 762 2427 307 1064 2831 2273 2386 2522 2571 2056 1364 45 1251 270 2761 2442 2048 2562 1768 2116 1515 2720 644 2165 2474 1083 1824 2734 6 546 5 106 941 2457 84 1204 582 1616 244 2115 1066 1286 1762 828 1071 1802 2582 1882 285 592 1477 1927 724 1371 377 985 1013 2194 776 217 1120 353 98 509 1226 2705 1632 419 2152 1221 661 2153 2518 2554 894 40 2512 96 2261 1336 506 2727 1108 1170 2263 971 850 2612 2820 2623 398 1930 689 2593 37 851 133 1144 2125
000267.jpg,2624 931 126 1114 2276 578 1608 1340 250 1391 1413 2388 1186 1310 688 1767 1254 65 2314 1107 1512 1357 848 1821 1720 1845 768 702 1830 903 835 2653 2288 39 1235 1908 2601 2497 2471 1323 2671 103 1905 75 1073 198 564 502 862 318 1751 990 2667 1152 933 1036 424 672 1192 469 531 854 2828 297 549 361 660 1594 1609 404 2518 1304 2204 1285 136 751 2824 9 1817 615 1915 392 5 2355 1884 2281 1869 944 1423 676 1997 381 2787 2502 2054 1459 684 1219 2605 1985
000268.jpg,2765 2316 1274 1875 1048 2531 478 525 1662 1774 1829 2311 108 1475 1127 1024 2632 2429 113 840 467 1780 2164 1435 1008 1500 1039 1967 726 822 1220 2407 1275 653 2467 2137 2091 2687 534 33 1941 245 239 1438 471 753 2301 200 858 628 1692 89 2565 2398 484 625 806 2279 1481 1248 449 2280 1598 418 2634 131 53 2059 452 1843 268 390 1050 2285 679 1563 1062 129 2173 501 1813 999 927 31 580 2142 2690 2611 1932 2715 1505 788 504 52 782 207 225 1026 2821 2698
000269.jpg,832 1773 1434 1999 1786 1103 1795 182 1176 1693 983 1971 1685 2190 1257 1743 954 132 149 1914 76 695 2202 2745 88 119 1476 2547 1785 2112 1004 1712 617 2542 926 1180 230 596 1856 940 95 1760 2827 499 1818 2656 1383 1838 1197 80 310 215 2111 1224 824 1116 1713 1714 2495 777 2180 614 1346 564 1231 2673 1296 683 2281 19 1883 2441 658 2016 1228 1867 424 2172 2700 737 1106 2260 1298 1722 75 1849 2787 1900 1120 1533 2149 1535 218 1265 2114 63 2518 364 286 1353
000270.jpg,1052 1145 1163 1790 595 1085 2775 208 460 823 1688 1415 399 2679 2587 2328 1583 2636 1510 174 2274 2793 1903 2009 2491 1808 1210 1977 1179 427 1239 7 998 612 2349 1791 2431 875 311 1367 887 2792 2252 1651 453 99 2045 141 118 724 2452 1368 2163 2682 1566 2642 1470 36 2488 1621 1865 2416 945 2658 2333 2459 567 2507 1920 997 1717 1806 1089 401 1578 1933 691 1638 571 1322 2463 1911 2055 868 2786 1155 981 2512 1201 582 1924 2122 385 1271 1023 1826 1904 639 814 320
000271.jpg,316 2277 44 16 1427 2540 1353 1447 1883 1300 1847 251 2320 1161 1469 2317 2756 1513 1166 1727 1749 2555 2533 2021 483 1277 2409 614 1149 293 1728 1231 2058 856 754 240 861 2096 29 2784 836 333 935 1849 1283 1137 1867 757 376 309 2645 1178 789 2381 2495 967 576 1722 834 1928 2579 1394 577 1044 1217 101 1013 1315 374 1265 1804 1900 1296 2759 1483 1383 215 436 1533 824 80 328 218 2504 989 707 76 286 1197 2040 395 2644 1801 19 364 803 761 1361 2235 119
000272.jpg,217 1829 1299 1168 2279 1844 2285 2269 290 412 561 2698 2059 2280 504 1286 1852 209 484 838 464 239 2137 1071 2693 2173 1481 53 726 1843 314 2236 418 1021 1503 139 207 653 52 245 2565 1932 1303 999 2091 467 840 2821 220 1875 1127 1011 822 534 92 2715 268 2164 806 1275 2316 927 1024 2687 1274 478 2765 2142 2531 225 31 1780 1789 33 113 61 1475 580 2429 2467 2311 1039 452 1929 346 628 2407 2301 1941 2738 89 2634 1262 2690 1568 753 2188 324 1500 2232
000273.jpg,1545 659 2486 2801 642 1622 1095 846 2100 1452 1799 2343 2253 440 1338 1422 2817 2610 817 1617 1926 1840 1202 1623 197 1102 1624 2840 2837 51 2011 2580 1067 2241 1644 1640 715 645 2707 600 712 166 518 1650 194 2790 1663 2721 1045 1810 1656 950 2509 2255 169 445 1782 2389 2836 2367 1146 1993 2289 1679 2068 1328 550 305 2375 2616 168 221 626 619 1381 1101 562 556 497 1544 2305 1868 2439 1752 1586 1261 2584 722 2484 1122 140 4 1416 48 231 1552 1319 1815 947 2308
000274.jpg,1753 1125 18 1842 2015 1252 1834 2777 2772 70 2077 2478 2490 2510 431 1390 1557 2561 2818 951 601 2000 1642 2663 1035 1759 2757 2667 2622 2 315 2161 1958 1839 284 1504 1908 502 850 297 990 522 1965 2601 250 2276 767 2302 860 1459 1340 2388 1460 2471 83 1165 433 381 2218 1489 1480 2355 2650 5 1869 1391 2054 469 1012 1186 373 26 2308 282 1870 86 863 2184 1014 2454 2289 1748 1809 1675 2493 1436 1357 2127 1272 2069 283 13 249 2707 497 2167 826 2712 1229 2152
000275.jpg,516 752 412 1021 561 2404 1299 1168 935 2823 1303 1910 1907 92 2017 2096 988 2698 1588 1132 193 2090 2550 2279 121 569 2595 1826 2555 1173 2094 2725 2083 1044 536 1727 1108 761 2353 1939 383 703 1507 2081 924 2770 1766 2448 1829 2317 1694 2277 1530 585 861 2619 2333 630 2079 1283 333 836 1037 1880 217 1802 609 1078 160 1852 1104 344 586 2522 957 147 2067 1140 856 1889 443 309 2115 643 1484 1621 45 2394 1514 744 252 16 2226 138 1162 1605 1612 2361 2249 1963
000276.jpg,1052 1163 2274 1085 1583 1688 1808 1790 2679 1145 7 1903 998 2792 2793 2349 2009 2636 118 460 2775 612 2416 208 399 1510 1791 2587 36 1415 595 2658 2452 141 453 174 823 2252 2163 567 99 427 2328 1089 875 724 401 2167 981 1431 1155 2491 1179 2122 121 1717 2655 2829 1933 2431 2055 151 1271 1023 177 1100 2512 1977 2333 385 2778 1806 1210 2216 901 1065 1250 887 1911 814 1239 1697 1201 355 2786 1638 1425 868 1132 755 1322 2507 1380 72 320 1404 2045 311 2459 2711
000277.jpg,2254 2233 457 1734 102 2192 1072 2802 2714 294 1857 516 2461 1034 1653 2513 1276 1494 719 2018 2229 1716 1246 1234 1392 764 2146 1611 793 794 2008 876 210 2586 2174 86 1289 825 1551 1626 2551 1493 2418 58 775 2447 247 279 357 1043 914 2368 2748 190 1169 1805 723 1522 2130 2525 2284 179 1259 2684 746 693 2155 2780 934 1542 2166 2752 884 1121 1517 1377 2106 462 2209 57 874 2020 1292 2588 1690 2347 212 1580 1382 2004 1861 1410 1028 857 1576 2805 2733 2487 1350 1859
000278.jpg,1011 495 1823 131 2396 452 780 1378 2794 653 241 268 1022 2244 806 1563 356 1182 1787 296 1991 2280 252 138 1612 1843 1465 1852 1475 2279 1741 2173 408 1282 786 49 239 383 1303 504 2236 2429 31 534 1746 2715 726 2285 1109 2059 580 2091 53 999 2142 2693 2164 209 838 326 1503 1918 389 2799 525 2232 805 1829 92 2017 139 1568 758 1755 1662 936 1281 467 2119 2137 2765 840 1039 1761 1929 245 587 1024 113 314 1021 799 484 1875 1655 2674 456 1781 1317 2698
000279.jpg,2252 1791 1583 2349 998 567 118 2792 2416 1651 1470 887 2682 2778 2658 311 2793 2065 2459 2488 1578 945 1531 639 36 1910 1210 975 1063 2843 1920 72 760 1368 2249 2274 808 1271 2083 7 2328 2647 1396 2098 2452 151 1566 355 748 1667 755 401 337 1201 1872 1105 2711 875 1826 2431 1628 813 1977 1367 1854 2491 816 1089 1215 819 517 523 1638 1729 671 841 2055 2829 1370 1179 866 930 982 2666 1052 650 99 579 1244 1163 2028 516 1431 2595 595 1504 1790 680 301 1154
000280.jpg,1662 1475 525 1048 653 2765 2429 782 1967 2632 2311 2316 1774 113 1018 478 1875 2531 1274 390 108 2164 1008 1050 1220 1829 1435 471 1438 1024 1500 2407 840 753 534 726 467 1127 2091 2774 1039 1635 245 806 2398 1715 200 1780 33 2301 1941 858 2687 2565 1275 822 625 628 239 89 1598 1248 2137 131 1563 799 2467 449 2236 31 679 1461 580 53 268 999 2279 484 92 2634 452 838 2059 2770 2173 771 314 2715 1843 1216 1692 2693 2611 1505 1164 2322 2280 1741 1481 1503
000281.jpg,37 459 1763 2218 2353 1694 2136 586 2404 1232 122 2268 1744 1173 1995 650 1504 990 1235 297 2666 1090 2823 2361 443 502 2726 703 922 2083 1484 284 2003 585 1605 2589 1910 1963 2325 1150 2474 745 2167 2067 1616 2535 1939 1891 2464 325 752 2162 1288 1474 1539 2725 1661 2141 755 2115 1436 2222 2779 233 1386 2595 2448 924 2400 1703 521 1723 2654 2355 2502 1515 5 1889 1907 516 1766 1882 115 1363 853 103 38 244 609 2619 1817 2457 222 1323 347 1487 2366 2468 957 2617
000282.jpg,2713 2433 2376 1490 1453 2294 2545 1986 2034 1825 1056 2207 1940 1860 201 1055 2728 2309 725 2023 747 1901 1584 2556 2272 1796 59 2826 1223 260 563 657 2767 1123 743 1878 2088 134 659 1569 100 2721 64 562 2755 1658 715 2435 494 1640 299 165 2291 1874 2076 2708 2558 2326 439 48 2078 1096 51 137 1899 2833 1271 2135 1636 1316 2057 733 2628 2139 2248 899 1305 1944 866 2092 146 2486 1919 155 686 1307 1076 982 677 2650 1463 2100 2813 305 1381 559 1054 680 1212 2036
000283.jpg,1651 2328 1179 1977 2682 1470 887 2491 311 945 1578 819 1210 639 1367 1667 1920 2647 1368 1566 2488 2459 1239 595 875 823 982 808 2252 2349 2225 2045 567 2587 763 208 2793 1865 460 1583 2431 1145 399 2065 2775 1791 2416 1510 998 118 1415 1790 2658 2156 2642 2792 174 2750 1321 1052 1098 1337 2778 427 1063 836 1806 1854 1531 1933 2470 2575 1425 2636 1201 1826 1271 1449 151 36 1286 7 2645 571 1638 2450 523 56 1736 2042 2071 391 2083 2507 1262 1910 513 1071 1844 997
000284.jpg,1147 1450 1678 407 830 1620 1421 1824 551 2266 603 1120 2518 2275 196 2718 1732 2704 872 2820 2371 2158 667 342 1093 2776 2548 222 226 428 2783 2210 1365 1863 490 2125 1696 476 2273 669 2838 820 2520 2374 1509 2514 2422 956 353 1204 2526 2582 1665 2032 1189 2220 1071 2523 1084 2453 1792 482 34 1947 2475 1347 1931 370 1820 2572 1772 1805 1375 450 939 775 914 133 2209 759 2047 1380 1247 522 2184 2748 1351 1088 1493 2247 1625 2643 546 812 35 106 1534 874 1227 2242
000285.jpg,835 702 848 1830 1845 903 768 688 1254 2624 126 1608 2601 1908 578 2276 931 1114 1340 2471 250 65 1512 1107 1186 1310 1323 1821 103 2388 1720 1391 1413 2314 1304 1073 1767 1235 1357 502 1633 60 2653 1120 1610 2275 2518 2288 990 39 424 2497 2787 297 824 19 1620 926 75 1732 603 1818 2204 2114 2644 2112 940 992 2542 564 2051 845 581 1015 2054 448 198 1245 2281 312 1180 1849 1786 1103 230 1801 1605 1999 350 2563 2180 2046 1106 2277 1192 2547 1661 409 851 632
000286.jpg,1411 2584 349 1433 312 4 1815 668 1122 2440 1408 619 1694 1302 1146 2789 2616 1545 741 1338 1752 2455 1305 2138 2389 2832 2445 2100 1684 85 1153 1156 556 950 1009 2308 271 2576 939 2704 1202 1939 1737 987 2343 1873 837 1624 1386 573 2063 1926 1942 2484 2610 1102 2712 877 2367 1622 1060 552 1294 787 1630 2411 1520 273 2270 1934 2246 2092 521 705 2801 665 846 2501 1095 2265 1544 2731 2534 969 1201 635 1360 638 1663 2833 1549 317 2298 1187 2635 12 810 17 238 461
000287.jpg,1849 1722 2495 1867 707 44 2021 19 1231 2260 76 824 1197 1383 80 1296 2533 230 29 926 218 1476 614 940 2190 2745 2202 1818 1180 16 119 1103 424 1838 1149 1447 1914 2172 2542 2673 683 286 1116 2112 983 88 1714 1004 1224 1999 75 2320 2114 2547 2235 2787 739 1713 1353 1728 2277 60 2281 1265 1693 2381 2756 832 1760 2180 2540 251 989 1743 215 1434 2437 564 1427 1883 1092 2644 395 2497 1900 436 1176 1801 737 1593 1300 1773 1786 1304 95 1795 1361 1394 132 581
000288.jpg,1083 689 493 2522 548 1064 6 1856 1930 2831 45 2386 2056 1251 1204 1421 1364 1365 2441 133 2582 832 1792 2039 280 1580 2111 2374 407 2356 1887 210 2123 57 1665 310 1785 2418 2827 2659 2125 857 2672 746 1348 934 2050 1861 1434 228 472 1590 546 777 2247 1019 2332 1947 2198 2649 1229 704 1347 421 1292 2434 1120 1535 2456 1193 2785 480 294 1343 1758 179 150 1914 1772 212 2581 1346 450 1298 925 2548 1561 247 793 303 2493 482 656 1575 2016 2585 723 663 960 582
000289.jpg,1944 1569 2741 100 2135 165 2558 1899 899 137 1212 494 2057 2580 2291 1606 1130 146 574 1640 2435 2506 1463 647 2639 2683 2248 1223 1935 2766 1874 1646 1134 725 2813 48 2842 2511 1547 246 204 686 2068 2825 659 64 1096 2628 2721 715 1416 1452 439 2728 1055 51 447 305 2309 1901 2207 1825 562 1940 79 1860 1658 2826 2815 1261 2305 2439 2294 1986 260 2713 2376 1636 1051 1948 329 804 2352 948 1453 1679 169 1218 201 1965 2581 1617 2088 1490 1422 1544 2650 1038 1381 1782
000290.jpg,482 762 5 1515 84 98 353 1949 2734 2165 776 370 2152 2427 1189 2047 2355 2474 2210 2593 850 1616 1762 1066 1371 323 2032 941 285 1541 244 2115 2457 1272 1144 1504 1226 1221 307 2520 2086 546 772 820 724 1744 1911 2502 13 1882 828 474 1267 582 1824 2291 1603 2726 574 1817 377 494 1768 2572 339 136 104 985 2761 1286 2623 6 1835 2512 297 1477 509 650 1071 502 2439 1170 1012 1083 944 270 973 750 2421 1219 37 1433 1323 1700 2506 939 2387 2727 1201 915
000291.jpg,165 1899 2558 494 2741 2057 2135 100 1569 2291 1130 899 137 146 2506 1212 1944 647 2639 2683 1646 574 1606 2435 2248 1463 2580 1640 1874 1223 1935 2813 1134 725 246 1547 2825 2842 48 2511 2766 1096 204 686 2628 659 64 2421 2728 1055 439 1416 2068 2207 2721 1825 1940 1038 715 447 51 329 804 2713 1658 2294 1986 1636 305 948 1860 562 1901 2309 2767 1948 1041 155 1452 2439 1490 2376 79 2433 1649 201 2305 2184 362 1965 1056 1453 422 134 1841 2581 1381 169 260 1679
000292.jpg,1294 810 2271 71 638 787 2619 352 958 1939 2481 1446 1514 537 2226 1630 665 955 1694 1539 30 1215 2770 1607 1360 1098 1445 317 2156 276 698 571 1321 1729 20 1305 167 1044 2616 2529 2246 1456 1069 897 1349 2750 1284 1341 2083 1790 813 630 1865 1063 309 1546 2256 220 454 2065 763 1217 243 935 834 1140 2450 2222 2342 1258 2225 718 333 856 56 532 1531 2833 1736 273 2645 2385 2823 969 697 1727 2096 2555 1065 2778 671 115 2432 2028 1995 143 2249 38 2201 2097
000293.jpg,1469 213 376 2317 2408 1447 16 2143 24 2756 1728 2320 754 2277 1847 2295 44 558 1149 2024 1265 135 2430 2413 634 2638 1448 426 2066 757 2533 1019 1213 2615 1478 577 1533 1389 29 63 1996 2354 1269 1483 520 1166 1561 232 2021 2022 545 1513 1945 2260 304 1161 1137 2113 1333 2178 1091 614 2785 1244 777 293 783 752 2409 1296 1785 761 341 1535 2555 1749 1597 1898 1343 1804 861 1283 1727 2422 949 695 184 8 328 516 2807 2737 2403 1093 1228 119 1108 1318 1176 609
000294.jpg,2365 849 2716 2819 81 1419 2052 2071 505 1003 1455 2105 1516 1454 538 1441 1546 1894 843 2265 2183 316 2681 2689 1873 2764 1974 2594 877 552 2306 937 670 307 2199 890 1164 2181 2822 1156 1201 2500 152 1461 2191 1135 2341 553 2597 649 2070 537 1555 507 618 523 2789 1187 1395 2237 253 1543 192 2576 705 1131 1332 1885 180 2177 740 1317 2552 271 872 1579 841 610 2473 2370 120 175 68 2061 1650 2396 963 336 162 2592 1921 2519 602 1917 2151 1794 2445 1379 648 338
000295.jpg,2471 2601 1908 103 1323 688 502 990 848 1830 1845 297 702 768 903 1235 835 284 2218 2624 126 1608 1504 578 2276 1254 1114 931 1340 2054 250 1391 2787 1186 1310 2518 1413 1107 65 1512 1073 2388 1821 5 2502 1720 1620 1436 1120 2114 2314 293 2275 581 2152 2046 1767 845 37 1450 1361 1807 1515 1559 603 1295 1661 215 1869 992 1605 985 2656 1106 1451 2355 650 737 2187 2241 2653 392 724 940 2149 496 2667 1012 2167 830 602 684 1817 2047 531 521 1285 922 19 2457
000296.jpg,1239 1567 1237 1981 1879 446 1017 1604 1384 595 1518 1290 2596 530 1367 1002 1301 2660 966 2049 631 921 1058 1566 2491 1210 2064 2140 2796 1145 208 908 311 2010 2587 2328 1368 823 451 1904 1065 2507 1742 1179 1977 2224 2786 460 320 394 1495 2488 868 427 662 918 979 1174 2459 607 875 1621 2227 554 1909 2775 700 708 2045 1613 1913 1510 2006 124 399 1491 982 997 2458 1119 2668 340 176 1676 1890 2682 996 2530 2392 887 1415 1562 763 2156 174 1865 2257 1920 2793 571
000297.jpg,2538 2840 259 188 1983 1870 197 611 1319 2161 1656 2454 550 1926 817 445 2817 626 2241 1102 26 1045 712 518 2375 2790 1422 735 547 348 1737 2769 1369 440 925 221 433 2574 1752 1624 2515 2649 1644 663 1146 1386 1190 2424 1840 283 2050 1407 2544 1202 1338 1934 489 4 2289 179 635 1067 480 977 1617 1172 2148 2367 1328 1710 2419 943 2189 2082 1623 2652 556 559 2400 1208 606 1148 2084 85 1092 168 987 1437 1704 1486 978 900 2270 950 613 1650 2088 2325 524 463
000298.jpg,536 2090 1588 1132 569 121 193 988 1553 1430 2333 2117 1431 1065 144 36 1699 142 1621 1888 1492 429 1562 680 866 2786 554 2668 733 868 1890 1033 2078 2227 1089 555 2658 2743 979 289 1393 2029 916 666 1268 2773 517 427 1145 412 256 340 691 176 2428 2770 1790 1100 500 332 2452 2010 1085 1256 227 2446 1802 2775 1880 2711 1404 415 1583 1638 27 2573 1740 1271 1910 1793 1854 577 1736 2224 460 1806 516 1924 2256 320 301 761 571 1321 1341 2009 1140 1299 2108 1021
000299.jpg,2044 2411 2501 2528 1190 1934 2515 1644 2517 2832 2400 1270 2574 556 85 1666 1549 2270 987 1102 1624 2817 1656 992 817 2325 1926 2003 2424 2790 1674 1122 188 312 1162 2534 2709 1983 547 1319 479 197 1484 1338 1092 221 409 2524 1586 2375 497 2082 259 1118 1407 2797 741 611 1710 463 2391 317 2544 2840 713 2300 1411 703 943 2133 1661 1552 1173 2367 635 1600 1957 1202 2397 932 2836 386 1650 831 738 1782 1993 626 155 2046 718 226 1886 1342 606 2455 1278 904 2214 349
000300.jpg,2801 2486 1545 642 1095 1622 846 2100 2343 2253 2610 1338 600 659 166 1799 817 1650 2817 1926 2255 1101 1624 1409 1305 1810 2509 619 1656 202 1102 1644 556 2790 2212 1327 67 722 197 2616 2308 1075 2738 1407 626 1319 1698 1815 1172 2789 221 2375 79 1441 1202 1122 349 950 2538 1411 2584 2665 2712 2367 733 2338 866 391 741 987 1994 172 85 2638 2840 550 712 2068 1328 1870 611 627 1155 645 2473 1358 2200 2011 1737 635 1045 2722 1067 1278 943 524 2157 1663 1983 623
000301.jpg,2064 2049 530 921 1518 1290 1604 446 1237 1981 1384 1567 1017 1879 1301 1742 1058 2140 2796 451 2596 908 631 966 2660 1002 662 1613 607 1909 394 2257 2282 2392 1119 918 708 2093 700 1491 1978 124 2357 996 2530 1554 2658 243 1906 612 2458 1495 2793 1370 1992 415 2696 1065 823 487 571 1673 709 1808 121 2543 345 288 1211 320 2117 1388 1587 2156 1564 2163 172 1800 942 2219 1779 2310 434 2085 1210 1645 1431 2010 2452 2262 2131 1442 1621 867 2722 2416 173 1385 2747 311
000302.jpg,551 2266 342 2776 1509 667 2371 428 2158 1078 2094 222 160 1863 1530 226 1088 407 1550 1625 2067 2595 1931 1826 2526 1188 147 127 1373 641 2771 2220 1910 344 2109 476 1227 669 1059 1450 1025 2717 1330 255 1421 2740 2089 1093 1279 1355 1167 1602 1589 1735 214 759 2083 1898 2041 1375 1324 1953 2348 956 1084 585 2468 2422 1696 2643 2783 2431 687 34 630 2079 2470 1963 22 2197 2060 1365 872 2523 2071 1862 1337 262 1277 744 2548 986 2662 189 537 1140 1214 1147 1524 1913
000303.jpg,1096 1416 2628 64 439 48 574 568 1569 100 1640 1948 899 1658 1636 1444 1899 2439 772 2352 1649 2767 51 2721 1054 2815 2741 1041 155 2291 715 1223 1965 2135 1218 1463 2057 165 494 1212 2558 1051 137 305 2298 1944 1381 562 1544 1606 1130 647 146 2506 2639 1782 2683 266 1684 2580 2435 1134 1840 1261 1993 1935 947 2248 2836 1038 2421 168 169 2069 1874 2477 645 2813 1860 140 2011 246 2650 194 2713 231 1663 657 1986 1868 826 2825 370 1189 1547 1679 1255 725 1452 659
000304.jpg,2677 281 1219 1263 896 629 915 413 128 1501 944 1817 224 136 2483 1902 1366 372 2460 557 2256 1700 1750 640 854 115 2147 2108 2812 299 1440 2001 275 2362 1113 1744 2691 1754 1285 488 796 973 2598 1480 1835 1599 1439 2363 38 676 2185 879 2599 298 1816 2593 1995 13 1711 392 496 2828 156 276 672 1591 461 386 327 1462 1118 164 1882 2389 543 1822 531 1344 9 1077 790 2074 1143 1412 73 2443 660 2671 2132 361 2268 546 1819 2502 515 1872 2152 1240 1864 650
000305.jpg,2094 1078 160 2595 127 1530 1910 1550 1826 147 2083 2067 897 2293 344 1324 585 2037 1892 1771 1445 1677 2625 1279 1140 571 630 1129 1998 2156 2567 2404 1321 56 1098 2450 1736 2013 1907 2150 116 1963 1791 2342 2823 551 671 537 255 577 1280 2750 1201 1858 391 2197 1514 1214 624 1044 957 1025 342 2776 1939 1889 1546 2002 752 1337 1766 2550 71 744 1258 1621 2725 1806 2163 2466 2089 30 2371 1216 1924 2333 2079 1349 2372 428 1084 667 229 141 453 2448 2578 2266 1330 908
000306.jpg,1476 2202 2745 2190 88 1914 76 2495 230 1103 983 119 2547 1999 80 132 1383 1176 1693 824 1231 1743 695 832 926 1296 1197 1092 1856 596 1849 95 1773 215 1722 2180 499 2111 2260 1867 2827 1818 310 44 19 1838 576 777 2021 1434 1180 1224 617 2656 1265 218 60 2542 1116 1713 683 1714 632 940 707 737 16 2112 1900 2172 2441 564 2673 436 851 2114 1786 1304 1004 1795 293 1073 29 34 286 341 2277 2787 1785 1482 2381 989 614 1971 2281 581 2422 47 1712 2533
000307.jpg,1753 1125 1842 18 2777 2772 1834 2015 1252 70 2077 2478 2490 2510 431 2561 1390 1557 951 2818 2000 601 1035 2663 1642 2 1759 2757 1839 2667 2622 315 1460 1559 1165 2161 2302 850 1908 1504 990 2471 1958 297 369 1340 502 1391 284 2601 2355 1869 26 860 433 103 282 1480 250 1012 5 2054 1186 2315 44 1608 2454 767 2276 1106 688 1459 522 1870 2218 1357 269 895 929 254 2388 2127 1075 1548 1809 469 83 2289 1323 1202 191 578 2624 2241 249 378 1489 145 381 2653
000308.jpg,2486 2801 1545 642 1095 846 1622 2100 2343 2253 2610 524 1172 659 166 1338 463 1624 970 1644 2564 1151 2212 1327 1799 2255 635 556 977 1650 2397 2200 1409 600 2817 1407 2308 2738 2312 619 943 1710 817 1148 2712 2189 1468 978 12 550 2375 1994 626 1926 1698 1369 1045 197 518 221 2117 1441 2509 988 2638 2338 2789 1101 1810 2241 712 925 652 1431 2649 2148 1328 391 2305 1201 480 1136 184 51 1437 920 1386 541 2840 1950 195 917 1790 1102 2073 1640 2326 663 1722 1867
000309.jpg,1939 1607 2619 955 1694 1341 1294 1069 2481 630 2758 787 665 2226 698 1446 810 638 2271 958 352 30 1514 71 1539 537 1630 2616 924 317 20 2222 969 839 2829 2136 1270 167 2811 2138 1215 1729 454 177 697 1360 1763 1445 2529 2823 718 932 276 1044 1521 2249 1150 761 2104 1349 2122 1411 1305 233 1440 2584 273 2361 834 1049 2246 143 2524 85 1456 2517 1284 1140 1258 1112 1555 1162 1242 147 1244 741 222 551 1474 2717 745 1727 667 2189 342 2371 2055 533 2513 1979
000310.jpg,348 26 925 1369 1869 378 1195 480 2649 712 1045 960 1870 1594 2454 2229 2204 2050 549 2241 704 242 404 2621 663 179 1609 2667 2130 87 2033 550 751 1772 917 590 902 765 2329 303 32 450 1915 2538 2493 2123 2563 1959 2198 2701 2211 294 321 2039 539 2804 2240 2769 83 1590 1748 993 282 1580 1887 2004 689 2129 187 280 1348 469 1930 170 1014 35 735 1410 1459 57 2418 158 1169 421 2020 2356 1377 779 2324 934 812 2159 1943 895 2360 920 379 2752 2234 1809
000311.jpg,2391 386 2517 1549 2001 2797 796 372 2363 2460 1440 143 1684 1480 557 2844 2598 2228 1366 1816 879 863 276 264 28 1868 1586 2524 2389 140 790 1501 915 992 1680 128 1754 224 2529 413 944 1982 718 2400 299 1122 2298 2436 497 1344 640 2412 454 2677 13 854 136 2622 2185 711 1118 2691 1219 1661 991 1902 896 1202 969 2046 2671 629 2138 1948 2484 2104 1284 1456 2139 1272 2318 1557 2541 1521 2455 839 850 1242 1335 1390 1817 2731 503 2633 339 1548 1312 2710 1700 1958
000312.jpg,1476 2202 2745 2190 1914 88 76 2495 230 1103 983 119 80 2547 1383 824 1999 1231 132 1176 1693 1296 926 1743 1197 832 1092 695 1849 1856 2260 1722 596 95 1867 2180 44 1773 19 1838 1818 215 1224 2021 1180 2111 499 1116 218 1713 777 683 1714 310 2827 1265 2542 60 1434 576 617 707 940 2172 29 16 2673 2112 851 564 1900 286 632 737 1004 1304 2441 2656 2114 2533 2281 1795 1073 293 341 436 1960 2787 1786 424 2381 1536 2277 47 989 2785 1203 40 2437 636
000313.jpg,100 1569 1899 2741 165 899 2558 2135 494 137 1212 2057 1944 2291 1130 574 146 1640 2506 647 2639 2683 1606 1463 2435 1646 2580 2248 1223 1935 1874 48 1134 1096 2813 246 2628 64 1416 2825 439 1547 2511 725 2842 2766 204 2421 51 686 1038 2721 715 659 1948 2068 1636 447 1658 305 1055 2207 562 568 2728 1825 329 1649 1940 804 2305 155 948 2713 2439 1444 2767 1381 1986 1782 169 1041 1126 2736 1054 2294 1185 79 1777 1860 1679 2815 1452 1544 1218 1056 2376 2309 1901 2352
000314.jpg,84 1949 1371 353 2520 2210 941 2457 370 776 98 820 1189 5 1515 196 2047 2474 2032 2152 1541 2514 2623 2421 2572 1824 2475 2165 1911 724 2378 323 828 1380 244 1616 1066 2820 985 1603 1170 377 509 2387 2263 750 106 850 1352 2115 1144 334 995 2734 1226 2355 2502 546 1820 2593 1525 1221 285 1882 1696 1322 2678 2578 905 1084 2463 1038 474 676 1726 2729 2086 1272 896 1450 281 270 1477 909 844 476 398 669 2273 2761 853 956 1605 13 482 2448 2410 1646 582 973
000315.jpg,832 1434 1786 1773 1795 182 1999 954 149 1971 1685 1257 1004 2112 1103 1176 1693 983 1785 1712 1743 2542 940 2190 1180 1914 132 2202 2745 695 76 1760 1476 88 119 617 2547 926 1818 596 1346 2656 1856 310 230 95 2827 1116 1224 1838 1714 19 1713 564 424 2281 1197 1106 2700 614 1120 2016 75 2111 215 683 658 777 2149 1867 737 2497 1298 499 2673 1559 1883 2441 198 902 1849 1722 1483 1836 1535 1593 63 2787 2518 1343 925 291 364 80 739 378 1019 2785 824 1561
000316.jpg,1083 2522 1064 45 2386 2056 2831 1251 1364 689 1856 6 2761 2048 644 493 2442 270 2562 2116 1768 2571 2720 548 1204 1930 762 1421 546 2273 2441 582 2111 592 1365 2582 407 2827 133 1802 832 2374 2209 310 88 661 1476 2261 1792 2125 1536 1120 482 777 2745 2202 40 1914 2718 57 1318 1772 2168 2383 1176 1665 34 1960 2807 106 1434 450 132 636 2427 1347 2586 1580 187 857 1147 2123 2039 280 851 1861 1927 2783 2678 1785 1013 212 1824 294 695 32 2190 303 2356 736
000317.jpg,348 26 1870 925 1369 1045 712 2241 2454 2649 2050 480 550 663 1869 378 1195 2538 179 2130 2769 735 2667 2204 1594 549 242 518 960 404 704 1609 1590 2229 158 2123 751 2033 282 902 590 2329 2493 87 917 2621 765 2324 1887 2563 2672 2701 32 421 779 2039 14 2211 993 2284 895 1930 57 493 2434 321 2004 1014 373 1861 83 469 1772 1959 2129 1580 1459 93 280 1348 1836 2356 857 934 929 2581 689 2659 228 869 920 66 1943 2418 652 1805 1575 1574 2695 2161
000318.jpg,1944 686 2248 2813 2558 165 2135 2435 2741 1899 1212 899 137 1569 100 494 2057 1130 2580 146 1606 2291 2506 647 2639 2683 1463 1223 2766 1640 574 1874 1134 1935 725 1547 2842 447 2511 246 2825 204 1646 2068 948 659 48 2207 1825 1055 2728 692 1940 2292 2294 1452 1986 329 2721 2713 804 64 1096 2258 2309 1937 2305 1901 715 79 2382 51 493 439 260 362 2286 305 2393 1962 2004 1076 1841 1464 1056 982 2376 689 562 2088 1126 2650 2826 422 1453 2433 2326 1083 2225 1416
000319.jpg,199 681 878 292 2451 21 302 78 2078 2384 2423 2755 893 289 1053 2559 528 2618 1442 1969 1585 248 25 1209 1325 1511 1526 2302 1165 579 1398 2575 773 406 191 2516 2723 2145 2102 114 1424 1020 855 1707 1992 743 94 1138 742 492 519 1784 1385 2134 1731 151 1645 694 1154 1271 2763 2560 1241 1779 2568 2108 1660 1816 747 866 1354 952 1581 1366 1412 733 1740 1770 2483 919 2373 1007 841 62 1480 2045 1681 2026 322 1492 2272 1886 1705 1311 1721 361 81 1982 1379 487
000320.jpg,2502 2152 2355 5 13 2593 1674 1605 850 1219 640 281 629 1272 2677 915 944 650 2147 1515 676 1501 128 2483 413 1267 865 1263 84 224 136 941 1817 496 1366 1352 896 2691 323 339 854 985 2362 2666 1902 1700 2001 2460 1750 2734 557 844 488 2443 2624 660 2389 372 862 973 796 2828 672 1751 1440 9 2256 1864 1152 1036 299 543 1285 1819 1504 1762 318 2457 531 1114 2165 1949 1570 392 1439 713 781 933 2367 1519 265 1426 1423 2334 380 39 1754 2820 1711 75
000321.jpg,2705 2058 300 2160 43 621 2760 2182 2608 236 183 189 1032 171 2079 2060 1199 2476 565 2688 2081 2197 861 1560 1277 387 1458 959 2313 609 1933 509 229 744 506 1337 957 1596 971 398 2503 1013 255 2498 1797 836 106 1889 2141 732 1330 181 1336 1907 2555 1727 1108 620 1766 2425 807 2645 214 856 1858 2725 333 2348 1171 2464 22 2089 2096 1214 1866 829 1927 1283 1084 2404 96 1632 309 1625 894 2153 2554 935 1315 909 2751 815 419 1749 2567 1436 1643 1217 1044 2109
000322.jpg,2246 1360 1349 17 1630 1112 1 573 1520 403 2063 1159 1258 1546 1652 2385 888 2727 2717 537 71 958 797 262 2445 2731 2175 2541 638 2271 961 2648 307 2716 2466 1648 787 2298 810 2372 2710 1446 1472 2300 2588 1942 969 317 352 2704 271 2811 1433 1516 1187 665 2406 2440 1408 2481 2822 1698 2619 2781 1294 2071 2473 741 1201 195 2513 2223 649 1939 1441 1242 1291 2365 891 2338 30 1618 2104 1729 1715 2635 2412 939 2834 2339 1455 273 349 1607 1156 2231 685 1238 234 1215
000323.jpg,1083 689 493 6 548 2522 1064 2386 1204 45 2056 1930 1251 2831 1364 1365 1856 1421 2582 2374 133 1792 1665 407 2125 546 2039 2562 582 472 57 280 1580 2442 2441 2356 1347 210 1947 1861 644 1887 2111 2123 2048 270 2418 482 934 2761 857 2838 2571 746 2247 1348 2659 762 2116 2827 2209 2548 228 2585 247 150 1147 421 1229 2456 1768 106 2672 2740 1359 793 2720 2198 310 1292 663 1193 2581 212 2586 294 2332 2273 1758 661 832 2050 480 1696 2434 859 570 2427 2168 1375
000324.jpg,1019 63 1785 1389 1298 1483 2022 2066 1213 1333 545 2016 2113 1561 304 1689 634 1228 2178 1447 2546 1631 1115 393 499 1137 1685 291 832 1749 1244 1434 1883 2430 376 2136 1087 617 24 485 182 954 149 2143 251 727 1300 2112 1773 658 1971 714 1004 1999 184 1334 1257 1175 1786 1207 1487 1712 2072 898 940 2700 1928 2638 576 1083 1180 529 1558 2542 1353 2547 1533 1106 1467 1451 1103 2323 1427 869 1346 2176 2024 2604 2361 395 1224 1713 2644 736 746 247 397 2408 728 2149
000325.jpg,1994 1409 1201 619 2308 2338 2712 195 2253 521 1826 2616 2189 741 1363 1910 2595 2372 2610 2094 147 2550 1650 1694 2486 1095 166 516 2255 846 752 642 2445 2738 2404 1698 665 1101 2481 1294 1078 1530 160 2801 1446 961 1939 2269 2083 577 1441 935 412 1703 1338 1763 2271 787 2100 1630 1288 2727 180 2343 1299 2466 1168 2216 1433 2353 1520 2223 1550 2212 1327 1090 630 810 1514 638 1445 2226 335 637 1411 1942 744 1507 1324 30 2823 650 127 1021 1487 1727 2079 1907 1104 2666
000326.jpg,813 1528 243 1554 2097 2778 1025 1063 1531 1769 1370 748 2310 930 1105 1865 1396 710 512 1211 1906 1750 2026 54 566 1893 1978 50 515 2093 2042 763 1031 1425 2225 355 966 2304 607 2257 982 1705 1890 1579 868 1239 2459 2098 311 595 1154 1384 2600 1367 2357 2369 928 2045 1210 2782 532 156 919 320 2028 2577 2065 571 164 671 2660 492 414 2085 942 1305 2543 2723 2488 2587 460 1354 554 115 2328 2364 2108 852 841 2655 1566 2156 952 114 434 427 1065 1256 1673 2770
000327.jpg,1475 1662 653 525 2765 1048 2429 1829 2316 1875 1774 2311 1274 113 2531 2632 478 1127 2164 108 1024 1967 840 467 534 1500 2091 726 1780 2565 1435 1008 1039 1220 806 2236 799 200 471 753 2407 1438 2279 245 92 2687 1050 782 89 33 239 131 1941 452 390 822 858 2398 2301 53 2137 1275 628 268 2774 1248 625 1843 449 2173 1563 1598 31 2467 1018 2285 2280 504 484 1481 2059 679 1062 2634 2142 580 2715 838 2693 129 1505 495 1741 2611 2698 1635 1011 1503 314 501
000328.jpg,1411 312 2584 349 650 2666 1433 619 2650 668 37 1694 1122 1605 459 657 2712 1314 2308 1815 1302 1955 1338 2789 2034 2502 59 1995 79 2265 2440 2455 2138 4 1408 2256 497 2361 2832 2545 1586 2484 299 2389 1156 38 1305 686 1153 2391 2046 1545 2152 2738 2268 166 264 2185 1363 115 500 392 2068 2661 2665 827 992 122 2616 2139 919 400 1095 1201 1354 677 1009 1891 1698 1557 2654 1622 2614 1799 67 496 2435 2833 309 2100 1390 586 1146 602 1069 871 1607 447 987 1474
000329.jpg,1557 1390 2622 2757 1759 767 2702 860 2315 1548 2685 1980 1701 1489 769 258 1895 1417 315 1480 1387 1788 2482 277 1682 770 161 1816 369 1976 1165 1753 2532 1479 1125 1320 2772 2289 2015 1504 1252 2302 18 1366 191 1842 380 2777 269 1834 372 1872 70 2077 2478 2 760 431 433 601 78 461 2389 2663 302 2510 2304 2598 1460 292 168 2650 9 1285 1599 2363 923 901 1496 69 2001 816 619 2308 893 361 273 1579 1710 2484 2074 2161 1989 950 1815 515 1362 1202 2614 568
000330.jpg,1453 1490 2376 2433 1860 2713 201 2556 2309 747 1901 2272 2294 2728 2207 1825 1055 1986 1316 725 1940 1496 1056 260 1948 2826 2767 2496 2686 563 1443 1747 889 1833 2088 1796 1938 494 134 1958 2057 1416 2076 2291 1636 1519 1649 1123 1041 1223 559 1658 1899 155 2741 165 1096 2419 2721 137 100 1874 1965 950 659 2815 146 1752 1208 2558 1307 2628 64 2135 140 574 422 1569 1452 1267 2001 715 1130 2362 2836 796 2506 1051 804 2352 1212 13 2545 48 329 1878 2580 2443 2439 1218
000331.jpg,1656 2790 1102 2817 817 197 1624 221 1926 2375 1644 433 1407 2289 626 2161 1319 168 2840 1202 1338 2538 635 943 231 2367 556 1146 1710 611 1067 2312 1101 188 1704 1799 1737 1752 1545 2389 950 2270 2082 1650 2610 2484 1405 987 2528 4 1386 1934 85 1172 2411 547 283 2300 1622 2801 1663 712 445 550 2486 1270 2241 463 1589 900 2133 1437 1122 2501 1468 1552 1444 1983 642 1422 2652 977 2454 259 2100 659 1993 2400 1045 2148 613 2412 2012 645 826 1788 1095 2515 2781 2063
000332.jpg,1453 2376 1490 1860 201 2433 2309 2713 1901 2556 2294 747 2272 1986 2826 1825 2207 260 1056 1055 2728 1940 725 563 1796 1316 2088 2767 1948 1496 1123 1878 2545 134 2076 1223 2721 2034 494 659 1636 1307 100 559 2291 715 2057 562 1649 1899 146 165 1569 137 1416 2135 155 1640 1874 1658 2558 305 2419 804 169 64 51 329 2815 1679 1096 2741 48 1130 899 2686 2628 1208 1212 1452 1076 2708 889 1944 2496 1958 2506 1777 2639 1486 1965 647 1782 1464 1381 900 1747 2836 2248 1443
000333.jpg,650 2666 1882 1616 1605 459 796 2353 37 2502 2691 98 2474 1835 1066 477 1226 2086 2268 1515 2361 2355 2115 474 1170 1144 2165 2460 2734 776 5 1232 448 1222 353 2152 479 1762 15 738 281 2363 1744 546 1189 104 1477 1272 276 285 2391 850 84 339 582 2593 275 386 2483 2677 13 1957 370 244 896 1911 1949 2001 781 1219 42 586 1344 372 865 488 2572 1962 973 272 1694 924 2654 2319 629 790 828 2214 1150 724 557 2623 941 1754 1960 831 323 574 844 143
000334.jpg,2044 2411 2501 2528 1190 1934 2517 2515 1644 2400 2832 1270 1549 85 556 1666 2574 2270 2325 2003 1162 987 992 1122 2391 1624 2524 2534 1102 479 2797 1484 817 1926 1674 2817 1656 2709 188 2424 1440 386 1586 312 1173 1319 2529 547 143 1684 1661 1338 497 1284 1118 409 1456 703 969 197 718 1710 2226 1411 2790 2082 20 2584 2840 2844 1344 317 1222 1782 738 1957 713 2836 932 2138 2133 1983 454 1993 839 2001 1539 2300 1600 238 611 352 2076 741 2455 645 155 1552 2217 831
000335.jpg,1703 1288 2816 922 2167 2617 2216 2171 2810 2043 637 2841 1697 1487 411 521 1139 1090 335 1363 1881 468 2706 2230 2591 2022 1244 1027 2353 2589 1389 1763 785 1052 8 727 233 2024 63 2657 1333 2449 938 2712 1250 2308 2066 1213 2445 1797 619 1019 2425 2475 2403 426 1702 181 213 995 1631 636 1583 2378 1221 2141 1820 1298 1785 620 582 2761 759 2261 285 1188 2807 724 1318 1153 545 609 1768 546 1882 284 2278 2048 2168 661 2688 297 956 1232 2572 1228 2643 829 2468 2405
000336.jpg,50 1893 54 2369 1031 710 2782 1750 392 2773 2108 2812 515 156 164 99 1579 9 2304 2341 519 660 1241 1154 2074 492 1770 1739 841 114 73 542 2577 2664 1686 2723 886 380 2256 361 1565 2147 1398 1647 1073 2061 1287 597 694 512 2026 2384 579 1293 332 1018 1211 923 2803 417 1097 115 2600 1599 760 2245 1972 2668 721 1562 253 2655 1240 1822 1000 1033 62 2402 2743 1366 27 566 1393 2098 2770 802 2488 1740 952 2459 975 1705 2259 2062 1673 355 360 1396 1784 78
000337.jpg,2691 781 973 298 1864 844 448 1263 796 2593 1515 1570 1819 1426 98 281 543 1402 1219 84 2443 1616 640 941 5 2355 2152 896 1519 2334 2147 1423 1949 2474 1700 1973 933 1152 2677 2165 660 672 13 1036 865 2828 2734 850 854 676 265 2132 2359 413 1902 2462 1641 907 117 2457 2502 2671 1817 2001 1198 2598 629 1066 2460 1654 318 1144 862 2115 128 1285 776 323 1366 1371 136 2154 1508 244 224 2436 1272 915 351 2363 1439 1225 9 791 1954 946 557 1668 2494 23
000338.jpg,1411 2584 349 1815 1545 312 1433 668 1122 4 1338 1622 2455 1799 619 2100 1146 1305 2138 2789 1752 1302 2343 741 2616 2801 846 2440 2389 2486 1095 642 1408 1926 1202 1694 1102 2817 1737 817 2790 1624 2484 950 2367 2610 600 1009 197 2832 1656 987 221 626 556 837 85 2139 299 2092 1060 1407 2375 1934 2411 264 2308 659 2253 2833 2501 1319 2607 2270 1644 2528 1684 2712 1698 231 635 1995 352 1386 1101 166 2840 115 2445 2300 2255 2633 1600 2063 67 1172 722 1067 497 38
000339.jpg,2015 1252 1834 18 1753 1125 1842 2777 2772 70 2077 2478 2490 1390 1557 2510 431 2561 1642 2818 951 2000 601 2667 502 297 990 1759 1035 2663 1504 2757 1908 284 2471 103 850 2601 2218 2 1958 2622 2161 2054 1323 5 2355 1391 250 1186 522 2493 1839 1340 1608 136 2152 2388 2171 1229 2276 126 2457 863 1272 1869 2502 1012 1196 1965 1661 254 381 895 1559 2047 531 860 375 13 1697 386 1310 1075 2043 650 2707 2810 578 845 2362 469 1236 2184 2127 1189 688 2128 1617 373
000340.jpg,1096 2628 64 1416 439 48 574 1640 1569 568 100 1658 1636 1444 1948 899 1649 2439 2767 155 1041 1899 1054 2352 51 2721 2815 1965 715 2741 2291 772 1218 2135 1223 165 305 1381 2057 494 1463 2558 1212 1051 562 137 1544 1782 1944 1840 1130 1993 146 1606 2506 2836 1860 647 2069 168 2639 266 2298 169 2683 2435 947 1261 1679 2580 645 1134 826 231 2248 1255 2309 1874 1684 2076 1935 563 134 2011 194 201 1901 986 2362 2713 2477 2707 2813 2088 2837 2376 2207 657 1825 260
000341.jpg,2011 645 1663 1218 1054 2707 2352 1444 947 169 1679 2837 1649 562 305 1623 1617 1993 48 1153 1782 51 2616 1544 231 715 2721 2439 2631 1255 1328 1261 439 155 1422 2767 64 1757 1381 1051 1650 1636 1416 986 1658 1640 2628 123 1067 1096 2836 1948 626 2815 826 266 611 2477 79 1600 882 2076 168 574 722 477 1965 1041 1799 2150 2801 2665 1737 2584 134 1569 613 950 238 2373 1549 2391 1603 283 2731 2185 1545 1445 1624 1202 1129 445 2367 817 30 718 2291 2037 659 2298
000342.jpg,348 26 1870 925 1369 1045 712 2454 2649 2241 2050 1869 550 2538 663 480 2769 378 735 179 1195 2667 2130 704 518 2229 2204 2123 158 242 1594 549 1590 1887 421 2039 2356 2493 87 960 857 1930 282 751 2672 1580 2033 993 902 404 280 590 57 2563 2161 493 689 2329 1861 1348 228 2659 83 1836 1609 917 1120 765 170 934 1772 1943 920 2324 895 32 2581 2198 514 1406 884 2284 1012 2418 1959 77 548 1950 2456 869 1229 1575 2694 1193 2157 93 2004 541 133 291
000343.jpg,37 1763 1694 2218 459 586 2136 1995 2361 1090 650 443 1232 1173 2666 924 1150 1605 2353 2268 922 122 1703 1487 1891 325 297 1288 745 1484 703 1504 2167 521 1939 1363 2589 2535 2654 8 1474 1069 2779 2617 284 1744 2502 2404 1471 761 1916 2308 2003 871 110 2216 637 1723 2726 953 115 2449 2325 1766 38 1386 1889 2222 990 335 1244 2481 411 2706 2043 2346 744 957 2758 2823 1514 1539 1294 1235 2725 2619 2366 2841 1616 1697 1027 2464 2829 2810 1006 619 2141 1910 701 502
000344.jpg,1391 1413 2314 578 1186 2276 1340 250 126 1310 2388 1107 1512 1608 65 1821 1720 1254 931 2624 2653 1114 1357 1767 1537 1235 688 2288 269 39 1905 684 2128 1884 1975 2497 2535 980 2671 862 1985 1304 2118 375 75 1014 2437 469 531 381 60 1922 1990 2494 2499 751 136 1459 564 1548 1751 1817 111 2124 2014 425 865 318 1285 854 933 1152 791 1192 306 2161 1997 2605 1073 14 2828 1680 404 2700 2563 361 615 1423 1036 2502 2355 672 198 2001 117 1609 1908 1700 488 2152
000345.jpg,1944 1569 100 2741 2135 2580 2558 165 899 1212 1899 137 494 1606 2057 2291 1463 1130 1640 146 2248 2506 574 2766 2435 647 2639 1935 2683 1223 1874 2842 1134 725 2813 204 2511 1547 2068 48 1646 686 659 1452 246 2825 2721 715 64 1901 2309 447 2628 2728 1825 2207 1055 1940 1096 51 439 1416 305 1261 562 2294 260 2826 2305 1860 1658 79 2439 2815 2419 2376 559 1051 1544 1986 2713 2581 2088 169 1453 1679 1617 1636 2352 1422 1381 613 201 2707 1193 140 1490 1218 2650 1965
000346.jpg,2001 2391 796 1549 2363 2797 386 2460 28 1680 372 557 1366 2228 413 128 2598 2517 224 1480 2691 915 1501 140 2677 629 1219 136 1902 1817 879 2389 1868 640 944 1754 281 854 2147 865 1816 276 772 1335 543 1700 1519 264 2443 1440 299 2483 2268 711 2599 2256 13 2671 1599 660 2436 2828 1285 2502 672 790 2484 238 992 461 1122 488 2844 1711 459 781 1537 143 896 1263 933 2355 2185 1423 2593 1118 2193 1284 1982 1416 98 9 1456 361 1661 2152 2362 1189 2779 448
000347.jpg,264 2797 299 2484 2139 1549 2092 1586 2185 2833 837 1009 497 2391 2389 2455 2844 1118 2228 992 38 1995 1202 115 657 2517 2046 1284 2367 28 1122 677 1456 2607 1815 2001 2138 2034 1312 2650 1605 166 650 2738 2400 1344 2502 1411 59 2256 1095 2545 276 871 122 1338 220 2666 2100 1661 1982 1073 2308 2529 372 386 619 2633 2817 238 1680 1514 1964 924 2300 2731 879 1067 197 224 1799 1480 488 2614 1101 1069 2460 1624 1143 846 2412 2622 1955 2361 1150 1622 1698 2253 2499 598
000348.jpg,2840 2538 259 188 611 1319 1983 1870 197 2161 445 626 1926 817 1656 550 2454 2241 2817 1737 1422 1045 1102 712 518 547 2790 26 440 735 2375 2769 348 283 1369 925 1840 221 1752 2574 2515 1386 1146 433 1617 1202 2424 1623 1190 1624 1644 1934 1328 2649 2084 663 489 1148 2050 2148 1407 900 1437 2367 4 1208 1067 559 1958 231 2544 1486 2419 1338 978 1663 556 2652 2707 987 168 2289 2837 977 1650 2189 635 134 2082 2325 1704 1092 826 613 2011 1993 645 2490 1710 179
000349.jpg,2756 2320 754 1728 1149 2533 1847 1513 1161 2021 1265 29 293 1178 240 483 1166 789 2784 135 558 328 2759 967 2504 2238 766 2579 1448 2413 2295 1672 1804 1996 1296 1469 1231 2615 2409 286 1091 2242 1447 1898 2422 2408 2354 2523 376 572 1683 2317 1427 1353 1535 2785 2540 16 1269 251 1883 1478 34 1383 777 1867 577 364 1300 520 1506 232 80 44 1093 213 1945 2260 2172 119 341 1561 2235 727 316 1928 1722 1849 2143 2566 101 1631 1230 1483 2277 218 310 215 2040 1900
000350.jpg,989 374 2381 803 2040 101 436 1361 1451 364 1900 737 341 581 251 215 2114 2540 1353 1427 1801 395 2644 293 529 2323 1798 2149 1334 2656 1106 1559 1883 962 2787 1300 1306 1951 1394 1175 2277 646 1230 2504 1197 1693 2759 304 2178 485 2546 2579 1483 1447 789 1115 572 766 1073 2113 1928 2238 328 1178 483 1513 1161 1213 393 2066 2784 1847 545 2542 1180 1743 1683 240 940 1004 1137 1818 2112 2242 2673 596 44 727 1773 564 1689 1091 2495 1176 824 926 1786 76 2422 1166
000351.jpg,2001 796 2363 2460 386 557 2391 2598 1480 1366 372 879 1816 128 413 790 276 2691 1754 224 2677 629 915 1501 1549 1219 1902 640 944 1982 136 281 2797 1817 1440 2517 854 2389 1680 2436 896 2483 28 1700 140 2147 488 543 1387 13 2443 1599 1868 2362 1263 1519 672 299 461 2268 2828 380 1398 2671 1285 2599 1711 361 1660 1521 9 1684 893 143 2622 1479 2256 2228 78 302 2318 865 1619 933 2844 1122 264 660 1320 2132 923 1548 1344 292 1835 69 1284 598 1456 2359
000352.jpg,1886 2078 866 733 317 1492 199 681 2411 2528 2501 1270 2044 2515 1305 1644 500 1190 1499 1934 85 2832 2045 1271 1102 414 2779 1624 528 2618 680 878 151 191 556 1053 1699 1750 2270 2559 352 2534 221 292 142 1338 1430 579 1284 2790 2755 78 987 1236 21 1407 1656 1150 2524 984 2451 115 743 25 635 315 1585 1122 1209 2384 73 943 1855 302 1553 2226 2568 2108 164 427 1165 2517 2364 2423 2208 391 802 1154 2222 156 2373 1241 312 2304 157 1268 219 1485 1676 492
000353.jpg,446 1981 1237 1567 1604 530 1518 2049 1290 921 2064 1017 1384 1879 1301 1058 2796 2140 1742 2596 631 908 451 2660 966 1002 662 1613 607 394 1909 2282 2392 918 708 700 1119 2257 1491 124 996 2530 1495 1676 2093 2010 2357 2458 1992 1978 1239 1065 415 1587 2543 2658 2117 1645 1800 487 773 709 651 1564 345 243 612 1385 2224 1731 942 1906 1313 1621 742 2145 172 288 1138 320 434 2085 1554 1431 2675 2219 1779 1388 2793 868 2262 2446 595 1721 406 2613 566 1145 2131 1007
000354.jpg,1545 2801 2486 659 642 1622 1095 846 2100 2343 1799 2253 600 2610 1452 817 166 2817 1338 722 1202 1926 1624 1422 950 1617 2011 51 715 2509 1810 1640 197 440 645 2367 1663 2255 2665 2721 1305 2790 2837 1102 169 562 1569 2616 2068 79 1679 1815 1381 100 1623 445 1782 231 1840 305 48 2840 221 2707 2389 2836 1650 64 168 626 2580 1658 1407 1328 2545 202 1416 2289 2713 1644 619 2352 2584 1656 1067 1218 1547 67 556 2212 1122 1101 134 1327 1146 2826 1319 2738 1054 2375
000355.jpg,1947 133 2374 1421 1792 2125 1365 548 150 1930 1204 407 2582 689 493 1665 1347 2247 2672 2838 6 2198 2820 57 1861 2548 280 2418 1580 934 472 1292 1229 1348 1234 1083 1859 2456 2740 106 2659 210 228 2585 170 1359 2209 1193 1575 723 1887 2356 2581 1375 1758 438 1551 874 2434 482 1121 82 2039 1377 1059 1735 1279 1696 247 514 2184 956 793 2783 656 212 522 1147 190 914 2206 756 1590 884 1493 746 2220 2493 1577 2643 759 859 1093 2468 2123 2526 2748 1558 421 2330
000356.jpg,338 2697 1110 749 1466 730 648 937 1634 2788 811 257 1174 2609 1913 2006 1379 2151 1498 1455 2492 774 800 821 673 2196 2243 1936 1094 2087 1068 2417 1850 1894 1670 1079 2519 678 1966 336 1527 535 1142 1040 2005 2377 605 112 610 1311 593 2830 2364 435 2290 1309 855 2095 365 1454 717 1573 881 1581 1133 2680 1516 2549 2071 2560 1794 248 2251 410 2730 538 872 2299 1020 1243 1424 870 434 1005 843 2809 544 1783 1968 2746 2219 1131 2473 1511 1238 253 2102 267 709 288
000357.jpg,2600 1320 770 1705 2085 942 2026 1681 566 487 512 1211 2543 2262 1770 852 2723 114 1682 1479 1718 1816 164 156 2045 2755 1980 2685 1241 1978 2423 515 1398 360 1366 361 1480 2618 9 2559 2134 1285 694 2373 528 1750 1209 62 1548 878 292 381 78 2097 893 1528 302 672 492 543 25 579 1579 186 1264 2108 886 1686 1599 417 597 2093 1154 681 660 854 2828 531 69 269 2315 1979 2443 199 2074 557 1906 2304 2363 1519 2460 2671 2379 2132 1585 1784 1700 2392 1418 2577
000358.jpg,1549 2797 1118 28 1143 2391 2228 1586 1680 992 264 2517 1335 497 299 772 2557 1122 2484 2139 711 238 2844 2046 1297 2001 2092 2833 2185 1822 2193 386 2044 2367 837 2812 1202 2389 1661 2053 479 1124 1009 1456 2528 1344 2460 2411 372 2455 1501 1366 1037 915 944 458 1284 2108 1480 2501 2062 796 2529 128 557 1117 1440 1948 2363 1644 1190 276 2592 1416 1097 2412 1293 879 413 143 1444 718 136 2400 713 950 1817 1701 629 2633 2677 156 164 633 224 439 454 152 1814 1993
000359.jpg,2015 1252 1834 18 1753 1125 1842 2777 2772 70 2077 2478 2490 1390 1557 2510 431 2561 1642 2818 951 601 2000 2667 2663 1035 502 1759 990 284 297 2757 1908 2601 2471 1958 2 2054 522 103 1504 2622 850 2161 2127 1193 250 2241 1391 1323 2218 2184 656 1459 2581 2388 469 1839 83 1340 1792 282 2454 1186 1014 1870 1559 2206 895 1869 2276 859 2171 379 1012 1965 826 2493 1106 2707 1608 1422 1229 1748 688 993 126 1075 1617 842 5 1625 2457 1451 26 2356 2538 2036 254 373
000360.jpg,2226 1539 630 1514 20 2222 167 1456 454 1284 1939 955 2619 2065 763 537 2225 1294 2833 2529 1140 1070 30 982 698 1694 808 1528 2031 665 2264 2844 276 352 220 2120 867 1341 2573 2481 1865 1446 2839 1607 638 810 2537 1555 2221 1395 1729 2789 71 166 2640 1921 115 2642 1556 523 1995 1637 2823 143 2811 2256 38 2779 2738 1630 567 2271 2138 1425 2616 787 2770 2343 1155 1546 2269 697 317 2253 1531 2185 391 2101 2092 2097 2627 1521 1549 1302 813 839 2255 396 1271 1150
000361.jpg,4 2584 1411 1146 1752 349 1433 950 312 2389 1122 668 2367 1202 1737 1545 619 1815 2440 1408 1799 2455 1302 2484 1316 1060 1267 1694 1338 1305 2616 1926 2789 1102 626 2138 1622 2832 741 2790 1009 747 837 2272 1319 1934 817 2817 611 1386 556 1452 978 987 900 85 1600 1993 1366 2445 2704 2134 140 2755 231 1656 2652 67 2439 547 1868 2607 1684 528 944 197 155 1704 2559 1624 992 1156 2583 221 1674 1663 1544 1912 1123 923 915 202 939 12 2631 878 2373 2502 2624 1649
000362.jpg,477 2666 962 2323 529 339 1976 2644 461 869 930 650 395 1798 1394 2595 1689 1334 646 2298 1801 1605 273 1175 2032 2778 323 1483 1928 496 1504 863 2387 334 1541 147 1911 2361 1272 750 2047 1684 2517 1701 1910 1230 1559 1657 1189 820 2355 2731 485 634 2149 2502 1267 1358 1744 386 37 850 928 2353 2152 1256 2430 1694 2524 986 1440 1949 2308 372 1106 939 167 583 1433 1863 375 503 56 1754 718 276 577 2460 84 860 2218 2150 853 2400 381 2729 2277 1255 2656 2167
000363.jpg,1871 2613 1007 2763 773 406 742 1645 288 1385 1779 1731 1800 1992 1138 1721 1707 2145 2102 1876 1325 1526 248 2516 1442 1969 1511 94 883 1020 2596 1424 855 186 416 2110 11 2809 1165 1053 2302 434 1119 709 2219 2560 1581 2282 2392 2093 1906 631 1527 257 811 1174 2006 1978 1311 607 1913 410 535 1466 1209 528 1079 2377 2723 1133 2310 730 544 2341 2697 648 2609 1241 253 2626 2251 1894 1211 512 1718 2026 2344 1634 2549 1110 1516 749 338 336 908 2843 519 2559 852 2618
000364.jpg,1793 2415 2217 802 72 1872 2553 901 760 437 2568 1699 975 1628 173 2482 380 1430 1553 886 417 1256 2074 597 2029 73 1686 429 1418 923 2304 62 415 2778 1492 1710 142 1393 868 1414 1890 427 1599 2743 361 555 1504 320 554 1886 584 2010 1236 36 1366 2668 460 1033 1233 1562 2267 1750 1241 219 2108 1701 1579 2333 1888 340 2786 750 323 164 121 997 1158 1267 332 156 860 2380 1387 385 743 1065 2355 906 979 1398 1431 2337 2227 2812 1272 1784 515 1388 1895 1444
000365.jpg,813 1528 1554 243 2097 1025 2778 1370 1769 1063 2310 1531 1105 1396 1906 748 1865 2093 1211 930 1978 607 2098 355 512 2357 710 2257 2282 566 54 2026 1384 2660 966 1893 50 2543 2304 1031 2773 1579 1354 515 164 156 952 919 763 1890 1750 1546 2696 1673 394 2392 2085 434 2042 2065 1239 2225 2219 1705 1992 2577 868 852 2262 2770 320 2369 1305 1779 709 2782 554 2064 1385 2584 2364 1614 942 2341 982 1154 1742 2600 451 172 1425 1492 1367 631 1816 1411 114 1311 1065 2108
000366.jpg,1096 1416 2628 64 574 48 439 1569 100 1640 568 2298 1684 1948 1899 899 1223 2291 2741 1636 2011 51 645 494 2439 1658 2721 1649 1444 772 1218 715 155 2352 2057 2767 305 1041 2135 137 562 1212 477 2435 1054 165 2319 1993 2815 1965 1381 1544 1255 146 1782 2558 1606 2731 169 1130 2580 143 447 1547 461 79 647 2639 2506 1267 1051 722 1463 1874 2631 796 2363 1663 657 986 1038 2032 1189 1679 2001 2460 2719 1962 386 1940 1976 950 718 1433 2511 2584 2683 2391 2436 266
000367.jpg,1244 2024 589 426 1597 1166 2409 8 2449 1928 1719 1847 307 1804 1671 213 1520 391 1161 81 981 1389 967 24 2403 998 1140 2792 1791 1513 1487 2816 1956 1027 1085 1688 2365 1447 1 2427 1808 2727 2071 7 141 1163 2339 2679 2274 2555 2163 47 1583 453 16 761 2174 573 1258 1415 1826 482 17 1019 240 1727 1201 488 2063 612 866 1990 570 671 2067 316 2333 2143 1279 465 2793 1245 1215 1903 2249 2770 1044 2055 1924 1745 1790 376 1177 2277 174 233 2072 2224 2658 107
000368.jpg,1613 662 1742 1909 1301 2140 2796 1058 2049 1290 451 1518 908 1879 2064 530 1604 1384 921 631 446 2658 1981 1017 2596 1237 607 394 1567 2843 966 2660 1002 2282 612 1808 2416 2392 2793 144 2257 2163 1085 7 1119 2093 2274 1370 1906 2452 453 1554 2349 36 2117 2357 1978 1431 2792 2747 1100 2679 243 1688 118 124 1271 1047 569 1404 151 1491 918 975 141 700 2530 996 984 415 680 2090 288 193 1903 708 1089 121 567 2696 1992 2009 1800 1105 1132 513 1155 401 528 2446
000369.jpg,1469 2317 2756 2320 376 1728 754 16 1447 213 1149 1847 2533 2277 2408 2021 1265 29 1513 44 1161 2295 757 135 2413 577 558 2143 293 1166 1448 1533 1296 2409 1178 24 286 1996 1231 240 1483 1804 2615 328 1478 614 967 2024 2759 483 2354 2238 789 1898 1427 316 2540 2235 2579 766 1091 2260 1269 520 1383 2422 1883 1867 2066 251 1137 2784 1353 119 80 2504 218 777 1561 1300 1019 232 761 1213 1506 1093 2172 1535 2785 341 499 2638 1945 2470 2430 752 1749 545 1928 47
000370.jpg,813 1554 1528 2778 243 1025 2097 930 1769 1370 2310 1063 1105 1531 1396 2098 748 1906 1791 1865 1546 355 1211 671 2770 1657 928 1614 1239 2093 975 2257 2773 1492 2304 1673 1516 1367 607 453 1047 1331 763 2660 537 50 118 1742 512 1566 2042 2782 515 2225 2065 1387 1886 141 320 1305 1750 710 1366 1154 2341 1579 1360 1031 2226 54 1939 451 532 1652 1210 2163 2026 841 961 952 311 705 1890 1893 1562 2488 2658 760 1630 114 2140 554 1258 1920 1978 27 2584 156 164 2696
000371.jpg,1138 406 1731 742 1707 1645 248 773 1721 1800 2613 1876 288 2763 1007 1871 1385 1779 2102 2451 199 2145 1992 292 21 2384 302 78 681 186 1325 2596 1053 878 2423 1424 893 1511 1526 2078 1442 1969 2755 2516 289 2134 1398 1020 2373 1848 191 1119 1676 2646 1023 2307 2800 1485 527 709 1181 2559 591 519 616 2626 2670 1564 623 2747 743 1165 2480 1855 2219 94 651 1527 622 1379 528 1587 2035 257 1313 2788 708 415 178 124 855 338 1585 157 700 1466 2618 911 2302 2675
000372.jpg,2786 979 554 2227 868 176 340 2224 427 1065 1890 320 1562 2668 1393 2743 1033 142 2029 1495 1145 1492 429 332 1888 2458 555 460 2775 208 1510 399 2587 1239 595 1904 2507 1415 1256 823 1002 966 1621 174 2010 1790 1210 1367 2328 2491 2773 571 997 311 2660 1567 2090 2428 2009 2636 1384 1977 1179 1566 1237 1430 1588 99 2156 1132 569 1553 1981 536 289 1321 1429 1879 2539 1031 1098 2629 1699 446 2642 2078 1368 2750 577 1924 2459 50 36 121 2798 415 1865 2045 866 2310
000373.jpg,1452 440 1422 1840 518 1617 2189 735 2241 659 1623 550 2580 1045 2837 712 2707 1868 140 194 1261 2840 1369 1328 1416 169 51 2836 2538 1679 1782 348 524 1544 663 1640 1067 2439 305 715 2721 563 1146 1948 1993 1437 2419 1663 2826 562 1944 260 445 2649 197 925 1029 900 1051 1486 1202 1148 613 463 266 2011 559 1102 978 826 645 2817 1123 312 1381 1870 2088 168 134 1208 1218 37 480 2652 2047 1752 2352 2832 1658 1307 2362 2148 2391 2050 1737 992 1878 4 1323 2046
000374.jpg,551 342 1625 472 2662 222 2431 2371 2776 428 1509 667 385 2717 2266 1863 1436 1025 262 798 1363 1589 641 1059 1345 255 1375 2141 1295 1550 2771 1288 1675 2067 1278 2083 1330 1963 1826 2187 147 1910 56 1279 2054 1450 2089 226 1078 1530 814 284 1373 1188 1719 1931 888 127 585 2740 687 1597 1703 2526 2385 2704 1277 160 189 1324 1807 756 2094 1032 407 1735 1088 810 959 391 2619 787 991 2308 755 2548 2058 976 565 1698 2060 2425 2220 2468 130 967 2109 1792 2002 1167
000375.jpg,1187 2406 1715 1648 2322 261 1635 633 390 649 1729 2822 1240 963 928 1156 1164 1009 1942 1967 837 2814 1216 264 654 458 602 2092 503 2797 1756 1461 1472 1974 1657 1332 2455 2228 552 1050 670 414 1831 2844 1680 1242 2689 1746 618 2484 1335 2193 2139 711 71 2061 888 2717 2764 299 2199 1018 2833 1291 159 533 782 2716 557 1073 2729 1961 2370 879 598 1912 913 273 1706 344 537 1317 2576 2524 234 1238 1655 1360 1349 1376 1815 1572 771 1579 2104 363 2607 2681 2185 1814
000376.jpg,2554 419 2153 894 1927 1632 96 971 1336 1013 2612 506 2401 2427 2079 1108 2705 815 2160 1907 861 43 1315 300 762 829 106 785 2476 1283 2188 2060 2081 189 2116 2313 1032 565 1826 2197 1364 2760 236 1987 1153 2608 2442 171 2182 959 2562 1844 644 807 45 2056 509 2720 2831 482 183 1251 1199 2048 935 217 1064 856 1727 2522 1768 1330 270 2555 387 255 2125 2386 2761 2688 621 1749 307 22 1761 1171 376 1358 1365 2457 1277 1560 609 333 229 836 2089 744 957 2058
000377.jpg,1753 2015 1125 1252 1834 18 1842 2777 2772 1027 2490 2449 8 70 2816 2077 2478 2024 1244 1487 103 426 589 1763 1323 1090 297 1671 1597 1390 990 2167 1557 922 2136 2561 981 2510 1908 727 2589 1504 502 431 1642 2471 2043 2218 284 2171 2667 2000 2054 2601 485 1235 2216 853 2810 2657 1389 1175 24 2818 1886 372 658 2412 2617 1759 1661 440 1236 136 1035 1958 951 850 2366 126 2353 1386 1295 2757 1405 1106 2622 2493 601 2707 1617 547 2362 1605 2502 1233 2380 1391 1839 944
000378.jpg,2022 1389 63 1333 1298 2066 1019 1213 545 2113 1228 304 1785 2178 1631 1483 2546 1115 393 1137 1244 1087 2016 727 1561 1447 1306 2816 1951 251 376 714 1207 898 2136 2040 101 374 485 213 1361 1451 1883 1353 658 364 803 1487 1427 2072 1558 1900 1685 499 2024 2540 426 2381 2504 1469 572 2579 436 2242 1773 2759 1683 766 1689 2408 341 589 2238 328 634 1175 558 989 291 24 2422 1300 1749 16 2317 789 832 1597 1847 2405 1898 596 1434 135 954 617 1971 1743 1178 2216
000379.jpg,1858 2083 2425 1797 620 2058 785 2079 585 181 1910 861 2404 732 1889 1702 1907 1596 1436 609 2160 1336 2688 621 387 2591 2313 2498 2141 2230 957 2464 2760 2182 183 2595 1766 171 2725 236 1277 2608 1013 1560 2705 2067 43 468 1199 229 335 971 744 836 2645 1337 300 1866 214 1139 398 2476 2401 2612 509 2348 1315 506 1084 909 752 1602 189 1032 2197 959 342 565 2555 1188 2503 1727 856 1826 2353 807 1283 935 2060 1108 755 2468 2751 1625 1458 1953 1214 1933 1963 829
000380.jpg,2320 2756 1149 754 1728 2533 2021 29 1265 1847 2413 286 2295 1469 1231 1448 1296 1513 135 558 2408 1161 2317 2615 2354 577 376 1269 293 1672 1996 1447 520 16 240 1178 1867 232 213 1478 1945 2172 1383 483 80 1535 789 1091 967 44 328 2759 2235 2566 2784 119 2260 2143 2238 766 2579 2785 1166 2504 1353 2242 777 1427 218 1849 1722 1804 2540 2422 783 251 24 1898 2277 1343 341 1883 1300 2470 1093 949 1683 2737 2409 2673 215 2523 572 2024 1506 364 757 1561 2638 1483
000381.jpg,989 2381 1801 395 581 374 2114 803 2644 101 1361 2040 1451 436 529 737 1900 364 341 2323 1798 2149 1334 2656 962 2540 215 1106 251 1559 1427 1353 1394 293 2277 2787 1883 1197 1175 1693 1073 646 1300 1928 1230 1447 2542 1180 1951 1306 940 2495 1004 2112 1137 1818 926 44 564 2579 2504 2759 485 824 2673 1786 1773 304 572 614 2178 1483 1795 789 1971 16 1257 1760 76 1176 1847 1513 483 19 1743 2238 1161 328 1178 1838 766 75 1533 1434 230 424 1999 2180 240 2784
000382.jpg,594 2844 1549 1284 1456 2797 1461 2833 2779 786 2576 1472 936 20 587 454 552 1539 2226 864 1917 771 805 2391 1317 2228 363 274 2529 533 167 1465 143 1755 264 608 1135 2770 994 508 670 2222 1756 2689 1974 526 1680 2092 1514 1156 1543 241 1891 1991 2370 1741 1308 1395 847 1109 2396 1787 780 654 2177 220 238 1273 2061 495 2244 1921 1961 2017 586 2527 1781 2774 602 299 1297 1022 276 2794 1378 1918 402 2232 972 452 758 1612 138 449 2681 1823 1723 2139 1332 92
000383.jpg,1753 1125 18 1842 2015 1252 1834 2777 2772 70 2077 2478 2490 2510 431 1390 1557 2561 2818 951 601 2000 1642 1035 1759 2663 2757 2622 2667 2 2161 284 1504 502 315 990 1908 297 850 1839 522 83 1958 5 2218 2388 250 1625 282 1436 1391 381 2276 1012 1340 2601 2355 1869 2054 2457 2471 1459 1186 1965 373 44 993 2184 379 2493 1014 2302 2308 2152 497 1748 531 1196 1975 1165 863 469 1608 2650 656 684 2336 375 1661 1675 26 860 1272 249 1480 650 845 2431 1943 2167
000384.jpg,654 1831 1756 1655 2764 2061 1974 786 1317 1991 936 1787 1465 2396 2370 2689 1755 1823 2794 1706 1917 780 1022 805 138 1921 2244 1612 363 458 241 2232 1741 587 1918 1568 1395 1182 1135 1378 1781 495 252 2119 2236 125 131 2017 505 758 452 1109 389 1912 1543 2674 1503 594 402 2806 1730 268 670 295 2280 2799 1117 296 356 2142 847 1746 1097 261 1961 455 2322 159 1293 1461 367 699 200 449 408 2681 2173 972 771 1282 430 2465 2505 1822 2690 239 1929 464 49 838
000385.jpg,752 516 2404 2823 1907 412 1910 2353 2083 935 585 2595 2067 2725 1766 1889 2464 2448 2141 2079 957 609 1299 1168 744 836 561 620 2498 1108 2115 1021 1303 2096 1858 1826 2645 1963 2425 650 861 2081 1283 2474 2562 2666 37 1616 1201 2279 147 214 244 1797 1744 755 2555 387 2197 342 1727 2317 1173 586 1044 2442 333 1515 1768 1596 1013 1602 1277 509 2720 1802 856 2770 1588 924 909 1132 1694 853 2048 2094 2090 1866 2761 2361 2348 761 1880 1288 2698 270 335 988 443 1336
000386.jpg,1411 2584 349 312 1433 4 668 1122 1815 2440 1694 1146 1302 1408 1752 619 2789 1545 1305 1338 741 2616 2138 2832 2455 1153 1737 85 987 2389 1684 950 2445 1060 556 2501 1934 2308 1939 1156 1202 1386 2411 1544 2712 2270 271 2044 2704 2439 1009 1102 2100 547 787 969 1624 1942 1799 273 12 2484 1294 1607 626 1663 2534 1201 705 2367 1873 1622 877 2528 2063 795 1926 2391 317 521 939 1549 552 2576 665 2607 1993 635 2265 1407 2012 2731 1648 2817 978 573 837 611 659 188
000387.jpg,407 2643 2740 2526 1931 759 956 2220 2468 1696 2783 2548 669 476 1702 1953 1735 196 1227 1375 1602 1188 1059 1093 2348 1084 214 1421 1947 1866 2109 2572 428 1525 1643 2514 1365 687 540 1280 181 1088 624 342 1797 2374 2475 585 1147 1199 1792 226 2125 1596 150 2776 620 133 203 1558 1524 1629 986 1758 732 1898 1963 798 1380 1278 2242 1820 1726 2751 744 2425 2498 1330 1204 2536 2678 807 957 1930 2422 300 387 2582 548 1032 2371 1665 689 1347 43 2060 1260 1171 2121 2263
000388.jpg,1680 28 2228 1118 1143 2797 1335 1549 2193 458 2812 1117 711 1955 633 1314 2108 1817 299 1822 264 136 772 2557 602 1097 2256 1293 1537 2391 2001 1586 2062 238 1285 1750 1332 1582 2484 2592 1366 915 629 1501 2677 413 1297 1700 2053 159 128 2265 1240 837 1884 2147 2185 503 557 1219 944 992 1122 372 1756 224 392 2118 2806 1902 2483 854 531 1711 156 2494 281 1156 164 2139 2460 2389 2517 1124 2833 2803 1009 1654 660 1037 980 2764 791 2074 1922 2599 2664 381 2014 1599
000389.jpg,1254 1304 835 1633 60 1419 702 1830 16 848 903 768 1512 1845 65 2277 1999 688 1620 1610 2624 861 1608 830 603 126 824 2317 1732 230 1277 490 2601 1727 2555 2058 2275 1678 1231 1015 2180 2096 1821 47 1107 1103 1245 1720 2547 1908 1310 926 578 1450 1073 2276 757 836 1449 1013 1120 2471 1383 44 2718 2495 1003 2627 856 1476 1147 2518 1340 1336 1323 250 119 935 577 576 1235 333 1186 1176 80 1743 350 2190 218 983 1749 1447 103 1824 1469 1201 396 2789 2051 132
000390.jpg,290 52 2821 207 346 61 225 2025 418 1481 2669 192 1829 2279 1168 1299 2690 2285 840 467 1780 1932 217 245 2467 726 478 1843 2765 2091 1024 504 2634 822 108 2142 268 1039 927 1813 1262 53 2687 464 1275 1127 139 2164 239 1789 2715 534 1022 1875 1062 999 129 655 2794 456 788 452 89 1923 1787 501 2396 31 1281 331 2137 209 806 2698 324 580 412 430 1378 2311 2429 295 455 561 1465 2244 389 2059 2693 2316 326 753 495 131 2280 2720 2611 1026 1274 1706
000391.jpg,629 915 1501 128 944 224 413 2677 1902 136 1817 281 854 1366 557 1700 372 1219 2460 2483 2599 1263 896 2147 2001 1285 640 1440 1711 2362 2598 796 543 2363 672 2828 488 1480 2256 386 879 531 1582 299 1750 2691 2443 496 1599 1816 2185 461 1344 2436 381 13 2502 1680 2671 973 361 276 2389 1519 660 2593 2132 2074 278 933 2359 2762 1439 9 298 275 375 380 2152 1423 1537 117 1412 73 425 1641 1654 2499 1686 781 1398 62 2124 322 907 886 1754 1225 1884 597
000392.jpg,948 1464 2382 1937 1076 2286 2393 2258 329 1639 804 1592 2708 362 1841 1874 491 2569 2438 2813 1777 1185 1056 2248 657 1223 2294 682 2436 2207 1825 1055 725 1986 1940 2728 2034 2713 2435 677 686 146 59 2376 2558 647 1901 2545 1130 2309 2650 1453 1935 165 2639 2506 260 1944 2683 2826 1606 1463 2721 494 2135 1212 1899 715 659 2057 1950 2068 2291 541 899 920 137 1547 1640 1490 2088 379 100 2842 447 2433 2326 563 2511 1452 2766 1836 2305 736 2036 2580 305 1569 993 562
000393.jpg,2252 2349 1583 1791 567 998 2792 118 2416 2843 2658 1470 887 2682 808 311 1651 1578 2488 945 2065 1920 639 1210 1769 1566 875 1368 2793 2459 952 1667 2328 2647 2778 36 819 1367 1354 919 982 1179 1977 2491 2225 763 2274 2098 1531 7 1909 1370 1271 1239 1047 151 595 1808 1105 513 337 760 523 114 1854 1396 81 2575 579 2723 355 1528 2711 1657 1431 2310 25 1546 2009 612 1063 2045 2097 928 2500 1200 1163 1052 528 1688 1085 1023 1201 1089 955 911 705 2587 382 453
000394.jpg,2502 2152 5 2355 13 1605 850 1272 2593 1674 1515 1267 650 339 640 676 84 941 865 1219 323 281 629 2677 1352 844 2734 985 2457 2666 915 2147 944 1263 1504 1501 973 2691 128 9 413 862 2443 896 2624 2820 660 392 2483 1817 136 496 1751 1114 1949 1762 1616 2165 39 1864 796 1366 2367 2460 2288 2653 318 1819 931 1357 459 224 1570 950 98 1152 781 2001 543 2047 1519 1036 1426 2389 1113 448 2497 854 2361 672 933 2828 1423 265 361 75 488 1686 1700 2671
000395.jpg,1823 296 356 1991 2396 1282 408 2794 49 1022 252 495 780 138 1612 1378 1787 1182 383 2244 452 241 1465 786 131 1918 1303 1741 1852 268 2236 1655 936 2280 1317 1109 389 1843 805 1563 1755 758 2799 1568 2232 2119 806 1746 1475 2279 2173 1011 2017 2674 1503 239 330 504 2099 2285 561 2142 53 726 587 654 1781 1917 838 92 799 1135 653 2370 2164 1395 2693 2091 2429 1921 2742 209 2698 840 2061 534 467 139 363 2765 1273 31 1756 999 1692 1662 245 314 402 367
000396.jpg,290 2821 52 207 346 61 225 418 2025 1481 2279 1829 2669 192 1299 1168 2285 2690 840 467 1780 504 1843 217 1932 245 53 412 726 2565 2467 2091 268 1024 2765 478 2698 561 1127 2142 2164 239 2693 452 822 1039 2280 1787 108 2396 1022 1875 495 1303 2794 139 2173 2634 1378 655 1262 806 2311 753 534 209 1274 252 1465 241 1503 2687 1813 1062 1275 580 131 1475 92 2244 927 129 464 999 2059 838 2137 430 2715 501 331 752 2429 456 1281 389 383 31 295 2611
000397.jpg,290 52 2821 207 346 61 225 418 2025 1481 2669 192 2279 1829 1168 1299 2690 840 467 2285 1780 1932 245 2467 478 217 726 2765 108 2091 1843 1024 822 504 268 2634 1813 1039 2142 655 2687 456 1022 1062 1275 534 1875 129 1262 1378 331 412 2794 239 561 1281 1127 2137 452 53 2715 927 464 2164 806 2396 139 31 1789 2429 2698 495 2311 501 1923 1787 209 324 389 580 1941 2244 1465 430 131 2059 326 788 2316 999 753 2280 2720 2531 1692 1026 525 33 295 2693
000398.jpg,1800 2613 288 1645 1731 406 742 1138 1721 773 1871 1007 2763 1385 1779 1876 1707 1992 2102 2145 248 1325 2516 1526 1442 1511 1969 2596 94 883 1020 2110 11 1424 416 2392 186 1119 855 2809 2282 1978 394 2093 631 2357 1906 1053 607 1527 2747 535 1017 434 446 2310 1981 2377 662 124 1567 1237 257 700 2723 1894 918 811 1581 984 2042 708 1604 530 2560 709 1613 1909 1466 2219 2793 996 2530 243 908 1211 1110 921 730 1879 2006 1913 2446 1491 1174 2117 512 2658 612 2609
000399.jpg,441 2754 575 1523 2695 2395 373 845 652 1016 254 2544 2383 1136 1574 2019 1691 1092 1482 2080 825 2574 2699 1203 851 873 577 1507 584 992 2336 1190 219 2129 259 1538 2016 2550 1246 2495 1633 1104 1344 2787 2202 524 152 2789 1586 497 1669 1425 2709 632 2046 1414 2745 391 1532 1983 1151 1790 1177 2414 1206 635 2224 392 1933 184 1553 2157 1065 2324 2070 818 1183 619 1304 1924 2333 2564 1430 19 2627 107 843 2603 2117 1245 1405 332 2251 2539 2595 40 2180 424 1402 2204
000400.jpg,686 1944 2435 2248 2558 165 2135 1899 494 2813 1212 137 2741 899 100 2057 1569 1130 146 2291 1606 2580 647 2506 2639 1223 2683 1463 2766 447 1874 725 574 1547 1640 1935 2842 2511 1134 204 659 692 2068 948 2825 2292 1055 246 2207 2728 1646 1825 2294 1962 1940 1452 2305 2258 329 2713 48 1986 362 804 1937 122 79 2393 2382 2721 2326 1841 1056 2309 2225 2286 2433 736 715 1901 982 763 1185 1464 134 260 668 1021 1076 2004 2717 1648 1453 2376 439 1096 857 2343 2650 305
000401.jpg,1041 2121 2350 1001 2444 2749 422 154 1260 1803 1811 2583 1629 1524 203 1355 965 1167 687 1862 1278 1373 1735 540 226 2771 1059 2170 882 1375 2767 986 1088 1649 1255 155 641 1675 2536 1509 1636 1696 1589 1054 1558 1863 1757 798 667 2628 439 2631 2783 853 1444 1963 196 90 64 1965 2266 1860 2158 48 2548 1600 956 2439 267 1658 1096 2643 1291 2541 1218 2150 2815 2220 1238 2412 1358 2475 1051 2076 123 2836 2740 2728 1453 1931 626 1380 1490 1055 494 1993 134 194 201 2069
000402.jpg,1019 1785 63 1389 1213 2066 1298 545 2022 2016 1228 2113 1333 304 2178 1483 393 1115 2546 1137 499 1561 1685 1883 1773 1631 1447 832 1434 182 954 1971 149 1257 1533 1786 634 617 2136 1689 1244 251 1306 1087 1795 1951 1353 485 1743 1176 1999 614 695 1004 1749 1103 2112 132 1693 291 1712 727 2547 983 376 2540 1427 596 757 2040 658 1451 101 1300 1207 714 310 2656 374 898 2827 2422 1760 1928 1166 576 1558 2190 1180 16 364 2430 803 2381 2542 76 2242 989 328 95
000403.jpg,2391 1948 1029 1416 906 2076 1307 1958 1552 319 1895 2797 2133 1316 386 134 2732 1549 445 563 155 2517 1840 1236 2836 372 1775 2011 674 143 1993 904 1218 2844 1600 2082 2439 1782 2001 1452 2352 645 1261 2380 1422 1623 1544 2272 2270 2012 2267 1381 1617 1701 169 1417 1684 1051 1096 231 1788 2412 2707 440 1233 1054 1649 1122 1437 863 2529 860 1123 1486 1868 1440 140 1636 1067 305 900 901 2300 437 266 2840 992 1489 2837 194 1777 947 2289 1202 1663 1586 2460 718 657 1965
000404.jpg,2813 2248 948 1874 2258 1937 2382 2286 362 686 1464 146 1841 2393 647 1076 1130 2558 2683 2639 2506 165 329 804 1944 2057 494 2708 627 2435 1899 1639 1223 1592 1935 725 1810 1212 1379 2291 2207 2135 67 2473 1055 1406 800 1825 137 1606 2728 2438 338 2766 2294 2492 1463 1646 774 659 2788 2580 2569 2834 1986 678 249 2243 2087 1012 1569 2100 730 673 2151 2509 872 491 1936 1156 821 1441 100 90 1094 899 1490 2741 1940 1455 2721 2588 1897 2704 2273 2376 2511 1075 1068 202
000405.jpg,290 2821 52 207 346 61 418 225 2025 1481 2279 1829 2669 192 1168 1299 2285 2690 840 467 1780 504 1843 1932 245 217 2467 53 2091 268 726 412 2565 1024 2765 2142 2693 239 2164 2280 478 1787 1039 1127 2698 1262 2396 452 2173 139 561 2794 1022 495 822 655 1875 1378 108 2634 806 464 2687 209 534 430 1062 1281 2715 1465 455 241 49 1503 1275 295 927 131 753 838 1813 501 2059 580 456 129 220 2244 31 999 92 331 2720 1274 383 2806 324 2311 1475 252
000406.jpg,1083 689 493 6 548 2522 1064 1204 2386 1930 45 2056 1251 2831 1365 1856 1421 1364 2582 2374 133 1792 407 2125 1665 546 57 582 280 2039 1580 1861 1347 2441 1947 2418 2562 472 934 2442 210 2111 2548 2356 1887 482 644 2247 2048 1348 2585 2761 270 2123 2571 1359 2659 857 2838 1147 228 746 2198 1229 247 1292 2827 1758 2740 2116 762 1375 2456 832 310 2209 723 421 106 150 793 2220 212 1696 2434 1768 2672 1859 661 1193 2783 592 2586 663 170 2720 1575 874 2050 34
000407.jpg,1793 72 1872 760 975 2217 802 2415 1628 901 2553 437 2568 1699 380 2074 2778 1256 2482 73 173 923 2304 1430 1553 1599 1701 429 1504 427 2029 1492 142 417 750 868 860 320 1710 1886 1890 415 1236 554 460 1393 906 930 1788 743 886 161 1414 1579 2108 258 1489 2267 340 2218 1750 1233 769 597 36 2743 2668 2786 1686 2337 674 1366 2775 414 979 555 2387 2592 1976 62 156 219 121 2812 1418 385 1562 319 1215 334 1895 1307 2189 1241 2227 1033 1387 619 323 515
000408.jpg,1944 1569 100 2580 899 2135 2741 1899 2558 165 1212 1640 137 494 1606 574 2057 1463 2291 2766 2248 146 1130 2435 48 1452 686 2506 1935 725 2813 647 1416 2639 64 1874 1223 2068 1134 2683 659 2511 2628 2721 1096 2842 439 715 1547 204 1261 2309 1901 51 1055 1825 2826 2825 2207 2305 2728 562 447 2294 260 1948 305 1051 246 1940 2439 79 2352 2815 1658 2419 2088 1986 2650 2376 2707 1544 559 1623 1218 2713 1617 1860 772 1646 1636 169 140 1453 563 1965 1840 2581 2036 1490
000409.jpg,2470 1847 2320 2756 754 1161 1513 1149 1728 240 483 2533 2784 967 789 293 2021 1178 29 135 1804 1469 1672 328 558 2579 1166 2317 2504 1265 2759 2238 766 16 1898 1409 1231 1447 577 2295 1448 1506 2422 1994 2413 376 286 2523 2354 2615 391 1300 1996 2540 2338 1683 2235 34 2253 1535 2801 1296 1427 1093 2408 1883 2409 195 2172 2610 1441 572 2024 2785 1478 2277 1867 2242 2052 2224 1383 727 251 1269 1091 218 2072 44 232 2738 314 316 464 649 2638 1353 780 757 119 47
000410.jpg,1469 2317 2756 2320 754 1728 376 16 1447 1149 213 1847 2533 2277 2408 2021 1265 29 757 44 1513 2295 1161 577 2413 135 2143 558 1448 293 1533 1231 1166 1996 2615 1178 2354 1296 240 2409 24 1478 1269 286 328 483 967 1804 614 1867 232 789 520 1483 316 2260 2238 1137 1945 2759 2540 2422 1091 1427 1898 861 777 2235 1383 1535 2784 2579 1883 1749 766 119 2470 1672 218 2024 80 1353 1722 836 761 1849 935 2785 2096 2555 1108 2504 2638 47 2645 1013 752 251 1727 1506
000411.jpg,477 1976 461 273 2298 930 2666 650 2595 1911 1701 2032 2778 1605 1684 2387 1504 334 2517 2361 339 1541 2731 147 2524 1256 860 1189 1657 37 2047 750 1910 820 863 2353 1744 323 2379 2256 276 386 2482 459 372 928 167 2218 2355 869 56 1483 1694 1514 1272 2729 1069 2308 1387 1788 1232 2167 381 924 2268 503 2460 529 2323 1479 2371 375 1267 2502 2318 718 1433 586 1489 701 222 1863 2150 986 1816 224 557 1335 577 1652 2400 1949 297 1242 1440 370 2644 2366 667 1358
000412.jpg,897 1892 1771 2037 2625 1677 1998 56 571 2156 1321 2450 1736 1098 147 1129 2750 1933 1445 2567 2342 116 1806 2002 1638 1858 2083 97 1214 2432 2595 1709 2201 2751 2150 2645 2089 2313 22 255 1910 1171 755 1826 2013 1337 959 1324 1330 1790 1084 229 2476 565 189 807 2197 1032 585 1643 2060 1625 2109 2079 2631 43 1449 1931 1757 428 300 1227 2371 2470 829 2526 183 620 1065 957 1255 1907 1560 1889 2160 1188 1286 123 71 342 2776 1791 986 2425 1277 30 1088 1844 1550 2041
000413.jpg,633 503 1335 711 602 2193 261 458 1156 2228 2322 1332 1680 2592 1117 1187 28 1314 1756 552 670 1955 1715 264 837 1240 1461 1009 2797 2764 2406 2265 1974 598 2484 2062 1242 2455 2681 772 2199 654 2689 2092 1143 1831 1073 1118 1635 2576 1822 533 299 1648 414 1746 2844 339 1297 390 1543 2052 1472 2557 1111 1912 1124 1376 120 1164 2061 928 864 963 2812 2139 1317 2250 968 888 1018 2814 1942 505 962 1807 2323 991 913 2053 1706 152 992 646 2118 594 1293 740 972 980
000414.jpg,2545 2034 2023 1584 59 2713 2433 743 657 1986 2185 2376 1056 1490 2650 677 2294 2755 1796 1825 1940 2207 1499 2373 733 2423 747 1264 2139 299 2568 1453 2833 500 2078 2075 1681 1055 878 866 337 681 2272 2484 2092 1123 1223 1271 2379 41 2134 2728 1305 912 770 201 563 1964 2045 528 1860 2826 1851 2618 2642 151 1320 487 1919 1456 1284 2559 2835 168 497 1865 1053 79 2614 2208 1995 115 2389 982 1209 1480 1816 1307 682 1777 2326 399 1660 725 674 260 2438 258 1855 2486
000415.jpg,17 403 1159 2063 573 1112 1 1652 1258 797 1360 1520 2541 2731 2246 2385 2710 888 2175 1349 2727 2300 2298 2717 1630 2466 262 2412 969 2781 1684 1291 2339 1238 267 2372 1546 1472 307 958 2445 961 2138 2231 1698 2104 2524 273 2270 1242 2223 317 537 2588 352 2473 638 787 71 1657 511 2704 1862 991 2082 1648 2834 2455 222 2271 913 2648 195 349 1571 2635 1815 1814 234 1619 1433 810 1671 741 685 1572 1942 2213 2513 2633 1615 2215 2607 1446 1925 1607 1009 2716 1982 223
000416.jpg,2427 255 300 2313 959 1330 189 2060 2089 1032 2476 43 565 1171 22 1337 807 1214 2079 229 2705 2197 2751 2160 217 1933 2109 2567 971 1084 419 1927 2153 2554 96 1632 1643 894 829 56 506 2071 1907 482 183 307 762 1227 2371 1336 106 2150 1858 1013 1071 236 2760 2608 428 1625 2194 2081 1931 1560 2182 2526 2470 1844 1286 1449 2220 1441 2776 2612 2083 1826 1199 171 974 956 509 2578 476 815 861 759 2401 661 669 957 1824 2261 1088 2783 2473 1696 609 2643 2740 2156
000417.jpg,1490 2376 1453 201 1860 2309 1901 2713 2826 2433 260 2294 2556 2088 2207 563 1825 1796 1986 2728 1055 725 747 1056 1940 1878 2272 1123 2767 134 2076 1496 1307 559 1316 659 2721 1208 1948 2419 305 1486 2545 1076 1636 1658 1958 1464 494 562 715 804 1223 165 329 2057 1640 155 1874 2034 2558 64 2382 2628 1937 2708 2291 2248 2438 51 146 48 1899 2286 439 2135 1965 1130 2439 1649 2813 137 2506 2741 2650 1544 1148 100 647 1212 2836 1679 1777 899 2639 2393 2004 1639 2683 2036
000418.jpg,40 1960 1536 636 1318 42 2278 2807 2168 2261 661 851 2194 2571 582 1882 592 285 546 1221 724 6 1083 1071 2162 1232 2761 1768 2048 632 270 776 2582 98 353 1203 2522 2474 1064 1824 2056 1226 1661 812 2720 2386 45 1523 1515 2831 2202 2695 474 738 1144 2745 384 1222 845 1066 905 1744 1204 2086 2442 2453 940 2562 2112 1120 1364 1103 2726 1251 2214 831 272 482 644 1835 256 84 35 2734 1957 941 1351 1762 1476 5 1999 2518 762 1004 2572 2190 1206 2783 2410 1434
000419.jpg,290 52 2821 207 346 61 225 2025 418 1481 2669 192 2279 1829 1299 1168 2690 840 467 1780 2285 1932 217 245 2467 478 726 2765 2091 108 1024 1843 2142 822 1813 139 2164 1039 268 927 504 2634 1281 412 456 1022 239 1062 2396 2687 2794 1787 331 129 1262 209 1127 655 1789 534 452 464 2698 1378 561 1465 580 1923 788 31 324 2244 1875 1275 2715 501 2429 53 295 495 2311 326 455 806 49 2720 2137 2806 389 2280 2693 1026 131 241 999 138 1755 1568 2316 383
000420.jpg,2612 2401 1336 2079 785 971 1013 419 2153 894 2554 1927 96 1907 1632 1315 2427 2160 829 861 2230 2591 506 43 1108 2188 2313 1826 2705 1283 1153 807 335 468 2476 300 1139 815 106 2060 1858 189 1358 959 22 565 2083 1171 1032 1330 1365 2109 762 1643 2197 1214 2838 2058 2081 1761 2089 1727 255 2751 2841 1483 856 1749 1227 482 1665 376 2567 236 229 2555 509 1792 2608 247 2760 1204 1277 307 1953 746 291 2182 2116 2374 387 2562 1861 2442 214 183 1625 2125 1889 957
000421.jpg,2152 5 1515 941 2502 84 2355 1352 850 2457 985 2593 2820 1605 1272 1674 2165 323 13 2734 2474 676 1616 844 1949 2115 1267 640 650 713 244 339 281 1762 509 1066 1751 106 1219 865 496 1371 862 409 973 1342 1170 2497 206 98 1733 629 39 1113 75 198 343 1504 1864 1819 896 2147 2677 2726 828 781 1591 2623 1226 915 1263 2787 2288 1570 482 944 1144 2334 1882 2691 413 424 1835 2624 1426 479 128 549 2666 347 448 265 1501 776 2518 474 1152 1601 19 1004
000422.jpg,196 1696 2783 853 2643 956 2468 2220 759 669 476 2475 2526 1931 1735 1702 1227 1380 2548 1084 986 2740 1953 1188 820 2514 1963 585 1820 2109 2572 407 2067 1059 2403 1643 1375 882 1093 2378 226 428 995 1088 1589 1255 1757 1602 2776 687 2047 233 1541 214 2032 256 2121 2348 2512 1866 2350 2751 422 1947 1525 1001 1278 540 1704 1558 829 8 724 807 323 2583 1189 2150 2371 181 22 1911 1171 1260 2405 667 1949 863 1322 1358 1824 2463 84 1595 1373 2734 1807 154 1337 334
000423.jpg,1830 702 848 835 768 1845 903 688 1908 2601 2471 2624 1608 126 1323 103 2276 578 1254 931 1114 1340 250 1186 1310 2388 65 1107 1391 1413 1512 502 1235 1821 1720 2314 1767 1357 990 1073 297 2518 39 2653 2275 2288 1120 1113 5 2497 1620 2787 284 75 2114 2355 392 940 2054 581 1131 2593 603 2671 450 19 303 1732 2152 660 2667 1515 1285 1450 1304 985 1905 844 424 845 850 549 353 1772 676 2241 2204 973 1869 2457 830 9 543 198 2112 1959 2218 812 531 370
000424.jpg,989 2381 1801 581 395 374 2644 803 2114 1361 1451 101 2040 436 529 737 1900 364 2323 1798 1334 341 2149 2656 962 1106 1559 215 2540 251 1427 1353 1394 293 1175 2787 2277 1197 1693 1883 646 1230 1928 1073 1300 485 1306 1951 2542 1447 1180 1818 940 1004 2673 2112 564 2495 1689 926 1760 2759 824 44 1743 2504 1773 2579 2178 614 1176 304 76 1483 1786 572 789 19 2546 483 75 1137 1257 2172 1971 328 496 1795 2238 1513 1178 1838 766 424 1115 230 1847 16 2547 2784
000425.jpg,37 1995 459 2268 650 2666 115 38 2218 1763 1694 2353 1504 122 2823 1605 2308 1363 586 1232 2712 2136 2726 2835 59 2256 1616 2404 1744 2361 1539 521 2486 1844 297 1090 1964 2614 284 2253 2115 2770 2474 619 2502 1288 990 5 506 2141 865 1235 229 2081 1703 1173 2355 220 2562 502 2162 1910 2083 1939 2464 405 871 1976 2457 1515 1560 244 1315 1835 387 1889 1963 815 1625 1283 2725 56 1882 454 1766 1095 96 957 1514 1987 443 2116 829 183 167 1153 930 509 1449 1632
000426.jpg,477 1976 461 273 1911 2298 1701 2482 1541 860 1616 2115 2032 2474 909 244 276 1066 2623 930 1684 2823 2379 2448 2778 1189 2572 258 820 98 1256 1489 448 1949 84 1515 718 1514 2387 56 1504 2353 509 1889 224 2464 2141 2355 147 2729 167 1902 2498 334 143 2457 1222 1657 2165 1170 298 1371 1185 2725 776 1851 1866 128 2404 2529 2731 1539 1144 1910 372 1882 1285 1226 697 413 1766 323 2595 772 443 370 2770 1979 1963 2691 2256 2086 442 941 1440 2168 796 1272 1335 752
000427.jpg,2288 2497 39 75 198 1357 424 564 1767 1751 2653 2824 2281 1905 615 1114 676 862 931 2605 1915 1609 404 2204 469 1601 19 2667 751 549 1195 1192 1594 2671 1869 2624 940 1818 1459 2112 343 206 1014 1004 1733 378 910 818 1113 2542 1403 2051 1180 960 2240 318 1591 779 111 1985 2345 126 60 2483 2036 1423 488 14 282 497 1009 1106 926 992 1152 2828 1366 933 1344 2677 2359 1073 672 2651 2437 361 1838 1398 632 1434 1036 629 1198 2804 47 2001 2563 854 2180 640
000428.jpg,520 2785 1945 1996 232 1091 1269 2354 2566 777 2615 1448 2413 135 558 1535 1672 2295 1343 783 949 2737 2242 1728 754 2408 2422 1898 1265 1561 328 2238 1093 766 967 2756 1178 310 2759 34 2523 2504 1149 2320 789 95 2579 240 2827 1478 1513 596 341 1683 1631 2533 2441 2784 1161 1847 2224 483 1506 376 213 1804 1346 2111 1743 2143 2021 29 1469 1914 24 695 572 1296 1176 293 1231 577 364 983 2202 1298 2317 2745 1693 132 119 1447 2260 1867 76 1103 832 2080 16 251
000429.jpg,1335 711 2228 503 633 28 1680 2193 2797 602 772 458 1332 1156 1955 1117 264 1314 2592 1549 2844 2484 299 837 1118 1807 2391 2139 238 2092 1701 1143 2557 968 1756 860 2455 1976 1009 1504 2001 1295 2517 991 2218 1297 2265 2833 2387 372 1489 2812 477 1788 461 594 2185 2250 1122 552 1461 386 37 2764 2256 1284 1417 1456 1817 2389 1416 334 136 1822 1501 1366 688 1586 1111 750 944 1537 1884 1323 1993 128 414 1589 273 915 120 2355 224 980 1891 2779 2062 2289 2044 1413
000430.jpg,277 1938 1747 1833 2496 1443 889 2686 2532 1496 211 767 1989 2556 2702 369 2315 1519 1460 1980 2685 2 1548 1316 2663 2443 860 601 543 1682 770 747 2272 1417 1701 769 269 258 1489 1320 2001 1219 640 672 1557 1418 1686 1599 13 361 597 1366 2289 886 9 1504 1976 2363 2755 1390 2828 1480 1081 2622 796 1479 461 1816 933 1285 854 1497 950 2460 128 1272 1387 372 1788 417 2671 515 660 386 413 380 2147 1490 1895 1398 381 2598 850 136 2482 2815 1965 1958 915 2677
000431.jpg,2198 2493 228 2659 1877 1887 2356 247 656 1193 1575 514 2206 2672 2581 2039 1758 2123 1345 2229 421 438 857 1930 704 493 2050 2332 242 158 1551 842 2456 689 746 1590 522 2739 366 663 133 2324 82 1377 1348 170 884 294 1191 1121 2418 723 2582 1675 1204 548 1542 1229 1580 280 2585 1292 934 1359 2247 1043 706 57 2184 2649 1577 1792 720 77 287 859 1350 1861 1196 179 2187 2694 1859 895 210 190 756 735 2662 2548 2130 1347 1653 1665 2748 1432 793 472 2321 1276
000432.jpg,2152 5 1515 941 84 1352 2502 985 2355 2457 850 1605 1674 2820 2593 2165 2734 676 713 2474 323 1272 13 1342 2787 1949 409 844 1616 1751 650 496 198 2497 75 206 39 281 973 509 1066 343 2726 2115 862 1371 1733 347 424 244 845 1666 106 1762 1591 479 1170 1206 2624 1882 1267 865 940 2288 1004 629 482 1113 19 1601 851 564 2695 944 738 1819 1864 1180 584 2334 384 915 549 1203 98 2112 318 781 1198 831 1226 1219 896 2204 1661 640 2214 2462 2677 828
000433.jpg,52 346 2821 2025 225 207 418 61 1481 2669 290 1829 2279 192 1780 245 840 2690 467 1932 1299 1168 2765 478 2698 1024 2285 108 1274 1505 217 726 2467 1127 1026 822 1039 561 2316 139 1875 1662 1048 1273 1635 2531 655 456 2091 2311 1281 1813 525 389 2429 799 1967 113 331 1303 390 758 1062 927 2137 2164 2142 580 2674 2715 209 1843 806 31 129 788 1503 1923 471 2232 412 1438 2634 1475 452 2505 2465 1741 1220 1715 324 1465 2687 1789 2565 1262 2244 53 753 534
000434.jpg,1092 2495 76 230 1476 824 2190 926 2202 1197 2745 1103 2180 1849 60 1838 1818 80 1383 1722 1999 1914 1224 88 19 683 1116 1231 2673 218 617 2172 1867 2547 1713 1714 2574 1180 983 564 1760 44 47 119 2787 2437 2542 1304 1773 1712 832 707 1296 940 2051 1693 2281 1176 1073 424 2021 286 739 2112 1434 1990 132 632 2114 75 1786 1004 2700 2497 2563 1743 2381 1795 1190 1983 590 87 1971 1106 29 2544 992 2235 1593 989 198 215 2277 614 94 16 695 1257 39 1523
000435.jpg,540 203 1629 1524 687 1059 2749 2170 1278 1803 965 154 1260 1001 2350 2444 2121 1375 1811 2536 1167 1355 226 1735 1088 2583 1558 1373 1093 422 2771 2548 798 2405 407 1696 1675 2220 2740 2526 1931 882 2783 2643 956 759 1898 1509 2242 196 2468 476 669 2158 667 1041 898 1863 1862 1758 1227 1963 714 1359 2266 1702 2585 2109 853 1421 1947 1087 342 1207 1589 2776 1188 2434 1953 641 986 2403 34 2072 658 428 2371 2422 57 2785 2475 967 2523 1380 1365 1804 1084 851 2657 90
000436.jpg,860 901 1489 1548 1701 1417 258 1895 2482 922 2167 1788 1261 1052 2707 2589 1623 2617 1218 1976 826 769 1504 613 1051 266 1881 2477 1617 767 2702 947 2289 1663 2815 1958 2069 161 1405 1387 2352 1911 2810 1965 568 1090 1636 1422 1840 2315 1980 2043 1697 461 437 1328 1763 2837 269 2047 2171 2439 168 440 1444 233 1710 283 277 1250 1029 372 1256 463 2685 1782 2216 2767 37 1658 521 433 1236 1288 231 2218 938 637 1993 2836 477 1589 990 2267 1544 459 297 1233 194 2553
000437.jpg,1138 199 406 1731 248 742 1645 1707 2451 773 292 1721 21 681 1800 302 78 2384 878 1385 1779 2613 1876 2423 2763 1007 2102 288 1871 1053 893 2145 1992 2078 186 289 2755 2596 1325 2559 1526 191 528 1511 2134 1398 519 2618 1442 1969 1209 743 1424 2516 1585 1784 2373 579 25 1165 114 2302 1848 2307 1020 1241 2800 2568 2575 694 747 2646 94 1119 709 527 1412 1740 1676 2723 1023 1181 492 2670 1154 1485 2626 2483 622 488 651 2344 415 591 2035 2543 2219 2108 1660 1587
000438.jpg,1842 1753 18 1125 2777 2772 70 1834 2015 1252 2077 2478 2510 431 2490 2561 1390 1557 951 2818 2000 601 1035 1642 2663 1759 2757 2 1839 2667 2622 315 1460 2302 1165 2161 850 1908 1504 5 2355 1559 1480 2152 1340 2471 1459 369 2601 2276 1186 1391 990 339 284 433 282 297 2315 1012 1272 502 1958 1869 2502 250 1014 469 1075 103 1608 1748 2388 83 13 26 863 929 688 1357 2650 1069 767 2289 860 2218 2001 2127 1868 1809 1323 2400 386 1548 249 522 1202 3 1594 381
000439.jpg,2044 2411 2501 2528 1190 1934 2517 2832 2515 2400 1644 1549 1270 556 85 1666 2574 2391 2534 987 2270 2797 2325 312 992 1102 188 2003 2524 1674 1122 1624 479 1656 143 1484 1162 1586 386 2709 2817 2790 2424 497 817 2529 1926 1118 409 1338 317 547 1319 2844 2046 1284 969 1440 1684 2584 1661 738 2455 2001 1411 2138 713 2228 1983 1456 1600 2082 197 533 718 1222 454 2318 2133 795 1202 134 2300 1552 264 1344 1735 2104 2367 611 1957 1886 2412 349 120 1539 1242 2483 2012 1173
000440.jpg,2252 567 1470 887 2682 2488 1651 2459 311 1368 1578 945 639 1667 1920 819 1566 2349 808 1210 2647 2328 1977 2491 1179 1367 2065 982 1583 875 2225 1791 763 1239 2416 595 118 2792 998 2793 1531 2658 2045 523 2778 748 151 2843 2098 579 2431 1271 2500 1865 1063 1854 823 1396 175 705 513 36 1105 968 68 355 492 2814 25 1154 841 928 655 553 1715 919 1370 2283 1827 1896 2575 2379 2097 337 533 1164 1047 2534 930 2711 2618 1741 2310 2181 952 528 1461 27 458 1354
000441.jpg,1549 2391 2797 2001 2517 28 796 2228 2460 386 1680 2363 264 299 2389 992 1122 2484 1118 2844 372 557 1366 276 1586 1501 915 238 2691 224 1480 413 128 2185 944 1335 2139 136 879 1202 1661 629 1143 1684 1817 1440 2367 143 2400 2677 2502 837 497 1868 2455 711 1982 2298 854 1344 2483 1902 2833 140 1219 1700 2598 2044 2529 2355 1605 461 2092 2599 1009 281 772 1816 1456 1674 488 2152 1416 2256 1284 2193 790 2731 2584 1666 2411 1411 2147 477 718 13 1267 2046 2325 1285
000442.jpg,1145 208 460 595 2587 2775 823 399 1510 1415 1790 174 427 1239 2328 2636 1210 2507 2491 1904 1179 1977 320 1367 1621 311 2786 887 2009 1065 1566 1368 2682 1470 945 868 1651 2224 1578 554 875 2488 997 2459 979 819 1667 982 2793 1920 1865 639 2045 2227 2642 2647 2349 2431 808 2010 2252 99 1717 2225 176 340 1583 2156 1052 571 1321 567 763 1933 1085 1098 575 1806 2416 121 2658 1163 2750 2550 7 2019 1688 1736 2655 1482 1808 2274 2383 36 1562 1393 1890 2668 2080 2333
000443.jpg,2823 37 1995 2404 2218 2726 459 1907 1763 752 2474 1694 2268 1616 2448 1504 2353 2725 2115 2770 2141 2464 115 5 1766 1889 2457 755 38 1910 2165 957 609 1515 2083 585 244 620 509 2498 1170 2734 2623 1066 1744 2355 1436 2067 909 941 387 1963 1235 2425 1762 1835 744 621 650 1882 84 2197 1638 233 1596 1173 1222 2081 516 1363 1226 2136 850 2162 167 1539 1625 1880 106 955 2562 2263 2774 2645 1802 1286 2572 1560 1797 506 297 815 1232 935 1288 2116 229 738 2342 1352
000444.jpg,548 133 1365 1792 689 1421 1930 2374 493 2125 1947 1204 2582 150 1665 6 2247 1083 2672 407 1347 2838 2198 57 1861 280 1580 2418 934 472 1292 2820 1348 1229 210 2659 228 1859 1887 1193 170 2356 2585 1359 2456 2039 2581 1575 1551 438 2434 723 1377 1234 82 2548 106 1758 2206 2209 514 482 247 656 793 2184 1121 746 874 884 2123 1590 1856 1147 859 2493 2740 212 1279 421 756 190 1375 914 522 1493 842 546 294 1877 857 2748 570 2050 1059 663 1577 1696 2332 1064
000445.jpg,902 2033 917 32 87 590 187 2563 765 1748 83 993 1943 920 541 1836 1950 1014 1593 2073 1459 469 2239 1467 736 1919 751 2326 2744 379 2700 2437 1869 1594 1195 378 2204 404 1609 1915 184 2667 549 2036 739 869 960 632 2824 14 2240 282 1905 818 2621 615 2453 1224 2605 2752 2360 1116 2020 2159 1690 2234 2296 2804 1713 1714 1192 2345 1028 321 91 1990 371 153 2651 2336 779 1403 2211 55 707 1838 683 1809 230 2638 66 2129 682 2235 728 792 2390 2176 76 1772
000446.jpg,1083 689 493 6 548 1930 1365 2522 1204 1856 1064 1421 2056 2831 1251 45 2386 1364 2582 133 1792 2374 407 210 57 2441 2418 280 1580 2125 1665 2039 934 2659 1861 2111 2548 1348 2827 2434 2356 1229 1887 746 546 310 2123 832 857 1347 1292 793 582 228 2585 2198 1758 1375 179 1359 1947 2785 2050 2247 723 472 777 1859 1785 2422 2019 34 1551 1590 2649 2672 1147 247 480 2489 2130 170 294 925 1434 1019 1575 482 2748 2523 212 1193 2586 2242 794 1611 1672 1535 2332 2740
000447.jpg,2074 380 2778 1872 2304 750 73 923 1599 760 975 930 72 1579 2387 1628 515 1603 2032 841 334 437 1541 928 2341 1154 1791 1750 492 1657 1793 1387 1256 2108 9 2812 156 2047 1189 919 901 1769 56 1504 820 1949 1354 253 802 579 2482 952 584 460 2488 1366 2729 164 2459 1770 1651 2217 118 1241 2028 945 1470 1911 1272 2210 2682 427 748 1566 1267 1976 671 1215 370 414 1235 323 2491 2431 639 2577 2814 361 311 886 2355 1920 1210 1367 1955 1233 1977 2647 297 2328
000448.jpg,1651 2682 1470 945 1578 639 2328 1179 1977 2647 1920 2491 887 1667 819 2488 1367 2459 311 1566 1368 1210 595 1239 2252 2431 875 2349 2778 982 56 460 1583 2032 2225 808 2045 1791 1337 118 2587 823 567 208 1063 760 748 998 1625 2793 930 1449 2775 841 385 1052 763 1541 830 2156 1531 2379 1286 399 2416 1380 1201 1098 1145 2371 1872 2083 1510 297 1189 2167 755 2750 1436 798 2792 1425 73 2074 750 1235 1154 1254 1321 428 1820 1911 975 1851 2406 1221 1709 2304 2783 724
000449.jpg,1083 689 493 2522 1064 1856 548 6 2831 1930 45 2056 2386 1251 1204 1421 1364 1365 832 2441 1785 2111 133 1434 1792 2827 2582 310 2039 2356 2123 546 407 280 57 2374 1580 1665 1887 1343 1019 2418 582 2659 1914 210 857 1004 2050 1535 2016 2737 2125 2112 1120 949 777 24 1561 2672 63 1176 2571 2434 695 1590 2745 2785 746 1861 2202 1348 1947 2493 1298 2383 934 1346 132 1229 2649 2761 228 1467 925 150 2116 2456 2143 2198 1685 736 617 379 482 1743 2332 472 426 2442
000450.jpg,370 353 1189 98 2210 1949 2520 776 2047 281 2691 1911 820 2032 1541 796 1219 2387 1263 2677 128 413 629 896 915 973 1902 1817 1501 136 2001 224 944 2593 372 2460 1700 2147 640 1371 1366 781 557 772 854 1144 334 2421 750 2363 448 2729 84 2483 2599 2362 1616 298 1599 1285 2598 1603 543 13 1711 5 1570 1515 844 2443 660 1680 1864 266 2474 386 828 2152 2828 1819 196 1480 1226 1750 2256 2074 2355 672 1754 2378 1537 1066 461 2185 1426 2502 879 1519 2086 2436
000451.jpg,1202 197 2375 1102 2367 1146 2790 1656 2817 2289 1752 2161 433 2840 221 950 2538 1799 2389 231 168 1624 4 817 1926 1407 2484 1644 626 1267 1422 2241 550 445 712 1710 1045 518 1338 1067 1840 1737 259 943 1545 1870 1369 1319 925 2454 635 188 2312 348 440 1623 1993 1617 2439 611 1544 1328 2769 26 1983 169 645 2082 2650 1444 1658 1381 1782 1663 2837 1679 735 1704 134 2836 51 283 1452 2011 1101 715 1650 947 1640 1552 1054 663 2707 659 155 562 305 1622 1172 1405
000452.jpg,2587 460 208 1510 399 2775 1415 823 2636 174 595 1145 2009 320 427 1210 1790 1239 1865 868 99 875 554 2491 311 2786 1717 1904 2328 2507 1367 1566 979 73 2793 2642 1179 1977 1065 340 1368 2458 2045 887 172 982 1495 2227 2488 571 2722 142 176 997 1023 1920 984 2459 1047 2577 1688 1163 355 2098 612 1890 2647 1105 1492 7 2682 1155 2065 1470 2225 1085 760 2452 2156 1396 945 2679 1808 1621 1002 763 1100 1628 2349 808 1578 2163 1676 2274 2747 568 2655 2446 2126 1562
000453.jpg,2425 1221 285 1188 1104 1797 2470 620 582 546 2168 661 724 1702 2261 2083 181 2550 1507 1858 1669 2278 585 2194 2807 1318 42 1436 636 1910 732 755 1536 592 2067 2019 1083 1638 1806 2313 995 342 2080 759 2468 1889 2378 1963 2476 1084 1482 428 2403 2595 959 1826 1933 1625 2141 6 1337 1145 2450 609 2342 565 1736 2643 577 2404 2371 2750 2383 829 2645 2058 957 1651 255 1960 1052 1882 807 1250 1321 1098 2230 1596 1697 2431 1931 56 40 752 2463 1820 411 2567 468 1330
000454.jpg,2190 1476 2202 2745 1914 1103 2495 76 88 230 1999 2547 983 119 80 1383 824 1231 132 1176 1693 926 832 1743 1296 1197 695 1092 1849 1722 1773 1867 2180 1434 596 19 2260 44 1818 95 499 1856 1838 215 1180 60 617 2021 1224 2542 218 2112 1116 940 576 683 1786 2111 2827 707 16 1714 1795 1004 1713 1265 2656 614 777 564 310 1304 1712 2673 2114 1971 424 632 2172 1073 2277 1900 2281 47 1257 1785 2381 29 293 1760 2787 436 286 2437 737 757 989 341 851 2533
000455.jpg,2538 2840 259 188 197 1983 611 1870 1319 1656 2454 1926 817 550 2161 1102 626 2817 445 1045 712 26 2241 2790 2769 518 735 2375 1422 348 547 440 1737 1369 925 1624 2649 221 433 1752 1146 1644 2574 1386 2424 1190 2515 1840 2050 1338 1202 283 663 1067 2289 1328 489 4 2325 1407 1934 2367 1617 1623 2544 179 635 606 2084 2400 1650 1704 2419 2082 943 645 480 85 559 2003 2189 2148 1172 2011 556 2610 987 1710 1148 950 2694 900 134 1666 880 1958 2652 978 1542 2270
000456.jpg,1886 2078 1239 866 1367 733 1566 930 199 1210 2045 2778 311 2491 681 595 1492 2488 875 1368 1920 982 2328 887 1179 1977 2459 763 808 2225 2587 2065 1271 528 2618 1865 2793 579 427 1657 823 151 25 2559 1470 1750 208 2682 928 414 1305 500 2647 460 945 819 680 1499 2349 1209 1025 2779 1667 1769 1585 2304 2431 317 639 115 492 73 292 27 337 911 1578 415 1154 1150 984 567 142 554 1651 399 868 878 2108 2775 523 2534 616 2384 1995 36 176 513 1053 2646
000457.jpg,2385 1652 1112 888 17 1360 2717 262 403 2246 1 2063 573 1159 1258 969 1520 1349 1630 2298 2541 2731 2727 2175 2466 797 1472 991 958 2710 2781 2300 2138 2104 1684 638 787 1698 2524 222 352 2481 2412 810 71 1242 961 2223 2271 1446 267 1291 2213 2372 273 1238 2339 1546 234 223 2834 1648 1615 511 913 2635 1572 1571 317 2633 2231 2270 2215 1619 2445 2455 741 349 307 891 1814 537 2704 1540 46 685 2648 1862 90 30 2619 892 2607 1618 1657 195 1411 1925 1982 718
000458.jpg,2252 1583 1791 1651 1910 2349 516 998 2083 2595 2682 585 2404 118 1470 752 2792 567 2067 887 1826 2416 2823 1201 1578 945 2328 639 2353 311 2778 1977 2550 1667 1907 147 1179 1210 819 2065 808 2488 2658 2491 1104 412 1963 1920 2079 2459 2793 2279 1368 1367 561 982 1566 1303 1145 620 935 2094 2647 2843 1507 2470 2425 755 2431 2225 1892 1797 1771 595 1638 836 1677 1531 1669 1956 875 1445 1806 2032 630 285 1889 1541 2168 517 1911 1271 36 1188 1021 1854 582 2625 56 2317
000459.jpg,860 1701 1489 1895 1417 1548 258 2482 769 1788 901 1976 161 2315 1980 767 2685 2702 2289 461 619 1557 1387 2308 1480 770 380 1816 1390 2712 2622 1233 1370 772 1504 273 1027 277 157 2484 1815 1663 688 1366 372 2389 2650 2267 173 1362 433 2797 568 2046 521 1682 2439 1710 2782 1993 1955 463 579 1579 1029 992 2231 1886 297 2624 1323 2781 1544 2074 1452 1320 1236 2075 1256 826 437 269 2167 1329 103 2304 2617 168 2276 2732 299 878 317 1479 392 1658 1897 1431 923 2832
000460.jpg,290 2821 52 207 346 61 225 418 2025 1481 2669 192 1829 2279 1299 1168 2690 217 1780 2467 840 467 644 2720 2442 478 2285 412 1932 2048 245 1768 108 45 2056 1364 2522 2562 2761 561 1251 1064 2831 2765 270 822 295 2091 2794 2687 2806 1024 1787 1127 2396 655 1262 726 2698 455 1071 762 2386 1692 1022 1843 2269 452 2317 430 1275 456 1435 1465 2164 2571 1039 31 1062 1378 753 2244 331 2316 268 383 2693 1875 138 1506 2531 1108 49 495 2142 1281 1021 936 534 326
000461.jpg,2813 2248 948 1874 2286 686 2393 1464 1937 2382 362 1076 2258 146 1841 647 1130 2683 2558 2506 2639 329 165 804 1944 2057 494 2708 1899 1639 1223 2291 2435 1646 2135 627 725 1212 1569 2580 1935 2438 1810 1825 1055 67 2728 659 2207 1606 1592 1379 1986 137 1463 2294 100 1640 2766 2068 1012 899 2741 800 2473 1940 2509 2151 1490 338 1291 2721 2569 1850 1406 491 1658 2376 2439 2713 51 715 678 249 1120 2100 2545 2788 1452 712 1936 2036 730 2492 1824 2309 2070 1238 2511 2241
000462.jpg,2782 1370 1554 2257 1614 710 1673 1331 54 50 1893 1886 2696 1707 2262 852 2618 528 186 1209 579 709 1031 2085 2026 566 1385 2559 512 1105 875 942 911 975 2219 662 1779 1906 1681 1718 492 25 1705 1211 1909 1613 317 415 2793 2600 2369 1848 487 1699 2304 2543 1154 2045 2337 2093 2480 1978 2098 2416 118 2658 671 1046 1158 622 191 2723 2646 1396 1564 434 451 486 1210 1384 355 1239 591 966 1047 1808 337 2028 813 1992 1587 2131 453 311 199 651 2274 2452 1181 2097
000463.jpg,2040 374 101 1451 1361 1951 803 1306 364 251 1900 2113 2178 304 2381 2546 436 545 1213 1115 2066 1353 989 1427 2540 393 341 737 485 1228 215 581 1389 1883 1175 293 1137 2136 1483 2114 1019 63 2022 1300 2644 1333 1785 1244 2787 1298 1447 2579 2504 727 2323 395 529 1561 2759 572 1394 1801 1178 789 766 1683 328 2238 1513 483 1847 2656 2784 1798 1631 1334 1161 962 2149 2242 1693 240 596 2523 2422 1230 1743 1928 1091 2277 1106 1996 1559 95 1166 614 2016 310 646 1672
000464.jpg,1453 1490 2376 2433 2713 1860 201 2556 2309 747 1901 2272 2294 2207 2728 1825 1055 1986 1940 725 1316 1056 1496 1948 260 2826 2767 563 2496 2088 2686 1443 494 1796 2057 2291 134 1416 1747 1223 889 1833 559 1899 1519 2076 100 1649 1636 165 146 2741 1096 2419 140 137 1958 1569 1874 1123 155 1041 1658 2558 2721 2135 1130 2815 1938 1208 2506 1965 1452 1267 2628 804 1868 64 2362 715 574 2639 1307 659 1051 329 2836 899 2443 1640 647 562 2036 1212 1218 13 900 422 2671 1944
000465.jpg,1083 689 493 6 548 1856 1930 2522 1064 1204 45 2831 1365 2056 2386 1421 1251 1364 2582 2441 133 1792 2111 407 2374 546 2039 2827 280 57 1580 1665 210 2418 2123 2659 310 2356 832 582 2125 1887 1348 934 1861 857 746 1785 2050 228 2434 472 34 1019 2198 2383 1229 2548 2649 2672 2332 1193 2247 2785 1758 2019 421 1292 777 2586 2489 2585 247 1347 1434 480 482 663 2581 1375 1590 1805 1947 179 1120 1359 1551 1561 2168 1147 925 2523 1772 793 212 884 2422 656 2456 170
000466.jpg,261 2322 390 1715 1967 782 1018 1662 1635 1461 1048 525 633 1187 2774 1050 670 2770 1475 653 771 1240 2765 2429 1974 1376 2316 1774 552 1746 2632 2199 113 2311 1164 654 1472 478 2406 414 2773 507 1875 1438 471 2689 108 1008 2398 972 2764 1274 2164 2531 963 1500 200 649 235 1216 1220 1648 1435 2407 449 625 1156 753 1831 245 33 2250 2822 2565 2061 1655 1941 458 840 587 1127 53 1248 679 1024 580 2091 928 1730 159 1598 131 1741 27 1829 1780 467 2370 1039 2301
000467.jpg,1112 1360 403 2246 1258 1349 17 1652 1159 1 2063 573 1630 2717 888 1520 262 2385 2466 1546 2541 2731 2710 2175 797 958 2727 537 2300 2298 2372 969 71 1698 2223 1648 961 638 787 2648 2271 1472 1446 2412 317 2339 267 1657 2231 810 1291 1238 307 2781 195 2445 222 2481 1684 991 1942 2619 2716 665 352 2704 2513 1571 1294 1939 2473 2104 2270 2440 1408 1516 2822 551 271 2811 2588 1242 2524 741 344 1862 685 2082 1433 30 1607 1530 2338 1618 1814 1215 2635 1671 955 273
000468.jpg,2248 2813 1944 2558 165 1130 686 2435 146 2135 1899 494 647 2057 2506 2683 2639 100 2291 2741 899 137 1212 1569 1223 1874 2580 1646 1606 574 948 1463 725 1640 1134 2825 1935 329 246 804 362 1841 2258 447 2766 1547 48 2842 1937 2207 2393 2382 1464 2511 2286 1825 548 659 493 1076 689 1055 2728 2294 1056 1940 1038 2421 1083 2184 1665 422 1777 1986 2721 204 2068 2004 1185 64 1204 439 2309 1365 1592 2838 2326 472 1901 1930 692 2569 1639 491 2438 2736 2713 1126 2708 570
000469.jpg,2152 5 1515 941 84 1352 2502 985 2457 850 2355 2165 2734 2593 2474 2820 1616 1605 1674 676 323 713 1272 844 2115 244 1949 13 1762 1066 1170 409 2787 1371 509 106 1751 1342 281 973 2497 2726 198 865 39 1882 75 343 1113 862 482 2623 479 347 1226 206 845 650 98 1733 738 831 851 2288 896 1267 424 384 1591 2214 828 2695 256 1957 781 940 1219 270 640 1206 2691 496 272 1222 776 1601 1064 1595 1263 1864 1144 2624 19 2761 1004 2831 549 254 15 812
000470.jpg,1469 2317 2756 2320 754 1728 376 16 1447 1149 1847 213 2533 2277 2408 2021 1265 757 29 1513 44 1161 2295 577 2413 135 2143 1448 558 293 1533 1166 1231 1178 1296 2615 1996 2409 2354 1478 316 240 967 328 24 483 286 1804 789 1269 1867 614 2422 1483 2540 1137 1383 1898 2238 2260 232 1883 861 1427 2759 2235 761 777 2470 80 520 119 1749 935 1535 766 1091 218 2784 1945 2579 836 1672 2555 1849 1353 47 1722 2096 2024 34 2638 1727 1506 2785 2523 499 752 1013 609
000471.jpg,1651 2682 1470 945 1578 639 1667 819 2647 1179 1920 1977 887 2328 2488 2491 2459 1367 311 1368 1566 1210 1239 595 2252 875 2349 982 808 2431 2225 567 2045 763 823 2778 1583 460 841 1337 2587 118 748 2032 1791 2416 1063 1531 56 2793 208 1449 928 2065 1425 1154 2379 1201 1286 998 2470 1865 2428 1820 2304 930 919 2083 579 492 2156 1579 1541 2814 1354 1851 2371 830 2783 285 2167 1769 1221 399 151 1380 2792 1262 1235 1189 760 836 2775 1620 2629 1071 952 2406 25 2750
000472.jpg,1412 488 111 2483 1240 1740 322 1784 2195 519 694 2062 1241 1150 1822 1729 2108 2812 1293 1750 584 2677 1344 629 1143 281 915 1401 1097 1921 944 795 164 1118 2053 1647 1366 2402 879 159 721 2256 557 2460 1439 1972 992 1297 1501 598 261 896 892 837 1862 537 479 156 1009 2455 2226 128 413 2502 2389 1440 1539 226 299 1586 2654 497 2806 2046 1514 114 676 2541 2539 224 1219 1073 2318 264 1674 2798 2340 729 665 2154 13 2770 824 1605 761 2136 377 1135 317 924
000473.jpg,1567 1237 1981 446 1604 530 1518 2049 921 1290 2064 1017 1384 1879 1301 1058 2796 2596 2140 1742 631 908 2660 451 1002 966 662 1613 1909 607 394 918 708 700 2282 2392 1491 1119 124 2257 996 2530 1676 1239 2010 1495 2093 1992 1978 415 1065 1587 2357 1800 2224 1645 2658 2543 320 709 1564 1621 1313 288 651 2458 773 487 2117 1385 742 571 1731 1138 1906 434 1145 2613 2131 942 1554 172 345 2219 2085 595 612 406 2145 1388 1174 1779 2675 1007 2793 1778 868 1913 2156 2262
000474.jpg,290 52 2821 207 346 61 225 418 2025 1481 2669 2279 1829 192 1168 1299 2690 840 2285 467 1780 1932 245 2467 217 1843 478 726 504 2091 2765 108 822 1024 561 655 412 1262 268 2720 2698 2142 2715 2687 1062 456 1275 1281 2634 1813 806 534 1022 1039 331 452 129 1378 31 2794 53 1875 2396 495 2137 501 464 644 2429 927 2164 430 324 1787 239 661 2059 1465 1127 1789 2244 1505 762 1941 131 753 139 1923 326 389 2278 2311 1692 1768 209 49 999 220 580 2693
000475.jpg,1656 2790 1102 2817 221 1644 1624 817 197 1926 2375 433 1407 2289 1338 2161 626 1319 2411 2528 1190 556 168 943 1202 2840 2501 2044 2538 635 2515 2367 231 1710 1270 1934 2312 1101 1146 2270 188 1752 1704 2400 611 950 2517 1067 2082 1799 85 2389 1650 2610 1122 2832 987 2484 1737 4 1405 2574 1545 1666 1589 741 445 2424 1172 1552 547 2300 550 317 1386 712 463 1549 2241 259 1417 2325 2801 1118 283 2133 1663 1983 1788 312 1468 1411 2455 1422 1045 2454 606 1815 1437 900
000476.jpg,2754 575 441 1523 2395 2695 373 845 652 2383 2019 1016 1482 2080 1691 1136 254 1574 2544 1507 825 2550 2699 1203 584 1104 577 873 1669 851 2336 1538 1145 1246 1790 2016 219 1092 2129 2789 2441 2495 2324 2426 1745 2224 2202 2157 1633 107 2180 2641 632 2745 818 1177 2317 2277 2414 1304 1536 2331 2525 728 397 424 777 490 218 1065 19 1206 2333 1425 55 60 391 1414 2176 2106 1382 230 2035 1838 1318 1224 47 1132 1933 2775 14 2603 1169 76 1588 1201 121 1151 259 1921
000477.jpg,2044 2411 2501 2528 1190 1934 2517 2832 2515 2400 1644 1270 1549 2574 85 556 2524 987 2270 2391 1666 2797 2534 188 1102 312 992 2325 2003 1122 1656 969 1624 2790 1926 2817 2709 2424 143 817 2844 386 547 1684 1319 1983 1674 1586 2138 2104 1338 2455 1411 1661 1162 1242 197 317 479 497 2529 668 2046 2300 264 2584 1484 2001 1284 273 2412 718 2082 2298 1552 445 1440 2340 2633 349 454 2228 1118 2375 1202 134 1456 611 2541 1814 2840 2133 1925 1886 1982 2012 352 1238 267 741
000478.jpg,1910 2083 585 2595 897 2067 2156 56 571 1098 1321 2450 1736 147 1858 2750 1806 1892 1771 1638 1677 2342 755 2404 2037 1826 2625 2567 2432 1709 2645 2201 1998 1933 1963 1324 1907 1445 2425 1791 620 2150 752 1337 1214 118 1583 2751 1889 998 2823 671 1797 957 1436 959 2313 229 1084 1790 2079 853 255 2353 1766 1201 1129 1625 609 2778 2141 1286 2792 2725 233 2252 183 2476 2094 2089 1449 1215 22 2028 1052 2197 181 1188 1651 1560 2464 1977 2470 1210 2565 1171 935 2230 387 882
000479.jpg,261 2322 1715 654 1187 1831 633 1635 390 2764 2406 1974 1756 458 670 1018 1240 963 782 1655 2061 1461 1967 1746 414 2689 1706 1648 1164 1050 2199 1376 1156 2822 552 649 2814 837 602 1216 928 2370 1117 1009 1317 2053 972 1912 2092 505 1332 503 598 264 125 1680 363 2193 936 2052 159 771 1124 216 1335 1822 507 2062 1543 1917 1730 367 1293 2812 2773 1472 587 1097 235 2716 2681 2592 2228 2770 1143 2833 2250 1942 1755 1787 2797 618 1961 1395 2484 2139 2396 533 299 152
000480.jpg,1823 356 296 1282 408 49 1991 383 1182 2396 2794 780 1022 1918 138 1612 252 1787 2244 786 495 1465 1378 1741 2799 241 1852 1317 452 1746 131 1755 1655 2236 936 2099 330 1303 2119 805 2232 2674 1563 758 1568 268 1475 389 2017 1109 2370 654 1395 587 2280 1917 1135 354 92 2742 2173 1921 1503 1011 1843 972 2279 2061 1781 1756 363 367 561 2764 505 2142 239 963 699 806 653 1974 1831 1376 402 2053 847 838 734 1021 726 53 314 1706 670 1461 209 2285 139 1039
000481.jpg,1830 702 848 835 1845 768 903 688 2601 1908 2471 1323 103 2624 126 1608 1254 2276 578 931 1340 1114 250 502 1235 1310 2388 65 1107 1186 1512 1821 1720 990 1413 1391 1767 297 2314 1073 2518 1120 2275 1357 1620 603 1113 284 830 1450 1732 2787 450 1351 1678 1772 2667 1147 812 303 2054 2218 2046 845 35 2204 1869 1824 1131 353 1959 2288 1439 2748 2114 2653 2671 5 39 992 581 370 549 2453 392 531 522 1189 2647 1012 1285 737 539 385 1504 1226 2152 2497 404 2214
000482.jpg,1221 285 546 582 2425 2168 661 724 2261 1104 2278 42 2807 1188 2194 2470 1318 636 1797 1536 1083 620 6 1702 181 1882 1960 40 2083 592 1858 1669 1482 2080 1436 1507 851 2571 1071 2550 2019 585 2383 2313 732 759 1232 807 196 755 820 995 1625 353 2643 2468 2378 1651 2067 956 1910 1189 2141 2514 1523 1084 2431 1337 428 2403 2827 829 577 2783 1744 1638 669 596 2572 342 2111 2371 2475 1820 370 1643 2441 476 1963 959 2737 1380 949 98 609 1139 1201 783 2171 1945
000483.jpg,1823 356 296 1991 2396 1282 2794 1022 408 49 252 495 138 780 1612 1182 1787 1378 2244 383 1465 241 786 452 131 1918 1741 1303 1852 1655 268 2236 1563 936 2280 389 1317 1843 1746 1755 1109 805 758 1568 2799 2232 2119 806 1011 1475 2173 2674 239 2017 654 1503 2279 2099 330 504 2142 1781 2285 53 726 653 587 2164 561 838 1917 2429 2370 2091 2693 2061 92 534 840 467 209 1662 999 139 31 363 1135 2742 1756 525 1875 2765 1929 1039 2698 402 2715 2137 1395 799
000484.jpg,290 52 2821 207 346 61 225 418 2025 1481 2279 1829 2669 192 1299 1168 2285 2690 840 467 1780 1932 217 245 1843 504 412 726 2467 2091 478 561 2765 268 1024 2698 822 53 108 655 452 2720 495 1275 1262 2396 1875 2565 2142 1127 239 456 752 1039 806 1022 1281 2794 2634 1062 1787 1378 1303 2687 644 2164 2715 2442 1813 2137 534 501 383 516 31 131 331 129 252 92 753 2693 430 858 2317 464 1692 2059 2429 1220 324 1465 139 1941 935 2611 2280 2316 295 927
000485.jpg,67 2509 202 1810 1075 1012 249 627 2161 1358 433 291 1406 2650 1749 576 282 1776 2454 2157 197 2375 2610 1350 79 2289 1494 26 929 880 2538 2004 269 1086 2583 1799 1650 130 77 1883 1300 2769 1788 720 2694 1870 857 769 497 824 366 1483 801 687 2437 348 1202 634 1597 646 90 2790 2555 2801 2739 1191 2121 161 885 1735 1043 2127 1166 1278 993 706 2367 1499 391 1272 1689 396 842 1653 1675 1943 1836 263 44 1542 168 950 1593 1522 2840 619 2308 2486 1869 1390
000486.jpg,654 1831 2764 1974 1756 2061 2689 261 1655 2322 458 1706 2370 505 670 363 414 1317 1543 1461 1117 1917 1912 2199 2681 936 125 587 633 507 1376 771 1921 1730 367 159 2250 1746 2053 1187 1918 602 402 1395 1822 1293 1755 1018 1097 963 235 1332 782 1787 553 972 68 2812 455 2193 2597 786 449 1873 2191 200 2396 1164 1827 1647 2144 1156 326 2822 1111 2265 1135 1715 1961 1240 2594 552 1262 1929 699 705 2806 2716 1124 805 2794 120 1635 877 526 2833 2690 390 2092 295
000487.jpg,1019 1389 63 1785 2066 1213 545 1298 2022 2113 1228 304 1333 2016 2178 393 1115 2546 1483 1137 499 1561 1883 1631 1685 1447 1773 1306 1951 2136 1244 634 251 832 1533 182 1971 1434 1257 954 485 149 1786 1087 617 1689 1353 614 2540 1427 1795 1300 727 1743 1176 1451 2040 695 101 658 1999 1207 291 376 714 1693 132 1004 1749 898 1712 1103 374 983 2547 2112 596 2381 2430 803 310 364 2656 2422 1361 757 576 76 1166 1558 1928 1394 16 1180 2242 1760 1346 24 436 328
000488.jpg,2584 1411 349 1433 668 312 4 1815 1694 1122 2616 619 1153 1302 2440 1408 741 1305 2789 2455 2576 1338 2445 1545 1684 1939 1146 939 2308 665 2389 521 1156 2063 2731 1386 2138 552 1994 2727 1201 85 1294 2092 1009 2372 1095 837 1993 1446 1461 2832 961 1926 1520 2712 2484 238 2801 17 2100 1067 705 1873 2226 195 2610 1549 650 1737 1 2199 2704 573 1942 1974 1752 1891 2253 1284 2654 2833 1652 1456 2466 169 986 1698 2338 987 2255 30 2250 846 1622 2631 2594 271 1963 2185
000489.jpg,472 2662 342 551 1625 1345 1363 222 2141 798 2371 1288 756 2308 1295 2717 2694 1432 1826 1436 428 1703 2776 2513 1522 228 470 287 2431 2703 1597 1792 706 2058 247 514 842 1653 1575 385 2712 262 1887 2054 2659 1350 2187 880 1675 255 1059 1494 291 147 2039 746 2083 366 2356 976 793 2739 1930 130 2067 1330 1278 43 1365 1963 1758 656 2123 56 1910 1749 1034 667 570 2125 1861 1877 2127 1457 1375 1043 1279 1542 1277 857 1776 619 2206 2332 2649 2456 814 2089 421 1078
000490.jpg,2332 2739 1191 706 366 1043 1350 1542 720 287 77 857 880 1776 2694 2321 2123 1457 976 1432 2703 885 2039 1494 842 421 158 656 1086 263 1653 1345 859 2356 1887 1196 470 2184 1724 801 2206 704 1664 228 2662 746 242 130 514 2581 1522 1193 2127 2659 2672 247 2327 2590 1877 3 2454 756 1765 438 2456 493 1930 1575 588 291 583 1675 1081 1758 2187 1665 689 2050 548 1590 2198 2330 570 2588 663 2769 1642 472 2186 294 2004 2229 133 1204 522 2582 1792 170 82 1551
000491.jpg,2064 2049 530 921 1518 1290 1604 446 1237 1981 1384 1567 1017 1879 1301 1742 1058 2140 2796 451 908 2596 631 966 2660 1002 662 1613 607 1909 394 2257 2282 2392 1119 2093 2357 1978 1554 1906 708 1491 918 243 700 1370 1495 2658 996 2530 124 2458 415 612 2793 1673 1992 173 1065 1211 2696 571 2452 1587 1564 709 823 320 288 2131 345 2163 121 1808 2219 172 1779 1388 2262 1210 2010 2310 512 1431 2085 1385 487 528 2543 566 2722 942 2117 2156 311 1800 434 1865 1396 1442
000492.jpg,1096 1416 2628 64 48 439 574 1640 1569 100 568 1948 1636 1658 899 1444 1899 2352 2439 1649 2767 2721 51 715 155 772 2741 1054 1218 1965 2815 1041 2291 2135 1223 165 1212 305 137 494 1381 2057 2558 1463 1544 562 1051 1782 2298 1944 1993 1684 1606 1130 1860 1840 2836 146 169 2506 645 647 1679 2069 168 2639 2435 563 1261 2309 2011 201 266 2683 2580 2076 231 1901 1935 1255 194 947 1134 134 2248 659 2826 2713 2088 2376 657 1874 260 826 2837 2207 1825 2294 1940 725
000493.jpg,2502 2152 5 2355 13 2593 1605 1674 1219 281 640 629 850 2677 1515 1272 915 944 676 650 2147 1501 128 941 1263 84 413 2483 1352 496 224 2691 136 1817 1267 896 985 865 1366 1902 854 1700 844 1750 323 2460 973 339 2001 2666 2362 488 2734 2443 862 2457 2828 672 1751 660 372 557 2624 796 1152 318 1036 713 543 1440 1864 9 2256 2820 1819 1285 39 2389 1114 2599 2653 1426 1949 933 1711 781 265 299 392 1423 75 2165 2497 1519 2288 2334 531 1599 198 931
000494.jpg,1138 1731 406 742 1645 1707 1800 2613 288 1721 773 1871 1876 1007 2763 248 1385 1779 1992 2102 2145 1325 1526 2516 2596 1511 186 1442 1969 1424 94 1020 1119 2809 883 855 709 2219 535 11 1527 1053 257 631 2377 2110 1894 2093 1718 811 434 416 2392 124 2134 1466 2560 708 700 1581 2747 199 749 730 338 1455 2282 1110 918 610 2697 996 2530 2609 852 1587 1978 605 2800 1311 648 2543 336 1491 1564 1079 2344 2788 2549 2262 2626 1676 937 2205 1848 622 2670 2006 1379 1133
000495.jpg,1831 654 2764 1974 1756 2061 1655 2689 458 1706 2370 1912 1317 125 363 505 1917 1921 2322 261 936 1543 1117 1730 670 587 786 1755 1787 455 1395 159 2806 1918 2396 295 2681 1097 805 1461 1293 2794 1991 1262 1135 1823 1822 771 1022 367 1746 402 1465 449 138 200 1961 414 430 780 2053 1612 2690 2119 326 2199 2193 1781 1332 2244 1929 580 602 972 2236 1568 1376 2597 2232 1741 2250 1647 464 594 241 699 507 655 331 1827 192 2674 963 68 847 1378 2173 533 2812 2799
000496.jpg,1469 2317 2756 16 754 2470 2320 1728 376 1447 1149 1847 2277 2533 2021 44 757 2408 213 1161 577 29 1513 1265 2295 1994 1533 1231 2413 316 1409 240 967 483 135 293 789 2338 1448 1178 2784 195 47 2143 2540 314 1296 2579 558 1166 2354 328 2253 836 1441 2693 1140 286 1804 2615 2224 1427 2396 2235 1996 2071 780 1910 464 1137 268 1337 139 1826 1852 344 1383 53 1932 2173 1182 1050 2280 2794 2759 2409 1883 1506 232 241 2422 1843 391 649 1898 1867 1300 643 1555 2099
000497.jpg,518 550 2241 735 440 1045 712 1369 2538 2649 663 925 348 1422 1870 1840 2050 2189 480 524 2840 2161 1328 2454 635 970 197 1617 463 1452 977 1644 1172 26 2130 1151 1710 626 2375 179 2564 2769 445 978 1146 1983 1202 1148 1623 943 1737 221 259 1102 1624 2200 2817 1407 2836 2397 1437 1656 2652 2082 900 2148 2837 2707 2790 168 1926 1067 194 659 1752 188 1405 4 2580 2312 1386 2419 1468 169 556 1679 1782 433 134 2581 2367 613 817 1486 563 1208 559 2389 1663 1338
000498.jpg,2152 5 2502 2355 1515 941 84 850 1352 1605 1272 2593 2457 13 2820 1674 985 323 676 650 2734 1267 339 2165 640 496 2474 281 1949 1616 844 1219 1751 865 713 2666 629 106 1762 509 862 1504 2677 944 915 39 206 1733 896 2115 75 2147 198 343 2497 2288 2787 1066 244 2624 1591 1358 1263 1342 1864 409 973 1501 845 1819 1403 2483 2361 2367 1371 413 404 2204 98 863 1776 128 549 1170 424 482 1601 2518 1113 1594 828 2653 1609 1152 2330 318 1036 265 751 781
000499.jpg,416 11 2110 1778 664 883 2394 105 1473 2809 2452 144 680 1268 866 778 1876 382 1854 2711 1946 984 733 12 517 2747 1621 2117 1271 337 121 1155 1089 2010 1100 997 2446 7 666 2333 2507 1970 1431 988 536 1132 1588 172 612 569 1904 1721 193 1404 1396 855 2793 2658 2679 1688 2249 1119 1023 1305 151 2090 301 599 2792 1047 1085 36 2078 2098 662 1745 1879 1163 773 2349 2722 1808 355 2357 2426 1442 1424 2516 2416 2042 2009 1613 177 1790 1020 2102 415 2636 1325 2274
000500.jpg,1549 2797 2391 479 1661 992 2046 1344 738 2517 1586 1835 2844 2001 28 1222 2228 386 497 1122 409 1957 831 2214 1680 15 272 796 264 384 143 2325 1118 896 1066 238 2400 2460 1882 372 910 454 2363 1666 1284 2691 2268 2529 459 1456 276 1480 2003 299 1206 2726 20 1684 2139 2484 1190 1226 2092 1674 37 1754 1143 557 772 2833 718 2044 1440 1539 879 1694 2193 1366 2389 2222 224 1009 2584 915 2411 1501 122 1982 2086 1744 1411 136 1144 128 167 2455 1902 1817 2598 1189
000501.jpg,16 761 2317 2331 2277 1447 1469 614 1137 924 44 757 1044 490 834 1533 2555 2249 861 1727 856 1249 2361 1217 309 1150 516 1474 632 1749 2453 376 2758 1605 2604 2180 412 745 2718 2551 488 443 1277 1341 577 1069 45 1019 333 1299 47 1168 2522 576 2056 617 111 1251 499 2502 1013 1999 1219 2654 777 2058 2495 935 361 294 2831 629 1773 1272 2195 2828 2677 1785 1364 325 2483 2641 13 1795 107 210 177 1257 2024 650 1183 1939 2460 1390 672 2096 1412 2761 1366 1745
000502.jpg,2482 1701 860 1489 258 161 1788 769 1417 1976 1895 1548 461 901 173 2702 2553 1256 2289 767 2315 477 1980 2074 1599 73 2685 273 157 997 568 1387 1504 380 1911 372 168 433 1816 269 760 2507 2379 1904 437 2075 1710 770 1872 1479 1682 1366 1480 2298 1320 772 1557 1002 515 2010 906 2778 28 1851 1510 2267 460 72 2304 2380 415 1236 1390 1628 399 2650 355 1233 99 9 1029 2732 1285 2268 975 2793 266 1052 2256 2622 2161 128 1331 164 1684 2587 1370 231 136 2028
000503.jpg,348 26 925 1369 1869 378 480 2649 1195 1870 1045 712 960 2050 2454 2204 549 663 1594 179 2229 2621 2130 2241 704 404 242 550 1609 1772 87 2667 2033 2329 590 917 902 751 2701 303 765 450 1959 2211 32 2198 2538 2493 2123 321 1590 2804 539 2563 1915 2129 2240 1169 735 2039 1348 294 1410 2324 1580 2020 2004 1748 1611 2586 2347 794 187 1832 57 2805 2447 993 2769 83 689 2525 1372 282 280 2637 693 35 2155 1805 1887 158 934 2418 779 1014 2780 469 371 2297
000504.jpg,1849 2495 1722 44 707 1867 2021 1231 19 76 614 2260 824 16 1197 1447 2533 230 1383 2277 926 29 218 60 80 1296 424 1838 2540 1103 1353 1427 940 2190 1149 1476 2180 683 2172 251 1883 2202 2673 1818 1999 2745 1180 1137 286 1394 75 2320 1300 2437 119 1116 1728 2787 1224 1092 1304 1760 2542 2381 2235 1714 2112 739 2317 2756 1773 2114 1914 2547 564 1004 1801 983 47 2497 1073 1469 1786 316 576 395 2281 1795 293 989 1693 1990 832 2563 757 2784 1900 483 1434 646
000505.jpg,2288 39 1357 1767 2497 1114 2653 931 75 198 564 424 2281 1751 2624 751 469 2390 1459 1594 1014 2667 1905 1601 1733 404 19 1609 549 378 2204 1195 343 206 940 862 1529 2036 676 1869 2671 1748 126 1004 83 2112 2542 1818 993 1915 2276 1180 578 1943 1985 32 1391 765 1403 379 920 282 541 1192 250 1950 1836 2744 1467 736 917 1340 902 2326 318 590 14 2239 2051 1152 2033 779 933 2388 1413 960 1036 2700 2345 1593 2073 87 2563 1434 1186 2824 672 1106 2828 910
000506.jpg,5 1515 2355 2502 2152 650 2593 84 1616 941 2691 850 1605 2734 865 2165 459 2666 2457 2474 448 844 1272 796 98 13 37 2115 323 1352 281 2353 1949 781 1674 1762 973 2268 244 1170 1219 985 1066 676 640 339 1504 1263 1570 896 1226 2677 1144 776 1426 629 2460 1267 298 1819 1371 1864 2001 128 413 2147 1835 1754 1744 2820 1882 915 2086 2726 224 2623 474 1902 509 2361 543 828 1501 1477 136 1817 353 477 2483 2363 1402 1700 944 372 1222 1366 2334 256 479 1189
000507.jpg,2396 2794 1022 780 1991 138 1787 1612 2244 1378 495 1465 241 1823 252 786 131 452 1182 268 1655 1741 936 2280 1568 1843 1918 1755 1303 1317 2232 805 356 389 806 296 239 1011 2173 2142 654 1781 2799 1852 1503 758 1746 2236 408 1563 1282 2017 504 2693 838 2674 49 2164 2285 314 1109 139 53 2061 2119 534 1135 209 653 2091 2429 999 726 31 1756 1395 1917 383 587 1974 1039 2099 1929 367 1921 2715 2279 1500 326 2059 402 467 245 2806 1281 2316 505 2137 464 580
000508.jpg,2813 2248 948 2258 686 1937 362 2393 2382 2286 1841 1874 647 2683 1130 1464 146 2639 329 1076 2558 804 2506 165 1592 1944 2057 1639 494 491 1646 1899 2569 2435 2291 2708 2135 1223 1935 1212 1185 2438 1463 899 1606 137 725 2766 2473 2580 2207 2741 1824 1825 2717 2842 1777 872 1055 2427 2704 2511 800 482 2492 1986 1126 627 1056 1547 774 2294 2728 1134 1665 2273 267 307 447 2068 338 1291 1094 67 659 2825 2243 2087 90 100 1441 1810 1814 730 1012 1071 570 2100 1379 2788
000509.jpg,1724 1664 366 77 2694 2327 706 1765 2739 1191 2332 880 1350 158 1776 1086 1457 2590 720 1043 976 242 859 1196 885 2184 1542 857 287 588 570 2321 583 746 263 704 1432 2703 421 842 801 1494 2588 470 1081 2456 130 3 1653 2123 2330 756 2229 2186 1522 2454 656 2662 2127 2039 872 294 1665 291 1345 1034 438 2356 2672 1642 514 2769 2409 1887 1497 2206 339 228 2513 2174 2493 863 247 1590 2461 2659 2838 1575 1928 2247 1814 1234 1877 2820 1930 1675 548 1166 493 1421
000510.jpg,2252 567 808 2349 887 1470 2065 311 2682 2488 2459 1368 1791 1210 1651 1583 1566 982 1667 1578 945 819 2416 639 2328 1920 763 2225 1531 875 118 2792 1367 1977 998 2658 2491 2793 1179 2647 1271 151 513 595 1239 1865 2843 2045 337 1370 36 1396 523 1100 1404 823 1089 2098 1063 748 1105 2274 1854 355 2778 1047 2097 2310 1155 2452 984 866 2042 579 7 1906 227 813 916 1808 867 680 1431 2500 2357 175 517 1909 1673 705 243 2446 2249 2379 1268 2814 1085 2093 2283 2587
000511.jpg,245 1505 61 346 2821 207 2025 52 418 139 225 1481 2279 209 290 1829 2669 1932 192 1299 1168 1635 2690 1503 838 1780 467 840 2698 2232 1026 1568 2173 2470 2059 1967 456 390 1281 805 389 1050 1465 331 580 2285 2674 2244 1273 655 1781 2693 1062 2715 217 561 1715 31 108 653 2280 758 1216 2765 1755 478 2467 2794 1741 129 1303 314 1024 525 2091 326 936 726 1127 464 2505 2465 1813 822 1109 2099 1022 501 1662 806 1356 239 412 252 2164 2142 1787 495 927 2137
000512.jpg,659 1545 2486 2801 715 642 1640 2721 51 1622 562 305 1095 1452 2100 846 1679 48 169 1782 64 2837 1067 440 1993 1799 1381 2836 2439 1658 1544 1840 439 1054 645 1422 1617 1623 2707 100 1569 2253 2343 168 2826 2817 2011 194 231 1338 1944 817 1926 899 1202 2580 2509 1463 1416 1096 260 2610 1663 2713 197 2068 563 1901 1223 2135 134 1810 137 1212 1547 686 2545 1899 2511 1624 2309 518 1444 2628 155 1636 2558 1796 166 2352 2088 1935 600 1606 2840 165 1102 1860 2435 2305
000513.jpg,339 962 529 1272 2323 2644 395 13 1798 323 1801 1334 850 2355 1175 2149 496 1394 646 5 1928 2152 2666 1689 1559 869 2502 2656 1605 1267 1230 1106 650 1504 2593 863 485 84 1352 1674 581 1483 588 1497 2590 1358 583 941 1515 640 2381 989 939 1949 2457 2047 1081 985 584 1016 2127 1361 2032 2277 944 2114 1561 1166 1219 374 750 1451 634 2540 1754 2409 1749 707 803 2367 614 1086 676 1603 2734 713 1693 915 297 1765 477 1839 101 1744 629 2430 1958 845 2395 1883
000514.jpg,2254 2233 457 1734 102 2192 1072 2802 2714 294 516 2461 1034 1857 1276 1653 719 1392 2008 1494 2018 2513 86 1289 764 876 1234 2146 1611 1493 1246 793 794 247 2748 2586 825 58 212 2174 190 775 914 210 1551 1626 874 1805 1716 1577 1121 2229 279 2368 1043 723 2209 2662 2166 2447 2551 1959 2418 2718 1169 2733 1522 2130 2525 1517 2453 1244 2106 462 746 179 798 407 2684 357 1382 1678 1727 1347 884 2780 693 1259 1247 2155 2555 2284 1861 1410 2487 2187 632 2588 539 604
000515.jpg,516 2090 1132 536 1588 988 193 569 121 412 2394 2452 752 1553 2333 144 2117 1621 935 1065 1431 1021 1268 1430 2507 561 680 1904 997 2446 1299 1168 666 2010 2747 761 866 517 778 2249 1145 2096 984 733 1303 92 1970 382 1089 36 916 1100 2770 2310 2122 1047 2711 1910 924 355 2017 1854 2823 2098 2055 836 227 415 1396 429 2537 1790 2078 2404 453 1956 1888 1105 2829 599 1583 177 1044 1404 643 1085 1271 2555 1852 523 301 401 1562 1023 173 1492 2252 142 27 1388
000516.jpg,2816 1244 2167 1703 1027 2216 1583 1487 1288 2024 1052 998 1389 637 2274 2792 2171 1090 521 2022 2810 2449 8 118 426 1791 922 1808 2043 2349 2617 2658 2416 1597 1697 2445 2841 411 2843 1163 1085 36 589 2793 1671 7 1763 213 1688 335 2679 2727 1903 2403 2252 2230 307 1145 875 233 297 1363 1520 1139 981 619 567 2657 1019 1337 2328 1651 1790 2071 1910 468 2339 2372 1826 1201 2452 1375 2083 2308 391 453 1210 141 2778 2156 311 1271 1820 1433 1933 1321 898 1 1804 2775
000517.jpg,2433 2713 1986 1490 2376 1940 2294 1825 1453 2207 2728 1055 1056 725 2545 2034 747 1860 201 2272 2556 1223 2309 2767 2023 494 100 1096 1899 2291 137 2135 1901 1948 2057 2435 165 2741 1416 134 1569 899 140 146 1796 2558 733 1212 2078 866 85 2801 2755 1944 1868 2326 2766 1130 680 1452 659 2319 563 2832 155 2100 2639 1874 686 2580 574 523 987 1316 1305 1649 1636 260 635 1640 982 1606 2815 2419 1122 352 2607 701 317 447 984 2826 2506 2411 2501 64 2833 2642 2671 647
000518.jpg,472 551 342 2662 222 2717 1625 262 2266 127 667 2371 1509 2776 1078 2820 1863 160 1530 756 1363 2067 1589 2513 428 1550 1345 1025 226 2293 1963 1826 2619 2385 641 2141 2094 2704 2431 1324 1295 1279 2125 2740 150 1947 147 872 294 344 385 991 1278 1910 516 888 1173 1735 2694 624 1450 2456 1939 1112 2273 1059 2054 976 106 1724 2703 1698 130 2374 703 407 1824 787 2481 1807 45 746 2461 585 1792 2736 1719 2404 1347 857 798 1432 1034 570 1814 366 2356 810 1234 2223
000519.jpg,516 752 412 561 1021 2823 935 2404 1303 1299 1168 2550 2353 1507 1910 2279 1104 1907 92 2017 1669 1201 1826 536 1132 1588 2698 630 1852 988 383 2595 761 121 1939 924 569 2090 1044 2333 2770 2094 2096 1583 1692 193 2317 2555 1791 344 252 2343 1072 1474 2083 27 836 1829 1145 1249 1729 1445 443 1891 1037 166 256 495 1727 2079 138 1621 1273 1956 745 1694 1704 650 2738 701 2277 586 1723 643 2192 2641 220 325 2565 1648 2254 2137 2619 2666 1419 2452 16 2269 2249 2361
000520.jpg,1999 1103 2547 2190 983 1914 132 1176 832 88 119 1693 1743 1476 695 2202 2745 1434 230 76 1773 596 824 499 1786 1795 926 95 2111 2827 1856 1971 1257 1383 2112 1004 80 1180 617 182 2180 16 2495 954 1231 149 1685 1712 310 2542 1818 1197 1296 614 1838 940 1785 2441 1533 1224 1714 1116 576 683 777 1760 215 44 1713 19 757 2277 1265 2656 1722 1849 1867 218 47 1447 2317 34 1469 2260 1883 2281 2016 2383 1672 2080 1482 2422 424 490 658 2021 1137 564 1346 2523
000521.jpg,2252 567 1470 887 2682 2488 2349 1368 311 1566 1920 2459 1578 945 1651 1210 1667 639 1367 819 2647 2065 808 1791 1239 2328 1977 1179 2491 595 982 1583 1396 2098 1105 355 875 2416 1047 763 1906 2225 2310 2793 2792 1865 2357 118 2446 2093 1673 2658 523 1331 1978 1614 1370 998 984 2500 1554 823 813 337 1531 2747 1063 2045 2097 208 2587 2379 1119 2392 2257 2249 2660 1851 243 2452 2042 705 2843 1904 394 2507 50 579 997 415 2696 2809 911 1211 1271 666 1023 27 2534 2723
000522.jpg,2001 796 2460 2363 386 2391 557 2691 372 1366 128 629 413 2677 2598 915 224 1549 1501 281 1219 944 640 1902 1480 136 879 854 2483 1817 1680 896 1440 2147 1700 2797 28 1263 790 1754 2599 13 276 1816 2362 140 2389 2443 2593 299 2436 543 1868 488 1711 1599 781 1519 2228 2828 98 672 2185 2671 660 1285 2502 865 973 1344 933 1864 1819 2256 2517 461 1426 1423 298 676 9 1582 1750 2152 2132 1949 531 143 1982 2359 1152 2844 1439 264 361 1641 2355 1189 1267 1668
000523.jpg,1422 1617 1623 440 1840 2707 2837 194 735 1328 518 1261 2241 2538 1045 550 2836 947 1067 37 712 1782 2136 2439 169 1663 1679 1993 1444 1544 1694 348 266 2840 1958 1870 1051 283 51 826 1763 562 2047 1926 1386 2454 305 1737 853 626 1983 925 2325 2218 2477 1452 1319 611 1146 168 2161 645 2649 1369 1218 2011 1054 586 2419 650 547 1235 1153 2353 613 1405 445 2189 1381 1202 2366 155 1504 1640 663 2817 197 1323 103 2580 2362 1208 297 1671 1723 2535 479 2502 1963 1704
000524.jpg,2517 991 969 2524 863 1814 1295 386 1724 1807 2391 2327 1765 1684 583 143 588 1664 1081 2590 2400 1440 366 2694 2104 1242 2184 1086 1497 2138 273 339 372 1196 718 77 976 880 46 859 262 1112 706 839 267 1862 1360 1754 2541 2797 1238 130 1291 756 641 1653 263 1540 2187 2412 2385 2298 1675 1191 801 2003 2321 158 2844 1542 2529 2127 892 1270 1457 958 2710 790 2411 557 1190 2325 2054 842 2481 798 2771 665 2044 2340 2473 242 454 1652 787 533 2228 1642 222 2739
000525.jpg,2614 2835 405 1828 600 1964 722 2100 846 2665 1622 642 166 38 2343 1095 2801 1815 2253 1338 1698 2486 1995 115 1545 1305 79 2738 1865 2255 41 1799 2208 912 2212 1327 352 1264 2610 1409 1294 2138 2225 1446 1994 1411 2231 619 763 195 638 2223 1571 2455 2308 2068 2584 350 30 958 2185 2256 2338 677 787 2616 2305 2271 982 2205 1624 2712 2104 2041 299 665 1729 810 2065 2139 716 871 649 2473 2833 2092 2650 1514 391 2319 1528 1939 1101 2529 2481 1499 2524 2372 718 537
000526.jpg,1019 63 1389 1785 2066 1213 1298 545 2022 2113 1483 1333 304 2016 1228 2178 1561 1115 2546 634 393 1689 1447 1137 1883 251 1631 499 2136 1685 1434 182 832 291 1749 1951 2430 485 1244 1451 1306 149 376 954 1773 1786 1300 1353 2112 617 1087 1004 1971 24 1427 1257 1712 614 1180 2143 1346 2542 1207 2540 940 1106 803 989 1999 1559 1361 1928 2700 1334 1760 2040 184 2381 714 101 727 1091 1103 1175 2072 2336 1748 576 1795 44 1394 1467 1533 1014 1818 76 1343 2149 2547 2242
000527.jpg,859 421 2456 2332 2739 366 1191 1043 857 1350 77 746 706 570 1665 1542 720 1196 287 842 158 976 1776 2123 880 2321 1494 2039 2330 2694 704 1432 2703 2184 470 242 1653 1724 656 1457 1887 2356 2672 1664 885 1345 263 1086 2662 801 228 514 1930 247 291 2206 438 130 2327 493 2838 2186 1765 2454 2659 548 756 1522 133 2581 3 1193 2409 1792 1877 2590 689 2229 2588 1590 2127 1575 2198 294 2374 2493 2125 2247 1204 1947 2582 1365 472 150 1758 588 2004 1675 1234 2513
000528.jpg,1515 941 2474 84 2457 1616 2115 5 244 1768 270 2048 2761 2562 2165 2442 2720 2152 644 2056 1364 2386 45 1251 1064 2522 2831 2448 1066 2623 2355 850 1170 509 2353 2734 448 2502 762 106 2116 1352 844 1371 1605 2571 1802 2464 323 1882 2725 2593 1762 2263 650 985 1949 2404 98 398 1226 1144 1458 909 474 104 2820 1272 2678 2572 1108 1525 40 2503 37 2086 2273 1726 851 592 2141 1960 2498 776 1222 1596 171 781 1889 1232 387 1766 957 2705 609 1477 236 2182 973 2666
000529.jpg,2349 2252 1583 2416 1791 567 2792 998 118 2658 2843 2274 36 2793 887 808 1531 1470 1808 7 1651 2778 151 2682 1271 311 1370 2065 875 513 2452 1085 1089 1431 1163 945 1578 2459 639 1210 748 2488 760 982 2679 816 1063 1404 579 1903 975 2328 919 1667 1100 952 2829 1769 1909 401 1354 2122 492 819 1920 1154 1628 1368 2647 2225 1688 72 2098 1155 301 2491 337 355 177 1854 841 2711 1872 2304 1023 2097 2249 2055 813 1396 1105 1977 2009 453 763 528 1052 1179 1047 705
000530.jpg,545 2066 1213 1389 2113 304 2178 2022 1333 1019 63 2546 1115 1298 1228 393 1137 1244 1785 1306 1483 1951 374 2040 251 1631 1451 101 727 1447 1361 803 364 1900 2136 485 2381 1561 1353 1427 1883 2579 989 341 1087 2016 2759 2540 436 2504 572 737 1207 2238 766 328 2816 581 1683 1300 2422 789 2072 2242 614 658 215 2216 714 2595 1175 1898 1487 1773 1178 2114 16 1230 293 44 898 2784 1394 2317 2644 1847 637 2523 1558 1786 1971 483 240 2657 1469 395 1513 1161 499 1257
000531.jpg,2612 2401 1336 2079 1013 785 971 894 419 2554 2153 1927 1907 96 1632 1315 2427 861 2160 829 1108 506 2188 1283 2230 43 2705 2591 1826 2313 1153 2476 807 300 335 468 815 106 2060 189 2081 2058 1727 1358 2116 762 565 2197 959 1032 1858 2555 2083 1139 22 856 1171 935 1277 1214 1330 1749 1643 2109 1483 376 1761 1987 255 2089 1365 2838 2751 752 509 482 2567 229 333 236 2442 2760 2608 836 957 2141 291 1447 2562 2182 387 1625 183 1364 1933 2720 1889 1469 1768 2125
000532.jpg,4 1752 1316 1146 950 140 1496 2272 1868 747 2367 1202 1948 2556 1958 2389 1267 2584 1452 1411 1737 2134 323 850 2755 1433 2355 13 2767 1272 2496 2686 155 1366 1649 1443 1152 1036 915 854 889 886 361 2593 944 318 1416 862 1747 1833 611 2001 62 1674 1501 2502 933 2439 2076 1862 263 1686 863 1636 1600 629 1494 2419 2147 1255 2460 2424 2671 2515 1623 136 2483 1423 878 1654 1884 1922 1993 2652 672 931 597 1905 349 547 386 2631 559 128 923 978 1704 1219 319 1997
000533.jpg,1221 285 1188 546 582 2425 1702 724 2470 1797 661 2168 181 2261 2468 2194 2278 759 620 2807 196 42 2643 2378 995 636 1084 1083 669 1318 476 1227 2475 956 1858 2783 1536 6 1696 2526 2220 1643 732 1931 2572 807 1953 1596 40 1820 1960 1882 2514 1071 2313 820 428 585 2571 829 2548 1602 2083 1380 1337 592 2751 2688 387 1436 2348 1866 214 353 1104 851 1889 2141 411 2498 2109 1541 468 2032 1093 1153 1735 407 2403 98 1189 1232 1139 2230 609 785 1824 776 1697 1625
000534.jpg,4 1411 2584 1752 1146 349 1433 950 2389 1202 2367 312 1737 1122 1316 1060 668 619 1545 1267 1799 2440 1408 747 1868 140 2272 2455 1302 1815 2134 1452 2138 2484 611 1934 1496 1123 231 2832 2704 626 1305 969 188 2445 1684 1663 85 1993 1649 2001 323 563 155 2767 1338 978 1636 12 2439 1926 547 1319 863 2840 987 2631 2789 1694 2424 556 386 283 2652 1366 445 1473 2133 1622 900 134 1480 1948 2755 2375 1544 1674 1479 2607 1600 528 2556 2076 923 1522 2515 613 2559 2501
000535.jpg,1083 689 493 6 2522 1064 548 2386 45 2056 1204 1251 1930 2831 1364 1856 1365 1421 2582 2374 133 546 1792 407 582 1665 2125 2562 2441 2442 644 2048 57 2111 2761 2039 210 270 1580 280 1861 1347 472 482 2356 934 2418 857 2123 1947 2827 2571 1768 2116 746 1887 2838 762 2720 2548 1348 1229 2209 1147 2659 661 2168 2247 310 793 2585 2586 2740 247 1359 2434 832 228 2198 2261 1375 592 294 2672 34 2019 106 150 2456 1292 212 2783 1696 2050 2273 2220 1758 480 421 775
000536.jpg,1475 1662 525 653 1048 2765 2429 113 1774 2316 2311 2632 1875 1274 478 2531 1829 108 1967 840 534 1024 726 467 2164 1127 2091 1008 806 1500 1220 1435 1780 1039 2407 471 1438 245 2687 2565 200 753 822 33 2137 2301 782 2236 1050 1941 390 131 89 858 239 31 799 1275 628 2398 2279 1018 92 2774 1563 2173 452 484 625 53 1598 580 2634 1248 2715 268 2059 2467 1481 449 129 2280 1062 1505 999 1843 1813 418 501 758 838 1635 1026 927 1011 2698 389 1568 2142 2285
000537.jpg,2546 1115 2178 304 393 1951 1306 2113 545 1213 2066 1228 485 2136 1389 1137 1019 1175 1785 63 1451 1361 251 101 2040 2540 2022 374 1427 1883 1333 1244 1353 803 2381 1900 1483 436 364 1298 1447 2016 1300 1773 989 2323 1685 341 499 727 2644 529 395 614 1394 1561 215 293 2759 1847 962 789 1334 2504 737 328 1257 1798 646 954 2579 1971 1928 1533 572 1166 1801 1513 1683 2238 24 1161 658 1178 581 766 2143 240 149 483 2422 1898 1795 695 1106 2277 1786 1559 2149 2242
000538.jpg,316 2277 44 16 1427 2540 1353 1447 1883 1300 1847 251 2320 1161 1469 2756 2317 1513 1166 1749 2021 2533 483 1727 1277 1149 1728 2555 2409 2058 1231 856 293 754 614 240 861 333 2784 29 2096 1849 376 836 935 1283 1867 309 967 1722 1178 789 1928 2645 576 2495 757 2381 1217 1137 577 834 1265 2579 1394 101 1804 1296 1013 1044 1383 1483 1315 2759 374 2081 1900 218 707 2235 80 436 2504 395 824 286 2644 328 1533 215 1108 1801 989 76 19 803 119 364 2260 47
000539.jpg,51 2721 715 562 305 1640 1679 169 1782 645 2837 1993 1054 2011 2439 1544 1623 1381 2836 659 2707 1658 1067 1452 48 1422 1663 1840 440 1617 231 1218 2352 64 439 947 155 168 1444 194 2616 1649 445 2826 1636 134 2767 563 1416 1860 1261 1328 2840 1948 2076 1096 1901 1600 260 201 1650 2628 1710 1552 100 518 2309 1569 1202 140 1307 2004 1796 2088 1868 2580 1878 826 2815 2012 1051 1123 899 197 1944 2367 2741 900 2135 2817 574 1926 1212 1545 137 1899 1958 613 1799 2538
000540.jpg,1849 1722 1867 2495 707 2021 44 1231 2260 19 76 1383 824 80 1296 218 2533 29 1197 230 926 119 1149 1476 614 2172 16 286 2190 1103 2202 2745 2320 983 424 1265 1728 1838 1914 940 683 1818 1447 2673 2235 1180 2180 2756 60 1999 2277 88 1116 2547 2787 1092 2542 2281 75 1224 2540 1714 2112 1353 739 1693 1304 832 1427 1478 2114 251 2437 1004 1760 1743 2381 754 293 2354 215 1773 1883 1801 1434 2497 1900 1176 1137 47 1469 1672 2317 1713 2784 989 1300 2644 564 1786
000541.jpg,509 621 2688 387 171 1596 2760 2608 236 2182 398 2503 609 1560 183 181 2498 1458 106 1797 1199 732 2705 909 2160 1889 2464 957 2457 2141 620 300 2725 43 724 229 1766 2425 1726 1866 1371 1702 506 1032 2623 1337 1525 2058 2572 2348 2404 2079 1436 189 84 214 6 5 2474 2060 1858 2476 2514 971 1221 744 941 285 1515 565 582 1824 1907 2582 353 1949 546 1084 1083 1882 2448 2313 2263 244 1933 776 2197 762 2355 959 2468 2152 196 807 850 1625 861 1170 2593 98
000542.jpg,2361 924 443 1150 1474 745 586 325 1891 1249 1605 2535 1006 2758 2654 701 1069 953 1471 1232 761 2779 2331 1723 1308 1916 177 2829 650 475 2346 2502 1341 37 2666 1607 871 2249 2122 8 1082 2449 1194 2222 630 488 1671 2055 1027 594 1090 834 2366 1694 1488 1763 401 111 1044 2024 2152 1487 496 2277 816 2483 944 2124 1244 1501 1704 2499 375 614 2176 128 915 2359 531 1738 1939 2828 393 629 1903 425 2351 854 16 1390 2508 1817 1173 926 413 2598 1023 632 490 2604
000543.jpg,1939 955 665 2481 2619 698 1294 1694 839 30 1446 2616 630 2226 787 233 932 352 810 2271 638 2811 958 1630 1049 2403 1539 1521 71 1607 317 1270 2823 1514 537 718 20 2529 697 1445 1440 1215 167 2222 454 1360 2255 1763 1140 969 1349 2189 741 2385 888 1341 1044 85 2186 1994 1112 262 92 516 1305 668 143 2527 1963 2717 2136 1729 1540 2727 795 2176 1572 276 2246 2635 1409 1619 1802 150 1258 2461 1520 829 234 147 2740 2513 412 397 2445 961 223 1474 2253 924
000544.jpg,1027 2816 2449 8 1244 1487 2024 1090 1671 1763 426 2167 1597 589 2216 2022 1389 2043 922 2171 727 2810 1703 2136 637 981 63 2657 2617 658 1019 1333 2841 2589 2353 411 1288 24 1881 1697 1386 213 1213 2066 853 547 1298 2113 2405 335 1785 987 745 1228 1139 545 443 2654 650 393 1605 2339 2361 2546 521 2366 485 586 2535 1405 1561 233 924 1474 325 1694 297 1087 1704 85 1661 2832 714 2666 797 2706 1983 2067 2143 1232 898 2403 1558 2700 2502 1150 312 256 938 1471
000545.jpg,2254 2233 1734 457 102 2192 1072 2802 2714 294 516 2461 1034 2229 1246 1857 1653 2513 1234 2018 2174 719 2699 825 1611 764 794 2146 1716 876 1276 86 2551 2008 2586 1392 210 1551 1494 746 2489 1389 1805 1028 58 2752 1244 1690 1626 793 1289 462 775 1846 2360 2159 2020 2347 1493 2336 2418 1832 2234 1983 1169 279 1538 1377 2748 693 2284 2525 1727 914 2368 1748 2684 190 2555 2198 57 1019 723 357 2129 2588 2447 570 1292 1043 2106 2155 212 1382 756 2456 2780 1542 2630 1580
000546.jpg,1221 285 546 582 2425 2168 661 724 2261 42 2278 2807 2194 1318 2470 1188 636 1536 1797 1083 1104 620 6 1702 1882 1858 1960 592 40 181 2083 2313 1071 2571 851 1436 807 829 732 995 759 2141 2378 1625 585 1084 1232 755 196 1643 2643 1337 2468 1820 959 1889 2403 342 2476 609 956 1153 820 468 1910 2475 669 2019 2080 1482 476 1638 1945 2230 353 1669 2688 428 411 1651 56 2079 2162 1596 387 2171 2188 752 1507 2827 43 1744 1139 2783 2371 2067 2383 1227 1697 2591
000547.jpg,2322 1715 261 1187 2406 1635 390 1648 633 654 1967 1240 1050 963 649 1974 1018 1216 1164 1831 1746 782 670 1461 2822 1756 2764 414 458 928 837 1156 2814 1009 2199 2061 1376 552 264 1472 2689 503 1655 2092 216 1706 1942 598 1335 1729 602 1680 972 2053 1332 1317 1822 618 771 159 2770 2228 2052 344 2455 2370 2812 1657 1293 2193 2773 2062 2716 449 1143 2833 1124 936 2797 1097 505 1117 1730 533 507 1827 1135 879 913 587 888 2139 2177 2774 1917 2844 1118 1073 1662 152
000548.jpg,482 762 1515 5 353 2152 98 84 2427 2165 370 1189 2734 776 1949 1616 2047 285 2355 2032 850 1762 2115 244 2474 2502 323 772 2210 1144 1221 574 1066 1541 1226 2593 1824 724 1272 2457 2086 307 939 2291 339 650 1504 546 496 582 494 941 686 1962 1433 13 474 1286 447 6 1768 297 1071 1371 1012 2518 828 944 2512 1882 2435 2520 1323 1477 820 1083 104 448 2704 1911 2783 2666 1817 1262 2761 2439 2445 103 37 2403 1744 1267 1605 128 455 2046 1620 1501 331 136
000549.jpg,2786 979 2227 554 868 340 176 1890 2668 1562 1393 427 2743 2029 142 2224 320 1033 1065 1495 429 1492 332 1888 1145 2458 555 1256 2775 460 1510 399 208 2587 1904 2507 1002 1415 174 1621 966 823 595 1239 997 1790 2773 2636 2009 99 1699 1430 2090 1210 569 2010 571 1588 1367 1132 1553 289 2660 173 2078 1384 121 2642 2428 2328 193 1567 536 50 2491 1566 1031 1676 1140 908 1429 733 311 866 451 1879 1237 415 988 2333 2539 141 1865 1837 577 2163 2798 710 453 2108
000550.jpg,2090 569 1132 1588 536 193 121 988 1553 1430 1431 2117 2333 1065 144 1699 36 142 1492 1888 429 1621 2078 866 680 2658 733 555 1089 1562 2029 1890 1271 2394 2668 2743 1033 1100 1404 2452 1268 1256 868 1393 151 554 1886 289 1155 1085 332 2786 666 500 2416 2274 453 2793 567 571 513 1145 916 2537 1370 415 1742 2723 2010 443 1321 301 172 7 1808 2577 2446 164 1854 156 2773 460 2792 1704 2655 355 99 517 1241 2108 528 979 813 2156 1160 320 662 2009 1211 1793
000551.jpg,2813 2248 948 2258 1937 362 2393 2286 2382 686 1841 1874 647 1464 2683 1130 146 2639 329 1076 804 2506 2558 1592 165 1639 491 2057 1944 2569 1646 494 1899 2435 2708 2291 1223 1185 2135 2438 1935 1212 1463 899 1606 137 725 1777 2473 2207 2766 1824 2580 1825 2842 1056 2717 2741 2427 1986 482 2511 1134 1055 872 2704 1126 800 2294 1547 2492 2825 774 2728 267 447 2068 307 2273 338 1291 1071 1094 1665 627 1441 659 1814 2243 67 730 2736 100 90 1012 2183 246 2087 1379 689
000552.jpg,516 752 412 2404 935 2823 1907 2353 1299 1168 1910 1021 561 1303 1744 650 2083 2666 37 2096 2079 2725 2550 1826 2595 1173 2279 1108 2448 586 1283 2698 836 924 1766 1605 585 761 92 2317 2555 1694 861 609 1889 1132 1727 988 1044 1588 2464 1232 459 2067 2090 703 2361 2017 957 443 1891 2277 1201 2115 2770 333 569 856 2081 1507 2562 1939 121 1880 1802 1071 1723 1616 1013 2094 2474 757 1963 745 252 2645 536 193 147 744 1104 1484 217 2442 1829 2048 1768 45 475 2522
000553.jpg,614 1137 16 44 2277 1533 2317 757 1999 1447 1103 1469 1786 1434 490 1971 499 1773 1257 1785 1795 1394 2547 617 182 954 824 832 2495 149 1712 1004 2112 76 761 1180 926 230 2331 1685 2190 983 2180 1176 1760 576 1883 1476 119 1693 132 1818 2016 707 940 2202 695 304 658 924 2178 47 1914 545 1727 2453 2555 2542 2745 632 861 1383 1743 1231 393 1838 1300 88 577 2718 2066 1213 60 218 19 1224 1990 856 2673 834 1749 2540 2051 1092 2114 1197 2281 1389 1044 465
000554.jpg,536 2090 569 1588 1132 193 121 988 1553 1430 1431 2117 2333 1065 1699 36 144 142 1492 1888 429 2078 1562 866 1890 555 680 733 2668 1033 2029 554 868 2743 2786 1621 1393 1256 289 2658 332 1089 2227 1268 979 500 340 2773 427 1271 1886 1793 1100 517 2711 916 1404 176 1370 1854 151 2010 415 320 571 813 2770 802 2452 1085 1790 567 2108 2256 2428 355 2416 301 1638 1736 513 256 460 2750 2415 2573 1750 1145 1321 156 227 164 1910 1921 691 2009 27 901 1740 1770
000555.jpg,2415 802 2217 2568 191 1793 417 597 886 1418 1686 62 1699 878 361 743 1165 2302 1759 315 2757 2622 1480 1390 1557 1398 1366 1430 1872 1553 2755 72 1241 2423 1414 681 760 2108 164 380 73 156 2577 923 78 292 302 142 2722 1750 2147 289 429 2304 555 2029 2078 2074 672 2553 9 1888 975 1599 515 21 1579 1710 1256 1816 893 2373 2671 1886 1890 1492 2384 901 1628 2743 497 868 1753 1202 172 219 2559 528 1586 601 2134 2389 1065 199 1393 944 1770 1219 1125 2367
000556.jpg,2702 860 767 1701 2315 1489 258 2482 769 1548 1980 1417 2685 1788 161 1976 1895 277 461 2532 1504 901 369 1682 1387 1256 889 269 1989 1747 770 2289 211 1938 1599 2686 2496 477 1833 1496 372 2074 1816 1557 1479 1460 1911 380 1320 1390 1480 2622 1443 515 1519 2218 273 2355 1366 760 437 2 2460 2517 2363 1754 1219 1272 1285 9 1872 557 543 433 361 73 381 2268 128 72 173 2161 568 266 2001 930 850 2132 2778 386 2167 157 2598 672 1686 975 1589 168 854 2304
000557.jpg,2404 752 1907 585 2353 1910 2083 2464 2725 2823 2067 1766 2141 1889 2448 620 957 609 2498 1858 516 744 2425 2595 909 1797 1963 2115 1596 1866 214 387 181 2348 244 1602 398 2079 2688 509 1616 2503 2474 1436 732 621 1702 2197 1515 853 171 1458 755 1953 37 2182 236 2562 2457 1199 2760 2608 650 342 2623 183 1560 2468 459 2572 1525 2705 2160 229 2666 1744 624 1768 836 1625 233 2720 2218 2081 2442 2645 270 935 106 2591 941 2761 1605 1084 785 1188 1201 1763 1826 56
000558.jpg,2396 2794 1022 1991 780 138 1787 1612 2244 1378 495 1465 241 252 1823 786 131 452 1182 1655 268 1741 936 1568 2280 389 1918 1303 1755 805 1843 2232 1317 758 654 356 806 239 2142 296 2173 1781 1011 2799 1503 2236 1563 1282 1852 1746 1109 2674 408 2017 838 49 504 2164 2285 2693 139 209 726 2119 999 53 2061 314 534 653 2429 1756 2091 1917 1831 1135 2099 1395 31 464 467 383 402 2279 1929 2715 2137 2059 840 927 1281 1039 505 363 2764 245 1921 326 2505 2465
000559.jpg,985 1352 713 1674 1342 409 1666 2152 5 1203 1515 2502 941 84 1206 2787 1605 347 2325 1173 1162 1118 584 496 2400 676 1484 479 2003 2355 2726 2457 703 272 738 2624 2820 384 110 831 1222 75 424 1957 844 2214 850 1661 2593 198 19 281 2497 650 944 1751 39 1323 915 629 1501 1113 973 2653 845 455 1591 1817 15 1819 1066 564 1912 13 940 1272 323 1114 2281 2542 293 862 2734 299 2112 2474 2046 1004 136 1820 413 1073 1972 2677 931 865 721 1733 2483 1647
000560.jpg,2376 1490 1453 1860 201 2309 1901 2556 2433 2713 2826 747 260 2294 1796 2272 563 2088 1878 2207 2767 1123 1825 1316 1055 2728 1948 1986 725 1056 1496 1940 2076 1307 559 1958 659 1208 134 1649 1486 155 2721 1636 2419 562 715 1416 305 1658 1782 1640 1054 169 2836 900 2352 1679 1218 51 48 1096 100 674 2815 2545 137 1775 2628 494 64 1965 1148 1899 319 2741 165 1993 1381 2135 1041 950 1777 445 2291 889 1569 2558 1051 194 1437 2686 2708 146 1623 1840 90 1752 1747 2439
000561.jpg,282 66 779 615 2605 2824 14 1839 2345 497 929 2583 2157 1609 1985 1905 1997 2485 1195 1915 1403 404 2204 1869 1128 1192 1594 765 2667 2426 576 378 751 1459 469 549 1075 1014 818 960 632 604 2284 1035 1344 1745 1406 992 2563 2437 111 2561 67 764 488 202 824 1009 2046 2136 2146 2700 2240 58 1990 2651 1586 2633 627 2453 2621 2483 1390 837 2607 2112 87 1012 590 1748 1810 145 1660 910 249 2551 2653 2003 1474 1835 479 1538 2400 739 1925 797 2336 47 2509 1605
000562.jpg,1453 1490 2376 2433 1860 2713 201 2309 2556 1901 747 2294 2272 2207 1825 2728 1055 1986 725 1940 1056 260 2826 1316 1496 563 1948 2767 2088 1796 2496 494 2686 134 2057 2291 1443 889 1223 1123 2076 1899 1747 146 1636 165 2721 100 1874 559 1649 137 1416 2741 804 2558 1958 329 1658 1130 2135 1041 1833 155 2506 1307 1878 1096 2419 1569 2815 715 1965 2639 2628 659 1519 562 64 647 305 1212 1640 1208 574 1452 899 1938 2836 1679 1051 169 2683 1944 2036 48 1267 2580 1218 1148
000563.jpg,2252 2349 567 1583 1791 2416 998 118 1470 887 2682 2792 1651 311 1578 808 945 1920 1566 2488 1210 639 2065 2658 1368 2459 2647 1667 2328 2843 982 819 1367 875 1977 1179 2098 2491 2225 2793 1105 1396 355 595 1047 763 1370 1239 2778 2310 36 337 1531 1063 523 1906 2500 1271 1909 151 2097 1769 823 1854 2249 2809 952 984 1865 2446 2274 513 705 2045 2747 2587 2723 2042 1554 1354 579 1614 1201 208 7 1455 911 813 1673 919 162 1023 1052 671 1331 1089 114 415 2452 2770
000564.jpg,2385 17 1 1520 1360 888 573 2246 1112 2063 1159 262 403 2727 1652 2717 1258 1349 1630 797 2731 2541 2298 2175 2445 1472 307 958 2710 71 969 810 2271 787 638 1546 352 2300 2466 222 317 1648 2481 2412 1684 1433 2588 741 2619 2704 1446 2781 537 2513 1291 2339 961 891 1698 991 1939 2372 267 2834 30 1305 939 2716 2138 2223 1238 1572 1671 2104 665 913 1619 2473 273 1201 234 1294 349 1615 2633 195 2635 1215 1815 1571 1942 955 2213 570 1925 1242 2409 2399 1187 1694
000565.jpg,2614 2835 405 600 1828 1964 2100 722 846 2665 2343 1622 38 166 642 1305 1815 1338 1865 2801 1095 115 1729 1995 1545 79 1698 2253 352 2486 2738 2138 1799 2212 1327 2104 2256 638 1294 2208 41 2255 1446 958 969 810 2271 871 2455 787 350 30 1411 2529 2524 71 537 677 273 2517 2610 1514 2709 2319 665 912 2225 2584 2231 143 1607 1445 2400 299 869 1630 2406 276 2308 1624 1939 763 619 1539 1648 2318 1242 1571 982 2633 718 790 697 2712 2473 1264 1270 2577 2065 317
000566.jpg,1981 1237 446 1567 1604 530 1518 2049 1290 2064 921 1017 1384 1879 1301 1058 2796 2140 2596 1742 631 908 2660 451 1002 966 607 662 1613 394 1909 2282 2392 708 1119 2257 918 700 1491 124 2530 996 1495 1676 2093 2458 2357 1239 1978 1587 2010 1564 651 2131 345 1313 2675 709 2543 415 1992 1645 527 487 1673 2262 1138 1181 237 1731 2219 1485 1906 1904 942 2085 1848 1800 2446 742 612 2747 186 1988 773 1385 157 1554 288 2507 2307 1718 2344 2658 320 406 1388 1621 243 2692
000567.jpg,2740 2220 2526 1931 1696 956 2643 759 2783 2548 2468 1953 669 476 1735 407 1059 1375 1227 196 1702 1602 1188 2109 687 2348 214 540 1093 1524 1629 1947 226 1866 1558 203 1278 428 1084 986 1088 2776 1421 1365 2350 2170 2121 1001 1963 624 965 154 2536 1525 898 2749 1803 1087 1643 1255 2266 2583 1758 2475 342 150 1260 714 2444 798 2374 1757 2572 1509 1207 1280 1330 1792 548 2403 1589 1898 1665 689 853 1199 133 472 585 1811 2838 422 2125 2089 1171 2072 22 882 57 2371
000568.jpg,1235 502 990 297 2218 103 1323 284 2471 2601 1908 1504 688 2054 1807 1295 633 1156 503 711 1335 496 602 2187 2228 646 991 798 1845 2136 1314 37 458 2265 1332 393 1955 1680 552 2787 1394 768 1244 848 1830 903 1608 126 1675 2592 2323 2046 293 962 1111 1242 1763 2666 614 1186 1254 650 2193 1461 1413 1963 1175 533 1391 2617 455 339 2624 670 1071 1715 120 2314 578 1824 2654 1308 1744 2832 888 835 922 521 316 2717 2322 1820 2371 837 1512 586 2546 1450 485 152
000569.jpg,1662 1475 525 1048 653 2765 2429 782 1967 2632 2316 1774 2311 113 1018 478 1875 2531 390 1274 2164 108 1050 1008 1220 471 1435 1438 1829 1500 1024 840 2091 753 726 534 2774 467 2407 1127 245 200 1039 1635 1715 2398 806 1780 33 858 1941 2687 1275 2565 2301 628 1248 239 625 822 131 1563 1598 2236 89 2467 2137 449 31 1461 799 2279 679 92 999 314 838 268 261 2173 2322 53 1164 2059 580 1216 2693 2634 452 2770 771 1376 972 2674 2715 1741 1187 1503 1692 484
000570.jpg,2252 567 2349 1583 1791 998 1651 2792 1470 118 2416 887 2682 2065 2488 808 311 1578 2459 1368 639 945 1920 1667 2658 1566 2778 2328 819 1210 1531 2843 982 1367 2491 2647 1977 1179 2225 2274 2793 763 2249 1063 2098 1271 151 36 401 355 523 1396 748 2055 2122 1607 924 2452 2431 1341 1769 919 952 1854 595 1069 875 1105 1239 1354 2711 517 2758 1085 1089 2679 513 761 1163 760 778 2829 1903 175 1808 2770 705 382 579 1047 1404 1910 177 930 816 1939 1970 1308 2500 7
000571.jpg,1840 1948 2391 440 1422 1029 194 2836 445 1623 1617 1958 518 1993 1416 1236 2439 2707 231 1544 1381 1782 2840 134 1218 168 155 645 2011 2380 1658 2267 1552 1444 1636 169 1233 1452 2076 735 2352 1261 1649 1663 1054 947 372 2837 563 562 1679 1051 386 1710 2362 437 2412 1202 1067 2815 2289 906 1586 2767 1307 51 1328 305 2797 2012 266 497 64 48 1600 1640 1965 826 439 2133 1316 1208 2088 2628 2538 659 2241 1096 1417 860 1701 2367 559 1895 1549 2419 2046 950 143 319
000572.jpg,2043 2171 2810 2841 1697 637 1139 411 2706 2216 335 468 2230 2591 2167 922 2816 1703 785 521 2617 1487 1288 1881 2353 1090 2589 2657 1027 1052 1363 727 2445 2022 1763 1663 2707 297 1250 2308 2712 619 714 233 995 938 1188 1405 2083 1087 759 284 1298 1153 2643 2475 1953 898 2378 1232 1820 956 658 285 2405 2727 1148 2366 978 1333 2220 428 1702 1227 2218 2032 2783 2222 2526 820 2403 1858 37 1625 1221 454 650 986 1541 2313 990 1696 63 2468 1807 1244 1326 196 1558 8
000573.jpg,2583 422 1001 2350 2121 226 1735 497 1524 1629 154 687 1803 2749 203 1260 2444 1811 1278 540 1167 1355 2170 965 1059 1373 992 1586 1375 2046 90 1088 2536 2771 1558 1075 1675 1344 627 1406 1862 67 2509 1041 1810 882 202 1012 1312 1195 282 249 378 1869 2667 910 1609 404 2455 264 1589 2092 479 2266 1009 2204 1509 2844 2797 2607 2484 1092 1594 837 2633 2548 2824 2139 798 1358 1118 986 66 299 667 1572 641 913 1963 1863 929 1549 469 1661 2405 2158 2588 2412 1338 14
000574.jpg,2256 2833 1284 1539 1456 38 2268 871 1514 167 299 276 220 115 273 2092 1995 2139 20 2226 2779 2097 459 2185 500 264 1314 1955 1401 454 461 2844 1531 866 748 733 505 2484 1117 2222 1499 1549 837 2265 813 2228 458 2797 156 164 2770 1063 2455 2335 1009 1815 537 1105 2138 2812 2108 2098 2310 355 1396 1528 1305 1976 27 2764 392 1242 1294 1154 1150 1211 2389 515 1329 1187 28 1200 2104 2534 1579 694 352 414 2839 1770 1073 1215 2529 2028 1366 1750 809 532 1784 2577
000575.jpg,1138 1731 406 1645 742 1800 2613 1707 288 1721 773 1871 1876 2763 1007 248 1385 1779 1992 2102 2145 1325 1526 2516 1511 1442 1969 2596 186 94 1424 1020 1119 883 855 2809 11 416 2110 2392 631 2093 2747 709 1978 1053 1527 535 2282 2219 257 2377 394 124 1906 2357 811 700 2560 708 1894 984 1581 918 434 1466 199 2446 1023 1110 2530 996 1587 607 730 1491 2697 1676 338 1047 749 2344 2006 1455 2452 2626 2609 662 1913 1165 1613 2310 612 2302 1718 610 1311 1174 2788 774
000576.jpg,479 738 1835 384 15 1222 1957 2214 831 272 1661 1066 409 1206 1226 2086 474 992 2391 1144 2517 2046 104 1344 1549 386 896 143 1882 1440 372 1586 497 905 2844 776 2797 2410 863 1684 2474 796 1666 1754 2001 2325 2400 377 1342 910 2512 2460 454 2003 98 1420 718 1674 275 560 2529 347 1162 1312 2363 1322 2318 713 879 2726 264 20 370 828 1189 1480 2677 839 167 1284 1539 557 1203 2165 1456 932 2463 915 276 281 985 1484 703 2107 1118 308 944 2222 2691 2654
000577.jpg,2584 1411 349 1433 4 619 1060 312 1122 668 1752 2308 2440 1545 1815 1694 2712 1305 1408 1146 1684 2789 521 1302 950 2138 1737 231 1123 1796 2445 2189 1995 2455 2616 168 1338 741 2486 1363 563 2704 12 1878 486 674 1202 1153 1622 1993 115 1799 1407 2840 2133 2270 987 2389 2076 2367 2439 197 900 1307 784 85 1201 2337 562 904 939 978 1544 626 2826 1584 134 1129 665 1095 1148 155 1387 2082 2100 2732 37 59 556 846 38 2300 305 2721 2817 1636 1624 2832 169 906
000578.jpg,505 2500 2764 523 175 2181 1974 968 68 553 2689 734 1896 733 500 2250 1827 866 2144 705 2552 120 1499 1117 849 2283 2177 414 1305 2681 2576 2199 2819 507 162 1314 2078 2265 1746 670 2527 1955 2365 552 1376 2052 2191 2716 2534 313 1268 1461 1873 533 877 1156 1003 680 2065 2193 2594 2597 532 238 2770 2592 1332 972 771 1543 1756 458 1111 449 81 2061 337 602 2370 47 1886 1215 1563 1010 2105 1317 1990 465 1921 1401 1708 2396 654 1271 1823 1395 1011 1135 363 2833
000579.jpg,1003 2052 2265 2105 81 2365 2819 849 152 2199 2592 2191 1111 2716 1532 2479 2594 1873 2557 2681 670 877 507 2053 2237 740 2597 2822 180 1124 2789 890 120 1141 1746 1099 2250 1955 391 1314 2306 1332 552 1010 2070 1924 367 1401 68 2539 1885 705 2177 1164 1183 1429 618 505 1156 2428 2181 553 2527 1135 2500 1974 974 175 2629 1140 602 1461 2798 2814 307 2689 523 1896 1376 1650 2534 1543 2764 771 235 729 2552 734 2193 2283 2770 1201 1827 316 1441 533 963 1395 1073 2610
000580.jpg,897 1892 2037 1677 1771 2625 1998 56 2156 571 1321 2450 1098 1736 147 1129 2750 2567 1933 1445 2342 1806 116 1638 2083 1858 2002 1214 2432 2595 1709 97 2201 2751 2150 2089 1910 2645 2313 22 255 1171 755 1324 1337 1826 959 1330 2013 229 1790 1084 2476 189 565 585 2197 807 1032 2060 1625 1643 2109 2079 2631 1449 43 2371 1757 1931 183 2470 1227 428 620 2526 957 1065 829 300 1560 1255 1889 1907 123 2160 1088 1791 1286 1277 2067 342 2425 986 2776 2404 71 1188 1844 2372
000581.jpg,18 1842 1753 1125 1834 2015 1252 2777 2772 70 2077 2478 1390 1557 2510 431 2490 2561 1759 2757 2818 2622 951 601 2000 2663 1642 1035 315 2 2667 1839 2302 1480 1165 1460 2161 369 2315 850 767 1504 1908 284 1340 2388 2355 433 2276 1272 297 1958 1548 381 250 860 5 83 2152 1459 2363 13 339 990 1965 522 502 1489 2702 2601 191 1202 1417 1869 2289 2001 2471 1012 1748 1285 386 2375 640 1069 269 1189 2650 1014 2218 86 531 1357 373 863 469 1310 1391 1809 2517 282
000582.jpg,773 2613 1871 2763 1007 406 742 2102 2145 1800 1645 288 1721 1731 1779 1385 1992 1138 1325 1707 1876 1526 2516 1969 1442 1511 248 883 94 1020 1424 855 2596 11 416 2110 186 1581 2560 2302 2809 1165 1053 434 1527 1119 535 2377 811 870 1311 410 544 257 1133 2392 1309 2219 881 709 1079 2282 2251 365 1968 2006 1174 610 1573 631 1913 1466 1783 1894 1142 2697 1110 730 2680 2093 717 336 2843 605 648 446 435 1017 1634 700 918 2830 2609 749 2344 2095 2519 2005 1567 338
000583.jpg,2015 1252 1753 1125 1834 18 1842 2777 2772 70 2077 2478 2490 1390 1557 2510 431 2561 2818 951 1642 601 2000 2663 2667 1035 1759 2757 297 2622 2 1958 1504 850 990 284 2218 502 1908 2161 386 1965 1839 1236 103 860 2493 372 863 2355 283 522 266 1323 1459 1012 2388 83 767 1869 2650 1272 2054 2127 2184 469 2171 1186 2707 1027 895 315 1661 2601 2471 2047 13 1196 634 2001 250 826 1460 859 1870 1675 282 1993 5 136 2502 1014 2362 381 373 2517 1202 1480 254 497
000584.jpg,2584 1411 349 1433 312 668 1694 4 1122 1153 2616 619 2440 1408 1302 2445 741 1815 1684 2789 521 1305 939 2308 1939 2704 665 1338 1146 2727 2712 2372 85 1520 1294 1545 1942 2832 552 650 1386 1201 1156 1752 2731 461 2063 1873 1976 2576 1994 1446 1763 2455 2610 1610 2481 877 17 2138 1993 1 56 987 1315 2594 1630 271 1963 37 2681 2237 705 2666 2338 297 986 547 787 2298 1891 1461 573 475 961 1539 2226 2270 2032 1514 448 740 1652 2466 882 1360 2389 2176 586 1255
000585.jpg,2584 1411 349 1433 312 4 668 1815 1122 2440 1408 1302 1694 619 1153 1146 2616 1752 2789 2445 1305 2138 1545 2455 1338 741 2832 1156 2308 521 1873 2704 1684 2712 2389 1737 85 987 939 877 1201 2576 552 271 2237 1939 950 1009 1942 1544 705 650 2681 740 1622 2610 2594 665 1386 1993 1332 2100 1520 2250 2484 837 2063 2439 2343 2265 508 891 602 1976 1624 2597 1202 573 890 864 1095 1 2666 556 2731 645 655 79 2501 2727 273 1461 1294 1549 1962 1934 1607 1663 2635 978
000586.jpg,2248 1944 2813 686 2558 165 2135 2435 1130 1899 494 137 2741 100 899 2057 146 1212 1569 647 2506 2639 2683 2291 2580 1606 1223 1874 1463 725 1646 574 1640 1134 1935 2766 2825 948 447 1547 246 2842 2511 48 2207 659 329 1825 804 204 1055 2728 2294 2258 1940 2068 362 1937 1841 692 2393 2382 1986 493 1056 2286 2713 2309 2292 2721 1464 1076 1901 548 422 64 689 1096 1452 439 2004 1126 2326 1038 715 2736 305 1185 1860 2826 1777 1083 2376 1665 562 134 1962 51 260 2838
000587.jpg,1651 2682 1470 1578 945 2328 1179 1977 639 887 819 1667 2647 1920 2491 311 2488 1367 2459 1368 1566 1210 1239 595 2252 875 982 2349 808 2431 2225 823 1583 567 763 2045 1791 2065 208 2793 2587 118 998 1337 1145 2778 2470 1865 460 2416 56 2032 1201 2775 2083 2792 1449 1063 399 836 1826 1531 2071 1071 1541 285 428 661 1910 1425 1052 139 655 830 1286 2194 620 2261 1441 2406 2279 959 255 2079 1678 2156 1221 1820 2371 2783 1648 1188 316 1854 2716 2379 2313 1262 1729 1625
000588.jpg,1320 770 2600 1705 2026 942 1681 566 2085 487 512 1211 1770 2543 2262 852 2723 1479 1682 114 1816 1285 381 1980 531 1979 2685 1366 543 2755 164 1480 69 156 375 2598 1548 557 854 515 269 1700 2045 1398 1884 1750 361 2124 672 2118 136 2014 1817 2828 2499 1241 2132 1264 893 1326 2460 1042 302 879 78 1902 1599 2363 292 9 360 425 1695 2618 25 2671 1537 660 2559 579 980 1718 1508 1922 1641 791 2379 2315 1528 62 492 413 2423 1209 528 2436 2108 2702 2677 117
000589.jpg,2011 645 1663 1218 1054 2707 2352 169 1444 947 1679 562 2837 1649 1623 305 1617 1993 48 1782 2721 51 715 231 1544 1153 2439 2631 1255 1261 2616 1328 439 2767 155 1051 1422 1757 1636 64 1381 1416 1096 1658 2815 626 1948 123 2628 986 1650 1640 2836 2477 611 826 1067 266 1737 1569 2076 1965 613 1041 134 1600 574 100 882 2291 2069 79 659 168 1549 445 2731 238 2584 950 1603 1860 2766 2741 1129 1624 1202 2509 1958 2580 2367 477 2150 2391 1452 1799 899 1899 2610 2037
000590.jpg,2015 1252 1834 1753 1125 18 1842 2777 2772 2490 70 2077 2478 103 1323 1390 297 1027 8 2449 990 1557 589 426 1908 2816 2561 2510 1597 502 2024 2471 1642 2601 431 284 1244 1504 2054 2667 2818 2218 2000 951 1487 1671 1235 922 440 485 735 601 2493 126 850 1869 1175 1763 1090 2167 1035 2136 1295 1106 2171 136 1759 1958 2043 1661 727 2362 1391 2149 1617 2589 2241 2366 1608 2757 688 1193 2810 1186 845 1236 1886 250 2412 372 1045 1807 24 1559 1839 656 2036 1928 2502 39
000591.jpg,545 2113 1213 2066 304 2178 1115 2546 1228 393 1137 1951 1306 1389 1019 63 1785 485 2136 2022 251 1333 101 1427 1353 2540 374 2040 1451 1883 1298 1483 364 1361 2381 1900 1447 436 803 341 2016 989 1175 1244 1300 737 1631 215 727 1561 1394 614 293 581 2759 328 2504 2277 499 2238 2579 766 2114 1773 789 1996 1533 16 2317 1178 1898 1091 1087 2422 1847 2644 572 2323 757 395 1685 529 2242 1801 2533 44 2523 2320 1683 558 1513 1161 1469 135 34 695 1149 1693 1971 1176
000592.jpg,1376 414 2199 972 1746 2322 261 1124 2053 654 670 367 963 507 1461 2177 1037 216 1974 734 1143 2764 1831 2191 532 2770 2052 152 1756 2283 2822 1827 1164 235 344 2527 1297 2773 2370 552 2119 1822 633 1317 968 2017 2144 1215 705 1216 1240 313 2061 1187 1896 2689 2099 2674 505 587 1118 1140 771 1395 2814 2799 2552 1117 1635 92 2774 1741 1715 2557 330 175 649 390 598 553 2812 2250 162 2479 2716 2681 533 2534 1532 220 458 2028 618 1135 671 1050 1563 2108 2592 1918
000593.jpg,2584 1411 4 349 1433 1146 1752 312 668 1122 1737 619 950 2389 1545 1815 2367 1202 2440 1408 1302 1694 1060 2616 1305 1799 2455 741 1926 1684 1319 2789 626 1153 611 2445 556 939 2832 1338 1386 1993 1622 2484 1267 978 2439 2138 2817 547 987 900 1544 231 1934 2704 1123 817 85 1102 2308 67 1600 169 2189 2652 1437 1009 2840 197 2790 1663 155 2837 283 1679 1494 12 134 2538 2133 2502 1316 1148 1810 2712 188 259 2375 2076 2270 2501 1704 2631 1762 202 1358 1782 613 837
000594.jpg,2470 1847 2320 2756 1161 1513 754 1149 1728 293 2533 240 483 789 2021 2784 1178 29 967 2579 1469 328 2317 1672 2759 2504 2238 1804 766 1166 1231 2540 2422 1447 16 1265 135 1994 1409 1427 2523 286 577 1898 1883 1300 1506 1683 2295 558 2413 2354 1441 34 1996 1448 391 2338 195 251 2277 1296 2409 1093 376 1353 2785 44 572 2172 2615 316 2235 727 2253 2071 2024 2801 2610 1383 1535 464 2242 757 314 218 1337 2052 649 47 139 2428 1533 1091 313 780 836 119 1867 152
000595.jpg,1804 967 2784 483 2072 240 1513 1178 1161 1928 2656 2149 1559 1672 1847 1798 1106 293 789 1166 1230 1334 1561 1175 2644 2504 310 2759 962 2323 2579 529 1394 1535 395 2242 1207 1683 1801 766 1558 572 485 2238 1693 714 328 646 898 2409 1451 707 1361 2785 1343 251 1091 581 2737 2024 596 658 2540 1483 2787 949 1689 364 215 95 2566 2523 1353 2422 1631 1996 803 1427 1346 2354 1087 727 2827 989 44 777 391 2381 1300 589 1298 1898 2615 2441 496 2493 1719 1743 1883 1269
000596.jpg,1096 1416 2628 64 574 439 48 1640 1569 100 1948 568 1636 899 1444 2767 1649 1899 2352 1218 155 1658 51 2741 2298 1054 1965 2439 1041 2815 772 2135 2721 1223 2291 305 2011 1684 645 715 1255 1381 1782 562 137 1212 494 165 2057 1051 169 986 477 1993 1544 1679 2558 947 1463 2631 1130 1261 1757 2506 146 2836 1860 2639 1134 1541 266 1606 647 2069 2076 2683 2713 1840 1911 2837 1189 1067 2032 1940 657 1663 1038 2825 1777 563 1949 134 2707 1825 1267 2207 804 370 2580 329
000597.jpg,2654 586 393 443 2136 1474 745 1891 325 2546 1115 2535 2178 1249 304 701 1006 485 1150 1232 1723 1213 2066 1951 37 2113 545 1175 924 475 1306 180 668 1308 1244 2346 2361 2779 1194 953 1916 1389 795 2366 1605 1785 1471 1137 2758 2046 761 646 2576 1069 2331 1729 594 992 1671 2176 397 630 1019 8 2016 650 1228 1177 2222 2832 1027 1824 2449 2414 1661 2641 153 2666 55 2603 728 1744 1235 1071 2024 1156 90 1694 496 552 649 2726 913 619 1883 872 297 2811 2844 1082
000598.jpg,2471 2601 1908 103 1323 688 502 990 1830 848 297 1845 702 768 1235 835 903 284 2218 2624 1504 126 1608 578 2276 1254 2054 1114 2787 1340 931 250 1186 2518 1391 2502 1107 1310 1413 65 1512 2152 5 1120 2275 1073 1605 1821 1620 2046 37 1807 1661 2114 2388 1720 845 1295 293 496 1515 1559 2314 1436 650 603 581 2187 2355 1106 2667 1361 1869 2000 1012 1451 985 646 1450 2656 992 850 2149 215 2457 2666 1767 863 2241 2167 724 1732 10 602 2653 944 586 632 824 1125
000599.jpg,477 2666 650 1976 461 2361 2729 2353 1657 930 1605 2595 1232 2387 37 1911 2032 1477 1541 863 339 828 820 586 1170 1189 2298 1038 377 701 928 1910 1616 924 273 2047 459 2183 2115 1723 1891 443 2535 2421 1144 1487 474 1474 1150 1066 2778 98 745 1824 2323 2291 1183 334 2502 2086 8 2508 667 1694 1226 1863 1757 196 323 986 529 2474 1916 2644 2366 488 2273 475 372 1646 244 205 939 370 2654 325 953 2731 2572 2346 2657 1949 2639 147 224 2094 1882 104 888 658
000600.jpg,2152 5 2502 2355 1605 339 1352 850 1272 13 323 1515 84 2666 941 496 1674 650 2820 1175 869 985 2457 2127 2593 395 529 2323 962 1267 646 1394 1504 584 2644 1928 1334 2590 1801 713 1483 1016 1798 1342 2734 1689 676 1086 1358 588 583 1776 2149 130 885 801 845 1559 707 1949 2324 2165 1403 1749 1751 373 2157 2474 1691 863 640 2409 944 2726 263 576 1166 842 862 2485 75 282 2787 976 2395 629 1666 1219 1300 2653 1522 281 2739 880 1733 2000 2694 2321 865 2695
000601.jpg,2252 567 2349 1791 1583 887 1470 2682 2416 1651 311 118 998 1578 2488 1920 945 1566 1210 2792 1368 2065 808 639 2459 1667 2647 2098 2328 819 2658 1396 1105 1367 355 875 982 1977 1179 1047 2491 2843 1239 595 2793 2310 1370 2225 1906 763 337 2778 1531 1614 36 523 1331 2446 2500 1673 1063 1554 984 2747 2249 813 2097 1271 823 151 2357 1909 1865 705 2587 2093 208 2042 2274 2257 162 2452 1854 7 2809 1978 1023 1089 2045 2770 579 513 2723 911 2636 1052 2009 671 50 1119
000602.jpg,13 640 1272 2502 2593 2355 2152 850 5 2147 1219 1267 9 1674 2443 1686 597 886 361 1605 660 1418 339 672 323 1366 676 1519 543 62 1398 2671 417 2677 392 1263 281 1599 896 1579 629 933 1515 865 2828 515 862 2820 915 1152 1036 1750 1352 854 1504 318 985 380 650 2734 941 1501 1751 128 413 923 1423 1864 84 78 2001 944 2460 265 136 844 1114 302 2108 1754 893 2359 164 1817 2653 2288 292 2624 156 140 931 1949 1241 1767 2389 1357 1700 496 2256 950
000603.jpg,1411 2584 349 312 4 1433 1815 668 1122 1694 619 2789 1146 1338 1752 1302 1545 2440 2832 741 1408 1305 2616 2389 2455 85 1737 2501 987 2138 1934 2044 1153 1202 556 1386 1939 2308 2484 2265 2411 950 1926 1624 2100 1156 837 2445 1102 1009 1294 635 1684 705 2534 317 650 2367 2610 1314 2779 2817 2712 2136 1891 392 1150 2576 1605 817 877 552 626 2833 1873 795 299 1607 1073 2270 500 2063 2250 523 12 68 787 573 1763 547 1549 1201 2666 2528 1544 1663 939 2801 2092 553
000604.jpg,2823 1995 2770 2726 37 1694 2474 115 955 2165 2218 459 698 1170 1616 1504 2115 752 2734 1939 38 5 2774 1907 2404 2268 1762 2619 1539 167 1763 244 1066 2141 2355 1835 755 2725 2448 2353 516 233 1744 1515 2457 1363 2812 1766 1235 20 1044 2162 217 2623 256 220 2226 1910 222 2116 1215 1352 509 27 2308 756 1882 1754 650 941 1200 2256 1521 1025 1283 106 30 609 1889 1222 1802 1108 1477 957 829 850 1880 2083 506 1173 183 2385 1064 387 630 1595 2464 1844 412 2712
000605.jpg,633 503 1335 711 602 2193 1156 1332 2228 1680 458 2592 552 28 1314 1955 1117 670 2265 2797 261 264 837 2681 1756 1009 1242 1461 2322 1111 1187 772 533 2576 1543 740 120 1715 2484 2406 2250 339 2237 2597 2455 2844 2689 864 1073 2199 1974 877 1240 1873 991 2092 968 2764 2062 508 1807 598 1297 1648 299 888 1010 1472 1143 2052 1118 962 1295 2136 2046 2557 2385 103 992 2139 2177 646 2717 262 1323 771 994 274 2323 1817 1608 2118 152 2054 913 1822 2610 1884 2594 1912
000606.jpg,1320 2600 770 1705 2026 2085 566 942 1681 487 512 1211 2262 1770 2543 852 2723 114 1682 1479 1285 381 543 1816 531 164 156 1980 2755 672 1366 2685 1718 854 1398 2828 1241 2045 1979 361 515 1700 1480 9 1978 2423 1884 2598 136 1750 660 375 2124 2134 2443 1599 62 360 1902 413 1548 557 2618 2132 2559 2671 1817 78 1423 886 1686 933 302 2147 597 1519 528 69 878 2677 292 1219 425 893 2014 1209 2460 417 492 1579 791 2499 1508 128 2373 2363 2001 117 694 1695
000607.jpg,2320 2756 1149 754 1728 2533 2021 29 1265 1847 2295 2413 1448 1231 1296 286 1513 1469 1161 135 2615 2408 558 2317 2354 293 1178 1672 376 1269 1996 240 1867 483 1478 1383 520 213 1447 577 16 1945 789 232 80 2172 967 1535 2784 2235 1091 2260 328 2759 2785 2579 1166 119 766 2143 2238 44 2504 2566 1849 1353 1804 2242 777 1427 2422 218 1722 2540 251 1898 2277 24 1883 2409 2523 2470 1300 1343 1093 783 215 1683 341 2673 596 310 364 949 1900 2737 1137 95 1483 572
000608.jpg,1555 2221 1070 2031 2120 2839 1921 1395 1329 2640 2335 2264 2573 2061 537 1419 2789 1135 1317 2101 1918 1637 964 2808 630 1266 2627 598 1401 367 1952 1556 936 2030 220 2331 1399 396 2038 1740 519 1449 1061 1755 2822 1917 694 877 2199 654 1823 163 1784 1756 2597 2365 180 488 1729 388 2310 1885 1302 2681 552 1528 2594 2370 1974 890 1412 961 2483 1546 1304 507 1991 1294 1425 670 2052 2226 1441 2799 2103 1044 2265 786 2716 1873 383 408 1349 1647 1003 649 317 1388 47 2071
000609.jpg,1990 2437 47 465 60 2314 1391 2700 2296 1413 739 91 2563 1186 1304 1745 1593 1310 250 1512 2180 792 1821 1720 269 1608 1107 1340 2235 2388 578 1537 1533 65 2276 1014 1919 126 14 1499 1254 1300 1760 1838 2653 765 1712 2535 1403 2128 683 684 218 1459 1905 576 1224 1975 1748 111 2157 866 469 733 2604 751 1548 1818 779 1474 39 926 488 1884 1116 615 980 325 2366 2268 745 66 2497 2795 2605 1249 2824 2288 432 1714 381 1150 87 1985 953 306 2118 2426 75 590
000610.jpg,348 26 1870 925 1369 1045 2454 2649 712 2050 480 1869 2241 2769 550 2538 663 735 378 179 1195 2130 2667 158 2229 704 242 2123 2204 1594 1590 518 857 549 2493 1887 751 2039 2356 404 2324 87 1580 960 280 1348 57 1930 421 282 1609 493 2659 2672 2329 884 2563 689 228 895 2284 590 170 1861 2198 1832 934 902 1575 77 765 93 2581 2694 576 1959 1350 548 2033 1120 2699 1538 2332 2146 1193 291 993 1406 2418 2157 1772 1014 2018 2456 1012 2434 1229 514 2739 32
000611.jpg,1944 2435 2558 165 686 2248 1899 494 2135 2741 100 899 1212 137 1569 2057 1130 2291 146 2813 2580 647 1606 2506 2639 2683 1223 1463 574 1874 1640 1935 2766 1547 1134 725 447 2842 2511 1646 204 246 659 2825 948 2068 692 1055 2207 2728 1825 2292 48 1962 2294 329 1940 2305 2258 804 1452 362 122 2393 1937 1986 2713 1841 2382 2286 2721 1056 79 1185 715 2326 2225 1464 1076 2309 1126 1096 736 439 982 763 64 1021 2427 668 305 2717 2433 1901 2650 2569 1648 482 1083 562
000612.jpg,1995 115 38 37 1964 2835 2614 2308 405 2712 2823 2486 459 2253 619 2256 521 1828 1095 1844 1694 1363 2218 59 122 2770 1622 650 846 1865 1882 2268 2100 220 677 1763 2185 871 642 2115 2738 166 2474 2065 1750 229 2666 506 1616 2255 244 2584 586 1153 1976 1560 387 1232 2562 454 1066 56 2141 829 815 1994 1504 2726 1433 2427 1835 2442 2034 2812 168 2225 1987 2638 481 882 1315 2189 1286 509 1768 461 1283 1449 1539 497 1201 1610 1701 2761 2403 1889 1698 1015 722 1064
000613.jpg,1483 1689 1749 291 634 1561 2430 376 576 869 1315 1727 2555 1283 1928 1447 1334 1883 1019 63 2323 2143 529 2644 962 1798 24 1300 1785 1298 251 395 1389 1353 1427 2540 856 2066 646 1166 1801 1213 2612 1394 1469 333 2409 2408 1333 2149 213 1230 2022 2401 16 309 824 545 1217 2058 1984 1478 2656 2638 1013 2472 1847 44 1277 2157 935 2277 2113 184 2666 1175 101 1631 739 1108 1683 727 1559 1685 2040 614 803 861 304 2188 650 1106 1513 1161 1178 483 1336 374 658 1228
000614.jpg,1526 2516 2145 1442 1511 1969 2102 1325 1992 773 1007 2763 1779 1385 1871 94 2613 1800 406 288 1721 1645 742 1731 1020 855 248 1138 1876 883 1707 1424 1581 1053 2560 416 2302 1165 434 1854 2596 2711 680 1271 2809 1142 513 1311 151 1499 337 1268 733 2723 2042 2519 301 528 866 382 1309 984 2251 1089 25 1209 2658 2310 2416 1913 2843 114 2006 1174 11 2243 2110 2793 778 2005 1023 544 1573 1133 2618 1527 610 774 410 317 2078 2559 2331 1100 916 2452 678 1966 1936 811
000615.jpg,1662 525 1475 2765 1048 2429 653 2316 1875 478 1274 2531 113 1024 2311 2632 1829 1774 840 467 726 108 1127 1039 2164 2091 534 1500 1008 1780 1967 1435 822 806 1220 2407 2137 2687 239 1275 753 89 33 1941 2301 245 471 1438 200 628 858 2565 452 131 2398 2467 129 2280 449 1062 484 1481 2173 501 2634 2059 782 31 390 1050 268 53 625 999 1563 1248 2279 1598 927 1813 1843 580 1692 2715 2142 418 1932 2236 2611 2285 456 788 1281 1505 2693 1018 2774 324 799 838
000616.jpg,2333 536 233 144 630 666 2117 121 2537 599 1431 2403 1621 1132 1588 1704 256 2446 569 2090 2394 516 1090 1049 2747 36 193 1939 1155 1763 1160 2452 1072 2167 1553 1983 988 1285 1294 701 547 1963 85 2222 2176 2619 2832 839 2481 745 1100 2200 1474 312 1445 2414 443 987 2642 1440 1065 2641 8 55 1278 2067 978 2603 2024 1762 984 2574 866 2424 1430 381 665 2535 924 1671 697 1249 30 2351 2419 795 397 1270 1341 635 1089 1694 1386 454 325 854 1148 955 728 632
000617.jpg,2764 2689 1974 505 68 968 553 2250 2681 2500 705 1117 2144 120 670 175 1896 1543 1827 1461 2181 523 2265 734 458 2193 1332 507 771 2199 363 1756 1873 2191 602 2283 2597 1314 2177 2552 552 1955 2370 2534 2527 414 2594 1111 533 1156 1376 2576 1831 313 877 2592 2306 1746 1917 654 1003 2819 162 238 587 972 849 2061 2237 449 1563 2770 2105 1010 1961 740 2052 1680 1317 633 699 890 1708 235 532 402 1215 1099 2119 180 2716 2065 1164 2365 261 1135 2322 2822 500 200
000618.jpg,1545 2486 2801 642 1622 1095 846 2100 2343 2253 1799 2610 659 600 1338 817 2817 166 1624 1926 1656 2790 1102 2255 1650 1305 197 722 1101 2509 1202 626 221 1810 556 619 2212 1327 2665 2367 2308 950 2738 2616 1407 202 79 1815 2840 2375 1644 1146 67 1409 1155 2068 1328 1319 987 1122 2584 1271 866 2789 1737 1698 51 391 645 733 115 1067 2078 2011 2389 2157 2712 524 2161 85 1172 2538 1411 635 172 1995 2484 2638 550 2305 2545 168 2045 151 712 1075 1386 2607 1663 715
000619.jpg,2288 2390 39 2281 1357 2497 1529 1751 75 198 1601 1733 2744 343 206 424 1767 2239 751 83 469 1943 2073 920 993 32 590 2033 902 541 917 1950 187 87 1836 2036 404 1459 1594 2667 1014 931 1114 862 1748 2204 564 1609 549 910 19 2563 1195 2653 765 378 1869 1593 2051 379 218 1467 736 2437 2624 940 1818 2326 960 1905 683 1915 1919 1224 676 1116 1004 1591 1180 1838 1714 2112 926 2671 2359 1722 1403 739 184 327 682 869 69 76 117 2124 2383 1434 2824 1406
000620.jpg,1411 2584 349 312 1433 4 668 1815 1122 1302 619 1694 2440 1408 2789 741 2616 1338 1146 2455 1752 1545 1305 2138 2832 2389 85 1737 987 1153 556 2445 1684 1156 1873 1926 877 2308 1386 2576 2501 2100 2484 950 1624 2411 1934 1009 1202 705 1102 1549 2044 521 1544 2594 2265 2250 1939 238 2092 2833 573 2712 2610 2063 837 2270 1663 271 1294 273 2681 2237 2139 1060 817 2817 120 1332 2534 1446 299 2343 1993 1942 2801 552 1622 553 1314 2597 392 1201 2367 2177 602 264 1095 1187
000621.jpg,988 193 1132 1588 569 2090 121 536 1553 1430 2333 2117 1431 144 1065 2394 1699 1621 36 1888 1492 7 680 453 2452 1085 981 866 429 443 1704 142 2163 2078 2793 516 2274 2658 1145 1404 1163 1271 612 1100 141 586 1808 1638 733 412 1173 1089 555 1155 524 1790 1562 1806 703 666 460 1021 2775 256 745 2679 399 1474 1688 151 1939 1510 1903 1826 2537 571 325 2189 317 2522 1321 1523 2831 461 2577 1976 37 2587 1872 1203 868 1890 1256 2029 1910 2584 128 2668 391 823
000622.jpg,1249 1474 745 586 2654 443 325 2535 1891 701 1723 475 2136 1150 2346 2331 924 2641 107 2414 2366 1177 2176 728 397 55 393 953 2779 2604 153 1006 1729 1471 1232 2603 1916 888 668 1194 630 2576 1244 205 317 761 262 37 2385 1308 1671 1633 2619 1939 2717 2361 1021 1069 1472 499 1338 1694 2449 1605 180 8 594 412 757 1669 2277 1514 352 2508 372 1122 736 2610 2551 1815 2758 177 1173 2546 2180 1488 2326 16 2351 166 47 573 1507 958 1305 71 2271 2094 787 2473
000623.jpg,1616 1515 2474 2115 244 941 2165 84 2457 1768 2562 1170 2720 2048 2442 2448 2761 5 270 1066 2353 644 2623 2056 2152 448 45 1364 1064 2386 2522 650 2831 2464 2355 1251 509 1882 1605 2734 762 474 850 844 2116 2502 2404 104 1226 1144 2725 2666 1371 2086 98 1802 37 2571 2263 1108 2572 106 1762 909 459 398 752 1949 592 2141 1222 477 776 1889 323 1352 1477 1232 2593 1744 2726 1272 2361 2498 586 2278 1458 609 1525 1504 636 1976 2678 387 2691 957 1957 1766 828 2273
000624.jpg,688 2601 1830 848 1908 702 835 2471 903 1845 768 1323 103 1254 502 1235 990 348 2241 126 297 2624 1045 925 1608 578 1369 550 2276 712 1512 2518 65 250 1120 26 1620 518 1340 179 1678 1107 663 1304 2388 1147 1310 1633 284 2649 1186 2275 1413 2454 830 1391 1821 2054 603 2050 1870 1201 1720 2218 2130 1336 2538 931 735 2161 1114 1422 2831 2787 1073 1328 1824 1450 1768 1013 6 1672 1732 2571 1364 1869 2582 845 2457 2056 2314 1504 1849 1767 971 1064 1262 2522 724 2058
000625.jpg,1567 1237 1981 446 1604 530 1518 2049 1290 921 2064 1017 1879 1384 1301 1058 2596 2796 2140 1742 631 908 451 2660 1002 966 662 1613 1909 607 394 918 708 700 124 2282 1491 2392 1119 996 1676 2530 1239 2257 2010 415 1621 2224 1992 1065 2093 1313 1978 1495 1145 1800 320 1587 1645 2658 2117 2357 773 612 1564 157 288 651 2543 2793 571 742 1385 1388 595 1778 1174 709 487 2035 2131 1367 2747 868 2613 1906 406 2156 2145 345 2446 1007 2786 1913 1731 2458 2006 2085 1431 942
000626.jpg,1548 269 2315 767 2702 1980 277 2532 2685 369 1989 211 1460 2 2663 601 1417 1496 770 1682 1747 1938 1833 889 860 2686 2496 1443 769 1320 1701 1489 2556 1519 1497 1788 1895 2289 381 1081 258 1479 161 2128 531 2622 1504 1557 1316 1975 1816 1390 433 2671 1480 1252 1272 684 2161 2015 2388 886 1387 1418 1759 2818 1834 361 375 583 2510 1285 1767 2600 597 431 1310 2001 13 339 1686 1366 951 588 850 543 2757 417 250 1958 1599 2363 1413 1821 9 2218 3 1642 515 1219
000627.jpg,2361 924 443 1150 745 1474 325 586 1891 1249 1605 2535 2758 1069 1006 761 953 1471 2654 701 177 2779 1232 2829 1916 2331 1308 1341 1723 2346 475 37 1607 2502 650 2122 871 2249 2666 2222 630 1194 8 2055 1082 1090 488 834 2449 1694 401 594 1903 2366 1763 1488 2277 1044 816 1487 111 1173 1671 1939 1027 2152 1023 2024 703 1501 128 981 2351 854 2483 1514 413 2604 1285 944 2124 2176 915 2081 2359 1738 531 1700 2195 375 2508 425 2598 110 1817 2828 2414 1902 2499 1177
000628.jpg,988 7 193 453 141 2163 1588 1132 1808 2274 612 1085 121 569 1903 1553 2679 1688 2090 1163 981 2793 1430 536 2452 1431 2394 144 2792 2658 36 2122 2117 2333 908 177 1791 1023 2829 2416 2009 1100 998 401 1404 118 875 2055 1089 1699 567 816 680 1065 1621 1370 1271 866 1909 984 2349 1268 1155 2843 1886 151 443 301 1492 2636 1628 1583 2747 1704 2078 2045 1341 666 317 128 1742 1888 1366 2249 2380 461 2449 1939 372 586 1258 2775 1047 733 924 1415 174 1514 2758 1671
000629.jpg,2017 532 2028 671 1140 344 2557 1532 2479 972 1956 1215 92 152 1708 2799 1037 1924 1021 216 2053 2396 391 1297 618 1746 1991 1124 2527 1787 1655 780 1741 1376 786 138 238 2794 241 1823 1852 696 1612 2052 847 1216 1182 936 2365 2119 383 2199 670 1465 81 654 1781 1022 1143 2232 1961 1164 268 963 1755 2244 2099 49 1339 2742 2177 1917 1461 2674 1918 330 452 734 1317 505 252 805 587 1395 2552 495 1273 131 1303 1974 1568 2698 1378 2279 849 2370 1109 2173 1135 2716
000630.jpg,1662 1475 525 1048 653 2765 2429 2316 2632 2311 1774 113 2774 1967 2531 478 1875 1274 108 1008 2164 471 1220 1438 1500 782 1829 2407 1435 1024 1461 840 1127 771 726 534 390 467 200 2091 2770 806 753 1039 2301 1050 33 1780 1941 858 1018 2565 2398 449 245 822 628 2687 625 2137 1275 1598 131 1635 89 799 239 92 1563 1248 1472 31 1715 484 679 2467 1505 2279 2059 53 27 1376 1692 670 452 2236 268 552 2611 580 2634 2173 999 2715 1974 1062 2280 2698 972 2119
000631.jpg,1451 1361 803 2040 1306 1951 374 101 2381 989 364 436 485 1900 251 2546 1115 2178 341 304 2113 2540 1353 581 1427 737 393 215 545 1213 2066 1175 1228 2114 293 2644 1883 395 1798 2323 529 1334 2656 2787 1801 2149 1106 1559 962 2136 1394 1300 1389 1483 1137 1019 1230 646 1928 2504 1785 1447 1693 2759 1847 63 2579 572 789 1178 766 1513 2238 483 328 1161 1561 1683 2784 1166 240 2277 2242 727 1244 1333 1197 614 596 1091 1743 1689 1298 1773 2016 2673 2022 2422 1818 95
000632.jpg,1944 1569 2580 100 2741 2135 165 2558 899 1899 1212 137 494 1606 2766 2057 2291 1640 1463 1130 146 2506 2248 1935 2435 647 2639 2842 574 725 2511 686 2068 1134 2683 1547 204 2813 1223 1874 659 1452 48 2825 1901 2721 2309 246 715 447 64 1825 2207 1261 2305 1055 2728 1940 2826 2628 260 51 2294 439 2419 1646 562 1416 1096 559 2815 2088 1051 305 2439 1658 2376 79 1544 2352 1986 1860 2707 2713 613 2581 1422 1636 169 140 1617 1623 2650 1965 1453 1218 1840 2036 1193 1381
000633.jpg,1583 2349 2252 998 118 2416 1791 2792 1052 2843 567 2658 2274 2793 875 36 1808 887 2328 1651 1470 311 1085 7 1210 1163 2682 2491 1179 1977 945 1578 808 1367 639 595 1688 1920 1368 819 2488 1909 1566 2679 1667 2459 1239 982 2647 2045 1903 2225 823 2778 2431 151 1145 1271 513 2587 1089 460 2167 2452 763 141 453 2775 1370 1854 612 2216 2065 2636 208 1431 1531 1790 2711 399 637 1703 521 2163 1865 401 1201 1288 1244 337 2009 25 517 1415 382 724 2055 2171 81 778
000634.jpg,404 2204 549 1609 1195 378 1869 1594 1915 2667 2824 751 1905 469 615 2605 960 1192 1014 1459 282 818 14 2240 779 2345 632 1985 2651 2563 2485 765 1403 2804 1997 2453 590 87 2653 66 145 371 2700 1748 2621 902 2437 321 2033 2426 1809 812 39 2288 1406 2157 845 917 2497 1357 497 2211 75 895 1075 424 2695 1004 1839 2112 2324 1751 32 2583 254 1180 1016 929 111 576 19 604 450 1990 373 1818 676 940 564 488 198 2518 2483 1919 2136 1772 93 2284 1035 736
000635.jpg,2385 1652 888 1112 2717 17 1360 262 2246 573 969 403 2781 2063 1159 1 2175 1520 1258 2298 1349 797 1630 2541 2834 1472 1615 2731 2213 2215 913 511 234 223 2635 1572 2727 2339 349 891 991 90 2399 1897 685 2138 958 2710 2300 2648 2104 961 1684 1540 892 1362 2524 1698 2466 2455 1571 273 1242 46 1618 1291 2412 1238 267 2633 1619 2340 2223 2255 638 352 222 787 1648 317 2588 2607 1925 1815 2517 307 2709 71 1814 537 1660 2271 2445 1446 810 2473 1982 1009 2231 741
000636.jpg,1703 2617 922 1288 2167 2216 2171 637 2810 521 1090 2043 2816 2841 1363 1697 1487 411 1139 1881 335 2308 2712 619 468 1027 2589 1763 2230 2706 2353 2591 2657 8 233 1244 2449 938 1250 2445 1386 297 727 1405 1671 1052 2832 2024 1820 312 785 1625 1389 284 342 2403 547 990 2707 2022 2218 2141 2405 1963 987 2475 1663 36 37 2200 1201 118 620 2425 1436 56 2666 995 635 1328 1214 650 1583 1295 2083 978 2378 589 2054 1694 85 2274 1826 1797 658 1504 1235 1148 2476 2761
000637.jpg,2816 1027 2449 8 1487 1244 2024 1090 426 1671 1763 1597 589 2167 2216 2022 1389 727 922 2043 2171 2810 1703 637 2136 658 2617 981 2589 2657 63 1333 1881 2841 1019 411 2353 24 1697 1288 213 1298 1213 2113 1386 2066 1139 297 335 2405 485 1228 2546 1785 853 547 521 1561 938 545 393 103 1323 1087 2339 745 1175 1951 2366 1928 2535 1661 714 2654 443 650 1605 1405 2644 586 2832 1631 1558 898 2361 924 1306 304 2072 1694 136 325 1474 1817 2149 2178 2602 783 2242 2143
000638.jpg,28 1680 2228 1335 2797 711 772 1549 2193 503 633 458 2391 2001 264 602 2844 1117 1332 1156 2484 238 299 2139 2363 2517 386 796 1955 2389 2460 1314 2557 1122 1009 1480 1118 2092 2592 557 1366 1816 2268 372 837 2185 992 2833 2598 461 276 1976 860 224 1284 1143 128 1982 1701 1548 136 1817 1501 2455 459 273 1456 413 1807 2250 879 2779 1586 915 1489 968 1902 1756 1417 1461 1661 1684 1537 2650 381 944 1285 143 991 1557 2256 552 2524 2671 854 688 380 140 1416 1891
000639.jpg,2254 2233 1734 102 457 2192 1072 2802 516 294 2714 2513 1246 2174 2461 1234 825 256 1653 1034 1583 2229 2024 1276 2555 1727 1595 998 1244 719 1392 2336 1536 546 40 233 795 764 1494 2699 2008 2525 2783 765 2603 58 1523 1083 756 845 2106 1318 1410 582 851 1493 1960 153 1201 1804 42 2168 632 1447 2572 752 2018 1351 55 1882 2684 450 2176 2330 2278 2586 814 2146 407 636 35 2453 2733 63 291 2086 2695 462 724 1279 1611 794 2641 2745 1226 576 1382 474 728 1678
000640.jpg,1847 1161 2540 1427 1300 1513 1353 1883 1166 316 251 483 240 2409 1447 2784 293 967 16 1804 789 2320 44 2277 1928 1178 1149 2756 1728 1483 2533 1469 2317 2504 2021 2759 2579 646 2072 754 614 101 376 391 328 1231 1394 577 2024 1749 1137 2644 529 29 2238 1801 766 374 572 2381 2787 47 1727 1849 2555 395 1672 576 2396 2323 1506 1689 1900 2610 1304 1277 1823 1991 1683 2058 2794 552 670 1361 658 2017 1722 1867 935 241 1135 1898 2235 495 589 1472 2040 2693 268 364
000641.jpg,2767 1649 155 1636 1041 2628 1054 1965 1255 1658 1444 2815 439 986 48 1782 64 2352 1096 1218 2439 1862 2836 2069 1381 1600 826 1993 2076 1416 947 1640 1051 1840 1757 1948 1860 2631 169 134 194 1544 645 1679 231 2837 1067 2477 613 168 51 574 1958 2012 266 563 477 1663 1552 1307 900 882 445 283 2011 2133 123 305 562 568 2707 1261 1775 2082 319 1029 422 1623 906 2721 201 2732 1899 100 2088 1710 1569 2362 2270 899 2150 260 1963 1405 2541 715 1589 440 1617 641
000642.jpg,618 1164 963 216 1746 1216 344 2479 2322 2822 972 1961 1135 316 1755 1532 2814 2017 2232 1317 805 152 1635 2819 2674 1756 81 2557 1715 1917 2119 649 1273 1781 849 245 2236 1429 61 2505 2465 390 2365 2025 2539 1187 192 1472 799 2428 1141 936 1780 587 2629 1465 1395 162 1376 699 418 2669 532 1356 225 2052 1140 786 2099 2199 1741 1823 670 1503 2690 346 1967 2070 847 1050 1568 1109 2028 2370 1183 209 402 207 2798 1481 139 2716 2053 2799 1852 838 505 367 52 780
000643.jpg,2495 1476 2745 2202 2190 1073 392 1092 76 230 88 1197 1914 1103 824 80 837 983 1231 2547 1849 1383 1722 1999 926 119 1867 19 132 60 1176 1296 44 1304 1693 707 2260 632 218 1818 2021 1009 851 1743 832 1838 2180 695 1921 841 1856 2277 576 253 99 1254 1224 992 2563 94 2431 1744 385 1183 1729 2607 2101 2172 1425 614 683 2281 814 2264 2789 2726 1449 617 1523 1556 1869 2787 2437 1116 2371 1960 1203 391 2544 2116 2268 215 396 1424 1790 1154 152 2221 2629 2518
000644.jpg,505 2764 1974 81 2689 849 2365 2819 458 2061 1756 618 1831 1117 670 2500 2370 654 1746 553 2265 68 1164 1706 2716 1317 2199 1655 2052 2144 532 2681 523 152 1461 175 1003 734 2181 2479 120 1376 507 2193 2250 1921 162 972 1532 1827 1896 2322 1917 705 2028 2527 1314 1073 2177 968 1708 316 1755 1823 587 2557 1135 1955 771 363 2592 2119 2806 1293 2017 786 1395 671 963 1912 414 1543 2283 2396 2062 1332 1156 2053 1097 552 2105 159 295 602 2552 780 1680 1647 455 1240
000645.jpg,2113 2066 1213 545 304 2178 2546 1115 251 1389 1951 1306 393 1019 1451 1228 1361 1483 1427 1353 2540 63 485 101 2040 803 374 2022 364 1447 2381 1785 1883 989 1137 1900 436 1298 1333 1300 2136 1175 341 1561 215 293 737 1244 581 2644 2016 2787 1631 727 2504 1334 395 1798 1847 2759 1394 2323 529 789 1559 2149 572 376 2114 2579 2656 328 2238 766 1178 1513 1801 1689 1928 1166 1106 634 1161 240 483 1683 962 1230 2784 2242 1091 24 1773 646 2143 2409 213 1996 1804 2024
000646.jpg,52 2821 346 61 207 290 225 2025 418 1481 2669 192 1829 2279 1299 1168 2690 1780 245 840 467 217 1932 2467 2285 478 726 2765 139 209 2091 1024 108 331 1127 1262 822 655 2794 2396 412 2173 1787 1843 2698 1022 464 2164 2142 326 239 580 2693 2687 927 561 268 31 1281 456 455 1465 2715 452 1071 295 1503 1062 1505 838 2244 2280 2059 999 1378 1039 1275 936 1692 138 53 2806 2137 2634 49 1755 1274 1789 1026 534 495 2311 1500 1813 504 2232 1568 1141 2465 2505
000647.jpg,650 2666 2353 516 752 1605 37 412 459 594 1303 1744 561 586 2404 1299 1168 2502 1515 1616 2361 2115 1891 1232 2823 1021 2279 2474 924 443 1723 935 701 495 2152 1694 1882 1150 1474 477 745 448 252 2698 655 244 452 2669 2448 2770 2278 1910 1006 1378 325 1173 2317 864 2268 2821 2726 2535 1768 295 1066 207 430 475 92 552 761 2165 2806 1612 2025 346 1283 225 138 1976 2136 5 1308 52 2017 2396 331 2048 42 1297 1071 2277 2690 1240 2355 2725 1048 2203 1273 488
000648.jpg,2691 281 781 796 1616 2677 448 1219 413 128 629 2593 973 224 1263 1902 98 557 896 915 1366 84 2147 941 1501 1700 854 2502 1515 640 2460 13 2152 2001 298 2474 2483 2598 136 2355 2828 5 1817 2165 1864 672 944 543 1440 2115 676 1344 244 1949 1426 2436 1402 2734 2443 844 1819 1066 372 1439 2132 1973 2359 1423 933 1272 1641 488 907 879 1605 1285 1570 2599 1144 2334 1226 117 2363 1519 1170 850 265 2457 1750 1038 1654 1477 828 275 1762 1835 2154 531 2671 351
000649.jpg,813 1528 243 1554 2097 1063 1025 2778 1769 1370 1531 2310 748 1105 1396 1906 1865 2093 930 2098 1211 1978 355 607 2357 2042 512 2257 763 710 2304 2660 1673 2225 54 50 2026 1579 952 1893 515 2543 434 1354 566 2282 1546 1239 1384 919 394 1031 1750 841 2696 1425 2392 1614 1305 2782 1367 164 156 1154 966 2773 2577 982 1992 2065 311 1311 2770 2219 114 2341 1331 1516 595 309 1742 492 2085 1566 1705 1791 1779 2584 662 1385 975 1890 172 2064 9 709 1047 2364 855 2369
000650.jpg,2776 2371 428 667 1863 820 2387 222 1509 641 2378 196 1589 2475 1541 334 1911 1088 2032 1373 2771 1188 1025 1189 750 551 1820 2158 2047 995 1949 2266 1862 2210 956 2514 1696 1380 370 2468 1084 1735 353 759 2572 2783 2220 2520 669 2526 476 2643 1931 1371 1643 1807 226 1227 1625 342 986 776 2431 98 991 1603 930 882 2150 1167 2109 1450 1255 2729 2751 1702 477 2421 1963 2548 1093 1059 1757 84 1355 385 909 585 56 2567 255 1657 1322 1295 1324 2463 1953 1171 1214 863
000651.jpg,1370 1554 975 1906 1396 355 1105 2696 243 2098 2310 2257 2093 1673 1793 1331 2357 301 144 1047 72 813 1628 1742 1978 1614 1872 760 607 394 2392 2660 2282 2747 662 1613 2658 2446 2249 337 2097 1431 631 36 816 984 2117 1414 1211 1119 401 1879 415 2042 1909 1388 2304 2452 1384 2009 1063 2035 2843 923 1301 2268 2416 1023 916 2636 1268 1017 2333 2064 530 1154 172 2349 908 380 802 1579 2140 841 612 219 1531 2793 1100 453 512 451 966 2723 921 2796 1518 1002 2049 2596
000652.jpg,2152 5 2502 1515 941 2355 84 850 2457 1352 2593 1605 1272 985 13 323 2820 1674 2734 2165 1267 2474 676 650 339 1616 1949 640 496 844 509 865 1219 281 713 1504 2115 106 1762 1751 244 2666 862 1066 629 2147 1371 944 2624 2787 98 915 973 75 1864 39 2677 198 1819 2497 1170 1733 206 2653 1342 896 845 409 1263 343 2288 1501 863 1226 2518 2761 1882 549 270 1036 1152 1144 424 781 2726 318 2623 828 1358 482 448 128 776 2047 2367 404 2204 2691 2334 136
000653.jpg,477 1976 461 1911 273 2298 2482 1541 1701 1189 2032 860 568 1380 258 820 98 370 1949 776 2387 1948 2628 1489 1684 1416 353 574 1096 772 2047 1788 334 1636 1417 439 1371 2729 2210 2767 909 2363 1256 155 1599 2439 1616 1144 1223 2379 1899 750 266 1548 323 1965 1816 796 1640 1657 372 2460 1041 1782 1267 2355 2076 196 1504 2593 930 2520 2702 64 276 2691 168 563 2474 2001 543 1066 1272 2421 718 2598 769 1569 2475 2086 1219 386 1285 2436 143 1200 1840 84 15 1479
000654.jpg,2778 930 813 1025 1528 1769 1554 928 1657 2097 243 414 2770 1105 1546 27 2098 1396 2310 1865 1566 1531 1200 1256 1211 2065 1239 1367 1791 1215 1370 2534 2488 1349 2379 355 1750 1652 1360 952 1047 1630 1886 515 1906 2246 532 50 763 1063 537 523 748 1368 1354 120 554 2459 1673 2304 671 961 1514 2283 698 919 2822 1258 352 2341 1031 2181 1495 461 2093 403 1920 156 2226 2717 2225 427 1461 2812 2063 2786 311 595 2318 1539 1366 2108 2500 1210 705 1812 115 2587 176 982
000655.jpg,2770 1514 2256 813 27 1539 2774 1200 276 2226 2249 220 2778 167 643 1554 507 1025 2823 1528 2619 243 871 115 20 955 1215 461 273 1939 1769 1995 1044 1370 2097 2065 1063 38 930 537 1105 1396 1906 1865 2310 2098 810 309 1531 698 1694 2283 355 523 1456 532 705 671 834 553 1211 2812 2195 1461 352 488 1976 2271 1827 1750 2833 763 2028 1791 2108 2357 156 333 761 2225 2042 2660 1047 2773 2093 1069 734 1740 935 2257 1217 1294 1284 164 1140 2534 515 175 2565 30
000656.jpg,2813 2248 948 2258 2393 1937 2286 2382 362 686 1841 1874 647 1464 2683 146 1130 329 2639 1076 804 1592 2506 2558 165 1639 491 2569 1944 2057 1899 494 1646 2435 1185 2708 2291 1223 2135 2438 1935 1212 1463 899 1777 1606 137 2766 725 2207 2842 1056 2580 2473 1134 2427 1126 1825 1824 2717 2741 2511 2825 1986 1547 1055 872 2294 482 2704 447 800 246 2492 2068 774 1071 307 2273 2736 2728 100 627 1665 1441 267 90 1094 338 2183 659 1291 1810 2838 1012 2721 67 2087 2041 2243
000657.jpg,1221 2425 285 1104 546 2470 582 2168 1188 1797 620 661 1669 1507 2550 724 2261 2278 2807 1318 1702 42 2194 181 2083 636 1858 1536 1910 2019 1083 2080 732 585 1482 592 577 2067 2595 2383 1651 1889 1145 428 1826 2313 342 759 2827 1898 1337 2403 2111 2317 2468 6 755 1084 2371 2441 34 1960 2141 2643 2230 995 2395 1232 1071 1436 609 1487 820 558 1625 752 1931 695 2641 516 959 135 1953 468 40 2279 1963 2422 1744 147 335 728 2079 2463 1638 397 2094 2476 2816 2176
000658.jpg,1145 2786 427 320 2224 979 868 554 1065 2227 340 2775 208 460 176 1510 399 2587 1890 1415 2668 1562 1904 823 1495 2507 1393 174 142 595 2029 2743 1790 1621 2458 1492 1033 429 2636 1888 332 555 2009 1239 997 1002 1210 966 1256 99 571 2642 2010 1367 2328 311 2491 2090 1132 569 1865 1321 1588 2156 1567 1566 121 908 1237 1179 415 575 2793 1085 2773 612 1977 1981 1430 866 2310 451 875 536 2078 173 1676 733 2660 2550 1098 2117 2333 680 1553 2163 391 1368 984 982
000659.jpg,348 26 925 1870 1369 2454 1045 712 2649 1869 480 1195 378 2050 2769 2241 663 179 242 960 1594 704 2538 2229 550 2204 2667 2621 2130 549 2329 404 2123 158 2701 735 1609 751 1772 2211 282 303 2493 1959 87 2018 2324 450 2033 2284 2146 1887 2039 590 765 294 2563 1590 1580 2020 321 902 421 539 2004 2356 170 2347 1348 2586 280 917 57 1372 32 1832 1930 1611 1014 794 1459 493 1542 2447 689 934 2672 2198 857 719 77 1748 1289 2129 764 2739 1861 1805 1377 2332
000660.jpg,2403 233 1049 839 516 932 955 1440 698 1521 1963 30 853 829 256 2823 1939 1704 1072 2461 2067 2186 2619 1762 2734 665 630 2226 294 1445 1735 1621 1034 585 2333 718 2229 2513 391 2167 2811 1222 1090 1802 1278 1671 167 1956 1539 2174 2024 317 2165 1153 2481 795 1520 2445 986 2727 1279 1234 1595 1201 1826 2557 1694 1910 756 2740 412 92 20 1761 1880 2255 1255 2176 2783 2468 1957 454 2537 687 1140 1352 323 1162 1059 2474 1494 2427 1044 1763 85 752 226 397 2486 150
000661.jpg,570 2588 1034 859 421 2456 2330 1196 77 857 1350 720 1043 704 1776 242 366 2174 976 158 2186 2332 1191 2461 1665 2739 1542 746 1494 2123 706 2229 842 1234 880 291 2321 287 294 2694 1653 1724 2703 2039 1664 1432 1522 1457 470 130 263 801 1857 2184 2662 885 1086 2327 438 2513 1345 656 3 2356 756 2409 1072 2454 1887 1765 514 2672 2590 2127 1279 1276 1377 2206 793 82 1590 228 588 1580 247 1392 170 1292 280 2247 1348 210 2838 1520 2198 57 2585 2418 1359 872
000662.jpg,1549 2391 2797 2001 796 28 2517 2228 386 1680 2363 2460 264 2844 557 2389 1122 1480 372 2484 879 276 992 1366 2139 143 299 1684 1982 1816 224 238 2833 1284 1118 2598 1009 790 2092 1661 128 1456 1501 413 711 772 2455 915 1586 2400 2044 1335 1868 1619 2529 969 2298 1411 140 837 944 1202 2524 2607 2411 2633 2731 2412 1925 1440 2779 2185 136 1660 2193 1817 2584 497 1694 2541 2535 273 488 2300 2367 2046 2270 1416 461 2576 2710 1291 2063 1238 1671 2318 1891 1143 1514 1902
000663.jpg,1800 2613 288 1645 1731 406 742 1138 1721 1871 773 1007 2763 1779 1385 1876 1707 1992 2145 2102 248 1325 2516 1526 1442 1511 1969 2596 94 1020 2110 11 883 416 1424 186 1119 855 2809 2392 2282 394 631 2093 1978 1527 2747 1053 535 1906 2377 607 257 2310 2357 1894 1017 446 434 662 811 1981 124 1581 1567 984 700 730 1466 1237 2560 1110 918 1604 709 530 2723 2006 1913 2219 338 1174 908 708 680 2042 1613 1909 2609 1879 2793 921 2658 2843 2697 648 996 2530 2788 2626
000664.jpg,1083 689 493 548 6 1930 1856 2522 1204 1365 1421 1064 2386 45 2831 2056 1251 133 2582 1364 1792 2374 407 1665 2039 2441 280 1580 57 2125 2418 2356 1887 210 2659 2111 2123 934 1348 1861 546 2827 857 746 310 228 2198 832 472 2247 2548 2050 2434 1229 2672 2585 1947 1292 1347 1758 1359 1193 582 2649 482 170 34 421 2581 1551 247 1147 2332 480 2456 723 1590 663 793 1575 777 1375 179 1785 1019 2838 2785 656 2489 294 1859 2586 2206 2383 212 1120 884 704 1772 925
000665.jpg,2015 1252 1834 1753 18 1125 1842 2777 2772 70 2077 2478 2490 1390 1557 2510 431 2561 2818 951 1642 2000 601 2663 2667 1035 1759 2757 297 2622 502 1958 1504 990 284 2 850 2218 1908 2161 860 2471 2601 1965 386 863 2388 1839 103 2355 372 522 381 250 266 1236 2054 5 1272 1489 1661 767 1323 1391 2171 1012 2493 2707 1186 2276 1869 2047 83 1340 1697 1788 2502 2650 531 2167 1189 2152 497 136 375 373 1993 2184 13 2457 315 1608 1417 1605 826 2128 2810 1701 1459 2001
000666.jpg,2778 813 1528 1554 1025 930 243 2097 1370 1769 1657 928 2770 1200 1211 1105 2093 1906 27 355 2098 1396 1546 1865 2310 537 461 2246 2729 2420 1479 273 50 1366 698 1516 512 1673 515 1816 1791 705 1976 164 2660 2065 156 162 2257 2822 1349 507 1047 2773 607 1978 1031 671 2085 1387 2357 1614 414 2219 1514 532 2026 1630 2584 2318 1360 709 1682 1566 2369 2565 1018 186 2304 852 1531 128 2199 120 2262 1750 566 1939 782 771 1893 1579 1187 54 523 1002 1240 2181 1815 2183
000667.jpg,1469 376 1447 16 213 2317 44 2277 2408 1389 2066 1213 1019 545 1847 2143 1244 2022 63 1533 757 1137 614 2113 2024 1728 1333 2178 304 1166 24 2756 1785 1561 761 1483 2320 393 2409 2555 2546 1727 8 924 577 499 1898 695 2422 426 1115 1265 1044 1149 132 1749 1928 861 1804 2295 1176 1476 2449 341 1513 2430 634 1093 1161 576 617 558 88 251 2547 316 1228 983 1773 516 293 135 2638 1487 777 752 2413 34 1693 2331 1883 215 1257 2759 490 328 1999 2533 230 397
000668.jpg,1913 2006 1174 2609 937 1634 648 1466 338 1110 730 2697 749 811 1455 257 1894 2788 1516 2071 2151 1379 1239 2492 774 1527 1936 1367 1454 2156 1094 2243 673 311 800 1079 1977 1210 2519 2491 1546 2417 2328 1179 535 1321 1498 1850 571 1566 1098 595 1142 2196 1567 855 538 678 2087 875 288 763 1237 1670 1981 1966 982 2377 605 2310 336 2750 821 446 1865 2225 2224 2005 2470 1025 434 1800 823 2809 2364 1441 2793 2045 451 112 887 2682 1419 2549 1604 1555 1337 1088 537 124
000669.jpg,1360 1112 2246 2385 17 1652 1258 1 888 1349 1159 2063 573 403 1630 2298 1520 2731 2717 262 797 969 2541 958 2727 2175 1684 2710 1472 1546 2466 71 638 787 2271 537 810 2300 352 1446 2104 2481 307 961 2138 2412 2339 1648 273 2445 222 2524 2619 317 991 1698 30 1294 2781 1939 2372 267 1291 2223 1242 1238 741 718 2704 665 955 2513 2231 1607 1433 2588 1657 1815 2473 2379 2529 1572 1514 195 1694 2635 2213 2834 2633 1305 939 698 2270 2648 234 2716 1619 2455 511 2517
000670.jpg,1501 372 915 944 128 224 1366 629 413 2001 557 2677 1902 1817 136 2460 281 2483 1219 459 2362 37 796 1440 854 2256 2268 1700 1480 2598 650 2363 1816 2666 2599 879 2391 299 59 386 276 488 896 115 640 1750 496 1263 1711 1680 2147 2691 1285 2185 1754 1995 461 2389 1387 2779 1605 2502 1599 380 38 1150 1284 13 1539 28 1456 73 2074 1694 1549 586 1891 1344 2797 2833 790 1232 2218 1412 2222 2436 1982 924 2108 672 454 1308 1882 1582 1082 392 2828 2136 2535 865
000671.jpg,689 1083 493 548 1930 1365 6 1204 1792 1421 133 2582 2374 2125 2198 1947 57 2247 1861 1665 2418 2659 934 472 280 1580 407 2039 1887 228 1348 2585 1359 1292 1229 1859 210 1758 2356 2434 1575 2548 170 2672 1347 1551 1193 2838 723 2581 1856 1377 247 82 150 514 793 884 2456 2123 1375 582 746 656 2206 1234 1590 1121 546 1059 438 2489 1877 2050 2168 2209 1846 663 2522 421 2536 2740 1064 857 203 874 687 2748 798 190 482 179 1147 294 212 1675 1611 794 540 2649
000672.jpg,1093 407 1088 1059 1375 1696 1735 2783 2643 2548 476 196 2220 956 669 540 759 1898 2468 2526 1931 1558 226 2740 2242 687 2170 1702 1524 2536 203 1506 154 1629 2121 1227 2350 1260 2749 1001 1803 34 1084 2514 2158 1188 1421 2444 2422 2475 2405 1811 1373 2523 1380 2572 667 1278 1509 1863 965 798 2583 2776 1953 2266 1525 882 1820 2785 428 1675 1947 1683 422 1167 2109 2238 2371 1147 2463 342 766 1322 2771 328 1355 2759 853 2629 1589 2798 1643 2263 2678 729 2539 1602 2348 1178
000673.jpg,52 2821 346 61 207 290 225 2025 418 1481 2669 192 1829 2279 1299 1168 1780 2690 840 467 245 217 2285 1932 2467 726 478 2765 139 209 1024 2091 1127 331 655 822 239 108 1262 1843 2396 2794 2142 580 1787 268 2164 464 326 31 2173 1281 1022 999 456 412 2137 2687 53 927 2715 295 1039 2634 1275 504 2280 455 2693 1505 2059 1813 452 2698 1062 1274 1378 1503 561 2311 2806 1875 138 495 838 1465 1789 2316 1500 806 159 1941 430 534 1706 241 1026 2244 1923 1755
000674.jpg,1567 1237 1981 446 1604 530 1518 2049 1290 2064 921 1017 1384 1879 1301 1058 2796 2140 2596 631 1742 2660 908 451 1002 966 607 394 662 1613 1909 2257 2392 2282 1119 708 918 700 1495 1491 2010 1239 2357 124 2093 996 2530 2458 1978 1676 1904 1673 1906 2507 415 2543 2131 2446 1065 1587 1564 651 1554 997 1145 487 243 2786 979 1485 345 1313 612 320 595 1367 1621 2262 1992 527 571 2085 1210 942 709 2747 2675 2696 173 208 1211 984 1645 2668 1848 554 1890 2035 237 1158
000675.jpg,1452 140 1868 440 659 2580 1422 1840 1623 2837 1617 2707 1416 1948 169 2840 2352 51 305 2721 1640 1782 1261 715 1218 1679 1993 445 562 645 1544 2836 518 2011 1202 1381 194 2439 1663 1067 2826 2241 197 168 1944 1051 231 1658 563 2189 1054 1029 1146 260 1096 2289 550 134 613 735 1752 826 2088 1102 1552 2419 1328 1569 2367 2391 1901 100 950 2817 947 712 1799 155 1045 2815 2076 2767 1899 1958 559 48 1636 1437 146 1710 1486 2135 1307 1212 2375 266 2389 2713 1444 2766
000676.jpg,1882 42 285 582 2168 546 2261 636 661 2278 2194 1960 1318 2807 1221 40 1536 724 2571 851 592 1071 6 1083 1232 2162 1744 776 353 479 650 98 1189 1835 738 2666 2726 2474 1226 370 167 1066 15 2268 2761 459 2353 2086 896 1440 115 233 1222 454 1824 2210 2572 372 37 2047 974 2514 196 2468 1263 1768 384 2222 1687 1219 1144 1504 20 1539 2745 2083 2691 256 1616 820 181 1995 474 298 270 2116 2643 2677 2404 752 1702 2202 2048 2812 275 1286 1400 609 905 2115
000677.jpg,348 26 1870 925 1369 1045 712 2454 2649 2241 2050 480 550 663 2769 2538 1869 2130 735 179 378 1195 2667 518 1590 704 2204 2123 1594 242 158 549 960 1887 2039 2229 895 93 404 751 87 1406 2356 1609 421 2329 2033 1930 902 1580 280 57 282 493 1861 590 1348 857 2659 2493 2434 689 170 993 934 2672 228 917 1959 1575 627 2418 2563 1859 514 1772 2714 83 1345 67 2284 32 2581 842 1229 1012 548 2004 884 1836 470 2324 1292 1075 2739 2621 1193 1120 765 2161
000678.jpg,2584 1411 349 4 1433 312 668 1122 1815 1146 1752 1694 619 1302 2440 1545 2616 1408 1737 1153 741 1305 2789 2832 2455 2138 1338 2389 85 556 1684 1386 987 2445 950 1202 2367 1926 1060 2501 2308 1934 1544 1993 978 1624 2439 1663 626 1622 665 547 2270 1319 1156 1799 1549 2484 1939 2411 1009 817 521 2704 1102 611 2063 1891 2712 169 645 1278 2189 2607 2100 939 562 837 134 1679 573 2044 2391 2817 2528 1281 2790 1201 2011 650 1976 2610 2576 891 705 238 1600 1407 231 2801
000679.jpg,342 2083 1631 472 2662 1963 1898 1093 551 2740 785 1087 2079 1375 1188 2067 585 1059 967 2242 1558 2230 2425 1804 2422 1858 1910 1278 1625 898 240 714 1207 2785 1953 1178 2072 759 1672 2548 34 2220 2526 2784 1826 426 1597 2591 2523 2643 798 687 1336 335 1931 2468 956 2403 727 1702 1735 1996 540 328 2024 1091 407 789 2759 658 558 1139 2238 766 777 1602 2109 2160 1227 1487 468 1333 1683 2313 135 2504 2579 1436 2612 1161 1330 1907 1513 2401 483 986 620 1719 1298 971
000680.jpg,1452 140 1868 2580 1416 1948 659 1422 1617 1944 1640 440 2352 1623 1261 2707 1218 2837 1840 1096 1569 100 51 169 2721 574 305 1899 715 445 2840 494 562 2135 1782 2766 1679 2741 1212 2439 1544 1993 899 146 2391 2291 1051 2057 137 2836 2011 1381 1663 645 2419 2435 1606 563 518 1223 2088 1658 1067 772 2826 2815 260 613 1029 2558 2241 165 1202 134 197 48 1552 1636 2639 2189 647 2650 559 1146 826 1549 1752 2767 447 1328 194 1130 2076 64 1874 2713 204 266 1444 2289
000681.jpg,855 2516 1511 2102 1526 2145 1442 248 773 1969 1325 406 94 1020 742 1645 2613 288 1992 1800 434 1138 1731 1311 1721 1007 1871 2763 1053 1424 1707 1779 1385 1142 2809 1876 2549 593 2364 544 2560 2519 2219 1581 709 2596 1850 2417 1079 1968 1094 2005 883 2843 1936 678 673 2243 186 1966 774 2492 800 2205 2290 1271 151 2208 528 2251 716 2341 336 513 2788 1988 2196 984 25 1527 2087 1119 579 912 1379 1587 41 1209 2377 2299 2559 2658 2618 1068 2730 1499 808 1913 535 2697
000682.jpg,2016 1685 1773 149 1257 954 1971 182 1785 1786 1795 499 1434 1533 1712 1883 617 1760 1228 63 832 1389 1213 1999 2066 393 2112 1004 1019 304 545 1298 1103 1137 695 658 757 1483 2547 1176 1115 2178 2022 1743 132 614 983 2700 1690 2234 2551 1028 824 2752 2546 2113 1990 2360 2159 2020 230 1333 1447 1693 926 465 2190 1244 632 2136 576 1748 1014 1476 88 2630 2180 2604 719 1180 2277 1626 2621 1372 76 1300 2211 2701 646 1382 2297 2347 2106 596 960 2368 1087 1561 764 47
000683.jpg,2015 1252 1834 18 1753 1125 1842 2777 2772 70 2077 2478 2490 1390 1557 2510 431 2561 1642 601 2818 951 2000 2667 2663 1035 1759 2 2757 502 297 990 2622 1908 850 2601 2471 2161 103 1839 1504 2054 1958 522 1323 284 250 1391 1460 1012 2388 1186 2493 5 1340 2276 1075 1608 1459 2355 1869 1559 2184 469 254 1965 2152 126 2218 578 688 2457 282 1014 1357 845 863 1193 2127 1272 13 656 1310 2362 83 2241 136 249 497 1229 1767 1661 2672 2502 859 1107 1196 2288 373 1189
000684.jpg,852 2262 2782 2085 1848 1718 2026 566 942 2543 1705 2600 1681 911 512 186 1211 487 2646 2480 1428 415 1046 2007 622 2307 1158 2337 1770 2358 1370 2134 1554 486 1414 2035 2800 2626 2723 1707 784 770 114 178 709 1837 2373 74 2670 1320 2553 1978 2423 2344 2045 1388 2755 2287 2257 1331 219 1614 1313 54 710 1673 591 50 317 1528 164 1893 1119 2735 2696 2676 2219 1564 2131 1906 616 173 1181 2093 156 1479 360 1682 1816 1385 1253 1209 2724 2097 1779 1031 1007 2618 345 2763
000685.jpg,813 1528 243 1554 2097 1063 2778 1025 1531 748 1769 1370 2310 1105 1396 1865 930 1906 2093 1978 1211 607 2042 2357 512 355 2098 515 2304 2257 2577 1425 763 1579 710 566 2225 1750 1384 2026 1305 2282 434 1154 2392 54 50 156 966 841 982 919 2660 164 1893 311 2459 2655 1673 1354 2543 9 492 2065 394 2782 952 2584 1411 1705 309 1890 1239 172 115 1367 1031 1992 852 595 2085 2488 571 2219 1065 2722 868 2600 2045 2156 662 1210 1546 1360 942 2696 1995 2723 2341 1311
000686.jpg,2394 2452 144 1268 569 988 193 1132 680 2090 121 984 1588 1100 2747 301 1089 536 1023 2122 778 1404 382 2711 177 2679 666 2829 517 2055 2446 2249 1155 1854 816 1903 416 2333 1047 866 1085 1970 401 7 1431 599 1778 2117 1271 916 453 733 105 2098 1163 612 227 1688 1621 761 355 2310 2078 1105 516 1808 2792 1396 1473 151 2537 567 2658 2349 141 2636 2274 36 172 11 998 2009 2793 1341 2809 1583 2042 2416 924 1791 2252 1790 2331 412 2507 337 2163 1904 997 1145
000687.jpg,962 2323 529 1798 1334 395 2644 1801 2149 1394 646 1559 1106 2656 1175 1928 496 1230 2381 581 989 1689 1451 485 1361 374 2114 803 2540 101 1483 2040 251 1883 1353 1427 737 436 2666 1300 1306 614 2787 364 1693 869 572 1073 293 1900 1197 1951 2277 634 1166 215 2430 339 1683 2409 824 650 727 393 2546 1180 1760 341 1561 2127 2136 483 1115 658 1839 1605 2000 1016 589 789 2504 44 2673 576 2542 1847 1235 944 182 1004 1257 2579 954 739 2112 1795 2784 1818 103 1035
000688.jpg,1893 54 50 2369 1031 710 2782 2773 99 392 1739 2108 332 542 2668 1562 2743 1033 1018 1393 2812 660 2723 2098 114 1770 156 2664 1717 1890 1750 2655 2026 355 512 2029 1154 555 164 1287 1396 515 1073 1105 2770 1673 1614 2384 2257 1331 2126 492 2147 1211 429 2259 595 1370 566 813 1554 1565 2061 2310 2803 2600 27 360 532 2786 1200 1239 519 1705 554 2696 460 579 2543 1065 1388 2446 1241 2587 942 2459 671 782 2488 320 142 2028 415 1888 507 1579 1566 2085 1256 2642
000689.jpg,2391 2001 1549 796 2797 2460 2363 386 28 1680 2228 2517 372 557 1366 264 1480 276 879 413 2389 128 2691 224 915 299 2844 1501 629 944 2598 2677 1817 1816 1440 2483 136 1661 281 488 2484 2268 790 1754 143 1982 1219 992 1335 1902 837 865 711 1122 1284 1118 1456 1009 2256 2400 2833 650 1684 2502 459 2092 1297 2599 1711 640 1605 2455 20 2193 1744 454 2779 461 479 1694 854 1700 2139 167 1539 2666 2607 1202 1537 772 1835 458 1150 1143 2436 2355 1344 1891 37 238
000690.jpg,620 2425 1602 1866 214 2348 1889 1797 957 2498 1596 744 1858 181 1702 1199 2404 1953 2141 609 387 1766 909 732 2688 2464 1907 624 2725 342 621 171 2182 1280 2083 2760 236 1525 2608 2197 585 509 183 1560 1188 1436 398 2067 2503 2160 2468 1910 1084 2740 2448 759 2705 1458 2476 2595 2526 2079 229 1931 1625 43 956 2220 2643 300 2293 1337 565 428 1032 752 189 1826 2060 669 476 1227 1550 2313 959 2109 1726 2058 147 407 1963 2572 1696 2776 2567 1735 2371 255 2081 106
000691.jpg,629 915 1501 128 944 224 2677 413 1902 136 281 1817 1219 854 1366 557 1700 372 1263 896 2460 2483 2147 640 2599 2001 2362 1285 1711 2598 1440 672 2828 796 543 2443 2363 2691 879 488 1582 531 1480 386 1599 973 1750 933 13 2593 361 2256 2671 660 2436 2359 299 1423 496 1816 2132 9 676 1680 1519 1398 1439 2502 1864 275 2074 381 278 117 1668 781 1152 380 298 1537 461 1036 1641 1654 2334 1344 1686 1819 1113 322 907 425 1591 2762 2124 1508 2494 1426 62 1412
000692.jpg,1701 860 2482 1489 258 161 769 1788 1417 1895 1976 1548 2702 461 2315 2289 1980 901 767 2685 1256 173 1682 1504 770 477 433 269 273 168 157 2553 1479 1387 1599 1816 2074 2650 1320 372 2075 1710 1557 2379 73 568 1911 2161 1480 2622 1390 231 380 2732 1851 2298 515 1366 906 2387 1872 760 997 1285 1750 1002 1584 2218 2045 2373 1904 1331 2231 381 266 1681 772 437 1236 1272 2600 1589 1335 2010 1684 197 59 2076 56 616 2507 369 889 2257 2363 1964 2389 1029 1307 1510
000693.jpg,17 1112 1 403 1360 573 1159 2246 1258 2063 1520 1349 1652 1630 2385 2727 797 888 2731 2717 2541 262 2710 1546 958 2175 2298 2466 2300 307 537 969 2445 2271 71 638 787 1472 2412 961 1446 2372 317 810 1684 2339 2513 1698 2481 222 1648 2223 1291 352 267 1939 1433 741 1238 2588 2619 1294 2704 939 665 195 2473 2781 2648 1671 955 1242 2104 1694 30 1607 991 1215 1942 2716 2811 1657 2231 1514 1571 2138 2524 344 2440 2270 551 273 1305 1408 2226 1539 271 316 1572 2834
000694.jpg,2254 1734 2233 2192 457 294 102 1244 426 2024 8 1597 2802 1487 589 2449 1027 1072 2229 2136 2513 24 1671 2714 393 2461 704 2816 746 2699 2489 210 1719 793 2546 1034 1763 462 1389 2022 2649 570 1234 2586 1611 1846 1785 516 794 658 2130 1115 213 1474 1392 1228 2588 242 1538 443 586 2155 357 179 10 745 1410 2447 2106 924 857 2347 1259 2525 2780 876 1169 1382 2805 2143 693 1832 1019 1166 2456 1805 888 63 2637 787 1626 262 2216 1372 2717 2460 775 57 153 2050
000695.jpg,2502 2152 2355 5 650 1605 459 850 2666 865 2593 1272 1515 13 1674 37 2268 339 844 84 640 1267 2691 323 1616 941 1504 2734 1219 676 796 281 1352 2457 2147 2165 2001 629 2677 1762 985 2460 915 2353 128 944 98 1501 1263 136 1817 1949 392 496 9 660 896 413 1570 781 1366 2483 448 2474 2363 1754 2361 2443 973 862 1864 224 2624 2820 543 2047 2362 2115 950 1819 557 2389 854 1744 2391 1426 1908 386 1519 1902 1390 1114 1285 1700 1835 1144 863 1694 488 1751
000696.jpg,2767 1649 155 1636 1041 2628 1054 1965 1658 1444 2815 1255 1782 2439 986 439 1218 2352 2836 48 64 1381 2069 1600 826 1096 1993 1862 947 2076 169 1840 1640 1416 1544 2837 2631 1757 1679 134 1051 1860 1948 477 645 168 1067 231 51 613 2477 1958 194 266 563 1261 2012 574 568 305 2707 1307 2011 1552 900 283 1623 1663 562 2133 445 1029 906 882 1617 2721 123 2082 319 715 1963 1710 2088 2047 2362 1775 440 1405 1569 1899 2732 260 1358 100 201 1486 559 1437 2741 1422
000697.jpg,941 84 1515 2457 5 2152 2474 1616 2165 2115 244 2355 1352 850 2502 2734 985 1949 1066 1371 2593 2820 2623 1170 270 323 2761 98 509 2048 1768 106 844 1272 2448 776 1226 2056 2386 45 1762 1364 1882 1605 2442 2562 1251 973 281 448 2263 2720 1144 676 13 2678 781 2831 644 474 2086 1064 353 398 2522 828 2572 713 104 1263 650 1819 762 1458 2116 1674 1802 2503 2725 1864 339 2464 1570 2691 1726 377 1525 2726 1267 896 1219 1957 1113 298 738 1426 2334 496 1222 2210
000698.jpg,747 2272 1316 2556 1453 2376 1490 1860 1948 201 1496 2309 2713 1901 2433 1958 889 2767 2755 1416 2686 1443 1833 1747 2496 1938 260 2826 563 2134 1796 2352 2294 950 140 2076 1649 2088 2815 1868 1965 1218 1752 1636 1452 1055 2728 1054 134 1123 1096 155 559 1051 1307 1986 725 2207 1825 1202 2367 1940 743 1267 231 1658 2069 211 1041 1208 2628 2419 2490 1989 194 2532 2836 2391 1146 386 1623 2439 169 1862 1486 1878 48 2289 1840 64 1519 645 1993 1782 277 1480 2001 2460 1261 878
000699.jpg,2584 1411 4 349 1433 619 1060 1752 1146 1122 312 668 950 2440 1545 1408 1737 1815 1694 2308 231 1305 1202 2367 2138 1799 1684 2616 2712 1123 2389 2455 1796 1302 1622 563 168 2076 1993 486 2445 674 1338 2704 1307 155 969 2189 2439 1153 900 1267 1649 521 12 2133 906 1054 319 784 626 562 90 645 1544 169 2840 197 741 2789 2337 987 1636 305 978 1101 1860 1775 445 2631 134 2767 611 1407 1878 85 665 1679 2732 2270 1387 2121 1316 2486 1129 323 1255 2721 1148 965
000700.jpg,1899 165 2558 494 2741 2057 2135 2291 100 1569 1130 899 146 137 2506 1212 647 2639 2683 1944 574 1646 2435 1606 1463 2248 2580 1640 1874 1223 1935 2813 1134 246 725 2842 1547 2511 2766 204 2825 48 686 659 1096 2068 2421 1055 2728 2207 447 948 1038 1825 1940 2628 64 1416 329 804 2721 439 715 1986 51 362 2713 2294 2305 1841 305 79 2258 1056 1185 562 1658 1126 1937 2376 692 2292 1948 1452 1490 2393 2286 2439 2433 1636 2736 1901 104 2309 2569 2382 2650 1453 155 2225
000701.jpg,652 254 825 1574 1136 845 373 1523 2695 1016 2395 441 1246 873 575 2754 2699 1691 1538 2324 2336 2383 2454 2019 26 348 2538 1870 2016 2161 925 2241 712 1045 1369 2493 851 2714 550 179 765 2129 282 2434 2050 2649 2080 1422 584 2544 1482 2769 663 518 929 259 2130 2536 2157 1328 480 735 2840 2441 2123 1869 2787 1203 77 1590 1195 242 378 184 291 1459 704 2672 1075 1507 469 2033 1014 2204 421 1346 2739 917 902 83 294 14 751 1748 993 2667 1930 158 895 779
000702.jpg,1041 1862 2767 1649 155 422 1255 986 2121 882 1001 2350 2444 1636 1054 2749 154 1803 1260 1373 1811 1735 2628 2583 2771 1355 1965 1167 1629 1444 1757 965 687 203 2815 1524 439 2631 226 48 641 64 1278 1860 1218 1675 1658 1051 1059 2352 2439 1096 2069 123 1600 826 1088 1589 2836 2076 1782 540 2150 1696 1375 853 2170 201 196 1963 1993 1863 1840 1544 194 1948 231 134 1416 477 613 2477 1381 1509 563 266 645 90 2309 667 1490 1453 626 574 1663 1358 2783 283 169 1679
000703.jpg,2584 1411 349 4 1433 312 668 1122 1752 1815 1146 619 1302 2440 1694 1408 2789 1545 2616 741 2455 1305 1684 1737 2138 1153 1338 2445 556 987 950 2832 85 2389 1060 1202 1926 2308 1993 2367 521 2270 2704 2501 2712 1123 1544 2439 1319 2411 645 231 2189 1934 1386 134 547 445 2840 1663 877 562 969 169 978 817 1624 563 611 2817 2607 1148 2484 1939 2063 2837 2011 626 1873 1156 939 1201 90 67 1976 2635 1799 715 461 2576 2300 1102 1549 665 1796 1679 2528 2721 1522 1622
000704.jpg,2745 2202 1476 2190 88 1914 230 1103 983 76 851 2547 1203 132 1176 1693 119 1856 695 632 1743 1999 40 1960 832 812 824 2571 80 926 2111 2495 1383 1536 2827 596 1231 636 1318 777 95 2453 1773 215 35 1120 2441 499 1351 2807 2518 1206 1296 2180 310 450 592 2278 1113 617 303 1197 1772 2162 1434 1882 2787 42 2260 1224 985 2718 2275 1818 1838 19 1352 409 1713 1523 1180 2695 940 1722 576 713 2204 1342 1116 1732 1867 2542 1849 1714 737 293 2168 1247 2112 603
000705.jpg,2801 2486 1545 642 1622 1095 846 2100 2253 2343 659 2610 1338 600 166 1799 2817 817 1650 2255 1101 1624 1926 1656 1102 2790 197 1409 2509 1810 619 2212 1327 1305 2738 1644 2840 67 1202 221 2616 556 2308 1407 202 1698 1422 626 722 2375 1452 1815 1328 550 1617 1067 950 1319 645 987 712 2367 1045 2538 1155 1075 1441 2011 1172 391 79 445 1122 440 51 2712 2584 2837 2241 2068 2835 2305 1640 1411 85 1369 943 2638 733 866 349 1271 2789 1146 195 2473 635 518 134 169
000706.jpg,860 767 1701 2482 2702 1489 1548 1387 258 2315 2685 1980 769 1417 380 1976 1599 1895 2074 1504 461 1788 1366 1816 923 73 2593 2355 1480 2460 161 277 13 1219 372 640 2389 2532 2147 1682 369 557 2001 9 1256 2677 1989 2363 2502 5 629 1272 865 2152 901 2256 1519 515 211 915 2622 128 850 796 2304 1754 660 1579 879 136 1686 597 770 361 1872 760 1479 886 1750 1557 1501 1460 2443 386 672 413 1817 72 1398 1390 269 1320 392 2289 975 854 2598 1263 417 944
000707.jpg,1469 2317 2756 2320 754 1728 376 16 1447 1149 1847 213 2533 2277 2408 2021 1265 1513 1161 29 2295 757 44 2413 577 135 558 2143 1448 293 1533 1166 1178 1996 240 2615 1231 328 1296 286 967 483 2409 24 789 1804 2354 2238 2759 1898 1269 2579 1478 1091 766 232 2422 1483 2504 316 520 2540 2235 2784 1535 1383 1427 1137 777 614 218 2024 1945 119 1883 1506 761 47 1867 1672 2470 2785 34 2260 2523 1093 1300 80 499 1928 251 2172 1749 861 1353 1561 1019 2638 2224 2178
000708.jpg,2411 2528 2501 2044 1934 2832 1270 85 2270 556 987 312 1190 547 2515 1386 2082 188 1644 1122 2300 2534 1552 668 741 1407 1926 1624 795 1319 635 817 2790 12 2400 2517 1102 1656 317 1338 2817 221 2312 2840 2375 445 611 463 197 943 349 626 2133 1411 1671 1468 1172 2424 904 2574 1983 1258 134 969 2397 2148 2584 1148 1684 978 1405 2200 2524 2012 1549 2412 2710 977 433 1775 2652 283 1704 1710 403 1437 1737 2063 2138 1600 1090 2289 900 1112 2709 231 1029 2466 2455 659
000709.jpg,1823 356 296 1991 2396 1282 408 2794 1022 1182 49 252 495 780 1787 138 1378 1612 2244 383 786 241 1465 452 131 1918 1741 1303 1655 1852 268 1317 936 2236 389 1755 2799 2280 805 1563 1746 1109 758 1568 2232 1843 2119 1011 2017 2674 806 654 330 2173 239 1475 1503 2099 1781 2142 2279 1917 2370 504 587 53 726 2285 1756 2061 2164 838 1135 2742 1921 653 2091 2693 2429 363 999 1395 139 92 561 31 505 699 534 1831 209 840 467 402 1929 367 594 354 2137 2715
000710.jpg,951 2818 2510 431 2000 1035 2478 2561 2077 70 2663 601 1839 2772 2777 2 1842 1125 18 1753 2490 1642 1460 1834 2015 1252 2667 369 1390 1559 1557 2757 1759 929 66 779 850 1985 2622 1958 13 282 1997 269 1272 469 2315 1357 321 1459 1195 2701 604 1128 767 1868 597 640 2532 145 1594 371 2284 1905 378 3 2345 2321 2211 1106 2161 2485 14 2127 2001 931 1202 1114 1014 254 863 1192 250 886 1340 1989 1391 1418 1496 1748 842 1609 386 249 1012 26 433 2739 2493 1809
000711.jpg,2778 813 1528 1554 1025 243 930 2097 1370 1769 1657 928 1200 1105 2098 1906 2770 1211 1396 2093 1546 2310 355 537 1516 1865 2246 607 1673 1047 2219 1479 709 50 2660 512 186 2257 1816 2085 27 1791 1387 1978 705 2420 1031 1614 1366 2026 1002 852 2304 2773 1349 2341 2543 162 2822 2065 566 515 2357 164 2262 54 671 1815 698 1360 1058 2140 952 2199 1893 1579 710 1630 507 451 156 414 2369 461 1495 1331 1239 532 966 320 2729 1742 1705 2584 2782 199 1879 975 1566 1652
000712.jpg,2782 1370 1554 1707 2696 2257 1331 1614 54 50 1886 710 1673 1893 186 2163 1385 1233 709 2763 453 141 1779 2219 415 1325 579 1808 875 2480 1007 911 773 2085 2658 2026 2337 528 1442 512 199 2793 1992 2543 114 2341 2618 2262 2304 1699 612 2035 2369 1388 942 1031 434 1211 2559 1209 566 1681 7 975 2646 1705 1528 380 855 908 2098 317 852 662 1516 1564 451 923 487 1154 2373 25 1455 2364 1871 1085 173 2274 1909 1387 337 248 492 2549 2045 981 74 1848 1553 1239
000713.jpg,1453 1490 2376 2433 2713 1860 201 2556 2309 747 1901 2272 2294 2728 2207 1825 1055 1986 1940 725 1316 1496 1056 1948 260 2767 2826 2496 563 1443 2686 494 1747 1833 889 2088 2057 134 2291 1416 1796 2076 559 1938 1519 1958 1899 1649 1636 140 1041 2741 2419 1096 165 146 1223 2815 100 155 137 1452 1658 1208 1874 1965 1123 574 804 1868 2135 1307 2558 1051 329 1130 2836 2721 2362 1267 422 2506 2001 796 2580 2443 659 1569 1752 13 2628 64 2639 899 1212 900 2036 194 1218 2671
000714.jpg,985 1352 1113 1203 676 851 713 1342 2787 973 844 409 5 2152 632 1515 1674 2571 281 40 1960 1591 298 2502 1206 941 84 1819 1536 1426 1882 1864 1263 1318 636 2807 1605 781 1439 347 1462 1570 2726 496 1077 2162 75 2278 19 2355 198 424 2334 275 327 2457 42 2677 2745 1400 2497 1219 1687 2202 1476 1666 592 293 1402 926 865 230 2190 1103 896 2695 448 845 2593 812 2281 940 479 2691 738 1198 2474 1659 629 2761 1523 1751 1818 862 2462 1173 650 1838 1232 384
000715.jpg,118 2792 998 2416 1583 2349 2658 1791 2843 567 2252 36 2274 2793 7 1808 1909 1085 808 151 513 875 1271 1431 1163 1688 2679 1089 1531 887 1903 1854 453 2452 311 25 1470 1210 579 2778 982 1370 1404 1100 2575 2225 1155 337 612 2065 1052 528 2163 2682 2117 2328 2045 517 141 2618 1209 2711 1651 680 763 2559 1578 945 382 916 2723 1585 639 2459 866 227 1667 778 819 748 2488 2491 1977 1179 536 2042 401 595 816 1063 1154 1368 121 2009 2078 662 492 2167 975 1308
000716.jpg,426 2024 213 24 2143 1597 2408 1244 376 589 8 2449 2430 634 1027 2816 1487 2295 2615 1469 1265 1448 1478 2638 1728 2413 558 135 2756 1671 1719 2022 658 2320 2354 1389 754 2785 1149 1847 1804 967 1447 1535 1166 2260 727 1019 2136 1269 1296 1561 520 2533 63 1996 1945 1333 391 1091 232 1513 1178 777 16 2409 1672 783 1228 2317 29 1763 1161 1898 1343 2566 1928 2021 2422 2242 184 1346 2737 1785 310 1483 1090 949 898 286 981 119 596 1093 2546 2827 1087 1383 485 1298
000717.jpg,654 1831 261 2764 1974 2322 1756 2061 1655 2689 458 1706 414 670 633 505 2370 2199 1461 1117 1317 363 1746 2053 507 1376 936 1187 1912 367 125 1543 1240 1918 1395 963 1917 1124 1921 1730 1715 235 1018 1635 1822 2681 2191 390 159 972 782 1097 1787 1293 1164 587 2250 771 1050 552 402 2062 602 1967 598 2812 2396 1755 2822 553 2144 2052 2806 2092 1143 1612 786 1929 2794 68 138 2833 1156 1332 1647 2770 455 1135 1873 580 326 1827 705 2594 2716 295 2774 2265 837 649
000718.jpg,621 171 2760 2182 2688 2608 236 609 387 183 1199 1797 957 1889 620 1560 1596 2160 2498 2705 181 1458 2425 732 2503 1766 744 398 509 2464 2141 229 2725 300 2058 43 1858 1032 189 2476 2197 2404 2079 1866 214 2060 2348 1337 565 909 1907 2313 506 106 2081 1436 861 959 836 1702 971 1933 2645 1602 1277 1726 1084 255 807 1336 1013 1625 2083 1525 624 1108 1330 1280 2448 1927 342 1632 96 2457 1171 829 1214 22 2555 894 2153 2342 2751 755 2554 481 1727 2089 2562 1364
000719.jpg,2546 1115 1951 1306 2178 304 393 2113 545 1228 485 1213 2066 2136 1389 1019 1137 1175 63 1785 1451 1361 251 101 2040 374 1427 1333 2540 1353 803 1883 2022 2381 1244 1900 364 436 1298 1483 989 1773 341 2323 1300 614 727 1394 2644 395 293 529 2759 2504 1685 1561 1447 215 789 737 962 2579 2016 1847 1257 1971 1178 328 499 581 572 2238 646 1334 766 1683 1786 1513 1798 1161 1801 658 954 1533 1693 1559 1106 1928 1230 2149 483 2656 2422 240 2242 1091 149 1795 182 1166
000720.jpg,1083 2522 1064 45 2386 2056 2831 1251 1364 689 1856 6 644 2048 2761 493 2442 2562 2116 270 1768 2720 2571 548 1204 1930 592 546 762 2441 1421 2111 582 2273 1365 2827 2582 407 832 1802 133 661 88 2168 1536 310 2261 1476 2745 2383 2202 2374 34 1914 2209 1318 777 40 2125 2807 1792 482 57 636 1785 1669 1434 1176 187 1960 132 1120 2427 2586 1665 695 2278 2194 2080 2718 32 1580 2190 1772 2783 1880 106 2019 1861 983 280 736 1410 1927 851 920 450 2678 2123 857
000721.jpg,217 1299 1168 2269 1071 412 649 2738 2212 1327 166 2343 1824 974 1021 561 2253 2194 122 2273 1441 1829 2427 1994 290 92 2279 2698 1409 1135 2338 2467 2690 195 2017 1844 1303 1698 180 661 2578 1286 2806 642 2261 295 1201 2801 2486 1095 762 1283 1780 2183 455 383 152 2669 207 1356 2053 2428 482 1429 2479 2255 216 1127 1571 618 2223 1262 2612 1141 307 344 418 2025 192 225 326 1108 2693 2225 2610 2173 1274 2539 1097 1164 2442 1826 1961 644 799 1995 1037 1635 935 2629
000722.jpg,1835 1882 796 650 2460 2363 2691 1066 2666 1226 15 2001 479 1222 2086 459 738 98 1144 386 474 776 1957 896 1616 2474 104 2214 831 2268 272 2391 37 790 1754 276 2353 1480 384 2115 557 1744 372 2165 353 2598 1189 370 1661 1816 1366 640 2677 1170 879 2319 1605 281 828 2502 905 377 143 1219 448 2517 2355 275 1962 2361 477 1911 865 2436 1263 13 629 285 850 1272 546 1684 461 128 298 1515 339 574 224 2389 2318 2734 1549 1344 973 413 5 1949 2593 1440
000723.jpg,1549 2391 2797 2001 28 796 2228 1680 264 2517 2460 299 2389 386 2844 2363 992 2484 2139 557 1122 372 238 1366 2185 1118 2833 1586 224 879 2092 413 1480 1501 276 128 1009 915 837 772 1335 944 1982 629 2455 1344 1661 1816 143 2677 1817 1284 2598 2483 136 497 1143 1456 1202 2046 711 1902 2193 1868 281 2502 790 488 140 2367 1684 2256 2731 854 2691 1700 461 2599 1411 1605 2584 2298 2529 2044 650 1416 2412 2779 1150 448 2576 2607 1440 2400 1297 1146 910 2557 2535 2063
000724.jpg,495 1378 131 452 1823 780 2396 2794 1022 1991 241 268 1182 2244 1787 252 138 1612 1465 2280 356 296 1843 786 1282 408 1303 1741 806 49 239 2173 383 389 1852 1563 1918 504 726 758 2164 1568 2236 2285 1109 805 1011 2279 1755 1655 1503 936 53 534 2142 2232 2091 999 2429 2693 838 2799 840 1317 2674 467 209 2137 1475 2119 1746 139 31 653 2059 2715 2765 1662 1781 2698 1275 1024 525 2311 245 561 1039 2017 2687 314 1929 113 478 580 1481 822 2316 1692 326 2099
000725.jpg,516 2090 193 988 1588 1132 569 536 121 412 1553 2452 2394 752 1065 2333 2117 1430 935 144 1621 1021 1431 2507 1268 1904 561 680 997 1299 1168 2446 2010 761 666 866 2096 2249 517 2747 1145 733 92 1303 1970 778 1100 1910 2770 984 1089 36 2310 2404 916 382 2122 1888 1047 429 836 355 643 1396 2055 2098 2017 1105 142 227 2823 1852 2711 415 1404 453 924 1044 1492 173 1562 1790 1956 1085 1906 1854 383 2078 2555 2357 401 2660 523 2257 2829 813 2550 301 1271 2696
000726.jpg,985 2152 1352 5 2502 1674 713 1515 676 941 84 1342 1605 2355 2787 409 496 2593 1666 850 2457 844 1113 1203 2820 281 650 973 865 13 75 2624 347 424 198 2497 1751 39 1206 1272 1114 1591 19 1819 862 2653 2734 1864 629 564 323 584 944 915 931 1219 940 2288 1426 1263 2677 1323 1357 2334 318 1439 1152 851 1462 1173 781 2165 1036 479 1570 2474 1817 845 1267 1949 1501 2281 1004 384 206 2542 293 640 136 1616 2112 1733 2046 2726 1077 738 2147 2483 896 126
000727.jpg,443 586 37 2361 1150 924 745 2216 1487 1891 1703 1474 1763 325 1090 2654 1232 1288 2535 1249 637 2353 2167 1363 2816 1605 922 2171 2810 1471 701 521 2617 2841 1006 2043 1916 953 1697 1723 761 2779 1069 335 2346 411 1027 8 2136 650 1308 1694 2758 468 475 2666 2589 1139 727 2449 2230 2706 1244 2218 2366 177 2829 2308 2591 1386 2657 1881 1671 2712 2222 619 297 2502 2024 122 2022 630 1995 1341 2445 871 1082 1194 1607 1744 658 1173 1389 2404 1889 2141 2726 63 393 426
000728.jpg,2801 2486 642 1095 1545 1622 846 2100 2253 2343 2610 166 1409 600 1338 2255 1650 2738 1101 659 1994 1799 2212 1327 2509 1810 619 2308 817 2712 67 1624 2616 2817 1698 202 2338 1441 1926 195 722 1075 1358 2638 1201 115 1305 391 2789 2665 1995 349 79 1010 197 645 1102 626 1679 2305 2269 2052 2835 627 1656 2790 556 2011 1815 2840 64 2584 307 715 2068 48 497 2834 1964 1520 51 2721 1067 1202 2837 978 1407 2004 1302 712 2427 169 562 950 987 1328 2445 665 2538 1828
000729.jpg,2612 2401 1336 2079 785 971 1013 419 2153 894 2554 1927 96 1907 1632 1315 2427 2160 829 861 2230 43 506 2591 2188 1108 2313 1826 1153 807 1283 2705 335 468 2476 300 1139 1358 815 2060 106 1858 189 22 1171 959 2838 2083 2109 1365 1330 565 1214 1643 1761 2058 1032 2089 2197 1483 255 1727 2081 2751 1749 762 2841 2567 376 1665 1227 2509 247 856 482 229 2004 509 2555 1277 1792 1204 1757 746 842 307 236 291 1861 1625 1953 2374 986 2608 714 1889 2125 1255 793 2141
000730.jpg,2149 2656 1106 1559 1334 1798 2323 529 962 395 2644 1801 1175 1689 581 1928 1230 989 2381 1451 1394 646 1361 2114 485 634 1693 803 1483 737 374 2040 1561 101 364 251 1900 436 1785 2430 1197 215 1004 2112 2787 2542 1434 1180 2540 940 293 496 2016 869 1298 341 832 63 1743 1818 1353 1019 1749 1883 564 572 1176 1447 596 617 1306 1427 291 1760 2277 1073 1683 1389 182 1773 1213 695 1951 1999 2066 310 1166 1103 2547 926 1786 75 824 132 24 983 1300 1712 198 19
000731.jpg,1842 1753 1125 18 2777 2772 70 2077 1834 2015 1252 2478 2510 431 2490 2561 1390 951 2818 1557 2000 601 1035 1642 2663 2 1839 2757 1759 2667 2622 1460 315 2302 1165 1480 2161 1559 850 369 1459 282 1504 469 1908 433 83 2152 1357 1340 1014 929 522 2355 1869 1594 2315 13 1809 2276 767 66 26 297 5 1272 2288 604 1958 1748 2502 1186 2375 250 2321 1905 1012 2493 339 321 1202 2127 284 1675 2388 1069 254 145 751 990 2650 86 1548 3 1195 381 2739 2001 640 1590
000732.jpg,1453 1490 2376 2433 1860 2713 201 2556 2309 747 1901 2272 2294 2728 1055 1825 2207 1940 725 1986 1316 1496 1948 1056 260 2767 2826 2496 1443 2686 563 1747 1833 889 494 2088 1796 1938 2057 134 1519 2291 559 1416 2076 1958 1636 1649 2419 1899 1041 1208 1267 2741 1965 1096 1658 140 1123 155 2362 165 2815 146 574 2443 1307 1752 100 1223 13 1051 137 1874 2628 2001 2836 796 2721 2506 2558 1130 1452 1868 422 900 2580 2135 950 1864 640 2671 2036 1569 854 1486 136 804 1366 1218
000733.jpg,1096 1416 2628 64 574 439 48 1569 100 1640 568 1948 1636 899 1899 2352 2767 1444 1649 1658 2741 155 1218 51 1965 772 2439 2815 1041 2291 1223 2135 1054 2721 2298 494 2057 715 1684 305 165 1212 137 1051 562 1381 1782 2558 2011 645 1255 477 1463 169 1130 2506 146 1544 2639 986 1993 1606 647 1679 1261 2683 2836 1860 1840 2435 947 1874 1134 1944 266 1911 2069 2580 2076 2713 1541 1757 563 1189 1940 1038 370 1986 2207 1825 2391 2837 804 657 1949 2319 1067 140 134 329
000734.jpg,1117 1314 1955 458 2193 1680 1335 28 602 711 2228 633 2265 1332 503 1156 2592 772 2797 2764 264 1756 500 837 2557 968 299 2484 1143 1118 1009 2812 1111 2256 2092 2250 552 1974 2455 2689 1461 2681 1549 2139 2833 505 1297 120 670 238 705 392 1873 1827 1543 261 2844 1822 1586 2576 2406 1187 2181 1917 2322 2108 152 2584 1302 533 992 2370 1010 734 2770 733 497 1706 414 2389 2177 2527 2052 771 1073 115 866 2062 1102 877 864 380 553 2046 72 449 1539 455 1912 2053
000735.jpg,2252 567 2349 1470 887 2682 2488 311 1368 1566 1791 2459 1920 1578 2065 1210 945 1651 639 1667 808 1583 2647 819 1367 1396 2098 1105 355 2328 1239 982 2416 1977 1047 595 1179 2491 2310 118 1906 2792 875 998 763 2225 2357 2093 1673 2446 523 1531 2658 1331 1614 2793 1370 1063 813 2097 1554 1978 2500 337 984 1865 2747 2257 2249 243 705 2392 1119 2778 2660 823 2042 2587 2379 208 579 2045 50 1271 1211 2452 2843 151 748 2534 1851 2723 27 175 2696 394 1200 2770 1904 2028
000736.jpg,1860 201 2376 1490 2309 1453 1901 2826 260 2713 2556 2433 1796 747 563 2088 1878 2294 2272 2767 659 1123 2207 1825 2728 1055 1986 2721 1948 1056 134 1940 715 1316 725 2076 562 1208 559 305 155 1307 51 1640 1649 1636 1679 1782 1096 169 1496 48 64 1658 1486 900 2352 100 2419 165 439 2836 1054 2558 2628 137 1958 1416 494 2135 2291 2815 899 1218 1569 1899 2545 2362 1944 2057 1965 1381 1212 146 2741 1041 422 1993 1130 645 2580 1452 2439 1840 1777 90 574 674 1051 2036
000737.jpg,2156 571 1321 2450 1736 1098 897 2750 2342 1806 1933 56 2625 2037 1892 1638 1677 1771 1998 1709 2432 2201 147 1129 1445 2567 2083 1790 2645 755 1214 2002 116 2595 1858 2150 1910 97 2013 2089 255 1324 2751 1337 959 1826 22 229 1065 1171 189 1330 565 2313 2476 1032 595 1449 1084 460 2060 2197 823 585 399 1977 1913 2587 208 2006 2328 1210 183 2631 320 2079 311 2775 1179 1088 1865 1560 1625 957 1510 1550 1174 2109 2045 2371 1931 620 1145 1844 1425 1286 2491 882 1367 2627
000738.jpg,2171 2810 1703 2043 922 637 2816 2167 2841 2216 1697 2617 411 1139 1288 2706 335 1487 468 521 1090 2230 2591 1881 1027 2353 2589 1363 1763 1244 2022 8 785 2657 2449 727 938 1052 1389 1250 2024 2308 2712 619 1671 1333 233 63 426 995 1820 2378 2475 2445 1597 297 1087 589 2405 714 1298 2136 1386 898 658 2707 1188 285 2403 1019 1558 759 1221 37 956 1213 1631 1405 2832 1232 1953 1702 2066 312 650 807 2666 1797 2072 2425 284 546 181 1661 2643 596 820 485 1153 342
000739.jpg,1019 63 1785 1389 1298 2066 2022 1213 1483 1333 2016 545 2113 1561 634 304 1689 1228 2178 1447 499 1115 2546 1137 393 1685 2430 1631 1434 1883 832 617 1749 182 291 149 954 24 1087 376 1773 1244 2143 2136 2112 251 1004 1971 1999 1257 1786 1300 1334 485 1533 714 1207 727 695 1712 2542 184 1176 940 1353 2547 529 1346 1451 1103 1180 576 2700 898 1928 1467 2408 1743 395 310 2072 983 1224 658 1795 1106 1558 1748 2656 2827 2638 1713 1343 2336 1559 2149 614 132 1714 736
000740.jpg,2161 433 2454 2538 2667 26 282 1870 2077 2561 2818 2769 348 2478 2000 951 929 2777 70 1753 1839 1125 67 18 1012 1842 1834 1035 2509 1075 249 2772 2490 197 202 1642 1810 1252 2015 2375 2241 2510 925 431 2650 2289 1358 1369 1202 1390 2840 712 627 2050 1406 2004 550 601 66 2157 1045 2649 765 259 1788 735 1494 1422 576 518 1557 269 373 77 1016 291 1869 845 366 2367 2336 378 1559 604 1086 179 2663 1799 801 769 1196 2694 842 1195 130 2 497 14 1776 2739
000741.jpg,2044 2411 2501 2528 1190 1934 2832 2515 2517 2400 1644 1270 556 85 2574 987 2534 1549 312 2270 1102 2524 188 1666 2790 1122 1624 992 1656 2709 2391 2424 2003 2817 1338 2797 1926 817 547 969 197 1411 1983 2138 2325 1674 2584 1319 2104 317 2375 2455 741 349 120 221 2082 1242 2300 12 1684 386 1407 2544 2001 2840 259 533 1092 1586 635 497 668 445 1202 1552 143 463 2228 238 2397 795 2529 273 2046 2367 134 433 1600 1814 1752 1302 264 2100 1162 2133 1118 2289 2389 904
000742.jpg,2383 2019 1482 2080 2395 1523 1507 2754 373 1669 2550 2695 441 1104 575 845 1016 652 1574 2699 825 1136 254 2441 577 1538 584 873 851 2324 2111 1203 1856 2016 1691 2827 949 777 462 1914 2202 2129 2737 1145 2745 2525 1410 2106 2523 34 2489 2190 1382 2733 983 1169 1343 2684 1176 783 2785 2422 1517 2224 695 632 1790 2166 107 2641 2805 1846 55 310 357 95 1177 728 2544 397 2536 693 2780 2176 1246 2637 2414 132 2522 1476 1224 1536 279 818 2180 2604 1259 2130 2336 1999
000743.jpg,1 1520 17 573 2063 1159 2727 403 1258 1112 797 1360 2246 2385 1652 2731 2541 2445 1349 888 1630 307 2710 2175 2298 2300 2717 262 2412 2466 1433 2513 1472 2339 2588 958 1684 2372 939 1546 2704 1291 969 2271 1671 810 741 317 267 1201 71 787 352 638 1238 961 2481 222 2270 1446 2473 2409 349 2834 1698 2781 570 1942 537 1572 891 195 2716 2223 2619 2399 2440 30 81 1619 913 1615 1408 1939 1925 1294 511 271 668 1694 234 2635 2584 1215 521 1305 2082 85 2801 1441
000744.jpg,1766 957 2404 2725 1889 744 609 2464 1907 2498 2141 2448 620 1866 1596 214 2348 387 1602 1199 1797 398 909 2503 2425 2688 752 181 171 732 2182 621 2760 1560 236 1458 2608 183 2197 2823 509 1525 2160 229 624 2079 2705 1280 1953 1858 585 1726 1702 2476 2623 2678 1084 1337 342 2083 43 1910 2263 300 1032 189 2060 2081 2572 565 106 2115 2067 2468 2740 244 1550 2293 2562 516 1802 836 1963 2645 2595 1826 506 1933 2442 959 2056 1364 1927 2313 45 1251 2342 759 1880 255
000745.jpg,26 1870 2454 348 2538 2769 1045 925 712 2241 1369 550 2649 735 480 2050 518 2161 663 2130 179 1422 440 1328 2840 158 259 704 197 1869 242 1542 2375 1840 2321 77 1195 1590 2123 1983 2667 378 1406 1075 2189 2739 2714 801 627 1191 2229 93 1494 857 720 895 202 1350 433 2206 2581 1887 470 2356 1432 67 842 1012 2672 249 2583 2509 1810 2004 421 2817 1193 263 2493 2039 282 1043 656 2127 2694 2332 880 1653 438 130 2703 1710 1594 1086 514 170 2434 1346 1580 228
000746.jpg,2072 1804 967 1207 898 714 2784 240 483 1161 1558 1087 1513 658 1847 789 1178 1166 2759 2504 2024 2579 2405 727 2238 766 1719 328 293 391 572 589 2242 1631 2409 1898 1672 1683 1928 1333 1597 251 2422 426 2523 1353 1427 1093 2540 2787 1561 1346 2785 895 1091 1447 2487 1300 2657 1230 1483 1451 1559 1590 2149 1298 1361 2434 614 93 310 1106 1535 44 1996 63 1786 1883 540 845 34 2112 2656 1575 2536 2022 1609 1004 378 1180 940 2695 254 215 2198 1244 364 1195 1343 1192
000747.jpg,832 1434 1795 1786 1773 182 1999 954 1685 149 1257 1971 1004 2112 1103 1176 1693 983 1743 1785 1712 2542 940 2190 132 1180 1914 695 2202 2745 1476 88 76 1760 119 617 2547 596 1818 926 1856 2656 310 95 1346 2827 230 1116 1224 19 1120 1714 1713 1838 2111 2016 564 1106 1197 75 215 2281 424 2700 2149 2518 658 2497 737 683 1867 2441 777 1836 1869 378 614 1593 902 1849 1559 2787 2673 1298 1722 499 1943 198 549 80 24 925 993 1535 2785 83 2241 917 1561 1383
000748.jpg,1389 2022 2066 545 1213 2113 63 1333 1019 304 1298 1244 2178 1228 1785 393 1115 2546 1137 2816 1483 1306 727 2136 1951 1447 1631 2016 2216 1487 1561 374 2040 251 101 1087 637 1883 1703 1451 2167 1427 1353 1027 803 1361 2024 485 364 1900 2381 1288 614 714 2579 213 2540 1090 436 426 658 2759 2171 2504 2422 2317 989 1773 1207 2595 2657 2238 898 2072 766 1394 335 2242 328 1178 1300 341 1971 1898 1786 499 1990 1363 2810 8 1257 1533 1685 2449 761 924 2043 16 218 1597
000749.jpg,2595 1487 2216 1910 1826 147 637 2167 2353 2657 2816 2094 2083 1703 2067 2171 335 897 1090 2043 2810 1389 727 2230 1244 1697 585 468 8 1445 2841 411 1027 2591 1078 1288 1530 1550 2022 160 1763 2449 2550 1677 1892 2037 1201 1324 577 521 922 233 1771 1333 127 2625 2404 63 56 2567 2024 1098 2156 630 2706 1791 545 1139 1321 1363 342 924 2066 2333 1583 761 755 571 1279 2342 2589 1694 1019 118 2405 1736 2450 1785 671 2750 1939 2317 1907 752 1044 1727 658 998 981 1998
000750.jpg,1605 2502 2361 2152 650 1352 5 1674 2666 985 1515 924 941 2355 84 2820 443 761 1150 496 850 586 2457 1162 713 676 1272 745 1342 1173 325 1891 1474 1484 13 1249 37 2593 409 323 1616 2474 703 2081 2535 1044 2003 1666 347 2325 2726 2654 281 509 488 2483 2787 339 2165 106 1694 110 333 953 1217 111 8 1591 944 270 448 2758 915 844 1066 701 2734 1501 629 1069 1744 1471 2115 1206 1700 2195 1006 1751 224 1232 1198 413 309 2136 856 1902 128 1439 865 1973
000751.jpg,1823 1991 2396 2794 780 1022 356 296 495 1182 2244 131 1378 1282 1787 252 408 241 138 1465 1612 49 452 786 383 1741 268 1303 1852 2236 2280 1918 1317 389 1755 805 1109 1568 1563 1843 1655 758 2799 2232 936 806 1503 2674 2173 2119 239 1746 2279 1011 504 1475 1781 2142 838 2099 726 2285 330 587 53 2693 2017 1917 1135 209 2164 534 2429 2698 1756 139 2370 2091 653 314 799 561 999 92 2059 467 840 31 699 1273 1395 2715 654 2465 2505 2137 367 245 464 326
000752.jpg,281 2677 1263 629 1219 896 944 915 1501 128 224 973 413 1817 1902 136 676 1113 2691 1700 2483 372 854 640 844 2147 1366 298 557 2460 2502 2152 2593 2599 781 2001 865 275 1819 1440 5 2362 1570 1864 1426 796 1711 1591 13 1515 1439 2355 1285 2334 1835 448 496 1674 1582 1750 543 1077 1462 2598 84 1402 985 299 2828 1605 98 327 941 2443 488 672 650 1616 2363 660 850 1272 1973 2474 1680 386 2256 1423 1659 1599 531 409 278 2734 933 1754 879 2462 2457 1352
000753.jpg,2478 2077 70 2772 2777 431 2510 1842 1125 1753 18 2818 951 2000 2561 1834 1035 2490 2015 1252 601 2663 1839 1642 2 1390 1557 2667 1460 1559 2757 1759 2622 850 369 2321 26 1542 1594 2739 779 1985 282 1195 469 1357 1459 1905 2161 2493 2672 2454 1869 1012 1191 13 145 66 378 656 1106 1609 1196 1997 720 404 254 842 2127 895 249 2288 845 1075 58 2355 321 1590 522 1272 2701 371 1958 751 2324 263 5 39 604 1014 929 549 863 1186 2330 2204 801 1915 2356 1809
000754.jpg,767 2702 2315 277 2532 1980 2685 1989 211 369 1938 1747 2496 1833 889 1443 1496 2686 1460 1548 860 2556 2 1701 1519 1489 1417 258 769 1682 2663 601 770 269 1788 1895 1557 2482 161 1316 1390 1320 2622 1504 2443 543 1479 1387 1759 372 1976 2001 1480 2289 1366 361 2757 1816 1686 1599 597 886 380 672 2363 1219 1418 386 9 431 128 1965 2510 13 2671 640 266 854 2074 2015 1285 1272 1252 417 2828 1051 2460 2815 850 2355 933 515 915 1081 461 2272 950 1236 381 136
000755.jpg,2425 1797 620 181 732 1858 1702 2470 1188 1889 1596 1221 387 2083 2688 957 1104 609 2404 2498 1766 585 285 214 1602 1910 2141 2348 1866 1560 2464 2725 171 1907 744 752 2468 582 1436 1199 2160 1337 546 2182 621 1953 229 909 2760 1084 342 183 661 398 236 2550 2313 2067 2608 1507 2079 724 1669 2595 509 2168 759 2645 2705 836 2476 2643 2261 1227 2194 995 2230 476 1826 669 2503 2278 1963 468 2378 2448 2807 43 861 2591 1318 2317 335 959 1651 2019 290 300 1726 1931
000756.jpg,1268 2711 680 2394 2452 866 778 1089 382 733 517 301 1100 1854 1404 1271 1970 984 988 193 569 1155 1132 1588 2078 2090 1023 1499 2747 337 105 121 151 1305 1047 916 500 2446 227 2122 2249 536 2055 666 416 144 2829 177 599 2098 2333 355 1105 816 401 516 513 1621 567 1904 1396 2310 172 2507 7 1778 1431 166 2117 997 2809 2738 2343 412 2679 855 761 2331 2658 523 2537 2042 2792 1903 1791 2349 1021 998 1473 2225 2416 887 1085 2500 935 1145 2584 1688 1249 982
000757.jpg,1830 702 848 835 768 1845 903 688 2601 1908 2471 103 1323 2624 126 1608 1254 2276 578 1340 931 1114 502 250 1235 1310 65 2388 1107 1512 1186 990 1413 1391 1821 1720 297 1767 2314 2518 1073 2275 1120 1620 1357 603 1450 284 830 1732 1678 1147 1824 1113 2054 2787 2114 450 2218 1351 1772 2671 353 581 303 1131 2046 2704 5 2288 35 370 2667 2204 2653 812 1439 2152 1285 1189 531 2748 39 2183 845 1959 392 1226 2761 1144 992 339 2647 1504 377 2783 1156 1012 1247 985
000758.jpg,269 2499 531 381 375 2128 2118 1884 1326 1548 1979 1975 684 980 1922 1285 1042 432 2124 306 1537 368 358 2795 1725 2027 1245 444 2014 2169 1764 1417 1413 400 2494 2791 425 2314 2661 117 1391 827 1700 791 854 2388 907 1439 136 2570 809 473 2103 1821 1107 1310 1508 2598 250 1720 2038 1817 1512 2671 860 65 770 1641 2828 1184 2436 578 2366 1980 672 543 1902 2303 2132 2276 1608 1254 1340 1423 369 126 2685 1366 361 1186 1399 69 1767 2359 1654 2535 1320 933 2154 2315
000759.jpg,1603 750 2032 1541 334 2047 2387 1949 2210 1189 2593 820 2520 370 353 1267 323 98 84 13 1219 1750 776 1911 1371 629 1272 915 640 2147 2677 944 281 2355 1700 854 5 413 1817 2421 1366 128 1501 136 1263 2367 896 2152 950 1599 1440 1902 941 2460 2483 850 1754 196 1285 531 2378 2729 930 372 2074 1504 557 299 2828 2475 2256 2389 672 266 2502 224 73 2362 1380 496 380 339 1444 1657 1884 660 2457 2691 1820 2778 2014 2132 862 1864 2334 1152 361 2812 9 425
000760.jpg,2044 2411 2501 2528 1190 1934 2517 2515 1644 2400 2832 1270 1549 1666 85 2574 556 2270 2325 987 2003 992 1102 1624 2391 1656 1674 2797 2817 1122 1162 817 1926 479 188 2524 1484 2790 2709 1586 547 312 2534 1118 497 2424 1661 1319 197 409 386 1338 969 718 1983 143 2082 1440 2529 2840 2046 1173 703 738 1957 1710 1684 2844 1411 1222 713 1782 1552 831 611 2375 2584 932 1993 155 317 2836 2367 1600 2300 221 2133 1284 741 1202 645 2214 1344 1143 1456 2001 272 2455 259 463
000761.jpg,127 1550 160 1078 2094 1530 2293 1279 624 1280 1826 2595 344 147 1910 1802 150 1140 2067 1324 551 1074 1880 2107 630 222 560 691 308 391 2197 585 342 744 1719 2266 1924 2371 667 1525 897 2404 2083 2776 1025 2463 1863 2186 703 442 2174 1173 814 2820 1947 1589 1322 2013 2623 226 1963 756 1032 428 1766 2342 2725 2125 2263 1509 255 2410 1420 1234 2736 2572 2838 189 565 2448 1735 1098 2619 2740 2081 385 1129 955 957 1277 537 377 2517 2450 214 2060 1939 641 106 347
000762.jpg,1804 967 2784 483 240 1161 1513 1847 2072 789 1178 2504 2759 1166 2579 328 2238 766 293 1207 714 2409 898 572 391 1558 1898 1672 2024 2242 251 1683 1719 2540 1427 1087 2422 1353 1091 658 1300 1996 1447 727 2523 1483 1928 1883 1631 2320 2785 1561 1506 777 16 2434 2756 1535 1728 1597 1093 34 2058 2277 2487 895 1346 44 2787 364 793 1749 1859 14 614 1590 2002 1230 93 1575 1149 803 589 1234 1276 1826 2437 1861 1849 2180 1451 376 1469 2021 1358 925 1786 1838 576 101
000763.jpg,459 2268 37 865 650 2666 2001 28 1680 1605 796 2502 2391 1537 2691 1549 2460 844 2363 2517 2353 2355 1891 2152 2797 1817 386 2346 1232 2256 1916 2228 2779 5 1723 136 224 1694 1744 475 1570 1504 1884 372 1366 413 1335 2389 1515 1501 128 488 701 629 980 1902 1661 1285 2598 2677 1763 711 586 392 281 2400 458 915 1219 854 2494 1976 1308 477 298 355 2118 2128 381 850 1426 781 1150 871 2218 2361 557 660 1173 944 1700 59 276 1006 1480 1674 1908 461 2535 1704
000764.jpg,2517 2391 1549 2400 2797 2001 386 2524 1666 2003 796 2325 1684 143 1674 2363 28 2460 2228 2044 372 1661 1484 1162 1680 2411 1173 1122 2298 703 110 1440 264 969 718 1480 276 557 1190 2844 2501 1118 2528 2529 2389 863 273 1605 992 1202 650 1366 479 2691 790 2104 865 461 2502 459 2268 339 1242 1754 2598 2731 2455 1411 2318 1694 879 224 347 409 2367 711 1976 1816 713 2136 477 1814 2355 2138 850 1934 413 2484 1744 2584 991 1868 128 2541 915 1501 1267 1586 1982 2412
000765.jpg,2062 1240 1680 1293 1822 2483 633 125 1097 1912 660 2803 1565 1817 1335 2812 488 1700 322 1287 2245 2193 159 2147 2677 629 413 281 1750 136 1739 542 854 711 2664 915 791 1366 1412 1219 28 1402 1508 128 557 1972 2806 503 584 261 224 944 1853 1000 946 1902 721 1501 2001 1263 1695 458 1647 907 2108 2402 2460 1654 2828 2334 1374 2154 2599 1225 1954 351 1668 1423 1711 1641 1730 1439 672 1973 1285 2602 117 2359 111 2061 2132 896 2494 598 676 425 879 1018 1922 781
000766.jpg,767 2702 2315 277 2532 1980 2685 1989 211 369 1938 1747 1833 2496 1443 889 1496 2686 1460 1548 2556 860 2 1519 1701 1417 1489 769 1682 258 2663 601 770 269 1788 1895 1557 1316 161 1320 2443 2482 2622 543 1390 1479 1504 1759 1480 1387 2001 1976 361 1686 886 597 2289 1366 2757 1816 1418 372 672 1599 9 1219 380 2363 2671 2828 13 640 747 431 417 2755 2272 2510 933 1285 1965 515 854 1272 128 2460 2074 1398 950 1081 2815 386 381 1051 1497 915 266 461 531 2015
000767.jpg,1910 2595 2404 957 1907 2067 744 620 1826 1889 214 585 2425 1602 1766 2083 2348 147 609 2498 342 2725 2141 2094 1866 1550 1078 2197 160 752 1530 1199 1953 127 1596 1797 2464 1858 624 2448 2293 2823 2079 909 387 1280 2740 732 181 1963 551 2468 516 2160 1279 428 2476 1931 1702 2182 1525 183 565 2760 1625 344 2526 1188 1059 255 2776 189 1560 509 1084 171 236 1324 630 1032 2060 2371 1337 1735 1375 2688 2608 759 897 959 229 1098 1330 935 407 2220 1898 2081 1277 43
000768.jpg,1545 2801 2486 659 642 1622 1095 846 2100 2343 1799 2253 2610 817 2817 1338 600 1452 1926 1624 722 1202 1422 1810 1617 2509 2011 166 950 440 51 1663 715 1640 197 2367 1650 645 2721 1623 2837 2790 1305 1102 1644 2665 169 1840 2707 2068 79 562 1679 1569 556 1381 202 445 305 100 48 2289 1782 2255 231 2840 2616 168 2836 2352 1407 221 1658 626 1101 2389 1067 64 2580 67 1656 1416 1146 1218 1328 1319 2305 1993 619 2650 1054 2375 1544 134 1552 1547 1948 2713 2511 1796
000769.jpg,196 1380 2514 2475 820 1696 2572 2783 2468 2643 669 476 956 1702 759 1084 2220 353 2378 1820 2520 2210 2526 995 1227 370 1931 1371 1322 2463 724 1189 776 2512 1911 1188 1643 1093 407 2548 98 2032 1824 1949 2263 2047 1541 1525 2623 377 1953 1735 181 2410 853 807 828 385 1726 546 1221 428 905 285 2678 1337 2421 585 2751 1797 582 1280 1375 1866 2740 2387 2109 2578 1450 732 1088 909 334 6 2348 691 1083 1147 814 1603 1596 986 2776 1602 1171 84 667 308 2371 482
000770.jpg,1027 2449 8 1487 2816 2024 1671 1244 1090 1763 426 589 1597 727 2216 2167 922 2657 2353 2136 2043 981 658 2171 2810 1386 637 1389 2022 2589 443 586 2617 547 853 1703 2841 1704 745 24 2654 1474 1405 2361 2535 37 924 1697 1891 325 1232 411 1605 2366 1150 485 1881 2405 1723 233 1019 1694 63 1661 650 1333 2502 2832 521 2067 1288 701 1308 1006 85 987 136 1817 256 2546 335 224 312 1175 393 635 2666 2412 1236 1983 1067 1700 2339 915 2779 413 629 1471 2333 1139
000771.jpg,2229 2493 704 242 2198 294 2174 158 2461 2672 2186 2324 1234 348 2004 857 1034 421 26 2330 77 2123 2456 570 1590 1664 2454 2332 1276 1538 179 1930 2050 1887 925 133 895 1196 2356 2699 746 2649 1279 1542 1724 366 720 793 1580 2247 2739 1665 656 2513 1869 280 2039 548 1350 1195 57 378 859 480 1369 706 210 2659 2327 1043 1191 493 438 2694 1045 2588 2409 228 1348 1947 689 2374 2695 522 934 712 1870 1928 1377 884 1765 2418 2125 170 2129 450 93 2581 303 756
000772.jpg,1096 1416 2628 64 574 48 439 1569 1640 100 568 1948 1899 1636 899 1658 2741 1649 155 1223 51 2298 1444 2352 2767 1218 2439 772 2291 1041 1684 2721 2135 1965 1054 494 305 2011 2815 137 2057 645 165 1212 1381 715 1782 562 477 2558 1463 146 1130 2506 1606 1544 169 2639 647 1255 1993 1679 2683 1874 2836 2435 1051 986 1134 2319 947 2076 1189 796 1840 1986 1940 1261 804 2436 329 1038 2713 370 657 1185 1911 1860 1541 2207 1949 98 1067 1825 2631 2363 1267 2598 563 134
000773.jpg,832 1434 1773 1786 182 1795 1999 149 954 1685 1257 1971 1004 2112 1103 1176 1785 983 1743 1693 2542 1712 1180 132 2190 940 1914 695 88 2202 2745 1476 76 617 1760 2547 926 119 1818 596 1856 230 1346 2016 310 2827 95 2656 1116 1714 1224 1120 19 1713 2111 499 1838 1197 424 1883 1106 2281 564 2441 75 614 1298 2700 737 658 2518 777 683 1867 2149 63 215 1483 902 2497 824 634 378 1383 1722 1849 1019 291 1147 1836 917 1561 2275 1064 1869 2033 1943 32 364 1732
000774.jpg,2493 2198 2229 2672 2324 2330 704 2456 1665 1196 242 859 421 158 2123 2332 2739 857 366 2409 656 77 1887 2039 2356 1590 1191 746 294 720 228 1930 842 706 1542 2186 2694 522 976 1043 514 1928 2174 438 2659 2184 493 1166 2206 756 1776 1877 1350 1193 1724 1664 2581 133 2321 470 287 291 880 2004 247 2454 1758 1575 1121 570 884 1792 2247 689 2461 2374 723 548 1345 1432 895 1234 2125 2582 1204 212 1577 1494 2703 2748 1580 1653 280 1457 2050 1947 1347 450 2838 1772
000775.jpg,1453 1490 2376 2433 1860 201 2713 2556 2309 747 1901 2294 2272 2207 1986 1825 2728 1055 1940 1056 725 1316 2826 260 1496 1948 563 2767 1796 2088 1123 2496 2545 1443 2686 134 1747 889 2076 494 1649 1833 1223 2291 1636 2057 1878 1958 1899 1416 1307 2721 559 659 155 1658 165 137 100 1938 1096 1874 2741 146 2135 1041 64 804 2558 2815 1519 562 329 2419 48 2628 1965 305 715 1569 1054 1208 950 2034 574 899 1130 1212 1640 2836 1452 2708 1051 2506 422 439 1218 2639 2439 647
000776.jpg,1586 1549 992 2044 2797 497 2046 1190 2517 2391 2411 2501 1118 2528 1644 1344 1122 2844 1312 1143 2400 1661 264 299 28 2515 238 2228 1934 479 2484 2832 910 2139 1270 1284 2001 386 1680 2270 85 2833 556 1456 1666 2092 1624 2529 2574 1202 817 1338 1926 2817 2325 2455 772 2389 1102 2185 2367 1993 143 711 1948 1009 2557 1782 1416 2412 1319 2592 1381 718 372 987 1440 1710 2193 2709 1092 2836 197 1656 155 1674 2082 837 1501 1777 547 947 1552 2300 2439 1162 1701 169 944 1366
000777.jpg,2252 1470 887 2682 567 2488 1368 2459 1651 311 1578 945 1667 639 1920 1566 819 1210 2647 2328 2349 808 1977 1367 2491 1179 2065 982 1239 763 875 2225 1583 595 1791 2416 118 2792 998 1531 2793 2045 523 748 2098 1865 1396 2658 151 2778 1105 579 1063 175 2500 1271 823 2379 355 2431 2843 1851 492 1854 705 1154 513 2814 1047 968 928 25 841 68 930 2534 919 1896 2310 1715 36 2283 337 2097 528 533 2618 1827 2181 553 2249 952 2575 1354 1673 27 984 1164 1461 1657
000778.jpg,316 1427 2540 1847 1353 1883 1300 44 251 16 1161 1447 1166 1513 2409 2320 2277 2756 483 240 2317 1469 1149 2533 293 2021 1728 754 614 2784 1231 1928 376 967 789 1804 29 1749 1137 1178 1849 1727 1867 577 1483 2555 101 1722 2579 2504 2058 2759 1277 374 935 328 1283 1394 2096 2381 757 856 1265 1296 47 1900 1801 2238 218 766 2495 2644 861 286 364 333 803 2235 646 2040 836 576 2323 395 529 707 1996 1383 19 1361 1304 1533 436 1108 341 2072 1506 1838 80 683
000779.jpg,2254 2233 1734 457 102 2192 1072 294 2802 2714 2229 2461 2513 1034 1234 2174 516 704 2699 1246 1276 746 1392 242 793 1653 1857 2330 825 2018 570 1611 794 2489 2586 210 2186 2456 2024 1389 1551 1244 1846 719 1805 1019 8 764 2146 876 462 857 2551 2588 393 1983 2198 1538 247 57 153 1716 775 2360 1665 55 1028 2176 2159 2418 1832 1748 2336 1727 1690 2555 2752 63 1493 693 1785 2449 357 2347 366 1580 2136 1626 2155 2004 884 1043 179 256 1292 2525 77 2234 1348 1377
000780.jpg,1537 1817 1922 1700 2494 2014 425 1884 2124 1285 117 791 1979 136 1508 1654 907 1695 1954 1225 2154 351 2303 1198 498 1326 1973 1423 2462 1184 1902 854 1641 2132 2359 2334 1080 23 1711 1402 375 2828 1426 2599 781 531 265 2245 672 420 224 2602 413 1659 2768 381 946 933 690 298 2118 2803 2598 865 1819 2677 2460 1152 629 915 1680 1366 2001 1501 128 278 318 466 1036 2362 1582 1864 372 206 1374 862 557 2762 1668 2483 944 281 1077 69 343 980 1439 1219 2691 2499
000781.jpg,1561 1175 1483 1672 1928 707 1749 2127 1394 310 291 2149 1535 1451 1559 1178 1798 646 2656 1166 485 1361 293 2323 962 251 2784 483 1353 1689 1804 2644 1513 1334 1847 529 2409 1427 395 1343 2242 1883 1106 1298 2737 364 967 596 1161 2540 803 1230 949 2072 2040 240 1300 2785 1801 2827 2566 1447 95 614 789 374 1091 2441 869 2504 44 101 1683 2615 634 2354 2579 2422 2787 1389 2759 2666 2523 1137 572 496 1693 130 2054 1996 1631 581 2066 376 1900 1213 2381 1019 1743 215
000782.jpg,290 2821 52 207 346 61 225 418 2025 1481 2669 192 1829 2279 1168 1299 2690 840 467 217 1780 2285 2467 1932 245 412 478 108 1024 2765 2091 1843 561 726 2720 644 1062 2142 822 2442 1281 456 2396 295 501 1787 2794 139 452 129 2698 1039 2634 1262 2687 268 2164 2806 1022 504 1813 927 1378 239 1923 324 655 209 331 464 49 2269 31 1275 383 1127 2715 1875 495 2048 534 455 1071 1465 1789 1692 2244 1768 2317 326 138 92 2693 580 2611 1021 806 2280 762 430
000783.jpg,2031 1070 2120 2640 2221 2839 2264 1329 401 1555 1341 2122 2758 2335 2055 177 2829 2808 1266 1952 816 964 1069 1903 1023 1628 1399 2101 2249 453 1607 141 1085 2038 2163 2679 924 301 537 2452 809 1163 2570 2103 7 1808 2030 2222 1764 984 1404 2791 2274 1150 612 761 1921 1556 981 1395 760 2573 388 1637 1688 1042 163 630 1872 1100 2195 444 2331 1089 975 1061 598 1725 2027 368 358 1740 2795 834 694 488 111 2792 2226 1155 1412 1539 2636 1514 1308 151 1006 2361 2793 443
000784.jpg,430 295 2806 1730 455 2690 2467 1929 1097 1262 655 628 782 159 753 858 1598 1220 1293 2632 643 2687 2311 326 1435 2611 2398 1275 679 1438 2164 471 1248 1941 625 1822 331 1706 580 449 33 200 2774 2316 2429 806 108 2565 1692 31 53 1048 534 1018 2407 1500 314 999 2812 1662 1912 239 2715 235 2693 125 1008 2091 2062 504 1655 525 478 1299 1168 1011 1852 2531 2301 2173 268 1127 1164 131 1843 1240 726 1563 2765 1780 1844 162 1831 2285 1967 27 1274 2280 840 467
000785.jpg,1830 702 848 835 768 1845 903 688 1908 2601 2471 2624 126 1608 1323 103 1254 2276 578 931 1114 1340 250 1310 2388 1186 65 1107 1512 1391 1413 1821 502 1720 1235 1767 2314 1357 1073 990 297 2518 2288 39 2653 1113 1120 2275 2497 2671 1620 5 2787 75 284 392 660 1131 2355 2054 2114 2667 1905 1285 940 2593 603 973 1304 9 19 1732 845 2152 370 353 531 581 2204 1515 549 850 450 303 1450 543 844 1219 136 676 424 854 862 1959 1439 2147 1817 2240 1189 830
000786.jpg,951 2818 2510 431 2000 1035 2478 2561 2077 70 2663 601 1839 2772 2777 2 1842 1125 18 1753 2490 1642 1460 1834 2015 1252 2667 369 1390 1559 1557 2757 1759 929 850 779 1985 282 66 1958 2622 13 2127 1195 1997 378 1272 604 2321 2315 321 145 2739 2493 2701 469 26 1594 2324 3 1012 371 842 254 1106 2485 249 1459 2161 1905 1075 470 1128 2284 1357 1191 2454 767 2345 373 1542 2672 1868 863 2329 885 801 895 1609 1202 1869 2211 202 1809 2149 640 433 845 1590 14
000787.jpg,1019 1785 63 1389 2066 1213 1298 1483 2016 2022 545 1689 2113 1333 304 1561 1228 634 2178 1334 2656 485 1447 2149 1106 395 529 1559 1115 1798 499 2644 2546 393 2323 962 1883 1801 1137 1928 2430 251 1685 1434 1175 617 832 1394 1693 1451 2381 989 2540 1749 646 1230 1306 1773 1353 1631 1951 2136 182 581 2112 1427 376 954 101 1361 149 1004 1300 1999 1244 803 1786 291 2542 1971 1180 24 1257 2547 374 1103 2277 2040 727 1743 869 2143 695 1712 1176 1087 1533 364 596 940
000788.jpg,1210 311 2065 875 2191 1239 1367 1865 2045 982 595 2328 823 763 1025 1566 2491 2199 2594 1977 532 1368 887 2225 808 1896 2459 1873 414 1370 1179 2793 2778 175 1554 1528 507 2488 877 523 705 68 734 671 1215 670 2028 2432 972 813 552 2681 2682 1913 427 2283 2006 2156 2306 1376 1111 571 961 2265 1174 2181 1003 460 2689 1516 1956 180 1470 1746 1827 2144 320 740 1709 2587 1920 2338 2237 553 2250 1099 2372 1708 208 2552 118 1461 968 1098 2500 966 1321 2716 1651 2597
000789.jpg,4 1146 1752 1411 2584 950 2389 349 1202 2367 1433 1316 1737 1545 312 1267 2484 747 1122 668 1799 2272 1868 140 619 2455 2440 1060 1408 2755 1452 1102 1815 1338 626 1622 837 1926 1009 629 2134 1366 1073 1674 676 878 2502 2147 361 915 2483 1305 944 202 2593 2624 2790 862 1398 2559 1905 62 1934 528 611 85 1036 136 886 931 404 923 2817 253 1152 2652 318 2607 992 1704 1496 2832 67 1694 1609 1686 660 1501 2789 1302 2653 795 817 1656 1319 221 900 2677 773 1600
000790.jpg,2062 192 1299 1168 2669 217 1912 1293 1822 290 2690 2025 125 2279 346 584 207 1097 2806 2821 159 455 52 1201 61 295 225 1706 418 2812 2467 1240 1730 1262 2053 1655 326 1481 1829 412 1003 1780 1929 1143 2396 1820 655 152 1412 1831 1740 1071 2269 322 245 580 1787 92 2017 2479 180 1921 849 1118 2265 2654 1135 2108 430 2819 2365 654 2061 2794 1532 383 1021 2738 81 464 1692 1756 2789 670 49 2105 618 845 1633 1500 2557 1304 31 1281 1932 138 561 577 516 449
000791.jpg,276 2256 1514 461 1539 2195 488 167 273 809 871 2226 224 2103 1456 413 20 128 1042 1764 1902 1284 2038 2808 964 2570 1366 1501 1399 2001 444 299 1725 915 2833 1952 557 372 136 1294 2791 2460 1817 629 1976 454 2483 2627 854 368 381 2677 2185 1266 2529 2027 537 1700 944 1285 2770 2363 1816 2598 358 1219 1245 1480 1750 796 111 143 827 1069 386 2795 1440 2222 2691 2599 2779 28 2661 38 1344 164 156 2249 2104 281 220 879 1555 2147 1412 1140 1599 1694 531 2298
000792.jpg,1422 1840 1617 440 1623 518 445 2707 2837 2836 1029 2840 194 1993 1782 1544 735 2439 1261 1381 134 168 2076 1328 169 2241 550 1679 1552 1958 1710 1658 2538 155 2133 906 1307 283 1045 1636 231 563 1067 947 712 826 1444 562 51 1663 900 1870 1452 2012 613 2189 645 305 1600 663 1218 1895 1051 659 1202 319 2082 266 348 1775 2161 1640 1437 2289 197 2732 1146 2477 1054 2375 1369 1123 2362 925 1486 1148 2649 2721 1752 2011 2088 2069 433 2391 715 674 2454 1965 1983 260
000793.jpg,2785 1996 1091 1898 2242 777 1093 520 1945 1672 2422 232 135 2354 558 2566 1269 2413 1535 2615 1448 34 2295 1343 2523 328 2238 783 1178 766 967 2759 949 2737 2504 1561 789 1728 1506 240 2408 1683 2579 1513 754 310 1265 2784 1631 1161 1804 483 1847 2756 2827 1088 95 2441 2224 596 1149 2320 2111 407 1478 1346 572 341 695 1743 213 1914 1176 1375 983 2533 540 376 2536 1469 132 577 1059 293 2745 2202 2143 2526 1558 2019 2548 1931 2021 1856 2080 1482 1693 1447 24 1084
000794.jpg,2011 645 1663 1218 1054 2352 2707 1444 169 1649 947 1679 1623 562 2837 48 305 1993 1617 1153 715 231 1782 51 2721 2616 1544 2439 2631 439 1255 64 1261 1328 2767 1051 1636 155 1422 1381 1650 1757 1416 1658 626 2628 1948 2815 1640 1096 2836 123 611 1067 986 826 2477 266 1737 1041 79 1569 1965 1624 817 1600 194 100 574 1545 2076 882 1319 1799 950 613 2584 2801 238 659 2373 1202 2367 134 2610 1603 2291 477 1411 2150 2665 1445 2509 722 168 2185 445 283 2069 2789
000795.jpg,1316 1752 4 1146 1496 2272 747 950 1948 2556 2367 1958 1202 140 1868 2389 1267 1452 1737 2134 323 2755 231 1799 1416 2439 1993 2767 1649 889 2289 2686 155 1636 611 1623 850 1443 319 626 2496 2840 1544 1663 2515 2076 169 1860 1747 1833 1411 2424 559 13 2538 1255 2584 1272 1148 2419 1600 2355 1775 197 1123 201 1658 445 2484 134 854 1862 1444 1307 1366 1218 878 563 1486 978 1054 2652 1319 1679 863 1208 2391 2001 900 547 168 1965 440 2375 613 915 2490 283 386 1190
000796.jpg,520 1945 232 1269 2354 2566 2615 1448 1535 2785 2413 1091 1996 1343 1672 777 2295 135 558 783 949 2737 1265 2408 1728 754 310 2242 2756 1561 2422 1149 2320 95 1478 1898 2827 1178 596 376 967 213 2533 2441 1093 328 2238 766 2143 1346 34 2759 2523 341 2111 1743 2021 1513 24 2504 29 789 240 1469 1914 1847 1296 2579 695 2784 1161 2224 1176 1231 983 483 1631 2260 1683 1804 2202 1298 577 2745 1693 132 119 1867 293 2317 1856 1506 1849 1447 364 2638 832 286 2080 1722
000797.jpg,1411 2584 349 1433 312 1694 668 1122 619 2616 4 1153 1815 2440 2308 2789 1302 1408 741 1939 2712 1338 1305 2445 1684 665 521 939 85 1201 1993 1545 1386 1963 1752 2832 987 1294 2481 2189 650 1763 37 1315 2361 1146 2840 1994 169 547 1156 2610 1782 562 2474 1735 2704 552 1679 1826 556 2167 1605 2355 2270 645 2562 2138 2595 2727 986 2226 84 1446 1910 2502 2837 1090 1328 1422 2056 477 2761 1255 1363 2011 305 297 1095 2501 122 586 2522 2770 323 51 1616 1504 1768 16
000798.jpg,664 1473 1778 2809 1634 811 2110 648 2697 749 1466 1110 1174 2006 730 338 257 1913 937 2609 2788 1876 12 1455 2151 1527 1379 1894 1079 11 416 673 105 883 144 1498 821 774 2492 2196 1850 1936 2243 800 2417 1670 535 2519 1966 112 1094 1068 336 2377 1516 1142 855 1311 678 593 2005 1040 605 1060 2364 2251 2095 1721 1794 2290 1243 2087 2071 1133 434 610 2344 1573 662 870 717 410 1946 248 1581 1309 2035 2560 544 1020 2549 365 881 1968 1424 2680 1613 1783 1909 2299
000799.jpg,1304 1610 1633 1254 861 1277 1727 2555 1015 333 856 2096 836 309 2058 1013 935 1419 448 1217 1987 2277 2627 1449 2645 1283 1044 1245 2081 834 1749 396 60 1620 2317 2116 603 830 1732 1336 835 1512 1057 1108 1425 350 1555 16 1315 2275 481 1450 815 761 65 757 2789 205 1678 47 2612 1469 2401 2079 1927 1637 388 1071 1231 316 230 577 2030 1003 824 506 2518 220 1120 2160 1826 96 576 1337 1201 218 490 2704 1447 1824 138 609 1147 1383 2761 255 80 592 1556 1286
000800.jpg,1901 2309 201 2826 260 1860 1796 1878 563 2088 1123 2376 1490 1453 2076 559 1307 1208 1486 2767 134 51 900 2419 562 1679 2721 305 169 715 1782 2836 674 1437 1640 2837 155 1993 2189 1381 1544 2713 1658 2294 1840 2439 1636 1148 659 440 2133 1710 445 1552 1054 1649 194 2433 168 2362 826 2652 2815 613 1600 747 1623 48 1965 2272 1617 2707 319 283 64 439 2207 2728 2628 1055 1825 2012 2069 1422 1775 2580 2556 906 2004 978 2424 518 2312 1261 725 1029 266 1940 100 1096
000801.jpg,269 1548 1980 2685 770 2315 1417 2702 1682 767 1320 860 769 1701 1788 1479 277 1489 2532 1816 161 1895 369 381 1989 2289 2600 258 2128 211 531 1480 1460 2 2622 2755 1975 1081 1497 375 1504 684 1496 2671 433 1979 2363 889 1884 557 1285 2499 1366 1705 2663 1557 2460 1681 1747 69 1754 361 2118 1833 942 2598 879 1326 1982 980 2686 1770 583 1272 302 2161 1938 854 503 1390 2650 641 893 78 386 2001 1537 2026 306 372 1387 339 1976 1264 487 1660 601 1398 886 2132
000802.jpg,551 2266 2776 1509 667 2371 342 428 407 222 2158 1421 1863 1088 226 1147 641 1931 2526 2717 1078 2220 2740 1450 1530 160 2771 476 1373 669 1188 1059 2094 1093 1227 1550 2109 1365 2548 1025 1735 1947 1279 956 1375 2041 1696 2820 759 255 1330 2783 1589 1625 2374 1084 1898 2089 2125 127 2643 2838 1602 344 2468 214 1167 1665 2422 1355 2348 872 1953 262 2060 1826 472 1792 34 147 687 22 189 1678 150 57 1862 196 1861 2067 2704 1824 2523 300 2431 1620 1324 1337 1032 1171
000803.jpg,1537 1817 136 1700 557 1902 372 2460 1711 1366 224 1285 2001 2599 854 413 2677 128 915 2598 629 1501 2363 944 1979 2014 425 879 2494 2124 796 2762 1922 386 281 1184 1480 1219 791 117 2362 2483 1582 1508 1440 1654 1680 1816 2303 276 1225 275 1884 1080 2154 498 1695 907 1326 2132 1954 1973 278 351 1641 690 896 1423 2462 1263 488 790 2828 1198 2359 1402 69 375 672 640 2691 1426 23 531 781 1982 1659 381 298 1754 1344 2334 2436 420 2256 865 2768 1205 2147 265
000804.jpg,2770 813 2256 1514 2249 27 2774 1539 1554 1063 276 220 2097 1531 243 2226 1200 2310 871 643 167 2098 507 1906 1396 1105 355 2823 1528 2619 1370 461 115 2042 1044 1865 309 1215 2065 20 1995 2778 38 273 955 1939 2357 834 1047 1025 748 810 523 1211 537 2283 1694 2257 2093 2195 2696 333 553 1978 1456 705 761 1217 698 156 2268 1769 1614 532 763 2225 2812 488 671 1461 164 1976 2108 935 1750 1673 930 1827 2660 1331 1425 2833 1791 2773 1069 2271 1140 2096 352 734
000805.jpg,2128 2118 980 1975 684 1884 306 381 2499 375 531 432 1326 1042 400 2661 358 368 2027 2795 1725 444 1922 827 1979 2169 1245 1764 2570 1285 473 1537 2124 2791 2103 205 809 2038 2014 269 2494 425 2366 117 2627 1439 907 1700 791 1399 1413 2388 2314 854 1817 136 1391 1508 1821 250 1720 1184 1641 1310 2598 2303 2436 1973 543 2671 1548 2828 1107 1186 1608 2154 2359 1423 1512 1225 1254 2132 65 2508 1902 2351 1654 2276 2462 672 1340 1080 578 396 351 388 1954 1633 933 1695
000806.jpg,2248 1944 2813 686 2558 165 2135 1130 2435 1899 494 899 137 2741 2057 146 100 1212 2506 647 1569 2683 2639 2291 2580 1606 1223 1874 1463 725 1646 574 1640 1134 1935 2825 948 2766 447 246 1547 2842 2511 48 2207 493 659 689 1825 329 548 1055 804 2294 362 2728 2258 1841 1083 1940 204 1937 1665 2068 2382 1204 692 1464 422 2004 1056 1986 2309 1365 2393 64 2721 472 1930 2292 2286 439 1076 2184 1901 857 2326 2123 2039 2838 2713 736 366 570 2582 379 715 2581 663 562
000807.jpg,192 2062 2669 1912 125 1293 1822 1097 584 1706 159 2806 455 1655 2025 1299 1168 346 2690 2053 2812 295 1262 1240 2821 1730 61 1831 217 2467 52 207 152 290 1820 1929 326 1532 2396 2279 1787 418 2108 1143 1756 322 1003 225 180 654 464 1135 2738 2794 2479 2265 655 1921 1124 1281 430 49 1201 580 1481 1395 2061 1412 670 2557 1740 261 2269 2199 367 1647 1071 1118 2070 1037 1401 2017 1955 2428 1633 2594 2052 2654 2592 92 1972 740 1755 383 458 1141 1376 992 31 974
000808.jpg,989 2381 374 803 2040 101 1361 581 436 1451 1801 364 1900 737 2114 395 341 2644 215 251 2540 529 1353 1427 2323 1798 1334 2149 2656 962 1106 1559 293 1883 2787 1394 2277 1197 1300 1175 1306 1693 1951 1073 646 1230 1447 1928 1483 304 2504 2178 2759 2542 2579 1180 2546 485 940 1818 1004 572 789 1115 2495 1743 2113 2673 1213 766 2112 1137 1178 2238 2066 545 393 328 564 824 1513 1760 926 483 76 1786 44 1176 1773 614 1847 1161 1683 596 1971 2784 1257 2547 1689 1795
000809.jpg,2425 1797 620 1858 181 1188 1702 2470 732 2083 1221 1436 1889 1596 585 2404 2688 957 387 2498 2141 285 609 1104 1766 1910 621 1866 2313 2468 214 744 342 1602 1907 2348 755 909 1560 995 582 2464 1199 2058 2378 2182 2725 2067 2476 171 1084 565 1625 2168 1953 43 959 183 724 752 661 2760 2705 236 2160 2079 1963 2608 2197 509 2645 759 546 1933 1638 1806 1032 2595 229 1337 189 2060 2261 300 2230 2567 1214 836 468 2643 2751 506 428 2342 2450 1826 807 1736 255 1330
000810.jpg,2508 2351 205 473 2366 2169 2603 2414 1177 388 107 2176 2641 397 728 55 1970 153 1633 306 1471 953 163 2535 701 2604 1975 1610 1637 1061 1245 1249 1556 2030 2128 2027 358 138 368 448 444 1725 745 980 325 2795 2791 1474 1488 443 778 1304 510 2346 586 684 1612 1891 475 400 2326 1723 2203 1502 736 1042 2396 1006 1738 382 1787 2661 423 1467 466 827 2573 432 1919 2521 1764 2711 2118 1748 1916 1326 517 1308 2570 1397 379 924 2179 2036 2103 375 2620 1884 1205 2700
000811.jpg,2361 924 1150 443 1891 1249 1474 1605 745 586 325 1069 761 2758 2535 177 701 2829 1006 2779 2331 953 1341 1232 1471 650 2654 2502 871 1607 2666 630 475 1723 1916 2249 2122 1308 2346 37 488 8 834 2055 1694 2222 2449 1671 2152 1194 1044 2277 166 1023 38 1939 1514 2604 111 1027 2452 309 1903 2483 1082 1100 629 1390 2389 594 1155 1704 1488 401 1404 2024 16 984 2256 757 301 1487 1557 2176 1729 276 2414 2677 2679 1183 1177 816 2738 915 1090 2641 569 1995 1501 944
000812.jpg,37 1763 1694 2136 1173 2218 1939 703 1484 459 2003 1162 2325 2481 586 2619 110 1294 2361 1446 2400 297 1090 1605 1539 1514 665 317 2268 2226 1504 443 2726 2616 1995 955 2517 1150 122 650 347 1069 922 924 20 1744 1411 1235 1386 2823 2535 2353 2222 990 810 2584 1352 698 537 325 958 745 1305 2779 1244 222 2666 1891 630 1474 454 2589 2271 2167 1341 1044 2404 787 1342 1215 1232 2189 8 352 167 1994 2617 1766 2758 2502 1284 839 1666 741 619 1456 276 2366 718 1607
000813.jpg,1753 1125 18 2015 1252 1842 1834 2777 2772 70 2077 2478 2490 2510 431 1557 1390 2561 2818 951 601 2000 1642 2663 1759 1035 2757 2622 2667 2 1504 1958 315 2161 850 297 1965 767 284 381 502 860 1489 1480 990 1908 1417 1788 2218 386 2355 250 1272 2388 231 1839 2167 2650 522 2276 1340 531 266 2315 863 2601 2702 2302 433 1548 2069 1189 1285 1460 2001 375 1391 372 1459 269 2289 13 1202 2047 1636 497 1165 2471 2363 2517 1267 1663 5 1236 1012 369 2598 950 2152 2707
000814.jpg,2792 998 118 2416 1583 2658 2349 2843 1791 2274 36 567 2793 1808 7 2252 1085 1688 1163 2679 1909 1903 1431 453 875 151 612 1271 513 2452 1089 141 808 2163 1100 1404 1531 1155 1854 887 579 25 2117 2778 680 528 1052 311 1470 1370 2045 982 2618 1210 2711 816 2225 1023 866 337 517 2575 2559 382 2122 1209 1585 2682 778 2328 401 144 1578 984 748 639 1651 2723 2078 945 763 662 301 2065 1154 2009 916 981 2459 1063 2829 1667 2488 2042 2167 2055 919 1179 177 1977
000815.jpg,1886 1305 2078 866 733 1270 352 317 681 199 2411 1492 2501 2528 2044 1815 2138 2633 2515 2379 30 2104 1644 1190 500 85 1271 680 1499 2226 528 2045 2779 2618 151 1102 1934 2559 2481 1053 2270 1338 1360 878 2832 1624 1750 292 414 741 1122 638 2271 984 2534 579 1215 2524 1268 191 2517 78 1656 1284 556 1258 221 810 1209 2451 21 2790 25 787 665 2755 1446 1150 1241 73 1699 1630 2423 2529 987 164 302 2108 2373 1539 492 1430 1855 1154 958 71 2619 1587 1514 156
000816.jpg,1831 654 1756 2764 1974 2061 1655 2689 458 1706 2370 1317 363 1912 505 1921 1917 936 125 2322 261 1543 786 1117 670 1787 1395 587 1755 2681 2396 1730 1918 159 402 367 1293 1097 2806 138 805 455 1135 1822 2794 295 1461 1746 507 2199 1647 2250 1612 1022 2193 1823 2053 1991 1961 602 771 1972 1262 449 1332 2690 1781 200 68 721 414 1465 2402 430 1187 235 1376 2597 780 553 633 1565 1873 1827 2119 1929 326 2265 1018 782 594 972 699 963 1111 2812 2236 1287 1680 1741
000817.jpg,530 1604 446 1981 1237 2049 1518 1290 921 2064 1567 1384 1017 1879 1301 1058 1742 2796 2140 2596 631 908 451 2660 966 1002 662 1613 607 394 1909 2282 2392 2257 1119 708 918 700 1491 124 2093 2530 996 1978 2357 1992 1495 2658 1800 1587 1645 1906 415 243 2458 709 288 2010 2793 1554 1564 612 2219 434 2543 1676 773 742 1065 2117 345 1385 1138 2613 1621 1779 1731 2131 2145 487 651 172 2747 2675 1313 2452 1388 1007 1239 571 1442 406 1673 942 2722 2262 2085 1721 664 1431
000818.jpg,1701 860 2482 1489 258 769 161 1788 1417 1895 1976 1548 461 2702 2315 2289 767 1980 901 2685 1682 1256 173 273 477 770 1504 433 1479 1387 269 1599 157 1816 2553 168 2650 2075 1320 372 2074 1557 2379 568 1480 1911 1710 2622 73 2298 1390 1851 1366 380 2161 231 515 2732 1285 2231 2389 2387 2363 1684 772 889 1002 906 950 9 277 2373 997 1750 128 2460 760 2076 381 2600 386 1584 1904 1272 197 2001 543 369 59 1872 266 1681 2598 2045 1267 1747 718 1335 2085 2218
000819.jpg,2841 2043 1697 2171 2810 411 1139 637 2706 335 468 2216 2230 2591 2167 785 922 2816 1703 521 1487 2617 1288 1881 2353 1090 1052 2589 2657 1027 1363 2445 297 233 727 2022 995 1953 284 1188 1250 1763 2378 714 759 2083 2475 2707 2643 1153 898 938 1663 1858 956 2218 1227 1702 2308 1820 2405 1232 986 2220 1405 820 2313 2468 990 2712 2526 428 1541 2727 619 2366 1602 1757 196 807 285 669 2032 2783 1696 2751 181 1255 502 1087 620 2403 1221 829 1171 1333 1931 1643 1797 37
000820.jpg,2801 2486 642 1095 1545 1622 846 2100 2253 2343 2610 166 1409 600 1338 1650 2255 2738 1799 1101 659 2509 2212 1327 1810 1994 619 817 2308 67 1624 202 2712 2817 1698 1441 2616 722 2338 1075 195 1926 1358 2665 79 1010 349 1305 197 391 1201 2789 645 1102 2790 2638 2834 2835 2068 2011 627 950 497 115 1828 2052 626 1656 2840 1202 1679 1815 1995 2584 1302 2650 307 1964 1571 556 1586 64 2305 1407 2538 48 2367 90 978 30 1067 2473 445 715 733 2837 2004 259 2721 134
000821.jpg,2813 2248 948 2258 2286 2393 1937 362 2382 1841 686 1874 1464 647 1076 2683 146 329 2639 1130 804 1592 2506 2558 1639 165 491 2569 2057 1944 1899 1646 494 2708 2435 1223 1185 2291 2438 2135 1935 1212 1606 1463 137 899 1777 2766 2842 725 1056 2207 2473 2511 1134 1825 2741 1986 1547 2717 2580 2704 2825 1126 800 1055 2068 447 2294 2492 1824 246 100 774 1094 338 1569 1441 2427 2728 872 267 2183 2243 1291 2736 2100 2041 659 2721 1379 730 1940 692 2087 1071 307 2788 90 1936
000822.jpg,1083 6 689 493 1204 548 2582 1930 1365 582 546 2168 661 1421 2261 1792 285 1347 133 2374 1856 2659 2418 2278 57 2194 1665 2807 42 2039 1861 472 2125 228 1887 934 280 1758 2198 1580 1221 1193 1318 2356 407 2581 636 2548 2838 247 1575 1348 1536 1229 210 2585 2123 1947 1551 746 2434 1359 1859 1292 2004 2247 1375 170 40 656 2209 857 2206 723 150 663 514 2050 1960 2441 884 793 2571 1877 2111 874 1358 1064 2522 2456 2827 421 2672 2783 1059 2649 212 759 592 1345
000823.jpg,1925 1619 2633 2226 1456 1982 1539 1284 1660 2607 20 454 167 2833 2222 2844 1514 879 1630 913 958 1360 352 2529 317 1294 741 2092 1446 638 2455 2139 1009 2271 2138 810 1652 2481 2246 787 2619 2779 969 1349 143 537 276 71 264 2385 30 1694 1572 1939 1549 1112 837 1520 1305 299 17 1815 1 888 1258 2298 573 2063 2834 2717 2104 2727 403 273 557 261 2185 665 262 955 1607 234 2379 2781 2527 1159 533 1546 2797 668 961 349 1556 1472 1242 2175 1816 1851 2584 2370
000824.jpg,1062 456 1281 139 1932 501 129 2142 1026 1024 1505 2765 1829 840 1039 324 1923 1875 464 927 467 822 245 1813 2715 1789 1741 788 2698 2279 1568 1465 2244 1274 1481 478 2674 418 389 2634 241 2099 655 2232 1475 108 89 31 780 2316 561 209 2821 52 207 326 331 1662 805 452 580 786 525 726 484 2119 2794 806 2742 758 1048 2611 290 1503 2091 1127 2059 2429 1273 1635 92 2565 2531 653 1967 936 1022 113 330 346 2164 972 412 1755 1378 2311 1011 354 1781 1780
000825.jpg,813 1528 1554 243 2097 2778 1025 1769 1370 1063 1531 930 2310 1105 1396 748 1865 1906 1211 2093 2098 355 607 2065 2770 2257 1750 1978 1546 2304 1791 763 512 2773 2357 1673 1239 2660 515 2225 710 50 2026 868 1579 952 156 1031 1890 1614 164 1492 1354 966 1367 554 54 1305 566 919 320 1893 1384 928 2543 671 311 1154 2696 2042 414 2341 115 1331 2782 2577 2584 982 1210 2786 1562 841 975 1657 142 595 2226 27 1256 1742 1566 1425 2282 961 434 2078 532 2219 2108 2191
000826.jpg,2025 2669 61 346 192 225 207 52 2821 418 1481 290 2690 1780 2279 1829 1299 1168 245 840 1932 467 217 2467 2285 1787 331 139 2396 1262 1706 1912 1655 655 2142 455 2794 1022 580 464 654 1281 159 478 1465 209 1568 2244 936 1026 1831 1755 125 2765 241 927 31 456 2806 1503 295 1730 1813 326 2091 1024 2062 2173 2232 1789 1127 2164 1293 726 138 786 2715 2693 1039 389 1781 788 1378 999 1918 1097 239 2470 1612 430 108 780 1317 49 268 1756 1741 1135 2061 1505
000827.jpg,1453 1490 2376 1860 2433 2556 201 747 2713 2309 2272 1901 1316 1496 2294 1948 2728 1055 2207 725 1825 2767 1940 1958 1443 2496 2686 260 889 563 2826 1747 1986 1833 1796 1938 1416 1056 1649 2088 1123 2755 2076 1636 1965 1041 155 494 2815 1519 134 2291 1267 1752 140 559 1051 2057 2134 1096 1307 950 574 1218 2352 2362 2001 2419 2628 1208 1868 2367 1054 211 323 1989 1899 1658 2460 13 1862 1460 2532 2741 386 1366 422 194 2721 2671 2363 854 2069 1202 1452 2439 796 64 2836 1486
000828.jpg,2478 2077 70 2510 431 2772 2777 1842 951 2818 1125 2000 1753 18 2561 1035 2490 1834 601 2015 1252 2663 1839 1642 2 1390 1557 2667 1460 1559 2757 1759 2622 369 2321 850 1542 26 282 2127 1012 2161 2739 1958 2454 1594 1459 249 1195 469 2493 145 2672 656 522 1191 3 929 263 1869 378 779 1196 1809 66 863 842 1186 801 1985 720 2184 321 1075 1106 254 1905 1675 2701 2284 604 433 1014 2324 2123 1504 859 371 1357 1340 2206 1997 58 2356 67 1128 13 1748 250 1590
000829.jpg,1662 525 1048 1475 2765 653 2429 2632 2316 2311 1774 2531 1875 478 1274 1967 1008 113 108 1500 1435 471 1438 2164 2407 1220 1127 2301 1024 782 858 33 200 1941 753 840 534 1829 467 1780 1275 726 628 2687 2091 1039 1598 2398 1050 806 2137 390 822 1018 239 449 245 625 2774 89 2467 1248 2565 1692 484 679 131 31 2634 580 2280 999 2059 1563 2173 53 452 1635 268 2236 2611 1843 2715 314 1813 2142 129 799 1062 927 501 1481 2279 1929 788 1505 1715 2693 2285 92
000830.jpg,1096 1416 2628 64 48 439 574 1640 1569 100 568 1636 1948 899 2767 1658 2352 1444 1899 1649 2439 155 51 1965 2815 1041 1218 2741 1054 2721 2291 1223 2135 2298 715 305 1381 1782 494 2057 562 165 772 137 1684 1212 1051 645 2011 1544 2558 1255 169 1463 477 1993 1130 2506 2836 1679 1860 146 986 2069 1840 1606 2639 947 647 1261 266 2683 1911 1134 2076 1541 1944 2713 563 1874 1189 2580 2707 1940 2837 1067 370 134 1663 1757 1949 1825 2435 2319 2207 1267 1986 168 1038 231
000831.jpg,2006 1913 1174 2609 937 648 1634 1466 338 2697 749 1110 730 1455 811 257 2788 1894 2151 1516 1379 1498 2492 774 2071 673 800 1936 1094 1079 2196 2243 1527 2417 1454 2087 1850 2158 1670 821 535 1509 667 2519 2266 2771 1794 336 1373 1355 1966 678 1167 1068 538 1811 641 2776 855 1546 1142 2005 593 226 2377 2364 605 2371 1863 1040 267 1238 872 1088 1803 1862 2444 1133 2251 1001 551 1367 410 288 2549 2290 717 2350 403 1243 1311 1291 843 544 1239 2473 537 154 435 1629
000832.jpg,2333 233 1704 256 536 2403 2419 1208 2117 1983 2424 853 559 144 1431 121 630 1049 2557 1090 259 1067 1486 1621 2734 1588 1132 1762 516 2088 2515 547 1148 2652 1763 978 1963 1595 1600 1190 839 2090 260 569 2362 85 2067 1939 1671 2167 2840 8 900 36 2574 2012 1386 987 932 445 1437 1405 1278 312 1589 2580 134 943 563 2200 2024 666 1735 585 2832 1553 193 795 1440 2148 2537 2165 701 2076 2355 2082 635 1474 988 2133 1092 1270 1285 317 1122 2619 1552 1065 443 756
000833.jpg,836 2645 307 482 861 2427 1013 609 2555 762 1727 81 856 2725 1286 2081 732 398 1766 387 171 1277 957 1283 2503 2760 1560 181 1044 2464 2688 183 1596 1889 309 2058 2182 333 2096 1907 621 849 2608 1458 1315 236 620 1217 1797 2141 2071 506 2498 1337 2404 2705 2116 2160 2277 935 2819 1336 752 1520 1199 229 2365 509 1201 2448 217 744 1749 1726 2079 834 2317 16 761 1447 2562 1108 2197 2761 1279 724 1824 300 2678 2727 2476 189 1987 1032 1071 2578 1469 316 546 1244
000834.jpg,1083 689 493 6 548 1930 1204 1365 2582 1792 1421 133 2374 582 2659 2039 1887 2125 546 2356 228 1193 2581 57 2418 2198 472 1861 1856 1665 280 934 1580 2168 1347 1947 1758 1575 247 1348 661 2123 2247 1229 407 2548 2672 2206 2585 210 2838 2261 1551 1292 1359 170 656 514 1859 2434 746 150 723 663 1064 2050 285 2522 884 2209 2456 2194 857 793 2278 421 1377 1877 42 2807 1590 2441 1375 82 874 1318 636 1121 2111 2004 1345 2831 45 482 2056 2184 2386 212 2827 2649
000835.jpg,1882 285 546 42 582 1221 115 1960 724 2168 636 40 2261 2194 661 1318 1536 851 2278 2807 1071 650 479 2666 2571 1835 776 1744 353 1232 738 1995 2474 896 98 1066 1226 15 2812 1263 372 2256 1440 2268 1219 2677 459 37 2086 1750 167 38 1222 2162 281 629 1616 6 233 1539 1083 1687 1189 2514 2115 2572 2761 1144 915 2460 1504 2483 1754 2222 1902 1700 128 2691 592 1462 1400 1412 384 1817 454 275 370 474 905 2464 2770 1957 377 5 413 327 1170 272 2116 2047
000836.jpg,988 193 1588 1132 569 2090 121 1553 536 1430 2333 2394 2117 1431 1065 7 144 1699 1621 453 1085 516 981 1163 2163 1888 680 1492 866 2522 141 2793 2831 612 1808 1688 1064 2452 2274 443 1638 1404 2679 1976 1474 412 1410 1704 733 1145 1903 36 2078 745 1826 1100 461 1939 1173 2427 153 925 2619 401 399 2122 1271 586 1790 1021 2189 1910 2649 325 391 2745 37 2775 765 55 45 1806 1155 2326 2202 348 1872 2584 2550 1249 728 1510 2641 2587 168 2176 550 2161 1701 1045
000837.jpg,18 1842 1753 1125 1834 1252 2015 2777 2772 70 1390 1557 2077 2478 431 2510 2622 1759 2757 2490 2561 315 601 2818 951 2663 2000 1480 1035 1642 2 2302 1165 2667 1460 1839 2315 1816 191 2363 767 369 1548 2001 1366 2161 1479 9 1320 850 2355 1682 860 2685 13 640 1272 381 2598 1285 2460 1980 1599 339 1976 1219 2389 2702 2152 1504 433 276 386 597 1701 515 361 1417 5 2289 1202 1489 2276 2517 461 1189 1686 531 2388 1340 372 1069 269 2650 1908 2318 2577 297 370 1267
000838.jpg,2252 567 1470 887 2682 2349 2488 1368 1566 311 1920 2459 1578 945 1651 1210 1667 2647 1367 639 819 2065 808 1239 1791 2328 1977 1179 2491 595 1396 2098 1583 982 1105 355 875 1047 2416 1906 763 2310 2793 2225 2792 118 2357 1865 1673 2446 2093 2658 1370 1614 1331 1978 523 998 1554 984 2500 337 813 823 2747 2045 1531 2257 1119 2379 2392 2097 2587 208 1063 2660 1851 2249 2452 705 243 2843 2696 394 911 579 415 50 1904 2507 997 2042 2809 1211 1200 2009 2723 666 1023 175
000839.jpg,941 84 1515 2457 5 2152 2474 1616 2165 2115 244 2355 850 1352 2734 1949 2502 1371 985 1066 2593 509 2820 98 2623 323 270 2761 106 844 1170 1768 2048 448 1272 776 2056 2448 2442 1364 2562 1226 1762 781 973 2386 1882 45 1251 2720 1144 2691 2831 1605 1064 13 644 281 2263 2522 474 676 2086 104 398 2572 353 1458 1570 2678 909 828 2503 1525 1819 2726 1864 762 1263 1802 2116 2725 298 896 650 1426 2464 1222 738 15 1726 713 1957 1113 1674 1402 370 2141 409 1267
000840.jpg,197 2375 1102 1202 2817 2790 2161 433 1656 2289 221 2840 1146 2367 2538 1752 1624 168 817 1407 1644 950 1799 231 1926 2389 4 626 2241 550 1422 1710 712 2484 1870 445 943 1045 518 635 259 2312 1338 1267 2454 1737 1840 348 1369 925 1319 188 2769 1545 440 26 611 1067 1983 1328 735 1993 663 2439 1544 2082 1623 1617 1704 1172 1468 1663 283 2650 2649 1658 1650 1405 1381 1452 169 556 1417 645 134 659 1552 2270 2836 1101 1444 900 2424 613 1679 2515 1782 2837 1934 2050
000841.jpg,1981 1237 1567 446 1604 530 1518 2049 1290 1017 2064 921 1384 1879 1301 1058 2796 2140 2596 1742 631 2660 908 451 1002 966 607 394 662 1613 1909 2282 2257 2392 1119 708 918 700 1495 2357 1491 2093 124 2458 2530 996 2010 1978 1239 1676 1906 1904 1673 612 1587 2131 2507 651 2543 1564 415 1554 1313 2446 243 2675 527 345 1992 709 997 2262 1485 487 1645 1065 2747 173 237 1181 1848 2219 1621 1145 2085 2452 942 320 1138 1800 773 984 979 595 2696 2307 288 186 1385 742
000842.jpg,2354 1269 232 520 1945 2566 2615 1448 1535 1672 2785 1091 2413 1996 1343 777 2295 135 558 949 783 2737 1265 2408 1728 754 310 2756 1561 2242 1149 2320 1178 95 2422 1478 2827 596 2533 2441 1898 967 376 213 328 2143 766 1093 2238 1346 1513 2021 2523 2759 1743 34 29 240 2504 24 1847 789 341 1161 2784 2111 1298 1296 1469 483 2579 983 695 293 1914 1231 1176 1631 119 1804 1683 1693 2260 1867 364 2224 132 2202 577 2745 1849 1506 286 2638 1447 832 1856 1722 2430 1166
000843.jpg,2766 2580 1606 1944 2068 1547 2511 1935 2842 1452 447 1212 686 204 137 2292 79 2305 2135 899 1463 2433 2713 2741 692 659 1569 100 2558 1868 494 140 1899 165 2435 2057 1134 2291 146 1126 1130 2736 1986 1940 1640 2650 2825 2639 246 647 2294 1825 1962 2207 1223 2506 2683 2319 725 1055 2248 2665 1056 2728 1474 2046 668 574 2654 987 1874 2545 736 2717 1096 1416 2326 1748 343 2832 745 85 2419 1459 1671 910 1077 2719 2671 325 2362 1467 312 1733 1925 2100 206 1646 701 1291
000844.jpg,2584 1411 4 349 1752 1146 1433 312 668 1122 950 2389 619 1737 2367 1202 2440 1545 1408 1060 1815 1302 1799 1694 1305 2789 2138 1267 2455 1684 626 611 1934 2832 1338 2484 85 987 1316 2616 2439 1622 231 1600 1319 1153 978 547 2445 1926 1102 12 556 1544 2133 2817 1663 2308 2840 283 155 939 1993 197 2501 817 188 2652 900 1009 1386 1366 2631 2712 1494 486 2012 919 2704 2790 613 2607 2483 2767 2460 1624 2593 528 1704 2076 969 1636 2375 1123 2528 492 169 2559 1782 259
000845.jpg,702 835 848 1830 1845 768 903 688 126 2624 1608 2276 578 1254 931 1340 250 1186 1114 1391 1310 65 1413 1107 2388 1512 2314 1821 1720 1908 2601 2471 1767 1357 1323 103 1235 1073 2653 2288 1304 39 502 2497 75 1905 2518 2671 990 198 564 424 862 297 1152 1192 1113 1036 676 318 2605 2152 19 2275 2502 2824 5 2355 940 615 844 2787 1922 2204 469 660 1680 549 392 2114 1884 1801 1609 60 404 713 1817 845 1285 1131 1620 781 1751 818 1402 2240 2494 2054 973 136
000846.jpg,2840 2538 259 188 611 1319 1983 197 1870 1926 445 817 2161 626 2817 1656 2454 550 2241 1045 1422 1102 712 1737 2769 2790 26 440 518 547 735 2375 348 1752 1840 433 1369 925 1623 283 221 2515 1386 1202 1146 2574 2424 1617 1190 1624 1328 1644 1067 2084 2289 2367 1934 2649 489 4 2419 1958 231 168 1148 1437 900 2837 559 2325 1208 2050 2011 2148 1704 1407 663 1338 1663 645 1486 2652 556 2707 1993 1710 134 978 826 2544 1650 2082 169 987 635 1679 613 2189 1782 1405
000847.jpg,1793 2415 802 2217 1699 2553 1872 72 2355 2568 760 2593 2029 429 901 1492 850 1430 142 1504 1393 555 1256 2743 868 1890 5 427 554 975 1033 437 1553 1272 2668 332 1562 340 2482 417 320 2786 1628 1267 1710 1686 2333 597 2227 979 1888 2734 460 886 323 73 173 62 176 361 380 121 13 256 36 1431 2152 385 1065 1219 1674 1418 2117 415 1366 2775 2074 2304 1762 2502 1158 814 1886 1958 1236 985 1750 99 1241 2010 1704 713 1510 2778 1414 174 878 2078 2147 1621
000848.jpg,1584 743 2023 2545 2034 2755 2423 2134 2373 2568 681 878 1264 1796 747 59 2075 2272 657 674 1123 563 292 1682 1307 2185 2076 2713 1479 199 2379 1816 2078 302 1320 1855 319 1775 41 1878 1718 770 2231 1851 906 155 78 2139 893 912 134 1480 2732 201 258 852 191 2650 157 900 2415 260 2045 2208 2826 1660 2133 2622 1710 1982 677 1053 1948 168 299 1681 2262 1986 1366 1316 497 186 2833 2088 2376 21 528 2189 1860 2451 1980 2559 289 62 616 1485 733 2092 2618 2836
000849.jpg,197 2840 2538 2375 1102 2161 1656 2817 2790 1202 221 433 2289 1146 2367 817 1752 259 1624 1926 626 168 1644 550 1870 2241 1407 950 231 712 1045 2454 188 1799 518 445 4 2389 1422 1983 1369 1319 348 26 1737 2769 925 611 735 440 1338 1710 943 2484 635 2649 1840 1267 663 1328 2312 547 2050 1067 1545 1617 2082 1172 283 1623 2515 2424 1704 480 1386 1934 1993 1650 1190 2574 2439 900 1468 179 645 1544 1663 1405 2189 1148 2610 559 2419 2270 1101 1437 134 613 2544 489
000850.jpg,638 958 2271 1446 1294 787 352 810 71 1630 2481 537 1514 2619 969 1360 665 1607 2104 1939 30 2246 2138 1349 2226 1539 1694 1069 273 2529 955 1815 1112 276 1305 2616 1242 2524 1341 317 1456 1258 20 2633 1284 2833 143 741 167 1729 1652 1925 1648 1215 2844 454 2379 961 2717 2455 718 1546 1270 17 2298 630 1411 403 2385 2811 573 1445 2758 888 2584 1338 2139 2100 1549 2779 262 698 2063 2256 299 1 264 1520 1982 2607 2092 1619 2406 2797 1187 1684 2222 533 349 2731
000851.jpg,2252 2349 1583 1791 567 998 2792 118 2416 2658 1651 1470 36 2778 2682 2274 2843 1531 887 945 2793 1578 639 808 760 311 975 2459 748 2328 151 1667 2488 1808 2647 1271 1431 72 7 1872 1628 819 1063 1370 513 875 816 2304 492 1085 1163 919 2491 1210 1089 1154 1920 1179 1769 1977 2452 841 952 2065 579 2829 1354 2431 2097 982 1368 930 401 2679 813 1404 380 1367 923 355 1052 2256 2098 301 1100 1854 177 1903 2249 2711 385 2225 337 798 1396 528 1566 650 2666 1105
000852.jpg,1191 1542 2739 2332 1043 720 2321 1350 77 1494 706 366 1776 287 1196 880 976 1653 859 842 857 263 2694 1432 2703 1457 885 801 470 158 421 1724 1086 2123 704 746 1664 2184 130 2454 242 2039 2456 656 1522 3 2330 1345 2327 2662 2127 2590 1765 2356 1887 1665 2206 756 228 2672 291 570 2186 514 588 2588 583 2229 438 247 1081 2581 1877 1193 2659 1642 1675 1930 493 294 2187 1575 2769 1590 863 2004 2198 1358 1034 2409 548 2493 2513 689 133 2174 26 2838 1758 522
000853.jpg,2482 860 1701 258 1489 769 161 1788 1976 1417 1895 1548 2702 461 767 901 2315 1980 1256 2685 1504 1387 173 477 2553 2074 1599 2289 1682 73 1911 380 72 515 269 273 2778 1872 770 760 1816 372 1479 157 2355 437 1366 1219 369 1480 277 975 568 460 930 1628 2304 1267 1750 433 9 2256 2460 1285 99 2161 889 168 1200 2532 2593 2298 1510 1002 156 320 415 660 1320 2379 2268 1579 1557 2363 1754 997 2147 164 906 671 2218 2677 1519 1335 1272 2775 128 2622 361 923
000854.jpg,1625 342 551 2431 2371 428 1088 2776 56 385 1059 1375 2548 255 222 798 667 1330 959 2089 1436 1509 1931 189 2141 2526 1032 1363 565 1171 2060 1933 1188 1214 22 2109 1863 2220 687 1025 1675 2476 2751 300 2313 1643 472 759 43 1373 1589 2567 2662 956 2771 203 1337 814 1227 2468 2643 2740 1735 226 540 1167 1084 1260 807 229 1288 2783 1524 2266 2197 1629 829 1278 1858 641 1736 2450 2470 1696 2150 476 1093 1450 1963 407 621 154 1758 669 755 2425 1355 1703 2121 2083
000855.jpg,2543 487 1681 942 1705 2085 566 2026 2262 2600 512 1211 852 1320 770 1770 2723 2045 1718 114 2423 1978 2373 2755 186 1682 1479 164 2134 2559 528 1241 156 867 2618 1209 1816 681 2093 25 1585 1264 1053 743 1980 2219 709 2392 579 878 1906 1750 199 1528 2357 2685 515 492 966 2458 1119 2078 694 607 1414 2108 2575 1480 1154 2304 1495 2097 2577 2549 1584 292 1002 2722 360 1707 151 2379 1855 1384 1271 2257 2660 1331 651 2568 1579 1992 2282 527 78 1396 2075 302 1673 1366
000856.jpg,290 52 2821 207 346 61 225 2025 418 1481 2669 192 1829 2279 1168 1299 2690 1780 840 467 2285 1932 245 726 217 2467 478 2091 2765 1024 1843 108 504 822 268 239 1039 1127 2634 139 655 2164 2142 464 2794 534 1813 2137 1262 412 1275 1022 331 209 927 452 53 2396 2687 1281 129 456 1062 2715 1789 1378 806 1787 1875 2429 999 31 495 2059 580 501 2280 2693 2311 131 561 1465 2244 1274 324 2698 430 389 295 1923 2173 1941 326 2316 788 838 89 1692 252 525
000857.jpg,2152 5 1515 941 84 1352 2502 985 2457 850 2355 2165 2734 2593 1605 2474 2820 1674 1616 713 676 323 844 1272 2115 1949 2787 13 244 409 509 1762 1170 1066 1342 106 1751 1371 2726 973 650 496 2497 865 198 281 347 39 343 845 206 75 862 1882 482 1733 424 479 1206 738 2624 98 1226 384 851 1661 2288 831 2695 781 940 1203 640 828 2214 1113 256 2691 1180 1267 896 1004 2623 1957 1591 19 629 1666 1219 1601 1222 944 549 272 270 2112 1864 1323 254 915
000858.jpg,516 650 2666 752 2353 1605 37 459 2404 1744 412 2502 594 1173 935 2823 586 1484 2003 1232 2268 2361 703 1694 924 2726 2136 1891 2152 2325 1515 1616 443 1723 1910 1150 761 2595 2355 1504 5 2115 1299 1168 865 488 1021 477 1916 1539 2770 325 1763 2346 110 1162 1976 2218 1352 1661 2474 1817 745 2162 1342 461 1006 475 167 2535 561 448 2494 1907 1680 224 2096 2400 1537 953 1308 1939 205 701 1066 339 1069 1882 2619 1729 20 2277 1922 980 128 1514 1222 136 479 1884
000859.jpg,985 1352 1113 676 1203 713 844 851 973 2787 1342 409 1674 5 2152 1515 2502 281 632 941 298 1591 84 40 1206 1819 2571 1864 1426 1960 1263 1570 781 1462 2355 865 347 2334 1439 1605 1882 75 1666 198 424 2593 19 2457 2691 2677 1077 2497 1536 896 496 327 2726 275 1219 845 1751 862 39 1402 636 940 564 2162 479 2624 629 2695 1318 318 738 1198 1659 293 2462 384 812 2281 1152 850 2474 1687 926 584 2542 1036 2807 1817 946 1173 1400 1818 1114 702 915 1973
000860.jpg,302 78 292 893 1398 2451 2384 21 2074 289 2341 1816 681 1387 1366 2423 380 1480 1320 923 199 1599 2108 73 1750 1479 156 557 2755 9 164 878 879 770 361 515 69 1579 2460 2304 2600 62 1770 2363 1705 492 1682 2085 2026 841 852 114 1154 512 1681 1211 942 1686 566 886 597 2262 2677 1982 2147 1241 2543 417 629 2078 660 487 2389 413 519 672 1718 1219 128 2723 2001 915 1418 579 1263 2622 2443 1528 2483 2812 2577 640 253 796 1501 281 2134 1521 372 2671
000861.jpg,813 1528 243 1554 2097 2778 1063 1531 1025 1769 2310 1370 748 1865 1105 1396 1906 930 2042 1978 1211 2098 607 2093 355 2257 512 2357 2577 2304 1384 1425 566 763 982 2026 156 1579 2225 966 515 164 2282 1750 710 1673 2392 2065 919 2660 2696 1791 311 50 1154 172 571 2655 1210 1742 2543 54 2459 2723 1065 2085 1890 1354 2722 2064 434 662 1893 114 2770 492 595 975 1705 320 868 394 942 460 841 952 2140 1992 1305 1237 451 1239 1567 2156 528 2262 823 1367 1031 1770
000862.jpg,2644 529 2323 395 962 1798 1334 1801 2149 2656 1559 1106 1175 1928 2381 989 1230 581 1394 1689 646 374 1361 1451 803 485 2114 101 869 2040 339 496 2666 2540 737 436 1483 364 251 1900 341 1427 2277 1353 215 634 1883 1683 572 1306 650 2430 1197 1300 1951 293 1605 1073 1561 1693 323 1272 1749 1166 477 2787 2502 863 2546 2152 84 2409 727 1115 2504 1847 1447 2143 24 2032 577 2759 850 1358 939 789 941 2355 304 13 589 2595 750 1818 2113 2136 483 1785 2579 1513
000863.jpg,1093 1696 476 669 407 2643 2783 196 956 2220 759 2468 2526 1931 1702 1227 1084 2548 1088 1188 2740 1898 1735 1059 1375 2242 1506 1953 2514 2475 2572 1380 428 34 226 2109 2776 2422 540 1421 1643 2523 1820 1525 667 2158 1558 1602 687 2348 2371 1509 2266 1863 214 181 2121 820 1683 2463 154 1260 2170 1280 1322 2350 1524 1373 585 2785 1001 203 2238 1947 995 2378 2263 766 328 1866 1629 2759 1147 2749 2536 2678 1589 2629 853 1726 1797 1803 732 558 1337 2512 1178 2539 2623 1811
000864.jpg,37 459 1763 650 2666 2218 586 1694 2136 2268 1605 1232 122 1744 1173 2353 1995 2361 1504 443 2502 1484 2726 2325 1090 2003 745 297 703 1474 1150 2535 1891 325 865 924 1939 2400 2355 2162 1661 990 1386 2654 1235 1162 2589 1352 1723 2779 8 5 2152 1616 922 38 2222 1539 115 1244 110 1363 2404 1835 2619 1272 2517 20 850 502 167 454 1963 2167 1411 1674 1817 496 347 284 2474 1487 2366 2481 2823 479 1671 1069 1515 1294 665 2457 1514 224 2256 701 2449 136 547 1501
000865.jpg,2584 1411 4 349 1433 1752 1146 312 668 1122 1815 950 2389 1545 619 2367 1202 2440 1408 1737 2455 1302 1684 1060 1305 2138 1694 741 2789 1799 969 1338 2616 556 1316 1926 85 2607 2445 2704 2484 987 1319 1267 2832 1123 1934 1153 231 1993 2817 611 2270 2411 817 1962 626 2633 1009 1622 939 2133 445 134 2439 547 2790 2300 1102 2298 1663 1982 645 1544 1386 2501 188 1479 2391 747 563 2375 155 2100 1660 1796 1549 2528 2308 978 2424 2840 79 1624 67 2063 2001 461 2631 2272
000866.jpg,1830 848 702 835 1845 768 903 688 2624 1908 126 2601 1608 2471 578 2276 931 1254 1114 1340 1323 103 250 1186 1391 1413 1310 1107 65 1512 2388 2314 1720 1821 1767 1357 1235 1073 502 2653 2288 990 39 297 2497 75 2518 1905 198 564 1304 424 2671 1113 2787 2152 2275 5 862 2502 19 392 2355 1192 676 2605 1152 60 940 844 2054 1036 1285 2114 1680 660 1817 1120 284 2204 469 318 985 2824 2494 845 713 1922 549 1605 1131 581 1620 2542 1014 615 136 632 1515 1884
000867.jpg,1019 1785 63 1389 2066 1213 545 1298 2113 2016 2022 1228 304 1333 2178 1483 393 1115 2546 1137 499 1883 1685 1561 1773 1447 634 832 1434 1631 1533 182 1971 149 954 617 1257 1786 2136 251 1244 1306 1689 1951 1795 485 1300 1087 614 1353 1004 1427 1999 291 2540 2112 1712 1103 1176 1451 2430 695 1743 2547 658 1749 1180 983 727 1207 1346 376 132 757 1693 2700 576 76 1928 16 101 1166 24 310 2040 1558 2072 1394 2422 2381 1760 2542 714 2143 1224 1818 2242 898 596 1713
000868.jpg,2308 2712 619 1363 521 37 586 2654 1288 1703 459 2167 2617 443 1763 1090 122 2218 650 922 297 1232 1995 2666 1625 56 2445 1101 2726 990 992 1474 2046 1504 2811 1235 745 400 1694 502 2255 497 1744 1661 1891 180 1586 312 1386 1557 2141 1069 1605 827 2661 1390 2832 2101 59 255 2371 1027 2268 2189 1095 1411 428 637 668 1963 2162 1955 83 2406 1433 284 760 1129 168 38 816 860 2222 2758 2216 1338 2535 381 1194 2704 1201 2136 975 2054 317 684 325 2294 2781 1436
000869.jpg,767 2702 2315 277 1980 2685 2532 1989 211 369 1938 1747 2496 1833 889 2686 1443 1496 860 1460 1548 1701 1489 2 1417 769 2556 258 1682 1519 1788 2663 601 770 269 1557 1895 161 1390 2482 2622 1320 1504 1759 1316 1479 2757 372 1387 1976 1480 543 2443 2001 361 2289 1366 1816 380 1686 886 597 1599 672 386 2363 1418 1219 2015 1252 9 1965 2671 431 854 128 2510 1285 2074 1272 266 2828 381 2460 417 901 1051 2815 13 2355 1834 933 461 515 1236 850 915 531 950 640
000870.jpg,1613 662 1909 1742 2658 2843 1808 2416 908 2793 1301 2140 7 451 2274 2796 1058 2049 2792 2349 1879 36 1431 2064 530 1290 1518 2163 612 1604 1085 1370 118 631 2452 921 567 453 446 1384 607 2679 144 394 1688 2282 1903 1981 1237 2596 1271 1100 151 808 513 1017 141 1404 1567 2117 1089 1791 875 2392 2093 1906 1163 816 2747 984 1155 680 1023 2122 1119 998 337 1047 2009 975 2257 2357 1554 1978 1002 966 401 301 528 1583 288 243 1268 569 172 2660 866 121 1800 177
000871.jpg,446 1981 1237 1604 530 1567 1518 2049 1290 921 2064 1384 1017 1879 1301 1058 1742 2796 2140 2596 631 908 451 2660 966 1002 662 1613 607 394 1909 2282 2392 2257 708 918 700 1119 1491 124 996 2530 2093 1992 1495 1978 2010 2357 2458 1676 2658 1239 1645 1587 2543 415 1800 709 487 345 243 1554 2117 612 1138 1385 1731 434 1564 773 2793 2145 2219 1779 288 651 942 1906 1065 742 1621 2085 1388 172 2675 2131 1442 2224 406 2613 1313 2262 1431 2747 528 1721 566 320 2344 1210
000872.jpg,348 26 925 1369 480 2649 1869 378 1195 2050 960 1870 179 2229 1045 2454 2621 712 704 242 2130 1594 2204 2329 663 2211 549 2020 1772 2805 1959 2447 2701 87 2347 550 2234 2752 1169 404 294 765 2123 2360 2769 693 2159 1410 1372 2637 1348 2241 2018 1259 1690 2129 751 2586 2525 303 321 2033 1611 794 1832 2489 2780 1028 1748 2155 2667 917 279 450 1580 32 357 2324 2684 1576 590 1846 2538 1609 1626 2630 2166 689 2106 934 902 57 170 2198 210 1517 1382 2493 280 282
000873.jpg,2691 281 796 1616 448 781 2677 1219 413 128 973 224 629 557 1902 98 2001 915 896 2460 1263 2502 1501 2593 1366 1515 84 2483 941 944 2474 2152 2147 1700 372 2115 854 640 136 13 1817 298 2165 1440 5 2355 244 2598 676 488 1066 1344 2599 2734 1605 879 2363 1402 844 1426 1477 1170 1949 2828 2436 1570 1864 1226 1711 543 1144 276 386 828 1819 1439 790 672 1835 275 1272 1973 1754 1038 461 2185 1113 1762 1750 2443 850 865 1591 2359 1641 1423 2132 1480 2421 2362
000874.jpg,1083 689 2522 1064 45 2386 2056 493 1251 6 2831 1856 1364 548 1204 1930 1421 1365 2582 644 546 2048 2562 2442 2761 407 2441 582 2111 133 270 2116 2374 1768 1792 2720 2571 1665 2827 2125 762 482 1347 57 2273 1580 34 2039 832 280 1147 310 210 1861 2209 661 472 857 2123 1947 592 2261 2356 777 88 2586 106 2418 2168 2718 2678 934 2383 2740 1120 2422 2548 1678 2427 746 732 2783 1348 187 294 1476 1669 132 663 212 2807 2247 1176 1318 2523 775 1914 1493 1536 2838
000875.jpg,328 2238 766 2759 2504 789 1178 2579 2242 1898 2523 2422 240 1513 34 1683 483 2784 1161 572 967 1093 1847 1631 1091 1996 1506 2785 1672 1804 727 777 1561 558 135 1230 364 293 1298 1535 310 1137 1166 63 1447 1333 1483 2072 1019 2413 341 1389 1228 2066 1213 2756 545 2022 1343 304 1785 101 1087 251 2295 1427 1353 2040 2113 2540 1728 2827 783 1883 2320 2178 2441 520 803 596 2354 949 1207 95 232 1558 754 1300 1448 374 1149 1945 2615 1900 376 2024 2566 1115 2409 16
000876.jpg,1096 1416 2628 64 439 48 574 568 1569 1640 100 1636 1948 1658 1444 2439 899 1649 2767 2352 1054 155 1899 2721 51 2815 1041 715 1965 1218 772 2291 2741 1223 2135 1051 305 165 2057 494 2558 1463 1212 562 1381 137 1544 1782 1944 266 1840 2298 168 1993 2069 1130 1860 1261 231 2836 146 947 826 1684 169 2506 2580 647 2639 194 2683 2477 563 1606 645 2362 140 2435 613 2076 2011 1901 1663 2309 1868 2826 1679 1038 2650 201 2707 2088 2713 2248 657 2837 2421 260 1552 1958
000877.jpg,446 1604 530 1981 1237 1518 2049 1567 1290 921 2064 1017 1384 1879 1301 1058 2796 2140 1742 2596 631 908 451 2660 966 1002 662 1613 607 394 1909 2282 2257 2392 708 1119 918 700 1491 124 2530 996 2093 1495 2357 2458 1587 1978 345 651 1676 1564 2675 2131 2010 709 527 2543 237 1673 1239 487 243 1992 1181 415 2262 1988 2219 1906 2658 1645 942 1313 1210 612 1554 1138 867 2085 2205 1731 311 808 2446 2692 1485 1800 288 1848 434 823 2793 716 2747 566 1904 982 528 1065
000878.jpg,536 2090 1588 1132 569 121 193 988 1553 1430 2333 1431 2117 144 1065 36 1621 1699 142 1888 1492 429 680 866 1089 1562 733 2786 2668 554 916 2658 1890 2078 666 1033 868 517 555 1268 2743 2227 1100 2452 227 256 1393 289 500 1085 1145 1854 1583 567 2428 1271 2711 1404 2029 979 301 176 1341 2446 691 2573 427 2770 1790 2256 27 332 1155 1322 1740 151 2775 415 2661 2222 2009 2463 355 827 2537 630 340 401 400 2416 1069 761 1880 1256 2349 924 2758 460 2773 1802
000879.jpg,1837 1848 1046 2337 911 1158 1313 2358 2007 415 2287 2480 2035 2646 2735 784 486 1428 1253 74 219 109 345 1812 2131 616 591 1564 2553 2676 2010 1388 1210 2307 1181 2626 311 2344 2065 623 622 823 996 2530 173 2045 875 2692 1587 651 982 178 1485 1414 1060 808 595 527 1239 2800 2793 1855 2724 1491 1367 2328 887 912 237 1851 532 1566 1865 2670 763 2028 2675 2682 716 1904 124 2225 2491 1368 708 2459 671 2208 1151 1977 1988 867 2432 2205 460 700 2587 1470 2488 36
000880.jpg,1944 2741 1569 1899 165 100 2558 2135 494 899 137 1212 2057 2291 1130 146 2506 1606 647 2639 2683 574 2580 2435 1463 1640 1646 2248 1935 1223 1874 2766 1134 2813 725 2842 2511 246 1547 204 48 686 2825 2068 1096 659 1416 2628 64 2721 447 715 51 1055 2728 439 2421 2207 1038 79 1825 1940 1452 305 2305 948 329 1986 804 2309 1948 2713 1901 562 2294 1658 2815 1636 1051 2439 2352 1965 2292 2650 362 1860 1218 1261 2767 140 1490 169 692 1841 2376 2433 1782 260 1544 2088
000881.jpg,1651 2682 945 1578 1470 1179 1977 639 2328 2647 819 1920 887 1667 2491 2488 2459 1367 311 1368 1566 1210 1239 595 2252 875 2431 2349 982 823 2045 2032 2778 460 808 2225 56 1583 2587 208 930 1791 2379 763 2083 1851 118 567 385 2793 1221 1541 760 1449 399 1286 1337 1865 1201 2775 841 353 724 1709 1380 2156 285 582 1052 814 2065 2047 1189 1790 1510 2416 1911 1063 748 1098 1677 1625 1425 1436 2783 1892 1750 1638 1769 755 1531 233 1736 928 370 2750 1321 1872 2514 6
000882.jpg,650 2666 459 37 1605 2353 1616 2502 2268 1515 5 2355 2152 2474 865 1744 2115 2361 2691 1882 448 796 2165 1232 586 516 2734 752 850 1066 1504 1170 1272 844 244 594 84 1835 1762 2457 477 2726 98 1694 941 2404 2391 2593 1226 1173 281 167 443 924 1222 339 1891 1723 2086 2823 2448 1474 2218 1150 2572 2460 1477 1144 745 474 1976 1219 256 2325 13 323 224 276 2677 479 2136 2468 701 2623 738 509 629 122 372 781 298 1661 1344 1539 1735 2464 630 1352 488 2483
000883.jpg,1453 2376 1490 1860 201 2309 1901 2433 2713 2556 747 2826 2294 260 2272 563 1796 2207 1055 2728 1825 2088 1316 2767 1948 725 1878 1123 1056 1986 1940 1496 2076 1307 1958 559 134 1208 1649 1486 155 2721 1416 1636 2419 659 562 305 494 169 1658 2291 715 2836 1679 1782 900 1899 889 1096 1965 2815 137 100 1640 2686 2057 165 2628 1218 146 319 2741 1041 2496 1054 1777 1148 2352 1443 574 1747 2135 1051 51 2558 1840 1993 64 674 48 2439 2004 1381 1752 1623 1452 2837 323 1544
000884.jpg,1804 967 2072 2784 240 483 1161 1513 1847 1207 898 714 789 1178 1558 1166 1087 2759 2504 2579 328 2238 766 293 658 2409 572 2024 1719 2242 391 1898 1672 727 1683 2523 2422 1631 589 251 1928 2540 1353 2405 1427 1091 1597 426 1996 1093 2785 1447 1300 2787 1561 1333 1346 364 1483 1883 1230 34 1535 1451 895 777 44 1361 2320 93 1590 310 803 215 2756 2487 2434 1728 614 1343 989 2149 1559 1149 16 2277 1786 1298 540 1773 63 101 1106 1900 1229 926 2656 2381 1257 2112
000885.jpg,1019 1389 2066 1213 63 545 2113 1785 2022 1298 304 1333 2178 2546 1228 1115 393 1483 1951 2016 1561 1306 485 1447 1137 251 2136 1631 634 1244 1689 1451 1883 1427 1353 2540 1300 1087 499 1361 727 376 1175 1685 24 1749 101 291 2430 1928 2143 803 2040 2024 989 1773 1166 1207 832 2381 1434 2242 2072 426 617 954 1786 182 149 1971 1559 714 1106 1091 614 1558 1257 1394 1533 898 1847 2759 213 374 1178 8 364 2504 2149 1597 341 589 2422 1804 1334 16 1343 2409 737 328
000886.jpg,2152 1605 2502 1352 5 1515 941 985 84 1674 2355 650 2820 2457 713 850 1342 496 676 1162 2361 1272 409 1173 2165 2787 2593 1616 2474 2666 323 13 347 2726 1484 703 2734 1666 448 1203 2115 2003 2325 2081 586 509 1206 1066 844 244 106 270 443 281 37 944 2806 1501 110 339 915 1591 2831 128 2442 2056 851 75 1299 761 198 1168 1661 1902 423 2448 1802 924 1751 2761 1064 2162 1364 1891 1044 1170 1744 629 1700 2669 224 333 479 2483 2522 2497 413 1113 2062 45
000887.jpg,2024 426 1597 8 1244 24 589 213 2449 1027 2143 1487 2408 2816 2430 1671 634 2638 1719 376 658 1763 2136 727 391 981 2022 1389 1090 1166 1804 1478 1019 1333 967 184 1928 1469 1228 63 1847 2409 485 1924 1161 1140 1689 745 1513 1447 2546 1785 443 2295 2654 898 2216 1087 1474 714 1728 1175 586 2072 1898 2427 1483 1703 16 1558 1561 2351 2657 1346 832 739 397 853 2317 2508 240 1177 2535 325 393 2641 2320 205 1744 1685 1149 2403 1115 107 293 2414 2615 728 1178 2260
000888.jpg,295 2806 1730 455 430 1097 1929 159 1262 1293 326 655 2690 331 1822 580 1706 2467 1912 125 2062 2812 31 2715 1655 1240 782 999 1018 1831 1011 806 449 200 1299 1168 1026 2173 1275 504 2687 464 534 1941 2091 33 268 239 2693 1500 2164 2429 628 131 2280 1844 1974 2053 314 1281 2764 2061 1143 726 2316 53 2396 1843 780 654 1780 495 1692 1127 452 2137 1820 2059 1008 1598 1563 2311 1378 753 2565 2794 1827 2765 2301 1756 1220 858 2370 2632 139 840 467 1435 838 2689
000889.jpg,4 1146 1752 950 2389 1316 2367 1202 1411 2584 1267 747 2272 1737 140 1799 349 1868 2484 1545 1433 2755 2134 1060 1496 2147 361 1036 1152 1452 318 1622 1366 629 886 915 2593 1122 312 1686 837 1398 62 1674 862 626 1102 2556 1884 597 944 923 1408 253 2440 13 931 660 1815 1864 933 2653 2443 2671 2559 878 2790 1423 1519 1501 528 202 2502 1579 136 672 2289 2624 2373 619 2001 1305 2483 2828 1009 1654 1272 1114 2460 854 676 773 1905 1997 265 1819 231 1992 1480 380
000890.jpg,2385 888 262 1360 2717 2246 1112 17 1 1652 1520 1349 573 1630 1159 2063 403 1258 2727 958 969 1472 810 787 2271 71 2298 638 352 797 2731 2481 2541 222 1546 2619 537 1446 2710 2445 317 2175 1648 741 2781 1305 307 1939 2104 2138 665 1698 1684 991 30 2300 2466 1294 955 2223 1815 2704 961 1433 1215 1694 1242 2633 2513 273 2524 1619 551 2412 2588 913 2616 234 1291 267 1572 1814 2473 2372 698 1607 2339 2834 718 1238 1571 1942 939 1025 2213 2648 2440 2379 2226 1411
000891.jpg,1545 2486 2801 642 1622 1095 846 2100 2343 2253 2610 1799 659 600 1338 2817 817 166 1926 1624 1656 1102 2790 2255 1650 1101 1305 197 722 556 221 2509 619 1810 626 1202 1644 1407 1815 2212 1327 2375 1409 1319 950 2308 1172 2616 202 2738 2367 1122 2584 2665 1155 67 1411 2840 2789 172 866 1698 1146 987 635 79 524 2389 391 733 2538 2068 2722 85 1737 943 115 2835 1271 1075 741 550 349 2157 2078 1983 2638 1328 645 1067 611 2712 712 1386 2082 547 51 2473 2300 1278
000892.jpg,2351 2508 205 473 2366 2169 2603 2414 1177 388 107 2176 2641 397 728 1970 55 153 1633 306 1471 953 163 2535 1975 2604 701 1637 1610 1061 1556 1245 2030 358 2027 1249 2128 368 444 138 1725 2795 980 2791 778 1304 745 448 684 325 1612 1502 382 400 2573 510 2396 1787 1474 1488 1042 2711 466 2661 1764 443 827 1006 2203 517 2118 736 2326 586 432 1738 423 1919 2346 1891 2521 2103 1723 2179 1467 2570 1326 1854 1308 1205 1397 475 2620 1884 375 379 1748 2222 1918 1922
000893.jpg,2433 2713 1986 1940 1056 2294 1825 2207 2545 1055 2728 2034 2376 1490 725 1453 1223 2023 2326 736 2435 1467 494 2135 899 2558 1547 1899 165 2057 2766 1748 146 2801 2291 1606 686 1130 362 100 1944 2319 2511 137 447 325 701 2639 1452 1096 166 1841 2292 1212 642 1459 2842 2100 647 1874 2683 2717 1155 1919 85 2604 2068 23 1569 2741 692 204 2248 1474 2642 2506 1126 745 1463 1258 1939 763 747 1860 1935 1671 1134 2225 657 2738 299 2258 987 379 659 2736 982 134 149 1403
000894.jpg,1506 2404 2725 1766 2448 609 1907 744 1889 1910 2464 957 577 2067 2595 2823 2083 585 2498 752 1093 2678 1898 732 2197 344 2263 2094 1530 160 1550 1078 1826 620 2141 398 2623 214 1088 1525 2503 1596 171 387 147 34 2422 1140 2578 1199 2348 2183 1726 127 1429 2539 181 1866 2798 1602 1458 2293 216 2115 2572 1560 729 1183 2629 2428 1170 2079 2224 2760 328 624 1280 1324 1216 2238 691 244 2182 2273 1797 1802 1963 1924 2523 1337 377 342 2158 183 229 2759 2463 1025 1880 391
000895.jpg,348 26 1870 925 1045 1369 712 2454 2649 2241 2050 1869 2769 550 480 2538 663 378 735 1195 179 2130 2667 518 158 2229 2204 704 1590 242 2123 1594 549 87 57 1861 1887 2563 1580 404 280 2329 1348 421 993 590 1609 2284 282 934 1930 170 2356 2659 2161 884 960 2039 93 895 1832 857 514 2157 1406 687 2434 1959 1120 1859 83 1229 751 2418 1575 2166 1292 2672 2493 902 1375 652 228 2033 1012 493 67 1943 1772 869 1633 929 77 689 373 1136 2198 470 2121 2748
000896.jpg,2801 2486 642 1095 1622 1545 846 2253 2100 2343 2610 166 2509 1810 67 1409 202 1075 1338 1650 2255 1358 600 2738 1101 627 1799 659 619 1012 2212 1327 1994 2308 2712 817 1441 1698 249 497 2817 2616 1624 2638 391 722 2338 79 195 1586 1926 2835 2583 90 2665 645 2650 115 2004 1201 1995 307 197 1571 2789 1305 2011 2068 1597 349 1010 2538 2840 2427 64 2305 184 1679 2834 422 626 2350 1828 282 2052 1202 1964 2473 687 48 1001 712 950 1148 348 1406 2157 2092 439 2024
000897.jpg,1838 1116 1224 1714 1713 683 2180 926 1818 218 2673 617 76 1760 230 47 1180 60 1197 2542 564 2437 1712 2281 2172 1004 940 2112 19 2495 424 2700 739 824 1990 75 1434 1999 465 1103 1722 1773 2497 1786 198 1795 286 1971 1593 1867 1257 182 1304 2787 1476 832 2051 1092 1849 954 2235 2190 792 2114 149 2563 1106 499 1383 119 2202 2745 80 1693 2547 1685 39 91 1533 917 1231 983 1743 1176 1014 902 590 1914 2381 87 2021 88 2656 2638 2033 676 757 2296 44 32
000898.jpg,2499 375 531 381 2118 1884 2128 1326 980 1979 1975 684 1922 1285 2124 306 1042 432 1537 368 2014 2027 1725 425 358 444 2795 400 2169 2661 1245 2494 117 1764 827 791 907 2791 1508 473 1700 2570 1439 136 854 1817 269 809 543 1184 2103 2303 2038 1641 1902 2154 2359 2828 1423 1654 2132 1225 2598 1973 672 351 1954 2436 205 2671 2366 1080 1695 413 933 2462 1399 1548 224 2627 1198 1413 128 915 2388 1402 69 1821 781 1391 1720 629 2677 1366 250 1501 498 2314 265 1107
000899.jpg,2022 1389 1244 1333 63 2816 2066 1019 1213 1298 545 2113 1027 1785 1228 2449 304 8 2024 1487 426 2178 1631 1087 727 393 1561 2216 2016 1483 714 213 1597 898 1447 2546 2136 1090 2171 1137 1115 1703 2043 1207 2167 589 637 2810 1671 2072 1558 1288 658 2841 1763 2657 24 251 499 1685 1804 1363 335 2405 1883 1719 2274 924 2254 617 2403 2176 2422 1697 1971 2242 1257 851 1467 1451 1898 954 397 981 1224 2414 2408 1786 983 55 1773 2641 149 728 2700 2233 376 521 411 736
000900.jpg,1145 208 2587 460 2775 399 1510 823 1415 595 174 427 2636 1790 320 1210 2009 1239 1904 2507 2328 2491 2786 1621 1179 1977 868 311 1367 554 979 1065 997 1865 1566 887 875 1368 2642 2227 1717 99 2793 982 1470 2682 945 2224 1651 2488 1578 2459 2010 2045 571 176 1920 1321 1085 340 2156 819 2225 1688 808 1163 1667 1052 1098 1806 639 2431 2750 2550 2349 1808 7 2679 1495 1736 1933 763 612 2252 2655 121 1583 575 2647 2274 2452 1155 1676 73 2450 1089 1638 142 2658 2019
000901.jpg,61 346 2025 207 225 52 2821 2669 418 192 290 1481 1829 2279 2690 1780 1168 1299 245 467 840 1932 2467 217 2285 139 655 331 209 2396 1262 2794 464 726 1022 1787 2765 1706 478 580 1465 1281 2173 2244 1755 1503 1024 1127 2091 108 2142 1568 456 389 1655 927 31 2232 936 1026 2693 2715 838 326 455 805 1813 822 1039 2280 1789 241 780 1378 268 1831 159 2059 1317 2674 999 295 1781 200 239 452 138 1505 1912 2137 786 430 2164 1062 2698 1612 2687 131 324 1135
000902.jpg,2840 2538 259 188 611 1319 1983 197 1870 445 1926 2161 817 626 550 1656 2454 2817 2241 1045 1422 712 1737 1102 2769 518 26 547 440 2790 735 348 2375 925 1369 1328 1623 1840 283 1386 1752 1617 433 1202 1624 221 2515 2424 1146 2574 2649 1644 1190 1067 1934 2011 2325 663 1148 645 2084 231 2367 2050 2289 1958 4 2419 489 1663 2707 1338 168 559 1993 2837 1407 900 1704 1650 2148 1208 1437 556 134 978 1405 2544 826 987 2400 1486 2652 169 2082 1358 1679 1484 635 2610
000903.jpg,1904 2507 680 733 866 1268 997 2078 1499 500 1305 2010 337 1145 1271 173 2452 2711 1089 1621 1065 2394 984 778 1100 2786 2224 517 382 1404 979 208 1492 2775 2553 1155 554 2446 868 1970 427 1854 2747 1510 399 1588 1415 569 2227 2587 174 121 988 1132 1023 1495 142 151 320 301 193 2642 460 2090 2009 415 666 823 199 595 2636 1047 2668 1562 2055 1790 1888 429 2537 412 1890 2458 1002 1239 536 172 681 227 2098 166 2333 599 340 1837 176 916 355 523 2738 1431
000904.jpg,951 2818 2510 431 2000 1035 2478 2561 2077 70 2663 601 2772 1839 2777 2 1842 1125 18 1753 2490 1642 1460 1834 2015 1252 2667 369 1559 1390 1557 1759 2757 850 1985 1958 929 779 2315 66 2622 13 2127 282 1272 1997 1106 1195 604 469 1357 378 1905 3 1012 371 145 2739 1594 321 2701 2161 767 2321 1459 26 249 1075 2485 2493 1128 842 863 1868 470 2149 254 1191 2345 1609 2152 885 2324 1202 895 1340 640 1186 707 2355 1114 1809 373 2653 433 1869 931 2454 1192 339
000905.jpg,4 1146 1752 950 2367 2389 1202 2584 1411 1316 1267 1737 1433 349 1868 140 1545 1674 747 2593 1036 2484 1152 2272 862 312 676 318 629 1666 2502 2483 1799 611 1905 2147 1864 1192 323 2355 915 1494 1922 1751 1366 626 265 1819 944 1423 136 1122 713 404 1073 39 2485 837 1654 1452 978 584 13 84 2624 931 845 1954 1060 2494 818 1985 2652 1609 1884 2152 1997 1247 850 886 2653 2440 145 2605 941 2677 202 361 198 549 1426 351 2114 1496 933 854 2487 2134 619 907
000906.jpg,1096 2628 64 1416 439 48 574 568 1640 1569 100 1636 1658 1444 1948 1649 2439 899 2767 1041 155 1054 2352 1899 2721 51 2815 1965 715 2741 1218 2291 2135 1223 772 165 2057 305 494 1051 1381 1212 2558 1463 137 562 1544 1782 1944 1840 1860 2069 1993 1130 168 2836 1606 266 146 2506 647 2639 169 2298 826 231 1261 2683 947 1679 645 2435 2580 194 2309 563 1684 2076 2248 201 2477 1255 2011 1874 1901 1134 613 1935 2837 134 2362 2707 2088 2713 2826 260 725 2376 2650 986
000907.jpg,1849 1722 2495 1867 707 44 2021 19 1231 2260 76 824 1197 1383 230 80 926 2533 614 218 1296 1476 29 940 2190 2745 2202 424 1838 16 1818 1180 1116 683 1447 1103 1224 1714 75 2542 88 1004 2112 2172 2673 1914 119 60 1999 1713 286 2180 983 739 2277 1149 2235 2547 2281 2437 2114 832 2381 2787 2497 1434 2320 1353 564 1394 251 1304 1693 989 1300 395 1092 2540 1760 1883 1773 1728 1593 1786 2563 1795 737 1427 1265 1801 1990 2518 1176 198 1743 1073 1900 576 47 1478
000908.jpg,231 168 2584 1411 4 619 1060 1433 1710 349 2308 1993 2712 1752 197 950 1123 1788 169 2289 1799 1796 1202 562 769 1679 674 2840 1146 1701 2439 312 1544 521 1122 2076 2375 2161 563 1307 2837 1782 433 155 161 305 1878 2616 2189 1489 2721 1694 1895 906 1363 1995 2367 1636 1305 1153 2650 1737 2440 1545 1054 134 645 668 1407 1381 1649 2732 900 947 2826 1444 2486 51 715 319 1584 486 2482 1408 445 1684 2138 2389 1417 626 1624 2337 1622 2817 1486 1148 784 1328 1201 860
000909.jpg,1452 140 1868 2580 440 1422 659 1617 1623 1416 1840 1948 2837 2707 1261 2352 1218 2840 169 1051 445 518 51 715 2721 1679 1993 1640 1544 305 2011 2241 562 2439 1782 645 1944 1663 194 2836 1202 1381 2391 613 197 563 2419 550 1029 826 1096 735 1146 1658 2815 2826 2088 1752 2289 1569 559 1552 260 1328 2189 266 134 1067 168 231 1899 2767 2477 1636 100 1102 950 712 1799 2076 1549 1045 2272 146 1958 1208 2367 1437 772 2741 2766 2291 494 1486 947 2650 155 2817 2135 1624
000910.jpg,2090 569 1588 1132 536 193 121 988 1553 1430 1431 2117 2333 1065 1699 144 36 142 1492 1888 429 2078 1621 866 680 555 1562 2029 2658 1890 1089 733 2668 1033 2743 1256 868 289 1271 1393 554 332 2786 1404 1100 151 1268 1886 1085 500 916 2452 513 453 517 1854 2394 2416 567 1155 571 2773 666 2274 2793 443 2723 427 1370 2163 1321 979 301 1145 813 460 156 99 2010 164 1790 415 2227 1793 1241 2108 816 2577 2711 2537 355 2655 7 1742 227 320 1921 745 1285 325
000911.jpg,2765 1475 1662 653 525 1741 113 2674 1774 2429 1875 2099 1024 478 2232 2119 840 467 1039 2142 1048 1568 245 1062 1829 972 1465 2316 1281 456 822 1274 389 2091 2244 2236 108 1932 726 927 1967 129 2311 799 2531 501 2164 1813 241 2715 806 139 786 1755 1503 587 31 780 324 1789 805 131 2279 534 464 1923 89 2632 788 354 580 1917 758 2742 330 2634 2059 1026 936 1500 484 847 452 1127 2137 390 1481 239 1780 2687 2173 92 2698 1505 326 1050 1008 2794 209 999
000912.jpg,2385 17 888 1 1360 1112 573 2246 2063 1159 1520 1652 403 262 2717 1258 1349 1630 2727 797 2731 2298 2541 1472 969 958 2175 2710 787 71 638 352 2271 1546 2445 810 2781 1648 2300 307 2412 1291 222 537 2481 1684 991 267 317 1238 1698 2104 1446 2466 2138 2588 2223 2704 273 2473 2619 1815 2633 741 2834 961 30 1433 1242 1657 2339 2524 1814 2213 913 1305 1619 1939 1572 2513 234 1571 1925 891 1615 2455 2635 1187 939 349 195 1660 2607 2379 2716 1009 1982 1156 1942 2406
000913.jpg,414 734 2283 1827 1896 1376 2778 968 175 2144 313 972 553 507 2770 2552 523 532 2250 2177 2500 705 2534 68 2181 1215 930 1746 120 1025 2199 771 2527 2191 533 449 1769 2774 238 1461 1974 162 928 2028 671 670 2065 27 2689 1708 2594 1873 1528 1563 1657 2764 2576 1111 877 1200 1886 2812 235 2681 552 2819 1099 2108 2557 2078 505 200 961 2074 2265 2716 2052 220 1239 1566 427 2370 1367 142 813 2814 2007 963 73 911 1314 180 1211 2322 616 1046 1256 261 1370 1164
000914.jpg,2029 1393 2743 1033 1890 555 429 142 2668 1562 332 554 868 340 979 2227 176 2786 1888 1492 1256 427 320 1495 1065 1699 2458 1430 460 289 1510 2775 99 1553 399 2224 208 2587 1002 174 2773 1415 73 1145 2415 966 802 2217 2078 2090 1588 2568 1886 595 1132 417 569 1790 121 681 1793 901 571 823 1710 2384 21 2009 710 36 1872 2636 597 1431 2553 437 886 1686 1241 62 54 536 2074 2108 2577 577 78 2117 2423 2333 292 193 164 1750 1398 156 2369 302 1784 733
000915.jpg,2595 1910 1826 147 2094 1078 160 127 2067 1530 2083 1550 585 897 1324 344 2037 342 1892 1445 1771 1677 1963 630 2404 2293 551 577 2625 1279 2550 2002 1140 1201 2657 1998 571 1487 2333 924 1939 1804 1791 1129 391 2513 1514 1907 1898 2567 1278 665 2216 1258 1098 2353 516 2776 2619 1389 1924 1694 1321 1059 624 2156 537 1244 1719 1671 8 1215 761 2079 1621 1104 1044 1735 2180 1294 222 2371 2072 30 1763 1249 2604 16 744 255 1507 17 1757 671 2226 428 1858 745 2481 116
000916.jpg,2572 2514 2776 667 428 196 1863 2729 2158 2421 2387 1509 2371 820 669 2266 1646 641 1589 476 1088 1696 2623 2263 1188 828 1373 1380 2468 1735 2220 1084 2643 226 2783 377 759 1371 1227 2771 1541 956 2475 1038 1702 222 1525 1189 863 2526 1170 1862 1931 1450 2463 2378 1322 551 1477 2578 1093 370 1953 1657 2184 2032 442 2210 2183 986 995 991 1911 2047 2740 407 1949 2520 2109 1807 2410 1025 477 334 353 98 1866 909 2678 2639 2683 624 181 1824 1280 244 905 1602 776 2474
000917.jpg,2548 2740 1375 2643 2526 1931 956 2220 759 1059 1696 2783 2468 407 476 669 1735 1953 1702 196 1227 687 1188 540 798 1602 203 1088 1524 1629 1093 2109 1084 2348 214 2536 428 1278 1558 1260 226 154 2121 1866 342 2749 2350 1001 1803 2170 1947 2444 965 2776 1643 1675 1811 1421 2514 2572 1758 1365 2475 585 181 1525 2371 1167 1359 2585 1330 1963 1797 1280 1509 986 2583 882 1199 2089 667 1355 1820 255 620 1373 2751 1171 1898 22 2266 1380 723 2405 624 1147 57 807 522 1596
000918.jpg,1549 2797 2391 2001 28 796 2228 264 386 2517 299 1680 2460 2185 2363 2844 2389 2484 1122 1586 372 992 2139 238 1118 2691 224 1501 497 413 2833 2092 915 128 1366 944 1868 1284 143 557 136 1480 140 1456 1661 1440 1202 629 2529 2455 2400 1817 2677 1344 2367 276 1902 2599 1335 1143 2598 2483 2044 657 772 854 1416 281 879 2325 1700 2501 711 2046 2502 2011 1674 2411 1009 837 488 1711 2528 1666 1982 1684 1782 2650 479 1816 1948 169 1297 51 1096 718 645 1605 2193 1223
000919.jpg,197 2375 2840 1202 1102 2817 2161 2790 1656 433 221 1146 2538 2289 2367 1752 1624 168 231 817 1422 950 1799 1407 1644 2389 1926 445 626 4 2241 550 1840 518 712 2484 1045 1710 440 1870 259 635 1267 943 2312 1617 1067 1369 2454 1737 1319 925 348 1338 188 1328 1623 1983 611 735 1545 2769 26 1993 2439 2082 1544 1663 2837 663 134 2836 659 169 283 1679 1381 1782 1452 1704 2707 645 1658 1444 1552 2270 2649 51 1468 1172 900 2419 2011 1405 559 947 826 1486 1600 1208
000920.jpg,2584 1411 349 4 1433 312 1146 1752 668 2440 1122 1408 619 1815 1302 1737 950 1545 2389 1060 1694 1153 1202 2455 2138 1305 2367 2445 2789 2704 2616 939 1799 1684 2308 1123 2712 2439 521 1544 1993 1942 1338 2832 231 626 271 1622 978 2631 1267 2032 169 1201 2484 1934 1679 645 1156 563 2189 445 900 611 741 650 2391 1358 134 2840 562 305 1255 1663 90 556 2133 2076 1009 1102 2837 1148 987 1796 155 2501 12 1649 613 863 1600 486 67 477 2011 1762 2721 2652 969 2817
000921.jpg,2600 2026 566 1705 2085 942 1681 487 512 1320 770 1211 2543 2262 1770 852 2723 114 1479 1682 1718 1816 164 2045 156 1980 2685 2755 1978 1241 2423 515 694 1480 1366 2373 9 2618 2559 2134 1398 528 1750 186 361 1528 2097 1209 360 492 2093 1548 579 292 78 25 302 1579 1264 1154 893 1285 543 62 672 2108 199 1906 878 2315 1599 417 681 2392 1686 597 381 886 2363 2304 2357 2443 660 854 269 557 1387 2460 2828 2379 1784 1519 69 1585 2577 2074 2622 2132 1053 2384
000922.jpg,1944 2741 1569 2135 100 899 1899 1212 137 165 2558 494 2057 1606 2291 1130 146 2506 1463 2580 647 2639 2435 2683 574 1640 1935 2248 2766 1646 1134 2842 1223 1874 2511 1547 246 204 725 2813 686 2068 2825 659 48 447 1096 1416 1055 2305 79 2728 51 715 2721 2207 64 1825 2628 1452 1940 1038 2421 439 305 948 2292 1986 692 2713 2294 329 2309 804 1901 562 1126 2650 1948 169 1051 1860 362 2815 1261 2352 140 2736 260 1490 2088 1782 2433 2376 1185 1841 1679 1658 2439 1422
000923.jpg,1083 6 689 493 582 1204 546 2582 2168 661 1930 548 2261 2278 285 2807 42 1365 2194 1318 636 1221 1856 1536 1421 2571 1792 592 1960 40 1347 2374 1882 2838 1064 472 2522 1665 133 2004 2659 2581 2125 2111 2039 2418 1193 2209 2198 150 57 1071 2050 2441 2356 1887 857 45 228 407 247 1358 1758 482 1861 2123 1947 663 2056 2386 746 934 2831 1580 2827 280 2649 1232 851 2694 134 2783 724 1348 366 421 762 2248 874 756 1824 2513 2548 1575 925 348 1229 562 480 305
000924.jpg,1028 2234 1690 2752 2360 2159 2020 2211 1745 1459 2621 321 2551 632 14 66 2604 765 2701 1403 1748 960 1014 469 779 2426 2345 2563 2129 2336 751 2804 1809 2297 2347 2630 1372 359 736 371 1832 87 1467 590 2651 32 2326 2284 2329 2157 1192 818 55 929 153 902 2033 2204 917 2018 2485 145 728 1626 1997 107 2146 2641 764 1990 2240 379 719 1169 2637 1594 2176 1382 2106 282 2447 2525 1259 404 397 2368 2700 187 1985 2605 2805 2684 1177 1195 2780 1919 2414 693 357 1410
000925.jpg,1818 1197 1760 1180 926 2673 2542 617 1004 1838 2112 1712 76 2180 940 60 564 683 1116 1224 1714 1434 218 1713 230 2172 1786 19 47 1795 2281 424 1773 1971 1257 1999 182 2437 2495 1103 75 824 2114 2700 954 1106 149 739 832 1685 1801 2381 1990 2656 395 198 1722 2497 2787 465 286 1867 1693 2644 989 614 2149 2051 499 529 1304 1533 581 1559 2277 1073 1476 1092 2323 1334 1593 2547 374 658 119 101 1798 1361 803 1849 2190 983 757 1785 2540 1743 1231 1383 1346 1451
000926.jpg,2782 852 2262 1554 1370 2085 512 1211 2026 1705 942 566 2600 1718 1681 2543 186 487 1528 1770 2134 2723 1707 770 114 1320 1978 1614 2373 2257 1331 1673 2423 2045 2696 164 54 2755 710 709 50 1893 2097 156 1906 2093 2219 1025 360 1479 1816 1682 1385 1031 1209 1779 1414 2369 1007 2763 2778 2618 2559 813 579 528 199 355 1105 1848 1119 1241 492 2098 911 1769 2304 1396 1366 1871 878 415 2685 25 2357 1992 1980 2480 2392 173 515 681 591 773 622 2646 966 2660 1325 2568
000927.jpg,2252 2349 567 2682 1583 1791 1470 1651 887 311 1578 2488 945 639 1920 2459 2647 1368 1566 1667 1210 808 2416 998 118 2328 819 2792 1367 1179 1977 2491 2065 982 2843 2658 1239 875 2225 595 2793 763 2098 2778 1063 1531 1396 1105 2310 1769 355 1047 952 36 1354 919 2097 151 1865 1370 841 1271 337 748 2045 2809 523 2249 1906 1729 2156 579 2042 823 2431 1154 984 975 1909 1648 2274 2452 492 2406 2723 2500 1023 760 1473 813 460 1854 114 513 2304 1936 1677 2032 208 1455
000928.jpg,1060 2002 551 147 342 12 1407 2662 2625 1771 1677 1998 1324 1892 943 1129 2082 2037 635 2487 1445 116 2041 1624 221 472 1172 1826 97 2312 2270 2375 897 1468 2013 2187 626 2717 1589 1564 2205 2692 1988 1405 716 2300 30 71 1698 1278 978 2131 2790 2735 2208 345 1181 1101 1812 798 2675 912 904 524 2732 463 1587 352 1270 638 1112 2595 2372 787 403 793 2223 197 1913 2817 2231 85 1942 2006 237 1102 41 2100 1625 2801 1963 1796 1258 642 651 2481 616 591 1473 1094
