imageName,Corresponding Indexes
000001.jpg,1371 2152 2502 1113 2263 1525 214 2141 2623 2572 1280 2841 1661 1605 106 2348 327 1602 1139 1032 1865 2567 1171 2751 1866 851 629 96 1927 1953 1632 2109 189 2678 1214 22 2060 941 894 2554 2153 1084 419 84 1144 609 1659 924 621 2401 38 420 1960 1397 1738 2768 957 2522 1251 1064 1488 1364 940 2831 183 2056 1283 171 2705 744 474 1288 2726 481 1685 1004 510 2203 1343 1203 2521 45 2303 2612 198 2421 2112 954 1108 2162 844 244 2404 2216 2115 1434 40 270 1766 149
000002.jpg,85 1102 1656 2790 312 1934 2832 2501 2817 943 1926 2044 987 817 1624 221 2411 188 2528 2300 1644 1407 1405 635 1319 2270 556 2082 1386 611 2034 1146 2545 547 2389 1796 480 1870 4 1737 2397 1545 2289 2574 2649 1752 2424 1190 1202 2312 2084 259 518 1029 550 2826 463 260 197 1417 626 925 59 2367 2631 489 2454 348 1630 712 2375 563 445 1369 769 26 1253 2439 179 559 2840 134 1360 1895 2652 1658 1112 665 345 1045 2148 904 1552 638 2544 787 433 2769 2050 663
000003.jpg,410 811 1079 112 248 434 1133 843 648 2746 2549 544 1005 365 1783 605 186 1516 538 730 709 2290 2219 2730 1894 338 435 1424 1634 1110 717 1573 1454 1311 2364 1243 1670 94 610 253 1707 2341 1131 2788 2151 1309 1040 1546 937 1794 1969 1581 2830 1731 742 1871 1466 1020 1379 1966 1007 2560 2516 257 1511 1325 870 1138 1800 1968 881 2609 1526 593 2613 1779 1385 288 2145 2095 1992 2299 2102 664 336 2680 2302 1645 406 2763 519 535 2653 1442 2780 1946 2843 1259 1747 2417
000004.jpg,2809 12 1473 1721 1876 1330 255 2657 608 67 217 1677 2445 627 682 2435 994 2438 1390 1185 508 274 2037 864 526 2440 2427 637 140 494 1874 368 1777 1408 1055 1725 271 491 1165 1942 1052 1892 1516 2286 2093 444 2813 2057 1868 1771 2499 2660 2598 1998 1592 1439 202 631 2526 2617 2308 146 2569 598 869 1406 1223 677 1909 1639 1944 1613 910 2625 1864 137 2110 2583 2302 2708 1931 2704 899 2685 2712 2561 1464 2757 709 521 2089 186 1433 2728 531 1969 2382 1511 135 1463
000005.jpg,2422 2523 34 1178 1224 1116 1714 1838 1713 2180 1228 47 683 1161 1847 1990 1773 1785 1513 676 2129 499 1795 2700 832 1093 2785 617 777 1996 2202 407 1914 2190 1672 2745 1091 576 465 1836 1898 2437 983 581 1856 2111 1476 1561 88 2242 2493 1176 1535 2441 2114 695 1683 2249 2827 2238 132 1346 2317 95 230 824 2547 1300 483 766 761 328 1449 310 2000 1971 1693 2542 1213 341 2066 1786 1743 596 16 2579 1727 1115 1801 2555 789 1749 1357 926 834 2504 1257 949 1631 1593
000006.jpg,2034 1656 2817 1624 2528 2411 2790 2545 1644 817 1934 1102 1926 1407 2044 1796 2501 2832 312 188 85 943 987 221 2300 48 1319 1569 100 155 1405 2721 715 439 64 635 305 1640 611 51 562 201 2826 2082 925 2270 480 59 2309 260 2713 1870 2649 1584 348 659 556 2650 550 1901 1369 26 1630 1545 626 2389 1453 1146 563 1737 2616 1386 2433 1417 712 1658 1860 1782 2312 2454 2185 2289 4 197 1490 2439 2455 1360 1045 179 892 1422 1381 1411 1468 547 904 787 1202 168
000007.jpg,277 767 1938 1443 1833 889 2686 1747 2496 2532 211 369 2510 1460 431 2315 1989 1980 2702 2818 951 1834 1418 2015 1252 2685 1277 2497 1342 713 1065 70 1322 1074 2463 1686 2478 2777 1272 2384 2668 13 2058 2571 886 2245 1064 2522 75 617 2636 341 1908 738 1605 1035 1711 1263 940 1371 36 488 20 2335 1047 1203 45 2009 2077 2249 1004 597 1206 1557 2108 1793 2401 500 1412 1749 198 1343 1562 2410 903 1232 2154 417 1423 824 2483 95 2784 997 2056 1593 1176 39 1561 629
000008.jpg,1845 2624 126 2601 2471 578 848 1908 1830 702 1323 103 1235 2276 688 297 931 990 502 1767 1186 1114 1413 1391 284 2314 1608 835 768 1107 1340 250 1720 1821 903 2388 684 1975 65 1254 1310 1512 1916 1559 2346 1106 2478 1605 2656 1397 2772 475 767 2077 2777 803 581 2768 2841 745 522 420 1139 1125 325 2787 2706 1839 2000 1232 1434 1298 658 2109 1953 988 1683 1753 304 1207 954 2113 2036 1570 1080 2152 737 1801 1230 1671 1723 2178 1175 341 1213 461 1451 1693 783 2502
000009.jpg,1659 2303 117 327 275 1205 1084 1198 2791 2030 2573 23 1184 2263 2623 2572 1280 1525 1979 2494 1371 1080 1400 2203 1687 1502 2179 2678 1738 1922 690 1488 510 2521 2222 38 2768 594 420 2677 2128 1397 1602 1537 2620 2348 148 796 205 2132 851 1726 20 214 281 2162 1960 1744 1425 2726 2115 907 1113 953 1199 40 1605 298 1591 629 1641 167 1616 1661 1139 244 425 454 474 1866 1696 1144 2014 498 592 1471 2124 2109 163 396 924 466 2421 2152 39 609 1038 2706 106 1727
000010.jpg,1430 2267 1236 2380 1553 1886 1256 1699 2217 2117 36 1431 427 569 1793 680 121 2415 901 193 536 500 733 743 2568 988 1499 2423 340 332 866 2227 2668 2090 1272 979 1132 1588 2421 2387 1562 2786 1492 142 1038 176 2078 1597 1449 2210 1890 24 2143 1754 634 2384 21 554 1888 2108 289 1628 426 1616 2671 2115 2333 2451 2469 1041 292 417 1910 2430 429 2638 2024 380 1398 802 13 568 2520 868 2743 199 1033 954 437 1233 73 1535 2224 853 1053 609 2029 555 878 1686
000011.jpg,2091 239 2794 1781 2164 1127 1274 653 1472 290 2280 2173 2017 2693 1024 27 2765 2232 2531 1011 1780 1961 1303 1843 799 838 1475 209 2285 495 1021 1124 314 2236 1896 33 1140 643 390 268 2053 216 1635 1568 1941 726 131 408 1050 1875 1376 113 561 1967 1356 1282 1647 331 2343 2059 1339 139 2061 356 2028 49 449 1395 1317 1037 1755 2099 999 2812 2316 200 1715 1240 805 2773 1503 1924 296 1756 1972 734 1187 532 525 618 2610 1435 1262 478 2505 2465 430 806 1662 464
000012.jpg,2823 1669 1104 629 897 752 1194 2645 1144 1098 2156 2550 2508 2604 2414 2432 728 2161 1321 55 474 1621 1879 1177 499 1200 909 540 2176 1736 2260 2493 409 1785 907 1865 397 836 1838 683 217 2071 2180 2450 1654 985 2677 2793 2296 834 1719 1180 2572 1224 1420 2201 1507 384 2342 1709 230 560 831 327 755 2129 1206 308 2641 2214 213 2750 1222 1487 853 107 1066 2281 558 2288 612 1116 1052 416 1225 738 272 123 2351 128 442 1949 2324 2555 255 15 955 1933 1330 1957
000013.jpg,1298 1434 1343 1019 182 2112 940 1004 2737 1760 149 954 1712 1685 1333 1103 1999 2022 949 63 783 2542 75 198 2497 1304 2016 60 1749 1727 2555 376 1483 310 2827 1197 1447 1469 834 2058 1277 2441 1561 617 2656 2566 2149 1693 1269 1593 2202 1867 16 1064 596 1722 2522 1856 2390 1529 1535 232 520 1836 2744 1733 95 2111 424 45 19 761 832 2056 2745 1995 2615 1914 2190 1661 1087 1849 44 1176 1203 1448 2217 397 2224 2176 983 1342 2521 979 499 1672 2571 1418 728 2401
000014.jpg,1141 2070 1506 383 2025 2669 192 1780 1781 2794 654 225 209 139 2280 838 2173 27 61 1127 2164 1787 2232 239 2396 525 245 2091 1356 207 1472 408 1274 1282 356 1505 2311 216 49 653 1435 296 1961 1140 1248 1598 2017 625 679 2470 2693 858 2565 1216 113 449 290 1924 2053 1124 1011 418 2531 1475 252 1635 2343 1967 390 33 455 52 1715 1662 618 1438 1024 1262 1568 471 1941 200 2316 2765 1037 314 1050 2429 220 1021 1647 331 1481 1829 999 1875 2062 806 1299 1168
000015.jpg,835 1254 903 1310 1107 1340 684 1512 65 1608 284 1908 2388 2276 250 1975 1720 502 768 1821 990 2601 2471 2579 702 297 1235 2258 1458 1013 1620 581 2230 1907 398 931 1315 2079 777 1791 2160 578 1336 830 603 2759 1845 1830 328 2275 2624 2386 951 1114 2818 300 407 1413 335 2422 1194 1147 1898 1093 1732 2087 309 2612 1996 861 2702 1318 240 1186 1767 1104 442 997 2315 2571 2116 341 1841 205 576 2510 789 1400 126 1217 1834 1091 1669 2238 824 2166 374 1323 1450 2114
000016.jpg,2229 746 704 294 1575 2456 1664 1724 857 421 77 1792 57 1234 1930 756 2590 1665 2327 2418 210 1861 2039 1350 2332 801 570 689 1457 280 228 1776 2004 720 1580 2461 885 1358 1887 1758 2123 2659 2356 1034 263 1392 2125 656 1551 1877 1859 706 793 548 2174 1043 1375 1229 493 2739 1276 1072 1191 1542 797 2321 2374 2186 2838 2330 366 2581 2672 1947 976 1765 1279 859 2184 133 422 242 2694 1193 2206 583 588 1196 2513 158 287 2541 1086 2548 663 925 26 2454 798 1345
000017.jpg,2725 2464 609 1766 1889 2404 957 5 509 2457 844 2448 1515 744 1696 2115 244 1426 466 1616 2128 815 1987 1754 375 2109 2124 1326 1061 498 2751 1637 163 1556 425 1171 2421 306 1214 388 214 22 1038 2351 2348 1602 473 2014 2726 2366 1661 1605 510 941 2521 1477 84 2508 1738 1866 2567 1880 19 690 420 1945 520 1139 644 2179 1488 2056 119 2227 1397 1722 2354 80 2162 1537 2566 1064 979 1960 468 229 1891 2572 1610 2522 1529 424 1269 1296 2141 2502 1858 1744 536 2408
000018.jpg,2250 238 1563 28 505 2181 523 2552 587 2500 175 313 1827 2716 2119 2283 2527 1335 2681 972 503 705 2689 1741 633 734 2370 152 458 849 2534 1746 1896 2819 711 92 2365 2322 726 354 847 1532 999 2479 1680 772 1339 2674 2144 504 331 1704 655 81 2236 2099 2191 484 2193 430 2059 2557 330 2429 1475 268 2052 2693 478 2301 534 1708 1275 1852 2407 1472 1730 2470 806 1662 2592 1111 53 120 2806 1929 1438 2687 671 2742 1715 1376 1117 602 390 68 1967 1635 1503 1873
000019.jpg,1752 1146 1636 2556 2367 1316 950 1965 1496 518 2815 2069 2628 2241 59 1840 1202 2389 1799 2082 2272 1545 4 1658 2439 1051 626 1737 2270 1386 1045 965 1381 194 826 613 2300 188 2631 312 2832 712 2501 1102 1544 440 1218 85 978 2477 1934 231 987 283 266 547 563 221 2352 1148 2836 2826 1428 1775 1405 943 663 2044 1437 1656 1362 497 197 259 900 1046 559 1422 992 1848 2397 2790 1123 1782 480 1948 168 1586 1319 556 1901 179 2376 2007 1624 2312 904 735 1468 970
000020.jpg,352 1539 2797 557 2138 2844 879 891 2473 2460 2175 2833 2269 2139 1349 299 90 1366 2371 1242 1480 2092 1816 2403 2226 1619 1925 428 2363 1982 264 2607 1549 2709 2576 1660 1520 160 741 2455 1862 1078 2633 2484 2094 307 147 1863 1 273 1238 2710 349 1540 667 1530 837 2524 1291 2776 1571 2595 1698 2340 2100 2738 969 267 1803 2811 17 892 2727 2614 2758 195 1009 1622 1060 1341 1618 846 1159 1607 1069 2431 2158 127 166 1934 600 472 403 1421 1735 1811 1815 2223 262 642
000021.jpg,540 1093 2242 407 1561 2441 617 1856 1346 2827 2111 1535 310 1914 2238 2785 766 783 1996 949 777 1631 1091 1898 983 2202 1343 2745 2737 1683 2190 940 291 328 2542 2112 1087 1693 95 2114 2413 1448 832 1176 2615 558 581 853 1298 182 1434 898 1004 695 88 1476 149 2295 1593 132 596 2656 1103 1019 1558 230 24 2016 63 576 135 1785 1760 2072 1999 1713 979 1749 634 1945 2504 2143 2493 499 520 1597 232 2149 1714 1197 954 1689 1928 2227 1207 1685 2422 1116 1033 1166
000022.jpg,2281 230 2288 1180 564 1818 2495 39 926 1357 1996 76 1786 1106 777 1091 751 2224 1257 2785 1559 2114 1538 2000 1971 989 2324 2699 2489 1846 834 1836 2132 1593 55 343 397 2058 1528 2555 728 206 1727 2791 1856 1194 1476 2073 1714 2493 1751 2239 2176 2027 1986 2294 1749 1841 2390 940 1914 2445 1434 2737 2111 2303 807 2554 2734 1057 2744 327 2221 1347 2278 657 362 541 683 1433 2629 744 2428 2603 1979 2573 394 1535 592 1523 2453 1260 1483 1633 1529 2704 1844 1632 1950 1713
000023.jpg,2362 2512 1504 2218 222 850 1436 2691 1305 1933 1790 1911 935 836 2096 2355 2071 1628 2645 73 2750 2587 1321 1098 477 208 399 2055 401 437 2156 2074 2163 1510 1599 755 380 461 981 453 595 897 1145 2450 1638 1233 1976 2469 1736 141 2342 1717 2432 1806 760 1709 2201 823 1023 2420 2126 731 1052 1267 2655 99 2161 1872 2098 1047 1682 177 612 2679 2122 2747 320 1559 174 2463 1387 2829 272 1106 816 15 2777 1085 831 1957 1903 896 2214 2421 384 2772 560 783 1163 1263
000024.jpg,1146 1752 2389 59 1545 4 1202 2367 518 2082 1799 626 1737 2270 1386 312 188 950 2832 987 2556 826 85 1405 1934 2501 2300 556 2477 1102 943 635 1316 547 1656 221 611 2790 283 1926 2631 1319 2044 613 2069 1636 1624 1407 266 480 2312 2528 1644 2397 1468 1840 904 2411 2817 2148 817 978 925 348 2419 260 440 1870 2424 977 2826 970 317 1437 2289 900 524 1417 197 179 2649 1172 2454 2574 559 550 1428 2714 2439 2628 769 1496 2588 1148 2652 1045 2241 663 712 2375
000025.jpg,757 1231 1728 754 1533 2756 2021 2320 2533 1149 29 2673 2172 286 218 293 2224 2024 2638 739 213 1597 24 707 426 1804 967 119 1296 2143 251 536 1927 304 419 2178 1383 2828 2472 1478 2430 2295 1689 672 545 1394 2078 1883 2060 96 364 16 80 135 558 1719 1984 1265 1588 2404 163 2787 1637 1632 634 189 1312 2413 2464 2567 1562 1766 1353 2153 498 1593 1890 988 962 1035 1061 121 1132 2217 1032 1374 609 425 933 1888 894 289 1801 1492 1889 388 76 1987 815 761
000026.jpg,346 2821 2467 2690 52 402 1481 418 471 786 1438 936 363 207 1662 478 806 1465 2244 534 2429 2407 780 758 2505 2465 484 108 1220 1378 1273 1008 2059 2398 2301 290 61 389 2687 753 1918 1022 2025 53 1730 225 628 2669 452 192 655 331 2470 1026 840 999 1275 1787 2806 1929 1692 467 643 654 2062 1048 1822 2634 2611 2698 726 430 241 1097 2236 1780 1831 295 1143 138 1293 2061 2285 326 1303 782 464 1039 2632 1568 580 1475 1503 31 1921 268 2142 2794 2557 89
000027.jpg,2580 1452 686 140 2598 2436 1868 804 329 1076 1464 1777 2248 2813 2286 2382 1185 1944 2294 1639 79 2728 146 948 1067 1874 657 2393 67 682 12 2665 1055 491 2708 899 204 137 2068 1592 2719 2569 2319 2842 2558 2825 447 2583 1606 677 725 425 1212 722 627 1810 1134 2438 2057 2766 1937 246 2135 2509 2657 1223 394 494 165 692 2292 2741 2736 1899 2021 2282 2320 2506 2207 2704 2000 482 2624 1199 249 202 574 1908 2379 1547 974 1463 1075 2511 1126 1192 754 2124 1406 541
000028.jpg,196 353 776 98 2474 1625 869 585 1643 1819 233 2361 1963 1864 2067 2256 2462 2353 701 1042 910 2081 2103 2334 276 781 809 1402 1344 2101 2027 1583 2264 69 639 790 2792 118 919 282 1667 952 998 1354 2157 2582 2711 1246 1920 871 1579 1970 2336 1751 825 2647 1791 206 9 381 2065 2252 2436 1179 1204 2491 2319 423 1578 114 1770 1772 343 303 841 66 1574 1806 945 1396 574 1565 2719 796 778 1681 791 247 2598 1387 539 2438 517 450 2723 2328 2434 2168 1031 355
000029.jpg,1929 1275 2806 295 1730 2687 2301 2407 1008 331 484 655 999 1026 268 108 726 2236 2059 2429 1831 1655 452 430 131 467 1662 1220 1789 534 1022 1378 927 1706 753 806 2285 628 464 2062 1912 53 2634 2470 840 1475 2398 2698 1438 1875 1273 780 1503 2715 478 471 2244 418 758 31 1097 241 1293 389 1822 1465 495 2693 1143 363 33 326 580 1039 1297 643 159 1011 1124 2765 290 1843 2142 1481 200 2773 314 782 1941 1472 786 1037 391 2053 1635 2505 2465 1715 390 2611
000030.jpg,1177 2414 2604 2641 2176 55 397 728 1104 1669 107 1194 1507 2550 2019 575 1691 2754 2326 834 831 736 1957 409 896 272 384 1203 2214 560 15 1482 198 940 1529 584 1004 2360 2390 1523 1420 1467 1222 187 2112 985 1434 2744 738 1450 1712 479 2737 993 761 149 979 2566 1836 1690 2159 327 2726 1733 2154 2234 1304 1727 1028 1749 1760 2555 713 2695 2497 75 954 845 680 182 1225 373 400 2080 19 1999 1641 1144 1867 2107 2227 1919 1685 907 2401 1343 1371 2463 1722 1423
000031.jpg,2809 1473 1876 12 1721 608 2110 274 526 864 994 664 1677 2438 2499 368 1725 1942 1892 271 1771 1868 2435 2146 2440 444 2284 1056 282 2051 2622 2037 1592 140 2286 2625 1931 522 1899 764 1639 677 1777 1408 1289 2813 2018 494 939 508 2526 2569 146 682 2008 2393 1439 1555 1433 2667 1185 574 315 719 2220 1937 58 1390 1055 359 531 598 502 929 1864 2708 804 948 2704 2683 1874 990 1493 2551 2382 1464 2334 329 2639 2057 2485 1579 2291 790 1511 2081 2248 2487 1128 491
000032.jpg,428 2269 2371 299 2139 2833 2092 2576 1982 1549 264 2844 667 2776 1814 2484 2455 1122 837 1009 741 1589 1735 2189 1815 1925 2063 2797 307 2731 2727 1159 1520 1 403 90 2460 1619 352 557 879 1863 1338 226 2473 2399 1025 2412 891 234 1539 317 1622 2100 349 1291 2138 1366 600 2403 1238 2486 1698 195 913 2213 2631 2709 17 1824 846 2273 1349 573 1071 2158 1540 551 2468 1572 2255 1816 1862 2717 160 267 342 642 2340 685 1421 1618 2801 2372 1480 2223 203 262 2811 2226
000033.jpg,239 2091 2794 2164 2280 2173 27 1781 525 209 2232 838 139 1127 245 654 2311 1505 1472 216 1248 408 1435 113 1282 1274 1780 49 1356 356 625 1598 383 296 679 858 1506 2693 2025 2396 653 2565 1787 1961 2669 2017 225 1124 252 2053 2137 449 1216 1568 1140 1475 1037 1011 2531 1024 2070 1967 61 192 1924 1635 1187 390 822 799 207 1715 314 455 1647 2236 1141 1050 1262 1755 1662 2765 290 643 782 999 1843 2406 2059 331 1018 2429 495 721 1648 2062 2061 2470 33 1972
000034.jpg,1113 2141 2502 2152 621 1371 183 1364 1251 45 2401 2056 2522 171 270 1768 2048 1064 1283 2761 2182 1525 2612 2263 236 1108 2760 2705 2841 2608 2831 941 1288 629 959 1703 2216 84 1365 2572 1363 214 1280 1605 2623 42 565 506 1286 851 1844 1139 1560 986 327 2720 744 1661 333 106 1536 2677 2442 2348 1865 1953 2807 1144 1987 2562 198 940 644 909 2116 2571 2497 2503 229 75 1596 1004 636 1602 783 1032 2688 1960 2278 1866 474 609 398 905 1458 1318 957 1880 2425 713
000035.jpg,2707 2011 645 1444 1679 1054 2837 1623 1649 1328 169 947 1663 2767 1617 735 1544 1782 2050 440 1993 445 2836 2840 1381 1261 2130 1045 712 1029 2439 1840 965 1658 2241 1253 1422 51 1552 1218 2628 134 2287 319 2735 463 179 1307 1775 1948 197 1710 1416 2352 674 2046 1489 1437 489 1860 2649 992 860 1208 2454 900 155 2084 2650 1369 1445 1870 30 1640 1586 2076 1123 194 550 2312 769 497 348 2769 1417 26 1486 906 305 259 1468 1897 562 2133 606 1788 1051 2397 2631 1362
000036.jpg,629 2677 1949 941 1144 1865 1960 84 851 1371 1661 40 2572 2152 327 281 474 2421 592 2161 1113 1723 1987 882 1659 1525 2502 2210 244 214 1283 1616 1038 609 270 23 2571 2263 2115 1108 2162 1605 640 106 1757 37 2494 909 1602 745 481 815 594 1064 96 1766 123 2627 1738 940 690 2348 2678 1891 744 117 2056 2726 1744 1927 1080 1272 2203 325 1184 1754 2623 275 2404 2216 1041 45 986 894 13 482 2224 2705 1632 1768 1488 2671 2522 1032 2141 1336 1880 1637 2109 1502
000037.jpg,574 2291 2057 2683 2639 494 1223 647 1931 2526 1874 2220 939 2704 482 1439 2183 1433 2089 255 2435 146 2445 2051 2427 1899 217 1330 2657 1944 637 657 2308 2712 677 2569 521 2708 682 1592 619 2617 1185 2438 491 1757 2813 1777 1055 1868 1998 329 1365 2719 1937 598 2728 1949 1892 986 2248 1088 1725 368 1771 140 1477 790 2286 531 1798 2499 962 2037 974 2506 2382 686 2393 2000 804 2294 1639 1677 725 529 364 249 1987 1754 1038 1012 1464 2625 948 2436 2598 1255 2421 815
000038.jpg,197 2375 433 2439 463 2289 1417 1710 1489 1701 2840 860 1045 712 1788 1993 2628 1658 26 2769 348 550 2454 179 1870 1437 2836 2130 2050 1369 1782 769 2241 900 1663 1544 1422 925 480 2649 1895 735 1253 1218 659 1840 2397 1381 2650 1486 559 1319 2082 2419 489 2826 188 134 440 611 817 445 1552 1172 1617 1926 1468 2767 2270 161 260 1624 1307 2084 1656 904 1054 524 59 2817 1934 1328 977 2312 2528 970 51 2044 1627 563 1029 1644 906 1051 169 2574 947 2652 2133 2424
000039.jpg,2043 2171 2810 2666 650 2816 1891 475 2346 1723 1916 2643 759 1702 807 1260 620 732 181 1188 1797 820 546 6 1697 285 1541 1083 1221 1882 582 1603 1865 1858 420 1605 922 1397 2768 411 750 1139 148 334 468 372 1153 2502 2152 2841 510 594 2807 2521 1074 2179 1456 2362 1738 1322 1502 691 956 1420 2410 2463 1284 2203 1206 713 1570 2476 1703 1023 1412 560 2107 1761 1318 469 1957 2469 215 272 1222 661 752 831 1288 851 2009 351 2214 1145 2072 2056 1257 980 1342 281
000040.jpg,2790 1656 1102 1926 2817 817 1934 1624 2501 85 2044 2411 1644 2528 943 2832 312 1407 221 987 2300 188 1405 635 1319 611 556 2270 1146 2082 2034 1386 1737 2545 4 1796 925 480 2397 550 1870 2389 626 1752 1630 1545 2574 59 463 2649 1369 1360 348 26 547 2312 1202 2367 712 2454 197 283 260 1029 2826 904 2185 1190 2556 1468 2477 2424 179 1417 489 659 2084 892 2724 2455 345 2652 2631 970 826 900 950 1782 559 1045 2289 518 1411 1799 1112 787 524 2246 1437 1684
000041.jpg,1918 478 471 1303 1438 936 402 363 1662 806 999 786 726 1472 534 1273 2465 2505 2693 430 2059 2429 1475 2236 655 331 1921 780 1780 1465 2061 2244 2470 484 2402 721 799 1647 1972 2053 1124 758 1395 561 1317 390 1635 1967 2690 1756 314 1715 53 1050 1037 1140 2698 418 1568 1127 805 2407 2301 1274 2467 643 290 27 1755 389 1692 268 52 1481 1648 2406 207 1378 1187 1024 2687 1011 782 2531 391 1018 1008 2611 1275 653 346 452 108 1216 1022 1503 225 1506 2398 2632
000042.jpg,2843 257 1871 2609 1731 416 1138 288 2613 1800 392 1645 1707 742 937 1419 2331 301 338 730 1466 2377 1068 535 1527 2394 678 2830 1131 749 2299 1379 2492 774 1243 855 2290 2243 2560 1174 1794 2196 336 1094 2087 1581 2746 1894 881 1007 2364 2251 593 1850 112 1005 1913 821 1020 1936 870 2519 2151 2417 673 435 2005 1142 1573 1968 2006 2697 707 2680 1442 610 2549 365 1040 2408 1992 1311 19 2730 2516 1309 99 2572 1455 2354 1670 1634 253 1269 410 1206 80 2788 883 1132
000043.jpg,1083 6 582 285 1221 546 1260 1702 2643 759 807 181 732 620 1797 1697 2807 1858 1318 922 1188 2816 2278 1536 636 1723 1891 2171 2043 661 2194 752 2261 2313 2666 1456 1541 468 475 2168 2810 2056 45 1603 2425 1763 650 669 2346 1882 2476 2522 37 1064 1865 2048 1251 1153 476 1916 973 829 1284 1227 820 594 1560 387 2442 2118 1364 2608 298 148 2720 1856 2688 1090 1283 1761 1768 2268 229 236 270 2760 1880 1610 2167 2386 644 1015 2761 42 2111 980 1082 459 2562 1110
000044.jpg,1830 702 2624 2471 2601 126 848 1845 1908 578 931 2276 1114 103 1323 1767 1235 688 990 297 502 284 1186 1413 1391 1608 835 2314 1107 768 250 1720 1340 1821 1310 903 1254 1512 65 2388 684 1975 522 2656 962 2000 1798 1559 2149 581 1801 954 2113 767 737 1230 395 304 850 2497 215 2777 1125 1298 1916 2152 1426 2787 1839 1106 1357 461 2772 529 1213 1203 75 2077 2542 2178 1605 1458 572 2706 1786 1685 2644 1753 2114 629 2066 731 650 1434 2561 803 1175 2036 1748 379
000045.jpg,269 1548 2315 1980 2685 2702 2359 1462 1183 2251 65 1749 1020 1131 1581 2161 2058 1243 676 855 1573 2015 881 1300 1277 834 2437 1865 2560 465 2005 1711 870 1810 2243 277 1252 2518 1720 774 2077 1288 499 2478 1094 1088 2087 2554 2182 1732 2074 761 183 1968 2492 2568 1834 1850 609 2497 1703 1954 115 2760 1839 2818 1455 2746 2772 1599 1342 2290 678 36 60 568 76 45 1125 2151 1304 1483 2249 73 1401 229 2202 2299 236 1628 2483 1103 2510 1672 198 2509 894 111 1867 1512
000046.jpg,1697 2167 1188 181 922 759 2268 2643 1702 546 620 1260 732 1797 807 1763 1221 285 459 298 582 6 1456 1318 1083 1090 1082 1284 2807 37 1308 2171 411 586 1285 2043 2816 636 1858 1536 661 1882 752 1541 973 2168 2666 448 1570 2261 2194 669 820 650 1227 122 2476 1891 829 2810 1006 475 476 443 1911 980 2118 1884 1723 1610 1015 2425 468 1153 1200 956 1603 1283 2278 1916 2498 1108 2623 1768 2346 2761 372 2313 1806 1761 1380 387 624 2688 2048 98 1322 2009 281 2442
000047.jpg,1376 1339 1896 152 1532 2674 458 2819 734 1741 2191 849 847 2099 2681 2479 2500 2228 330 1335 972 313 1827 1873 505 28 354 872 1708 587 671 2283 2028 2742 1543 523 532 2181 2552 2177 1563 175 2814 696 1956 238 1704 120 2557 92 2265 2610 1314 1099 2306 2716 261 2199 2789 2144 2527 2052 890 1955 653 2119 2322 633 2193 1917 1109 2592 316 2250 533 1135 649 602 2365 2017 503 1117 2237 2773 1885 772 1961 771 68 2693 1302 1327 1746 2212 553 705 1332 963 1781 1111
000048.jpg,629 2677 281 941 2627 1144 1949 1198 117 84 1591 1960 396 2303 275 2494 327 1205 23 851 1184 909 1371 474 2726 1113 270 1659 2162 2161 1987 1080 2791 1744 2030 1865 40 167 1283 2222 1768 2761 2503 1502 2203 2152 907 183 815 1525 1880 2263 592 543 1661 2179 1738 481 2502 1232 20 2720 2841 1802 1108 1641 1217 1979 2048 609 2572 1263 621 744 1570 940 594 1766 2132 1798 1423 454 1687 783 1207 2404 1637 1199 2245 2573 498 882 1425 1139 38 171 2542 1064 2182 2497
000049.jpg,2649 1870 925 348 26 1369 2454 480 2769 550 2714 179 663 2538 1422 712 1417 2375 1710 1489 2130 1045 860 1701 463 2817 1624 1644 817 2528 524 197 626 1782 1737 260 2050 1934 1545 188 2411 1658 611 421 1319 1930 2840 2501 1617 1381 2004 445 1468 1656 4 2356 2389 2241 2832 2836 312 970 1328 489 59 689 1887 2039 1146 2332 2659 659 2581 1193 746 570 2312 2790 1029 2011 2419 704 1926 1551 518 283 1407 1758 1102 2088 440 987 2044 2477 1358 2439 2574 1437 2123 900
000050.jpg,540 1561 2242 1093 617 407 2441 1346 1535 1856 2827 2111 310 1914 2238 2785 1631 1091 766 1996 949 983 1343 291 2542 777 783 1693 1898 1593 2202 2656 940 1683 1087 2190 2737 898 832 2112 95 853 2745 1176 1298 1689 24 695 634 1004 1558 2143 2149 182 1434 1334 328 2016 1448 1166 1197 2413 558 581 2072 596 1019 2430 132 2615 2114 1597 465 1103 1207 149 1928 499 1743 1785 88 510 803 2521 714 954 2759 426 2295 2024 1476 1760 979 1602 2493 1590 1161 1685 198 609
000051.jpg,924 1400 1687 1922 2573 1471 1487 327 953 275 2129 2620 1449 1713 1714 1116 2422 1178 34 2523 1224 115 47 683 2180 1199 2700 1838 2494 1990 1044 676 1995 1836 796 2303 1672 832 1726 2791 117 2437 2678 1659 777 2249 2030 1205 2572 38 2745 1476 2202 2317 1914 1198 88 1502 1996 1184 1802 23 1080 1346 2263 1535 2179 2785 2476 1371 761 1488 576 690 1084 465 2190 1425 1180 2547 230 1979 1856 2281 2111 2203 2623 1738 2768 1525 420 1176 1091 2079 1593 423 824 2222 1397 300
000052.jpg,2528 1644 2411 1407 1624 2817 817 2044 1656 1934 2790 2501 1926 1102 2832 312 987 188 85 943 1319 221 2300 1405 635 611 59 2389 1545 626 2082 556 1737 2270 4 1386 2034 547 1146 826 2477 1417 480 283 1799 904 1468 1360 345 2397 1710 925 2367 348 1630 2185 1437 1411 2545 260 2419 1202 900 2312 1796 1369 197 1489 266 996 1870 2826 2530 659 1701 559 2692 2652 550 1491 2139 524 1694 892 26 2208 2833 2631 2375 1486 179 2484 463 2574 2584 950 264 2424 2455 1752
000053.jpg,1466 730 338 2516 1526 1707 1511 1442 1969 1325 406 2102 2145 2843 1007 1779 1992 257 1079 1385 112 773 191 336 2763 811 1871 2394 1894 519 410 1731 1068 186 2377 2730 2290 1424 1379 544 2302 1138 937 1165 1498 365 742 870 248 1311 1005 1968 435 392 2788 2364 1527 881 1454 2830 1670 1131 717 1455 1040 1794 1634 2560 1783 2549 800 1309 610 1243 749 2151 1581 605 2341 709 288 1966 1850 2746 253 94 2609 1516 1573 2299 821 2006 648 1020 678 2613 1094 1645 1174 535
000054.jpg,472 2063 2444 1803 127 403 1159 1060 317 2455 226 2266 1815 1338 667 888 1509 17 262 846 600 573 1530 2484 342 264 2094 1607 2385 551 1421 2412 1059 2138 1078 1982 1341 2811 2255 1735 1828 2738 1925 160 2835 687 2820 1964 1069 1863 2758 837 642 428 1807 2614 1811 1009 1295 405 1619 2486 1814 90 2776 2189 1589 2100 537 2731 1167 2844 2595 352 2431 2371 1122 577 2339 1622 641 1373 1355 991 1652 299 2710 2633 2607 166 2740 1571 2771 147 2833 195 741 1345 1660 1524
000055.jpg,2045 2023 1584 2755 747 770 258 1796 463 26 1029 1701 817 2545 197 2034 1489 2735 860 1369 606 2817 1870 64 1416 2397 1208 1190 1319 550 925 1307 489 1926 2300 2454 2574 1362 712 1710 440 2424 2649 611 348 1320 1417 1552 2419 1045 1948 2790 188 2076 659 1624 2836 305 562 1656 319 638 675 1782 2724 497 480 1102 345 2753 1837 1897 100 1468 1658 433 1627 559 259 1640 1514 2084 1486 51 892 2375 1586 992 1983 85 1096 134 2246 665 2650 2082 48 2088 651 2769
000056.jpg,1584 2023 2045 2755 747 770 258 1320 2545 2134 1796 2034 1660 155 64 2607 2633 439 1640 1416 100 715 242 48 562 2721 2385 2373 305 51 2713 2635 1816 1522 913 158 2433 157 1586 1815 161 2650 414 1480 1191 319 497 704 814 307 867 1366 2376 1569 1542 1362 2767 1877 2739 1939 577 1572 2517 991 2703 1530 2771 1071 837 1490 2046 1948 1009 1208 992 718 1549 2272 1485 1096 1229 403 1824 472 463 2672 228 706 884 2092 185 1897 386 180 1432 641 470 1457 557 133
000057.jpg,1272 1910 680 640 2421 2210 13 40 851 2520 1949 2671 1960 1038 592 2578 1754 1430 2162 1232 2217 2267 1041 1553 1256 2726 1744 1236 828 2380 2083 1616 629 1699 36 2117 2387 2677 1886 500 1793 2415 244 20 1661 988 1337 377 2115 733 193 1221 370 37 323 1431 609 2571 743 2058 2469 940 569 285 2568 2423 2401 1401 1203 2182 2497 2521 2152 510 1865 744 713 198 2203 1364 1749 1283 2494 954 2451 39 844 2760 594 21 834 1768 2502 73 1342 417 1891 1004 2566 6
000058.jpg,505 28 1563 523 2181 175 2500 238 2552 2283 313 587 1827 734 2250 1896 152 458 1741 1339 2716 847 2819 849 2674 2119 972 1532 1335 2681 2527 705 2479 2534 2689 1376 2099 2370 503 633 2365 2191 354 92 1746 330 1708 504 1704 81 711 2557 2322 1680 772 2144 671 2742 2193 2028 120 696 532 2059 1730 2814 484 2592 2285 2177 108 1852 1275 2052 2301 1929 999 1117 534 2806 467 1912 2773 2228 602 1111 1314 1692 2429 2693 125 840 2398 68 753 268 2236 1543 1109 788
000059.jpg,1339 1896 1376 2674 734 847 152 1741 458 313 2191 1532 2283 2500 2099 2819 523 849 1827 505 2479 28 1563 2181 175 587 2552 238 330 1708 2681 972 354 671 1335 696 2228 2250 2716 2742 2028 2119 532 503 2365 1956 92 2177 2527 2597 2814 705 2557 1746 633 2370 2610 1680 711 772 120 2193 2322 2592 1704 2534 653 81 1873 2052 2689 261 504 1543 1099 2693 1472 390 2812 1314 2236 1692 2144 1127 239 2053 1117 643 1135 2764 2774 1050 2059 1302 344 507 1655 1635 1650 367
000060.jpg,1113 2141 2502 621 2152 1371 1364 1251 2401 2056 2522 45 171 183 1064 1768 2048 2612 2182 270 2761 1283 2760 236 1525 2705 2831 2263 2608 1108 2841 1288 941 1703 2216 629 2572 959 84 1365 1363 42 214 565 506 1286 1605 1844 1139 1280 2623 851 986 744 327 1560 1953 2116 2720 1865 2348 333 1144 1661 1536 229 106 2571 2562 2197 2442 940 1602 644 198 1866 1004 636 2807 75 2497 2503 1596 2278 1960 2677 609 783 2591 2448 2425 398 1032 1458 1738 1318 1171 1797 1987 620
000061.jpg,1481 418 2244 1465 52 780 534 806 2429 1438 207 2059 1662 786 484 53 2470 471 363 999 2690 1273 225 726 61 936 290 402 2698 2301 192 2025 478 346 2467 2236 2669 331 1918 2407 1475 268 2687 2821 1780 655 1275 758 344 1929 1787 1730 2806 389 2505 2465 430 2053 643 2693 1378 1124 1008 108 295 391 452 2396 1022 653 2285 654 27 1503 1692 131 1037 1831 840 1706 390 464 467 753 1921 1715 1635 1140 2557 2061 1127 1220 1967 216 1472 1568 33 1506 2398 1655
000062.jpg,807 1260 1221 285 6 546 582 1697 1083 2643 759 922 1702 181 1188 732 620 1858 1797 1570 1456 298 2313 1284 411 2268 372 468 650 122 37 2666 281 38 1541 2194 2554 459 2171 167 2425 1153 2261 2807 2677 2726 2162 448 894 2153 454 2816 2167 1763 1723 189 475 1916 1015 1227 1891 419 629 980 1032 2346 973 2476 636 1744 752 1318 661 1283 1610 1884 1960 2060 275 820 2118 476 84 2222 1285 117 96 2303 2043 669 1525 20 1108 2791 2761 592 1927 1768 1536 941
000063.jpg,2792 998 1583 118 567 1791 2711 9 1179 2065 1579 808 1354 778 1854 945 841 382 919 2491 517 1977 2328 639 1970 952 2682 1470 227 1769 2252 916 1578 114 2778 1770 1920 2647 1667 2729 1651 1531 930 2723 887 763 1657 982 2575 2225 928 2042 1063 748 98 1819 776 819 2361 914 1595 812 2334 1864 35 2284 2379 353 1851 1351 2462 2018 2146 1625 1493 719 1808 1534 196 515 1577 1963 2008 1915 2637 1289 190 2274 1259 764 2209 2824 1246 1157 297 608 781 2651 1359 869
000064.jpg,2091 2794 239 2164 1781 2173 2280 27 525 209 2232 139 1127 838 1505 2311 216 1435 113 1356 1248 654 245 1472 625 1598 679 1274 383 858 408 49 1282 356 1780 296 1506 2693 252 2025 2137 1961 2565 653 2669 2017 2396 1787 2070 1568 1124 1187 1140 1216 2053 822 1635 225 390 1967 1011 1475 449 1647 1141 192 1050 1262 2531 1924 455 1715 782 799 1018 1037 61 1024 314 1692 1972 643 2406 2062 2236 344 721 2061 1317 1755 2402 495 1662 207 1706 220 1648 1756 2632 331
000065.jpg,1175 485 1306 1951 727 658 589 2787 293 646 1798 2054 2113 304 2066 2178 1213 1361 962 2546 1394 1230 714 1334 1207 2323 572 2072 1115 1558 395 614 853 1087 2644 898 1427 1451 76 1389 529 1137 1559 2540 1312 1166 251 1928 803 1801 374 2409 1683 1883 1300 2000 436 215 545 1257 2784 93 101 634 895 1900 1106 1786 483 1971 2430 364 581 2759 1197 426 1597 1590 737 2149 1149 2656 2143 2224 24 1785 341 2024 2324 1353 2277 989 240 2381 2320 954 2533 1605 1693 1333
000066.jpg,1810 2509 1075 67 1001 2121 2583 2350 202 249 1012 627 1406 1944 1055 2558 1212 165 725 2057 2741 232 2825 1945 2135 2728 1894 899 404 1195 424 1606 2736 520 2766 2207 2566 137 2294 388 1223 2451 2224 2638 2507 1594 1733 1609 19 2384 1722 447 119 1869 21 338 499 1935 1383 1874 1910 1707 2143 2744 1463 2090 1033 1448 902 1728 362 751 2291 332 988 1478 569 187 135 1130 29 204 2029 558 574 2733 2033 1984 1841 1088 193 24 2533 1890 1529 32 1401 1904 917 742
000067.jpg,1096 1948 1416 1362 1897 497 1586 992 2046 1218 2352 1381 1630 2721 1569 1360 2241 1782 64 1261 1658 712 1051 2767 1684 2272 2817 2481 1796 2815 1926 1045 1316 2300 2246 48 2298 2185 439 925 46 2790 892 665 305 817 2584 100 1446 2454 2650 2213 155 463 1656 26 638 1369 562 2836 2735 1644 51 947 1860 787 1411 2616 348 1939 1328 1934 30 2034 194 1870 85 1710 2545 1102 2628 445 2312 2649 1319 550 715 2556 2455 1294 1029 1993 1258 1624 2832 1694 2289 1112 810 1701
000068.jpg,99 141 1145 401 2055 453 2747 595 2163 208 2098 2469 2587 1717 1023 2126 731 1160 612 2655 1047 399 823 1510 1628 694 174 1784 172 437 1233 760 73 981 461 1872 380 1976 2009 2636 1599 2074 477 72 2775 1241 2722 1085 2161 1911 177 1415 2679 2122 2829 816 1163 164 1688 2577 1903 156 2218 19 460 1682 1797 341 520 1436 2691 2668 2354 1459 2362 222 232 2624 1199 2612 1269 2464 1748 2725 2706 2512 745 1945 163 1960 379 1867 1845 1089 2197 2036 744 1474 1203 2786
000069.jpg,1699 571 332 193 569 427 1256 988 1553 2217 2029 2415 1430 121 1793 554 1431 1065 2568 2090 555 340 2743 536 1886 1888 1890 2380 289 901 2267 868 142 2117 1236 417 1033 1588 176 1492 323 597 2333 361 56 1562 1393 2078 2384 2423 2032 1398 1268 743 62 1132 2451 886 979 500 1668 432 2668 733 21 36 2602 1418 1189 866 199 681 2578 2108 1499 1686 1041 802 1053 2047 2786 2227 370 1910 1374 1337 429 1038 878 1616 2421 1070 1272 893 426 1521 680 568 2115 1399
000070.jpg,352 557 879 2460 2363 1539 1366 1925 2138 1982 299 2269 1619 2833 2797 1816 2710 1863 2139 2371 428 2175 1549 273 2576 2092 2844 1480 1242 685 741 667 2473 2226 2607 307 2455 1520 1862 160 1660 2189 403 264 2776 1530 1078 891 2094 2484 2104 1 1803 90 1238 127 1291 147 1735 2727 867 2403 262 888 2633 2524 1509 1025 267 814 969 1807 1815 1349 1167 2648 2431 577 1295 385 2731 1421 226 2412 1811 2468 1122 837 1338 1373 472 1814 1355 317 2213 600 1009 1159 2595 2709
000071.jpg,2769 348 26 1870 925 480 2649 1369 2454 1417 2714 550 179 860 1710 1489 1701 2538 663 1788 2375 712 197 2130 2289 433 1422 769 1895 463 1045 2050 161 2650 2840 1656 817 1934 1029 1658 2817 1319 2439 440 2397 188 2836 1926 2501 1624 1102 735 2241 1782 1617 59 1737 1627 518 445 2082 2790 489 1253 1146 1752 1840 611 2044 2826 2300 2574 2084 524 1437 1552 1544 950 2628 1545 134 1328 260 626 2528 970 2389 904 51 1386 2477 2270 2424 2367 606 1172 2832 943 2011 1796
000072.jpg,1140 1037 1303 1124 2053 1472 478 1118 2693 1475 430 2236 1635 390 655 1967 331 1050 314 1918 1715 726 27 2061 999 1274 1921 2406 1438 799 1127 2505 2465 1648 1972 2059 471 1506 1647 2402 1756 805 1187 1317 1568 1755 721 936 1395 806 1273 2407 402 1662 1780 484 534 2301 561 363 2429 758 2470 2232 1692 1216 643 2698 786 356 296 2244 780 389 653 268 1282 1024 1465 391 216 1011 1378 838 53 1929 209 1275 2531 1008 1822 1143 2467 2173 455 408 2794 31 654 2715
000073.jpg,2713 2433 1453 1490 2309 2376 1901 1860 201 2034 1796 2545 563 100 48 2826 715 1148 305 439 168 562 260 1569 155 1640 231 2721 2650 64 51 1878 421 559 659 1316 857 2088 1123 704 2229 784 1307 486 1437 294 900 1350 2461 480 2289 1034 2769 1486 210 2213 1665 689 2515 188 77 264 746 352 2039 1190 1369 2123 2004 885 2367 57 348 2714 26 2455 570 1496 1584 59 2155 405 2553 1792 2840 2844 2649 1870 2581 1386 2424 978 1930 2007 793 837 2332 2501 547 556
000074.jpg,645 2011 1444 2837 2707 1649 1679 1054 1617 169 947 1623 1328 735 2767 1663 440 445 1544 2050 1782 2840 2836 1381 1029 1993 1045 1261 2130 712 965 2439 1552 1840 1658 319 1253 1422 51 463 2735 2241 1307 1208 179 659 197 1437 2628 2287 134 1369 2649 550 674 489 1486 1870 900 260 1640 2088 559 1860 2084 305 2076 480 2652 155 26 562 2574 2419 2424 2133 1775 2826 1218 2454 1489 348 2397 1627 1796 2309 201 925 2312 259 2769 1468 906 769 48 2732 2544 1148 100 904
000075.jpg,2719 2728 447 2319 692 2292 2583 2766 165 2558 1810 2825 67 627 2509 2506 249 442 1962 2121 1012 202 1406 2736 1055 725 2294 1075 1126 2207 1001 1130 1944 790 2350 1452 2580 1841 686 2057 1825 2598 2741 1212 137 104 899 362 2436 1067 140 2305 1940 2135 1986 2665 79 146 494 750 574 1223 2387 1869 2617 388 1868 804 2258 97 2286 2657 1606 637 1076 329 378 2172 116 145 286 2748 2712 2704 29 482 1185 163 2828 1183 2183 425 521 411 2124 2673 1558 1777 21 119
000076.jpg,1788 1895 769 161 433 2289 2375 2482 860 2650 1417 1489 1701 1710 197 2769 348 925 1870 480 26 2454 173 817 2501 2714 179 550 231 2044 2367 1319 2130 1369 1934 463 2389 168 1253 2649 950 1148 2817 1328 611 59 188 1627 1656 1491 996 2530 2084 134 1029 1926 2840 1649 1045 978 2312 1624 2082 1782 626 987 100 947 1386 2050 1993 2480 1679 489 674 2553 547 1737 2270 606 1181 563 2767 1663 904 1640 51 1623 2837 2538 2011 2836 169 2528 4 312 2652 2397 1617 1437
000077.jpg,392 1419 301 2331 257 2843 937 1871 1731 1138 2613 2609 1200 288 1800 2377 1479 535 416 1527 1645 1707 519 1894 1387 1682 2318 742 320 2420 1992 2341 338 2763 1495 1068 339 1131 1243 1750 1425 713 253 1676 730 2299 1263 2245 676 2410 1385 1007 1779 336 1442 1267 2518 629 905 1498 2463 99 1073 1020 1850 744 1142 946 2249 1455 19 2243 834 1342 2514 1466 2830 435 2492 1322 1380 1581 1412 855 2680 2744 2219 2560 749 1256 863 2390 1628 393 2469 940 1064 1637 1040 2746
000078.jpg,2437 1672 2317 16 1990 44 2700 2249 1483 761 376 1469 1447 1836 1178 1995 832 1749 47 1535 834 1044 1727 2058 2555 1838 1277 2180 2129 1713 1224 1116 1714 2523 683 1425 34 2202 2422 1346 1593 2745 1914 940 1476 676 576 2190 1103 1004 198 95 2497 1304 1176 2112 983 1795 1228 291 1865 88 2785 1064 2182 2831 1434 2522 75 182 2827 596 1343 2547 2441 1999 2542 1849 45 2056 1449 1462 1251 824 2737 1867 2760 60 1760 1364 1847 949 1161 1203 1785 905 2216 183 149 2210
000079.jpg,1290 2049 2282 1518 530 2596 1604 2064 2140 631 1567 1058 1301 451 1017 446 2796 1981 1237 984 921 607 2392 394 2093 1613 1879 1978 908 1002 1909 662 1621 1119 2543 2357 1105 1906 2257 852 2696 813 2085 1396 1673 2512 1277 660 1401 2410 45 1178 1064 1364 337 1006 243 1554 2182 1483 1066 1206 1145 1614 2096 2522 1331 2705 836 1074 2058 2056 1638 2700 474 713 967 2831 935 1749 1370 905 37 1672 1806 2428 2107 1308 122 308 1914 1954 988 355 376 1322 1474 272 1742 2463
000080.jpg,2716 2552 238 705 2365 2500 2534 2689 1563 2181 2370 2119 523 28 81 2250 505 2527 587 175 849 2681 313 2819 1827 2283 504 152 458 734 1532 2479 2191 1741 1896 92 1335 972 847 1339 2674 120 2557 2144 354 1704 633 2193 1746 1708 2322 503 2592 2099 2052 2177 1873 1680 772 1314 1111 1117 2764 1010 330 1917 602 711 1955 771 1332 726 1376 68 2698 2059 740 671 478 108 2237 363 534 1273 2690 786 2806 1543 999 2244 507 484 2265 471 1438 936 1912 890 402 2429
000081.jpg,1911 2355 2420 850 2691 222 1267 2512 2318 1200 1305 1436 2218 1933 1682 2394 2362 320 1387 897 99 1504 1380 1790 2071 2593 1479 981 2452 1621 836 2645 2147 2432 2156 1085 935 755 208 1709 1676 2679 2122 2446 2587 1903 595 1638 144 2750 1098 177 632 2642 1946 1006 1052 1872 2829 754 599 1231 1163 2458 380 760 796 1233 2201 12 757 437 2096 2342 2756 459 2290 2706 2533 1361 816 73 1697 519 908 1728 1384 44 2161 112 1537 1321 2021 707 1717 612 2074 2163 2514 1719
000082.jpg,2414 1177 107 2550 1507 2604 2641 2176 55 397 728 1104 1669 1194 575 2019 1691 2754 400 584 1523 834 2661 1482 479 373 1957 384 831 2573 845 409 272 2494 2726 560 2249 1785 20 2214 1646 896 1222 15 2383 827 327 2058 1641 738 2695 1420 905 2203 2395 441 1288 1203 2080 1016 713 1277 2459 1727 1995 1449 2488 1401 1835 306 2162 953 1154 1738 198 1744 2555 1666 1450 2216 2222 2016 1241 1184 1228 985 761 2107 75 1922 347 2497 924 2437 1471 1423 680 1363 110 2521
000083.jpg,243 1105 1396 1554 1370 355 813 2660 1495 2458 2257 1331 966 2696 1384 1614 908 1673 1742 2600 1705 942 487 2085 337 1681 2782 2369 50 54 660 1893 2543 710 1031 2259 2803 360 1017 542 1906 1739 1676 320 607 791 1565 1853 1287 2336 2664 451 631 1695 1237 1000 1508 1301 530 2049 1518 984 1567 2157 392 1604 1290 2647 825 2598 301 921 1002 2361 765 2064 2736 975 2282 1985 70 1052 639 1246 1058 2394 151 682 2308 2711 2170 2093 2405 1962 515 2490 2436 2292 1819 2051
000084.jpg,727 589 658 2113 2066 2546 304 2178 485 1213 1175 1389 1951 1306 1115 1394 1798 1300 2787 898 761 545 834 1087 75 714 2497 1230 783 2249 2022 1683 572 1558 1727 2579 215 1277 1898 853 293 2072 198 328 737 1785 2058 1995 1749 479 962 2726 2759 1333 2555 2154 16 1207 2179 1225 1835 594 1093 272 251 2114 2216 384 1957 436 2238 1334 1312 1605 2521 1738 2245 1353 1891 341 1074 713 1288 1883 803 1666 691 2203 1144 1412 1257 2214 2841 789 831 1712 1361 322 510 2054
000085.jpg,2510 431 1839 70 1035 1753 1125 2772 2777 2077 2478 2561 1834 951 2818 2015 1252 2757 1759 1390 2161 1557 1938 767 2622 1842 18 315 1176 2471 277 461 2656 1976 1693 2547 2601 2149 824 2 695 95 191 39 395 1845 596 1443 576 2686 2217 2315 2663 1357 702 1106 940 889 1559 417 88 132 1749 1908 1476 2441 1593 2497 1165 2249 2288 73 1180 2827 2624 2415 2542 2566 1793 2276 745 1628 2494 2016 1298 601 581 1469 1562 2302 1323 103 850 1980 1065 1447 2113 376 1833 1343
000086.jpg,2210 640 2520 13 1272 2671 828 2578 2421 377 1910 1041 1337 1949 1754 1038 2083 323 2032 1668 370 56 2602 2047 1189 2828 672 1374 2335 244 933 865 698 2570 955 1329 1616 1764 680 2115 1049 1399 2839 2038 2384 1521 1426 2227 609 2120 1605 932 979 2451 940 340 2217 1749 571 2786 2795 2401 1256 1336 834 1562 1203 2117 2224 964 2668 214 2571 1013 2031 2831 2058 1890 84 21 1696 1364 2705 176 1425 762 1602 1952 2522 1004 2566 1686 621 289 106 1283 171 1064 1277 1766
000087.jpg,767 277 1938 1443 889 1833 2686 1747 2496 211 1460 369 2315 1980 2702 2532 1989 2015 1252 2818 2478 951 1834 2510 2777 1793 2772 2077 988 431 2217 2090 1418 2058 332 2522 40 1064 1753 417 1080 2441 940 193 1562 745 1176 45 2827 2415 1401 1125 325 2668 1277 569 2056 901 20 1343 2521 520 2384 609 2566 1588 510 1065 2190 1686 1557 167 1749 1535 617 1727 832 1945 1132 979 803 1605 1431 509 1161 2624 1087 1091 1960 853 232 1033 132 2227 1661 2494 1430 690 36 2571
000088.jpg,767 277 1938 1443 1833 889 2686 1747 2496 2315 211 2532 1980 369 2702 2510 2818 1460 431 951 1989 1834 2015 1252 1418 2685 1272 2384 70 1065 1686 2668 13 886 597 417 1562 2777 1793 2217 1557 1390 2077 1334 617 1801 2190 1561 45 2571 36 2827 1176 713 1064 2772 332 132 2478 1910 2522 2108 640 2249 2451 1277 2056 1091 1890 2421 95 1256 1431 695 1035 2463 1074 2786 2415 1343 479 1371 1342 1203 940 1743 1322 165 1353 2410 2757 2182 236 2242 738 569 1842 2561 1263 1412
000089.jpg,2809 12 1473 1876 682 1721 2438 2435 2708 608 1330 1592 2569 146 1677 1185 255 491 1892 1874 2057 2660 2657 494 274 67 217 1899 657 2445 2110 444 1433 1777 677 2037 2704 994 368 1055 627 1463 2813 1771 2440 137 2625 864 1998 2093 574 519 1725 2561 637 2728 2756 1223 1944 725 1390 647 2683 526 2526 2427 1052 939 1935 1408 508 1639 1728 2499 1606 1439 447 790 2089 869 2617 2041 1931 686 502 2248 2757 2558 899 2766 271 2685 1406 202 2042 521 1868 1942 2291 990
000090.jpg,2567 1171 2751 1214 22 2109 106 96 1927 1661 1632 2554 894 419 2153 2502 189 2152 2060 1032 2401 2141 2841 1251 1365 1605 214 1703 621 1364 744 2831 2612 1288 2216 2705 2522 481 609 815 84 2056 2404 2726 171 1064 2571 941 205 1371 333 844 45 1139 183 1749 957 1283 1363 42 2457 1953 620 1960 2203 1891 1987 2182 510 2521 2760 1108 1766 1889 2623 2162 2608 1727 592 2313 761 270 236 509 2348 5 785 2048 20 2030 2179 2666 2058 1744 420 1397 1205 2720 1738 2497
000091.jpg,1896 1339 734 1376 2674 152 1741 847 505 458 2500 523 2819 313 2283 28 2181 1827 849 1563 175 1532 587 2552 2479 2191 2099 238 2681 1335 330 972 2250 1708 2527 2177 2119 2228 354 2716 2365 705 671 2028 2742 92 2370 532 2689 2814 696 503 2534 1704 2610 1746 1873 633 2144 1956 653 2193 1543 2557 504 772 1314 872 1781 2592 2306 2091 2052 2164 643 2597 120 1472 239 1917 2812 2285 81 2774 33 1852 2693 2794 2062 1941 890 1680 2611 68 1099 1730 2199 1011 1912 711
000092.jpg,1102 85 1656 2790 1934 2501 312 2832 2817 1926 943 2044 817 1624 987 2411 221 2528 1644 188 1407 2300 1405 635 1319 2270 556 1386 611 2082 1146 2545 2034 2389 547 4 1737 1752 1796 2397 480 1545 626 59 2367 1870 1202 2631 2289 2574 2312 2084 197 2649 518 550 2424 2375 463 260 2826 1029 925 1417 769 348 489 950 1190 433 2439 2454 826 1895 1630 1253 2724 2556 559 259 283 712 2652 2477 1369 134 1627 1428 179 563 970 2148 26 904 2840 445 1544 2769 2419 2050
000093.jpg,1371 2263 629 1113 1525 2152 1144 2572 2141 2502 851 327 2677 1865 2623 1949 1661 214 1280 941 1960 2678 592 106 40 474 2348 1602 84 1605 1866 2162 1064 1744 1032 2726 2116 2056 1687 2522 1632 236 2182 96 2841 2161 924 2216 45 2760 2197 20 1659 23 1927 940 609 2608 183 2503 2751 1288 894 1336 621 1365 2153 2386 856 1726 2109 38 2612 479 2401 275 2554 171 1084 509 2571 762 1364 2421 834 831 419 2705 1400 690 2831 1738 272 117 333 15 1251 1987 1703 1198
000094.jpg,1444 2707 1679 2837 1054 1623 1649 645 2011 1328 169 947 1663 2767 1617 735 1544 1782 2050 440 2836 445 1381 1993 2840 1261 1045 2130 712 2439 1658 1029 1840 1422 2241 965 51 1552 1253 319 463 2628 1218 1208 1307 2287 1489 1437 1369 179 134 489 1948 900 1640 1445 2046 992 2649 1710 674 1416 2735 1860 1775 1486 2084 197 30 1870 2088 562 305 860 2133 259 260 1627 2424 2352 2454 26 1417 348 2312 2076 2515 497 925 1586 906 550 1652 1897 480 155 2769 606 262 1362
000095.jpg,956 1882 644 909 971 2688 2442 2188 448 2476 387 2720 2498 1596 2425 2562 43 1768 229 1536 636 1797 1108 1318 582 2761 2194 1283 2807 1880 2261 2048 669 1206 1560 732 1221 1687 270 2197 42 1802 620 115 1911 905 1286 2278 1015 546 1400 300 2678 2118 661 1697 1203 1790 474 2210 2107 2463 1153 2167 459 762 1541 181 2620 1083 1726 373 1084 2572 308 1761 1483 2522 1610 1322 2520 2071 2695 2079 1676 1603 1352 1180 1995 2623 327 1227 1760 1447 1525 84 376 829 1280 2437
000096.jpg,1113 2141 2502 1371 2152 621 2401 1364 183 2522 171 45 2056 1251 1064 270 1525 1283 2612 2182 1768 2263 2048 2841 236 2705 2761 2760 1108 1288 2831 2608 1703 2216 941 2572 629 214 1363 84 959 1605 2623 42 1280 565 1286 1139 1365 506 851 1844 327 2348 744 1865 986 1661 1953 1560 1602 2197 1866 106 909 1144 198 474 1004 2571 333 783 1712 229 1206 2497 75 940 2567 2562 2677 954 971 1032 1171 1760 1596 2720 609 2116 2203 924 1738 2706 1536 905 2109 2112 2442 2425
000097.jpg,18 601 2 2663 1842 1834 2015 1252 951 2818 431 70 2077 2478 2510 2777 2772 1125 1753 2561 1839 1035 1759 2757 2622 522 2667 1557 315 1390 1443 1833 2686 1938 2624 1114 889 2000 1747 2161 931 529 848 2728 1165 93 646 1590 962 1801 2320 895 404 249 581 436 1798 702 1012 1845 1406 2302 1075 789 395 1241 364 1786 714 1830 803 101 2656 202 1693 2315 2324 126 2644 754 2504 215 1418 1166 2540 818 2409 1971 767 597 2533 1257 2759 766 1559 2021 737 417 2651 1115
000098.jpg,1102 2790 1656 1926 85 943 2817 817 1934 221 2300 2501 312 2832 1624 2044 188 2528 1644 2411 1407 987 1405 2045 1319 635 1584 2023 611 2270 556 2082 1386 2755 2034 1146 547 1796 480 2545 4 1737 2397 1752 550 1870 2389 2367 1545 348 197 925 463 626 747 283 1369 1202 26 2649 2556 826 2069 2826 2289 659 2312 59 712 1417 260 2375 2724 1895 2454 518 179 1316 1029 770 2574 433 950 1630 970 904 2477 2769 559 489 1468 977 1045 2307 1428 1658 2670 2419 2424 1552
000099.jpg,352 2460 1539 685 557 1660 2633 1480 2363 2607 879 2226 1069 2738 2758 2468 147 1366 1242 1341 2710 1349 1698 1619 1530 1607 1549 307 1815 1078 1925 2444 160 2811 2175 2138 2595 1167 273 577 837 127 2269 1863 1009 195 1862 2797 166 1816 1509 2709 1811 912 2399 2372 2431 2844 2100 2223 2092 1059 1060 2833 2094 2755 2835 405 2403 2517 2524 403 472 2576 2455 2139 1 814 1837 2648 1215 1701 2385 2213 1982 892 1803 2412 2834 1264 2104 1540 299 2749 237 600 463 846 651 913
000100.jpg,79 2068 2665 722 1067 2842 2511 1547 2741 204 2305 2135 899 116 1212 350 1134 246 1606 137 1935 1463 2766 2041 97 2580 686 2825 1944 2558 447 1055 1076 2728 2736 804 2319 2598 2813 2248 1464 165 725 2292 329 2294 692 2286 2382 2258 2436 1962 1452 140 1841 2719 362 202 2506 677 790 1126 1056 1677 1777 2207 657 1771 442 12 1223 70 1986 1868 2435 67 2625 864 1874 1130 91 1639 1185 1937 491 1940 494 526 2235 508 1892 948 1810 2509 866 2057 984 2037 1910 682
000101.jpg,2306 890 1543 1873 2237 2265 1314 872 1955 316 2052 2592 740 602 1332 1111 963 120 2789 1109 2681 2193 1164 699 2199 2799 1991 367 162 507 235 2322 1823 1917 1182 1885 633 1135 771 2191 1680 2610 649 1441 772 1099 2764 1117 2597 533 968 68 2812 1327 1302 2212 1852 503 553 1774 261 1650 2822 1974 2144 2774 1010 670 2177 711 2343 1461 1896 2770 1376 972 532 1335 580 330 1339 2773 1532 2028 159 31 2819 326 1746 1097 587 1293 2099 1704 2715 2500 2557 458 734 2181
000102.jpg,3 2490 1642 254 2405 1958 2170 1985 2336 1574 765 14 66 929 825 1246 873 779 282 2536 1136 652 2434 2157 1745 2426 522 2667 276 2699 1245 1538 862 2489 2324 2165 1396 91 1290 1804 2256 1751 2049 1403 118 813 567 693 2146 1633 2284 2274 2247 1595 355 808 2696 1808 2308 1518 2207 2712 1846 2235 1962 7 895 662 871 1600 2361 1942 2305 2440 271 1404 2257 1667 1963 2651 1606 812 791 2379 818 1195 2596 93 1978 1909 637 521 2702 809 2012 2487 908 2766 359 2719
000103.jpg,2797 1539 352 2844 891 2092 2269 2833 2473 2139 90 299 2576 2403 1549 2371 428 2175 264 2776 1238 1291 741 2455 837 2484 1982 17 2226 1009 846 1571 1735 667 267 1815 642 1698 403 2223 2338 1159 2731 2138 573 1814 1994 1540 2486 2094 2063 1925 2100 1349 1122 195 1619 1530 1589 687 2412 1338 1078 160 600 2607 867 262 1622 1480 2811 1816 472 888 1295 2340 1660 2255 1242 1618 2633 1409 969 879 2385 2717 1421 1366 226 2253 2635 1807 2710 2189 234 1826 2709 892 127 1341
000104.jpg,2265 1955 1314 872 2789 2306 890 1543 1873 2199 507 2764 1117 68 553 316 2812 120 2774 1010 963 2144 2770 771 2597 670 1164 2610 1974 1302 1461 1109 367 2799 1135 1885 968 1917 699 235 2237 1991 1650 1182 1099 649 162 261 1823 1327 2212 533 1441 2052 740 1332 2592 2822 602 2681 1774 2715 1111 31 2191 580 159 1852 326 2193 1240 2343 2773 1293 1097 2177 1746 2322 633 2527 1680 532 643 2062 972 200 503 2687 2557 772 587 2301 1378 1822 1118 1755 1706 2765 2059 2693
000105.jpg,1298 1019 2022 1333 1434 182 954 1685 1343 63 149 1760 1712 2112 1004 2737 940 1999 2542 1103 75 949 783 198 2497 2016 1304 60 1749 1727 376 1483 2555 310 2827 1197 1277 1447 2058 1469 834 2656 617 2149 1693 2441 1561 2566 596 499 1064 2522 45 95 520 2056 1593 2615 1176 1661 1269 1743 2217 232 16 2521 1087 2143 2390 983 2726 1448 1430 1995 634 1529 1744 1722 19 132 2190 24 40 1364 1535 1605 1256 510 1738 695 2182 1886 420 2744 332 2202 609 1553 1960 2638
000106.jpg,1836 2700 1178 1713 47 1116 1990 1714 832 1224 683 2180 2523 1838 34 2422 2437 1672 1535 2129 676 2317 2249 1914 1593 2202 2785 2745 2190 1346 1476 88 291 576 1856 983 777 1996 1176 2441 16 2827 44 695 2111 1091 617 1449 132 2547 761 376 824 1995 1631 1483 95 1529 1749 310 1469 1447 596 2656 2542 1693 1561 2149 2390 1849 465 1867 940 834 1727 1203 2112 499 1425 1722 1343 1103 230 198 1743 2016 2744 1004 905 954 1733 2555 1685 36 707 1357 39 1228 424 1434
000107.jpg,2797 2844 2092 2269 2833 891 352 2139 2576 1539 1549 299 428 2371 90 2776 264 741 2473 837 1982 2484 2455 1009 667 1735 1815 1291 1238 1814 403 1159 1122 2403 2063 2731 1589 2189 1925 17 2412 2175 1619 1338 846 573 267 2138 1698 2338 642 226 2486 2226 1571 2223 600 2100 879 1530 262 1863 1994 2094 195 867 2255 160 1078 2811 234 888 1622 913 537 687 1540 2385 2607 1607 1660 2253 1341 317 2717 1480 1295 1826 1421 2738 472 1409 1824 1069 127 1071 969 1349 2758 2633
000108.jpg,493 2374 1034 294 210 2418 2461 57 280 1861 1792 1580 1859 570 1276 1392 1930 1758 2229 548 2672 793 689 133 2125 2004 1234 2174 1665 756 746 1575 1724 1072 1765 1664 422 1358 2327 2184 2581 2456 421 704 2039 2838 857 1947 797 2186 2356 366 1375 2590 2123 1887 1457 228 1551 1196 2659 588 801 2332 885 263 1350 1776 77 656 1229 2694 2739 583 242 1542 1877 720 976 1193 2330 859 706 2321 1279 2206 1043 2548 1191 2662 158 687 2198 1497 1081 884 1619 1086 798 2155
000109.jpg,2045 2023 1584 2755 747 770 258 1796 463 1320 892 817 26 1029 2817 2300 2545 1369 64 1870 2735 1514 925 1362 2034 550 2649 1489 1710 46 1190 1897 1416 497 1926 638 992 665 1701 712 1837 704 1045 1624 860 1656 2481 2246 1948 1319 1586 440 2635 2790 221 305 307 1782 348 2215 1468 2836 2454 611 480 1640 197 1381 947 1630 577 1071 349 606 1658 1360 1009 787 1208 2100 2088 155 642 943 2158 1307 2650 1096 1407 1417 2574 1102 489 1644 51 2424 188 1258 319 2130
000110.jpg,1325 2145 1526 406 2516 1779 1992 2102 773 1385 1511 1969 1442 2763 1007 519 730 191 2302 1466 1894 811 112 1165 1707 410 1079 338 315 544 365 1783 1670 870 186 2680 435 248 1138 2290 1581 881 1968 1068 1871 1311 2095 1040 2730 2746 605 1020 2613 1731 1573 1005 1424 2622 2560 1634 1759 664 648 1309 2830 2364 717 336 1966 2757 610 1379 1094 2005 800 709 2377 2549 2299 288 678 2243 742 2151 257 11 821 1110 1936 1498 1850 94 2251 1243 1174 253 1645 2110 855 2519
000111.jpg,2281 1538 2324 2288 1357 1180 2489 230 2699 1846 39 564 1818 2493 2495 926 1996 1786 1091 751 2247 777 76 2224 1106 1257 2000 2114 1971 2132 1593 898 2785 853 1559 1836 327 1856 1535 1207 834 1197 55 1434 2294 940 1166 2542 397 1714 1928 989 1986 291 714 728 1914 2235 1019 614 1561 1943 792 725 683 2072 2555 425 2176 1825 1087 2058 1130 1116 117 182 541 1528 1194 1727 441 1713 2428 1347 2390 1950 2112 2221 2296 2629 2111 2667 907 2445 2572 2441 1476 617 2303 634
000112.jpg,364 215 2040 737 436 101 341 2381 1900 251 545 1427 374 989 803 2540 766 2759 1883 328 572 2504 1230 1389 2644 2579 1971 581 1683 1115 1353 2238 962 2546 1898 529 2114 1394 395 1257 1798 2277 789 407 1361 304 2178 1106 240 1801 1213 2113 1451 2066 1559 2242 2784 1786 483 2000 1334 1300 2323 1951 754 2756 293 1306 1093 1175 2054 485 589 714 1091 2787 727 646 1137 658 926 1231 1818 614 1728 898 1357 2021 2320 1207 1558 39 564 76 2495 1180 2288 1149 2409 751
000113.jpg,1865 629 2677 2346 1916 475 1723 1891 2810 941 2666 2043 650 1949 2171 2161 1144 1605 2816 420 2768 1397 1603 820 2502 2152 510 2521 909 2179 750 1738 594 1488 148 2249 84 953 474 609 37 334 1541 2494 1766 1502 322 281 744 761 2497 214 2217 980 2404 940 1412 375 1703 1858 834 1749 1371 2115 1637 479 1263 2726 75 713 1106 198 1559 327 1727 1004 2841 1222 2216 1957 1740 2542 2245 2421 1570 468 2210 1184 1288 1038 244 272 1150 2555 1334 1203 1256 1283 425 1685
000114.jpg,392 1419 2331 301 937 416 2843 257 1778 2394 535 1527 2377 1871 105 883 1800 1894 355 2613 519 1645 1200 2341 908 1455 2609 813 1731 1621 288 2696 1396 1739 42 630 1331 1614 1002 1138 1565 2257 1495 1516 984 1077 490 742 644 2782 1695 1673 632 2660 2452 2453 1031 542 710 54 1370 966 2458 1978 2803 757 336 1000 499 360 1017 2712 874 666 1329 50 1287 2369 1290 2204 865 2260 2259 2508 2108 791 1554 2795 2196 660 1249 1946 2083 1853 1633 473 388 1119 218 2664
000115.jpg,783 75 1197 198 2497 1712 60 1004 949 1760 1304 954 2737 940 1343 589 1087 727 1298 658 2542 1685 149 2112 2072 1558 1333 714 1434 182 898 1207 1103 485 1999 617 2022 1175 1561 1306 614 1749 853 2066 1951 1257 2113 1166 1928 1213 1798 63 2054 1727 1137 304 2555 1019 2178 2016 2787 1593 646 1334 76 310 2827 803 2546 2149 2409 1394 2224 2323 1361 895 1785 93 499 1312 1230 374 1206 1115 1300 2656 1971 1801 1064 1176 2324 761 596 293 1590 834 1957 1371 1631 2493
000116.jpg,898 1561 853 540 465 1197 1300 1087 1631 291 714 1558 2072 1928 1166 617 2409 1590 1207 1535 1593 895 634 2242 2493 1346 1689 2430 93 2542 614 803 2143 24 2324 2066 2024 1597 426 1334 407 1213 499 1785 2113 1019 739 2827 483 63 1749 1298 182 832 2112 1161 310 149 954 1847 1115 2441 1513 1093 1004 95 2224 596 940 1343 1693 251 1228 1773 1760 834 1685 2737 2546 1277 1712 376 2149 2638 576 2058 304 1999 2656 2579 1856 1434 1804 2178 1389 374 1103 2759 1483 2784
000117.jpg,1316 1496 2556 1965 2815 1636 2272 950 2069 1752 2367 194 2352 1051 2628 1218 1840 2241 613 1658 965 1948 518 1586 2046 2439 497 992 221 1261 1416 1096 1381 1146 2790 1848 826 266 2300 1897 1428 1045 1799 1926 1202 1362 2631 2477 2007 1102 563 85 943 1862 283 1386 440 1775 635 2376 2082 2397 1895 547 1663 2713 1253 2287 663 1054 817 1627 2412 259 978 1860 1544 712 1656 134 59 2270 2307 2389 900 231 197 489 312 2545 2800 2826 2836 970 1855 626 987 2189 1046 2433
000118.jpg,2678 2572 2263 1525 2623 1280 1687 327 1726 1371 1084 335 1400 2620 2591 1199 2230 909 1232 117 398 924 2503 38 1922 275 2197 1217 1113 1315 1907 1659 23 1184 1198 300 2386 1596 2303 2160 2573 1458 2141 1080 2128 2079 2791 309 1866 2494 2476 2116 2203 2169 1205 1013 861 2448 1365 1487 2188 907 2612 644 796 2562 474 762 387 2498 851 2823 306 2677 2571 1502 1336 1032 104 856 2351 473 214 2067 2442 2260 1641 956 2508 2688 785 448 1144 543 882 971 957 1953 865 2841
000119.jpg,2580 1452 2436 686 804 329 2598 140 1868 1076 79 1464 2382 2068 2248 1067 722 2286 2813 2665 1777 948 2511 974 2842 2393 1639 1547 1937 2294 2305 1134 246 1055 350 2741 1185 204 2728 1944 137 2135 116 1212 899 12 491 1606 677 725 1874 2558 682 2506 1463 97 165 1223 1935 1592 2569 657 494 2438 2766 2708 2319 146 1130 2041 67 2719 2207 2057 1962 2583 1810 1940 2258 988 332 126 1986 2736 2333 2292 2624 2324 2121 1759 2757 1075 1707 692 1056 627 2509 767 1557 376
000120.jpg,922 1188 1221 1697 285 546 2268 1456 1763 807 1260 6 582 459 2167 37 2643 2194 759 1702 732 181 620 851 1083 1284 298 1797 1090 1232 1272 40 2261 661 1858 592 586 411 1570 122 650 2726 2098 1960 2162 1227 1006 680 1082 1744 1153 1308 1318 2666 2313 476 1283 1285 973 2171 980 2469 1047 443 2807 2387 2623 281 1865 1884 2118 475 629 1541 2747 1322 13 640 2249 1882 2816 1015 2463 2210 669 1638 1108 624 448 1750 1536 755 454 560 2410 2263 1957 2043 1263 167
000121.jpg,2185 2584 1694 1411 1129 1684 2363 2298 143 1440 1630 1360 386 2529 787 795 958 2271 1445 2616 557 30 2460 638 665 1112 1215 718 2481 2246 1294 1446 810 71 2517 879 1514 2749 1258 2050 1270 1623 1939 2801 169 2631 2468 1544 440 1982 299 735 2011 697 1617 2837 1679 2130 1551 1925 2727 267 59 2619 645 1238 1619 2389 134 1328 1045 685 1291 1405 2270 2439 1054 2139 1278 1993 1386 1788 1444 2397 2082 1887 2833 1649 2707 2840 85 891 1253 969 547 635 1373 2576 273 2312
000122.jpg,2068 79 2665 722 1067 2511 350 2842 1547 2305 2135 116 246 2041 1212 1134 1463 1935 204 899 2741 1606 97 137 2766 2580 686 2558 1962 1076 1464 419 96 1632 790 657 2598 2506 2248 2736 1841 2813 2625 894 447 2153 682 362 677 491 1052 1998 1771 2258 2708 2382 2554 1927 1330 1337 1305 217 1986 1329 2335 165 442 2569 2825 1126 692 1944 1677 481 2573 2286 2570 1777 1892 1223 2292 1764 1057 1661 536 2060 2037 1185 1032 2257 1130 1952 1888 2083 2438 122 2839 2319 1910 1639
000123.jpg,1093 2523 2422 34 1116 1714 1178 1224 1713 2180 1838 47 683 676 2785 1990 407 1914 777 1996 2242 2441 2700 2111 2129 832 617 1856 2202 1091 2745 2190 1535 1228 1672 1561 465 540 576 1346 983 1836 2827 2437 1161 1476 1773 1847 1513 2238 1898 1785 1795 2249 88 230 310 2317 783 1727 2114 581 766 2555 1176 499 761 949 95 1683 2493 834 1693 2058 132 1749 328 695 824 940 2547 1277 2542 1631 926 2656 1449 2504 2149 1846 2489 1801 1343 76 1357 291 564 789 596 1033
000124.jpg,2713 2433 1453 1490 2376 2309 1901 1860 201 2034 1796 2545 100 48 563 305 715 155 439 562 1569 1148 2721 2826 64 168 231 1640 2650 260 51 421 659 1878 559 2088 1316 1123 857 784 1034 704 1307 486 2461 77 1437 1350 2272 900 2289 2229 2213 2515 1190 1765 1362 746 26 1870 2155 1948 2649 1369 2553 480 2840 1828 1486 210 1377 2714 2769 885 793 188 405 2007 2501 2332 185 2815 1096 1584 445 2844 2581 689 934 1193 1392 57 912 348 41 2454 438 2424 59 2732
000125.jpg,2843 257 1871 2609 416 1731 1138 2613 392 937 288 1800 1419 1466 338 730 1645 2377 2394 1707 1068 2331 301 1527 742 535 2830 2243 2299 678 749 2560 855 1850 1131 1142 2519 336 1174 1379 1020 610 2417 821 1913 2087 1581 2290 2492 2006 1968 1243 2341 881 774 435 112 2196 2697 1309 593 1040 1455 1094 519 1936 870 2746 800 1894 1311 2251 2005 2364 253 1794 1992 673 2151 1966 1005 2680 2730 94 1424 365 1634 2549 1498 337 2516 1200 717 1495 2788 1573 2696 757 1681 487
000126.jpg,2043 2171 650 2666 2810 2816 1891 1723 2346 759 1916 475 2643 1702 620 732 181 1188 1797 1260 807 1697 1882 546 820 285 6 582 1221 922 411 1083 1541 1865 1858 1456 1603 2807 956 1605 752 334 661 2194 2261 750 1318 1284 1227 468 1206 2476 2167 1761 420 2688 1153 148 37 2463 1763 1322 2313 2497 2425 1222 636 594 2179 510 980 2107 713 2469 1768 644 1412 2152 691 905 1145 2502 1420 476 1015 1397 2705 2823 1074 1638 560 75 322 2521 2841 372 2149 609 1364 1203
000127.jpg,2138 2648 403 352 127 1815 1159 2063 573 17 846 837 1009 600 1698 2455 2100 1338 2484 642 2255 195 472 1571 2811 2486 90 2412 2339 317 264 2223 1735 1349 1619 1060 2372 577 2607 511 2338 349 1660 1816 2614 879 2094 2633 1622 2835 537 1078 1530 1994 1828 1480 1863 1925 160 1939 1421 961 1607 867 667 1341 1982 2820 1618 307 1366 405 2758 2253 1409 913 1964 1069 299 2266 2797 2371 2709 2738 892 226 2431 665 2481 2158 2595 2635 1294 428 2466 2139 1324 814 2189 1446
000128.jpg,883 535 2377 257 1527 2243 2095 870 1850 881 2680 821 1871 1731 2519 2196 1142 1068 1894 742 1138 800 937 2613 855 2609 2087 2299 2006 1800 1913 1498 1707 416 678 2251 1174 288 336 774 2492 2417 2005 2697 1645 749 1936 811 1094 843 2843 1455 253 1573 1516 435 1309 2341 1020 410 365 1466 1581 2830 648 248 2560 2746 112 1133 593 1634 717 530 673 538 1311 1040 1007 338 1228 1131 1110 709 1517 664 2752 610 2733 2684 605 1028 1968 1243 1065 1382 434 571 2802 1690
000129.jpg,2766 2558 204 2741 2135 1212 899 1606 2842 137 2728 1944 1055 725 165 116 1056 1935 2825 1463 447 2207 2294 1986 1130 2736 2041 1940 1547 97 2506 2305 1134 692 2068 246 1874 1825 1223 2435 494 2511 1126 2057 1067 647 442 2292 790 1841 2813 2291 1962 2248 2719 686 677 362 2683 2319 657 2258 682 2382 2708 1899 574 2438 722 79 1185 2569 350 2639 146 804 1464 1937 1076 1892 1592 491 1677 329 135 2625 2286 1771 2665 1777 2037 2090 2393 558 67 1998 1330 627 1725 2295
000130.jpg,2185 2584 1694 1411 1129 1684 2298 1630 143 1440 2529 1360 958 787 386 2616 638 2271 1445 2363 30 665 1112 2481 718 1446 2246 810 71 1294 795 1514 1215 557 1258 1270 2460 2517 1939 2801 2619 879 2367 1982 2631 299 2139 2468 2727 2389 2556 2833 1925 697 1752 1993 817 59 950 1814 1545 1045 685 518 1366 134 2189 1619 2371 2130 273 1624 716 1926 2050 2749 440 1520 2270 4 2082 1617 1291 169 2269 2397 1238 267 147 51 547 1524 1316 1278 1799 2444 1386 2208 1544 1202
000131.jpg,70 1125 1753 2077 2777 2772 2478 2561 2510 1035 1839 431 1834 2818 951 2015 1252 1842 18 601 1759 2 2161 2757 2663 315 502 2622 2471 2601 990 395 1390 191 1165 1557 1908 284 2624 1806 903 2218 2636 962 1107 461 2644 277 364 1340 1726 1976 2504 2000 1845 1683 101 848 1310 2009 300 1105 1336 436 2178 304 929 691 2507 2149 297 737 144 58 522 766 1230 2656 1458 222 755 1389 1013 2302 1504 578 776 1798 2238 850 1213 1801 1232 2113 767 2678 2160 1235 650 629
000132.jpg,2728 2719 2319 725 165 2558 2506 447 692 2292 2825 2207 2294 2766 1055 1962 1130 1126 2736 790 442 1825 1944 1940 1986 2580 1841 1452 362 2598 104 686 2436 2057 137 1212 899 140 2258 2741 2583 79 2135 1868 67 1067 804 574 494 1223 627 1057 146 1869 329 1183 2665 1076 1606 1810 145 2305 2748 1406 119 2286 1905 2291 750 116 21 1777 2124 29 2509 204 2384 249 2828 246 202 1185 2387 2172 1886 1033 1833 404 378 722 97 1553 1134 388 2068 286 1012 289 2451 417
000133.jpg,99 1145 612 1784 2747 141 694 401 1023 172 453 2055 2009 2098 174 2636 72 1047 208 731 595 1241 2163 2775 1415 2577 2126 2722 1089 2655 1688 164 156 2587 1160 1404 2274 1436 1155 2469 1717 461 2679 1808 1100 981 816 823 2218 1085 177 1872 460 988 1628 222 1976 2624 760 2122 1510 399 1163 836 2829 998 2192 1903 1323 437 1601 1588 1599 73 1235 1132 2362 380 1734 2161 1504 193 2074 2318 748 1911 1233 1063 693 2394 1845 1682 745 22 2388 707 477 2452 881 2196
000134.jpg,1039 89 2765 452 1378 1022 2285 389 467 131 758 840 268 1024 241 2505 2465 1843 1011 1875 495 2634 1789 1831 1730 2531 1503 628 1662 33 1568 108 1274 2687 1706 464 1220 1026 643 478 1655 290 363 927 1500 2398 53 484 2611 2059 1929 1048 2301 753 786 2062 2632 1275 1692 1008 782 2429 936 2316 1941 2142 1273 1018 806 200 501 471 2407 999 726 2244 1475 1127 534 314 653 1438 1472 138 2236 780 1923 1062 1932 402 1612 1124 129 2693 2232 799 1021 324 822 295
000135.jpg,2509 1810 1075 67 1001 2121 2583 2350 202 249 1012 627 1406 2057 725 1055 1212 1944 2741 2135 165 2558 899 1606 2728 404 2825 1195 2207 1223 1894 137 2736 1874 2435 2291 338 2766 1594 362 1945 1935 1463 424 388 232 1707 1841 2507 647 574 2294 751 1126 1869 742 65 1609 1130 204 19 2566 187 2224 1728 447 1088 494 902 116 2612 1733 709 2683 454 32 2116 1383 163 499 937 257 1199 520 2258 2451 1448 2733 2384 1940 917 2033 1231 2842 119 677 1986 1910 1516 2143
000136.jpg,1321 1098 2432 1638 2645 2750 1709 2201 2156 2450 1736 755 2342 1806 935 836 2096 2071 1790 1933 1436 850 897 1504 2512 222 2362 2218 1052 1305 1387 2691 2313 2355 189 1844 2060 1911 1032 1286 1288 1703 506 96 1858 2216 2554 419 1927 894 1632 2823 1865 1363 2153 744 2784 565 2627 856 396 957 2261 959 2032 2567 2182 2074 834 1065 2335 1227 650 2249 2404 183 1015 2194 2666 1222 1277 1906 1188 2570 2578 609 2463 2760 2073 171 476 229 56 1766 1337 1593 2705 73 1023 106
000137.jpg,472 2444 1803 342 1059 127 551 1811 2063 2266 1421 2758 1607 1069 1355 1341 1060 1167 1509 1530 2738 1828 226 262 2820 405 2385 846 573 317 1078 2138 17 160 2595 2835 1964 2614 600 2094 667 1814 1652 1925 888 642 1159 1295 147 2013 1338 203 166 41 352 1807 2412 2255 1324 2231 1619 1524 687 1863 1815 2339 403 2486 2710 2208 577 195 2811 2484 912 1540 1982 1571 537 2431 2100 1264 2740 2455 154 1373 2340 1622 1589 511 2635 641 1629 1698 2731 2372 428 267 2399 2776
000138.jpg,732 620 181 1797 546 1702 759 2643 582 1083 1221 1260 6 807 285 1318 2807 636 1536 1882 1697 2278 1188 2476 1858 650 2816 2425 752 2666 922 1891 1541 2171 2043 2810 1723 1865 644 1916 2346 1768 1199 820 2313 475 42 1283 1456 2761 468 229 2194 1178 1605 661 2678 905 1726 1206 2688 2720 2048 2503 2442 2210 1476 560 1603 2167 2523 2498 1176 1222 1714 387 1108 1420 270 2410 1957 2261 2463 1116 411 691 713 1785 1203 88 84 2149 1064 272 474 2107 2469 2249 409 956
000139.jpg,540 1561 2242 1346 617 1535 2441 1093 407 2827 310 1856 1914 2238 2111 2785 766 983 291 832 1693 1631 1996 2542 1091 2190 898 777 1087 949 1593 1343 2202 2656 1558 695 1176 940 1166 2072 1197 1773 1785 328 2112 783 2016 2745 182 1590 803 853 2129 1836 95 1161 1928 2504 1207 2149 1434 132 1898 1513 2700 2409 1743 1847 1689 1298 2737 499 634 1228 1004 895 465 76 1334 714 1203 24 149 2759 2143 789 93 1019 1760 1795 954 1971 1257 1672 2579 1103 979 1749 2430 1448
000140.jpg,2139 2092 2833 2371 1814 2269 428 741 1982 667 299 2844 2576 2776 1735 1925 2797 1122 1549 641 352 1520 1589 2731 2385 2484 1025 264 2455 1619 1 2063 234 1863 888 2727 837 262 1009 1815 1295 1159 2399 1373 90 307 557 1807 2771 2460 1539 2189 913 991 203 879 403 17 226 1572 1366 2412 1338 1349 2138 1291 573 1238 2473 891 2403 1480 127 267 472 273 1816 551 2524 2607 2619 814 2100 1242 2104 1509 687 317 2175 1622 846 2431 1660 2717 1571 1824 2633 342 2215 642
000141.jpg,2819 849 152 458 2500 1532 2479 523 313 1896 175 734 2552 2681 2716 2181 2283 505 1563 1339 2674 587 1741 847 28 1827 238 2099 2365 2191 2119 1708 330 354 972 504 2250 2527 1376 705 2370 2689 1335 2534 81 671 2742 2814 92 120 696 2028 532 2177 1917 2557 1704 2322 633 2144 1746 872 507 503 1956 2193 2610 1543 2228 2799 261 2592 1873 2052 449 1680 2773 1109 963 1885 1135 33 2199 1991 1111 1164 1117 2597 1941 1314 108 890 2698 1099 772 771 2690 316 1662 2806
000142.jpg,2558 2842 2766 899 1212 204 2135 2728 2825 1944 725 2741 1606 137 165 1055 116 447 2294 2207 1067 2068 1935 1463 2041 2305 1134 1547 246 79 1825 2736 97 804 2511 2248 1076 2813 1464 2382 692 1056 686 948 1940 2719 1223 722 1986 1130 2506 329 2057 2393 2286 146 2435 682 2580 2292 2665 1841 1639 1874 1937 494 2436 1126 2683 647 2708 491 1185 790 1777 1899 2319 677 2438 2569 1592 362 2598 2258 1962 1910 1452 657 2639 350 135 217 558 574 2291 1330 1337 442 2617 2413
000143.jpg,197 1993 900 1663 1437 2767 1486 2836 1782 712 1307 1045 260 1617 2439 463 559 1054 2419 947 1328 1208 1381 1468 1552 1444 134 563 2130 2840 1422 2826 2076 2241 2424 1658 169 2133 2050 1679 2837 674 445 906 904 1544 2397 1983 1489 2312 1369 1649 489 1623 2088 1710 2011 645 1417 348 735 1870 26 2652 2707 2574 2454 440 1253 2515 480 2628 925 2649 2084 1948 1029 1218 51 978 433 2289 2714 1860 2082 826 259 769 312 2832 1428 179 1878 1261 659 965 1123 74 305 1190
000144.jpg,1272 1910 2210 640 13 2520 680 2421 2671 1041 1038 1949 2578 1430 1553 1754 1256 828 2267 2380 1236 1337 2083 2387 2217 1616 1886 36 1699 40 592 500 1431 370 2117 569 193 1793 988 2115 323 733 1960 377 2415 2162 536 332 851 2570 2726 2568 244 1189 2451 2335 2384 729 2090 2032 20 340 571 1562 21 1426 75 56 2497 609 2668 743 1065 2521 289 121 2828 1836 1764 1744 2249 1004 198 2423 1132 510 2469 1329 2798 2602 1668 1712 940 1785 865 1203 2839 979 1749 1760
000145.jpg,945 1179 2792 9 1579 841 2491 2328 1578 1583 639 567 1791 118 919 1354 1977 2729 2252 1920 1769 998 1657 952 2682 2379 2778 930 1851 928 2647 1651 2065 808 2711 1470 1770 982 2225 763 1667 2723 517 227 382 1970 778 114 1854 887 916 1063 2042 1531 819 2349 2462 923 2575 1819 276 2304 1864 1344 1402 7 2618 311 662 975 812 1585 151 2334 1210 1271 25 2488 1211 1359 1367 2459 2474 2416 2559 2081 515 781 2361 1351 98 2585 2097 2165 528 579 196 2603 910 2536
000146.jpg,2272 2815 1965 1496 1316 1636 2556 2352 2069 1051 950 194 1752 1218 2628 1840 2713 1490 2367 1453 1948 2433 1860 2376 965 1416 613 1586 2241 1658 1261 1901 497 1096 201 2309 563 1381 1775 2007 2046 1848 747 518 266 440 826 168 2836 155 283 1422 1428 978 992 784 260 663 1569 51 319 2088 1782 1649 1148 1617 1799 2538 2439 1897 2287 231 1045 64 712 2652 2650 1054 2631 486 1362 2477 161 1993 2826 2767 100 562 1437 2130 2606 1158 2397 2337 305 1468 2034 48 2800 489
000147.jpg,493 2374 2672 133 548 2184 1765 1196 294 756 1034 976 588 2174 1947 1758 366 583 2418 57 1358 1859 1081 1724 2461 280 210 570 1497 1392 1664 1580 1792 793 1234 1861 1930 2229 2327 797 746 1575 422 689 1457 2125 2590 1276 2004 228 859 1279 801 263 242 2332 857 1229 656 2356 1665 1072 2039 2456 704 2186 2838 2541 2581 1887 2694 1877 1776 885 2123 421 2659 2739 1542 150 1375 1191 2330 2517 2820 2548 2321 2094 160 1078 158 1421 687 706 77 991 2619 1551 2844 2198
000148.jpg,2389 1146 59 1545 4 2082 626 1202 1737 2367 1799 1386 2270 1752 2477 188 547 987 556 518 826 635 85 312 1405 950 611 2832 1319 2300 2501 1934 283 266 1102 2044 1926 2631 1656 943 221 1407 613 2411 1624 2528 2069 2790 2817 817 1644 1316 2556 348 134 1491 2312 480 996 2530 317 1417 2289 2375 2397 2826 2189 2034 563 2588 197 2439 1338 260 1901 345 769 550 904 2692 2208 1468 2545 795 925 259 1411 179 1870 900 1544 2484 1253 1629 1045 978 2455 2075 716 735
000149.jpg,2045 1584 2023 2755 747 770 258 1796 463 26 817 2817 1369 1926 1319 197 925 1489 1870 64 2300 1701 1656 1362 2790 1624 2034 2397 892 1710 2649 712 2454 1029 348 2545 1417 611 1416 1948 1897 497 2424 1190 1837 489 992 550 1102 2574 659 1658 1782 305 860 606 1045 188 943 1407 433 1552 1381 1307 1208 1071 480 221 1640 1586 1096 2635 1934 2724 2735 2082 2836 2769 2650 440 85 2375 1514 48 1468 1644 1630 1360 260 2246 2084 100 2419 977 2721 562 2076 345 259 51
000150.jpg,2043 2171 2810 2666 650 2816 1891 2346 475 1916 1723 1702 2643 759 732 620 181 1188 1797 1260 807 546 820 1882 1697 1865 6 1605 922 285 1083 1221 582 1541 2502 148 1603 420 2841 594 1397 2152 2768 411 1858 1139 510 2521 2807 281 1738 1222 468 1456 2048 752 2497 1768 272 1957 334 1283 2203 2214 1420 2179 831 941 560 2469 384 198 1284 1318 905 1785 1213 215 214 2705 2463 2107 1488 270 75 2761 1206 1536 1322 15 1953 84 2066 750 95 2410 661 1074 2182 2362
000151.jpg,1430 1553 2267 1256 1236 2380 1886 1699 2217 427 2415 2568 1793 901 743 2423 2117 36 569 536 121 1431 193 680 500 340 2387 988 733 2227 1272 2668 332 2421 1499 2786 176 292 1562 2090 1038 979 866 2469 893 2108 2671 2210 2384 1492 1754 199 21 1890 554 1132 1628 2078 2126 142 1888 1041 13 2520 1449 289 1398 1949 634 1910 2451 1588 2074 1597 640 302 73 731 1599 681 417 361 2038 878 2430 933 609 432 2249 370 24 1668 1616 1064 672 1053 1399 2115 853 834
000152.jpg,2043 2171 2810 650 2666 2816 1891 2346 1916 475 1723 2643 1702 759 620 732 181 1188 1260 807 1797 820 1882 1541 546 1697 6 582 1083 285 411 1603 1865 1221 420 1605 148 1397 2768 1858 510 922 2521 1139 750 334 468 2502 2807 594 2152 1738 1222 2179 956 2841 1206 752 1420 2362 1456 2107 1502 1153 15 2214 272 560 1203 1957 2469 372 1284 831 1322 2463 2203 1954 384 1318 215 1785 1488 691 713 738 351 308 1696 2126 375 905 1213 2483 2410 2497 1602 2066 980 1412
000153.jpg,2138 2648 403 1815 1009 837 352 1159 573 2455 913 1698 234 17 2063 2484 195 90 1619 1994 511 2339 2372 349 1925 892 2223 2158 879 264 46 127 1816 846 1095 226 1660 2635 223 2253 1349 577 2834 2607 1863 1338 1982 642 2820 1409 1572 1324 1939 1060 2486 2709 1480 867 1615 2215 2412 600 2338 667 2266 1421 2633 2094 1735 2797 2466 299 2100 2481 1294 665 1571 2092 1078 2844 537 1446 160 2833 1622 1530 2835 2619 2595 961 2139 1814 472 1618 1540 1366 1828 2255 1291 2616
000154.jpg,572 1230 962 1798 2644 395 2323 529 1361 1801 1394 2277 1334 2054 545 1451 2787 1683 646 727 293 589 1951 1306 485 2000 658 1175 737 436 364 215 2504 1559 101 2579 2040 581 328 766 2238 2114 989 2759 304 2178 1900 789 2113 341 2546 2242 251 2066 1213 374 1898 2381 1106 2540 1883 1427 1353 1257 1389 1115 803 1971 407 1786 2784 240 483 76 75 2149 1312 2497 2161 1093 1357 461 39 2656 1207 2022 714 1333 1693 2726 198 1605 783 1300 2249 2705 1322 1976 1091 1064
000155.jpg,1524 203 1629 1059 2740 342 154 2444 472 127 2749 1803 667 226 551 1925 1811 2710 1863 428 1735 1982 2460 2063 2801 1619 2371 2403 2412 1215 17 1060 2468 573 1338 2776 557 2811 1530 2255 317 879 1509 2576 2266 1814 2484 2269 1122 299 352 2138 1159 1549 2189 795 1807 2738 160 741 1078 1421 2473 1815 1589 403 2139 2455 1295 2175 385 1355 90 685 262 264 600 2431 846 2797 2385 1167 687 814 2731 1826 2094 1539 798 2844 2758 867 1607 1675 2013 891 2833 2198 2595 888
000156.jpg,883 416 937 1871 2843 1800 585 196 257 1731 1645 1643 1138 2609 2613 2462 288 776 742 1894 2334 2067 1864 98 2474 353 1179 2196 2331 1142 1625 1613 2264 2377 1819 910 869 1977 276 2491 2328 673 1578 2519 1882 535 956 233 1042 1527 610 1455 701 2103 1909 2697 1160 1794 2081 1344 94 909 2442 2636 336 1498 227 749 664 1110 2417 945 1707 2723 2361 1402 644 153 2492 662 2353 1145 2341 490 212 174 809 2188 2101 2087 605 916 2256 678 1651 1676 1516 43 639 1846
000157.jpg,1773 1847 1161 1513 1795 1228 499 1785 617 1561 832 2493 1535 2242 1300 2066 1176 2542 2827 2700 1178 1346 695 1672 132 983 2190 1743 310 1213 2437 95 1836 2113 1693 2441 1990 2202 407 182 596 2238 1343 898 2523 1856 2129 789 483 1631 2149 576 149 940 1353 1093 1004 949 766 1749 1760 2016 63 2178 1593 1224 2656 824 954 2112 304 75 2745 1712 1434 1087 34 2784 1714 272 1298 2422 1957 1838 783 198 1019 479 2737 853 1333 1685 1713 2521 2547 2497 1364 510 1103 1222
000158.jpg,1371 2152 2502 2263 1113 1525 214 2623 2572 2841 1280 2141 327 1605 2348 1661 1865 1602 106 851 1139 924 1032 2678 1866 2567 1171 2751 189 1953 629 22 96 1927 1144 1084 1214 2060 2216 1738 1632 1288 621 609 2109 2522 2056 957 45 1251 1364 2554 2401 1064 1703 894 171 2404 2768 1488 420 38 419 2705 2182 941 2831 744 1397 1659 1222 2153 2726 1727 940 474 198 510 953 1785 2203 1957 1749 272 2497 1203 2555 1363 2573 834 1766 183 479 1283 84 2521 831 384 1960 409
000159.jpg,204 2741 2766 899 1212 2135 1606 2558 2842 137 116 1944 2728 1935 1463 725 165 1055 97 2825 2041 447 2207 1056 2305 1134 1547 246 1130 1940 2068 2294 1825 1986 2506 1067 2511 2736 2435 692 2057 494 1126 790 1223 1874 1841 79 2292 722 362 442 2319 350 647 2291 2719 1962 1998 1899 2665 2248 135 2625 2683 657 1677 2813 1771 2258 574 1892 2037 804 2639 686 146 558 682 2708 677 2295 1185 2413 2382 329 1725 531 2828 2090 2438 1777 2143 1464 2569 473 67 1515 1076 1937
000160.jpg,264 2455 1982 2484 837 667 1009 299 2371 428 2139 1159 1815 403 2833 2269 2092 1735 1925 2063 2844 1619 1814 2189 1122 1589 2576 2776 1549 1863 90 2731 879 1338 2797 226 741 2460 2412 17 573 352 317 2138 600 846 891 557 2255 687 642 1622 2811 2486 2100 2338 1238 1698 127 537 1291 1571 1078 2403 195 2039 885 1060 262 160 2473 1994 888 2094 1607 1341 1350 2835 234 2123 57 1530 1887 867 2418 1551 2356 472 349 857 405 1930 1480 280 2125 1792 1421 421 2758 1580
000161.jpg,222 2218 1504 1436 2512 1933 1305 1790 2362 850 2071 897 836 2096 2645 935 2156 1638 1321 1098 2750 2355 1709 755 1052 1806 2432 1911 2342 1736 2450 2201 2691 2446 2394 2452 1387 2420 99 599 2642 2074 1621 1023 1085 612 2537 1364 783 477 1145 1200 2831 2578 483 177 1277 981 2747 1006 1420 2655 1251 1682 1968 2048 2497 1581 141 2122 215 1865 2705 1605 1599 304 2829 40 2560 1047 1717 2182 208 2679 1910 44 96 560 2242 1222 1903 1288 1074 2784 789 894 1957 2095 73 399
000162.jpg,1360 1684 1630 1129 2298 1411 307 2616 2246 1112 2185 665 2584 1446 1694 2727 2399 1520 958 2481 1 787 1993 1258 1294 1270 1939 1572 638 1837 2271 234 2213 1514 810 2517 30 143 1445 71 2158 2372 2529 2619 511 1622 795 892 2100 2631 2486 386 913 195 1215 1409 600 1407 1618 46 2709 1440 349 1071 1096 718 1615 697 1540 573 1698 51 1349 1416 642 223 2576 2781 2223 2253 2635 741 2721 1710 1796 846 1571 2834 987 17 2215 1994 2044 2717 1569 1948 685 2844 154 1926
000163.jpg,2562 2263 1596 1525 1318 106 2442 2678 1536 2188 1280 43 2720 644 1726 387 971 2141 2278 2807 1083 2048 2498 636 2623 474 2688 2761 1768 2401 1108 1979 96 946 2572 1482 1198 2476 1797 181 620 732 1483 2448 1283 621 1032 2168 84 2612 1170 1380 762 2386 1504 1263 1790 940 1641 1103 1927 2737 1365 300 270 2554 1004 1659 624 212 1498 2245 2071 2718 1633 1727 1371 2218 724 1802 894 2030 1632 2555 2086 785 2132 1973 1425 2503 1880 2060 482 189 1458 1999 1454 2079 2522 2791
000164.jpg,1862 879 2460 1619 1925 1863 1982 299 352 2139 1735 557 2844 667 2833 428 2797 687 2731 2371 2269 741 1549 2092 537 1421 264 226 1589 2776 2484 1814 160 2385 2094 641 1078 1607 2455 2138 1341 837 1539 2189 1815 2576 888 1530 1009 2758 2363 2835 2175 1338 1069 403 2063 2266 127 2820 2412 891 262 1828 1295 2524 405 2403 991 90 1807 1122 1159 2338 273 2473 2614 846 1373 349 1509 1497 577 1238 1480 2771 2595 1816 1291 472 2738 1081 583 147 2619 2104 588 2607 2431 642
000165.jpg,2464 2725 957 1889 2448 609 2404 1766 509 2457 844 1515 5 1696 744 244 2115 2128 1426 466 2141 1616 815 388 1987 2124 1061 163 1326 1637 473 498 425 2351 232 2366 1945 1556 2014 2056 2522 2566 1754 375 306 2751 45 520 1365 2109 1064 1880 1960 1038 1364 1251 22 592 621 171 1171 2508 2612 1269 2182 2278 106 19 1525 119 2760 183 1661 2572 2048 1477 2521 2421 1032 424 510 96 1280 1757 2608 2354 690 80 1296 2726 1797 1596 2384 2401 229 1383 894 2116 707 1214
000166.jpg,658 589 727 485 1306 1175 1951 2113 304 1394 1213 2066 1798 75 2546 2178 714 60 853 898 2497 1207 1389 1087 614 2072 2787 2022 395 1558 198 1712 783 545 1304 1334 1137 1312 962 2323 1839 1115 374 761 1166 1333 572 2579 16 341 2054 1760 1683 2325 1995 1230 251 1898 1928 1427 1371 293 76 2154 2381 954 1225 1685 1197 2249 2149 529 907 2759 2277 2762 1257 479 1801 1971 646 2542 1883 2179 1654 1559 2494 803 2540 2472 2644 1361 2510 617 1322 581 322 2114 2726 215
000167.jpg,1800 1645 1731 742 416 1871 1138 2609 257 2613 288 883 2843 1707 1894 937 664 1516 585 2328 276 1909 535 1613 1110 982 2067 2225 2491 2585 2196 1359 196 2331 1179 1142 1546 2377 1527 2667 610 763 1977 723 1578 2110 1643 2006 2551 1493 648 605 1466 1007 709 2081 2341 2252 2697 811 282 2042 2519 2243 764 812 1913 914 190 2462 446 2211 2087 1197 66 540 1634 227 1344 539 604 2219 1981 693 910 678 1769 2103 2723 916 662 1160 2487 1626 2020 673 821 462 1147 1237
000168.jpg,1146 2389 59 4 1545 2082 1202 626 1737 2367 1752 1799 1386 2270 188 2477 826 987 518 312 2832 85 556 2501 950 1934 547 1405 635 2300 283 611 1102 266 1319 943 1656 2790 221 1926 2411 2528 2044 1624 2069 817 1644 2631 1407 613 2817 2556 480 1316 2397 260 2312 1870 2826 197 1468 712 2375 348 445 559 925 1369 550 1253 2419 904 2289 2574 2424 345 1045 2649 1630 2840 563 769 463 1029 2208 179 787 1437 134 978 2439 900 489 1417 2084 1360 26 1544 440 638
000169.jpg,2049 530 1290 1604 1301 451 446 2140 2282 1518 2064 631 1567 1237 1017 1058 921 1981 2796 607 984 2596 394 2093 908 1370 813 1554 2257 1906 1879 1673 2696 1105 243 1331 1396 1613 1384 1614 1742 355 2392 2660 662 660 337 1978 1002 1909 966 2782 2357 710 54 1681 2543 542 360 2259 1495 1893 2243 1638 2458 1401 1739 487 2006 1853 1709 506 2661 836 827 400 1621 2519 1904 2432 2831 2507 2096 1321 565 1804 755 1286 1119 2645 1806 2087 2705 1456 2664 1632 744 1000 1844 1364
000170.jpg,1179 1579 945 2491 2792 841 2328 1977 2682 1583 567 1578 9 118 998 1791 639 2252 1651 1470 1920 1354 2647 1063 1769 919 382 517 887 778 227 2711 952 2065 2778 1667 114 1531 2723 808 1770 2729 916 1854 1970 930 1657 748 928 2042 982 2575 2225 819 763 1851 2379 196 1625 98 1819 1777 1585 2499 1864 2067 2462 869 2334 723 804 274 539 526 1721 1204 1639 353 1942 2081 864 515 271 2496 1643 1555 776 994 1997 608 1121 604 2485 2018 2438 948 2286 2813 2146 247
000171.jpg,1749 834 2058 1277 1995 2555 1727 761 2317 2437 2249 1672 1483 1044 376 16 1990 1469 1447 1178 44 2700 1425 1836 1300 1883 1353 832 2831 2579 2571 1304 1106 1559 251 304 2216 2178 2497 2705 333 483 2401 2784 341 989 2578 1865 836 2182 47 2096 1288 1801 576 903 215 95 2381 1364 45 2726 1401 1336 1064 789 744 39 1361 1251 1593 2288 2056 60 1015 1798 1476 2522 1013 75 905 1703 2547 2202 2190 171 1263 2645 2066 2567 621 20 935 1904 2224 870 1176 377 2760 2644
000172.jpg,645 2011 1444 2707 1649 1054 2837 1679 947 169 445 1623 1617 1328 1663 735 2840 2767 1782 440 1544 2050 2836 1029 965 1993 1045 1381 2130 712 1253 1552 319 1840 1658 2735 1261 51 2241 2439 1422 155 134 463 1319 2088 817 611 659 2287 2652 2628 197 188 1948 1775 2501 1934 179 1437 674 1369 559 769 489 1307 2133 1870 1640 900 2044 2650 26 2817 1208 2528 2826 1624 260 2312 2419 2411 1644 59 2574 550 1416 925 161 231 305 2375 904 2397 2034 2649 2454 1627 2424 259
000173.jpg,2091 239 2794 2164 1781 1127 2280 2173 1274 1472 209 838 27 1780 139 525 2232 653 2025 1011 113 2311 1282 2693 1435 408 356 1248 49 216 1024 1505 245 2669 1598 2017 296 654 225 1124 1961 1356 1475 625 2531 1568 2053 2236 858 290 331 192 643 390 2765 314 1506 1635 1967 1303 268 61 2285 1187 1715 799 1240 2059 561 220 2406 455 2396 679 2632 1706 2343 2137 1050 999 1048 1612 1843 1262 1317 1755 484 495 1924 383 655 1972 2301 1655 2611 252 1647 131 207 33
000174.jpg,1113 2141 2502 2152 1371 621 2401 1768 183 270 1364 1251 2761 2048 2522 171 1283 1525 2056 45 2612 1064 2263 1108 2841 2182 2705 2831 2760 629 1288 236 941 1703 84 2608 2572 2216 214 1363 42 1139 1605 959 1365 2623 1280 1286 851 506 1844 327 565 1953 2720 2348 1536 744 2677 909 986 106 1865 2278 1596 636 2116 2562 971 2442 644 2503 2197 1866 1661 2571 2688 2678 2807 198 1560 1602 2188 333 1318 1171 1004 387 940 75 2498 2591 783 1144 2567 2497 732 1960 620 2425
000175.jpg,1948 1096 1416 1897 1362 497 1586 992 2046 2352 1218 1569 2721 1796 2034 1051 100 64 48 1658 1381 2272 1316 2815 2241 155 1630 1926 715 2817 51 305 712 2790 1934 562 1860 439 1782 925 1045 1993 2545 2650 2454 2300 1656 2556 817 1644 1407 1360 2213 987 26 1369 188 2832 1261 221 85 1102 2767 1684 2836 1319 259 2082 611 2649 348 1870 892 1624 480 194 312 2826 2528 2628 2755 260 2246 2298 2501 2616 1640 445 2411 46 2312 2044 550 2185 231 1710 463 635 1496 352
000176.jpg,794 1805 1611 775 2586 2019 357 2701 2780 2329 279 2368 1626 2447 2621 2347 960 2297 1646 2630 863 1832 393 1372 2211 2637 818 1259 2345 693 339 2254 2805 2651 1244 2192 2136 1169 1734 2804 2240 2233 457 2020 2605 1192 10 1450 102 876 321 1120 1014 371 830 145 1147 2275 1678 2802 469 1809 2518 1732 603 1959 2080 1507 575 2550 2653 2754 1691 1016 1073 86 462 2383 1620 379 2166 1517 2733 1382 2684 2748 2106 584 1674 1482 2395 2752 2247 2159 1666 2326 1748 2234 2360 1028
000177.jpg,1561 898 617 1197 1087 853 540 1558 2072 714 465 1300 2542 1207 1928 1166 2242 1593 499 1535 2493 1346 2409 1590 895 1631 1019 1298 614 182 93 2827 954 1333 1785 310 63 2324 2066 291 2016 1685 2112 634 1434 149 1343 2113 940 1760 1213 1712 1004 803 2143 2737 783 1597 24 75 949 2022 1689 426 1334 2430 1137 198 2224 1228 2497 2024 2656 2441 304 1103 2178 1749 1999 407 1257 2149 1093 1693 1727 1115 1161 832 1389 1773 1836 2555 2546 1856 483 1847 1513 739 1304 1914
000178.jpg,2843 257 1871 392 1419 1138 2613 1731 1800 1645 937 2331 416 2609 288 301 2377 1527 1707 742 535 1894 338 1131 1068 1243 678 1466 730 1007 336 749 1200 855 2830 1455 2196 253 519 2560 821 365 1309 1040 435 1142 2299 1020 1794 1850 2243 2417 2341 1311 2005 593 2251 1992 1498 2151 870 673 406 1581 774 605 2087 2697 1379 2492 883 2680 1966 610 2519 1573 1779 2763 2290 2549 1424 1936 905 1094 2730 2364 2746 940 1004 1385 94 2788 198 1968 410 1174 1712 2394 1304 248
000179.jpg,540 1093 407 2441 2242 1856 2111 2827 1914 310 777 2785 1996 1561 1535 2238 2413 1091 983 766 1448 949 617 2202 2295 558 2745 967 2615 1898 135 783 230 95 1683 1804 1343 1346 1693 2737 2190 1476 1728 596 940 2638 1945 184 1593 1631 328 88 2656 232 1176 24 581 520 2149 1689 291 2756 2024 2112 1818 2016 2281 695 2114 1727 1478 2566 424 576 754 926 1269 1231 707 2143 2472 2547 132 1004 2533 1597 1434 564 634 426 417 2744 1733 1714 1296 1265 2542 29 1749 1298
000180.jpg,851 1371 1960 1661 1144 2141 629 1113 592 1064 327 2572 40 2263 2522 1525 2162 2056 2197 2726 1365 45 2760 2612 236 2182 1744 1865 2116 2608 2571 2677 183 2216 2401 171 1364 621 2705 744 1949 1251 2831 565 1288 333 1844 2623 20 506 1703 1363 214 454 42 941 2152 1286 1280 959 167 986 2502 23 106 1232 1602 609 2348 1866 1687 2678 2109 1659 1080 509 117 84 1032 474 2303 1766 2161 96 2386 2751 690 275 1632 1426 1400 856 894 1616 244 2115 1084 2457 2421 940
000181.jpg,761 2249 2317 44 16 1447 1469 2437 1483 1749 376 1672 1995 1990 834 1727 1836 2700 1044 2555 1178 832 2058 1865 47 1277 1425 1535 1462 1713 474 783 1714 727 2129 1838 905 2202 1224 1116 1914 589 2245 322 658 2785 2180 2523 2216 60 1263 304 946 1801 949 1288 1641 2190 2410 940 198 1703 676 2745 1750 2422 853 907 115 576 1371 1476 1203 2178 1222 1529 1423 1304 1363 34 1206 1798 1322 45 1654 1228 2497 2737 485 2441 1312 1412 76 1225 683 75 1343 1856 1064 1785
000182.jpg,1749 834 2058 1277 1995 1727 2555 761 2437 2317 1672 2249 1483 1044 1990 16 376 1178 2700 44 1469 1447 1836 1300 1425 832 483 1883 47 2784 1106 789 2216 1559 1304 2579 333 2497 304 1535 2178 1288 1798 1353 2831 1161 1228 2182 45 240 2571 2217 2066 1865 1703 905 1593 1064 251 1801 2705 2056 198 1263 1785 576 2726 1363 20 1361 1015 171 2224 2210 2401 75 2546 1203 989 95 1513 2118 2245 1334 940 2054 2313 1430 2522 2113 1206 1364 597 1712 183 1032 1451 1256 1957 1736
000183.jpg,555 142 802 1492 868 429 2078 1890 2029 554 1888 1053 878 2743 289 1562 2668 866 199 2333 176 2384 1393 1431 681 332 1033 2108 21 2451 432 1398 2227 2786 361 417 979 733 62 1268 340 1686 886 597 1418 680 1588 36 2117 1699 302 893 988 1065 78 292 536 500 1132 121 743 2423 569 571 1553 1430 1256 1499 2217 1449 1886 2267 193 427 1236 2380 901 1038 2090 1668 1478 2415 568 2224 91 213 1597 2533 2568 2566 2421 2408 2671 707 690 2602 119 2115 2638 2827
000184.jpg,79 722 2665 2068 1067 2511 350 1547 2305 1134 246 2842 116 1463 1935 2041 97 137 2741 1606 204 2135 1212 899 2766 1076 1464 804 2813 2825 2248 2580 686 2286 2382 329 2319 2292 2598 447 1962 2558 2736 1639 692 2436 790 1126 948 1777 1937 2393 2719 2728 140 725 1868 677 1055 491 442 1185 2506 1677 271 1452 1771 444 682 12 2440 165 2438 1592 2569 1408 2625 1892 526 1986 1721 1940 1944 1130 1223 2258 864 1841 1942 2207 362 2708 2294 974 994 1998 2037 1725 1063 70
000185.jpg,2843 257 1871 1731 392 1138 2609 1800 288 2613 937 1645 416 1707 1419 742 2331 301 338 730 1466 2377 535 1131 1527 1243 749 1068 678 336 1894 2290 2746 673 2299 2830 1005 1379 1794 2560 2492 2251 774 2151 1455 1581 365 1573 855 2788 1020 2730 2394 435 1174 2417 1094 2087 112 1007 593 2005 2364 410 2697 519 1142 1309 1498 1936 1783 2519 1968 881 1850 2516 2341 870 2549 1516 1040 2196 253 1992 544 1670 248 610 2243 1311 717 1442 1079 1779 2680 406 821 1966 1110 1678
000186.jpg,2509 1810 67 1075 1001 2583 2121 2350 202 249 1012 627 1406 1195 1944 404 1055 1609 2057 1894 1594 1869 742 2728 2825 1606 899 2207 2766 338 1212 1707 2741 725 2294 1088 2558 902 2135 2809 1223 232 1945 2020 2042 574 1516 499 818 65 137 2291 2233 1192 2033 204 378 917 388 1779 145 1512 730 2605 937 2254 2684 709 1517 2733 447 494 2842 371 2435 843 357 1169 359 538 1992 321 2651 1590 1935 2183 165 32 1910 2638 2780 2345 187 1259 424 87 2757 811 1466 1969
000187.jpg,120 1873 1917 890 771 507 2306 2191 533 2265 2789 1955 2199 1543 2681 2597 1099 1314 872 1885 316 1135 1441 2237 2610 1327 2212 2716 1109 1650 963 261 649 1164 2799 740 2177 1823 1111 1991 699 162 2527 367 968 1182 1332 2592 1852 2052 602 1010 972 1746 2764 1117 2322 235 2343 2773 633 2193 1774 2822 81 2552 2557 2119 2534 2689 1680 772 705 238 849 504 2250 587 553 2500 2181 2812 2774 503 2144 2770 2365 68 354 2715 670 2370 1974 344 175 159 2814 458 2819 31
000188.jpg,2792 118 567 998 1791 1583 919 1354 2711 2065 9 808 1579 1179 952 945 841 1769 2491 639 1854 2328 2778 1920 2252 2729 1977 1578 930 1470 1657 2647 382 928 2682 1970 517 1667 778 114 2379 1851 982 1770 1531 1651 763 227 916 887 819 2225 2723 1819 1625 2575 98 1585 1864 151 1271 662 311 975 1688 2042 923 2274 875 2474 2361 7 1063 353 776 1911 2304 1210 2793 1404 869 2393 1808 1639 2349 398 1528 2569 2416 1592 2618 196 1126 1367 25 1100 948 2292 2336 1237
000189.jpg,506 1844 565 1286 959 1363 1288 1703 2216 171 183 2760 236 2182 2608 621 2706 1064 2612 1364 1251 2705 2401 45 2056 2831 2522 1671 755 8 2197 325 745 1474 2450 1736 1638 2342 1806 42 2535 333 1387 1560 2512 690 2425 2096 1321 2156 744 986 2571 935 1098 796 2362 2645 836 2116 1436 1790 1709 1537 1504 2432 2071 2449 2750 2313 850 1933 2201 856 1032 2218 37 459 2823 189 1365 2060 2150 309 1336 2153 1015 1305 1113 894 586 222 1570 1217 2249 1610 23 1090 1267 334
000190.jpg,1993 712 1782 2767 1045 2836 1663 2439 1381 947 197 1658 1444 2241 1617 1544 1422 1328 440 2130 2050 1054 735 1679 1649 169 51 1870 1369 26 2649 2837 925 1261 2628 550 1840 179 348 2454 1623 645 1218 463 2707 480 2011 2840 1417 445 1796 1710 1029 1489 2289 1630 2769 665 2616 1446 1624 860 2817 260 1416 1360 965 1644 1948 305 900 2528 1926 1569 892 1407 1934 2790 2826 817 1307 1640 1437 2714 1656 155 1701 1294 2411 2246 563 2481 1552 1096 2044 1190 489 1112 2375 1102
000191.jpg,2545 2034 1796 2713 155 100 48 715 1569 2721 305 64 562 439 2433 1640 51 1453 1490 2309 2376 1860 201 1901 2650 1584 563 2826 1656 2817 2045 260 2023 1934 1407 2790 1148 817 1878 188 1102 1926 2501 1316 2755 2528 85 168 943 1319 1644 1624 2289 987 2044 231 925 2832 2411 2556 659 2088 2300 221 26 312 550 348 2649 611 1369 480 2213 59 1870 1123 1948 2455 1009 2454 626 857 1096 837 2312 4 421 712 1545 1496 2082 1815 1405 1417 463 1737 704 1307 2844 2424
000192.jpg,2797 352 1539 2844 891 1571 2269 2092 2833 90 17 1698 2139 2473 2576 1291 2223 642 1238 195 2100 846 2338 2403 573 2138 2371 299 1549 267 2486 2776 2226 837 600 1009 1994 428 2484 1622 2175 2455 403 1409 1159 1349 1338 1815 264 2253 1618 1982 1095 1735 741 867 667 2412 2063 2094 2731 1540 2255 349 1530 166 307 317 2738 2607 1589 2811 160 969 1078 1122 2648 1925 1814 1071 1660 892 2399 1295 1341 687 2709 1060 2710 1619 2635 1242 2158 1607 1826 1480 472 2633 1816 2758
000193.jpg,2567 2751 1171 1214 22 2109 106 1661 96 1927 894 2554 1632 419 2153 189 1032 1251 2401 2522 2056 45 2060 1364 1064 2502 1703 1288 2831 2152 2216 621 2182 2705 2141 2612 1363 2760 171 236 2726 183 2571 2608 1749 1605 333 744 1365 2313 1727 2841 481 42 2162 1371 940 609 1483 1336 834 2555 1004 205 376 1744 214 1469 1447 84 1865 761 1960 2404 2058 2566 198 1013 815 506 75 2521 2112 1269 2116 2497 941 468 986 20 1286 1844 1867 2202 2179 95 1434 1103 16 1891
000194.jpg,1125 1753 70 2077 2777 2772 2478 2561 1035 2510 1839 1834 431 2015 1252 951 2818 1842 18 2161 601 2 2663 103 297 1389 1533 1230 737 2504 766 1785 1830 680 101 436 328 395 1683 1323 364 581 1357 1213 2238 1559 215 304 2113 1115 2178 2471 1759 1186 2601 2000 39 2066 29 1180 962 2759 702 286 2546 989 2172 1728 2242 1423 2624 2644 990 1908 1557 284 315 1786 502 650 1801 1971 1798 1608 126 572 529 1845 2757 2216 691 1065 1693 1390 1235 853 1288 1821 483 424
000195.jpg,1357 2281 2288 39 1180 230 564 2495 1818 926 1786 1996 1836 1091 1106 777 751 76 1593 2114 2000 1257 1971 1538 1559 1535 2700 2324 2785 2224 2489 1846 2699 1116 989 832 1714 1713 1856 2437 1914 2493 1178 291 1476 2542 683 2132 327 1434 940 1561 2129 2202 1019 441 581 1346 2497 1224 617 834 1990 1451 2745 75 1685 1693 1672 182 1004 198 2058 907 2555 88 2737 1749 1483 2294 2441 2390 1727 954 149 95 2112 898 1343 2180 1528 728 2111 55 1298 1523 1979 63 845 376
000196.jpg,79 2665 722 2068 1067 2511 1547 2842 1134 246 2305 350 116 204 2741 1463 2135 899 1935 1212 1606 2041 137 97 2766 2580 2825 686 2558 447 1055 1944 1076 804 2736 2813 2728 1464 2248 329 2292 725 2286 2319 2598 2382 692 1056 165 1126 1677 140 2294 2436 2719 1962 1452 1777 677 1771 1868 864 271 526 12 1639 1892 2207 948 2625 790 1721 442 1937 202 2440 2393 1940 1408 2506 1986 1942 70 1185 274 491 2435 2258 67 494 608 2037 994 1130 508 1825 1841 682 2569 1592
000197.jpg,1444 2707 1679 2011 645 2837 1054 1623 1649 1328 169 947 1663 2767 735 1617 1544 1782 2050 440 2836 1381 445 2840 1993 1261 1045 2130 712 2439 1029 1658 2241 1840 965 1253 1422 51 1218 1552 2628 2287 463 319 134 1445 30 2735 1489 1307 2046 179 1640 992 1948 1710 1775 1416 489 2352 2649 1870 1437 2312 1208 197 1586 497 1369 2084 860 1860 2454 900 26 1897 674 1417 562 2481 2133 1362 305 348 155 2088 194 2769 1190 1123 2650 2424 2271 2002 1486 769 550 260 1468 638
000198.jpg,2171 2666 2043 2810 650 2816 1891 1723 2346 475 1916 759 620 1702 2643 732 181 820 1188 807 1797 1865 1260 1541 6 285 1697 1882 1603 546 411 922 750 1605 420 334 1858 1083 1221 148 2521 1397 510 468 582 594 1456 2179 2502 2768 1738 2807 2152 37 2497 2056 198 1284 1502 1570 980 75 1703 1488 372 1288 2313 1364 45 1203 1251 2278 2182 1015 1004 1064 2469 2118 752 1222 1322 2216 954 2522 940 1206 1610 1760 95 1412 1685 1763 2705 36 1749 2074 713 322 973 2831
000199.jpg,1472 478 430 2693 1303 2236 1475 331 726 999 655 1124 2053 1635 390 1967 1050 314 1715 1037 1918 1140 2059 1127 1274 1662 1438 471 27 561 2406 1648 806 534 799 484 2429 363 2505 2465 936 1921 2061 1187 721 2407 2402 1647 1780 1273 1972 1395 402 2301 2470 653 1317 643 758 1756 1568 786 268 1692 805 1465 2244 780 2698 53 1011 1755 1275 2173 290 1024 1216 1008 782 2280 2531 389 838 2687 1018 209 1730 2611 2690 2794 1929 108 2765 2467 2285 1378 1282 2062 2017 2164
000200.jpg,1175 485 589 1306 1951 727 658 2787 646 1798 2054 293 714 1558 1207 2072 1087 614 898 1137 1928 1361 853 962 2113 2066 1166 1213 1230 2409 572 1394 304 895 2178 1334 2323 93 1590 395 1257 2000 529 1451 2644 1559 2324 2546 1801 76 1197 1115 2493 803 1300 2224 465 1106 1786 1389 1427 1883 2784 1312 1971 2277 251 483 1683 374 2667 1597 989 240 1538 2540 634 215 545 426 24 2759 1353 581 101 2143 789 1561 364 436 1180 2024 1357 676 2430 751 2074 2114 1898 341
000201.jpg,1444 2707 1679 1054 2837 645 2011 1623 1649 1328 947 169 1663 2767 1617 735 1782 1544 2050 2836 1993 440 445 1381 2840 1261 2130 1045 712 1029 1658 2241 2439 51 965 1422 1253 1552 1840 2287 319 1416 1948 1218 463 1208 1710 1307 1489 134 674 2735 2046 1437 860 1096 1586 1860 562 489 1640 992 1369 497 1775 259 2352 305 26 2650 2628 2076 1897 2454 2133 906 2084 1569 179 900 1486 1445 1417 1362 1627 1701 1123 2088 2272 2649 715 348 606 2721 925 1870 2312 64 1468 2769
000202.jpg,2403 1735 667 1629 203 127 1524 2740 428 867 1863 1925 1619 90 2371 226 2749 1982 1159 2731 2063 2412 403 17 2776 2797 2431 154 814 385 1059 573 2255 342 1814 2484 2473 2811 352 1122 1815 891 1589 264 1338 837 2455 2269 2844 2138 2710 299 2576 846 1530 472 2094 1078 879 2139 1009 1549 2460 2607 2633 160 1421 2833 551 2092 1660 687 2266 741 2783 317 641 2175 1539 1480 1238 1811 642 267 1291 557 798 600 1803 1295 2486 1816 1571 2189 2339 2738 2385 1698 2100 1060
000203.jpg,1697 2167 1188 922 2268 298 1763 2643 759 181 459 546 1702 620 732 1260 1456 807 1797 1221 285 37 6 582 1284 1090 1285 1082 1570 1882 1308 2043 411 586 2171 2816 1083 1541 973 820 2666 448 1318 1858 2810 650 2807 443 1006 122 661 475 980 1723 1891 636 2118 1916 1015 1884 1911 2346 2194 2623 2261 1610 1603 2168 1536 468 1227 956 2476 669 829 1153 2313 1322 1865 275 334 2425 1267 476 2263 796 1200 752 2463 2823 1145 1761 2469 750 236 1502 1084 2086 461 1380
000204.jpg,1096 1948 1416 1362 1897 497 1586 992 2046 2352 1218 2721 1569 2241 2213 64 1051 100 2034 2272 1381 155 2815 1658 1796 48 2545 439 1630 2650 712 1860 1316 715 1782 51 1360 1045 2767 1993 231 305 892 194 259 2298 704 562 2836 1640 46 2817 2628 1319 1926 1123 925 1684 26 1446 2300 221 2790 445 1934 352 2246 2454 1009 2755 1261 1369 2556 1496 2455 665 2100 188 2312 817 1215 1656 2616 2481 1710 1663 611 1636 947 1939 1584 2185 563 348 2584 987 2832 2517 85 2649
000205.jpg,2713 2433 1453 2376 1490 2309 1901 2034 1860 2545 1796 201 100 48 155 715 1569 563 2721 439 562 305 1148 1640 231 64 2650 168 2826 51 260 1316 1878 2088 559 659 421 1584 1123 1034 704 486 1437 857 784 2461 1307 2501 2289 900 2367 2714 2272 2515 2553 1350 2229 2189 480 405 188 950 2840 978 1828 2213 59 1948 85 1870 2844 1964 77 1190 1934 2424 2769 264 746 793 1362 210 1486 352 1752 26 41 1496 185 2455 1636 2614 57 1369 2649 2155 2007 912 2082 1377
000206.jpg,752 2823 411 1188 229 1858 620 732 1560 759 181 922 1702 807 1456 1797 1260 2643 1284 546 468 122 2261 2807 1541 1227 2071 2194 1638 1697 2313 1761 2362 476 661 285 1221 1318 1153 2816 1882 6 2043 1806 1321 1790 669 755 582 820 897 2512 980 1083 1736 2118 2645 448 1015 2201 935 1098 2096 1933 2666 2750 1709 2720 2171 836 1305 2432 650 1283 1603 1884 1610 2168 750 644 2425 334 636 2442 2810 2476 973 2450 37 2688 2342 2156 1570 1504 1536 829 1108 1911 2691 1768
000207.jpg,546 582 1221 285 1083 6 2643 1702 732 759 1260 620 181 1797 807 1697 1882 1318 2807 1188 922 636 1536 1858 2816 1541 2278 1891 752 2043 2171 1723 475 661 2194 2666 1916 2346 1456 650 820 2810 2261 2476 1603 1768 1865 1605 468 2313 2761 1153 2492 2168 1227 956 1761 713 774 2425 1206 2678 1284 411 1145 2469 2048 560 669 1450 229 691 2167 2107 281 2688 1420 1560 1732 2720 1283 830 2152 2502 393 644 476 2463 339 594 2395 1740 2621 1678 2249 1322 2275 387 2086 905
000208.jpg,898 465 853 1300 1197 1561 1087 540 714 1558 1631 1928 2072 1166 291 2409 2493 1207 1590 617 895 1535 803 1593 634 93 614 2430 1689 2143 2324 24 1346 2066 2242 2542 2024 1597 483 1785 426 499 739 1213 832 1228 1161 2224 1115 834 2579 2113 1847 1257 1334 1773 407 1513 1749 1389 2638 789 2546 2784 1795 1883 1804 1277 2827 240 2759 2058 251 751 2700 2112 676 182 576 1137 2785 2441 1538 1672 2238 1836 792 1693 310 1971 1914 2217 1353 95 149 304 940 1727 2437 374
000209.jpg,2224 76 1149 2756 293 2320 598 2495 662 2673 1555 754 853 739 286 1894 1473 2021 742 2172 1613 2221 1707 1231 895 2533 2225 2539 2629 1818 2667 1557 763 882 2428 2491 2683 2328 426 1928 2622 93 1466 1199 2387 1590 2423 1728 1390 1909 1637 1791 218 1944 820 677 29 1670 803 714 589 1759 1761 2568 249 1359 2720 926 1977 137 658 1499 2809 1212 1747 2143 2757 1166 1651 12 1900 574 1207 1980 986 146 1597 338 255 1740 1567 2031 869 2509 1606 1645 446 889 691 948
000210.jpg,1102 1656 2790 85 2817 1934 1926 2501 817 2832 312 1624 2044 943 2411 1644 2528 987 1407 221 188 2300 1405 635 1319 2034 2545 1796 2270 611 556 2082 1146 1386 155 2389 480 2826 550 1545 1870 1737 4 59 925 626 2649 260 563 712 547 1752 2397 2631 1630 348 2312 1369 2439 201 1658 1202 305 26 2454 48 2556 1045 197 1569 659 1782 1417 1360 179 1422 1901 900 518 1381 559 1468 2367 2652 2574 1316 2721 463 1840 2289 100 1029 904 2477 2309 2419 787 1544 2713 1112
000211.jpg,2765 1039 89 1024 314 131 2531 1875 1843 1967 1011 1274 1050 2285 268 1124 390 1635 1715 1037 495 1500 452 2053 1475 33 1472 1127 1648 2406 241 2565 1140 2236 1503 1730 2316 1929 653 1187 27 2693 2059 1941 53 2407 2301 2687 2173 2773 1378 449 467 1655 484 1008 1022 430 200 331 1216 478 1789 628 2806 2280 1662 1706 999 1275 1026 2698 290 324 1021 295 927 1923 389 1831 2232 1297 1220 799 2429 2091 363 2017 758 1273 1813 1282 838 209 1829 1568 655 464 840 408
000212.jpg,957 2464 2725 1889 2448 609 1766 2404 509 844 2457 1515 5 744 1696 244 2115 2128 1426 466 1616 2141 2124 1637 425 388 1987 163 498 1326 815 1061 1556 2351 232 473 2014 375 2366 2109 1945 1880 1525 306 1754 2566 520 1661 183 2522 2056 592 106 1269 45 894 1032 1064 752 1038 1596 19 2153 2278 941 1960 229 1280 171 1849 2572 2554 2222 621 2263 2182 424 419 2760 119 2720 2751 2807 84 189 1364 1251 2508 2354 2521 1927 2726 1171 2562 2060 1383 96 1365 644 1560
000213.jpg,1375 2548 857 2662 1776 1350 2456 2356 1551 1887 1043 720 2332 2363 2659 2039 2590 2727 704 2123 2206 746 1191 801 885 1877 421 706 2460 2739 1724 1665 570 656 2399 1542 228 2327 263 2321 1925 798 77 2672 557 1457 307 1193 1 1229 1619 158 689 2186 1664 1792 2229 2198 1930 1575 2581 1086 1520 797 879 1025 1358 1947 551 2004 756 842 2125 1861 342 2749 2330 57 687 667 880 1982 1675 1034 1580 1392 913 2187 2215 493 154 294 2844 859 234 795 352 1234 2050 1522
000214.jpg,455 1262 113 2232 2137 822 383 1506 1568 1356 1505 1140 525 1248 216 2070 27 2470 2311 1435 654 2565 625 245 679 1598 799 1141 858 838 131 408 209 1274 314 1024 1282 1124 49 139 758 2693 1875 252 1780 1018 1127 1967 2053 2407 2173 464 390 2698 478 782 1503 2765 2280 1612 2059 1635 363 418 806 1662 1706 1715 1475 1050 356 1787 1932 1187 389 2017 484 495 239 2505 2465 653 2429 295 2396 2611 241 296 2632 534 726 786 2794 1395 471 1481 2531 2301 2236 1216
000215.jpg,2263 1525 2562 1318 106 1536 2678 2141 2442 1083 1596 2720 1280 2188 2278 1726 636 644 971 2048 2807 387 2401 1768 2761 2623 96 2168 43 621 2498 2688 1108 1797 474 1504 2737 732 1283 2612 1170 1032 2572 940 1927 84 894 181 1483 620 946 2476 2522 2718 2554 2831 1632 762 1979 1251 270 661 189 1004 1198 300 1263 1727 1103 2555 2386 1790 1880 2503 1802 1380 1365 2060 2245 1482 2147 1999 1762 1336 2071 1436 2448 2218 624 957 1371 640 1064 2153 1458 2705 1750 1343 2086 2695
000216.jpg,702 1830 848 126 2471 2601 2624 1845 1908 578 931 1114 2276 1767 103 1323 1235 688 990 297 502 284 1186 1608 1413 835 1391 768 1107 2314 1720 1821 250 1340 1254 903 1310 65 1512 2388 1975 684 2656 954 2149 522 1426 581 1798 75 1203 2497 1298 1397 2542 1605 1685 2494 1738 198 420 1207 1801 1434 1106 1559 215 1004 940 1175 1916 2706 1570 1458 2056 737 1693 485 962 1343 2152 1230 2768 304 182 2114 2737 2113 1683 310 2726 1144 1602 767 327 2469 2521 15 1206 272
000217.jpg,589 727 485 1306 658 1175 1951 2787 714 2072 1207 1558 293 1087 646 1798 898 1137 614 2054 853 2066 1928 1213 2113 304 1166 2178 93 895 1590 2409 2546 1394 1257 1361 76 1115 962 1197 2324 803 1230 1427 1334 2540 2323 2224 572 374 2493 1312 251 634 1300 1389 529 395 1451 1971 1597 426 24 2143 2644 1786 2430 1883 1149 215 436 1559 101 2784 1785 465 1900 2024 1689 483 2759 286 540 1801 2673 2172 2533 1683 2320 739 2149 2000 2667 29 364 954 581 1602 545 2656
000218.jpg,79 1067 2068 722 2665 2511 350 246 1547 2580 1134 2305 2842 1212 1076 686 2135 2041 2598 1464 116 1463 2436 1935 899 2741 2382 2286 2813 97 1606 2248 137 1452 804 204 329 1639 1777 677 140 682 2393 1937 491 974 948 1185 657 2708 2569 1868 1962 1223 2438 1592 2506 2766 790 1874 146 2558 2736 1632 1944 217 96 1841 362 1329 419 2335 2825 1130 442 2116 856 692 1337 1126 1986 1052 2292 894 2153 447 1764 2435 2719 2554 2257 165 964 2427 2839 2570 1057 1305 481 647
000219.jpg,557 1862 2460 879 2363 352 1863 1619 1925 127 687 2213 1982 1509 1607 2444 405 2835 1341 2758 2710 2738 1069 160 2595 299 1078 147 2844 1421 2139 1807 667 1549 1480 2175 2094 1524 1242 1295 685 1530 1366 2385 262 2189 2614 888 2801 273 1660 57 1 1828 1025 1811 428 2138 537 1338 2833 2468 741 1816 1792 2820 2412 2607 577 1349 1034 2811 2269 1735 203 641 2431 1167 1520 2517 317 349 1276 2403 195 798 1803 307 264 2004 210 1059 2125 793 2776 2524 2633 885 2371 1215
000220.jpg,2792 1579 945 1179 567 841 9 118 1791 2491 1583 2328 639 1578 998 1977 2682 1470 1920 2647 1354 919 1769 2065 887 1667 2252 952 1531 2711 2778 808 1063 1770 1651 114 382 1854 819 517 2723 778 748 227 1970 1585 2575 982 930 1851 2729 916 763 2225 928 1657 2379 1625 1819 1643 2042 910 2334 1864 1942 515 2081 1042 196 271 2499 2462 585 98 1466 368 531 1359 2813 1408 1344 869 353 2440 2012 18 1721 2585 247 2474 2248 1511 522 494 1772 723 434 864 1574 2067
000221.jpg,1113 2141 2152 2502 1371 2263 1525 621 183 1364 2056 1251 1768 2522 2401 45 171 2182 2841 2761 2048 270 1064 629 2612 1283 214 2705 236 2760 2572 1288 2831 1108 941 2608 1703 1605 2216 84 1363 327 851 2623 1139 959 1365 1865 1286 1280 2348 42 506 1844 1661 565 1144 744 1602 1866 2677 1953 106 986 1560 1960 924 2116 1032 229 1397 1738 333 609 420 2571 474 1171 2503 1949 2720 1987 940 2109 2497 2768 40 198 2197 2678 2567 2442 2404 2751 1184 481 1458 644 594 844
000222.jpg,352 557 879 2460 1366 1480 1816 2363 2138 2607 1660 1539 1349 2175 2633 1925 160 1242 1619 1078 2094 2710 1530 147 127 1863 299 1520 2139 1 273 2797 2269 2473 1982 2431 307 1025 1862 577 2738 1421 814 2709 2595 2844 2833 1069 685 2758 891 2371 2648 1341 2213 2727 1607 2403 867 1803 2092 2455 428 385 2524 264 2811 267 2104 837 2226 166 1509 2399 472 1540 1549 2444 1167 2614 2484 2340 1355 1815 262 349 667 1009 888 2576 90 1238 969 1618 1698 1059 405 641 1811 1291
000223.jpg,898 1300 2066 2113 1213 1087 853 1558 714 2072 1561 304 2178 1197 1928 1207 1166 2409 465 617 1785 614 2546 1115 895 1590 2493 93 540 1389 803 2242 2324 1631 483 1137 2542 1228 634 1535 1346 1394 1161 2784 1773 1513 2430 2143 1883 1847 499 1593 1019 1333 24 485 1597 1175 1334 2024 291 426 63 2827 1798 1795 727 1257 954 2022 407 149 1685 1689 310 2224 1353 1951 240 1298 2149 182 251 1693 1306 374 2054 658 1343 1093 589 2016 2656 2441 1760 789 1712 940 2787 76
000224.jpg,536 340 2090 121 569 332 1132 988 193 1588 1268 1431 979 2227 36 2786 1562 2668 2108 1418 1793 1449 2217 2384 1393 886 1065 176 1890 1686 427 289 417 1033 901 2415 733 1492 142 597 1699 2117 1256 866 802 2451 21 1888 2743 2078 571 199 2568 554 555 429 2029 62 500 1553 681 361 400 1398 1910 1728 2333 213 2267 680 2335 2380 1764 1430 1053 893 1329 1301 1337 29 617 2083 2295 1886 2533 1801 672 878 1035 1474 2661 1236 292 827 499 2140 2827 2828 2413 2638
000225.jpg,2138 846 573 352 537 90 2614 642 600 1735 867 2100 961 2835 1159 2486 1338 17 1622 2255 1060 403 1815 1078 2412 1698 2063 2811 160 1341 1530 1009 1607 1571 2758 2094 317 1069 405 2484 837 2709 2403 1828 2455 195 2338 2738 1349 1964 1619 687 891 1925 166 2844 127 1660 1421 264 2797 2223 2607 1816 577 1540 1480 2339 1994 879 349 892 2633 1862 667 299 1814 307 385 428 1291 1982 1238 1618 2371 1366 913 2460 2595 2648 234 1863 46 267 557 2473 511 2635 1409 2431
000226.jpg,834 2058 1749 1277 1727 2555 761 1995 1483 376 1044 2249 16 2317 1447 1469 2437 1672 44 1178 2700 1836 1300 1990 832 1087 940 898 783 1343 1535 1865 2737 2072 2066 949 2542 1785 727 1558 2571 1161 1004 2497 1103 198 853 1298 1561 714 2112 1207 1593 1228 304 333 75 95 465 617 1425 2113 2216 2178 1213 589 2827 576 47 2202 485 2726 182 1175 954 2546 596 1288 1064 1685 1847 149 1513 483 1434 310 2784 614 658 1798 1760 2024 1712 1389 744 2162 2182 2785 1217 1304
000227.jpg,2720 2141 2048 2562 620 2442 1318 1365 181 2278 2761 106 387 732 1768 644 1536 2807 1596 2688 43 2591 1797 621 636 2448 2263 2502 1280 2498 270 2401 941 752 84 957 1283 1953 1458 1726 2718 2230 2188 2612 335 2841 2623 1525 2168 398 2725 2386 1108 2678 2152 1251 2503 1482 1170 2203 2220 785 482 762 2705 341 1004 1979 96 971 1364 1927 2831 1139 2160 214 949 1419 1198 1171 2737 940 1083 60 661 2079 1802 75 594 171 198 2464 1880 2218 510 2476 2522 2526 1343 1032
000228.jpg,213 2408 707 757 1849 1533 761 558 2354 2295 1945 520 135 1478 424 1728 1722 2413 1867 232 1448 2615 2566 1269 1529 119 80 19 1733 1296 1231 2390 1132 1383 1093 783 1588 1984 184 2744 1265 2533 2249 540 29 1749 2317 2441 834 536 949 2172 617 2827 2756 1535 286 2638 2242 2320 1149 1561 407 2224 2021 2673 983 1914 766 754 2058 1727 121 2464 609 1719 1766 1312 1856 2111 2238 44 2190 36 1431 2785 1277 2227 2404 1865 1033 2112 1236 2078 1562 310 2668 1661 2555 1804
000229.jpg,1125 1753 70 2777 2077 2772 2478 2561 2510 1035 1839 431 1834 2015 1252 951 2818 18 601 1842 2161 1759 2 1557 2757 2622 2663 315 1390 297 2471 191 2601 103 1165 502 2624 1845 1235 1389 1323 581 990 1186 1908 284 126 767 1951 1533 395 688 1306 2504 702 2000 1683 1230 578 1559 962 1130 1115 1830 101 2302 1801 737 364 727 304 165 848 1391 2314 2178 1608 2546 436 1423 277 1728 1175 2113 1213 658 589 853 2759 680 1137 1451 1340 1798 1980 572 522 328 614 485
000230.jpg,2713 2433 1453 2376 2309 1490 1901 1860 201 2034 1796 2545 48 100 563 305 562 155 715 439 1148 2721 1640 64 1569 2826 231 51 2650 168 260 659 1316 1123 2088 1878 421 559 704 1307 784 486 857 1437 1034 2229 2272 2213 1362 77 2515 793 2461 2553 2455 1765 2840 900 264 2367 1584 837 2289 1496 1828 210 746 1190 2815 1369 2649 1815 185 1486 2155 687 2581 1350 1096 1948 480 294 1009 26 59 242 1377 2844 2332 2694 2732 405 2327 798 2007 2094 1870 1861 445 2456
000231.jpg,2045 1584 2023 2755 747 770 258 1796 817 2300 1926 892 463 1319 2817 26 1369 638 1656 1870 712 925 188 1514 2545 1102 787 2034 1624 1045 2790 348 611 1701 1029 197 2082 1407 46 2649 155 665 85 1362 1934 480 1417 64 547 2397 1386 2635 2454 943 2481 1658 1630 221 2270 550 2246 2832 860 2574 1948 48 100 1416 1489 1644 1468 1897 312 1381 1710 2185 1782 2769 1146 1360 2375 4 987 51 1190 1640 2424 1096 1569 440 2836 2501 600 606 958 2367 305 2215 1411 2419
000232.jpg,1456 1570 2313 2153 419 1284 894 1260 2554 2060 1697 2823 1188 922 189 807 459 2167 2268 411 546 468 1632 759 1858 1032 1927 37 96 2643 181 732 1153 1221 1702 448 1797 298 167 1308 1084 620 122 454 396 1763 586 582 106 372 1015 1082 1865 6 281 2043 592 1882 38 1227 1844 2810 481 443 2627 285 2261 1593 275 1199 475 1610 1189 1250 2171 1286 20 2425 1591 820 636 980 755 2194 2030 1560 1288 2346 1353 1723 1057 2706 1329 1836 938 1525 1090 1916 1426 2422
000233.jpg,2792 567 118 1791 9 998 1579 945 1179 1583 841 2491 1578 2328 639 1977 1354 2065 2711 919 2682 1769 1470 808 952 1920 382 1854 2252 2647 1770 227 517 778 2778 916 1667 114 887 2723 1531 1063 1970 2729 1651 2575 930 982 2042 819 2225 763 748 1657 928 1585 1851 1819 1864 2462 98 2379 2334 353 776 1625 2499 196 515 923 1643 1639 2813 274 2248 804 2393 2067 2304 1493 948 608 1777 723 1942 2081 329 1157 271 2165 604 526 2286 812 864 2438 2349 2639 1042 1595
000234.jpg,1749 834 1277 2058 1995 2437 2317 761 1672 1727 2555 2249 1483 376 1990 16 44 2700 1469 1447 1178 1044 1836 832 1425 1300 1304 47 2571 60 251 333 2831 576 1593 1401 2497 1535 2492 1883 2579 1427 2096 1064 483 374 2705 1712 1865 774 75 1801 792 905 2522 980 2578 1217 45 1394 2401 1904 768 1206 2784 2381 1884 1251 36 1556 1015 1288 1364 2056 903 2182 2210 2335 744 1336 309 1798 183 37 1013 855 198 339 500 1263 1760 2313 2243 2547 870 2216 1363 713 2118 171
000235.jpg,2649 1870 925 348 26 1369 2454 480 2769 550 2714 179 663 2538 712 1422 1417 2375 1710 2130 1489 860 1045 1701 197 2241 689 421 2050 1658 524 1193 463 445 1840 1782 260 1617 1468 2581 2840 518 1381 489 659 1319 559 611 645 817 2574 970 2419 1437 1253 2817 1551 1552 2397 1788 2439 2004 440 1544 2011 188 2836 1930 1486 2039 2312 1624 1737 2652 1348 626 1328 900 570 1792 2628 433 1172 977 59 904 2676 2501 2044 2084 2123 2826 1545 1983 1146 769 280 1934 168 704
000236.jpg,403 2063 1815 1159 2138 127 472 2455 2484 1009 837 17 226 573 264 1735 1338 352 317 2648 846 667 600 1982 2266 1619 2412 1863 1925 1421 2094 537 2255 879 1060 1530 90 1814 2835 577 2189 867 2820 642 2100 428 1078 1816 2811 2339 2614 1828 299 405 2607 687 1698 2486 1607 1660 160 195 1122 2371 1964 2797 1571 511 1803 2633 2731 2844 1341 2431 1366 2738 2092 1480 1589 2595 1622 888 1069 2444 814 2758 2139 1324 2385 385 2466 2710 2833 1939 2776 2460 2709 147 2269 2338
000237.jpg,956 1882 448 1911 971 644 2476 2688 2188 909 669 2442 1536 1797 829 636 1768 1318 2194 2167 1221 387 582 1697 1227 2425 1687 546 661 181 2678 2261 1400 1726 732 1267 1541 2498 2720 459 1153 1802 1260 1761 2118 1206 2503 1880 1188 1933 2197 2761 476 1108 300 2623 620 1015 1610 1180 762 2695 2048 2807 1790 1346 922 2263 2071 2168 43 1884 373 13 6 1280 1525 308 2512 1286 2823 2562 1458 2463 905 2572 1322 1084 115 624 2107 595 2268 2079 1820 2706 1487 1083 973 1676
000238.jpg,1361 1798 572 1230 2054 962 395 2644 529 2277 1801 1394 2787 1451 293 727 646 2323 1951 1306 589 1175 658 485 545 2000 1334 1683 364 2040 2504 215 737 766 251 989 1213 304 2113 2178 436 2238 2066 1559 101 581 1427 789 2540 1900 328 1883 341 483 2381 2579 1115 2759 1971 1257 2546 2114 240 1389 1106 1898 1353 803 2784 1786 374 2320 2242 1312 1093 407 2161 1300 1137 614 39 1091 1149 2533 2756 76 2021 1231 1513 1207 1357 1693 754 2149 2656 845 1333 584 1728 29
000239.jpg,222 2218 1933 1305 1436 1504 2512 1790 2071 897 2362 850 836 2394 1638 935 2645 2096 1911 2156 1098 1321 2750 1052 2452 2355 755 981 1736 1806 1709 2432 1200 2342 2446 2450 2420 1621 99 612 1023 2560 717 2642 2201 707 1968 757 644 1145 208 2408 141 1581 2655 599 2587 1309 2290 1717 2404 766 1020 1634 783 177 424 1085 881 2074 1599 2830 1628 73 816 2195 2122 1006 2537 1719 437 1722 2202 2510 1766 666 2163 2238 2829 1573 328 2504 1387 453 401 2161 477 1425 483 908
000240.jpg,135 2295 2413 558 967 1448 2615 707 2408 213 1265 1804 2354 1849 1478 184 568 1945 232 2638 2235 1719 424 91 2566 119 1722 1296 1269 520 80 1383 2533 29 2320 1149 1867 2296 2390 1529 792 1728 19 2143 24 286 1733 2172 2756 1689 2744 2673 2021 2260 739 426 1597 1984 754 634 2024 540 2224 218 2472 2430 1533 1231 2827 310 1593 802 2441 1535 757 1431 983 2016 388 1888 2121 868 291 1001 293 1492 1588 1061 2078 142 2748 1312 2785 1886 1132 1091 1075 509 1256 417
000241.jpg,1931 2526 2220 939 1433 2704 2089 2445 482 2183 2427 255 1439 217 1330 2051 637 2657 521 2617 2308 2712 619 574 2683 2639 2057 2291 494 647 1223 1874 2435 1899 2499 598 146 368 1725 1677 531 1892 1771 2037 608 2440 1998 444 274 1942 271 1088 1555 526 1592 1408 994 2625 2569 508 864 677 1944 1055 12 2438 1365 682 2728 790 1937 2719 1052 657 2813 2393 329 1639 974 491 1473 1185 2708 1056 1868 357 804 944 2286 1721 457 447 2809 2207 2780 140 948 2805 2605 2382
000242.jpg,557 2460 352 2363 879 2468 2710 1539 2226 1242 1619 685 2175 1925 1863 127 2749 2444 1059 1509 154 273 1480 1349 2709 2740 1530 1549 2811 2633 1366 2269 2607 2738 147 2524 2104 342 160 1982 1025 2797 1078 1373 641 2403 1660 1215 1862 1069 2771 2385 307 551 2595 1811 262 1341 667 2576 741 2094 2758 2517 1816 1 2833 795 2844 2139 814 2529 577 1698 2092 2455 1607 299 2340 1540 837 888 195 385 2431 2213 1803 867 1167 2776 1295 1735 1009 403 1815 166 267 912 1520 2100
000243.jpg,767 277 1938 1443 889 1833 2686 1747 2496 211 1460 369 2532 2315 1980 1989 2702 2510 431 2818 951 1834 2015 1252 2478 2777 1064 2522 1418 1277 2077 2497 45 1793 1342 2056 1074 617 1605 940 2058 803 2772 1091 2182 713 75 1065 2217 198 417 13 20 1176 1087 1686 1343 1727 1371 2463 1080 1203 1004 853 2335 36 1272 2108 2521 1561 576 2668 2441 1047 76 2760 1125 2203 1562 510 40 1749 745 1753 997 2245 236 1322 824 597 2827 1996 2571 167 1364 332 2700 23 594 1401
000244.jpg,1051 194 2352 1218 2272 2628 2815 1261 1965 1636 1496 1316 2556 1840 1658 2439 2241 1948 1381 1416 950 2836 1586 1096 1045 1544 497 2069 965 1782 440 2046 1752 712 1897 992 2130 2412 1649 1362 1422 735 2255 1054 1860 64 2713 2367 518 1663 2840 169 1993 2050 2811 1775 1862 1617 1253 2767 674 197 231 1437 1444 1428 2007 319 659 2631 2376 2732 280 179 1589 2707 2418 663 1848 947 1580 1552 2837 900 489 689 134 51 2138 1046 1122 563 978 155 645 1101 2433 317 573 1679
000245.jpg,2843 257 1871 937 1731 1138 2609 416 2613 392 288 1800 1707 1131 1243 1794 749 1645 593 2151 338 2746 2364 2290 2549 1311 1005 673 2730 730 1419 544 1466 742 1966 2788 1379 301 2299 434 2417 2377 1968 410 1783 2830 253 1040 365 112 2251 678 435 2560 535 1527 1020 2331 1581 1068 2005 336 1670 1079 855 2697 1946 1309 1573 2196 870 1850 774 248 605 1133 2492 2219 1174 1110 610 1455 1094 1498 883 1007 1442 2341 811 717 1936 881 1424 568 2087 2519 19 2394 1634 80
000246.jpg,106 96 2567 1927 2554 1632 419 894 2152 2153 1661 2502 2751 1171 22 1032 189 2060 2401 1214 2109 1251 2522 1371 45 333 2141 2056 1364 1064 621 1703 2831 2263 1288 2216 214 1605 1365 2705 171 2841 1749 2571 2623 481 2612 1865 2313 940 1363 2182 2726 1727 1891 2760 183 744 198 1004 2608 236 761 2497 2555 2566 844 620 1525 2572 834 75 1263 2404 1283 2112 1960 1015 2666 815 1434 2058 2116 2162 2604 957 468 84 1177 1987 1858 1144 2203 941 1108 205 482 1113 1203 1280
000247.jpg,540 1561 1346 2242 1535 617 2441 310 2827 407 1856 2656 1093 2111 1693 1914 2542 2016 2238 1343 766 1631 832 983 1019 2149 291 1996 1434 1298 1091 1593 2785 949 1087 2190 182 695 2112 1176 898 63 940 2072 2737 777 1836 2202 1207 2129 954 1558 2615 1004 95 1685 1334 634 132 2143 2745 24 1689 1448 149 783 1333 1743 979 803 1166 1760 1785 596 853 1161 2224 2493 1103 499 714 1928 1590 1203 2700 1197 328 2521 510 1257 2744 426 424 2786 1597 2227 1130 1712 1971 232
000248.jpg,2665 2068 722 79 1067 350 2511 2305 1547 2842 116 2741 2135 899 1212 2766 246 1134 1606 2041 204 137 1935 1463 97 2558 447 2825 2258 2580 2736 362 692 1962 1841 2292 686 165 442 1944 2319 2719 2598 725 2728 2506 1076 332 1055 1183 988 1126 2090 1057 2384 569 1998 745 984 1825 1793 657 2436 790 1661 2573 2294 325 1588 1130 1329 1562 2077 193 388 866 1910 2207 804 2772 2286 1521 2777 2055 2478 853 1132 2222 1984 1728 1464 2057 733 1337 454 2108 2472 1323 1888 2828
000249.jpg,2624 1845 126 2471 2601 848 702 1830 578 1908 2276 103 1323 1235 931 688 297 1114 1767 990 502 1186 284 1413 1391 2314 1608 835 768 1107 1340 250 1720 1821 903 1254 2388 684 65 1310 1512 1975 1559 522 1916 1106 2000 581 1397 2346 2777 2656 420 767 2768 1605 475 2772 1230 2077 2706 1125 2478 304 962 2787 1207 1801 803 1139 2178 2113 1175 1798 745 1839 1753 1357 1080 1298 325 572 2841 485 2036 1570 737 215 1213 650 70 2542 2152 1602 1451 954 2620 395 529 658
000250.jpg,1419 392 301 2331 257 1425 937 1200 2843 535 2377 1527 2030 2627 396 1871 2613 2318 519 1731 1778 1138 2420 1800 905 2680 2249 1479 1380 1992 761 2341 2609 1714 1713 2763 488 1750 1203 1206 1387 744 1645 288 1836 1178 1222 1342 1476 44 1020 1749 1469 416 2317 1779 676 2463 2410 105 2437 336 1263 1707 322 1243 1894 2700 738 479 2202 1990 1957 163 272 16 946 2245 1219 1865 1068 1581 36 2523 289 831 834 1727 1385 253 47 1447 1322 2573 2222 474 2745 2190 1637 1740
000251.jpg,2232 838 209 139 1282 408 2173 2017 356 2280 49 245 296 27 653 525 2565 2396 1843 1127 1274 2164 495 239 2765 1024 113 2693 654 1011 1500 1472 131 2794 1781 2531 1961 1568 2091 449 290 455 1140 1262 1506 383 1505 1787 1875 241 2285 1780 2137 33 1021 2311 1124 1941 2025 2316 799 2053 225 1755 822 2669 1356 268 1248 1475 216 200 618 1435 1216 1967 625 1037 314 1598 390 1635 61 207 679 452 1050 1715 1503 1662 858 220 2236 1395 805 192 782 1018 1647 758
000252.jpg,2649 1870 925 26 348 1369 2454 480 2769 2714 550 179 663 2538 1422 712 1417 2375 1489 2130 860 1710 1045 1701 197 2050 2241 1788 463 1658 260 1840 1617 2289 2840 445 433 518 2439 1102 421 1381 440 2574 2397 1782 1656 1190 689 1146 2826 735 1934 2817 188 2011 2424 489 1319 1544 659 769 2501 1253 2836 2628 1552 1328 1901 2790 1624 559 1437 611 524 645 2088 817 704 1202 563 943 1930 970 2039 1926 1895 2650 1358 1792 2832 1665 2084 2581 1468 2419 570 1752 900 2544
000253.jpg,377 2798 2629 828 2578 2539 729 1429 2428 2120 2031 1070 2221 672 1272 640 933 2210 13 2828 2520 1764 964 2038 1337 1399 1668 2570 2640 2602 1910 1266 2335 1374 2808 2083 2839 1952 865 1249 358 2795 1329 2671 45 2056 2608 955 236 400 2522 2760 2182 2464 2401 571 2448 1064 1364 171 2831 1521 1217 680 2725 2571 698 328 1425 1251 2612 2238 2661 621 2384 2705 183 2720 2678 644 2512 2445 1793 2415 536 766 1949 1880 42 2278 2032 827 569 957 2342 333 1806 427 1904 1797
000254.jpg,2510 431 1839 70 1035 1125 1753 2772 2777 2077 2561 2478 1834 2818 951 2015 1252 461 1976 395 2497 2471 2113 2149 304 1559 650 75 2178 1785 1176 95 2066 596 2656 1749 1213 2601 2547 39 903 1390 1371 824 2751 850 1106 1693 198 2161 831 2726 1908 1357 2074 1469 73 2249 576 1744 417 1557 2162 1562 13 2009 272 2214 479 2644 409 2016 2401 2182 1447 20 1064 702 940 767 236 1605 834 2700 1830 1272 1065 783 713 1661 1628 1476 1957 597 962 1217 277 2636 2608 2522
000255.jpg,2550 1104 1507 1177 1669 834 2414 575 107 2641 2555 1727 728 2604 761 2176 55 397 1277 1749 2058 1691 2019 1194 1646 2754 1044 393 1995 2136 2080 1482 1523 384 1957 831 560 2249 1450 272 1420 2214 1222 1144 409 2317 2695 1288 1206 905 15 2107 584 1785 474 1483 339 845 863 2623 2245 1703 479 2216 110 376 713 1641 1447 1322 907 783 1203 1469 308 1244 1093 1865 2463 1371 16 1835 738 2437 1263 1178 985 2086 2410 373 1683 2114 1074 2154 1016 1898 2263 2572 1666 1225
000256.jpg,247 1204 1359 723 2585 1772 539 303 2582 450 153 1121 2485 206 1997 343 1751 1403 862 2603 2718 2008 719 871 764 2018 2284 2146 1633 1289 2487 2165 914 1128 2551 2209 457 190 2254 1493 812 2453 35 1245 998 2019 1351 1583 2233 212 40 1226 2627 2086 776 98 1534 1600 2192 1734 1595 118 1566 1066 281 2550 2204 592 604 1762 1577 2065 1915 1368 851 2252 1354 873 982 919 58 1802 42 276 2310 636 543 2535 512 1318 691 2434 1507 1791 1726 2792 282 1960 2734 2278
000257.jpg,1371 2152 2502 1113 2263 1525 214 2141 2623 2572 1280 2841 1605 327 1661 2348 851 629 1602 1139 1866 106 1865 2678 1953 1032 1171 2751 2109 1084 1144 2567 1214 96 609 1632 22 941 621 1960 2401 1927 744 189 1738 1064 1659 924 2522 84 420 894 2060 183 957 1251 2726 1283 2056 2554 1397 2768 171 1364 2705 2182 2153 2203 2404 270 40 45 419 2831 2760 1365 2612 117 1766 2677 2162 474 236 2216 38 592 1184 510 1288 940 1108 244 1488 1744 2521 198 1263 2608 1727 844
000258.jpg,2011 645 2707 1444 2837 1679 1054 1649 1623 1328 169 947 1663 735 2767 1544 1617 2050 440 1782 2840 445 2836 1381 1993 1261 2130 1045 2439 1029 712 1840 1658 965 1253 2241 1422 51 179 1552 463 1218 2735 2628 134 2287 319 197 550 2088 1775 489 2649 1307 305 2084 1870 1640 1202 2481 1437 2133 900 665 562 260 1489 2312 1445 1369 30 1208 2352 2515 1860 2412 480 769 1710 2424 2338 563 1948 26 2826 1294 2769 155 992 1190 1417 2454 950 201 1607 1486 348 1341 2544 283
000259.jpg,2011 645 2707 1444 2837 1054 1328 947 169 1649 1679 1623 735 1617 1663 1544 2050 440 2767 1782 1993 445 1381 2840 2836 1261 2130 1045 712 1840 1029 2439 965 1658 2241 1253 1422 134 179 51 2287 1552 2769 348 2650 1775 2649 2628 463 319 1870 259 2312 2454 2631 480 1218 231 2735 1369 2088 1468 26 518 2082 197 663 2044 2270 155 550 904 1948 925 2076 2714 769 489 2300 260 689 2397 188 1386 570 817 168 2544 2538 2501 1319 547 2289 563 611 59 1307 950 1208 1895
000260.jpg,1102 85 1656 2790 1934 2501 2832 943 312 1926 2817 817 2044 1624 987 221 188 2300 2528 1644 2411 1407 1405 635 1319 556 2270 611 1386 2082 2034 547 1146 480 2397 2574 1796 463 2545 4 260 1417 1870 925 2424 1737 2649 1545 2389 283 2652 1190 197 550 2826 712 1202 2312 348 559 659 1369 74 1552 259 26 2419 626 179 2084 59 1428 2544 826 977 489 2454 2289 2344 1752 2724 1029 1253 970 1045 445 904 518 769 563 1658 2148 2050 1630 2307 606 2375 524 2769 1901
000261.jpg,222 1305 2218 1933 1436 1504 1790 2512 897 850 2071 935 2362 2096 836 2156 2645 1098 1052 2750 1638 1321 2355 1911 1709 2691 2432 2201 1806 2446 1736 2450 1006 755 99 2342 2452 443 586 599 1387 1621 73 1200 2420 8 1474 2537 1671 1308 745 325 2642 2394 1661 2578 1447 16 1090 1763 1469 399 1183 761 2090 1717 612 988 666 1145 1880 1550 44 1632 1082 2030 1483 1910 2317 1820 96 376 828 609 208 2700 459 2535 2587 1914 377 2293 2437 1380 474 217 2463 2655 957 1023
000262.jpg,392 2843 257 1419 301 2331 1871 937 1731 1138 2613 1800 416 288 1645 2609 1707 2377 1527 535 1894 742 519 1200 1007 338 1479 1992 253 1131 1243 1068 2341 2830 2763 730 1466 1309 336 248 1385 1040 1779 1455 1311 1020 678 2560 1581 1387 2680 1573 435 2318 648 2151 365 855 410 821 19 870 2196 1425 2219 940 1682 2384 1142 905 1516 1713 1850 2005 605 749 2746 2744 709 1749 2451 1004 1740 2227 2251 1714 1836 2566 1529 2299 2249 2217 1495 2390 520 1966 2420 1383 1256 881
000263.jpg,1083 6 582 1221 285 546 1260 1702 2643 759 807 181 732 620 1797 2807 1697 1318 1188 1858 922 1536 636 2816 2278 1891 2171 661 2043 1723 752 2261 2194 1456 2313 2168 468 1541 2476 2810 475 2666 2048 2425 1763 1603 669 37 2346 45 1882 2522 2056 1865 1856 1227 1064 829 650 387 1284 1251 1768 2111 594 476 1283 1153 2442 2167 2118 2268 2761 973 1914 1916 148 644 1108 411 1364 298 270 2688 2720 980 2608 1015 1880 2498 229 820 459 1560 1610 2760 905 281 2562 236
000264.jpg,2649 1870 925 348 26 480 1369 2454 2769 2714 550 663 179 2538 689 1422 712 421 1417 2581 570 2123 1193 2004 1551 2375 1710 1665 1489 1758 1792 280 2838 2130 2418 1930 1580 2039 2125 2574 57 2659 704 2206 1190 260 168 884 1861 524 518 2456 2356 756 1453 659 2184 133 1701 1468 445 559 1887 857 2424 548 2358 611 2397 1901 2327 860 463 1948 2155 1552 2419 74 1788 1358 259 2088 2272 1983 2344 885 2544 2672 1348 1345 2694 720 2790 210 1292 2332 2241 1437 1776 1102
000265.jpg,1946 2394 883 673 1794 416 2417 937 2697 749 593 1131 2788 2843 2251 1778 257 774 1498 1243 1005 2364 2151 2492 1966 1094 2519 1783 1731 1174 1871 2730 2006 2746 1913 1645 1800 336 1142 2299 1936 288 1138 392 2290 105 1379 2087 2196 2549 1479 678 855 2005 11 2613 662 1707 544 800 1670 1455 2609 144 1850 742 406 2560 1968 1002 2262 1311 956 434 1454 1110 1133 2145 664 658 1508 595 1573 589 1415 1079 320 208 399 1872 875 644 717 1040 435 2328 1882 365 112 1020
000266.jpg,1371 2152 2502 2263 1525 1113 214 2141 106 1661 2623 2572 1280 1032 96 1927 1632 1605 189 2841 894 2554 327 2153 2348 2060 419 1602 1171 2567 2751 1139 1865 2109 2678 851 84 1866 941 1214 22 481 629 1084 1953 621 2401 609 1960 1659 940 2522 1144 1251 1064 957 1738 1364 1004 2056 2831 815 420 171 1288 1397 1749 474 183 2768 924 45 1283 38 2705 2112 1343 1727 744 198 2203 1434 510 1203 2737 1488 2216 1108 2313 949 2521 592 1685 2048 954 149 2612 1703 2404 2726
000267.jpg,1114 931 1767 848 1830 702 2624 126 1845 578 2601 2471 1908 768 2276 103 1323 688 1235 990 297 1186 1391 1413 1608 502 2314 284 65 835 522 250 2388 1107 1821 1720 1512 903 1254 1340 145 2728 1905 684 1195 2663 601 2653 2533 1689 725 1055 1594 2057 2667 29 2583 2673 2 1869 62 1075 2207 286 378 321 1406 2000 2324 2224 404 1418 24 67 2172 1149 1590 1686 2143 2320 371 962 634 87 1256 2671 249 2423 1053 1928 1192 18 1825 1801 424 388 1410 750 469 2240
000268.jpg,2070 1506 1141 383 455 1262 1356 1140 2232 1505 2470 2669 525 1598 216 113 192 245 2025 1435 1248 679 2311 625 654 139 209 858 1780 2565 408 2396 61 838 207 49 1282 1787 2280 225 27 2173 1127 356 252 2137 296 2017 1274 1781 1124 1568 2794 2164 239 1024 418 1875 2053 653 618 822 1715 2531 290 1472 1500 1967 2091 449 1011 1481 1021 495 1941 1216 2765 1037 1635 1961 33 390 314 52 2693 131 1924 2316 1662 200 1843 2698 806 1918 1475 799 2343 363 402 1050
000269.jpg,1773 1161 1847 1513 1795 1228 617 499 1785 1561 1535 1346 2242 832 2827 407 2493 1093 310 2441 540 1176 2066 983 2542 1300 2238 695 1693 2190 1631 1856 1213 766 132 1743 95 898 1593 2113 2700 2202 1836 1178 1672 2129 1353 949 1343 777 2149 2016 853 291 2656 1996 940 2437 2111 803 2745 1914 1091 596 1087 182 576 2785 483 789 2784 1990 783 465 2521 1166 2112 1749 2737 1004 63 510 1019 634 2523 1434 2430 824 1476 2178 341 1224 479 304 2203 1298 149 979 2816 272
000270.jpg,99 2747 2098 1047 1023 612 1145 1160 141 731 2655 2126 2055 2469 1436 694 1717 2009 595 2636 208 1784 2218 174 1504 172 453 401 72 2587 222 2362 1790 2512 2163 1688 399 1241 836 1933 1806 1638 2071 755 2645 2691 461 2775 1976 823 760 1415 2722 1872 1911 164 935 1510 2432 850 2342 1736 1321 2450 1305 437 477 156 2274 1628 981 2096 1233 620 380 1404 73 732 1797 460 1188 2577 1089 1098 1709 2156 1100 1085 2074 1808 2643 2679 181 1599 2201 1163 922 759 1702 2816
000271.jpg,1749 834 2058 1277 1995 2555 1727 761 2317 2437 1672 2249 1483 376 16 1469 1044 1447 1990 1178 2700 44 1836 1425 832 1300 2831 1304 2571 576 2705 2579 2401 2182 1401 2216 333 1064 1364 45 1251 789 1476 1883 2202 2522 2497 2056 39 483 2224 171 1865 251 2190 1013 2784 1106 744 1353 2288 2760 1559 2726 95 2335 1015 236 60 1593 1288 905 47 2578 1176 621 1904 2745 1336 1535 2547 36 215 2096 1361 824 88 2608 2217 75 1032 1263 20 836 183 870 1703 1884 500 2612
000272.jpg,1262 455 2232 1568 1140 113 822 2137 799 1506 2693 27 1395 1317 383 2470 1756 1050 216 805 1612 1755 1921 1505 390 2053 314 363 1635 1967 1327 1356 464 2061 2212 1216 1662 1692 1932 936 2505 2465 1124 1972 1706 838 1024 758 1293 2611 1297 1918 525 2343 1435 2632 1018 1503 782 1924 1715 1475 1187 643 721 295 2236 209 2716 726 1647 1299 999 1097 1168 2698 478 1472 408 1048 1780 2715 1248 2806 2028 1274 1141 786 2407 532 2059 31 108 238 389 2280 1037 1532 671 580
000273.jpg,197 1993 1663 2767 2439 712 1045 1782 2836 947 900 1437 1381 1444 1054 463 1617 2241 1422 1658 1328 2130 1486 2840 1307 260 1544 1679 2050 2628 169 1870 1468 1649 1369 1552 26 2649 445 2837 563 134 2312 2826 735 559 645 440 925 2011 1417 550 1029 348 1710 1489 1623 2454 1218 179 2133 904 1208 2424 489 480 2419 1261 1948 2397 2832 1796 51 2707 2289 2515 1840 1934 674 1253 59 2084 2088 1644 312 1123 1407 1860 2076 1624 1102 2790 2044 2652 2082 2574 965 2528 1926 305
000274.jpg,70 1125 1753 2077 2777 2772 2478 2561 2510 1035 1839 431 1834 2818 951 2015 1252 1842 2161 18 601 1759 2757 2 2601 2471 990 315 1908 2663 95 502 1390 236 680 1357 1785 2493 2608 1557 2000 300 1288 395 650 2504 1693 737 103 1336 284 1703 691 2218 39 2622 2216 2182 1806 1013 1230 2571 417 1217 277 2441 1683 1180 461 297 1105 2507 2178 1726 755 2636 1830 2401 2009 1561 304 2242 2160 1389 2624 322 2149 2678 333 327 762 191 767 766 2238 328 1418 1176 903 1562
000275.jpg,222 2218 1933 1436 1504 1305 2512 1790 897 2071 850 2362 836 2096 935 2645 2156 1911 1638 1098 1321 2750 2355 1709 1052 2432 2691 1200 2420 1736 2394 2450 755 1806 2342 2446 2201 1006 2452 99 599 1387 73 1621 761 1749 2642 2463 1145 905 1750 2700 2555 2437 2317 1263 1836 443 1178 2249 2578 2410 2058 586 2514 2623 2086 1203 1308 2537 946 1785 1322 834 44 2245 2074 1628 16 272 459 1222 2469 1727 1023 2318 2522 1990 831 1074 1425 1469 1550 1447 45 2523 1277 981 1090 1713
000276.jpg,172 174 2636 1784 2009 72 694 99 1145 2722 2775 460 731 1241 2577 1160 156 1415 164 2747 595 2126 208 2098 2469 141 1688 453 2655 1717 2587 612 401 2274 1047 1089 2055 1023 1808 1404 2163 823 1155 1510 399 1100 1976 1628 477 461 1163 760 1872 2074 437 2679 380 1599 73 1233 1085 816 981 1911 177 2122 144 2829 1903 803 2691 2161 1682 1298 1436 745 1601 1434 325 1004 1401 1605 19 520 1074 1504 2218 2036 379 2388 232 2624 167 1638 2723 347 2463 1107 1671 1748
000277.jpg,723 1359 2585 539 303 1772 450 1121 2485 247 1997 1204 2582 153 206 343 1403 1751 2603 862 871 2018 2284 719 1600 764 2551 2146 1289 914 812 2008 1493 1633 1351 35 1915 2453 2209 2487 190 212 1157 2824 1128 615 604 1577 2361 2165 1534 701 776 2718 1963 2012 808 276 1657 585 874 930 2792 58 781 2729 778 353 2353 1595 2334 526 118 1347 630 864 1981 2067 271 1579 841 2734 869 274 2256 994 2391 1402 998 196 2440 982 2462 1237 98 1942 233 567 382 608
000278.jpg,90 2338 1618 1994 891 2797 1698 2844 2223 2473 1409 2253 1540 195 1291 1238 2340 1539 2709 46 2226 1095 892 1571 741 1338 2269 2175 846 969 2092 2833 573 2403 352 2139 299 2100 17 267 642 2486 223 2776 1814 2635 2576 1622 1009 2138 2371 349 2158 1549 2834 1615 428 2484 837 2372 2412 2455 600 2731 913 264 1982 1735 2215 1589 667 2063 1619 1815 912 1060 2811 234 317 1264 1925 2255 2189 1652 537 1572 41 262 2339 1242 1421 160 1159 1349 2738 1509 2584 226 2385 2529
000279.jpg,1583 998 2792 118 567 1791 1579 9 841 2711 945 1179 1354 919 2491 2252 382 2065 778 2682 517 1970 1854 1470 1977 1578 1769 2328 808 952 2778 639 2729 227 1651 1920 1657 114 1063 916 1531 930 2647 928 1667 887 1770 748 2723 2042 982 2575 2379 2225 1851 763 719 1963 2496 1819 2361 819 2256 1864 1625 98 764 1204 1413 2284 2582 2018 2462 2008 684 2146 247 869 2551 776 233 578 1289 2334 2485 502 271 250 864 1777 1592 2353 2499 515 990 1879 1677 1997 723 1942
000280.jpg,430 726 999 478 2236 2693 331 1635 390 1967 1475 1050 314 655 1715 2053 1124 1472 1037 2059 1648 484 2406 2407 1303 2301 1140 2429 1662 1438 1187 471 534 1918 2470 27 806 2465 2505 936 363 799 1275 758 1929 402 1127 2687 1273 1274 786 53 2244 2698 780 643 1730 268 1465 1921 2061 389 2806 1395 1378 1008 1756 418 1317 1568 653 1503 805 1692 290 295 1972 2402 1647 1216 391 721 1780 1755 2467 108 2690 464 782 2611 1706 1481 1118 1024 2062 561 2765 838 1831 1018
000281.jpg,2677 629 2161 1865 941 909 1949 2494 37 327 2573 281 1144 84 2222 1006 1502 1082 1371 1559 924 275 1184 1916 2249 1308 443 2346 1106 1400 1199 76 1995 2421 44 115 370 586 2726 1687 1703 2216 1922 1738 2179 1363 1288 39 474 117 2620 1180 1661 1740 1659 2109 1108 609 745 2404 1641 894 325 1723 1357 761 475 2153 2162 2058 36 1113 1041 744 2288 1283 1250 1525 1766 1198 2554 1205 1038 322 851 953 2224 16 1073 1727 1412 1232 2303 1960 1336 2627 419 926 1632 1714
000282.jpg,2545 2034 1796 100 155 48 1569 715 2721 64 305 439 562 1640 51 2713 2433 2650 1453 2309 1490 201 1584 2376 1860 1901 1656 2817 1934 2023 1407 1102 817 2790 2501 563 188 2528 2045 2826 1926 1624 2044 1644 2289 85 943 2411 1319 260 987 2832 2300 312 2755 1316 925 231 1148 221 168 480 26 611 2649 348 1870 1369 2082 550 2088 59 659 2556 1878 1545 2454 1658 712 1417 626 1405 2213 4 2270 1948 1737 2455 857 1045 2389 2312 1386 2769 1009 2714 1630 352 2367 345
000283.jpg,1179 2491 1579 2792 2328 945 841 1977 2682 567 1578 1791 118 1583 9 2252 998 1651 639 2065 1470 1063 919 808 1354 1769 227 382 1920 517 1531 982 2723 916 1667 748 2711 2778 778 887 2225 952 2042 2647 114 763 1770 1854 930 2729 819 1585 1970 928 2575 1657 1851 2081 271 1625 2379 1942 869 1289 1819 2146 764 1555 2103 2440 1042 1864 1473 2018 526 864 2008 274 719 662 2284 1493 2334 608 2067 2462 2499 585 1721 1408 994 444 1909 451 190 1613 923 2813 809 196
000284.jpg,1805 775 2586 1611 794 960 2621 2329 2701 1626 2368 2780 2447 279 357 693 818 1169 2347 2637 2297 2630 2805 1259 1832 1372 2651 2019 2804 2240 2211 2345 2254 10 2192 1734 2605 2233 876 2020 830 457 321 1192 863 1732 2275 339 1450 393 1646 371 1959 102 1244 145 1678 1120 603 1809 1073 2518 86 2136 2802 2748 1147 2653 1620 1014 469 462 359 1517 1905 1382 378 575 2684 2159 1869 2733 2360 1028 2166 2754 2106 2080 1016 2752 1594 2525 2234 379 1195 1690 2563 709 1691 2326
000285.jpg,1107 1310 65 903 1340 1512 1254 1720 1608 1821 250 2388 684 835 768 1975 284 2276 1908 990 502 1830 2471 702 2601 297 931 103 1323 1114 848 2624 126 1845 1767 578 2401 1235 1186 2566 2612 2571 688 834 1749 1277 2726 886 1064 2058 2056 45 1013 2522 1834 1336 2831 75 1434 1004 1413 1364 417 1907 376 2162 1727 2384 2216 1686 1251 2451 597 1418 2555 289 596 940 95 1057 1035 2497 2112 2700 1744 576 149 1562 20 1298 333 2705 461 362 340 2579 824 1712 332 1300
000286.jpg,1146 2389 59 1545 4 1202 626 1737 2082 1799 2367 1752 1386 2477 2270 188 826 518 987 312 556 2832 283 547 950 1405 611 2501 85 1934 635 266 1319 1102 613 1656 943 2300 2069 2044 2528 2411 2790 2556 1926 2631 221 1624 1644 1407 817 2817 1316 2312 2397 480 904 1468 996 2419 1491 260 2530 345 978 348 2375 769 197 2208 134 900 1172 2826 2289 524 970 1428 559 1437 2574 2439 1417 2148 2424 2652 925 179 1253 433 2692 317 1870 977 1544 550 716 2588 2050 659
000287.jpg,2437 1672 2317 16 1990 2700 44 2249 1483 761 376 1469 1447 1836 1178 1995 832 1749 47 1535 834 2058 1727 2555 1044 1838 1277 2129 1713 2180 1224 1116 1714 2523 683 1425 34 2202 2422 2745 576 1476 1346 1593 1914 2190 95 88 1176 1103 983 824 2547 940 596 676 1304 1004 1795 132 291 2112 1999 695 1865 2785 2827 198 2497 2441 1693 1847 1449 1161 182 1228 1300 1434 1856 2831 75 1462 60 1513 1760 310 1712 1343 1064 2542 2737 149 2522 845 2571 1785 1773 949 2182 954
000288.jpg,540 1561 2242 1093 617 407 1346 2441 1535 1856 2827 2111 1914 310 1631 2785 291 2238 1996 1091 766 777 983 949 2542 1343 898 1087 832 2202 783 1898 2112 1593 853 2190 1693 940 2745 1558 2737 1298 1166 1689 95 182 1928 2072 1176 634 1004 24 1103 1197 1434 695 1019 2656 2143 1683 1207 1590 465 132 149 803 1597 88 714 328 1334 895 2430 596 2409 1760 2413 576 2149 2615 558 2016 954 1448 1476 1999 581 2116 426 2114 93 1161 2759 510 2386 1080 63 2521 1743 2129
000289.jpg,204 2741 1212 2135 899 1606 2842 137 116 2766 1935 1463 2558 1944 97 2041 2305 1547 1134 2068 246 1067 1055 2728 2511 725 2825 447 165 350 79 2207 2435 1056 2294 2248 2813 722 494 686 1223 2057 1874 2382 1677 2665 1940 1771 1464 2736 2625 657 1892 677 1986 2037 682 1899 692 67 2438 647 2291 135 1076 1937 1825 2580 1725 790 1130 2499 574 627 2506 2286 1185 864 2719 2708 1639 274 804 558 1998 2295 444 2393 1088 146 1408 2683 1777 598 1841 388 948 2440 368 491
000290.jpg,2220 2526 1931 939 1433 2704 2445 2089 482 2427 255 217 1330 2183 637 1439 521 2657 2617 2712 2308 2051 619 574 2683 2639 2057 2291 494 647 598 1771 1677 1874 2499 1223 1892 531 146 2037 1725 1998 368 2440 444 2435 271 1899 1088 2625 1942 1592 608 1408 12 2569 1052 274 677 1937 1555 2393 508 526 994 2813 682 2719 2438 1639 790 1365 864 1473 1944 1868 2286 491 140 785 974 1055 1185 1777 657 2382 2809 457 329 948 1464 357 944 804 693 2248 1611 447 1876 2728
000291.jpg,204 2741 2766 899 1212 2135 1606 2842 2558 137 116 1944 2728 725 1935 1463 1055 165 447 2825 97 2207 1134 2068 2041 1547 2305 246 1056 2294 2511 1067 1986 1825 1130 1940 2506 79 2736 2057 722 692 2435 1126 1841 350 2665 1223 790 2292 362 494 1874 2319 135 2258 647 686 2719 2828 442 2580 558 473 2248 1962 2090 2413 2291 657 672 2295 2813 2143 417 2638 1899 1515 509 1888 332 804 1326 1998 388 1061 2683 2457 24 1677 1771 67 574 1076 1337 1793 21 2366 1696 844
000292.jpg,1638 2071 1098 1806 1736 1321 755 2645 2342 2450 2750 2432 2201 1709 935 2096 2156 836 1790 1933 897 850 1436 2512 1504 2362 1052 1305 222 2218 2691 1387 2823 1227 1761 1153 2261 2355 2313 2194 1911 476 396 2627 669 1456 1858 122 2257 2387 660 752 1188 2437 2420 1284 360 829 2259 1906 1015 2318 1560 1554 1610 661 1556 229 1673 1286 565 750 1990 820 1844 959 506 1363 894 1370 1331 2446 2153 481 8 2554 1632 1603 419 1865 813 2335 1006 281 1401 2782 1032 1593 1614 592
000293.jpg,213 2408 707 2354 1849 1945 520 232 2566 1269 1722 424 1867 2615 119 80 1529 1733 2390 1383 1296 19 1265 2744 1448 558 2295 135 2413 1478 1984 184 757 1728 1533 2638 1132 1231 1588 2533 2472 1312 29 967 2756 2021 761 754 2172 286 1149 2224 2320 2673 2143 536 24 2024 568 1597 2078 2464 634 426 1719 1804 1689 2430 1889 609 2725 121 332 1766 1061 2404 2227 289 2090 1038 1890 1661 2384 569 1431 672 2112 509 988 844 2115 1492 388 498 1236 1256 1033 1616 218 540
000294.jpg,2689 705 2370 2534 2365 81 2119 2716 2527 504 2250 587 2500 2181 238 2552 849 523 1563 175 28 1827 505 313 2283 2144 2681 152 2819 1746 633 458 1704 503 972 1741 2479 734 2322 1532 1680 1117 92 68 2764 2193 2191 1010 1111 120 847 1708 1314 711 772 2177 553 2557 1335 968 2592 1917 1955 507 1339 1896 671 2789 602 2597 2052 2774 1873 354 1332 740 1543 771 2306 2059 2237 696 2799 1692 1974 890 2265 1852 1164 1182 2674 367 2690 2199 484 726 2770 1923 108 1461
000295.jpg,2624 1845 2471 2601 126 848 702 1830 1908 578 2276 103 1323 1235 931 1114 688 990 1767 297 502 284 1186 1413 1391 1608 835 2314 768 1107 250 1340 1720 1821 1254 1512 903 684 2388 1310 65 1975 522 2000 1916 2667 601 962 1801 70 1559 581 304 1759 2113 2178 1839 1748 2346 1232 2510 1557 1125 1459 767 1832 818 737 1458 2561 2777 1106 1230 2077 2036 371 395 475 529 2478 1798 2757 2386 1195 1609 364 1605 2656 2040 1753 572 1881 803 2207 404 2772 315 1192 2020 1426
000296.jpg,1879 394 2093 1290 1017 2282 2049 2064 921 2596 631 1518 2140 1604 1906 607 1301 2796 451 1567 1058 530 2392 1237 984 1981 2357 446 1002 2543 1978 1449 400 1119 827 1613 1841 2072 1074 1087 2661 1909 340 362 1621 1057 1558 1535 2224 119 1984 2085 337 2111 2143 942 738 609 979 378 1856 617 184 676 2657 2638 2257 1342 1420 289 2441 2414 2609 1825 1114 691 2242 1145 1322 2190 388 953 1495 2016 409 1550 2786 985 1888 107 540 1793 424 2827 454 1945 1686 896 24 1337
000297.jpg,197 2439 1417 463 2375 2840 1045 712 433 2289 1993 1658 900 1489 1710 1437 2628 2241 1701 2836 860 1544 1422 179 1663 480 2050 1486 2419 1782 1381 2130 559 550 2397 1253 2649 1840 735 348 1870 1386 2082 489 2826 312 2270 970 2084 260 2832 440 188 925 1369 1468 1617 2424 134 2454 1934 556 2574 1656 524 904 1102 1926 445 2515 1788 1146 987 2767 1307 2312 1428 547 26 626 563 1737 1319 1624 1545 2769 1552 1172 769 611 2790 659 85 977 59 2528 2652 1405 2501 2389
000298.jpg,536 340 2090 569 121 1132 193 988 1588 332 1431 1268 979 2786 36 2227 2668 1562 2217 1793 1065 176 2415 2384 1256 1033 1393 1418 597 886 427 1699 2108 1890 733 2117 571 1449 417 1686 901 2568 289 142 866 1888 1492 2451 21 1553 2743 802 554 500 62 555 2078 2029 1886 1398 1430 361 1764 1329 429 199 2335 1910 2267 2380 2828 672 2333 1236 400 2570 868 681 2839 1337 1053 2423 893 2638 213 2083 432 743 1668 827 680 388 1061 2661 1945 2566 933 1266 2795 302
000299.jpg,2790 1102 1656 1926 2817 85 817 1934 2501 943 1624 312 2044 2832 2411 2528 1644 221 987 1407 2300 188 1405 635 1319 556 2270 611 1386 2082 547 1146 2389 1752 1737 59 2367 2545 4 626 2034 1545 2397 480 2631 197 1202 2375 2289 518 1796 950 433 550 2574 1870 826 348 1895 769 283 2826 2312 2724 2556 260 925 2477 1417 463 1316 2307 559 2649 2069 1428 1029 2084 2439 489 2454 970 1799 134 2424 2670 2344 2419 904 1627 563 2652 179 659 977 900 74 2769 712 1901
000300.jpg,197 2439 1417 463 1489 1658 1710 712 2289 1045 2375 1701 1870 860 2840 1782 2836 1993 2649 433 2628 26 1381 925 1663 900 348 480 2241 1437 550 1369 1624 1656 2397 1407 2767 1544 179 2050 559 2084 2424 2528 1422 489 1644 260 1934 2790 2817 2419 2832 1486 2130 2826 817 2454 1102 1545 1218 59 1926 947 188 943 312 1468 970 1029 1328 2574 2312 2515 2044 440 1319 1840 1253 1737 445 2501 735 563 904 1307 524 2082 2411 1190 1552 626 659 987 1617 977 2389 134 1983 2652
000301.jpg,2049 530 1290 1017 2282 1604 1518 631 1301 446 451 1237 2140 2064 1567 1981 1058 2796 607 921 2596 2093 984 394 1879 1613 2257 2392 813 908 1909 1370 1554 1673 710 1906 542 662 54 660 2782 2696 1384 1396 1893 1331 1853 1739 1000 1742 2259 827 1695 337 360 1614 2357 400 2661 506 565 243 2543 50 2664 1978 355 1286 1002 1105 1681 1935 1736 1142 487 1844 2041 2519 966 1638 1463 2369 2573 2432 2450 2243 2839 2201 1709 1606 1705 97 2458 1329 2660 1904 2335 1804 1321 1621
000302.jpg,393 1646 863 2136 339 1244 1450 830 1147 1120 603 1678 2275 1620 1732 2080 2518 1073 575 1507 2550 1016 1691 1482 2383 2754 1669 1104 2019 1805 2395 584 2630 2641 775 2297 1177 845 1523 794 2414 2347 373 1611 357 107 2586 1372 1832 457 1626 1734 2604 1674 2192 2254 2211 960 2695 2230 2368 2345 2621 279 398 2701 1462 2780 2176 1536 2233 2605 55 462 2065 572 1666 2329 1014 1791 2247 728 1458 441 379 1797 110 1762 1152 545 102 2591 2349 2802 1192 2447 2434 1194 311 1169
000303.jpg,1948 1096 1416 1897 1362 497 1586 992 2046 2352 1569 2721 1218 1796 2034 1051 100 2272 305 2556 715 1316 1860 562 155 64 2815 51 1658 1381 48 2545 2241 712 925 1369 1782 1261 439 260 2713 2826 26 201 1640 2755 259 1993 2454 2650 1407 1045 1926 2312 2628 2790 2213 2767 1901 1584 1496 659 2817 231 1123 550 348 817 1552 2836 987 2649 1934 194 1617 611 2309 2832 463 2397 563 2045 1468 1870 1878 1644 85 2300 2714 2088 480 1307 168 1630 1319 2082 1710 1656 1102 1636
000304.jpg,122 1610 23 1284 2118 1080 980 2128 2313 1858 1015 1456 1884 1537 117 973 1560 1570 468 690 298 37 1285 807 2222 1659 229 2303 448 2494 1205 2677 2030 1084 2791 2203 1979 1221 1637 582 1556 334 2706 265 1603 594 411 1198 546 2132 1844 1260 163 2194 2425 815 750 1184 1188 1987 1502 425 1061 745 1006 325 459 2161 1750 744 2521 2351 327 244 2437 275 388 1671 2387 1766 1761 669 285 481 2124 1474 1425 2014 565 2448 2323 2638 396 1990 2115 683 1286 1980 1714 1928
000305.jpg,2823 1879 394 1906 1194 540 1669 752 1104 499 2508 1621 2260 2550 1200 984 921 558 1487 2536 1977 416 2414 2357 2604 42 107 956 1077 883 55 1136 1651 2140 1729 2064 474 728 631 1066 2493 2793 2252 1177 135 1654 907 308 1067 1538 1846 617 2065 543 1144 908 2026 2086 1785 1006 1631 1833 1265 729 1495 9 2446 2324 2807 442 2392 853 776 2019 1420 217 2292 1657 213 1689 2665 276 1226 376 1367 2129 409 1206 1719 2107 560 230 2169 2180 612 2195 2719 128 955 1330
000306.jpg,2317 2437 1672 16 44 761 2249 1483 376 1469 1447 1990 2700 1836 1178 1749 1995 832 47 1044 1727 2555 1838 834 2058 2129 2202 1713 1535 1224 2180 1425 1277 2745 1714 1116 683 1476 2523 1914 2190 88 1103 34 576 2422 1346 1176 940 2547 60 198 1867 1304 983 2441 1462 1856 824 2497 1004 1999 75 132 2785 95 676 1722 695 1760 2827 1523 596 905 1865 2831 2522 1251 2112 2695 2245 1364 603 45 1712 2111 1064 1620 1790 1849 777 1996 2056 1073 2275 1343 946 1732 310 2737
000307.jpg,1753 1125 2772 2777 2077 2478 70 2561 1035 2510 1834 2818 951 2015 1252 1839 431 18 2161 1842 2663 2 601 315 1759 1235 2757 688 191 1165 126 767 103 1390 2314 1557 1323 2172 1845 2302 2622 1728 29 286 1830 702 2471 297 1431 2533 1562 424 73 848 1186 2601 901 165 1980 802 417 2656 823 1905 555 461 1693 327 578 395 380 1451 1391 2217 2295 437 2320 2016 289 1686 426 142 1976 2124 2149 2315 2624 498 868 1233 707 2000 509 1533 277 2786 24 2728 1510 36
000308.jpg,197 2439 463 1417 550 712 480 179 1045 2649 1658 2289 925 1870 2840 1993 1663 2628 1422 1369 26 433 2130 1489 348 2375 2241 2050 1782 1437 900 260 1381 2454 1544 2836 2767 2826 1710 2397 1102 559 489 440 1407 1840 735 2832 2790 518 524 2574 970 1190 663 1656 2419 2424 860 1486 1624 2084 1253 2714 2515 1218 1934 943 659 2312 1328 1307 312 2769 2652 1202 1926 563 947 1468 1701 1146 2088 1552 1428 445 977 1983 2148 1617 1545 2307 59 2082 2528 169 2556 904 2538 987
000309.jpg,71 638 787 810 30 2271 1514 1445 958 2529 697 718 143 386 1440 2517 2246 2619 1630 1270 1694 1112 665 2481 1129 1360 2616 1684 1939 2185 2298 1294 1446 1411 1258 2584 2339 969 1215 511 273 147 1059 2444 1242 2524 2104 1629 1509 879 342 203 1619 1355 2460 1324 1982 1167 352 299 46 262 1803 1807 557 795 2466 1295 817 1815 2817 1540 1607 2363 2455 405 1624 2189 2776 1925 2289 2595 551 2835 472 667 2340 1319 2833 188 892 583 888 1571 1811 1341 2375 1828 223 1524
000310.jpg,2649 1870 925 348 1369 480 26 2454 2769 2714 550 179 663 2538 1422 712 1417 689 1489 2375 260 2130 1710 421 570 2581 1468 1758 860 1453 2123 1193 1701 1792 463 2004 1901 1930 518 2088 2826 2125 1665 2039 756 2050 2397 1617 201 659 445 280 1190 2312 1551 1788 2184 1045 2419 1580 704 197 904 1437 559 524 563 2574 2309 1146 57 1102 2838 1552 2418 168 2456 2206 2652 2424 1983 2241 2332 548 2356 1861 1644 900 2358 1486 2790 2327 2344 2817 188 283 74 977 1208 2694
000311.jpg,1735 667 1925 1619 1982 2371 2731 299 1863 428 264 1589 2139 837 2844 2455 2484 403 879 1009 226 2269 2833 1122 537 2092 2797 1814 2776 1815 1159 90 352 2576 1549 687 2460 867 741 2063 2138 2094 641 2412 2403 1530 1078 891 1338 160 17 573 127 1421 1341 2385 1607 557 991 1539 2255 846 888 2835 2189 1291 262 2811 2473 1238 2758 1069 2771 2266 1295 642 2175 1828 1373 2614 1807 2738 577 2339 317 2100 267 2607 600 405 2820 2338 2431 472 1480 1698 1622 1660 814 2486
000312.jpg,2317 2437 1672 16 44 761 2249 1990 2700 1483 376 1469 1447 832 1178 1836 2202 1749 2745 1995 1476 1914 88 47 2190 1838 1713 1224 576 1856 1714 983 1116 2785 1535 1727 2441 2129 683 1176 2555 2547 2180 132 824 2523 1044 95 834 2111 34 2827 695 2058 2422 596 1425 310 1277 1103 777 1693 1346 1996 940 1304 60 2149 1999 198 1865 1462 75 1004 1760 617 676 2656 2497 1867 1743 1712 1449 2112 1073 1620 1722 1343 1523 1685 1732 783 2016 182 1434 949 603 149 2275 2695
000313.jpg,1944 2057 1223 146 494 574 2766 1874 2825 2728 2558 2683 2291 647 1055 447 2435 1899 725 204 899 2639 1185 686 677 2569 2294 2719 165 2741 137 1592 1212 2813 2207 2580 2708 804 657 2286 2248 682 329 491 2135 2438 2526 1056 2382 1076 1777 1464 2842 1639 2509 1452 1606 140 1810 2736 2436 1931 2220 1868 2598 2704 948 2393 692 1825 1433 939 2089 67 116 1937 2292 2583 482 2319 1067 2506 1134 202 246 2427 1463 2183 249 22 627 1012 79 1075 2665 217 1439 2051 2068 2121
000314.jpg,2210 640 2520 13 1272 2671 828 2578 2421 1910 377 1041 1949 1337 1754 1038 2083 323 2032 370 56 1189 2047 1668 2828 2602 672 1374 955 2335 680 244 933 1329 865 698 2570 1616 1049 1764 2115 932 2384 1426 1605 1521 979 2839 2451 940 2227 1203 609 2038 1749 1336 1686 340 1013 1399 2401 2117 1425 2217 2786 886 2476 762 21 834 644 1004 1890 2224 2795 1562 2058 142 597 417 2522 1033 536 510 2831 571 1132 2502 1364 2202 198 2566 36 289 2112 1727 1106 2108 2705 2079
000315.jpg,1561 540 1346 2242 1535 617 2441 310 2827 407 1856 1093 1693 1631 291 2656 1593 2542 832 898 1914 2111 983 1087 2238 1343 2016 2149 1019 2072 24 634 1836 2785 766 1091 2143 2112 1996 182 1298 1434 2190 1689 777 695 1558 1207 940 1197 1176 63 2202 2129 853 949 954 1590 2737 803 1928 1166 2745 1334 426 1300 2430 1597 1004 979 714 1685 95 149 1743 895 2493 499 1785 132 2533 2700 2615 465 29 2224 93 2409 1333 1149 1448 1103 1714 2521 510 1257 1161 1760 733 2673
000316.jpg,106 2152 96 2263 2554 1927 1632 1371 894 2502 419 2153 1525 1032 2623 214 2678 1661 2567 1251 1605 2401 2522 940 620 189 2060 2572 732 1280 1364 1083 2831 2141 2056 45 1004 1064 1171 1856 2348 1749 1727 621 2705 1343 1865 1726 2751 2441 2737 2612 181 2555 1602 474 1288 1203 2112 198 2202 1914 2048 2203 1222 1957 2760 949 644 2182 2562 2111 1214 762 2827 2841 1434 560 272 1703 327 1144 95 1263 384 510 1702 831 236 1365 905 2608 84 2720 1797 834 1113 2214 333 1738
000317.jpg,1870 2649 925 26 348 1369 2454 480 2769 2714 550 179 663 2538 1422 712 1417 1489 2375 860 1710 2130 1701 197 260 1045 463 2050 1788 1102 2826 1190 2397 421 445 433 1930 2790 1617 2574 1468 2289 2241 1146 2424 1901 518 1658 440 1437 559 489 689 188 1656 2840 2312 2581 1792 2309 1934 1453 2419 611 524 563 1926 1840 735 2088 2832 1552 2439 283 1328 943 2084 1319 2544 1486 570 201 1381 1782 2004 904 2724 900 1358 2123 769 1895 2300 659 1193 2011 817 2817 2501 2652
000318.jpg,2766 2558 2842 899 204 2825 2728 447 1606 2741 1944 1055 2135 1212 725 137 165 116 2207 1547 2068 2294 1056 1935 2736 1067 1825 1463 2511 692 2719 1134 2041 246 2305 79 948 97 804 2292 2057 2813 722 1076 1464 2319 686 2435 2248 2665 790 2286 2580 2393 146 2382 1592 329 1639 2569 494 1940 1899 1937 682 2438 1223 1725 647 1874 491 1841 2683 1126 1130 1910 1777 2708 1986 1185 2639 2598 2617 677 508 1931 444 657 217 457 558 1452 1962 521 350 2436 1892 574 1677 2526
000319.jpg,338 1466 730 1707 2843 742 257 336 1969 1511 2516 1007 937 1894 1871 1516 1731 1526 392 1442 709 1800 1138 186 1645 2102 2341 410 1325 1068 191 1779 2302 2145 1165 1670 538 1455 1385 2377 248 535 2763 406 1079 1131 1992 811 112 2609 1005 253 843 519 2746 1527 1243 288 648 773 2613 1073 1557 365 2788 1732 1390 1498 870 2219 678 1869 1419 2549 1678 1379 67 2492 2730 544 1094 2622 1573 2290 821 435 2830 301 434 2251 1424 2299 749 1783 2680 605 2364 2331 1110 881
000320.jpg,1272 1910 40 851 680 2421 1960 592 1232 640 1949 2162 13 2210 2726 1744 1038 2578 2671 1754 2520 1430 629 2217 1041 37 20 1553 1616 2677 828 2387 1236 2267 2469 1256 2571 1364 2380 2182 1221 1283 2497 167 2058 743 1251 36 2401 609 2760 1699 922 2083 500 244 370 323 2705 377 2115 2203 171 1768 1108 2761 1661 285 744 940 1865 2056 1793 281 1064 2423 1738 1336 270 713 214 2216 2117 198 454 621 2831 783 479 193 1401 75 2415 2568 2555 594 2522 106 2179 1502
000321.jpg,5 844 2457 1515 509 2725 2464 1889 609 1766 2404 957 2448 1696 744 244 2115 1426 1616 2128 466 1326 375 1754 2366 473 425 2124 815 1061 388 498 1987 163 1637 2351 2014 2521 510 1602 2421 214 306 2751 1038 2109 2508 1556 690 420 2348 1477 1171 1537 1397 1214 2179 1738 1605 1488 1139 2141 2566 22 119 1945 594 520 148 1080 232 19 2227 1269 424 1953 1891 1866 1661 1722 979 2203 1296 707 2056 1383 2502 1849 2210 1949 2476 2567 2768 1502 644 84 2384 2354 1867 1529
000322.jpg,2552 238 1563 28 505 523 2181 175 2500 2283 313 587 1827 2716 734 152 2250 849 1896 2819 458 1741 2119 847 1532 1339 2674 2681 2527 2479 705 972 2365 2689 504 2534 2370 2099 1335 2191 1376 1708 354 92 1746 81 330 503 1704 671 633 2322 696 711 2144 2557 1680 2814 772 2742 2028 1852 532 120 2193 2177 1182 68 2610 2597 699 1956 999 1117 162 2799 2592 726 2199 367 1774 1314 1164 1917 108 1543 2059 507 1991 553 2052 316 391 1692 261 1109 2789 235 2764 2698
000323.jpg,106 2263 96 2152 2502 2141 2678 1632 2554 894 1927 1525 2562 419 1365 2623 2153 2720 1856 2401 1083 940 1371 620 2572 1726 1661 621 732 2111 2522 2116 2386 45 1004 1251 762 2048 1318 2612 2841 1171 2442 2807 2737 181 1605 2441 644 2567 1280 407 2112 1336 2056 1343 949 214 1434 2160 1113 1364 1013 1032 2591 636 1749 482 1064 387 2827 2060 333 189 1536 335 1288 2571 2831 1103 1999 1703 1727 1184 171 1702 474 1144 2705 1768 1960 2761 2203 2608 236 1139 22 1315 1596 785
000324.jpg,540 1561 617 2242 898 407 853 1093 465 1346 1087 1300 1558 1535 2072 1928 1631 714 1166 1197 1590 2493 1207 895 2409 1785 803 1593 93 2441 291 2324 2542 1856 1898 2827 499 634 1914 614 310 2111 2066 2430 1689 1213 24 2143 1334 1996 783 2785 2238 1228 2024 777 1091 2114 766 1683 2113 1115 1597 2224 1137 426 832 1693 483 1389 949 2656 2546 1883 1019 251 304 983 2202 1298 230 581 2000 1343 940 63 1773 1474 182 1161 834 2178 1353 1257 95 745 2759 1144 1836 325
000325.jpg,2185 1129 1411 2584 1684 1694 2298 1630 1360 1112 2616 2246 958 665 787 1993 1446 1258 2481 638 795 30 1445 2271 1294 307 1939 143 810 2727 1215 1270 71 1520 2517 2529 386 2631 2399 1440 2619 1514 1 718 2189 51 1096 741 1572 2486 2721 2213 1796 2372 1407 562 2468 1622 635 715 1291 987 511 1416 154 1629 2363 2044 267 2709 439 2158 892 2650 1278 1524 221 2300 147 577 155 1837 1569 64 85 2411 1710 573 2801 1926 2100 600 195 48 1238 100 234 1640 685 2513
000326.jpg,2045 2023 1584 2755 747 770 258 1320 2134 1796 1416 1660 64 2607 2545 157 2633 1586 319 1640 2385 562 1948 497 307 403 1542 1191 1096 704 414 867 577 1229 1939 2767 51 2046 1522 715 706 2034 127 1572 2481 242 305 1815 155 228 1294 133 991 185 718 2672 2771 2619 2735 1071 1816 992 1258 48 1009 1446 385 837 1432 100 2158 2739 77 1530 439 913 161 2332 2721 2776 386 511 656 1485 884 470 1897 2781 2703 2100 814 1029 472 2635 1362 2836 588 2373 1857 1877
000327.jpg,726 999 2236 430 478 331 2693 1475 314 655 1635 390 1967 1050 2059 1715 484 1124 2053 1472 1037 2301 2407 2429 1662 534 806 2470 2406 1648 1438 471 1275 2687 1929 27 1273 1140 1303 363 53 2698 1730 1187 780 268 2244 2505 2465 1465 1918 799 2806 786 758 643 1274 936 1127 1008 418 653 1378 290 295 1503 1706 464 1831 389 402 1655 1481 1568 108 2061 467 391 2765 1026 1755 2285 1921 1317 1022 2062 1024 1912 1756 1395 1692 2611 805 1039 838 2690 1011 452 2402 131
000328.jpg,79 722 2665 2068 1067 2511 1547 350 2842 2305 1134 246 116 2135 2741 2580 1212 899 204 2041 137 1463 97 686 1935 1076 1606 2766 2286 1464 2719 804 2813 2825 2248 447 2598 2436 2382 329 1639 2558 790 1962 948 657 692 2294 677 2319 1944 2736 1452 2292 1777 1223 2393 140 1055 2728 491 362 1937 2506 1841 725 165 1771 1185 12 2569 146 2057 1868 2708 2090 682 2435 217 1677 494 1892 1126 974 2625 1910 1998 1337 2258 1874 1592 1330 442 2438 1052 2712 2704 984 2207 332
000329.jpg,2809 12 1473 1876 1721 2757 1390 315 2622 2315 1980 2685 1759 1557 2702 2294 1439 1055 1511 2302 1868 2499 1725 140 191 1165 531 1677 598 508 608 1969 2598 368 1771 1067 2068 204 2842 1076 70 269 79 359 444 2051 1892 2625 526 804 18 2435 677 2741 1942 1548 2037 994 1408 722 1777 984 2766 2510 2286 91 2436 274 864 1874 2235 2728 1842 2057 451 2440 686 2382 1998 627 2445 1464 1872 2561 2813 271 329 1944 431 1869 2135 2704 1747 2496 1433 2161 2207 2128 1639 1452
000330.jpg,2713 2433 1453 2376 1860 1490 2309 2272 201 1901 1316 1496 1965 2556 2815 305 2352 562 1569 1636 1796 155 2721 715 64 100 48 2545 194 563 2034 51 1148 2069 1051 260 950 1640 2826 439 2650 784 168 1752 2088 486 1840 965 1658 1848 1948 663 2007 1218 231 2628 1428 1878 2538 2337 747 489 1381 1416 659 2367 440 2652 978 1775 1586 2241 1422 319 518 1437 1261 1123 2836 1782 1096 1307 2649 795 1627 497 2439 524 1369 2397 613 2581 1649 2287 1193 2084 1158 559 925 109
000331.jpg,817 2817 1926 2790 1656 1624 1102 1644 2528 2411 1934 943 1407 2044 2501 2300 221 85 2832 312 188 987 1405 635 1319 611 2270 2082 2034 2389 556 1386 1796 1737 2545 59 626 2367 1146 1752 1545 547 480 197 4 950 925 348 1202 2455 2556 2397 550 463 2477 1799 1870 2375 26 1630 1369 2631 2454 1316 2185 712 2826 1360 2649 1895 1584 2289 283 433 1417 904 2312 345 2574 1658 2424 260 659 1710 299 1045 892 826 1411 264 1619 1468 266 665 2484 1338 2069 2138 2439 518
000332.jpg,2713 2433 1453 2376 2309 1860 1490 1901 201 1796 305 2545 562 155 2034 715 100 2721 48 2650 1640 51 1569 64 563 439 1148 231 2826 168 260 1878 1123 2004 1307 421 2088 1437 2289 2272 1316 1930 2581 2649 440 659 486 2455 978 784 900 965 1792 480 570 2836 2553 1870 1369 2424 2050 1054 264 2840 2815 1840 1663 1193 348 1782 550 2769 712 319 1775 689 925 2652 2312 1496 59 2767 134 950 1381 1758 2439 704 1045 1948 90 57 904 947 294 2039 1551 2337 2367 1009
000333.jpg,196 353 776 98 869 1625 2474 585 1963 233 1819 2067 2361 1864 701 2256 2353 2462 1643 910 2081 1042 2334 2103 276 1402 781 809 69 1344 282 1246 2027 2101 2264 2157 1583 998 539 2723 825 2792 2201 2336 2582 952 66 118 2536 1772 639 303 1204 1574 1970 1769 1578 114 1667 2252 778 765 2667 1518 1354 1985 841 2711 2575 2491 631 919 1949 871 2438 1579 682 206 2729 1089 450 2328 2660 2065 451 1404 490 2432 1592 517 1791 1237 2718 1058 1981 2569 382 1920 9 790
000334.jpg,1102 85 1656 2790 2501 2832 312 1934 2817 2044 943 1926 1624 987 817 188 221 2411 1644 2528 1407 2034 2300 1405 2545 635 1796 1319 259 1146 2826 1870 2649 2270 480 2082 556 611 2439 201 1386 2544 1752 260 1658 563 550 2312 1202 2289 1901 197 348 1381 2309 2424 663 1190 463 2084 1737 4 518 925 1417 659 1369 489 59 1422 1782 2397 1544 2389 2574 445 2840 626 2714 2538 26 712 2454 155 2713 547 1840 2769 559 1029 1878 1545 1253 2148 179 440 1148 1428 2241 1316
000335.jpg,650 2171 2666 2043 2810 2816 1891 1723 2346 475 1916 759 1702 2643 807 620 732 1260 181 1188 1865 1797 6 820 1882 1083 546 285 1605 1858 1697 1221 922 420 582 468 1541 411 1397 1603 2152 2768 2502 1703 1288 1456 510 148 372 2521 750 1222 2216 322 831 272 1957 1322 15 560 1074 1284 2841 1420 2497 1206 1738 2313 2463 384 2182 1412 479 1785 2214 691 1015 905 2154 1203 713 334 1342 95 2056 2410 1610 1835 2179 1363 1750 1364 1064 2760 594 2705 236 2807 609 2831
000336.jpg,2660 1495 2458 966 1384 1554 1370 243 1331 2600 813 1396 1705 1105 942 2257 355 1614 2696 1673 1742 908 2085 337 487 1681 2543 660 360 2259 2782 54 1853 1906 710 542 1676 2369 1739 1893 1031 50 1119 1000 2664 1565 1695 2803 791 320 1287 1002 1508 1978 2064 984 80 2420 921 1383 2390 119 1566 1296 2282 1419 1567 1243 2655 1033 1529 301 1962 176 392 2227 1836 1401 2566 2384 765 2262 19 289 1239 519 1231 1717 1142 1368 1017 2318 568 1867 2668 1888 1263 1621 1269 979
000337.jpg,629 2677 941 84 1987 815 1880 1144 481 1949 2627 281 1802 1283 270 1865 396 2726 1108 1371 909 1768 474 2761 851 1113 1661 1960 609 1766 744 2404 2048 2162 40 2161 2494 327 2152 117 2502 1744 23 1184 2720 592 2448 1032 2303 1198 1525 2554 2222 894 1205 957 1738 2109 183 1927 96 594 106 1659 940 1637 167 2203 1502 2263 2115 198 1263 621 419 1632 1641 2179 2153 38 189 2497 834 2216 244 1064 2058 1080 2245 2421 214 115 2572 20 2030 1605 1556 75 1423 907
000338.jpg,2389 1146 59 1545 4 626 1737 2082 1202 1799 2367 1386 1752 2270 2477 188 826 556 547 987 518 283 611 1405 312 266 1319 950 635 2832 85 2501 1934 613 2069 1102 943 2300 2631 1656 2528 2411 2044 1926 2790 1407 1624 221 817 1644 2556 2817 2397 1316 480 2312 2375 1491 197 996 2439 2419 2530 769 348 904 260 1468 2289 134 2208 345 900 2826 1417 433 559 2588 1544 1172 1253 978 2050 970 317 2692 1428 1895 179 735 1437 2455 1870 550 925 2424 524 716 563 2484
000339.jpg,70 1125 1753 2478 2077 2777 2772 2561 2510 1839 431 1035 1834 2015 1252 2818 951 18 601 1842 2 2663 1759 2757 315 2622 1557 1390 2161 1165 191 2302 2624 1845 395 2471 502 658 990 522 2685 1980 2601 1306 1951 589 848 1443 1833 1908 1230 767 2686 2315 284 727 702 1938 2644 2667 2702 1340 485 1137 297 1175 126 1559 1801 1235 1451 572 581 989 714 1798 2504 962 101 2636 364 1130 2728 1232 529 1361 2722 1423 2276 1683 1608 477 2277 1180 803 277 889 1976 614 461
000340.jpg,1948 1096 1416 1897 1362 497 1586 992 2046 2352 1569 2721 1218 2272 2815 1316 1051 100 1796 1860 305 64 1658 1381 2034 2241 817 48 2556 155 2817 2650 562 712 439 1926 715 611 1319 1782 925 2545 2312 1630 1934 51 2790 1644 1496 1993 2454 2826 1369 259 987 1045 231 659 319 348 188 2411 2528 1901 26 892 1360 260 1407 1656 201 2082 2628 1552 46 1684 2836 85 2455 2501 550 480 2767 1123 2185 2044 2300 2832 1261 1710 445 1102 2213 2649 2397 1636 2713 1624 2412 1617
000341.jpg,1444 2707 1679 2011 645 1054 2837 1623 1649 1328 169 947 1663 2767 735 1617 1544 1782 2050 440 2836 1381 445 2840 1993 1261 2130 1045 712 1029 2439 1658 965 1840 2241 1253 1422 51 1552 1218 2287 2628 134 463 319 1775 179 1489 1445 30 1307 2735 489 1437 2312 1640 1710 1948 2649 900 197 1208 2352 2084 1870 992 2046 1369 2133 2454 2424 769 2088 26 1860 1468 1417 860 259 2544 1416 260 674 904 497 1190 2397 1486 1586 2769 348 2481 161 305 2515 562 606 2002 194 925
000342.jpg,2649 1870 925 348 26 1369 2454 480 2769 550 2714 179 663 2538 712 1422 1417 2375 1710 1045 2130 1489 197 1658 1782 2528 860 2439 1644 463 2241 1624 2411 2050 2817 1381 2044 817 1840 1544 1934 1701 445 421 2840 1319 260 489 524 1656 2628 518 659 2501 611 188 440 59 1468 1737 689 626 2312 2836 1253 1545 1437 1617 2084 2832 1407 970 2790 1926 1102 1054 904 570 1930 735 900 1193 2011 1796 1146 2397 2004 1029 1552 2826 2574 645 892 2581 559 134 1328 1792 1360 1486
000343.jpg,2677 1865 629 1949 941 909 2161 1723 2346 820 1144 1916 2810 1400 2494 84 475 1082 443 1308 1487 924 1502 115 1471 37 1006 953 586 2043 2179 1199 1891 750 327 334 1488 745 1738 2768 281 1541 370 1080 275 325 2573 2620 1603 1184 1038 1397 1041 1687 474 1922 1474 619 1703 2421 420 594 1189 761 2153 1363 123 1995 1591 2712 882 2224 1570 2568 2627 1722 1714 1194 148 894 683 1818 2109 637 2535 117 1027 510 1073 1449 1288 23 2115 1329 2657 2308 396 1477 2744 1602
000344.jpg,1862 557 2460 352 879 2363 2213 2175 687 2844 2444 1242 1863 1619 147 2595 127 273 2672 583 1509 2710 577 1539 2517 1925 1081 2184 299 2139 1295 133 1947 1807 1421 2524 2738 2385 1549 685 798 160 2189 307 1776 2833 1349 1520 741 1196 588 1480 349 1792 1660 1345 1366 641 2659 1078 1607 1982 1069 1440 888 2094 1025 991 2356 797 1167 2758 2797 2104 2298 1497 1341 2123 262 2607 1358 1530 2399 1724 1355 1765 570 2004 1 210 2468 2185 1034 2771 1811 57 913 1877 154 801
000345.jpg,204 2741 1212 2135 899 1606 2842 137 116 2766 1935 1463 2558 1944 97 2041 2305 1134 2068 246 1547 1067 2728 1055 725 2511 165 350 2825 79 2294 447 2207 722 1223 2435 1056 1986 2248 686 2813 1940 2057 1874 677 1825 2506 2736 2580 494 1130 2665 657 2382 362 1061 1841 1464 1677 2625 692 2258 1076 2291 388 1771 558 682 647 2295 1088 1910 2143 2638 135 67 1892 627 574 790 2366 1889 2037 709 24 1937 1998 2795 1383 163 2090 426 1962 1689 2472 2438 598 2413 1984 332
000346.jpg,2363 143 386 1440 2185 2584 2529 718 1694 1129 958 1411 2460 2271 1684 2517 1445 2298 557 787 795 30 810 1215 697 2749 1514 2619 638 879 2524 273 1863 71 2104 1373 641 2616 1360 1630 262 1925 2771 888 1294 2139 1982 2659 1242 2385 1112 1623 283 1446 842 299 2356 1807 203 2590 1629 2481 2468 2833 665 2127 2069 1522 2050 1549 1191 2576 2206 1887 1877 2011 667 514 1619 154 1086 826 613 1328 1617 169 266 741 2844 1059 2477 1494 2198 1193 2246 970 1544 1295 1837 2727
000347.jpg,2185 2584 1694 1411 1129 1684 2298 1630 1360 1440 143 2616 787 1294 665 1446 2271 2529 1112 1445 2363 2246 958 638 2481 386 30 71 795 810 718 1258 1939 1215 1514 557 1270 2517 2460 2468 879 2727 2801 685 2367 2619 2749 2050 59 2631 299 440 147 2189 2389 1982 1045 2833 1993 2139 2444 2556 2130 1752 950 1238 697 1291 1278 267 1544 1545 518 2439 1551 134 1799 2213 2270 1925 1619 1520 735 1887 85 169 2011 817 2595 969 2269 1623 1814 197 1202 428 273 2356 1366 857
000348.jpg,197 1710 1701 1417 1489 860 900 1437 2084 1486 2424 2397 1307 1468 489 606 2419 1253 1788 2375 463 674 134 433 2439 559 2840 2076 904 906 445 2724 712 1658 675 2574 978 348 1428 2826 2312 2289 563 2515 970 2241 2769 2544 480 1878 1045 2628 259 977 1627 2753 2652 547 1123 1386 1552 1208 2044 260 2270 1218 2011 1190 1054 950 312 2832 1870 1993 2082 2501 524 2676 179 1983 2367 1388 769 1663 188 1624 74 1369 1381 1172 987 925 1948 1319 2767 1782 2344 59 1029 1328
000349.jpg,754 1231 2756 1728 2021 2320 757 2533 1149 29 1533 2673 286 2172 218 293 2224 739 364 2040 967 119 2381 545 1296 1719 1383 135 1361 426 251 529 1804 2787 1478 737 328 572 436 707 80 2644 2464 2295 2277 1900 766 395 24 962 989 1451 101 215 1883 341 19 1984 1394 2638 536 2238 2566 1061 1597 2323 1945 1353 424 2366 1230 2561 558 2504 1818 1035 2725 1892 2143 2413 2024 1801 2178 1448 2579 2759 498 568 163 1798 304 2078 184 388 1106 1889 1559 2625 926 473
000350.jpg,341 215 2381 364 436 2040 737 101 1900 251 803 374 1427 2540 989 545 1883 1971 766 2759 328 2579 581 572 1230 1389 2504 2644 1353 1115 2114 1683 1898 2238 2546 962 529 395 1257 1798 1394 2277 407 789 304 1361 1106 2178 240 1213 2784 2066 2242 2113 1786 1451 1559 1801 483 1334 2323 1300 1093 76 714 1951 2787 293 1818 2000 485 39 1175 1357 1306 926 1091 1558 2054 898 1137 2288 646 589 1180 614 2495 658 727 1231 564 1166 1207 754 1080 1087 2756 1928 1728 2072
000351.jpg,2363 2460 557 143 2185 879 1440 2529 2584 386 2749 1129 718 1694 1684 2517 2298 1411 2271 795 958 1619 787 1373 1925 1445 1982 1480 2468 810 273 2050 1514 1215 2139 1366 638 2356 299 1816 262 1887 2524 2771 1623 685 2844 1863 30 1630 1360 1242 2833 2727 888 1375 1520 59 1544 1059 307 169 2104 2011 2039 1877 891 154 2659 2590 665 1551 2481 147 1679 2389 1737 645 1509 267 2662 1054 1294 41 626 2371 1238 735 71 2837 1328 857 440 352 2399 188 2477 667 1803 1167
000352.jpg,2045 1584 2023 2755 747 770 1926 817 2790 188 1102 1656 943 1319 2817 2300 221 258 85 1934 611 1624 1796 1407 2501 2034 2545 312 463 2832 1644 987 1405 2397 2528 2082 2044 26 197 659 4 2270 2411 1029 1386 547 550 1146 925 2574 1320 2454 2724 348 1369 1737 283 480 556 977 1428 2069 489 1870 635 559 1552 2419 2826 1417 433 712 2424 1437 2375 1701 2769 1627 606 74 1307 2670 2344 2652 2307 260 2367 904 1486 2564 900 1468 1895 2649 2200 2389 178 2544 100 1545
000353.jpg,1017 1290 2049 2282 631 2064 607 530 2093 1518 921 2596 1604 451 1301 446 2140 1879 2796 1058 1237 1567 1981 984 2392 1613 908 394 1909 1853 2782 1000 2543 542 1978 1695 54 813 2259 1673 1396 1739 660 710 1893 662 2257 2664 1370 1906 1331 50 360 337 1554 1002 487 1742 942 2369 1614 1063 2085 2696 355 1621 1384 243 2042 1119 2357 2103 2458 1935 966 1105 1681 1579 116 1042 1606 2682 748 1625 1531 2609 869 778 2041 2361 271 1463 97 1769 2511 2803 255 1404 1508 2274
000354.jpg,197 2767 1993 1663 2836 900 1782 1437 712 2439 463 947 1045 1486 1328 1381 1307 1489 1417 1658 1468 1208 260 1444 1617 559 1710 2419 1054 2840 2241 2130 1679 1870 1544 169 2312 1649 1422 2050 1701 860 2424 1369 26 348 2837 2826 2076 925 2649 1218 2628 1552 2133 440 445 904 480 645 2515 2088 489 550 1261 1029 2011 2084 674 735 2397 563 1190 134 1623 2707 2289 179 2454 2652 1948 906 1983 319 1253 2574 1416 433 51 1407 1934 2832 1796 1878 1123 2769 965 2713 1624 59
000355.jpg,2263 106 2562 1525 1318 1596 1536 2442 1083 2188 387 971 2678 1280 2048 644 2761 2720 2498 1726 636 2807 2688 43 2623 1768 2401 2141 732 620 1108 1283 181 96 1032 2278 474 1979 2476 1198 1927 1797 189 621 2737 2554 2060 2831 1251 84 1632 2555 270 1727 2612 1371 2168 894 940 1380 1483 946 546 1790 1004 1504 6 2071 1103 1476 1802 1880 661 762 2522 300 949 2425 2572 2245 2503 2502 1343 2705 2303 1641 2313 1482 941 1458 905 582 183 419 1364 1263 1749 1659 2203 2791
000356.jpg,1634 1424 605 717 610 94 365 1040 2830 648 1110 1379 1309 1573 2560 435 1581 1020 1133 248 2151 112 1966 811 410 1968 2788 2746 1243 1311 434 1005 881 2364 1131 843 2290 544 1794 870 1783 1946 2549 538 2417 1079 2730 678 568 593 2005 2095 253 2680 338 1546 1670 1454 730 2196 2341 937 2251 1516 257 2087 2697 953 535 749 673 2299 2219 1068 2733 310 1466 1364 1471 827 1535 2190 2827 983 988 506 2441 1894 193 1382 1142 2242 2377 2661 1065 855 2243 832 1074 2116
000357.jpg,1681 2600 1705 487 1742 942 337 2085 1384 966 2458 2543 1495 54 1853 1673 710 1000 1695 360 2782 1614 1893 542 2257 1331 2259 1739 660 2696 50 2664 2369 1370 1508 791 908 813 1031 1554 2803 1287 1396 2660 1565 1978 355 1119 243 2049 921 530 1906 1604 1002 1301 2064 451 1237 1017 1105 1290 1920 1770 984 2796 1518 362 1654 416 2074 2140 2587 2154 1841 289 1225 78 1962 1058 2318 1872 327 796 1954 1510 2596 827 1288 909 1593 1145 639 2282 1412 400 1423 1703 2647 351
000358.jpg,1376 1339 1896 1532 152 2674 2819 2191 458 849 2681 734 2099 1741 2479 1335 2500 847 330 2228 313 2177 972 1873 505 532 2028 28 354 1827 872 523 671 2814 587 2052 1543 1956 2199 2283 2181 2552 2592 1708 261 2742 120 2265 1563 633 1314 2193 602 1099 772 2789 1704 890 92 2610 238 2322 1917 1135 1111 2527 2557 1955 696 175 1332 2365 2306 2597 649 653 2812 533 740 2716 2119 503 2250 507 618 1961 1302 2017 1680 2144 705 1781 1117 2764 2773 771 1885 1650 2237 1746
000359.jpg,70 1125 1753 2077 2777 2478 2772 2561 2510 1035 1839 431 1834 2015 1252 951 2818 1842 18 2161 601 2 2663 1759 315 1389 1533 2504 395 2757 1230 1557 2622 297 1390 2471 436 101 1683 766 680 364 502 581 737 1213 304 1559 328 103 990 2113 2178 1180 962 1785 2238 215 284 1830 1115 2759 1908 2601 1951 2624 1786 2546 1306 989 191 702 2644 2000 1971 1798 727 1845 2066 1323 39 1900 1357 853 650 29 1608 1728 572 529 286 1027 461 658 1423 2172 2787 2656 2242 1801
000360.jpg,1571 195 1698 2223 2138 2648 2338 17 573 846 2100 642 1994 2486 1409 600 2253 1618 1095 2372 1622 349 352 1349 90 1060 2255 2811 2709 1338 2158 2339 892 403 2063 1159 127 1540 317 46 2412 2635 1815 2215 2834 1009 1615 961 307 913 837 511 223 2484 577 1862 1480 1816 2607 2094 2403 1660 2455 2633 867 2399 665 891 879 1939 1530 2466 2340 1078 234 1735 2595 2835 1446 1294 472 2481 1828 2797 160 1421 2614 1572 2738 166 1607 405 1619 1366 557 1 1341 2820 2844 2269
000361.jpg,1752 1146 2367 950 2556 1316 518 2069 2300 1496 1202 2389 59 1965 2082 1799 1545 4 221 1636 85 1102 1926 2270 987 2790 943 2631 312 626 1386 2832 1737 188 2815 635 1405 2501 1656 1934 817 2044 826 613 2272 2817 2241 547 1624 1840 2477 556 1407 266 2628 1045 1319 2411 2397 480 2528 1870 283 1644 440 663 348 2454 1658 712 611 2189 2439 1051 550 925 2312 2289 197 2826 1630 2649 563 489 259 2538 1417 769 1948 1369 179 1338 1218 26 134 2424 965 1360 1381 2545
000362.jpg,1839 431 2510 1035 658 485 589 727 1834 1175 1306 1125 1753 2777 2561 70 2772 2787 1951 1798 395 2054 75 2077 646 2497 2478 2113 2066 2325 198 2644 714 783 1207 1801 1334 1312 1213 962 853 529 304 1712 2546 954 2277 1230 940 2072 1298 1394 1162 1087 461 1427 834 1559 1744 1203 2178 1558 898 2022 1304 1685 1971 1257 409 2149 1004 1749 2737 272 2003 1976 803 15 738 1115 2323 989 20 2249 1957 1374 2542 2015 1173 2656 1300 1106 2222 713 76 1483 376 2463 39 634
000363.jpg,1385 1779 773 1992 2145 406 2763 2102 519 1526 2516 1007 1325 1969 1511 1442 1894 730 1707 2302 191 1466 742 1871 1165 186 811 2613 1731 1138 1800 410 1645 338 315 288 112 664 1079 257 2609 1721 2622 1759 2110 1997 709 2757 365 1516 1012 2095 1557 2680 11 605 1876 248 544 2746 2042 249 1390 648 301 627 1783 870 535 1406 435 843 1063 2235 18 2377 881 601 1935 91 1424 444 1527 1573 1842 1055 434 202 62 2438 2809 416 1020 1309 883 531 1854 1581 682 382
000364.jpg,555 142 802 1492 868 2078 2029 429 1890 554 1888 1053 878 289 2743 1562 866 2668 199 176 2333 2384 1393 1431 681 332 1033 21 2451 2108 1398 432 2227 361 417 62 2786 733 979 1268 886 340 1686 597 1418 680 1588 1699 36 2117 302 893 78 988 292 1065 1132 536 500 743 121 2423 1256 1886 1499 569 571 1553 2217 1430 193 1449 1236 2267 91 427 2380 568 1038 1478 2533 29 24 707 901 1597 1668 2090 2415 2421 2143 213 426 634 286 2673 2408 2320 2602 1728
000365.jpg,2045 2023 1584 2755 747 770 258 1320 1796 2545 2034 64 2134 562 1640 1416 305 51 577 1029 463 704 155 100 48 715 2721 2481 1660 1948 2607 2735 1815 2635 403 1586 319 1258 665 497 1096 2650 1446 1009 439 1294 26 2633 837 2767 651 2781 1362 2385 1939 992 2158 2246 1569 1307 892 2215 2100 440 1191 1208 307 1489 867 1897 1837 2332 414 550 1159 2836 1542 1123 46 718 1270 1514 2513 1828 2776 860 846 1190 161 1701 1587 2123 237 1782 638 700 1071 2213 2649 1369
000366.jpg,1096 1948 1416 1362 1897 497 1586 992 2046 1218 2352 1051 1381 2241 712 2767 2721 1261 1045 1630 1569 1782 2272 1993 2650 2213 1658 1316 1360 2454 305 194 1796 1926 2817 2790 925 155 2300 2556 947 2815 2246 2628 348 2836 46 64 817 51 439 2481 892 1656 1369 1328 2289 1663 2584 665 1446 2455 2649 85 2312 2735 100 1684 48 1860 26 1870 2769 2545 2185 2298 1102 1934 1710 445 231 1411 1617 562 440 221 638 1644 2050 2832 550 1319 2034 787 1840 463 2082 480 715 1009
000367.jpg,1749 834 2058 1672 1277 1727 2555 1178 1995 2249 2437 761 2700 2317 16 2523 1447 832 376 1483 1990 1469 1714 1836 1713 1535 1116 2422 34 1161 1224 2785 47 2202 44 1838 1513 2190 576 1044 1847 2180 2129 2827 2745 983 2441 1087 1773 1914 1561 1346 1228 683 465 1176 1795 617 1343 898 1996 310 949 1476 777 1785 1091 2072 727 676 1856 1300 783 1693 940 95 2242 695 1593 1425 1298 88 132 1558 2737 789 2547 2542 596 291 853 1207 714 589 1333 1865 1004 1449 2066 2111
000368.jpg,243 1105 1396 1554 1370 355 813 2257 2696 1331 1673 908 1614 1384 2660 2458 1742 1495 966 2049 530 337 487 1906 1681 660 2600 2782 54 921 942 1567 2064 1705 710 1893 360 542 1853 1237 446 459 1604 2259 50 393 1301 2369 2249 2664 2085 3 2336 2645 1739 1017 2096 2136 836 2831 2318 1638 2705 1000 320 308 1642 1740 2678 1322 2005 2107 399 1288 1098 1806 2426 409 37 2282 713 451 1749 755 560 1456 322 2009 1412 1420 1790 855 2156 691 254 2362 744 2437 774 1654
000369.jpg,757 1728 1231 1533 754 2756 2021 2320 2533 1149 29 2673 286 2172 218 293 213 707 135 2638 2224 2295 558 2024 536 24 2413 967 1597 1478 426 672 119 2143 2828 2408 2178 1804 739 1394 1588 2078 304 1296 1719 2472 1984 1383 1132 802 1890 80 121 1492 1035 429 1562 555 2090 933 1839 1265 2014 1689 142 545 91 2277 473 1888 1312 1374 2333 1668 646 529 498 2430 332 251 2668 289 424 2464 2217 340 2561 2366 2227 388 364 1793 2787 568 425 1801 2566 36 1463 1889
000370.jpg,2045 2023 1584 2755 747 770 258 1796 2545 1320 1029 64 463 2034 817 577 26 497 1640 1489 1416 1710 2735 892 2817 925 155 1586 305 51 704 860 1870 1362 2649 1782 1571 1701 1897 562 1948 992 2635 550 440 1190 1837 1369 665 606 319 2300 1514 2650 1045 2836 2215 307 2481 1319 947 1060 638 1698 712 161 1926 46 1624 2100 48 1123 2130 100 1009 573 1468 1071 1208 1307 867 642 349 348 2454 489 2158 1096 1446 2767 2607 2721 2223 1258 168 2574 1381 1407 1101 1360
000371.jpg,338 1466 730 1707 336 742 2516 1969 937 1511 1442 257 1526 1007 1731 2843 1325 1455 1779 1894 410 2102 1516 2341 1068 1138 2145 1131 538 709 1670 2377 406 253 1498 1871 392 248 1243 2746 365 1992 535 2302 1005 1732 519 191 112 1079 2763 186 1385 870 678 2730 1527 1783 1645 773 843 811 1678 2290 435 1379 1800 1165 2492 2251 1094 1020 2151 1573 648 2830 1794 749 544 830 881 2299 2680 774 2788 1073 1454 1581 2275 2560 1133 2005 673 1936 1040 2549 1174 2364 821 1120
000372.jpg,979 2227 2786 2668 340 176 1562 332 2108 2384 1393 2743 554 289 1890 1065 1033 868 2029 1888 1431 142 1492 2451 555 417 1686 802 886 597 1418 21 866 2078 1398 429 361 571 62 878 199 36 1053 681 733 2333 536 432 2117 1588 1699 680 988 500 1449 893 302 1132 569 1268 121 78 292 1256 2217 1499 193 743 1553 1430 427 1886 2090 1535 2423 2415 2267 609 1236 1038 520 2224 1793 2568 2421 2828 2058 272 2380 2521 2210 940 1668 1064 1222 1836 2827 2249 1957 76
000373.jpg,197 2439 1993 1045 712 1544 1782 1663 2130 2836 2050 1381 1658 735 2241 440 2840 1422 179 1617 2628 550 2767 947 1840 463 169 1444 2649 2375 1054 480 900 1870 1369 2289 1417 1679 1437 1328 2837 925 2454 260 1623 51 348 445 26 134 1261 1649 2011 1218 2826 1029 433 563 1253 645 1552 559 1486 2082 659 1489 1710 1468 1926 2312 489 2707 1307 1796 1407 1102 2769 2270 2832 1051 305 2084 155 2790 2397 2133 85 59 2556 2631 943 2528 2389 312 1146 1656 1624 663 518 2088
000374.jpg,472 2444 1803 1059 127 2063 1811 551 342 1060 2738 2266 1421 2758 1509 1069 1167 1355 17 1607 573 2385 1530 1341 2094 317 226 405 262 1828 2614 846 1964 2740 2710 2835 1159 166 888 1078 600 2138 1571 2255 1807 1295 687 667 160 2820 403 2811 1925 2595 1619 352 1338 1373 2484 154 537 1652 2412 147 642 1814 1524 2339 2100 195 203 2486 1982 2231 1540 2731 641 1815 2455 2371 1622 41 2771 428 2208 1589 264 1520 1863 577 385 1698 2340 2175 1735 1025 2776 1 912 2399
000375.jpg,430 478 726 999 331 1635 1967 390 2693 1050 655 314 1715 2236 1475 1472 1124 2053 1037 1648 2406 2059 1187 484 2407 1140 1303 2301 1438 2429 471 1662 534 1918 2470 806 936 27 2465 2505 799 363 1127 1275 1929 1274 402 2687 758 1730 1273 2806 2244 2698 786 1921 780 53 643 2061 268 1465 418 1395 2402 653 1972 1008 721 1317 389 1568 1756 2467 295 805 1647 1692 290 1216 2690 391 1780 1755 1378 1481 1118 838 561 1011 2173 1282 108 2611 209 1503 2280 356 2062 207
000376.jpg,2567 1214 1171 22 2751 2109 1661 106 96 205 1927 2554 1632 894 419 2502 189 1032 2060 2153 2152 2401 2831 1605 2705 2030 2571 2726 481 621 1364 2612 1703 1425 1251 2162 84 1288 2216 744 596 396 171 214 1712 2522 941 1602 2841 1749 333 1064 1760 45 2521 2791 1363 2768 609 2348 1488 132 2056 95 1960 1743 148 1397 1176 510 183 420 198 953 957 1365 2737 1483 42 2149 1738 1953 1999 20 75 1004 2404 2313 1139 836 2179 149 2096 1471 2627 2497 824 592 935 1693
000377.jpg,1753 1125 70 2777 2772 2077 2478 2561 1035 2510 1839 1834 1252 2015 951 2818 431 1842 2161 18 2 103 1323 601 1533 2663 297 1186 1728 29 2172 286 1759 1389 1235 1830 126 2601 1683 2471 1845 581 1559 766 2624 315 688 2000 2242 328 2504 2314 2533 1785 737 1357 853 1091 1230 2757 424 680 101 702 1115 436 165 1557 2238 395 191 1693 2759 1801 767 1130 2216 1132 757 364 1905 777 2546 2178 650 1908 2656 1423 1996 39 1588 848 502 304 990 1451 578 215 2622 310
000378.jpg,1087 1558 714 2072 1207 898 614 1928 853 1137 1166 2409 895 1590 93 727 658 589 485 1175 1197 1306 1951 2066 2113 1213 2493 2324 304 2787 2178 1798 646 2054 465 293 2546 1394 2224 1300 1257 76 1334 803 1361 2323 572 1230 1597 962 1115 1389 1561 1785 1312 634 2667 24 426 374 617 2143 1538 395 75 783 1298 2430 1801 1427 1333 251 2542 1712 2024 198 1760 2644 2022 2497 954 529 1004 1685 1883 540 1451 1343 149 949 940 1971 1593 2112 483 1683 2242 1605 2784 182
000379.jpg,2567 2141 2502 2841 1171 106 2152 2401 1251 1364 1288 1661 2831 621 1703 1113 2705 2216 2751 22 1927 1214 2263 2612 2056 96 171 1525 45 183 2182 2554 2522 214 1371 1632 2760 1605 189 2109 894 2608 1064 2623 1363 419 236 1336 333 2571 1280 2153 620 1283 2048 851 1032 1365 1865 1108 2761 1013 744 732 2720 2060 1139 957 959 42 2442 198 941 724 1768 506 644 609 75 2688 2404 629 270 181 84 2160 2737 2497 2179 1960 1217 949 40 1198 2079 1953 1749 1004 1318 2591
000380.jpg,754 1231 2021 1728 2756 2320 757 2533 1149 29 286 2172 2673 1533 218 293 2224 707 2408 119 967 80 1478 424 1361 213 2787 1719 589 1296 1951 1451 1306 727 2054 1804 1175 135 2354 1984 572 1849 2295 739 2078 1383 529 364 485 76 646 426 19 184 1945 1106 1597 658 1492 1559 1394 142 2178 2260 1588 536 1722 1132 2464 304 498 558 802 2124 766 2413 2014 395 1798 2366 2566 2040 2546 1230 520 1801 328 1890 2000 473 1312 672 1115 568 2504 1430 232 375 1867 1326
000381.jpg,341 2040 364 2381 737 215 436 101 1900 251 989 374 1427 803 2540 545 766 1883 328 2759 1971 581 572 1230 2644 2504 2579 1353 2238 1389 2114 1683 1115 1898 529 395 2546 1257 962 2277 1394 407 1361 789 1798 1106 304 2242 1801 2178 240 1451 1786 1213 2784 2066 1559 483 2113 2323 1091 1334 926 1093 1818 76 1300 293 2000 39 564 2495 1137 1357 2787 2756 1306 1231 1175 2288 754 485 1951 1728 589 1180 714 646 2054 658 2021 1558 727 614 1207 1149 757 1166 1928 2409
000382.jpg,2363 2460 557 2185 1694 2584 879 143 1440 1129 2749 386 1411 1684 2529 2271 2298 2517 810 1619 795 718 71 787 1630 1360 273 262 888 1925 2844 2468 958 1294 1112 30 147 1509 638 2524 1242 891 1373 1807 2481 2776 1059 1295 1480 299 1445 2104 665 1215 2595 1446 1816 1939 2616 2576 2139 1982 1258 685 2833 2619 1863 2771 1803 154 1167 697 307 90 1514 1520 1366 2797 2213 2246 2385 2738 2269 2371 342 2309 352 2399 312 472 1811 349 577 1934 2411 1375 160 345 59 2662
000383.jpg,2510 70 1753 1125 2478 2077 2772 2777 431 2561 1839 1035 1834 2818 951 2015 1252 1842 2757 18 1759 2161 601 1390 2622 1557 315 2 2663 1165 191 1938 2302 903 2507 502 1443 2685 2388 1904 446 889 309 2741 2686 1806 1976 277 1833 997 395 461 102 1105 269 1340 2702 1747 1980 745 20 202 631 1401 453 990 1593 325 1075 2624 1107 530 167 1217 2315 2166 19 2135 1474 2335 284 2098 1329 2636 1910 1310 1606 767 2415 1047 2441 165 1845 848 2566 1693 2827 1604 695 2083
000384.jpg,2091 239 2794 2164 1781 2280 2173 1127 209 838 1274 139 1472 525 1780 27 2232 356 2025 245 1282 296 408 654 2669 49 2311 653 2693 2396 1505 1248 1435 225 2017 192 625 216 1598 61 1356 113 1011 1506 1024 1787 1961 858 2053 383 1124 679 207 252 2531 1755 2236 1568 1635 1475 1924 449 799 290 1967 390 2137 220 1317 314 1715 1216 1187 1972 1050 805 822 2406 1756 561 1303 1706 331 1141 2059 721 1395 1037 782 2402 806 1647 1692 2244 2061 1140 1465 484 2285 455
000385.jpg,1425 1380 2249 1447 1483 1749 16 1469 44 376 2437 2317 761 1995 1933 1836 1200 222 897 905 2420 1178 2700 1504 1990 1672 2245 2218 946 1044 1263 474 850 834 396 2627 2512 644 2058 1750 1790 1727 1277 2410 2555 2071 832 1535 1641 1219 45 1305 2096 1423 2216 2401 621 1322 2463 1436 1736 2831 198 42 2442 2425 1064 836 2362 1911 2705 325 783 2522 2079 75 1006 1671 459 971 2688 2514 2086 1013 940 1336 171 745 2497 1315 2197 2230 2056 1288 1267 1865 488 1621 2394 1004
000386.jpg,1146 2389 59 1545 4 1752 626 1202 1737 2082 2367 1799 1386 188 2270 518 2477 987 312 2832 826 950 85 1934 2501 1102 556 1405 635 611 283 547 2300 266 1319 2556 2790 2044 1656 943 2528 2411 221 1926 1624 1316 2069 1644 613 1407 817 2631 2312 2817 2397 480 1468 260 904 2419 978 345 2826 2574 559 1437 900 2208 2424 2652 1630 1870 925 2375 550 2289 134 563 489 769 1428 348 2692 1253 1360 996 2148 197 712 2084 524 2530 970 2133 1491 659 445 1775 2649 977
000387.jpg,2464 2725 957 1889 2448 609 1766 2404 509 2457 844 5 1515 1696 744 244 2115 1426 2128 466 1616 2141 2124 1326 473 425 498 1061 388 163 2014 1637 2366 2351 375 815 306 1754 1556 1987 1945 232 2522 2751 2056 1038 2566 2508 520 45 2109 1525 1365 2521 1880 1477 1960 510 1064 2572 1364 1171 2612 1251 2421 22 1269 19 119 621 2048 2278 106 424 592 690 171 1596 1661 1659 2182 1768 183 1280 1602 2760 23 80 672 214 38 2354 2828 1296 2203 1080 707 1797 1383 2726
000388.jpg,2716 238 28 2250 1563 2552 505 2500 523 2365 175 2181 313 705 152 2119 2534 2370 2689 849 2283 587 2819 81 2681 1827 504 734 1335 2527 1532 1680 2479 772 458 1741 2322 2193 2191 1704 1896 711 503 633 847 1339 1111 2592 2674 2557 1708 972 2052 602 92 120 671 354 2099 1332 330 740 1746 696 1912 2144 125 2806 2059 108 1730 1917 753 1929 788 2028 534 1275 628 999 532 1923 2597 484 1220 1097 1314 2773 1873 1655 2244 2237 927 1932 1293 1692 129 1062 1117 1281
000389.jpg,835 1254 903 1512 65 1310 1107 1608 2388 684 768 1340 1720 250 1821 1975 284 1908 2276 502 297 990 2471 2601 2579 1114 931 702 103 1830 1323 1235 789 1413 578 1186 2624 581 2087 1845 848 967 2759 2571 328 1458 1013 1907 1353 126 870 2504 1804 951 2386 2258 2612 1767 2314 1801 483 2196 1217 1336 988 2116 240 374 935 2238 2079 803 1277 2546 886 1791 2661 2095 2401 2736 827 1178 2230 1115 1391 1300 2160 1883 881 2766 332 251 688 1834 1315 2680 2381 766 2096 2818
000390.jpg,1481 418 52 2244 1465 780 534 806 207 2429 786 1438 1662 2059 484 53 2470 471 363 61 225 2690 999 192 1273 2025 726 290 402 346 936 2669 2698 2301 2467 478 1918 2236 1780 1787 2407 2821 331 1475 268 1275 344 758 2687 2396 655 1929 1730 2806 389 654 2053 295 1124 2693 2505 2465 653 643 1378 452 1008 108 131 1022 430 245 1282 1706 625 525 1503 27 1248 2311 1831 356 408 2173 464 49 1598 838 1435 679 2794 1127 1037 33 216 391 2285 1568 840 1692
000391.jpg,629 1865 2677 1723 1891 2161 941 1949 2346 475 1916 2666 650 1605 1144 2816 2810 2152 820 1603 420 84 2043 281 2171 2502 1599 750 1272 2494 2521 380 2421 2217 594 1766 73 609 713 1397 2074 285 510 2179 909 1738 117 1488 115 2249 2210 1995 2222 2194 2261 2768 1559 1628 474 640 327 582 2627 498 1987 37 334 1637 148 1740 2518 1661 1462 2671 1184 1750 1038 1106 1412 2415 1256 425 1006 1502 409 437 953 1283 1221 845 2115 417 744 1858 1073 2568 479 1785 1175 1541
000392.jpg,2294 1055 1944 2558 2728 2766 2207 1056 725 1825 204 165 2825 1212 1940 2741 2842 137 2135 1986 1606 116 899 447 1130 2506 2736 246 1463 2305 1134 1935 1547 1067 1841 2719 362 692 790 2435 677 2041 2068 97 2258 2511 2319 2382 1464 2813 1076 2286 494 79 1126 1223 146 722 2248 2438 804 2708 1452 1639 682 491 1185 1899 2292 329 1874 2569 1937 686 1777 2393 2683 2665 2057 350 1771 1592 2639 140 574 1962 647 2625 657 2291 2436 1998 1057 1892 2580 1868 2037 948 1677 442
000393.jpg,2491 2328 1179 1977 2252 1651 2682 1578 841 1583 945 1579 2792 227 998 2723 639 382 916 9 118 1354 567 1470 517 919 952 1920 2225 1791 1769 778 2711 763 982 1063 1854 114 2042 2729 2778 887 2647 2065 1531 928 930 1657 1667 748 1970 2575 808 819 1770 2379 662 1851 1344 1819 98 329 804 1613 2462 2349 1864 2436 174 2334 528 948 2474 1585 2618 196 1367 1415 974 353 910 1688 776 276 2310 2248 2393 2559 2382 658 2416 2598 1566 589 2286 1639 1555 760 1464 140
000394.jpg,98 2474 196 869 353 776 1625 585 1643 1819 2081 1864 2067 1042 2353 2361 910 2462 2256 2334 1963 2103 701 781 1402 233 809 276 69 1344 2027 2101 2264 381 871 2582 1667 1579 118 2157 1204 423 282 944 1791 841 1519 1246 451 2336 255 2355 114 303 574 206 2141 1330 2065 812 434 1436 639 2153 515 1770 481 929 2677 153 1985 2647 2152 9 450 818 1997 682 2001 1632 1574 494 1365 1583 2218 1839 945 247 819 1772 539 1920 662 567 998 2284 2723 1832 631 629
000395.jpg,1303 1472 2236 1475 2693 726 999 430 478 2053 1124 390 331 1635 1967 655 314 1050 1715 1037 2059 1127 27 1274 484 1648 2406 1140 1438 1918 1662 2407 561 471 2429 2301 1187 2061 534 806 799 2402 1647 1921 2465 2505 363 936 721 1972 1273 268 402 2470 643 653 1317 1780 1275 1395 53 1756 2698 805 2173 758 1929 2794 786 1568 2280 2244 1755 239 780 1024 2687 1692 2091 1008 782 2531 1378 1465 838 290 1011 1730 108 2164 2765 389 1018 391 2611 1503 2285 209 2632 1216
000396.jpg,2025 225 61 2669 192 1780 207 290 653 1787 2794 2396 1781 2280 2164 2173 1127 209 838 139 239 1274 654 245 418 52 2091 408 1282 356 525 2017 49 1506 296 1481 2232 1472 1011 2285 2531 2693 27 53 1961 1843 1465 1662 806 2765 534 1438 780 471 2429 2244 2470 383 2565 1024 786 131 2311 363 495 33 268 346 1141 449 2059 936 2690 452 1875 2557 1021 1475 1124 484 1918 1216 2053 1941 2467 999 618 402 2343 478 1140 2821 344 241 200 1435 2236 216 2316 1505
000397.jpg,1481 418 52 1465 2244 780 534 207 806 2429 1438 786 1662 2059 53 484 2470 471 2690 363 225 61 290 346 999 2025 402 936 1273 192 726 2467 2698 2669 478 2821 1918 2301 1780 2407 1787 331 2236 268 1475 2687 758 1275 1730 655 1929 2806 452 389 344 2396 1124 2465 2505 131 654 2053 1378 295 1008 430 653 1022 643 108 2285 1506 2693 1037 1503 467 1127 1692 1220 840 753 27 1706 2794 245 2311 1282 838 525 799 2634 408 628 2173 1140 1274 464 1921 2398 1011
000398.jpg,1385 1779 773 1992 406 2145 2763 2102 519 1526 1325 2516 1007 1511 1969 1442 1894 730 1707 2302 191 1466 811 186 742 1138 1731 1645 1165 1871 112 1800 338 2613 257 410 1079 2680 315 365 2095 435 535 288 2377 881 709 605 2609 1527 870 1581 1783 1040 301 1020 544 1309 1573 664 2746 1068 2560 248 1759 2290 2830 648 610 2622 1516 1311 1721 1968 2110 678 2757 1419 1557 11 253 1424 1005 855 2219 2331 1865 2251 2730 1012 336 249 2042 1116 843 717 821 392 1876 2341
000399.jpg,2012 1600 630 3 254 1642 2391 2453 2593 256 2170 2405 2001 1170 2490 1958 1595 1267 2734 2147 652 1380 632 14 779 66 929 516 1246 765 2536 1077 1574 318 1136 1985 1152 1745 1036 2426 2157 1973 1762 825 2336 490 2165 2204 2434 874 282 1347 549 2264 2355 265 2101 276 2256 522 862 2691 2824 873 974 94 1247 2718 2132 615 639 392 1245 2318 1519 212 2647 343 2603 1900 604 2667 69 1384 441 1794 2209 1915 1633 1454 206 58 1942 1128 1670 1044 1133 2443 598 233
000400.jpg,2842 2558 2766 899 204 1944 2728 2825 2135 1212 2741 1055 1606 447 2294 137 725 2068 1067 79 165 116 1547 1935 1463 686 2511 2207 2736 2580 1134 1076 804 2041 2305 1056 246 722 1825 692 2719 2665 1464 329 97 1452 2248 2382 2286 948 2436 2292 2813 2598 2057 1874 1223 1940 2319 1986 2435 790 146 682 1910 1126 558 1130 1777 491 2506 494 2393 1639 135 1592 2438 2708 1185 657 1841 2712 1937 677 1604 67 1058 451 140 217 1899 350 2308 2569 1330 2617 984 647 2258 2295
000401.jpg,1255 1757 986 123 882 2150 1477 204 93 2775 2667 895 1657 1590 1600 2639 2729 1415 2291 2320 1149 754 820 2021 899 137 2683 174 2756 750 1541 1606 2012 2842 928 2057 1851 321 2379 930 2673 1212 574 2020 2778 693 1748 1056 1603 1157 371 2416 334 2651 2378 1493 2493 2324 995 494 2533 2490 1899 2278 2813 2247 1997 956 937 469 1538 1404 1359 1558 1928 254 2207 1499 1985 2051 516 1014 1833 24 2804 2211 1769 1868 540 2234 1459 1195 1609 647 2248 1194 819 1100 2319 1351
000402.jpg,898 1300 2066 1213 853 1087 2113 465 1558 714 2072 1928 1166 1197 2409 304 2178 1207 895 1590 2493 1561 1785 93 614 803 1115 2546 617 1137 483 1389 2324 1228 540 1883 1773 1161 1631 1394 251 1513 1847 2784 499 1257 1353 291 1795 634 240 2430 2542 1593 374 2242 2143 485 24 1334 789 1427 1535 1175 2224 1798 1971 1597 1346 2759 1689 1801 407 2579 76 2787 2024 215 2540 2054 426 832 646 341 1951 2504 1306 2238 1093 576 2700 1786 766 101 676 1361 727 293 581 1749
000403.jpg,2011 645 2707 1444 1679 2837 1054 1623 1649 1328 169 947 1663 735 2767 1544 1617 2050 440 1782 445 2840 1993 1381 2836 1261 2130 1045 2439 1840 1029 965 712 2241 1253 1658 1422 2287 134 1218 1552 2628 51 1775 319 2735 463 179 197 489 1307 2352 2046 992 2084 1948 1437 2631 1123 194 674 769 2312 1860 2076 1640 906 950 1208 497 1416 2133 900 1586 155 231 259 2412 2424 550 2544 563 30 2088 1445 2397 1636 1710 1489 161 1148 2649 1468 606 2815 90 1870 2769 904 1486
000404.jpg,2509 1810 67 1001 2583 1075 2350 2121 202 627 1012 249 1406 404 1195 1894 1055 1721 1609 1944 2809 742 1606 2766 2558 1594 2825 1876 2728 338 2057 725 899 1169 1779 2042 2207 1869 1088 137 902 1212 2135 2382 1473 378 499 2757 1707 2020 811 359 2598 2294 917 730 1464 2684 1992 818 2741 2033 1759 2842 447 165 204 2813 1466 2651 2248 1874 1969 1517 1626 2719 1511 1223 1516 91 2435 494 2756 2102 2763 948 371 2145 116 12 1639 2305 2733 937 2235 32 1731 804 2051 2748
000405.jpg,2715 1293 159 580 31 1097 326 1143 1822 1118 2669 61 2232 207 2025 192 225 2062 1568 290 2396 1140 1787 653 1780 356 1282 296 1262 408 838 2794 455 1506 139 209 2173 1781 1755 2693 2280 1297 2557 49 1317 654 1706 464 245 1395 418 1756 805 1024 2164 1127 363 2265 1141 2091 1378 2017 2061 1921 52 1655 1314 239 1011 1831 1472 936 1274 786 799 1475 2301 2053 1124 1662 1647 2687 1022 758 346 27 2465 2505 1972 295 2236 452 2806 1955 2407 2467 999 268 113 402
000406.jpg,106 2263 2152 2141 96 2502 2554 1632 1927 894 2678 1083 620 2401 2807 1251 2720 1525 2522 940 45 1856 621 732 2048 2153 419 1318 2562 1365 2623 181 1661 2056 2442 1004 644 2572 2386 1364 1702 1536 2612 2737 762 2831 2111 2567 1064 1749 1371 214 636 2278 2116 2112 2705 1171 1605 1032 1336 1727 2761 1797 1768 949 2160 1726 1999 1434 482 407 1103 2441 1013 189 1343 1288 2571 171 2060 1703 333 2591 2608 387 1280 2079 236 198 2555 1263 2841 2760 783 474 2643 1283 2203 1108
000407.jpg,555 142 802 1492 868 2078 429 2029 1890 554 1888 1053 878 289 2743 1562 866 2668 199 176 2333 2384 1393 1431 681 1033 332 21 2451 2108 1398 432 361 2227 733 2786 417 62 979 1268 1686 1418 886 340 597 680 1588 36 1699 2117 302 893 78 1065 988 292 1132 536 500 743 121 2423 571 569 1256 1553 1499 1430 2217 1886 1449 193 1236 2267 427 2380 1478 91 568 1038 901 2090 1668 24 2421 213 29 1597 2224 2408 2415 2638 2566 424 707 2533 119 2568 1529 2143
000408.jpg,204 2741 899 1212 2135 1606 2842 137 116 2766 1935 1463 97 2041 2558 1944 1547 1134 2305 246 1067 2068 2511 2728 2825 1055 725 447 165 79 2207 350 2435 2294 722 1056 2813 2248 2736 1223 677 1986 2665 1874 686 692 494 2057 657 1940 1677 682 1825 1841 2382 790 1892 2258 362 1771 1126 2625 67 1130 2037 388 1464 1061 1088 2719 2438 2506 2291 1076 2708 2295 1330 1408 1899 135 2756 558 1185 426 647 627 1962 2638 598 2292 2319 491 2143 1937 2440 709 574 1639 444 1998
000409.jpg,967 1804 568 707 2320 1149 1499 1728 2533 2021 2756 29 2615 1448 1719 792 739 1231 286 2224 184 754 2673 1430 2172 2354 1597 2295 1553 1945 426 218 36 1478 500 2413 119 2117 2408 293 2296 1886 135 1296 1699 1431 1236 1984 91 2267 232 558 1265 1722 2638 2217 2235 634 757 1849 2464 2143 1637 2380 24 520 1364 498 2472 213 424 680 76 1560 1383 766 2238 1269 733 2404 881 1243 328 2830 2787 80 2056 1401 1379 1766 2387 1689 45 2024 2423 163 1980 2661 19 2725
000410.jpg,1533 757 1728 1231 754 2756 2021 2320 2533 29 286 1149 2172 2673 218 2224 293 213 707 967 135 739 2408 2295 1719 1478 558 2260 424 1804 2413 1132 1588 80 1945 184 1296 2024 2638 119 2464 520 1562 536 1984 24 1383 498 232 2143 426 2078 1890 1849 761 2566 2235 19 1597 2668 1722 2108 91 2227 672 1035 388 2217 1492 332 76 2725 2472 609 2014 473 597 1431 2404 36 1888 163 792 1889 1061 340 375 802 2786 142 417 1793 1766 2828 2296 2124 2354 1256 429 983
000411.jpg,1839 2510 431 1798 1035 395 1801 658 589 962 2644 485 1230 2323 727 529 1306 2054 1175 1394 2277 1334 1951 2787 572 646 1834 1683 75 2113 1361 783 2066 545 2497 304 1559 2325 1125 853 1451 1213 2777 2772 1753 2178 714 1207 1312 2546 198 989 70 2000 1427 2249 2561 1712 293 461 1115 2077 1106 2072 1162 898 374 1087 1558 1203 803 1257 940 954 581 1971 2478 2542 1225 2022 409 2154 691 1206 1744 272 2737 2579 60 1304 1957 834 2149 2015 2003 1976 761 1173 2317 101
000412.jpg,2313 1858 468 1560 807 752 2425 1015 229 1188 620 732 1703 1260 1610 411 1288 189 2060 922 181 1797 1032 980 2118 546 1363 1456 1702 759 973 122 2643 1884 2554 2216 285 6 1221 1083 1927 1844 1286 2823 894 419 2567 1284 582 37 2807 2153 106 96 506 650 2666 2261 959 1632 448 1697 183 2194 1285 2171 1283 2043 1570 2476 1318 941 1171 661 2751 1865 2810 1891 2502 2705 1108 2816 1227 2152 2608 2831 2760 236 84 1214 171 2182 1153 1761 1882 565 1605 1541 2720 1723
000413.jpg,503 633 1746 711 1704 772 2250 2681 587 972 1827 2119 2322 2181 1680 2527 2193 1852 2283 523 1741 175 705 1774 313 2370 505 2592 2052 2500 1335 28 1563 238 2534 2552 734 120 2689 162 354 81 2557 602 1332 1164 458 1111 2144 2365 92 699 740 2212 1327 152 1109 2191 2099 2479 507 1182 963 1532 330 367 2237 1543 2822 847 1896 235 2716 2674 553 1339 849 771 2799 2343 1917 2597 1117 1873 2764 1650 890 68 649 1991 504 2789 2819 2610 1708 2773 2199 316 533 2742
000414.jpg,1584 2023 2755 2045 747 770 258 1320 2545 2034 2134 1796 155 1640 439 1660 64 1416 2607 715 2633 562 100 2635 51 2721 242 48 1948 305 1096 913 704 2713 2385 1522 2517 2373 1939 1530 2758 1191 1362 991 1572 1815 2650 2703 307 577 1569 497 1586 1897 1069 1816 157 1824 718 319 2213 1549 1485 1341 2619 2771 1071 1947 386 158 2433 1196 185 2229 2739 2376 837 1078 588 77 2767 1615 2834 2776 223 1432 846 472 2399 1542 1480 1877 2046 470 2781 403 161 2431 641 992
000415.jpg,912 41 1652 2208 1264 2231 2524 2104 273 1242 716 2692 2205 1988 345 527 2675 237 651 2530 996 591 1491 1181 616 2131 1812 1587 2517 124 918 700 1215 1564 1807 1615 888 2635 2619 2385 262 1373 2158 1295 1803 143 223 708 1837 2834 2771 718 961 147 991 2298 2529 641 1440 349 2738 1349 1167 352 386 195 1619 756 1509 2184 892 1497 583 1684 1409 1081 1698 2215 588 1618 2581 879 166 2271 2223 1355 2185 2801 2138 1765 1811 2844 2460 1540 798 741 2206 1630 1129 1675
000416.jpg,222 2218 1305 1504 1436 1933 2512 1790 850 2071 897 2362 836 2096 935 2645 2156 1052 1098 1321 1638 2355 1709 2750 1911 2432 1806 755 2446 1736 2452 2691 2342 2450 2394 599 2201 2420 1621 2642 96 2831 1447 99 73 2074 2421 1023 2655 2537 106 1927 1717 2560 1581 16 2705 717 1387 894 1085 44 177 1032 1006 1364 1634 2030 2401 2554 1632 399 1251 640 1682 981 461 1483 1573 1020 2095 2437 2151 586 621 1243 1910 1968 680 2578 1785 1749 1272 84 1469 2700 2587 2829 940 1672
000417.jpg,2713 1569 100 48 1796 2721 64 715 305 562 2545 439 2034 155 2433 1453 2309 1860 2376 1640 51 1490 2650 201 1901 348 260 26 925 1369 2826 1870 2289 659 168 1148 563 2649 480 463 2454 2556 1782 231 2817 550 1428 817 1316 486 489 784 2769 1489 2626 1948 197 860 2088 2528 1644 712 1407 2272 837 1878 1307 1319 1051 1624 1417 2337 345 1658 1934 1416 1627 1009 2652 524 1381 1710 445 2084 1437 622 2538 2581 2455 611 1446 2004 188 1422 1837 2484 2312 2735 2714 1029
000418.jpg,6 582 285 1221 1083 546 1260 1702 2643 807 759 732 620 181 1797 1697 922 1858 1188 1891 1723 2816 2807 2171 2043 2666 1318 1541 650 1456 1603 2810 2278 37 475 2194 2313 1865 1882 1536 2346 468 661 636 2261 1284 820 752 1916 973 1605 594 2118 1763 2425 420 2152 1570 148 1285 1153 411 298 1015 980 2056 122 45 750 2179 270 1227 1560 1610 2476 1397 1488 1064 1283 2521 1090 2502 2167 510 2768 1082 2522 1884 1006 334 905 40 372 2214 2048 1738 1768 459 669 713
000419.jpg,1481 418 2244 1465 52 780 534 806 2429 1438 1662 2059 207 786 484 53 471 2470 363 1273 999 2690 225 61 2698 726 936 402 290 2301 346 192 478 2025 1918 2467 2407 2236 2669 331 2687 1475 2821 1780 1787 1275 655 1730 758 1929 268 2465 2505 2806 344 389 1378 1008 1124 1022 108 2053 643 2396 2693 295 654 430 1037 452 1026 653 131 1692 467 2285 1220 1140 840 1831 753 1506 1472 1282 391 27 628 1568 356 2062 1921 408 1127 1503 2061 782 33 2611 216 1706
000420.jpg,2567 1171 1214 22 2751 96 2109 106 894 1927 2554 1632 419 2153 1661 189 2401 1032 2502 2060 1251 2152 1364 2831 2522 621 2705 1703 2056 1064 1288 2612 45 2841 171 2216 2726 2313 2141 2571 1605 1363 1365 2182 183 2760 481 744 84 2162 1749 205 2608 236 941 1336 333 1960 940 506 42 1004 1483 214 1727 815 620 609 75 1797 2555 1844 1744 1286 198 1760 2497 1283 376 2737 1371 468 732 2048 1434 1865 1987 1447 1858 95 596 1013 1139 1712 592 1999 1176 2112 1108 834
000421.jpg,1371 2263 1113 1525 2152 2502 2572 2623 2141 1280 214 327 2841 851 2348 2678 1661 1605 629 1602 1866 1084 1139 1865 106 1032 38 1953 1144 183 1659 621 1064 2751 2522 236 1960 2056 2109 117 2182 1632 2760 96 1171 45 2401 171 189 924 2608 2726 1364 1251 22 23 1214 1927 941 1687 2060 2677 894 84 2705 2554 2153 744 2162 2612 275 2831 957 40 1738 2303 2567 609 1744 1184 474 2216 419 1288 1198 20 592 2030 1263 1205 940 2768 198 1283 1004 1785 479 1749 1342 1343
000422.jpg,2210 2520 640 13 1272 2671 828 2578 2421 1910 377 1337 1754 1041 1038 1949 2083 2227 340 323 979 1562 2786 865 2108 2384 1668 2668 176 2032 1393 2602 672 1890 1189 2828 1374 289 56 332 933 1033 698 536 680 1492 2743 142 370 1329 2335 1588 2078 1764 2047 955 1431 21 2570 554 1616 429 2038 1686 2451 597 244 802 1888 1399 886 2117 2217 199 1426 571 1398 2839 1418 988 893 417 292 555 1132 1053 1065 121 866 2115 2029 868 2795 1256 36 302 2333 361 932 1699
000423.jpg,2471 702 2624 1830 2601 126 848 1845 1908 578 2276 931 1114 103 1323 1235 1767 688 990 297 502 284 1413 1186 1391 1608 835 1107 2314 768 1340 250 1720 903 1310 1821 1254 1512 2388 65 684 1975 522 2497 2656 75 581 1916 215 2113 731 1798 2149 304 737 962 2000 954 1559 1458 2510 395 1605 1203 1213 2542 1570 2346 1230 1801 461 2152 198 650 2644 1298 2178 2114 767 1426 2066 803 2503 1839 850 529 2777 629 110 2325 1685 1106 1674 1125 2706 2469 1976 436 101 1683
000424.jpg,341 2040 364 737 2381 215 436 1900 101 251 989 374 1427 545 803 2540 766 1883 328 1230 2759 1971 2644 572 581 2504 2579 1353 2238 1683 2114 1389 1898 529 1115 395 962 2277 2546 1257 407 1394 1361 789 1798 1106 304 1801 240 2178 2242 1451 1559 2784 1786 2066 1213 2323 2113 483 1334 926 1091 2000 1300 1818 1093 39 1357 293 564 76 2288 2756 2495 2787 1231 1728 754 2054 1175 646 1951 1306 1180 485 2021 1137 589 727 714 757 614 1149 658 2320 2533 2561 1996 333
000425.jpg,2677 629 1949 941 909 1865 281 2161 1144 84 2494 1502 882 2421 2179 123 1038 1960 2115 1080 609 1766 594 1184 474 1723 327 1232 2627 2346 1616 23 1199 851 1738 1768 117 2203 1283 244 76 2150 820 1916 744 475 1637 2404 1041 1987 1558 270 1754 40 1108 37 1462 425 115 163 1659 2761 2072 2726 1476 750 1891 498 676 1591 2216 275 2162 2224 375 334 36 1073 2620 2503 989 1087 481 940 1180 907 1714 1844 1207 1740 2303 1995 714 853 1371 510 2521 1315 1661 2117
000426.jpg,1697 1188 2167 922 2643 1702 181 759 546 1260 732 620 807 285 1221 6 1797 2268 582 298 1763 1456 1083 459 37 1284 1858 411 2043 2816 1090 1570 1541 1082 2171 2807 1285 820 1308 122 1318 586 2810 973 2666 980 1882 1891 475 636 1723 2118 1884 1603 1536 448 650 1610 1916 443 661 1006 1015 2346 752 2194 2261 468 594 2476 334 2425 1227 1502 2168 2313 2203 1537 1768 690 669 1283 750 1153 2179 476 1865 1184 2761 1108 1911 1322 1866 829 2706 2048 281 2278 2791 229
000427.jpg,1375 2548 857 1776 704 2332 1350 2456 2356 2363 1887 2123 2662 421 720 2039 2659 2206 746 2727 77 1551 798 1877 307 2399 1043 2590 1191 2460 158 656 756 2672 801 228 2229 1665 2581 706 2327 1792 570 1930 885 1193 1619 2739 1520 1925 557 842 1542 1086 1 879 1664 263 2198 689 2215 797 1861 1724 1675 2187 1358 892 1392 1947 1440 2004 1580 2158 1457 2844 913 386 1572 2186 2125 1575 1229 2100 837 2330 46 687 1982 2139 234 2321 143 352 2749 718 1009 667 1837 2635
000428.jpg,540 1093 407 2441 2242 1856 2111 1914 2827 1561 777 310 2785 1996 1091 1535 2238 617 2413 967 2295 1346 558 135 766 983 1898 2202 1804 2745 1448 1728 1683 291 230 1631 1593 2190 1689 1693 949 2615 95 328 24 1343 783 2143 184 2638 2235 634 754 91 2024 695 1597 2756 2656 426 581 2737 1945 2533 940 88 1176 596 1476 2542 2472 2149 499 576 2320 1719 832 1149 29 424 1818 2112 232 520 926 2430 2021 1478 2281 132 707 2673 853 1231 2547 2016 739 1743 1562 1714
000429.jpg,238 2250 28 1563 505 2552 2716 2500 523 2181 313 175 587 2283 1335 1827 705 849 2119 2689 152 2681 2365 2534 2527 734 503 2819 2370 1896 772 1532 711 1741 633 458 1680 2193 2479 972 504 81 2322 1339 2191 847 1111 2592 1704 2674 92 354 602 2052 1746 1332 1376 2099 740 2144 1708 2557 330 1912 2177 671 268 331 655 1852 726 927 2806 1929 1655 1730 999 125 2301 1873 2237 1117 2059 1275 2228 1314 1756 1378 1831 1118 484 159 2774 2715 108 2199 1706 464 216 534
000430.jpg,767 277 1938 1443 1833 889 2686 1747 2496 2315 211 369 2532 2510 1980 2702 1460 2818 431 951 1989 1834 2015 1252 1418 2685 70 597 2571 1686 1272 886 2384 1065 2777 13 417 1793 2668 2077 1562 2217 95 1277 1561 2478 713 1074 1390 2463 1176 45 576 1353 824 132 2827 1322 1064 1801 2190 2108 617 1401 20 1035 236 1334 1557 1091 1342 2522 395 1749 1593 2772 1203 1315 640 2410 1605 1713 1890 36 2507 1743 2249 2786 2182 1263 2056 695 1904 2242 1343 691 1371 1550 2745 2441
000431.jpg,493 1034 2672 2374 2461 1276 2174 1392 548 133 1234 210 976 294 1196 1724 1859 57 1861 793 2418 1765 2184 1457 746 1358 1664 1575 801 2229 263 280 1375 1580 1792 2590 1776 885 756 366 228 1877 2327 588 570 583 857 2739 1072 1758 1887 1930 1350 689 2332 1229 1043 797 2004 1947 2321 1542 1191 2356 2039 2659 2125 2456 704 656 2548 1551 1081 706 1665 1497 1086 421 1279 2694 720 2581 77 2206 2123 242 158 2838 859 880 2330 1193 2186 2187 1030 2703 2198 2662 1345 1675
000432.jpg,629 2677 1949 1144 941 1865 851 1960 84 2152 1371 2421 40 2161 1661 281 1723 2502 592 1605 327 474 214 2572 1038 882 609 37 1891 2210 2571 2162 640 909 1738 1659 244 1602 1616 2494 1113 2115 1987 270 1041 1283 2346 2348 1744 2726 1754 123 1272 23 96 1525 420 594 1488 1397 745 106 2263 2627 940 2671 1064 1916 13 481 2203 750 2521 2678 325 744 1766 2705 834 475 1108 117 1336 894 510 1757 1632 1749 713 479 148 1927 275 272 1080 1502 2109 1184 285 2179
000433.jpg,2070 1141 1506 383 1356 2669 1140 455 2232 1262 216 2470 1505 654 2025 192 525 625 2311 1435 1598 1248 679 2396 245 113 1787 61 139 209 858 2565 1780 207 408 838 49 1282 225 2280 252 2173 356 27 2137 296 1781 2794 1127 2017 2164 239 1568 1124 1274 418 290 822 2053 1021 1875 2091 618 1715 1481 653 1472 2531 52 1216 1967 1024 1037 1635 1500 1662 1011 2765 402 495 449 390 2698 1961 131 2316 1918 1941 2467 2690 2693 471 33 200 314 363 806 2429 1438 1465
000434.jpg,2317 1672 2437 1990 2249 2129 2700 1178 761 16 1836 44 47 832 1044 1224 1116 1713 2180 1838 1995 1469 1447 1714 1483 683 376 2523 34 2422 1749 676 2785 1535 1346 777 1996 2555 834 1914 2202 230 2058 1180 1727 2288 1357 1277 2745 2495 1476 76 926 39 1091 1106 1449 564 2190 2281 88 576 1786 1425 1559 1818 1856 2547 465 1176 983 2114 1257 989 1593 2111 2441 60 2224 95 751 1462 1523 824 1865 1304 695 2695 905 132 1971 581 2827 2497 198 115 1773 596 75 924
000435.jpg,154 2749 1524 2740 1059 342 203 1629 551 2468 2801 2444 1811 2710 1215 2460 795 2198 2727 685 472 798 1863 1025 557 1803 2363 242 1925 667 1167 127 158 160 2403 934 1861 1078 814 1520 1421 2738 2431 1480 147 57 2581 1129 1355 2226 1375 2371 385 267 307 1530 1619 2269 1086 1071 1366 280 879 1539 428 1 2399 2473 2576 166 2548 2175 1580 133 2206 1807 2633 1675 2595 262 1072 1816 2187 570 2004 2418 1509 2013 2607 2273 2529 1982 1549 1193 1242 1824 2771 2717 2127 438
000436.jpg,1911 222 2218 1305 1436 1933 2512 2355 1504 850 1790 2362 2071 897 2420 2691 1638 935 2096 2394 981 1267 836 2318 2645 2156 2750 1387 1098 755 1052 99 1200 1682 459 1709 2432 1321 1380 2201 595 2587 208 2342 380 320 73 1806 437 1736 1090 1872 2452 1599 1479 2450 1006 1308 2074 1233 1763 2593 2167 760 1628 2446 586 399 1717 443 1085 1474 2268 1082 632 477 2163 2514 1163 612 2706 745 1510 2535 1322 2161 599 2290 144 44 2679 1820 2746 2458 796 2657 2617 1676 637 717
000437.jpg,1466 338 730 1707 742 1007 2516 1894 336 1969 1511 1526 1516 1442 1325 1779 1731 937 186 709 257 2145 2102 410 1455 406 1385 1138 519 1992 2843 2763 1645 1131 538 1800 1068 2341 1732 1079 1670 773 2302 1871 2377 2746 112 365 248 811 253 191 1678 535 1005 1498 830 1243 843 870 2730 1783 2275 1073 1165 678 392 648 1527 1094 435 1379 2290 2251 1573 288 2492 339 749 1020 1120 1620 881 2680 2830 1557 544 2788 1794 2151 2219 774 1581 1001 1075 2613 1133 1454 2560 1936
000438.jpg,2510 431 70 1839 1035 2772 2478 2777 1753 2077 1125 2561 951 2818 1834 2015 1252 1938 1390 2757 889 2686 1557 2622 1443 1747 18 1842 1759 767 2 1833 2741 2663 1910 2702 2315 1841 277 417 315 2624 1996 1845 2161 695 2135 1176 1075 824 2258 2601 2415 362 601 230 1329 2471 745 332 988 725 424 926 1793 2276 19 1474 132 2602 1323 165 1212 1353 2083 536 2547 2795 2441 597 1608 777 2305 576 2566 116 1418 569 1818 297 1722 2217 1130 202 2090 899 1693 193 1976 564
000439.jpg,1102 85 1656 2790 2501 2832 312 1934 2817 2044 943 1926 987 1624 817 221 188 2411 1644 2528 2300 1407 1405 635 2034 1319 2545 2270 611 556 2082 1796 1146 1386 1870 2649 1737 259 4 480 626 2312 2389 2826 1190 547 260 348 1202 59 1381 1545 925 1658 463 1417 1782 2424 563 2289 2439 550 1752 1029 1369 26 2454 518 2084 2574 201 445 1630 712 197 787 1468 1544 1901 904 2477 1253 947 2397 663 2631 2241 489 2769 134 2309 638 2367 1045 179 2714 2544 559 659 1328
000440.jpg,1791 2065 567 2792 118 1583 808 982 998 2252 1179 2328 919 2491 1470 841 1578 9 1354 1977 1579 945 2682 2225 763 1769 2711 2778 2723 952 382 517 227 1651 930 916 928 114 1667 1851 2729 1531 887 2042 778 1657 1854 1063 639 2379 1920 2575 2647 748 1770 1970 819 662 2310 1585 1528 1211 1613 1864 1819 7 311 764 2559 2618 1404 1367 2793 1808 2274 1271 151 1210 2008 2462 1100 1209 1344 994 98 515 923 513 869 1625 864 1555 72 1942 271 719 2488 875 2284 2146
000441.jpg,2185 2584 1694 1411 1129 1684 2298 1630 2616 1360 1440 143 386 665 787 2529 2271 1112 2481 638 1446 1294 810 2246 30 958 718 1445 1258 1939 71 2363 1514 1270 2517 2619 795 1215 2460 557 1926 879 1624 1045 817 1925 1619 299 2454 2790 2528 1993 312 147 1644 697 2050 550 987 440 1545 2832 925 2367 1814 51 85 2389 635 1982 2270 188 480 2556 2082 1656 273 1202 1782 2817 1887 2189 2595 348 2649 1405 169 2411 1369 1589 1752 1407 2844 59 345 46 2011 1737 221 2356
000442.jpg,99 1145 1784 694 2747 2636 174 1415 72 2775 2009 1688 164 172 1023 612 156 2274 141 1089 2577 1808 2722 1241 2098 1155 1404 460 731 1100 595 1047 2055 1160 401 2655 1872 453 760 208 816 2126 1163 461 1976 2163 1717 823 1085 981 2587 2469 2679 2733 1510 477 693 2122 177 2161 1436 462 2829 1359 1179 2218 1259 437 2682 818 2585 2684 2106 1599 1466 1903 1382 1470 1909 1063 916 723 945 2192 1613 1233 1517 399 632 2805 2447 1839 2388 1088 2368 222 2637 2780 530 1981
000443.jpg,956 1882 448 644 1015 2476 909 1560 1610 2118 229 1884 2442 2425 2188 2197 1911 2313 971 1032 2216 636 122 2572 1638 980 2706 2678 1286 300 2688 459 387 42 973 669 1687 396 2823 1536 1400 2437 38 2167 1318 327 37 2263 1525 115 2623 400 1995 2573 1057 1797 416 762 1315 1363 690 1288 2257 189 1284 1180 2661 1844 1449 2071 2498 275 1835 1836 1456 1790 1098 1736 474 76 2194 1476 1570 1880 2720 1108 1387 1726 2268 20 2060 1858 1703 755 1336 1084 829 1006 1714 1144
000444.jpg,2263 1525 1596 1280 106 2562 43 2498 2678 387 1726 2188 1083 1318 2623 971 1536 1198 636 2476 2442 181 2761 2807 1371 2554 1032 2060 96 1108 1768 189 2048 1632 644 894 2141 1797 732 419 1927 620 2720 1659 2401 2612 300 2791 2572 2153 1283 1979 1205 2278 1365 2688 2425 2303 474 1866 270 2348 2386 2677 6 807 785 1880 275 84 1113 582 762 2071 1260 1144 2203 546 38 2503 2030 1084 2448 1221 2502 117 1790 335 281 621 1171 183 1251 829 629 1960 1139 669 2831 2132
000445.jpg,751 1996 2785 777 1091 230 1914 2129 1116 1713 2745 1714 2422 1224 1178 2202 564 34 2523 683 1856 2281 926 676 1818 2495 1180 832 2190 47 88 2180 1357 1476 1836 576 1786 76 1346 2441 2111 2700 1838 1672 2288 1257 465 761 1990 39 2238 2437 983 404 1535 407 187 328 1106 1195 766 2733 1073 1093 1971 2827 1594 2224 1176 2242 1841 830 2000 1593 2579 1449 1601 1044 2684 362 1940 371 2114 1559 917 824 1561 1678 32 2249 695 617 1609 1869 2547 1482 462 2504 1825 1462
000446.jpg,1093 540 407 2242 2441 1561 1856 617 2111 2827 1346 1914 2238 310 1535 2785 1898 949 766 777 783 1996 1091 2202 983 2745 1683 1343 2190 1631 2114 2737 940 328 581 1693 95 1176 291 2542 1476 2112 832 1004 576 1434 695 88 132 1298 1087 182 1103 1785 596 2656 230 1448 2422 2615 2413 2504 149 1773 1713 1161 1749 853 2016 558 2523 1727 898 1116 1760 2149 1714 341 1019 1593 198 1228 1558 954 2295 2759 1224 63 789 1712 1999 1513 1847 520 1945 499 824 1685 1801 2000
000447.jpg,2792 567 118 1791 1579 9 1179 945 998 1583 841 2491 639 2328 1578 1470 1977 2065 2682 1354 1920 2711 2647 1770 919 808 1667 1769 952 887 1854 1531 2252 382 2778 114 778 517 1651 227 1063 1970 916 748 2575 2723 819 2729 930 2042 982 1657 928 1851 515 2379 1585 2225 763 98 1819 1864 353 2462 776 1625 2334 2499 1643 196 1042 923 864 1997 869 608 526 1777 1639 492 274 662 2304 2459 862 804 1157 2286 2393 2146 994 1289 1493 1246 2008 1055 329 604 1942 531
000448.jpg,1579 2792 945 1179 841 9 567 118 1583 2491 1791 998 2328 639 1578 1977 2682 1470 1920 2252 2647 1354 919 887 1769 1651 952 2778 2065 1770 1531 1667 2711 808 1063 382 517 114 227 778 2729 1854 2723 930 916 748 1970 2575 982 819 763 2225 2042 1657 928 1851 2379 98 2334 1585 1864 1819 2462 353 1625 196 776 719 2008 1942 2146 2284 1042 781 1493 1772 271 812 1643 539 2081 303 764 1359 2485 914 2585 515 450 2018 869 190 864 526 1997 276 1344 615 1639 247
000449.jpg,540 1561 2242 1093 617 407 2441 1346 1856 1535 2827 2111 310 1914 2785 1631 2238 1996 1091 983 1693 291 949 1343 2542 777 766 2202 1593 783 2656 1898 2190 95 2745 1176 1683 940 2737 832 695 2112 898 853 2149 1087 1298 596 132 1004 634 2016 1689 1334 88 1434 182 581 24 1476 1197 1103 2114 2143 1743 1019 2430 465 1558 2072 149 1166 1448 803 954 2521 576 1597 510 1685 2615 328 1207 2413 1785 499 230 1836 558 198 1760 2493 1999 63 1161 714 1928 1300 2024 2203
000450.jpg,1272 2210 640 1910 13 680 2520 2671 2421 1430 2267 1553 1256 1236 2380 2217 1699 1041 1949 2117 2578 1886 828 1038 1754 36 1431 2387 500 1337 2083 733 377 2415 743 569 2423 1616 370 1793 340 193 332 536 988 2568 2115 323 1189 121 1562 866 40 427 2828 417 2032 901 2384 244 21 2451 1891 479 2227 1960 1065 571 672 1668 1398 597 1426 1785 650 56 831 1957 2047 2056 292 2602 609 272 289 73 1686 2182 886 2668 2726 979 142 2469 45 409 1836 2497 1132 2249
000451.jpg,1993 197 2767 1663 1782 2836 712 1045 947 2439 900 1328 1381 1437 1617 1307 2840 1444 463 2241 1054 1679 1422 2130 2050 169 2837 1658 260 1486 1218 2707 445 1261 1552 1208 1623 1649 1544 2312 1468 645 2011 563 2076 1710 735 51 2133 674 2826 1253 2515 2649 259 134 550 440 489 1369 559 1123 2088 1489 2628 480 2424 179 1948 904 906 1870 1190 925 1417 2084 2419 1860 2454 992 1878 26 1029 2544 2289 348 2287 1416 965 2714 319 2769 769 2652 2397 2412 1362 433 1897 305
000452.jpg,823 399 2163 1510 453 1628 73 2587 401 208 595 437 1233 2074 1599 380 760 1872 981 1717 477 461 1976 2469 1145 2126 731 2055 2655 1160 141 2098 1023 2161 1047 694 2747 172 2691 1784 99 174 1911 2009 72 1682 2636 612 2122 177 320 2829 2679 1085 164 2722 156 2497 1903 816 2577 75 198 850 1504 2463 1206 1004 222 2218 1430 940 1203 954 1322 1712 2112 1790 1163 905 1749 1760 1263 2522 1241 2267 1222 1740 1605 935 1236 15 2362 2775 2245 2056 836 1685 1436 272
000453.jpg,2043 2171 650 2666 2810 2816 1891 759 1702 2643 620 1723 732 181 2346 1188 475 1916 1797 1260 807 1697 546 6 582 285 1882 1083 1221 820 922 411 1858 1865 2807 1541 1318 1456 1603 752 468 2167 1284 636 2476 1536 1605 334 2278 1206 661 2425 1768 1145 2463 148 2048 510 2688 750 2261 1763 1364 1504 2056 2469 37 1015 1638 1322 1610 1251 980 594 2521 2497 609 1283 1108 2194 905 973 2071 73 45 2203 2313 2182 1153 2118 644 36 270 2761 399 2705 372 1761 2152 75
000454.jpg,2317 2437 1672 16 44 2249 1990 761 1483 2700 1447 1469 376 1836 1178 1995 1749 832 47 1044 1727 834 2555 2058 1838 1277 1535 2129 2180 1713 1224 1714 1116 2202 1425 2745 2523 683 1476 34 88 1914 2422 1103 1304 2190 576 2547 60 1176 198 824 2497 940 1999 1004 95 1346 75 132 983 596 676 1865 1760 1712 2112 695 1462 905 1593 2831 2785 1867 1523 1449 954 2441 1251 1685 2522 1064 783 1856 1434 2737 149 1343 2245 2216 45 1722 1364 2827 1790 182 1073 2695 949 2096
000455.jpg,197 2439 463 1417 2840 1045 712 1489 2375 2289 900 433 1658 1993 2836 1437 1710 1782 1663 860 2628 1486 2241 2130 1701 1544 480 2050 179 559 1381 2419 550 1422 489 2397 1253 2649 2084 1870 348 735 440 2424 2767 260 1369 925 445 1617 1307 2826 1840 26 970 2454 2832 1552 2515 1029 134 2082 2574 188 1934 1468 1656 1102 312 1386 1624 769 2652 1146 2790 1328 1926 2270 1428 563 904 1788 947 1983 524 659 1737 2501 2312 169 1627 977 2133 817 1208 1319 1218 2769 1190 943
000456.jpg,2045 2023 1584 2755 747 1926 188 770 1102 943 1319 1656 2790 817 85 1934 2300 2817 611 221 258 312 2501 2832 987 1405 1624 1407 1796 2397 2082 659 1644 2034 2545 463 2044 2270 2528 1428 1146 1046 547 635 1386 4 1552 74 26 2670 2574 977 2307 2411 556 1029 2724 2564 1172 550 2344 197 2419 559 651 2200 2454 1437 925 2358 480 2800 1307 1151 489 283 237 2424 2769 1369 1627 1417 1486 2076 1617 348 2652 2544 134 2007 970 900 259 2836 712 1414 1870 1701 260 674
000457.jpg,2771 262 1373 2385 1295 888 641 991 1807 1509 2776 2524 273 741 2104 551 2731 2619 1863 2399 472 2139 1081 342 2717 687 2797 1814 2844 1619 1572 2092 583 2273 2371 1539 1925 1824 1025 1242 299 1497 2833 267 203 1059 588 2517 667 1549 2175 1735 234 837 913 428 1589 1421 2269 2576 1238 1803 2431 1009 1291 1660 2607 1520 1530 1776 891 668 127 1480 1071 1196 2184 2094 2672 160 2727 2455 718 2703 1982 17 307 133 2484 2198 842 1 1078 1994 1765 2473 1494 798 264 1629
000458.jpg,1657 2729 928 930 1583 1354 1791 2778 919 2379 998 2792 118 567 952 1970 1769 1851 2711 2065 1179 808 2252 9 1651 1977 2682 778 2491 382 1854 1579 841 982 2328 517 1470 1578 945 227 639 916 2225 1531 763 2723 114 1770 887 1063 748 2647 1667 1920 2042 2575 1528 1211 819 2361 2097 2550 1507 98 2310 776 2284 2459 2496 1359 2018 276 1864 719 1819 2349 1585 2462 566 2146 1351 764 579 871 515 353 2585 2026 35 1595 873 812 1963 107 2334 196 2067 914 1625 2008
000459.jpg,2809 12 1473 1876 1721 2499 994 1725 608 864 526 2622 508 274 1942 1165 598 1868 368 1677 1055 1390 315 1511 2440 2685 2051 1408 531 444 2702 191 2757 2302 271 140 1771 1759 2037 1892 359 1557 2625 2551 1969 2435 1555 2766 1439 447 1998 2256 2286 2110 1433 2445 719 790 2728 664 521 1639 2824 1980 764 939 615 1056 282 2719 494 2284 2008 1777 2315 2704 2308 2842 804 2057 2813 862 1931 2294 1874 1128 2712 204 2526 522 2102 502 1899 1872 2561 2183 2487 1997 2248 1157
000460.jpg,2821 346 2467 2690 52 402 1481 936 418 471 363 786 2465 2505 1438 1220 478 1378 2398 389 758 1662 207 1008 753 108 1022 628 2407 452 2687 1730 290 1918 840 1465 61 2669 1026 806 2611 2244 1273 1692 2025 2429 1048 2062 2634 1822 780 138 2301 467 534 331 2806 1097 484 643 655 1143 1275 241 1293 654 225 1787 2059 192 1831 464 999 1929 1612 1039 430 295 2632 1568 89 782 2285 326 53 2142 1706 2070 2061 580 125 1921 131 1018 1140 2470 1303 2765 1506 501
000461.jpg,1810 2509 67 2583 1075 1001 2350 2121 202 627 1012 1406 249 1055 1869 1195 2728 2766 404 1944 2748 2558 725 378 2057 359 1721 2207 1894 499 1609 1594 135 2741 165 899 137 1606 91 2294 1516 2842 87 116 2719 2825 742 2020 145 86 338 321 447 371 1905 2235 1088 2319 902 2135 388 2233 558 1707 2757 1759 1186 494 818 2651 590 65 1259 917 1408 1169 2809 2684 2682 2042 2305 457 1533 2033 2254 1212 18 10 70 2211 1876 2598 2756 709 2295 1943 804 204 2780 1517
000462.jpg,2809 1473 12 1876 682 1721 2438 608 2435 2708 1677 1592 274 1330 2569 1892 1874 255 494 1185 146 2057 368 444 657 491 1899 994 2037 2440 1433 677 2660 1725 2657 2445 1777 2813 2704 1771 217 2110 2625 574 67 864 1055 1463 627 2499 526 1998 1408 2683 2561 137 2093 647 939 637 1052 508 1223 1942 502 271 519 1944 1439 1390 2728 2756 990 394 1639 1868 725 598 2248 686 1606 790 2526 1728 447 2382 2291 2051 2558 2757 1935 2089 140 2041 531 2183 2427 1931 521 2766
000463.jpg,1798 1361 572 1230 2054 962 2644 395 2787 293 529 2277 2323 646 1451 1801 1394 727 545 589 1306 1683 1334 1951 658 1175 485 364 2000 2040 766 989 251 215 737 2238 341 1900 2504 328 436 581 2381 1427 1883 101 2540 789 1559 2579 1353 2114 1971 1898 304 1213 2320 2784 1257 483 2066 240 1149 2178 803 2759 2113 2533 76 1106 2242 1115 2756 1786 2546 374 1091 407 39 1093 1312 1389 2021 1231 2161 29 2673 1137 754 1300 2495 2288 614 739 1207 568 286 1728 1180 926
000464.jpg,2713 2433 1453 2376 2309 1490 1860 1901 201 1796 305 2545 2721 2034 562 715 100 155 48 64 1569 1640 51 563 439 2650 1148 2826 260 231 168 1316 1878 2272 2088 1496 1307 1123 1437 2649 2556 2004 659 486 2289 784 421 440 1870 480 950 817 348 978 925 2367 1369 2652 26 900 2424 550 489 1658 59 1381 1948 965 1782 2439 2455 1752 2817 2790 559 1775 2189 1840 2815 2084 2581 197 2836 1624 518 2312 134 1407 712 264 1644 1045 1319 2337 90 689 1468 2628 1926 2082
000465.jpg,540 1093 2242 1561 407 617 2441 1346 1856 2827 2111 1535 1914 310 2238 2785 766 1631 1996 983 777 291 1898 949 1091 783 2202 2542 1343 2190 1693 2745 1593 853 832 1087 1683 898 2737 95 940 2112 1176 2656 328 2114 1689 1197 695 182 132 1103 149 1019 634 1004 596 88 24 581 1298 1476 2615 1434 1558 2149 1448 2072 558 2413 1166 2143 465 954 803 2016 1685 1928 1597 1760 1785 2493 2430 1207 2759 1334 63 1300 1999 576 1836 2024 230 1743 2295 1602 510 499 426 1712
000466.jpg,430 478 726 999 331 2693 1635 390 1967 1715 2236 1050 314 655 1475 1472 1124 2053 1037 1648 2406 2059 484 1187 2407 1303 1140 1918 2301 2429 1662 1438 471 534 2465 2505 936 806 27 2470 799 363 1127 1274 758 402 1275 1921 1929 1730 2061 1273 643 2687 1395 1647 786 653 1972 2402 721 2244 1317 1465 2698 2806 1756 1568 389 780 53 268 1692 805 290 1008 391 1780 1216 418 2690 1378 2062 2467 1755 295 838 1503 108 2611 782 561 1118 1282 209 356 464 1706 1026 2765
000467.jpg,1349 1572 234 1520 913 2399 1 2339 307 2340 2727 969 537 1618 697 1540 1514 511 2226 203 958 223 2834 2517 1025 718 1824 2635 2253 1615 668 2215 1095 2372 2717 1698 2529 551 2158 2223 2273 892 195 1629 1071 2466 71 1409 1242 46 1807 342 961 1270 2524 1571 180 2175 1539 2198 1524 1445 352 1494 798 2654 1059 1295 573 143 30 262 638 1215 349 1652 154 2473 810 17 1826 2104 1994 891 2486 2738 1324 2710 1653 2662 267 1264 912 1837 846 2187 2444 1509 1238 2189
000468.jpg,899 1212 2558 2135 204 2741 2842 1606 2766 137 116 1935 1463 2041 2825 1944 725 2728 165 1134 97 246 1055 2305 1067 1547 2068 2736 447 2294 2506 1056 1130 2511 79 1464 1076 2248 2382 1986 1223 2813 1940 2207 1126 1825 686 1841 804 722 1874 692 329 362 2057 682 2286 2258 2683 491 2435 677 350 135 647 442 1639 2665 1185 2393 2413 2708 146 2580 2333 494 1937 1777 1448 558 948 2295 2569 790 1962 2438 657 2639 2292 2733 2436 1592 1910 1677 2441 2615 1733 1771 2827 2598
000469.jpg,629 2677 941 1144 1949 1865 1960 1371 851 84 2152 281 40 1661 592 327 2162 2572 2421 474 2726 2502 1744 1987 1113 270 2263 1283 2161 1064 609 214 2210 2571 1525 940 106 2056 1605 2522 2141 1038 45 2627 1659 1880 1723 96 640 2058 1272 1108 1041 481 815 1927 909 2623 244 2182 834 1768 272 2705 2115 1749 2216 2761 1364 894 479 2494 1957 2831 831 2671 1632 2678 1602 1766 882 13 1616 1891 1336 1251 1727 384 2048 621 171 2404 2554 2521 37 76 23 844 744 1032
000470.jpg,1533 757 1728 1231 754 2756 2021 2320 2533 1149 29 286 2172 2673 218 213 2224 135 707 967 293 2295 558 2408 2260 1719 1478 739 2413 424 1804 184 1588 1132 91 2235 80 1945 24 2638 2143 499 2078 1383 119 536 2024 1296 426 1984 672 2464 1753 1597 1888 2472 1562 1849 1890 2777 2296 520 1431 1492 498 802 332 2077 2725 1889 19 473 388 1722 232 1689 1035 698 983 2566 2772 792 540 289 2108 2227 2828 142 1266 1910 36 2561 70 777 2508 568 933 2217 1996 2478
000471.jpg,1179 1579 945 2792 841 2491 2328 1977 9 567 1578 1583 2682 118 1791 639 998 2252 1470 1651 1920 2647 1769 1063 1354 919 887 382 1531 2065 517 2711 2778 227 778 952 2723 114 1667 1770 808 1854 916 748 2729 1970 930 982 1657 928 2042 2575 2225 763 819 1851 2379 1585 196 1625 98 1819 1864 2462 2499 2334 2067 1777 869 1721 1643 1942 776 2081 271 353 2496 723 274 526 1359 804 515 1639 539 2284 864 604 2813 1555 2018 2146 247 1121 1204 994 2585 608 2485 948
000472.jpg,2138 913 892 46 2158 2648 2834 234 349 223 1009 1615 2709 2635 2215 1698 1540 1349 195 1815 2223 1618 352 1994 837 1572 1095 573 403 1409 2253 90 17 2372 2340 2338 2455 1159 2100 511 2339 2486 642 846 600 2484 1619 1571 1060 1622 2226 2063 969 961 577 879 127 1324 1925 1338 2797 264 307 2820 2399 2844 2466 1816 1660 2595 1421 1078 2094 1480 160 2460 2607 537 1982 1530 2412 1863 226 1 891 299 1735 1264 1814 667 147 2139 2092 2255 867 472 2633 2481 1939 1294
000473.jpg,2049 1017 1290 530 2282 2093 631 1518 2064 1604 921 607 1301 451 446 1879 2796 2596 2140 1058 1237 1981 1567 984 1613 2392 394 1909 908 1695 542 2257 2782 1000 1853 2543 54 660 2259 710 1673 1739 1893 2664 813 662 1331 360 337 50 1906 1978 1370 1614 1396 2042 2696 1002 1063 2682 1742 487 2369 1179 227 1554 1681 1935 1579 2041 598 1384 2609 1800 1119 1606 255 1842 506 1463 444 565 2741 1145 778 2491 1977 2085 1871 97 2252 1074 942 355 843 2190 1578 2733 243 9
000474.jpg,1481 418 780 1465 2244 52 534 806 2429 1438 207 1662 2059 786 471 53 2470 484 363 1273 2690 999 290 936 61 225 726 402 2698 478 1918 346 192 2467 2301 2025 2236 331 1475 2669 2821 268 2407 1780 758 2687 2505 2465 1275 344 655 389 643 1787 1124 1378 2053 1730 653 1008 452 2693 1929 131 430 1692 391 1506 108 2806 1921 2285 1140 799 1037 2061 464 1303 1022 1568 27 654 2396 1706 1472 2611 1282 1831 1026 1503 356 295 1011 1395 1647 1220 1317 2557 1127 840
000475.jpg,1656 2790 2817 817 1926 1102 1624 1644 2528 2411 1934 2044 1407 2501 943 85 2832 312 221 2300 987 188 1405 635 1319 611 556 2034 2270 1146 1796 1752 2545 925 1737 2082 59 550 2397 480 2389 1386 626 2367 1870 4 2574 348 2649 463 26 1545 1630 1360 1369 2556 950 1202 197 712 904 2724 2477 1799 283 2312 2454 547 2826 1029 1468 2185 892 349 179 659 2069 260 1417 970 2455 489 2307 2631 2375 2344 518 900 2670 1627 1045 1710 2133 266 1190 345 1437 622 524 826
000476.jpg,1482 2080 2383 1523 441 2695 845 575 584 1016 373 2754 1691 2395 1450 830 1147 1620 603 1678 2275 1732 2518 1120 1073 2733 2525 1382 2106 2684 1517 1410 462 1646 187 2033 917 590 2176 902 393 87 339 2166 397 32 2563 1462 2641 55 1177 2414 728 863 2019 2202 1950 541 993 1943 1914 2073 2441 2745 107 1244 2550 2136 83 2239 1169 713 1856 940 2190 1476 1535 1103 1343 1919 2737 834 2111 2604 88 1004 1507 920 761 1669 2245 2555 1364 1251 60 2752 2522 1467 1566 1760
000477.jpg,85 1102 2034 2790 1656 2545 2501 312 2832 1934 1796 2817 1926 2044 943 987 221 1624 817 2300 188 259 155 1405 635 100 1407 2411 2826 1644 2241 563 715 1640 2528 1569 2650 51 48 1316 1878 2544 201 1658 2439 2721 2713 2270 518 663 1319 260 2082 562 2309 1381 2538 2433 1901 439 168 2649 1752 1123 1870 231 480 1417 1045 550 305 1584 1860 64 992 1422 197 1190 2289 1146 1840 219 2631 2714 1453 2840 2769 348 1496 712 1202 1414 1386 2424 2189 2454 659 1782 547 1362
000478.jpg,2725 2464 2823 2448 957 1889 752 609 5 2457 509 844 1515 1766 2404 1426 466 744 2128 1696 411 498 163 2014 620 2169 38 425 1061 115 2366 1637 1995 2124 388 473 375 400 959 2115 2141 1556 244 2351 2222 2278 306 815 2661 42 2508 1326 827 1797 536 60 229 759 1188 757 732 2751 2031 2425 119 2179 1987 1288 1990 2673 2120 181 1200 1880 1911 2533 47 750 1858 1596 2671 2416 1502 2109 334 286 2521 690 510 1304 520 167 1108 1945 1898 1231 2317 2807 232 1401
000479.jpg,430 478 726 999 331 1635 1967 390 2693 2236 1715 1050 314 655 1475 1472 2053 1124 1648 1037 2406 2059 484 2407 1187 1140 2429 2301 1303 1662 1438 1918 471 534 2465 2505 2470 806 936 27 363 799 1127 1275 1929 758 1274 402 1730 2687 786 1273 2244 2806 780 643 1465 53 2698 1921 268 653 2061 1395 389 418 295 1317 290 1756 1378 1008 1780 1692 1647 2402 2467 1972 1568 721 2690 805 1216 391 1481 1755 1503 838 2062 108 2611 1706 464 782 2765 209 1282 1024 2173 1912
000480.jpg,2091 239 2794 2164 1781 2173 2280 1127 525 139 209 1248 1505 2311 838 2232 1435 27 1274 625 245 679 654 216 113 1356 1598 1472 858 408 252 1780 383 2025 2137 49 2565 1282 356 296 1787 2669 2531 1011 2396 1506 192 822 2070 2693 1141 1024 1187 449 1961 653 2017 1124 1216 1924 1568 1967 1018 1635 2053 2765 782 495 61 390 225 1843 1715 33 207 2632 1475 1648 1941 1037 2406 643 2301 2285 1050 1500 241 1503 1140 1262 1317 455 1829 1048 1647 220 331 1706 314 131
000481.jpg,1114 702 1830 848 931 1767 126 2471 1845 2601 2624 1908 578 2276 768 103 1323 1235 688 990 297 284 1608 835 502 1391 1413 1186 1107 2314 903 65 250 1720 1340 1821 1254 522 2388 1512 1553 1430 634 1334 2217 684 2415 1888 2224 289 853 569 1975 2143 1256 1793 426 24 2323 2430 1310 1272 21 1597 1189 988 310 1075 36 2656 193 340 332 1928 2210 979 417 370 1699 1431 2451 1080 176 1886 1689 609 2384 1693 2568 500 1562 1087 2227 76 2668 2421 119 292 2267 323
000482.jpg,650 2666 2171 2043 2810 2816 1891 1723 2346 475 1916 1702 620 759 732 2643 181 807 1260 1188 1865 546 1882 1797 1083 6 582 1605 820 285 1697 1221 420 1397 2152 1541 2768 2502 1139 1858 922 148 2807 1603 411 2521 905 2497 468 1206 2149 2841 75 510 2410 953 2278 1222 1456 560 2107 308 2688 2463 198 1785 1203 1420 2179 752 1322 322 2656 691 713 1738 384 1488 949 372 594 1957 479 831 2214 272 214 15 1685 1693 1225 2469 95 954 2154 1412 2313 1074 1750 60
000483.jpg,1303 2236 1475 726 999 2059 478 484 331 1472 2429 534 2693 1662 655 1438 806 1124 2053 471 430 2407 2301 1918 1037 390 1635 2470 1273 1967 314 363 53 268 1715 2244 780 1050 2698 936 1465 27 402 786 1127 418 2465 2505 2687 1648 1274 1275 1140 2406 290 1929 2061 643 758 1780 561 1187 1730 1647 799 1503 1008 1481 1921 391 1378 108 2402 207 52 653 2690 721 2806 1831 1972 2467 1692 1756 389 782 1317 2794 344 1395 1568 295 1022 1655 239 1755 805 467 840 1018
000484.jpg,1481 418 52 1465 2244 780 534 806 207 2429 1438 1662 786 2470 2059 471 53 484 2690 363 225 290 61 999 402 936 1273 346 2025 726 2698 2467 1918 192 478 2669 1780 2821 331 268 2301 2236 1475 2687 758 1787 452 2407 2053 2505 2465 1275 1124 344 655 389 2806 1730 653 131 2396 654 1929 430 1506 643 295 2285 1037 2693 1378 1140 1008 1011 2531 525 1503 2311 1282 108 1692 799 49 1022 753 1127 838 2611 27 1875 2173 408 2557 2280 1706 391 467 2794 628 245
000485.jpg,1417 1710 1489 860 1701 2769 348 26 925 1870 1369 2714 2649 480 2454 550 179 1788 2538 663 2375 197 1895 433 712 769 2289 1422 2130 161 2650 463 1328 1627 2840 606 100 2817 2482 1569 489 1045 2424 817 715 2721 1782 2626 2084 1658 178 1437 260 2826 675 2753 2836 2544 2397 1253 1934 2050 1381 2241 947 622 2501 1926 2011 1319 1617 2652 2724 59 1552 1796 1644 1656 645 259 305 2480 445 524 1624 188 1029 2312 611 626 48 283 2574 1679 562 64 1486 900 1190 1468
000486.jpg,2091 2794 239 2164 1781 27 2280 2173 525 2232 209 1505 1127 838 216 2311 139 1435 1248 113 1356 625 1598 654 1472 679 245 858 1274 383 408 1282 356 252 1780 2565 1961 296 49 1506 2693 2025 653 2137 2017 1187 2070 1568 1787 1124 2396 1011 449 2053 2669 1140 1475 1967 1216 1635 782 1647 2531 390 822 1018 643 225 1715 1037 2406 1141 1024 192 495 799 1692 1262 2061 1648 455 2632 2236 1050 314 1972 721 2062 1924 1843 1048 2402 2611 33 1755 1662 331 2765 1317 999
000487.jpg,2066 2113 1213 304 2178 1300 2546 1115 898 1389 1394 1087 853 1558 714 465 1785 1197 2072 483 803 1928 1166 1207 2493 1175 485 2409 614 1561 1951 1883 1306 617 1228 1798 374 2787 251 1590 895 93 727 1773 2784 1137 1161 1427 2759 589 1513 240 658 1847 1353 789 1795 293 2324 1334 2242 646 499 545 1257 2540 2054 962 215 1230 2579 2542 540 76 1361 407 1801 634 395 1971 572 2430 529 101 1593 436 2504 328 2238 1093 2323 24 2143 2644 1898 341 1535 2224 1683 766
000488.jpg,2389 59 1146 1545 4 2082 626 1202 1737 2367 1799 1386 2270 1752 2477 188 547 826 556 950 518 987 611 1319 312 283 85 1405 635 2832 2501 266 1934 613 2300 1102 2069 2044 2631 1926 2411 1656 2528 1407 817 943 1624 2817 1491 996 2530 2312 1644 2790 2556 134 480 221 1316 348 2375 2289 904 2397 345 769 1468 317 2588 978 433 260 2419 1172 197 2439 2148 2692 179 2826 2050 900 1901 2208 1544 735 1417 2075 550 2769 2455 563 440 925 1029 1338 1895 716 2840 1437
000489.jpg,472 2444 1803 127 2266 1059 342 551 2063 262 888 226 2385 1421 1509 1530 2094 17 1807 2738 1811 1295 1828 1607 687 573 317 2614 1069 1964 1078 2835 1373 1060 2758 1167 667 405 1341 160 1355 641 846 2820 2771 991 403 537 2138 2740 1925 1159 2731 166 2710 1338 2255 1619 2595 600 352 2431 1863 2339 2484 2455 1652 1815 2412 154 147 577 2811 1982 1589 1814 642 1735 2776 1524 385 1571 1122 264 2100 41 203 428 511 1025 2371 90 814 2486 2607 2208 741 1540 1345 1215
000490.jpg,1034 493 2461 1276 1392 2672 2374 548 2174 210 1234 1724 294 2418 1664 793 1765 746 1861 2184 57 1575 1196 1358 280 133 1580 801 2229 1859 1375 583 1457 263 1792 885 976 2327 2590 1776 1072 857 1877 1350 588 756 1758 228 797 1930 2332 2739 570 2039 1665 2456 366 2125 2548 2659 1887 2004 704 1043 1191 1542 2356 689 656 720 1081 2321 1229 2123 1551 77 1497 706 421 2838 1279 1675 2206 1947 2694 2187 2581 2186 1345 1086 2662 859 438 2703 2330 514 1193 842 880 287
000491.jpg,2049 530 1290 1017 2282 1604 1518 446 1301 631 451 2064 1237 2140 1567 1058 1981 607 2796 921 2596 984 2093 1879 394 1613 813 908 2257 1370 1554 1396 1673 2392 1909 660 2696 1331 542 662 2782 1906 710 1105 243 54 1742 1739 1384 355 1893 1614 1853 2259 1000 506 360 827 400 565 2664 1002 337 1638 1978 50 2661 1695 2543 966 2660 2357 1286 1736 836 1709 2432 755 2342 1681 1844 2507 1401 1032 1904 1321 171 2216 1806 189 1632 2450 2060 1098 2201 1142 2458 2519 2243 2369
000492.jpg,1948 1096 1416 1897 1362 497 1586 992 2046 2352 1569 2721 1218 2272 1316 1051 2815 100 1658 2556 1381 1796 2241 305 2034 1860 48 155 2817 64 712 2790 2312 562 1926 715 611 1934 987 925 817 51 1319 2650 259 85 2454 1782 1993 2545 2826 260 439 1496 2832 188 2082 1369 1644 1656 1630 348 312 1407 659 1045 480 2628 1261 1102 1552 2397 2501 2767 26 231 550 1636 2649 1684 1901 2528 201 2300 2713 2044 2298 1617 2455 2836 2411 1360 194 2412 547 463 1624 1870 2213 2769
000493.jpg,196 353 776 98 2474 869 1625 585 1819 1643 1864 910 1963 2081 233 1042 2256 2067 2353 2334 781 2462 2361 701 2103 1402 276 69 809 1344 2027 2101 2157 481 2336 1246 2264 515 592 1214 2152 2153 282 894 217 1632 1330 255 1305 2109 836 96 2502 423 434 1171 1667 538 1839 1204 1574 1987 1311 1661 248 1546 1041 631 84 392 1183 843 2582 2151 815 1949 2219 1927 1052 2065 323 253 2723 1243 929 841 887 451 2379 496 609 1985 103 419 1272 944 825 2170 584 2751
000494.jpg,2843 257 1871 392 2613 1731 1800 1138 1419 1645 416 2609 937 288 2331 1707 301 742 2377 1527 535 1894 1068 1007 338 1131 1466 730 336 1455 519 2299 749 821 1243 678 406 1516 855 1779 1850 1992 2830 2196 2341 1385 2243 2763 1142 2087 1794 1200 1498 410 253 1379 2145 883 365 2549 2519 673 2746 593 2417 2492 1040 2364 610 773 774 2102 1309 94 2560 1020 19 2251 435 2394 2516 1311 800 2005 870 1442 1913 1424 2788 2151 2290 1094 2697 605 248 1005 1936 1110 1733 1174
000495.jpg,2091 239 2794 2164 1781 2280 1127 2173 1274 209 1472 838 139 27 1780 525 2232 1435 1248 2311 2025 654 245 216 113 1011 2693 2669 408 1282 49 1505 1598 653 356 1356 625 1024 296 2017 2053 192 858 1124 1568 2531 1961 225 1475 1506 390 1635 2236 331 679 1967 1187 2137 1715 643 2406 61 2765 268 2396 2285 290 314 1317 822 2632 252 999 1648 1303 1050 655 2059 383 1612 561 782 1275 1048 1924 2301 455 1037 799 53 1755 484 1843 1706 2611 1662 430 207 2343 1018
000496.jpg,658 727 589 1306 485 1798 2787 1175 1951 293 2054 646 304 1361 2178 76 2113 1213 2066 1334 1312 2546 572 2224 1230 1995 2323 962 761 1394 1207 1559 2072 1804 1149 1451 757 286 29 1558 1087 2172 1106 1728 2533 2249 16 1425 1469 376 395 1231 1206 714 1447 1401 2673 2464 1257 2404 36 45 2056 1865 853 680 905 2644 1064 1188 1483 967 2320 1364 1499 500 1203 510 2522 218 2540 1984 1605 792 2521 2495 644 1637 2494 744 1749 2469 1891 739 44 2317 468 2179 2497 1137
000497.jpg,197 2439 1045 712 1993 1658 1544 179 2050 2628 550 735 2241 463 2130 1422 1381 1782 2375 440 2840 1417 2649 2836 2289 480 1663 1840 1870 1369 348 925 900 26 1489 2454 433 1437 1617 260 2826 2767 169 659 1218 947 1710 2769 559 1054 860 563 51 1486 1261 1444 134 2082 1926 2832 1407 489 1253 1624 1102 1328 445 2790 1552 2528 1656 1146 1468 2270 1051 2133 2084 1307 59 1029 1679 312 2312 2397 518 1701 1202 2419 943 1589 1386 1788 188 2538 1644 663 1545 1796 1934 2837
000498.jpg,1371 2152 2502 1113 2263 1525 2141 214 2623 2572 2841 1280 1605 851 327 2348 1661 1139 629 1602 1866 1953 106 1865 1171 1032 1144 2109 2678 1960 941 1084 2751 2567 1214 1632 1927 22 96 621 2401 189 1738 894 2677 2726 84 183 609 744 1365 40 2060 2768 924 2554 171 2153 270 1064 1283 1397 2162 420 2612 592 117 2522 419 2705 1364 1184 957 1251 2056 1659 2182 2203 2760 1744 474 45 236 1949 1768 2831 23 38 510 2048 1288 2608 481 1198 2761 1766 1703 2216 2521 198
000499.jpg,1778 105 2394 11 144 2110 666 664 2446 1992 2809 2642 599 1876 2452 2537 1721 1419 519 2718 1442 318 2147 773 301 1946 908 2102 2763 1779 2678 1325 1473 897 2245 1152 1385 1083 490 1020 406 2145 1036 416 2680 2277 997 1423 1784 1006 1954 1968 1567 141 1200 474 881 2195 12 1318 482 1231 172 1219 2807 232 2830 1641 761 2005 2507 2514 2572 19 1970 1239 713 488 2512 2410 435 1155 2660 351 285 2263 1581 1074 2331 2346 1702 1203 337 1726 1225 1401 392 546 1654 1797
000500.jpg,2797 2844 352 1735 891 1539 2092 2269 2139 2833 299 667 1982 2731 2371 1549 2776 741 428 90 2576 2403 1925 1619 2473 264 837 1589 2484 1009 2094 160 1078 1291 1530 1863 1238 1814 687 2455 1122 537 879 2175 1815 403 226 1421 1607 2138 867 1341 1159 577 641 2460 17 1338 2412 846 573 2063 127 2758 2385 1069 262 888 991 267 2226 642 2835 1480 2738 1295 1660 557 1828 2607 2771 2266 2100 2595 2486 1816 2633 2614 1807 600 2338 2431 2255 1698 814 472 1373 405 2189 166
000501.jpg,1019 63 1333 1298 2022 1343 954 1685 149 1434 182 940 1760 1712 2737 949 783 2016 2542 1004 2112 1749 1727 75 2555 198 2497 1103 1999 310 1277 2058 376 1483 1304 834 2827 60 1447 1469 1197 1693 1561 2149 1995 617 16 2656 2441 761 1087 95 44 596 1593 2190 2202 1672 1176 898 983 1558 576 1207 1300 2072 1743 2249 2437 1161 2242 695 2745 824 2224 1228 1364 132 499 714 614 832 2726 1686 1044 1535 1064 520 609 1476 2566 2317 40 597 2571 45 2182 2547 2522 2785
000502.jpg,2809 1473 1876 12 1721 608 2499 2051 274 368 444 1942 526 864 271 2622 994 2440 1408 1725 1677 598 1555 1439 1390 1892 2110 2256 1931 2813 1771 664 1868 2037 2435 2625 508 2526 531 2438 1433 140 677 2757 2146 1777 2445 862 2284 1639 809 1056 2286 1289 2308 1055 1511 204 2008 2685 939 929 2551 764 1937 1508 1751 2220 748 1606 1899 2842 2248 1997 1185 719 2704 2382 804 1579 869 1128 2081 1042 1909 1600 2569 682 1531 1864 2018 2252 521 2393 58 282 1874 908 2766 359
000503.jpg,2649 1870 925 26 480 348 1369 2454 2769 2714 550 179 663 2538 712 1422 1417 1489 689 1710 421 2130 2375 260 1930 2123 860 1701 1792 570 463 2581 704 1190 1468 1453 1758 280 756 2004 1901 1193 2312 1580 1045 201 1665 445 2826 1102 2039 518 2050 197 2088 2418 2332 2790 2125 659 2356 2327 857 2241 2694 2309 1644 2574 2817 1392 2424 2659 1948 1861 2397 904 1146 2184 1437 1551 2456 892 548 1934 1328 1617 1788 2011 1624 1658 2528 2840 2832 1656 524 188 1887 1358 563 884
000504.jpg,2437 1672 2317 16 1990 2700 44 2249 1836 1483 376 1469 1447 1178 761 832 1995 1749 47 1535 1838 1044 2180 834 2129 2058 1727 2555 1224 1277 1713 1116 1714 2523 1425 683 34 2422 1346 2202 1593 676 1795 940 1228 576 2190 2497 1865 1304 1004 2831 198 1476 2745 1064 2522 75 2182 1849 60 1103 983 1914 1251 1847 291 2056 2695 1161 1364 1176 45 905 1773 95 1203 1462 183 1513 2216 1523 1343 1785 1363 2112 707 2760 1288 2705 1867 1434 949 115 1760 1206 182 2737 1449 845
000505.jpg,1836 1713 1116 1714 1224 683 47 1178 2180 2523 2700 34 1838 2422 1990 832 1672 2129 2437 1535 676 1914 2202 2745 2785 2317 1593 2249 2190 1476 1996 88 576 1346 777 1856 291 2441 983 2111 1176 1091 2827 1449 2547 44 695 824 16 1529 617 132 95 761 2390 1849 1867 596 1631 1995 230 465 376 1749 310 1483 1561 1469 1722 2656 1693 1447 2542 940 834 1727 39 2744 2245 1263 2149 1203 707 905 1343 2555 1103 1733 1750 424 2288 1357 1425 1269 1004 36 2112 1641 1743 198
000506.jpg,1272 1910 2210 640 2421 680 13 2520 1430 2671 1553 1041 1256 2267 2380 1236 1038 1699 2578 2217 1949 1886 1754 2117 828 569 1616 1431 2415 36 1337 1793 2083 500 193 2387 370 988 1189 332 2568 323 2115 536 743 377 40 2423 56 733 121 427 244 2032 340 592 901 851 2090 1132 1960 2828 1562 1588 933 1668 2384 2668 2047 672 2602 2726 1785 571 1426 2162 609 417 979 1065 1521 866 21 2227 865 2521 1888 272 1374 510 1957 738 289 1049 2827 831 2451 2570 479 1398
000507.jpg,2091 239 2794 2164 1781 2173 2280 1127 1274 209 838 139 525 1472 2232 1780 27 245 2311 1435 654 1248 1505 625 2025 408 216 1282 1356 113 356 2531 1011 679 1024 296 2669 49 1598 653 2137 2693 2396 858 1787 192 1843 449 1961 268 2765 1506 2017 225 1124 252 331 1475 383 2285 822 61 1635 2053 1875 390 1967 430 2236 495 2301 314 290 1216 207 1924 1187 131 999 33 2406 643 2565 1050 1503 782 1941 1715 1303 1648 655 2632 484 1568 2407 1037 1378 1662 1929 1018
000508.jpg,2509 1810 67 1075 1001 2583 2350 2121 202 249 1012 627 1406 1195 404 1944 1055 2057 1609 742 1894 1707 1594 1606 338 2728 1869 2825 899 1088 2558 902 1212 2766 2020 725 2135 538 818 1516 917 137 2741 2033 1517 2207 843 499 2684 2809 937 2651 2042 1169 2233 1626 2254 1466 32 1223 730 165 1382 494 1259 378 2733 2780 2291 2294 232 1192 2106 709 204 2447 357 2842 371 1779 811 1805 1945 574 87 2435 321 145 590 187 447 2368 2757 359 1832 2248 2605 1372 2297 1943
000509.jpg,1034 1392 2461 1276 210 793 280 2418 1861 1580 57 1234 1859 1072 2174 1792 1665 689 493 2125 2548 2838 570 2229 2004 1375 294 1930 2456 2374 1758 2327 1724 2186 1575 801 746 1776 857 1664 2590 1350 704 2672 421 797 2330 720 422 885 1292 2581 2198 1765 548 77 2694 1675 1043 976 2039 2703 2187 130 1086 1457 1358 1030 880 2662 756 2206 1377 2356 1887 2123 842 934 1551 287 82 2332 2739 514 1196 438 1193 2659 1947 263 2184 470 1522 2155 1191 158 1279 242 798 133
000510.jpg,982 2252 2065 1977 2225 1651 2491 2328 1791 2723 808 2682 1578 763 227 916 1179 567 2042 1063 382 919 517 118 1583 1769 2792 1470 1354 930 2778 841 928 998 952 748 1851 778 2711 114 2729 1531 1854 1657 9 1579 662 887 2310 2379 945 2575 1613 1970 1211 1770 1528 2660 1058 1667 2140 819 2796 2392 1585 1909 1160 2559 396 639 2221 1271 512 2577 528 984 1100 1404 2357 1560 631 1239 7 1301 1518 1555 764 2097 2618 1002 1368 151 1978 446 2507 1367 2496 1865 682 104
000511.jpg,2070 1141 1506 383 1356 679 625 1435 1248 1598 1505 525 2311 654 216 252 2669 245 858 139 2396 113 1787 192 209 2025 2232 2470 49 2565 2280 838 408 61 1780 2137 2173 1140 455 2794 27 1282 296 356 1262 2164 207 1781 239 2091 1127 822 1168 1299 225 1216 1018 2053 1124 2279 1274 1715 449 1924 2531 1481 782 1568 1967 1037 1021 52 418 1635 53 1829 1918 2017 2693 1648 1441 390 1024 290 1187 1612 1465 220 1011 402 2806 1662 653 2406 1500 799 1972 344 561 1472
000512.jpg,2034 2545 1796 1569 48 100 155 64 715 2721 51 2817 305 1656 1624 1640 2790 1102 2528 1644 1407 1934 439 2411 1926 817 562 2501 2044 943 2832 188 2826 2713 1870 925 312 2649 201 26 221 260 85 712 1369 563 1782 1658 550 2309 2439 480 1045 2300 348 1381 2767 1319 987 1417 2650 659 2088 1860 1453 1218 900 1422 197 1901 1993 2836 2241 1437 1663 2454 1584 2312 463 179 1948 947 892 2433 1489 2424 1468 559 1190 1710 1878 1307 1328 259 2628 2652 1261 1416 2289 1490
000513.jpg,529 395 1801 2277 2644 962 2323 572 1230 1394 1798 1334 2000 1361 1451 646 545 2054 989 1559 1683 364 101 436 2787 215 737 2040 581 2759 1175 2504 251 1106 341 1971 2579 2381 485 1427 1900 766 803 374 293 2242 2114 1257 1938 1306 2238 1883 789 328 1951 1786 1898 1353 1443 1115 1833 2066 589 2113 727 1213 304 2540 240 483 2178 889 431 2496 407 2546 2686 1357 2784 1389 658 2015 1091 1561 1252 2510 1747 76 1035 1300 714 1834 1166 39 951 2818 465 1928 1418 2561
000514.jpg,723 2585 1359 539 303 1772 450 1121 247 1204 2485 1997 2582 153 206 343 1403 1751 2603 862 2018 2284 871 719 2146 764 2551 2008 914 1289 1493 1600 812 1633 2487 1351 35 190 1915 615 212 2209 2824 604 1128 1157 2718 2165 1534 2453 1577 2361 864 276 526 701 58 585 271 1963 874 274 2334 994 2729 2440 1942 118 1657 2353 1347 2067 1583 776 2792 841 2252 808 608 1402 2012 1579 2256 1864 930 2462 282 781 353 1770 1595 1408 2434 998 666 982 508 196 869 1247
000515.jpg,340 979 2786 2227 332 536 2668 1562 1065 176 2108 2384 1393 1418 1033 886 289 1686 2451 597 417 1890 21 2743 1588 571 1431 1132 569 554 121 62 1398 1888 361 2029 2090 988 1268 1492 142 199 802 681 36 193 1449 429 878 555 866 2078 868 893 680 78 302 1053 1699 733 2217 2117 292 1256 1793 500 427 2415 743 2333 1553 2568 2423 2267 1430 2566 432 901 1236 2380 2210 1272 1886 2335 940 1910 2224 2827 45 1203 2056 2190 2522 1004 2112 1064 1499 2441 1529 1343
000516.jpg,2792 1583 1179 567 118 1791 998 1579 2491 841 9 2328 945 1977 2682 1578 2252 2065 1470 1651 639 227 916 2711 382 517 808 2778 919 887 1354 1854 1531 1063 778 1667 2723 1769 748 114 982 1970 1920 952 928 930 1657 2729 1770 2042 2647 2225 2575 763 819 1851 2310 2379 1585 1626 2368 2168 1688 2146 2636 181 1289 2274 2009 1808 2018 759 2284 2349 1145 869 457 764 1169 357 2192 1797 98 1318 2008 794 1611 1734 2036 1260 2447 2278 818 2532 1473 190 102 2577 1155 1404
000517.jpg,2713 2433 1453 2309 2376 1490 1901 1860 201 2034 1796 2545 100 48 563 715 155 305 562 1148 439 2721 1569 2826 231 1640 64 2650 168 260 51 1316 421 2088 659 1878 559 1123 486 1307 784 704 857 1437 2289 2515 480 2649 1190 26 1362 900 1369 1870 2553 1584 2367 2455 2769 950 2229 1496 2501 2213 2155 1034 2840 1486 1948 2714 2454 185 1350 264 2844 59 2424 925 1934 348 77 817 197 1828 1752 837 1656 2272 2461 746 188 2817 2332 2039 445 2189 1193 1096 2790 793
000518.jpg,472 2444 1803 1059 342 551 1811 1509 1355 1167 2738 127 2740 1421 1060 262 154 1524 2595 1069 1807 2758 147 2063 317 888 2710 203 1530 405 1295 2175 2094 2385 1607 2266 1629 1341 160 1338 226 1078 2340 687 1964 2614 166 1373 600 2138 1 1622 2820 2412 1242 352 1520 1814 2835 1925 577 17 2811 2709 1101 1540 2486 1652 2208 273 573 1828 2013 846 2189 2100 741 1025 195 1571 2231 2255 1619 267 667 1982 1215 2771 2399 2675 2484 537 685 2776 641 2460 2455 428 642 2844
000519.jpg,222 2218 1933 1436 1504 2512 1790 897 1305 2071 850 2362 836 2096 935 2645 2156 1098 1321 1638 1709 2750 1911 2432 1052 2355 1736 755 2450 2691 1806 2420 2201 1200 2342 1387 2446 2394 2452 1621 599 1006 99 2642 1425 2537 459 1267 1380 2463 1750 1749 2318 1308 905 1447 1469 586 2437 666 761 1263 946 2410 2245 1090 443 73 2514 2700 2623 1785 1322 2086 2555 2317 1836 1474 45 1145 2497 783 16 1222 1763 2167 2074 325 1483 2058 1178 44 376 1203 2560 2249 1550 940 1581 834
000520.jpg,1483 376 1447 1469 16 44 2317 2437 1672 1749 2249 761 2700 1990 1836 1727 2058 1178 834 2555 1995 832 1277 1044 1103 940 1004 1535 2112 1999 198 2497 1434 2737 1425 1760 1304 47 75 2129 1712 182 1343 783 2202 149 949 1298 60 1838 1476 1865 954 1685 1713 2745 1019 1714 2542 2522 1346 1914 2831 2180 1064 1867 45 1224 905 1251 1593 88 2571 576 63 1263 1661 1176 946 2401 95 2245 1856 2190 1790 1462 1116 1364 1203 2566 683 2547 2056 2469 1336 2523 2827 2096 2554 1283
000521.jpg,2252 1651 2682 1977 2328 2491 1578 2660 1583 1179 2310 1368 1566 2042 2723 1367 1239 841 1579 1063 916 982 1920 517 1211 227 512 998 887 2488 118 1470 945 1531 748 1906 2225 813 928 566 1667 2711 1331 114 1657 919 819 2026 1769 2792 382 492 515 1970 1791 2507 639 1154 2729 2575 1210 9 355 997 1614 311 2379 1554 2647 1200 1585 1778 908 1401 1419 930 1904 763 567 1058 1495 394 2065 778 1354 1031 2110 1370 243 2349 2696 2658 692 1518 861 631 2257 2459 2292 1673
000522.jpg,2185 2584 1694 1411 1129 1440 386 1684 143 2616 2298 2529 1630 2271 2363 718 787 665 1360 810 1939 2481 1294 958 1112 1446 638 2517 2246 71 1445 557 30 2619 1258 2460 299 1514 2139 795 879 2844 2833 1925 1982 2092 1619 1270 2269 273 888 267 1373 1291 147 262 1238 1814 2468 1215 2672 2797 891 667 1887 2731 2576 2206 2524 2771 2371 1480 2104 641 2595 697 1863 1816 741 428 1366 133 1993 2455 1589 2189 2175 160 1807 1877 2356 1551 2477 1549 2385 1295 51 814 685 2776
000523.jpg,1931 2526 2220 1433 2704 939 2089 2445 482 2427 255 217 1330 2183 637 521 2657 1439 2617 2308 2712 2051 619 574 2057 494 1677 1892 2683 2639 2037 2440 1771 1725 2499 271 1942 2291 1408 2625 368 2435 647 1998 274 608 531 598 444 526 1088 1899 1874 864 994 146 1223 1555 508 1055 2719 1052 790 12 1944 1937 974 1592 2393 2766 2813 2438 2569 1639 948 2248 2286 447 677 682 1365 1185 2382 1473 329 804 1721 2728 491 1056 1464 785 1777 204 1157 2825 2708 692 2319 1915
000524.jpg,1509 2710 1807 1242 1295 2175 2740 1373 262 2771 888 2444 273 991 641 1803 1811 2013 2385 267 2524 2104 1059 2595 685 127 342 2468 147 557 1539 2473 1167 2460 879 969 1524 203 687 1863 1291 1238 472 1355 891 154 1629 551 2363 1925 741 2403 2776 1982 1619 2226 2731 226 2749 428 667 577 2709 2844 352 1814 2340 2517 2797 299 795 2371 2269 2738 1589 1324 1122 2255 1694 2339 1025 90 2139 2801 2811 2576 537 1530 2820 2529 2266 143 2094 2833 2412 1215 405 1549 1 2835
000525.jpg,1735 1159 2138 537 573 403 2063 1815 867 17 846 1338 2484 90 1925 1009 667 837 2455 1619 2412 642 2614 2255 600 2835 264 2486 1982 1078 687 1863 2811 1530 2731 352 2100 226 1814 1622 2094 160 1828 1341 1589 428 1607 1122 317 879 2403 2844 2758 2371 1698 1060 1069 299 127 405 2338 1421 1964 1571 195 2738 2797 1660 2607 385 2431 2776 2266 2460 166 814 2092 2139 891 2633 1816 2269 1480 2833 2223 2339 1994 577 961 472 2820 1238 1291 557 2709 2576 1549 511 2189 2385
000526.jpg,898 1087 1558 853 2072 714 1561 1928 1207 1166 1197 1590 2409 465 1300 540 895 93 2493 614 617 2242 2324 1137 2066 1535 1346 1213 2113 1631 1785 634 2542 803 291 2143 1593 1257 1597 24 2224 1689 2430 304 426 499 2178 2024 1228 2827 1334 310 1115 407 1019 2546 1389 483 2441 1093 1298 1161 182 1333 954 1773 63 2656 940 1847 2112 1685 2784 1513 1434 2016 739 2149 1343 1836 149 832 1693 1914 1856 1004 485 76 1883 783 2785 1712 1760 751 676 1798 272 1786 766 1957
000527.jpg,1034 493 2461 1276 1392 210 2374 2418 57 1234 2174 1861 2672 294 280 1580 793 1724 1792 1859 548 2229 1664 1575 746 1375 1072 2327 801 885 1758 1665 1358 2125 1930 857 1350 704 570 689 2590 2456 756 2004 1457 77 133 1765 1776 797 263 2039 2548 421 976 2184 1196 1551 2332 720 2356 2739 1887 2123 1877 1229 1043 2659 228 2330 2186 2581 1191 2694 2838 2321 366 1542 2206 1947 583 656 588 706 422 1086 1377 1675 1193 1345 2198 170 1279 934 438 242 287 130 158 2662
000528.jpg,1371 1113 1525 2263 2152 2141 2502 2572 214 1280 2623 2841 851 327 1139 1953 957 1661 1605 1866 2348 1602 2464 609 629 2404 106 2678 1084 2725 1889 2448 1960 1766 621 744 1865 2056 183 2522 1064 509 2612 2457 40 38 171 45 2182 1032 1364 1768 23 1171 2760 844 592 941 1738 2751 2048 22 1251 1659 2109 236 270 1365 1144 2401 2521 510 84 1214 2608 1744 1632 2128 2726 690 189 2705 1927 2203 1515 1232 1283 420 96 1080 894 1397 1004 2153 2761 520 924 2162 940 198
000529.jpg,1583 998 2792 118 567 1791 2711 919 1354 1579 9 841 1179 945 1769 2065 952 2491 382 1854 517 778 1970 808 2328 1578 2252 2778 1977 639 2729 1470 2682 1657 2647 1920 227 930 928 114 1667 1651 916 1531 1851 1770 2379 2723 1063 887 982 763 2225 98 748 1819 776 2361 1864 2575 2042 819 1625 923 2474 353 869 1367 2582 515 2304 1239 1204 1518 1911 2496 2462 196 1963 7 990 1908 2218 2349 975 2256 2009 2336 1585 2512 1235 871 825 1985 2067 578 177 1254 502 2334
000530.jpg,727 589 658 1306 1951 485 1175 761 1798 2787 2054 2249 646 2317 293 44 1361 16 304 2113 2178 1334 1213 2066 1394 1230 572 1801 2323 1447 1469 1312 2546 76 962 2437 1451 614 395 2277 1137 2072 1990 1207 60 1672 1115 1087 1559 2644 1749 783 2700 714 853 1178 1483 1462 1558 834 529 376 47 1389 2117 1257 1683 1106 676 1691 1073 1928 1995 36 1898 474 1322 2325 989 1836 832 483 1166 1044 1093 1865 898 1206 2579 2227 1224 1427 1304 341 1712 1727 2000 1250 322 93
000531.jpg,2567 1171 1214 22 2751 2109 1661 96 894 1927 106 2554 419 1632 2153 2502 189 1032 2401 2152 2060 2831 1251 2705 1364 1703 1288 621 2522 2056 45 1605 2216 1064 2841 2726 171 2182 2571 1363 2612 744 205 2162 183 2760 2313 214 236 84 941 2608 609 481 333 1365 1749 1139 2030 198 75 2497 2768 506 1744 2521 1960 2141 1865 1371 2404 1004 420 2348 1727 834 95 940 510 1712 1760 596 1738 1283 2179 1397 1891 42 1602 148 815 1844 594 2666 20 1425 957 592 1176 1953
000532.jpg,1752 1146 1636 2556 2367 1316 950 1965 1496 518 2815 2069 2241 59 2628 1840 1202 2389 2082 1799 1545 2272 4 1658 626 2270 1737 2439 1386 1051 1045 965 2300 1381 188 826 312 2832 194 613 2631 1102 2501 440 85 712 987 1218 1934 1544 2477 978 221 231 266 1148 563 547 1405 283 943 1775 1656 1362 2044 2790 2826 1319 663 2312 635 2836 1901 1926 259 992 1428 1948 2352 556 1422 1897 1624 197 497 480 2034 735 1782 2397 2376 611 559 1046 1468 1253 1437 168 904 2189
000533.jpg,546 1221 285 6 582 759 2643 1702 1260 807 620 732 181 1083 1797 1697 1188 922 2043 1541 2666 2171 2816 1858 650 1891 1882 1318 2810 2807 1723 820 475 1456 411 2346 1916 1603 2425 1536 2167 468 2278 661 636 750 298 1284 2056 334 1285 752 2313 956 2476 45 2522 1865 2182 1251 1064 2261 2760 236 2608 1763 1364 2194 37 973 2118 1153 980 829 372 1015 1761 1206 1227 2048 229 1570 2463 713 2705 2469 669 1322 2401 1768 2268 1610 1560 2831 1884 171 691 1283 2074 2168
000534.jpg,1146 1752 2389 59 4 1545 2367 2082 1202 518 1737 626 1799 1386 2270 950 312 987 188 2832 85 2556 2300 1316 826 556 1102 547 2501 2477 1934 2790 1636 2069 1405 2631 611 221 943 2044 613 2312 1656 1319 635 283 1840 1926 266 1624 260 480 440 904 2528 2411 1468 1496 978 1407 2397 2419 1644 817 2826 2424 2088 524 563 2148 735 2189 795 550 900 1092 1965 1437 2298 2574 2289 2133 109 663 1775 348 2241 1901 1630 489 1148 2652 1870 559 2185 2272 134 179 1428 925
000535.jpg,106 2152 96 2263 2502 2554 1927 1632 894 419 1371 214 1525 2623 2153 2141 2567 1032 2401 620 1661 189 940 1171 1251 2522 2060 732 1605 2572 1004 2678 621 1856 1280 45 1083 1364 1365 2112 2111 181 1343 2203 2441 1064 2056 1749 2751 949 1727 2841 1434 2612 2737 2831 22 2827 2348 1702 2555 2562 2048 1214 2705 644 1602 1288 2202 198 510 171 95 1797 1139 1726 844 2760 1865 957 2720 182 1703 1103 762 2182 1999 2216 1738 149 1176 2521 1960 236 2608 84 2442 407 2116 474
000536.jpg,1039 89 1022 1378 452 467 389 758 2765 840 1831 2634 1789 2465 2505 1730 131 628 2285 1220 1655 108 464 241 1706 2687 1929 1026 268 363 1503 2398 927 2301 1662 484 753 2062 478 501 1048 2407 786 1024 1008 1275 295 1568 2059 2611 2142 2806 495 1923 643 788 2632 1011 129 1843 1062 2244 1875 782 324 999 2531 1692 125 2236 1018 936 2429 138 780 1932 456 314 1273 1813 1297 2715 1912 1281 1475 331 1465 2698 471 402 534 726 806 822 1612 1050 1097 1438 1967 1274
000537.jpg,1389 1115 2546 2178 304 2066 2113 1213 1300 1394 483 803 2759 251 374 1883 2579 545 215 1353 436 1427 328 101 2504 364 737 789 1898 240 2381 341 1951 2784 2540 1900 1683 2040 1175 989 898 1798 962 485 766 2238 2644 1971 572 1230 529 395 407 1306 614 1106 1257 581 1801 589 714 2114 658 727 1559 2787 2054 2277 465 293 1928 1361 1166 2409 1093 2000 1087 646 751 853 1558 1786 1334 1137 2242 1357 1590 1538 1785 895 2323 1207 2072 76 1451 1197 93 1180 443 2024
000538.jpg,1749 834 2058 1277 1995 1727 2555 2317 761 2437 1672 2249 1483 376 1990 16 2700 1178 44 1469 1447 1044 1836 1425 832 1300 1304 47 333 2831 2571 1535 2497 95 576 2202 2182 2705 1064 2401 2784 2335 2216 45 744 198 1476 1865 2190 1015 183 1251 483 2522 2056 1364 1288 75 1176 236 2578 60 2210 36 309 1217 905 171 2760 2217 1883 1593 940 596 2313 2745 2608 1013 1693 1004 1712 2579 1914 836 2726 2096 1103 37 980 2118 621 1401 1263 597 983 1363 1032 88 1283 2547
000539.jpg,1993 1782 1663 2836 2767 947 712 1381 1617 2439 1045 1544 1444 1328 1054 169 1679 1658 735 440 1649 2050 2837 2241 1623 1261 197 2707 2011 2130 645 1422 2840 445 51 2628 26 1870 1369 1840 1029 179 463 550 2649 925 348 1218 2454 480 1417 1710 1796 1624 2528 1644 1489 260 2044 1926 1552 2411 900 1437 2817 1934 1630 1307 965 2289 2769 817 1656 1468 2826 1948 1407 1360 2312 305 1416 1253 2790 134 860 892 1102 563 2375 2501 2832 665 2424 1569 489 1486 2084 1701 2082 2300
000540.jpg,2437 1672 2317 16 1990 44 2700 2249 1483 761 376 1469 1447 1836 1178 1995 832 1749 47 1044 1535 834 1727 2555 2058 1838 1277 2129 2180 1713 1224 1425 1116 1714 2523 683 34 2202 2422 1346 1476 1593 576 2745 1914 2497 198 940 1304 2190 1103 95 676 1865 1004 1176 60 75 983 596 1795 1228 88 2547 291 824 2831 1712 1760 2112 1999 1693 954 2182 949 182 1343 905 1685 783 2737 1161 2827 1300 2149 1785 1773 2216 1449 149 2542 1847 1434 132 1064 1203 1513 2441 1750 310
000541.jpg,98 2474 585 1625 1643 869 196 776 353 2067 910 1864 2353 2361 1819 2081 1042 2462 701 1963 2256 781 233 2334 2103 1402 809 276 2027 1344 69 381 2264 2101 871 2157 1772 303 2012 539 1600 639 812 118 945 1246 2792 450 1973 2582 1204 2647 1770 1121 914 1351 723 2065 2170 2336 282 1579 1493 1359 247 1791 764 604 35 2585 1179 190 2008 2824 1920 2485 841 434 2146 1289 1157 212 2405 2284 2001 9 1667 1915 2018 1534 567 1574 719 952 114 825 1997 2551 1424 66
000542.jpg,2362 2512 1504 850 2218 222 1436 1933 2355 1790 1305 2071 836 2645 2691 2096 935 1321 2156 1098 2750 2432 755 1709 2450 1736 2342 1911 897 1638 2201 1806 1267 1052 1387 2420 2074 477 2587 1599 272 1559 1222 73 2463 831 399 461 103 1957 1106 2214 560 1628 15 1023 783 384 1420 2401 1785 437 1323 1510 177 1066 2055 409 1145 680 2410 318 738 981 1226 126 2777 99 1749 1085 1830 2122 896 1288 2679 2318 1230 621 1451 713 380 2152 2000 940 1605 2831 1203 2772 1364 208
000543.jpg,2138 2063 403 1159 1815 2455 127 2648 1338 17 1009 2484 837 573 317 352 264 472 226 600 846 1735 2412 90 2255 2811 667 1619 1925 1982 1816 642 537 1698 2189 2266 1863 2486 2100 1814 2607 1571 195 2633 2339 1622 577 1480 1060 867 879 1421 1366 2094 2338 299 1660 428 2092 1530 2844 2835 2709 2431 814 2797 1994 2371 511 1122 1828 1078 2614 1589 405 687 2833 1939 2595 2223 385 2731 2139 2820 1607 1964 1341 2466 2269 147 160 1349 1270 665 2460 2738 2403 2481 349 2372
000544.jpg,727 658 589 1175 485 1951 1306 2113 1213 304 2066 2178 714 1558 1087 2072 898 1394 1798 2787 1207 2546 646 2054 853 1361 1389 614 293 1137 1928 1166 1115 1230 2409 1312 1801 572 1785 2493 2000 1300 962 1334 1451 1257 2324 2022 1559 1333 529 395 76 803 895 1683 2179 1184 2224 1738 1197 1561 1502 783 2323 420 23 93 1597 1106 117 2494 2768 465 2024 2203 1080 426 1027 2043 1723 2644 1228 745 1590 907 1603 2521 750 594 1397 325 1605 2143 327 2277 2149 24 1883 2810
000545.jpg,723 1359 2585 539 303 1772 450 1121 2485 247 1204 1997 2582 153 206 343 1403 1751 2603 871 862 2018 2284 719 764 914 2551 1289 812 2008 2146 35 1351 1493 1633 1600 776 1128 1157 190 1577 1915 2209 353 2361 701 2453 1534 604 2718 781 98 615 869 2824 2334 276 2487 2353 778 2067 212 808 1402 282 58 998 2792 1864 196 1246 873 522 1963 897 1595 2462 2434 1970 2256 994 526 2536 864 118 841 9 930 382 66 1042 607 1579 274 502 2260 1574 1528 1247 2196
000546.jpg,650 2666 2171 2043 2810 2816 1891 1723 2346 475 1916 759 1702 620 732 2643 181 807 1260 1188 1865 1083 6 546 1882 1797 582 285 820 1605 1221 2152 420 1541 2502 1858 1397 1697 922 411 148 2768 752 2807 468 1603 1139 2278 1206 2521 372 905 2497 1222 75 479 308 1412 1654 2107 713 510 750 560 322 2688 1456 2154 60 691 953 1225 1420 1322 1954 2179 2410 384 2841 1785 1740 1203 2469 2463 272 2514 594 831 15 2214 1835 1957 2149 1488 198 661 985 1703 1685 2048
000547.jpg,430 478 726 999 331 1635 390 1967 2693 655 1050 1715 2236 314 1475 1472 2053 1124 1648 1037 2406 2059 484 1187 1303 2407 1140 2301 2429 1438 471 1662 1918 534 2465 2505 936 2470 806 27 363 799 1929 1275 402 1127 1274 2687 1730 758 1273 1921 2806 2061 786 2244 643 2698 2402 780 1465 53 1972 1395 268 721 1647 1317 295 1756 418 1692 653 2467 1216 389 1568 2690 1008 805 391 1780 1118 1378 290 1755 1503 108 838 1481 561 2611 2062 782 2531 209 2173 1011 1282 1018
000548.jpg,1931 2526 2220 939 2704 1433 2445 2089 482 2183 2427 255 217 1439 1330 2051 637 521 2657 2617 2308 2712 619 574 2639 2683 2291 2057 494 647 1223 1874 598 2499 1677 146 2435 1725 368 531 1899 271 1942 2440 1771 1408 608 444 1892 1998 274 1555 2037 526 994 508 864 1088 12 2625 677 1944 974 1592 1055 2569 1937 1052 2813 2438 2719 790 2393 682 1639 1473 329 2728 1868 1365 2286 357 804 2382 1721 657 140 491 948 1185 2248 2780 785 693 1876 2294 457 1464 2809 1056
000549.jpg,979 2227 2786 340 2668 176 332 1562 2108 1393 2384 1065 1431 1890 289 2743 1033 2451 554 536 1492 142 1888 1686 1418 886 36 21 417 597 866 2029 802 868 2078 1588 429 555 571 1398 2117 733 199 1132 121 988 62 1268 569 1699 361 2333 1449 1053 432 878 681 2090 500 193 680 893 302 1256 292 78 2217 1553 1886 1430 1499 2267 427 1236 2380 1793 901 743 1038 1329 2415 2224 2335 1766 609 1478 1597 568 1945 1535 520 2421 2566 2827 24 2404 2038 2115 119 634
000550.jpg,1588 536 1132 121 1431 988 569 36 193 2090 1268 733 1699 866 2117 340 332 1492 142 2078 802 1053 2668 1890 2333 1888 1562 555 1256 2384 2029 500 176 432 554 429 199 289 680 2227 2743 878 979 1553 868 1430 1886 1236 2217 2786 21 2451 2108 2267 1393 681 2380 1033 1499 1398 427 1793 2568 417 2415 901 1686 1449 886 1418 597 361 743 62 568 1065 2423 91 571 302 893 213 292 29 78 707 2533 1728 1478 1038 119 672 1149 1668 2224 286 24 2828 2421 424
000551.jpg,2509 1810 67 1075 1001 2583 2121 2350 202 249 1012 627 1406 1195 404 1944 1055 2057 1609 1894 1594 742 2825 2558 1212 1606 1088 1869 2728 899 902 2766 2207 2809 725 338 1223 2033 1707 2135 232 2291 917 2741 1945 2294 574 499 137 937 2733 818 204 32 388 2183 1516 2684 65 1517 2020 378 187 165 2042 538 1874 1192 709 2233 87 730 359 2435 2638 590 494 843 424 447 1910 2842 1169 1512 145 2651 2507 2605 1779 2106 2248 2021 321 1382 2683 357 2382 371 1935 520
000552.jpg,1425 1380 2249 1749 16 44 1447 1483 1933 2437 1469 2317 897 761 2512 1995 1200 2218 376 1178 222 1790 1044 850 1504 2700 2071 1990 1836 1672 2096 396 1277 1263 905 2245 834 836 2420 2627 946 1436 2362 644 1750 474 1911 2058 1736 2410 2197 459 1013 935 2079 2831 1336 2401 1219 1315 1322 2463 2555 1305 42 1727 2645 2156 2678 2160 325 2230 832 1726 2705 2216 1641 1006 1907 2442 1474 745 1621 45 2450 2514 2425 2086 488 1318 1423 2030 1064 333 1671 1458 2522 621 1536 2452
000553.jpg,2437 2317 1672 16 44 1990 2700 1483 2249 1447 376 1469 761 1836 1178 832 1749 1995 47 1535 1044 834 1838 1727 2180 2129 2555 2058 1224 1713 1277 1116 1425 1714 2523 34 683 2422 2202 1346 676 940 2497 198 1865 1304 1004 60 1476 1228 1103 75 783 576 905 1914 2737 2190 2745 949 1760 1343 1064 2522 2831 45 1712 1462 182 1593 2112 2216 1795 1363 1206 1251 1203 1523 2056 1999 2695 291 2182 2245 1288 149 322 1750 1364 1434 1161 2705 1176 183 1513 1263 621 2210 1785 2401
000554.jpg,536 121 569 2090 1132 193 988 1588 340 1431 332 36 1699 1268 2217 1793 1256 2117 901 2227 979 2415 1553 2786 427 2668 1430 2568 1886 1562 2267 1236 733 176 2380 142 1492 2384 1890 2108 866 1449 500 289 2078 1888 1033 1393 21 554 802 2451 743 1329 429 1065 1418 2743 2335 417 680 1686 2423 1764 571 2570 432 1053 597 2333 1398 555 1499 2839 199 2029 1668 868 2038 886 933 2828 672 2602 2795 1374 1399 213 2210 1061 400 1272 361 1038 2120 1910 1371 2115 2566 568
000555.jpg,1699 571 2029 554 868 2743 1890 1888 1431 555 289 142 1256 332 2078 1562 1492 176 1553 802 2217 866 1065 1398 2384 1033 417 1430 988 21 2668 62 597 1886 361 2451 1053 733 1393 429 878 199 2333 2117 2108 427 886 432 1686 681 2415 1418 2227 2267 193 2380 979 2568 340 1793 1236 569 2786 743 1588 121 36 893 2423 1268 302 500 680 901 536 78 1499 292 2090 1132 323 2032 1668 2602 1272 1189 2421 1038 56 370 1597 1374 1041 2047 2074 634 1754 568 640 13
000556.jpg,401 453 2163 1510 2587 208 399 595 1628 73 823 141 2074 1599 437 380 2055 1233 1145 760 477 981 1872 1717 461 1976 2469 2679 2122 177 1903 731 1085 2829 2655 2452 99 1023 2126 1163 612 816 2098 1047 2161 1911 174 2362 222 2747 1160 850 1504 694 2512 2218 1784 2691 1305 1436 172 164 1682 2355 72 836 2775 1933 897 156 1321 2446 1415 1098 2645 2750 2156 935 2722 2009 1621 755 320 1106 1559 2096 39 460 1257 2071 1971 1357 1798 76 1638 1175 2421 2288 1236 2577
000557.jpg,198 940 2497 75 1004 1380 783 1425 1712 954 1760 2112 1685 2737 1343 1304 1749 1103 60 949 2542 149 1999 1113 1434 1727 2555 182 1371 1525 1298 2263 644 2572 905 1333 2425 2502 621 2245 2827 971 2022 2197 2141 2831 1283 617 214 474 2705 2152 2216 1605 1263 2623 396 2522 2442 1197 1108 1483 1064 2463 45 1288 2401 1561 2476 2016 1750 2688 1641 310 327 2056 629 42 834 171 1322 1504 909 1203 2678 270 1768 1277 84 946 2030 1364 183 2058 2188 1447 2410 2720 2761 2079
000558.jpg,2091 239 2794 2164 1781 2280 2173 1127 838 209 139 1274 1780 525 1472 245 654 27 2232 2025 408 1282 2311 356 49 2669 296 1505 1248 1435 625 225 2531 2396 1011 1024 679 216 653 1356 2693 1787 113 192 2017 61 1598 1506 383 1961 858 2137 1124 207 449 2765 2053 1216 1475 1635 252 390 1967 2285 1037 2565 1924 1140 1715 314 331 290 1662 1843 1050 1568 782 822 220 1187 478 471 1755 2236 799 999 1303 484 758 268 1503 1438 1018 1875 1647 2632 2059 430 2406 2429
000559.jpg,1891 1723 2816 2152 1865 2346 2666 475 1916 1605 650 2502 2171 2810 2043 1603 420 2841 1397 6 2768 1139 820 285 214 1221 148 2521 510 1738 2348 582 807 1488 1602 594 1371 1188 2179 1697 1702 546 1541 1113 2203 1570 732 750 1858 941 1083 2643 759 37 1502 2494 1953 620 1882 1260 334 953 922 84 609 1015 1283 629 1525 2118 1284 973 2313 2109 181 327 1866 1184 1768 1456 690 270 1797 2263 980 1979 744 2567 1610 1659 198 1766 122 2222 2726 1744 844 2162 1171 468
000560.jpg,2713 2545 100 715 1796 2721 48 64 1569 2034 562 155 305 2433 1640 439 1453 2376 1860 2309 51 1490 201 1901 2650 563 2826 1148 1878 260 168 231 2272 1316 1123 2289 1948 2088 1307 1584 2424 817 784 1658 1381 486 659 2836 26 1870 1586 2556 348 2649 2815 497 1496 1782 925 978 1437 2652 559 1369 2714 900 965 2817 1319 2840 2769 1051 1362 259 950 480 2439 2084 2367 489 319 1045 606 2241 1656 674 1965 1617 1840 440 1752 2213 712 134 197 433 2454 1416 178 1422
000561.jpg,1375 2548 857 1776 1350 2662 1887 2356 2039 2456 1551 2123 2332 720 704 2206 801 2590 885 746 1043 2659 421 2727 1877 570 2363 1665 77 2672 1191 1792 798 1930 2739 706 2327 656 1724 1520 2460 689 1925 2844 2581 307 1575 57 1542 2399 1 2198 228 1229 1861 2229 1086 1619 1664 263 158 1193 687 557 1457 2125 2004 2186 2321 756 667 1580 1982 1034 797 842 352 551 342 154 2139 879 493 2371 1234 1358 2330 1675 280 299 2158 2749 892 1392 1947 2215 2797 1758 2100 2187
000562.jpg,2713 1453 2433 2309 2376 1860 1901 1490 201 1796 305 2545 562 2034 2721 155 715 100 1569 64 48 51 563 2650 1640 2826 1148 439 260 231 168 2272 1316 1878 2649 1496 2556 2289 2088 2004 1307 421 1123 1437 550 440 1658 1782 1381 348 1948 1870 2815 2581 480 659 26 1369 925 1051 2439 978 1840 489 486 2836 2455 1193 900 784 197 965 689 2652 712 1775 2312 663 2628 817 2189 2424 2769 2039 950 1752 2454 1029 2050 559 1054 2790 1551 134 1045 2767 2367 1428 518 2840
000563.jpg,2252 2491 2328 1651 2682 1977 1179 1578 841 1583 1579 945 1063 227 2723 916 982 1769 517 2225 2792 2042 1920 118 382 998 887 919 639 952 1354 1470 1791 1531 114 2729 567 928 930 9 2647 2660 763 748 2778 778 1657 819 1667 2310 1566 2575 1367 2065 2711 2379 1854 1368 1770 1851 515 1239 2349 2488 1211 631 98 512 1518 1585 2256 1058 2097 2462 1970 804 808 1819 528 1777 2416 353 607 311 140 776 1864 948 2598 1154 2842 2436 2334 662 329 233 492 1625 910 1210
000564.jpg,2063 2484 403 2455 1159 264 1815 837 1009 428 1982 2371 667 1735 299 1338 2189 2139 90 2833 1814 17 573 317 1122 1589 2092 2844 2269 1925 2138 2412 226 1619 600 846 2776 2576 2731 352 2255 642 2486 1622 1549 2100 2797 2811 1863 741 127 472 1571 879 891 1060 2460 2403 234 2338 1698 537 687 195 1964 2614 2266 2339 1238 1607 1291 405 1828 1994 913 557 1386 2835 2082 1421 888 1803 2473 1341 262 1366 2312 1520 2270 867 2223 556 2758 996 349 611 2530 2607 1 82
000565.jpg,1735 867 403 1159 537 1815 1925 1619 667 2063 1863 1982 2484 837 2455 1009 127 264 879 226 1530 1078 2094 573 2835 687 160 385 2614 2138 428 2731 2431 1589 2371 17 1341 1660 1814 1816 2607 299 814 1421 1607 846 2403 1122 352 1480 2412 2758 1338 2633 1069 1828 2844 90 2460 2811 2255 405 2266 2269 2092 557 2139 2797 2833 600 642 2738 1366 1964 2776 472 2100 2820 2486 317 2783 1060 577 2189 1549 166 1622 2385 1698 2338 641 2576 2339 1571 891 888 195 741 1324 1025
000566.jpg,1017 1290 2282 2064 2596 2049 631 1518 921 2093 530 607 451 1604 1879 2140 1301 2796 1058 984 1567 1981 1237 446 2392 394 1613 1909 662 1978 908 1002 1119 1906 660 2543 2357 2782 2257 1621 2259 2085 1404 1145 910 1853 1396 542 1508 1331 1673 1614 1695 2462 1455 813 1466 186 1808 360 2207 2274 1000 998 1601 1066 2190 1100 1226 742 1688 255 54 132 1833 335 709 1155 2111 2036 983 1739 2827 2728 2445 196 104 2723 227 2474 778 2696 791 1894 1401 2441 710 1846 2361 1089
000567.jpg,909 956 2448 1596 644 2823 924 2562 2498 229 2442 971 387 1866 473 2188 448 2128 2169 1882 1113 2572 2620 2688 1928 1084 565 43 335 1087 1907 1922 959 2351 1487 1477 2591 2067 1232 2263 2260 2197 1533 104 986 1696 1080 957 23 1525 218 2230 2508 1217 1474 2609 2425 2060 1558 2112 1365 1166 1757 1249 1953 2725 189 540 865 882 1032 1144 2464 1560 398 1712 306 2150 123 2623 1889 1602 309 2072 558 1760 1184 1280 182 2612 214 1400 2224 1434 612 149 1265 1687 1821 1621
000568.jpg,2054 646 1361 2787 1451 2000 1559 1798 1230 962 572 1801 293 395 727 2644 1951 589 1175 2323 1306 485 658 529 1394 2277 1106 1334 1683 1786 2161 2178 304 2113 76 2066 2504 2114 2238 1257 1357 328 1213 2546 545 789 989 766 1898 215 2784 483 240 436 737 1971 2759 581 2242 1115 39 1207 364 251 1353 101 2579 614 1312 1883 1300 2533 2072 407 2040 2224 29 1427 1389 1149 2540 1558 2320 714 1093 1087 2381 2288 286 341 2172 1900 374 2249 1180 2149 2756 2495 1818 1137
000569.jpg,726 430 999 2236 478 2693 331 1635 390 1967 1050 314 1475 1715 655 1472 2053 1124 1037 2059 484 1648 2406 2407 2301 2429 1662 1140 27 1438 1303 534 471 2470 1187 806 1275 1918 2505 2465 2687 799 1929 363 758 1274 1273 936 1127 2698 1730 643 268 2244 786 780 53 2806 1465 653 402 1378 389 1008 1503 1568 2061 1921 295 1317 1692 418 290 1395 1756 464 805 1706 1755 391 108 1647 1216 2402 721 838 1972 2062 1831 1024 2765 782 2611 1780 1026 2690 1022 209 1282 1018
000570.jpg,998 1583 2792 118 567 1791 2711 1354 9 919 2065 841 1579 382 1854 1179 778 1769 945 952 517 808 1970 2491 2778 1578 2328 1977 1470 2252 227 114 930 2729 639 1657 916 928 1651 2682 1920 2647 2723 763 2379 982 1531 1770 887 1851 2225 1667 2361 1063 98 1819 2575 1864 2042 776 748 353 2582 2334 2462 2474 1204 1528 871 631 1518 2353 869 1246 196 819 862 2695 1963 701 662 2136 1625 1997 2829 1985 1305 1751 1239 764 177 1367 812 1595 2678 1931 2067 2718 206 1726
000571.jpg,2707 2011 645 1444 1679 1054 2837 1623 1649 1328 169 947 1663 2767 1617 735 1544 1782 2050 440 2836 445 2840 1993 1381 1261 2130 1045 712 1029 2439 965 1840 1658 2241 1253 1422 1552 51 319 2287 1218 134 2628 463 2735 1307 1437 1775 1710 1948 674 1489 1208 179 900 197 489 2046 1416 2352 992 1586 2084 2649 497 1445 1486 860 1369 1860 30 1870 155 2133 2312 2650 2076 2454 1640 1468 1123 906 305 769 2424 26 550 904 2397 562 1417 606 194 348 259 1897 1627 161 2002
000572.jpg,2043 2810 2171 2666 650 2816 1891 2346 475 1916 1723 1702 2643 759 620 181 732 1260 1188 807 1797 546 820 1697 6 1882 1083 285 582 1541 1865 1605 1221 922 2502 752 411 148 1858 1603 420 1397 2152 2768 2807 594 468 1139 510 2521 2841 1456 1318 1420 1222 1213 560 1738 281 215 2214 384 272 351 1957 831 341 750 2048 2497 334 2107 407 1093 1284 1900 2203 2066 1954 1488 2362 691 2179 2154 1846 1785 436 636 1953 1074 15 1225 1536 1023 2410 661 2489 2469 1322 1898
000573.jpg,1982 264 2455 667 2484 837 2371 1009 299 428 1159 2139 1925 1815 403 1619 1735 2269 2833 2092 2063 2844 1814 1589 1122 2189 2776 2576 1863 879 1549 2731 2460 90 226 1338 2797 557 2412 741 573 17 317 687 352 2255 891 600 2138 846 2811 642 1622 2039 1887 867 2486 537 1698 1238 2356 1291 2100 1571 2403 1551 2338 57 1930 885 2473 2363 1350 1792 1078 1060 195 2739 857 656 706 421 160 2123 127 234 262 1542 570 1341 2332 2125 1994 2418 888 1877 1294 2659 2590 1607
000574.jpg,1896 505 734 523 2283 28 2500 1563 313 2181 175 1827 152 1339 2552 587 238 2674 458 1376 1741 2819 847 849 1532 2479 2250 1335 2099 972 2191 2527 2119 2681 2716 330 354 1708 705 2177 2742 92 671 2365 2028 2228 503 532 2689 2534 2370 696 1704 633 2814 1746 772 2557 1956 2193 504 2144 711 2610 2322 1680 81 1543 2592 1873 1117 1314 316 2052 2812 1774 653 1852 1472 2597 1109 872 1692 120 649 68 2764 2773 2199 643 1135 2306 2693 2774 1164 261 2715 2062 1011 963
000575.jpg,2843 257 392 1871 1419 1731 2613 1138 1800 416 2331 1645 2609 937 288 301 1707 742 535 2377 1527 1894 338 1131 1068 1007 1243 730 1466 519 2830 678 1200 336 1992 855 749 253 2196 1794 1311 19 2341 2560 2087 821 2299 410 1040 1020 2243 870 2251 1455 593 1516 1309 2151 365 2417 2005 774 435 2566 1850 2549 2492 1142 45 940 673 1379 1573 1004 2056 2522 2763 883 2364 1779 2384 1722 1064 2680 905 2746 248 2451 1581 1424 605 1219 2744 2572 1968 2227 1733 80 1936 1529
000576.jpg,160 1078 2094 1530 1421 1607 1341 2758 1069 577 2738 1735 2835 687 1925 1619 1828 2614 352 1863 879 537 667 405 1982 127 2266 166 1964 867 2797 2731 2595 641 2844 226 299 2403 2460 2139 2138 2175 2371 2269 2385 2820 428 1539 891 1295 472 2833 991 557 837 262 2484 2092 2607 888 2776 1660 2771 264 1816 1009 1373 1480 403 1815 2455 1807 1549 1589 741 1122 1814 1159 90 2576 2633 2431 846 385 147 1366 573 2524 273 1803 2473 2710 1291 814 1238 17 2063 1060 2363 1349
000577.jpg,2389 59 2367 1545 1146 2082 4 1799 1752 1202 1386 626 1737 2270 950 547 518 556 188 826 611 2477 312 996 1491 2530 1319 2832 987 2501 345 1934 85 283 613 2069 1405 1102 635 2692 1316 904 2556 134 2300 2312 716 978 237 266 2044 2675 1181 1656 2148 943 2375 433 2208 2289 1468 1172 2419 2574 1636 651 2076 524 1988 2205 900 769 2397 480 2631 179 2652 527 817 1624 970 74 674 1926 197 1428 2131 2790 1407 2606 977 1092 2588 1437 1840 348 906 231 559 2200
000578.jpg,523 505 2181 2500 28 1563 175 2552 2283 313 587 238 1827 734 1896 152 458 1741 847 1339 2674 2819 2250 849 2716 2119 1376 2681 2527 1532 1335 972 705 2479 2191 2689 2365 2370 2534 2099 92 354 503 1746 504 633 1708 81 330 1704 2177 2557 2228 2144 772 2193 2322 671 711 1680 120 1314 2742 696 1117 1730 2610 2773 2199 2814 467 2687 125 2028 1873 1543 1852 532 872 2059 1655 1831 2306 484 501 1378 788 1955 2715 1929 1917 2597 602 1923 2285 2764 108 1332 68 1475
000579.jpg,2370 81 2689 2534 705 2365 2119 2527 504 2716 587 2250 2181 2500 849 2144 1827 238 2552 175 523 28 1563 2681 152 313 972 2283 505 2479 2819 1532 1741 458 1704 1746 92 2557 633 734 847 68 1708 503 2177 553 1117 1896 2674 354 1314 1335 2191 2764 1339 120 1680 1010 2789 2322 772 2099 1955 2193 711 330 671 1974 2690 1917 507 1111 1692 2467 1376 1873 2821 968 2059 771 2774 1332 602 1461 2814 2052 1164 670 2806 2265 1438 534 2028 108 2799 484 696 367 999 1302
000580.jpg,189 2060 2554 1032 894 1927 419 2153 96 106 1632 2313 2567 1661 481 2751 1171 2109 1214 22 815 84 1987 941 1858 1363 1288 1703 2152 2726 2216 744 183 2502 396 609 468 2425 1560 2162 957 1321 592 1865 1283 1371 2841 2404 205 1995 1744 1605 2627 621 1108 1880 2645 115 1727 1286 1766 1525 2555 752 1844 959 333 1015 1098 2222 2263 2317 214 2156 807 506 2823 2401 229 2118 1469 2182 2760 20 2058 1251 834 171 2688 2281 270 836 38 1425 255 2096 2249 1610 2705 1447
000581.jpg,2510 431 1839 70 1125 1753 2561 2777 2772 2077 2478 1035 1834 2818 951 2015 1252 18 601 1842 2 2663 1390 395 1976 1557 461 2113 1759 1798 304 2161 2622 2644 315 1213 1559 2178 903 2757 962 2497 2624 2471 39 529 2066 1845 2149 1951 1306 2601 2656 1908 1801 1230 1693 850 2000 485 727 75 1357 1175 1106 650 702 2074 1605 658 768 2787 215 731 1394 737 101 277 1830 2686 767 191 2546 1938 1504 1427 581 436 2469 198 1371 783 2218 646 364 73 1683 2249 589 126
000582.jpg,1385 1779 773 1992 2145 406 2763 2102 519 1526 2516 1325 1007 1969 1511 1442 1894 730 1707 2302 1466 191 186 811 742 1871 1731 1138 338 1165 410 112 1800 2613 1079 315 1645 257 248 709 2609 365 648 870 1783 605 435 2680 2746 2095 288 544 881 535 664 1020 240 1997 1516 1309 2341 1005 2377 1759 1581 1424 1527 843 2042 2219 610 1040 1573 253 2757 1195 2830 2238 378 336 1133 2622 766 434 2785 2290 328 111 1012 1311 301 1968 2560 2041 94 1721 2110 249 1935 1594
000583.jpg,70 1125 1753 2077 2777 2772 2478 2561 2510 1035 1839 431 1834 2015 1252 951 2818 18 1842 601 2161 2 1759 2663 315 1557 2757 1390 2622 2471 191 297 2601 502 1533 1845 1389 103 1165 284 2624 990 962 1951 1908 395 1235 1306 1323 126 1559 1115 702 581 2546 1230 1186 1683 1830 485 1175 767 688 101 1798 2504 727 461 2113 589 1423 304 277 2302 1976 853 2000 2178 848 436 1213 658 578 737 2759 2656 1357 1334 1980 2644 1075 680 364 529 165 1608 477 1340 29 1728
000584.jpg,2389 59 1146 1545 4 2082 626 1202 1737 2367 1799 1386 2270 1752 2477 188 547 556 826 950 518 987 611 1319 312 85 635 1405 2832 283 2501 1934 266 2300 613 2631 1102 1926 2044 2069 1656 817 2411 2528 1624 1407 996 1491 2530 943 2817 2375 2790 2556 134 2312 2289 1644 221 480 2397 1316 2588 345 348 904 433 769 978 1468 1172 197 317 2439 2419 179 2075 2148 1544 2208 900 2692 260 550 1417 2826 716 970 735 1855 1629 1253 1895 2840 2050 440 1181 2454 1437 2769
000585.jpg,1146 2389 59 4 1545 2082 1202 1752 1737 626 2367 1799 1386 2270 188 518 2477 987 312 85 2832 826 2300 950 1102 556 1934 2501 635 547 1405 221 611 2790 1319 943 1926 283 1656 266 2044 1624 2411 817 2528 2069 2631 1407 1316 1644 480 2556 2817 2397 613 2312 260 1870 1468 2826 550 2574 712 563 1029 904 925 1190 445 2289 348 179 2424 1369 1253 559 2375 134 197 1045 769 1630 2649 2419 2454 1629 787 489 2084 900 2840 440 463 2439 345 978 1360 1437 638 1775
000586.jpg,2558 899 2842 2766 1212 204 2728 2135 2825 137 2741 1606 725 1944 165 1055 116 447 2294 1067 1463 1935 2207 2041 1134 2068 246 1825 2305 2736 97 79 1547 692 2511 1076 804 2719 1940 1056 1464 686 2382 146 722 2248 2506 1223 2286 948 2057 1986 2813 329 1130 2292 2665 682 2580 1841 2393 1639 1185 1126 2436 491 2708 1874 677 790 2435 1777 1592 2319 494 1899 2569 2598 2683 1937 2438 647 362 657 1962 1452 1910 217 350 2258 2639 574 1337 2291 442 1330 558 1518 135 2733
000587.jpg,1179 2491 1977 2328 2682 2252 1578 1651 1579 841 945 2792 1583 567 9 118 639 1791 998 1470 1063 2723 227 1769 382 916 1354 919 1531 2711 1920 887 517 778 2647 2778 1854 952 748 982 114 2042 2729 2065 1770 2225 808 1667 1657 1970 928 930 763 2575 819 2379 1851 1585 98 2496 2334 2462 196 1625 2248 2081 1819 2067 1864 353 1777 948 804 776 2310 2813 515 528 1042 329 2536 662 1089 2284 1555 1639 2146 2438 271 1211 2434 274 2286 1344 2474 1415 282 276 1942 910
000588.jpg,1681 1742 2600 337 487 1384 1705 966 942 2085 2458 2543 1495 1673 1853 360 710 2782 1000 2257 54 1695 1614 2259 660 542 2696 1893 1739 1331 1370 50 2664 2369 1508 813 1554 908 791 921 1031 2803 1396 1287 243 1565 355 2064 1604 1906 2660 530 1105 1237 2049 451 1301 1518 1290 1978 1770 446 1119 1872 289 73 327 1017 2074 1981 866 2140 1499 1888 380 827 2796 631 1905 454 400 2736 78 1599 984 1058 2587 427 362 893 121 733 2711 1002 2596 2361 437 909 1903 1593
000589.jpg,1444 2707 1679 1054 2837 645 2011 1623 1649 1328 947 169 1663 2767 1617 735 1544 1782 440 2050 2836 1993 445 1381 2840 1261 1045 2130 712 1029 1658 2439 2241 965 1253 1840 51 1422 1552 1218 2287 2628 319 1948 1416 1489 2352 463 992 1710 1775 2046 489 1307 1860 1369 1417 1640 1096 2735 497 2649 2084 1586 1208 134 179 2650 2454 259 1437 26 860 1870 900 155 194 30 1445 1897 562 2088 1569 906 769 2769 305 197 1796 231 1627 1362 674 161 2753 2544 2312 2515 1123 1788
000590.jpg,1753 1125 2777 70 2772 2077 2478 2561 1035 2510 1839 1834 1252 2015 951 2818 431 2161 1842 18 601 2 2663 103 297 1533 191 315 1759 1389 1323 2601 1186 2471 1728 766 2504 1557 1845 2757 328 1165 1115 2238 2624 2394 29 1235 581 2242 1830 2622 395 1230 1801 680 126 424 757 1423 2178 286 304 2172 2000 1908 2533 1559 767 2113 1968 981 1357 222 702 2546 727 284 848 1451 1785 2653 101 1132 2572 737 2216 1683 436 2759 1641 2260 1588 1905 783 277 990 650 2314 1213
000591.jpg,1898 1683 407 1093 581 2238 2579 328 2114 766 2504 2759 374 2242 789 803 341 737 215 989 2381 2040 436 2540 1115 1900 101 483 1427 251 1091 545 240 364 1353 1971 1883 2546 2784 777 1257 1230 1389 1213 1559 1786 1106 2066 1785 304 1996 2277 2113 2178 1228 1773 2644 572 1394 1451 1300 1801 2422 529 1561 1361 1161 1513 617 395 1357 1847 1334 34 2523 2000 1178 926 1798 39 230 1180 1818 1795 1666 110 564 2288 1116 1714 1224 499 1533 1674 2190 76 2785 962 576 1838
000592.jpg,1037 1140 1124 430 2053 2693 478 1472 1475 1635 390 2236 1967 1050 314 1715 1118 331 655 726 1303 1648 999 2406 1187 27 1918 799 2059 2465 2505 1921 1506 484 805 2407 1438 1568 471 1755 1317 2061 1756 1395 1127 1274 1972 1647 1662 936 2402 721 2301 2429 1216 402 806 758 363 534 2470 1273 356 296 1024 1282 838 2698 786 643 1780 2232 389 653 1822 1692 561 268 408 391 2531 49 2244 209 1008 1011 780 1378 2765 139 1929 2173 1143 1465 2062 2280 654 464 245 53
000593.jpg,1146 1752 59 2367 2389 1545 4 518 1202 1799 2082 950 626 1737 2556 1316 2270 2300 1386 2832 312 987 1102 85 188 2501 1636 1934 2790 221 943 2069 1405 826 1926 2477 1656 2631 635 1496 2044 547 556 1624 1840 613 1965 1319 2241 1407 611 2628 817 283 480 266 2815 440 2817 1045 663 1644 2312 925 1870 2148 2528 2397 2439 2189 2411 550 348 978 2826 2538 1658 1468 179 2649 2454 2424 904 1148 563 1422 2272 259 712 2713 1051 260 26 1369 2574 1428 489 1901 965 735
000594.jpg,2224 76 1149 2320 1499 2533 967 293 29 286 1728 2172 2673 2021 218 36 739 2756 1430 500 1553 1886 680 1804 1236 1231 1431 754 2117 568 1597 792 2267 2217 2787 634 733 2380 426 1364 1206 1699 2238 1637 1533 766 24 1560 2143 2430 1401 2404 1448 45 328 941 1984 1256 2387 1987 1766 2495 609 184 1865 1719 2056 1980 905 1478 2423 757 2472 621 589 707 2464 1798 713 1064 1207 229 1106 1251 119 2182 743 1160 881 2615 1342 1928 2315 171 2705 2221 2054 142 2242 744
000595.jpg,967 707 135 2295 1804 2408 1448 2413 558 2615 213 1719 2235 1849 2354 91 1478 2296 568 792 2533 29 1265 2320 1149 184 1945 286 424 2172 2673 232 2638 1728 1722 2566 119 1269 1867 2756 739 2021 520 2260 80 1296 1529 2390 1383 1984 754 24 2143 1733 19 1689 1597 426 2744 2472 634 2024 218 2224 1533 1231 1593 540 2430 757 802 293 2000 1492 2078 1312 2827 142 1431 310 1091 2441 1888 2217 1588 555 1053 1699 1886 388 868 417 1535 983 1996 1132 1553 1430 498 2016
000596.jpg,1096 1948 1416 1362 1897 497 1586 992 2046 1218 2352 2241 2721 1569 1051 1796 1381 100 1860 1316 2034 439 48 155 1630 64 712 2272 2213 2650 1045 1926 2815 1658 85 1993 2300 2545 1360 1782 2817 231 925 2790 715 2454 817 1901 2312 221 2826 348 2584 987 1123 259 1369 51 2185 563 1684 1411 26 1656 2767 1496 1934 2832 305 2769 2082 1636 2556 2836 188 2298 2628 1102 480 892 1644 787 638 46 312 445 704 2270 2246 1261 2616 562 2649 1617 2433 30 1663 260 1446 1870
000597.jpg,2546 1389 1115 2178 304 2113 2066 1213 2054 1394 1951 646 1175 614 1306 485 1300 2787 589 483 658 1798 727 2409 293 1166 1137 1928 1883 714 251 962 898 1361 1558 395 1207 1230 1559 572 1353 1197 2644 1106 2072 2759 529 1087 2784 1427 989 1801 1451 240 803 2000 853 2323 215 1257 1590 545 895 101 364 93 789 1683 436 2540 328 341 2381 1334 2493 465 1785 1898 2324 76 2504 374 2277 737 2238 1786 766 1971 2579 2161 1900 2040 2114 1093 407 2224 1538 2667 676 581
000598.jpg,2624 2471 2601 1845 126 702 848 1830 1908 578 2276 103 1323 1235 931 688 1114 297 990 1767 502 284 1186 1413 1391 1608 2314 835 768 1107 1340 250 1720 1821 903 2388 1310 65 1254 684 1512 1975 1559 1916 1106 522 2346 581 1605 2656 2000 1397 962 2077 2777 475 304 1207 2768 420 1798 2772 1230 767 2478 1175 1801 803 2706 1125 2113 2178 2787 1839 745 485 954 1357 2841 2152 1139 325 1213 1570 572 737 658 2149 2497 1683 1753 1298 2114 650 731 75 727 1723 461 853
000599.jpg,865 1949 729 2798 2539 1429 2629 2428 1754 2221 1041 1038 2031 2421 1070 2120 2038 244 1272 2520 13 2671 1910 640 2210 964 358 1477 1616 1399 933 1952 672 1266 2083 2115 828 1696 2795 2828 1668 377 2570 323 1374 2640 698 1426 2602 1337 2457 1189 2335 1764 474 536 2032 2591 1329 815 340 2150 1987 1144 1521 509 932 844 2217 2351 1080 882 176 2448 1553 370 941 2227 1430 1671 901 56 1431 8 398 481 621 473 2295 1049 2839 2117 325 1953 1562 1768 2808 1139 36 690
000600.jpg,2372 352 2820 307 2100 2486 2013 349 195 1698 1338 600 2138 1324 1964 90 405 642 299 2063 2466 1622 2614 166 2484 1421 846 2460 2835 2738 2223 557 1862 428 573 1571 837 879 2139 1618 1814 1828 1815 1009 2371 2727 317 2412 264 160 2338 1 2844 2269 577 891 17 1520 2473 1159 1078 147 2709 2266 1994 2455 2094 1540 2158 1238 1291 1355 2833 226 892 667 2758 913 1982 1607 2399 2189 2092 2797 1735 1925 969 234 2576 46 1619 2213 1060 2648 511 1341 1530 1101 1549 1069
000601.jpg,2252 2491 2328 1651 1977 1179 2682 1578 841 1583 1579 945 2723 227 2792 1063 916 982 1769 2225 382 998 118 1791 919 517 1920 1354 567 1470 9 2042 952 1531 887 639 778 114 763 2647 2778 930 2711 2729 928 2065 748 1854 2310 1667 1367 819 2575 1368 1657 2660 1566 2379 1239 512 2488 1851 808 1211 2349 1770 515 1585 98 1970 2026 2462 631 776 1058 311 579 2097 528 804 1154 1528 948 2334 1518 492 2256 2459 566 353 1819 2416 233 1777 1864 140 2436 662 2140 923
000602.jpg,767 277 1938 1443 889 1833 2686 1747 2496 211 1460 2532 2315 1980 951 2818 369 1418 1277 886 2510 2571 1064 2702 2522 1989 2384 597 417 1834 45 2401 2668 744 2182 2451 824 1686 2015 2705 2058 1750 36 1256 95 2056 2216 1342 713 1252 2760 479 1749 2726 2831 979 20 1015 834 1425 1364 19 2786 1836 236 2202 340 1263 2497 609 2463 1353 1322 2227 21 1713 1074 1605 2555 1714 171 1891 2612 940 1431 1562 2203 500 1065 2108 1727 596 1908 576 198 2700 1890 2745 676 569
000603.jpg,1146 2389 59 1752 1545 4 1202 626 1737 1799 2367 2082 518 1386 2270 188 950 312 2477 987 2832 826 85 2501 1934 1102 1405 2300 556 2556 635 547 943 283 611 2044 1656 266 2790 1316 1319 1926 613 221 2631 1624 2069 2411 2528 1644 1407 817 480 2312 2817 2397 2419 1468 1636 260 904 978 2826 348 1840 2574 559 2588 2424 2714 345 925 2148 1870 900 2189 197 1428 179 524 970 1437 2289 134 2439 996 1491 769 550 2530 2652 2208 2375 1417 440 2649 716 659 977 663
000604.jpg,956 1882 448 1911 924 2823 38 669 829 796 2678 115 1400 2573 1560 327 1687 644 2476 2257 1638 2216 229 476 1487 909 275 1922 2572 2254 1217 1995 2422 1032 1145 2523 2260 2360 1806 690 34 1028 1726 1673 661 2425 300 2752 1315 400 710 2442 1144 2194 2696 2263 1116 1387 2450 1224 2620 1880 1690 2706 1015 1260 189 1363 328 1331 396 457 2060 2116 1227 2168 827 1614 2159 309 2197 2387 1714 1082 1458 2661 1703 1713 2129 2233 1736 1318 462 1835 2782 1802 1471 32 1719 1449
000605.jpg,503 633 1746 711 1704 772 2250 587 2681 1827 972 2119 2322 2181 1680 1852 523 1741 2283 175 1774 313 2193 2527 1335 505 28 705 2370 2592 2500 2052 734 2552 1563 238 120 2534 2557 162 354 1164 458 2689 2144 81 699 1332 152 602 2365 92 2191 1111 1532 2479 2212 1327 2099 963 1109 1182 1339 1896 847 367 2716 330 507 1543 2674 235 2822 849 553 2343 2597 740 2799 649 2610 1708 1917 1117 1991 504 1650 2764 771 68 2789 316 2237 890 532 671 1873 2199 2819 2773
000606.jpg,2600 1681 1705 942 487 2085 1742 337 966 1384 2458 2543 1495 54 1853 710 1673 1000 1695 360 1614 2782 1893 542 1331 2259 660 1739 2257 2369 2696 50 2664 1370 1508 791 908 1031 813 1554 2803 1119 1287 1978 1565 1396 2660 243 1002 355 921 1906 2049 1105 2064 984 2262 1654 2074 2587 530 1301 2318 2154 1604 1770 1920 78 2596 1423 1954 451 1225 2796 1911 289 1412 208 1962 1290 416 15 909 1903 1510 1641 351 1237 893 1288 362 796 1017 1322 302 2736 361 320 21 1363
000607.jpg,754 2021 2756 2320 1728 1231 2533 1149 29 757 286 2172 2673 1533 218 293 2224 707 967 2408 119 1361 2787 135 1478 1719 589 1451 1296 1951 1306 80 213 2295 739 1804 727 424 1849 2054 2354 426 364 646 1175 1597 572 2078 1984 529 1383 1492 76 2464 142 1394 658 485 2413 802 2040 1106 558 1559 498 1945 2366 2178 766 19 2277 304 1890 1230 184 395 2260 24 536 429 1722 1801 1312 2014 2668 568 2124 1562 2227 328 1430 555 2000 2161 121 1537 2143 473 901 1061
000608.jpg,1419 392 301 2331 937 2843 257 535 1527 2377 519 1871 1200 1894 2341 1992 1800 2613 1731 1138 1778 2763 1455 1645 1425 538 253 105 648 336 338 94 416 2609 843 1779 288 248 2680 773 355 1007 813 1077 2102 530 568 742 1385 1068 2318 870 2145 1370 1073 2005 2830 2087 406 678 908 1131 1707 1017 1243 1573 1516 1739 1309 542 1387 1219 2219 1020 709 730 2251 435 2394 1554 1442 410 2640 1565 2420 2264 269 1133 2492 1968 365 660 1040 1466 1546 830 605 1581 1380 1673
000609.jpg,1862 405 2835 1828 2614 2266 1607 1341 2094 1964 1421 2820 2758 1069 160 687 1078 1530 2738 2372 166 537 2338 226 879 1324 1619 1925 352 195 127 1698 1338 846 1863 2138 1994 577 2797 90 349 2595 600 2844 472 2460 2100 1101 573 511 2223 1982 1060 1735 2811 1355 642 2466 299 2484 2412 2063 2403 557 2253 2139 2255 2269 2648 667 1571 317 1409 2175 1095 2833 147 2486 2189 17 1539 888 1618 1816 741 2709 891 1509 428 264 2092 1803 1480 1167 2801 2231 1540 1238 2339 1589
000610.jpg,2649 1870 925 26 348 1369 2454 480 2769 550 2714 179 663 2538 1422 712 1417 2375 1489 1710 2130 1045 860 2050 1658 197 463 1701 2241 421 1782 1930 1381 2439 2817 440 746 689 445 1840 2840 2332 704 260 570 1624 817 1544 2836 518 1792 2123 1617 2628 2039 2528 1644 1656 1926 1102 1358 2790 2004 2356 1029 857 1934 1146 188 489 1665 735 2011 1319 1887 2581 1796 51 756 2289 1328 2312 1407 2694 1664 1551 892 2411 1218 2084 2832 1190 1758 1737 1788 2826 2659 2327 645 1193
000611.jpg,2766 2842 2558 899 204 1944 2825 2728 1212 2135 2741 1606 1055 447 137 2294 725 165 1935 2068 1067 1463 116 2736 1547 2207 79 2041 1056 2305 2511 692 686 1825 1134 2580 2719 246 97 1076 804 722 2057 2292 2665 1223 329 1874 1464 2435 2319 2286 1940 1452 2248 682 2382 1910 790 146 1986 948 1126 2813 2598 1841 2436 1130 491 2438 558 657 494 1592 677 1604 2506 451 1777 2708 2569 647 2712 1185 1899 2258 350 135 362 984 1639 1052 1518 1058 2683 2140 2308 217 2393 454
000612.jpg,2677 629 1949 941 1865 909 84 1144 281 2161 2421 2494 1987 1766 882 1038 1502 609 474 2627 1041 115 1283 1080 750 327 2115 820 1723 123 2179 1108 481 1616 2404 270 1184 743 1995 37 815 1960 1880 2423 594 851 1754 2568 23 1558 2573 396 244 1199 714 1738 40 2761 744 334 1768 2152 1891 117 76 2726 2162 2150 2203 1659 2072 1272 2217 1844 1740 989 2216 940 1637 2303 1661 1087 2521 1363 2210 2571 425 229 1818 1371 1032 370 1488 1286 2720 372 901 2224 2415 898
000613.jpg,1561 465 853 898 1631 1197 540 617 291 1928 1166 1087 1300 2409 1558 714 2072 1590 2242 895 1207 93 614 2493 1535 2324 634 1334 2542 1689 1593 2143 499 24 803 1346 2430 2024 1597 426 1785 2066 1773 1161 1228 1847 1513 832 739 1795 2323 2113 1538 1213 1137 2224 2785 2638 2827 407 1298 676 483 1343 983 1115 2700 2112 1914 182 1693 310 792 1265 1176 2699 1093 576 2759 2441 1798 374 1342 1091 1996 1019 954 1333 149 76 2235 1804 834 1683 2149 695 2190 1178 1004 2129
000614.jpg,1325 1779 2145 406 1992 1385 773 1526 2102 2516 2763 1969 1511 1442 1007 519 730 1894 191 2302 1466 1707 811 1165 338 410 112 1079 186 2613 315 1871 1783 435 1670 1581 365 2095 544 1138 1020 870 1309 1645 248 2680 2622 288 2560 1311 1573 1454 742 2746 2290 1731 1968 881 717 1040 11 843 664 94 2730 605 336 1966 1759 2609 1800 2110 709 1424 538 2195 1068 1498 648 2757 1390 1243 257 2377 800 2830 2492 855 1012 2519 1634 249 792 1342 1005 2151 610 1142 1557 500
000615.jpg,455 1262 2232 113 2137 1506 383 822 1505 1356 1568 1140 525 1248 2070 216 2311 1435 27 654 625 679 2470 1598 858 2565 245 1141 838 799 131 209 1018 1282 252 782 408 2693 1274 139 1787 356 2173 758 464 478 49 1780 1503 1662 1124 1024 363 2280 1187 1127 2611 418 2794 2632 2407 1706 471 806 1875 726 314 2017 2505 2465 2059 2698 1692 241 1612 2429 999 2396 1438 296 239 207 2061 331 1967 2053 1395 2669 534 1216 390 484 1635 495 295 936 389 1918 1475 2765
000616.jpg,1049 932 839 1521 955 698 1041 323 2032 2047 2421 56 370 1272 2520 1189 2210 13 1949 1038 640 1754 2671 1910 828 2578 865 2083 377 1337 2150 571 1616 2828 672 933 1477 244 680 1668 2115 2423 743 2602 1957 1683 292 1249 272 1471 1363 1374 924 1053 831 2428 2216 310 2620 1487 560 1995 1420 953 1222 986 893 1230 581 738 2567 713 1288 2149 2214 1132 2798 783 1922 569 45 2242 2827 78 322 681 21 2000 1562 979 1426 1203 1703 691 2841 1738 1412 123 384 1430
000617.jpg,1339 1896 1376 2674 734 847 152 1741 458 313 2191 2283 2500 523 849 2819 505 1532 1827 2099 1563 28 2479 2181 175 587 2552 238 2681 330 972 1708 1335 2716 354 671 2250 2119 2365 2228 696 2177 2028 2527 705 503 2742 532 2597 2193 1746 92 633 2370 772 1956 2557 2814 2592 2322 261 2689 711 653 120 2052 2610 2534 81 1680 1543 1704 1111 1873 2812 390 1635 1655 2773 1472 1831 504 1050 1715 2236 1692 2774 2053 1099 1967 602 872 643 2764 2693 2059 2799 367 2144 1314
000618.jpg,197 2439 712 1045 1663 1993 1782 2767 463 2836 947 1417 2840 1381 1658 1544 2050 2241 1870 1422 900 1369 2130 1489 2649 1617 1328 1444 2289 26 1437 550 1710 925 2628 735 440 348 480 445 169 1054 260 1029 2832 179 1552 433 1218 1486 1102 2790 2312 1934 2454 559 134 1679 1701 2375 860 1656 1468 312 1407 1644 1624 1926 2826 2397 1307 645 2011 2424 2528 2419 1840 943 489 2817 188 817 563 1649 2082 1253 2133 904 2084 2837 2501 2574 1261 1796 59 1545 85 1319 1146 2044
000619.jpg,2281 2288 230 564 1818 2495 1180 39 1357 926 76 1106 1786 1996 777 1091 751 2224 1559 2114 1257 989 1971 2000 2785 1836 2555 834 1476 397 55 1727 1714 1593 728 1538 1856 1713 2058 940 2176 2390 2737 2239 2111 327 2073 683 1434 1749 2324 88 2489 1451 2132 1846 95 2493 1529 946 1914 1116 2202 1004 1343 744 2744 2641 2699 2554 1108 2118 2303 807 1523 1194 2745 596 37 1950 1483 1304 2760 2791 1841 541 2441 2086 198 1685 993 42 1986 1733 2112 1057 907 362 1641 2497
000620.jpg,1146 2389 59 1545 4 626 1737 1202 2082 2367 1752 1799 1386 2477 188 2270 826 987 518 312 2832 556 2501 1934 611 547 283 85 1405 950 266 635 1319 1102 2300 1656 2528 2411 943 2790 2044 613 2069 1926 221 1624 1644 817 1407 2556 2817 2631 2312 2397 1316 480 260 1468 904 2419 345 2574 2826 2424 559 2375 900 978 996 2208 1491 1870 2530 1253 348 1437 769 925 134 550 2652 1172 197 2692 2084 2289 2148 970 1630 524 489 1029 1428 977 1417 1486 2649 179 463 2439
000621.jpg,1132 1588 121 536 2090 193 569 988 36 1431 1268 340 332 1699 2117 866 733 142 1492 2078 802 555 979 2668 1256 2333 1393 2743 429 1890 2029 2227 1886 1053 2384 1562 1553 1430 213 1236 554 289 1888 1033 2786 199 500 176 2217 868 432 878 2380 2267 21 427 901 1398 2451 1793 2108 681 2415 417 680 2408 1686 1499 1449 707 1418 886 1065 62 361 1478 597 1728 91 1228 424 1038 2568 29 1945 2533 232 1910 2827 24 520 119 1719 2224 302 2566 1785 292 1533 568
000622.jpg,687 1982 2844 264 299 226 667 2455 1589 2797 2269 1735 1122 2371 2484 428 90 2189 2139 2833 1814 352 1925 2731 403 2092 837 741 1619 1815 1159 2063 879 891 1009 1863 2576 2403 1549 2473 2776 1338 2460 557 2138 2412 1539 573 537 17 2255 2175 127 2094 317 1238 2811 1421 1291 2266 2710 846 2835 2614 472 600 160 1078 1509 405 1698 1862 2339 1530 280 1571 1242 2338 210 888 2595 57 267 2418 642 867 195 2662 2100 262 2740 1580 1607 1807 2738 1341 1295 1618 577 2125
000623.jpg,1371 1113 2263 1525 2152 2502 2141 2572 214 2623 1280 2841 851 1661 327 1139 2348 1602 957 1953 1605 106 1866 629 2751 2404 1171 2109 2678 1865 22 609 621 1960 2464 1889 1214 1032 2567 38 1659 744 1084 2401 40 2612 509 592 96 1738 1632 1766 2522 183 2725 171 2726 1927 2457 2056 189 84 2448 1064 941 1144 1365 844 1364 45 924 2162 894 1397 1251 2153 2768 420 2060 2203 510 2216 2554 1434 1744 2182 2112 2521 1004 940 198 149 954 2760 23 1768 270 419 1283 1488
000624.jpg,835 502 903 1608 65 1254 1512 768 1107 990 297 2276 1340 103 284 1323 1310 684 250 2388 1235 1720 1186 1821 688 1908 1975 2601 2471 578 2314 1413 2624 1391 1845 848 126 1830 931 702 1767 1114 967 1804 2612 2401 2087 870 2615 522 1945 2571 1834 1265 2024 2116 1013 205 1448 2196 935 232 2766 1907 2566 2425 2015 881 1065 2573 844 1336 2579 1298 951 2143 461 506 1458 789 1431 886 774 1936 2457 1672 5 1178 2079 2661 2000 1418 2006 2492 1286 338 2818 520 2160 672
000625.jpg,1017 1290 2049 2282 2093 2064 631 607 921 1518 2596 1879 530 1604 2796 451 1301 446 1058 2140 1981 984 1237 1613 1567 2392 394 1909 662 1179 908 2491 227 1695 2682 2252 1977 2328 1853 1000 2782 1579 916 598 271 2792 778 639 2462 487 116 542 998 1578 841 887 196 382 2259 9 444 2257 1725 1396 1408 1739 2843 660 1942 1681 710 2499 368 337 1606 1677 2741 2042 945 2334 526 54 50 1063 1742 2440 948 1508 1614 1002 952 2719 864 742 360 1673 1800 1893 1769 1639
000626.jpg,2702 1980 2315 2685 269 277 767 1548 1443 1557 889 1833 1938 1747 2622 2686 211 1390 2757 2496 1759 315 1460 369 2532 1165 2302 1989 2510 431 191 2 2663 2015 1252 1091 2818 398 1073 951 1401 830 2276 18 1286 2478 2098 1834 1996 2116 2108 506 832 1412 1535 1593 496 1013 2160 2281 1844 2079 870 835 16 1914 1346 1767 44 73 2476 926 1266 1364 1450 777 2598 1413 380 2525 291 959 70 2746 644 1732 2258 856 2386 1820 713 1047 2492 2785 1131 2442 2275 2106 762 2230
000627.jpg,2362 2512 1504 850 2218 222 1436 1933 2355 1790 1305 836 935 2691 2645 2071 2096 1321 2750 1098 2156 755 2432 2450 1911 1736 2342 1709 1638 2201 1806 897 1052 1267 477 1387 2420 399 1023 2074 461 2587 73 1559 437 272 1599 1106 1222 2055 560 1510 177 2122 141 1957 1628 15 2163 1420 831 2214 1145 1085 208 783 384 2463 2679 1976 103 380 981 2469 1364 2829 1903 1323 2831 2154 409 2401 896 2107 1163 1230 1233 621 680 2318 2705 1785 215 99 1225 1288 731 738 1451 1251
000628.jpg,816 1085 1903 177 2122 2829 1163 2679 2452 1688 1155 1808 2274 1404 1415 1100 2163 1089 72 453 174 1233 460 981 437 141 1872 380 2055 2775 401 1628 164 760 2074 1784 1145 1599 2587 399 2009 1023 73 2722 208 595 172 2636 2577 477 694 156 612 1241 599 1510 1621 589 461 727 2446 823 2161 1047 1175 485 1951 2642 2537 1976 1306 1361 1430 1451 144 2362 954 2542 1553 1798 783 222 1717 1006 1605 1305 850 949 658 1685 2003 2000 666 121 2827 979 2112 940 2502 500
000629.jpg,1532 2479 152 849 1708 2819 2099 671 330 1741 2674 354 458 313 696 1339 734 2716 847 2500 2028 2552 2742 2814 2283 532 28 1896 238 1827 1956 1563 972 587 505 523 175 2181 504 2250 2119 2681 2365 92 2191 1376 1704 81 2557 2370 1335 2527 2534 705 2689 772 503 711 2322 120 633 261 1746 1680 344 2144 2610 2597 2592 1650 391 2052 1216 2193 999 1135 2698 2806 1314 726 2228 2199 2212 1327 1273 2059 2822 2236 1475 2693 1955 2799 2715 390 649 1543 2265 1111 108 1635
000630.jpg,1039 89 1730 1378 452 1022 467 2687 1026 389 108 758 1929 2765 840 2806 628 1831 295 1275 1789 1008 2301 2634 1220 2505 2465 131 484 2285 268 464 2407 1706 1503 1662 2062 753 2398 363 1655 1912 2236 2059 999 478 241 927 501 643 331 2429 1048 2611 726 782 495 786 2142 1018 1273 1475 1843 2244 1923 2632 1297 1024 788 129 138 780 936 1062 125 2698 471 402 1932 1875 1124 1568 290 534 324 1692 655 314 53 2467 1011 1438 430 2531 456 1465 1037 1097 2053 806
000631.jpg,215 341 364 737 2040 436 101 251 2381 1900 989 1389 803 545 374 1427 2540 1115 2546 1883 2759 572 328 1230 2579 2504 766 2644 1971 581 1353 962 1683 2114 529 1394 304 1898 2238 2178 395 1257 2277 1798 1106 1361 789 2113 407 240 2066 1213 1801 1300 2784 1559 483 1451 2242 1786 1334 1175 1951 485 589 1306 2323 2054 727 2000 658 714 2787 898 293 1093 1091 926 646 76 1357 1558 614 1137 2495 1818 1207 1087 1180 751 1928 564 2756 1166 2072 2409 39 2288 1231 754
000632.jpg,204 2741 2135 1212 899 1606 2842 137 116 2766 1463 1935 2558 1944 97 2041 2305 1547 1134 246 2068 1067 1055 2728 2511 725 2825 165 447 2294 2207 2435 350 79 1056 2813 1874 494 722 2248 2057 1223 686 1986 2736 657 677 1940 692 2580 1130 2665 2291 2382 1677 682 2506 647 1825 790 1464 1899 1771 574 2438 1841 2625 1126 362 1937 2719 1076 2258 135 558 1892 2683 2037 598 2295 2708 1998 2292 67 1408 1185 1777 864 2051 2319 1725 1962 1639 388 444 146 274 2393 1088 2639
000633.jpg,1179 2792 1579 1583 2491 945 567 118 2328 1791 841 998 1578 1977 9 2682 2252 1470 639 2065 1651 919 1354 227 887 517 382 2711 1920 2778 916 808 1769 1667 952 778 1063 2723 1531 114 1854 982 2729 930 2647 928 1970 1657 1770 748 2225 2042 763 2575 1851 819 2379 1585 1819 1864 2462 2146 764 196 2018 1289 1493 2067 2008 2349 1942 1625 2284 864 2274 1808 719 2499 526 271 1415 2334 190 2165 994 869 1639 2103 910 585 608 1555 1997 98 1688 2081 914 174 662 948
000634.jpg,1982 687 1925 667 1619 879 2460 557 299 2371 2844 2139 2455 2731 264 837 1589 428 2797 226 1815 1735 1159 2092 2548 403 1814 1238 160 2363 1078 352 1863 2269 2833 2484 1009 2094 1291 1122 2576 1375 2063 1530 891 2776 1549 1421 267 1338 846 234 1341 2412 1520 2403 2189 642 90 2662 1607 262 573 1 1792 307 888 147 689 1539 17 2138 857 2385 1480 570 2607 537 342 2727 2125 2100 57 913 1660 2039 2399 1930 2835 2356 1828 1373 1816 1086 814 1665 1887 2758 2595 2175
000635.jpg,837 1009 2455 2484 264 1815 1159 2092 1735 2139 2833 299 403 2844 2063 667 2371 2269 1814 428 1982 2776 90 1619 1589 2731 2797 2189 2576 1122 1549 1925 741 17 1863 2385 262 573 352 913 888 2771 234 641 1338 879 1291 1994 991 2412 1238 1295 2717 2138 891 642 846 2273 2338 226 1539 1698 1373 1807 1622 2473 1824 2223 687 2486 2635 2100 2158 2616 267 46 472 2460 2215 892 867 2185 2834 223 668 1571 127 2253 2607 1480 1081 1660 2255 1540 2399 1409 195 656 1572 1071
000636.jpg,732 620 181 1797 759 2043 2171 2643 2666 1702 650 2816 2810 546 1260 1188 1697 807 1891 285 1221 1882 1318 6 475 922 1541 1916 2346 582 2807 1723 1083 1536 820 636 2425 2476 2167 2278 956 1456 1858 411 1603 1763 1865 661 2268 752 2761 1288 42 1285 829 2048 334 750 1768 468 229 980 2168 1283 1703 1322 45 236 298 2056 1108 2522 1284 1251 2608 1806 2313 1090 459 270 973 2706 644 2442 1911 2823 1884 2118 2401 1364 2362 1570 1458 1363 1064 2705 1908 2760 2831 2512
000637.jpg,727 658 589 1175 485 1951 1306 2113 304 2178 1213 2066 2787 1798 2546 1394 1389 293 1361 646 2054 714 1230 1558 572 2072 1087 898 1115 1207 962 614 1334 1801 2000 853 1312 1451 395 1137 529 1559 2022 2323 1683 1333 1785 76 1300 783 2179 1166 1928 1738 2644 1106 420 2768 1184 1605 2409 1502 2203 2277 949 1027 989 1723 1685 907 2810 594 2346 2521 2149 581 1397 2043 2114 2152 2494 148 1228 75 954 1561 327 803 2666 1093 117 745 1257 650 215 1891 2656 510 2242 322
000638.jpg,1339 1896 1376 2674 734 847 152 1741 458 1532 313 2191 2099 2500 2283 28 2819 505 2479 523 849 1827 1563 2181 1708 587 175 330 972 238 2552 354 671 2681 2028 696 1335 2228 2742 532 1956 2250 2177 2716 2119 2814 92 503 1704 2557 2527 2365 705 711 2610 2370 772 653 2193 2597 504 1746 633 1655 1706 1680 2062 1647 2534 2322 2592 464 2693 2059 643 999 2052 2236 1831 726 1240 1568 1475 120 261 1472 2301 2343 331 1543 1730 1099 1972 2689 1314 344 2812 721 806 1912
000639.jpg,723 539 1204 247 1359 2585 303 1772 2582 450 153 1121 206 1997 343 2485 1751 1403 862 2603 1633 871 2718 512 776 2026 2008 764 98 1289 276 719 353 2018 592 2284 2086 952 2310 566 1769 2225 1245 982 40 1528 1368 1578 1659 2488 1066 2379 851 1354 2146 2303 2761 1566 1226 2453 930 1600 763 713 479 869 1835 1726 807 998 1211 1047 738 281 1260 1128 2487 492 388 919 691 861 2678 1645 1631 2551 1308 1074 2658 35 528 698 1154 1198 42 2459 783 1205 2627 853
000640.jpg,2066 2113 1213 1300 2178 304 2546 1115 1394 1995 1277 2058 834 1389 1749 483 1785 1727 2555 761 1672 803 1175 485 1883 2784 898 1795 1161 1353 2437 1798 789 1513 240 1773 1306 1228 1361 2787 1951 2277 251 727 1847 2493 2249 545 1801 465 395 1087 1558 2317 293 658 1044 572 529 714 1230 1178 589 16 1559 1106 2700 2579 1334 2054 341 1928 2644 1451 374 1166 2759 215 1971 1257 2022 853 1990 962 2072 2504 989 2409 44 2238 614 2224 1483 328 2497 1207 1333 76 766 1427
000641.jpg,1255 123 882 986 1757 2150 1477 698 1049 932 2380 1236 955 2267 1521 839 2366 750 1038 1430 820 1553 1149 743 1657 901 1492 928 2533 29 292 473 2078 427 286 429 1256 2493 2778 2673 2583 2090 1616 2320 690 1699 1945 2423 1041 536 981 334 796 232 2227 1233 1603 2828 754 672 289 1431 119 1754 2021 930 2172 424 933 1537 2421 520 893 432 302 1268 2668 2408 989 1474 121 802 142 1728 2333 714 2464 2117 745 36 707 529 1949 1541 909 1889 21 1849 1120 1053
000642.jpg,152 2819 849 313 1532 458 734 2500 2283 1339 2479 1741 2552 847 1896 2674 523 28 1563 1827 505 175 2181 587 2716 238 2099 1708 2681 2250 2119 354 330 671 504 972 2365 2191 1376 696 2742 2028 2370 705 2689 532 2814 2534 92 1704 81 1335 1956 2527 2557 711 503 2322 1746 772 633 1680 120 2144 344 2597 2193 1216 391 2610 2244 2059 1650 1756 2592 261 390 1715 1831 2693 1317 999 1635 1543 1655 2228 2799 2052 1135 1465 2199 2773 2280 780 2173 2806 838 1852 192 1314
000643.jpg,2317 2437 1672 16 761 2249 44 1990 2700 832 1483 1178 1469 1447 376 1836 1749 1995 47 2202 2745 1914 1476 1713 1838 88 2785 1224 2190 1116 1714 834 1535 2129 1727 983 683 2523 2555 576 34 1856 1044 2441 2180 2058 1176 2422 95 2827 2111 2547 1277 824 1425 132 596 777 695 310 1996 676 1693 1346 1449 617 1865 1462 1743 940 2149 1304 1103 1073 1593 230 198 1523 2216 2497 60 1620 1091 75 1228 830 1343 1004 2656 2831 1732 1364 905 1251 2112 783 2016 2522 2117 1064
000644.jpg,849 2819 152 458 1532 1896 2500 2479 1339 734 313 2674 2681 523 1376 2552 2283 175 2099 587 505 2181 1741 2716 1827 28 847 1563 2191 330 1708 238 2365 354 2119 2527 2742 2250 2177 671 972 2814 2028 705 696 532 1543 1335 2689 120 872 2534 81 2370 504 2228 1956 1873 2557 92 2610 653 1704 1917 1746 2199 2144 261 1109 2322 649 1781 633 2794 2017 2193 408 296 2799 890 2592 2773 1099 2025 1164 2306 192 2597 1314 2052 2669 1282 31 503 2173 1822 2789 2164 1650 1135
000645.jpg,485 1175 1306 1951 727 589 658 2787 293 646 1798 2054 304 2113 2066 2178 1213 1361 962 1394 714 2546 1207 2072 1558 1230 1087 2323 1334 572 395 898 853 1115 614 2644 76 1312 529 1137 1451 1427 1928 1389 1559 1166 1801 251 2540 1883 803 1300 2409 2784 374 2000 1257 2224 634 545 483 895 1683 93 215 2149 1597 436 1149 1785 1106 2430 2143 2656 1971 426 24 1786 954 240 1333 2277 2533 286 1197 2172 2320 1353 2673 101 2324 2759 1590 581 1685 2024 989 789 29 2493
000646.jpg,2025 2669 225 192 61 1780 207 2396 1787 2794 1781 2280 2173 209 838 2164 139 239 245 654 2091 1127 408 525 1282 49 653 356 1506 296 290 1274 2232 418 1141 383 27 52 1472 2311 2017 1481 2693 2531 2070 2470 1505 1216 1248 2053 1124 1011 1435 1662 1140 625 806 1356 534 216 1438 1475 2429 471 1465 2565 679 1598 1024 2285 53 2244 113 1918 2690 1961 363 786 936 1924 780 449 1037 1967 1635 858 402 390 2765 2467 1715 2059 346 2137 455 2236 452 2557 252 478
000647.jpg,1272 1910 640 2210 13 2520 680 2671 2421 2578 536 828 2083 1337 340 1256 1038 332 1949 2384 1431 569 1562 36 1754 571 2217 1132 2451 2090 1553 1041 2227 1430 1699 1065 2668 2387 2108 193 377 1588 1236 121 1418 2380 2117 2267 597 979 21 2570 1793 988 2786 865 289 1686 417 886 176 733 1890 1616 1764 500 2415 1033 1886 2335 1398 40 2839 672 729 1393 2828 743 62 370 933 2795 1266 698 2423 1888 1668 2115 2568 1329 1189 2602 1399 2808 851 866 1449 244 323 2743
000648.jpg,629 2677 941 1865 1949 281 1144 909 84 2627 474 2346 594 2152 1605 2161 1916 2502 270 2521 1723 1283 475 510 2494 148 1738 214 1891 420 2421 1397 1768 396 1488 2179 1184 851 609 1766 1502 2761 2542 198 75 940 1960 1371 1602 2203 2497 2810 1987 1798 40 853 1880 1041 2048 2768 2726 2030 2816 1004 1038 1591 2666 1334 1108 907 1113 1712 2249 481 149 1256 1802 954 1760 2162 783 76 1603 2132 2043 327 2348 1553 744 37 1628 650 1685 1979 183 117 244 953 2404 1166
000649.jpg,2045 2023 1584 2755 747 770 258 1320 1796 2545 64 2034 1640 562 2134 1416 704 577 51 305 463 1660 100 48 2607 1029 1815 307 155 715 1948 2481 403 2721 2633 2650 665 26 1270 439 1009 1586 2100 2246 414 1514 497 2635 1096 2735 2781 837 1258 319 1489 1939 867 651 1362 1071 860 2385 1446 892 2215 2158 1294 1701 161 817 2513 1837 1159 2332 1587 846 2776 638 1897 1191 1710 1542 573 77 2123 718 2817 1569 992 1816 1698 1319 421 1190 2767 700 1571 345 17 2300
000650.jpg,853 2072 1087 898 1207 1558 714 614 485 1175 1928 589 727 1306 658 1166 1951 1197 1137 2409 2113 1798 2066 1213 895 2787 465 304 93 2178 2493 1590 2054 2324 293 646 2224 540 76 634 1597 2546 1257 1394 1300 24 1631 2143 1312 426 1334 1785 1561 1230 1361 2024 962 291 2430 803 1689 1115 1535 2323 1346 2542 1389 572 1559 617 1593 1106 1683 676 954 1222 2242 2638 560 1206 2107 1685 1322 2463 1357 1451 739 272 1957 2129 409 15 2149 1333 1236 831 1602 905 1786 2656
000651.jpg,1105 243 1396 355 1554 1370 813 2257 1331 2660 2696 1673 1614 908 2458 1495 1384 966 1742 2782 660 54 50 2369 710 1893 542 2259 1739 360 1031 1906 607 2600 2664 2803 1853 487 337 1705 942 2049 1287 1017 1000 1681 1565 1695 2282 530 791 921 631 1290 2085 1508 392 1676 2647 2093 2064 1237 2336 825 301 515 1518 320 2645 2543 1567 2157 2598 929 1002 1301 1604 459 836 975 451 446 1098 1985 2426 2361 2736 984 765 2305 70 2136 394 1962 1770 2292 2096 595 343 2829
000652.jpg,1371 2152 2502 1113 2263 1525 214 2141 2623 2841 1280 2572 1605 2348 1661 1139 327 106 1602 851 629 1953 1866 1171 1865 1032 2567 1927 96 941 1632 2751 2678 1214 189 2109 894 22 1144 2060 2554 84 1084 2153 419 2401 621 609 924 2768 1738 2705 1397 420 1960 183 1283 171 1365 744 1251 1364 270 2726 957 2831 2677 2203 1288 1184 1064 2612 2522 510 38 2162 198 2030 1659 592 117 2056 2182 1703 2760 953 2521 2216 40 481 2421 75 2497 1004 2048 1768 1766 148 474 2404
000653.jpg,1911 2355 2420 2318 1267 2691 1682 1200 1387 1479 796 2706 320 850 690 99 1474 745 1537 325 1426 2535 222 1504 2218 1436 1006 2362 1305 1671 23 1080 8 2156 2512 1933 73 2366 1676 2593 1628 1570 1638 1098 2449 459 208 2587 1736 935 1380 897 2074 1872 836 380 2096 755 1621 1599 443 2147 437 1308 1233 981 973 1090 1052 760 2494 2071 327 1082 1790 1510 1610 1015 2394 298 2645 595 1801 586 411 1285 1061 1256 448 37 36 2128 2671 2163 80 2203 980 1806 2452 453
000654.jpg,1430 2267 1553 2380 1236 1256 1699 1886 2217 1272 680 2117 36 1910 569 2415 500 427 1431 2421 2671 2387 1793 733 2210 13 2423 193 2568 536 340 2520 2668 1038 743 901 332 988 121 640 1041 2469 1499 1949 1562 2227 1754 2578 866 979 2384 2126 1628 2786 2108 828 1890 1492 1616 370 2090 1521 176 142 1449 1888 2249 1329 731 289 1668 1176 73 893 2115 2828 933 292 2083 2451 21 1374 2120 377 2335 323 2602 672 554 1189 199 56 568 954 2074 479 738 2038 853 2031
000655.jpg,2554 419 894 2153 189 1632 1927 2060 96 1032 106 481 1661 2313 815 2823 1987 1288 2726 1703 2216 1363 167 20 84 2109 2567 2162 1286 2425 1015 1858 396 1744 1560 454 1844 941 744 592 333 2627 1880 183 959 122 1749 1736 2118 565 1610 506 1638 2450 468 2573 1283 834 1171 1084 38 2222 2058 236 2760 1456 1525 1064 2335 1205 1593 2249 1284 2751 1217 1960 1108 1865 1995 171 980 1836 1371 2437 1673 2257 2030 2608 2522 2784 45 205 1263 2263 22 37 115 2261 2245 1098
000656.jpg,2509 1810 67 1075 1001 2583 2121 2350 202 249 627 1012 1406 1944 1055 2057 1195 404 1894 2558 2825 899 2766 1606 2728 742 1212 2741 725 2135 1609 1707 165 137 1594 1869 338 1088 1516 232 2207 902 499 447 1517 937 2736 917 1945 2842 2033 2809 1223 204 494 2435 2042 709 2684 818 2291 2733 388 1874 2294 2020 2254 2757 378 2233 538 32 574 187 1169 2651 1935 730 2248 843 135 2813 1192 1626 1463 2780 1759 2638 2507 520 647 1910 1466 1382 2106 558 2447 1779 116 359
000657.jpg,196 353 776 98 1625 869 2474 585 2067 233 2256 1643 1963 2361 1864 1819 1042 701 2103 2462 2081 2353 276 910 2334 809 1402 781 1179 1977 2491 2027 1791 2328 1578 2434 1579 69 2536 2101 9 639 282 118 2792 1246 945 841 2643 2065 2252 1574 2723 546 66 1260 825 952 2157 759 2284 522 1531 1667 2264 778 227 1221 2682 1702 1344 1808 1970 285 919 956 1651 2667 922 381 1470 2168 929 181 114 2582 764 916 382 1289 1583 1354 732 2778 2274 998 1359 664 887 567
000658.jpg,979 2227 2786 340 2668 176 1562 2108 332 1393 2384 2743 1065 1033 289 1890 554 1492 1686 1888 142 1431 1418 868 417 886 2451 802 597 555 2029 429 21 866 2078 571 536 36 1398 62 199 361 733 2117 1053 878 432 1449 2333 1588 681 988 680 121 1132 569 1268 500 1699 893 302 292 78 193 1256 1499 2090 2217 1553 1430 1886 2827 1535 2441 310 2190 1343 1236 1714 983 940 427 832 2267 2202 2242 695 1693 1176 2112 520 272 1793 2224 2380 2522 1957 609 1203 2785
000659.jpg,2649 1870 925 348 26 1369 2454 480 2769 2714 550 179 663 2538 1422 712 1417 2375 1489 421 1710 2130 860 2581 689 463 1930 445 2004 1193 570 1701 197 1045 2840 1792 1190 2123 2574 2050 1624 2044 489 260 2125 2817 1782 440 524 1758 2039 1358 1934 1665 817 2501 1737 1658 2528 2411 518 188 704 2084 1381 1840 1319 1146 1102 2241 1552 1617 1644 1253 1656 2011 2424 2289 1029 1551 611 2790 970 756 1468 2838 2332 559 1437 1788 746 2312 626 2439 645 2356 2477 4 2397 2832
000660.jpg,2063 403 1159 1815 2484 2455 837 1009 264 17 1735 2138 573 667 1338 1982 846 127 317 428 472 2371 2412 600 226 2255 90 1925 1619 642 299 1814 1122 352 2092 1863 2100 2833 1589 2811 2139 2486 1060 2189 2269 2797 867 2844 2731 2266 2339 2403 879 1622 1571 687 2776 537 1698 2094 1816 1421 2607 1828 1530 2431 2633 2614 2835 1078 2576 2648 1660 1549 814 2338 405 1607 195 1964 160 1480 385 891 1366 1341 577 1803 2385 234 1994 888 511 2738 1025 2820 307 2223 349 913
000661.jpg,2229 294 1375 704 1575 1724 1034 1664 746 77 1234 2590 2461 857 421 801 2456 210 57 1792 1457 885 1350 1887 1392 1276 1776 2039 263 493 2418 1551 1043 1861 2356 2174 2332 1930 2659 793 1229 280 2739 720 706 1580 1877 228 656 570 1859 1542 1072 2327 1191 1358 1665 689 756 2321 2125 2004 2374 2123 1758 548 2186 2672 2330 2581 2548 797 976 2838 1193 422 1947 1765 242 366 2206 158 438 2694 2662 1292 133 82 934 2460 557 130 1279 1086 287 798 2198 1377 2187 884
000662.jpg,2363 2460 557 2185 879 1694 2584 1509 1411 143 1129 1242 2710 1684 795 2529 2298 2468 1440 386 267 1619 2444 1445 1925 2749 2517 262 30 1059 1373 958 2175 2740 685 787 273 1215 1629 1807 810 718 342 1811 2271 203 891 1863 2013 888 969 1524 638 1803 1982 154 2844 352 1295 1862 169 1238 2524 2837 2104 2595 1514 1360 71 2050 1270 1167 1544 735 2801 2481 147 1291 1623 1630 127 1054 2213 1617 299 2771 667 2707 551 2130 1355 2389 2840 1294 2340 2619 2011 1679 1539 1444
000663.jpg,1385 1779 773 1992 2145 406 2763 519 2102 1526 2516 1325 1007 1969 1511 1442 1894 730 1707 191 2302 1466 1138 186 811 1731 742 1871 338 112 2613 1645 1800 257 2680 1165 315 881 410 535 2609 365 2377 435 2095 1527 1079 870 1581 1020 605 610 1309 1040 288 1419 2830 301 709 2560 1068 1573 678 2746 1783 248 544 648 1865 253 2341 1759 1968 1311 2785 2290 855 664 11 821 1567 1424 240 1178 1850 2331 1876 593 1005 2523 2251 351 2005 2417 1243 1721 2757 1225 1342 1224
000664.jpg,540 1093 2242 407 1561 2441 617 1346 1856 2827 2238 2111 310 1914 1535 766 2785 777 1898 1996 1091 783 949 1683 983 328 2202 1343 1693 2745 2190 581 2114 1631 2542 2737 95 291 940 2656 1176 1087 2504 832 1593 898 2112 1476 695 182 1298 596 2016 2149 2615 1448 1004 1785 2413 2759 853 230 88 132 1558 1434 1019 24 576 341 789 2072 558 149 1713 979 1714 2579 2493 1161 954 1773 803 1103 465 634 737 2422 2000 1760 2295 63 198 1207 1116 2523 1749 1743 1689 2227
000665.jpg,70 1125 1753 2077 2777 2478 2772 2561 2510 1839 431 1035 1834 2015 1252 2818 951 18 1842 601 2 2663 1759 2161 315 2757 2622 1557 1390 1165 191 502 2471 395 1951 2302 990 1306 284 2624 297 522 2601 1389 1845 1908 2504 962 581 101 2685 1235 727 485 126 1683 589 702 848 1230 103 436 658 1533 853 1340 2546 364 1137 767 2000 1175 1980 461 1115 2644 1213 2113 2759 737 1798 714 1107 277 1130 1976 1830 1559 578 614 2540 1323 165 1608 529 2276 304 2178 215 1801
000666.jpg,2045 1584 2023 2755 747 463 1701 770 258 860 1369 26 817 1489 1417 2419 1796 197 2574 348 2817 1926 188 2034 559 1870 712 1307 925 1208 1710 1486 1656 2454 1319 2397 1552 1624 1045 480 1029 547 2545 1102 2300 1362 2790 85 638 1514 892 659 2769 1190 1948 260 1386 433 611 1416 2649 2724 2424 787 134 2011 2076 2375 1983 1934 155 1096 900 64 2544 1658 305 606 550 259 1617 562 2481 943 2832 2501 1782 1644 1848 1428 2082 2721 2836 2344 1437 51 1468 2088 100 440
000667.jpg,757 1533 1728 1231 754 2756 2533 2021 213 2320 29 2172 1149 286 2673 2408 218 707 1132 558 1588 135 2295 2224 2413 761 1945 293 1478 424 119 536 80 1849 520 184 1984 1722 1296 2354 121 232 1383 1867 2566 2078 1529 1448 1269 2090 1733 2638 19 672 783 2464 2828 1889 473 988 609 2390 2014 332 2615 1766 569 1033 1431 2404 2384 1719 540 1661 2227 2725 739 123 429 1562 289 2472 36 1312 2668 1668 388 1061 2024 1374 417 1038 1553 2744 375 142 1474 1890 802 1492
000668.jpg,2224 76 1149 2756 293 754 2320 2673 286 1231 2495 2021 1728 853 2172 2533 2667 882 739 2221 137 598 2387 29 820 1212 1557 1707 426 2423 1541 123 743 358 1944 889 714 2428 2031 249 1818 1597 1499 1894 218 986 1928 757 658 895 926 2015 146 742 2686 2225 589 792 662 1207 1558 745 93 1747 2568 2683 1670 339 341 1390 338 1199 677 1252 364 1833 1070 2583 1981 1637 646 1801 436 2539 446 1567 574 2622 1759 1980 1443 1346 97 1810 2120 763 750 1175 2509 67
000669.jpg,1349 1572 969 234 913 2399 2340 1 1540 1520 1025 2727 1618 2226 697 2834 46 203 307 551 2339 1629 2635 223 2175 2215 1242 892 342 1059 2158 154 1615 1571 1095 1539 195 2524 1652 2223 1514 2517 2740 961 349 537 1215 511 1807 1698 2273 668 2444 573 2710 1264 2717 1524 2541 2709 127 1994 2253 1862 912 718 2338 1824 352 17 2104 642 273 1409 262 41 267 1509 687 958 2662 846 1295 888 2385 1238 2486 798 991 1803 2595 2100 2298 1684 2607 2473 2731 2633 1947 2738
000670.jpg,122 2313 1610 1560 1858 1284 1844 1015 1286 506 1456 807 468 2118 448 565 980 973 1884 2425 37 1570 1363 229 1703 1288 388 163 411 1285 1987 815 1637 481 1556 2216 1260 959 2060 42 1188 1199 744 750 334 1032 298 1061 690 1537 1603 2823 2706 1153 372 1597 2153 2161 1761 1865 459 23 1082 2476 682 1308 454 189 1080 1766 856 1980 236 419 1221 184 1195 2235 1088 1387 1075 2257 2387 2608 285 820 2638 894 866 1478 425 1632 745 36 2351 1006 426 1064 2598 2760
000671.jpg,1083 6 582 1221 285 546 1260 1702 2643 759 807 181 620 732 1797 1697 2807 1858 1188 1318 922 2816 1536 636 2278 2171 1891 2043 1723 752 661 2194 2313 468 2261 2810 2666 2476 1541 1865 1456 1603 2425 2522 475 1856 2111 650 2056 1914 2168 1153 45 1251 1064 2346 411 1763 2048 669 2441 476 2202 1227 2745 2118 1364 829 1535 1882 88 1284 1476 2401 2760 2167 1108 820 2608 462 777 644 1761 1713 2733 37 1846 2442 973 2203 2785 96 1916 2827 2489 1283 905 1176 148 1610
000672.jpg,828 640 377 2520 2210 1272 2578 13 2671 2629 2798 2539 1429 2120 2031 1070 2428 729 865 672 1337 933 1910 2828 2221 2083 964 1668 2038 2602 1399 1374 2640 1764 2335 2570 2808 1952 1249 1266 358 955 2421 2795 2839 1949 2047 1521 1329 1041 2032 370 1754 2448 45 698 1038 1189 2401 2056 323 2522 1425 1364 2720 621 644 2182 1596 2760 2562 2571 2831 2608 2718 56 183 2442 766 1064 2278 571 2238 1049 171 1536 2678 2445 1318 1251 2612 236 300 2705 1880 328 2464 2725 2141 1726
000673.jpg,2669 2025 225 192 61 1780 207 2396 1787 2794 1781 2280 2173 209 838 139 2164 239 245 654 2091 1127 408 525 1282 49 356 296 1506 653 1274 2232 1141 418 290 383 52 27 2311 1472 2017 1481 2693 2470 2070 1505 1248 1435 1011 2053 2531 625 1124 1356 1216 806 679 1465 1662 534 1140 216 1475 2429 1598 113 2244 1438 2565 471 780 53 363 786 1918 1635 2137 1967 2690 1024 1924 1961 2285 390 449 2236 936 1715 858 2059 455 1037 402 452 999 2467 346 484 331 252
000674.jpg,1879 1290 2049 1017 2064 2282 2093 921 631 1518 2596 2140 394 1301 1604 451 530 2796 1058 607 1567 984 1237 2392 1981 446 1906 1613 1002 1909 1978 2543 2357 1621 1119 908 662 2257 827 2042 400 1935 337 1463 1841 899 2041 1449 2661 2782 362 660 2085 1673 1331 1337 709 942 2259 1074 2573 542 1614 2609 852 243 2638 1962 97 710 2472 2696 2657 186 1087 2825 2190 1066 1089 1558 2201 473 1705 1865 1057 360 2798 211 2750 460 2262 2496 417 676 1984 1330 1460 2441 535 2741
000675.jpg,197 1993 900 1437 1663 1486 2767 1307 2836 712 2439 1782 1045 1617 559 463 2419 1208 260 1054 947 1381 1468 1328 2840 1552 2130 1444 2076 1489 134 674 2826 563 2241 906 1658 1710 1679 1544 445 169 2050 1417 2837 904 2424 1983 1422 2011 2312 1253 2707 1623 2397 1649 645 2515 489 735 2133 1369 2652 348 860 2628 2574 2084 1870 26 51 440 1701 1878 480 1029 2454 179 2649 978 433 1860 1123 2088 1261 259 925 769 2769 659 2375 1428 2544 1218 319 2289 550 1948 965 2082
000676.jpg,1891 1723 815 1987 1865 1603 481 941 807 84 2152 6 1605 1221 285 2502 1858 546 1260 582 1880 1284 122 1766 744 2816 609 1032 1702 2643 1188 1637 1456 1283 2346 2115 475 37 2404 2554 2313 2666 2521 189 244 2060 1015 650 163 1556 894 214 510 759 973 23 148 1916 2118 2171 2726 1927 1632 270 2841 844 106 2153 96 594 1659 1844 1610 1061 419 2203 2162 820 2194 411 2303 922 1488 468 1744 2351 750 1108 372 980 1083 420 1802 334 388 2627 327 454 1738 2043
000677.jpg,2769 348 925 26 1870 2649 1369 2454 480 2714 550 179 2538 663 1417 2375 1489 712 1710 860 1422 1701 1788 197 2130 433 2289 1045 463 769 2050 1895 2840 1656 1658 2817 1102 2439 2397 1934 1617 518 260 817 2241 188 1319 1840 1782 445 2650 2501 1146 2790 2826 440 1926 611 2574 943 489 1624 161 2836 1737 659 1544 1381 735 1552 1437 283 1253 2424 524 626 2832 2628 559 1752 59 1190 2044 1029 2082 970 2084 2528 2652 312 4 421 1328 1202 2011 1644 1545 2477 1468 900
000678.jpg,1146 1752 2389 59 1545 4 1202 2367 1799 626 518 1737 2082 2270 1386 950 312 987 2832 188 2556 85 2501 1934 826 2300 1102 2477 1405 1316 556 635 943 547 2790 1656 221 2044 611 1926 2631 1319 1624 283 1636 2069 1407 613 266 2411 2528 1644 480 2312 1840 817 1468 2817 2397 260 904 978 2419 2148 2424 1496 925 440 2574 2826 1870 2241 550 2628 348 900 2189 559 345 2439 1437 2652 2649 179 977 1428 970 524 1422 134 563 1045 2588 2714 2289 663 1491 1148 489 659
000679.jpg,959 2490 506 2425 2823 1642 1958 1844 1703 565 3 1288 2405 1286 1474 254 1560 873 229 745 2426 2706 325 2608 1985 171 2170 1363 483 2612 2216 1745 236 2760 8 765 1804 1806 521 1136 1996 2434 2401 2182 779 240 1671 1797 2342 42 2056 230 522 309 45 14 1364 2197 2784 1195 619 861 2667 1512 2096 935 328 777 1091 967 333 282 255 755 91 2388 66 32 1638 2617 2450 2276 2313 1883 2831 2793 1217 2733 2049 1353 2060 621 2756 2684 2445 693 1858 2235 684 1594
000680.jpg,197 1993 2767 900 1663 1437 1307 1486 1208 2836 1782 1617 1328 712 1045 463 947 1054 1381 2840 1444 2439 559 2130 2076 260 2419 1679 2707 2011 1468 2837 1489 1552 645 674 445 2241 906 2050 169 1623 1710 2424 1649 134 563 2515 1261 1983 2133 1658 1544 735 1422 2826 1417 904 259 1253 2312 860 1029 489 51 440 2397 2088 2544 319 1878 1123 1218 1860 1190 1701 2084 1948 1369 2652 2574 2454 965 179 348 26 2714 2628 1870 2649 480 2769 2287 433 2650 992 675 2753 769 978
000681.jpg,1466 730 338 2516 1526 1707 1511 1325 1442 2843 1969 406 2145 2102 257 1007 1779 1079 1992 112 1385 191 336 773 186 1871 2763 811 410 2394 1731 2730 544 2290 1894 519 1138 2377 2302 1068 2364 937 1311 1165 1005 248 2549 1498 1968 2788 742 1379 1424 709 870 365 749 1455 1794 1131 435 392 288 1527 1670 1243 1850 2341 881 1783 2746 2830 2609 2151 253 800 717 2299 1634 1454 1040 648 1966 1516 2560 2006 593 678 2613 1094 1573 1174 1581 1309 434 2219 94 605 1020 821
000682.jpg,751 1178 1836 2700 1714 1713 1116 2422 34 2523 1990 2129 676 832 1224 2180 683 47 2437 1838 1535 2785 1672 777 1914 2202 2745 1996 2249 1593 617 576 1346 1476 1785 2190 1091 1228 88 465 761 230 1449 499 2317 1856 2542 1357 1093 1176 2493 1561 983 1773 2242 1995 2441 1044 581 1073 1180 371 1732 2547 824 291 2114 407 2621 1847 2111 1513 2656 2680 1786 1690 1467 2827 695 1425 1581 76 834 2495 1120 1203 1222 1601 1957 1865 1020 2149 435 940 272 1300 1106 39 881 1257
000683.jpg,70 1125 1753 2478 2077 2772 2777 2561 2510 1839 431 1035 1834 2015 1252 18 1842 2818 951 601 2 2663 1759 2757 2622 315 1557 1390 2161 1165 2302 2624 191 522 1845 658 1951 1306 395 589 2686 727 848 502 485 1175 1833 2685 2471 364 962 2667 1559 702 1980 126 1798 1107 1230 2728 2315 990 1443 1938 297 2000 901 529 767 1533 2601 1801 284 2644 714 2656 1451 2504 989 461 101 1608 477 1902 1908 2113 1747 2636 572 1340 1511 1235 1389 436 1976 2787 1137 803 1786 1213
000684.jpg,2809 1473 12 1876 1721 682 627 1390 1406 2435 2057 2438 202 1439 1874 2657 2708 2660 574 2110 1012 249 67 2051 2569 1330 1592 2183 608 255 637 657 444 217 1055 2617 1606 2291 2757 598 368 677 2507 2598 1463 491 1223 494 1075 1810 2728 2622 1944 2445 2813 1759 2583 899 1557 2683 1725 1212 2741 647 137 1052 146 521 1433 1899 2704 1185 725 1879 1992 2526 519 2135 2427 315 274 2509 1904 1677 790 394 2712 1777 1639 686 1931 447 2089 1868 2499 2382 2093 204 662 1935
000685.jpg,2045 2023 1584 2755 747 770 258 1320 1796 2134 64 1416 2545 1660 1640 2607 562 704 577 2034 1815 403 2633 307 1939 51 305 1948 2481 1586 2385 715 48 837 1009 2781 867 319 100 2100 1294 1096 2158 497 1258 2721 1446 155 414 439 1572 665 2635 157 1270 2246 2776 463 913 1542 127 1029 1071 2215 2619 242 1191 1530 1159 161 1522 511 77 718 1229 185 1816 846 2650 2735 1078 133 651 2094 228 1615 2767 706 1698 573 2332 991 17 2771 386 2046 2654 1432 2717 756
000686.jpg,2394 105 1778 1946 416 883 11 144 490 2452 2417 2697 632 1419 673 2331 908 1170 2147 937 1200 2196 630 599 984 666 218 2600 2807 1119 2642 717 318 1002 1495 2458 2788 392 1498 42 1077 1006 1318 2537 678 2446 855 516 1966 2560 256 519 1945 1020 1133 301 757 644 1186 94 1005 1621 1729 499 1424 1911 2260 774 1968 99 1978 2543 2251 2292 1936 1040 19 174 80 2233 942 2712 636 729 1231 2519 749 765 1142 966 1309 1705 1243 593 1722 1219 1728 424 2453 2408
000687.jpg,589 1175 485 1306 727 1951 658 2787 646 293 1798 2054 304 2178 2113 1361 2066 1213 962 76 2323 1334 1558 1230 2546 1394 572 714 1087 1207 2072 395 1559 2644 614 898 853 1115 1451 1137 1928 2224 1312 1257 1166 529 1389 1106 2409 2000 1427 1801 803 2540 1786 1883 1971 895 251 1300 215 93 989 1197 436 483 1590 374 2784 1683 545 2277 2324 2495 286 1357 1180 634 465 1900 1785 39 2493 2172 713 1342 1898 341 2759 789 1149 2381 1353 2673 364 29 737 101 240 2533
000688.jpg,2660 1495 2458 243 1105 1396 1554 966 1370 355 813 1384 1331 942 2600 1705 1614 2257 1673 2085 908 2696 1742 2543 487 1676 337 1031 2369 54 1681 1119 660 360 1287 2259 1565 542 320 2803 710 1906 50 1893 1739 2782 2664 1853 1002 1566 80 2390 791 1529 1383 1296 1000 1033 2566 1239 1368 984 119 1978 1695 1231 1401 1567 2282 568 2384 424 1269 1867 2451 2227 1733 289 2743 631 21 1722 19 417 607 979 176 340 1508 1836 1533 886 2506 2668 2655 707 2744 597 1962 2464
000689.jpg,2363 2185 2584 1694 1129 143 2460 1440 386 1411 557 1684 2298 2517 2271 2529 879 958 718 1939 810 71 1360 787 1630 2844 2749 697 1619 30 2246 795 1514 2616 891 638 342 1445 1480 1059 273 1446 1294 1295 2481 888 262 1258 2595 685 2213 2619 2797 2776 2468 1549 307 147 665 2175 2710 1816 2385 1520 1925 2576 160 2139 2771 472 2094 127 1112 154 1530 299 1078 1366 2524 741 1242 1215 1807 641 1373 2833 2104 1509 352 2731 687 2269 2607 1660 64 551 1539 1863 577 1629
000690.jpg,2725 2464 5 609 1889 509 2448 1515 2457 844 2404 957 1766 1696 1426 466 744 2115 244 2751 498 2109 1171 2567 2124 1602 2128 1616 1214 909 473 375 22 1326 306 1866 1477 119 214 971 43 1488 2366 2348 2521 1139 510 644 420 1397 1953 953 80 2823 84 2508 815 2014 1738 2179 1605 1296 1987 1754 2688 941 1945 1471 1265 2351 425 163 2566 2421 1637 954 785 218 29 1984 2768 2494 286 424 1383 2172 1061 1108 2656 2841 2502 411 757 1149 19 1529 2227 2533 520 1760
000691.jpg,1865 1723 2346 1891 475 1916 629 2666 2816 2677 650 2810 2043 2171 941 820 1949 2161 1605 2152 1603 1144 2502 285 420 750 1882 281 1541 2521 1221 84 6 1188 582 1397 334 594 510 713 1858 609 546 37 2768 1702 2179 1766 807 1283 1738 2261 148 1599 909 1750 73 2074 732 2249 1637 1488 2497 479 1263 1987 1412 620 474 2421 1685 2494 2194 2217 1342 744 322 1697 1502 1083 940 1628 75 198 761 1322 1995 270 2463 2313 2404 845 2210 2410 980 1203 2627 2118 1222 2518
000692.jpg,2809 1473 1876 12 1721 2110 608 274 526 2499 864 368 2622 1725 994 1942 2051 664 271 1677 522 1868 2435 2284 444 2438 1931 2440 2146 1555 1056 574 315 598 1892 140 1899 1439 494 1289 1408 282 764 508 2667 939 2526 2008 929 1771 677 2018 601 2037 1390 1777 2291 2813 2220 2625 1433 719 1592 1055 2286 359 2757 1165 682 1511 14 2685 58 1639 1185 2569 2302 2683 146 2393 2057 531 2434 2704 1493 2708 1557 1937 502 1874 2639 1579 869 1128 790 2487 804 1759 1574 990
000693.jpg,1349 1572 234 913 2399 1 1520 307 2340 2727 223 2834 1618 969 1615 1540 2635 2158 892 2215 2339 1025 46 697 2253 1409 1095 1514 537 2223 511 349 195 2517 1698 2226 203 958 718 551 1994 1571 1264 2466 912 2372 71 2529 961 342 1824 1059 1652 2338 573 41 2717 2273 2524 2709 668 2486 1071 1629 1242 352 2541 1807 1630 2175 1445 638 30 1215 17 2619 143 810 2198 1360 1295 1009 2473 1270 1509 1112 1524 642 154 262 2662 2100 1494 2738 846 2844 1129 798 2246 1837
000694.jpg,247 723 1359 2585 1204 539 1772 303 153 450 2582 1121 343 206 1997 2485 1403 1751 2603 871 862 1633 2718 2018 2284 604 1245 1128 1289 1600 2487 212 719 2146 914 1351 764 812 35 58 2551 2008 1534 1577 1915 2209 808 1157 2824 2361 1493 2336 2097 1963 190 549 2165 1657 615 701 825 2353 2453 1247 1271 1528 2379 1402 2204 1981 2136 151 874 1244 2405 1985 1595 2550 1347 337 869 2192 276 776 282 222 1970 2260 118 1734 393 2792 873 585 2067 2394 1507 2345 998 1237
000695.jpg,1272 1910 40 680 851 2421 1232 640 592 1949 1960 2210 1038 13 2162 2671 2520 2726 2578 1744 1430 1754 2217 2387 1256 37 1553 1236 2267 629 20 1699 1041 1886 1616 828 2380 36 2571 922 500 1661 1398 2117 2058 2677 743 733 454 650 459 2115 285 323 1793 2423 417 1221 1763 940 1431 370 1836 2216 713 988 1090 62 1750 586 244 2469 21 377 193 1283 1315 1277 1336 361 122 1714 1865 2000 479 597 2249 2666 1418 1749 1188 2451 2415 167 1006 980 2182 2568 2760 1106
000696.jpg,645 1617 440 2011 735 1045 2130 2836 2050 445 1544 1444 2840 1649 947 1782 965 2837 169 1993 2707 1054 1029 712 1840 1663 2767 1679 1328 2241 1623 1422 1381 1658 2439 319 1253 51 1552 2735 2628 134 155 1261 179 2287 1775 463 1307 1636 197 2088 550 674 900 563 2454 2652 1218 950 1860 1369 1640 1123 2732 559 2815 231 2375 2133 2289 2419 1437 659 2076 1752 259 1486 2826 1208 480 769 260 305 2650 348 2769 439 433 1948 1870 978 906 562 1148 1362 925 168 1319 161
000697.jpg,1113 2141 2502 621 2152 2401 1371 1364 1251 2522 2056 45 171 183 2612 1064 2048 1768 2182 270 2761 2705 1525 2263 236 2760 1283 2831 2608 2841 1108 1288 1703 941 1365 2572 2216 629 959 84 214 42 1363 506 1280 1605 2623 1286 1844 1139 565 851 2116 1953 333 2720 986 2348 327 2197 2562 1144 744 1865 106 2571 2442 2591 1536 1866 1458 1560 2503 398 644 1602 2678 1661 198 2677 940 1960 75 1004 636 2425 229 2497 1318 2807 1797 1596 2448 1171 1032 1738 1217 732 620 2278
000698.jpg,1051 194 2352 1218 2272 2628 2815 1261 1965 1636 1496 1316 2556 1840 1658 2439 2241 1948 1381 1416 950 1096 1586 2836 1045 1544 2069 497 1782 440 1752 965 2046 712 1897 2412 992 1362 1649 1422 2130 735 2255 2367 64 1054 518 1860 2713 2840 197 2050 1663 169 1862 659 2767 1775 2811 489 1993 689 1428 2649 1437 663 1253 1617 2007 1589 674 550 179 231 1848 1552 1444 947 563 317 900 51 2631 2826 2732 573 970 559 201 319 155 1122 48 2373 2004 1348 2837 2455 1345 2084
000699.jpg,2389 59 2367 1545 1799 1146 4 1752 2082 1202 626 1737 1386 2270 950 518 547 188 2477 1491 996 2530 611 826 556 1319 345 312 1316 987 2692 2501 2832 134 613 2069 2556 1636 237 1181 904 716 1934 85 978 2675 2312 635 2148 266 651 283 2375 2300 1496 2289 2205 433 527 1468 1840 2076 2044 1988 1405 2631 817 1102 2419 2131 1775 900 674 2652 769 2606 440 965 231 2208 124 1656 2628 1172 2588 1148 2075 1092 109 1788 1855 1624 1486 1407 906 524 1437 970 1926 961
000700.jpg,2766 2558 204 2741 899 2135 1606 1212 2842 2728 1056 1055 1944 725 137 165 2825 447 2207 116 1935 1463 2294 1986 2736 1940 1130 1825 2041 2435 2057 1547 2305 2506 1874 692 97 647 1223 1841 2291 494 442 1134 362 1126 246 2292 2258 2068 2511 574 2683 677 2719 790 682 2813 2438 657 1962 1899 1067 2569 2248 2319 2639 1892 1592 2708 146 686 2382 350 1677 1185 2090 135 627 67 2625 1937 274 939 202 491 1931 1889 2704 558 608 1433 804 1945 864 2526 2037 249 2121 79
000701.jpg,254 3 2490 1642 2405 2170 1958 66 1985 765 1574 779 1246 282 14 2434 2536 1136 2336 929 1745 825 652 873 2157 2426 522 2667 276 1590 93 895 601 404 1195 2165 1403 2209 1609 862 2 1245 2489 1538 1633 1594 1036 800 1519 2593 2324 1406 2663 1670 91 321 808 2006 693 1997 1915 2235 112 1470 2699 1846 1121 1853 2296 974 812 818 1913 598 2243 956 1751 18 1842 1869 2020 2485 1192 1180 2551 1325 723 2519 662 371 1454 1152 2021 763 2651 1166 1012 2256 2284 1667
000702.jpg,1255 1477 1757 986 123 882 2150 2639 1541 2775 750 2667 93 1236 1590 2291 820 2683 574 1603 895 2380 1149 1657 1415 2387 334 2057 1600 174 473 2729 2366 1670 2267 1958 2673 2012 2320 1833 2324 1157 909 2378 714 743 522 928 321 1868 494 2506 1041 286 2475 1346 204 1696 2423 24 1359 2379 540 1783 2533 1851 427 2021 875 754 1053 1997 1558 516 2328 2169 2490 932 371 2014 1761 1928 995 2804 1915 2493 1748 1493 2462 1597 1642 1443 2207 2143 2651 2756 2 140 1767 1482
000703.jpg,1146 1752 2389 59 4 1545 1202 626 2082 1737 2367 1799 518 1386 2270 312 987 2832 188 85 2501 1934 1102 950 826 556 2477 2300 1405 635 2556 943 547 2044 1656 221 2790 611 1926 1316 1319 2631 1624 283 2411 2528 1407 480 2312 1644 266 817 2397 613 260 1468 1840 2069 978 1636 904 2817 2148 1870 2419 2826 2574 550 2424 925 348 2649 900 179 440 563 134 1422 977 524 559 1437 2289 2652 2439 970 2189 1630 317 2241 769 1901 1148 1544 197 2375 795 712 489 2454
000704.jpg,2152 2502 1605 732 620 1891 1702 6 2643 181 1221 2841 546 1723 285 759 1083 582 1797 214 807 1371 1865 1139 2816 2807 1318 1260 2348 1397 1113 420 148 2263 106 1188 1858 1602 2768 510 1738 2521 2567 1603 1525 2346 2141 1697 2203 594 2666 2043 2048 1768 1488 2171 1916 2810 2179 475 1171 1953 2761 96 1866 636 1927 2278 650 1283 2554 894 1536 1502 1214 1632 941 270 2751 1251 84 2153 1364 1541 922 1661 1979 1882 1032 2831 1108 2056 820 419 2522 189 1064 198 2401 2705
000705.jpg,197 2439 1417 463 712 1489 1045 1710 1658 900 1782 1437 2836 2840 1993 1701 860 1663 2375 1381 2628 1870 2289 1544 1486 2130 1369 925 2050 2241 2649 2419 433 348 480 1422 550 559 26 2397 489 179 2767 2424 260 2528 1468 1644 1407 2084 1624 2826 1617 947 735 59 1934 2832 2312 1656 970 440 2574 904 2454 1552 1307 2817 1328 2652 1029 2411 817 312 524 1840 445 2790 188 659 1545 2044 1102 977 2501 2515 1983 1319 563 1253 169 1737 134 1926 626 943 2133 1218 2082 611
000706.jpg,2679 2122 177 2829 1903 1163 1085 816 401 2163 453 1628 2587 1510 2452 595 73 399 2055 208 1599 380 823 141 1233 2074 437 1145 760 981 1872 477 461 1976 1717 2469 1023 2161 174 2655 731 2126 164 694 2098 1784 72 612 99 1047 2775 1415 2747 2274 1688 156 1682 1155 460 2691 1808 172 1911 2009 1160 320 1404 2722 1241 1089 1100 2636 2577 222 2384 1621 850 1305 1529 979 2355 901 21 2362 1256 2380 1038 2446 417 2421 733 2451 424 2227 1430 1888 1236 1593 119 660
000707.jpg,757 1533 1728 1231 754 2756 2021 2320 2533 1149 29 286 2172 2673 218 293 2224 213 967 2024 707 135 739 1689 2143 1597 426 24 2295 558 1804 2413 1478 1719 2759 424 2464 2408 634 251 540 2638 2381 792 1427 364 2430 672 76 2561 2725 2235 91 498 328 646 1798 374 2546 1945 2040 1898 101 473 1588 2787 388 2260 1115 1132 304 2178 1900 529 2472 119 1766 2508 2828 2579 1334 1801 184 1061 2124 1374 568 933 1889 2238 485 163 1038 1849 1256 2366 2078 436 766 1890
000708.jpg,2528 1644 2411 1407 1624 2817 817 1656 2044 1934 2790 1926 2501 1102 2832 312 188 987 85 943 1319 2300 221 635 1405 611 2389 2034 59 2082 1545 1737 626 2270 556 4 1386 2545 1417 480 1146 925 1796 197 547 348 1360 345 1630 2477 2826 2397 659 1870 1710 1202 2367 550 1411 900 260 1799 996 2375 1437 2185 1489 2419 2530 904 826 1369 283 26 1468 2312 559 2652 2692 2208 463 1694 2574 1491 892 2649 1701 179 2138 1112 134 48 2424 712 2454 1045 2584 1658 1569 2289
000709.jpg,1303 2236 1475 726 999 2059 484 1472 2053 478 1124 2429 331 2693 534 1438 655 806 2407 390 1037 1635 1662 471 430 2301 1967 314 1715 1918 27 1050 363 2470 1273 1127 268 2244 936 1274 780 53 1465 1140 402 1648 418 786 2698 2406 2061 1275 2465 2505 1187 1929 2687 1780 290 643 799 1647 758 1921 653 2402 1503 1008 561 1378 721 1730 391 1481 2690 1972 207 1831 2794 108 1756 52 344 2467 1755 1692 1317 782 2806 389 805 239 1655 1216 1395 2091 1568 838 1024 2280
000710.jpg,1834 2015 951 1252 2818 431 2 2663 18 1842 601 2510 70 2077 2478 2777 2772 1753 1125 2561 1035 1839 2686 2757 889 1443 2622 1557 1747 1938 1759 1833 1390 315 1075 2624 2667 2728 702 2315 767 848 1114 39 522 751 2161 529 2000 926 646 1722 202 1845 1818 1801 126 2320 931 2288 417 395 1357 1559 597 424 1257 1693 1106 76 2668 19 1786 960 1269 232 564 962 436 2702 2644 581 1830 1971 1165 1980 1423 2496 1241 1686 2324 989 2021 803 2281 2566 2673 215 2533 1867
000711.jpg,2045 1584 2023 2755 747 770 258 463 1796 817 197 1701 188 2545 2034 2817 26 1926 1319 1656 2419 860 2397 1417 1369 1489 2790 1102 611 85 2454 348 1029 2300 547 2574 1870 1307 712 559 1386 433 925 1045 1624 1710 1552 2375 1934 2424 659 1208 134 943 1486 480 2076 1362 2724 638 2769 2082 260 977 550 64 305 1514 2649 2721 787 1428 1416 489 2501 606 2735 1948 562 1983 715 100 2344 221 892 2832 556 259 2011 2270 1617 1407 900 2544 1190 1658 4 312 51 1782
000712.jpg,2809 12 1473 1876 1721 1330 1677 255 1185 2037 140 1998 2657 686 217 608 682 1874 491 2813 67 1777 508 2445 1771 657 2569 994 1223 1868 2143 494 2435 1408 1592 2708 2286 2057 1689 1892 1390 2248 2440 135 1076 627 1952 1725 864 146 2438 2625 2382 1464 24 2757 274 2427 368 1055 271 2598 637 647 2583 725 1165 1942 1886 1639 2090 2629 137 598 426 1052 526 2413 202 1516 2615 1613 1134 2558 444 2683 2295 2539 974 804 1452 1944 519 662 948 677 329 1597 2024 1899
000713.jpg,2713 2433 1453 2376 2309 1860 1901 1490 201 305 2545 2034 1796 2721 562 715 1569 155 100 64 1148 48 2826 563 2650 51 1640 260 1316 1496 2272 168 2088 231 1878 2556 486 439 784 2652 2815 1636 978 950 489 1437 1307 1965 2289 1428 2649 659 2337 965 440 559 2424 1123 1752 663 348 2367 1840 1948 2836 2084 2581 2069 1051 1627 2004 1658 2397 518 817 1381 26 606 2007 1782 197 1468 1193 2189 2439 2538 689 1369 480 1775 2628 1870 319 2769 1046 2312 1848 524 259 675
000714.jpg,2152 2502 1605 1891 1865 2841 1113 214 1371 1723 1139 2263 1525 2141 2348 1603 6 629 2816 420 1221 1397 2768 1738 1602 148 106 1768 285 510 2521 1953 1866 2761 2346 2048 582 2567 941 1283 732 594 327 807 2179 1171 2203 2623 1083 1916 270 851 1032 1702 1502 620 84 1108 1280 1184 546 1488 1661 2572 2831 2643 475 1927 2705 1214 2554 1979 1364 621 96 894 2666 2401 189 1251 2494 1541 1632 2751 1858 22 1144 1960 2043 2171 1260 2109 181 759 940 609 2153 820 1659 2182
000715.jpg,2792 567 118 1791 998 1583 9 1179 1579 945 841 2491 2711 2065 2328 1354 639 919 1578 808 1470 1977 1854 2682 952 1769 382 517 2778 1920 1770 778 887 2647 114 2252 1667 227 1531 1970 916 1651 2729 930 982 2723 2575 763 1063 1657 819 928 2225 1851 748 2042 2379 1585 353 98 1864 1819 1625 1493 776 2146 2274 812 1289 2462 1808 1639 2008 914 2334 2499 2284 196 719 1351 2349 864 2018 1042 1157 1246 1473 35 190 764 1359 526 1997 923 662 615 2361 608 515 1688
000716.jpg,1132 213 1588 121 707 2408 536 1728 988 1533 135 193 757 558 569 2295 2090 2413 967 1448 1431 2756 2533 2320 2615 29 754 1849 1265 184 36 1478 2638 1149 232 2354 1945 332 286 119 2021 2172 424 1231 1268 520 340 2260 1719 80 91 24 866 2143 1228 2566 1296 2078 2673 802 1383 1492 1269 1699 2024 2117 733 142 1804 1867 1236 1256 2235 1785 499 426 568 1984 1722 1430 1888 1553 218 983 1033 555 1597 1562 429 2743 1795 1393 432 1161 2333 1773 901 19 1886 2668
000717.jpg,2091 2794 239 2164 1781 27 2280 525 2173 2232 209 1505 838 1127 139 2311 113 216 1435 1248 1356 654 625 245 1472 679 1598 1274 858 383 408 1282 49 356 1780 1506 296 2137 2693 252 2565 1961 653 2025 1568 2017 822 1187 2669 1787 1124 1140 2070 2053 2396 1475 1011 455 782 1262 1635 1967 390 1018 1216 799 643 1647 225 2531 1024 449 1692 1715 1141 2632 1050 2236 1037 2406 314 2062 495 1706 1662 2061 2611 192 721 1972 331 61 464 1048 1317 1648 1755 1843 344 1924
000718.jpg,5 844 2457 1515 509 2725 2464 1889 609 1766 2404 957 2448 1696 744 244 2115 1426 2128 1616 466 1326 375 425 2124 2366 1754 473 498 1061 815 2751 163 2521 2421 306 1637 388 2014 2351 214 510 1987 1602 1038 2109 1214 1171 1477 1139 2348 1556 420 1738 2179 22 1397 690 2508 1537 2141 148 1605 2203 119 520 594 2566 2567 1080 1945 232 1488 1269 2056 1251 1891 1502 1661 1949 1866 2048 19 1953 2522 1364 1296 2354 1849 424 2768 1659 2152 2502 1723 1858 1768 84 2451 1383
000719.jpg,1389 2546 1115 304 2178 2113 2066 1213 1300 1394 483 2759 803 545 374 251 2579 1883 215 1427 1951 436 101 789 2504 737 1353 328 1306 1175 364 240 2540 485 572 341 1898 1900 1683 2381 1798 2040 1230 589 727 2784 962 395 658 581 529 989 2238 766 2644 1971 898 1257 407 1801 1106 2114 2277 614 2787 2054 714 1361 1559 293 1137 1093 2242 646 1166 1334 1928 1785 1451 1558 2409 1087 1786 2323 853 2000 2072 1207 751 465 1357 76 1197 1590 895 676 93 110 393 75
000720.jpg,2152 2502 106 96 2263 1605 1371 2554 1927 1632 214 894 419 1865 2153 2841 1525 2567 1083 1032 732 1661 620 2623 189 1171 1891 2348 2141 2060 1251 1702 2401 1723 2522 510 1738 1364 1280 181 1602 940 1139 2831 2203 2751 2572 1064 2643 2521 621 2056 1214 45 148 22 1004 1797 2705 1113 420 6 2768 1397 1488 807 2678 2109 2612 1749 2048 1343 1856 1727 198 2816 2182 2760 84 2441 2737 941 1866 1288 1283 1768 1858 2555 2112 327 594 1222 171 1203 2346 95 1957 759 1221 2179
000721.jpg,299 2269 2092 2833 428 2371 2139 264 2576 1982 1549 2844 2484 2455 2776 837 1009 667 1814 1815 1122 1159 403 2797 1589 1735 2063 2731 741 90 1925 1619 2189 352 1338 891 17 2100 2473 1863 1539 1698 846 2412 879 226 573 2486 2138 642 1622 600 2223 2338 2460 1994 195 2403 317 349 1571 1421 234 1291 160 1078 262 1530 2158 913 2385 1238 2094 2811 1540 307 2255 888 1409 537 2717 1618 641 1615 127 557 1520 1071 867 2215 2635 1295 687 2399 1824 472 892 1826 2738 1
000722.jpg,196 353 776 98 869 1625 2474 585 233 1963 2067 2361 2256 1643 701 2353 1819 1864 2462 2081 910 2334 1042 276 2103 1402 781 809 69 1344 2101 282 2264 539 871 2582 1204 2792 247 303 66 1583 2027 1769 1667 2667 1772 952 1791 841 1751 2157 118 2065 639 998 343 919 825 206 2723 2252 1579 450 1246 2336 2536 2328 114 1578 790 1354 764 2491 945 2729 982 1808 1404 763 9 58 2585 723 1179 1574 631 2603 2551 212 446 2008 567 778 2660 719 1920 1493 862 2225
000723.jpg,2185 2584 1694 1411 1129 1684 2298 1630 143 1360 1440 2616 2529 787 386 1445 30 958 638 2271 1112 2363 665 1446 718 2481 1294 810 71 2246 795 2517 1215 1258 1514 1939 1270 2460 557 697 2619 879 1993 2801 2050 299 2468 1291 1623 2631 1045 267 2749 1238 2139 2727 1679 169 1814 2189 685 273 440 817 2444 1619 1624 2130 2837 2011 969 2833 2576 1926 1444 1649 1549 1982 262 1617 741 134 1544 2710 735 1551 155 59 2556 1887 85 1925 947 645 1782 1644 2776 987 1627 147
000724.jpg,1472 1127 1274 2693 1475 2236 2059 1780 561 1124 290 726 1303 27 478 653 2053 999 1662 1967 390 1024 2429 314 534 331 1635 806 1438 1715 1918 1050 471 799 1037 2531 2794 484 655 430 1140 2173 1273 363 2280 2470 239 1011 53 2164 2091 1465 2244 780 936 2406 1648 786 2698 268 1781 643 2407 418 2505 2465 225 402 1187 2017 838 2301 209 2765 207 2285 1921 1216 1282 408 758 1395 356 2061 1503 721 296 2690 1647 2025 1692 1317 1961 1972 391 52 139 2687 344 2402
000725.jpg,340 536 332 2227 2786 979 1562 1418 2668 1065 2384 2108 886 121 1686 569 1588 2090 988 597 1132 176 1393 417 289 2451 1033 1890 193 21 1268 1431 571 62 1398 1888 1492 199 2743 361 554 1449 142 36 681 802 2029 2217 2078 893 680 878 866 1793 78 1053 1699 302 733 429 2117 1256 868 292 555 2415 427 2568 500 901 2423 743 1553 1104 1669 1430 2566 2267 2401 2335 1004 1886 1343 1236 2380 1203 1272 400 1910 940 2190 2112 45 2522 75 2827 1277 2056 1550 2210
000726.jpg,1891 1723 2816 1865 2346 2666 475 1916 2171 650 2152 2810 2043 1605 6 285 1221 1603 2502 582 807 546 1702 820 2643 759 420 1697 1083 1397 732 1188 2768 1260 1858 620 1541 148 2841 510 2521 1488 181 1139 214 1738 594 1602 922 2348 1797 37 2179 750 1371 2203 1570 1284 1456 334 1882 953 1502 1015 2494 973 411 609 1113 941 327 690 122 2313 2118 1610 84 1766 1953 1659 73 2573 2261 980 2109 1525 629 1661 1884 468 2656 744 1537 1082 2421 1283 2149 1184 2210 844
000727.jpg,2502 1113 2841 2152 2141 1371 214 2263 1605 1139 1525 1953 1288 1703 621 2348 171 2216 924 2401 1363 1866 183 2572 2623 1602 1364 1280 2705 941 1251 45 2567 1171 270 2612 2056 1064 1865 1283 2831 2522 959 2182 851 1768 2048 2768 2761 84 629 327 1032 1397 2760 1108 236 1471 1144 1738 1365 333 506 22 2608 1560 420 189 2591 106 565 986 2109 1661 1844 953 2751 1214 1286 335 2571 594 2678 744 148 2720 1487 2060 2203 474 1184 2448 2442 1232 510 783 2230 1927 229 75
000728.jpg,197 1417 1489 1701 1710 860 2439 2084 463 489 2289 1437 433 900 348 1870 1658 2397 2375 2424 2628 1045 606 2826 2649 712 1993 1788 817 925 2790 480 1782 2515 2836 559 1624 26 1656 1381 2044 2652 2767 2840 1307 550 1627 1644 1102 2241 2528 1663 2419 179 2050 1218 2832 1934 1468 1369 2312 2724 260 2817 1190 2367 2130 2501 2753 178 1407 2034 59 2769 1486 2574 563 1926 622 642 904 1544 1328 440 2454 2626 1253 2088 1411 134 947 312 675 1649 195 1545 2411 970 2646 1840
000729.jpg,2567 1171 22 2751 1214 2109 96 894 106 1927 2554 419 1661 2153 1632 189 2401 1032 2060 1251 1364 2502 2522 2831 2056 45 1288 621 1703 2705 1064 2612 2152 171 2216 2726 1363 183 2182 2841 2760 1365 2571 2313 2141 2608 236 2162 481 1605 84 333 744 506 1749 1336 42 941 205 1004 940 815 1483 1744 1960 609 214 1286 1844 1987 1371 198 1283 1760 75 468 376 2116 1727 1013 1139 1434 2497 2112 2737 1999 959 986 1712 1113 592 149 20 2425 834 2058 2404 1108 1685 1797
000730.jpg,898 853 1087 1558 714 465 803 2072 1928 1561 1197 1166 1590 1207 895 93 2409 540 1300 614 617 2242 2493 1257 2324 374 1971 1631 291 1346 2066 634 1535 1137 581 251 1213 1689 407 1427 215 1115 2430 2143 2759 2540 341 766 24 436 2113 1597 1786 2238 2542 989 1593 101 2224 1900 2579 2024 1883 426 1683 2114 1334 483 739 2381 2546 76 737 2040 1389 2784 1353 364 1785 1538 499 1898 304 1093 2178 328 1798 2667 751 2504 1106 1357 1091 832 2000 789 2827 1773 1818 310
000731.jpg,2510 431 70 1839 2772 2478 1753 2077 2777 1035 1125 2561 1834 2818 951 2015 1252 2757 1557 1390 1938 18 1842 1759 2622 2686 2 767 2663 889 1747 601 2315 2161 1443 315 376 461 277 1976 269 1176 2471 2702 2276 1165 1845 1833 1447 1469 1693 417 695 1749 2624 1483 191 2601 1980 453 2636 2547 1075 2566 2302 940 2656 2700 576 2149 2542 824 2441 903 2827 2602 1426 95 1065 2217 1401 39 2016 1329 213 1180 745 2497 2163 1793 1548 132 597 73 596 72 1418 1374 1298 2415
000732.jpg,2713 2433 1453 2376 2309 1490 1860 1901 201 305 1796 562 155 100 2545 2721 2034 48 715 1569 64 1640 439 2650 51 563 1148 2826 260 168 231 1878 1316 2272 2088 1496 978 1123 2004 1437 1307 421 2556 480 950 348 2649 2289 2581 1775 486 2652 965 784 925 659 518 440 1193 1381 1782 559 2367 2836 900 1752 1369 2189 1840 1468 2769 2312 1658 2439 1948 2424 689 489 550 59 2815 663 817 26 1870 1051 1551 2039 1428 1486 904 2455 2454 2082 2337 179 2694 746 947 2553
000733.jpg,1096 1948 1416 1362 1897 497 1586 992 2046 2352 1218 2721 1569 1381 2241 2272 1658 64 100 48 2815 2213 2650 1316 2767 2034 1796 1782 712 155 715 439 1051 46 305 1630 231 1860 562 259 2817 1261 892 1360 51 2836 445 1045 925 1939 2246 704 2300 2545 1123 26 1640 1319 2454 2298 348 2517 1934 1369 1307 817 947 2185 194 2481 638 2312 1710 563 30 1446 1190 1926 2584 1684 810 1496 319 1701 2790 1328 2455 1656 71 1644 2769 2735 1009 2100 1993 2616 188 1445 1215 665
000734.jpg,238 28 1563 2552 505 2250 2716 523 2500 2181 313 175 2283 587 849 1827 152 734 2819 1896 1532 1335 2119 2681 1741 2479 458 705 2365 2527 2534 972 2689 503 711 772 1339 2674 1680 847 633 2193 2370 504 2322 2191 1708 354 2099 2592 81 330 1704 1746 1111 602 671 1376 2052 696 92 2557 2028 1852 740 2742 1912 1332 532 2144 999 120 2177 1956 2814 125 1932 2806 726 108 1220 2398 788 1117 1543 1503 753 1873 316 1281 2764 840 2142 655 268 464 1730 162 628 1275
000735.jpg,2252 1651 1578 2328 2682 2491 1977 2660 1583 841 1179 1920 1368 1579 945 2723 1063 982 2042 1367 1566 517 2310 227 1239 2225 916 2379 998 1667 1769 118 928 2488 919 515 2647 1791 114 813 887 819 2792 512 1657 1211 2065 1470 930 1851 567 631 2729 2349 2575 1331 2711 355 748 639 1531 311 9 1518 1354 1585 382 763 952 492 1210 566 2026 1554 1058 1962 1031 607 1396 1614 2256 233 1301 1154 692 2292 1906 2331 1606 2507 481 1370 984 1770 815 1419 1401 2381 778 1673
000736.jpg,2034 2545 1796 155 100 48 715 1569 2721 439 64 305 1640 2713 562 51 1656 2817 1926 2309 2790 1624 817 2433 1102 201 1934 1407 2650 2528 1453 1644 1901 943 2411 1490 188 1860 2376 85 2501 2044 2832 221 2300 312 2826 987 563 1584 1319 260 2616 2649 925 1870 550 348 26 1369 1417 480 1405 2045 168 231 2289 1658 659 1630 611 1148 1878 712 2755 2082 1316 1422 892 2023 857 1045 259 1381 1123 704 2454 2270 1218 1948 787 2241 2312 635 1782 2556 665 1009 2213 46
000737.jpg,1321 2071 1098 2645 2156 1638 2432 1709 2750 836 1736 2450 755 2096 2342 2201 1806 935 1790 897 1933 850 1436 1504 2512 222 2218 2362 1305 1052 1387 2691 1621 2452 2446 2355 599 666 1286 2627 1844 189 2313 2060 1032 1288 506 2216 396 1703 2642 96 1858 565 1363 959 1632 1906 1865 1914 856 1065 2554 957 2567 2537 419 2182 2785 834 894 2784 1927 2257 1911 183 2420 1535 1785 2032 2823 710 2202 1337 255 1222 2074 1331 744 54 229 2578 660 1277 2335 1449 2083 1370 1425 1673
000738.jpg,2043 2171 2810 2666 2816 650 1891 1723 475 2346 1916 759 2643 1260 1702 807 181 1188 620 732 1797 1697 6 546 285 922 820 1221 411 1083 1858 582 1763 1541 372 1603 1456 1284 37 750 1865 334 1882 2807 298 122 468 1082 2476 980 1884 2167 1090 1610 586 1318 2268 1308 973 594 1015 148 2425 661 1285 459 829 1227 2313 2502 2261 1570 2118 1153 2194 2761 1283 619 1761 636 752 1605 1536 510 2048 2168 1768 270 1108 690 2152 420 1806 448 2705 1397 1074 2521 281 2768
000739.jpg,540 898 1561 853 1087 465 1558 2072 617 2242 714 1928 1197 1590 1166 1300 895 1207 1631 1346 2493 2409 93 1535 291 2324 407 803 634 1689 614 1593 2542 2143 24 499 1785 2827 2441 2430 1093 1597 2024 310 426 1856 1334 2066 2224 1137 1228 832 1213 1914 1019 1298 2111 1257 2238 2112 1996 739 1091 182 1434 2785 766 1343 1836 777 63 1161 940 2113 1773 2656 983 1693 1004 1847 751 2016 149 2638 2745 2202 1898 483 1971 76 2000 2700 1115 979 1714 676 581 954 2235 1513
000740.jpg,2769 348 26 925 1870 1369 2649 1417 2454 480 2714 1489 860 1710 550 1701 179 2538 663 1788 2375 712 1422 197 2130 463 1895 769 433 2289 2650 1045 1617 2050 2840 161 445 1328 260 2011 489 1029 1782 2241 1552 2084 1658 1253 2836 606 645 1627 2088 1486 1796 1437 1993 2817 440 2397 2419 51 1381 2826 947 900 1208 2424 305 1190 2767 1934 1307 2735 2482 2574 1468 1663 2312 1261 1218 1679 675 1983 559 2544 2501 259 524 2626 562 735 1926 2753 2300 659 1319 904 1569 2515
000741.jpg,85 1102 1656 2501 312 2790 2832 1934 2817 2044 943 987 1926 817 1624 188 221 2411 2300 2528 1644 1407 1405 635 1319 2034 2270 556 2082 611 1386 1146 2545 547 259 4 2389 1796 1545 480 2826 2289 59 1737 1752 2397 626 2574 2312 2631 518 2424 260 2544 563 1202 1870 197 1190 2714 769 1417 463 2148 2588 559 348 2649 996 978 2367 1491 2530 2375 826 550 433 2454 345 1148 2084 925 904 663 2652 1468 2769 2419 445 1799 2439 179 1253 2840 1901 489 2189 2538 1788 134
000742.jpg,1482 2383 2080 1523 441 2695 1691 584 2754 845 373 2395 1016 575 2733 1382 1147 2684 830 2525 2106 1450 462 1517 1678 187 603 1410 1507 2550 1120 2033 917 32 1620 902 107 2275 2518 2019 590 2630 87 2166 2563 1169 2414 818 1732 357 1073 279 2651 1646 2240 1259 2238 2804 1626 2368 328 2637 766 2447 2805 2780 2297 1177 2347 1372 2605 1832 102 2718 2752 469 1809 2426 393 1856 2239 2345 1014 693 876 2073 2604 1683 2192 541 1734 10 2242 2802 1192 1239 407 341 1028 1905
000743.jpg,2063 403 1159 2484 1815 2455 264 1009 837 1735 1982 667 428 2371 1338 299 17 573 317 1814 2139 90 2189 2833 1925 2092 1122 2412 2844 2269 600 1589 226 846 2138 1619 2255 2486 642 2731 2776 2576 2100 1622 2811 352 2797 1549 1863 472 127 1571 879 2403 1060 741 1698 891 2460 234 195 867 2338 537 687 913 2266 2614 1366 2339 1291 1238 1964 2607 1816 405 557 2633 2431 1421 814 1480 2223 1530 1994 2835 1828 1520 2473 1607 1 1341 1660 2758 1025 1078 385 1539 1803 307
000744.jpg,2464 2725 957 1889 2448 609 2404 1766 5 509 2457 1515 844 744 1696 1426 2128 2115 244 466 1616 38 498 1880 2141 815 2124 163 1987 1525 425 1637 1280 388 232 2014 1061 1556 1032 1945 2572 2366 752 2508 2222 1084 1596 1802 1995 2351 2823 1659 306 2263 2566 19 375 115 106 1797 520 1326 644 2751 189 707 2278 2638 2522 1269 2153 473 184 213 1849 1083 119 80 2384 419 2678 2060 1754 2554 894 1383 2408 1371 592 2807 2109 1661 1296 2111 759 2523 183 1927 2442 229
000745.jpg,2769 348 26 2454 925 1870 480 1369 2649 2714 1417 550 860 179 1710 1489 1701 2538 663 1788 2375 712 197 2130 433 2289 1422 1895 769 463 2650 1045 161 2050 2840 1617 2482 2397 518 1319 1029 2241 2501 817 1658 1253 445 1934 440 1656 188 1552 2836 2817 1328 2439 1782 1627 735 51 2826 1102 260 1840 2082 59 1386 1146 547 606 1926 2419 1752 1437 950 611 2574 1663 524 826 904 1737 2270 2011 970 2724 900 1172 489 1486 2424 134 2300 613 2477 2389 2044 943 283 563
000746.jpg,1207 2072 1087 1558 714 614 898 1137 1928 853 1166 2409 895 1590 93 1257 1561 2324 1346 1535 2242 2493 2224 465 1197 2054 617 540 803 1786 1451 2000 766 1971 76 1361 2238 483 291 1538 789 1300 2785 646 240 1672 2784 832 2441 2827 1091 310 589 1559 1914 2504 1798 1178 407 485 1175 1801 2437 727 2667 1180 293 1106 1804 2787 2759 1093 2190 1996 2066 1230 983 949 1161 2143 24 2656 2579 2700 1631 2695 634 1693 1447 2016 474 1115 2117 680 1483 1785 989 1836 2383 2149
000747.jpg,1561 540 1346 2242 1535 617 2441 310 2827 1856 1693 407 1093 2656 1914 2111 832 2542 1593 291 983 1631 2149 1343 2016 2785 2190 1836 2112 2238 940 1019 1434 182 695 2737 1176 2202 949 1298 777 1996 2745 1091 766 954 634 95 898 1004 1087 1743 1685 24 2143 2129 63 149 132 1689 596 2615 1334 2072 1103 1197 2700 1333 853 1760 1207 979 1714 499 783 2430 1448 29 1999 1558 1785 88 2533 576 1161 1597 1713 198 426 286 803 2521 424 2493 2224 2172 2673 1712 510 1166
000748.jpg,1394 727 545 589 658 1801 1230 2066 529 572 1213 2113 395 1798 304 2178 898 1087 1361 1175 485 1389 2277 1207 2644 962 1951 2072 714 1306 2546 1683 761 1558 2000 614 1451 215 853 2242 1257 2579 2054 581 1727 1995 364 834 1300 2238 436 341 737 2555 2787 1749 328 766 2759 1333 1115 1971 2504 2040 2249 2381 989 803 2323 1786 1561 327 1137 2114 1334 783 2022 251 1074 1559 949 95 691 1900 1898 2784 16 1883 293 1353 1298 1693 1343 2058 2547 2179 1044 2154 1412 1093
000749.jpg,2567 2502 2152 1371 2841 1661 1214 1171 2751 106 214 924 22 2263 1605 2109 2623 1927 1525 96 1865 2572 327 2216 205 2554 1280 419 894 1703 2141 1032 1113 1288 1632 2179 2153 2348 1602 189 420 1139 2060 851 1488 1363 953 1738 2203 1397 510 2768 2401 941 761 474 198 752 2521 2573 1364 1502 1251 75 45 1203 148 1891 2056 2497 620 650 2705 1471 84 1184 609 2666 2831 2542 322 2810 2494 1953 1144 2522 1206 1727 1263 783 2043 1760 940 621 1412 2245 594 1641 1084 2112
000750.jpg,1371 2152 2502 1113 2263 1525 214 2141 2572 2623 1280 2841 1605 2348 327 851 1602 1139 1661 106 1866 629 1865 1953 2678 1032 2751 1171 22 1214 621 2567 924 2401 1084 609 1364 2109 1738 744 1251 96 2522 189 171 1927 1064 2705 957 2056 1960 2831 2182 1632 183 1659 2404 45 2726 2760 2612 2216 38 941 1144 420 2060 84 2768 1283 40 1397 2554 2203 1288 894 510 236 2162 198 2521 2497 2608 1488 954 1727 2153 940 1766 270 1703 75 592 1749 1004 1203 1768 2555 834 479
000751.jpg,1303 1472 1475 2236 1127 2693 1274 2053 1124 726 27 999 561 390 314 331 1635 430 1967 478 2794 1037 239 2091 653 2059 1050 1715 655 484 806 2164 799 2061 1140 2429 1438 534 2407 1780 1662 1918 471 1024 2301 1781 1647 268 290 1648 2406 643 1921 2505 2465 721 2402 1273 2173 2280 1972 2531 1187 2017 1503 2765 2470 936 1317 1011 1395 782 1275 2285 363 1755 1756 805 1692 402 2611 53 2698 33 2343 131 1843 1568 1018 216 838 2244 1829 2632 1961 780 1655 758 1831 1929
000752.jpg,1221 285 6 582 546 807 1083 1260 759 2643 1702 732 181 620 1697 922 1797 1188 1891 1858 1723 298 1456 1603 1285 1570 1284 1541 973 37 2118 411 2666 1865 2816 980 2152 475 1884 1605 122 2313 1015 650 2346 820 1916 468 2807 1318 2171 2268 2043 1610 2502 750 334 2194 2261 752 1763 2179 2810 420 661 594 2425 629 117 459 1283 2677 148 1227 2167 1738 2303 1502 1397 1536 23 372 2203 713 448 2521 2768 1090 1082 2149 2476 636 2222 510 2726 1744 2760 1979 1488 1693
000753.jpg,1834 2015 1252 2077 951 2478 2818 2772 2777 1753 1125 70 2663 2 601 18 1842 2561 2510 431 1035 1839 2161 1759 315 2622 1390 2757 1557 1165 522 2686 2624 889 2302 2667 1443 191 1747 702 126 2000 1833 1938 848 1175 1845 417 646 1801 1033 1830 1306 2601 767 1951 2471 2728 1869 1559 145 485 529 2583 2320 589 2653 2743 1075 424 802 426 1393 688 727 868 1686 404 853 1106 76 962 1233 1418 2324 437 901 293 1886 39 1908 725 1114 597 555 707 578 931 1236 2074
000754.jpg,767 277 1938 1443 889 1833 2686 1747 2496 211 1460 369 2532 1989 2315 1980 2510 2702 431 2818 951 1834 2015 1252 1418 1277 2497 2522 1064 2478 1074 45 617 1342 2777 1793 940 75 713 1091 2058 2077 198 2056 1065 1087 1605 1004 1047 2463 1343 1322 1686 803 20 2685 2182 824 997 2245 1203 2217 2335 1996 1727 2108 1561 1371 13 417 2760 1176 2668 2571 576 236 597 2203 1272 36 341 95 1558 1749 2772 886 2098 898 714 2700 76 39 2410 2154 453 1713 1562 596 1080 2242
000755.jpg,869 1625 196 353 776 98 2474 233 2256 1963 585 2067 1643 2361 701 2353 1819 1864 2081 1042 2103 910 2462 276 2334 809 781 1402 69 2027 2264 1791 1179 2101 1579 1344 9 282 381 1977 841 118 2792 2328 2536 1063 2491 1667 2682 2434 982 2065 1578 2252 1204 2001 2157 2582 945 1583 1769 764 2729 522 1246 2667 247 1531 539 778 998 2723 66 2575 567 763 2008 723 114 382 1931 2225 2778 639 819 1136 748 919 719 274 952 1289 227 1404 1808 2042 1970 1721 929 2284
000756.jpg,2394 416 1778 105 257 1495 1419 2843 392 883 2458 2660 301 1676 1946 1138 937 966 11 2609 288 1645 1384 243 1731 198 2331 1554 15 2600 2497 1119 940 75 1105 1002 831 1004 2214 1871 1331 272 1222 1203 1957 1891 2613 1705 2697 1396 1712 1370 2245 337 1225 2346 2522 761 560 1200 1800 360 2216 45 905 908 1707 1673 2257 673 1760 1916 1703 384 1836 1614 1835 2313 2417 1749 2469 2543 54 80 783 1723 1031 1304 355 2154 2112 2259 855 1785 1064 409 1288 2056 749 376
000757.jpg,702 1114 1830 848 931 768 2471 1767 126 1908 2601 2624 1845 2276 578 1323 990 103 284 1235 1608 297 835 688 502 1107 65 903 250 1720 1254 1340 1821 1413 1186 1391 1512 2388 1310 2314 684 1975 522 634 1334 2224 853 2323 2430 2217 1553 1430 2210 2656 1272 426 1689 1075 1888 2143 24 2415 954 289 1189 1597 36 370 1256 2542 2726 1693 1685 76 1798 962 1087 1080 569 2149 1793 1886 1928 310 609 1637 2162 988 417 680 13 986 292 886 21 485 149 979 940 84
000758.jpg,269 1548 2315 1980 2702 2685 2359 1462 1183 2161 65 499 465 1810 1088 676 2077 2583 2772 1020 881 115 1300 568 1753 277 1573 2478 2251 76 2483 1125 2554 1173 609 1581 855 1288 1749 2777 2510 1914 1720 183 36 1954 1703 2568 1711 1838 111 1243 362 1342 2509 2437 2015 424 419 2182 834 1363 193 1995 1714 894 47 2423 1865 2560 1593 2518 2243 1131 404 2058 683 2087 1850 184 1431 2818 1252 870 1996 1836 2217 351 2760 45 1098 126 1094 1834 767 1277 1035 2680 1075 1222
000759.jpg,1697 181 732 620 1797 759 1188 1702 2643 546 1260 807 2167 922 6 1221 582 1318 1083 285 1882 2807 1536 636 2666 2171 2816 2476 2043 2268 650 298 1763 1858 459 1456 2810 1541 2278 1891 2425 820 411 1284 661 1285 1865 37 752 1570 1768 468 1082 1938 1308 2761 2048 475 889 1603 973 2496 1723 2168 229 1006 1443 1916 1833 448 2503 956 1747 1090 829 2261 2346 2498 1283 1153 2194 2313 669 586 2686 980 644 2442 1074 1015 2510 1227 13 2688 265 1108 476 270 1761 1458
000760.jpg,1102 85 1656 2790 2501 312 2832 2034 1934 2817 2545 943 2044 1926 987 1624 1796 817 221 188 1644 2411 1407 2528 2300 1405 155 635 2439 259 563 2826 201 1319 2649 1752 550 2713 305 480 48 1146 1658 1381 1544 1870 2241 1840 260 1316 2082 100 2270 659 663 1422 611 1901 556 1202 518 440 1386 712 1640 1878 2309 1782 2538 1045 1569 51 168 2289 715 2650 2544 925 348 562 559 947 197 179 4 2840 59 489 735 1369 1029 1417 2312 2389 2050 2084 1860 463 2454 1428
000761.jpg,1436 1504 222 2218 1933 2512 1790 850 2071 836 2156 1305 1321 2362 2645 1098 897 2096 935 2342 755 2750 2450 1736 1709 2432 1638 1806 2201 2355 1052 2691 1387 1911 99 1621 2567 1910 22 957 2394 2751 2404 1171 1719 856 2216 96 2109 1661 2452 2420 2141 1801 1288 1145 208 1217 2777 816 38 2401 189 2083 1255 461 2561 477 106 1277 2587 2612 1337 2578 1214 981 1889 2077 951 1353 621 2060 1949 2074 2655 141 1703 20 2464 1632 377 1219 1035 828 612 698 2818 424 967 2828
000762.jpg,483 789 1971 240 1786 1257 2784 2579 1451 2000 1300 803 2759 2504 1361 1883 2238 766 1353 581 251 328 989 1091 1559 2540 374 1801 1106 1427 2242 1672 1115 1357 1513 1900 76 1996 2054 926 215 2381 1161 1898 1180 39 1207 2114 2409 1561 341 564 407 1178 1137 2072 101 614 1773 529 436 2040 1847 714 898 93 895 364 1093 230 1087 1818 1230 751 1166 777 2437 2785 576 1749 1558 1590 1928 1389 572 1683 967 2190 2277 2495 834 1804 1346 2281 1277 2224 2695 1795 1394 465
000763.jpg,1865 2346 629 1916 2677 475 1723 2810 1891 2043 2666 650 2171 941 2161 1949 2816 420 1144 1603 1605 820 2768 1397 510 2521 1738 2179 2502 594 1488 750 909 2152 2249 148 953 37 2497 1541 334 940 198 84 1004 327 1766 75 1502 609 1106 2494 1749 980 281 761 322 2217 1957 1703 1222 375 1412 1559 149 744 2404 214 1038 272 474 95 479 2216 2542 1288 2210 1685 2421 1740 676 1727 2115 713 1858 163 1150 76 834 1637 1203 182 1711 1430 15 831 1256 2726 1760 1263
000764.jpg,1294 1939 2481 665 1446 2616 1258 1270 1112 2246 1630 1694 2619 1129 1360 810 2185 787 71 1411 2584 638 30 2529 1684 2517 2298 2271 1445 511 386 1514 1440 718 958 143 2339 697 1863 879 1619 1925 1324 1982 273 756 641 2771 667 991 588 403 706 2104 1735 2455 2524 147 656 2739 299 577 1373 1607 2595 2332 1815 687 583 1765 888 2385 133 1341 2229 262 228 1009 1877 127 548 1295 1542 1497 2094 493 264 867 1215 1081 2466 837 1930 2184 1078 2590 2356 746 1807 1887
000765.jpg,1929 1730 2806 2687 1275 295 2301 2773 1026 2407 484 2715 331 2062 31 159 326 1097 580 999 1143 1008 1293 1831 655 872 1822 1655 268 1912 2199 108 1706 2236 1297 464 2059 1118 2265 726 1022 1789 927 1378 2429 467 200 452 33 261 1662 131 495 2557 840 430 1941 2316 1500 1314 2285 125 1955 53 1923 618 1843 2244 1475 1220 788 389 758 534 456 1281 1961 1813 628 1021 2693 1273 449 1039 241 643 2698 2017 2765 633 324 1568 2789 2634 1755 1465 363 1635 89 1124
000766.jpg,767 277 1938 1443 889 1833 2686 1747 2496 211 2532 369 2510 1460 2315 1980 2702 431 1989 951 2818 1834 2015 1418 1252 2497 940 75 1064 2522 617 1004 198 1605 2478 2668 1277 45 2777 1343 2058 853 2077 1074 2463 2056 1793 713 341 1342 76 1322 1371 1686 1176 1203 2245 2217 1087 1206 1562 500 783 1065 95 2108 417 39 36 1749 2571 581 2772 2685 2469 2182 1908 1106 13 1232 1561 2636 2203 2335 2542 453 132 70 824 1557 886 803 1272 1711 2190 597 1357 1047 576 738
000767.jpg,2725 2464 2448 1889 957 609 2404 1766 509 2457 5 1515 844 744 1696 1426 466 2115 244 2128 1616 2508 473 388 2109 498 2351 163 1061 1602 306 2366 2014 1326 2124 1477 2751 22 2823 375 1637 1171 1556 2169 1214 1754 815 1866 909 510 1038 1953 1987 119 214 1945 2521 757 2348 411 2533 425 1488 424 1738 218 1533 2421 2567 924 1149 29 426 558 2638 454 953 1265 286 20 536 2408 80 1984 2172 2179 2295 1719 672 135 644 1365 752 184 167 229 420 1397 520 2673
000768.jpg,197 1993 1437 900 1663 2767 2836 1782 1486 1468 712 1307 2419 463 1710 2439 559 947 260 1381 1328 1489 1054 1208 1045 2312 904 674 1417 2424 1444 1701 2076 2826 1679 1617 2840 1658 169 2130 2652 2397 489 2133 1649 563 2515 134 906 1870 1544 2241 348 2837 1552 2084 2050 2707 860 2088 1983 2011 1369 26 1218 645 2628 445 2411 1190 2044 2528 1948 978 925 2574 1029 1253 1623 1644 1123 1878 1934 1422 1261 59 480 319 2649 606 2832 433 1624 179 965 1627 550 2289 2454 2501
000769.jpg,2210 640 2520 13 2671 1272 828 2421 2578 377 1910 1041 1754 1949 1038 1337 2083 323 672 2828 2032 865 1668 2602 933 56 370 1189 2047 1374 244 2570 1049 1616 1764 698 955 1399 2335 680 2384 2038 1329 2115 2795 2227 2451 2120 1696 1521 1426 571 176 2839 2031 609 340 1033 964 932 1890 21 2401 979 2786 2117 289 844 510 1888 1686 1605 2566 1256 142 1132 2612 1203 2521 1364 893 1738 1393 886 1108 2217 1398 536 1397 1602 1952 1562 2743 509 2457 1070 554 214 1588 1418
000770.jpg,658 727 589 1175 2113 485 1951 898 2066 714 1213 1558 2178 304 1087 1306 2072 1389 2546 1207 614 853 1115 1166 1928 2409 1300 1137 1798 2787 1361 2054 1394 646 1785 1257 2493 465 803 1561 2324 895 293 2000 1230 1334 1197 1451 1333 2203 1559 1801 2022 117 1590 2224 93 745 23 1683 325 1474 2024 1184 2179 149 783 1228 1738 1312 1597 617 1080 1106 2542 907 76 1488 426 327 2810 1027 215 1883 851 2521 572 2348 1723 1371 2242 1602 1093 1979 594 962 420 1671 989 1502
000771.jpg,493 1034 2672 2461 2374 1392 1276 1234 2174 548 210 2418 133 1861 1724 57 280 294 1580 793 2184 1196 976 1765 1859 1664 1792 1375 1575 746 2229 2327 1358 801 1457 570 756 1758 857 689 885 2590 583 1930 263 1776 2125 1877 1072 1350 1665 228 366 588 1887 797 2456 2332 1947 2039 2548 2739 1229 1551 2004 1043 2356 704 2659 2838 1542 2206 1191 421 2321 2581 2123 720 656 2694 1081 706 1497 77 2330 1086 422 1279 859 2186 1193 2198 158 242 2703 2662 438 1059 1675 1345
000772.jpg,1096 1948 1416 1362 1897 497 1586 992 2046 2352 1218 1051 2272 2721 1569 1630 1381 64 2213 2241 2767 1782 2650 1360 1316 2481 439 2817 1446 2584 2815 1796 665 1658 712 194 305 1261 46 2454 1045 48 2185 2246 817 155 51 100 892 2545 1926 2735 562 2300 2455 2034 1294 1939 925 2790 2836 1411 1934 26 638 2289 2616 2556 348 1319 1860 1258 1684 1656 463 30 2628 1496 1644 1993 1009 787 1369 2298 746 947 1870 1710 715 2649 2312 2769 810 445 1112 704 2517 1640 1694 71
000773.jpg,540 1561 1346 2242 1535 617 2441 310 2827 407 1856 1093 2656 1693 291 1631 1914 2111 2542 1593 1343 832 2238 898 2016 766 983 1019 2149 1087 1434 2072 2785 1298 2112 182 949 940 1996 1091 1836 63 2190 2737 634 24 1207 1689 2143 1558 777 954 2615 2202 2129 695 1004 1176 1685 1448 2745 149 1590 853 803 1197 95 979 2224 1334 1333 783 1166 1760 1928 426 1785 714 1597 2493 1257 1300 2533 1103 2700 510 1203 2521 895 2430 132 29 1743 424 397 1999 1149 2176 2744 1130
000774.jpg,493 1034 2672 2374 2461 1276 2174 548 1234 210 1392 294 2418 1724 133 746 57 1861 1664 1859 793 1575 280 2184 1580 1765 1196 2229 1358 1792 1457 2327 976 1375 263 801 1776 857 1758 885 1930 756 570 583 1877 366 2590 797 228 1665 2456 1350 2039 689 2125 1887 2004 704 1072 588 2332 2659 2356 1551 2739 1947 1043 1542 2123 1191 2321 1229 720 2838 656 421 2206 706 77 859 1081 2548 1279 2694 2581 2186 2330 242 158 1497 1086 1193 2662 1345 438 422 2198 287 2703 880
000775.jpg,2713 2433 1453 2376 2309 1490 1860 1901 100 2545 2034 1796 562 715 201 305 2721 155 48 1569 64 439 1640 51 2650 563 1148 2826 231 168 260 1316 2272 1878 1496 2088 950 2556 978 1437 1307 348 2649 1752 518 2367 480 2189 59 421 1123 440 486 2652 925 965 659 2769 2815 1051 663 1193 1948 1369 784 559 550 2289 2836 1840 2581 1775 2439 26 900 2004 2039 817 689 2714 1636 906 1551 1870 489 2312 2454 2628 1468 179 1428 1146 2501 2050 2538 2553 1658 2424 134 2389
000776.jpg,2034 2545 1656 1102 2790 2817 1934 1796 2501 85 2044 1624 1926 2832 312 817 2411 2528 1644 943 188 987 1407 221 48 155 2300 1569 100 64 2721 715 439 1319 1640 1405 305 51 2826 635 2649 1870 562 550 712 201 1658 925 563 659 480 259 1045 2439 2650 1381 2309 1782 1369 26 260 348 2082 611 2241 1146 2713 1901 2270 197 1860 2454 1422 1417 2289 947 168 179 1737 1630 2312 1584 1544 1202 2836 59 1316 663 445 1123 556 1752 463 559 4 2628 787 1029 1386 1545
000777.jpg,1791 2065 567 118 2792 1583 998 808 982 2252 919 841 9 1470 1354 1579 1179 2711 2328 945 2491 1977 1578 382 1769 2682 952 517 2723 227 2225 2778 1651 763 778 916 930 928 1854 1657 114 2729 1667 1531 2042 639 1063 1851 2379 1920 1970 887 1770 2575 748 2647 819 662 2310 1528 1585 7 1864 1819 1211 1367 764 869 2462 1625 875 311 515 2793 923 1210 1555 2349 2103 512 1289 1209 2008 1518 2284 513 2618 2488 1931 1239 2559 98 151 271 1271 2416 2361 2304 2658 566
000778.jpg,1749 1995 834 2058 1277 1727 2555 761 2317 2437 1672 2249 1044 1483 1990 1178 16 2700 376 44 1469 1447 1836 832 1300 1425 47 2178 304 1228 1161 1785 483 2066 1865 1535 1106 1513 1795 1847 2113 2216 2831 2497 576 1883 1559 789 905 1773 2182 1288 2546 2784 95 2705 1801 1304 2579 1361 1213 2202 2190 1353 2217 45 198 1064 2571 1798 2056 1263 2210 1703 2726 1364 36 2523 2224 1838 333 75 2401 940 1203 485 1957 1476 1176 1251 596 744 609 417 39 2522 1256 272 479 1430
000779.jpg,723 1359 2585 539 303 1772 450 247 1121 1204 2485 153 1997 2582 206 343 1403 1751 2603 871 862 2018 2284 1289 719 764 2146 914 1633 2008 35 2551 1351 812 604 1493 2718 1128 776 1600 212 190 1577 1157 2209 1534 2453 58 701 353 869 1915 2361 1245 98 276 808 2824 2487 615 2353 1247 2165 874 196 2609 781 522 1528 2067 222 1347 778 1933 998 1981 1402 2550 1625 2777 1970 897 873 549 288 2792 1308 2334 2006 1657 118 1595 1066 1871 337 585 2336 1567 1155 851
000780.jpg,327 2263 1525 1371 2572 2623 1659 1280 1084 275 2303 117 2573 1205 1198 2030 2678 2791 23 1184 1687 1400 2494 1113 1979 2203 1080 1502 38 2152 214 851 2179 2502 1922 1738 1602 2348 1488 690 1661 2222 2768 420 1397 2677 924 510 2620 1537 2521 1605 20 2141 796 629 1865 1726 594 1139 2841 2726 40 1744 2109 148 1866 2162 1960 953 2128 106 1199 1425 1144 167 474 2706 1032 1641 2115 907 2751 205 2567 2132 1727 1471 454 592 1836 1714 298 1171 954 609 2555 1713 281 2700
000781.jpg,967 135 1804 707 29 2533 2295 1149 2320 286 2172 2673 2413 558 1719 91 2235 1728 568 2021 1448 2756 2296 792 2408 754 2615 218 739 213 1478 1533 184 2260 2224 2638 1849 1231 2354 757 1265 24 2143 1945 1689 293 424 1984 232 2472 426 1597 2024 2566 520 540 1722 1529 1867 634 119 2390 1269 80 1593 1296 1733 1383 802 2430 2078 2744 19 1492 1431 2000 1312 142 1091 1053 555 866 388 291 868 2217 901 1535 1886 878 429 36 1996 690 1888 1588 672 2827 417 292
000782.jpg,346 2821 2690 2467 52 1481 418 207 786 402 471 1465 1438 2244 1662 780 363 806 534 2429 936 61 484 290 225 2059 53 478 2025 2470 1273 192 1918 2669 2505 2465 758 2407 2301 2687 999 1787 389 1022 108 1378 1008 1730 452 1220 2698 628 1026 753 726 2398 331 1780 1275 467 2236 2806 2062 654 840 2634 1097 643 655 2611 1929 1692 1822 1293 1475 241 295 2794 2557 1048 464 2396 1706 131 1831 1921 2285 430 138 782 268 2053 653 326 2061 1143 1568 501 1503 1282
000783.jpg,823 399 1628 2163 453 73 1233 1510 437 1599 2074 380 401 760 2587 1872 208 981 595 461 1976 477 1145 1717 2469 2055 2126 141 731 2655 1160 2161 1023 2098 694 1047 72 2691 2747 99 1682 174 1784 1911 2122 172 816 164 1430 1085 177 2829 2636 2009 2679 1553 2267 320 2380 1236 427 1903 156 500 1256 612 901 2577 2775 1163 289 1793 2568 222 2217 1431 1740 2722 1699 36 121 2117 2224 2668 2415 1175 1529 21 680 634 2227 850 460 485 853 1269 2421 1888 2038 76
000784.jpg,1929 1275 2806 295 1730 2687 2301 2407 1008 331 484 1026 108 999 655 268 726 2236 1831 2059 2429 1655 467 452 1220 753 1022 131 628 1706 1662 2634 430 1789 927 1378 2398 534 464 840 1912 2285 2062 806 1475 1273 53 2715 31 389 326 2698 580 780 1097 758 1438 643 33 2244 1875 159 1293 1039 471 241 495 2470 478 1822 1503 1465 782 1941 2773 418 363 2693 1143 1843 1297 2765 200 2611 2632 1018 2142 1011 125 314 1048 1923 1124 290 89 786 1715 1635 1481 390
000785.jpg,702 1830 848 126 2624 2471 1845 2601 1908 578 931 1114 2276 1767 103 1323 1235 688 297 990 284 502 1186 1608 1413 835 1391 768 1107 2314 1720 1821 250 1340 1310 1254 903 65 1512 2388 1975 684 2656 2149 954 1559 1106 581 2497 75 1397 420 1798 1685 1605 2152 1357 2542 198 1175 737 1693 2494 1203 1738 962 1298 215 1207 485 1230 2768 940 1434 1426 1683 39 2113 1004 304 2726 2777 1458 2056 2077 2114 1916 522 1801 2772 2521 149 182 2737 327 1343 1785 658 2000 850
000786.jpg,1834 951 2818 2015 1252 18 2663 2 601 1842 70 2478 2077 2777 2772 431 2510 1125 1753 2561 1035 1839 2757 1759 2622 1557 315 2686 522 1938 1443 1833 2667 1390 889 1747 1114 2624 2161 529 2000 2728 848 931 1801 646 962 2320 395 2656 1798 436 1786 702 2644 581 364 1693 1241 1971 1830 1845 29 101 2533 1075 767 1559 215 202 2149 803 714 1257 126 1165 2324 1406 286 789 754 2540 2787 1149 2673 404 2021 93 597 1418 1175 743 737 1106 417 1306 680 39 1107 2172
000787.jpg,853 898 1928 1166 1590 1087 2409 895 714 1197 1558 93 465 2072 1207 540 614 1561 2493 2324 1631 1137 291 617 1535 1346 634 803 1300 1689 2242 2143 24 2430 2667 1597 2024 1538 1257 426 2224 2542 1334 739 1593 499 2066 832 76 1785 1971 1213 1161 2827 1773 1228 407 1847 1798 1786 676 2113 374 766 310 2112 1115 2441 182 2238 1513 1434 792 2129 2638 483 1996 1795 1914 251 1091 1093 2759 2785 983 1693 1298 646 1883 989 2699 940 1427 2579 1004 2323 404 215 2540 485
000788.jpg,2267 1553 1430 2380 1236 1886 1256 1699 2217 2117 1499 427 2568 36 2415 500 743 1793 1431 2423 901 733 193 569 680 988 121 536 866 1597 634 2387 2143 426 24 2430 340 1053 332 142 1492 2090 1449 370 2638 2224 432 568 2227 979 2786 2221 1132 2074 1272 323 2469 2032 571 1206 2668 2024 1064 621 1689 2421 1189 171 380 1364 2120 183 2249 2031 373 1588 1065 292 2126 2078 45 2182 1038 56 1398 1535 76 2056 176 1478 1233 437 954 2522 609 845 905 1342 1637 1251
000789.jpg,1752 1146 2367 2556 950 1316 518 1496 2069 2300 1965 1202 2389 59 1636 1799 1545 4 2082 1102 221 2790 85 1926 2815 2631 987 626 2832 943 2270 312 1737 1386 2272 817 1656 2501 188 1934 1405 635 1840 1624 2044 613 826 2241 2628 2817 2477 547 1407 440 663 556 2528 266 2411 1045 1644 2439 2397 1051 1658 2538 1870 480 965 550 2189 1630 2826 489 1319 283 563 348 795 2454 925 1775 134 2312 194 1360 978 1381 2649 1428 712 197 2185 2289 611 2713 769 179 2424 1627
000790.jpg,1141 2070 1506 383 2669 2025 192 225 61 1780 1787 654 207 1356 2396 139 1781 209 525 2280 245 838 2794 2232 2173 2311 1505 2164 239 216 1127 408 1435 1282 1140 27 625 2470 1598 49 356 1248 2091 679 653 296 1274 858 2017 1472 290 1961 2565 449 2693 418 252 113 1216 1924 1124 2053 1011 2531 52 33 1941 2343 1438 455 1481 471 1475 1662 1715 806 1967 1635 2690 1262 200 618 2316 2429 390 1500 534 1568 495 2137 1875 331 1648 1021 1037 1918 1843 2765 220 1024
000791.jpg,958 2529 2271 143 1445 30 718 1514 787 697 1440 638 71 810 386 2517 2185 1129 1684 1630 1694 1360 2246 2619 1294 2298 2584 1411 1112 1446 273 2616 2481 665 2524 1939 1270 1215 2363 2104 1258 969 2339 1480 1242 2833 2776 1059 262 2844 1816 557 2385 879 2771 147 2139 342 2460 511 299 64 2672 2092 2797 795 1549 1373 2269 2607 1366 537 888 551 2633 991 2576 687 741 1947 428 133 1982 1619 1539 1660 1807 976 1295 2175 814 2749 1540 41 160 1025 867 667 1196 645
000792.jpg,735 2011 645 1617 2050 440 169 2707 2837 1444 1328 947 1649 1544 1679 1054 1623 1663 2767 1782 2130 1993 1045 445 2840 2836 1381 1261 1840 712 2439 2241 1029 965 1658 1422 179 2628 1253 134 51 463 1552 197 2769 2735 1218 550 348 319 2287 2076 1870 1307 1775 2088 480 2454 2649 2312 2544 904 1468 860 950 1369 769 26 259 1489 1208 2538 518 260 1437 1417 2375 2397 59 1202 2714 489 2270 2631 2289 1636 925 900 2082 1860 1710 563 663 547 1486 1148 1788 2419 906 2826
000793.jpg,1093 540 407 2441 2242 1856 2111 1561 1914 2827 777 617 310 2785 1898 2238 1996 783 1683 949 1535 1091 983 1346 2202 766 2745 95 2190 1343 1476 2737 1693 1631 2114 88 230 581 2413 596 558 940 1176 576 2422 328 2523 1448 695 1714 2295 132 1713 34 2656 2547 832 2615 2542 2149 1116 291 1727 2112 1004 1749 198 1178 824 2555 1743 1103 853 135 967 1224 75 2016 2216 184 1838 2281 2317 520 1434 2058 76 1593 1785 683 2224 1728 1999 182 954 47 1228 2497 926 149
000794.jpg,2707 1444 645 2011 1679 2837 1054 1649 1623 1328 169 947 1663 2767 1617 735 1544 1782 2050 440 2836 445 2840 1381 1993 1261 2130 1045 712 2439 1029 1658 1840 965 1422 1552 2241 51 1253 2628 319 463 1218 1208 1948 2287 1437 1307 179 134 1369 1640 1416 489 1489 1775 674 2649 2046 992 1860 305 2735 900 1710 1445 2084 2088 562 1870 197 2312 2352 1486 2133 1627 1586 550 26 64 259 2424 497 30 925 260 155 1897 659 348 2515 2652 1096 2076 2412 2626 860 1569 1417 2815
000795.jpg,1752 1636 1316 2556 1965 1496 950 2815 2367 1146 2069 2272 518 2628 1840 2241 1051 1658 1799 1202 194 2082 965 59 1218 2389 2439 1545 1381 1045 2270 2352 2631 2300 4 613 992 1362 626 1386 440 978 1737 1948 497 826 1897 563 2046 1586 712 231 312 266 2832 1775 188 1148 85 1102 1544 987 2501 1123 2826 259 221 2376 547 663 1096 1934 2836 283 2477 2189 2424 1261 2312 900 168 1428 1901 1878 2034 1422 2433 2397 1848 1046 2713 1405 1416 1437 2044 559 2213 2412 155 1862
000796.jpg,540 1093 407 2441 967 2242 2413 2827 135 2295 1856 1561 558 310 1996 1448 1804 2111 777 1091 2785 1914 2615 2238 1535 766 1728 1593 2756 983 1898 230 184 2235 1689 754 617 291 91 2638 1346 24 328 2021 1693 2745 2143 2533 2202 568 95 1231 634 2281 1683 739 1719 426 2024 2320 1343 2190 1631 1818 1945 707 1597 29 564 1478 1149 792 926 1265 2472 213 2673 949 2430 2656 2737 2000 232 783 2224 695 581 2288 596 417 536 1888 332 2116 1743 293 2828 1431 2566 1176
000797.jpg,2389 59 1545 4 2082 2367 1146 626 1799 1202 1386 1737 2270 1752 547 188 556 950 2477 611 826 518 1319 987 312 2832 85 635 2501 996 2530 1491 1934 1405 283 2300 345 2044 2692 613 1102 266 1656 2312 1624 1407 1926 2528 134 2631 716 2069 1316 817 2556 2411 2289 943 2208 2375 2817 904 2205 480 2148 317 433 221 1468 2588 978 1338 348 2439 2790 2675 2397 1172 237 769 197 1417 1181 735 1644 179 1544 440 231 912 1054 2138 1988 900 1840 674 90 2455 2050 1788
000798.jpg,1379 605 1634 1110 610 365 1040 2151 2788 1946 717 1966 2830 112 1424 1309 1573 2560 1243 435 94 2364 1581 1311 1133 2746 1020 1968 1005 544 434 2290 1794 648 1131 248 811 593 1783 2730 2549 1670 2417 410 881 568 870 1079 253 749 2005 673 678 2095 1454 2697 2251 843 2299 538 730 1546 338 2087 2196 336 2219 883 1498 257 937 1850 855 774 2680 1174 1068 1528 1094 2492 2341 1913 1455 1871 800 1142 1958 2519 1936 2170 2405 878 2006 1645 406 2145 1731 2490 2243 1236
000799.jpg,835 1254 1310 1512 903 65 1107 684 1340 2388 1975 1608 1720 250 1821 768 284 1908 2276 502 990 1907 1013 309 1315 702 1217 856 1336 1449 931 2160 2079 1830 2601 2471 1458 300 333 1104 2571 1277 2579 1114 2230 2116 2258 861 1669 2401 2612 1767 1057 297 407 762 1286 328 1194 2823 834 398 1841 1804 340 1898 362 1593 1329 578 1940 636 576 2547 2624 2759 1400 777 824 2386 2096 396 1353 1318 2704 95 506 836 2425 400 2216 1288 2476 2503 581 1844 442 1093 2335 785
000800.jpg,197 2767 1993 1796 2439 1663 1782 712 1381 2034 1045 2836 1658 900 260 51 947 1328 1417 2826 1437 563 2241 1617 1422 2050 1870 2649 1444 463 1307 1369 1218 1261 480 925 1054 2545 1544 440 1486 305 26 1489 735 559 1679 2088 169 943 221 348 1569 2312 1878 2837 550 2289 1649 155 2840 85 1407 2300 2130 2424 2454 1710 1926 179 2515 2011 2714 1552 259 2721 1623 715 100 2707 2133 1934 1860 445 1102 2790 1468 1405 2628 188 2832 1208 489 645 48 562 2082 2309 2713 1901
000801.jpg,2702 2315 1980 2685 269 1548 277 767 1747 889 1833 1938 1443 2686 1557 2622 2496 1390 211 1989 315 1460 2532 2302 1165 191 369 431 2757 2510 1413 1759 2 1678 2663 2276 1767 1147 1073 830 1620 2667 835 18 2015 2478 1252 441 398 1697 2314 1845 603 1091 2275 1732 601 341 1346 1152 2818 1442 1186 2535 1462 2653 745 1842 6 325 298 1642 2518 1996 1235 578 1391 2695 1869 1183 2494 2395 404 2359 462 1110 1541 1006 1450 1080 845 1793 2386 951 529 2688 1400 1884 1979 2230
000802.jpg,393 1646 863 339 2136 1244 1450 603 830 1120 1147 1732 2275 1620 1678 1805 775 794 1073 1611 2586 2211 2019 2518 2254 357 2080 960 2701 2630 2192 2780 2297 2621 2347 1734 1626 279 457 1169 1372 1832 2329 2233 2345 2447 2368 1016 693 818 2020 2605 1192 2637 2651 2805 1259 2754 102 2383 1691 575 2240 321 1507 2804 1482 10 2802 371 462 876 2550 1014 2247 1674 2395 469 2434 110 145 845 2230 1809 1666 1523 584 1791 1959 1152 1669 284 1462 398 373 1517 2400 2653 2065 1104
000803.jpg,1659 117 2303 275 327 1205 2791 1198 2573 1084 2030 1184 23 2494 1979 1400 1080 1502 2203 2572 1687 2179 1525 2623 1280 2263 1922 1371 690 1488 1738 2678 510 1537 2222 2521 594 2768 420 1397 2620 2348 38 1602 2128 796 2677 148 205 298 1199 953 20 2132 167 1726 454 1605 1591 281 2706 2162 1744 1113 1471 1960 851 2726 1661 40 1866 214 924 1139 396 2535 592 1425 425 745 1802 325 1570 629 2115 907 1449 2109 474 2014 1641 1474 1087 122 498 163 400 84 2661 1082
000804.jpg,189 2060 1032 106 2554 419 2153 894 1632 1927 96 481 2313 1661 815 2823 2216 1987 1288 1703 1363 1844 2726 20 1286 167 565 84 2109 959 2162 2425 1744 1858 183 506 333 744 454 1560 592 2760 236 2567 171 1064 1015 941 2608 1880 2182 468 2627 396 621 1217 2222 2522 1171 45 2335 2573 1960 957 1749 2056 22 122 1736 1610 2751 2404 1593 23 609 42 1084 2705 1205 1364 834 1371 2058 1766 2450 38 1214 309 1637 1329 1525 2401 2030 400 1284 1865 1638 2437 1671 1251
000805.jpg,1548 269 1980 2685 2702 2315 531 676 2124 1940 1986 1326 1130 425 165 2494 420 2014 1397 2359 375 1088 1537 1462 1080 1443 2768 1431 73 2179 1886 2117 1256 244 1488 205 745 2217 2115 327 751 368 2521 510 23 1603 1659 475 901 442 2128 594 325 725 690 1602 1793 426 1754 1061 1502 2506 2118 1423 1714 979 500 36 339 1474 1853 362 1285 2072 126 1725 1916 1183 1922 1833 2568 1529 498 466 1738 1723 2366 660 609 1277 2161 104 1722 465 844 2346 1184 796 733 117
000806.jpg,2558 2766 2842 899 1212 2135 204 2741 1606 2728 725 165 137 1944 2825 1055 116 2207 447 2305 1935 2294 1463 2041 1056 2736 1825 1940 97 1130 1986 1067 2068 692 2506 1134 1841 1223 1547 246 2248 2813 2382 79 2511 2057 2719 362 1464 2292 1126 1076 2435 1874 2258 1962 804 350 647 948 2683 2393 682 790 722 146 686 442 1937 494 677 2286 2319 135 1910 1639 558 491 2291 540 2639 329 2827 1592 2665 2569 2438 657 388 1448 2708 2441 2733 2413 574 2580 1899 766 1185 2295
000807.jpg,1141 2070 1506 192 2669 2025 61 383 207 225 1787 2396 139 654 1780 245 209 1356 2794 838 2280 525 2173 1781 239 2232 1435 1505 2311 408 2164 1248 625 679 1282 49 2091 1598 356 1127 216 296 2470 653 290 418 27 858 52 1274 1481 2565 252 113 1140 2053 2693 2017 449 1011 1124 1635 1216 1967 53 1715 580 390 495 2137 326 2244 1097 363 1472 1662 999 1293 455 159 2806 786 534 1706 331 295 2429 1648 1475 1262 1275 806 2531 33 2236 1465 402 1317 31 1050
000808.jpg,341 2040 215 2381 436 364 101 737 1900 374 803 251 989 1427 2540 545 581 1971 766 328 2114 1883 2759 1683 2579 2504 1230 2238 1898 2644 572 1353 1257 407 1115 395 529 962 2242 1389 1106 2277 1394 2546 789 1361 1798 1786 1559 1451 240 304 1093 2784 2178 1213 2066 1801 1818 2113 1091 1334 926 483 76 2000 39 2323 1357 1300 1180 2288 564 2495 2787 293 714 1558 614 1137 898 751 2054 1175 1951 1087 1207 646 1728 485 1231 1306 589 2756 1080 2281 1928 754 2677 658
000809.jpg,759 2643 1702 181 620 732 2043 2171 2666 2816 1797 650 2810 1260 1188 807 546 1891 1697 6 582 285 1221 1083 1723 922 475 2346 2807 1916 411 1318 1858 1882 752 820 1456 1541 636 1536 468 2278 1865 2476 1284 2167 1603 661 2425 1763 298 2313 37 2048 980 1015 1768 1610 2261 2761 1108 1283 2194 122 973 1884 270 594 2118 2168 2502 2688 1285 334 1090 2152 750 2469 2268 1504 1605 281 1227 148 2203 1638 2056 2705 2463 829 2497 1206 1364 1761 1145 459 1251 2695 45 1064
000810.jpg,2414 1177 2604 107 1507 2550 2641 2176 397 55 1104 728 1669 1194 2019 575 1691 2754 2326 736 2360 584 187 2234 2159 896 1028 1690 993 1467 1748 831 1529 1434 384 1957 1919 834 409 2112 2390 1733 845 2744 1203 32 272 2566 2214 1482 560 2033 1950 1523 198 83 15 373 2073 479 182 985 940 469 379 979 1004 541 19 1905 738 920 1420 1016 1450 1222 520 149 424 2695 400 2752 902 1722 21 1867 1712 1014 917 1120 954 1760 2036 1269 306 2621 1410 80 1459 1836
000811.jpg,196 98 869 353 776 2474 1625 585 233 2256 2067 1963 1643 2361 2353 1864 1819 1042 2081 2462 701 910 2334 2103 276 1402 781 809 69 1344 2027 2264 381 2101 871 282 1970 778 2157 118 1246 2792 2575 539 2536 1770 66 998 1985 825 382 9 1667 567 517 1772 1583 303 1179 2551 1136 227 841 607 1997 2711 1579 2723 2252 2018 1791 719 114 2008 2582 1574 2336 723 2438 916 2682 2284 1204 2729 1769 808 952 2001 2093 887 450 2146 819 1354 526 748 2042 631 765 1977
000812.jpg,2677 629 1865 941 1949 2161 909 1144 281 84 2494 2346 1502 1723 37 2179 325 1916 745 1738 115 443 1400 1184 1488 924 275 1199 475 586 1703 2216 1891 327 1474 1995 820 2620 1006 2109 2153 761 894 1371 2726 1288 2627 2573 882 1661 96 1363 2768 1687 474 1714 1283 2421 594 1632 940 1659 2571 2249 2554 834 1727 1471 953 334 1038 2162 1922 1957 1004 750 1082 510 609 1308 370 1987 1108 1476 1336 1397 1315 1032 2203 76 683 419 396 2555 744 1080 123 2115 2224 1205
000813.jpg,70 1125 1753 2510 2478 2772 2777 2077 2561 431 1839 1035 1834 2015 2818 1252 951 18 1842 1557 2757 1759 601 1390 2 2622 315 2663 2161 1165 2302 461 395 191 903 1976 2624 1845 2656 1213 2149 1938 2113 2471 1107 1951 767 1693 962 1306 1340 2601 1798 658 2315 20 485 848 803 2686 1559 745 167 297 277 2644 304 2636 502 1980 1908 702 1389 2497 101 1608 2178 2066 39 2535 453 727 1310 325 1443 2546 581 1175 1176 2685 126 284 2540 2022 2787 1427 1793 2415 850 695
000814.jpg,2792 567 118 1791 998 1583 9 1179 1579 945 841 2491 2328 2065 1977 1354 1578 2711 808 919 2682 382 639 1470 1854 2252 1769 952 517 778 227 2778 916 114 1770 1651 1920 1970 887 1531 2729 2647 1667 2723 930 982 763 1063 2225 2042 1657 2575 928 748 819 1851 2379 2334 98 1585 353 1864 2462 1157 1819 776 1493 914 923 190 1625 812 1577 1534 2146 196 2304 1351 2284 2081 515 2018 1942 1688 1808 1915 1402 2274 1721 2824 608 719 1404 271 274 2165 1473 1289 276 2349
000815.jpg,2045 1584 2023 2755 747 1926 770 188 1102 817 2790 1656 943 2817 1319 2300 221 85 1934 258 1624 611 312 1407 2501 2832 987 1796 1405 1644 2034 2545 463 2528 2082 2397 2044 659 26 2270 2411 550 197 4 1386 556 1146 925 547 348 1369 480 283 635 2574 2454 1029 1870 2724 1737 977 1417 2419 1428 559 712 2826 2069 1552 2769 74 1437 489 260 2670 2344 2649 2307 1701 1320 2564 2200 2544 1307 826 2375 1627 904 1486 900 2424 1046 1468 1045 970 1545 2652 524 626 2358
000816.jpg,2091 239 2794 2164 1781 2280 2173 1127 27 525 209 838 139 2232 1472 2311 1505 1274 245 216 654 1248 1435 1780 625 1598 113 1356 858 679 1282 49 408 356 1506 2693 296 2025 383 1961 252 1124 2669 2053 2137 1475 2396 1187 1568 1024 1011 225 653 2531 1037 822 1140 2565 1635 1967 390 2017 2236 1216 1787 1715 643 192 782 449 2765 314 2406 2059 1018 2632 999 1755 1050 331 61 1692 1662 2611 799 1924 2070 726 1648 1647 2429 1706 2061 1048 344 1730 455 1317 2285 534
000817.jpg,2049 530 1290 1017 1604 1518 2282 446 2064 631 1301 451 921 607 1237 2140 1567 1981 1058 2093 2796 2596 1879 984 1613 908 1909 813 394 2392 1396 1370 2257 542 662 1673 1105 660 1853 355 1739 1554 2782 54 1000 1331 710 1893 2664 2696 1742 1695 50 1614 2259 1978 1002 2369 243 360 271 1384 748 1621 869 337 2305 2682 598 487 1142 2543 300 929 1408 1466 1063 1791 1625 1606 2492 2519 677 1531 255 870 2005 2440 2741 1942 2609 1042 2251 1808 1906 1681 1100 774 1936 508
000818.jpg,2809 1473 1876 1721 12 2110 274 608 526 664 368 2051 2499 1942 864 994 271 2146 1555 2622 1725 2284 444 1056 2440 1677 1931 1289 2018 764 2438 1439 2008 1408 1892 282 1868 1771 2526 598 58 719 1390 574 2435 2037 2813 2220 140 1128 1899 2625 677 929 2551 531 508 1433 869 2487 748 494 939 2093 2824 1579 1874 1511 2757 1592 315 682 1557 1055 502 1864 1997 2256 2291 2667 2393 1777 1493 1639 2485 190 1937 1625 2683 615 2569 2081 1165 1909 809 1819 2286 862 990 1012
000819.jpg,2043 2171 2810 2666 650 2816 1891 2346 475 1916 1723 759 2643 1702 732 620 181 1260 807 1797 1188 820 546 1882 1697 6 1541 285 1221 1865 582 1083 1603 922 1605 148 420 411 1397 1858 334 1139 2768 750 594 510 2502 2807 2521 2841 2152 468 1738 1456 2179 1222 1074 1206 1420 1318 956 2107 2497 1957 980 713 2362 1570 2066 560 691 1322 2203 215 2463 272 2469 1213 1502 1768 2214 308 2048 384 2476 1954 1203 831 372 2410 752 1884 1153 1785 281 351 198 2154 75 1536
000820.jpg,197 1417 1489 1701 860 1710 2439 463 348 1870 2084 1658 2289 925 2649 489 2628 1045 900 712 1993 2424 480 26 1437 550 1782 433 2241 1369 1381 179 2515 2790 2767 2836 2397 2375 2826 1624 1663 1307 1788 2832 1218 817 606 1656 1102 2840 2312 2050 1934 260 559 1190 1407 1486 2034 1644 2769 2817 2419 1468 2044 2454 1544 440 2528 2501 904 1926 563 134 2652 1649 1328 947 2130 1029 59 1627 1422 1840 2574 2724 312 1545 1253 642 1617 2753 188 2713 1411 2088 970 735 2367 1796
000821.jpg,1810 2509 1075 67 1001 2583 2121 2350 202 249 1012 627 1406 1055 1944 1212 2741 899 2825 2558 2057 1195 1606 725 1894 2135 2766 2728 404 165 137 2207 2736 1945 1594 1609 388 232 447 1935 742 2294 1463 1869 204 499 2183 424 1707 902 2842 2435 1223 187 917 2291 937 2033 520 338 65 116 1088 751 709 1512 574 32 1874 2507 2638 135 1910 558 2143 1516 2733 2224 1728 97 2090 2566 378 119 1056 1126 163 2295 2041 494 19 2451 1825 1448 24 2021 818 2384 2042 1478
000822.jpg,1083 6 582 1221 285 546 1260 1702 2643 759 807 181 732 620 1797 1697 2807 1858 1318 1188 922 2278 1536 2816 636 752 1891 2171 2043 1723 2313 661 2194 468 2261 2810 2111 1856 475 2666 1541 45 2522 2168 2056 1603 1914 2346 1456 2048 1865 2425 1251 1153 650 2441 1064 1763 2476 2118 2202 2745 2167 1882 669 1535 476 37 411 1916 1108 2401 1364 2442 905 232 88 1227 148 2688 462 2086 644 777 1483 1476 2827 829 820 1283 1343 1979 1713 2737 1761 376 1768 973 1284 1269
000823.jpg,2797 1539 2844 352 2092 2833 2269 2139 2473 891 2576 299 2371 1549 90 2776 2226 428 837 1009 741 264 2484 1982 1291 2455 1238 2175 667 1735 1619 1814 1925 1815 1159 403 17 2731 2403 267 2138 879 2063 1122 2709 1349 1698 969 1338 1994 1540 1242 2223 573 2189 1571 1589 846 2338 642 2100 1618 1863 2158 2340 2412 262 2486 2717 2460 892 2635 557 2385 913 234 160 195 1409 349 2094 46 1530 1622 2524 2710 1078 888 577 1824 1295 1071 2273 273 226 668 1615 2253 2834 641
000824.jpg,2070 1506 1141 383 1356 1140 455 2232 2470 1262 525 1505 2669 2311 625 1598 2025 679 654 216 192 1248 113 245 1780 1435 139 858 209 61 2396 408 2565 252 1787 2280 49 838 2173 207 1282 225 27 1127 1781 2137 356 2164 1124 239 296 2794 1274 1568 2053 2531 822 2017 1024 1472 2091 418 1918 1715 1216 1037 1011 449 1875 653 1481 2693 290 1967 1500 1662 402 806 2765 471 1941 1635 1924 1018 1961 390 2429 1438 131 534 52 618 1021 1475 314 799 363 495 2698 33
000825.jpg,2045 2023 1584 2755 747 770 258 1320 1796 2545 2034 64 463 577 1029 1640 562 1815 2134 1416 2607 305 704 51 48 403 100 1660 2481 2633 2246 155 651 1009 665 2721 2735 1948 345 2781 715 837 26 1446 2650 1319 1258 2635 817 1294 440 1307 489 439 638 1489 1407 892 1096 2215 1362 319 1190 2158 1514 307 1159 1939 1270 2300 1060 1101 606 2513 2649 1208 237 1571 1870 2213 573 2100 2123 550 1587 2817 1837 17 527 867 2332 1071 1701 1586 1710 1630 1816 2574 497 2455
000826.jpg,2669 2025 192 225 61 207 1780 2396 1787 2794 139 838 2280 2173 209 1781 245 654 2164 239 408 1282 49 356 296 525 1127 2091 1506 1141 418 52 2232 653 290 1274 383 1481 2311 2070 27 2017 2693 2470 1356 1248 1505 786 1465 2053 1435 2244 625 1011 679 363 1472 1124 780 1140 1216 53 216 1662 346 936 1755 471 113 806 1635 1438 455 1918 2531 1475 2690 534 2565 1967 402 1024 390 2467 2429 1715 1568 2236 2137 1317 1598 220 1924 478 484 331 2821 2765 1706 1262
000827.jpg,2272 2815 1965 1496 1051 1316 2352 1636 194 2556 1218 2628 950 2069 1840 1261 1752 1658 1948 2241 1416 2439 1096 965 1586 2367 1381 497 518 2713 440 2046 1775 2376 1544 992 2836 1045 563 1897 1860 2412 2631 613 319 201 1782 978 1649 1362 1422 1490 231 663 1148 2433 712 64 1054 1453 1901 2130 2007 1848 659 168 1437 1428 689 2826 2309 1046 155 674 1123 2652 2255 2732 735 2189 1253 2287 219 489 266 1663 1993 747 795 2538 51 826 179 1552 559 280 1988 900 283 906
000828.jpg,2077 2772 2478 2777 1753 1125 70 1834 951 2015 1252 2818 2561 2 2663 18 601 1842 2510 1035 431 1839 2161 315 1759 2757 1557 2622 1390 126 1165 2624 1845 2000 702 767 1175 1306 2686 1951 191 2302 485 2656 437 2471 522 1559 727 848 1207 2601 589 1830 1443 1233 417 2728 901 578 1130 889 1801 802 868 1357 2506 646 1106 688 1033 2074 380 1562 1451 1236 555 1693 707 529 1686 426 327 1747 1908 1938 39 2320 1833 29 2072 2149 853 2706 1886 714 1431 1114 931 2668
000829.jpg,726 999 430 2236 478 331 2693 1475 655 314 1635 390 1967 1050 2059 484 1715 2053 1124 1472 2301 2407 1037 2429 1662 534 1438 2470 806 1648 471 2406 1275 1929 1303 363 2687 27 1140 1273 2698 2244 780 1730 53 1918 1187 786 1465 2465 2505 268 936 758 799 2806 1274 1008 643 1127 418 1378 295 653 402 1503 1706 389 1831 464 290 108 2061 1756 1568 1921 391 1755 1655 1481 1317 805 1022 1026 1692 2765 1395 927 2062 1912 467 2402 1789 721 1647 1972 838 1024 31 1039
000830.jpg,1096 1948 1416 1362 1897 497 1586 992 2046 2352 1218 2721 1569 2272 64 2241 100 1381 2815 48 2213 231 1051 1658 1860 439 155 259 712 1316 715 2034 2650 1782 1045 1445 2836 1630 2767 305 1123 30 638 562 1796 787 1360 194 2832 445 71 2312 46 1636 925 51 2817 1993 810 188 1934 1644 563 1901 2628 2185 2300 2584 1328 704 2246 1640 2826 2545 1307 947 987 2433 85 2790 1617 1369 2298 2556 892 1411 1684 312 1422 348 2082 1663 221 1656 1261 2481 1939 2714 611 2454
000831.jpg,1871 2609 257 1800 288 1731 2613 416 2843 1138 1645 742 883 1707 1894 937 2331 664 585 2081 535 1516 2462 2067 1419 1909 392 2103 1864 1527 1819 1042 1643 910 2377 1913 2551 1466 809 196 701 276 2341 1518 2334 1142 2006 869 1625 186 2485 1493 709 1613 336 1402 2361 2284 2778 253 2018 1007 2729 2196 719 764 1791 2146 1577 2519 662 1174 2093 2008 2256 1981 1455 914 1157 227 567 800 930 1359 2585 2264 2328 1657 812 975 899 1404 1936 1583 2792 2499 1121 282 1100 1997
000832.jpg,2421 1041 1754 1038 1949 1049 932 839 698 1521 640 955 2520 2210 1272 13 1910 2671 323 828 1616 2032 370 56 244 2047 1189 2578 865 2115 377 1477 672 2828 933 1337 1696 1668 2083 2602 2150 1374 571 2457 2217 844 1430 509 1553 2423 1515 1699 2038 901 536 1426 1793 743 609 21 2117 569 2568 427 1602 1399 893 2120 2415 2031 121 2570 1256 2384 680 142 2451 1236 214 340 1764 2348 2795 2521 1249 2380 1738 292 1070 2267 979 510 2078 176 2227 289 1431 193 964 1888
000833.jpg,5 844 1515 2457 509 2725 1889 2464 1766 609 2404 957 1696 2448 744 244 1426 2115 1326 2128 466 2124 473 375 425 1616 306 2014 2366 1061 498 163 388 2351 1637 1754 1556 510 2521 2508 2751 214 1537 2141 1139 2048 2421 119 815 690 1768 1038 2566 1171 1397 2203 420 1602 1214 2179 1987 1269 1080 594 148 1477 2502 1949 1738 19 1945 232 424 1296 1891 2828 1605 672 2567 1108 2227 520 1953 1659 1867 2109 1849 1610 80 1858 270 2354 2638 22 1383 2451 2348 2169 2761 1722
000834.jpg,1083 6 582 285 1221 546 1260 1702 2643 759 807 181 620 732 1797 1697 2807 1858 1188 1318 922 2816 1536 2278 1891 636 2171 2043 1723 752 2313 661 2810 2666 468 1603 1856 2194 2261 2522 2056 475 45 2111 1456 1541 1865 1251 1064 650 1914 2476 2441 2346 2425 2202 2048 1364 37 2745 2168 2401 88 1763 2118 905 1535 148 2827 594 1284 1882 1176 2203 411 1153 1476 1713 1836 777 1015 669 1283 1916 1343 973 844 232 2608 2760 1227 95 1610 940 894 2554 820 1483 1768 1108
000835.jpg,1891 1723 1603 1865 807 1284 1221 582 1260 6 546 285 2152 1605 1456 122 1702 2502 2643 1188 1858 2816 759 475 2346 411 1659 1916 2666 23 650 37 372 1015 820 2118 1844 148 163 2194 1637 2521 425 1083 2261 510 2171 454 1610 2303 1697 750 1153 327 481 815 2222 117 980 1227 973 2677 1744 1750 73 1080 2313 922 629 1884 1286 468 2162 1766 594 609 1556 388 184 713 420 2203 1541 1987 1535 1061 1082 334 2115 744 2074 2043 1272 1488 1342 1285 985 2423 1180 2281
000836.jpg,1132 1588 121 536 193 988 2090 569 36 1431 1268 332 866 213 1699 733 340 142 2117 1492 2078 802 2333 555 429 979 1393 1256 2743 2029 1886 1053 1890 1553 2668 2384 1430 1236 2227 1888 2408 554 868 289 199 432 1562 1033 1728 2786 878 558 21 707 135 91 2380 2451 2295 500 2267 1533 901 176 427 1398 680 2217 1478 2415 1793 681 757 2413 29 1228 1910 1945 1686 417 2533 424 1889 24 184 1449 886 1499 1065 2108 1719 1418 232 119 2638 2827 62 1448 597 2143
000837.jpg,2510 431 1839 70 1035 1125 1753 2772 2777 2077 2478 2561 1834 2818 951 2015 1252 461 1976 395 1176 1557 2113 2497 2547 650 1390 824 2471 75 903 95 1749 576 304 1759 2757 2161 2149 1693 596 2066 1785 2178 2700 1213 1559 1938 695 2249 2009 767 132 2601 1476 2622 2074 2636 1371 2182 2656 39 73 1744 198 236 1106 831 2666 1064 277 761 315 783 2522 2 20 2469 272 1469 731 2751 2608 2214 2016 18 2644 1447 2686 1842 2726 1908 479 1628 1562 417 1605 1599 2162 713
000838.jpg,2252 1651 2328 2682 2491 1977 1578 1583 1179 2660 841 1368 982 2310 2723 1367 1920 2042 945 1239 1579 1566 1063 517 2225 916 227 512 2488 1791 1211 118 919 1667 998 928 2065 2729 763 2379 1769 1531 819 748 2026 1657 2792 114 2647 1470 1585 1851 887 639 567 2711 1354 515 382 930 566 492 9 1906 1058 2349 1154 311 952 631 2575 2459 1210 1518 813 1002 984 2097 1331 808 2778 778 1301 2381 2507 528 1778 1854 2140 1970 579 2357 105 607 394 815 481 1614 2416 2292
000839.jpg,1371 1113 2263 2152 2502 1525 2141 2572 2623 214 1280 2841 327 851 2348 1605 2678 106 1661 1866 629 1139 1602 1032 621 1084 96 183 2522 1865 2401 1144 1064 1960 1953 1632 171 1251 84 2056 1364 1927 189 45 38 2751 957 941 2612 1171 2831 2060 2182 236 894 2705 2760 2554 744 22 924 2153 2608 1365 1214 609 1283 1659 2567 2109 1738 2726 419 117 1768 2216 40 940 270 2761 2162 1288 474 198 2677 2303 2203 2404 2497 1004 592 1184 1108 2048 75 1749 1703 2737 1198 1687
000840.jpg,197 2439 1993 1045 712 1782 1544 2241 1381 1422 2836 1658 1663 2130 2840 2767 2050 2628 735 463 550 1617 947 440 179 900 1444 1328 1261 2649 1218 169 1054 1840 480 2289 1437 1417 1679 1870 1369 2375 925 260 445 2837 1623 2826 433 348 2454 1552 1489 645 26 134 2011 1253 2133 51 1710 1486 2312 563 2707 1649 1468 1029 2515 2082 1307 489 1202 2769 559 2088 2397 2270 1146 1926 1051 2412 2832 769 2419 663 2084 85 2424 194 2631 904 312 1407 1190 2790 635 943 1102 860
000841.jpg,1290 1017 1518 631 2049 2093 2282 451 1879 2140 2596 607 1058 1604 1301 2796 530 2064 921 394 1237 1567 1981 984 2392 446 1613 1909 2357 662 1978 1906 1002 908 2543 1119 778 723 1578 2085 2462 841 382 1359 2065 2361 539 2585 1621 1864 1404 227 276 763 196 1819 1089 910 2225 1583 186 1625 852 701 2042 1100 869 2723 998 114 982 945 916 337 2257 1579 1800 2792 1516 2660 153 2551 1614 2252 2496 2334 528 804 1769 1495 2491 2609 517 2458 2825 2729 2728 303 1204 1331
000842.jpg,967 135 1804 2295 2413 558 1448 2615 707 1719 2235 91 2296 792 213 568 2408 2756 1728 184 739 1478 2320 2533 1149 754 29 2021 2260 1689 2638 1945 540 1265 426 24 2143 2354 232 2673 1849 2024 1597 286 424 2172 1231 2566 1593 218 1269 2441 2827 310 1722 520 1091 1996 634 2472 119 1867 2224 1296 1383 80 1984 2785 1733 983 2390 19 2430 1533 777 291 2744 1856 2242 766 757 1529 2558 2000 1561 1914 165 2745 1535 388 293 725 1431 2728 1888 2111 2190 802 1693 1986
000843.jpg,204 2842 2741 2135 899 1212 1606 2068 116 137 2766 79 2558 722 1067 2511 2665 1935 2305 1547 1463 1134 246 1944 2041 97 350 1055 2728 2580 725 2294 165 686 447 2825 2207 2506 1056 2057 1223 2090 494 1771 1677 1998 1825 1076 2384 2248 2625 790 2435 1986 1452 1892 657 1464 2813 1889 388 332 1962 2258 2736 569 2037 2451 1130 1874 804 1793 2508 1940 2638 1841 2382 362 1061 21 1910 536 2286 988 2828 745 329 119 1126 2351 2319 2598 692 1474 289 1562 473 1515 1330 2472
000844.jpg,1146 1752 2389 59 4 1545 2082 1202 2367 1737 626 518 1799 2270 1386 312 987 188 2832 2300 950 85 826 556 547 1934 1102 2501 1405 635 2556 1316 2477 2631 611 221 2790 2044 943 1319 1656 1926 283 2312 1407 1636 266 613 1624 480 2411 2069 2528 440 904 1644 1468 2298 2397 817 735 1840 260 2189 2241 2148 550 978 2050 2574 2826 2424 348 925 563 712 2289 2817 179 2088 1630 1045 1775 2419 134 900 2185 795 1870 1411 524 977 1190 1437 1360 1422 1544 259 1684 2840
000845.jpg,835 1908 2601 2471 284 702 2624 990 1830 2276 578 1845 848 126 1107 931 502 1608 1254 1235 103 1323 1114 297 1767 1310 1340 1821 1720 684 688 250 768 1512 1975 903 1413 65 1186 1391 2388 2314 2277 398 581 395 543 1232 2644 2503 1458 529 1426 341 1801 545 737 1394 2768 962 2546 2040 2114 572 2841 1213 335 1397 364 2494 1559 1217 423 1839 2612 1683 101 2591 1075 304 2561 2381 1916 2478 1570 2677 2323 1106 215 2178 407 420 1605 2230 70 2759 522 1738 1184 636
000846.jpg,197 1710 1701 1417 1489 860 900 2084 463 1437 1307 2424 489 1486 1788 2397 606 1468 445 2439 674 2515 1253 712 2574 559 2419 2840 1658 348 2076 1208 2769 904 675 2767 2753 1190 1045 134 906 2375 2826 1870 2628 1054 1782 1218 2011 259 1123 2241 1552 433 1381 1627 563 2724 977 2289 1663 480 1428 1983 1948 2652 2312 1369 2544 1617 260 1328 1878 645 1029 2649 978 26 2044 2050 925 2707 2836 970 1649 179 1624 2130 2626 1993 178 2454 2501 1261 2832 965 1319 1362 319 1679
000847.jpg,571 1699 2029 332 554 2743 289 1890 868 1065 555 1888 1431 1256 176 1562 1553 1033 142 427 2217 1492 1393 1430 417 2384 569 2668 1398 2415 2078 2451 340 193 597 988 361 21 62 2333 802 886 2117 1793 1886 1418 2568 2108 866 1053 681 979 878 2380 2786 2267 1686 429 2227 432 199 121 1236 733 743 536 901 1588 2423 500 36 2090 323 2032 680 56 893 1268 1668 1189 2602 1499 1132 302 78 1041 370 2047 2421 2578 1374 1038 1272 1910 1337 426 1616 1597 2115 1521
000848.jpg,2045 2023 1584 2755 747 770 258 2545 2034 1320 1796 1948 1586 1416 497 64 1096 1362 1897 2046 48 100 2721 992 715 1640 155 1569 2815 1316 2272 562 305 439 2134 2836 51 1381 1218 1051 1496 1965 1636 1658 2213 26 1782 2241 1446 319 1294 2713 1660 2817 2376 892 2246 1319 817 1123 2158 1029 1258 2100 46 2635 2767 2607 2650 1630 2556 704 1837 1701 1815 2352 349 1860 403 2735 2628 2692 1939 563 1572 1870 1615 463 2517 1307 2633 273 161 665 345 77 1710 1840 2481 925
000849.jpg,197 2439 1993 1417 463 1045 1658 2375 712 2840 2289 2628 900 2241 433 1489 1710 860 2836 1701 1437 1544 1422 1663 179 2050 1381 550 1782 2130 480 1840 1486 735 2649 348 2397 2826 2419 2082 1870 559 1253 440 2270 925 1617 489 1386 260 1468 1369 1926 2832 312 2084 134 2767 970 1102 2454 188 1656 1788 1146 2312 904 26 987 1307 2790 1934 563 2424 1218 556 1624 1029 2515 85 2769 2528 59 659 2574 1407 547 1428 2501 524 626 1552 769 943 518 445 1328 2044 1545 1737
000850.jpg,2797 2844 891 352 1539 2269 2092 2833 2139 299 2576 90 2371 1549 428 264 2473 2484 1982 2776 2455 741 837 1291 1238 667 1009 17 1735 2403 2063 1815 1122 1159 846 403 1814 2731 573 1571 1698 2175 267 2138 1925 1589 642 2223 2338 1338 2189 2100 2412 600 195 2486 1619 2226 1994 226 1622 2094 262 888 2255 1349 160 2253 1078 2717 1409 1540 879 1530 317 1295 867 1618 2811 1421 687 1807 2385 1824 668 1242 1863 1095 234 969 537 1071 1826 472 2340 2738 2273 2607 1607 1341
000851.jpg,2792 118 1583 567 998 1791 9 1579 945 919 1354 2711 841 1179 2065 1769 952 2491 639 1578 2328 808 2778 1854 1920 382 517 2647 778 1977 1470 2252 2729 1970 930 114 227 1770 1667 1657 2682 928 1531 887 916 1851 2723 2379 982 1063 1651 2225 763 2575 748 2042 819 98 776 1819 1625 1864 353 923 1585 2361 1963 2349 2304 579 869 515 975 585 2256 196 2067 2582 311 2081 1528 276 2462 1042 2459 2496 1204 2336 1518 247 2334 25 151 2103 1344 492 2353 825 1271 2488
000852.jpg,1034 493 2461 1276 2374 2174 1392 1234 2672 548 210 2418 1724 294 1765 1664 1196 57 1861 793 1575 2184 280 976 1580 746 1358 2327 801 1859 2229 1457 885 133 583 1375 1792 263 1776 588 1758 2590 570 797 1350 857 1072 756 2456 2739 1877 2125 366 2838 704 2659 1043 2004 228 1887 720 1930 2039 2548 1665 2332 1191 1229 2321 1279 689 1542 1551 2356 1081 77 2123 2186 2330 422 656 1497 2206 1675 421 706 2694 1947 438 859 2581 2187 242 2662 1086 880 1345 2703 2844 158
000853.jpg,401 453 2163 399 208 1510 595 823 2587 1628 2055 141 1717 73 437 1599 1233 760 2074 99 380 1145 1872 2469 731 461 477 1976 981 2655 2126 1160 2098 1023 1047 2747 1682 174 694 612 320 1784 2122 172 2161 2691 177 72 1911 2829 2679 816 1085 164 1903 156 2452 2775 2722 1504 2636 2355 1163 2577 1436 1479 2009 2218 222 1267 1387 850 1415 1241 2318 2147 1621 460 1236 2362 2512 2015 2380 1305 2572 2156 2464 2420 836 1430 1798 2488 2299 2267 2404 2293 2725 745 1688 1474
000854.jpg,1882 956 1797 732 620 820 181 1318 115 1541 1487 546 2807 2043 636 448 1536 759 650 2171 2666 2643 1697 1702 1400 2503 1260 1188 2278 2476 644 1199 285 475 2816 582 807 1221 661 2688 1916 953 924 6 398 1471 1922 2442 2720 1880 1726 1768 334 2346 229 1336 2386 1891 750 1083 1761 2387 2761 2823 1687 829 1013 1995 1206 1560 2425 2756 1449 2678 2080 2620 2810 387 2194 2048 1609 1767 1458 215 2040 38 328 2238 2072 341 922 1594 1802 436 2168 971 1346 1603 2020 76
000855.jpg,2045 2023 1584 2755 747 770 258 1320 2545 1796 2034 2134 1416 155 1948 64 1586 2607 1640 704 1660 2633 497 715 48 2373 1191 1542 157 77 100 1362 439 2046 1096 1897 2767 2385 992 242 2619 185 718 706 403 1432 470 1522 386 2771 1258 1877 51 2836 2272 562 2721 656 1029 884 1939 158 1815 2739 2229 319 2332 2069 1341 26 385 1440 161 305 1857 888 2481 1294 1549 2215 1607 1009 1816 1716 991 1776 2517 2266 879 2158 837 472 1218 2431 1348 1051 2703 228 577 1316
000856.jpg,2669 2025 225 192 61 1780 207 2396 1787 2794 2280 2173 1781 209 838 139 2164 239 245 654 2091 1127 408 525 1282 49 356 296 1506 653 1274 1141 2232 418 383 27 52 290 2311 1472 1481 2693 2017 2470 1505 1248 1435 2070 1011 1216 2531 2053 1124 625 216 1356 1475 679 1662 534 806 1465 1598 2429 1924 1438 2565 53 471 2244 113 1140 780 1961 1635 1967 449 1024 363 1918 2285 390 786 1037 858 2690 1715 2137 2059 2236 936 999 455 252 782 484 452 331 2806 402
000857.jpg,629 2677 1949 1371 1144 1865 851 941 2152 1661 2263 2502 1113 2572 1525 327 2141 214 1960 84 40 2623 2421 592 1038 609 106 244 1602 1987 1605 2161 1041 1616 96 2162 1659 281 2115 474 882 1744 481 2571 2348 1632 1723 270 640 815 1032 1766 2109 2210 2678 2404 1280 2726 1927 23 1283 1272 1064 909 1754 894 1891 37 13 1757 2056 509 2153 1738 844 1108 2494 940 2216 2705 123 1696 745 957 2522 1336 744 2521 2116 325 2182 419 2751 1080 1232 1749 2554 2671 482 834
000858.jpg,1425 1380 396 2627 1200 222 1933 850 897 2218 2512 1504 1790 905 2420 946 1263 1750 2071 1267 2245 1305 836 2362 474 2410 1219 2030 1911 1621 1322 1436 2463 2645 2355 1641 644 1423 45 2096 935 1736 1006 2452 2831 1064 2086 2514 1749 2642 325 2156 2522 2056 488 2446 1671 621 755 2249 2705 42 1447 1066 2401 2688 2432 1321 1474 745 2442 1469 783 2450 2313 459 2394 2572 1709 2706 2216 1226 971 1785 2464 16 8 1106 1559 171 2404 75 99 1206 272 1957 1203 831 1364 1090
000859.jpg,2152 2502 1891 1605 1865 1723 214 2841 1371 1113 1139 1603 2263 2348 1525 6 2816 2141 420 1602 1397 1221 2768 1738 285 2346 629 510 582 2521 148 327 106 1916 1488 2203 1661 851 1953 1866 807 2179 475 2623 594 2666 1768 2572 1283 1083 2567 546 732 1502 1171 941 1702 650 2171 2761 2043 1108 1032 2048 270 620 1184 2494 1280 1541 820 84 2751 2810 1979 1214 1858 2643 924 750 609 2831 940 1659 1364 96 1632 1251 2109 198 2401 2497 1927 953 1203 22 75 2554 189 2573
000860.jpg,392 1419 301 2331 257 1479 519 937 320 2843 1200 1495 1871 1731 1682 1992 1894 2613 1387 2377 1138 2318 1707 2763 535 1527 2609 1676 288 2458 1442 1779 1385 1800 1007 730 1002 2420 1645 966 416 773 1068 406 1325 1705 2341 2543 338 2145 2600 1969 2299 1142 1131 1243 1267 99 2102 253 1466 2516 339 908 1020 1384 2290 2243 2830 336 2660 435 2560 1119 1309 1966 1581 1498 2746 2730 1526 1978 2519 1040 2680 2151 2518 1511 2262 1370 1750 1783 2394 2492 1311 1718 676 355 186 629
000861.jpg,2045 2023 1584 2755 747 770 258 1320 1796 2134 2545 64 1416 2607 1660 704 2034 1640 577 2633 1815 562 1586 403 2481 1948 51 155 497 1939 1294 305 307 1009 319 837 48 2385 2781 1258 1446 2158 867 1096 715 2100 1542 1029 665 1191 2635 1572 100 913 157 2721 242 463 77 2215 414 2735 1071 2332 2246 439 1159 1530 992 2776 1522 706 185 133 1362 127 1270 1816 1229 651 228 2767 2046 2619 1078 1897 846 1432 892 718 161 573 511 2094 2672 2654 2123 884 1615 1877
000862.jpg,395 529 2644 962 2323 1801 572 1230 2277 1798 1394 1334 1361 646 2000 1451 545 2054 1683 2787 1559 1175 215 436 989 485 364 101 737 727 293 1306 589 1951 658 1106 2040 581 1427 803 374 304 1900 2113 2759 251 1971 341 2381 2178 2066 1257 2579 2114 2504 1213 2242 2540 1883 1898 1839 1353 2546 766 714 1115 1786 76 2238 1035 1389 328 853 789 1207 1558 898 1087 1834 431 2015 240 614 1561 1928 2149 2784 407 1166 1252 461 1357 483 1300 2510 1976 1312 2656 2421 2561
000863.jpg,2629 2120 2539 2428 2031 1429 2221 1070 2798 729 377 964 2038 358 2578 828 1399 2083 1337 672 2828 1668 1764 2335 1952 2640 2602 933 865 2570 1266 1374 2808 2839 2795 1249 1329 1910 13 640 2520 2210 1272 400 2671 955 45 1521 2056 2522 2401 2612 621 2448 1064 2182 1364 2047 183 171 2608 2760 698 236 1425 2032 2464 2831 1189 370 2661 1251 398 1255 2562 2720 427 986 2571 1049 827 323 1536 959 644 2116 2141 2512 2568 571 762 78 42 2503 56 1596 2278 766 2705 1217
000864.jpg,2677 629 909 941 1865 275 1949 2161 1400 281 1144 2494 84 1184 1687 586 1922 327 37 1082 2620 1502 745 1570 1726 1308 443 117 325 2791 1199 1198 448 1487 924 2535 1591 2303 762 1866 1006 1474 1315 2573 1738 1080 1908 2841 1471 23 820 1205 1763 2571 1232 1336 1659 2179 298 2706 1108 882 1113 1525 474 335 300 2572 1013 1371 123 1916 690 2503 334 2197 2678 1363 370 115 2160 1283 1703 2346 1995 1884 122 1768 2216 683 396 851 953 2109 2153 2627 1090 475 1194 2203
000865.jpg,1146 1752 2389 59 4 1545 2367 2082 1202 1737 626 518 1799 1386 2270 188 312 987 2832 950 85 2300 556 1102 2501 1934 826 547 2556 1316 2790 2477 1405 2044 1656 221 611 943 635 2631 1319 1926 1624 2411 2528 2312 283 2069 1407 1644 480 817 1636 440 613 904 260 1840 266 1468 2826 2574 2397 2817 1630 550 735 563 2419 2298 978 134 2424 2289 2189 1360 1870 2185 1775 925 900 179 348 559 2652 1437 2148 345 712 1190 1544 524 2050 2241 2088 1045 1629 1491 2588 1422
000866.jpg,835 1107 1908 284 990 1608 2276 1254 2601 2471 1310 502 702 1340 2624 578 250 684 1830 1821 1512 1720 1845 768 848 1975 903 931 126 65 2388 297 1235 103 1323 1114 1767 688 1186 1413 1391 2314 398 1839 395 1232 2644 1458 1570 543 1426 529 2478 2561 1801 1217 2277 70 335 2503 581 522 1557 1916 2077 2116 2612 2777 2677 2768 1864 962 2386 1819 2128 364 1035 423 2494 2230 2040 2591 2510 1075 2772 1080 1397 2496 1125 1922 167 1753 737 298 1394 1198 461 1726 1390 341
000867.jpg,1300 2066 2113 1213 898 2178 304 1115 2546 1087 853 714 1558 1389 465 2072 1928 1197 1166 1785 1207 2493 2409 803 1394 483 1590 614 895 1561 93 617 1883 1228 1137 2324 2784 1773 251 1161 485 1175 374 1513 1847 1795 1353 240 2242 1798 2759 540 789 499 1257 1427 1951 2787 634 1306 2542 2430 1334 2143 24 727 407 1631 1593 1535 2224 215 2540 545 2579 646 1801 291 293 658 589 2054 76 1971 2504 1689 962 2022 1093 1597 328 1230 2024 436 2238 1898 1333 529 182 1346
000868.jpg,1052 1305 2750 2201 755 2512 2342 1736 2432 935 2450 1806 1436 1638 2645 1709 850 1321 222 2218 1098 2362 1504 836 1933 2096 2156 897 2071 1790 2355 1387 2691 1911 981 1330 637 2074 217 255 619 2617 2736 1910 1935 506 380 1521 73 1554 2657 1353 2083 521 1463 2825 1593 1337 2308 2041 2140 1883 2712 477 2784 1599 988 1433 1189 2578 660 1363 193 1301 56 1370 2704 1962 2426 1604 204 2420 451 760 2257 96 240 682 246 2569 483 491 1606 141 2452 2438 2296 1985 754 447
000869.jpg,767 277 1938 1443 889 1833 2686 1747 2496 211 1460 2532 369 2315 1989 2510 2702 1980 2818 951 431 2015 1834 1418 1252 2478 2777 2522 1064 1793 45 2077 1277 617 1065 417 1605 1686 2056 2497 1562 2668 13 2108 940 1272 1074 332 1176 1342 2217 886 2058 713 75 1091 2772 36 2335 2182 597 803 569 2384 20 1371 1087 1203 198 581 70 2700 997 1343 1004 1561 2571 1125 824 1753 576 1401 1727 2415 236 745 1431 2190 2760 2463 2242 500 95 1749 2203 132 1890 76 2421 1047
000870.jpg,243 1105 1554 1396 1370 355 813 2257 1331 2696 1673 1614 1384 1742 908 966 2458 1495 2660 337 487 1681 2600 1705 942 2049 1906 921 530 2085 1567 660 2064 54 2782 2543 360 710 1893 542 2336 1604 2259 1237 1853 320 2369 446 2136 393 1301 1119 459 50 2678 394 254 2664 3 1739 2426 765 1637 1000 2490 1002 1642 2518 2249 2803 1083 825 451 193 2194 1198 1806 1094 14 1031 2410 1221 2720 691 1726 1387 2831 2140 2608 236 2405 629 546 1676 1985 409 2492 2318 37 661
000871.jpg,2282 1290 1017 2596 2064 631 1518 921 2049 607 2796 451 2140 1604 530 1301 1058 984 1567 2093 446 2392 1237 1879 1981 394 1613 1978 1909 908 1002 1906 2543 1119 662 1621 2085 852 660 2257 2357 942 1554 813 2259 542 1370 1384 1673 1853 360 54 2782 966 983 2638 2190 1742 1212 243 1396 710 1739 2458 1401 1105 1804 1331 1000 617 97 899 1342 1035 713 36 1733 1719 1474 2135 1722 1269 2827 905 2041 1606 1296 2217 2404 1529 1740 1888 163 2700 1935 1478 832 1425 1383 388
000872.jpg,2649 1870 925 348 480 26 1369 2454 2769 2714 550 179 663 2538 712 1417 421 2375 1422 689 1489 2574 1710 2123 2581 570 1665 445 1190 2838 463 1193 1930 2125 1758 1792 260 2004 2418 704 611 1551 2044 1552 188 524 2039 2501 559 1701 2840 860 1319 2327 2817 489 2424 280 817 1934 2456 1580 2130 2528 1486 197 1901 2411 1102 2312 1624 1861 970 1895 1437 2148 2419 2676 74 2652 57 1948 2397 2206 1345 1656 1468 2084 2694 2356 2790 756 2626 1983 659 134 1172 884 1788 1644
000873.jpg,629 2677 941 1949 909 1144 1865 281 2161 474 84 2494 327 2627 1916 907 882 275 76 1371 2346 1184 851 1541 270 940 1641 2503 1206 123 1502 2072 853 2421 1283 475 2245 986 1198 2572 714 820 1004 1957 23 1928 1166 1412 1113 1207 2216 2179 2726 1740 1922 1768 1087 1038 1106 198 272 75 1263 1343 334 1687 322 1558 750 1798 1960 1423 1175 905 1954 1080 2542 1222 560 117 2162 1180 2497 2154 115 2203 485 1420 39 384 831 676 989 783 898 2152 1882 1738 214 1400
000874.jpg,106 2152 96 2263 2502 2554 1927 1632 894 419 1525 2153 2141 1371 1251 1083 940 2401 620 732 2678 1661 2522 2623 214 2567 1032 1605 1364 1727 621 189 45 1004 2048 2056 1856 1171 2831 181 644 2737 2060 1702 2720 1064 1749 2572 2555 949 2203 1343 2612 2562 2442 2705 2807 1434 2112 2441 2111 1280 198 1318 2841 1726 1288 762 1768 2202 1103 1365 1263 1283 2761 2751 474 1703 2760 171 84 1797 1914 1336 2182 2245 1865 1999 1483 2386 1536 2571 510 2643 2827 2348 1214 1738 1108 387
000875.jpg,1672 1749 1178 834 2058 2700 1995 1277 2437 2317 2249 1990 1727 761 832 2555 1836 376 1483 16 34 2523 2422 1713 1714 1535 1447 1838 1224 576 1116 2202 1469 47 44 2190 2745 1176 2129 2180 2785 88 1346 695 1914 683 1476 132 1996 983 2547 1161 2827 1091 1847 2441 824 1513 777 617 465 1044 1593 1856 1561 1087 95 676 1228 1449 1773 1300 1631 1795 596 1425 1785 291 2522 940 2111 789 853 1693 1064 45 2542 310 1343 1364 1103 898 36 2112 2056 2242 783 1004 1488 2224
000876.jpg,1948 1416 1096 1897 1362 497 1586 992 2046 2352 1218 2721 1569 2272 1051 2815 100 305 562 51 1796 64 715 1860 155 2755 2034 2767 1316 2241 1381 1782 1261 1993 1584 2556 259 1658 1640 439 2713 2213 1123 2545 1617 2836 319 712 1552 2650 1307 2045 194 48 1878 2826 168 1636 2133 2312 1045 2628 231 2023 260 2076 1496 1437 770 201 2454 563 611 2088 925 1901 900 1468 1369 26 659 674 1710 1388 2433 258 1208 978 906 1319 2424 2652 1422 2544 2138 1148 74 1046 403 2714
000877.jpg,2282 1290 2596 1017 2064 631 1518 2049 921 2140 451 2796 530 1604 1301 1058 984 1567 607 2093 2392 1237 446 1879 1981 1978 394 1002 1613 908 1119 1909 662 2543 660 2257 1906 1621 2085 2357 1673 1331 1614 2259 1396 813 2782 1066 1224 360 1145 542 1554 852 942 2696 1742 1384 2190 2458 2827 243 2262 1370 983 1853 1226 1178 2568 1804 1401 2410 2441 2111 2377 54 870 2000 1342 1713 1206 1087 1074 186 337 2523 1527 474 1105 851 2362 966 1116 949 617 2072 836 95 132 710
000878.jpg,536 340 121 569 2090 332 1132 979 193 988 2227 1588 2786 1431 2668 36 1268 176 1562 2108 1699 1065 1393 2384 2217 2117 1890 1033 1256 733 1449 289 142 1793 866 886 1492 1418 571 1888 597 2415 2743 1686 554 417 427 2451 21 1553 2078 901 500 555 802 1886 1430 2029 429 2568 2333 199 868 2267 1398 1236 2380 361 62 432 1053 1499 893 1329 1764 680 681 2335 878 672 292 2828 1668 213 302 2839 568 2570 1910 2638 2566 2602 400 933 2423 2038 1266 2464 119 2533
000879.jpg,2117 1431 866 733 36 1499 1699 500 1492 142 1053 2078 680 2333 1886 432 1553 2267 1236 1430 802 1890 2380 199 555 878 1256 429 868 2668 1888 554 2029 289 1562 681 176 2217 988 332 2384 743 2743 1588 21 2227 1268 340 1398 2786 2451 979 2108 1449 427 361 2423 2568 536 62 417 1033 1393 193 886 121 568 597 2415 1418 1793 893 1132 569 901 302 292 1686 1065 571 91 78 1597 2387 634 2224 24 1478 426 2143 2090 1206 1364 1149 370 2638 286 2533 323 2673
000880.jpg,204 2741 1212 2135 899 1606 2766 2558 2842 137 116 1935 1463 2041 97 1944 2728 725 165 1134 1055 2305 1547 2825 246 1056 447 2068 1940 2207 1067 2511 1130 1825 1986 2506 2294 2736 692 1223 2435 79 722 2813 1874 1126 790 1841 2248 2057 350 1962 362 2382 494 1464 1677 2292 2665 647 2319 677 2258 682 442 2719 1937 1771 2625 657 2438 1076 686 2393 146 1892 1639 2683 2286 2708 2037 2569 804 135 1592 2639 1998 948 1899 1408 491 444 1185 864 2291 271 2440 274 1725 1777
000881.jpg,1179 1579 2792 945 841 2491 9 1583 567 2328 118 1578 998 1977 1791 2682 639 2252 1470 1920 2647 1354 1651 1769 919 887 952 382 1770 2711 2065 517 227 2778 1063 1531 778 1667 808 114 916 2723 2729 1854 1970 748 2042 930 2575 982 2225 763 819 1657 928 1819 1851 2379 1864 1585 2462 2334 1625 98 196 2081 1643 353 1042 1493 585 862 869 2146 276 2067 776 1351 1942 719 271 2008 910 190 526 604 1721 723 247 914 539 2018 515 764 2256 2499 2284 2103 864 1157
000882.jpg,1272 1910 640 2210 2421 13 2520 2671 680 1038 1041 1949 2578 1754 828 1430 1553 1337 1616 2267 2380 1256 2083 1236 1886 2217 1699 2115 377 244 40 2387 36 2117 1431 865 733 988 536 1960 1132 569 332 592 1793 323 193 500 2090 1562 370 1189 2415 1588 21 2384 121 2828 851 672 340 2451 417 866 1668 1890 2162 1426 743 289 1888 2423 2668 2602 979 2570 2568 2227 609 933 2078 56 698 119 1398 142 2726 1785 1374 2521 2108 2032 901 1065 1891 1836 199 1033 617 2566
000883.jpg,2713 2545 100 715 2721 1796 1569 48 2034 64 562 155 305 439 1640 2433 1453 51 2376 1860 2309 1490 201 1901 2650 563 2826 168 260 1878 1148 231 2289 817 1123 659 1584 1316 784 1307 1948 2088 2556 26 2272 486 2652 1319 348 900 925 1437 2817 559 1369 2424 1658 2649 978 1870 1656 1428 2454 480 2714 606 1782 611 2769 1934 2337 197 1496 433 2397 188 2007 2836 259 2084 178 1737 1624 1381 489 550 1051 674 1045 712 1617 2815 950 1848 2501 675 1627 319 2626 1926
000884.jpg,1786 1257 1971 1106 2000 1451 989 1559 1357 1180 926 751 581 564 76 39 1361 803 1818 2495 789 230 2114 1091 2281 1207 2072 483 2579 240 2504 2288 1087 1672 714 2759 2054 1996 1558 766 1801 2540 614 2785 2784 251 2224 2238 2409 898 895 1300 1137 93 1166 1590 1561 2242 215 1161 1928 1178 1427 777 328 1883 341 374 1513 1900 2437 101 646 1346 436 1773 1804 529 1847 2040 364 832 1749 967 1230 2695 1898 1115 834 2381 29 2700 407 1353 465 853 2533 2190 1093 291
000885.jpg,898 853 1300 1087 2072 714 1558 1561 2066 1207 465 1928 2113 1213 1166 1197 2409 614 1590 895 540 617 93 2493 304 2178 1785 803 2324 1631 2242 1115 2546 1535 1137 634 1389 1346 291 2143 2430 2542 483 1597 24 2024 2224 426 1593 1689 1257 499 1228 1161 1334 1175 2827 2784 1773 485 1019 1883 310 1333 1798 407 1513 1847 1685 954 63 1353 1298 149 940 2441 2022 2054 76 182 1093 1693 1343 2656 240 2149 739 2112 1795 727 1971 1004 1434 1786 1951 2016 1357 1394 251 1064
000886.jpg,1371 2152 2502 1113 2263 1525 214 2141 2572 2623 1280 2841 851 1605 2348 327 1602 1661 1139 629 1866 1953 106 1865 1171 2751 2678 1214 22 1032 1960 1738 2567 2109 1084 609 2401 744 1659 96 621 2612 957 2726 38 924 40 189 1632 1927 941 1364 2404 420 2522 84 1144 1397 2162 1064 2768 2705 2831 1251 2060 171 117 2203 2056 510 1488 2182 1744 592 2521 183 894 2677 1283 23 2554 2760 2216 45 1184 2153 1766 20 2303 2457 2030 1365 509 1203 2179 1687 1342 479 270 1891
000887.jpg,1132 213 1588 121 707 2408 1728 536 988 1533 193 757 135 569 2295 558 2090 967 2413 2533 754 2756 2320 29 1448 1431 1149 2615 184 36 1478 1231 286 1849 2021 1945 2172 1265 2354 119 2638 232 332 340 1719 80 424 2673 520 1268 1804 1296 91 2024 2260 2078 1699 2566 24 1383 2143 1492 142 426 866 218 2117 802 733 1256 568 1236 1597 1269 1984 1430 1553 1228 2235 19 1867 1888 1722 901 1562 1785 555 1886 2743 293 432 2224 1890 983 1033 2668 634 2217 868 429
000888.jpg,1929 1275 2806 295 1730 2687 2301 2407 1008 331 484 1026 108 655 999 268 726 2236 1831 2059 2429 1655 467 452 1220 753 628 131 1022 1662 1706 430 927 534 2062 1912 1378 1789 2634 2398 464 2285 840 806 1475 1273 326 31 643 53 33 1438 2715 389 780 580 2244 1097 159 758 1875 2698 2773 471 1822 495 1039 1293 1941 2693 782 1465 241 478 1843 2470 200 1143 363 1503 1018 2632 1297 2765 418 2611 1048 290 1011 125 1635 390 1692 1472 1715 314 1124 89 2142 786
000889.jpg,1752 950 2367 2556 1316 2069 1496 1965 1146 1636 2815 1202 2389 518 1799 2272 59 1545 4 626 2300 613 1737 2082 1926 2790 826 1102 1386 2270 2631 987 221 312 943 2628 85 188 2832 1840 194 2477 817 1656 1405 2501 1051 1934 635 283 266 2817 1624 2439 440 2241 1407 1658 2352 2528 547 556 965 2044 2411 1218 1045 1644 1319 2397 1428 134 197 611 1544 1381 480 1627 996 1491 900 2375 663 2530 970 1663 348 712 769 1895 978 2289 2312 1855 563 2826 735 904 1253 489
000890.jpg,1349 307 1 2727 1025 1520 2399 352 1572 234 913 1571 203 17 2339 573 551 1059 2340 642 969 1618 1514 1242 195 846 1509 1540 2138 1338 273 1837 2100 600 2255 317 1698 2486 342 262 1807 1629 2524 2811 2338 1295 511 127 2226 697 888 1539 472 2223 537 2412 147 349 1095 2444 1803 1925 2104 557 2607 961 2385 2175 1366 71 687 2633 90 1409 1994 1619 1735 2253 1660 2158 810 1863 1815 2063 1622 958 2635 1824 2717 2529 1215 667 2595 2797 2834 1811 1167 879 891 2403
000891.jpg,197 2439 463 1417 712 1658 1045 1489 2840 2836 900 1782 1663 2289 1437 1710 2375 1381 2241 2628 480 2649 1870 2767 1369 2050 550 860 1993 179 1701 1422 559 925 1544 1486 433 26 348 2130 2419 260 2397 489 735 2084 2424 1468 440 2826 1656 2454 2832 970 1934 1552 445 1407 1102 2312 1545 1617 1624 1840 1328 2082 312 659 1218 947 188 943 1146 2574 1029 524 1307 2790 904 1253 1644 1737 977 563 1319 1983 59 2528 2501 2652 4 1926 626 2515 2270 2817 2389 1190 611 1386
000892.jpg,2414 107 1177 2550 1507 2604 2641 2176 55 397 1104 728 1669 1194 575 2019 834 2058 1727 761 1277 2555 1749 1691 2249 400 2661 1995 2754 584 1523 2437 20 827 479 2726 2317 2573 1483 1957 831 1401 384 272 2494 306 1672 1482 1288 2179 1738 373 2216 2162 1641 905 1044 845 2203 1203 896 2214 198 738 327 560 2695 2224 15 2497 1785 409 376 289 2521 1529 2620 333 1420 1469 713 510 1744 609 1222 2288 1922 2567 1535 1449 1106 1228 2182 39 783 1733 1300 420 1430 2488
000893.jpg,2068 1067 2511 79 2665 722 1547 350 1134 246 2305 2842 116 137 204 1463 2135 2741 97 1606 899 1935 1212 2041 2580 2766 804 686 442 329 140 2825 2736 2598 2558 1962 1076 2319 2292 1452 1464 1868 447 1126 2436 2728 725 2382 692 1940 1055 2248 1130 2506 165 790 1183 2813 2207 2258 2286 2719 2294 948 1841 1825 1944 1986 1056 362 2393 12 1937 205 1639 974 531 1591 1777 104 2090 443 91 508 70 1533 1006 2624 103 843 1499 2777 2551 1057 2478 984 1186 1677 866 2359
000894.jpg,1272 2520 13 2210 729 640 2671 2798 1910 2629 2428 2539 1429 2578 1337 828 2083 865 2120 2031 2221 377 1070 2421 2038 1266 964 2570 1399 680 2032 933 1668 672 1189 358 1949 2640 1952 323 2335 2602 2828 56 571 2839 1374 2116 2808 370 2387 1521 2227 2786 1793 1041 2795 1764 1754 1329 2047 1038 2415 766 1806 1364 2238 691 506 328 2048 500 171 569 1420 45 2451 1768 2249 2401 1844 2056 2668 1562 1074 762 2384 1888 1890 1251 2612 427 2108 1553 2571 1430 713 176 2522 1880
000895.jpg,1870 2649 26 925 348 1369 2454 480 2769 550 2714 179 663 2538 1422 712 1417 1710 1489 860 1701 2375 1045 2130 463 1782 1644 1624 2817 1658 1381 2836 2528 2411 421 892 1796 704 817 1934 1407 2050 1630 2241 1926 2790 260 1656 197 445 746 1930 2123 1360 2332 188 2356 1102 2832 1617 1328 2659 1319 1358 570 2044 1948 611 48 947 857 2501 1190 1569 64 46 1029 2840 305 2039 440 1993 756 987 1146 1887 1776 2011 1218 201 1054 1664 228 518 2628 1416 2327 659 1840 2767
000896.jpg,197 1417 1489 860 1701 1710 2439 463 2084 1870 1658 489 2649 348 2289 1993 925 2628 1045 1788 433 26 2767 712 1782 1437 900 2424 480 1381 2836 1663 2397 550 1218 179 1369 606 2241 2050 1328 2790 2826 2375 2515 2130 1307 1261 2034 1656 2840 2769 1407 2312 1627 1649 1624 1102 817 260 947 559 2724 1934 1253 1617 1190 1544 2652 2454 2832 1029 563 2419 2817 1468 169 2501 2753 1486 1644 440 1051 2044 134 2088 178 904 2528 2574 1411 622 1926 1422 735 1054 221 970 1679 524
000897.jpg,564 2495 1180 2288 926 2281 1357 1818 39 1786 1106 230 1257 76 1971 989 1559 1996 2114 777 751 1091 2129 581 1451 2000 2224 1361 2785 803 341 1116 1224 1346 1713 683 1714 1683 2317 1900 1044 1914 47 374 2180 2381 215 832 2579 2700 761 1836 1207 1990 2422 2238 2202 436 2190 1561 1838 2745 1178 1672 1476 766 88 1353 2523 2437 2040 1898 1535 1447 2072 737 2249 328 34 1798 2540 44 2759 614 407 1883 2296 895 1801 1469 576 1093 251 1995 93 2446 2555 1856 2441 2695
000898.jpg,269 1548 1980 2702 2315 2685 531 2359 676 1940 368 1443 1397 1462 420 126 73 2768 1986 1767 1725 1088 1916 2074 205 104 2746 931 2 1114 1833 751 1599 1423 1720 2000 277 1508 1711 2663 889 475 315 1570 2346 2128 165 1938 1130 1183 1602 2494 1488 1605 2161 702 1821 2568 250 1954 767 1591 1825 1340 380 431 2624 745 339 1784 1830 2217 465 1841 2015 437 1845 1641 1793 1853 1357 1747 2506 362 848 1608 1723 1738 1106 1252 444 1426 2499 796 461 2653 694 1559 182 2324
000899.jpg,727 589 658 1175 2066 2113 485 304 1213 2178 1951 1389 898 1306 1087 2546 714 2072 761 834 1558 1207 1300 1394 1727 1115 1749 1361 783 853 2249 1798 1995 2555 614 1785 2058 2022 2179 1277 1333 949 1738 1801 2242 16 1343 2054 2787 1161 2000 1502 1184 2203 1228 1561 1019 2726 1288 272 63 2521 1865 327 594 1605 1074 1230 2216 1703 1488 2494 2737 1957 510 420 1451 851 75 1447 1683 479 1693 1093 1137 691 310 1420 1166 322 1363 1298 940 713 2114 293 40 789 2497 37
000900.jpg,1145 2636 72 1688 2009 99 1784 694 164 172 1415 1241 1089 2775 2274 174 156 1404 1808 1100 1155 2577 2722 460 2747 141 731 2098 1023 1976 2055 461 612 1047 1160 1872 816 1163 401 595 760 2655 453 2126 823 1717 2679 2163 2469 477 208 177 1085 2829 2122 2074 1510 2587 1599 981 1903 2733 1628 380 437 1233 2161 399 2684 1667 2106 827 748 2388 400 1517 1797 462 1063 1232 2661 1382 530 1401 693 1237 1835 1909 2452 666 2525 2192 73 2128 1839 1585 1981 2510 446 1074
000901.jpg,2669 2025 192 225 61 207 1780 2396 1787 2794 2280 2173 1781 139 209 838 239 2164 245 654 408 1127 2091 356 1282 296 49 525 653 1506 1274 418 1141 52 2232 290 1481 27 2693 383 2017 2311 1472 2070 2053 2470 1011 1216 1248 1124 2244 1465 1505 1435 1475 786 1924 2531 780 1755 1356 53 625 2236 216 1635 806 363 1967 220 534 679 390 1140 471 1024 1438 1715 1662 2059 1961 999 2429 484 1037 2806 31 936 346 1568 2285 2690 331 2765 314 1050 2557 113 1598 295
000902.jpg,197 1417 1701 1710 1489 860 2084 463 489 900 2424 1307 1437 445 1190 348 2767 1870 2439 712 606 2289 1486 1468 1782 2397 2574 1658 2769 2515 559 2826 2649 1045 1788 2840 1381 1253 480 904 2044 1369 2501 2076 1624 2375 925 1029 2419 26 260 2312 2753 1218 1319 2652 674 433 1663 2011 2628 1328 1208 134 179 1627 645 1934 563 1649 675 947 2241 1054 1656 2832 1102 817 1948 2836 2050 2454 965 1617 2724 1544 1071 188 2817 1428 977 892 1983 1775 550 312 1444 1679 2717 2088
000903.jpg,2394 105 1778 1970 1946 778 2711 11 1657 517 1854 114 382 2536 1770 2729 883 825 779 928 765 1142 2793 311 2446 1454 2336 975 1246 118 1403 2642 1210 7 282 2723 2697 1239 916 599 579 1574 94 666 2434 1136 1367 490 2087 2718 2824 2560 144 615 2519 2284 227 462 2349 2417 923 1020 2209 1985 2537 66 1920 808 2147 1105 153 1040 2005 1368 515 567 2065 1271 1396 1424 2097 1583 639 1100 14 512 678 717 652 2647 812 337 2696 774 1966 914 2405 1634 2830 2658
000904.jpg,1834 2015 1252 951 2818 18 2663 2 1842 601 2077 2478 2777 70 2772 1125 1753 431 2510 2561 1035 1839 1759 2757 1557 522 2622 315 2161 1390 2667 2624 2686 1938 2000 1114 1833 529 1693 1443 2728 1801 848 202 2320 962 1747 889 1075 2656 436 754 364 931 1845 29 2533 1830 1798 395 1418 2021 249 1406 737 597 581 417 1012 404 2644 424 702 2324 2566 1810 1686 1786 803 779 126 646 101 940 19 286 680 1559 2149 2673 215 2786 310 929 39 2172 2827 1818 1107 1971
000905.jpg,1146 1752 2389 59 1545 4 1202 2367 1799 518 626 1737 2082 950 1386 2270 2556 312 2832 987 188 1316 826 2501 85 2477 1102 1934 2300 1405 556 943 547 635 1636 1656 2069 2631 2790 613 221 611 2044 1926 283 1624 1319 1840 1496 266 2628 1407 480 440 1644 2528 817 2312 978 1965 2419 663 2411 2397 2241 1468 925 904 2439 348 1428 179 2148 1870 970 2538 2817 2424 524 260 2189 1045 2826 900 2815 1437 2714 1658 2652 2358 2649 550 134 735 2588 197 1491 996 345 559
000906.jpg,1948 1096 1416 1362 1897 497 1586 992 2046 2352 2272 1569 2721 1218 1051 2815 100 1316 1860 305 2556 2034 562 2713 715 1796 260 2312 259 51 155 1658 1496 2826 201 2241 1381 64 611 48 1901 1552 231 1636 2767 1261 659 2714 1782 925 1437 1878 2397 1468 2650 2545 439 712 2544 1617 1123 987 2133 1369 2088 978 1640 2628 1934 2832 319 2454 2213 563 1366 194 1307 1319 2412 1148 2433 1993 168 2755 1453 900 904 1407 2790 2309 559 550 74 1584 2076 1045 2836 26 2652 312
000907.jpg,2437 1672 2317 16 44 1990 2700 1483 376 1447 1469 2249 1836 761 1178 1995 1749 832 47 1535 834 1727 2555 1838 2058 2129 1044 2180 1277 1224 1713 1116 1714 683 1425 2523 34 2202 1346 940 2422 1593 2745 1103 1004 1795 576 2190 1914 1476 2112 1865 676 198 2497 1304 1176 983 1228 1434 2522 1847 1064 291 2831 75 1161 95 1867 2695 1999 1849 1343 182 1462 45 1513 2056 1251 1203 1773 1760 2827 60 1523 2182 1364 2785 949 2737 905 845 88 2542 2441 1785 1712 2547 2566 2216
000908.jpg,2389 59 1545 4 2367 2082 1799 626 1146 1737 1202 1386 2270 1752 950 547 2477 188 826 556 611 1319 1491 518 996 2530 345 283 312 987 2501 266 2692 613 2832 1934 1181 635 904 2312 1405 134 85 716 2069 237 2675 2375 978 2044 2148 433 2205 1468 1316 2556 1172 651 2208 2300 2289 817 1988 1102 900 2131 1656 1407 1775 527 2631 317 769 2528 2606 2652 943 1788 124 2076 2419 2397 2411 674 1636 1895 1428 231 1624 2231 1148 197 1926 2200 1496 179 906 1253 1437 2817
000909.jpg,197 1993 900 2767 1663 1437 1486 2836 1307 1782 712 1045 1208 2439 463 1617 1381 2419 1054 559 1328 947 260 1468 2840 2076 1444 1489 2130 674 1552 2241 1679 134 1710 169 2707 2837 1658 2011 906 445 645 2050 1544 1417 2424 2515 1623 1649 2826 1983 563 904 2133 2312 860 1422 1253 2397 1701 735 489 1261 51 1029 1369 2084 2628 440 348 259 2652 1123 2574 2454 2088 1860 1218 26 1878 1870 179 433 1948 480 319 2544 978 2649 1190 2289 965 925 2375 2769 769 550 2714 1428
000910.jpg,121 536 569 193 1699 2090 988 1132 1256 1588 1553 1430 1886 2267 2380 1236 2217 340 1431 427 2117 36 332 1793 1268 901 2415 2568 733 142 1492 866 500 979 2227 2668 1890 2078 554 743 1888 2029 2786 2423 1499 2384 176 289 1562 555 2333 1053 802 1449 21 868 2451 2743 199 680 2108 429 1033 1393 1038 432 681 426 2143 1398 417 2638 1272 1597 1668 2421 24 1754 1418 886 571 213 878 361 1686 1910 1478 1065 2602 568 634 597 2115 323 2024 1329 119 1041 1616 62
000911.jpg,2070 1506 1141 383 455 1262 1356 2232 1140 113 1505 654 2470 216 525 2137 1248 2669 1435 625 2311 1568 679 245 822 1598 139 2025 192 49 1780 408 209 61 2565 1282 27 1787 2173 252 858 2280 838 2396 356 207 1124 296 1127 2017 1781 2053 2794 1024 225 1274 239 1037 2164 1918 799 1021 1662 805 2765 2693 363 418 758 786 1967 2091 402 290 1011 1018 2465 2505 1715 478 1635 52 1500 1472 1481 1612 471 936 1395 131 1706 464 1503 390 495 782 1972 653 1438 1216
000912.jpg,2385 641 262 888 991 2771 2139 1373 741 2776 1295 1863 1925 2092 1619 1814 1807 2371 2833 667 299 1735 2731 234 2269 1025 1982 2727 913 428 2844 1520 1549 2399 1572 2797 2619 557 551 1 879 2460 2576 2524 1539 1589 273 1122 352 1009 2104 307 837 1366 1509 1815 1824 2717 264 2455 2607 1480 472 2484 1660 342 127 1159 2273 2063 226 687 814 2403 583 403 2633 203 2175 891 2473 1816 1081 2215 2517 2431 2158 2529 1421 17 2189 2672 1059 1291 1238 588 2184 1242 1349 2541
000913.jpg,1430 2267 1236 2380 1553 1886 1699 1256 2217 2117 680 36 1431 1272 569 500 536 121 427 1793 2415 743 733 193 901 2423 2568 340 1499 988 2210 2421 2227 2387 332 2671 2668 866 13 979 1910 1038 2520 640 1492 142 2786 2090 2469 1132 1754 1562 176 1949 1041 1588 2384 1449 2078 2108 1890 1628 634 1597 2115 1616 21 289 73 954 292 1888 2451 272 1957 2126 1064 370 2056 2038 1785 2430 45 2542 1668 75 149 853 2074 568 831 1053 1760 554 2522 1685 1222 1712 878 905
000914.jpg,555 802 142 1492 868 2078 429 1890 2029 554 1888 1053 878 289 2743 866 1562 199 176 2668 2384 2333 1431 1393 681 1033 332 21 1398 2451 2108 361 432 62 417 2227 733 2786 979 1686 886 597 1418 680 1268 340 36 1588 2117 302 1699 78 893 1065 292 988 743 500 1132 2423 536 571 1499 121 1256 2217 1553 1886 569 1449 1430 1236 193 427 2267 2380 1478 568 707 91 1535 1038 1597 2415 2421 2568 2408 1342 213 901 1668 29 424 609 1529 2224 1849 2533 24 1754
000915.jpg,2502 2841 2216 1288 1703 1371 2152 1363 2263 2567 1113 214 621 2623 2401 1525 1364 1251 45 106 2056 2831 2705 924 2572 2522 2182 1661 2141 1032 1605 1064 171 189 1865 327 183 236 2760 333 1171 1280 2060 2612 2608 2348 1286 2751 2109 1214 1602 1844 1139 22 959 2571 506 1927 96 851 2554 1632 42 744 1738 419 565 2678 1727 474 420 2313 894 2768 834 198 1397 986 2153 1957 1953 1222 1749 1488 1560 783 272 2203 1785 2555 2179 1641 1144 1203 2497 629 1866 905 953 940
000916.jpg,340 2227 979 2786 332 2668 176 1562 536 2108 1431 2384 289 1890 1393 569 554 1065 1888 2451 1699 865 1033 142 121 36 1492 571 988 21 2743 1449 1132 1588 2117 868 2090 1418 417 193 2078 1256 1686 866 2029 555 429 1553 886 500 733 597 1398 2217 1430 680 802 2798 2333 199 2120 2038 729 1268 361 1793 432 2267 1053 2031 427 2380 1266 1886 1236 2629 62 878 901 1070 2415 1499 2539 964 681 1429 1952 1399 893 2428 2421 1329 2335 1038 1272 2221 2568 292 2570 2671
000917.jpg,1487 1471 953 924 115 1922 1400 1802 956 1882 2573 2620 1687 1995 1880 1199 1726 1227 423 732 2768 476 2494 2194 420 1761 644 1397 2823 2179 2678 724 620 2442 1911 2688 181 196 2297 1605 2347 2261 1153 669 1626 38 387 1372 661 1260 2368 2043 279 1832 2684 2476 2720 829 1488 434 475 448 84 275 1083 148 1502 1702 2474 1953 546 909 1541 794 2171 2586 2498 922 1482 2503 1336 1916 1805 1738 971 1611 2080 300 650 2254 785 759 1683 1382 357 1609 2346 1014 2020 2447
000918.jpg,2185 2584 1694 1411 1129 1440 1684 386 2298 143 2616 1630 2529 2271 718 787 665 2363 1360 1294 1446 810 1112 2481 958 638 2246 30 1939 1445 2517 1258 71 2619 1514 557 2460 795 1270 879 299 1215 1925 1982 2139 2833 147 1887 1619 1814 1291 267 2844 697 273 1238 1373 2468 2356 2749 888 667 2269 2092 2576 1877 2672 262 1589 1926 133 1551 2455 2371 1993 2731 2771 2556 1045 2039 428 1863 2206 1776 641 51 2776 440 857 891 2439 2189 1542 2524 706 1029 2595 1782 2104 2739
000919.jpg,1993 197 2767 1782 1663 1045 2439 712 2836 947 1381 1444 900 463 1328 2241 1054 2840 1617 1679 1658 1307 1218 2130 169 2837 1437 1422 1261 2050 1544 51 1649 1623 1710 260 550 2707 645 2628 445 134 440 1486 2649 735 563 2515 1123 1029 1948 2011 2133 1369 305 1208 2826 992 1489 2454 1416 925 1552 1870 2312 1796 1860 1468 489 2088 2289 26 1417 2424 1190 348 179 2076 1640 1253 2412 259 674 1897 319 1569 2735 480 2084 1878 2287 2046 562 1362 559 155 904 906 2650 1051
000920.jpg,1146 1752 59 2389 1545 4 2367 2082 1202 626 1737 518 1799 1386 2270 950 188 987 312 2832 2300 85 2556 547 1316 826 556 1102 2501 1934 2477 1636 611 2631 1405 1319 635 2044 2312 1926 2790 1840 2069 221 1656 904 943 283 978 1468 1624 613 266 440 2411 134 1407 2148 2528 2397 260 480 1496 817 2419 2574 1775 2241 1544 1148 2424 735 2439 563 1644 2826 2652 1437 996 2628 1491 900 1965 1054 2530 1045 559 2189 712 769 1629 179 965 345 1428 2606 109 348 977 2289
000921.jpg,2600 1681 1705 942 2085 487 337 1742 966 1384 2458 2543 1495 1614 1331 1673 360 2696 2257 1853 1695 54 710 1000 2782 2259 660 1508 542 1893 791 1370 2369 1739 1978 50 908 1119 2660 2664 1002 813 1031 1554 2262 2803 355 1396 1565 243 984 1287 1906 320 1676 1920 1058 451 2796 208 2587 1479 852 2140 1301 1604 1682 1105 595 907 2074 265 2154 921 1770 893 78 1225 639 1510 909 1718 2357 416 1954 362 2598 351 1237 1902 1654 2719 1267 1518 1986 883 2596 2436 1499 1423
000922.jpg,2766 2741 204 2135 2558 899 1212 1606 2842 116 137 1935 1463 1944 2728 2041 725 1055 165 97 2825 1056 1547 447 2305 1134 2207 246 1940 2068 2294 2511 1825 1067 1130 1986 2506 2736 2435 692 1126 1223 79 1874 790 1841 722 494 2057 1677 362 350 2813 2292 442 677 1962 2665 2319 2248 2625 657 1892 2719 647 1771 2258 2382 682 2438 1464 2037 686 2683 2708 146 1899 1076 2291 2704 864 1998 135 804 1185 274 2569 1408 2639 444 1937 2286 1592 491 271 1777 2440 574 608 1639
000923.jpg,1083 6 582 285 1221 546 1260 1702 2643 759 807 181 732 620 1797 1697 2807 922 1858 1188 1318 2816 2171 1723 2043 1536 1891 636 2278 661 2810 2194 752 2261 1456 475 2666 2168 2313 1763 1603 468 1541 2346 37 1284 669 1865 650 2425 2476 1227 1916 1153 476 594 1882 2268 2048 2056 1082 973 298 45 2118 820 148 2489 829 1856 2522 411 1846 1064 1283 1090 586 1560 387 1251 1308 459 122 1015 353 1610 443 2167 270 2111 1768 980 1364 462 1482 2086 1761 229 1110 2152
000924.jpg,1580 280 2418 1861 57 210 1792 1665 689 1072 793 2125 1859 2461 1930 1392 570 2004 2838 1034 1276 1758 421 2456 2581 1234 2229 422 2186 294 704 2174 2039 77 756 746 1193 2123 1551 1292 2327 2356 797 493 1887 2206 242 2694 2659 170 857 884 1350 934 1575 1377 1724 438 2330 720 158 2513 1279 1576 287 2374 1776 1664 2155 82 798 1345 885 1348 1432 1358 801 264 1375 2187 1675 2332 130 2455 1716 2127 2484 2198 2548 2063 2189 514 2672 1030 185 548 2094 880 1765 2738
000925.jpg,564 1180 926 2495 1357 2281 1818 2288 39 1786 1106 230 1257 76 1971 1559 751 1996 989 777 1091 2129 2114 2224 2000 1451 581 1361 2785 1346 1116 803 1224 1713 1714 683 341 2180 1207 832 1683 1914 1044 1836 2422 47 2072 2700 2317 1137 1561 761 1990 2437 1178 2202 2523 1476 1672 1900 34 614 88 1838 2745 895 215 2238 1535 2190 1087 44 374 436 93 1447 2249 766 676 1898 853 2494 407 1798 1995 2540 1590 2579 1693 16 1593 714 737 1469 1093 328 576 2695 1502 2296
000926.jpg,2809 1473 12 1876 1721 682 2438 2057 2435 627 1406 574 2708 1874 608 2569 1592 1390 598 2657 1439 1055 494 2291 2110 368 2660 202 444 2051 2813 274 491 2183 1330 677 67 1899 2728 255 1944 1012 657 249 2683 1725 2757 1185 637 146 2617 994 647 2598 1639 2622 1606 1759 1223 217 1992 2499 2382 1433 394 315 1937 521 1777 1677 2445 1463 447 2704 864 2393 725 1052 2248 2440 1464 1810 686 2756 1868 1075 137 2526 790 1892 2639 662 1879 519 2093 2583 664 1931 2207 899
000927.jpg,2252 1651 2491 1977 2328 2682 1179 1578 1579 841 945 639 1583 1063 2723 887 1920 1470 916 227 118 517 1791 2647 982 1531 2660 748 9 2792 382 567 998 114 919 1667 1566 1368 2042 778 515 1367 928 2310 2711 1354 2065 1239 1769 952 1970 819 2225 2778 1854 1657 2488 930 2729 1211 512 808 311 1625 763 394 492 2379 98 196 631 1770 2507 662 1154 2575 2349 1473 2110 1585 607 1879 2536 929 2512 1210 813 181 1396 140 997 2476 861 1160 14 1851 2655 2026 254 1797
000928.jpg,472 2444 1803 127 1059 1607 342 2758 1341 551 2063 1069 1060 1811 2138 2738 1421 1355 262 2385 1530 600 888 317 1078 1964 160 2094 1509 1828 846 1167 405 573 2266 2820 2595 1338 17 2835 2614 41 1652 642 2208 1295 1619 1807 912 166 2399 2100 2412 2231 1159 352 1925 147 667 2486 1622 2255 2710 2455 2013 1373 90 226 2811 1524 2484 687 641 1571 154 203 1540 2635 1814 195 1264 403 577 2776 345 2372 1815 1863 1324 1698 2771 892 1215 913 1520 2709 1071 2340 2740 1982
