imageName,Corresponding Indexes
000001.jpg,1371 2502 2152 1113 2263 1525 214 2623 2572 1280 1661 2841 1605 106 2141 2348 327 1602 1865 1139 1032 2567 1866 1927 96 1632 851 2678 2751 189 1171 629 894 1953 2153 2060 2554 941 419 84 2109 1084 1214 1659 1738 420 1397 22 1144 2768 1488 924 621 2401 609 2522 38 1251 1364 1064 510 2521 1960 940 2056 2303 2203 2726 957 2705 2831 474 171 481 1283 183 1685 45 1004 1288 744 1343 2421 1203 844 2112 954 198 2030 2182 2162 1108 149 270 117 479 2612 1891 1434 2760
000002.jpg,85 1656 1102 2790 1934 2501 312 2832 2044 2817 1926 943 987 817 1624 2528 2411 221 1644 188 1407 2300 1405 635 1319 556 2082 1386 2270 611 1146 2034 1796 2545 1870 547 480 2389 2649 4 1737 2574 2424 1545 2842 1752 1202 2084 1190 1029 2397 2289 1417 259 197 518 925 2312 712 550 348 260 2826 1630 489 59 705 463 563 2454 626 1369 2367 135 26 1253 445 2689 2766 2631 1045 864 899 2375 179 2439 769 2534 1360 559 1658 274 665 2135 1552 1677 2625 1895 2256 904
000003.jpg,410 811 1079 112 248 434 1133 648 2746 2219 843 544 365 2549 1783 1005 605 1516 186 709 730 538 2290 1424 1634 338 2730 435 717 1573 1311 1110 1243 2364 610 1454 1131 94 1040 1894 2788 2341 253 1670 1309 2151 1707 1794 1969 1581 1966 1546 2830 937 1020 1379 1466 1871 742 1731 883 2560 1511 257 2516 1007 1325 1968 1138 1526 593 1800 1779 2609 881 870 2613 2102 1385 2145 1992 2302 664 406 288 2299 1442 2763 2095 336 2653 2843 2680 1645 519 2780 1946 1259 2196 1747
000004.jpg,2809 12 1473 1721 1876 1895 433 2375 2289 197 1330 178 1627 769 2657 255 608 1788 67 622 2650 1737 217 2084 2367 2724 2389 1677 1870 2250 2445 626 2477 2435 2397 996 627 994 950 2626 682 1934 1491 2530 606 4 489 1545 817 274 188 2716 59 1656 1752 1411 2438 1926 348 2670 2037 1029 864 345 2584 2649 1172 26 1185 1390 2440 508 523 1202 904 2753 74 526 1618 970 1055 2427 2817 1874 1253 463 2424 2208 173 494 368 637 2676 1942 1777 1892 2312 140 1408 550
000005.jpg,2523 2422 34 1224 1178 1714 777 2785 1996 1713 1838 1116 2180 1091 47 2129 683 2700 1990 1914 676 832 2202 2745 230 1836 1672 576 1093 2190 407 617 1856 2111 1228 1476 88 1161 581 1847 2437 2242 983 1785 465 1773 499 2441 1513 1898 2114 926 1795 1561 1683 564 1176 1535 1818 1346 695 39 1971 2827 1357 2249 132 2281 2288 2238 1786 824 2000 1180 95 76 2317 2547 328 766 310 761 1257 2493 341 1693 596 1106 1743 2579 1593 483 1300 1727 2542 44 2504 1631 789 1801
000006.jpg,1656 2034 2817 2790 1624 2528 817 1934 2411 1926 1796 1102 2501 1644 2545 2044 312 2832 1407 85 987 188 943 221 2300 1319 1405 1569 48 635 100 2713 715 439 64 155 2721 1640 305 611 201 556 51 2826 2309 1453 1901 925 2082 2649 260 1870 562 2433 563 480 59 348 1860 2650 1490 1584 1545 659 1630 1369 26 1146 550 2842 2616 626 1737 2270 712 2389 1658 1386 1417 1782 2185 899 1045 2766 168 2439 2454 4 2312 197 1360 2289 1381 1422 179 135 1202 2455 2638 892
000007.jpg,277 767 1938 1443 1833 889 2686 1747 2496 2532 211 369 1460 2510 2315 431 1980 1989 2702 2818 951 1834 2015 1418 1252 2685 1065 1277 2777 1342 2478 2384 713 70 2668 1686 1272 2497 1035 2571 886 1322 2522 2077 36 258 13 2463 597 738 1074 2058 617 2335 2249 1605 2245 417 1908 1064 341 1793 2636 1562 488 2108 20 1203 45 1557 1263 75 940 2401 1371 2009 332 824 1910 1711 1047 1206 95 1593 1176 2772 2451 500 770 1749 1004 1412 1343 1334 1928 1743 903 1561 1232 2410
000008.jpg,1845 2624 126 2601 2471 578 2276 1323 103 1908 848 1830 702 1235 688 297 990 1186 502 931 1767 1114 1413 1391 2314 284 1608 835 768 1107 1340 250 1720 1821 903 2388 684 65 1310 1975 1512 1559 1254 1916 2478 2346 1106 2656 2772 1605 2077 2777 1397 767 475 803 2768 745 581 420 325 522 1125 2841 1139 1839 2706 2787 2000 1298 2109 1753 1434 1232 988 1080 1207 1723 1230 1683 1953 1801 658 1671 1693 954 2036 1570 304 2113 2149 1175 1451 737 2535 2542 2178 461 2726 341
000009.jpg,1659 2303 117 327 275 1205 1198 1084 2791 2030 2573 23 1184 2263 1979 2623 2494 1280 2572 1525 1400 1080 1371 1687 2203 1502 1922 2132 2179 2678 1738 1488 2222 690 510 2521 1602 2768 420 38 2677 1397 1960 594 2620 2128 1537 796 2348 2706 148 1726 205 20 851 1744 2162 2726 953 214 281 2115 907 1199 1605 1591 167 1425 298 40 425 1641 629 1616 1661 454 244 1139 2124 498 2014 1426 1471 924 163 466 1866 1144 592 1113 1696 2109 474 1061 2421 39 609 1570 396 2351
000010.jpg,2267 1430 1236 2380 1553 1699 1886 1256 2117 2217 36 1431 733 569 121 680 427 193 1793 988 536 500 2415 901 1499 743 866 2568 332 2423 340 2090 2227 2668 1272 1132 979 1492 142 2421 2786 1562 1588 2078 176 1890 1038 2210 1754 554 21 289 1888 2384 1628 1449 2108 2115 2671 417 429 292 1616 868 1398 2333 2451 802 1041 380 1597 1033 2029 1686 73 2743 1053 24 555 199 2520 2224 2143 13 1233 853 954 634 437 568 1535 1910 609 2469 244 1785 432 2566 361 832
000011.jpg,2091 239 2794 1781 2164 653 1274 1127 1472 2693 290 2280 2173 2017 27 1303 799 1780 1961 2765 1011 1475 838 1024 209 2531 1843 1896 2236 1037 1021 643 1568 113 1647 495 2061 1140 1376 216 726 2232 331 1339 131 2059 314 1124 268 1755 408 1356 1395 2285 2099 33 805 1317 2053 2028 1282 999 390 2812 356 1756 2343 1972 1941 1635 734 1921 1050 721 532 2505 2465 1240 525 1967 1924 1918 1555 1435 478 806 2610 296 561 1875 200 464 49 1216 330 449 2674 1503 28 1692
000012.jpg,2823 2508 2351 388 498 1556 163 1637 2169 2124 1061 1669 1104 466 897 473 1194 752 2014 2366 306 2604 425 2414 1426 2550 728 577 1326 2023 499 1144 1879 55 1621 1177 540 2645 474 2493 1098 2260 1200 2156 810 1270 1939 1785 409 683 1838 2176 907 397 217 2432 375 2296 1719 2725 558 985 1654 213 1180 1258 230 834 2180 2281 1420 831 1224 384 1116 1507 1889 2129 2214 2595 560 308 2288 107 617 629 1321 1330 2793 955 853 2572 738 2128 1222 416 1957 2019 272 255
000013.jpg,1298 1434 1343 1019 2112 940 182 1004 2737 1333 1760 149 1712 954 1685 1999 63 949 1103 783 2542 2022 75 198 2497 1304 2016 1749 60 1727 310 376 2656 1483 2827 2058 834 1277 2555 1447 1469 2441 617 1561 2566 2149 1693 1593 1269 1867 596 2202 1722 832 1535 2522 520 1529 2390 1064 95 232 2744 424 761 2111 1856 1733 19 45 1836 2056 2190 16 2615 1914 2745 1176 1849 1661 983 1087 1197 1448 1203 2217 499 397 979 1342 2521 2176 1418 417 576 2116 2571 2224 1945 597
000014.jpg,1141 2070 1506 383 2025 2669 192 2794 1127 225 1781 654 61 27 209 139 838 2280 1787 2173 239 2164 1780 245 525 2396 2091 1356 207 1505 1274 2232 1472 408 216 2311 1282 356 1435 2470 1140 296 1961 1248 2693 653 49 1598 2017 625 679 858 1555 113 1037 2565 449 290 1924 2053 418 1011 1124 1475 455 252 1216 2531 52 1635 2343 33 1662 1262 390 1967 1438 1715 1755 2316 471 200 1568 618 1941 2429 1481 2765 2137 331 1647 999 806 2062 314 1299 1168 1050 534 1875
000015.jpg,835 1254 903 1310 1107 1340 1512 684 284 65 1608 2388 502 1908 250 1975 990 1720 768 1821 2601 2471 2579 297 702 1013 307 2258 1620 1458 1235 2230 2276 1907 581 398 577 2079 1791 1315 931 2160 777 969 1336 328 830 578 603 2759 2386 2100 1845 1830 1622 951 1114 300 2486 407 2624 1413 2275 2612 2818 335 1147 1898 1996 1732 2422 309 2702 240 317 1194 861 259 2087 2727 2783 442 1104 1318 1186 1509 1834 576 2116 789 341 2340 1093 1323 997 205 1767 1841 2571 2315
000016.jpg,2229 746 294 1575 704 2456 1664 1724 1034 57 1358 421 857 2174 689 1792 2418 210 1861 756 2590 1234 1350 2327 493 280 1930 1665 2039 2332 1776 548 570 228 1580 1457 2461 885 1887 801 2004 77 1758 720 1392 263 2123 656 2356 1877 1859 706 1375 2125 2659 793 1229 1551 2739 2186 1043 1191 1276 1542 1072 2321 2374 797 2838 2330 366 2672 976 1765 422 1279 2581 859 1947 2184 133 2694 1193 242 2206 583 588 158 1196 287 925 2541 1086 2548 663 26 1345 798 2454 2155
000017.jpg,2725 2464 1889 609 1766 957 2404 5 509 2457 844 2448 1515 744 1696 2115 244 1426 1616 466 2128 815 1987 1326 375 2124 1061 498 1038 2751 1637 163 1556 1754 2109 425 306 2421 1171 388 1214 2351 473 22 2014 2366 214 2508 2348 1602 510 1477 1605 2521 1661 2726 84 941 2567 1945 1738 644 19 520 229 2179 119 2227 1880 2056 420 2354 1722 80 690 1610 1891 2566 1529 1397 1488 979 2162 1537 2572 2522 424 1296 1269 536 468 1064 1858 1960 2786 2408 1659 1015 2222 142
000018.jpg,2250 238 1563 28 505 2552 2181 523 587 2500 175 1827 2119 2716 2527 313 2283 972 705 2689 503 354 2370 633 2534 2681 1741 1746 458 734 711 1335 1896 2322 849 2365 152 92 1680 1852 726 999 2819 2144 772 1532 847 2479 331 1704 81 2193 655 2674 2236 1339 2099 2052 1278 2059 484 330 2191 1475 2429 1275 534 430 1543 504 1730 478 1472 1111 2592 268 1929 1662 2407 2301 2806 53 2557 2687 602 1708 806 2742 1503 1332 2693 68 120 671 1117 1438 1376 390 2053 1715
000019.jpg,1752 1146 2556 1316 1636 1965 2367 950 1496 2815 518 1202 2628 1840 2241 59 2069 2389 1799 2272 2082 1545 1658 4 2439 626 1737 1045 1051 1381 2270 965 1386 826 712 188 2300 1102 1544 194 613 440 1218 2631 2477 312 2832 2501 283 266 978 85 231 1934 221 563 238 1148 2836 556 1428 987 705 1656 2826 943 2044 547 663 1422 1437 1782 1775 900 197 559 259 2534 505 1046 480 1405 2790 1563 1848 1362 168 179 1870 2007 1123 2397 28 1624 735 2352 2649 925 348 1253
000020.jpg,352 1539 2797 557 2138 879 2844 2460 2473 2175 891 2833 2269 2139 299 1349 2371 1366 1242 2092 2226 1480 90 1816 1619 428 2403 1925 2363 264 1982 2607 1520 2455 1549 2576 2709 1660 2484 1862 307 2633 147 741 837 160 667 273 2727 1 1571 1078 2710 2100 2524 1540 1863 2776 2094 1159 349 2731 1009 2340 2595 1622 969 892 1803 1698 1530 2811 1238 127 2738 1815 267 403 17 454 642 846 1025 1814 1934 195 2104 2614 1735 600 1060 2213 2758 472 166 2501 2223 2486 262 827
000021.jpg,540 1093 407 2242 1561 2441 617 1346 1856 2827 1091 2111 1535 310 2785 2238 1914 1898 777 1996 949 766 783 1683 1631 983 1343 2202 2737 940 1087 291 2114 2745 2190 2112 328 853 2542 898 581 95 2413 1448 832 558 1176 2615 2493 1558 1298 1004 1434 1693 2295 695 182 230 1593 149 596 24 1019 1103 88 132 2072 135 1476 1207 2656 63 1999 576 499 2143 634 2504 1785 2016 1713 1597 1689 1945 1749 979 520 1760 1928 1197 1166 1714 232 954 1033 2227 967 341 1685 426
000022.jpg,2281 2288 230 1180 564 1818 2495 39 926 1357 76 1996 1786 777 1106 2224 751 1257 2785 1091 2114 1971 1538 2324 2000 2699 2489 1559 1846 1836 1593 834 2132 55 2058 343 2555 1528 989 397 1714 728 2493 1476 206 1856 1727 2791 1194 2073 1751 1914 2239 2027 2294 1986 2111 1841 2445 2390 1749 807 2176 1057 657 1347 2221 2629 2744 940 2734 2737 683 1434 1713 362 2453 2303 2554 327 1535 2428 2704 1433 541 2278 394 744 1204 592 1979 2041 1844 1632 1529 2296 2573 2235 2603 1483
000023.jpg,2362 2512 1504 2218 222 850 1436 1305 1933 1790 2691 1911 935 836 2355 2096 2071 2645 2750 1628 1321 73 1098 897 2156 2587 755 401 208 2074 1599 399 437 2163 477 380 1510 2450 2432 2055 2342 453 981 461 1638 1736 1233 1709 595 2201 1976 1806 141 1052 1145 1717 760 2420 823 1267 99 2469 2126 731 1023 2161 2655 1872 1682 1387 177 1047 2122 816 2098 2679 2829 1559 174 1106 2463 272 1200 2777 612 1085 1163 15 1903 1957 831 2421 896 2214 2772 384 2318 783 2747 560
000024.jpg,1146 1752 2389 1202 59 1545 4 2367 1799 626 1737 2082 518 1386 2270 950 188 2556 556 312 826 2832 2477 987 1102 85 1405 2300 1934 1316 2501 547 635 1656 943 611 221 2790 2631 2044 283 1926 1319 1636 2069 1624 1407 266 480 2528 613 2312 1644 1468 904 1840 2397 2411 705 348 925 2817 68 2148 1339 1870 274 2419 817 2551 260 2534 2789 1864 2144 2440 2424 1240 2181 271 633 978 391 440 2842 864 2649 1157 2322 1172 1563 994 317 505 1942 179 526 1045 719 1417
000025.jpg,757 1728 1231 754 1533 2756 2021 2320 2533 1149 29 2673 2172 286 218 293 2224 2638 2024 739 1296 1597 119 967 1804 426 707 24 1383 213 2143 2472 251 536 1984 2430 1927 304 2828 545 2295 80 2078 672 1265 2178 2060 76 1394 419 1689 1478 96 364 558 1632 163 1035 1637 1312 988 2404 1883 1562 1719 2787 16 498 2567 634 2413 189 1766 2217 1888 2153 2464 1353 1374 1889 1061 1032 135 1593 1890 609 2573 388 815 1492 1801 933 962 289 1987 894 1798 121 2566 425
000026.jpg,346 2821 2467 2690 52 1481 418 471 1438 786 207 806 936 1662 402 2429 1465 1008 534 2244 478 2687 363 780 2407 484 2059 108 1730 2301 2470 1220 1273 61 2398 1378 1275 2025 53 753 2806 2465 2505 1929 1026 225 1022 628 2669 290 655 1097 452 758 192 389 331 1293 1918 1822 295 326 643 840 2698 580 999 1143 2062 1787 467 1692 1048 2611 159 31 1140 654 2236 1831 430 1503 2634 138 726 2715 241 2285 2632 464 1475 782 1780 2061 1303 1706 1568 1039 2794 2142
000027.jpg,2580 1452 686 140 2598 1868 2436 804 329 1076 1464 1777 2248 2813 2286 2382 1185 1639 1944 2294 79 146 2728 948 1874 1067 67 682 2393 657 12 1055 2665 2708 491 899 2719 137 2068 2558 204 1592 2319 2825 2842 2569 725 447 2583 1606 677 722 2766 1212 627 1134 1810 425 2057 2438 1937 246 165 2135 2815 1223 2509 494 692 2657 1897 2736 2292 394 2320 2741 2021 2506 2732 2133 1899 2207 1362 1586 1199 1547 2000 2624 2282 202 249 482 2704 497 2511 1463 1986 1126 2379 2713
000028.jpg,196 353 2474 776 98 1625 869 1819 1963 233 2361 1864 585 1643 2067 2256 2462 2353 910 1042 701 2334 2081 2103 781 809 276 1402 1970 1344 2101 282 1583 2157 1246 2027 639 2363 790 2264 118 2336 2792 825 1667 919 952 871 66 1366 1574 998 2669 1354 381 2460 2711 2076 2582 1 557 1520 1920 2740 2434 685 1579 2396 2647 2186 1816 69 307 9 1985 402 1791 2727 2436 1751 423 1598 625 2491 2536 2065 2319 192 2252 654 206 2092 1465 765 1204 1925 2232 1770 936 114
000029.jpg,1929 1275 2806 295 1730 2687 2301 2407 268 484 655 1008 999 1026 726 331 108 2429 2059 2236 1831 452 1655 430 1789 534 1022 467 1662 1706 927 131 1378 2285 806 1220 53 464 628 753 1475 2398 1912 2062 840 2634 418 2698 780 1875 1503 1273 2470 2244 2715 471 1438 758 389 31 1297 478 1465 1097 1481 241 1293 495 1822 2690 1039 326 1843 2765 580 1011 33 2467 1143 159 1124 2142 52 363 643 314 1140 200 2053 89 786 1635 2693 2505 2465 782 2773 390 1037 346
000030.jpg,2414 1177 107 2604 2641 2176 55 397 728 1669 1104 1507 1194 2550 2019 575 1691 2326 2754 834 736 831 1957 896 409 2360 272 384 2214 15 1482 1203 560 1529 187 2390 940 584 1467 1523 2744 1420 198 2234 985 2159 1450 2112 1222 1434 1004 993 1690 479 738 979 1028 149 1733 1712 2737 2566 327 761 2726 400 2154 373 2080 1836 1919 1748 1727 2227 19 680 713 2695 1749 2555 845 1144 1304 182 1225 1641 379 1867 306 954 907 75 2288 1950 1722 1999 32 2107 1343 1760
000031.jpg,2809 1473 1876 12 1721 433 769 2375 2289 1895 664 2110 608 274 994 864 526 161 197 1788 1677 950 2499 1752 2438 523 368 2367 2482 1725 1942 2435 1892 1771 1868 271 1056 2061 192 2146 2622 68 2440 216 553 1627 444 2051 2037 2650 2625 1592 282 1692 2284 2286 140 522 2144 625 2250 2632 1435 872 1639 239 1018 2069 1314 1899 225 505 430 1506 1127 494 1117 1408 782 2018 2569 939 1777 764 2402 677 682 655 2813 1289 173 508 2500 331 2794 1472 1972 61 1780 2389
000032.jpg,2371 2269 428 299 2139 2833 2092 1814 2576 264 1982 1549 2844 2484 667 2776 2455 1122 837 1009 741 1589 2727 1159 1815 1735 2731 2063 1925 2797 307 2189 1520 2460 1 403 90 1619 557 352 879 2473 226 1338 1863 2412 891 2399 1025 1539 317 234 267 349 1238 2100 2138 1622 2403 600 1366 195 2486 1698 2631 936 913 1824 2273 1071 17 2213 2709 342 1118 1438 846 2467 573 2372 1291 2158 471 1625 786 160 2717 805 1540 478 1140 1143 2468 551 2505 2465 1822 262 1755 1816
000033.jpg,2091 239 2794 27 2280 2173 2164 525 1781 838 209 245 139 654 1505 2232 2311 1472 1127 1282 408 2693 113 216 356 1248 296 1435 49 625 1598 1037 1274 1356 383 679 858 653 2396 2025 1780 1555 2017 1961 1506 2565 1787 2669 2137 225 2053 1568 252 1124 1755 1475 1140 449 822 1011 192 1187 799 782 1647 61 455 1018 2531 2236 207 1967 1635 290 1692 1924 1262 390 1216 1715 643 2059 1662 721 2061 999 331 2402 314 2765 1972 2632 2429 2062 1050 1395 1317 2611 1843 1024
000034.jpg,1113 2141 2502 621 2152 183 1364 45 1251 2522 2056 2401 171 1064 270 2182 1768 2048 1283 1371 2761 2608 236 2612 2760 1108 2705 2841 2831 941 1525 84 1288 2263 629 959 2216 1703 1365 42 214 1363 1605 506 565 1286 2572 851 1844 1139 1560 1280 986 2623 2720 744 333 1661 1536 106 2442 2348 327 2677 2807 636 2503 2562 1865 1987 198 1953 2571 940 2497 1602 75 1596 1004 1144 398 783 2278 2116 609 1458 2197 957 1032 1866 644 1960 909 2688 229 905 1217 2567 815 1318
000035.jpg,2707 1444 2011 645 2837 1679 1649 1623 1328 169 947 1054 1663 2767 1617 735 1544 1782 2050 440 445 2836 2840 1381 1261 2130 1045 1993 712 1029 2439 965 1658 1840 2241 1253 1422 1218 51 1552 2628 2735 134 319 2287 179 463 1307 1710 197 1775 1948 1416 1489 2046 1437 674 489 1860 550 2649 2352 992 900 2084 2454 860 1445 1369 155 1870 1208 2650 2312 1640 30 1123 1586 305 1417 348 769 2076 497 2769 194 26 259 1486 2150 2133 1468 906 562 1897 1362 2397 606 563 2183
000036.jpg,629 2677 1949 941 1865 1144 882 84 1960 1371 851 2161 2421 2572 1661 327 2152 40 1754 909 2210 1723 281 244 1987 1616 1659 1038 1283 2502 1113 592 270 2115 1525 2571 609 640 474 23 1108 815 214 1757 1605 2263 594 481 37 1064 2494 123 745 1272 1766 2162 2056 1891 1602 1738 275 13 940 106 986 1041 45 2671 744 2627 96 2522 1184 2720 325 2678 2203 1768 2726 2216 482 2705 2404 690 117 1927 1744 2348 1080 2224 2623 1198 1336 750 1880 894 1687 2109 1488 1637
000037.jpg,574 2291 2057 2683 2639 494 1223 647 1874 1931 2526 939 2220 2704 482 1433 1439 2435 2183 146 2089 255 1899 2445 2427 217 1330 2051 657 1088 2657 637 677 2569 2308 682 2712 1592 2708 521 2438 2617 619 1185 491 2813 1757 1777 1998 1937 1055 1892 2719 2728 1771 329 598 1944 368 2248 1725 1949 2037 531 2499 790 1365 1677 2286 974 2382 140 2506 686 1056 2393 804 1798 962 1868 1477 2513 725 2294 1639 2000 2625 529 249 364 986 1987 1754 948 1038 1012 2421 1515 2436 1464
000038.jpg,197 2375 1993 1710 433 1417 463 2289 2439 1489 1701 860 1788 1045 712 2769 348 550 26 1658 2628 2454 1870 1369 179 925 2649 769 480 1895 2241 1544 2836 1782 2130 1437 1422 2050 900 1218 1253 659 1663 2650 1381 735 1840 2397 1319 2082 559 1486 489 817 2826 188 1926 1054 2840 134 2419 1552 161 611 1172 445 1624 260 2270 1468 1656 440 1934 1617 2084 2817 1307 904 59 2767 524 1051 563 2528 2044 1644 2574 1627 1029 2312 169 1328 2133 1737 970 2790 977 2832 2652 51
000039.jpg,2043 2171 2810 650 2666 2816 1891 2346 1723 475 1916 807 759 2643 1702 1260 620 732 181 1797 1188 820 546 285 6 1697 582 1221 1541 1865 1083 411 1603 1882 1858 420 1397 1605 750 2768 334 922 148 468 372 1139 510 2152 2521 2502 1153 2841 594 2179 1738 1074 2807 1456 2362 2203 1502 691 1322 2410 1570 1420 1284 2476 713 2463 1206 1703 956 2107 1957 1412 560 272 1023 469 258 1318 831 1222 1257 2214 1288 851 2469 844 2072 1342 2009 1761 215 752 2056 980 690 388
000040.jpg,2790 1656 1102 2817 1926 817 1934 2501 1624 85 2044 2528 2832 312 2411 943 1644 987 1407 221 2300 188 1405 635 1319 556 611 1146 2082 1796 2034 1386 1737 925 4 1870 480 2270 2545 2649 1545 550 1630 626 2389 2397 2574 348 59 1752 1369 26 1360 712 1202 463 2312 2454 1029 2185 197 2367 904 2424 179 2826 260 1468 2084 1417 283 489 1190 1045 547 2842 2724 659 892 2556 2455 135 2631 345 1411 900 2689 1782 67 2652 2133 2477 2246 559 1684 524 518 1799 665 826
000041.jpg,1918 478 1438 936 471 402 1303 363 1662 534 1273 331 1140 786 1472 2465 2505 430 806 2059 2429 726 999 1921 2061 655 2402 1465 780 2236 721 2244 1475 1647 1972 1780 799 484 1395 2693 1317 1756 1568 2053 2470 2698 805 1124 2690 390 1635 53 1967 1503 1755 758 389 314 1715 1050 418 1037 1008 643 2407 1127 2467 1692 1274 27 561 1481 1216 1378 2406 1648 52 207 290 2301 2687 1187 782 2531 1018 391 1011 1022 2611 1275 2821 1506 108 2794 239 225 268 653 1024 452
000042.jpg,2843 257 1871 1731 1138 2609 288 2613 1800 416 1645 1707 742 392 338 937 1466 1419 730 2377 1068 301 2331 535 1527 2394 678 1131 2830 1894 749 1379 2492 2290 855 1243 2299 774 1174 2243 2196 1794 1007 2746 2560 2364 336 1094 2087 593 2251 1581 881 112 1913 1005 821 1850 1936 2519 2417 673 1968 1516 2151 2005 1020 1142 707 2697 2006 870 435 2549 610 2408 1573 1311 2730 1992 1040 19 2680 2516 99 1442 1455 253 2572 883 365 2354 1634 1309 410 2788 1670 519 1269 1132
000043.jpg,1083 6 582 285 1221 546 1702 2643 1260 759 181 732 620 807 1797 1697 2807 1318 922 2816 1188 1858 2171 2043 2278 1723 1891 1536 636 661 2666 2810 2194 475 2261 2313 752 468 1541 1456 650 37 2056 2346 45 1763 1603 669 2749 2168 2425 2522 1064 2476 1882 820 2048 1153 476 1865 973 1251 1227 1916 594 1284 387 829 2167 2442 298 1364 1082 2118 148 236 2608 1090 1856 229 2386 2720 1761 1880 2688 2268 2760 1768 270 1283 1560 2733 2111 2562 1285 1610 462 1110 644 2761
000044.jpg,2471 2624 1830 702 848 126 2601 1845 1908 2276 578 931 1114 103 1323 1767 1235 688 297 990 502 284 1186 1413 1391 1608 835 2314 1107 768 250 1720 1821 1340 1310 903 1512 65 684 1254 2388 1975 522 2656 2000 962 2149 1798 1559 1801 581 767 954 1230 2777 1298 737 1106 304 2787 2772 395 2113 215 850 1839 2497 1357 2542 1426 461 1125 2077 529 1916 1213 2152 1203 2178 1786 572 1753 75 2561 2706 650 1685 1458 2644 1605 1334 1434 803 70 2114 2346 1257 5 2066 2036
000045.jpg,269 1548 2315 1980 2685 2702 1462 2359 1183 2251 65 1020 1749 2161 1131 1581 1243 2058 465 1573 2015 1300 676 2560 277 1810 855 881 1277 834 1865 2005 1711 2478 870 2437 2077 1252 810 1088 2243 499 1720 2087 1288 2182 2818 1968 2568 2518 774 2554 609 71 1815 1094 1834 183 761 2772 1732 1839 2746 1850 1455 115 2760 2074 76 2509 2290 1703 1954 1401 2492 1660 36 1075 1342 1125 678 45 568 2777 202 1599 229 73 913 2830 951 2583 2510 60 2522 1073 1753 2151 1456 1821
000046.jpg,1697 2167 1188 181 759 1260 922 2643 546 1702 620 732 1797 2268 807 1221 285 1763 298 582 6 459 1456 1083 1318 37 1090 1082 1284 2807 1308 2171 2816 2043 1285 586 636 752 661 1536 1882 1541 973 2749 2666 2261 2194 448 1858 411 1227 1570 650 1891 669 122 2168 2476 2810 2468 820 475 476 829 1006 443 1911 980 1723 1884 2118 2425 468 1153 1015 1610 795 1200 2631 936 2346 1108 2821 1603 956 2498 1283 1524 758 154 1220 2761 478 1768 2278 1481 346 2623 471 1096
000047.jpg,1376 1896 1339 2674 152 734 458 1532 2819 1741 847 2191 849 2099 2500 2228 2681 2479 330 972 313 505 1827 28 1873 1335 872 354 1543 2283 671 2028 2557 532 587 1708 2742 523 1563 2177 2814 1956 2181 696 175 238 2552 2306 120 1704 2265 890 1314 261 2199 2610 92 2789 1955 1099 2052 653 2193 316 2144 2119 2527 2812 602 2773 2716 1109 1135 1111 2322 1917 2592 2017 649 533 1117 2237 1961 1852 2597 633 1327 2212 1885 1332 2250 503 68 2693 1302 740 771 963 553 1278
000048.jpg,2677 629 281 941 2627 1865 1949 1144 84 1198 117 1591 882 2494 909 1184 1960 23 327 1371 2303 396 270 851 1205 1283 275 1987 2161 1080 2726 1768 2222 2761 1113 2162 1659 167 1744 815 1502 2203 2503 2791 40 1880 2152 1525 2263 474 183 1108 2720 2048 907 481 2030 2841 2502 1217 1661 2179 1802 1979 1738 20 592 543 2572 1232 2132 609 621 744 38 1641 2573 1263 594 1570 1766 940 1207 1916 1199 1687 1798 1637 454 1139 783 2404 1064 2182 498 1423 2346 171 2421 1605
000049.jpg,1870 2649 925 1369 348 26 480 2454 2769 2714 550 179 663 2538 1422 712 2375 1417 1710 1489 1701 1045 860 2130 463 1624 2817 1644 2528 817 1934 197 1782 524 1545 1658 2050 1737 2411 626 188 1319 260 1930 2241 611 2004 1381 421 2638 2501 1656 312 2389 1468 4 2832 2356 445 135 1887 1926 2790 2039 2836 1146 746 1328 1617 1029 689 59 489 2659 2840 2011 570 2581 2332 704 970 659 518 1193 2312 2044 2235 1544 2419 1758 2088 1102 1551 440 1552 305 1407 2116 2123 2574
000050.jpg,540 2242 1561 1093 407 617 1346 2441 1535 1091 2827 310 1856 2111 1914 2785 1683 1996 2238 949 1898 1343 1631 777 766 291 983 783 2542 898 1087 1593 1693 940 853 2737 2112 2656 95 1558 832 1689 2190 1298 24 2202 1176 634 2143 1004 695 2072 1207 1434 581 2745 2114 328 2493 2149 1448 1166 1197 182 596 558 2430 2413 1334 1597 714 2615 1928 1019 2016 499 132 1743 1103 2295 149 465 1590 426 2521 510 2024 803 2759 88 954 230 2409 1785 135 1602 979 1685 1476 895
000051.jpg,924 1400 1687 2573 1471 1922 1487 327 953 2620 275 2494 1714 1713 2422 1116 1178 34 2523 2700 1224 683 47 1836 2180 1995 1990 2129 1044 1838 676 1199 1672 796 2303 115 2437 117 832 1449 1726 2791 1659 38 2030 2249 1205 777 2572 2317 2678 2745 1080 1476 1198 2202 23 1502 88 1914 1184 1802 1996 2263 1371 2706 1425 761 2179 2785 690 1979 576 1084 1488 1535 465 1180 2476 2623 2281 1525 2203 2190 230 2111 44 2222 2132 1856 1091 2768 1738 2079 2547 1346 2348 1537 420 1176
000052.jpg,1644 2411 2528 1624 1407 2817 817 2044 1656 1934 2501 2790 312 2832 1102 1926 987 85 188 943 1319 635 221 1405 2300 611 556 59 2389 2082 1545 626 1737 4 2270 1386 1146 2034 826 547 1360 1468 904 1417 2477 1796 1799 480 1710 345 925 2185 1630 348 283 2367 2397 1437 1411 1202 2545 900 2419 260 1369 996 1870 2530 2312 197 1489 1048 266 1692 659 2826 1378 271 643 2692 1725 2766 2842 670 1339 2534 1701 1491 2689 559 2625 1240 2652 892 1892 2208 524 2774 1408 274
000053.jpg,1466 730 338 2516 1526 1707 1511 2843 1442 1325 1969 406 2145 1007 2102 257 1992 1779 1385 112 1079 1894 773 191 336 2763 811 2394 1871 410 519 2377 1068 186 1731 2290 1424 1379 2730 1516 544 1498 2302 248 1165 392 365 1311 742 1968 2788 435 870 1138 2364 1670 2830 1005 1455 1454 2341 717 709 1527 1131 881 1634 2549 1040 1783 253 800 610 1243 2560 1794 1309 937 605 94 2151 1581 1850 648 749 2746 1966 2299 821 288 1020 1573 1094 2006 678 1174 2609 535 538 1133
000054.jpg,472 1803 127 2063 888 262 2266 1530 1509 403 667 2444 2094 342 1607 2385 2138 226 1159 551 1078 1421 160 1828 1059 846 1341 1815 1964 2455 317 600 2835 17 2738 1338 1982 573 1925 2412 2758 2614 1060 1863 1069 264 405 2484 1807 687 2255 1735 2820 1811 1295 2811 1619 2776 428 642 352 537 2595 2486 577 641 2731 1167 1814 2431 1355 2189 1652 1373 2100 166 90 991 837 147 1589 2710 1009 2771 1122 2844 2371 741 2633 2607 385 1345 1622 203 195 41 299 2692 879 1660
000055.jpg,2045 1584 2023 2755 747 770 258 1796 463 1035 26 230 1980 1029 1673 530 1301 817 660 1701 1722 1839 1237 19 197 2545 926 417 2259 2685 542 1996 1065 2034 465 1370 1305 2817 1489 1369 2735 186 1330 1396 1870 54 843 360 1926 1739 1981 1707 989 860 1362 606 597 255 1844 1604 1728 446 2782 2415 2282 2397 1516 2478 2049 498 2083 1319 576 2257 1853 2745 1017 1307 2077 2108 424 925 712 451 1567 901 1073 1189 2574 1517 550 1554 1269 2649 489 777 1331 2300 1976 2790
000056.jpg,2023 1584 2045 2755 747 770 258 1320 2545 2134 1796 2034 19 1285 973 1628 500 2463 2118 1499 1750 713 1015 597 1722 1342 2217 2074 1976 2182 1256 446 1660 424 2249 1064 2056 940 905 1599 45 1562 1423 1288 783 1867 1703 1605 1047 2362 2831 461 2522 2108 691 73 834 1203 2245 417 155 2760 2705 985 1401 437 1865 2633 2607 1074 171 2282 498 1206 1286 1222 2613 1065 2410 980 745 1269 183 1844 1835 893 738 76 1740 986 236 621 1322 1138 2216 1954 1550 2415 2608 1364
000057.jpg,1272 1910 680 640 40 2421 2210 851 13 1949 2520 1960 2671 592 1754 1038 2267 1430 1232 2578 1041 2162 2217 1553 1744 1256 2726 1699 1236 1616 1337 828 2380 36 2083 2117 370 629 244 323 2115 733 500 2571 20 37 1793 2677 2415 1886 1661 609 1189 1221 2058 2032 377 988 1431 285 2401 1401 2222 940 193 417 713 2521 1865 2182 744 1203 510 21 2451 2469 844 1749 1891 56 39 743 1364 2497 834 2203 2566 1342 1065 73 1283 2760 198 569 2494 1738 1836 2568 1727 1605
000058.jpg,505 28 1563 523 238 2500 175 2552 2181 2283 587 313 1827 734 1896 1741 152 458 2250 2716 847 2674 2119 1339 849 2819 2527 972 705 1532 354 2534 2689 2479 2370 2681 2365 633 1376 503 2099 2191 1335 1746 92 81 1704 330 1852 1680 2557 2322 711 1708 772 2144 504 2193 1543 671 2742 120 1278 2028 2592 696 2052 2059 2177 532 1730 602 1111 484 108 2285 1275 1912 1929 999 2301 2228 2814 1117 534 1314 467 2806 1692 2693 1386 2429 31 2398 2236 68 125 1332 788 1475
000059.jpg,1339 1896 734 2674 1376 847 1741 152 2191 458 313 2283 1532 2099 1827 2500 2819 849 505 28 523 2479 1563 175 330 238 2181 354 1708 587 972 2552 671 696 2681 2028 2742 2228 2716 532 2119 2250 2557 1956 1335 503 2365 2814 2177 92 2527 2597 1543 705 1852 1746 633 2370 2193 1680 772 711 120 2610 2322 1873 2592 2534 81 2689 2052 1473 547 653 1386 261 1704 1428 2007 2693 2082 2144 1472 2419 390 2236 2440 2397 526 1314 2367 1046 1692 2812 239 2652 2270 274 559 1437
000060.jpg,1113 2141 2502 621 1364 1251 2522 2056 45 2401 2152 171 183 1064 2182 1768 2048 2612 270 1371 2608 236 2760 2761 1283 2705 2831 1108 2841 1525 1288 941 2263 84 1703 42 959 2216 629 214 1365 1605 1363 506 565 1286 2572 1844 1139 851 986 1560 744 1280 1953 2623 2348 333 2720 1865 2116 1536 2197 1661 636 2571 2442 327 106 1144 2562 1602 2503 940 2591 198 1004 2807 1866 229 75 398 2448 609 1596 2278 2497 2677 1171 1960 783 1458 1797 1738 620 2425 2567 644 732 1032
000061.jpg,1481 418 52 806 780 2244 1465 534 2429 207 2470 1662 53 2059 786 484 1438 471 2690 225 61 999 1273 726 363 2698 936 402 192 2821 2025 346 290 478 2467 2669 2301 2236 2407 331 1475 1918 2687 1275 1929 655 1730 2806 1008 1780 389 2505 2465 758 268 1140 295 1787 1378 430 2053 108 1124 643 1503 452 653 391 1022 2285 1692 840 2693 654 2396 467 1831 753 1127 2557 1037 1706 131 27 1220 390 2398 2061 33 1921 464 1715 1635 1568 2634 1026 1506 1967 628 1278
000062.jpg,807 1260 1221 285 6 546 582 1697 2643 1702 759 922 181 1083 732 620 1858 1188 1797 1570 2313 1456 37 1284 2268 372 298 650 2666 468 38 122 2171 167 2194 2162 459 1153 2261 2726 454 2554 411 1541 2425 1227 2167 894 2153 1763 2816 2807 448 189 1744 281 1032 1891 2677 419 1723 661 84 752 1015 2060 476 2043 973 20 2476 1960 669 475 820 275 2222 1283 980 636 2346 1082 2303 96 592 1995 1884 1525 117 2791 115 1927 1318 629 2118 2810 941 1610 1285 851
000063.jpg,2792 998 1583 1791 118 567 2711 9 1179 2065 1579 808 778 1854 945 382 2491 841 517 919 2682 1977 1354 2328 952 1470 639 1769 1970 2252 227 1578 2778 1770 2647 114 916 1667 1920 1651 2729 887 930 1657 2575 982 2723 1531 763 2225 928 2042 748 1063 98 819 776 1819 2361 914 1595 1864 812 35 353 2334 2284 2379 175 2531 1851 390 1635 1351 1438 2462 471 2146 1503 1967 2465 2505 999 2018 1662 2557 2301 363 2059 2429 152 936 2407 1625 1475 1493 782 503 1018 108
000064.jpg,2091 239 2794 2164 2173 27 2280 525 1781 209 838 139 1505 245 654 2311 113 216 1435 1248 1356 2232 1127 625 408 383 1598 2693 1472 356 679 1282 296 858 1274 49 2137 1555 252 653 2396 2017 2025 2565 1037 1787 1780 2669 1506 1961 1568 822 1755 225 192 1187 449 1924 1647 1140 782 2053 1124 1018 61 1011 1475 1262 455 1692 799 1635 390 1967 1972 1216 2061 721 207 643 2402 1050 1317 2062 1715 2531 1141 1756 2632 1395 2070 314 2236 1662 1921 2406 344 495 2611 464
000065.jpg,1175 1306 485 1951 727 658 589 2787 646 1798 2054 293 2113 304 2066 2178 1213 1361 1115 962 2546 1230 1394 714 1207 572 2323 1334 395 2072 1451 1558 2644 614 853 1427 1087 898 1559 529 76 1389 1137 2540 1166 1928 2000 1312 251 1106 1801 2409 803 374 436 215 1300 1883 1683 93 895 2784 545 1786 101 1197 634 1257 1900 483 364 581 1590 989 2759 737 2430 2149 2656 1785 426 1333 2277 1597 1149 2324 1971 954 2143 2381 341 24 1693 2320 1605 2024 1353 240 2022 2533
000066.jpg,1810 2509 1075 67 1001 2121 2583 202 2350 249 1012 627 1406 1944 1055 2558 1212 165 2057 725 404 2135 232 2825 2741 1195 1894 1945 899 1606 2728 424 520 2736 2207 1594 2766 2224 2294 2566 137 388 1609 2507 2451 1223 338 1869 19 1733 1707 1722 2638 499 2384 902 1935 2033 1874 362 21 1033 187 1383 1984 447 1463 119 2744 2143 2090 2291 1728 742 2733 574 751 1448 332 1478 1130 988 1910 2029 1088 32 204 1529 917 1401 135 2533 569 1841 558 550 193 24 2683 2435
000067.jpg,1948 1096 1416 1362 1897 497 1586 992 2046 1218 2352 1381 1630 2721 1569 1261 1051 2241 1360 1684 2272 1658 712 1782 2767 1316 2815 2150 2817 1045 64 2135 1926 1796 899 1212 429 2481 2333 2741 1860 2598 2185 305 2298 202 439 2790 2650 817 2300 48 925 1431 1938 2213 631 2584 36 866 2246 1329 21 1910 665 1446 955 1518 155 889 698 100 137 892 1411 46 733 562 2454 2825 2384 1369 1644 463 1810 2735 638 1656 142 2078 447 2556 2083 2836 348 1562 787 2668 26 499
000068.jpg,99 141 1145 401 2055 453 208 595 2163 2747 2587 2098 1717 2469 731 1023 1160 823 2126 399 612 2655 1510 1047 1628 694 2636 174 1784 172 73 461 437 981 2009 760 1976 1233 1872 380 72 477 1599 2074 2775 2722 1241 1201 1688 1085 1415 164 2161 177 156 2679 816 2577 1911 460 2122 2829 1163 1903 1682 1089 2218 2274 19 1404 1436 1797 2691 1155 520 341 2624 222 144 1459 2354 2362 1100 2612 2668 1199 232 577 1748 1808 745 163 2512 1269 2706 1826 2464 1845 1945 379
000069.jpg,1699 571 332 193 569 988 1553 2217 1256 427 2029 1430 2415 121 554 2090 1793 555 1065 1886 2743 536 2380 2568 1890 340 1888 1431 1236 289 2267 417 868 2423 1588 901 1033 176 2117 142 361 597 56 62 323 743 2032 886 1393 1268 1562 1492 2668 2384 1398 2333 979 1132 432 2078 2451 500 1418 21 1668 36 2602 1686 866 1189 2108 2786 733 199 1499 2578 1053 681 2227 2047 802 1041 893 370 1374 1910 1337 1038 429 2421 878 1272 1616 157 78 1521 302 1009 1070 837
000070.jpg,557 352 879 2460 2363 1539 1925 1619 1366 299 1982 2269 1863 2833 2371 2139 1816 2710 2797 428 2138 1549 2175 2092 2576 1480 667 2844 273 1242 685 2473 741 2731 2607 2226 307 2455 1660 147 2727 160 1520 2776 1862 2094 1530 867 1078 403 264 1735 2484 1025 2104 127 891 262 2633 1 1803 888 814 1349 1509 2189 2403 1815 2524 577 1814 1122 385 2648 2431 837 1807 969 1167 1295 1238 1159 226 1373 267 90 2468 2412 1009 1421 472 2835 2268 1811 2213 1338 1355 2595 317 2100
000071.jpg,2769 348 2454 26 480 1870 925 1369 2649 2714 179 1417 550 1710 860 1489 1701 2375 2538 663 1788 1422 197 712 433 2289 2130 1895 1045 463 769 2050 161 2650 1656 2439 2001 1658 1934 1029 440 817 1319 2241 735 2397 2817 1926 518 1617 188 2501 2840 1627 2836 1253 1782 1624 2082 1102 59 1752 489 1737 1840 1146 445 2790 2044 2084 2628 1544 524 1437 2826 2574 950 1552 1545 904 611 1172 1328 606 2424 2389 2011 659 1386 134 970 260 626 1796 2367 2735 2270 2528 1663 2724
000072.jpg,1140 1037 478 1472 430 2053 1124 1118 1303 331 2693 1475 2236 1635 655 390 1967 1050 314 1715 1918 726 999 27 2406 2061 2059 1187 1506 2505 2465 1921 1648 805 1756 799 1274 1972 1317 1568 2402 1647 471 1755 1438 1127 1395 721 936 2407 1662 1273 484 1216 402 1780 806 534 2429 356 296 2232 2301 758 363 643 1282 1692 2698 389 1503 2244 786 1378 653 780 408 1822 216 1008 1465 1143 391 838 1011 53 1929 1024 455 1275 31 2715 268 2631 2531 209 2470 1314 2062 49
000073.jpg,2713 2433 1453 1490 2309 1901 2376 201 2034 2545 1860 1796 563 100 2826 1148 48 715 168 305 562 231 260 2650 439 1640 1569 1878 64 2721 155 51 421 2088 559 1123 1316 659 857 204 2842 704 1307 2229 900 1437 899 2135 486 784 294 1606 1486 2258 2461 1350 2289 1034 1940 210 2515 2213 1212 1665 2769 480 1841 689 352 77 264 2007 2004 1056 1584 2553 2123 1496 725 405 188 2039 57 746 1464 2455 885 570 508 1190 59 2155 1874 2714 2367 1369 793 26 2581 978
000074.jpg,645 2011 2837 1649 1444 2707 1679 169 1617 1623 2767 1054 947 1328 1663 445 735 2840 440 1544 1782 2050 2836 1029 1045 1381 1261 965 2130 712 1552 319 1253 2439 1840 1993 1658 1422 2735 51 463 1307 1208 2241 1437 550 659 197 179 134 2287 674 1486 2628 1369 1775 900 2649 489 1860 2076 260 1640 2088 559 2084 305 1870 2652 2419 480 1218 2133 26 155 2574 562 1489 2424 1627 2826 348 2454 906 2312 259 201 2397 925 1468 1983 2309 2769 2544 1796 1148 904 1757 769 2732
000075.jpg,2719 2728 447 2319 2766 2583 692 2292 2558 1810 165 67 2825 627 2509 2506 1944 249 2121 1962 725 1406 1012 2294 442 1055 2736 1126 1075 202 2207 1001 1130 790 2350 1452 2580 1825 686 2598 1841 2057 362 2436 104 1212 2741 137 899 1986 1940 1067 140 2665 2305 2135 79 1223 1869 146 574 494 388 2387 804 2617 750 1868 2258 378 1183 1362 2286 1897 329 2657 1076 97 2172 286 145 1606 637 116 497 2748 163 2828 2704 1185 482 29 1553 2673 1886 2124 722 404 1558 411
000076.jpg,1788 1895 433 161 2289 769 2375 2482 2650 860 1489 1710 1417 1701 197 2769 348 2454 925 480 26 1870 2001 173 179 2714 2501 817 2130 550 1369 1117 2044 1934 2367 231 463 1319 2389 168 2649 950 1627 1253 2817 59 611 996 1328 1148 2530 1491 1993 2084 188 1656 1649 134 674 1045 2764 1926 670 1029 1624 1181 1782 1679 2480 2082 626 2538 2050 489 606 1640 1386 987 1617 1314 1623 2011 2685 2767 2837 100 2553 547 947 1737 1663 169 2312 2735 2836 2757 978 312 2692 345
000077.jpg,392 1419 301 2331 257 2843 1731 1871 937 1138 1200 2377 2613 535 1527 1645 1707 1894 2609 1479 1800 288 416 1682 1387 742 519 2318 320 2341 2420 338 99 1068 253 1992 1495 339 336 1676 1267 1007 1718 1243 1750 1131 2245 1455 730 713 2763 1425 2299 1263 2518 2410 676 1498 905 1073 2463 709 1850 435 1385 821 1779 2830 2134 629 855 946 2691 1142 2249 1466 834 2560 2243 1020 744 2492 2514 1322 1342 1581 258 1516 2680 1442 863 19 393 1380 940 1412 2394 1798 2469 1256
000078.jpg,2437 2317 1672 16 44 1483 376 1447 1469 1990 761 2700 1995 2249 1178 1749 832 1836 47 834 2058 1727 2555 1044 1277 1838 2180 1535 1713 1224 1116 1714 1425 2129 115 683 2523 34 2202 1593 1346 2745 1914 940 1476 2422 576 2190 676 1004 95 1103 198 1304 291 1228 2497 1795 2112 88 983 2522 1176 2785 1064 2182 2831 596 45 1849 1251 2056 1434 75 2441 1343 2760 1364 1203 1867 905 2737 2547 2542 1847 824 2827 1785 183 2216 60 2571 1999 1161 949 2210 1288 182 36 2705
000079.jpg,1290 2049 2282 530 1518 1604 2596 2140 1567 631 1301 1058 451 2064 446 2796 984 1981 1237 1017 921 2093 2392 394 1613 607 1978 1879 908 1002 2357 1909 662 1621 1105 1119 2543 852 2257 813 1906 2696 1396 2085 1673 2512 660 2410 243 1277 337 2096 1006 1178 1401 1554 836 1064 1206 45 1364 1483 1066 1074 2705 2522 935 1145 472 2182 700 1614 1638 2831 474 713 1331 2700 2107 1370 2056 1806 37 967 2058 308 1308 905 1749 2428 1954 355 1672 1322 2262 2395 1096 376 122 2648
000080.jpg,2716 2552 238 2500 2365 705 2534 1563 2689 28 2370 81 523 2119 505 2181 2527 175 587 2250 313 849 2819 2681 1827 2283 152 458 2557 734 504 1532 2191 2479 1896 1741 972 354 92 847 120 2674 1278 1704 2144 633 1339 2193 2592 1746 2322 2052 503 1708 2177 1543 2099 1335 1873 1680 1111 1852 602 772 1917 1010 711 1314 1332 1117 330 2764 740 726 2698 771 1955 2059 671 2237 1376 363 271 108 2244 534 478 999 1273 2440 2690 786 600 68 1438 2806 2265 2082 484 471
000081.jpg,1911 2355 850 2420 2691 1267 2512 222 2318 2218 1200 1436 1933 1305 2362 320 99 1504 2394 1682 1387 1790 897 2071 2593 1479 1380 2468 981 2432 836 2452 2645 935 1709 144 2156 2147 1621 1676 1085 208 2679 2122 1903 2587 755 2750 632 2096 1098 595 2446 1006 2201 1052 177 1946 1872 1163 1638 1229 796 1233 2829 380 760 754 1321 2642 2749 459 2342 2458 1231 12 437 2356 2756 757 2533 1697 2290 1361 816 599 112 2706 73 1537 1728 612 519 908 2746 2102 1717 2514 1384 2074
000082.jpg,1177 2414 107 1507 2604 2641 55 2176 397 728 1104 1669 2550 1194 2019 575 1691 400 2754 2661 1523 584 834 1482 373 479 384 1957 2573 831 409 272 2249 2494 2726 2214 845 560 827 1785 896 15 20 1646 1222 327 2383 1641 2058 1420 738 905 2080 2203 1288 2695 2459 1203 1277 713 1727 306 1995 2395 2488 1449 1835 953 1401 1738 1016 441 1154 1744 198 2162 1241 2555 1450 2216 1184 1666 2107 2222 1922 75 985 2016 761 1228 924 347 1423 1363 2497 2521 1230 110 680 1144
000083.jpg,243 1105 1396 1554 1370 355 813 2660 1495 2458 2257 966 1331 1384 2696 1614 908 1742 1673 2600 1705 942 487 2085 1681 337 2782 1906 54 607 660 2369 50 1893 2543 710 360 2259 542 1031 320 1017 1739 1676 2803 1853 2664 2336 791 451 631 530 1565 1508 1000 1237 1287 1695 1301 2049 2157 1290 984 2647 392 1567 1604 1518 825 2598 1002 301 921 2773 2361 1978 765 1316 975 2736 2064 1052 2394 2282 1985 639 151 1058 682 2711 70 2405 1246 1962 943 2170 633 238 2181 1981
000084.jpg,727 589 658 485 1389 304 2546 1175 1951 2066 2178 2113 1213 1306 1115 1798 2787 1394 1300 545 1230 761 898 2022 75 2497 2249 572 1683 1087 783 1898 714 215 737 962 2579 479 1333 1785 2054 2726 293 2154 198 328 1225 594 2759 1835 1558 1334 2179 1093 2114 2072 853 2245 251 1312 272 1605 384 436 834 1957 1738 407 1288 1361 2216 1207 1559 2521 1106 1074 1883 2203 2841 1891 581 1144 341 2238 713 2214 1412 1666 691 831 1184 2768 322 1222 789 1712 2152 110 1420 1322
000085.jpg,2510 431 1839 70 1753 1125 2772 1035 2777 2077 2478 2561 1834 951 2818 2015 1252 2757 1759 2161 1390 1557 1938 2622 1842 767 18 315 1976 2471 277 461 1176 2656 2547 2601 1693 2149 191 824 395 1845 2 39 596 2663 95 702 576 695 1443 1559 1106 1908 2624 1357 2686 2217 2315 2497 940 889 1749 417 2249 1180 1476 132 88 73 1165 2441 2288 1628 2276 601 1416 581 1298 2415 1065 1447 1323 2566 850 1593 2542 745 1469 2827 2302 1793 2016 629 304 1343 1833 2494 103 2113
000086.jpg,2210 640 2520 13 1272 2671 828 1337 2578 2421 377 1910 1754 1041 1949 1038 2083 323 2032 1668 2602 370 56 2047 1189 672 2828 865 244 955 698 1374 2335 933 2570 680 1616 1329 2115 1049 1764 1521 2384 932 2227 1605 2839 609 1399 2038 940 1749 2120 571 2451 979 340 2217 2786 834 1336 2401 2571 1425 1256 1203 214 84 2058 2831 2705 1364 1013 2224 1602 1562 2117 762 2522 1890 2668 2031 21 621 1283 1004 106 176 2476 1696 964 1277 1766 2566 2502 171 1686 1927 744 839
000087.jpg,767 277 1938 1443 889 1833 2686 1747 2496 1460 211 369 2315 1980 2532 2702 2015 1989 1252 2818 951 1834 2478 2777 2510 2772 2077 1793 431 988 2058 2522 2217 40 940 1753 2090 1418 2441 332 1401 1064 417 1125 45 2827 1277 1176 193 325 1562 1080 1343 745 2056 2668 2415 569 2624 520 1727 2521 901 1749 1605 1557 609 803 1065 20 617 2384 832 2190 510 1588 1686 167 1960 453 2566 1091 853 2685 1161 1535 2571 2182 1132 1945 232 2227 979 1342 1033 1431 509 132 95 1661
000088.jpg,767 277 1938 1443 1833 889 2686 1747 2496 2315 2532 211 1980 369 2702 2818 1460 951 2510 1989 2015 431 1834 1252 2685 1418 1272 2777 2384 1065 70 2668 13 1686 886 597 2077 417 1562 1557 2217 1793 1390 1561 617 2772 1334 2571 45 2478 2522 713 1801 36 2190 640 2827 1035 2056 2249 1277 1176 332 1091 1064 2451 1343 1910 2108 2786 2421 132 1203 95 940 2463 165 479 1371 1322 1431 1256 2561 2757 1342 2415 2182 2410 2242 1263 1743 1890 691 738 1842 310 569 695 1038 1353
000089.jpg,2809 12 1473 1876 1721 433 682 2438 1895 2435 2708 2375 1627 608 2289 1330 1592 2569 255 178 146 1185 1677 1874 1892 769 2057 491 2084 2110 2660 1491 523 622 274 494 2657 217 67 1899 2670 657 2367 2250 677 1737 2445 345 994 1433 2676 2724 2037 1777 74 1055 368 2704 2389 671 4 996 197 444 1545 161 2716 627 252 2530 626 2626 1463 1870 2813 1771 2440 1029 2625 1407 1998 2093 1944 1411 817 137 2561 904 574 1725 864 519 2728 175 2683 637 2800 489 1563 2735
000090.jpg,2567 1171 1214 2751 22 106 2109 96 1927 1661 1632 894 2554 419 2153 189 2502 2060 2152 1032 2401 1251 2141 150 1605 621 1365 1364 2831 2841 1703 214 744 2705 481 2726 815 1288 609 2522 171 84 2612 941 2404 2056 2216 2571 1371 45 844 205 1064 1283 183 957 333 1749 620 1960 2203 1139 1891 510 2162 2521 2457 1108 2760 1363 42 592 2313 2182 1766 2623 20 270 1953 1987 2179 2048 1889 1727 1744 2608 761 2666 785 1738 5 236 509 2096 1217 2030 2720 851 1280 2497
000091.jpg,1896 734 1339 1376 2674 1741 505 847 152 458 2500 2283 313 523 28 1827 1563 2819 175 2181 849 587 1532 2191 238 2552 2099 2479 330 972 354 2681 1708 2527 2177 2119 2228 2250 1335 2716 2365 671 705 2028 1852 2742 92 532 1543 2370 2689 2557 696 2814 503 1746 2534 1956 1873 2610 633 1704 2144 653 2193 1781 772 2306 1314 872 2597 2592 1278 2091 2052 1092 2164 1472 643 239 1917 547 890 120 81 2693 2812 1386 2774 271 2285 1752 2397 2794 1912 2062 33 68 316 1730
000092.jpg,1656 2790 1102 85 1934 2817 2501 1926 312 2832 817 2044 1624 987 943 2528 2411 1644 1407 221 188 2300 1405 635 1319 556 1386 2082 611 2270 1146 1796 2034 2389 2545 4 1737 1752 547 1545 480 1870 2631 2397 59 626 1202 2367 2649 2574 2084 518 197 1029 2424 2289 2312 550 925 348 2842 2375 1417 489 2689 769 260 705 1253 864 2826 463 712 2439 2774 1630 1190 2454 274 2724 1895 1627 950 2766 2534 1369 2256 826 2556 559 563 1461 179 2440 433 994 26 1677 526 904
000093.jpg,1371 2263 629 1525 1113 1865 2152 2572 1144 2502 851 2677 327 2623 1949 941 1661 1280 214 2141 2678 1960 882 106 84 2348 1602 592 1064 40 1605 1866 2056 2116 2162 1032 2522 1687 2726 1744 2706 2182 1632 2161 236 2760 45 2608 1726 275 96 2197 2216 1659 474 924 2841 2503 183 23 1927 940 1198 20 621 1364 1336 894 1288 2620 2421 38 1400 856 1365 2751 2386 2030 2401 2705 2153 609 171 1251 762 479 1922 1084 333 2567 850 2554 117 509 2571 1703 2831 1458 831 834
000094.jpg,1444 2707 2837 1679 1649 1623 645 2011 1328 169 947 1054 1663 2767 1617 735 1544 1782 2050 440 2836 445 2840 1381 1261 2130 1045 712 1993 2439 1029 1658 1840 1422 965 1552 51 2241 1253 1218 319 463 2628 1307 1208 1489 1437 2287 2735 134 1369 1640 179 900 489 1948 2046 1445 674 1710 1860 992 1416 2649 1486 1775 550 2084 562 197 305 30 2088 259 2133 1627 2424 260 1870 2183 860 497 2076 1417 2352 1586 906 2312 2454 2515 986 26 348 1250 1652 155 606 2544 1834 925
000095.jpg,956 1882 2468 644 154 909 971 2688 2442 448 2188 2476 387 2720 2498 1596 2425 2562 1768 1536 43 636 229 1108 1797 1318 582 2761 342 2807 1283 551 2048 1880 732 2194 1560 1221 270 1206 2261 2749 84 1802 1687 2197 620 669 546 795 42 2740 2278 1911 1697 115 905 661 2167 181 1286 2678 1400 2399 1790 459 1083 474 300 2210 1153 1084 1203 1541 2463 1726 2107 2572 762 1015 2620 2520 308 373 1761 1483 1227 2118 1676 2522 1352 2623 2071 2503 2695 1322 1280 2079 1525 829
000096.jpg,1113 2141 2502 621 2152 1364 2522 183 45 1251 2401 1371 2056 171 1064 270 2182 1283 2612 1768 236 2841 2048 2608 2760 2705 2761 1108 2831 1525 1288 2263 941 84 1703 2216 214 1605 629 959 42 1363 2572 565 1139 1286 506 1365 851 1844 2348 2623 1280 744 1865 986 327 1953 1661 1560 2197 1602 1866 106 2567 2706 198 333 1004 1171 2571 2677 783 909 1712 2562 474 75 940 2497 1144 1206 954 2203 971 1596 1738 636 1032 1536 2442 594 1760 2720 957 2503 924 229 609 2112
000097.jpg,18 601 2 2663 1842 1834 2015 1252 951 2818 431 2077 2478 70 2510 2777 2772 1125 1753 2561 1839 1035 1759 2757 2667 2622 522 1557 315 1390 1443 1833 1114 2686 2624 1938 889 2000 1747 2161 931 529 2728 93 848 1165 1590 646 962 2320 1801 895 404 581 1798 249 436 1845 1012 1406 702 2302 1075 364 414 1241 1786 803 395 789 714 101 1830 126 2324 202 818 2315 2644 215 2656 754 2540 1693 767 2504 1418 1166 1257 2409 1971 2651 751 2759 766 737 1115 597 1175 2780
000098.jpg,2790 1656 1926 1102 85 943 817 2817 1934 221 2501 312 2832 2300 1624 2044 987 2528 188 2411 1644 1407 1405 2045 1319 635 1584 2023 556 611 2082 2755 1386 2034 2270 1796 1146 2545 480 2397 4 1737 1870 547 348 197 925 550 1752 1545 463 2389 2649 1369 2367 26 1202 2069 712 747 626 2724 826 659 283 2556 2826 1417 2375 1895 1029 2312 2454 179 59 2289 1316 260 2574 770 2774 1045 518 904 433 559 1630 2689 1055 1468 2769 489 2770 970 2670 1552 2842 2597 2558 1658
000099.jpg,400 827 2661 1401 1904 2507 997 2839 2570 1764 2335 352 1329 2795 1337 1266 2083 2578 2828 2602 2808 1374 933 672 1399 377 2038 2460 1070 1668 2221 358 964 2120 2640 557 1952 1249 2031 879 2363 2633 1660 685 1480 828 147 1539 2607 2468 1366 1069 2738 2758 1242 1619 2444 1698 1341 1349 1925 307 1530 955 1227 1910 1607 1638 2811 2226 2629 592 1815 2415 829 2710 1549 160 1556 1387 865 1078 2595 1863 2428 2138 1793 1167 2049 273 1449 476 163 1862 2257 577 20 127 2100 1806
000100.jpg,79 2068 2665 722 1067 2511 2842 1547 2305 350 1134 2741 246 2135 204 899 1212 116 1606 1463 137 1935 2041 97 2766 1944 2825 686 2558 1055 447 2580 2736 1076 2728 2598 804 692 2319 1962 2813 1464 2248 2294 2292 725 329 165 2258 2436 2286 1452 2719 140 2382 1126 362 1841 790 12 1868 2455 442 677 202 1677 2207 1777 348 817 1870 1771 1986 1926 1223 26 1624 1056 2817 2435 70 925 231 2625 2506 657 67 864 1656 59 1901 1874 2082 1796 1130 1639 1934 1937 90 2138
000101.jpg,2306 890 1543 1873 872 2237 2265 1314 1955 316 2052 2789 2592 1111 602 1332 740 963 120 2681 1109 2199 1164 699 2812 2799 1991 2193 507 367 162 235 1823 1885 1182 1917 2597 771 2322 1441 649 2764 1117 2610 1135 1327 2212 633 2191 68 968 1302 553 1099 533 772 1680 1650 2822 2144 261 1774 503 1974 2774 2343 670 1461 1010 2770 1896 1852 972 2177 532 2773 330 580 711 1376 2028 159 31 1335 1339 1746 326 587 1532 2099 2819 1097 1293 734 354 458 2715 2500 1956 2742
000102.jpg,3 1642 2490 254 2405 2170 1958 1985 2336 1574 66 765 825 929 14 282 1246 873 779 2536 1136 2434 652 2157 1745 2426 522 2667 276 2707 2699 1245 1538 860 1679 2130 600 862 2324 1788 2050 1328 2489 2837 1837 1649 1261 134 2076 1396 169 2165 1623 91 1290 1054 1617 307 1417 1701 2232 2049 1804 1751 433 2256 383 2482 1 1278 1187 1124 1633 1403 349 1993 2100 813 567 2544 1381 118 1503 1878 1489 947 1011 440 2696 2531 259 355 2285 871 1051 1710 1037 2070 693 996
000103.jpg,2797 1539 352 2844 891 2092 2473 2269 2833 2139 299 2371 2576 1549 2403 2175 428 90 2776 264 2731 2455 2226 837 2484 1982 667 741 1009 846 1571 1735 267 17 1814 642 1815 1238 403 1698 1159 2223 2338 1122 2138 2486 2100 1540 573 1925 1349 2094 1994 1589 1291 1619 687 1530 2412 2063 195 262 867 600 2607 888 2811 1338 160 1480 1622 1816 1295 1078 2255 472 1242 969 1660 2340 879 2633 2385 1366 2717 1807 2710 1421 226 537 1618 1409 2253 1826 2635 2709 127 234 147 1095
000104.jpg,2265 1955 1314 872 2789 2306 890 2199 2812 1873 1543 2764 1117 68 507 553 316 2774 2770 670 2144 2597 1010 1974 1302 1461 120 963 2237 2610 1164 771 1135 367 1885 968 2799 1109 699 1650 1917 649 235 261 1991 1327 2212 1332 1099 1182 162 740 1441 2681 2052 602 2592 1823 2715 533 31 1111 159 580 326 2822 2773 1774 1240 1293 2343 1097 1278 2193 2191 1852 1746 2177 532 2062 200 2322 1143 643 633 2687 1118 1822 344 2527 2028 972 1378 587 1101 1706 2814 354 2301 1730
000105.jpg,1333 1019 2022 63 1298 954 1685 1434 182 149 1343 1712 1760 2112 1004 940 2737 2542 1999 75 949 2016 783 1103 198 2497 1749 1304 1727 2656 60 310 376 1483 2827 1277 2058 834 2555 2149 1447 1469 617 1693 2441 1561 2566 596 2522 499 1064 45 2056 95 1593 1176 1743 520 2615 1661 1269 1197 983 2217 1087 232 2521 2726 2190 695 2390 1448 40 1744 2143 1605 132 634 24 1722 1364 1430 1529 2182 1738 19 1558 2571 1256 510 2109 1886 1535 1960 2744 420 609 1251 424 1207
000106.jpg,1836 2700 1990 1713 1178 47 1116 832 1714 1224 683 2180 2129 2523 1838 34 2422 1672 2437 1535 676 1593 1914 2317 2785 2202 2745 2249 1346 44 2190 291 1476 88 777 576 1996 983 2441 1856 1176 16 2827 2111 1091 695 1995 617 132 1631 376 824 2547 1483 95 1447 761 1469 310 596 2656 1529 2542 1693 1749 2149 1561 2390 940 1849 465 1203 1867 1425 499 230 115 905 1357 2112 834 39 1343 1743 1722 2245 198 1004 36 1727 707 1103 2016 954 1685 733 2744 2288 1750 1228
000107.jpg,2797 2844 2092 2269 2833 352 1539 2576 2139 1549 299 891 2371 428 2776 264 837 2473 741 90 2455 2484 1009 1982 1814 667 1735 2731 1815 1122 1159 403 267 1589 2403 1238 2063 2412 1925 2175 1619 1338 17 846 2189 2138 573 2338 1291 226 1698 2226 642 2486 2223 1571 262 879 2100 1863 2811 1530 1994 888 867 600 2094 234 2255 195 537 160 1622 1078 913 2385 687 1540 2607 1660 2253 317 1295 969 1607 1480 1826 2717 1341 1421 472 2460 1409 1824 2738 2633 127 1807 2340 1816
000108.jpg,2374 493 1034 2418 294 210 57 2461 280 1861 1792 1859 2672 1580 1276 1392 133 1758 570 2229 793 1930 1234 689 548 2125 756 2004 2174 746 1724 1665 1575 422 1072 1765 2327 2184 2581 1664 1358 2039 421 2456 1947 2838 704 2356 857 797 366 2123 1196 1887 1551 2186 588 1375 2659 2590 228 1350 1457 2332 885 263 1776 801 720 583 2694 1229 656 242 2739 1193 976 77 1542 1877 2330 859 2206 2548 706 1279 2321 1043 2662 158 1191 1497 2198 687 884 1081 1619 798 1116 1086
000109.jpg,2045 1584 2023 2755 747 770 258 1980 1562 1796 417 1035 2668 1888 1065 597 19 2108 2190 1722 983 1890 1728 2745 1839 576 1945 2566 1996 1834 2202 232 1256 824 1844 2827 2077 2441 230 1686 1176 1269 424 132 62 2547 2116 465 1033 886 21 777 76 289 2478 2217 2786 2315 463 2227 498 1383 1075 2421 2612 1910 1073 1398 2785 1707 2415 1286 660 530 1305 695 926 1418 310 988 1557 1301 1673 520 542 892 26 2083 1867 817 432 1266 88 163 1390 979 868 1199 54 2743
000110.jpg,1325 1526 2145 2516 406 2102 1779 1992 1511 1969 773 1385 1442 2763 1007 519 730 191 2302 1466 1894 811 112 1165 1707 410 1079 338 315 365 544 1783 1670 870 186 2110 435 2680 1968 1581 1138 248 1871 1068 1311 1040 881 2290 605 1020 2095 2730 1573 2746 1424 2622 1731 2613 1634 2830 2560 1005 1966 1759 2364 1309 664 717 1379 336 610 648 1094 2005 2757 800 2377 2299 709 2243 678 2151 11 2549 742 821 1936 1110 1850 288 2788 1498 94 1174 257 253 2492 2251 1645 2519
000111.jpg,2281 2288 1357 1180 2324 1538 39 230 564 2489 2699 2495 1818 1846 926 2493 1786 751 2247 76 1996 1257 1106 777 2224 1971 2000 2114 2132 1091 1593 898 1836 1559 853 2785 327 1856 834 1535 1207 1197 55 940 2542 1714 2294 1434 397 291 728 1928 1166 2555 1914 1986 614 792 1943 714 1561 1019 2058 2134 683 2235 1727 725 1347 425 1825 441 2428 1116 2176 2072 1713 117 541 1130 1528 2296 2629 907 182 1979 1087 1950 2390 2445 2221 1194 1637 2112 581 989 2303 2572 2791 617
000112.jpg,364 215 2381 737 2040 436 341 101 1900 251 374 545 803 989 2540 1427 1883 2759 328 766 572 2504 1389 2644 581 1230 2579 1394 1971 1353 962 2546 2238 2114 1898 529 1115 1257 395 1683 1798 304 2784 2277 2178 1361 1106 789 1559 407 1213 2113 240 2066 2323 1801 1451 1786 2242 483 1300 1334 2000 1951 754 2756 1093 2787 589 1306 1091 1175 485 293 714 727 2054 658 1137 926 1818 1231 646 614 898 1728 2320 2021 1207 1558 39 1357 564 76 2495 1180 2288 1149 751 2409
000113.jpg,1865 629 2677 2346 1916 475 1723 2810 1891 2043 941 2666 650 1949 2171 2161 1605 882 2816 420 1144 1397 2502 2152 1603 820 2768 2521 510 750 2179 909 594 1738 148 84 2249 1488 1541 1754 2494 1502 334 37 609 322 281 761 1766 2497 953 744 1570 980 258 1703 1412 940 2217 214 479 1858 1371 713 75 1184 375 834 2404 198 1263 2726 1106 1559 1283 1749 2245 1957 2115 1637 1288 2542 2421 2841 1222 2216 1004 1727 1038 1740 468 474 1150 1685 327 1979 272 1203 285 244
000114.jpg,2331 1419 392 301 416 937 355 1778 2843 908 813 2696 1396 1331 257 2257 105 1614 1370 2394 883 535 1673 1527 2660 2377 1554 519 1946 1621 1894 2341 1200 243 1495 1105 1455 2782 966 2458 1002 1739 360 490 1800 984 1077 630 42 1516 1871 2259 2138 660 1278 1565 1906 1215 632 1645 1853 542 710 2613 644 1978 2501 54 1695 1384 2453 1520 1000 795 874 2044 2452 1031 2204 2399 188 1017 2609 2289 757 312 2312 2803 2246 666 2713 2815 1329 317 2727 336 1934 499 2300 791
000115.jpg,783 75 198 2497 589 1712 658 727 60 1760 949 1004 954 1304 2737 2542 940 1343 1197 1298 149 1685 1087 485 1333 2112 2072 1175 182 1558 1306 1207 1434 714 1103 617 898 1951 1999 1561 2656 1749 614 2066 2022 2054 2113 853 1798 63 1213 1928 1166 304 1727 646 2787 1019 2178 1257 1137 1334 310 1593 76 2016 2827 1361 1115 803 2149 2546 761 2409 499 676 1394 895 1312 1230 1785 93 374 1206 2323 2249 1064 293 1801 1300 596 834 1590 2324 2522 1106 2179 1074 1957 1447
000116.jpg,898 1197 853 1561 540 1300 1087 465 714 1207 1558 2072 1928 291 1631 2493 1166 2409 1590 617 895 614 1593 93 634 1535 2242 1689 803 2430 2542 2324 24 1346 2143 2066 2024 1597 407 426 483 1334 739 1213 2113 499 1785 676 1019 1749 63 1115 1513 1427 1093 1137 2112 2827 1298 251 2784 182 954 310 374 1161 149 1004 834 2441 1343 940 1847 95 2546 2579 792 596 2737 376 2759 1277 1685 832 304 1389 1773 2058 2656 1693 1228 1257 576 1760 1999 789 2178 1483 1538 1712
000117.jpg,1316 1496 2556 1965 2815 1636 2272 950 1752 2367 2069 194 2352 1051 2628 1840 1218 2241 1658 965 613 2439 518 1948 2046 1261 1586 1381 992 497 331 430 1146 221 1045 1416 1202 1096 1848 655 2300 1428 2790 1362 1799 1897 266 2007 2631 1926 1187 440 1868 563 2812 1775 826 1862 1102 1544 2477 140 85 2836 712 2774 943 2806 526 2770 1386 2082 864 1895 872 2406 663 2287 259 1253 2397 1929 2713 1663 505 547 1648 1054 2376 635 216 1627 1730 1782 283 2412 643 2301 2794 1097
000118.jpg,2678 2572 2263 1525 2623 1280 1687 1726 1371 327 1084 335 1400 2620 2591 1199 2230 1922 117 1232 398 2503 924 909 275 38 2468 1217 2197 1315 1907 1198 23 300 1184 2386 1659 1458 2573 2303 2128 2706 2160 1113 2740 1080 2494 1596 2791 2079 2710 2476 1205 1866 1365 2116 2203 309 861 1013 1859 1487 2169 796 2141 2448 2612 2749 907 2562 2188 762 2677 856 1502 851 644 2823 474 1336 387 104 956 1032 2498 2067 473 2260 2571 2132 543 2595 2442 1144 214 2688 1641 448 1953 306
000119.jpg,2580 1452 2436 686 804 329 2598 140 1868 1076 79 1464 2382 2248 1067 2068 2286 722 2813 2665 1777 948 974 1639 2511 2393 2842 1547 1937 2305 1134 246 2294 350 1055 1185 2728 2741 2135 204 1944 137 116 1212 899 491 12 677 682 725 1606 2558 1874 2506 2708 1463 165 2438 657 97 1592 2319 2569 1223 2719 1935 494 2766 1130 1962 146 67 1940 2207 2041 2258 2057 692 2583 1986 1810 2292 2736 1490 332 988 2624 2121 126 2324 442 447 2333 2757 627 1759 1707 90 1825 2825
000120.jpg,922 1697 1221 1188 285 546 2268 37 1763 1456 2167 1260 807 459 582 6 2194 2643 1702 851 732 181 759 1083 1284 620 298 1090 1797 661 2261 1232 40 592 586 1272 1570 1082 122 650 1227 1006 2098 1285 1308 973 1153 1318 1858 2726 1960 680 2313 2171 476 443 980 2807 2666 2162 1744 1283 475 1884 2118 1047 411 2469 2816 1541 2043 2623 2747 669 1015 1536 448 2346 1322 2249 1865 624 2463 1638 636 281 1750 1882 629 1108 755 1891 2410 1263 13 2263 560 1957 409 468
000121.jpg,2185 2584 1694 1411 1684 1129 2298 2363 1440 143 1630 1360 2616 787 386 665 2481 1294 1446 2529 2271 1445 958 1112 795 557 30 2460 638 1270 2246 718 1258 1939 810 71 2517 2749 879 1514 2631 2050 1215 1623 169 2619 2468 1982 299 1544 440 2011 1617 2801 735 1925 1679 2130 1619 1238 697 643 1551 2837 2727 645 685 1291 59 1328 1048 518 782 1756 1692 134 2389 1054 2270 1045 2632 2139 267 2439 68 1993 553 1405 1018 1378 1444 2062 2082 262 1788 1317 1314 1649 220 1386
000122.jpg,2068 79 722 2665 1067 350 2511 2842 1547 2305 2135 246 1212 1134 2041 1463 116 1935 204 899 2741 1606 137 97 2766 2558 686 1962 1464 1632 790 96 419 1076 2506 2736 2625 2598 1052 657 894 1998 682 2813 2248 1841 362 2153 677 1771 1330 447 2258 2554 692 491 1305 165 2708 1927 1986 1126 1337 217 1944 2335 2382 1677 442 1329 2573 1892 2570 2825 481 1764 1661 2037 2580 2060 1223 1130 1870 1952 536 2257 1032 2569 2292 1183 725 1777 1057 255 2083 2286 1185 1888 305 1035
000123.jpg,2523 2422 34 1093 1714 1178 1224 1116 1713 2180 1838 47 2785 683 676 1091 777 2129 1996 1914 1990 2700 407 2242 832 2111 617 1856 2202 2441 540 1836 2745 1561 1672 1346 2190 465 576 1228 1535 1476 983 230 2437 2827 1898 1161 88 1773 1785 2238 1847 2249 1683 1513 1795 783 2114 310 2317 581 2493 1727 949 2555 499 766 761 1176 834 95 926 1693 2058 132 328 564 824 1357 1749 76 940 695 1277 291 1631 2288 1846 2504 1343 2542 1801 39 2489 2000 44 2149 2547 853
000124.jpg,2713 2433 1453 1490 2309 1901 2376 201 2034 1860 2545 1796 563 100 48 1148 305 715 2826 562 231 168 439 1569 2721 155 2650 1640 64 260 204 51 1878 2088 2842 659 1123 559 421 1316 899 1307 857 784 2135 1606 1034 486 1212 704 1940 900 1437 2461 2272 137 725 77 2289 1350 2515 1486 2007 2213 2553 1362 2229 2741 1056 1874 1190 1986 1948 2840 2155 26 1765 1463 405 746 1870 2501 793 2714 2815 1825 188 1369 1377 2258 2649 480 210 1828 1584 1547 885 2558 2769 2511
000125.jpg,2843 257 1871 1731 2609 1138 2613 416 288 1800 392 937 1466 338 1645 1707 1419 2377 2394 742 1068 730 1527 535 2243 678 301 2830 855 2331 1142 2560 1850 2519 1174 1131 336 749 2299 1379 2417 610 821 1913 1020 1968 2290 2341 2087 2006 1581 2492 1243 593 112 2697 881 774 2196 1040 1455 435 1894 1309 2746 1094 253 1936 2251 1311 2364 519 2005 800 870 1794 2730 1966 1992 673 1005 2151 94 1424 2680 1634 2549 365 2516 1498 337 2788 2696 1495 717 1681 487 757 1200 1573
000126.jpg,2043 2171 650 2810 2666 2816 1891 759 620 732 1723 2346 181 807 2643 1702 475 1260 1797 1188 1916 1697 1882 546 820 285 6 411 582 1221 922 1541 1083 1865 1603 1456 1858 2807 956 661 334 752 750 2261 2194 1605 1318 1227 37 2476 468 1206 2688 2749 2167 1761 1284 1153 2425 154 148 1763 636 420 2463 594 644 1322 1768 980 2313 2179 2497 510 2107 1222 476 2469 829 1412 2823 713 1145 1074 971 1638 258 2521 2442 2152 1570 905 2705 1536 669 1015 691 1397 1420 2502
000127.jpg,2138 2648 403 352 127 1815 1159 573 2063 846 17 2100 600 837 1338 1009 1698 642 1571 2255 2484 2455 2811 2486 472 2412 195 349 90 1349 317 2223 1735 264 1622 577 2338 1619 511 2339 1060 2372 879 1982 2614 961 1994 1409 2835 1863 2607 1816 160 1660 307 1078 1530 2094 2158 1828 1925 1618 2253 2635 1939 299 2633 2189 1607 667 1615 892 2371 428 867 1480 537 2595 405 2139 913 1964 1341 1421 1366 2709 665 2797 147 2758 2833 2092 2481 815 2466 2738 1910 1540 2269 2215
000128.jpg,883 2243 535 2377 257 821 1527 1850 2095 1142 1068 2680 2519 2196 1731 870 1871 881 742 800 1894 855 1138 2299 2006 2087 1913 2613 2609 678 1498 1174 2251 1707 2417 336 1800 774 2005 2492 2697 1936 416 811 937 288 1455 1094 1645 749 843 253 2843 1573 435 648 1466 365 2341 1634 410 1309 2830 1020 112 248 1581 2560 1516 717 1040 673 2746 1133 538 605 530 338 593 610 1311 1007 1131 1110 664 1517 2684 709 2752 2733 1228 1028 1968 434 1966 544 1079 2802 1382 1783
000129.jpg,204 2558 2741 2135 1212 1944 899 1606 2766 2842 2728 1055 725 137 165 1056 2825 1463 1935 116 447 2207 2294 1986 1130 1940 2736 1547 2041 97 692 1134 2068 1825 1874 2435 494 1223 246 1126 2057 2506 2305 647 2511 442 1962 1067 2292 1841 2719 2813 790 686 2248 677 362 2291 2683 2258 682 657 1899 2382 2319 2708 722 574 1901 305 2438 79 2639 2569 1185 1937 146 804 892 1464 1453 1892 480 350 1592 2039 348 1677 2625 135 2649 491 1870 2665 329 1771 1076 1777 1926 2004
000130.jpg,2185 2584 1694 1411 1684 1129 2298 1440 1630 2616 1360 143 665 1446 2529 2481 787 1112 958 1294 386 2363 638 2271 1445 30 2246 1270 1258 810 71 718 795 1939 1514 557 2460 2517 2619 2631 879 2367 518 1215 2801 299 1982 2389 1925 2556 2727 1752 2139 2468 817 59 1993 950 1545 1619 2833 2749 1045 1692 697 643 685 1624 1814 2130 1926 134 2082 2050 2270 2189 1140 716 2632 2371 1366 2146 169 440 994 1048 4 2018 1395 1617 273 2774 1238 1291 2181 28 505 2812 331 1520
000131.jpg,70 1125 1753 2077 2777 2772 2478 2561 2510 431 1839 1035 1834 2818 951 1252 2015 1842 18 601 1759 2161 2 2757 2663 315 502 2622 2471 2601 990 395 191 1390 1557 284 1165 1908 2624 1806 903 2218 1340 1107 1829 2636 962 2482 277 1726 2644 461 364 1976 1105 300 101 1310 1845 1683 2000 1336 436 848 2504 522 297 2009 2279 2272 2507 2302 1013 929 747 1458 2149 2656 304 766 2178 1895 691 1389 2238 561 1235 144 58 755 1025 578 309 737 222 1168 1230 776 1801 2820
000132.jpg,2766 1944 2728 137 2294 2558 1212 725 899 2719 1055 2741 447 2825 165 2135 2319 1067 2292 79 2207 2506 692 204 1606 2665 1962 246 1134 2580 116 1126 1130 2068 1452 722 1825 2736 2305 2842 686 97 2598 1463 2436 442 2057 140 790 1935 1940 2041 2583 1986 2511 1547 1868 804 67 574 1223 146 494 350 627 329 104 1841 1869 1076 362 1810 1362 145 1897 2286 497 1905 1406 2748 1777 2291 1185 2509 21 1586 2124 1886 2384 1874 29 404 1033 2172 378 289 2815 119 2828 249
000133.jpg,99 1145 612 2747 141 1784 401 2636 1023 453 694 2055 208 172 2098 595 1047 2163 174 2009 731 72 1201 1688 2587 1089 2469 1241 2577 461 2126 1415 1404 2655 2274 1717 823 156 2722 2775 1155 164 1160 1100 1808 1510 981 1628 1436 1976 1872 399 1071 760 816 2218 1826 988 222 2679 437 1085 177 2624 73 1599 460 380 836 998 477 1233 144 1323 2074 2192 2122 2829 1903 1682 2158 1615 1588 1601 1163 1644 2161 1132 1504 1235 1063 2362 1734 320 2318 2388 748 2394 693 1845
000134.jpg,1039 89 2765 452 1024 2285 1378 1022 467 389 758 840 241 131 1843 268 495 2634 1011 1875 2505 2465 1789 1730 108 628 1026 1831 1503 2531 2687 1220 1274 464 643 33 1568 2142 753 1662 2398 1500 1929 2059 2611 1706 1932 501 1008 478 484 2062 1275 1048 1655 1923 2632 1062 2301 927 53 2429 1692 129 782 363 324 2316 788 290 1941 200 786 1018 2407 456 1912 1127 822 1813 2236 653 999 125 138 726 1475 314 2244 471 1612 2693 534 1273 1281 295 1472 2698 780 936
000135.jpg,2509 1810 1075 67 1001 2121 2583 202 2350 249 1012 627 1406 1944 725 2057 1055 2135 1212 2558 165 2741 1606 899 404 2728 2825 2207 1195 1894 1223 137 2736 1874 2435 1594 362 2291 338 2766 1935 1945 1463 1707 1126 388 232 424 647 1841 574 1869 751 2294 2507 742 1130 1609 2224 204 1728 2566 494 19 187 2683 65 1733 1940 447 709 2612 201 902 2116 1383 1088 1516 2033 520 1448 116 2143 1984 1986 2258 2842 32 1825 677 163 2384 499 2733 257 2451 2239 1199 1928 119
000136.jpg,1321 1098 2432 2645 2750 1709 2156 2201 1638 1736 755 2450 935 1806 836 2342 2096 2071 1790 1933 1436 897 850 2512 1504 222 2362 2218 1305 1052 1387 2691 2313 2355 1844 189 2060 1032 1286 1288 506 1911 1858 96 2554 419 1703 894 2216 2153 1927 1632 1865 744 856 565 1363 2784 957 396 2627 2567 2074 2182 834 1065 2261 2335 2032 2404 650 2823 959 2249 1015 183 1277 2666 1222 1227 1766 2463 609 2760 171 73 106 1188 2705 2570 1593 1906 2578 1337 2608 56 2194 236 1883 2073
000137.jpg,472 1803 2444 127 342 551 1059 1811 2063 2138 2758 2266 1607 1421 1069 1341 1355 1167 1828 262 1509 2385 2738 1530 405 160 226 846 317 1964 573 17 1078 600 2820 2614 2835 667 642 1652 2595 2094 888 1814 1159 352 203 1925 147 1295 1338 41 2255 166 1807 2412 2231 403 2013 2710 1324 2486 1060 2635 1815 1571 1863 1982 195 2208 1540 961 1619 912 687 2340 2811 2484 1264 1524 2100 577 511 1622 537 641 2431 2455 154 1373 1698 2399 223 1215 428 2709 2740 385 2648 1589
000138.jpg,732 620 1797 181 546 759 1702 2643 1260 1221 582 807 285 6 1083 1882 2816 650 1697 1318 2666 1188 2171 2807 2043 1891 2810 1723 636 2346 1536 475 1865 752 922 2278 1541 2476 820 1916 1858 2425 1456 1605 2313 644 2194 1199 1178 1603 468 905 1206 411 2167 661 2210 1768 2678 1726 2503 1476 2523 560 1176 2261 1714 2410 2463 1116 1283 1222 37 1420 88 1064 2522 1203 1957 2720 2149 42 2688 1785 229 2761 2469 1750 2249 713 956 272 691 474 2202 2107 409 2190 761 2700
000139.jpg,540 1561 2242 1346 617 1535 1093 407 2441 2827 310 1091 2238 1856 1914 898 2785 766 291 1087 2111 983 832 1631 1558 2542 1693 2072 1996 1207 777 1197 2190 853 949 1343 1166 1590 1593 1928 714 2656 940 328 1773 2409 2202 695 1898 2112 1785 803 1176 783 2504 2129 895 1689 1513 1836 1161 182 2493 93 2016 1434 95 1298 634 24 2745 2737 1743 1847 132 2143 76 499 1004 2700 1334 2759 1228 789 465 2149 1672 1203 1971 149 2579 1019 2430 230 1795 1683 1257 1760 581 954
000140.jpg,1520 1 1025 2727 2399 234 307 2139 1349 2092 2385 913 641 352 1572 2371 1814 2833 428 888 1925 741 667 262 1735 1982 1373 1295 2269 2731 557 2771 1366 1807 2776 299 2063 2797 2844 1122 2484 2576 1159 1589 1863 991 2455 1619 17 1549 1539 1815 2460 264 2412 879 837 1009 2138 203 1338 1480 267 2104 573 403 226 273 551 1816 1242 90 2607 1238 372 2524 342 2189 2215 814 2473 2717 969 1660 472 1824 2431 891 2619 2633 2403 2273 1509 2100 2635 127 1571 687 317 1622
000141.jpg,2819 849 152 458 2500 1532 2479 313 2716 1896 175 523 734 2552 2283 505 587 1563 2674 2181 1741 1827 847 28 2681 238 2365 1339 2099 2119 2191 354 1708 2527 330 972 1376 2370 2689 705 2534 81 504 2557 2250 671 2742 2814 120 92 696 1543 2028 532 2177 1335 1917 2322 2144 1852 1746 1704 872 633 2193 503 2799 1956 2610 2592 507 2052 261 1278 2228 1873 1111 963 449 1680 1109 1885 2199 1164 890 2773 1117 1314 33 1991 1135 108 1555 2698 2597 316 1473 1941 2306 2690
000142.jpg,2558 204 1944 899 2842 1212 2135 2766 2825 2741 2728 1606 725 137 1055 165 447 116 2207 2294 1463 1935 2068 2041 1067 1134 246 1547 1825 97 2736 79 1056 2305 2511 1940 692 2248 1986 1130 804 1464 2813 2382 686 722 1076 1223 2719 948 2057 2435 1841 682 2665 329 1126 146 1874 2393 494 2286 2292 2506 1639 1937 2580 2683 647 2708 362 677 491 2258 790 1899 1185 1962 2438 1777 2436 2569 1592 2319 1910 352 2598 657 2082 135 90 2639 480 558 2649 1656 179 1934 1452 1926
000143.jpg,1993 197 900 1437 2767 1486 2439 1663 712 1307 1782 2836 1054 1045 260 1617 463 559 1552 2419 1468 1381 1328 947 563 1208 1444 134 2130 2241 1422 1489 1658 2826 2076 1710 2133 2424 1417 445 904 1544 2050 674 2397 169 906 1679 1983 2312 1369 489 2011 2088 2837 1870 348 645 2840 1623 1649 26 2652 1253 2574 480 2454 2628 2084 259 1029 2649 735 925 2707 440 2082 2515 1218 1948 1860 2714 312 860 1701 826 2289 550 2832 179 978 51 433 769 1878 1261 1428 305 1934 188
000144.jpg,1272 1910 680 2210 640 13 2421 2520 2671 1754 1949 1041 1038 2267 2578 1430 1337 1553 828 1256 1236 2380 1699 2083 40 370 1616 2217 323 592 36 1886 2115 500 1431 733 1960 1189 2117 851 2032 1521 244 56 2570 569 377 2384 2451 988 193 2335 1793 536 2162 571 2726 2415 332 729 21 1562 698 75 2668 1065 20 2497 609 2521 839 289 1764 340 1049 2568 2047 2249 1836 1329 1712 1004 510 2839 198 2090 2571 1132 940 865 1785 1891 1203 2798 1744 119 417 979 1749 955
000145.jpg,1179 945 2792 2491 9 1583 2328 1579 841 1578 919 639 1977 2729 2252 998 1791 1769 118 952 2682 567 2379 1354 1657 1920 2778 1851 930 928 1651 2647 2065 2711 1470 808 1770 982 517 2225 1667 227 382 763 778 2723 114 1854 887 1585 916 2042 1970 1063 819 1531 2349 2462 2575 923 2740 276 1819 1528 1864 2304 1211 662 1402 2618 1344 151 1271 2459 1367 812 311 7 1359 25 2334 2488 2081 975 2416 1210 781 2559 2097 2474 515 2361 1351 528 2270 2017 547 225 579 2585
000146.jpg,2272 2815 1965 1316 1496 1636 2556 2352 1051 194 950 2628 1218 2069 1752 1840 2713 2241 1658 965 1948 1490 2433 2367 1453 1416 1261 1586 2376 1860 613 1381 1901 497 201 1096 2836 440 2309 1775 563 518 2439 2007 266 2046 1848 1422 168 1782 826 155 747 51 260 283 978 1428 1617 712 1569 992 1045 319 663 1649 784 2276 2088 1986 2538 1799 1148 2650 2477 1897 2826 64 2652 1054 1993 231 2130 1362 2287 305 562 2631 2034 1437 2767 2397 2438 486 161 100 2545 1468 48 2392
000147.jpg,2374 2672 133 493 2184 1196 1765 548 1947 976 588 756 294 1034 583 366 1758 1081 2418 57 1859 2174 1497 1358 1724 280 422 2461 210 570 1234 1664 1861 2229 1792 1392 2327 1580 793 797 1575 1930 746 1457 2125 689 1276 2590 2004 228 242 859 801 263 2332 1279 2581 2356 2129 2039 2838 1887 1229 1116 857 1072 347 656 2456 704 2541 2123 2186 2694 1535 404 1224 1665 2489 1714 2659 1561 1776 1877 421 1847 2739 617 2493 184 2517 1846 1785 1513 2700 1713 2441 2827 1166 683
000148.jpg,1146 2389 59 1545 4 1202 2082 626 1737 1799 2367 1386 2270 1752 2477 188 556 518 547 826 987 950 635 1405 85 312 2300 611 2832 1319 2501 266 283 1934 1102 2044 1926 1656 2631 221 943 1407 613 1624 2411 2528 2790 2069 817 2817 1644 2556 705 1316 864 274 633 2534 994 526 1873 1864 2193 1461 2842 2181 608 348 1332 2440 1942 2774 271 771 503 1563 2632 1408 505 134 238 2119 1491 2306 391 2370 2689 2312 996 1692 2766 2530 2322 1819 2551 2770 480 1048 2681 1157
000149.jpg,2045 1584 2023 2755 747 770 258 1796 463 1301 1237 26 530 1035 1604 2108 417 230 1562 817 446 451 2817 1673 542 1981 1516 1926 1017 1980 1839 576 1739 843 1369 1370 983 2190 1996 1888 1722 2257 2258 1870 2140 197 1319 54 186 2745 660 925 1656 1362 631 2547 824 1701 1489 2790 597 1707 2083 2259 2300 202 1065 2282 132 64 2049 1256 2825 1567 362 1290 465 19 1910 2649 1945 712 1624 1075 2034 1029 1269 777 1935 2064 1853 2782 1417 2397 710 2545 232 926 360 1383
000150.jpg,2043 2810 2171 650 2816 2666 1891 2346 1723 475 1916 759 1702 807 2643 620 732 181 1260 1797 1188 546 820 1865 1882 1697 6 285 582 1221 1605 411 922 1083 1541 2502 1603 148 420 594 2152 1858 1397 2841 2521 510 2768 1139 281 2807 468 1738 1222 752 2048 1456 334 1768 2497 272 831 2214 2203 1957 2179 1420 1213 750 941 1283 560 214 905 198 1785 384 2107 2469 2463 2705 270 215 84 37 75 1318 15 95 1206 1074 1488 2761 2066 636 1284 2182 2410 436 2476 783
000151.jpg,2267 1553 1430 1236 1699 2380 1256 1886 2217 427 2415 1793 2568 901 2117 2423 743 36 569 121 193 680 733 536 500 988 1431 1272 340 2227 2668 332 292 1499 2090 2421 176 2786 866 1038 893 2108 1562 571 2671 979 1492 1890 199 2210 1754 1888 21 142 2078 2384 554 289 1628 2469 1398 2520 1041 302 13 1949 1449 681 1132 2451 73 417 432 2074 1599 361 1910 2126 640 2038 1053 886 933 370 878 1588 609 1399 634 597 868 2115 1668 2335 2249 853 672 380 834 323
000152.jpg,2043 2171 2810 650 2666 2816 1891 2346 1723 475 1916 759 807 2643 1702 620 732 181 1260 1797 1188 820 546 411 1882 1697 1541 582 285 6 1865 1221 1083 1603 420 148 1397 1605 1858 750 2768 510 2521 334 922 468 2502 1139 2807 594 2152 1738 2179 956 1222 1206 2841 1420 2107 2362 1456 752 1203 2214 272 1957 1153 372 15 1502 560 831 2469 2203 2463 1322 384 1284 1488 1954 1318 215 1785 738 351 691 713 1213 2483 308 1696 905 2410 119 980 95 375 409 636 1412
000153.jpg,2138 2648 403 1815 1009 837 352 1159 573 2455 913 17 1698 195 2063 2484 234 90 349 511 1994 892 1619 2158 2223 2635 127 577 264 223 2372 1925 46 846 879 2834 2339 2466 642 1095 1349 1409 1982 1338 2253 2215 1615 2486 226 1863 1572 2412 299 1816 2100 1571 1324 2338 600 1660 2797 1060 2709 1735 667 2092 1939 2607 2820 665 1622 2481 2595 472 2833 1421 1294 2094 867 2266 1480 2139 1078 147 2844 961 2633 839 1814 160 1474 1446 2619 1540 1530 969 1618 2835 1521 23
000154.jpg,572 962 1230 1798 2644 395 2323 529 1361 1394 2277 1801 1334 545 2787 2054 1451 1683 737 436 364 646 215 1559 727 2000 1951 589 485 989 1306 101 2040 581 658 1175 2114 293 2504 1106 766 2238 1900 2579 328 341 2759 251 304 2178 374 2242 2381 1898 1883 789 2113 2540 2546 2066 1213 803 2784 1427 1257 1971 1353 1389 1115 407 1786 76 240 75 1312 2149 2161 1093 39 2497 483 461 2656 1207 1333 1357 714 2022 1693 2726 198 1300 1605 1091 2249 783 2705 2072 1064 1976
000155.jpg,203 1524 1629 1059 2740 2749 154 2444 472 127 342 1803 667 551 226 1811 1925 2710 1863 1982 428 1735 1215 2063 2801 2371 1619 2460 2412 2403 17 2468 573 2776 1338 2189 2811 1530 317 2255 795 2266 1814 2576 2484 741 2473 160 2269 1159 1549 557 299 352 1078 1421 2138 2738 1807 385 1509 879 1122 1815 2455 403 1826 262 2139 1295 600 814 2431 90 264 1589 1355 2385 685 1167 2175 2797 867 798 846 2094 2835 1675 2731 1060 687 2758 147 1539 1071 837 2198 1607 888 891
000156.jpg,883 416 1871 1800 937 1731 1645 257 2843 196 1138 2609 2613 585 1643 288 742 2462 1894 2331 776 2334 2474 2067 98 1864 353 2196 1179 1142 1625 2377 2491 1613 869 1819 910 276 1977 2328 154 2264 2749 1072 535 673 1527 1707 1578 2519 210 610 1946 1909 956 1344 233 1455 1419 1042 1882 2103 2697 294 664 1970 1794 227 336 1516 701 94 2081 1859 1160 909 2548 2361 2279 2353 2727 1110 2442 945 2723 662 105 392 2341 153 1665 490 2636 644 1498 605 226 2403 2417 1145
000157.jpg,1773 1513 1847 1161 1795 1228 499 1785 617 832 1561 2493 1535 1300 2242 2066 2542 1346 2700 1672 1176 1178 2827 983 695 1743 2190 132 1213 310 2437 2113 2441 95 1693 1631 1990 1343 182 407 2202 789 596 2129 1836 898 483 2238 1593 1856 949 940 576 2523 149 63 1093 1004 1749 2784 2178 304 1760 766 1353 824 2112 954 75 1434 2149 1091 2016 2745 1712 1298 1087 1224 1019 2737 272 2521 1957 1333 1838 479 1685 2785 2547 853 783 34 1714 1364 1727 2522 198 510 777 1713
000158.jpg,1371 2502 2152 2263 1113 1525 214 2623 2841 2572 1280 1605 2348 327 1602 1865 1661 106 924 2141 1866 851 1139 2678 1032 2567 2751 1171 1738 189 96 1927 1953 1632 22 629 1084 2060 1214 2768 420 1488 1397 1144 2216 510 621 2554 894 2521 1288 419 1659 2522 609 2203 2401 957 2153 1064 941 2109 2726 45 2705 2573 38 953 1364 171 2056 1251 744 2404 1222 474 1727 1703 2831 940 2182 198 1957 1785 1749 272 84 1203 1891 2179 479 834 2555 2497 183 831 384 2214 1471 409
000159.jpg,204 2741 2558 899 2135 1212 1606 2842 1944 2766 137 2728 116 1055 725 1463 165 1935 2825 447 2207 97 1056 2041 2294 1130 1940 1825 1134 1547 1986 2068 246 2435 2736 1067 2511 692 2057 494 2305 2506 1126 1223 1874 790 1841 1962 722 362 79 647 2292 2719 2291 1899 442 2683 1998 2319 305 2625 2665 2248 135 1677 2813 2258 657 1901 1771 574 686 350 2389 1892 2649 2639 2037 260 146 2039 480 1453 1870 804 1656 558 682 2004 2367 1737 892 1545 659 2413 2826 677 348 2295
000160.jpg,264 2455 2484 1982 837 1009 299 1159 667 2371 428 2139 1815 2833 403 2269 2092 1814 2063 1735 2844 1122 1589 1925 2576 2776 1549 1619 2189 90 2731 1338 2797 741 879 1863 226 2412 17 2460 573 352 317 2138 846 891 600 2255 642 557 2811 1622 2486 687 2100 2338 1238 267 1698 1571 2473 2403 1994 195 537 2039 1060 885 1291 1350 262 2123 160 1887 127 57 2223 2418 1551 888 1607 1078 2835 2094 2356 1341 234 349 867 857 405 1862 2125 1930 1530 1792 1580 1034 280 1480
000161.jpg,2218 222 1504 1436 2512 1933 1305 1790 2362 850 2071 836 897 2096 935 2645 2156 1321 1638 1098 2750 2355 1709 1911 755 2432 1806 2342 1736 1052 2450 2201 2691 2394 2420 2446 2452 2074 99 1387 1085 612 1023 599 2642 1364 1200 783 981 127 477 2831 2783 483 2578 177 2747 1145 141 1420 1277 2565 2537 385 2122 2048 1581 1251 2497 1682 1006 537 2829 1968 1605 2094 2560 2705 1826 1599 894 1621 2182 2679 1910 1865 2655 40 1074 1047 44 1530 208 96 215 304 680 1222 1421 560
000162.jpg,1360 1630 1684 1129 2298 1411 2616 1112 1446 2185 2246 307 2584 665 1694 2481 2399 2727 1294 1520 1258 1270 958 1993 1939 787 2372 1 638 1572 2271 2213 810 511 234 30 2517 1445 1514 71 143 2619 1622 2100 2486 795 2158 2631 2529 892 1837 1440 913 600 1407 195 386 1409 1618 573 2709 1096 1071 1698 46 349 1349 642 1416 2781 1540 2223 846 2576 697 987 1615 1571 51 1796 17 718 1710 2721 685 1569 2253 1994 2044 1926 741 2844 2411 223 2717 2635 1291 1948 2776 2215
000163.jpg,150 2374 859 2562 1525 2263 1318 106 1596 366 2678 1536 1279 2188 1280 2442 1726 43 2141 1083 2278 644 2807 971 133 387 636 2720 1758 474 2498 2623 2048 570 2688 96 2761 797 2541 689 2401 1768 793 1979 1575 2229 1108 1765 2004 2572 1797 422 946 1482 228 2186 2672 1032 181 756 732 620 2125 762 1198 2476 1483 2386 940 1927 1103 84 1380 2448 57 1504 294 621 2737 2168 588 1170 300 1790 1263 1641 2612 1283 746 1004 493 1371 2456 2184 1659 548 1632 1358 1365 1930
000164.jpg,879 1862 2460 1619 1982 1925 1863 299 557 667 2139 1735 687 352 2844 428 2833 2797 2269 2731 2371 264 537 2092 1549 741 2484 226 1421 2455 1589 160 837 2776 2094 1009 1814 1815 1078 641 2385 2189 1607 2138 1539 1341 2363 403 2576 1530 1338 2063 2835 888 1159 2758 2412 2175 1069 891 2266 2473 262 1828 1122 1295 147 127 405 2524 90 2820 991 1807 2338 577 2403 273 1480 2595 1816 1238 2614 1373 2607 349 2431 1497 2771 846 1509 267 2104 2619 583 1366 2738 573 1660 867
000165.jpg,957 2464 2725 1889 2448 609 509 2404 1766 5 2457 844 1515 1696 744 2128 244 1426 2115 466 1616 2141 1326 815 2124 388 1061 1987 473 163 1637 2351 2366 498 2014 425 1038 375 1945 232 1556 306 2056 2566 2522 2751 520 1365 45 150 2508 22 1364 1171 1064 1960 1251 1269 2109 621 171 1525 19 1477 1754 2612 2182 592 2572 106 2421 119 2760 2521 183 1880 2048 2278 1032 1661 133 424 96 510 1296 2384 1757 1596 80 2116 894 707 2354 2608 1797 1214 1280 1383 690 229
000166.jpg,658 589 727 485 1306 1951 1175 304 2113 1798 2066 1213 1394 2178 2546 75 853 714 60 2787 898 2022 2497 1207 1087 1389 2072 614 761 1115 2054 395 1334 545 1312 1333 1712 962 1230 1558 572 783 1166 374 198 1839 16 1928 2579 2325 1304 646 1137 1683 76 293 2323 1898 1760 341 1361 1427 2249 1801 2381 251 1371 2277 529 2759 2154 1559 1685 2149 1197 1225 1971 1995 954 44 479 2472 2542 2762 1883 907 803 1257 1654 1106 2644 2540 581 2179 2114 2656 2494 2510 322 1786
000167.jpg,1800 883 1645 1731 2609 742 1871 1138 2613 288 257 416 2843 1707 1894 1516 664 937 585 276 2328 1909 535 1613 1110 2225 982 2585 2067 2491 2331 2196 1359 2110 1142 196 1546 1179 978 2667 610 763 648 154 723 2377 1046 2312 1527 2551 1578 1493 674 605 1643 2006 904 1977 344 2341 2606 811 2081 282 2697 2252 2519 2042 709 764 2462 2243 1636 1148 190 280 812 2211 2343 2698 446 914 66 540 227 2087 1197 1981 1634 1466 2652 1344 693 27 539 1769 910 678 1349 961
000168.jpg,1146 2389 59 1202 4 1545 1737 626 2082 1752 2367 1799 1386 2477 2270 188 518 826 556 987 950 312 2832 85 266 283 1102 1405 2300 2501 547 1934 635 611 1319 1656 2790 2528 943 221 1926 2411 2044 1624 2069 817 1644 2631 1407 2556 2817 613 1316 480 2397 2312 260 1468 705 1870 2842 348 712 904 197 864 2689 2826 2534 559 925 2375 1045 274 1369 2766 445 2419 1253 2649 994 2574 345 563 1630 2424 2181 526 633 550 238 769 1029 2208 179 608 1873 787 2789 2289
000169.jpg,2049 530 1604 1290 1301 451 2064 2140 2282 446 1518 1567 1237 1058 631 1981 1017 2796 921 984 2596 2093 394 607 908 1370 813 1554 2257 1906 1673 2696 1879 1105 1331 243 1396 1613 1742 1614 2392 1384 355 337 660 2357 1978 1002 662 2660 1909 2782 710 54 542 1681 966 360 2259 2543 1893 1739 2243 1638 1853 1401 836 1709 2661 2458 1495 506 827 1837 487 400 2006 2519 2432 1698 1904 2831 2096 565 1321 2507 1621 2664 1804 755 1286 2645 1000 2705 1806 2087 1632 744 592 1637
000170.jpg,1179 1579 2491 2792 945 841 2328 1977 1583 9 2682 1578 998 639 1791 567 118 2252 1651 1470 1920 1769 382 1063 2647 919 517 887 227 2711 778 1667 952 1354 114 2778 2065 1531 2723 1854 916 1770 2729 808 748 1970 930 1657 928 2042 1585 2575 819 982 2225 1851 763 196 1635 390 2379 2061 1317 331 1692 2693 1715 2053 1625 1967 1438 1756 471 363 2556 1921 782 98 1475 1395 1777 2236 1662 1819 1647 1755 61 1018 999 1972 216 936 192 1924 2017 655 1275 1472 721 786
000171.jpg,1749 834 2058 1277 2555 761 1727 2317 2437 1672 1483 16 376 1995 1044 1469 1447 44 2249 1990 1178 2700 1425 1300 832 1836 1883 115 1353 2579 2831 1106 2571 1304 1559 251 483 989 2784 2705 2401 304 2216 2381 341 2497 2578 47 576 2096 836 1801 333 2178 903 95 2182 789 1361 1288 215 2726 1401 1364 1336 39 45 744 1064 2288 1476 1015 1251 2202 2522 2056 1013 1593 2190 20 60 935 1798 824 1703 2567 2547 2645 870 75 1904 171 2238 569 2644 1176 905 621 2277 1217
000172.jpg,645 2011 1444 445 1649 2707 2837 2840 1679 1054 169 947 1623 1617 1029 1663 2767 1328 735 1782 440 965 1544 2836 2050 1045 1253 319 2130 1552 712 1381 2735 1840 1993 51 1658 134 155 1775 2241 1261 1319 463 1422 2088 2439 817 611 659 188 1934 197 1948 2501 2652 2287 2628 204 1437 559 769 1369 2044 674 1307 550 2133 1870 1624 2741 900 1640 2528 2817 260 2419 489 59 2826 2312 179 26 2650 2411 1644 231 1606 904 925 2574 161 2842 2082 2649 305 137 1208 2034 2375
000173.jpg,2091 239 2794 2164 1781 2280 2173 1127 1274 1472 209 838 27 525 2693 1780 139 113 1435 653 2311 1248 408 356 1282 1505 2025 1598 216 1011 49 1037 296 2236 1961 2232 1356 1475 2017 245 331 2669 625 858 1555 1568 225 1124 2053 654 192 643 1303 2632 290 2059 1755 799 1506 61 999 268 1048 1706 679 782 1692 1612 1140 655 484 1972 1924 390 1317 2137 1647 2765 495 314 478 1187 1635 1967 1655 252 207 2061 726 1275 2301 2531 2611 455 1039 430 2285 1240 131 721
000174.jpg,1113 2141 2502 2152 621 2401 1364 1251 1768 183 2522 270 2048 2761 45 171 2056 1371 1283 1064 2612 1108 2182 2841 2705 2831 1525 2760 236 2608 2263 941 84 1288 629 42 1703 214 2216 1605 1139 959 1363 1365 2572 1286 506 851 1280 2623 1844 565 1953 2720 2348 1536 636 744 2677 2197 2503 2278 2442 106 986 327 1596 2562 1865 909 971 2591 1171 1560 1866 2571 1661 2116 2807 2567 644 198 2688 1602 333 1318 1004 2188 2498 387 75 940 732 620 783 2678 398 1458 2497 2203
000175.jpg,1948 1096 1416 1362 1897 497 1586 992 2046 2352 1218 1569 2721 1051 1796 2034 1316 1658 1381 2272 100 2815 1926 48 1630 2241 64 2790 2817 1860 712 305 155 1934 715 1045 1261 2556 1993 925 1782 2650 1656 562 817 2213 51 439 1644 987 2300 1407 2454 1369 1329 1360 26 188 2832 1102 1684 221 85 2082 2545 1319 259 2767 2649 312 348 1624 2628 2836 1870 194 2083 1518 2135 611 480 892 2826 1910 2528 2501 2616 260 1301 2044 231 2411 2298 2598 2185 2246 899 2312 445 1496
000176.jpg,1805 794 775 1611 2586 2019 2780 357 279 2368 2447 1626 2701 2329 2621 2347 818 960 1646 863 693 2637 2630 2297 1259 1169 393 2651 1832 2805 339 1244 2254 2211 1372 2345 2192 457 1734 2136 2233 2804 2240 2020 321 876 10 1450 102 2605 1192 1120 371 1014 145 830 469 1147 1809 1678 2275 1959 2518 2802 575 1507 2080 2653 603 1732 86 2550 1691 2754 1073 462 1016 2383 1517 2733 2684 2748 1382 2166 379 2106 1620 584 1482 2159 1674 2752 2326 1669 2395 1028 2360 1905 2525 107
000177.jpg,898 1561 1197 617 1087 1558 853 2072 1207 714 540 2493 2542 1928 1300 1166 465 2242 2409 1590 1593 895 1535 499 614 93 1019 1298 1631 1346 954 182 310 2827 1333 2066 63 1785 2324 2656 1685 634 2113 2112 940 1434 149 2016 1343 1213 291 1760 1712 1004 1137 803 24 1689 2143 2737 75 1597 676 2430 783 426 949 198 2022 1334 2497 304 1257 1228 2024 2441 2178 1749 1115 1999 407 1103 1093 2149 1727 1389 2546 1693 1513 1773 483 739 1161 832 1304 1836 272 834 1957 1856
000178.jpg,2843 257 1871 1731 1138 392 2613 1800 1645 1419 288 2609 937 1707 2331 416 742 2377 1527 535 301 1894 338 1131 1068 336 1455 730 1466 1007 253 1243 678 2341 855 749 2830 2196 821 1200 1516 519 1142 2560 435 1040 2417 1309 1850 1498 365 1311 1794 593 2243 1020 2151 2251 2005 2087 870 605 774 406 2299 673 2697 1992 2290 1581 2492 2549 2730 2519 610 1379 1094 1936 883 2680 2746 1966 1424 2394 94 2364 1779 940 2788 905 1573 1968 1004 1174 2763 410 1385 198 1119 248
000179.jpg,540 1093 407 2441 2242 1856 2111 1091 2827 1914 777 2785 1996 310 1561 1535 1683 2413 230 983 2238 2295 1898 949 617 1448 766 558 2202 2745 2615 135 783 95 1343 967 2737 2190 1346 1804 1693 1476 596 1631 291 1945 940 1728 2638 184 1818 2281 328 88 926 581 1689 1176 1593 24 520 564 232 2114 2656 2024 1478 2112 695 2472 2016 1727 2149 2756 2547 2566 2143 576 1269 1597 424 2288 1733 132 1004 426 832 754 634 1714 417 1265 707 1434 2744 2533 1298 1743 1713 1231
000180.jpg,851 1371 1960 2141 1661 2116 592 629 2572 1144 327 40 1365 2263 1232 1525 2162 2571 1865 2386 2197 1744 2678 1113 2726 856 2620 762 2612 1687 1199 1949 333 2503 1336 1726 20 2623 1315 2677 2160 1458 785 1217 1013 454 1280 1907 1400 941 167 309 2079 1922 214 23 2591 300 2152 1064 882 106 398 1602 861 2502 2476 1659 2222 275 2522 2348 117 1080 2303 609 2230 2706 509 2056 690 1866 1632 96 335 2161 244 84 2401 894 1032 2115 1426 2751 45 2421 2760 1616 1084 2109
000181.jpg,761 2249 2317 44 16 1447 1469 1483 1749 376 2437 1672 1995 834 1727 1990 1044 2555 2700 1178 2058 1836 832 115 47 1277 1425 1535 783 1713 1714 474 727 905 1116 1224 589 2245 2202 1838 1914 2523 2785 322 658 1801 676 949 2216 1263 946 60 1288 304 34 2190 853 2180 1641 2410 2422 940 198 576 1750 1703 1529 1476 907 1304 2745 1371 1203 1423 1363 683 45 1654 1631 485 1206 2178 1222 1322 1106 76 1228 2737 1312 2129 2497 75 1412 1798 1343 2441 2522 1559 1175 2210
000182.jpg,1749 834 2058 1277 2555 761 1727 2437 2317 1672 1483 1995 16 376 1044 44 1469 2249 1447 1990 1178 2700 832 1300 1836 1425 115 483 1883 2784 47 1106 789 1304 1559 2579 2216 2497 1288 333 1798 304 1353 2831 2571 1161 240 198 2178 2182 1228 1801 45 940 2217 251 1703 2705 576 1535 905 1064 1363 1361 2726 20 2056 989 1015 1263 2118 1785 2401 1593 95 2210 1334 171 2522 75 2245 2066 2054 1203 597 1217 1004 1230 2313 2224 1712 2546 1513 1364 1451 2787 485 1256 1430 744
000183.jpg,142 555 802 1492 868 2029 2078 1890 429 554 1053 289 1888 878 2743 1562 866 199 2333 2668 176 432 2384 1431 681 1393 21 361 1398 1033 2108 2451 332 417 62 1686 886 597 1418 2227 2786 979 1268 680 302 2117 36 340 893 733 78 1588 292 1065 988 500 536 743 2423 1132 1699 121 1499 1430 1553 569 1256 2267 2217 1886 1449 1236 427 2380 193 571 901 1038 1668 2090 2568 568 2415 1478 213 2224 2408 2533 2566 1597 2115 1754 2421 2671 2638 707 690 323 24 2827
000184.jpg,79 722 2665 2068 350 1067 2305 2511 1547 1134 246 2842 116 1463 1935 2041 97 2741 137 204 1606 2135 899 1212 2766 2825 1464 1076 2813 804 2248 1962 686 2319 2292 692 2286 329 2382 2558 447 2736 1126 2598 790 2719 1639 2728 1937 725 1055 948 2436 1777 2393 442 140 1868 677 59 1677 2506 271 1944 491 1185 1771 165 2440 682 12 1986 705 1452 1408 444 2389 2625 817 1656 626 1940 2258 1892 1130 1721 2580 526 2438 1624 1841 2569 2534 1545 362 1592 1934 864 1223 1942
000185.jpg,2843 257 1871 1731 1138 1800 2609 288 1645 392 1707 2613 742 937 416 1419 338 730 1466 2331 2377 301 535 1527 1131 1243 1068 1894 749 2290 336 678 2746 673 1516 2830 1005 1794 1379 2251 2492 1455 2560 2299 2151 2730 2788 2394 855 774 1581 365 1007 2417 1573 1094 1020 1174 593 435 2364 2087 112 519 2697 2005 410 2341 1142 1936 1968 1498 1309 2519 2516 1783 253 2549 881 1850 544 2196 1079 1670 870 1040 248 610 1311 1992 2243 821 1779 1966 406 717 1678 1450 1442 905
000186.jpg,2509 1810 67 1075 1001 2583 2121 2350 202 249 1012 627 1406 1944 404 1195 1055 1609 2057 1594 1894 742 1869 2728 1606 899 1707 2825 2558 1212 725 2207 2766 2135 338 2741 2294 1516 1088 1223 902 2809 2233 2020 232 378 1945 2042 818 204 137 499 2033 574 1779 388 2291 1192 2684 316 1517 2254 550 709 494 201 2842 359 349 730 145 1992 925 357 917 1512 65 2435 371 843 2605 2733 321 447 538 1169 937 1901 1590 165 2651 2183 1969 1411 1935 2719 1259 2638 1466 2545
000187.jpg,1873 890 2306 120 1917 1543 771 507 2265 2681 1955 2789 2237 2191 872 1314 533 2199 316 740 1111 963 1109 1164 2799 2597 1885 2716 1823 1991 1332 1441 699 367 1099 2592 602 162 2177 1182 968 2212 1327 1135 2052 2527 649 2610 235 261 2812 1852 1650 1010 1746 2193 1117 2764 2322 972 1774 2557 81 633 2534 2250 2689 2119 2552 238 705 1680 772 587 2773 2181 553 2774 2144 2822 2500 504 849 2715 503 2365 2343 68 2770 354 670 159 2370 31 1974 1278 326 175 2819 580
000188.jpg,2792 1791 118 567 998 1583 919 2065 2711 9 1579 808 1354 1179 945 952 841 2491 1769 1854 639 2328 2778 1920 2252 2729 1977 1578 2682 1470 2647 930 1657 928 382 1667 517 778 2379 114 1851 982 1651 1770 1970 227 887 763 819 1531 916 1819 1585 2225 2575 1625 98 1864 2723 151 1271 1688 662 975 2076 311 923 875 2274 2474 1063 2042 467 2361 674 900 2833 547 353 7 2634 2371 776 2304 2393 1404 2793 869 1911 1639 1486 1210 2139 2468 2370 2285 2576 1808 307 2534
000189.jpg,506 1844 565 1286 959 1363 1288 1703 2216 171 236 2608 2182 183 2760 1364 1064 621 1251 2612 2705 2401 45 2706 2056 2522 2831 1560 1671 8 755 745 325 1474 2197 2450 1736 2535 42 1638 2342 1806 333 2512 1387 2425 744 690 2096 2156 1321 2571 986 935 1098 836 2645 2362 1436 796 2116 1790 2449 1504 1709 2432 1537 850 2750 2823 2313 1933 2071 2218 856 2201 37 1032 309 459 1365 189 1217 2153 2060 222 894 2150 1015 586 1336 1113 1090 1267 1305 258 307 2249 1610 2141
000190.jpg,1993 712 1782 1045 2836 2767 2439 1663 1381 197 947 1658 1054 1617 1544 1444 1422 2241 440 2130 2050 1328 1679 735 1649 169 550 51 1870 2837 1369 1261 26 2649 2628 925 1218 1623 1840 179 348 1417 2707 645 2011 2454 480 463 1710 445 1489 1029 1796 2638 1630 860 665 1624 2289 1446 2616 1926 1948 1644 2817 305 2840 1569 1360 2769 900 2528 1701 1934 2790 1552 1416 2078 899 260 892 817 1407 1383 1656 1307 965 2021 2826 1945 2411 1035 1910 1437 2295 2714 1640 2143 2044 2246
000191.jpg,2545 2034 1796 2713 100 48 715 1569 2721 2433 305 1453 155 64 439 562 1490 1640 2309 51 201 1901 2376 1860 2650 1584 563 2826 1148 1656 2817 260 1934 1878 2790 1407 2023 2045 817 2501 168 1926 188 1316 1102 2528 231 85 2755 943 2044 1319 1644 1624 987 2088 204 2289 925 312 2832 2556 2411 2649 221 2300 348 1123 659 26 550 1870 1606 59 1369 480 2213 2842 1986 611 2455 725 1009 1948 2135 2082 1545 712 626 1874 2454 837 2766 1056 2598 857 1940 2312 4 1055
000192.jpg,2797 1539 352 2844 1571 2269 891 2473 2092 2833 1698 17 2139 2576 90 2100 642 2371 2223 846 299 2403 195 2138 2486 2226 2776 2338 1549 573 267 837 2175 1009 600 1622 428 2484 2731 1994 1291 1238 2455 403 1159 1409 1815 1338 264 2253 1349 1618 1982 1735 1095 2412 667 867 1814 741 2255 827 2063 2661 2094 317 969 1122 1540 307 1589 2811 166 115 1199 2738 1530 2607 1925 400 160 349 2648 1078 1660 1295 687 2709 815 1987 1071 2399 1619 1242 1880 592 1567 2710 879 454
000193.jpg,2567 106 2751 1171 1214 2109 22 1661 96 1927 894 1632 2554 419 2153 189 1032 2060 1251 2401 2522 45 2056 1364 2831 1064 2502 150 1703 1288 621 2705 2152 2726 2216 2182 2141 2760 171 2571 2612 1363 236 183 1749 2608 1605 2313 2162 744 1727 333 481 609 940 1371 834 1365 42 1483 1744 1336 1960 2555 1004 376 205 1447 1469 2521 761 2404 20 2058 2566 1865 815 2112 84 1013 198 1269 2179 75 2841 214 468 592 2497 506 941 510 1867 1891 2116 95 1434 520 2737 1766
000194.jpg,1125 1753 70 2077 2777 2772 2478 2561 1035 2510 1839 1834 431 1252 2015 2818 951 1842 18 2161 601 2 2663 1533 103 297 1389 766 737 1230 1830 680 101 1785 2504 1323 328 436 1683 395 581 2238 1559 1357 364 215 304 1759 286 29 1115 1728 1213 39 2172 1180 2113 2000 2601 2471 2178 1186 2759 2242 2066 702 989 2624 1557 2546 1908 962 315 284 990 2644 1608 1801 1786 502 1423 1971 650 2757 1235 2216 1845 126 424 529 1693 1065 572 1798 1703 853 483 691 1288 1726
000195.jpg,1357 2281 39 2288 1180 230 564 2495 1818 926 1786 1836 751 1106 1996 76 1257 2114 1593 1971 2000 777 1538 2700 1535 2324 1559 2785 2224 1116 1091 2489 1713 832 1714 1846 2699 2437 1178 291 1856 683 1914 2493 2129 989 1476 2542 1346 1224 327 581 2132 1990 1672 940 2202 441 1434 1019 834 2745 1561 1451 617 2180 88 2058 2555 907 2294 1693 2497 1483 1749 2441 1727 95 1528 47 2737 75 676 1004 182 1523 1685 376 149 55 728 198 1979 2111 898 1207 845 576 954 2428
000196.jpg,79 722 2665 2068 1067 2511 1547 2842 1134 2305 246 350 204 2741 2135 116 1463 899 1212 1606 1935 137 2041 97 2766 2825 1944 1055 2558 686 447 2736 2728 804 1076 692 2813 2292 1464 725 2248 2319 329 1962 2580 1126 2598 2286 1056 2382 2294 2719 1677 165 140 442 2207 1771 677 59 864 1624 790 2436 526 271 1868 2625 1452 12 1892 1777 1721 1639 817 202 348 1656 2440 1940 1937 1986 1926 925 1901 1408 2817 948 2258 1942 2389 2528 705 2455 1202 2082 2435 274 312 1934
000197.jpg,1444 2707 2837 1679 1649 2011 1623 645 1328 169 947 1054 1663 2767 1617 735 1544 1782 2050 440 2836 445 1381 2840 1261 1045 2130 712 1993 1029 2439 1658 2241 965 1840 1253 1218 1422 51 1552 2628 2735 319 463 134 1445 30 2287 1489 1307 179 1640 1710 2046 1948 1775 992 2649 489 2312 1416 1870 1437 197 2352 1369 497 550 1860 2084 1586 1208 860 1417 305 900 2454 26 2150 674 562 2133 2596 348 2481 1834 1250 1897 2183 1362 1654 155 2088 2712 1123 411 2424 2002 2766 2769
000198.jpg,650 2171 2043 2810 2666 2816 1891 1723 2346 475 1916 807 759 620 732 1702 2643 181 1865 1797 1188 820 1260 411 285 6 1541 546 1697 1603 1221 582 750 1882 1858 922 334 1083 1605 420 2521 468 510 1397 148 2179 594 2152 2807 1738 1456 2502 37 2768 2056 372 1570 2497 198 1502 258 1703 980 752 75 1288 45 1364 1203 2313 1251 2182 1488 1284 1004 2118 2522 1064 1015 36 940 2216 1610 954 95 1322 1685 2469 1222 2278 1206 1412 1343 1760 2760 1749 2387 76 2149 322
000199.jpg,1472 478 430 331 1475 2236 2693 1303 1140 726 2053 999 1124 390 1635 1967 655 1715 1050 314 1037 1918 2059 1127 27 1274 1662 2406 799 1438 471 1648 1216 484 2429 534 1187 1921 2505 2465 2061 1780 1395 2402 721 936 1647 1972 2407 363 1317 1273 402 653 806 1756 1568 290 561 805 1755 643 2301 1503 2698 2173 1011 758 786 1465 1692 53 1275 1008 780 2244 2531 389 2280 838 2794 209 1024 2687 2470 239 1282 1730 2765 2017 782 2611 2091 2690 1929 356 408 268 2164 296
000200.jpg,1175 485 2787 1306 1951 589 727 646 658 1798 2054 714 1207 1558 2072 1087 614 898 293 1137 1928 1361 1166 853 2409 962 895 93 1590 1230 572 2113 2066 1213 1334 2323 304 2000 1257 2178 395 529 1451 1394 2644 2324 1559 1801 1115 1197 465 1106 76 2546 803 1300 1786 2493 2277 676 1427 2784 1883 1389 1971 989 1312 251 2667 374 215 1538 1683 1597 2540 483 581 634 364 240 1561 2759 436 426 545 101 24 2114 1180 2224 2143 789 1353 39 2024 751 1357 737 2430 2040
000201.jpg,1444 2707 2837 1679 1649 1623 2011 645 1328 947 169 1054 1663 2767 1617 1782 735 1544 2050 2836 440 445 2840 1381 1261 1993 2130 1045 712 1029 1658 51 2241 2439 965 1422 1253 1552 1218 1840 319 1416 2287 1948 463 1208 1710 2735 1307 1489 134 674 1437 1860 2046 860 1096 1369 1586 562 1640 305 489 497 2628 259 992 26 1027 2352 1954 1775 2650 1711 1654 1569 1834 550 1897 179 2454 2084 2076 2133 900 906 2410 1417 1486 1445 348 1250 1423 2649 1641 2721 1757 1123 1362 2312
000202.jpg,2403 1735 203 667 2740 1629 127 2749 428 867 2371 1863 1524 1925 90 1619 226 1982 1159 2731 2473 2063 2412 403 17 2797 2484 814 2776 1814 2431 1059 385 891 2811 2255 837 2455 264 154 573 1122 1589 1815 2269 1338 299 2710 352 2844 342 2576 1009 2139 2138 1530 2094 472 1078 2607 2633 2833 267 1549 160 846 1421 551 2092 1811 317 1660 2460 2175 2783 1238 879 1539 687 2266 2189 1480 2444 1803 741 641 1295 1571 1060 1071 798 1816 600 1826 557 642 1291 2486 2385 2738
000203.jpg,1697 2167 922 1188 546 2643 298 2268 181 759 1702 1221 1260 732 620 285 1763 6 1797 582 807 459 37 1456 1083 1284 1082 1285 1090 1570 1308 1541 586 973 1318 2043 1882 2171 2816 2807 448 1858 122 820 2749 661 443 411 980 1006 650 636 2666 2118 2810 475 1723 1015 1884 1891 468 1911 1536 2194 1603 2261 2623 1610 1227 2346 2476 669 956 2313 829 1153 1916 334 1322 2468 2425 258 752 2168 476 796 275 1267 1200 2263 750 2463 2823 236 1865 2287 1502 747 2469 1380
000204.jpg,1948 1096 1416 1362 1897 497 1586 992 2046 2352 1218 1569 2721 2213 1051 2241 1381 1658 64 2034 1796 100 1630 2815 2272 2135 48 899 155 2650 712 1316 1045 1860 1329 439 1782 1360 2545 2767 1212 305 715 1993 892 231 499 1926 2817 1910 122 51 259 704 2790 194 1606 137 925 1934 2741 2298 2836 46 26 2628 1319 562 1684 2150 2083 1261 2300 2825 1067 2384 221 1728 1123 2087 1369 988 1656 1610 204 1640 1446 42 2638 2246 665 352 817 445 2090 79 447 1659 2556 1301
000205.jpg,2713 2433 1453 1490 2034 2309 1901 2376 2545 1796 201 1860 100 48 715 563 1148 1569 305 2721 231 439 562 155 168 1640 64 2826 2650 204 260 51 2842 1878 1316 2088 1123 559 1584 659 421 1606 1437 899 900 1307 2501 1034 704 486 2135 1056 784 857 2289 2367 2553 2272 2714 2461 1463 2515 1212 188 2068 2189 2229 405 480 1350 59 950 2840 1870 2213 1547 978 1934 85 1464 1752 1486 2007 137 1828 2424 1948 1362 2511 2382 1964 352 1496 2082 2741 1636 1874 2766 1190 2844
000206.jpg,752 2823 1188 229 411 620 732 807 1260 759 181 1456 1560 1858 2261 1797 922 1227 1702 2194 2643 1761 122 1284 546 476 1153 468 661 1541 2807 1697 2313 669 285 2816 1221 1882 1318 2043 6 582 820 980 1083 2171 37 448 2666 2720 2118 829 650 750 1015 1283 2168 1610 644 2071 2810 1638 2476 2442 2425 636 1884 1891 2688 1108 1570 973 334 1603 2562 2362 387 1768 2346 270 84 629 2387 1806 1790 1536 2048 475 1321 2512 755 941 2498 1763 1865 1006 1285 2201 1596 2750
000207.jpg,546 582 1702 2643 1221 285 1083 732 759 620 6 181 1260 1797 807 1697 1882 1318 2807 1188 636 1536 2816 922 1541 1891 2171 2043 2278 752 650 475 2810 1723 2666 2346 820 1858 2194 661 1916 2476 1456 1768 2261 1603 1865 2749 2761 468 2492 2313 956 1605 774 2048 2425 1206 1761 713 2167 37 2678 1227 1153 560 2469 1145 2688 2720 229 1450 1283 644 691 1420 669 281 2107 830 1094 2463 339 2275 594 2395 387 1740 393 1074 1732 270 2621 2502 905 2152 2168 1284 2249 476
000208.jpg,898 853 1197 1300 465 1087 1561 714 1558 1207 2072 540 2493 1928 1166 1631 2409 291 1590 895 617 614 1535 93 803 634 1593 1689 2324 2430 24 2143 2242 2066 483 1346 676 2024 1597 2542 739 1785 499 426 1213 1257 1115 2113 1513 2579 834 1161 2784 832 1228 407 1389 1847 1137 1773 1334 1749 240 2546 789 1883 792 1538 2759 1277 251 1795 2785 1804 2058 2638 751 2827 576 374 1672 2700 2235 1427 1914 1353 2441 310 1265 967 304 1971 2217 1996 2112 983 1727 1693 1178 1668
000209.jpg,2814 598 2224 1555 414 532 1956 671 1101 76 1149 696 662 2028 2742 2756 261 2320 2183 974 623 344 293 2499 1439 1099 1327 2212 354 2673 754 739 12 2495 1613 649 368 2021 1894 330 1299 1168 286 2099 2051 608 1725 853 27 1909 444 508 1473 2172 1829 1408 2533 92 531 906 1088 742 2440 1231 1708 526 2735 1707 2225 1942 2470 274 2221 895 994 674 2610 415 763 29 2667 904 1216 2539 1818 2629 1728 864 271 1557 911 1774 218 1944 2280 2328 1466 573 2606 2622
000210.jpg,1656 2790 1102 2817 85 1934 2501 1926 2832 312 817 2044 1624 2528 2411 987 1644 943 1407 188 221 2300 1405 635 1319 2034 1796 2545 556 611 2082 1146 1386 2270 1870 1545 2649 2389 1737 480 4 59 2826 550 925 712 626 563 1752 260 1202 348 2713 2631 1630 2439 1369 1045 1658 155 2842 26 1569 2397 201 2766 2312 1422 305 1782 2454 179 1360 197 48 518 659 1381 1417 1901 900 2556 547 559 1468 1029 2574 899 1840 2689 2652 2367 1544 1316 904 2534 2419 2241 787 2721
000211.jpg,2765 1024 1039 89 1843 314 1875 131 2531 1011 1274 1967 1050 1715 2285 1124 390 1635 268 495 1037 1500 1475 2053 33 452 1127 1472 2693 1140 2236 241 1648 27 2059 1929 2406 1730 2565 2316 653 53 1187 1941 290 2301 2407 2687 324 1008 484 2773 331 430 1923 2173 1026 999 449 2698 1216 467 200 1655 1503 2806 478 1378 628 1275 1022 1813 1662 1789 295 1706 799 2429 2280 1932 1062 1220 927 1282 2091 1297 1568 1829 788 389 456 129 2017 501 1831 655 408 840 758 1281
000212.jpg,957 2464 2725 1889 2448 609 1766 2404 509 844 5 2457 1515 744 1696 2128 244 2115 1426 466 1616 2141 2124 1326 1637 388 1987 425 163 815 1061 498 473 2351 375 2014 1556 232 2366 306 1945 1038 1525 520 2566 2109 183 894 2056 1661 150 2522 1032 1596 1880 1269 106 592 45 2153 19 2554 229 1064 941 2508 1849 2751 1927 419 2572 1754 84 424 171 119 2182 1280 2263 2760 1960 2060 621 2521 189 1171 752 2278 2720 96 1383 1364 2222 1659 2421 2562 2354 644 1251 1477
000213.jpg,1375 2548 857 2662 1776 1350 2456 2356 1551 2659 2039 1887 720 2332 1043 2123 704 2363 746 2590 2727 1191 689 2206 885 1877 421 801 706 2460 1724 2739 1542 656 570 2399 1193 228 2186 1665 77 1925 2321 798 263 2672 1664 1619 2327 2229 1358 307 557 1229 2198 1457 1575 1034 1 1930 1792 879 158 1520 797 342 2004 1086 756 1861 1947 551 1025 2749 2330 2581 842 57 2125 1392 1982 1675 1580 667 880 294 372 2187 2215 913 2050 687 154 1440 2844 859 352 234 795 1522
000214.jpg,455 1262 2232 113 2137 822 1506 383 1568 1505 1356 525 1140 1248 2470 2070 216 27 1435 2311 654 625 245 679 2565 1598 799 1141 314 858 1274 408 49 209 838 1282 1024 139 758 131 2693 1124 1127 1967 1875 1780 252 390 478 1715 2407 1635 1050 464 2017 2698 1503 356 806 2059 2053 2765 389 1612 484 653 2173 1662 1475 418 1187 1706 363 1787 1932 2396 2465 2505 296 2280 1018 2429 295 2611 53 726 2301 534 239 782 471 1037 241 999 786 495 936 2794 2531 1481
000215.jpg,150 2263 1525 106 1318 2678 2562 2374 1536 2141 859 1083 1280 2442 2188 2278 1596 1726 636 2720 2807 971 644 366 96 2623 2048 133 2401 387 43 2761 2168 1279 621 1768 1797 474 2688 1108 2498 2737 1032 1504 1927 2572 732 940 2831 1170 1632 793 894 946 2522 181 620 1483 84 762 2718 189 1283 1103 1758 2554 2612 1251 2476 1004 1979 570 300 1727 2386 2555 1263 270 2060 2541 1380 957 661 1371 1790 2503 1198 1750 1999 1064 1762 2229 2186 1336 1458 1575 640 2147 2071 2218
000216.jpg,702 1830 848 2471 126 2624 1845 2601 1908 2276 578 931 1114 1767 103 1323 1235 688 297 990 502 284 1186 1608 835 1413 768 1391 1107 2314 1720 1821 250 1340 1310 903 1512 65 1254 684 1975 2388 2656 954 2149 522 1426 581 1298 1203 1798 75 1397 2497 2542 420 1738 1605 1685 2494 1106 1693 1207 198 215 1801 940 1434 1004 1559 1175 1343 737 1230 2706 1570 310 1458 485 2768 182 2056 2737 962 2114 2522 1080 2521 1602 767 149 2726 1916 304 589 272 1683 327 1206 45
000217.jpg,485 589 727 1306 1175 658 1951 2787 1207 646 714 2072 1558 1087 1798 898 293 2054 614 1137 853 1928 1166 2066 1213 2113 93 304 895 2178 2409 1590 1115 1361 1257 2546 1197 76 2324 962 1394 1427 803 1230 2323 1334 2540 572 374 1312 251 1451 2493 634 529 1300 395 465 1389 1786 676 1597 426 2644 1559 24 1971 2143 2430 1106 1149 436 215 1801 1689 2000 1883 2784 101 286 2024 2759 1785 1900 2172 2320 2673 540 483 2224 739 2667 2533 581 29 1683 2149 364 617 2542
000218.jpg,79 1067 2068 722 2665 2511 350 246 1134 1547 2305 2842 1212 2135 1463 2041 116 899 2741 1935 1606 137 1223 97 204 682 677 1962 1874 1076 1464 686 2813 2248 491 647 657 2683 2708 2435 2382 2057 146 2598 2569 2438 1185 2436 2286 2766 574 1937 1592 2506 1639 494 790 2736 2291 2393 1777 2558 804 217 2639 1944 2580 948 1632 362 329 1841 2825 1899 1126 692 1130 442 1986 2116 165 2427 1452 96 1329 974 2335 856 1330 2719 1052 1337 482 140 447 419 2292 2258 2257 1764
000219.jpg,557 2460 1862 879 2363 352 1863 1619 1925 687 1982 127 160 299 667 2835 147 1509 2213 2139 1607 405 2595 1341 1078 2758 2738 1480 2444 2844 1069 1366 2710 2094 1421 1549 2175 1807 428 1530 1242 1660 2189 1295 262 2833 2138 2607 1816 537 2385 1338 888 264 577 2455 1735 273 2412 1828 741 2269 1025 2431 641 685 2614 1349 2484 57 1792 203 1 2811 2633 1811 1034 2820 2371 2801 1167 226 317 2776 349 2517 1524 400 1276 1520 798 307 846 1539 2125 885 1803 2298 2524 2004
000220.jpg,2792 1579 945 1179 9 841 2491 1791 2328 1583 567 639 118 1977 1578 998 2682 1470 1920 919 1769 2647 1667 887 952 1354 2711 2252 2065 1651 114 2778 1063 382 1531 1770 1585 517 808 1854 819 778 227 748 2723 2575 982 916 930 1851 1970 2729 763 2225 928 1657 2379 524 2042 1625 1172 2200 970 1819 1643 910 2693 2062 1864 2236 2334 977 1942 1428 1967 1635 1475 1924 2687 2773 2081 515 390 1042 2814 31 2076 225 196 1715 553 2285 2499 2397 2556 1046 1982 904 271 2564
000221.jpg,1113 2502 2141 2152 1371 621 2263 1364 1251 183 2056 2522 1525 45 2182 2401 2841 1064 171 1768 214 2612 2048 270 2761 236 2760 2608 629 1283 2705 2831 1605 941 1288 84 1108 2572 1703 2216 851 1363 1139 959 1865 42 327 2348 1365 1286 2623 1661 506 1844 1280 565 1602 1866 744 1144 106 1953 2677 986 1560 924 1738 2567 1397 1032 1171 333 1960 420 2116 2503 609 2571 2751 2768 2521 2197 474 229 940 510 1949 594 2720 2442 2497 1214 2203 198 2404 1458 2179 844 1927 1632
000222.jpg,352 557 879 2460 1366 1480 1816 2363 2138 2607 1349 1539 1660 2175 1925 2633 1619 1242 147 127 299 160 2710 1863 1520 2139 2269 2797 307 1025 273 1 1078 2473 2094 1982 1530 1862 2833 2844 2431 2709 2727 814 2738 2595 577 2371 685 2092 2455 891 1421 2213 2403 1803 837 2648 264 867 2226 428 2758 385 2524 1069 2811 2484 1009 1815 2444 1540 2399 1549 2104 1341 1509 1607 2340 166 1167 2576 667 349 472 969 1571 267 262 90 1698 2614 1618 1238 454 1355 888 405 1291 2100
000223.jpg,898 1300 2066 2113 1213 1087 1207 1558 714 2072 853 1197 304 2178 1561 2493 1115 1928 1166 2409 614 2546 617 895 1590 1785 1389 93 465 803 540 1137 2242 2324 483 2542 1631 2784 1513 1883 634 1535 1228 1773 485 1175 1593 1161 2430 1333 24 1346 1019 1257 2143 676 1847 1334 374 1427 499 1394 1597 251 63 2024 727 291 407 1685 1951 426 954 149 1689 1798 589 1353 2022 2054 1298 2827 1306 310 182 1795 658 1093 240 1343 1693 789 2656 2149 1760 1712 940 2759 76 2016
000224.jpg,536 340 2090 121 569 1132 332 988 193 1588 979 2227 2786 1268 36 2668 2108 1562 1449 176 1431 1418 2384 1393 1065 886 1686 1890 733 2217 2117 289 417 1033 1699 866 1793 597 1492 142 1888 2451 21 1256 802 2078 571 199 427 500 2743 555 554 2029 2267 681 1553 429 62 901 2415 361 400 1910 1398 1728 2380 1430 213 680 1053 893 1764 1301 2333 2335 1329 2295 2083 1035 1236 1886 292 2533 617 29 2568 1801 1337 2140 1190 672 432 1474 499 135 1984 1499 2413 2638
000225.jpg,2138 846 537 90 352 573 642 600 1338 2614 1060 961 403 1735 2100 867 1159 2835 1815 2486 2255 1622 17 2811 2412 1571 317 1698 2063 2403 1009 2338 2709 837 1341 1078 405 195 1607 2758 2484 1530 2455 127 1828 1349 1069 160 2094 2738 1964 1619 891 349 1291 2223 1660 166 1925 1421 2607 1994 687 1816 892 1982 1480 2844 299 2797 1540 667 264 879 428 307 2633 1862 2339 1814 2460 1618 1366 267 577 2371 385 1409 2648 1238 2635 46 147 557 472 2595 913 2473 234 226
000226.jpg,1749 834 2058 2555 1277 1727 761 1483 376 16 2317 1044 1447 1469 2437 1672 1995 2249 44 2700 1990 1178 832 1836 1087 1300 940 783 898 1343 1535 949 115 2737 727 2022 2571 198 1425 2072 1161 47 1558 1561 1228 853 1207 1004 1785 2497 2066 589 2542 1298 714 95 1103 2202 2112 576 617 1593 1175 485 304 2216 333 75 596 2827 2726 2785 1288 658 1304 2178 1847 310 1914 1064 744 2162 76 2182 2784 1798 2113 2522 1217 1513 1333 2705 2024 2441 1213 1434 1476 1364 609 1661
000227.jpg,150 2141 2720 2562 106 2048 620 2442 1318 1365 2278 181 2502 1536 387 732 2807 644 2761 636 2263 621 1768 2688 43 2591 1797 1596 1280 2401 957 2448 1726 752 2498 1458 2152 270 2841 2718 1525 2230 2623 2188 2678 335 2612 941 1279 84 1953 398 2386 2725 1251 96 1283 2705 2503 2831 1108 2220 762 785 482 1927 1482 2168 1170 1364 2541 214 2203 1979 2160 341 1171 1004 859 949 1419 2374 171 1083 2737 971 1198 1139 60 1605 940 2079 2522 2526 594 75 1032 189 2218 1184
000228.jpg,213 2408 707 757 1533 1728 1849 761 558 2295 1945 520 2354 424 1478 1722 2413 1867 232 2615 2566 1448 1269 135 1529 1231 119 19 1733 80 2390 1984 1296 1093 1132 2744 1383 1588 783 1265 184 540 2249 2533 2638 29 2756 536 2441 1749 754 2317 834 2172 617 2021 2827 2224 949 1535 2320 1091 286 121 1149 1561 1719 407 1914 983 2673 2111 2464 2242 1766 2058 609 1727 2785 766 36 310 1312 1856 1804 569 2227 2014 2090 1033 2078 2190 2404 1277 1562 2112 1038 1236 2668 473
000229.jpg,1125 70 1753 2777 2077 2772 2478 2561 2510 1035 1839 1834 431 1252 2015 951 2818 18 1842 601 2161 2 1759 1557 2663 2757 2622 315 1390 297 191 2471 2601 1165 103 502 1235 2624 1845 1323 1389 1533 284 581 1186 990 1908 126 688 395 702 767 2000 1559 1951 578 1683 1306 2302 1728 1130 165 2504 1801 1830 1230 2314 101 1608 1391 962 1115 2546 1340 848 2759 304 277 522 364 737 727 2728 680 1175 853 436 725 328 1423 2178 1075 1980 2113 1137 589 1451 2506 757 614
000230.jpg,2713 2433 1453 2309 1490 1901 2376 201 2034 1860 2545 1796 563 305 48 100 1148 562 715 1640 2826 155 2721 231 439 64 1569 168 2650 260 204 51 659 2088 1878 1316 1123 2842 421 559 1307 899 704 2135 1437 1606 1212 784 1874 857 486 2068 1986 2213 2229 1940 725 1463 900 1034 1362 2272 2515 2455 2553 2461 77 1584 2840 137 264 1337 1984 2367 2289 1547 1189 793 837 2649 1056 2511 683 746 1369 2258 1449 1496 1486 1134 1765 2472 1223 2083 59 2558 480 1190 2741 1828
000231.jpg,2045 1584 2023 2755 747 770 1301 1926 2140 817 1796 1604 451 1981 1516 2300 1237 1910 892 542 202 1656 54 2817 1319 26 186 1017 660 463 2782 710 1369 1739 258 638 1870 2083 712 631 2790 2259 925 1045 2796 2545 2766 2741 1058 2037 188 2825 1102 1514 1035 1518 709 1562 2034 348 787 1701 1624 1893 530 1673 360 2082 1000 1888 1029 197 1728 2649 1290 955 85 2135 611 665 1417 2108 1839 1934 1407 2842 1362 2664 1853 984 46 1935 1894 1707 1567 2258 943 2257 2622 1810
000232.jpg,1260 2313 1456 2153 2060 807 1858 419 189 1284 1188 2823 1697 1570 2554 894 546 1032 759 468 411 2643 922 1632 2167 167 37 181 1221 459 454 1702 96 732 2268 1927 1797 1153 582 298 620 372 2425 1084 6 1844 285 122 38 592 448 481 1308 1865 20 1082 106 1286 1593 2043 1189 1199 1015 1763 1227 586 2810 1250 2726 1882 396 275 2261 820 2476 2749 1329 636 1057 443 2171 815 1560 1363 1288 755 2162 2627 506 690 1836 1714 2706 2472 1610 1426 1353 23 1703 2422
000233.jpg,2792 567 1791 118 9 998 945 1179 1579 1583 841 2491 1578 2328 2711 2065 1977 919 639 2682 1769 1470 952 808 1354 382 1920 2647 1854 2252 1770 517 778 227 1667 2778 114 916 887 1651 2575 2723 1063 2729 1531 1970 930 1585 982 819 2042 2225 748 763 1657 928 1851 1864 1819 2462 2379 98 2334 353 1662 553 2687 1438 2059 2429 2693 1692 471 776 1625 782 2499 363 999 2698 1475 2285 108 331 2556 2236 33 2505 2465 1386 1730 196 936 68 1472 726 2181 2270 1302 547
000234.jpg,1749 2317 2437 834 1672 761 1277 2058 1483 16 376 44 1995 2555 2249 1990 1469 1447 1727 2700 1044 1178 832 1425 1836 115 1300 47 1304 1593 576 1535 2571 60 251 1401 1427 2831 333 2492 1883 2579 2497 374 2096 483 774 1801 792 1712 1064 1217 2705 2578 1346 980 2381 75 1394 2522 2784 2401 903 36 45 339 1884 768 905 2335 1904 1206 1015 1556 2547 1939 2210 1251 870 1288 2243 2056 1364 1336 1013 744 855 198 2182 2118 1176 1057 2202 414 37 881 856 1228 2277 2323
000235.jpg,1870 2649 925 1369 348 26 480 2454 2769 2714 550 179 663 2538 1422 2375 712 1417 1710 1489 2130 860 1701 1045 2241 197 689 524 1658 2050 1840 1193 421 463 518 445 1468 260 1782 2581 1381 1319 659 489 817 1253 559 1552 2419 611 2574 2840 1617 970 1788 1437 2004 188 1544 2397 645 1551 2817 2439 1624 1737 626 440 2011 1545 1172 2652 900 1146 59 1486 2039 1934 2676 904 2312 1930 2501 2628 2836 2044 977 2826 2084 2116 769 570 735 1656 1983 433 168 1348 2148 1328
000236.jpg,403 2138 1815 1159 2063 127 472 2455 1009 837 2484 17 573 1338 352 1735 317 264 226 2648 846 1982 2412 600 667 2255 1863 1619 2266 2094 642 2811 1925 2189 537 90 577 1530 1421 879 2100 428 2835 1814 867 1571 2486 299 1078 1698 1816 2614 195 1828 2820 160 405 511 1607 2607 1060 2339 2371 1964 1660 1803 1622 2092 687 2797 2595 2431 2633 1122 888 1341 1366 2738 147 1480 2139 2385 2466 2731 1069 385 2833 2844 1939 1324 2403 2758 814 2776 2710 2338 1589 349 2269 1994
000237.jpg,956 1882 2468 154 448 2749 1911 971 2740 644 795 2476 342 2688 909 2442 2188 1536 669 1797 829 551 636 1768 1318 2167 307 1221 1227 582 387 1697 2194 1687 2425 2399 1520 1400 661 685 181 546 1726 1059 2678 1541 1260 1524 2498 2261 1153 459 1802 732 1267 1206 2503 2720 1761 1880 1188 2197 1108 1933 300 2623 2727 1215 2823 2118 762 2761 1180 1610 2695 2071 620 2807 476 2710 2263 1346 13 2048 1790 1286 1525 922 2463 2512 1084 2226 2572 6 308 203 2386 1015 1322 2079
000238.jpg,1361 1798 572 1230 2054 962 395 2644 2787 529 2277 2323 1394 1801 727 1451 646 1951 1306 293 589 1175 658 485 1334 545 2000 364 2040 989 215 737 1559 766 2504 251 436 1683 581 101 2540 2238 304 1213 789 1883 2113 1900 1427 328 2178 1106 2066 341 2784 2381 483 2759 2114 2579 1971 1257 1115 240 1353 1898 803 2546 1389 1786 2320 1312 2242 374 1300 2161 1137 1091 1093 407 614 39 2756 2533 1149 76 2021 1231 1207 1693 1513 754 2656 1333 2149 845 1357 1839 29 1728
000239.jpg,2218 222 1504 1933 1436 1305 2512 1790 2362 850 2071 897 836 935 2096 2645 1911 2156 2394 1638 1321 1098 2750 2355 1052 755 1709 2432 981 1736 1806 2452 2342 2450 1200 2420 2201 99 2446 612 1621 1023 707 717 757 1968 2560 2408 141 644 2642 1145 1581 208 2820 1421 2587 2691 2655 424 1309 2404 766 252 1085 177 1634 1020 1387 2290 881 1599 1717 2830 816 599 783 2122 1628 2195 2074 2094 2385 2829 1719 73 401 1722 437 1728 1078 1766 1006 2163 2202 908 2510 2238 1573 213
000240.jpg,135 2295 2413 558 1448 967 2615 707 2408 1265 2638 1804 213 91 184 1478 2354 1945 1849 232 568 2235 1719 2566 424 119 520 1269 1296 80 1383 1722 2320 2533 1867 29 1984 2390 1529 1149 792 19 2296 2143 1733 24 2260 2472 286 2744 739 2021 1728 2172 1689 2673 2756 426 1597 540 634 2224 754 2024 2430 218 1231 2827 1312 310 1533 1886 1535 2441 2016 293 1593 983 802 388 1888 2121 291 868 2649 1431 1001 2785 757 1091 1996 1492 832 2078 1061 2748 2350 142 509 498
000241.jpg,1931 2526 2220 939 1433 2704 2183 2445 482 1439 2089 2427 574 255 217 1330 2683 2639 2057 2291 637 647 494 2657 521 2051 1223 2712 2617 2308 1874 2435 619 1899 146 1088 1592 2569 2438 682 677 2499 368 598 1725 657 531 1056 1677 1892 491 1937 1771 608 1629 2708 2037 274 444 2813 1055 1998 2440 1185 1942 1555 271 2393 526 1524 994 2625 1408 2728 864 508 1639 948 790 2719 329 2248 974 12 1365 2382 1052 2286 1868 1777 804 1944 1473 140 1464 2207 2389 1752 1721 447
000242.jpg,557 2460 2363 352 879 2468 2710 1539 1619 1925 685 1242 1863 2444 2226 127 2175 1911 1349 147 1480 273 2740 2749 1509 1059 2633 154 400 2607 1366 2811 1530 1549 2104 827 307 2738 2269 1982 2524 1862 2595 551 1660 1215 342 160 1025 2661 1811 641 1373 2797 262 2771 1069 1078 667 2709 1227 2385 829 2576 2403 2517 1816 1341 741 2758 1 2094 1698 1638 476 2844 577 1904 2139 2833 20 2455 299 411 1188 2213 1167 2100 1401 2529 814 1607 2092 1803 837 795 195 888 2823 2431
000243.jpg,767 277 1938 1443 889 1833 2686 1747 2496 211 1460 2532 369 2315 1980 2702 2510 1989 2818 951 2015 431 1834 1252 2478 2777 2077 2522 1418 1064 1277 1793 45 2772 1091 2497 1342 617 803 2056 1065 1605 2058 417 940 2217 2182 713 1074 1176 1686 1080 2335 13 20 1727 75 1343 36 258 576 2108 1272 2668 332 1087 198 1203 1125 853 1562 1753 2441 824 597 2521 1561 76 1004 2571 2827 1371 2760 40 2463 23 997 1047 510 2203 2245 745 1996 167 988 1401 1364 2685 95 1749
000244.jpg,1051 194 2352 1218 2272 2628 2815 1261 1965 1496 1316 1636 2556 1840 1658 2439 2241 1948 1381 2836 1416 1544 950 1586 1096 1045 1782 497 440 965 1752 2046 712 2412 1897 1649 992 1362 2130 1422 2069 2255 1054 735 64 518 1860 2840 1663 2713 1868 2767 1253 2050 2811 1775 169 2367 1993 1862 197 659 550 231 1437 1617 637 140 674 1428 2719 2665 1552 1589 1444 1143 663 2007 179 489 319 900 1580 2418 2649 521 689 2631 2732 1833 280 2707 1848 563 947 51 2138 722 677 155
000245.jpg,2843 257 1871 1731 1138 2609 2613 1707 937 288 1800 1645 1131 416 392 1243 1794 742 749 593 2151 338 2746 2364 2290 2549 1311 2730 1005 673 1466 544 730 2788 1966 434 2377 410 1379 2299 253 2417 1968 1783 1419 112 535 2830 2251 678 1040 301 1527 365 1079 435 1068 2560 336 1670 2005 855 1020 2219 1581 2697 1946 248 2196 774 1309 1850 605 1133 2331 1455 1174 2492 1007 1573 2341 1516 610 870 1498 1094 1110 2394 1894 811 568 1936 1442 2087 19 1529 1424 80 2519 1634
000246.jpg,106 2567 96 1927 1632 2554 419 894 2153 2152 2502 2751 1661 1171 189 1032 2060 22 1214 2401 2109 150 1371 1251 2522 45 333 1605 2056 2831 1364 2263 621 1064 2705 2141 481 2623 171 1749 1703 2571 1891 1288 214 2313 1365 940 2841 2726 2216 1727 2760 1865 183 1004 761 844 198 2572 2182 2555 744 620 2608 2566 2497 834 2612 236 1525 1363 75 1217 1015 2666 1263 815 1960 2112 2162 468 2404 1283 2058 1434 2604 957 1280 2203 1858 1723 1144 482 1177 149 510 84 205 1203
000247.jpg,540 1561 2242 1346 1535 617 310 2441 2827 407 1856 1093 1091 2656 1693 2111 1914 1343 2542 2016 1087 1631 1019 898 766 2238 832 1207 2072 1996 291 2149 983 1298 1434 949 2785 1558 1593 2112 182 777 940 63 2737 2190 1836 695 1176 2615 954 2129 2143 2493 634 1004 24 1689 714 853 1685 1448 2202 1334 95 1166 132 1333 1928 149 2745 1590 979 1743 803 783 1683 596 426 1197 1760 1161 328 1597 1785 2521 1203 2227 1257 1971 424 2786 1130 510 895 1103 581 499 232 1451
000248.jpg,2665 2068 722 79 350 2511 1067 2305 1547 2842 116 2135 2741 899 1134 246 1212 1606 137 2041 2766 204 1463 2558 1935 447 97 2825 2736 692 2258 1962 362 1944 1841 165 2292 2719 442 686 725 2319 1126 2728 1055 1183 2506 332 2090 2598 2580 1825 988 790 1130 1998 746 2207 2229 2384 1057 1870 2294 569 2573 1562 1264 1588 1661 1076 325 388 984 1793 745 638 480 26 1984 1910 2077 1329 892 2481 2057 1337 1889 1132 294 665 912 2108 1607 1728 1888 2649 866 1369 1521 193
000249.jpg,2624 1845 126 2471 2601 702 1830 848 1908 578 2276 103 1323 1235 688 297 931 1114 1767 990 502 1186 284 1413 1391 2314 1608 835 768 1107 1340 250 1720 1821 903 684 1310 2388 65 1512 1975 1254 1559 1106 522 1916 2000 1397 2777 581 420 2656 2346 2768 2772 767 2478 2077 1605 1230 2706 1125 475 1139 803 1801 1207 2787 304 1175 1753 2113 2178 962 1080 1839 1298 745 1357 325 1798 70 2542 2036 1451 1570 1602 485 737 650 2841 2620 572 1723 988 215 1334 1922 1426 1213
000250.jpg,1419 392 301 2331 937 1425 257 1200 535 2377 1527 2843 2030 2627 396 519 2318 1778 1871 2613 1731 2341 1138 1894 2420 905 1992 1800 1707 2249 2680 2763 761 1714 1713 488 336 253 416 1750 1203 1387 1645 744 1206 1455 1469 1068 1178 1779 1836 2609 1476 1342 676 1749 2410 1020 2245 1222 105 2317 2463 1243 163 479 44 2700 1263 738 2202 322 1957 36 1865 2437 1990 946 1479 272 1219 16 435 1581 2523 1447 1073 288 289 834 47 474 2190 2573 1727 1659 2335 1449 2745 1322
000251.jpg,2232 838 1282 408 209 139 356 2173 2017 2280 245 296 49 27 525 653 2565 2396 2693 2164 239 1843 1127 113 1274 495 2794 1961 654 2765 1781 2091 1472 1500 1011 131 1568 2137 290 449 1505 455 2531 1024 383 1787 1037 1262 1875 2311 1780 1506 1755 2285 33 241 1140 822 1941 2316 1435 216 1356 1248 2025 799 1124 1021 625 1598 268 2053 200 1555 225 679 618 2669 1475 858 452 61 207 314 1967 1635 390 1715 53 1050 1662 782 1018 1395 1647 192 758 2236 1317 1921
000252.jpg,1870 2649 925 1369 26 348 480 2454 2769 2714 179 550 663 2538 1422 2375 712 1417 1489 860 1710 2130 1701 1045 197 2241 2050 1788 463 1658 1840 260 445 518 2289 2439 1102 433 1656 1617 440 2840 1381 735 1146 2574 421 1782 1934 689 2397 1544 1190 2011 188 1253 2826 2424 2817 2628 489 1552 1319 2501 1624 2790 769 1926 659 1328 1202 817 135 1895 2082 2039 704 2836 524 1752 559 563 1930 2088 1665 1358 1901 2084 1437 943 2650 2044 2419 1468 611 2581 2832 1792 645 2004
000253.jpg,377 2578 828 2798 2629 2539 729 1337 1429 2120 2428 672 2031 933 2221 1070 1272 2828 640 2210 1764 13 2520 1910 964 2602 1668 1399 2038 2570 2640 1266 1374 2083 2808 2335 865 1952 2839 1249 2513 2795 1329 358 2671 955 45 2056 2608 571 236 2522 400 2760 2182 1521 2464 2448 2401 1364 1217 698 2831 171 2725 1064 2571 680 2384 2720 1425 1251 2705 328 2612 2238 621 2661 2445 2512 644 183 2678 536 1793 42 2415 1880 1949 766 2032 827 333 2278 2342 427 1806 1797 569 957
000254.jpg,2510 431 1839 70 1125 1035 1753 2772 2777 2077 2478 2561 1834 2818 951 2015 1252 461 1976 395 2497 2149 1176 2471 596 304 95 2113 2547 1559 1785 2656 650 824 2178 2161 75 2066 2751 1749 39 903 1213 1693 576 1371 2601 1106 1908 417 1390 2726 850 1562 1469 198 1065 2249 2401 1357 831 73 2016 2009 2162 2074 13 1447 2182 1217 1272 479 1557 132 20 1744 2700 702 409 834 272 2214 597 1064 1605 1476 2522 1416 1661 940 2644 695 1214 713 1759 1938 2566 783 236 1957
000255.jpg,2550 1104 1507 1177 1669 2414 834 107 575 2641 2555 1727 728 2604 761 2176 55 397 1277 2058 1749 2019 1691 1194 1646 1044 393 2136 1995 2080 2754 1482 1523 384 2249 831 2317 1957 560 272 1420 1450 2214 1483 1222 1144 376 1447 409 2695 339 1469 905 15 1206 1288 474 863 16 2107 2437 115 1785 2245 479 2623 845 1641 584 1244 1703 1178 907 110 2216 1203 1093 713 308 1371 1322 2463 783 1263 577 985 738 1074 2410 1835 2086 373 2572 2154 1066 2114 1683 1228 2263 327
000256.jpg,247 1204 1359 723 2585 539 1772 303 153 2582 450 1121 206 2485 1997 343 1403 1751 862 2603 2718 871 2008 719 1633 764 2018 2284 2146 2487 1289 2165 1128 457 2551 914 2254 2453 190 2209 212 1245 998 2233 2019 812 604 2544 1493 1583 40 35 1226 2627 2574 1734 2676 2086 2204 58 776 259 1595 1066 1566 1351 2192 98 118 1247 1253 1878 74 592 1347 1354 2424 2550 2065 675 1552 851 1368 873 281 559 2753 2252 982 1534 1072 1762 1046 2652 919 543 667 219 42 2792
000257.jpg,1371 2502 2152 1113 2263 1525 214 2623 2572 1280 1605 2841 2141 2348 1661 327 1602 851 629 1866 106 1139 1865 2678 1032 2567 1953 1171 96 1632 1738 2751 1927 941 621 420 2401 2522 2109 1064 1084 1397 894 2768 1144 1251 84 609 189 1214 924 1364 2056 744 2554 2182 183 1659 22 2726 171 2203 2153 1960 45 2705 2060 1283 510 419 2760 1488 2521 236 2831 270 957 2608 1365 474 2162 2404 1184 117 2612 2677 2179 1766 940 1288 2216 1108 1891 40 38 1744 2303 1263 198 1727
000258.jpg,2011 645 2707 2837 1444 1679 1649 1623 169 1328 947 1054 1663 735 2767 1617 1544 440 2050 1782 2840 445 2836 1381 1261 2130 1045 1029 2439 712 1993 1840 965 1253 1658 2241 1422 1552 2735 1218 51 179 463 2628 550 134 319 197 2287 1775 2088 489 1307 305 2649 2084 1640 1437 2133 1870 1202 900 1445 1489 2312 2481 562 260 1860 665 30 1710 1369 2515 2352 2412 1208 1948 769 2424 563 2712 1417 2826 950 1486 1294 2544 155 1627 2338 480 2769 637 161 992 26 1123 2713 201
000259.jpg,2011 645 2707 2837 1649 1444 169 1623 1679 1328 1054 947 735 1617 1663 1544 2767 2050 440 1782 445 1381 2836 2840 1261 2130 1993 1045 712 1840 1029 2439 965 1658 2241 1253 1422 134 179 51 1552 2769 1775 2287 319 348 2650 1218 2628 463 2735 259 2649 2312 550 2631 1870 231 2454 2088 480 1468 2082 1369 518 155 26 197 2076 1948 2044 904 663 2714 769 925 168 2270 489 689 447 2544 260 2397 188 817 570 1307 2300 2741 2538 1386 59 2501 1319 2842 950 563 547 1710
000260.jpg,85 1656 1102 2790 1934 2501 312 2832 2817 1926 943 2044 987 1624 817 2528 221 2411 188 1644 1407 2300 1405 635 1319 556 611 1386 2034 2082 1146 2270 547 480 2397 2574 1796 1417 463 2424 4 260 1870 2545 2652 2649 925 197 712 1545 1552 1190 1737 1202 348 559 74 2419 2826 283 659 1369 550 2389 26 259 2312 1339 2724 1428 2084 489 179 2344 1253 2544 1029 1045 2842 1408 826 2454 977 59 1752 904 2670 626 2440 563 1677 2289 445 864 2076 970 606 1307 2148 769
000261.jpg,2218 222 1305 1933 1436 1504 1790 2512 850 2071 897 935 2362 2096 836 2156 2645 1911 1098 2355 2750 1638 1321 1052 1709 1006 2446 586 443 2691 99 2452 2432 599 2201 1200 73 1806 2394 8 2420 1308 1474 745 2537 1671 1621 2094 325 2450 577 1661 1736 1447 2578 1763 2642 1421 2342 399 755 1090 16 761 700 1469 1183 612 1717 1939 1880 1145 2090 988 1387 1550 1483 44 1078 2587 1632 1530 385 1082 828 1820 2030 208 376 2317 2293 459 160 2535 96 2266 147 377 2700 1995
000262.jpg,2843 257 392 1419 301 1871 2331 1731 1138 2613 1800 1645 937 1707 288 416 2377 1527 535 2609 1894 742 1200 1007 338 519 253 1479 2341 1516 1068 336 1455 1131 1243 2830 1387 1992 730 1466 1682 2318 1309 709 1040 248 1311 678 2560 1020 435 821 1581 2680 1573 2420 648 855 365 1385 2151 1779 1676 2763 870 2691 320 19 940 605 2196 410 2384 1142 905 1713 2746 1850 1425 2005 1495 99 2744 1498 2451 2227 881 1004 2245 1749 1529 2219 1714 434 2217 834 2095 1073 186 1424
000263.jpg,1083 6 582 1221 285 546 1702 2643 1260 759 181 732 620 807 1797 1697 2807 1318 1188 922 2816 1536 636 1858 2171 2043 2278 1891 1723 661 752 2810 2261 2194 475 2666 1456 2313 468 1541 37 2168 2346 2476 2749 650 2048 1763 669 2522 2425 1603 45 2167 2056 1064 1882 387 1227 1768 1865 1856 1251 2442 1283 829 594 2761 476 2111 1108 1153 1284 2268 973 1916 644 270 148 1914 2118 2720 2688 820 1364 2498 298 229 236 1880 1082 2562 2608 2760 980 905 1596 459 474 1761
000264.jpg,2649 1870 925 1369 348 26 480 2454 2769 2714 663 179 2538 550 1422 689 712 421 2581 2375 570 2123 1417 1193 2004 1551 1665 1758 280 1710 1930 1792 1489 1580 2418 2125 2838 2039 704 2206 2574 1190 2659 57 168 2116 2130 1986 884 1861 524 133 260 2356 756 1453 2184 2456 1887 518 2386 659 445 1468 1901 2272 559 1358 548 1701 2424 2327 2155 2358 1552 857 1983 2088 1948 2694 74 2419 785 683 2672 2397 259 1348 1345 611 720 885 627 860 733 463 2344 210 42 242
000265.jpg,1946 2394 416 673 1794 2417 1778 2697 883 593 1131 2788 749 937 2251 2843 1498 257 774 2364 1005 1243 105 1783 1966 2151 2492 1094 2519 2730 1174 2746 2299 2006 1645 2290 11 1913 392 1142 1731 1936 1800 1871 1379 336 2549 544 2087 2005 678 1707 855 288 1138 2196 662 1479 1670 1455 800 742 2613 1850 1454 406 1968 2560 1311 144 434 1133 1110 2262 664 956 1002 2609 1079 2145 658 595 320 112 589 208 1508 2328 1415 644 875 730 435 399 1485 1872 2134 1882 1573 1040
000266.jpg,1371 2152 2502 2263 1525 1113 214 106 1661 2623 2572 1280 1032 96 1927 1632 2141 1605 2567 894 189 2554 2841 2153 419 2348 2060 1602 327 1865 2678 1171 84 1139 941 1866 2751 851 2109 1214 481 22 1659 629 1738 1084 621 2401 1953 940 2522 420 1397 1251 2768 609 1364 1064 2056 1004 150 1144 510 2521 1488 1960 1288 2203 45 1749 474 2831 171 924 1283 815 1727 957 2705 2112 1343 38 2030 183 198 2737 1434 1203 2179 744 949 2303 1979 1108 1685 149 2313 2726 1726 1263
000267.jpg,1114 931 1767 848 1830 702 2624 126 1845 578 2471 2601 1908 2276 768 103 1323 990 688 1235 297 502 1186 1608 1391 1413 284 835 65 522 2314 250 1107 2388 1821 1720 1512 145 903 1340 2728 1905 2663 601 1195 2653 1594 684 2667 2533 1055 1254 1689 2 2057 725 404 1869 62 378 2583 321 2673 29 1406 2000 2207 1590 1418 286 2224 1075 2324 2172 24 371 1149 1686 18 2143 2320 67 2240 962 87 249 2345 1192 1053 634 1256 2671 1825 1410 2423 1928 1798 2033 1801 2116
000268.jpg,2070 1506 1141 383 2470 455 1356 2232 1262 1140 2669 1505 216 245 192 1598 525 2025 1435 679 625 139 654 1248 2311 209 408 2396 113 858 49 2565 838 1282 1787 1780 61 207 225 356 2017 296 1127 252 2280 27 1124 2173 1274 1781 2794 2137 2053 418 653 1715 2164 239 618 1875 1967 1024 1568 2531 290 1481 1635 314 1037 1500 52 390 495 1941 2693 2765 2091 449 1021 822 1216 131 1011 2316 1662 1961 1924 33 1472 1475 1050 1555 200 806 2698 2690 1918 1843 2343 363
000269.jpg,1773 1513 1161 1847 1228 1795 617 499 1785 1535 1561 2242 1346 2493 832 407 2441 540 1093 2827 2542 310 2066 1631 1176 983 1300 1693 1856 1213 1593 695 1091 2190 132 898 2238 2700 95 1743 2113 777 2129 1178 1672 291 853 1343 949 2202 1996 766 940 1353 1836 2437 1914 2111 1087 803 2016 2149 2785 182 2784 789 596 1990 2521 2745 483 2737 1749 1166 1004 2112 63 576 783 510 634 2656 1019 2430 1434 341 304 479 2522 2523 2178 824 2203 1298 149 272 1476 954 979 1727
000270.jpg,2747 1145 99 2098 1023 1047 612 2636 141 2469 2055 1160 731 694 1201 2009 2655 2126 595 208 1784 1717 172 174 72 401 1688 453 2587 2163 1241 399 823 2722 461 1415 1976 2775 164 2274 760 1872 1826 156 1510 1404 1089 1100 1436 2577 1808 477 437 1628 981 2218 73 1233 460 380 1071 1504 1155 620 2074 1085 732 1797 1599 1806 1638 1188 222 2362 755 836 816 2679 1790 181 177 2645 2643 320 1163 144 922 759 2816 1891 1835 1702 2171 2512 1933 1420 560 1206 1074 2691
000271.jpg,1749 834 2058 1277 2555 761 1727 2317 2437 1483 1672 376 16 1995 1469 1447 44 1044 2249 1990 1178 2700 832 1425 1836 1300 115 1304 2831 2571 576 2705 2401 2579 2182 2497 1364 1476 1251 789 1064 45 2216 2522 2202 333 1883 1401 483 2056 171 2784 2726 1106 39 2760 744 1013 251 95 2288 60 1288 1015 2335 2190 1559 1353 236 621 198 905 47 88 2096 824 1176 1336 75 2224 940 2578 2745 1904 2608 20 215 836 1361 1283 1593 36 1703 2547 1032 1363 183 1263 2217 2118
000272.jpg,1262 455 2232 1568 822 2693 113 1506 2137 799 27 1140 383 1317 1395 2470 1756 1612 1918 1050 805 1755 2465 2505 1293 1921 363 390 1024 2061 1662 758 314 464 216 936 1635 1967 1327 2212 1972 1297 2053 1932 408 2611 1505 1097 1924 1356 838 525 1216 1706 209 1124 2343 1715 31 1503 721 2715 389 1692 1647 1475 295 643 2017 478 580 2236 786 1299 2698 1141 1168 999 2280 726 1282 2716 159 2028 1472 2407 1435 2173 326 1780 1187 2059 532 1274 402 49 2806 2070 139 1048
000273.jpg,1993 197 1663 2439 2767 1045 712 1782 1054 2836 900 947 1437 1381 1617 1444 463 2241 1486 1307 1422 1658 1679 1328 2130 1552 1544 2050 260 1468 1710 169 2628 1649 1417 1369 1489 1870 26 2837 445 550 2649 563 645 2011 1029 2312 134 2133 2826 925 1623 559 735 1218 348 904 179 489 2454 440 1208 2424 1948 2840 1261 2419 1796 2707 480 2397 2832 860 1253 674 1840 1701 51 2515 1934 1860 1123 2084 2088 305 2076 59 2289 1644 312 2652 1416 2044 965 1624 2790 1926 319 2574
000274.jpg,70 1125 1753 2077 2777 2772 2478 2561 2510 1035 1839 431 1834 2818 951 1252 2015 2161 1842 18 1759 601 2757 2601 2471 2 1908 990 315 95 502 2663 1390 236 747 680 1357 2608 1703 1288 300 395 650 1557 1785 284 1336 2000 2493 737 2218 39 2216 1693 1013 2182 1683 2624 1726 103 1230 1180 2242 1806 691 277 2401 1105 297 2622 2504 2636 2441 2009 304 2678 1217 2507 2571 461 417 1830 2149 327 1561 755 2178 2238 2160 322 1389 762 903 191 328 702 2705 333 581 1323
000275.jpg,2218 222 1933 1504 1436 1305 1790 2512 850 897 2071 2362 836 2096 935 2645 2156 1098 1911 1321 1638 2750 2355 1709 2432 2691 2450 1736 755 1806 1200 2420 2342 2201 2394 1052 99 1006 1387 2446 2452 73 599 761 1749 2463 1750 905 1145 443 2555 2437 2700 2249 2317 586 1263 1267 2623 2410 1308 2514 1178 2058 2086 1203 1836 2642 2578 2245 946 2074 1628 1322 2522 459 272 1222 2318 1785 834 1727 1023 981 16 1447 2469 1621 1074 831 1957 2587 44 1090 45 2214 399 1469 2523 1277
000276.jpg,2636 172 1145 2009 174 1784 694 72 2722 2469 99 731 460 2775 1688 1160 1241 156 2577 164 595 2747 2126 208 1415 2098 141 453 1717 2655 2587 401 2274 1089 823 2055 612 1808 2163 1023 1047 1510 1404 1155 399 1100 1976 144 1628 461 477 760 73 1872 2074 437 1163 380 1599 1233 1201 981 1085 2679 816 177 1911 2829 1903 803 2122 2161 2691 1682 1298 1436 1605 1074 1004 1434 1401 745 1601 19 520 2218 2624 325 347 1504 2463 1638 2036 167 2388 232 1107 2723 379 2497
000277.jpg,723 1359 2585 539 303 1772 450 1121 247 1204 2485 1997 153 2582 206 343 1403 1751 862 2603 871 2018 2284 1633 719 764 2551 2146 1289 914 812 2008 1493 604 212 35 1351 2453 2487 1915 2718 2209 190 615 874 1157 1128 58 1347 2824 1577 2361 1534 1600 776 2165 1963 701 808 2012 1657 585 778 2792 930 1247 781 353 978 118 2729 276 526 1595 2334 1579 869 2652 1245 630 1981 2067 841 2734 271 549 2353 1472 864 196 2343 998 274 994 2574 1402 98 382 2312 1708
000278.jpg,2338 90 1618 2797 1994 2844 891 2223 1698 2473 2253 1409 1540 195 2340 267 2709 1095 46 1539 1238 892 1571 2226 741 2269 1338 299 2139 2833 352 2092 1814 2403 1291 2175 573 1009 17 223 969 2776 2576 846 2635 2371 2731 2484 2138 837 2100 642 1549 428 2834 2486 1615 2455 349 2412 2158 1622 2372 264 1982 913 1735 600 1589 667 2215 1815 2063 2189 1060 1619 2811 317 234 1572 2255 537 1159 912 1925 1421 1264 262 1652 1349 160 1242 2466 2339 403 41 2094 687 273 226
000279.jpg,1583 998 2792 1791 118 567 1579 9 1179 841 2711 945 2491 2682 919 1977 2252 382 2065 778 517 1470 1578 2328 1854 1769 1354 1651 808 2778 1970 952 2729 227 639 114 1657 1920 916 1063 2647 1531 1667 930 887 928 748 1770 982 2723 2042 2575 2225 1851 2379 763 719 1585 1963 2496 819 2361 2484 98 1982 1819 1625 299 216 1864 2256 764 1018 769 312 1048 264 1204 2582 331 2082 2018 2424 197 1934 1656 2139 1413 2270 1275 1655 1831 1435 2284 268 782 363 2462 2008 1338
000280.jpg,430 726 331 999 478 2236 655 1475 1635 390 1967 1050 1715 314 2053 1124 1472 1140 2059 2693 484 1303 2407 2406 1648 1037 1662 2429 534 1187 471 2301 1438 1918 27 1275 2465 2505 1929 806 1503 936 363 1273 2687 53 2698 799 402 1730 2806 2244 1127 2470 1274 2061 1465 1921 780 786 758 295 1216 643 1008 389 290 418 1972 268 1378 2402 1647 1395 1692 391 1780 721 1756 1568 1317 653 805 2765 2690 108 782 1481 464 2611 1706 1118 1755 2467 1024 1831 1018 2062 1022 1278
000281.jpg,629 2677 1865 2161 941 909 1949 882 2494 37 281 2573 1006 327 1082 84 1144 924 1502 1916 2346 1308 1559 2222 2249 443 1371 586 1106 475 1288 1738 370 2216 1754 1363 1703 76 2726 2421 44 115 1995 1400 1184 1180 275 2179 1740 39 1723 1199 761 1922 2109 745 1108 894 1687 1641 325 1661 1525 2153 1113 1357 36 1283 2058 2162 2404 609 2620 1250 117 2288 1659 2554 953 744 1073 1336 2688 322 614 1198 1570 1412 1041 16 1727 1766 277 1038 1232 474 2224 2245 2387 2572
000282.jpg,2545 2034 1796 100 1569 48 715 2713 2721 64 155 305 439 1640 562 51 2433 1453 201 2309 1490 2650 1860 1901 2376 1584 563 1656 2023 1934 2817 2826 2501 1407 817 188 2790 2528 2044 1148 1926 1624 2045 1102 1644 260 1319 85 2289 943 231 987 168 2411 312 2832 1316 204 925 2755 2300 1878 2088 221 2649 2842 26 348 480 611 1870 899 2082 2556 1369 59 659 1545 2135 1606 712 1948 1658 1417 2213 2454 1056 550 1045 1405 626 4 1737 2270 2455 1123 2741 1051 2714 857
000283.jpg,1179 2491 2792 1579 1583 1977 2328 841 2682 945 1578 1791 9 998 118 567 2252 1651 1470 639 2065 919 1063 1769 808 382 1667 227 517 1531 1920 982 887 916 1354 748 2711 2723 2778 778 1585 952 2225 2647 2042 114 819 1770 763 1854 930 2729 2575 928 2081 1657 271 1851 643 1438 1918 1625 471 1216 1970 1503 2611 2530 996 2632 2606 936 869 1662 978 2059 782 1472 2505 2465 1435 1048 1612 1692 2285 999 2693 1018 1248 430 27 753 1046 1942 33 108 2429 726 344 1127
000284.jpg,1805 775 2586 1611 794 1626 2621 960 2368 2780 2447 279 2701 357 1169 818 2329 693 2651 2637 2347 1259 2297 2805 2019 2630 1832 1372 2804 2240 2345 2254 2211 2192 1734 2233 10 876 321 2020 457 830 1450 2605 863 1732 393 2275 339 371 1646 1959 1244 1678 1120 102 603 145 1809 1192 1073 86 2518 1147 2136 2748 2802 2653 1014 1620 462 469 1517 359 1382 1905 2684 575 2106 2754 2159 2733 1028 378 2525 1016 2080 2360 2166 2752 379 1594 2563 1690 2234 1869 1507 1195 1467 1691
000285.jpg,1107 1340 1310 903 65 1608 1720 1821 1512 250 1254 2388 684 768 1975 835 284 990 502 1908 1830 702 297 2471 2601 103 1323 931 848 1114 2624 578 126 2276 1845 1767 1235 2401 1186 2566 2571 2612 834 1277 688 1749 2726 1064 2522 2056 1013 45 2058 886 75 1413 1336 2831 1004 1364 1834 1907 1727 376 1434 2162 1251 417 2216 596 1057 940 2497 2384 2555 2705 2451 149 597 1686 95 576 2112 1298 1712 2579 1744 1035 1418 333 2314 2700 362 1288 461 20 1801 824 289 1300
000286.jpg,1146 2389 59 1202 1545 4 626 1737 2082 1799 1752 2367 2477 1386 2270 188 826 518 556 950 987 283 312 266 547 1405 2832 635 85 2501 1934 611 1102 1319 1656 2069 2528 613 943 2044 2411 2556 2300 2790 2631 1926 1624 221 1644 1407 817 2817 1316 2312 904 274 271 1468 2789 526 2397 864 1942 2119 68 2440 480 2534 2370 1721 2597 996 608 2419 2530 1408 994 633 705 1461 1491 1692 2144 1339 2774 2689 345 120 771 1157 1873 348 1864 1302 1172 2208 507 260 2181 2551
000287.jpg,2437 2317 1672 16 44 1483 376 1469 1447 1990 761 2700 1995 2249 1178 1749 832 1836 47 834 2058 1727 2555 1277 1044 1838 1535 2180 1713 1224 2129 1425 1714 1116 115 2523 683 2202 34 2745 1476 576 1593 1914 2422 95 2190 1346 88 1176 824 1103 983 940 596 2547 1304 291 132 1004 1795 676 2785 198 2112 2441 695 2497 1999 1228 1847 1693 2831 1161 2827 1300 1856 2522 1064 2571 75 845 60 1434 310 2737 1343 1513 1785 1712 2182 2695 1523 182 45 2216 1760 617 905 1773
000288.jpg,540 2242 1093 1561 407 617 1346 2441 1535 1091 2827 1856 310 2111 1914 2785 291 1631 1996 2238 777 949 898 1087 766 1343 1898 2542 853 1683 983 783 1558 940 2112 832 1593 2737 1207 2072 2202 2190 1298 1166 1689 1693 1928 95 1004 2745 1197 714 634 1434 24 1103 182 1176 1590 1019 2656 2143 695 1597 895 328 149 2114 2430 2493 596 803 2409 581 88 465 132 1334 1760 954 2615 93 2149 1448 1999 558 2413 576 426 2116 2016 1476 2129 2759 1685 230 1743 2521 510 1836
000289.jpg,204 2741 2135 1212 899 1606 2842 137 116 1935 1463 1944 2558 97 2041 2766 1547 2068 1134 2305 1055 246 1067 2728 2511 725 2825 165 447 1056 79 350 2207 2435 2294 722 2248 2813 494 686 1223 1874 2057 1940 2665 2382 1677 2039 1464 1986 746 1656 682 1771 2625 657 677 1934 1937 1825 1545 2289 188 1319 692 2037 1899 1892 231 2736 2438 1725 90 2455 647 2082 1926 1737 67 1130 2004 2291 2367 2501 2499 305 59 1076 790 348 2528 817 2044 1870 1639 626 135 2389 574 2580
000290.jpg,2526 2220 1931 939 1433 2704 2445 482 2089 2427 255 217 1330 2183 1439 637 521 2657 2617 2712 2308 619 2051 1088 574 2683 2639 2057 2291 647 494 1874 1223 1771 598 146 1677 531 1892 2499 2435 2037 1629 1899 1725 1592 1998 368 1524 2569 677 1052 2440 444 2625 608 271 682 1942 12 2438 1937 2813 1408 2393 274 1639 1555 790 2719 508 526 994 1365 657 491 1473 864 1185 2286 1868 140 1777 1055 785 655 1775 2382 948 2809 974 430 457 329 357 1464 1056 944 2250 2806
000291.jpg,204 2741 899 2135 1212 2558 1606 2842 1944 2766 137 2728 116 725 1055 165 1463 1935 2825 447 2207 2294 2068 1056 97 1134 1547 1986 2041 1130 1825 1940 246 1067 2511 2305 2736 2506 79 2057 692 2435 722 1126 1223 1841 362 1874 494 2665 790 2292 647 2258 686 2649 1962 135 2719 350 305 2319 1870 2828 1901 712 1369 2004 2291 558 442 2090 2248 1930 1899 480 260 892 1656 2413 1358 657 2580 2683 201 473 672 2143 1515 2813 1453 2295 509 1796 1934 2039 348 659 48 1326
000292.jpg,1638 2071 1098 2645 1321 1806 755 1736 2450 2342 2750 2201 2432 1709 2096 2156 935 836 1790 1933 897 1436 850 2512 2362 222 1504 1305 1052 2691 2218 1387 2823 1761 1153 1227 2261 2194 2355 476 2313 669 396 1911 2627 2387 829 1456 1858 2257 122 752 660 1188 2420 661 2437 1906 360 1560 1015 1284 2259 1554 750 2318 1610 229 1673 894 1556 565 1286 2554 2153 685 1370 506 1844 419 1331 1363 281 1990 1632 481 2446 813 1260 959 1006 1865 8 1032 2335 820 1401 1995 592 2782
000293.jpg,213 2408 707 1849 2354 2615 520 1945 1269 2566 232 1722 1867 424 1529 558 1448 119 2295 1733 80 2390 1383 2413 19 1296 2744 1265 135 1478 757 1728 1533 1984 184 2638 1231 967 1132 2756 1588 754 2533 2021 29 2224 761 2472 2320 1312 568 1804 2172 286 1149 2673 2143 536 24 2024 1597 1719 2464 634 2078 1689 426 2430 218 121 91 2090 1889 609 1766 988 1661 569 2227 2112 332 844 1038 2725 2404 1061 2115 509 2384 2117 498 2014 1890 1886 783 1033 289 1749 510 2521
000294.jpg,2689 2370 2534 705 2365 81 2119 2716 2527 504 587 2181 2500 2250 238 523 1563 2552 175 28 505 2681 849 1827 313 2283 2557 2144 152 2819 1746 1704 633 503 458 972 1741 734 2479 1680 2322 2191 120 2193 1111 1010 92 1532 2177 711 1708 68 271 354 847 1117 1543 772 2440 1917 864 2764 1896 1314 994 553 608 526 1408 508 2592 1955 274 1852 507 602 1278 1942 1873 671 968 2789 2597 2082 1339 2052 1332 2774 1386 1335 740 2499 2237 1677 2766 771 1737 2059 2842 696
000295.jpg,2624 2471 1845 2601 126 848 702 1830 1908 578 2276 103 1323 1235 931 688 297 1114 990 1767 502 284 1186 1413 1391 1608 2314 835 768 1107 250 1340 1720 1821 684 1310 1512 903 65 1254 2388 1975 522 2815 1965 2272 2000 601 2667 1496 1801 1916 70 962 1559 2113 2178 581 304 1759 1839 2346 1748 2352 1557 1832 2561 737 1232 1125 2510 319 1106 2777 1459 818 767 1230 1458 2077 1636 2478 395 371 1586 475 529 2036 1798 2386 1316 2757 2475 364 1192 1609 572 1881 650 1195
000296.jpg,1879 394 1017 2093 1290 2049 2282 2064 921 2596 631 1518 1906 1604 2140 530 1301 2796 1567 451 607 1058 2392 984 1237 1981 446 1002 2543 472 2357 1978 1803 1607 1341 1078 1449 160 1530 154 400 1119 342 1613 1828 687 827 1909 2094 2738 2072 1841 2661 1059 127 1074 2758 1069 2085 2835 362 1087 340 1621 1535 2266 1355 1558 551 337 2111 1984 1057 738 942 676 409 166 617 2635 2224 1420 846 1145 573 1322 1342 2776 642 2414 1421 609 2609 979 1865 691 2257 1619 119 2399
000297.jpg,197 1993 2439 1417 1710 1489 2375 463 1701 1045 860 900 433 712 2289 1437 1658 2241 2628 1486 2419 480 550 559 179 2397 2649 348 1544 2836 1422 1870 1253 1782 489 2082 1663 1381 2050 1386 2840 2084 2826 312 2130 260 2270 925 970 1840 1468 1369 1788 188 2832 2769 2424 2574 1307 735 26 1934 134 904 2454 2515 1054 524 563 1146 1656 1617 1552 556 1926 1172 1428 1102 1624 1319 1737 659 1545 769 547 987 445 2724 2652 1983 2312 626 2790 59 2528 826 611 1627 2133 1029
000298.jpg,536 340 2090 569 121 1132 193 988 1588 332 979 2786 2227 36 1268 2668 176 1065 1431 2384 1562 2108 1393 597 886 1418 1033 571 1449 733 2217 1890 2117 1686 417 1699 289 1888 866 2451 142 1793 21 1256 1492 554 2743 500 555 62 2029 1398 2415 2078 802 1553 427 361 1910 429 199 2568 1430 2267 1886 1764 681 1329 2335 901 2083 432 893 1337 400 2333 1053 213 2828 2638 1499 672 302 680 388 2570 1945 868 2380 1061 1236 2566 292 1889 163 2839 2464 827 2661 1668
000299.jpg,2790 1656 1102 2817 1926 85 817 1934 2501 2044 312 1624 943 2832 2528 2411 987 1644 221 1407 188 2300 1405 635 1319 556 611 1386 2082 2270 1146 2389 547 1752 1737 59 4 2631 1545 626 2034 2367 2397 2545 480 1796 197 1202 2375 2289 518 2574 2689 2774 1870 705 433 348 1895 826 2724 550 950 769 1461 2842 2597 1339 2069 925 274 1029 1417 864 2826 2649 283 2084 1316 2534 2770 2670 559 2440 526 2312 1627 1408 2419 2556 489 1428 670 260 994 271 2625 1677 463 2250
000300.jpg,197 1417 1993 2439 1710 1489 1701 463 860 1658 712 1045 2375 1870 2649 26 1782 925 348 2289 550 2836 2628 1381 900 433 1369 2241 1437 480 1624 1656 2397 1663 1407 489 2084 2424 1934 1644 2528 179 2790 1544 2419 559 1486 2817 817 2832 2767 1545 2050 1422 260 1218 1926 1102 2454 2826 59 312 188 1054 970 2130 2574 1029 1468 943 2044 1253 1307 2840 1328 2515 1552 2501 524 1319 1737 947 563 2082 445 1617 904 1983 2411 1190 1840 1788 659 2312 626 1146 2769 735 221 987
000301.jpg,2049 530 1290 1604 2282 1301 1518 446 1017 631 1237 451 2140 1567 1981 2064 2796 1058 2093 2596 921 984 607 394 1613 1879 2257 2392 813 908 1909 1370 1906 1554 1673 710 542 662 660 2782 1396 2357 2696 54 1384 1739 1000 1853 1893 1331 1742 2259 337 1695 827 360 1614 400 506 565 2661 243 2664 2543 355 50 1002 1286 1978 1935 1105 1681 487 1142 345 1736 2041 2519 1844 2432 1463 1638 2573 2243 1606 2450 1709 966 2201 1837 2839 2369 1466 97 904 1329 358 1705 1904 1321
000302.jpg,393 1646 863 2136 339 1244 1450 830 1120 1147 603 1678 2275 1732 1620 2080 2518 575 1073 1507 1016 2550 1691 1482 2754 1104 2383 1669 2019 584 1805 2395 2630 2641 845 1177 2297 2414 373 107 775 1523 794 1811 2347 1611 357 2604 1832 457 1372 2586 1626 2211 1674 1734 2695 2192 960 2254 2368 2345 2621 2230 2176 279 1462 398 55 2701 2780 728 1536 2605 2329 2233 441 572 1666 1797 462 110 551 102 2013 2065 2247 1458 1014 1791 1192 2591 1762 1152 2349 1194 636 379 545 2805
000303.jpg,1948 1096 1416 1362 1897 497 1586 992 2046 2352 1569 2721 1218 1051 2272 2556 2034 1796 100 1316 1860 2815 305 715 1658 562 1381 1261 155 64 51 2241 48 712 925 1369 2713 1782 2826 2545 260 26 1993 439 2650 2628 201 1640 259 2213 1496 1237 1045 1604 2454 1584 1926 1123 1552 231 2767 1407 2755 2790 1901 194 2312 659 451 348 2836 817 2817 2649 168 987 1636 1878 1617 1934 2045 563 550 1468 1301 1307 2397 611 1518 2825 463 2088 2082 2832 1630 1319 1644 1870 2714 1710
000304.jpg,122 1610 1284 23 2118 1080 1456 1858 2128 980 1015 2313 1537 1884 1570 117 973 690 1560 468 1285 807 37 2222 298 1659 1987 229 2303 815 2706 448 2030 1205 334 2494 2677 1221 582 2791 411 1637 481 1084 1979 1556 2203 1603 1198 1188 546 1260 2132 2194 1844 163 425 1960 594 750 1006 2633 1061 2161 2425 2124 327 1184 745 2014 1750 325 265 1502 1660 285 941 744 459 1761 388 2366 275 1425 796 1671 2351 2437 1766 1687 2387 1474 669 498 396 244 683 2521 1990 1286
000305.jpg,2823 1270 1258 665 1112 752 2481 1194 1939 1446 1630 2339 1294 2246 2616 1879 810 1215 2185 1621 638 540 422 1669 1445 2584 1104 2619 1411 71 511 1360 499 2508 897 2260 1200 787 2604 2023 30 416 2414 1487 577 2550 474 55 1177 1977 883 1651 728 2536 2432 956 42 558 1694 2446 107 2517 907 1066 1144 2298 2645 308 2529 1077 1654 1136 1729 2045 2493 2253 2019 617 2373 2086 2807 2545 1129 1006 1420 1338 984 1495 560 394 1846 2793 217 1538 409 195 1785 2749 908 2134
000306.jpg,2317 16 2437 44 1672 1483 376 1447 1469 761 2249 1995 1990 2700 1749 1178 832 1836 1044 1727 47 2555 834 2058 1838 1277 2180 1713 2202 1224 1425 2745 1116 1714 683 1535 2129 1476 1914 2523 88 115 2190 1103 34 576 2422 940 198 1176 60 1867 1304 824 1346 2547 1004 2441 2497 1856 983 132 676 2785 1999 75 95 1523 1722 905 2245 2831 2522 603 2695 1251 596 1364 45 2275 1073 1760 2112 1790 1064 695 1620 2827 830 2737 946 2056 1712 1678 1849 1732 1263 1343 2111 949
000307.jpg,1753 1125 2772 2777 2077 2478 70 2561 2510 1035 1834 2015 1252 2818 951 431 1839 2161 18 1842 2663 2 601 315 1759 1235 688 2757 191 1165 103 126 767 1557 1390 1323 1845 2172 2314 2302 2622 286 702 1830 29 1728 297 2471 73 2601 2533 1431 848 2656 1562 1186 165 2739 1542 1905 802 823 1451 424 901 1980 578 327 395 380 461 417 1693 2217 1391 2016 2624 555 1976 437 1559 386 2124 1233 1510 2149 2000 2672 277 1686 498 2295 142 426 2315 2320 289 747 2074 2786
000308.jpg,197 1993 2439 1417 1489 463 550 1710 2649 925 712 179 480 1045 1870 26 1369 1658 348 2289 2375 1437 2628 1663 1422 900 2241 2130 433 860 260 1701 2050 489 2454 1782 2826 2397 559 524 1407 1381 1486 2574 518 1102 1544 2767 663 970 2419 2836 1190 2084 2790 2832 1307 2424 2714 2515 1054 1656 1840 1253 2769 1624 735 659 1552 1983 563 1468 1934 2088 440 2652 1218 312 2840 1428 1328 1202 1926 2148 1146 2312 943 2556 1545 59 2307 904 977 1617 169 2082 445 2538 2044 2528
000309.jpg,71 638 787 810 30 2271 1445 1514 958 2529 697 718 143 386 2517 1440 1270 2619 2246 1630 665 1694 2481 1129 1360 1112 2616 1684 1939 1446 2185 1294 2298 1258 1411 2584 2339 1215 511 969 1059 273 147 2444 1242 2524 20 1509 2104 879 342 2460 1355 1982 1619 557 299 262 2001 1167 1629 2741 167 1807 2363 352 203 1803 795 1295 1324 1677 551 46 405 2037 1540 817 1607 116 2189 2466 1815 1771 2256 2595 2776 2135 2835 2340 2455 1925 1744 2817 667 1624 472 888 2372 2833
000310.jpg,2649 1870 925 1369 348 480 26 2454 2769 2714 179 550 663 2538 1422 712 2375 689 1417 1489 2581 260 570 1710 421 1758 2130 2123 1468 1193 1453 2004 1930 1792 1901 1701 860 2125 2088 1665 463 518 756 2826 2039 280 1551 1580 2419 201 2050 2397 659 2184 445 524 1190 2312 1045 704 168 559 2116 1437 1617 57 2574 904 1552 2206 563 2418 1983 2309 1861 2235 2241 1146 197 2456 2652 1486 1788 2838 2424 2694 2358 2356 2724 2076 900 135 74 1358 91 2344 133 1102 548 2327
000311.jpg,1735 667 1925 1619 1982 2731 1863 428 299 2371 879 264 2139 1589 2455 403 537 226 837 1159 2484 2269 2833 2092 1122 1009 2844 2797 1815 1814 2776 2460 90 1549 352 2576 867 687 741 2063 641 2138 2094 2412 2403 891 160 1338 1530 1078 127 557 1421 573 17 2385 1539 991 2835 1607 1341 2255 888 2473 846 2811 262 2771 267 2266 1295 1238 2189 642 2758 2175 1069 1373 1828 1807 2607 2614 2738 1480 577 1291 2431 317 1660 405 1816 814 600 2338 2633 2100 472 2820 2339 1698
000312.jpg,2317 2437 16 1672 44 1483 376 761 1447 1469 2700 2249 832 1990 1995 1178 1749 1836 2202 2745 1476 1914 88 47 1838 2190 1224 1727 1713 576 1044 1856 1714 683 2785 2555 834 2180 983 824 1176 2547 2058 1116 132 2441 2523 95 1425 2111 34 1277 695 1535 2422 2129 596 2827 310 777 1103 115 1693 1996 940 1304 2149 198 60 2656 1999 1346 1004 676 2497 75 1760 1867 1712 1073 1743 2112 617 1523 1620 1343 2275 603 1732 949 783 1722 2737 2695 1091 1434 905 2831 830 1678
000313.jpg,2825 2766 447 2558 2728 1944 725 2719 1055 204 165 2736 899 2207 2741 137 1212 692 2294 2292 1825 2135 686 2057 1606 2842 2580 2319 1126 1223 146 1056 494 1874 574 116 2509 2506 804 1452 1810 2683 2813 1940 329 1463 2286 1185 677 647 2291 1130 2526 2569 2436 790 1986 1134 2248 1592 1067 246 2598 1076 1777 1639 1464 2220 140 1931 2382 1899 2435 442 97 1841 2704 2665 2708 67 682 1962 1868 657 491 722 2068 2041 79 2639 1935 2583 2089 1433 2438 362 1840 948 939 1547
000314.jpg,2210 640 2520 13 2671 1272 828 1337 2578 2421 1910 377 1754 1041 1949 1038 2083 323 2032 370 56 2047 1189 1668 955 2602 2828 672 680 244 1374 865 2335 698 1049 933 1329 932 1616 2115 2570 1764 2384 1605 1521 940 979 1203 2451 1749 2227 1425 1336 609 2401 1013 1686 340 2476 762 834 2117 2786 2217 644 1004 2839 886 2522 839 2058 1890 21 417 1562 2502 2831 597 1364 2224 2038 571 142 2705 2571 198 2112 1106 1033 1727 84 510 1277 2079 1132 905 36 536 2202 2566
000315.jpg,1561 540 2242 1346 617 1535 310 2441 407 2827 1093 898 1856 291 1091 1631 1593 1693 2542 2656 1087 2072 832 1207 1914 1558 1343 2111 983 1019 2238 24 634 2493 2143 853 1689 1836 2149 2785 2016 1197 1590 766 2112 1996 1298 1434 714 182 777 940 1928 1166 2190 895 2129 803 695 63 949 2737 954 93 2430 1334 1176 426 1597 1004 2409 2202 1685 979 2745 95 149 1300 1743 2615 499 29 2533 1333 1785 1448 1257 465 1149 2700 132 2521 1714 1683 510 2673 733 1161 2227 1760
000316.jpg,106 150 2152 96 2263 2502 1927 2554 1632 1371 894 419 2153 1525 2623 1605 2678 2567 1032 1661 189 1280 214 1251 2572 620 2060 2522 2401 940 1083 732 2831 1364 1171 45 1004 2056 1726 1064 2751 2705 1749 1856 1727 621 181 2348 2737 1214 474 2441 1343 2141 1203 2555 2562 198 1222 1865 949 2760 644 2048 1957 2112 762 2203 2841 1914 1797 1602 1113 272 327 2202 560 133 2827 1702 384 1263 1434 84 1144 2182 831 1738 95 2111 2720 171 2442 2214 2612 834 905 2608 1288 2571
000317.jpg,1870 2649 925 1369 26 348 480 2454 2769 2714 179 550 663 2538 1422 712 2375 1417 1489 1710 860 1701 2130 197 1045 260 463 2050 1788 1102 445 2241 2826 1190 1930 2397 2574 2424 433 1146 2790 421 1468 1617 2289 1658 559 518 1901 1437 135 440 689 489 1552 2419 2581 1656 188 735 1934 1453 2088 563 1926 1486 1840 1792 2840 2312 524 2439 2004 2544 2309 2724 1895 2084 900 1358 283 1328 1381 2011 1319 1782 943 2123 611 904 570 201 769 1253 1983 2832 1193 704 2676 659
000318.jpg,2558 204 2842 1944 2766 2825 899 2728 1606 447 1055 2741 2135 1212 725 137 2207 165 2068 2294 1547 116 1056 1067 1463 1935 1134 2511 1825 2736 246 692 2041 2719 79 2305 97 722 948 804 2292 2665 2057 686 1464 1076 2813 2435 2248 2580 1592 2286 2319 1639 2393 1940 329 790 2382 1937 146 682 2569 2438 494 1899 1725 1223 1130 1874 647 1841 2082 1126 2683 491 1777 1986 2708 238 2044 2534 2639 2501 81 2716 345 1185 1934 677 90 2598 2138 2617 1452 1962 996 2530 1910 444
000319.jpg,338 1466 730 1707 2843 742 257 336 1969 1516 1511 2516 1007 1894 1871 937 392 1731 1526 1442 709 2341 1325 1455 2102 1800 1779 410 1068 1138 186 1670 1645 191 2145 2302 2377 1385 1165 253 538 248 1992 406 535 2763 1131 112 2746 1498 1005 1527 811 519 2609 1079 1243 648 773 843 365 1557 1732 678 288 1390 1073 2788 2492 2613 1419 2549 870 1869 1094 1678 1379 544 2730 2622 821 2290 2251 2219 2830 435 1573 1936 2299 301 1783 1424 2364 2519 605 1454 67 2394 1133 2151
000320.jpg,1272 40 851 1910 680 1960 2421 592 1232 1949 640 2162 13 2726 2210 1744 1754 1038 2671 2520 2578 37 1430 629 1041 2267 2571 20 1221 1236 1616 1364 828 2469 2217 1553 1283 2677 2182 2497 370 323 922 1251 2760 2058 2401 285 609 1256 1768 2705 244 270 2761 167 1108 171 1738 744 2380 621 198 940 2203 713 1699 1064 1336 2831 214 2056 783 500 2522 479 2222 1865 75 2048 2216 106 6 2032 2115 1203 2555 1605 36 594 1401 39 281 2404 1502 1727 2502 459 2179 45
000321.jpg,5 2457 844 1515 509 2725 1889 2464 609 1766 957 2404 2448 1696 744 244 2115 1426 2128 1616 466 1326 375 473 2366 2124 498 1061 425 388 1038 815 163 306 2014 2351 1637 510 2521 1987 2508 1754 2421 2751 1602 214 1556 2141 690 1537 1397 420 1738 2179 1171 1488 1605 2566 520 1477 2109 2348 1945 1214 119 2227 1891 19 2476 232 594 1139 1269 1722 1797 2056 2210 979 424 707 1849 148 1296 644 22 1383 1080 2203 1529 2384 2612 2786 1953 2354 1033 2522 1866 1867 1723 2048
000322.jpg,2552 238 2500 1563 28 523 505 175 313 2181 2283 2716 587 1827 152 849 734 2819 1896 2119 458 1741 2250 1532 847 2674 705 2479 2527 2365 1339 2689 2534 972 2370 354 2099 504 2681 1708 81 2191 1376 2557 92 330 1746 671 696 1852 1704 503 2814 2028 2144 2322 633 2742 711 532 1335 1680 1473 1543 1278 772 1956 2177 2193 120 271 2440 68 1182 2597 1101 994 864 526 608 1942 1408 2610 2592 999 699 274 1386 1117 726 162 1046 508 1314 367 2052 74 2199 2799 108
000323.jpg,106 150 2263 2152 2502 96 2678 1632 2554 894 1927 2623 2141 1525 419 2153 2562 1371 2720 1083 940 620 2572 1726 2401 1856 1365 1661 732 1605 621 2522 45 1004 762 1251 2567 2841 1171 1280 2386 2048 181 2442 2116 2111 2807 1318 2737 644 2441 949 2056 1113 2112 1336 407 189 1032 636 1364 2831 214 689 2060 2612 1434 2160 387 1343 1749 1536 1013 133 482 1103 2827 2591 1064 335 2571 171 2705 333 1727 474 1702 22 2761 1768 1999 2188 1144 1797 1184 1214 2608 2751 2203 1139
000324.jpg,540 1561 2242 898 617 1093 407 853 1087 1558 2493 1207 2072 465 1197 714 1300 1928 1166 1346 1590 1535 895 2409 2324 93 1631 1898 803 614 2542 1785 1091 291 1593 1683 634 499 2441 1689 1856 2114 2430 24 2066 2143 1334 1213 2827 783 1137 1996 310 2111 2785 1914 2238 676 2024 777 1228 2113 1115 581 766 1597 1389 483 251 1883 426 2759 230 2546 2000 949 1257 304 1019 1298 940 1353 328 1474 63 1538 374 1106 834 832 2178 739 1343 751 1144 745 2784 325 182 1427
000325.jpg,2185 1129 1684 2584 1694 2298 1411 1630 1360 1112 2616 1446 2246 665 1258 2481 1294 1270 787 1939 958 1993 638 795 30 1445 2271 307 1440 2727 810 143 2372 2619 1520 2631 71 2517 2399 386 2529 1514 1 2213 718 511 2189 1096 741 2363 1215 2486 51 1796 2721 2468 1622 1407 1572 1291 154 562 715 987 635 2709 1416 1629 267 2158 2650 2044 892 85 577 439 147 1569 2300 573 221 2411 600 195 1238 2100 155 1926 685 1278 1710 64 2513 1524 122 48 2595 1540 1640 46
000326.jpg,2045 2023 1584 2755 747 770 258 1320 597 2134 1364 940 76 2182 19 2760 2705 2522 2831 2056 2058 2202 1749 783 1064 1844 45 171 1251 834 2217 744 1562 2249 1065 2668 1286 1398 2571 2745 713 1750 2463 417 1476 2216 1288 2608 621 1176 2190 2827 1256 236 2401 1178 2421 1074 1628 1269 1980 1343 2077 905 1722 1004 1727 989 609 2566 949 2441 2245 983 2423 893 2555 520 88 2074 232 2737 2227 1342 2410 310 39 1703 1785 1834 506 2523 979 1561 1203 1206 95 2108 2786 1693
000327.jpg,726 999 2236 331 430 478 1475 655 314 2059 390 1635 1967 1050 1715 484 2053 1124 2407 2429 1140 1472 2693 1662 2301 1037 534 2406 1275 1929 1648 806 2687 1303 27 471 1438 1273 53 1730 1187 2698 1503 780 2806 2244 2470 1465 268 1918 363 2505 2465 295 1008 799 418 643 1274 1378 1127 290 786 1706 936 758 653 1831 2061 464 389 2765 391 1655 1921 1481 1026 1216 108 467 402 1024 1022 1912 2285 2402 1568 2062 1932 1011 1692 1647 1317 721 1755 2611 1756 1039 1395 2690
000328.jpg,79 2068 722 1067 2665 2511 1547 350 2305 2842 1134 246 116 2135 2741 686 899 1212 1076 204 2719 137 1606 2041 2286 1463 1464 2580 2766 2825 2813 804 1935 97 2248 1944 447 2598 2558 1962 2436 2382 692 329 1639 790 2294 2736 677 657 948 2319 1223 1452 1055 2292 1777 362 2728 2393 140 725 165 1937 1841 2506 1771 491 12 2057 682 2090 2435 1868 1185 2708 1126 217 2569 494 1677 1892 2625 2455 146 1998 1607 1910 1874 1337 2258 1330 1656 974 1009 1052 1035 2207 442 1341
000329.jpg,2809 12 1473 1876 1895 433 1721 2289 769 2375 2757 2622 315 1390 197 1980 2315 2685 2650 161 1759 1557 2702 2294 1439 1055 1511 1868 2499 299 2302 1165 191 531 1725 140 1969 950 1677 598 368 508 2598 608 2367 2068 1656 1771 1067 204 2300 359 2842 1926 269 1076 79 2790 817 1319 2051 2455 2250 1955 2435 2625 444 1942 526 943 70 18 2817 1892 1548 1102 994 804 677 1842 2037 722 2741 1408 1777 188 1870 626 1874 984 274 2556 686 2766 1964 2728 2286 864 2057 2235
000330.jpg,2713 2433 1453 1490 2376 2309 201 2272 1860 1901 1316 1496 1965 2556 2815 1636 1796 2352 305 1569 562 2034 2545 64 715 100 48 2721 563 155 194 1148 2826 260 1051 51 168 950 439 1640 784 2650 2088 1840 486 965 1752 2069 1986 231 2007 1878 1848 2628 1658 1428 663 1948 2337 1218 978 1381 2538 2506 2241 489 747 659 1416 2367 1775 2652 971 2836 1940 440 1437 1586 2708 1123 1782 1422 2438 682 2276 2207 319 1130 677 2183 1307 1627 518 878 1261 524 795 1223 1153 2397
000331.jpg,817 2790 2817 1926 1656 1624 1102 2528 1934 1644 943 2411 2501 2044 1407 85 312 2832 2300 221 987 188 1405 635 1319 611 556 2082 1796 2034 2270 2389 1386 1737 1146 59 2545 626 1545 2367 197 480 1752 4 925 348 2455 1202 547 2397 1870 550 26 950 1630 2375 1584 2556 1369 712 2185 463 2477 2649 2842 1799 2454 1360 2631 1895 1316 2689 1045 2826 904 1417 299 1710 2289 283 1658 433 2574 2774 345 2424 659 1411 2312 1468 1677 826 264 1330 899 665 260 1029 2724 2069
000332.jpg,2713 2433 1453 2309 2376 1901 1490 201 1860 1796 2545 2034 305 562 715 100 155 2721 48 563 2650 1640 1148 1569 51 64 439 168 231 2826 1878 260 1123 1874 204 2004 1307 2088 421 1437 2272 2382 1316 2581 1592 1930 2289 725 486 2393 2135 1464 2708 978 2649 677 1223 900 2455 784 1937 1212 659 1185 647 491 2569 440 1792 137 1940 2842 570 2813 682 2248 2553 1606 965 2258 1986 2424 899 2815 2683 1193 1056 264 2639 657 1054 689 1775 2050 1496 480 319 2836 2840 2558
000333.jpg,196 353 776 98 2474 1625 869 1963 233 1819 2361 1864 2067 2256 585 2353 2462 701 1643 910 2334 2081 1042 781 2103 276 1970 1402 282 1344 809 1246 2157 2101 825 2336 2027 66 2536 2264 1574 69 765 539 1583 2792 1985 2723 2582 998 118 952 639 1772 2201 1204 303 779 2076 1769 2434 1667 1578 841 871 778 2667 114 1354 2491 2363 2252 2711 1136 192 929 919 2575 1579 1518 2669 206 631 1486 450 2438 2729 490 134 2065 2186 1791 1949 2328 682 1404 517 1089 343 9
000334.jpg,1656 85 1102 2790 2501 1934 312 2832 2817 2044 943 1926 987 1624 817 188 2528 221 2411 1644 1407 2034 2300 1405 2545 1796 635 1319 556 259 1146 1870 2649 2082 2826 2439 480 611 201 2544 1386 2713 563 1752 1658 1202 1381 2270 2842 197 2084 348 260 663 2424 1901 550 2312 518 705 2289 1190 1422 659 1737 2309 1417 925 1782 4 489 463 1369 1148 1544 1878 712 59 2766 2574 445 2714 1840 1029 1253 2397 135 2241 26 231 2389 559 2538 864 2840 626 1316 305 1111 1545
000335.jpg,650 2666 2171 2816 2043 2810 1891 1723 2346 475 1916 807 759 1702 620 732 2643 1260 181 1865 1797 1188 6 285 820 546 411 1083 1221 1882 582 1697 1858 1605 1541 922 1603 468 420 2152 750 1397 372 2502 1703 1456 1288 510 2521 1222 148 2768 322 334 1957 272 831 2216 384 15 1420 560 1322 2214 1074 2182 479 2313 2463 2154 905 1206 1203 1015 2497 1412 2807 691 1342 1738 1284 2410 95 1785 713 1363 2056 1610 1835 2760 1750 2841 1364 2522 2179 1064 1654 236 2705 37
000336.jpg,2660 1495 2458 966 1384 1554 1370 2600 243 1705 942 813 1331 1396 1105 1742 355 1614 2257 2085 1673 2696 487 1681 908 337 2543 1906 360 660 2259 2782 54 1853 542 710 1676 1739 2369 1893 2664 1031 1000 1002 50 320 1695 791 1565 2803 1508 1287 1978 984 1119 2064 80 2420 921 1383 2390 607 1566 119 1419 1296 2282 301 1567 1529 2655 1243 1033 2227 392 2262 176 2384 1401 1836 2566 1962 519 289 1368 1239 19 1142 1263 1888 1717 1231 2668 765 979 2451 1621 1301 2743 1733
000337.jpg,629 941 2677 84 1987 1865 815 1880 481 2627 1949 1802 281 1283 270 1144 396 882 909 1108 1371 1768 2726 2761 609 1113 2048 1766 744 2404 851 2494 2720 2161 2502 1960 1661 2152 1198 117 2448 2162 1184 327 594 1525 23 38 2303 1738 1205 2109 1502 40 474 2222 2203 1744 183 2263 1659 894 1032 115 2554 1596 2179 1605 1927 940 1637 106 957 621 198 96 1064 2115 2572 1754 834 1263 2497 592 2521 2216 2421 167 45 2562 244 1080 2153 1632 2058 1641 2245 75 419 214
000338.jpg,1146 2389 59 1545 4 1202 626 1737 2082 1799 2367 1386 1752 2477 2270 826 188 556 518 283 547 950 266 987 1405 635 611 312 1319 85 2832 2501 613 1934 1102 2069 2528 943 2631 1656 2044 2411 2300 1407 2790 1926 221 2556 1624 817 1644 2817 274 864 526 2312 2789 2397 1692 1339 1316 271 633 994 705 2119 480 2597 1942 904 2534 2774 1468 608 1461 2440 2375 1491 2181 996 68 120 2370 391 2530 197 503 1408 1864 2419 1974 348 2499 1721 1157 1302 2681 2439 769 1873
000339.jpg,70 1125 1753 2478 2077 2777 2772 2561 2510 431 1839 1834 1035 2015 1252 2818 951 18 601 1842 2 2663 1759 2757 315 2622 1557 1390 2161 1165 191 2302 2624 1845 502 2471 395 522 658 990 2685 1788 2601 1980 1306 1951 589 1833 1908 848 1443 284 2667 1340 2837 1938 1230 2315 767 297 702 2482 1235 2702 2644 727 2686 1137 1559 485 126 1801 581 319 747 101 1895 2636 1623 572 2728 2722 1175 1451 1608 2045 1829 989 1811 714 1361 1130 364 962 2277 1025 529 2276 1683 2504
000340.jpg,1948 1096 1416 1362 1897 497 1586 992 2046 2352 1569 2721 1316 2272 1218 2815 1051 100 1860 1796 1381 305 1658 2556 2241 2650 2034 817 155 2817 64 48 712 1926 562 715 1496 439 925 1782 1319 1630 611 1934 1993 2790 1644 2312 1369 2826 259 319 231 1045 1261 2454 51 987 2825 2545 659 348 1552 26 2411 1237 1360 2628 451 1123 260 188 892 1518 1901 2528 2082 1684 2213 2638 1636 2836 1407 2767 201 1656 2713 46 2649 1810 2185 480 2501 2044 85 1301 445 1329 2455 1307
000341.jpg,1444 2707 2837 1679 1649 1623 2011 645 1328 169 947 1054 1663 2767 1617 735 1544 1782 2050 440 2836 445 2840 1381 1261 2130 1045 712 1029 1993 2439 1658 965 1840 2241 1253 1422 1218 51 1552 2628 319 2735 134 2287 1775 463 1445 1489 179 1307 30 1640 1437 1710 489 2312 1948 2352 2046 2649 900 1208 197 992 2084 1870 1369 2133 2424 1860 2088 2454 769 497 550 1417 26 2712 860 259 1416 1586 2544 1468 674 305 161 260 1486 194 2002 904 1190 562 2183 2150 2769 348 2397
000342.jpg,2649 1870 925 1369 348 26 480 2454 2769 2714 550 179 663 2538 1422 712 2375 1417 1710 1045 1489 2130 197 1658 860 1782 2241 2528 1701 1644 2439 1624 2411 1381 463 2050 2817 2044 1544 817 1934 1840 445 421 1319 489 524 2628 1253 1656 518 659 2501 260 689 59 1468 188 1737 440 2840 1545 1054 1926 2836 611 626 2312 2084 1437 1930 135 2004 2790 2011 735 1796 2638 904 1029 1407 570 1617 1552 2832 900 1193 970 1102 1146 2581 2574 559 2826 645 892 1360 1218 1486 1788
000343.jpg,1865 2677 629 1949 2161 941 882 909 1723 2346 820 475 1916 2810 1082 2494 443 1308 2043 1144 1400 1487 37 924 84 586 1006 953 1502 1471 750 1891 334 1541 115 2179 745 1738 1488 2768 1199 370 325 1754 281 327 1038 1397 594 1603 1041 2421 1703 761 1080 1474 1363 123 2620 2573 619 1189 1184 1570 1687 275 420 2153 1922 2535 148 1995 2224 2627 2568 2712 577 1763 894 1722 474 1288 1027 2109 1477 637 1602 1194 683 1714 1711 762 510 1591 1882 2216 2219 1616 1818 1558
000344.jpg,1862 557 2460 352 879 2363 2213 687 147 1619 577 2175 2595 2844 1863 1925 273 2139 299 1539 2672 1242 583 2517 2444 160 1982 1947 2184 127 2189 2738 2648 2710 1295 1421 133 1807 798 2524 1349 2234 1509 1081 1776 1549 1366 2360 2833 685 1660 1792 2159 2385 1196 1480 400 588 349 1345 2094 1060 751 2659 741 1520 307 1078 641 888 1609 1195 404 1025 1607 2104 797 1167 1440 1358 2356 827 1530 210 1497 1724 1034 2123 2004 1069 2607 2125 991 2758 57 570 2298 2661 262 1341
000345.jpg,204 2741 2135 1212 899 1606 2842 137 116 1935 1463 1944 2558 97 2041 2766 2068 1134 1547 246 2305 1067 1055 2728 725 2511 165 2294 79 2825 2207 350 447 722 1056 1986 2435 1223 1940 686 2813 2248 1825 1874 2057 677 1130 2665 494 2039 2736 2580 657 362 2382 305 1841 1464 692 2625 2506 746 1061 2258 1677 682 388 2291 2143 1771 1076 558 2004 647 1930 2289 2638 1088 2295 1193 627 135 48 1910 1962 1887 1937 574 2455 90 67 1892 2366 1889 709 1969 1607 1998 1656 1984
000346.jpg,1440 2363 143 386 2185 2529 718 2584 958 2460 2271 1694 557 1684 1445 2298 2517 1129 787 1411 2749 30 810 795 697 1514 2619 638 1215 879 1863 71 2524 273 1373 2104 641 1925 262 1294 2771 2616 888 1360 2139 1630 1982 2659 1242 2385 1446 1623 1807 299 2356 1270 2481 203 1619 2468 283 2590 842 1112 2127 2833 796 1522 2069 665 1629 2050 1549 1887 2206 154 1191 667 2011 1328 1877 514 2576 169 2391 1295 826 2198 1086 613 1617 991 741 2477 1193 2321 1059 266 98 2727
000347.jpg,2185 2584 1694 1411 1684 1129 2298 1440 1630 1446 1294 1360 2616 665 2481 1112 143 2363 787 1445 2271 2246 1939 2529 638 958 30 1258 1270 71 386 795 810 718 557 1514 2517 2460 2468 2631 879 2619 2749 2727 685 2367 1215 518 59 2050 299 2801 1982 2189 2389 1993 440 2444 2556 147 994 1045 1752 2833 2139 2130 950 1238 1291 1545 1619 697 1544 2213 1822 1551 1799 1925 134 790 267 864 1278 2439 2440 1692 2270 1520 1967 2595 169 2011 2766 1819 2285 85 643 2534 31 526
000348.jpg,197 1710 1701 1417 1489 860 900 1437 2084 1486 2424 2001 2397 1307 1788 489 2419 1253 1468 606 674 1993 712 2076 559 2375 2439 134 445 463 906 348 2724 675 1658 904 2769 1045 1428 433 2574 563 2241 2826 2544 978 1878 259 970 480 1981 2628 2753 2312 2515 1627 2652 977 1552 1123 2044 2011 1386 1218 547 260 2308 2270 1870 1208 1054 312 2840 2832 2501 1190 2712 2289 2082 1237 179 2676 524 1983 1624 1388 950 188 1663 1381 1369 2649 637 1029 1102 2367 925 1172 1782 74
000349.jpg,754 1231 2756 1728 2021 757 2320 2533 1149 1533 29 2673 286 2172 218 293 2224 739 364 119 2040 1296 967 1383 2381 545 1804 1719 1478 251 1361 80 529 135 707 426 737 2644 572 2638 328 1984 2787 2277 1900 436 2295 2464 766 395 2566 1394 962 1945 19 341 215 101 1451 2238 1883 989 2323 1597 1353 24 424 2366 1061 2024 536 1892 1230 2143 184 1448 2504 304 1559 1798 2413 1035 1801 2472 558 1818 2579 2759 2178 2561 498 1898 568 2725 163 2717 76 1427 388 91
000350.jpg,341 2381 215 364 1900 436 101 737 2040 251 374 803 2540 545 989 1427 1883 2759 328 1971 766 581 2579 2504 572 1389 2644 1353 1230 2114 1394 2546 1898 962 2238 1115 1257 529 395 2784 1798 2277 304 1683 1106 2178 789 1361 1559 1213 407 2066 2323 240 2113 1786 2242 1451 483 1334 1300 1801 2787 1093 714 76 1091 1951 1818 39 485 2000 1175 589 926 293 1306 898 1137 1558 2288 614 658 1180 1357 2054 2495 727 646 1231 754 564 1207 2756 1166 1087 1080 1928 1728 2072
000351.jpg,2363 2460 557 1440 143 2185 879 2749 2529 386 718 2584 1694 1129 2517 1684 2271 2298 958 1619 795 1411 787 1445 1373 1925 1982 2468 1480 810 796 273 1514 262 1366 299 2139 2050 638 2771 2356 685 30 1816 1887 888 1863 1242 1623 2524 790 1215 1520 2104 2833 2844 2727 1360 1375 1630 154 169 59 307 891 2011 1544 2039 1509 1551 147 1059 448 1877 2659 1238 2662 1679 71 2590 1294 645 1054 2481 665 2389 2535 1167 1737 352 2740 267 2795 41 1328 1284 1291 2837 2371 1180
000352.jpg,2045 1584 2023 2755 747 1926 770 817 2790 1319 188 1656 1102 2817 943 85 2300 1934 221 611 1796 1624 2501 258 2034 2545 1407 312 987 2832 463 2397 1405 2528 1644 2082 2044 197 26 659 4 1029 2411 556 1146 1386 2724 2574 925 550 1737 348 283 635 1369 1428 2454 480 1552 2270 547 2622 2069 489 977 2419 1870 559 712 1320 2826 1517 1417 1627 2670 2424 1437 2375 433 1307 1237 606 1701 1604 2769 74 904 2344 2652 1486 2307 2649 900 2367 1468 260 1557 1545 1046 2564
000353.jpg,2049 1290 1017 530 2282 631 2064 1518 2093 2596 1604 921 1301 446 451 2140 607 1237 2796 1567 1058 1981 1879 984 2392 394 1613 908 1909 2543 1853 1978 1000 2782 542 1695 54 2259 1906 1396 1739 1673 710 813 660 1370 1893 2257 662 2664 337 1002 1331 360 50 1554 487 942 345 1742 1063 2085 1614 2369 2357 355 2696 904 1384 1621 243 2530 996 1468 1491 2042 1119 2652 2458 2103 1681 1105 966 1579 1935 2609 1606 1531 748 1042 116 2045 1319 2682 2692 1624 1625 611 2041 1463
000354.jpg,197 1993 2767 900 2836 1437 1663 1782 2439 712 1489 1417 1486 1054 1045 1710 463 1381 1307 947 1328 1468 1701 1617 1658 559 2419 860 260 1444 1208 2241 1679 1552 2130 1870 1544 2312 1422 1649 2050 1369 169 26 2424 348 2076 2133 925 550 2826 2649 2837 1218 904 2628 445 2088 489 1261 1029 480 645 2011 2515 674 2084 440 1623 2397 563 1948 2707 319 906 179 2840 2652 134 1983 735 1190 2454 1253 1878 2289 1416 1796 2574 2713 1123 1860 259 1934 2769 2832 2714 1407 1627 1624
000355.jpg,150 106 2263 1525 1318 1536 2562 1280 1083 2678 1596 96 2188 2623 2442 1726 636 971 2048 2761 2807 732 387 1927 620 644 1032 2374 2498 181 2401 2141 2720 189 43 474 2688 1768 2554 1797 1371 1108 1632 1979 859 1198 2278 1283 2060 894 2831 2476 2502 1251 621 2737 2152 366 84 1279 419 270 2555 1727 940 546 2522 2153 2572 1004 1103 946 2612 1790 1483 2705 133 1380 1504 1364 6 2503 2303 762 2071 2168 1476 949 1458 2245 1641 300 1880 1659 2313 2791 661 2425 1802 1343
000356.jpg,1634 605 1424 717 610 94 1379 365 1110 1040 2830 1573 1309 648 2560 435 1581 1133 248 1020 811 112 2151 1966 410 2788 2746 1243 1968 434 1311 881 843 2364 1005 544 1131 870 538 2290 1783 2417 1794 2549 1079 678 568 2005 1946 2095 2730 2680 593 338 1546 253 1454 2196 1670 730 937 2341 2251 2087 2219 535 257 1516 883 2299 2697 1068 749 2377 953 1142 2243 1466 1527 310 2733 673 1364 855 1535 1471 1455 2827 821 2190 827 506 2519 983 2441 1382 988 1251 1850 2242
000357.jpg,1681 2600 1705 337 1742 487 942 966 1384 2085 2458 2543 1495 1673 54 1853 710 1695 1000 1614 360 1893 2782 542 2257 1331 1739 2259 2664 660 2696 50 2369 1370 1508 791 908 813 1554 1031 2803 1287 2660 1396 1978 1565 355 1906 243 921 2049 1002 530 1604 1301 2064 451 1105 1237 747 1920 1770 1290 2796 1017 984 416 1654 362 2074 2154 1518 2587 2140 1119 1841 1225 1320 2755 770 78 1954 2318 1872 289 327 1510 1962 909 351 2282 796 1145 1288 2596 1058 827 1423 639 1703
000358.jpg,1376 1896 1339 1532 2674 152 458 2819 734 2191 2099 1741 849 2681 2500 330 1335 847 2228 972 313 2479 2177 505 28 1873 532 2028 1827 354 1543 872 1956 671 2052 2814 2199 523 587 2283 1563 2592 261 2265 2552 2181 238 1708 2742 890 602 1111 2193 1314 2557 120 633 2812 92 2789 1099 1135 1955 2610 1704 2527 2306 1332 2597 1917 696 772 2322 175 649 740 653 2119 2365 1961 533 503 59 2716 2017 618 2773 2250 547 1852 1302 2367 1781 2144 1636 1752 978 507 1799 1885
000359.jpg,70 1125 1753 2077 2777 2478 2772 2561 2510 1035 1839 1834 431 2015 1252 2818 951 1842 18 2161 601 2 2663 1759 315 1533 1389 1557 297 2757 395 2622 2504 1230 101 2471 436 502 1683 1390 766 581 680 364 990 737 103 328 1559 2238 304 1180 284 1830 2624 215 1908 2601 1785 1213 962 2178 2113 2759 1115 191 702 2546 1323 2000 989 1786 1951 1608 1845 1306 1235 1728 650 2644 1971 2242 727 286 2066 39 572 1900 1798 29 529 2172 853 1357 1027 1801 658 2636 1423 277
000360.jpg,195 1698 2223 2338 1571 1409 2648 2138 1994 2253 2100 1618 2372 1095 573 846 17 642 2486 600 349 1622 1349 90 352 2158 892 2255 2811 1060 1338 2709 2635 1540 403 2215 46 2834 317 2412 1615 2466 2063 127 1159 223 1009 961 1815 837 2339 913 577 1862 307 511 2484 2403 2595 2340 2455 891 665 2797 472 879 147 1816 1572 1735 1480 2835 2607 1446 2399 1660 2481 1939 234 2633 1828 2189 1530 1294 2094 1078 160 867 2614 2269 166 969 557 2844 1112 405 1421 2738 2460 1619
000361.jpg,1752 1146 2367 2556 950 1202 1316 518 2300 2069 2389 59 1496 1965 1799 2082 1545 4 1636 1102 221 85 1926 2790 626 2631 1737 987 312 1386 188 2832 2270 2815 943 2501 1656 635 1934 2044 817 1405 556 826 2241 2272 613 1840 1624 547 2817 266 1045 2477 1319 1407 2628 1870 480 2411 2397 663 1051 2189 238 2528 1314 348 712 2454 1658 705 1563 283 1644 440 2181 611 2812 505 925 2439 1955 1630 2649 489 259 563 197 2689 550 2774 2312 391 2826 2538 2289 1369 2842 1873
000362.jpg,1839 431 2510 1035 658 485 589 727 1175 1306 1834 2561 1753 1125 2777 70 1951 2772 2054 2787 1798 646 395 2077 2478 75 2066 2113 2325 2497 2644 1801 1207 1334 1312 1213 198 714 304 761 962 529 2277 853 783 2546 1394 1712 1559 1230 2178 2015 1427 2072 2249 954 461 834 1115 1162 1203 1087 1744 1298 1971 940 1558 803 898 409 2656 1685 1257 1976 2149 1252 1749 989 2022 272 2003 76 20 738 1304 2542 15 1957 1004 1300 1374 2317 1106 1785 1173 2737 1483 376 1683 1928
000363.jpg,1385 1779 1992 773 2763 406 2145 2102 519 1526 2516 1007 1325 1969 1511 1442 1894 730 1707 2302 191 1466 742 1871 1165 186 811 2110 2613 1138 1731 410 1800 1645 315 338 112 288 1516 664 1079 2622 257 1721 1759 709 2609 1997 2757 365 1012 1557 1828 11 605 1876 544 248 2095 2680 2835 2746 249 2042 648 627 1783 301 1406 1390 1799 535 435 870 843 2377 2367 18 601 2235 1063 1424 883 91 1842 405 881 1573 444 1020 1055 62 1309 2653 392 2438 1935 1581 2809 531
000364.jpg,142 1492 802 555 2078 868 2029 1890 429 1053 554 289 1888 878 866 2743 1562 199 2333 2668 432 1431 176 2384 681 21 1393 2108 1398 2451 361 1033 332 62 417 1686 886 1418 597 2227 2786 36 1268 2117 680 979 733 302 340 1588 78 893 292 1065 988 500 743 2423 1699 536 1132 1499 121 1256 1886 1553 1430 569 2217 2267 1449 1236 193 2380 427 568 571 1038 1478 29 2533 901 707 24 1597 2415 1668 213 2421 2143 1754 2090 2673 1728 1149 2408 2224 286 634 426
000365.jpg,2045 2023 1584 2755 747 770 258 1320 19 1796 597 76 1035 1256 1722 1065 1844 417 1839 2217 2421 901 2545 424 989 1269 2077 2612 1286 1888 1047 1562 1945 926 1980 2415 2566 1398 1628 783 232 2058 520 1364 2216 940 1849 323 868 1305 2056 289 2423 1976 2668 2108 1968 1996 2202 1867 1890 2522 2190 2161 2249 1558 1430 1038 461 465 713 2134 62 361 2034 766 571 2561 2705 609 2074 834 2745 171 1553 554 2831 1834 744 1673 2182 506 1686 893 2571 45 1091 2568 1272 886
000366.jpg,1948 1096 1416 1362 1897 497 1586 992 2046 1218 2352 1051 1261 2241 1381 2741 899 2767 712 2135 1045 1569 2721 2272 1316 1630 1212 2650 2213 1993 1782 2150 1658 305 137 194 1938 2598 2825 1796 1360 2815 2454 889 1926 2556 155 2817 2628 925 1860 2836 2790 2766 2384 1606 2116 348 817 439 1369 947 64 1810 46 1446 447 2246 21 2300 51 2584 2481 2451 892 1684 665 631 2735 204 2289 1328 2686 2319 1663 1443 231 232 202 2649 1518 1617 2665 2509 1910 2185 1656 2842 445 1411
000367.jpg,1749 1672 2058 834 2555 1178 1277 1727 2249 761 2700 2437 2317 832 2523 16 1836 1990 1447 1713 1483 1714 376 34 44 2422 1116 1224 1469 47 1535 2785 1838 2202 2129 1995 1161 2190 576 2180 1513 983 683 2441 2745 1044 676 1914 1847 1346 777 1996 2827 1087 1773 1176 1228 1091 1476 1561 727 949 1795 898 617 1856 2242 1343 310 95 695 2072 783 465 132 88 1785 596 1693 940 589 789 2022 2547 1207 291 1298 1593 1558 1300 2111 853 824 1425 714 2737 2571 1364 115 766
000368.jpg,243 1105 1396 1554 1370 355 813 2257 2696 1331 1673 908 1614 1384 2660 2458 1495 1742 966 1906 2049 530 337 487 1681 54 660 921 2600 2782 942 710 1567 2064 1705 1893 542 360 1853 459 446 1237 1604 2259 393 2664 2249 1301 2369 3 50 2831 1739 2336 2096 836 2645 2136 2318 1098 2705 2005 1638 2678 451 1000 2282 37 1740 1322 1288 2085 399 2426 308 1806 409 1749 320 2107 855 713 1017 560 1642 755 744 2490 1456 935 1336 774 2156 1790 322 1304 2362 1412 1425 1420
000369.jpg,757 1728 1533 1231 754 2756 2021 2320 2533 1149 29 2673 286 2172 218 293 2224 213 2638 707 2024 135 536 2295 119 558 1597 1804 2143 24 426 1394 672 967 2413 1296 2178 304 2828 1478 1383 2078 739 1984 1588 80 2408 2472 91 1035 1719 2090 1870 2014 1689 1132 1839 545 1562 802 1492 121 1265 1890 555 2430 429 933 251 1374 498 142 1668 2277 529 1888 2649 332 473 2217 2113 2300 2366 388 988 646 2668 2464 1312 892 364 2124 1801 340 289 395 1889 2227 634 1793
000370.jpg,2045 2023 1584 2755 747 770 258 1796 19 1980 1728 1839 1065 1722 1844 232 1945 1035 597 2545 417 1834 1888 1305 1707 1256 62 2612 2116 1075 1562 1286 530 1269 576 1073 1029 2566 1800 446 497 2077 1996 1849 1199 520 2415 2745 1557 1237 76 1517 1910 424 465 2190 21 817 1890 481 1731 1968 506 463 2478 1301 1390 2613 2217 1637 1867 1138 2571 903 571 388 2668 1586 426 2756 777 868 766 2827 2561 230 1686 1091 926 2733 1320 2757 886 1398 64 2202 1553 824 1383 983
000371.jpg,338 1466 730 1707 336 2516 742 1969 2843 1442 1511 257 1455 937 1526 1007 1516 2341 1325 253 1894 1498 1779 1731 1131 2145 2102 1068 2377 410 1670 709 538 406 392 1992 1243 2746 248 365 1138 112 535 1385 519 1005 1732 2763 2302 1079 191 2730 678 1783 773 1527 186 1871 2290 435 2492 1678 870 2251 811 1379 1094 843 1020 648 2830 2151 1573 1165 544 1794 830 1073 2299 1581 1645 2560 774 2788 749 2275 2680 1133 1454 2005 881 1936 2549 673 2364 821 1800 1040 1174 1557
000372.jpg,979 2786 2227 2668 340 176 332 2108 1562 2384 1393 554 2743 1065 1890 289 1888 1033 2029 2451 1431 868 555 21 417 1686 1492 142 886 597 1418 866 802 1398 62 361 429 2078 1053 536 36 878 199 1588 988 571 2117 681 2333 432 733 680 569 1449 500 121 1132 302 893 1268 78 292 193 1699 1256 2217 1499 1553 1430 2090 2423 743 1886 427 2267 1236 1535 2380 2415 1038 609 520 2224 2058 2521 2421 940 1957 272 1668 1793 2522 76 2828 1222 2210 2827 2542 2568 1766
000373.jpg,197 1993 2439 1045 712 1544 2241 2130 2836 550 1658 1381 1782 1422 1617 2050 440 735 2628 179 1840 1663 1054 2767 947 169 2649 1444 1261 1218 1369 1870 480 1679 1417 2375 463 2837 51 1328 1649 925 348 1623 2454 26 900 2011 2840 2289 1710 1437 645 260 445 1029 1489 2769 563 1051 1253 134 2826 1552 2707 2082 433 559 1796 194 1926 1486 663 659 489 305 2556 1307 1468 1407 1102 860 2270 2084 2133 2832 155 2538 2790 2312 59 1146 1656 1624 312 1860 85 2397 2528 518
000374.jpg,472 1803 2444 127 1059 2063 1811 551 342 2738 2266 2385 2758 1509 17 1421 1069 2138 1167 1530 573 1607 262 2710 2094 1341 1355 405 1828 846 1571 317 2614 1964 226 888 1159 403 160 2835 166 1078 600 2740 2255 1060 1295 667 1807 352 2811 1373 537 1619 154 687 1338 642 1925 2412 1652 2820 147 2484 641 1982 2100 1540 195 2595 203 2486 2231 1814 2771 1815 2731 385 1520 1863 1524 2455 41 2340 1622 428 1698 2371 2208 2175 1 1735 2776 2399 1589 2635 577 264 1025 2431
000375.jpg,430 331 726 999 478 655 2236 1635 390 1967 1050 1715 314 1475 2053 1472 1124 1140 2406 1648 2693 1037 2059 1187 484 1303 2407 1662 2429 1438 471 534 1918 2301 2505 2465 27 806 936 1929 1275 363 1127 1273 402 2061 799 2806 1730 1921 1216 1274 2698 2687 2470 1503 53 2402 1972 780 2244 721 418 1465 1647 758 1008 290 786 643 295 389 1395 1692 1780 653 391 2690 1317 1568 2467 1118 1756 268 1011 1481 1378 805 1755 2765 2173 2611 2531 1282 356 207 838 220 2062 108
000376.jpg,2567 1214 1171 22 2751 2109 106 1661 96 1927 2554 1632 894 205 419 2153 189 1032 2060 2502 2831 2401 2152 2705 2726 1605 2030 2571 481 2162 1364 621 1251 1425 84 171 2612 744 1288 1703 941 596 1712 396 2522 2521 1749 214 2216 1602 1760 1960 45 1488 150 2791 609 20 1064 2313 510 2056 333 1738 2348 957 198 2179 95 183 2768 148 836 132 953 2096 592 1483 2404 75 1397 1743 1999 2737 1363 1004 2497 935 1176 2149 420 149 2841 762 42 1471 824 1790 594 1371
000377.jpg,1753 1125 70 2777 2772 2077 2478 2561 1035 2510 1834 1839 1252 2015 431 2818 951 1842 2161 18 2 103 1323 601 2663 1533 297 1186 1728 286 2172 29 1389 1235 1830 2601 1759 1683 1845 1559 581 2624 2242 126 2000 2471 766 688 315 328 2314 2533 737 2504 1785 853 1357 1230 2757 702 2238 1557 165 680 101 1091 424 2759 395 1693 191 436 1801 1115 2546 2216 1908 1132 1905 1130 650 757 502 2656 1996 1588 364 304 777 990 310 2178 1423 767 284 1726 848 39 1451 215
000378.jpg,1087 1558 714 2072 1207 898 1928 614 853 1166 1137 2409 895 1590 93 727 589 658 485 1175 1197 1306 1951 2066 2113 1213 646 465 1798 2787 2054 2324 304 2178 2493 293 1115 1257 1361 2546 1300 1394 803 76 1334 1561 676 2323 572 1230 962 1389 1312 1597 1785 2667 617 634 374 426 24 1801 2542 1427 1333 395 1451 1538 1298 2143 783 75 2242 540 2430 251 1712 2022 1593 2024 529 2644 198 1760 954 2497 1883 1685 149 1343 1004 2784 1689 2540 1106 1971 1683 940 1605 949
000379.jpg,2567 1171 106 1214 2751 22 2502 1927 2109 1661 96 2841 189 2152 1632 2554 1251 2401 1364 894 2141 2831 419 2153 2705 621 1605 2060 1288 2263 620 1336 1703 1032 1525 2216 214 150 171 732 2056 45 183 2571 1013 2182 2623 957 2612 1280 2760 1371 2522 198 2720 609 744 75 2404 2179 181 333 724 1139 851 1283 2048 1217 2442 2737 2608 2497 2688 1790 236 644 1108 2160 1363 949 1960 1198 2761 1064 2726 752 1004 941 1113 2071 1749 1318 2313 40 1865 1760 1502 2245 1263 2096
000380.jpg,754 1231 2756 2021 757 1728 2320 2533 1149 1533 29 286 2172 2673 218 293 2224 707 119 80 2408 967 1478 1296 213 1719 424 1804 1361 1951 589 2787 727 1306 1451 1984 1175 739 1383 1849 2054 572 2354 76 529 426 364 2078 19 1597 485 1945 135 184 2260 2295 1559 1106 1394 646 658 1722 1492 2178 304 142 2014 498 766 2366 2464 2124 536 1798 91 2040 2546 802 1312 395 520 1230 2566 328 2000 2024 1801 1588 1132 1115 568 558 375 2504 232 2561 473 1326 2638 672
000381.jpg,341 2381 2040 364 1900 215 737 101 436 251 374 989 803 2540 545 1427 1883 328 766 2759 581 1971 572 2504 2644 2579 1230 1353 2114 2238 1389 1394 1898 529 962 2546 1257 1115 395 2277 2784 1361 1683 1798 1106 789 304 407 1559 2178 2323 2242 1801 240 1451 1213 2066 1786 483 2113 1091 1334 1300 926 1093 1818 76 2787 1137 39 2000 564 293 2495 589 2756 1306 1175 2288 754 1231 485 1951 1357 1180 1728 714 658 727 614 646 1558 2021 2054 1207 1166 2409 757 1149 1928
000382.jpg,2363 1440 2460 2185 557 1694 143 2749 2584 879 386 1129 2271 2529 1684 1411 810 1619 2298 2517 718 795 787 71 1925 262 30 958 888 273 2468 1630 638 1360 1445 1242 1294 2844 147 1509 1807 891 1112 1373 2104 1295 2524 2595 2535 299 2481 1480 1474 665 2776 1059 1446 2576 1982 1939 2740 2616 2139 685 796 1816 1258 745 697 1514 2619 154 1863 2833 2771 1167 1215 669 2385 690 1366 352 325 2213 1803 1520 1537 307 577 1456 2738 1284 2269 1134 90 2797 2372 2839 1862 342
000383.jpg,70 2510 1753 1125 2478 2077 2772 2777 431 2561 1839 1035 1834 2818 951 1252 2015 1842 2757 18 1759 2161 601 2622 1390 1557 315 2663 2 1165 191 2302 1938 903 502 2507 433 1895 2685 2045 2388 2375 1904 2023 1443 309 1976 277 1806 1829 997 446 2289 889 102 2741 2686 395 1340 2650 1833 1105 1887 1584 269 2279 461 2769 1201 1980 453 2039 1747 2624 202 990 2702 1788 1401 2636 745 631 20 2166 2098 284 1075 577 1593 1310 530 704 167 325 2315 2820 2482 1845 1217 412
000384.jpg,2091 239 2794 2164 1781 2280 2173 1127 209 1274 838 525 139 1780 1472 2693 27 356 408 296 1282 2025 245 2669 654 2311 1505 49 1435 1248 653 225 2232 192 1555 1598 2396 61 625 2017 1356 216 113 1506 207 1755 383 858 252 1011 1961 1037 679 1787 1924 449 799 2053 2236 1124 1568 1317 1475 290 1972 782 2137 1756 1635 2531 805 721 1018 1692 1187 1395 390 1967 1706 2402 1647 2059 1303 2061 806 1918 1216 822 331 1465 1140 2244 534 314 1715 2429 484 367 2632 1921
000385.jpg,1425 1447 1749 1483 16 1469 2249 761 376 44 2437 2317 1933 1995 850 1200 115 1504 2218 2420 1672 1044 834 1836 1178 2700 897 2245 905 1990 2058 396 222 1380 1277 2096 1790 1727 946 644 1263 2512 2555 2627 474 2071 1911 832 2210 1750 1305 836 2410 1535 45 621 2216 2401 2362 1436 1641 42 2831 198 2442 2520 2522 2705 2463 1322 1423 2425 1064 1736 2688 75 325 783 1219 2079 1671 971 1006 2645 2497 171 1013 940 745 2056 2197 1336 2720 935 1288 1315 488 640 1004 13
000386.jpg,1146 2389 59 1202 1545 4 1752 626 1737 2082 2367 1799 1386 2477 188 2270 518 826 950 556 987 312 2832 85 1102 1934 2501 1405 635 283 266 547 2556 611 2300 2528 2044 1656 2790 1319 2411 943 1624 221 1926 1644 1316 1407 2069 817 2631 2817 613 2312 1468 904 2397 480 260 2419 2574 274 345 1339 2534 2208 2842 559 2689 978 2766 2826 900 2424 1630 705 1870 1437 925 526 271 2652 633 864 2789 1360 563 2370 2250 2692 489 2119 2375 2440 2133 348 608 996 1677 2597
000387.jpg,957 2464 2725 1889 2448 609 509 1766 2404 5 2457 844 1515 1696 744 244 2128 1426 2115 466 1616 2141 2124 1326 473 2014 1061 163 388 425 375 498 2366 306 1637 815 2351 1038 1556 1987 1945 2751 232 2056 2522 2566 520 2508 150 1525 45 1477 2521 2572 1365 1171 1364 510 22 1251 1754 1064 2048 2421 19 1269 119 1960 621 2612 1596 1880 2109 1659 171 665 424 106 2182 1768 133 690 1280 2760 183 2278 1797 672 592 80 2354 228 2828 1296 23 1032 2481 1661 2203 707
000388.jpg,2716 238 28 1563 2552 505 2250 2500 2365 523 313 705 152 175 2534 2819 2689 2370 849 2283 2181 2119 81 2557 587 1827 734 2681 1532 2527 458 1741 2479 2193 1680 1896 2191 1704 2322 504 772 847 1335 2674 711 503 2592 633 1111 1339 2052 972 602 1708 354 671 120 1332 2099 92 740 1746 1278 696 1912 330 1852 2144 125 2806 2059 1543 108 2028 1730 1929 788 2597 753 1917 628 2237 1923 1220 534 999 2244 1275 1097 1293 1655 532 1692 484 994 927 2440 1281 1314 2236
000389.jpg,835 1254 1512 903 65 1310 1107 1608 2388 1340 684 768 1720 250 1821 284 1975 502 1908 990 297 2471 2601 2579 702 1114 931 1830 1323 103 1235 2276 578 789 1413 2624 1845 581 848 2087 1186 2571 328 967 2759 1013 2504 1907 1353 1458 870 2612 2386 126 307 1804 951 2314 483 2196 2100 1801 2258 1391 240 1336 577 969 2079 1767 1217 935 2116 2546 2401 2238 374 803 1791 2095 2736 1277 2230 886 2160 988 881 1300 2000 827 2680 1315 1178 2661 1834 1883 2096 251 2825 1115
000390.jpg,1481 418 52 806 780 2244 1465 534 207 2429 2470 786 1662 2059 53 484 1438 471 2690 225 61 999 346 1273 2025 192 363 2821 726 936 402 2669 2698 2467 290 478 1918 2301 2236 2407 1475 1275 1787 331 1929 2687 1780 2806 655 1730 1008 389 295 758 2396 1140 2505 2465 654 2053 268 1124 1378 1503 653 108 430 643 1022 245 452 1282 1127 1706 525 2173 625 356 131 2693 1248 2311 408 27 838 1831 49 33 464 1598 1435 1037 1692 679 840 2794 1715 139 2285 1921
000391.jpg,1865 629 2677 1723 1891 2161 475 2346 1949 1916 941 650 2666 2810 2816 2043 1605 882 820 2171 1603 1144 2152 420 1599 750 2502 1272 281 84 2421 1754 594 2494 2521 380 73 2217 713 285 2074 1397 1766 609 510 2249 1738 2261 2179 2210 1628 2194 1488 582 115 1559 640 1995 1038 498 37 117 334 2671 327 1740 1106 148 2222 909 258 1637 1750 1462 1256 2518 1006 409 1661 1184 1412 437 2115 479 2415 1922 425 1541 1175 2768 417 845 1263 1283 1502 2627 1221 1785 339 2149
000392.jpg,2294 1944 1055 2558 2728 1056 2207 725 2766 204 1825 165 2825 1940 1212 1986 2741 137 2842 2135 1606 899 1130 447 116 2506 2736 1463 246 1134 1841 2435 362 1935 677 2719 1547 790 692 2258 1067 494 2382 2305 1464 1223 2813 1076 2041 2286 146 1126 2068 2708 97 2248 2319 2438 804 1452 682 1639 2511 1874 1899 722 1185 491 329 1937 2569 79 2683 686 1777 2057 2292 2393 1962 2639 1592 1771 647 574 140 2625 657 2665 2291 2436 1998 2580 350 2037 1868 1892 1057 948 1677 305
000393.jpg,2491 2328 1977 1179 2252 1651 2682 1578 1583 2792 841 945 998 1579 639 227 2723 382 916 1470 9 118 517 2225 919 1791 1920 952 1769 778 2711 1063 567 1354 763 982 114 2042 1854 887 2647 2729 1531 2778 2065 1667 928 930 1657 2575 819 1585 748 808 1770 662 1970 2379 1851 1344 1819 98 2349 2462 804 329 1613 1864 1918 2334 2436 174 363 1367 2740 936 196 2474 948 2310 2017 799 528 1465 1415 2618 1662 786 618 61 974 276 776 910 1282 353 1688 2429 49 2280
000394.jpg,98 196 1625 353 776 869 2474 1643 1819 1864 2081 585 2067 2361 1042 2353 910 2462 2334 2256 1963 781 701 2103 1402 809 233 276 1344 2027 2101 381 69 2264 871 2186 1970 1078 2094 160 1530 2582 1519 1925 797 2125 2614 793 2460 891 1667 2371 2484 667 1421 2157 1579 282 118 1540 1619 2255 2738 405 561 423 352 1204 879 2053 1246 1863 1060 846 2833 2139 2811 2595 1982 2336 2838 1815 428 1295 2138 944 299 206 841 264 649 2675 1791 255 1811 2385 57 537 391 2835
000395.jpg,1303 1472 726 2236 478 999 331 430 1475 655 2693 2053 1124 390 1635 1967 2059 1140 1715 314 1050 484 1918 1662 1037 2407 2429 27 471 1438 2061 1127 1274 534 2406 1648 2402 1647 1921 721 2301 1187 806 936 1972 799 2505 2465 1273 402 363 1503 1275 643 53 2698 1317 1395 653 290 1756 1216 1929 268 1780 1008 561 2244 786 805 2687 1568 239 1755 780 2794 1692 1378 1465 1730 758 389 2091 2765 782 2173 1011 391 2531 2470 2611 2285 108 2164 1024 1018 2280 838 1022 1831
000396.jpg,2025 225 61 2669 192 207 290 1780 653 1127 1787 2794 1781 2396 2280 2173 2164 209 838 52 239 1274 418 139 654 245 1481 2693 408 2091 1282 356 525 2017 1506 296 1472 53 806 49 1011 2470 534 780 1465 27 2531 1662 2285 2429 2244 2232 1555 1961 471 1438 786 2565 2765 383 2311 346 131 2821 1843 1141 2690 449 936 452 495 2557 33 2059 363 484 268 2467 402 1475 2053 1140 1941 1024 1918 1875 2343 1037 999 1435 1124 1021 478 216 618 1755 241 113 1505 1248
000397.jpg,1481 418 52 806 780 534 1465 2244 207 2429 2470 1662 786 53 2059 484 471 1438 2690 225 61 346 2821 936 2025 999 363 402 1273 290 2467 192 2698 726 2669 478 1918 2301 2407 2687 2236 331 1475 1275 1780 1787 1929 1730 2806 1008 655 389 295 2505 2465 758 1140 1378 452 1124 268 430 2053 654 131 653 108 2396 1022 1503 2285 643 1127 1506 1037 467 840 1692 753 1220 838 628 245 27 2173 1282 1706 2794 2634 2311 2398 525 2557 2693 33 408 464 1921 1011 1274
000398.jpg,1385 1779 1992 773 406 2145 2763 2102 519 1526 2516 1007 1325 1511 1969 1442 1894 730 1707 191 2302 1466 811 742 186 1138 1165 1731 1645 1871 112 1800 338 2110 410 2613 257 1079 2680 315 365 435 2095 2377 535 1516 288 709 881 605 1581 1527 301 870 1020 1040 1783 544 1309 1573 2609 2746 2290 664 248 2560 2830 1759 1068 648 610 2622 1968 1311 1557 1419 2757 678 1721 11 253 2331 1865 1424 855 1005 2219 392 843 2730 1828 2251 1116 1294 336 717 1012 249 511 1966
000399.jpg,1600 2012 630 2391 254 3 1642 2453 2593 256 2405 2170 2001 1170 2490 1958 1595 1267 2734 2147 652 66 779 14 632 929 1380 1246 516 2536 765 1574 1136 1077 265 318 1745 1985 2426 1152 1973 2157 825 2165 1762 2336 1036 282 2434 2204 276 874 490 1347 549 2264 2256 2101 522 873 2355 1092 212 245 862 2824 2396 2691 94 974 1247 1519 2718 1021 2403 2200 639 1245 833 615 2318 392 1099 2667 53 2698 977 383 2669 1128 2070 2132 2148 209 2647 618 2814 2231 343 1900
000400.jpg,2842 2558 204 1944 899 2766 2825 2135 2728 1212 1055 2741 1606 2068 2294 447 725 137 79 1067 165 1463 1547 1935 116 2511 686 1134 2207 246 722 2736 2580 2041 1056 804 1076 1825 2305 2665 692 97 2719 329 1464 1452 2248 2382 2436 1940 2286 2292 2598 948 2813 1874 1986 1223 1130 2057 90 1926 1126 2319 682 2435 2300 267 558 790 1777 2082 1338 352 2455 146 1796 1291 1910 494 1639 491 1841 1238 1624 1934 1190 2708 2138 2393 837 2438 135 2515 1009 891 1592 657 2044 1185
000401.jpg,1255 1757 155 1636 986 123 2815 2150 965 1477 882 439 51 1840 2272 440 2628 100 305 2650 1965 2545 2713 1051 1316 1640 2631 48 1496 950 2721 2241 562 1569 1796 1045 518 715 1362 1897 2556 2836 64 1993 194 231 1649 2456 2352 2289 934 319 2130 2034 204 93 134 1775 2433 2667 2775 1860 2767 895 1948 1218 2482 1054 2639 1590 1381 1148 1600 2367 1658 1752 735 1657 2213 445 1541 992 2291 1663 978 645 720 820 1096 1665 1782 2553 2046 1617 1292 2732 154 2548 2729 1261
000402.jpg,898 1300 2066 1213 2113 1087 1558 714 853 1207 2072 304 1197 2178 2493 1928 1561 1115 1166 2409 465 803 2546 614 1785 617 895 1590 93 1389 483 1137 540 1883 251 1773 1427 2784 1631 1513 1228 2242 1161 2324 374 1353 1257 499 1847 291 2542 1394 1535 1593 1795 485 240 789 676 634 2430 1175 1334 407 24 1346 2540 2143 1971 1798 1093 2759 341 2579 215 1689 1801 2787 76 101 1951 832 2381 576 2827 1597 581 1693 2054 1306 2504 646 1786 545 589 2700 989 2238 1749 727
000403.jpg,2011 645 2707 1444 2837 1679 1649 1623 169 1328 947 1054 1663 735 2767 1617 1544 440 2050 1782 445 2840 1381 2836 1261 2130 1045 1993 1029 965 2439 1840 712 1253 2241 1658 1218 1422 1552 134 2287 2735 51 2628 319 1775 463 179 489 1307 197 2046 2352 992 2084 1948 1437 550 2631 1123 2712 2312 1640 1860 674 769 2076 906 2133 497 1208 2308 2183 950 1416 194 1586 1710 259 2544 900 2424 155 2088 1445 161 231 2412 1636 30 563 1489 1148 2397 2649 2676 637 606 1627 2815
000404.jpg,2509 1810 67 1001 2583 1075 2350 2121 202 627 1012 249 1406 404 1195 1894 1055 1944 1609 1721 1606 742 2809 2558 1594 1453 2766 1901 2728 1876 2825 338 316 725 1779 1441 349 563 1169 2057 899 2042 378 1869 550 2135 2207 201 1992 359 2545 902 1707 1473 2020 1212 2742 1411 137 811 2713 1088 2382 168 2684 499 1796 818 2033 730 2757 2598 917 2237 1123 1168 1464 2584 1316 1299 2294 1759 1969 2826 2741 204 1466 925 165 2842 2306 1511 2651 231 1517 904 1874 1626 2813 447
000405.jpg,2715 1293 159 31 580 326 1097 207 61 2232 2669 1143 2025 192 1822 225 1118 1787 1568 2396 2693 356 296 408 1282 1262 1755 1506 653 455 139 838 209 2794 2265 290 2173 2062 1314 654 1781 2280 49 1297 245 418 1955 1317 1127 1780 872 1141 52 1756 2812 1140 1395 464 805 1378 1706 786 363 2017 890 2467 936 2164 2091 1024 1011 1662 1921 758 346 2306 1022 1831 1274 1655 402 1472 2301 2061 780 2465 2505 1475 799 2053 239 1124 452 2236 2690 2244 27 2789 2407 268
000406.jpg,106 150 2152 2502 2263 96 2141 1632 2554 1927 894 1083 620 2678 2807 1525 2401 419 2153 732 1251 2720 2623 2522 940 45 181 2048 621 2562 1318 1661 1856 2442 2572 1004 1365 1605 644 2056 2567 1702 1536 2831 1364 1371 636 2386 2737 762 1171 2705 2278 1797 1749 1064 1032 1726 189 214 2112 2761 949 2111 1727 2116 1768 1103 1336 171 2060 2160 1280 1434 2612 482 2441 2571 387 407 1013 1999 2841 2608 2591 333 1343 474 1113 1108 2760 198 236 270 2643 2203 1283 783 1263 1596
000407.jpg,142 802 555 1492 868 2029 2078 1890 429 554 1053 289 1888 878 2743 1562 866 199 2668 2333 176 2384 1431 432 681 1393 21 2451 1398 361 1033 2108 62 417 332 1686 886 1418 597 2227 2786 36 302 979 1268 680 2117 733 893 78 1588 340 292 1065 988 500 743 2423 1132 536 1699 1499 569 121 1256 1553 1430 1886 2267 1449 2217 1236 2380 193 571 427 568 1038 1478 901 2568 1668 213 2421 24 2224 2408 1597 2415 29 2566 707 2638 1529 2533 424 2090 119 2143 2602
000408.jpg,204 1212 899 2741 2135 1606 2842 137 1935 1463 116 97 2041 2558 1944 2766 1547 1134 246 2068 1067 1055 2305 2511 2728 2825 725 165 447 79 722 2207 2294 350 1056 2435 1986 2665 2813 2248 686 1223 677 2736 1940 1874 2039 494 692 2057 1825 657 682 1677 1841 305 362 1130 2258 2382 1126 2625 388 1892 746 1771 67 2037 790 1464 1962 1545 2719 1930 1870 1061 1796 1330 2438 2708 2455 1934 2367 2143 231 1088 48 2289 2295 2756 59 135 1899 1737 558 1408 1937 627 2138 2638
000409.jpg,967 1804 568 2320 1149 2533 2021 707 1499 2756 29 1728 1719 286 1231 754 2224 2673 2172 739 792 2615 1448 218 1430 293 1478 2354 36 184 1553 500 2117 1597 1886 1699 2295 1945 91 426 1431 119 2296 2267 1236 2413 2408 1296 1984 135 1722 1265 2638 2472 757 232 1849 2217 558 2380 634 733 2235 2464 1364 520 2143 498 1637 1383 24 76 213 766 1269 424 2238 881 1560 2830 680 80 1243 328 2404 2056 1379 1401 1766 1689 2787 2423 45 2430 163 2024 2661 1980 19 1533
000410.jpg,1533 757 1728 1231 754 2756 2021 2533 29 286 2172 2673 2320 1149 218 2224 293 213 707 967 739 1804 1719 2408 2295 135 1478 424 558 80 1296 2260 91 2638 119 2024 1945 76 2413 1383 1984 1562 2464 536 520 1132 184 498 761 2143 1588 2078 426 24 1849 1035 1597 2108 1890 19 2227 2668 232 2235 1722 2014 2217 2566 332 1492 672 388 36 597 2472 609 340 1889 1888 2404 2786 375 473 988 142 792 2725 163 2124 802 1766 417 1733 1793 2777 1431 1061 983 429 2828
000411.jpg,1839 2510 1798 431 658 395 589 1035 1801 485 727 962 2644 529 2054 1230 1306 2787 1394 1175 2277 1334 1951 572 646 2323 1834 1361 2113 1683 2066 1559 75 545 304 1451 1125 2325 1753 1213 783 2772 2777 853 2497 2178 1312 1207 2249 761 2546 714 2000 989 70 1115 2561 198 2077 1712 1427 461 1106 581 293 2072 2317 2478 1162 76 1203 2015 2542 1971 898 803 1558 1087 374 215 409 1257 1206 272 1957 1976 1173 1744 2579 954 1785 1225 691 2003 2149 251 834 1898 1928 2154
000412.jpg,2313 1858 468 807 752 1560 229 1015 2554 1188 620 419 189 1927 2567 894 2060 2153 732 1260 2425 96 1610 1032 106 181 1632 922 980 546 1456 1797 2118 122 973 759 1702 1884 285 2643 37 1083 1221 6 411 582 2807 650 1284 481 2666 941 2261 2751 1171 1697 2171 84 1285 448 1703 2194 1283 815 1214 2043 1570 1288 1891 2823 1108 661 1318 1661 2810 2726 2476 2502 2152 1227 1987 2816 1363 1865 744 2645 1723 2346 1761 2109 22 2720 1541 1153 1286 1844 183 1882 1763 476
000413.jpg,503 633 1746 2250 772 711 1704 587 2322 972 2681 1852 2181 1827 2119 1680 354 2527 2283 523 175 2193 505 313 705 28 2370 1741 1774 2500 1543 1563 238 2052 2592 2534 2552 120 2689 81 162 1335 92 734 602 1332 1164 2365 458 2144 699 1111 2099 740 2212 1327 1109 330 1896 2191 1182 2479 152 367 963 1532 507 2237 235 847 771 2716 2597 2674 1917 849 2822 2799 553 1873 1339 1991 1708 2343 1117 2819 890 2742 2789 2764 68 344 1650 2557 533 2177 2610 1278 649 316
000414.jpg,2023 1584 2755 2045 747 770 258 1320 2545 2034 2134 1796 500 1499 1015 973 2463 19 115 2118 2056 1064 1703 1288 1285 2522 713 1995 2831 1256 2245 45 1628 2182 2216 2249 1222 1722 1203 597 2705 2217 1750 1423 1286 1364 905 1401 834 1342 1865 498 940 1206 609 1605 1957 650 2760 691 2469 2362 2494 783 2074 1074 1835 1363 1858 272 417 73 1660 2108 479 1416 2154 1322 1744 745 84 1738 2282 986 738 1954 1844 1562 1225 761 744 1610 1976 644 155 1637 439 2415 2410 560
000415.jpg,912 41 1652 2208 1264 2231 2524 2104 273 1242 716 2692 2205 1988 345 527 2675 237 651 2530 996 1491 591 1181 616 2131 1812 2517 888 1587 1807 2385 1373 124 262 918 700 1295 1215 2619 2771 991 1564 641 1615 2635 708 1837 1803 2158 223 143 961 718 1349 2834 2738 147 2298 2529 1167 1509 386 352 1440 1619 349 1516 756 2184 1497 2581 1684 892 1355 1909 186 583 166 2460 879 588 1863 741 1081 1811 2271 2801 2215 1618 1765 709 2138 798 2206 2844 1540 388 1925 1129
000416.jpg,2218 222 1504 1305 1436 1933 2512 1790 850 2362 2071 836 2096 897 935 2645 2156 1098 1321 2355 1638 2750 1052 1709 1911 2432 1806 755 2691 1736 2201 2342 2450 2446 2452 2420 2394 99 599 1387 2783 2831 96 1447 2074 73 2642 2421 106 1621 1023 1581 2560 1085 717 1927 16 2705 177 894 1634 2655 461 44 981 2537 1032 1364 1717 1682 399 640 1251 1632 1006 2401 2151 2094 2095 2554 621 1573 1968 1243 1483 1020 2030 586 2829 2578 1200 2437 680 84 1272 1749 1785 1910 2587 1599
000417.jpg,2713 1796 1569 100 2545 48 2034 2721 715 305 64 2433 562 1453 439 2309 1490 201 1860 2376 1640 155 1901 51 2650 260 348 1148 26 563 168 2826 925 1369 1870 2649 659 231 1478 2556 2638 2289 1782 480 2454 1986 463 1878 2817 1316 550 1907 1428 486 817 784 2390 2088 2626 1265 489 627 1489 2769 1606 1051 1948 202 712 677 249 2272 1984 1644 1012 197 1307 1624 2528 309 1658 1529 2813 2708 184 2337 860 1065 837 345 1009 682 1417 1934 2532 1319 232 1627 2566 1512
000418.jpg,6 285 1221 582 1083 546 1702 2643 1260 759 807 732 620 181 1797 1697 922 1891 1188 2816 1723 2043 2171 2807 2666 1858 650 2810 1541 1318 37 1456 475 1603 2346 2313 2278 1865 2194 1882 468 820 1536 752 2261 636 1284 661 1916 973 594 1605 1570 2118 1763 2425 420 148 2152 1285 122 1153 2056 1082 1015 750 980 298 2167 45 270 2179 1283 1064 1488 2476 2522 2521 1227 1397 1090 1610 510 1006 1738 905 2768 1768 2048 40 372 334 84 2214 2502 1884 1108 831 2203 713
000419.jpg,1481 418 806 780 534 2244 1465 52 2429 1662 2470 2059 207 53 786 484 1438 471 2690 1273 363 225 2698 999 936 402 61 726 346 2821 478 2025 192 2467 290 2301 2687 2407 1918 2236 2669 331 1475 1275 1929 1008 1730 655 2465 2505 2806 1787 1780 389 758 1140 1378 295 1022 1124 108 2053 643 430 2396 654 268 653 1026 1692 452 1037 467 1503 840 1220 2285 1568 2693 628 1831 1282 753 1921 1472 1506 1127 2061 356 131 408 33 2398 27 2062 391 1715 782 1967 2611
000420.jpg,2567 1171 1214 22 2751 106 96 2109 1927 894 2554 1632 1661 419 2153 189 1032 2060 2401 2502 1251 2831 2152 1364 2522 2705 621 2056 45 1064 2726 150 171 1288 2313 2612 1703 2571 481 1605 2162 2141 2760 183 2841 2216 2182 744 1363 84 1749 1365 941 205 1960 2608 236 1336 940 1004 1483 506 1744 1727 42 333 620 609 815 1797 75 214 198 1283 2497 376 1760 468 2737 732 2555 1371 592 2048 1286 1434 1844 1447 1712 95 596 2096 1858 1790 1108 1865 149 1013 2112 834
000421.jpg,1371 2263 1113 1525 2502 2152 2572 2623 1280 214 327 2141 2841 2348 1661 2678 851 1605 1865 629 1602 106 1866 1084 1139 1032 38 1659 1064 2522 183 236 621 1144 1632 2056 2182 117 2608 2760 45 2706 96 1953 275 1960 1364 1251 924 1687 2401 1927 171 2726 894 189 941 84 2554 2153 1738 2751 2303 2060 2109 2705 23 2567 1726 2162 744 2677 1171 419 2030 2831 1198 2768 474 1744 2612 22 957 1205 1214 1184 420 609 1288 2216 1283 940 20 1263 40 198 2203 1397 2573 270
000422.jpg,2210 2520 640 1272 13 2671 828 1337 2578 377 2421 1910 1754 1041 1949 1038 2227 2083 340 865 979 2786 2108 2384 323 2668 176 1668 1562 1393 2602 1890 2032 698 672 332 1374 2828 536 1189 933 289 56 1033 955 1588 1492 142 370 1888 680 2078 1329 554 2335 2743 244 2047 21 1686 1431 1764 2451 2117 429 597 1616 886 2217 988 2570 2038 1398 1132 121 417 1418 802 893 199 555 292 1053 1065 1399 2115 2839 866 36 1449 868 2029 1256 932 571 361 1049 2795 432 302
000423.jpg,2471 2624 702 1830 848 126 1845 2601 1908 2276 578 931 1114 103 1323 1235 1767 688 297 990 502 284 1186 1413 1608 1391 835 1107 2314 768 250 1340 1720 1821 1310 903 684 1512 1975 65 2388 1254 2497 522 2656 75 581 2149 215 731 1798 954 962 737 2113 1916 1213 304 1458 2000 1605 1559 2542 2346 1203 1230 2510 395 461 1801 198 650 1570 2152 1106 2178 1298 2503 1426 803 2114 2644 2777 2325 767 1839 850 2066 110 629 529 436 101 1685 2469 1786 1232 475 70 2841
000424.jpg,341 2381 737 364 2040 215 1900 436 101 251 374 989 803 545 2540 1427 1883 328 766 581 2759 2644 572 1971 2504 1230 2579 1353 2114 2238 1389 1394 1898 962 529 395 2546 2277 1257 1115 1683 2784 1361 1798 1106 407 304 789 1559 2323 2178 1801 240 2066 1451 1213 2242 1786 2113 483 1334 1091 1300 926 1818 1093 39 2000 2787 564 76 2288 2756 293 2495 1357 1231 754 1728 1175 589 1180 1951 1306 2054 1137 2021 646 485 727 614 658 714 2533 2320 757 1149 2561 1996 333
000425.jpg,2677 629 1865 1949 882 941 909 2161 281 84 1144 2494 2421 1502 1754 123 1038 2115 2179 594 1616 1766 1723 609 1080 1960 1184 2346 475 327 1738 2627 244 23 1199 1283 1768 1232 820 2150 1916 2203 270 1041 76 1637 37 117 1891 115 1558 2404 851 744 1108 1462 2216 2503 750 425 163 498 2761 474 2726 1987 1476 1659 2162 2072 676 1207 36 940 334 907 2224 1371 1844 1922 275 375 258 1180 2620 1073 40 853 1740 1591 2303 989 481 2448 1363 1087 1714 1397 2768 714
000426.jpg,1697 1188 2167 2643 1702 922 181 759 1260 546 732 620 285 1797 1221 807 6 582 298 2268 37 1763 1083 1456 459 2043 1284 2816 2171 1541 1082 2807 1570 1090 1285 1318 820 122 1308 2810 1858 1891 973 586 2666 1882 411 475 980 636 1723 650 752 1603 1884 2118 1536 2346 661 448 443 1610 1015 1006 2194 2261 468 1916 2749 594 2476 334 2425 1227 1502 2203 2313 1537 690 1768 1153 1283 669 476 750 2179 258 1108 1184 1911 2761 1865 2168 2468 1866 2706 23 270 2791 2048
000427.jpg,2363 2548 1375 2460 557 2662 2749 2727 879 1619 798 1925 307 1440 2399 1520 857 158 386 1 842 1982 2198 2187 352 2215 1675 143 667 1086 2206 1776 718 2139 2356 2158 372 892 342 154 2332 2581 2123 1861 2844 1366 570 1792 2100 1665 1887 1350 1392 913 704 2456 689 299 2607 349 1580 46 234 2529 837 1572 687 1522 1193 2039 1815 1009 2635 421 790 1930 2050 901 1863 2659 551 1480 2649 1837 2423 720 1551 642 2088 2271 147 280 2090 2584 2633 260 1494 1292 550 2004
000428.jpg,540 1093 407 2242 2441 1091 777 1996 1856 2785 1914 2827 2111 1561 310 1535 617 2413 2238 1683 1898 2295 558 1346 135 983 766 291 967 230 2745 2202 1631 1804 1448 1689 1728 2190 328 95 949 24 1343 2615 1593 783 1693 2143 184 634 1597 2638 581 695 2024 2737 1945 426 2656 91 596 940 1818 754 2235 2756 1176 2281 88 926 2533 1476 832 2472 499 853 2542 520 576 2430 2112 1478 2149 1149 232 564 29 76 2320 2547 424 1743 2021 132 2000 1714 2016 707 1562 2227
000429.jpg,238 1563 28 2250 505 2716 2552 2500 523 2181 313 705 2689 2534 587 175 2365 2119 2283 849 1827 2370 2527 503 152 711 2193 1680 633 772 1896 1335 2681 1741 2819 1532 734 458 81 2322 2592 1111 972 2052 2479 354 602 2191 1704 504 847 1332 740 2557 1852 2674 1746 1339 92 2144 1376 1912 1278 2099 1708 1752 2177 518 2300 268 1543 671 331 2082 2270 927 330 85 2367 1926 655 2237 1146 2185 726 1929 2241 1655 1656 2806 2044 817 1730 2501 312 999 1102 1934 1831 987
000430.jpg,277 767 1938 1443 1833 889 2686 1747 2496 2315 2532 369 211 1980 2818 1460 2702 2510 951 1834 431 1989 2015 1252 2685 1418 70 2777 2571 597 2077 1272 1065 2478 2384 1686 886 13 95 1793 417 2217 2668 713 1562 1277 1561 1390 2463 2772 1176 1091 576 1557 45 2522 824 1322 1353 1035 132 1401 258 2827 1605 1074 1315 2108 236 1593 1749 1203 617 1064 1342 640 20 2410 2190 2507 2249 1904 1713 997 1801 2182 2245 1334 2242 395 2056 2786 36 691 1343 1743 1263 341 2561 2608
000431.jpg,1034 2672 2374 493 2461 1276 133 1392 2174 1234 1196 210 976 1859 548 294 1765 57 1861 2184 793 1724 2418 2229 1358 1457 280 588 746 1575 366 756 1664 801 263 583 1947 1792 1375 1776 2327 228 2590 1072 1580 1877 885 570 1758 1887 797 2739 857 1350 2004 1930 2332 1229 689 2125 1043 2356 2039 2659 2456 2548 2321 1191 1542 1081 656 1497 704 1551 2581 2206 1086 1279 706 2694 421 2123 158 242 859 2186 1665 880 2838 720 1193 77 2703 2187 1030 422 2198 2330 1345 2662
000432.jpg,629 2677 1865 1949 941 1144 882 84 2421 851 2152 1960 2161 1371 1754 1723 40 2502 1661 281 1038 1605 327 909 2210 592 640 2572 1616 609 1891 244 214 2571 37 1659 2115 270 1272 1283 1041 1738 2162 2494 474 1602 123 13 1113 1987 2671 594 2726 23 2346 1744 745 940 750 481 1397 420 96 2348 1525 1488 1064 1108 2203 2705 2263 2521 1766 744 834 2627 325 1757 1336 2678 2578 106 479 1749 275 713 510 475 894 815 1916 1632 1687 1198 272 2109 148 2831 2058 1184
000433.jpg,2070 1506 1141 383 1356 2470 455 2669 1140 2232 1262 654 216 192 2025 2311 245 525 625 1248 1435 679 1505 139 1598 2396 1787 209 408 61 49 207 2565 838 1780 1282 858 113 225 356 1127 296 2280 252 2017 2173 1781 1124 2794 2164 27 1274 239 418 2137 2053 1715 653 290 1967 618 52 1481 1635 2091 1568 2531 1021 1875 1037 390 1216 1024 1500 822 1472 2765 1662 2693 402 314 495 449 1011 1555 2698 1961 1941 2467 2316 471 2690 131 1918 1475 806 200 2806 33 1050
000434.jpg,2317 1672 2437 1990 44 2700 761 1178 16 2249 1995 47 832 1044 1483 1469 1447 1836 376 1224 1116 1713 2180 1838 2129 1749 1714 683 34 2523 2422 676 2785 834 777 2555 1996 2058 1727 1535 1277 1180 230 1914 115 2202 2288 1346 1357 2495 76 39 926 2281 2745 564 1425 1106 1476 2190 1091 576 88 1786 1818 2114 1856 465 751 2547 1559 1176 1257 983 2111 1523 60 1593 581 95 2224 2441 1304 2695 824 905 198 989 2497 132 75 1971 924 1103 1450 596 1222 695 830 940
000435.jpg,2749 154 2740 1059 1524 203 1629 342 551 2468 956 2444 582 2643 1083 1702 1260 1811 759 795 2801 1215 546 1797 181 2198 1221 1318 285 2460 2710 798 2807 472 1863 685 2727 6 242 2363 1925 1697 1803 160 2168 1882 732 1536 667 1861 158 476 807 934 557 814 1078 1071 2403 1167 2738 620 829 1421 127 636 2431 1667 1520 1480 57 385 2581 1530 1129 147 307 2371 1375 2269 2278 1227 669 1619 1086 133 2548 428 1025 2226 344 280 1675 2473 1580 166 2576 2194 1355 661
000436.jpg,1911 2218 222 1305 1436 2355 1933 1504 850 2512 2362 1790 2071 897 2691 2420 935 2096 836 1638 1267 2394 981 2645 2750 2156 2318 1387 1098 99 755 1052 1321 2432 1200 1709 2468 320 2201 459 1682 2342 2587 595 208 380 73 1806 1380 437 2593 2450 1736 1090 1872 1233 1308 1599 1006 2074 1763 2452 1479 2167 760 586 1628 399 1717 632 443 2268 1085 2446 1082 1163 477 1474 144 612 2514 2163 1510 2535 745 2290 2706 1322 2746 2161 2679 796 1676 1820 1968 717 2458 2617 599 637
000437.jpg,1466 338 730 1707 742 1516 336 1007 2516 1894 1969 1511 1526 1442 1455 1325 1779 257 709 2145 1731 186 937 406 2102 1385 2843 2341 1992 410 519 2763 1138 1131 253 538 1498 1732 1068 1645 1670 773 1079 2377 2746 112 365 1800 248 2302 1871 191 1678 811 1243 1005 830 535 2730 1783 843 2275 678 392 870 1073 1094 435 648 2290 2251 1165 1527 1379 2492 339 1573 2830 1020 1120 544 1794 749 2151 1557 288 1581 1620 2788 2560 1133 2680 1454 1001 774 881 1936 2549 863 2518
000438.jpg,2510 431 1839 70 1035 2772 2478 2777 2077 1753 1125 2561 1834 2818 951 2015 1252 1938 2757 1390 2686 889 1557 1747 1443 2622 1842 1759 767 18 1833 2045 2663 2 2650 2741 2289 1584 277 1910 2702 433 2624 2315 2023 1845 417 315 1996 2135 2601 601 1841 1075 1176 695 888 2415 824 2471 362 230 1329 725 332 2258 19 745 2161 1710 1948 1323 424 1353 1416 1474 165 2276 297 2300 2496 1793 926 1009 1608 1976 988 2602 1096 597 569 1722 2375 1212 2305 2083 132 116 2566 2094
000439.jpg,85 1656 1102 2790 2501 1934 312 2832 2044 2817 1926 943 987 1624 817 2411 2528 188 221 1644 1407 2300 1405 635 1319 2034 556 1796 2545 2082 611 1146 1386 2270 1870 2649 259 1737 480 4 1190 348 1202 2842 1381 2826 2312 626 2389 563 260 1658 1545 925 1417 1782 2424 547 1029 59 1752 135 26 1369 2439 2084 463 518 712 2289 2766 1630 2574 550 2454 445 787 899 558 197 201 1468 1045 1253 2638 1544 663 2241 705 2295 904 2135 489 2714 1901 91 2713 2534 638 179
000440.jpg,1791 2065 567 118 2792 1583 982 998 808 1179 1470 2328 2491 2252 1977 919 9 2682 841 1579 945 1578 2225 1769 382 2778 227 517 1354 1651 952 763 2711 2723 930 916 887 1667 114 1531 928 2042 1851 1063 2729 778 1657 1854 2379 639 748 1585 2575 1920 819 1770 2647 662 1970 1528 1211 2310 1613 1864 134 1819 7 906 978 764 2343 1046 311 547 2559 2076 1404 2618 2200 1367 1386 2793 2274 1271 1148 515 1428 1808 2462 2008 2270 533 923 151 98 2419 1344 1210 994 1327
000441.jpg,2185 2584 1694 1411 1684 1129 2616 2298 1440 1630 665 1446 2481 1360 1294 1112 143 386 787 2271 1939 1258 2529 638 2246 30 810 1270 958 1445 718 2363 71 2619 2517 1514 795 1926 557 2460 879 1619 1624 1045 1925 299 817 1993 2454 697 2790 2528 1644 925 2050 1814 51 1982 147 511 312 2595 550 1545 987 1863 2367 1782 1887 273 2556 85 440 518 2832 2817 46 635 2011 1369 2082 1656 2389 2411 480 2649 169 1589 2844 348 2189 188 345 2270 1202 1407 712 2356 59 2241
000442.jpg,1145 2636 99 1784 1688 2747 694 174 72 1415 2009 164 2775 2274 1023 172 1089 1808 612 156 1155 141 1404 2577 1100 2098 2722 595 1241 460 731 401 2055 1047 1201 453 1872 461 760 1976 1160 208 823 2163 2655 2469 1717 816 2587 1510 477 981 2126 1163 437 399 1826 1599 1233 1085 2733 2161 152 380 1628 693 2679 2074 177 462 1436 2122 1179 2829 2218 1359 1071 2530 996 144 1909 818 2819 2585 1259 2682 345 2684 2106 1491 1903 1466 632 1382 1470 2148 1063 723 1613 916
000443.jpg,956 1882 2468 448 154 644 2476 1015 1560 2749 1610 909 229 2118 2442 1911 2197 2425 1884 971 2313 2572 2706 1032 2188 2216 1638 636 2678 122 459 1286 2688 300 2823 387 42 980 1687 1400 342 973 669 1536 1057 396 2263 1318 2167 2740 327 1525 2623 38 2437 37 400 690 762 1315 1995 1797 416 189 1363 1098 2573 1288 661 2257 2498 551 1284 1180 2661 76 1835 1790 829 1844 1059 2071 1726 2268 1025 2194 1387 1449 1456 275 1836 1084 1703 1108 2720 1336 795 1736 2431 1280
000444.jpg,150 2263 1525 1280 106 1596 2562 43 2498 2678 2188 2623 1726 1083 387 1318 1536 2374 971 1198 1371 636 2229 2476 2442 2761 181 1032 2807 133 689 2060 2554 96 859 189 570 1108 493 1768 2048 1632 294 644 732 1797 210 1927 894 419 620 1659 2572 2141 422 2720 1758 2401 2004 2278 1979 2791 1283 300 2153 1205 270 2688 2303 474 2612 366 793 1859 2425 1113 2677 807 57 1365 1792 38 6 2348 2386 2502 1866 84 1084 1880 275 1260 785 2152 582 762 2071 1144 1358 280
000445.jpg,751 1996 777 2785 1091 230 564 1914 2281 926 1818 2495 1180 1714 2745 2288 2422 1357 1713 34 2523 2202 1116 1856 1224 39 76 683 1178 88 1476 676 2111 1786 2190 576 2441 1836 2129 832 407 1257 2180 2238 47 2242 1093 465 1346 1106 404 1838 2700 983 766 328 2224 187 1971 2114 1195 2733 1073 2827 1594 1561 2579 1176 1535 1841 1593 617 830 1672 1990 824 2000 2684 1601 362 2504 1940 371 1678 1482 1559 761 1609 540 581 95 32 2437 1825 917 1869 462 132 1517 1693
000446.jpg,1093 540 407 2242 1561 2441 617 1091 1856 2827 1346 2111 310 2238 1898 1914 1683 1535 2785 949 777 783 1996 766 983 2202 1343 2745 2190 2114 581 940 1631 2737 328 95 291 1176 1476 832 1693 2112 1087 2542 1004 1298 230 695 1434 576 88 1103 132 596 853 182 898 1448 1785 2615 2413 2422 1558 2493 2656 2504 558 1713 149 1749 1161 2523 1773 1727 341 2295 1714 1593 1760 2016 1019 198 1513 1207 1116 2072 1999 2759 1228 2149 954 824 789 499 520 2000 63 1945 1712 1224
000447.jpg,2792 9 1791 1579 118 1179 567 945 998 1583 841 2491 2328 639 1977 1470 1578 2065 2682 2711 1920 2647 919 952 1667 1770 1769 808 1354 887 1854 382 778 2252 1651 517 2778 114 1531 227 2575 916 1063 1970 748 819 1585 2723 2729 930 982 2042 1657 1851 928 2379 515 2225 98 763 1819 1864 353 776 2462 1625 2556 553 2687 1475 2334 999 1643 2499 390 196 2236 2484 2059 1635 2270 92 1042 2557 1925 726 1275 923 869 507 1997 2814 864 1967 1982 2693 2061 2698 1216 2375
000448.jpg,2792 1179 1579 945 841 9 2491 1583 998 1791 2328 1578 118 567 2682 1977 639 1470 2252 1920 2647 1651 919 887 1769 952 2711 1354 382 1667 517 2778 2065 227 114 1770 778 808 1531 1063 1854 916 2723 2729 748 930 819 2575 1585 982 2225 1970 2042 763 928 1657 1851 98 2379 1662 2334 1864 353 2462 547 363 782 2429 1819 2017 1386 390 1018 1715 1625 196 2062 2693 1475 2059 2687 1465 1918 1635 978 2465 2505 1438 556 2061 225 1026 1967 534 776 806 108 1921 1395 1647
000449.jpg,540 2242 1561 1093 407 617 1346 2441 1535 2827 1091 1856 310 2111 1914 1683 2785 1996 949 1343 777 1631 1898 291 983 2542 2238 783 1693 1593 766 2656 898 940 95 2737 853 1087 2202 2190 2112 1176 832 695 2149 2745 596 1298 2114 1004 581 634 1558 1689 1434 1207 2072 2493 132 1197 1103 24 2016 1334 88 182 1743 2430 2143 1476 1019 1166 714 149 1448 230 1597 954 2521 328 2615 803 1685 198 499 510 558 2413 2547 465 1836 576 1928 1999 824 1602 1785 1760 2203 63
000450.jpg,1272 680 1910 2210 640 2267 13 2520 2671 2421 1430 1553 1236 1699 1949 2380 1754 1256 1041 2217 828 2578 2117 1038 1886 1337 36 370 733 1431 500 377 323 1189 2083 1616 743 2423 2115 569 2032 340 40 536 56 2047 2415 193 332 244 988 1891 1960 866 479 417 2451 121 2384 1562 21 650 1793 1957 1785 571 409 1398 73 272 831 2056 2182 2249 2497 851 2522 609 2227 45 2335 2666 905 2828 713 75 2214 1836 597 738 2469 2570 592 2726 142 940 1065 15 1064 384
000451.jpg,1993 197 2767 1663 1782 2836 1045 2439 712 900 1054 1437 1617 947 1307 1381 1328 1444 2241 463 1679 1422 2130 1486 1552 2050 1261 2837 1218 169 1710 445 260 1658 2707 1208 1623 2840 1544 1468 259 1649 2312 2011 645 1489 2133 550 674 2076 51 563 1253 1123 2088 489 1369 559 735 2515 2826 1948 134 2649 906 1417 2424 2628 904 440 179 1860 480 2084 1029 1878 2419 925 992 2544 319 1190 1870 26 2454 1416 2714 348 965 2287 2412 2046 1640 2652 2769 860 305 2397 769 1362
000452.jpg,823 399 2163 453 1510 1628 73 401 2587 208 595 437 2074 1599 1233 380 760 477 1872 461 981 1717 1976 2126 731 2469 2655 2055 1145 1160 141 2098 2161 694 1023 1047 99 172 2691 2747 1911 1784 174 2009 2636 72 1682 177 2122 612 2829 1085 2679 156 1903 164 2722 816 2497 850 75 198 2577 2463 1504 222 1206 1004 2218 1203 1163 940 1322 1430 1712 954 1790 2112 905 1241 1760 2522 1749 1605 1263 2362 935 2267 1222 427 1685 1236 2245 1740 15 836 2512 1436 2318 76
000453.jpg,2043 2171 650 2810 2816 2666 1891 759 620 181 732 1702 807 2643 1723 1797 1260 2346 1188 475 1697 546 582 6 1916 285 1882 1221 820 1083 411 922 1865 2807 1541 1858 1318 1603 1456 752 468 636 2167 2476 1536 37 661 2425 1768 1284 334 2048 1206 1605 2261 2688 2278 750 148 2463 510 1145 2469 1283 1364 1108 1763 2521 2056 1610 594 1251 1015 1638 1504 270 2497 1322 980 2194 2749 2761 2203 644 45 2182 73 2522 905 609 1203 75 1153 973 2705 2118 2313 1222 2071 1761
000454.jpg,2317 16 2437 1672 44 1483 376 1447 1469 761 1995 1990 2700 2249 1749 1178 832 1836 47 834 1727 2555 1044 2058 1277 1838 2180 1713 1224 1425 1535 2202 1116 1714 115 2129 683 2745 1476 2523 88 34 1914 1103 1304 2190 2422 576 60 198 824 2547 1176 940 2497 95 1004 1999 132 75 596 676 1346 983 905 2112 2831 1712 1867 1760 2785 1523 1593 695 2522 1064 1073 1251 2245 2441 2737 1790 45 1750 1434 783 1364 2695 1856 1722 2096 2216 2182 1263 744 1343 1450 954 1203 291
000455.jpg,197 1993 2439 1417 1489 1710 463 1045 2375 1701 860 900 712 1437 2289 433 1658 2836 1486 1782 480 489 559 550 2419 2241 2649 1663 2397 2084 179 2628 1253 348 1870 1544 2840 2130 2050 1381 2424 1307 260 1369 1422 925 26 1552 2826 445 1617 2767 2454 2082 970 735 2574 2515 1468 1934 1054 1029 2832 134 188 1788 1656 312 440 769 1146 1386 1102 2652 1840 563 1983 1624 2790 2133 2769 1926 1428 904 1627 2270 1328 659 169 524 2011 1737 2501 817 1545 1319 2724 2312 1190 977
000456.jpg,2045 1584 2023 2755 747 770 258 611 1319 1926 188 1796 2397 1102 659 2790 817 1934 463 85 1656 943 2545 2034 1046 1552 1428 74 2082 2670 2817 2724 2574 1029 2564 26 977 2307 312 1172 1146 2300 1407 4 2344 1386 221 1151 2501 987 651 2419 1237 547 2200 2832 550 559 2358 2270 1405 1307 197 2800 2007 1437 1290 489 1339 2454 1627 2076 908 925 1486 237 2424 283 1604 2544 1624 1369 480 556 901 1617 674 2652 186 1414 1701 1320 2769 1417 1793 259 2001 348 712 900
000457.jpg,2771 262 1373 2385 1295 888 641 991 1807 2104 1509 2524 2776 273 741 2619 551 2731 342 1863 203 2139 472 687 2717 1242 2092 1814 1081 2797 2844 1539 2399 2273 2371 2833 1619 2517 583 1925 1824 299 428 837 667 1549 1497 1025 1572 1735 2576 267 2269 1059 588 1589 234 2175 1009 1421 913 1238 2431 1660 2607 718 1776 1480 2455 1291 1530 891 2484 1982 668 2184 1520 1196 127 1071 1803 17 386 2198 2672 2094 842 160 2215 2703 133 264 1494 1122 1994 2529 1765 798 2253 976
000458.jpg,1657 2729 1583 998 928 930 2778 919 2792 1791 118 1354 2379 952 2711 567 1769 1179 1651 2252 2065 1851 1977 808 2491 2682 9 778 1970 382 1579 1854 2328 841 1578 982 517 945 1470 227 639 916 2225 1531 114 2723 763 887 1770 2647 1063 1920 748 1667 2042 1528 2575 1211 1507 2550 2361 98 776 2097 2284 1359 2459 1585 819 2496 2349 2018 276 719 579 566 515 1864 871 764 2146 2585 1819 2026 873 353 35 2462 1220 1351 196 107 1367 2310 2488 1595 195 812 153 1963
000459.jpg,2809 12 1473 1876 433 1721 1895 2289 769 2375 994 2499 950 161 1788 197 2367 608 2622 1725 864 526 1942 1165 274 508 1868 598 1511 368 1055 315 1752 1677 2685 1390 2389 2440 2250 2650 1408 2051 2069 191 531 664 2702 943 271 444 4 2302 140 2757 53 1737 1386 359 626 1955 1771 2370 2059 613 2669 1314 547 1557 2119 2482 1969 2551 1759 788 28 1555 1563 68 1627 2477 2037 2110 192 2556 2435 1892 2625 2082 252 633 2588 2689 188 2774 2766 2270 523 216 2632 1435
000460.jpg,346 2821 2467 2690 52 1481 418 471 402 1438 936 786 363 1220 2687 1008 478 207 1662 108 2465 2505 628 1730 753 2398 1378 1022 452 2407 1097 758 1293 2429 2806 389 806 1026 1822 1465 61 1275 2669 2025 2611 2244 780 534 1143 2301 1929 138 290 295 2062 1273 326 1048 840 580 643 2634 484 467 1918 225 1692 654 159 2059 1787 192 331 655 241 1612 2470 464 1140 31 430 53 1568 2632 1831 1039 2285 1503 2715 999 2070 1706 89 782 2698 125 1780 2142 1921 2061
000461.jpg,1810 2509 67 2583 1001 1075 202 2350 2121 627 1012 1406 249 1055 404 1869 1195 1944 2728 2558 2766 2748 378 359 1926 725 925 1721 1594 550 1901 2057 2207 1453 1752 1609 1407 1894 499 348 1624 1606 2312 480 987 2826 201 165 316 1934 2741 1656 2790 899 563 1644 91 1411 817 2082 1102 1516 2020 312 2719 2241 1146 135 137 2649 2584 371 2294 633 2528 85 87 2817 321 742 1316 2044 349 1045 2825 145 1202 943 2270 86 2233 2842 1905 1870 2832 712 2135 818 902 2033
000462.jpg,2809 1473 12 1876 1721 682 2438 433 2708 2435 608 1895 1592 1677 1627 1330 2569 274 2375 523 255 1874 769 1892 2289 494 1185 178 146 2057 657 368 1899 994 491 2110 677 2037 252 444 1433 2440 2445 1491 1725 217 2084 1777 2657 2670 2704 2250 2660 622 1771 2367 574 2813 2724 2625 161 671 1055 1463 2716 1618 2683 1998 864 74 67 2676 2499 627 1411 197 175 345 162 2561 996 1052 526 313 1737 1944 394 1408 2530 637 2093 1563 4 1545 647 1029 2552 137 1942 1868
000463.jpg,2054 2787 1230 1361 1798 572 293 646 395 727 2644 1451 962 2277 589 2323 1394 1306 658 1951 529 1175 485 1801 1334 545 1683 364 2784 766 2040 215 737 251 789 2000 2238 989 581 2320 436 1883 2540 328 2504 1900 341 1427 1559 304 2381 483 1213 1149 1971 240 2533 2066 101 76 1257 2579 2114 2178 2113 1106 1353 1898 2756 1312 2759 803 1115 1091 16 1786 1231 2161 39 44 2021 1672 1137 2546 2242 2317 29 1093 1300 407 1207 614 1447 2673 754 1333 374 568 2249 584
000464.jpg,2713 2433 1453 2309 1490 2376 1901 201 2545 1796 2034 1860 305 562 715 2721 100 64 1569 48 155 563 1148 1640 2826 439 2650 51 260 168 231 1878 1316 2272 2088 1874 1123 1496 1307 1223 2556 1437 2004 204 2708 2649 659 486 725 677 784 682 2382 421 1986 2289 1940 978 950 1592 925 2367 900 1185 1870 817 2258 491 1948 2135 480 2424 1464 489 348 2652 59 1369 440 26 137 2506 1752 647 2558 550 2569 1937 1658 1775 2189 2438 1381 2455 2815 965 657 1782 1606 1212
000465.jpg,540 1093 2242 407 1561 617 1346 2441 1856 2827 1535 2111 310 1091 1914 2785 2238 1898 766 1996 1683 777 949 1631 291 783 983 1343 1087 2542 853 898 2202 2737 940 1593 2190 832 2114 2112 95 1693 2745 1176 328 2656 1558 581 1197 2493 1689 2072 1103 1004 182 1207 596 695 149 1298 1434 634 24 1019 132 2615 558 2149 1448 1166 88 2413 1476 1928 954 1597 2143 1999 1685 2430 1760 803 230 714 2759 63 2295 1785 1836 1743 465 2016 1602 499 1334 576 426 2521 1749 2024
000466.jpg,430 331 726 999 478 2236 655 1635 390 1715 1967 1050 1475 314 1472 2053 1124 1140 2693 1648 2406 2059 1303 1037 484 1187 2407 1662 1918 2429 471 1438 534 2505 2465 2301 936 27 806 1921 363 1127 2061 799 402 1503 1647 1275 1929 1972 1274 2402 1273 721 1216 1730 2698 758 1395 2806 290 643 2470 2687 389 53 1465 2244 1780 1692 653 780 786 1317 1008 1568 418 1756 391 295 805 2690 2062 1378 2467 1118 2611 220 1755 268 2765 782 1011 108 838 2531 356 1282 1506 1018
000467.jpg,1349 969 234 1572 913 2399 1 1520 2339 2340 1618 307 697 2727 537 1540 2226 1514 511 958 2834 223 2466 2517 2372 718 2635 2253 1824 1095 1615 2215 1025 2529 1698 2223 668 195 342 1409 372 203 1539 1071 71 2717 892 2158 551 2273 1242 2175 46 1270 2524 1807 352 961 1445 1571 180 2198 143 2473 573 1494 1295 798 1059 2654 30 349 1524 638 810 2104 1994 1629 154 262 1652 2710 17 2486 891 1826 2709 1324 1215 846 90 2444 2823 376 1291 912 267 1238 991 2738
000468.jpg,204 2558 899 2135 1212 2741 2842 1606 137 1944 1935 116 1463 2766 2825 725 2041 165 2728 1134 1055 97 246 1067 2068 1547 1130 2736 1056 2294 2305 447 79 1986 2511 1464 1940 2382 2248 1076 2506 2813 2207 1825 1223 1126 686 1841 722 804 362 1874 692 682 2258 329 677 2683 2057 491 2286 2665 2435 1639 647 2649 1962 135 1937 2708 2393 480 1185 2413 2580 350 442 146 1777 1448 494 550 558 2733 2569 948 179 2333 2295 1870 2639 2438 305 2441 790 657 1592 1677 2436 1796
000469.jpg,629 2677 1865 941 1949 1144 882 84 1371 1960 851 2152 2421 281 1661 327 2572 40 592 2161 2502 2162 270 909 1283 2726 1987 2210 1064 1744 1754 1113 609 2263 2571 2056 940 2522 1038 640 1605 1525 1272 45 214 244 474 1108 1041 1723 1768 106 1880 1659 2058 2182 815 2115 2671 2761 1364 13 481 1616 2705 834 2048 272 1749 2627 96 2623 2720 479 1251 1957 1927 2216 2678 2831 384 1891 831 2494 1766 894 1336 621 1727 1738 76 2521 2760 844 1602 2214 171 1203 1632 2404
000470.jpg,1533 757 1728 1231 754 2756 2021 2533 29 2320 286 1149 2172 218 2673 2224 293 213 707 967 135 2295 558 2408 2260 1719 739 1478 1804 91 424 2413 80 184 1945 2638 2235 2143 499 1296 24 1383 119 1132 1984 2078 1588 2024 536 426 1753 2464 2300 1597 672 2777 1849 2077 498 520 1562 76 761 1888 2472 19 1035 1890 1889 1492 1689 1722 2227 2725 2772 26 332 802 2108 1266 388 2296 698 792 983 232 1431 36 2014 2566 2561 1125 2217 142 704 1996 2828 1668 289 925
000471.jpg,1179 2491 1579 945 2792 2328 841 1977 2682 1578 9 1583 998 639 1651 2252 1791 567 118 1470 1920 1769 382 1063 919 2647 517 887 2711 227 778 114 952 1531 2778 1354 1667 2723 2065 1854 916 1770 748 2729 808 1970 930 1657 982 2042 1585 928 2225 819 2575 763 1851 2379 196 2017 2053 1475 2062 1635 98 1662 390 2693 1625 331 2236 363 782 2061 1692 1438 471 1317 2687 1961 31 1018 225 61 1755 1715 1647 1472 1924 1302 936 999 1967 1395 2814 1921 2467 1127 2429 1918
000472.jpg,2138 913 892 2648 2158 2834 46 349 223 1615 1009 2215 2635 1349 1815 2709 352 234 195 837 1698 1540 2223 403 1409 1618 1572 1095 1994 2253 573 90 2372 2466 17 2340 2100 2338 2455 511 2486 1159 642 846 969 600 1571 1060 1622 577 2339 1619 961 2484 127 2063 2226 2797 879 2595 1324 1338 1925 264 147 2844 307 1982 2412 1078 472 2460 299 2820 1816 160 891 1814 1660 1530 2094 1421 2399 1863 2139 1735 2092 537 1480 226 2607 2473 1264 667 2255 2175 1862 2835 372 1291
000473.jpg,2049 530 1290 1017 2282 2093 1604 631 1518 2064 1301 921 446 451 2140 2796 2596 1237 1981 1879 1058 1567 607 984 1613 394 2392 1909 908 1695 542 1000 2257 2782 1853 2543 710 54 2259 1739 660 1673 1893 2664 1906 662 813 337 1331 360 50 1370 1002 1396 1978 1614 2696 904 2042 1063 1468 487 2682 1742 1179 227 1681 2369 1579 1554 1060 2609 345 1384 598 2652 2041 255 2357 1977 1800 1842 1145 1606 444 1935 355 1871 1119 2252 1463 506 2491 778 2312 2085 639 489 1811 97
000474.jpg,1481 418 806 52 780 1465 2244 534 207 2429 2470 1662 786 2059 53 1438 471 484 2690 225 1273 61 999 936 363 402 2698 726 290 2821 346 2467 478 192 1918 2025 2236 2669 1475 331 2687 2301 2407 2465 2505 1140 1275 1780 1008 389 655 758 1730 1929 268 1378 653 1124 2806 2053 643 1787 452 430 108 2285 131 1692 1506 295 1503 2061 1921 391 1022 2693 1037 464 1303 654 1706 1282 799 1568 2557 27 356 2611 1026 1127 1220 1472 1647 753 2396 840 1011 1822 2398 1831
000475.jpg,1656 2790 2817 817 1926 1102 1624 2528 1934 2411 1644 2044 2501 1407 85 943 2832 312 987 221 2300 188 1405 635 1319 556 611 1796 1146 2034 925 1737 2545 59 550 2397 480 1870 1752 626 2574 2082 4 2649 2389 348 26 1386 1360 1369 1630 1545 2367 1202 463 712 2724 197 2556 2185 1029 904 1799 2454 283 1468 659 179 950 2270 349 2477 2069 2826 2312 892 489 2455 1417 2670 1045 2133 900 1627 260 1710 970 622 1411 1055 2344 178 2842 2689 2774 2084 2419 299 2307 524
000476.jpg,1482 2080 2383 1523 441 2695 584 575 845 1016 2754 373 1691 2395 1450 830 1147 1620 603 1678 2275 1732 2518 1120 1073 2733 2525 1382 2106 2684 1646 1517 1410 462 187 393 339 2033 863 590 917 2176 902 87 2166 32 397 2563 1462 1244 2641 2136 728 1177 2414 55 1950 2019 2202 541 1943 993 1914 2073 2550 107 2441 2239 713 2745 940 83 1103 2737 1856 1476 2604 1507 1919 2190 88 1343 834 2111 2245 1004 920 60 761 1364 1669 1535 2522 1251 2555 1169 1064 620 479 1566
000477.jpg,85 2034 2790 1656 1102 2545 2501 1796 312 1926 1934 2832 2044 2817 943 987 221 817 2300 1624 259 188 563 635 2241 2411 100 1640 1407 155 2826 2528 715 2713 2650 1405 1644 1569 1316 1878 51 48 2544 201 2439 1658 168 1123 663 518 2721 231 1319 2538 1381 2433 1901 260 1584 1752 2309 1045 2270 1860 2649 992 2082 439 1870 1422 219 562 1417 705 64 1496 1840 1190 550 480 1148 305 2631 197 2714 1453 1146 1636 2769 1362 712 1414 2289 2840 1490 556 1202 2189 2424 348
000478.jpg,752 2823 2725 2464 957 2448 1889 609 5 620 2457 844 1515 509 1766 1426 2404 1797 732 759 466 411 181 1188 2807 744 2643 1702 807 498 2128 1318 2278 1260 2468 1696 163 2014 2425 2169 425 473 1061 400 2124 2366 285 1258 1637 375 650 959 2444 306 42 1541 2666 2351 388 1556 229 2141 60 2222 1939 2661 2246 536 2476 1858 827 1995 1697 2749 636 1768 38 115 1326 2031 2179 1108 757 2171 815 1990 750 1288 2043 582 119 2508 1304 2048 697 47 1456 334 1200 1502
000479.jpg,430 331 726 999 478 2236 655 1635 390 1967 1715 1050 314 1475 2053 1472 1124 1140 2693 1648 2406 2059 484 1037 1303 2407 1662 1187 2429 534 1918 471 1438 2465 2505 2301 806 27 936 363 1275 1929 1127 799 1503 402 1730 2806 1273 1274 1921 2061 2698 53 2687 1216 2244 2470 780 758 1465 290 786 389 295 418 643 1647 1780 2402 1972 721 1395 1008 653 1692 1378 2690 1317 1568 2467 1756 268 1481 391 2611 2765 2062 805 1706 108 1011 464 782 1755 838 2531 1022 452 1282
000480.jpg,2091 239 2794 2164 1781 2173 2280 1248 525 1505 1435 2311 113 625 679 209 1356 27 216 838 1598 139 654 245 1127 858 1274 252 2137 2232 383 1472 2565 408 822 1282 356 49 2025 2693 1780 296 1787 1018 782 1011 1187 2070 2669 1037 2396 192 449 1568 2531 2632 1506 1141 1124 495 2017 1961 1967 1555 643 1635 2053 1048 390 1647 1216 1503 1924 1715 1843 653 1941 1692 1317 1500 2765 241 1475 33 1648 2301 1972 61 2611 721 207 2406 455 2062 131 1706 331 464 1050 1755
000481.jpg,1114 702 848 1830 931 1767 126 1845 2624 2471 1908 2601 2276 578 768 103 1323 990 1235 297 688 284 835 1608 502 1413 1391 1186 1107 2314 250 65 1720 903 1821 522 1340 1512 1254 2388 684 1553 1975 1430 1334 634 1310 2217 2415 853 2224 1888 569 2323 289 1272 2143 24 1256 426 2430 1793 310 2656 1189 1597 1075 1928 988 370 21 2210 36 340 1693 193 1886 1699 1431 1689 332 2568 2451 1798 500 417 979 176 76 954 2384 2542 2423 2227 292 680 323 2668 73 2421
000482.jpg,2666 650 2816 2171 2810 2043 1891 1723 2346 475 1916 807 759 620 732 1702 2643 181 1260 546 1865 1797 582 1188 6 1083 285 1882 1221 820 1697 1605 411 1541 2152 420 1858 922 1397 2502 2807 1603 1139 148 752 2768 2521 905 468 2497 2149 1206 75 1456 2688 2410 2278 2107 1222 510 560 1318 1203 2463 750 198 2841 372 2179 1420 308 2656 594 384 1785 214 713 1322 322 949 2214 479 2469 1957 691 2313 1738 831 1225 661 272 954 60 2154 84 1750 15 953 1074 1685
000483.jpg,1303 2059 2429 484 534 1662 1438 806 471 999 2236 726 478 1475 2244 780 1465 53 1273 1918 2470 331 418 2698 786 2407 936 363 402 655 1472 2301 1140 1481 430 2053 1124 2465 2505 52 2693 1503 2687 207 2690 2061 1008 1275 290 1037 1929 643 268 1378 27 1647 389 1780 1921 390 758 1635 1730 1967 1127 2402 314 2467 721 1715 1022 1274 1972 1692 108 2806 391 653 225 799 1831 2821 346 1050 2406 467 1568 1756 782 840 1317 295 1648 1395 2794 1755 61 2285 1187 1018
000484.jpg,1481 418 52 806 780 534 207 1465 2244 2429 2470 1662 786 53 471 2059 1438 484 2690 225 61 290 2821 346 2025 936 2467 402 999 363 1273 2698 726 192 2669 1918 478 1780 331 2236 1475 2687 1140 2465 2505 452 1275 2806 2053 1787 389 268 1124 1730 2301 2407 653 758 295 1929 655 1008 430 2285 131 654 1378 1506 1503 643 2396 1037 2531 1011 108 1127 525 753 2311 1692 1282 2557 467 838 2173 628 1022 1875 2611 1097 2280 2693 2794 2398 2634 49 408 1293 27 1706
000485.jpg,1417 1710 1489 860 2769 1701 348 26 925 1870 2454 1369 2714 480 2649 179 2375 550 1788 2538 663 197 1422 433 1895 712 2289 769 2001 2130 2650 161 463 606 1328 1627 100 1045 715 1569 2424 489 2721 2817 2626 1782 2084 1658 817 2241 2753 178 675 2482 1253 260 2836 2544 2840 1437 2826 2050 1381 2011 2397 1934 622 947 1617 2724 1796 1993 1926 645 305 2652 1319 259 445 1552 2501 524 1029 1624 1656 1679 2574 1486 1644 2646 2480 59 2676 562 563 188 64 48 1190 900
000486.jpg,2091 2794 239 2164 27 1781 2280 525 2173 1505 209 838 113 2311 216 1248 1435 625 1356 1598 679 654 1472 1127 139 245 858 1274 2232 383 2693 408 252 1282 2565 356 1961 1037 296 2137 49 1780 2025 2017 653 1506 782 1568 449 1018 1187 822 2396 1787 1647 1011 1555 2053 1475 1124 1692 643 1140 2669 2632 1755 2531 2061 721 1048 2402 799 1972 1967 1635 2611 495 2062 390 225 192 1216 1715 2236 331 455 999 1843 1662 1262 2765 2070 2406 33 1317 1924 464 1941 1706 1395
000487.jpg,2066 2113 1213 304 2178 1115 1300 2546 898 1389 1087 1558 714 853 1197 1785 1207 2072 2493 803 1394 1928 483 1166 1175 485 465 1561 614 2409 1951 374 1306 617 1883 589 1427 2787 251 1798 727 895 1590 2784 93 1228 1773 658 1137 1513 2759 1161 1353 2324 646 2242 1847 1795 789 1257 293 2054 2540 1334 545 240 2542 499 215 962 76 1230 1801 395 540 407 101 676 634 529 1361 1593 572 436 2430 2579 1971 2323 1093 24 2644 1898 1312 341 2022 1535 2504 364 328 1333
000488.jpg,2389 59 1545 1146 4 1202 626 1737 2082 1799 2367 1386 1752 2270 2477 188 556 826 547 950 518 987 283 611 312 266 635 1319 1405 85 2501 2832 1934 613 2069 1102 2300 2044 2631 1926 1656 2528 2411 817 1407 274 1624 943 271 864 994 2440 1408 1491 526 771 996 1942 2530 2119 633 1692 2817 705 2556 2534 1864 2527 2312 1563 608 2790 68 1974 2370 2144 2681 904 134 1644 1461 1316 1157 1468 587 2689 2181 2789 1302 120 348 1117 221 643 781 1819 503 1873 2774 2766
000489.jpg,472 1803 127 2444 342 1059 551 2266 262 888 2385 2063 226 1509 1421 1530 1807 2094 1295 1828 17 2738 1811 1607 2138 160 1964 667 2614 1373 641 317 687 1078 573 1069 2835 2758 405 2771 1167 1341 403 1355 991 537 846 2710 1925 1159 2731 2740 2820 2255 1338 166 1863 1619 600 352 1982 2431 147 2595 1652 2412 1815 2484 2811 154 2455 642 385 577 1060 2776 1571 1735 1589 1814 203 1524 41 2100 1122 428 511 741 264 1215 1025 2486 2208 1540 2635 814 2339 2371 2231 90
000490.jpg,1034 2461 1276 493 2374 2672 1392 1234 210 2174 548 1724 1765 2418 2184 1196 793 294 1861 1664 57 133 1859 1575 746 583 1358 2229 280 1792 801 1375 976 1580 1457 588 263 2327 1776 885 1072 2590 756 797 1758 1350 857 366 1877 228 2548 2039 2125 2456 2739 2004 570 2332 1930 2659 1887 1947 1497 1081 2356 1043 1191 1542 2123 1665 689 656 704 1551 2206 720 1229 2321 1279 2838 706 2186 1675 421 2581 2694 2187 77 1345 1086 422 1193 859 880 2703 438 2662 514 842 158
000491.jpg,2049 530 1290 1604 2282 1518 1301 446 451 631 1017 2140 1567 1237 2064 1058 1981 2796 2596 921 984 2093 607 394 1879 1613 813 2257 1370 908 1554 2392 1396 1673 1909 660 1906 2696 1331 542 662 1105 243 710 2782 54 1739 1742 1384 355 1893 1614 2357 1853 2259 1000 506 1002 360 827 400 2664 565 337 1978 1638 2543 966 2661 1736 50 836 1286 2660 1695 1709 2432 755 1321 2342 1681 1904 1032 2507 1401 2216 171 2450 1844 1806 189 2060 1632 2201 2607 1098 2458 2519 1142 2243
000492.jpg,1948 1096 1416 1897 1362 497 1586 992 2046 2352 1569 2721 2272 1218 1051 1316 2815 2556 1658 1381 100 2241 305 1796 1860 2034 712 155 1261 715 2817 925 48 2650 562 1934 2790 1993 611 1496 1926 2312 259 987 1782 1319 64 817 1630 2454 1552 1369 51 1644 1045 439 2628 2826 2767 260 1636 188 659 85 2082 348 1407 1656 312 2832 1684 194 231 2713 1237 26 451 2545 2397 2649 480 2213 1518 2836 2825 2501 1102 1360 2598 319 2528 1617 2298 2044 550 201 1901 2411 2185 2455
000493.jpg,196 353 776 1625 98 2474 869 1963 1819 1643 1864 910 2256 2081 233 585 1042 2353 2067 2334 2361 781 2462 701 1402 2103 1344 809 276 2186 2157 2101 69 2336 2027 1246 481 282 1078 160 1970 166 2094 515 592 892 2153 2152 1574 894 836 1540 2502 1632 797 1214 1530 2614 217 96 779 1305 929 255 2264 1330 1985 434 2484 2109 1204 2738 423 1311 1171 2139 1667 538 837 825 2582 84 1839 846 2151 1987 1546 1949 2219 1661 1660 323 248 1041 392 1052 2092 1183 253 843
000494.jpg,2843 257 1871 2613 1731 1800 1138 392 1645 1419 288 1707 2609 742 937 416 2331 1527 2377 535 301 1894 1068 338 1007 1466 1131 1455 1516 730 336 2341 821 519 678 2299 406 855 1243 749 2830 1850 253 2196 1779 1142 1385 2087 2243 1992 883 1498 1794 2763 1379 410 365 2145 2549 1200 593 2746 2519 2417 610 2364 673 1040 2394 1309 94 2492 2560 435 774 1020 1311 2251 2516 773 1424 2290 800 2102 709 2005 870 19 2730 605 2788 1094 2151 1913 1079 2697 1174 248 1005 1936
000495.jpg,2091 239 2794 2164 1781 2173 2280 1127 1274 209 838 1472 27 525 2693 1780 139 1435 1248 2311 1505 113 408 1598 2025 2232 1282 216 245 1356 356 625 49 1037 654 653 2669 1011 296 858 2053 1568 1475 2017 2236 192 331 1961 679 1506 1124 2137 225 643 2632 1555 782 1755 61 999 290 1187 390 1018 2059 1635 1317 1303 252 1692 655 1048 1967 449 1662 1612 2406 2531 207 799 822 1140 268 1275 1715 2061 383 2396 2611 1647 2765 484 1972 430 1706 478 2301 806 1395 726
000496.jpg,658 727 589 1306 485 2787 1798 1175 1951 293 2054 646 1361 76 304 2178 1334 1213 2113 761 1312 2066 2224 572 1230 2546 2323 1804 1559 962 1149 1106 286 29 757 2172 2533 1115 1451 1394 1728 1207 1231 1469 16 2072 1447 1995 376 967 2673 2249 1206 395 1425 218 2320 1087 1558 45 1483 1401 36 792 2464 2056 905 2404 1064 1203 1719 2317 44 680 1201 853 1364 2522 1749 2644 2495 1257 500 1605 2497 1188 644 1865 1499 2521 744 75 2469 510 2267 2021 1891 2705 2277 714
000497.jpg,197 1993 2439 1045 712 550 1658 1544 1417 179 2628 2375 463 2241 2050 2649 1381 1422 1782 2130 735 480 2289 440 1870 1369 1489 2836 348 1710 1840 925 1663 26 900 2454 1054 2769 1437 433 860 260 2826 1617 1218 659 2767 169 563 1701 1486 559 2840 947 2082 134 51 1444 1261 1552 1926 2133 489 1253 1788 1051 1468 1307 1407 1624 2832 1328 2790 1146 445 2084 1029 1102 1656 2538 59 1679 2270 2528 1589 2419 1796 518 663 312 1202 1545 305 2397 2312 1386 1934 1644 188 194
000498.jpg,1371 2502 2152 1113 2263 1525 214 2623 2572 2841 1280 1605 2141 2348 1661 851 1602 327 1139 1866 629 106 1953 1865 1032 1171 941 2567 1738 1632 1927 1144 2678 2109 96 894 1960 2768 621 84 2401 1397 420 1084 2726 183 2751 189 2554 2153 1064 1214 171 2522 1364 2677 744 22 1365 2060 1251 419 924 270 1283 2056 2203 2182 609 2705 2162 1184 2760 45 117 236 2612 510 1659 2608 40 1744 2521 592 474 957 1488 1198 2831 481 1768 148 594 1949 275 2030 23 2303 2048 1288
000499.jpg,1778 105 2394 11 2110 664 666 1946 2446 1992 2809 2642 599 2537 2452 1876 144 2718 519 1721 1442 773 416 1419 318 2147 2763 908 2102 2678 1779 301 1325 2245 1152 1083 1385 897 406 2145 1473 490 997 1020 1036 2680 2277 1423 1968 1784 141 1006 1954 2830 1567 474 881 2807 2195 2512 1318 2263 1641 172 2507 1074 1581 435 337 1702 285 2572 2514 482 1231 732 2005 2410 488 1219 1200 1203 2660 761 351 2346 1239 1401 713 1044 1726 1797 232 1225 1155 19 1654 2560 12 1100
000500.jpg,2797 2844 352 1735 2731 1539 2092 2139 299 2269 2833 667 891 1982 1549 2371 428 2776 2576 741 1925 2473 537 837 1814 2403 1619 264 1589 1009 2484 90 2455 1122 1863 879 687 160 1530 2094 1078 1815 867 267 403 2175 1238 1159 226 1421 2460 1607 2138 641 1341 577 2412 127 17 573 1338 2385 991 846 1480 2758 262 2835 1069 888 2063 1660 2226 557 2607 1291 642 2738 1295 1816 2633 1828 2771 2266 2431 147 2614 814 2595 2100 1807 2486 166 405 2338 273 1373 472 1698 2811
000501.jpg,1343 1019 1298 1333 2737 940 1434 63 949 2022 783 182 1004 2112 1760 954 1749 1712 1685 149 1727 2542 198 75 1103 2497 1999 2016 1304 1277 2058 834 2555 60 310 376 1483 2827 2656 1447 1469 1561 617 761 16 1693 2149 2441 1995 1672 1593 2202 95 596 2437 2249 1197 2317 44 2190 1087 1044 576 1176 2242 1207 983 832 898 2745 1558 1161 1914 2072 2785 1364 2522 824 1300 1228 2726 1605 1064 1686 2571 1743 1535 2182 695 45 609 499 520 597 727 40 2566 2056 1283 1856
000502.jpg,2809 1473 1876 12 1721 433 2289 1895 769 2375 1788 161 2482 608 2051 2499 274 197 368 1942 526 444 2622 864 2650 994 664 271 1408 2440 2367 598 1725 1677 1555 173 2144 68 950 1439 2110 252 1339 1955 1390 2389 553 216 1314 1435 1924 1737 2256 1598 1868 2597 2789 2028 626 59 188 1127 1956 1892 2813 858 2770 1771 331 2435 1010 2061 1472 120 1240 2606 1931 53 890 1545 523 1386 1302 1475 1584 1961 1461 2037 2059 1117 2625 2265 508 1756 2814 1692 2799 192 2794 225
000503.jpg,1870 2649 925 1369 26 348 480 2454 2769 2714 550 179 663 2538 1422 712 2375 1417 689 1489 1710 421 1930 2130 2123 260 1701 570 1792 860 2581 463 2004 704 1758 756 1468 280 1453 1580 1045 1190 1665 1901 733 1431 1193 135 201 445 2826 2312 2235 2039 2088 2050 2827 518 866 2125 2241 2418 1102 659 2694 1888 91 1535 2332 683 2356 2413 2327 2790 197 2574 1948 2116 1861 2295 857 2309 2441 2184 1644 1478 1437 2424 2659 2011 1392 1551 1393 36 983 2456 1132 832 228 884
000504.jpg,2437 1672 2317 16 44 1483 376 1469 1447 1990 2700 1995 761 2249 1178 1749 832 1836 47 834 2058 1727 1044 2555 1838 1277 2180 1535 1224 115 1425 1713 2129 1116 1714 683 2523 34 1593 1346 2202 1795 940 1228 1304 576 2422 2831 2190 198 1476 2497 1004 676 1064 2522 2182 2745 1849 1251 2695 60 2056 1364 905 45 75 1914 1847 95 1203 291 983 1103 1523 183 1161 2760 1773 1288 2216 2705 1363 1785 1176 1867 1343 707 1206 2112 1513 2737 949 2401 2210 2571 1434 1032 845 1722
000505.jpg,1836 2700 1990 1713 47 1178 1116 1224 1714 832 683 2180 1838 2523 2129 34 2422 1672 2437 676 1535 2317 1914 2202 2745 2785 1593 2249 44 1476 1346 88 291 2190 576 1996 777 983 2441 1856 1176 2111 16 1995 2827 1091 824 695 2547 95 376 132 617 1483 1631 761 1469 1447 596 1529 1749 2390 1849 310 1867 2656 465 1425 834 230 1727 1693 1561 2245 1722 2149 940 2542 1203 1263 39 905 2555 115 707 1750 1357 2288 1641 1343 1103 2744 2281 36 946 424 1004 1743 588 198
000506.jpg,1272 1910 680 2421 2267 1430 1553 2210 640 1041 1038 2380 1754 1236 1699 1949 13 2520 1256 2671 2217 1886 2578 1616 2117 1337 828 40 2115 569 36 370 1431 851 500 1189 323 592 244 733 193 1960 56 2415 988 2083 332 1793 2032 536 743 2423 1521 121 377 2726 2568 2162 839 1049 2047 1132 1785 340 427 609 1562 2384 1957 272 2521 2828 2668 933 1668 21 417 698 979 2090 479 738 1744 1588 571 510 2227 384 940 2827 831 1888 866 1749 409 2602 1738 1398 310 2451
000507.jpg,2091 239 2794 2164 1781 2173 2280 1127 1274 209 838 525 27 1472 139 1435 1505 2311 1248 1780 2693 245 625 654 216 408 1356 2232 113 2025 1282 679 356 1598 296 653 1011 2531 49 858 2669 2137 1037 449 1555 2396 1506 2017 1787 1961 192 1843 383 252 268 1475 1124 2765 331 1024 822 2565 131 2285 225 2053 495 290 61 1875 782 1187 2236 430 1635 2301 33 390 999 207 1967 1924 1018 2632 1216 1140 1941 314 1503 643 1303 478 1662 1568 484 655 1755 471 1648 758
000508.jpg,2509 1810 67 1001 1075 2583 2350 2121 202 249 1012 627 1406 404 1195 1944 1055 1609 742 2057 1894 1707 1594 338 1606 2728 2558 1869 902 2825 899 2020 818 1088 1212 2033 1517 917 1516 2135 2684 538 725 2766 1626 2741 1169 137 843 499 2651 2207 2233 2106 201 1466 1382 2809 730 378 32 937 2254 1259 2733 2042 232 357 550 371 1223 2780 2447 165 1192 321 811 1779 2368 187 494 2291 1805 709 1945 590 204 2294 359 1832 574 87 145 1734 349 2525 2605 1969 2240 1441
000509.jpg,1034 1392 2461 1276 210 793 280 2418 1234 1861 1859 57 1072 1580 2174 1792 689 1665 2548 2125 294 2838 570 1375 2456 2229 2004 2374 493 1724 2327 1758 1930 422 1575 2186 1776 746 1350 1664 801 2672 857 2590 2330 2198 797 1292 720 1765 421 885 2581 2694 704 1675 2187 1358 2206 2703 976 880 2039 130 1086 1043 2662 1030 1196 1193 842 1947 1887 548 1377 77 756 287 1457 1551 1532 2356 2123 82 934 133 438 2739 514 872 649 2184 798 2332 1522 2659 849 470 2588 2322
000510.jpg,982 2065 2252 1977 1651 2225 2328 2682 1791 2491 2723 567 763 118 808 1578 916 227 1063 2042 1179 1583 382 919 517 1470 1531 2792 1769 2778 998 748 930 114 887 928 1354 841 952 778 2711 1851 9 1657 1854 2729 662 1579 2310 945 2379 2575 1585 1613 1211 1528 1770 1667 819 1970 1058 2392 2796 2140 2660 1160 2007 1909 396 2559 2221 911 671 2372 2732 2357 1560 1100 2577 1271 631 528 512 984 1292 1158 764 1046 1404 1518 7 1301 2482 1299 1002 639 1239 1168 1555 2212
000511.jpg,2070 1141 1506 383 1356 679 625 1435 1248 2311 1598 525 654 1505 216 252 245 2470 2669 858 139 209 2232 49 2396 1787 2565 192 113 2025 2280 838 408 2173 1140 455 1780 61 2794 2137 2164 1282 296 356 1781 27 239 1262 207 1127 2091 1555 822 225 1299 1168 1124 1018 2053 1216 1715 1274 449 2279 1924 2531 1967 1037 782 1481 2017 1635 2693 52 418 2809 1648 574 53 390 1829 1918 1021 1024 1187 1465 1612 1568 290 653 1441 1056 1011 2406 402 1857 1662 2806 314 561
000512.jpg,2034 2545 1796 1569 48 100 2817 64 1656 2713 715 1624 2790 1640 2528 1934 2721 305 51 1644 1102 1926 1407 2411 817 2044 2501 155 943 2832 439 201 188 2826 312 562 221 85 563 260 1870 2309 2649 925 26 712 2300 987 1453 2439 1782 1658 1901 1369 550 1860 1045 1319 1381 480 1417 348 2650 2088 1993 2433 659 900 2767 1218 1422 197 2836 2241 1437 1490 1878 1584 179 2312 463 1948 2454 1663 259 1405 1710 559 1123 1307 1489 2424 1468 892 1910 947 2638 2628 168 1190
000513.jpg,529 395 2277 1801 2644 962 572 2323 1394 1230 1798 1334 2000 1361 1451 545 1559 646 989 2787 2054 364 215 2040 737 436 1106 101 581 1683 1175 2759 251 341 1971 2504 2114 485 2381 2579 1900 803 374 1257 766 1883 1306 1427 1951 2242 1786 328 1353 2238 1938 293 2784 789 589 727 2540 1833 1443 2066 1898 2113 240 1213 304 1115 2178 483 889 658 431 2496 714 2686 407 2015 1166 1035 1561 2510 2546 76 1252 1300 1389 39 1928 1747 2561 2409 1091 1357 951 898 1834 2818
000514.jpg,723 2585 1359 539 303 1772 450 247 1121 1204 2485 1997 153 2582 206 1403 343 1751 2603 862 2018 871 2284 2146 719 1633 2551 764 2008 1289 1493 914 2487 212 604 2718 812 1351 35 190 615 1915 58 1128 2209 874 2824 2453 1347 1157 1534 2165 526 2361 864 1577 1600 271 1963 1472 276 585 549 994 1247 274 1942 2440 2729 701 1657 2067 118 2334 1583 1708 2544 1278 2252 2792 978 2370 608 841 2652 239 216 2343 1650 547 2076 2173 1579 2610 776 2353 1408 390 2012 209
000515.jpg,340 979 2227 2786 332 536 2668 176 1065 2384 1562 2108 1393 1418 1033 886 2451 1686 1890 569 597 289 417 21 1588 1888 2743 1132 554 121 1398 62 2090 988 2029 361 1431 199 1268 193 36 1492 142 681 1449 802 555 866 429 878 571 2078 1053 680 893 302 2117 733 292 868 78 2217 1699 500 1256 2267 1553 2423 432 1430 1793 2333 1236 2566 2380 743 1272 2210 940 427 2335 1886 2522 2415 1499 1203 2056 2224 1004 45 1910 2112 2827 2190 1529 1343 1749 2441 1064 520
000516.jpg,2792 1583 1179 998 1791 1579 2491 118 567 2682 2328 841 1977 9 945 1578 1470 2252 2065 1651 639 227 382 916 2711 517 887 919 2778 1667 1063 778 808 1531 1854 748 1769 982 114 2723 1354 1920 952 928 930 1657 2729 1585 1970 1770 2042 2647 2225 819 2575 763 1851 1220 363 1612 936 113 2372 2631 344 2168 1356 1018 2368 2565 2379 2505 2465 1626 1688 2467 1168 1299 628 402 1048 27 181 471 782 2482 2146 383 2480 2013 606 2316 2636 1438 2274 625 1289 2310 786 2606
000517.jpg,2713 2433 1453 2309 1490 1901 2376 2034 201 2545 1860 1796 563 100 48 1148 715 305 562 231 2826 155 439 2721 2650 168 1569 1640 64 260 51 204 2088 1316 1878 421 1123 659 2842 559 1307 1437 899 2135 704 486 784 1212 2515 857 2289 1606 1874 900 1940 2553 1584 1362 2649 26 1190 1870 480 1369 725 1496 1948 2213 1486 2229 2455 137 1463 1056 185 2367 2155 950 1034 2272 2501 2769 2068 2840 2714 264 1337 2741 1986 2454 2558 2424 837 925 1350 77 1828 2844 2461 1934
000518.jpg,472 2444 1803 1059 342 551 1811 1509 1355 127 1167 2738 262 154 2740 147 1807 1524 2710 1421 2595 203 2758 1069 888 317 2063 1295 2385 160 2175 1530 405 2094 2340 2138 1607 1341 1338 1629 1078 1 1964 226 2266 1373 391 1520 687 2614 166 600 2412 352 2709 1242 1540 1622 577 2189 1652 1060 1814 2835 2208 273 17 1925 2811 1571 2486 741 1982 685 1828 2820 2771 641 667 2399 2231 1215 195 1025 573 307 537 2255 846 2460 2675 2727 2100 2013 2776 1619 1314 2698 2484 267
000519.jpg,222 2218 1933 1504 1436 1790 2512 850 1305 897 2071 2362 836 2096 935 2645 2156 1098 1321 1638 1709 2750 1911 2432 2355 755 1736 2450 1806 2691 2201 1052 2342 2420 1200 1387 2394 2446 99 2452 1006 599 1425 1267 459 1621 2642 2537 1750 2463 2318 1749 1308 905 1447 586 1469 946 2245 761 2437 1263 2410 443 1090 2514 2623 73 2700 2086 1322 1785 2497 2317 2167 2555 783 45 1836 1474 2522 1222 2074 2560 1145 1763 1581 1203 198 940 2249 16 2058 1483 325 474 834 376 666 75
000520.jpg,1483 376 1447 1469 16 2317 44 2437 1749 1672 761 2249 1995 2700 1990 1727 834 2058 2555 1178 1277 1836 832 1044 1103 940 1004 1425 2112 198 1999 1434 1535 2737 2497 47 1304 75 1760 1343 1712 949 2202 783 182 115 149 60 1298 1838 1476 1713 2522 2745 954 1346 1064 2831 1914 2129 1714 2180 1224 1685 45 1867 905 1019 2571 2542 2401 88 576 1251 95 2245 1116 946 1263 1661 1856 1790 1593 2190 683 1203 1364 1176 1750 2096 63 2566 2056 106 2469 894 1336 2554 2547 596
000521.jpg,2252 1651 1977 2682 2310 2328 2491 1583 2660 1578 1368 1179 1566 1367 1239 2042 2723 998 1211 1063 512 841 916 2488 1920 1579 517 982 1531 227 118 887 1906 945 813 1331 1470 566 2026 748 1585 515 2225 607 492 1154 1657 2507 919 2711 2792 1614 997 928 1778 819 1769 311 1419 114 382 1210 1667 2732 1200 9 355 908 2007 1401 639 1554 2729 1904 1791 671 2696 2647 1495 2349 2459 1370 1956 2257 105 394 1673 1058 861 966 2379 2658 2110 692 763 1002 2446 2718 1518 2065
000522.jpg,2185 1440 1694 2584 1411 386 143 1129 1684 2616 2529 2298 2271 718 1630 1939 787 665 1294 810 1446 2481 958 1360 2363 2517 2246 1112 638 71 1445 30 2619 1258 1270 1514 557 2460 2139 299 273 697 2844 888 879 2833 1925 795 2092 262 1373 1619 2269 147 1982 2104 2771 2524 641 267 1291 2672 1238 2797 2731 2468 1814 2576 891 1863 1480 1807 1887 2385 667 2206 2371 2595 1295 991 741 133 428 1816 1366 160 1993 1378 1180 2175 1589 1549 2455 2776 1877 1267 814 685 389 2356
000523.jpg,1931 2526 2220 1433 2704 939 2445 2089 482 2427 255 217 1330 2183 637 521 2657 1439 2617 2308 2712 619 2051 1088 574 2057 494 2683 2639 2291 1677 1892 2037 2435 647 1771 1725 2499 2440 1874 2625 368 1899 271 1942 531 1998 1408 1629 1223 146 274 608 598 526 444 1524 864 994 1055 1052 2389 2719 1545 1555 508 790 1937 1592 626 2766 1056 2438 2367 12 2569 1146 974 2813 2393 4 1752 677 59 682 948 2248 1737 68 1639 1386 2144 447 317 2286 950 1185 633 2728 2439
000524.jpg,1509 2710 1242 1807 1295 2444 2175 262 1373 2740 2104 2771 888 273 991 641 1803 2524 203 1811 2385 2013 147 127 1059 1539 2468 685 2595 2473 557 1167 2460 969 687 342 267 1863 1238 1291 879 891 472 1355 154 1524 2363 2749 741 1925 1629 2226 2403 2731 551 2776 1982 577 1619 226 667 2709 428 352 2340 2797 2844 2517 1814 1589 795 2738 1122 2269 2371 299 1324 2255 537 1530 2139 90 1694 2576 2529 2266 2801 2811 2820 2094 829 160 405 1 1549 2835 2412 1008 2833 143
000525.jpg,867 1735 2138 1159 573 403 846 2063 1815 17 537 1338 90 642 2403 127 2835 2484 2614 2412 1009 600 837 1925 2255 667 2811 2486 1619 2455 1660 1982 2100 2607 1060 1622 385 1530 2431 1078 2633 1816 1863 1828 226 1571 264 1480 2094 814 1341 2338 1698 1607 687 352 317 160 405 1814 2758 1069 428 195 1964 879 2731 1421 2797 1589 2738 2844 299 1122 1366 2223 2371 1994 2266 166 891 557 2460 1291 2339 2092 472 2269 2189 2776 267 2139 2833 2783 961 1238 511 577 2820 2709
000526.jpg,898 1087 853 1558 2072 1207 1561 714 1197 2493 540 1928 1166 1300 1590 2409 617 895 465 93 614 2242 1535 2066 1137 2324 1631 1346 803 1213 2113 2542 1785 634 291 676 1689 1593 24 1257 2143 2430 1597 304 1115 426 2178 499 2024 2827 1334 1228 310 2546 407 1389 1019 1298 1093 954 2441 182 483 2656 1333 940 1685 63 2112 1773 1513 1434 2784 1161 739 149 1343 1004 832 2149 1712 272 1760 1786 1693 2016 1957 751 1836 1847 1883 1856 1914 75 831 2214 1091 2521 251 485
000527.jpg,1034 2461 1276 1392 210 2374 493 2418 1234 57 2672 1861 2174 294 280 793 1859 1580 1792 1724 2229 1575 1664 1072 1375 746 1758 2125 2327 1358 548 1350 885 801 756 133 1930 2456 2004 857 570 1665 1765 689 704 1196 2590 797 2184 1776 2548 1457 2039 421 976 1551 77 2186 263 2356 1947 1887 2123 2581 2332 2739 720 2694 1877 2659 1229 422 2206 1043 228 583 366 2330 588 2838 1191 1542 2321 656 1193 1086 706 1377 1345 1675 170 2198 1279 287 242 438 1497 158 934 2662
000528.jpg,1371 1113 2263 1525 2502 2152 2141 2572 214 1280 2623 2841 851 1661 327 2348 957 1602 1139 1866 1953 1605 2464 106 2522 2056 621 629 609 2404 1064 2678 45 1364 1865 2725 183 1084 2448 1889 744 1766 2182 1251 1960 171 509 2612 2457 1738 2760 1768 941 1032 2608 236 844 2521 38 510 1171 2048 2751 1659 2401 23 22 84 40 270 1365 592 1632 1214 1144 2128 1927 690 1744 894 2109 2705 2203 1283 1397 420 2567 189 96 2153 2726 924 1080 1515 2706 940 1004 520 198 1232
000529.jpg,1583 998 2792 118 1791 567 2711 919 1579 1179 9 841 945 1769 2491 2065 1354 952 382 2328 517 1854 778 1578 1977 2252 2682 808 2778 1470 639 2647 1970 2729 1651 1657 227 1920 930 114 928 1667 916 1531 887 1770 1851 1063 2379 982 2723 2225 763 748 98 1819 776 2575 2361 1864 2042 819 1625 923 2474 353 1585 1367 869 515 2582 2034 2304 168 1123 1239 155 1204 674 196 268 906 2053 2650 1911 2137 1963 2545 2462 1018 1518 1168 1299 2349 7 430 1988 455 1356 1598
000530.jpg,727 589 658 1306 1951 485 1175 761 1798 2787 2054 2249 646 2317 44 1361 293 16 304 2113 2178 1334 2066 1213 1230 572 1447 1394 1469 1801 1312 1115 76 2323 2437 1451 2546 962 395 2277 614 60 1990 1137 2072 783 1672 1559 1178 1207 853 1749 1106 2644 834 1483 676 2700 989 529 376 1087 714 47 1683 1691 2117 1558 1995 1898 2325 1928 1044 1389 1322 1166 1073 474 36 1257 1206 1712 832 1304 483 93 1093 2107 1427 898 2579 2409 2003 2000 1727 1224 341 1203 322 1250
000531.jpg,2567 1171 1214 22 2751 2109 106 96 1661 1927 894 2554 1632 419 2153 189 1032 2502 2060 2401 2831 2705 2152 1251 1364 2726 621 2522 1288 45 1605 1703 171 2056 1064 2313 2571 2162 2216 744 2182 205 2841 183 1363 941 2760 2612 84 481 609 236 214 2608 1749 1744 198 2521 333 2030 75 1960 2497 1365 2404 1004 1371 2179 1738 1283 1712 510 940 506 1760 834 2768 1139 592 20 1727 815 2348 95 596 957 594 2141 1865 420 1891 148 2096 1602 1425 1304 2666 150 1397 149
000532.jpg,1752 1146 2556 1316 1636 1965 2367 1496 950 2815 518 1202 2241 1840 2628 59 2389 2082 1799 2272 1545 2069 1658 4 626 1737 2439 1045 2270 1381 965 1051 2300 1386 188 1102 712 826 312 440 2832 2631 1218 1544 194 2501 2477 85 613 266 221 1934 231 1148 978 563 987 283 238 943 2044 1656 1362 547 1775 556 2826 259 705 663 1422 1405 2790 2836 2534 1428 1926 2034 2312 1782 1901 168 735 1870 1624 992 1948 1319 480 197 2551 1563 1253 635 2649 2376 559 2007 497 1046
000533.jpg,546 2643 1702 759 1221 285 582 6 1260 620 732 181 807 1797 1083 1697 1188 922 2171 2043 2816 2666 650 1541 2810 1891 1882 1318 2807 1858 1723 820 475 2346 1456 1603 2167 1536 2425 636 2278 468 752 1916 750 298 37 2056 956 334 411 661 1284 1285 2749 2313 2476 45 2522 1064 2182 236 1251 2760 2608 1364 1763 973 1865 2261 1153 2118 980 2194 2048 1761 1206 229 829 1227 1570 1015 258 1768 2463 2469 2705 372 1283 713 2401 2268 2761 2831 1322 1610 1884 171 270 1090
000534.jpg,1146 1752 2389 59 1202 4 1545 2367 2082 518 1737 626 1799 1386 950 2270 2556 1316 312 188 556 987 2832 826 2300 1102 85 2477 547 1636 2501 2790 1934 2069 2044 611 221 2631 1656 1319 1405 2312 613 1840 266 1926 283 943 1624 635 904 260 2528 1468 480 2411 1496 1407 440 1644 2419 817 2534 2681 2119 2424 978 2397 2088 2250 313 2826 1339 2322 633 1563 1965 524 2133 2189 563 2689 2551 735 2148 28 2241 2574 795 152 705 348 1864 900 1775 274 1741 1870 1157 1148
000535.jpg,106 2152 150 96 2502 2263 1632 2554 1927 894 1371 419 2623 1525 2153 214 2567 189 1605 620 1032 1661 1171 2401 940 2141 2060 2572 2522 1251 732 2678 1280 621 1004 1083 1856 181 45 1364 2751 2056 2203 2831 2841 2441 949 1064 2112 1749 1727 1365 1343 2111 22 2737 1434 2562 1214 2705 1702 2827 2048 1797 644 1726 171 2555 133 2612 2348 198 510 2760 95 2720 2202 1738 1139 762 844 1602 957 84 1103 2442 149 2521 474 2182 2608 182 2807 1288 1960 2116 1659 1222 1999 2571
000536.jpg,1039 89 1022 1378 452 467 758 389 840 2765 2634 2505 2465 1024 1831 1789 1730 628 2285 108 241 1026 1220 1503 2687 501 1929 131 268 464 753 1923 2398 1655 484 2142 2301 478 1706 1008 129 788 1062 1662 1932 1048 2059 363 495 927 2062 1568 2407 2611 643 324 1275 295 1843 125 786 2806 2632 456 1813 2429 1011 1281 1912 1875 1692 2244 782 138 999 2236 2531 1018 780 314 936 2698 2715 471 822 1273 534 1465 1475 1612 331 402 1097 1297 1438 726 2467 1274 806 1050
000537.jpg,1389 2546 1115 2178 304 2066 2113 1213 1300 803 483 2759 374 1394 1427 251 1883 2579 545 215 101 2784 436 1898 1353 328 2381 2504 364 737 789 2540 240 341 1900 898 1951 989 2040 1175 614 1798 485 1683 962 766 2238 1971 1106 1306 407 589 1257 572 529 1559 2644 395 581 1230 714 2054 2787 1801 2114 658 727 1166 1928 2409 2277 465 1087 1093 853 2000 646 293 1785 1786 751 1558 1137 1361 1207 1590 1538 1334 1357 895 2323 2072 1197 93 76 2242 1180 2493 676 2024
000538.jpg,1749 834 2058 1277 2555 761 1727 2317 2437 1672 1483 376 16 44 1469 1447 1995 2249 1990 1044 2700 1178 832 1836 1425 1300 1304 47 2831 333 2571 2497 115 95 2202 198 576 2705 2182 1476 940 1535 1064 2401 2784 744 2335 45 2522 2216 1004 1015 183 1251 1288 2190 75 1364 2056 596 236 483 2760 1103 1217 1176 2210 905 2745 60 171 2608 2313 36 2578 1712 88 1883 2217 1914 2096 1693 2726 1013 2118 621 836 983 1263 597 1283 980 1363 1032 37 309 824 2737 2579 856
000539.jpg,1993 1782 1663 2836 2767 947 1054 712 1045 1617 1381 1544 1444 2439 1679 1328 169 1649 735 2050 2837 1623 440 1658 1261 2707 2011 2241 197 645 1422 2130 445 550 51 1218 2628 1029 26 1870 1840 1369 179 2649 925 2840 463 348 1710 1417 1796 2454 480 1489 1552 1624 1644 1926 2528 2044 2411 900 1630 1934 1307 2817 260 1437 1948 305 1253 817 1656 1360 1468 860 965 2790 1407 2826 1569 1416 2769 1701 2312 892 2289 563 665 2501 1102 1486 2084 489 1860 1123 2424 134 2082 2832
000540.jpg,2317 2437 1672 16 44 1483 376 1447 1469 1990 1995 761 2700 2249 1178 1749 832 1836 47 1044 834 1727 2058 2555 1277 1838 2180 1535 1425 1713 1224 115 2129 1116 1714 2523 683 34 2202 1593 1476 2745 1914 1346 576 95 940 2190 198 1304 2422 2497 1103 1228 596 676 983 1795 1004 1176 60 88 291 75 824 2831 2182 2547 1693 905 2112 949 1343 1712 1161 132 2737 1785 1203 1064 1760 2216 2441 1847 2149 1773 1999 1300 2522 1750 2785 2827 783 1849 310 954 1434 2542 45 1364
000541.jpg,98 1625 2474 776 196 1643 353 585 869 2067 1864 2361 2353 910 1819 1042 2081 2462 701 781 2334 2256 1963 1402 233 809 2103 276 2027 1344 381 2101 2264 69 871 1970 2157 1772 2012 1246 303 1973 1662 639 1600 2429 2343 539 2059 806 945 726 118 812 2062 282 999 450 131 1730 2336 2792 534 484 2647 653 1941 389 1204 33 2693 290 2582 1275 471 2170 1438 2017 108 723 2236 2687 758 914 1770 2301 1708 495 2244 1359 241 1351 2065 247 1799 2698 363 674 1465 1852
000542.jpg,2362 2512 850 1504 2218 222 1436 1933 1305 1790 2355 836 2071 2645 2096 935 2691 1321 2156 1098 2432 2750 1709 755 897 2342 2450 1911 1736 2201 1638 1806 1052 1267 2420 1387 2074 477 2587 73 1599 399 461 272 2463 1222 1559 1628 1957 1106 103 831 1510 437 2214 560 783 981 384 15 1066 1420 2401 99 1785 1323 177 2318 2410 409 680 738 380 1230 1749 816 1145 1451 318 208 2055 2122 1085 1226 1605 1203 126 1288 2777 621 676 1830 896 940 1233 2831 713 1322 2679 1976
000543.jpg,2138 403 2063 1159 1815 1338 127 2648 2455 17 1009 573 317 2484 837 352 2412 472 264 846 1735 600 2255 2811 226 90 1982 2189 667 642 1619 1925 1571 2486 2100 1863 1698 577 1814 1622 1816 195 537 299 879 428 2092 2607 1060 2338 867 2266 1480 2633 1366 2797 2094 2709 2835 2371 1660 2595 511 2339 1421 1994 1530 147 2833 2139 1122 2223 1349 2614 2844 1828 2431 405 1078 1939 814 2403 2269 1589 385 2731 349 1607 1964 2466 160 961 687 2460 2820 665 1270 1341 1549 2253
000544.jpg,727 658 589 1175 485 1951 1306 2113 1213 304 2178 2066 714 1558 898 1798 2054 1087 2072 646 2787 1207 1389 1361 2546 1115 853 1394 614 1928 1166 1137 293 1230 2409 1300 2000 1312 1801 572 1785 1451 2022 962 1334 676 1333 1559 2493 803 2324 895 395 1683 529 1257 1106 76 783 1197 1184 2179 1738 93 420 2323 1502 1561 23 2768 2043 1597 426 2494 2203 117 1080 1590 989 2024 465 1723 1027 2149 907 1605 745 2644 750 581 594 1397 475 1603 954 2521 1685 215 2810 2277
000545.jpg,723 1359 2585 539 303 1772 450 247 1121 1204 2485 1997 153 2582 206 343 1403 1751 862 2603 871 2018 2284 719 764 1633 2551 1289 914 2146 812 2008 35 1351 604 1493 2718 776 1128 353 2453 2361 190 212 1157 1577 701 58 781 2209 98 1534 869 1915 2334 2487 778 615 1402 2067 282 276 808 2353 196 2792 998 1246 1864 1247 2824 2820 873 1963 522 1595 1970 2462 874 2434 9 2536 526 994 294 841 1245 897 382 549 1347 864 118 1042 66 2652 930 2256 1579 2424
000546.jpg,2666 650 2171 2816 2810 2043 1891 1723 2346 475 1916 807 759 620 1702 732 2643 181 1865 1260 546 1188 1797 6 582 1083 285 1882 820 1221 411 1605 1541 2152 1697 1858 2502 420 752 922 1397 1603 2807 148 468 2768 750 2278 1139 2521 372 1206 2497 905 75 1222 479 2107 1654 560 308 510 2688 1412 713 322 2154 60 1456 1225 1203 2179 384 1420 691 2463 2410 2469 594 272 1322 2214 1954 2514 1740 831 198 1957 1785 15 985 2149 119 1835 661 1214 2841 2048 1685 2313
000547.jpg,430 331 726 999 478 655 2236 1635 390 1967 1715 1050 314 1475 2053 1472 1124 1140 1648 2406 2693 2059 1037 1303 484 1187 2407 1662 2429 1918 1438 471 534 2465 2505 2301 936 806 27 1929 1275 2061 402 363 1921 1503 2806 1273 1127 799 1730 1216 2402 1972 2687 1274 1647 721 2698 2470 53 295 780 2244 1465 418 758 1692 786 1780 1395 643 1008 290 389 1118 2690 1317 391 2467 1756 1568 653 1378 805 268 1481 2611 2531 1011 220 2062 108 1755 782 2765 1506 838 2631 1018
000548.jpg,1931 2526 2220 939 2704 1433 2445 2089 482 2427 2183 255 217 1330 1439 637 521 2657 2617 2712 2308 619 2051 574 1088 2291 2639 2683 2057 494 647 1223 1874 146 2435 1899 598 2499 1677 368 1725 531 1771 1524 1942 2440 271 608 677 1998 1892 1408 2037 1629 444 1592 274 1555 2569 526 994 508 2438 682 864 12 1937 2813 2625 974 1055 657 1052 2393 1056 2719 491 790 1639 2728 1185 1473 2382 329 948 2286 2248 2075 1752 2389 357 1365 1868 804 140 1855 1944 1545 2250 655
000549.jpg,979 2786 2227 340 2668 176 332 2108 1393 1562 2384 1065 1033 1890 536 2743 289 1888 554 1431 2451 36 1686 1588 1418 1492 866 886 21 142 569 417 2029 121 988 597 1132 2117 555 802 868 429 2078 1398 1268 1449 733 199 62 2090 361 571 1053 2333 193 878 432 1699 681 500 1256 292 2217 680 302 893 1886 1553 2267 1430 78 1236 1499 2380 427 1038 1793 901 2224 743 1766 2423 609 2335 1329 1597 1478 1945 520 2038 1535 2421 2566 2115 1754 2827 2415 832 24 2404
000550.jpg,536 1588 121 988 1132 36 193 2090 569 1431 866 2117 1268 340 142 1492 733 332 2078 802 2668 1053 1699 1890 555 432 2029 2333 289 500 2384 1562 176 554 429 2227 199 1888 868 878 979 2108 2743 1256 1430 1553 2786 680 1236 21 1886 1499 2267 2451 681 2380 2217 1393 1033 1398 417 1686 361 1449 886 62 1418 597 743 302 893 292 2423 1793 1065 568 427 2568 78 2415 901 571 213 29 707 2533 1038 1478 1728 119 1272 1668 1149 2224 24 672 286 2421 424 2172
000551.jpg,2509 1810 67 1075 1001 2583 2121 2350 202 249 1012 627 1406 1944 404 1195 1055 1609 2057 1894 1594 742 1606 2558 2825 902 1212 1869 1088 899 2728 2033 338 2135 232 2809 725 1707 917 1945 2207 2766 1223 2291 2741 499 2294 201 818 574 2733 378 2684 2020 32 316 137 2183 388 937 187 1516 550 1517 204 2233 1441 65 730 359 1901 2042 1874 1192 2106 2638 590 165 538 87 1512 709 1779 494 1169 2713 2435 2507 321 349 145 2224 843 2651 925 371 424 2605 2545 1382
000552.jpg,1425 1749 16 1447 1933 44 2249 1483 1469 2317 2437 761 850 1995 897 2218 376 2096 1790 1200 2512 1044 1178 1504 2071 115 1277 836 2700 1672 834 1911 222 396 1990 2362 1836 2245 2420 935 644 2058 1436 1263 905 2197 2627 1013 1380 2645 2079 1750 946 2156 1736 2210 2555 2831 2410 2401 1727 1336 1305 1315 42 474 2705 1907 1726 2160 2463 459 2678 1322 2216 325 2230 1006 2450 2442 745 1474 45 13 2030 488 1321 832 2425 2522 1458 2520 621 1064 1219 1318 1671 2572 333 856
000553.jpg,2317 2437 16 1672 44 1483 1447 376 1469 1990 761 2700 1995 2249 1749 1178 832 1836 47 834 1727 2058 1044 2555 1277 2180 1838 1535 1425 1224 1713 115 1116 1714 2129 2523 2202 34 683 940 1346 1228 1476 1304 198 60 1004 2422 2497 1103 676 905 1914 783 576 75 1064 2737 2522 2190 45 949 2831 2745 1343 1760 2216 1206 1363 1593 1203 1712 2245 1251 1523 1750 1288 2056 2112 2182 2695 1795 1364 291 322 621 2705 2210 182 183 2760 1785 1263 474 2401 95 1161 2785 2410 1283
000554.jpg,536 121 2090 569 1132 193 988 340 1588 36 332 1699 2227 1268 979 2117 2786 1431 2217 1256 1553 2668 1430 2267 176 1236 733 1886 1793 2380 1562 2108 901 2384 142 1449 500 1890 1492 2415 427 866 2568 289 571 2078 1888 1033 1329 1393 554 1065 2335 21 1764 2570 432 2451 802 417 2839 1418 1686 680 1668 429 2743 2038 1499 933 743 597 1398 1053 2828 672 2029 2795 555 2423 199 886 2602 1399 868 1374 400 2333 2120 213 2210 1272 361 1952 1266 1061 1038 834 865 2115
000555.jpg,2029 554 1890 1431 868 289 571 555 2743 1888 142 2078 1699 1492 1256 1562 176 1553 802 417 2217 332 866 62 361 597 1430 1065 2668 1053 1398 21 988 432 878 1886 1033 2384 199 1686 2451 429 2333 2117 886 427 1418 681 2108 1393 2423 743 733 2380 2415 893 1236 193 302 2568 2267 569 2227 1793 36 1588 500 78 979 2786 680 121 1268 292 340 536 901 1499 1132 323 2090 2032 1272 1668 2602 1189 2421 56 1038 370 2047 2074 1041 568 1374 1597 1754 640 1599 13
000556.jpg,401 453 1510 2163 2587 208 399 595 1628 73 823 141 2074 1599 2055 437 380 1233 1717 477 981 760 1145 1872 461 1976 2679 2122 2655 1903 177 1085 2829 731 2126 2469 99 1163 1023 2452 612 2098 1047 816 2161 1160 2747 1911 174 222 850 694 2362 1504 1305 2512 2691 1784 2218 1436 172 1682 2355 164 72 836 1321 1933 897 2775 156 2645 2446 2156 1098 2750 935 1559 2009 2096 2722 1106 1621 39 1415 1798 1971 76 755 1175 1357 1257 2636 460 2288 979 1688 1786 1361 2421
000557.jpg,198 940 2497 1004 75 783 1712 954 2112 1760 1685 1304 1103 2737 149 1343 60 2542 1749 949 1113 1999 1434 182 1727 1425 2656 1298 1371 1333 1525 2263 644 621 2502 2425 2522 2827 617 2831 1064 1283 2210 2197 45 2572 971 1605 214 2705 905 2245 1108 2141 1561 42 2056 2520 2442 2401 84 396 2216 310 2476 1288 2463 1483 1364 474 270 2688 171 2016 640 1768 834 2022 2152 1263 1251 1750 183 2623 1203 2761 1277 909 941 2182 2188 2030 2555 2096 13 2058 2720 1641 629 1322
000558.jpg,2091 239 2794 2164 1781 2173 2280 1127 209 838 525 1274 27 139 1472 654 1780 2311 245 1505 408 1435 2693 1248 1282 2025 356 625 49 296 679 216 2232 1356 1555 2669 113 1598 1787 2396 1037 2531 653 1011 2017 858 383 225 1506 192 2137 449 252 1961 61 2565 1024 1124 2765 2053 1475 207 1755 1924 290 782 1140 1635 1187 1018 2285 390 1967 1216 1843 822 331 799 1662 478 471 1568 2632 1647 1918 999 131 1438 1715 314 758 721 484 2236 2061 1972 1692 936 363 430
000559.jpg,1891 1723 1865 2816 2152 2666 2346 650 475 1916 2171 1605 2043 2502 2810 1603 420 807 1397 2841 6 820 1139 285 2768 214 2521 148 1738 1221 510 2348 1488 582 1602 594 1113 2179 1702 1371 1697 1188 546 1570 2203 941 732 1858 1541 2643 750 759 1502 1083 84 620 37 411 1260 1283 334 1953 2494 1882 922 609 629 1015 181 1525 270 2118 1768 1866 2313 1456 1284 690 327 973 1184 1108 1797 2263 1979 744 198 2048 1659 953 1766 980 122 2656 1610 1744 73 2726 468 2162
000560.jpg,2713 2545 2034 1796 100 715 2433 64 2721 48 1569 1453 562 305 2309 155 2376 1640 1490 439 201 1860 51 1901 2650 563 2826 1148 168 231 1878 260 2272 1123 1316 2088 1307 1948 1584 204 784 2424 2289 1658 1381 817 2815 486 2836 1586 497 1496 2556 978 1782 659 26 1870 2708 2649 1437 2714 925 900 348 2652 559 1051 2840 1369 137 965 1965 1045 677 259 319 2817 1185 2769 1319 1362 2241 2439 2084 1606 1617 2135 1636 246 2007 1134 1840 2213 950 489 674 606 2553 1422
000561.jpg,1375 2548 857 1776 1350 2662 1887 2356 1551 2456 2123 2039 720 2332 704 689 2659 1043 2206 885 2590 746 801 421 1877 2727 798 2672 77 2363 1191 570 2739 1665 706 656 1930 1792 1724 1520 1925 1542 2460 2844 2198 1229 1861 307 1193 1034 1575 2327 228 2229 57 1619 1 2186 2399 1664 1086 1457 263 158 342 2581 1358 667 557 2321 756 1982 2125 2004 1580 687 842 879 2139 154 551 797 352 1675 280 2371 2749 2158 2797 1392 299 2330 2215 2187 493 1234 892 1947 2100 2418
000562.jpg,2713 2433 1453 2309 1901 2376 1490 201 1860 1796 2034 2545 305 562 715 2721 100 1569 64 155 563 48 1148 2650 51 2826 1640 260 439 168 231 2272 1878 1316 1874 2088 1496 2556 1123 2649 1307 1223 2004 1437 1948 421 2289 2708 2683 647 2815 1658 1051 1782 1381 550 2639 440 725 348 659 978 1840 486 2581 1870 2836 925 682 1986 489 1592 1185 2057 1369 26 2439 677 1775 1940 2382 900 204 965 784 2628 197 2506 2189 1193 480 2455 1029 689 2652 491 1464 663 2312 1752
000563.jpg,2252 1651 2328 2491 2682 1977 1179 1578 1583 841 1579 945 1063 227 2723 916 998 2310 1769 982 2042 517 2792 1920 2225 118 1531 952 382 919 887 639 1354 1566 1367 1470 1791 2647 2729 1368 2660 9 114 928 763 930 748 2778 1657 567 2065 819 778 2711 1667 2379 1239 515 1854 607 2488 2575 1211 1585 2349 1851 512 631 1770 98 2097 1518 2270 1154 1058 559 1386 671 311 2256 2628 2698 1262 2007 804 1777 528 2462 1253 808 2082 140 353 2416 1819 776 1018 2598 547 492
000564.jpg,2063 1159 2484 403 2455 264 1815 1009 837 1982 428 2371 299 667 1735 1338 1814 317 2139 2833 90 17 573 2092 2189 2412 1122 1589 2269 2138 2844 1925 846 600 226 2776 2255 1619 2576 642 2811 2486 1549 352 2731 2100 1622 741 1571 2797 472 1863 879 891 127 2403 1060 2338 2460 1698 234 195 2614 1238 1964 1994 267 537 557 687 2339 2473 888 2059 2223 405 2266 262 913 2082 1803 484 1607 1386 1828 1291 1366 2181 2835 1421 349 1520 1341 2270 2530 1509 1 996 68 2312
000565.jpg,1735 867 403 537 1159 1815 1925 1619 667 1982 1863 127 837 1009 2484 2063 226 2455 879 1530 2835 264 428 1078 2094 385 2614 2431 687 1421 2731 160 1660 1816 2607 299 573 814 2371 2403 1589 1341 1480 1814 2138 1607 2633 846 1122 17 2412 1828 2758 1338 1069 2460 352 557 2092 2269 2266 2811 90 405 2833 2139 1366 2797 2844 2255 642 2738 1964 600 2776 2783 472 2100 2820 1060 317 2486 1549 641 166 2338 1698 2385 1571 2189 577 2576 1622 891 1025 741 195 888 2473 267
000566.jpg,1290 1017 2282 2049 2064 2596 631 1518 530 2093 921 1604 451 2140 1301 2796 1058 1879 1567 984 1981 1237 446 607 2392 394 1613 1909 1978 662 908 1002 2357 1119 1906 2543 660 918 2257 2782 2085 2259 1145 1621 1396 542 1673 1331 1853 1695 1508 124 1404 1614 910 813 1455 360 186 2207 1466 2462 1000 591 708 700 998 1808 1601 2190 996 1491 2530 1261 54 1226 255 1860 2274 1066 2595 810 345 132 1060 335 1688 2111 1833 2827 1739 742 160 2372 2036 709 337 983 2728 1100
000567.jpg,2740 909 2468 2710 956 154 2444 2749 127 685 1059 1596 644 2448 2175 2823 2562 2442 2498 971 229 387 924 1866 2188 473 1859 1882 2688 448 2128 342 1113 2169 2595 147 2572 1084 43 1524 1928 2013 1477 565 2263 2620 959 2591 1509 1922 335 1487 2197 1087 1696 1907 1232 2351 2425 2067 104 1811 1953 986 472 1629 2260 218 1807 1365 551 1525 2060 2230 23 1080 1757 2623 2508 2609 957 1803 1533 1558 1560 1166 1144 2112 1280 2725 1665 1474 636 1217 2720 189 882 865 687 398
000568.jpg,2054 646 2787 1361 1451 1798 2000 1559 1230 962 572 1801 293 395 727 1951 589 1106 1175 2644 1306 2323 485 529 658 2277 1394 1334 1786 1683 2161 2178 304 989 2114 2113 2066 545 2238 1257 215 766 76 2504 789 328 1213 737 1898 436 2784 483 2546 1207 581 1115 240 364 614 101 251 1312 2072 1971 2759 1883 1300 1353 1357 1558 2040 39 1427 2242 714 1087 407 2533 2579 2224 29 2540 1389 374 1093 1149 2320 1137 1900 341 2381 286 2172 898 2249 1928 2288 1333 2149 676
000569.jpg,726 999 430 331 2236 478 1475 655 1635 390 1967 314 1050 1715 2053 1472 1124 2059 1140 484 2693 2407 2429 1037 1662 2406 1648 1303 534 2301 27 1275 471 1438 1187 1929 806 2687 1918 1503 2505 2465 1273 2698 1730 799 363 2806 1274 53 1127 2244 936 1465 2470 780 643 758 295 1216 2061 290 1921 1008 389 786 402 268 1378 653 418 1692 1647 2402 721 1568 2765 391 1972 464 1395 1780 1706 1317 1756 805 1024 108 1831 2062 782 1755 2611 838 1011 1026 2690 1022 1018 1912
000570.jpg,2792 998 1583 118 1791 567 2711 9 919 2065 841 1579 1179 382 1769 778 945 1854 2491 517 952 1354 808 1977 2328 1578 1970 2778 1470 2252 2682 227 114 1651 930 2729 1657 639 2647 916 1920 928 887 982 1770 2723 2379 763 1851 1667 2361 2225 1063 98 1531 2575 1819 1864 776 2042 748 353 2582 906 2474 2334 2462 1204 1528 674 1168 1299 1123 869 2353 196 871 819 1963 1246 862 764 1518 1327 2695 2742 631 2212 1367 701 662 1625 2136 2829 1997 812 2835 2067 2718 177
000571.jpg,2707 1444 2011 645 2837 1679 1649 1623 1328 169 947 1054 1663 2767 1617 735 1544 1782 2050 440 445 2840 2836 1381 1261 2130 1045 1993 712 1029 2439 965 1840 1658 2241 1253 1422 1552 51 1218 319 2735 134 2287 2628 463 1307 1437 1775 1710 674 179 1489 1208 1948 900 489 2046 197 1416 2084 2649 1586 992 2352 497 1860 550 1445 1369 1486 2312 860 1870 2076 2133 155 1640 2454 30 1123 305 2650 1468 2424 906 769 26 1417 2397 904 562 2183 606 259 2150 1627 348 161 2676
000572.jpg,2043 2810 2171 650 2666 2816 1891 2346 475 1723 1916 759 1702 2643 620 181 807 732 1260 1797 1188 546 820 6 285 1697 1865 582 1882 1083 411 1221 1541 1605 2502 922 752 1858 148 1603 2152 420 1397 2807 468 594 2768 510 2521 1139 2841 1318 1456 1420 1213 1222 560 215 281 750 272 2214 831 384 1738 1957 351 2497 636 2107 2048 341 1093 334 1900 436 2203 2154 407 2362 2066 2179 1846 1954 1785 1225 1074 691 661 1536 15 1768 1023 2489 1488 2469 1284 2410 1203 980
000573.jpg,1982 264 2455 2484 667 837 1159 1009 299 2371 428 1815 2139 403 2269 2833 1735 2092 1814 1925 2063 1619 1589 1122 2844 2776 2576 1549 879 1863 2731 2460 2189 90 226 1338 2797 2412 741 557 573 17 317 891 2811 352 2255 687 846 600 2138 642 1622 1238 867 2039 2486 1887 2403 1571 2338 1698 267 537 2356 2473 2100 1551 57 885 195 1792 1930 1060 1350 2739 706 656 2363 1291 857 2123 421 1994 160 1542 1078 2125 570 234 1193 1294 2332 2418 2223 2835 1877 2590 689 1861
000574.jpg,1896 505 523 28 734 1563 2283 2500 313 1827 175 2181 238 2552 587 152 1339 2674 1376 458 1741 2819 847 849 1532 2479 2099 2191 2527 972 2119 354 2250 330 2716 1335 705 1708 2177 2681 2742 92 671 2365 2028 503 2228 2689 2534 532 1852 2370 2557 696 1543 633 1704 1746 2814 1956 772 2193 711 2144 1680 81 2322 2610 2592 316 1873 2052 1117 1314 1752 2812 2367 653 1774 2597 1472 872 59 1109 950 68 1692 649 1278 1799 120 2199 2397 2764 2306 1092 2007 504 1135 1011
000575.jpg,2843 257 1871 1731 392 1138 2613 1800 1645 1419 2609 288 416 1707 2331 937 742 301 1527 535 2377 1894 338 1131 730 1068 1466 1007 1243 1516 336 253 519 678 2830 2341 1455 855 1200 749 821 1311 2196 1992 1794 2087 19 2560 593 940 1040 2549 2417 410 2251 2243 1309 2151 2522 1020 1850 870 45 1142 774 365 435 1004 2005 2056 2746 2566 2384 883 2364 905 2492 2451 2394 2299 2572 673 1968 2227 1379 1573 1495 1064 2680 2744 1733 1529 1722 2290 198 1779 248 1424 80 1936
000576.jpg,160 2094 1078 1530 1421 1607 1341 2758 1069 577 537 2738 2835 1735 1925 1619 687 1863 2614 1828 879 667 127 2731 867 2266 405 1982 166 352 1964 641 226 2797 299 2844 2595 2460 2403 147 2139 2269 557 2175 1539 2607 2371 428 1660 2833 2820 1816 1480 2092 2385 891 991 837 1295 472 2138 262 2484 2776 264 2771 888 1009 2431 2633 1549 2455 1373 403 385 741 1122 1815 1366 2576 1159 1807 1589 1814 814 846 90 2473 2524 273 2783 2363 2104 2710 573 1803 1355 17 1242 267
000577.jpg,2389 59 1146 1202 2367 1545 4 1799 2082 626 1752 1737 1386 2270 950 556 518 547 2477 826 188 312 611 996 2530 1491 1319 2832 987 271 1942 2440 345 1102 1408 2501 283 1934 85 2069 613 1405 526 2692 904 274 864 635 2556 1316 2144 68 994 716 608 134 2044 266 2300 2312 1555 1656 1677 1181 1117 705 2813 2675 2208 2610 2008 1725 978 2148 1468 237 553 2181 1157 1771 1172 719 2500 2375 508 2289 2370 433 2119 391 2574 368 2419 2076 1988 943 1302 390 1692 1961
000578.jpg,505 523 28 1563 2500 175 2181 2552 2283 238 587 1827 313 1896 734 458 1741 152 847 2674 1339 2819 849 2119 2250 2527 2716 1376 705 972 1532 2689 2365 354 2370 2681 2534 2191 2479 2099 81 92 1335 503 633 1746 2177 1852 1704 1708 330 1543 2557 2193 772 504 1278 2144 2322 2228 711 1680 120 1314 671 994 864 2742 2440 696 1117 1332 1408 602 1730 1386 2199 1873 2610 526 271 1942 2052 274 2592 2687 467 125 872 2306 1655 2597 2059 1917 1831 547 2715 556 2773 1955
000579.jpg,2370 2689 81 2534 705 2365 2119 2527 2716 587 2181 504 2500 2250 175 523 2681 28 238 1563 2552 1827 505 849 313 2283 2144 972 2557 152 1741 458 2819 1746 1704 2479 1532 633 92 354 734 503 1896 847 2177 1708 68 2674 2191 553 120 1543 1117 1852 1680 2322 2789 772 1339 1010 1917 1314 711 1955 1335 671 2193 2099 2690 1278 1873 2764 507 1974 1111 1376 1692 330 1386 2467 602 2059 547 1332 271 771 2774 2440 2821 2814 864 1461 696 968 2597 2028 526 1164 2265 994
000580.jpg,189 2060 1032 1927 96 1632 2554 106 894 419 2153 2567 2313 1661 481 2751 2109 1171 1214 815 22 1987 1858 941 1363 1288 1703 84 2152 2726 744 183 2502 1560 2216 609 2425 396 2162 1371 468 592 1321 2404 1865 957 205 115 2645 1995 1283 1525 1744 1766 1844 621 2222 752 1727 2156 1286 2555 959 1108 807 2263 2627 1098 2841 2317 333 1605 229 2688 1880 1469 1015 2823 171 1251 38 506 2182 836 2281 255 2058 214 20 2096 2760 2401 2118 834 2705 1447 2249 2032 2750 1364
000581.jpg,2510 431 70 1839 1125 1753 2561 2777 2772 2077 2478 1035 1834 2818 951 2015 1252 18 601 1842 2663 2 1390 1557 395 1976 461 2161 1759 2622 2113 315 2757 1798 2644 304 2624 1559 1213 903 39 2178 962 2471 529 2149 2497 2656 1845 2066 1801 1951 1908 1106 1693 1306 1938 2601 850 2074 485 702 2000 1230 1357 650 1175 2787 727 658 768 2686 75 1605 215 277 767 581 101 73 191 731 1394 1830 2315 646 737 1427 2546 889 436 783 989 1371 2469 126 198 1107 2249 364
000582.jpg,1779 1385 1992 773 2145 406 2763 2102 519 1526 2516 1325 1007 1969 1511 1442 1894 730 1707 2302 191 1466 186 811 742 1871 1138 1165 1731 338 410 1800 112 2110 2613 1079 1645 1516 315 709 248 257 648 365 605 2609 870 1783 435 664 2746 288 2095 544 535 2680 1020 1997 240 881 1759 1309 843 2341 1424 2377 1581 2219 2042 2757 378 610 1005 2622 253 1040 1573 1195 1527 1721 1133 1012 2830 1828 1799 301 1055 434 766 2238 2785 336 1968 328 2041 11 1594 94 2560 2756
000583.jpg,70 1125 1753 2077 2777 2772 2478 2561 2510 431 1035 1839 1834 1252 2015 951 2818 18 1842 601 2161 2 1759 2663 1557 2757 315 2622 1390 2471 191 297 2601 1165 502 1533 1845 2624 103 284 1235 1389 1908 990 395 962 1323 1951 1306 1559 702 126 581 2546 2302 1115 1830 1186 485 1175 688 1683 767 1230 1976 2000 101 853 461 727 277 1075 848 304 1334 589 165 578 2656 1798 1728 2759 2504 2113 1423 1980 1340 1608 2178 1357 680 436 29 1130 2644 747 658 737 745 2685
000584.jpg,2389 59 1545 1146 4 1202 626 1737 2082 1799 2367 1386 1752 2270 2477 188 556 826 547 518 950 987 611 85 635 1319 312 283 1405 266 2832 2501 1934 613 2631 1102 2069 2300 2044 1926 817 1656 2528 2411 996 1624 1407 274 1491 2530 271 1408 2440 864 1692 1864 705 994 633 526 771 1942 943 1563 2556 2119 2527 608 2817 2681 2534 2790 2375 1157 120 2144 2181 1117 1819 2370 68 2789 2689 2312 2008 134 2059 2462 972 781 523 904 238 643 28 719 1644 503 221 1316
000585.jpg,1146 2389 59 1202 4 1545 2082 1752 1737 626 2367 1799 1386 2270 188 518 2477 950 987 826 556 312 85 1102 2300 2832 1934 635 2501 547 1405 221 2790 1926 266 1656 943 283 2044 611 1319 2411 1624 2528 817 2556 2631 1407 2069 1316 1644 2817 480 2397 2312 613 705 1468 2842 260 1870 2766 904 2689 238 2534 2574 563 712 925 348 1029 550 1045 633 2826 1873 864 179 1563 274 2181 1253 1630 1190 1369 2649 2289 197 2424 445 769 559 2375 1629 994 2419 134 787 489
000586.jpg,2558 204 1944 899 2842 1212 2135 2766 2825 2728 137 2741 1606 725 1055 165 447 116 2294 1463 1067 2207 1935 2068 1134 2041 246 1825 1547 79 97 2736 2305 2511 692 804 722 686 1940 2719 1056 1076 1464 2665 1130 1986 2248 2382 1223 329 2286 2813 2057 948 146 2292 1841 1126 2580 682 1639 2393 1185 2506 2436 2435 491 2598 1874 494 362 1777 790 2708 677 1962 1937 2319 1899 1592 2569 2683 647 2438 2082 2258 350 1926 352 1910 90 657 1337 217 1452 1656 2649 135 2002 817
000587.jpg,1179 2491 1977 2328 2682 1651 2252 1578 1579 2792 1583 841 945 998 9 639 1791 1470 118 567 1063 227 382 2723 916 1769 887 1531 517 2711 919 778 1920 114 1854 748 2042 2647 952 982 2778 2065 1354 1667 2729 1770 2225 808 1657 928 930 1585 763 819 1970 2575 2379 1851 1924 1299 98 1168 2496 2698 1475 2059 2462 1018 782 1918 2248 799 2334 2017 2556 108 27 1598 196 623 2061 1317 1755 2632 1465 1395 1864 2693 655 353 2075 2407 948 1625 1220 804 1819 391 1777 1275
000588.jpg,1681 1742 2600 337 487 1384 1705 966 942 2085 2458 2543 1495 1673 1853 710 360 2257 2782 1000 54 1695 1614 2259 2696 542 660 1893 1331 1739 2664 1370 50 2369 1508 813 1554 908 791 921 1031 2803 1287 1396 1906 243 2660 1565 355 2064 1604 530 1105 1237 2049 1301 451 1978 1290 1518 1770 289 1320 1872 1017 446 1888 1981 327 866 631 1002 73 78 2140 2736 2796 1499 2074 1905 747 827 380 733 2755 2023 1528 21 362 893 400 427 770 121 1126 984 2108 1815 2607 1816
000589.jpg,1444 2707 1679 2837 1649 1623 2011 645 1328 947 169 1054 1663 2767 1617 735 1782 1544 440 2050 2836 445 1381 2840 1261 1045 1993 2130 712 1029 1658 2439 2241 965 1253 1840 51 1422 1218 1552 2628 319 2287 1948 1489 1416 463 2735 1710 2352 489 1307 992 2046 1369 1775 1860 1417 179 2649 2084 1640 134 497 2454 259 1870 1437 1586 2650 26 1208 1096 860 900 550 155 1445 305 1569 30 194 2088 562 197 769 1897 2769 231 1796 1627 2150 2312 1362 348 2544 906 2753 161 674
000590.jpg,1753 1125 70 2777 2772 2077 2478 2561 1035 2510 1834 1839 431 1252 2015 2818 951 1842 2161 18 601 2 2663 297 103 1533 1759 191 315 1323 1728 2601 1389 1557 2757 1186 1165 2471 766 1845 2624 29 2622 2394 328 2238 1235 2504 2242 581 1801 286 1830 424 2533 757 1115 2172 680 2000 126 395 1908 1559 1968 767 1230 1132 2653 284 1588 1357 702 1423 981 304 1905 2178 2546 848 1451 2759 222 502 2216 2113 1091 990 101 2572 1693 1726 1996 483 1785 727 1065 707 688 1130
000591.jpg,1898 1683 328 2579 581 407 1093 2759 2238 374 766 2504 2114 803 2242 789 483 2546 341 1115 2381 1389 251 2540 545 737 101 1091 215 304 1427 2040 989 2178 1900 1353 1883 436 1971 2784 364 1213 2066 240 2113 1300 1230 1785 1394 1257 777 2277 1996 1228 1561 1106 1773 1559 617 1786 572 2644 1161 2422 1361 529 230 1801 1513 926 1847 2523 34 1334 395 1818 1178 564 1451 39 1180 1795 499 1357 1798 76 2000 2288 1666 2785 110 1714 1224 485 2493 1116 1533 2190 1346 576
000592.jpg,1140 1037 430 2053 1124 478 331 1472 2236 1475 1635 1118 390 1967 1050 314 1715 2693 655 726 999 1303 2406 1648 2059 1918 1187 27 1506 484 799 2505 2465 2407 1921 2061 471 805 1317 1972 1568 1438 1756 1662 1216 1395 1755 1647 1274 1127 2402 2429 721 936 534 356 2301 296 1273 1282 402 1503 758 2698 806 363 1822 389 408 1780 643 49 1024 391 838 2232 1008 2531 786 2244 1692 1378 1011 1929 780 1143 653 2765 1465 53 268 2470 2062 1275 139 464 2687 209 2806 1730
000593.jpg,1146 1752 1202 59 2389 2367 1545 518 4 1799 2082 626 950 1737 2556 1316 2300 1386 1102 2270 312 2832 188 85 987 1636 2501 221 2790 826 1934 2069 556 2477 1926 943 1656 1496 1405 2044 2631 635 547 1624 1840 1965 2241 1319 1407 2628 611 480 613 1045 817 266 283 2815 1644 925 1870 2817 440 663 2528 705 348 2312 2439 2411 2649 238 2189 2148 550 1658 179 1563 1468 2534 1148 2397 2181 904 505 274 1051 2538 2424 2826 712 2454 2713 864 994 1422 563 2322 2551 2689
000594.jpg,2224 1149 76 2320 967 2533 29 293 286 1499 1728 2172 2021 2673 218 2756 36 1804 739 754 1886 1231 1430 500 1553 1431 2117 1236 2267 792 1699 568 1533 1597 680 733 2217 634 2380 426 757 1719 2143 24 1364 2787 2430 1256 1637 2238 1206 1478 1984 184 766 2472 1448 2404 707 1401 1766 1987 1560 2495 45 609 2423 328 2056 119 2464 1980 1865 941 743 2615 1689 905 621 1928 1945 866 881 2182 1251 2295 2221 1160 142 2315 2638 229 713 1106 432 1265 1075 1207 2387 1065
000595.jpg,967 707 1804 135 2295 1448 2413 558 91 2408 2615 213 1719 2235 2354 1849 1478 792 568 2638 2533 2296 29 1265 2320 1149 184 1945 286 232 2172 424 2673 2566 1269 119 1722 520 1529 1867 739 1296 80 1984 2390 2021 1383 2260 1728 2756 1733 2143 19 24 2744 1689 2224 754 1597 426 2472 634 218 2024 540 2430 293 1593 1533 1231 757 1886 802 1312 2000 2078 1492 2827 142 310 1091 1996 2441 1431 1888 2649 1053 555 388 2217 868 417 498 2785 983 1535 2016 291 1699 263
000596.jpg,1948 1096 1416 1362 1897 497 1586 992 2046 1218 2352 1569 2241 2721 1381 1051 1630 2213 1796 1926 1316 899 1860 712 1045 2034 85 2135 48 1658 2650 2790 155 2300 100 1993 2817 64 439 2272 1360 2741 925 817 2815 1782 499 2766 1656 987 231 348 221 2832 2082 1684 1934 1369 2454 2312 1212 715 1102 2545 1901 2826 26 305 2185 1644 312 892 1606 2584 1411 2825 447 2767 563 787 1123 1261 188 137 46 638 2649 480 2616 2556 2842 259 1870 1518 2628 1624 1407 2246 1496 2769
000597.jpg,1115 2546 1389 2178 304 2113 2066 1213 2054 646 614 1951 1175 1306 2787 589 485 1300 1394 2409 483 658 1166 714 1137 293 727 1928 898 1207 1558 1798 1883 1361 251 1559 1087 2072 1427 2784 1106 962 1353 2759 1197 853 395 1230 989 572 1590 2000 895 1451 93 240 803 529 465 2644 1801 789 1257 101 215 364 374 2323 76 2381 328 436 2540 2161 545 1785 1898 1334 341 2504 676 2324 1786 737 1683 2277 2238 766 2040 2579 1900 1971 2493 2114 1312 2024 1093 2667 1766 1538
000598.jpg,2624 2471 1845 126 2601 702 1830 848 1908 578 2276 103 1323 1235 688 297 931 1114 1767 990 502 1186 284 1413 1391 2314 1608 835 768 1107 250 1340 1720 1821 903 684 1310 65 2388 1512 1975 1559 1254 1106 1916 522 2346 581 2000 2656 2777 2478 1397 2077 2772 767 1605 420 1801 475 2768 962 1207 1230 803 1125 1839 1175 2706 304 1798 745 2787 1357 2113 2178 325 485 2149 1753 1139 1298 2815 954 1723 572 1570 650 70 1213 1965 737 2841 2152 853 386 658 1080 2114 1683
000599.jpg,865 1754 1949 2798 729 2539 1429 2629 2428 1038 2221 1041 2421 2031 1070 2120 1272 2038 2520 2671 1910 244 13 640 2210 1616 358 964 1477 1399 2083 1337 672 933 828 1952 1266 2115 2795 377 2828 1668 340 2570 1696 323 1374 698 2602 1764 2227 536 2640 1329 2150 1189 2335 2032 176 2457 1521 882 932 2591 474 509 370 1431 815 2217 1553 56 2578 844 1987 2786 1144 1080 2351 2839 1049 1430 473 2295 36 2117 1562 979 901 2448 2108 1671 1953 121 2668 8 398 2047 325 481
000600.jpg,352 2820 2100 307 2486 2013 349 1338 2138 2727 2372 299 642 2484 600 1324 1698 1622 1964 90 2063 405 195 846 2614 2460 1421 573 837 1815 1009 166 1814 2139 1862 1571 2189 557 879 428 1618 2835 2371 160 17 2223 147 1159 2738 2412 264 1828 2269 577 317 891 2455 2844 2473 2266 2709 2338 2466 1238 667 1540 892 1520 2833 1078 226 267 2094 1982 2158 1 1994 2092 1355 2797 403 1925 969 1619 2576 46 1060 2648 913 2399 2758 1291 2595 234 1607 1735 2811 2213 1530 2340
000601.jpg,2252 2328 2491 1651 1977 2682 1179 1578 1583 841 945 1579 998 227 1063 2792 916 2723 1769 982 2225 919 382 517 118 1791 2042 9 1531 1920 1470 2310 887 952 1354 567 639 763 114 2711 778 2647 2778 2065 930 1367 2729 748 928 1368 1854 1667 819 1585 2575 1566 1657 2660 1239 2379 512 1211 2488 2349 515 1851 1770 808 607 98 2462 2026 631 1058 579 804 311 2270 776 2097 1154 948 1528 1018 528 782 492 2334 1612 671 1253 2459 1777 566 2007 1386 1518 1819 2256 233
000602.jpg,767 277 1938 889 1443 1833 2686 1747 2496 1460 211 2532 2818 951 2315 1980 369 1418 2015 2702 1834 886 2384 2571 1277 417 1989 597 1252 2510 2522 2451 1686 2668 824 1064 2401 36 1256 744 45 2705 2058 2182 19 2216 1425 2786 95 340 1750 21 979 2056 1342 1431 713 20 2760 1562 2726 332 1749 2227 1065 479 569 1015 609 834 1364 536 2202 576 1713 1836 2217 2108 2612 2831 1263 289 1890 1908 1891 1714 236 1322 2745 1353 2555 1605 596 988 676 2335 171 1035 500 465
000603.jpg,1146 2389 1202 59 1752 1545 4 626 1737 1799 2367 2082 518 1386 2270 2477 188 950 826 312 987 556 2832 1102 85 2556 2501 1934 2300 1405 635 547 283 1656 2044 943 1316 266 2790 611 1624 1926 221 2631 2528 1319 2411 2069 1644 1407 613 817 2817 480 705 2534 274 2312 1468 904 68 238 526 2440 271 1636 2419 864 2689 2250 2397 1339 2370 1721 2181 2322 2119 994 2551 348 633 2144 1408 1563 1942 1157 260 608 1870 1840 2574 2789 925 2842 2681 345 2826 28 2189 1864
000604.jpg,2468 956 154 1882 2749 448 2740 1911 1059 924 1524 2444 342 551 2823 685 2710 795 2595 147 38 829 669 2573 1811 796 1400 1629 127 1560 2372 203 327 2216 2257 1687 879 2678 472 2476 644 1807 1638 1215 888 1863 1025 229 1487 1995 476 557 115 1032 2254 690 1922 2523 2572 275 1167 2189 2422 1673 2801 1217 710 34 2425 300 1028 2260 2696 1145 909 1315 1806 2360 2385 400 2620 2431 1803 1363 661 2450 1116 307 1880 2706 2752 2399 1387 189 2060 2194 1295 1331 1144 1224
000605.jpg,503 633 1746 2250 772 711 1704 587 1852 2322 1680 1827 972 2181 2119 2681 523 354 175 2283 28 1774 505 1741 313 2193 2527 1543 705 1563 2500 2370 238 2552 1335 2592 2052 2534 120 734 81 162 2689 1164 458 699 2144 92 2365 1332 602 2191 2099 1896 152 1111 1532 1182 367 963 1339 2479 847 330 1109 2716 2597 2212 1327 2674 235 849 740 1917 2799 507 1708 1991 553 771 2822 671 2610 1873 649 2343 2237 316 1117 2557 890 2789 344 2199 2764 2819 532 1650 2814 68
000606.jpg,2600 1681 1705 942 1742 487 337 2085 966 1384 2458 2543 1495 54 1673 1853 710 1614 1000 1695 360 1893 542 2782 1331 2259 2257 1739 660 2664 2696 2369 50 1370 1508 791 908 1031 813 1554 2803 1287 1978 2660 1565 1396 243 1002 1906 355 921 2049 1119 747 1105 984 2064 530 1770 1301 1920 1654 1604 2262 78 2587 2074 451 2796 2596 2318 2154 1962 1423 289 1954 1290 1237 1911 362 2736 1225 1528 1017 416 1510 1412 893 1676 909 1903 302 21 208 351 2719 796 2140 1518 1641
000607.jpg,754 2021 2320 2756 1231 2533 1728 1149 29 286 2673 2172 757 1533 218 293 2224 707 967 119 1478 2408 1296 80 1719 1804 213 1361 739 135 2787 1984 1383 2295 1451 424 426 76 1849 1597 589 1951 2354 1306 727 2054 2078 1175 364 1492 1945 646 2413 2638 142 529 558 184 19 802 572 2464 1312 1722 1559 485 2143 2040 91 498 1394 1106 24 1890 658 536 2366 1448 766 2024 2277 2260 2014 429 568 1801 2668 2472 304 1562 1230 395 555 2178 2566 2227 1529 1733 901 1265
000608.jpg,1419 392 301 2331 937 2843 257 535 1527 2377 519 1894 2341 1200 1992 1871 1455 1731 1778 1800 2613 253 2763 1138 538 1425 336 416 648 1645 338 843 105 94 1779 248 1516 742 1707 773 2680 1007 530 1077 355 813 870 568 1068 709 1073 2609 2318 1370 1385 2087 2102 1017 908 2830 1131 1739 2005 288 2145 1243 1573 1309 678 542 406 1219 1020 2219 435 2264 1387 730 1554 2640 2251 410 2394 1565 1546 2492 660 186 1133 2420 1968 605 269 2745 1183 378 163 205 1449 1673
000609.jpg,687 1862 1421 160 2094 2266 2835 405 1828 2614 226 1341 1607 1078 2820 2758 537 2338 1964 1530 1069 879 1619 352 1925 1338 1982 2738 1698 195 2797 1863 1994 1735 2189 90 2138 2595 846 147 1324 2844 2460 349 299 166 573 2139 600 2412 2223 2063 472 2484 667 127 1355 2811 557 2372 2175 2403 1291 511 2100 2269 1539 1589 2253 2833 642 577 264 317 888 2255 428 2648 891 1167 1060 741 2092 1095 2709 1238 1571 1618 1409 2473 2455 17 1509 2466 2486 1540 1242 1803 2231 262
000610.jpg,1870 2649 925 1369 26 348 480 2454 2769 2714 550 179 663 2538 1422 712 2375 1417 1489 1710 1045 2130 860 1701 2241 1658 197 2050 463 1782 1381 2439 421 1930 440 1840 1544 2817 1624 746 1926 135 2836 445 518 689 704 817 2790 1656 735 2628 2123 260 1617 1102 1644 1934 570 2638 2004 2039 2528 2332 1029 1146 1792 1665 188 1319 2011 2840 857 1358 1796 2356 489 1887 2295 1218 2289 1407 1788 1664 2832 892 1328 1910 2581 2084 1545 2411 1737 2694 2312 756 1337 2044 2082 1551
000611.jpg,2558 2842 1944 204 2766 899 2135 2825 1212 2741 1606 2728 1055 447 137 725 2294 165 2068 1935 1463 1067 1547 116 2207 79 2736 2511 2041 1056 1134 692 246 686 1825 2305 97 722 2580 2719 804 2665 1076 2057 2292 1940 1986 1223 1464 329 1926 1130 2435 2248 1874 1126 1910 2300 2082 1934 1841 1656 90 1624 2382 2286 2598 682 558 2813 2319 790 2501 2044 1452 2817 135 1796 892 2455 948 817 2790 2528 2258 2654 1102 1190 2138 352 362 494 2436 2438 491 312 1407 891 1604 1644
000612.jpg,2677 1865 629 1949 941 882 909 84 2161 1144 2421 281 1754 1038 2494 1766 1041 1987 1616 609 1502 2115 2627 123 750 1080 115 820 1723 244 327 1283 481 2573 743 2423 815 2404 2568 2179 594 23 1558 1184 1199 2150 474 270 1738 37 714 1891 334 1108 1272 1995 1960 2217 76 1659 1880 851 1818 396 1844 744 901 425 372 2521 498 2415 1768 229 2203 2152 1740 989 1637 40 2210 117 370 1488 2224 2162 1661 2072 2571 2216 1087 1363 898 2761 2726 926 1889 853 1207 292
000613.jpg,1561 1197 853 898 465 1631 540 617 291 1928 1087 1166 1558 714 2409 1207 1300 2072 1590 895 2493 2242 93 614 2324 1535 1689 634 1334 2542 499 2143 1593 24 803 2430 1346 2024 1597 1785 426 676 1513 1161 739 2066 1773 1847 1228 832 1137 1538 1795 2323 2785 2113 483 1213 792 2827 407 1914 983 2638 1091 1343 1265 1115 1693 374 310 1298 576 2441 2700 2235 2759 2699 2784 1996 1176 1093 2656 1798 1427 1342 76 1333 2112 1672 2579 834 2667 1019 182 1743 1683 2016 2149 1856
000614.jpg,1325 1779 2145 1385 406 1992 2102 773 1526 2516 2763 1969 1511 1442 519 1007 730 1894 191 2302 1707 1466 811 1165 338 410 2110 186 112 1079 1871 2613 315 1783 435 1670 365 1581 1138 1020 2095 1645 742 544 1309 248 2622 1454 870 288 1311 1573 2560 2680 1968 1731 2746 717 664 11 843 605 94 2290 1040 1516 881 336 709 1966 1759 1800 2730 1424 648 538 2757 2195 1498 257 2609 1012 1390 1068 2830 2377 800 249 1243 2492 1406 1634 792 1342 610 1557 2519 184 855 301
000615.jpg,455 1262 2232 113 2137 1140 822 1506 383 1505 27 1356 1568 2470 478 525 2311 726 1248 1435 331 216 999 625 2070 2693 654 655 679 1124 1503 245 1475 430 2236 1472 2059 1598 2407 2053 1662 314 2505 2465 799 858 1967 1635 390 2565 1187 471 1715 2429 2698 1438 1303 484 534 838 1918 363 1050 1274 806 209 1141 139 1282 1037 936 758 1127 1273 418 408 1780 402 2301 1648 356 252 131 653 2406 643 49 1787 2061 53 464 2611 295 2173 2017 1929 1024 207 389 296
000616.jpg,1049 932 839 1521 955 698 1041 323 2032 2047 56 2421 370 1189 1754 1949 1038 1272 1910 2520 2210 13 640 2671 1337 2578 828 2083 865 377 571 1616 2150 244 672 1477 2828 2115 933 680 1668 2423 743 1249 292 1957 2602 1363 1683 272 1053 1471 924 2216 310 2428 1696 2620 1487 893 831 78 1374 2798 681 1132 21 581 953 1995 1230 560 2567 1420 1562 2214 1222 1922 979 738 2827 2000 2149 1288 713 417 1588 1398 45 1703 691 1430 2451 361 1738 569 322 2242 909 2217
000617.jpg,1339 1896 734 1376 2674 847 1741 152 2191 458 313 2283 2500 505 849 1827 523 2819 1532 1563 28 2099 2479 2181 175 238 587 2552 330 972 354 1708 2681 2716 671 2119 2250 2365 696 1335 2228 2028 2177 2527 2557 532 705 503 1543 2742 2597 1956 2193 1746 633 92 2370 2814 772 2322 2689 2592 711 261 1852 2052 2534 1680 120 81 653 1873 2610 2440 1408 526 1386 2082 271 547 1111 1101 1942 2367 274 994 390 864 2812 1635 1655 2270 1752 188 197 608 1831 1692 2236 602
000618.jpg,197 1993 2439 712 1045 1417 1663 1782 463 1710 2836 2767 1489 1381 1054 1870 1658 1544 947 2649 2050 2241 550 1369 900 26 1422 1617 925 348 1328 1701 1437 1444 2130 2289 480 2628 860 1552 179 2832 445 735 1029 169 1934 2790 1102 260 1656 312 440 1926 559 1486 1624 2840 1644 2375 1218 1679 1468 1407 2454 2312 2082 2528 433 2011 1307 134 2419 817 489 2826 2133 1253 2817 2424 1545 563 2397 943 188 645 1840 2501 1146 904 2084 1796 1649 2044 59 2411 1737 1630 1319 85
000619.jpg,2281 2288 564 230 1818 2495 1180 1357 39 926 76 1786 1106 1996 751 1257 777 2114 2224 1971 1559 2000 1091 1836 2785 989 2555 834 1476 397 55 1593 1727 1538 1714 728 1856 2390 2058 1713 2239 2324 940 2737 2073 2176 1434 327 1846 2489 2111 683 1749 88 2132 2493 1529 95 2744 1194 2699 1451 807 1116 1343 946 1914 1004 581 1841 1950 1733 1057 2303 362 1523 596 541 744 2791 2118 2554 2641 1483 993 2202 1986 2745 42 1108 2112 1019 149 1528 182 2086 2760 37 1304 83
000620.jpg,1146 2389 59 1202 1545 4 1737 626 2082 1799 1752 2367 2477 1386 188 2270 826 518 556 987 950 312 2832 283 266 1405 547 85 1934 2501 1102 635 611 1319 2528 1656 2300 2411 2044 2790 943 2069 1926 1624 613 221 2556 1644 1407 817 2817 2631 2312 1468 904 1316 480 2397 260 274 345 2419 2689 2534 864 526 271 2842 2574 705 996 2766 1339 1870 2530 1491 348 2424 608 2208 559 2440 2789 925 994 2370 2375 900 1253 2692 1172 2826 1942 1408 769 2119 197 1721 2084 1677
000621.jpg,1132 1588 121 536 2090 193 988 569 36 340 1268 332 1431 1699 2117 733 866 979 142 2668 1492 555 2078 2227 802 1393 2743 2029 1053 1890 429 2333 2384 1430 2786 1886 1553 1256 1562 1236 289 176 213 554 1033 199 1888 2380 2108 432 500 21 2267 868 878 2217 2451 1398 681 1686 417 1449 680 361 62 886 1418 2408 1499 901 427 707 597 1065 1793 1478 2415 1038 1728 302 424 1228 1945 292 29 78 1910 2533 24 520 232 1719 2224 119 571 2827 1754 2566 2649 2143
000622.jpg,1982 687 264 2844 2455 667 299 226 2269 2797 1589 1735 2371 428 2484 1122 2139 2731 2833 90 837 2092 1159 1925 1814 403 1815 2189 741 352 1009 1619 891 2063 879 2473 1549 2576 2403 2776 1863 1338 557 2460 2412 1539 2175 2138 2094 573 2811 1238 1421 267 17 317 160 537 2255 127 2266 1078 846 2710 1509 2835 1530 472 600 2338 2614 1862 405 1571 147 867 1242 888 1291 2595 280 262 1607 210 2418 1341 57 642 1698 2662 1295 1807 577 1480 2100 195 2738 2740 2339 1580
000623.jpg,1371 1113 2263 1525 2502 2152 2572 214 2141 2623 1280 2841 1661 851 2348 1602 327 1139 957 106 1866 1953 1605 2751 1171 621 2567 2404 629 22 1865 2678 1214 1889 2464 2109 1960 609 2522 1659 2401 1032 1738 509 2612 1364 2056 96 38 744 1632 45 1084 183 171 84 1064 844 1251 941 592 1927 40 2725 2457 1397 1365 1766 510 2521 2726 2768 420 894 924 189 2203 2153 2162 2448 1488 2182 2060 1144 2554 1434 1744 2112 149 1939 2216 940 1004 2760 419 244 1768 270 954 198
000624.jpg,835 1608 502 990 903 284 768 65 1107 297 1512 1340 1254 103 1323 250 1310 684 2388 1720 1821 1235 1908 1186 2601 1975 2471 688 578 2276 2624 2314 1413 1391 1845 126 1830 848 702 931 1114 1767 967 1804 2612 2087 2401 870 2615 522 1945 463 1834 2571 1870 2650 2024 1265 1369 1013 46 2116 1907 2766 1782 2649 1448 892 26 232 205 2050 2196 2481 2573 2579 305 2566 2015 1381 1431 1035 844 881 30 1663 2143 886 2000 1298 1948 638 1336 789 935 1065 1672 1686 319 2425
000625.jpg,1017 2049 1290 2093 2282 530 2064 631 921 1518 2596 1879 1604 607 1301 451 2796 446 2140 1058 1981 1237 984 1567 394 1613 2392 1909 662 904 1179 1695 908 227 1853 2782 2491 1000 2252 2682 1977 2773 1468 2312 2328 542 1579 916 998 2462 271 487 116 2792 2652 598 2259 778 2148 1906 2375 1491 841 674 710 196 996 2257 2716 2530 1408 1725 2741 367 382 1739 489 345 639 887 660 1677 1396 507 197 950 2084 444 1742 9 970 54 1578 1606 1942 1148 2499 2042 1893 50
000626.jpg,2702 1980 2315 2685 269 277 767 1443 889 1833 1938 1747 1557 2686 2496 1548 2622 2757 1390 211 1759 1460 315 369 2532 1165 2302 1989 2510 191 431 2663 307 2 2015 1091 1252 600 2818 398 1073 951 2755 18 2108 1401 2116 1834 1996 1286 506 832 2478 1622 1535 2276 830 2045 2598 1593 2135 2100 1013 835 2098 1844 870 1412 1266 2079 2160 777 2258 496 926 1914 1767 16 2281 380 1837 1413 2386 44 899 291 856 1842 1820 1346 959 873 70 2746 1212 2305 770 73 2476 2525
000627.jpg,2362 2512 850 1504 2218 222 1436 1933 1305 2355 1790 836 935 2096 2645 2071 2691 1321 2750 1098 2432 2156 755 1709 2450 1911 2342 1736 2201 897 1806 1638 1052 1267 2420 477 399 2074 461 2587 1387 73 437 1599 1510 1559 1106 272 1628 981 2163 103 1023 380 1957 1222 560 831 2122 15 2214 1420 1976 177 1233 208 384 783 1323 2463 2055 1085 141 2679 2829 1364 1145 1230 896 2831 1163 816 2318 2154 2469 680 1903 2401 99 1066 409 1451 1785 621 2107 2777 688 2705 738 1257
000628.jpg,1085 1903 816 177 1163 2122 2829 2679 2452 1808 1155 1688 2274 1404 1415 1100 2163 1089 72 981 453 1872 174 141 1233 380 2055 460 437 401 1628 760 2775 1784 164 2074 1145 73 1599 1023 2009 399 2722 2587 172 694 208 477 2577 612 156 595 1241 1621 599 1510 823 461 589 2161 1047 727 2446 1175 485 1951 2636 2537 2642 144 1976 1306 1361 1430 1451 1553 2542 954 783 1717 1305 1006 1798 949 1421 222 121 2408 979 901 1605 2827 2362 850 2000 658 1685 1256 666 2112
000629.jpg,1532 2479 152 849 1708 2099 2819 671 330 696 2674 2028 734 1741 354 2814 458 313 2742 847 532 2557 1339 2716 1956 2283 2500 2552 1896 28 238 1827 1563 972 505 587 175 2119 523 2181 504 2365 2250 1704 2191 1376 2681 92 81 2370 1473 2534 705 2527 2689 503 711 2322 772 633 120 261 1335 623 344 1852 1101 1746 1680 2597 391 2610 1216 1650 999 2144 2592 2698 2806 1543 1314 2052 2228 2193 726 1135 1555 2822 1273 2199 2236 1327 2212 1475 2059 390 1721 2693 1278 1635
000630.jpg,1039 89 1730 452 1378 1022 467 1026 2687 758 389 108 2765 1929 840 2806 628 2301 1275 295 2634 1008 268 1789 2285 2505 2465 1831 484 1024 2407 1220 1503 1912 1706 464 753 1662 2059 2398 501 2062 131 241 1655 999 2236 478 2429 363 927 1923 1932 1843 643 2142 788 129 1062 495 125 2611 1048 726 786 324 331 2244 2698 782 471 456 1273 1018 1475 2632 780 2467 534 1875 1568 1124 138 1297 936 1011 1813 655 53 314 1438 2531 1281 1097 1692 2690 430 1500 1465 402
000631.jpg,215 341 364 251 2381 101 737 2040 436 1900 374 803 989 545 1389 1427 2540 1883 2546 2759 1115 328 2504 2579 766 572 581 1971 1394 2644 1230 1353 2114 962 304 2178 2238 1898 529 1257 2784 2277 395 1798 1106 789 2113 2066 1683 1361 1559 1213 1300 240 407 2323 1801 483 1451 2242 1786 1334 589 1175 485 1951 1306 2787 714 898 2000 727 2054 1091 658 1093 926 1558 76 1818 1087 2495 614 1137 293 1207 1928 646 751 1357 564 1166 1180 2756 2409 2072 39 2288 754 853
000632.jpg,204 2741 2135 1212 899 1606 2842 137 116 1463 1935 2558 1944 97 2041 2766 1547 1134 2068 246 1055 1067 2305 2728 725 2511 2825 165 447 2294 79 1056 2207 350 2435 722 2813 1874 494 1986 2248 686 1223 2057 1940 2736 2665 657 692 677 2039 1130 1825 1677 682 2382 2625 1464 1841 2580 1771 305 746 1126 647 2258 362 790 231 2291 135 1899 558 2438 1962 1796 1937 2037 2295 1892 48 2719 67 1998 574 388 1930 1193 1656 1870 2004 2455 2143 1076 2683 2506 1408 1934 2708 2413
000633.jpg,1179 2792 1583 2491 1579 2328 945 998 1791 841 1977 9 2682 1578 118 567 1470 2252 639 2065 1651 887 919 227 382 517 2711 1667 1769 2778 916 952 1920 1531 1354 778 1063 808 114 2723 982 1854 2729 930 2647 748 928 2042 1657 819 1585 1770 2225 2575 1851 1970 763 2379 978 390 1635 1819 363 2017 2462 216 1018 782 1864 344 1386 1662 331 27 1472 547 2687 1715 1692 1475 2606 92 134 1967 2059 2200 1140 1924 2429 2061 1961 2698 1216 2146 764 2148 2407 196 936 2053
000634.jpg,1982 1925 687 667 1619 879 2460 557 299 2139 2371 2844 2455 1815 1159 1589 1238 837 264 226 428 267 2731 2797 403 2548 2363 160 352 2092 1735 2484 1814 1009 2269 1863 1078 2833 2094 1122 2063 891 1375 2576 2776 1338 1530 1291 1549 2412 1421 2189 1341 234 573 90 147 1520 2662 846 642 1792 262 2138 1607 17 888 2403 689 857 342 570 1 1539 2039 307 2607 2727 1480 2125 57 2356 1930 2100 2473 1665 913 2399 2385 1828 1660 1887 2835 537 1571 421 1551 1350 1373 1086
000635.jpg,837 1009 2455 2484 264 1159 1815 2092 2139 299 2371 1982 2833 403 428 2269 1814 667 1735 2844 2063 2776 2576 1549 1589 1122 2731 1619 2797 90 741 1925 2189 1863 17 352 879 573 2138 2385 262 1338 888 226 641 1994 2412 267 2771 891 642 1238 2338 913 991 1539 846 2473 1295 2717 1622 234 2273 1698 687 1373 1807 2223 1291 2486 1824 2100 2460 1571 2616 2253 2635 1409 867 2158 2185 472 46 892 2215 2255 2638 127 2607 195 1480 1660 668 600 1081 2834 1095 2659 656 223
000636.jpg,2043 2171 650 2666 2810 2816 759 732 620 181 1797 2643 1702 807 1260 1891 1697 1188 546 475 2346 285 1723 1221 1882 1541 922 6 820 582 1916 1318 2167 1083 2807 411 956 1456 2425 1865 1603 1536 2476 1763 636 1858 2268 334 750 154 1285 661 2278 752 2749 1288 795 468 980 1524 829 298 258 1703 236 1322 45 2056 973 1090 307 2522 2468 1284 1806 229 2608 1251 1072 2823 1884 2761 37 42 2401 459 2118 1911 1363 1364 2362 2313 1064 2048 600 2399 1570 2760 2705 2512
000637.jpg,727 658 589 1175 485 1951 1306 2113 304 2178 2787 1213 2066 1798 646 2054 1361 1389 2546 1115 293 1394 1230 714 1558 898 1087 572 2072 1207 1334 1801 2000 962 1451 1312 853 1559 614 1300 2022 395 2323 76 1333 1785 529 1928 1106 1137 1166 783 1683 989 2179 2409 1738 420 2644 2768 1184 949 2277 1685 1605 2203 803 1723 1228 1502 2149 581 2521 1027 1397 1561 2114 954 149 745 327 2242 2043 2810 2656 2494 1693 1891 907 215 2346 23 310 594 325 117 75 1488 650 322
000638.jpg,1896 1339 734 1376 2674 847 1741 152 458 2191 313 1532 2283 28 2099 2500 505 1827 2819 1563 849 2479 523 1708 972 330 2181 238 354 587 175 671 2028 696 2552 532 1956 2742 2228 2681 2557 2119 2177 2814 2250 2716 503 92 1335 2527 1852 1543 2365 1704 705 711 2370 1746 772 633 2193 2610 2597 1680 1655 653 2322 2534 1473 1428 2592 2062 2052 2059 1706 2693 2007 1647 999 2344 2307 1721 2800 464 643 2236 726 2670 2358 1831 1873 1240 2689 1568 120 2397 1475 547 261 1472
000639.jpg,723 247 1204 539 1359 2585 303 1772 2582 153 450 1121 206 2485 343 1997 1403 1751 862 2603 1633 871 2718 512 776 2026 2008 98 764 1289 719 353 276 952 1769 2225 982 1528 1354 592 1245 2018 2086 2310 2284 566 1578 40 2379 2453 2488 1368 1659 1066 930 1566 763 2487 998 851 2303 2146 1226 869 1247 1128 807 1211 388 528 2551 861 212 919 2575 2598 2761 492 1260 1726 1631 738 1047 2513 1645 479 168 698 713 1835 691 1441 58 2627 1154 841 1063 874 1667 2658
000640.jpg,1300 1277 1749 2058 834 2555 2066 2113 1213 1727 898 761 1785 304 2178 2493 483 1672 1558 803 1087 1995 465 714 2546 1115 853 2437 1207 1928 1883 2784 1166 16 2317 1795 1389 1161 2072 2409 1197 1513 614 1773 1394 1561 1044 1847 1228 44 251 1178 1353 2249 2700 789 1483 1257 1447 1137 240 1361 1175 2277 374 1990 1106 2787 485 1469 376 2022 1798 1559 1971 1801 1427 617 727 341 989 2579 2054 589 2759 895 215 293 1334 1951 2497 1425 545 1451 2324 529 395 572 2644 1306
000641.jpg,1255 123 986 1757 882 2150 1477 698 1049 932 2380 1236 2267 2088 820 2366 1038 2767 750 1948 1636 955 1553 1149 1603 1657 440 928 1430 965 1897 334 743 1362 1649 1492 292 2533 2778 901 2493 947 1096 1541 29 1521 427 1256 2423 1045 1041 429 1616 286 690 1190 2673 2583 2241 839 2320 2078 473 2424 2312 1945 2836 1840 1233 260 2815 2227 796 1444 232 981 1699 2828 1218 2090 672 1754 2421 1416 930 1431 754 302 289 933 2050 893 319 520 2668 1537 2172 119 2021 704
000642.jpg,152 849 2819 1532 313 458 2479 734 2283 2500 1741 847 2674 2552 1896 28 1339 2716 1827 1563 175 523 505 238 2099 587 1708 2181 354 2119 330 671 2557 2365 696 2250 2191 2681 972 2742 1376 2028 504 2370 2814 532 1956 2689 2534 705 81 1704 92 2527 711 2322 503 1852 1746 772 633 1473 120 1680 1543 2144 1335 344 2597 2193 1216 391 1555 2244 2610 2059 261 1650 1756 2592 390 1715 2693 999 2052 1317 1831 1635 2228 1101 1465 2799 1135 1655 780 2199 2173 1876 1111 2280
000643.jpg,2317 2437 16 1672 44 761 1483 376 1469 1447 2249 1990 832 2700 1995 1178 1749 1836 47 2202 2745 1914 1476 1838 1713 88 834 2785 1224 1727 1044 2190 1714 683 2555 2058 983 576 2180 2523 1116 1856 34 1277 2441 1535 1176 95 1425 2111 2422 824 2827 2547 2129 132 777 596 115 695 1996 310 676 1693 617 940 1346 1743 2149 1103 1304 1593 1073 1523 2656 198 230 1343 1091 1004 830 1620 2216 2497 499 2112 75 1364 60 2831 1732 1251 905 1228 291 2522 2737 949 2016 2760
000644.jpg,2819 849 152 458 1896 1532 2500 2479 734 2674 313 1339 1376 2283 1741 523 175 2552 505 587 2716 2099 847 2681 1827 2181 28 2191 1563 330 238 1708 2365 354 2119 2527 2742 2177 1543 972 671 2557 2814 2028 532 705 696 2250 2689 2534 81 872 1956 2370 120 2228 1873 1852 92 2610 653 1335 2144 2199 261 1704 1781 1746 1917 2322 1109 504 649 2193 890 2017 2794 408 2306 296 1164 2799 2592 633 1314 1099 192 2669 2052 2773 2025 1282 1111 2597 31 503 1822 239 2173 1101
000645.jpg,485 1175 1306 1951 727 658 589 2787 646 1798 2054 293 2113 304 2066 2178 1213 1361 962 1115 714 1207 1230 2546 1394 572 2323 2072 395 1334 1558 1087 1451 2644 898 853 529 1427 76 1312 614 1559 1928 1801 1137 1166 2000 1389 2540 1106 251 2409 1883 803 1300 2784 374 895 93 634 1786 545 215 1257 436 2277 989 1683 1197 2149 1149 2656 1333 483 1597 1785 426 2430 2143 24 954 1590 2172 286 2320 2533 364 2673 581 101 2759 2324 240 1971 29 2022 1685 1693 2024 2224
000646.jpg,2025 2669 225 192 61 207 1787 2396 1780 2794 2280 2173 1781 209 838 139 654 245 1127 2164 239 408 1282 525 2091 49 1506 356 653 296 290 52 418 1274 1141 2232 2693 383 27 2311 1481 1472 2470 2017 1555 806 1248 2531 1505 2070 1435 534 625 1662 1011 1465 1140 216 2053 1356 679 2429 1598 2565 471 1438 1037 1124 2244 780 113 53 1475 786 2690 858 402 936 2285 1961 449 1755 1918 1216 252 346 1924 2137 2467 363 2821 455 2765 1635 1967 452 2059 2557 390 1715
000647.jpg,1272 1910 640 2210 680 13 2520 2671 2421 1337 2578 536 828 1754 340 2083 1949 1038 2384 1256 2227 332 36 2668 2267 1699 1132 1562 1430 1041 571 2451 1553 1065 2108 2786 569 2217 979 1236 2570 176 377 2380 1431 2090 1588 21 597 2117 1418 865 121 733 1764 193 698 1686 886 2335 417 1616 500 289 1890 370 1793 40 988 2839 1398 1189 729 1521 1393 1033 2795 1886 1266 323 2415 851 2115 1329 1888 244 672 955 1449 62 1399 2808 1960 2828 2032 1891 866 2513 933 1668
000648.jpg,629 2677 1865 941 1949 281 909 882 84 2627 1144 270 2161 1283 2502 2152 1605 594 1768 2494 396 2346 1916 2761 1754 214 2521 2421 1184 2179 474 2048 1738 475 1108 1371 1502 75 2542 1723 198 1766 2203 1987 940 510 609 1880 2497 1602 148 853 1798 1113 851 1004 1488 1038 1712 1891 1802 481 1960 1041 2132 1591 1979 149 1334 986 2726 1397 1256 954 76 2249 907 1198 783 1760 815 183 744 420 1685 23 2030 1064 244 2115 2074 1304 2348 1628 2245 1343 40 1206 2162 117
000649.jpg,2045 2023 1584 2755 747 770 258 1320 19 1796 1844 597 1980 1035 1286 2217 1065 2612 1256 2108 417 1722 76 1047 2077 2745 2202 1839 2415 1996 1562 2249 1364 2522 901 1398 2705 2216 744 2058 886 2831 1888 1476 2056 2421 2571 2098 171 713 1628 2401 45 834 1968 2668 576 988 2116 2566 1269 2190 2827 1073 1064 2182 2545 1945 2760 232 989 506 777 1091 926 1834 2478 520 1176 940 1890 1199 893 2162 2476 1673 88 424 465 983 230 1728 1553 824 2613 1272 2288 62 609 2227
000650.jpg,853 1197 485 898 1207 1175 2072 589 1087 727 1306 1558 714 1951 658 1928 1798 1561 1166 2113 614 2054 2066 646 1213 2787 465 304 1593 2409 617 2542 2178 2493 293 540 895 2324 1631 93 1590 634 1535 76 1137 1334 1346 954 1597 1361 676 1312 1333 1115 1685 291 1298 499 24 2546 2656 1300 1785 2143 426 1689 1230 1343 149 2112 198 940 1760 783 1394 1712 949 75 1004 962 2430 2497 1257 182 2323 2016 2024 2129 310 2242 2737 803 2022 1434 1106 2827 1304 1727 572 1389
000651.jpg,1105 243 1396 355 1554 1370 813 2257 1331 2696 2660 1673 1614 908 2458 1495 1384 966 1742 2782 1906 660 54 710 50 542 2369 1893 2259 607 1739 360 2664 1031 2600 1853 487 2803 337 1705 1681 942 2049 1000 1287 530 1695 1017 1565 2282 921 791 631 1290 1508 392 2647 2085 1237 2064 2336 2093 301 825 1676 320 515 1518 2645 2157 2543 459 1604 1567 929 1002 1301 2598 975 451 836 1985 2426 2361 1098 2736 2305 394 765 70 446 2724 984 144 343 2136 1316 2272 595 2096
000652.jpg,1371 2502 2152 1113 2263 1525 214 2623 2841 1280 2572 1605 2141 2348 1661 106 1602 327 1139 851 1866 629 1865 1953 1032 2567 1927 96 1632 1171 941 894 2678 189 2554 2153 419 84 2060 1738 2768 2751 1214 2401 420 1397 1144 621 1084 2109 924 22 2705 1251 609 1364 183 171 1365 2726 510 1283 2203 2522 270 1064 2831 744 1960 2521 2030 1488 1659 1184 148 2182 957 2677 1288 2056 2760 117 2612 2162 198 38 953 2179 481 45 2421 594 236 2608 474 2303 1979 1004 75 2497
000653.jpg,1911 2355 2420 2318 1682 1267 320 1200 1387 2691 99 1479 796 850 1474 2706 690 745 2535 325 1537 1504 1006 2218 222 1671 2362 1436 1426 1305 8 2468 1080 23 1933 2512 2156 1676 2593 1718 258 73 2449 2096 1628 1098 2134 935 459 836 2366 1380 897 208 443 2587 1638 1570 2074 747 1308 2394 380 1872 1736 1599 973 1790 755 1610 1015 1082 1320 586 1621 1090 1233 981 2645 2071 437 770 1510 2147 760 2494 37 2014 448 1801 2572 1285 1256 411 1052 36 980 595 1061 1939
000654.jpg,2267 1430 1553 2380 1236 1699 1256 1886 1272 680 2217 2117 36 733 1910 569 500 1431 2421 2671 427 2210 193 2415 13 536 2520 1038 988 2668 121 1793 340 332 2423 1041 640 1754 1949 2578 743 2568 2469 2227 901 866 1562 1499 1628 370 979 2786 2384 1521 1890 1492 828 1337 2108 142 2126 1616 2090 73 1888 1329 289 2249 176 2335 1176 292 1668 2083 893 56 323 2115 1449 2828 933 1189 2120 2451 21 568 2602 479 1374 417 554 731 672 2031 738 2032 617 853 2570 954
000655.jpg,189 2060 1032 2554 419 894 2153 1632 1927 96 106 2313 481 1661 815 2823 2726 1288 2567 1703 2216 1363 167 20 1560 1987 1286 2425 2162 1844 1858 1015 1744 454 183 565 744 959 333 2109 506 592 236 2760 171 396 941 2608 468 1736 1217 2450 1064 1638 1610 2118 2182 1749 2627 122 1880 45 38 84 2222 834 1456 2522 1084 2058 1525 2573 2705 1960 621 2335 1205 1364 2056 1251 980 1098 1284 2249 1995 1865 1593 1283 2263 2784 2257 2030 115 1836 1939 2831 755 1673 1371 309
000656.jpg,2509 1810 67 1075 1001 2583 2121 2350 202 1012 249 627 1406 1944 1055 404 1195 2057 2558 1894 899 2825 1606 2135 1212 2766 742 2728 725 2741 1609 1707 1594 165 137 1869 338 232 1516 499 2207 1517 902 1088 2033 1945 2842 2736 917 204 1223 447 550 937 2684 2042 494 2809 378 201 818 1874 709 388 2233 2020 2435 2733 2291 2254 1901 1411 349 32 187 316 2757 538 2294 1169 574 168 1935 730 925 2651 480 2584 1626 2106 1463 563 1466 904 520 1779 2813 1441 2248 135
000657.jpg,196 353 776 98 1625 2474 869 233 585 2067 1963 2256 1643 2361 1864 1819 2462 1042 701 2353 2081 2334 2103 910 276 809 781 1402 1970 1179 2434 2536 2491 282 1977 2027 1246 2101 1791 2328 66 1579 1578 1574 154 639 2157 9 825 118 1220 2792 929 2643 945 841 175 2465 2505 2065 2634 628 522 546 674 2429 936 2336 471 1662 2252 1524 2723 1 1438 363 840 2821 389 759 1481 2284 1221 2467 1260 381 952 2690 1026 108 2740 1531 227 2264 1344 241 2017 1465 1667 778
000658.jpg,979 2786 2227 340 2668 176 332 2108 1393 1562 2384 1065 2743 1033 1890 554 289 1888 1686 1418 536 417 1431 2451 886 1492 597 142 21 555 866 868 2029 802 36 429 988 1398 62 2078 1588 569 361 121 571 2117 1449 733 1053 199 1132 2333 878 1268 432 681 193 500 2090 680 893 302 292 78 1699 1256 2217 1430 1553 1499 1886 2267 2827 1535 310 1236 2441 1343 2190 940 1714 832 983 1693 2202 2522 427 520 2380 2242 2112 272 1957 695 1176 2224 1685 617 1793 76
000659.jpg,1870 2649 925 1369 348 26 480 2454 2769 2714 550 179 663 2538 1422 2375 712 1417 1489 1710 421 860 1701 2581 689 2130 2004 1930 463 1045 1193 570 445 197 2123 2638 1792 2574 1190 2840 2050 2125 135 1358 1758 1624 489 1782 1665 2044 524 2039 2241 260 704 440 1934 2817 1298 1552 1381 1658 817 2084 1253 2011 2116 1029 518 1588 756 2413 2501 1551 2411 2528 1737 1319 1840 1146 2424 1431 188 1132 1788 2827 1448 1434 1644 559 1348 746 2790 1910 1617 2694 2143 1468 2356 2289
000660.jpg,2063 403 1159 1815 2484 2455 837 1009 264 2138 17 573 1735 1982 846 317 1338 667 2412 428 127 2255 2371 472 642 600 2811 90 1925 299 1619 226 352 1814 2092 2100 2833 2139 2486 1122 1863 2189 2269 2403 1060 1571 867 1589 2797 1622 2776 2731 879 1698 1816 2339 2266 2844 2607 2648 537 687 2094 2431 2338 2633 1549 2576 2835 2614 1828 1660 1530 1421 195 814 1078 405 385 160 891 1964 1480 577 1607 1366 1994 1803 2385 234 2223 888 307 511 1025 1341 349 2635 741 1349
000661.jpg,1034 294 2229 2461 1234 210 1392 1276 57 2418 2174 793 1861 1792 280 1859 1375 1072 1575 1724 704 1580 1664 493 2456 746 1930 570 689 421 2374 2125 2004 1758 2186 2590 1665 801 857 77 2039 2327 756 1358 885 1457 1887 548 1350 263 2356 1776 2332 1551 1229 228 656 706 2548 2739 2659 1043 1877 2330 422 1542 720 2672 1191 2838 797 2123 2321 2581 1193 1765 2694 366 242 158 1947 133 438 2206 2662 1292 976 82 934 798 2460 1609 557 1279 1086 130 1377 287 1196 2198
000662.jpg,2363 2460 557 2185 879 1694 1509 1440 143 2584 2710 1242 1684 1129 2298 1411 2529 795 386 1445 2468 2517 1619 2740 262 2749 30 1925 2444 1373 203 2175 787 958 1807 273 685 2271 810 1059 1811 891 888 1863 718 1629 1803 2013 638 1982 1295 1270 2104 352 1862 2844 1238 169 342 2595 267 1514 147 2837 71 969 1167 1291 2524 1215 2481 154 2050 1524 1544 1360 1623 735 1054 1294 2213 2707 1617 2631 2771 299 2130 1630 127 667 1539 2011 1679 1444 2619 2840 1355 2340 551 1649
000663.jpg,1385 1779 1992 773 2763 2145 406 519 2102 1526 2516 1325 1007 1969 1511 1442 1894 730 1707 191 2302 1466 1138 186 811 742 1731 1871 338 1645 112 1800 2613 1165 315 2680 257 410 2110 881 535 1079 2377 365 435 2095 1527 1581 2609 870 1020 605 610 1419 1309 2830 1040 301 288 709 1573 2560 678 1068 2746 1865 1516 1783 544 248 648 253 1759 2835 1968 2341 1828 2785 2290 1311 664 11 855 1567 821 2331 1850 1424 1876 351 240 1178 593 392 2005 2757 2417 2523 2251 1342
000664.jpg,540 1093 2242 407 1561 2441 617 1346 1091 1856 2827 2238 310 1535 1683 1898 2111 2785 766 1914 777 1996 949 783 328 1343 983 2114 581 2202 2737 1693 2190 2542 1087 2745 940 95 291 1631 898 2504 2656 1176 2112 832 1558 1593 2493 853 1298 230 1004 596 182 695 2149 2615 1476 1448 2072 2413 2759 1207 2016 1434 1785 24 88 132 789 1019 1230 576 558 341 149 2295 634 2579 2000 1713 1103 1714 954 198 979 1689 803 1743 1161 1760 2523 1773 737 63 1749 714 2422 499
000665.jpg,70 1125 1753 2077 2777 2478 2772 2561 2510 431 1834 1839 1035 2015 1252 2818 951 18 1842 601 2 2663 1759 2161 315 2757 2622 1557 1390 1165 191 502 2471 395 2302 522 1951 990 1306 284 2624 297 1389 2601 1845 1908 1235 962 581 101 2504 727 485 2685 1683 589 702 1340 658 126 436 1137 1230 2546 848 1533 364 1829 103 1175 1115 2644 2759 461 853 614 2000 1798 1976 767 2113 1213 1107 737 277 1830 1608 714 1559 578 304 2540 529 1980 215 1323 1130 2178 165 1801
000666.jpg,2045 1584 2023 2755 747 1981 1237 1701 463 770 1604 817 1301 860 1369 446 26 1796 1567 1417 2140 1489 2419 197 451 1926 258 2817 186 348 2034 1017 188 712 1656 2574 1307 1870 559 925 1518 1045 1710 2454 1910 2037 2790 1486 1029 1319 2545 1058 1552 85 1624 2001 480 2300 2397 1362 709 2453 1208 1495 1102 638 1998 547 1516 1386 2083 1290 659 2769 1514 530 2219 2649 1934 1049 2011 892 2375 787 230 2724 433 611 1948 955 2424 260 1190 2076 1983 134 1035 202 2825 1416
000667.jpg,757 1533 1728 1231 754 2756 2021 2533 213 29 2320 2172 286 1149 2673 218 707 2224 2408 1132 1588 558 293 2295 135 761 1945 2413 536 119 424 1478 1849 80 520 121 1984 1722 2354 1296 184 232 1383 1529 2090 1867 2078 2566 1269 988 2638 1733 783 1448 19 2014 569 672 1889 609 2464 2390 1766 2828 332 1033 473 193 739 2227 2615 2384 2404 1719 1661 2249 36 1431 1562 1038 1668 2024 540 2668 289 1785 1474 375 388 429 1553 2143 1374 417 2725 2744 1492 142 76 2472
000668.jpg,2224 76 853 414 1149 2756 739 754 2320 293 2673 2667 286 895 426 1231 1928 2495 2021 714 93 1597 1590 1207 1728 2533 2172 1166 1558 2143 24 662 29 137 1087 2735 2221 598 882 614 792 898 634 1168 2387 1299 1212 1689 2409 2024 820 218 1894 465 1557 1818 1541 1707 1197 1137 1346 123 358 1944 1613 757 2423 743 2072 249 2031 2428 2430 2280 889 926 2296 674 1499 742 1829 2324 146 906 27 2225 986 1747 364 2683 803 2686 1390 2015 2509 2583 2622 436 1759 339
000669.jpg,1349 969 1572 2340 913 234 1540 2399 1618 697 1 1520 2727 2226 1025 2175 551 342 1242 2834 46 307 1539 2524 2339 1059 1571 154 961 2635 223 1652 2215 2517 195 1514 1095 892 2158 2223 1615 372 2444 1807 668 352 1215 2541 2710 573 2273 511 718 1698 1264 273 2717 2104 2740 537 127 17 912 1824 958 349 203 1509 2253 2387 262 1862 642 1629 41 846 1994 2662 2709 1803 1295 2338 687 2595 2298 888 1684 2473 798 1409 2385 1524 1238 991 71 2797 2607 143 147 2486
000670.jpg,122 1610 1858 2313 1284 1015 1456 807 2118 1560 1987 468 448 973 1884 980 815 1570 37 481 411 229 1285 388 163 1637 1188 1260 1556 334 1844 1537 690 750 2425 1061 298 1286 506 2706 1082 1603 454 372 2060 1660 2153 1080 1153 2161 1865 1032 1199 459 1761 23 1597 1221 285 1308 682 419 1980 2633 1088 894 744 2607 2387 36 1632 2257 1766 1006 820 184 1195 2476 565 1478 2823 425 1387 2554 1075 2235 866 2638 255 2351 2194 44 1370 258 745 6 1593 189 1412 733
000671.jpg,1083 6 582 1221 285 546 1702 2643 1260 759 181 732 620 807 1797 1697 2807 1318 1188 922 2171 2816 1858 2043 1536 636 1891 2278 1723 2749 2810 2666 661 468 752 2194 2313 1541 650 2261 475 2476 1865 1456 2346 2522 1603 1856 2111 2425 2056 1914 1153 45 1064 1251 669 2167 1763 2048 37 2441 2168 476 1227 820 2202 2745 462 1364 88 829 2733 2401 777 1846 1108 644 2118 133 2760 1535 1882 2489 2442 1761 1713 1476 2785 2608 1284 2827 973 1916 236 2203 905 96 1283 387
000672.jpg,828 377 640 2520 2210 2578 1272 13 1337 2671 2629 2798 2539 865 1429 672 729 2428 2120 2031 933 1070 2828 1910 1668 2602 2083 2221 1374 964 2038 1399 2640 2513 1764 2335 2570 1249 1266 955 2808 1952 2421 2795 358 2839 1521 2047 1329 1949 2448 45 1754 2720 2056 2032 1425 1041 698 2401 644 370 1596 1364 2522 621 2442 2562 2718 1189 323 2571 2831 571 2182 1536 2608 2278 2760 2445 2678 766 1038 1318 183 1880 2238 171 1064 300 1726 1251 2141 398 2612 1049 2705 56 328 2725
000673.jpg,2025 2669 225 192 61 207 1787 2396 2794 2280 2173 209 838 1781 139 1780 245 654 2164 239 1127 408 1282 2091 525 356 49 296 1506 1141 1274 653 418 52 2232 290 2693 383 2311 27 1481 1472 2470 2017 1248 1555 1505 1435 2070 625 806 679 1356 1465 534 1598 113 2244 216 2053 1011 1662 2531 780 2565 1140 1124 2429 786 1475 1037 471 1438 1755 858 2137 252 2690 53 363 402 1961 936 449 455 346 1924 2285 2236 1918 1635 1967 2467 1715 390 1216 2059 452 331 2557
000674.jpg,1290 2049 1017 1879 2093 2064 631 530 2282 921 1518 394 2596 1301 2140 1604 451 2796 1058 1567 984 1237 1981 2392 446 607 1906 1002 1613 1978 1909 2543 472 1607 1341 2357 1828 1621 1119 908 1078 2758 2257 662 1530 160 1803 2835 537 1069 400 573 405 687 337 2138 846 827 2635 642 2042 1935 1964 918 127 2094 591 342 17 1463 2266 2041 2661 2399 1449 1841 2085 899 2738 1421 1673 345 1059 1258 660 403 2614 2782 362 892 2444 2372 2820 1619 852 2573 2609 942 1331 2385
000675.jpg,197 1993 900 1437 1486 1663 2439 2767 1307 712 2836 1054 1045 1782 559 1617 2419 463 1208 260 1489 1552 1468 1710 1381 1328 947 1417 2130 1444 2076 674 134 2241 906 563 1658 2826 445 1679 1544 904 1983 860 2050 2424 1422 2011 169 1701 1253 2837 2397 1623 2707 2312 2133 645 489 2840 1649 2515 1369 259 2652 348 2084 735 2628 26 1029 1870 51 1878 2574 179 480 2088 1261 1860 978 2649 1123 2454 319 550 2769 440 769 2544 925 433 1218 1428 659 1948 1627 965 1148 2082
000676.jpg,815 1987 481 1858 1766 744 807 609 941 2404 2115 84 244 1260 1880 844 1637 1284 6 2457 1456 285 1221 163 1188 1032 1556 582 957 1889 122 509 5 1696 1061 1702 2313 2643 372 2554 2464 2726 1515 546 2060 2351 894 189 2128 388 1891 2448 1616 1723 1927 1632 466 2153 96 2421 37 106 2725 2162 419 425 1015 1802 1283 1744 759 1754 411 468 1844 2627 2194 2118 1603 922 454 973 2303 1659 23 1038 2109 498 2521 2261 2751 650 2222 2666 1610 1661 594 396 2203 171
000677.jpg,2769 348 925 1870 26 1369 2454 2649 480 2714 179 550 2538 663 2375 1417 1422 1710 1489 712 860 1701 1788 197 2130 1045 433 2289 463 2050 1895 1656 1658 769 2439 2241 1934 1102 2817 817 518 1617 2397 188 1782 260 445 2650 1146 2840 1319 440 2501 1840 2790 1926 735 161 2574 2826 943 1544 1624 1381 1253 1737 611 489 659 2836 2424 283 1552 1437 2082 1752 2001 1029 524 2044 626 559 2628 2011 2084 312 1545 59 1190 2832 1328 4 1644 1202 2528 2652 2419 1627 563 900
000678.jpg,1146 1752 1202 2389 59 1545 4 2367 1799 626 1737 518 2082 2270 1386 950 2556 312 188 2832 987 2477 826 556 1102 85 1316 2300 1934 2501 1405 635 547 1656 2044 2790 943 221 611 2631 1926 1636 1624 1319 283 1407 2528 2069 266 2411 1644 1840 1468 480 2312 817 2817 2534 904 705 613 2419 2397 2148 260 2424 925 2574 1496 274 1870 2241 978 68 348 2322 238 864 2689 2826 2440 2181 2250 2189 526 1339 2551 440 994 2144 633 1563 2119 271 2649 2628 1721 900 1240 345
000679.jpg,959 2189 2490 1560 506 1642 1958 2425 2823 1278 1844 2405 1703 565 3 795 254 1286 1288 873 1474 2801 741 229 1985 2426 2170 745 2608 1215 2612 1524 2721 600 1363 325 1745 236 171 2434 483 765 521 2216 1136 2531 1698 2706 779 1804 1797 14 2100 522 8 309 1996 240 715 2486 2667 2401 282 861 2182 2760 1364 2056 1671 1512 1806 619 1195 100 66 685 230 42 307 45 2713 333 195 91 2784 328 2388 2197 642 693 255 967 2342 777 846 2617 32 2714 147 2733
000680.jpg,1993 197 2767 900 1437 1486 1307 1663 1208 2836 1054 1617 1782 2439 712 1045 463 1328 1489 947 2130 559 1552 1710 2419 1381 1444 260 2076 1468 2241 1679 674 2707 2011 445 906 645 2837 1623 2050 1417 134 2424 169 2840 259 1649 563 860 1261 1658 2515 1983 2133 1422 1544 1701 904 2826 1253 1029 2312 319 489 2397 51 735 2544 2088 1878 1860 440 1218 1123 2084 2652 1948 1190 1369 179 2574 965 2628 2454 348 2714 2769 26 2650 1870 480 550 433 2649 675 2753 992 769 978
000681.jpg,1466 730 338 2516 1526 1707 2843 1511 1442 1325 406 1969 257 2145 1007 2102 1779 1079 112 1992 1385 191 773 336 1894 186 1871 2763 2394 811 410 2730 544 2290 2377 1731 519 1068 2302 2364 1165 1498 1311 1516 248 1138 1968 709 2549 1379 2788 1424 1005 1455 365 435 870 742 1131 392 1670 749 1794 2341 1850 1243 253 1527 2830 288 800 1783 2299 937 2746 2151 881 717 648 1634 1454 1094 593 1040 2560 1966 2006 678 94 1174 434 1581 2609 1309 855 1573 821 610 605 1133
000682.jpg,751 1836 1178 2700 1713 1714 2129 1116 1990 2422 2523 34 832 1224 2180 676 683 2437 47 1838 1672 2785 777 1914 1535 1996 2202 2745 1346 2249 1091 1593 617 1476 576 230 1785 2190 1228 88 1357 761 465 1180 2317 499 2242 2495 1093 76 2542 2493 2288 1856 2281 1044 926 39 1176 564 983 1561 44 1773 1995 581 291 1073 2441 1818 2114 407 371 824 1786 1690 1257 2621 2111 2680 435 1732 1581 1425 1203 1467 1120 1106 1601 1222 1847 650 2360 1865 1300 272 2254 1957 2149 695
000683.jpg,70 1125 1753 2478 2077 2772 2777 2561 2510 431 1839 1834 1035 2015 1252 18 2818 1842 951 601 2 2663 1759 2622 2757 315 1557 2161 1390 1165 2302 2624 191 522 1845 658 1306 1951 395 589 727 502 2471 485 848 2686 1175 2667 2685 1788 1833 962 1559 364 702 297 126 1938 1798 990 2315 1107 1230 1980 2728 1533 284 2601 529 767 1608 901 2644 101 2000 1443 1801 2656 1451 989 1235 714 1340 2504 436 2482 2113 2636 2837 572 461 1908 1902 1389 1829 2363 477 1511 2277 1075
000684.jpg,2809 1473 12 1876 1721 682 433 1895 178 1390 627 161 1627 1406 622 2438 2435 2057 1439 1874 2676 2084 202 769 2657 173 2660 2110 2626 2670 2708 2732 574 1012 2800 249 1330 2569 67 2051 255 2183 1253 1592 2482 2289 489 608 637 2375 1606 2757 1055 2617 2307 657 677 2735 217 368 1944 598 444 2622 2598 2728 2291 2507 494 74 664 1223 491 1463 1810 1759 2646 2445 2650 906 1428 2813 197 2344 1075 2583 1491 345 904 1775 319 1158 2683 2287 1725 1052 1557 2753 1433 899
000685.jpg,2045 2023 1584 2755 747 770 258 1320 597 19 76 1364 2182 1844 1065 2760 2705 2058 1256 2831 2056 2522 417 2202 940 1398 1562 2217 1286 834 45 171 2745 2668 783 1749 2108 609 744 1064 2216 1628 713 2077 2249 2421 2827 1176 2612 1476 2190 2571 886 1722 2566 520 2415 1269 1888 2401 1251 232 983 1178 1074 1288 2608 2134 989 621 1035 1703 1996 1980 893 1686 1750 2463 2074 1796 62 361 506 1945 2441 766 901 1785 988 979 236 1342 1890 2227 868 289 554 2423 1091 1401
000686.jpg,2394 1946 105 1778 416 883 11 490 2452 2417 2697 673 632 144 1419 1200 908 630 2196 937 1170 2331 2147 218 2600 666 599 984 717 1119 2807 318 1002 1495 2642 2458 1077 1498 2788 1006 678 256 1966 1318 42 2537 855 1020 516 644 2560 2446 519 392 1133 1005 94 1968 1945 1424 1621 757 499 301 1729 1911 2260 1978 1186 1936 1040 99 2543 2251 774 636 749 2292 19 2233 1309 80 1243 593 942 1142 1705 2114 2718 2453 729 2519 174 257 966 1425 765 1688 424 1231
000687.jpg,1175 485 1306 727 1951 658 589 2787 646 1798 2054 293 1361 304 2178 962 2066 2113 1213 2323 572 1334 76 1230 1558 395 714 1115 2546 1559 1207 1087 1394 2644 2072 1451 898 1106 614 853 1928 1166 529 1137 2000 1312 1257 2409 1801 1389 1427 1786 895 803 2540 989 93 215 1883 1300 251 2224 1197 436 1590 1971 2277 2784 545 374 465 483 2324 676 1683 2495 286 1180 39 634 364 1357 737 1785 1900 713 2172 2381 1342 1898 2759 341 101 1149 581 789 29 2673 2114 1236
000688.jpg,2660 1495 2458 966 1384 942 2600 1705 243 2085 1105 1742 2543 1554 487 1370 1396 1331 337 813 1681 355 1614 2257 1673 908 2696 1676 54 660 2369 360 1031 2259 607 1906 320 710 542 1002 2782 1893 1853 1739 2664 1287 1565 50 2803 1978 1566 80 2390 1529 1000 1368 1239 791 1033 1383 1296 2566 984 1695 1401 119 1119 1231 2384 2282 424 1733 2227 1508 2451 1567 1867 568 1269 2743 289 1722 21 340 1836 417 979 19 1263 886 176 301 1533 2655 2668 631 707 2744 597 1849
000689.jpg,2363 1440 2185 1694 2584 143 2460 386 557 1129 1684 1411 2271 2529 2517 2298 958 718 1939 879 810 71 2749 697 787 30 1619 1514 1360 2844 1445 1630 638 1294 891 342 2595 273 262 1059 1295 888 795 2616 1480 2468 2481 2246 685 1446 1456 2619 2776 2213 1227 147 1258 1549 669 2385 1925 2797 307 2194 796 2175 2710 2771 665 2576 1284 1520 154 2261 1816 160 1180 2139 127 1530 2094 1995 476 1685 472 1401 641 299 1078 2535 2524 1242 1807 285 1366 115 741 2104 1661 2706
000690.jpg,2725 2464 5 1889 509 2448 2457 1515 609 844 957 2404 1766 1696 1426 744 466 2115 244 2128 2751 498 1616 2124 473 909 306 375 1326 1602 2567 1171 1477 2366 1214 43 971 2109 119 22 1866 2521 644 214 2508 1488 510 1397 2348 80 84 420 2014 815 2823 953 2688 1139 1738 2179 1296 1953 1987 1605 1038 1945 941 1265 2421 2566 2351 785 425 218 1471 29 163 1984 954 424 2656 286 2172 1383 757 2169 1637 1061 1108 1529 520 2494 19 411 2227 1149 2768 2533 1760 2502
000691.jpg,1865 1723 1891 2346 475 1916 629 2666 2816 2677 2043 650 2810 2171 941 1949 820 1605 2161 2152 1603 882 807 2502 1144 285 750 420 2521 281 594 84 1541 582 1397 1221 6 1858 1882 1283 510 334 713 609 1702 1188 546 2179 37 2261 1738 148 1766 909 732 73 2074 1599 1750 1754 2497 2249 2421 479 620 1263 2494 1685 270 1412 1502 1488 411 1637 940 2194 322 258 744 198 1342 1628 75 2768 1697 1083 2217 761 1108 1987 2463 1184 1203 1995 2313 1322 2410 2118 2627 1222
000692.jpg,2809 1473 1876 12 1721 433 769 1895 2375 2289 2110 664 161 608 274 2622 2499 1788 526 950 864 368 994 197 1725 1942 2482 2051 523 522 2435 192 1752 1627 1868 1677 271 315 2367 216 872 239 225 173 2650 444 1506 2794 1435 2438 625 2284 2146 1692 1056 1127 1018 2061 598 2440 574 140 1555 430 2164 61 2069 1780 655 494 1439 1899 2667 68 2669 553 782 1408 1289 2632 1274 2091 601 1781 1475 1892 508 1931 1314 654 505 764 2144 1472 282 331 1771 978 2606 2500
000693.jpg,1349 1572 234 913 969 2399 1 1520 2340 307 223 1618 2834 1540 1615 2635 2727 892 2215 2158 697 2253 46 1409 1095 1514 1025 2339 372 2223 195 2466 2226 349 511 1698 2517 958 718 537 2372 1994 551 342 2529 1824 71 1264 1571 912 2273 2717 668 1071 573 961 2524 203 2338 1652 1059 41 352 2175 2709 2486 1242 1445 1630 30 638 2541 1807 143 1270 2473 2619 17 810 1360 2198 1215 1295 1009 376 1112 846 2246 1539 1509 1494 2483 642 2662 1129 2738 1291 2100 1446 262
000694.jpg,247 723 1204 1359 2585 153 539 1772 303 450 2582 1121 206 343 1403 2485 1997 1751 2603 862 871 1633 2718 604 2018 1245 212 2284 2487 1289 58 1128 2146 719 35 764 914 1351 812 549 2551 1247 2008 808 2097 2336 1534 1577 1963 2209 2361 1347 874 1657 2204 1157 1493 825 2824 1915 190 1402 1528 701 2379 615 2165 1271 2453 2353 1981 151 2405 1244 869 2136 1985 2544 2550 337 2192 282 776 2407 1595 1970 1734 276 222 2260 2792 734 118 873 552 585 1507 2067 998 651
000695.jpg,1272 40 851 1910 680 1232 2421 592 1949 640 1960 13 1038 2210 2162 1754 2671 2520 2726 1744 1430 2267 2578 37 1236 2217 1041 2571 1256 1553 629 1699 20 922 1616 323 1398 828 500 2058 370 2380 1886 285 36 1661 650 1221 2117 417 940 258 459 2032 713 2115 2677 1283 2216 733 1836 1750 244 1763 1336 1315 586 1189 1277 454 21 2666 62 2249 571 1865 1090 479 2000 1714 743 2469 409 1749 597 2760 980 122 1605 361 783 2451 2182 1006 2245 1456 1106 1908 1793 39
000696.jpg,1617 645 2011 440 2836 735 1649 1045 1444 2130 1544 445 169 965 947 2837 2050 2840 1782 2767 2707 1054 1663 1679 712 1840 1029 1623 1328 1993 2241 1422 1381 319 1658 1253 2735 51 2439 1552 2628 1261 550 134 1775 155 179 1636 2287 1307 463 2088 1218 197 674 950 900 2815 1860 563 1123 2732 2652 1640 1486 2133 231 559 2419 1369 2454 2076 1437 260 1208 259 659 1752 769 2826 2375 1948 305 2289 906 348 2650 978 137 2769 480 1051 439 433 168 204 161 562 2741 2553
000697.jpg,1113 2141 2502 621 1364 1251 2401 2522 2152 2056 45 171 1064 183 2612 2182 2048 1768 1371 270 2608 236 2761 2705 2760 2831 1283 1108 2841 1525 2263 1288 941 84 1703 1365 959 42 2216 629 214 1605 506 1363 2572 1286 1844 565 1139 851 1280 333 2720 2623 1953 986 2197 2116 2348 744 2562 2591 2442 2503 1536 1458 1865 1560 106 2571 398 1144 636 1866 1602 327 1661 198 940 1217 75 2677 1797 1171 1004 2448 2807 2425 1960 644 1318 2497 620 2678 1596 732 2278 1738 2567 609
000698.jpg,1051 194 2352 1218 2272 2628 2815 1261 1965 1496 1316 1636 2556 1840 1658 2439 2241 1948 1381 1416 2836 1544 1586 950 1096 1045 497 1782 440 965 1752 2046 2412 712 1897 992 1422 1649 2069 1362 2130 64 2255 1054 518 2840 735 1860 2713 2367 550 197 1775 1663 659 2767 1868 2050 1862 2811 169 689 1253 489 1437 2719 1428 1993 677 2007 2665 1589 2649 663 140 1848 1552 1143 674 637 51 1617 231 2826 900 563 179 521 1777 722 1444 2276 268 2732 1833 2631 319 48 155 2004
000699.jpg,2389 59 2367 1146 1545 1202 1799 4 1752 626 1737 2082 950 1386 2270 518 547 2477 556 188 826 1491 996 2530 611 1319 1316 345 312 271 2692 987 2556 134 2440 1942 2069 1636 2501 1408 613 2832 904 1181 716 237 1555 266 978 1934 274 2675 2148 85 2312 2008 283 2375 651 526 1117 1157 2205 2681 994 2813 2289 2500 635 864 1864 1102 2076 2300 1997 433 2044 1468 2144 2534 1988 719 2631 2393 1924 2610 1840 527 390 1725 216 1692 368 1496 1563 608 705 2146 2059 1639
000700.jpg,204 2558 2741 2135 1944 899 1606 2766 1212 2842 1056 1055 2728 137 725 165 1935 1463 2825 2207 447 116 2294 1986 2041 1940 1547 2435 1130 2736 2057 1825 97 1874 1134 494 647 1223 692 246 2291 2305 1841 2068 362 1126 2511 2683 442 574 2258 2506 677 2292 682 2719 1899 1962 2813 2438 1901 657 790 2569 2639 1067 305 2248 1592 1453 146 686 2708 1892 350 2382 1937 2319 2039 1677 274 2625 1185 2090 168 201 348 135 480 627 1796 722 67 79 892 2649 491 2704 1889 1433
000701.jpg,254 3 1642 2490 2405 2170 1958 66 1985 1574 765 779 282 1246 2536 2434 1136 14 2336 929 1745 825 652 873 2157 2426 522 2667 276 1590 93 895 601 2165 1195 404 2209 92 1403 1609 1633 862 2489 800 1538 1245 1594 1519 2 1036 1481 389 2324 2142 91 418 2006 1406 2593 1929 1670 2669 808 1470 112 693 1648 2396 321 1913 2235 1294 52 2663 2699 2406 1997 1852 1846 2356 2519 2285 1853 822 1915 2243 2296 1034 2659 1121 2749 1446 818 2692 1229 53 1724 812 2418 1181
000702.jpg,1255 1477 1757 986 123 1636 2150 882 965 2815 440 1840 2272 950 2628 518 1496 1965 1051 1649 2241 1045 1541 1316 2836 2631 750 820 613 2639 2456 319 2767 1603 2387 2667 1752 1897 2775 1362 334 2130 2556 2367 93 2291 1590 934 155 735 895 1617 2683 1236 194 1149 2069 1600 1381 1415 1657 174 2352 574 2380 154 1704 1218 2050 2057 2729 2312 1993 473 1261 134 2012 2740 2837 2366 1782 1377 1958 1670 1663 1544 2713 1775 1422 1157 2324 1576 2148 2267 2320 2673 1833 2155 720 1658
000703.jpg,1146 1752 2389 59 1202 4 1545 626 2082 1737 2367 1799 518 1386 2270 188 312 556 987 2832 85 1102 2477 950 826 1934 2300 2501 2556 1405 635 547 2044 1656 221 2790 943 611 1316 1926 1319 2631 1624 2528 2411 1407 283 1644 266 480 2312 817 1468 2817 1636 2397 2069 1840 2534 904 260 705 1870 2148 2322 274 2419 2574 633 925 2689 613 2119 2181 348 2424 1563 978 1339 2766 2649 2789 238 68 864 2551 2826 550 2681 1873 526 1157 2250 391 2842 2144 179 2370 900 120
000704.jpg,2152 2502 1605 1891 732 620 1702 6 2643 1723 181 546 1083 1221 285 214 582 1797 759 2841 807 1371 2816 1865 2807 1139 1260 106 1318 2348 1113 148 2666 1397 420 1188 1738 2043 2263 2521 2171 510 1602 2346 2768 1697 650 1525 1603 2810 2203 1768 594 2048 1916 1488 2567 96 2179 2761 1927 475 1283 84 894 2554 1632 1866 636 270 941 1953 1502 1661 2278 2153 1536 1108 2141 1171 1541 1251 1364 1979 922 419 2831 1214 1032 189 1858 820 2522 2056 1882 2705 2623 2751 198 45
000705.jpg,197 1993 2439 1417 1710 1489 463 1701 712 860 1045 1437 900 1658 1782 2836 1870 348 2375 925 2649 1486 550 1369 2419 26 1381 559 480 489 2628 2397 2241 1544 2289 1663 1644 2528 2050 1422 2424 179 433 1468 2084 260 1407 1624 1934 2130 59 1656 2767 2826 2832 970 1552 1307 2574 1617 904 524 312 2312 2454 817 2817 1054 2411 2790 1545 2652 2044 1983 947 188 1029 1328 735 659 1102 2501 1319 2515 977 2840 169 1926 563 445 2133 1737 1253 2082 626 440 1840 1218 943 611
000706.jpg,2679 2122 177 2829 1903 1163 1085 401 816 2163 1628 453 73 1510 2055 2452 399 2587 1599 380 141 823 595 208 2074 437 760 1233 981 1872 1145 461 477 1976 1717 2161 1023 174 2469 2655 2126 731 694 164 2098 1784 72 1047 612 1688 99 1155 1808 156 2274 2775 2747 1682 1415 460 172 2691 1911 1404 1160 2009 2722 1100 1241 1089 222 2577 2384 1305 850 2636 1621 1529 144 2355 979 901 1256 1038 21 2227 733 417 1888 2380 302 2421 2390 2451 2446 292 1593 424 1236 1430
000707.jpg,757 1533 1728 754 1231 2756 2021 2320 2533 1149 29 286 2172 2673 218 293 2224 2024 967 739 707 213 2143 1689 1597 426 24 1804 135 2295 558 2759 1478 91 2413 1719 2638 76 634 251 2464 424 2381 1427 2430 364 792 1898 540 1798 2561 374 646 672 2408 498 328 2546 2725 2040 2235 1945 2787 304 529 119 101 1900 388 2178 2472 473 1115 2579 1801 1766 1334 2260 2828 2508 2124 485 2238 1061 1374 1984 2077 2366 1394 2014 1296 1889 933 1886 766 1038 1383 163 80 1849
000708.jpg,1644 2528 2411 1624 1407 2817 817 2044 1656 1934 2501 2790 1926 1102 312 2832 987 85 188 943 1319 221 635 1405 2300 611 556 2389 2082 2034 59 1545 1737 626 2270 1386 1796 4 1146 1417 2545 480 925 1360 197 348 345 1630 1870 1710 2477 547 659 1202 1411 2842 2826 2185 996 900 1489 2530 2419 2397 1369 904 2367 550 26 1437 1799 1468 826 2375 260 2649 559 2766 2692 283 2574 1701 2652 1491 1694 2208 179 2312 1045 712 271 2534 892 2138 899 1606 2424 1569 1658 2135
000709.jpg,1303 2236 1475 726 999 331 1472 430 478 655 2053 1124 2059 2693 484 390 1635 1967 314 1140 1715 1037 2429 2407 1050 1662 534 27 1438 471 1918 806 2406 1648 2301 1127 2061 1274 1503 1273 1187 1275 936 402 363 1929 1647 268 2505 2465 1921 2244 2402 780 2698 53 2687 799 1465 1730 721 1972 1216 653 290 418 786 1008 1378 2806 643 2470 1780 1756 1831 108 389 1655 782 1317 295 2794 239 1692 1755 758 391 805 1022 1568 1395 838 131 1018 2091 2632 927 1011 2765 2285
000710.jpg,431 2510 951 2015 1834 2663 2 2818 18 1252 1842 601 70 2077 2478 2777 2772 1839 1753 1125 1035 2561 2686 2757 889 1443 2622 1557 1747 1938 1759 1833 1390 315 1075 2624 2667 767 2315 2728 522 702 1114 848 751 414 39 2000 646 926 1845 1722 529 202 1801 931 126 2320 2288 1818 2045 395 1257 1559 1357 424 417 960 1786 2496 597 76 2668 1165 1980 962 2702 581 19 2644 2161 1693 2281 232 436 1106 1830 1269 1423 1241 2023 1971 277 564 215 2324 101 714 803 2021
000711.jpg,2045 1584 2023 2755 747 770 1981 463 1237 1796 258 1604 817 1701 197 1301 451 1017 2140 2545 2034 1926 26 1656 2817 186 2419 188 446 1319 2790 1417 860 1369 2397 85 1489 1102 1029 1567 348 712 2454 2300 1307 1058 611 2574 1870 2037 1290 530 1045 230 559 547 255 1386 1552 1998 925 1934 709 1710 943 2375 2424 1624 1516 433 1433 1362 1518 2076 659 2825 631 1486 134 2724 1370 2093 1739 638 480 542 1330 2001 1673 1208 305 2769 2622 2649 2766 2453 2082 660 2083 1035
000712.jpg,2809 12 1473 1876 1721 1330 1895 2289 1677 255 1618 1870 1185 2037 433 140 178 1998 1411 686 217 2626 2657 197 2649 26 2084 682 1874 1627 2375 2650 1994 2584 608 491 1777 2143 2445 2716 67 2813 622 1223 550 1868 994 1771 508 2215 1837 463 657 2569 2753 2708 2435 1689 892 494 523 1892 2250 2057 925 1592 1952 1369 1159 1390 2286 2248 2138 1852 1417 912 135 1408 489 627 1886 2676 299 769 2646 1076 2440 2427 2424 24 1934 2757 1571 1253 173 1464 2438 2625 2598 74
000713.jpg,2713 2433 1453 2309 2376 1901 1490 201 1860 2034 2545 1796 305 715 1569 1148 562 2721 100 64 155 563 2826 48 2650 260 168 1640 51 2272 1316 1496 1878 231 2088 2556 486 2815 439 784 2652 1636 978 1437 1307 489 950 2639 1965 1123 2683 1428 2506 659 2337 2649 1056 965 559 2289 725 1940 2424 440 1752 2084 1948 1840 1051 2367 2496 1874 2007 348 1833 2581 1627 663 2004 2291 574 2836 1986 1658 1223 684 2397 250 1381 817 518 1468 1775 1193 606 2189 1601 1782 197 2439
000714.jpg,2152 2502 1605 1891 214 1865 1113 2841 1371 1723 1139 2263 2348 1525 1603 106 629 6 1738 420 2816 1397 1221 1602 148 2768 1768 2141 2521 510 1866 2761 285 941 2048 2346 1283 2179 807 1953 582 594 84 732 1916 2203 2567 270 1661 327 1083 1108 851 1032 1502 2666 1488 2623 1171 620 1702 1927 96 2831 1280 546 1184 2171 894 1632 2554 1364 2572 189 2643 2043 1251 2705 1979 475 650 1214 621 2153 1541 2401 181 609 1260 1960 2060 419 2182 2751 2494 1064 820 22 940 2522
000715.jpg,2792 1791 567 118 998 1583 9 1179 1579 945 841 2065 2711 2491 919 808 2328 1578 1470 639 1977 1854 2682 1354 1769 952 382 517 2778 2647 1920 1770 887 778 1667 2252 114 227 1651 2729 916 1970 1531 982 930 2575 1657 819 2723 928 763 1063 1851 2225 1585 2379 748 2042 353 2557 1662 1925 2429 98 2059 1864 1730 999 225 1493 1625 1819 1982 1386 2687 547 390 776 2146 1475 1140 1635 1289 2465 2505 978 812 1715 2462 2017 484 2270 1967 556 726 2274 1808 363 2693 2698
000716.jpg,1132 1588 213 121 536 707 2408 988 1728 193 1533 757 2090 135 569 558 2295 2413 967 754 2756 2320 36 2533 1448 2615 1849 29 1265 2638 1478 184 1149 232 1945 2021 2354 1431 332 1268 119 286 2172 340 1231 520 424 1719 802 866 1228 1804 80 24 2078 91 2143 2260 1886 2117 1492 1236 2673 1296 142 2566 733 1699 1256 1553 499 1785 2224 1269 1383 1430 2024 2743 2668 426 218 1562 1867 1033 1393 555 568 1984 429 983 1795 1773 1161 2384 868 1597 2235 1888 1890 1513
000717.jpg,2091 2794 239 2164 27 525 1781 2280 2173 1505 113 209 2311 838 1435 1248 216 1356 654 625 139 245 1598 679 1472 1127 858 2232 1274 383 2693 408 2137 1282 356 296 49 252 1037 2565 1961 1506 1780 1568 822 653 2017 782 2025 1018 1187 1692 2669 2053 1140 1787 643 1475 2396 1124 1011 2632 1647 1555 449 455 799 1755 1262 2611 2061 1635 2062 390 1048 1967 721 225 2531 1972 331 2236 2402 1662 464 495 1715 1612 1216 1706 192 1317 1843 2765 1756 999 1050 1395 2406 1924
000718.jpg,5 844 2457 1515 509 2725 1889 2464 609 1766 957 2404 2448 1696 744 244 2115 1426 2128 1616 466 1326 375 2124 425 473 2366 498 1038 1061 815 2521 306 163 2351 2421 1637 2751 388 510 2014 1987 1754 214 1602 1477 1214 1171 2508 1738 1556 2179 1397 420 2109 2141 22 1139 520 690 2348 2203 1537 148 1605 119 594 2566 2056 1945 232 1488 1251 2567 1269 1502 1891 2048 1080 1364 2522 2354 19 1849 84 1858 1296 1768 1723 1659 424 1949 2768 2451 2384 2227 1383 1033 707 468
000719.jpg,1389 2546 1115 304 2178 2113 2066 1213 1300 803 374 1394 483 2759 1427 251 545 2579 1883 215 101 1951 436 2784 789 737 2504 2540 364 328 2381 1175 1306 1898 589 1353 1900 485 341 572 240 2040 727 1798 1230 581 989 962 658 1683 898 529 395 2238 766 1257 1971 1106 614 2644 2787 2114 2054 407 1559 714 1801 2277 1137 1361 1785 1093 1166 646 293 2409 1928 1207 1087 2323 1334 1558 2242 1786 853 2072 751 2000 1451 76 1357 676 465 2493 1197 93 1590 895 393 110
000720.jpg,106 2152 96 150 1632 1927 2502 2554 894 2263 1371 419 2153 2567 1525 189 1032 1605 2623 2060 1661 1251 2401 214 2522 732 620 1083 1171 2831 1364 940 1280 621 1064 2572 2705 45 1702 2056 181 1004 2678 2751 2841 1214 1865 1749 2203 198 22 1727 1856 2760 1797 171 1343 2737 2348 1891 2141 2441 95 1203 2182 949 2112 1222 2555 2643 1957 84 2048 2612 1434 1960 510 2202 1139 2497 272 1738 2827 1726 133 1283 479 1768 183 831 1723 2109 2521 941 1176 75 384 1602 1288 2214
000721.jpg,299 2371 2269 2092 2833 2139 428 264 2576 1982 1549 2484 1814 2844 2455 837 1009 2776 667 1159 1122 1815 1735 1589 2797 403 2063 741 2731 90 1925 1619 352 2189 1338 891 2473 1698 2412 17 2100 846 1863 879 226 2138 1539 573 2486 642 2223 1622 600 2338 2460 1994 195 1571 2403 317 1421 349 160 267 234 262 1530 1078 2811 1238 2158 2094 2385 913 537 1409 307 1540 557 2255 867 1618 888 1615 2717 641 1520 2253 2215 1291 2635 127 1295 687 1071 2399 1 2738 2758 892
000722.jpg,196 353 776 98 1625 2474 869 233 1963 2067 2361 2256 585 1643 1819 1864 2353 701 2462 2081 910 2334 1042 781 1402 2103 809 276 1344 282 1970 2101 66 69 2264 871 2157 539 2582 825 1246 2792 2536 247 1204 2336 303 1583 1769 2667 1667 2027 1772 952 2076 906 1574 118 841 1791 639 919 1751 998 343 2065 2669 674 74 192 2186 1579 2723 450 2252 2363 206 625 765 1136 1918 114 1366 790 1578 2396 1354 1046 764 2328 2491 381 1386 1435 402 1428 1437 2724 945 982
000723.jpg,2185 2584 1694 1411 1684 1129 2298 1440 1630 2616 1360 143 1446 665 1112 1294 787 2481 1445 2529 30 2363 386 2271 958 638 1258 1270 1939 810 2246 71 718 2517 795 1514 2460 557 2619 879 697 1215 2631 1993 2749 2468 299 1291 2050 1623 2727 1238 169 685 2139 1045 2444 1619 1679 1814 267 817 1624 2189 273 2130 440 2801 2833 2011 2837 1926 262 1617 1649 1444 518 2766 1982 2710 134 1549 1925 782 2576 59 1018 1317 155 741 1551 2556 1544 85 735 987 1395 1756 994 1692
000724.jpg,1472 1127 2693 1274 27 1780 653 1303 1475 290 2236 1124 1967 1140 390 2053 314 2531 1715 1635 1037 1050 799 2794 1216 239 1011 2173 2164 2091 478 1024 2059 331 2280 1781 561 726 999 430 1918 2017 1187 2406 2765 1648 838 1282 408 209 655 356 1662 2429 534 296 1395 1506 225 1921 1317 1438 805 2505 2465 2061 471 484 1961 139 806 525 643 1755 1829 2285 1568 721 2343 1647 936 1756 49 1503 1972 2402 2025 363 1273 2232 131 1692 216 782 2611 2407 1240 53 268 402
000725.jpg,340 536 332 2227 2786 2668 979 569 2384 1065 1562 1418 2108 1588 176 121 886 1686 2090 1393 988 1132 597 2451 417 1890 1033 289 21 193 1888 1268 62 1398 199 2743 1431 361 554 1449 36 1492 2029 681 142 802 866 2078 893 680 1053 878 555 302 571 2217 2117 733 429 292 78 1699 868 1256 500 1793 2267 2423 1553 1430 1669 1236 2566 427 1104 2415 432 2380 743 2401 1343 1272 1004 1910 1886 1203 940 400 2335 2112 2522 75 2249 1277 2190 2056 2656 2224 2210 45
000726.jpg,1891 1723 2816 1865 2666 2346 650 2171 475 2043 1916 2810 2152 6 1605 807 285 1603 1221 582 2502 1702 546 820 2643 1697 759 732 1083 420 1397 1260 1188 620 1541 2521 510 148 181 1488 2768 214 1738 2841 1139 594 2348 1602 922 1797 37 1858 2179 1371 750 2203 1570 1456 411 1502 334 1284 1113 941 1882 1015 973 609 690 84 2494 327 1082 2313 122 2118 2261 1766 1659 73 629 1283 1525 953 2656 1610 1661 2263 1953 744 372 468 2573 2115 2149 2421 980 1537 2210 1884
000727.jpg,2502 1113 2841 2152 2141 1371 214 1605 1139 1953 2263 1525 2348 621 1288 1866 171 1703 2401 924 183 941 2216 1602 1364 270 1363 2705 1251 2612 45 1283 2572 1064 84 2623 1768 2048 851 1865 2056 2522 2768 2182 2831 1280 1171 2761 2567 1108 959 1397 1365 1738 2760 629 236 2608 2591 333 1560 420 1471 1032 1144 335 506 327 986 189 2571 22 148 106 594 744 1232 953 2720 1661 2678 565 2230 1214 1487 2203 2751 1844 2060 1286 474 2442 510 398 2109 783 2562 2313 1927 2503
000728.jpg,197 1417 1701 1489 1710 860 1993 2439 2084 489 348 1437 463 1870 900 1658 1045 2649 2424 2397 2289 2628 2001 712 2375 433 606 2826 925 817 1788 2790 480 1656 26 1624 2515 1782 559 550 2044 1627 1307 1381 1644 1102 2836 179 2241 1934 2652 2419 2528 2832 1369 2724 2769 2501 2050 1118 1468 2817 1218 1926 2753 2367 260 178 1663 2034 1486 2312 59 1407 1190 563 2130 1253 2574 2767 904 622 1411 1545 312 1339 1544 2626 642 2454 2713 1054 2088 1981 2646 675 1328 1878 1649 1029
000729.jpg,2567 1171 106 22 1214 2751 96 2109 1927 894 2554 419 1661 1632 2153 189 1032 2060 2401 1251 1364 2831 2522 2502 2705 2056 45 621 171 1064 1288 2726 1703 2152 2612 183 2313 150 2760 2571 2182 2216 2162 1363 481 2608 2141 1365 236 1605 2841 84 333 744 506 1749 941 1336 1744 1960 940 1004 1483 42 815 205 609 1283 1286 75 468 198 376 592 1760 1371 20 214 1844 2497 1727 1013 1987 1434 2737 1712 149 2112 2096 1999 1797 1108 1113 959 834 2058 2404 986 2521 2425
000730.jpg,898 853 1087 1207 1558 714 1197 2072 803 1928 1166 1561 1590 895 93 465 2409 2493 614 540 1300 2242 1257 617 2324 374 1137 1971 1631 291 1346 2066 634 1535 581 1689 251 1115 407 1427 1213 215 2430 1786 24 2540 2542 2143 2759 341 436 676 989 101 1900 2113 1593 2381 1597 1883 2114 2784 1538 483 1334 76 739 766 2579 1389 2667 426 2024 737 2546 2238 1785 364 499 2040 1683 1353 1898 1093 304 751 1798 1091 2178 328 1106 2000 1180 1818 1357 2504 1559 926 1394 564
000731.jpg,2510 431 1839 70 1753 1125 2772 2478 2077 2777 1035 2561 1834 951 2818 2015 1252 2757 1557 1390 1759 1938 2622 18 1842 2686 767 889 2161 2663 2 1747 2315 601 315 376 1443 461 1976 269 1176 2471 1845 1416 1096 1165 2276 277 1447 1948 417 1469 2624 2702 1693 695 1483 1749 191 2656 1075 2601 2547 2566 453 2636 576 1833 940 2441 2302 1065 2827 2542 824 1980 596 1329 2700 95 2217 903 2602 1401 2016 2149 132 597 39 2497 1180 1426 1939 2650 1418 1793 213 1549 1298 1374
000732.jpg,2713 2433 1453 2309 1490 2376 1901 201 1860 2034 1796 2545 305 562 100 715 2721 48 1569 155 64 563 1148 1640 439 2650 51 2826 168 231 260 1878 2272 1316 2088 1874 1496 1123 2382 2004 978 1223 1307 1937 1437 2708 204 2556 1592 421 647 2639 2813 725 677 1464 2393 2569 2506 2683 950 682 348 2649 480 2581 486 1775 1940 1185 2652 1193 2438 784 925 2248 1986 518 965 2289 491 900 659 559 1752 1468 1381 2189 2367 137 1782 657 1840 1056 440 2836 1369 2558 1948 2769
000733.jpg,1948 1096 1416 1362 1897 497 1586 992 2046 2352 1218 2721 1569 1381 2241 2272 1658 2135 1212 64 2213 100 2815 1316 48 2150 1329 2650 122 899 2767 1051 1796 137 712 1782 36 715 155 21 1261 305 2034 1860 1431 1630 1610 2384 439 231 1606 2227 536 2741 259 46 447 2464 425 2817 2124 2087 1728 429 499 562 2451 1045 733 1562 1910 142 2825 2078 2836 988 1492 2038 2083 892 692 1360 866 42 1073 2224 1123 2366 123 925 1301 1938 882 2090 1637 1793 631 445 1067 286
000734.jpg,238 28 1563 2552 505 2716 2500 523 2250 313 175 2181 2283 152 849 587 1827 734 2819 1896 1741 1532 705 2119 2479 458 2365 2534 2527 2689 2674 711 972 354 503 847 2193 1335 772 1680 633 1339 2370 2592 2681 2191 2322 2557 2099 1708 81 1852 330 1704 2052 1746 671 1111 602 504 1376 696 2028 1543 2742 740 92 532 1912 2144 1332 2177 1278 999 2814 1956 1220 726 108 2398 2806 1932 125 1414 316 753 1117 120 1503 788 1473 1281 655 2764 162 2142 840 268 628 1730
000735.jpg,2252 1651 2682 2328 1977 1578 1583 2491 2660 2310 1179 841 1368 1367 2042 1063 1920 1566 1579 945 2723 1239 982 998 517 227 607 2488 916 515 2225 1585 2379 118 919 1769 512 1211 1531 1667 2647 813 928 2349 2065 2792 1791 887 311 1331 1657 631 2007 492 819 114 1518 2729 1851 2026 566 355 1470 9 2711 748 952 1154 1210 639 930 763 382 671 1301 567 559 1354 1962 1554 1614 1058 74 233 1428 2575 2270 2256 2138 2082 692 1386 1906 1031 2732 2292 1606 2507 1396 481
000736.jpg,2034 2545 1796 2713 48 100 715 1569 155 439 2721 64 305 1640 1926 1656 2433 2309 2817 562 51 201 2790 1453 817 1624 1934 1901 1490 1102 2528 943 1407 1644 2376 2044 188 2501 1860 2411 2650 85 2832 312 221 2300 987 2826 563 1319 1584 2616 260 1405 1148 2649 2842 925 168 1870 231 2295 1878 135 550 348 26 899 1369 558 1417 2413 1123 1658 2135 480 2638 204 635 1630 659 712 2082 1045 1478 1316 1606 1769 1422 611 2045 2289 2755 2023 1728 2766 704 857 2558 1948
000737.jpg,2071 897 1321 1638 1098 2645 2156 1736 2450 755 1709 2432 836 1806 2750 2342 2096 2201 1790 1933 935 1436 850 2512 222 1504 2362 1305 1052 2218 1387 2691 1621 2446 2452 2355 599 666 189 1286 2060 1844 2313 2627 1032 1288 2216 1703 506 396 2642 1858 565 96 2823 1363 1906 1632 1914 1865 2537 2554 1761 2257 856 959 894 419 1227 957 2567 2785 1065 2182 834 2784 1927 54 1535 710 1153 1331 476 255 183 2420 660 229 2032 1785 2202 744 807 1337 1935 1673 1260 2335 2578 1911
000738.jpg,2043 2171 2810 2816 650 2666 1891 807 1723 759 1260 475 2643 2346 181 1702 620 732 1797 1188 1916 546 285 1697 6 1221 922 820 582 411 1083 1858 1541 1865 1763 1603 372 37 1456 750 2807 1284 334 1882 122 298 468 1082 2476 1318 1884 980 2167 2749 1090 1610 2268 1308 586 973 594 2425 148 1015 661 636 1227 1285 2502 2313 2261 829 752 459 1153 1536 2761 1283 1605 2118 1570 2194 1761 2048 510 619 2152 270 1768 1524 2168 1108 2705 2521 690 1806 1074 420 2466 2372
000739.jpg,898 540 1561 853 1087 1558 2072 1197 1207 714 1928 465 2493 1590 1166 2242 617 895 93 2409 1300 1631 2324 614 1346 1535 291 803 407 1689 634 24 2542 1593 2143 499 1137 1785 2430 1093 2441 2827 1597 1091 676 310 2024 426 1856 1257 1334 2066 1298 1019 2112 1914 2111 1228 739 1996 1434 832 1213 182 777 1343 940 2785 63 1836 2656 2238 766 751 1004 2113 1693 1161 983 1971 149 483 581 1773 1898 2114 1786 2000 2235 76 1714 2016 2745 1513 979 1115 954 2667 1847 404
000740.jpg,1417 1710 2769 1489 860 1701 348 26 2454 1369 925 1870 480 2649 2714 179 550 2375 2538 1788 663 1422 712 197 463 1895 433 2130 2289 769 2650 1045 2001 161 1617 2050 260 445 1029 2011 489 1328 1253 1552 2241 1782 2840 1486 2088 2084 606 2419 1658 1993 1437 2735 1627 1796 900 2424 645 2836 2397 2826 2817 440 2574 1307 1190 1468 1381 305 1983 51 1934 1208 559 2767 2544 659 1926 259 947 1663 1261 1679 1218 675 2626 2753 524 2501 2312 904 735 1569 2515 562 1860 1319
000741.jpg,85 1656 1102 2790 2501 1934 312 2832 2044 2817 1926 943 987 817 1624 188 2528 2411 221 1407 1644 2300 1405 635 1319 556 2034 2082 1386 611 2270 1146 2545 1796 547 705 259 4 2389 1545 1752 274 2370 480 864 59 2440 1737 2842 2826 2534 563 2574 2289 526 994 271 518 626 2424 2397 1202 2544 2551 1870 68 1942 2119 2689 1408 2312 260 197 1148 608 2714 1314 2181 1190 2597 769 2631 1417 719 1677 1461 996 2193 2530 348 1491 2588 2649 559 2681 826 2148 2144 2419 2367
000742.jpg,1482 2383 2080 1523 441 2695 1691 584 845 2754 373 2395 1016 575 2733 1147 1382 2684 830 2525 1450 2106 462 1517 1678 187 603 1410 1507 1120 2550 2518 2033 917 2275 1620 32 902 590 107 2019 2563 87 2630 2166 1073 1732 2414 818 279 1646 1169 2240 2651 357 1259 2238 2447 2368 2805 2804 2637 766 1626 2297 328 2780 2347 393 1177 2718 102 1832 1372 2605 2752 469 1809 2426 339 2345 693 1856 1014 2239 2604 2431 876 1683 2242 2192 1734 1244 541 10 2073 1239 2802 407 341
000743.jpg,2063 1159 403 2484 1815 2455 264 1009 837 1982 1735 428 667 1338 2371 317 299 573 17 1814 2412 2139 90 2189 2833 2092 2269 1122 846 2138 1925 600 1589 2255 226 2844 642 2811 1619 2486 2776 2576 2100 1622 2731 1549 352 1571 2797 1863 472 2403 127 879 1060 741 1698 891 234 195 2338 2460 913 867 2223 1994 1238 267 537 687 1366 2473 2614 1291 2607 557 1964 2339 2266 1816 2633 405 1480 1 2431 1520 814 1828 2835 1025 1660 1421 385 1530 1803 1607 307 262 1341 2758
000744.jpg,957 2464 2725 1889 2448 5 609 1766 2404 509 2457 1515 844 744 1696 1426 2128 2115 244 466 1616 498 2124 2141 815 2468 1880 163 1525 133 1987 38 425 1637 2014 1061 388 1280 232 1945 1556 2366 1032 2572 2508 1596 306 1326 1084 2351 375 1659 2222 2263 752 1802 473 2566 810 1797 2751 520 228 19 1939 189 644 150 106 707 2638 2672 548 2153 2060 1849 2678 2554 2522 2823 80 419 1269 1038 213 894 184 2384 119 2278 1083 1446 1383 1927 2529 1995 2111 1296 2523 2562
000745.jpg,2769 348 2454 26 480 925 1369 1870 2649 2714 179 550 2538 1417 663 2375 860 1710 1489 1701 1788 1422 712 197 2130 433 2289 1895 463 1045 769 2650 2050 161 1617 518 2241 2397 2001 440 1029 1319 1658 2501 817 2840 1253 1934 445 2482 1656 735 2836 188 2439 1627 1782 1552 1328 2817 1840 606 1146 2082 51 1102 2826 1926 1752 2419 59 260 1386 1663 2724 950 1437 547 2574 900 524 2011 611 904 1737 1486 826 1172 1993 2424 2270 489 613 970 134 2389 2044 563 231 943
000746.jpg,1535 1346 1207 2072 1561 1087 1672 1558 714 1257 832 2242 898 617 1178 2409 1166 1590 853 895 2437 1928 93 614 2700 676 291 465 540 2493 2324 803 1836 1990 1137 2054 789 483 1451 240 2000 1091 1300 2785 2784 1786 2238 766 1361 1971 1447 2504 1197 1483 1914 1538 2441 2129 76 376 1631 2827 2249 2317 44 2759 1469 1161 1749 1996 1593 2579 310 16 1513 1559 646 983 2190 1224 407 1801 47 2224 761 1106 1773 2542 328 1785 1180 1714 1804 1230 1228 1116 2695 2523 1093 1847
000747.jpg,540 1561 2242 1346 1535 617 2441 310 2827 1093 407 1856 1693 2656 1914 1091 832 2111 291 2542 1593 1631 2149 1343 983 2785 898 1836 2016 1087 940 2112 1019 1434 2737 949 182 2072 1207 1298 2190 777 1996 634 2238 954 695 1004 1558 853 1176 1685 2202 24 2143 1689 95 2745 766 2129 1743 63 2493 2615 149 1197 1333 1334 596 2430 1103 714 132 1448 2700 1760 1714 29 979 1928 1999 1166 783 1683 1597 426 1713 2533 286 2172 198 803 2673 1161 424 1672 499 2521 1785 397
000748.jpg,727 1394 545 589 658 1801 1230 572 529 1798 2066 395 1213 1175 485 2113 304 898 1361 2178 1087 2644 1389 1951 2277 1207 761 962 1306 1683 2072 714 1451 2242 215 2000 581 2546 2579 364 853 1727 737 2555 436 2054 1257 834 2238 1558 614 1749 1786 2787 341 2040 2759 2114 989 1300 766 2249 328 2504 1333 1971 2022 1334 327 2784 1115 2381 803 783 251 16 1561 1074 1898 1900 1995 949 2323 1106 95 1559 691 1137 2058 1883 789 1343 1298 1693 407 1353 1044 2154 1277 1178
000749.jpg,2502 2567 2152 1371 106 1661 2841 1214 1171 2751 214 924 2263 22 2623 1605 1927 2109 96 1865 1525 2572 1280 1032 205 2554 1632 419 894 327 1113 2179 189 2153 2060 2216 851 1602 2348 2203 1738 1488 1703 1288 420 510 1139 953 1502 2141 2521 1397 2401 198 474 761 752 75 2768 620 941 2573 1251 1203 45 1364 148 650 2497 2705 1891 1184 1363 2043 1471 594 2056 2831 2810 84 2666 1084 2542 1727 609 2522 783 940 1206 322 2245 2494 1760 732 1144 1723 150 1263 1641 1712
000750.jpg,1371 2502 2152 1113 2263 1525 214 2572 2623 2841 1280 1605 2348 2141 1602 327 851 1866 1139 1661 106 1865 629 1953 2678 1032 2567 2751 1171 1738 621 2401 924 1214 22 1364 2522 96 1251 1927 744 1064 420 171 1084 2182 1632 2056 609 189 2705 2768 1397 2831 45 510 2760 2726 1659 2521 183 941 2203 957 84 2109 894 1960 2554 2404 1488 2612 2060 236 2608 2216 38 1283 2153 2162 1144 198 2179 1288 1727 2497 954 40 940 270 419 148 1891 1184 75 1203 1749 2555 834 1004
000751.jpg,1303 1472 2693 2236 1475 1127 1274 999 726 331 478 27 239 430 653 2053 2794 1124 2059 1140 2091 2061 799 655 290 1918 484 2429 2164 1662 534 1037 390 1780 314 471 806 1438 2407 1647 1635 1921 1967 1781 561 1503 1715 721 2402 2465 2505 2301 1050 1972 1273 2017 1024 643 1216 268 936 1317 2173 2531 402 1395 2280 2765 805 1756 363 1755 1568 1187 1275 1011 2406 131 1648 2698 1692 53 782 2611 2343 1829 2285 33 220 838 780 1929 2244 1018 1961 1378 1465 2632 1831 1896
000752.jpg,1221 285 6 582 546 1083 2643 1260 1702 807 759 732 181 620 1697 1797 1891 1188 922 1723 298 1456 1603 1858 2666 1285 1570 1541 2816 37 1284 650 973 2171 475 2118 2043 1865 980 2346 2152 1884 122 820 1605 2807 2313 1015 2810 1318 1916 2268 468 752 750 411 2261 334 2194 1763 1610 2502 2179 661 1082 2167 594 2425 420 459 1227 629 117 1536 1738 23 1283 636 2677 1502 1090 2203 2521 148 2303 2476 713 2149 372 2222 2760 510 448 1744 2726 1397 1537 1979 1693 1882
000753.jpg,2015 1834 1252 2077 2478 951 2772 2818 2777 1753 1125 2663 70 601 2 18 1842 431 2561 2510 1035 1839 2161 1759 315 2622 2757 1390 1557 522 1165 2686 2624 2667 2302 889 1443 191 126 1747 702 1938 2000 1833 1175 1845 848 1801 646 417 767 1306 1830 1951 1033 2601 2471 145 1559 747 1869 589 485 2728 2653 2583 2320 529 1686 727 1075 2743 1393 293 1908 404 962 1418 868 1233 688 802 424 931 1886 853 426 578 1114 437 2324 1106 76 39 2272 597 614 2786 901 707
000754.jpg,767 277 1938 1443 889 1833 2686 1747 2496 211 2532 1460 369 2315 1980 2510 2702 1989 2818 431 951 2015 1834 1252 1418 2478 2522 1277 2497 2777 1064 1074 45 1342 2077 1091 617 1793 713 940 1065 75 2058 2056 198 1343 1605 1004 2245 2685 803 2463 1047 1686 1322 2182 824 258 1087 2217 2335 1203 1727 2772 417 997 20 2571 597 2760 1176 576 13 2108 95 1272 2668 1561 36 1996 1371 1558 2098 770 1749 76 236 39 596 714 886 898 2401 2203 2154 341 453 2410 1080 1713
000755.jpg,1625 196 869 353 98 776 2474 233 1963 2256 2067 585 2361 1643 2353 1864 1819 701 1042 2081 2462 910 2103 2334 809 276 781 1402 1970 2027 282 2101 2264 1179 69 1791 1344 2536 1579 2434 9 381 2157 841 1977 118 1246 2792 2328 66 1220 2491 1063 2682 2065 1667 522 982 1578 2252 945 1204 2582 1136 1583 2001 764 1769 1531 929 2667 643 2729 674 2821 2467 778 1574 247 2610 978 998 2723 478 1048 2611 2465 2505 1524 2675 1692 936 1438 2690 539 114 2575 561 1327 567
000756.jpg,2394 416 1778 105 1946 2843 257 1495 1419 392 2458 883 2660 1676 966 11 1645 301 1384 1138 243 1002 1707 2600 1731 2609 1554 198 1705 288 1331 940 1105 2331 15 2497 75 1004 831 1370 337 2214 908 1203 1891 272 2697 1222 1712 1957 2522 1396 2245 2257 1673 2543 2346 761 1119 560 45 1614 1225 320 905 937 1760 1200 2216 54 1800 360 673 1703 2613 1836 384 149 1835 1749 2417 2112 2313 1723 80 2469 942 1304 1064 1871 855 2154 783 409 1785 1916 2056 2369 2463 1288
000757.jpg,702 848 1830 1114 1908 2471 768 126 2624 931 1845 2601 1767 578 2276 990 284 1323 103 835 1235 297 1608 502 688 1107 65 903 250 1720 1413 1821 1186 1340 1391 1512 1254 2388 2314 1310 684 1975 522 1334 634 2224 853 2323 2217 2430 2656 1553 1272 2210 426 1430 1075 24 1888 2143 1689 370 36 2415 2542 1189 1597 954 1693 310 289 1256 1928 2726 1798 569 1685 1886 1793 76 2162 1637 2149 2116 485 417 680 962 609 1080 292 1175 988 84 886 1087 940 13 149 409
000758.jpg,269 1548 2315 1980 2685 2702 1462 2359 1183 2161 65 499 465 1810 277 2077 676 1088 2772 1020 1300 881 1753 2583 115 1573 2478 76 2251 568 1581 1125 2777 2554 609 1720 1815 1914 1173 1288 71 855 1954 2483 183 810 2568 2510 1711 1749 36 362 1703 2015 767 2509 2560 1342 111 1838 1865 424 2182 2423 834 404 1243 2818 126 419 2243 894 2437 1995 1363 2518 1075 1131 2760 1850 2058 2276 2087 1252 683 1431 45 184 47 1593 1714 1277 870 351 1660 1836 578 1821 249 1834
000759.jpg,1697 181 732 620 1797 759 1702 2643 1188 1260 546 807 2167 1221 922 582 6 285 1318 1083 1882 2807 1536 636 2171 2816 298 2043 2666 2476 650 2810 2268 1763 1541 1891 459 1456 2425 2278 1858 37 820 661 1284 1768 1285 752 1865 468 1570 1938 475 1082 2761 2048 973 1308 2496 1723 889 2503 229 1603 2346 2261 956 1443 1153 448 1833 2194 1283 1227 2498 669 1006 1747 829 644 1090 411 980 13 2442 476 1108 270 1074 2313 1015 265 2686 2688 2168 1458 2510 2372 2749 586
000760.jpg,85 1656 1102 2790 2501 1934 312 2832 2034 2817 2044 943 1926 2545 1796 817 1624 987 221 188 2528 2411 1644 1407 2300 1405 635 2713 2439 563 259 1319 2826 201 2649 1752 155 556 1146 550 1658 480 1870 1381 1544 305 2241 2082 48 1316 1840 1422 663 1202 659 1901 260 1640 712 1878 518 168 2270 611 1045 100 2842 1386 440 1782 2650 715 705 2538 1569 2544 348 559 2309 925 2289 558 1860 179 197 1029 735 2084 489 1369 1464 2050 1417 135 4 2295 59 1428 947 1617
000761.jpg,222 1436 1504 2218 1933 2512 850 1790 2071 2362 836 1305 2156 1321 2645 1098 2096 897 935 2750 2342 755 1709 2450 1736 2432 1638 1806 2201 2355 1052 2691 1387 1911 99 1621 2567 2394 1279 1910 957 1765 22 2751 2420 2404 588 1826 1171 1719 2109 856 2216 96 1661 583 2141 1145 816 2587 1288 1276 1801 888 2452 1859 2184 2094 2777 208 2561 189 38 1277 1255 106 2401 892 2083 1358 1217 2385 1337 2578 1201 1889 1703 548 981 461 2187 912 477 2820 1607 1081 2612 1214 1353 2074
000762.jpg,483 789 240 2784 1971 2579 1786 2000 1257 1451 1300 2504 2759 803 1361 581 1883 989 766 2238 1559 328 1353 374 1106 1672 251 1801 1513 926 76 1427 1180 1161 1357 2540 39 2114 564 1898 2054 1091 2242 1561 1178 1773 1900 2381 1996 1847 2437 215 1818 341 2409 1115 1749 407 1207 529 1137 1093 2495 101 751 364 2040 230 614 93 576 895 2072 436 834 967 2785 1230 2277 1346 2281 714 1277 2190 1389 1683 898 1166 1804 1590 1795 777 572 2288 2058 2695 832 16 1928 2317
000763.jpg,1865 629 2346 475 2677 1916 1723 2810 1891 2043 2666 650 2171 2161 1949 941 2816 1605 1603 420 820 882 1144 1397 2521 510 2768 2179 2502 594 1738 750 2249 909 2152 148 2497 1488 1541 940 37 334 198 1754 75 1004 1502 1766 258 1106 1957 761 1749 609 281 980 2494 322 149 84 479 2217 2542 95 1703 1038 1412 1222 1288 2216 953 327 1559 744 1685 272 214 2404 2421 1570 676 713 2210 375 1711 1150 834 76 1203 1760 1740 1712 2726 1727 163 2214 182 2245 409 1256
000764.jpg,1294 1939 2481 665 2616 1446 1258 1112 1270 1694 2246 1630 1411 2584 2185 1360 1129 1684 2298 2619 810 787 71 30 638 2529 2271 1445 2517 511 1440 386 1514 718 958 143 2339 1863 697 879 1619 1925 1982 1324 756 667 403 706 20 2455 656 641 2739 299 1735 2595 577 1607 1659 273 2771 2332 1815 147 2229 991 167 588 1009 228 264 1877 1371 1341 1373 1542 837 2094 1930 323 1474 2104 687 2356 2590 493 193 867 1765 2263 2835 2612 2466 1355 1887 569 1525 1664 746 745
000765.jpg,1929 1730 2687 1275 2806 295 2301 1026 2407 268 484 1297 2773 2715 1008 999 1831 655 2062 1655 31 1706 159 326 331 1143 108 580 1097 2236 2059 872 1293 726 1822 1912 1022 464 1789 927 2429 1378 2199 1118 452 467 1662 2265 430 840 53 2285 131 495 758 389 200 534 2228 1475 125 2244 1220 1314 628 1843 1923 33 2765 1955 1039 1500 1932 1281 89 2698 456 788 2634 261 1941 1813 2316 1273 1465 241 1635 753 780 324 2398 1335 1568 1124 1050 806 390 633 1037 2789
000766.jpg,767 277 1938 1443 889 1833 2686 1747 2496 211 2532 2510 2315 1460 369 1980 2702 431 951 2818 1989 2015 1834 1252 1418 2497 2478 2777 2522 940 75 2077 1064 1605 617 2668 1277 1004 198 45 258 1343 2058 853 713 2685 1793 2772 2245 76 2056 1065 1342 2463 341 1686 1322 417 1203 1074 1176 1908 2217 581 1371 39 2571 1206 36 1557 70 1562 95 500 1106 1232 2108 783 1087 2182 13 803 2335 453 2469 2636 597 1561 1272 1711 1749 1091 132 824 2542 1928 886 1712 770 997
000767.jpg,2725 2464 2448 1889 957 609 509 2404 5 2457 1766 1515 844 1426 1696 744 466 2128 2115 2823 244 2508 473 1616 752 2014 498 388 1602 1326 306 2366 2351 2124 163 1061 375 2109 1038 909 2751 22 510 815 411 1477 1171 2169 1637 1866 2521 1556 119 1953 1945 757 1214 2533 1987 218 1488 1149 1738 424 1533 558 2638 29 214 426 2348 924 1984 286 425 1265 2172 80 536 135 2408 2295 953 2179 2567 672 2421 1754 2673 2227 644 1719 229 1397 2320 184 707 520 1329 1478
000768.jpg,197 1993 1437 900 2767 1663 1486 2836 1782 1710 1054 1468 712 2439 1489 1307 2419 559 260 1381 1417 463 947 1045 1328 1701 2312 1208 904 674 1617 2424 1444 2076 1658 2826 1552 1679 2133 2652 2130 489 2241 860 2397 169 1544 906 563 1870 348 2084 134 1649 2515 2050 2088 2011 2628 2837 1983 2707 1948 1369 26 1218 445 2044 2411 645 1029 1422 1878 319 1253 2528 1123 1644 978 1934 1623 2840 925 1261 2574 550 1190 59 480 259 1627 2649 1624 606 2832 179 1860 2501 2753 1428
000769.jpg,2210 640 2520 13 2671 1272 828 1337 2578 2421 377 1910 1041 1754 1949 1038 2083 865 323 672 1668 2828 2032 2602 933 56 370 1189 2047 244 1374 1049 955 698 2570 1616 680 1764 2384 1399 2115 2335 2227 1521 2038 2451 1329 2120 1696 571 932 2795 340 176 1890 1033 2031 609 2786 979 21 2401 2117 964 844 1686 289 1888 839 2839 150 1132 1605 510 142 1393 1256 2566 2612 1562 509 893 536 1602 2521 2743 886 1364 1397 554 2217 1738 1588 1398 1203 310 2457 1431 2141 417
000770.jpg,658 727 589 1175 485 2113 1951 2066 1213 898 2178 304 1306 1558 714 1389 1087 2072 2546 1207 1115 614 1166 1928 853 2409 1300 2054 1798 646 2787 1361 1137 1785 1394 676 1451 803 2000 465 1559 2493 1561 1334 1230 2022 1257 1801 895 2324 1333 1197 1106 2203 117 745 293 23 1590 93 783 1683 1184 325 1474 2024 1312 149 617 1738 2542 2179 1228 1597 1080 426 989 327 76 572 2242 851 1488 1883 395 907 215 1027 1371 2810 1979 1723 2348 962 2521 1602 2768 949 1671 420
000771.jpg,1034 2672 2374 493 2461 1234 1276 1392 2174 210 133 2418 1861 57 548 280 1724 1196 2184 294 1859 1765 1580 793 976 1792 2229 1664 1375 756 746 1575 2327 1947 583 1358 1758 570 588 801 1457 857 2125 689 1072 366 885 797 1930 1776 1350 2590 2456 1887 1877 228 2004 263 2039 2548 2332 1551 1665 2356 2739 2206 1229 2659 2581 1043 2838 1081 704 2123 422 421 1497 2694 1542 1191 2321 720 656 2186 1086 2330 706 1193 859 1279 158 2198 2703 242 2662 77 438 1345 880 287
000772.jpg,1948 1096 1416 1362 1897 497 1586 992 2046 2352 1218 2135 899 1051 1212 2741 1569 2213 1630 1381 137 2721 2272 889 1316 2241 1938 64 2825 2650 2767 1782 1810 1360 2817 2150 1261 2665 2598 2686 2481 1606 631 2815 21 1658 1796 2384 2509 1446 1747 2766 712 1329 439 1045 1926 202 665 36 305 425 194 2584 447 2451 817 2124 2566 46 1326 48 499 2185 2087 116 2454 1443 892 1910 2790 2464 2246 1834 1431 155 722 1518 2300 925 2842 2224 2556 1562 1067 2545 1633 388 1860 473
000773.jpg,540 1561 2242 1346 1535 617 310 2441 2827 407 1093 1856 898 2656 1693 1091 1631 291 1087 2542 2072 1914 1207 1593 1343 2111 832 1019 2238 1558 983 766 2016 2149 1434 1298 2785 2112 949 1689 24 2493 182 634 940 2143 853 1996 1836 2737 63 1590 777 2190 2615 714 2129 1197 954 1004 1928 1448 803 695 1166 1685 1176 2202 1334 149 895 95 426 979 1597 2745 1333 93 2430 1257 783 2409 2521 1760 29 510 2533 1785 1683 1203 1149 397 1971 1786 1999 1743 424 2227 1300 132
000774.jpg,1034 2374 2672 493 2461 1276 1234 2174 210 1392 2418 133 294 548 57 1861 1724 1859 2184 746 1196 1765 793 280 1664 2229 1575 1792 1580 1358 583 2327 976 756 1758 1375 1457 366 1947 1776 797 263 801 570 2456 857 588 2125 1930 885 1877 1887 2004 2039 1350 228 2590 1072 689 2659 2356 1665 1551 2332 704 2123 2739 2838 1542 1043 1191 720 1229 2206 2321 656 421 2186 1081 859 2581 2694 2548 1279 706 1497 2330 422 77 158 242 1193 1086 2662 1345 438 880 2198 287 2703
000775.jpg,2713 2433 1453 2376 2309 1490 2034 1901 2545 201 1860 1796 100 715 562 305 2721 48 1569 64 155 439 1640 1148 563 51 2650 2826 231 168 260 1878 1316 2272 2088 2708 1496 677 1874 2556 2649 1592 2813 204 978 1307 1437 348 950 2438 2382 2569 682 1123 1752 1185 480 59 2367 518 647 657 1937 421 925 146 2189 2393 1223 491 2639 2248 1051 1464 486 2652 1369 440 2769 659 2815 559 550 2683 1193 663 494 1948 2004 26 2435 900 784 2581 2836 1870 1997 1600 817 1840
000776.jpg,2034 1656 1102 1796 2545 2790 1934 2501 85 2817 1926 2832 312 2044 1624 817 2528 943 2411 1644 188 987 1407 221 2300 48 1569 100 1319 64 1405 155 715 1640 2721 439 2713 305 635 2826 1870 2649 563 201 712 550 51 1658 1045 2309 925 1901 2439 480 1381 659 2650 1146 1782 26 1369 562 260 1860 259 2082 348 556 2241 2842 197 611 1453 1422 168 2454 1417 2766 1123 1202 179 2270 2638 1148 1544 135 899 1737 1630 1584 2289 1545 1752 231 947 445 2433 1029 59 2011
000777.jpg,1791 2065 118 567 2792 1583 998 808 982 2252 1470 919 9 1179 2682 1977 841 2711 2491 1579 2328 382 945 517 1578 227 952 2225 1354 1651 1769 2723 763 2778 916 778 930 1667 114 928 1657 2042 1854 2729 1063 1531 1851 2379 2575 887 639 1770 748 1920 1585 1970 662 819 2647 1528 1864 7 2343 1819 1211 134 1046 764 1367 2310 1327 869 2212 1386 2462 547 978 515 1625 875 2076 533 906 311 1613 1972 553 2793 923 1555 2419 674 1210 2349 559 1917 2200 2008 1428 2270
000778.jpg,1749 834 2058 2555 1277 761 1727 2317 2437 1672 1995 1483 16 1044 44 376 1469 1447 2249 1990 1178 2700 832 1836 1425 115 47 1300 1106 1228 1161 2216 2497 576 483 1883 1535 2831 1559 789 1304 2784 198 1288 95 940 2202 2182 905 1785 2705 2579 1847 2571 304 2190 1795 2523 2217 1476 1513 45 1361 2178 36 2210 2726 1353 1064 1263 2056 1703 1364 417 1838 596 34 983 2401 75 2522 1004 1798 1801 1957 1203 333 744 1176 597 479 1773 783 1256 989 2737 1251 39 2245 240
000779.jpg,723 1359 2585 539 247 303 1772 1204 450 153 1121 2582 2485 1997 206 343 1403 1751 862 2603 871 2018 2284 1633 1289 719 2146 604 764 2718 914 2008 212 2551 776 35 58 1128 1351 812 1493 2453 353 869 1247 190 1577 98 1245 1534 1157 701 2487 2209 874 808 1347 2361 276 549 196 2609 1528 522 2777 2513 781 2353 1625 222 1915 998 2165 1981 778 1878 2820 1402 615 1970 2067 1933 873 2792 2550 897 288 674 2692 2006 337 195 1308 2824 1657 1871 2652 1066 912 651
000780.jpg,327 2263 1525 1371 2572 2623 1659 1084 1280 275 2303 117 2573 1205 1198 2030 2791 2678 1400 1687 23 2494 1184 1979 2203 1080 1922 1113 1502 38 214 1602 2152 2179 690 851 2222 2348 2502 2706 1738 1488 1661 2768 2620 924 2677 420 1397 2132 510 1960 1726 1537 2521 20 1605 629 796 1865 2726 1744 594 2162 953 1139 2128 1199 1866 2841 40 167 148 2109 1425 106 2567 1032 1144 1641 1471 2751 2115 205 454 474 2141 907 1727 281 298 1836 1714 1570 1171 2555 588 1713 954 1343
000781.jpg,967 1804 91 135 707 29 2295 2533 1149 1719 2320 286 558 2413 2172 2673 2235 1448 792 2021 568 2408 1728 2615 2296 2756 739 218 2638 1478 754 184 2224 2260 213 1533 1849 2354 293 1265 1984 1945 1231 2143 24 2472 1689 757 424 232 1597 426 2566 520 1529 2024 119 540 1722 80 1296 2390 634 1383 1867 1733 1269 1593 2430 2744 19 802 1312 2078 1886 2000 1492 2649 1431 142 1053 1091 555 291 388 1996 866 868 480 1535 857 901 1888 925 2217 690 2827 2785 429 1870
000782.jpg,346 2821 2467 2690 52 1481 418 207 786 471 1438 806 1662 1465 2429 2244 534 780 363 936 402 2687 484 61 478 2059 2470 225 1008 290 2025 1730 2407 2301 53 1275 108 1273 2505 2465 2669 2806 1026 192 1097 1378 1022 628 1918 389 758 452 1220 1293 1929 1787 999 753 2398 2698 295 331 643 326 467 2062 1822 580 2236 2611 840 2634 655 654 726 1143 1140 1692 1780 1475 31 159 1048 1706 241 2794 464 1831 138 1503 782 2053 1921 430 2632 2557 2715 1612 2285 501
000783.jpg,823 1628 399 2163 73 453 1510 437 1599 2074 380 1233 401 760 2587 208 1872 595 981 461 1976 477 1717 2055 1145 2126 731 2469 2655 141 1160 2161 694 2098 1023 1047 99 72 2691 174 1682 1911 1784 2747 172 2122 816 164 2636 1085 177 1430 2009 2829 2679 2267 1553 156 1903 2380 1236 427 1163 1256 2577 901 500 2775 612 1793 289 2722 222 2568 1699 1431 1740 2217 460 1688 36 121 2117 258 2668 1175 2415 1241 850 2224 1529 2227 634 1888 853 680 21 485 588 2038
000784.jpg,1929 1275 2806 295 1730 2687 2301 2407 268 484 1008 1026 655 999 108 726 331 2059 2429 1831 2236 1655 452 467 1022 1706 1789 1662 534 927 753 1220 628 131 1378 2398 2285 430 2634 464 1912 840 806 2062 1475 53 389 758 2698 2715 780 1875 1273 31 2244 326 1039 580 1097 418 159 33 1297 1293 241 495 1465 471 1503 1438 1843 1822 643 2765 2690 1481 2470 782 478 1941 2773 314 89 1011 2142 200 2467 1143 1124 1018 1635 390 1923 125 363 1932 2693 2611 1967 1715
000785.jpg,702 1830 848 126 2471 2624 1845 2601 1908 2276 578 931 1114 1767 103 1323 1235 688 297 990 284 502 1186 1608 835 1413 768 1107 1391 2314 1720 1821 250 1340 1310 903 65 1512 684 1254 1975 2388 2656 2149 954 1559 1106 581 2497 420 1397 75 1798 2542 1693 1605 1357 1685 737 1230 1738 198 1175 1298 1203 1207 2494 215 39 2768 485 962 2152 940 1426 1683 2726 1434 2777 1004 2114 2113 2521 304 310 2077 1801 149 1458 2772 2056 522 327 182 2737 589 1343 803 2620 1785
000786.jpg,1834 18 2663 951 2 2015 601 2818 1842 1252 431 2077 2478 70 2777 2510 2772 1125 1753 2561 1035 1839 1759 2757 2622 1557 315 522 2667 2686 1938 1443 1390 1833 2161 1747 1114 889 2624 2000 529 2728 931 848 962 646 1801 2320 1798 395 2656 436 364 2644 1786 581 702 101 1241 1845 767 29 1693 1830 1075 414 1971 1165 126 286 215 1406 202 2533 803 714 2540 2149 1257 2324 93 754 789 404 1559 2673 818 1149 2021 2787 1590 1418 1175 2172 249 743 1012 417 1649 1107
000787.jpg,898 853 1197 1928 1087 1207 714 1166 1558 1590 2072 2409 895 93 465 614 1561 540 2324 2493 1137 1631 617 291 1535 1689 1300 803 634 2242 2667 1346 2143 24 2430 1257 1538 676 1597 2024 426 2542 739 1593 499 1334 2066 1785 76 832 1971 1213 374 1091 407 1798 1115 1161 792 1773 1786 2113 2827 310 2112 1228 1847 2441 1513 1996 483 182 1914 1434 251 2759 1427 2785 983 404 2129 1298 1883 2224 766 646 940 1093 2784 2540 1265 1795 2579 1693 2235 2699 2238 989 1004 2058
000788.jpg,2267 1430 1553 1236 2380 1699 1886 1256 2217 2117 1499 36 500 427 1431 733 2568 743 2415 2423 1793 193 569 901 988 121 680 536 866 571 2090 332 1053 1492 142 432 340 1449 568 634 1597 1132 2227 2668 2786 370 24 2224 979 426 2143 1065 1588 2078 2430 1272 2074 2221 2333 176 1206 2032 323 2421 621 1064 1364 380 2120 171 554 373 1189 292 2031 1233 1038 76 2469 1398 45 183 2182 2522 2249 56 2056 1535 609 792 1949 2038 1070 845 437 1342 2126 1637 1251 1754
000789.jpg,1752 1146 2367 2556 950 1316 1202 518 1496 2069 2389 1965 59 2300 1799 1636 1545 1102 4 2082 85 2790 221 1926 2815 626 2631 1737 2832 987 312 1386 1656 943 188 2501 817 2270 2272 1934 1840 2044 1624 2241 613 635 2628 1405 826 556 2817 663 1045 1407 547 2477 440 1051 2411 2528 2439 238 1870 1644 505 1563 266 2250 2689 1658 2397 480 2538 2189 1630 550 489 2812 1319 2181 348 1314 1240 925 563 705 28 274 2649 2322 2826 2454 2534 633 712 864 2713 1775 965 994
000790.jpg,1141 2070 1506 383 2669 2025 192 225 61 1787 654 207 1780 1356 2396 139 1781 525 2794 245 209 1127 2280 2311 2470 838 2173 1505 239 2164 216 2232 1435 408 625 1140 1598 27 1248 1282 2091 679 356 49 858 1274 653 296 2017 2693 2565 252 449 113 1472 290 1961 418 1924 2053 1124 1555 455 1037 52 2531 1011 1941 33 1262 1481 1475 2343 1438 1662 1715 471 1216 806 2137 1967 1635 2690 2429 1500 200 2316 390 534 618 495 331 1755 402 1568 1299 1168 1648 2062 999
000791.jpg,958 2529 2271 143 718 1445 30 1514 787 386 697 638 71 810 1440 2517 2185 1684 1129 1694 1270 1294 1630 2619 1360 1446 2298 2246 1112 2481 2584 2616 665 273 1939 1411 2524 2363 1258 2104 1480 1242 1215 2776 2833 1059 262 358 2844 2001 2385 1180 964 2771 1816 2139 342 557 299 147 879 2339 2460 1844 511 1373 2672 687 1284 1286 2092 64 888 2269 969 2222 2797 1366 2607 1744 537 683 2305 2633 551 991 795 1549 2235 741 2221 2576 1456 1153 1807 1295 350 1619 1065 2568
000792.jpg,735 2011 645 1617 169 2707 1649 2837 2050 1444 440 1679 947 1544 1328 1623 1054 1663 2767 1782 2130 1045 445 2836 2840 1381 1261 712 1840 1993 1029 2241 2439 965 1658 1422 179 2628 1253 550 134 1552 51 463 2735 1218 2769 197 348 1775 319 1870 2649 480 2076 1307 2454 2088 2312 2544 904 1369 26 1468 2287 1489 1417 950 259 2714 860 769 260 1437 518 925 2082 1202 59 2538 2375 489 2397 1636 1710 1860 663 1208 2270 900 563 2289 1486 1148 547 1386 2419 2631 674 1146
000793.jpg,1093 540 407 2242 2441 1856 1561 1683 2111 1091 777 2827 1898 1914 2785 617 1996 310 783 2238 949 1535 983 1346 2202 2745 766 95 2190 1343 1476 2737 2114 1631 230 581 88 596 1693 2413 1176 558 328 940 2422 2523 576 695 1714 1713 832 2295 132 1448 291 34 2547 1727 853 2112 2656 2615 1004 1749 824 2542 2149 1178 1116 1743 198 2281 135 1103 76 1838 1224 926 2216 75 1818 2058 520 2317 2555 2016 683 564 1999 1434 1593 2288 184 1785 834 39 967 1304 1228 47
000794.jpg,2707 1444 2837 1649 1679 1623 1328 645 2011 169 947 1054 1663 2767 1617 735 1782 1544 2050 440 2836 445 2840 1381 1261 2130 1045 712 1993 2439 1029 1658 1840 965 1422 1552 2241 51 1253 1218 2628 319 463 179 1437 1948 1307 1208 1640 1369 2735 134 1489 489 1416 550 2649 2287 674 1860 305 1775 2046 1710 900 2183 992 2084 1445 197 2312 2088 1870 562 1486 2133 1627 2424 259 260 26 925 986 2352 1757 1586 497 348 64 659 155 30 637 1897 2515 2652 1417 1569 2412 2626
000795.jpg,1752 1636 1316 2556 1965 1496 2815 950 2367 1146 2272 518 2628 1840 2241 2069 1202 1658 1051 1799 2082 965 194 2439 59 1218 2389 1381 1545 1045 2300 4 626 2631 2270 1737 440 1362 613 712 2352 992 978 1386 563 1102 1544 1948 826 497 266 2046 231 1148 1897 312 188 2832 1775 1586 238 1123 85 2501 259 221 2826 2836 987 663 2376 2477 283 2189 168 1934 2424 1261 1422 900 547 1428 1878 2534 1782 2312 1563 2034 505 1868 1096 705 2433 28 1848 1046 2713 1901 2044 2007
000796.jpg,540 407 1093 2441 2242 1091 967 2413 135 1996 2295 2827 1561 777 1804 1856 558 310 1448 2785 2111 2615 1914 1535 2238 1593 766 230 91 1898 291 1728 2756 1689 1683 983 184 2235 2638 617 754 24 2281 328 2143 2021 1818 1631 1346 2533 564 634 2745 95 1693 2024 739 926 426 1945 568 1478 1231 2202 1719 1597 2472 707 1343 1265 2320 2190 1149 2000 29 213 792 2288 2430 232 2224 581 949 2673 2656 2737 695 1743 596 332 2116 1888 783 536 1176 293 417 1431 2828 2566
000797.jpg,2389 59 1545 4 1202 2367 1146 626 1799 1737 2082 1386 2270 1752 2477 950 556 188 547 826 518 611 987 1319 312 2832 85 635 996 2530 2501 1934 1491 283 271 1405 2044 1942 2440 1408 2300 1102 266 345 2692 864 1656 274 613 705 1407 526 2842 1624 994 2528 2312 2534 2119 1692 716 1563 1926 2181 817 2689 2631 2069 2556 1555 134 608 2411 2370 1864 28 2208 2681 1316 2500 904 1725 391 1117 2205 2766 238 68 2289 1314 508 2375 523 1677 2144 2191 2527 771 2813 2059
000798.jpg,1379 605 1110 1634 610 1040 365 2151 2788 717 1424 2830 1966 1946 1573 112 1309 1243 2560 2364 94 435 1581 1311 2746 1133 544 1020 1968 1005 434 1794 2290 1131 1783 811 593 248 2417 2549 2730 648 410 881 1670 568 749 870 1079 253 678 2005 673 2095 2697 843 2251 2219 1454 2299 538 2087 2196 730 1850 338 937 1498 336 1068 257 800 774 1546 855 1174 2519 2492 1094 2680 1142 1455 2243 1913 1936 2006 2341 1528 1958 1871 883 1516 821 878 2170 2376 2405 406 1645 1731
000799.jpg,835 1254 1310 1512 65 903 1107 684 1340 2388 1975 1608 1720 250 1013 1907 309 1821 1315 856 1217 1336 284 2079 2160 768 300 333 1458 2230 2571 2116 861 1908 762 2612 398 2386 502 2620 785 2503 990 2197 335 2476 1449 1400 2591 1726 1199 1687 702 1232 2401 1277 2141 1104 931 2579 969 1830 2258 1922 297 2601 1669 1286 2678 2276 407 1114 2471 1057 1767 328 1194 2425 834 362 340 2823 1841 1804 1329 506 2216 1898 576 307 1288 1940 1844 2759 777 1593 2704 2096 400 578
000800.jpg,1993 197 2439 2767 712 1796 1782 1045 1381 1658 1663 2034 2836 2241 1417 900 260 1054 1422 1617 947 2826 563 1328 1437 2050 1544 51 1218 1261 550 1870 2649 480 1369 463 1444 1307 1489 925 440 1486 2545 735 26 2088 2713 1679 559 305 1710 348 169 1569 2130 1878 1552 179 2289 221 2628 943 2312 1649 2714 259 2837 2011 1926 85 1407 2300 1860 2133 1623 2424 2454 445 1901 715 1468 1934 2515 2832 2082 2790 1640 1405 100 312 2721 489 1123 2707 2084 1102 2309 188 1453 860
000801.jpg,2702 2315 1980 2685 269 889 1747 1938 1833 1443 277 2686 767 1548 1557 2496 2622 1390 211 1989 315 2532 1460 2757 191 1165 2302 369 2510 431 1413 1759 1678 2276 2663 2 1767 1073 1147 1620 830 835 2667 2015 1091 18 1252 1845 398 2478 1697 2314 441 603 1732 341 2556 2535 1152 600 1346 601 325 2275 1462 1186 1996 745 1442 2818 1622 2653 1842 6 1869 1183 1196 2494 2518 578 404 2100 2695 298 1391 1080 1235 1642 2386 2359 1541 1110 2486 1793 2755 1450 777 2395 1340 1496
000802.jpg,393 1646 863 339 1244 2136 1450 603 830 1120 1147 1732 2275 1620 1678 1805 775 794 1073 2211 2019 1611 2586 357 2518 2254 2780 960 2080 2701 2192 2347 2630 457 1169 1626 2621 279 1734 2297 2447 2368 2233 2329 818 693 1372 1832 2345 1016 2651 2637 1259 2020 321 2805 2754 575 102 1192 1691 2605 1507 2383 2240 2804 10 1482 371 876 2802 462 2550 1014 1811 2247 1168 1299 1674 2395 469 2434 845 145 1809 584 110 2279 1791 1666 2230 2013 1959 1152 2653 1669 1523 284 1104 373
000803.jpg,1659 327 275 2303 117 1205 1198 2791 2573 1084 2030 2494 23 1184 1400 1979 1080 1687 1502 2572 2203 1922 1525 2623 2263 1280 1371 2179 1488 690 1738 2222 2132 2678 1537 510 2620 2768 2521 594 1397 420 2706 1602 1960 796 2677 38 1199 2348 298 1726 205 20 167 953 2128 148 454 1591 2162 1744 281 2726 1661 1605 1471 851 40 924 2535 592 745 325 396 1866 425 1570 1113 1425 1802 214 1449 1474 629 1139 2014 2115 1426 2109 498 907 1641 474 1087 122 466 400 2118 2124
000804.jpg,1032 189 2060 2554 419 2153 894 1632 1927 106 96 2313 481 1661 815 2823 2726 2216 1987 20 167 1288 1703 1363 1844 1286 2567 565 1560 2162 1858 1744 454 2425 959 506 183 2109 744 592 2760 236 333 1015 171 2608 1064 38 1880 468 2182 941 1217 2627 396 2335 115 2222 1960 45 2573 84 1749 2056 2522 1610 1995 1736 23 1593 122 1939 1364 1205 2058 957 834 2404 2450 1084 1766 1865 1329 1371 2705 621 609 1637 400 2030 42 856 2118 1284 309 1525 2784 1171 1671 325
000805.jpg,1548 269 1980 2685 2702 2315 531 676 2124 1940 1986 1326 1130 165 2014 425 1397 2494 420 1537 375 1443 1462 1080 1431 2768 2179 73 327 1488 244 1256 2117 1886 368 2115 1088 1603 745 2359 2506 442 1659 23 2128 2217 725 2118 510 690 901 2521 325 1725 1853 1602 1502 751 1754 205 475 1061 844 1285 1833 594 1183 426 1423 1474 2161 1793 660 362 2366 796 1916 339 1570 1714 498 702 1723 117 1922 1738 2000 1184 2573 36 1529 500 126 1722 306 609 388 465 2568 466
000806.jpg,2558 204 1944 899 2842 1212 2135 2741 1606 725 2766 2728 2825 165 137 1055 447 2207 116 1935 1463 2294 1056 2041 1940 2305 1825 2736 1130 2068 1986 97 1067 1134 692 1547 246 1841 1223 79 2511 362 2248 2813 2719 2382 2506 1126 1464 2057 1874 1962 2435 722 2258 1076 2292 804 686 350 647 682 2683 1937 948 2393 790 442 677 494 2665 135 2286 1639 146 558 1910 491 329 2319 2039 540 388 2291 1448 2639 2438 1592 2708 2569 2827 2649 1934 90 2580 2413 480 657 2733 421
000807.jpg,1141 2070 192 2669 1506 2025 61 383 225 207 1787 139 2396 654 245 209 1356 2794 838 525 2470 2280 1505 2173 1780 1435 1781 239 408 2311 1248 1127 625 2232 679 1282 2164 356 216 49 1598 2091 296 418 653 27 858 52 290 1274 2693 2565 113 252 1140 1481 2053 1555 449 2017 1011 2137 2244 1635 1124 53 1967 1755 390 1715 580 1037 786 363 1662 495 455 806 326 1472 534 1465 1097 2429 2806 1262 159 999 1721 780 1293 402 1475 331 295 1275 1924 1961 1706 1648
000808.jpg,341 2381 2040 215 1900 364 436 101 737 374 251 803 989 2540 545 581 1427 1971 328 1883 2114 766 2759 2504 2579 1898 2238 1230 572 2644 1353 1257 1394 1683 962 407 395 1106 2784 529 1559 2277 1389 1361 2242 1798 2546 789 1786 1115 1451 2323 1093 240 304 2178 1213 1818 1801 2066 1091 1334 483 926 39 76 1300 2113 2000 1180 2787 2288 564 2495 1357 714 1558 293 751 898 1137 614 1087 1207 1728 1175 1951 2756 1231 2054 1080 754 2281 646 485 1928 589 1166 20 1306
000809.jpg,759 181 2043 620 2171 2643 1702 732 2816 1260 650 2666 1797 2810 807 1188 546 1891 1697 285 582 6 1221 1723 1083 922 475 2346 2807 411 1318 752 1882 820 1858 1541 1456 636 1916 1536 468 1865 2476 2278 2167 1603 1284 37 2425 661 1763 298 2749 2313 980 1610 2048 1108 1015 122 1768 1283 2261 2761 973 1884 270 2194 594 2118 334 750 1090 2688 1285 2502 148 2203 1227 2469 1605 1082 2152 2056 2268 2705 2463 1638 2168 258 1504 1364 1064 229 1206 45 236 1251 281 1761
000810.jpg,2414 1177 107 2604 2641 2176 397 55 1507 728 1669 1104 1194 2550 2019 575 1691 2326 736 2754 2360 187 2234 2159 1028 896 584 1748 1690 993 1467 1529 1434 831 384 1919 2112 2390 1957 834 409 32 2744 1733 1203 2566 272 2214 2033 1950 83 1482 15 979 2073 1905 940 379 479 560 541 469 182 198 19 424 985 1004 2752 920 520 149 373 21 400 845 738 1420 1014 1450 1523 2036 902 1722 1222 1867 917 1120 1712 2227 1269 1410 2351 306 80 2078 1016 87 1343 1298
000811.jpg,196 98 1625 353 776 2474 869 233 2256 1963 2067 1643 585 2361 1864 1819 2353 2462 1042 2081 701 2334 910 781 1402 2103 276 809 1970 1344 2027 2264 381 69 282 2101 871 2157 1246 1985 66 778 2536 825 118 2575 1136 2792 1770 998 539 382 1574 9 1667 2336 765 517 567 1583 1772 2551 391 1179 227 303 929 841 607 2082 2711 1579 2389 2270 2723 312 1386 873 2252 1997 2582 719 2008 2018 779 1791 916 2434 59 2001 14 2682 114 1273 887 723 2610 2438 987 1769
000812.jpg,1865 2677 629 941 1949 2161 882 909 1144 2346 2494 1723 281 84 745 1502 37 325 1738 475 443 1916 2179 1488 924 115 820 586 2216 1891 1474 1703 1006 1400 1184 2109 761 2153 894 1199 1288 2768 1363 2726 1995 1371 1754 2421 334 2620 750 275 1082 1038 96 1661 594 2571 123 1397 953 2573 2249 1308 1632 1714 834 370 1727 327 2627 1336 940 2554 2162 510 2535 1315 2810 1957 1687 258 2043 1004 1476 149 1283 1471 1558 609 683 2224 1922 1032 1602 2555 1844 182 762 420
000813.jpg,70 1125 1753 2510 2478 2772 2777 2077 431 2561 1839 1035 1834 2015 2818 1252 951 18 1842 1759 601 1557 2757 1390 2622 2 315 2663 2161 1165 2302 191 461 395 2624 903 1976 1845 2656 1213 1938 2149 2471 2113 1107 1951 1306 1340 962 1693 767 1798 2315 2601 658 485 803 297 1559 502 20 848 277 2636 2644 745 1608 702 304 1908 167 2066 2546 101 2686 1389 39 2497 581 453 1310 2178 1549 1980 727 2535 325 284 1175 1443 2685 2540 1533 2787 1427 2022 1176 126 2415 1115
000814.jpg,2792 1791 567 118 998 1583 9 1179 1579 945 841 2491 2065 2711 2328 1977 2682 919 1578 808 382 1470 1854 1769 639 778 1354 952 517 2252 2778 227 1651 916 1770 114 887 1920 2647 1667 2729 1970 1531 930 982 2723 1063 2575 763 2225 2042 1657 928 748 819 1585 1851 2379 2334 353 98 1864 2059 2429 2462 1157 225 1662 999 2017 2693 553 2698 1493 1819 726 1438 806 914 363 484 904 2557 1577 1465 190 1475 776 534 2146 978 532 812 1625 2099 1534 2285 923 1918 108
000815.jpg,2045 1584 2023 2755 747 1926 2790 188 817 1656 1102 1319 770 943 2817 85 1934 2300 221 611 312 1624 987 2501 2832 1796 1407 258 2034 2545 1405 1644 463 2528 2082 2044 2397 659 26 556 2411 197 1146 550 4 1386 925 348 1369 635 480 1029 2574 1870 2724 283 2270 712 2454 1737 2419 1417 547 1552 1428 977 559 1237 2649 2069 2826 74 1437 2670 1517 2769 1604 489 260 1701 1307 1045 904 1320 1627 2344 900 2544 1486 2424 826 2622 2307 2001 1046 1545 2564 1468 2200 451
000816.jpg,2091 239 2794 2164 1781 2173 2280 27 525 838 209 1127 1505 2311 1472 139 1248 245 216 1435 1274 625 1598 113 654 858 2693 679 1037 1356 2232 408 1780 1282 356 49 296 1961 2025 2137 1506 252 1475 383 1555 2053 822 782 1568 1124 2669 1018 1187 1011 1692 653 2396 2632 643 2236 1140 2017 2565 1755 225 449 2531 2611 2059 1787 1635 1967 390 331 192 999 1048 1662 726 1715 1216 1647 2765 799 2061 2429 1730 1924 464 1706 534 1275 2402 108 2406 484 61 314 721 1317
000817.jpg,2049 530 1290 1017 2282 1604 1518 631 2064 1301 446 2093 451 921 1237 2140 1567 2596 1981 1058 2796 607 1879 984 1613 908 394 1909 2392 813 1396 1370 2257 542 662 660 1673 1853 1739 355 1105 2782 1000 54 1554 710 1331 1893 2664 2696 1695 345 1742 2259 50 1614 2692 2530 996 606 1002 1978 360 1167 2397 904 2369 1060 271 243 675 622 1384 748 1906 147 2626 178 1491 2305 869 337 2595 2753 2424 1829 1860 810 300 2682 674 598 1621 1468 1063 2648 2372 1408 2652 2724
000818.jpg,2809 1473 1876 1721 12 433 769 2375 2289 1895 2482 664 161 2110 1788 274 608 197 526 252 1127 368 2499 2051 994 864 239 1942 2622 1780 1435 383 523 2146 2794 1274 271 2650 225 1555 1918 1056 1725 1506 2164 444 1677 625 192 950 2284 2440 216 1472 2367 1475 173 61 2061 2632 1018 1598 331 1248 1011 2018 2611 1289 1692 2091 764 1124 782 1781 1299 872 430 2438 1771 1439 1408 1868 655 654 1168 2669 1829 2311 553 207 2435 1216 68 643 2008 1924 2606 1972 2280 1752
000819.jpg,2043 2171 2810 650 2666 2816 1891 2346 475 1723 1916 759 807 2643 1702 732 620 181 1260 1797 1188 546 820 285 6 1697 1882 1541 1221 1865 582 411 1603 1083 420 922 148 1605 1858 334 1397 750 510 594 2521 2768 1139 2502 2807 468 1738 2152 2841 2179 1456 1074 980 1420 1222 956 1206 1570 1318 2107 2362 2203 1957 1213 2476 272 372 1502 691 1884 215 713 2214 2463 831 2066 560 1322 1203 2469 2497 2410 1954 1768 384 95 1785 308 1153 1786 2048 752 1257 2154 76 351
000820.jpg,197 1417 1701 1489 1710 860 1993 2439 348 463 1870 2084 2649 925 1658 1045 489 712 900 2628 26 2424 550 480 1437 2790 1369 2289 179 2241 1782 1624 1381 2515 1788 1307 817 2832 2397 2826 1656 1102 2001 2375 1934 2836 433 606 1218 1663 559 2769 1644 1926 2050 1486 260 2419 2034 2044 2501 1407 2312 2767 2817 1054 1190 2528 1468 1029 1544 563 2454 1627 1545 904 59 2652 312 1253 1649 2574 2724 2713 1422 1118 1411 1910 1328 1981 440 2753 2130 1840 1617 134 1796 188 524 2088
000821.jpg,1810 2509 67 1075 2583 1001 202 2121 2350 249 1012 627 1406 1944 1055 2558 1212 2741 899 2825 1606 2135 725 2057 1195 404 1894 2728 2766 165 137 2207 2736 1594 1945 388 1935 232 1609 1463 1869 447 742 2294 204 1707 1901 2842 499 2183 550 902 2033 201 2435 480 424 1223 338 520 925 187 917 135 1516 709 937 892 1874 2224 2143 116 2291 2638 378 1512 32 558 1088 563 1728 574 751 65 1126 2090 1910 2507 2042 348 2733 1825 1453 2295 2084 362 1984 2566 494 2041
000822.jpg,1083 6 582 285 1221 546 1702 2643 1260 759 181 732 620 807 1797 1697 2807 1318 1188 922 1858 2816 2171 2043 1536 1891 2278 636 1723 752 2810 468 2313 2666 475 2111 2194 2261 661 1856 2346 650 1541 2522 2749 45 1914 2056 1603 1456 2441 2048 1865 37 1251 1064 1153 2167 2425 2745 2202 1763 2476 2168 2118 88 1535 820 1108 1916 2401 2827 232 2442 1882 905 777 669 1364 476 1713 462 2688 644 1227 1476 2737 148 1082 940 1103 1483 2086 1343 376 2733 133 1836 1979 1283
000823.jpg,2797 1539 2844 352 2092 2833 2473 2139 2269 2576 299 2371 1549 891 2776 428 2226 837 1009 90 264 1814 2484 2455 741 1982 667 2175 2731 1735 267 1159 1619 1238 1815 403 1925 2138 1122 17 2403 879 2063 969 1242 1349 1540 1589 1291 2223 2709 1994 1698 1338 573 1571 2100 2338 1618 642 846 2340 262 2460 2412 1863 2486 2717 2158 2524 557 2635 273 892 2385 2189 160 1530 1622 577 2094 913 147 234 888 46 1409 1295 195 1824 1078 2273 2710 1071 2104 226 668 1615 349 2253
000824.jpg,2070 1506 1141 383 2470 1356 1140 455 2232 1262 525 2311 625 2669 245 216 654 679 1505 139 1598 2025 1248 1435 192 1780 209 408 49 858 838 252 113 2396 61 2280 1282 1787 2173 1127 2565 225 207 356 1124 1781 296 27 2164 239 2794 1274 2053 2017 2137 2531 2091 1715 1037 2693 418 1918 1472 1024 653 1967 1568 1216 822 1635 449 1481 314 390 1011 1500 1662 290 1875 1475 402 1941 471 2765 806 618 1924 1018 1438 1555 131 534 2429 52 2698 1961 1050 363 495 1021
000825.jpg,2045 2023 1584 2755 747 770 258 1320 19 1796 1035 597 1722 1256 1839 660 901 417 1673 1844 76 2545 1065 2108 2077 1980 2612 1269 2415 2421 1888 1945 1562 2259 232 1996 360 542 424 2217 926 2566 2161 1286 230 2478 1739 427 520 54 2668 1834 213 2116 2034 1849 983 1047 2745 530 289 498 463 1038 42 1890 571 868 989 1707 886 2190 2782 1867 554 988 2216 1305 465 1628 2202 1686 1398 2257 193 2571 1976 1731 2354 1793 2568 2827 710 777 323 70 2510 1968 1910 893
000826.jpg,2025 2669 192 61 225 207 1787 2396 2794 838 139 209 654 2280 2173 245 1781 1780 408 2164 239 1127 1282 356 296 49 525 2091 1506 1141 52 418 2232 290 1274 1481 383 2693 653 2311 2070 2470 27 1248 2017 1465 786 1555 1356 1435 1755 1505 2244 625 679 780 2053 806 1472 346 363 216 1011 1140 113 1662 534 936 53 471 1124 455 2690 2821 402 1037 1438 2565 2467 1598 1635 1568 2429 1475 2137 1967 1918 2236 2531 390 1715 1317 478 1924 331 252 484 1706 1262 580
000827.jpg,2272 2815 1965 1051 1496 2352 1316 194 1636 2556 2628 1218 1840 950 1261 1658 2241 1752 2439 1948 2069 1416 1381 965 1586 1096 497 518 2367 440 2046 1775 2836 2713 1544 1782 1045 992 1897 563 2376 2631 2412 978 201 319 1860 1649 677 1362 1422 712 1148 231 2276 64 663 2826 613 2130 1054 659 1437 2433 168 1901 689 2007 1490 1848 2496 1428 155 1453 1833 2309 1868 1046 735 1123 1938 674 2652 2667 140 489 1253 2189 219 550 655 2255 51 2732 657 2287 1008 785 266 179
000828.jpg,2077 2478 2772 2777 1753 1125 70 1834 2015 1252 951 2818 2561 2663 2 18 601 2510 1842 431 1035 1839 2161 315 1759 2757 1557 2622 1390 126 1165 2624 1845 767 702 2000 1175 1306 1951 2302 191 522 485 2686 2656 1559 727 437 2471 589 1207 2728 1233 848 2601 417 1830 1443 901 747 578 1130 2506 1801 802 868 1357 1451 889 688 1033 1562 555 646 1938 1693 1686 380 1236 1908 2074 2320 1106 29 426 2072 1886 39 529 707 145 2667 2668 165 2149 1833 931 1747 1431 1235
000829.jpg,726 999 331 2236 430 478 1475 655 314 2059 1635 390 1967 1050 1715 484 2053 1124 2407 2429 1140 1472 2301 2693 1662 534 1037 1929 1275 2406 1303 1648 806 2687 471 1438 27 2698 1273 1730 1187 53 1503 2244 780 2806 1465 1918 363 2465 2505 295 2470 1008 268 786 799 936 1378 643 418 1274 758 2061 1706 389 1831 1127 464 402 391 1921 108 290 1655 2765 653 1756 1216 1022 1026 1692 2402 1481 1972 1568 927 721 1755 1647 1317 1912 1789 805 2062 467 1024 1395 1039 31
000830.jpg,1948 1096 1416 1362 1897 497 1586 992 2046 2352 1569 1218 2721 2272 2241 64 122 1381 100 2213 1610 1051 2815 1860 231 48 2135 1658 1316 155 259 899 439 1212 712 1884 715 1606 2118 137 447 2650 2741 1045 2034 1630 1123 2825 1782 305 2836 1445 2767 638 2150 2832 1796 2766 562 787 980 30 2124 1636 1326 1360 2665 194 1329 2087 1993 925 188 1067 2817 1901 2312 1934 1728 499 1284 2628 46 563 204 1637 987 754 1518 1644 1659 2319 2826 116 445 85 2300 2790 246 2556
000831.jpg,1871 2609 1800 257 288 2613 1731 1138 1645 2843 742 416 883 1707 1894 1516 937 2331 664 585 1419 535 2081 392 2067 2462 1909 1527 2103 1864 1819 1042 910 2377 1643 186 709 1466 2341 2551 1913 1142 196 904 2006 276 809 996 701 2530 611 1518 336 869 2485 547 1493 2652 253 2693 1625 1613 1007 978 1491 1386 1319 2778 2334 31 2556 2312 1455 1240 2196 1468 1174 1635 524 2519 2456 1402 2082 2715 367 2018 2361 1472 2729 188 800 1791 899 2256 1577 2284 2397 719 1981 2826
000832.jpg,2421 1041 1754 1038 1949 1049 932 839 640 698 1521 2520 1272 2210 955 13 2671 1910 323 1616 828 2032 244 1337 370 56 2047 2578 2115 1189 865 377 1477 1696 2083 672 2828 933 571 1668 2150 2602 2217 1374 1430 1553 844 2423 509 2457 1699 536 2117 743 1515 1256 21 1793 680 901 121 893 1602 569 2038 2384 2568 2267 340 142 1236 609 2415 427 1399 2521 2570 2227 979 292 2380 289 2078 2348 1431 2451 2120 1738 176 1764 2795 1888 510 2031 214 1132 1398 1249 310 1492
000833.jpg,5 844 1515 2457 509 1889 2725 2464 1766 957 609 2404 1696 2448 244 744 2115 1426 2128 1326 1616 466 473 2124 375 306 425 2014 2366 1061 498 163 388 2351 1637 510 2521 1038 1556 2141 2751 1754 2508 2048 2421 119 214 1139 1768 815 1537 2566 1477 2203 1171 1397 420 1269 594 2179 148 746 1214 690 1945 1738 1602 19 2227 1987 1891 2502 232 520 1296 1949 1605 424 672 2828 1849 2567 80 1610 1867 2354 2451 2638 1383 1659 1108 1596 270 1080 1722 1858 707 1668 2384 1953
000834.jpg,1083 6 582 285 1221 546 1702 2643 1260 759 181 732 620 807 1797 1697 2807 1188 1318 2171 922 2816 2043 1858 1891 1536 636 2278 1723 2810 752 2666 650 475 2313 468 661 2522 2261 1541 1603 2194 2346 1856 2056 45 1456 2111 37 1064 1865 1251 2476 1914 2441 2048 2749 1364 2425 2202 2745 905 88 2401 594 2827 1763 2203 1283 2118 148 2167 940 669 1882 820 1535 2168 1108 1176 474 1916 1153 1713 2760 777 1768 1476 1836 1343 1227 973 2608 1284 1004 2737 236 95 133 1015
000835.jpg,807 1260 1723 1891 1221 582 1284 1858 6 285 1456 1603 546 1188 1865 1702 2643 372 122 759 411 1697 815 481 1987 2816 2666 2346 475 650 2152 37 1659 922 2194 23 2261 2118 1605 1015 820 1083 2171 1153 1916 1844 163 1637 2502 1227 2043 2303 425 454 181 327 2677 2313 468 2222 1082 117 1610 2521 1744 388 1061 629 973 980 1884 1541 1766 1556 73 1750 148 1080 1286 1285 609 510 713 2162 184 2810 2115 750 747 744 1761 941 2203 732 620 594 2074 84 1535 661
000836.jpg,1132 1588 121 536 193 988 2090 569 36 1268 1431 866 332 213 340 733 1699 2117 142 1492 802 2078 2333 555 979 429 1393 2743 1886 2668 2227 1553 2029 1053 1430 1236 2384 1890 1256 289 2786 1033 554 1562 432 1728 199 868 1888 21 2380 878 2408 176 2451 558 500 2267 680 1686 707 1533 1398 2217 2295 135 681 417 2108 1478 29 62 1449 886 1910 1945 1228 1889 1418 2533 361 597 925 2413 2649 1499 901 1065 757 424 427 1793 2415 119 2827 1870 232 24 520 983
000837.jpg,2510 431 1839 70 1753 1125 1035 2772 2777 2077 2478 2561 1834 2818 951 2015 1252 1976 461 395 1557 2497 1176 1390 2547 2113 2161 650 824 2471 1759 903 2757 95 596 75 576 304 1749 2149 1938 2066 1693 1785 1213 2178 2009 1559 1948 2622 2700 2249 2636 2601 2074 132 695 2182 1476 39 2656 73 1371 767 277 1106 1416 1908 18 1744 198 2522 1842 2 1064 2666 236 2751 315 783 731 2608 2663 1549 20 417 2469 1447 1469 761 831 1628 2726 2644 2016 850 1214 2686 889 2162
000838.jpg,2252 1651 2682 2328 1977 2491 1583 1578 2310 1179 1368 2660 1367 1239 1566 841 982 2042 2723 1920 998 512 1063 2488 945 1211 517 2225 1579 916 1585 227 1531 919 118 2026 2065 1791 607 763 2729 928 515 1657 748 2379 1667 2792 1769 671 2647 492 566 819 1154 1851 887 2007 2711 639 2349 1470 114 1906 311 74 2732 1058 382 1354 9 2459 906 1956 631 2097 567 1002 219 1158 930 1331 2670 1046 952 1428 1210 1518 2676 1301 1253 696 813 1837 1778 984 1339 808 2724 559
000839.jpg,1371 1113 2263 2502 2152 1525 214 2572 2623 1280 2141 2841 327 2348 851 1605 106 1866 2678 1661 1602 629 1139 621 1032 2522 1064 1251 1865 96 2401 1364 2056 1084 45 183 171 1632 84 1927 1953 2182 236 941 189 1144 894 1960 2608 2751 2760 2831 2554 38 2612 2060 1738 957 2705 1171 2153 2567 924 1365 744 1659 1283 22 419 1214 2303 2726 1768 270 117 2203 1726 2761 940 474 609 2162 198 2216 1288 1198 2768 1108 1184 2497 1004 2677 2048 75 420 2030 1397 1687 2109 1979
000840.jpg,197 1993 2439 1045 712 2241 1544 1658 1782 1381 550 1422 2836 2050 2130 2767 2628 1617 1663 1054 463 735 179 900 1218 947 440 1444 1261 2649 1328 1417 1840 1437 1710 2840 169 480 1369 1679 1870 1489 925 2289 1552 260 348 445 2375 2133 1253 2454 2826 26 1623 2011 134 1486 645 563 2837 51 2769 433 1029 2312 1468 2707 1307 1649 489 1051 2515 2082 2088 1202 559 1146 1926 2397 2412 663 194 2419 769 860 2270 2084 2832 904 312 2631 2424 2556 2538 2790 85 2714 1407 221
000841.jpg,1290 1518 1017 631 451 2140 2049 1604 1301 530 1058 2796 2093 2282 1567 1237 1981 984 2596 394 1879 446 607 2064 2392 921 1613 1909 2357 1978 662 1002 1906 908 2543 918 1119 591 2085 124 1578 778 723 382 1621 1359 559 841 2462 2065 2082 1812 1491 2361 2675 227 539 1404 852 2585 708 978 186 2372 196 1407 2225 1046 276 763 1828 1100 2723 160 1925 1089 337 659 996 2530 537 2270 2042 1982 1864 869 1625 1862 1819 910 203 701 1583 674 1428 998 114 1319 1837 1437
000842.jpg,967 1804 135 91 2295 2413 1448 558 2615 707 1719 2235 792 2296 184 739 2408 213 568 1478 2638 2320 2756 2533 1149 540 1728 29 2021 754 2260 1945 1689 1265 426 2143 2354 24 232 1849 1597 2673 2024 286 2566 424 2172 1269 2441 1091 1996 1593 2472 218 2827 634 520 310 1231 2224 119 1722 1296 1383 1984 80 2785 1867 1733 777 2430 2390 291 19 983 2744 1856 1914 1529 293 1561 1535 2242 766 2558 2000 1533 230 2649 2111 925 165 2745 2039 2356 348 725 388 1887 1693
000843.jpg,204 2842 2741 2135 899 1212 1606 2068 137 79 116 1067 2511 722 1463 1935 1547 2665 2558 1134 246 1944 2305 350 2041 97 2766 1055 2728 725 2294 165 2825 2580 447 686 2207 1056 2057 1223 2090 494 1998 790 2506 1825 1677 1962 1986 1771 2625 2384 2435 2248 1452 1870 2736 1892 1940 746 692 1889 657 388 1130 2813 2258 1464 362 1076 1126 2719 90 892 332 2037 1874 569 2451 1841 2717 2649 305 1793 2508 2638 2002 1474 2319 804 1984 1061 1515 536 1930 745 21 1656 2382 1562
000844.jpg,1146 1752 1202 2389 59 4 1545 2082 2367 1737 626 518 1799 2270 1386 950 312 188 556 2300 987 2832 826 85 1102 2556 547 1316 1934 2477 2501 635 2631 1405 611 2044 1319 2790 221 1926 1656 283 266 2312 1407 1636 943 1624 2528 2411 904 613 1644 480 1468 2069 817 440 2397 2298 2189 1840 735 2241 2534 2574 2148 2689 260 2050 2088 705 1630 2424 978 348 563 2817 925 1775 1045 179 2419 2185 633 2681 550 2826 238 2842 712 1360 900 2289 2191 1339 1684 134 795 1864
000845.jpg,835 1908 2471 2601 702 284 1830 2624 990 578 848 1845 126 2276 1107 931 502 1114 1608 297 1235 103 1323 1767 688 1310 1340 1821 1720 684 250 1254 768 1413 1975 1186 1512 903 65 1391 2314 2388 2277 398 581 543 395 1232 2644 2503 1458 545 341 2768 737 2546 1426 529 1801 1394 2114 962 2040 1559 2841 572 2494 335 101 1075 364 1683 1213 423 1217 2612 1397 304 1839 2591 1916 2381 2561 2478 407 215 636 2323 420 70 1605 2178 522 1106 1674 2386 2230 1898 2677 1666
000846.jpg,197 1701 1710 1417 1489 860 900 2084 1307 1437 2001 2424 489 463 1486 1788 606 712 2397 445 674 1253 2439 2515 2769 1468 2076 2419 559 1658 2574 1045 348 1993 1208 675 2753 906 1981 259 1870 1218 2241 1190 1123 134 1782 1054 2826 1552 2011 2628 2767 904 1381 563 1428 1627 1878 977 2544 1029 1983 2724 1617 1369 480 1663 2649 26 2375 2652 2840 645 1328 446 260 1237 433 2707 2050 1948 2836 2312 319 925 978 2044 2308 970 1261 2712 2130 179 2454 1624 2626 2391 178 637
000847.jpg,2029 554 571 332 2743 555 1890 1888 1699 289 1065 868 1431 176 1562 1256 1553 427 417 142 1033 2217 1430 2668 361 1492 2384 62 1393 597 569 2451 1398 2078 2415 886 988 193 21 1686 2333 1418 1053 802 2117 432 340 866 1886 1793 2108 681 878 2423 199 2568 2380 429 979 2786 743 1236 2227 121 1588 2267 536 893 500 901 36 680 2090 302 2032 323 733 78 56 1499 1268 1132 1668 2602 1189 292 1041 370 2047 2578 2421 1272 1038 1374 1337 1910 1521 568 2570 157
000848.jpg,2045 1584 2023 2755 747 770 258 1586 497 1416 1948 1096 1362 1897 2046 992 2545 2034 1796 64 1320 2213 48 2815 100 2721 1286 1865 715 1844 2272 2352 1316 2083 824 1569 744 1256 19 76 1218 2745 827 1329 1910 1051 1640 1476 2202 1990 1032 2217 609 2836 506 2578 1401 155 988 855 2251 132 2700 230 1390 1381 2134 88 1020 926 2568 2415 1176 1764 119 2598 2661 425 1075 2058 1305 597 1199 2547 1061 1858 1636 1628 1785 163 1496 2421 305 2423 2222 1732 1637 1337 1965 683
000849.jpg,197 1993 2439 1417 1710 1489 463 1045 1701 2375 860 900 712 1658 2289 433 2241 2628 1437 550 179 1486 1544 2836 1422 348 480 1663 1782 2649 1381 2419 2397 2050 2082 2826 559 1840 1870 925 489 2130 2270 735 1253 1468 1386 1054 1369 260 1788 1926 2084 312 1617 26 1307 2832 134 563 1146 2769 970 2454 2840 1656 1102 904 188 1934 2790 987 1218 2767 2312 1624 2424 556 1552 2515 659 1029 1051 440 1428 59 769 2528 2574 547 524 2044 85 2501 1407 518 169 1545 2133 626
000850.jpg,2797 2844 352 1539 891 2269 2092 2833 2139 299 2576 2371 2473 1549 428 264 90 2484 2455 2776 1982 837 667 2731 1009 741 1814 267 1122 17 1735 1159 1238 2403 1815 2063 403 1589 2138 573 2175 846 1571 1698 1925 2412 1338 642 2223 2226 2100 2338 1291 2486 600 2189 195 1619 226 262 1994 888 1622 2094 1349 2255 879 160 2253 317 867 1295 1540 1078 537 2811 1530 2717 1421 1409 1863 2385 687 1242 969 1807 1618 234 2340 668 1095 1824 2607 472 1826 2738 1071 557 2273 1607
000851.jpg,2792 998 1583 118 1791 567 1579 9 945 919 841 2711 1179 2065 1769 2491 1354 952 1578 639 2328 808 2778 2647 1854 1920 1977 382 517 1470 2252 778 2682 2729 930 1667 114 1770 227 887 1657 1970 928 1531 1651 982 1851 916 2379 1063 2723 2225 2575 763 748 1585 819 98 776 2042 1625 1819 353 1864 923 2361 579 1963 2465 2505 2349 547 2304 1662 869 515 975 2053 1046 268 978 936 585 1386 906 1437 1428 674 196 1018 363 2076 1925 1982 1918 2067 1122 311 900 2634
000852.jpg,1034 2461 1276 2374 493 1234 2672 2174 1392 210 2418 1196 1765 1724 548 1861 57 2184 294 793 1664 1859 280 1575 976 1358 2327 746 2229 1580 133 583 801 588 1457 1792 885 1375 1758 797 1776 756 263 570 2456 2125 1350 1072 366 2590 2739 857 2838 1877 422 2004 1887 2659 2548 1947 2039 1279 2186 1043 228 720 1081 1930 704 1497 1229 1191 2332 2206 2321 2356 1551 2123 689 1665 1542 2694 2330 1675 656 2581 421 77 706 859 438 880 2187 242 1345 2662 2703 1086 158 1030
000853.jpg,453 401 2163 1510 399 208 823 595 2587 1628 73 1717 1599 437 760 2074 380 2055 1233 99 1872 141 1145 461 477 1976 981 731 2655 2126 2469 1160 2098 1682 1023 1047 2747 694 2161 174 612 2122 2691 172 1784 177 816 2829 1085 2679 72 1911 320 1903 164 2452 2636 156 1504 1163 2775 1479 2722 1436 2355 2218 222 2577 2009 1267 1387 850 2134 144 1201 2318 1241 1415 2420 1236 1621 460 2147 2156 1305 2572 1826 1688 836 2380 2488 1798 2015 2512 2299 1939 1430 2267 2464 2404
000854.jpg,1882 956 154 2468 1797 795 732 620 546 181 1318 1541 820 2807 759 1487 1260 636 2749 807 1536 2643 342 2043 650 1697 2171 1702 448 1400 644 285 2503 2278 2666 1221 582 2740 1188 2399 551 475 2476 2688 2816 953 115 6 1199 2720 398 2442 1059 334 307 1471 924 1768 661 750 229 1726 2386 1336 2387 2346 1083 2761 1524 1687 1880 2425 1013 2823 2727 1891 1206 1761 387 1995 2678 2048 971 2080 2620 2756 210 1449 1767 1458 1609 203 1560 38 1922 328 215 2810 2238 2040
000855.jpg,2045 2023 1584 2755 747 770 258 1320 2545 1796 2134 2034 597 1562 19 901 2217 417 1398 2108 1839 893 1256 361 2415 2423 2074 940 868 2668 744 1844 1286 1628 1890 783 554 609 1035 424 1980 2216 2077 62 2202 1269 1599 2421 1364 2058 834 1176 824 323 2745 2566 1785 989 1199 2182 360 1722 1416 983 1586 1430 1968 1559 973 1443 1401 1065 1865 1106 988 2523 289 1288 1888 2056 1976 1750 1703 676 1243 1990 39 292 2522 886 1558 76 2760 498 80 119 2746 73 2578 2831
000856.jpg,2025 2669 225 192 61 207 1787 2396 2794 2280 2173 209 838 139 1781 1780 245 654 239 2164 1127 408 2091 1282 525 356 296 49 1506 1141 1274 418 653 52 2232 2693 383 2311 290 27 1472 1481 2470 1555 1248 2017 1435 1505 625 2070 806 679 216 1465 1356 534 1598 1011 1662 2531 2053 780 2244 113 2429 1124 1475 2565 1037 1924 471 1140 1438 858 786 53 252 1961 1755 2137 449 2690 1216 936 363 2285 455 402 1967 1635 2059 2236 1918 346 999 390 1715 2467 2821 452
000857.jpg,629 1865 2677 1949 1371 941 2152 851 1144 882 1661 2502 1113 2572 2263 327 214 1525 84 2421 1960 2623 40 1038 592 1754 2161 1602 1605 609 1616 244 106 2141 1041 1659 1723 640 1987 909 2348 481 2115 96 2210 2571 270 2162 281 1272 1744 1632 2678 1766 23 815 1891 2404 1283 1032 2109 1280 13 2726 1927 1064 1738 2567 894 1757 594 2521 2494 2203 37 844 123 509 940 1108 474 2671 1696 2056 2705 1336 2153 745 2578 2751 2216 2522 744 1866 275 1488 482 1397 510 2116
000858.jpg,1425 396 850 1200 1933 2627 2218 222 897 1504 2512 1790 1911 836 2420 2362 2071 946 1305 905 2645 1380 1750 2245 2096 1263 2355 2030 1436 1267 2210 935 1322 2410 474 644 2463 2520 1219 45 2156 13 1006 1423 1641 640 2831 1621 1064 1736 2522 2432 1749 1321 2705 42 2056 325 2452 2688 488 621 1447 2249 1709 99 2086 1066 1671 1272 2401 2514 2442 2642 755 2450 2572 1469 2691 783 971 1474 745 2313 1098 2446 2216 2464 1785 2342 2706 1106 1559 75 171 16 459 1957 8 761
000859.jpg,2152 2502 1891 1605 1865 214 1723 1371 2841 1113 1139 2348 1603 2263 1525 1602 420 2816 6 1397 1738 1221 2768 510 2521 2346 148 285 106 1916 1488 1866 2666 582 2203 629 2179 327 594 807 851 1661 2171 1953 2043 650 475 2141 2623 1502 941 2572 732 1768 1283 546 1702 84 1083 2810 620 2567 1032 1108 270 2761 1280 1184 2048 1979 96 1632 820 1927 2643 1541 750 1171 609 1659 940 2494 2831 198 2554 2497 894 1364 1251 189 1203 1188 924 75 1214 2751 2705 1858 1960 37
000860.jpg,392 320 1479 1419 1682 301 1387 2318 2331 257 1200 1676 937 1495 2843 2420 2377 1871 1731 535 1527 1002 1718 1267 99 2613 1138 2458 2609 1894 519 288 1645 1707 966 1800 416 1068 2341 2134 1978 1705 2543 2600 253 2262 2299 338 1992 2691 1142 1131 1243 2660 908 339 2243 1384 2290 336 1119 730 2830 435 1498 1020 2560 2518 2519 1442 2730 1309 1581 2746 2151 1966 1455 2763 1040 1370 2394 1007 2492 1850 852 2680 1783 1380 1750 1311 774 1385 355 855 2085 821 742 1779 676 713
000861.jpg,2045 2023 1584 2755 747 770 258 1320 597 19 76 1256 1844 1065 1562 417 2217 1364 1722 2668 1398 1286 2058 2182 2108 2421 1796 2056 2202 2522 2760 783 940 1269 713 1628 232 2216 2705 1888 609 2415 520 2745 2831 834 2612 2077 171 2249 2566 2571 868 901 45 1945 1890 2827 554 744 2423 1749 1064 2190 886 2074 2134 1074 1980 62 989 1176 893 1035 1288 1686 988 1476 361 926 289 1849 1968 2227 1703 506 424 1750 1106 983 1430 2401 1342 1839 979 1996 2354 1033 1178 2463
000862.jpg,395 529 2644 962 1801 2323 572 2277 1394 1798 1230 1334 1361 545 1451 2000 2787 646 1559 2054 989 215 436 364 1175 485 1683 737 101 1106 727 1306 589 1951 2040 658 581 803 293 1900 374 1427 2114 251 341 2381 2759 2113 2540 1971 304 1257 1883 2066 2504 2579 2178 1839 1213 1353 2242 766 1898 714 1786 2784 76 853 1035 1115 1207 2546 1558 898 328 2238 789 1087 1834 1928 1389 2015 2149 1166 614 461 431 1561 1252 2510 2561 2656 240 1976 1312 1300 39 2325 2421 2772
000863.jpg,2629 2539 2428 1429 2120 2031 2221 1070 377 2798 729 964 828 2038 358 2578 672 1399 2083 1668 2828 2602 933 1374 1337 1764 2335 2640 865 2570 1952 1266 2808 2839 2795 1249 1329 640 2520 13 1910 2210 1272 2513 400 2671 955 45 2056 1521 2522 2401 621 2612 1364 2448 183 2182 2047 171 2608 1064 2760 2720 236 698 1425 398 2831 1251 1536 2464 2032 2562 986 2571 2661 370 2141 2503 1189 1255 644 2512 959 1049 827 571 762 323 2116 427 1596 42 2278 2705 2442 1726 2678 1458
000864.jpg,2677 1865 629 909 882 2161 941 1949 275 281 1400 1144 2494 586 84 37 1082 1570 1184 1922 1687 1308 1726 443 745 448 327 2620 1502 325 924 1198 1866 762 2535 1487 1763 1006 117 1315 1908 2791 1199 2841 1474 1738 820 1336 2706 335 2503 1113 1471 2303 1525 300 123 1232 298 2678 1108 1080 1591 2197 2571 2573 475 2179 2572 1916 2160 1013 334 23 1363 1768 2346 1371 1884 1703 1205 636 1283 122 2216 370 459 953 115 690 1090 1659 1194 2761 2720 2263 2153 1057 1995 980
000865.jpg,1146 1752 2389 59 1202 4 1545 2367 2082 1737 626 518 1799 1386 2270 950 188 556 312 987 2832 2300 85 1102 2556 826 1316 1934 2501 547 2477 2044 2790 1656 611 1319 1926 221 1405 2631 2528 2411 1624 635 943 1407 283 1644 2312 2069 1636 817 480 266 904 1468 1840 2574 440 2534 260 613 1630 2817 2826 1563 2250 2119 735 705 563 1360 633 2689 2397 2419 2681 2189 2185 313 1775 2424 2181 2842 134 1870 238 274 2298 2322 2766 1339 978 900 550 925 348 2289 2148 559
000866.jpg,835 1107 1908 284 990 1608 502 2601 2471 702 2624 578 1310 1830 1340 848 250 1821 684 1845 1720 1254 768 2276 1512 126 931 297 1975 903 65 1235 103 1114 1323 2388 1767 688 1186 1413 1391 2314 398 1839 1458 1232 2644 395 543 1426 1570 529 2277 1801 2503 2478 70 2561 335 1217 581 522 433 1557 2612 1916 2116 2077 2386 2768 1864 962 423 1819 2777 2230 2494 364 1075 2040 2677 2591 1035 2510 2128 298 197 1965 2772 737 1198 1080 1125 2496 1922 167 2289 1394 1753 341
000867.jpg,2066 2113 1213 1300 898 2178 304 1115 2546 1087 1389 714 1558 853 1207 2072 1197 1928 2493 1166 1785 465 2409 614 803 1561 1590 895 483 93 617 1883 1137 1394 1228 374 2784 251 2324 1427 1773 485 1175 1513 1161 2242 1353 2759 1847 1795 1951 2542 1257 1798 499 789 1306 540 2787 676 240 634 727 589 2430 24 2540 1334 407 215 646 1593 1535 2143 545 2054 1631 658 1801 2579 2022 1093 1538 76 291 1689 1971 436 1333 101 1898 328 2504 293 962 149 75 1230 529 182
000868.jpg,1305 1052 2512 2362 222 1504 2218 1436 850 2201 2750 755 2342 1933 1736 2432 935 1709 2645 1638 2450 836 1806 1321 2096 897 1098 2071 1790 2156 2355 2691 1911 1387 981 2420 2074 637 1330 255 1009 1353 73 217 619 1554 2617 506 380 1521 837 2736 521 1593 477 2784 2657 1599 1910 1935 2083 1883 2308 892 1337 2140 1463 2825 1433 2041 1363 2318 988 2712 2578 56 2486 1370 1189 660 1267 2426 2704 1815 1703 2721 1962 483 193 96 1604 46 1288 1572 1301 451 1903 2455 2257 141
000869.jpg,767 277 1938 1443 889 1833 2686 1747 2496 211 2532 1460 369 2315 1980 2510 2702 2818 951 1989 2015 431 1834 1252 1418 2478 2777 2522 2077 1064 45 1793 1065 1277 617 1605 2497 2056 417 940 13 2772 1686 2668 1272 1562 713 75 2108 1342 1091 1176 2182 1074 2217 803 2058 2335 332 198 1203 569 36 597 997 886 1343 581 258 1004 2384 2571 1371 1727 20 70 2760 2685 1401 2700 1125 1087 824 2242 1749 236 1561 2463 1753 576 95 453 2245 1047 1364 76 2190 745 2415 1904
000870.jpg,243 1105 1554 1396 1370 355 813 2257 1331 2696 1673 1384 1614 1742 908 966 2458 1495 2660 337 1681 487 1906 2600 1705 942 2049 530 921 2085 1567 54 2064 660 2782 710 542 1893 2336 2543 360 1604 1853 393 2136 446 2259 2369 320 1237 459 2678 1301 254 394 2664 50 3 2426 2490 1739 1816 2518 1000 1637 765 1083 2249 1642 825 451 2410 2831 1094 1806 1198 560 2194 14 1002 236 691 2274 1726 1387 193 629 409 1221 2318 2720 661 1064 1420 2492 2405 37 1322 2140 2519
000871.jpg,2282 1290 2596 2064 631 1017 1518 2049 921 530 2796 2140 451 1604 1301 984 1058 2093 1567 446 607 1237 2392 1981 1879 394 1613 1978 1002 1909 908 2357 2543 1906 852 1119 662 2085 1621 660 2257 1554 942 813 1370 542 2259 1673 1384 1853 360 966 54 243 2782 1396 983 1212 2190 1105 1742 2638 1401 1804 710 2458 617 1331 1739 2619 36 713 1342 97 899 1035 1733 1719 905 1000 2217 1606 1474 1935 2041 1722 2135 2404 912 1425 2216 832 1529 337 1258 700 163 1478 2827 1269
000872.jpg,1870 2649 925 1369 348 26 480 2454 2769 2714 550 179 663 2538 1422 2375 712 1417 421 689 1489 2574 2123 1710 2581 1665 570 1190 445 2838 1930 1193 1758 2125 2004 2116 463 1792 704 1552 1551 524 2418 260 2039 1910 559 2044 611 188 1319 1701 280 1986 1486 2386 489 2424 1580 2501 1434 2327 1298 1934 817 1337 42 1861 2817 860 2676 2638 2456 309 1901 2694 1437 2419 1948 2840 1624 1907 861 57 2626 1983 1431 217 1468 2312 2528 1895 2148 756 884 2411 2652 1358 2084 2130
000873.jpg,629 2677 1865 941 909 1949 882 281 1144 2161 84 2494 270 2627 327 1371 76 907 1184 1916 1283 275 2346 474 475 940 123 2503 1541 1768 1502 2421 2572 1206 1198 986 1754 853 1641 2072 2245 23 1928 1922 1004 820 1957 1207 1113 714 2179 2761 1108 1038 851 1166 1412 75 198 2216 750 115 1106 1798 396 1738 272 1558 1740 1343 2203 1175 2542 1087 334 1080 2726 1605 2154 384 1954 322 258 1222 2497 560 783 485 905 1687 2152 1263 1180 989 39 149 1203 409 1400 1423
000874.jpg,106 150 2152 96 2502 2263 1927 1632 2554 894 419 2153 1525 1371 1083 1605 1251 620 2678 2623 940 1661 732 2401 2567 2522 189 1032 2141 1364 214 621 2831 1171 45 181 1004 1727 2060 2572 2048 1856 2056 2737 644 1702 1280 2720 1749 1064 949 2705 2807 2562 2555 1726 2442 2203 1434 2441 1343 2841 198 2112 1318 2751 762 2111 1103 1797 1768 1214 474 171 84 1263 2761 1283 2612 2760 1536 2202 22 2245 1365 2571 1738 1108 2827 1336 387 2386 1914 1113 1288 2182 2643 636 2179 1999
000875.jpg,1672 1749 1178 834 2437 2700 2317 761 2058 2555 1277 1727 832 2249 1990 1836 16 44 1483 376 1447 34 2523 1713 1995 1469 2422 1714 47 1224 1838 1535 576 2202 1116 2129 2190 2745 2180 1176 2785 683 88 1346 695 1476 1914 1996 1044 132 777 983 1091 2547 824 2441 676 1161 2827 1847 617 1513 1856 95 1631 1425 596 1561 1228 465 940 1593 1773 1300 2522 1087 1795 291 1343 2111 1103 1785 115 1693 45 2112 1064 789 1364 2737 310 1004 2242 2056 36 853 783 2542 1488 949
000876.jpg,1948 1416 1096 1897 1362 497 1586 992 2046 2352 1218 2272 1051 2721 1569 2815 100 1860 562 1316 51 305 715 1796 1261 2556 64 2767 155 2755 2034 2241 259 1381 1584 1993 1782 1237 1123 2713 2213 1658 439 1640 1552 194 319 2836 1604 2650 1617 1307 1636 2045 1878 1496 168 2826 712 2628 2545 231 446 2133 530 48 2312 506 1437 2023 1045 260 2076 1286 1844 657 674 1981 900 611 563 451 770 1468 2088 978 1388 1901 906 201 2454 1810 2433 659 1046 2544 925 1369 1301 42
000877.jpg,2282 1290 2596 2064 1017 631 2049 1518 530 921 2140 451 1604 1301 2796 984 1058 1567 2093 2392 1237 446 1981 1879 607 1978 394 1002 1613 908 1119 2357 1909 2543 662 660 2257 2085 1621 1906 1673 1331 1614 852 1396 2259 813 918 2782 360 542 1145 1224 2262 1554 1066 700 942 243 1370 2696 2190 1384 1742 708 2827 2458 983 1804 2568 1178 1401 1853 1226 2410 2377 870 337 2111 1105 2441 54 2000 1206 1342 186 1713 2523 1527 966 1087 1074 949 2362 474 836 95 617 322 851
000878.jpg,536 340 121 979 569 2090 2227 2786 193 1132 332 988 1588 2668 36 176 1268 1065 2108 1431 1562 1393 1699 2117 2384 733 1449 1890 1033 2217 571 289 1888 866 1256 886 1418 142 1492 1553 2743 597 1686 500 554 21 1886 1430 2451 417 2267 2078 1793 555 2029 1236 1398 429 802 2380 199 427 2333 2415 432 361 62 1329 1499 1764 901 2335 868 893 1053 1668 672 2828 681 2568 2570 2839 680 400 292 1910 2038 302 2602 213 933 1266 2083 1399 2638 2566 1374 1038 878 2795
000879.jpg,2117 1431 733 36 1499 866 500 1699 2267 1236 1553 1430 432 2380 1492 680 142 1053 1886 2078 2333 1256 802 988 2217 199 878 868 2668 555 1890 429 289 1588 743 2029 554 681 332 536 1888 176 2423 1449 1562 340 427 121 193 2384 2227 1268 979 2108 2786 21 1398 2743 569 361 568 2568 1132 2451 1065 62 292 886 893 417 571 597 302 2415 1793 1418 901 1686 1033 78 1393 2090 1597 2224 634 24 426 1364 1478 1206 1149 2143 1320 2074 370 905 1865 76 323 2221
000880.jpg,204 2741 2135 1212 1606 899 2558 2842 137 116 1935 1463 1944 2766 2041 97 2728 725 165 1055 1134 1547 246 2825 1056 2068 1940 2207 2305 447 1130 1067 2511 1825 1986 2294 2435 722 1223 2506 79 692 1874 2813 2736 1126 1962 2057 1841 2248 494 350 790 362 1464 2665 2382 1677 647 677 2258 682 2292 305 1937 2719 146 2625 686 2683 657 1639 1901 1771 2393 480 2438 2319 442 1076 231 1796 2708 2286 2639 1899 1892 2569 2649 348 1656 2039 1934 2037 804 1592 1407 948 1998 1926
000881.jpg,1179 2792 945 1579 841 2491 9 1583 2328 1578 998 1977 2682 639 1791 118 567 2252 1470 1651 1920 2647 919 1769 382 887 2711 517 227 952 1667 1354 1063 778 1770 2778 2065 114 1531 1854 916 808 2723 2729 748 1585 1970 819 2042 982 2575 2225 930 763 1657 928 1819 1851 1864 2379 1662 2462 2017 1625 2334 196 98 225 2062 2061 1438 2059 1647 1475 2429 2687 2693 1961 721 999 1395 363 806 1921 2081 782 978 390 471 331 653 1635 1972 547 1026 1472 1465 200 1643 1386
000882.jpg,1272 1910 640 2210 2421 680 2520 13 1754 1038 2671 1949 1041 2578 1337 828 2267 1430 1616 1553 2380 1256 1236 2083 1699 2115 1886 244 40 2217 377 370 323 865 733 36 1189 2117 1960 698 1431 592 1132 1562 536 851 21 500 1588 988 2384 56 332 1521 1049 2451 417 569 193 955 1793 2090 1888 2032 289 2668 866 2227 121 2570 1890 2415 2162 979 609 2078 2828 340 1398 672 1668 119 1785 1891 142 2521 2047 743 2423 2108 839 2726 571 2602 1065 1033 617 2335 1836 199
000883.jpg,2713 715 100 1796 1569 2721 64 48 562 2545 305 2034 1640 439 155 51 2433 1453 2309 1490 1860 2650 201 2376 1901 563 2826 168 1148 1878 231 260 1123 1584 1316 2088 659 784 1948 1307 2289 2556 2272 817 486 26 2652 900 1437 1658 2424 348 559 1319 925 978 2007 1496 1369 2649 1428 1870 197 1782 204 606 2817 1051 2836 2714 2708 259 2337 2454 2084 1185 2815 1045 178 2769 1381 1656 319 1617 489 674 433 1848 2397 480 675 712 1606 1627 2626 1934 2213 611 1874 497
000884.jpg,1786 1257 1971 1106 2000 1451 1180 1357 1559 39 926 989 564 76 1818 751 2495 2281 1361 581 2288 2114 230 803 789 240 483 2579 2504 2054 2784 1801 2224 1996 2759 1207 2072 766 714 2785 2238 1091 251 1087 1672 2409 895 2540 328 777 93 1558 1590 614 341 1166 374 1300 1561 215 2242 898 1883 1137 1900 1230 1427 1928 646 1161 1178 101 1346 529 1898 364 1513 436 2040 1804 2695 832 1773 1683 29 572 2437 1115 1093 967 407 2381 1353 2277 293 1847 2700 291 1914 1535
000885.jpg,898 1207 1087 853 2072 714 1558 1300 1197 2066 1561 1928 2113 1213 2493 1166 2409 614 895 465 1590 93 617 304 2178 540 1115 803 1785 1137 2324 2546 2242 1631 1389 634 1535 2542 1257 676 483 24 291 2430 2143 1689 1597 1346 2024 1593 2784 426 1883 1175 1228 485 499 1773 1513 1161 1334 1333 310 1019 2827 1353 1798 1685 407 954 251 149 2054 1427 1298 940 63 1093 2656 1847 182 76 1786 2022 1343 727 2441 240 2112 374 1693 1951 739 1971 1004 589 1434 2149 1106 1306
000886.jpg,1371 2502 2152 1113 2263 1525 214 2572 2623 1280 2841 2348 1605 2141 851 1602 1661 327 1866 1139 629 106 1865 1953 2678 1738 2751 1171 2567 1214 1032 2401 22 96 621 1659 744 1632 1364 1927 420 1960 2726 609 1084 1397 2768 2522 924 2612 510 2109 941 1488 1064 1251 189 957 2521 84 2203 2056 2705 38 171 2404 2182 2831 2162 894 2060 40 45 117 2153 2554 2760 183 1144 1744 2303 1184 2030 1283 2179 148 23 2216 2677 592 419 20 236 1687 1891 2608 1365 1203 1726 1766
000887.jpg,1132 1588 213 121 536 1728 707 988 193 1533 2408 757 569 2090 135 2295 558 754 2756 967 2320 2533 29 2413 36 1149 1478 184 1448 2615 2021 1231 286 2638 1849 2172 1945 1265 1719 119 1804 340 2354 1431 232 332 1268 80 424 2673 520 2078 1296 1492 1699 2024 91 1236 24 2117 1256 1886 802 2143 218 142 1553 2260 1430 1383 2566 866 426 733 2224 568 1597 1228 1984 1269 1562 2743 1785 2668 293 19 868 555 1867 2217 2235 1890 2380 2227 1888 1033 432 2384 1722 983
000888.jpg,1929 1275 2806 295 1730 2687 2301 2407 268 484 1008 1026 655 999 108 726 331 2429 2059 1831 2236 1655 452 467 1706 1022 1662 534 628 753 2285 927 1789 1220 1378 131 430 2398 2062 1912 464 806 2634 840 1475 53 389 758 780 31 326 2244 1273 1875 2715 2698 33 1843 1039 580 1297 495 1097 1438 159 471 1465 643 1822 418 241 1293 2773 782 1941 2765 2690 1503 200 1018 478 2693 2470 89 1481 1143 390 1011 1635 314 1124 2053 2467 1472 125 1967 1692 363 1715 2632
000889.jpg,1752 2556 2367 950 1316 1146 1496 1965 1636 2069 1202 518 2815 2389 59 2272 1799 1545 2082 4 626 2300 1737 1102 1386 1926 2628 1840 2631 2790 194 613 85 1051 312 188 221 987 2270 2832 1656 826 2501 943 817 2241 2477 1934 556 1405 2439 635 1658 440 2352 1624 547 266 2817 2044 283 965 1407 2528 1319 1045 331 2774 274 1218 2499 526 1692 2812 1428 864 1381 2397 2250 2770 1314 994 1544 2411 430 2119 1974 611 608 655 670 2681 1730 633 1864 1461 134 2181 1117 1627
000890.jpg,1349 1025 1 1520 307 2727 2399 234 1572 352 969 913 551 342 1059 2340 1242 1514 1571 203 1618 273 1509 127 1540 697 2524 1366 262 2607 17 2226 2633 1807 1539 2339 1295 888 1660 573 557 147 2104 472 2138 1629 317 71 642 1803 195 1837 2431 1338 2444 1480 846 958 2255 2175 961 2385 2529 810 537 1824 511 1270 2412 2403 2717 372 2100 600 1925 385 1215 2811 1445 2486 1735 2635 687 667 1698 685 1811 1982 718 1619 814 428 1816 1863 2246 2273 2834 2710 1815 2338
000891.jpg,197 2439 1993 1417 1489 463 1710 712 1658 1045 1701 860 1437 900 2375 2649 1870 1782 2836 550 480 2241 348 1369 1381 2289 26 559 1486 925 2419 1663 2628 179 2767 260 1422 2397 2050 1544 433 489 2084 1468 2424 2130 1656 1552 1934 2082 970 2826 1545 2832 1102 312 2454 2840 735 1624 1617 1146 445 1407 1307 524 188 1328 1218 2574 659 1983 2312 943 1253 1029 2790 904 1737 1319 563 1644 2501 59 440 1840 977 1926 2652 2528 4 947 1054 2270 2389 2769 1386 2515 2044 626
000892.jpg,2414 1177 107 1507 2604 2641 2176 55 397 728 2550 1104 1669 1194 575 2019 834 2058 761 1727 1277 2555 1749 1691 2249 400 2661 1995 2437 1483 2317 2754 584 1672 20 827 1523 479 2726 376 1044 1469 1957 384 1401 306 2573 272 831 115 1641 1990 2494 1738 1288 2214 2700 905 2179 2162 409 896 373 2203 1203 198 738 1482 327 2216 15 2521 2288 713 1744 560 1420 1785 1447 39 1222 2182 1529 2567 1922 609 333 2620 1449 510 289 1535 1106 2488 2695 1836 1228 1257 845 2497
000893.jpg,2068 1067 2511 1547 79 2665 722 1134 246 2842 350 2305 137 204 116 1463 2135 1606 2741 899 1212 97 1935 2041 2766 804 1962 140 686 329 2598 442 2580 1868 1452 2736 1076 1464 2825 1126 2292 2436 2319 2558 2382 447 692 2728 1055 2248 1940 725 1130 1183 2813 2506 2258 790 2286 948 2719 1944 2294 165 2207 1841 362 1825 2393 1986 12 1901 1937 1056 1639 205 1453 974 168 480 531 1591 1362 563 925 1490 1870 1777 2090 2034 1006 1369 1045 231 1499 2624 104 2649 1533 1264
000894.jpg,1272 729 1910 2513 2798 1337 2629 2520 2428 13 2539 2210 640 1429 2083 2671 2578 680 2120 1070 2221 2031 865 377 1266 828 2038 2570 1399 964 933 1668 2640 2032 672 1952 2116 2335 358 2839 1189 2808 571 2227 1521 2421 2786 323 2602 2828 1793 1764 2795 500 56 2048 1374 1329 766 1806 1364 2238 1949 691 2717 328 370 2415 1768 1553 506 1420 171 45 1430 762 2387 2056 2249 2451 569 1562 2401 1880 2108 2668 2384 1251 1844 2571 427 1754 2612 1431 861 713 2047 2522 1074 1797
000895.jpg,1870 2649 925 1369 26 348 480 2454 2769 2714 550 179 663 2538 1422 712 1417 2375 1710 1489 860 1701 1045 2130 2638 1782 463 1624 1644 1658 1381 2817 2836 2241 24 2143 1796 2528 2411 704 1934 892 817 1630 1926 421 2050 983 1431 1930 2790 1265 1492 197 1407 802 1743 332 746 2123 445 1360 1656 1910 1948 988 289 1535 1993 142 1337 733 1569 135 260 1617 1888 866 2332 832 1319 2356 188 555 2078 1478 2659 1358 1328 1029 1686 1393 305 1102 2090 2044 1588 570 2832 48
000896.jpg,197 1417 1489 1701 1710 860 1993 2439 2084 1870 463 348 2649 1658 489 925 1045 26 2628 712 1788 2424 900 1437 480 550 1782 1381 1369 179 606 1218 2397 2836 433 2289 2241 2767 1663 2790 2050 1307 1328 2769 2826 2001 2515 1261 2034 1656 1054 1627 2130 1253 1649 1624 1407 1102 817 2375 1029 2724 1617 559 1934 260 1486 2419 2753 1118 2312 2832 2454 563 1544 2501 2652 1190 1051 1910 1644 1468 1981 2817 1411 178 1926 2088 2044 947 169 2713 2574 622 221 1878 1796 2528 524 904
000897.jpg,564 1180 2495 926 2288 2281 1818 39 1357 230 1786 1106 76 1257 1971 751 2114 1996 989 1559 777 581 2000 2224 1451 1091 1361 2785 803 1224 1116 341 1713 2129 1714 683 2317 1683 1044 1914 2700 1900 374 47 1836 1207 2180 1990 761 2579 2381 1346 2422 832 1178 2202 1561 215 2745 1898 2523 1838 1672 2190 2238 2437 88 1476 1447 2072 1995 34 436 44 766 614 1093 2249 1469 328 407 576 2296 676 737 1353 2040 2555 895 1856 2242 1801 2446 1535 1137 2695 16 1483 1798 93
000898.jpg,269 1548 2315 1980 2702 2685 531 2359 676 1940 1397 420 1443 1462 126 368 73 2768 2074 1767 277 1986 1114 931 2746 104 2000 1916 1711 1725 1599 1423 2 1833 315 1570 1938 475 2346 1720 2161 1602 751 2494 2663 767 1088 165 1488 205 889 702 1605 2568 1130 1183 2128 2506 380 1954 1508 1738 2624 1821 1340 745 1830 339 1793 2656 1825 2217 1784 2015 1723 1845 431 437 250 1324 327 1603 182 465 796 1841 1608 848 1106 1357 1272 1641 1418 2179 362 1252 1256 1853 325 694
000899.jpg,727 658 589 1175 485 2066 2113 1389 1951 304 1213 2178 898 761 1306 1087 2546 2072 834 714 1207 1300 1558 1115 1727 1749 783 2555 1361 2249 1798 2058 1394 1277 2022 853 1785 2054 614 949 1801 2179 1333 16 2000 1738 1451 2242 1230 1995 1343 1228 2787 1184 2203 1502 1161 327 2726 1288 1447 2317 272 2521 1605 1074 594 75 2216 1957 2737 1561 63 1683 1488 1703 1019 851 2494 420 1093 1363 407 479 2114 1559 510 322 1298 1693 940 1420 1137 691 713 581 2410 1166 1064 789
000900.jpg,1145 2636 1688 72 2009 1784 1089 2274 164 172 1404 1415 174 694 1808 1100 2775 1241 1155 156 99 2577 2722 460 2747 1023 141 1976 731 461 2098 2055 612 1047 1872 401 760 453 816 2469 1160 595 823 1163 1201 2163 2655 477 1717 208 2126 2074 2679 177 1510 1085 1599 2829 2587 2122 981 1628 380 1826 1903 1071 399 437 1233 2733 144 2648 2161 73 1530 2781 1667 827 2684 2106 1797 2460 2388 345 400 1232 748 530 1835 2661 2530 1063 1401 1619 996 462 1517 1237 2709 1078
000901.jpg,2025 2669 192 225 61 207 1787 2396 2794 2280 2173 209 838 139 1781 245 1780 239 654 2164 1127 408 356 296 1282 2091 49 525 1506 1141 418 1274 52 653 2693 290 2232 1481 27 1555 383 2311 1755 2017 2470 1472 2070 1248 2244 1465 780 1435 806 786 2053 1505 625 1011 1356 216 1037 534 1475 679 1124 1924 2236 53 2531 363 1662 471 1140 346 1635 1961 2429 1438 1598 1967 2059 113 2690 390 999 936 484 2806 1568 1715 2557 331 1216 2467 31 2565 455 858 402 2285
000902.jpg,197 1417 1701 1710 1489 860 2084 2001 489 900 2424 463 1307 712 1437 348 445 1870 1190 2439 1486 1782 606 1045 2769 2649 1658 2397 2574 1468 1788 2515 2767 1910 559 1253 1381 2826 480 2501 2044 1624 1369 2076 1029 26 925 2289 2419 904 1934 1218 2753 260 179 674 2011 2628 1627 2312 2652 2241 563 1102 1656 1993 1054 2832 1663 1319 1328 2375 2712 817 645 675 2050 1617 1649 134 1208 312 2454 1544 947 2836 2308 2840 433 2724 1981 1428 550 1948 188 2817 1552 1123 977 1983
000903.jpg,2394 1946 105 1778 1970 2711 778 11 1657 517 1854 114 883 382 1770 2536 825 416 779 2729 928 765 1142 311 1246 118 2336 2446 2723 1403 916 2793 1239 975 2697 1210 282 2642 579 175 2718 1454 7 1367 2434 2097 94 2519 462 490 808 1574 599 2284 666 2647 227 2560 923 2087 2349 2742 1020 1136 615 2417 66 2824 1105 567 153 1920 2147 2005 1368 1040 2209 14 652 1583 1424 354 1985 1271 515 1396 337 330 512 717 678 1100 2537 2065 2696 812 1292 639 610 1634
000904.jpg,1834 2015 1252 951 18 2818 2663 2 1842 601 2077 2478 431 2777 70 2772 1125 1753 2510 2561 1839 1035 1759 2757 1557 522 2622 2667 315 2161 1390 2624 2686 1938 1114 2000 1833 529 1801 414 1443 962 2320 2728 848 1747 1693 202 931 889 754 364 1075 1845 436 2656 1798 249 1406 1830 1012 29 404 395 2533 2644 1418 737 581 2021 646 1810 779 2324 126 702 597 803 417 1786 101 424 929 286 1686 215 818 2566 1165 2149 1241 627 1107 310 1559 93 2673 2509 2786 19
000905.jpg,1146 1752 1202 2389 59 1545 4 2367 1799 518 626 1737 2082 950 2556 1386 2270 312 1316 826 188 2832 2477 556 1102 987 85 2501 2300 1934 1636 1405 547 1656 635 2631 2069 943 2790 221 2044 611 1624 1926 283 1840 1496 1319 613 266 1407 2628 68 480 1644 274 2528 1965 2440 1157 238 2144 2534 705 2250 271 1563 2551 2322 440 526 2241 28 994 663 1997 864 2181 1339 817 2419 1408 2119 1468 1942 1721 925 633 505 2411 348 553 2312 2500 904 1915 1870 2008 2439 1117
000906.jpg,1948 1096 1416 1362 1897 497 1586 992 2046 2352 2272 1569 2721 1051 1218 2815 1316 2556 1860 100 305 2713 2034 562 715 1496 260 2312 1796 2826 1261 1658 259 1381 201 2241 1552 155 1237 1636 51 231 611 1901 2767 1468 925 659 1437 2714 64 48 1782 2397 2650 1878 987 2628 1604 2133 712 2088 1123 1369 2544 194 2213 439 657 904 1617 1366 1934 1640 168 319 1319 2832 451 1993 900 1148 978 1307 1407 563 2790 1981 2433 2454 1518 312 1422 2412 2545 1045 559 1584 348 2082
000907.jpg,2437 1672 2317 16 44 1483 376 1447 1469 1990 2700 1995 761 2249 1749 1178 832 1836 47 834 1727 2058 2555 1277 1838 1044 1535 2180 1224 1713 2129 115 1425 1116 683 1714 2523 2202 34 1346 1593 940 2745 1795 576 1914 2190 1476 1103 1004 2422 1228 1304 2522 2112 198 291 1847 2695 1064 983 2831 95 2497 676 1176 1867 1849 1161 1434 45 1523 75 2056 1251 1343 1203 2182 1364 2785 1513 845 1773 905 88 1999 2571 60 596 949 1288 2737 2441 1722 1785 2566 2216 182 2827 707
000908.jpg,2389 59 1545 4 2367 1202 1799 626 1146 1737 2082 1752 1386 2270 950 2477 826 547 188 556 518 1491 996 2530 611 1319 271 266 345 283 312 1942 2692 2440 987 2501 1408 1181 613 904 1934 2832 2312 134 635 716 526 1117 1725 274 1405 864 2069 2144 368 2813 85 2375 2675 1555 237 2044 68 2499 994 1692 2527 1468 771 608 2205 2681 2148 978 2008 433 2370 553 2610 1708 1302 1172 2393 2556 2119 508 1639 1461 1157 2208 670 1316 2343 1988 2059 719 2534 2500 705 2814
000909.jpg,1993 197 900 1437 2767 1486 1663 2439 1307 2836 1782 1054 712 1045 1208 463 1489 2419 1617 559 1710 1381 1468 1552 1328 260 947 2241 2130 1417 1444 2076 674 134 1658 1679 860 1701 445 906 2707 2011 1544 645 169 2050 904 563 2837 2424 1623 2826 1983 2515 2133 1422 1649 2840 259 1253 2312 2397 1261 1029 489 51 2628 1369 2084 1123 2088 348 2652 1860 1218 735 1878 319 179 26 2574 2454 1870 2544 440 1948 550 480 2769 433 2649 978 925 965 1190 2289 769 1788 2375 2714
000910.jpg,121 536 193 2090 569 1699 988 1132 1430 1553 1256 1588 2380 2267 1236 1886 2217 340 36 2117 332 1268 427 1431 1793 733 901 2415 2568 866 2227 979 142 500 1492 2668 2786 1890 176 2078 1499 554 2029 2384 289 1888 555 1562 2423 743 1449 1053 2108 2333 802 680 21 868 2743 199 2451 432 429 1033 1393 571 1038 681 417 1272 1398 1668 1418 1754 361 886 2421 1686 213 878 426 2143 1065 2602 597 568 1597 62 2115 24 2638 1910 1041 2335 323 1329 119 1478 2570 1061
000911.jpg,2070 1506 1141 383 455 1262 2232 1356 1140 2470 654 113 216 1505 525 1248 1435 245 625 2669 2311 2137 139 679 49 408 1598 1282 2025 209 192 822 1568 1780 356 61 838 2565 296 1124 252 1787 2396 2173 858 1127 2280 27 2017 2053 207 2794 1274 225 1781 1024 1037 239 2693 2164 1918 1967 2765 758 1635 1715 418 1662 799 363 2505 2465 786 805 2091 478 402 1011 390 653 1021 52 471 290 1612 314 1018 936 1481 464 1500 1395 131 1472 1755 1050 1706 1503 1438 495
000912.jpg,2385 641 991 262 234 888 2771 1572 913 1373 2399 1295 1520 1025 372 1807 1 2727 1863 2104 551 2524 2619 307 2215 2139 342 273 1925 1366 1824 2776 2158 2717 1619 1349 741 2092 1814 2635 203 2273 1615 2607 1480 1660 2833 2371 1735 1539 667 2834 472 814 2633 2517 687 2731 223 1509 2431 1816 583 1081 2529 127 1540 1982 2269 428 1059 1421 46 557 299 2223 1242 1071 352 2797 879 2844 588 2672 1009 1815 386 969 2184 2460 2541 2253 1571 1196 1497 837 718 385 133 1530
000913.jpg,2267 1430 1236 1553 2380 1699 1256 1886 2117 680 2217 36 1272 1431 733 569 121 500 536 193 427 988 743 1793 1499 340 2415 2423 2210 901 2421 2568 2227 2671 332 866 2668 13 979 1492 2520 142 1038 1754 2090 640 1910 2786 1132 1949 176 2469 1041 2078 1562 1890 2384 1628 1449 2108 1588 73 289 2115 292 954 1888 1957 21 272 370 1616 2542 1064 2522 853 2038 1785 2451 1668 149 1712 75 1685 45 1760 2074 2056 568 940 1222 831 905 1053 2214 554 479 1004 432 380
000914.jpg,555 802 142 1492 868 2029 1890 2078 429 554 1053 289 1888 878 2743 1562 866 199 176 2668 2384 2333 1431 681 432 1393 361 21 1398 2451 1033 62 417 2108 1686 332 886 597 1418 2227 302 2786 78 680 893 979 36 2117 733 1588 340 1268 292 1065 500 743 2423 988 1132 1699 536 1499 1256 569 1553 121 1430 2217 1886 1449 1236 2267 571 427 2380 193 1478 568 707 1038 1535 2568 1597 2415 213 2421 2408 901 1668 29 1754 1342 1529 1849 2224 24 323 609 424 1793
000915.jpg,2502 2152 2841 1371 2567 214 2263 106 1661 1113 1605 1525 2623 1171 924 2572 1214 2751 1865 22 2348 2109 1032 327 189 1602 1927 1139 1280 96 2216 1288 1632 2060 1703 2554 419 45 621 1364 1363 1251 2522 2056 894 2831 2401 851 1738 2705 2141 2153 2182 420 1953 1866 1064 2768 1488 2678 2179 1397 474 941 171 2203 1727 198 510 1957 84 783 1222 834 2760 2521 2313 2571 236 272 1749 1641 2497 2726 1203 940 905 75 1283 183 1785 2245 629 953 1144 949 2555 1206 2608 2214
000916.jpg,340 2227 979 2786 2668 332 176 2108 536 1562 2384 569 289 1065 1890 1393 1888 865 554 121 1431 988 36 2451 2090 1033 1449 193 21 2117 2743 142 1492 571 1132 1699 1588 1418 1686 417 1553 1398 868 866 500 2029 1256 2078 2217 1430 886 733 555 429 2798 597 2120 2038 680 2267 729 2333 2031 361 1053 1268 199 1266 802 432 1070 964 1236 1886 1399 2380 2335 1952 427 1329 1793 62 2629 2539 1499 1038 1429 681 2421 2221 1272 2570 1764 358 2428 893 2839 1754 901 878
000917.jpg,1487 1471 953 924 956 1882 1400 154 1922 2573 1802 2468 2620 1687 115 2494 1199 795 732 1726 1227 644 342 1025 620 476 2194 1995 423 181 2768 2749 2688 2442 1761 1059 2823 551 724 420 2179 1911 2297 196 387 1397 2740 2678 2347 448 909 1153 1626 1260 2261 669 1524 2720 661 1702 2368 546 1372 971 2171 2043 1605 1083 1832 1880 2684 1541 759 226 2498 829 279 2476 434 650 475 1318 53 2474 1953 2586 922 1234 1336 794 1488 1482 210 1502 2266 2643 148 1805 1611 2346
000918.jpg,2185 2584 1694 1440 1411 1684 2616 1129 2298 386 143 1630 665 1294 1446 2271 2529 2363 2481 787 1112 1360 718 1939 810 1258 958 638 2246 30 1445 1270 2619 2517 71 557 2460 1514 795 879 1925 299 1982 2139 1619 2833 1887 1291 2749 1238 267 2844 147 1814 1373 2468 697 273 262 888 2356 667 2092 1926 2269 2576 1863 1589 1551 2672 1877 2535 2455 2556 1993 2371 428 2731 1045 133 2039 2771 641 2776 511 891 2439 685 796 2595 1029 2206 440 790 1776 1474 51 1542 745 706
000919.jpg,1993 197 2767 2439 1782 1045 712 1663 1054 2836 1381 947 1444 900 2241 1617 463 1328 1679 1658 1307 1437 1218 1544 1422 1261 1710 2130 169 2050 2837 550 51 1649 1623 260 2840 645 2628 1486 1489 2707 445 1123 1029 1552 134 2133 305 2011 563 1948 2649 2515 1417 1369 1860 440 1796 735 2826 2312 1468 925 992 1208 2088 1416 489 1870 2454 259 179 26 348 2424 1253 1640 319 674 1569 2289 2412 2076 1190 2084 1878 1897 2046 562 480 904 2735 1362 559 1051 860 155 2713 2650
000920.jpg,1146 1752 2389 59 1202 1545 4 2367 2082 1737 626 1799 518 1386 2270 950 188 556 312 987 2556 2832 1316 2300 826 547 1102 85 2477 2501 1934 1636 611 2631 1319 2044 1926 1405 2312 2790 635 1840 904 1656 2069 1468 283 221 1624 266 978 613 1407 2528 2411 2681 943 2148 134 152 260 1496 2397 274 440 864 526 817 2191 2419 480 2574 1339 2534 1775 1148 2119 2241 1873 1644 68 994 1563 2144 735 120 2424 563 1157 2689 2181 2250 1864 705 2440 1942 2500 1544 271 996
000921.jpg,2600 1681 1705 942 2085 487 337 966 1742 1384 2458 2543 1495 1614 1331 1673 360 2257 2696 1853 54 1695 1000 710 2782 2259 660 1508 1893 542 1370 791 1739 2369 2660 2664 1978 50 908 1002 813 1554 1031 2803 2262 1396 355 243 1565 1906 1287 984 747 1119 1676 1920 1058 1528 451 852 2796 1320 320 208 1479 2587 2140 1105 1301 770 1682 921 1604 595 2357 2134 2074 907 265 639 2154 1770 2755 78 1510 909 1225 416 1902 893 1237 1954 2647 2436 1267 351 2064 362 883 2598
000922.jpg,204 2558 2741 2135 899 1212 1606 1944 2842 2766 137 1935 116 2728 1463 1055 725 165 2041 1056 2825 97 2207 447 1940 1547 1134 2294 1825 1986 246 1130 2068 2305 2511 2435 1067 692 2736 1874 1126 1223 494 2506 2057 1841 790 1962 722 362 1677 79 2813 677 2625 2292 442 2719 2258 647 2248 682 657 1892 1771 2382 2665 1464 305 480 2683 1901 686 350 2319 2438 2037 2082 1796 1656 1926 146 2649 1899 1102 1934 348 2708 2528 1407 2039 1870 1545 2044 1737 188 231 2411 817 2790
000923.jpg,1083 6 582 285 1221 546 1702 2643 1260 759 181 732 620 807 1797 1697 2807 922 1188 1318 2171 2816 2043 1858 1723 1891 2810 1536 636 2278 661 2666 475 2194 2261 1456 752 37 2346 1763 1541 2749 2313 468 650 1603 2168 669 1284 1082 1865 1227 2425 1916 2476 2268 476 1153 594 820 1882 2048 298 2056 973 2167 45 2489 2522 1090 148 2118 387 1064 1846 1856 1283 586 829 1251 1308 459 443 270 122 462 1768 353 2761 1761 1482 2111 2688 1110 1108 229 2442 2086 2733 1364
000924.jpg,280 2418 1580 1861 57 210 1792 1072 2125 793 1859 1665 570 689 2461 1930 1392 2004 2838 1276 1034 1758 421 2456 422 1234 2229 294 2581 2174 704 2039 756 746 2186 77 1193 2123 1551 2327 1292 2356 797 1887 2694 2206 493 2659 720 170 242 1575 884 1724 1350 934 1358 1377 438 2330 2374 158 1279 1576 857 1664 287 82 2155 1776 1345 798 861 2116 1348 2513 885 1432 217 1169 457 1375 2427 264 1675 2187 130 2455 2386 1609 2189 2484 801 1716 2548 2198 2332 2211 2127 1030
000925.jpg,564 1180 926 2281 2495 2288 1818 39 1357 230 1786 76 1106 1257 1971 751 1559 1996 777 2114 989 2000 2224 581 1451 1091 1361 2785 1116 2129 803 1224 1714 1713 683 341 1207 1346 1836 1044 2180 2700 2422 1914 2072 1683 47 832 2317 2437 1137 1178 2523 761 34 1990 614 1561 1672 2202 1476 88 1900 2745 1995 44 676 1087 1838 895 1898 2238 1447 374 215 2190 436 93 407 2249 2579 16 853 2494 766 1093 2242 1535 714 1469 376 1590 1483 737 1693 2695 576 1593 328 2296
000926.jpg,2809 1473 12 1876 1721 682 433 2438 1895 178 161 2057 2435 627 1406 1627 769 2708 1874 574 2289 608 173 2569 2084 2110 622 1592 1390 1055 2657 598 1439 2676 2660 494 2626 2670 368 2482 2375 2732 202 274 2291 1788 2051 1944 1330 2813 2728 906 252 444 67 664 1012 2183 255 677 491 489 249 657 2683 1725 2800 74 1899 2757 1185 994 637 523 1491 2617 146 2622 1606 2598 1992 2307 696 1639 2552 1759 1775 671 2735 647 217 904 1223 197 1428 313 394 345 1253 1433
000927.jpg,2252 1651 1977 2491 2682 2328 1179 1578 1579 1583 841 639 1063 945 2310 2723 887 1531 1920 998 916 1470 118 1791 517 227 9 2647 2792 1566 748 2660 1368 982 1367 515 382 919 114 2042 1239 567 2065 778 1667 2711 1354 928 952 607 1769 2778 2488 1854 2225 819 1657 1211 671 512 1585 2482 532 311 2028 1956 492 696 808 2729 1708 2814 1970 1625 930 1154 911 394 662 906 455 2806 98 631 1879 2349 196 799 2507 763 1299 1168 2565 1262 295 1473 2465 2505 486 2512
000928.jpg,472 1803 2444 127 2138 1607 1059 2758 1341 342 551 2063 1811 2385 1069 262 2738 888 1421 600 1530 1355 160 1964 317 1078 1828 405 1509 846 2094 1167 1338 573 17 642 1652 41 2614 2595 2208 2835 2266 352 2399 912 2820 1295 1807 2412 1060 2100 2231 1619 1159 166 2255 2486 147 2635 2710 1622 1571 667 1925 1540 2811 641 203 2455 1373 403 90 2484 154 195 687 1264 2013 892 345 1524 2709 1698 226 1520 2776 1982 1815 1863 2340 1814 913 577 2796 2771 1324 1215 46 961
