1371 2152 214 2263 1113 1525 2502 2572 2623 1280 2141 1661 2841 327 106 2348 1605 1602 1865 1139 851 1032 1953 1866 2678 2109 1144 1927 96 2567 2751 1171 1632 941 189 84 924 629 609 2060 1084 894 2554 957 419 621 2153 1659 2522 1214 1738 38 22 1960 2401 1364 420 1488 1064 1251 1397 2768 2056 940 2421 183 171 744 1283 2162 1685 2831 2521 1343 1004 45 510 2203 150 2404 2112 844 2726 481 954 1203 509 2705 133 2115 1766 1108 149 1365 1727 198 2182 1749 1038 244
1102 85 1656 1934 2790 2044 2501 312 2832 2817 1624 1644 817 1926 987 943 2528 2411 1407 221 2300 188 635 1405 1319 2270 2034 2082 1146 1796 556 611 1386 2389 2545 1870 4 1545 2256 480 1737 1202 1752 2289 2312 2649 2842 547 1190 1029 197 712 2826 260 2397 1417 348 2084 2424 518 1630 59 2574 2367 445 925 135 2766 626 550 899 259 26 1360 137 563 2454 463 1369 705 2840 489 1658 2189 1253 2439 134 179 1045 2689 2246 116 2375 665 904 204 2213 447 1468 1112
410 1079 811 112 248 434 1133 648 1516 2746 544 843 2549 365 2219 1783 1005 709 605 186 538 2290 1894 1424 1243 435 1573 1311 2730 2364 1131 2151 717 1110 2788 338 1309 1634 1670 1040 2341 253 1707 742 257 610 1731 1581 1454 1871 1966 1794 2830 1020 1546 937 2560 1138 1379 94 1800 870 1007 2609 1969 881 1968 883 593 2613 2095 730 1645 288 1466 2516 1511 2680 1325 1779 1946 1526 664 2145 2843 535 2299 1385 2251 2763 519 336 2653 2302 1992 2780 2102 2196 1747 2417
2809 12 1473 1721 1876 1895 2375 433 2289 197 1330 178 2657 1737 1627 769 217 67 1870 2389 255 608 2477 2367 622 2084 2724 1677 4 1545 188 2650 626 2250 2397 1788 2445 1934 463 2435 627 2626 2312 1491 348 1029 682 994 1656 817 996 904 2530 606 26 2110 1926 2037 489 950 59 2817 274 2649 1202 1411 345 508 2208 1752 1253 2501 1055 637 2753 2427 2438 2716 1185 1468 912 2424 1172 2676 1417 550 1892 1319 1725 925 494 2440 970 2670 140 1102 480 312 1771 368
2523 2422 34 1224 1838 1116 1714 1228 2180 1713 1178 683 47 1161 1847 1773 1513 1795 1785 2129 1990 676 499 617 2700 2202 1093 2785 2745 777 2190 1914 1996 407 1672 1091 832 576 983 465 1836 581 2493 2242 1898 1476 1865 88 2111 1856 2437 2114 1176 1561 695 1683 2441 2827 1535 1346 132 95 824 1727 2317 2555 230 834 761 1300 1693 310 2547 1213 2542 766 2000 1971 2066 2238 1749 2058 328 596 341 1115 1277 1786 483 1743 1353 949 1357 540 1371 1593 988 1631 926 2249
1656 2817 2044 1624 1644 2790 1934 1102 817 2528 2411 2501 1926 1407 312 2832 85 987 943 2034 221 1796 188 2545 2300 1319 635 1405 155 305 611 100 1569 48 1870 2721 925 2213 2649 1640 480 2826 1630 439 201 2082 59 348 715 1584 26 1545 51 2270 1146 1369 2309 2616 2842 550 64 260 1360 2185 1737 712 2389 659 2312 1417 626 899 1453 1658 556 562 197 135 2766 4 2454 563 892 2439 2295 2289 1782 1202 1386 2638 787 2741 179 1045 2455 204 1411 1901 2713 2256
277 767 1938 1443 1833 889 2686 1747 2496 2315 2702 1980 2510 2532 211 431 2685 1460 369 1989 2818 951 1834 1418 70 2015 1252 1277 1065 1342 1686 1272 1390 2384 2668 1557 713 1910 13 886 1074 2522 597 341 1908 2478 2571 36 1711 1322 1562 332 1793 1035 417 617 1839 2335 2245 997 2108 20 2058 488 2116 2451 500 1064 2777 738 569 1047 824 258 1996 1605 770 1593 1561 2497 2463 2249 2578 45 903 1841 1353 1320 1203 1263 1759 1343 2784 2077 1743 1371 2757 988 2622 2154
2624 1845 2601 126 2471 578 2276 848 1830 702 1908 103 1323 297 688 931 1235 1767 990 1186 1413 2314 1114 1391 502 284 1608 768 835 1340 1107 250 1720 1821 903 2388 65 684 1254 1975 1310 1512 1559 1916 522 1106 2346 2478 2656 2772 2777 745 475 767 2077 1605 803 1397 581 325 2000 2768 2841 1125 1839 1139 2706 988 420 2787 1080 1753 1953 1298 1671 2109 1801 1232 2036 8 1683 737 364 2535 1474 1207 1723 1434 304 461 2149 1230 1693 1451 2113 1965 2178 1213 407 310
1659 327 2303 117 275 1198 1205 1084 2791 2030 23 2263 2572 1184 2623 1525 2494 1280 1371 2573 1080 1687 1979 2678 2203 1922 1502 1400 2222 38 2179 1488 690 1602 1738 2620 510 2521 1960 2677 20 2348 420 2768 1726 2128 454 1397 205 796 594 214 1199 1537 167 851 2162 1744 2726 953 148 2132 924 2115 281 1661 1471 1616 1591 1425 40 244 425 298 1866 2421 907 498 1038 2014 1696 1605 1144 1641 1139 2124 629 163 466 592 1113 39 1754 1061 474 2109 396 609 1785 1449
2267 2380 1236 1553 1430 1886 1699 1256 2117 2217 193 36 1431 121 536 500 569 733 427 988 680 866 1499 1793 901 332 2415 340 1132 743 2668 2423 2568 1492 2078 2227 142 2090 1038 1272 1588 1562 2421 2387 1890 979 2786 1754 289 21 2115 2384 176 1910 1041 554 1616 244 2210 1888 2451 2108 2333 802 2743 1628 568 292 1053 199 1597 429 2671 1398 1033 2143 24 417 868 2029 380 634 555 1233 1449 2224 426 437 1668 1535 73 1393 2828 361 853 609 1686 520 1785 571
2091 239 2794 1781 2164 1127 1274 653 1472 2280 2173 290 2693 1021 27 2017 1780 1011 2531 1961 1303 838 799 209 1024 2765 1475 2236 2232 408 1896 139 643 1843 1140 1124 216 356 1282 1555 314 1924 1376 331 2285 1339 390 2059 225 2053 726 1635 296 1647 1568 561 449 1356 2812 1037 1050 2061 268 113 1967 1317 1395 495 805 33 1756 2028 2610 734 2505 2465 1692 1755 49 1715 999 1941 478 1048 1216 1921 464 2025 1875 2099 1187 1972 2774 1662 1506 1706 1829 532 1918 430
2823 2508 2351 388 498 163 1556 1669 2169 897 1637 1104 2124 466 1061 473 2366 1194 2156 1098 2645 752 2014 2023 1621 577 499 425 728 1426 2432 540 1879 2260 1144 1321 1785 306 474 217 1719 213 2604 2493 2296 1270 1200 409 55 1326 2595 1838 230 2550 416 2128 1180 810 2281 2793 836 2176 1939 683 2288 2414 558 1654 1330 1736 2725 1052 985 907 2750 1818 1258 834 128 2572 2324 2214 255 2071 123 1906 831 384 1222 1066 1116 1224 955 560 1689 1420 2180 442 1367 617
1298 1343 1434 1333 940 1019 182 2112 2737 63 149 1004 1685 954 949 1760 1712 783 2542 1999 1103 2022 198 75 2497 2016 1304 1749 60 1727 2555 310 376 1483 2656 2441 2827 1447 2058 834 1469 1277 617 1561 2149 1693 1593 2566 832 596 1535 2202 1269 1836 2249 95 2111 16 1176 983 1867 2190 2745 2522 2744 1722 1856 1529 2390 1733 520 1064 232 1914 424 576 2056 2615 499 1197 19 45 2785 695 761 397 88 2116 2176 2217 1849 132 1661 1448 1087 1346 1945 366 1038 979
1141 2070 1506 2025 2669 192 1781 2164 1780 383 1127 2794 225 209 139 61 2280 654 838 2173 239 245 2091 27 525 1356 1787 2396 207 1472 1274 2232 1435 2311 408 1961 216 356 1282 1505 1248 1598 49 296 625 679 653 1555 2017 2693 858 1216 449 1140 1924 2053 1124 2470 113 1011 1475 290 2531 418 1021 2565 1635 455 252 390 1967 1715 1037 52 1662 1438 33 1568 471 1262 2316 618 1941 200 999 2429 2343 1481 1647 331 1187 314 1050 1299 1168 2765 2406 1648 2059 2236
835 1254 903 1107 1310 284 684 1512 1340 502 1608 65 2388 1975 990 250 1908 1720 1821 768 2471 2601 2276 297 702 578 2579 307 1235 2258 931 2624 2230 1458 1907 1620 1114 581 1013 1622 1413 1767 1791 398 969 1845 1830 577 2100 2486 328 777 1315 317 1323 2386 2079 2160 259 2759 103 1186 2727 951 1336 2818 407 603 1274 300 126 2702 1942 1509 1898 848 442 240 2612 219 309 830 335 2440 2238 1 2340 349 1194 2510 2008 2087 1996 1338 2315 2648 2783 1841 600 2704
2229 294 746 704 1664 1724 1575 1358 857 421 1776 2456 756 493 1034 1792 1350 1457 801 228 2332 885 2590 1375 1665 570 57 210 548 77 1930 263 1861 2004 720 656 1887 1758 2418 2174 1877 1043 689 2039 1229 1234 2739 280 706 1580 2125 2327 1542 1191 2123 2659 2356 2461 1859 2321 1551 1392 2838 793 2374 1072 2330 1276 2186 366 2672 976 797 1947 1765 2581 133 859 2184 242 2694 588 1193 422 583 1279 2206 1196 158 1365 287 2541 925 26 2454 1497 2649 1086 663 798
5 2725 2457 844 1515 509 2464 1889 957 609 2404 1766 2448 1696 744 1426 2115 244 1616 466 2128 375 2124 1326 1754 2421 498 306 473 425 2014 1038 2366 1061 815 163 1637 1602 214 1987 1556 388 2348 2751 2351 2109 1171 510 2508 2521 1214 22 1477 1738 1945 1866 520 1953 2227 1605 19 2179 420 1139 1488 119 2566 1537 2056 536 979 690 1529 1296 80 424 2726 2522 2354 289 2786 1722 2572 1610 2408 142 468 1397 2078 2203 1383 1891 1661 232 1269 2451 707 21 1492 1064
2250 238 1563 28 2181 505 523 2552 2500 175 313 587 1827 633 2283 2716 2119 2527 2689 705 1746 2681 972 503 2534 2370 1741 849 458 152 1896 711 2365 1335 2322 734 1852 772 2819 92 726 1680 354 81 847 999 1339 2674 504 2144 1532 1704 331 655 2479 2193 2191 2236 2099 430 484 1111 2059 2052 1475 534 478 1278 1472 2693 1503 2429 2592 1730 602 1275 53 330 2557 2301 1376 2806 268 1708 1929 1662 1332 120 390 2407 1715 2687 1303 1967 671 1187 2742 1635 806 2177
1752 1316 1636 2628 2241 1146 2556 1840 2367 1658 518 950 1496 1965 2439 2815 1799 1202 1381 712 1045 2069 1051 2082 2272 2389 1218 188 194 1240 1544 59 2270 1721 440 965 2836 1545 2300 4 1782 2352 2189 1386 1737 85 312 2832 1422 1102 626 2501 556 2588 1261 735 826 480 231 1934 179 197 613 2130 1405 563 221 987 2826 2050 1656 1870 978 550 705 925 2790 663 238 2477 943 2649 1148 348 266 283 2840 1775 795 1629 559 547 2312 1428 900 168 1468 2397 1437 1624
352 1539 2797 557 2473 891 2138 2844 2175 879 2460 2833 90 2139 2269 299 2371 2092 1366 428 2403 1349 2226 1480 1242 1816 264 2363 1619 1982 1925 1549 1520 2576 2455 2607 741 2484 1660 1 2776 2633 307 2727 837 2710 2709 667 160 2731 273 1540 1571 147 2340 1159 1009 1078 1814 349 1862 1863 969 17 2094 2524 892 1238 267 1815 2811 2100 1291 454 1803 685 1622 846 1698 1618 1509 2399 1025 1934 2255 2595 1530 2063 2338 2501 2158 234 262 642 46 2738 1060 1338 195 472
540 407 2242 310 2441 1561 1093 617 2827 1856 2111 1346 1535 1091 1914 2785 1631 777 983 1593 949 1996 783 766 1343 2413 2202 2238 940 558 2190 1898 1448 95 2112 2745 2737 2542 2615 2295 291 1087 135 1298 898 1434 853 832 1176 1693 182 1004 596 2493 695 1558 328 24 2656 1019 149 1683 132 465 751 88 2016 63 230 2072 2114 1928 576 2143 1945 1103 1166 1476 1597 634 1689 1590 1207 2149 1999 499 581 1197 979 426 2430 1760 2227 1033 1713 520 1685 1785 1749 2409
2281 230 2288 564 1180 1818 926 39 2495 1357 1996 1786 76 777 1106 751 1257 1091 1971 2224 2114 2785 2000 1538 2324 1559 2489 2699 1846 1836 1593 834 2132 343 55 1528 2058 397 2555 1856 206 1841 1914 2294 2791 1476 2493 728 1751 2239 1727 2073 1194 989 2445 1749 1986 2027 2278 792 2221 657 362 2111 1535 2734 2296 1057 807 2390 940 2303 1434 1714 2428 2176 2554 2744 2737 255 1260 744 1347 2629 1433 1844 2453 592 394 1632 2041 327 1979 1204 2704 1825 2603 2573 541 1804
2362 2512 850 2218 1504 222 2691 1911 1436 1933 1305 1790 2355 935 836 2071 2096 1628 73 2645 981 897 2750 477 2587 437 1321 1098 2074 1599 399 208 380 2156 2163 1510 755 461 401 453 1233 1638 2055 1976 1736 2450 2342 1145 595 760 1806 2469 2432 141 1717 2201 823 2161 1267 99 1709 1872 1023 2420 1052 2126 731 2655 1682 177 816 2122 2679 1559 272 2777 15 1106 831 2421 2463 588 896 2829 2214 1200 1263 2772 560 1957 1085 2000 384 583 1163 1749 1903 1047 783 1420
1146 2389 1752 1799 1202 59 1545 4 2367 2082 518 626 1737 2270 188 1240 1721 556 1386 312 987 2832 85 950 2477 1316 1405 2556 2300 826 635 2501 1934 2588 1102 547 2189 1656 795 1629 2790 611 1926 943 283 221 1319 1636 1624 2044 1407 266 2312 1840 2528 2069 613 1644 1468 904 480 2397 2411 2241 817 2628 2817 260 274 705 348 1339 2826 68 2439 2789 1658 2289 2148 2551 2440 271 197 2322 925 1157 2534 2181 994 526 2597 712 440 864 633 1864 2842 1563 2250 28
757 1728 1231 754 1533 2756 2021 2320 2533 1149 29 2673 2172 286 218 293 2224 536 2090 340 1719 1588 213 121 332 569 1132 1562 2638 2078 2227 988 2024 979 24 2668 1890 1804 289 739 2384 426 1888 119 1033 142 2217 2786 1597 1492 1268 1296 2143 967 36 707 176 2295 1383 555 2430 2828 2472 1699 193 1265 1689 802 672 135 21 2333 429 2743 251 1256 1478 1984 2108 1553 545 1431 558 1393 417 419 733 1870 2413 568 364 1430 1065 80 1927 886 597 1793 2178 1632
346 2821 2467 2690 52 1481 418 1008 471 1438 786 207 936 806 1662 402 363 2407 2429 478 1465 534 484 2470 290 1220 2244 780 2059 61 108 2301 2398 753 1273 2687 225 2465 2505 758 53 628 1730 331 655 192 1378 2669 999 2025 1822 1022 389 1275 840 1831 1140 1918 452 1026 1787 2611 2806 2634 1929 467 2062 1692 2698 1048 643 430 1097 241 654 138 2236 295 1143 1293 1780 464 1503 2142 326 2632 2061 782 580 726 1039 2285 1303 1655 2557 1568 1921 1706 2794 1018
2580 1452 686 140 2598 2436 1868 804 329 1076 1464 2248 1777 2813 2382 2286 79 1185 1067 1639 1944 2294 1874 2728 948 67 146 2665 682 2068 657 899 2393 2842 12 204 491 137 2708 1055 425 2583 1592 722 627 2558 1810 2569 725 1212 677 1606 2509 1223 2135 2320 2057 1134 2719 1937 2657 2021 2825 2319 417 1897 246 1199 158 2741 597 447 165 2282 249 482 2438 202 2815 1362 754 242 62 426 494 1586 988 2756 2000 119 1406 2143 2533 2133 388 2423 2732 1558 1075 1547
196 353 776 2474 98 1625 869 1819 2361 1864 1963 1643 585 233 2067 2462 2353 701 1042 2256 910 2334 2103 276 2081 781 809 1402 1970 1344 282 871 2157 790 1583 639 2027 1246 2363 2264 118 825 2792 2336 952 66 2101 2669 919 1366 1667 1574 1 998 2582 1354 1920 2396 2076 2186 1520 1816 2460 1751 1598 685 2711 557 2065 1985 2740 2092 2434 307 192 2727 402 654 625 2436 2319 1925 1579 2429 1730 2536 1465 1481 2139 765 929 2491 936 2232 858 206 2806 2647 423 346
1929 1275 2806 295 1730 2687 2301 2407 331 655 1026 1655 999 1008 268 108 726 2236 484 2059 2429 1831 430 1706 467 534 1378 452 1789 1662 1022 1912 1220 927 464 131 2244 753 1475 806 2398 53 2062 628 1503 2634 840 780 1297 418 2285 2698 1822 471 1273 1481 389 1438 1037 478 2470 241 2715 2142 758 1124 2693 1875 1465 31 1140 314 33 2053 363 1039 1635 1011 1097 390 1293 125 1143 782 786 1303 200 495 643 52 391 1923 2773 1967 326 1715 1843 159 580 2611
2414 1177 2641 397 2176 2604 55 728 1669 1104 1194 107 1507 2550 2019 575 1691 2754 584 2326 831 834 1957 736 896 272 2214 409 15 560 2360 1523 384 1482 373 1203 1529 2390 940 845 985 187 1420 979 1222 2744 2234 198 2112 2566 1004 1467 2159 1690 738 1733 1450 1434 2227 1028 2080 479 2737 149 993 2695 2154 19 1727 1748 1712 289 2555 133 2726 1641 21 680 761 400 327 1016 1836 1919 1749 713 1144 1867 2572 2107 182 1343 2383 306 75 1785 1722 1225 954 2451
2809 1473 12 1876 1721 433 769 2289 2110 2375 1895 274 608 994 664 526 864 1677 197 161 2438 2367 950 1752 368 1892 1788 1725 2499 1771 523 2435 1942 192 2037 2146 271 444 1056 2286 1592 282 1868 2625 2250 2284 1627 216 2440 522 1639 2051 2622 68 2389 2482 2650 494 2813 682 677 2061 1018 1314 553 872 1899 140 939 764 2069 1692 430 1777 904 239 1408 1439 315 59 2393 505 2569 508 1435 2397 1117 1563 28 782 2632 2181 625 2018 2774 146 2008 134 225 2144
2269 2371 428 2139 299 2833 2092 2576 1982 2727 1549 264 667 2776 2844 2484 1814 2455 1122 741 837 307 557 2460 1009 1 1520 1589 352 1925 879 1815 1159 2063 2731 1735 2797 2631 2399 1025 2189 1619 2473 90 1539 403 1863 234 1366 891 226 1338 685 2412 317 349 2100 1816 2403 2363 1622 936 600 1480 2486 1438 17 2273 2710 1118 195 471 2467 786 1824 1140 203 1625 478 551 2505 2465 2821 2610 1698 1291 518 2158 342 2709 1618 1918 1822 1395 1921 805 1071 1862 402 1540
239 2280 2091 2173 2794 27 525 209 2164 1781 139 838 245 1127 1505 2232 1472 2311 654 216 1435 1248 1598 408 1274 113 625 1282 49 858 2693 1356 679 356 383 296 1780 2396 1555 653 1961 2565 2025 1787 252 2017 1216 2053 1506 1124 2669 225 2137 1475 1037 1140 449 1568 2531 1011 822 1021 1924 1967 1635 390 2236 1715 1755 207 455 290 314 799 1662 782 61 2059 1647 344 1262 1050 1018 331 643 2429 1692 999 726 2765 192 534 2406 2062 1187 1706 721 2611 2632 1648
1113 2141 621 183 270 2152 1768 2048 45 1283 2522 2056 2761 1364 1251 171 2401 1064 2502 1108 2182 1371 2760 941 84 2612 2841 2608 236 2705 2831 214 1525 629 959 2263 1288 1703 2216 1139 1365 1560 565 1605 333 506 1363 986 2572 1953 851 2720 744 2116 1844 1280 2442 42 1987 2562 2677 2348 2623 106 1286 1596 940 2807 2503 1880 198 1865 1536 644 815 1144 909 75 2497 1661 1602 1004 2688 327 1960 1866 783 398 957 1949 609 971 150 387 1032 905 2278 636 2188 713
2011 645 1444 2707 1623 1679 2837 1054 1649 1328 169 947 1663 735 1617 2767 1544 2050 440 1782 445 2130 2836 1381 1261 1045 2840 2439 712 965 1840 1993 2241 1658 1029 1253 1218 1422 51 1552 134 2628 319 2287 2735 179 463 1307 1775 1710 1489 1948 2649 197 550 489 2352 2046 1416 2454 1437 674 1860 2084 1445 900 992 30 1369 1870 155 2650 2312 348 769 860 26 1208 1640 1123 1417 2076 305 2769 194 1586 497 259 1362 2150 563 1486 2133 1788 562 1897 480 925 1468 906
629 1949 2677 1144 941 1865 1371 2421 2572 327 1960 84 1038 2152 851 2161 1661 1525 214 1113 1754 2263 909 2210 40 1723 244 1616 2502 1659 2571 270 1283 23 640 592 1602 281 1605 2678 609 2115 1987 882 481 745 2623 106 594 2494 1108 37 1891 815 1041 275 2348 1766 940 1064 690 96 2141 1080 325 2720 2056 2573 1272 2224 474 1927 1738 13 2216 2116 1336 117 1632 45 1199 2203 2522 1757 1671 1687 2058 1749 1184 744 834 1032 396 482 2503 2671 894 1474 1006 2404
574 2291 2057 2683 2639 1223 647 494 1874 2435 146 1899 1931 2526 482 2704 939 2220 1439 1433 1944 2089 255 657 2445 2183 2427 217 1330 677 2708 2569 682 1185 1592 491 2051 2438 2657 637 2308 1056 2712 1055 1757 1777 1088 2617 2813 2728 521 2294 619 1937 1365 725 1868 329 2719 2248 598 2286 2382 1949 2506 140 790 686 1639 2393 1998 804 1477 1892 974 2000 1798 986 2513 1771 1464 962 1987 249 1754 529 364 1038 948 2037 844 1012 2207 1725 2499 1515 368 531 1677 2421
197 463 2375 1993 2439 433 2289 1417 1710 712 1489 1701 1045 2840 1658 1788 860 2628 550 26 348 2769 2241 2454 2836 1870 1369 925 900 769 179 1663 480 1437 2649 1782 1422 1544 2130 2826 1253 559 1218 659 1840 1486 1468 2050 1381 134 2650 1895 2397 260 1319 2082 188 489 2419 817 1926 1172 445 1552 735 904 611 1029 2312 1656 1624 1054 2270 563 2084 1307 161 2767 524 2652 51 59 1934 2817 2574 2528 440 2044 1627 1051 2133 977 2424 1644 970 1737 2790 2034 168 947
2043 2171 2810 2666 2816 650 1891 1723 475 2346 1916 759 2643 1702 807 1260 620 181 732 1797 1188 820 6 285 546 1697 582 1221 1541 411 1603 1083 1858 1882 420 1397 1605 2768 372 750 468 2502 334 922 148 1139 2152 2841 510 1865 2521 1153 1738 2179 1074 594 2362 2749 2807 691 1456 2203 2476 1502 1420 469 713 1284 1322 2410 1515 956 215 1206 1412 1703 844 1570 690 272 1023 1957 560 2214 1342 1014 371 1846 851 831 258 388 2240 2463 2107 752 973 1222 2066 351
1656 2790 2817 1102 817 1926 1644 1624 1934 2044 2528 2501 2411 1407 85 2832 312 943 221 987 2300 188 1405 635 1319 611 1146 1796 2034 1870 480 925 1630 1737 4 1360 2649 550 2082 2545 26 1545 1369 348 1752 712 2270 556 2312 463 2574 2389 1029 2397 626 59 1202 2185 2454 1190 2826 260 1386 892 2367 197 2246 135 1468 2842 899 179 665 904 2638 2084 1417 345 2424 1045 1869 2455 1782 489 2256 2477 283 1112 2295 1888 2289 2616 787 186 1393 1411 709 1055 1009 1684
1918 478 1303 1438 471 936 402 1140 363 1662 1472 1273 786 806 726 430 2429 2059 534 999 1921 2061 2505 2465 2402 721 1972 1647 484 655 2693 331 2690 2244 1475 1465 2236 1780 561 780 799 1395 1317 2470 1037 1756 2053 290 2698 1635 758 1124 390 53 1967 1568 314 805 2467 418 1715 1050 1127 1274 27 1503 1755 2821 1481 1008 389 1692 52 207 1187 643 2407 1648 2301 2611 2406 1378 1822 2687 391 1831 782 225 1022 346 653 2531 1018 1118 268 1011 2557 1506 1275 2794
2843 257 1871 1731 2609 1138 288 2613 1800 416 1645 1707 742 730 392 338 1419 1466 937 301 2377 2331 535 1527 1068 1894 678 2830 1131 749 1379 1243 2290 2299 855 1007 2243 1794 774 2196 2492 2560 2251 821 1174 593 2746 2087 707 1581 2408 2364 1516 336 1094 881 1850 1968 112 1020 1670 2519 1573 2151 2005 1936 673 2697 1005 2680 2417 1132 870 435 19 1142 1478 519 2572 1992 1913 610 1311 2549 213 80 99 1588 1309 332 424 1040 2354 1495 2006 536 365 1442 2516 1269
1083 6 582 285 1221 546 1702 2643 1260 759 807 181 732 620 1797 1697 2807 922 2816 1188 1891 1723 2171 1858 2278 2043 1318 2749 1536 636 2666 2810 661 2194 475 1541 2261 752 2313 1456 45 1603 2346 2056 468 650 37 2522 1064 1882 820 669 1763 1916 2425 2168 973 2476 1251 1865 594 2048 1856 2118 476 1284 1364 1227 2608 1153 2111 236 387 148 2760 829 2442 1283 2733 1015 1880 462 1560 1090 1285 2386 270 980 2633 1914 1768 1610 258 2684 1082 2268 1110 42 750 298
1830 848 702 2471 2624 2601 126 1845 931 1908 578 2276 1767 1114 103 297 688 1323 990 1235 284 1413 502 1186 1608 2314 1391 835 768 1107 250 1720 1340 1821 903 1310 1512 1254 65 2388 522 684 1975 2656 2000 962 2149 1559 1798 1801 581 767 1426 850 395 954 529 1357 1230 737 1298 1106 1839 304 2777 2113 1965 1916 215 461 572 2772 2561 2542 1125 2787 2706 2644 2497 650 1213 2152 1203 2077 386 803 1440 1753 70 2178 1905 2036 1685 1748 601 15 2815 2475 1786 1832
1548 269 2315 1980 1462 2359 1183 2702 2685 65 2251 1749 1020 465 1300 2161 1131 676 2058 1573 1865 1581 834 1277 1243 2568 881 855 810 1711 609 1810 2560 1288 2015 870 1720 2437 2182 499 2005 913 36 1703 1088 1815 1660 183 71 761 1968 1401 2074 2760 115 2746 1599 45 76 193 1363 1342 2818 2243 2077 2554 2290 2423 568 2056 2583 73 2087 1252 277 2522 1512 229 1672 2249 424 1094 1628 404 520 1904 2518 19 1850 2478 2830 2415 2700 1834 2509 1073 1821 942 1455 2217
1697 2167 181 1188 759 2643 732 620 922 1702 1797 1260 546 2268 298 1763 807 459 285 1221 1456 582 6 37 1090 1083 2807 1318 1082 1284 2171 1308 2816 2749 636 1285 2043 661 1536 586 752 1882 973 448 2666 2261 2194 1541 1227 669 411 1858 2168 829 1570 2468 2476 650 476 1891 980 820 2810 122 1884 475 2118 1153 1723 1911 443 1006 1610 1015 468 2425 936 1524 758 2631 478 795 2821 1283 154 1200 1108 1603 2278 1761 1438 471 956 1220 1612 346 2346 1096 2498 1481
1339 1376 1896 152 734 2674 458 2819 1532 1741 847 849 2099 2191 2228 2500 2479 313 1827 2681 972 505 1335 330 28 354 1873 2283 872 587 523 671 2181 1563 175 2028 532 2177 1708 120 2742 2552 2814 633 696 238 1956 261 2610 1099 2265 92 2199 1543 2716 2527 2306 2119 1135 2557 1314 2789 2052 1955 890 1917 2322 602 2250 2193 2773 653 533 1885 649 2144 1746 2597 2592 1111 1852 1704 1961 316 2017 2237 503 1109 705 2812 1332 740 1799 1327 2212 1117 771 2693 2534 1278
629 2677 281 941 2627 1949 543 1144 396 117 1198 1591 84 1960 909 2303 327 2494 1205 1865 23 1184 270 851 1371 275 1283 2503 1113 1768 2761 2726 1080 2161 1987 2841 2030 2152 815 1659 2162 2791 183 1744 907 2720 2263 1525 40 167 2203 2222 1502 481 1880 2502 474 1217 2572 1108 2048 1661 1232 1641 1139 2421 1738 592 1263 2179 1979 594 1199 1802 621 1798 940 1922 1423 1687 1207 1570 609 2573 38 744 2245 1766 20 171 783 498 1637 76 962 2448 2141 2058 1064 214
1870 2649 925 1369 26 348 480 2454 2769 2714 550 179 663 2538 1422 712 1417 2375 860 1710 1045 1489 2130 1624 1701 463 2817 1658 2528 1644 1545 1782 1934 817 2241 1381 1737 2501 197 2411 2836 188 260 626 524 4 1656 1319 2389 312 1029 2840 445 611 1468 2832 1146 2312 2790 2050 1617 2439 135 1926 2004 421 59 1102 1328 2235 2044 746 1407 2638 2332 1930 689 1337 2356 489 2039 1796 1054 970 305 570 2419 1202 2088 1544 283 1193 900 2011 1190 345 518 91 659 559
540 2242 310 1561 407 617 2441 2827 1346 1535 1856 1593 1093 2111 1091 1914 983 2785 1631 2542 1343 949 291 1693 777 95 1996 2190 940 766 898 2656 2112 783 2202 2737 853 1087 2238 1298 2413 1176 695 1898 832 558 2149 1448 1689 2745 596 24 1004 1434 1558 634 2615 2143 182 1166 465 1197 2295 2430 2493 1743 1928 1683 1597 2072 132 2016 1019 1590 135 1207 1334 2409 751 895 426 149 88 499 714 1103 93 63 2024 1685 954 510 2521 576 328 979 1333 1836 1476 1602
924 2573 1687 1400 1471 1487 275 327 1922 953 2620 2494 1713 1714 1116 2422 34 1178 2523 2129 1199 115 1224 683 47 2180 1838 676 1995 796 1044 1449 1726 2700 2303 1990 2678 454 1836 1672 2572 117 777 1659 832 38 1080 1346 1476 2745 2791 2437 1802 1914 2202 88 2476 23 2030 2785 1205 1502 690 2317 465 1184 2263 1488 1371 1996 761 2190 2079 576 2179 1535 1198 2111 300 1176 1091 2348 230 1856 2160 762 1425 423 420 1315 2222 2768 1593 1738 1180 2203 2281 2547 1084 983
2528 2411 1644 1624 1407 2817 2044 817 1656 1934 2501 2790 1926 1102 312 2832 987 85 943 188 1319 221 635 1405 2300 611 59 2389 1545 626 2082 1737 2270 556 4 2256 1146 1386 2034 1468 1799 1360 904 2477 547 1417 1796 2367 480 826 348 2397 2312 345 1630 2185 260 283 1202 925 2826 2545 197 1710 1437 900 1240 1870 996 271 1048 2530 1725 2419 2766 1411 274 266 1369 2842 1491 2689 1692 2208 2692 526 559 2534 1489 2652 643 1339 2370 2774 670 524 1892 608 2306 2625
730 1466 338 2516 1526 1511 1442 1969 1325 2843 1007 2102 2145 406 1707 1992 1779 1385 257 773 1894 2763 191 1670 519 1079 112 336 811 1871 410 2302 186 1516 1165 1424 2730 2290 1379 2377 248 544 1498 1731 870 365 1968 937 1311 2788 435 881 2364 1005 1068 2830 717 800 1455 1634 2560 1309 1131 742 1850 1243 2549 1581 821 1454 648 1040 1794 709 2151 1783 610 1138 2341 605 253 749 2746 1020 1966 1573 1527 2006 2299 2609 1174 1094 94 392 288 678 538 1133 2492 2394
472 127 1803 2063 403 1159 1060 317 2266 226 17 1815 2455 667 2484 1338 1530 846 264 2094 2412 573 2138 1607 888 1078 600 262 2255 342 2811 160 1828 1341 1421 551 687 1509 2385 1982 1964 2835 1735 1059 2820 2738 2758 1069 405 1925 2614 1863 837 2444 642 1009 1814 2486 428 1619 1807 2776 90 2100 1295 352 2844 577 537 1811 2189 2731 2431 1622 1589 1585 166 2371 299 2595 1167 1324 2633 1571 2607 1122 1652 2403 1660 2338 2710 2833 741 385 1373 2797 1345 879 195 1862
2045 2023 1584 2755 747 258 770 1796 463 26 1035 230 1980 19 417 1701 1870 1029 817 1369 1722 1673 2034 1489 660 1926 465 197 1301 926 1728 2649 597 542 2259 480 860 530 2790 2300 2817 925 424 1707 1190 2685 498 2545 1996 186 348 1839 2282 1739 2415 1305 54 1888 360 1102 550 2454 2083 2217 1330 1656 2108 1237 1065 712 2257 2296 1189 1562 901 1256 2745 1370 1853 843 1910 1337 1516 1624 2782 2735 1417 576 440 1793 1844 606 2702 1307 2424 248 425 648 2315 1073
2023 1584 2045 2755 747 258 770 1320 2545 1796 2034 2134 1285 973 2118 19 1628 1015 500 1660 446 1499 1722 1976 1256 155 713 2463 597 2085 1750 1562 2074 2607 1342 1980 424 2217 1599 2056 2633 1423 2249 1064 2108 940 2182 745 461 1703 45 1047 2613 1288 1707 1401 498 905 783 834 64 1867 980 437 1865 691 1605 1138 2245 1731 2362 417 1286 868 1884 2760 2522 2128 325 289 439 1740 229 171 2216 1074 76 236 1986 474 2831 985 1681 270 2668 73 2282 773 2566 2415
1272 1910 680 40 851 2421 640 1949 1960 2210 592 13 1038 2578 2520 1754 1430 1232 2162 1744 2726 2671 1041 2267 1553 2083 244 2217 828 1236 1256 36 500 193 2380 2117 733 323 2387 1699 1616 629 20 37 1661 2571 2058 609 2115 1401 370 1221 988 940 744 377 1283 1431 1203 2521 1793 1886 2451 285 1364 2182 2401 510 2203 2469 1336 2415 21 2760 2677 1865 6 1749 1768 536 834 844 713 1337 198 2497 594 1004 1891 1836 39 1342 1065 1434 2522 807 1108 954 2152 569
505 523 28 1563 2181 175 2500 238 2552 2283 313 1827 587 1896 734 152 1741 458 2250 1339 2716 2119 847 2819 849 2674 2527 705 972 633 2689 2534 2681 1532 2370 1746 2365 2479 1376 354 81 503 2099 92 1335 2191 1852 330 504 711 1708 2322 772 1680 1704 2144 2193 671 120 2557 2742 2177 1278 2059 2028 1730 532 696 2592 602 1111 484 108 2052 2285 1275 2301 2228 999 1929 1386 1912 2806 274 125 2440 1692 534 2693 31 864 2398 2236 2597 271 1117 994 1543 753 788
1339 1896 734 1376 2674 847 152 1741 2191 458 313 2283 1827 2500 2819 1532 505 523 849 28 2099 1563 2479 175 2181 238 587 972 354 2552 330 2228 1708 2250 671 2119 2716 696 633 1335 2681 503 2028 2742 2177 2527 532 2597 705 1746 92 711 772 2193 1680 2322 1956 2610 2370 1852 2365 120 2534 2689 2814 2592 1386 547 2052 81 2397 2367 653 559 2082 2419 1428 1437 1135 261 611 2007 188 2270 1873 2307 2344 2652 2812 526 1099 274 2236 2440 1319 1414 1473 2774 1092 1314
1113 2141 621 2152 1768 2522 2048 2056 1364 1251 183 45 270 2401 171 2761 1283 1064 2502 2182 2612 1108 1371 2760 2608 236 2841 2831 2705 84 941 214 1525 2263 1288 1703 959 2216 629 1139 565 506 1953 1365 1605 2572 2116 333 1844 1363 986 1560 851 744 42 2348 2720 1280 1865 1286 1144 1602 2442 2562 2623 1866 940 1596 106 2503 1880 198 1004 75 1960 644 1536 327 2497 398 609 620 2591 2807 1797 2677 783 1661 1949 1987 732 229 815 1738 2448 636 957 1798 2425 2278
1481 418 52 806 780 1465 2244 534 2470 207 2429 484 786 1662 2059 53 1438 471 999 225 61 2690 1273 290 363 726 936 402 346 2821 192 2698 2467 2025 478 2669 2301 331 2236 1140 1918 1475 2687 1831 655 1275 268 344 758 1730 1780 2407 1008 1929 2806 1787 2465 2505 389 1378 2053 430 1124 108 2693 295 391 1503 1022 452 1037 653 840 2557 2285 2061 654 131 1822 1655 1303 1127 467 27 1706 2396 753 643 1921 1692 464 390 2611 1220 2398 1715 1635 1647 33 1039
807 1260 1858 1221 285 1570 6 298 1697 582 546 922 1188 2313 1456 448 2643 468 1702 122 1284 759 181 37 732 620 1797 1015 2268 973 372 980 1083 1884 1285 411 38 650 2666 2171 2118 1610 167 189 2162 2726 2554 2194 459 1153 1032 454 1541 894 2261 2153 820 281 2060 1744 1227 1763 2167 419 1891 2677 1723 275 2749 1960 117 475 2303 2816 750 84 2425 2222 334 2791 1283 592 2043 2810 1916 20 476 115 2346 96 661 2476 1502 1927 23 1525 106 629 669 1603
2792 998 118 567 1583 1791 2711 9 1179 778 952 2065 1579 919 808 841 1854 945 2491 1354 382 2682 517 2328 1977 1769 1970 2778 2252 639 1578 1470 2647 916 227 114 1920 1770 1667 2729 1651 930 763 1531 887 982 748 1657 2575 928 2723 1063 98 2225 2042 776 2361 1819 2379 2334 914 353 1864 1851 2284 175 1635 390 2531 152 1967 1595 812 35 2301 2146 471 2462 1438 2059 999 1351 1503 819 505 2018 2557 1475 1018 2465 2505 363 2270 503 1741 134 484 1924 108 1625
2794 2091 239 27 2164 1781 525 2173 2280 209 1505 139 216 1435 2311 113 1356 1248 1127 838 245 654 1472 625 1598 679 1274 383 858 2232 252 1780 2693 49 408 2137 356 1282 1961 2565 296 2025 1555 1787 653 2396 1506 1124 2053 1140 1568 1216 822 1475 2017 2669 449 1037 1011 1647 225 1635 2531 782 390 1967 344 1018 1924 1692 643 1050 1715 455 2236 1262 1972 2062 721 2061 1187 331 1021 799 1706 2632 314 2402 1662 1048 2406 2070 2611 464 1612 192 207 1755 726 1317
727 589 1306 1175 485 658 1951 2787 1798 646 2054 293 2113 2066 1213 304 2178 1361 962 2323 1334 1230 2546 572 2644 529 395 1207 853 714 1427 1451 2072 76 1394 1558 1115 2540 614 898 1087 1559 251 1166 374 1928 1312 1801 1137 2409 803 2000 436 1389 215 93 1883 1683 1785 895 101 1106 1900 1786 2784 364 634 545 1300 1257 737 1590 2149 1971 2656 2430 1197 989 1333 341 2381 426 1597 2759 2143 581 2022 954 2040 2324 1693 483 1353 1605 2024 24 1685 2277 240 2542
1810 2509 202 1075 67 1001 2121 2583 249 1012 2350 627 1406 1944 1055 1212 2057 2558 404 165 725 232 1195 899 2741 2825 1894 2728 1945 424 2135 520 2736 2294 1606 1594 388 137 2224 1609 2638 2207 2566 19 2766 1869 1707 24 2451 1223 338 2384 119 332 1728 21 1733 1722 499 1448 2143 751 550 1910 480 1478 2090 1033 1874 2291 892 2507 1383 2744 742 1463 362 187 135 2733 32 574 29 558 925 569 1935 1529 2533 988 163 902 447 1199 2435 2116 204 1984 1088 1841
1948 1096 1416 1362 1897 497 1586 992 2046 2213 1218 1630 712 1381 2241 1926 2817 1360 1045 2333 2300 899 2790 429 1569 2721 1051 1212 1261 2481 1796 1658 1684 2741 1782 2185 925 2150 2135 137 1316 2598 817 665 202 2298 2246 1656 1644 866 1102 1329 1446 892 21 26 2454 1910 1431 305 2767 46 1934 2272 1411 1888 638 348 2766 2584 698 2735 955 733 787 2825 432 36 2078 1870 1369 1029 631 2616 2384 1810 85 1562 2836 480 2649 2312 142 289 463 2842 447 802 1860 1492
141 401 1145 453 2747 2055 595 208 99 1023 2098 2587 2469 2163 612 1717 731 1160 1047 2126 823 399 1510 2655 694 1784 172 1628 2009 461 2636 981 437 760 1976 174 1872 72 1233 73 380 1599 2074 477 2775 2722 1241 1201 1415 1688 1085 1911 164 2577 2161 177 156 816 460 2679 2122 2218 2829 1163 2274 1089 1436 1682 1903 1404 1459 222 1797 2691 341 379 1748 19 2624 2036 2362 577 1155 2512 745 1199 998 887 2706 520 861 1100 2725 2464 2612 1808 1826 1601 741 803
1699 193 571 332 1430 1553 569 988 1256 2029 2217 427 1886 121 554 2415 555 2743 2380 1065 2267 1890 1793 1236 340 536 2090 868 1888 2568 1431 2117 142 289 1033 1588 2423 176 1492 417 1393 901 56 323 2078 2032 2384 2333 979 1132 361 1668 1562 597 432 2451 743 1398 2602 2668 500 1268 62 1189 733 21 36 886 2786 866 1499 199 1053 2108 1418 2227 2578 1041 802 370 2047 1910 1374 1616 1038 681 1337 1686 429 893 2115 2421 244 157 1009 568 1521 1070 1399 837
557 352 879 2460 2363 1539 1366 1925 2710 2175 1816 1619 1982 299 1863 2269 2371 2139 2833 428 685 1549 2473 1480 2092 2138 2797 273 2226 1242 2576 2844 667 2607 1520 1 2727 307 741 1660 1025 891 2776 1509 160 2455 1078 2094 1530 2104 2633 2189 262 264 867 1807 403 1862 888 2731 969 2484 147 1238 127 814 2648 1295 2431 2403 1811 226 1803 267 1167 1373 2524 1735 1291 2412 385 472 90 1815 1349 577 1421 2444 1338 2268 687 1140 1814 1122 317 1355 2835 405 2399 1438
2769 348 1417 2454 860 925 1870 1369 480 26 2649 2714 1710 1489 1701 179 550 2538 663 1788 2375 712 1422 197 2130 2289 433 1045 463 769 1895 1658 2050 2439 2840 2836 2650 1029 1656 2241 161 1934 1782 2001 817 2817 2501 1319 2397 440 1926 188 1624 445 1381 1102 2628 1737 1146 1253 1627 1617 2826 2790 2082 1545 518 2044 59 260 735 1840 489 2300 2084 1752 1218 2528 1796 1544 134 904 2389 2842 524 4 1468 1663 2270 2574 900 2424 2312 1437 2367 1552 606 2767 2011 2832
1303 430 1037 478 1140 1472 1118 2236 655 2693 1475 2053 1124 1635 331 726 390 1050 1967 314 1715 1918 999 1187 2406 471 1438 2061 2059 27 1648 936 2505 2465 1972 1274 1921 484 402 1647 2402 1127 1756 2407 805 1662 1317 1273 721 799 1568 1755 806 2301 1395 1503 534 2429 561 2244 363 2698 1506 1780 1216 758 391 1143 643 786 780 1692 1008 1929 1465 1275 1822 53 216 31 268 2232 389 2690 2715 356 1378 653 1314 1011 296 2557 1831 2631 290 209 1097 239 2794 838
2713 2433 1453 1490 2309 1901 2376 201 2034 1860 2545 1796 100 2826 563 1148 305 260 168 231 48 715 562 2721 421 1878 155 1640 2650 439 2213 559 1569 704 64 204 857 1316 2842 2088 1123 659 2229 51 900 899 1307 480 1606 2135 1486 1350 294 1437 784 486 1665 2258 689 2769 1212 2312 1034 2515 2289 725 2461 1190 352 1940 210 188 2455 264 746 2123 26 570 1464 2004 2155 137 2039 2424 1496 1841 1369 2501 1792 1301 348 2714 2367 77 2840 57 2649 1337 1870 885
645 2011 1444 2837 2707 1649 1679 1623 169 1054 1617 2767 445 735 440 947 1328 1663 1544 2050 1782 2836 2840 2130 1261 1381 1045 965 1029 319 712 1552 1253 2439 2735 463 1422 1840 1658 134 51 1307 2241 2287 1993 1208 1437 659 179 550 2628 674 1486 1369 1775 197 900 2076 2649 489 260 559 1218 305 2088 2084 1870 480 1860 1640 2652 26 2419 348 562 1489 906 2454 2133 2826 1627 2424 155 2769 2574 259 2397 2312 925 2309 1468 201 1148 1796 769 1983 1123 2544 1202 904
2728 2294 2583 1055 1810 1944 165 627 2558 249 67 2509 2121 1406 1012 725 2207 1075 202 2719 1001 2506 1130 2350 2766 1452 2825 2580 1825 2292 2319 692 447 2598 686 2057 442 1962 1126 2436 1841 1986 1212 140 362 104 899 1067 2741 2736 1223 137 1940 388 750 79 2172 2135 574 2665 1869 286 2828 2387 494 29 2617 21 119 145 146 378 163 790 425 2258 1868 804 2384 2673 672 1553 289 637 1076 329 2657 1362 1558 158 1886 1057 2748 2533 482 498 2568 370 1897 2143
1788 1895 161 433 769 2289 2375 2482 2650 860 1417 1489 1710 1701 2769 197 348 2454 925 480 2714 1870 173 231 817 26 2501 2001 179 1369 168 1319 463 1934 2367 2044 2312 1148 1117 2389 2130 1253 550 2817 2649 611 996 1491 1029 2530 188 563 1656 59 1627 950 674 904 1993 1181 2084 1328 134 1624 2767 2764 1468 1926 2553 1775 1649 1782 626 1045 2840 345 100 4 2826 260 2652 312 987 489 2685 2836 2480 978 1640 1737 1545 2837 2538 51 2050 1386 547 2735 2528 1314
1419 392 301 2331 257 2843 1731 1871 2377 937 535 1527 1138 1894 2613 1707 2609 1645 1479 288 1200 1425 1800 416 519 742 1778 1387 1682 320 2341 2318 1495 338 253 1007 1992 339 336 1068 1131 1243 730 2763 1750 2245 1263 2299 713 2518 2410 1073 1385 1676 1455 99 821 676 905 1466 1498 2680 2420 1850 2830 1142 855 709 946 1020 2514 2249 629 2243 834 966 2463 744 1256 1342 2560 1779 19 2746 435 1309 2660 1442 1412 1322 2744 1040 1581 2390 863 1047 940 488 1628 2492
2437 2317 1672 16 1990 2700 1483 44 376 2249 1469 1447 1995 761 1178 1836 1749 832 47 834 2058 1838 1727 2555 2180 1044 1277 1535 2523 1714 1224 1713 683 1116 34 1425 2129 2202 2422 676 1346 940 1914 2745 1004 1476 1593 1103 576 2112 2190 1228 198 1304 1795 2497 95 291 2785 983 1865 88 269 1176 2522 2542 75 1434 182 1064 2182 1847 1161 1999 2831 2056 1343 596 45 1773 1251 2760 1364 1849 1785 149 1685 1760 1513 2737 2827 60 2441 1203 949 905 1867 2216 954 183
2049 2282 1290 2064 1017 530 2596 1518 1604 921 1567 2140 631 1301 1058 451 446 2796 1981 984 1237 2093 607 1879 2392 662 394 1909 908 1978 1002 1621 1105 2257 2357 1906 813 2696 1119 2512 472 1673 1396 2085 967 660 337 1554 1277 1401 1614 2410 1066 243 1006 2767 2372 1178 700 45 1331 2096 1364 1145 195 2543 1483 1308 2428 935 1064 1096 1806 836 355 1638 1074 852 1804 591 474 6 2648 1206 1698 1370 2522 506 325 1672 713 122 988 222 2182 2056 1820 37 2700 376
2716 2552 238 705 2500 2181 2681 2534 2365 2689 523 1563 81 28 2119 2370 175 2527 505 849 587 2250 313 1827 2283 2819 152 458 504 633 1741 1532 734 1896 2479 2191 972 92 2557 1746 354 1010 847 1339 2674 1278 120 2144 2322 2193 1335 2177 1852 503 2592 2099 2052 772 1873 1708 1680 1111 1704 602 711 2764 1314 1117 1332 1917 1955 1376 330 740 271 726 2059 2698 68 2237 771 108 2440 2244 2597 1543 2265 478 507 1942 363 534 471 999 2082 1273 671 1386 402 1438
2355 1911 1305 850 2691 222 2512 1933 2362 1436 99 2218 1267 2318 1200 1504 2420 320 897 1682 2394 1387 1790 2071 1052 1479 836 2432 981 935 2156 2750 2645 1709 755 2593 1621 1098 2201 1638 2452 1380 2468 2096 2342 1676 1321 1872 1085 2147 208 144 2122 1736 2446 2679 2587 1903 754 12 1946 177 380 595 1006 757 1806 2642 1229 760 1231 1163 2829 2356 1233 1728 477 2756 2533 2450 2290 632 2458 73 2161 599 1719 1361 1537 908 437 796 2074 690 2021 2749 519 2706 707 1009
2414 1177 107 2604 1507 1104 2176 2641 55 728 397 1669 2550 1194 2019 1691 575 584 2754 373 1523 845 2395 1016 400 1646 834 1482 2383 2661 2695 2573 831 1957 479 384 272 441 2080 2058 409 15 2214 560 1222 1450 1785 896 2726 2249 827 1277 1420 2494 738 1641 20 2203 327 1401 1203 2459 905 1288 1727 1835 306 1995 713 953 1154 2488 289 1738 1922 2555 347 198 1449 2216 110 1241 1666 75 985 2107 1744 2016 1081 1228 2162 2521 1184 1144 1363 1423 1230 2245 924 954
1396 243 1105 1370 355 1554 813 1495 2660 2458 966 1384 2257 2696 2600 1742 908 1331 1614 1673 487 1705 942 1681 2085 337 2782 2543 660 54 2369 360 710 2259 50 1893 542 320 1031 1739 1676 1906 1853 1017 2803 451 2336 1000 1695 2664 607 631 1565 791 1287 1508 1301 2157 392 984 1237 2598 1002 301 1567 825 1604 2736 1518 2647 530 1290 1316 2361 2773 70 480 943 682 765 921 2282 2049 975 1985 447 2051 85 1052 2272 1058 2292 2394 852 1752 2064 2367 1962 2558 2711
727 589 2546 658 2113 304 2066 1389 2178 1213 485 1175 1951 2249 1115 761 834 1798 1300 898 2022 1306 75 1230 1727 1333 545 1277 2497 1394 1785 783 572 1683 1749 2787 1087 714 2058 215 2555 1898 2579 737 198 594 479 853 2154 2726 962 328 1225 1835 1558 272 2179 1334 384 251 2114 2841 1605 2245 1957 1074 341 1093 1738 1144 436 2521 1298 2759 831 2203 2072 1865 2214 1343 1666 2216 1412 1288 691 713 510 1184 322 803 1712 1883 110 2238 15 560 581 1222 2149 407
2510 431 70 1839 1753 2777 1125 2772 2077 2561 2478 1035 1834 2818 951 2015 1252 2757 1759 1390 1557 767 2622 1938 1842 18 277 315 2686 1443 461 2471 1976 2601 889 191 1845 2656 2 1165 395 1833 1747 2276 1693 2547 601 2149 2315 1176 2663 2161 1009 824 2302 2624 2702 1908 702 695 417 39 745 1323 1416 103 837 596 2217 1096 576 850 1980 1559 213 2415 1180 1793 1593 1948 1106 1474 73 126 1357 1895 2045 2650 297 2016 95 1329 2178 1562 2249 88 988 132 2535 2741
2210 640 2520 13 1272 2671 828 2578 377 1910 698 1041 323 2421 1754 1949 2083 1038 1337 1668 2032 2602 865 2828 672 56 933 370 1374 955 2335 244 2047 1049 2570 1189 1521 1329 1764 680 932 2384 1399 2038 2227 1616 2839 2115 609 2451 940 1605 2120 340 1749 979 571 2786 834 1336 1256 1203 1766 2217 839 214 21 2522 762 1364 2058 2117 2571 1562 1013 2795 2401 2224 1890 289 1004 176 2668 964 2476 1602 106 84 2031 2705 1425 2831 1686 474 2539 2566 1283 621 2056 2116
767 277 1938 1443 889 1833 2686 1747 2496 2315 2702 1980 2685 211 1460 2510 369 2015 2532 1989 1252 431 2818 1834 951 2478 1793 2777 988 2772 2077 2217 2058 2090 2522 1277 1418 745 332 2827 2441 940 417 1401 40 1562 1080 325 193 1343 2415 1557 1064 2521 569 2056 2668 45 20 509 901 1753 1161 520 510 617 1176 1588 1535 1904 832 1390 1727 609 2384 1749 1125 2227 1431 1132 1686 1945 834 1033 23 1091 690 1038 2421 232 1671 1342 1065 997 979 2182 803 1744 1960 1087
767 277 1938 1443 889 1833 2686 1747 2496 2315 1980 2702 2510 2685 211 431 2532 369 2818 1460 1989 951 1834 2015 1252 1418 70 1390 1557 2384 1272 2668 597 1562 1686 417 1065 886 13 2217 2777 1793 1842 2077 1561 18 2827 1334 2451 617 1910 332 1035 2522 1277 2571 1038 36 1256 2421 2478 45 1801 1431 2772 1890 2056 2108 1839 1343 2561 713 1064 569 2190 2757 1759 2622 479 289 2786 21 640 310 2249 2415 1091 1401 165 1342 1353 2116 340 2572 2441 988 1371 1949 2242 2227
2809 12 1473 1876 1721 682 2438 433 2110 2435 2708 1330 1627 608 178 2289 1185 255 1592 1677 2569 1892 146 1895 491 2084 2375 217 2057 1491 2660 1737 2657 4 1874 1545 769 2367 622 657 494 67 1870 137 1463 274 345 1899 2037 2724 1029 1407 1055 2389 523 2250 994 2445 627 1777 677 1771 2676 626 2704 444 2670 368 996 817 904 2626 1433 2625 1998 2530 2561 252 2756 2817 197 1411 2716 2813 1934 637 725 74 2477 2728 1656 2312 1752 161 671 489 2735 1725 519 2427
2567 1171 2751 1214 22 1927 106 2109 96 2554 894 1661 1632 419 2153 2502 189 2152 2060 1032 2401 1251 1703 2841 481 1364 815 150 2141 1605 1288 2216 621 1987 2831 2705 744 2522 214 333 171 1064 1139 609 2056 941 205 84 2612 1953 2404 45 844 2726 183 620 957 1363 1365 1283 1749 1891 2203 2457 510 2760 2521 2182 42 1960 1766 2608 2571 1108 1889 148 1738 2179 270 236 2048 5 2116 1727 2162 1797 509 761 1371 592 2720 732 1217 2313 181 2348 1488 785 20 1397
1896 734 1339 1376 2674 505 523 2500 152 847 1741 2283 313 28 458 175 1827 2181 1563 2819 849 2552 587 2191 238 1532 2099 2479 2177 972 2250 330 2527 1335 2681 2228 354 2119 2716 705 633 1708 2689 2370 92 1852 2365 1746 2534 503 2028 671 2742 532 2610 772 2193 653 2144 2592 2052 1873 2597 1781 2814 547 1314 1092 696 711 872 2164 2306 81 1472 2091 1543 1386 643 239 120 2397 1278 2812 2774 2322 271 2693 1752 1680 2307 2794 2285 1956 602 1704 2199 556 2800 978
1102 1656 2790 85 1934 2817 2044 2501 312 2832 817 1624 1926 1644 2528 987 2411 943 1407 221 2300 188 1405 635 1319 2270 611 1146 2082 556 1386 2034 2389 1796 2545 4 2256 1737 1752 1545 1202 2367 59 1870 626 480 547 2397 2312 2289 197 518 1029 2649 2826 348 260 1417 2842 2084 712 2574 2766 2375 925 550 2439 1630 2631 2424 2689 1190 134 769 1253 274 904 705 1468 489 463 1360 2840 1240 2454 2774 2477 179 445 563 1799 1316 1627 559 1658 864 135 2724 1369 26
1371 2263 1525 629 1113 2152 214 2572 1949 327 1865 1144 851 2623 2677 2141 1661 1280 2678 1960 2502 941 40 2421 2162 592 106 1602 1064 2348 1038 1687 2056 2116 1866 2522 2726 1744 2760 2182 23 45 1032 2161 2608 236 1605 2503 1659 275 183 1726 924 1084 1632 84 38 1754 621 1364 2216 940 20 834 1041 2197 1199 2573 690 609 1922 171 96 244 2210 1426 1251 1616 2841 856 1927 2620 117 509 1080 479 831 1336 2831 2058 2214 15 2705 2401 2115 272 2386 850 1957 2030
1444 2707 1623 2837 1679 2011 645 1054 1649 1328 169 947 1663 1617 2767 735 1544 2050 1782 440 2836 445 2130 1381 1261 1045 2840 712 2439 1658 1422 1840 1993 965 2241 1552 51 1253 1029 1218 319 463 2628 1307 1208 134 2287 1489 179 2735 1369 1437 2046 489 900 1445 992 1640 1710 2649 674 1948 1860 30 305 1486 2084 1416 550 562 1775 259 2088 1870 2076 2424 2183 26 1627 497 260 2133 348 197 2454 1586 1417 2312 1834 986 860 925 1652 1362 2544 906 480 2352 2515 1897
956 1882 2468 154 644 909 971 448 2476 2442 2688 2188 387 2425 2720 1768 2498 1536 636 416 1318 1596 2562 1108 43 582 2807 1880 2761 1797 1283 2048 342 84 1560 2194 1206 1802 1687 551 669 2261 1911 270 1221 42 2278 2399 1286 732 115 1400 1697 762 2620 905 1203 1790 546 620 300 2749 1726 1153 2210 1083 2167 1084 1483 459 474 2678 2572 2107 1676 229 2520 661 2463 1015 2118 2522 1760 308 1761 373 1352 307 829 376 2071 1541 1610 1322 1995 1525 2079 2197 1227 1280
1113 2141 2152 621 270 183 1283 1371 2522 1364 45 2056 2502 1768 171 2401 1251 1064 2048 2761 1108 2182 2841 2760 2612 214 84 236 941 2831 2705 2608 1525 2263 1288 1703 2216 959 629 1139 1605 2572 565 1953 1363 506 2348 744 851 986 1844 1865 1560 333 1280 2623 1365 1602 42 327 1866 2116 1286 1661 198 909 1004 106 940 1144 75 2497 783 971 1596 954 2562 1712 2677 1206 474 2442 2112 1760 924 2720 957 2706 609 1032 2542 1203 594 2203 2567 2245 149 1738 1171 905
601 18 2 2663 1842 1834 2015 951 2818 1252 70 2077 2478 431 2777 1125 1753 2772 2510 2561 1035 1839 1759 2757 2667 522 2622 1557 315 1390 1443 2686 889 1833 1938 1114 1747 2000 2624 1165 931 529 2728 848 646 2302 93 1801 962 2320 1590 404 895 702 249 581 1406 1798 1012 1075 1845 436 2324 1830 395 2656 597 1418 1786 789 803 754 101 714 1241 1693 417 364 2644 126 2315 215 414 62 202 29 818 725 2504 2533 1166 1686 1257 2021 1559 1971 2787 2409 24 766
2790 1656 1102 2817 1926 85 1934 817 943 2044 1624 221 312 2501 2832 1644 2528 1407 2411 2300 987 188 2045 1584 1319 1405 2023 635 611 2082 2755 2034 2270 556 1796 1146 1386 480 2545 4 1870 197 1737 348 1752 1545 2256 2397 550 547 925 2389 2367 747 1202 2312 2826 463 26 712 1369 2649 2289 770 260 283 1029 1316 626 59 1417 2724 2556 2069 2454 179 904 2375 659 1468 518 1630 1045 2769 559 135 2842 1895 1055 1658 826 2574 563 2185 2774 1240 2477 2689 433 1799
400 827 2661 1401 1904 2507 2335 2839 1764 2570 997 352 1337 1329 2795 1266 2083 1399 2578 2038 1449 2808 1070 358 2828 2602 964 672 1374 933 2120 1668 2460 2221 377 1952 2640 2031 685 557 1660 1249 2633 1480 2607 828 2363 1069 879 2758 2738 1539 147 1619 1341 1242 1366 2444 1530 2468 1698 2415 1910 1607 1349 160 1925 1815 1549 2710 1793 1078 1556 955 163 2175 2811 1638 592 2226 2629 307 2138 1009 1061 1167 2428 1387 865 2595 2049 1509 388 1227 273 829 2257 476 1863 837
79 2068 2665 722 1067 2842 1547 2511 2741 2305 2135 899 116 1134 1212 204 246 350 1935 137 1606 1463 2766 2041 97 2580 686 2825 2558 447 1076 1944 1055 2736 804 2598 2728 1464 329 2248 2813 165 2286 2382 2436 2319 2294 1452 725 692 140 2292 2258 1962 1777 2455 12 1870 202 1677 677 2207 348 2719 1624 1771 1926 817 2817 1223 26 1868 1841 925 1056 1183 1874 362 790 231 70 2625 2528 1126 1656 657 2435 59 1986 1796 1937 67 197 1639 1934 90 2138 2769 2506 1737
890 2306 1873 1543 2265 2199 872 1314 1955 120 2789 316 963 1917 1164 507 1109 699 2799 1885 2597 367 1991 162 2237 1135 771 1823 533 235 649 2681 1182 1441 2610 2191 1099 261 2212 1327 2052 602 2592 1332 1111 553 68 740 2343 2764 1117 2822 1774 1650 2773 2812 1302 968 2144 587 2193 1974 2774 670 1746 972 1852 2322 1461 2770 2742 633 2177 532 330 580 1010 772 2028 2105 503 159 31 1680 326 344 1961 1097 1293 1532 33 412 1941 2099 2715 200 354 2017 653 2527
1642 3 254 2490 2405 1958 2170 1985 1574 2336 14 929 66 873 765 825 1246 779 282 2536 1136 2434 652 2157 1745 2426 2707 2837 1679 169 1649 2050 1328 1623 1261 522 1054 947 1444 1617 735 2667 2130 2767 1544 440 1782 2011 276 1663 645 2836 1381 2439 1993 2699 1538 1045 2840 51 965 445 1658 600 91 712 1788 134 860 2489 2324 1837 862 2076 1245 1804 1417 1751 1124 307 2232 1278 2256 1503 1 383 1218 1187 1710 433 1396 1051 2482 2544 674 1356 259 2530 1598 1290
2797 1539 352 2844 2092 891 2269 2473 2833 2139 2576 1549 299 2371 90 428 2776 2403 264 2175 2731 2455 1982 741 2226 2484 667 837 1009 1571 846 1735 17 1815 642 1159 1814 2338 2138 1122 267 1349 1698 1589 2223 573 1540 1291 1925 2486 2094 403 2063 1619 1238 2100 1530 687 195 1994 262 2412 160 1078 600 2340 1338 888 1622 2811 1295 2255 2607 1480 1816 472 1618 879 867 1660 226 969 1807 2633 1421 234 2385 1366 2717 2635 1242 892 1607 1409 1341 2710 2738 46 1520 1060
2265 1955 1314 2789 890 2306 872 2199 1873 1543 2764 1117 2812 507 2774 553 68 2770 670 120 1461 1302 1974 316 2597 1885 771 2144 1164 1135 963 367 2610 261 1917 2799 235 649 2343 699 2212 1327 1182 1991 1010 2237 1099 1109 1823 162 968 1441 1650 533 2822 1332 740 1774 2715 2052 159 31 2592 2773 602 580 326 2681 2191 1111 1097 1293 2105 2193 412 1278 587 1240 1852 1746 2177 532 2742 2322 200 2527 1143 633 1822 1118 2062 643 2028 2814 344 972 1101 2687 2301 772
1333 1298 1019 63 1343 2022 1434 182 1685 954 2737 940 149 2112 1760 1712 949 1004 783 2542 1999 1103 2016 75 198 2497 1304 1749 2656 1727 60 310 376 2555 1483 2827 2441 1277 2149 2058 1447 834 1693 617 1469 1561 1593 596 1176 1743 95 983 2566 2522 695 132 1064 1535 2190 2615 45 499 2056 2202 520 2111 1856 1661 2249 1269 576 2217 1197 832 1448 824 16 2521 232 1945 2143 1914 2745 1836 1364 1087 2390 2547 634 1265 1256 2744 400 2726 1529 2182 609 2785 1744 1430
1836 2700 1178 1990 47 1713 1714 683 1116 1224 2180 2129 2523 832 34 1672 1838 2422 2437 1535 676 2317 2202 1914 1346 2745 2785 1593 291 2190 88 1476 983 1995 576 1176 617 1856 777 2441 2827 695 16 2111 2249 1631 44 132 761 1091 1996 376 824 1749 2547 1483 310 95 2656 1228 2542 596 1447 1469 1161 1529 2149 1773 1693 1847 1795 1513 1561 940 834 1727 465 1785 2390 2112 1343 1849 1203 1004 2555 499 954 198 2245 1103 1867 905 1425 1685 2058 36 1743 230 707 1434
2797 2844 2092 2269 891 2576 2833 352 1549 2139 1539 299 428 90 2371 2776 2473 264 741 1982 2455 2484 837 667 1009 2731 1735 1814 1122 1815 1159 2403 1589 17 2063 403 2412 846 2338 1291 573 1925 1338 267 2175 1619 642 1698 1571 1238 2189 2226 226 2486 2138 600 2223 2811 2100 234 2255 262 195 1622 1994 1530 888 1863 2094 1540 160 687 1078 867 879 317 537 2385 2607 1660 1607 1349 2717 2340 1824 1826 1060 1480 1295 2253 969 2738 166 472 1071 1421 1341 1618 913 1409
2374 493 210 294 57 2418 1034 2461 2672 1861 280 1792 1859 133 570 1758 1580 1276 1392 1930 793 1665 689 2229 2004 2125 756 1234 1072 2184 548 1375 1947 1765 2174 422 1724 421 2456 2581 704 1358 2039 1575 2838 746 2327 1196 1664 857 2186 2356 588 366 2123 1887 1551 2659 885 976 1350 228 2332 1776 797 1457 2590 77 801 583 263 242 720 2739 1542 2694 656 1229 1193 1877 859 2206 2321 2330 1365 1279 1043 706 2548 158 1191 1497 687 2662 884 1619 2493 1081 1116 683
2045 2023 1584 2755 747 258 770 1980 1796 417 1562 1888 19 597 1728 2668 1035 2108 1890 1722 2315 2190 1065 2745 26 1945 983 424 2217 232 1256 2827 62 2566 576 465 21 1686 289 1996 1839 886 230 2116 2202 498 2702 463 1707 1033 2227 1844 2441 1834 1870 1910 1269 2786 824 988 2421 1398 1029 2415 892 777 868 24 1073 1390 1305 2077 817 426 1557 1418 432 361 1369 2547 1448 132 2083 1176 76 2785 310 2756 1266 2685 926 520 1329 1553 2743 1383 733 2649 2078 1286
1325 1526 2145 2516 406 1779 2102 1385 1992 773 1442 2763 1511 1969 1007 519 730 191 2302 1894 1466 811 112 1165 1707 410 338 1670 1079 315 365 544 186 1783 870 435 2680 248 1581 1311 1968 1040 2290 881 605 1871 1020 2095 1573 1138 1068 1424 2613 2746 2730 2622 1634 2560 1759 1005 1731 2830 2364 1309 664 336 1966 648 717 2757 1379 1094 610 2005 800 709 2243 2549 1936 1110 678 742 11 2151 2299 821 2377 288 253 2788 1174 1850 2251 2492 2519 1243 434 1498 1454 855
2281 2288 2324 1538 1357 1180 230 39 564 1846 2489 1818 2699 2495 926 2493 1786 1996 751 76 2247 1257 1106 2224 1971 777 2000 1091 2114 898 1593 2132 2785 1836 853 327 1559 1856 792 1535 834 1207 940 2294 1434 1166 1928 1197 2542 55 397 714 1986 1914 2555 2296 614 728 1714 2058 1087 1727 2072 1825 291 634 1561 725 1019 425 2112 117 2572 2428 2176 2390 2134 1689 617 1637 2278 1749 2221 1943 182 2409 1558 541 1130 2303 2667 581 1841 1590 2700 23 1219 1979 2235 1203
364 341 2040 215 2381 737 436 101 1900 251 374 803 989 545 1427 2540 1353 2759 328 1883 1389 1971 2504 2579 766 1115 581 572 1898 1230 2238 2644 1394 2546 1683 2114 529 962 395 789 1257 407 304 1798 2784 2178 2277 1106 1801 1559 1361 240 2113 1213 2323 1786 2066 1451 483 1300 2242 1093 1334 2000 754 1951 2756 2787 589 293 1175 1306 1091 485 2054 646 714 727 1231 658 926 1818 898 1728 1137 614 2021 1357 2320 39 1558 76 1207 564 2288 1180 2495 1149 751 2409
2346 1916 475 1723 2810 1891 2043 650 2666 2171 629 1865 2677 2816 1949 941 820 1605 2502 2161 1144 2152 1603 411 420 1397 2768 909 2179 1738 732 594 1541 2521 750 510 2249 1188 1488 620 148 1882 2841 37 322 1038 84 285 761 2494 2421 1502 1702 1766 1703 940 609 1263 1858 281 953 2497 744 1283 1412 2245 834 479 980 1222 1957 214 334 75 258 1749 272 1754 713 1727 2216 198 1139 327 2217 1570 2115 1288 1711 76 2555 2404 468 1004 1371 1740 2214 244 1256 2542
2331 1419 392 301 937 1778 416 2843 535 1527 2377 257 105 1894 2341 1455 355 1200 2394 883 908 519 1425 1871 1621 813 1800 42 1002 1739 1495 2696 2138 2257 1396 2613 1331 630 1614 1695 644 2782 984 2458 1565 2501 542 336 1077 710 1370 2289 1215 1645 54 2246 1000 2044 2452 1673 1516 2453 1978 1278 360 1329 2609 499 2508 1031 966 2312 2300 795 1554 1520 2399 821 2795 757 388 2108 2660 632 2259 1017 2803 188 1934 2714 2148 312 253 660 1984 1249 473 791 317 2369
60 75 198 2497 1304 1712 1197 783 1760 589 954 1004 658 727 1087 2542 2737 1685 149 940 2072 1207 1333 949 485 1558 1298 714 1343 1306 2112 1175 2066 1999 2113 1103 182 617 898 1213 1561 2054 1951 2022 1798 853 1434 646 1166 614 1928 1749 304 1257 63 2656 2178 1334 803 1137 1727 2555 2546 2787 76 1593 93 895 1230 1019 1785 2409 374 1361 2149 499 2016 572 1115 1590 2540 1971 2323 310 2827 2441 1427 962 1312 1300 1206 1683 2493 2324 1064 1176 341 1883 2784 1957
898 853 465 1197 540 1300 1561 1087 1928 714 1558 1207 2072 1166 2493 2409 1631 1590 895 291 1593 93 614 617 634 2324 803 2242 1689 2430 1535 2143 1346 2542 407 24 2066 2024 1597 426 1785 1213 310 1334 1115 751 2113 1019 739 1749 499 483 63 2827 1298 1538 2112 2441 182 374 2546 1265 1427 1389 251 596 1257 95 954 1343 149 940 834 1004 1137 1277 2737 2656 2149 1693 676 376 2579 304 2058 1683 1685 2784 2759 2178 792 2638 832 576 1999 1434 1760 1161 1712 1883
1496 1316 2556 1965 2815 2272 1636 950 1752 2352 2069 194 2367 1051 2628 1218 1840 2241 1658 965 613 1948 518 1586 2439 1261 2046 221 497 430 331 992 2300 2790 1381 1848 266 655 1416 1428 1202 1926 1045 1897 1096 1362 1146 826 2007 1799 2812 1187 563 1868 85 943 2477 635 1102 1775 1240 1895 2287 2774 140 1862 1386 1721 283 2397 1253 1627 2806 1663 2406 440 2189 2082 2770 1648 663 526 795 872 505 259 817 864 2631 900 2307 547 2794 712 2713 2373 2270 2412 489 197
2678 2572 2263 1525 2623 1280 327 1687 1084 1726 1371 335 1199 1400 2620 2591 2230 38 909 398 2503 1232 117 2197 1922 1217 275 924 2468 1907 1315 1659 23 300 1113 1458 2386 1080 2303 2160 1596 2494 1184 309 2128 2573 2079 1198 2476 2710 796 1859 861 2116 1013 1866 2791 856 1487 2169 1365 42 2141 2448 762 2612 2203 2740 2188 474 2562 907 644 214 2498 387 1336 1144 2571 1032 2260 2823 1205 473 2677 2351 957 956 2595 1641 2508 306 851 1474 127 882 104 2442 785 865
2580 1452 804 686 329 2436 2598 140 1076 1868 1464 79 2382 2248 2286 2813 2068 1067 722 1777 948 2665 2393 1639 1937 974 2842 2511 1547 2294 2305 1134 1055 246 2741 2728 137 1944 2135 350 116 1212 204 899 1185 491 12 1874 682 677 1183 1606 2558 725 1592 1223 165 2438 2506 2569 2708 494 1463 97 2766 657 1130 146 1935 67 2319 2207 1810 2719 2583 2057 332 2258 988 126 1962 1707 2041 1986 1940 90 2121 2736 2757 1490 2333 1759 2624 2509 1926 1969 2324 480 892 925
922 1188 1221 1697 546 285 1260 1456 807 2268 37 1763 582 6 2643 1702 181 2167 732 459 759 2194 620 1083 851 1797 661 2261 1232 1284 40 1090 298 1272 592 586 650 2098 1570 1227 680 2726 2666 1744 122 1153 2162 411 1283 2807 1082 1858 1960 2816 1047 1285 2469 1308 2171 1882 1006 2313 973 2747 476 475 980 2249 2387 1891 2623 2118 1322 1638 560 1108 2463 2043 669 1420 1865 281 624 2749 1318 479 2410 1536 409 1957 850 935 1835 1263 272 636 443 1541 1884 2263
2185 2363 1694 2584 1684 1440 2298 1129 1411 143 557 2460 1360 386 1630 795 787 958 2481 2271 2616 2529 1445 2749 1112 665 1446 879 1294 638 30 1215 2246 1270 718 1258 810 2050 2517 71 1623 169 1514 1939 1544 2631 299 440 1982 735 2801 2011 1925 697 1619 1238 1679 685 1617 2837 2130 1444 645 2727 1551 1054 643 1328 1405 134 59 2270 267 1291 2389 1045 2082 68 1993 1048 1756 2439 1692 262 85 782 1386 891 553 2619 2139 2707 635 2632 2468 312 220 1314 1649 2146
2068 79 722 2665 1067 2842 2511 1547 2135 1935 1212 116 2041 899 246 2741 1463 1134 1606 204 2305 350 137 97 2766 2580 2558 686 1183 1076 1632 1464 657 2598 682 96 419 491 677 1944 1223 165 2708 2153 894 2248 2335 1329 2625 2506 1052 1962 1337 1305 2554 1927 2813 1870 1330 2736 2382 1986 2570 217 2825 1771 1764 1841 2569 2573 1888 1998 1661 362 1777 536 2258 1032 2060 481 725 1185 122 2384 790 733 1677 447 1562 1952 2435 2257 106 26 2083 1910 1061 2839 2649 1130
2523 34 2422 1224 1116 1714 2180 1713 1178 1838 47 683 1228 1773 1161 1847 1513 1795 676 2129 1990 617 1785 2700 2785 1914 1672 832 1093 407 2202 499 777 1091 2242 1996 2745 465 1535 1836 2190 2111 1856 1346 1561 983 2441 2437 576 2493 1476 1727 2555 540 2827 88 2317 1898 834 2058 310 761 230 783 1277 1865 2114 1749 1176 949 581 1693 2542 1593 766 95 940 1683 291 2238 1846 76 2249 1631 1033 132 695 2489 824 926 853 2216 1357 1343 1801 751 1786 2149 596 1065
2713 2433 1453 1490 2309 2376 1901 201 2034 1860 2545 1796 100 563 305 2826 1148 48 2721 155 562 715 231 439 168 204 1569 260 1640 2650 64 2213 2842 421 559 51 1878 2088 659 1123 1316 857 899 1307 704 900 1034 784 1606 725 2135 1212 486 2289 137 1940 1350 480 2272 2461 1437 1190 2515 2501 2229 1486 26 1870 188 2312 746 2840 2649 2155 1369 1362 77 2714 2424 2741 1874 1463 1547 1056 2769 1934 689 1825 1464 1337 1134 2558 2511 348 2007 1986 2382 2454 2332 1301
2843 257 1871 2609 1731 416 2613 1138 288 1800 730 1466 338 1707 937 2377 1419 1645 392 742 1527 1068 301 535 2243 678 2830 855 749 2331 821 1850 2560 2299 2519 1142 1131 1174 1894 1020 2417 1379 336 1968 610 2290 2087 1581 1243 593 2492 1913 2196 881 2006 774 112 1309 2697 435 519 1040 2251 1455 2341 2394 800 1311 2746 1094 870 1936 2005 2680 253 1992 2364 1794 1424 1966 2151 673 94 1005 1495 2730 1634 337 1670 365 2516 1681 2549 717 2696 487 1573 1200 2408 1498
2043 2171 2666 2816 2810 650 1891 759 620 732 181 1702 2643 1723 2346 1797 475 1916 1188 1260 807 1697 546 1882 285 6 820 582 1221 411 922 1083 1541 1456 2749 1603 1858 2807 752 1605 956 661 750 334 2167 2194 1284 37 2261 1227 154 2476 1865 468 1763 636 2502 1206 2425 420 372 980 1153 148 1318 2688 1322 2463 2313 510 1761 1015 298 476 973 1222 2152 2179 2823 2107 2841 1570 594 1397 1768 2497 1536 1412 713 829 2469 2118 2149 1911 1638 1145 2521 1610 1420 905
2138 2648 403 352 2063 1815 1159 127 573 17 1009 837 846 2484 1698 2455 600 1338 2100 642 2255 2412 2811 472 195 1349 264 961 90 2338 1060 1571 349 317 2486 2223 1735 1619 1994 2614 1622 2372 577 879 1409 2607 1816 1660 299 1863 2253 2094 1078 511 1530 1618 1982 160 1925 2835 2633 1828 667 2635 307 867 2371 2797 2339 2158 1939 428 1607 1480 537 1615 2139 1341 405 892 1421 2709 2215 1366 1862 226 1964 1910 2595 2833 665 2189 2820 2758 234 1540 815 2844 891 2738
883 257 2377 535 742 1731 1871 2095 2680 1894 1527 1138 821 2243 1707 870 881 1142 2196 2609 2613 1850 1068 2519 1800 855 1645 2087 800 1498 288 2251 2299 678 1174 1913 416 937 336 2006 774 2005 2417 811 749 2492 1936 1516 2843 2697 1094 843 253 2341 1466 1455 648 1573 1007 1309 410 248 365 435 112 2830 1634 1020 717 1133 1581 2746 538 530 709 338 1311 593 2560 673 1131 1040 664 1228 605 1517 610 2733 2684 2763 1028 571 1110 2752 1243 1065 2570 1690 434 1266
204 2766 2558 2741 1212 899 2135 1606 2842 137 116 2728 1944 1935 725 1055 165 1463 1056 1547 2207 2825 2294 97 2041 1134 447 2068 2305 246 1986 1130 1940 2511 2736 1825 1067 2435 692 1874 494 1223 2057 2506 1126 647 2248 722 2292 79 2291 2813 686 790 442 2719 677 1962 1841 2382 682 2683 350 2258 2319 1899 657 574 362 2708 2438 2665 305 480 1464 146 1901 1185 1870 1453 892 348 804 168 1937 2649 2289 1892 1656 1677 1545 1076 2569 135 2639 1926 329 2286 2528 1796
2185 2584 1694 1684 1411 1129 2298 1440 1630 143 1360 2616 2481 386 958 1446 787 665 2529 1112 638 2271 2363 2246 1294 1445 30 1270 1258 810 71 795 1514 718 557 1939 1215 2460 2517 2619 879 697 2367 2801 299 2389 1982 2631 2556 817 1752 59 1993 1545 1925 2727 950 2082 2139 2270 1926 2749 518 1624 134 1045 1692 2189 1619 643 2833 1814 273 547 1386 85 2146 716 994 2371 685 1048 2774 4 2050 169 2632 312 2397 1316 1366 2812 2130 2181 2208 2284 987 719 1799 440
70 1125 1753 2777 2077 2478 2772 2561 2510 1035 1839 431 1834 2818 951 1252 2015 1842 18 601 1759 2 2757 2663 315 502 2622 2601 990 2471 395 1165 1390 1829 1908 2624 2482 191 522 284 1806 1557 58 1105 1895 903 1107 1340 1726 2218 561 2636 175 461 1788 929 1168 300 1965 2272 2161 2279 1299 1976 2000 2769 1310 2644 433 1025 277 776 848 2820 364 578 1887 748 101 144 1128 1336 2009 962 1458 1496 2302 1013 1868 1316 353 1845 2815 222 309 747 2276 2612 888 1290
1944 2728 2558 2294 1212 899 137 2766 2741 725 165 2580 2135 1055 1067 79 204 2207 2506 2719 2665 116 1606 2825 2068 246 1134 1825 1130 722 1452 2842 2319 2305 447 2292 1463 686 97 2598 1935 692 2436 1962 2057 1126 2041 140 1986 2583 2736 1547 2511 1940 1223 442 627 67 1841 21 2384 1033 574 1869 362 119 104 29 804 417 2172 289 2828 145 1905 1868 332 2224 350 1886 1038 790 388 286 1553 2451 1810 1406 494 329 2124 672 2748 425 146 2533 2743 158 302 750
99 1145 612 1784 2747 141 401 694 453 172 1023 2055 2098 2009 208 595 1089 174 72 1201 2636 731 1688 1047 1241 2163 2577 1415 1404 164 2587 2274 2775 1155 2722 156 2655 2126 461 2469 1100 1436 1160 1808 1717 1071 2218 1872 981 988 1826 1976 222 823 998 2624 816 2158 1615 460 1510 1628 2192 760 1644 836 1323 2679 1588 177 1085 2411 1132 1235 399 1734 2362 2585 2044 437 1601 693 451 1682 2161 73 2185 2717 1063 477 2394 1599 881 359 745 2528 1359 2318 2388 380
1039 89 2765 1024 452 2285 1022 1378 389 131 758 1011 467 840 241 1875 2465 2505 1843 268 2531 495 2634 643 2611 628 1789 1730 1274 1568 1662 108 1822 1026 478 2059 33 1220 363 2687 1706 53 1503 484 1008 786 464 1500 2429 1655 1831 501 753 1048 1692 2142 2398 2632 927 782 936 2316 1923 1062 1929 129 471 200 653 534 2244 290 1275 806 1018 2301 1941 2062 999 402 1273 138 1475 1438 788 314 780 726 324 1127 1932 1140 2698 456 1465 125 1124 1612 2236 799
1810 2509 1075 202 67 1001 2121 2583 249 1012 2350 627 1406 1055 725 2057 1944 1212 899 2741 165 2135 2558 2728 404 1606 1195 2825 137 2207 1894 1594 2736 1223 388 1707 2435 338 751 424 1869 2294 1874 2291 1945 2224 362 1463 232 2766 1935 1728 19 742 1126 24 1609 1841 2566 709 2116 574 1448 257 119 2384 2143 204 1199 1825 116 65 1910 1383 163 1516 1733 647 187 1478 21 494 2842 520 2451 2638 2756 2258 426 499 2507 1888 1033 32 1130 550 1689 1393 454 2415
1321 1098 2645 2750 2156 2432 1709 2201 1638 935 2450 836 2096 1736 755 2342 1806 2071 1790 897 1933 1436 850 1504 2512 2362 222 1305 2218 1052 1906 1911 2313 2691 1844 189 2060 1387 1032 1286 506 1288 1858 1703 96 2216 1865 2554 419 2784 1927 856 2823 894 1632 1363 565 744 2355 2153 2420 957 1065 2261 2074 834 2032 2335 650 396 1227 2182 2249 2567 2578 2627 959 56 2404 2666 2194 2570 1277 1015 1222 1337 1188 1593 476 2083 1260 229 2073 2098 1766 1560 1023 2760 609 183
472 1803 127 2444 342 2063 2266 551 1059 2758 1607 1341 1069 1060 1828 1421 1811 1530 2138 160 1078 2820 317 226 2738 405 1167 846 2614 573 17 1964 2835 2094 262 1159 1355 1509 600 2385 1585 1324 667 642 1814 2255 1652 1338 403 2412 203 687 2595 1815 352 41 1925 147 166 2811 2484 888 1295 2635 1807 1540 1571 577 2231 2486 2013 511 2455 1619 912 537 2340 1264 195 2208 1863 46 2100 223 2431 892 1982 2710 1622 154 267 2372 90 1524 2399 961 1735 428 2776 1698
732 620 181 1797 1702 2643 759 546 1260 582 1083 1221 807 285 6 2807 636 1697 1318 1882 1536 1188 2278 2476 2816 2666 650 2171 1891 2043 752 922 2810 2425 1541 1723 1858 1916 2346 1865 1199 475 820 1456 644 1768 42 2313 2749 1283 468 1178 1605 1206 1726 2194 2761 2678 905 2503 560 2167 2720 661 2048 387 2523 2688 1420 2210 1714 1476 2498 1222 2442 1116 1957 1176 37 1203 84 2410 1108 272 88 2149 270 831 2261 2502 691 2463 713 1785 1603 1057 2107 2469 2700 384
540 310 1561 2242 1346 617 1535 2441 407 2827 1593 1091 1856 1914 2785 983 898 2111 832 1631 291 1693 2542 766 1087 2190 1093 2238 1343 1166 1590 1558 949 2656 1996 940 777 2072 2202 1197 1928 2409 2112 853 695 1207 1176 895 95 2016 93 1743 182 1434 2745 751 783 2149 1298 2737 465 1689 714 803 1836 634 132 2129 2493 24 1004 2143 1161 1773 2430 328 1019 2504 1785 149 1513 76 596 499 2615 1898 1448 2700 1847 1597 2759 1334 576 1257 954 1203 1228 1333 1760 1971
1 1025 1520 2399 2727 234 307 2385 2139 641 352 1572 1295 2092 888 262 741 1373 2371 1807 913 2833 2776 1925 203 557 667 2771 428 1982 1735 991 1814 2269 1863 1366 299 2063 2731 2844 1539 1619 2797 2576 2484 17 2460 1589 1159 1549 1122 2455 1815 879 1349 685 551 2412 264 2104 1480 267 1338 226 273 837 1009 2619 372 573 2607 2524 472 1816 90 1242 2215 1509 1238 687 814 403 2473 2431 1660 2189 2633 891 1837 1571 342 2175 2717 2635 2138 2100 1622 846 317 127
2819 849 152 2500 458 313 175 523 2552 1532 2283 505 2181 1896 1563 2716 734 1827 2479 28 1741 238 587 2674 2681 1339 847 2119 2099 354 972 2527 2365 2689 2250 330 2370 705 1708 2534 2191 1376 81 92 633 504 1746 671 120 1335 2742 2814 2557 2177 1852 2028 2322 696 532 2144 503 872 1917 2799 507 2610 261 449 2228 2199 2193 1680 1885 963 33 1278 1991 1543 1109 1164 1135 2597 1473 1555 2592 108 2773 1941 2052 1873 772 1117 1111 271 890 125 711 2690 2806 1500
204 2558 899 2842 2766 1212 2135 2741 1606 137 116 2728 725 1944 2825 1935 165 1463 1055 2068 2041 1067 1134 2207 1547 2294 246 97 447 2305 79 2736 1825 2511 1056 2248 1464 804 722 2382 1076 686 1986 2813 692 1940 1130 1223 2719 2057 2665 948 2435 329 682 2580 1841 2286 2506 2393 1874 146 2292 494 1126 1910 1937 1639 2258 352 790 2708 480 1185 647 2436 2683 362 1656 491 2649 1337 135 1777 2319 1934 677 90 558 892 665 1926 2598 1624 2817 2501 1592 388 2438 1899
197 1993 463 900 1663 1437 1486 2439 712 1045 2767 2836 260 1468 559 1307 1782 1617 2419 1054 2840 1552 1328 2130 1422 947 563 2088 2826 2241 134 1444 1658 1417 1381 1208 2312 904 1489 1544 2424 445 2133 2076 1710 2397 2837 2652 348 169 1870 2050 1983 1369 489 1679 26 674 2011 645 906 1029 1649 2289 2454 2628 480 2574 2649 925 1623 2714 1253 2084 2515 2707 1860 179 433 735 1218 2082 550 1878 2375 312 440 769 2832 860 1190 978 2769 826 188 1948 1701 1148 259 659
1910 1272 680 2421 2210 640 1038 13 1430 2578 2520 1754 1041 1949 1553 2267 1236 2380 1256 2083 2671 828 244 2387 536 193 500 1337 1616 36 323 1699 1886 2217 1431 733 2115 40 2117 569 2451 2384 988 592 370 2570 340 21 289 729 2335 1960 377 1562 609 332 2668 2521 1793 1065 2726 2090 75 20 571 851 2162 56 510 2227 1764 1189 2032 1132 979 2415 1836 1004 2497 1766 940 2249 1418 121 698 1329 142 1785 1266 886 1588 272 2568 198 1521 1203 834 119 2522 2798
945 841 1179 2792 9 2491 1579 639 1578 952 2328 1583 118 567 919 1791 1920 1977 2252 2729 2647 2682 998 1354 1769 2778 2379 1657 1851 930 928 2065 2711 778 1651 763 808 1470 1770 982 382 1667 517 2723 227 2225 1854 114 916 2042 1970 1063 887 1531 748 819 2349 923 1528 2740 2304 1211 2462 2618 2575 1344 7 151 276 1271 975 1367 25 1819 1585 1359 1864 2559 1210 311 812 2334 2488 2361 1402 2474 225 2459 1026 1351 528 2017 515 2165 2416 2585 2081 2280 1018 98
2272 2815 1965 1496 1316 2556 1636 2352 1051 950 194 1752 2069 1218 2628 2367 1840 2713 2433 965 613 1948 1490 2241 1453 1658 1261 1860 1586 1416 201 2376 518 1901 826 497 1775 266 2309 563 2007 1381 440 283 1848 978 1428 168 2836 1422 260 2439 1096 1799 155 2477 663 100 2046 1721 2397 2652 2538 2826 2088 1993 1569 1468 1649 1045 1054 2438 59 1782 1986 904 2276 747 430 51 1148 2307 2312 784 231 626 1895 900 1617 1437 992 1737 712 1202 2800 1187 1897 769 1362 655
2374 2672 133 493 2184 1196 1947 976 1765 588 756 294 1034 548 583 1081 1758 366 1859 57 2418 1497 2461 210 280 2174 570 1358 1392 1724 1792 793 1861 2327 797 422 1234 1930 2229 1580 1664 1276 2125 1575 2004 1457 228 689 1375 746 859 2590 242 2332 1072 1665 857 801 2129 1279 2456 1116 263 2581 2517 704 2039 1714 2541 2186 1224 1535 347 2356 2694 1785 2838 656 1229 404 1561 1847 617 1887 2441 1513 2489 1713 184 2493 1846 2700 2827 2739 1776 1877 424 2190 1228 2260
2389 59 1545 4 1146 1799 1202 626 1737 2082 2270 2367 188 1386 556 2477 1752 1721 1240 987 826 547 85 518 312 1405 635 2832 950 2300 1319 611 283 266 2501 2189 1934 2588 1102 795 1629 1926 2044 1656 1407 613 2528 1624 2411 943 2790 2069 817 1316 2817 221 1644 274 705 2556 994 864 633 526 2312 2534 2766 348 2842 134 1491 608 1873 1332 2256 1461 2289 2193 1864 2774 996 2440 2322 2181 2689 2530 771 1563 271 2370 2306 2826 1417 2770 503 1408 2248 480 1157 602
2045 2023 1584 2755 747 770 258 1796 463 26 417 1870 1301 1035 1369 1562 1926 1980 1237 2108 230 817 2817 530 1489 1701 197 542 925 1604 2790 1888 1516 1739 2649 576 1656 1673 2300 1017 1707 597 712 19 348 2257 186 446 1722 2258 2190 1029 2034 843 2745 1256 2282 465 451 1624 1839 983 1996 2741 2083 1710 54 202 892 1910 660 1981 480 1370 1329 1417 631 1102 2315 2547 1190 2454 1686 2259 1945 232 1449 1319 1890 2049 21 1728 824 2064 2668 1337 550 2397 2217 1065
2043 2810 2171 2816 2666 650 1891 1723 2346 1916 475 759 1702 620 732 2643 181 1260 1797 807 1188 546 820 6 285 1221 2502 1605 1697 582 411 1882 922 1083 1858 1541 1603 2841 2152 594 148 420 1397 510 2521 2768 1139 1738 1865 468 2807 752 281 1222 2203 2497 2048 831 272 2179 1420 1957 2214 198 1213 1768 1456 905 384 1488 1283 560 75 1785 215 941 2469 2066 2463 214 95 1953 2705 2107 15 1206 37 1284 270 783 436 2476 334 1322 1074 940 84 2410 1203 1364
1553 2267 1236 2380 1430 1256 1886 1699 2217 193 2117 427 36 2415 2568 1793 901 2423 743 121 536 500 1431 569 988 733 680 2387 340 2668 866 2227 1272 332 1038 1499 292 2421 2078 1492 1562 2786 1754 2090 176 142 1910 1890 199 571 1132 893 21 979 2671 2108 1041 289 2384 554 2210 1949 2451 1628 1888 2469 1398 244 2115 1053 302 1588 1449 681 73 2520 1616 13 634 2038 432 361 933 1597 2126 2074 1766 609 417 1599 1399 640 878 568 323 834 1668 802 2249 2430
2043 2171 2810 2816 2666 650 1891 1723 2346 1916 475 759 2643 1702 620 732 181 1260 807 1797 1188 820 411 546 6 1541 1697 582 285 1882 1603 1221 1083 420 1605 1397 1858 148 2502 2768 510 2521 468 750 1139 2152 922 334 1738 2807 594 2841 1865 2179 752 1222 956 372 2362 1420 2214 1206 1502 15 272 1203 2203 1957 831 2107 215 560 1456 1488 2469 384 2749 1954 1284 1785 1213 1696 341 351 738 1322 2066 1401 1602 713 2126 691 1153 95 375 1953 119 2476 1846 905
2138 1009 1815 2648 837 403 352 2455 2484 1159 573 1698 1994 195 2063 17 90 264 2372 234 349 1349 511 2223 961 2253 1409 892 2158 1619 2338 846 2635 223 226 1095 2339 642 46 1925 1338 2834 2412 1982 299 879 127 2215 577 1615 1060 2486 665 1816 1939 1571 1660 1294 1863 2481 2820 600 667 2266 1814 913 2607 2466 2797 2709 1572 1324 1735 1421 2094 1446 2100 867 2844 2092 1078 839 1480 2833 2255 1622 1474 1291 472 160 1521 2633 2139 537 1530 23 2616 2595 340 1828
1798 572 1230 962 2323 2644 529 395 1361 1801 1334 1394 2787 2277 727 1951 485 1306 2054 1175 658 646 589 1683 545 1451 293 989 364 737 436 215 2000 1559 304 2178 2113 101 2546 581 2040 2066 1213 2114 2504 2579 1900 341 251 328 766 2759 1898 2238 1106 374 2381 2540 1883 789 2242 1971 1115 1427 1353 803 76 1312 1786 1389 2784 1257 2149 407 75 39 1093 2656 2022 1333 461 2497 240 1357 1693 1207 714 483 2726 198 1605 1300 783 1976 1064 2249 2288 2162 691 1738
1524 203 2740 2444 1059 1629 154 342 472 551 1803 127 2749 1811 1215 2801 2710 1060 2403 667 1826 1509 1807 1167 1925 226 2811 1355 1530 1585 795 2255 685 1295 1071 317 385 2468 2266 160 1 2738 1078 2175 798 262 2460 17 2595 2431 573 428 1675 2412 2063 1863 1421 814 1982 147 352 2013 2198 846 2776 600 1735 2385 1201 1619 956 1520 2654 2187 2371 2094 687 888 829 2168 2473 2727 1242 2758 2269 2189 1862 2576 1373 1549 1072 307 1338 2633 1539 867 57 2717 557 2273
883 416 937 1871 1800 2462 585 1645 1731 1643 257 196 2843 1894 1138 1819 2613 2609 1864 2334 2067 742 288 2196 910 1142 776 276 98 2377 2474 2331 1179 1344 2264 1625 535 673 2491 1072 1455 1042 2103 701 353 2519 1707 1977 2361 1578 154 1527 1882 869 336 2328 610 2749 2341 294 210 956 1613 2697 1160 909 2353 233 94 1970 644 1794 1859 253 952 540 2081 2492 1665 664 1498 2442 2417 1074 499 174 2087 1309 1402 153 69 2636 2548 1110 605 1145 2723 227 678 945
1773 1847 1161 1513 1795 1228 499 1785 617 832 1561 1178 2493 1535 2700 1672 1176 1346 1224 1865 983 1838 2190 2827 2523 2542 2242 695 2066 1990 2129 1714 2437 1713 2202 132 1836 34 310 1743 2422 1300 95 1116 683 2441 1693 47 465 1631 1343 596 1213 2745 182 2113 576 898 2180 407 940 949 1004 149 1856 2112 63 1087 1593 1749 2521 272 1166 2016 2149 954 853 75 2737 824 1364 1091 1760 1957 1019 1298 510 1333 1434 2522 1928 479 2785 1685 1727 783 1712 1197 198 291
1371 2152 214 2263 1113 1525 2502 2623 2572 2841 1280 2141 327 1865 1605 2348 1661 924 851 1602 2678 106 1139 1032 1866 1144 1953 2522 2567 1364 957 621 609 1251 1084 2056 1064 45 1738 2216 189 96 1727 629 2404 1927 1171 2401 1749 171 2751 2555 940 834 744 198 1222 2060 2182 2831 1632 1891 38 1288 1957 272 1488 2705 1703 2203 1283 941 2497 1785 831 1203 479 2109 22 510 2214 2726 384 2760 2058 1214 1004 2521 2554 1659 75 2245 1766 183 783 15 953 1263 420 409
204 2741 2766 2558 899 1212 2135 1606 2842 137 116 2728 1935 725 1944 165 1463 1055 97 2207 1056 2825 2041 1547 447 2068 2294 1825 1134 1130 1940 1986 246 2305 2511 1067 2736 2435 2506 692 2057 494 1126 79 1223 790 722 1874 2292 2319 1841 2291 2665 647 135 2719 1962 2248 1870 362 1899 2649 305 350 2625 1998 480 1677 442 1656 686 260 1771 2683 2389 2813 1545 657 1453 574 1102 558 2295 2258 2826 2037 2828 2090 1892 2039 892 712 1934 2528 1737 1146 348 2004 1369 1901
264 2455 2484 837 1009 1982 1159 299 1815 2371 428 403 667 2139 2833 2269 1735 2063 1814 2092 1122 2844 1589 1925 2776 1619 1549 17 2576 1338 2731 90 2189 2412 226 1863 879 573 2797 741 317 846 352 600 2460 2255 642 2811 1622 2486 891 2338 2100 687 557 1571 2138 1698 537 2403 1060 1994 195 867 2473 1607 160 234 2835 127 2039 1078 2094 885 1341 2223 349 1291 1530 472 2123 1350 262 2418 1887 405 57 2356 1792 1480 1930 2614 888 1238 1551 267 421 2363 1580 1034
222 2218 1933 1504 1436 2512 1305 1790 850 2071 2362 897 836 2096 2645 935 2156 1638 1321 1098 2750 1709 755 1911 1806 2342 2432 1736 1052 2450 2201 2355 2691 2446 2394 2452 99 2642 1006 599 1085 2074 981 1621 2537 477 2783 612 1023 2420 1364 2565 1200 127 2578 385 783 1420 177 1421 2831 1145 443 2266 537 483 2094 2747 2497 1267 2560 2122 1277 1968 2829 1581 831 1251 1530 1605 44 1387 1682 1910 560 40 215 1826 2655 2048 1047 2095 1222 384 1865 1971 1903 2705 208 73
1360 1684 1630 1129 2298 1411 2185 2584 2246 2616 1446 1112 1694 307 665 2399 2727 1993 2481 1520 958 1270 787 1258 1294 1 1572 1939 638 234 2631 2271 1837 143 2158 892 2517 1622 2372 810 2100 2486 30 1514 1445 71 1407 46 2709 349 913 511 2619 1440 2213 51 1409 600 1796 1615 386 2721 195 685 1618 1096 1540 795 2044 223 2529 1071 987 573 1926 1569 2223 2635 2215 642 1698 1994 1710 1215 2253 2834 305 1416 2411 2781 846 715 635 2576 155 372 17 562 718 1571
150 2562 1596 1279 859 2374 106 2442 2263 1318 1525 366 2188 644 1536 971 2678 2720 43 2278 1726 387 1280 2807 2048 2498 636 2141 474 2688 1083 1758 2623 2761 133 1108 1768 2401 96 570 797 84 1483 1979 946 1032 2448 793 2004 1575 1765 940 1283 689 1797 620 756 181 732 228 1103 2541 1263 1004 2229 1927 762 2125 2476 1727 2572 621 2186 1482 1504 2672 1380 2737 1198 2612 270 2555 1790 2554 57 746 1659 588 894 1633 1930 2386 1641 1749 2456 2520 2327 300 2245 949
1862 879 1619 2460 1925 557 1863 1982 299 1735 687 667 2139 2844 428 352 226 2833 741 2371 537 2269 264 2092 2731 1589 2797 1549 1421 2189 2484 2776 1814 2094 2455 160 2363 837 1607 1338 1815 1078 1009 1341 403 2385 2412 2063 1530 2835 2758 2266 1539 888 1069 2338 1159 2820 2576 2175 1295 1828 641 2524 405 262 1122 127 1807 2138 90 349 273 2614 846 17 991 1497 1373 472 2403 891 577 2473 1480 2619 1816 2771 2595 1509 147 573 583 642 2738 2104 588 2184 2607 1081
957 1889 2464 2725 609 2404 509 5 2457 844 1515 1766 2448 1696 744 1426 2128 2115 466 244 1616 2124 1326 2141 473 375 498 425 2014 2366 306 388 2421 1754 1061 815 163 1038 1637 1987 2351 2468 1945 232 1556 2566 2522 2056 2751 520 45 2508 1364 150 2109 22 1477 1171 1064 1269 19 2521 1602 1365 2572 621 1251 106 119 424 1960 171 1525 214 2182 510 2612 2384 1296 2760 1032 133 707 690 1383 183 2116 1661 80 2227 2278 592 1797 228 665 2451 1880 2354 1033 2048
658 589 727 485 1306 1951 1175 2113 304 1798 1213 2066 2546 2178 60 75 1394 853 714 2022 898 2787 1334 962 1207 572 2497 395 1333 614 1087 1389 1230 374 2072 1166 1712 1312 1304 545 2054 1558 1115 1839 1683 341 1928 2323 2579 198 1137 1427 2325 529 761 16 2381 1760 2644 2149 646 251 76 1898 293 783 1971 1995 1361 2472 2154 954 1197 1225 1685 2249 2540 1654 1371 1883 2762 803 2759 2277 1801 479 2656 907 2409 617 1257 2542 1979 2494 1785 1786 1322 39 1900 1559
883 1800 1645 742 1731 1871 416 257 2609 1138 1894 2613 288 2843 1707 937 1516 664 535 2377 276 2331 585 1527 2328 2341 2067 709 1546 2491 1110 2585 2196 2225 982 2312 1142 1359 2462 1344 1179 904 821 2081 723 978 2551 910 2243 763 2219 1046 648 1864 1643 1977 154 2006 1909 2110 2087 1578 2667 196 253 336 2103 1613 674 605 843 610 1493 2519 1769 1636 540 1466 2606 871 282 2252 227 2652 1068 1197 344 1148 2042 2697 1468 764 539 559 280 1913 1349 1402 1042 1486
1146 2389 59 1202 1799 4 1545 1737 2082 626 2270 188 2367 1752 556 1386 2477 1721 1240 518 987 312 85 826 2832 1405 2501 635 2300 1934 547 283 266 950 1102 1319 611 1656 2790 2528 2189 1629 1926 2044 943 2411 2588 1624 817 795 1644 1407 2817 221 2069 1316 613 260 2556 2312 480 2397 712 1468 2826 1870 197 705 2842 348 445 2766 2289 1045 1029 904 2375 2840 2689 563 274 1253 559 1630 864 2534 134 1360 2439 994 1369 925 345 2208 769 2649 526 2574 447 608
2049 530 1604 1290 1301 2064 446 2282 451 1518 2140 1237 1567 631 1058 1017 1981 921 2796 607 984 2093 2596 394 662 908 2257 1370 813 1554 1879 1906 1673 2696 1909 1331 1105 1742 1614 243 2392 1384 1396 355 660 337 2660 1978 1002 2357 2782 710 54 542 1681 360 2259 1893 1739 966 1853 1401 1837 506 1638 2243 1495 827 2661 1698 1000 2458 1621 400 1709 2664 1904 2006 2543 487 2519 565 836 2507 2432 50 1286 1804 2831 1844 1321 1119 2096 592 1632 1987 2705 1456 2101 2087
841 1179 1579 945 2792 2491 9 2682 1977 1578 2328 567 639 118 1583 998 1791 2252 1470 1651 1920 2647 778 1063 382 952 517 227 748 2711 919 1531 916 1667 2723 114 887 1769 2778 1854 1354 1770 2065 2729 1970 2042 808 763 930 928 982 2575 1657 819 2225 1635 390 196 1851 2061 1317 331 2053 2379 2693 1715 1967 1756 1692 2556 471 1625 1438 2236 363 782 1475 98 1395 999 1921 1647 1585 936 1018 192 1972 2301 1819 216 1777 721 139 1924 1662 1472 1275 61 786 1465
834 2058 1749 1277 2555 1727 761 2249 2317 2437 1044 1483 376 1995 1672 16 1469 1447 1990 1178 44 2700 1425 1300 1883 1353 2579 2571 2831 1836 251 1106 2578 1304 989 341 1559 1801 304 2381 1401 2784 2216 333 2401 2178 483 215 836 1865 2497 2644 2705 2288 903 2096 39 1904 1361 1364 2182 1798 1336 1288 45 1015 789 1064 569 2056 2726 95 744 1263 193 2522 1251 572 545 935 576 832 988 1593 1703 240 1013 870 20 1884 2335 377 2066 828 997 1939 2645 75 36 768
645 2011 445 1444 2707 2837 1649 1054 440 169 1679 947 1623 735 1663 1328 2767 2840 1617 1544 2050 1782 965 2836 1029 2130 1253 2735 1045 319 134 1381 1552 712 1261 1840 463 1775 1658 2439 51 1422 1319 1993 155 2241 2287 817 2088 2501 611 188 2652 1934 659 674 1307 204 2044 197 1624 1437 769 2628 2528 2411 59 1948 2817 559 2312 900 1644 179 2826 260 1870 550 904 1369 489 2133 2741 2842 231 2082 925 26 348 4 2397 2389 1627 2375 2419 2034 305 1737 1486 1606
2091 239 2794 2164 1781 2280 2173 1127 1274 1472 209 838 27 1780 139 653 2693 525 1011 2025 408 1961 356 1282 1555 2017 2669 2531 290 225 1475 2232 1435 2236 113 2311 216 296 1303 1124 1598 1248 245 49 331 2053 1021 643 561 1505 2765 1140 858 1924 2059 2632 1568 449 1048 654 2285 1037 1356 268 1506 799 1706 1024 192 625 61 484 390 1692 1612 1275 1655 999 314 207 1635 726 478 2611 1972 1967 1647 655 782 495 2301 464 430 2062 1715 1662 53 2061 1755 131
1113 2141 2152 1768 270 621 2048 2761 1283 183 2502 1108 2401 2522 1364 1251 1371 171 45 2056 1064 2841 2612 84 2182 941 214 1525 2760 2831 2705 2263 629 236 2608 1139 1288 1703 2216 959 1605 1953 2572 1363 506 851 1365 2116 2348 744 1280 565 42 2720 986 333 1844 1596 2677 2623 909 2442 1560 971 106 1865 1866 2562 1536 644 2503 1602 327 1286 2688 198 2278 2498 940 2188 1004 636 150 75 387 2807 783 1960 620 732 2591 1171 2497 1661 1318 1144 1880 2203 594 1760
1948 1096 1416 1362 1897 497 1586 992 2046 2213 1569 1218 1796 2721 2034 1926 1630 2790 712 2817 2241 1658 2300 1934 1051 1381 1993 1045 925 1656 100 1102 1316 1644 1407 26 221 1360 305 2832 2454 817 1329 480 1870 155 1369 1624 85 48 188 2649 2501 2528 348 1782 562 892 1684 2411 312 1910 2185 987 899 2044 2298 2616 2545 64 1860 2272 715 2836 2650 1319 2083 2246 2826 122 46 2312 51 2082 260 2842 2135 259 550 1301 2815 2638 439 1261 943 445 2333 1029 429 1518
1646 1805 794 775 1611 2586 2019 863 393 357 339 2447 2701 1244 2780 279 2621 2329 960 2368 2136 1626 2347 2297 2630 1832 818 457 1372 2254 2192 2637 2805 2651 1259 693 1450 2211 2233 2345 1169 2240 2804 1120 876 2020 830 10 2754 2275 1192 1678 2518 1147 102 1732 321 1734 603 2605 1073 371 462 1809 145 1014 2080 1959 1507 575 2550 469 1620 2802 2106 1691 1016 86 2653 1905 2383 1517 1382 379 2684 2733 2748 584 1482 2166 1669 1674 2159 2326 2752 1666 2360 1028 845 1104
898 540 1561 853 1087 1558 2072 1197 1207 714 465 2493 1928 617 1166 2242 1590 2409 1300 895 93 1346 310 1593 1535 1631 614 407 2324 1785 2542 291 751 2441 803 634 2827 2066 2113 2143 1137 1213 1597 24 1019 426 2430 1689 2656 1298 1333 1257 1334 2024 499 63 1115 2016 954 182 1343 2149 940 304 1228 1914 1856 2178 2785 1693 2112 1685 832 1434 1389 149 2737 783 949 95 2546 1836 1091 739 1760 1093 2022 1712 1004 676 2111 596 272 983 1957 1357 1161 2214 2521 831
2843 257 1871 1419 1731 1138 2613 1800 1645 2609 392 288 1707 2377 2331 301 1527 416 937 742 535 1894 338 730 1466 1131 1007 336 1455 1243 749 821 678 855 253 1068 1425 1200 2830 2341 519 2196 1142 1778 2560 1850 1309 1516 1020 2243 2680 1498 365 1040 2251 435 1311 870 593 2299 2417 2087 2005 1794 2151 940 905 1424 2519 774 1581 1004 605 1992 883 2697 406 2492 1379 1573 198 2746 610 1094 2290 94 2549 1936 673 75 45 1712 2522 2763 2245 2056 1385 1749 1529 474
540 407 2242 1093 2441 310 1856 2111 2827 2413 777 1091 1914 2295 135 2785 558 1448 1996 1535 2615 1561 1593 230 766 617 983 967 949 1898 1945 1728 1683 783 95 1343 1804 2238 2737 1631 1346 2638 2202 2745 291 2756 1693 596 24 1818 940 1689 184 2190 754 2281 2024 232 1265 520 328 926 2143 564 2021 1231 1597 1478 426 424 2533 2472 2016 2566 2656 1733 2320 29 1269 634 1727 2744 2112 2733 2149 2224 417 707 581 1476 2673 1176 1888 536 751 2493 1149 2227 1296 499
851 1371 2141 1960 1661 2116 327 592 2572 2162 1113 2263 1525 1144 1949 40 629 1865 1365 2386 1232 2678 1744 214 2726 2197 1687 1199 20 2612 2571 333 2620 856 2623 2503 762 2152 1726 1336 42 1315 1458 1400 167 1217 23 1922 1280 1064 1013 454 2421 2160 2677 1038 309 1907 2522 106 1080 1602 2573 1363 785 2056 2079 941 275 1286 1659 2476 2348 398 1866 117 300 2303 2760 1616 2591 244 45 2115 861 690 609 2182 509 1754 2401 2608 236 1632 2161 1032 2502 96 1364 2216
761 2249 2317 44 16 1447 1469 1483 376 1995 2437 1865 1749 834 1990 1672 1727 1178 2700 1836 474 2555 47 832 783 2245 905 1263 2058 1044 322 1713 946 1425 213 1714 1801 1914 727 1641 2785 2216 115 2202 2410 1750 1288 589 1423 940 1529 1703 949 853 1363 1116 1654 1838 707 304 907 658 60 1322 1203 2523 2086 45 1535 1066 2190 1224 1222 1728 2227 1785 2514 76 1412 104 308 2210 1371 2441 2390 1206 1081 1277 198 2178 1798 2224 1006 1250 325 2117 2483 1041 2737 2745
834 2058 1277 1749 1727 2555 761 2249 2437 2317 1672 1483 1995 1044 376 1178 1990 2700 16 1469 1447 44 1300 1836 1425 1883 2784 483 832 2579 789 1106 333 2216 1798 1304 1288 240 2497 1801 2571 1559 2217 1353 1263 304 1865 2831 251 1256 47 1703 2178 45 1363 2182 2056 2245 198 1064 1015 905 940 20 1430 1334 1361 597 2066 569 2705 1593 989 1736 2210 2118 1161 2335 2726 1668 2450 340 1401 2522 2224 75 536 1553 1364 886 2313 2054 1785 171 576 400 1203 1004 76 417
142 802 555 1492 2029 868 429 1890 554 2078 1053 289 1888 878 866 2668 1562 199 2333 2743 176 432 1033 1393 1431 2108 2384 681 332 1398 21 361 2451 733 417 62 2786 2227 979 1686 1268 2117 886 1418 597 340 680 36 1588 1699 302 988 1430 1065 893 78 292 1886 1132 500 536 121 743 2423 1499 1553 1256 569 1449 571 2267 2217 2671 1236 427 2380 193 2090 1038 901 2415 1057 1668 1478 568 2224 213 1597 2533 29 2115 24 2421 2568 2566 1754 2827 690 2408 2172
79 2068 722 2665 1067 2511 1547 350 2305 1134 246 2842 116 1463 1935 2041 97 137 2741 1606 2135 899 1212 204 2766 2825 1464 1076 2736 2248 686 2813 804 447 2286 2292 2580 2319 2558 2382 329 1962 692 2598 1183 790 1639 1126 2728 1777 2436 1937 725 2719 2393 948 677 140 165 59 1677 271 491 1055 1771 442 1868 2389 682 2440 444 1624 705 1545 1656 2625 626 817 2506 1892 12 1408 526 2528 1986 2283 1721 2817 1185 2438 1934 1737 188 2501 1202 2250 1452 2534 1592 2082
2843 257 1871 1731 1138 2609 1800 1645 1707 288 2613 742 392 416 1419 937 730 338 301 1466 2377 2331 535 1527 1894 1131 1243 749 678 2746 1516 336 2290 2251 1794 673 2830 1068 2560 1379 1005 1455 2299 2151 2492 1007 855 1573 1581 519 774 1020 365 593 1670 2730 435 1309 2788 2087 2417 2005 410 1174 2697 1968 1142 1094 112 2364 1498 2341 2519 1783 2549 2516 253 1936 881 1850 2196 1079 821 1992 248 870 544 707 2408 2680 1311 610 1495 1040 717 905 2243 1779 19 1425
1810 2509 67 202 1075 2583 1001 249 2121 1012 2350 627 1406 1195 404 1944 1055 1609 2057 1594 1869 1894 2728 899 742 1707 338 1212 2825 725 2294 2207 2558 2741 1606 232 2766 388 1945 2233 137 1516 499 2135 709 1088 1779 1223 550 204 2638 378 1512 925 2291 24 1910 902 2254 145 349 2809 65 2842 1478 165 574 480 1192 2020 424 892 201 2042 843 730 1590 937 538 119 2733 2033 494 1689 1517 2143 2435 1463 1448 917 2748 1992 1935 2684 371 359 32 1969 2224 2295
1873 890 2306 120 1917 1543 2681 2265 507 771 2199 533 1955 2191 316 2237 1314 2789 2597 963 1164 1109 2799 872 1111 740 1885 699 2716 1823 367 1099 1991 1332 162 1441 2177 1182 2592 602 2527 2052 1135 968 1327 2212 587 649 235 2610 261 1746 1774 1010 2322 1852 2193 972 1650 633 1117 81 2764 2557 2552 2250 2534 2119 772 2689 1680 2773 238 412 705 2181 849 68 2343 504 2822 2500 2365 553 2715 2144 2370 2774 503 2812 159 31 2770 711 1278 354 175 2742 1827 326
2792 118 1791 567 998 1583 919 952 1354 2065 9 808 2711 1769 2778 1579 2729 945 841 1179 930 2491 928 1920 1854 1657 2328 2379 1851 2647 778 639 2252 1578 2682 982 1977 1470 1667 763 382 517 114 1531 1970 1770 1651 819 2225 916 1819 887 227 1585 1625 748 1688 98 1063 1864 151 1528 1271 2575 923 2274 975 875 1404 2076 311 467 674 7 2833 307 2361 2304 2793 2139 547 2468 1911 1210 2576 900 2736 1808 2371 353 1486 1925 2042 776 2716 2474 1100 2312 1366 1437
2706 1671 506 1844 8 565 745 1286 325 1474 2535 959 1363 1288 1703 755 2216 796 690 2449 171 1387 2450 236 2608 2760 183 1736 1638 2182 1806 2342 1560 621 1064 1364 2612 2512 1537 1251 333 2401 45 2425 2705 2056 1321 2156 2197 2096 2831 2522 935 1098 2645 1436 2362 836 1709 1790 850 1006 2432 2116 856 2750 586 37 1504 459 309 2823 1933 2071 1090 443 986 2313 2201 2218 1308 1217 1082 1336 2153 307 922 1015 744 894 1305 685 2249 42 23 1570 123 1763 2468 2150
1993 712 2439 1045 197 1782 2836 1663 1658 2767 1381 1422 2241 947 2130 1544 1617 550 1444 463 1054 1870 26 2649 1328 440 2050 1369 2628 1679 1649 925 735 51 179 1218 169 1840 348 480 2837 2454 1261 2840 1623 1417 2011 645 445 2707 1796 2289 1630 2638 2769 1710 1624 1029 2817 1489 1644 665 1446 2528 1926 1360 2790 1934 2616 305 1656 892 2826 899 260 817 900 1407 2034 2411 24 2714 1569 1102 2044 2295 2078 1478 2375 2246 860 135 2832 2143 2021 2481 1448 2501 1728 2300
2545 2034 1796 100 305 155 2713 2721 715 48 1569 562 439 2433 64 1453 1640 1490 51 2309 2376 201 1901 1860 1584 2213 2826 1656 2650 2045 2817 563 2790 2023 1934 1407 1102 2501 1926 260 817 2528 188 1644 1624 1148 85 2044 943 2755 1316 1878 168 221 204 2411 2832 1319 2300 312 1993 2289 987 925 231 2649 26 1870 480 348 2312 2842 550 1606 59 1369 2455 4 1009 1545 2088 725 2556 611 659 899 2766 1123 2082 1417 421 2454 2248 704 837 712 1405 1815 626 2382
2797 352 2844 2092 1539 891 2269 2833 90 2576 2139 1571 1549 2473 2371 299 2776 837 17 428 1009 2484 642 573 2455 2731 264 2100 1698 846 1159 1982 1815 2138 2403 2486 2338 195 2223 600 1291 1622 741 667 403 267 1338 1589 1735 1122 1814 1349 1618 2063 2412 1238 2175 2226 1994 1409 2253 1540 349 2255 1925 2661 867 317 2094 115 827 687 1619 1095 307 226 1295 2811 1199 166 892 400 1060 1530 2738 1880 2399 160 1078 879 234 2635 2607 1802 969 1660 815 1987 454 888
2567 106 1927 2751 1171 2109 96 894 1661 1214 22 2554 419 1632 2153 189 1032 1251 2522 1364 2060 2056 1064 45 1703 1288 2401 2216 2831 2502 2705 2182 150 2760 621 1363 171 2152 236 2608 183 2141 333 481 2612 2726 1749 1987 744 2116 1605 815 1727 2841 940 609 2571 2313 42 834 1483 1004 205 1336 2162 2555 376 506 1865 2521 2112 2566 1447 2058 1469 2404 1960 1744 761 1013 1269 198 1844 84 1738 75 2179 1891 941 1434 1867 510 620 1766 468 957 214 1286 588 1343
1125 1753 2777 2077 2772 2478 70 2561 1035 1839 2510 1834 2818 2015 951 1252 1842 431 18 601 2 2663 1533 103 297 680 1323 1785 766 737 1830 101 1230 328 395 436 364 1389 2504 29 286 2238 1186 1559 215 2161 1728 1683 1357 581 1759 2172 2000 1180 304 2601 1115 1213 2242 2113 2644 962 1423 39 2624 989 702 2471 2178 315 1908 2759 650 1608 1845 1557 1968 126 502 2066 424 1801 2216 1726 990 2757 529 1235 691 1786 1027 572 284 1971 2622 2314 1821 1390 2251 1065
1357 39 2281 2288 1180 564 230 1818 1786 2495 926 1996 1836 1106 751 76 1257 1971 2114 2000 1593 777 2700 1535 1559 1538 2224 2785 2324 1091 1846 2489 1714 1178 832 2437 1116 1713 1856 291 2699 1914 2493 2542 1346 683 940 581 1672 1476 2129 1434 989 1990 1561 327 1451 1019 834 2497 617 1749 2132 75 2555 1685 1004 1224 198 2202 1727 2058 88 2112 182 149 676 2737 2111 1693 1343 954 898 2441 2745 15 441 907 95 2294 1631 1483 792 47 1798 2149 1298 853 63 1641
79 2068 722 2665 1067 2842 1547 2511 1134 2305 246 116 2741 1935 350 204 899 2135 1463 1606 1212 137 2041 97 2766 2825 2580 686 2558 447 1076 2736 804 1055 1464 2813 2728 329 2248 1944 2286 2382 725 2598 2292 692 2319 165 1056 1677 1777 2436 140 2294 1126 2207 677 1962 1771 59 1639 1624 2719 1452 526 271 1937 864 1183 12 1892 2625 202 348 948 1721 2393 1868 2389 2528 1656 790 2440 817 2817 925 1926 1202 1986 274 2455 705 1545 1408 70 312 1870 2082 626 2435
2011 645 1444 2707 1623 1679 2837 1054 1649 1328 169 947 1663 735 2767 1617 1544 2050 440 1782 445 1381 1261 2836 2130 2840 1045 2439 712 965 1840 1658 2241 1029 1993 1253 1218 1422 51 1552 134 319 2287 2735 463 30 1445 2628 179 1307 1489 2046 1640 1710 992 1775 2649 489 2312 1948 1870 2084 1208 497 1369 26 1416 2352 1586 1437 305 1362 550 900 411 2481 2150 2454 2596 1417 1860 1250 1897 2183 1834 123 562 674 197 1190 348 1123 2133 2424 2271 2766 2769 665 1654 2088
2171 2666 2043 2810 2816 650 1891 1723 2346 475 1916 759 620 732 1702 2643 181 1797 807 1188 820 1260 411 285 6 1541 546 1603 1221 1697 1858 750 582 1083 922 1605 334 1865 2502 1882 420 468 2152 2521 510 2179 1738 2807 148 1456 1397 594 372 37 2768 2056 198 1570 752 2497 75 2313 1502 1284 1703 980 1288 1364 1203 1015 1488 1222 258 940 1004 45 1251 2182 2216 2118 954 36 1064 2522 95 1685 2149 272 1610 1343 1957 1322 2469 76 1749 479 2760 831 2214 1412
1472 1303 430 2693 478 1475 2236 1140 1037 1635 390 1967 726 1715 314 1050 331 2053 1124 655 1918 27 2059 999 1127 1274 561 1187 2406 799 1648 1662 471 1438 290 2061 2429 1921 484 721 1647 2402 2505 2465 1972 1503 653 534 936 363 1317 402 1395 1273 806 1756 2407 1780 805 1568 643 2557 1755 2301 2244 1216 2698 758 1011 2611 1692 2173 786 838 1008 1275 1465 209 2690 2687 782 780 2280 53 2531 1018 1730 389 408 1506 2017 2062 391 2470 1929 1282 2794 2232 1961 2632
646 1175 1798 485 2787 2054 1306 1951 589 727 658 714 1207 1558 2072 1087 614 898 1137 1928 853 293 1166 2409 962 1361 895 93 1590 1334 2323 1230 572 529 2066 2113 1213 2644 395 1257 304 2178 2000 1451 1801 1394 2324 1197 803 2546 76 1559 465 1300 1106 1115 2493 1786 2667 2277 2784 251 1971 1427 989 1883 374 1683 1312 215 1389 2540 2759 364 1597 751 581 1538 101 634 436 240 1561 483 426 2143 1353 24 1180 789 545 1785 341 2114 2224 39 1357 676 1898 2040
1444 2011 645 2707 1623 1679 2837 1054 1649 1328 169 947 1663 1617 2767 735 1544 1782 2050 440 445 2836 2130 1381 1261 1045 2840 1993 712 965 2439 1422 51 1029 1658 2241 1253 1552 1840 319 1218 2287 1416 463 1208 1948 1307 1710 134 2735 1489 674 2046 1096 1586 860 562 489 1369 26 1437 305 2076 497 992 259 1860 1640 1027 2454 1775 179 2650 1954 1711 1834 1897 1654 550 906 2084 2133 2352 2410 925 900 1362 1250 1641 1569 1445 348 2649 1740 1423 232 2628 2088 1322 1066
2740 2403 203 667 867 1735 798 2749 1059 1524 428 154 385 2431 814 1863 127 1925 1619 2371 226 2198 1629 403 17 1159 158 2063 242 551 2412 342 472 2607 1982 2484 90 2633 2811 573 2694 1814 1086 352 2455 1122 2269 2444 837 2776 2581 264 2255 1660 2002 1811 2710 1589 2127 299 1815 2187 2473 1803 1653 2731 1494 1432 1480 2797 1338 880 1530 846 2206 2094 1071 1816 1675 1009 1078 2783 1826 842 1522 2139 1193 891 2833 2844 2576 160 287 1549 1421 1377 687 2175 1571 2266
1697 2167 2268 922 298 1763 459 1188 37 1456 1090 1082 759 181 2643 1308 586 732 1285 620 1702 546 1570 1284 1797 1221 1260 285 973 443 807 1006 6 448 582 661 1882 122 1541 1083 980 1318 411 1858 2118 2194 2043 1911 2171 1227 2816 1015 2261 1884 820 636 829 2807 669 2749 1153 468 2468 2623 2168 1610 796 2666 650 1536 956 1322 2810 1603 476 475 275 1761 1267 2476 2313 2287 258 1723 1200 2823 747 1145 1916 2463 1380 2263 2469 461 334 1084 2086 2706 236 1891
1096 1948 1416 1362 1897 497 1586 992 2046 2213 1218 1569 2721 2241 2034 1796 1630 899 1051 1381 712 2135 1658 1329 100 1045 892 2545 499 64 1360 155 2300 1926 122 1212 1910 2790 1993 2650 704 46 988 1316 26 925 2817 48 1728 221 439 2384 2090 259 137 1860 1934 1009 1782 2272 21 1067 2083 1431 305 231 2741 2638 715 2150 2298 665 2815 733 1102 1446 1659 1610 2464 1793 79 36 2825 754 1266 1656 332 2227 2454 2352 2224 536 51 2836 2767 2616 204 1337 2481 425
2713 2433 1453 1490 2309 2376 2034 1901 2545 201 1796 1860 100 155 305 48 2721 563 715 1148 2826 231 1569 562 439 204 168 1640 2650 260 2213 2842 64 1316 51 2088 1878 559 421 900 659 1123 2501 1606 1584 899 704 1437 480 2289 1034 2367 1307 2714 2272 188 486 2515 2312 857 2189 784 2840 1870 2229 1350 1190 2424 2135 1464 1056 59 1934 1463 405 1486 2068 2461 978 85 2382 1386 1212 2455 352 26 1547 1752 950 2082 2393 1545 2649 197 137 2769 1369 746 1362 2044
752 2823 1188 229 411 620 732 1560 1260 759 181 1858 1456 1702 807 1284 2643 1797 922 546 2807 2261 468 122 1227 1697 2313 2194 2816 476 1882 661 285 1761 1221 2043 1541 1638 1153 37 6 2666 2071 1083 980 448 582 2118 669 1283 2720 2171 650 1610 636 1015 1806 1318 644 2810 1321 2442 755 820 1108 2688 84 1736 1884 1536 1891 1098 1768 973 270 2362 2476 387 1709 935 2048 2562 2512 629 1790 1570 2201 897 2750 2645 941 829 2096 2749 2168 2498 2432 2346 2761 1006
546 582 1083 1221 1702 2643 285 6 1260 759 732 620 181 1797 807 1697 1882 2807 1188 636 922 1318 2816 1536 1891 1541 2043 2171 752 2278 2666 2810 1723 2749 475 650 2346 1916 2194 820 661 1858 1456 2261 1768 1603 2476 1865 1605 2502 2761 713 37 1206 468 2313 2048 2469 2492 560 1283 281 1420 2425 1145 2678 1227 774 1450 2107 830 594 956 691 2463 2621 1740 2152 905 339 1153 2720 393 2086 2688 1678 387 2249 1732 1761 1957 270 1222 1094 669 2149 2410 1203 1178 1047
898 465 853 1197 1300 1087 1558 714 1928 1561 1207 2072 2493 540 1166 2409 1590 1631 895 93 291 1593 614 803 2324 617 634 751 24 1535 2430 2143 1689 2066 2242 1115 1346 2024 1597 1785 407 426 1257 483 2542 1213 1389 739 499 1538 2113 2579 2546 834 676 2638 1334 2784 1749 832 310 1265 1137 2759 2827 789 1883 1277 2785 1228 240 1161 2441 374 792 251 2058 1847 576 304 2178 2217 967 1804 1668 1786 2112 1513 1836 1996 1091 2700 1672 1427 733 1693 2828 2054 1353 1374
2224 853 76 2495 414 1149 293 739 1928 895 2756 93 2673 1590 1166 2320 754 714 286 2667 426 662 1207 598 2021 1894 1087 1818 1558 2143 2814 1597 2409 898 2533 2221 2172 926 1168 1197 1299 803 1231 1707 24 742 2072 540 344 614 29 2324 2539 671 882 2629 1637 1689 2428 906 2281 634 2387 820 1728 2735 2568 465 1829 1557 1265 2024 1740 1199 1099 1555 1212 2423 27 358 1390 123 1759 674 889 1698 137 2622 1571 589 1944 415 1613 1466 1747 2225 2226 911 436 573
1656 1102 2790 1934 2817 2044 85 2501 817 2832 312 1624 1926 1644 2528 2411 1407 987 943 221 2300 188 1405 635 1319 2034 1796 2545 611 1146 1870 2270 2082 1545 4 480 1737 2649 2389 712 925 155 550 556 1630 59 2826 305 626 1202 1752 348 1360 2312 26 1386 260 1658 1369 2842 2766 2439 563 1045 197 1782 899 201 2256 179 2213 1029 2454 1417 1381 2397 787 2741 137 2289 135 1468 2185 1569 2367 2241 204 1316 518 1112 2298 638 447 2558 1422 1190 904 2836 659 2309
2765 1024 1039 89 2531 1011 1875 1843 131 314 2285 1274 1967 1715 1050 390 1635 1124 495 268 1037 1500 452 1475 33 2053 241 1648 1127 2565 2406 1472 2316 1140 2059 27 1941 653 2236 2693 1187 53 1503 1929 2173 1730 449 2773 200 430 324 1008 1923 2301 484 478 2407 1216 2698 2687 331 628 1662 1378 1022 467 2280 1026 2017 1021 1062 999 1655 1813 290 2429 1829 129 1220 1275 1961 726 2091 1706 501 1273 2806 389 788 363 799 838 209 408 840 758 1297 295 456 1282
957 2464 1889 2725 609 2404 509 1766 5 844 2457 1515 2448 1696 744 1426 2128 2115 466 244 2124 1616 1326 375 473 425 498 2014 2141 2366 306 388 1637 163 1061 1754 2421 2351 2468 1987 815 1556 1038 232 1945 2566 520 1525 2109 2522 2056 106 1269 150 1661 45 1032 19 2508 183 424 2521 2572 1064 1849 1477 1880 894 119 592 1596 1383 1602 510 2263 621 1296 2222 2751 214 2278 707 1364 171 189 1280 2182 2744 2760 2153 1867 2390 2354 1529 2203 2060 1171 1960 690 2554
2548 1375 857 2662 1350 1776 2363 1551 2356 2727 720 1887 2039 2659 704 1043 746 2123 2332 2399 421 2460 2590 801 885 557 1191 1665 1034 1 1724 570 1877 2206 307 2739 1358 2229 2327 2456 656 1520 706 1542 689 228 77 1664 1925 2186 1025 1792 1193 2321 263 2672 756 1619 798 2004 1229 797 1575 1930 2749 879 1457 1947 2330 158 294 551 687 2198 342 1086 2125 1861 57 795 2215 234 1392 372 913 667 2844 1580 154 352 2581 2050 1234 1982 1440 880 1758 493 563 1572
1262 455 2232 1506 113 2137 1568 822 1140 478 1124 314 1303 2693 383 726 1475 2053 1356 331 1503 799 27 1967 2059 1715 390 2236 2407 1037 1635 2070 1050 655 1505 2698 430 1662 484 2470 999 1274 758 806 2465 2505 2429 534 1918 1472 525 471 1127 363 1187 408 1141 1438 216 1648 53 1024 936 1248 1435 131 1780 418 245 2406 464 2301 1282 209 1706 838 1273 389 654 402 653 49 295 1875 1481 2311 786 1612 2765 290 625 139 2611 1929 2244 2061 1972 1278 1932 780
150 106 2263 1525 2562 1318 1536 2442 1279 859 2678 2374 1596 1083 2720 2141 2278 96 971 1280 636 2188 644 366 2807 2401 1726 2048 621 1927 2761 387 43 2623 1108 894 2688 1768 133 84 1797 1032 940 2554 1504 2498 474 2168 732 1483 2737 2522 620 181 1283 793 2612 946 1632 1004 2555 189 1979 1727 2831 2718 1103 1758 1170 2572 1251 762 1263 270 957 570 949 640 1999 2153 2476 1436 1749 2060 2147 1790 1380 300 1064 1575 661 2448 1750 624 2245 797 2502 2071 2218 2541
702 1830 848 126 1845 2624 2471 2601 931 1908 2276 578 1767 1114 103 297 1323 688 990 1235 284 1413 502 1608 1186 835 768 2314 1391 1107 1720 1821 250 1340 903 1310 1254 65 1512 2388 684 1975 2656 522 954 1426 2149 1798 581 75 2497 1203 1685 1298 1397 2542 1605 962 198 2494 1106 737 2706 1175 940 420 1801 215 850 1738 1004 1559 1207 1570 1343 1916 485 1434 1230 182 2737 1693 767 15 2056 310 1602 2768 1458 2152 1357 2113 149 2521 45 1144 2114 304 272 2522
485 1306 1175 589 1951 727 658 1798 2787 646 1207 2054 714 2066 2072 293 2113 1213 1558 853 1087 1427 304 2178 2540 374 1361 962 803 898 2323 1166 251 1230 1928 1257 572 2546 1334 1137 93 614 895 1590 2409 529 1115 2644 76 1883 1394 1971 101 436 395 215 1900 1451 2784 364 1197 2381 1785 2759 1312 1786 1683 634 1353 2040 2324 1300 1801 341 737 581 989 1597 545 2493 426 2143 2430 1559 2579 1389 24 789 1106 1689 2242 483 2000 240 2277 2024 739 540 2504 1149
79 2068 1067 722 2665 2511 246 1134 1547 350 2842 1212 1223 2305 2135 2041 1463 1935 116 899 2741 137 97 1606 677 682 2580 1874 1076 686 657 2708 1464 491 204 146 647 2248 1944 2435 2382 2813 2683 2057 2598 2569 2438 1185 2286 2436 574 1592 1183 1962 2291 494 1937 1777 2766 1639 804 329 2393 1632 2506 217 1899 1452 140 2639 948 1329 2736 2335 974 2558 96 2116 1764 1337 2427 790 856 419 1330 2825 482 2570 362 2839 1841 2294 1052 2153 165 894 1305 2257 36 340
557 1862 2460 879 2363 352 1863 1619 1925 687 1982 2710 127 1509 2835 2444 1607 405 1341 2758 2738 2801 160 2175 299 2189 1069 2595 1078 741 685 1242 147 1421 2139 667 1807 1480 2844 2094 1549 1366 1530 1295 273 428 1524 1338 1 537 1811 262 2820 1660 1278 1025 1816 2269 888 57 2607 2412 2385 2614 2833 2213 577 2138 2811 2431 1792 1034 203 1735 2517 1828 1520 307 226 798 2371 2776 2548 317 195 1167 1215 264 349 795 2633 1276 2455 2298 400 1349 391 827 2524 1059
841 1579 945 2792 1179 9 567 118 2491 1791 2328 639 2682 1977 1578 1470 1583 998 952 2647 1920 919 1667 887 2711 778 1769 1354 2065 1531 2252 1063 748 1651 382 114 2778 1770 1854 808 517 819 227 2723 763 916 1585 2575 1970 982 930 2729 1851 2225 2042 1625 928 524 2200 1172 2693 1819 910 970 1643 2236 2334 1942 2062 1864 1475 1635 1967 2379 1924 2285 390 1042 2556 977 1657 196 31 1715 2773 2081 2053 904 271 2814 225 1050 1428 1274 2687 2397 547 1127 515 2499
1113 2141 2152 1371 2502 214 1768 621 183 270 2761 2048 1364 2056 2263 1283 2522 1251 45 1525 171 2841 1064 2182 2401 1108 2760 629 84 2612 941 236 2705 2831 2608 1139 1703 1288 2216 1605 2572 959 851 1865 1953 2348 327 1363 506 744 565 2116 333 1866 1144 1844 1602 1365 2623 1560 1661 986 1280 2677 106 1286 924 1960 1738 1032 2503 1949 42 609 1397 1987 940 2720 1171 2442 420 2497 474 815 481 198 2404 844 957 2109 40 2768 594 1263 2751 1203 229 1880 2521 1891
352 557 879 1366 2460 1480 1816 2363 1539 2607 2175 1660 2138 2633 2710 1349 1242 1 1520 1925 160 2473 685 1619 307 1025 147 1078 1530 2797 2094 2727 299 273 2269 2139 2226 2431 1863 891 2738 2833 1862 814 1982 2844 2709 2399 2595 1421 2092 2648 577 127 2455 2371 2811 1509 2340 2444 2758 1540 2213 1069 1803 428 264 837 1341 2524 1618 454 385 2484 867 166 2403 1549 472 262 1815 1607 969 2104 267 1009 1167 349 234 888 2576 551 1238 1295 90 1291 203 1698 2614 405
898 1300 853 1087 2066 1207 1558 714 2072 2113 1213 1197 1928 1166 2493 465 2409 1785 1561 304 2178 614 895 1590 93 1115 2546 540 617 803 1389 2324 1137 2242 1631 1593 2542 483 2784 1346 634 407 1535 1883 1257 310 1228 1333 291 2430 751 1019 2143 1161 374 24 1513 1597 63 1175 1334 485 1847 426 1353 2024 499 2022 2827 2149 2054 1685 954 149 1427 251 1773 1693 1298 2441 2656 1798 1689 1343 727 589 182 2016 676 76 1971 1951 240 1786 940 2579 789 1795 95 215
536 340 2090 569 121 332 988 1132 1588 2227 2786 193 979 1268 2668 1562 1449 2108 2384 36 176 1890 1418 1065 289 1393 1033 1431 886 1686 2743 2217 2451 21 1699 417 1888 142 1492 1256 733 554 597 2117 2078 199 1057 1793 866 802 427 1553 1910 681 2029 555 571 429 2267 1728 213 62 1053 2380 1430 361 400 1870 500 1398 893 680 1301 292 2415 1190 2295 135 1764 2335 1886 1329 901 1236 2649 665 29 2413 2083 1337 2671 2533 1478 302 878 558 2481 2300 865 2673
2138 846 573 642 17 1338 600 2255 2811 1571 2486 2412 2100 1622 403 90 317 1060 2338 2403 1698 537 352 1159 1815 1735 195 2063 867 961 1009 837 2614 2455 2484 2835 1349 2223 2709 1078 160 264 687 1607 1530 1291 1994 1341 405 2339 2094 2758 1862 2844 1069 891 1619 1814 1828 2738 299 1982 1540 127 667 1925 892 1964 1660 349 2797 2607 1618 1816 428 1409 166 1480 307 2648 2633 2371 46 577 2473 879 1421 267 2460 2731 234 2635 385 1238 2175 2372 1366 557 2595 511
834 2058 1749 1277 1727 2555 761 2249 1044 1483 376 1672 2437 2317 16 1995 1447 1469 2700 1178 1990 44 1836 940 1087 898 1300 832 1343 783 2737 1004 949 2571 2072 1865 2112 1593 1558 333 2542 1561 198 1103 1207 1298 714 2066 853 2497 75 576 2441 2216 1785 1535 2202 727 95 954 2827 149 1685 2726 465 47 1333 1288 2785 2022 2182 182 1161 596 310 1434 1425 1064 304 1175 1798 2784 634 1363 617 2024 1364 76 1217 2113 2705 1213 856 744 988 2162 2217 1703 2430 609
150 2720 2048 2562 2442 620 106 2502 2141 2278 644 181 1318 732 2761 2688 621 2807 387 1536 1768 2401 2448 1596 941 2591 1279 1797 1953 84 43 636 2841 270 2498 957 1365 1283 2152 1927 2263 2188 752 2718 96 1280 335 2230 1726 1458 1108 1251 2612 2705 1139 2725 2831 1004 341 398 949 2203 971 1419 482 762 1482 2623 940 2678 1171 2168 1364 1170 2503 2541 1525 75 1979 2220 2386 171 785 894 1605 60 859 2737 214 198 2160 594 2522 1032 2567 2079 2464 661 1103 1738
213 2408 707 1945 1849 520 424 1722 2354 232 2566 2615 1867 19 558 1529 1269 1733 119 2295 80 2413 1448 2390 1478 1296 2744 135 1383 1728 1533 1265 757 1984 184 1231 2533 29 1093 761 2320 2756 2172 1132 2638 2021 1588 286 783 1312 540 1719 1149 2673 754 2224 2472 499 536 2441 967 121 568 407 2242 949 1804 1038 2249 1766 834 2827 2143 2464 2227 609 1535 2078 24 289 634 1033 2094 617 218 2014 310 1562 2668 473 2112 36 672 777 1091 2404 2090 2725 1661 1749
1125 1753 2777 2077 2772 2478 70 2561 1035 2510 1839 1834 1252 2015 951 2818 431 18 601 1842 2 1759 2663 2622 2757 1557 315 297 1390 2601 103 2471 502 1165 191 1235 1323 2624 1845 1186 1533 284 990 688 522 1908 578 126 2314 1788 1130 395 1391 165 581 702 1728 2728 2000 2302 767 1389 1801 725 1608 2161 101 848 175 1830 450 1340 67 2276 962 386 1559 364 1895 2504 1168 757 1829 1299 2535 1474 1230 1951 2769 250 1683 1965 2702 1306 1440 680 29 737 1075 412
2713 2433 1453 1490 2309 2376 1901 201 2034 1860 1796 2545 100 563 305 2826 1148 562 155 2721 231 48 715 1640 204 260 168 439 64 1569 2650 2213 659 1316 51 2842 2088 421 1123 559 1878 1307 704 784 899 857 1437 900 2229 2272 486 1606 2135 1212 1874 725 2515 1034 1362 2455 2068 1463 2840 1940 2367 480 2461 1986 1337 1486 1190 264 137 1189 2649 1134 1547 687 77 1496 746 2382 26 1584 683 1815 837 1984 2289 1383 1464 1369 793 2511 59 1870 2155 1449 2312 682
2045 2023 1584 2755 747 770 1796 1301 1926 2300 817 2140 1516 26 1604 1870 1369 202 892 451 186 463 1701 542 1910 2817 1656 712 258 1981 54 2790 348 925 2741 660 1739 1102 709 1237 638 2782 710 1029 2034 1045 1624 1728 631 2259 1319 2083 2766 197 2037 2545 1017 2825 1707 1514 480 2649 787 2796 1058 1562 1888 1000 1417 360 188 1934 1035 1893 2842 530 1489 221 155 955 943 899 1557 1518 417 1407 2257 1839 2258 665 135 860 1673 230 1710 1810 1894 1853 1658 2454
1260 807 2060 189 2153 419 894 2554 1032 1858 2313 1632 546 1927 2823 96 2749 1188 759 1221 2643 1456 1702 181 1284 6 732 582 1797 106 372 411 285 454 468 481 620 1570 1697 2810 2043 1153 1865 167 1084 815 396 1083 1844 922 38 1987 2171 1199 448 1286 1882 1593 1227 820 1288 1189 636 37 592 755 2468 2476 2261 1250 1015 275 650 2666 122 475 2627 1703 2472 1363 2216 1560 1426 1057 2784 2706 20 506 1353 1329 1736 1723 1525 23 2128 690 2194 1280 1687 2450
2792 567 118 1791 9 1579 841 945 1179 998 1583 2491 952 2328 919 1578 2711 1977 2065 2682 778 639 2647 1354 808 1920 1769 1470 382 1854 2252 1770 517 2778 1667 227 916 114 1531 887 1063 748 1651 1970 2723 763 2575 2729 982 930 2042 819 2225 1585 928 1851 1657 1864 1819 2462 98 2334 2059 353 1662 1438 2693 553 2379 471 2429 1692 2687 999 1475 2556 1625 2285 2236 1472 1386 363 108 776 782 2181 331 484 2499 1730 33 1465 547 726 936 68 2698 2244 534 523
1749 834 2249 1277 2058 2437 2317 761 1672 1483 1727 2555 1995 376 1990 16 44 2700 1044 1469 1447 1178 1836 1425 832 1300 47 1304 1593 2571 251 1401 60 2831 1427 333 2497 576 1883 374 2492 792 1801 2579 1904 2578 980 1064 2096 1865 774 75 2705 1884 1712 339 483 2381 1217 768 2522 45 36 1015 2335 1346 1336 1939 414 1394 2784 2056 2426 1798 37 1364 1556 2401 903 1288 269 1251 855 870 905 198 1263 744 1363 500 400 1206 810 1013 2519 2197 745 856 1691 2210
2649 1870 925 1369 26 348 480 2454 2769 2714 550 179 663 2538 1422 712 1417 2375 860 2130 1710 1489 1045 2241 1701 1658 197 689 1381 1782 524 445 463 1468 260 421 1193 2840 1840 2050 2836 559 1319 817 2439 1617 1253 2312 489 518 2419 2817 2397 188 1545 1552 1624 611 2574 1737 659 1437 2501 2581 1486 2652 2004 970 900 645 904 1544 1029 2528 1934 168 1054 59 626 2011 2826 1146 1788 1551 1172 2044 1644 2628 1656 2084 977 2039 1190 769 570 440 2116 2676 1102 2148
127 472 2138 403 2063 1815 1159 226 2455 2484 2648 317 352 1009 17 1338 837 573 264 1735 2266 2412 1863 667 2094 1619 1982 1060 537 846 600 1925 2255 1530 1421 2820 1803 879 867 2835 1814 2614 1078 687 1816 577 90 2811 1828 405 2710 160 428 2607 1964 299 1660 2189 1366 195 1607 2633 1698 2431 2738 1571 511 642 1480 888 1122 2100 2731 2371 1341 2797 2595 2486 1324 385 147 2338 1069 2466 2758 1509 814 1807 2385 2844 1349 1589 2403 557 2092 1939 2372 1295 262 1622
956 1882 2468 154 448 2749 1911 971 2476 644 669 342 829 416 1536 636 2740 1318 1768 909 2442 1797 2688 2188 685 1697 2167 2194 1520 307 1687 1221 1227 582 2399 551 1400 1726 661 2425 546 1260 181 2678 387 459 1153 2261 1206 1802 1880 1761 762 1541 2710 2444 2727 1188 1267 2503 300 1933 1524 2823 795 1059 2226 2118 1037 476 13 389 2197 732 1108 1610 1525 1286 1280 2761 1180 2695 1378 2168 2071 1790 1084 2807 2263 595 922 1346 2706 1932 2512 506 2048 1789 1416 2620
572 1230 2644 1394 2277 529 395 1801 962 1361 1798 2054 545 364 989 2323 2040 1451 1683 737 215 766 251 101 436 2504 1900 2787 2238 581 2000 341 2381 1334 2540 328 646 1427 1883 1971 1559 2759 727 293 2579 789 1951 2114 1353 2784 1306 589 1175 803 1898 658 483 374 240 485 1106 2242 304 1115 2178 1213 407 1257 1786 2113 1093 2066 1389 2320 2161 2546 2756 39 1091 1300 2533 1149 1231 1137 2021 754 2149 1693 1312 2656 1513 614 1728 845 1839 76 2776 584 1357 568
222 1933 2218 1436 1504 2512 1305 1790 2071 897 2362 850 836 2645 935 2096 2156 1638 1098 2394 1321 1911 2750 755 981 1736 1806 1052 1709 2452 2342 2432 2450 99 1200 2355 2446 1621 2201 2691 2560 707 612 1023 2408 717 1968 2642 644 1145 177 757 1085 1581 1421 816 1006 1309 208 2820 424 477 2404 73 2655 2829 2074 2122 783 1628 2290 1599 1634 766 2587 2195 881 1020 141 437 2830 2420 252 599 1719 2094 2202 609 2163 1722 213 1766 2385 2161 1423 380 1081 2510 1078 1717
135 2295 2413 558 1448 967 2615 707 1265 2408 213 1945 1804 1478 184 91 2354 2638 1849 1719 568 232 424 2235 2566 1722 119 520 1269 2320 2533 1149 1296 29 80 1383 24 2143 19 1984 739 1867 1689 2390 1728 426 286 2756 1529 2472 1597 2172 1733 2021 2673 540 634 2024 754 2744 792 2296 2224 2260 2430 499 218 1533 1231 2827 1593 310 1312 2441 1535 2649 293 2016 802 388 2748 1888 868 2121 983 26 1001 2332 1431 1870 2078 480 1061 1588 291 1091 857 1996 1055 348
1931 2526 2220 939 1433 2704 2445 482 2089 2427 255 217 1330 2183 1439 637 2657 521 2617 2308 2712 619 574 2051 2683 2639 2057 2291 647 494 2435 1223 1874 1899 1088 146 598 2499 368 1725 1677 531 1892 608 1771 1056 274 1592 1524 2037 2569 1944 2440 1055 677 526 444 1998 1942 271 994 2438 682 1555 1365 508 2728 1937 864 1052 1408 790 2813 2625 2719 657 1639 2393 329 12 1185 491 1473 2389 2708 2286 1752 948 804 2207 1721 2382 1737 725 2367 1868 1545 2248 447 457
557 2460 352 2363 2710 879 2468 1539 685 2175 1619 2226 2444 1242 1925 1863 127 1911 1480 1509 1549 1530 154 1059 2269 2740 273 2607 1366 2633 1349 2738 2811 2749 400 160 1078 147 1660 2104 827 1069 551 1025 342 1811 2576 307 1373 1982 2771 2524 2595 2661 2758 2403 2094 1227 1816 2797 829 1 262 1341 2709 2517 2139 667 2833 741 1638 2385 476 1188 1698 2092 2844 1904 641 299 814 1607 2823 2776 411 577 195 956 867 2431 1862 2455 1215 2529 1540 2784 1295 2048 20 1806
277 767 1938 1443 889 2686 1833 1747 2496 2702 2315 1980 2510 211 1460 431 2532 2685 369 2818 2015 1834 951 1989 1252 2522 1277 1064 1418 2478 45 2056 2777 1793 1342 617 1091 2058 1074 803 2497 940 2077 1605 2182 70 713 1065 13 997 20 1343 417 1080 2217 75 1904 1390 2335 1727 1272 2245 23 1996 2203 2760 2521 1561 745 594 198 1686 988 1364 1401 1203 2441 1087 76 2827 36 2772 1711 853 2108 1161 1004 2668 1047 597 1371 1557 2572 1562 332 2571 1176 236 898 510
1051 194 2352 2272 1218 2815 2628 1496 1965 2556 1261 1316 1636 1840 1658 2241 2439 950 1948 1381 2836 1586 965 1045 1544 1416 497 1752 440 1096 1782 712 2046 2069 1897 2130 2412 1649 1362 992 518 1422 735 2255 1775 2713 2367 1054 1860 2840 1868 1663 169 1253 197 637 64 2050 2811 1437 1993 2767 231 521 1428 140 674 2631 900 689 663 1143 2719 550 659 1862 319 179 2418 331 344 978 563 1589 2665 489 655 134 108 1552 430 2211 1580 2732 280 1777 2007 1833 2189 268
2843 257 1871 1731 1138 2609 2613 1707 288 416 937 1800 1645 742 1131 749 1243 1794 593 2151 338 392 2377 2746 2364 1311 2549 1419 2290 730 1466 673 535 301 1527 1005 544 2730 2299 2788 1968 1966 2417 253 2251 678 434 410 1894 1670 1379 365 112 1783 1068 2830 2560 336 1040 1079 2331 855 1020 1581 2196 435 1850 1007 2005 2697 1946 1516 1309 1455 1573 774 1498 248 870 1133 2341 2492 1174 605 610 2219 1094 1529 1424 811 707 80 19 1936 1110 940 1733 2519 1442 2390
106 1927 96 2554 1632 419 894 2567 2153 2502 1032 2152 189 2060 1661 2751 1171 22 2401 1251 2522 150 333 1214 1364 45 2056 1703 1064 2109 2831 1288 2216 481 2705 621 2841 171 2141 214 1749 1605 1987 1865 1371 2760 1363 940 2608 1727 815 2313 2182 2263 844 744 620 236 183 2726 2116 205 1891 2566 1004 198 2612 2555 761 834 2571 2623 75 2497 1144 1217 2112 2058 1015 1263 2604 1365 2404 2203 1434 2666 1960 1283 1139 468 957 2521 2162 510 941 2572 1738 84 1269 1723
540 310 1561 2242 1346 2441 617 2827 1535 407 1856 1593 2656 2111 1693 2542 1914 1091 2016 1343 983 1631 1434 2149 1298 898 1019 832 2785 949 1087 291 2112 2190 766 940 695 2072 1176 182 1207 2737 95 63 1558 1996 2202 1836 751 777 634 1004 2143 2238 1689 24 2745 1743 853 132 2615 954 596 1166 2493 1685 1590 1333 1093 1928 783 1448 2129 1334 149 714 1197 1597 426 979 2430 895 2409 93 803 2227 1760 2521 424 510 2786 1103 88 465 576 2744 1945 1161 1257 1203
2068 2665 79 722 1067 2842 2511 1547 116 2305 2741 350 899 2135 2766 1212 1606 1134 246 1935 1183 137 2041 204 2558 1463 2825 97 447 2580 686 2736 2258 165 1944 2728 692 362 1962 1841 725 2598 2292 1055 332 1076 1825 2719 2207 2319 2229 2506 2090 480 442 1130 2294 1870 1126 746 804 26 1464 2384 2436 1264 2649 988 1998 388 2286 2777 2248 1102 892 2295 2481 569 1009 912 1793 1588 984 1562 665 1926 1329 1337 1369 638 1728 704 2772 1057 745 294 1771 2573 325 790
2624 2601 2471 1845 126 702 1830 848 2276 578 1908 931 103 297 1323 1767 688 1114 1235 990 1413 1186 2314 284 502 1391 1608 835 768 1340 1107 250 1720 1821 903 1254 65 684 2388 1512 1310 522 1975 1559 1106 2000 1916 581 2656 1397 2346 767 2777 420 2768 2772 1230 475 2706 1801 1605 2077 304 2478 1139 962 1125 803 2178 745 1207 1175 2787 2113 1080 1357 1798 325 1753 572 1298 1426 1839 2841 2036 1965 737 650 529 988 1440 1922 70 690 1199 1213 1451 215 2542 1027
392 1419 301 2331 1778 1425 257 535 2377 1527 937 2843 1200 1894 2318 1871 1479 2341 519 2613 1731 1707 1138 2680 105 1992 2249 1387 336 761 253 905 1713 1714 2763 2609 488 744 1020 1800 1342 1203 289 1222 1865 1178 676 1779 1645 272 322 1476 1957 479 1836 1206 2030 1750 1243 2420 1749 1469 1455 36 2317 2214 738 2523 163 2700 1385 2202 831 288 2830 47 1309 44 1073 933 416 834 1065 16 1727 881 1581 21 1449 1740 76 2437 2745 2190 2384 15 1990 1007 2335 1266
2232 653 838 2017 1274 27 209 2565 1843 139 408 1282 290 2173 1127 1961 2280 495 2693 356 1021 1568 525 2765 1011 245 1472 2531 296 1024 49 449 1140 1500 131 239 455 241 113 1780 1262 2137 268 2164 2794 2091 2285 1781 33 1506 1875 1662 822 1475 452 383 1124 2396 1505 758 53 2316 363 1941 2053 654 2429 799 225 207 618 2059 534 2311 1216 2025 471 1787 1918 1438 2236 1555 1037 200 2687 1967 314 806 1356 1755 402 216 1715 390 786 1635 2470 1503 2669 2611
1870 2649 925 1369 26 348 480 2454 2769 2714 179 550 663 2538 1422 712 1417 860 2375 1489 2130 1710 1045 1701 2241 197 1658 463 1381 1788 2050 2439 260 2840 445 2289 1782 1840 1102 2836 1190 1656 433 1617 1146 2397 2826 1934 518 421 689 2574 2424 2501 2628 188 1544 2817 440 1253 1552 2790 2011 559 489 1624 1218 135 1468 1202 2034 2312 563 769 1926 2088 943 1319 1328 2084 1358 900 1796 659 2767 735 524 2832 2044 2419 1665 704 1901 168 817 2650 2300 1792 1437 1029
377 828 2578 2798 2629 1272 729 2539 2120 1429 2428 2210 1070 640 13 2031 2520 2221 1910 1399 672 2038 2640 933 1764 2828 964 1266 2570 2602 2513 2808 2335 1668 2083 1337 2839 1952 1374 1249 2671 2795 865 358 1329 698 955 45 680 2056 2608 2401 2522 236 2725 2464 2760 2182 2448 1521 1364 1217 2831 1064 171 328 2571 2238 2384 2612 536 571 1425 1251 2720 621 2678 400 766 2705 644 2445 42 2512 183 1880 2278 569 2451 2415 333 300 1797 1726 1793 2032 1904 1536 2183 1512
2510 431 1839 70 1125 2777 1753 2561 1035 2772 2077 2478 1834 2818 951 2015 1252 461 1976 395 2149 2471 2113 304 2497 2066 2656 650 1213 2601 1559 2178 1785 596 767 1390 39 850 824 1908 903 2547 1176 75 95 1749 2644 1106 2751 1357 1845 831 2016 1693 277 1562 13 73 1272 2214 1830 1416 417 2726 1371 272 1065 702 2249 962 576 2074 1217 1938 409 198 1744 1759 479 834 1557 2022 1842 20 2162 1423 1064 15 1605 2602 2009 1549 896 1798 2757 2700 2401 2335 2457 2771
1104 1669 834 2550 2555 1507 1727 728 2414 1177 2176 55 1646 761 2641 2604 107 575 1691 397 2058 1277 1749 2249 393 2019 1194 2136 1044 2754 2080 863 1523 339 1450 831 384 1957 560 1995 272 1244 1420 1222 2214 584 845 409 1482 1144 2695 15 905 2245 1206 2107 1288 373 479 1483 1785 1178 376 474 1016 1203 1641 2216 1263 713 1703 110 2463 2623 738 1322 985 1093 1371 2317 907 783 2410 308 577 2154 1865 2572 1835 1074 940 2395 2086 1447 2700 2114 2437 1228 2497 2263
247 1204 1359 723 2585 1772 539 303 2582 153 450 206 1121 2485 1997 343 1403 1751 862 2603 871 2718 1633 719 2008 764 2146 2284 2018 2487 1289 2165 2551 457 914 2209 2254 1245 998 190 1128 812 2453 1583 2544 1493 259 2019 40 2233 2574 212 1253 35 2676 1895 2753 1552 2424 2652 559 1878 675 776 2627 667 98 118 1566 74 1226 1066 1351 1734 604 873 1595 982 1046 1354 2192 2535 1072 2065 906 592 42 851 282 2148 2086 1190 168 276 2084 1368 1486 900 2204 2626
1371 2152 1113 214 2263 1525 2502 2572 2623 2141 1280 327 2841 1661 1605 2348 851 1602 1865 106 1139 629 1866 2678 1953 1032 1144 2109 609 621 1171 924 96 1632 941 2751 2522 957 744 1927 1064 1738 1084 2401 189 183 1960 1251 2056 1364 84 171 894 1283 2567 2554 2404 1214 2182 2060 45 2203 270 22 2760 420 1659 2162 2726 1766 2153 419 2768 1397 40 2705 2831 1365 2421 1727 834 1184 510 236 2521 38 940 1108 1488 1949 1749 2608 1263 2555 1891 2179 481 2612 198 592
2011 645 1444 2707 2837 1623 1679 1649 1054 169 1328 947 1663 735 1617 2767 1544 2050 440 1782 445 2130 1261 1381 2836 2840 1045 2439 1840 712 965 1658 1029 1253 2241 1422 1993 1218 1552 51 179 2735 134 2628 463 550 319 2287 197 1775 489 2088 305 1307 1202 2649 2084 1870 1445 900 1437 2312 1640 30 2133 260 562 2481 665 769 1860 1489 563 1369 2826 480 1710 2769 2515 2352 26 1208 348 1417 2544 1627 2424 1486 1123 2412 201 155 1468 2454 950 2338 2712 1190 259 672
2011 645 1444 2707 1623 2837 169 1054 1328 947 1679 1649 735 1663 1617 1544 440 2050 2767 1782 445 2130 1381 1261 2836 1045 2840 1840 2439 712 965 2241 1993 1658 1029 1253 1422 134 1552 51 179 2287 2769 1775 1218 348 2650 463 319 2312 259 2649 2454 480 231 2735 2088 2631 1468 1870 2628 904 1369 550 26 447 2044 155 2714 168 260 2082 2270 518 925 2076 769 2300 1386 197 489 1948 563 188 817 2397 663 2741 1307 2501 2766 2842 2544 689 547 2289 59 1319 900 570
1102 1656 85 1934 2790 2501 2044 312 2832 2817 1624 1644 817 1926 943 987 2528 1407 221 2411 188 2300 1405 635 1319 611 2034 556 1146 1386 2270 2082 1796 480 4 2397 1870 2574 2545 1545 547 260 1417 2389 1202 2649 197 463 2312 712 925 1190 1737 348 2826 2424 26 1369 2652 2256 550 559 2289 1552 2842 283 1339 179 659 1029 445 2724 259 59 2084 2454 1253 1752 904 626 2419 489 1045 1468 1240 1428 74 1658 2344 2840 563 1799 1630 2148 1408 1677 135 2440 2769 2766
222 1933 2218 1436 1504 2512 1305 1790 897 850 2071 935 2096 836 2362 2156 2645 1098 1638 1911 2750 1321 1052 2355 1006 443 1709 2691 586 2446 99 2452 599 1308 73 1621 2432 2394 8 1474 745 325 2537 1806 2201 1763 1671 1200 2642 1090 577 1736 2094 1082 2450 1661 2578 1421 755 2342 399 1447 1145 700 761 459 2535 1939 1717 666 988 1469 16 1183 1550 2700 2090 1483 828 1078 2030 1530 1880 2587 376 2266 2317 385 609 208 2074 1820 477 981 474 160 1632 147 44 612
257 2843 1419 392 301 2331 1871 1731 1138 2613 2377 1707 1527 535 937 1894 1645 1800 2609 288 416 742 1425 1007 519 1200 338 1778 1479 253 2341 1466 730 336 1131 1243 1455 1992 1516 2830 821 1068 2680 1309 2763 709 1020 855 1311 1040 2560 1385 248 2384 678 1573 2227 2451 1581 940 1387 1256 1779 1495 870 19 2217 289 648 1713 905 1850 435 1038 365 21 1529 1004 1749 2249 881 2245 1073 1142 2746 2095 1553 2744 834 1714 2318 2566 2390 1296 979 520 1424 1727 2151 1836
1083 6 582 1221 285 546 1702 2643 1260 759 807 181 732 620 1797 1697 2807 1188 922 2816 1318 1891 1536 2171 1858 636 2043 2278 2749 1723 661 2666 2810 752 2261 2194 475 1541 1456 2313 2346 37 468 1603 2048 45 2476 2522 2168 2056 650 1882 1064 1856 1916 1251 669 2111 1283 2425 1763 1914 1768 594 1865 1227 2118 973 387 820 1108 1284 2761 2442 1364 829 270 476 644 980 2608 905 2502 2167 148 2268 2760 236 88 1153 2441 1015 1880 2720 2688 940 2498 2202 462 2152
2649 925 1870 1369 480 26 348 2454 2769 2714 663 179 550 2538 1422 689 712 570 421 2123 2581 2004 1193 1417 1665 1551 1758 1792 2838 280 2418 1930 1580 2039 2125 1190 2456 704 2659 168 2206 1710 260 2130 57 1861 2574 1489 2356 1986 884 756 524 2116 2375 1453 1468 2424 1887 857 1901 559 2184 860 445 1358 2386 2327 885 518 2088 133 720 659 2358 2155 2272 259 2235 1776 74 463 2397 1948 2419 548 1701 2332 1552 210 1132 2694 1350 2790 627 611 2312 1588 1428 2826
1946 1794 673 416 2417 2394 883 2697 1131 749 2788 593 2843 2251 774 1778 937 1498 257 2364 2151 1243 2492 1005 2519 1966 1645 1094 1783 1174 1913 2006 1800 1936 2730 105 1142 1731 2746 1871 11 662 2299 1479 288 2196 1670 2005 678 742 2087 2290 1707 1138 2549 800 336 144 2613 1379 855 1454 406 1455 2609 544 1002 664 1850 392 2560 956 1508 2145 2262 658 1968 2328 1415 320 875 1133 644 53 2134 1485 589 434 1311 1110 595 381 1872 632 174 717 1573 1916 1246 1079
1371 2152 214 2263 1525 1113 2502 106 1661 2623 2572 2141 1280 1032 96 1927 327 1632 2841 189 894 2554 1605 1602 2348 2060 2153 419 1865 2678 941 851 1139 2109 1171 2751 1866 2567 84 481 1953 621 609 2522 150 2401 957 1144 940 1987 1214 629 815 1960 1251 1364 1064 1084 2056 22 924 1738 1749 1659 1004 45 171 1727 1283 183 744 2831 2112 1343 420 1108 2203 2048 270 1397 38 2555 2521 2737 2404 2768 1434 198 1488 1685 1203 1288 949 510 834 2705 149 2216 954 1263
1114 931 1767 848 1830 702 2624 126 1845 768 578 2471 2601 2276 1908 103 688 990 1323 297 1608 65 1186 835 502 284 522 2314 1413 2388 1235 250 1391 1512 1821 1720 903 1107 1254 145 2728 601 1905 1195 1055 1689 1594 2533 725 24 2057 29 684 2224 2663 1340 2653 2667 2583 1406 62 2673 1869 404 1590 2143 1418 2207 378 286 321 2324 1149 2172 2320 634 2 67 1075 2000 1798 249 1686 371 388 1175 2116 424 1256 962 627 1053 1033 2423 1825 1801 18 1334 2240 2430
2070 1506 1141 383 1356 455 2232 1262 1505 1435 245 1248 1598 216 679 625 525 654 2311 2669 139 113 209 858 2025 2396 49 192 408 2565 1780 252 1282 1787 838 61 2017 27 207 356 225 296 2137 2470 1127 2280 1124 1140 2173 2164 1781 1715 2053 1274 618 2794 1568 418 653 1021 239 822 1967 1875 1024 1635 1500 390 2531 1941 1037 314 1481 2693 495 1961 52 1216 131 290 1924 33 1662 2765 449 2316 2091 1475 2690 1011 1472 1050 200 2698 806 799 2429 1555 1843 1648
1773 1161 1847 1513 1228 1795 617 1561 499 1346 1785 540 2242 1535 310 407 1593 832 2827 2441 2493 983 1176 2542 1631 1856 2190 1693 695 1093 1091 132 291 2202 2129 465 898 1743 95 777 1914 2111 1178 853 2700 949 1865 2066 2745 1343 2016 1996 2785 1672 1300 2238 2149 766 940 1836 2656 1197 596 1353 1166 1087 1224 1213 576 783 1019 182 2437 2737 2523 63 1990 2112 1713 1004 1898 2409 1928 1714 2430 803 2113 824 1838 2521 1749 751 510 634 1434 2547 1476 2422 1298 1116
99 2747 2098 1047 612 1023 1145 1160 2469 1201 141 2655 731 2055 2126 694 2009 1436 2636 1717 595 2218 208 1784 172 1504 72 453 2587 1688 174 401 222 1790 2512 1933 2362 1241 1638 836 1806 1826 2645 755 2071 2722 399 1415 164 461 823 1976 2775 2163 2432 1872 935 2274 2691 850 2342 760 1911 1321 156 1736 1510 1404 2450 1305 1071 1089 2577 981 620 460 732 2096 1100 477 1098 437 1797 1709 1808 2156 1233 1188 2643 181 1628 73 922 380 1702 1891 1085 2816 759 2074
834 2058 1277 1749 2555 1727 761 2249 2317 2437 1483 376 1672 1995 1044 1469 1447 16 1178 2700 1990 44 1425 1300 1836 2831 1304 2571 832 1401 2579 2705 1364 2401 2182 45 1883 2216 333 1064 1251 1904 2497 2056 2522 789 576 1015 2760 251 2784 2335 1353 1865 39 236 483 2288 2578 1013 744 1288 1476 171 2202 1106 1263 2726 1884 1336 2608 905 95 2224 215 2217 88 198 1559 980 1703 621 1363 60 1361 75 1283 1593 2469 1430 2745 304 36 988 20 500 997 2245 1804 2118
1262 455 2232 1568 822 113 2137 2693 1506 799 1395 27 1317 1050 1612 1921 216 390 1756 2061 1505 1635 805 1967 1755 1140 314 1297 1356 383 1327 1972 2212 408 1715 2505 2465 1662 464 2053 721 1124 363 1216 1706 758 2470 1647 936 1924 838 1024 1918 1293 1503 2017 1435 1932 2611 209 2343 2236 1475 1282 1141 643 49 478 2716 1097 295 1780 1299 1692 525 1168 1472 2698 1274 389 726 356 31 2028 2059 999 1187 2715 532 2806 2402 1018 1248 2070 653 471 786 782 1127 2407
197 1993 463 2439 1663 712 1045 900 2836 2767 1782 947 1054 2241 1437 1422 1468 2840 1444 1658 1486 1617 1870 1381 260 2130 2628 26 1307 1544 2312 1328 1552 2649 550 2826 1417 1369 1679 2050 563 134 925 559 1029 445 1649 348 904 1710 169 179 2837 1218 2454 489 480 645 2011 2424 2088 2133 1489 2289 1796 2419 1840 2832 440 735 1623 2397 2515 2652 1208 1253 1261 1948 2084 1934 1860 59 1123 2790 1102 1644 312 1926 2044 1624 674 2707 2528 1407 1190 2411 2574 305 1777 2501
1125 1753 2777 70 2077 2772 2478 2561 1035 2510 1839 1834 2818 951 431 2015 1252 1842 18 601 1759 2757 2 2601 990 2471 1908 2663 315 502 95 1390 680 236 747 300 2000 2608 1105 2493 1726 417 2216 650 1785 1806 2622 395 1336 1357 1703 103 1013 2161 1288 691 1217 1693 2218 333 277 762 1557 2571 2160 2678 284 461 737 2182 755 2507 1562 39 2149 2242 1180 1561 2624 327 297 2612 309 767 2401 856 1830 2441 1418 597 1323 322 1968 1230 2079 2820 304 850 2645 2009
222 1933 2218 1436 1504 2512 1790 1305 897 2071 850 2362 836 2096 935 2645 2156 1098 1321 1638 1911 2750 1709 2691 2394 1736 2432 2450 1200 2355 1006 755 1806 2342 1052 99 2446 2201 2452 443 73 2420 599 1308 1621 586 1749 981 1145 2642 761 2578 2463 2555 905 2700 1263 1750 459 1203 2058 2410 272 2437 2086 1785 1222 1836 2245 1090 2623 1178 2249 2514 1628 831 2074 834 2214 2317 2537 1267 1763 1387 2522 946 1074 1727 1957 560 1474 1277 940 15 2523 1322 399 1865 1550 1713
2636 172 1784 2009 72 694 1145 174 1688 460 2722 2775 1415 1241 731 2577 156 164 2469 1160 595 208 2747 99 141 2274 2126 1089 453 1808 2098 1404 1717 2587 1155 2655 612 401 1100 1023 2055 1047 823 1510 2163 399 1976 461 760 1628 1163 1872 477 2074 816 437 1085 1201 380 2679 1233 1599 73 981 177 1911 144 803 2161 2829 1903 2122 1682 1298 2691 745 1436 1434 1605 1004 1074 325 520 2036 1601 1401 379 2463 19 1638 232 988 1748 706 2388 347 2607 2624 2441 1945
723 1359 539 2585 303 1772 450 1121 247 1204 2485 1997 2582 153 206 343 1403 1751 2603 862 871 2018 1633 719 2284 2551 764 2146 914 812 1289 2008 1493 1351 35 2453 604 212 2209 1915 1157 190 2361 1600 615 2824 2487 1128 2165 1577 776 2718 1534 276 1963 2012 930 808 874 1657 778 701 2792 978 2729 2312 585 2353 526 781 1347 2462 353 2334 1245 2574 2652 58 864 1579 1595 271 904 630 841 118 994 274 2067 675 2391 2424 192 869 195 1402 2256 1981 196 606
90 2338 1994 2844 891 2797 2223 1698 1618 195 1540 1409 2253 2473 2340 46 892 2092 2709 1571 1095 2269 352 741 1539 2226 1291 2139 2833 1009 299 2403 223 2635 1814 1338 837 846 2576 969 2776 267 2158 349 17 2834 1615 2731 2371 573 642 2175 428 2455 1549 2484 1238 2100 2486 1622 2138 913 2412 2215 264 234 1982 1735 1349 1815 2372 667 1589 600 1619 1572 2811 2255 961 912 1264 2063 1060 1652 1925 537 317 1159 41 226 1421 687 342 262 2189 160 2339 1862 1411 2529
1583 998 2792 118 567 1791 9 841 1579 1179 2711 952 919 778 945 2491 2682 1354 2729 2252 1977 2328 2778 382 2065 1769 1578 517 1854 1470 930 928 1970 1651 808 1657 1920 227 1063 916 748 1531 639 2647 114 1667 1851 2379 887 982 1770 763 2723 2042 2575 2225 2496 2484 299 719 1963 312 98 264 2424 1934 2455 2256 2139 769 2832 1819 1656 819 888 1413 197 2361 684 1982 987 2034 2082 188 606 1625 352 1338 1864 2544 2138 250 635 2063 1048 1204 2270 705 2833 1299
430 726 478 2693 2236 1635 1037 390 331 1967 1475 1050 314 1715 999 1472 1303 1140 655 2053 1124 2059 1187 1648 2406 484 1662 27 2429 1503 2407 471 1438 534 1918 2465 2505 2301 1127 936 1274 363 799 806 290 1275 402 1273 2687 1929 758 1730 2244 53 2698 2806 786 2061 1921 1465 2470 780 295 389 1780 653 1972 1378 643 2690 1647 1216 1692 1008 418 2557 2402 1756 1317 721 1568 391 561 1395 2611 805 268 1831 1118 1481 464 1706 1655 2467 1011 1755 1506 2765 108 1022
2677 629 2161 1949 1865 909 941 2494 37 1006 1082 443 1308 2573 586 281 924 1144 543 327 115 2421 1502 1916 2222 84 2346 2249 1371 275 1995 1199 1703 1400 1363 745 1184 1559 325 76 1038 370 1922 1288 1106 1738 1740 2841 761 396 1250 894 475 44 2153 1108 2216 117 2179 1687 1180 2109 1113 39 2726 2627 1641 953 1754 1661 1723 1525 1073 1283 2620 1570 2404 2535 2554 1041 2058 1090 36 609 419 1357 1591 1632 2224 1232 1766 1763 1336 1471 2288 1927 1474 2572 322 1659
2034 2545 1796 100 155 305 2721 1569 48 715 2713 64 439 562 1640 51 1656 2433 2817 2790 1934 2528 1407 1102 1453 2501 2044 1926 1624 817 1644 2309 1584 2411 1490 201 2832 312 2213 1319 188 943 85 2376 1901 221 987 2300 1860 2023 2045 2826 2650 563 260 2289 204 168 925 1316 2842 1993 480 2755 611 26 1148 899 231 2649 1870 348 1405 1545 2082 59 2312 1369 4 2270 1417 2454 1606 1878 635 712 550 1658 2088 2135 1737 2741 626 2455 1386 2389 2766 659 1630 1045
1179 841 2491 1579 2682 2792 945 1977 2328 567 118 1791 1583 1578 9 2252 1651 998 639 2065 1470 1063 919 778 952 748 382 808 227 517 982 916 1667 1769 1920 1531 1354 763 2711 2723 2647 2778 887 2042 2225 1854 114 930 2729 1770 1585 819 928 2575 2081 1970 1625 271 643 978 471 1851 1503 1438 2530 936 996 2606 1216 869 1692 1918 2611 1048 782 1472 2059 1435 2693 2632 2285 1612 2465 2505 999 1018 1465 430 1046 1942 2821 753 216 1662 2279 2244 1248 1598 344 1313
1805 775 2586 1611 794 2447 2621 960 1626 2368 279 2701 2780 2329 693 357 818 1169 2019 2347 2651 2637 1259 2805 1372 2297 1832 2630 2804 2240 1646 2211 2254 2345 2192 457 10 863 339 393 2233 876 830 2020 1732 1244 2275 1450 1120 321 1678 603 2136 1959 1073 371 1809 1192 2518 462 1147 145 2605 1620 1734 102 86 2748 2754 2802 1014 2106 1905 2653 469 359 1517 1382 2684 2159 575 1028 2360 2080 1016 378 2752 2525 2733 2234 379 1869 1690 1195 709 2326 2563 1467 2166 1507
1107 1720 1608 1821 1310 1340 250 65 1512 903 1254 684 2388 1975 835 768 502 284 990 1908 1830 702 2471 297 1114 2601 103 931 848 1323 126 2276 1845 2624 1767 578 2566 2401 1186 2612 2571 834 1277 886 2522 2056 1064 1749 45 1013 2726 1834 2058 688 417 2384 1235 1336 1907 289 1418 1686 2451 1364 1057 340 362 597 2216 1434 1035 376 1004 333 2116 1562 75 2831 1801 1727 332 2579 2112 2217 1251 149 1300 119 596 2415 1804 520 2162 19 20 940 2227 2700 1793 461
1146 2389 59 1799 1202 1545 4 626 1737 2082 2270 188 2367 1752 2477 556 1386 1721 1240 826 518 987 312 85 2832 1405 283 547 266 950 635 2501 1934 611 1319 2588 1102 1656 795 1629 2528 2300 613 2189 2044 2411 2790 943 1624 2069 2556 1926 817 1407 1644 1316 2817 2312 274 1468 904 2397 271 526 221 2789 864 1491 2440 1942 994 2256 2119 608 2370 2597 260 996 68 2534 2530 1157 2208 134 1461 1408 771 1692 2774 633 1339 705 120 2689 2289 2766 197 480 507 2610
2437 2317 1672 16 1990 2700 1483 376 44 2249 1469 1447 1995 761 1178 1836 1749 832 47 834 2058 1838 1727 2555 1277 1044 2523 1535 2180 1224 1713 683 1714 34 1425 2129 1116 2202 2422 2745 1914 1476 576 2190 1346 88 95 1103 1593 676 1176 983 940 824 1004 1304 596 2112 1795 2547 1865 291 2785 1999 1161 1847 269 132 198 1228 2827 695 1513 2497 1693 2441 182 2831 1434 75 149 1856 1773 1712 1685 2522 1760 2542 310 60 2571 1064 1785 1343 617 845 1300 2737 2216 954
540 2242 1561 310 407 2441 617 1346 2827 1535 1856 2111 1093 1593 1091 1914 1631 2785 291 983 2542 898 777 1343 949 1996 940 1087 2112 853 2190 766 832 95 2202 783 1693 1298 1166 2737 1558 2745 2238 1928 1004 1197 1434 182 2072 1898 2656 1689 1176 1207 695 1590 634 465 596 2413 1019 24 895 1103 558 2143 2615 2149 1448 2409 1597 714 2430 132 149 93 88 2493 576 1743 954 2016 1760 751 2295 1999 1685 63 803 1683 426 1334 135 2116 1476 1836 1333 1712 2521 2203
204 2741 1212 899 2135 1606 137 2842 116 1935 1463 2766 2558 97 1944 2041 1547 2068 1134 2305 246 1067 2728 2511 725 1055 165 2825 79 2294 2207 1056 447 350 722 2435 2248 686 2813 1223 494 2057 1874 2665 1825 1940 1986 2382 2289 1464 1656 2736 1677 746 2039 1934 1870 1771 657 1545 2501 2625 188 682 1130 2455 1319 2528 135 2817 692 231 677 2580 2037 90 2312 1102 2291 1076 348 1926 1892 2649 2044 67 305 2295 2411 1796 388 1725 2090 2004 558 480 2790 1737 817 1937
2526 2220 1931 939 1433 2704 2445 482 2427 2089 217 255 1330 637 521 2183 2657 2617 1439 2712 2308 619 2051 574 2683 2639 2057 2291 647 1088 598 494 1874 1223 146 2435 1771 1677 1524 1899 531 1052 2499 1892 1592 2037 1725 2569 677 368 1998 608 1937 682 2440 2813 2438 2393 444 1639 271 274 790 1942 2719 12 2625 1408 508 526 491 994 1365 2286 1473 1944 1868 1555 657 1185 655 1775 140 1777 864 2382 457 948 785 2250 1055 1464 329 1056 1292 430 2809 804 2806 357
204 2741 899 1212 2766 2135 2558 1606 2842 137 116 2728 725 1944 1935 165 1463 1055 2068 2207 2294 1547 97 1134 447 2825 1056 1825 246 2041 1986 1067 2511 1130 1940 2305 79 2506 2736 722 2057 2435 692 2665 1223 1126 2649 1870 1874 1841 2828 494 135 686 712 790 350 362 2292 480 2319 2090 2580 1369 2258 305 1656 558 332 647 672 24 473 2413 2295 2215 1934 1358 2719 892 2143 2248 1888 1930 2004 417 2291 260 2638 201 1102 1792 2817 550 1962 388 2289 26 1453 1515
1638 1098 2071 1321 2645 1806 755 1736 2450 2342 2750 2156 2096 1709 935 2432 2201 836 1790 897 1933 850 1436 2512 1305 2362 1052 1504 222 2218 2823 1906 2691 2420 1911 1227 2313 1761 1153 2261 1387 2194 476 1858 1456 2257 122 752 1560 660 396 1188 2627 669 2437 360 229 1284 1015 2355 1554 565 2259 1556 2318 1610 1286 1844 1673 1363 894 959 506 1331 2153 1593 1370 1865 2554 829 8 2335 2446 419 1401 1990 1260 1632 813 2784 481 1006 2387 1032 661 1057 1614 2426 2073 2074
213 2408 707 1945 1849 2354 1722 424 520 232 2566 1269 2615 1867 1733 1529 19 119 2390 558 80 1448 2295 2744 1383 2413 1296 1478 135 1265 184 1984 1728 1533 757 2638 1231 2533 2472 29 2021 2756 1132 2320 1588 1312 754 2172 1149 967 286 1719 2224 499 2673 761 24 2143 568 634 2024 2078 1597 1689 426 536 1804 2464 2430 1038 218 121 1889 2090 2227 2725 1766 289 609 332 2384 509 1061 2112 388 569 844 1890 498 1661 1033 2150 2404 1492 1256 739 672 1616 2115 540
705 2689 2534 2370 2365 81 2119 2527 2716 2181 504 2500 2250 587 2552 523 175 238 1563 849 28 2681 1827 505 313 2283 1746 633 152 2819 458 1741 1010 972 2144 503 92 734 1532 847 1896 2479 1339 1852 2191 1704 711 2322 354 772 2177 2557 1680 1278 1335 2193 271 2440 68 864 1111 2764 994 1117 608 526 1708 274 2674 1408 508 1314 1942 553 2082 120 1955 1376 2789 968 671 2597 1386 602 2499 2592 2774 2052 507 2766 1677 2270 2099 2842 188 2799 2389 1737 1545 547
2601 2471 2624 1845 126 848 702 1830 578 2276 1908 931 103 297 1767 688 1323 1114 990 1235 1413 502 284 1186 2314 1391 1608 835 768 250 1107 1340 1720 1254 1821 1512 903 65 684 1310 2388 522 1975 1965 2815 2272 2000 1496 601 2667 1801 1559 1916 70 962 581 304 2352 1839 2178 1759 1636 1832 818 2113 1748 1316 319 2346 2561 1232 2510 395 1106 737 2036 529 1459 371 1586 2386 1428 1609 2287 1125 1192 1458 1557 1230 2656 475 1195 1426 1840 1394 2077 1158 2777 1075 2651
1879 340 536 1449 394 2227 979 2049 1057 1604 2786 2796 2140 1906 1301 1567 2064 2282 921 530 332 2093 472 1290 2668 2384 451 1017 1518 2596 1562 1058 176 2090 2108 631 1065 607 2392 1981 1237 289 984 569 21 2451 1890 1803 988 1888 1033 1078 160 1002 127 1585 571 1686 1132 2543 1431 1393 1607 1530 121 1418 554 1588 400 417 1341 142 1828 597 886 342 2094 687 193 1268 154 868 1119 2072 446 2217 1841 36 827 1978 2266 1492 1053 1699 2078 1087 2085 362 1074 2743
197 463 1993 2439 1417 2375 2289 712 2840 1489 433 1710 1658 900 1045 2241 2628 1701 1437 1486 1468 559 2419 550 480 2836 348 1870 2649 2826 1544 179 1663 260 2397 1422 860 1840 2082 1386 2270 489 1253 925 2312 312 1782 904 188 1369 26 2084 1788 2130 2832 2454 563 1381 1656 2050 970 1146 556 2574 1934 2769 2424 1545 1102 134 547 1029 524 1926 769 1172 2652 1737 1319 2724 1624 2389 2790 2528 4 85 2515 987 445 59 2501 626 1552 611 1627 1218 659 735 817 1428
536 340 2090 569 121 1132 988 332 1588 2227 193 2786 979 1268 2668 36 1562 176 2384 1449 1065 1033 1431 1699 2108 1890 1393 2217 1256 289 886 1418 597 2743 2451 21 2117 571 733 1888 1686 1553 417 142 554 1492 1430 2078 1793 1886 866 427 1910 500 62 555 1057 2029 2267 2415 199 802 1398 1764 1329 361 2380 2335 1236 1337 2568 2083 429 1053 681 400 2423 2570 2828 893 680 2839 292 302 213 672 868 388 901 2671 2795 2638 1061 1266 1668 2333 878 1499 1728 933
1656 2790 1102 2817 817 1934 85 1926 2044 2501 1624 1644 312 2832 2528 943 2411 1407 987 221 2300 188 1405 635 1319 611 556 1386 2270 2082 1146 2389 1752 2256 1737 59 1545 4 2034 2367 547 626 2545 1202 2397 1796 197 2289 480 518 2375 1799 2312 2826 2631 2689 1870 348 2774 260 705 2477 1316 433 2842 2574 950 134 1417 274 769 1029 904 2724 283 550 2770 2597 1339 559 1461 2439 526 1468 2440 864 994 2250 563 925 826 2625 1895 1240 2556 271 2534 1408 1721 1627
197 463 2439 1417 1993 1489 712 1710 1658 1870 1045 26 1701 2649 2375 2840 2289 2241 348 925 2628 550 2836 1369 480 1782 900 433 860 1656 1624 1381 1663 179 1407 2790 1218 1468 260 2528 2826 2817 1544 559 1934 1437 2454 1644 2084 2397 2424 2832 1422 489 1029 1486 1102 1545 817 1926 2419 2312 312 188 2767 943 445 2050 2044 2501 59 563 1190 2769 1840 2130 2574 1253 904 1328 2411 1737 2515 1319 1796 221 524 970 1552 947 2082 1146 2034 1054 2088 1307 2842 134 1788 2652
2049 530 1290 1017 2282 1604 1518 1301 631 2064 446 451 1237 607 2140 1567 1981 2796 1058 2093 921 2596 984 1879 662 394 1909 2257 2392 908 813 1370 1906 710 1554 542 660 1673 2782 54 1739 1000 1853 1893 827 1695 1384 2357 2696 2259 1742 360 400 565 337 1331 2661 506 1396 50 1614 2664 1286 1935 345 243 1978 1463 1681 1844 1002 2041 1606 355 1142 1736 2839 1837 487 2519 1212 2573 2335 1329 2369 358 2201 97 1621 2243 1804 1904 1337 2450 1466 1613 1468 1638 2432 904
1646 393 863 2136 339 1244 1450 830 1120 603 1678 1147 2275 1620 1732 2080 1073 2518 1507 2550 1104 575 1669 1691 1016 2754 2383 1482 1805 2630 2019 2641 775 584 2297 794 1177 1811 2414 1611 2586 2347 2604 2395 845 357 1832 457 1372 1674 1626 960 2211 373 107 2621 2368 55 1734 2192 2254 2230 2345 2176 2701 1523 398 279 728 2065 1666 2233 1536 2605 1014 2780 551 2349 2329 572 379 2013 1152 2434 1192 1458 311 1194 1762 1797 2591 636 1791 545 2447 110 2247 2740 102 2802
1948 1096 1416 1362 1897 497 992 1586 2046 2213 1569 2721 2034 1218 1796 1051 100 1316 2556 1860 2272 305 715 2241 712 562 925 155 1658 1993 2826 1369 260 1926 26 2545 1381 2790 51 2312 1407 1045 2352 2815 2454 2713 1237 201 348 1604 259 1261 1782 64 48 480 1934 1123 2817 231 2650 817 2832 2300 2649 550 1584 168 1496 987 1901 451 1102 1552 1630 2836 439 85 1644 1468 1870 563 2397 2755 659 1656 2309 1640 1878 1301 1148 463 611 1319 188 2825 1307 2501 2082 1518
23 122 1610 1080 2118 1858 2128 2313 1537 1015 980 1284 117 1884 1456 1560 690 973 229 1570 807 468 2222 1285 1659 1987 298 448 815 37 2303 481 1637 1556 2494 1205 2677 582 334 163 2030 265 2706 2203 1061 1603 1221 425 2791 1084 2351 454 1979 1198 388 744 1260 941 2633 1844 2014 396 1960 1660 2124 745 750 594 2194 1184 327 1766 325 2161 498 546 1880 1671 2115 244 565 2132 1188 1502 2366 2607 1474 1750 2476 285 8 669 2387 2521 1761 1032 837 796 2323 867
2823 1879 1906 394 752 1194 1270 1621 540 422 499 1669 416 1104 2260 2508 921 1258 1215 2064 2023 2432 984 897 2645 577 1977 883 1200 1487 2140 474 2536 1651 42 558 1098 956 631 2045 1066 2793 2545 217 1052 2446 1077 728 2156 1136 1654 2604 1729 1144 1338 2373 308 1584 1846 213 1321 2134 2201 2252 55 2550 908 907 2071 1785 2342 836 409 2716 1709 1006 1112 1330 128 2807 2493 2324 665 560 1665 1689 2026 617 1367 2253 2357 1420 195 573 2414 1538 2749 9 637 1495
2317 2437 16 1672 761 44 1483 376 1447 1469 2249 1990 2700 1995 1178 1836 1749 832 47 1727 1838 2555 834 1044 2058 1425 1713 2202 1714 2180 1224 2523 683 2129 2745 1277 1116 1914 1476 88 1103 34 2190 1535 1346 2422 269 940 60 198 576 1304 1867 1004 1176 2497 75 676 2441 824 1999 2245 1865 1722 2547 905 1856 983 1523 95 2785 2522 1760 2112 2831 1251 45 1263 132 1364 946 1790 603 1064 2695 2056 1073 1678 596 1849 1712 830 2827 2275 1750 949 2111 1343 1732 1434
1753 1125 2777 2772 2077 2478 70 2561 1035 2818 1834 2015 1252 951 2510 1839 18 1842 2663 2 431 601 315 1235 1759 688 2757 103 126 1165 2314 191 2161 767 2172 1323 1390 29 1557 1845 286 1728 2302 2622 1905 1830 297 1431 2533 702 1562 2739 2471 1542 165 424 417 802 555 2295 901 2656 73 1186 2320 289 2728 2124 2601 498 578 380 2217 868 2672 426 1086 1451 848 2016 437 1391 461 1686 2413 509 386 1233 24 135 142 1980 1149 327 558 707 1888 1440 2748 2457
197 463 1993 2439 712 1417 550 2649 2289 1658 1045 1870 480 2840 925 179 26 2241 1369 2628 2375 348 1489 1663 1422 433 260 1710 2826 900 2454 1468 2130 1437 559 1840 1544 2836 1782 2397 1102 1407 489 2790 2050 524 1486 2832 1656 2088 1624 518 1218 1190 2312 2714 663 1381 2574 2424 970 2084 563 2419 312 1253 1934 440 2767 2769 1146 1926 1202 2652 659 2515 1054 904 1701 1545 735 445 943 1307 2044 2528 1552 2538 1328 2148 2501 59 221 1029 2082 2307 188 2034 1644 1428
71 787 638 30 810 2271 1445 1514 958 2529 697 718 143 386 2517 1440 1270 1630 2619 2481 1112 2246 1694 665 2185 2616 1360 1129 1446 2339 1939 1684 1411 1294 1258 2298 2584 1215 273 511 1242 147 1059 2444 2524 969 1355 2104 1509 342 879 299 20 1982 203 1619 352 2460 1677 262 1807 1629 557 2741 817 1167 46 2037 1771 1815 2189 795 1803 167 1624 116 2256 405 1540 2340 1295 2817 2466 2455 1324 2001 2776 2835 2289 551 667 2363 1925 2595 508 2833 2625 1319 188 790
2649 925 1870 1369 480 26 348 2454 2769 2714 179 550 663 2538 1422 712 689 1417 260 570 1489 421 860 2130 2375 2581 1758 1710 2004 1193 1792 1468 2123 1665 1930 1453 1901 2125 2088 1701 463 2039 2826 756 280 1190 1580 2312 1551 1617 445 201 2838 518 2456 2419 168 2397 559 1045 524 2309 2418 1146 2235 704 904 2206 563 1861 2050 1437 2574 57 659 1102 135 2184 2424 900 1486 2652 1552 2116 197 91 2076 1358 2356 2358 1644 2241 2724 178 2332 1307 1337 2528 2327 1428
1735 667 1982 2731 537 1925 1619 403 299 2371 867 1863 226 1589 428 687 879 264 1122 2844 2139 1159 1814 837 2797 2455 2269 2484 2833 1009 2776 1815 2092 1530 2094 1078 160 90 352 17 2403 2412 2063 2460 1607 1338 1341 1549 2835 573 1421 2576 741 557 846 891 2255 2811 127 2758 2266 1069 2138 2614 1539 642 1828 641 2738 2385 991 405 2175 1291 2607 577 2338 888 2473 2771 262 1660 1295 1480 2431 472 267 317 166 2339 1816 1964 600 2100 2820 1373 814 2633 1238 1807
2317 2437 1672 16 761 1483 2700 44 1990 376 1447 1469 2249 1995 1178 1836 832 1749 2202 2745 1476 1914 88 47 1838 2190 1713 683 1714 1224 1856 576 2180 1176 1727 2785 2523 824 1116 983 2555 2547 2441 2129 132 1425 95 2111 34 1044 834 2422 695 2827 2058 596 1535 269 1103 310 1277 1346 777 1304 940 1693 60 198 676 1999 1004 75 1760 2149 1865 2497 1867 1712 1073 2656 1523 2112 1685 1678 603 1722 1996 1732 1620 2275 149 905 1434 182 2695 1251 1790 1364 954 830
2825 2766 2558 204 447 2728 725 899 1944 165 2719 2741 2736 1212 137 1055 2135 2842 2580 686 2207 1606 2057 2294 1825 692 116 2292 1223 2509 1452 146 574 1810 1874 494 804 1463 2683 2319 329 1134 2436 2291 2506 2813 1126 2526 246 2598 140 1067 2248 1185 647 677 2286 1076 97 1056 2569 1986 1592 1935 1464 1940 2220 2068 2382 1931 1777 67 1130 1639 2435 2704 2583 1841 2665 1899 1868 682 79 2708 722 2041 657 202 491 2089 482 249 1547 22 790 1840 1012 2639 2258 362
2210 640 2520 13 1272 2671 828 2578 377 1910 1041 698 1949 323 1754 2421 2083 1038 1337 2032 1668 2602 2828 672 56 955 370 865 1049 2047 933 2335 1189 680 244 1374 932 1521 1329 2570 1764 2384 940 2451 1605 979 2227 1203 1336 1749 2038 839 2476 762 1013 340 609 1686 2115 2839 1616 1004 1399 644 1425 2522 2786 2117 834 21 2401 2058 886 1766 2217 1890 1364 536 2112 2224 1562 289 571 2108 2502 597 142 510 198 1033 417 474 1132 1727 1790 1418 1393 2795 1768 1283
540 1561 310 1346 2242 617 1535 2441 407 2827 1593 1856 898 1631 1693 291 2656 2542 2111 1914 1087 751 1091 832 983 2072 853 1343 2149 1207 2785 634 1558 24 1197 2016 2143 1590 2112 2493 1928 1166 1434 1689 1298 2190 940 1019 695 895 182 1836 95 1176 93 2430 2409 1597 2737 714 465 766 949 777 426 2202 1743 1996 2745 803 63 1004 1093 954 2238 596 132 2615 979 1685 2129 149 1334 1448 2024 1300 1257 1333 2533 29 2521 2227 1149 510 2324 783 499 2700 733 1785
106 150 1927 96 2554 2152 2502 894 1632 2263 419 2153 1032 1371 2522 1251 189 214 940 2060 2678 620 1364 1525 2567 732 1605 2401 2623 1083 2831 1064 45 2056 1004 1749 1727 1661 1602 2572 1856 2348 1171 2441 1280 621 1726 2841 2705 2555 1139 1865 1343 181 2737 474 1288 2562 1203 949 1222 2112 2751 1914 1957 762 1144 2141 2048 1703 831 198 644 272 1263 560 2111 84 2203 2760 2202 384 1702 133 1738 1434 2827 834 2720 2214 1420 1797 95 2182 1866 2116 2245 2608 333 2442
1870 2649 1369 925 26 480 348 2454 2769 2714 179 550 663 2538 1422 712 1417 860 1489 2375 1710 2130 1701 1045 197 260 463 1190 445 1102 2241 2050 1658 2826 2424 1788 2790 1146 1468 2289 2397 421 559 2574 2840 135 1381 1617 1930 2439 689 2312 1934 1782 489 433 1656 188 2309 563 1437 1552 1792 1901 518 2501 2084 900 2419 1486 1926 2088 1358 943 440 2832 1453 2004 524 2300 1328 904 283 2544 2767 2724 2652 570 2034 1218 201 2581 1624 2011 1665 2295 1319 312 704 2836
204 2842 2558 2766 899 2741 1606 2135 1212 2825 116 2728 137 1547 1944 2068 447 725 1935 1055 1067 1463 2511 1134 165 2207 246 1056 79 2736 2041 1825 2294 2305 692 97 2719 722 948 804 686 1464 2665 1076 2813 2248 2292 2580 2057 2286 329 2393 2382 1592 1639 2435 682 2319 1937 790 1725 2438 2569 2501 146 2044 2082 494 1777 238 1940 1899 1934 491 345 2534 90 1874 1624 1910 1223 81 1656 2300 2598 2270 2528 647 2138 1926 2683 2708 1185 817 996 1841 677 2530 1407 1130
730 338 1466 1707 336 2843 1969 1511 742 2516 1516 1007 1670 937 1442 2341 257 1526 1455 709 1325 191 1779 2302 253 2145 2102 1165 1894 410 538 248 186 2763 1992 1498 1385 1871 406 519 1068 843 1731 2746 2377 1131 1005 1557 392 648 1732 112 1243 773 870 1073 535 1390 811 365 1079 1800 678 2492 1869 1138 1094 2788 1645 2680 881 2219 1527 2549 1678 821 1573 1379 2622 2275 2251 1936 2830 2290 435 2364 2730 1454 1133 1001 2151 544 339 1020 67 1783 202 2609 1810 2748
1272 40 851 1910 680 1960 1232 592 2726 2421 2162 1744 1949 2578 640 1038 1430 1754 13 37 2210 2387 1553 20 1364 1283 629 2571 828 2469 1041 500 2217 1251 2182 2497 2760 323 1236 2058 244 1221 2761 193 609 744 2671 2401 1108 1768 2520 270 1256 2267 922 1336 940 2203 171 36 621 2056 2705 1064 2677 2083 198 214 75 2216 2522 2555 1738 594 1401 1865 167 370 2831 2380 713 2048 1203 285 479 2404 1727 76 783 304 106 39 733 45 743 2841 2117 834 6 236
5 2457 844 1515 509 1889 2725 2464 957 609 2404 1766 1696 1426 2448 2115 744 244 1616 2128 1326 375 466 473 2124 2366 1754 2421 425 2014 306 498 1038 1061 388 163 2351 1602 1637 2508 510 2521 815 214 1477 1987 1556 2751 1537 690 2348 1953 2141 420 1139 2179 1738 1488 2227 520 2566 1397 1945 119 1866 232 1171 424 148 19 594 1080 2384 979 2203 1296 1383 707 1269 1214 1529 2786 2109 1502 1722 1949 2451 1033 2056 1849 22 21 2116 1605 536 2533 2210 2390 2476 2522
2552 238 1563 28 505 523 2181 175 2500 313 2283 1827 587 2716 152 1896 734 2819 849 2119 1741 2250 458 847 1339 705 2674 2527 2681 2689 2534 2370 972 1532 2365 81 1746 2479 2099 633 354 504 1376 2191 92 1708 1852 503 330 2322 671 711 1335 2144 1680 772 696 2557 1278 2814 1473 2028 120 2177 2742 2193 2597 271 2440 532 1704 1182 994 526 864 2610 1942 274 608 1408 1386 699 68 2199 999 162 547 2592 367 2799 508 726 1117 507 1164 1543 1774 1876 2052 1101
106 150 2263 2502 96 1927 2152 2554 894 1632 2678 419 2153 2141 2562 940 2720 2522 1856 2401 45 1083 2111 621 620 1251 1525 1004 2841 2623 2116 1726 2441 762 732 949 2048 2442 2807 2386 2112 1661 644 2737 1032 1371 1364 2572 1171 2056 1434 1749 1605 181 1343 2567 1064 689 1365 1318 189 407 2827 1139 1336 2612 1013 2060 1727 2591 1953 2160 214 482 1288 335 1103 1703 2831 171 333 1999 636 1113 2571 1536 133 2203 1280 474 387 1144 957 2608 1184 2705 1702 1866 84 1263
540 1561 407 2242 898 617 465 853 2493 1087 310 1197 1558 1593 1928 1590 1166 2072 1300 1207 1093 1346 1631 714 895 2409 93 2324 2441 1535 751 291 803 2827 1091 1785 2542 614 1898 1856 2111 2785 499 634 1996 1914 24 2430 777 2114 1689 2143 783 2066 1334 1683 1213 1115 2024 1228 1137 766 1597 230 1019 426 1298 940 1389 1538 949 1693 63 581 1257 2113 2759 832 2656 251 2202 983 1883 2238 1343 2000 95 1353 182 2112 1474 374 2745 304 149 676 1027 1434 1144 745
1684 1129 2298 1360 2185 1630 2584 1411 1694 2246 1112 2616 1446 665 2481 1258 1270 958 1294 787 1993 1939 638 2271 30 1445 143 307 795 1440 2631 810 2517 71 2619 2727 1520 386 1215 2399 2529 1514 51 2721 1796 562 718 155 1096 715 439 1 511 2486 1407 2158 1572 2709 2372 892 1622 635 1569 2189 2044 2300 987 1640 1291 64 100 85 1926 221 2213 1416 48 154 46 741 305 267 2650 2411 685 2468 600 1238 1710 697 195 2100 2363 122 1629 1540 573 899 147 577
2045 2023 1584 2755 747 258 770 1320 597 76 19 1364 940 2058 2182 2760 2522 2056 1749 2202 1562 2217 834 1796 2831 1980 1064 1398 45 783 417 2705 2745 2216 2421 1256 2668 2423 2134 1844 2249 171 1251 2827 744 1750 713 1286 1065 1343 1074 1288 2571 1178 2566 2190 609 289 905 2441 2227 1476 949 2245 1727 983 979 1176 232 2463 1722 893 236 361 520 62 2608 1430 1785 1269 1628 88 2737 988 621 2108 1342 1890 2555 989 1004 1865 886 310 1277 1038 1401 868 39 424
726 430 999 2236 2693 478 1475 331 1037 314 390 1635 1050 1967 1715 2059 655 1140 2053 1124 1472 484 1303 2429 1662 534 2407 1187 2301 2406 1648 1503 2687 27 1275 1929 806 1730 471 1438 1273 53 2244 2698 2806 290 780 363 2505 2465 1465 1127 799 2470 1918 295 1274 268 1655 758 936 1831 786 1706 418 653 464 643 1008 1378 2557 402 391 1481 2061 2611 389 1921 2690 2173 1026 1216 1692 108 2062 1011 1647 2402 1912 838 721 1317 1568 2765 1972 1022 1756 2280 209 927
79 2068 722 1067 2665 2842 1547 116 2511 2305 899 2741 2135 1212 204 2766 1134 2580 350 246 686 137 1606 1076 1935 2041 1463 2558 2286 1464 97 1944 2825 804 2813 2248 2598 2382 329 2294 2436 2719 447 1223 2728 677 1639 657 1055 1777 1452 1183 948 725 165 2736 491 140 682 2393 2435 1185 692 2057 1962 790 146 12 1937 494 1874 2708 1771 2569 2090 2319 2292 217 2207 1677 2506 2455 1870 1337 1656 1868 1910 362 1892 2625 1841 1592 332 2438 1934 1009 974 1329 1624 1607
2809 12 1473 1876 1895 433 769 2289 1721 2375 2315 2757 1980 315 1390 2685 2650 197 2622 2702 1759 161 2294 1557 1055 1439 1511 2499 299 2300 2302 191 140 1725 1868 2842 1656 1969 1067 204 1677 2068 1165 1926 2598 2790 1076 1771 508 531 608 368 1102 598 1319 950 2367 2817 943 79 817 2435 2455 359 1892 188 2250 804 2625 1870 2741 686 18 2057 1874 2037 2110 2728 1777 2051 269 444 2235 994 91 2766 4 984 526 1464 26 221 2286 329 677 451 1869 2496 2436 70
2713 2433 1453 2272 1490 2309 2376 201 1316 1860 2556 1496 1965 1901 2815 1636 2352 100 305 155 1796 2721 1569 562 2545 194 950 2034 715 2826 563 64 48 1051 1148 1752 51 260 2069 168 2650 1640 231 439 2367 1840 784 2088 965 1428 1848 486 2628 2007 978 663 1878 1986 1218 1658 2538 2337 518 489 2652 2241 1775 1948 1381 2438 1123 659 1437 440 2397 1627 1422 613 2506 1940 524 2708 795 2276 682 1468 2439 1586 2836 655 900 2312 1307 2307 559 2358 747 1046 677 2800
817 2817 2790 1926 1656 1624 1644 1102 2528 2044 2411 1934 1407 943 2501 221 85 312 2832 2300 987 1405 188 635 1319 611 2082 2034 1796 2270 1146 2389 2545 1737 1545 2367 1386 59 1752 197 480 626 2256 556 4 348 1202 1870 925 2455 1316 712 2397 1799 1630 2842 26 2185 2826 2556 547 1369 1584 950 1360 2375 463 2289 550 2312 2649 2477 1658 904 299 260 2454 899 1417 1468 1045 1029 345 2689 1677 1895 283 2424 2439 2574 135 2741 433 1337 2499 665 2774 1710 1411 563
2713 2433 1453 2309 1490 2376 1901 1796 1860 201 100 2545 305 2034 2721 562 155 715 1640 48 1569 51 64 2650 2826 563 1148 231 439 168 260 1878 204 1874 1123 2004 421 1307 2382 2289 1437 725 1930 1592 2213 2088 1464 2393 2272 1792 2248 2708 2455 2135 2842 2581 1185 2649 1937 1316 137 900 570 491 1212 647 2312 1223 2813 689 2258 677 480 2569 899 2424 1606 682 978 440 659 1940 1870 264 1054 1758 1193 1663 486 784 2558 1986 1639 2683 657 2840 348 1056 59 1134
196 353 776 98 2474 869 1625 1819 1963 2361 1864 233 2067 701 2353 585 2462 2256 1643 910 2334 1042 2081 276 2103 781 1402 809 1344 1970 282 1246 2157 66 2536 825 2027 1574 2336 2264 765 871 539 1985 2792 69 1583 952 2723 118 998 639 1136 1772 2201 778 779 303 2582 2101 192 2076 1769 2491 2667 929 114 1578 841 2434 2669 1354 1204 2438 2363 2252 2711 134 2065 1667 1486 682 1579 919 1089 2575 382 206 517 450 1404 14 1592 2396 1791 59 2729 2328 652 2186
1102 1656 85 1934 2044 2501 312 2790 2832 2817 1624 943 1644 1926 987 817 221 2528 1407 2411 188 2300 2034 1405 1796 635 2545 1319 1146 259 1870 2649 480 2826 2439 611 201 2270 2082 1202 260 2312 197 1658 1752 563 1386 2842 2289 348 1190 556 705 1381 2309 550 2256 712 4 2084 1417 2766 1737 2840 2424 2389 445 518 2544 135 305 663 2397 1369 1545 2213 1148 925 1029 1544 463 1782 1901 59 2241 489 1253 899 179 155 659 26 559 2574 231 2148 2714 134 1468 2769
2666 2171 650 2043 2810 2816 1891 1723 2346 475 1916 759 1702 620 807 2643 732 1260 181 1797 1188 6 820 411 285 1858 1083 546 1865 1605 1221 582 1882 468 1697 2502 1541 2152 1603 372 420 922 750 1703 1397 1288 510 2216 272 322 1222 831 2521 15 1456 1957 2768 2214 1785 1420 95 560 1074 384 1412 1342 479 2154 691 1322 1738 1610 1284 2056 2182 1203 905 1015 713 2313 148 334 2841 1364 1535 1206 1363 609 2760 2476 2463 2179 2410 2522 2497 1750 1064 236 1654 1835
2660 1495 2458 966 1384 2600 1705 942 1742 1554 1370 2085 1331 813 487 1614 243 1681 1396 337 2543 2257 1673 2696 1105 355 908 360 2259 660 1906 2782 54 1853 1676 542 710 1119 1739 2369 1893 50 1000 1031 1002 2664 1695 320 1565 2803 1287 1508 791 1978 984 852 1566 2064 80 1368 1239 921 1383 2282 2390 119 1296 1567 1529 1033 1301 2227 176 2566 289 2310 519 2420 2384 19 301 1419 1243 1733 1962 1888 21 1401 1017 424 1621 1836 1038 631 2451 392 2743 340 1867 2796
629 2677 941 84 396 1987 1949 815 481 1880 1283 270 2627 281 1865 1144 1802 1108 1768 909 2761 2048 1113 2720 1371 2152 2502 2726 1661 2841 543 2494 1960 851 1766 609 2161 183 744 327 594 1605 2404 40 2421 2162 117 1525 2448 940 1596 1198 1738 1184 621 23 474 1263 1744 1032 1205 214 115 38 834 2572 2562 2303 2554 1641 2245 198 894 2058 2263 2203 1927 1038 1064 1502 2503 2216 2497 2109 75 1423 106 905 592 907 167 1637 45 2115 96 171 2179 946 1754 1749
2389 59 1545 4 1146 1799 1202 1737 626 2082 2270 2367 2477 188 1386 556 1752 826 1721 1240 283 266 518 987 950 547 312 85 1405 2832 613 635 611 1319 2501 2069 1934 2588 795 1102 2528 2189 2300 1656 1629 2556 2044 2411 943 1407 2790 1624 817 1316 1926 1644 2817 274 2312 526 2397 864 1468 221 994 2789 1491 197 904 1339 2256 2597 271 2375 608 996 2774 705 1692 260 2119 2534 633 2530 2289 1157 2766 2440 1942 480 134 2370 348 1461 2499 120 2322 771 2208 769
70 1125 1753 2777 2478 2077 2772 2561 2510 1839 1035 431 1834 2015 1252 2818 951 18 601 1842 2 2663 1759 2757 2622 315 1557 1390 1165 2302 191 2624 1788 522 1845 395 502 2685 2471 1443 1833 2837 990 1938 2686 2601 2667 848 1980 1908 2702 1895 284 1623 2482 169 767 1340 1811 658 2728 702 2315 1649 1306 319 2045 2644 297 1230 1801 889 1509 2161 747 764 2130 1679 2279 1130 1829 1235 2276 1951 1559 674 589 2722 2836 1025 2277 101 1232 1747 161 1617 2767 2707 1168 1511
1948 1096 1416 1362 1897 497 1586 992 2046 2213 1569 2721 1316 1218 1926 1796 817 1051 2817 2272 2241 712 2034 100 2790 1630 1860 1658 2815 1934 1993 305 2312 1644 925 1319 1381 2411 2528 155 2826 188 611 2650 2556 1045 348 1407 2501 2300 987 2454 1656 1360 2044 1102 2825 1369 2545 480 892 562 85 260 2185 26 1624 2082 231 2832 1496 715 46 259 1782 48 312 64 1684 2455 439 2638 2649 659 1870 201 2397 2298 550 1237 1518 451 445 1552 1901 2836 1148 899 1468 1123
1444 2011 645 2707 1623 1679 2837 1054 1649 1328 169 947 1663 735 1617 2767 1544 2050 440 1782 445 1381 2836 2130 1261 2840 1045 2439 712 965 1840 1658 2241 1029 1253 1993 1422 1218 51 1552 134 319 2287 2628 1775 463 2735 1445 179 30 1307 1489 2312 489 1437 900 1640 1710 2084 2649 1208 2424 2046 2352 1948 1870 992 197 769 1369 259 2133 26 2454 2544 2088 2712 1417 1860 550 1190 1468 260 904 497 1486 2397 305 674 348 2769 925 2183 1586 480 2002 2481 231 161 2076
1870 2649 925 1369 26 348 480 2454 2769 550 2714 179 663 2538 1422 712 1417 2375 1045 1710 1658 2130 2241 860 1782 2439 1489 1381 197 2528 1624 1644 2411 2817 463 1934 2044 2836 445 817 1544 2501 1656 2840 2050 2312 2628 1545 1840 260 1319 188 1253 421 1468 524 1054 1737 1701 489 1029 1926 1796 2790 1407 59 689 1102 2832 2084 1218 135 626 518 1146 904 611 2638 2826 659 440 900 1360 892 312 570 2004 1617 1437 559 134 1630 4 2389 1552 2397 1930 201 2011 970
2677 1865 1949 629 909 941 2161 1082 443 1308 1723 2346 586 1006 2810 820 1916 475 2494 37 1487 1400 1144 115 924 2043 745 1471 953 325 1199 1502 1038 334 750 1891 1488 1591 1474 2179 84 1080 2153 2768 619 1738 2573 370 2421 1541 761 637 275 2712 1363 1703 396 327 2535 1189 1603 1184 2627 1397 894 1922 2568 1632 1763 1754 420 123 1687 2620 1027 2308 577 2224 281 594 1570 1362 1722 1307 2657 419 2744 1194 683 1041 424 865 1897 1449 2109 1995 1818 1477 148 1090
1862 557 2460 2363 879 352 2175 687 1242 2444 2710 2189 273 1619 2844 147 1863 2595 1509 1539 2517 299 741 2672 685 583 1925 2139 1421 577 1807 1520 798 1366 2524 1295 1947 1776 2213 2184 127 1440 2738 1480 1025 1660 133 160 307 1349 2385 1792 349 1081 1 2399 797 1196 2234 2298 588 1549 2833 2360 2159 1345 2727 2607 1607 1167 400 2356 2659 888 1497 2801 1358 2123 1982 1078 1195 2094 2185 2004 154 262 1572 1609 570 1765 1034 1724 1355 751 2138 2039 827 514 991 143
204 2741 1212 2135 899 1606 137 2842 116 1935 1463 2766 2558 97 2041 1944 2068 1134 1547 2305 1067 246 2728 725 2511 1055 165 2294 79 2207 350 722 2825 1056 447 1986 1825 1223 2435 1940 686 2248 2813 2665 1130 2057 1874 2580 2736 2039 677 2506 1061 362 494 2382 2258 1841 1464 305 746 388 657 1677 2625 2143 1870 1910 2295 1076 2289 558 24 2638 135 1771 692 682 1656 1934 2090 2291 1193 332 2366 2004 2455 1930 709 2795 1984 627 1383 2649 2817 2384 1889 665 90 1689
1440 143 386 2529 2363 718 958 2271 2517 2185 1445 787 697 810 30 1684 1694 2298 2584 638 1129 1514 2460 2619 71 557 1215 795 2749 1411 273 1360 2524 1630 2104 2616 641 1373 879 1863 1270 262 1242 1112 1294 1925 888 2771 2659 1446 2139 2481 1982 665 2356 283 203 1623 2246 299 1887 2069 2050 2385 2833 1807 2206 2590 1193 1258 1629 188 2662 169 826 1549 1877 2477 970 2127 1522 2389 154 719 613 842 59 1328 611 1191 2011 312 1680 2727 1544 514 1617 1059 1054 2576
2185 1694 2584 1684 1129 1411 2298 1440 1630 1360 1446 2481 2616 143 1294 665 1112 2246 787 2363 2271 1445 958 386 638 795 1270 1258 2529 71 30 810 1939 1215 557 1514 718 2517 2460 879 2749 2367 2727 2468 697 685 2619 2631 59 2389 2801 2050 2444 2189 1993 994 147 299 440 1545 1982 2556 518 950 2270 1752 1045 1278 1799 790 85 134 1291 1238 864 2440 1967 2130 1819 1551 2285 526 2082 1864 1692 2146 817 2833 2208 1544 197 274 2439 2766 2534 2250 1635 31 267 2139
197 1710 1701 1489 1417 860 463 900 2084 1437 2424 1468 1486 2397 2001 489 606 1307 2419 348 2375 2769 2840 559 1253 2312 904 2439 1788 2289 433 2574 675 1658 2724 480 2826 445 1993 134 1190 712 563 2753 260 1870 2515 674 1878 2544 259 2308 2652 2076 2241 1627 1218 1045 2628 906 978 1123 2044 925 970 1428 977 2649 1552 2712 179 312 1369 2832 2270 188 1386 2676 524 2011 1029 1102 547 637 1319 26 178 2082 1981 1983 2391 1054 950 1172 1237 1381 2501 1624 1362 1663
1231 754 1728 2756 2021 757 2320 2533 1149 1533 29 2673 286 2172 218 293 2224 1719 739 364 119 2040 1296 545 1383 1804 2381 967 426 135 1478 80 2277 251 529 2638 1361 24 328 572 737 2644 1984 707 2295 19 2464 2566 436 2787 213 766 395 1900 424 1945 2323 101 215 1061 2238 962 2366 1394 341 1597 989 1892 1102 1035 498 536 2143 1883 2024 1870 91 1451 1818 2649 1448 2044 568 163 480 2725 1353 1801 925 388 1934 2495 2413 1644 2625 2759 1230 558 473 2561
341 2381 215 364 2040 436 737 1900 101 803 251 374 989 2540 545 1427 1353 1971 1883 2759 2579 328 581 1115 1389 1898 766 2504 2114 572 2238 2546 2644 1230 1683 1394 529 962 395 1257 2784 1798 407 304 789 2277 1106 2178 1559 1213 1361 1786 1801 240 2323 2066 2113 1300 1093 483 1451 1334 2242 2787 76 1951 39 714 1818 293 485 1175 589 646 1091 926 1306 1357 2000 898 2288 658 1558 1137 2054 727 1231 1180 614 2495 754 1080 1166 564 2756 1087 1207 1928 1728 2726
2363 2460 557 1440 143 879 2185 2749 386 1684 2529 2298 1129 1694 2517 2584 718 795 2271 1619 958 1373 787 1215 1925 1445 2050 1480 1360 1411 299 1982 273 262 810 1630 1366 2356 888 1242 1887 685 1623 2139 796 638 59 2727 1375 1816 169 2771 1544 1509 1514 790 30 891 2833 2389 1520 1054 2039 1238 2844 2468 1551 1737 2524 2011 1863 154 2662 645 626 2481 267 2659 1545 1405 188 307 1679 735 1059 41 665 2104 2371 440 2477 2837 2082 1877 312 1444 2208 1291 1328 2270
2045 2023 1584 2755 747 1926 2790 1102 1656 817 943 2817 1934 2300 221 188 1319 85 770 2501 1624 1407 312 1644 2832 2044 1796 611 2528 2034 258 2545 987 463 1405 2411 2397 26 197 2082 4 1146 1029 480 348 659 550 925 1870 1737 1369 2270 2454 1386 2826 2574 712 559 283 2769 2724 547 635 1417 1428 2312 1545 260 2649 2622 489 2375 2389 977 904 1552 1468 2424 2652 1701 2069 556 2367 1627 1337 433 2419 1307 2289 1035 1604 1557 1202 1045 451 1237 1888 1517 900 1437
1017 1290 2049 2282 530 631 2064 2093 607 2596 1518 921 1604 451 1301 446 1879 2140 2796 1058 1237 1567 1981 984 2392 1909 662 394 908 1978 1853 1000 1695 542 2782 1739 2259 54 710 2543 1002 2664 660 1893 345 1613 2257 813 360 1673 1396 1906 1063 904 2357 50 1370 337 1468 487 996 2530 1491 942 2652 1331 2042 2369 1554 2103 1742 1624 1319 2312 611 116 1621 59 2085 1614 271 1935 2397 817 2528 1606 1644 355 1042 2361 1934 1407 1625 1119 674 1531 2501 1545 188 1579
197 1993 463 2439 2767 712 1663 900 2836 1045 1437 1782 1417 1468 1486 1489 1658 559 260 2241 2840 1870 1328 1307 947 1710 1381 26 2419 1054 1422 2312 1617 348 2649 2088 1369 1701 2130 550 1444 1544 925 860 480 1208 2826 1552 2628 2424 1218 1029 1679 445 904 2050 1649 489 2133 179 2837 1190 2515 2084 2076 2454 563 2652 169 645 2289 2011 2397 134 1261 440 1253 319 1796 674 1983 2769 1934 906 2832 1948 2714 2707 1878 1623 2574 1624 1860 1407 2735 2034 1123 305 1840 735
150 106 2263 2562 1596 1318 1525 2442 1536 971 2188 644 2048 2761 387 2720 2498 1083 2678 2688 1280 1726 636 2807 43 620 1108 1768 732 1032 1279 1283 181 2401 2623 96 2374 1979 2278 474 84 189 859 2141 1927 1797 366 2476 1198 2737 2555 2554 1727 2060 621 270 940 2502 2831 1251 1483 894 1004 946 1103 1632 949 2612 1380 2522 1476 941 1790 1749 2071 2245 1504 1880 1371 1802 762 546 1343 1263 2168 793 1641 300 6 133 1999 1659 2203 661 905 2202 2503 2303 2425 2448
1634 1424 605 717 94 610 1309 1040 2830 1573 365 1379 1110 648 2560 435 1020 1581 1966 2151 811 248 1133 1968 2746 1243 112 1311 881 410 2788 434 2364 678 544 1131 870 1946 1005 1794 568 843 2417 538 2005 2290 593 2549 2095 1783 1079 2251 2680 253 2730 2341 1516 1546 2196 338 855 1068 1454 257 937 1670 2087 2219 2697 535 1707 1894 749 953 673 883 310 2299 1142 2733 2827 988 193 2190 1535 1471 1364 983 2609 2377 2441 569 1007 2613 332 1466 1871 827 1731 340
1681 2600 1705 337 487 1742 942 2085 966 1384 2543 2458 1495 1673 2257 1853 1000 54 1695 710 1331 360 1893 1614 1739 2782 542 2259 50 2664 660 2696 2369 1370 1554 813 1508 791 1031 908 2803 2660 1287 1565 1396 1978 355 243 2049 1119 1906 1301 530 921 1604 1002 451 1237 2064 2796 1017 984 362 747 1290 1105 2140 1518 1920 1841 416 1770 78 1962 289 2074 1654 1058 1320 2755 2587 827 2154 796 400 1872 1593 770 2596 2736 1905 327 2784 1562 2282 2607 111 1954 1225 1288
1376 1339 1896 734 2674 152 458 2191 1741 1532 847 2819 2099 2228 972 1335 313 849 2500 1827 330 2681 2479 505 28 2177 2283 354 587 532 633 2028 1873 1563 523 261 872 671 2814 1956 2052 2181 2199 92 120 2592 2742 2265 602 1099 1708 2527 1135 2610 2193 2552 175 1314 238 1111 2789 2597 772 696 2250 890 2322 1332 649 1917 1955 2812 2119 1543 533 503 653 2306 1746 740 59 2017 547 1961 1852 1885 507 2773 618 2716 2367 705 1704 1799 2557 1302 1752 1636 978 2389
1125 1753 2777 2077 2478 2772 70 2561 1035 1839 2510 1834 2015 1252 2818 951 431 1842 18 601 2 2663 1533 1759 315 2757 2622 297 395 1557 680 101 1390 103 502 436 364 2161 1230 2504 2471 766 1389 737 1683 581 328 1785 1830 1180 990 1908 1559 962 1323 304 2624 522 2238 2601 215 1728 29 286 284 2644 1213 2759 702 2113 2178 2000 2172 989 1608 1027 1845 650 1115 1968 529 1786 461 1971 853 1235 1423 2242 572 1801 191 2656 2040 278 39 1951 126 1186 1306 2005
2138 2648 1698 195 961 2223 1571 2338 1349 2372 1994 1409 573 352 1618 2253 2100 846 349 2486 17 600 642 1060 2255 2811 2158 1095 127 1622 90 403 1009 2412 2709 1159 1338 2063 317 2635 892 837 1815 2215 2834 1615 46 1540 2484 577 223 2455 1862 665 511 1446 2339 2481 2595 1939 1294 2094 1816 1480 2607 913 307 1530 1078 2835 1660 472 1828 2633 160 879 2466 2403 147 1112 867 2399 891 1735 2614 264 1421 2797 166 2738 405 1607 557 2269 1572 1341 1630 2844 2820 1604
1752 1146 2367 1202 1799 2389 1316 950 2556 59 518 2300 2082 1545 4 188 2270 1240 85 2069 221 1721 987 1737 626 1386 1496 1926 312 1102 2790 2832 635 1636 1405 556 943 2189 1965 2501 1656 1934 817 1629 2044 795 2241 2588 547 1840 2815 1624 2477 2817 826 2628 2631 1658 1045 1407 2272 1319 712 2439 2528 1870 1644 480 1218 613 2397 266 440 348 2411 2312 611 2826 197 2289 1051 2454 1630 238 705 1314 2812 563 925 1360 1381 663 2181 489 2842 1563 550 259 2649 1796
1839 431 2510 658 70 485 589 1035 1306 1175 727 1798 1951 1834 2787 2054 395 646 2113 2066 2644 2561 1334 962 1213 1230 529 1753 2325 2777 75 1125 304 2546 1801 714 1207 1312 2772 461 1427 2497 2178 2277 198 1162 853 1115 572 1712 1971 834 1559 1744 954 1976 1257 1394 2149 898 1558 803 2072 1304 989 1087 2323 2602 2077 2478 2022 1685 2656 76 1203 1785 1668 783 2003 15 1166 1374 409 1173 1683 1298 1786 167 272 1300 376 2579 1928 20 251 1423 634 2222 738 940
1385 1779 1992 773 2145 2763 406 2102 519 1526 2516 1325 1007 1969 1511 1442 1894 730 2302 1707 191 1466 742 186 1165 1871 2613 811 1138 1731 410 1800 1645 315 338 288 112 1759 664 709 2622 1516 2609 2757 1721 257 1997 2110 1079 365 1012 1557 1828 248 249 2680 2746 2095 605 627 2835 544 1799 1406 1390 1876 2042 2235 648 11 435 870 91 1783 535 2367 1407 843 1935 18 1055 1063 202 925 1463 1573 1202 2377 1446 405 881 62 59 601 1842 1020 1581 1424 1309 2653
142 1492 802 555 2029 868 429 1890 2078 1053 554 289 1888 866 878 199 2668 1562 2333 432 1431 2743 176 2108 1393 2384 1033 681 332 1398 733 21 361 2451 62 417 2227 979 2786 2117 1268 886 1686 1418 36 597 680 340 1699 1588 988 302 1886 1430 1065 893 78 292 500 1132 1499 743 536 121 2423 1553 1256 2217 1449 569 2267 1236 571 193 2671 2380 427 2090 568 1038 29 2415 2533 1478 24 1597 1668 1057 2421 1754 707 2143 1149 2320 901 2673 286 213 2172 1728
2045 2023 1584 2755 747 258 770 1796 1320 19 2545 597 2034 1256 1035 417 76 1722 1980 2217 424 2421 901 289 1844 1888 1562 1065 2415 926 323 1839 1038 2566 868 1945 1398 2216 2423 232 1286 1728 1890 361 520 2108 989 21 1553 562 1305 1047 64 1430 2668 1996 62 2077 1269 988 554 2058 465 2612 2568 1364 1707 2116 1628 193 2056 2522 1968 305 1558 1673 2249 1849 498 609 886 1272 783 1686 2202 893 2745 1867 1091 2561 2224 2161 2190 940 2827 1731 427 1138 1793 571
1948 1096 1416 1362 1897 497 1586 992 2046 2213 1218 2241 712 899 1051 2741 1045 1630 1381 1926 1993 2135 1316 1212 2790 137 2300 2721 1261 1796 1569 1360 2650 2817 2150 2825 2598 2454 1782 2766 305 1658 925 2767 817 348 1656 2272 2289 1102 2842 85 2312 46 1446 892 2246 2481 2836 1606 204 155 2185 665 447 2455 1934 889 221 2649 480 2769 1663 1684 2298 194 1644 1938 2319 202 1369 1810 1411 2116 2735 2832 2384 2584 116 2556 1910 947 473 21 1860 26 1870 631 439 2545
1749 2058 834 1727 1277 2555 1672 1178 761 2700 2249 376 2437 1483 2317 1990 832 1836 16 2523 1995 1044 1447 1469 47 1714 2202 2422 34 1713 1116 2785 1161 1838 2190 1224 2745 44 576 2129 2441 2827 1513 1535 1914 2180 983 949 465 1847 1343 1346 683 1561 783 1087 940 1476 1773 310 898 1228 2737 676 1176 1856 2242 88 617 1795 1996 1091 1593 95 2072 1865 1785 777 1004 2111 1298 1693 695 596 291 1425 2542 853 1333 954 727 1558 2571 407 1207 2112 198 132 1300 714
1105 243 1396 355 1370 1554 813 2257 2696 1673 908 1495 1331 1614 1384 2458 2660 966 1742 2049 530 2600 337 487 1681 942 1567 1705 54 1906 459 1893 660 2782 1237 710 921 2064 542 446 2249 1853 393 2336 50 3 2645 2136 2369 2831 1604 2096 320 1301 836 2085 360 1322 2664 1740 1739 37 409 1642 1749 1456 2005 2705 713 2426 1638 2678 1000 1420 399 1098 825 1288 560 308 922 2318 1412 1336 1806 322 744 1304 831 2107 1206 384 254 765 985 855 1911 2410 2194 691
757 1728 1231 754 1533 2756 2021 2320 2533 1149 29 2673 286 2172 218 293 2224 213 1719 135 2638 2024 24 707 2295 426 119 2143 558 1870 1597 536 672 739 1804 2413 2828 1478 1588 2408 2649 1296 2078 91 967 1383 2178 2090 1689 1984 2472 2300 1132 1102 1562 1265 121 332 555 26 1035 1394 480 1890 473 80 892 802 1888 429 1492 304 1796 2014 1374 2790 498 933 2366 2430 545 943 340 2333 712 142 2842 388 1839 925 2217 2227 1934 1038 1656 1668 289 899 2508 1463
2045 2023 1584 2755 747 258 770 1796 1980 19 1728 2545 597 417 1707 1722 232 1888 1035 1844 1839 1945 1256 1029 1065 62 1305 2034 1562 2116 1910 21 26 463 817 424 2217 2415 1890 1390 1557 1834 388 1489 860 1286 2566 1701 2757 1073 1075 2756 868 1199 465 530 426 2315 24 289 1517 520 1710 1996 2612 432 1553 2745 1269 1793 1800 1731 1849 988 2685 1237 576 1870 886 2668 1448 2613 925 1686 2423 1398 1886 2077 2108 1637 163 446 2827 498 571 305 1091 519 2190 257
730 338 1466 1707 336 1969 2516 1670 1442 937 1511 1455 1526 1516 1007 2341 253 742 1779 1325 2145 1498 2102 709 538 410 1131 406 1992 2377 248 1732 519 191 2763 2302 2746 1243 365 1894 870 1385 257 1068 1005 2843 773 843 186 1079 535 1165 678 1731 1678 112 1073 2680 881 1783 830 811 2492 1094 2251 2290 435 1020 648 2730 1573 2275 1379 1527 2151 2830 1581 1138 1557 821 2560 544 1454 1133 774 749 1936 2518 1794 2005 339 2549 1174 2299 1120 2788 673 2364 1040 1309
2786 979 2227 2668 340 176 1562 2108 332 2384 554 1890 289 2743 1033 1888 1393 2029 868 1492 142 555 2451 1065 802 21 429 417 2078 1686 1418 886 597 1053 1431 988 1398 866 62 199 878 1449 361 536 2333 2117 1588 432 1699 733 681 569 571 36 121 1268 680 1430 1132 302 893 1886 1057 292 2090 78 193 500 2671 1256 1553 2423 2217 743 1499 427 1038 1535 2267 1236 2415 2380 609 520 2421 2224 2521 1668 76 272 2828 1793 2522 2058 2827 940 1957 2335 2214 1222
197 1993 2439 712 1045 2241 1658 1544 463 2628 2836 1782 1381 1840 1422 2130 440 550 2050 1663 179 735 2840 1617 1218 2375 2649 2767 2289 1870 1054 947 1417 169 480 1369 1444 26 925 348 1261 2454 900 1328 433 2837 1029 1679 260 2826 194 1051 1437 1649 445 563 51 134 1468 1623 2011 1253 1710 2082 2312 1796 1552 559 1926 645 1102 1489 2769 2270 1486 2790 2832 1656 489 1407 2528 659 312 85 1624 1146 1545 2088 305 2084 2556 59 2766 2389 2044 2397 663 221 4 943
472 1803 127 2444 2063 1059 1060 551 342 2266 1811 2738 2758 1069 1421 1530 17 317 573 1341 2094 1828 1607 405 2614 226 2138 1159 1167 1509 1078 1964 2835 160 2385 403 846 2255 1571 262 2710 2811 2820 2740 687 166 667 600 2412 2484 537 352 888 1585 1338 1807 1355 154 1295 1815 1619 1925 642 1814 2455 1540 1373 1652 203 147 1982 195 2100 2486 2595 264 428 577 385 1735 2231 2371 2340 1520 2731 1524 1 1863 867 1622 511 41 1324 1698 641 2635 2175 1025 2776 2403
430 726 478 2693 1635 1037 390 1967 1050 314 1715 2236 1472 1475 331 1140 2053 655 999 1124 1303 1187 1648 2406 2059 1662 484 2429 471 1438 27 534 1918 1503 1127 2407 2465 2505 936 1274 290 2301 799 806 363 402 1275 1273 2687 1730 1929 2557 2806 2244 2061 53 758 1921 2698 2470 1972 780 2402 653 2690 786 1780 721 1465 418 1216 1647 561 295 1011 1008 391 1118 2467 1692 389 1317 1481 2173 1756 643 1395 2531 1568 805 1378 2280 838 268 1755 2611 1706 1506 209 1831
2567 1214 1171 22 2751 2109 106 1927 205 96 2554 1661 894 2502 1632 419 1032 189 2153 2060 2152 2831 2401 2705 1605 481 1364 1703 2030 396 1288 1251 2726 621 2216 171 2162 744 2522 1425 941 84 1064 596 1488 2612 333 2571 1712 148 1738 2841 45 2521 1363 1953 1602 2768 1397 2056 1987 1760 609 214 150 1139 1749 183 510 420 1743 132 953 95 2627 2348 198 2179 2791 1176 2149 75 957 2737 594 149 20 1960 815 2404 1004 2313 1471 1999 1483 1891 2182 824 1693 2497
1125 1753 2777 2772 2077 2478 70 2561 1035 1834 2510 2818 1839 1252 951 2015 1842 18 431 2 601 103 1323 2663 1533 297 1186 1728 29 286 2172 2314 1235 1759 126 688 2161 1845 1830 2601 165 315 1905 2624 2000 2533 424 2757 2242 766 1091 2471 1389 680 1559 1785 328 1130 581 2728 777 1557 1683 702 1719 101 1996 757 1132 2238 1357 1588 725 853 1801 737 1726 1693 967 2216 2759 2260 767 1391 1199 2622 191 2673 2504 364 1027 578 395 2320 502 436 417 848 1968 1562
1087 1558 714 1207 898 2072 1928 614 1166 853 2409 895 1137 93 1590 1197 589 727 1175 485 658 2066 2113 1306 1213 1951 304 2178 2324 1798 2054 2493 646 465 2787 2546 1300 1257 803 1361 1334 374 76 1785 293 962 572 2323 1230 1427 1115 1561 1597 2667 251 634 1389 529 426 1394 2644 2143 24 1801 1883 395 2430 1538 2540 617 1312 1333 2542 2784 75 1451 1593 1971 2022 1298 2024 1712 149 954 1683 198 2759 1685 540 1786 483 783 1760 215 1430 1228 2497 1689 1004 979
2567 2141 2502 106 1251 1364 1171 2401 2152 2831 1288 2705 2841 1703 1927 2216 621 1661 171 2751 183 45 2056 2109 1113 2522 1214 22 2182 2760 1064 189 2612 96 2608 2554 214 1605 333 236 2263 150 1032 894 1632 1525 620 419 1363 959 2060 2153 1283 732 744 1336 1139 1371 2048 1108 1865 506 2761 941 1280 2623 2720 957 42 609 1013 198 2442 75 181 851 1953 2404 84 1768 270 2179 949 2571 2497 1844 1960 724 1004 1749 1217 644 2737 629 1760 940 2688 40 1790 2071
754 757 1231 1728 2021 2756 2320 2533 1533 1149 29 286 2172 2673 218 293 2224 1719 213 707 119 2408 80 1478 424 1296 1804 967 739 1984 1361 1383 2787 135 426 2078 2295 19 1945 1597 1849 1451 2495 589 184 2354 91 2054 1951 572 2260 364 1306 727 1175 1492 1588 1132 142 536 76 558 498 2014 2413 529 1722 568 24 2366 2464 802 646 2124 2566 520 1890 1106 2638 473 672 340 766 1733 2040 2024 555 2178 232 375 121 1562 1529 1312 1559 2143 485 2227 2743 1053
341 2381 2040 364 737 215 1900 436 101 989 251 374 803 545 2540 1427 1353 1971 328 1883 2759 581 766 2579 2504 2238 1898 572 1115 1230 1389 2644 2114 1683 1394 2546 529 395 2277 407 962 1257 2784 789 1801 1798 1361 304 1106 2178 1559 2323 1786 2242 240 1451 1213 483 2066 1093 2113 1091 1300 1334 926 1818 76 293 2787 39 564 2756 589 2495 1357 1231 1175 2288 2000 754 1137 1728 1306 485 1951 1180 646 658 727 2021 714 2054 1149 2533 757 1558 2320 1996 1207 614
2363 2460 557 1440 1694 2749 2185 143 879 1129 1684 2584 386 2298 2271 1619 2529 2517 795 810 1360 1411 1630 262 273 888 1925 787 1509 71 1112 1242 2844 891 718 1294 299 2481 2776 1480 1807 1446 958 147 1373 638 30 1295 665 2524 1474 2535 1215 1258 1816 2139 2595 1982 1059 2616 2576 685 154 2833 2468 2104 1445 2619 697 2246 745 1939 2771 796 1366 1863 1134 1167 312 690 1934 352 2371 2269 2832 1405 1520 2309 204 2411 1537 345 90 2044 2501 59 325 349 1375 2795
70 2510 431 2478 1753 1125 2077 2777 2772 2561 1839 1035 1834 2818 951 1252 2015 1842 18 2757 1759 601 2622 1390 315 2 2663 1557 1938 1165 433 191 1895 1443 2302 2375 2045 2685 889 502 1833 903 2769 2289 2507 1788 2023 1747 2686 309 2388 2741 1829 277 1105 2039 2496 1904 2650 1887 1584 446 1806 202 2161 631 2279 102 2702 996 345 1340 997 2482 2530 1976 1509 704 2820 395 1491 2455 1181 352 2501 1604 461 1201 745 1606 269 600 1338 1910 2356 530 348 1324 2135 1815
2091 2794 239 2164 1781 2280 2173 1127 1274 209 838 1472 139 1780 27 525 2025 356 408 1282 296 2693 2669 653 245 225 2017 1555 2232 654 49 2396 61 1011 192 1435 2311 1961 1248 1506 207 216 1124 2053 1598 1505 1475 2236 2531 1021 625 1356 1755 290 1787 449 113 383 1924 1303 561 858 799 1568 1140 1037 252 1635 1216 1692 1972 1317 782 390 679 1967 2059 1706 331 1756 1018 721 805 314 1715 1395 1647 2632 2061 484 464 1655 2402 1921 1024 2406 1918 2429 2244 1831
1380 1425 2245 946 1263 905 474 1750 1200 2410 1219 1641 2514 1423 2086 1322 2463 488 1933 1226 1066 624 850 907 897 222 2512 1790 104 1206 2195 1504 1144 1267 2071 1954 2218 2483 644 2096 2627 1203 111 1006 724 713 325 1911 351 745 1305 459 836 2216 2362 1671 1736 45 1250 1654 1447 621 1412 1749 322 2442 2425 1225 1483 2443 2394 2401 2154 2249 1474 42 2831 1785 2079 2645 2156 2450 1436 340 2522 935 1013 1315 1342 1621 1336 1740 8 75 1064 834 198 783 2293 761
1146 2389 59 1799 1202 1545 4 1752 2082 1737 626 2270 188 2367 1240 1721 556 1386 2477 518 312 987 85 2832 826 2501 1405 950 1934 635 1102 547 2300 1316 611 283 2528 1656 266 2189 1629 1319 2790 2556 2411 2044 1624 2588 795 1644 1926 1407 817 943 2817 221 2312 1468 613 2397 904 2069 260 480 2826 274 2208 345 2766 1339 2574 2419 2842 2289 1360 134 1630 2534 559 2689 1840 900 712 526 563 705 271 2652 1870 348 978 1437 2250 925 197 2789 864 608 633 1491
957 2464 1889 2725 609 2404 509 5 2457 844 1515 1766 2448 1696 1426 744 2115 2128 466 244 1616 2124 1326 473 2141 375 2014 425 498 306 2366 2421 1754 1061 1038 388 163 1637 2351 2468 815 1556 1987 1945 232 2751 2566 2522 1477 2508 2056 2521 520 1602 510 150 214 2572 45 1525 1171 1364 1269 665 19 119 22 2109 424 1064 690 106 1365 1251 2203 133 228 672 621 2048 2612 2828 1960 1738 1296 2384 707 2227 1659 80 23 2182 933 2116 171 2354 1033 1383 2481 2278
2716 238 2552 28 1563 2250 505 523 2500 2181 2681 175 705 313 849 2365 2119 2534 2689 1827 2370 2283 81 587 152 2819 2527 633 1741 772 458 734 504 1680 1896 1532 2322 503 711 1335 2193 847 1339 2191 2479 972 2674 1111 2557 1746 92 2592 1704 354 2052 602 1708 2099 120 1278 1332 2144 671 1852 740 330 1010 1912 696 125 2177 2806 2597 2059 108 994 1117 2440 1730 1314 2244 864 1929 608 271 1917 753 534 2237 999 1873 1157 788 508 1376 1692 526 1915 1655 628
835 1254 1512 903 1310 65 1107 684 1608 250 2388 1720 1340 1821 768 1975 284 502 1908 297 990 1114 2471 2579 2601 2276 702 103 931 1323 1830 1235 789 578 1186 967 2624 2759 1413 581 1907 328 1767 2386 2087 1845 2258 1458 2571 1013 870 2100 307 2766 848 969 1801 2504 1804 1353 483 2612 240 126 951 1791 2736 577 2116 1217 2196 1056 2825 223 259 2300 202 1336 2314 886 332 2238 2079 1115 2160 2230 2486 2340 873 881 1825 2095 1315 2000 2546 46 803 2818 988 1391
1481 418 806 780 1465 52 2244 534 2470 2429 484 207 786 1662 2059 53 1438 471 999 225 61 2690 363 1273 936 402 726 290 346 192 2821 2698 2467 2025 478 2669 1918 2236 2301 1140 331 1475 1831 758 2687 1275 1787 655 1780 268 1730 344 2407 1929 2806 389 1008 2465 2505 2053 1124 295 1378 2396 1022 1503 2693 654 108 452 430 653 1037 840 131 1127 1706 27 1282 391 1655 245 1822 356 464 1921 2634 2285 408 2061 1715 467 2173 753 1568 838 625 33 525 241
629 2677 1865 1949 1723 2161 1891 2346 941 475 1916 650 2666 2810 1605 1144 2816 2152 2043 2421 2171 281 1603 1599 2502 820 1272 1038 2494 84 420 380 909 1766 115 2627 2217 2249 1754 2521 594 713 73 1488 750 2074 1738 609 117 1995 1628 2179 327 2210 285 2261 498 2194 510 543 640 396 1006 1256 2115 1740 2222 37 1462 2671 1397 1661 244 1922 409 1184 479 1283 1559 2415 582 1987 1073 1175 339 1750 2568 1263 2518 1412 437 1637 417 1785 1502 121 148 845 2149 2303
2294 1055 1944 2558 2728 204 1056 2207 725 2766 1825 165 1212 2825 1986 1940 2741 116 2135 137 2842 899 1606 1130 1935 1463 1134 447 246 2506 1547 2736 1067 2435 2068 2305 2041 97 677 1223 1841 2719 362 2511 494 692 790 79 722 1464 1076 2382 146 2258 2813 2286 2248 2708 804 1452 1874 686 2319 682 2438 2057 491 1126 329 2683 1185 1899 1639 2665 1771 2569 2291 1777 574 647 1937 2580 2625 2292 657 2393 1592 2436 2639 140 350 1962 1998 1892 305 2037 1677 2598 1868 948
2491 2328 2252 1977 1179 2682 1651 1578 841 1583 945 2792 1579 639 227 382 916 998 2723 763 952 778 9 1470 517 118 919 1920 567 2711 1791 982 2225 1354 2647 1854 1769 114 1063 2042 2778 2729 748 2065 887 930 928 1531 1667 1657 2575 1970 2379 819 1770 808 1851 1344 98 1819 2349 804 329 1367 2436 1613 2462 174 1864 2310 2334 528 1566 2618 1918 1239 2740 363 1415 1688 658 2559 936 776 589 353 662 1585 196 2474 1368 2636 2416 786 974 948 882 1465 61 1211
98 1625 869 2474 1819 196 353 1643 776 1864 2081 585 1042 2361 2067 2353 910 2334 2103 2462 701 781 276 1963 1402 809 233 2256 1344 2027 69 2264 381 871 2101 2186 1970 1078 2094 160 2582 2614 2125 1925 793 797 1530 2157 2460 282 1540 405 2371 1667 891 1246 352 1579 2053 118 667 1619 1060 2738 1421 2336 1204 1715 2255 1815 2838 561 2811 2675 2153 1519 649 2484 114 2595 841 1273 1985 716 879 846 391 2835 1791 255 428 451 423 1124 2773 1770 2669 2138 1299 2139
1303 1472 478 2693 430 2236 726 1475 331 655 1140 999 1037 2053 390 1635 1967 1124 314 1715 1050 1127 2059 1274 1918 561 471 1438 27 484 1662 1187 2407 2429 2061 936 534 2406 1503 1648 402 2465 2505 799 363 1273 2301 806 2402 1647 290 1972 721 1921 653 1275 2244 1317 2698 786 1780 643 1756 239 2794 1929 758 53 1008 1395 2687 780 1465 1755 1692 2531 2173 268 1568 2091 805 391 2280 1730 1378 1831 782 1011 2611 2164 389 2690 2557 2765 1118 1655 1018 2632 108 2470
225 2025 2669 61 1780 207 192 290 653 2164 1781 2794 1127 1787 2280 2396 239 2173 838 209 1274 139 2091 2017 52 408 1282 418 356 654 245 296 2470 1506 1472 49 2693 1021 1011 1481 1961 525 2531 53 806 2232 1555 1465 1662 780 534 471 2429 2285 1438 786 2765 2244 27 346 452 383 449 1141 1124 1140 2557 999 2059 484 131 33 1216 495 2565 2053 936 1024 363 2821 1475 1843 2467 2690 268 618 2311 1918 402 799 1941 241 1875 478 1755 344 1924 1273 1715 200
1481 418 52 806 780 1465 207 2470 534 2244 2429 484 786 1662 2059 53 471 1438 999 225 61 290 346 2690 2821 936 363 402 192 1273 2025 2467 726 2669 2698 478 1918 1140 331 1780 2236 1787 2301 758 1475 2687 1730 655 1275 452 268 1831 389 2806 2407 1008 1929 1378 2465 2505 1022 344 1124 131 2053 654 653 295 430 840 1037 467 2285 108 2396 1503 1127 1506 2634 753 2693 1220 2611 628 1706 2557 1822 838 27 1282 2398 1303 1921 2164 2061 464 2794 245 2173 1692
1385 1779 1992 773 2145 406 2763 2102 519 1325 1526 2516 1007 1442 1511 1969 1894 730 1707 2302 191 1466 186 742 811 1165 1138 338 1645 1731 1871 112 1800 2613 315 410 2680 257 365 2095 435 535 1079 2377 709 881 288 1581 1020 605 1309 1759 870 1527 1040 2609 1783 1573 2746 544 1516 2290 248 2560 2830 2622 2757 648 1557 301 1068 664 610 1311 1865 1968 1828 2785 1294 1342 678 1670 1390 511 253 2219 855 47 249 1424 1012 1005 1116 2110 1713 2523 336 1714 1446 843
630 256 2453 1170 1600 2593 1595 2012 2734 2391 632 1077 318 2001 516 1762 1152 1973 265 2147 254 3 1642 2165 490 2204 874 1347 1267 549 1036 212 2718 2405 2132 2170 1247 2490 2264 58 2101 604 1958 1519 862 1380 2824 2355 1245 2691 2603 1128 66 615 2209 652 245 2396 343 1021 94 1092 779 2403 639 974 929 618 14 276 53 2318 833 1099 69 2669 392 2070 1246 1900 2698 383 2814 206 209 2200 1915 2231 2148 977 2647 2536 765 547 381 1356 1843 1039 2025 838
204 2842 2558 899 2766 2135 2741 1212 1606 2068 2728 1944 116 137 1067 79 1547 2825 1935 1055 725 2294 1463 2511 165 686 447 1134 722 246 2580 804 1076 2041 2207 2736 2305 2665 1825 329 97 1056 1464 692 2248 1452 2719 2382 2436 2286 2598 2813 2300 1926 948 1874 90 1223 1986 1624 2455 2057 2292 1940 2082 1910 1796 352 2528 2501 558 2044 1934 682 892 1338 1777 2319 2817 135 221 1190 1656 1407 267 1644 1130 2435 1009 2790 2138 299 891 790 2270 1291 837 332 1870 817
1255 1757 123 986 882 2150 155 1636 2815 965 1477 1993 439 51 2272 1051 100 2352 1840 305 2628 440 2713 1965 2631 1316 2545 1640 134 950 1496 2721 2650 48 1569 2213 194 1045 1897 518 1796 562 1362 2241 2836 2456 64 2556 715 231 204 319 934 1775 2034 2433 2667 2367 1752 1218 1649 2130 2775 93 1860 1948 2289 1261 2767 1657 895 1123 1600 992 2376 1590 1665 720 674 2729 2732 1054 2639 1148 2482 1381 754 1292 2548 2553 978 2312 2046 1663 2291 1552 1415 820 563 645
898 1300 853 1087 465 1558 714 1207 2072 1197 1928 1166 2066 2409 1213 2113 895 1590 1785 2493 93 614 304 1115 2178 1561 803 1137 2546 617 2324 540 483 1389 1631 1257 1883 1228 251 291 2784 1161 1427 1353 374 1773 1593 2242 1847 634 1513 2430 499 407 24 2542 2143 1795 1346 240 789 1535 676 1971 1334 1175 485 1597 2540 76 1538 2579 1689 2759 2054 751 1798 1786 215 646 2238 341 426 1865 832 310 2024 1093 2827 101 576 766 581 1749 2700 2504 1693 1801 989 2190
2011 645 1444 2707 1623 2837 1679 1649 1054 169 1328 947 1663 735 1617 2767 1544 440 2050 1782 445 2130 1261 1381 2836 2840 1045 2439 1840 965 2241 1253 712 1658 1029 1993 1218 134 1422 1552 2287 51 319 2735 1775 2628 463 179 489 1307 2352 2046 992 2084 197 1437 1123 2312 1948 550 769 2631 1640 194 1860 2712 2076 563 259 674 906 2133 231 497 30 1586 2544 900 2088 1445 2308 2183 1208 1148 2424 155 950 2649 1362 1710 161 1416 1489 2769 637 2397 219 2412 1202 1870
1810 2509 67 202 2583 1001 1075 2121 2350 627 1012 249 1406 404 1195 1055 1894 1944 1609 1606 1721 742 2558 2809 1594 899 2728 1453 2825 725 2766 338 1869 349 2057 1901 1779 550 137 499 2207 2042 201 316 563 2294 1212 1707 378 2842 925 204 1796 2382 1441 2545 2826 1876 1088 2135 1169 2312 91 165 2235 1464 1411 2598 2757 730 1446 359 168 1407 1992 2248 2741 811 904 2756 2044 2237 902 1473 917 2411 1516 1624 232 1926 1316 1759 2020 1644 2713 2813 1969 892 480 2790
2715 31 1293 159 580 326 1143 1097 1118 1822 2232 1568 2265 207 1262 61 1314 455 1955 2062 192 356 296 1755 2025 2669 1282 408 1317 290 2693 1506 1756 1297 653 225 1395 805 890 2794 2396 838 139 2306 1706 1781 209 1378 1921 464 49 1787 1655 872 418 2789 1127 1831 2061 412 2505 2465 799 2236 1022 758 1475 1124 786 2053 1140 1011 1780 363 2199 2173 2164 1024 936 52 346 2467 2301 2280 1662 999 1647 1303 268 1972 452 131 2812 389 2821 2687 2407 1472 1039 245
106 150 96 2502 1927 2152 2263 2554 2141 894 1632 2522 1251 940 2401 2807 45 620 1083 1856 419 2720 2153 621 2562 1004 2048 2678 1364 2056 732 2442 644 2111 1749 1318 181 1064 2112 1032 1525 1727 2278 2737 762 949 2441 1434 1536 1702 2116 2831 2386 1661 636 1103 189 2623 2705 1999 214 2612 171 2060 1343 2567 1288 1336 482 1797 1703 2572 2160 1013 407 2761 1171 1605 2555 1768 2841 333 2608 1726 1365 2571 2203 2591 2827 1263 2566 474 783 198 2760 2079 236 232 844 2643
142 802 555 1492 2029 868 429 1890 554 2078 1053 289 1888 878 866 199 1562 2668 2333 2743 176 432 1431 1033 1393 2384 2108 681 1398 332 21 2451 361 733 62 417 2227 979 2786 1686 1418 886 597 1268 2117 680 340 36 1588 1699 302 1065 988 893 78 1430 292 1886 1132 500 743 2423 536 1499 121 1256 1553 569 571 1449 2217 1236 2671 2267 193 2380 427 2090 1038 2415 1478 568 901 1668 29 1057 213 24 1597 2224 2421 2172 2533 2408 424 2566 2568 707 1041 2143
204 899 1212 2741 2135 1606 137 2842 116 1935 1463 2766 2558 97 2041 1547 1944 1134 2068 246 1067 2305 2511 2728 725 1055 165 2825 2294 79 2207 722 447 1056 350 1986 2665 2435 1825 2736 2248 2813 686 1223 1940 2039 1874 677 692 2057 1130 657 305 494 1677 682 388 1870 2258 1841 2382 1061 362 746 2295 24 1464 2625 2649 2638 135 1771 2143 2756 2289 1545 558 1126 2037 1892 1934 67 426 1930 1796 2455 790 1656 709 1076 1689 421 1910 348 2373 1330 2312 231 480 1102
967 2320 1149 1804 2533 2021 568 29 2756 1728 286 2673 754 1719 2172 2224 739 1231 293 218 707 1448 2615 1478 1945 1533 184 757 91 1265 2295 1499 2413 1597 135 792 1984 426 2354 119 2638 1430 2408 558 36 2472 1296 1431 1722 1553 2117 634 500 213 24 2143 2235 1886 232 1849 1699 424 2267 76 1383 520 2296 1236 1689 2217 1312 2430 80 1269 733 2464 2024 19 498 2380 1867 1364 193 1637 2566 2744 766 881 2830 2787 2056 2238 2078 2404 1766 1401 142 1243 2725 1733
1533 757 1728 1231 754 2756 2021 2533 2320 29 286 2172 1149 2673 218 2224 293 213 1719 707 967 739 2260 1804 135 2408 2295 1478 424 91 499 558 1132 1588 119 80 2413 24 1296 2024 1945 426 2143 1984 1562 1383 2638 498 184 2078 2464 2235 332 1597 536 520 2227 2108 1890 340 2668 19 388 2217 672 473 1035 2014 1722 2725 1492 2472 1849 2777 232 2300 76 597 289 1888 1256 1038 2566 1733 417 142 1689 2828 1889 761 375 1061 2384 26 2124 698 163 704 609 1793
1839 1798 962 658 1230 589 2644 485 395 431 2510 1334 1306 529 727 572 1175 1801 2323 1951 2054 2787 646 2277 1394 2113 1361 2066 1213 1035 1683 304 1834 75 70 2178 2325 2546 989 1312 1451 853 1559 1427 1207 1115 2497 545 714 461 293 1712 374 783 1162 198 1785 76 2249 2149 2777 1125 1753 2561 2772 2000 251 1106 581 2072 2540 954 1558 898 60 1928 803 101 1257 1744 386 1304 1976 2579 1203 834 1173 2022 2656 2542 272 1087 1971 1957 409 1225 2003 691 15 1898
2313 1858 468 1560 229 807 752 1015 1188 620 732 1703 1610 1260 1288 980 2118 181 1456 1363 1797 973 122 546 922 1884 189 411 1702 1032 2060 759 37 2425 2643 2216 2823 2554 1284 1286 285 1927 1083 2666 2567 959 1844 2807 1221 650 183 2261 419 506 6 582 894 333 448 2194 1283 2705 96 106 2153 941 2502 1285 1697 1570 1891 2831 236 2171 2476 2608 2043 171 661 2810 1108 2182 2760 1227 744 1171 1632 2751 2816 1251 621 1064 2152 45 1987 1723 2056 2346 1217 84
1746 503 633 1704 2250 711 772 587 2322 2119 1827 1852 1680 2681 2181 972 2527 2370 705 2193 2283 2534 1741 523 313 81 2689 175 505 2052 28 2592 1563 1774 2500 2365 238 354 120 1335 2552 602 1111 1332 162 458 92 2144 699 2212 1327 740 2191 1164 2099 734 849 152 507 2597 1543 2716 2237 1182 367 1109 1532 963 235 2479 1896 330 847 1339 1873 2822 2610 504 2674 2799 2789 1650 68 1917 2819 649 1991 890 2343 771 553 2742 2199 1135 1117 2764 1099 2306 1823 1708
1584 2023 2755 2045 747 258 770 1320 2545 2034 1796 2134 500 1499 973 1285 1015 115 2118 19 1256 1703 1401 1980 2056 2216 1288 1064 498 2463 1660 155 2108 1628 2085 2217 1995 745 1722 2245 45 597 609 1562 2522 713 2249 988 1423 2494 1364 2182 834 1865 1286 2831 289 2607 940 417 1222 2415 650 1363 2362 1342 905 2668 1750 439 1203 1681 1605 2725 1738 691 1766 2760 644 2705 38 1976 2521 1858 424 1074 325 461 1986 1637 2074 446 733 1744 1416 1835 1728 272 886 1474
912 41 1652 2208 1264 2231 2524 2104 273 1242 2692 716 345 2205 1988 527 2675 237 2530 996 1491 651 2517 591 1181 616 124 2131 1812 1215 918 1587 1615 2635 143 700 2619 888 223 2158 718 1807 262 2834 1373 386 2385 2529 1440 1564 1837 1349 349 1295 1355 147 708 1803 2298 2771 641 1409 2215 352 2271 195 2738 892 1167 1619 2223 1698 991 1516 2801 1509 186 756 2253 2184 1934 1684 2581 1994 1497 2185 166 810 4 1624 1540 709 2844 787 1811 961 1618 388 1009 588
222 2218 1933 1436 1504 1305 2512 1790 850 2071 897 2362 836 2096 935 2645 2156 1098 1321 1638 1709 1052 2750 2432 1911 2355 2691 1806 755 1736 2446 2394 2342 2452 2450 2201 99 1006 599 1621 73 2642 981 2421 2783 443 96 2074 586 1447 1085 2831 640 2560 2537 177 1927 106 717 1581 461 1634 894 2655 1910 16 1023 459 1717 399 44 1785 2705 1272 1090 1364 621 1032 1949 1483 680 2554 2437 2578 2095 2094 940 1682 1251 500 2829 1968 1573 2030 1020 1749 84 834 2401 2700
100 2713 2721 1569 305 26 348 1796 48 1870 1369 925 2649 480 562 64 715 2034 2545 2454 550 155 439 2769 51 1640 179 2714 2433 663 1453 1422 2538 2309 1490 2650 201 1860 1901 712 2376 1417 260 1993 2375 860 2826 1478 168 1782 2638 463 659 1489 2289 2817 1658 2130 1045 1710 1624 817 2556 1316 2528 1644 1986 1381 1934 2390 1407 1428 563 197 2836 1701 1907 1588 489 202 627 231 1132 1984 135 2295 424 232 2088 1656 1065 1265 1009 1029 1148 784 345 1319 2501 1606
6 1083 285 1221 582 546 1702 1260 2643 759 807 732 620 181 1797 1697 1891 1723 2816 922 1188 2171 2666 2043 2807 650 2810 1858 1541 1603 475 2346 37 1456 2278 1865 1882 1916 820 2194 2313 1605 1536 1318 636 973 2261 468 594 661 420 1284 2502 2056 2118 2152 752 45 148 1015 980 1064 1488 1570 2179 270 2521 1397 2522 1283 1285 2425 2749 510 750 1738 2476 831 1763 2214 905 40 713 1153 2768 272 940 122 1610 1768 2203 1884 2048 1006 1364 384 258 1108 2469 1251
1481 418 806 780 1465 52 2244 534 2470 2429 484 786 207 1662 2059 53 1438 471 999 1273 2690 363 225 61 936 402 290 346 2698 2821 726 2467 192 478 2025 1918 2669 1140 2236 2687 2301 331 1475 1730 655 758 1787 1008 1275 1780 1831 2505 2465 2407 1929 2806 344 1378 389 1022 1124 268 2053 1037 108 2693 654 295 2396 653 430 1822 452 2061 840 467 1921 1568 1026 1503 1692 2611 2557 1282 1647 131 643 1303 1220 2285 1472 628 1127 391 356 753 1039 1506 1655 408
2567 1171 1927 106 1214 22 96 894 2751 2554 2109 419 2153 1632 1661 189 1032 1251 2401 2502 2060 1364 2522 2831 1064 1703 1288 2705 2152 2056 621 45 171 481 2216 150 2612 2841 2760 1363 2182 183 2726 2141 1987 1605 2313 2608 744 815 236 84 506 333 205 941 1749 2162 2571 940 620 1004 1336 1483 2116 1797 1844 42 732 1960 1139 1727 609 75 1286 376 1760 198 1283 2048 1434 2555 2497 2737 468 2112 214 1744 181 1865 1891 1013 149 1999 2700 1365 95 1712 2521 1343
1371 2263 1525 1113 2152 214 2572 2623 1280 327 2502 2141 2678 851 2841 1661 2348 1865 1084 1602 1144 629 1866 1139 38 1605 106 183 1953 621 1064 2522 1960 1032 2056 924 1659 45 2760 2182 171 1364 23 236 1251 2109 2608 117 2401 957 2162 2726 1687 744 941 2751 1632 1738 84 609 275 96 189 40 1171 2831 1184 2705 834 1927 2612 1283 894 2060 2554 22 2303 940 1749 2153 2573 1199 1263 2677 270 1949 1785 20 1214 1727 1744 2058 1343 1365 2216 1957 1726 15 592 2214
2210 640 2520 2671 1272 13 828 2578 377 698 1910 2227 1041 1754 865 323 340 1337 1038 2083 2384 2108 1949 979 1562 2786 176 2668 2421 1393 1668 1033 1890 2602 289 672 332 2828 933 536 1588 1374 2743 2032 1492 988 142 1888 21 554 2078 2117 955 2451 1189 1329 56 2335 1764 429 1431 2038 680 2570 1686 1399 1053 1449 244 1430 199 802 1398 1132 1065 370 571 597 2217 1418 121 886 292 893 555 868 2839 1616 417 866 733 932 1049 2047 1256 2029 2795 1521 36 1699
2471 2601 2624 848 702 1830 1845 126 1908 2276 578 931 1767 1114 103 297 688 990 1323 1235 284 1413 502 1186 1608 2314 1391 835 768 1107 1340 250 1720 903 1821 1310 1254 1512 65 2388 684 1975 522 2497 2656 581 962 75 2000 2149 731 1916 737 215 2113 395 954 1798 1458 1559 1426 1213 461 304 1965 2510 1230 1605 2542 850 1203 1801 2644 529 803 1570 650 1298 2346 1839 2503 2152 767 198 2066 1106 2114 1976 364 2706 101 319 2841 572 436 1685 70 2469 1674 1232
341 2381 2040 364 737 215 436 1900 101 989 251 374 803 545 2540 1427 1353 328 1971 1883 2759 766 581 2579 2238 2504 1230 1898 572 2644 1115 1389 2114 1683 1394 2546 529 395 962 407 2277 1257 2784 789 1801 1798 1106 304 1361 1559 2178 2323 240 1786 2242 1451 2066 1213 483 1093 2113 1300 1334 1091 926 1818 39 2000 2787 76 293 1357 2288 564 2756 1231 1728 754 2495 646 1175 589 2021 2054 1180 1951 1306 485 727 2533 1137 2320 1149 658 333 757 1996 1217 714 2673
2677 629 1949 909 941 1865 2161 281 1144 2421 2494 84 1038 1502 2115 882 1754 1616 2179 123 1080 2627 1766 594 1960 609 543 244 1199 2346 23 1723 1591 327 1184 1768 115 396 37 117 1738 475 76 1232 270 1283 1916 2203 2761 1558 1462 2216 2404 2503 2150 1073 498 2224 481 1922 2072 1108 851 940 820 676 1476 744 1740 1041 2448 425 40 1596 1139 275 1637 2573 1659 1987 2303 36 907 750 1180 375 1995 1087 1891 163 2726 2162 1714 1207 1363 2620 1844 853 1661 989
1697 1188 2643 181 759 2167 1702 922 732 620 1260 1797 546 807 298 285 1221 2268 6 582 37 1763 1456 1083 459 2043 2816 1541 2807 1570 1284 2171 1090 1082 1285 820 122 1308 411 973 980 1858 2810 2666 636 1882 2749 586 1884 1723 2118 1891 475 1318 1603 1536 448 1610 661 752 650 1015 1916 2194 2346 443 2261 468 1006 594 2476 1227 334 2425 1502 690 2203 1537 669 1153 2313 476 1283 258 1768 2168 829 750 1184 2179 2791 23 2706 2468 1080 1866 1911 1108 2761 1322
2548 1375 857 2363 704 1350 1776 1887 2356 421 2727 2123 720 2039 2332 2662 1551 746 2659 2460 2399 307 2229 77 1043 557 1520 756 2206 1877 1034 2590 1665 1 798 1792 1358 2456 885 1193 1191 570 158 801 656 228 2327 1664 2739 1930 2672 1619 1925 706 879 689 1440 2215 2749 2004 1542 797 1861 1724 234 2581 386 1392 1086 2186 2330 2844 1580 892 372 2158 294 263 352 687 143 2139 2198 1947 299 349 1837 1009 1575 837 1572 46 57 2125 913 2649 1982 1366 1815 2100
540 407 2242 2441 1093 310 1091 2413 777 2827 135 1535 1561 1856 2295 2785 558 2111 1996 1914 1593 617 1448 967 1346 291 766 2615 1898 1631 1728 983 1689 230 24 2238 1804 2143 1683 754 2756 328 1597 1945 634 2638 426 2024 1343 95 1693 2235 2533 949 2745 2320 2190 184 2202 499 1149 2656 1818 783 2021 1265 2430 695 2472 29 940 91 832 2737 926 2281 596 2673 520 424 581 1478 1231 2224 853 332 232 2493 2542 751 2149 739 2112 2227 2828 286 417 1176 1562 2759
238 1563 28 2250 2552 505 2716 523 2181 2500 633 313 175 705 2283 2689 2681 2534 849 1827 772 2119 587 711 503 2365 2527 2370 152 1680 2193 1335 2819 2322 1741 1896 1111 81 1532 734 602 2592 458 1746 972 2052 2191 2479 1332 1339 504 1852 354 847 1704 740 2674 92 1376 2099 2300 2270 1752 2082 2237 2557 2144 85 2177 2367 1146 1278 1912 518 1926 1656 2241 268 1102 331 1708 2185 927 312 655 330 2044 2501 817 2826 671 1316 1202 348 1934 188 2389 726 1655 2817
277 767 1938 1443 1833 889 2686 1747 2496 2315 1980 2702 2510 2685 431 211 2532 369 2818 1460 951 1834 1989 2015 70 1252 1418 1390 597 2571 2384 1557 1686 2077 886 1272 417 1065 1277 2777 2478 1562 1793 2217 2668 13 1035 1401 1561 1839 2827 1842 95 1904 1353 2507 713 2522 1315 2108 1713 824 20 1074 576 2561 997 1593 2451 1910 45 2772 1342 1091 1064 1890 236 617 1334 2441 2116 1343 2757 1996 36 2056 1176 1322 18 258 332 2227 2572 2463 1256 2786 2415 640 2182 2245
2672 1034 2374 493 2461 1276 133 1392 1196 976 1375 210 2174 1234 1859 2184 294 1861 57 1765 793 1947 2418 548 1724 588 1358 2229 756 280 1792 1457 583 801 1072 366 1575 1664 1776 570 263 885 1877 746 1758 2327 228 857 1580 2739 1930 2004 1887 2590 1043 689 2332 704 1081 1350 797 2125 1229 1191 2039 2321 2456 1542 1497 2356 2659 656 2548 1665 1086 242 2206 706 2581 1551 421 2838 158 2694 77 859 720 1279 2123 880 1193 1030 2703 2187 2186 2198 1345 2330 1675 2127
629 1949 2677 1144 1865 941 2421 851 2152 1038 1371 1960 84 327 1754 1661 2572 214 2161 1723 40 2502 1605 640 909 281 1616 2210 244 1891 609 592 1041 1525 2571 1602 37 1113 2263 2494 270 1659 1283 2115 1738 2348 882 96 1272 594 23 2678 745 13 2573 481 940 2623 2162 106 834 1632 325 1488 2521 1766 2671 2346 275 1336 420 1108 1749 2203 828 1397 1927 2578 510 1064 479 713 894 1987 123 1080 117 2141 744 474 1687 272 2726 2627 2109 1744 2058 2705 2224 2503
2070 1506 1141 383 1356 455 2232 654 1262 2669 1248 625 1435 679 216 245 2311 525 1505 1598 2025 2396 139 209 192 49 858 113 1787 408 2565 61 1780 252 1282 838 207 1140 356 2137 225 2017 296 27 2280 2164 2470 2173 1127 1781 1124 2794 1021 2053 239 1715 1568 418 1274 822 618 1967 1635 653 1481 2531 1875 1037 390 52 290 1216 1500 1961 1024 2091 314 1662 2693 1472 131 495 402 2765 1941 2698 2690 2316 1011 2429 449 2467 1475 1555 471 1918 33 1050 1924 2806
1116 1713 1224 1714 683 34 2422 2180 2129 2523 47 1838 1178 1990 676 2700 1672 1836 2437 832 2317 2202 1346 2745 1914 2785 1476 88 777 1044 2190 1995 576 1535 1996 761 1856 2249 2111 983 465 1773 1091 1228 230 1176 16 1795 76 2495 1161 44 1357 926 1180 2288 2547 1847 1513 2441 564 39 95 1106 617 695 824 1786 2827 132 834 2555 1749 2281 291 596 751 1523 1469 269 2058 1447 2114 1693 1785 1818 1257 115 1727 905 924 581 1277 1559 2695 60 310 2149 1483 2245
2749 154 2740 1059 203 1524 342 551 2444 956 1629 2468 582 1083 2643 1702 1260 1811 546 2460 759 2801 285 2198 472 2363 2710 798 1221 1215 1697 685 1797 6 2727 1167 1863 1925 242 807 181 557 1882 1803 2807 158 160 667 1318 1861 1667 2168 2581 147 1078 1421 2548 934 476 57 1480 1355 1071 1375 1520 2403 1129 795 2431 2738 127 1619 814 1536 385 1530 2269 2226 2273 1 1366 280 829 1086 2371 2278 307 570 2004 636 428 1580 2418 1072 344 1816 1193 2595 669 1675
222 1933 2218 1436 2512 1305 1911 1504 850 1790 2362 2355 2071 897 981 2691 99 935 2096 1638 836 2156 2645 2394 2750 1872 1098 380 73 477 755 1052 2318 208 1682 2587 437 595 1321 1233 1709 1599 2420 2074 1267 2432 2201 760 2342 1200 1387 1628 320 2161 459 399 2163 1806 1736 1510 2450 2452 1006 1479 1145 1717 1308 1090 2468 1085 1163 2446 1763 461 1380 1976 2593 443 401 453 2167 144 586 823 612 2290 2514 1082 2679 2657 1621 1820 1474 637 2535 1023 757 2706 663 2617
730 1466 338 1707 742 1516 336 1007 2516 1969 1894 1511 937 1526 1670 1779 1442 1325 1455 257 2145 1731 2102 709 406 186 2843 1385 519 1992 2763 1138 2341 410 1732 1131 538 253 1498 1645 773 248 2377 2746 830 365 191 1800 2302 1678 1871 2275 1079 870 1243 1073 843 811 1068 1005 535 112 1783 648 2680 678 339 1165 1094 881 2251 1573 435 2730 1620 1020 288 2290 1120 2492 1527 1379 2830 1557 1001 749 1450 1581 2151 2518 1075 1133 603 2560 544 1794 1936 774 1454 863
2510 431 70 1839 2478 2777 2772 1753 2077 1035 1125 2561 2818 1834 951 1252 2015 1938 889 2757 2686 1747 1443 1390 767 2622 18 1557 1833 1759 1842 2045 2741 2650 2289 1584 1910 433 2702 2 277 2496 2023 1841 2300 2258 2663 2135 417 2315 2769 2501 899 1329 1710 315 362 348 1895 1996 332 725 2842 197 352 116 2276 888 769 2624 2795 601 2090 1009 2375 2415 165 1845 2083 26 230 1788 1301 1474 1337 1815 1934 299 1096 745 202 1212 463 480 2138 1075 2817 2140 1058 135
1102 85 1934 1656 2044 2501 2790 312 2832 2817 1624 1644 943 987 1926 817 221 2528 2411 1407 188 2300 1405 635 1319 2034 1796 2545 1146 2270 611 2082 1870 1386 4 1737 2649 556 2389 480 2312 1202 1545 1190 626 2842 348 260 135 1658 1029 2826 2766 2289 1417 1381 1752 259 712 59 2439 2256 925 26 1782 445 899 1369 197 547 2424 1468 1630 2213 563 550 463 2295 305 2084 518 201 787 904 558 2241 2638 1544 2574 2454 134 705 1253 2367 2741 1045 1360 179 2090 1054
2065 1791 2792 118 567 1583 982 998 808 919 952 2252 2328 763 841 2491 9 1179 1977 2778 1354 778 1470 1769 1579 945 2711 1578 2682 382 930 517 2225 227 2729 928 1651 2723 1851 916 1657 114 2042 2379 1854 1667 1531 1063 639 887 748 1920 2575 2647 1770 1528 1970 1211 819 2310 1585 134 1864 978 7 547 1819 1404 906 2200 1046 72 662 2793 1386 559 2559 1148 168 2076 2724 1808 2419 764 1367 2274 2618 1100 311 606 2397 923 2270 1428 2343 674 1344 1209 2462 994
2185 2584 1694 1684 1411 1129 2298 2616 1440 1630 665 2481 1446 1360 143 1294 1112 386 787 2246 2271 1258 1939 638 2529 810 1270 958 30 1445 718 71 2363 2619 2517 1514 795 1215 1926 557 1624 2460 697 1045 879 1619 817 299 2454 2790 1993 1925 2528 1644 480 925 312 1656 2832 85 2817 440 550 1545 2050 51 2300 147 2241 1782 273 2649 1218 2270 46 2411 712 2189 348 188 221 987 2367 1369 1202 1407 2082 1887 635 1814 135 1796 169 2836 1444 2389 1982 345 26 2766
1145 1688 1784 2747 99 694 72 2636 1415 174 2274 2009 164 1089 172 2775 1808 1155 1404 612 156 141 1023 2577 1100 1241 1201 460 2722 2098 595 731 2055 1047 1160 401 453 1872 208 760 2655 816 461 1976 1163 2163 1826 823 2126 2469 981 1717 2733 2587 152 477 1085 2161 1510 693 462 1436 1359 2218 1179 2585 2679 1071 177 345 2819 723 2148 1909 1259 2122 996 2684 2530 818 2106 2682 2829 437 1466 1599 1382 970 1517 1470 1491 916 945 1613 222 2200 1237 1619 1063 1233
2468 1882 956 448 2476 42 1032 2425 416 2823 154 2197 189 1199 1560 2060 1797 2678 2313 300 1286 644 1687 2572 1400 106 909 2216 1726 762 1315 1911 2706 1363 2554 229 856 2116 1927 636 1015 1336 419 1844 2620 894 506 2442 2153 396 565 2573 1217 1288 327 1610 275 309 1638 1536 1013 1632 971 1318 1525 2503 38 335 2188 1922 1703 1057 2263 387 400 1449 690 2118 20 2079 1108 669 2160 2437 1880 76 96 2661 454 333 2749 2257 1995 1387 115 1098 1180 796 2623 2571
150 2263 1525 1596 106 2562 1280 2498 43 2188 971 387 1726 1536 1318 2678 1198 1083 2374 2442 2623 636 1032 2229 2476 570 181 689 2554 2761 2807 2060 644 1108 189 294 493 210 96 894 1927 133 1768 2048 732 1797 2004 419 1632 620 859 1659 1758 2720 1371 300 2153 2278 1279 2688 1283 2401 57 2612 2677 1979 2791 1792 84 366 2141 1866 1205 793 2303 2425 270 422 807 1859 2572 2386 2502 1930 474 275 280 785 1880 2125 38 857 762 6 1260 2348 2418 2071 2448 1113
751 1996 777 2785 1091 230 1914 564 926 2281 1818 1713 2495 1714 1116 1180 2422 34 1224 1178 2523 2745 1856 683 76 2202 1357 676 2288 1786 2129 1346 2190 832 1836 39 47 576 2441 88 2180 1476 1838 1672 407 761 465 2700 1257 2111 2224 983 2827 2242 404 269 1093 766 1990 187 2238 328 1106 1535 1971 2733 1195 617 1176 1594 1841 2437 2579 2000 1561 1073 1825 362 310 2114 2684 1300 1940 2504 1593 824 165 1044 2759 95 898 695 1693 32 1609 1869 291 1517 1590 1690
540 407 2242 310 1561 1093 2441 617 2827 1346 1856 2111 1535 1091 1914 2785 777 983 949 766 1996 783 1593 2190 1631 2202 2238 1898 2745 1343 940 95 291 1693 2413 2542 832 1087 2737 1176 2112 1448 558 328 2615 898 1298 1683 1434 596 853 2114 695 2295 1004 182 1558 132 2493 581 2656 576 1476 465 230 135 88 2016 1103 1161 2072 1019 2149 1785 1590 149 1166 751 1207 1928 63 2504 24 2422 1773 1945 1727 1743 1713 1749 2409 499 824 1228 2523 341 895 1513 1760 1847
2792 567 118 1579 9 841 1791 945 1179 998 1583 2491 952 2328 1470 639 1977 2682 1578 2065 2647 2711 1920 919 778 1667 1770 808 887 1354 1531 1854 1769 2778 748 382 2252 1651 114 517 1063 916 227 1970 2575 819 2723 982 2729 763 930 2042 1585 515 98 2379 1851 928 353 1657 1819 1864 2225 2556 776 2462 1625 553 1475 2236 2059 999 2334 2499 2687 390 1635 196 1643 2270 1042 726 507 2301 1465 864 2484 2181 526 2375 1386 2693 904 235 1997 391 314 950 869 2061
841 1179 1579 945 2792 9 567 2491 118 1791 1583 2682 998 2328 1977 639 1578 1470 952 2647 2252 1920 919 778 1651 887 1354 2711 382 2778 1531 1667 2065 517 1769 1770 1063 227 748 808 114 1854 916 2723 763 2729 930 2575 2042 982 1970 819 2225 928 98 1386 547 353 1585 2334 1657 1851 2379 2462 1864 1018 556 782 1819 978 1662 1715 390 1625 363 1465 904 2270 2312 776 1967 2148 1635 1475 2017 1918 196 2059 2429 2200 2693 1924 2062 1172 225 2687 108 2556 2465 2505
540 2242 1561 310 407 617 2441 2827 1346 1535 1856 2111 1593 1093 1091 1914 983 2785 1631 2542 1693 95 1343 291 777 949 2190 2656 1996 940 2202 1176 898 2149 2737 2112 783 596 695 2745 853 832 766 1298 1087 1004 1898 132 1434 1197 1743 634 2238 2413 465 1689 1448 182 1683 2016 88 2493 558 1166 2615 2430 2143 24 1558 2072 1019 751 1476 1207 1103 1334 1597 1685 149 1928 576 2295 954 2409 1836 824 2547 63 2521 714 499 510 1999 1333 135 426 803 230 198 2114
1272 680 1910 1430 2267 1553 1236 2380 2210 2421 640 13 1038 2117 1256 2520 1699 1754 1041 2578 1949 1886 2217 36 2671 828 500 193 536 1431 733 2387 244 569 2083 1616 1337 2115 2423 323 121 743 377 988 866 340 370 1562 289 2451 21 2415 2384 417 142 332 1398 1891 1132 2227 1189 1793 479 650 1785 609 1890 272 1492 831 1957 597 427 2568 2668 886 73 292 1686 15 409 2214 1888 2056 1766 1418 1960 2032 2828 56 1836 2522 1065 40 1865 2249 2078 893 2335 571
1993 197 463 2767 1663 1045 712 2439 1782 2836 900 2840 1617 947 2241 1328 1054 1437 1307 1381 1422 2130 1444 1679 2837 1658 1486 1468 2050 260 1544 1552 1218 445 169 2312 2707 1261 2088 1649 1623 550 2011 1710 645 563 2826 559 1208 1253 259 1417 2649 2076 134 674 2133 179 1489 735 480 489 2628 2515 904 1123 51 1369 1029 440 1870 2424 2419 1190 906 1860 2084 1878 2289 925 26 2544 2454 348 2714 1948 2652 992 2287 2769 769 2397 319 1362 965 1148 305 1840 433 2412
823 399 2163 453 1510 1628 73 437 2074 401 1233 1599 380 2587 208 760 595 1872 981 461 1976 1717 477 1145 2469 2126 731 2655 2055 1160 2161 141 1023 2098 694 1047 2747 2691 172 1911 1784 1682 72 2009 99 2122 177 2636 612 1085 2829 2679 850 816 1903 222 2497 75 174 198 2463 2722 2577 156 2355 940 1206 1004 164 1203 1504 1322 1790 2218 954 2112 1749 1263 935 1163 1712 905 427 1740 1760 1605 2362 15 1436 1222 1685 2245 2522 1430 149 1098 1420 1483 2512 272
2043 2171 2816 2666 2810 650 1891 759 620 181 732 1702 2643 1797 1723 1188 1260 807 2346 475 1916 1697 546 582 6 285 1221 1882 1083 820 411 922 2807 1858 1541 2749 1456 752 2167 1603 468 636 1318 2476 1536 1284 37 2425 2278 1610 1763 1768 2048 661 973 1015 1605 980 1865 1145 334 510 2502 298 1206 750 372 2463 148 2203 2688 2469 2261 1884 2118 1504 1322 73 1364 594 1108 1283 1638 2056 36 2521 399 1502 270 1251 2071 609 2194 2761 1203 1153 905 2152 45 1222
2317 2437 1672 16 44 1990 1483 2700 761 2249 1447 1469 376 1995 1178 1836 1749 47 832 834 1727 2555 2058 1044 1838 2180 1277 1713 1714 1224 2523 1425 683 2202 1116 1476 2129 1535 34 88 1914 2745 1304 1103 2422 60 198 2497 2190 824 940 1004 2547 1999 1176 75 576 1346 676 95 132 1760 905 2112 596 1712 269 1865 1523 2831 983 1867 1685 954 2785 2245 2522 149 1263 1073 1251 1064 1790 1434 1750 783 45 695 182 2737 1364 1722 744 946 291 949 2216 1343 2695 1529
197 463 1993 2439 1417 1489 2840 2375 712 2289 1045 1710 900 433 1658 1437 1701 2241 2628 1486 2836 559 1663 550 480 2419 1468 2649 1870 260 348 489 1782 2397 179 2826 860 1544 2084 26 1253 1422 1369 925 2130 2424 1840 2454 1029 1381 2050 445 2312 2082 904 188 1307 1788 2652 2574 1656 769 563 1552 970 134 312 1934 2515 1102 2832 1146 2790 1386 2270 2088 1624 2767 1627 1926 2769 524 440 1617 2501 1545 1737 1218 1190 735 1983 2724 1319 2133 1428 817 4 659 2528 2044
2045 2023 1584 2755 1102 2790 1656 1926 1934 943 85 2817 312 817 2501 221 2832 188 747 2044 1319 1624 2300 1407 1644 987 611 2528 1405 2411 1796 770 258 2397 2034 2082 659 635 463 2545 1046 1146 1428 2670 4 1386 2574 2307 1172 1552 2270 547 26 1029 74 2724 977 480 2200 1151 550 1339 197 2564 559 2358 651 925 2344 556 348 2454 237 1627 1793 1237 1240 1290 1812 2769 1307 2256 2419 186 2800 1417 489 2652 901 1369 970 283 908 2424 1870 1437 134 1414 1486 2001
262 2771 1373 2385 888 1295 1807 641 991 1509 2104 2776 2524 741 273 2619 267 1863 1238 551 2139 2399 1081 1619 472 1025 203 1925 687 2731 2371 1572 2844 2833 667 234 2092 2517 2797 583 1497 299 342 1539 1242 588 913 1520 428 837 2269 2717 1814 1 1735 1291 1776 1009 1549 2576 1421 1196 2184 2273 2175 1059 2607 2703 1660 891 2431 2215 2198 2672 2727 1982 718 842 1824 2484 2635 133 1086 1480 2455 1629 1530 307 17 352 1994 798 1803 1765 2158 1494 264 127 1589 386
2729 1583 1657 928 930 998 2778 952 919 2792 1791 1354 118 2379 1769 567 778 2711 1851 1179 2065 2252 9 2491 1977 808 1651 2682 382 1970 1854 841 1579 982 2328 1578 763 517 916 227 945 639 1470 748 1531 2723 114 2225 1063 1920 1770 2647 2042 1528 1667 887 1211 2575 98 2550 1507 776 2361 2496 2459 1359 819 566 2284 871 2097 2026 276 2349 579 2312 1864 195 515 353 873 2310 1819 2585 719 2018 2462 600 1078 1114 160 2488 1154 107 1220 25 1123 1530 492 1344
2809 12 1473 1876 433 1895 1721 2289 769 2375 994 950 2499 1725 2367 608 197 161 1788 274 526 864 508 1165 2622 1942 2685 368 1511 2389 1055 1752 1677 2250 315 1868 191 598 2650 2702 1408 2440 4 531 2051 2302 444 2069 2110 1771 1737 1386 943 1390 271 2757 2477 140 1892 2037 626 547 2373 2370 188 2435 1759 1314 1563 1955 53 1557 2625 1969 85 1627 2669 28 2119 2082 613 192 2588 2270 359 252 2689 2556 2766 447 2059 1439 2551 2774 556 2312 664 788 1555 2256
346 2467 2821 2690 52 1481 1008 418 471 936 402 1438 363 786 2407 1220 478 207 1662 2505 2465 753 2398 628 758 108 1822 2687 1378 290 2429 806 389 1022 1730 2611 61 1465 1273 452 534 2301 840 2669 2634 1918 331 780 138 1026 2025 2470 484 2062 655 1048 1140 2244 1275 643 2806 1692 1097 225 2059 467 999 241 1787 192 654 1143 1293 1929 53 464 430 295 1612 1831 1039 1568 2632 1921 2698 2061 89 2142 782 1780 1706 326 2070 580 131 1395 2285 1503 1018 1647
1810 2509 67 2583 202 627 1001 1075 2350 2121 1012 1406 249 1055 1869 2728 1195 2748 2766 404 2558 1944 2312 1624 1926 725 925 480 378 1407 899 550 2057 2207 348 1594 2826 1102 312 1656 137 1644 135 2790 499 91 1453 359 1934 2528 1146 201 165 2832 1752 1516 1609 1721 2649 2817 2842 1606 2270 1870 2741 1901 2294 987 2241 2044 85 2235 116 1411 188 817 563 1894 2082 2300 2501 2411 1202 2825 388 349 316 904 2233 712 943 1045 1316 2439 1417 1796 709 2719 1737 2584
2809 12 1473 1876 1721 682 2438 433 2435 2708 608 2110 1677 1330 1892 1592 1627 274 769 2289 178 1185 2569 255 494 2057 523 1874 1895 368 994 2037 2375 657 491 146 2367 444 1491 1899 1771 2084 1725 217 2657 1463 2440 1545 1737 1777 2660 2250 4 252 2724 677 2813 2625 1055 2704 2445 1870 627 622 67 1433 137 1029 345 2499 197 2670 574 904 1998 1407 2389 1411 996 1752 2716 626 161 2676 671 864 2373 637 2530 2561 817 2728 1656 725 2756 1563 313 2248 2558 2683
2054 2787 1230 572 293 1361 646 1798 1801 2323 2277 395 2644 962 529 1394 1451 727 589 1334 1306 658 1951 1175 485 1683 545 364 2000 989 2040 2784 766 251 2238 789 2320 737 215 341 581 1559 328 1213 1149 2533 483 2381 2066 1900 304 240 1971 76 436 1427 2504 2540 1883 2756 2113 1312 101 2579 2178 1898 1786 2114 39 1231 2021 1106 2161 2546 2759 803 1353 2249 1257 754 2495 568 1115 29 2673 1093 2242 1672 1300 2317 1333 1091 44 1728 739 2288 2776 16 2149 2656
2713 2433 1453 2309 1490 2376 1901 201 1796 1860 100 2545 2721 305 2034 562 715 155 1569 64 48 2826 1640 563 1148 51 439 2650 231 260 168 1878 1316 2272 1123 1874 2088 1307 1496 204 2289 1437 2556 1223 2382 2213 2708 2004 2649 421 900 725 2312 682 480 978 659 1592 2367 1870 59 1464 1185 2424 2248 486 784 677 491 2189 197 817 137 440 348 26 1658 2842 2652 489 2258 1468 1937 2790 950 2439 2455 925 2438 1752 559 647 1624 134 1369 1840 1775 2569 2558 2813
540 2242 407 310 1561 2441 617 2827 1346 1093 1856 2111 1535 1593 1914 1091 2785 983 1631 777 2542 291 766 949 1996 2190 1343 95 2202 783 940 2238 898 1898 853 1693 2112 1087 2737 2745 832 1176 2656 596 1197 2413 182 695 2615 558 1004 2149 1448 1298 1434 1689 2493 132 1166 1683 465 1019 149 1558 634 2072 1928 1103 88 24 2295 1685 1207 1743 2430 2143 954 1597 328 63 1476 1590 135 2114 751 2016 1999 1760 2409 1836 895 576 426 803 2024 1712 714 2759 1602 93
430 726 478 2693 1635 390 1715 1967 1037 1050 1472 2236 314 1475 331 1140 1303 2053 999 1124 655 1187 1648 2406 2059 1662 484 1918 2429 471 1438 27 1503 2505 2465 534 1127 2407 936 1274 799 290 363 2301 402 806 1921 2061 758 1730 1647 1275 2557 1273 1972 653 721 2687 1929 2402 2244 1780 2806 786 2690 2698 1465 53 1216 2470 1317 1395 389 780 391 1692 1756 1568 561 418 1008 2467 643 2062 295 805 1118 2611 1378 1831 1011 838 2531 1506 1706 1655 464 1755 2821 1481
1349 1572 234 1618 913 2339 2399 2340 969 1 697 1520 961 1540 307 537 2253 511 1514 1095 2226 2834 223 1409 2223 2635 203 1698 718 1615 958 2517 2727 2215 2372 892 46 2466 195 2158 1824 1025 668 342 2529 1571 1994 372 71 2717 551 2709 1071 1270 2273 1539 1807 352 1242 2175 2198 2524 180 1494 1445 349 30 798 143 1295 573 2654 1652 1629 810 1059 685 638 2486 90 1524 912 2473 376 1264 1939 891 2338 154 2104 267 17 262 1826 1291 846 991 1238 1653 41
204 899 1212 2135 2741 2558 1606 2842 137 116 2766 1935 1463 2041 1134 97 246 1944 2728 1547 725 165 1067 2068 2825 2305 1055 2511 2294 79 1056 2736 1130 1986 722 1825 1464 2207 2248 2382 1076 2506 1940 447 1223 2813 686 2665 1841 1126 804 2649 350 1874 2258 480 682 1870 2057 362 329 692 135 550 2580 2435 1448 2286 2413 677 491 1796 2683 2295 1656 332 1102 1934 665 558 1185 647 2333 925 1926 305 1624 179 1639 348 1407 1777 146 2790 2708 2733 494 1677 24 2393
629 1949 2677 1144 941 1865 1371 1960 851 2421 327 2572 1661 2152 1038 40 592 2263 84 214 1525 2161 909 2162 1754 1113 1064 2571 1041 2726 2056 1744 2210 2522 2623 2141 2502 940 2678 609 45 640 106 1605 281 1364 1602 2058 2573 244 1272 270 2116 834 2494 1723 2182 1283 1336 1659 1927 272 1749 96 1251 1616 23 323 2216 1957 479 13 2760 2521 831 2115 275 1766 76 2671 1632 1891 1727 384 2214 2705 2831 1987 1738 594 1798 1687 474 2348 1263 2503 894 1203 1032 828
1533 757 1728 1231 754 2756 2021 2320 2533 1149 29 286 2172 2673 218 2224 213 293 1719 2260 135 967 707 499 2408 2295 739 558 1478 91 1804 2413 424 24 1588 1132 2235 184 2143 80 426 119 1945 2078 2638 2024 26 1984 1383 1296 2300 1597 1753 2777 672 332 536 1689 704 498 1562 1870 1888 698 2464 568 2649 1890 2472 2227 480 925 2108 2725 1492 388 340 2077 2772 19 2296 1849 1266 2828 520 289 473 1722 1889 802 1125 2217 142 1035 943 1796 1038 2508 2014 1369
1179 841 2491 1579 945 2792 2682 1977 2328 1578 9 567 118 1583 639 1651 1791 2252 998 1470 778 2647 382 1063 1920 952 517 227 2711 2723 748 919 1531 916 887 114 1667 1769 2065 1854 2778 1354 1770 763 1970 2042 808 982 2729 930 928 2575 2225 1657 819 1851 98 196 2053 2379 1475 1585 1635 390 1625 2236 2693 782 2017 331 363 1692 2062 2556 2061 1018 1317 1662 31 1924 471 1438 61 225 936 1715 1967 1472 999 2687 2467 1302 1972 1647 1961 192 580 1127 721 2025
2138 1349 892 2158 1009 349 2834 2648 1698 46 1994 223 2223 195 1615 1409 352 2635 234 2709 837 2215 1815 961 2253 1095 913 1618 1540 2372 1572 2338 90 403 573 2455 17 969 1060 2340 2484 2100 1159 511 2486 642 846 1571 600 2063 2339 1622 264 2226 577 1619 1338 2466 2797 2844 2595 127 2412 299 2399 1814 1078 1264 879 307 1324 1530 2820 160 1982 2255 2094 1925 147 1816 1660 912 891 2139 1862 1735 472 1421 1291 2607 665 537 1294 2092 1480 2460 2481 226 2811 1863
2049 1017 1290 530 2093 2282 2064 631 921 1518 607 1604 1879 1301 446 451 2596 2796 2140 1237 1981 1058 1567 984 1909 662 2392 394 908 1695 1000 542 2782 1853 2257 1739 2259 1613 710 660 54 1893 2664 360 2543 1673 337 50 904 1468 2042 1978 1906 1063 2682 813 227 1331 1060 1370 1002 1614 2652 487 1179 2312 345 1842 2741 1579 1742 2369 1396 598 1606 1681 1935 2696 2609 2041 444 1463 1800 778 489 674 1803 255 1362 2252 1871 2084 1828 97 506 2491 843 916 2811 9
1481 418 806 52 780 2470 1465 2244 534 2429 207 484 1662 786 2059 1438 471 53 999 290 1273 225 61 2690 363 936 402 726 2698 346 2821 192 2467 478 1918 1140 2025 2669 2236 1475 331 2687 2301 758 1831 1780 2465 2505 268 344 1275 655 1008 389 653 1730 1378 1124 2053 2407 1787 452 2693 1303 131 1822 1037 1022 1929 391 2806 2061 1921 430 1506 2285 2557 2611 108 1692 643 464 1503 1706 1647 654 799 27 1282 840 1568 1472 1127 356 1972 2402 1655 295 1395 1097
1656 2817 2790 817 1102 1644 1624 1926 2044 1934 2528 2411 2501 1407 2832 312 85 943 987 221 2300 188 1405 635 1319 611 1796 2034 1146 925 2545 1737 1870 550 480 1360 1630 59 1752 4 2649 26 626 2397 348 2367 1369 1545 2574 2389 463 556 2082 712 2185 1029 1202 2312 197 2826 892 1468 904 2270 2477 1799 1386 260 2556 2454 2724 179 349 283 1190 2256 659 1316 2842 950 1055 2455 1045 899 1417 489 178 186 1869 454 345 201 135 2638 299 2246 2069 900 1411 1627
1482 2383 2080 441 2695 1523 845 373 584 2525 1382 2395 2733 2684 2106 1016 1691 575 1410 1517 2754 462 2166 2033 187 87 590 917 902 2563 1450 830 32 1147 1950 1620 603 2518 1678 1943 541 993 83 2275 1919 1732 2802 2073 2176 397 102 1073 1120 2239 920 1467 55 2202 2641 2019 2414 736 1914 728 1177 2441 379 2752 2745 1169 469 1856 940 2111 713 88 2190 2550 2737 1343 2245 1748 1014 1103 107 1535 279 818 1690 1004 2605 1476 834 1028 983 1507 60 2555 2604 2326
85 1102 1656 2044 2790 2501 1934 312 2832 2034 2817 943 2545 1926 1796 1624 221 987 817 1644 2300 188 1407 2528 2411 259 1405 635 155 2241 563 2826 1316 100 1319 2650 1658 201 2213 260 2439 1640 518 2270 1870 663 480 2649 1146 51 715 1569 1190 2082 231 1878 1381 2538 1752 2544 1417 305 168 197 705 1202 2713 2309 550 2289 1584 1045 1123 2714 2840 712 48 348 1422 2769 1840 1218 1901 2312 2721 135 2424 2189 1362 1496 1029 2454 925 2433 606 2842 26 1111 1148 1253
2725 2464 2823 957 1889 5 2457 752 509 844 1515 2448 1426 609 2404 1766 2468 466 2128 1696 744 498 2014 375 473 2124 411 2366 425 306 2169 1326 620 163 2115 1061 400 1258 38 1995 388 115 959 1797 2444 1637 2141 2351 2661 732 2278 1939 757 536 827 2222 2508 2246 2179 60 2673 181 759 42 1556 2031 244 1188 119 2533 1200 2416 815 697 47 1288 750 1502 1990 127 2425 1616 2120 2751 334 286 1911 71 1945 229 1898 520 1858 1231 2521 690 510 2671 810 2426
430 726 478 2693 1635 390 1967 1715 1037 1050 314 2236 1472 1475 331 1140 2053 999 1303 655 1124 1187 1648 2406 2059 1662 484 2429 534 471 1918 1438 27 1503 2505 2465 1127 2407 936 290 1274 363 799 2301 806 402 1275 1730 2687 758 1929 2806 2557 2244 1273 53 786 2061 653 1921 1780 2698 780 2690 1465 2470 1972 295 1647 389 418 721 2402 1216 2467 1692 1317 1378 1008 643 1756 1481 1395 391 561 2611 1568 1706 1011 2062 464 1831 838 805 268 2173 2531 1506 1655 1118
2091 2794 239 2164 1781 2173 2280 139 1127 209 27 1274 525 1435 1248 1505 838 2311 245 625 679 1356 113 216 1598 654 1472 858 1780 2232 252 383 2137 2025 2565 2531 1787 408 49 1011 2669 1282 356 2396 449 822 296 1555 2693 1961 1506 192 2017 653 1124 1924 1018 1216 782 2765 2070 495 207 225 2053 1967 1568 1635 2632 33 390 61 1715 1037 1024 1648 1941 643 1048 1187 241 1475 2406 1843 1021 2285 1829 1141 1500 1647 344 1503 1317 2301 1050 1140 331 1972 2611 131
702 1830 848 931 126 1114 1845 1767 2624 2471 1908 2601 2276 578 768 103 990 688 297 1323 284 835 1608 502 1235 2314 1413 1186 1107 65 250 903 1720 1391 1821 522 1254 1512 2388 1340 1334 2323 634 1553 684 289 2224 1430 2217 1888 24 2143 2415 2430 569 426 1975 1256 1793 1597 1272 853 21 1798 310 988 340 1431 1189 193 1689 1310 2656 176 2116 1038 2451 417 2384 1075 36 2227 332 76 1175 2423 1928 1886 292 1699 2210 2568 1562 2267 370 2421 119 1754 1087 500
650 2666 2816 2171 2810 2043 1891 1723 2346 475 1916 620 759 732 1702 2643 181 807 1260 546 6 582 1188 1797 1083 285 1882 1221 1605 820 2502 411 2152 1697 1858 1865 1541 420 1397 922 2807 1139 2768 1603 752 468 148 905 2149 2497 1206 2521 2841 560 75 1222 2410 2107 372 1420 1456 1203 384 308 831 510 2214 2179 2656 198 2278 2688 1785 15 2463 272 954 322 1957 713 949 691 1685 1738 953 479 2313 1322 2154 1225 95 1641 60 2469 1488 1074 594 985 73 1693
1303 999 2059 484 726 2429 2236 1662 534 1475 806 471 1438 478 2244 331 1140 1918 1273 780 1472 1465 53 655 936 2698 402 363 418 2301 290 786 430 2470 2407 2693 1481 1037 1503 2053 1124 268 1831 2687 2505 2465 52 1008 1275 2690 1127 207 27 1929 2061 1274 390 758 1635 1730 1967 314 1378 561 1715 2467 391 1780 1647 2806 1921 2821 108 1655 1050 1022 1187 653 799 389 643 2402 344 1648 2406 346 1692 2794 782 721 840 1972 295 2611 225 467 1568 1756 239 1018
1481 418 52 806 2470 780 1465 207 534 2244 2429 786 1662 484 471 1438 2059 53 225 290 61 999 2690 936 346 363 402 2821 1273 2467 2025 192 726 2698 2669 1918 478 1140 1780 331 1475 2236 452 758 2687 268 2465 2505 2053 1124 1787 653 1275 389 1730 344 2806 655 1831 131 2301 1037 2285 1008 654 1506 1378 295 1503 430 1929 1022 2611 467 2693 2396 1127 2557 2531 2407 1011 753 1282 628 2634 2311 1822 838 108 525 1706 1097 27 2164 1303 49 840 2173 799 1293
1417 860 1710 1489 1701 2769 348 925 26 1870 2454 1369 2714 480 2649 1788 179 550 2538 2375 663 197 712 1422 433 2289 1895 769 2130 463 2001 2650 161 1045 2840 100 1658 1627 606 2424 2241 1782 1328 1569 260 2817 1381 489 817 2826 2084 715 2836 178 2397 2753 675 2626 2721 1934 1926 1253 1437 1796 2544 2501 1319 2652 2312 1656 2050 188 2482 2724 1624 2034 1468 563 259 524 1190 1218 1029 59 1486 2574 900 305 1644 622 2439 2628 947 1617 2011 904 445 1993 1737 611
2091 2794 239 27 2164 1781 2280 525 2173 1505 209 216 1435 2311 139 1248 1598 113 1356 1127 625 838 679 858 1472 245 654 1274 383 2232 252 2565 1961 1780 2693 408 1282 2137 356 49 296 449 2025 1787 653 1124 2053 1475 2017 1568 2396 1555 1011 1140 2531 1506 782 1037 1216 822 1018 1647 643 1967 1635 390 1692 2632 1048 2669 1715 225 2236 344 1187 1972 721 2061 2406 1924 2611 331 2402 2062 495 1706 1662 1275 455 1021 314 1648 2765 799 999 2070 1262 726 561 1050
2066 2113 1213 1300 2178 304 2546 898 1115 1785 1389 853 1087 1558 714 1197 1928 1207 465 2072 1166 2493 2409 803 614 483 1590 895 93 1175 1561 1883 374 485 251 1427 1951 2784 1306 617 589 2324 1798 1228 1137 727 2787 1353 1257 2759 1394 1773 646 658 2054 1161 76 240 789 1513 2540 540 1847 2242 1795 499 293 1334 962 407 215 1593 2542 1230 1971 545 634 2579 2430 572 395 1361 101 529 436 2644 24 1786 1346 2143 2323 2238 1801 1631 364 291 676 1535 2504 1865
2389 59 1545 4 1799 1146 626 1202 1737 2082 2270 2367 1386 188 556 2477 1752 1721 826 1240 547 518 950 987 85 283 312 1405 611 266 1319 635 2832 2588 2501 613 795 2189 1934 1629 2300 2069 2044 1491 817 274 2528 996 2530 1656 2411 1926 1102 994 771 271 526 864 1407 2440 1408 1316 2312 2527 1692 1942 1624 2119 608 633 1563 2556 1157 705 2534 134 587 68 1468 904 2681 2370 1864 1974 120 1461 2181 2817 2789 2144 643 2689 1117 1915 1493 2375 2256 1534 2766 348
472 1803 127 2266 2063 342 226 551 1059 1530 2444 1421 2094 262 1828 888 2385 687 317 17 2738 1060 1607 1078 2614 160 1509 1964 1807 1069 1341 405 2758 2835 2138 573 667 2820 403 1295 1811 1159 846 1167 2255 537 1373 1338 166 1925 2484 2412 2771 2740 641 2710 600 352 1815 991 2811 1619 2455 2431 1863 577 1355 2731 1982 154 1652 2595 642 1324 1571 1814 264 1735 385 147 203 2776 1585 511 1589 41 428 1025 1524 2635 90 2100 2486 1215 2607 1540 1363 2339 273 1345
1034 2461 2672 1276 493 2374 1392 1375 210 1234 1196 2184 2174 294 133 1765 2418 793 1861 1724 57 548 1664 1859 583 1575 1358 976 1792 280 2229 801 1072 746 588 885 756 1580 1776 1947 1457 1758 857 263 2327 570 1877 1930 704 1665 2004 1350 2039 2739 2590 2125 797 366 2332 228 2548 2456 1497 1043 1081 1887 2659 689 1191 1542 2356 2838 2321 720 656 421 2123 1229 77 2206 1551 1675 706 2187 2694 2186 2581 1345 1086 1279 438 859 514 1193 242 158 2703 880 2662 287
2049 530 1290 1017 2282 1604 1518 1301 2064 446 631 451 1237 1567 2140 607 1981 1058 921 2796 2093 2596 984 1879 394 662 1909 2257 908 813 1370 1554 2392 1673 660 1396 542 1906 2696 1739 1331 2782 54 710 1105 1893 1742 243 355 1384 1853 506 1614 1000 2259 360 827 400 565 2664 1002 1638 50 2661 2357 337 1736 1695 2660 1978 1286 1401 1904 2507 966 836 2216 1032 1709 2432 1632 1613 755 1844 189 1321 2607 171 2060 2342 1681 1806 2450 2633 2519 1142 2201 345 2369 1606
1948 1096 1416 1362 1897 497 1586 992 2046 2213 1569 2721 1316 1218 1051 2272 2241 1926 1796 2790 1658 712 100 2034 1993 2817 2312 1934 1381 925 1630 305 2556 85 2815 817 987 188 1319 1644 611 1407 1860 1656 2501 2454 480 2832 1102 348 2300 2826 312 260 1045 155 2082 2528 259 2044 1369 562 2411 2298 2545 1684 2650 715 1360 2185 2352 26 2649 2825 1782 2397 1624 1496 1552 48 2455 550 221 1870 451 51 231 659 1237 447 2842 635 1518 201 2769 2270 2836 463 1468 563
196 353 776 1625 869 2474 98 1819 1643 1963 1864 910 2081 1042 585 233 2353 2334 2067 781 2256 2361 2462 701 2103 276 1402 1344 809 2186 2157 69 2336 2027 1246 481 1078 282 166 160 892 592 797 2153 2101 1632 1540 2094 894 1330 2614 515 96 255 217 2109 2484 2264 1305 1214 1530 2152 1574 434 836 2738 1985 423 1546 538 871 837 1987 779 843 2139 846 2151 1667 2541 746 1970 2502 1311 2125 1661 1171 2219 929 1052 248 2371 1349 352 1204 1421 1927 1159 1183 1839
2843 257 1871 2613 1731 1138 1800 1419 1645 2609 1707 288 392 742 2331 416 1527 2377 301 937 535 1894 338 1007 730 1466 1131 1516 1455 1068 821 336 519 1778 749 2341 855 1243 2299 1850 678 2830 2243 406 1142 253 1779 2196 1385 2087 1425 1200 1992 2763 883 1498 2145 1379 19 410 2519 1794 2680 1309 2746 365 1020 2549 593 2560 1040 1733 2492 709 690 774 610 870 2464 435 1311 2251 1529 2384 2451 2516 1495 2744 2227 1424 2417 2364 800 773 2056 94 2522 1722 2390 2290
2091 239 2794 2164 1781 2280 2173 1127 1274 1472 209 838 27 1780 139 525 2693 1011 653 2025 2232 1435 2669 2311 408 1248 2531 1282 245 2017 216 1961 356 1598 1475 1555 113 2053 2236 1505 1124 296 225 654 290 49 331 1356 643 625 1303 858 449 1506 1568 2632 192 1037 1140 561 1048 2765 390 782 2285 1635 1924 1692 2059 1275 1021 268 1967 679 2406 1187 61 999 1024 1612 1018 655 1715 1662 207 2611 2137 1706 430 726 484 2301 1317 478 1655 799 2061 2396 1647 1972
293 658 727 589 1306 2787 485 1175 1798 1951 757 2054 1728 1231 646 304 1361 76 2224 2178 1149 2533 286 29 1334 2113 1213 2172 2546 2673 2066 1533 2320 754 1719 1312 572 2323 218 2021 1230 2756 1804 962 739 1559 1451 1106 395 967 2464 1401 36 2644 1207 1201 1206 45 1257 1984 2495 2056 2404 2072 1064 1394 1203 905 119 1891 761 2522 1865 1296 1087 510 2494 2521 1558 529 341 792 1364 1188 853 644 1637 426 180 2469 1115 2540 1605 1826 1900 1597 744 1738 1425 420
197 2439 1993 463 712 1045 1417 1658 2375 550 2628 2241 2289 2840 1544 179 2649 1422 1870 480 2836 1663 1782 2050 1369 1840 1381 348 26 2130 1489 735 433 925 900 2826 1710 440 2454 260 1437 2769 559 1218 659 563 1468 1486 1054 134 2767 860 2312 2082 1029 1788 1926 169 1617 947 1253 1552 1701 489 445 1624 2832 1102 2790 1656 2270 2528 1146 1407 1307 1444 1796 51 312 2084 1202 1051 2088 1545 59 2538 2133 2397 2419 188 904 2766 194 518 1934 4 2389 1644 1386 2652
1371 2152 1113 214 2263 1525 2502 2572 2623 2141 2841 1280 851 327 1605 2348 1661 1139 1953 1602 1866 629 1865 1144 106 2678 1960 941 2109 1171 621 1032 183 609 1738 744 2401 924 957 2162 84 1064 1084 1364 171 1365 2522 2726 1251 270 40 1283 2056 1927 1632 2751 2768 1184 2677 1214 894 96 45 189 2182 22 2760 2567 2203 1397 420 1949 23 592 2554 2060 2612 2705 2153 117 1768 419 236 1659 1766 1744 2404 2831 2421 2608 481 2048 38 510 2761 2521 1198 1754 940 1488
105 1778 2394 11 144 2110 666 2446 2642 2452 599 2537 1992 664 2809 1946 519 1419 1876 2245 301 318 773 897 2718 2678 2147 908 1442 1779 2102 2763 1083 2680 1423 1385 997 1020 1325 474 2572 1203 19 1954 232 1721 2410 713 1641 1152 2660 1074 1784 1006 1219 1342 2277 416 2145 2195 761 1200 1567 1968 2263 482 2514 1473 1945 520 1231 488 1263 2507 905 1401 1116 2522 1621 406 2523 337 2807 2737 141 1065 1654 45 2566 2830 881 1726 351 1225 285 2469 1702 2346 2483 1318
2797 2844 352 2092 2731 1735 891 1539 2139 667 299 1982 2833 2269 2371 1549 428 2776 90 2576 741 2403 2473 1925 1589 264 1619 837 2484 1122 1814 1009 2455 2094 160 687 1078 1530 1863 2175 226 879 1607 403 537 1815 17 1421 1159 1341 867 846 573 1291 577 2460 1338 267 2412 2063 2138 1238 642 2226 2758 1069 1480 1660 2835 2738 2607 2385 557 127 262 888 991 2338 2266 1828 641 2100 1816 2633 2486 1295 166 1571 2595 2255 600 405 2811 2771 2431 2614 814 234 1698 472
1333 1019 1343 1298 63 2022 940 2737 1434 949 783 954 182 1685 149 1760 2112 1712 2542 1004 2016 1749 198 2497 75 1727 1103 2555 1999 310 1304 2656 2827 2441 60 1277 2058 376 1483 834 1447 1469 1693 1561 617 2149 1593 2249 2202 16 596 983 95 1176 2190 2242 576 761 2745 1743 2785 1535 695 832 1914 1087 1197 132 824 1364 1346 1995 1476 979 88 2571 520 2726 1207 40 1686 609 988 1161 2522 1672 597 407 2566 1558 1856 1836 1064 2111 1744 45 1033 76 2182 2056
2809 1473 1876 12 433 1721 2289 769 1895 2375 1788 161 2482 2499 2051 608 274 368 197 2110 444 1942 526 2622 2650 864 994 271 1725 2367 1408 2440 950 1555 1439 1677 2389 598 252 1737 2256 173 1339 664 2144 68 1955 188 2597 1892 216 59 626 1390 2789 1314 1545 1386 1771 2813 1924 2770 2435 2037 1598 1435 1931 1240 553 120 2477 1868 1319 2526 2625 2265 508 1584 1461 1127 134 531 1491 547 4 2685 178 2438 890 192 331 1756 1010 2556 1752 2606 1302 2045 2681 2799
2649 1870 925 1369 480 26 348 2454 2769 2714 550 179 663 2538 1422 712 1417 689 421 1930 260 570 1489 2123 1792 2130 1710 2004 1190 860 2375 1665 1758 1468 2312 463 704 280 756 445 1102 1580 1193 2826 2581 1701 1453 135 2039 1045 1901 2790 201 2235 1888 1644 2088 1431 2125 2418 2456 2332 2309 2050 2424 733 197 1934 1861 2356 2295 857 1146 1624 1478 91 2817 2528 2413 2827 518 659 2241 1337 2327 2574 892 2501 904 866 2840 2694 524 2397 1656 1551 188 2832 1658 1926
2437 1672 2317 16 1990 2700 1483 44 376 1469 1995 1447 2249 1178 1836 761 1749 832 47 2180 1838 834 1535 2058 1044 1727 2555 1224 1277 2523 1714 683 2129 1713 1425 34 1116 1346 2422 676 1593 2202 1795 940 1228 1004 291 2190 1865 1304 1914 2497 576 198 2745 1847 1161 2831 1773 75 1064 983 2522 1476 1849 1103 60 2182 2112 1251 2056 1513 1364 2695 45 905 1523 1785 1203 1176 2760 95 183 115 2216 2785 1434 182 1363 2542 1867 1288 269 1343 707 1760 2705 949 2737 1685
1836 2700 1178 47 1990 1713 1714 1116 683 1224 2180 2523 2129 34 1838 1672 832 2437 2422 1535 676 2317 2202 1914 2745 2785 1346 291 1593 88 2190 1476 576 983 1995 1856 1176 2111 777 2441 2249 16 617 2827 44 1996 824 695 1091 761 1631 1749 2547 376 95 1483 132 596 1529 1469 1727 1228 834 1447 2390 1849 310 2555 465 1161 2656 1867 2542 940 1561 1693 2245 2149 1773 1847 1425 230 1513 1263 1722 1785 2058 1795 1203 1343 707 905 39 1750 1103 1004 588 2112 2744 1641
1910 2421 1272 1038 1041 1754 1949 680 1430 1553 244 1616 2267 2380 1236 2115 2210 1256 1699 1886 640 13 2217 2578 2520 193 2117 2671 323 828 536 569 36 500 1431 733 1766 2083 2387 370 1696 121 988 1189 2415 56 609 1793 1132 2423 743 1337 2032 2568 427 698 332 509 40 377 2404 844 340 1562 933 1521 2521 2090 1960 289 2384 1588 592 1668 21 1785 1477 510 866 2726 2828 2668 1049 2227 851 1888 272 1738 2451 2602 2078 571 142 1957 979 2457 2047 417 744 2827
2091 239 2794 2164 1781 2173 2280 1127 1274 838 209 1780 139 1472 2025 27 525 2669 245 2531 408 1282 2232 653 356 1011 296 1555 225 1435 654 2693 2311 1248 449 49 2017 2396 1505 1961 192 216 625 1506 207 61 1356 113 1475 1124 1024 2765 2285 2053 679 1787 268 1598 1021 1924 331 1843 290 2137 1216 1635 390 2236 1967 1037 430 858 495 1875 314 1140 33 643 782 2406 999 1303 131 383 2301 1715 1187 1648 2632 478 1050 1941 1829 822 1048 471 1018 402 655 484
1810 2509 67 202 1075 1001 2583 2350 2121 249 1012 627 1406 404 1195 1944 1055 1609 742 1707 2057 1594 1869 1894 338 899 2728 1606 2558 2825 1212 1088 1516 725 902 538 499 137 843 2020 1517 917 2233 2207 2033 2741 2766 232 2135 201 550 709 378 32 937 2294 818 2254 165 1779 2684 1945 730 1466 388 1169 2042 1626 2291 1223 204 2809 2733 494 811 349 2651 145 1192 2842 187 371 2780 904 1259 87 2106 925 359 2748 1969 480 574 321 921 2312 590 1805 2435 2248
1034 1392 2461 1276 210 793 280 1861 1859 2418 1072 1234 57 1580 2174 1792 1375 1665 689 2125 2548 570 2004 2456 2838 294 2374 1758 493 1930 2672 2327 2229 1724 2186 801 1776 857 1575 704 1350 2330 720 1664 421 746 2198 2590 1358 1765 1292 1947 976 885 422 1196 797 2581 133 1675 2694 2039 2662 130 2187 880 1043 77 1030 756 1086 2703 2184 2206 1887 1532 2356 842 649 2123 1193 1551 514 872 2588 82 438 2322 2659 2541 1516 1377 2739 1457 470 2332 849 287 1095 1522
982 2252 2065 1977 763 1651 2328 2491 2225 2723 1791 2682 808 1578 227 916 2042 1179 567 1583 382 919 1063 118 517 1769 952 2778 930 778 2792 841 1354 1470 928 998 1851 748 114 2711 2729 9 1854 1657 1531 2379 1579 945 2310 887 1613 1211 2575 1528 1970 2796 1058 2140 639 2660 1770 2392 1667 2221 2007 662 396 512 1160 1239 1292 819 911 984 2559 2732 1301 1560 1909 671 1518 1046 1100 2577 1158 528 2372 631 1585 906 1404 1865 1299 2496 1368 1367 537 1168 1271 1377
2070 1506 1141 383 1356 1248 679 1435 625 2311 1598 525 654 1505 216 252 245 858 2669 49 2232 139 209 2396 113 1787 2025 2565 192 2280 455 408 838 2137 27 1780 1262 2173 61 2164 1282 2794 296 356 1781 239 2470 822 207 1127 1555 2091 1168 1216 1715 1299 1124 2053 225 1018 1140 1021 1967 782 1635 2279 449 1037 2531 1274 1924 1481 2017 2693 390 1648 1568 53 418 2809 52 1612 1187 2406 574 1918 1465 1024 1829 1441 1662 1056 2806 344 534 561 1912 2429 580 653
2034 1796 2545 2817 1656 2790 1934 1624 1102 1644 305 2044 2528 2501 1926 1569 2832 1407 155 100 2411 817 312 48 943 51 2721 1640 221 85 64 715 1993 188 562 1870 712 439 2649 26 2300 1319 1045 987 925 2439 550 2826 1369 1658 2213 480 1782 197 1422 1417 2713 348 201 2241 260 2836 1381 463 2767 2309 563 1218 1663 1584 2454 179 1453 2312 659 892 2088 1405 900 2638 2650 1910 1901 1337 1190 899 135 2295 947 1468 1478 2424 1630 1888 332 1544 1710 1489 2616 1328
529 1801 395 2277 2644 962 1394 572 2323 1230 1798 1334 1361 2000 646 1451 989 545 2787 2054 1559 364 1683 101 1175 215 436 2040 581 2759 737 485 251 2504 1971 1306 1106 341 2381 2579 374 1951 803 1938 766 1353 1883 293 1900 2114 727 1833 2242 1443 589 1427 1786 2238 328 889 2066 2784 2113 2686 1898 1213 2496 789 2540 1747 304 1115 2178 658 240 431 1257 483 714 1166 1561 1928 2409 76 407 2546 898 1035 465 2510 2015 1357 2561 1300 1418 39 461 1272 2324 1252
723 303 539 1772 2585 1359 450 247 1204 1121 2485 2582 153 1997 206 343 1403 1751 2603 862 871 2018 2284 1633 719 2146 2551 764 2008 1493 914 1289 812 604 212 2487 1351 35 190 615 2209 1915 2824 2718 2453 2165 1128 1157 2361 276 864 526 1534 1600 1577 271 994 874 274 58 585 1942 2334 2440 1472 2729 1963 1347 2462 2353 701 978 2544 841 1657 776 549 239 2370 2067 118 216 608 2256 2792 1278 547 1708 2252 2652 390 2012 1579 1408 2312 1770 2343 2173 209 2574
340 2786 979 2227 2668 176 1562 332 536 2384 2108 1065 2451 1033 289 1393 1890 2743 21 1418 1888 886 2090 1686 417 597 569 1449 554 988 1398 1588 62 199 361 121 1492 142 1132 681 2029 802 1268 1053 1431 555 878 1699 2078 193 429 893 868 36 680 302 292 866 2117 78 1057 571 733 2217 1256 1430 1553 2423 2671 1886 2267 500 1236 2380 427 743 1793 2333 1910 432 2415 2566 1272 2335 2522 940 2224 1038 2056 1004 2112 2210 2827 1203 1343 2568 45 1529 2190 1064
2792 1179 1583 118 841 567 1791 1579 2491 2682 998 945 9 1977 2328 1578 2065 2252 1470 1651 778 639 2711 916 919 748 382 952 517 227 1063 2778 808 1854 887 1531 1667 982 1354 1769 1920 2723 114 2647 928 2729 763 930 1970 1657 2042 1770 2225 2575 1851 819 2379 1220 1585 936 2631 1612 1356 2636 363 2146 2009 344 1018 113 2372 2467 1626 2465 2505 782 2168 1048 628 978 1299 1688 2821 2368 606 1168 138 2284 2565 402 2606 2018 2316 216 1289 2013 383 27 2480 181
2713 2433 1453 1490 2309 2376 1901 2034 201 1860 2545 1796 100 305 2826 563 1148 155 2721 715 48 562 231 439 260 1640 168 2650 1569 64 204 1316 51 2213 421 2088 2842 559 659 1123 1878 1307 2289 704 900 480 899 2515 784 486 857 1190 1437 26 1606 2501 2649 1870 2135 1212 1369 1362 1874 1486 2229 2367 2840 2455 2312 2424 2769 1584 725 197 1934 2155 137 2454 1337 1940 1496 1463 2714 1350 1034 188 1656 348 185 59 1752 2068 264 925 1464 746 2790 1056 2090 2382
472 1803 127 2444 1059 342 551 1811 1060 1509 2738 1167 1069 2758 154 2740 1421 317 1524 2063 262 405 203 160 1807 147 2710 1355 1530 2595 2175 2094 2266 1341 1078 1607 1585 687 888 226 1 2138 1338 2340 2820 1964 2614 1295 391 2412 2385 2835 1629 577 166 352 1242 600 2811 273 1828 1520 2255 2709 1622 1814 17 2486 1652 1571 2208 1373 1540 1925 667 1324 685 2189 2484 573 1215 267 2231 846 2675 2460 2455 2013 195 1314 1025 1862 1982 2399 1238 537 2801 1815 2727 2100
1933 222 2218 1436 1504 2512 1790 897 2071 850 1305 2362 836 2096 935 2645 2156 1098 1321 1638 1709 2750 1911 1736 2432 755 2450 1806 2691 1200 2394 1052 2342 2446 2201 1006 2355 2420 2452 1621 99 599 459 1308 2642 443 1387 2537 1267 586 1425 1750 1090 2463 1749 905 1474 981 1263 2245 325 2410 1785 73 1763 946 1447 2514 745 2437 1082 666 761 2700 1469 2086 2318 2623 1671 2555 1145 1322 1222 2074 1836 474 2167 834 2560 940 1550 37 783 45 1203 2058 1713 1277 8 1178
1483 376 1447 1469 16 2317 44 2437 1672 2249 1749 761 2700 1995 1990 1727 2058 834 1178 1836 2555 1277 832 1044 1103 1004 940 2112 1999 198 2497 1434 1425 1760 75 1304 2737 182 149 1712 783 949 1343 60 1535 1298 1685 2202 47 954 1476 1865 2522 2542 2831 1346 1263 45 905 1064 2245 1019 1914 946 88 1867 1714 2571 2745 1790 1251 1713 1838 2129 1283 2401 1203 1750 1364 1661 2441 2056 95 2523 474 63 2566 2469 1336 1593 1176 1856 1108 2554 106 576 2190 621 728 269
2252 2310 1651 1566 1368 2682 1367 1239 1977 1211 2660 1583 2491 2328 1578 512 2488 2042 2723 1906 566 1179 841 2026 982 1154 916 492 1063 998 517 515 1579 1920 227 1470 1331 748 2507 813 997 2711 928 887 1401 1657 2459 118 1904 1778 919 1531 1614 2732 1554 394 1200 1528 382 2379 763 945 966 1495 2225 639 1419 2097 1210 836 2141 1673 1370 1219 251 2257 114 2446 908 311 355 2007 1301 930 42 2245 1321 2658 1769 1334 2696 1002 2729 565 1962 2110 1898 579 2792 374
1440 2185 1694 2584 386 143 1684 1129 1411 2529 2616 2298 2271 787 810 1630 718 958 2481 1939 665 1294 1446 1360 2517 638 1112 71 2363 2619 1445 2246 1258 30 1270 1514 697 557 273 2460 2139 299 795 2844 888 262 1925 879 2833 1373 2524 147 2092 641 2104 1982 1619 2269 1215 267 2771 1291 2672 1238 2797 2731 1814 2576 891 1887 1807 1480 667 2206 2595 2468 1863 1295 2371 741 1816 1993 133 428 2385 1366 991 2776 2175 1180 2455 1549 1877 1378 1474 1551 51 796 1589 160
1931 2526 2220 2704 1433 939 2445 2427 482 2089 255 217 1330 637 521 2657 2617 2183 2308 2712 619 1439 2051 574 2057 1088 494 2683 2291 2639 2435 647 598 1892 1874 1677 2037 1899 1725 1771 2440 2499 146 1223 274 271 1524 1942 608 368 1408 526 2625 1052 531 994 1998 864 2389 444 1545 1055 2719 790 508 2367 1056 626 1944 1146 4 2766 1937 59 1555 1752 1737 2393 1592 1386 2813 2438 1639 2286 68 2248 447 677 948 317 2569 682 950 2144 2250 1468 12 2439 633 2312
1509 2710 2175 1807 1242 1295 1373 262 2444 2740 2771 888 267 1238 991 2104 273 1811 641 2013 1539 685 2473 1803 127 2385 969 557 1059 2460 2524 2595 1291 687 342 203 1524 879 147 1863 1167 891 2363 1355 472 154 1925 1629 2776 741 2226 1982 2468 2749 2403 1619 352 667 226 551 428 2340 2269 2731 2371 577 299 2844 1 795 2517 2801 2709 829 2255 405 2811 90 1008 1324 2139 2738 2412 1814 2835 537 1589 2797 1549 1694 2833 1025 2576 1122 2094 1530 1540 2820 317 391
1735 403 17 537 573 1159 2063 1815 867 846 1338 2484 642 1009 837 2412 90 2455 2811 2255 264 667 1982 600 2138 1925 1619 2486 687 2614 2835 1814 2338 2731 226 1571 2100 1622 317 1698 2403 1122 1589 1863 1530 1078 1060 160 299 352 1607 2094 428 1828 195 1341 2844 2371 405 127 879 1964 2758 1069 2223 1660 1994 1421 2738 2607 2797 961 2431 385 166 2139 2633 2776 2092 2266 2269 2460 1480 1816 2833 2339 814 1291 891 472 577 557 234 511 2709 1540 2189 2253 2820 1409
898 853 1087 1558 2072 1207 714 1197 1928 1166 1590 465 895 2409 1561 93 2493 540 1300 614 617 2324 1137 2242 1785 1593 1346 803 2066 1535 1631 751 310 1213 2113 634 2542 1257 407 291 2143 1597 1115 24 2430 1689 426 304 2827 2178 2441 2024 2546 1389 1334 1019 1228 499 2656 1333 1298 954 940 63 182 2149 2784 1343 676 2016 739 2112 483 2785 1685 1693 1161 832 2054 1434 1883 76 149 1357 272 1786 783 1914 1971 374 1836 1957 1538 1798 251 1353 2521 2214 1602 831
1034 2461 1276 1392 210 1234 1861 57 2418 793 2174 493 2374 280 1859 2672 1375 1792 1580 294 1072 1665 1758 2229 1724 2125 1930 2004 570 1575 2456 689 1664 756 1358 801 133 885 704 2327 746 857 421 1350 1196 2184 2039 1776 77 548 1947 2548 2186 2838 1765 2590 1457 976 797 1551 720 2739 263 2332 1887 2356 1877 2123 1043 2581 1229 2694 2330 422 2659 228 2206 1191 2321 1542 366 588 583 656 706 1086 1675 1193 1377 1345 2198 170 242 438 158 130 287 82 1030 2662
1371 1113 2141 1525 2263 214 2152 2572 1280 2623 2502 851 2841 327 621 2522 2056 1064 183 1364 45 957 171 1953 744 1251 1139 2182 1661 2760 2612 2464 1865 2678 2348 236 2608 609 2401 1866 1768 2404 1602 2725 1084 2048 1960 106 1889 270 629 1605 2448 2705 1365 38 1766 509 2116 941 2831 1283 23 2457 1144 40 2216 2761 844 84 1032 959 565 2521 1738 510 592 2128 1844 986 1108 1659 42 506 1703 1288 690 940 1004 2162 924 1744 1171 2203 620 198 75 1080 2751 520
1583 998 2792 118 567 1791 919 2711 952 841 1579 1179 9 1769 945 1354 778 2065 2491 2328 382 1578 517 1854 2778 2252 2682 808 1977 2729 2647 930 1970 1920 928 1470 639 1651 1657 227 1667 916 1851 114 1531 2379 763 982 1063 748 887 2723 1770 98 1819 2225 776 1864 2361 923 1625 2042 2575 819 168 1123 353 2034 2474 674 155 2304 1367 2545 869 906 2650 515 1239 2009 2582 1046 2496 1204 879 1908 268 7 1518 2462 1437 1428 1528 433 1496 1356 1018 1911 2053 1963
727 589 658 1306 1951 485 1175 761 1798 2787 2054 2249 2317 44 1361 16 646 293 1334 304 2113 2178 1230 572 1213 2066 2546 1801 2323 1469 1447 962 76 1312 1451 1394 2437 395 1990 2277 2644 529 60 1672 1115 2700 614 1178 1137 1559 2072 853 1995 1683 47 783 1207 1483 2117 376 989 1691 1898 676 93 1087 1785 1257 1073 36 1106 474 1322 2325 341 1166 714 1558 832 1928 2227 2579 1865 1206 1712 1304 374 1250 2409 834 1836 581 1427 2000 2107 1749 895 322 1162 340
2567 1171 1214 22 2109 2751 1927 106 894 96 2554 419 2502 2153 1661 1632 189 1251 1364 1032 2705 2831 1703 2401 1288 2152 2060 2522 1064 2216 171 621 2056 45 1605 2841 2182 2726 1363 744 205 183 2760 481 2608 941 2162 236 2612 333 2313 1139 1987 609 84 2571 506 1953 815 1749 214 75 198 1738 2521 1891 2497 148 594 940 1004 2030 1865 1283 2768 620 2404 2141 510 396 1760 2179 834 1744 1844 1960 420 1397 1712 1727 957 959 95 150 596 732 1602 1766 2666 1685
1752 1146 1316 1636 2367 2556 950 518 1202 1799 1496 2241 1965 2389 2628 1840 59 2815 2082 1658 188 1545 2270 1240 4 2069 2439 2272 1721 2300 1381 1737 1045 626 85 965 312 1051 1386 712 2189 2832 1218 1102 440 194 2501 556 1544 987 1934 1405 221 826 2588 2477 2790 563 795 1656 1629 943 231 2836 1148 266 2826 2352 613 635 1926 2312 1624 2044 1782 1775 547 238 978 480 283 197 1870 2034 705 2649 663 925 1362 259 1319 168 1468 179 260 348 1901 1948 2534 2840
546 2643 1702 759 1260 285 1221 582 6 807 620 732 181 1083 1797 1697 1188 922 2171 2666 2043 2816 1541 650 2810 1891 1882 2807 1858 2749 820 1723 1456 475 1318 1603 2425 1536 2167 2346 468 1916 2278 752 636 2056 956 750 661 1284 1285 37 2476 45 298 334 2313 2522 411 1251 1064 2182 973 236 2760 2608 1763 1364 2118 980 2261 2194 2048 1153 1015 829 1570 1206 1761 1227 1768 713 258 2463 1283 1884 372 2268 1322 1610 2761 229 2705 2401 691 2469 1346 2831 1865 2074
1146 2389 1752 1799 59 1202 4 1545 2367 2082 2270 1737 626 188 1240 518 1721 1386 556 312 85 987 2832 950 1316 2300 2189 795 2556 2477 1629 826 547 2588 1102 2501 1405 2790 1934 635 1636 611 2044 1656 2312 2069 1319 1840 1926 221 2528 1624 283 266 2411 904 1407 613 260 943 1468 1644 817 2826 2241 440 2250 480 2397 2322 1563 313 1339 2119 2681 2534 633 2289 274 2689 563 28 524 1496 2298 1157 2256 978 152 2424 2088 2370 705 2551 134 2148 2817 1630 2185 348
106 1927 96 150 2502 2554 2152 1632 2263 894 419 2153 1032 214 2522 189 940 1251 620 2623 2060 1525 1371 2401 2141 1171 1004 2567 732 1364 1856 2841 621 45 2441 2112 2111 1749 1605 1727 949 1064 2203 1083 1139 1661 2056 2678 1343 1602 1434 2572 181 2827 2737 2555 2562 2751 1702 2831 644 133 844 2348 1288 2048 171 2202 1953 2705 510 95 1797 1738 22 1280 198 957 762 1703 2521 1214 182 2116 1726 2760 1865 2612 84 2720 2216 149 1866 1999 2608 474 407 1103 1222 2807
1039 89 1378 1022 467 2765 389 452 758 840 1024 2634 2465 2505 2285 1789 628 1730 131 241 108 1655 1026 2611 1220 501 1706 643 464 1011 1923 2687 1831 268 363 129 753 1822 788 2398 1929 1008 1062 2142 1662 1048 2301 484 786 927 1875 478 1503 2531 2059 2062 1568 324 125 2407 495 2632 456 1275 782 138 1813 1843 295 1932 1281 1018 2806 1692 1912 2429 2244 936 314 780 2236 999 1097 2715 402 1273 2698 534 822 1297 1475 471 1465 331 1612 1293 2467 1050 1274 806
1389 1115 2546 2178 304 1300 2066 2113 1213 483 803 2759 2579 374 1883 2784 251 240 1353 1427 789 328 2504 215 545 1898 898 101 436 364 2381 2238 1394 737 341 989 2040 407 766 1257 1683 614 2540 1106 1900 1785 1971 1951 751 962 1559 714 1928 2644 465 1175 572 1166 1798 395 529 1786 1801 2409 1230 1087 1538 581 2277 485 2054 1590 2000 1306 853 1558 2114 589 1197 895 2787 1093 1357 93 2493 725 1825 1207 646 293 76 2242 1334 1180 2323 1056 1137 2024 1374 325
834 2058 1277 1749 2555 1727 2249 761 2317 2437 1483 1672 376 1044 1995 1990 2700 1178 16 44 1469 1447 1425 1836 1300 1304 832 333 2571 2831 2497 95 2335 47 2784 2705 2182 2202 198 1064 45 744 2578 576 2216 2401 1015 2522 1364 2056 1865 236 1476 940 1251 2760 1401 75 2217 2745 980 1288 1883 2608 1004 36 1217 88 596 1263 597 183 483 1176 2210 1013 2579 2313 905 2190 60 309 171 792 1283 1904 1103 1363 1693 2118 1798 37 1914 2566 983 2096 1593 1884 1712 856
1993 1782 2836 1663 712 2767 947 2439 1045 1381 1617 1544 1054 1444 1328 1679 1658 2130 2241 169 197 2050 1422 1649 2837 735 440 1623 1261 2707 2011 645 463 550 445 2840 26 1870 2628 1218 2649 179 1840 1369 925 51 348 480 2454 1417 1796 1710 1029 1624 2528 1644 1926 2044 2411 2817 1630 1934 2289 1656 2769 1489 1360 260 817 1552 2790 900 1468 2826 2312 1407 305 2501 1102 1253 892 2034 2375 1307 2300 899 665 1437 134 2832 1569 965 563 2714 188 2084 489 2842 221 2616
2317 2437 1672 16 1990 2700 44 1483 1995 376 2249 1447 1469 761 1178 1836 1749 832 47 1044 834 1727 2555 2058 1838 2180 1277 1535 1425 2523 1224 1714 1713 1116 683 2129 34 2202 2422 1914 676 1476 1346 940 2745 1103 1304 576 198 2497 2190 95 1004 1865 1228 1795 983 60 75 1593 596 88 1176 2112 291 1161 954 1685 1773 1847 1999 1760 1513 2831 1712 824 182 905 1693 1785 2182 949 149 2542 1343 2149 2785 2547 2216 2737 269 1434 783 1750 1064 2827 1203 2522 1364 1849
2474 98 1625 1643 776 869 353 1819 196 585 2067 1864 910 1042 2361 2353 2081 2462 781 2103 701 2334 276 1402 809 233 1963 2256 1344 2027 2264 381 69 871 2101 1970 2157 2059 303 1772 2343 2429 726 1246 1770 539 1662 999 2012 806 1730 1600 484 2693 945 2244 118 639 812 131 389 534 1799 1275 282 2062 450 2792 2687 108 2301 1941 2236 1351 653 914 1438 241 758 2824 1465 33 471 523 2582 2336 2170 2773 2610 505 1204 1852 1708 786 363 1692 290 643 2065 1472
2362 2512 850 1504 2218 222 1436 1933 1790 2691 1305 1911 2071 836 2355 2645 2096 935 1321 897 2156 1098 2750 755 2432 2342 1736 1709 2450 1638 2201 1806 2420 1267 1052 477 2074 73 981 1599 461 272 103 399 1222 831 2463 2587 2214 1559 437 1957 560 1106 15 1628 1066 1420 1785 384 318 783 1510 1226 1387 1323 2410 126 409 2401 99 588 1830 380 2000 680 2777 1152 177 896 1230 1749 688 1451 1263 1145 940 1976 1762 738 2263 474 2772 1139 1288 1085 949 676 1322 905
2138 2063 403 1159 1815 2455 127 2484 17 2648 1338 317 1009 837 573 264 2412 352 472 226 2255 846 1735 90 600 2811 1814 1982 1060 667 2338 1619 1925 642 299 1571 2486 2189 1698 537 1816 1622 195 1863 2100 428 867 2844 961 879 1122 2266 2797 1994 2607 2092 1366 577 2633 1480 1349 1589 2371 2833 687 2614 2709 2139 2835 2731 2094 2223 1660 405 349 2269 1530 2595 147 1828 511 1421 2339 2403 2431 2253 1078 1964 1939 2820 1409 814 557 385 1549 2460 2576 160 1862 1607
727 658 589 1175 485 1951 2113 1306 1213 304 2178 2066 714 898 1558 2072 1087 2054 853 2546 1207 1798 646 614 1361 1389 1166 1928 2787 2409 1785 1230 1394 1137 572 2022 1801 1333 1115 2000 2493 1334 293 962 1300 1312 803 2324 529 895 1257 93 1451 1184 1683 23 395 2179 76 1559 1197 117 1502 1590 2149 2323 1080 1027 1561 1738 2494 783 426 420 2203 2644 745 907 2768 2043 989 1597 2024 1106 2656 325 1019 2810 2143 1723 1603 594 750 1883 465 1685 1474 2521 1570 581
723 539 1359 2585 303 1772 450 1121 1204 247 2485 1997 2582 153 206 343 1403 1751 2603 862 871 2018 719 2284 1633 2551 914 764 812 1289 2146 2008 35 1351 1493 776 353 2453 604 2361 1157 2209 1128 190 98 1577 2718 781 701 276 1534 1915 2334 778 2353 869 212 2820 1402 808 2462 282 2067 1407 615 2792 1864 2312 998 196 897 2424 873 930 522 2196 58 2389 9 994 2652 2824 841 2487 1246 526 188 294 2260 1595 2777 1963 195 864 912 1970 1579 2256 382 1264
650 2666 2171 2816 2810 2043 1891 1723 2346 475 1916 759 620 1702 732 2643 181 807 1260 6 1188 1083 546 1797 582 285 820 1605 411 2502 2152 1882 1221 1865 1541 1858 752 420 1397 922 468 1603 1697 2807 2768 148 372 1139 1206 1222 479 905 2278 75 560 2521 2497 2107 1412 750 713 308 1420 384 1654 322 2154 831 1203 272 691 2214 510 60 1225 15 2179 1957 1785 1740 2149 1954 2841 985 2469 1322 1456 2410 1685 2688 2463 198 2514 2313 953 609 1835 1214 954 1703
430 726 478 2693 1635 390 1967 1037 1715 1050 314 2236 1472 1475 331 1140 655 1303 2053 999 1124 1187 1648 2406 2059 1662 484 2429 471 1438 1918 1503 534 27 2505 2465 2407 1127 936 1274 2301 799 402 363 806 290 1275 1730 1273 2061 2806 1929 2557 2687 1921 2244 758 1972 2402 2690 1647 721 53 2698 1780 2470 786 1216 295 1465 653 780 1118 561 418 2467 1692 391 1317 1756 389 1008 1395 1481 2531 643 1568 1011 2611 805 1378 1831 838 2173 2062 1506 268 2821 108 1755
1931 2526 2220 939 2704 1433 2445 482 2089 2427 255 217 1330 2183 1439 637 521 2657 2617 2308 2712 619 574 2051 2639 2683 2291 2057 494 647 1223 1874 2435 598 1088 146 1899 2499 1524 1725 368 1677 531 1771 608 271 1942 2440 274 1944 677 1408 526 1892 1555 508 444 994 2037 1998 1056 864 1052 1055 1592 2813 1937 2569 12 2438 2719 1639 790 2393 682 974 2389 2728 1752 2625 1473 329 2286 1365 2075 1545 2250 1737 1868 2367 950 657 804 655 2382 491 357 68 4 948
2786 979 2227 340 2668 176 1562 2108 332 2384 1393 1033 1890 2743 289 1888 554 1492 2451 1065 536 142 2029 1449 988 21 868 569 802 2078 555 1686 1418 1431 1588 417 886 866 429 1053 597 2090 121 1268 1699 199 1398 36 1132 2117 2333 62 733 878 432 361 571 1430 193 1886 1057 681 1256 292 680 302 2671 2217 1553 893 500 78 2267 427 1236 2380 2423 1038 1499 743 1793 1766 901 865 2224 1329 2335 1597 2421 24 1478 609 1754 1535 2115 2038 2827 520 634 1945
1431 36 866 1588 2117 121 2078 988 733 1699 142 1492 1132 536 569 1053 193 802 1890 1430 1886 432 1268 2029 2333 555 429 289 2668 554 332 340 199 2090 878 868 1888 2743 1562 2384 500 2108 680 176 1553 1256 1499 1236 2227 2267 21 979 2380 2451 1033 2786 681 1398 1393 2217 417 361 62 1686 886 1418 597 302 2423 743 893 1065 427 568 292 571 78 1793 1449 2415 213 2568 901 2671 1038 29 1478 2533 2421 707 1754 24 1728 2224 1668 2143 1597 1149 286 1272
1810 2509 67 202 1075 2583 1001 249 1012 2121 2350 627 1406 1195 404 1944 1055 1609 1594 2057 1894 1869 742 899 2825 1212 2728 2558 1707 232 1088 338 1606 725 902 2294 1945 2207 499 388 2291 1223 2809 2033 137 917 2766 2638 550 32 2741 2135 574 378 201 2233 1516 937 709 204 2733 424 2224 187 1910 1512 65 538 165 24 2684 925 2020 359 1779 2183 1517 892 349 1192 1448 520 843 818 316 119 145 87 1728 730 1478 2021 480 494 2254 1446 590 1874 2435 2042
1425 1933 2627 1380 2512 850 897 1790 1200 2245 2096 946 1263 222 2218 2071 905 1504 474 2030 836 1750 1219 935 459 1911 2362 396 2410 2156 1436 1006 1736 644 1013 325 1322 2197 2645 2079 1336 745 1726 1267 1315 1641 1474 2514 1907 1423 2678 2450 2160 488 42 2831 2463 2401 2230 2086 1621 1749 1458 1305 2216 2425 2442 1321 1671 624 333 1090 1318 1098 1277 2705 2249 300 2572 45 2706 762 2476 2571 856 8 1536 1447 2446 1785 2522 99 2720 309 834 1286 621 2452 1066 1483
2317 2437 1672 16 1483 44 1990 1447 376 1469 2700 2249 1995 1178 761 1836 1749 832 47 834 1727 1044 2180 2058 2555 1838 1535 1224 1714 2523 1425 1277 1713 2129 1116 683 34 2422 1346 676 2202 940 1004 1914 1228 1865 1304 198 1103 2497 60 75 905 1476 2190 291 783 1760 576 45 949 1064 2522 2112 2737 2245 182 2745 1712 1343 2831 1523 149 1750 1795 2056 1363 2216 1999 1263 1203 1251 1593 2785 1206 2695 1288 1364 1161 2542 2182 474 1773 322 621 1434 2210 1847 1283 1513
536 121 2090 569 1132 340 193 988 1588 1699 36 332 2227 1256 1553 2117 1430 979 2786 1268 2217 1431 2668 1886 2267 1236 2380 1562 176 733 2384 1449 1793 2108 142 1890 427 500 1492 2078 901 289 866 1033 2415 2743 554 1888 21 2568 571 2451 1393 865 1065 680 1329 1057 2335 802 2423 1499 1764 743 1053 1418 432 2570 429 1686 2029 2839 2671 1668 2038 417 933 199 213 868 1038 555 2828 2795 597 1398 1272 886 672 2602 1399 1910 2333 2210 1754 2421 400 1374 2115 568
1699 1430 2029 554 1886 1890 571 2743 555 868 289 1492 142 332 1256 1553 1888 988 1431 2078 1562 2117 802 866 1033 193 2217 2668 176 1065 2384 1053 1398 21 733 417 1393 2451 199 429 361 597 432 62 2108 2267 878 2333 2380 1236 427 979 886 2227 1686 681 1418 1588 121 2786 340 569 2423 36 2415 893 500 302 743 536 1793 2568 78 292 1268 1499 680 1132 901 323 2090 1038 2032 1668 2421 2602 1189 2671 56 1041 370 1754 1272 568 2115 1597 1374 2047 1910 244
401 453 1510 2163 399 2587 208 1628 73 823 595 2074 1599 380 437 1233 1145 141 981 760 2055 1872 461 477 1976 1717 2469 2161 2679 2122 1023 2655 731 177 1903 2126 2829 1085 1163 816 2452 1911 99 850 222 694 612 2691 1047 1305 2098 1784 1160 2362 2747 2355 1504 2512 2218 1436 164 1682 172 897 72 2775 156 1933 1321 174 836 2750 1098 2156 1415 2645 2446 1621 2394 2722 1038 935 2421 1106 39 1443 1559 424 1357 1175 76 979 1798 2572 2577 1529 988 634 1786 460
198 940 75 2497 1004 783 2112 1712 1685 1760 954 1304 60 1749 1103 2737 2542 149 949 1343 1999 1425 1113 1727 2555 182 1434 1371 214 2245 1525 1298 1380 905 2263 1333 2656 1263 2572 474 617 644 621 2141 2425 1283 946 1108 2831 1750 971 2476 1561 2522 84 1605 2442 1483 2705 2022 45 834 1641 1064 2152 2827 2216 2197 2463 2502 2623 1267 270 2056 2401 1768 1277 850 2058 42 1203 1322 171 1865 2688 2441 1933 2761 1364 327 941 2678 2410 909 629 2706 1288 310 2079 183
2091 2794 239 2164 1781 2280 2173 1127 838 209 1274 139 1780 1472 2025 525 2669 245 27 408 1282 356 2531 225 654 296 1555 49 1011 2232 2311 653 2396 2693 2017 1435 61 1248 1961 192 625 1787 449 1505 1506 1124 207 216 679 2765 1024 2053 1216 1475 1356 1021 2285 1598 1037 1924 113 383 1140 1635 290 390 1967 858 2137 782 471 331 1755 1438 478 1662 1715 314 1018 1918 2632 2236 1647 1829 999 2470 484 936 1303 799 643 1050 252 241 1568 1843 758 1187 1692 1048
1891 1723 2816 2666 2346 650 2152 475 1916 2502 2171 2810 2043 1605 1603 1865 1139 2841 6 820 285 420 1397 1221 1738 807 582 2768 1702 148 2521 1488 510 1188 732 594 941 2348 214 2643 1570 1083 1602 1953 620 546 411 1858 2179 759 1260 1697 84 1541 37 1283 2203 1371 750 1113 1015 1502 181 2494 609 270 1768 1284 629 1797 1882 2118 2313 1108 1456 2109 1866 1766 334 973 980 690 2048 327 1610 922 744 73 953 2656 468 1744 844 1884 198 1525 2761 122 1537 1659
2713 100 2721 715 64 48 2545 1569 305 1796 562 155 2034 1640 2433 439 51 1453 2309 1490 2376 201 1860 1901 2650 563 2826 231 1148 168 260 2272 1878 2213 1123 1316 2289 1307 2424 2088 1870 1584 1658 204 817 26 1381 2649 2836 1948 784 348 2840 559 925 137 900 1369 1496 1782 480 2714 1586 2708 2817 486 2815 2652 2556 1134 246 1045 2769 1656 1362 978 2439 1437 1993 197 1319 659 2084 497 2241 1185 178 259 1624 2312 712 489 2135 2790 965 2367 1029 1337 1752 1463
2548 1375 857 1350 1776 2662 1887 2039 2356 1551 720 2123 704 2363 746 2727 421 885 2332 1043 2659 801 1034 2590 570 1665 1792 1520 77 1877 2399 2206 2460 2229 307 1724 2327 2672 1 689 2739 2844 557 1930 656 1191 798 1358 1664 706 756 1575 1861 57 228 1542 2456 1925 687 2004 1229 1193 1619 2125 1086 2186 158 263 2198 352 1234 1457 342 2581 1580 2139 154 797 667 2321 551 2749 2215 2330 2158 299 2371 879 493 892 234 1392 1982 1758 280 1947 2797 2100 1025 349
2713 2433 1453 2309 1490 1901 2376 201 1860 1796 305 100 2545 2721 2034 562 155 715 1569 64 2826 48 563 1148 51 1640 2650 260 231 439 168 2272 1316 1878 1874 1123 2556 2649 1496 2289 2004 421 2088 2312 1307 1437 1658 1223 978 900 348 2708 1870 1051 550 480 1381 197 647 2382 440 2439 689 1840 1782 2683 26 712 682 725 1592 2815 2628 925 1193 1464 1054 1185 2213 2189 134 204 1369 2639 2057 489 2790 2836 2455 1468 59 1775 2652 1948 1551 1752 659 2424 817 2438
2252 2682 2491 1977 1651 2328 1179 1578 1583 2310 841 227 1579 1566 945 916 2723 1063 982 1367 517 1368 382 952 1769 2042 2792 998 639 919 118 1239 1211 763 1920 2225 928 1354 1470 930 1531 887 2729 778 2778 1791 748 114 9 2647 1657 2711 567 2379 2488 515 2065 1854 2660 512 1851 819 2349 1667 2575 1154 2097 631 559 2026 492 2270 1058 98 1658 1253 528 2628 2256 1518 566 2084 2082 1528 2459 1386 579 563 219 804 1770 140 168 2150 231 2735 2241 489 2312 2732
2063 1159 2484 2455 264 403 1815 1009 837 17 1338 1982 1735 1814 428 317 299 573 2371 667 2412 90 1122 2833 2139 2844 846 1589 600 2269 2255 2092 226 2811 2486 642 2189 1622 1925 2100 2731 2776 2138 352 1619 2576 1571 1549 472 127 741 2338 2797 1863 1060 891 879 2403 687 234 1698 195 2460 2614 537 1964 1994 1803 557 405 2339 2266 1386 2059 2082 484 2223 2835 2312 1828 867 2473 1291 1607 1366 2181 2244 2270 262 556 68 349 2501 2597 996 2842 611 1319 888 1349
1735 403 867 1159 537 1815 1982 1925 667 1619 2063 2484 264 2455 837 1863 1009 17 226 687 1814 2731 2835 1530 879 1589 299 428 1078 573 2614 2371 1122 2094 160 385 2431 1660 1816 1338 2412 2607 1341 846 814 2403 1607 127 1421 1480 2811 2633 2758 1828 1069 2844 2255 90 405 642 2139 2460 352 2269 557 600 2266 2833 2092 1964 2738 1366 2776 2338 2138 472 2797 2100 317 2486 1571 1060 1698 166 2820 2783 1622 2189 1549 577 195 2576 2385 891 234 1324 2339 2223 741 1025
1017 1290 2282 2064 2596 2049 921 631 1518 530 2093 1879 607 1604 451 2140 1301 2796 1058 1567 1981 1237 446 984 2392 662 1909 394 1978 908 1002 1119 2357 660 1906 1613 2257 2782 918 2259 2085 1853 542 1508 910 1404 1695 1145 1621 360 124 2207 2462 1455 1673 1614 2543 1466 1331 186 591 1000 998 1808 2111 2827 1396 345 1060 1491 2190 2274 810 1601 2530 1261 983 996 1833 813 1688 1407 709 1739 132 1066 742 708 335 54 71 2441 2036 700 1100 1860 2372 1226 255 2728
909 2710 2468 2740 956 2444 2448 127 154 2823 685 2175 2749 1596 644 473 924 2498 2562 2128 2442 1059 1866 971 1859 387 1113 2572 1882 2188 1928 448 229 2620 2351 565 2169 1087 2595 1696 1084 1477 1922 1080 959 2263 957 342 23 218 1907 2112 1474 335 2591 2688 1558 1889 147 2725 2425 2013 1487 1602 2464 2197 1032 1533 2060 509 1166 1249 306 1144 986 2224 2366 189 2230 472 1712 2508 2260 1525 104 1953 1004 882 865 1434 2014 1217 540 2706 149 1232 2378 1560 309 1760
2054 646 1361 2787 1798 1451 1230 572 962 1801 2000 1559 2644 395 529 1951 293 2323 727 1175 1306 589 485 2277 658 1394 1334 1106 1683 2161 1786 2178 304 76 989 2113 2546 2066 2114 1213 215 1257 789 2238 737 328 1898 2504 436 2784 581 364 545 766 1312 240 483 101 1971 2759 1357 1115 2040 39 251 1207 1093 1353 1300 1883 614 2224 2579 2242 1427 2533 2072 1389 341 2540 2149 2320 29 407 1149 1558 2288 374 1333 2756 2381 1900 714 1818 2495 2656 1087 2249 1597 1693
726 430 2236 2693 478 1635 390 999 1037 1475 1967 314 331 1050 1715 1472 1140 655 2053 1303 1124 2059 1187 484 1648 2406 27 2429 1662 1503 534 2407 471 1438 2301 1275 1127 2687 2465 2505 290 1274 799 806 1918 1730 1929 1273 363 2698 2806 936 2244 758 53 653 402 1465 2470 780 2061 295 786 1921 643 2557 1692 464 1706 1831 1647 1008 389 1216 1655 1378 1780 721 391 1972 2402 1568 418 268 2611 1317 838 2690 1756 2062 108 2173 805 1395 209 1011 2280 561 2765 1481
998 2792 1583 118 567 1791 2711 952 919 778 9 2065 841 1579 1354 1769 1854 1179 382 945 808 517 2491 2778 1970 2328 1578 1977 930 1470 2729 2252 2682 227 114 928 916 2647 1651 1920 1657 763 639 982 2379 1851 1531 2723 887 2361 1770 98 1063 1667 2225 748 1819 1864 776 2575 2042 1528 906 353 674 1123 871 2582 1299 2334 1168 2462 1204 2474 869 1305 1518 2835 2695 168 2829 177 606 1985 196 631 1246 2678 1726 1963 2372 2205 1239 2136 2362 1367 155 764 1997 862
2011 645 1444 2707 1623 1679 2837 1054 1649 1328 169 947 1663 1617 735 2767 1544 2050 440 1782 445 2130 2836 1381 1261 2840 1045 2439 712 965 1840 1658 1993 2241 1029 1253 1422 1218 51 1552 319 134 2287 2735 463 2628 1307 1775 179 1489 1437 1710 900 1948 1208 489 674 2046 2649 2084 1416 2352 30 1586 1445 992 497 550 197 2312 1369 1870 2076 2454 1486 2133 305 1860 1640 2424 155 1123 2650 769 26 860 1468 1417 2183 2150 925 348 1190 906 904 562 817 2397 563 259
2043 2810 2171 2816 2666 650 1891 1723 2346 475 1916 1702 759 2643 620 181 732 1260 1797 807 1188 546 820 6 285 411 582 2502 1697 1221 1083 752 1605 1882 922 1858 1541 1603 2152 148 1397 420 468 594 2807 2768 510 2841 2521 1139 1865 1420 1213 1738 1456 1222 215 341 831 272 560 2214 384 351 1957 2497 1093 281 2203 636 436 1900 2066 2179 2107 407 364 2154 1488 1318 2362 1954 2048 95 1785 750 691 980 1898 1284 15 1225 1074 1953 372 1536 2410 1846 1023 1203
264 2455 2484 1982 837 1009 1159 299 1815 2371 428 667 403 1735 2139 2269 2833 2063 1814 1925 1619 1589 1122 2092 2844 2776 2576 1549 2731 17 879 1338 1863 226 90 2460 2412 2189 573 2797 557 317 2811 846 2255 600 741 642 687 352 1622 1571 2338 2486 891 2100 867 537 1698 2403 1060 2039 195 1887 2138 2473 2356 2363 1792 1551 1930 1291 160 2835 1078 885 1994 234 57 1350 421 2223 2739 706 1607 857 656 2123 1238 1341 1530 570 1542 2094 349 1816 405 2332 267 1375
1896 505 523 2283 2500 734 313 28 1563 175 2181 1827 2552 1339 238 152 1376 458 2674 587 1741 847 2819 849 1532 2479 2527 2119 2250 2099 972 2716 2191 354 705 633 330 1335 2681 2177 1708 2689 2534 2370 1746 2228 503 92 1852 671 2028 2365 2742 532 81 696 772 2814 711 2193 1956 2322 2610 1680 1704 2144 2367 2592 2597 1543 316 2812 1752 1117 504 59 2052 1314 2557 950 1774 2397 1799 2389 120 649 1135 1472 653 1692 2199 1386 1873 547 2774 1545 1109 872 2307 2306
2843 257 1871 1731 1138 1419 2613 1645 1800 2609 392 1707 288 416 2331 301 742 937 535 2377 1527 1894 338 730 1466 1131 1007 1243 519 1516 1778 336 1425 253 1068 821 1200 2830 855 678 749 1455 2341 19 2196 1311 2056 2680 2227 2522 2560 45 2384 2566 940 2451 2243 2572 1992 1794 1850 2087 1020 593 1064 1309 2251 1004 142 1529 870 536 905 2217 2299 21 1733 1040 1142 1478 1296 1256 1495 979 2744 80 883 232 2151 1749 1431 2668 410 1383 289 1836 1203 520 332 36
2094 160 1078 1530 1421 1607 1341 2758 577 1069 2738 687 1925 1735 1619 2835 667 1863 537 352 1982 879 127 1828 405 2595 166 2614 2731 2266 867 299 2797 226 2844 1964 2371 2403 2175 2139 2460 472 1539 2607 428 1660 557 2269 1816 1480 403 264 2820 2092 2833 891 2484 2776 2138 837 2633 2455 1589 147 1295 1803 1009 1159 641 1122 1549 1366 1815 2431 1814 17 90 385 2385 741 991 2771 846 273 573 814 2524 262 2473 2063 2576 888 1373 1807 2363 2104 2710 1811 267 1060
2389 59 1545 4 1799 2367 1202 626 1737 1146 2270 2082 1386 1752 188 556 2477 1721 950 1240 547 826 518 312 2588 987 611 996 2832 2530 1491 283 2189 85 1319 1629 271 266 613 345 1942 2501 2069 2440 1408 1316 795 1405 1934 904 274 526 2692 2312 2556 864 134 1102 2300 1725 635 994 68 608 716 1468 2144 1555 1636 2610 2044 2813 1117 1656 2289 2675 1677 1157 237 1181 2148 705 2375 1172 2181 2008 978 1771 368 719 771 508 2208 433 2393 553 1461 2574 2597 2764
523 505 2181 175 28 1563 2500 2552 2283 1827 313 238 587 1896 734 458 152 1741 2716 849 2119 2819 847 1339 2250 2527 2674 705 2689 2370 2681 2534 972 2365 1532 1376 633 81 1746 2479 2191 354 92 2099 503 1335 504 1852 2177 1708 330 1278 772 2144 1704 711 2228 2322 2193 120 2557 1680 1314 994 864 2440 2610 526 1408 671 274 271 1942 1386 2597 2199 125 1730 1117 547 2742 872 1655 556 2687 1831 2059 696 2389 467 608 2306 1543 602 2773 1545 484 508 2367 2774
81 2370 2365 2689 2534 705 2119 2527 2716 504 587 2181 2681 849 2250 175 2500 1827 523 2552 28 1563 238 1746 505 313 2283 2144 972 152 1741 633 2819 458 1532 2557 2479 1704 1010 503 92 847 354 1896 2177 734 1708 68 2674 1852 1339 553 1117 2191 772 711 2322 2789 2099 1680 1335 1314 1955 2193 1376 120 2690 1278 671 2764 1692 1873 2467 1917 1111 1386 547 330 271 602 507 2821 367 2440 2799 2059 1164 1332 1974 864 771 1774 1182 526 2265 994 1461 699 274 2597
189 2060 1032 1927 2554 894 106 419 2153 96 1632 2313 481 2567 1987 1661 815 2751 1171 2109 1214 22 1858 941 396 2726 1363 1703 1288 229 744 183 2152 2162 609 1560 468 1321 84 2216 592 1283 205 1744 957 2627 1995 115 2404 2502 2645 1108 1098 2555 1727 2222 1865 1766 621 1371 1015 1880 752 2156 255 454 333 1525 807 2823 959 2058 2688 2317 2573 1469 38 20 1251 171 2281 2760 2182 2841 834 270 2118 1605 1844 2263 1286 2750 2249 2705 1364 783 836 1709 2432 761
2510 431 1839 70 2561 1125 1753 2777 2772 2077 2478 1035 1834 2015 951 2818 1252 601 18 1842 2 2663 1390 1976 395 461 1557 2622 1759 2113 2644 304 2757 962 1213 315 1798 2624 529 1559 903 2178 2149 1845 39 2066 2656 850 1801 2497 2471 2000 2686 1908 2601 1951 1938 1230 1306 767 2074 650 1106 768 277 1357 485 702 1693 101 646 1394 658 889 1830 1175 727 215 929 73 75 2787 1605 1427 364 737 731 848 581 745 1586 436 572 1107 783 2546 1747 1443 191 989
1385 1779 1992 773 2145 406 2763 2102 519 1526 2516 1325 1007 1969 1511 1442 1894 730 2302 1707 191 1466 186 742 811 1165 1871 338 1138 1731 410 112 2613 315 1800 709 248 1645 1079 365 257 648 2609 870 605 1783 435 1516 2746 2680 544 1020 535 2095 881 240 1759 288 1309 664 1997 2341 1581 2219 2377 2757 843 1424 2785 1573 1670 1040 1005 766 253 378 1828 2830 610 2238 2756 2042 328 1012 1195 2622 336 434 2041 1055 111 2290 1133 1527 1968 249 967 483 1935 2560
1125 1753 70 2777 2077 2772 2478 2561 2510 1035 1839 1834 431 1252 2015 951 2818 18 1842 601 2 1759 2663 2757 1557 315 2622 1390 2471 297 2601 191 502 103 1533 1165 1845 2624 284 1323 1235 1908 990 1186 962 395 2161 702 126 1389 1951 1306 522 688 461 1830 1788 578 581 1559 767 101 2302 1976 848 2276 1728 2000 2535 1115 165 1230 277 1075 2546 1423 1130 745 2685 1474 1340 1608 29 680 1965 1683 1175 386 853 2644 2728 436 747 2314 485 529 2656 2769 737 1980
2389 59 1545 4 1799 1146 626 1202 1737 2082 2270 2367 1386 188 556 2477 1752 1721 826 1240 547 518 950 987 85 312 611 1319 1405 283 635 266 2588 2832 2501 1629 2189 795 613 1934 2300 2069 1491 996 2530 817 274 1926 2044 1656 1692 771 271 994 1102 526 2528 864 2440 1408 2411 1864 1316 1563 2527 1157 608 1624 633 2375 705 1407 2312 1942 120 2119 2556 2681 2256 134 1117 2181 2789 643 1493 2289 2059 2334 904 2370 68 1534 781 719 2322 587 972 2597 2534 2244
1146 2389 59 1202 1799 4 1545 2082 2270 1752 1737 626 188 2367 1386 556 1721 1240 85 2477 987 312 518 2832 2300 1102 2501 635 826 1405 1934 950 547 1629 2790 1656 1926 2588 2189 2044 1319 611 1316 943 1624 221 2528 2411 817 795 266 283 1407 1644 2817 2556 2312 480 2397 260 1468 2766 712 1029 2842 2826 705 563 1870 2289 904 2069 134 445 348 2689 2241 238 1045 197 1253 2574 2439 1630 1190 2534 1360 274 925 447 179 1563 2840 613 559 550 769 1873 2181 2424
204 2842 2558 899 1212 2135 2766 137 2741 1606 116 2728 2825 1944 725 1067 1935 2068 165 1463 1134 1547 246 2041 1055 2294 79 2207 97 2511 447 2305 1825 2736 1076 804 686 722 1464 692 2248 2382 2665 329 2719 1940 2286 2580 1056 1223 2813 1986 948 682 1130 2057 146 2436 1841 2393 1185 2598 1639 1777 491 2506 2292 677 2708 1126 1874 1592 2435 1937 1910 362 790 1337 2569 494 352 1452 2438 90 217 2319 2683 657 1926 2300 350 1899 2258 647 1624 892 2649 665 1656 480
1179 2491 1977 2682 2328 841 1651 2252 1579 1578 2792 945 1583 567 639 9 118 1791 998 1470 778 1063 227 382 916 2723 2711 517 748 952 1531 1854 919 2647 887 1920 982 2042 114 763 1769 2065 2778 1354 2729 1667 808 1770 928 930 1970 2225 1657 2575 819 2379 1585 1924 2496 1851 98 1299 1168 2556 1475 2334 2059 1018 2312 2698 1918 2248 782 2462 799 353 1598 1465 1317 27 108 1220 2310 2061 1148 196 904 2236 1089 1625 2075 776 978 655 515 2407 1864 1777 623 1563
1681 1742 337 487 1384 2600 1705 942 966 2085 2543 2458 1495 2257 1673 1853 360 710 1000 2782 1614 1695 2259 54 1331 2696 542 1739 1893 660 1370 50 2664 1554 2369 813 1508 791 908 921 1031 2803 1287 2660 1396 1565 243 1906 1604 355 2064 1237 1301 530 451 1105 2049 1978 1518 1290 1770 289 1981 446 1888 1320 1872 2796 2140 1017 2736 866 1119 1905 1058 1499 984 454 78 1815 2215 427 892 1126 1468 747 631 2607 2755 121 2023 362 1584 327 1816 46 1002 827 21 417
1444 2011 645 2707 1623 1679 2837 1054 1649 1328 947 169 1663 2767 1617 735 1544 2050 1782 440 445 2836 2130 1261 1381 1045 2840 712 2439 1993 1658 965 2241 1253 1840 1422 51 1029 1218 1552 319 2287 2628 463 1416 1489 1948 2735 1307 134 489 2046 1710 992 2352 179 1775 1369 1860 2084 2649 1417 1208 497 2454 259 1586 1640 26 2650 1096 900 1870 30 1437 2088 1445 769 562 860 305 2769 231 1627 155 906 2544 1796 550 1788 1362 2150 2753 1897 1569 194 2312 674 348 197
1753 1125 2777 2772 2077 2478 70 2561 1035 1834 2510 1839 1252 2818 2015 951 1842 18 431 601 2 2663 103 297 1533 1323 1759 315 191 1186 2161 2394 1728 2757 2601 1165 29 1845 1557 1235 2622 424 2624 286 766 2172 1389 981 2471 126 680 757 2242 2314 1905 1801 328 1968 2533 2238 1132 1588 1830 581 2000 767 2504 2260 2653 222 1726 1305 1719 1115 688 395 1130 1423 848 2728 707 2702 2659 2408 165 522 2216 1393 583 967 502 702 1996 1091 1908 284 1785 2320 1559 1033
1898 1683 1093 581 407 2114 328 2579 2238 2759 766 374 2504 1971 2242 341 1353 803 989 251 2040 2381 737 215 436 101 789 364 1900 1427 1883 2540 545 1115 1091 1257 483 1785 2784 1786 240 2546 1230 1996 1389 777 1228 1106 1773 1300 2422 1559 572 1161 34 304 2523 1213 1513 1801 1847 1357 2277 2178 1818 2066 617 230 1394 2644 529 926 39 1451 1561 2113 1224 1180 1838 2000 1178 2288 1116 1361 1795 1714 499 1713 564 76 47 683 1334 395 1798 110 751 1666 2493 2180
1303 1037 430 478 1140 1472 2693 2053 1475 1124 1118 2236 726 1635 390 1050 1967 314 331 1715 655 1918 999 2059 471 1187 1438 484 1648 2505 2465 27 2406 1921 1662 936 2061 799 402 1972 1647 2429 2407 1503 1273 534 1317 721 1274 2402 363 1756 1127 805 1395 806 1568 1755 561 2698 2244 786 2301 758 1822 1780 780 391 1216 1506 1465 1011 2531 1143 53 1008 290 389 2470 838 1692 643 1929 653 356 296 1831 2557 1655 2062 2690 1282 1024 2765 1378 464 2467 268 408 1706
1146 1752 1799 2389 1202 59 2367 1545 4 518 188 2082 1240 2270 1316 626 1737 950 2556 1721 2300 85 312 2832 1386 987 556 1102 1405 1636 2501 2790 2189 2477 635 1934 1926 221 1656 2588 2069 943 826 1840 2241 795 1496 2044 547 1624 2628 1629 1407 817 1319 1658 2439 2817 1045 611 480 1644 440 2312 283 266 2528 925 613 712 1870 348 1468 2826 2815 1965 2411 705 904 2148 663 2397 179 238 274 2649 260 550 1051 563 1563 2454 994 2181 2424 1148 2272 2713 2631 67
2224 76 1499 1149 967 2320 2533 293 36 29 1728 286 500 1431 2172 2673 2021 2117 2495 1804 218 2756 739 1430 568 733 1553 1886 2217 754 680 1231 1236 792 1597 2267 634 1699 193 1256 426 2430 2380 1719 1533 2787 24 2143 1364 1448 866 2238 1984 1206 1637 1987 766 1478 1265 1401 1980 2423 2472 2404 2615 757 988 1766 184 119 1560 2387 1865 609 707 2638 2464 2056 45 328 142 743 2315 1945 2295 2568 2413 881 905 941 2221 2078 1798 2054 569 427 1296 2415 621 1689
967 707 135 2295 2413 558 1448 1804 2408 2615 213 91 1719 2354 1849 1478 2235 1265 1945 568 184 2533 29 424 2320 1722 1149 232 792 2638 119 2566 520 286 1269 2296 2172 80 1867 1296 2673 1529 739 2390 1984 1383 2756 1728 2021 1733 19 24 754 2143 2744 2472 1689 1597 2224 426 2260 634 2024 218 1593 2430 1231 1533 540 293 499 1312 802 757 2078 2649 2000 2827 1492 142 310 1053 2441 1091 1431 555 1996 388 1588 1888 868 1038 2217 857 1535 1191 417 1542 2332 263
1096 1948 1416 1362 1897 497 1586 992 2213 2046 1218 2241 1630 1926 1796 2300 712 1569 899 2034 2721 2790 85 1045 1316 1993 1360 1381 1051 2817 925 1860 155 2650 2135 221 100 439 2741 817 1658 1102 1656 2766 2832 2454 2312 2545 499 2185 480 48 1934 348 1644 2826 1684 987 1212 231 892 1782 26 64 1411 137 312 188 46 1369 2842 2298 787 2272 2584 2769 2825 259 704 2082 1901 2616 1407 1123 563 638 305 1606 1624 447 715 2246 2649 1446 2270 1870 2836 2481 2528 1496
1389 1115 2546 2178 304 2054 2113 1883 646 1213 2066 614 251 1353 2784 1427 1559 989 483 2409 1394 1300 2787 2759 1106 1951 101 1166 364 962 1137 2644 341 572 1798 215 1230 803 1175 1928 2381 436 1306 1361 589 328 395 714 529 374 1898 898 1683 240 789 1558 1207 737 2238 1451 293 2040 2504 485 2540 545 1801 658 766 2000 2323 1900 1590 1971 2579 1087 727 2277 93 895 2072 1197 2114 1257 1786 581 1334 76 2161 407 1785 853 1093 2324 465 2024 574 2667 1141 1839
2624 2601 2471 1845 126 702 1830 848 578 2276 1908 931 103 297 1323 688 1767 1114 1235 990 1413 1186 2314 284 502 1391 1608 768 835 1107 1340 250 1720 1821 903 65 2388 1310 1254 1512 684 1559 522 1106 1975 1916 2346 2000 2656 581 962 1397 1801 1605 767 2777 2077 1230 2706 2772 1175 475 1207 304 1798 2768 745 803 420 1357 1965 1839 2178 2478 2113 2149 1125 572 2787 325 1139 2841 954 485 850 650 1213 1298 386 737 2815 1440 1753 1723 461 853 2152 1570 1426 529
865 1949 729 2798 1754 2539 1429 2629 2428 1038 2421 1041 1910 2221 2031 244 2120 1070 1272 2038 2671 1616 13 2520 1477 1399 2210 640 698 2115 964 2083 323 536 340 1266 358 2227 1952 2795 1696 933 1337 672 2570 2640 2150 828 1521 932 1764 176 1329 2828 2335 2786 1668 1449 1766 2217 1562 36 1431 979 377 1553 2668 1049 2457 1430 2117 1374 121 509 2602 474 882 2108 1144 844 2267 1987 815 1189 2839 1256 1080 473 2032 2351 2384 839 1890 1426 1671 2591 8 2090 2448 1953
352 349 2820 2727 2372 2013 2158 1862 1540 234 892 307 1324 1618 1964 46 2223 299 405 2614 2709 2340 2100 166 1421 1698 2486 195 2399 2484 969 913 1572 2466 837 2460 1009 2215 2635 1349 223 2835 1 1828 1520 557 2139 1815 2631 879 1994 2266 2738 160 1615 90 1338 2371 428 2338 264 600 2473 2455 1078 2269 226 2063 147 577 2844 642 2138 1060 846 1607 1409 2833 1571 2758 2094 2226 1622 1095 1814 1619 1925 891 667 1341 1159 2092 2576 197 2189 1337 1982 1530 217 1355
2252 2491 2328 2682 1977 1651 1179 1578 1583 841 2310 945 1579 227 916 1063 2723 982 382 2792 763 919 517 952 1367 998 118 1368 1566 1769 1470 2225 778 1791 1920 639 1239 2042 9 1354 1531 567 1211 748 2711 930 887 2778 114 928 2729 1854 512 2647 2065 2488 1657 515 2379 2026 1667 1851 819 2349 2575 2660 1154 566 579 1528 492 808 2097 2459 98 528 1585 311 1058 631 2462 776 1770 804 1253 1970 2007 2735 2436 1209 2416 1018 168 140 559 1518 219 1612 2580 2618
277 767 1938 1443 889 1833 2686 1747 2496 2315 1980 2702 211 1460 2685 2510 2818 2532 951 1418 886 1277 2384 417 2451 2522 2571 597 1834 2668 1256 1064 2015 340 824 1686 369 289 36 1989 2216 21 744 1425 979 45 2182 1562 2227 20 431 2786 1252 2058 1342 479 2056 1750 2401 2108 1431 1890 332 1038 2760 569 19 713 1364 95 2705 2203 988 536 834 1263 2726 2335 1015 193 2217 465 142 2831 1749 1713 2745 2202 1065 596 676 1401 576 1836 2421 236 1353 609 1888 500
1146 2389 1799 59 1202 1752 1545 4 626 1737 2082 2367 2270 188 1721 1240 518 1386 556 2477 312 987 85 2832 950 826 1405 2300 2501 635 2588 1934 1316 2189 1102 547 2556 1656 1629 795 283 2790 1624 2044 266 611 1926 2528 943 1319 2411 1407 1644 221 817 2817 613 2069 2312 274 1468 1636 1840 705 904 2534 2397 526 480 260 271 2250 2440 2322 2826 994 864 68 1339 2689 2370 2181 1157 608 348 238 2119 2241 2419 1408 2551 633 2439 2789 1563 197 1942 28 2681 2289
2468 956 1882 154 448 1911 2749 924 1059 2444 2823 685 2710 2740 796 1524 829 669 38 416 2573 2595 342 551 1560 1400 147 2372 127 115 1687 2678 1487 327 2216 2257 476 690 2476 2572 879 229 644 472 1811 2254 275 1638 888 1807 1032 2523 34 1863 1922 557 2260 710 1217 2422 2706 1726 1025 2360 2620 1673 1028 1116 300 1995 2425 909 1387 2194 661 1145 1880 1315 2696 307 2189 1629 2399 1806 2431 400 2233 457 1224 1167 2450 203 1144 1015 1714 1295 328 2263 1449 1331
1746 503 633 1704 2250 711 772 587 2322 2119 1852 1680 1827 2181 972 2681 2283 2370 1741 523 313 705 175 28 2193 2527 505 1774 2534 81 2592 2689 1335 1563 2052 2500 2552 238 120 2365 354 458 2191 734 162 602 1332 152 1111 2144 699 849 2099 1164 2597 2212 2716 1327 92 1543 1339 1896 1182 367 507 1532 847 2610 2479 740 963 235 2674 1109 330 504 2799 649 2822 1991 2789 1650 1917 2343 1873 2237 2199 553 68 1708 1135 2819 890 532 2306 2742 1099 1117 671 316
1681 2600 1705 942 487 2085 337 1742 966 2543 1384 2458 1495 1853 54 1000 1673 710 1695 1331 1614 1893 360 2257 542 2782 1739 2259 2369 50 660 2696 2664 1370 1508 791 1554 813 1031 908 2803 1119 1978 1287 2660 1565 1396 243 1002 1906 355 2049 921 747 984 1301 2796 1105 530 78 1604 2074 2064 1654 451 1423 1920 2596 1962 289 2587 2262 1770 362 2154 852 2318 1954 1237 893 1911 2140 302 361 1290 1841 2598 15 21 1903 1641 416 2736 1225 979 1510 796 1528 1562 351
754 2021 2756 1231 1728 2320 2533 1149 757 29 286 2172 2673 1533 218 293 2224 1719 707 213 967 119 739 1478 2408 135 1804 2295 426 1296 80 1984 1597 424 1361 2787 2078 1383 2413 24 558 1849 91 1451 2354 1945 364 1492 2143 589 184 2638 142 2054 802 2495 646 498 2464 1951 1890 19 76 1306 2366 572 568 2040 1448 536 2024 1175 429 727 529 1312 2260 1722 2014 1562 2668 555 766 121 2227 2235 2472 473 1588 1265 1106 690 1053 2124 1537 1061 672 2178 901 1132
1419 392 301 2331 937 535 2843 1527 257 2377 1778 1894 1425 2341 519 1871 1200 1455 1992 253 1800 1731 2613 538 336 1138 648 105 338 843 2680 94 2763 1707 1077 870 248 355 1645 530 813 1007 1017 742 1370 709 568 2609 2318 1739 2264 1779 2145 2087 1073 2830 908 288 773 542 2640 1516 416 678 69 1131 2005 1573 1243 1554 1068 730 821 1309 2492 2251 1387 2102 1385 1219 1020 2219 1466 1565 406 1546 186 1237 410 881 1183 1968 435 1142 605 1133 910 378 1424 1449
2835 1862 405 1828 2614 2266 1964 2820 1341 1607 687 2094 1421 2758 160 1069 1078 1530 537 2738 2372 166 1324 2338 226 879 1619 1925 195 2138 1338 352 1994 1698 1863 1982 2189 2460 349 846 127 90 299 2595 472 1735 2844 2223 667 2484 577 573 2797 600 961 2412 2811 2139 557 2269 2175 741 2709 2100 511 2833 642 147 2063 2801 2466 2255 1060 2092 264 428 17 2403 2648 891 1291 1540 2455 2253 1816 1803 317 1571 1167 1095 1278 1539 2363 1618 1480 1589 2231 2371 837 403
1870 2649 925 1369 26 348 480 2454 2769 550 2714 179 663 2538 1422 712 1417 2375 1045 860 1489 1710 2130 2241 1658 1381 1782 197 2439 1701 2836 463 2050 421 1624 2817 445 2840 1029 2790 746 135 2528 1102 2628 1926 1656 1644 1930 1840 1934 1544 689 260 2332 1218 440 2638 1796 817 704 570 1146 2289 2312 1792 2501 2004 188 1358 2295 2123 1665 1545 1617 2411 1407 2039 518 1337 2832 892 2767 1910 1319 489 2826 1190 2084 2044 2356 2741 24 1663 2034 1328 2011 899 857 1054
204 2842 899 2558 2766 2741 1212 2135 1606 1944 137 2728 116 2825 2068 1935 1055 1067 1547 447 1463 165 725 79 2294 2511 2736 1134 2041 2207 686 246 2305 1056 2580 97 722 1825 692 1076 804 2665 2719 329 2057 1464 2300 1926 2248 1910 2292 2286 1223 1874 90 2382 2501 1624 1452 2598 2044 682 1934 2813 2435 1986 1656 2455 2082 558 892 2528 1940 2319 1796 2817 2436 352 948 1190 1102 451 2790 1604 2138 1130 817 1777 1841 221 891 790 135 2654 1126 1644 491 1407 1870 2832
2677 629 1949 941 1865 909 281 1144 2421 2161 84 1038 1754 2494 1766 2627 1616 1502 609 115 2115 1987 1080 327 396 1041 37 244 2573 1283 750 481 1723 882 743 2423 815 2568 594 270 23 2179 820 1995 2404 1184 1558 1738 123 1108 1960 1199 2152 76 714 1768 117 2761 2217 1740 1272 1891 1880 40 2203 940 2521 1659 474 1596 1488 2072 334 1661 1818 851 2303 2415 325 744 2755 1363 1087 498 2150 2224 2216 425 323 898 479 2058 2210 2162 510 1591 901 1844 926 1032
898 853 465 1197 1561 1928 1087 1166 1558 714 1207 2409 2072 540 1590 895 93 1631 617 614 2493 2324 291 1300 2242 634 1334 1689 2143 1593 24 803 1137 2542 499 2430 1535 1538 1597 2024 426 1346 1785 2066 407 739 1228 2667 1161 2323 1847 1513 751 1213 2113 832 1115 1265 676 1773 646 310 2638 2785 1795 2827 1257 374 1343 1298 76 1091 792 983 2759 1798 483 2441 1693 2112 1996 2054 2699 1914 576 1427 182 2149 1019 1342 2656 1333 1176 2700 1431 2016 304 2579 149 1743
1325 1779 2145 406 1385 1992 1526 2516 2102 773 2763 1442 519 1007 1511 1969 730 1894 191 2302 1707 1466 1165 811 338 410 186 1670 2613 315 1871 112 1079 435 1783 1645 1581 742 365 2095 2622 1020 1454 544 1309 1138 288 248 870 1573 2560 1311 2680 11 2746 1968 664 717 843 1731 605 1040 1759 2290 336 94 1424 881 2757 2110 1800 2195 2609 538 1966 709 1390 648 1012 1516 2730 1406 249 2830 257 1498 792 1634 2235 800 1342 2492 1243 483 1068 2377 184 610 2519 500
455 1262 2232 113 2137 822 1506 383 1505 1356 27 1140 1568 478 525 2693 1303 726 2070 1435 2311 216 625 1248 654 331 1503 655 679 245 1124 1598 1475 430 2053 2236 314 999 858 1037 1662 2059 390 1967 2407 1635 1715 799 1472 2565 209 1918 471 2465 2505 2429 2470 2698 1438 484 139 534 806 1050 363 1274 1187 1141 838 408 49 758 936 1648 1282 2406 418 1127 402 1273 2061 290 252 131 2611 653 1780 464 2301 53 1972 2396 356 1706 786 1481 1787 721 295 782
698 1049 932 839 1521 955 1041 865 323 1272 2520 2210 13 640 828 2032 2047 1949 56 370 2671 2578 2421 1189 1038 1754 1910 377 2083 2150 2428 933 2798 672 2828 571 1668 2629 1337 2602 2539 680 1249 1429 729 2221 2031 1957 1616 2423 244 1363 272 743 2120 2640 1683 292 1471 1053 2216 1487 310 924 45 831 1070 1374 2620 560 1222 1364 1477 2214 979 1995 1288 1230 2038 1922 581 2149 1420 953 2227 2056 1132 2522 142 1562 893 2827 2841 536 1430 1703 737 738 713 78
1896 1339 734 1376 2674 847 152 1741 2191 458 313 2283 2500 505 523 2819 1827 849 1563 28 175 2181 1532 2099 587 2479 238 2552 972 2250 2716 354 330 2681 2119 2228 1335 633 2177 1708 2527 705 671 503 1746 2193 2365 772 2597 2370 2322 711 2689 696 2592 92 2028 2534 2052 532 1680 81 2610 2742 120 1852 1111 653 261 547 1386 526 2440 1408 1956 2367 2814 271 602 274 994 2082 2812 197 864 1942 390 2389 1543 2270 1752 188 1655 1332 1635 608 950 2774 2236 2397
197 1993 463 2439 712 1045 1663 2836 1417 2840 1870 1658 1782 2241 550 2649 26 2767 1544 1422 1369 2289 1381 947 900 925 2628 480 348 2050 1054 1489 1029 1328 1710 2130 445 179 1444 1617 2790 1468 260 1102 2832 1218 2312 2375 1656 1934 1552 2454 1437 2826 1624 559 312 1926 1644 2528 440 1486 1407 433 169 2817 134 1796 1840 735 943 563 2501 1701 1679 489 1545 817 2424 1146 188 2011 904 2397 1630 2084 2082 2044 1253 2411 221 2300 892 645 1360 2419 1307 85 4 1190
2281 2288 564 230 1818 1180 39 1357 2495 926 1106 1786 1996 76 751 1257 777 2224 2114 1971 1559 2000 1091 1836 2785 2555 834 989 1727 397 55 1476 1593 1451 1856 1538 2058 940 728 1846 1714 2324 1434 1749 2390 2176 2737 2239 2073 2489 2493 327 2111 1713 1914 88 2132 1529 744 1093 1004 581 1343 1841 2744 946 683 2760 807 95 362 2112 1108 1057 1733 1194 2303 1685 407 596 2699 2118 2554 15 1064 1483 182 198 1950 2608 1116 1304 37 1019 149 1641 2566 42 2641 541
1146 2389 59 1799 1202 1545 4 1737 626 2082 2270 188 2367 1752 2477 556 1386 1721 1240 826 987 312 518 85 2832 1405 2501 283 547 635 1934 266 950 611 1319 1102 2300 2528 1656 2790 2411 1629 2044 2588 2189 1624 795 817 943 1926 2817 1644 1407 613 2069 1316 2312 2556 221 1468 2397 904 260 274 480 2826 2766 345 526 2689 1491 271 2208 134 2534 996 864 2842 2289 608 348 197 2419 2574 2375 994 2530 559 900 705 1253 2789 1339 1029 2440 2370 1870 2256 769 2424
1132 1588 121 536 569 2090 988 193 36 340 1699 1268 332 1431 2117 2078 866 142 2743 1492 1886 1430 2668 733 1553 213 1890 2227 979 1256 1053 802 555 1562 1393 2029 1236 2384 1033 429 554 2333 289 2786 2108 2267 176 2380 199 2217 1888 868 21 432 500 2451 878 1398 680 427 1499 417 681 1686 901 2408 1793 1038 1449 62 886 361 1418 707 2415 1065 1478 597 1228 1728 424 1910 1754 571 24 302 29 2421 2224 1945 2568 2115 2827 2649 1719 1057 244 292 2533 520
687 1982 2844 226 299 264 2455 667 1589 2797 2269 1122 428 2371 2484 352 1735 2731 837 2139 1814 1925 2833 2092 90 1159 403 741 2189 1815 1619 1009 2473 879 891 2063 2403 1549 1863 2776 557 2576 1338 2412 17 2460 1539 2175 2094 573 537 2811 2255 317 127 2338 846 1421 2266 160 1571 2138 1078 2835 2710 1530 2614 405 600 472 1862 2595 867 642 280 2548 1291 2662 1509 1242 1238 2418 210 1698 1607 57 577 195 267 2100 147 1341 2738 1580 2486 349 2820 1060 2339 1480
1371 2263 1525 1113 214 2152 2572 2141 2623 1280 2502 851 2841 1661 327 957 1139 2348 1602 1953 2678 1865 2404 106 1866 621 2464 1960 1889 609 2751 629 1605 1171 2109 38 2522 509 22 1084 2401 40 744 1032 1659 2725 592 1144 1214 183 1738 2612 1364 2056 171 1064 2162 45 2567 96 1766 1365 2457 2726 1251 844 1632 924 84 2203 941 2448 1927 189 510 2521 23 1939 2112 894 1434 1283 270 1768 940 149 1296 2182 1397 1004 420 2153 150 2760 2768 954 198 2060 1744 1727
835 502 1608 1512 1254 65 903 297 1340 990 768 250 1107 684 1720 284 103 1821 1310 2388 1323 1975 2276 1235 2471 1186 1908 2601 688 578 2624 1845 126 2314 1413 1391 1767 1830 1114 848 702 931 967 1804 1870 2612 870 2615 2766 463 522 2087 26 1945 892 2024 2649 46 2050 2650 305 1265 1663 1369 2116 2840 1448 445 2401 1782 30 712 2340 2300 2481 1907 817 489 2454 348 232 1381 1834 1029 638 1013 137 5 205 2753 2571 2295 606 24 1514 2207 1445 1515 844 2741
1017 1290 2049 2282 2093 2064 921 530 607 631 1879 2596 1518 1604 451 2796 1301 446 1058 2140 1237 1981 984 662 1567 1909 394 2392 904 1179 908 1613 227 1695 2491 1853 2312 1468 2252 2682 2782 1000 116 2328 1977 2773 2652 916 1579 2148 542 487 2259 2462 2792 778 271 2741 998 674 1739 2375 598 345 197 710 2716 1725 382 1491 2530 996 196 489 887 660 1319 2257 841 1148 9 950 444 1578 1606 1860 2389 970 360 639 507 2397 978 1408 2334 2367 2042 2084 2719 175
2702 1980 2315 2685 277 767 1443 889 1833 2496 1938 1747 1557 2686 2622 1390 269 2757 1759 315 211 1165 2302 1460 1548 369 2532 191 1989 2510 2 307 431 2663 2015 398 1091 18 2755 1252 2818 2276 600 1073 1286 506 951 2045 2108 2160 2116 1401 1593 1013 1844 1996 1535 2079 1622 1834 2258 832 2478 2098 770 2476 1266 1767 873 1842 2386 2399 926 496 2281 856 1914 1346 2598 2100 1315 1412 724 830 1820 959 777 16 1520 2135 2746 2230 2785 1837 870 1660 762 291 1364 1320
2362 2512 850 1504 2218 222 1436 1933 2691 1911 1790 1305 836 2355 2071 935 2645 2096 1321 2750 1098 755 2156 2432 897 2342 2450 1736 1638 1709 1806 2201 2420 477 1052 1267 399 2074 461 73 981 437 2587 1599 1559 272 1510 1106 560 831 1222 15 1628 1976 1420 1957 103 380 2214 2463 384 2163 2122 177 1023 783 208 1323 1085 1233 1145 2154 896 583 1364 688 2469 409 588 2829 2679 2107 1230 1066 1257 816 2831 1357 99 2000 1226 1207 680 1785 1749 2055 1903 1225 474 1830
1085 1903 177 2122 2829 1163 816 2679 2452 1808 1155 2274 1688 1404 1415 1100 2163 1089 453 141 1233 2055 981 72 380 174 1872 401 460 437 1628 2775 760 164 1023 1784 2074 1145 1599 73 399 2722 477 2587 2577 2009 172 694 612 208 156 1510 595 1621 2636 1241 2161 461 823 589 2446 1047 727 599 1175 1951 485 1976 2542 1451 2642 1430 1306 954 1361 2537 979 783 144 1553 121 1006 222 2355 850 1685 2112 940 949 1605 2394 2000 1421 2827 988 2003 1305 1798 1004 901
1532 2479 152 849 2099 1708 2819 354 2674 330 671 734 1741 1339 458 313 696 2028 847 2716 2814 2500 532 2283 2552 1827 28 2742 972 1896 1956 1563 238 523 505 175 2181 587 2681 2557 2250 2119 92 1376 2191 2365 81 633 1473 2370 504 772 2527 503 2534 711 705 2689 1704 1335 2322 1746 261 120 1680 2610 1101 344 2592 1852 2052 2597 1135 1650 391 1216 999 2193 2144 2806 2698 2228 1273 726 2212 1327 1111 1555 1278 2199 2693 1721 1314 649 2236 390 2059 2822 1635 507
1039 89 1730 1378 1022 467 452 2765 1026 389 2687 108 840 758 628 2285 1024 2634 1008 1929 2806 1275 268 2301 1655 2465 2505 1220 1789 131 295 1912 464 1706 2611 2407 753 2398 241 2062 643 501 1662 484 1503 2059 363 1011 129 1831 1843 782 1822 2236 1875 2142 1923 1048 495 1062 1018 2531 478 2429 927 788 138 331 2632 786 125 999 324 1932 456 1692 1475 2244 1124 1568 936 2698 1297 1037 534 471 314 1281 2467 1097 402 1813 1273 780 822 726 1612 2053 655 1438
1389 1115 2546 803 251 341 364 215 989 2040 2381 374 737 436 101 1883 1900 1353 1427 2759 545 2579 328 2504 1971 2540 581 572 1898 304 766 2178 1230 1394 2784 2238 1683 2114 2644 789 1300 2113 962 529 1257 240 2066 1106 1213 2277 395 483 407 1801 1559 1798 1361 1786 1451 2323 2242 898 1334 589 1175 714 485 1951 1306 2054 1093 751 2787 926 2000 1091 1558 1087 76 1818 727 1357 2495 658 614 646 1207 1928 564 1166 1180 293 2756 1137 2409 2072 1038 465 1080 2288
204 2741 1212 899 2135 1606 137 2842 116 1935 1463 2766 2558 97 2041 1944 1547 2068 1134 2305 246 1067 2728 2511 1055 725 165 2294 2825 2207 79 1056 447 350 722 2435 2813 2248 1986 1874 686 2736 1223 2057 494 1825 2665 1940 1130 657 692 2039 677 1677 2382 2580 682 1464 2625 1771 746 2291 135 1841 2258 2295 558 305 1870 231 790 2506 1193 388 362 1076 647 1796 2143 2649 1656 2037 2289 1934 2455 1930 168 1126 574 2090 2438 2638 1892 421 2004 2413 1899 2756 1061 1102
1179 841 2792 1579 2491 945 1583 2328 118 2682 567 1791 1977 998 9 1578 1470 2252 639 2065 952 1651 778 919 382 227 887 517 2711 916 2778 1667 1063 1920 1531 1854 748 2647 1354 1769 982 808 2723 114 2729 763 930 2042 928 1770 1970 2225 1657 2575 1851 819 2379 1585 978 1635 390 344 1018 363 216 782 1819 1386 2462 2200 547 1864 134 1472 2017 27 2606 331 2148 1924 1475 1662 1715 2059 1140 611 1967 455 936 92 2687 2698 904 1692 2146 2349 2053 1319 2244 196
2548 687 1982 1925 2460 879 667 557 1619 299 2844 2371 2139 2731 226 837 428 2455 264 1815 2363 1589 403 1159 1735 1814 352 160 2484 2797 1009 2092 1078 2833 2094 2269 1375 1863 1122 234 2776 2063 1530 1338 1421 1238 267 1549 2576 891 1520 2412 1341 2662 1291 846 17 1607 2189 642 307 1 573 2727 537 1792 2403 1539 90 857 689 2399 2835 2607 262 1480 570 2266 147 57 342 2473 2039 1828 867 888 2125 2100 1930 1660 405 1571 2356 1665 317 2758 600 2811 421 1887
837 1009 2455 2484 264 1815 1159 299 2139 1735 1814 2092 2833 2063 1982 2269 2371 2844 428 667 2776 403 90 17 1122 2576 741 1589 1619 2731 1549 2797 1925 1863 2189 573 2338 1338 352 2385 262 234 642 2771 888 1994 846 226 1622 2412 687 1295 267 1698 1373 641 1571 891 1807 991 2486 879 1539 2223 1291 1238 2100 2473 2635 2158 2215 46 892 2255 2253 600 2273 2717 223 2616 2834 1540 913 472 2138 195 2185 1409 349 1615 867 2399 2460 2811 1095 1824 2332 656 1572 2638
2043 2171 2666 759 2816 732 650 620 181 2810 1797 2643 1702 1260 1891 1697 1188 546 807 475 1723 285 1916 2346 1221 922 6 1882 1541 582 820 1083 2167 1318 411 2807 1456 2749 956 1603 2425 1858 1536 2476 636 1763 2268 750 154 334 661 1285 1288 2278 752 1524 980 1322 468 973 829 45 298 1284 236 2468 2056 258 795 1703 2823 2522 2608 2118 1865 307 1072 37 1104 1911 600 1251 1806 1090 1884 2401 1064 1364 229 2399 1570 459 2313 2760 1201 2761 2512 2048 1363 2216
658 727 589 1175 485 1951 1306 2113 304 2178 1213 2066 1798 2787 2546 1361 2054 1230 572 646 1389 293 714 898 1334 962 1558 2022 1087 1801 1394 2000 2072 1333 1207 853 1785 1115 614 529 1451 2323 1559 395 1312 1683 76 1166 1137 783 2644 1928 2179 989 2149 2409 1106 1738 1300 1184 1027 420 1685 2810 2768 1019 1502 1605 907 2203 2656 949 581 594 1693 1723 954 2043 2521 745 149 23 1561 117 803 215 2277 75 2346 1397 2666 2114 327 2494 650 2152 1343 1288 310 148
1896 1339 734 1376 2674 847 152 1741 458 2191 313 2283 505 2500 28 2819 1827 1532 523 1563 2099 849 2479 2181 175 972 587 238 330 1708 354 2228 2552 671 2028 2250 696 1335 633 2177 503 2716 2119 2681 532 1956 2742 92 711 2527 772 1746 705 2370 1852 2610 2814 2193 2322 2534 1680 2597 2592 653 2307 2800 1655 2052 2344 1704 2670 2689 2397 1706 1647 1428 1721 2365 2693 2007 2062 547 2236 464 643 1240 2358 999 2059 120 1831 1414 2419 726 1092 1472 1386 1475 611 1099
723 247 1204 539 1359 2585 303 1772 2582 153 450 1121 206 343 2485 1997 1751 1403 862 2603 1633 871 2718 512 776 2026 98 2008 764 276 1289 982 2310 1245 719 353 592 566 2225 1659 2379 2488 1066 952 1769 1368 1566 2303 40 1528 930 1354 713 2086 2284 2018 479 388 1578 2453 763 1226 1645 738 492 998 851 2598 807 1211 1047 691 168 1726 2146 1835 1154 869 1740 698 1080 528 1800 742 1342 1074 1707 2551 745 1631 2578 861 1199 2761 481 2254 474 1260 2459 42
1300 1277 834 2066 2058 1749 2113 1213 1727 2555 2178 304 1785 898 2493 1115 761 483 2546 803 465 1928 2249 1166 1558 1087 1672 2409 714 853 1995 1197 1389 2784 1883 1207 2437 614 1353 2072 1044 1161 1865 1228 1795 251 1175 789 240 1513 1257 1561 1361 1106 485 1798 1847 895 1773 93 2022 2054 1178 2787 2317 374 2700 572 1559 989 341 1137 2579 1971 1590 1786 2277 727 1801 2324 2644 589 2149 1230 1693 1951 1451 215 1306 1333 76 1334 1990 1427 16 293 75 2238 2497 2759
1255 123 882 986 1757 2150 1477 2380 1236 2267 698 1049 1038 2366 932 2088 2767 750 1657 1149 928 1362 440 292 1553 2533 29 743 2320 1041 1897 1190 1636 1256 1430 1616 1492 286 690 427 2673 473 820 2778 429 901 2090 2078 2828 672 1045 2227 302 1945 1649 2493 965 2424 1948 232 536 754 947 2423 1268 2172 1754 520 1699 1233 930 119 289 933 1096 1728 2836 445 2583 981 2021 424 432 2668 2312 2050 1416 2408 1537 2333 1218 260 955 1474 893 665 2241 1431 1603 334
152 2819 313 849 1532 2500 2283 458 734 2552 1339 1741 1827 523 2479 28 175 1563 847 2674 505 2716 1896 2181 238 587 2099 2681 354 2119 1708 972 330 2250 671 1376 696 2191 2365 2370 2689 705 2534 81 2742 2028 633 2527 92 532 2814 504 1746 2557 1956 711 2322 772 503 1852 120 1680 1473 1335 2144 2597 344 2193 1704 1216 2610 391 1555 1135 2244 261 1756 390 1650 2059 2199 1715 1111 999 2693 1635 2799 1317 1831 2592 2228 1721 1655 1876 2052 1465 367 271 507 192
2437 2317 1672 16 761 1990 2700 44 2249 1995 1178 1483 1469 1447 376 1836 832 47 2202 1749 1914 2745 1476 1838 2785 1713 683 88 1714 2523 1224 2190 1116 2180 34 983 1856 2129 576 834 2422 1176 1727 2555 2441 2111 1425 95 1535 824 2827 2058 269 2547 1044 777 132 596 1277 695 676 1346 310 1996 1693 1865 617 1073 291 1593 940 1743 2149 1304 230 1523 1228 1091 2216 465 1103 1004 1364 830 762 2656 198 1343 75 2522 1251 60 2112 2117 76 1795 2760 2831 1620 115
2819 849 152 458 2500 1896 1532 734 313 2479 1339 2674 2283 175 523 2552 2716 2681 1741 505 1376 2099 1827 2181 587 28 847 1563 330 238 2191 1708 354 2119 2527 2177 972 2365 872 2250 705 2689 120 671 2534 2814 1543 81 2742 2370 2228 633 2028 532 2199 1873 696 2557 1852 2610 1335 92 653 1746 261 649 1917 2322 1956 1109 1781 2144 2597 2794 1099 2799 408 2017 2306 2025 296 1164 890 2669 192 1135 2773 2193 2592 31 1414 1822 1555 1101 1111 504 1650 2052 2280 1282
485 1175 1306 727 1951 658 589 2787 1798 646 2054 293 2113 2066 1213 304 2178 962 1361 2323 1334 1230 572 2546 529 2644 395 1207 714 853 1558 2072 76 1087 1451 1394 1427 898 1312 1801 1115 1928 1559 1166 2540 251 614 374 2409 2000 1137 1785 803 1883 93 895 215 436 2784 1106 634 1389 1786 989 1683 1333 101 1257 1597 2430 364 2149 1300 1590 2143 426 2656 545 1197 1971 954 2277 341 1900 24 2224 2022 2324 737 1685 2759 1353 617 2381 1430 2024 2493 240 1602 581
2025 225 2669 61 192 1780 207 2164 1781 2794 2280 2396 2173 239 1787 209 838 139 1127 2091 245 654 408 653 1282 356 525 49 296 1506 290 1274 2232 1141 418 52 2017 383 2470 1472 2693 1555 2311 1481 2531 27 1216 806 1124 2070 2053 1011 1662 1435 1961 534 1248 1140 2429 1438 471 625 1465 1021 1505 1475 679 1598 216 1356 53 780 786 1918 1924 2285 449 346 2244 402 858 936 1037 2690 999 2467 1967 1635 390 2059 1715 2565 363 1755 2557 2765 484 2821 113 455
1910 1272 680 640 2210 2578 13 2421 2083 2520 1038 2513 828 1337 1754 1949 1430 2671 1256 729 1236 2380 1553 2267 536 2387 377 1041 2451 2798 2384 2570 244 2217 36 1431 1399 1266 1616 698 21 1699 733 1764 2038 2117 1562 193 865 2335 1418 289 2120 569 500 571 1886 1132 597 2115 2031 1065 2839 2795 2640 323 1686 886 2227 2108 1793 1890 340 332 417 1952 1588 1329 40 1070 933 2668 672 1398 2090 2828 370 2808 1521 1891 955 20 964 1668 988 609 1888 2415 1785 617
629 2677 941 1949 1865 281 909 1144 2502 84 2627 2346 270 1605 2152 1916 594 1283 2421 2161 475 1723 2521 396 1768 214 1038 1891 2494 1738 2761 510 148 1754 2810 2841 2048 940 2179 1108 1488 1602 75 1798 1766 198 1397 2542 474 1502 2203 420 1041 853 1184 481 1113 1591 609 907 1256 2497 1371 244 543 76 1334 1004 851 1139 1880 2245 2348 2816 1960 1987 2115 650 2043 149 783 2249 954 1979 2666 2030 1553 1749 1343 37 1712 1222 834 40 1802 183 2737 1603 1685 2720
2045 2023 1584 2755 747 258 770 1796 1320 19 1980 597 2217 1035 1844 417 1256 2545 2108 1286 2415 1562 988 2034 1722 1996 1065 1888 2745 2216 76 1398 901 2421 886 1728 2202 2612 2116 1890 289 2249 193 2522 1553 1047 2668 1839 424 2077 2827 232 1945 2566 1364 868 62 2056 926 361 1091 2058 520 893 465 1430 1038 21 2227 1793 713 1673 1073 1968 2190 45 554 2571 777 744 2613 1686 834 1731 983 1199 1064 230 979 1272 2423 1628 454 2098 1269 519 609 1476 2476 576
853 1197 485 1207 1175 2072 589 1087 727 1558 1306 714 658 898 1951 614 1928 1798 1166 2054 1561 2113 2409 2542 646 2066 1213 895 2787 304 76 1137 93 2178 617 1590 1593 2493 2324 1334 954 465 1685 1785 1333 540 1257 293 1298 2546 1343 1361 2112 499 149 1230 198 940 634 1631 949 1004 75 1760 2656 2323 783 1597 962 1712 1312 182 2497 2022 1346 803 291 2737 2016 1434 310 2143 426 1535 24 1727 1300 572 2430 2827 2555 1304 1106 1103 2441 1689 1749 1999 2149 1559
1396 1105 243 355 1370 1554 813 2257 2696 2660 1331 1673 1614 908 2458 1495 1384 1742 966 2782 660 54 710 542 50 2369 1893 1739 2259 360 2600 2664 1031 1853 1906 487 607 2803 1000 337 1695 942 1705 1287 1681 1565 1017 2282 631 791 2049 921 530 1508 392 2647 2336 301 825 1290 2093 2085 2064 515 1237 2157 1518 1676 320 2598 929 2645 2305 2736 2724 2361 1301 2272 1316 975 1567 70 1985 451 1002 1770 2426 2397 2543 1604 765 836 2367 2292 144 459 748 2069 2307 955
1371 2152 1113 214 2263 1525 2502 2623 2141 2572 1280 2841 1605 2348 1661 327 851 1953 1139 106 1602 1865 1866 629 1032 941 1144 2678 1171 1927 96 621 2109 924 1632 609 84 189 894 2401 957 1738 2060 2554 2567 1084 183 419 171 2153 2751 1364 1214 2768 1251 744 1365 1960 22 1283 270 1397 2705 420 2522 2162 1064 2726 2203 2831 2421 1184 2056 510 2404 38 1766 2182 2760 2521 198 2612 45 1949 953 40 2030 481 1768 592 75 2179 2677 2048 1488 940 117 1004 1342 148
690 2706 1426 796 1537 1911 99 1474 745 2355 325 2535 1080 2318 23 1671 2366 1682 1200 8 1387 2691 1305 2420 2128 1006 850 320 222 1479 2449 1267 2362 425 2014 2218 2124 1436 1504 2494 1570 2156 1933 498 466 1061 473 2394 375 897 1326 443 1052 306 2512 935 1098 163 2203 73 1637 1621 2096 1556 2508 1736 836 1638 388 981 258 844 1628 1872 2071 334 1610 1015 755 2457 973 1308 2351 327 208 1502 2750 380 747 1285 1790 1082 509 1922 2587 122 2074 1515 1233 411
1553 2267 1430 2380 1236 1699 1886 1256 680 2217 2117 1272 36 193 500 1910 1431 733 536 569 121 2387 427 2421 988 1038 2415 1041 340 2668 2671 866 2210 1754 13 1499 1793 2423 332 2578 1949 1562 2469 1890 1492 2520 2568 743 2227 2384 289 244 142 640 1628 2078 901 1616 1888 828 370 1521 2108 1329 2451 2083 2115 21 554 323 2786 2090 2126 2249 568 73 1668 698 1176 56 933 2335 979 893 199 292 176 617 609 1132 2828 1766 479 2120 2038 2149 1399 738 2602 1189
189 2060 1032 106 2554 419 894 2153 1927 1632 96 2313 481 1987 1661 815 2823 1858 1560 1015 468 229 122 1288 2216 1703 1363 2726 1610 20 1456 2118 167 1284 744 980 333 1286 454 37 396 1884 959 183 1844 941 2109 2162 973 2760 236 411 565 1188 1283 2573 2627 171 1749 1744 1064 834 2608 2182 1736 506 2058 1880 45 1570 38 1108 2450 2261 1865 2522 2425 1525 2194 2249 448 592 1638 1593 1084 1217 2705 1939 1995 2335 115 2056 1364 2784 1263 2245 1205 1836 1251 2257
1810 2509 202 67 1075 1001 2583 2121 2350 249 1012 627 1406 1944 1055 404 1195 2057 899 2558 2825 1894 2728 742 1606 1707 2766 1212 725 1869 1609 1594 2741 137 165 2135 232 1516 338 499 2207 2736 1945 2842 550 388 1088 709 1517 204 902 937 2233 917 480 2294 1223 494 378 2291 201 2033 24 349 447 2254 2809 2638 2435 2042 32 925 1874 538 2733 892 2684 1910 2312 2020 135 168 520 2248 1779 187 1411 574 2757 1463 558 2143 904 843 1169 730 563 818 2545 1935
196 353 776 98 1625 2474 869 1819 2067 585 1643 2361 233 1963 1864 2256 701 2462 1042 276 2353 2103 2334 2081 910 781 809 1402 1970 1179 1977 2434 2491 282 2536 1246 2027 2328 1791 1578 66 1574 871 1344 1579 118 2157 9 825 639 2792 841 1220 175 945 929 154 2465 2505 2065 628 936 2821 952 674 522 389 2429 471 2284 2634 1438 840 363 2252 241 2467 1662 1465 2690 1 108 2723 478 2264 873 1524 786 402 1221 758 778 2643 546 1481 227 1026 765 1437 2017
2786 2227 979 340 2668 176 1562 2108 332 1393 1033 2384 2743 1890 289 554 1888 1065 1492 142 2029 868 988 2451 802 555 1449 536 21 1686 429 1418 2078 417 886 1053 597 569 866 1431 199 121 1588 1398 1268 62 2090 2333 733 571 361 878 36 2117 1132 432 1057 1699 681 193 680 1430 1886 2671 292 302 893 1256 2217 1553 500 78 310 2827 1535 2441 1343 2190 940 1236 1714 272 832 2112 2423 1038 983 1499 1693 2242 2522 427 2202 520 617 2267 743 1957 2224 2214
1870 2649 925 1369 26 480 348 2454 2769 2714 550 179 663 2538 1422 712 1417 2375 1489 860 1710 421 1045 2130 689 445 2004 570 463 2840 2581 1930 1193 197 1624 1701 1782 1190 1658 1381 2501 1934 2044 2638 2817 135 1792 2528 2241 260 2123 2050 2574 1029 2411 1665 489 1102 1656 188 2439 1644 524 2790 817 2039 1146 1545 1758 1737 440 2312 1358 2125 2084 4 1253 1319 1926 2424 2332 704 746 1468 1552 2289 559 24 1588 2011 2413 2832 1910 1617 2836 2295 518 892 2838 1796
2063 403 1159 2484 1815 2455 837 264 1009 17 1338 573 1735 1982 2412 317 2138 846 667 127 428 1814 2255 90 299 2371 472 642 2811 600 226 1122 1925 1619 352 2833 2139 1589 2486 2100 2092 2269 1863 1571 1060 2844 867 1622 2797 2731 2189 2403 687 2776 879 2338 1698 537 1816 2266 2576 2614 2607 1549 2339 1828 2835 2633 2094 2648 2431 195 1803 1660 405 1530 1964 1078 891 1366 1480 234 1994 1421 814 1607 160 385 2223 349 1349 1341 511 888 741 2635 577 961 2385 1025
1034 294 2229 1375 210 2461 1234 1392 57 1276 704 2174 1792 1861 2418 793 1859 493 280 1072 1724 421 1664 1580 570 1930 1575 2456 1665 746 77 1758 2004 689 2125 801 857 2374 2039 756 2590 1358 885 1887 1776 2327 1350 2186 263 1457 2356 1043 2332 1229 2739 1551 2672 1877 656 2838 2659 548 720 228 1542 706 2330 2548 1191 2123 2321 1947 2581 797 1765 422 133 242 366 1193 158 2694 438 976 2662 1292 82 1609 557 798 2460 934 130 1196 884 2198 1086 2155 2187 1377
2363 2460 557 879 1694 2185 1509 143 1440 1684 2298 1242 1129 2710 2584 795 2444 386 2749 2529 1619 2517 262 1925 1445 2175 1411 30 1373 958 1215 273 1807 2740 685 1059 891 787 1811 1238 1360 2271 267 203 1629 1270 810 1982 1863 888 2013 169 352 638 1295 1524 342 2844 1630 718 2837 1862 2104 2481 299 2050 969 1544 1054 735 2524 1803 71 1514 1623 154 2595 1291 1167 697 1444 2130 147 1617 2707 2389 1112 667 2801 2011 134 2619 2631 2840 2226 1679 635 1355 2340 127
1385 1779 1992 773 2145 2763 406 519 2102 1325 1526 2516 1007 1442 1969 1511 1894 730 1707 191 2302 1466 186 1138 811 742 338 1731 1871 1645 1165 2613 112 315 1800 2680 257 535 881 410 2377 365 2609 435 1581 2095 1020 1527 870 1079 1309 605 610 709 1040 2830 1573 288 2560 1865 2746 248 678 1759 1828 2785 648 1783 1068 544 301 2835 1419 2341 253 2757 1968 2290 1311 1178 2523 1567 1342 1516 1294 1424 240 2622 1981 855 821 2277 249 2648 1557 1640 351 511 1012 664
540 407 2242 310 1561 2441 1093 617 2827 1346 1856 1091 2111 1535 1914 2785 777 766 1593 2238 1996 1898 949 983 783 1343 1683 2202 328 2190 95 1631 2413 2542 1693 940 2745 898 1087 2737 1448 291 2615 558 2112 2656 2114 1176 581 2295 2493 596 832 1298 751 182 853 1558 2504 2149 1004 2016 695 465 24 1434 230 1019 135 2072 634 132 2759 1207 1689 1476 2143 576 88 63 1597 1785 979 1928 1945 1161 341 149 1590 2430 1743 2000 1166 2227 1713 954 426 1333 1836 1714
70 1125 1753 2777 2077 2478 2772 2561 2510 1035 1839 431 1834 2015 1252 2818 951 18 1842 601 2 2663 1759 315 2757 2622 1557 1390 1165 522 191 502 2471 395 2302 2624 284 990 297 2601 1908 1845 1951 1306 1533 1235 101 2161 2685 848 962 702 581 2504 103 1788 1340 1829 1389 126 1130 364 461 165 767 578 2728 436 2000 2276 1107 1976 1323 853 2644 485 1230 1683 2279 1608 1830 2759 1168 2667 529 1299 929 1623 277 1965 1137 737 1980 714 2815 776 727 589 1559 1801
2045 1584 2023 2755 747 1701 1981 463 860 1237 1489 1369 26 1417 1796 2419 817 770 1604 348 258 446 1301 197 1926 1710 1870 925 480 2140 559 2034 2817 1486 2790 451 2001 2574 712 1567 1307 186 1656 2454 1910 1102 2300 1029 1190 2769 188 1624 260 2397 1552 2453 1208 1045 709 2649 1017 1518 1319 2545 2037 638 892 1362 2083 2424 1934 1049 1058 85 2219 417 900 1035 547 305 230 787 530 659 1290 2724 1514 1983 955 2076 1888 1516 433 2375 1386 1495 1998 943 202 134
1533 757 1728 213 1231 754 2533 1132 1588 2756 29 2172 2021 286 2320 2673 1149 707 121 2408 536 2224 218 1719 2090 558 2078 1268 135 293 988 2295 569 1478 36 193 332 424 1945 2413 761 1699 340 119 1849 1492 142 1431 1053 184 1722 520 568 1984 80 1553 2117 289 2743 802 2384 1886 1529 2354 1256 1867 1430 429 866 2668 1733 1890 232 1033 1296 19 1562 1393 2227 1269 555 2566 1888 1236 2333 1383 2390 2217 21 2380 672 733 2638 1038 1448 739 665 473 2828 1804
2224 76 853 2495 1149 2756 293 414 2045 754 2673 2320 1928 739 286 2667 895 93 1231 714 2021 1166 2533 426 1590 1728 1558 2023 1207 2172 1597 258 2755 29 1087 24 2143 2221 1818 898 465 926 614 1584 137 2409 770 882 2387 1212 1197 820 792 358 1707 634 123 889 2024 743 2072 1137 2423 646 1557 2735 747 1894 2324 1541 1689 803 598 2031 745 1346 757 218 1801 2428 1944 249 1180 2568 1637 589 2430 2744 1443 1168 2583 1299 2015 341 1199 742 658 1833 2296 1075
1349 969 1618 1572 1025 1 2340 234 913 961 2399 1540 697 1520 203 2727 2226 551 2175 342 2339 1242 46 1571 1539 2834 154 1059 1095 1514 2524 307 1652 2517 2635 1215 2223 223 892 195 2444 2215 668 352 2273 1807 718 2740 2541 372 2709 1615 1264 2710 2717 573 2158 511 1629 1698 537 1824 687 912 127 1994 273 1509 2104 2253 262 958 1524 41 17 2387 888 1409 642 2662 2595 1238 2473 798 2338 1295 2385 267 846 1445 2298 71 1862 349 2486 1684 2607 891 991 685
1560 1610 1858 122 2313 1015 1844 1286 506 1284 807 448 2118 1987 1456 815 565 229 468 481 973 1884 980 1570 1363 37 388 1703 163 1288 1637 1285 1199 2425 2216 1556 454 334 2060 744 1061 2153 690 750 959 1260 1032 2476 1537 2706 1603 1632 298 419 1188 1387 42 894 1660 1080 189 23 1597 411 2823 1766 96 856 682 2554 1865 2161 2116 285 2351 2607 36 1478 1980 1195 1761 372 2633 425 820 941 396 866 1927 184 1088 2598 1221 745 2257 236 24 171 1153 1064
1083 6 582 285 1221 546 1260 1702 2643 759 807 181 732 620 1797 1697 2807 1188 2749 2816 922 2171 1891 1858 2043 1318 2278 1536 1723 636 2666 2810 2194 1541 468 661 475 752 1603 2522 2111 1856 650 2313 2476 1914 2056 2261 45 2346 1865 2441 1064 1456 1251 2202 2425 2745 820 88 1364 37 1535 2733 2048 462 1713 2827 1153 2760 2785 2118 1916 1476 777 2608 2401 973 1846 1882 832 1176 1284 96 1108 2203 669 236 844 1763 476 1836 905 644 2612 2489 232 1227 95 133
828 640 2520 2210 377 1272 13 2578 2671 2629 2798 2539 1429 729 2120 1070 2031 2428 672 865 933 2828 2221 2038 1399 698 1337 2083 1910 2602 1668 964 2513 2640 1374 1764 2335 2570 955 1249 1266 1952 2808 1521 358 2795 2839 2401 2448 45 2047 1949 2056 2522 1364 1425 2720 644 621 1596 2182 2562 323 1329 2831 370 2571 2238 2760 1064 2032 766 2608 2718 2278 2442 183 1536 171 2612 2725 300 1189 328 2678 1041 1251 1049 2141 236 2445 571 1880 2464 1754 1726 1318 2705 2183 1217
2025 2669 225 192 61 1780 2164 207 2794 1781 2396 2173 2280 1787 239 209 838 139 1127 245 2091 654 408 1282 356 525 296 1506 49 1274 1141 653 2232 383 290 2017 1472 2693 1555 418 52 2470 2311 2070 27 1435 1248 1481 1124 2053 2531 625 1216 1011 1505 679 1598 1356 1961 1475 806 1662 1465 534 1140 216 2429 1021 449 1924 471 1635 1438 1967 2244 780 390 1755 1715 858 999 786 2236 113 363 1918 2565 1037 2137 2557 455 2059 2285 402 53 936 346 484 252 2467
1879 1017 2049 1290 2064 2093 2282 921 530 631 2596 1518 1604 607 2140 1301 451 2796 394 1058 1567 1237 984 1981 2392 446 1906 662 1909 472 1002 1978 1828 1607 1341 1621 1585 1803 2543 160 1078 1119 127 2835 2257 2357 1530 2758 2635 1060 405 908 2138 687 1069 573 846 400 642 2266 1935 1463 2094 337 827 537 2372 1449 1964 17 899 892 1841 342 2041 2085 46 2661 2042 2820 362 403 2738 2614 2782 660 1337 591 1258 1815 942 1619 1009 1407 2259 2573 345 2399 912 2441
197 1993 463 900 1663 1437 1486 2439 1045 712 2767 2836 1307 559 1468 2419 1782 260 1617 2840 1054 1552 2130 1328 1417 1489 2241 1208 947 1658 1381 2826 134 1710 563 1444 904 2312 1422 1544 2076 2088 674 445 1983 906 2837 1679 2424 2011 2397 2652 169 348 489 2050 1253 2515 645 1649 1369 2628 1029 2707 1870 860 26 2133 1623 2084 1701 2574 179 480 1878 735 2375 2649 2289 2454 433 1860 550 925 2769 769 978 1261 1218 259 51 2544 1190 1123 659 440 2714 2082 319 1148
815 1987 481 941 1766 744 609 1880 2404 2115 454 1032 2554 2060 1632 244 894 844 189 84 96 419 2153 1927 2457 1637 1696 509 106 957 5 1661 1889 163 1515 2421 2464 1556 2726 1616 1858 1061 2448 1754 2313 2128 807 396 388 2109 2351 1038 2725 1802 425 1283 466 2162 1744 122 23 6 2751 498 2627 1260 594 2203 2521 1171 270 1844 1284 20 2303 1659 22 1214 690 510 285 1015 2152 1702 1080 2194 2014 327 2222 1426 1602 2643 171 167 214 582 1723 2760 2502 468
2769 348 1870 925 2454 1369 2649 26 480 2714 179 550 2538 663 1417 860 1422 1489 1710 2375 712 1701 1788 197 2130 1045 2289 463 433 1658 2439 2840 2241 1656 2050 1782 769 1102 1895 1934 260 2836 1381 2817 445 2397 2501 188 1146 2826 817 2790 1926 1617 1319 943 1624 2650 1840 2628 1029 518 1544 2574 1190 161 1737 2424 1253 440 489 1545 2528 4 1468 2044 2832 559 2001 312 2034 283 135 1552 659 1202 2084 611 1796 1644 2082 524 563 2312 1218 1437 904 421 1752 2652
1146 2389 1799 1752 59 1202 1545 4 1737 626 2082 2367 2270 188 1240 518 1721 556 1386 312 987 2832 85 2477 950 2300 1405 2501 1316 1934 635 1102 826 2556 2189 2588 547 1656 2790 795 2044 1624 1926 1629 611 943 221 2528 1407 1319 1644 2411 283 266 817 2312 1636 2817 1468 1840 904 260 480 2241 2397 274 2534 2826 705 2628 2069 613 348 2148 2322 925 2439 2424 526 2250 994 2574 2419 2440 1870 2689 864 2181 1339 68 271 2842 978 238 1563 1157 345 633 2766 1658
2189 959 795 600 521 2486 195 2100 1698 619 1560 1278 2617 2657 255 2445 2823 846 506 637 2704 1622 217 317 2308 2338 1524 1330 642 1844 2526 2220 2712 1931 2183 939 1433 307 565 1052 2427 1338 2425 349 1703 1571 2089 573 2223 741 1286 2801 2372 2412 1474 2255 1288 1862 17 229 2051 1060 745 482 2490 2721 483 1439 325 2706 2531 2811 1994 2612 1363 100 309 2713 171 2608 1958 1512 861 873 91 333 715 8 1195 1642 90 1804 240 693 2138 1985 1215 685 236 2388
197 1993 463 900 2767 1663 1437 1486 1307 1617 2836 1045 1208 712 2439 1328 2840 1782 2130 1468 1054 2419 559 1489 260 947 1552 2011 1444 1710 2707 2837 2241 1679 2076 645 1381 1417 445 2088 906 674 1649 2424 1623 169 1422 2050 134 1544 563 2515 860 1983 904 1658 2312 1029 1261 2133 2826 1701 489 259 1253 735 2397 2544 1190 1878 1860 2652 319 2714 2084 1218 1369 348 179 51 2574 440 2454 1123 26 2769 2628 480 1870 1948 965 2289 433 2649 2753 550 675 769 925 2375
1466 730 338 2516 1526 2843 1511 1442 1707 1325 1969 406 2102 2145 1779 1007 1992 257 1385 1079 1670 191 336 1894 773 112 186 2763 519 1871 2730 2290 544 811 2377 410 1516 2302 2364 1731 1311 1498 1165 248 1968 2549 1005 1455 1424 709 870 937 2788 1379 1850 365 1131 749 1794 435 1243 1138 253 881 800 2341 2746 1068 648 742 2830 717 2299 2151 1527 821 1634 1783 288 2609 1174 2560 1094 593 2006 1309 1573 1966 1581 1454 678 1040 1020 855 1133 434 94 610 605 392
751 1228 1785 1178 1714 34 2422 2523 499 1713 1116 676 1773 1224 47 1847 683 1513 2700 617 2129 2180 1161 1838 1795 1990 1865 2785 777 832 1836 2437 2493 1672 1914 1996 465 1091 2202 2745 1476 1346 576 1535 2190 230 2542 761 1357 88 1300 1561 1593 76 1093 2249 1176 1115 983 834 926 1786 2242 1180 407 2495 1073 1690 1222 1044 1389 272 1727 1856 1106 831 39 1957 2114 2254 1203 581 564 2555 1995 2058 2066 2214 2621 2360 940 824 371 2680 2546 1020 2317 2288 1257 560
70 1125 1753 2777 2478 2077 2772 2561 2510 1839 1035 431 1834 2015 1252 18 2818 1842 951 601 2 2663 1759 2622 2757 315 1557 1390 1165 2302 522 2624 191 1845 2686 395 1788 848 658 2161 2667 1306 1833 2728 502 1938 1951 1533 2685 901 1443 1747 702 2471 2837 1559 962 364 297 589 1107 529 485 2315 767 126 2000 727 169 2363 1811 1801 1175 2644 1980 284 889 1511 1230 101 990 1608 450 989 2601 461 2656 891 2702 2320 1623 2767 2797 2045 1829 2277 1649 1902 2279 2064
2809 12 1473 1876 1721 682 2110 178 627 1390 1627 1406 2084 2435 622 2057 161 2660 1439 2438 433 202 2657 1895 2626 2676 1874 769 1012 2708 1330 574 249 173 67 489 1055 1253 2670 2183 255 217 2732 637 2800 1606 1463 2051 2569 2291 1592 2728 2617 2757 2735 2507 657 1944 899 608 2307 137 494 1212 2598 444 598 491 1759 1029 677 368 1428 345 2445 1223 2289 2741 725 2287 2813 1810 1075 1491 904 2583 2646 2622 2650 319 26 2135 1870 2482 74 664 2344 1185 1725 2683
2045 2023 1584 2755 747 258 770 1320 597 19 1796 76 1256 417 1364 2058 1562 2217 2056 1844 1398 2182 2202 2522 2216 2421 2760 1980 2108 1065 2745 609 289 940 834 2827 1286 2668 2831 45 988 1888 886 2415 1749 2566 520 1064 232 713 2249 2705 361 1996 1722 2423 171 62 783 2190 983 744 868 1628 1074 21 554 893 1890 1176 1178 2441 1686 979 1945 2571 1430 901 2612 1476 2227 1038 2077 1401 1269 1750 1703 193 424 1288 926 1785 323 1035 1091 1553 1342 1251 989 1766
2394 105 1778 1946 416 883 11 2452 144 490 2697 2417 673 1419 908 937 984 218 2331 632 2196 630 1200 2600 1170 499 1002 1945 42 2458 1495 1119 318 2147 717 256 1077 644 2807 392 1006 757 1020 80 1425 19 1621 2560 666 2408 1318 135 519 2642 2260 678 1729 1498 2543 424 855 1966 2233 2788 301 232 520 2729 599 558 1005 1978 774 1728 99 2292 942 1722 174 2251 1231 94 1968 1705 1186 966 1133 729 1424 1040 213 2085 2453 1219 1309 692 1936 2090 1243 1694
1175 485 1306 1951 727 658 589 2787 1798 646 2054 293 2323 1334 962 1361 2113 2066 1213 304 2178 1230 572 395 76 2644 2546 1558 529 714 1559 1207 853 1087 1394 2072 1451 898 1928 614 1166 1257 1137 1106 2409 1115 803 1312 1801 2000 895 1427 93 2540 215 251 989 436 1786 1590 1197 1785 1389 1883 374 2277 2224 545 1971 341 364 1683 1300 2324 1900 2381 465 2495 101 737 2493 39 2784 634 1357 1180 2040 1898 581 2759 2114 1597 713 483 1342 1353 1256 2579 286 1236
2660 1495 2458 966 1384 2600 942 1705 2085 243 2543 487 1742 1396 1370 1105 1554 337 1681 813 355 1331 1614 2257 1673 2696 908 1676 1119 1906 54 360 660 2369 2259 320 1031 1002 542 710 1893 2782 1739 1853 50 1566 1565 1287 2803 1978 80 2664 1368 2390 1239 1529 984 1000 1383 1296 1033 119 2566 1695 852 424 1401 1733 2384 21 289 2227 2282 1528 2451 1231 417 1567 2743 791 597 340 176 886 1867 19 707 1722 332 2217 1038 1269 979 1533 2668 568 2021 607 631 519
2363 1440 1694 143 2185 386 1129 2460 2584 557 1684 2298 2517 958 2271 2529 697 1411 1939 879 1360 2749 718 810 71 1630 2844 787 2619 891 1619 2246 1294 273 1514 1446 2616 262 888 30 2776 1295 1059 638 1480 2481 342 1456 1258 795 685 2595 1549 665 154 147 1445 1227 2175 2576 1925 1520 2385 2771 2139 1284 2797 1180 160 2194 1816 2261 307 796 472 2710 2094 669 2213 299 1078 1530 2468 1270 1685 1401 1112 641 1242 476 352 2524 1807 1366 1995 690 2535 1661 687 2833
2725 2464 5 1889 509 2457 1515 609 844 957 2404 2448 1766 1426 1696 466 744 2115 2124 473 244 498 375 1616 1326 2128 306 2751 1602 2366 2421 2014 1477 1754 2567 1171 1866 1953 119 2109 2508 1214 22 214 2348 2521 909 1038 510 1488 425 1139 420 2823 43 1397 971 1738 80 1296 815 2179 1265 2169 1945 953 644 218 2351 29 1984 2566 424 1987 1383 2172 286 1149 163 1061 1471 757 2533 785 520 2768 2227 1605 2451 1529 388 499 583 1637 588 2656 979 2841 1922 150
629 2677 1865 1949 1723 2346 1891 941 475 1916 2666 650 2810 2816 2043 2161 2171 1605 1144 2152 281 2502 1603 820 2421 285 84 594 750 2521 1283 713 420 37 909 2261 609 1766 1599 1263 6 2249 2179 510 1750 1738 1038 479 73 1858 2074 2627 582 1685 1754 940 1541 2194 270 1221 1702 1488 1412 1628 1342 322 2497 761 1397 1222 272 1995 732 2494 1256 2313 1637 744 1502 75 148 258 2217 1006 1108 1203 1272 2245 1188 334 244 620 1957 2210 384 1749 2214 845 2410 1334
2809 1473 1876 12 1721 433 769 2289 2110 2375 1895 608 161 274 950 368 664 2499 526 1725 994 864 2622 1788 2051 1942 197 522 1752 192 2367 2435 523 1627 2438 216 1677 271 315 2284 872 444 2482 2146 1868 1892 239 2650 1018 574 1056 1439 1435 173 494 2794 2069 430 2440 1555 1692 1899 225 1771 1506 2669 625 282 1931 1408 939 1127 764 508 2164 782 655 2250 598 252 2008 1314 140 613 677 2397 68 2037 2061 61 505 904 1289 2291 1141 59 553 978 2632 1955
1349 1572 234 913 2399 1618 1520 1 2340 223 2834 969 307 1615 1540 2635 2253 1409 892 2158 2215 1095 961 46 2727 697 2339 372 1025 2223 1514 1698 195 349 1994 511 718 2517 203 958 537 2226 2709 342 1571 1264 551 2372 912 2466 71 1824 41 2529 2273 2717 1652 668 573 1071 1059 2338 2524 2486 352 30 638 2541 1445 1630 1807 1242 2175 143 810 2619 1112 1270 2198 1009 1629 1446 17 1215 1295 642 376 1360 1494 2246 1509 846 154 2703 2844 90 2473 2100 685 2271
247 723 1204 2585 1359 153 539 1772 303 450 2582 1121 206 343 1403 2485 1997 1751 2603 862 871 1633 2718 2018 604 1245 2284 1289 719 2487 1128 914 212 812 2146 35 1351 764 2551 2209 808 2361 2097 58 2008 1657 1534 1963 2336 1577 1157 1981 2353 2379 1493 2453 549 2165 1528 337 825 1915 2824 276 190 1271 2544 1402 151 1985 615 222 701 715 2260 776 238 1237 2405 1244 2550 981 873 282 2136 734 651 1595 2825 869 2792 2192 2609 2407 1970 100 2394 1600 2592 2204
1272 1910 40 680 851 1232 592 2421 1960 1949 2162 1038 2726 1744 1430 2578 2387 640 1754 1553 2217 500 37 13 2210 1236 1256 2267 20 2571 733 1398 36 2520 2671 1886 323 2058 1699 1041 193 1661 2117 2380 828 922 244 650 21 62 2451 1283 629 417 2216 940 1315 1336 1836 285 1431 289 1277 361 743 258 713 2115 370 1616 988 597 1221 479 1418 1714 2666 2760 2249 1401 2469 142 536 2083 1750 1456 571 2423 1865 681 2000 409 1749 1188 1562 1013 1922 39 1492 1364
645 2011 440 2130 735 1617 1444 2836 445 1045 1544 965 1649 947 2050 2707 1782 169 2837 1054 2767 1663 2840 1623 1679 1328 712 1840 1029 1381 2241 1422 319 2735 1253 1993 2439 134 1658 51 1552 1261 463 1775 2628 155 2287 179 550 1307 197 674 1218 2088 900 563 1123 2652 950 231 1486 2375 1860 769 2076 2454 559 1636 348 1752 2419 1437 260 906 2289 2826 2732 1640 904 2133 978 433 259 1369 659 2769 2815 168 480 1319 1208 1148 1948 305 1046 204 439 137 817 2312
1113 2141 621 2152 2401 1364 2522 1251 2056 2048 1768 45 171 183 270 2761 1064 2612 1283 2502 2182 1371 2760 1108 2831 2608 2705 236 2841 84 214 941 2263 1525 959 1703 1288 2216 629 1139 1365 333 506 1953 2116 2572 1605 565 1844 851 1363 986 2720 1280 2348 744 42 1560 2562 2442 2623 1144 1286 2591 2503 398 1866 1865 106 1602 1458 644 1960 940 1596 75 1536 198 2677 1797 1004 1217 327 620 2497 2678 1949 971 732 2425 2807 2448 1171 1032 844 2498 1880 2386 1318 609
1051 194 2352 2272 1218 2815 2628 1496 1965 2556 1261 1316 1636 1840 1658 2439 2241 1948 950 1381 1045 1586 2836 1544 965 1752 1416 440 497 1096 712 1782 2069 2412 1897 2046 1362 518 1422 2367 1649 2130 992 2255 735 1054 1775 2840 2713 197 550 2050 64 689 1860 1663 1868 169 2811 1437 489 659 2767 637 1253 663 2649 1428 2719 1993 140 563 521 2826 1589 2665 900 179 231 1862 2004 1777 1552 677 674 201 559 317 1833 722 2276 51 2631 2373 2007 1848 1792 2455 268 1185
2389 59 1545 1799 2367 4 1202 626 1737 1146 2270 2082 1752 1386 188 950 2477 1721 556 1240 547 826 518 2588 1491 996 2530 2189 611 1319 1316 312 987 266 345 613 1636 2069 1629 271 283 85 2692 134 2832 2556 904 2440 2501 1942 1408 795 237 2312 1181 716 274 1555 1468 1725 2148 2300 2289 2675 526 2375 1157 994 2205 978 2008 2813 1934 1117 651 2393 433 2610 864 368 635 1997 2681 216 719 204 1840 2500 2534 817 608 1924 2146 1864 1405 1775 303 1988 1639 390
204 2766 2558 2741 899 1606 2135 1212 2842 137 1056 2728 1944 116 725 1055 1935 165 1463 2207 2825 2294 447 1547 2041 1986 1940 97 1825 2305 1134 1130 2736 2435 246 2068 2057 1874 2511 494 692 2291 1223 647 1841 1126 1067 2506 362 2258 442 574 2292 2683 677 682 2813 2719 2248 1899 790 2438 1901 1453 657 305 1962 350 146 1892 686 79 2382 2569 480 2319 168 1592 2639 722 2708 1870 2312 1677 348 2826 274 2090 201 2649 2039 2625 135 1796 1545 2289 892 1102 2528 1407
254 3 1642 2490 2405 2170 1958 66 1985 765 779 1574 1246 2434 14 282 2536 2336 929 1136 1745 825 873 652 2157 2426 522 2667 276 1590 93 895 601 2209 92 404 1195 2489 1609 1403 2165 800 389 1538 91 1481 1594 862 2006 2669 2142 1648 2324 418 2396 808 2692 1997 52 1406 1633 2235 112 2406 1915 2285 2025 2593 1846 59 1670 1181 2699 1929 1519 1852 1913 2 53 2429 2243 2256 1121 245 822 192 1470 534 693 493 1491 812 1441 2418 1853 674 321 1034 598 2749
1255 1757 123 882 986 1477 2150 1636 2639 2456 2775 1541 518 750 820 2667 2291 1649 1149 1236 574 1657 1603 2683 1590 440 934 1415 334 93 2729 174 2631 2380 473 2057 895 2387 1897 1362 155 154 2267 2836 2320 1600 2673 1840 2815 965 2767 1958 2366 1670 1045 2312 613 1051 2130 909 1833 2148 1704 1215 2713 720 2155 2740 1377 928 2533 2628 2379 1320 1576 1041 286 2012 2324 1851 2548 522 24 754 494 1157 1993 540 743 1696 2378 714 932 2588 1359 2021 2241 1346 29 2014
1146 2389 1799 59 1202 1752 1545 4 2082 626 1737 2270 188 2367 1240 518 1721 556 1386 312 85 987 2832 2477 1405 2300 635 2501 1934 1102 950 826 547 2588 1316 2189 795 2556 1656 1629 2044 2790 611 1926 1624 221 2528 1319 2411 943 1407 1644 283 2312 817 1840 266 2817 1468 480 260 904 2397 2241 274 1636 2322 2826 2534 705 2766 348 633 2689 2181 2148 1563 1870 1339 2119 2628 2250 2439 2789 526 134 1157 2574 925 2289 2842 2681 864 994 1630 2370 978 613 563 712
2502 732 620 2152 1702 181 2643 1797 759 546 1891 1083 6 807 1260 1605 582 285 1221 1723 2807 2841 2816 1188 2666 1139 2043 2171 650 2810 2346 1697 752 214 1916 2048 1768 636 475 1953 148 1536 1318 2278 2761 1865 1397 1283 1738 420 2521 510 2348 270 594 1371 1602 2203 1603 2768 84 1108 941 1488 106 922 2179 1866 2263 1113 2141 2567 1541 1882 2476 1502 1525 1251 1364 1858 1171 820 844 2425 1979 2831 2522 37 940 2056 198 96 1927 2705 1960 75 1064 1214 949 45
197 463 1993 2439 1417 712 1489 1710 1658 1045 900 2840 1870 1701 2836 2375 2289 26 348 2241 2649 1437 925 2628 1468 1782 550 1369 1486 480 559 2419 1663 433 1544 489 1422 260 2528 2397 1381 179 2826 1644 2312 860 2424 1624 1407 2084 1029 1934 2454 1656 2130 904 2050 2832 59 2817 2574 2790 2411 312 2652 2044 524 1545 188 2767 817 1840 2501 1102 1552 1218 970 563 1617 445 1307 1319 1926 2515 947 1328 1737 1983 1190 134 2088 1253 977 659 1054 943 4 2082 2769 735
2122 2679 177 2829 1903 1163 401 1085 816 2163 453 1628 1510 73 380 1599 399 1233 2587 760 2074 823 437 2055 981 1872 208 595 1145 141 2452 477 461 1976 2161 1023 1717 2469 694 164 1784 2655 1688 2126 72 731 1155 2274 1808 2775 156 1415 460 1682 2691 174 1404 99 2355 172 2098 612 1047 1911 2722 1100 2009 2577 222 2747 1241 1621 1089 1305 1160 2384 1529 850 1038 1256 21 144 901 1888 2390 424 2636 417 2227 1009 1793 289 733 119 302 292 24 979 2421 2380
757 1533 1728 1231 754 2756 2021 2320 2533 1149 29 286 2172 2673 218 293 2224 213 1719 2024 739 967 1689 2143 707 24 426 135 1597 1804 2295 91 558 2413 1478 634 2759 424 2235 2464 2638 672 251 2430 2408 499 2381 540 364 498 2725 76 1427 792 2561 119 646 1798 568 1588 1945 101 473 1132 374 2546 2508 2260 328 2040 1334 388 2787 2828 1115 1374 1898 1038 2472 529 2124 933 304 2178 2366 1766 1801 2579 1994 1256 2772 2078 2014 1890 2150 46 2415 892 2227 1296
2528 2411 1644 1624 1407 2817 817 2044 1656 1934 2790 2501 1926 1102 312 2832 987 85 943 188 1319 221 635 2300 1405 611 2034 2389 1545 59 1737 2082 626 2270 1796 4 1146 1360 2545 480 1417 925 1630 348 556 197 1870 2256 345 2826 1386 2477 2185 2842 26 1202 260 1369 1468 1710 2312 2367 1411 550 2766 904 2649 2397 1799 1489 659 899 712 2375 1029 892 996 900 463 179 1569 2530 2208 283 547 1045 559 2289 1658 2741 2574 100 2692 1112 137 2454 1491 2652 2419 134
1303 2236 1475 1472 726 430 478 2693 331 999 655 1037 2053 2059 1124 1140 390 1635 1967 314 1715 484 2429 1050 27 1127 1662 1918 534 471 1438 1274 2407 806 1503 1187 1648 2301 2406 402 936 1273 2061 363 290 1275 2244 2505 2465 1929 268 780 1465 1647 799 53 653 2687 2698 561 1831 1921 1730 2402 786 1655 418 1008 2806 758 1972 1378 2794 721 239 2470 1780 391 108 782 2164 2690 2091 389 1692 1756 643 2531 2280 2173 1022 295 1481 1317 1755 2632 838 1216 131 1018
1834 2015 951 2818 1252 431 2 2663 18 1842 601 70 2510 2077 2478 2777 2772 1753 1125 1035 2561 1839 2686 889 1443 2622 1557 2757 1747 1938 1759 1390 1833 315 1075 2667 2624 2728 702 2315 848 522 1114 1722 39 751 646 767 2000 926 414 597 417 529 1818 1845 1801 2288 19 2045 126 1559 931 2668 2320 424 232 960 202 1106 1269 395 1257 2702 1357 76 1165 1786 1980 1830 962 1693 1686 2390 564 1945 2281 1423 581 2496 2023 2566 2671 2324 1867 1033 1418 2224 1562 62
2045 1584 2023 2755 747 770 463 258 1796 1701 817 1237 1981 197 26 1926 1604 1489 2034 1301 1656 2817 2790 860 1369 186 2545 2140 1417 451 2419 1102 348 188 2300 1870 1319 1017 1029 2454 85 1710 2397 712 446 925 1934 559 1307 480 2574 230 943 1624 1290 611 709 530 1058 2375 2769 1045 260 1567 1035 2424 1552 2649 433 305 2037 2001 1486 631 221 1739 1386 547 1516 2501 638 1910 542 2076 134 2453 417 1998 1362 2083 2219 550 2724 1190 2825 660 926 787 659 255
2809 12 1473 1876 1721 1330 1870 1895 2289 255 1185 1677 178 2037 26 140 217 1618 463 2657 1998 2649 2084 197 682 1411 686 2626 1994 2143 2215 550 1837 1952 1874 1689 1777 491 1627 433 67 2650 24 657 1223 1771 1190 1369 1886 622 925 508 2708 892 2057 2435 608 2445 2584 2813 627 2569 480 2753 2375 1934 135 912 2312 769 994 494 1892 1159 2424 1592 1868 1076 2110 489 2676 1055 1417 2286 2090 1253 2248 2454 1390 2757 137 2716 2250 41 725 2598 2427 4 1134 637
2713 2433 1453 2309 2376 1901 1490 1860 201 305 100 2721 2034 2545 1796 562 155 2826 715 1569 1148 64 563 48 1316 2272 1496 260 51 2650 1640 168 2556 231 1878 2088 1636 2815 950 978 2652 486 784 1437 1965 1752 489 439 1307 2367 1123 2289 1428 1051 2639 559 1056 725 2649 2312 2424 348 2683 2337 965 659 1468 1627 440 518 2397 1940 1833 1840 2836 2004 2291 663 817 2506 2496 2084 2628 2069 689 197 2189 1658 250 26 480 2581 684 2276 1948 1874 574 2007 1193 204
2502 2152 1605 2841 1891 1139 1113 214 1723 1865 1953 2348 1371 1738 1866 1602 1768 1397 420 148 941 2768 629 2761 2141 2048 2263 1283 2521 510 1525 1603 2816 84 594 2179 270 6 2346 2203 1108 1488 1221 1502 1171 1916 732 2666 1184 2567 285 1979 620 106 475 1702 1083 1214 650 807 2494 582 327 851 2643 1032 2171 2751 1960 22 2043 2831 1364 1251 609 2705 1144 181 940 744 2810 2109 1260 953 924 621 1541 189 1797 2623 546 1570 198 75 820 1198 2182 1659 949 2497
2792 567 118 1791 998 9 1583 1579 1179 945 841 952 2065 2711 2491 919 808 2328 1977 1578 778 2682 1854 1354 1470 639 2647 1920 1769 2778 382 517 1770 887 1667 2252 114 1531 916 227 1651 2729 1970 763 748 982 930 1063 2575 2723 819 928 1851 1657 2042 2379 2225 353 1585 1925 2557 2059 1730 1662 98 2429 1386 547 1864 999 1625 225 1493 1819 556 484 2146 2687 390 978 776 1635 1639 1715 1475 904 2200 1465 2505 2465 2274 120 1140 2270 1967 726 1018 534 1982 2462
213 1132 1588 121 707 2408 1728 1533 135 569 193 988 536 558 2295 757 2090 2413 1719 2320 2533 2756 29 754 967 1149 1945 499 1448 1849 1478 286 2172 36 1265 2615 2021 332 184 2354 1231 232 340 119 424 1431 2673 2224 2078 1699 1268 2638 866 520 24 802 1492 80 142 2143 1256 2743 91 1296 1228 1553 1430 1804 218 1236 2117 2566 568 1886 1383 733 2024 1033 2260 1393 1269 1562 426 1722 1785 1867 2384 2668 555 1890 429 868 1597 1053 2333 1888 2227 432 19 1984
2794 2091 27 239 2164 1781 525 2173 2280 1505 209 1435 216 113 2311 139 1248 1356 625 654 1598 838 1127 245 679 1472 858 1274 383 2232 2137 252 1780 2565 2693 49 408 1282 356 1961 296 822 1568 653 2053 1506 1124 1787 1475 1140 782 2025 2017 1018 2396 1011 643 2531 1037 449 1555 1692 455 1216 1635 1647 2632 2669 390 1262 1967 2236 1715 225 1706 2611 331 2062 1048 1662 344 1187 799 464 1612 2406 2061 721 495 1972 1050 1503 314 726 2765 1021 2402 1924 478 1648
5 844 2457 1515 509 2725 1889 2464 957 609 2404 1766 1696 2448 1426 2115 744 244 1616 2128 1326 466 375 2124 473 2421 1754 425 2366 2014 498 306 1038 1061 1602 388 163 2521 1477 2351 815 510 1637 214 2751 1987 2508 2348 1139 1738 2179 1171 420 1214 1953 1556 1397 1537 690 22 520 2141 148 2203 119 2566 2109 594 1488 1945 232 1502 1949 2056 1269 1041 1866 1080 1296 424 2451 2227 19 2384 21 1849 2522 2354 1605 2567 1033 2828 1383 1364 1659 707 289 1251 672 979
1389 1115 2546 2178 304 2113 2066 1213 1300 483 803 2759 374 2579 2784 1883 251 1427 789 240 2504 545 1353 328 215 1394 101 436 1898 737 364 1951 2238 572 898 341 2381 1785 2540 2040 1683 1175 989 1306 589 1230 1257 962 485 1900 766 1798 1106 407 581 395 1971 727 529 2644 1559 714 614 2054 1801 658 2114 2277 751 1928 1166 1786 2787 1087 2409 1093 1558 853 2242 1207 1137 1334 1361 465 646 2323 2000 1357 2493 2072 1451 293 76 1197 1590 93 1538 895 676 1553
106 1927 96 2554 2152 894 1632 2502 150 419 2153 2263 1032 189 1251 2522 2060 1371 214 1364 2401 2567 732 620 940 1525 1083 1064 2841 1605 2831 1171 1702 621 45 2056 1139 2623 1004 1865 181 2705 1749 1661 1727 2203 2555 1856 2441 1602 2348 1343 2643 1288 2678 2760 2141 171 198 2112 84 949 1280 2737 1797 2048 1222 2572 133 1203 1957 95 1703 2751 2182 1738 1960 1434 272 1214 831 510 2202 481 1144 2827 2612 762 384 941 834 2214 2111 560 1283 2497 22 1768 1420 2521
299 428 2139 2269 2371 2833 2092 1982 264 2576 1549 2844 2776 837 1009 2455 667 2484 1814 1159 1815 1122 1589 1735 403 2731 2797 2063 741 1925 90 1619 352 17 1338 2412 226 891 2100 846 2189 1863 1698 879 642 573 2486 2473 2338 1622 600 1539 2223 2460 1571 1994 195 2403 317 2138 2811 349 234 2255 1421 160 2158 557 1540 1530 262 1078 1409 2094 1291 537 1615 2385 687 307 867 2635 2215 2717 892 2253 472 1618 1520 888 1071 223 1824 1295 267 1480 1816 1660 46 2399
196 353 776 98 2474 869 1625 1819 2361 1963 233 2067 1864 701 1643 2353 585 2462 2256 2334 910 1042 2081 276 781 2103 1402 809 1344 282 871 66 1970 69 2157 2264 539 2582 825 2792 1246 1204 1769 303 952 2536 2336 247 2667 1583 1772 1751 841 2027 1574 1667 2101 192 2076 2186 343 790 2065 2669 919 118 1791 906 639 674 74 2723 998 450 2363 1136 765 1354 1578 1579 114 206 1437 1985 2396 2724 1386 2491 175 1366 2252 523 134 1404 1486 625 1046 764 1520 2729
2185 2584 1694 1684 1411 1129 2298 1630 1360 2616 1440 1446 2481 1112 143 665 1294 2246 787 958 1445 2529 386 1258 638 2271 30 1270 2363 1939 810 71 2517 795 718 1215 1514 2460 557 2619 697 879 1993 1291 2749 299 1238 2631 1623 267 2050 169 685 817 1045 2139 1624 2727 1619 2444 273 2801 1814 1679 1926 1444 2189 262 2130 2468 155 2837 440 2833 1982 2576 134 2011 1649 59 1644 987 2411 2556 85 2044 947 735 1549 2710 1667 2766 1617 1551 2528 1317 1925 790 1544 782
1472 1127 1274 2693 1303 561 653 27 1475 1780 1124 2236 1140 2794 290 2531 1037 2053 390 314 1967 1635 1715 799 239 2091 1050 2173 2164 478 2280 430 1781 1918 331 726 1011 2059 838 1187 2017 2406 209 1648 1024 655 408 1503 1216 225 1662 999 2429 643 2765 1282 2061 1921 1961 534 1438 1506 356 2465 2505 471 139 721 1647 1972 1692 2025 1395 782 296 936 1021 806 2611 2402 1317 484 1555 2557 805 1018 2285 363 1568 1612 1755 2632 1273 1756 1829 2669 402 2232 1048 525
340 536 332 2227 2786 2384 1562 979 2668 176 2090 1065 2451 1418 569 2108 886 289 1686 21 1890 988 1033 1393 597 417 121 1888 1588 2743 1449 554 1132 1398 62 199 361 1492 193 681 1268 142 1431 893 680 36 802 1053 302 2078 878 1699 292 2029 2117 78 733 866 2217 571 1057 429 868 1256 555 1430 2423 1553 2671 500 1886 1669 1104 2267 1793 1910 1236 427 2380 2566 743 2415 1272 1343 1004 2112 1203 400 728 2335 940 2224 2522 1550 2827 2673 2656 2190 2249 617
1891 1723 2816 2666 650 2346 475 2171 1916 2043 2810 2152 2502 6 285 1603 1605 1221 582 1865 1702 820 807 546 2643 1083 759 732 1260 1188 620 1697 420 1139 181 1541 1397 148 2841 1488 1738 510 2521 2768 37 594 922 1602 1858 214 1797 411 2348 1015 1570 2179 1456 750 1371 1284 2203 1882 973 941 609 1953 1502 2494 1766 690 84 1610 122 334 327 2118 73 1884 1283 980 2313 2109 1113 2656 2573 629 953 2149 289 744 1659 1537 2261 2404 1082 372 2421 468 1144 2214
1113 2841 2502 2152 2141 214 1371 1953 1139 621 1605 171 2263 1525 2401 183 1703 1288 941 2612 270 2216 1364 45 1283 1768 2048 1251 2705 2348 924 2056 84 1064 2522 1866 2761 2831 959 1363 2182 1108 2760 1865 333 2572 236 2608 2623 506 1280 1602 1365 851 1560 1144 565 629 1171 2567 2591 1844 2768 986 1471 1032 744 327 335 1397 1738 1487 106 2116 2720 189 2442 594 2678 1232 2230 2562 420 1286 398 1661 953 22 2060 783 2448 148 474 229 2109 2203 1596 1927 75 1184
197 1417 463 1489 1710 1701 860 2439 1993 2084 1870 2289 489 1658 348 2649 900 2826 712 26 2424 2628 2790 1437 1045 480 925 433 2375 1468 2397 606 2840 550 1624 817 559 1788 2001 2836 1656 1218 1190 2241 1102 2515 2312 1782 2769 2044 260 1644 2832 1369 2528 179 1381 2817 1627 1934 2652 2034 2088 178 1926 1307 2501 2753 1910 2419 2724 1407 563 2767 1029 1663 1486 1544 904 312 2367 2454 2574 2300 2050 1253 1118 1840 2411 642 675 2130 2626 59 1545 1796 622 1411 440 134
2567 1171 1927 106 894 96 2554 22 419 2751 1214 2153 2109 1632 1251 189 1661 1364 2401 1032 2060 2522 1703 1288 1064 2831 2056 2502 2705 45 171 621 2216 2760 1363 183 2612 2182 2608 2152 481 150 236 333 506 2841 1987 2313 2726 2141 815 2116 1605 84 2571 205 2162 744 1336 1749 941 940 1004 1844 1483 42 1286 1139 959 1283 75 1365 609 198 1797 376 1760 620 2112 468 1013 1434 1960 149 986 1727 1744 1953 2497 762 2737 1999 565 1685 1712 2048 834 2700 1108 1113
898 853 1197 465 1087 1207 1558 714 1928 2072 1166 1590 895 93 1561 2409 540 2493 614 1300 803 2324 617 1631 291 2242 1593 1346 1137 634 1257 751 1689 2430 2143 1535 24 1597 2066 2542 407 374 2024 426 1538 739 1785 1213 1115 1334 1971 499 310 2667 1786 2113 251 1427 76 215 1091 2784 2759 1798 676 2540 2827 436 1883 581 832 341 1898 646 483 2579 2546 2238 2441 101 1228 1693 1161 766 1298 1996 1389 1683 1353 2112 2656 304 1900 364 1357 1773 2054 1434 2178 1847
2510 431 70 1839 1753 2478 2777 2772 1125 2077 1035 2561 1834 2818 951 2015 1252 2757 1557 1390 1938 1759 18 2622 767 2686 1842 889 1747 2 2663 2315 1443 601 461 277 376 1096 2702 315 2276 1976 1416 269 1165 417 1833 2471 1845 1447 1948 1426 1329 1176 1469 2650 2602 1980 1483 1693 2656 1075 191 745 213 2624 2741 695 2016 453 2302 988 1401 2217 1009 202 1793 2827 1374 433 1939 2601 2566 1549 1749 2415 1474 2700 597 2163 2149 2161 72 1418 332 2045 2535 2289 2108 2635
2713 2433 1453 1490 2309 2376 1901 100 201 1860 305 1796 2721 562 2545 2034 155 715 1569 48 64 1640 2826 1148 563 439 51 2650 231 168 260 1878 2272 1316 1874 1123 2088 2382 1496 204 978 421 2004 2312 1937 725 2708 1223 2813 480 1307 2556 1464 1592 2289 2393 1437 2248 647 348 2213 1468 2639 2649 900 682 1185 2683 2506 1193 2438 677 950 2569 137 2652 925 518 2367 491 1775 559 1752 1940 2189 2836 2581 689 59 1381 1986 2424 440 1056 2558 2057 1658 965 2769 1369
1096 1948 1416 1362 1897 497 1586 992 2046 2213 1218 2241 1381 2721 1569 1212 2135 1658 1329 899 712 2150 1796 122 21 137 536 1431 2034 1630 2227 2384 36 429 2300 1728 100 46 1492 142 2650 1316 1910 733 305 1562 2817 2090 2741 2078 425 2272 1782 1610 866 1045 289 2333 259 2464 1793 892 64 1588 48 925 2451 29 155 432 2038 988 2224 1606 499 2366 1149 286 1266 2124 332 704 2790 754 2083 1926 2638 26 1888 121 1360 231 1890 2533 447 2767 1067 123 2668 562
238 2552 28 1563 505 2716 523 2250 2181 2500 313 175 2283 1827 152 849 587 1896 2819 734 633 1741 2681 2119 1532 705 772 711 458 2527 2479 2534 503 2689 972 1339 2365 2674 1680 1335 2193 847 2322 354 2370 2592 81 1746 2099 2191 1852 1111 602 1708 2052 1376 330 671 504 2557 1332 1704 92 696 740 2028 1912 532 2742 2144 120 2177 999 1278 1543 1414 125 108 1220 2398 316 726 2806 788 1503 1473 753 1117 162 1932 2814 2142 2764 1956 655 2237 606 1873 1281 268
2252 2310 1651 1368 2682 1583 1566 1367 2328 1578 2491 1977 1239 2660 841 1211 982 2488 2042 1179 2723 1063 1920 512 517 1579 945 227 2379 515 998 928 916 919 566 1851 492 2026 763 1154 813 2225 118 1906 2007 1769 1331 1657 930 2711 2349 2065 1470 631 952 2647 559 748 2792 382 1554 311 114 639 1791 2729 1518 1428 74 1667 887 355 1301 2732 2459 2507 1614 671 1058 1531 1354 1401 2097 1210 1962 692 2724 2331 233 1606 567 1585 1046 815 2138 219 2670 819 481 2270
2034 2545 1796 155 100 305 2721 48 1656 715 1569 439 2790 2817 1926 1934 1102 1624 1640 2713 64 562 2044 1644 817 51 2501 2832 2528 312 1407 943 85 221 2411 2309 2433 201 188 1453 2300 987 1490 2213 1319 1901 2376 1584 2650 2826 1860 563 1993 2649 1870 2616 1405 2295 26 2842 925 135 550 480 260 348 1369 1630 899 635 558 1417 2045 2413 168 1658 204 2638 712 1478 611 2289 2312 892 2755 231 1769 1888 24 1728 2082 1045 1316 2023 704 787 1009 2270 2766 1218
1321 1098 2156 2645 2071 1709 2750 1638 836 2432 2096 2450 1736 935 755 897 2201 2342 1806 1790 1933 1436 850 2512 1504 222 2362 1305 2218 1052 1621 1906 2452 2446 666 2420 1387 599 2691 2313 189 1286 1844 2060 1032 1288 2355 2642 2216 1911 1703 506 1858 2627 565 96 1865 1914 1363 2785 834 957 396 1632 1065 2257 2182 1785 856 2784 1222 2537 959 2202 54 2567 1535 1331 2554 2578 744 2335 183 2032 419 1927 229 660 1935 15 2074 1673 1425 894 2823 966 1476 255 1277 2760
2043 2171 2810 2816 2666 650 1891 1723 475 759 2346 181 1916 2643 1260 807 1702 620 1797 732 1188 1697 6 285 546 820 1221 922 411 582 1603 1763 1541 1858 1083 37 372 750 1456 334 2807 1284 122 2749 298 2476 1884 1082 980 1610 1882 468 973 1308 1090 586 2268 1015 2425 2502 2167 594 148 1285 1524 2118 636 752 661 1318 1536 619 829 1570 510 690 2761 459 1283 2466 1227 2261 2372 693 1865 1605 2313 2048 2194 2152 2168 388 2612 844 2525 1153 1515 1254 1512 2526
540 898 853 1561 465 1087 1197 1558 2072 1207 1928 2242 714 1590 2493 1166 895 93 617 2409 407 1631 1300 1346 1593 2324 310 614 1535 803 291 751 2441 2827 634 1689 2542 1137 24 1785 2143 1091 499 2430 1257 1856 1597 1334 1996 2111 426 2024 1914 1093 2785 777 1298 832 2066 1019 2112 1228 1898 739 1434 766 1343 182 1213 2656 940 63 1836 1693 676 1538 2667 2238 983 1115 2638 1971 1004 1786 230 2114 581 2016 2745 1161 374 149 76 95 2202 979 404 1683 2113 1818
2769 348 1417 860 2454 1369 26 925 1870 1710 1489 480 2714 2649 1701 179 550 2538 1788 663 1422 712 2375 197 2130 463 1045 2289 1895 433 769 2650 2001 1617 260 1658 2840 1782 2241 1029 2050 445 2836 489 1381 161 2011 1328 2084 1253 1486 1796 2088 1552 2419 606 1218 2397 900 2424 1190 1627 2767 1468 2817 2826 1934 440 1993 305 1437 1307 559 2501 645 2312 2735 1926 2574 2439 2300 51 524 1663 675 1261 2753 562 1208 1728 1983 259 2034 2544 904 178 135 1319 947 2515
1102 85 1934 1656 2501 2044 312 2832 2790 2817 1624 943 987 1644 817 1926 221 2528 2411 1407 188 2300 1405 635 1319 2034 2270 1146 611 2082 1796 1386 556 2545 2389 4 1545 705 547 2289 1752 2256 1737 480 2842 59 2312 1202 274 2370 2440 259 626 864 2397 1870 2826 260 197 2574 518 994 526 2534 271 2588 2424 2689 1190 1314 1799 68 2189 1417 1468 348 2551 608 1408 2714 563 904 2367 2119 769 1240 1491 2597 1942 2631 2148 2181 996 1677 2766 445 1461 2840 2322 2530
1482 2383 2080 1523 441 2695 1691 584 845 373 2733 2395 1382 2684 2754 575 2525 2106 1016 1517 462 1410 187 2033 917 2166 902 590 2563 87 32 1147 830 1450 1507 2550 2630 2019 818 102 107 1169 2651 279 357 1678 1259 2802 2240 2414 1626 2605 2637 2780 469 2368 2804 2447 2805 2238 766 328 2297 2347 1014 603 2752 2345 1372 1832 1950 2518 693 2073 541 1120 1856 1809 1734 1192 2718 2239 1943 1177 1028 1690 876 2426 2192 1620 2242 10 2441 2431 1467 2275 379 1748 736 407
2063 1159 2484 403 2455 264 1815 1009 837 17 1338 1735 1982 1814 317 428 299 573 667 2371 2412 1122 846 2139 2833 90 600 2844 2269 2092 2255 1589 2811 642 2486 226 1925 1622 2100 2189 2731 2776 1619 1571 2576 2138 352 1549 472 127 2338 2797 1863 2403 879 1060 1698 741 234 195 687 867 891 2460 537 2614 1994 2223 557 1366 1964 405 2633 2607 1291 1816 2835 2266 1480 2473 1803 2339 1828 1520 1 2431 1607 1660 814 2727 1341 1025 2758 1539 2244 385 262 484 1530 307
957 2464 2725 1889 5 609 2404 509 2457 1515 844 1766 2448 1426 744 1696 2128 2115 466 2468 2124 498 1616 244 425 2014 375 2366 38 1326 473 163 2141 306 133 815 388 1061 1525 1637 1880 1987 232 2421 1032 1280 1945 2508 1556 1754 2572 2222 2351 2566 1659 1038 228 1995 19 810 1596 1084 1797 2263 707 548 2672 106 1939 520 2384 2522 189 2638 1446 115 1294 1849 1383 119 150 80 2751 2678 2523 1296 1269 2229 213 1802 1371 665 1457 184 2094 2060 2278 1930 2493 424
2769 348 2454 26 925 1369 480 1870 2714 2649 179 860 1417 550 2538 1710 1489 1701 663 1788 1422 2375 712 2130 197 2289 433 463 1045 1895 769 2650 1658 2840 2241 2050 161 2836 1029 1617 2397 1782 2001 817 2501 1319 518 1934 1656 445 2439 1253 260 2817 440 188 1381 51 2826 1627 1102 1146 1552 1926 2482 2767 1663 1486 606 1840 904 2574 2419 1328 900 2300 2082 1737 1752 2424 1468 59 1796 1218 524 547 2011 4 2270 2044 1386 1437 735 559 1624 611 2034 2724 2628 2389
1346 1535 1207 1561 2072 1087 832 1672 898 1257 1558 714 617 1590 1178 895 2409 1166 1928 2437 93 853 614 2242 2700 2054 1593 540 291 803 465 1836 2324 2493 1990 1137 2785 1300 789 751 1451 483 310 240 2000 1091 1786 1447 2784 1971 766 1483 2249 2827 2238 1914 1361 376 1197 646 2441 76 1749 2317 1469 1631 16 2504 2759 1161 407 1538 2579 2224 983 1513 761 2542 2129 1801 1996 1785 2190 1228 2656 44 676 1693 2143 47 1773 1115 1804 834 2149 2383 634 24 949 2523
540 310 1561 1346 2242 617 1535 2441 2827 1593 407 1856 1693 2656 2111 1914 2542 983 832 1631 2149 1343 291 2016 2785 1091 2112 940 2190 1434 898 1836 2737 95 1298 695 182 1176 949 2202 1019 634 2745 1087 1004 1743 596 2143 24 853 751 1689 1197 954 777 2072 1685 1207 63 132 2430 2493 149 1333 1093 1558 1597 2615 1996 766 1166 2129 426 1103 465 1928 88 1334 783 1760 979 1999 1448 824 2409 2700 576 29 1590 1476 2238 2547 499 1714 714 2533 2172 286 2521 198
898 1087 727 1207 714 2072 589 2066 1213 1558 853 658 2113 614 1257 304 2178 1175 1137 485 1230 1801 545 572 2249 1394 2054 2409 761 1928 803 1389 1727 1166 834 1951 895 1361 1561 1749 1333 2555 1798 1300 1306 2579 1786 2242 1971 2546 1590 529 93 1785 465 2022 327 2493 581 1683 2058 2238 1197 2784 76 395 364 1298 251 2759 1074 341 751 215 1277 1343 328 2504 2040 783 95 691 374 1693 737 1451 1115 1883 646 1044 2179 272 949 2154 436 766 2000 596 2381 1353
2502 2567 2152 1371 106 1661 2841 214 1214 1171 924 2751 1927 1605 1865 22 2263 2109 2623 205 1032 96 2554 327 419 2572 1525 894 2179 1113 2216 1632 1280 1703 189 1488 2153 2141 1288 2060 1602 1738 2348 1139 2203 420 1364 510 1251 2573 1397 953 2521 1363 45 198 2056 1502 851 150 1891 2522 2768 761 1727 1184 620 148 1144 474 941 2705 940 75 1203 1953 2112 609 2542 1749 2401 594 1723 834 2831 783 650 2810 2497 1004 949 2494 2245 84 1471 333 1263 322 2043 1641
1371 2152 214 2263 1113 1525 2502 2572 2623 1280 2141 2841 327 2348 851 1602 1605 1865 1661 1139 1866 1953 2678 106 924 629 609 621 957 2751 1171 1032 1738 1364 744 2522 2401 2404 1084 1251 1144 22 1214 171 1064 2056 2567 2109 45 2182 1960 38 1659 2760 183 2831 96 2726 2162 1727 2203 1927 189 2705 198 2555 834 420 510 2464 40 2521 1749 1632 1283 941 2497 2768 1488 940 1766 954 2612 1397 236 84 2216 75 1889 2608 2058 2179 1184 2725 2060 1004 1203 1343 479 1891
1303 1472 1127 1274 2693 2236 1475 561 726 2794 27 239 2091 653 478 1140 999 1124 331 2053 1037 430 290 2164 1918 799 2059 390 655 314 1635 2061 471 1438 1662 1781 484 1967 806 2429 1503 1780 2407 534 1715 2531 2465 2505 1647 1050 1273 936 643 402 1024 2280 2765 2301 2173 1921 2017 363 1187 721 1972 1692 2402 2611 1648 2406 268 1275 1011 1829 1317 782 220 1756 1395 1568 805 2632 758 1755 2244 1018 2698 838 2285 33 1048 1961 53 131 1929 1021 1378 389 225 1465
1221 285 6 582 546 1260 807 1083 2643 1702 759 732 181 620 1697 1891 922 1797 1188 1723 2666 1858 1456 1570 1285 1603 2816 298 37 1284 650 973 1541 2118 2171 475 980 2043 2152 1865 1884 2346 2810 1916 1605 1015 2313 122 2502 468 2807 411 1610 820 2268 2194 2261 2749 750 2179 661 1763 1283 334 594 752 629 117 420 23 2677 1738 1227 2149 713 1502 2203 2303 2760 1744 2521 372 2222 1108 2726 148 1537 1397 2217 1979 258 1693 2182 1488 327 510 2656 2056 236 1090
2015 1834 1252 2077 2478 951 2772 2818 1753 2777 1125 70 2663 601 2 18 1842 2561 1035 2510 431 1839 315 1759 2622 1390 2757 1557 1165 522 2686 2302 889 1443 2667 1747 2161 191 2624 1938 702 126 1833 417 2000 1033 848 1801 1845 1175 1830 646 2728 767 1686 868 145 2320 802 2583 1393 2743 1869 426 424 1306 529 1418 2601 2653 1559 597 1562 404 747 901 555 2786 2471 1951 725 62 962 1233 485 707 2324 1886 688 29 2533 1075 1236 1106 1597 1053 2668 437 589 1114
277 767 1938 1443 889 1833 2686 1747 2496 2702 2315 1980 2510 211 2532 1460 431 2685 369 1989 2818 951 1834 2015 1277 1418 2522 1252 1064 1074 45 1342 617 1091 2497 1793 2058 2478 713 940 997 1065 2056 1343 70 75 2245 1996 1686 824 2335 417 1047 20 597 2777 13 198 1390 1605 1727 803 1087 2217 1004 1904 2203 1272 1561 2182 2077 23 2760 1322 1203 1713 2463 1711 2571 2668 36 1080 2108 1416 1749 2827 1558 2572 886 2507 2098 898 332 236 2441 1364 1562 258 576 2784
869 1625 196 353 98 776 2474 233 1963 2256 2067 1819 2361 701 1643 585 2353 1864 1042 276 2462 2103 2081 910 2334 809 781 1402 1970 1344 2027 282 2264 1791 1179 2536 69 1579 2157 2434 841 9 1977 871 1246 2792 118 66 2328 1220 1063 1136 522 2491 381 1578 1667 2065 982 2667 1769 945 2821 643 929 2252 778 2682 2729 674 764 1386 1204 2582 2467 2610 1531 1048 1574 978 1583 134 478 1437 391 539 382 2723 2101 2675 1524 1327 2212 1692 114 2597 2001 936 1046 763
1495 2660 416 2394 1778 2458 966 105 2600 1384 1676 1705 883 1946 243 1396 1419 1105 2543 11 1554 337 942 1002 1370 1119 1331 2085 15 831 940 257 198 908 2214 355 1645 1673 2257 1742 272 1614 1004 301 1957 2245 1203 75 2522 1222 2497 1891 54 560 45 905 1138 1681 813 2697 360 2346 1712 761 487 384 80 320 392 1749 2112 149 1785 2216 1836 1760 1225 2369 1916 2056 1703 409 1064 2566 1835 2843 2313 1263 988 2259 979 1723 536 376 738 2696 1288 673 2154 783
768 1114 702 1830 848 931 1767 1908 126 1845 2471 2624 2601 2276 578 990 284 1608 103 502 835 297 1323 688 1107 65 903 250 1720 1235 1254 1821 2388 1512 1340 2314 1413 1310 684 1975 1186 1391 522 1334 2323 634 2224 2430 24 2217 1553 426 2143 289 853 1888 1689 1798 2656 1430 1272 1256 1597 2210 2415 2116 1175 1075 36 569 76 1189 962 310 21 988 417 292 1793 485 370 1886 1928 1431 1087 1265 340 2451 886 2227 332 1080 1562 2149 680 119 2384 2542 1038 193
1548 269 2315 1980 1462 2359 2702 1183 2685 465 2161 65 499 676 1810 2583 1300 609 1088 568 1020 881 1573 2568 115 76 810 36 424 193 1703 1288 1720 2077 71 1838 2772 1815 1363 183 2251 2423 1914 2182 1581 1865 1711 1431 855 1749 834 277 362 1173 2483 2217 913 404 2554 2415 2777 1342 1714 184 2760 942 2058 45 111 1098 2172 126 419 1753 2509 1243 2078 1995 1660 47 1535 1593 1277 286 1529 1996 540 683 1954 1009 2056 837 142 988 2478 2451 718 2216 2560 767
1697 181 732 1797 620 759 1702 2643 1188 546 1260 2167 807 922 1318 2807 1221 1882 582 6 1536 636 285 1083 298 2666 2816 2171 2476 2043 650 2268 1763 2810 1456 1541 1891 2278 459 37 2425 1858 820 1285 1284 1570 1938 661 1768 752 468 2749 889 973 2496 1603 1082 2761 2048 1865 1747 1308 1833 1723 448 1443 411 2503 2686 475 1283 2372 13 829 1006 265 956 1074 2498 980 2313 2194 229 2261 669 1153 1198 1090 1916 1227 2442 1015 2510 1108 2315 713 644 586 270 1320
1102 85 1656 1934 2501 2790 2044 312 2832 2817 943 1624 1644 2034 1926 987 221 1796 817 2545 2528 1407 188 2411 2300 1405 635 155 2439 1319 563 2649 1146 305 201 1870 480 2826 1658 259 1752 550 2241 1381 1316 1202 712 1544 260 2270 1840 663 2082 2713 2842 2213 611 1422 440 1045 659 135 518 2289 2295 168 1782 1029 2309 705 558 2840 197 1386 100 348 179 2538 556 2312 925 1901 559 899 4 1369 1464 2084 1190 1417 445 489 2389 48 1478 26 2050 555 2248 2413
1436 2218 1504 222 1933 2512 1790 2071 850 1305 2156 836 2362 897 2645 1321 1098 755 2342 2096 1736 2450 935 2750 1638 1709 1806 2432 2201 1052 2355 2691 1911 1621 99 2567 2394 1387 1910 1279 1765 1906 1719 957 588 2404 2751 22 1826 2420 1201 583 2216 856 1171 2452 2109 1661 96 2141 2184 892 2777 1337 2083 698 2578 888 424 981 1358 1801 1217 1255 1288 2561 1889 2187 912 2612 2464 26 1353 1277 1035 548 2401 1167 2094 1276 2150 1145 1677 967 2828 816 477 1615 1828 1081
483 789 2784 240 2579 1971 1786 1300 1257 2759 2504 1883 1451 803 2000 1353 251 2238 766 581 328 1361 374 1427 1115 989 2540 1801 1672 1559 215 2381 2242 1900 1996 341 1093 1091 1561 101 1898 2040 364 2054 1106 76 1178 1513 436 407 1161 1357 2409 926 1180 39 1389 2114 1749 529 967 93 576 564 895 1773 1137 572 2437 1207 1346 1683 1230 1818 834 2190 1847 1590 2072 1277 1804 614 898 2277 1166 2785 230 1394 714 2058 832 751 2700 2546 777 2495 1928 2695 1087 1431
2346 475 1916 1723 2810 2043 1891 650 2666 1865 2171 2816 629 2677 820 1949 941 2161 411 1605 1603 2502 1144 420 2152 909 1188 2768 1397 1541 1738 2179 732 2521 510 620 594 2249 1702 1882 37 750 1488 940 1038 2497 75 1766 148 198 1957 1004 1502 2421 322 272 1749 1222 1703 761 1711 479 980 285 609 2494 1412 334 327 258 149 1727 2214 1288 2216 744 2542 1685 1256 1263 95 1150 15 953 2841 1106 2404 76 214 2217 281 2555 834 2115 1740 2245 831 1203 384 1858
1294 1939 2481 665 2616 1446 1258 1112 1270 1694 2246 1630 1411 2185 2584 1360 1129 1684 2298 2619 810 787 511 638 71 30 2529 2271 1445 2517 1514 2339 386 1440 718 958 143 1863 697 641 879 1619 1982 1925 20 706 1659 756 2455 577 403 2332 2739 2229 667 1324 2595 656 299 1607 1371 1815 1009 2466 167 147 323 1735 193 588 837 1474 273 2771 264 1877 2094 569 228 2568 1355 1664 1930 1542 2263 332 1668 1525 746 1341 687 493 2572 991 2384 2835 19 424 2612 2700
1929 1730 2806 1275 2687 295 2301 2407 1026 1655 331 1297 2773 655 999 1008 2062 108 872 268 2715 1831 1822 2236 31 1706 1912 1143 484 159 326 580 2059 464 1097 726 1022 2199 1293 1378 927 1789 1118 2265 467 2429 430 1220 1662 125 452 2244 628 1314 2228 389 1955 1475 840 1923 200 534 758 788 753 2398 2634 1037 131 1281 53 261 456 33 2789 2693 2285 495 1335 1813 1635 324 1941 633 1500 1039 2316 1124 643 1050 390 120 1472 1843 2053 241 501 1755 1503 1465
277 767 1938 1443 889 1833 2686 1747 2496 2315 2702 1980 2510 211 431 2532 2685 1460 369 2818 951 1834 1989 1418 2015 1252 2522 1277 617 2497 940 1064 2668 1343 70 75 1605 45 2058 1004 198 1793 2245 1686 2056 1074 341 1342 417 258 1562 76 853 1390 713 2478 1557 2217 2572 36 2203 1561 1203 1065 500 1711 597 1272 1322 1087 1371 997 1908 2777 2571 2335 1176 824 13 2463 1320 1091 2077 1749 745 2108 2149 39 2182 886 2384 95 2827 783 1206 332 594 1727 596 2737
2725 2464 1889 957 2448 609 2404 509 2457 5 1766 1515 844 1426 1696 744 466 2128 2115 1616 473 244 2508 2014 1326 498 2124 306 2366 375 1602 388 2421 1754 2351 163 1061 1038 1477 2823 425 2169 2109 1637 1953 510 815 1866 1556 214 2751 22 2521 2348 1738 1171 119 1488 1987 1945 2533 424 218 757 1149 1214 29 2179 426 2172 286 411 1984 420 1533 558 80 2638 924 1719 2408 672 2673 1265 536 520 909 2227 1397 184 2320 2295 135 1478 690 1329 953 2224 1139 707
197 1993 463 900 1437 1663 1468 2767 2836 712 2439 1486 1782 1710 1045 559 1489 260 2312 2419 1054 1417 1307 904 947 1328 2840 1381 1658 1701 2088 2130 2826 1870 2424 1208 2241 2652 348 489 674 1617 26 1444 1544 1552 2133 1679 2397 563 2076 2084 2515 1029 169 1369 1190 2837 1649 134 1422 2411 2628 860 2528 2044 925 550 445 2649 2011 1218 480 906 2050 1644 1253 1983 1934 2574 645 179 319 1878 1948 59 2707 1624 1123 2832 1796 2289 2753 2501 1627 2454 606 1261 1860 1407
2210 640 2520 13 1272 2671 828 377 2578 1041 1910 1754 698 1949 2421 1038 323 2083 865 1337 672 2828 1668 933 2602 2032 1374 1049 244 56 370 2047 1189 955 2570 1764 1399 1521 2384 2038 2335 2451 2227 680 1329 932 2795 1616 176 2120 571 21 1033 2115 340 609 1890 289 839 2786 150 964 2031 979 1696 2839 1393 536 1686 1256 1888 2566 1132 2117 510 1766 142 554 2521 893 2141 1398 1562 844 2743 1070 886 1203 2401 1738 310 1364 1418 1588 2217 940 1602 1952 509 417
658 727 2113 589 1175 898 714 1558 2178 2066 1213 304 485 1087 1389 2546 2072 1951 1207 1166 853 2409 614 1306 1928 1115 1785 1300 2054 646 803 1137 1798 2022 2493 1333 1361 895 2324 1561 1257 465 93 2787 117 23 1230 1801 1590 1334 2000 745 1197 2203 1394 1474 325 1184 1451 2179 1080 1027 1683 2810 149 572 2024 215 901 1883 1738 426 1019 989 907 1559 1488 783 1106 374 2303 617 1597 327 2542 1553 751 1502 395 2521 1228 76 1038 1723 1979 2143 1671 851 420 2784
1034 2672 2374 493 2461 1392 1276 133 1375 210 1234 1861 2174 1196 2184 2418 57 976 280 1859 294 1947 1765 1724 793 548 1792 1580 756 2229 1664 570 583 1758 1575 1358 588 2327 1072 857 801 689 1930 2125 1665 746 885 1776 1457 366 2004 1877 2456 704 1887 2039 797 1350 228 2332 2739 263 2548 2838 2590 1043 1081 1229 2356 2206 1497 1551 2659 2581 421 1542 1191 2321 2694 2123 720 656 1086 242 422 77 706 859 158 2330 1193 2198 2186 2703 438 1345 1279 2662 1030 1675
1096 1948 1416 1362 1897 497 1586 992 2046 2213 1218 899 2135 1212 2741 1630 137 2241 1051 889 2817 1381 2481 2825 1360 1926 712 1446 1796 21 665 2598 1569 1316 1938 1810 2721 2300 2790 2150 1045 425 2185 2384 2650 1329 2766 1782 2665 2509 2686 202 1606 817 46 892 1326 473 2454 2584 2842 1747 1934 1644 2272 2246 2451 305 925 1658 499 631 2224 1443 1910 36 2366 116 2767 424 447 64 2124 1656 2616 388 1261 2566 2464 289 1067 1411 2333 2455 1431 1009 19 1294 698 1562
540 310 1561 2242 1346 2441 1535 617 2827 407 1593 1856 2656 1693 2111 1914 2542 983 1091 1343 2149 832 2785 1631 2016 1434 898 291 2112 1298 1019 949 940 2190 1087 182 766 2737 2072 95 695 1176 1207 751 634 24 2202 2143 63 1689 777 1836 1004 2745 1996 1558 2615 954 2238 853 1093 1590 1743 596 1448 1685 2493 1597 426 1197 132 2129 149 783 1166 1333 1928 2430 979 895 1334 714 93 1760 2521 2409 510 2227 88 424 465 2533 1103 1999 29 1149 397 576 2176 2744
1034 2672 2374 493 2461 1276 133 210 1392 1234 1375 2174 294 2184 2418 1196 57 1859 1861 793 1765 548 1724 280 1947 976 1792 1664 2229 1575 746 1358 583 756 1580 1758 570 588 1930 857 2327 1776 366 1072 1457 801 1665 704 885 2004 2125 1877 2456 263 2039 689 797 1887 228 1350 2739 2332 2659 2356 2838 2590 1043 1551 1542 1191 2321 2123 1081 1229 421 720 2206 656 859 1497 77 2581 242 2694 2186 706 2548 1279 158 2330 1086 1193 1345 438 422 2198 287 2662 925 2703
2713 2433 1453 2376 1490 100 2309 1901 2721 2545 1860 2034 1796 201 715 305 562 155 1569 48 64 1640 439 51 1148 2826 563 2650 231 168 260 1316 2272 1878 1496 2556 2088 978 2708 677 2813 204 2382 1592 1752 1123 1874 950 2367 1437 2438 480 348 421 1307 59 518 2393 2248 682 2569 2649 2189 2213 2312 1185 1937 647 2639 1464 491 146 2289 900 2769 657 559 925 2652 1223 1051 1193 1468 440 1600 2683 1369 2004 1639 2836 1840 2039 494 2435 663 1997 725 965 1545 1948
1934 1656 1102 2044 2790 2501 2817 2832 312 85 1624 1644 2034 1926 817 2528 1796 2411 943 2545 1407 221 987 188 2300 1319 155 305 1405 635 1569 100 48 1870 2649 712 2213 1640 2721 550 1658 480 2439 26 1045 925 2826 1146 64 439 1369 1381 715 51 1782 2241 348 201 197 2309 659 135 562 611 2638 2082 2842 563 1417 1202 2766 899 2270 260 2295 2454 1630 445 1478 259 558 179 1029 2312 787 1584 2289 2413 1422 1544 1190 1545 1737 892 1218 1360 4 2090 24 2650
1791 2065 118 2792 567 1583 998 982 808 952 919 841 2252 9 1179 778 1977 1579 2711 2328 2491 1470 945 763 1354 2682 382 2778 1769 1651 1578 517 227 2729 930 2723 928 1657 916 1854 2225 1667 114 2042 1063 639 1851 2379 1531 748 1920 1970 2575 1770 887 2647 1528 819 7 1211 134 1864 1585 1819 2310 2343 1046 1367 2793 662 869 547 2212 1386 1327 978 875 2462 674 1625 764 1210 559 2200 515 906 533 923 2076 192 2419 311 512 2221 1931 513 1209 2349 553 2488
834 2058 1749 1277 1727 2555 761 2249 2317 2437 1672 1044 1995 1483 1178 1990 376 2700 44 16 1469 1447 1425 1300 1836 832 47 1865 1106 1883 2216 2579 2784 789 2831 1263 1161 304 1361 1798 905 1256 1288 2497 2178 2217 1228 1559 2182 576 2571 1801 1785 1353 483 2705 240 1304 95 1703 198 940 2245 333 2066 2056 1364 2202 417 2523 1064 2210 2384 1957 45 36 272 340 597 2726 39 1562 989 1451 1430 1363 479 2227 20 1513 609 1847 536 76 75 289 251 2214 2522 2288
723 1359 2585 539 303 1772 247 450 1204 1121 153 2582 2485 1997 206 343 1403 1751 2603 871 862 1633 2018 2284 719 1289 914 764 2146 604 2551 2718 212 35 2008 1351 812 776 1493 2453 1128 2209 190 58 1245 1577 1157 353 1534 276 869 98 2361 808 701 196 2353 2609 2487 1247 1915 874 222 2777 781 897 549 1933 2312 1981 2513 1347 2820 522 1878 674 2165 1528 192 2424 195 1402 2067 337 2652 288 443 2824 1066 615 1155 998 1970 778 1871 675 2692 1625 912 2196
327 2263 1371 1525 2572 2623 1084 1659 1280 275 117 2303 2678 1205 2573 1198 1687 23 2030 2494 2791 1184 214 38 1080 1922 1113 1979 2222 1400 2203 2152 851 1502 1602 924 2348 690 1661 20 2620 1726 1960 2179 1488 1738 1537 2768 2162 2677 454 2726 420 1199 1865 1744 1397 953 167 2502 510 796 2521 1605 1139 1866 629 40 2128 1144 1471 2841 2141 594 1425 1727 2109 2706 2115 106 148 588 2555 2421 1641 1038 474 1714 1032 205 907 1836 1713 1953 592 1357 1754 289 244 1343
967 135 1804 2295 2413 558 707 1719 91 29 2533 1149 2320 286 2172 1448 2673 2235 2408 2615 2021 1728 2756 568 754 1478 218 213 2224 792 739 184 1533 1265 2296 2638 1849 1945 2354 1231 2260 293 24 424 2143 1689 2472 1984 232 757 426 119 1722 1597 2024 520 1529 2566 80 2390 1296 1733 1867 1383 634 540 1269 1593 19 2430 2744 499 2078 2649 802 1312 1053 480 1492 1870 1431 142 388 2000 555 857 1091 925 868 866 1996 26 2253 1535 2332 878 1888 2217 291 681
346 2821 2467 2690 52 1481 418 207 471 786 1438 1008 806 1662 363 2429 1465 936 402 534 780 290 61 2244 484 2470 225 2407 478 2059 2687 2301 758 2505 2465 628 1220 108 1273 53 999 2025 192 2669 753 2398 1730 1378 1918 389 1787 331 1022 1822 1026 1275 1831 452 2634 1140 2611 840 467 2062 2806 2698 655 1097 643 654 1929 241 1692 1780 2236 464 1293 295 1921 1048 138 1706 726 1395 2061 782 2794 1568 2557 1475 430 131 1039 2632 326 1503 1143 2053 495 1647
2163 823 399 1628 453 73 437 1233 1599 2074 380 1510 760 401 1872 981 461 2587 1976 208 595 477 1145 1717 2469 2161 2055 2126 731 2655 1160 141 1023 694 2098 1047 72 1682 2691 2747 1784 1911 816 172 2122 1085 177 2829 164 99 1430 1553 2679 2267 2009 1236 427 2380 1903 2636 2355 1256 156 289 901 500 1163 2577 2775 222 2722 2568 1431 1793 1740 588 1699 1175 121 612 850 2217 36 2668 21 2224 1529 2117 258 1688 634 2227 988 2143 2421 174 520 733 853 76
1929 2806 295 1275 1730 2687 2301 2407 331 1655 1026 655 999 1008 108 268 726 2236 484 2059 1831 2429 1706 467 430 534 1662 1912 1022 464 1789 1378 927 753 1220 2398 1475 452 628 131 2062 2244 806 2634 840 389 53 1297 1503 780 1273 1822 758 2285 2698 2693 471 33 643 1438 1465 418 478 782 2611 241 1124 1037 1481 1039 314 125 31 363 2715 1941 1635 2053 1018 2773 390 326 2632 580 1140 1923 1875 200 1472 1692 2470 1048 788 159 501 495 1097 786 1967 1715
702 1830 848 126 1845 2624 2471 2601 931 1908 2276 578 1767 1114 103 297 1323 688 990 1235 284 1608 1186 1413 502 835 768 2314 1107 1391 1720 1821 250 1340 903 1310 65 1254 1512 2388 1975 684 2656 2149 954 1798 1106 1559 75 2497 581 1685 962 1397 1175 420 737 1357 2542 1693 1426 198 485 1230 1203 1605 1298 940 215 1207 2494 39 1738 2152 850 2768 2113 1004 522 1434 1922 310 2056 149 2521 2737 304 1683 1343 2726 182 2000 15 1801 45 1785 1139 2522 2066 589
1834 951 2818 2015 1252 18 2663 2 601 1842 70 2077 2478 2777 2772 1125 1753 431 2561 2510 1035 1839 1759 2757 2622 1557 315 2686 522 1443 1938 889 2667 1390 1747 1833 1114 2624 529 2000 2728 848 646 931 962 2656 2320 1801 395 29 1798 1786 702 2644 1693 436 1830 2533 2149 101 286 364 581 1971 417 597 2324 1257 1418 1845 754 2673 1075 2787 680 1559 2172 215 1149 743 2021 1241 803 404 714 93 62 126 414 424 1406 789 310 767 1106 1686 2540 1165 751 766
898 853 1928 1166 1087 1197 1590 1558 1207 714 465 895 2409 93 2072 614 540 2493 1561 2324 1137 1631 291 1300 617 803 1346 634 1593 1689 2667 1535 2242 2143 24 2430 1257 1538 751 1597 2024 426 1785 2542 739 407 499 310 2066 1334 76 1971 832 2827 374 1115 1213 1091 1228 676 2441 1786 1161 2113 2112 646 1265 1798 792 2785 1996 1847 2638 1773 1914 182 2224 983 1434 404 251 1693 766 1298 1513 940 2759 1427 1795 1883 483 2540 2238 1898 1004 2656 989 2415 1343 1357
2267 1430 1236 2380 1553 1886 1699 1256 2117 2217 36 193 500 1499 1431 427 733 2568 743 2423 1793 2415 121 988 569 536 901 866 680 571 142 1492 2387 332 1053 340 1132 2078 1597 2090 568 634 2143 2421 1038 1588 2668 24 426 2224 370 2430 554 2227 1754 2786 1949 432 979 2221 1272 323 289 2638 1064 1065 1364 21 2032 621 1398 76 171 770 2115 2031 1041 373 2120 1535 1449 1206 2038 2522 2056 2451 199 1890 1766 45 176 2384 1189 2182 292 2074 56 1057 2469 2249
1752 2367 1146 1316 2556 950 1202 518 1799 1496 2389 2069 2300 59 1636 1965 1545 1240 85 4 221 188 2082 2790 1102 1926 2270 987 1721 2832 312 2815 1737 626 943 2272 1386 1656 817 2501 1840 2189 1405 2241 635 1934 795 2628 556 2044 1624 2817 2588 1629 1658 2439 2477 1407 1045 440 1644 2528 613 547 1051 826 2631 2411 712 663 1870 1630 1218 2397 238 194 1360 2826 480 2250 1381 266 1563 348 2689 489 2312 563 965 2812 505 925 550 2352 134 2185 1319 2289 197 2454
1141 2070 1506 383 2025 2669 192 61 654 225 1780 1787 1356 2396 245 2164 525 207 139 1781 209 2311 2280 838 1127 2173 1435 2794 2232 239 1505 625 216 1248 1598 679 408 27 1282 858 356 49 2091 296 653 1274 2693 252 1961 2017 449 113 1472 1216 1124 418 2053 2565 1140 1924 2470 290 1021 2531 1555 455 1011 1715 52 1475 1481 1967 1941 1635 33 1662 1262 390 1438 2429 471 2137 1037 806 2316 1500 1648 534 1568 618 200 2343 2690 2406 1168 1299 999 331 402 495
958 143 2529 2271 718 697 1445 787 1514 30 1440 638 386 71 810 2517 2185 1684 1129 1694 1630 1360 1270 2619 1294 1446 1112 2298 2481 273 2246 2584 1411 665 2616 2524 2339 1939 2363 1258 1215 2104 1242 1480 2776 262 1059 358 2833 1180 511 2844 2385 964 342 1816 147 2771 1844 557 2672 2139 2607 2460 299 879 2269 687 1286 2633 795 2568 2235 683 1373 551 537 1744 888 2305 2001 76 2221 184 2222 2428 1366 64 1065 1549 2797 641 1284 1807 991 792 2092 2576 133 2749
735 2011 645 440 2050 1444 2707 1617 2837 169 1623 1544 947 1328 1649 1679 1054 1663 2130 2767 1782 445 1045 1381 1261 1840 2836 2840 2439 712 965 2241 1658 1993 179 1029 1422 1253 134 2628 463 1552 51 1218 2735 2769 348 197 550 1775 319 2088 1307 2076 2312 1489 904 2287 480 2544 1468 2454 769 2649 1870 260 860 26 259 1369 1710 950 2397 1417 1437 2714 1202 489 1860 900 1486 518 1208 925 563 2375 59 1148 2631 2270 2826 2289 1788 2538 2082 2419 906 2150 547 1386
540 407 1093 2242 310 2441 1561 1856 2111 1091 2827 777 617 1914 2785 1535 1898 1996 783 1683 949 2413 558 1346 983 2295 766 1631 230 135 1593 2238 95 1448 1343 2737 2190 2202 1693 2615 596 940 2745 2114 581 291 1476 832 328 1176 2422 2523 1727 695 88 2656 576 1713 132 34 853 1714 2149 2112 2542 1945 2555 1818 2281 1004 926 2547 2058 1265 967 2016 1749 184 76 499 1743 2216 1785 2224 520 564 2638 1161 2288 417 1228 824 1116 465 1728 198 1838 1773 834 1686
1444 2707 1623 2837 1679 1054 1649 2011 645 1328 169 947 1663 1617 2767 735 1544 2050 1782 440 2836 2130 445 1381 1261 1045 2840 712 2439 1658 1840 1422 965 1993 2241 1552 51 1253 1029 1218 2628 319 179 463 134 1307 1437 1208 2287 1369 489 1489 1948 2649 305 2735 1640 674 900 1775 2046 2183 1860 550 1710 1416 992 1445 2084 2312 1870 2088 562 26 1486 259 925 2424 197 348 1627 2352 30 260 2133 497 1586 986 2652 2076 1757 480 637 659 2515 1897 1362 2626 64 155
1752 1316 1636 2556 1496 1965 950 2367 2815 1146 2628 518 2241 2272 1840 2069 1202 1799 1658 1051 194 2082 2439 1240 2389 2352 1218 965 188 2270 59 1545 1381 2300 1721 2189 1045 4 712 85 440 1737 626 1386 1362 312 2832 563 613 1948 826 1102 221 1544 266 231 987 992 978 2501 1775 2588 795 1405 1148 2826 1897 238 2836 1629 2312 1934 259 497 556 1123 2790 2046 283 2424 547 2477 663 1261 2034 1586 168 943 635 900 1782 480 2213 1468 1656 705 1926 2397 197 2376
540 407 2242 135 2413 310 2441 2295 558 1448 967 2827 1593 1091 2615 1093 1856 1561 1804 777 1996 1535 2111 2785 1914 2756 1689 1728 766 291 24 754 230 2235 2143 184 2638 91 1945 2021 426 1898 2238 2024 634 983 617 1631 1265 2320 1597 2533 2281 1231 1478 1818 328 1693 1149 739 2472 1346 564 568 2430 707 29 926 1719 2224 1343 95 2649 332 2673 1683 2656 2116 232 2000 213 2745 2828 1888 1870 417 536 364 550 2288 751 2190 672 2408 480 2558 2737 1431 1733 293
59 2389 1545 4 626 1799 1737 1202 2367 2270 2082 1146 1386 2477 556 188 1752 950 826 1721 547 1240 987 312 611 85 518 283 1319 2832 266 996 2588 2501 2530 1491 635 271 1405 2189 1934 1629 613 2440 1942 1408 345 2044 2300 2692 2312 795 274 864 526 1656 2842 1316 2528 705 1725 994 134 1407 1102 1624 904 716 2069 2411 2289 2689 1692 608 2534 2181 2119 2205 1563 2370 1555 2766 1468 817 2556 28 2208 2375 2256 1926 2681 2527 771 2306 1864 2322 1117 204 1157 1314
1379 2151 605 1110 1634 1946 365 1040 610 1966 2788 717 1573 2830 1309 1424 2560 1243 2364 112 2746 1581 94 435 1020 1311 544 1968 1794 1133 1005 434 811 648 1131 593 2290 2417 248 2549 1783 881 2730 678 410 568 870 1670 2251 1079 253 2005 2095 673 749 843 538 2697 1068 1454 855 2196 2219 2299 2087 338 1546 1850 2680 2341 257 1958 336 2394 774 1174 1498 1528 2405 2170 1913 1094 2492 800 1142 2519 2243 1516 937 1936 1871 2145 878 2490 2006 406 2376 883 1645 2613
835 1254 1512 1310 684 65 903 1107 1340 2388 250 1720 1975 1608 1821 1907 1013 309 284 1315 856 768 1217 1336 2160 2079 300 1458 502 333 2116 2571 1908 2230 861 762 2386 398 2612 990 1286 785 2620 2197 2503 1449 1400 2476 335 2425 1363 1199 1726 2591 42 1114 1687 2401 702 1232 1767 2258 1922 969 1277 2579 2276 1104 2141 2471 931 297 2601 407 1830 328 340 1057 1669 2678 2759 1804 1841 1329 1940 2823 1194 362 834 1898 2216 1593 332 777 1844 1288 506 576 2238 400
1993 197 712 2439 2767 1663 1045 1796 2034 463 1782 1417 1658 2241 2836 1422 1870 1381 2649 900 1328 260 305 2826 26 947 480 563 51 1369 1054 550 1218 925 1617 1444 1544 2050 221 1437 2088 1261 348 1307 943 2312 179 559 2840 1489 2130 1486 1569 2300 440 2545 1468 1679 2289 2454 155 1710 85 2714 1926 1878 1552 2628 1102 2832 2790 2837 445 1407 259 100 1934 169 735 1649 312 2769 2424 2011 1656 2721 489 2515 715 1624 1405 2309 562 188 1640 201 1623 2082 2084 635
2702 2315 1980 2685 277 1747 889 767 1833 1938 1443 2686 2496 269 1557 2622 1390 1548 315 211 1165 2757 2302 1759 191 1460 1989 2532 2510 1413 431 369 2276 2663 2 1767 1678 1073 18 2667 2478 1620 600 2535 835 1091 1147 398 1622 830 1252 1697 745 2015 325 1845 2556 2818 601 2314 1442 1842 1793 1080 341 2486 6 603 2494 1186 2100 1996 1346 1196 2386 1462 441 2755 1732 298 2045 1969 1183 1869 1474 2275 2359 2258 404 1511 2653 1537 1584 2844 1152 1400 1496 195 1340 529
1646 393 863 339 2136 1244 1450 603 830 1120 1732 1620 2275 1147 1678 1073 1805 775 2518 794 2019 2211 457 2586 1611 2254 357 960 2701 2080 2780 2754 2192 2621 2233 2630 2347 2297 2447 1626 279 1169 2329 1372 2368 1832 2345 462 818 693 2020 1016 2651 1259 2637 2805 1192 1507 1734 102 321 2550 575 2240 1691 2804 2383 2605 10 1482 876 371 2802 1168 1299 1811 1674 1014 2247 1809 2434 2279 469 1666 845 145 1959 110 2230 1669 2395 1791 1517 284 1104 1167 2013 2326 1152 2820
1659 327 117 275 2303 1205 1198 2791 1084 2030 2494 23 1184 2573 1080 1687 1979 1922 1400 2572 1502 2203 1525 1371 2222 2623 2263 1280 2678 2179 1488 690 454 1738 2620 1199 1537 510 20 167 1602 2521 2768 1726 420 38 1960 2348 594 953 1397 2677 205 796 298 2162 1744 1471 2726 924 2128 1591 148 1661 281 2132 214 851 1605 1866 40 2706 1449 1802 592 1113 396 425 2535 745 1570 2027 325 1139 2476 2115 629 1425 2014 2109 1474 115 400 1082 122 1487 1087 2661 474 1329
189 2060 1032 106 2554 419 1927 2153 894 1632 96 481 1987 815 2313 1661 2216 1288 1703 1363 2823 1286 565 1844 959 333 183 2760 171 236 506 2182 1560 1064 2608 744 45 2056 2705 2522 1364 20 454 621 167 2726 1251 2831 396 42 1858 2401 2116 2612 2627 2162 1880 2109 1015 1744 941 1217 2573 2335 1749 468 592 122 229 38 1387 2058 23 834 957 1593 1939 1610 115 1766 1736 986 2141 609 2404 2425 400 76 1284 1865 2249 2784 309 1113 2450 856 1329 1199 1371 1960
1548 269 531 2685 676 2702 1940 1130 1326 1986 2124 1980 165 2014 368 1443 1088 1537 425 1397 420 1725 2494 2315 1080 375 244 2768 2128 725 2506 2359 1256 1508 1431 1488 1462 442 901 751 1853 23 339 1886 2115 1285 1754 745 2179 690 2366 2499 475 1603 205 122 362 660 2117 327 73 1659 1061 325 2217 510 1793 426 2118 388 1833 1474 1183 104 473 126 1502 117 498 1922 1602 1825 796 1695 465 594 2184 1320 2161 1884 1591 2521 2303 1287 1000 2573 1841 466 2568 2000
204 2558 899 2842 1212 2135 2766 2741 1606 137 116 725 2728 165 1935 1944 2825 1463 1055 2305 2207 2041 2068 1134 97 1067 1547 2294 1825 1056 246 447 2736 1940 1986 1130 2511 79 1223 692 1841 2248 2382 2506 2813 1464 362 722 2057 1076 350 2258 2719 1874 2435 1126 686 804 1910 682 135 1962 2292 2665 647 558 388 2393 1937 1448 948 2683 2649 480 2286 2827 1934 677 665 790 494 146 2413 329 2580 332 1639 1870 1337 2501 2295 2090 2441 2319 2481 352 1656 2733 2291 421
1141 2070 1506 192 2669 2025 61 207 225 1787 383 2396 654 139 245 1356 209 1780 2794 525 2164 1435 838 1248 2280 239 1781 2173 2311 625 1505 679 1127 408 1598 2232 1282 356 2091 216 49 296 858 418 2470 252 653 1274 27 52 290 2693 2053 1481 113 2565 1216 1555 449 1635 1011 2137 1124 1967 1715 390 580 999 326 2244 1721 159 1648 1097 2017 455 2806 53 1275 495 1472 2531 1475 295 2406 2236 1293 1924 1018 1168 1262 1299 2316 331 806 1755 534 1662 1050 1961
341 2381 215 2040 364 436 737 1900 101 989 251 803 374 2540 545 1427 1353 1971 581 1883 328 766 1898 2114 2759 2579 2238 2504 1683 1230 2644 572 1394 1115 395 529 407 1389 962 1257 2277 2546 2784 1106 1798 1559 789 1786 2242 1093 1801 1361 2323 304 2178 1451 240 1213 2066 1818 1334 1300 2113 1091 76 39 483 926 2787 293 1357 2000 2288 1180 564 1175 2495 1951 485 646 589 714 898 1306 1558 1231 2054 1728 658 2756 751 754 727 1080 1785 1996 614 1137 23 2677
759 181 620 732 2643 1702 1797 2171 2043 2816 2666 1260 2810 1188 807 650 546 1697 1891 285 6 582 1221 1723 1083 922 2807 475 2346 1916 411 752 1858 1882 820 636 1318 1456 1536 2749 1541 2167 468 2278 2476 1284 298 37 1603 2425 1763 661 980 1610 973 2048 1015 2313 1884 1768 1108 1283 2761 2118 122 2261 2194 2268 2502 594 270 750 1285 334 1090 2168 1227 2688 2203 372 148 2469 1570 2152 1605 1865 1638 2056 1200 1504 2463 281 459 1082 829 258 1364 1145 1206 45
2414 1177 2604 107 1507 2641 397 2176 55 728 1104 1669 1194 2550 2019 575 1691 2754 584 2326 736 2360 187 373 2234 845 896 2159 1028 1748 1529 831 1016 993 1690 1523 1957 1467 409 384 2214 2390 2112 2566 272 1434 2744 1733 15 1919 560 1482 834 979 1203 32 1450 469 985 19 940 1905 1004 1222 424 479 198 21 379 2395 2033 1120 83 738 182 1420 1950 520 149 2227 2383 1014 2695 289 2080 541 1722 80 2073 1867 1459 400 920 133 1269 2621 1766 2605 2451 2752
196 98 353 776 2474 869 1625 1819 1643 2067 2361 233 1864 1963 2353 2256 585 2462 701 1042 2334 2081 276 781 910 2103 1402 809 1970 1344 2027 871 2264 282 69 2157 1246 381 778 66 1985 825 2536 1136 1770 118 2575 2792 382 539 2101 1574 2336 998 517 9 567 765 2389 303 391 1667 1772 2551 114 1179 1997 227 841 2723 929 1386 2018 2082 59 2610 1583 2711 1791 1273 873 1579 719 2270 1135 390 2438 1635 14 2284 2367 2693 2146 312 1545 2252 2008 1543 2597 556
2677 629 1865 1949 941 909 2161 443 1144 586 745 325 2346 37 2494 1006 281 924 115 1723 1308 1474 1082 1502 1916 84 1738 1488 1400 475 2179 396 2153 1199 2627 275 1703 894 761 1184 1995 2216 2109 1632 820 1891 1371 2535 953 1038 96 1363 2554 1487 1471 2421 1288 2810 577 2620 2768 1763 988 419 2841 2573 1687 1073 1671 1661 683 594 1714 1315 2249 1336 1922 882 327 1027 123 940 1397 1283 762 1250 2726 2571 370 834 1032 334 1476 1957 1727 510 750 1232 1726 1080
70 1125 1753 2510 2777 2478 2772 2077 2561 431 1839 1035 1834 2015 2818 1252 951 18 1842 601 1759 2757 1557 1390 2 2622 2663 315 1165 2302 395 461 191 903 2624 1976 1845 1938 2656 767 1340 2471 1213 2149 1107 962 2113 2686 1951 1306 2601 745 2535 2644 1693 848 277 2315 803 101 2769 502 1908 433 1747 1608 325 658 297 1798 485 1443 262 1559 888 1549 1895 167 453 2685 304 1788 2650 1310 273 1980 20 2279 702 1427 889 1201 1533 2066 2161 284 2178 929 2415 901
2792 567 118 1791 1179 841 9 945 1579 998 2491 1583 2328 1977 2682 778 952 1578 2711 919 2065 382 1470 639 808 2252 1854 517 1354 227 916 1651 2778 1769 2647 763 1920 1770 114 1531 887 748 1667 1063 1970 982 2723 2729 2042 2225 930 2575 928 819 1657 1851 1585 2334 353 98 2379 1864 2462 2059 904 2429 1157 923 999 225 1819 2693 484 1465 1662 120 1493 2304 553 1475 776 978 726 2698 534 363 1438 914 806 1625 190 2017 2244 1924 2557 2285 108 471 1918 1503
2045 2023 1584 2755 747 1926 2790 1102 1656 943 817 1934 2817 221 2300 188 1319 85 2501 1624 312 1407 2832 1644 2044 2528 611 770 987 1796 2034 258 1405 463 2545 26 2411 2082 659 2397 550 197 480 1146 348 925 4 1369 1870 1029 2454 2270 712 1386 2574 283 635 1737 2826 559 2769 2649 1417 547 2724 556 1237 1428 977 260 1701 1888 1337 2419 1604 1552 186 451 2312 1045 1468 904 1545 1517 2069 1202 489 1557 2622 1307 2307 2670 1627 1793 1486 900 2375 1035 2200 1437
2091 239 2794 2164 1781 2280 2173 27 209 1127 139 525 838 1274 1472 245 2311 1505 1435 216 1248 1598 1780 858 625 654 113 1356 679 2232 2693 49 408 1282 1961 356 252 383 1475 1124 1555 2053 2025 296 1037 2137 2531 1011 822 1568 1506 2396 2236 2669 1140 653 2565 1216 782 225 643 2632 449 1018 1787 1635 390 1967 1692 2017 344 726 2059 331 1048 1715 2765 2611 1662 1187 999 1275 1706 2429 1924 1647 534 314 2406 2061 1755 484 464 1730 1303 799 478 1050 1503 1024
2049 530 1017 1290 2282 2064 1604 1518 631 446 607 1301 921 2093 451 1237 2140 1567 2596 1981 1058 2796 1879 984 662 1909 908 394 2392 813 542 1396 660 2257 1853 1370 1739 1105 1673 355 1000 2782 345 54 710 2664 1893 1695 2530 996 2692 1554 606 1331 2259 50 2397 1978 1613 904 2696 1742 1614 271 360 675 1167 178 622 1060 2369 2424 1468 1002 748 2626 674 2652 1491 869 2305 2753 1829 2724 2682 147 1621 598 2741 1142 1606 1307 1063 870 810 1046 1860 1408 2492 1625
2809 1473 1876 1721 12 433 769 2289 2375 2110 1895 2482 161 274 608 664 1788 252 368 2051 526 2499 1127 197 2650 239 2622 1435 994 1942 864 2146 2794 1780 1725 950 383 192 444 2284 2164 523 1506 1555 1918 1439 271 2367 1598 1056 1274 225 1677 625 216 2438 1018 1299 173 61 1168 1892 764 1124 1771 1475 1248 872 1931 2091 2440 782 1141 207 2669 282 574 654 2526 1472 430 2018 2435 331 2632 1289 2008 2061 1972 2280 1924 1829 1868 2220 1781 858 1011 1692 2606 655
2043 2171 2810 2666 2816 650 1891 1723 2346 475 1916 759 1702 2643 732 620 181 1260 807 1797 1188 546 820 285 6 1697 1221 1541 1882 582 411 1603 1858 922 1605 1083 148 420 2502 1397 334 750 594 1139 510 2768 2841 2521 2807 468 1738 2152 1865 1456 2179 1420 1222 1074 980 2203 1213 956 372 2066 215 1206 2476 2107 2362 1957 272 2749 831 2214 1884 1502 560 713 691 1203 384 1570 341 1954 95 752 436 2497 1785 1768 2463 2469 1322 1786 2048 308 1284 2410 2154 738
197 1417 463 1489 1701 1710 860 2439 1993 1870 348 2649 1658 26 925 2084 712 489 900 550 480 2628 2289 1045 2424 1369 2241 1218 2790 1782 2836 1190 2515 2826 179 1624 1381 2840 1468 2769 1910 2312 260 1102 2832 559 1437 2767 1656 1307 2034 1029 1788 1934 817 606 2817 2397 1644 1486 1663 2375 433 2454 1926 1407 1796 2088 563 1544 2001 2528 2044 2419 2501 2050 904 2574 1840 892 2300 2021 1253 445 440 2753 1627 2652 1337 1446 134 2724 312 642 221 1328 1649 178 2213 1411
1810 2509 202 67 1075 2583 249 1012 2121 1001 627 1406 2350 1055 1944 899 1195 1212 2741 2825 2558 2057 404 725 1606 2728 1894 2135 137 165 1594 2766 1609 388 2207 1869 2736 2294 1945 232 742 1463 1707 480 550 204 1935 424 499 24 2842 447 2638 2435 2183 2291 1512 925 709 520 892 2224 201 2143 187 32 1728 1223 751 116 902 135 338 1901 563 1910 1516 917 119 2033 574 937 1825 1448 65 2295 1874 1689 558 378 2649 2312 2090 1088 1478 1056 19 332 2733 348
1083 6 582 285 1221 546 1702 1260 2643 759 807 181 732 620 1797 1697 2807 1188 2816 922 1891 2171 2278 2043 1858 1318 2749 1723 1536 636 2810 752 2666 475 2111 1856 2194 1541 45 2346 2261 2522 468 2313 661 1914 2056 1603 2441 650 1064 1251 2048 37 2745 1456 2202 1865 1916 2118 1535 2425 820 88 2476 1364 1153 462 1882 2827 1108 940 232 1713 2733 1004 2168 2112 905 1483 2401 973 1434 1269 1763 1343 376 777 2737 1685 1103 1836 1999 2785 1476 2203 2442 844 1283 476
2797 1539 352 2092 2844 2833 2139 2269 2473 2576 1549 299 2371 891 2776 428 2226 90 741 1009 837 264 1982 2484 2455 667 2731 2175 1814 1735 1159 17 1619 1815 1925 2403 1122 267 1349 1291 2063 403 1540 969 1238 879 2338 1571 1994 2223 1589 1618 2138 1338 1698 846 642 2158 573 1242 2340 2709 2100 892 2635 2486 349 262 234 46 557 2412 195 1622 2717 160 1863 1615 2460 1409 2094 1530 2834 2385 2189 1295 1078 2524 888 577 2273 273 1824 2215 1071 2253 2399 226 147 1807
2070 1506 1141 383 1356 2232 455 625 525 2311 679 1248 654 245 1435 1505 1598 1262 216 139 209 2025 2669 49 858 113 252 2396 1780 408 192 1787 2565 838 2280 1282 2173 61 27 2137 356 1124 1127 225 2164 1140 1781 207 2470 296 239 2053 2794 2017 1274 822 1715 2531 1568 1037 2091 1024 1967 1216 2693 418 1918 1635 653 1472 1021 390 449 1924 1500 1662 1481 314 1475 618 1011 1961 1941 1875 471 1555 2429 402 2765 1438 131 806 1018 534 799 1050 363 290 2698 1168
2045 2023 1584 2755 747 258 770 1796 19 1320 1035 597 2034 2545 1256 417 1722 1980 1673 901 2108 2415 424 1888 660 1844 2217 1562 2421 76 1839 1945 232 1996 926 1707 289 1065 360 213 1286 2259 988 427 2566 1038 498 542 230 2612 1739 2116 520 54 1269 2077 868 1890 193 1728 554 1731 886 2668 1793 2161 2216 463 323 21 530 2257 2745 2568 571 1910 1305 465 1686 519 983 1398 64 2827 2296 1849 893 1029 42 1047 777 1867 62 361 2609 2426 2190 2423 2782 2478
2025 2669 192 225 61 1780 207 2396 1787 2794 2164 1781 2280 2173 139 838 209 239 654 245 1127 408 1282 356 296 2091 49 525 1506 1141 2232 1274 52 418 383 290 653 2070 2470 2693 2017 1555 1481 2311 1248 1435 1356 1755 2053 625 786 679 1465 1472 1124 1505 27 2244 1011 1216 363 780 346 806 1140 1635 216 1662 2531 1475 1967 471 390 1715 534 53 936 1598 455 1438 2429 2236 1918 2467 402 2821 1924 2690 1568 999 1021 484 113 799 1317 1037 478 1961 331 2565
2272 2352 1051 194 2815 1496 1965 2556 1316 1636 1218 2628 1261 950 1840 1658 2241 1948 1752 2069 2439 1416 965 1586 1096 1381 518 2367 2713 497 1775 440 563 2046 201 1860 978 1045 1544 2836 2631 2376 1897 1649 992 712 2276 1148 1422 663 689 1054 2412 1782 677 2826 1901 319 1437 155 1362 2130 231 1428 659 2496 64 168 613 51 1453 2433 1848 2309 1868 1490 655 2652 2007 1833 1046 1008 2667 1938 1253 1993 140 735 2189 785 489 331 1216 1123 2287 344 430 219 550 1663
1834 2015 1252 951 2818 2077 2772 2478 1753 2777 1125 70 2 2663 18 601 1842 2561 1035 2510 431 1839 315 1759 2757 1390 2622 1557 126 1165 1845 702 767 2000 2686 2302 2624 191 522 1175 1443 2161 2656 417 1306 2728 437 889 485 901 1233 1951 802 868 1830 1562 848 1207 1033 1559 1130 727 1747 555 2506 2471 1938 1686 1801 707 2667 29 2601 747 578 1357 589 1236 1431 426 380 688 1833 1451 2668 529 2320 2172 646 1693 165 327 145 2421 2074 424 2149 1398 1905 2072
726 430 2236 999 331 478 1475 655 2693 2059 314 1635 390 1050 1967 1037 1140 1715 484 2053 1472 1303 1124 2429 1662 1503 2301 2407 534 2687 1187 1275 1648 2406 1929 27 471 1438 1730 806 2244 2698 1273 2806 53 363 290 780 295 1465 1918 2505 2465 758 268 936 1008 1831 1655 786 2470 799 402 1127 1706 1274 418 391 464 1378 1481 108 2061 643 2557 653 1026 2690 389 927 1692 1912 1921 1022 2611 1278 1647 1972 1756 721 2062 1216 2402 1568 1317 1822 1755 838 1789 805
1948 1096 1416 1362 1897 497 1586 992 2046 2213 2721 1569 122 2241 1218 1610 2272 100 231 259 1051 1860 2135 899 155 1381 1884 712 64 2832 2034 1316 137 1212 1658 1606 1630 1045 439 48 2650 2300 2741 1123 447 2790 2815 925 638 787 2312 85 2836 715 2825 1326 1796 2118 188 2766 754 1934 305 1644 1360 312 1926 480 562 2817 980 2826 1728 204 1993 1445 2150 1656 221 30 2185 987 46 1102 2352 704 1901 116 563 246 348 1407 168 499 1782 1067 2842 2366 2319 2124
2081 585 2462 2067 1864 2103 910 1042 1819 1643 809 701 2334 1402 276 2361 883 2353 781 2843 2264 1871 1344 257 2609 2027 1800 416 2256 69 1625 1731 288 742 2613 869 233 1645 1963 381 2474 2101 1138 196 871 98 1894 1707 664 353 2331 937 1516 904 2551 1493 2485 2693 547 2312 611 996 2530 776 2341 1468 1913 535 1973 1386 1909 1635 1472 978 31 2610 2652 2284 188 2773 1240 1142 1491 2397 1319 1577 2556 2018 2826 1157 2006 914 367 2146 2082 719 1466 390 1518 524
1041 1754 1038 698 2421 1949 1049 932 839 640 1521 828 1272 2520 2210 1910 13 955 244 2671 323 1616 2578 377 2115 865 2032 370 56 2047 1189 1477 672 1696 2828 933 2083 1668 1337 2150 2602 571 1374 1430 509 2217 1766 1553 2457 844 1515 1699 2038 609 536 2423 1256 1764 2117 1602 1236 2570 1399 21 743 1793 2795 121 2384 2267 2380 142 901 569 1132 979 2415 2348 340 427 1249 193 289 2568 214 2227 893 2451 2031 2120 2078 2521 1886 176 1738 1492 1431 510 2404 310
5 844 1515 2457 509 1889 2725 2464 957 609 1696 2404 1766 1426 2448 2115 744 1326 244 473 2124 375 2128 1616 466 306 2014 425 2366 498 1061 163 388 1754 2421 2351 1637 1556 1038 2508 510 2521 2141 214 2751 1139 1602 1537 1477 119 2566 690 2048 2203 1953 815 2179 1949 1768 420 148 1171 594 1269 2227 1397 1945 520 232 1738 19 2348 2828 746 424 1296 2169 1080 672 2451 2384 1214 1987 1610 1383 2502 1502 2638 1867 21 80 1849 289 2354 979 1722 2567 1659 1668 1891
1083 6 582 285 1221 546 1702 1260 2643 759 807 181 620 732 1797 1697 2807 1188 1891 2816 2171 1858 2043 922 1723 2278 1318 1536 2749 2810 636 2666 752 1603 2522 475 1856 2056 45 2111 1541 650 2441 2346 1064 1914 2313 1251 468 2261 37 661 2194 1865 2202 1456 1364 2745 2476 2827 88 1535 940 2048 1004 1343 1713 1176 1916 2203 95 905 594 820 2112 844 832 2118 1836 2425 2760 2401 2737 232 1269 1434 2785 1476 1015 596 2608 777 148 973 310 1284 1283 1483 236 1727
1284 807 1456 1260 1188 1858 122 582 6 1221 411 285 37 372 546 1702 2643 922 1015 1610 481 815 1723 2194 454 2261 1987 2118 1227 1153 759 163 1891 1637 973 1884 468 23 1697 1659 980 2313 2749 1061 1603 425 388 1082 476 1844 2303 1766 1556 1285 1080 117 448 1308 1761 669 327 2115 609 1744 661 744 1480 2222 1865 184 650 1816 1366 2677 1537 2423 2351 1286 78 73 713 1888 2162 1535 747 244 1342 20 506 2171 1083 1660 2666 1562 820 36 1750 403 837 1006
1132 1588 121 988 213 193 536 569 2090 36 1431 866 1268 2078 142 332 1492 1699 802 733 340 1728 2333 1886 555 2408 2743 1053 2117 1393 429 2029 1533 1430 1890 707 1553 135 289 558 1033 199 2668 2384 1236 979 2295 1256 2227 1562 29 432 554 1888 757 868 2533 2413 21 1478 2786 2451 878 1719 1398 2380 2320 1945 2267 1686 1149 2108 176 417 680 424 2172 2649 2224 1228 286 24 1448 2756 886 754 681 2217 62 1910 184 925 1418 499 1870 26 119 597 1889 361
2510 431 1839 70 1753 2777 1125 1035 2772 2561 2077 2478 1834 2818 951 2015 1252 461 1976 395 1390 2757 1557 824 1759 2547 650 2113 767 1176 1938 903 2622 2149 2066 1948 596 2471 304 1213 277 18 576 2686 2178 1693 1842 2601 2497 1416 1785 1749 1549 95 2656 889 695 2249 1559 2 132 2700 75 2644 73 1476 315 2016 2074 601 2666 888 2009 1744 417 39 2663 1562 13 1908 446 1106 1845 20 2214 831 1443 2751 1743 1065 167 1064 850 2182 2522 1286 236 1096 272 597
2252 2310 1651 1368 2682 1566 1367 1239 2328 1583 2491 1977 1211 1578 2660 512 2488 841 982 2042 2026 2723 1179 1920 517 566 763 1063 2379 227 1906 919 1579 1154 492 916 928 515 1851 945 998 2225 2065 1657 748 2459 2729 118 2711 1791 2732 1769 74 1470 219 2007 1531 930 639 1058 1585 671 382 2097 1301 2647 1354 1331 1528 952 631 1002 2349 2792 1667 2676 1837 114 1778 2507 1253 906 311 984 1158 819 559 1428 394 579 251 2381 1518 887 2670 2724 352 1046 815 997
1371 2263 1113 1525 2152 214 2572 2623 2141 1280 2502 327 2841 2678 851 2348 106 1661 621 1866 1605 2522 1865 1144 1084 1139 1602 629 1032 1064 183 1251 1364 2056 171 45 2401 38 957 1960 96 84 1953 1632 189 2760 2182 1927 2831 941 744 2612 236 1365 924 1283 2060 2608 894 2554 609 2705 2751 1768 2162 270 2761 1171 1738 2153 1659 940 2726 2404 2109 419 2203 198 22 1108 40 2116 834 2048 1749 1004 1184 2497 1727 2216 1726 75 1214 2303 1199 117 2737 150 1687 23
197 1993 2439 463 712 1045 2241 1658 2840 1544 1422 1663 1782 2628 2836 1381 550 2130 2050 2767 900 1218 2649 179 1617 1417 947 1054 2289 735 1840 1870 480 1328 1444 440 2375 1369 1261 260 1437 2826 26 1468 925 169 445 2312 348 1552 1710 1679 563 433 1029 1489 134 1253 1486 2088 2454 2011 2837 645 2133 559 1623 489 1202 2082 1146 1649 2515 2270 51 2769 2397 904 2707 1926 1307 2832 769 85 2084 312 2419 2790 194 1051 663 1102 221 1796 2424 2412 1190 1407 943 635
1017 1290 2093 1518 631 2049 1879 2282 607 451 2140 2596 530 1058 1604 2064 1301 2796 921 394 984 1237 1567 1981 2392 446 662 1909 2357 1906 1978 1002 908 2082 918 2543 591 559 124 2270 1119 778 1319 1613 188 2312 723 611 2462 382 1812 1407 1491 2085 978 2389 2361 1359 539 904 2044 2675 910 841 1404 1864 659 1621 186 227 2501 1578 312 2652 238 2585 1437 2530 1146 763 1089 203 2065 2257 1819 1046 996 2597 1925 196 1428 1111 1468 2773 674 1339 1100 2225 2832 1828
967 135 1804 2295 2413 558 1448 2615 91 707 1719 2235 2408 213 2756 184 1478 2320 739 568 1728 1265 1945 754 792 1149 2533 2296 2021 29 2638 540 2354 1689 426 24 2143 1849 232 2673 286 424 2024 1597 2172 2260 1231 1269 1593 1722 2566 218 119 2224 2441 2472 520 2827 634 310 1996 1383 1867 1296 80 1091 1733 1984 19 2390 2430 2744 1533 2649 777 2558 291 1529 499 480 2785 925 165 983 348 2242 2728 2039 1535 766 293 230 1856 725 26 1369 2356 1870 388 2000
204 2741 899 2135 1212 1606 2842 116 137 1935 2068 2766 2558 1463 1067 1547 79 1134 2511 97 2041 246 1944 722 2305 2665 2728 1055 725 350 2580 165 2294 686 2207 2825 1056 447 1870 2090 1825 1223 2057 1677 1771 2625 2384 2649 746 332 2248 1998 892 1656 480 1986 1102 494 388 2435 1892 2790 2258 1464 1934 26 1076 2506 2037 90 2508 1889 1369 2736 569 1910 1926 2638 1624 119 1130 1452 2813 665 21 2817 2451 305 712 790 536 1874 135 1796 1940 1630 2828 657 2717 1061
1146 2389 1799 1752 59 1202 1545 4 2082 2270 2367 188 1737 626 1240 518 1386 1721 556 987 312 85 2832 2300 2189 950 1405 1316 635 795 547 826 1629 2501 2477 1102 1934 2556 2588 611 2790 2044 1319 1926 1656 221 2312 283 1407 2528 1624 266 1636 943 2411 1644 2241 904 1840 1468 817 480 2298 2397 260 613 2817 2689 440 2534 2826 2289 705 2148 134 348 2069 712 2256 563 1630 1360 2185 633 2681 2842 2574 2250 925 1339 1775 1464 1563 238 2631 1864 1045 978 2181 2119
835 1908 2471 284 2601 702 990 1830 2624 848 578 931 1845 126 2276 502 1107 1254 1767 1608 297 1114 1310 103 684 1340 1512 1821 1323 768 1720 250 1975 688 65 903 1413 1235 1186 2388 2314 1391 2277 581 398 395 543 1232 2644 545 529 1426 1801 2040 2768 1394 522 737 341 962 1075 1458 1217 364 1559 2503 572 2494 335 1819 2612 1397 2561 101 757 423 1839 70 2546 2114 2478 2381 1864 2386 1683 1199 2759 2591 2841 1591 1916 2230 1213 304 2323 1400 2000 420 215 1106
197 1710 1701 1489 1417 860 463 2084 900 2424 2001 489 1307 1486 1437 1190 2769 1468 348 445 606 1870 2574 2515 712 559 2397 1788 1658 2439 2753 26 2840 1253 2419 675 2649 1218 1369 480 2767 1045 904 260 2826 2076 259 1381 925 1208 1910 1782 674 1029 1993 563 2312 1123 2289 1552 1981 2011 2241 1983 134 1627 2724 2544 977 446 2628 2375 1237 1362 1054 2391 906 2652 433 1878 1663 1948 2454 179 178 2088 2044 2308 1328 1624 2626 2712 892 2836 637 319 2050 2650 1428 550
1699 2029 571 332 554 2743 555 1430 1890 868 1553 1888 289 1065 193 1256 427 1033 142 1886 176 2217 988 1431 1492 1562 1393 569 2668 417 2384 340 2451 2117 1398 2078 2415 21 2380 361 2267 979 597 802 62 1236 2333 2786 866 1053 1793 121 886 2108 2227 432 1418 429 2568 199 681 2423 536 733 1686 878 1588 500 743 323 2032 36 2090 901 56 893 1668 1132 1189 2602 302 1499 1041 78 370 1038 2047 2421 1268 1910 1374 2671 2115 1616 2578 680 1337 292 244 568
2045 2023 1584 2755 747 258 770 2545 1796 2034 1416 1948 1320 1586 497 1096 64 1362 1897 48 2083 100 1256 1910 2046 715 988 2721 19 2217 1865 2745 1329 824 155 1844 1286 305 992 2578 2213 609 1640 2202 119 827 289 1764 76 1476 744 1569 1401 2415 21 425 597 2598 26 1032 1337 562 193 1390 230 1990 1061 2568 1980 163 2668 1785 926 2224 1553 2135 1316 1199 1562 36 1212 2108 1038 2210 132 2700 506 2661 2423 1707 2421 2335 88 1383 1176 2315 2216 1714 2815 683
197 1993 463 2439 1417 712 2375 1045 2289 1658 2241 2628 2840 1489 1710 900 433 550 1701 2836 1663 2649 1422 1437 1468 1870 1544 348 480 179 2826 1840 1486 260 559 1782 860 925 26 2397 2082 2312 2419 1381 1369 2270 904 489 2050 2130 2454 312 1926 1656 1386 563 1146 188 1102 1788 2832 1029 1253 2084 2790 1218 1934 134 1624 2769 2528 735 987 556 85 1407 1545 970 2044 59 2424 2501 1617 769 2574 1307 547 1319 1737 524 2652 659 1054 2515 440 1552 943 2389 2767 817
2797 2844 2092 352 891 2269 1539 2833 2576 2139 299 1549 428 2371 90 2473 264 2776 1982 2484 2455 837 741 667 1009 2731 1122 17 1814 1159 1589 2063 1735 1815 2403 1571 573 846 403 1925 642 2175 1698 2338 2138 2412 1291 267 1338 2223 2100 2226 2486 600 1238 1619 195 226 2189 1349 1622 1994 262 2094 234 2255 888 1540 160 1618 2717 879 1078 317 2811 2340 1295 2253 1530 687 1807 1824 668 1863 969 2385 1409 1421 2273 867 1071 1826 1607 472 1095 2738 1242 537 166 1060
2792 118 567 998 1583 1791 952 1579 919 9 945 841 2711 1179 2065 1354 1769 2491 778 1578 2328 808 2778 2647 639 1854 1920 1977 382 517 2252 1470 2682 2729 930 1667 1770 1970 114 928 1531 227 887 982 1657 763 916 1851 2379 1063 1651 748 2723 2225 2575 98 776 2042 1819 1625 819 1864 2361 923 353 547 2505 2465 1386 1046 1963 1428 1585 1437 2304 674 978 2349 869 1662 936 1925 906 559 579 2053 1018 975 1730 1486 363 268 585 2556 505 1465 1124 1528 900 2076
1034 2461 2374 1276 2672 493 1392 210 1234 2174 1196 1375 2418 2184 1861 294 1765 57 793 1724 976 1859 133 548 1664 280 1575 1358 583 2327 2229 801 1580 1792 588 885 1758 1072 746 570 1776 1457 1947 756 857 2125 704 2838 797 2456 263 2739 1350 2004 1877 366 2039 1665 1043 1930 1887 2659 2590 2548 720 1081 689 228 2332 1497 1191 2321 2186 422 1229 1542 77 2356 1551 2206 1279 2123 1675 421 2330 2694 656 242 438 2581 706 859 2187 1345 1086 1030 880 2662 2703 158
453 401 2163 1510 399 823 208 595 1628 2587 73 1599 437 760 1145 2074 1233 380 1872 2055 1717 461 1976 99 141 981 2469 731 477 2655 2126 2161 1023 1682 1160 694 2098 1047 2747 2691 2122 1784 816 177 172 2829 1085 2679 72 612 1911 2355 164 1903 174 156 1479 2775 320 1504 2452 2722 222 1436 1387 1163 2577 2218 850 1267 2636 2134 1415 2009 2318 1201 1305 1621 1236 2572 1241 2380 2147 2464 745 1939 2015 2324 2267 1474 1826 2725 1798 1688 2404 2156 2512 2488 1430 1904
956 1882 154 2749 2468 1797 732 342 620 551 2740 1059 181 1541 820 2399 795 1318 546 2807 1524 1487 1260 636 759 203 1536 2503 115 448 1702 1400 2643 1697 307 807 2278 285 2043 582 398 650 2666 2171 1188 644 2727 2386 1199 6 334 1221 661 2476 750 1726 2823 1083 1336 1609 2756 1767 1025 2387 475 1013 1195 953 1768 2040 210 2688 2080 1880 2442 2816 1206 328 1594 1449 1687 2020 2678 404 1458 229 1560 1911 600 2116 2238 2761 1761 1922 1072 215 2141 2720 300 341
2045 2023 1584 2755 747 258 770 1320 2545 1796 2034 2134 597 1562 19 901 417 2217 2108 2423 1256 1980 361 1398 2415 893 1839 868 554 289 424 1890 2668 1443 62 498 988 1707 323 1035 889 360 2421 1199 1390 609 1286 2216 973 2745 119 940 155 2074 427 1844 2578 1888 21 676 1722 1285 2566 1038 966 783 744 926 1785 1401 2202 1416 2058 2702 1628 886 425 983 1865 2568 2746 1296 1968 1269 2523 1430 707 2607 989 213 80 1599 292 1364 302 1558 704 824 2077 1176
2025 2669 225 192 61 1780 2164 207 2794 2396 1781 2280 2173 1787 239 209 838 139 1127 245 2091 654 408 1282 356 525 296 1506 49 1274 1141 653 2232 383 1472 2693 1555 290 418 2017 2470 52 2311 27 2070 1435 1216 1248 1481 1124 2053 2531 1011 625 1505 679 1475 1961 1598 216 1356 806 1924 1662 1465 534 2429 1140 449 1021 999 471 1635 1438 1967 780 858 390 2244 1037 1715 2236 1755 53 786 2059 113 2565 252 1918 363 2285 2557 455 2137 484 936 331 402 782
1949 629 2421 2677 1038 1754 1041 1144 244 1616 941 1865 2115 1371 1661 851 327 1960 214 1766 640 1910 1272 2152 1477 609 2210 2572 323 1696 2161 84 40 13 828 844 1113 509 1602 909 592 2671 2404 2263 2578 2457 1987 1525 815 2571 1659 96 744 1632 23 1723 2502 2348 2109 2141 106 2162 2726 481 957 1889 1744 882 2573 2725 2623 745 1605 37 1927 2494 940 2116 2464 1064 325 2521 1891 1336 2678 834 1426 2520 270 594 2217 1080 894 1668 1738 281 1749 1515 2058 377
1425 1933 850 1380 2627 1267 1200 222 897 2512 946 1790 1263 2245 905 2218 1504 1750 836 1219 2071 474 2362 1621 2645 1911 2410 1006 1305 396 935 2096 2355 1322 1641 1423 2156 325 2514 644 1736 2463 2030 1436 2086 45 1671 1066 1321 99 2452 745 459 2432 1098 1474 488 2642 2450 2831 1226 1064 2147 1749 2249 2593 2446 1709 2056 755 42 8 2522 2394 2572 2706 621 1447 2705 1090 2216 2464 1081 2313 2442 2691 2401 1785 783 340 2688 1469 272 333 2404 1106 2342 1431 1957 1559
2152 2502 1891 1723 1605 1865 2841 1139 214 1113 1603 1371 2348 629 2816 1953 6 2263 2141 1602 2346 2666 1738 941 1768 1283 1525 420 1221 1397 650 1108 84 2761 2048 270 1916 2768 285 510 1866 148 2521 2171 475 1488 582 2043 2203 106 594 327 2179 2810 732 1083 807 1702 620 2567 1171 1502 851 2643 1661 1979 1364 940 2494 2831 1251 2751 1184 1214 609 820 1144 1032 198 1541 1203 2705 546 1960 1188 750 2623 75 2497 2572 1659 2401 1727 1632 96 1004 37 22 1260 1927
1419 392 301 2331 257 1894 519 1495 2843 1479 320 937 2377 535 1871 1527 1731 1707 1200 1992 2613 2609 2458 2763 1138 288 1682 1676 1385 1007 1387 966 1645 730 1425 2318 1442 1779 1800 2600 1002 1705 1778 773 416 2341 2145 406 2660 1068 2543 338 253 2299 1325 1466 1142 1384 99 2420 1969 1131 1243 2516 742 336 908 2830 2243 1020 2102 339 2519 2085 2290 2680 2560 1309 2518 2746 186 435 1370 942 1040 1526 1498 1670 355 821 1581 1850 1718 1966 2151 676 2492 1455 1511 1750
2045 2023 1584 2755 747 258 770 1320 1796 19 597 1256 76 417 1562 2217 2421 289 1888 1398 2668 232 1722 2108 1980 2216 988 1364 2415 2058 1844 868 520 2423 554 1890 1065 609 2566 2745 2056 2202 1286 1945 2827 62 361 901 2522 1038 21 424 886 1269 926 2182 193 834 713 940 2227 323 1430 893 1628 1996 1686 1033 1553 2760 1074 783 2249 2190 45 979 983 1035 2578 1064 2545 1041 2612 2224 2571 2568 1749 2077 465 1785 2441 1091 427 1849 1766 171 1342 1750 2116 1418
529 395 2644 962 1801 572 2277 1230 2323 1394 1798 1334 1361 646 1451 2000 545 2787 989 2054 1683 1559 1175 485 364 215 1306 436 727 1951 101 737 589 581 658 1106 293 2040 374 803 2114 251 2759 1971 1427 1900 341 2113 2381 304 2066 2540 2579 2178 1213 1883 2504 1353 1898 1786 766 2242 76 1257 2546 714 2238 328 2784 1115 1839 2149 853 1558 898 1207 39 461 2656 1357 1834 1312 789 1561 2015 1087 407 1443 2421 1928 1389 1166 1300 1976 2561 1035 426 2671 240 2016
2629 2539 2428 1429 2120 2031 1070 2798 2221 729 377 2038 964 2578 1399 358 828 2083 1337 2640 672 1764 2828 1952 1668 2602 1266 2335 933 2570 1374 2808 2839 13 2795 2210 640 2520 865 1249 1329 1272 1910 2671 2513 698 400 1521 955 2401 45 2056 2522 2612 621 1364 1064 2182 2448 171 2047 183 2760 2608 1449 236 2831 1425 2464 1251 2720 398 2562 2571 1536 370 2032 2116 1189 323 2141 1049 1255 762 959 2661 986 2503 2384 2512 644 42 2451 766 78 2238 827 1217 427 571
2677 629 909 1949 941 275 1865 1400 2161 586 281 1082 1144 2494 1308 443 37 1687 745 1726 1184 1922 84 325 1570 1006 2620 1591 1487 1199 327 2535 117 448 1763 924 1474 1866 2841 762 543 1502 2706 1198 335 1315 2791 1908 300 1232 1471 2303 396 1080 1090 1336 2503 2678 1525 820 298 115 23 2573 1113 123 2572 1108 690 1738 2571 2153 882 1703 1363 1013 1371 2197 2627 2160 796 1768 1671 1916 1205 619 683 1659 334 1194 894 1283 953 370 459 2188 2761 1995 2346 2720
1146 2389 1752 1799 59 1202 4 1545 2367 2082 2270 188 1737 626 1240 518 1721 1386 556 85 312 987 2832 2300 950 2189 1316 2501 1629 1102 2588 2477 547 1934 1405 795 826 2556 635 2790 2044 1656 611 2528 1926 1319 2411 1624 221 1644 1407 2312 817 943 283 1840 904 1636 2817 1468 266 260 2826 2069 480 1360 440 1630 2250 2534 2241 134 2397 1563 2298 563 2289 2322 2574 2689 2119 705 2185 274 633 2842 2766 2181 2681 613 712 348 313 204 1339 238 2256 2248 1775 2370
835 1908 284 990 502 1107 1254 2471 1608 2601 702 1310 1340 578 2624 1512 684 1830 848 931 250 768 1821 2276 1845 1720 1975 65 903 126 297 2388 1114 1767 103 1323 688 1413 1235 1186 2314 1391 398 1839 395 1232 522 2644 1458 529 543 1217 70 2277 2561 2478 1426 1864 1801 335 1570 1819 433 581 2612 2503 2386 1035 1557 2397 197 2496 2116 2777 1316 2077 2057 2289 2230 1075 2768 1916 962 1840 364 2128 2040 1606 1496 950 2494 2510 2069 2713 1199 2772 1965 423 1080 1125
1300 898 2066 2113 1213 2178 304 1785 853 1115 1087 1558 2546 714 1197 1207 465 1928 2072 1166 1389 2493 2409 1590 895 93 614 803 1561 483 1137 2324 1883 617 2784 374 1228 251 1427 540 1257 1353 1175 1161 2242 485 2759 1773 1847 1513 499 240 407 634 1593 1631 789 1795 2542 1798 24 2430 2143 291 1951 76 751 2540 1306 2054 1394 1535 2579 1334 2787 646 215 1346 589 1538 1971 676 727 1786 1689 310 1597 2022 1865 962 2504 2238 1333 436 545 1801 1093 1230 2024 426
1305 1052 2201 2750 755 2342 2432 2512 1736 1709 2450 935 1806 1638 2645 1436 850 1321 836 1098 222 2218 2362 1933 1504 2096 2156 897 2071 1790 1911 2355 2691 1387 1906 981 1330 1009 637 837 2736 217 255 2617 1910 2420 2825 2657 1554 2140 1463 1337 2308 619 892 1935 1521 2074 2083 521 1353 477 2041 506 2455 1593 2712 1815 1870 1189 1796 46 1301 1604 380 73 2486 660 754 204 1545 1962 988 1606 1584 1883 1363 2784 246 1621 451 26 682 2426 2257 1370 2578 360 2296 2721
277 767 1938 1443 889 1833 2686 1747 2496 2315 2702 1980 2510 211 1460 2532 2685 431 369 2818 951 1989 2015 1834 1418 1252 2522 1064 1793 1277 617 45 2478 417 70 2056 1065 1562 2668 13 1605 1272 1686 2777 332 569 940 2108 1091 2217 2335 1342 2077 997 1074 2058 597 20 2182 886 36 2497 2384 1904 1343 803 1401 1176 75 713 988 1431 1390 1561 2760 2203 1910 745 1364 2415 2421 2572 1996 2507 1203 1711 2571 1087 824 1727 2242 1890 1557 2827 1161 2521 236 733 1004 400
1105 243 1396 1370 1554 355 813 2257 2696 1673 1384 1614 1331 1742 908 1495 966 2458 2660 337 487 1681 2600 1705 942 1906 2049 2085 921 54 660 1567 530 1893 2782 710 542 2064 360 2543 1853 2336 2259 2369 320 50 1637 2136 393 1604 1237 459 2249 1119 1301 1739 446 2678 2664 2426 1064 1000 193 394 2410 327 1816 2518 254 988 765 409 2831 236 1556 37 45 1387 825 2608 680 1420 1198 2490 2522 1660 560 691 1322 3 1523 1726 1073 36 1083 1288 2705 629 2194 1785
2282 1290 1017 2064 2596 631 921 1518 2049 607 530 2796 451 2140 1604 1301 1058 2093 984 1879 1567 446 2392 1237 1981 394 662 1909 1978 1002 908 1906 1119 2357 1621 2085 660 942 2257 2543 1554 2259 542 1853 360 852 1384 1673 813 1212 54 2782 1370 2638 966 1742 983 899 1804 1401 1739 1613 1733 2458 289 2135 1719 1000 1888 2190 617 1035 2217 2619 1342 243 1478 710 1606 1331 2741 1630 1296 536 1529 36 388 2635 119 1474 97 345 1383 2827 417 1431 1722 520 1713 2246
1870 2649 925 1369 480 26 348 2454 2769 2714 550 179 663 2538 1422 712 1417 421 689 2375 1665 2123 570 2838 2574 1489 2581 1190 2004 1710 2125 2501 1193 1758 1792 445 1930 260 1934 2039 188 2044 463 2418 1551 2528 704 1102 2312 559 2817 524 2456 1319 2116 2424 611 817 1910 1580 2840 1624 2411 280 1552 1656 2842 860 2790 1337 489 1861 2327 2148 1468 2652 1486 4 197 1644 900 1146 1901 1545 2084 134 1895 2386 217 1701 2397 135 2356 1172 168 204 2638 2419 2206 2676
629 2677 1949 941 909 1865 281 1144 2161 2627 84 270 2494 2421 1916 327 1038 1283 76 2503 907 1768 2346 2572 1371 940 1641 2761 475 2245 853 1922 1108 1184 396 1541 1206 1113 2841 474 882 275 1754 543 2072 2216 115 851 1263 1928 1798 2152 1004 1957 1502 214 714 1740 1343 23 905 1166 1412 123 1207 1175 1198 1087 272 75 322 1605 1106 1558 1199 2224 1222 560 39 820 485 1423 644 198 1334 2542 488 2179 1080 898 676 831 1400 1256 989 384 1203 750 1041 986
106 150 1927 96 2502 2152 2554 894 1632 2263 419 2153 1251 2522 940 1083 1032 2401 1727 620 1364 1525 732 189 2141 45 1004 2678 214 1749 1856 621 2056 2060 2555 1371 2048 1064 949 2567 644 1605 2737 1661 2831 2441 2720 2623 1702 1171 181 2111 2112 2562 1434 1343 2203 2807 2442 2841 762 2705 198 2202 1263 2572 1103 1139 1288 474 84 1726 1914 1602 2827 2245 1768 1703 171 1483 1999 1738 2612 1318 844 1283 2116 2760 834 2179 1797 2761 1867 2278 2751 1269 510 1336 2643 1865
1749 834 2058 1672 1277 2700 1178 1727 761 2555 2437 1990 2249 2317 832 1836 2523 376 1483 34 2422 1713 1714 1838 2202 1995 16 576 1447 2745 1116 1224 47 2180 88 2190 683 2129 2785 1469 1346 1914 1176 1476 1535 465 695 44 1161 983 1847 1996 1091 132 824 1044 1513 2827 676 2547 2441 777 1856 617 1773 1228 95 1593 291 1561 1300 596 1795 1087 2522 1631 2111 940 2112 1425 2242 898 988 1064 1343 1785 407 45 1364 1103 1004 36 789 1488 2056 1693 853 979 310 2737
1948 1416 1096 1362 1897 497 1586 992 2046 2213 1051 2721 1569 1218 2272 1796 100 1993 305 1860 2815 2034 562 2352 1316 2241 51 155 259 715 1237 2755 1584 1381 1123 2556 2767 2713 1604 1261 712 1782 1658 2312 1307 2826 64 2836 1552 1045 168 2545 1878 260 1617 2045 231 2650 925 2133 2076 1640 439 611 2454 319 563 446 530 26 900 1148 2424 1636 1910 1468 1926 817 1496 1901 1369 2088 674 451 1319 1301 1981 201 2790 2652 2825 194 506 1437 1422 2023 2300 906 1934 1810
2282 1290 1017 2596 2064 631 2049 1518 921 530 2140 451 2796 1604 1301 1058 984 607 1567 2093 2392 1879 1237 1981 446 662 1978 394 1909 1002 908 1119 2357 660 2257 2085 1621 2543 1673 1614 1906 1331 2259 2782 360 542 813 918 1396 942 1066 1145 2827 1224 1742 1554 1853 2568 2696 2458 700 2190 983 1401 1384 1804 2111 2441 2000 2262 708 1226 243 186 2377 54 1342 1370 967 337 870 1713 124 1527 591 1087 1178 2207 617 852 474 966 1105 362 1613 949 95 2523 310 2728
536 340 2227 2090 2786 979 569 332 121 988 2668 1588 1132 176 1562 2108 193 2384 1268 1449 1699 1033 1890 36 1393 2743 289 1431 1888 1065 1492 142 2451 2117 554 21 2078 733 866 1430 1886 555 1256 802 2029 886 1418 2217 199 597 1553 1686 417 571 429 1053 868 1398 1057 2333 500 432 361 62 2267 1236 878 2380 680 1793 681 427 2671 893 292 2415 865 302 1499 1329 1764 2335 2423 213 901 1910 1668 2828 2568 672 743 1038 2839 2570 933 1266 1728 2638 78 2602
1431 2117 733 36 866 1499 500 2078 1492 142 1430 1053 1886 1699 432 680 1890 802 2333 289 199 429 878 2668 1553 554 2267 555 1236 2029 868 2380 988 1888 1256 681 1562 332 2108 176 2384 1588 1398 21 193 2743 1268 340 2451 2217 2227 361 121 536 2786 1033 979 743 62 417 427 2423 886 569 1393 1132 597 1418 1065 893 568 302 292 1686 571 78 1449 2568 770 2415 2090 1597 1057 1793 1320 2224 901 634 1478 24 2671 426 2143 1149 1364 1038 2673 1865 370 76
204 2741 1212 899 1606 2135 2558 2766 116 2842 137 1935 1463 2728 725 97 165 2041 1944 1134 1055 1547 1056 246 2068 2825 2305 1940 2207 1825 1130 2511 1986 1067 2294 447 2506 2736 2435 79 722 692 1223 1874 2813 2248 2057 1126 790 494 1464 2382 1677 2665 1962 1841 350 362 2292 480 682 2319 2625 2258 647 305 1771 677 2719 1656 2528 1937 686 1934 146 348 1870 1796 2649 1076 657 1102 2393 2501 1639 1892 1545 1407 2286 231 2438 2037 1901 2411 2044 135 2817 2683 188 1926
1179 841 1579 945 2792 2491 9 2682 118 2328 567 1977 1578 639 1583 1791 998 2252 1470 1920 2647 1651 952 778 382 517 227 2711 919 1063 887 916 1667 1531 748 1770 1854 1354 114 2065 1769 2723 2778 763 808 2042 1970 2729 982 2575 2225 819 930 1585 1819 1864 2462 928 1625 2334 1662 98 225 2017 2059 1475 1657 2061 721 2693 999 978 390 1647 196 2062 363 1635 1438 1465 1386 547 2687 1972 782 1395 1851 1961 2379 1018 471 2429 1715 1921 2081 31 653 806 331 1472
1910 1272 2421 1038 1754 1041 1949 1616 680 244 640 2210 2520 13 2115 2578 828 2671 1430 2380 1553 2267 1236 2083 323 1256 1337 1886 536 1699 2217 1766 698 1696 377 2117 733 2387 193 36 1431 609 1132 1562 21 865 500 370 1189 2384 2451 569 1588 2090 988 844 509 289 2227 340 40 2404 121 332 1890 2668 955 56 1888 417 979 866 1668 2828 2457 1960 2521 2078 1793 1515 1049 2108 672 1398 1521 933 2032 2570 119 142 510 1477 1889 2464 571 2602 2415 2786 199 1033
2713 100 2721 715 1569 2545 1796 305 48 64 562 2034 155 1640 439 2433 51 1453 1490 2309 2376 201 1860 1901 2650 2826 563 168 231 260 1148 1878 2213 1123 2289 1316 817 1584 2272 26 1307 2088 348 784 1870 2556 2652 659 1656 900 1319 2424 480 925 204 1658 559 2817 2649 1369 197 1934 1624 486 188 1437 1948 1993 2501 1428 178 1737 2769 1545 2454 2714 2790 2397 2312 978 1185 2084 1045 1496 606 1926 137 2708 2836 1606 1782 611 489 2840 712 550 1627 1029 1468 433
1786 1257 1971 2000 1451 751 1180 1106 76 1357 926 1559 564 39 1818 1996 2495 989 230 1361 2281 2288 581 2114 2224 789 483 240 803 2054 1091 2784 1672 1801 2785 1300 2579 2504 1207 2759 2072 777 766 1087 714 2409 895 2238 1093 1590 1558 93 898 1166 1561 646 1178 251 1883 2242 2540 2437 1928 614 1346 1804 1161 328 1749 832 1115 967 1137 529 2700 834 1427 1483 29 1513 215 374 376 1230 1353 2533 2695 1836 291 1773 341 1898 1149 572 101 2117 853 1535 1277 1914
898 853 1207 1087 2072 714 1558 1300 1928 465 1197 1166 2409 2493 895 1590 614 93 1561 2066 2113 1213 540 2324 803 1785 1137 617 304 2178 1115 1631 2546 2242 634 1593 1257 291 1389 1346 2430 751 2542 2143 1535 1597 310 24 2024 407 426 1689 2784 2827 1883 2054 1228 676 2441 1333 1019 1175 499 483 940 1353 76 1334 1685 2656 1161 2149 2022 1343 954 63 1798 1298 485 149 1693 1786 646 739 1357 1971 1538 182 2112 374 2667 1064 949 2737 251 1434 2016 1847 783 1773
1371 2152 214 1113 2263 1525 2502 2572 2623 2141 1280 851 2841 327 2348 1605 1602 1661 1139 1953 1865 1866 629 2678 106 2751 1171 609 957 1738 1214 1960 744 924 621 2401 22 1659 1364 2109 1032 2404 1144 1084 2522 2162 2726 40 38 1064 2612 1251 941 96 2056 2567 171 2203 84 23 1488 1632 2831 420 510 1927 2768 183 1397 189 45 2521 2182 2464 2705 117 1184 2760 1283 592 1744 1889 1766 2725 509 1365 2060 834 20 1891 2179 2303 1727 479 270 2030 894 1203 2457 2216
213 1132 1588 121 707 2408 1728 1533 988 193 569 135 536 757 2295 558 1719 2533 2320 754 2756 2090 29 2413 1149 967 2021 1945 1231 286 2172 1448 1478 36 2615 184 1849 332 2673 2354 1265 340 119 2078 1699 424 1431 499 232 2224 1804 80 1492 1268 218 142 520 866 2638 24 1296 802 2143 1430 1256 1553 2024 426 91 1236 2117 568 2566 1383 2743 1886 1597 733 1562 293 19 1722 2260 1890 1984 1269 1228 1053 1033 2668 1393 868 2227 555 1888 289 1867 2384 432 2235
1929 2806 295 1275 1730 2687 2301 2407 331 1655 1026 655 999 1008 108 268 726 2236 484 2059 1831 2429 1706 534 467 1912 430 1662 464 927 1022 1475 1789 1378 2062 753 628 2398 1220 2244 452 806 131 840 389 1297 2634 53 1822 2693 780 2285 1273 33 643 1503 758 471 782 2698 1438 1465 2773 1124 1941 1018 390 2053 1635 478 125 1472 1037 314 2611 1692 241 418 1039 31 200 1140 2632 326 363 1048 1967 1481 1843 1715 2715 495 580 159 391 1050 786 1875 1923 1097
1752 2556 1316 950 2367 1496 1965 1636 2815 2069 2272 1146 1202 518 1799 2389 2300 2352 2628 194 1051 59 1545 1840 613 2082 188 4 1926 1240 2790 626 1737 221 85 1721 1102 312 987 2270 2241 1386 2832 1656 943 817 1218 826 1405 1658 2501 556 2477 2439 1934 635 266 440 795 283 1624 2189 2817 965 1407 2528 2044 2588 547 1045 1381 274 2774 2397 712 2812 1644 2499 331 2631 1319 526 134 1629 197 2250 994 2411 1627 864 1544 2770 608 430 2312 1314 1663 2689 900 2289
1 1025 1349 307 352 1520 2727 2399 234 203 1242 1572 1571 913 273 1509 551 1618 1059 2524 969 2104 573 685 17 2138 342 2340 961 1807 1295 642 846 1539 2444 262 2175 147 1837 2226 888 1803 317 472 127 2255 2486 195 1540 2339 1338 2100 600 1629 557 1355 1811 1514 2811 1698 2412 2338 1167 2223 2595 2710 2385 687 1815 1366 891 2607 349 2633 1095 1373 2473 1060 2158 1409 1994 1215 1622 90 1660 2253 2771 1824 71 2063 2455 46 697 2635 879 2797 2717 2460 892 1925
197 463 2439 1993 712 1417 1658 1489 1045 2840 2289 2375 2241 1870 1710 2649 900 26 2628 550 480 348 2836 1369 559 1663 1701 1468 925 433 1437 260 179 1422 1782 1486 2419 1544 1381 2826 2397 2312 1656 2454 489 2050 860 1934 1102 2084 1218 1545 1029 2832 2130 2767 312 1624 1146 2424 1840 188 2082 445 904 2790 1552 1407 943 563 2501 970 2528 524 2270 1737 4 2088 1926 1644 2574 1319 659 2769 1253 2652 1328 59 1617 2817 2389 2044 1190 735 440 1386 2714 1307 1983 1202
2414 1177 107 1507 2604 2176 2641 1104 55 728 397 2550 1669 1194 2019 834 1691 575 2058 1277 1727 2249 2555 761 1749 584 2754 400 1523 2661 373 1995 845 1016 2395 827 2695 20 2573 479 1401 2437 831 1482 289 1957 272 2726 2214 384 306 15 2700 1483 896 1044 1672 1922 333 441 2216 2383 560 2203 1738 2521 409 1529 1641 1288 2179 738 1203 1990 1222 376 2494 21 2162 2288 1733 2182 1785 2224 905 1420 609 2390 510 1081 142 198 1836 1363 1430 1154 2217 498 39 327
2068 2842 1067 79 2665 722 1547 2511 1134 246 2305 116 204 2135 2741 899 1606 1212 137 350 1935 1463 97 2041 2580 2766 686 804 2558 2598 1183 329 140 1464 1076 2436 1452 2728 2825 2382 2248 1868 2736 725 1962 1944 165 1055 442 1130 2319 447 2813 1940 2292 2286 1126 692 2207 2294 1056 948 2506 1825 1986 2393 2258 790 1937 2719 12 480 1639 1901 1870 1841 974 1777 362 2090 1453 168 925 205 2649 1369 2777 531 103 563 2034 26 1045 2826 1362 1264 1533 912 712 348
1272 1910 2578 13 2520 2210 640 2083 2671 1337 828 377 2513 680 729 698 2120 1070 2031 2798 2038 1399 2570 1266 865 2221 323 964 2629 2032 2335 2640 1668 2839 1041 933 672 2428 2539 1521 2387 1189 1764 1952 2421 1949 1329 2828 56 2795 571 2808 2602 1429 358 1374 370 2116 1754 1038 955 1793 2227 2786 2415 1553 2217 500 1430 2451 2047 569 427 2384 1364 1562 1431 400 2249 171 2668 733 2717 766 506 1888 2056 193 691 2108 2238 762 1420 536 45 1065 1890 2380 176 328
1870 2649 26 925 1369 348 480 2454 2769 2714 550 179 663 2538 1422 712 1417 860 1710 1489 1045 1701 2375 1782 2130 1658 2836 1381 463 2241 1624 1644 2638 2817 1934 1796 2528 24 2411 197 2790 1656 892 1926 445 817 1407 2143 1102 2501 1630 1029 332 704 260 2439 188 1993 1360 746 421 2832 2332 2044 1337 1431 1888 555 2034 135 289 1910 1492 1319 1617 802 2050 1328 305 1218 1054 142 2840 2090 1478 1190 21 2123 1393 570 1930 2235 1146 1569 733 1265 1358 2767 2295 1588
197 1417 1489 463 1710 1701 860 2439 1993 1870 1658 2649 348 2084 26 925 2289 712 489 2628 480 550 1045 900 1218 2424 1788 1369 1782 2241 2836 1381 179 2790 2769 433 2767 2840 2826 606 2034 1190 2312 1656 1102 1910 1437 1468 2397 1663 1029 1624 2515 260 1934 2375 1407 559 2832 2050 2088 817 1328 2817 1253 2454 1307 2001 1544 1627 563 1796 1261 2501 2724 1644 2130 178 2753 1926 221 2300 1486 2652 2419 2044 2528 1337 1649 2574 1840 1054 943 904 440 421 445 312 134 2021
564 926 2495 2281 1180 2288 1818 230 1357 39 1786 76 1106 1996 1257 1971 751 777 2114 1559 2224 1091 581 989 1451 2000 1361 2129 1116 1224 2785 1713 803 1346 683 341 1714 2317 1914 1044 1093 2180 47 1561 1207 2422 1838 1683 374 761 1836 832 2296 2190 1990 2523 34 2745 2700 2381 895 1898 2202 1353 1900 93 2072 2446 88 2579 1672 1476 1719 739 1178 766 617 1801 215 1995 1098 614 2238 897 1856 2695 1693 2555 44 1590 576 474 2494 983 676 1137 2040 1447 2156 2441
1548 269 531 2359 2702 1980 368 2315 2685 1940 1725 1443 1397 676 420 2768 1462 126 1508 73 2499 1088 2128 2746 315 1986 1711 2000 1599 205 931 104 277 2 2074 1114 1767 475 1488 1324 889 1833 1916 2506 2161 1570 751 2663 444 165 1602 1130 1423 2568 1853 1747 339 1938 380 2346 2494 1591 660 702 1720 1183 1320 767 1605 2820 431 1793 901 1825 1845 1695 2624 1035 1285 2622 362 1784 725 1841 1256 1426 461 1830 465 164 1603 848 1000 745 694 1080 437 1340 1707 1922
727 658 589 1389 2066 898 2113 761 304 1213 2249 834 2178 1087 1175 1727 1749 714 2546 2072 2058 2555 2022 1300 485 1333 1207 783 1785 1558 1277 853 2179 1951 1115 949 1738 1343 1019 1801 1798 63 1502 1184 2203 2242 1865 1361 594 2521 1561 1306 1298 1394 327 510 272 1288 1488 2737 2726 23 1363 1074 2494 2441 1693 420 614 2216 310 940 1703 2573 16 1957 1161 1995 1230 2000 1228 851 2571 407 1605 1856 322 40 479 1093 2114 596 117 1397 325 1166 1420 691 1430 713
1688 1145 2636 72 1089 2009 2274 1404 1784 1100 1808 164 1155 172 1241 1415 694 2775 174 156 2577 2722 460 2747 99 141 1976 731 461 1023 2098 2055 1872 816 612 595 1201 1047 760 401 1160 1163 453 823 2655 2469 2163 208 477 177 2126 2679 2074 1071 2829 1717 1085 1826 2122 1599 2587 2733 981 1510 1903 380 2161 1667 1628 2684 2709 2460 1237 2648 2106 2781 345 2388 1530 1517 557 996 748 2530 693 1619 437 1382 1233 462 2652 1063 1909 1078 827 1615 879 1232 530 1981
2025 2669 192 61 225 207 1780 1787 2396 2794 2280 2164 2173 1781 139 209 239 838 1127 245 654 1141 2091 356 296 408 1282 1506 1274 49 525 653 418 52 290 2693 2232 1555 2470 1481 2070 2017 383 1755 1472 2311 1465 2244 2053 1248 786 780 1435 1924 1011 1216 1124 806 27 999 1961 2236 1475 484 2531 53 1635 625 534 216 2059 1967 1356 390 679 471 1715 346 2429 1438 1662 363 2806 2557 1505 1021 2467 31 1037 2301 1598 331 2690 936 1050 1140 1568 580 295 449
197 1701 1710 1489 1417 860 463 2084 489 1870 2424 1190 900 348 2001 445 2769 2649 712 1910 2439 1468 2289 26 480 1307 559 2767 1658 2840 2574 1437 1486 1369 2826 2515 606 1782 925 2501 260 1029 2312 1381 2397 1045 1253 2044 1624 1218 1934 1102 904 2753 1788 179 563 2419 1656 892 2652 2832 2076 2454 1319 1663 2375 675 1328 2712 1627 2241 2817 433 550 2088 2308 1054 817 2050 2011 1362 2300 312 2790 2628 134 2836 188 2654 2724 1993 178 1544 977 1552 231 1644 2717 2391
1970 1657 2394 1778 2729 928 2711 105 778 1946 1854 517 114 11 2379 382 1354 779 919 808 825 2065 930 1239 765 118 1770 2536 1142 883 1367 1528 2793 1210 2336 2560 311 1851 1020 975 567 579 2446 1246 1368 952 7 2087 1583 2778 515 2697 94 282 512 1211 2642 2519 2417 2349 1403 1105 1454 1920 2097 2434 1574 2005 1985 763 175 599 2147 1396 1791 923 1966 1136 774 717 2488 2723 1040 153 337 916 144 652 2742 2718 1745 1581 1292 2658 66 462 666 1271 639 2026
1834 2015 951 1252 2818 18 2663 2 1842 601 2077 2478 70 2772 2777 1125 1753 2561 431 2510 1035 1839 1759 2757 1557 522 2622 2667 315 1390 2686 2624 1938 2000 1443 889 1114 2320 1693 2728 1833 1747 529 754 29 962 848 1801 2656 414 2533 202 597 1075 417 404 1418 1845 931 2021 2566 1406 1830 436 364 249 2324 424 646 2786 1686 1798 286 2827 1012 702 19 1786 395 310 680 2644 940 24 1945 520 2172 581 2673 1810 62 2149 126 2668 119 803 1149 745 737 1559
1146 1752 2389 1799 1202 59 1545 4 2367 518 1737 626 2082 2270 1240 188 1721 1386 556 1316 950 312 2556 2832 2477 987 85 2300 826 1405 2501 1102 2189 2588 1934 635 547 1636 795 1656 2790 1624 1840 1629 1926 2069 2628 283 943 611 2044 1319 221 2241 266 1407 613 1644 2528 2312 817 2439 440 480 1658 274 1468 1496 2411 904 2817 348 2322 2250 2440 925 994 1157 260 238 705 1563 526 2534 68 1339 28 271 2397 1870 864 1045 2181 2551 2826 179 1408 633 608 2148
1948 1096 1416 1362 1897 497 1586 992 2046 2213 2272 1569 2721 1051 1218 1316 2556 1860 100 2815 2312 305 2034 260 2826 1796 2352 2713 2241 562 259 925 201 1237 611 1658 1496 2790 2832 1468 712 987 715 231 155 1552 1934 2397 1407 1901 1381 1993 2714 312 348 1369 480 904 1148 1636 168 1319 51 1604 2501 188 659 2133 563 1878 550 1926 2088 85 2454 900 1123 1045 1102 1261 2817 1782 2545 1644 451 2455 26 2650 2082 2767 2044 1437 1422 2424 817 2309 1366 559 1307 2544
2437 2317 1672 16 1483 1990 376 2700 44 1447 1469 2249 1995 1178 761 1836 1749 832 47 834 1727 2058 1838 2555 2180 1535 1277 1044 1224 683 2523 1714 1713 1425 2129 34 1116 1346 2202 940 1795 1004 2422 1103 2745 1914 2190 576 2112 676 1593 1865 1847 1228 1476 1161 983 291 1434 2522 269 1304 1513 1773 198 182 2497 1064 2695 1849 1867 1999 1176 75 95 2831 1523 2056 2785 1343 45 1364 1251 1203 1760 2182 949 2542 88 1785 845 149 2566 707 1529 60 1790 905 1288 115
2389 59 1545 4 1799 626 1737 2367 1202 2270 1146 2082 2477 1386 556 188 1752 950 826 1721 547 1240 266 283 1491 996 611 2530 1319 312 987 518 613 271 345 85 2501 2832 2692 1942 904 2440 2588 2312 1408 1725 1181 1934 1405 134 2069 2189 526 1468 635 274 716 1629 1117 2375 864 368 1316 237 2813 994 2675 2527 771 2499 2148 608 2205 2144 433 2610 1555 68 1157 2556 2289 2044 1172 2393 1692 2370 508 1461 2008 978 670 1639 2681 2119 817 795 81 1302 152 719
197 1993 463 900 1663 1437 1486 2767 2439 1045 712 2836 1468 1307 2419 1782 559 2840 1054 260 1489 1617 1417 1208 2130 2241 1328 1710 1552 947 1381 1658 134 1444 904 2312 2088 1544 2011 2076 2826 445 563 674 1679 2837 1422 645 2515 2424 2707 1701 169 1983 860 2050 1029 906 1649 2397 348 2133 1623 1253 489 2652 2628 1369 1870 26 2084 179 2289 2574 1261 2454 480 2375 1190 1860 1878 1218 550 735 259 433 2649 2769 925 51 1123 2544 2714 440 1948 319 769 978 2753 1788
193 121 1699 569 536 1553 1430 988 2090 1256 2267 1886 1236 2380 1132 1588 2217 340 36 2117 332 427 1268 1431 1793 733 901 2415 500 866 2568 2668 1492 142 2078 2227 1499 1890 979 2786 554 2384 1562 176 289 2743 2029 1888 2423 1053 2108 21 743 2451 1038 555 199 571 680 1033 2333 802 868 1449 432 1754 1393 2421 429 2115 1910 1668 213 1398 681 1272 1616 417 2143 244 426 1041 1418 2602 361 24 886 878 568 1597 2638 1065 1686 323 1478 672 1329 2671 2335 1057
2070 1506 1141 383 455 1262 2232 1356 113 654 1505 1248 216 1435 525 625 679 2137 2311 245 49 1598 139 822 209 408 2669 1568 1282 858 252 2025 356 1780 1140 27 2565 2396 192 838 296 61 1124 2173 1787 2280 2017 2053 1127 2470 2794 2693 1024 225 1781 1021 207 2164 1037 1715 1967 1274 799 1662 239 805 1635 758 1918 2765 390 363 786 1395 418 478 1018 1612 2505 2465 1011 471 314 2091 782 131 1050 402 653 1706 1755 464 1472 2429 1438 936 1921 1503 1481 1500
2385 641 262 991 888 2771 234 2399 1572 1373 1295 913 1807 1025 1520 1 372 2727 2104 2619 307 551 2215 1863 2524 2158 273 2635 2776 2139 1509 1925 1615 1619 1366 741 342 472 2834 2607 223 46 203 1660 2092 1480 2517 687 1540 1081 667 1539 583 2371 2717 2833 267 1735 1814 1824 1349 557 2633 814 892 2223 1816 2672 2529 2431 588 2273 352 1059 1238 2253 1009 1994 1421 1982 1497 2184 299 2844 1571 1196 1837 2269 133 1242 349 879 2541 1776 969 837 1947 2340 127 386
2267 1236 1553 2380 1430 1886 1699 1256 2117 2217 680 193 36 1431 121 536 1272 500 569 733 988 427 340 1499 866 2421 1910 1793 743 1038 2423 2415 2387 332 901 2668 2210 1492 2568 1132 142 2078 2227 1754 2671 1041 979 2090 13 1890 1588 1562 640 2520 1949 2786 2384 289 244 2115 2108 176 21 1616 568 2451 2469 1628 1053 1668 199 1888 272 292 73 1957 1597 554 2038 802 954 1449 634 1057 370 429 2542 831 1785 2214 853 2056 15 2521 834 2522 1064 149 828 940
142 802 1492 555 2029 868 429 1053 1890 2078 554 289 1888 878 866 199 1562 2668 2333 2743 176 1431 432 1033 1393 2384 2108 681 1398 361 332 21 733 62 2451 417 2227 979 2786 1686 886 597 1418 2117 680 1268 36 340 1588 302 1699 78 893 1065 988 292 1430 1886 743 500 2423 1132 1499 571 536 1256 1553 121 2217 1449 1236 569 2267 2671 193 2380 427 1038 2415 568 1478 707 1597 1535 2090 2421 29 213 1754 1668 2224 2408 1041 424 24 2533 2568 1529 901 609
2502 2841 2152 2216 1703 1288 1371 214 1363 1113 1364 2263 2141 1251 2056 45 2705 2522 106 621 333 2182 1064 2831 2567 924 2401 171 2760 1865 1525 2623 236 2572 183 1032 1605 2608 327 1661 189 1602 2348 2612 1139 1171 2060 1844 959 2751 1280 1927 1214 22 506 1286 96 1727 1738 834 1632 744 2554 2109 851 1749 2555 565 1953 420 474 419 1488 2678 1144 1957 940 941 2768 2179 198 272 1222 2203 2116 1397 1866 42 1560 783 1641 2214 510 949 1785 831 894 84 2245 1203
340 2227 2786 979 2668 332 176 536 1562 2108 865 2384 1449 569 289 1890 988 2090 1888 554 1033 121 2451 1393 2743 1699 21 1065 1431 1492 142 1430 2117 193 2078 2029 1588 36 1132 571 1256 868 1418 555 417 1553 733 429 2217 1686 866 1398 802 1886 1057 1268 1053 886 2671 500 597 680 199 2333 432 2267 1266 361 2798 427 2038 2380 1236 729 2120 1793 62 681 1038 1329 2335 878 1399 2421 2031 893 1754 1499 1764 1272 1070 2415 901 2570 1952 292 933 1668 1429 2539
1487 1471 953 924 2573 1400 1922 115 2620 1687 956 1882 1199 2494 1802 154 1726 423 275 2768 420 1397 2468 1449 454 2678 2179 1227 732 1605 1025 1995 476 2823 2194 724 1488 644 327 342 1761 2749 181 2476 620 196 300 785 1880 2442 1911 1059 148 1738 1502 1153 1524 551 1336 2688 1626 226 2297 1260 689 434 2347 2684 762 2791 387 2368 2043 1953 2261 1702 669 2503 2386 510 2266 53 1372 2079 661 1315 1832 909 475 317 1234 829 1013 279 687 2222 448 521 2586 1083
2185 2584 1694 1440 1684 2298 1129 1411 386 2616 143 1630 665 1446 2481 1294 2271 1360 2529 787 1112 2363 2246 810 718 1939 1258 958 638 1270 30 1445 2619 2517 71 557 1514 2460 795 879 697 299 1215 1925 1982 2139 147 2833 273 267 1619 1291 1887 1926 1238 2844 2749 1814 1373 262 888 1045 2356 2455 667 1993 2439 1551 2672 2269 440 1877 1589 1624 2039 2371 1029 2535 2092 2556 2576 428 2528 1218 1316 817 891 2790 1796 221 2468 2776 1658 550 790 133 2189 332 1807 1863
1993 197 463 1045 2439 712 1663 2767 1782 2836 2241 947 2840 1381 1054 900 1658 1444 1617 1328 1422 1218 1544 1679 2130 550 1307 2837 1261 2050 1437 169 1710 1649 260 2649 2628 1029 445 51 563 2826 2312 134 1870 1623 2088 1468 645 1417 2011 1486 1123 305 1796 2707 1552 440 26 2515 1369 925 2289 1860 489 2454 179 735 348 1489 2133 480 2424 992 1948 1253 1190 259 1569 559 2084 2735 1362 904 1416 1926 1640 1878 1897 1208 2832 1840 2287 2412 2076 674 562 319 155 2769
1146 2389 1799 1752 59 1202 1545 4 2367 2082 2270 188 626 1737 1240 1721 1386 518 556 987 312 950 85 2832 1316 2300 547 2189 2477 1629 2556 1405 826 2501 2588 795 635 1102 1934 611 1319 1636 1926 2044 1840 2312 2790 1656 904 1468 1624 283 2528 2411 266 2069 1407 221 134 2241 817 978 274 260 943 2628 2681 613 152 526 2397 1644 2148 864 2439 994 1775 2191 1157 1491 440 1339 2250 996 2826 2534 2119 1563 2181 608 68 2256 2530 271 2574 480 120 2440 1493 563
1705 1681 2600 2085 942 2543 487 966 337 1742 2458 1384 1495 1331 1614 2257 360 1673 1695 1000 1853 54 2696 710 1978 1508 2259 2782 791 1893 660 2369 1119 542 2660 1370 1739 50 1002 2664 908 1554 813 1031 852 984 2262 2803 1565 1287 355 1396 2796 451 747 1058 2140 243 1301 1906 1604 1528 1320 1676 1920 320 1237 770 1479 78 2587 893 2357 2596 1518 362 1986 208 2598 1682 2719 2436 265 2049 2755 2074 2134 921 907 790 1962 1754 1130 909 1841 2064 595 883 1499 2736
204 2741 2558 2766 899 2135 1212 1606 116 2842 137 1935 2728 1463 1944 725 165 1055 1056 2041 97 2825 1547 2207 1134 2294 1825 1940 2068 2305 447 246 1986 1130 2511 1067 2435 2736 692 79 722 2506 494 1126 1874 1223 2057 790 1677 1841 2665 2813 2625 2248 2292 362 480 1962 2528 1771 677 1656 350 1892 1102 2382 2319 682 1464 2258 1870 657 2719 1934 2649 348 2037 2501 1796 305 1926 647 1545 686 2411 442 2044 188 1407 2817 2082 2790 2438 146 2270 1901 312 1624 2289 1369
1083 6 582 285 1221 546 1702 2643 1260 759 807 181 732 620 1797 1697 2807 922 1188 2816 2171 1891 2043 1723 1858 2810 2749 1318 1536 2666 636 2278 475 2194 661 2346 2261 752 1603 1456 37 1541 468 2313 1763 1916 650 820 1284 2168 669 2056 1865 45 973 594 1856 1227 1882 2476 2118 476 2522 2425 1064 2489 2048 2111 1153 1082 148 2268 1846 1251 1283 462 1914 2733 1015 298 1364 2684 122 1482 980 1090 2502 443 829 1610 2203 387 2608 1110 2086 586 2080 372 2152 1285
1580 280 2418 1861 57 1792 1665 210 689 2125 1072 1930 570 2004 793 1859 2461 1392 1758 2838 1276 1034 2456 421 704 2186 422 2229 1234 294 2581 2039 77 756 2174 2123 1193 1551 2356 1292 2327 1887 720 2659 746 2330 2206 1350 170 493 2694 242 884 1365 438 857 797 934 1377 1375 2374 158 287 2155 1724 82 1576 1776 1358 1664 1348 1345 885 1575 798 2116 861 217 2513 1279 264 2455 2189 1432 457 1675 2484 480 130 2427 2063 2386 1169 348 1030 514 2187 1609 1716 317
564 926 1180 1786 2281 1818 1357 2288 2495 39 230 1106 1257 76 1996 1971 751 1559 777 2114 2224 581 2000 1091 1451 989 1361 2129 1116 803 1346 1714 1713 683 1224 341 2785 1093 1207 2180 2422 1044 2072 1914 1683 1836 47 34 832 1561 895 1137 2317 1898 2700 2523 761 374 1838 93 614 1900 1087 88 1476 1990 215 2202 2745 2494 1353 1178 1672 853 676 2437 2190 1995 407 1590 2296 1693 44 436 739 766 617 2238 2695 714 2540 1447 474 2242 1502 1535 2381 737 2579 577
2809 1473 12 1876 1721 682 2110 2438 178 2057 433 627 2435 769 1406 1627 2084 161 2708 574 1055 2289 608 1895 1874 622 2660 1390 2657 202 1592 173 2569 2626 67 1439 598 494 2291 2728 1330 2813 1012 1944 368 489 2676 274 2183 249 444 2670 491 2051 2757 1899 1788 657 255 637 994 677 904 1606 1725 1185 252 1639 2598 2375 725 1759 2683 2732 1491 2800 2382 906 217 2367 1253 146 1029 2617 345 2248 1463 2735 664 2482 197 1428 2307 74 2499 1223 2622 315 647 523
2252 1651 2682 1977 2491 2328 1578 1179 2310 841 1579 1566 1583 639 1368 1367 1239 1063 945 2723 1470 1211 515 517 916 1920 887 227 118 748 982 382 2647 1791 778 2660 1531 2792 998 919 9 2488 114 2711 2042 2065 567 928 952 512 1354 1854 1667 492 2778 1657 1154 394 1769 763 1970 671 2482 2026 930 311 566 1879 819 532 2379 808 2459 1956 2507 2225 2729 2028 911 2097 2814 906 696 1708 1625 631 929 2512 2806 2655 997 486 455 799 2110 1299 2532 98 2349 579
472 1803 127 2444 1607 2138 1060 1341 2063 1059 2758 342 551 1069 317 1530 160 1078 2738 1421 1964 1828 1585 1811 2266 600 2094 262 405 2820 2385 1338 888 2614 846 573 17 2255 2835 1355 1167 1509 2412 1159 642 41 1652 912 2595 2811 352 2455 2399 2635 2484 2208 687 166 1324 1807 1619 147 203 2486 2231 90 667 1622 1571 2100 1295 892 403 1540 226 1815 1925 577 154 1814 2013 345 1264 46 2709 2372 2776 2649 2710 2340 2796 1009 264 223 2312 1524 195 1369 1373 299
