1371 1525 214 2263 2152 1280 2623 327 106 2502 2841 1661 1605 2572 96 1927 1632 1139 941 2554 189 894 419 2153 1032 2567 1953 2060 84 924 2348 420 1397 629 1727 2768 1602 2555 183 940 834 1084 1171 1749 2737 1288 1343 1113 2656 198 2058 1738 949 2497 2751 1891 75 1004 1685 2109 2678 2214 2030 621 2149 1703 272 384 1865 1488 148 1957 831 954 2112 22 896 1659 479 1363 1144 1251 2521 310 1222 1866 510 117 2542 2726 15 2022 850 1420 609 761 2141 1880 560 738
1102 2790 85 1926 1656 817 221 943 2817 1190 1934 2501 188 1624 635 987 2044 2411 2528 1644 2300 1407 1405 312 556 2832 1386 547 2082 2270 611 1319 2631 1752 2389 518 59 2367 1146 1545 950 134 1202 659 1876 1721 626 2556 271 1737 1799 2370 4 633 197 2322 2440 2689 526 587 2119 864 2610 1746 1827 1942 2574 994 2597 1408 1339 2250 238 81 261 2681 463 1774 2034 274 711 1461 1680 2397 2283 2774 1974 1010 1117 28 608 2365 1892 1741 1677 925 972 1135 1369 2789
410 811 1731 1707 1138 742 1871 1800 1894 257 2613 1645 2609 288 1079 112 248 648 1516 1007 843 538 434 1325 2843 2746 544 2516 1526 1969 709 365 2549 1385 1005 1511 1133 186 1466 2219 1783 1311 1992 2145 406 730 1442 1779 2290 605 1966 1110 2364 1546 1131 435 94 1794 1424 2102 2788 2730 338 1454 1968 2763 1259 717 773 1243 1670 1634 1579 519 2637 1040 2585 664 2485 1772 1359 1573 1997 2151 253 2805 450 1581 303 2780 321 970 2586 1805 775 539 1493 723 367 357
2445 608 1330 925 2649 2657 2367 26 994 67 255 2435 2250 1369 1868 217 197 140 2375 550 1895 1677 1892 1870 526 1202 2692 1439 864 2427 178 1837 2501 137 1874 1109 633 261 1934 2813 274 1117 2817 1409 1223 1627 85 817 2181 463 2037 1095 188 348 1752 202 627 2389 2617 2084 2418 146 912 950 280 2322 1777 2764 68 968 2286 518 2454 2144 2440 508 2526 2439 2477 1606 191 626 899 2208 59 892 1563 1746 2716 622 523 2283 2039 2561 1516 238 345 1185 1055 2411
1785 1228 1847 1161 1795 1513 1773 2129 499 2523 2422 1224 1093 34 1838 1713 2180 1714 1116 1178 47 1561 2190 407 581 2745 617 2785 2242 576 983 2202 2260 1996 1914 1856 777 2542 1346 1898 1176 1091 2700 2441 483 832 88 2827 1990 676 1727 1836 683 465 695 2111 2555 1971 310 1476 1672 2238 2066 328 374 766 2114 95 834 1257 1535 1786 789 2579 230 1115 176 824 1430 596 2437 1213 1166 2000 2489 1300 940 132 240 1033 76 1357 1743 332 2227 1553 291 2058 1038 898
2817 1624 1656 1644 2528 1934 2501 1407 2411 2044 2790 188 817 1102 2034 1926 85 221 2545 1796 943 312 611 987 59 1319 635 2300 2832 1569 2721 1545 2389 556 1190 155 1405 715 2082 2270 100 64 1386 48 547 305 562 626 659 2367 1737 925 439 4 1799 51 950 1369 1721 1876 1752 26 518 348 2556 550 1146 2842 2631 1202 480 2322 1680 711 2813 238 1993 633 271 805 2649 2789 1755 1974 2592 2370 2689 826 28 81 261 2119 1827 712 1640 857 1381 1606 2681 2248
767 2510 431 1938 889 1443 1747 2686 1833 277 2496 2818 1035 951 70 369 1834 2015 1839 1252 2702 1460 2685 2315 1980 2532 2561 211 2747 2098 1404 2636 1711 136 1582 1817 2009 2453 1989 281 2599 1340 990 2349 1100 206 2622 1700 1160 401 1579 776 144 938 2316 1642 343 2142 708 2632 1048 2650 1047 2582 1902 854 311 495 579 1674 105 2762 247 1204 2627 923 2611 1645 2820 241 172 278 764 1074 1800 2488 1666 1089 1436 2722 2274 2459 502 89 643 1751 1920 2613 2718 1241
2624 1845 848 1830 126 702 2471 2601 931 103 1114 297 1323 688 1908 578 2276 1767 1235 990 1608 502 1413 1186 835 2314 1107 1340 1391 284 250 1720 1821 768 1975 684 2388 522 903 65 1310 1254 850 2355 1711 2036 2762 278 1683 1817 144 379 1512 1902 136 1160 1066 1709 1322 281 2432 2475 208 2346 1582 2747 2378 2463 1423 1145 1162 1674 1504 1225 1436 1688 1933 1027 1155 2636 1226 2645 1221 1954 1023 938 2815 1404 2325 55 1484 2400 1784 2627 2599 1666 995 211 401 1150
327 1659 117 275 2263 2303 2623 1525 2572 1205 1371 1280 1084 1184 2030 1979 2573 2494 2791 23 1198 1687 2203 1738 1502 2179 214 2678 1922 1400 1602 510 1488 1080 205 924 2521 2348 2222 2677 594 1661 20 629 2152 953 690 148 38 2620 1199 2101 2726 1727 609 167 2109 2768 1224 2555 834 1425 1171 2162 106 2128 2751 298 1591 2841 851 907 577 1139 1397 1880 1641 2149 1749 420 1632 1744 2058 1257 676 1713 1836 1866 2502 425 1971 2216 1343 2656 576 1605 22 384 2094 2737
2267 1236 2380 1886 1430 1553 1256 2117 1038 500 1699 427 743 901 1793 2217 2415 2568 569 36 1431 2423 1057 1499 121 193 571 332 176 1754 2668 2421 2227 536 988 866 340 2224 292 1272 733 680 979 1132 2108 1041 437 2210 2786 380 2542 617 1562 1785 1836 1233 2384 76 2671 2149 2078 2656 485 2451 1492 1561 2179 640 1228 1749 289 142 834 1890 1597 589 727 932 2745 1628 80 1795 1161 853 832 1847 940 1588 2469 327 1727 2521 1004 21 1685 510 119 1343 13 75
2693 1274 653 27 1127 799 1472 1780 1024 314 1050 290 1555 1635 1967 2017 390 1715 561 216 2794 408 1282 2531 838 618 2053 49 2406 1021 356 296 2236 239 1395 1921 1781 414 2280 2061 2173 1475 1317 2091 139 1756 2765 1568 2232 1648 805 1755 209 2164 2028 1647 721 2402 1972 1956 1011 1961 2783 245 220 1303 2059 1829 1124 1037 2801 1140 1918 2093 391 2244 1465 1843 61 1662 449 1273 1787 822 2773 780 504 2285 786 200 1974 883 726 53 872 207 363 2557 2470 2396
488 2536 254 779 2443 66 1745 1246 1574 2490 14 2434 1985 825 873 929 897 2293 2157 2426 1642 3 282 1669 2336 765 1352 577 624 1104 2483 2195 1162 652 2170 1136 2667 2645 2405 728 55 2604 1933 2400 1674 1729 1206 607 397 2176 2355 1484 1321 1066 1200 1666 1507 2550 2711 1367 9 2446 1204 1098 713 2432 1423 1322 2026 522 2156 1920 836 2147 639 1226 1479 923 2316 776 477 1225 110 2463 1177 2595 579 1219 495 1145 2325 2482 2459 111 2343 691 1354 456 2019 1500
1343 940 2737 1004 2112 1434 1103 2542 1685 1298 2022 198 75 954 149 1760 182 949 1712 1333 1019 1999 63 2497 783 1304 1727 60 2555 2827 2656 2016 1749 834 2058 310 2441 1483 1277 376 2249 761 2149 1856 1693 596 2202 2745 1561 1836 1631 1176 617 1469 1447 576 1914 2190 832 95 88 680 695 676 2785 291 1743 1288 1535 2111 983 1476 1703 1722 1529 1363 2521 1057 1738 2522 2216 1064 45 2056 1733 2179 824 1346 183 1251 2224 2744 1867 510 2700 2437 1371 1197 1161 76
1141 2070 216 2794 838 245 1356 139 209 2173 654 2280 1781 2669 2232 2025 2164 822 192 858 383 525 1248 27 2396 2091 239 61 1787 113 449 1505 1435 49 225 1282 1168 1299 408 1555 1924 1240 2311 356 625 296 1127 1598 207 2137 679 2693 1780 799 1021 252 504 752 2244 1465 1506 780 2565 418 653 422 2017 1274 805 290 1755 2470 883 2765 344 1200 2557 1568 2343 1024 220 314 1050 1317 52 1635 1921 1395 1967 786 390 1756 495 2316 2061 2531 1481 1140 455 241
2008 719 764 1128 1493 2284 2018 2146 1289 190 914 2209 2551 812 2487 1351 664 35 1534 2110 1157 2165 835 1915 1577 2824 615 862 2783 1254 1310 422 604 2462 1908 2667 284 1667 1519 216 1972 1595 1107 900 1921 478 241 1692 1780 1274 1647 2012 1458 1472 2821 721 2164 653 2402 192 903 1912 2693 799 11 225 936 1942 456 643 239 2812 1048 1127 2025 2794 1918 2669 1706 2765 464 2557 2061 1356 1438 2276 1395 1437 1991 471 2465 2505 1281 1822 1486 838 1791 2017 1282 346
2229 746 857 1664 1575 1724 704 1776 2590 294 720 1350 77 2039 2356 1887 2659 1551 2123 1043 263 797 2332 421 801 228 885 656 1457 1877 2456 2327 1191 1542 1034 706 2330 1358 2739 2321 1229 1276 1234 2186 493 1930 1392 210 2461 2418 1792 1665 57 280 1861 1580 570 859 689 1758 2694 2004 1072 2174 793 1859 756 2125 1375 2838 548 1279 2374 583 1292 1365 366 287 925 1196 1369 2517 2454 26 158 133 85 348 2649 518 480 1765 550 817 663 2541 2588 987 1680 1086
5 2464 1515 2725 844 2457 509 1889 957 2404 2448 1766 609 1426 1696 744 2115 244 306 2124 498 520 473 1945 1637 466 1602 2348 2351 2366 1061 214 163 119 424 19 510 1529 2566 80 176 2786 2521 1139 375 2014 1537 2542 690 2179 2533 1296 1610 232 1738 1722 1326 1605 142 1836 707 148 2227 1383 1984 555 1269 1312 468 2354 2224 420 979 425 1556 184 1858 1849 388 1397 940 213 2671 2210 1488 289 2031 2656 1867 2112 1685 1431 868 29 2172 1004 2202 2408 594 1668
2250 1563 238 28 505 523 2552 2181 2500 175 1827 587 633 1852 2283 1896 972 503 1704 2819 849 313 2119 2681 2527 2557 1680 711 772 734 2322 1746 2716 2479 152 458 1532 1741 847 1708 2191 354 2193 2099 726 1774 2674 999 2689 2592 1339 2365 2806 484 331 1111 120 2059 1475 1332 602 2301 2052 655 81 2370 2237 2698 478 2236 430 2534 1855 1273 1862 1503 2075 53 1917 2407 1278 1376 705 1472 471 1438 534 92 1662 740 2429 261 806 1730 391 1187 330 1011 1876 1124
1636 1316 1496 1840 1965 2439 2241 1544 1658 2628 194 2556 1381 2815 1051 712 2272 2352 1218 1261 1422 1045 1782 2069 1253 950 497 1586 440 1752 2836 1617 1362 1897 2367 992 2046 613 2840 2130 659 197 2496 518 1993 826 2433 1490 2538 231 283 978 238 28 2826 663 1896 2365 849 2631 2270 1302 2082 1339 2544 1148 1532 152 2557 523 2389 1046 2821 2527 734 559 2713 1741 1437 1202 1827 2119 2592 2181 587 2812 2008 1545 547 505 764 719 563 900 2052 705 772 2479 972 1386
557 879 2460 1366 352 1619 1982 1925 1816 2363 1863 2269 299 2371 1480 2833 1815 2139 428 264 2092 2455 891 2255 1349 2844 667 1539 90 2811 2484 837 1660 226 1159 741 2797 2138 2189 2576 1589 1814 2776 1421 1009 1122 2412 1735 2473 2403 2607 1549 1571 2175 160 1520 317 1 2431 403 2731 385 687 2340 1338 1238 2614 1540 307 600 1291 1025 17 2094 537 1060 1242 2595 2338 1295 267 454 1509 262 349 2727 127 2063 147 2226 2662 1803 405 1530 2633 814 1059 1078 2710 154
2242 617 1561 540 783 2785 1593 2542 1856 407 949 2441 1093 2827 1914 499 2745 2202 832 310 940 2111 1996 2737 2190 1535 1091 465 1343 1346 777 2112 291 88 983 1004 853 1836 1103 1631 1773 1898 1161 1176 1434 1785 766 1685 1713 1298 182 1847 1197 2224 76 198 1727 184 1166 2656 979 1476 149 2000 397 1513 576 1760 954 474 596 2227 1749 1714 1116 520 95 728 751 176 1257 2058 2521 1786 695 1228 2238 1033 272 1999 2786 2179 1224 376 230 341 1795 2409 1945 1712
2281 1180 2288 39 2495 564 1357 1818 230 926 2324 1538 2699 2489 1846 2114 1786 777 76 1996 1091 1257 2247 1106 2493 1559 739 751 2224 1971 2000 1451 1841 1986 1940 1825 581 2073 2239 2132 1347 2791 397 1361 362 823 1403 2428 541 1979 1950 55 1528 1057 2221 358 2204 874 1098 2554 1943 2303 2607 1286 1903 2829 2807 1844 728 177 2122 1633 1189 1751 2030 443 37 183 1198 1642 206 1006 281 1085 2086 318 2633 2176 1856 343 2033 2704 1321 1976 614 907 834 917 2629 2268
2362 850 2512 222 1504 2218 1911 1436 2691 2355 1790 1933 2587 477 208 595 1628 2593 1510 1638 1305 453 1717 1267 73 2163 2071 399 401 2655 981 99 2469 2126 731 823 461 2074 1160 2645 1976 1145 836 2432 1023 935 2098 612 2055 1599 141 437 1709 144 1321 1479 1098 1047 2096 380 2156 2147 1044 796 2747 2167 755 2750 2450 1682 747 1676 2642 1736 2342 1806 694 760 2201 2420 396 2722 2009 1233 72 2636 2463 172 1322 1954 1380 1423 1225 459 15 2318 2762 278 1711 351
2832 312 59 2389 1146 1202 1545 85 2300 987 1752 2367 556 2270 2082 4 626 1737 372 1799 950 635 1102 943 1405 547 1386 2411 518 1934 1407 826 2477 2501 611 2528 1721 1876 2044 1319 221 1644 2631 1656 1926 283 2790 2817 188 613 2556 663 1624 817 2538 2588 266 28 2119 238 633 1339 587 505 261 2322 68 271 1827 1840 2250 2610 2283 1896 1942 2181 925 734 2370 2241 2144 1680 2597 523 2789 2681 972 1010 1117 480 134 711 1563 2689 2527 1302 1422 2714 805 2812
757 2024 1533 1804 1597 29 2533 1728 426 2172 1719 286 24 2673 2320 1149 1689 2430 2638 2143 754 634 1231 2756 967 536 2021 2224 36 2108 2227 176 1265 1296 979 1562 332 340 1431 2786 91 2235 1430 119 2668 571 2078 1038 1890 558 213 2384 1383 1793 1553 2117 569 1593 733 866 1469 427 142 2472 2296 80 540 1492 289 707 792 2415 1256 121 2421 1132 498 1197 2295 901 1300 1785 2568 2260 2217 828 16 499 617 2566 802 1888 135 21 1754 2333 2408 199 868 1588
346 2821 2467 2690 1692 2465 2505 1048 936 758 52 389 1097 478 138 471 402 1438 2611 1612 643 2632 1022 782 363 2407 1008 1018 1378 1822 840 786 1293 452 1918 1503 331 2301 2256 2687 1481 1303 2398 418 464 2429 2062 2634 1662 534 806 2781 89 1465 1140 1039 1143 108 655 1220 780 1118 2244 1706 628 1124 753 430 1506 207 1730 1831 2059 467 999 1524 2806 225 726 2715 241 2557 2470 484 2631 1568 1655 326 1101 580 125 1929 159 2727 883 2053 31 2142 1278 1472
2719 2319 2292 2580 1452 1868 686 140 692 447 2728 2598 804 329 2248 1076 790 2813 2286 1126 2825 2436 2766 1464 948 2393 1639 1777 2382 2736 2558 12 146 1937 725 442 204 2294 79 1962 2657 899 2506 2665 2051 2842 137 1055 67 1185 722 1067 1874 1606 2617 1223 1944 165 2741 521 637 1439 2379 1212 657 2135 2211 2732 2445 2704 2183 2418 494 158 1580 2708 2020 1899 2068 2583 754 1769 280 2509 1810 1130 1134 2057 2553 246 1547 968 1433 116 2220 2712 2089 2815 97 2308
196 1625 353 776 98 2474 869 1864 1643 1819 2462 1963 2334 2792 910 1042 2711 2081 701 585 1583 2361 639 233 1579 118 1970 2491 9 2067 1179 2429 2669 919 838 2353 276 517 241 2328 108 2232 192 2256 945 806 534 778 2611 1503 998 1354 1662 363 2794 1282 809 758 999 2634 841 331 418 239 1730 207 1402 245 2017 2065 1481 840 1822 1438 2244 389 402 2632 471 61 2157 2396 643 225 1124 2164 2070 2018 478 408 1647 1787 452 456 780 1506 290 131 2103 2025
1929 2806 2301 295 1275 2687 2407 1730 655 1008 331 484 2698 1273 430 999 1011 726 478 1503 467 2059 1855 2801 2075 2557 108 471 1438 268 389 1022 758 1026 1912 1378 936 1475 2285 2465 2505 1140 1303 1472 452 1124 220 2765 1118 53 872 1037 402 1662 1187 125 31 1101 806 2236 1240 1278 2093 1917 2429 534 131 840 1524 1822 2256 2470 1875 233 1831 2053 1039 391 363 788 883 1655 1843 1281 89 1918 203 1862 1481 2398 753 628 1220 782 2467 241 1048 290 786 456
2641 2176 55 2414 1177 397 728 1104 1669 2604 1194 107 2550 1507 2019 1482 575 2080 1691 2754 2383 584 1523 198 2497 384 1957 831 2695 272 560 2214 409 577 1420 1222 15 1712 75 985 845 896 1263 1760 2107 1641 1304 1423 834 373 621 2737 761 940 738 1288 2463 1225 1467 308 1954 736 2655 2752 1720 182 149 1004 479 1525 441 1450 2326 1835 1006 1685 2154 1322 1919 1999 850 187 954 1750 171 1821 2249 1628 2360 2555 905 2362 1717 1434 2263 2469 351 2245 1550 731
433 769 2375 2289 1895 1788 2482 161 197 2650 216 192 2061 331 1302 840 108 872 61 2806 758 2634 2557 1912 1579 523 2774 2821 346 1647 125 2164 389 478 1972 936 225 553 207 28 1921 2794 1756 1896 1730 1472 1187 734 68 1048 2025 1787 999 1435 2467 670 2669 1701 2812 2398 2146 721 1781 2402 505 1721 1961 1339 1465 2770 1461 2059 1317 2764 1022 2062 1780 547 753 31 1117 2690 1563 1568 533 534 1708 950 1974 2008 782 1356 2681 52 860 1475 1289 402 356 418
2727 1 1520 307 936 478 2465 2505 471 1438 402 1918 758 363 2213 786 331 389 349 1662 1124 685 2467 2576 1503 2269 1303 2399 1524 2256 2833 428 806 2139 1140 999 1118 1022 452 2092 726 234 1465 299 2687 2371 1278 1101 2059 2244 534 2429 52 1048 1822 1378 2557 1349 1692 655 1549 430 1814 1481 2053 484 780 203 2407 2189 2806 2301 1008 2690 1097 418 840 1475 207 1037 1293 1572 2821 1568 1982 464 346 2470 1011 225 89 154 1143 2062 1472 1831 2781 220 1039 1021
216 2280 2173 1781 838 1356 209 2164 822 245 2091 113 239 2794 1505 139 27 525 1248 1435 858 2232 654 2070 1141 1555 625 2311 752 2669 2137 1598 679 1127 449 383 2693 2025 408 1282 192 49 2396 252 1787 61 1780 799 1924 356 296 1168 1299 2565 225 1274 1021 653 314 1024 1050 290 344 2017 207 1635 1967 805 1240 390 1568 1755 422 2765 2406 1715 2531 504 1472 1395 1317 883 1921 2244 1756 1465 780 495 1648 2061 414 2053 220 1200 418 2470 1843 2028 363 786
183 621 171 1288 1364 1703 1363 1251 2760 2182 2056 45 2401 2522 2216 1064 2841 959 2612 2608 236 629 1525 1113 2705 941 2152 1371 1283 1560 2831 2048 1768 270 2502 1108 198 84 2761 75 2497 2263 1139 506 1286 1304 1605 60 1280 2623 565 1995 327 1880 2249 940 761 214 1004 949 2313 2572 1844 333 2737 2058 834 1749 2555 1727 1987 106 2141 1343 1858 1685 2112 1953 815 1397 2542 420 229 1483 783 1927 2554 954 594 376 1632 905 281 2720 182 2022 96 1536 894 1103
1054 1649 2707 645 2011 947 1663 1444 1623 1328 445 169 2837 1679 735 2050 440 1617 2130 2840 1775 1029 1045 2836 1782 2767 1253 2287 1261 179 1381 1993 1422 2241 712 1544 197 1840 134 1218 1658 1552 2439 965 900 463 1208 1437 1307 319 2046 1860 194 2628 2544 1710 992 1489 1948 906 1486 674 2352 659 1586 2084 497 1416 860 348 489 559 51 769 1417 2631 2076 259 480 563 2397 1123 1468 547 2375 2082 231 1046 2454 2419 1701 904 155 1788 1386 2650 1897 1362 260 1369
629 1113 1006 1949 443 1308 37 1082 586 1090 2677 940 640 1763 84 2494 1661 1198 941 2210 2000 1738 325 745 272 594 609 1371 1272 1957 831 384 2214 1749 2109 2224 2737 1144 1222 214 614 1420 2179 560 474 13 2421 2030 1263 2571 1474 1502 2058 479 327 2572 1605 1602 1488 2216 2671 106 762 270 1960 1283 96 2441 198 1525 713 182 1298 2535 1336 1397 40 2656 728 2624 1004 510 2176 376 2521 985 1685 1891 1288 275 896 1927 1343 2502 834 1434 2503 409 1766 1834
1439 574 2291 2057 2683 2051 2639 1931 482 939 2526 2704 2220 2089 647 494 2183 1433 1223 1874 255 2445 2427 217 2435 1330 637 2657 1477 146 1056 2308 1899 521 2712 2617 619 657 677 2708 1592 2569 1757 790 1185 682 491 2421 1949 1798 2000 2719 1754 2438 986 2506 1272 844 725 249 1252 2728 1038 2015 2813 2566 266 640 1055 1515 962 1686 1937 2324 1012 2109 395 2457 1987 985 509 1175 646 1041 2382 232 815 1406 404 2725 5 1256 1689 2054 2464 896 1945 1065 2094 384
197 1993 463 134 2836 2840 659 1422 1045 712 611 1319 1782 2375 547 1386 1658 1253 2082 2270 188 1381 556 2241 1544 1552 550 2439 1617 433 26 925 1369 1405 348 1840 2767 518 2454 987 943 85 635 221 2628 2649 480 817 1870 2130 179 2817 1656 1437 312 1926 559 1417 2631 2790 900 2832 1701 2367 1788 2419 1710 59 2528 2544 1624 1934 1102 2397 2300 2034 1486 194 1117 1051 860 2610 2411 1407 2044 2764 2769 1545 2501 769 1955 1644 445 1569 2389 2714 1663 2826 1444 2289
2043 2171 2816 2810 2666 1723 1891 650 2346 475 1916 807 1260 759 820 2643 411 1702 1541 181 1697 1188 1797 620 732 546 1603 285 1221 6 2502 1605 372 922 582 1153 334 1456 750 1083 2152 1882 956 420 1761 1284 1570 776 469 1145 2476 1397 1524 2768 1014 2098 363 298 241 1023 418 353 196 456 118 2349 1763 2165 2747 32 764 2634 840 471 2142 1438 1404 2474 806 579 2355 2711 190 290 780 1662 1246 281 1503 829 534 1481 2460 914 2209 782 1018 379 2017 129
1656 2817 1624 2790 817 1934 2501 1644 2528 2044 2411 1407 1102 188 1926 221 85 943 2300 635 987 611 1319 312 1405 2832 556 1386 547 1190 2082 2270 59 2389 1545 1752 2367 1146 2631 659 925 518 1737 626 2556 1369 2034 950 4 1202 26 1721 480 348 1876 2545 463 550 1799 134 2397 2454 2574 2649 261 712 271 283 633 2610 1796 826 197 2250 1870 1942 2322 1339 2283 1782 1473 2477 2842 1680 1774 2825 1408 663 1827 1552 1422 2689 1677 1360 2789 2424 1892 2248 2813 1630
1037 1124 1118 478 331 1475 999 2053 2059 430 1472 471 1438 726 1662 2236 1187 2557 1101 402 655 883 1918 1140 1278 391 484 806 2093 363 1303 534 2429 53 220 786 1273 936 1862 2061 1855 1921 2402 2075 1972 1647 1395 2505 2465 780 1481 2244 2301 52 2470 1011 1465 1524 1021 721 2801 418 2806 1503 1008 974 2698 207 1780 225 2687 561 758 290 203 2407 1317 1756 1568 452 61 1961 389 2822 1829 1143 799 553 2610 1024 701 1216 2467 2773 805 1755 2361 1708 2256 1506
2843 257 301 392 2331 416 1731 2609 1871 288 1419 1138 2613 1645 1800 730 338 742 1707 1466 1068 678 1794 1131 2516 937 774 1913 2492 1174 519 821 1094 2006 2377 1678 2196 2299 1526 2005 673 1732 1379 406 2275 2102 2251 1936 2518 593 2763 2697 112 855 825 1992 131 151 870 2364 1385 830 1387 7 2417 2151 1527 459 393 311 535 1005 2145 2243 863 881 1147 1875 546 1073 1209 1210 2678 2830 2788 1779 749 268 1498 2407 1968 1271 513 1442 1511 639 1450 206 975 1404
1083 6 546 1221 285 582 1702 2643 732 759 181 620 1260 1697 1797 807 1882 2807 1570 298 922 1318 1456 1153 2816 636 1541 1188 1536 2043 1284 2666 2476 1763 1891 2522 45 2171 475 661 2346 2194 2593 1723 281 459 2056 2678 2268 2098 1160 1064 144 2355 208 850 37 595 776 278 2695 2747 1145 2762 2167 2141 441 2810 747 2261 2627 1225 1678 2514 1322 579 351 1090 1404 1047 1155 206 1642 1711 691 905 1504 172 1717 2383 1023 353 1902 2086 2410 2722 222 2463 669 1066
2624 848 1830 702 1845 2471 126 931 2601 1114 1767 578 1908 103 2276 297 688 1323 990 1235 1608 502 835 1413 1107 284 1340 250 1720 768 1821 1186 2314 1391 1975 684 65 522 1254 2388 1310 903 1512 2656 2000 850 2149 962 954 1423 1798 1175 1125 15 1559 1954 2152 379 1225 1298 1222 2036 1066 2154 1951 1753 2762 581 836 1683 2214 2645 278 1322 1654 351 1835 2777 1711 272 1605 2432 2325 420 2355 2497 182 728 2463 1230 831 896 1027 2362 1801 1397 1306 1267 215 1957
269 1548 2359 1462 1183 531 2126 731 2074 2469 922 2642 351 1288 2722 1711 222 401 1806 1717 1902 1098 2600 747 2085 453 1225 2055 1954 1379 1160 1423 1628 2655 823 2261 1560 1638 73 1023 2497 459 1131 2577 15 1047 60 2512 761 850 1504 2251 2645 1703 2249 208 172 1145 171 694 2483 661 942 1608 2762 2463 621 2475 1599 1436 55 2268 2502 278 1285 2633 1206 595 2747 1150 183 1304 2599 2450 2760 1241 1682 2005 1835 2400 2788 2695 229 1222 2154 1978 1790 1243 990 1732
1697 759 1260 2643 807 181 1702 546 1797 1221 285 620 732 1188 1570 6 582 298 411 1083 1456 922 1284 1882 2268 1285 1153 2043 1541 2171 2167 1763 973 1318 2476 459 2816 475 2666 669 1090 478 661 936 2346 471 1438 758 636 1082 241 2632 1097 2810 829 402 1884 2168 1293 389 840 1048 1723 643 2611 2634 2194 89 980 2142 820 2807 1227 1039 1503 1822 1612 138 2118 464 2465 2505 108 1730 122 2467 1140 1524 764 363 2398 37 2429 2765 2407 418 1706 1662 331 113
2017 618 2783 1961 200 653 1021 872 2316 2773 533 1941 33 1297 290 1376 1704 1274 2693 2177 152 1500 495 1339 2819 449 1843 1532 972 458 1896 1741 1472 847 2191 2674 771 2479 1827 734 28 2099 1780 1127 2765 587 1875 849 354 330 2557 92 131 27 1024 2181 505 2119 671 2742 799 313 858 1799 1873 2527 1011 523 2283 1050 175 1563 314 2500 238 2028 1635 2681 2716 2552 390 1967 2531 561 1302 1852 1917 268 838 2565 1956 296 2285 1282 504 408 2812 356 670 1708
629 2677 1198 1113 281 1591 851 275 117 2494 543 1960 1232 2503 1184 23 2101 183 1371 2841 327 2303 84 40 941 2761 1006 1570 270 1502 1283 1768 1525 2030 2203 396 594 443 2627 37 2263 592 1979 1880 2791 1205 2720 1080 1217 1738 1144 621 1139 2572 167 2179 1108 398 907 614 2502 1560 2048 1953 2443 2152 2497 1462 1308 481 1082 1744 1659 586 60 2359 959 1166 2726 198 2540 335 2249 1280 1090 1763 814 171 940 423 2086 1661 2197 1641 1458 229 986 2074 1423 1288
348 480 925 26 1870 2454 2649 1369 2714 550 2769 179 2538 663 1417 518 2130 1701 1489 860 1710 2389 1545 59 2817 611 626 1737 188 2375 2528 1319 1146 1934 2411 817 260 312 826 1656 712 2501 4 1644 1624 547 1407 463 283 1202 1386 1680 659 2832 556 1381 2082 2367 1827 2790 2270 987 1617 2556 2322 2419 1405 2840 1799 85 2034 1782 633 1752 2044 2283 28 1658 2659 1544 271 2592 524 1569 1339 261 238 1453 1102 1665 2119 1552 2397 1422 2039 711 197 1172 2439 2011
617 2242 1561 540 1593 783 465 2785 2542 499 832 1535 291 1914 2827 2441 407 1346 949 1856 310 1631 853 2745 1785 940 2112 1343 1197 1161 1996 1836 1166 751 2202 1091 2737 184 1773 1689 1004 2190 1590 2072 1434 1093 2409 1847 1228 1103 93 76 24 983 1513 1298 176 634 2521 895 426 777 1786 614 1431 2143 2227 510 1597 898 1928 2224 979 2430 1257 1038 1207 2111 733 182 2421 1738 2024 1430 2179 1727 1087 88 2451 640 2786 1795 1754 2656 424 1945 1602 340 289 2384
1714 1178 1713 1116 676 2422 2523 47 1224 683 2180 1838 34 2700 1990 1836 576 2437 924 1672 44 2317 953 16 2129 2202 1476 2573 2745 88 1471 2249 1914 832 2785 1304 291 60 1856 1487 761 1346 1535 1749 95 2190 1400 1469 1447 834 1057 327 1687 1483 2058 376 824 2555 596 1183 2441 75 275 198 1922 2497 2547 1176 2111 1727 1593 1995 1277 1773 2494 2179 1502 2542 2030 2149 1288 132 2827 1847 2216 1795 2620 1251 115 905 1197 1161 577 1363 695 2114 1364 1703 1006 2203
1644 2528 1407 2411 1934 2501 2044 2817 1624 1656 2790 817 188 1102 1926 85 59 221 312 1545 2389 2832 943 611 987 1319 635 2082 626 2300 556 1737 2270 4 1405 1386 547 1799 1146 2477 2367 2034 826 1202 1721 950 1876 659 283 1752 925 1190 2631 1369 518 2545 348 2556 633 480 2610 711 271 26 1827 1974 1680 587 2597 805 261 2250 539 2789 2322 1302 1796 68 734 2692 2592 28 2283 1942 1755 2557 1117 1993 503 2681 2821 1339 772 1756 81 1408 2764 1164 2774 2119
730 1466 338 2516 1526 1511 1442 1969 2145 406 1325 1385 2102 1779 773 811 2843 1007 1992 2763 709 257 519 1707 1731 1871 186 1138 1894 2613 1516 1079 112 288 1645 2609 1800 410 544 2730 1732 742 392 2364 2788 1005 2549 1678 2275 301 365 1783 2290 830 1794 1147 1131 1073 1311 248 603 434 1379 1966 2151 1498 416 253 1620 1424 1133 1968 1450 870 605 1243 2219 495 1110 2518 1120 363 471 2377 27 1438 94 1573 1209 881 863 336 290 648 151 1282 1094 1670 239 838
472 1338 1571 2063 317 1964 2455 600 2484 2444 2614 2255 127 1159 573 1060 2412 846 2138 17 264 2811 403 2266 226 2835 90 537 1828 405 1803 642 1815 1735 2189 352 1622 2486 342 687 1509 2100 1009 166 1324 667 2738 1982 1421 2820 2338 1925 2731 2340 837 1607 1619 1589 551 2371 2013 891 1814 1238 2758 1863 1059 2740 2339 1122 1291 1278 428 1341 1069 1295 1025 2431 299 154 879 267 1994 2692 2833 262 1811 2776 2269 82 2662 1576 716 385 1600 2092 888 307 982 511
2045 1584 2023 2755 770 258 2545 747 197 1701 547 1731 817 1739 530 463 860 1516 1796 2375 2144 1181 1237 68 1800 553 2093 611 152 1138 507 1386 1319 1746 2001 542 2419 2397 659 1707 431 2259 100 433 1408 1829 726 771 1981 2610 1117 2482 1489 2685 904 556 550 999 671 1046 503 715 1417 1422 1852 1035 2774 1339 410 2440 1552 1942 734 444 1414 2664 1708 2819 271 1673 1491 674 1335 1650 2236 1486 532 559 313 1301 1788 248 716 1896 1503 2181 534 2250 968 2164
2023 1584 2755 2045 258 770 747 1320 2545 1047 2577 2613 156 1557 1645 1707 612 365 1241 2622 288 1800 2085 1681 1138 2720 446 1796 1023 1784 1731 164 487 2098 1499 2463 2543 1628 1732 2722 1882 1511 2410 773 1285 2245 713 1322 1954 2275 2747 1423 351 1745 1582 257 1450 141 2788 2134 1573 2627 823 1066 435 1969 2302 1290 308 410 1040 2636 2600 172 1145 441 1155 905 1225 278 2762 816 579 691 1484 105 1390 1835 477 603 661 1006 1007 919 981 1160 694 25 373 1479
1232 851 1570 40 1960 592 2677 1221 629 285 454 298 1697 546 582 281 1591 6 2643 1260 1702 807 732 1083 181 1198 759 2807 1744 1188 335 475 1541 1882 1797 620 2761 1073 636 1137 922 339 1768 1153 270 1283 1884 2194 167 2261 2747 1318 776 37 1456 980 2503 2518 1155 2043 1916 398 1763 529 1284 2346 1082 1638 1047 2118 304 2726 2027 118 2219 2036 1536 98 1241 2098 459 1023 2476 2103 1854 1007 1108 869 2218 803 131 863 1436 1458 1308 1678 1404 1875 920 288
1563 505 28 238 523 2181 175 2500 1827 2283 2250 2819 1896 313 2552 587 734 849 972 458 152 2527 1741 2119 847 2674 2716 1532 1339 2479 2681 354 2099 1704 2191 2365 2689 81 1852 633 503 1376 772 711 1680 2370 2534 330 705 2322 2557 1746 2592 120 2193 2742 92 2177 1111 602 1332 1708 771 671 1876 2052 1774 2237 504 1873 1010 2144 1473 740 261 533 532 162 2028 2343 1117 2814 507 2774 68 1974 1302 2764 696 1917 1461 670 2809 2812 2789 2610 2059 2770 2597 1730
1896 2674 734 1339 847 1741 152 458 313 28 505 2283 1563 523 175 1827 2819 1532 2181 2479 238 2099 2500 354 2191 849 972 587 1376 330 1704 671 2250 2552 2119 2742 2716 2527 2557 1708 1852 2681 2177 92 532 2028 2365 696 120 2814 81 503 1876 1473 2689 504 772 533 2370 771 711 2343 1680 1746 705 1956 2534 633 2228 2322 2592 1010 261 1721 2774 1302 2812 1117 1873 2597 2144 2764 2789 1774 2610 1974 68 1461 670 2809 507 2193 2749 2052 2770 547 1386 1314 1917 2059
183 621 171 1288 1364 1703 1251 2182 1363 2760 2401 2056 2841 45 2612 959 2522 1064 2216 2608 236 2705 1113 629 1525 941 2831 2152 1560 1283 1371 2048 1768 270 2502 1139 198 1108 506 75 2497 2761 84 2263 1304 1286 565 60 1605 1880 2249 1995 1280 940 949 327 2623 761 1844 1004 2737 333 2313 2058 214 1953 2572 1749 834 1343 229 1727 2555 1987 1858 2141 815 1397 2112 420 106 2542 783 1685 2720 2022 1483 594 2554 1927 1632 1536 189 148 894 376 474 1434 954 96
534 2429 806 1481 418 780 207 1662 2059 52 1438 471 2244 225 1465 786 726 2470 53 999 363 1278 478 402 484 331 61 1101 1918 936 2557 1021 1475 1855 1124 2075 2505 2465 974 1780 2301 655 430 2806 2025 192 2053 2690 2698 346 2821 1503 220 2467 356 1008 296 290 1524 452 2687 2407 1787 1140 2236 758 1011 389 1303 203 268 1472 2669 1273 1037 1917 1831 1118 1692 1755 31 805 1282 408 1187 872 799 1022 2396 49 1708 1048 2256 2801 391 1730 1378 2794 883 1568
1570 1221 285 1697 546 298 6 582 2643 1260 1702 454 759 732 181 807 1083 620 1797 1232 281 2677 851 1541 1882 1153 980 922 1884 629 1284 1188 1456 973 2268 475 592 1285 2346 2425 459 2118 2791 167 37 411 40 448 1916 122 1763 1960 1198 2476 1744 1591 820 2171 468 2807 2761 275 2043 334 1723 2666 2594 2194 877 1578 1603 38 1366 1011 2723 290 495 2816 1015 1480 241 2105 552 636 117 1090 1082 2313 2007 1560 1227 919 2017 1003 806 586 2261 1816 2153 2810
998 1583 2792 1579 945 9 118 841 1354 919 1970 1791 567 1769 2711 1179 778 2491 2328 517 1578 1854 952 1470 639 382 1920 2252 2682 1977 227 2647 1989 1651 748 1063 1770 2065 887 916 1531 2042 2361 2778 1585 819 196 114 1667 2723 2729 422 928 2575 1657 808 982 2740 776 1438 471 353 207 241 1282 2794 402 1822 999 936 478 764 838 1143 1647 418 2557 1140 363 719 721 108 455 2429 2017 1781 225 2402 2284 643 356 2018 840 1481 2465 2505 2632 1787 1503 806
216 1356 113 1505 1435 525 822 1248 858 239 2091 2164 654 2173 1781 2280 625 2311 2137 679 2070 838 1598 209 1141 245 27 2794 139 752 383 252 449 2232 2565 1127 2669 1555 2693 1282 2025 408 49 192 61 2396 1780 344 1787 225 1924 1274 1168 1299 799 653 356 422 296 495 1021 290 2765 314 883 1050 1635 1506 1967 1240 390 1024 1200 207 2406 241 2017 1843 1472 1503 2316 2531 2634 1715 1568 131 2053 805 2142 1648 1395 1755 1921 1317 504 455 1262 1011 2244 2061
658 1951 1306 485 727 1175 589 1798 646 2054 2787 962 1312 293 1361 1334 2113 1394 2178 304 1213 2066 1389 572 395 2323 1106 545 1230 1451 1559 2644 2540 1427 2656 1683 1801 2000 529 2546 251 714 614 436 1207 1115 2277 1137 215 374 2072 1166 1886 1883 1971 853 803 2409 1900 1300 1558 2381 1786 1257 101 2149 737 1353 898 581 2784 676 2114 93 2579 1087 989 1928 634 2430 426 1197 341 895 2143 2161 2759 1693 1597 2022 76 310 364 2497 731 1180 483 1984 1333 2469
1810 1012 67 249 1406 202 627 2509 2583 1075 2121 1001 2350 2766 1055 2558 2825 1944 165 1606 2728 447 1056 2741 2057 725 2736 1212 2183 137 1874 2435 232 1945 892 204 2842 2809 404 2090 1223 2135 2294 1901 2367 2305 1453 1869 1644 135 2039 2813 1894 480 574 2291 742 550 899 925 2158 1169 1130 1752 1624 2366 2123 817 647 740 1551 424 2528 950 388 1473 1408 2501 1935 494 59 2258 116 659 2411 1407 1934 2817 2382 633 2834 2639 2248 1737 2389 1910 751 2010 503 1126
1948 1096 1416 1993 2556 1897 1362 1586 85 497 1381 817 2721 712 1569 1926 2300 1045 1218 2817 925 1617 238 547 2790 987 1386 2241 518 1656 992 1496 2631 2286 2082 1777 1369 2412 635 1316 348 2528 28 1658 1934 2367 2411 2272 1694 948 950 2842 2825 1051 1407 1319 2250 1545 312 1360 1563 259 59 550 772 188 1684 1774 2454 611 2389 480 194 1630 1644 2610 1187 633 2455 2766 1261 1827 1552 671 1782 1636 711 2397 2393 1102 26 2501 1873 317 159 968 326 2306 2270 1852
99 1145 1023 2098 2747 612 2055 1047 141 401 1160 453 595 208 2587 731 2636 2126 1717 2009 1510 2655 2163 1628 2469 823 399 694 72 73 172 461 2722 477 1976 1784 1688 1241 2577 174 1682 1404 1155 460 156 2775 2274 1089 1415 144 164 1100 320 1504 2218 1436 1911 2074 2512 2642 222 1676 1808 747 2355 1826 1201 2362 981 816 1790 1479 850 2762 1119 2593 1582 1638 278 495 1933 1711 281 437 459 2691 351 1902 1225 2599 2147 1085 579 1642 241 1599 379 2463 2645 1954
1699 554 332 555 2029 1888 289 868 1890 142 340 1492 1033 2743 361 569 429 417 176 802 2078 2333 1398 571 1430 1393 193 62 733 1553 2451 866 1256 1562 1065 988 681 1053 21 878 886 2668 597 979 1431 199 1910 2786 427 1668 2090 1418 536 1268 2602 1132 2415 121 1374 432 1686 1545 2108 1737 500 135 1588 626 2389 2227 1041 2842 2300 59 2217 2413 1407 1955 558 1338 1314 4 892 2421 323 317 2501 2117 950 2817 2295 2088 602 740 1386 1521 1934 826 2741 116
557 1366 879 2460 2363 1816 1480 1619 1925 1982 1660 1863 1 2727 1421 299 428 2607 2269 226 1520 2833 2371 2431 385 685 160 307 2092 1349 2139 814 1025 1539 2576 667 1530 154 2403 2094 1549 2633 867 2213 1078 2710 687 2776 454 352 537 2455 2189 2175 1060 2811 1509 2595 2473 2844 127 2797 741 234 264 1122 349 2820 1814 405 2266 2614 1815 2226 2749 1167 2399 2255 1803 1242 273 147 471 1811 1438 2835 1140 2412 1735 478 1124 2731 1589 262 577 936 758 402 837 1662
2769 1417 860 1701 1489 1710 1788 2289 2375 2714 433 1895 769 2538 348 2482 480 925 2454 26 1870 1369 179 161 2649 550 663 2650 197 2001 2130 518 712 1045 659 463 1617 2840 2008 2397 1552 547 2836 2241 2082 478 2821 1921 1422 1302 1386 1658 1972 1289 719 764 2062 2146 936 2465 2505 758 1048 2270 1706 235 464 1395 1437 900 1493 1319 559 356 2557 1172 402 1647 1627 2050 1143 1317 389 1438 1465 2061 643 173 1486 471 2402 2467 2419 1339 296 611 1756 721 1472 1022
1118 1037 1187 1472 430 1124 331 2557 883 1475 999 655 391 2053 1140 2236 478 726 1862 484 220 1273 2059 2093 1303 2061 1972 2402 1647 1921 2301 471 1438 1395 1101 2806 721 1855 1011 1662 2075 2801 2407 1918 1503 1278 402 2698 1756 936 1317 2505 2465 1829 561 1568 2822 1961 2361 806 1 1143 553 758 518 2610 805 534 31 363 1755 53 1216 2429 1024 2213 1008 2773 799 872 701 389 1524 1629 1050 1730 1506 314 203 2687 1635 349 786 390 1967 2406 974 1648 1021 1822
2433 2713 1860 1490 201 2309 2376 1453 1901 2034 2545 1796 100 715 1569 2272 2721 562 48 563 64 2826 439 155 260 2650 305 51 168 1878 1640 231 1123 1148 1316 486 559 900 1486 659 1046 784 978 1437 2553 764 1636 719 2012 1496 2337 812 2007 2284 914 1600 1468 2358 2769 2008 2088 2018 2343 2146 2557 35 613 210 1289 1351 2652 421 2419 539 2334 1772 2815 1864 734 2551 1493 611 294 1799 2487 950 1428 585 776 1819 1848 259 353 2397 478 910 1313 2209 547 904
1617 2130 2836 1663 2837 169 1444 1328 1045 2050 1649 1623 947 1054 645 1679 440 2707 2011 1782 445 735 1422 2840 2767 1993 1775 179 1029 712 1253 1381 1261 2241 1544 197 2439 1840 1658 1552 2287 1208 463 134 1437 1486 2387 900 559 2419 659 2628 1307 1983 674 260 2076 319 2544 2397 2652 2826 965 1046 906 1468 2084 1051 550 194 2012 489 978 1860 1369 547 1600 1172 1386 480 970 2714 2557 950 2574 28 1319 433 611 2133 2358 2082 231 1563 259 904 2052 2088 348 840
2719 2319 2292 692 447 1810 2583 2509 442 1962 1126 67 249 2766 1012 2728 790 1406 2736 165 2825 627 2506 2558 1001 2121 1130 202 2657 2617 637 1452 725 2350 521 2580 1075 2183 404 2207 146 1825 2051 2732 1439 2704 2294 2046 158 1841 2665 1609 2712 1586 1451 574 362 2445 140 992 242 497 2057 2308 2387 2605 388 1544 1558 2741 2347 1055 2000 137 1965 79 2258 1373 2278 1195 899 494 1192 2072 2598 888 2297 440 1868 968 1832 469 2436 2305 378 1944 1940 1067 1372 2211
1895 769 2482 2289 161 1788 2375 433 1701 1417 860 1710 1489 2650 2769 197 2001 2714 348 2538 173 463 480 925 1117 134 168 1302 2454 26 1552 1870 1314 2764 1181 674 2821 547 1627 2367 611 1253 847 659 2840 670 503 1955 100 478 1569 346 623 152 51 2062 1974 1319 2467 354 872 2610 2606 225 2557 2770 734 1369 231 2389 1708 715 108 1640 523 2343 1472 2690 2480 2061 2479 1827 1437 1386 840 109 758 950 1896 1864 999 1378 978 1921 52 936 1143 2774 1972 389
301 392 1419 2331 519 2763 2843 257 1387 937 2377 1527 2341 1385 535 1007 406 1495 1779 1992 773 1442 1511 1969 2102 2516 1526 1707 1068 2609 1731 435 339 1131 821 1040 2145 1894 2136 1325 393 1682 863 2299 253 1243 1573 288 747 2290 2518 1047 320 2458 1073 730 1871 2151 1138 2788 713 966 2830 2730 2249 365 629 2219 2512 2747 1678 1311 2275 2362 2098 2600 248 1479 1498 676 2085 2469 172 678 2245 855 1645 1020 1309 2560 2005 2096 410 1581 1732 2722 2364 1023 2262 881
1672 2437 44 1990 2700 2317 16 1836 1178 1447 1469 2249 1483 47 376 1749 761 1714 1838 2180 1304 1224 1713 60 834 2058 676 1116 2523 1727 2555 34 198 75 683 832 2497 2422 1183 576 1535 1277 940 1004 1057 291 2542 1363 1703 2202 1288 2737 1593 1914 2112 1343 95 2745 2216 1476 1103 2785 1251 2129 1346 183 171 621 1685 2182 2760 1364 2179 2313 1795 1847 744 1434 2656 2554 474 1738 949 954 384 1161 609 905 2521 1750 941 596 189 2149 1785 1995 1632 272 1927 2469
2049 1290 1017 530 921 1518 446 1604 1301 2140 1567 451 2282 1981 1058 1237 2596 2064 984 2796 631 2392 2357 908 1978 416 1909 1879 1621 607 2660 1613 1119 2262 1002 1396 1105 355 1100 1209 808 662 873 1673 243 1404 2085 25 566 2696 782 1808 513 408 2026 2065 776 1667 2405 653 282 153 1018 1262 290 799 389 1923 1681 124 61 2434 118 1271 151 1568 1614 487 2594 1282 254 456 455 877 2232 1574 2693 1024 1145 2093 2284 870 1395 1822 2543 1155 840 2274 449 2017
2716 849 1532 152 2681 2552 28 238 1827 1741 2365 972 2119 2527 587 2191 1563 2819 2689 2181 458 1704 81 2479 1896 734 505 2370 2500 1339 523 175 2534 847 120 313 2283 2099 2674 354 2592 705 2742 2557 1873 533 2052 2250 2193 330 1332 602 2322 1708 1111 2237 771 772 2343 633 1680 740 711 1376 1543 2228 2809 671 2177 503 2749 1852 2144 1010 507 1917 696 1862 1473 1746 92 532 2028 1273 261 1472 344 2814 1314 504 2789 872 1955 2199 1117 1216 1650 1961 1876 1956
1436 1933 1790 2512 222 1504 850 2218 2355 2362 2071 1911 2691 1305 2394 1638 981 2593 1267 2420 1479 2645 144 1682 99 2432 477 1709 2147 836 2318 1200 2156 897 1044 2167 935 1098 1321 320 755 208 1380 595 760 796 2163 2096 2587 1872 2201 1387 459 453 1806 437 1976 2074 1736 2342 380 399 488 73 2750 1170 1085 2452 1599 2450 2268 1697 747 2098 461 256 1221 2122 1628 1717 1145 816 1052 632 2642 141 1510 72 1163 2679 1006 2636 1676 1233 823 156 401 1903 2443 172
1177 2414 2176 55 2641 397 728 1104 1669 2604 107 2550 1507 1194 1482 2080 1691 2383 2249 575 2019 584 761 1523 845 2695 373 441 2754 676 1304 2497 834 1016 198 2395 60 75 1288 2058 1183 384 1703 1363 479 560 2437 1222 272 738 2555 1646 1420 1957 1641 1727 2214 831 1749 15 1835 1277 1423 1450 393 905 2107 896 940 621 2239 409 2073 2154 1263 171 1225 2245 2463 1004 2700 2216 2469 2502 954 347 1006 1954 985 1750 1322 1412 1283 2178 2488 183 731 2459 579 1685
1105 1396 243 355 1370 2458 2660 966 1384 1554 813 1495 1742 1331 2696 2257 1614 1673 908 1705 942 2600 487 337 1681 607 2085 2543 1906 1893 50 2262 360 2782 2369 1031 2336 2803 54 791 852 825 1676 710 1565 416 2259 2157 1978 1287 1000 1508 747 2664 392 1853 1002 975 660 542 1037 1124 1518 1695 1967 701 1635 1246 1739 390 639 1275 2773 2053 1715 1929 331 282 27 838 1985 295 2061 301 2353 2301 923 2361 484 2093 1475 1187 314 2236 478 2407 430 999 2059 1648
2178 304 2113 658 2066 1213 727 589 1951 485 1175 1306 1389 1394 545 1312 1798 2546 2054 1683 962 1361 2787 1334 646 1115 293 1230 2656 2022 1300 1801 572 2497 2277 1353 1106 2784 75 198 2579 251 1883 676 714 1427 1288 374 1304 1166 60 2540 2249 215 1886 898 1333 1703 479 2179 1898 2245 1451 621 761 834 2759 483 2154 2000 1559 2409 1093 2072 2469 594 384 2381 1835 614 2149 1363 272 789 1222 1225 1412 731 171 783 436 1738 2214 737 2841 1641 1685 1957 310 905
2510 431 70 1839 1035 2818 951 1834 2561 2015 767 1125 1252 1753 2478 2777 2772 2077 277 1938 889 2686 1747 2757 1557 2622 1390 2355 1759 1842 1845 1582 1788 1833 850 18 2276 278 2496 2482 2762 2599 208 2650 1902 1711 1443 688 2471 477 2009 2636 144 136 2593 2601 2624 1423 1436 1235 848 1911 595 639 2147 1247 1027 2167 315 1340 2 2587 1504 702 1225 2098 2816 311 747 1976 461 58 1817 161 922 72 579 1066 369 1608 453 1549 2647 2512 1347 1920 2410 2691 351 1221
2210 640 2520 13 2671 1272 828 377 1754 2421 1949 2578 2083 1041 1038 1337 1910 1668 2602 672 865 1374 323 2828 1329 2335 1399 2570 2120 1764 933 2038 2839 2786 2227 964 2108 2031 1256 2032 1070 176 979 340 56 1189 2668 1952 2795 2224 2384 2047 370 1249 1562 2451 762 2629 1605 1533 1890 2539 1430 698 2077 2221 2217 571 1429 2798 2116 427 2117 2428 1393 1753 2808 1033 119 940 21 2777 1125 1553 142 80 2571 1785 1004 2656 536 554 2112 1103 1013 609 1559 1602 19 2179
767 1938 889 1443 2510 1833 2686 431 1747 277 2818 2496 70 951 1035 1834 2015 1252 369 1839 2702 2315 1980 2777 1125 2478 1460 453 2685 2624 1845 612 2747 1753 2154 1605 1711 2532 208 401 997 1225 1423 1530 2762 2126 1074 2772 1047 2077 211 1219 1608 278 141 2098 1160 1397 850 922 1078 2522 1954 2507 1654 905 2627 1322 1342 2410 2163 1904 45 420 351 167 2561 940 2245 322 1784 1023 1412 1180 1066 174 731 578 2601 1582 1641 713 1557 325 13 72 2599 2636 2469 2152
767 1938 889 1443 2686 1747 2510 1833 431 277 2496 2818 951 1035 70 369 2015 1834 1252 2702 1839 2315 2685 1460 1980 2561 211 2622 2532 1390 1989 1557 2747 2098 923 311 1204 2349 2582 2453 1579 1368 1404 2636 764 58 1565 579 1100 1138 2316 1645 2488 1582 990 2599 2009 1711 1048 1817 495 1842 1352 247 206 1778 2613 1800 2142 1566 105 1813 1788 723 2147 1584 1613 200 2459 776 136 639 643 719 1008 144 2632 2611 2008 401 708 1220 840 324 1920 446 2304 938 1518 343
608 682 1330 2438 2445 255 146 671 274 2144 994 2708 1117 2250 2657 2435 2660 1874 2764 1109 968 1185 2813 1892 1592 494 217 1433 1650 526 68 2569 507 1164 553 2809 1677 2770 1708 1639 2692 948 2367 1899 1746 2427 2526 67 1407 12 864 1777 491 523 550 137 2552 1868 1627 175 1223 2393 162 2181 1446 1771 1937 890 2814 261 2382 2037 2338 817 925 1411 1464 313 2610 345 2561 1409 508 2236 1275 140 1725 2248 2411 2322 2286 2649 1774 963 178 532 2499 2375 1606 2440
96 1927 2152 2554 1632 894 2502 419 2153 106 941 1605 1995 2841 1703 2567 1288 1139 621 189 949 2401 183 1171 84 198 1363 2497 75 1251 1032 2313 2751 171 1214 1397 420 1749 1364 2216 22 1880 2030 148 205 1304 2060 1953 1525 1283 1891 761 1661 2612 60 2203 2705 620 1425 2768 1371 1108 1727 2058 2555 1483 2623 2249 1280 2760 510 2056 2048 1004 2831 2179 2182 45 2521 940 181 2522 2737 732 1738 834 214 1979 2112 2141 1064 609 1488 376 594 270 2022 1858 1502 481
1896 505 28 1563 523 175 238 2819 2181 2500 2283 734 313 1827 458 847 2674 1339 1741 152 2552 849 2250 587 972 2479 1532 2119 2527 2099 1704 354 2191 2716 1376 1852 2681 330 2365 503 772 2689 2557 2742 671 2177 81 1708 2370 711 633 92 1746 2534 1680 120 771 1876 705 504 2322 2592 1473 1774 1873 532 2028 2193 696 2052 533 2144 1010 1332 2814 602 1111 261 2228 2343 2237 1917 2774 1302 1956 507 2812 162 1461 1974 2610 1117 872 670 68 2764 2789 2597 740 1721
1102 2790 1656 817 2817 85 1926 1934 2501 1624 2044 188 2411 221 2528 1644 1407 943 635 987 1190 2300 1405 312 556 2832 2082 2270 1386 547 611 1319 2631 59 2389 1752 1545 2367 518 1146 950 626 659 1202 1721 1737 1876 134 4 1799 2556 2034 197 587 2370 1827 633 2119 2322 1746 271 2689 2610 1339 2397 463 2597 2774 1974 526 2250 2681 261 1461 972 711 1302 238 81 1942 2545 663 994 864 28 2440 1680 1010 1774 1369 2812 925 1408 2283 1741 2365 505 2574 2770 2557
1371 1525 2263 327 629 2623 1113 1280 2152 214 1661 2572 1198 2678 2677 924 2841 1605 2503 2502 850 183 2214 15 281 1835 96 851 831 577 1957 272 1222 1632 1288 106 1423 384 1687 1954 834 1420 2245 2154 409 479 985 1066 560 1144 1927 896 2141 351 1225 941 2494 1703 1711 738 2555 1949 1322 117 84 2197 940 1267 1263 278 2094 1336 2030 1654 2463 2762 1641 1726 1960 208 2410 578 308 1150 2722 1064 222 1638 621 2760 1412 1727 1363 2182 1504 761 2497 198 2176 1277
1054 1649 2707 947 645 1663 2011 1444 1328 1623 2837 169 1679 445 2050 735 1617 2130 440 2840 1775 1029 2836 2767 1782 1045 179 1261 1253 2287 1381 1993 1422 1552 712 1208 1544 2241 134 463 197 1658 1307 900 1437 2439 319 1840 1218 1486 1489 2544 559 2419 2387 674 2084 1860 906 2397 2628 489 2076 659 965 1710 2046 260 348 860 992 1046 1948 480 259 1983 1369 970 1445 2652 1627 51 497 1386 978 194 1172 1586 2082 1428 547 2389 1417 2358 2088 1652 59 1416 2228 2713
1882 956 909 971 644 2688 2188 2498 387 2442 2720 43 2476 2562 1596 1153 1802 582 1768 1880 1761 1083 2761 785 1221 546 1797 2425 1536 2807 2048 1108 1697 2194 84 459 1283 595 2468 115 396 669 732 1560 1206 281 270 1702 2261 1318 1322 2167 2463 208 905 2627 2762 1425 1227 373 2410 1280 850 1066 1790 636 2587 15 2691 2263 2107 1835 2695 661 2623 144 2643 829 2512 278 620 1267 6 1510 2475 2275 453 2636 2593 206 1225 1145 1902 1084 308 2204 2009 1222 2514 2655
183 2841 621 1371 1288 1525 1113 171 1703 1363 941 629 2152 2502 2216 1283 1139 1364 2760 2182 1251 270 2056 45 84 1605 1768 2048 1108 2263 2401 198 2522 1064 959 2497 75 236 2608 2612 1304 2761 60 2705 327 214 2623 1280 2249 1995 2831 1560 1880 1953 940 761 2572 1004 2058 506 949 834 2542 1749 565 2737 2313 1286 1397 1727 420 1632 2554 2112 1343 2555 1685 1927 594 954 1858 2141 1103 148 106 1865 96 894 189 1483 2768 229 474 2348 1738 2179 2203 1836 783 2022
70 1834 2015 1252 951 1125 2818 431 1753 1839 18 1842 2510 2777 601 2 2478 2077 2663 2772 2561 1035 1443 889 767 2686 2624 1938 2000 1833 1759 1114 1747 315 2622 2757 848 1557 1830 702 646 962 522 529 1798 1845 931 2656 395 1559 1940 581 215 1175 1423 436 2281 572 1801 1257 1306 1786 1693 2441 2161 2671 2320 1394 1357 1841 1951 318 39 2324 737 2149 364 783 751 2728 2827 2796 1856 725 277 1474 1230 101 1390 362 1416 126 2540 1601 198 1106 850 1825 2644 1722
817 2790 1656 1926 1102 188 2817 1624 221 1934 2501 2528 1644 85 2044 2411 1407 2045 2300 943 1584 2755 2023 611 635 1319 1405 556 1386 547 987 2545 2082 2270 312 659 2832 1752 518 2367 2034 2631 197 2556 950 59 1545 2389 2397 1190 1796 1721 1369 2774 925 463 134 1876 1799 348 1955 1314 2770 1010 1302 1827 1339 2610 503 2592 2322 712 480 1974 28 633 550 1942 1680 587 2789 1146 1117 2375 670 2597 2812 968 1552 1461 507 2181 2557 711 2764 238 26 1852 2681 2454
400 2738 2758 1069 166 1607 1341 827 2661 405 1964 2835 1828 2614 1530 1401 1904 160 2460 557 2507 1078 2266 1660 1421 2431 2444 1480 147 1619 2094 1366 814 1025 685 1925 2633 2607 2363 2468 352 1539 879 2811 2175 1816 1009 385 1863 867 2226 226 2403 2426 667 1509 1167 2335 1815 2595 307 1764 1349 2839 577 997 476 1811 1 2570 1803 127 2576 1982 2710 1355 2844 2399 2092 2823 1242 1556 1520 1181 1227 472 1337 871 1491 1549 741 1540 980 2755 195 1698 2578 1446 2834 1060
79 2068 1067 2665 2842 722 1547 2511 2741 2135 899 2305 1212 1134 246 1606 1935 137 204 116 1463 97 2825 2041 2766 2558 1944 1055 350 447 686 2294 329 804 2813 2248 1076 1464 2382 1452 2580 2286 1777 1937 925 1223 2736 817 2435 26 140 59 1874 2436 948 1624 2817 348 1056 1407 1868 2389 2528 1369 1644 85 2598 2411 202 2393 1926 987 1934 1545 2367 1656 864 2501 1202 1993 518 317 2728 2790 2250 950 1639 2039 175 1332 2454 550 2283 28 2556 2300 2292 2692 2534 2181
1873 1543 2191 2052 507 872 1314 1955 771 120 2592 2812 2681 1302 1461 670 2770 1974 2774 2789 2265 2764 1117 890 2306 68 740 2237 1111 1332 2144 602 1917 2199 553 2177 2193 1010 533 92 968 2322 1650 1961 1799 1680 1135 633 200 2597 1099 618 2610 711 1327 2212 2017 772 2822 2773 649 1885 2631 261 972 1164 587 1862 2709 1109 963 2527 503 33 316 2119 1746 1941 2316 238 2250 2799 1823 1021 699 1182 162 1991 1827 1774 367 2365 81 235 2370 1852 344 28 653 354
1642 3 2490 2405 1958 2170 254 2667 1245 825 2336 66 873 1985 282 779 14 929 1574 2434 2536 765 1246 1745 522 2157 652 607 1136 1633 2426 490 1404 2482 2274 860 1403 1788 7 1124 1100 862 2165 1503 1808 1290 1612 1751 2232 1688 2793 2632 2594 118 1011 2053 1356 2049 241 1039 2634 268 2611 1781 131 402 416 2647 567 383 290 1037 1662 389 1822 2429 1787 654 1278 2164 1141 877 838 239 936 89 1489 245 2803 1089 1963 1018 2091 113 1710 1598 138 2012 2070 782
2797 2844 1539 352 2092 2139 2576 2833 1549 2269 741 2776 2403 837 299 428 1815 1735 1349 2371 1009 262 2226 2094 1540 115 667 1982 1814 2175 1025 2731 891 264 867 160 1122 888 1925 1530 2484 1078 846 1618 226 1816 1159 2473 2340 814 1366 2455 1480 17 1589 403 90 1295 687 2607 2633 2635 2431 1807 2710 1660 1571 642 1619 551 2223 1421 385 2385 2811 1698 2255 1520 969 2063 2486 472 166 2771 573 2266 234 913 454 1242 1863 2138 1572 1373 600 267 84 2738 1291 1071
2265 1955 1314 1543 1873 2789 890 2199 2306 507 1650 1135 2597 1099 649 2610 2052 1885 120 1917 2191 771 2822 2812 2774 2764 261 2212 1327 1117 68 2770 670 1302 1461 1974 2144 553 2592 2177 872 2681 533 1010 968 1332 2237 2709 740 92 602 367 1164 1111 2193 963 2799 316 2343 2322 1991 1799 1182 1823 235 1961 1109 633 2814 699 1441 1680 162 1746 200 344 711 587 772 1774 1852 2715 2716 2527 354 2017 972 2631 503 618 31 326 2742 532 849 1317 999 1827 2687 1339
2022 1333 1343 2112 1685 2737 1298 1434 1004 940 954 182 149 1712 1760 1019 1103 2542 63 75 198 949 1999 2497 2656 2827 2016 783 1727 2555 1304 60 310 834 2058 2149 1277 2441 1749 1483 376 1693 761 596 680 1176 2249 617 1743 1856 695 2202 2190 1561 485 727 1605 658 1773 983 95 2522 45 1175 2745 1914 941 576 2521 1631 183 1738 1161 420 1288 1397 2056 1836 474 1447 1795 1469 2179 1312 1064 132 1263 1197 1661 1251 2152 676 589 84 214 1166 1847 621 2502 1703
1836 2700 1178 832 291 617 1714 1561 1535 1990 1593 47 2542 2437 1672 1713 2785 1838 1116 1224 2180 44 1914 2317 576 2523 2202 2745 1346 1856 16 2242 683 676 60 34 1304 2249 783 2422 88 940 376 1057 2441 2827 1749 1483 2656 198 1469 540 1004 761 1343 1447 1476 2129 1685 2190 2112 1103 2737 2497 75 954 1176 1727 1631 1197 310 2149 2016 95 499 834 2555 182 1298 1785 149 1434 184 596 1693 1760 695 1773 983 2111 2058 2022 1847 1161 949 1712 132 1999 1743 1996
2797 2844 1539 2092 2139 2576 352 741 2833 1549 837 2776 2269 299 1009 428 1815 1735 1814 2371 667 2484 1982 264 1122 1589 1925 1159 262 2403 90 2731 2455 226 891 846 2063 403 1540 642 17 867 2811 2189 888 2255 2473 2635 2338 573 1619 2486 115 2412 2094 2226 2340 1863 814 2223 1349 2175 1698 234 1338 2138 687 600 969 1994 160 1530 2607 913 1571 2431 1618 1078 2385 1291 166 195 2266 2633 1660 1238 1824 1025 2100 1622 267 342 1421 2359 1572 385 2738 1807 1816 472
1930 1792 2004 570 2125 1758 2418 280 57 689 1665 1580 1861 210 2838 1859 1072 793 1276 2461 2456 1034 421 1365 294 493 1392 2186 746 2229 2374 1575 704 2330 1358 2039 1234 1279 548 756 133 1664 1724 857 797 2174 1887 2356 2659 1551 77 2123 1375 2184 2327 1350 2590 859 1776 1457 2672 2332 656 263 228 720 1877 885 801 1765 1043 422 2739 1542 2541 2321 1292 706 2694 2581 1229 366 1196 2662 1191 1193 480 2206 158 2455 242 2389 1109 287 2548 740 826 1111 2283 1827
2045 1584 2023 2755 770 258 747 2545 1731 431 1739 1800 2685 817 1138 1701 542 1796 2001 530 197 1237 1707 547 2510 2482 1516 2375 611 2664 2259 2622 1408 904 860 1980 1319 1035 2419 1468 2093 271 1181 444 1489 1466 433 1942 2334 446 1746 1673 360 410 1503 2613 507 2702 54 463 1000 553 2440 100 660 726 1320 674 1165 1386 152 2181 1839 999 1417 2256 1335 1780 1981 2144 769 2782 1511 1829 349 98 781 1893 478 2803 2462 1864 906 1486 503 1704 2692 68 2397 2557
1385 2145 406 1325 1779 1007 1526 2516 1992 2102 773 1511 1442 1969 2763 519 811 1894 1466 1707 2613 1871 1138 1731 1645 1800 730 257 288 742 112 410 2609 709 186 544 664 1079 1783 365 11 338 2110 1005 248 2730 1670 2284 1968 1311 870 2018 1289 2290 605 1110 1966 2146 241 764 719 1822 434 94 2746 2008 1424 2364 643 435 648 89 2634 2549 840 914 1581 1039 881 389 290 2611 758 2632 495 1127 1438 471 190 1918 2788 1048 1274 27 363 478 1573 456 1647 1040
2324 2489 1846 1538 2699 2493 2281 1357 1180 39 2288 2247 564 2495 1818 926 230 751 1786 76 2114 1257 1996 777 1091 2224 1106 1559 1971 2000 1451 1825 1986 581 1940 940 1856 1836 1841 739 327 2542 1057 725 2207 1903 1434 1685 614 1166 1004 1561 1207 2112 182 1361 198 898 1943 1389 177 2441 834 1713 2827 2679 149 1535 500 2122 2179 1116 1749 1343 2072 2829 1714 2242 907 588 407 1137 2785 1785 540 743 2214 576 954 397 75 2656 2745 95 853 640 2555 1085 362 2409
989 341 737 803 215 364 2040 436 1900 101 1683 251 2381 2540 1427 1230 2644 529 545 572 1389 374 2546 395 1353 1883 1394 1115 2759 581 2579 2277 962 304 2178 2113 1898 1798 766 293 1213 2114 1300 1801 2784 2066 2504 2323 1971 328 2238 1951 658 1306 1559 589 1106 1334 2787 789 1093 1175 727 240 1361 485 1137 646 2054 407 1451 714 816 1225 614 1786 1257 483 1155 1023 278 2154 2098 1976 322 1177 446 15 1241 2604 2762 1322 2400 1688 595 1207 2463 2055 1180 2000
629 1113 2810 1006 443 2043 1308 1891 1082 37 586 1763 1090 1916 475 2346 2677 922 650 1723 2502 2666 1198 1605 2171 2152 2179 941 2249 594 2497 1865 1288 1703 75 459 940 1738 2841 2816 1222 198 479 2768 84 420 384 1957 2494 609 1502 1397 272 1749 325 2261 2268 258 1263 1304 1004 620 953 2679 177 2214 2245 761 1603 2469 1420 1750 1144 95 1835 713 732 1903 1284 148 560 1641 1836 750 1184 15 2074 980 2410 117 2737 831 214 1139 1628 1322 738 1163 1283 2463
392 1419 2331 301 937 355 908 1396 2843 2660 1527 535 2341 2377 813 2394 821 1778 1105 1565 791 1614 2803 1031 2782 1739 1673 1893 1287 519 50 542 2696 257 2369 2664 416 1278 1331 54 660 1695 710 2259 2059 1621 1508 360 1021 2257 701 1124 484 2285 1370 2462 809 2698 1662 243 391 1906 2119 1635 1000 2693 1127 585 2429 1472 534 1117 1273 1274 2103 390 1967 841 389 1037 53 1715 68 408 2053 2028 799 726 1961 1524 1187 209 945 1475 2081 653 452 1 2794 532
658 727 589 485 1175 1951 1306 1312 2113 2178 304 2066 1213 2054 1798 646 1361 2787 1394 2656 545 60 1334 676 2072 962 2497 714 1304 1166 1801 614 75 1389 198 1558 1207 1087 2022 1683 853 898 2409 293 1928 1288 2540 1137 1106 2277 2149 2249 2784 1427 1971 2546 2469 1197 1703 940 93 1230 731 2179 761 1333 272 374 1322 1300 1257 1957 1420 1222 621 783 479 1883 2161 560 895 1363 1786 2126 1451 2214 1995 1251 1559 1206 905 2737 1886 2463 2216 2074 384 1835 1004 15
634 2430 2143 1689 24 540 1597 426 1197 1561 617 2024 853 465 1631 751 2242 1593 2542 291 1265 1535 1166 1804 614 898 2409 895 2785 1590 93 1346 2638 1928 2072 714 1207 1087 1298 1836 376 739 954 499 1685 1749 940 2112 596 1019 63 182 783 1004 1343 1300 407 1856 1103 1914 2737 832 95 198 834 2058 1483 37 2827 2497 2441 1304 1222 1288 149 1312 1999 1971 792 2149 310 1447 1760 922 2656 393 2555 1277 2000 1727 1798 1847 1979 1786 15 2281 75 576 1703 1738
2556 1496 1316 1965 1636 2815 2272 2352 194 1051 2628 1840 1218 2241 1658 2439 1381 1544 950 2069 712 1261 1752 2367 1045 497 1422 1586 2046 992 1897 1362 613 1782 1253 2496 221 85 826 2631 518 2300 283 331 1187 2812 2713 1948 655 430 1202 1926 635 663 440 2774 2538 1912 872 1730 125 478 266 2557 216 2790 1993 2406 1302 999 28 547 758 1873 2840 1405 2119 1386 670 2061 1293 817 936 1097 2693 1118 1461 965 2836 1143 389 734 1974 2505 2465 1475 1339 471 1335 2806
909 1596 387 2562 2688 2188 644 43 2442 2498 971 2720 2823 956 2448 1621 2476 42 1882 2710 785 147 2595 127 2425 1113 2128 2067 335 1199 229 472 2648 1560 2263 1859 2740 1802 2169 924 882 23 104 1308 1108 957 275 443 1866 687 2468 1082 1198 1518 2466 117 2677 1487 210 2572 84 537 2678 2361 1080 1184 306 1973 793 2508 1290 133 2168 2260 701 2495 1217 1687 1987 493 2456 636 2189 2431 2027 265 1477 1665 1800 1645 871 2444 814 1614 629 907 1757 57 815 1087
329 804 686 1452 1076 2580 2436 1464 2598 2248 140 2286 2382 2813 1868 948 1937 2393 1777 1639 2294 79 12 1055 1067 2728 722 1944 2068 146 1185 2842 2665 1223 1547 2511 2558 2506 204 491 2741 725 2305 1134 2135 165 677 2708 1130 246 1212 657 494 2825 137 1874 899 1606 1899 116 2207 2766 1592 2569 1056 2438 682 1940 2258 2435 447 2319 1986 974 97 2292 1935 2736 2719 988 1810 692 569 2057 193 1926 987 1962 67 1407 362 1644 1825 2528 2817 1202 317 350 2300 85
1232 851 1570 922 1221 592 546 40 1697 1188 459 285 1456 454 1763 298 2643 281 1702 2268 1260 6 582 181 732 759 1284 1083 37 1882 1153 1090 629 620 807 2677 2167 1960 1797 411 1006 1082 586 2194 1308 443 122 1198 2449 661 2098 1865 1591 475 2261 1285 2747 1541 2355 1047 1227 335 669 973 2346 796 1911 167 2636 1744 2043 624 2666 2218 1436 1638 2807 2691 2168 476 2816 1283 311 829 850 1241 144 1023 2009 1322 1916 1976 731 2593 2126 1761 1113 541 1074 339
2185 143 1129 2298 2584 1411 1694 1440 795 1684 2363 2616 1360 2529 1630 787 2271 386 2468 638 1294 1445 30 1112 1446 958 665 2481 557 2460 2749 810 1514 1258 718 1509 1215 1270 71 2246 879 154 68 1982 553 1619 1756 267 1961 1974 2285 2406 2053 1059 1187 2250 805 1755 331 1648 1831 1925 2774 1124 2789 1730 2059 2144 1037 1117 633 2236 2806 2727 685 1475 2610 1635 1317 2631 2061 1887 1912 296 1405 484 478 2693 2681 994 2764 726 2687 2557 2794 999 872 526 1302 507
2068 1547 1067 2511 722 2665 79 2041 246 1935 1463 1134 2842 2135 97 1606 1212 2741 2305 2625 899 116 137 204 1771 1892 1998 1677 350 2825 2037 2558 677 2736 419 2766 1986 217 2506 508 894 1464 1330 2382 2554 2813 2570 2153 274 2335 682 1632 96 1052 491 255 2248 608 2427 686 447 1076 1130 362 2795 165 1927 1937 864 2573 345 2004 2708 2438 1952 1661 1841 2569 994 637 2839 1266 2808 1592 1305 657 2598 790 1032 481 2393 2258 202 521 1337 19 2445 205 2095 2229
1785 1228 1847 1795 1161 1773 1513 2129 2422 2523 34 1116 1224 2180 676 1714 1713 47 1178 1838 499 1093 576 2555 1727 2190 683 2202 2745 834 983 2058 1990 2700 2785 581 783 2542 1277 761 940 1836 1561 1914 1856 1346 1749 2242 949 617 2437 2737 88 832 2111 1476 2317 407 2441 1672 1898 1996 2260 1343 1176 1004 198 2827 2114 1535 2249 75 2489 465 1846 1166 95 777 2497 483 596 1115 76 2112 310 1641 2409 1103 1137 695 1750 1222 291 1263 2224 132 272 895 1288 853
2433 2713 1860 1490 201 2309 2376 1453 2034 1901 2545 1796 100 715 1569 2272 2721 48 439 562 64 155 563 305 2650 2826 51 260 168 1123 231 1640 1878 486 1316 784 1148 559 659 1486 1046 900 1437 2337 2553 1636 421 1496 978 2012 2007 2815 210 1034 1948 2358 1799 611 2424 2556 764 1864 2557 2334 2769 2088 1600 1468 812 2714 734 2419 950 2652 539 719 204 2389 2367 59 699 1848 1819 2840 1307 906 1428 793 2146 2284 1405 162 1313 910 1965 914 523 1350 547 2343
2843 257 730 1466 338 392 1731 301 2609 1871 416 288 1138 2613 1800 2331 1419 2516 1645 742 1707 1068 821 1526 1913 2377 1174 2299 2006 1131 678 519 2492 2102 1527 774 1678 112 1094 1142 1850 406 1442 1992 1385 2341 881 2243 1511 2417 2519 1936 253 1516 1969 1779 1498 2145 1379 2005 535 2830 1794 937 1147 2763 855 2364 870 749 1005 2196 336 1732 830 2788 773 593 1124 610 1403 2697 1455 94 151 1966 2518 1011 365 1209 2275 1040 268 2262 131 709 2730 2531 800 2151
807 2043 2816 1260 2171 759 1697 411 2666 2810 181 620 1891 2643 1797 1188 732 1723 650 1702 2346 475 1916 546 820 285 1221 6 922 1882 1541 582 1456 1083 1284 1603 1153 956 1570 298 2476 1605 122 1763 2823 661 2502 2194 1761 1911 2425 334 829 459 1227 2261 2498 37 1145 1006 1082 973 1090 750 1023 2268 1638 1318 154 636 980 1806 2098 2807 1308 476 595 669 1285 2118 2167 222 144 2688 1047 208 1688 2168 2587 1322 73 1436 2593 2747 372 1271 755 477 1865 2463
352 1815 403 1159 2138 2255 846 1571 573 2811 2338 837 2484 1009 600 17 1349 90 1735 2063 1338 537 2648 317 127 1994 1698 2412 195 2455 264 642 2614 2100 1964 2486 1409 891 1982 472 1619 667 2269 1863 1540 1060 2223 2189 2139 1618 879 1816 1925 1421 2340 2253 2820 226 2371 299 1622 2339 2833 2835 405 349 1539 2092 557 1238 2372 428 2460 2709 1828 160 1366 961 1291 2710 2403 867 1480 1078 687 2266 1324 2431 1095 307 1101 1621 267 2797 2635 814 2595 1520 2094 2158
257 1894 742 1731 1871 535 1800 1138 1707 2613 2609 1645 2377 2095 288 1527 2680 2843 1068 821 881 870 1007 2341 253 937 2243 1498 1913 811 2299 1455 2006 1466 1850 1142 336 2196 855 1174 2763 2519 2019 2087 774 773 2516 730 1094 1936 2802 530 1385 800 2492 1028 1526 446 2331 2752 1419 1779 648 338 410 406 1259 843 112 1636 2005 2682 678 1516 1817 2110 1690 1969 2166 416 102 357 1511 2805 2159 1110 435 2192 248 2360 1711 2350 457 922 2550 1382 2234 1325 1968 2012
204 1944 2766 1055 2741 1212 2135 137 899 1606 2558 2842 116 1935 1463 2305 2825 2041 97 2294 1056 447 2728 1547 1134 246 2511 2068 1067 2736 165 1223 2435 1874 2665 722 494 2057 2813 350 2248 725 2382 647 79 1899 1130 2506 146 1937 2292 2719 1464 2291 1126 2639 2367 1407 657 677 85 574 1892 804 329 1369 817 2683 2319 686 948 692 1752 2286 2817 1545 2389 2528 892 2393 2708 925 1677 1644 994 2411 59 2300 1076 2649 864 442 633 608 26 274 1926 987 1777 2039
2185 143 1129 2298 2584 1411 1694 1440 795 1684 2363 2616 2529 386 787 2271 2468 1360 638 30 1630 958 1294 1445 1446 1514 665 1112 718 810 557 1509 2460 2481 1258 2749 71 1270 1215 879 331 478 758 1912 1961 1124 2053 2505 2465 389 1730 2693 1395 553 1037 2467 108 2285 1635 154 2164 936 1127 2774 2794 1662 999 806 1756 356 1568 1921 125 1831 653 1022 1274 471 346 1974 1282 1378 643 296 534 390 1967 402 1317 408 1472 1140 1302 363 2557 2727 2806 2429 267 1438
1125 1753 70 2777 2772 2077 2478 2561 1839 1834 2015 1252 2510 1842 951 18 431 601 2818 1035 2 2663 1759 315 2757 2656 2149 436 2000 215 2624 767 2601 737 1533 395 1605 990 2471 1798 2107 1900 1703 1423 308 1845 1230 1693 1225 962 1908 2441 1965 1420 101 2152 2016 15 2502 1222 831 1830 2214 2645 1654 2154 578 522 1902 2161 2482 278 1559 650 560 2218 848 502 1986 310 588 1801 2636 888 351 1288 2540 1357 2400 966 2009 1954 2458 1510 1371 364 903 1806 1176 322
2719 2319 2292 692 1962 1126 447 790 442 2506 2728 2766 2736 165 2825 1130 2558 725 1825 1940 362 2258 2207 1841 1452 2580 1986 137 79 2000 2583 2741 2617 2294 2657 404 1810 67 2436 2183 2598 2051 1544 2509 1212 2815 2046 1586 140 899 1067 1195 646 1965 204 1830 1609 521 1439 1868 2665 2732 1559 2605 1753 1055 804 497 637 574 2345 722 2057 1451 1192 992 1086 2305 707 246 2624 686 158 1594 960 2149 1373 2069 242 1261 395 2656 2553 1125 146 386 1134 2210 2016 2211
99 1145 2747 612 1023 2098 2055 141 1047 2636 2009 401 1160 453 172 72 208 595 694 1784 2722 1089 1404 2577 1688 1241 164 1100 2587 2274 731 2126 156 1155 1682 1808 1510 1717 174 1826 461 2163 823 477 399 2655 1976 1415 144 2775 1201 460 1436 1628 320 73 1504 2218 2469 1479 1933 222 2355 241 2632 455 643 1048 2611 1503 495 2398 418 1612 1438 478 471 363 786 936 1822 1662 2634 628 2142 1262 456 2505 2465 753 1097 1918 138 2594 2429 402 1140 1282 2512 1481
1011 1929 2765 2301 2806 1273 2698 295 2285 2407 484 1024 2801 268 2687 1730 1275 1843 655 331 999 131 1274 467 726 1127 2316 2059 1875 1475 872 53 1008 1472 430 290 478 1503 495 389 758 1140 653 1855 31 1124 2531 452 2075 2470 1524 2557 2236 1037 2053 2565 1378 1026 108 471 1438 1022 1278 2465 2505 1780 1941 936 1961 33 2693 1912 1662 1021 1917 1187 27 2093 314 1039 220 1303 840 89 2429 806 391 1240 1050 534 1118 1101 1500 2256 200 233 618 1967 2017 1635
1810 67 1012 249 1406 202 627 2509 2583 1075 1001 2121 2350 1055 2766 1606 2558 2728 2825 1944 165 2741 725 1212 2057 137 899 2135 2435 447 1874 2736 1223 404 204 574 2842 2305 1056 2291 1869 2183 2813 2294 2039 892 742 1130 1126 647 388 751 2207 116 494 2292 1935 2158 1463 2123 2090 550 378 1644 1945 2258 1408 232 2809 2382 2020 97 2683 1901 2248 2319 2834 1624 201 362 499 817 1894 2366 46 1453 1195 2499 1609 2639 1169 1551 1517 424 692 271 442 1940 2528 1254
836 1098 1321 2156 2096 2645 935 2450 2342 1736 2750 1709 2432 1806 755 2201 1638 2071 1052 1790 1933 1305 396 897 1436 222 2512 2691 2218 2362 1504 1911 850 2355 477 981 1288 1032 1047 2313 189 2446 2463 1903 612 2642 1044 1308 1023 1322 2537 1703 2060 177 1363 2249 2410 599 1628 506 2318 2497 2627 1222 1206 941 2587 1412 2074 2679 96 1423 2502 1632 2261 1641 2554 905 922 1085 2216 1844 1750 198 1153 1605 1304 894 1163 1865 1954 75 1286 476 2245 1006 351 1082 621 1188
472 1828 2835 2444 1964 2266 2614 405 1607 1803 166 127 537 2758 2738 1571 1324 1341 1069 1421 342 2820 226 1509 1060 2340 2013 551 1338 687 600 846 2138 2063 2255 573 17 1059 317 2811 1811 1159 642 511 352 2455 2412 403 1167 2484 2431 667 1025 1735 154 1925 1295 2731 1540 90 1814 1815 2339 1619 385 1982 2338 2740 264 1622 1238 160 2473 2189 1863 1355 1095 267 1409 1652 1291 2710 46 867 814 2100 1807 262 41 2253 1589 195 1530 2783 2486 147 1264 1539 2371 2460
546 582 1221 285 1083 6 1882 1702 2643 732 1697 620 759 181 1260 1797 807 1570 1153 2807 956 1541 1318 2476 636 922 1188 459 2816 1891 2498 298 1761 396 1456 387 1536 1865 2627 1199 2666 2688 2425 475 2346 281 731 2720 1006 1160 2043 2275 1284 351 411 2126 595 2678 1225 1916 909 2194 1145 2747 1023 2188 1206 661 1717 905 650 2469 2463 971 208 1047 830 2268 401 1732 2313 2762 2098 1322 1954 2442 2655 2410 2261 1763 1603 2086 603 541 2107 2154 644 1423 1073 1412
617 2242 1561 540 1593 465 2542 2785 783 1535 832 499 1346 291 1914 1161 1836 1197 2827 1785 1847 2441 1773 940 853 407 949 1513 310 1228 751 1590 2112 1166 1856 1343 1004 93 2202 2745 1786 2409 76 2737 1257 895 2129 1091 2072 184 2190 1434 198 614 1996 1795 898 1103 1093 75 1928 1631 182 1971 777 1207 2430 1087 1558 1298 954 1749 2497 1057 714 2784 634 1685 2656 2058 576 834 1137 983 510 2521 1451 1727 2143 2179 2227 376 1760 1251 2700 1689 979 1483 251 483
641 1373 2771 2385 991 1807 888 1295 262 2619 2104 1863 2731 1025 2524 1349 273 1539 1814 551 1735 1242 1122 1520 1925 2092 342 667 2139 1366 1589 2371 2833 472 1059 127 1619 2431 226 1 1982 1618 557 352 2399 2403 234 2269 428 2175 299 17 1816 1480 2460 307 2797 471 1440 537 154 1438 814 741 1571 2063 290 2740 317 1662 2226 879 363 1815 2811 385 534 1803 2429 1159 2576 2727 806 2844 1124 2340 2266 2053 1421 2298 2285 2529 2484 2059 2244 2455 49 1918 2473 867
849 2819 458 152 1532 2500 2716 313 175 2479 1896 2181 2283 1827 523 734 505 2552 1563 28 1741 1339 238 587 2674 847 2099 972 354 2119 2527 330 2191 1704 2250 1708 2681 671 2742 2809 2365 1376 2557 2689 81 120 1473 1852 2370 532 2534 2028 2814 504 696 1876 705 771 92 2177 533 2592 2144 2193 1873 1680 633 2322 711 503 772 261 1721 1111 1332 1010 1956 2343 602 2052 872 1917 1746 1912 1273 2610 1774 192 1461 507 2774 670 125 1472 1831 1117 2025 61 2789 1974
204 2558 1944 2766 2842 2294 1055 1212 2135 137 899 2741 1935 2825 1463 1606 116 2305 2728 447 97 2041 1067 165 2068 79 1134 725 1547 2506 2511 246 1130 2382 722 2248 2736 1464 2813 804 1076 1056 1223 2292 1126 2665 1874 1937 329 2286 692 2719 686 948 2207 2393 1940 2435 2258 2319 817 723 2817 1369 790 442 1986 2057 2367 135 1825 2413 146 2389 950 2039 1453 677 2300 1639 59 925 2617 1545 362 480 1407 1752 2501 348 1777 659 1656 2580 1926 85 1452 1934 1910 1841
2767 2836 1993 1617 1045 1422 2840 1782 197 1663 2130 1328 1444 712 463 134 1437 1486 900 559 2837 169 2419 445 1054 1983 1623 1208 2241 1381 1253 1552 2050 1679 947 260 645 2011 1658 2826 1649 1468 659 2439 1307 2707 2544 1544 1840 563 2076 1261 1878 440 2397 674 2652 2628 904 978 735 179 1775 2082 2312 965 1489 2270 2714 906 2133 2088 348 1860 1046 547 1051 1417 1405 1386 2574 1710 2012 259 194 1148 2606 1701 2358 480 2557 524 556 860 231 2515 1600 2713 1172 489
2578 2083 1236 2267 2380 1910 640 1430 2210 1038 1553 828 2421 1256 2335 1836 1272 2726 2384 1754 1749 1793 1337 729 2179 2451 680 377 1004 13 510 370 2521 2249 2162 569 1266 1685 75 1883 2542 1738 80 198 119 2497 427 1502 617 2656 20 2668 2203 1065 1886 1251 1184 289 2149 571 2568 2571 2640 1785 1257 2022 609 1304 21 2031 2570 1296 1786 901 1049 310 1714 1593 1713 940 2120 2112 2415 2784 834 500 2227 1561 176 1764 1343 1189 1353 2224 2808 323 727 1300 1744 199
945 1579 841 9 2792 1583 1920 1769 1179 639 2491 2328 2252 1578 2647 919 1354 952 2682 1977 998 1770 1651 1791 1989 1063 517 1585 2711 118 1470 227 567 819 778 748 1970 1531 382 916 887 1667 2723 2042 2729 2778 2740 196 1854 2361 928 422 2575 114 2065 1282 643 2244 1647 2017 1822 1493 1465 1972 786 225 982 356 61 2462 923 764 2304 1395 2632 207 721 1662 2402 1921 758 618 1657 1351 478 464 1438 190 2062 780 799 471 389 1706 840 1048 1961 2334 1918 296
2272 1965 2815 1316 1496 1636 2556 2352 194 1051 2628 1218 1840 2241 1658 2713 2433 1490 2439 2069 1860 1586 497 201 1381 1544 712 1261 1453 2046 2376 2309 1897 1362 992 950 1422 1901 2496 613 1752 1045 1782 2826 563 2367 260 1123 168 1253 231 826 1878 2545 283 978 900 1569 2557 266 2062 2034 663 1293 2008 1097 719 1848 2538 1437 155 643 2821 478 2337 764 1143 456 1617 486 1912 2812 1428 1046 1468 2631 533 1972 2479 847 1148 2467 1187 2632 2007 464 241 1048 100 1579
133 2374 2672 2184 756 548 493 1196 976 366 1358 1765 1758 588 859 797 583 1081 1497 1279 1947 2004 2174 1034 570 1930 1457 2125 294 1575 689 57 1234 1664 1859 228 150 1792 2541 2418 1724 1229 746 2186 2327 2229 210 280 1580 905 2461 1847 2517 801 2590 1750 2129 182 1263 2410 1116 2587 242 15 1641 1085 1903 1986 1513 1685 940 1861 263 2679 479 1535 1222 1420 2483 2245 1004 2107 1226 2700 1375 2497 1760 560 1423 75 198 1288 2514 2542 2214 1914 2441 177 2122 2463
2832 312 59 987 2389 1545 2270 2082 85 556 635 1202 1799 1146 626 2300 2367 4 1737 1405 372 943 1102 950 547 1752 1386 2411 1407 221 611 1934 2528 2044 1319 2501 1721 1876 1926 1644 188 1656 2477 2790 518 2817 2631 826 817 1624 283 134 633 28 2119 613 238 1755 505 2370 1942 2534 805 553 2365 2774 1332 1974 68 271 503 2193 317 1461 2821 1756 266 587 2250 1827 711 2527 2592 2144 1302 2181 734 602 663 705 2789 2322 2689 2681 972 2557 659 2770 1314 1896
2045 1584 2023 2755 770 2545 197 817 1237 1739 530 463 1604 1981 1319 659 542 2397 1408 1701 2664 611 1301 1796 1746 2419 431 2440 271 26 2093 446 2001 925 1369 1417 547 2259 726 1731 1926 1942 1516 2375 1829 1893 54 152 1489 1035 2790 559 507 734 2034 1569 1386 1658 348 2610 2367 904 999 1840 710 2622 2049 1774 2256 1864 188 1552 2782 1486 1896 1339 68 1673 313 712 1046 772 444 849 2250 1819 1051 2181 100 451 2082 715 360 1414 2769 1656 1000 2144 781 2236
2043 2816 2810 2171 2666 1723 1891 650 2346 475 1916 807 411 2502 1605 1188 181 1702 620 732 1260 2643 759 922 820 1697 1797 1603 2152 1284 2841 1456 1397 420 594 1541 1139 6 546 1865 1953 285 1763 1221 2768 1570 37 1222 1882 1322 2214 281 272 582 15 148 831 2410 2463 1957 1066 351 905 459 2154 1420 850 1835 1153 941 1074 384 1954 1160 2348 1226 2514 2762 738 2497 1225 1082 2362 1638 222 1090 1423 560 2245 2512 278 122 1750 2009 1911 215 298 208 1711 1308
2267 2380 1236 1886 1553 1430 743 1256 2217 901 2469 500 2415 427 2126 1628 2568 1793 731 2423 73 1038 2074 1057 1717 2117 292 2163 437 380 2655 1699 823 453 1599 36 2587 208 399 401 981 1499 1233 1160 1510 760 461 571 1272 595 694 2224 1754 2108 2668 2542 176 2421 893 747 1872 1399 1836 370 1976 569 2249 1785 617 2161 1041 2098 1431 1047 1521 853 1561 2038 834 76 2227 1304 1312 1749 875 1023 75 1189 2149 907 2210 832 184 2083 2031 2726 1228 1750 1502 2497
2043 2816 2171 2810 2666 1723 1891 650 2346 475 1916 807 411 820 759 2643 1188 1702 1260 620 181 2502 732 1603 1541 1605 1697 1797 922 546 420 285 6 582 1397 2152 1882 1221 2768 1284 1139 1456 334 1153 750 956 1570 1953 1083 1865 2841 1763 594 148 1206 1954 2362 1066 2476 1023 1688 1322 1160 351 1145 1225 2463 1082 215 2483 1911 281 488 73 2762 691 298 1638 2154 322 2537 1222 1006 2410 2691 1090 2107 624 1420 37 2512 2218 459 2055 1806 2747 401 2098 1423 2432
665 2616 1294 1009 1446 2481 1994 1939 403 1815 2820 837 2455 226 1159 1694 2584 573 1409 1816 1925 2648 1421 1095 195 1324 352 2372 667 1619 1982 2185 2266 1258 2834 1863 264 1621 511 1630 2158 46 2484 537 1411 1112 1129 879 2253 1684 90 2595 17 2466 1338 892 2412 2339 127 2709 2298 1698 1240 2255 846 2460 600 2138 908 1735 2338 872 1604 2063 294 196 2340 1540 2485 849 2363 1440 265 867 2013 1101 1128 1480 134 764 2619 57 52 58 2614 349 539 1579 1665 2610
1306 727 1951 485 1175 589 1798 658 962 2054 2787 646 293 1361 1312 1334 572 1394 395 1230 1801 2113 2178 2644 1213 304 2323 529 2656 545 2066 2277 1451 2000 1389 1683 1106 1559 215 436 2149 737 364 1427 251 2540 1693 714 310 1207 101 2022 2161 1786 803 2546 1900 898 2040 581 75 2072 1886 2579 2497 2759 676 1333 1257 614 2114 2381 2016 2784 596 1137 1420 789 1883 560 1971 1558 2737 766 2249 272 2214 374 1957 1087 2463 1300 198 761 1357 461 905 954 989 384
1524 203 1629 478 1101 1124 471 1438 999 2053 726 1037 2557 2059 331 1918 1140 1662 655 402 430 1472 363 220 1278 1187 391 154 936 806 1475 1118 883 1008 2429 534 2236 786 1273 1011 2749 1303 2505 2465 1862 484 53 2801 452 1855 2687 290 1021 2075 2093 974 1481 2301 2698 1503 2470 2244 780 207 2061 418 268 1395 2806 758 225 389 2740 1780 1647 52 1465 1921 1568 1 2402 2407 1972 1317 1756 2467 61 799 1961 721 561 1216 2361 2727 701 2610 872 356 31 805
196 883 1179 2196 2697 2491 1977 2328 1578 952 639 673 1354 2417 416 2792 1174 2492 9 1142 841 919 1651 2682 774 937 778 1936 1794 535 1063 382 945 1913 1579 2711 1625 2723 2006 776 887 678 819 1970 2005 998 1094 2575 593 749 1800 1645 869 227 1769 1470 1871 2519 1583 1498 1667 114 118 1854 2087 916 855 98 1131 2647 2251 353 2252 1531 1920 2613 1160 1138 517 2377 94 1731 2462 567 881 336 2474 1068 422 2243 1145 1643 2636 821 748 1613 1864 1321 1882 153
1161 1847 1795 1513 1773 1228 1785 2129 499 617 1346 2542 1561 2190 1176 2202 832 2066 1224 2745 2827 576 2242 1743 2785 310 695 983 2441 1300 1836 2523 1856 1713 1178 75 1535 95 940 1343 132 596 2422 2700 1093 1197 1004 198 47 1714 2784 2497 1838 1914 834 1166 1116 483 1727 1593 34 2737 1749 2112 407 1685 2437 291 2409 1251 1786 1257 2149 789 1333 182 2180 251 824 1693 954 1476 2179 1353 2058 76 1971 2430 2656 1298 783 479 1304 1288 1213 2521 2555 594 1364 240
1371 1525 2263 2623 214 327 1280 2152 2572 2841 106 924 2502 1605 1661 96 1632 1927 1727 1139 2555 834 2567 189 1749 1084 2678 1032 941 2058 198 1738 940 183 2554 1288 629 2348 75 2060 1171 1397 2497 420 894 2216 761 1953 621 1891 2030 1703 419 1602 2737 1222 2768 272 1004 510 2214 1363 1865 2542 1304 1263 1957 1343 384 2179 22 479 831 1659 95 171 2153 117 949 1641 905 148 1113 15 1144 1420 2751 560 38 2494 594 84 1835 738 609 474 1750 2469 1251 728
204 1944 2741 1212 137 899 2135 1606 2766 116 2842 1055 2558 1463 1935 2305 97 2041 2825 2294 447 2728 1056 1134 1547 246 2511 2068 1067 722 165 2665 2435 350 494 1874 2736 1223 2813 725 2057 1899 79 2248 2367 2389 1752 2382 1937 2719 146 1545 261 1130 633 1892 2037 647 948 85 1680 950 2322 2250 518 2291 2292 1464 817 2639 238 1677 59 2556 1386 2319 659 2592 2181 2393 2499 1407 790 1369 1725 804 312 1563 271 1771 526 994 2506 2681 734 1708 864 2039 1332 2528
2455 264 2371 1982 2189 2484 299 2269 2811 428 667 1925 2833 2255 2412 2092 1735 1338 2139 2138 1619 837 317 2776 90 1159 226 1589 1009 2063 352 1122 1814 879 1815 600 403 17 573 2576 1863 1549 1571 741 2731 846 891 2460 642 2338 1622 687 2100 2486 2662 2844 1060 557 1238 2614 1291 2548 1964 267 1994 2363 795 2797 1278 1421 1509 2266 127 307 342 2473 405 2418 68 1827 1117 1386 57 175 2820 262 280 633 2283 526 2322 2610 2181 2339 1942 547 2119 28 2764 556
1436 1933 1790 2218 222 2512 1504 2071 850 2362 1305 1638 2355 2691 2394 1911 981 2645 836 2432 1321 2593 1709 2156 935 897 1098 477 1267 99 2096 1479 144 2750 1682 755 2201 1806 1736 1044 2342 2450 208 2167 595 2147 2587 1976 396 1510 1023 1717 2074 2655 1145 461 612 2762 278 2537 141 453 1160 823 2642 1711 399 1225 2098 2747 401 1954 2163 1902 351 1150 1047 1052 495 2446 1582 1599 2154 2636 1155 2009 1066 73 113 322 599 2463 1628 2276 816 1666 1817 2055 1674 105
1684 2298 1360 1630 1411 2584 1694 1129 2185 2616 2246 1112 1446 1294 665 1258 2481 638 1270 787 795 958 143 1993 1514 30 2271 71 810 1445 1939 1215 1440 2529 987 2213 307 2631 635 1520 511 1407 1409 1 2727 2517 550 85 2709 1622 1422 1045 1755 2486 600 1926 805 2528 2411 2619 518 2044 386 317 1994 46 154 892 573 1540 349 2468 2372 1291 1934 2100 1624 2817 2813 1095 1338 1617 2248 2253 1756 899 195 1644 2158 1381 712 1656 267 2189 2715 1606 1568 2501 2300 2764
2141 150 2374 2678 133 1726 859 2263 2184 1536 1758 1083 1365 1280 756 1279 2672 493 212 1318 548 2197 914 366 797 2209 1458 398 1493 422 764 2164 719 58 2316 1196 1347 2761 1358 549 1289 874 862 239 2008 1751 495 1436 241 330 2386 1781 2018 1765 1970 2328 2186 1504 604 247 2402 1525 1403 2632 2470 207 793 1282 1351 1127 43 721 343 1438 2623 471 35 2572 1582 131 2091 2284 1274 2355 1647 1204 2165 1011 27 2711 1780 2582 200 838 2491 1972 1454 2718 1875 206
226 1421 2269 1982 2833 2139 299 2820 1925 687 2092 1619 160 667 879 428 2371 352 1863 2189 741 1539 2266 1816 2094 264 2576 1549 2797 2455 2460 1366 2844 1735 1078 2776 1814 1815 1589 1480 557 537 2403 837 262 2484 2595 1530 2431 2731 1324 2835 2811 1373 1025 1122 1295 2614 2412 1807 405 2138 891 888 2013 641 2255 385 2175 90 1338 1660 1341 1009 2473 127 1159 1828 2758 147 1509 2771 867 1069 1278 1607 241 2607 1803 1822 1276 814 28 1167 1143 349 1964 1730 1662 125
957 2464 2725 1889 2404 2448 2457 844 1515 509 1766 5 609 2141 744 2468 1696 2278 2128 388 1637 1556 244 2115 2124 1426 466 228 163 473 133 2366 2004 150 2222 1061 2014 2229 232 1280 2807 859 1724 1457 2351 1596 1229 548 756 1758 498 1326 746 1945 656 294 2566 1930 57 425 690 2332 1294 2522 2168 1446 706 570 1575 1877 2720 1436 1536 636 2739 1616 2056 1358 2562 366 857 1191 263 1757 19 1880 375 2590 42 1664 106 306 801 1542 2321 1797 1084 493 665 1365
658 727 589 1951 1175 1306 304 2113 485 2178 1213 2066 1312 1394 545 1798 1389 962 646 2787 2054 2022 714 1683 1334 1801 60 2277 293 1230 1361 2656 2546 898 2497 395 2762 1225 853 1166 281 1322 614 278 850 572 2154 75 1137 2463 1423 2072 1412 1711 731 208 1288 1835 1207 1066 322 144 2245 2400 1267 761 676 1333 1928 2355 595 2587 1954 1654 1150 2126 1666 351 396 2098 15 1304 1510 2410 2167 1504 479 2627 198 2593 2325 905 2747 1582 2469 1674 2409 1241 2722 1087
2491 2328 1179 841 1578 2792 1977 945 9 2682 639 196 1579 1583 2252 952 1769 1651 919 1354 1063 1920 535 819 2740 1625 227 2723 382 916 778 1470 1791 869 2711 517 2647 998 1667 2042 1970 1585 2575 1770 1989 1800 1531 887 353 776 2361 118 2729 114 1731 422 982 1871 567 1864 1138 1645 98 1643 2613 748 2778 2474 742 1493 2343 928 585 2225 190 763 914 478 2693 276 2462 764 1854 257 2551 799 721 1395 389 2765 2585 758 1972 1274 2285 331 2402 618 1351 719
59 2389 312 2832 1545 1146 1202 626 1737 4 2082 2270 987 1799 556 85 2300 2367 372 1102 950 1752 2411 635 2528 1407 1934 2477 2501 1644 2044 943 1405 2817 826 1386 547 1656 283 1721 1876 2790 611 1319 188 1624 221 817 266 2631 1926 518 613 659 2069 134 633 238 28 2821 1827 587 271 2119 505 1942 2689 1302 2597 2181 2527 1369 2556 2283 1314 734 2610 2557 523 972 2370 1896 261 925 1974 2789 503 2592 712 1955 348 2250 480 1755 711 2681 772 1680 2774 175
2049 530 446 1290 1237 1301 1604 1567 2140 1017 451 1981 1058 1518 2796 921 2282 631 2064 984 2596 2392 416 908 2357 1879 1909 2257 1978 1370 607 1742 1384 1673 813 1554 337 2660 1613 1105 2696 360 1331 1396 2259 54 1681 710 1739 243 660 542 1614 1621 487 662 2243 2006 2782 2650 869 1853 748 355 1531 881 870 1002 2482 2543 1893 1000 567 2085 1709 2005 492 1913 1321 1119 1046 2647 674 1579 1403 2432 2564 904 2600 1906 1642 678 2459 2093 1638 2645 2458 860 2012 281
945 1579 841 9 2792 1583 1179 1769 1920 2491 2328 1578 639 2252 2682 1354 1977 919 952 2647 998 1651 1989 1063 1791 1470 1770 1585 567 1531 118 227 517 2711 887 1970 748 819 382 778 916 1667 2778 196 422 2729 2723 928 2042 1854 2575 2740 114 2361 2065 1317 1921 1647 999 356 61 331 2061 1756 1438 838 207 1282 478 1302 471 1395 1972 721 1822 2402 225 2794 192 216 296 936 2467 1465 1961 108 786 1706 2017 464 643 719 1568 2821 418 1831 2062 346 2244 872
2317 2437 2249 761 1749 44 834 1672 2058 1990 2700 16 1836 1727 1304 2555 1178 2497 60 1300 1447 1277 1288 75 198 1703 676 1483 1883 2216 1363 2469 1353 251 1469 376 731 621 2381 47 1251 2784 95 940 1427 2737 1106 576 1222 384 2288 2126 171 1263 905 1628 738 1361 2540 272 941 479 1371 2214 1995 1891 1957 2313 2245 2182 1801 2760 1283 2726 183 1004 658 1750 1835 1476 1641 37 850 2074 1525 15 1364 483 1312 2587 744 1451 2655 393 946 1420 727 325 341 1559
2411 2501 1934 2528 2044 1644 1407 2817 1656 188 1624 59 817 2790 2389 85 1545 1102 312 1617 2082 2832 1045 2270 1782 626 2130 987 2836 1422 1737 556 611 1319 950 2367 4 1993 1444 712 2300 1799 943 1663 440 1146 1926 1202 635 547 221 2011 169 1386 2050 2840 645 2837 1752 1649 735 1721 1054 659 445 1328 947 1253 1876 1840 1381 1405 2241 2477 134 1623 1658 2387 1544 179 1552 1775 2439 1679 197 2034 1029 550 372 518 2628 1369 2545 925 463 2631 826 2692 2556 2767
239 2091 2164 1781 1127 2280 2173 27 2693 216 1780 2794 822 838 1472 209 1274 139 245 653 1555 2232 449 858 799 1356 408 1282 561 49 1024 113 290 1141 2070 883 2236 2017 1248 314 1829 1050 1505 2053 525 356 1021 2531 2669 296 752 383 2025 654 1435 618 1475 61 1787 1635 390 1967 192 2093 2396 225 1395 1921 1961 422 2059 1715 2765 2061 1568 1924 2406 1273 1317 1756 805 1598 1240 1648 1755 1124 2557 1168 1647 391 1187 1037 2773 1972 1299 2402 1140 504 721 207
183 2841 629 1525 2152 1113 1371 1283 1768 270 621 2048 941 2502 2761 1108 1139 171 1288 2263 84 1703 1363 1605 1364 1251 2216 2760 2182 2623 198 2401 1280 2497 75 2522 2612 45 2056 2572 1064 1304 327 2141 60 959 949 214 1880 1953 940 236 2608 1004 2705 2555 1995 1536 1560 1397 420 2249 2831 761 1727 1749 2737 594 106 2058 281 834 148 1343 1685 1103 783 2112 2313 1286 506 2677 2203 2720 2768 2179 1434 2022 2542 954 732 2807 182 1865 1483 1712 1632 376 2554 474
1948 1096 1416 1993 2556 987 1897 85 2817 1926 2300 312 635 1569 1407 2721 925 1656 2790 2411 2528 2832 817 1934 518 1362 1369 1545 348 188 1644 1381 26 2631 1617 2412 2501 2034 712 2044 2454 547 238 611 1218 1630 2389 259 59 1045 1386 992 1586 2082 1319 28 480 1102 497 2842 1737 2813 550 221 948 626 1658 772 1496 2286 711 2367 317 1796 2119 1405 2241 2825 2250 1051 2272 1873 1827 1624 950 1777 2283 1464 1360 175 1684 715 2592 2714 587 2610 1473 2181 1314 1782
2019 1507 2550 107 2604 1669 863 1104 794 1611 1177 2586 1805 775 102 2414 1646 2329 2192 279 357 339 2701 2780 2447 1244 2621 1259 2368 1450 2136 960 2651 693 1626 1147 818 2641 2637 1732 2805 830 876 2254 2804 1678 1120 1832 2275 2347 2518 1372 2297 457 2240 2630 393 1169 55 1517 1073 2176 10 1382 2020 2345 321 603 2106 2802 2211 1192 2247 397 1959 2233 86 728 1620 1809 2166 2525 371 145 2605 1014 379 1734 2748 469 2326 577 495 462 719 2008 2754 1410 241 2018
617 1561 2242 540 1593 465 2542 499 2785 751 1535 1197 2072 898 1087 853 1785 1558 1207 714 1166 291 1836 634 1590 614 2143 832 426 93 1631 1597 895 1228 2409 1928 1346 1786 783 24 1257 1161 184 2430 1914 1689 2024 1847 1137 76 310 2827 1343 1971 2441 1357 2656 940 2112 1298 2521 407 1057 2745 1773 1738 954 2179 510 182 1434 1513 1004 1856 2784 1106 2129 1714 1685 834 2224 1795 230 1996 485 2202 2149 1300 1804 327 2000 2227 2058 1502 2016 979 1602 176 1713 240
301 2843 392 1419 2331 937 257 1131 2377 749 1794 1243 678 593 2788 1527 2151 1379 1040 605 365 2730 2005 2830 2290 1573 1645 1731 435 2364 1138 1871 2417 112 2609 544 535 1424 1311 610 2613 434 1309 1079 1005 1110 288 2549 1800 2697 2251 855 673 881 2560 519 94 821 1968 338 1068 2196 1707 2746 410 1966 1783 1670 2763 248 1581 2680 1020 717 406 2341 1133 1387 1634 416 742 730 870 1142 1946 2299 1498 648 2219 253 1385 1850 2095 1779 1718 1455 811 2516 1526 800
777 1996 1091 230 967 558 2295 2413 135 1448 1093 1804 1818 564 707 783 926 1728 213 2281 540 499 2615 2242 407 2408 2785 2441 1914 1856 1945 754 2288 2827 1719 2111 2756 2533 2320 2354 949 91 2024 1265 2235 1849 2224 2566 2745 1269 2638 1689 766 1867 232 983 1785 29 1561 1296 520 1149 184 2190 1180 1722 39 310 1383 2021 1231 1478 119 328 739 2202 1533 76 2495 792 2000 1786 2744 1733 424 332 1357 596 1529 80 2078 2390 142 2737 1593 24 536 2172 1492 1535
1371 327 1525 2263 2623 214 1661 1280 2572 1687 1400 629 275 117 1113 1198 1659 1922 924 2494 2303 1960 2152 2030 2677 1084 96 2678 2162 106 2726 2116 23 1632 2573 1738 1927 1602 1184 834 1080 940 2521 1488 1343 1866 2348 1144 1727 1744 2620 1205 762 941 2656 2179 183 2503 894 1949 84 2554 1597 419 2542 2737 2751 2791 426 332 1298 1064 2841 2555 510 2441 1986 953 2421 1502 1856 1605 856 1004 1199 2094 634 1272 479 2567 2502 2149 571 167 2000 2153 417 2112 1057 2571
761 474 905 2245 1263 2086 2514 1641 946 1750 2410 2463 1219 1226 1322 907 1380 1423 2317 1066 2483 1074 624 2167 2249 104 1412 1206 1954 60 322 1304 488 198 351 1836 2437 713 2497 1267 1749 1654 1425 75 1225 2154 1288 16 376 111 44 1703 940 783 724 1447 658 834 1363 727 1672 2700 1312 1469 1727 1483 1222 2555 485 589 1835 747 1990 2107 308 1178 2737 1004 676 2216 1911 347 272 1342 1175 1343 1957 2542 997 15 560 183 1364 2214 621 45 1144 384 2202 1951
2437 2317 2249 44 1672 834 761 1749 2058 16 1990 1836 2700 1178 1727 1300 1304 1277 2555 676 2497 1288 1703 2784 60 75 1447 198 1363 483 1883 1483 2216 251 2469 240 1469 47 325 2313 1353 1427 1251 2737 940 1106 1361 941 731 171 1161 621 658 789 1502 2054 485 1738 1995 2179 576 727 2182 2450 745 376 2760 1004 1628 2540 1801 2726 183 2288 2126 1283 1184 2579 2178 2245 1312 1451 1847 304 393 1263 2381 2705 384 1371 1971 479 2679 167 177 2554 1641 1736 744 1108
555 868 554 2029 1888 142 289 1890 1492 1033 2743 802 332 2078 429 176 1393 340 2451 417 1562 361 1699 21 2668 866 1053 733 1398 878 979 2786 199 2227 2333 681 62 1431 2384 1686 1418 886 597 1065 2108 36 1430 302 2117 1132 569 571 1553 680 1256 1588 78 1910 432 893 500 536 1038 1268 121 988 193 1668 2421 2602 2224 427 1754 1499 2566 1478 1945 292 967 707 213 327 2423 1785 2320 1986 498 1041 901 1374 1228 119 743 2267 725 2024 1849 499 80 1272
79 2248 2813 1464 1076 804 686 329 2382 2665 722 1067 2068 1937 948 2286 2393 1639 1547 2511 1777 1134 246 1868 140 2436 2598 1452 2842 2580 2305 1606 1185 116 146 899 2135 1935 2741 97 12 1212 137 2041 1463 491 204 2569 1223 2708 1592 2438 2825 1899 677 682 657 350 2435 1874 2294 2766 494 974 2558 2817 59 817 925 1407 1055 447 2389 2528 1656 85 1624 2411 1369 518 2501 1934 1545 2283 2367 312 271 2250 987 626 1146 1644 2292 175 1677 550 1944 1202 188 1721
2843 392 301 257 2331 1419 2609 1731 1138 288 1871 730 937 1645 338 1800 1707 742 1131 2613 678 2377 416 2299 519 1068 1794 673 749 2516 1466 2251 2788 1243 2341 2290 2005 2763 1379 1526 365 2697 1005 1498 1678 1387 1455 1527 2492 406 1573 593 2151 821 2746 855 2275 112 1732 336 774 2730 1450 1094 2417 830 535 1073 1174 2830 2364 1142 1079 410 435 1850 2102 2145 2518 603 881 1783 1936 1779 1581 1385 870 605 2196 2560 544 1969 1147 1670 546 248 459 1511 1040 2519
1810 67 1012 249 1406 627 2509 202 2583 1075 1001 2121 2350 1055 1944 404 2809 2766 2825 1869 2057 742 925 316 2020 1606 2183 1609 2558 1752 740 1473 204 2367 550 357 480 2728 1056 1182 1466 1624 2842 1109 1195 59 2813 1453 152 1169 659 2435 494 201 1408 1894 950 447 1874 1721 2592 2158 378 1223 135 1934 137 2501 2741 892 2237 1680 817 2291 2817 367 2181 271 2630 134 2306 2294 348 1212 1319 1517 1369 1901 1644 2211 2389 963 1146 238 1636 349 574 818 2039 2528
507 2265 2789 1650 120 1955 1314 1917 1873 2597 2199 1135 1543 1099 771 2610 890 2822 649 2306 2212 1327 2191 1885 2812 2774 2144 1117 1302 2764 2681 68 670 1974 2770 1461 533 261 2177 553 2052 872 1010 968 1164 1799 92 2592 1109 963 316 162 2799 1823 1182 2343 367 1441 1991 1961 699 2237 235 740 1332 1111 1774 2814 602 2322 2193 1746 587 972 344 2527 1852 1680 2119 633 2709 2631 1827 200 711 2552 2716 1708 1629 772 238 2250 2365 2773 81 2689 2370 849 618 671
2792 1583 998 1579 945 9 841 118 1791 567 919 1769 1354 1179 2711 2491 2328 1920 1970 639 1578 2252 952 1470 517 778 2647 1854 1977 2682 1989 382 2065 1770 1585 2778 1651 1531 2361 1063 819 227 2729 196 748 928 1667 2042 887 808 422 114 916 1657 2723 982 923 975 2575 1730 840 1647 108 2634 1039 89 2304 1822 290 389 61 2740 643 1143 225 758 2285 2402 1022 52 2794 2343 2164 478 2407 1097 721 138 1048 1008 1481 847 1293 1378 2557 2301 1819 2398 999 2244
2706 2468 1671 1509 8 829 685 2298 2535 745 325 1474 2710 1129 1059 2363 795 669 267 537 1761 2194 661 2449 2168 2740 2473 2584 2261 476 1153 2175 690 1242 1227 1440 2387 143 2013 1411 1537 1684 2185 1694 1278 1090 2268 1763 1082 513 586 1308 2460 796 459 2189 1209 557 37 25 1271 151 873 2285 2153 443 755 2658 307 1560 1006 779 2529 290 1806 2749 268 975 2727 1456 122 2801 2416 131 2164 922 1024 7 799 1781 1008 252 1127 53 2426 452 2232 2407 2328 1270
1993 2836 1782 1045 1422 712 1617 1381 197 1658 1544 2767 1444 2241 2439 550 2130 1663 1369 947 26 925 2840 1840 2628 2454 348 2649 1870 1328 1630 463 1407 2528 134 817 1624 169 1644 1679 1948 1360 179 440 1051 1623 2616 2411 2790 2817 2050 1926 1656 1253 2044 1934 1684 1054 1649 480 2837 987 659 1446 1411 2185 638 1569 787 2501 1261 2375 194 735 2556 1694 85 2584 1796 1218 518 948 1112 1416 59 2300 1777 2034 1294 2286 2393 445 892 1464 2721 2248 1096 2382 1874 2842
2034 2545 1796 2433 2721 715 2713 1569 100 155 48 64 562 305 439 51 1640 1490 1860 201 2309 2376 1453 2650 2817 1934 1656 1901 2528 2501 1407 188 2411 2044 563 2826 2272 817 1644 1878 2790 260 1624 2556 1123 1319 611 59 1386 1316 547 85 1545 2389 659 1819 231 925 1864 2367 68 1937 221 1874 987 1774 556 699 1876 626 1405 168 587 1164 539 1721 1799 950 1148 1302 2527 2144 553 1974 2119 1991 972 2382 2082 2789 1997 1369 2813 134 480 2237 1752 518 2774 1746
2797 2844 1539 2092 2139 2269 2833 2576 352 1549 2776 428 837 299 741 2371 2403 1815 1982 667 1009 1122 1814 2094 1735 1589 1925 115 262 226 160 867 1078 2731 1159 1530 1816 2484 1349 264 687 1025 1619 2607 2633 2455 1480 2473 891 1366 1660 1421 814 403 1863 888 2255 1571 2138 2431 879 2175 2226 2811 2710 385 1295 90 2266 1540 17 846 1807 600 2771 2189 577 1373 537 127 2595 1618 166 642 1060 641 2460 2385 454 1698 446 573 267 2412 986 1995 2738 2338 1880 84
96 1927 2554 1632 894 419 106 2153 1703 1288 183 1363 1995 1251 1364 621 189 198 2313 2216 2841 1032 171 2152 2502 949 2056 2760 75 941 2182 45 2522 2497 1605 1304 2401 1749 1064 1727 940 2060 2612 1004 834 1139 2555 236 2608 1525 2705 2737 2058 761 1880 148 376 60 2831 2030 1483 84 1397 1343 2249 420 506 2112 2179 1425 1738 1685 1263 2542 1371 1103 2521 1171 1661 1844 1858 1447 620 468 2726 1836 2567 1283 1469 474 1641 2768 1286 2048 959 1891 205 1502 905 2202
1125 1753 2077 2777 2772 2478 70 2561 1834 1252 2015 1839 951 1842 18 1035 2818 1533 601 103 1323 1785 1357 436 2656 215 297 2000 2172 2 1830 119 286 2510 80 2149 2663 737 29 310 2260 2210 101 1559 1798 766 962 581 1389 1693 1296 2533 431 831 2624 896 1180 424 1914 2441 1230 1175 2214 2324 1845 1986 1940 2016 757 1115 165 783 725 1272 1818 688 364 640 272 777 2224 2785 1605 1957 1420 2161 2320 1423 384 142 762 15 560 39 420 1900 1130 588 2671 340
2281 1180 1357 39 2288 2495 564 1818 926 230 2324 1786 1538 76 2114 2489 1846 2699 1257 1091 777 1996 1106 2493 751 2224 1559 2247 1971 2000 739 1451 581 1825 1986 1361 1940 1836 1856 940 327 1841 2542 198 2242 15 1389 1561 2656 1004 1685 2214 1057 834 75 2207 182 2497 407 1434 614 1641 907 1166 1222 725 1019 1785 1207 831 2785 272 1903 2149 588 905 1116 1914 1343 898 1957 2112 1203 149 2700 896 1298 2827 560 2074 1713 297 1798 2179 1420 2601 500 946 2441 2745
2842 79 2741 899 2135 1212 116 1067 204 137 2068 2665 2305 722 1606 1935 1463 1547 2511 1134 246 97 2041 2825 2766 2558 1944 1055 350 447 2294 2813 686 2248 804 329 2736 1056 1464 2382 1076 2286 2728 1937 948 2435 1777 1223 1624 925 2817 817 1874 85 59 1452 2393 1407 2389 2580 1369 2367 2528 26 140 348 987 1677 1868 1656 1644 2411 271 1202 864 1545 518 1146 494 1934 1892 1639 526 2292 1752 2250 2501 2790 28 1408 2283 550 146 1926 1721 626 2440 1771 312 175
1054 1649 645 2707 2011 947 1663 1444 1623 1328 445 169 2837 1679 735 2050 440 1617 2130 2840 1775 1029 1045 1782 2836 1253 2767 1261 2287 179 1381 1993 1544 2241 1422 712 1840 134 1218 1552 1658 2439 197 463 900 2544 1437 965 319 1710 1208 1307 2628 2046 1489 1486 992 194 2082 2631 1860 2084 489 1445 674 1586 497 1386 259 659 559 2397 1948 547 348 906 1417 1897 2270 950 2419 2592 59 2052 860 480 769 231 1468 2389 978 904 260 788 1362 635 1172 970 30 1532
2666 2816 2171 2043 2810 1723 650 1891 2346 1916 475 807 2502 1605 411 820 620 2152 1603 1188 759 181 732 420 922 2643 1702 1397 1541 1139 1865 594 2841 1260 148 750 1797 2768 1953 2497 1456 198 6 334 75 37 941 1284 2179 1763 1697 1222 1738 1288 468 1703 761 1304 1322 2469 940 285 272 15 1654 2567 1835 479 2214 510 322 1412 1858 1225 2154 731 384 1957 621 905 2521 2463 1641 84 2126 1423 60 2655 546 351 2216 658 1750 122 258 1004 2362 2245 1954 1420
1472 999 430 331 726 1187 391 2557 1475 655 1037 1118 484 2236 478 2059 2093 220 883 1124 1273 2053 2301 1303 1855 2061 1921 2075 2402 1647 1972 1140 2801 471 1438 1395 1278 1662 2806 1101 721 1862 561 1918 2407 1011 1317 1756 2698 53 402 1503 936 974 1829 806 799 805 534 2429 1755 2505 2465 1568 1961 363 553 2822 2610 1008 2773 203 872 701 758 31 518 1024 786 1629 1481 1021 2361 389 1 780 1524 356 504 296 1780 2687 1730 1974 418 2244 2470 52 1050 1274
2054 646 1175 1951 485 1306 589 2787 1798 658 727 962 1361 293 1207 1558 2072 1087 714 1451 2000 1334 614 898 1559 1312 1137 1394 1106 572 395 1166 2113 2409 1801 2323 2066 1213 2178 1928 304 529 93 1230 895 2644 853 1389 1590 1786 1257 545 1971 803 1427 251 2540 2277 1883 1115 2656 2784 2546 1886 1683 374 1197 676 1353 1300 2114 426 581 1597 215 76 101 465 2381 2699 1180 436 634 2143 1357 240 2324 989 1538 39 2288 2759 23 341 2149 339 737 2489 2677 364
1054 1649 2707 947 645 2011 1663 1444 1328 1623 2837 169 1679 445 735 2050 1617 2130 440 2840 1029 1775 2836 2767 1782 1045 2287 1261 1253 179 1993 1381 1422 1208 712 1552 1307 1218 134 1416 1489 2241 1437 319 1710 463 900 1544 1860 1658 1948 860 674 2046 489 1586 906 2076 197 2084 497 992 1486 1417 965 1840 51 659 348 2650 559 259 2544 1468 2272 1897 2439 1701 1046 769 1627 260 1428 2088 2713 2419 1362 1096 1788 2397 2454 480 2652 2312 1817 904 562 305 2815 1983
1735 2811 2255 352 2455 2269 667 264 2371 1925 428 299 1982 226 2484 1619 2833 1815 2412 2092 2189 1159 90 837 1863 1524 203 2138 798 1814 891 1629 2139 879 1122 2776 1589 1060 154 2614 1009 403 2460 2576 1539 158 1571 2749 880 1338 17 1086 2198 2206 2063 2797 741 2338 317 600 127 573 342 1549 1421 242 2266 2473 2403 2581 2662 1238 2694 1193 2844 846 687 1291 867 2548 307 130 2731 557 1292 2740 1816 267 2340 551 842 405 160 642 1520 2127 2431 1059 1432 472
1697 2643 1570 1221 759 546 285 6 1260 181 1702 582 732 620 807 298 1797 1083 1188 1882 922 411 1456 1284 1285 1153 1541 2268 973 2167 1763 459 2043 2816 1318 2171 1090 122 37 2807 2476 475 1082 820 1911 980 586 2810 2346 2118 2666 1308 661 1380 1884 2355 2593 2168 443 636 113 624 495 829 1723 2623 669 1145 2142 2762 241 144 1891 488 1761 2632 1603 278 1651 850 2634 1322 448 343 477 956 206 1006 1848 1711 764 281 1916 1875 840 1902 1977 1822 1247 1039
1948 1096 1416 1897 1993 1362 2556 992 497 1586 1569 2721 987 2046 85 635 2790 712 1218 1045 1051 2631 1656 312 1926 2817 1496 1381 2034 1617 2272 2241 2832 259 1316 1630 2300 155 2412 1360 518 1636 188 231 221 1934 547 925 1123 64 194 2528 715 817 2825 2545 317 611 2312 2411 28 238 1319 2082 1796 1386 1658 2352 100 348 1407 2455 1187 1215 1422 1644 1873 2501 772 1684 948 1102 2534 2199 899 1314 2842 26 734 805 1860 2713 1955 1782 2213 1405 1840 159 2286 2813
2433 2713 1860 1490 201 2309 2376 2034 2545 1453 1796 1901 100 1569 715 48 2721 439 2272 155 562 64 2650 563 305 51 1640 2826 168 231 1123 260 1878 1316 1148 559 486 1046 659 1636 2553 1486 900 1437 978 784 1496 1799 2557 2012 764 523 2007 1339 2334 719 539 2815 611 1864 2367 1600 812 950 734 1034 2337 28 505 547 2358 919 1386 533 1769 1772 1896 2008 59 1819 2343 1741 699 2146 2284 35 1143 204 1351 2840 303 1289 210 1468 2652 2799 2714 1039 421 840
1188 922 1456 1284 2823 122 411 1763 37 459 1160 1006 2268 1082 2642 1308 1090 1697 2126 1865 396 1638 586 443 2201 1806 2167 1153 2432 731 1145 620 1023 1709 2098 2750 935 1098 229 612 2071 181 755 732 1321 836 2645 1047 2055 1736 2096 2636 2261 661 2643 694 2747 1702 1227 2450 759 1790 2469 1260 2537 281 595 1560 401 2342 2194 546 2655 1761 477 1976 208 1911 1628 476 1717 2156 461 897 1858 1052 2816 2691 453 73 141 629 2362 2587 2449 2009 99 823 1797 2168
546 582 1221 285 1083 6 1702 2643 732 1697 759 181 1260 620 1882 1797 807 1570 1153 2807 1541 956 1318 298 1188 922 636 475 2816 1761 411 1456 2346 2284 1404 2018 776 1536 353 290 495 27 1289 1100 2565 2491 98 2146 144 2476 190 363 1011 661 2043 764 2328 53 131 719 118 471 2536 2008 207 1145 2194 418 241 1438 2474 1284 239 838 1822 1875 2634 1127 1977 113 2098 2747 2429 653 406 1662 281 459 808 914 1385 1155 2274 206 806 999 1732 2164 1008 1843
465 617 751 1561 1197 853 540 1593 1631 2242 898 634 2143 24 1689 426 2430 1597 2024 2542 499 1590 1087 2785 2409 2072 1928 895 1166 714 93 614 1207 1535 1558 291 1300 1346 832 1804 483 1786 834 2579 407 1277 1357 1161 1836 1847 2058 1257 1749 1265 1971 1914 2493 1727 967 240 2759 1793 1785 2224 1940 1825 2112 1343 1513 2129 789 184 76 1996 2227 725 2827 2000 2415 1431 1430 2521 1228 1103 1773 2207 739 979 676 576 1668 2351 2784 2700 289 1137 176 498 2786 2568
414 314 1050 27 1967 390 1635 1715 1555 1956 1274 1127 2693 2028 2406 1648 2814 532 2053 1024 653 799 1780 623 1475 290 696 216 671 1708 838 2236 2531 2742 1124 2765 344 1472 261 209 2280 1037 2232 139 1011 2801 245 1662 2017 1140 1216 2059 999 2470 53 1101 1099 2343 408 1282 618 2173 1327 2099 2212 2610 120 726 1774 1187 2328 239 330 1843 354 1791 449 2479 2491 1924 1650 806 2429 1977 31 858 1613 1761 1917 296 331 220 2794 1438 2552 471 478 1651 144 2164
2817 1624 1656 1934 2501 1644 2528 2044 2411 1407 2790 188 817 1102 1926 85 221 943 312 635 611 987 2832 1319 59 2034 2300 556 1405 1545 2082 1190 2270 2389 1386 547 2545 1796 626 1737 659 4 518 2631 925 2367 1799 1752 1369 1721 2556 1876 1146 1569 1202 550 950 26 348 1993 1381 261 2721 480 2322 633 712 2250 1827 1422 805 2454 1658 711 587 68 1974 1755 2813 1782 271 2789 2610 2370 2689 1680 2681 526 2283 1117 1942 1339 2144 507 1408 81 2649 1630 2119 238
2765 1929 2285 295 1011 1843 1024 268 131 1275 2316 2301 1730 1875 2806 2687 1127 1274 1273 2698 467 2407 2531 495 2801 484 653 2565 1941 1008 33 655 108 1026 290 1500 1378 1240 1022 200 53 452 331 2693 27 1039 618 1912 314 2470 999 2017 840 1050 1635 1967 89 390 1472 788 389 125 1475 872 726 1780 1715 430 758 2059 1961 628 2053 478 1923 1503 1021 1281 2773 501 324 1220 1037 799 1124 456 2406 1262 449 1813 2398 2236 1655 2465 2505 1140 129 753 1648 1831
957 2464 2725 2404 1889 2448 1766 609 744 844 1515 2457 509 5 2468 1696 2141 1637 2124 1556 163 244 2222 466 2115 473 2128 388 2014 425 1061 1596 2278 2807 2351 498 1280 1525 1108 1560 1858 232 306 375 1326 1283 2366 1084 133 1880 2168 228 1659 150 106 2720 1945 1426 1294 229 1446 2048 270 1032 1536 636 2263 122 1768 183 19 752 894 2562 1987 2566 1757 2643 986 1610 2109 1702 481 2313 1269 1083 621 1188 448 815 2153 1927 366 582 38 2428 2572 42 1457 2442
2548 2662 1375 342 1925 2371 1619 1982 2460 879 1392 1034 2455 2186 667 2198 1276 1861 880 2363 57 1580 570 280 1086 299 2269 557 2727 2206 1575 1792 158 857 2590 1665 797 689 2833 1814 2418 2189 1724 2139 793 1 2330 2461 2356 1930 294 264 1664 2092 842 872 2125 798 1350 154 493 428 317 1776 226 1730 2456 849 421 2703 1887 2610 1520 1551 523 746 1072 1022 551 795 210 2340 2749 261 505 514 263 2844 1896 1117 307 1675 518 1827 1026 192 175 2181 1338 1292
455 1262 1140 1011 2801 2765 1506 268 2301 2059 478 2698 331 484 1124 1568 2806 999 655 1929 471 1438 726 1503 2407 1273 1475 53 430 758 1472 389 1024 2470 383 1524 2053 2232 936 452 1037 1662 295 1278 131 806 2285 1356 2465 2505 2429 534 2557 1141 1008 2070 1855 1101 1875 363 1303 31 872 1918 2236 402 290 2075 220 2137 1780 1843 1127 2687 1274 1021 2256 1187 1118 1039 1481 786 1730 314 654 418 495 822 216 1862 203 89 883 1275 391 1050 2093 780 1635 1967
2141 150 2678 2374 1504 2355 1436 222 2218 1933 2512 1790 2263 850 99 1726 2593 1479 2691 1682 1638 1911 2147 2362 1083 144 1280 2645 2197 1536 1525 1267 2572 1709 2623 1347 1365 595 2432 1318 2071 212 208 2718 396 1321 874 1170 836 133 2761 2762 278 1305 1582 495 58 398 1247 477 1458 2587 1711 549 1717 1145 1817 2316 256 914 1160 172 1902 2204 2167 1510 2599 2098 136 241 453 862 764 1751 206 2209 2009 636 343 113 2655 2636 1403 1204 719 318 632 2647 1762 2582
702 1830 848 2624 1845 2471 126 931 1114 2601 1908 1767 578 2276 103 297 990 835 1608 688 502 1323 1235 1107 284 1413 1340 250 1720 1821 768 1186 1254 1975 684 1310 2314 1391 2388 65 903 1512 522 2036 379 2762 469 1221 278 1436 850 1504 1902 1711 144 1748 1459 2355 1066 1027 2240 1674 1014 55 222 1683 2747 728 15 208 2176 1225 1570 2378 1817 1192 2641 1206 1666 1322 281 2656 1582 2346 954 2647 2362 2512 1484 2463 995 2432 2218 2475 1423 2400 1916 2599 2345 2815
485 727 658 1306 1951 1175 589 1798 1312 646 2054 2787 293 1361 962 2540 1427 374 1971 1213 1394 2066 1334 2113 251 1389 2656 2178 1207 304 2546 803 714 1115 2072 1883 1300 545 1558 1137 1166 1257 2323 1451 1786 581 1087 898 2784 395 529 1106 2759 572 93 614 2579 2644 2409 853 2381 1353 1801 1928 101 895 2000 426 215 436 2149 2143 634 1683 1900 1597 240 2114 1590 1559 1197 483 2430 1230 76 789 2277 24 310 1886 676 341 364 2040 2024 1693 2161 989 2016 737
79 1067 2068 722 2665 246 1134 1547 2511 2842 1463 2041 1935 1212 2135 97 2741 137 899 2305 1606 116 204 2436 1986 2598 2506 1076 677 2382 1464 350 2335 804 2294 1632 686 2580 1130 1452 96 2558 1841 1223 2839 329 2554 419 2248 362 2570 2813 506 682 1940 894 1764 1927 2427 217 1593 2795 1836 1937 481 856 165 1529 2153 725 1032 733 1329 2258 1733 1057 2784 19 979 482 1343 2108 2286 2573 1685 309 1962 2083 2116 2390 2249 1448 762 1722 491 215 2825 333 340 376
879 557 2460 1619 1925 1982 2363 1863 226 299 1421 2269 1816 667 2371 687 1366 2189 2455 2833 428 1480 264 2139 352 2811 2820 160 127 2092 1509 741 1660 537 2431 2266 2255 405 2412 2835 2614 1735 2094 2776 1338 2403 2595 1278 1025 385 1530 1549 1 1324 1078 2175 2484 2710 2576 891 2662 2548 2138 317 147 2738 2607 1349 1862 2844 2013 57 1589 2444 814 1571 1295 1520 307 1524 641 1815 349 1964 342 2801 391 793 1187 2285 90 2749 1539 1276 2727 1792 1814 1803 1124 1807
945 1579 841 9 2792 1583 1179 1769 1920 2491 2328 639 1578 1354 2647 919 2682 952 1977 2252 1791 998 1770 1989 1470 1585 567 1651 1063 118 1531 887 819 748 2711 517 1667 1970 227 196 2778 382 422 778 2723 916 2575 2740 2361 1854 2729 114 928 2042 2065 999 478 331 225 2557 1647 1317 2794 356 2402 2334 840 2017 2693 1475 1472 1756 1282 471 799 1438 61 1289 296 207 1302 653 2244 838 2062 1921 2061 1274 1395 1465 721 1822 2025 2285 464 200 2687 108 418 2467
183 2152 2841 629 2502 1113 1605 1139 941 1371 1525 621 1768 2761 2263 1283 270 1288 2048 171 1363 1703 84 1364 1108 2182 2760 1251 2623 2216 1953 420 2056 1397 198 45 2497 2401 2612 2522 281 1064 1280 2572 949 75 327 2608 236 2768 2705 1880 1891 959 940 148 60 214 2141 2831 1304 1865 2677 594 1560 2555 1995 1286 106 506 2737 1685 761 1727 2022 1263 1004 783 850 1632 481 2494 2567 905 1536 1222 2348 1219 1641 1423 954 1987 834 2058 2627 479 15 96 1750 2214
1 2727 1520 307 1349 685 2399 2213 1366 557 234 913 1572 1816 879 349 1480 2460 1925 2269 299 154 1619 1982 2139 2833 2363 352 2371 1660 160 2092 2175 428 1539 2576 1421 2340 147 2844 2811 1540 891 2431 2710 2455 1530 2473 2595 2094 1863 317 267 2189 454 2226 1025 2607 1238 2255 1291 1338 2484 1242 264 2797 1549 1078 2412 478 1117 936 1803 1124 1571 1814 2764 741 758 2505 2465 667 1756 534 90 1140 1618 471 1509 391 1974 1438 2429 1918 1503 1921 2403 385 2059 1059
617 1561 465 1197 898 2072 853 2066 1558 1087 1166 614 2409 1207 714 1928 499 1161 93 1785 2242 1228 895 1590 1847 1593 751 1513 2542 1795 1137 1773 540 1300 1213 2113 2784 2129 483 2178 1971 304 1786 2785 76 1115 240 1257 1883 2143 1389 1597 1106 426 2430 727 1451 658 1631 634 1353 485 24 1361 1427 251 2054 1357 2024 1346 545 1175 374 1333 2546 1951 589 1394 2022 676 1343 2381 834 1749 832 1502 1184 1685 2179 1004 940 1535 75 1727 2579 564 2737 2288 954 310
536 121 2384 2090 569 193 1132 2108 36 988 1588 1431 1562 1268 427 1553 1256 2668 1430 332 2117 2227 1793 733 571 21 1038 176 2217 2451 901 866 886 340 1686 1910 2415 1418 199 979 2786 1393 1699 2078 1890 2568 289 1492 1065 828 597 1754 2743 2421 2029 2267 802 680 2224 142 2578 1337 2320 417 2335 2380 681 1033 1398 554 1236 1593 498 2728 499 2235 213 2533 1764 2366 707 754 2295 388 1061 967 1888 429 1728 91 2333 1449 2756 1067 1630 2246 1804 2207 62 135
2255 2811 1060 1735 2138 1571 2412 90 2338 573 846 1159 403 352 317 600 642 17 2614 1338 867 2063 1815 1964 2486 2403 385 2455 2484 667 1009 814 2100 1622 2431 1078 1816 405 1291 1238 2633 2835 264 1660 2607 891 1619 1530 537 160 837 1480 2339 226 1025 1994 2094 687 1421 1828 2189 1925 127 1982 1863 1069 961 1366 267 2371 2266 1349 1540 1698 195 1341 166 1607 2460 879 2758 2738 2340 2223 2269 299 307 2473 2710 428 1539 1814 511 1409 1589 2797 2092 2820 1324 557
834 1727 1749 2058 2555 1277 761 676 2542 2249 940 198 1836 75 1343 1672 16 2437 1004 2737 1483 1300 1304 376 2317 1469 1178 2700 483 2497 617 44 2112 1593 2179 2072 898 485 1447 2227 176 1738 576 727 2784 979 2786 1502 1561 1161 853 832 1312 240 1786 2024 1288 2066 1103 214 2521 1990 47 1714 614 1558 1363 510 1184 714 1257 658 465 1087 2656 76 2409 1883 1597 1361 2785 60 1703 751 327 609 2224 1427 1166 1785 589 783 1228 1971 1207 2216 251 2203 1106 1847
2141 150 2678 2720 2761 2048 1768 2374 1365 2562 270 1536 644 84 1283 1880 281 1802 1108 1726 2476 1318 43 2442 387 2688 2188 398 785 2448 2718 971 2278 1458 941 2807 1280 636 2498 1797 212 1170 2263 549 2355 1404 2209 1083 914 495 1596 1751 862 1436 632 764 1504 144 278 1781 2168 2627 1688 2164 239 1403 2386 2328 2582 1582 1155 1347 2204 2623 2762 2316 2311 58 343 206 113 335 245 1247 241 719 1711 2098 1248 290 654 396 2314 1493 2636 131 172 2070 516 2197
2408 213 707 558 2295 135 2413 1849 2615 1448 967 1478 424 1867 1945 2354 520 1265 2566 1722 232 1529 1269 119 80 1533 1296 2390 19 184 1804 1383 2638 757 1733 2744 2024 2224 218 1719 1728 2472 2533 426 2172 499 2320 1597 29 1132 1984 286 1588 1689 1149 634 2673 2143 1431 24 1312 498 121 1038 176 1257 783 36 1430 536 2235 2227 91 569 1562 540 2668 1786 617 1749 988 901 832 733 792 142 868 2430 289 1754 866 2078 1535 2786 2521 979 853 2464 2179 609
1125 1753 2777 2077 2772 2478 70 2561 1834 1252 2015 1839 951 2818 2510 1842 18 601 431 1035 103 1323 1845 297 783 2624 1759 2 962 1830 1951 688 1389 315 1423 2471 1175 2601 1306 1557 1798 2663 2000 1230 126 1533 436 1559 215 767 1608 278 737 2622 1225 2656 578 1683 2762 1908 1965 2757 2546 702 15 2815 2154 2400 581 848 1235 322 1954 850 1357 2324 485 2410 1902 1654 1027 2149 1390 351 2009 502 2107 101 1605 1222 990 896 940 1641 2214 1420 477 560 572 222
2433 2713 1860 1490 201 2309 2376 2034 1453 2545 1901 1796 100 715 1569 2721 562 155 48 439 2272 64 305 563 2650 51 2826 1640 260 231 168 1123 1878 1316 1148 659 486 559 784 1486 1437 1046 900 2553 978 1496 2337 1636 1799 2367 2012 2815 59 2840 950 793 421 1600 2007 611 204 2557 2389 1307 2455 1864 210 2556 2334 539 2358 734 523 2088 1819 197 2652 764 2769 1937 1428 1034 1874 547 1386 1545 480 1339 613 1741 1896 906 2419 68 1468 2799 533 2544 719 1823
2045 1584 2023 2755 2545 770 817 547 1386 1739 1319 611 542 2367 1746 2270 238 197 2082 152 2440 444 2250 28 734 1408 1896 2664 271 2181 507 1339 188 1827 772 1516 1893 503 2610 711 972 1774 2259 505 2093 1840 1852 68 1942 1731 2557 633 1563 1864 999 1796 553 2144 587 1981 925 523 2597 1303 1708 2782 2803 2715 726 1741 526 2034 2322 2774 367 556 1831 1569 1164 1974 1545 849 2592 1000 1819 2037 326 2389 2119 2790 2059 31 2241 659 1755 2462 1756 100 1187 1926
1570 1697 546 1221 582 285 2643 1702 1260 1882 6 1083 759 732 181 807 1797 620 298 1282 356 454 408 296 2017 1021 2794 799 49 1153 2232 1787 838 805 61 2396 139 2693 1395 220 207 1755 1568 225 411 27 2244 1921 1465 1317 192 780 245 2025 1781 2669 209 1756 2061 653 786 1188 52 1274 2280 1555 418 363 1918 2028 2470 721 383 1232 1541 1127 290 1024 1780 2173 1647 504 2043 1972 922 2429 2346 281 2164 2474 806 1303 475 2402 1956 1924 1481 2343 654 314
945 1579 841 9 2792 1583 1179 1769 1920 2491 2328 639 1578 1354 919 2647 952 2682 998 1977 2252 1791 1770 1989 567 118 1470 1585 1063 1651 1531 2711 227 517 748 887 1970 819 778 2778 382 196 1667 422 916 1854 2042 2723 2729 2575 928 2361 2740 114 2065 1302 2557 478 108 999 1438 936 471 2465 2505 194 2794 2061 1896 1465 1730 225 2462 2821 207 2062 1317 1864 216 872 840 2244 356 61 1756 1647 533 1819 1143 1912 1921 1972 1974 1282 331 2467 2334 2429 719 2687
2437 2317 1672 1990 44 2700 2249 761 1749 2058 834 16 1836 1304 1178 60 1277 1483 2497 1300 676 1447 75 2555 1727 1703 1288 376 198 1363 47 1427 1469 2469 393 1883 658 2313 1251 325 37 1283 621 2540 2216 251 2784 731 941 2737 374 183 171 1995 727 576 2182 1312 2126 479 745 738 1801 45 905 384 2760 940 1880 483 832 744 1425 1835 1206 333 1957 485 2705 2074 1004 1108 1015 1263 1628 272 2831 2056 1057 1858 1951 474 922 959 2109 2054 339 1353 985 2381
348 480 925 26 2454 1870 2649 1369 2714 550 2769 179 2538 663 1417 518 2130 1701 860 1489 1710 1545 2389 2375 59 712 611 188 1319 626 659 2817 547 1737 260 1680 2082 1386 1617 2241 1381 689 817 2270 1552 2556 238 1422 2419 826 1045 2322 1658 1665 1840 2840 1788 1146 2528 2592 1202 28 1111 2397 421 2411 633 312 1799 602 85 1656 1172 2367 1934 197 2193 1339 2119 2501 463 1473 1253 559 1551 772 283 1827 4 1453 711 1332 1721 2597 950 259 261 2544 2250 2011
127 537 226 472 403 2266 1421 687 1815 1159 352 2820 1324 2455 2063 2484 2138 837 1009 1735 264 17 1338 1863 1060 2255 2614 1982 573 846 1571 667 2731 1964 2710 2835 2412 2811 2189 1925 1619 1621 2013 317 90 1509 1814 2466 405 879 2648 1539 600 2738 2371 2444 1122 299 1589 1828 2431 1803 385 1816 428 2094 2092 2269 867 1939 1025 2460 1295 2833 2338 2595 160 2797 166 1530 2339 814 511 2403 147 2139 642 1994 1078 2473 891 1278 1366 557 577 1807 1480 1238 2776 888
956 1882 909 971 2688 644 2188 387 2498 43 2442 2476 2720 2562 1596 1153 1802 2468 785 1761 582 1797 669 1768 829 546 2761 2425 1221 1697 1083 2194 1227 1880 1536 115 661 2168 1813 495 241 1822 2711 2634 455 2643 1108 131 190 2261 324 840 1702 456 389 2632 914 113 452 35 281 154 1923 1124 476 1579 776 1534 1097 2048 1351 1493 2142 290 2407 2611 1541 363 129 1062 2429 1039 643 2824 2062 758 42 1875 1293 1143 1932 27 1318 1730 1662 919 1140 1281 2765 639
1394 2277 395 1230 1801 2323 529 572 545 2644 962 304 2113 2178 1334 1213 1798 293 1683 2787 2066 1951 1306 364 2054 737 727 658 215 589 2040 436 1175 1389 1361 989 101 485 1900 2381 646 251 341 2540 2000 1427 803 2546 1883 1451 1353 766 1312 1115 1300 483 2784 1559 1106 789 2238 240 581 2759 39 1093 2504 328 1971 1354 2149 1340 816 2656 401 1628 1023 2122 1231 461 1688 2474 2114 1311 990 1413 1155 2636 1976 2579 2738 2577 1131 1243 1145 760 374 1898 1221 2722
1933 1790 1436 222 2218 2512 2394 1504 2071 1305 1638 2362 981 850 1911 2355 2645 2691 836 897 477 99 1321 2432 935 1479 2156 1098 208 2593 1267 1709 2750 1736 755 2587 453 612 1682 437 1510 2163 141 144 2096 1806 2147 1717 2450 2655 2342 1023 396 595 1423 401 1628 2167 1599 2624 399 278 1145 2762 2601 760 380 2074 351 2642 1845 2201 1711 2446 1047 1954 1233 1225 1222 73 1641 1902 2537 2098 2420 2452 2154 2627 1066 1582 2458 816 15 487 461 2276 1681 322 1160 337
135 558 2295 2413 213 967 1448 707 2408 2615 1849 1804 2235 91 1265 2354 1945 424 232 1719 2566 1867 1269 1478 792 1728 520 1383 119 1296 1722 2533 2320 19 80 1533 2296 499 1689 2638 1149 2756 754 2390 184 1529 29 2021 218 1588 540 1091 24 1733 1132 2744 2224 2024 739 757 1996 2472 802 2260 1231 286 2172 509 988 634 2143 1055 1431 868 2090 388 1597 569 1889 426 2649 498 2728 2016 2673 121 193 480 857 165 733 142 725 777 1515 26 2039 1888 1492 2421
1931 2220 2526 939 1433 2704 2089 2445 482 2427 255 1330 217 1439 2051 521 637 2657 2617 2183 2308 2712 619 790 2057 574 2291 2639 2683 494 647 1942 2440 271 2435 1874 2037 526 1408 2499 1677 1892 608 1771 1223 864 274 1725 1899 598 994 368 444 1998 2625 2389 508 2370 2719 146 633 1721 503 68 2597 1746 2144 2250 1545 1852 1917 2119 2367 1827 671 1240 2806 1555 261 1386 2814 28 2273 1629 1708 162 699 2610 31 1117 711 547 2322 772 1273 1339 1876 826 2821 1680
557 2460 2363 1366 879 1619 1480 1925 400 1816 1863 1982 1660 667 1530 352 2710 2738 2431 685 2811 160 2269 2607 827 814 2226 1539 385 1421 1025 299 2661 2403 2468 1349 1549 741 2576 2175 1509 2633 428 2749 127 1815 2833 147 1 1078 2092 307 262 226 2371 1215 154 2094 2455 2139 1242 2776 1520 166 1904 2844 1009 837 2595 2255 867 1373 654 2517 2444 1788 871 2740 2823 405 1059 1069 411 2529 2189 2727 641 1037 2758 57 92 1735 414 753 2298 525 551 1540 1181 2407
767 1938 2510 889 431 1443 2686 1833 1747 277 2818 2496 70 951 1035 1834 2015 369 1252 1839 2702 1460 2315 1980 2685 2747 2098 2532 211 1711 1047 612 453 2561 1074 1582 141 2154 2762 136 1225 278 1160 281 208 2636 1023 401 1817 922 351 2009 1219 713 997 2482 1404 2777 2599 2627 1423 1322 2622 2043 1902 2410 1066 2503 1342 13 2722 1654 1954 2478 1340 72 903 1784 144 1504 2126 2483 2355 816 1605 398 1221 1318 2245 1557 156 770 2463 1674 2678 1125 595 2378 446 2650
1051 194 1218 2352 2628 2556 1261 1840 1658 2241 2439 1544 2272 1496 1636 1316 1381 1965 712 2815 1422 1782 1045 1253 2836 1586 497 440 1617 1362 1897 2046 1993 950 2496 2713 2840 992 331 999 1143 2069 1912 1831 2794 1948 2130 108 1752 2557 197 125 356 478 1493 296 2465 2505 2017 2061 1097 659 1706 389 936 1293 840 1730 1822 838 782 1281 1655 758 1282 2062 456 408 464 2467 2693 61 655 1022 788 1465 2632 1048 2367 418 1472 1018 207 1187 872 2285 471 2806 2244 2634
2843 1131 1794 593 2151 1243 257 2788 2290 2364 1005 2730 2746 1311 544 434 2549 301 1783 112 1966 1968 1079 392 1379 365 749 1040 605 410 435 2417 1573 1110 1670 338 2560 1581 2830 1309 937 1946 678 717 1020 248 1424 1731 1133 673 2005 1871 2609 1634 610 2219 730 94 1138 2331 2251 2697 416 288 1419 568 1707 2613 1645 855 811 2196 1718 2516 1800 648 2275 2518 2299 742 1454 1732 881 1526 1498 1094 1466 870 774 1387 603 393 2492 1073 1174 1068 830 863 1678 339
96 1927 1632 2554 894 419 2153 106 2152 2502 2263 2623 1288 1605 1280 949 621 205 1525 1703 198 1032 2841 2313 189 2401 620 183 941 171 1251 732 1363 2497 1371 1891 1749 2060 2678 45 75 1364 1995 1263 940 2522 1702 2567 181 333 1304 1139 2141 2612 761 1064 2555 2831 2056 1423 1222 1641 2216 1004 272 2245 2214 2705 2030 2760 1171 1957 1397 84 1865 1727 1177 506 420 55 2737 905 831 728 409 1835 850 2572 2807 15 2643 1225 560 594 2463 1844 1322 1083 148 2655
2242 617 1561 540 1593 2542 783 2785 2827 2441 310 1856 1343 1535 2112 1434 832 940 1914 465 499 1004 1298 1346 1836 182 2737 1685 949 1019 2745 751 2202 2656 291 407 954 1996 2190 1091 2016 1103 1693 149 1760 198 63 1161 1176 1786 1785 1257 88 2072 777 1207 2224 1590 1166 1971 1197 2149 983 76 2521 1087 93 184 1738 510 596 1727 1847 634 1631 1228 2409 1712 853 2786 695 895 1602 979 1333 614 75 2227 424 1513 1773 2111 1689 95 176 1137 576 1451 2129 2143
79 2665 2305 1067 2511 2825 1547 2068 722 350 116 899 1606 246 2741 1134 2766 2842 2135 447 2041 97 137 1212 2736 1935 1463 2558 2292 692 204 2229 2286 2719 2319 1962 442 165 1264 686 1126 41 1998 638 1076 804 1202 294 912 362 2330 1409 2813 1464 30 948 2258 2248 2334 746 2486 2338 2506 787 984 1630 1964 1892 2253 2090 704 1055 1677 329 795 1684 2382 857 71 2625 1639 1408 790 1514 988 12 550 2393 2728 1771 85 987 1338 2039 817 1130 1664 1624 1146 1777
2624 1845 848 1830 702 126 2471 931 2601 1114 103 1908 297 1767 578 1323 688 2276 1235 990 1608 502 835 1413 284 1186 1107 1340 250 1720 1821 2314 768 1391 684 1975 522 2388 903 65 1254 1310 1512 1559 2000 1175 1951 2656 2036 1125 850 962 954 2841 379 1230 2478 1423 2777 1306 727 2152 589 658 1106 2149 581 420 1605 2016 1798 2362 2077 1683 1397 572 2113 1753 1139 1298 182 215 485 2768 1459 783 731 15 1206 737 2126 469 2502 2441 2350 198 1760 1685 1451 1641
301 392 1419 2331 761 2249 1304 1749 60 1387 2437 2317 2843 1447 1836 44 1483 519 1469 16 2377 676 937 376 1178 1183 198 2341 1425 1727 2763 2497 2555 1990 2058 2700 75 834 47 1672 576 1714 940 257 1527 1004 2180 1838 1713 2030 832 1288 2318 905 941 966 1044 2737 621 2096 435 744 1703 2216 1363 1750 1979 2313 2469 384 1243 2542 1685 1224 393 1277 2458 1573 2112 1865 1523 1032 1535 1116 183 954 1206 731 1995 1880 1077 84 535 95 1476 1057 2303 949 2680 1371
1843 131 495 1875 2316 2565 2765 1011 268 1941 33 1500 2285 290 653 449 200 618 1274 1127 2017 1024 858 2470 2531 1961 2773 144 2693 452 105 872 1021 2593 27 2783 53 113 533 1780 599 1505 467 1929 216 1503 314 241 525 1472 1967 1524 1635 1050 799 390 2173 239 2164 2634 1598 2794 1297 822 2137 1715 1435 1781 2091 2311 1356 2142 1730 758 2301 2053 838 1282 2468 389 1612 1140 2611 2632 1248 643 840 408 2280 2407 138 108 2801 295 1008 356 782 625 1124 1273
348 480 2454 925 26 1870 1369 2649 2714 550 2769 179 2538 663 1417 1489 860 1701 2130 1710 518 2375 1788 1895 197 463 769 712 433 260 2289 659 2840 2574 1190 188 2544 2397 2439 1146 2424 1545 2419 2389 1319 1552 1422 559 611 421 445 1752 1617 2817 1045 2241 1658 2050 1381 689 2001 1665 1544 1102 2826 1453 59 259 2011 826 1782 2082 2270 1656 2088 626 1253 1737 817 283 613 950 1437 2034 563 1172 4 1386 1202 135 28 547 2367 2501 1934 1486 1468 1840 1490 1792
729 2798 2629 2539 1429 2428 2640 2221 1070 2120 2031 358 1266 1337 964 2578 2808 377 1399 2038 1764 1952 2795 2570 2335 672 2839 828 2828 933 1910 865 1329 2083 2520 1187 1374 2602 1934 2513 561 92 2411 994 539 1302 1240 2445 508 611 188 723 231 2501 303 2499 412 2250 28 2283 1827 2044 41 608 2369 2406 1819 2528 13 444 450 220 701 1031 864 1148 1648 1942 1635 1010 623 50 2103 1287 2773 2343 2561 2265 2588 2208 1408 1715 734 504 2727 987 2592 873 2585 1864
2510 431 70 1839 1035 1834 951 2818 2561 2015 1252 1125 1753 2478 2777 2772 2077 767 277 1842 18 2622 2686 601 889 2757 461 2 1557 1788 1976 1759 903 1938 2482 1747 2636 161 1549 2009 1845 2276 2650 1390 2599 446 2593 1340 2355 1584 1902 1582 2475 278 58 2663 2647 850 132 2471 1436 2547 2762 769 1504 922 2601 768 1586 1241 136 497 1077 395 144 1507 938 848 1221 990 208 929 639 579 433 1965 1711 888 691 2550 2624 854 311 318 1848 764 315 72 1817 281
1669 1104 728 2176 55 397 1177 2604 2641 2550 2414 107 1066 1507 1322 2410 2463 713 1206 1226 1194 1222 1412 2107 15 2214 1423 1835 831 1957 1420 272 691 2154 308 560 1074 409 1954 1225 738 351 322 384 1342 2514 479 1654 985 2019 1740 488 624 1144 104 1219 1203 896 577 1865 2483 1267 905 997 2167 2086 1750 1666 2245 1641 1674 907 1550 347 1263 111 1911 761 1482 2195 946 393 474 1646 2136 1450 863 2627 2762 747 278 1691 1380 575 1711 2080 1288 2359 2555 834
764 2551 2008 719 2284 2487 2018 914 1289 2209 2146 190 1493 812 1351 35 1534 1577 1157 2824 2165 1915 615 862 664 2110 1128 247 153 1204 1403 206 2582 343 1751 1359 1772 2585 303 2453 539 450 604 2783 2667 723 2603 1997 871 2718 422 2485 1519 2462 1036 549 1667 1729 1200 11 2513 1121 1595 495 241 118 1762 1902 1817 1633 643 136 113 456 212 2632 1247 2749 1582 1711 144 2349 776 2316 239 1822 2611 281 278 1700 2142 2634 854 1674 89 2762 919 2599 2019 1666
1371 1525 214 2152 2263 327 2623 1280 106 2841 2502 2572 1661 1605 1632 96 1927 1139 189 629 2554 894 924 1032 941 1727 419 834 2060 2348 2153 2555 183 420 2567 2058 1953 1397 1749 1738 1602 2768 1171 1113 940 84 1288 198 2179 510 1891 2726 2737 1343 1363 2030 2656 621 1703 2497 117 75 148 2109 2760 2521 1251 2216 609 761 2203 2182 2149 1184 2542 1502 2313 2751 949 1004 171 1144 22 1263 1836 1659 1084 1750 1865 2214 594 2162 1277 272 1304 1685 1488 479 384 1641
1054 1649 2011 645 2707 947 1663 1444 1623 445 1328 735 169 2837 1679 2050 440 2130 1617 2840 1775 1029 1045 2836 1782 1253 179 2287 2767 1261 1381 1993 1422 1544 134 712 2241 1552 197 2439 1840 319 1218 463 965 1208 900 1658 1307 1437 1860 950 1486 2084 906 2631 2544 2088 674 2713 489 769 1445 2628 59 2419 2046 1202 1710 194 305 1627 1489 260 2133 2397 2389 659 563 559 992 161 562 155 2367 51 1123 259 1172 2387 1148 904 2228 826 1468 2308 480 2076 970 2082
1054 2011 645 735 1649 2707 445 947 1663 1444 2050 1623 1328 169 2837 1679 440 2130 1617 1775 2840 1029 1045 1253 179 1782 2287 2836 1261 2767 1381 1993 1422 1840 134 2241 1544 712 2439 197 2631 1386 2544 547 1552 1658 348 2082 463 259 518 1369 950 2454 2270 1319 659 59 817 2714 480 611 550 2389 965 26 1218 2300 925 85 2592 2052 2306 2501 2367 663 635 2044 900 231 188 904 2088 2769 2397 1010 238 1468 1545 2842 283 968 2312 1752 1405 2375 1302 155 826 2649
1102 2790 1656 817 1926 2817 85 1624 1934 221 2501 188 1190 2044 943 2528 1644 2411 1407 987 1405 556 611 635 1319 2300 1386 2832 547 312 2082 2270 659 1752 2574 2397 518 2034 1339 1146 925 271 2631 59 2389 1552 1942 2440 2610 1545 1408 463 1369 2556 550 526 2367 480 134 864 1876 1721 197 1202 2724 2424 1799 633 1135 274 1422 2322 2597 2250 2652 994 2454 1827 1677 26 1771 970 348 1240 1680 2283 367 261 503 1650 28 608 1892 1746 1111 663 1725 2037 2545 1741
1933 1790 1436 2071 222 2218 2512 1638 1504 1305 850 2394 2362 935 836 2645 2355 2156 1911 2096 897 2691 1098 1321 99 1709 2432 981 2750 2593 144 477 208 1682 1479 586 2167 73 1267 1006 2587 443 1717 1510 1806 595 396 399 2201 755 1763 1736 2450 2342 1082 1044 1308 2074 2147 1090 2446 2537 1145 2655 401 1669 453 1052 2463 1976 1023 823 459 141 612 15 2642 2762 281 2098 461 599 278 1628 577 1047 1474 1322 2094 731 1066 1225 2747 760 488 1954 2126 105 761 1711
301 392 1419 2331 2843 257 937 2377 519 1527 535 2341 2763 1731 288 1707 1138 2609 1387 1871 253 1131 821 678 1040 248 2830 2251 1573 1068 1645 2005 365 1243 1894 435 2613 1424 1007 2151 1142 605 2219 2249 1800 1309 855 648 1495 2720 406 2788 2680 1311 2290 434 2299 881 410 610 1379 1581 1992 676 1385 2196 2096 773 2560 1133 1779 1455 2095 673 1304 416 2102 1020 2746 800 593 1794 538 60 393 742 2469 1073 1017 1850 1108 2697 44 2519 2243 2730 1518 339 338 2364
1083 6 546 1221 582 285 1702 2643 732 759 181 620 1260 1697 1797 807 1882 2807 1570 922 1318 298 1153 1456 1188 636 2816 1536 1284 1541 2476 2043 1891 2666 459 1763 281 1160 595 2171 661 208 850 475 2268 2355 2167 2593 1322 2346 905 2098 2463 2762 2695 2522 2627 278 2678 144 2194 1155 441 2514 45 1145 2747 2410 37 2263 1678 2261 1504 1711 612 222 1225 1047 1638 2810 1066 2086 1404 776 1717 2655 1723 1023 830 55 396 2587 172 1666 351 2636 2168 387 579 747
348 480 925 2454 26 1870 1369 2649 2714 2769 550 2538 179 663 689 2838 421 2130 518 2004 1417 1665 1489 570 1453 1193 1758 2418 860 2581 260 2125 280 559 1580 2358 1701 1551 1792 2419 611 659 900 1710 1983 2397 2123 57 1861 1930 2544 2272 188 2826 1072 1437 1468 1486 2840 259 2039 524 978 2307 1172 2206 1490 1319 2800 2574 585 2186 1895 2344 1772 1552 1046 2606 2670 1428 168 2088 563 2337 712 734 2082 1111 316 547 445 1741 2456 1339 2012 1721 1901 1386 1190 970
1946 1794 2788 2151 2730 2364 1966 1131 1783 1005 1243 112 593 2549 2290 434 1311 544 2417 1079 1379 811 365 2746 186 1133 406 1110 605 1385 2145 410 1573 94 717 1670 1040 248 1968 1309 749 1526 435 1424 1454 2843 2560 1779 257 937 673 1707 2516 2219 1645 1718 1634 1581 610 1007 1325 1731 2830 2763 2613 730 288 2697 2102 568 1020 2005 519 1871 1800 2609 678 1138 773 1511 392 301 648 338 416 2328 131 320 1992 495 144 1002 709 2262 1969 595 2196 1882 1479 2491
1371 1525 214 106 2152 2263 2623 1280 96 327 1632 1927 2554 894 189 2502 419 1661 1032 2153 1605 2841 2060 2572 941 1139 1749 1727 84 940 2313 1397 420 2555 834 2567 2737 183 2768 949 1953 1004 2058 1343 629 1084 198 924 1844 1288 2348 1738 1171 1602 2030 2112 2678 2141 1685 75 2497 621 1263 2521 148 510 2179 474 2656 609 1641 1703 1483 506 1659 2542 954 1880 761 2203 1251 1113 310 2214 1891 1434 1995 1425 1103 272 376 2109 2216 171 479 1283 384 2149 1363 1957
1114 931 1767 848 2624 1830 702 126 1845 2471 2601 578 522 103 2276 990 1908 688 1323 768 502 297 835 1235 601 1413 2663 65 1608 2 18 2388 1391 2667 1186 1512 1107 1842 250 1340 284 1406 315 2314 404 1254 574 249 67 1012 2583 1759 2728 2000 1195 684 903 1821 145 1609 2057 1810 2653 1594 2291 1943 627 321 962 1590 1720 902 1798 725 378 2683 371 590 1833 1869 1001 1175 2561 1055 2509 818 1192 2324 2020 1075 2161 2787 2033 2639 1975 2757 1310 1443 2622 93
383 1506 2070 1141 1356 654 1248 525 455 252 2311 1435 1140 625 1505 2232 679 1262 216 245 2137 209 838 139 1598 858 113 2173 2280 822 1282 408 2565 2794 49 2669 1781 2164 27 1568 1124 2025 239 2396 1127 1787 1037 1168 1299 192 61 2091 2693 225 356 2053 1555 296 449 1924 1021 799 207 2017 1780 2470 1274 1024 290 653 752 1216 418 780 2765 2244 314 1662 1635 1967 390 131 1465 495 1011 363 1875 1050 2316 1240 241 1395 1715 786 1822 1475 806 402 2343 2611
1161 1847 1513 1773 1795 1228 1785 2129 499 617 1561 2242 2542 1346 1593 2190 1176 2785 2066 407 832 1093 1856 2202 2827 783 2441 540 310 1353 2745 695 1300 2784 983 1743 940 132 1535 1836 576 1914 1224 1197 483 789 594 95 1004 75 251 2430 291 1343 2700 1166 240 2112 479 198 1996 341 596 182 1213 2497 2502 2409 384 272 2737 1693 2540 834 1251 1713 1420 1760 1116 465 1476 766 1222 2214 1685 620 88 1178 895 1957 954 560 1883 148 1749 2705 1103 634 1900 1091
2747 2098 99 1023 1047 2055 612 1145 141 401 453 595 208 1160 2587 2636 1717 2009 731 2163 2655 2126 1510 1628 461 823 1976 72 694 399 172 73 2469 477 1688 2722 1241 1784 1826 1404 2577 1201 164 1089 2274 1100 174 156 1155 1808 1415 1436 320 2775 2218 144 1682 1504 460 2642 2355 222 643 495 241 1822 471 2611 2632 402 1438 1140 290 1662 363 1612 1918 478 1048 936 131 1479 1638 1911 1282 786 2429 2512 1582 456 1933 776 455 2017 113 2634 1692 1647 2762 418
2317 2437 2249 44 1749 834 2058 761 1672 1304 16 1990 1836 2700 1300 2555 1727 1178 60 1447 1288 2497 1703 1277 1363 2216 676 198 1483 75 1469 2469 1251 2784 621 1883 171 376 2760 251 2182 1628 731 2313 37 95 183 1427 1283 2540 2831 483 576 940 2737 2288 1353 2126 1361 2705 393 2726 941 905 45 2450 1364 333 1995 47 2245 1106 1263 1502 2381 189 240 325 2178 1312 744 236 1927 1108 1004 384 1476 1801 122 658 479 2579 1222 1736 2608 1161 946 738 2401 106
1262 455 1568 2232 1918 786 1140 1303 1506 2781 363 936 402 1317 1756 2467 2465 2505 478 1438 471 1921 1465 1662 799 1755 1395 805 2061 2244 1124 52 356 758 721 296 780 1021 452 1692 1048 331 1972 2687 389 806 1831 1647 220 2053 1282 408 2402 2690 418 1503 61 1822 1118 49 1481 534 1039 2429 2557 207 999 2470 2821 225 726 1022 1706 2059 346 89 504 290 1378 1293 464 561 1097 2794 840 2256 1524 1008 2634 1037 1780 643 1475 782 2611 2632 1472 2398 138 655
1993 2767 2836 1422 1045 1617 1782 2840 1663 1444 712 2130 1328 197 463 134 1054 2837 947 900 169 1679 2050 1437 1381 2241 1623 1486 1649 445 1658 1552 645 1208 2628 559 1253 2707 2011 1544 1261 2439 440 2419 179 1307 260 1840 1468 659 1983 2826 1860 735 1948 674 1051 965 1710 1775 904 348 563 1218 1029 1369 2713 2312 1870 1878 194 2133 2397 925 1417 2631 1489 2544 2076 978 1796 1416 2515 2082 2652 59 1123 2454 480 26 489 2287 1148 2424 992 1569 1777 2412 906 51
1125 1753 2777 2077 2772 2478 70 2561 1834 1252 2015 1839 951 2510 1842 2818 1035 18 601 431 1759 2000 2 2149 2656 2601 1420 2441 990 831 2214 1785 1914 1357 1703 1222 560 308 2542 940 272 95 15 1957 2663 310 315 767 588 1605 384 2471 1371 1561 2107 2624 2827 436 215 103 1836 2324 783 1856 2493 2785 1986 2757 1288 2216 327 680 1798 1525 896 2016 1743 1908 1654 1693 502 1176 2210 578 985 322 737 596 2152 762 1225 2154 417 850 2645 1423 1830 1323 2502 119
1933 1790 1436 222 2071 2218 2512 1504 1638 850 2394 1305 2362 981 2355 1911 2645 836 2691 935 897 2096 2432 2156 1709 1098 2593 1321 99 477 1267 1479 2750 2167 144 396 2587 208 1682 1717 2450 1736 1510 1006 73 2463 595 459 1806 755 2410 2655 1423 1322 2074 2342 1954 1225 2147 1066 1145 351 2420 2201 1044 1628 1222 2514 1023 488 453 15 399 586 2086 624 443 1074 2154 612 401 1763 1711 2623 1226 1835 905 2195 1750 2762 2214 278 141 272 1082 461 1308 2245 2537 2163
1145 2636 2009 72 694 172 1160 2722 1784 99 2577 1241 1688 460 156 174 2775 1415 164 2274 1155 1089 2098 612 1023 1808 2055 1404 2747 141 731 2126 401 1100 1047 595 453 208 2655 1717 2587 1682 2469 1510 461 823 1976 477 399 1628 2163 73 144 1119 1676 320 2355 2074 2642 747 1504 816 1911 1436 1479 1826 2218 1201 2512 1163 222 2762 281 1638 2593 459 278 662 495 2537 850 1711 351 981 1322 922 1582 2463 1225 830 2362 1002 1902 455 513 241 1085 113 1954 1835
1359 2585 723 1772 450 539 303 247 1997 1121 2485 1204 153 2582 206 1403 343 1751 862 2453 2603 549 2165 764 1633 2551 719 604 2018 2284 1289 2008 212 2146 914 1493 2718 1600 812 2209 871 2012 1351 2487 1595 2391 2557 1472 1302 35 108 2821 1128 2343 58 478 207 1438 999 978 2479 200 936 471 2690 350 1048 2467 1827 840 192 225 643 241 346 776 664 418 1245 1579 2505 2465 331 847 2734 1532 972 61 216 2632 2061 367 1974 190 1852 1465 2634 1972 900 1708
2473 2175 1539 267 1242 1059 2710 1509 2340 891 537 1540 2226 1618 2269 1238 1291 551 969 90 2740 2139 2468 741 147 2738 2833 2092 299 2844 2797 2013 2576 1619 2189 2444 428 1814 2338 352 2371 667 1982 226 2776 2460 1925 1549 46 879 1803 2811 1571 2595 127 342 2731 837 1863 262 1421 2455 273 2255 1589 1009 2138 2801 1735 1025 687 1815 1349 2403 264 166 2709 1295 405 1215 472 1167 1122 1373 1338 1816 2412 2835 1994 2266 557 2820 2771 2484 1807 2614 888 2584 2675 160
1583 2792 1579 998 841 945 9 1769 919 1354 1179 2491 2328 1970 1578 2252 1791 2711 2682 952 1920 517 778 1977 1470 118 567 639 382 1651 227 1989 1063 748 1854 2647 1531 916 2042 2778 887 1585 1770 819 2723 2729 196 114 2065 928 1667 422 2361 2575 1657 2740 982 719 764 2008 2467 2690 1048 241 346 207 2505 2465 456 1706 786 1289 2821 478 643 418 2062 216 61 936 464 1647 192 2017 2632 108 1831 1921 1822 1972 1281 721 1282 1655 363 1097 331 2557 1465 2018
331 999 430 726 478 655 484 2059 1475 471 1438 1124 1662 1472 2557 1037 2301 1118 1101 1187 1278 1855 883 2075 402 2236 2053 806 936 1140 2806 2429 534 2801 2407 53 2505 2465 1503 363 220 391 1273 1918 2093 1303 1862 1481 786 2698 1011 758 974 389 1008 2687 203 418 1524 780 2244 52 2470 1022 1465 2256 1378 452 1730 207 2467 31 225 872 1021 1921 1568 1395 1780 1822 840 290 2061 1048 467 1692 1 518 1506 108 1972 1647 1024 2402 2727 2690 1917 1708 1929 233
1082 443 1308 1006 586 1090 1763 37 629 1113 922 459 2677 2268 1198 2535 2449 325 745 1474 2167 1456 281 796 823 2494 1671 1288 1284 1283 8 1703 924 2249 84 731 1768 1363 761 270 2761 1108 275 144 577 941 1073 1206 2497 2261 1628 2126 2469 1160 1911 850 1450 60 122 1995 2074 1525 393 1106 115 595 2762 2030 477 1717 117 2720 1740 621 2432 1023 2718 2216 2587 490 2841 2109 1304 1184 1835 2355 73 1559 1047 2245 2275 2107 2055 1891 1222 747 1865 396 2691 44
2034 2545 1796 1569 2721 100 715 155 48 64 562 305 51 439 1640 2713 2433 2650 1490 201 2309 2817 2376 1934 1860 1656 1453 2501 2528 188 1407 2411 2044 817 1624 1644 2790 611 1319 1901 85 925 1545 2556 563 1386 2826 547 59 987 1584 2272 1774 659 2389 1864 1819 68 2367 221 626 1369 1876 1405 2045 1102 260 556 2832 1721 699 1878 2789 1339 312 1942 587 1799 231 1948 238 1302 1316 2322 2119 2527 1926 271 28 553 550 805 1755 367 2144 1746 602 2681 2370 1164
945 1579 841 9 2792 1583 1179 1769 2252 2328 2491 1578 919 2682 1354 1977 1920 952 1651 639 998 1063 1791 1989 1470 1585 567 2647 748 118 1531 2711 517 227 778 1970 382 916 819 887 1770 2042 2778 1667 2729 1854 928 196 2723 422 2361 2740 2575 2065 114 982 1756 478 1317 936 1921 2061 2821 108 2465 2505 1974 2557 2462 2334 1438 999 2467 1503 643 840 1706 1048 464 1465 2285 1647 2402 2244 471 61 1472 1302 1972 216 2634 1395 1289 753 346 1896 758 2398 2789 1912
1805 775 2586 1611 794 693 2621 960 2368 2780 2701 2329 279 2447 1626 818 1169 2019 1259 357 2651 2637 2804 2805 2240 2630 2297 2347 1372 1832 2020 2211 876 321 102 1382 2345 2192 1517 10 2254 86 145 371 457 1809 2106 1959 2233 2525 2802 2605 863 1192 830 2748 462 1732 1450 2275 1678 1244 1646 1147 339 1507 1120 1073 2166 2550 2518 603 2136 2684 1410 1620 1734 393 107 378 2733 2604 2247 1014 1669 359 2563 469 379 2653 32 2018 2008 719 1493 541 241 2159 2326 2752
1310 835 1254 1107 903 65 1512 1720 1821 1608 768 2388 1975 1908 250 1340 684 284 502 702 990 2471 1830 2601 2276 103 1323 1907 297 2840 2624 848 445 2050 2424 563 2397 645 2130 931 205 1186 2650 578 197 2826 900 1190 260 1767 1253 440 2375 2837 463 2088 1845 735 1629 712 1544 2340 1054 1940 1458 1307 30 1623 1942 1445 319 489 559 1013 2289 1408 1663 2258 1172 1486 674 860 2011 179 1148 2707 116 2454 1627 1552 1369 2478 2571 2440 1437 231 168 2439 2037 2753
59 2389 312 2832 1545 1146 1202 626 4 1737 2082 2270 1799 987 556 85 2367 2300 372 950 1102 2411 1752 2528 2477 635 1407 1934 1644 2501 2044 943 826 1405 283 2817 1386 547 1721 1656 1876 611 2790 1319 188 1624 266 221 817 613 518 2631 1926 659 271 1942 2069 134 633 2610 2119 587 1302 1974 68 2597 1827 28 1339 2789 261 2681 2557 1896 2821 972 1408 2144 2322 805 238 2440 505 1117 734 1755 2527 2774 2556 2370 1680 2283 2250 1756 2689 507 1708 2812 711 1010
2437 1672 44 2317 2700 1990 16 1836 1178 1447 1469 2249 1483 376 1749 761 47 1304 60 1714 1838 2180 834 2058 2555 1727 676 1224 198 2497 75 1713 2523 1116 832 34 683 1183 576 1277 2422 940 1004 1288 1703 1535 1363 95 2542 2202 1476 1103 1914 1057 291 2216 2737 2112 2745 1343 1593 1685 88 2785 949 1251 1865 1995 596 1346 621 171 183 783 2656 954 905 2129 845 2469 1856 2313 1364 2182 393 384 2149 2695 2760 941 1434 272 1425 2190 1420 1795 1760 1847 1750 560
2242 617 1561 540 783 1593 2785 2542 465 832 1535 499 291 1914 2441 1346 1856 2827 407 949 853 1093 2745 940 1631 2112 310 2202 1166 1103 1343 1996 2737 1004 1836 1197 1091 1161 2190 2409 1590 1773 76 93 1785 1298 1434 1689 1928 88 895 614 2072 182 1847 634 777 184 2224 751 2111 2521 1513 198 2179 1685 2430 510 983 1228 2058 1597 594 1207 1727 426 1738 1257 1749 376 954 2116 2656 898 640 2143 24 1786 176 1087 1713 1760 149 474 979 576 1898 2129 2227 520
204 1944 2741 1212 137 2135 899 1606 116 2842 1935 1463 1055 2766 97 2558 2305 2041 2825 2294 2068 1134 2728 246 1067 1547 2511 447 722 1056 2665 79 165 350 1223 2435 2813 725 2248 1874 2382 494 2736 1464 2207 2367 2057 1937 2506 1677 686 1130 1892 817 1771 85 2389 2039 1545 2719 2037 1407 59 2817 1752 2413 1899 1369 2528 2300 950 2411 2501 2044 26 1934 948 2499 1644 2286 746 925 135 271 804 2649 1319 1386 892 238 987 1076 329 1725 2625 1680 2090 864 2418 2393
2220 2526 1931 939 1433 2704 2089 2445 482 2427 255 1330 217 1439 2051 637 2657 521 2617 2183 2308 2712 619 790 574 2639 2683 2057 2291 2037 1771 647 494 2440 1677 271 1874 1942 1892 1408 1223 1998 2435 526 2719 608 598 2625 2499 864 274 994 1725 1899 146 2389 1545 508 1146 2813 2250 444 368 633 2273 2806 2370 2569 2586 2144 1937 4 626 2367 826 68 842 1737 1473 1721 1629 2393 671 2477 734 1240 2597 59 287 1639 503 28 553 1868 1680 2283 2814 2528 329 2455
204 1944 2741 1212 899 137 2135 1606 2766 116 2842 1055 2558 1463 1935 2305 97 2041 2825 2294 447 2728 1056 1134 2511 1547 246 2068 1067 722 2665 2435 350 165 79 1874 494 2813 1223 1899 2248 2057 725 2736 2367 1937 2382 2389 1752 85 948 146 1680 261 1464 817 312 1545 2719 2322 633 1369 2556 238 1708 1386 518 2292 2250 950 2393 1407 1777 59 804 1656 2319 2181 1563 2681 647 2286 2592 1117 1332 329 987 2817 2597 68 1934 271 659 925 2639 2528 547 2411 2193 2832
1638 1806 2071 2342 1736 755 2645 2450 2432 1321 935 1098 836 1709 2750 396 2201 897 2096 2156 1052 1933 1790 1305 1761 1153 1436 2691 1227 2512 222 661 1504 829 669 2261 476 281 2194 2627 2355 2218 2168 850 2446 2362 2537 2642 599 2823 1911 99 2387 922 2188 2420 685 1479 387 1456 666 2167 488 477 1858 144 2720 1882 2593 1006 481 1697 208 1284 229 2442 1763 1560 2098 595 612 1188 141 1267 2498 2476 1090 1150 118 1047 2268 586 1308 1902 1023 1082 971 1160 443 1221
2408 213 707 558 2295 135 2413 1849 967 1448 2615 2354 1867 1945 424 1269 1478 2566 232 520 1722 1529 1265 1804 2390 80 2638 119 1733 1533 1296 1383 1719 19 2744 184 2024 757 218 2224 1728 1689 2533 499 426 2235 29 1588 2472 1132 91 1597 2320 2172 286 24 634 1149 498 2143 2756 2090 2078 569 540 988 121 536 1038 792 1984 2673 1431 176 2464 754 289 802 142 2227 1562 1061 193 1231 509 2351 2117 1889 2430 1754 832 2521 2260 733 36 866 1492 332 1430 2029
705 2370 2534 81 2689 2365 2119 2527 587 972 2681 1827 238 2181 28 523 2716 1563 771 505 2500 1741 849 1010 2479 175 1532 2250 2283 354 2099 2819 2552 2144 458 1873 2177 152 734 1896 92 847 1708 1704 313 1376 2191 1339 2592 2674 2193 330 772 120 2322 1473 1111 1680 602 2557 633 711 1332 1302 503 1974 2774 1852 1461 2052 68 2237 2812 1117 968 670 2742 2770 740 2764 2789 507 1746 504 1876 533 671 553 1917 2809 1314 1955 2821 1774 2597 2631 2610 2690 261 696
2624 1845 848 1830 2471 702 126 2601 931 1114 1908 103 578 2276 1767 297 688 1323 1235 990 502 1608 835 1413 284 1107 1186 1340 250 1391 2314 768 1720 1821 684 1975 65 1254 522 2388 1512 1310 903 2815 1965 144 850 1902 1817 2272 278 2036 1711 136 1027 2475 2762 1423 1848 1881 1709 379 2432 1933 1674 2355 2000 1436 2378 2532 1504 211 1666 854 2589 1225 1162 2113 2645 2350 1241 1954 497 222 995 319 1683 1066 208 15 2604 351 281 1193 836 1854 1586 938 679 1230
1879 2140 1567 2049 1058 2796 1301 1290 1237 1604 451 1981 984 530 1518 446 2596 416 921 2392 1017 2282 631 2357 1978 2196 1909 2835 1906 2266 2064 1359 394 1613 687 405 537 1321 931 1002 154 2697 2740 1608 2085 1119 226 2614 2585 472 2820 2543 2444 2432 250 1828 1841 778 2609 342 1964 1803 2047 382 1078 2567 2776 1114 918 1842 1460 337 487 945 742 2201 1988 166 1709 1421 942 1530 2576 1681 1720 157 848 662 2675 908 160 836 1830 1982 673 1179 227 2711 362 2781
197 463 134 2840 659 1993 2836 1422 1386 547 611 2270 2082 1253 1319 556 2241 1658 712 1552 2439 1405 900 1045 188 1437 1544 559 1381 1486 2375 2419 433 1840 1782 1617 943 635 221 1983 2544 2628 518 2397 2767 987 2826 260 85 194 312 2574 1417 1468 1701 2832 445 2631 978 1489 348 2652 2130 480 1545 1102 1339 563 2610 1878 925 1051 1788 550 1369 1302 1710 2367 2557 2389 59 1827 1172 860 587 970 972 2084 524 2597 1974 28 1741 2012 2821 68 2724 633 904 2119
536 121 569 193 2090 2384 988 1132 1588 36 1553 2108 1430 1256 1431 571 427 2227 2117 1562 1268 1793 2668 176 332 733 2786 2415 2451 1038 2217 21 979 340 901 1699 866 2568 886 1418 1910 1686 1393 2078 597 1890 1492 289 199 1065 2267 2743 2029 1033 2224 1236 142 1754 2421 2380 828 1888 554 417 1398 2335 802 1764 680 1337 1886 868 1593 2566 2578 967 2570 2246 2320 617 498 555 1061 2839 1804 2024 24 2333 2083 2207 707 2728 388 1719 681 163 2533 499 1329 2423
2790 1656 1102 817 2817 1624 1934 2501 2044 1644 2411 2528 188 1926 1407 221 85 943 2300 635 1190 1405 987 611 1319 1386 556 547 312 2082 2270 2832 2631 1752 59 518 2389 2367 1545 950 659 2556 1721 1876 1202 1146 626 587 134 633 2774 1799 1974 2610 1737 1827 2681 1302 2322 1339 2250 2119 2812 197 261 2597 2034 2397 2789 663 1117 972 1746 1010 28 1369 238 1461 711 2370 1680 1755 925 526 2592 2689 505 1708 1756 2181 271 507 4 670 2527 2770 1831 2283 2061 734
197 463 134 2840 659 1993 2836 1422 1386 1319 611 547 2082 1253 2270 556 1658 188 712 1381 1782 1405 1045 1552 2241 2439 1544 2375 943 559 1437 433 1840 1486 2419 900 1617 518 925 987 221 2574 2528 635 1545 59 1656 1934 2767 1369 2817 2628 1417 85 1983 1407 2832 348 312 1624 2397 550 1102 817 1339 2044 2790 26 1644 633 1721 2367 2411 260 2389 1489 1756 2501 2610 1701 2130 805 1755 28 68 2826 391 1788 1827 1831 1317 2250 2322 1974 587 480 2597 1118 1303 2544
2049 530 1290 1017 446 1237 1604 921 1301 1518 1981 1567 2140 451 631 2282 2064 1058 2796 984 2596 416 2392 2357 1909 607 908 1879 2257 710 2782 542 1739 1396 54 1673 1695 1893 2660 2259 813 1000 2664 660 360 1613 50 1853 1614 1331 1142 662 1384 1742 355 2696 1370 345 2519 1466 2243 2369 97 2093 904 1978 1829 1181 271 1606 2006 2692 2530 871 1554 1913 337 2103 996 1935 1625 1791 1808 1105 255 1621 1330 2041 1600 2375 1491 2361 2005 400 1508 748 1681 243 873 116
1507 2550 107 2604 1669 1104 2019 1177 2414 2641 55 2176 728 397 863 1646 1450 339 393 2136 830 1147 577 1678 1732 1244 2275 1120 2518 603 1620 2247 1073 1194 495 1482 379 241 281 1674 2383 1711 1582 1666 2754 290 113 278 1902 2718 579 2762 2326 351 311 2349 2355 1817 643 206 144 1160 2632 2599 2008 1404 136 2627 764 1372 1347 2209 1832 2593 546 2284 2329 719 343 2378 1822 541 118 1843 2747 1209 2347 2636 102 2018 2630 567 1504 845 2475 794 1221 1700 2297 1611
1096 1948 1416 2556 1897 1993 2272 1569 1362 1218 2721 497 1496 992 1586 1316 348 987 1617 925 2034 712 259 26 85 635 1381 1051 2312 1796 312 260 1369 59 2389 1545 518 1658 1860 2714 2790 2713 2300 1045 2832 2082 1261 2241 1926 2046 480 1407 2826 1552 2817 1636 2631 2454 1453 715 950 2412 826 305 238 611 2606 1873 1934 231 1490 1737 2544 28 188 1782 2411 194 1532 547 1799 2181 1656 1319 2815 2397 2528 1148 817 2270 978 587 1314 4 64 563 904 2119 659 2557
1987 815 2194 669 661 122 476 1560 1284 481 1227 2261 2168 829 1858 1761 2313 229 1456 1596 2188 387 1153 454 2476 2425 1556 2118 685 2498 1884 396 1610 1308 980 43 2387 2442 468 1082 2128 1015 2562 459 37 1188 2268 2720 1802 971 1570 2688 973 443 1090 448 546 1425 1763 23 1221 922 586 941 84 867 1285 1816 2448 1006 744 1880 2222 298 1366 2698 1136 1480 644 1199 66 1113 582 255 406 2396 2609 1985 98 531 2633 1283 1385 2429 919 2145 2301 389 282 701
389 758 1503 1730 108 452 840 478 2687 2407 125 1378 2505 2465 1022 464 1026 1912 936 2256 89 628 241 1039 2062 331 2142 2634 2301 1140 2398 2806 1220 753 1008 1281 1048 456 1303 1923 471 1692 1822 324 643 501 1813 1438 1097 999 788 1932 782 726 467 2632 129 1018 2611 1293 1062 655 1662 1118 2228 883 402 1124 2059 1831 484 1335 1568 2557 430 2467 1706 1101 1655 1273 31 786 363 1475 1143 1778 1612 138 534 2429 1011 1855 806 1918 2075 220 2690 872 2698 1472
2437 1672 16 44 2317 2700 1836 1447 1990 1469 2249 1483 376 1749 761 1178 1304 60 198 2555 1727 2497 75 1183 47 834 2058 1838 676 1714 940 2180 2202 576 1004 1713 1103 1224 1116 832 2737 2745 1476 1914 291 1288 683 1277 949 1057 1363 2523 1535 1343 88 2112 1703 2542 1685 783 2216 95 621 1856 183 1865 905 34 2422 2245 1251 2785 171 2190 1750 1263 2441 946 2469 1641 1346 1364 2655 1712 1999 2695 1760 474 954 2760 2126 1425 2827 1434 1523 731 1222 603 45 1283
1125 1753 2772 2777 2077 2478 70 2561 1252 2015 1834 1839 951 1842 18 2818 2663 2 601 2510 1035 431 315 1759 2757 2161 1165 767 119 2656 2016 103 688 1323 1390 2000 2302 165 191 297 1235 2149 2622 1830 80 1130 1557 1533 558 1296 126 424 142 1693 868 1431 707 1945 29 1845 1559 983 520 802 1940 725 2320 646 2210 1451 2295 2172 1312 2533 1984 783 2827 2471 2728 404 2739 1139 135 2441 286 1825 640 2069 901 2769 1786 176 1383 848 1306 2413 2354 386 1562 1951
197 925 1369 550 1993 26 2649 348 480 179 2454 1870 2714 463 1422 2840 663 134 2538 659 2769 1658 712 1045 2439 2241 1381 518 2836 1544 2130 1782 1253 1840 1386 1319 1617 611 547 2628 556 1407 2375 1656 2790 188 1102 987 2082 2832 1721 312 2270 633 85 1624 1680 817 2322 2610 2556 943 1405 671 1934 2817 1409 1190 433 59 2367 635 221 1417 2574 2044 1473 2250 1051 1552 1339 2597 649 2528 1545 1111 1876 1774 2300 1926 2306 948 1135 1746 261 2501 1332 2742 2050 1752
1514 71 958 30 787 1445 2271 810 638 2529 386 718 697 1630 1360 1270 2246 143 2616 1440 1112 1694 665 1446 2481 1684 2584 1294 1411 1258 1129 2185 2298 2619 2517 1215 1939 795 2339 511 817 526 864 2189 1624 2817 550 508 2338 994 1656 2528 2499 2037 1942 716 608 1725 188 274 2811 1934 1407 2250 1408 1664 1135 1771 1892 1677 1543 2375 85 1319 2440 2367 1993 968 547 59 2044 2592 271 1606 1644 2842 611 1386 1998 2411 1755 1278 2764 2501 2774 1475 2444 2789 987 444
348 480 925 2454 26 1870 1369 2649 2714 2769 550 179 2538 663 689 1417 1489 2130 260 1453 860 518 1701 1468 1490 2419 2358 421 2838 1758 659 570 559 2826 1710 2088 1193 1983 2397 2544 1895 2004 900 2418 2581 1901 259 1437 280 611 1792 2312 2389 712 1665 188 283 1486 463 978 1580 826 2125 59 1111 2344 316 1772 2272 1930 2082 563 2840 2309 1316 1319 1428 2337 524 1788 4 1551 1552 1617 1737 1799 1741 1545 963 734 547 2724 2307 613 2270 950 769 2606 2001 445
1735 2797 667 2844 1863 1982 2403 1539 352 1619 1925 2776 2092 2139 428 2833 1078 837 2094 2269 299 226 1549 262 2371 2731 160 1815 641 1589 1122 2576 1814 1530 1816 264 867 2385 741 888 2607 2771 1480 1009 687 2484 1373 2455 2633 2811 814 1660 1159 991 879 2255 1807 2431 1295 1366 403 2138 2266 537 1421 1025 577 90 385 2460 2412 2595 1060 891 127 115 1338 2835 2063 2104 2524 846 2189 1081 2820 2738 986 642 557 2614 1341 2619 2710 1497 166 17 2175 1964 405 600
2437 1672 44 16 2317 2700 1836 1990 1447 1469 2249 1483 376 1178 1749 761 1304 60 47 1727 2555 1838 834 198 2058 2497 1714 75 676 1183 2180 1713 1224 2202 1116 576 832 940 2523 2745 683 1476 1004 1535 1914 1057 291 1277 1103 34 1288 88 2422 2737 95 1363 2542 1703 1856 2785 1685 2112 1343 2216 783 621 905 2190 1865 949 1346 2441 1251 183 171 1750 2245 1364 1222 954 2469 1712 1263 2827 310 1641 2129 474 2656 596 1176 1425 2655 1760 2760 946 824 2214 2695 2179
2719 2825 2766 447 2558 2319 2292 204 137 899 2741 790 692 2736 2842 1212 2728 2135 1055 116 1606 1126 1944 2305 725 97 442 165 1463 2506 2813 1935 1223 1056 2057 1962 1874 146 2220 494 2526 2183 1134 79 2248 2445 1433 2051 1931 1899 1868 2291 968 2382 2704 1464 2509 948 1639 2041 2617 2393 246 1547 2286 1840 1544 2665 521 804 2435 350 574 1937 140 175 2639 1386 2439 329 647 950 2367 1827 939 1752 316 722 1777 963 1164 712 1067 162 1452 134 547 1130 2389 2089
2210 640 2520 13 2671 1272 828 1754 377 1949 2421 2578 2083 1041 1038 1337 1910 1668 2602 323 672 1329 2335 865 2828 1374 2786 933 2108 2038 1764 2032 2570 2839 2227 1399 2120 979 176 2031 1605 1189 940 762 2224 340 2047 964 1070 1103 56 1004 2112 1256 370 1749 2000 474 2502 2656 1283 1397 932 1559 1336 2048 1434 1952 2179 198 80 2384 182 1768 2058 84 119 1722 2668 420 1108 2451 1451 1249 2077 2795 2202 1106 594 834 510 1263 2521 310 1685 2761 1727 1125 1738 1393
2242 617 1561 540 1593 2542 2785 783 832 2827 1535 2441 499 310 465 2112 1346 1343 1856 1914 1434 940 1836 1004 291 751 1298 2656 182 1685 1197 1693 2745 2737 1103 2202 954 2190 1091 2016 1996 1785 407 983 1176 1019 634 149 184 198 1760 1786 2521 1161 777 2149 853 949 2224 1602 1743 1257 510 1689 1590 88 76 1847 1738 2227 2072 695 2786 2143 24 1228 93 979 2533 176 1712 2430 1631 1166 1971 80 424 426 63 1773 119 1207 1513 895 596 1597 2129 2179 1488 75
2678 2263 1083 2141 96 2152 1702 732 949 1632 2502 2623 1927 1525 106 1280 620 894 2554 1605 181 2153 940 419 2643 1251 2572 2401 1263 1371 621 1856 2522 1288 2612 2555 1364 1222 1221 905 2048 1957 272 1420 2214 2245 850 1726 45 198 560 941 409 831 1066 1004 2841 183 1641 546 2807 582 15 171 1423 728 384 1139 2831 55 2374 2737 1891 1064 2410 1727 2154 1225 1536 278 2056 1835 2086 2762 1711 474 6 738 2463 397 150 1954 479 2720 2761 1322 1749 946 2176 1768
480 348 925 2454 26 1870 2714 1369 2649 2769 550 179 2538 663 1417 1489 860 2130 1701 1710 518 1895 260 2375 463 1788 197 769 188 2419 2397 659 1453 559 1468 611 712 1190 2544 2424 1102 2826 1319 1437 2574 2001 433 1146 826 2088 1901 2389 259 1486 421 1983 283 1737 135 1617 900 2817 2309 613 1422 59 2790 2358 1552 1545 4 2312 2840 2289 626 1490 563 2724 1930 1656 2050 817 2082 1792 1752 950 445 2034 556 2270 547 689 2501 1386 943 977 1934 1381 978 2148
2766 2558 204 1944 2825 447 2842 2294 899 1055 2741 137 2135 1212 1935 1606 1463 2728 116 2305 2511 1547 97 2736 79 1067 2068 2719 1134 2292 2041 1056 692 165 246 725 722 2665 1464 804 2813 948 521 2382 2319 1076 2617 2248 81 238 2286 790 1874 2052 1223 2592 740 1937 1126 2393 686 1725 2435 329 2534 1332 2207 2365 817 68 602 2501 271 2300 2039 1825 2057 2367 2044 723 1680 1934 146 1111 2389 28 659 2250 2817 1407 2237 1551 444 950 90 2370 2528 705 1624 59
730 338 1466 2516 1969 1526 1511 709 1442 1707 1325 2102 1516 406 2843 773 2145 1007 1385 257 186 1732 1779 742 811 1073 1731 1992 1678 1147 2275 2763 1138 1871 519 1120 2518 830 1800 1131 410 336 112 2341 1455 603 937 392 253 1079 1645 1450 863 1005 1894 365 288 2613 1620 248 1670 1068 2219 339 2788 1498 749 1794 678 1243 1783 544 2746 726 1244 673 2549 53 2299 2609 999 331 1577 2136 2005 812 2429 1646 2364 2730 363 952 2377 534 2462 1209 1493 1662 538 648
851 1232 629 2677 40 592 1960 1198 281 1591 1113 1744 454 2726 37 167 1570 1763 1082 2162 1006 1308 20 1283 443 922 1090 335 275 117 459 1221 1184 1502 1108 270 2761 676 1768 2203 586 2101 23 621 2535 1137 2153 2503 304 2249 325 2268 2494 301 339 122 298 1661 171 894 2571 1456 2469 1560 1632 2178 2126 1188 2760 2194 2401 398 1073 1251 2222 594 1401 2303 214 2261 1047 745 96 285 2113 867 1023 2841 744 796 2747 731 2098 935 1363 2182 2219 1361 1364 2136
5 1515 844 2457 2464 2725 509 1889 957 2404 1426 2448 1696 1766 609 744 2115 2366 244 473 1061 1326 466 1637 375 163 498 2124 1602 510 2521 2351 2566 388 1945 520 19 425 2179 214 1616 119 2014 306 232 1296 424 690 1722 1537 1529 2048 1269 148 1488 1867 2348 1383 80 1738 1849 1139 2786 176 707 2227 1108 1265 594 2112 1556 1431 617 2210 2224 1768 42 2031 1397 2390 1434 1502 420 2038 2533 36 832 2542 1984 1080 218 1283 2354 2203 1004 2172 270 1610 1953 1469
2552 2716 849 1532 1563 238 28 1896 505 2819 2181 313 523 175 2283 2500 1708 2479 152 671 1827 458 734 2250 2099 2119 587 1741 354 972 1339 2674 532 847 2028 2527 120 2814 330 1704 2191 2809 2365 2689 1852 2681 2370 2742 81 1376 2534 1473 705 2557 696 261 503 504 1746 92 711 1956 633 1876 1680 772 2322 2144 771 2177 1774 2592 2193 1010 507 2610 533 1273 602 68 2597 1721 1117 2343 2789 2052 1332 1650 1873 2822 2698 1917 1111 2764 1974 391 649 2199 2774 1302
2678 1083 2141 2263 1702 2152 732 949 2502 2623 96 1525 2374 2643 620 181 1632 1280 940 1605 894 1856 1726 2153 2572 621 2841 2807 1221 2554 2720 1263 2401 1927 850 2245 55 45 106 2522 1536 1711 1288 546 1066 2355 2612 1318 1423 183 1155 1674 728 1666 278 582 2086 409 2555 397 1004 1420 419 1365 2514 2718 816 560 1251 1504 2048 1225 285 1957 2762 144 15 2154 2111 1222 171 2737 1641 1954 2627 946 905 1364 2214 831 2176 1226 272 2641 1219 2056 2410 1064 1371 1103
2242 1561 540 617 783 1593 407 465 2542 2785 499 1093 1590 853 1898 949 93 1166 751 895 1197 1535 1856 1785 614 2430 1928 1914 634 1996 1631 2114 291 940 1087 2072 2409 2441 1346 76 1300 2143 1228 1836 1144 2000 24 1689 832 1786 2202 1207 898 2827 2214 2324 272 1106 1957 1137 714 1357 831 2737 1222 1213 483 1597 1389 2784 1558 1257 310 2745 777 594 1420 834 198 426 1353 251 1161 384 474 738 2058 2066 1427 1004 2224 1298 1057 1091 560 479 1559 1847 1883 676
2298 1129 2185 1411 2584 1684 1694 795 1360 1630 2616 143 2246 1112 1440 1446 1294 638 1258 665 1993 787 958 2481 1270 30 1215 1514 2271 1445 71 2468 810 2363 2529 386 1939 1509 2631 987 635 1422 2727 2213 518 154 1520 1755 1 805 307 85 1756 317 1045 2460 1974 2285 2059 1568 484 1407 1475 267 1278 1378 2236 2044 2411 712 999 1317 726 553 550 2715 2528 478 2189 2693 2764 68 1291 2053 1730 1117 1022 655 1543 2241 799 758 389 936 430 1780 2144 331 1381 356
2045 2023 1584 2755 258 770 747 1320 941 2423 1980 2609 901 84 1928 1707 2249 676 1073 1628 1834 39 19 76 1288 731 2415 1251 2720 966 2409 2469 1166 2251 1844 2074 940 1283 292 1703 111 132 2261 893 1361 2015 989 288 2831 1206 1364 713 576 762 2760 743 2217 323 1401 1749 2134 1106 1363 1178 427 695 1047 2108 315 2705 2126 867 341 2746 875 1968 1713 1176 2149 1065 1286 2568 868 1006 1731 1138 2478 1839 2502 1466 1285 2784 571 2152 597 2182 106 270 1252 926
999 726 331 484 430 2059 478 655 1475 2301 2557 1124 1472 1855 1278 471 2075 1438 1662 1037 1101 53 1187 806 2806 2236 534 2053 2429 1118 2801 883 2407 1140 402 2698 1273 1503 974 936 1011 220 1481 2093 391 2465 2505 363 1862 1008 418 786 1918 780 1303 2687 2470 758 203 2244 1524 389 52 1465 207 1730 872 31 452 225 290 1780 1021 1022 1024 2256 1917 1708 1378 467 314 1929 233 1050 1961 518 108 1 1275 1635 1967 390 2467 1395 1921 268 2061 840 1568 1715
79 1067 2665 722 2068 686 1076 804 2286 329 1464 2813 2248 1547 2382 2511 948 2580 1777 1452 1639 2393 1937 2436 140 2842 1134 246 1868 2305 146 2598 1223 2294 116 2825 2741 899 1185 2135 657 12 1212 1606 491 97 137 204 2708 677 2041 1935 2569 2766 1899 2435 1592 974 1463 350 447 494 1944 1874 1055 2438 682 2558 2292 2090 2719 1630 1360 1892 2736 1407 1771 1624 2389 2039 1202 692 1644 817 1677 2057 925 2728 90 892 987 85 787 59 2319 2367 2817 1369 1955 550
1895 769 433 2375 2685 2315 2289 161 1980 2650 1390 2702 197 2622 950 2482 12 2757 1439 1955 1557 1788 1314 1473 1868 140 315 1710 26 359 2556 348 1417 2367 1496 925 817 2496 2250 1752 1319 804 1369 1759 1076 2764 2265 2069 2477 712 2769 1627 1876 2770 299 480 2300 1117 2051 2809 1109 626 2510 1376 188 1464 613 463 1135 329 611 191 2389 734 2286 1316 1747 1165 368 2499 316 2597 1490 772 2842 261 1579 28 4 1721 2436 1725 1302 162 1701 1755 2812 2821 1737 238
2433 2713 1860 2272 201 1490 2376 2309 1453 1901 2815 1316 1496 1965 1636 2556 2352 2545 1569 715 2034 155 100 194 1796 64 305 2826 562 563 1051 260 51 2721 439 2069 1123 168 2650 1878 48 2628 231 1840 1640 1218 1148 486 1586 497 784 2337 1658 2241 978 1437 1848 2007 950 900 1428 1486 559 712 2012 1422 2496 1046 2652 1381 136 1468 2439 2088 1817 613 764 2358 2606 1700 2553 1362 2557 2800 2062 2046 2008 1143 719 659 524 2479 914 1351 1313 343 1289 1897 1752 2344
817 2790 1926 1656 2817 1624 1102 188 1934 2501 2528 1644 2411 2044 1407 221 85 2300 943 635 1405 611 1319 1386 2082 547 2270 556 987 312 2832 1752 1545 59 2631 518 659 2389 2367 2545 2034 950 1190 2556 626 1799 1737 2592 1796 925 1721 633 1974 2774 1369 1010 1302 28 1117 2681 2764 2119 711 1202 134 348 550 2250 712 4 1876 1827 2370 238 81 2689 503 2770 1569 1146 1680 2610 1746 197 2322 968 587 1955 271 1756 2597 670 2789 602 2181 1314 1942 26 68 317
2433 2713 1860 1490 201 2376 2309 1453 1901 2272 2545 715 1796 2034 155 2721 100 562 439 1569 64 305 563 51 2650 1640 1316 1123 48 2815 1878 231 2826 168 260 1496 1148 486 978 1636 784 2553 2337 1437 1965 900 1486 1051 1046 2556 559 421 1586 659 2004 2840 497 1874 1468 1864 950 1819 2455 904 259 2012 57 793 1307 2557 194 1792 1861 1428 1848 2007 1775 2581 1193 674 734 2010 1579 2606 2418 1143 712 764 965 1313 326 769 2358 2769 1930 161 906 2652 2125 1118
196 1625 353 776 98 869 2474 1864 1643 1963 2462 1819 1970 2792 2491 2711 2334 585 2081 910 2353 2328 639 233 701 118 2723 206 2157 778 1583 1246 1579 2361 1977 998 764 282 2536 1179 343 2582 2256 719 9 517 2067 825 1354 2065 1204 1578 1772 919 841 241 2017 239 2008 1404 1282 1574 192 2669 2336 952 1985 382 153 1781 539 1506 495 1042 838 2070 567 207 945 2575 2794 61 2018 2164 2611 1769 2632 303 245 1822 1402 643 1289 1493 779 1647 408 618 1293 1089
1190 1656 1102 2790 2817 2034 2501 1934 2044 1624 188 2411 2528 817 85 2545 1407 1644 221 1926 1796 987 943 635 2832 1386 312 1405 556 547 611 1319 518 2300 2631 2082 1111 259 2439 978 1752 1381 659 2270 715 2826 2389 663 1146 59 201 1569 480 2322 559 197 1658 134 2714 562 602 305 1840 155 2840 740 1545 2538 563 2365 2544 260 2424 2370 1332 2419 1202 1339 1302 2592 1544 2241 348 2812 287 2193 1782 1437 2052 1253 1369 2397 626 2721 2789 4 2606 1422 2358 2652
2043 2816 2810 2171 2666 1723 1891 650 2346 475 1916 807 1605 411 2502 1260 1702 759 2643 181 620 1188 732 922 820 1697 1797 2152 6 1865 546 1221 1603 1541 582 1456 1322 285 2463 420 1882 1066 2154 2410 322 1225 1284 15 351 1638 1222 1083 1654 1954 1835 1412 2762 1226 2514 1397 2841 459 1763 1153 272 1074 278 691 1423 905 1957 1420 2214 2497 560 1711 850 2627 831 2167 208 2483 1342 1504 384 281 2009 2245 1750 2587 1206 1570 479 2268 2691 1933 222 1150 1641 2362
2458 1495 2660 966 1396 1384 1105 243 355 942 1331 1705 813 1370 1554 1614 2600 1742 1673 2085 908 1681 2257 2696 337 487 2543 1906 360 1853 2259 1676 660 710 2782 747 54 1119 1000 2262 1978 607 542 1002 1508 1695 791 1031 2420 2369 852 301 50 1893 2664 320 2134 984 1739 1565 1419 1528 392 80 2803 1287 1239 825 1017 519 765 1717 208 396 2788 1243 2655 1368 770 2587 2336 2136 1131 1718 1566 2282 1567 282 595 1946 1379 1142 2249 2357 119 2323 2151 954 2830 515
629 1113 2497 198 75 1304 60 183 940 1004 2249 2737 761 1343 2542 2112 1727 2677 1685 783 1103 2555 949 1198 1288 1703 2216 621 1749 954 1363 834 1434 2058 171 2022 1371 941 149 1712 1760 1865 2841 182 1298 1333 1251 1483 281 2760 84 2656 1364 2182 376 959 45 1525 1999 2056 1283 327 2494 1064 1184 2522 1019 1502 2179 2502 2705 594 676 1738 117 1277 236 2030 2401 1880 1286 2608 1995 270 2152 2203 37 1447 2827 506 214 1006 63 1139 1108 1836 2831 1469 148 2263
59 2389 312 2832 1545 1146 1202 626 4 1737 2082 2270 1799 987 556 85 2367 2300 372 950 1102 2411 1752 635 2528 2477 1407 943 1934 1644 2501 2044 1405 826 283 2817 1386 547 1656 1721 1876 611 2790 188 1319 1624 266 221 817 613 518 2631 1926 659 633 2069 2119 271 1942 134 1974 1827 1339 587 1302 261 2610 2322 68 2597 2681 28 734 972 2556 238 2557 1117 2789 1680 2370 1896 505 2250 2821 2144 711 2283 1708 2774 1332 1010 1408 2689 2592 507 2440 805 2527 526
1125 70 1753 2777 2478 2772 2077 2561 1839 1834 2015 1252 2510 431 951 2818 18 1842 601 2 2663 1035 315 1759 1557 2622 767 1845 2624 2757 1230 1390 1423 1559 278 848 1225 1902 1951 208 1788 436 1306 2400 1582 2762 2378 572 1247 522 995 2599 395 477 2000 2482 2154 962 737 702 2475 215 2636 1954 2471 351 1646 1711 658 191 747 1683 2107 783 863 1510 1608 58 1175 1654 1322 1798 1801 1347 2355 2656 2167 222 308 144 15 1025 1908 126 2587 1165 1830 888 2514 2410
1096 1948 1416 1993 1897 2556 987 1362 2721 1569 2272 85 348 1496 1586 925 497 2817 2411 1934 1617 1316 1218 2790 312 712 2528 1407 2300 635 1926 1545 518 59 259 2832 1369 992 26 1381 2312 817 611 2389 2501 1656 2631 2412 2082 1644 188 2044 547 2454 1737 1319 2034 480 1051 238 28 626 1873 1045 950 1658 1386 2714 1796 715 2241 1827 1860 260 1636 1799 2119 2826 2181 2713 587 175 826 1552 2592 2606 1453 1102 1532 2283 305 1109 1782 2270 4 2397 2306 772 978 2046
1054 1649 645 2011 2707 947 1663 1444 1623 1328 445 169 2837 735 1679 2050 440 1617 2130 2840 1775 1029 1045 1782 2836 1253 2767 2287 1261 179 1381 1993 1544 2241 1422 712 1840 134 1552 197 2439 1658 1218 463 900 2544 965 1437 319 1208 1307 2082 1486 1710 2084 194 489 1489 2628 659 1386 2397 559 259 1445 1860 2046 2631 547 674 2419 992 2270 1586 348 2389 906 769 2592 59 497 950 480 260 1948 1468 904 970 978 2052 231 1172 1417 2088 1319 2652 2826 860 1545 1532
348 925 480 26 2454 1870 2649 1369 2714 550 2769 179 2538 663 518 1417 2130 1701 860 1710 1489 1545 2375 2817 59 2389 817 2528 1656 2411 188 611 1934 712 626 1319 1407 85 2501 1624 1381 987 1680 1644 312 2044 1737 2556 2367 2790 1658 1386 2322 633 1544 1993 1146 547 659 1665 2592 2832 2082 1752 2439 1202 1840 2241 1926 1422 711 2270 602 1617 238 1045 556 2250 1332 2034 197 1782 2119 271 1102 2842 463 28 261 2597 826 950 1111 1827 2193 2840 635 4 2681 1405
1082 443 586 1308 1090 1763 1006 37 922 1113 459 2268 629 2535 2677 2449 745 1474 1198 325 1456 281 796 2167 2043 2261 1284 1671 144 2346 820 275 2810 475 2194 1153 495 343 131 8 2747 2761 823 206 2098 1160 254 2718 1697 84 1578 546 477 334 2565 2720 53 1570 2762 1403 577 1751 1723 2723 1404 446 1047 2328 1073 1761 1541 1023 406 779 2482 619 1100 862 1613 1642 1813 1875 1916 122 2490 241 1651 941 2491 3 2636 938 1241 661 701 387 1518 1711 2308 2055
557 1366 879 2189 299 2460 1816 2269 1982 2833 2371 352 2139 264 428 2363 741 1421 1 2455 1480 1925 349 687 1619 2844 772 28 2727 1278 226 1862 147 2662 1520 505 154 317 1349 2595 1580 1792 2444 711 2418 1338 891 2092 307 1242 57 2820 160 1509 2548 1861 667 2175 1276 2125 238 1551 2412 405 2356 2193 1756 210 1314 1025 1317 1730 1655 391 280 2484 1896 1332 1755 1539 1680 1378 1117 805 125 1022 342 1187 1386 1202 1118 1887 1563 108 1955 793 1831 1660 1339 2213
204 1944 2741 1212 2135 137 899 1606 116 2842 1935 1463 1055 2766 97 2558 2305 2041 2825 2294 2068 1134 2728 1067 246 1547 2511 447 722 1056 79 165 2665 350 725 1223 2813 2248 2435 1874 1130 2207 2506 2382 2736 1464 2039 2367 1937 1677 686 2057 2389 494 1892 1545 1771 817 2413 135 59 2037 1752 2528 950 1737 2501 2817 804 2411 1407 1076 2300 1644 1940 2366 329 85 626 1934 2625 2044 677 2286 1369 1126 2295 271 201 1624 1453 2580 1901 26 1146 509 2719 2319 2499 1887
143 1440 386 718 2529 2363 2185 2298 795 1129 1694 2584 1411 2271 1445 30 2749 958 2468 2460 787 557 810 1514 1684 1215 1509 1373 697 2517 1863 2008 2821 2619 719 872 628 108 346 2146 840 764 1465 2228 1048 241 1289 478 1787 1647 1405 2062 786 2467 1982 456 2465 2505 970 2632 52 2557 758 2018 1022 2690 2244 501 2142 503 1332 643 207 2284 780 1923 1822 464 1281 2012 216 936 1831 533 61 125 505 1438 2687 1493 2590 1921 471 1706 2398 192 1046 711 389 418
2185 143 1129 2298 2584 1411 1694 1440 795 1684 2363 2616 1360 2468 1630 1294 1446 2529 787 2271 1112 386 638 665 30 1445 1509 2481 958 557 810 1258 1514 2460 2749 71 1270 2246 1215 718 879 267 2285 2053 154 331 1730 1124 2059 2531 1635 1475 1756 2693 1831 484 1037 1127 1662 1961 999 1967 553 2061 2806 2236 1912 1378 805 1648 390 68 1026 1274 2687 685 1187 1655 1317 1022 806 108 2406 2429 1974 1715 2794 1395 478 534 1568 467 356 726 125 296 389 2164 2773 408
1437 900 1486 559 1983 2419 1208 1468 2840 2826 674 2652 2076 260 1307 1552 463 1878 2312 2133 134 978 904 563 2012 2544 965 906 2836 2767 2088 2397 197 1600 1253 659 1148 1701 1710 2574 1489 489 2084 860 231 168 2200 2391 2606 1046 1417 259 1092 524 486 2515 2724 970 2337 977 2148 2358 1788 1313 1172 1860 2564 1617 319 1123 1428 2035 1490 2010 1045 1848 1422 1782 784 911 2424 74 2553 415 2007 2344 109 2769 2800 2676 2001 1993 1414 445 1453 2307 2670 1388 2130 433
1231 754 1728 2756 2021 2320 757 2533 1149 1533 29 2673 286 2172 1296 119 1383 80 2472 218 1478 135 1984 2295 2413 1448 2260 2638 545 364 558 2040 2566 19 1265 328 2561 739 1719 967 2615 1892 529 737 707 1439 1394 480 2411 1934 2501 184 1202 2704 2381 424 2296 2817 572 1945 1407 101 2044 348 2625 925 2250 2528 1551 2546 1369 91 1644 1386 2238 359 436 2235 1771 4 1819 556 1433 1518 1319 312 547 2649 611 740 85 2445 987 1900 2181 1111 159 2002 1109 26
989 803 341 737 215 2040 364 1900 436 101 1683 2381 251 2540 1427 2644 1230 529 374 545 2546 572 1883 1353 1389 395 1394 1115 2759 581 2277 2579 304 2178 962 1898 2113 2784 1798 766 1213 293 1971 1300 2114 1801 2066 2323 2238 1951 658 328 2504 240 1361 2787 1559 1106 589 1093 1306 1451 1137 1175 1334 727 2054 1257 407 646 281 614 789 1786 2761 816 2677 714 1180 485 446 1241 2636 483 2098 1283 1768 2747 1023 731 1976 814 2026 1784 694 1231 546 1688 512 941
2363 143 1440 2298 2185 2460 557 795 2749 1129 2529 2468 386 879 1509 2584 1694 1411 718 1684 2271 1619 154 1059 1925 2740 1982 1366 1445 1816 267 1242 787 1514 1863 2013 1480 2371 299 30 2285 872 1378 478 2465 2505 1730 1215 2175 331 108 1022 758 2356 1037 806 958 1887 1831 1787 2008 1373 2557 2794 296 471 1803 1026 840 1405 1124 452 2011 2710 1438 553 2727 2833 685 1289 2467 125 1756 2053 389 2590 2687 2146 534 402 356 1912 2429 200 936 719 1755 1568 643 999
2045 1584 2023 2755 2545 1926 770 817 188 1102 2790 1656 1319 611 258 2817 2300 85 1796 659 2034 943 2397 197 2622 221 550 463 1624 547 2001 1552 1386 1414 1934 1942 1517 557 1405 2460 1604 1600 925 2375 2724 556 908 1101 2256 26 2610 2082 715 2769 1046 1408 1752 2358 1181 2670 1428 1369 134 2367 1237 674 503 1564 2307 1339 2501 1390 1407 1422 1240 2556 2564 910 1151 1981 348 271 2440 1997 2528 2544 1969 1146 2200 2770 1320 480 747 507 2454 1852 164 1644 723 1557
2049 1017 1290 921 530 2064 2282 446 2596 1518 1604 631 1237 1301 1981 451 2140 1567 1058 2796 2392 984 416 1879 1909 607 1978 2357 908 1613 1000 360 2093 2259 54 1739 1853 2664 1396 1695 1808 1742 1119 487 1893 542 710 2543 1002 1681 2782 355 50 2274 1673 2803 2085 337 701 662 2018 2361 776 1100 353 196 2284 1404 1384 2369 660 1625 567 2647 1970 382 1822 942 778 1700 2600 719 639 1289 2027 2146 618 998 2723 1565 1579 98 1531 1871 585 1287 1179 1985 2017 2660
2767 2836 1993 1617 1782 1045 2840 1422 1663 1328 1444 2130 1437 1486 1208 900 559 2419 2837 169 463 197 712 1679 1983 1054 445 134 645 1489 1623 947 1649 1307 2707 2050 2076 2011 1468 260 1253 1381 1710 319 1552 860 2241 1417 2826 1701 674 906 2133 1658 1261 2088 904 2652 1860 2312 1029 659 179 440 2012 2515 1878 1600 965 489 2439 1544 978 2084 2397 1775 2628 563 2544 735 1788 1218 2713 1046 1428 2564 2574 2391 524 2424 348 1948 1848 977 2358 2007 2287 2606 1051 1416
2141 150 2678 2374 1726 2263 1083 1280 1536 1318 1365 2197 1525 2623 2761 212 1458 582 914 2807 764 2209 2316 495 549 719 398 1493 1347 58 1436 2008 1504 2355 604 1247 2718 2048 43 874 241 1875 2164 546 2632 1822 35 256 2572 1768 1595 2470 1582 636 1351 862 1438 2328 1289 1579 239 1647 1011 330 2402 471 721 2824 1918 2487 190 131 2765 1972 639 207 2188 456 113 2018 1282 2165 643 2491 200 27 1970 2142 2647 1920 2476 971 422 2343 936 290 2593 1143 786 206
1634 1424 610 605 1040 2830 1573 717 365 94 1309 435 1379 1581 2560 1020 1110 1968 1966 2151 1133 1243 112 2788 2364 568 2746 1311 1794 1131 1005 248 1783 2290 648 1946 410 434 2549 2417 2730 811 544 1454 1079 1670 678 538 593 843 2005 881 2219 338 2680 749 1546 937 870 2697 2251 257 2095 2196 1516 673 730 1707 1007 2355 477 541 1871 920 1950 1364 2645 2073 1688 850 2033 2410 742 621 2463 1504 1145 1068 2239 595 905 1321 1138 208 1047 497 1731 1325 1322 2512
1681 2600 1705 487 942 1742 337 2085 966 2543 1384 2458 1495 360 1000 1853 2259 710 54 1739 1695 1978 1673 2782 2262 542 1893 2257 2664 2696 1370 1614 660 1331 50 1508 2369 852 791 747 355 2803 416 813 1554 770 2134 1119 1002 1565 1031 908 1287 243 2392 1528 1396 1718 2596 639 1920 446 1770 2049 1676 530 2711 241 2429 343 2824 495 1579 290 2647 776 239 615 206 131 1822 1438 2357 418 207 1700 451 2164 1902 471 1209 1582 618 840 1124 923 1290 1481 245 2634
1376 1532 1741 1896 1339 2479 2191 734 152 458 849 2674 847 972 2099 354 2177 28 330 1827 587 2819 313 2181 505 2283 2119 1704 2742 238 2681 671 1563 2527 175 523 2500 2552 2716 1708 771 2052 2250 120 1873 2557 696 532 1852 2814 2028 92 1473 2365 772 81 533 2592 1543 2199 2689 261 1010 507 2370 2322 503 1680 2534 1721 633 1876 1956 1917 2193 602 711 1314 1332 1955 1111 2265 1297 2789 2812 1746 2144 1302 2610 2597 890 705 2809 1135 504 2774 1099 1650 1774 1974
1125 1753 2077 2777 2772 2478 70 2561 1839 1834 2015 1252 1842 951 18 1035 2510 2818 601 431 2 2663 1533 436 2656 215 2000 2149 103 737 1759 962 1230 297 315 1798 2161 2624 1389 1175 1845 1830 1693 1951 1559 1785 101 1323 1357 310 581 1423 1306 1605 2471 767 395 1900 783 1683 15 1225 119 2214 831 485 2260 80 2441 2601 1222 2400 940 1420 2154 2172 896 364 2016 560 2787 1801 2107 286 1940 2324 1986 1703 2757 272 278 1608 2502 1180 578 1027 688 308 1957 2210
2338 1994 1698 1571 195 1409 2255 2223 2811 573 352 2253 90 600 2412 2486 846 17 1338 1735 317 2138 1095 2614 1009 1159 1540 891 2648 2100 2372 1060 1622 642 1618 1349 403 2455 1238 1291 127 1964 2063 2189 837 267 2340 1815 2709 2484 892 667 349 2158 2460 46 2269 2339 2226 537 264 1619 2834 557 511 1294 1446 405 1863 2835 1621 307 961 2371 879 299 1982 1520 226 414 2635 1925 1 1421 665 2343 1615 1828 2814 1112 2139 2403 2738 166 867 1604 1993 1539 2215 1258
2300 85 1752 1926 2367 1102 950 312 2832 635 987 943 1202 1146 817 556 221 2790 59 2082 2270 1405 2389 1656 1545 2631 1386 547 372 2556 518 611 626 1319 188 1737 2817 4 2044 1934 2501 2411 1799 2069 1407 1624 2528 1644 1721 1876 613 663 1496 2538 826 1316 1636 238 2241 1840 134 2477 2588 1314 2181 1965 28 283 194 259 1955 505 1190 2812 587 1369 633 2119 2365 2689 1827 2592 1010 2439 2774 1117 849 1302 1658 705 925 1381 2370 1563 203 734 2283 2821 523 2322
658 727 485 1175 1306 1951 589 1312 1213 2066 2054 2113 646 1798 304 2178 2656 1394 2787 962 676 1801 2072 853 1361 2022 714 1207 2497 75 1166 1389 545 2149 1257 1334 198 2277 898 272 1971 1786 1957 614 1222 560 1304 1427 2214 60 1288 1420 293 1483 2546 384 2409 479 940 15 1834 831 2540 2000 2700 1087 1558 2494 376 834 2107 2521 1703 761 985 1333 426 374 2024 905 308 409 1685 2737 1300 395 1106 2542 738 1641 2179 310 2325 474 1363 1683 1322 2469 1738 2249
1779 1007 1385 406 2145 1992 1526 2102 773 2763 2516 1325 519 1511 1969 1442 1894 811 1707 1871 1138 2613 1731 1800 1645 1466 742 257 288 2609 730 410 186 664 11 2110 709 112 2843 1721 365 331 338 1293 1097 2301 2429 999 778 241 108 1438 207 369 580 471 382 2164 1662 1822 1579 701 61 2018 1647 418 363 98 2687 1275 840 2407 1143 618 534 1039 464 786 200 806 1503 1282 1127 858 1730 1781 1813 33 2634 2244 2142 216 719 643 1481 408 239 52 1402 2053
555 868 554 2029 1888 142 289 1890 1492 1033 2743 802 332 2078 429 176 1393 340 2451 417 1562 1699 361 866 21 1053 2668 733 1398 878 979 199 2786 62 2227 681 1431 2333 2384 1418 1686 597 886 2108 1065 36 302 1132 1430 2117 1588 1553 1256 569 680 571 78 1910 893 1038 1268 432 536 500 988 193 121 2421 1668 1754 2224 427 707 2602 292 967 1478 2320 2566 1499 2423 498 1945 1849 213 2217 499 1804 640 743 1272 1296 2024 2533 184 80 1785 119 2671 1041
2045 2023 1584 2755 258 770 747 1320 1731 1707 1138 19 1035 2609 288 2545 1839 1587 530 1800 2561 1237 410 1980 248 1673 237 2482 2049 2426 1047 2685 901 2793 651 2478 989 1739 446 2613 323 345 2261 527 1065 704 1796 2622 1968 519 908 1466 1017 360 2259 257 1872 2415 365 1073 1165 2302 2530 996 1290 1722 1133 660 7 1305 1181 2251 1981 2757 2217 1988 542 1105 2194 875 1645 432 70 1301 1007 1390 597 2746 1191 2423 1557 674 1976 648 2077 39 2568 1928 1628 54
1096 1948 1416 1897 1993 1362 1586 2556 497 992 1218 2046 2272 1496 1045 712 1617 1316 2721 1381 1569 85 2817 817 2790 925 1926 2454 1051 1656 2825 547 2241 987 2300 1636 1386 1694 2741 155 348 635 2050 2130 2312 1777 2631 899 1665 1369 1934 194 1261 259 2412 2528 2286 518 317 2842 1868 2411 480 312 2455 2766 1782 231 2650 1360 1840 1630 447 1644 2389 59 238 2501 26 221 1422 188 1658 950 2496 2713 1319 1860 611 2082 64 28 889 1623 305 140 948 1563 1215 2545
1727 1749 834 2058 2555 2227 36 2224 176 1277 979 2786 2542 2737 2668 1483 2108 940 376 1343 761 676 1431 1004 340 2117 1469 2249 617 571 1561 1836 1562 75 2072 198 2384 1178 898 1430 1447 949 783 2112 1038 1672 832 733 16 576 1593 866 2179 1304 1087 1553 1161 2700 853 1558 483 1300 714 727 1738 332 2078 2656 2745 536 1132 214 1103 1256 2242 2827 510 1786 2521 2497 1361 2437 2409 2024 1207 680 1785 1502 2785 751 485 1535 1166 2202 614 1714 1257 1597 1236 1804
1105 1396 243 355 1370 1554 813 1673 1331 2257 2696 908 1614 2458 607 966 1742 1384 2660 1495 2049 2600 446 530 301 459 825 254 1567 942 1681 2274 337 1705 921 1808 2336 747 1794 3 2151 765 1906 2490 2136 2268 1404 1642 1573 2720 2678 320 2085 2788 567 1237 595 1100 2405 487 779 1290 2364 1271 393 2275 823 66 288 1613 1763 1966 151 922 2170 1155 1385 172 1688 144 2074 406 603 2126 2249 2261 1083 546 731 544 1160 1456 2005 1732 929 1424 1133 414 1311 208
757 1533 1728 2320 754 2533 29 1231 2756 1149 286 2172 2021 2673 1804 2024 967 1719 213 2638 558 1296 707 91 135 1597 2295 2235 2408 426 2472 2413 24 2260 1689 80 119 2224 1265 1383 2296 792 1478 218 2143 499 2430 634 1448 184 1431 1562 1312 176 2078 1469 1038 1984 498 2566 536 289 142 1492 340 979 2333 2421 1430 1668 802 332 36 2668 569 2227 1754 1890 2117 2602 2786 1588 1996 733 121 555 1593 429 1818 1945 1793 1132 866 1553 1256 554 2108 1849 1888 2029
2045 2023 1584 2755 770 258 747 2545 1731 1138 1800 1707 2482 530 1237 446 1503 2613 1701 1181 674 2429 1780 1101 1165 288 2049 1829 1007 2609 1981 860 1385 534 2622 999 1640 257 906 2093 1796 2685 471 2146 1511 268 2164 1739 1438 742 98 478 410 1871 904 100 2302 1127 1667 1976 1967 1715 1320 1788 225 433 2284 806 2091 1761 53 726 118 152 406 168 52 33 2025 776 1011 239 418 1489 353 1124 1475 1645 1708 2634 2792 1516 1648 715 840 1481 2687 430 390 1635
338 730 1466 2516 1131 937 1243 1079 1794 1516 1526 1005 112 749 2746 2290 410 365 2151 2730 1969 2788 811 678 593 1379 2005 1783 709 1511 1732 248 1573 544 336 435 1442 2364 2275 2549 2417 1670 1678 830 1311 1040 2251 1455 253 2102 2830 1073 673 1020 1325 1966 2560 1581 186 434 605 1110 1498 1968 1707 610 406 1133 773 881 2145 2341 1309 603 1779 2518 1450 1385 1147 717 2219 1120 1424 1620 863 870 648 2697 519 1007 2763 2680 339 855 1454 1068 538 94 1634 393
176 2227 2786 979 2668 340 1562 2108 733 866 1431 36 332 1890 2078 1492 868 142 2029 289 554 802 555 1888 2117 1033 2451 2743 571 21 2384 1393 1699 429 417 1132 199 1053 2333 536 1430 361 878 1398 1553 1256 500 681 1686 1065 569 597 1588 1418 886 680 1038 2224 62 1499 121 427 432 302 2421 1754 1910 1793 988 193 2568 828 901 2415 1236 78 2267 2217 1268 1041 2423 2380 893 640 1272 2210 743 292 1886 2024 2521 2090 1785 2542 1836 617 377 76 1597 1668
1993 1422 2836 1045 1782 712 1617 2840 1381 1544 2241 2439 1658 197 2130 1840 2767 2628 463 1444 134 1663 440 169 179 1261 659 550 2837 1051 1253 2050 1328 518 194 1369 1623 2631 947 735 925 2556 2649 26 2454 348 1218 663 1054 1552 1679 2375 480 1407 445 1386 2082 1649 2367 1870 85 2270 547 59 1948 2011 2790 635 2389 987 238 1545 817 1827 948 587 2528 2300 2181 1926 2714 633 1680 556 2411 1755 1656 711 81 1974 1752 1746 1405 849 2813 2286 1684 2322 2817 155
472 2444 127 1803 2835 537 2266 1571 1964 2614 405 1828 342 1509 2738 226 2340 1421 166 1060 551 1324 2820 1059 687 1338 2063 2758 17 317 600 573 2255 1607 846 2013 2811 2710 154 1159 403 2740 1811 2138 1295 1069 2731 2412 2484 1025 2455 352 1540 1167 642 1815 1341 262 1619 2473 1814 1373 264 667 1982 90 1925 1622 385 1807 1735 2175 2339 2371 1539 1355 2431 1101 2189 2100 1238 2486 879 888 641 867 1122 1589 147 1863 1278 46 2771 891 1349 267 1618 1520 2338 1524
331 430 999 726 655 478 484 1037 1472 1475 2059 1124 1187 1118 2557 471 1438 2301 1101 1662 2236 2053 883 1140 1855 2075 1278 391 2806 2801 1862 402 806 220 936 534 2407 2429 1273 2093 53 1503 2505 2465 1303 1011 2698 363 1918 1481 1008 974 758 786 1524 389 203 418 2687 780 2470 1921 2244 52 2061 1972 1465 2402 1395 518 1647 2256 1730 207 1 31 1022 872 721 452 225 1756 1317 1021 1780 1506 1568 1961 2822 1378 1917 2467 1216 2610 290 553 349 1708 1050 233
96 1927 1632 2554 894 419 2153 106 2152 2502 205 1288 941 1605 1703 1995 621 2841 2401 2030 189 1032 171 84 1363 1364 2216 2060 2612 1214 198 183 2313 1397 148 2497 1251 420 1171 2567 949 75 1425 2831 2768 1139 22 2705 1304 1891 1953 2522 2760 924 922 1525 1371 45 1865 2182 1880 2263 2056 1488 396 1064 1222 506 850 732 620 2627 1835 60 586 2109 2348 2214 761 333 1685 1702 272 1712 1661 15 95 2623 2791 2149 278 1004 1749 409 1423 181 1957 2249 2656 731
1125 1753 2077 2777 2772 2478 70 2561 1834 1252 2015 951 1839 2818 1842 1533 103 1035 18 1323 601 297 2510 2172 29 1357 286 119 1830 2656 2000 725 80 1785 2149 1845 1940 165 436 431 2663 2 2533 688 215 2624 1798 962 1130 777 1986 1559 1296 2210 1914 2320 783 424 1175 126 581 1091 555 2785 737 757 1149 1996 310 1856 2260 1693 2224 340 142 101 1389 2601 2421 2441 1728 2016 1383 702 2324 640 766 1230 1825 646 332 1423 831 2671 293 1272 2471 1965 2161 896
658 727 485 1175 589 1306 1951 1312 2054 646 1798 1166 1361 714 2409 1558 2072 1928 2787 2113 2178 1207 2066 304 1087 898 1213 1137 1334 614 93 895 962 853 1394 1590 1389 1197 293 2656 545 676 1451 465 2546 1106 374 2323 1801 1886 1683 2022 1559 572 1115 1257 426 1427 2277 1971 2000 617 1597 2149 1786 198 251 75 310 2497 2542 2699 2540 2143 1230 76 395 803 2579 1333 2161 1300 634 2114 1883 1685 2430 529 940 1738 1538 2784 581 1304 1288 1605 1004 2759 24 2644
2502 2152 2841 1605 941 1139 1927 96 2554 2768 420 1397 894 1632 2153 106 419 2567 1995 949 2141 1953 2401 1364 2761 1288 2048 621 171 1703 1251 1198 732 181 1283 2612 189 183 1108 1768 1802 1525 1280 2494 620 1891 1865 1363 148 1184 84 1880 2030 2720 1084 1603 2203 1502 2791 1702 270 205 1336 2705 2060 2831 2623 2263 1504 594 222 198 2216 1790 724 1436 1155 2179 150 1032 2218 1145 2688 214 2182 1570 1738 75 694 971 2497 1318 281 1711 506 2514 2245 40 816 1434
1728 2320 2021 1231 754 2756 2533 1149 757 29 1533 286 2172 2673 1296 80 119 218 1478 707 2472 1383 1984 213 2260 967 1719 2408 2224 2295 135 184 424 2413 1804 558 91 2235 1448 2566 1945 1849 1265 2638 792 19 364 2296 1132 1312 232 1588 2615 1529 1867 529 2366 589 2078 121 2354 1722 2561 1562 1269 1431 498 1451 802 520 1394 2333 2090 727 2077 1361 426 536 2546 1439 142 988 2024 1430 569 1492 2668 1038 36 2478 866 2464 1951 1793 340 2040 739 2108 1115 1754
989 341 803 2040 1900 737 364 215 436 101 2381 251 1683 2540 1427 2644 1230 529 374 545 572 1883 1353 2546 1389 395 581 1115 1394 2759 2277 2579 1898 304 766 293 2114 2178 962 1971 1801 2113 2784 1300 1798 1213 2323 2066 2238 328 1093 1361 2504 2787 1106 658 589 240 1137 1559 1951 1306 1257 1451 727 1334 1786 407 1175 485 614 789 2495 926 1180 76 2054 483 646 39 2288 714 564 2761 198 1818 1231 1166 2497 1768 816 75 1357 1283 941 60 731 2122 1288 1207
2363 143 1440 2185 2298 1129 795 2460 557 1694 2584 2749 1411 2468 879 2529 386 1509 1684 1619 154 1925 2271 1982 2740 1059 1378 478 1366 2285 2269 299 2371 108 2505 2465 685 1730 553 68 1816 452 669 1022 2531 758 2833 2429 1756 1912 471 2557 467 2765 2062 2398 389 125 753 1921 2467 1438 534 1662 810 936 718 2144 643 1026 216 346 1395 1647 999 840 1863 2794 28 2061 1039 2059 331 1097 363 2773 1293 788 402 1831 1827 1124 2774 721 561 2402 1961 628 1187 2053
2510 431 70 1839 1035 2818 951 2561 1834 2015 1125 1252 1753 2478 2772 2777 2077 767 1842 277 18 889 2757 2686 1938 1747 2622 2482 1759 601 1443 2496 1788 1390 2098 1557 446 903 2 1833 433 315 2747 102 1582 2663 208 369 1436 2769 1047 1895 401 453 2650 1806 1902 2599 2636 1023 2355 1711 2008 161 1340 2268 1584 58 502 2218 2685 428 530 2507 1613 2647 2009 399 72 2045 278 990 1530 136 922 595 2762 2147 1717 2279 1237 848 1128 2820 1504 2166 2400 1105 1165 639
1781 2280 2173 2164 209 2091 239 2794 838 245 139 2232 2669 27 2025 2396 192 216 49 1555 1787 61 408 1141 1282 822 1127 449 2693 654 225 356 1924 2070 296 1780 383 799 1240 752 207 1021 1356 858 525 1248 1274 113 504 805 1755 653 2017 2244 1505 1465 780 1435 1168 1299 290 1472 422 1568 1024 883 220 1395 418 1921 1317 1050 1756 2061 314 2470 1598 561 2557 786 2343 52 1635 363 390 1967 2311 1831 2053 1918 2137 2028 2765 1647 2531 2402 1972 2406 806 1715
1425 1380 325 8 1671 745 1474 2535 1267 1006 459 1090 946 2449 2245 1641 1044 644 2720 1263 1750 1308 474 2688 2188 2593 905 2442 971 1979 1462 850 1560 2167 2562 2268 907 1763 443 2313 1082 2410 396 387 2512 1423 796 1911 2627 941 2463 2086 2498 1882 586 84 1219 2147 1322 2514 761 198 2678 1880 2706 2355 393 2497 922 621 2249 2216 2230 75 2136 2476 1726 37 1483 1954 2691 60 339 1523 713 1288 2079 2425 636 300 1858 1420 2362 1504 1536 2469 2642 1304 2197 2705
59 312 2389 2832 1545 1146 1202 626 1737 4 987 2082 2270 85 2300 1799 556 2367 372 2411 1752 1102 950 2528 1407 1644 1934 2501 635 2044 2477 943 2817 1405 1656 826 1386 547 283 2790 1624 1721 188 1876 611 1319 817 221 266 518 1926 2631 613 659 2556 925 261 271 2069 633 1369 134 1942 1827 480 2610 2283 2250 1408 26 238 2119 1680 2689 28 68 348 2322 587 2813 2692 2440 2370 711 2144 1339 1117 2842 1473 526 505 2534 2789 2597 734 972 2034 1010 2681 2248
957 2464 2725 1889 2448 2404 2457 844 1515 5 509 1766 2468 2141 609 473 1696 2124 2115 2014 244 2128 744 1426 2278 228 150 2366 1556 466 1326 388 1637 2229 163 1724 859 2004 375 1596 425 133 294 2222 57 665 1061 306 656 1294 1575 1457 2590 1664 746 1616 1758 570 548 1446 1930 2169 263 2186 2332 1280 2351 498 1279 1877 1358 706 1215 756 2807 1477 2531 1792 1852 801 2739 1258 2168 1229 1861 857 493 1619 1536 232 667 2374 1191 2481 2321 793 753 2185 2356 1436
2716 28 238 1563 2552 2250 849 505 2681 1532 2119 1827 587 2181 523 2527 972 175 2500 2365 2283 1896 2689 2819 313 2191 2479 2193 81 152 1704 2592 1741 2322 1680 734 1111 2370 772 458 602 120 2534 847 711 1332 705 633 354 2052 1339 2099 2674 2237 503 740 1852 330 1873 1708 1746 1376 2557 2742 671 2177 771 92 1862 261 1473 2809 504 1774 1876 1010 696 532 2144 2028 1543 533 1917 2814 507 162 1956 2343 2774 1302 1117 1314 1974 2812 68 1721 2789 1912 2228 2597
835 1310 1254 1512 1107 65 903 2388 284 1908 1975 684 502 1340 768 250 2276 1608 1720 990 1821 1942 2061 2610 1912 2812 125 2821 2774 788 108 2597 2557 1135 1408 518 1921 2505 2465 628 2440 561 1472 1187 1386 1972 1791 192 2693 2199 1026 1974 999 216 478 1048 271 1172 2397 1273 1730 1465 633 547 1332 1220 2773 1461 2687 2082 2681 936 2008 1629 1923 1873 2467 326 31 1302 2270 753 864 1706 1303 872 1692 1493 2193 1018 2826 2669 402 563 390 1118 758 1819 346 120
534 2429 806 1481 418 780 207 52 1662 2244 2059 1465 225 1438 471 786 2470 726 363 999 53 1278 478 402 484 1101 61 331 1918 936 1021 2557 1475 1855 2465 2505 2075 974 1124 1780 2301 2690 2025 655 346 220 192 2821 430 356 296 2806 2698 2053 1787 2467 1503 1008 290 2407 2687 1524 452 1303 389 758 2236 1140 1831 805 2669 1755 1282 203 408 49 1011 2396 1472 799 268 1273 1037 1917 1022 1692 1118 2794 31 1187 872 1048 2256 1708 1568 1378 391 2801 1317 1756
629 1006 2677 443 1308 1082 1891 2261 1113 1763 1090 586 1198 2502 37 1599 1605 2810 2494 2194 1272 2152 2043 594 380 1865 84 1723 2074 258 922 339 1283 941 1073 1108 1502 2179 1628 713 475 2249 2518 117 2679 281 2086 285 177 2000 546 845 1766 640 275 1750 940 1949 459 658 1462 325 1175 582 1603 2829 1903 1163 73 1702 1559 609 182 270 1047 437 2122 2055 816 1488 2666 2761 1768 1085 1184 1023 1995 2816 2346 2671 115 650 760 1922 1916 1738 1951 732 420 1685
1944 204 2294 1055 2558 2766 2842 137 1212 2741 2135 899 116 2825 2305 1606 1463 1464 2382 1935 2728 2248 2813 1056 1076 2286 804 1937 97 329 1777 2393 1639 948 1223 2041 1452 686 146 140 1868 1134 1185 246 2435 1547 447 1067 1899 2438 2708 677 491 2580 2436 79 2511 165 494 657 1874 682 12 722 2068 725 2569 2598 1592 2506 2665 350 2057 1130 2719 647 974 59 2639 2367 2037 2389 556 994 2291 85 1407 2736 1752 1117 1892 526 2250 1771 1545 2534 1998 1386 518 547
1179 2491 2328 1977 2252 2682 1651 1578 1583 2792 952 841 1769 9 1579 945 517 227 1354 919 1470 916 1063 382 2711 778 2042 2723 639 998 887 1970 1920 1854 748 1531 819 114 2647 2575 1791 1770 118 1585 567 1667 1989 2729 928 763 2778 2225 196 982 2740 1657 422 2065 2361 2310 1282 2462 2017 1822 2765 1140 2316 618 2062 2632 643 200 207 2209 1781 241 2429 495 1011 786 478 721 363 1662 2244 1344 61 1647 1493 840 131 2634 452 356 799 2285 806 838 2334 1438
196 1625 353 776 98 2186 1864 2474 1643 869 1579 841 9 945 2792 118 639 1578 1769 2647 422 1667 1920 1819 1179 1531 1583 2081 1791 919 1063 1354 819 910 1470 567 2361 2334 1770 2456 998 2491 1585 2328 2462 517 1402 778 2711 1042 1977 793 1989 1970 887 2682 2330 748 952 382 2838 1365 2778 2723 781 1344 585 276 2125 2582 57 1279 1963 797 689 114 2252 418 2025 1651 1481 207 61 2343 2065 2794 402 1276 206 2669 2053 2027 225 1273 1282 721 1204 1861 1143 1787
2236 1475 1472 2093 1037 2053 430 1124 331 999 2059 1187 2557 726 1273 655 391 484 883 478 1118 1140 1829 220 1303 2301 1855 2801 2075 1278 1662 2061 471 2698 1438 2806 1921 561 1101 2402 1647 1972 1011 53 1395 1862 2407 1503 721 314 1050 1780 974 1961 1635 390 1967 2773 1756 290 1317 402 1024 936 872 2822 553 203 1715 2429 534 806 2610 2505 2465 1008 701 1918 1629 31 2361 799 758 1274 363 1524 1021 389 2687 2693 1568 1127 1708 805 2406 653 518 1755 1917 27
290 225 207 2470 61 1021 780 1780 2244 1465 418 653 1662 2429 534 52 806 1481 2025 192 786 363 799 1787 356 296 2693 2794 53 1555 2059 1274 471 1438 1011 27 2669 1024 139 2053 1127 268 1282 408 838 402 1918 1101 49 2396 1278 1472 2232 452 245 220 1124 726 478 999 2280 2765 2173 314 209 1524 2017 1050 2557 805 1781 216 1755 1843 1475 2801 2531 936 504 1924 1568 2236 1967 1635 2687 2164 390 1140 2285 331 346 1715 1317 654 974 2690 2821 2505 2465 1756
2429 534 1481 806 418 780 207 52 1662 2244 1465 225 2470 786 1438 471 363 2059 53 402 726 61 999 478 1918 1278 1101 1021 331 1780 936 484 346 2025 2821 2690 192 1124 1787 2465 2505 2557 356 2467 296 290 2053 1475 452 974 2669 1008 268 2687 220 430 1524 1855 655 2396 2075 1282 2301 408 49 2794 1831 799 1692 2806 1503 389 758 2236 1022 2698 1048 1140 805 1755 1097 1303 2343 1378 2407 1011 1037 1822 1472 1568 840 1317 1293 1756 1708 139 245 1395 1921 838
1779 1385 1007 406 2145 1992 1526 773 2102 2763 1325 2516 519 1511 1969 1442 1894 811 1707 1138 1645 1871 2613 1731 1800 1466 257 742 288 2609 730 186 410 112 709 664 11 365 2110 2843 605 338 1079 435 1783 248 544 870 1040 1573 1160 241 1097 1822 1404 94 495 1966 446 1293 114 2723 1039 1005 131 2328 363 2765 1968 1424 881 1143 2018 2017 517 144 1578 2730 2316 301 2377 2301 2164 290 1311 2536 89 2343 1438 1813 471 786 455 239 1127 2407 618 331 2429 838
2565 495 2593 1843 131 2316 1875 290 858 1500 1941 33 113 2765 144 2718 549 268 1505 449 1247 1347 256 874 2204 653 206 343 58 525 1356 1598 1011 2311 1170 2355 2603 1435 632 212 1248 200 618 516 625 2147 862 679 1751 2137 105 1044 654 216 599 1267 153 1403 2285 822 2017 2070 604 2165 1200 1077 2264 1127 1274 1141 1595 239 1633 490 383 1152 245 2470 1380 318 252 27 2582 1204 1762 422 2443 350 838 1973 1024 241 2794 1245 1021 2164 871 1781 2693 1961
204 2558 1944 2766 2842 2294 899 1212 2135 2825 1055 137 2741 1935 447 1463 1606 79 116 2728 2305 1067 2068 97 2511 1547 2041 1134 722 1076 686 804 1464 2736 1056 2382 246 2248 2665 2813 2719 2292 329 2286 2300 165 1926 948 85 1874 692 817 81 2817 238 2592 1126 90 2413 1223 2365 28 2393 1937 2367 1934 2052 2534 602 1624 2501 2580 1407 2193 740 1332 1314 723 635 2435 2528 2034 1656 987 725 1338 950 2319 135 2617 2370 2250 2306 705 1680 2265 1452 925 1386 1955
1255 1757 882 123 986 2150 1636 1045 155 2241 1422 1840 712 1316 2815 2272 2628 439 1051 2836 100 194 51 715 1569 2650 1658 2556 1617 1496 2130 1381 2352 2439 2721 1796 1993 1965 1782 1362 2545 440 2482 48 1897 2713 1544 1218 2433 1640 64 1261 231 305 562 2631 2034 950 2012 2069 1600 497 2289 1157 1860 1253 1895 1123 2729 518 1586 992 1663 1657 1493 1351 1915 928 758 1700 613 1704 389 2046 35 1972 838 28 1187 2367 2142 1472 139 1912 840 478 1532 1278 914 2402
1161 1847 1228 1773 1513 1785 1795 465 1166 2409 614 617 1928 499 898 2072 714 93 895 1558 2129 1197 1207 1561 853 1087 1590 1137 2066 2542 483 2242 1300 2784 1971 1593 751 76 1213 240 1346 1257 1786 2785 2699 251 374 1883 1427 1115 2178 540 2113 1106 1389 1353 1631 1451 304 2054 832 2493 1538 2190 576 2430 834 2202 676 789 2143 1361 485 1535 2489 2579 291 1801 1178 634 2224 1749 2540 2745 1597 2381 2058 2000 1357 1846 1836 1224 658 2114 426 581 1727 803 1093 940
1054 2011 645 1649 2707 947 1663 445 1444 1623 1328 735 169 2837 1679 2050 440 1617 2130 2840 1775 1029 1045 1253 2836 2287 1782 1261 179 2767 1381 1993 1422 2241 1840 197 1544 134 712 2439 1218 965 1658 1552 2544 194 900 2631 1437 463 950 2628 1386 547 2352 2082 1860 659 231 1307 2397 906 2046 319 2821 1046 28 1636 1586 259 497 674 489 559 2084 1148 155 1123 1486 2052 563 992 2592 1187 769 978 2365 1208 2713 238 2270 2557 1428 904 1912 433 1172 1468 2367 1827
1810 67 1012 627 249 2509 202 2583 1406 1075 1001 2121 2350 1721 2809 316 1473 963 2306 1876 1543 633 1109 2237 2742 503 1182 740 2592 2181 2367 367 659 2322 1164 547 1680 152 587 2119 1453 550 1386 968 1532 238 2144 972 711 553 1852 611 59 2813 2052 1408 162 68 1752 2799 1319 1974 734 1606 890 1111 2382 1894 1741 742 1464 1117 2610 771 1625 505 2250 1466 271 1991 81 2764 849 1873 925 1885 1172 950 1942 1332 1731 391 649 85 1896 2557 2825 817 2034 772
2781 1568 2715 758 2232 326 580 159 389 2465 2505 1022 1378 936 1303 1048 1039 840 31 89 1831 1822 1692 786 61 452 363 402 2687 1918 2256 478 1465 356 2794 2467 296 2244 1097 225 2634 408 49 2062 1282 1293 1262 1706 1787 2398 2690 782 1503 799 504 464 207 108 139 1018 471 805 1021 1506 780 1755 1438 138 2709 1612 52 192 2025 2396 643 2632 1655 2611 1140 1143 1662 838 1756 1317 346 2821 1118 2669 1730 467 1921 1395 241 2407 418 753 245 2061 209 1781
2141 2678 1083 2263 1702 2152 949 732 2502 96 1525 2807 2623 620 2643 181 940 45 621 1632 1856 2522 1536 1280 2572 1263 1221 106 1605 1927 894 1318 582 2554 2048 1288 183 55 546 2555 2245 198 1251 2401 1004 6 905 728 850 2056 1364 2720 946 2086 171 1423 1066 1641 1064 2841 2153 2761 2737 2612 1222 397 1103 2718 1155 2410 636 1726 560 2154 2514 1420 285 1225 2214 2374 816 2176 1750 1957 272 1322 1219 1768 1797 15 2355 2641 409 2627 1954 278 1666 2463 831 1504
868 555 554 142 2029 1888 1890 289 1492 802 1033 2743 2078 429 332 176 1393 340 866 1053 2451 1562 733 878 417 2668 21 361 1398 681 199 979 1699 2786 2227 1431 2333 62 2384 1686 1418 886 597 36 2108 1065 1132 680 302 2117 1588 1430 569 571 1256 1553 78 1268 1910 893 536 432 500 1038 988 121 2224 193 2421 292 1668 1754 1478 1499 2602 2566 213 707 2423 427 1945 967 119 80 1804 2320 743 1849 640 1296 1236 184 1529 2408 424 2533 1041 2024 1265 1272
204 1944 1212 2741 2135 137 899 1606 116 2842 1463 1935 1055 2766 97 2558 2041 2305 2825 2294 1134 246 2068 1067 2728 1547 2511 447 1056 722 2665 79 165 2813 1223 2248 2435 2736 1874 350 725 2382 1464 2207 2367 1937 1892 494 2039 1677 686 2057 1130 677 2037 1771 2506 2389 1545 59 2286 948 85 657 1076 1752 1407 817 271 1126 2393 950 864 2719 1899 388 994 550 2625 274 608 2649 2292 746 2528 2440 1408 1737 2300 2319 2411 2413 2756 626 526 892 1777 305 804 1644
1984 2472 184 1312 1478 218 80 1149 2638 1296 119 29 2320 2021 286 2533 2224 2172 2615 1383 2673 739 1265 1231 754 2756 500 1886 1945 1722 1448 424 2744 19 2354 232 520 743 1236 757 707 1430 1728 1533 1804 1057 1110 1040 2830 1597 1849 1160 1269 1733 1634 2267 1499 2695 1379 1243 1573 658 905 2560 1412 1206 2296 589 435 766 1020 1553 365 1891 727 1865 610 1523 1311 2410 1581 1567 967 593 678 1968 2566 1719 1401 2117 1867 605 713 1342 2483 792 823 540 691 322
757 1533 1728 2320 29 2533 754 2756 1149 1231 286 2021 2172 2673 135 2260 967 558 213 1804 218 1719 2295 91 2408 2235 2413 792 2472 1296 707 2296 1478 2638 2024 2224 424 739 184 1689 1383 80 119 499 1996 1945 232 1448 480 348 2561 1265 1091 777 2300 1926 24 1737 983 426 2229 1753 2769 2389 328 1984 1752 498 817 925 473 26 704 672 520 2088 4 2077 1551 19 2333 865 429 260 2772 2421 698 2649 857 1369 1562 2546 2477 2001 950 1849 802 613 2367 2566
658 727 485 1175 589 1951 1306 1312 1213 2113 2054 2066 304 2178 1798 646 1394 1801 2656 962 1361 2787 545 676 1334 1389 2277 2497 75 2022 853 293 198 1257 2149 2000 395 272 1304 2546 1427 60 2072 1222 1957 1786 2214 940 560 1230 479 1971 2161 1483 1451 2249 2540 384 1420 1288 761 1834 2494 714 374 831 2700 1683 1106 15 783 834 1207 2107 1166 2542 2737 1886 2179 898 1333 1703 376 2437 1115 905 308 2579 1559 2644 2325 614 2521 310 1835 426 1738 409 474 738
2554 419 894 2153 1927 189 1032 96 2060 1632 2313 106 1858 1560 1844 468 229 1425 506 1288 1286 1703 1363 1015 941 959 183 2502 2118 122 2152 565 333 620 621 1987 744 171 84 2261 1304 1995 396 815 2216 1605 2760 2249 2497 1283 732 481 1456 2194 973 2030 1108 661 2608 198 2450 922 75 2469 2705 1227 236 1084 181 761 1260 1880 37 1251 60 2126 2182 807 1736 2498 731 459 1284 2567 980 1188 1865 387 2720 905 1371 2645 1098 476 2831 2688 1420 308 755 1638
503 772 711 633 1680 1746 1852 2250 2322 1704 1774 238 28 2681 1827 1563 2181 505 1741 587 972 523 2119 2193 152 2592 2099 2479 2527 354 734 175 2283 847 2716 1896 1339 1111 2674 1332 2742 2500 602 458 313 1532 2552 2052 849 120 2557 2237 2819 2191 740 1376 2365 330 81 2689 533 162 261 771 1708 2370 2343 2534 705 92 1473 2228 1873 1010 2144 2177 1164 699 1109 963 671 235 2799 2749 316 1862 367 1182 504 1991 696 532 2789 2814 1823 507 2597 2610 1876 1117
2755 1584 2023 2045 258 770 747 1320 2545 1499 1681 2245 1423 2463 487 1954 1066 2720 2410 2362 1322 351 1645 1796 1225 905 850 1835 365 1882 919 1285 2627 337 2154 278 2762 1504 579 2514 1800 2085 1226 1479 1206 2613 446 459 1241 1582 713 1412 973 477 397 1047 2107 1641 1902 308 1654 2167 55 322 2176 1138 1548 2512 1711 288 1573 222 2577 2600 1638 661 1880 2560 2086 1484 1222 111 1510 1642 1911 1006 1485 1968 1707 1608 1750 985 1450 2599 624 728 2034 208 823 2098
1264 912 1652 41 2231 2524 2208 2104 273 2692 1242 2205 716 1988 345 2530 996 237 2675 527 591 651 1181 1491 616 918 1564 2131 124 708 1587 1812 700 1373 1837 1355 2771 1618 641 1807 888 1803 262 1615 1215 961 1295 1167 1349 1497 2385 2158 2581 2801 1967 1978 2820 776 390 2543 492 991 779 1172 756 314 1635 1340 605 1050 2753 1516 2206 471 186 1327 2198 1863 2212 1037 1438 2460 2343 2340 1404 1715 1811 2670 2800 1983 880 2635 349 833 2184 143 1124 2738 1540 721
1790 1933 1436 2071 2218 222 2512 1504 1305 1638 850 2394 2362 836 2645 2156 935 2096 2355 1098 1709 1321 981 2691 2432 897 1911 2750 99 1682 1736 144 2593 1479 2450 396 755 477 2201 1806 1267 2342 1052 208 2587 1044 2074 2167 73 2446 459 2642 1510 1717 2163 2655 453 2537 1023 595 399 599 1006 278 2762 461 1085 1711 2452 1976 922 612 1047 816 1225 1628 1954 401 320 1150 2410 322 1423 2263 2147 2214 1145 621 1066 1763 823 1845 831 1222 1090 2420 1599 1968 586 141
2433 2713 1860 1490 201 2309 2034 2376 1453 2545 1901 2272 348 1796 1569 925 26 1369 305 100 562 715 2721 480 1870 48 64 2454 2769 2650 155 2649 2714 439 260 51 2538 663 2826 550 1640 2556 179 1316 563 168 1496 1878 231 1051 659 1123 486 2813 978 2088 2817 784 2389 1148 1721 1486 59 2337 1874 2815 1545 817 712 559 2419 1934 626 2606 1737 1636 1658 1876 1819 2382 2248 1701 1437 1937 1319 2501 197 2528 1464 2438 910 2367 518 463 1417 2652 1782 259 1428 860
6 1221 285 582 546 1083 1702 2643 732 759 181 620 1697 1260 1797 1882 807 1570 2807 298 1153 922 1318 1541 2816 1456 1188 1891 2666 2043 1723 475 2346 2171 636 1284 2476 1536 459 353 776 1763 973 144 281 2593 2268 2810 208 661 278 650 595 206 2098 2194 1916 2762 37 1160 495 2167 2355 1603 1285 1902 2747 241 343 1717 747 1711 2636 850 2627 351 379 2261 1582 2142 1090 1225 2587 2632 1145 1865 420 172 2564 579 2007 2012 1761 2655 113 1678 1380 1047 1848 1437
1481 2429 534 806 418 780 52 207 2244 1465 1662 225 786 2470 1438 471 363 2059 53 402 61 726 478 1918 999 1278 1101 1021 346 2690 2821 936 2025 331 192 484 1780 2505 2465 2467 1787 356 296 1124 290 2557 452 2669 1475 2053 1008 974 2396 220 2687 1692 1282 408 49 1831 1048 2794 799 655 1524 268 2301 1097 430 1755 805 1022 1855 758 389 2075 1303 1503 2806 1140 1378 1822 2236 2698 1568 2407 1317 1756 2343 1293 643 840 1921 2632 1011 1395 2611 782 139 1037
96 894 2554 1927 419 1632 2153 106 1995 1288 1703 2152 621 2841 2502 941 2401 1363 2313 189 171 183 1032 949 1251 1364 2612 1605 198 2060 75 84 2216 2497 2760 2522 1304 1139 506 45 2056 2567 1880 2705 1064 2831 2182 1171 148 1286 1844 2030 940 1525 620 420 1397 732 2737 60 1004 2555 205 761 1283 1749 2249 1425 1891 181 2048 2608 2768 1108 2141 376 1483 1865 922 22 1953 236 1685 1727 468 850 1768 1702 1214 2263 1222 1280 1343 594 2022 1371 2623 2761 1858 2112
1371 1525 2263 2623 327 1280 214 2152 2572 106 2841 1661 1632 96 2502 629 1927 924 183 1605 2678 1113 1139 189 894 2554 2153 1953 117 1032 1084 2060 834 1727 2348 419 941 621 2760 2555 1288 2182 198 2030 2497 2058 1251 940 171 2608 1749 236 2737 75 1703 38 761 1738 84 1363 1064 2677 1343 2726 2216 2141 1184 2214 1004 1364 2522 384 479 1263 2567 2768 1171 2056 2245 420 45 1304 272 1957 15 850 1144 831 1641 949 1420 1602 1865 2249 1198 1267 1222 2074 2109 1397
2210 640 13 2520 2671 1272 828 1754 2421 377 1949 2578 2083 1038 1041 1337 865 1910 1668 2602 1374 1329 672 2038 2335 2108 2839 2227 2570 2828 1764 1399 933 323 2786 2120 1256 979 176 2795 340 964 1249 2032 2668 2031 1562 2217 1189 1070 1952 56 536 698 427 2078 1430 1793 2117 1533 1890 2224 1553 2384 432 142 1393 370 901 2047 2077 2415 1431 1753 2179 2743 1602 1033 2533 1537 1492 1786 1785 690 2221 1257 1125 2451 932 2808 2521 2579 554 29 2000 707 1659 1588 289 1738
848 2624 702 1830 1845 2471 126 931 2601 1114 1908 1767 2276 578 103 990 297 1608 688 502 1235 1323 835 1107 284 1340 1413 250 1720 768 1821 1186 2314 1975 684 1391 1310 903 2388 1254 65 522 1512 2762 278 1711 1423 850 1902 1225 1954 144 1504 1066 208 728 55 222 351 1322 2176 2355 1674 15 2815 379 1817 1666 1027 2400 2463 2154 2378 1582 1436 2036 1150 1683 1484 2325 136 2475 2645 1835 2410 995 2152 731 1222 1933 1267 854 2599 1206 2636 1160 1717 397 2512 2641
989 341 2040 737 803 1900 215 364 436 101 2381 251 1683 2540 1427 2644 1230 529 374 545 1353 572 1883 395 2546 1389 581 1115 1394 2277 2759 2579 1898 766 2114 304 1801 962 293 1971 2178 2784 1300 1798 2113 1213 2323 2066 328 2238 1361 1093 1106 240 2504 1559 2787 1257 1451 1786 407 589 1951 658 789 1306 1334 727 926 1137 2495 2288 2054 39 1175 483 564 614 646 485 1180 1357 1818 1231 2000 76 2761 1768 1288 941 1283 75 2497 198 816 714 2048 2726 761 2756
629 1113 443 1006 586 1082 1308 37 2677 1090 1763 1198 922 459 281 2268 84 2761 1283 2261 270 325 2535 941 2449 1768 882 745 1502 594 275 1108 2503 1474 2494 123 823 2720 117 1456 2126 2469 1073 731 122 60 285 2203 546 1221 909 2688 1184 2194 1284 1949 989 387 2150 1979 2101 2132 814 1232 8 436 1462 732 335 1591 1153 1671 334 396 820 1363 2482 676 2179 1160 614 796 1844 1450 1703 2377 1206 115 620 2167 6 986 1180 2043 258 694 2281 662 1241 2048
1697 2643 759 1260 181 1702 620 732 807 6 285 1570 1221 546 1797 582 1188 298 1083 411 922 1456 1284 1882 1285 973 1541 2043 122 1153 2807 2816 2118 980 2171 37 1318 2268 1884 2476 1763 636 475 820 459 1603 2167 1891 2810 2425 2666 1090 2791 1723 1082 468 2346 661 1916 1308 1911 1015 1536 454 1610 2194 594 448 1858 1380 281 586 443 2593 1227 796 669 2168 1006 1322 850 624 258 956 2261 1084 1736 477 339 829 2691 1638 488 650 2761 1806 2463 747 2762 334
2548 2662 1375 342 1925 2371 1982 1619 2460 667 879 2455 2269 299 1392 2189 2092 2833 1814 280 2186 2139 1580 1861 57 557 2363 2198 1034 2727 1 158 2206 264 1276 226 880 1665 1086 1520 2844 793 1338 797 317 2418 1792 1117 872 857 570 1730 2811 2059 154 307 523 428 2806 484 1292 1022 842 2610 1675 2285 1896 261 2330 2461 805 31 505 798 2484 689 2687 478 1589 331 2396 175 68 2429 734 1275 2273 1827 1575 891 534 1563 349 52 352 1756 296 1787 294 346
967 558 1091 1996 777 135 2295 2413 230 213 707 2408 1448 1804 1728 540 499 2615 2235 91 1818 1719 926 564 2281 2533 2785 1533 1945 2320 792 1265 1689 2638 754 1149 2441 2224 2756 1914 2024 2827 983 407 29 1849 2242 1561 520 232 2566 184 739 1296 2354 757 2745 1269 1478 119 1856 1535 1383 1867 424 1093 2111 2190 2296 24 1231 1593 1785 1722 2172 286 2021 2472 310 2288 291 76 766 328 617 80 2673 1180 634 1753 2077 1743 1668 1597 332 2202 832 2260 1431 165
2250 238 28 1563 505 2552 523 2716 2181 1827 587 2119 849 972 2527 2500 2365 175 2689 1532 1896 2283 2819 81 705 2681 2370 2479 2534 1704 1741 734 152 633 313 503 354 1852 847 772 2191 2099 1680 458 711 2193 2592 2322 2674 1339 602 1111 1332 2052 92 1376 1746 2557 120 2177 2237 330 740 1873 771 504 1708 1010 1876 2144 1473 1774 671 2742 261 533 2774 1862 1302 2812 507 1117 162 532 1917 1974 2028 2789 68 1912 999 1706 478 2821 2764 216 726 1461 331 464
767 1938 889 1443 1747 2686 1833 2510 431 2496 277 2818 951 1035 70 369 2015 1834 1252 1839 2702 2685 2315 1460 1980 2561 2622 1390 2532 1557 211 1989 2747 2098 990 58 1565 1204 2582 1582 923 1579 1645 1842 433 1711 1404 1100 723 1352 1817 1584 2599 136 2820 2453 1047 247 206 1138 1800 764 1778 2613 1290 398 2316 2147 1518 2803 708 1128 311 2142 2636 2482 1788 2443 495 604 1048 903 1700 1640 1368 2650 1981 2349 343 2757 266 2718 1240 265 938 2008 543 9 1008 2488
2374 493 133 1034 2672 1575 548 797 746 1664 294 1724 1276 1358 1196 2184 2174 2229 2327 1234 2461 1758 1457 976 756 570 2590 210 2004 1765 57 263 2418 366 1859 801 859 1861 228 2186 1792 1930 2125 1375 1279 1580 689 1392 280 2330 1877 857 2659 1776 793 1887 885 2739 2039 588 2356 2332 2456 1229 704 2321 656 1043 1665 1072 583 1542 2838 421 1350 1551 1191 2548 2694 706 1086 2206 150 1030 242 77 2123 880 2662 1345 1193 1497 2581 438 158 720 1947 2187 1081 514
629 2677 1949 1113 1308 1006 586 443 1082 1763 37 1090 1198 84 1661 941 2494 281 851 713 2152 1605 640 325 745 270 922 1957 1420 384 272 1474 831 2535 1891 1222 1272 2502 985 40 13 1397 2000 420 2214 2503 560 479 2261 592 1336 2678 2210 1834 850 2421 2571 285 997 738 2109 2624 1835 1342 940 1960 1160 594 1263 1371 2507 278 2030 1674 896 409 1283 609 1074 1252 1066 2154 614 951 2400 1954 1723 1669 2762 2768 2015 731 496 2671 2275 2410 1225 275 2176 6
383 1506 2070 1141 1356 654 455 252 1248 525 1435 2311 625 2137 679 1140 1505 1598 1262 113 216 858 2232 2565 245 838 139 209 822 1124 1568 1037 2173 2280 2053 1282 2794 408 2164 2669 49 239 1781 1168 1299 2025 192 1216 2396 61 27 2091 1662 1787 356 207 495 2470 131 1011 1127 2316 344 225 296 1021 2017 418 241 1822 780 402 1635 363 2244 1875 643 1967 806 390 2611 1438 1481 1475 471 936 1918 1465 799 331 464 2693 786 1395 1143 2429 1706 1018 2632 782
676 1116 2180 1224 47 1714 683 1713 1838 1178 2422 2317 34 2523 2129 1990 2437 2700 761 2249 60 1672 1304 44 576 1836 16 2495 1447 2555 2114 1346 1180 2288 1183 1476 834 2202 1483 376 39 1749 577 1357 1469 2497 198 2281 230 75 2058 832 1727 1914 924 95 1106 1786 1257 76 2695 926 564 1057 1995 88 1044 1856 905 2190 1482 1523 1678 2745 2080 2512 1288 830 441 1363 115 1535 1773 2785 435 953 1865 2245 1277 2318 2463 850 2718 1251 1113 2096 1098 621 459 2156
1524 2749 203 471 1438 402 1662 806 478 363 2429 534 2059 1101 786 1918 1124 1481 331 999 52 2244 1278 726 780 418 2470 936 53 207 1465 1008 2053 154 225 1021 2505 2465 1629 914 1493 190 2687 1534 1667 2557 1351 1780 2209 35 290 655 452 1475 1157 812 1140 484 2824 430 2165 862 719 1855 1577 2284 1503 1037 2008 615 61 2462 758 220 2075 2146 974 604 2018 2467 1915 2301 2806 389 764 664 1289 2801 1011 2236 1118 2407 1472 2551 346 1022 268 883 2690 2821
1933 1790 981 1436 222 2394 2218 2512 2071 1504 2362 850 1911 1638 1305 2355 477 437 760 1872 1599 2691 2074 380 595 208 2645 2587 2163 1976 2593 1510 73 1233 399 461 453 836 2432 1479 1628 823 99 2167 1717 401 897 1682 1709 144 1267 935 1321 2655 2156 1145 2096 2420 1098 459 278 2268 1200 755 2750 1711 2762 396 2161 2098 2147 1582 1044 1806 612 995 105 1817 2514 2318 1736 141 2378 1023 1380 1902 1160 1090 2201 113 2599 1322 136 2342 731 1423 2450 922 1047 488
730 338 1466 1732 2516 2275 1678 830 1073 603 1526 1450 1147 1620 1131 1120 811 2518 1079 863 1969 1511 1794 339 112 709 1707 186 1442 749 1243 410 1005 365 2102 1325 937 1646 406 1516 2730 1783 393 2788 2746 2145 2290 2151 593 1385 773 678 1779 1379 544 1244 2549 1573 248 2005 2417 2136 1670 2364 435 1007 1110 673 1462 2763 605 1966 519 1040 1311 2251 610 1968 2830 1581 2560 434 742 1020 1133 881 1992 1309 336 257 1455 717 1424 1731 2697 1454 1498 94 253 2219
2510 431 70 1035 1839 2818 951 1834 2561 767 2015 1252 2478 1125 277 2777 889 1747 2772 1753 2686 2077 1938 1443 2496 1833 369 2622 1584 1788 2045 433 2650 1287 1390 1565 1842 2757 719 2008 2803 478 2228 764 2062 1557 2289 2765 200 2391 2316 1048 2334 389 758 2453 643 1481 2429 1021 769 2465 2505 2462 534 1378 1822 2482 2023 2611 2467 402 418 52 1097 2018 1220 2244 1011 1022 945 812 848 2690 2146 2820 446 1037 1124 1701 346 1920 559 2017 653 806 2674 89 1293 1303
1656 2790 1190 1102 2817 2501 1934 2044 1624 188 2411 817 2528 85 1926 1644 1407 221 987 635 2832 312 943 2034 1405 556 1386 547 611 2300 1319 2545 2082 2270 2631 1796 518 2389 59 626 1545 134 2370 1381 1752 1302 1111 2322 659 1774 1240 2789 1339 2681 1827 1974 587 2119 978 261 2610 1569 2714 1146 1737 602 271 1010 348 1461 1332 2597 2367 68 2592 2439 633 1164 81 1658 1746 2527 2556 771 2689 711 2193 2812 972 4 1873 1840 1117 1721 559 367 2365 772 2419 663
1583 2792 2252 1579 998 945 841 9 1769 1179 919 1354 2328 2491 1651 1977 118 1791 1578 2682 1920 567 952 517 1970 2711 1470 639 1063 2065 778 1989 227 382 2647 1531 2778 748 1854 928 2042 1585 887 2729 916 196 1770 2723 819 1667 422 982 114 2361 1657 2740 2575 808 764 2008 719 241 1647 1822 2632 1046 840 930 643 456 2821 1289 1048 2142 1972 207 2200 2062 1097 2316 786 136 1700 1143 978 2402 2557 1437 721 2634 900 1293 2343 61 1465 346 2225 559 2611 225
2185 143 1129 2584 1411 2298 1694 1440 795 1684 2616 2363 386 1630 2529 787 1360 2271 1294 665 1446 638 30 1112 2468 2481 718 958 1445 810 1258 1514 2460 557 1270 2749 1509 71 2246 1215 154 1925 879 2059 1619 1648 2053 1037 2406 1124 2774 1475 331 1730 1187 2285 1756 484 1831 2806 553 1961 2693 68 2236 1755 999 389 1378 1655 1912 1993 2250 1635 758 1974 1022 108 655 1568 2789 726 805 478 1563 534 1317 267 806 633 28 390 356 1274 2429 2687 1127 216 1395 2764
99 1145 2747 2098 1023 2055 2636 1047 141 2009 612 1160 72 172 1688 694 401 595 2722 1089 2577 1784 208 1404 164 453 1241 2274 1155 1100 156 1808 731 174 1415 2587 2775 1682 1510 1717 2126 460 1976 823 461 477 2655 1826 1201 144 399 2163 1436 1504 320 1628 2469 1479 2218 2355 73 1119 222 1582 241 1179 816 2632 1822 1933 643 495 2611 1902 1048 2593 1282 2594 1579 2599 455 2491 1700 2328 1977 1503 1097 478 363 2017 1438 471 2012 2062 1662 936 786 1140 207 290
1882 956 909 396 1638 1736 2468 971 644 755 2450 1806 387 2188 2688 1790 2476 1321 2432 2498 1098 2645 2691 1709 2442 2342 1933 2071 836 1911 2720 2156 1436 2218 1153 1504 850 2201 2823 2362 2562 2096 2593 2512 2627 43 99 1802 281 2750 222 1305 459 1697 935 595 2355 1560 1267 1596 115 546 1025 582 669 2263 208 1761 144 1479 2194 2167 2587 814 829 1083 1797 2431 38 1995 1835 2268 2197 661 2147 1425 1221 453 1108 1260 636 2425 1288 2216 448 1363 401 2313 1052 1032
2141 150 2678 1083 2374 241 113 495 582 2142 1503 2634 144 546 1221 840 758 389 2398 11 89 753 1039 2110 2632 285 108 6 456 1778 2611 2263 1726 105 464 2807 643 732 1813 181 1702 1281 452 1365 1697 324 129 1280 1932 125 1797 138 1062 1882 1912 2062 1923 1730 298 1318 1220 1097 1536 1505 1612 1048 1706 822 782 1570 628 1293 1018 1822 2643 501 1260 1026 858 807 2565 455 1506 2316 1435 2623 788 1692 131 1143 1875 2505 2465 1262 2476 1655 636 216 1598 2209
751 2504 1940 1825 1841 725 2238 766 328 165 362 404 1986 2207 2258 2579 407 1130 2759 789 1195 1609 1594 483 1057 2506 1869 2242 1449 2558 378 240 2728 1996 1898 2733 1115 1357 187 2653 1093 777 2785 2546 230 371 462 1389 321 1713 1971 442 1091 1786 1116 1905 1169 1561 1126 1914 2684 2495 1224 2294 581 1714 1257 898 2523 2784 2020 1856 1300 2422 818 249 2281 374 2224 2190 1590 1012 1517 564 1754 1962 1055 1075 119 93 2745 1842 590 2489 2211 465 34 32 2114 87
2242 617 1561 540 783 2785 949 1093 407 2542 1856 1593 2441 1914 2827 499 2745 2202 832 2190 310 1535 465 1996 940 1773 291 2737 1346 2111 983 1161 1343 1091 777 1847 88 1631 853 1785 1176 1103 2112 1513 1004 1836 1713 1795 766 1224 576 1898 1434 1727 1476 1298 1228 184 1116 76 2523 198 1166 2656 1714 596 1685 95 2422 182 2224 2129 230 2000 474 695 1197 2555 176 2179 1257 2238 1749 1033 581 2409 2521 2227 1590 2114 520 979 93 1693 1786 328 1738 676 895 1529
945 1579 841 9 2792 1583 1179 1769 1920 2491 2328 639 1578 1354 2647 998 919 952 2682 1977 2252 1791 1770 1989 1470 118 567 1651 1585 1063 1531 887 748 517 2711 819 1970 227 778 2778 196 1667 382 422 916 2723 2042 1854 2575 2729 2361 928 2740 2065 114 999 2557 353 478 1302 1438 1864 471 2061 1819 108 1465 225 1140 936 331 207 356 61 2821 1921 1730 719 2505 2465 1647 840 2687 2244 1143 1317 764 1912 1974 216 533 2008 2467 389 1972 1282 418 2062 838 780
945 1579 841 9 2792 1583 1769 1179 1920 2491 2328 1354 639 919 1578 998 2252 952 2682 2647 1977 1791 1989 118 567 1770 1470 1651 1063 1585 517 748 1531 2711 1970 227 887 778 2778 382 819 196 1667 422 916 2729 1854 2723 2042 2361 928 2740 2575 114 2065 719 1647 478 2008 1921 2062 2821 764 1972 108 1282 721 1465 1302 2402 1438 2334 61 2061 241 1317 999 643 936 2557 346 2467 207 2794 840 1395 1822 225 464 356 786 471 1912 1472 1918 331 2505 2465 1706 533
617 2242 1561 540 1593 783 465 2785 2542 499 832 1535 291 2441 1914 1856 2827 1346 407 2745 310 949 2202 1197 853 940 1836 1631 1343 2112 1785 1161 1996 2737 751 1004 2190 1773 1093 1166 184 1103 1091 1847 88 1434 1228 2656 2409 1513 2072 2521 777 1786 76 983 1298 426 1689 2111 634 510 1685 176 1597 1257 1727 2224 1795 1738 182 1176 198 979 2143 614 24 2227 1713 2430 576 93 2179 1590 1057 2786 340 2024 1430 1928 1431 898 1602 1714 596 2129 1207 954 230 834
2210 1272 640 13 2520 2671 2421 1949 1754 828 377 1041 2578 2083 1038 1236 2267 2380 1430 1886 1553 1057 1256 500 370 1189 743 1836 1668 1910 272 1957 479 2117 2214 2656 940 831 2497 1337 384 1222 1263 198 2047 560 1685 75 905 1420 2542 15 119 1641 1004 1399 672 1835 985 1364 946 322 2602 2469 738 2000 2031 1423 2032 1750 2149 1125 2828 1251 2423 176 1342 474 2154 783 680 896 933 2120 850 834 376 182 292 45 1483 2126 73 621 571 1891 2016 2522 1219 2058
2767 2836 1993 1617 1045 1782 1422 2840 2130 1663 1328 1444 2837 169 712 197 1437 900 1679 445 1623 1054 1486 1208 2050 559 134 947 1381 2241 463 1253 645 2419 2707 1649 2011 1983 1552 1261 1658 2826 1307 2544 260 1468 2439 440 735 179 2076 674 1878 1544 659 1860 1840 1218 1710 1489 2628 2312 563 904 1775 906 965 2652 259 2287 978 2397 2714 2713 2088 1046 2082 489 2515 319 194 1051 2270 1123 1417 2133 1148 860 1428 1701 51 2012 2084 1788 2606 1532 480 2769 231 992
399 1510 823 2587 208 595 1628 73 453 1717 2163 2655 2469 401 731 2126 1160 2074 461 437 1599 1976 99 380 981 2098 1145 1233 1023 477 2055 141 760 612 1047 2747 1911 1872 694 2636 2009 72 172 222 1504 747 2722 2362 850 2512 2355 2642 1436 2691 2218 2577 460 156 1682 144 1784 1676 1267 2593 2775 1790 1241 1688 174 164 2167 816 2463 1322 1933 1638 905 2762 1225 278 2645 15 1954 351 459 2514 2154 1423 1222 1066 1206 946 1155 1479 2245 320 2410 1263 1085 1415
2816 2043 2171 807 2810 2666 1891 1723 650 759 411 1697 2346 475 1260 1188 1916 181 620 2643 1797 732 1702 820 6 546 922 582 1221 285 1456 1541 1284 1603 1083 1153 1882 298 2502 1605 2476 1570 1763 122 2425 459 334 1911 750 1145 2167 973 2268 37 1761 1318 1090 1082 956 1865 2807 1436 1006 1322 1504 1308 399 1768 1638 1206 636 2593 595 2691 1510 2762 73 1023 1285 2463 2048 372 2512 2761 322 2152 222 1858 2009 281 2587 2355 2688 1160 477 661 208 468 2168 1688
2437 1672 44 2317 16 2700 1990 1836 1447 2249 1469 1178 1483 376 1749 761 1304 60 47 1727 2555 834 676 2058 1838 198 1714 2497 75 2180 1183 1224 1713 1116 576 832 940 1004 1277 1535 2523 683 2202 291 1103 34 1288 1476 2737 1363 2422 1057 1703 2542 2745 2216 1914 2112 95 1343 88 1685 783 621 949 905 183 1251 2469 171 954 1865 1750 1641 2245 1263 2656 1346 2129 2785 2126 474 1712 1856 731 1222 946 1999 1995 2760 1364 2655 106 1283 1760 2313 1434 596 2182 2190
197 463 134 2840 659 2836 1993 1422 1386 547 1253 611 2082 1319 2270 556 1552 1658 900 712 1045 2241 1437 1486 559 2439 433 1405 2419 1381 188 2375 1544 1782 1617 1840 2767 1983 943 221 635 2544 2397 2628 260 1417 2826 1489 2574 518 2130 445 1701 194 1468 1788 85 987 2652 1710 978 2084 480 860 563 1878 2631 312 348 2832 1051 925 1102 1339 2610 1545 1369 2557 674 970 1307 489 1118 2424 1302 1827 2724 2012 2367 2821 1172 1046 2515 1831 524 2061 550 1741 2389 587
2045 2023 1584 2755 770 2545 258 611 1319 550 188 2460 1926 557 2397 1102 659 1101 817 1552 1577 1414 2790 2622 1796 2610 1942 1422 1656 85 197 547 2001 2034 2256 1600 1181 2093 1386 1604 1812 1339 1564 1240 2217 1408 556 186 1516 1046 463 709 2440 2075 2724 2358 908 2670 674 1151 2307 271 1146 747 2832 68 925 1855 1969 1650 152 2363 994 503 2814 2564 616 526 2144 507 134 715 943 2415 237 1517 553 1852 864 651 1493 2082 274 312 910 734 313 2561 1428 1896
262 2844 1539 2797 1373 2385 2771 2139 1807 641 888 741 1295 2833 2092 991 352 1814 2576 2269 2731 1863 667 299 2371 837 1549 1735 1925 1619 428 1589 2776 1982 2484 1122 1025 1009 551 1349 342 1815 891 264 226 2455 2473 267 90 2063 2619 1238 2175 2403 2189 17 1291 2431 2104 2524 2399 1571 879 1497 1159 2340 1081 2635 687 2226 1622 1520 2206 573 2460 1618 2811 234 2255 1540 1480 1059 2138 1816 1366 2412 1 1242 2717 2273 814 2486 127 2100 472 2703 1421 1509 846 1338
1970 2711 778 998 517 382 1854 1583 227 2792 2491 1470 2328 1179 2682 1578 2042 916 1977 1354 919 1651 2252 952 1769 2723 841 9 1579 1063 114 887 945 1791 748 118 567 2575 639 1531 819 2729 1657 1770 928 1920 1989 2065 982 196 2361 2225 2647 2778 1585 1667 763 808 422 2310 719 2284 764 2018 1822 776 207 643 2008 478 456 1625 2632 241 1289 61 346 2821 1048 840 2062 2740 1647 192 1972 914 2467 2557 1493 225 2146 1787 786 936 418 812 1923 999 721 2316
1895 433 2375 769 2289 1788 197 161 950 547 2367 2650 1314 1386 1752 1955 2482 28 556 526 2389 633 1473 2250 1302 994 238 734 864 1332 2370 85 2702 2592 2557 2119 1339 587 1827 1117 523 1563 2556 1010 2774 2821 68 2689 261 12 2082 2283 602 2270 772 1942 1532 2597 1852 1725 368 2812 2322 2265 1109 188 505 2770 125 1896 849 2052 2059 788 503 2193 1319 872 2181 2499 59 152 1461 2685 1417 2764 216 1746 1741 2241 1912 2681 608 4 1755 1708 2789 972 2144 1022
346 2821 2690 2467 1692 1048 2505 2465 1097 138 52 1612 2611 2632 643 936 782 1018 1022 402 758 1293 1822 840 389 1378 363 478 1008 464 2398 471 2062 1438 786 2634 2407 1481 418 1143 1220 452 1918 89 1706 628 1039 108 1465 2781 2687 753 2429 1506 534 780 806 1662 2715 2244 207 326 1831 2301 241 2631 1730 1503 580 159 331 467 1655 225 2256 1118 1140 1303 125 2142 1568 2470 655 61 1929 1026 1789 1912 664 2228 927 430 1124 999 788 11 2059 1275 2806 1281
67 1810 627 1012 202 1406 249 2583 2509 1075 1001 2121 2350 633 2250 1473 1721 1680 2322 711 1109 503 316 550 2119 2367 1752 2592 271 968 1876 238 2181 1055 2809 1408 85 68 261 2766 2306 1543 587 1117 1942 963 2144 925 526 2764 1386 2774 1827 1852 972 817 2440 547 507 518 2283 1164 2610 1202 1407 556 553 1974 987 602 671 152 2689 1624 505 1746 864 2770 950 734 162 175 611 2237 1606 2832 1111 2742 1774 367 1332 994 188 312 1741 28 81 2681 59 2825
608 682 2438 1330 1117 274 2144 994 146 255 2813 494 2445 2708 2764 671 2435 2250 1874 1892 1185 526 2657 968 68 948 1592 1109 1677 2569 2809 1708 507 2367 553 1164 1899 1746 1868 1639 1777 1650 1433 2692 12 864 523 2770 2660 1407 2393 1937 1725 67 162 217 261 175 2037 2322 1771 491 2382 2499 2248 550 2552 2181 313 1464 2236 925 890 2338 1473 2814 140 1223 2286 2440 2526 2119 1974 137 1275 817 1774 1409 1606 2610 633 532 2649 1627 1721 508 2375 2561 2427 963
2277 1394 1801 2323 545 395 1230 962 1334 293 2644 572 529 1798 304 2113 2787 2178 1361 1683 1213 1306 727 658 589 2054 1951 2381 485 2066 737 1175 251 436 215 1353 1900 1883 646 1451 341 989 1427 364 2540 2040 1106 2000 2784 1312 1389 101 1559 1300 803 2288 2114 39 2546 1971 766 1115 581 926 564 1786 483 1257 1180 240 1093 2495 2281 1898 374 789 1357 1818 2238 1304 1593 60 2656 1288 2249 328 2149 1363 2579 1628 816 2469 44 1703 76 2497 177 1886 1131 2122
2433 2713 1860 201 1490 2376 2309 1453 1901 2272 2545 715 2034 1796 2721 562 1569 100 155 64 305 439 563 48 1316 2826 51 1640 260 1496 1878 2650 1123 2815 231 168 1148 1636 2556 486 1965 784 978 2337 1437 1486 1051 1874 559 659 900 950 1046 1819 2639 194 2557 2012 1864 259 647 2553 1468 2367 2389 59 326 162 963 1428 1307 2799 1118 1143 2334 1586 2652 2455 2088 1109 734 134 2358 1873 1937 1302 1532 497 1775 2840 159 2291 480 1840 2007 1164 1741 2438 1827 1752
2242 540 1561 617 783 1593 2785 2542 1856 407 2441 499 1914 465 2827 832 1093 949 1535 291 1346 2745 2202 310 940 2737 1343 1996 2112 1836 2190 2111 1103 853 1631 1004 88 1773 1161 1685 1091 1785 1197 983 777 1689 2656 1434 182 1847 1298 1166 1176 474 198 1898 1513 2224 184 149 397 1727 766 1144 2521 954 1713 426 634 2179 728 751 596 1228 979 1760 1597 2409 272 510 1738 2430 1476 1999 76 95 1602 376 1957 2024 1749 1590 520 1795 340 176 1263 93 2058 594
331 430 999 726 655 478 484 1472 1037 1475 2059 1124 1187 1118 2557 471 1438 1101 2301 1662 2236 883 2053 1140 1855 2075 1278 391 2806 2801 402 220 806 1862 936 2407 534 2429 2093 1273 53 1503 1303 2465 2505 1011 2698 363 1918 974 1008 1481 758 786 1524 389 418 780 2470 2687 203 1921 2244 2061 52 1395 1972 1647 2402 1465 207 1730 2256 1022 721 31 518 1 872 452 1506 225 1021 1780 1317 1756 1568 1961 290 1378 1216 1024 2822 2610 2467 553 1917 1708 1635 233
1349 1618 697 2226 2339 2340 1540 234 1572 961 969 2399 511 913 2635 2834 1242 2541 1520 1698 1095 1615 2223 2253 195 1807 1270 223 891 71 2175 1514 1409 1238 1824 551 1994 1291 267 1539 180 1295 307 2466 958 46 90 1 1509 2372 2717 352 668 2158 1059 2273 573 2524 2473 17 1071 2738 1571 2444 2709 718 349 537 2104 892 2771 1803 203 1025 1264 1373 798 2198 2338 342 685 2215 2396 2654 1494 1445 956 1524 262 166 2801 912 654 2727 534 649 2529 1216 525 49
204 1944 2558 1212 2135 137 2741 899 2766 2842 1935 1606 1055 1463 116 2825 2041 2305 97 2294 1134 1067 246 2728 1547 2068 2511 447 165 2736 2506 722 1130 79 2665 1056 725 2382 1126 1464 2248 1076 1223 2813 804 1874 2286 442 2258 329 350 686 1940 1986 362 677 2292 1937 2207 2435 2413 1369 1841 2393 817 2817 692 948 1407 1677 550 1926 2300 26 2333 135 146 1752 1901 925 1630 2090 967 790 1777 2366 698 2649 1624 1452 1453 85 1360 2295 988 121 2367 1639 1588 2057
629 1113 2677 1949 1006 1198 281 1763 1371 84 1090 941 1661 1308 2152 586 272 1082 1957 443 831 37 850 2214 1420 1222 851 2678 384 2154 560 2503 2494 713 1225 1835 1954 985 1834 479 2502 738 270 1263 15 1160 922 1423 409 1605 940 2624 351 896 2245 2720 1074 1336 2176 2572 40 592 278 1066 55 2263 2400 2636 1674 728 2126 2410 1666 731 997 1880 2604 327 1322 1150 2762 1288 2535 1711 1342 2009 1654 397 1283 308 322 2362 144 96 2463 1891 1669 2414 691 2522
757 1533 1728 135 558 213 2295 2413 967 2756 2533 2408 754 2320 29 1149 1231 2021 707 286 2172 2673 1448 1719 91 2260 1804 2235 499 2638 792 1296 1478 2296 218 2615 424 1265 1945 2472 1689 2024 1383 184 119 232 80 1849 480 739 348 1588 26 2566 2224 1996 1369 2300 925 1132 520 1926 1737 2649 2389 698 1091 2088 2333 1492 2421 24 2817 777 2454 188 1668 4 260 672 2602 1551 179 1268 1431 332 802 817 1374 983 1407 2561 85 2842 569 2090 1870 865 2714 2367
945 1579 841 9 2792 1583 1179 1769 2491 1920 2328 1578 639 2252 2682 1354 1977 919 952 2647 998 1651 1989 1791 1063 1470 1770 1585 567 1531 118 227 517 2711 748 1970 382 819 887 778 916 2778 1667 2729 2723 196 2042 422 928 1854 2575 114 2740 2361 2065 1302 1317 478 356 1921 999 61 331 2557 1647 1961 2061 2062 1282 296 207 1756 108 1972 2467 1438 719 1465 225 1822 936 721 2017 838 192 471 872 1395 1472 2794 2505 2465 1706 200 464 2821 216 2690 643 2402
892 2158 195 46 1409 2834 1994 1095 2253 1698 2340 1540 1615 2223 2372 2466 349 2215 2709 1009 2635 223 2338 1572 1349 913 1621 969 1618 2226 2541 2820 234 573 837 2648 1324 2486 2460 2455 600 537 2273 90 352 1421 1338 17 1520 1159 226 1815 1619 1824 127 472 1071 846 2363 403 2339 134 511 1622 1816 1128 961 2100 908 2013 1604 1264 58 2399 307 849 1 874 2610 212 317 1925 2595 2255 52 1291 2186 344 872 346 1993 963 507 879 159 2343 1347 1220 2138 891
2049 530 1290 1017 446 1518 1604 921 1301 1237 1981 451 2140 1058 2796 1567 2282 2064 2596 631 984 1879 2392 416 1909 1613 1978 607 2357 908 1119 1179 360 2093 227 778 639 2259 2491 382 2328 916 2723 1579 1578 1977 1000 1970 1853 241 1822 290 2682 1700 1808 662 1695 1404 2142 1739 487 1681 2274 2343 1582 1871 495 1145 1089 2634 2462 945 840 1493 1395 952 2636 2479 674 2252 721 1817 1800 9 653 854 196 2543 2664 35 2402 776 1437 2782 1902 1100 2792 643 998 914
1481 418 806 534 2429 780 207 2244 52 1465 225 786 1662 2470 363 1438 471 2059 61 402 53 1918 478 726 1278 999 1101 1021 936 2025 331 192 1780 356 296 2505 2465 1787 2690 346 2557 2821 484 1124 2467 290 2669 220 1282 799 974 49 408 452 1475 1755 2794 2053 805 2396 1303 1008 1524 2687 430 655 1831 758 389 1692 1568 1855 2075 268 1022 1048 1317 2301 1503 1756 1140 2343 139 1921 1822 2236 1395 1097 1378 2806 2698 245 1472 1011 2061 838 504 2232 1037 1118
2817 1624 1934 1644 2501 1656 2044 2528 1407 2411 2790 817 188 1102 1926 221 85 943 2300 312 611 635 1319 987 59 2832 1405 556 1545 2389 2082 1386 2270 547 2034 1190 626 1737 2367 1752 925 659 4 1146 950 1369 1799 1721 2545 1876 518 2556 1202 26 348 1796 480 2631 550 712 2454 271 892 633 2649 1827 2842 2322 826 2250 1010 2592 2397 81 2610 1974 1680 1942 2689 711 2283 2477 1630 28 2774 134 1360 587 2789 1302 2812 2248 2370 261 283 1339 1955 2813 505 2306
1482 2080 2383 575 441 2695 2754 1523 373 1691 845 584 1016 2395 2414 1177 2176 397 55 2641 728 1669 107 2550 1104 2604 1507 1450 830 1147 1678 1194 2518 2019 603 1620 1732 1120 2275 1646 863 1073 393 339 2136 1244 568 1462 2762 1225 278 1711 2525 2154 1160 351 2718 2245 1382 2752 2033 1954 2463 1950 1467 1322 917 905 2355 2514 541 2106 1902 2410 2733 1066 1702 379 187 1835 595 1919 1582 1423 1222 2804 2599 2009 2098 713 1150 850 612 902 691 2655 736 1410 1412 144
2034 1656 1190 2790 2817 1102 2545 1934 2501 2044 1796 188 817 221 85 2411 1624 2528 1926 1407 635 987 1644 155 1386 547 715 1405 1569 943 556 2631 2832 312 100 2082 2270 611 2241 518 2721 1319 2300 1302 51 2789 194 2774 2439 2365 1381 1840 259 2826 1658 2812 2821 2370 478 1873 2193 1974 1111 2465 2505 587 2119 670 936 1461 533 238 2592 2681 367 2527 563 758 602 2322 2557 1187 1048 1465 562 197 1332 1240 1912 1827 849 216 28 978 771 125 711 1022 1314 2538
2823 1258 2444 411 665 1270 2481 1446 2725 2246 1215 1112 1294 2464 1939 2298 2619 5 1684 1360 1630 844 752 1188 473 1059 1515 2517 400 795 638 2031 2740 2221 2124 2457 807 147 2014 750 1429 334 154 1766 759 2425 1889 820 30 2448 375 609 2468 2428 498 42 2120 2616 1797 1694 2404 2339 2169 2366 827 620 342 2539 2661 181 2629 2222 2595 163 810 1541 1265 1990 1129 2043 1426 1637 1326 1061 472 2338 2278 2351 2816 2426 2738 1571 757 2317 690 1995 1445 958 509 466
331 430 999 478 726 655 484 471 1438 1118 1472 1037 1124 2557 1187 2059 1475 1101 1662 2301 883 402 936 1140 2236 2053 1855 2806 2075 1278 806 391 2465 2505 2407 2801 1503 1862 220 534 2429 1303 363 2093 1273 1918 53 758 786 1011 389 1008 2698 1481 1524 2687 974 203 2256 1022 52 418 780 2244 2470 452 1465 1378 2467 1730 1921 207 2061 1506 1822 1395 1972 1568 1647 2402 1048 1692 225 31 1 840 1021 872 518 1143 721 1780 467 2727 2690 290 1756 1317 1917 1039
113 216 1356 239 1505 1435 2091 822 525 1248 2164 1781 625 679 2137 2311 858 2173 654 1598 2280 2070 209 2794 838 1141 752 245 252 27 139 2565 449 383 2232 1127 2669 2025 192 2693 422 495 49 344 1780 1282 2396 883 1787 61 408 1200 241 1555 225 131 2316 290 2765 144 1503 1843 1274 2634 653 2142 1299 1168 356 1924 1240 1506 207 105 296 799 1500 1875 33 1021 1941 2632 758 1024 455 840 2611 89 389 643 1039 1612 1011 138 268 11 1262 2017 456 2470
1830 702 2624 848 1845 2471 1114 931 126 2601 1767 1908 578 103 2276 688 835 297 990 1323 1235 1608 502 1107 768 1340 522 284 1413 250 1186 1720 1821 2314 1391 684 1254 65 1975 2388 1512 903 1334 1189 1310 2667 1986 2656 725 404 1940 1195 2324 1825 1594 1075 310 1557 1693 727 1175 319 2224 2047 370 962 426 165 2735 2149 1130 1685 2701 1538 1001 581 2323 1886 634 954 1609 1272 658 986 1689 2074 485 1683 673 853 1400 1298 2116 1166 589 850 2350 1798 2441 960
650 2666 2816 1723 1891 2171 2810 2043 2346 475 1916 807 1605 2502 2152 620 1139 1702 759 546 732 582 181 2643 820 420 1397 6 1953 1541 1221 1603 1083 1882 922 1697 285 1260 1865 2841 411 2762 2768 1225 1954 351 278 1066 2410 322 1322 2463 1188 2154 1423 1226 208 1902 15 1582 1412 850 2514 691 1153 1835 595 2587 1711 1222 1717 2098 1654 2355 905 2107 308 1150 2747 281 1206 2599 1456 373 2695 2655 1160 776 1797 488 1420 2593 949 459 2378 624 560 2362 1047 1510
2236 1475 1472 2093 2053 2059 1037 999 1124 726 1273 430 331 655 484 1140 391 1187 2557 478 883 1829 1118 2301 220 1662 1011 2801 1855 1278 314 2075 2806 1050 2698 1101 1303 1635 471 1438 390 1967 53 2407 2061 1780 1024 1921 1715 561 1647 2402 1503 1972 290 1395 1862 2429 806 534 872 799 1274 974 2693 2406 1127 31 1961 721 653 1648 2773 27 1008 553 936 402 1756 2361 1317 2822 2610 1629 701 1918 2505 2465 2687 203 363 1555 1524 1 233 518 1021 1730 758 1708
534 2429 806 1481 418 1662 780 2470 207 52 471 1438 2244 225 786 53 1465 363 2059 402 452 478 1278 726 1918 999 268 61 936 1101 1021 2505 2465 331 1124 1780 290 1524 484 2053 2687 758 389 2690 346 2467 2821 1503 1011 1475 1022 1692 2557 974 1378 1048 2025 2285 1008 2531 192 1831 467 840 430 356 296 1140 1787 655 2611 1855 2806 1097 1822 2632 2075 2301 643 2236 1303 2634 220 1039 782 2698 1612 138 108 1018 2398 89 1037 1118 2669 1293 799 2407 1706 753
2769 1417 860 1701 1489 1710 1788 2714 348 2375 480 2289 925 26 1870 2454 2538 1369 1895 769 433 2649 2482 550 179 161 663 2650 197 2001 2130 518 463 659 2840 712 1552 1569 1827 1658 2397 1437 2241 1045 2419 1617 715 1381 260 2544 100 559 1545 611 28 1319 2389 1486 1741 1339 587 1782 1302 59 1532 547 847 354 1386 1627 1422 2082 2826 2606 2557 963 2181 2610 1799 2270 2652 152 1253 849 2099 972 134 2283 1468 970 188 2821 900 734 316 524 2721 1046 2200 2836
216 1356 113 822 2173 2164 2280 1781 1505 2091 239 2070 838 525 1435 1248 209 654 1141 2794 858 245 139 27 625 2311 679 2137 2232 1598 449 2669 383 752 2025 192 1127 1555 252 1282 408 2396 61 49 2693 1787 2565 1924 225 1780 356 1168 1299 296 1240 799 344 422 207 1021 1274 653 504 883 290 2765 495 1200 314 1050 1635 1967 1506 390 1024 2017 2406 2244 2316 1843 1715 1465 2531 241 1472 780 131 1568 805 2634 1503 418 2470 2053 1755 1648 1395 1317 1921 2061
1161 1228 1847 2066 1513 1785 1773 1795 2129 1213 2113 2178 499 304 617 1300 1561 465 483 2784 545 1166 1197 1389 240 1115 2409 2542 614 1394 898 1928 1883 93 1593 1353 2242 714 2072 895 1427 1558 251 2546 853 1590 1971 374 1137 1207 1087 658 2540 727 1346 789 485 2381 2579 2759 1786 2785 1257 1951 76 1106 1175 803 589 751 1306 1361 1451 215 1312 2054 2430 2114 1093 1801 676 75 1683 2497 581 436 407 1798 2260 198 2787 2202 540 834 634 341 962 2656 1749 2022
59 312 2389 2832 1545 987 2270 1202 2082 556 1146 626 4 1737 85 2367 1799 2300 635 372 950 1102 1752 1405 943 547 1386 2477 2411 1407 2528 1934 611 1721 1319 826 1876 2501 2044 1644 283 221 188 518 1926 2817 1656 2790 817 2631 266 613 1624 134 271 633 1942 1408 2119 2440 238 28 1755 587 2322 505 805 1974 1680 2689 2144 2250 68 1117 1827 526 2681 2527 261 2370 659 711 1302 972 2597 2774 994 2592 503 2764 1563 2283 1332 734 2610 1708 864 2181 2193 553
472 2444 2266 127 1803 537 2835 1964 2614 1828 405 342 1571 226 1509 1421 2820 2738 1324 2340 166 551 1060 687 1338 1059 317 2063 2013 2740 154 600 2731 1607 1295 17 2758 2255 2455 1025 1159 573 2412 846 2484 2811 2138 1811 2710 403 262 352 1167 1069 1373 1807 1815 888 90 1540 1925 1982 264 2431 667 1814 1341 1735 642 1619 2189 1589 641 1122 1278 2473 1238 1539 385 1863 2771 2059 2429 1101 484 1600 2371 1524 1124 534 1274 1662 389 267 147 2244 331 1127 1918 2285
1034 493 2374 1575 1276 294 746 1664 1724 133 2229 548 797 2461 210 2672 2418 2186 1234 1392 2327 1358 57 1792 1861 2174 2184 280 2590 1580 1758 1859 2330 793 570 1930 2125 1665 2004 1375 263 1196 1279 857 801 1765 689 1072 1457 2838 859 704 2456 756 421 228 2039 1776 2659 1551 1887 885 1350 2356 1877 2332 1043 2548 77 976 2739 656 2662 1345 1675 438 583 2123 2321 514 366 287 720 1086 2694 82 1542 2187 1191 706 1229 2206 2703 68 175 2588 1497 1314 1292 880
2049 530 1290 1017 446 1604 1301 1237 921 1518 1567 1981 451 2140 2282 1058 631 2064 2796 984 2596 416 2392 1879 908 2357 1909 607 2257 1396 1739 813 1673 542 2660 1370 1613 710 54 2782 660 2259 360 1893 355 2664 1331 1742 1000 1695 1978 1105 1614 1384 2696 1554 1853 50 662 345 243 1829 869 1808 2243 2005 1681 2692 337 2530 2369 996 2093 153 1531 1142 567 1621 1625 873 748 400 904 1466 1321 487 1963 1181 1579 1172 2564 923 1705 1913 2251 2647 2519 678 2458 2201
1096 1948 1416 1993 1897 2556 1362 987 85 1569 635 2721 312 497 2272 1586 1218 1496 348 2832 518 1617 925 1316 2790 2817 1545 1934 2631 259 992 2411 2300 712 2082 1381 1926 2389 1407 611 59 1656 547 2528 188 2312 2412 28 1369 238 1386 1051 1873 1319 26 1737 2241 480 2501 2714 2044 817 626 2119 1827 2454 1658 1636 1799 587 2034 826 2270 1045 194 221 950 1339 1302 715 1102 260 772 1644 175 1552 2592 2557 2789 2544 2181 1405 2397 2826 2606 734 2534 556 2283 1010
1625 196 98 353 776 1643 1864 2474 1819 2081 910 2334 781 1402 1042 2462 585 869 276 1344 2067 809 2103 2353 2027 701 423 2264 233 2361 381 1963 2157 2186 2256 2336 1273 1667 2582 812 1204 1246 1970 2065 282 418 1481 1143 2806 1164 69 2429 1972 2715 999 841 1574 2467 125 2723 778 534 1465 1991 389 945 1293 108 2794 1289 402 346 1275 1579 2008 764 806 138 539 2146 2018 225 207 1097 2343 52 721 2821 719 936 456 758 2687 2244 2557 2025 343 471 2062 61
2843 392 301 1419 2331 257 1731 2613 1645 1871 1800 1138 2609 2377 288 937 1707 1527 742 535 1068 519 2763 821 1131 1894 406 2299 1007 1779 1385 416 678 2341 1526 1850 730 2516 1387 1794 749 2145 2102 1455 1992 1379 2788 773 855 2196 365 800 1498 605 673 2005 593 2830 338 2243 1040 1466 2262 2697 1732 881 1676 1243 1142 1079 1119 2275 1678 1450 830 112 2251 2492 2720 2151 2364 870 2730 410 94 610 1424 1002 2290 1094 1110 1573 2417 1913 603 336 774 2680 1442 435
239 2091 2164 1781 2173 2280 209 2794 838 216 245 822 139 27 449 1127 2232 752 858 2669 1356 113 2693 1780 1555 2070 1141 2025 525 1248 192 1505 49 408 1282 1435 654 2396 1787 61 383 1274 799 653 225 1924 356 1598 296 422 1240 1472 2311 2137 883 1021 290 625 1050 314 2017 1024 207 1635 805 2053 1168 390 1299 1967 2765 2531 2406 1755 1568 679 1715 561 1648 1921 1395 504 2061 2236 1317 2244 1756 1475 2565 1465 618 780 2059 1124 252 2285 1503 418 999 344
1312 658 727 589 485 1951 1175 1306 1361 1798 2054 2787 646 2178 304 962 1334 2113 1984 1213 2656 293 1394 2066 2472 545 1106 1389 1559 1451 184 1683 572 1230 2497 198 75 1886 2000 905 1206 1222 1891 761 80 621 2546 1801 676 272 1957 2540 2022 1420 2469 2214 731 1304 218 560 1322 60 15 2277 1288 2126 2149 119 1412 384 1750 2502 1835 594 322 479 831 2161 2463 1283 1225 1703 1257 393 409 1401 2655 1786 1423 2323 738 2152 2224 2410 286 395 1605 1628 2172 1865
1993 1422 2836 197 2840 1045 1782 712 463 1617 1544 2439 1381 1658 134 2241 659 2767 2130 2628 1840 179 1253 550 1051 1369 925 26 194 1261 348 2649 2454 480 2375 1870 440 169 518 1663 1444 2050 1552 59 1407 2837 1386 2556 556 1218 2270 2790 547 2082 2528 2631 1328 735 2367 2389 1545 260 188 663 1644 1437 2411 1926 1054 1623 611 445 2817 2714 817 1405 1319 85 987 1934 943 1486 947 312 900 1624 433 1656 2832 2813 1827 1874 948 2826 1102 1755 2044 2435 2689 1464
1371 1525 2152 214 2263 2623 327 1280 2502 2841 106 1605 1661 1632 96 2572 1927 1139 941 629 894 2554 189 419 2153 1953 1032 924 2567 2060 420 1397 183 2348 84 2768 834 1171 1113 1727 2555 2058 1738 1288 2109 1749 1891 1602 2726 117 621 940 2737 198 2030 1363 148 1703 2656 2149 2760 1343 1144 2497 1865 171 510 1251 2182 594 1084 2141 2203 1184 22 2678 2214 949 75 2313 272 2022 479 2705 831 1957 761 384 2751 310 2162 2179 1004 1214 40 713 1263 2521 1420 1750
1778 105 2394 11 2110 664 1946 1385 406 2145 1992 1404 131 1779 495 144 241 2102 1089 2018 2718 1155 1875 141 2147 2316 1083 1100 1011 1822 2763 290 1902 1438 2824 2142 1143 2490 471 1642 113 1843 2482 615 2594 2284 254 1289 1160 806 363 402 2429 2632 546 1645 2711 773 1700 456 1152 418 858 1282 653 318 3 2026 1127 2311 1970 2017 778 1674 2747 1503 2537 207 1598 764 2765 2400 517 206 2634 1582 452 2209 1780 936 2098 190 877 1817 2470 2762 35 2613 721 1688
2797 2844 1539 2403 2094 1078 160 1530 1735 352 2633 1816 2607 1480 814 867 1549 667 2139 1660 262 2092 577 1025 2576 2776 2833 2431 741 888 385 1366 2269 428 837 2731 687 1863 2385 2595 1122 115 1982 299 641 1815 226 1814 986 1589 1421 2771 1373 1925 1009 2371 1295 1807 991 2359 2266 1619 2104 2175 2635 537 2524 2738 2710 1159 264 2226 1060 38 2835 273 166 905 2473 127 2484 2107 1540 891 2720 403 1349 1420 396 1221 308 732 15 60 2245 551 1341 2030 278 1066
2022 2058 1727 2555 1277 834 2737 940 1343 1749 1004 75 198 2497 2542 949 2112 1333 1434 1298 1685 1019 761 954 783 60 1304 1103 182 676 2249 310 63 1760 149 1712 2827 2656 1483 376 2242 2441 1300 2016 1836 1693 1161 1288 2149 1561 483 2437 40 1363 16 1364 1605 1251 576 2202 1672 2784 1999 325 1447 621 1738 941 1703 45 2726 1469 1513 1847 2179 2216 2054 2317 596 1502 1773 171 251 1744 1283 2522 2056 1427 2152 44 614 2745 2841 2182 214 2705 1451 1361 609 2540
433 2289 1895 2375 769 1788 2482 161 197 2650 368 526 1339 1701 2144 1117 1417 1010 68 860 28 968 1955 547 2119 950 608 2370 2770 553 1314 2814 1942 1756 972 994 1302 1721 587 2059 1827 864 2764 734 444 2367 2769 1755 120 2821 523 274 92 2597 2051 2681 1708 2052 2061 2499 1386 2789 2028 162 2389 1319 805 1332 2774 1187 1568 238 216 1472 532 331 1461 2592 1473 173 1921 1956 1164 1912 2799 670 367 1787 758 1741 1961 1896 1317 484 1876 2812 2193 271 1974 1109
348 480 925 2454 26 1870 2649 1369 2714 550 2769 179 2538 663 689 518 2130 1453 1417 260 1901 1489 421 860 135 659 188 2004 1737 2817 2418 1146 2088 280 463 2389 2123 1792 1580 570 1190 1665 1644 2039 611 1930 59 2501 2413 2411 4 2528 201 1758 2424 1701 283 826 712 1319 626 1545 1895 2309 259 817 2312 1102 2300 2544 2838 1934 1468 1752 91 1407 613 967 2235 1202 2397 85 1490 1551 2477 2419 2842 2756 2375 2790 1656 2659 1926 1710 950 2826 1552 1728 2366 2333
1672 2437 44 1990 2700 2317 16 1836 1178 1447 1469 2249 1483 47 376 1749 761 1838 1714 2180 1304 1224 60 834 2058 1713 676 1727 1116 2523 2555 832 34 198 75 2497 683 1183 2422 576 1535 1277 940 1004 1057 291 1363 1703 2542 1288 2737 1593 2202 2216 1343 2112 1914 1251 95 1476 2745 2129 183 1103 171 2785 621 2313 744 1795 2182 1346 1995 2760 189 2179 1849 1364 2554 1434 1847 1685 949 1927 1632 1161 2521 609 384 707 1738 1785 1032 1228 1283 941 510 2469 474 954
1836 2437 1672 2317 2700 44 1990 16 1178 2249 1469 1447 376 1483 1749 761 47 291 832 1714 1535 1304 60 1838 1713 676 2180 1116 1727 198 1224 834 2542 2555 2202 1057 576 940 2745 2785 2497 1914 75 2058 1593 2523 1004 1343 2737 1346 1183 683 1103 1476 1856 34 88 2112 2422 2441 1685 617 2656 2190 95 1561 2129 2827 1288 1703 1176 1363 954 783 2149 1263 1641 474 1277 2216 1750 905 596 184 2245 1529 1434 310 949 1312 182 946 2469 1298 183 1738 621 132 2022 1222
2578 2421 2083 2380 1038 1049 640 2267 1041 1272 839 1430 2210 828 1754 1910 1521 1236 1189 1949 370 377 1553 1836 500 13 2032 56 323 332 1749 940 2726 2542 1785 932 2179 1343 40 384 1738 1004 310 1257 2827 680 2656 1057 510 1786 1364 2149 2737 569 1957 2521 1288 272 2520 1685 1561 2047 1300 2022 834 1727 198 2469 215 479 1251 1161 1065 251 1363 2249 2522 2000 571 80 617 2441 1420 45 1106 95 592 1228 327 2571 2203 560 2162 896 2214 831 483 1883 738 1971
239 2091 1781 2164 2173 2280 209 245 2794 838 139 752 2669 2232 216 27 2025 192 822 1127 2396 449 1787 654 49 1555 113 1141 61 1282 408 2070 1780 1248 2693 525 1356 858 1505 225 1924 356 296 383 799 1435 1240 207 1021 1274 422 2311 653 2137 1598 883 290 2017 1024 625 504 2244 1465 805 2765 1472 780 679 1755 314 1168 2531 1299 2470 1050 418 1568 220 1395 1921 1317 2343 2061 363 1756 1635 1843 1967 2053 786 390 495 2557 1918 268 2565 1011 2316 2406 241
1810 67 1012 249 2509 627 1406 202 2583 1075 1001 2121 2350 742 2809 1055 2825 1182 1944 2020 2766 1606 1869 1408 152 1169 1752 316 367 1466 550 2367 2057 740 1109 2183 1473 734 357 1636 1721 904 1172 925 633 404 963 1517 2010 2440 271 2813 1386 659 1741 1731 1625 1056 2181 970 2237 2592 1942 547 503 950 818 972 2397 2306 1852 1259 1894 201 2435 1896 1680 1624 494 378 238 2558 2322 2283 2630 349 2211 817 505 2742 849 1774 526 2144 2819 1805 134 1319 480 59
1034 1392 1276 210 280 2461 2418 57 1861 1580 1792 793 1665 1859 1072 1375 294 689 2838 570 1292 2125 2186 2548 1234 1930 493 2662 1575 2456 1365 2174 2004 421 2229 1758 880 2330 746 2703 1279 2327 1086 514 2198 130 287 2374 2588 438 470 2694 2206 1432 82 158 1193 1675 2127 1030 884 704 1377 1522 1664 1345 77 1724 842 2039 170 798 2155 797 857 2581 2187 1348 1576 1494 242 2590 1350 934 1551 1653 1887 2659 1716 1776 1358 2356 1947 1043 2322 801 1857 422 711 872
1651 1977 2252 2682 2328 2491 1179 916 1578 227 517 2042 1063 2723 382 1583 1470 2792 778 1970 2711 998 952 748 887 1854 919 1354 841 114 1769 2065 1531 2575 9 1791 1579 982 2225 945 567 118 763 819 2310 639 928 1657 808 2778 2729 1770 1667 1585 1920 1989 196 1613 764 241 840 2647 719 2008 2379 456 2634 2462 1289 1404 455 2343 495 1281 1262 2632 1100 1932 643 1211 324 129 2142 422 2565 1822 1209 389 2470 911 930 1956 1046 786 2284 1813 2740 2018 2028 113
383 2070 1141 654 1356 1506 1248 525 252 2311 625 1435 679 1505 1598 216 2137 455 209 245 838 139 858 2232 113 2280 822 1262 2565 2173 2794 408 49 1282 1140 2669 2164 1781 1168 1299 2025 2396 239 27 1787 1555 2091 1127 192 356 61 2693 296 449 2053 225 1124 1021 1568 752 799 1780 1037 207 1924 2017 2470 1274 1635 2244 1662 390 653 1967 418 1465 1024 780 290 1715 1240 1018 1216 1395 314 363 782 2765 1050 2429 1921 1011 786 1481 1648 534 241 1317 2406 806
2034 2545 1796 1569 2721 64 2817 715 48 2528 100 155 1407 305 1934 1644 562 1624 1656 2501 2411 51 2044 188 1640 2790 439 817 1102 85 925 221 1926 26 2713 1369 943 201 348 987 2433 59 1319 659 611 480 1870 1545 2309 2649 2300 2389 2650 1948 1782 550 2454 712 312 1860 260 2556 1658 2832 1190 626 1490 1737 2826 1381 1993 1453 179 1422 563 134 2439 635 1045 2088 1799 1617 2082 2842 1876 1405 892 2367 1544 2714 518 1604 2659 463 4 1551 2208 556 1752 1051
529 395 1801 2644 962 572 2277 1394 1798 1230 2323 293 646 1334 1175 2054 1683 545 436 364 2000 101 215 1951 1306 485 989 2787 737 2040 2540 803 589 1427 251 341 727 1900 658 1361 2113 1213 2381 304 2178 581 1300 1451 2066 1883 1389 1559 1353 2784 374 714 766 2759 1106 1971 1207 1087 2656 898 614 1839 2114 1938 2546 2409 1166 1558 2579 1312 1137 1115 431 889 853 2686 240 931 2072 1833 789 483 1035 2510 2015 522 2504 1786 676 1928 1886 2561 2624 951 1252 986
247 2585 1359 723 1772 303 539 450 153 1204 2582 206 1997 1403 1121 343 2485 1751 862 2603 549 2453 1633 2165 604 212 2718 1245 871 350 764 2551 58 719 2018 2209 2008 2146 1289 2284 914 1493 1247 874 1128 812 2487 2264 1351 1347 2557 1472 35 108 190 1595 1302 478 331 2794 999 200 2164 239 241 1438 1912 840 422 1282 2343 207 1741 664 471 838 2479 1961 972 216 2634 643 2690 1827 192 1706 2465 2505 847 2632 225 2821 936 456 356 2467 1579 1048 2025 2765
2384 536 2108 1562 21 2227 2668 2451 36 176 1132 979 2786 121 332 886 199 1418 569 571 1686 1431 1910 733 1393 1588 340 866 1890 597 193 289 988 1065 2743 2078 2090 1430 1553 1033 1398 1492 2029 2117 417 142 427 1256 1268 1038 802 681 1793 2224 1888 62 1699 554 680 868 555 2217 429 361 2415 2568 78 1053 901 878 2267 828 1236 1754 2380 302 2421 2578 2335 617 1337 1272 2320 2566 1061 498 2083 2172 2673 1296 1257 1785 2333 2533 893 1593 1804 2210 163 29
1583 1579 945 2792 841 9 1769 1179 2252 998 2491 2328 1354 919 1578 2682 1977 1791 952 1920 118 639 567 1651 1470 2711 1989 1063 517 1970 748 1531 2647 778 1585 227 887 382 916 1854 2778 1770 819 1667 928 196 2042 2065 2729 2723 422 2575 114 2361 2740 2008 1048 936 2467 1289 1972 241 721 643 1822 2316 764 418 1657 346 2505 2465 2690 719 786 1692 2146 2557 363 2018 138 464 2632 478 2611 402 1097 1647 1706 1438 1018 216 207 2402 1282 1143 2284 2821 1612 108
2433 2713 1860 1490 201 2309 2376 2034 1453 2545 1901 1796 715 100 1569 2721 562 439 2272 155 48 64 563 305 2650 2826 51 260 1640 168 231 1123 1878 1316 486 1148 559 659 784 1486 1046 1437 1496 900 2553 950 978 2337 2367 1636 2012 2769 421 611 2556 1799 2557 1864 197 59 1600 2358 2389 1819 2840 734 2007 547 539 2334 523 2088 1386 2082 480 1307 1428 2424 2714 1339 2455 613 2815 2799 1319 259 1405 68 2397 2391 533 764 1741 2343 963 2419 793 2652 1874 2544
472 2444 1803 2340 1059 551 537 127 342 1509 1571 405 2614 2835 2738 1964 154 1540 2266 1828 2740 1060 166 1618 2013 1421 46 1324 2175 1811 2820 226 1295 1167 2710 1338 2226 317 2473 1025 147 1242 2255 267 1238 2063 1355 2811 17 2758 352 2412 687 969 90 2731 1291 2455 1607 2709 1807 600 262 573 891 2189 1539 391 2138 1349 846 1524 2059 2273 1373 1472 2484 484 2698 1069 1814 2338 1101 1982 1278 1475 805 2460 1756 1314 1273 1755 1 2595 1831 1619 2610 2061 2285 331
1933 1790 1436 222 2071 2512 2394 2218 1504 850 1638 2362 1305 981 1911 897 2645 2355 836 935 2691 2096 2156 2432 1709 99 1479 1098 1682 2167 2593 459 477 1006 1321 1267 208 2587 2463 2410 144 1308 396 1322 443 1082 1090 1750 595 1717 2750 1736 2514 1423 586 2074 1510 1763 2642 2450 905 73 2655 1044 2537 2245 1380 2086 1222 1066 1225 624 2623 1954 488 2446 2420 755 1145 2147 946 2268 922 599 1226 1835 2195 2154 15 1806 1263 351 1074 1641 2214 399 272 1412 1628 453
1483 376 1447 1469 16 1749 2437 2317 2249 44 1672 761 2700 1836 1304 1990 2555 1727 60 2058 834 198 75 1178 2497 940 1004 1103 2737 1277 2112 1183 676 1343 2542 949 1999 783 1685 1760 1434 1712 1288 47 149 576 954 2216 1703 832 1057 1363 182 291 1714 2202 621 1535 183 1865 1476 1750 905 2469 1263 171 1251 946 95 2245 2030 1298 731 45 1641 1713 2180 1914 2126 2086 2655 2522 1856 106 474 1364 1838 2760 728 1283 459 2745 1286 1222 2463 1108 2056 1628 55 2182
2252 1651 1583 1977 1579 2328 2682 1179 2491 841 919 1769 945 1578 952 1354 1063 9 2792 1531 1920 998 2310 639 118 887 517 928 2711 1970 916 1368 1791 2647 2729 1566 227 1470 1367 819 567 2723 311 748 1211 2349 1210 1667 1989 2065 196 2488 2042 1585 456 764 1239 2778 2008 241 105 495 512 324 579 1209 2026 2740 11 1778 492 1281 566 1289 2634 1932 422 840 1813 2718 415 862 719 464 643 2110 923 455 129 113 1923 1972 2611 1262 1751 1062 2632 2165 1817 1902
143 2185 1129 1440 2584 2298 1411 1694 795 1684 2363 386 2616 2529 2468 2271 718 557 1294 2460 1360 787 1446 1630 958 1509 1112 810 30 665 1514 1258 2749 1445 638 363 1662 452 2285 389 1124 2429 2053 758 534 806 1378 267 879 1270 478 1925 1037 2505 2465 643 331 471 2634 1730 786 290 936 1022 1822 1395 402 2244 840 1438 2611 108 1756 418 1982 2632 2481 1619 2062 2398 53 27 999 1317 1831 1481 125 2693 2059 1655 1282 467 2765 1912 207 838 780 1503 138 1475
2051 2526 1931 2220 1433 1439 939 2704 2183 2089 2445 255 1330 2427 217 482 2440 271 1942 1408 521 2617 2657 637 526 864 994 274 608 2308 2037 1892 1677 1771 508 2712 619 2625 1998 1725 2499 368 444 598 790 1088 494 531 2057 2435 2639 2291 1899 647 1874 574 2367 1223 1545 2389 2683 146 1386 1752 59 547 974 633 626 518 556 68 312 950 2832 2119 2144 1680 1146 2322 2250 2719 1117 1746 261 2370 2597 2610 553 611 1737 1827 587 4 2270 1202 1319 711 1974 1010
452 402 363 1524 478 936 2468 471 1438 2465 2505 758 1918 1662 786 389 53 1022 1509 467 1378 2687 2470 2429 806 534 268 840 2244 290 1465 1278 52 2256 2467 89 1503 1039 1011 1692 1048 1008 1124 1059 331 2285 1481 780 2710 2175 1822 2740 1021 1242 207 418 1101 2473 2690 2059 225 1831 2634 1303 2781 2013 1097 999 726 2053 2801 2398 2407 1780 346 537 108 1568 782 643 1018 2821 2632 2611 1140 61 267 628 464 2062 753 138 2531 1612 1293 1706 1730 1803 1220 1655
867 385 2403 2431 814 2633 1530 1078 2607 1660 1816 1480 160 2094 1025 1366 1735 667 2614 537 1421 687 1060 2835 1863 1964 226 1069 2266 405 1619 1925 2811 1828 1341 2255 1159 127 1815 1982 352 2138 2797 403 961 2758 166 986 2738 577 1539 2338 846 1607 837 879 1009 2063 2820 2710 600 2731 573 2092 2371 1571 2460 38 428 2269 2412 642 1122 2484 1814 2595 2455 264 90 2776 1338 17 641 1589 551 299 195 472 2833 2385 2844 2175 115 1698 2139 1540 2783 1324 1994 2473
617 1561 2242 540 1593 465 2542 2785 499 751 1197 1535 898 2072 853 1087 714 1785 1558 1207 1166 1590 291 93 614 1836 895 832 634 2409 2143 1346 1228 426 1161 1928 1631 1786 1597 783 1257 1847 24 2430 1914 1137 184 76 1689 2024 407 310 1971 940 1513 1357 2827 1773 2112 2784 2521 1343 2129 1057 2656 2441 2179 1738 510 2745 954 1300 1004 1106 834 1298 1795 1434 483 182 1856 2066 1996 1685 1602 2000 2202 1451 2058 2227 1502 485 240 1714 979 2149 2224 1804 327 230
1034 2374 493 1575 1276 294 2461 746 1664 2229 210 1724 797 2418 1392 133 2327 57 1234 1861 548 1792 1580 2186 280 1859 2672 2174 1758 1358 2330 2125 793 1930 570 2590 1665 1375 2004 704 857 689 2456 2184 1072 756 263 421 801 1457 1279 885 77 1196 2039 1350 2838 859 228 1551 2356 1776 1887 2332 2659 1765 1877 2548 1043 976 656 2694 2739 82 1345 1229 2123 720 170 1675 2662 438 287 1191 1086 2321 1292 1365 706 1377 2198 2206 1542 366 130 2703 514 1030 2581 1193
1371 1525 2141 2263 1280 214 2623 2572 2152 327 106 2841 957 1953 2678 1365 1661 2464 2720 183 1880 1927 1139 941 2725 1632 1084 2153 621 2448 894 629 2502 96 1113 2056 1064 171 2760 60 1283 609 23 924 281 2182 2469 150 84 731 2497 2048 2126 814 38 75 270 2278 1605 189 198 1768 2522 2554 761 1304 2608 1206 2404 2562 2374 40 2691 1802 2060 1364 2655 45 1960 2761 851 419 2503 1032 1251 1660 1717 1198 744 208 2607 236 2677 1199 592 1160 2074 215 2514 2633
1583 2792 998 1579 945 841 9 1769 919 1354 1179 952 2491 118 2328 1920 2252 1791 1578 567 639 2711 1970 517 1977 2682 2647 778 1989 1651 1470 1063 382 227 1854 1770 1585 748 1531 2778 887 196 819 2065 916 2729 2361 928 422 1667 2042 2723 2740 114 2575 1657 808 764 2316 643 2008 241 1822 455 719 2632 2017 495 207 2465 2505 840 108 1282 923 1048 2557 1864 2062 200 2611 786 2634 1289 478 1647 1262 936 1438 1706 456 1140 1143 471 721 1819 1506 1781 1972 464
2317 2249 761 44 2437 16 727 1672 1990 658 589 60 1951 1306 2700 1836 485 676 1312 1361 1304 1175 1178 1447 1749 47 2497 1469 1394 1334 1183 2178 304 2054 376 198 1886 2113 1483 75 2787 1703 1363 1288 1798 646 1389 2161 2656 1801 1224 1116 1057 1683 45 834 2216 783 940 2022 1714 1713 2180 545 2469 2058 1213 962 2056 2540 474 2126 2074 731 1322 2066 1451 2277 1727 72 2555 1691 905 1230 1004 1206 1898 2107 2775 621 1222 293 2542 322 572 2483 2325 1093 1628 1412
1703 1288 1995 1363 2216 183 621 171 1364 2401 96 1251 894 1927 2554 2760 1632 2182 419 2705 2153 2612 506 2831 45 2608 2522 198 959 2056 236 75 1064 2497 1286 106 1304 2841 949 2152 941 2313 2502 189 60 1844 2249 1032 761 1605 2060 940 565 333 84 1749 2555 1560 1004 1727 1425 1865 2030 2737 834 1139 1880 2058 1525 1397 420 1171 148 2768 2567 1371 1685 1891 1283 783 620 1343 1953 205 2022 1483 376 732 731 2469 2263 2112 1277 1222 1835 2126 1108 272 2214 2109
1636 1316 1496 1965 1840 2241 2439 1658 1544 2628 194 2556 1381 2815 1051 712 2272 2352 1218 1261 1045 1422 1782 2069 1253 950 497 1586 440 2836 1897 1752 1362 1617 992 2046 2367 2840 613 2130 2496 1993 659 518 197 826 2433 2631 978 231 1490 2538 1148 2270 2082 2826 28 1896 663 283 1302 2557 1046 2821 1532 238 849 2365 2713 1339 2119 152 719 523 764 2812 2008 2527 2479 2389 1741 1827 734 563 587 1437 505 559 2052 900 478 1118 2592 330 547 1202 1873 1912 972 2544
2643 1702 546 6 1221 285 582 759 732 1083 181 620 1260 1697 1797 807 1882 1570 1541 1188 922 298 1456 2807 2666 1153 1318 2043 411 2816 1284 2171 956 2476 2425 475 820 636 650 1891 1603 2810 1723 2346 1285 1536 1763 661 2593 2268 2098 1916 829 1145 1160 1023 1404 2355 2167 1761 2711 281 1047 334 2688 2747 459 1100 1090 579 488 639 776 2284 1688 495 750 1642 351 2349 973 1902 2762 1504 278 2490 311 2261 1147 468 1711 669 1241 2512 764 222 1582 241 2577 3
59 2832 312 2389 1545 1146 1202 2300 85 1752 2367 987 4 2082 1737 2270 626 372 556 1799 950 1102 635 2411 943 2528 1405 1934 2501 2044 547 2477 1386 1407 1644 826 1721 1876 611 283 518 1319 1656 2790 2817 2631 613 221 188 1926 266 817 2069 1624 2556 663 587 28 1827 505 2119 152 734 1339 2538 261 1532 2181 238 2283 1636 1896 633 972 1741 523 175 134 978 260 480 2557 2606 1840 2527 849 2681 2819 1468 1302 2689 348 2312 2322 2370 2419 1563 2088 68 2812
2141 2263 2678 96 2152 1083 2502 949 1525 732 1702 2623 1632 1927 106 940 2554 620 1605 181 894 2841 2555 1280 621 1856 1004 1251 1288 183 2643 1371 419 2572 1139 198 1727 2522 1364 171 2153 2401 2737 1263 2612 1222 272 45 905 2214 941 1957 1343 1420 560 1749 2112 1641 831 2245 2048 2807 1064 1423 15 1685 2056 2410 1066 1703 2441 182 205 1750 474 728 2086 384 1363 2497 2154 850 409 420 2202 55 1225 1397 1103 479 1171 2760 783 1434 2463 148 946 1221 2514 2831
1929 2765 478 2687 2801 2301 1730 2806 2407 331 389 758 1039 467 484 1503 1378 1022 89 53 2285 2059 840 726 452 2698 2465 2505 999 1011 1008 108 268 295 936 655 1275 1475 1662 2634 402 2256 471 1438 1278 430 1303 1568 1831 1273 1048 2429 1026 1124 1855 534 806 125 363 1140 1655 2062 2470 1822 2236 2557 1912 2398 628 2075 2053 786 2467 1524 753 131 782 2244 203 1706 1220 1024 974 2690 1097 1843 1465 1481 52 1018 1692 1293 464 1101 780 1875 1918 418 1118 2531
1389 2546 1115 1683 2759 374 304 2579 2178 2113 803 545 2066 436 215 737 1213 989 101 1230 1394 341 251 1900 2540 2381 1898 1427 364 2040 581 1300 1883 2644 1353 2504 572 2784 328 529 2238 962 2277 766 395 789 407 2114 1951 483 1093 658 293 1798 240 1306 1175 589 2323 727 2787 1971 1106 1801 485 393 2054 614 1976 1559 443 1357 751 646 2482 898 2400 922 2098 1047 1334 1023 1090 461 2055 816 1763 1180 1308 446 1082 586 2747 1241 1385 1323 768 1608 2325 546
2317 2437 1749 44 1672 2058 2249 1990 834 761 2700 16 1836 1304 1727 2555 1178 1277 1483 1447 1300 676 60 1469 2497 376 1703 1288 1363 47 2216 198 75 2784 95 2313 1251 576 2469 2737 333 37 1283 621 940 2182 1883 171 483 183 832 2705 2760 2831 1015 2335 1171 731 325 1502 941 744 1004 2450 251 2540 1427 1361 1801 2726 2126 1858 2554 1628 1032 1593 189 45 1108 236 122 393 2608 2179 1161 1661 1263 106 1353 1738 2109 596 1927 1425 1451 2401 1312 2118 167 745
1993 2836 1617 1444 1663 1782 1045 2767 1328 2130 1422 947 169 1679 1623 2837 1054 2840 1649 2050 712 1381 445 440 735 645 2011 2707 1261 1658 1544 2241 179 1775 197 2439 1029 1253 1840 463 2628 134 2287 1369 26 659 925 1552 1948 2528 348 1051 550 1407 1644 817 2411 2454 194 1624 1218 2044 2817 1934 1796 1926 1870 1656 1096 1569 1416 2649 900 2501 2790 1437 480 59 2721 1710 2556 1630 2375 674 1860 81 51 2034 1360 260 2300 2082 987 1464 305 1307 85 1319 64 238
2437 1672 44 2317 2700 1990 16 1836 1178 1447 1469 2249 1483 376 1749 761 47 1304 60 1714 1838 2180 834 2058 1727 676 2555 198 75 1224 2497 1713 832 1116 1183 2523 1535 940 576 34 1277 1004 2422 683 291 2542 1057 1363 1703 1288 1103 2216 2737 2112 1343 2202 1593 1914 95 1476 2745 183 1685 621 1251 2656 171 1346 949 954 783 1995 2129 2182 2785 2313 2179 1865 474 1738 2760 1434 905 1425 1750 1364 2521 2149 1795 189 596 617 1847 2469 1300 744 1161 1171 510 384
98 776 353 2474 196 1864 1643 1819 1625 910 2334 781 2462 1402 2081 1042 233 585 1344 276 2067 2361 701 2027 2353 2103 809 999 331 726 2557 2301 1503 478 484 1917 2806 2059 2407 1011 1438 471 1475 1140 655 381 1472 1855 872 1124 2698 1273 2075 31 1008 806 2429 430 1662 758 389 534 936 2465 2505 2687 1037 2264 2093 220 1187 423 2053 53 2236 1278 402 2256 1101 1730 363 786 1303 1524 1118 869 452 2470 1918 418 1021 207 391 1481 1708 290 225 1961 780 108
2362 850 2512 222 1504 2218 2691 1436 1911 2355 1933 1790 2593 1305 2071 1267 1638 477 2645 2432 1709 836 1321 935 2587 1044 981 1098 2156 1510 208 99 1479 595 144 2167 399 2750 453 2655 2147 1717 2096 461 1628 2450 2074 2163 755 1736 823 401 2342 2201 1976 73 1160 796 897 1145 141 1380 731 2420 1806 1682 1023 612 396 2126 1599 2469 2055 2098 2463 1066 1226 437 2642 1222 15 1954 2410 1322 1225 2318 1423 278 351 2514 2762 2747 1047 1263 2154 1711 2086 905 459 2214
127 537 226 472 403 2266 687 1421 1159 1815 352 2455 1324 2820 2484 2063 2138 1735 2255 1060 17 1338 1009 2614 264 2811 1571 837 1964 2412 573 2710 846 1863 1982 2189 2731 1925 90 1619 2835 667 317 1509 2013 1621 1814 405 1539 2444 2648 600 879 2338 2371 1589 299 2738 1122 1828 385 2431 1803 2269 2092 1816 2460 2595 1025 2466 2833 1238 147 1939 867 891 428 2473 1994 2339 1291 1295 814 166 267 557 2403 1366 2139 2340 2094 642 1480 160 511 1278 2175 577 2797 1530
658 727 1175 589 485 1951 1306 2113 2178 304 1213 2066 1312 1389 1394 1361 1798 2054 646 962 545 2787 1334 2656 714 2546 1166 2072 1683 1230 1801 1558 2000 898 293 1106 2022 1451 1087 2409 676 853 614 572 1207 1886 1559 1137 1928 1115 2497 2149 1333 2277 1184 198 75 2179 1502 395 2323 1304 2161 1738 1685 1300 310 60 374 1288 2203 954 93 895 1703 1427 529 1363 117 2784 2494 2469 2540 2502 2249 2114 940 1605 1222 2152 731 1883 2542 1628 907 1979 479 251 2737 393
1359 2585 723 1772 539 450 303 247 1997 1121 1204 2485 153 2582 206 1403 343 1751 862 2453 2603 549 764 2551 1633 719 2018 2284 871 1289 2146 914 2008 812 2165 2718 604 1493 1351 212 2209 35 776 350 353 1595 98 1600 108 2557 2391 1128 58 196 1970 778 1245 2012 849 190 1731 2334 2479 2429 1438 734 1481 471 418 1472 847 781 2462 478 701 1730 1708 1643 1896 2025 346 999 840 1503 1864 838 192 2343 1157 664 2301 207 331 1827 1579 1302 2407 753 1534 2634
650 2666 2816 1891 1723 2171 2043 2810 2346 475 1916 807 2502 1605 2152 620 1702 759 732 2643 582 181 820 6 420 546 1139 1083 1397 1541 411 285 1865 1221 1953 922 1603 1882 1260 1697 351 1954 1188 2762 1225 278 322 1654 2768 1066 2154 1322 2410 1412 691 1717 1582 208 2463 1835 1902 595 1711 15 1226 2098 308 2514 1153 2107 1423 1222 2587 2599 2655 1206 1150 905 60 2747 1047 1160 469 1797 459 148 850 1456 776 1420 441 2841 2695 560 1023 401 353 2593 379 2355
331 430 999 726 655 478 484 1472 1037 1475 2059 1124 1187 1118 2557 471 1438 2301 1101 1662 2236 2053 883 1140 1855 2075 1278 2806 391 2801 402 806 1862 220 936 534 1273 2407 2429 2093 53 1503 1303 2505 2465 1011 2698 363 1918 1481 974 1008 758 786 1524 389 203 418 2687 780 2470 1921 2061 52 2244 1972 2402 1465 1647 1395 518 1730 2256 207 1 31 1022 721 872 452 1756 225 1317 1780 1506 1568 1021 1961 1378 2610 2822 1216 2467 553 1708 1917 349 233 290 1635
2526 1931 2220 939 1433 2704 2445 2089 2427 482 255 1330 217 1439 2051 521 2657 637 2617 2183 2308 2712 619 790 2057 2291 574 2639 2683 494 2440 1942 271 1408 647 1677 2037 2435 526 1771 1874 864 1223 608 1892 2499 994 274 598 1725 1899 1998 146 508 2625 2389 2719 368 2367 1545 1752 68 633 1146 2250 2144 444 2370 1386 2814 671 2813 826 1937 1855 1746 626 553 1721 261 1737 547 1708 2273 2181 2075 28 1852 950 4 1473 556 2806 1117 1680 1917 317 2119 2597 162
2227 2108 2786 979 2668 176 1562 36 340 1431 866 733 2117 536 2384 1132 2078 1890 1492 571 142 332 21 802 2451 1430 289 1588 868 199 1393 1553 1888 1256 1038 121 2029 2743 554 1033 569 555 429 2224 2333 1699 500 680 427 1793 417 901 1686 988 1398 1053 193 1754 2090 1418 2217 2421 878 2415 1065 1236 1268 2568 597 2267 432 681 1499 886 2380 1910 1886 2210 828 1272 361 1597 1041 2024 640 2320 1804 2335 1785 76 62 426 707 292 617 2038 498 2671 2566 302
121 536 1132 193 1588 988 569 2090 1431 36 1268 2117 733 1430 1553 1256 866 1699 332 1492 2384 1038 2078 680 2668 1562 802 176 142 2227 2451 427 1890 2108 2333 21 571 340 979 878 2029 1793 2786 1236 1393 1754 429 2421 1033 2743 289 2267 901 1910 199 2217 1886 1418 2415 554 967 2380 555 1888 828 1686 213 886 1398 868 1272 2224 2568 707 1728 681 1053 597 1065 558 1804 2235 1719 135 2320 1041 91 417 2602 2533 1337 500 754 2210 2295 1499 640 2578 2408 2083
1810 1012 67 249 1406 627 2509 202 2583 1075 1001 2121 2350 2809 1055 1944 404 742 2057 2183 1869 316 2825 1056 2766 1182 1609 2020 1169 2291 1195 740 201 1473 2558 357 1894 1109 1874 1752 925 963 378 574 904 2630 818 550 2367 1606 152 2435 2010 1453 1223 1636 659 1625 1466 204 2813 494 2592 950 480 2237 1517 1721 1408 2158 2728 367 892 2306 2639 2181 1624 59 734 1532 134 2279 1901 970 1934 349 503 2297 2211 869 1741 2501 1731 1372 1594 849 1259 1319 1852 1829
325 1425 1474 745 8 1671 2535 1006 2449 1090 459 1308 2512 644 1933 1380 2720 2442 586 396 2268 1082 443 2096 2688 1462 2188 1436 1763 2706 1911 850 222 1736 1790 971 1560 2562 1882 2071 981 1979 836 2362 2678 2450 2498 387 935 2167 1638 796 2245 1641 2645 2394 2313 2230 2136 2218 2156 2627 1726 1750 946 84 393 2197 2425 2079 1504 941 1098 300 37 922 2216 339 755 1423 636 1806 1536 2249 1523 1322 2476 2342 1267 2463 1336 1318 1458 863 2410 398 907 1687 1263 2642
2437 1672 44 2317 1990 2700 16 1836 1178 1447 2249 1469 1483 376 1749 761 47 1304 60 1714 1838 676 834 2058 1183 2180 75 1727 198 2555 2497 1224 1713 1116 2523 1277 576 34 940 1004 832 2422 1363 1703 2542 2737 1288 683 2216 1535 1057 1343 291 1593 2112 1103 183 171 1685 1251 2202 621 2313 2129 1476 954 2469 959 2760 744 45 1914 2182 1425 1995 95 2022 1434 189 2745 1161 1032 1364 2056 1283 1346 1847 1760 1750 949 1560 182 1300 149 1228 783 905 2126 2784 731
536 2108 2227 979 2786 2668 176 1562 340 121 36 569 1430 1431 1553 2090 2384 2117 1256 1132 1793 571 332 193 427 1588 733 901 988 2217 2078 866 1268 2415 1038 1492 1890 1699 2451 142 2568 21 199 289 2224 2267 1236 680 1888 1393 1754 802 2380 1033 2743 554 2210 2333 1686 2029 2421 1065 1418 1886 1910 2038 868 429 865 828 1329 2570 1398 2335 1272 597 500 886 417 1764 640 555 2671 2839 432 1785 617 1061 1399 681 690 2795 707 1668 1659 1749 498 2423 1786 327
1699 554 555 2029 1888 868 332 289 1890 142 361 1033 1492 417 2743 340 176 1398 62 802 2078 429 597 733 2333 1393 1430 1553 866 2451 571 1256 569 21 886 1053 681 1562 1065 193 979 878 2786 1418 432 1686 199 500 302 893 1499 1668 2668 1910 2227 2602 2108 988 78 2415 1374 2217 1431 323 1041 1272 4 2117 1132 2423 1268 427 2421 1737 2047 121 2088 1545 13 1189 1134 1337 2075 1038 626 640 2477 1793 260 2389 536 56 2032 2090 734 826 1588 672 2272 1772
453 401 208 141 2587 595 612 1510 1023 2163 2055 2098 1628 399 1717 2747 2655 1047 823 99 1145 73 1160 2469 731 2126 461 477 2074 1976 2009 1911 2722 694 2636 981 72 1599 172 1504 437 460 380 222 2355 2577 850 156 1155 2679 1688 2775 2362 816 1163 1784 164 1436 2512 760 2274 2218 2642 1085 1415 747 174 1903 144 1682 1404 2122 2147 1233 2691 2593 177 1267 1933 1241 1808 2829 1089 1638 278 2762 1100 1790 2645 1711 1676 2452 15 1423 905 1225 351 1222 2514 1954
1380 325 198 2497 745 1474 75 1267 60 1425 1304 8 940 2535 1004 783 761 2737 1685 2245 1671 2449 949 946 459 905 1641 2542 1006 1712 1263 474 1343 2249 1090 2112 1103 1760 1750 954 2555 1865 2656 850 1308 1911 1044 1434 1727 971 796 2706 644 2593 1525 2216 586 1749 1288 1882 1483 2688 2022 1082 2086 1763 149 2463 2167 2512 2268 1219 37 182 1322 1999 621 2058 2514 2188 1423 2410 2147 1995 1504 907 1286 2623 1703 2720 1979 834 1560 222 2572 84 2362 1363 1447 1222
1781 239 2091 2164 2173 2280 209 2794 245 838 139 752 2669 2232 216 27 2025 192 822 1127 2396 449 1555 1787 49 654 1141 1282 408 2070 61 113 1356 525 1248 2693 1780 858 1505 356 1924 225 296 383 799 1435 1240 1021 207 2311 1274 422 1598 653 2137 625 883 504 1024 290 2017 2244 679 314 1168 1465 1299 805 1755 1472 1050 780 2765 2531 2470 418 1635 1568 1967 390 1395 220 1921 1317 2061 1756 252 2565 2343 363 2557 786 1715 495 1918 2406 2053 1843 1011 721
2502 1605 2152 1891 1139 2841 420 1397 2768 1953 1723 650 2666 2816 941 2346 1916 475 2171 148 1603 2043 2810 1865 2348 594 1221 1570 214 6 1697 1702 582 285 732 807 84 1738 1283 510 1768 1525 2643 620 2179 1488 1866 2521 546 2048 181 2761 270 2203 2567 1602 298 1371 2494 629 922 1108 759 1153 1083 1284 1502 1188 1113 973 949 459 1456 37 2263 1260 2623 183 609 1880 2030 198 2656 905 411 281 1882 820 1184 1797 924 1835 2497 15 1222 2410 1858 850 1995 1802
2433 2713 1860 201 1490 2376 2309 2034 2545 1453 715 1796 100 2272 2721 1569 64 48 1901 562 155 439 1640 51 305 563 1123 2826 1878 2650 1316 260 231 2815 168 1496 1636 978 1051 2556 1965 1148 486 1486 559 194 1437 900 2553 674 1046 2337 784 259 134 2652 2840 1586 1974 1307 1302 2774 2557 659 497 2241 963 162 68 1339 950 1164 1545 1187 965 2119 2597 1840 59 1319 547 2367 2799 1658 1827 611 972 2770 1461 699 1386 1799 2389 1912 2812 2789 1472 1852 2322 734
2548 2662 1375 342 2371 1925 1982 1619 2455 667 2460 57 299 1392 879 2189 1861 2269 2198 1276 2186 1034 280 1792 2833 1580 1814 1665 570 1086 264 2092 2139 880 2418 689 557 2206 1575 857 158 1 793 2461 2727 2363 428 317 2844 1930 872 226 210 2811 891 154 1896 1117 2590 2330 1730 2125 1338 2610 294 1022 523 2806 797 505 798 842 849 805 1520 1292 1350 2181 493 2059 421 484 31 1118 68 1589 2456 587 1314 2356 2285 478 1827 331 734 1755 1831 1026 108 1275
2713 2433 1860 201 1490 2309 2376 1453 1901 2272 2545 715 2034 2721 562 1796 1569 305 100 155 64 439 563 51 2826 48 2650 1316 1878 1640 260 1123 2815 1496 231 168 1148 486 2556 1636 1965 1051 784 978 1874 2337 1437 647 2639 1486 900 559 1819 194 659 1864 1046 421 1223 2004 2455 950 259 2438 2557 2012 1468 162 2291 2683 1937 904 1586 134 2334 326 1307 1164 2840 963 1428 2367 59 2769 2553 480 1109 1775 1118 734 497 2389 2088 2652 1143 1873 1193 1848 1532 1600
2252 1583 1179 1651 1579 1977 2491 841 2328 945 2682 1769 2792 9 1578 952 919 1354 1063 639 1920 998 1531 2647 2729 928 1989 1470 887 517 1791 227 118 916 2711 567 1970 748 2778 196 382 2723 778 819 422 2042 1585 1667 1770 2740 2065 2310 2575 1854 764 643 241 982 495 719 2008 456 2632 464 1822 1918 786 1972 840 114 721 1706 1647 2634 2316 2611 455 2062 936 1262 478 1048 1281 1932 1289 1438 2505 2465 1282 1140 1692 207 108 2402 1395 1662 2479 471 2467 1921
2484 1338 317 2063 2255 2412 2455 2811 2138 1159 600 264 573 17 403 846 90 1009 642 1571 1622 352 1815 2486 2100 1735 837 2189 2338 891 2371 667 1982 226 1060 299 1964 1814 1925 428 1238 1122 1589 2614 2339 2269 1291 1619 2833 1994 2092 2139 472 2731 879 267 2844 2776 2662 307 1863 2266 405 1828 2460 795 741 127 687 2340 1095 1509 1409 2059 1278 484 537 1 1386 2835 1117 68 1520 1421 1803 547 2552 2698 82 195 1540 2576 2820 1349 2119 2764 557 556 2610 1273
867 385 2431 2403 814 2633 1530 1078 2607 1816 1660 1480 160 2094 1366 1025 1421 1735 687 667 1863 537 1619 226 1925 1060 2614 2835 2266 1982 2811 1815 1069 1159 1964 2138 2255 127 405 879 1341 352 403 1828 1539 2797 2460 2758 2269 837 2371 428 961 1607 2092 299 1122 2738 1009 2455 2820 166 2338 2710 2412 2731 1814 1589 986 2484 264 846 577 2776 2833 1571 90 2063 600 2139 38 573 642 1338 472 557 1324 2595 641 2473 17 551 2844 891 2189 262 2175 2385 1803 2576
1290 1017 2049 530 1518 921 446 2282 451 1604 1237 1981 2140 2596 2064 1301 1058 1567 984 1879 2392 2796 631 2357 1909 416 1978 908 1613 607 662 2660 1621 2530 996 1119 382 778 1491 534 2429 2093 2462 841 701 1481 418 1667 1404 389 1578 331 452 2723 2244 1022 1662 1929 806 1100 394 1493 1124 1011 1037 1018 268 1577 52 1781 782 1002 780 484 1378 108 61 367 2053 2059 1730 449 914 1179 1787 2792 2334 1008 1568 2474 2164 196 290 227 2491 1048 945 2632 1625 276
909 956 2740 2710 2823 127 1059 387 154 2562 2688 644 2442 2749 1882 1596 2498 551 147 43 2188 971 342 2175 2720 2444 2468 2595 472 2476 2067 2448 1509 2425 871 1539 1242 1866 2473 829 1100 701 685 229 1518 1788 1859 210 585 1025 1808 2168 882 607 1871 1803 2361 2474 557 1290 1113 2128 1403 2403 2378 1560 1643 661 669 785 2197 1138 1108 1023 2274 1396 1230 1614 517 1645 1757 1565 1355 1800 848 476 1705 791 1278 2284 1477 1985 2600 1751 66 1731 794 1145 1487 1308
2054 646 2787 727 1951 589 658 1175 1306 485 1361 1798 962 2178 293 304 2113 1394 1451 1801 1213 1312 2000 1559 1106 2066 2277 1334 545 572 2323 1230 395 1389 1683 2644 1786 2656 1257 529 215 2161 2546 2540 436 1427 614 1971 251 2072 2114 2381 1558 1300 1357 1353 737 1207 1115 2784 714 2149 483 1883 766 676 1984 101 2288 898 374 240 76 1886 2242 2238 1900 39 1898 2759 789 341 2249 989 1137 364 2224 2022 1180 2579 761 803 1087 2179 2040 2497 1835 479 2016 1502
999 331 726 430 484 655 2059 478 1475 1472 1037 1124 2557 2301 1278 1662 471 1438 1855 1187 1101 2075 1118 2236 2053 53 2801 806 2806 1140 883 2429 534 2407 1273 402 220 2093 2698 391 1011 974 936 1503 1862 2505 2465 1481 363 1008 1303 1918 786 418 758 2470 780 1524 203 2687 389 2244 52 1465 207 872 31 1730 1024 1780 290 452 225 1021 2256 1022 518 314 1 1708 1050 1921 233 2061 1395 1635 1378 1917 390 1967 1961 1647 2402 1972 1715 349 2467 467 1929 1568
998 1583 2792 118 1579 9 945 841 1354 919 1769 1970 1791 2711 567 1179 2491 1578 778 517 2328 952 1854 1470 2252 382 1920 639 1977 2682 227 2647 1651 2065 1063 1989 2361 2778 887 1770 916 748 1531 114 2042 2723 196 819 2729 1585 928 1657 1667 422 2575 982 808 98 764 2740 776 2008 241 495 812 1822 719 1864 455 207 1289 113 930 2316 353 2284 2343 2632 862 1781 763 786 2018 1506 914 2142 2146 1751 168 838 363 2070 2017 2634 456 324 643 245 1438 383
1054 1649 2707 645 2011 947 1663 1444 1623 1328 445 169 2837 1679 735 2050 440 1617 2130 2840 1775 1029 1045 2836 1782 2767 1253 2287 1261 179 1381 1993 1422 1544 712 2241 1840 134 1552 2439 965 1658 1218 197 319 900 463 1208 1437 1307 2544 2046 1860 2084 1486 489 992 1586 674 1710 906 1489 497 559 194 1948 659 2628 2076 259 2419 2397 1468 769 904 480 860 2082 563 51 1417 1416 231 2352 348 260 2133 1123 2272 1046 1428 1983 2631 155 978 2652 1897 1386 2088 547
2043 2816 2810 2171 2666 1723 1891 650 2346 475 1916 807 2502 411 1605 1702 2643 181 759 620 1188 732 1260 820 922 1697 1797 546 1603 1541 2152 6 1221 582 285 1456 420 1882 1397 1284 351 1865 1139 1953 1954 1711 1066 1225 2841 1322 2154 2762 594 278 281 2463 2768 2410 1423 1222 15 1083 1160 1023 850 1570 1153 2514 1226 1902 488 208 2691 401 2355 2362 1763 1582 1504 459 222 2098 1835 1412 1150 1420 2214 2483 1654 322 1047 905 1206 2747 1688 144 1074 1145 148 2107
264 2455 2371 1982 299 1925 2269 667 2484 428 2189 2811 2833 2092 1619 2255 2412 1735 2139 837 1589 226 2776 1338 1122 1814 879 1009 1159 2138 90 317 352 1815 1863 2063 600 2576 403 2460 2731 573 17 741 1571 1549 891 2662 1622 687 2338 642 846 2486 1060 2844 2100 557 2548 1238 1291 2614 342 2363 1964 267 2473 795 2797 1375 307 1994 1539 262 127 1887 2266 1421 1278 57 1816 2356 405 1792 1509 2039 1861 1350 280 1551 2339 2820 1930 526 1580 2610 633 1827 1 2418
1896 505 28 1563 523 175 238 2181 2819 2500 2283 734 313 1827 458 847 2674 1339 152 1741 2552 849 2250 587 972 2479 1532 2119 2527 2099 354 1704 2191 2716 1376 1852 2681 330 503 671 2365 2742 772 2689 2557 81 2177 1708 633 711 2370 92 1680 2534 1746 120 771 1876 705 504 2322 1774 2592 532 2028 1473 696 1873 2814 2193 1010 2144 2052 533 261 1332 602 1111 2343 1956 2228 2237 1302 1117 2774 2812 507 2610 2764 68 1974 162 1461 1917 670 2789 740 2770 2597 872
2843 301 392 2331 1419 257 1731 1645 1871 1138 2613 1800 2609 937 288 2377 416 1527 1707 535 519 742 1131 2763 821 1068 678 1387 1794 730 406 338 2341 2102 2788 1526 1992 1007 605 1385 2005 1002 1119 2516 2299 1678 1732 2151 2196 673 1424 2145 1894 1379 2275 2697 1040 593 365 855 870 1779 830 2720 1450 1243 749 311 2251 2364 253 459 2830 1466 1676 410 1498 1573 603 773 1850 144 546 863 2492 774 825 2549 1613 1442 393 2518 2417 1094 387 172 99 281 2678 94
1816 160 2094 1078 2403 1982 667 1421 1530 1480 226 1925 1619 1366 1660 2607 2269 1863 299 879 2833 428 2092 2371 2797 2633 2431 2139 385 867 814 352 687 1539 2844 2776 264 1735 2460 837 1122 2455 1589 1025 1549 2576 741 1814 2484 1815 577 557 2595 2266 2731 2811 1060 537 891 1009 262 2255 1159 127 1069 90 2363 2473 2189 2138 641 1341 2820 2835 2614 1373 2710 2412 2175 403 888 1295 405 2771 2758 2738 986 1571 1607 1807 454 1238 2063 1338 166 1291 1828 1324 2104 1803
59 2367 2389 2832 312 1202 1545 1146 372 1752 950 2270 2082 626 4 2300 1737 556 1799 987 85 635 1102 547 943 1386 2477 1405 1721 1876 611 1319 826 283 518 613 1934 2411 2501 1407 2044 271 1942 188 1408 2528 2440 1656 134 1926 266 526 1644 864 2817 2790 2037 1677 817 994 1827 2556 68 1117 28 1725 274 2119 1010 1892 2144 2069 608 238 1771 2631 2610 587 1302 2322 2181 505 1339 2370 1774 2283 152 2689 2764 633 553 1974 2527 2681 1332 734 2588 81 972 2148
505 1563 523 28 238 175 2500 1896 2181 2283 2819 1827 313 734 458 2250 2552 152 847 849 1741 2674 1339 587 972 2527 2716 2119 2479 1532 1704 2191 2099 354 2681 1376 1852 2365 2689 81 330 503 2557 772 2370 633 705 2534 711 1680 2177 2742 92 1876 2322 1746 671 1708 120 771 2592 504 2193 1774 1873 1473 1010 602 1332 2052 1111 2144 533 2237 261 2228 532 2343 740 2774 2028 1302 1461 1917 1974 2814 507 696 1117 2812 2610 68 670 2764 162 2789 1472 2597 872 1314
2370 2534 81 2689 2365 705 2119 2527 587 972 2681 1827 238 771 2181 28 1010 1563 523 2716 505 1741 2144 1532 2479 849 2500 2250 175 1873 354 2283 2099 2177 92 2552 2819 1376 458 1708 1896 152 1704 847 120 2191 734 2592 1339 313 330 2193 68 2322 772 2674 1974 1302 1680 1117 1332 602 633 1461 711 1111 2764 670 968 1473 2052 2812 2557 507 2770 503 2774 2237 553 2742 1852 1917 740 2789 533 1746 1314 1955 504 671 1876 2809 1799 2631 261 2597 1774 2610 872 2821
2313 1560 2554 894 2153 419 1632 189 96 1927 1032 1425 2060 1844 1858 2567 106 396 229 1171 1363 481 2751 1288 1286 183 1214 941 2109 959 1703 506 22 621 2627 1987 744 281 468 84 2216 171 1995 815 565 2760 1251 2152 333 2182 2705 2401 1364 1153 2502 1283 2831 971 2645 236 1661 2188 1321 2726 2608 1064 1098 2522 1802 45 2720 2162 1880 1108 1761 2261 2118 2688 592 115 609 629 1304 2249 1865 2263 60 387 761 2498 1525 2612 986 2030 43 2126 2156 2497 2056 2317
70 1839 431 1125 2510 1753 2561 1834 2777 2772 2015 2478 1252 2077 951 1035 2818 18 1842 2 601 2663 767 1557 315 1759 1390 2622 2757 2000 395 2149 1801 2656 1845 436 2624 1976 1230 2113 1798 1951 461 215 2482 737 2686 1605 1559 1394 962 850 277 1306 1213 2644 58 522 1693 191 731 304 1247 2178 863 2502 2645 929 2066 2400 1902 2152 2540 658 848 1175 2475 1504 2355 308 1788 1241 208 1510 922 2107 768 1833 39 278 1548 477 889 1420 2599 572 529 1225 1347 1683
1779 1385 2145 406 1007 1992 2102 773 1526 1325 2763 2516 519 1511 1969 1442 1894 811 1707 1871 1138 1731 2613 1645 1800 1466 742 730 257 2609 288 186 709 410 112 338 664 248 365 11 1783 2843 2110 870 648 435 544 363 605 2723 2429 1097 1293 114 1039 1127 1005 1079 1404 1124 455 1089 778 786 999 1181 2301 207 806 418 1822 471 534 1438 131 1274 1503 2053 1100 382 1918 1506 94 331 2328 2711 2765 61 1662 452 2491 2634 225 881 1481 916 726 89 478 838
1125 70 1753 2777 2077 2772 2478 2561 1834 1839 2015 1252 951 2510 2818 431 1842 18 601 1035 2 2663 767 962 1845 1951 783 103 1306 1423 2471 1830 278 1557 1175 2624 315 2656 1230 1798 297 15 436 2762 1323 1389 1225 1759 1559 215 1683 737 2154 322 688 578 126 2622 1222 2601 2400 850 485 2546 1608 1954 2000 2149 702 1711 351 2214 1902 1654 2410 1357 1322 393 1510 1582 1533 2167 2815 1908 831 1390 1027 1066 896 848 1641 1835 905 2757 272 572 1235 560 2107 477
59 2389 312 2832 1545 1202 2367 1146 987 2270 2082 626 4 1737 556 85 372 2300 1799 950 1752 635 1102 943 1405 1386 547 2477 2411 1407 1721 2528 1876 611 1319 2044 1934 826 2501 1644 518 283 188 1656 1926 2817 817 2790 221 2631 1624 134 271 1408 613 1942 2440 266 633 526 1117 994 2119 238 1708 2322 864 2250 2681 2144 68 261 1680 505 1974 2588 972 2764 1755 2774 805 28 2556 2689 587 2610 1563 274 2370 1827 2059 2597 2806 711 608 1302 553 120 1461 734
59 312 2389 2832 1545 1146 1202 2300 987 2082 626 2270 85 1737 4 556 2367 1799 372 1752 1102 950 635 2411 2528 1407 2044 1934 1644 2501 943 2477 1386 1405 547 2817 1656 1721 1876 2790 826 611 1319 283 188 817 1624 221 1926 518 2631 266 613 134 2556 238 1369 633 925 659 663 271 261 505 2069 2588 2689 1827 2181 480 1680 28 2322 2283 2119 587 2250 1942 734 1314 1955 2610 1190 2370 2597 523 1117 175 550 711 972 26 348 2500 1302 2681 81 1563 1408 2527
2558 204 1944 2766 1212 2294 2842 137 899 2135 1055 2825 2741 1935 1463 2728 1606 447 2305 116 97 1067 79 2041 2068 1134 165 1547 2511 725 246 2382 1464 722 1076 804 2506 2248 2736 1130 2292 2813 692 2286 2719 1126 1223 1056 2665 948 1937 1874 2393 329 686 2435 817 146 723 2617 2207 2319 1940 2258 2300 1825 2367 950 659 1639 1777 2057 2592 2817 677 1369 1926 790 81 90 135 238 1453 2052 1752 362 442 348 2413 2365 1490 521 1841 925 2039 85 1656 188 480 1314
945 1579 841 9 2792 1583 1179 1769 2491 2328 2252 1578 2682 1977 1354 919 952 1920 639 1651 998 1063 1791 2647 1470 517 2711 1989 227 778 748 567 1970 118 382 1531 916 1585 1770 887 2042 2729 2778 819 1854 928 2723 196 1667 422 2575 2740 114 2361 2065 1657 982 2557 1972 721 1647 478 108 1921 1302 840 2467 1912 125 1317 2821 464 1706 2402 936 2061 2505 2465 2690 2008 2062 719 1048 200 192 1932 1961 241 764 643 2634 1465 1472 1395 2334 533 1281 61 456 758
1681 1742 487 337 2600 1705 1384 942 966 2085 2543 2458 1495 360 1853 1000 2259 710 1695 54 2782 1739 542 660 1673 1893 2696 2664 2257 1370 1614 1508 50 1331 791 2369 2803 813 2262 355 1554 1565 1978 1287 908 1031 747 416 770 852 1396 2134 243 1528 1770 446 1119 2711 530 2596 2660 2392 1105 2049 1002 639 2647 2824 1237 776 1354 1906 1920 1579 952 1700 1902 854 517 919 1039 353 615 241 1145 343 206 923 1604 1582 1854 1534 1731 9 98 1209 914 1688 1871 1808
1663 1054 1444 1649 2707 1328 947 645 2011 1623 169 2837 445 1679 2050 735 1617 2130 440 2840 1775 2767 2836 1029 1045 1782 1253 1261 2287 1993 179 1422 1381 2241 712 1658 1552 1218 197 1544 1208 900 1840 965 194 134 2439 1437 2628 2046 497 2544 906 992 319 1710 1307 1586 1860 2352 674 1489 1486 2084 1948 1788 463 489 51 559 2387 1051 769 1417 231 1046 860 1627 1416 2650 1897 1362 1289 659 2397 1701 1428 1468 936 2631 433 2632 259 2419 2146 1172 840 2082 2826 1123
1125 1753 2777 2077 2772 2478 70 2561 1834 1252 2015 951 1839 2818 1842 18 1035 1533 601 103 1323 2510 297 2 2663 1357 213 431 1845 2624 783 119 1830 424 725 2000 1986 1130 29 1940 2601 2408 1856 2656 80 1423 2172 126 286 1389 555 2260 2161 165 1914 2210 2533 1996 340 1641 2320 777 2471 1785 940 688 2394 332 215 1091 1115 2785 2421 962 2224 1798 1175 142 581 640 1149 2441 981 1728 2333 436 1559 757 831 896 2190 1759 766 707 767 1965 1296 2214 1825 272
581 1093 2546 1898 2579 1115 374 407 2759 1785 328 2238 2114 1389 1228 789 766 483 1427 1683 2381 1847 2540 1971 1161 803 341 1883 545 1353 2066 1513 251 1773 2422 1795 2129 2504 1900 1213 2523 1300 2242 34 215 1224 436 1116 304 101 240 2113 499 2178 989 1257 2040 737 2277 2784 777 1394 47 1838 1713 1714 1178 2180 1230 1786 2260 2644 364 576 1801 1180 2190 1357 1996 39 2254 395 2288 529 683 76 485 1990 926 2202 1561 676 230 1091 1106 564 293 2000 457 1559
1037 1118 1124 430 1187 331 999 1472 1140 1475 655 2053 726 478 2557 2236 484 391 1862 883 2059 471 1438 1662 220 2301 1101 1011 2093 1273 1855 2806 2075 2801 1303 1278 402 2407 1918 936 2698 1503 2061 1921 2465 2505 1972 1647 806 1395 2402 534 2429 53 1216 1506 1635 721 1024 390 1 1967 314 363 2406 1050 758 1143 1648 518 1715 1008 1756 1317 1568 389 31 2822 1961 1524 872 2687 974 2610 786 349 799 1730 553 2213 1829 2361 1481 701 2470 805 203 452 561 1755
1146 2832 312 1202 1752 2300 59 85 2367 2389 950 987 1545 1102 556 2082 2270 372 1799 626 635 1737 4 943 1926 1405 518 2790 547 1386 1656 2631 2501 1407 2044 1934 1721 1876 2411 817 611 221 1319 188 2556 1644 663 2528 2817 613 2069 1624 2477 826 2538 238 925 283 1369 1840 2588 1111 480 2181 705 2322 348 2241 505 2365 1636 2842 26 2439 550 28 2119 602 2250 2370 1544 633 2714 2283 2689 1606 2500 1563 2193 313 1680 1381 587 175 1190 523 1339 2148 2454 994
1160 1206 830 1678 2483 2126 731 603 1732 624 1412 2275 1450 1322 1073 1074 713 1147 2463 2410 691 1066 393 322 1145 1620 2098 1342 863 2514 1225 905 1226 1023 823 488 339 1646 1911 2636 612 2655 401 351 2469 453 1717 2518 2136 2154 1740 1954 208 1423 2009 595 2167 2055 2747 694 1750 997 1984 2695 2642 1047 73 2577 141 2107 2080 2587 1654 1244 1482 1628 461 1219 99 1865 1688 2245 1312 347 2086 724 2722 2163 111 1162 1404 1267 1666 1155 72 1241 308 747 172 409
967 707 213 2295 2413 558 135 2408 1448 2615 1804 1849 91 2235 1719 2354 792 1478 1265 1867 1945 2566 2296 424 232 1269 1296 1722 119 2533 1383 520 1728 2320 2390 2638 1149 29 80 1529 218 1533 19 754 2756 1689 739 2024 2224 499 184 286 2021 2172 1733 2260 2744 2673 2472 757 24 1091 1588 1996 1132 802 540 1231 634 988 1431 1597 426 2143 509 2090 569 498 142 1492 121 2728 388 1038 868 536 777 2649 1055 1889 2078 193 1562 2029 733 36 725 230 555 554
1096 1948 1416 1897 1993 1362 2556 85 1569 987 2790 547 2817 1656 712 2721 312 1386 1586 635 1381 925 497 1045 238 1926 2241 2082 518 28 2832 188 1617 817 2631 992 2034 1934 348 2300 259 231 2528 59 480 155 2270 1636 611 2411 1316 1369 2312 1827 221 1218 2389 1545 1405 1051 950 1496 2272 2454 1319 1422 734 556 772 1840 1873 2501 2681 1563 2367 175 317 1407 2283 505 2119 2545 159 805 715 326 1796 587 1644 194 2713 2789 1658 1774 2806 1974 2181 2046 1302 1187
525 654 252 2311 383 679 625 1248 1505 1598 1435 1389 1356 2137 2565 2070 113 2546 1141 1683 858 2113 1115 304 2178 216 1230 1506 822 1394 1213 2066 545 245 752 436 838 455 215 737 2644 572 1951 2759 239 131 495 139 209 962 2173 2540 2232 2787 658 395 1262 989 101 144 374 2280 2794 1306 1282 2054 803 1612 241 1175 2316 2634 2593 1140 2164 1900 293 1427 251 529 2611 1798 27 1781 1503 105 1404 2669 1662 290 408 2091 363 2355 49 643 1241 1688 452 138
2624 1845 848 1830 702 126 2471 931 2601 1114 103 1908 297 578 688 1323 1767 2276 1235 990 1608 502 1413 835 1186 284 1107 2314 1340 1391 1720 250 1821 768 522 1975 684 65 2388 1254 903 1310 850 1512 1175 1125 2000 1559 1423 1951 1683 2656 962 15 2777 1066 1322 1709 2815 783 1162 1954 2478 1225 2762 1230 2152 2355 1711 2362 278 954 1753 2036 2463 2475 2432 2325 144 1306 1206 2645 1027 1226 2077 351 1222 1798 2113 70 731 379 208 836 581 1641 1504 1817 2154 572
729 2798 2539 2629 1429 865 2428 2031 1070 2120 2640 2221 2038 1399 1266 358 2795 964 1952 1949 1754 2570 2808 1337 933 432 672 1272 377 932 698 640 2335 2421 2828 2602 2520 2671 2083 1668 1374 1041 13 2210 1910 828 1038 2839 1764 1521 1049 1329 323 1189 2561 340 2333 2591 1987 839 2295 1430 370 815 2227 2150 1256 2108 2047 1945 1035 176 1728 1562 19 1553 119 2566 2320 2366 481 979 2032 1296 1431 2117 2786 135 2351 473 757 1265 543 70 2650 1383 2493 2324 1448 754
455 1262 1421 2727 1 2269 2820 2139 299 160 226 428 2833 2371 2092 1520 2576 307 352 1982 1814 1568 667 2189 2232 2213 349 2844 2094 1539 154 1925 264 2460 1506 1349 234 1549 1964 1025 2614 2399 1816 879 1078 2266 2484 405 1815 685 2473 741 1619 2455 2797 837 1366 1140 2595 166 687 2340 1540 1572 2738 1863 1143 891 2013 1118 872 2835 2776 2698 936 1122 317 999 484 2431 478 1822 2505 2465 2343 534 2715 1356 363 726 2053 2429 1303 2764 1643 1828 806 2236 1124 1530
2252 1583 1179 1651 1579 1977 841 945 2328 1769 2491 2682 2792 9 919 1578 952 1354 1063 1920 639 998 1531 2729 928 1791 2647 517 1470 227 1989 916 118 887 2711 567 748 1970 2778 382 196 778 2042 2723 1585 422 819 1854 1667 2065 1770 2310 982 2740 2575 764 643 719 2008 241 495 2632 456 840 2349 2634 464 478 2505 2465 786 1706 1918 936 1972 1289 2062 1048 2316 2611 108 114 1647 1281 1822 721 1438 1932 1662 2821 1692 324 113 1282 129 207 471 363 758 2402
767 1938 2510 431 889 1443 2686 1833 1747 2818 277 2496 1035 951 70 1834 1252 2015 369 1839 2561 990 1460 1610 1884 1277 2118 1980 2702 2726 2685 1556 2315 1015 20 502 824 903 980 2609 19 1425 1013 2108 2591 122 762 1456 2532 1605 844 482 1891 2162 163 922 713 1336 1908 676 167 1074 886 214 973 1254 1416 2571 2546 2451 398 1342 1105 1928 2668 1188 2820 2612 257 2502 2203 1401 1744 300 1637 2160 597 1061 2230 400 2401 997 744 985 2348 2476 2791 1750 1085 2620
59 312 2832 2389 1146 1202 1545 85 2300 2367 1752 987 2082 2270 626 1737 4 1799 556 372 950 1102 635 943 2411 2528 1407 2501 1644 1934 2044 1405 2477 1721 1656 1876 547 1386 2817 826 2790 1624 283 611 518 188 1319 1926 817 221 2631 613 2556 266 663 2588 2538 271 238 633 2322 925 68 2250 1942 2440 2069 1408 28 261 2144 2119 1680 1339 659 2370 587 505 2689 711 526 2283 1369 1117 2610 1827 602 480 1840 2439 1332 1010 2181 2842 972 2592 2597 1746 994 864
2468 956 1524 1882 829 467 669 2285 1730 2823 1378 2168 685 628 452 1022 476 389 661 108 1026 2687 125 203 2194 840 2634 758 1761 788 753 1912 1227 1039 2505 2465 89 2398 2407 241 1629 501 1923 936 1503 478 2749 1655 2062 782 1281 1831 1220 1018 2387 2611 456 1048 154 1822 643 2142 1612 138 464 129 2632 324 2261 2301 1706 1335 1062 1275 1929 1932 1303 2806 53 2595 1662 402 363 909 1153 1097 1813 1008 1293 786 387 471 2429 1438 2531 331 2710 1124 147 268
503 772 1746 633 711 1680 1852 1774 2322 2250 2193 2592 1332 162 602 1111 2052 120 2237 238 1563 2681 28 740 505 261 2552 1704 523 1164 1109 699 963 316 235 2799 2181 587 1827 1182 367 175 972 1991 2283 2119 2191 849 1823 2099 354 2479 2527 2500 1896 1708 1532 1741 734 2597 2819 330 313 2716 671 2742 2814 532 152 2610 847 1376 2789 1339 2365 81 458 771 2674 1873 1862 2028 1885 1327 2370 890 2212 2689 2557 2144 2306 696 2534 1650 1543 507 1135 649 705 2822
2600 1681 1705 487 942 2085 1742 2543 337 966 1384 2458 1495 360 1000 1853 1978 2262 2259 710 1695 54 1739 1673 2782 542 1893 1370 2664 1614 2696 2257 660 1331 852 1508 747 50 791 2369 1119 1002 2134 2803 355 416 813 1554 1565 770 1031 908 2392 1287 1528 1718 243 2596 1676 639 1396 1920 1770 2647 1479 1902 2357 2049 446 1582 1700 2475 776 854 579 343 206 495 2711 278 1209 2026 1385 1688 1290 2378 2824 2762 1579 1145 241 923 118 25 151 566 615 208 1822 595
1728 2320 2021 754 1231 2756 2533 1149 757 1533 29 286 2172 2673 1296 119 80 707 1383 1478 2295 2472 135 218 213 2413 967 2408 1984 558 2260 2224 1448 1719 424 184 1804 1265 91 2235 1849 1945 2566 2638 2615 792 364 19 2354 2296 232 802 2366 1312 2333 1867 142 1269 2078 1492 529 1722 1562 121 2561 2090 1529 1439 520 1132 1588 1537 1451 2040 429 589 498 2464 499 1361 739 2077 988 1431 536 1890 480 1394 733 2108 569 2668 866 766 2016 1268 1793 1597 328 1430
392 301 1419 2331 937 2843 1527 2377 535 2341 519 257 2763 1387 821 253 1992 1077 870 406 2102 1385 1894 2264 94 1068 1007 355 1731 1455 773 538 701 2145 248 920 2027 975 1133 648 2219 27 2680 1779 2103 2036 1963 530 1131 311 2565 809 495 881 1170 549 1678 2609 1843 1138 2005 7 2613 1454 490 546 290 2416 1871 1073 469 1424 131 1442 2164 1601 69 336 434 1024 1210 1546 1565 1973 1598 206 2402 343 1014 1800 2490 153 2328 830 2537 1200 1941 1763 1404 33
883 2189 2269 299 2833 1982 2092 2371 226 2139 428 1925 478 1503 2794 264 879 389 1438 471 758 2455 2505 2465 331 936 667 1619 239 741 1278 2727 352 2576 216 687 1421 1124 1589 1303 1524 822 203 1140 2557 2164 1781 2256 1539 1662 2091 1814 2801 838 999 2059 2460 2687 858 2484 2173 1863 2407 2301 27 402 655 2806 363 786 1918 2280 1549 1127 484 1816 2811 452 726 2467 225 1472 1022 449 1101 1011 2776 430 1122 1735 61 1822 1118 2053 31 209 1780 1048 1475 245
348 480 925 2454 26 2649 1870 1369 2714 550 2769 179 2538 663 1417 518 2130 860 1489 2375 1701 2817 817 1545 2389 1710 1407 1656 188 2528 712 59 1544 1146 85 2367 197 1644 1752 2411 463 626 2501 1934 2039 2790 1665 135 2439 1624 421 2842 1737 1926 1319 611 987 1551 312 659 1381 1680 2050 1102 857 2300 1202 1386 746 1658 2044 2556 2356 2413 1887 1350 2034 2322 547 2659 2832 633 238 556 1792 2418 1045 1782 950 1664 1422 2082 689 711 602 570 735 1930 287 1776
2766 1944 204 2558 2842 2825 1055 2294 899 1212 2135 447 2741 137 1935 1606 1463 2305 116 2728 97 79 2041 2511 1056 1067 1547 2736 2068 2292 2719 2300 1134 81 238 804 1926 85 2813 1464 817 2382 165 1076 722 2592 692 686 2248 2534 246 2817 28 1874 2365 2052 602 2193 2370 1934 2435 1314 2286 1332 1656 2367 740 329 2501 68 705 90 2250 1624 1223 2034 1955 950 1680 1386 1407 1741 2181 2528 2306 2044 2237 987 2789 2265 2665 948 1117 2821 635 1126 188 633 772 1111
629 1113 443 2677 37 1006 586 1308 1082 1090 1763 84 1198 941 281 922 1283 270 2261 2761 1108 1949 1502 2494 594 1768 325 275 117 882 122 459 1766 2268 2535 2720 1184 2449 820 285 745 2688 823 1880 2101 2179 750 609 2194 1474 2203 1865 909 334 1995 2503 115 387 481 1153 229 2482 396 1596 1284 123 2048 8 2469 2126 1738 2498 2404 1137 614 60 1456 2188 1979 2303 1073 1188 714 1166 1221 1844 1363 1560 731 546 1541 989 436 215 814 1757 867 1891 2150 1080
617 1561 465 853 540 1631 2242 499 1197 751 2542 1928 1166 2409 2785 898 614 1593 895 1590 93 1161 2072 291 1535 714 1847 1785 1087 1773 1513 1207 1228 832 1558 2143 1795 634 2129 1597 1346 24 1689 426 2024 2430 1137 1914 76 2699 1300 2066 1786 1804 2745 1996 576 407 1538 483 1971 2224 1836 1257 983 1343 2190 1091 2489 184 2827 1265 2493 2202 792 1431 1357 2112 834 1727 36 1252 310 1846 1298 1178 2260 2324 1749 940 2441 676 1719 777 783 176 1103 1469 1483 2579
1385 1007 1779 2145 406 1526 1325 1992 2102 2516 773 1442 1511 1969 2763 519 811 1894 2613 1871 1645 1707 1138 1800 1731 1466 730 288 257 742 2609 410 186 112 11 709 664 2110 1079 1783 544 365 338 1289 2018 2284 241 94 2634 719 2146 643 2611 1822 2008 840 248 2142 290 764 495 1039 144 2632 239 1918 838 456 389 363 2164 758 207 1097 1781 89 452 1435 2398 1966 2311 1438 1127 464 1293 1647 1598 2429 936 2594 1662 1932 1048 471 786 418 1505 1395 1503 605
331 478 455 999 726 1262 1140 655 430 1101 471 1438 2557 1124 2059 484 2301 1472 1118 1662 1278 2801 1503 1475 883 2806 1855 2075 1037 220 1187 402 1506 936 2465 2505 806 2407 1862 2053 1568 1011 1273 2429 534 2698 2236 1303 1918 363 758 53 391 1524 389 786 1008 203 2093 1481 2470 2687 2256 780 452 2244 418 52 1465 974 1021 207 2232 1730 1022 383 2467 1039 1356 1780 89 225 1822 31 2070 1141 290 1 2727 1378 1048 1692 872 1929 840 1024 1708 2137 1917 108
932 1049 839 1521 698 955 1471 1487 323 2047 2032 370 953 924 56 1189 2573 2150 1041 2083 1949 1272 1400 2620 2520 13 1687 2428 2735 1754 2421 1922 1518 737 1910 78 2210 2738 1394 2113 1215 436 1978 984 1429 2000 1038 2482 292 1290 2629 1683 215 1199 304 2353 701 2792 1019 1230 545 300 743 2798 166 865 2149 2671 882 2218 1808 2561 2178 1502 631 205 2426 1239 2476 2 101 893 2539 199 640 2644 2768 1718 1108 2609 2423 2650 2791 111 2132 1163 2251 2578 2203 84
1896 734 505 28 523 175 313 2283 1563 2674 847 1339 2181 1741 2500 1827 2819 238 458 152 849 587 972 2552 2479 1532 2250 2191 2099 354 2119 1704 2527 2716 1376 330 2681 2557 1852 2742 671 2365 81 2689 2177 1708 92 2370 120 772 2534 705 503 504 1876 771 711 633 1746 1680 2028 532 2322 1873 2592 533 1010 2343 1473 2193 2144 2814 696 1774 2052 261 2774 1302 2812 1111 1974 2228 602 1332 1461 670 2764 1117 68 2597 1956 507 2789 2770 2610 1472 162 653 2059 2237
1993 2836 197 2767 1422 2840 1045 1782 463 1617 134 712 2130 1444 1381 1663 2241 1544 1658 659 1552 2439 1253 1328 2050 2628 1840 445 169 900 1437 1054 1486 947 179 1369 925 1386 2270 2082 547 348 2837 559 2419 1051 1319 59 2011 1623 611 2528 26 556 1407 550 194 1679 2790 1545 1261 2397 260 440 735 1870 645 1934 1649 1777 1948 188 1417 480 674 1405 1644 817 2375 1983 2817 1656 1029 2411 1307 1218 2574 1489 2044 312 433 1102 2454 904 2832 2389 2649 1468 2556 1710
2281 2288 1180 39 2495 1357 564 1818 926 230 2114 1786 2324 76 1846 1257 1538 2489 777 1106 2699 1091 1996 2493 1559 751 2247 2224 1971 739 1451 2000 1841 1986 1361 581 1825 2239 1940 1856 1836 2555 397 2073 362 1057 2784 407 1476 1903 940 1883 327 2791 1353 834 198 55 1713 177 728 1502 2554 1085 15 1685 2122 1116 2679 1004 1184 2829 1979 2303 1714 171 88 95 1950 2390 621 946 2176 1019 2132 1189 2179 37 1434 1749 2086 2607 1283 1304 2203 2118 1593 182 2737 183
59 2389 312 2832 1545 1146 1202 626 1737 4 2082 2270 1799 987 556 85 2367 2300 372 2411 950 1102 2528 1752 2477 1934 635 2501 1407 1644 2044 943 1405 826 2817 283 1386 547 1656 1721 1876 611 188 1319 2790 1624 266 221 817 518 613 2631 1926 659 271 1942 134 2610 1827 68 1302 633 2119 1974 1339 2144 28 587 2789 261 2557 2069 1117 972 1408 1708 2370 2597 2689 2283 1896 2681 2440 2821 2250 2556 238 2527 734 553 2774 2534 805 925 505 526 507 1755 2322 2812
1132 1588 988 193 121 2090 536 569 1268 36 1431 733 2117 866 680 802 2333 1430 1553 1256 429 2078 332 1492 2384 142 1699 1038 2668 2029 2227 1562 1393 2743 176 878 21 1890 427 2451 555 1033 979 199 213 2108 289 868 571 554 1793 1754 2786 1236 1398 2421 340 1686 1888 967 2408 901 707 1418 2224 2267 2380 1910 417 500 2217 1886 2415 1053 558 499 886 828 681 597 1804 1719 432 1228 135 2295 2320 2566 1499 498 1785 1065 361 62 1945 2533 2728 698 1728 165
264 299 2371 1982 2269 2455 428 2833 2092 1925 2189 2139 667 2776 1619 226 1589 1122 2484 2576 1549 2811 741 1814 837 879 1735 2255 352 2412 1863 1815 687 2731 1009 90 1338 2138 1159 317 2844 2460 2662 891 2063 403 600 2797 557 17 1539 2548 1571 573 2338 262 1060 2614 846 2473 342 1421 127 1278 1238 2266 2363 537 642 1509 1291 2820 307 1964 1816 1622 2403 160 405 1 2100 471 1662 478 1438 1127 1373 2285 1472 1140 267 643 1822 838 1011 1274 1781 402 1375 2062
1371 1525 2263 2623 214 1280 2572 327 2152 106 2141 1661 2841 96 1139 1632 1953 1927 2751 924 2567 1171 957 2348 22 2678 1214 2109 621 2502 1605 189 894 1602 2153 2060 629 1032 2554 1113 183 941 1659 1727 84 2555 40 954 198 2404 419 1738 1084 15 272 1222 1957 171 851 1397 2214 2030 2176 831 409 55 1866 2655 1420 38 2641 1685 2401 2497 592 728 420 2612 738 731 1177 479 744 1206 1712 1845 117 2058 560 1434 1999 2768 2414 384 2762 1720 149 2469 2645 2216
2649 1369 348 925 26 1870 2454 480 2714 550 179 2769 663 2538 817 1926 1102 85 835 1656 2790 188 2817 1624 518 1254 2300 2501 1934 1310 1407 1512 1644 221 1319 2528 611 1752 65 2044 2411 943 2367 2130 903 950 1386 2375 547 556 659 463 134 1417 2389 2082 2270 197 2832 2050 1544 2631 2766 967 987 1545 2610 2435 864 2556 312 1677 860 635 1055 2388 1405 1942 2397 2424 271 712 1381 1045 1892 1314 261 1552 2037 2439 2825 994 1408 1117 2840 1737 1146 1202 1944 1680
1579 945 841 2792 9 1583 1179 1769 2049 1290 1578 1017 639 2491 1920 2328 2252 1977 921 2682 1989 530 2647 1354 919 952 1879 998 1791 1518 446 1651 1470 567 1063 196 118 1585 1770 2064 1981 887 1531 1604 416 227 2778 1237 451 2596 778 748 1301 422 517 382 1058 1909 1970 2796 2711 2282 916 819 1667 2740 2723 2361 2729 2140 1613 631 2392 1567 2042 607 928 984 1854 2575 2093 2557 2462 2062 1823 872 533 662 367 1493 114 1991 1302 2343 849 2505 2465 1822 2821 1647
2702 2315 1980 2685 277 767 1557 2622 2496 369 889 1833 211 1390 2686 1747 1938 1165 2532 191 1443 1460 2302 315 2757 2510 522 1759 1073 241 2634 1642 2098 431 398 840 1989 2142 1100 2636 363 1047 1511 365 1404 2284 1794 870 1503 2667 786 478 2 495 2311 679 1678 873 830 1871 2429 654 1442 113 1039 1005 1248 2747 1582 920 1147 2355 131 1413 1024 1481 625 1902 471 2398 1008 1438 1133 936 53 2276 2407 1732 2018 1534 1688 2788 389 2377 782 2824 1124 144 2476 455
850 2362 2512 1504 222 2691 2355 2218 1911 1436 1933 2593 1790 1267 477 1305 1638 2071 2645 2432 1044 144 1709 836 2147 2587 1321 935 99 208 1510 595 1479 981 399 2167 461 453 1717 1098 796 2655 2750 2163 1976 2074 1628 1160 401 2156 73 823 141 1145 2201 755 2342 2450 2420 731 1023 2096 612 1736 2126 1380 2098 2055 2469 1682 1806 1599 2642 396 2747 1047 2318 2463 437 1225 1954 1066 278 897 2762 15 1423 2443 1322 2537 459 1222 1711 351 2154 1226 1676 2410 747 2009
1085 1903 2122 177 2829 2679 1163 2452 816 1155 1688 2274 141 2163 1808 981 612 453 2055 1023 1404 1415 1628 460 401 72 1047 437 2722 1872 380 172 2074 1145 174 760 477 1621 164 2577 2775 156 1599 1233 1784 2587 595 2009 1100 208 2747 694 1241 73 399 2636 1089 2355 823 1951 1006 1510 2098 2537 144 1976 589 2502 850 1175 461 1911 727 1306 1605 1717 222 485 2655 2642 2152 732 1423 1305 905 2463 2086 1322 621 2245 1954 2362 731 1177 620 1641 2469 954 198 1886
1532 2716 849 2479 2119 972 1827 587 1741 152 2552 2181 2527 28 354 2819 1896 313 2099 458 238 734 2283 1339 847 330 2500 175 1563 523 505 2674 2365 2742 2689 81 2681 671 1708 1704 2370 2534 1376 2191 2250 705 696 2809 2557 532 2028 1473 2814 771 120 2592 1852 1956 2193 92 2177 504 602 1332 2322 2052 772 1010 1111 633 1680 1873 711 1721 2144 740 503 1876 533 2237 1746 261 2343 507 1917 1273 1117 391 68 2698 1774 2789 1302 2764 1974 2610 2228 344 2597 2774
467 1730 1022 1929 1378 2687 108 1026 2407 389 2285 1912 2765 2806 1275 840 2301 758 452 1039 125 89 628 753 1220 2398 295 2505 2465 1831 1655 788 1503 2801 2634 936 464 1008 268 782 1011 2062 241 1018 1281 478 1706 1822 501 1048 2142 456 1923 643 1303 2256 331 1932 1097 2632 129 2611 402 1062 131 1813 1692 138 484 324 1293 2531 2228 1335 1612 1843 1024 1875 1273 999 655 471 2467 495 1438 2698 1143 363 1789 1262 927 726 786 455 1568 1297 2468 1140 1918 430
803 989 341 215 1683 737 364 2040 436 1900 101 251 2381 1389 2546 2540 1427 374 1230 545 2644 1115 529 2759 572 1883 1394 1353 2579 395 581 2277 304 2178 2113 1898 962 1300 1213 2784 1801 2114 2066 766 1798 2504 1971 293 2323 658 589 789 1951 1106 240 727 328 2238 1306 1175 1093 1334 1361 485 1559 483 1257 2054 1786 2787 407 1451 1137 714 898 614 646 2495 1558 2072 1087 1207 1357 1166 2000 926 76 1180 2409 1928 75 2288 39 564 2249 751 2829 177 2497 761
204 1944 1212 2741 2135 137 899 1606 116 2842 1463 1935 1055 2766 97 2558 2305 2041 2825 2294 1134 246 2728 2068 1067 1547 2511 447 1056 722 2665 79 165 350 2813 2736 2435 1874 1223 2248 725 494 2382 2367 2057 1464 1937 1677 1892 2207 85 1130 1752 2039 686 1407 1771 817 2389 1545 2719 864 1899 950 271 2292 2037 608 274 59 2506 948 994 1126 526 1386 2300 2322 2499 2411 2528 1408 550 1680 2319 2649 2286 238 2044 1644 2817 2501 1725 2440 1369 2393 2625 261 2413 1202
1583 1579 945 2792 841 9 1179 2252 1769 998 2491 2328 1977 2682 1578 1920 1651 919 1354 639 952 1791 1989 1063 2647 118 567 1470 1531 748 517 1585 887 227 1970 2711 1770 2065 916 2778 382 778 196 819 422 1667 2042 928 1854 2723 2729 2740 2361 2575 114 982 719 241 2008 764 808 1822 1647 2316 643 1289 721 1972 2017 216 2402 840 2062 207 2632 936 1140 478 1282 1493 1438 2557 1143 456 495 1921 1395 1048 331 464 838 1317 978 2611 1506 2821 2018 786 471 1706
2548 2662 2455 2189 1375 1982 264 2371 1925 299 667 2269 1619 2092 2833 428 2811 2139 226 879 2484 1589 687 2255 1814 2412 1338 2460 90 342 2776 1122 317 352 1735 2576 891 1159 837 1863 741 600 1815 2138 557 1238 2731 1549 1291 2614 2063 267 1571 2338 1009 2844 403 2363 1060 17 1964 1622 1 573 1421 642 1278 307 846 2727 2100 2285 1022 331 1730 2610 478 2340 2806 57 1520 1472 1117 2059 405 2061 805 1896 1831 872 1816 1026 484 1756 31 1961 2687 1127 389 68
2092 2833 2139 2269 299 2371 428 2455 1814 264 2576 1925 1982 667 2776 1549 1619 741 837 1122 2484 1863 1589 2189 2844 226 1735 879 1009 2731 1815 352 2811 1539 262 2185 2255 90 1129 1684 1159 1411 2412 2460 2584 2298 891 1694 795 1373 2797 2138 1338 2771 2063 687 2473 317 2338 2616 17 1807 1360 143 641 888 557 1295 1238 600 1291 2662 342 403 1622 1630 267 573 2363 1440 1571 2385 1366 1405 2100 2486 1816 1294 2727 1446 2659 846 2356 551 1887 1060 1994 1112 1520 1421
807 1697 759 1260 1797 181 620 2643 732 411 1702 546 1188 285 2043 1221 6 1541 2666 2171 922 2816 582 2810 1456 820 650 1570 1083 1882 475 1891 1723 2346 298 956 1284 1916 2268 1153 1763 2425 1603 1285 154 2476 334 1318 1524 973 750 829 2167 1090 459 2211 600 980 2823 1806 661 2727 2388 2807 307 372 636 1911 2020 1 37 1072 1884 122 1340 1104 795 2399 468 1201 2168 579 903 1767 2312 32 2352 2118 990 2667 1626 1320 1688 619 545 1520 1237 2496 2276 521
658 727 1175 589 1951 485 2113 1306 2178 304 1213 2066 1312 1389 1361 1394 1798 2054 646 962 545 2787 1334 2656 1683 1230 2546 714 1801 2000 293 2022 1106 1166 898 2072 1451 572 1559 1558 614 676 1115 1087 1886 2409 2497 1207 1137 853 2277 1333 75 1928 2149 198 395 1288 1304 60 2323 2179 310 1184 1685 1703 2161 1502 2502 1300 1363 1738 1891 2152 1222 1605 954 529 374 93 2203 2114 621 1412 393 731 1019 2469 895 2784 1979 1322 479 1423 560 2107 940 922 2245 1693
1896 28 505 1563 523 238 734 847 2674 1339 2500 175 2250 1741 2181 2819 313 2283 1827 458 152 2552 849 972 587 1532 1704 2119 2479 2191 2527 2099 2716 354 1376 1852 2681 2365 2689 671 503 81 772 1708 330 1680 2370 633 711 2557 1876 2534 2322 2592 92 2177 705 2742 504 1746 2193 2052 1473 120 771 1111 2028 602 1332 532 696 1010 1774 1873 2144 2237 2814 740 1956 2774 1302 2812 261 533 2597 2610 2789 1974 1912 1721 1117 2343 999 1917 2228 1831 1655 1706 670 507
247 1359 723 2585 1772 539 303 450 1204 153 1997 1121 2582 206 2485 1403 343 1751 862 2453 2603 2718 549 1633 764 2008 2551 1289 1245 719 2284 2165 2026 512 2018 776 2488 1247 2487 604 2349 1566 1368 2146 212 914 1347 2110 136 2209 982 118 1817 664 492 2479 2019 1493 2459 579 1674 812 566 1367 495 415 11 58 1582 1066 2779 1351 1225 98 1800 2012 1645 456 871 1651 1902 168 2007 906 2550 2154 1437 742 854 241 311 2599 1209 900 353 35 2225 324 1507 1813
761 2249 2497 75 198 1304 60 1727 834 2555 2058 1865 1749 1288 1300 1277 676 1703 2022 2437 2216 940 1995 2737 1004 2317 1363 1685 2784 2178 1343 304 1672 2700 783 171 2113 1333 954 621 44 949 1883 1847 2469 2066 251 1161 731 2656 2542 479 1795 183 1251 384 16 2182 1483 1361 2149 941 1801 1353 1106 1178 2126 483 1990 1447 658 727 506 1513 2760 1213 1420 1712 1773 2841 738 1371 1206 272 2705 240 1427 560 1891 1760 341 310 1957 2214 1451 1364 576 1835 1222 308
1757 1255 986 882 123 2150 2767 2836 2840 1045 1617 1663 2130 1054 1444 1993 965 1649 445 645 1328 1422 319 1782 1775 1700 2050 1362 2778 1208 1261 2815 1897 440 928 1902 900 2707 1437 1860 2011 2241 854 1657 1636 2272 1623 497 2482 2378 1218 1582 169 2012 1679 995 2837 1253 2631 947 1817 2713 1586 1120 278 1600 735 2762 1948 1486 2599 1307 136 1123 1416 2732 2628 211 930 155 639 674 1711 1051 2142 1840 1878 2589 906 1881 572 1096 1316 2515 952 1710 113 712 2287 1289
1532 2552 849 2819 152 313 458 2283 2181 28 1896 1827 2500 2479 734 175 523 1741 505 1563 238 972 1339 847 2099 354 587 2674 1708 671 2119 2716 2250 1704 330 2191 2527 2742 2681 120 532 2028 2814 1376 2809 1852 2365 696 2557 2689 81 1473 2370 2534 1956 504 261 772 92 2177 771 1876 633 711 503 1746 1680 705 2322 2144 1774 2592 1010 533 2343 1873 1273 1721 2610 2193 507 2597 1650 391 1111 2052 1135 2199 2698 2789 1917 1332 602 1117 68 2764 649 1099 2822 1974
2437 1672 44 16 2317 2700 1836 1990 1469 1447 2249 1178 1483 376 1749 761 1304 47 60 834 1727 1838 1714 2555 2058 75 198 676 2497 1183 1713 1224 2180 2523 832 2202 576 2745 1116 1277 940 1914 1004 1535 1476 34 1057 291 2422 2542 2785 683 88 2737 1288 1343 2216 1703 1363 2112 95 1103 1685 1856 1593 2129 1251 2190 2441 1346 2827 171 1364 621 2760 2656 1425 596 2022 1176 310 183 783 2179 2182 1529 762 1032 1847 2149 189 76 954 949 1161 2554 176 617 1795 2030
2819 458 849 2500 1896 152 313 175 2283 2181 523 505 734 1827 28 1563 2479 1532 2674 1339 238 847 1741 2552 2716 587 2099 972 354 1704 2191 2250 2119 2527 1376 330 2742 1852 2557 2681 2177 671 1708 2365 81 2689 92 1876 120 504 503 2370 771 2534 1473 772 1746 633 705 261 1774 1873 2322 2144 2814 532 1680 696 1010 533 711 2028 2610 2592 1721 872 2789 2343 1974 2193 1302 1117 2809 1332 1111 1543 2764 296 192 2597 602 1461 1164 2025 2052 61 1109 507 68 2199
485 1175 1306 1951 727 589 658 1798 646 2054 2787 962 293 1312 1361 1334 2656 1394 1451 1213 2113 1106 2323 2178 395 2000 304 572 2066 1559 1389 1427 2644 1801 2540 714 1207 1230 2072 529 545 614 1558 251 2149 1886 1166 1137 1786 2409 1971 1257 898 853 1087 1300 1683 426 310 1597 1883 374 676 436 2546 215 2784 803 2143 1115 1928 634 2022 1693 2277 1197 581 2381 2430 76 93 2114 1333 1900 2024 2161 1357 954 895 1984 1685 1353 24 2579 2016 2179 2542 1738 2472 101
2173 2280 245 209 1781 2164 2794 139 838 2669 2091 2025 192 2232 239 2396 1787 61 752 49 408 1282 225 1555 1141 27 356 654 296 2070 216 1240 1127 449 207 383 1924 2693 822 1780 799 525 1021 858 1248 1356 504 2244 1465 1505 780 290 1274 418 1435 653 805 113 1755 2470 1598 314 1050 1168 1299 2017 2531 2311 52 1024 1635 1967 390 786 1568 1481 2765 2557 1715 422 625 220 2343 806 2429 1317 534 883 2565 363 1472 1395 2406 2137 1921 1756 1506 53 268 1011
729 2640 2798 1910 2629 2539 1266 2083 2578 1337 2428 2808 1429 2335 1764 2570 2120 2031 1399 1070 828 640 1952 2210 2795 2839 2038 13 964 2451 2221 2384 377 1272 2108 886 2571 2561 1418 1686 20 1256 571 1553 1793 2401 2421 569 2095 2612 21 536 1065 499 427 636 2415 980 341 2260 1754 1883 289 1353 1430 2118 1004 2068 1038 2520 2668 1315 597 1884 1521 1329 370 2726 1049 2513 1661 1434 22 1839 1562 2568 119 167 2807 502 1217 762 468 1949 617 2546 199 1502 1713 2786
629 1113 2677 1198 281 1006 594 941 37 183 2494 443 84 2179 2030 1283 1502 1308 198 2497 270 1738 2521 1082 586 2841 1371 60 214 75 275 940 1184 1768 1304 1525 1880 2502 2101 1090 148 2761 510 2203 1139 474 2249 1288 1222 1591 1763 2469 621 1703 2048 327 2214 761 1004 2542 1628 2074 272 396 1949 823 2540 614 834 609 1750 376 1263 1749 76 1957 2409 831 1836 1144 2058 384 1108 1979 479 2216 2086 560 1835 1420 731 171 905 1166 1488 922 2152 1363 1057 2182
2045 2023 1584 2755 258 770 747 1320 19 2609 1035 1980 1731 1138 1839 288 1707 1800 530 1587 2685 1047 1237 2261 901 2561 1073 2415 410 446 1065 248 1968 1673 704 2478 2217 1628 2426 2251 2194 2049 2793 1466 257 2613 2482 597 824 1105 2545 908 576 519 989 365 70 2222 1739 237 323 2302 1844 875 432 2746 1006 132 760 651 482 39 1872 2568 941 1401 2720 903 2425 1722 1928 1499 1165 1180 1286 1133 1305 1017 1976 762 1981 2423 111 527 2077 360 2108 7 416 2622
727 658 485 1175 589 1951 1306 1312 1798 2054 646 1361 962 2787 1334 2113 1394 2178 304 1213 2656 293 676 2066 1106 1389 1451 2000 1559 1801 545 572 1230 2323 395 1886 2072 1207 2149 714 2161 614 1166 853 1558 1683 2277 2644 1427 898 1087 310 2497 2022 529 198 2540 1304 2249 75 2409 1786 1257 2016 1333 954 905 1928 1197 560 2074 1222 1984 1137 1288 60 2469 2107 1971 2463 2546 1420 1641 1357 2126 1685 1883 384 1346 251 2245 272 1206 761 2214 1322 15 1703 2129 1597
1105 1396 243 355 1370 813 1554 1331 2257 2696 1673 1614 2660 908 607 2458 966 1384 1742 1893 1031 2369 50 1906 2803 2782 54 1287 1495 1565 710 2664 825 542 360 1705 791 2336 1739 660 2600 1000 2259 1695 2157 2093 1681 942 975 1853 1985 2647 1246 1124 254 1508 392 2049 1275 1967 809 701 337 1770 1929 301 343 1635 390 1037 779 282 1715 487 331 144 1808 1534 549 639 2053 2429 353 2407 838 1290 618 27 2274 1282 295 929 806 14 1579 765 999 2017 2301 1475
1371 1525 2152 214 2263 2623 1280 327 2502 106 1605 2841 96 1632 1661 1927 2572 941 894 1139 2554 419 2153 189 2567 629 1953 2060 924 1032 84 420 1397 2768 183 1171 834 2348 1727 2555 2030 1891 1288 1749 1602 621 2109 2678 2497 1865 198 75 1738 1703 148 2058 2751 2737 761 22 1363 940 2149 2656 117 1144 609 1251 2726 949 2022 171 1263 384 1113 2705 1084 1214 1343 479 272 1957 985 850 2214 831 2141 2401 713 2249 953 510 2469 1420 1304 2831 1004 2096 1750 409
747 258 1911 1320 99 770 453 796 1682 208 2163 1504 222 2318 1479 1628 2587 1436 2420 2355 2691 850 981 2362 2512 595 320 2218 73 1510 1933 1387 1638 401 1267 2755 2074 399 2147 437 612 1200 1584 380 2023 141 731 1233 2156 1790 1599 1676 2469 1717 477 1736 2167 1872 755 1145 760 1023 2593 1499 2450 1474 1806 2134 2126 1098 1047 2747 2642 144 1305 745 2071 694 1006 2098 2045 2645 935 2055 2655 2394 2722 2342 836 897 2096 459 325 823 1380 2452 2706 2535 1085 629
2267 2380 1236 1430 1553 2469 1886 2126 731 1628 73 500 1717 2074 1256 2415 2217 901 427 2655 743 1057 2163 453 2587 437 1793 380 208 401 1160 399 1599 595 981 823 2568 694 461 569 1510 1521 1233 1023 1699 760 2098 2423 36 2249 1038 1047 1836 2117 1145 2542 75 1304 612 292 1976 907 1685 2497 747 839 2149 1499 60 76 1785 1447 198 680 370 2668 2055 1399 1872 853 1312 45 1749 477 617 149 1561 2656 621 376 2083 2747 954 1641 1004 1176 1251 2031 1049 1469
2313 189 1032 2060 2554 419 894 2153 1927 1632 96 106 1844 1858 1560 229 468 1288 959 565 506 1286 1015 744 1703 1363 122 1425 333 2216 2118 183 171 167 2760 1987 1284 621 941 236 973 2249 1995 980 1113 815 1610 1304 2608 2497 1251 2784 2182 198 1749 1456 75 20 1188 2726 1283 1884 481 2058 2450 661 1364 1883 1084 37 2030 2194 1108 834 2261 1736 84 258 609 214 60 45 2469 1880 1806 1525 2633 1661 761 251 1371 396 2126 38 2705 2245 755 476 454 2401
1810 67 1012 249 1406 2509 627 202 2583 1075 1001 2121 2350 2766 1055 2825 1944 1606 2558 2057 2728 2809 447 137 204 404 2842 2183 550 892 1869 2741 1212 1874 742 899 232 925 2813 1408 2158 2435 1624 2367 2135 1056 2090 2020 1517 1752 1169 316 1894 1473 1223 740 480 2039 1945 135 1466 201 2305 499 1453 2736 1644 2440 1182 349 378 1409 271 2306 1109 494 2248 633 1609 165 817 2294 59 574 659 85 1901 152 2291 503 988 1407 1680 2123 2834 1202 193 2528 357 2411
196 841 1179 1579 2792 9 945 1578 2491 1583 2328 1625 1769 1977 2682 639 869 2252 919 1354 1063 1920 1651 952 1989 1470 1791 2647 1531 998 353 776 2711 227 778 517 382 1970 98 118 887 1585 819 2723 916 748 567 2042 1770 2474 1667 2778 2729 2575 422 1854 114 2740 928 2361 1963 2256 1864 1643 585 233 1282 643 2065 241 2634 478 2611 840 764 2632 1822 1289 108 2429 1438 1657 1048 471 721 2018 2505 2465 2284 2765 1395 1662 356 2017 495 1503 408 363 999 456
2227 2786 979 2108 2668 176 1562 340 36 866 1431 1890 2078 733 1492 142 332 802 2117 2384 868 571 199 289 21 1888 1393 429 555 2451 2743 2029 1132 554 1033 536 2333 1053 417 1430 1588 2224 1686 1256 1553 1038 681 878 680 432 1065 1418 1398 427 1699 500 1793 597 121 901 886 361 569 2217 988 1754 2421 2415 1268 62 2568 1236 1910 1499 76 1886 2267 2521 2542 1785 617 832 302 1561 707 1727 1836 2210 2380 2024 1535 1597 2320 1057 1272 510 1343 640 2745 1749
348 480 925 2454 26 1870 2649 1369 2714 550 2769 179 2538 663 1417 518 2130 860 421 1489 2817 2501 2375 1737 626 1701 1934 817 2411 2389 2528 1545 188 1665 59 1656 611 1710 1146 1319 689 2039 2044 1644 85 1407 1624 2123 2790 463 2004 1190 4 570 1551 1381 987 1792 1930 2574 2418 1926 312 1202 1617 2367 1752 712 826 135 2842 260 2356 1552 1102 2840 2011 1386 1453 283 2050 1782 2838 2477 1895 1680 2556 1993 659 2424 1253 547 134 2413 2659 1887 556 2300 2832 1544
403 1159 2063 2484 2138 1815 17 2255 352 1009 846 573 2455 837 264 1735 1338 1571 317 90 2811 600 2412 642 2486 667 1060 2100 226 1982 1622 2338 2189 2371 1925 127 537 472 428 891 299 1619 2339 2614 2269 1122 1863 1964 1238 2092 1291 1814 2833 1589 1994 687 2266 2731 879 2139 2797 1539 2776 2835 1421 1816 867 1828 307 2844 405 267 2403 2431 1025 2820 2710 2576 1349 195 385 2340 2460 1366 1698 1803 2473 2648 1101 557 814 160 1509 1520 1540 741 1480 262 2662 2738
746 1575 294 2229 1724 1664 1034 1234 2327 797 1276 493 857 2590 2461 2330 2186 1358 1392 704 263 2174 801 210 228 77 421 1457 1776 1043 2332 1792 1859 656 2418 1350 1375 57 885 793 2356 2456 1861 1877 1887 2659 2039 1551 280 1229 1930 706 2739 1542 1580 1191 548 720 570 1072 1665 2321 756 689 1279 1758 2125 859 2123 2374 2004 2517 1292 2694 583 2838 133 1765 1196 438 2548 158 2672 1365 82 287 366 2662 130 1086 2198 2155 557 2184 1030 514 1675 1345 470 2460
143 2185 2298 1440 1129 795 2363 1509 2584 1694 1411 2468 1684 1059 2529 2460 2175 557 1242 2710 267 2740 2749 2013 2473 2616 1215 386 1445 30 2271 879 787 154 537 2444 1619 1360 810 1514 638 958 1803 342 718 2517 1294 1630 1270 1112 2801 1982 71 1925 2340 551 1278 1446 685 2050 2189 891 2011 1258 735 1373 526 2130 665 1238 1831 864 2481 1571 1655 994 1524 1756 68 1022 2794 1617 2285 1755 1386 1026 1 296 1811 2811 391 1730 805 2059 2806 2590 405 1472 553 1291
1779 1385 1007 2145 406 1992 1526 773 2102 2763 1325 2516 519 1511 1969 1442 1894 811 1138 1871 1707 1731 1645 2613 1800 1466 257 742 288 2609 730 186 112 410 709 664 11 365 338 2843 2110 605 870 881 435 248 1783 363 1079 1039 1040 1143 916 2680 517 1822 382 241 94 786 446 2018 544 610 331 778 1438 471 1293 1097 2377 2723 89 2017 2301 131 1282 618 455 2765 207 1404 2343 799 114 98 701 418 2835 1573 776 290 806 1578 838 2164 1721 1005 999 478
2242 1561 617 783 540 2785 1593 407 2542 1093 949 1856 2441 1914 2827 310 2202 2745 499 465 1535 1346 1996 832 940 2737 1091 777 1836 2190 1343 1161 1773 766 291 1898 1847 1785 1004 2111 198 1513 88 2656 2112 1727 983 1685 1298 1176 182 2238 272 853 1713 979 2214 1197 751 474 1222 1795 2000 905 75 176 1476 1103 1957 1228 328 2058 1434 95 76 954 831 184 2555 576 834 1364 1288 1257 1786 2227 2497 728 1714 397 596 1166 2114 2786 1144 2179 45 384 560 2224
1125 70 1753 2777 2077 2772 2478 2561 1839 1834 2015 1252 2510 431 951 1842 18 601 2818 2 2663 1035 315 1759 2622 2757 1557 1390 767 436 522 2624 962 848 737 215 1306 1951 1230 101 1788 1830 1845 395 1965 191 1683 1902 278 578 2400 2471 702 2000 1165 2815 990 1798 2482 854 1130 1900 2656 1247 58 2762 1225 2149 2546 1908 1940 502 2599 2540 1586 1559 1423 2302 1582 572 364 497 1347 126 1394 2685 1608 1175 1548 581 103 2161 2154 922 1510 688 650 110 461 1711
2045 1584 2023 2755 2545 817 770 1981 547 197 1386 2419 963 1701 1319 559 611 1237 2397 734 1896 367 134 1486 188 507 1164 2082 2790 556 463 1339 2770 1302 2001 2270 1774 659 533 2610 28 2453 771 1046 860 523 152 1461 235 1827 1187 2034 553 2241 772 1746 2367 2774 505 2597 503 1852 715 162 260 1974 238 2557 1489 68 326 2826 712 31 2592 85 1864 1102 1926 1118 316 1796 1912 1437 2144 849 1840 2358 1552 192 2181 1873 1417 1741 1604 2715 2375 2789 1408 2544
2408 213 707 558 135 2295 2413 967 1588 1448 1132 1849 988 2615 121 1478 2024 536 1533 424 1804 2090 757 569 1945 1867 2638 2354 2566 1719 1268 499 1265 193 1431 1722 184 232 1728 1529 1269 2224 520 80 119 36 332 1296 1430 1383 2533 426 2117 680 1689 2235 1597 1038 2472 2390 1553 2227 2078 19 733 2172 29 427 1256 866 1562 1733 91 2320 802 218 286 1492 24 498 176 142 1393 2668 901 2744 1793 2743 2143 429 2108 2384 2673 634 2029 1149 1033 289 21 1754
414 2667 27 314 1555 546 1050 1127 1967 1221 390 1635 582 285 1715 2693 1780 1083 1697 1274 522 1882 1648 653 2406 2531 1024 799 2053 838 6 2280 2028 254 216 290 2643 209 2405 2490 1702 1956 2232 1153 1761 2173 2387 245 1475 449 1570 956 2765 2328 3 239 1642 2236 1260 139 1541 525 2491 732 869 1791 288 446 1613 763 1124 532 2814 2170 1651 882 344 822 911 1707 2470 1598 1237 358 858 1977 2091 674 2017 1151 2622 1299 2634 1645 2221 2164 2225 1168 1505 113
1618 1349 697 2226 961 1242 2340 2339 1540 2524 2175 2104 551 1572 234 2541 273 511 969 1025 2399 913 1059 1539 1807 1373 342 2771 2444 1509 641 1295 2710 154 2740 1520 2834 2635 2385 267 888 262 1238 2473 1615 1264 1803 127 1571 352 2738 991 537 2013 1715 46 891 1291 1652 1095 912 2387 573 2273 349 344 1216 1967 390 1635 2396 41 1215 2801 2298 195 2731 1648 721 1355 2338 2061 17 1 2717 147 2336 2698 846 1811 799 2406 2727 27 2595 1187 53 1124 2703 449
2313 1858 1560 229 1987 815 122 468 744 1610 481 1015 1556 448 1284 2118 980 2153 1884 1032 2060 1632 894 419 2554 454 96 1844 973 2425 1927 189 163 1537 1637 1456 1570 388 1188 37 1285 2404 1766 2194 2706 1113 2261 298 941 1286 1660 106 506 682 2128 1061 1308 1603 565 690 42 44 1199 2633 2222 476 1082 1865 396 661 491 258 2124 2784 669 375 662 677 425 1425 1260 459 1596 1883 609 2323 255 2351 2607 1283 1761 2791 1227 2476 1330 1593 2109 1052 1698 2438
1083 6 546 1221 582 285 1702 2643 732 759 181 620 1260 1697 1797 807 1882 2807 1570 1318 1153 922 298 1188 1456 2816 636 2476 1536 2043 1541 1284 2171 2666 1891 776 595 1763 2810 2593 2167 278 208 2762 2747 2268 281 144 2355 2098 850 2695 2678 1160 2194 1933 459 1504 1436 2627 2346 1711 441 353 2514 1723 1322 222 1145 612 475 1678 1404 1638 2463 661 351 1155 2410 1902 579 1225 1066 2522 1666 2009 2274 1110 206 241 2284 1467 1865 1761 1642 1582 1047 141 905 1023
729 2798 2629 2539 1429 2428 2640 2221 1070 2120 2578 1337 2031 358 377 964 1266 1399 828 2038 1910 2808 1952 2795 1764 672 865 2828 933 2335 2570 2083 2520 2839 2411 723 1934 2528 539 994 2499 2044 303 912 640 1942 2445 2585 2210 1302 2501 1408 41 2513 2592 2817 1278 508 1030 2440 271 1010 608 2208 92 450 1827 444 1187 368 28 2588 2681 1725 1359 1264 1819 2590 1240 701 2283 864 188 2181 274 611 817 1635 59 518 526 925 1656 2819 1644 1369 1374 13 1121 1543
2669 245 2794 2025 209 139 192 2280 2173 2396 838 1781 1787 2164 2232 61 2091 49 1282 408 239 225 356 296 1555 1141 27 207 1240 1924 654 752 2070 383 799 2693 1127 449 1021 216 2244 1465 1780 780 504 805 1755 418 822 525 1248 2470 858 52 653 1274 290 786 1356 2017 1168 1299 1481 1568 220 314 1050 1317 1756 1024 1435 2429 806 1395 534 1505 1921 363 1635 2557 1967 390 113 2343 2061 1598 1715 2531 2765 2311 422 1472 2406 1662 1918 1831 53 721 883 2565
1879 2049 1290 2140 1518 1017 1301 1604 530 1058 451 1237 984 2796 1981 446 1567 921 2392 631 2282 2596 416 2357 1909 2064 1978 1613 908 1906 394 1621 405 382 662 2835 778 227 537 2781 535 1828 716 2614 2093 2675 2692 916 945 1540 2257 2660 687 2044 2530 996 1964 2196 2205 2042 345 1619 607 1359 154 600 2811 2460 2609 1982 912 1925 226 2585 1119 918 1803 1855 1002 723 1988 611 2340 1578 2444 616 1520 1101 1491 1913 2792 1181 585 667 124 237 1568 2266 46 2371
2767 2836 1993 1617 1045 1782 1422 2840 2130 1663 197 1328 1444 712 1437 1486 900 559 2837 169 463 134 2419 1983 445 1208 1054 1623 1253 2241 1381 1679 2050 1552 2011 947 645 1658 1649 1468 2826 2707 260 2439 659 1307 2544 1544 1261 1840 2076 674 440 1878 2652 735 1489 904 179 563 1775 965 2628 978 2397 906 1710 2312 2012 2082 1860 1701 1046 1600 2515 1417 2270 2133 860 319 2574 2088 2714 1051 259 231 2084 194 433 489 547 2358 1218 1386 2606 1148 2557 533 719 1788
744 609 1766 2404 815 1987 481 244 941 2115 2725 1696 2109 1858 2726 2162 2464 2448 2313 214 84 167 454 957 844 1744 1889 1284 122 1556 2303 1880 594 2348 1602 1637 468 2502 510 973 163 1456 1171 20 2521 1844 1015 2179 2152 1560 2118 1659 2203 1502 396 2351 2751 2194 1283 1605 148 1188 2030 1661 1205 1139 22 1610 1425 171 1061 1616 1214 1084 2222 1488 621 37 1285 2261 2425 1960 1603 2705 183 1286 1738 40 2791 1927 1032 23 2554 506 229 2633 6 565 5 1866
348 480 925 2714 2454 26 1870 2769 1369 2649 550 2538 179 663 1417 860 1489 1701 1710 1788 2375 1895 769 433 2289 197 2130 2482 2001 518 161 463 2650 659 712 2840 260 188 2574 1319 2817 2397 1045 611 1617 2050 1552 1782 1656 817 2439 2419 1658 2424 559 1422 2544 1102 2389 1190 1146 626 2501 1381 1934 1544 2826 1545 59 1752 1737 283 4 134 2082 2241 1437 547 826 950 2034 421 1386 1253 1172 1486 2088 259 2652 2367 689 613 2790 178 563 2011 2270 1840 2528 445
2832 312 59 2389 1146 1202 1545 85 2300 987 1752 2367 2082 626 1737 2270 556 4 1799 372 950 1102 635 943 2411 1405 2501 1934 2528 1407 2044 1644 547 1386 2477 1656 2817 1721 2790 1876 518 611 826 1319 1926 188 1624 221 283 2631 817 2556 663 613 925 2588 266 2538 238 633 261 1369 480 2250 2322 271 2119 2370 659 2842 2283 68 1840 1680 348 28 2144 2689 711 2714 505 587 550 2181 26 1339 2534 2148 2440 1827 1942 526 1473 175 2610 1111 1117 1408 1422 1381
1278 2189 715 753 100 2398 108 840 1569 1220 2634 2721 741 628 2706 1509 1018 782 1215 2611 2632 1048 48 643 2801 241 1039 1503 125 89 138 389 1730 1612 155 562 1026 464 452 758 467 1008 2465 2505 1097 1378 51 1022 2285 1912 2482 2142 64 1281 2687 2531 1293 456 2407 1506 1692 2650 268 2468 2467 822 936 2690 1706 1932 478 2034 1796 159 2062 1640 580 521 129 305 2289 2545 1438 326 471 1062 788 1822 1788 1524 1335 501 619 1671 2358 1774 2343 1187 2429 600
2767 2836 1993 1617 1045 1782 2840 1422 1663 2130 1328 1444 197 1437 2837 900 712 1486 169 1208 559 445 1679 1623 1054 1983 463 2419 134 2707 2050 645 2241 1253 2011 947 1381 1649 1552 1468 2826 1307 260 1658 1261 2544 2076 1489 440 2439 674 659 906 1710 735 904 1878 1775 179 2652 1544 965 1860 1840 563 319 1701 2515 860 2012 2397 2628 978 2312 1417 1046 2133 2088 1218 1600 2287 1029 2082 1788 2714 259 489 1428 2084 840 719 1148 241 2713 433 2358 51 2270 231 1123
1466 730 338 2516 1526 1511 1969 1442 406 2145 1325 1385 2102 1779 773 2843 811 1007 1992 709 257 2763 1731 1707 519 186 1871 1138 2613 1516 1894 288 1645 1079 2609 1800 112 410 742 2730 544 2364 2549 1005 1732 301 392 2290 2788 365 2275 1783 1794 253 434 416 1311 248 1678 1498 830 1131 2219 1073 1147 603 1455 151 2151 1209 1966 1133 336 870 1968 1379 1424 513 495 1271 2377 2341 1620 1243 25 363 1438 471 1094 605 1573 1450 2262 2518 1110 593 27 241 290 2429
751 1836 1178 1714 2700 832 47 676 1057 2437 1535 1713 2523 1116 576 1785 1990 2129 34 2785 2422 1838 2180 2542 1672 761 1224 1593 1841 1228 1346 617 291 1749 1561 1914 2745 2242 2249 44 2202 1940 1847 1161 16 2317 1727 362 940 407 834 1825 376 1469 198 1513 1304 2058 1447 1483 1795 2555 1093 1357 1773 2504 581 2656 683 75 1856 766 2497 1786 2579 2258 1257 2207 1986 2149 1685 1004 60 2190 2238 2737 1738 1476 2441 783 393 2179 1115 88 483 499 725 76 165 2521
70 1125 1753 2777 2772 2478 2077 1839 2561 1834 2015 431 1252 2510 951 18 1842 2 2818 601 1035 2663 315 767 1557 1759 1845 2622 2656 2624 1559 1951 1230 1306 1423 658 2757 1390 1225 1798 1175 436 962 278 15 198 215 2149 2000 2497 1954 2762 737 2154 848 1902 905 522 783 2107 351 572 863 1222 485 2400 208 727 477 1582 589 2599 395 1510 1322 1641 1693 731 2378 1711 308 2214 995 2540 2410 126 1801 1106 850 2161 1654 1605 2787 222 2475 318 2514 1608 922 2463
1390 173 2482 178 1627 1406 1759 161 2084 2732 1439 622 202 2757 2660 2809 67 2800 2657 2626 627 1895 2622 2685 682 2676 2480 2445 2670 255 637 345 249 1012 315 911 2307 769 2051 2617 415 2646 2583 2183 433 1428 1557 2507 906 1158 2438 1874 1775 1980 1330 74 2007 1052 965 1721 1151 1613 869 1253 1491 1810 2735 2650 2530 833 2683 996 521 2526 1528 608 1433 574 1876 2344 489 1165 904 2692 968 2509 2704 1848 1109 1388 2708 2435 368 319 677 2302 671 2427 1164 2553
2045 2023 1584 2755 258 770 747 1320 19 2609 1731 1707 901 1138 1980 2415 288 1839 1035 1628 1073 1587 1065 2478 2261 2561 1928 2423 1800 597 2251 941 1047 427 2217 410 39 2568 676 2720 323 530 2249 76 132 1466 989 2108 1237 875 2426 762 908 111 2409 2074 1006 868 70 576 2685 1844 1106 1673 2746 2793 1968 2194 248 824 446 2049 365 84 867 257 1834 199 341 1401 695 482 1722 2831 2077 1166 704 1256 893 1499 1105 2482 237 713 731 966 436 2015 1286 1180
105 2394 1778 11 2110 241 144 1503 495 2634 2142 113 1946 389 758 840 89 2398 753 1039 108 452 456 2632 2611 643 464 1220 1932 1813 1281 129 324 1062 1026 125 1923 1730 664 2062 1612 628 1912 1097 1706 822 1048 501 1022 138 1822 1378 782 1293 2228 1018 1655 1356 788 2465 2505 1435 1843 131 290 1789 1143 1505 455 1335 1262 1692 883 1011 2467 1506 2311 2765 478 467 936 927 653 1598 1140 268 2316 525 1008 2429 2690 1831 858 216 1282 1248 1941 1024 2593 534
1175 589 1951 485 1306 727 658 1798 2054 646 2787 962 293 1361 1334 1312 572 1559 1394 1106 1451 395 2323 2000 2178 304 2113 1213 1230 1801 2644 2066 2656 529 1389 545 2540 1427 1558 1683 2277 714 1886 614 251 1207 2072 215 1786 1257 1166 436 1137 2114 676 803 989 76 1971 2381 898 1900 2409 1087 2149 2546 1357 737 1883 341 1928 1180 1984 374 1115 39 581 2495 101 1300 2784 364 2288 2497 853 310 2022 1353 1628 2040 93 2224 621 895 75 479 198 1693 2281 339
2458 1495 966 1105 1396 2660 1384 243 942 2600 1705 2085 2543 1742 487 1681 355 337 1331 1370 813 1554 1614 2262 1673 607 908 852 1978 1676 2257 2696 1119 747 1002 360 1906 1031 791 1508 1528 2369 1853 1565 1239 2134 54 320 50 301 1000 1566 1287 2803 710 2259 984 660 825 515 1695 2782 1368 1893 1246 519 2536 2336 2664 779 1017 2788 542 765 1518 2420 1567 282 603 1367 1718 652 2157 1739 392 929 1985 2093 2488 512 2151 1745 220 1620 2275 1946 2147 144 1131 66
143 1227 2261 2194 669 1440 476 661 2185 1129 2298 2168 829 2363 1153 1761 685 1694 2584 795 1411 1456 2468 1684 386 1284 2529 2460 2710 922 459 557 2268 454 1188 1509 1763 546 1090 958 1480 879 2271 1366 122 1619 285 307 37 2576 2643 1059 1816 2167 2269 1082 1006 387 2517 1520 1221 2833 411 443 342 1697 475 582 1882 2175 2595 718 2749 1702 2387 452 586 1308 363 1939 741 2498 1802 290 2740 2092 2213 1995 525 154 281 2442 2139 1982 752 2346 1781 262 654 759
2725 2464 5 844 1515 2448 2457 957 1889 2404 509 609 1426 1696 1766 744 119 1602 2656 1139 2521 1397 520 75 1265 420 2149 1984 1953 1312 148 2179 941 2497 84 2348 80 1605 466 1222 1488 1945 2502 2751 1685 510 19 198 1738 954 2841 306 60 2214 2031 214 1108 272 2542 15 182 1085 310 1957 2567 896 1891 498 1903 2124 831 1835 909 2786 177 376 384 2016 1434 218 2615 2351 2566 560 2679 424 1712 2048 1760 2152 953 2768 1420 1483 1288 1866 2469 985 1171 2587
629 2677 1891 1006 2810 2043 443 1308 2261 1082 1763 1723 37 586 2502 2152 1090 475 922 2816 285 1605 1113 750 1949 1865 2666 713 1702 2171 594 281 1198 582 2194 1603 650 2346 1283 1599 546 1916 2074 1858 845 1252 1188 1766 258 270 980 2179 941 2324 334 1074 6 1628 1502 1221 1284 609 1272 1342 2518 620 2494 2679 2015 1073 820 2000 2118 380 1108 1047 177 73 940 325 973 2643 420 1834 181 84 732 2268 2410 2725 1886 1750 1685 1322 1488 1903 479 459 1456 2055
433 769 2375 2289 1895 1788 2482 161 2650 197 216 1302 872 192 840 523 2557 2821 950 1579 2061 108 331 28 758 61 2634 1896 1912 2774 2806 1339 734 346 1721 860 1701 1435 2164 1647 389 1472 125 2467 1048 505 152 1187 478 207 225 68 936 2146 547 2812 553 1972 1730 2794 2062 1781 2008 1961 1314 1921 1473 849 999 1756 2398 2690 1461 670 1955 2025 2669 2789 368 1289 2241 1356 1022 587 1465 1917 1991 2402 753 2479 1787 2770 533 31 1563 2059 719 2764 2681 1708
1349 697 1572 1618 234 913 2399 2635 2339 511 1540 223 1615 2834 2541 2340 2226 2223 969 1698 2253 1095 2158 195 1409 1520 1994 46 892 1514 2215 349 71 2466 1270 718 307 958 573 2517 2338 551 1112 1497 1446 1807 1081 2385 961 2486 1242 2619 2246 2372 1264 41 991 859 1824 638 1295 17 1059 1 1196 912 2529 1025 1630 2738 1009 1445 588 1238 1294 976 1291 846 2524 267 166 2717 1191 583 810 228 1571 1765 1360 30 2703 366 2771 2273 891 2332 1494 2321 1199 90
247 2585 1359 723 153 1772 303 539 450 1204 206 2582 1997 1403 343 1121 2485 1751 862 2603 549 2453 1633 604 2718 2165 871 1245 212 350 58 764 2551 2018 1128 2209 2284 719 2146 1289 914 2264 2008 1247 812 1351 1493 35 2487 776 2557 108 331 643 1970 999 1438 2061 847 1741 1708 840 471 478 346 456 1503 1048 2467 2632 2690 2634 1912 701 2611 2402 61 1827 353 200 2398 1302 2301 192 1730 734 972 1706 216 225 753 464 207 874 418 1635 1281 1647 1972 2164
1232 851 40 592 1960 2677 629 454 1744 1570 335 2726 2571 1591 20 2162 281 167 1661 37 2222 1137 1221 922 298 1884 1283 980 1198 1763 2561 1082 339 475 1241 1315 1336 2036 1950 816 2503 1188 2098 285 2591 117 2079 398 2128 2194 2230 541 2178 1090 920 304 1308 1401 586 2761 2118 807 624 676 270 1908 1013 2747 1502 529 1260 1108 1456 379 2268 694 683 1047 1601 469 2261 736 1981 1922 2829 23 275 690 1839 1285 2113 2122 1748 2073 443 1014 2160 1184 2140 1537
1617 1045 2836 1782 1422 2130 1993 712 440 1381 1444 2837 169 2241 1663 2767 2840 2050 1328 1840 1658 1544 1623 1649 2439 947 645 735 2011 1679 1054 445 1261 179 1253 2628 1775 2707 197 1029 1051 194 2387 134 1636 1552 900 659 559 463 1486 1437 2287 2419 674 965 433 1218 2375 1208 1983 2556 155 231 550 2826 2652 319 950 1046 2557 547 1912 2352 152 840 1307 2821 788 1563 758 51 2544 2012 108 563 1468 978 125 2634 906 260 1923 389 2631 1386 28 1465 999 216
183 2841 2152 629 1371 621 1525 1113 2502 171 941 2048 1283 1768 1288 2263 1251 1364 270 2401 2760 2761 1703 1605 2056 2182 1108 1139 1363 45 2612 84 2522 1064 2623 1280 2608 236 2705 959 2216 198 2497 75 1880 2831 2572 1304 949 327 60 1560 1953 2141 761 214 940 2249 1397 1995 420 1004 2737 506 281 2058 2555 1749 834 106 2313 2720 1727 1343 1802 2768 1536 2022 1286 594 905 148 1987 732 2112 1483 815 229 1084 783 2245 1927 2677 1685 2554 1865 1263 1632 1641 2807
1051 194 1218 2352 2628 2556 1261 1840 1658 2439 1544 2241 2272 1496 1381 1636 1316 1965 712 2815 1782 1422 1045 1253 2836 1586 440 497 1617 1993 2496 1362 1897 2713 1752 950 2840 2046 1948 2069 197 2367 2130 659 331 2412 518 992 999 1831 655 1912 1143 1416 125 2806 108 296 2610 2794 430 1655 2059 1730 788 2557 2061 1708 356 726 478 484 2505 2465 2236 2693 1493 2285 2053 805 1187 1022 663 1273 1026 391 31 389 1475 2631 1472 1755 782 1378 1097 872 408 1706 1293 1124
2367 59 2389 2832 312 1545 1202 1752 372 950 1146 626 2270 2082 1737 4 2300 1799 987 85 556 635 547 1386 1102 1405 611 1319 2477 943 1721 1876 518 826 271 283 188 613 2411 134 1408 1934 1942 2501 2044 2440 1407 2528 2556 526 238 2119 994 864 587 817 1827 1117 28 2322 1926 2037 1339 1010 2144 2610 505 1708 2681 1725 2370 274 972 1774 68 2527 1656 633 2689 2181 553 671 81 2250 266 1302 734 2631 608 1892 2764 2283 152 1461 1332 1563 1677 2500 2588 1974
204 1944 2741 2766 1212 2135 1055 137 899 1606 2842 2558 116 1935 1463 2305 2825 2041 97 1056 2294 447 2728 1547 246 2736 1134 2511 165 2068 1223 2435 1874 2057 1067 725 494 647 350 2665 1130 2291 2813 2207 722 574 2248 2292 1126 1899 2639 2719 2382 2506 677 2683 146 442 1407 657 1937 2367 2090 1453 1892 1901 892 692 79 2389 59 1545 85 1369 1752 1464 817 2319 1644 2528 2039 2411 626 2300 608 2817 274 26 2649 329 1677 864 261 994 804 2501 1624 2708 987 925
1642 3 2490 2405 1958 2170 254 2667 66 1245 779 1985 282 825 2536 2434 765 1574 1246 14 2336 873 929 522 1745 2157 652 1136 2426 490 607 1633 2429 389 1662 471 1124 534 363 245 53 806 2396 1438 418 2053 999 2669 2285 2164 1481 838 290 1011 782 1403 1100 2794 1781 331 2025 2232 268 758 239 1787 840 52 402 2634 108 2209 139 209 1127 2244 1730 2091 1648 2693 2059 1404 2301 478 2470 2632 862 1822 241 61 1843 1037 27 653 1967 822 1187 131 654 1018
1757 1255 986 882 123 2150 1636 2815 2272 1316 2352 1496 1965 1051 1477 1362 1897 1045 194 2836 497 2628 1600 2012 1157 2378 2241 995 1586 1700 2482 1218 2069 2475 1902 1915 1582 35 1840 1422 1534 1783 2142 2599 1817 1351 2556 1541 1958 1153 914 174 2589 1415 1261 2130 2778 928 639 278 2667 613 909 854 2713 2046 2732 2775 747 1704 1881 1493 1642 764 848 2433 2490 1617 1711 664 1860 2147 2491 992 2767 2456 1761 2624 2631 712 1657 1663 719 1651 812 1485 241 2824 2097 858
2832 59 312 2389 1545 1146 1202 987 85 2300 556 2270 2082 626 4 1737 2367 1752 372 1799 635 1102 950 943 1405 2411 547 1386 1407 2477 2528 1934 2501 2044 1644 826 1721 1876 611 518 1656 1319 1926 2817 283 2790 221 2631 188 1624 817 663 266 613 2556 134 633 925 261 238 480 2119 587 2322 505 2538 2283 28 1680 2181 271 1369 1827 2588 2250 2689 348 2370 711 1339 175 68 972 2714 2610 2144 1473 2148 26 1942 523 2681 734 1117 1190 2597 2527 1010 1563 602
2152 2502 1605 1139 2841 1397 420 1891 949 941 1525 2768 1953 2048 148 732 1768 1702 2263 620 2761 2141 96 181 1083 1283 2643 1280 6 84 582 1371 1632 594 183 1927 2807 2623 2816 270 894 1108 2554 1221 2678 1723 1603 2567 198 546 1536 2666 759 2153 1364 1251 1865 2203 419 106 2497 510 214 621 1880 75 1995 285 629 940 2179 1288 2348 650 171 2043 1797 2521 1738 2401 1882 60 905 281 1318 2522 1697 761 2810 1304 1222 1420 479 45 2171 2056 1084 272 636 560
197 463 1993 2840 134 2836 1422 659 1782 712 1045 1658 2439 1617 1381 1544 1253 2241 1386 2767 1319 611 547 1552 1840 2082 2270 556 925 1437 1486 900 2375 559 2419 1369 188 433 348 2628 1405 2130 2528 59 26 1983 1417 2397 480 1934 1545 1407 550 2574 943 2817 1644 1656 1489 2649 1870 2044 518 2389 2411 817 260 2610 1339 2501 194 2790 1721 1624 312 2832 1102 2454 1051 987 860 221 626 2084 1701 85 2544 2367 970 633 587 1827 179 2826 635 2557 2652 1852 28 2597
453 595 2587 208 401 1510 2163 399 1628 823 1717 73 2655 141 2055 1023 2469 1160 1145 731 99 2098 612 2126 2074 461 2747 1047 477 1976 1599 380 437 981 694 172 2722 72 2009 760 156 1911 164 2636 2355 1504 1155 2577 1233 2274 1682 144 460 1676 222 816 1688 1404 1808 1163 1784 1436 1872 850 2679 1100 2218 1241 2362 174 2642 2512 2122 1089 1415 2775 1085 2593 177 747 1903 2691 2829 320 1267 1479 1790 1933 2147 2452 1354 952 1817 2711 1902 1579 1119 1305 1711 1638
757 1533 1728 29 2533 2320 754 2172 286 1149 2756 2673 1231 2021 2024 1804 967 1719 2638 1689 213 1597 558 24 426 2235 91 135 2143 2295 707 2260 792 2408 1296 2430 2413 218 634 2472 2296 499 374 2224 1478 2546 1115 80 498 540 1898 1265 424 2759 739 1383 119 1448 2579 1427 2464 1668 2566 184 2421 1431 2561 672 1041 328 1300 101 2568 2725 1849 2351 2415 1038 176 251 427 1469 1312 1945 1793 2227 2602 1754 828 2381 868 340 2540 933 1256 2828 853 2786 2223 2077
1644 2528 1407 2411 1934 2501 2044 2817 1624 1656 2790 817 188 1102 1926 85 59 221 312 1545 2389 2832 943 611 987 1319 635 2300 2082 626 556 1737 2270 1405 4 1386 547 1799 2034 1146 2367 1202 2477 1721 1876 659 950 826 925 2545 1752 1190 283 1369 271 633 1993 2631 26 1796 348 2556 550 2692 518 711 1680 1630 2842 2250 2813 2322 1408 1827 2185 1974 1360 892 2248 1942 480 1569 2610 2283 2208 2592 539 526 2681 1725 1606 1117 261 503 1782 1755 805 2597 81 28
2236 1475 1472 2093 430 331 999 655 2059 1037 726 2053 1124 484 478 2557 883 1187 1273 2301 391 1118 1140 1855 2075 2806 220 1101 2801 1662 1278 1829 471 1438 2698 1303 1503 2407 53 1011 1862 806 2061 2429 534 1921 1647 1780 2402 1008 561 402 1972 974 314 936 1050 1395 290 2505 2465 1635 1918 390 1967 203 2687 1024 721 872 758 1961 363 1524 1715 31 1481 2773 1756 389 1317 1021 553 2361 1730 2470 2822 786 1708 233 701 1274 780 799 418 2610 1629 2693 1917 1127
431 2510 70 1834 2818 1839 951 2015 1035 1252 2561 18 1842 601 1125 2 2663 2478 2777 1753 2077 889 767 2686 2772 1747 1443 1938 1833 2496 277 2622 1557 2757 369 1759 1390 960 2045 702 848 1075 1584 1745 2462 1287 2319 2211 781 2624 860 2334 462 315 2023 14 1169 1864 2621 2803 321 2259 1788 2702 1316 2713 1551 1819 2128 539 1948 1896 812 1985 734 849 1601 1416 395 2453 2819 2272 1508 977 1376 1172 1830 547 2062 1800 1051 136 410 1114 1489 1118 1565 58 1997 2039
2045 1584 2023 2755 2545 770 817 197 547 1386 1319 611 2397 556 188 507 463 1302 2419 2610 2082 2270 2790 659 1746 1339 771 1981 367 2597 68 1164 1896 963 1774 2034 559 2144 2774 1974 1701 533 553 734 152 1461 1237 1046 503 1796 2770 2789 1408 85 1827 2375 1942 772 1852 134 972 1926 2440 2592 726 1102 28 2367 2250 2557 1552 1187 1486 712 31 1656 781 999 633 235 271 2241 715 587 1405 1172 1117 1831 2681 1118 849 505 2236 2322 2181 1917 2715 1741 2764 523
140 1868 2445 608 1330 1677 994 1185 2813 1998 2037 2286 2834 255 217 1892 26 2427 892 12 1411 1095 925 1777 1771 2657 2248 2649 2215 686 864 1409 2486 1076 1837 2250 2223 1464 573 550 2366 146 1452 1446 90 1746 1369 1994 526 274 2435 2584 329 261 2382 1630 948 508 2338 137 491 857 1618 67 1639 1067 2440 1223 1650 388 633 2454 1874 1294 463 899 2569 2090 2811 804 1547 313 17 46 85 1698 1592 1202 523 665 1448 202 1895 1473 317 2501 1360 2283 195 2708
2433 2713 1860 201 1490 2376 2309 1453 1901 2272 715 2545 2034 1569 2721 100 1796 155 64 562 305 1316 2815 2826 563 1496 48 260 439 1878 51 1636 1965 1123 2650 231 1640 168 1148 2556 486 978 784 1051 2337 194 1437 559 1486 2652 900 1046 1118 2012 2639 2557 1143 1428 1819 1468 1864 950 2358 2606 2496 1840 963 2088 659 1302 162 2007 2334 207 734 1351 1827 1313 2062 914 2291 259 847 2465 2505 2479 1848 2789 1972 1493 764 2553 719 2391 2610 1532 2146 1822 326 1172
2152 2502 1605 2841 1139 420 1397 1953 2768 941 1891 148 1525 629 1768 2761 1371 214 2048 949 2263 1283 1113 2348 183 594 84 270 1108 2567 1603 1280 1866 1865 2623 621 510 106 1738 2521 2179 1723 2816 327 1632 96 1880 171 2203 1364 732 894 1927 281 2554 2497 198 1702 1251 1288 1502 75 2494 6 2153 1184 582 1995 419 189 1488 2666 620 1363 2030 2401 609 1221 650 60 1802 2043 2810 940 1602 1703 2643 181 1032 2022 1171 1083 1304 2831 2171 481 905 2760 2612 850
2792 945 1579 9 841 1583 1179 998 1769 1791 2491 919 1354 567 1920 2328 118 639 1578 2682 952 1977 2252 2647 1470 2711 1989 517 1063 1651 1970 887 1531 1770 748 1854 227 778 1585 382 819 2778 916 196 2042 2361 1667 2065 2723 2729 422 114 928 2740 2575 1730 108 982 840 2557 2634 999 2429 353 389 808 478 2505 2465 125 2687 225 758 456 1662 1647 2244 1822 2794 788 241 2062 467 838 2632 1912 1048 1022 471 1438 719 643 2008 1465 207 618 2059 61 138 2402
135 558 2295 2413 213 2408 1448 707 967 2615 1728 1533 499 1265 1804 1945 1719 757 1849 91 424 232 2235 1588 119 2320 2533 1132 1478 2756 1296 754 2566 1149 2354 520 792 1383 2260 1269 2638 1867 29 80 2296 1689 988 121 569 193 24 2024 19 983 184 2021 536 2090 1231 1722 2421 480 802 1431 925 1369 1041 2333 26 1996 348 509 868 426 725 1889 218 286 1038 733 2029 1737 698 2172 2254 1228 2183 1407 540 332 2224 1910 1091 2817 79 1268 447 2649 2389 866
216 1356 113 1505 1435 525 822 1248 858 239 2091 2164 654 2173 1781 2280 625 2311 679 2137 838 1598 2070 209 1141 245 27 2794 139 752 383 252 449 2232 2565 1127 2669 1555 2693 1282 408 2025 49 192 1780 61 2396 344 1787 225 1274 1924 799 1168 1299 653 422 356 296 495 2765 290 1021 883 314 1050 1635 1967 1024 390 1506 1200 1240 2406 241 207 1843 2017 2316 1503 1715 2634 1472 2531 131 1568 2053 2142 805 1648 1395 455 1755 1921 1262 1317 504 268 758 2061
5 844 1515 2725 2457 2464 1889 609 1766 509 2404 1696 957 1426 744 2448 244 2115 2521 510 1602 1139 473 148 2366 2179 520 2048 214 1945 594 119 1738 1326 2124 2348 498 1768 466 1397 375 2566 420 19 1269 306 150 232 2351 1637 1061 1296 1605 1488 2141 832 1722 270 2031 1953 80 1265 2210 163 468 2751 2112 1858 425 2354 1502 2786 176 2203 2542 1108 1867 1171 1283 2520 1836 1727 424 1251 1383 1616 1537 617 1849 1529 1866 940 2202 1434 1610 2502 690 1004 2745 1343
1389 2546 1115 1683 2113 304 2178 374 2759 803 545 2579 1213 2066 737 1230 1394 436 215 989 101 251 364 1900 2040 341 1427 2540 2381 572 581 2644 1898 529 1883 1300 1353 2504 395 2784 962 2277 1951 658 789 766 2114 328 2238 1306 1798 483 727 240 589 1175 1093 293 407 2323 1801 485 2787 1971 1106 2054 1334 1559 1976 1137 1023 393 2400 2098 446 614 646 2136 1047 1155 1241 1361 461 2055 2346 816 1385 1404 443 2747 144 898 546 1100 290 311 2262 595 1916 35
96 2263 2678 1632 2152 2141 1927 1083 1525 1702 2502 949 732 2554 894 106 2623 419 620 1605 940 1371 2841 2153 1251 181 1288 621 1280 1364 198 183 2555 1139 2643 171 2401 941 2522 1222 1004 1727 272 1856 2612 2572 2214 2497 1957 905 2737 45 1263 1703 831 1891 1363 1420 384 560 2831 1064 75 1221 15 6 1749 479 1171 1343 2056 2760 850 834 1641 1835 2410 1995 738 409 2202 2048 2245 2182 474 1423 1066 189 2705 1865 84 1397 148 1685 728 2154 1304 2463 546 420
2092 2833 2139 428 2269 299 2371 2776 2576 1549 1982 264 741 667 1814 1925 2455 837 1122 2844 1589 2484 1619 2797 226 1009 2189 352 1539 1815 2731 879 1735 1863 2811 1159 1 2138 307 2255 2727 2412 262 2063 1520 90 1338 2460 403 600 891 687 846 317 1349 2100 1622 1421 2486 17 349 2399 642 1571 2473 234 2338 573 557 1540 2213 160 1572 1295 1816 685 154 888 342 2820 2614 913 1366 1698 1964 2340 1025 2403 1060 1807 1078 2266 1291 1530 2158 2226 166 1238 405 2738
196 1625 869 353 98 776 2474 1864 1963 1643 233 2353 2067 2256 2462 910 2334 1819 2361 585 2081 2792 841 1583 1579 701 2711 945 639 764 539 1769 2582 1204 9 1772 303 247 192 919 1667 2491 719 1179 1970 998 2008 778 2065 450 2328 276 1751 2669 1493 2723 343 1977 1402 2794 1042 1344 206 108 207 2025 1354 1289 118 61 2244 1578 1097 382 1465 1293 517 2062 1791 2429 2070 952 1787 643 2358 1920 2821 225 2575 840 1282 838 2611 2585 2603 282 1822 331 2146 418
2185 143 1129 2584 1411 2298 1694 1440 795 1684 2616 2363 1360 1630 2529 787 638 1446 1112 1294 2271 386 30 2468 1445 958 665 810 1258 1514 2481 718 1509 1270 2246 2460 71 557 1215 2749 267 154 879 2053 2236 1124 1475 2285 2473 1619 1756 685 1648 1635 2406 1993 1715 331 2693 2059 1037 430 1755 1127 1317 655 484 2531 1059 2806 805 390 1274 1730 1967 1378 1662 53 806 68 1568 408 999 1831 1655 534 2687 2794 1395 553 1238 2517 726 363 526 356 2164 2429 296 782
1274 2693 653 1472 1780 1127 1024 27 290 314 1050 799 2531 2236 561 1635 1967 390 2053 1555 1715 1475 2093 2017 1011 2765 1961 1829 1273 1037 618 216 2801 2059 391 2773 1395 1921 2406 414 2557 1124 2061 1140 220 1187 1282 838 408 1021 1317 726 1756 1648 1647 2402 1972 999 553 49 883 356 1303 296 2794 2822 1568 2610 484 655 139 805 1629 1662 478 701 53 1755 331 430 721 2783 872 2173 2280 1781 2285 1843 2232 1118 209 2164 239 2091 1918 245 1524 2028 1438 2361
2384 536 2108 1562 2668 21 2451 2227 36 886 121 1418 176 1910 1132 332 569 199 2786 571 1686 733 979 1431 340 1890 1065 866 193 1588 1393 597 289 988 1553 1492 1430 2078 427 2090 2117 1256 1398 2029 142 417 1268 2743 681 1038 1033 1793 1699 2224 1888 62 554 802 2217 680 2415 901 2568 2267 78 828 868 361 2578 1236 2380 1053 555 878 2421 429 1754 302 2673 2320 2335 1272 617 893 2083 2172 1785 498 2566 1257 1593 1061 1337 1637 286 1449 2533 24 1296 1971
2502 1605 2152 1139 2841 420 1397 1891 2768 1953 148 1723 2348 650 214 941 2666 2816 594 2171 1603 1866 475 2346 2043 1916 510 1488 2810 1738 1602 2521 2179 1865 2203 1502 84 1371 2494 1283 1525 1768 2567 2048 609 270 807 732 2761 1702 1184 6 1221 949 1108 922 820 2030 629 1113 620 582 285 181 1284 2643 1188 1697 37 2623 546 198 2656 924 953 2497 1880 459 1456 2263 183 2149 1995 905 759 973 1222 1979 481 1153 1288 1570 75 96 2214 2655 15 1082 1835 1322
183 2841 2152 1288 1703 621 2502 1363 171 2216 1371 1525 1139 2401 1605 1364 1251 941 1953 959 2760 214 2182 2612 2263 2705 45 2056 2831 1113 1064 2522 2608 236 506 327 1560 629 924 2768 198 565 2623 2497 75 1397 1286 420 1280 1995 2567 1844 1304 84 148 2348 1865 594 60 333 189 1891 2313 1866 1283 1927 2249 1632 1032 1738 1987 1880 2554 1184 2555 2060 940 96 1004 815 2572 481 419 761 1749 894 229 1727 2058 106 270 1108 949 834 2203 2494 510 2153 2179 1502
197 134 463 1993 2840 1658 1381 659 1422 1782 1544 2836 712 2439 1319 1840 547 2528 1253 1934 611 1386 925 1656 1417 2044 2241 2817 2501 348 1624 2628 817 1407 2367 550 433 2084 1045 2790 59 1339 2375 2411 1644 1117 556 2610 188 1545 1118 2832 312 1190 633 1409 1721 1680 1701 1437 1708 2574 391 1617 1369 503 671 68 2397 860 1600 2250 2806 2082 2130 2764 1819 1774 480 2273 1788 1974 31 238 1102 2419 1827 910 1864 987 2270 28 626 559 2322 2001 2034 2649 1831 2814
96 894 2554 1927 419 1632 2153 106 1288 1703 2401 1995 621 171 1251 1363 1364 2313 189 183 2841 2612 2502 2152 1032 941 2060 2760 198 2522 949 2216 1605 45 2497 75 2056 2705 2831 84 2182 1064 506 1139 1304 2608 1880 236 2030 1397 420 148 1286 1004 2567 2768 940 1171 620 205 1844 1283 1525 1425 732 468 1749 1953 2555 2249 2737 60 1108 761 181 1483 376 1891 2048 959 2058 922 1727 1685 333 594 850 1702 1858 834 22 2263 1222 1560 272 2141 1865 2112 1768 1957
617 465 1561 2242 540 1593 853 1197 898 1087 2072 1207 1558 1590 1166 751 93 714 895 2409 1928 614 499 2542 1137 76 2785 1786 1971 1631 1257 634 1161 1785 2143 2430 1300 1228 1847 1597 426 291 2784 1346 24 1451 2066 1535 832 1513 803 1106 1773 2224 564 483 926 1361 2024 1427 251 1818 374 1357 1689 1883 1996 2129 407 2000 230 1795 2699 2112 1793 1091 310 2054 1434 2568 676 39 1180 2281 240 2058 1353 1213 2415 646 1804 2495 1914 1749 2381 581 341 2288 1115 2521
2510 431 70 1839 1035 2818 951 1834 2015 1252 2561 767 1125 2478 1753 2777 2772 2077 2686 277 889 1747 1938 1557 1842 2757 18 1443 2622 1390 1833 1759 2 2496 2650 1788 1584 601 161 2482 1845 2663 1582 2045 2599 1549 848 769 2624 208 2276 433 1711 2315 695 2289 702 903 136 2702 132 2355 1902 1817 315 1165 453 2754 850 2228 2636 278 369 1436 461 72 860 360 2375 595 2009 1693 1895 2762 1504 1976 2796 938 266 2391 2587 399 1340 2163 1608 1830 1742 2471 1401 1710
2433 2713 1860 201 1490 2376 2309 1453 2272 1901 2545 2034 715 1796 2721 155 100 1569 562 64 439 305 48 1640 563 51 1316 2826 2650 1878 1123 1496 260 2815 231 168 2556 1636 1148 978 1051 486 1819 1965 2639 1874 1864 2337 1437 1486 950 784 900 559 2557 194 647 659 1046 1937 2334 326 2012 1118 1468 2367 963 1143 2553 1302 162 2291 1532 734 2799 2789 2462 2389 2455 1164 1873 1109 259 533 159 1974 1917 1827 1741 2082 553 1472 59 330 68 699 547 507 2606 421
1096 1948 1416 1897 1362 2556 2721 1993 1586 1569 497 992 987 85 259 2817 1656 188 1381 2790 1496 2825 312 1316 925 2034 231 817 547 2832 2300 2766 1606 2272 1617 1218 2046 1926 635 1934 611 899 447 712 1386 1319 2241 715 2312 238 1123 2286 1644 348 518 137 1630 2455 1636 2305 2411 1045 2842 1369 2082 2454 2631 2528 1360 2501 1212 480 1878 2135 28 1777 1453 948 950 155 1796 2044 1407 2412 100 1563 1658 2393 1051 1102 563 2435 2741 26 671 2714 2713 2424 2813 175
2552 238 2250 1563 28 505 2716 523 2181 849 2500 1827 175 587 1532 972 2119 1896 2527 2283 2365 2819 313 2479 2689 2681 734 152 81 2534 2370 2193 1741 633 705 458 1704 772 711 503 2322 2191 1680 354 1852 2099 2592 847 2674 1339 602 1111 1746 120 1708 1332 2052 671 740 330 1376 2237 2557 1873 1876 1473 1774 2177 771 261 532 2028 92 2144 504 1010 2814 2809 162 2742 696 2764 1117 507 1956 2774 1912 1862 999 1706 464 1543 1974 68 2610 2597 2806 1302 2715 2789
2252 1583 1651 1579 841 1977 1179 945 2328 2491 2682 1769 919 1578 952 9 1354 1063 2792 1920 1531 639 998 928 2729 517 887 118 1791 2647 196 819 227 2310 1989 1667 2711 567 1470 2723 916 2778 2065 1970 1585 456 2042 422 2349 324 1281 748 643 764 464 241 2634 1932 1706 125 840 2062 2740 1822 1211 108 129 1912 1923 1972 2008 1566 786 2611 923 1647 2465 2505 2632 982 1062 2165 1097 719 1048 788 478 1465 311 1368 604 721 2256 1262 1046 1730 2017 389 501 758
2034 2545 1796 1569 2721 2817 715 155 100 1407 48 1624 1656 2528 64 1644 1934 2501 2044 2411 188 562 439 817 2790 305 51 2433 85 2713 1640 221 1926 2309 1102 1490 201 987 943 312 2376 2300 635 611 2832 2650 1453 1319 1860 59 1386 556 547 1545 925 2556 2842 1405 2389 2082 1369 518 2270 550 659 2322 238 2367 1190 1755 2774 2813 1901 2616 2592 2370 1974 805 1314 2248 1993 2789 633 2681 2119 26 81 2689 1876 602 1799 348 2534 1752 68 1117 1332 948 587 1302
2156 836 1098 1321 2750 2096 2645 935 1709 1736 2432 2450 2071 2342 1638 755 2201 1806 897 1052 1933 1790 1305 396 2446 2512 222 1436 2691 2218 599 1504 2362 666 850 2642 2537 1911 2420 981 2355 2452 1288 189 477 2060 1032 2463 1903 1222 1703 1286 1363 1621 612 2410 506 75 1044 2497 1322 905 198 2313 2627 1425 2679 2214 1641 272 2216 2086 183 1865 2202 15 1423 111 1632 1858 1844 310 96 177 1412 1954 831 1476 2554 2567 1206 351 1750 1304 1957 560 834 1420 2318 941
2043 2171 2816 2810 2666 1723 1891 650 807 2346 475 1916 1260 411 759 181 2643 1188 820 1797 1702 372 922 620 732 1697 1541 1603 285 1456 2502 1284 1763 6 546 1221 750 1605 334 37 582 298 586 2476 1082 1090 764 2268 1503 2152 122 1972 1570 2008 1308 2425 1625 456 2482 241 1083 721 2142 719 1039 1048 9 2256 190 812 619 1579 1281 2551 840 281 748 1531 89 1932 1918 2284 443 1289 2778 1612 776 2611 324 664 1884 138 200 2765 2634 980 1303 2632 2146 1062
617 1561 2242 540 465 1593 499 2785 2542 751 853 1785 1590 1197 898 1087 1631 407 1535 1996 2072 93 832 895 1558 1166 1228 1928 1207 1689 1091 777 291 24 1914 714 2409 614 2143 2827 1786 1161 1836 1597 634 2441 1434 1257 76 2112 783 725 426 2024 230 1847 1856 1346 1804 2384 2745 2227 2207 967 2224 310 1431 1038 176 1343 184 1971 1256 2668 2728 2430 1513 1137 979 1132 1033 1588 2029 21 2451 1298 940 2260 165 1686 868 36 1130 289 1004 142 1430 2743 2078 417
1417 860 1489 1701 1710 1788 2769 2289 2375 1895 433 769 2482 2714 161 2538 348 480 925 26 1870 2454 2650 1369 2649 179 197 663 550 2001 463 2130 518 2840 659 1552 712 1617 2419 1045 1486 260 1437 900 1422 2397 559 1468 2241 547 2821 1386 2544 2606 1658 59 1627 2082 1253 2826 2631 1302 2389 1921 2836 1827 134 2270 715 849 524 1993 1313 1381 1782 587 1983 2557 1532 221 826 936 2200 1569 611 1046 904 970 1972 2439 2358 1405 2011 445 1465 1319 2008 978 259 523
1102 2790 85 1656 1926 817 221 2817 188 2501 1934 1190 1624 2044 943 635 987 2411 2528 1644 1407 2300 1405 312 556 2832 1386 547 2270 2082 611 1319 2631 518 1752 59 2389 2367 1545 1146 2034 950 659 1799 1202 1721 1876 626 2370 134 197 2119 238 2322 1737 2689 587 705 4 68 2545 28 271 1827 633 1339 2365 1117 81 2556 2181 1741 2681 526 2534 2250 2610 2774 1302 972 2592 1010 1111 602 2597 2144 1974 505 2193 1461 1942 2283 2527 864 663 2440 711 1680 2789 2052
1507 2550 107 2019 1482 2414 2754 1177 2604 2383 1691 575 441 1523 2695 1669 2080 2641 55 2176 584 1104 397 373 845 728 1016 2395 1382 2106 2733 2525 2684 1194 1410 462 1517 32 187 2651 2166 2033 917 830 1450 102 1147 2804 902 279 2630 818 2637 1678 2563 87 590 2368 2240 1259 2802 1626 1372 2805 2297 1832 2447 2347 357 541 1169 1192 469 2073 1014 2605 2345 876 379 579 278 1646 2780 2752 1120 2326 2718 1950 1611 2762 920 794 1711 1467 1582 736 10 603 2599 1354
2484 1338 317 2063 2255 2412 2811 2455 1159 2138 600 264 403 573 17 846 1009 90 642 1815 352 1571 1735 1622 2486 837 2100 2189 2338 2371 667 1982 891 226 1925 1814 299 1060 428 1964 1122 2269 1589 1238 2833 1619 2614 2092 1291 2139 2339 2731 472 879 1994 1863 2844 2776 307 267 687 2266 2460 405 127 537 1828 2662 795 2340 741 2835 2797 2576 1421 1509 1539 1 1520 484 1278 2059 2473 1095 1540 557 2727 342 1803 1409 234 2820 195 534 68 478 1117 1816 1386 1349
957 2468 2464 2725 2269 2833 428 5 2189 1619 2371 667 299 1863 1925 2092 2139 741 1982 879 2576 2457 2460 38 2811 1539 226 1421 2455 2473 2740 1889 2285 1882 2595 2531 27 1814 2168 2255 844 2797 2091 956 2448 753 2164 352 2398 33 669 628 1124 2776 133 108 782 1127 1781 239 53 2053 290 2222 1018 1011 1248 262 467 1549 1598 2280 2749 471 1438 131 1024 840 2404 1008 115 1662 1515 2820 2429 2634 389 525 1735 1875 1941 2141 268 495 2632 342 1274 2128 452 1373
1417 860 1701 1489 1710 1788 2769 2289 2375 433 1895 769 2482 161 2538 2714 2650 348 480 2454 925 26 1870 1369 197 179 663 2649 550 2001 2130 518 1045 712 478 2840 1617 463 1921 2008 758 936 1972 1438 659 2821 2241 547 2062 471 356 1011 1395 402 389 1647 2244 464 1422 2505 2465 1289 2146 719 1706 1302 1465 1282 1918 2836 764 331 1048 721 643 1822 1787 1022 296 2470 207 2402 1140 1503 840 1317 1386 786 1143 2082 2467 2397 1097 1493 2061 408 235 346 1127 799
1451 2000 1361 1559 1106 1207 614 2072 1786 2054 1087 1257 714 1801 898 646 1558 1137 1590 1357 895 93 2409 1180 1166 76 1971 589 2281 1951 1175 485 39 658 2489 1846 564 1928 2787 853 727 2114 1306 1538 926 1798 2495 2540 2699 230 2288 1561 1447 1483 376 293 2242 483 581 1091 1818 803 2224 2784 1346 240 2785 766 1183 1804 617 2469 2126 1389 1469 2700 474 2074 1642 1115 751 1427 73 1914 989 291 986 731 2324 1940 205 465 1502 2277 823 2791 1672 2122 789 510
2242 617 1561 540 1593 2542 2785 783 832 1535 499 2441 465 2827 2112 310 1836 1346 1343 1914 1856 940 1004 291 1434 2656 1298 1685 182 1103 2745 1197 2737 2202 1693 954 751 2190 149 2016 1760 198 2149 1019 1176 983 1785 1743 853 1161 634 184 88 1631 2224 949 2521 1689 75 1712 1847 1333 1091 1602 1738 596 1786 76 1228 510 1996 1773 176 63 2179 777 2143 407 2533 1513 2227 1257 29 2786 695 1795 1727 119 426 1597 24 424 979 2497 1166 1999 1529 2129 1714 576
727 658 485 1213 589 2066 1175 2113 2178 304 1951 1312 1306 1394 1361 545 1801 2656 1389 2054 898 676 2072 1798 2000 714 1207 1087 1727 1451 2022 614 853 646 2555 834 1786 2179 1738 310 1749 1106 1257 1166 1558 75 2149 761 1137 2497 198 1343 327 2542 2787 940 1333 1502 576 2249 2409 2161 1184 1304 2058 962 1971 1288 2737 751 596 95 1357 510 60 1693 1561 1703 2242 2494 2277 594 1559 2521 1371 949 2030 2579 1161 895 1928 2203 1334 93 76 1178 1298 783 1836 293
198 75 2497 1304 949 940 1004 2542 2112 60 2737 1343 2841 1727 1371 1685 761 783 2555 2216 205 1749 1288 2249 1703 1434 1103 2502 834 954 2152 1525 1363 1139 2058 149 183 2179 1995 2656 96 1605 1738 2022 1927 182 1760 1397 2554 1632 148 2827 214 1483 327 1712 510 2203 1184 106 420 617 1298 621 2521 1488 419 1502 941 1333 680 1251 1364 376 2768 2623 1602 171 2263 1280 2567 924 894 45 1865 2056 1836 474 1999 1019 2494 1032 594 1469 2705 2030 189 1891 953 2751
1371 1525 214 2263 2623 327 1280 2152 2572 106 2841 2502 1661 924 1605 96 1632 1927 1139 629 1727 2348 1953 2555 834 189 2678 2554 1749 894 2058 183 1032 1084 198 2567 621 941 1602 1738 420 2153 1288 761 2030 1171 2497 75 1397 1113 1891 419 2060 940 2216 171 2737 1703 2751 2768 1222 1251 905 1865 22 510 1304 1363 272 2214 2760 2109 2469 15 1750 949 1263 609 1957 84 479 2182 2179 148 384 831 1364 2726 731 2542 1004 1214 1343 95 1420 2149 2249 560 744 117
2236 1472 1475 2053 2093 2693 1274 1780 314 1050 1127 1829 290 653 1037 561 1024 27 2059 799 1124 1273 2061 1921 1140 1635 390 391 1967 2801 1395 1647 1715 2402 1972 1187 999 883 1555 726 430 655 2557 1303 220 216 331 721 484 1317 1756 2406 1662 1961 1011 2017 1118 2531 1648 478 1021 805 414 1755 2773 2361 2301 1568 618 838 1101 356 1629 296 553 1282 1855 408 2698 53 2765 2794 2806 1438 872 471 2822 2075 2610 2407 1278 1216 139 701 2028 239 1781 2280 1503 1918
6 1221 285 1702 546 2643 582 732 1083 759 1697 181 620 1260 1797 807 1570 298 1891 2152 1882 1605 2502 1456 1284 1603 1188 420 2666 922 1139 1285 1541 2807 1397 1153 2841 1723 973 2768 2043 2816 411 1865 148 475 2810 941 2171 650 1318 2179 2425 2118 594 2476 2791 2346 636 2348 37 2268 1916 1502 1953 629 281 454 2203 1738 949 850 2494 1184 117 1219 122 980 1525 1884 2656 1536 1175 2410 713 510 1979 84 658 1283 1047 2149 1322 1267 167 214 1488 1380 2521 1845
1125 1753 70 2015 1834 1252 2077 2777 2478 2772 951 18 601 1842 1839 2 2818 2663 2561 431 2510 1035 2624 1830 1759 315 2000 962 702 2622 2161 2686 848 2815 522 1965 889 1845 2069 767 1261 2471 2757 725 1940 783 646 2272 1390 1747 417 1443 1798 1557 688 1586 1881 395 1801 1938 1636 126 103 1559 1175 169 1316 404 2767 1306 1860 2713 2728 1951 2653 1114 1833 1428 1208 2046 497 2589 293 1869 1986 1218 1897 1165 2583 2601 145 1649 1943 1623 1362 627 1825 1130 2671 572
767 1938 2510 889 431 1443 2686 1747 1833 277 2818 2496 70 1035 951 369 1834 2015 1252 2702 1839 1460 2315 2685 1980 2532 211 2747 2098 2561 1711 1047 1582 136 1074 2762 1817 1404 2636 278 453 2482 612 1160 2599 2009 2154 141 281 1902 2453 1225 922 2627 1340 208 1989 2622 854 351 2650 401 990 1219 161 1204 1322 1023 997 1066 144 1436 206 2582 2355 1674 250 502 713 1100 1642 2722 398 105 2043 708 2378 1666 938 1318 2503 2274 1700 1504 72 2678 1726 903 1654 776
196 1579 945 841 9 2792 1583 1625 1179 1769 869 1578 1920 2491 2328 353 639 776 1977 98 919 1989 2682 1354 2252 2647 1791 1063 952 998 1651 2474 118 567 1585 1531 748 2711 1470 1770 1864 887 1970 2778 422 819 517 227 778 233 382 2256 1643 2361 1667 2723 916 2729 1963 2740 2042 2067 928 2353 2462 1819 910 585 2334 2575 2081 1042 764 719 643 2008 1854 478 2611 1048 701 241 1402 207 2632 2467 1647 2821 840 1282 1289 936 2062 108 2018 1822 781 456 2505 2465
2394 2697 673 593 2417 749 2196 678 2251 855 2005 105 1778 1946 1794 1142 774 2492 2087 1174 1094 1131 937 2519 1936 1913 2006 2243 1498 1068 2788 2151 2299 881 821 2458 1243 11 2600 1040 2463 1835 2126 1225 1379 1322 2245 731 595 401 2497 15 2469 800 1966 1954 1222 2290 2655 2410 2730 351 560 208 1423 2627 1023 825 1717 144 396 1882 905 1066 1495 922 2178 1783 2691 60 2154 1020 198 1420 304 459 2587 1083 2762 2214 435 2830 336 141 322 409 1688 747 1145 2098
2624 848 1830 702 1845 2471 931 1114 126 2601 1908 1767 103 578 2276 688 297 1323 1235 990 835 1608 502 1413 284 768 1340 1107 1186 2314 250 1391 522 1720 1821 684 1975 65 1254 2388 1512 1310 903 2667 319 1001 2585 497 1359 1334 1075 1586 2815 1189 1428 2792 282 1943 2350 2047 674 1817 906 673 1709 1123 2432 559 2287 9 136 2453 1860 2583 2105 2419 2337 776 1250 1208 1204 1486 1003 2133 2343 1027 945 1848 2826 2564 725 1772 211 278 1710 247 645 1046 168 1437
269 1548 2359 1462 1183 531 731 2126 351 2074 2642 2722 1225 2469 1098 1711 1288 1806 1160 2483 1954 453 1902 401 1717 183 823 747 1628 2055 1023 222 621 1047 850 15 1703 1423 1638 208 2655 60 922 171 2747 2645 2577 2762 1835 2760 2085 2600 2463 1206 2154 2497 55 1379 278 1145 1150 172 907 73 1560 1504 1363 1222 1436 595 2587 2502 1413 2599 2695 1582 2182 2325 1119 2245 1682 2512 761 2475 1599 694 2400 2450 459 1720 2537 1681 1285 1412 894 2098 728 2163 1736 144
1697 759 1260 807 181 1797 2643 620 732 1702 1188 546 1221 1570 6 285 582 411 1083 298 922 1456 1284 1882 1285 2476 1153 1541 2043 459 2268 2816 1318 973 1938 1763 2666 2167 2171 1833 1891 122 2425 2807 889 636 1603 1747 1865 2810 37 2496 820 2686 1082 661 1380 2593 624 1443 1090 669 1308 1074 2194 1761 281 2498 1006 2695 1267 845 475 2443 586 1523 980 1536 1227 443 850 2355 650 2293 1322 2168 2276 1884 211 2514 829 2463 2532 1413 2261 468 1320 2761 1666 1145
1656 1190 2790 2034 1102 2817 2501 1934 2044 817 188 1624 2411 2545 2528 85 1796 221 1407 1644 1926 987 1386 635 1405 547 943 556 2439 312 2832 155 1752 2082 1319 611 2270 1840 2300 2241 1381 518 1544 2631 1658 659 715 201 1569 2826 563 663 2812 2840 305 197 2365 1111 2389 2370 59 1422 562 587 602 480 2322 1855 194 2538 2713 712 134 2592 259 2774 2193 1332 1202 1617 1339 238 978 2689 559 100 950 1316 287 158 849 68 1253 1302 1827 2367 1545 28 2119 2556
2218 1436 222 1504 2512 1933 1790 850 2362 2071 1638 2355 1305 2691 2645 836 2432 1321 1911 1709 2156 1098 935 2342 755 1736 2750 2450 99 2201 2593 2096 1806 897 1267 1479 477 1682 144 208 2587 453 2147 396 595 1052 981 1145 1510 1717 401 278 2167 2655 2762 1582 1711 612 141 1044 2163 1160 1023 2599 2394 1902 399 823 461 854 351 1628 2722 1817 136 2009 1225 1954 2098 2636 2747 1066 1150 72 2475 2378 172 1976 495 1826 1700 2154 2647 639 1666 1674 1920 241 320 1423
1971 483 2784 1300 2579 789 240 1257 1115 1786 1427 2540 2759 1883 374 251 581 803 2546 2381 1451 76 1093 1353 407 1361 2000 2114 1513 1898 1161 2242 2238 1900 614 1357 1847 766 1137 2504 2409 1389 39 1180 1561 341 1801 1106 1091 93 926 564 1672 895 1166 2281 2288 2495 1590 1207 898 1178 328 576 1773 2785 215 2072 714 101 2224 1447 1593 1087 989 16 1749 617 436 1346 2700 2437 1836 1559 1818 1928 1558 364 832 1914 940 1996 44 751 1502 1483 2277 853 2040 2066
1308 443 1082 2810 586 1763 2043 1006 629 1090 37 922 2346 475 1891 1916 1723 1113 650 2268 2171 2666 459 2677 1284 1865 2261 1456 1198 1188 2502 411 325 1603 745 2816 2249 1605 2055 1288 2768 980 594 2152 2497 941 1703 75 953 2535 1766 334 820 84 1047 1844 420 1397 732 258 1474 1163 479 620 2179 1957 2404 2098 177 750 384 95 2126 2494 2074 1541 1222 2841 1835 2679 281 73 713 2118 272 609 985 2469 1160 1023 940 1884 1628 1702 1654 322 1420 731 2167 1283
1694 2185 2584 1411 2616 1129 2298 1684 1294 665 2481 1446 1630 1360 1112 1258 143 795 1939 1270 1440 2246 638 787 30 2455 810 2412 2363 2811 2619 2271 2255 1514 1925 1982 511 1445 2460 71 2529 1619 90 264 2189 879 1735 1338 1863 667 2484 958 317 2468 386 557 2371 226 2339 299 891 1159 1815 2338 1215 352 2138 2269 2614 428 573 600 1964 1291 1238 2833 2662 1509 1589 1060 267 2749 526 2590 2059 1122 403 1187 484 57 17 2500 1831 1814 1563 1386 2556 505 1827 2774
1730 2687 1912 1026 108 125 2062 1335 464 1297 1929 788 2228 1281 2301 2407 1275 2806 467 456 1655 1923 1022 1932 2773 1378 501 1822 241 2142 1813 1706 324 129 389 1062 1097 1831 1293 628 1143 758 840 872 1008 2715 2398 643 753 927 1789 2634 452 1220 1503 326 89 1039 2611 2632 1048 782 159 580 1018 1273 295 1118 484 331 2698 655 2465 2505 2199 138 1692 936 478 1873 2285 1961 1612 200 1262 618 2017 1303 1240 2316 2467 455 999 533 402 1917 1021 1011 1941 33
767 2510 431 1938 889 1443 2686 1747 1833 277 2818 2496 70 951 1035 369 1834 2015 1252 1839 2702 2315 1460 2685 1980 2532 211 2561 2747 1711 2098 136 2636 1817 2009 1582 1404 2762 1340 1047 453 2599 278 1160 281 2622 401 208 990 144 1074 1902 624 2722 2627 2650 938 105 141 612 2355 922 311 72 1225 1557 2482 2349 1023 1642 595 854 206 1322 1484 1436 1219 2154 2488 1368 2147 2453 1318 172 1204 2601 997 579 2378 2582 816 502 343 1100 1700 351 2718 1504 1674 1778
2725 2464 2448 957 1889 2404 5 2457 1515 844 509 609 2823 1766 1696 1426 744 306 1953 909 473 1602 119 2351 466 981 1911 2546 1984 1397 2656 2841 2425 1139 2014 2394 477 2124 1866 1637 84 941 75 2348 424 420 2366 2149 757 2497 411 1533 1556 1510 60 1312 498 337 924 2720 115 1108 218 942 148 1841 520 229 2521 2787 2400 2128 630 2031 510 2362 1880 42 43 1423 1945 1835 2476 1683 1946 2751 1265 2458 208 487 2600 1222 15 1681 1488 691 2115 1234 167 1760
2767 2836 1993 1617 1782 1045 2840 1422 1663 2130 1328 1437 1444 900 1486 559 712 2419 1208 2837 169 1983 197 1679 1054 1623 445 463 1468 134 2707 2050 645 947 1381 2011 1253 2241 260 2826 1649 1489 1710 1658 674 2076 1307 1552 904 2652 2312 1701 319 1261 2133 906 2012 2088 1878 978 2439 860 1417 659 1860 965 1775 179 1600 1544 2397 2628 1046 2544 2515 563 1840 2606 440 1313 1218 735 2142 489 1428 2713 2358 524 2574 1788 2272 2084 11 1817 764 719 2391 2228 1532 1123
2210 640 2520 13 2671 1272 828 377 1754 2421 1949 2578 1041 2083 1337 1038 672 1910 2602 1668 2828 865 1374 933 2570 2120 1070 1399 1764 2031 2795 2038 323 1249 964 150 2047 2839 2786 340 176 1329 1189 1256 2335 1890 2108 370 1952 2032 2769 480 2227 2714 1429 142 2513 2798 2088 2539 554 1096 2451 26 844 1515 119 1753 2629 934 979 562 305 2808 1279 868 2327 56 1369 2117 555 2077 1266 859 432 2384 2650 2454 536 1125 558 2561 1492 70 260 1562 1033 1393 165 2761
658 727 1175 589 1951 485 2113 1306 2178 304 1213 2066 1389 1312 1361 1798 2054 1394 646 2787 545 962 1334 2656 2546 898 714 1683 2072 1558 1106 1230 1166 1451 2000 1087 293 1801 1115 2409 1559 1886 676 1207 614 2022 1928 853 572 2497 1137 1300 75 2149 198 1333 2161 2179 2277 1184 2323 374 1304 1502 60 2203 2114 2784 1288 1357 1685 1738 1891 395 1979 93 117 2579 215 251 1883 895 1703 1427 1353 2502 940 149 310 2542 214 1786 2249 907 1222 436 1363 989 621 1605
2374 493 1034 133 1575 2672 548 1664 1724 797 746 1276 294 2461 1234 2229 2327 2174 2184 1358 2418 1792 1861 210 57 1758 1580 570 280 2186 1196 1392 2590 1375 2125 1859 1930 756 2330 689 263 1765 1665 857 859 2004 1457 1279 801 793 976 228 2838 2456 2039 1776 1877 1887 704 421 2659 366 2356 2332 885 1551 1043 1072 583 1350 2739 2548 656 1229 2694 2321 2662 588 2206 77 1542 438 1086 2703 1947 1191 2198 720 2749 2123 880 706 514 1675 1497 1345 143 158 2127 1030
1096 1948 1416 2556 1993 1897 2825 1630 1586 899 1362 1360 497 2817 987 2766 2741 85 1694 817 2790 1496 925 1656 1606 2300 992 1926 2135 2842 2286 2528 1644 137 1934 2721 447 2411 1212 1381 1569 1218 2305 1407 1777 2455 2272 2454 2584 1369 1316 30 2412 948 1684 116 2501 312 1617 2046 79 1665 889 1051 1446 550 1076 1411 202 1045 2393 712 787 188 2813 1868 317 635 518 547 348 26 2435 2044 1747 2832 2312 638 238 146 1319 1386 804 2248 2382 2366 1294 1810 2319 1636
2242 617 1561 540 1593 2542 2785 783 1535 310 2441 2827 832 1343 1856 2112 1346 940 1914 465 1434 499 1004 1836 1298 2656 2737 291 751 2745 182 1693 949 1685 2202 1103 954 2190 198 2016 1786 1996 1019 407 2224 1091 2149 1257 1197 1760 983 1176 149 1161 1785 2521 1738 184 2072 76 88 1602 510 777 1207 634 75 1689 853 1590 1971 80 2227 1727 424 2786 979 1712 596 119 1847 1451 1773 63 2000 93 176 2179 1631 2129 1166 426 1488 1057 1228 1529 2497 148 1605 614
2374 493 1034 746 1575 133 1664 2672 1724 548 294 797 2229 1276 2418 2461 2327 1358 1792 210 1234 57 2174 1580 1758 280 2186 2184 1861 1930 570 2590 2004 857 1392 2330 1859 1665 263 2125 1196 859 1457 689 1776 704 801 793 2039 756 228 1887 2456 1765 2659 1375 1877 1279 2838 2356 1551 2332 885 421 1350 366 656 1072 2123 2739 976 1043 2321 583 1542 1191 720 2694 1229 77 2662 706 2548 438 2206 1345 287 588 158 1086 925 1675 1369 1365 480 2198 2283 2127 2187 1440
2433 2713 1860 1490 201 2376 2309 1453 2272 1901 2545 2034 715 100 1569 1796 2721 155 64 439 562 48 1640 305 51 1316 563 2650 2826 2815 260 1496 1123 231 1878 168 1636 1051 2556 1148 978 486 1965 559 1437 1486 1819 1864 2337 2557 900 2553 1046 194 2012 784 1468 326 950 963 1143 162 1302 659 2799 734 2367 1997 1827 192 764 2334 1579 1912 847 1741 1532 2389 1873 330 1972 1164 2008 1600 207 1896 533 1118 125 972 1289 2690 2840 2025 259 2789 1799 59 719 1109
2817 1656 1624 1934 2528 2501 1644 2044 2411 1407 2034 2790 188 817 1102 2545 1796 85 221 1926 1569 987 1190 2721 155 715 943 48 100 312 64 635 2832 611 562 1319 59 305 2300 1545 556 659 2389 2082 1386 2270 547 51 1405 439 1640 2367 925 1369 2439 1381 518 712 550 1658 2556 626 1544 26 1752 348 2322 1737 1876 197 950 1799 1721 711 2649 1782 2241 633 1202 1146 480 1680 2631 238 261 2454 2370 2689 2592 1827 1774 1840 1117 4 1422 1870 2119 68 2193 587
1583 998 2792 2252 1179 1651 1977 1970 2491 2328 1791 841 1578 2682 517 118 1579 9 1470 945 778 382 2711 1769 227 567 919 1354 1063 2042 916 2065 952 1854 639 2723 1531 748 887 1989 1920 2647 114 2778 928 819 2729 2361 196 982 1585 2575 1770 1657 1667 422 2225 808 763 2310 764 241 1822 2008 2343 207 719 1647 61 1289 1972 643 2632 225 456 2062 721 478 1143 1282 2316 786 840 2402 1048 2557 1438 192 418 216 936 2634 1046 2017 471 356 533 495 1395 2244
2317 2437 44 1672 2249 761 1990 834 16 2700 1749 1178 1836 2058 1727 2555 1300 1304 1277 2497 1703 676 1288 60 75 198 1363 1447 47 2784 483 1483 2469 1469 1883 2216 240 2737 1251 940 325 1161 731 2313 251 1995 621 1361 171 941 576 1353 1106 1427 727 2126 658 1004 2182 2760 1847 1738 485 789 384 479 1714 2179 183 1312 745 1364 376 2178 2705 1801 1502 1451 905 1343 2450 1184 2245 1283 738 2540 1263 2288 1641 1628 2679 2022 2054 95 1750 2726 304 1835 189 1971
247 1359 2585 723 153 539 1772 1204 303 450 2582 206 1403 1997 1121 343 2485 1751 862 2603 2453 549 1633 2718 604 212 871 2165 1245 350 58 764 2284 2018 1247 2551 719 914 1289 1347 2146 874 2008 1128 2209 1493 812 1351 776 35 1595 2264 353 2734 98 1970 196 1817 1046 1643 136 190 2479 422 1507 2391 900 2204 1157 1579 2487 869 108 1534 674 2557 1437 1770 324 497 1731 849 778 1871 2353 1923 567 781 1625 2711 456 1237 615 276 2611 978 1813 1586 2513 2012
327 1371 1525 2623 2263 2572 1659 1280 117 214 275 2303 1687 924 2573 1084 1184 2494 1738 1979 1400 2030 1922 1205 1502 2841 2152 2203 2179 1602 2348 2678 2791 1661 1198 510 1488 23 1139 1727 953 1605 629 2768 2555 2620 2502 2521 106 420 594 1397 2222 834 20 2677 690 2058 148 1749 1171 2567 576 1632 2109 1113 1343 2726 96 2751 2202 2216 1953 588 1836 1080 183 940 38 2656 1277 2149 2542 2745 1199 2737 205 1224 954 189 22 95 167 1927 384 1641 325 941 1032 1685
967 135 558 2295 2413 1804 707 91 2235 213 1719 792 2408 1448 2296 2615 1849 29 2533 1728 1478 1265 2354 1149 2638 1533 2320 1689 286 739 1945 2172 1867 2024 232 2566 424 754 2260 2756 1296 2673 1269 499 520 218 1383 184 1722 119 2021 24 757 80 2472 1529 2390 2224 540 1091 19 634 1588 1597 1132 802 1431 426 1231 1996 988 2143 2090 1733 1055 2649 121 509 388 1492 2728 2744 569 1889 36 536 498 142 2078 868 2294 1562 1038 193 857 733 777 26 2366 725
346 2821 2690 2467 1692 52 2505 2465 1048 363 402 1481 786 936 418 471 1438 138 2611 643 1612 1097 1465 478 2632 1008 2429 780 534 782 806 2244 1018 758 1662 207 1918 1022 389 452 225 2470 1378 2687 2407 840 1293 1822 2398 464 2634 2059 2062 2301 53 61 1503 331 999 1831 2781 1143 89 1021 726 1220 1039 108 1706 628 1506 1780 1124 753 1140 1101 2256 467 655 1278 268 2025 290 2631 1303 2715 241 1730 2557 2053 192 484 1524 326 430 1568 1655 1787 580 2806
2163 399 823 1628 2074 73 1510 2587 208 595 453 1717 437 401 2469 380 1599 1233 2655 981 731 2126 760 1160 461 1872 1976 477 99 1145 2098 1023 2055 141 612 1911 1047 2161 72 694 2747 222 1504 850 172 2362 2722 2636 2218 747 2009 2512 2355 2691 1436 1085 156 2775 1682 1267 816 2577 460 164 1784 2122 1236 174 2642 2679 2267 2380 1006 796 177 1688 144 1676 1903 1886 589 2593 2829 1163 1430 946 1951 1263 1380 485 1175 2645 2167 588 2249 1241 320 366 727 1685
1929 2806 2301 295 1275 2687 2407 1730 1008 655 484 331 2698 1273 999 430 726 1011 478 1503 467 2059 108 2801 1855 1026 1912 1022 2075 268 1378 2557 389 471 1438 758 2285 1475 2505 2465 936 452 53 1303 1140 2765 1472 1124 125 1917 1662 402 806 1278 2429 2236 1240 534 872 1118 840 220 1187 1101 2256 31 131 1037 1822 788 1524 2470 2093 1039 1875 363 1831 1281 628 753 1655 2398 782 89 2053 1843 1220 1018 1481 203 456 241 391 1923 1048 290 883 786 974 2467
702 1830 848 2624 1845 2471 126 931 1114 2601 1767 1908 103 578 2276 297 1323 1608 688 835 990 1235 1107 502 1720 1821 284 1340 250 1413 768 1186 1254 1975 1310 684 2314 2388 1391 65 903 1512 522 2656 581 2036 1175 1683 379 850 954 2149 1559 1397 728 962 420 215 737 55 1951 2176 469 1798 2152 15 1605 1066 2762 2432 1322 1221 1504 2000 1423 1125 1306 2114 2362 2441 278 182 1570 1709 2400 436 485 2645 1230 2325 2641 2410 208 2463 1225 2355 1206 2016 310 2768
70 1834 2015 1252 1125 951 1839 1753 18 431 2818 1842 2777 2478 2510 2077 2772 2 601 2663 2561 1035 767 2686 889 1443 2624 1938 848 1833 1114 1830 1747 2000 702 1759 315 962 2757 2622 1845 529 395 646 1557 1798 931 2656 522 1416 1559 215 572 2767 436 1940 581 1175 1423 1801 318 1841 1586 1306 2149 1257 1394 737 2540 364 2281 1786 2796 1693 497 101 1951 728 1902 1357 2441 277 1230 2324 850 2532 783 1954 2837 1434 2355 362 1649 2713 351 1817 1601 169 2644 126
617 1561 465 540 2242 853 499 1197 1631 1593 1166 2542 1590 1928 93 2409 895 898 751 2072 2785 614 1087 714 1207 1558 1785 1161 1535 291 1847 832 1228 1346 1773 2129 1513 1137 2143 634 1795 1689 76 24 2430 426 1786 1597 1257 1971 1914 1996 2024 2112 2224 184 2260 2699 310 1434 2489 2745 1091 1300 1804 2827 2493 407 1265 1103 2066 230 1836 1846 777 483 2324 2207 1004 2190 983 940 1538 1793 2441 2415 1343 792 783 2384 2521 2227 2202 1357 2568 1719 176 1431 1057 182
2267 1236 2380 1886 500 1430 1553 743 1499 2117 1256 2568 2423 834 427 901 1793 2058 2415 1057 1749 2217 1727 761 1277 571 2555 2542 676 75 198 1699 1038 1836 2224 940 2249 36 1304 2497 1004 1431 292 1483 376 1343 2737 60 76 2112 2437 2469 1685 1288 437 621 1251 2656 183 380 1363 1233 617 1103 783 171 2022 1597 1535 2074 1469 2700 1703 432 1178 1364 733 327 176 45 1628 2216 1714 1750 2149 291 832 44 16 2056 954 680 1197 485 1672 1785 1865 1447 2760 2182
1752 2300 2367 950 1202 1146 85 2832 312 59 987 2389 1102 2556 1926 635 1545 556 372 943 2082 2270 2069 817 2790 626 1737 1405 2631 4 518 221 1799 613 1656 1496 1721 1876 1386 547 1316 1407 2044 2501 1934 1636 2411 2817 663 2528 1624 188 1965 1644 826 611 1319 2538 1840 2477 2588 283 2241 238 194 2496 2439 1369 925 505 2181 2322 633 550 1314 1051 1658 2250 28 1544 587 1955 2628 2272 2689 1381 1680 2119 261 1111 2812 1563 81 259 2365 1117 2283 1993 2370 2352
1141 2070 2669 654 2025 2794 192 245 139 2396 1787 61 838 1356 209 383 2232 225 216 2173 2280 1781 1240 525 1248 2164 49 1282 408 858 207 1168 356 1299 822 296 1924 2091 1435 239 252 27 1505 625 2311 113 1555 1506 2137 449 504 679 1598 1021 2244 1465 799 780 418 2693 1127 2470 1780 805 2565 1755 52 2017 786 1481 290 752 806 2429 2343 534 2557 455 363 220 1568 1140 1317 1395 422 1921 344 2061 1756 1262 1662 883 653 495 1274 2690 346 1438 999 2316
143 1440 2185 2363 2298 1129 795 2584 1411 1694 2529 2468 1684 2271 386 2460 557 1514 1445 2749 718 787 30 958 1509 810 1059 879 71 638 1480 154 2740 1816 1366 2833 653 1961 1242 1925 1360 1982 2473 533 389 758 2285 452 2465 2505 1011 553 1124 2269 1781 89 2017 806 2175 108 618 200 2616 1294 363 2429 1282 2693 799 2371 1140 478 1493 1662 643 1127 2531 2557 1395 2053 290 331 2164 408 840 1274 2794 1667 241 2634 999 534 1037 190 418 296 1787 268 2232 838
735 1649 1054 2011 2050 645 2707 947 1623 445 440 1444 169 1663 1328 2837 1679 2130 1617 1775 1029 2840 1045 179 1782 1261 1253 2836 1381 2287 2767 1993 1422 1544 1840 2241 2439 712 134 197 1658 1218 950 463 2544 2631 518 550 2367 547 1386 1552 59 2389 348 85 1752 2082 1369 238 2375 2592 259 659 965 480 2300 1202 1010 2052 925 817 2270 505 2454 2628 194 2306 28 1545 1319 968 826 705 611 602 2365 1332 26 2714 904 2193 2774 633 2181 663 81 1473 864 447
783 2242 1093 1561 949 407 540 617 1898 2785 2441 1856 2737 2202 777 1914 766 2745 88 2111 2190 2542 1476 2827 1996 2238 95 940 983 230 596 328 310 1593 2422 1176 1091 581 576 832 1535 1343 2523 2114 291 1773 1161 2000 198 499 1685 1714 1727 2656 1847 2555 1004 1116 1785 34 132 695 1224 2317 853 1713 1795 2216 1178 1693 75 1801 1357 1838 1513 1631 76 1103 2112 905 2149 2281 1641 2497 1525 2547 1749 2288 2224 1288 1743 850 1346 1836 47 954 1304 564 2058 1834
1054 1649 2707 947 645 2011 1444 1663 1328 1623 169 2837 445 1679 2050 735 1617 2130 440 2840 2836 1782 1045 1775 1029 2767 179 1253 1261 1422 1993 2287 1381 712 1552 1544 197 134 2387 463 2241 1658 1208 2439 1437 1840 900 659 1307 2628 1218 1486 559 2544 2084 674 319 2397 2419 1948 489 965 1369 59 348 2389 2652 259 2076 1386 480 1489 260 1445 194 1416 1860 1545 547 970 925 28 1627 1983 1046 2046 550 906 2713 978 1051 992 1172 2574 2250 1827 2283 2424 2082 2557
1636 1316 1496 1965 2556 2815 1840 2628 2241 194 1658 2439 2272 1544 1051 1381 2352 1218 712 1261 1422 1045 2069 1782 497 1586 1897 1362 950 992 2046 1253 1752 2367 613 2496 440 2836 2840 1617 2433 518 978 826 231 2631 2557 2826 1896 1148 719 2821 2713 2538 2008 1302 1490 1532 28 764 2479 1873 900 1046 478 283 2812 152 2270 872 2082 663 849 2119 216 238 1912 1143 1741 2365 1118 456 840 1293 1339 1097 523 1187 2052 330 1123 125 2527 266 197 563 734 2062 772 1281
1996 1091 777 230 2441 967 558 2827 1856 2413 2295 2281 2785 135 1914 1818 564 2111 983 926 310 1448 1728 1804 540 2745 2190 2288 707 596 1743 2615 213 2202 407 1176 754 2408 88 95 1561 2756 1689 499 1180 1693 2242 39 291 1593 1535 766 2235 695 2533 576 2547 91 832 824 1719 1231 1093 2224 783 2320 739 2149 2016 2000 792 2024 1265 1476 2656 1149 328 1945 76 29 2495 1357 536 1668 1343 1785 1296 184 2021 132 634 2566 1269 1849 2354 2638 2737 119 2602 1786
59 2367 2389 1545 2832 312 1202 626 1737 2270 4 2082 372 950 1146 1752 1799 556 987 2300 85 635 547 1386 1102 2477 1405 611 1319 943 1721 1876 826 283 518 2411 271 188 1407 1942 1408 2528 1934 2044 2440 2501 613 134 526 864 1926 1644 994 2817 238 2119 274 1656 28 608 1827 2689 1117 1725 2370 2322 587 817 2631 505 633 1974 2037 68 2556 972 2144 2250 2181 2681 2610 1010 1892 266 1302 81 2774 1677 2283 1741 2527 1774 2597 2764 1708 2365 1339 805 734 2592
1946 1379 1966 605 2151 1110 365 1040 1634 610 2788 717 1573 1243 2830 94 1424 1309 2364 568 435 112 2560 1794 1968 1133 1581 1311 2746 1131 1783 1005 1020 434 2290 2417 248 2730 2549 544 1670 410 593 648 811 1454 1079 678 2219 673 749 2005 881 2697 538 843 1546 338 1718 2251 2170 870 2095 2405 937 1516 1645 2145 406 186 2196 2680 1731 2614 1385 1871 1138 2376 1800 2613 3 1528 1642 1007 730 253 2490 2087 2266 1729 257 2594 1600 2783 35 2102 1351 130 2328 1534
835 1254 1310 1907 1013 1458 1908 1512 2160 1315 2079 309 284 903 65 2230 1336 861 684 1975 856 1107 2386 2388 1340 1217 398 502 300 333 2116 250 335 1400 2276 2571 2620 2591 2503 1232 1720 990 1821 1608 702 785 1687 2425 2197 1726 762 768 2476 2601 518 1767 1449 259 2471 2840 563 328 1128 1819 2496 1199 2826 1864 1552 2812 1942 197 663 260 705 1386 931 1408 372 559 201 1148 271 2544 2012 2397 134 1791 1111 2440 2424 85 900 1453 2365 1486 2241 1437 2272 216
1993 2767 2836 1422 1045 1617 1782 2840 2130 712 197 1328 1444 1663 169 463 1381 2241 2837 1658 2439 2050 134 1437 1623 900 1544 179 1253 659 1486 559 1261 440 947 260 1679 445 2419 1552 2826 1208 2714 1840 348 1369 480 1983 925 1054 2628 2011 1649 26 2544 735 518 2454 1870 563 1468 1405 1218 2082 1051 1878 550 2088 2649 194 1307 1386 645 556 2270 2397 547 943 663 2538 2556 2312 635 259 2389 221 312 188 2769 28 2832 1545 85 1417 674 633 826 2076 238 587
2702 2685 2315 1980 277 241 2142 2634 495 113 1503 840 767 1039 2398 1747 89 889 389 753 369 1833 758 1938 11 144 2686 2496 105 2110 2632 108 1813 1778 456 1443 2622 125 2611 324 452 1923 129 1912 211 1460 1220 643 1281 1730 464 1062 1932 1989 138 1048 1026 2062 1612 1557 1097 628 788 822 1293 2532 1822 782 1706 1022 2465 2505 501 1018 1378 1143 2228 1413 2565 936 1692 1335 1655 216 2467 858 1435 2256 1390 455 2510 1262 764 431 1505 2008 1506 2407 2690 1165
1507 2550 2019 107 2604 1669 2008 719 1104 1177 2018 1289 764 2209 2284 863 2414 1493 2146 2487 1646 190 664 914 1351 2165 35 2551 339 1128 862 812 2641 1534 1147 2110 1450 2824 1732 830 2136 1915 55 1157 2247 422 2176 615 1244 1120 1678 603 393 2275 1577 1620 397 728 2783 2518 1073 604 2667 2462 1200 495 241 643 1667 2632 577 1822 1729 290 113 1395 27 456 1647 1048 2611 782 2491 1781 2402 2328 840 1036 89 239 343 136 1817 2634 1977 758 1282 1018 207 478
117 1659 275 2303 1205 1184 2494 327 2791 2030 1979 1502 2203 1198 1084 1738 2573 23 2179 1922 1687 1488 1525 2623 510 1371 1400 1080 2572 2263 214 2348 594 1602 2222 2521 1280 205 2677 2768 298 924 148 2678 1199 167 1397 953 420 2101 1591 690 20 629 1866 2620 1880 1661 1953 454 1113 2535 1425 543 851 1605 325 2841 745 2726 1726 2109 1139 577 2152 84 40 281 1537 38 1082 1570 796 2162 1744 1884 1471 2118 2128 1474 1911 973 1308 443 1285 586 1960 425 1727 2058
1032 189 2060 2554 2313 419 894 2153 1927 1632 96 106 1844 1858 1560 468 229 565 959 506 1286 744 333 1288 1015 2216 1703 1425 1363 122 167 183 1987 20 815 171 1284 2726 621 236 2118 1610 2760 1749 2608 973 2249 2182 941 1113 2784 1251 1661 1304 1188 980 1883 481 2335 2162 2497 2058 1364 609 75 1456 214 2823 1084 1766 309 1217 2030 2404 198 258 454 1880 1884 1483 1744 2303 45 2705 834 2425 2056 2450 1995 1283 2246 2831 1205 37 325 1064 251 1371 661 2437
269 1548 531 2359 368 2499 1725 444 1088 598 1462 1183 1508 2803 1285 1565 1000 1853 298 2118 475 1695 1808 2027 2346 747 1570 2274 1705 1287 2820 791 1884 1089 339 796 2051 2482 1241 2600 206 360 1404 701 848 1100 923 863 131 1681 1340 1739 1155 1788 2518 343 98 1916 2085 446 1403 2664 2791 2132 1770 288 508 2768 58 1385 9 715 164 639 1817 1579 277 2618 1073 1697 871 980 1707 2650 1024 776 515 1591 676 2711 2147 455 1284 1711 151 816 1784 2304 1204 2593
2558 204 1944 2766 1212 2294 2842 1055 2135 137 2741 899 2305 1935 2825 1606 2728 1463 116 165 447 97 1130 725 2041 2506 1067 2068 79 2736 1134 1940 1056 2511 1547 246 1126 2382 2207 722 2258 1986 362 1841 1464 1223 1825 2248 692 2292 442 2813 1076 804 2665 1874 1453 1937 1901 2719 2286 135 2319 1490 677 201 558 350 2393 2057 329 817 2435 2817 2309 723 967 2039 950 2413 2617 2367 1369 948 659 686 480 790 1910 2333 1945 2489 2501 179 2300 1752 865 1962 1934 1996
2669 2025 192 2396 1787 2794 245 139 61 1141 838 209 2070 2173 2280 2232 1781 225 2164 49 654 1282 408 2091 1240 239 383 356 207 296 1356 27 216 1924 1555 1168 1299 449 1248 525 2244 1465 780 504 822 799 418 1021 1127 2693 858 2470 805 752 1780 1755 52 1435 1506 1481 786 2311 1505 252 113 290 625 2017 2137 806 2429 534 220 1598 422 679 1568 2557 653 1274 2343 1317 363 1395 1921 883 1756 2565 2061 455 1262 1050 1635 314 2765 1967 1662 390 999 1831
989 341 1900 2040 803 364 737 215 436 101 2381 251 2540 1683 1427 2644 1230 529 374 1883 545 1353 395 572 581 2546 1394 1389 2277 2759 1115 1898 2579 2784 1971 1300 766 2114 293 304 962 2178 2238 1213 2113 1801 1093 328 1798 2066 2323 240 407 1559 1106 1257 1361 2504 1786 2787 1451 1137 658 1951 926 1180 2495 589 39 614 483 1818 2677 646 1306 727 1175 2288 2054 789 281 76 564 1231 1334 2761 2503 714 1558 814 1768 1591 398 731 84 2636 1241 941 1608 1217
807 1697 1260 759 181 620 2643 1797 732 1188 1702 411 546 6 285 1221 2043 2816 582 1456 922 2171 1284 298 1891 1570 2666 1083 2810 1541 1723 122 2476 820 1153 1882 2425 1603 650 973 2807 1285 1318 636 475 980 2268 37 2118 2346 468 1884 459 1763 1015 1916 2502 2791 2167 1858 1090 1610 2823 1536 1082 661 2761 750 2498 1911 1768 1605 281 2048 1283 1761 334 1308 1108 2194 2168 1638 1145 1006 594 1084 829 2593 2691 1806 2688 1436 956 454 1322 2762 1023 2152 1504 2695
2414 1177 2641 2176 55 397 728 1669 1104 2604 107 1194 2550 1507 2019 1482 575 1691 2754 2080 2383 584 845 2695 2326 736 1523 1467 469 2752 373 1919 187 2360 1014 441 1748 1028 379 2159 2073 1222 15 2345 32 2605 1423 384 2033 560 896 1957 577 272 2214 831 409 1760 1954 1712 1450 1225 985 2154 1420 1263 1641 1459 1690 2525 1950 182 621 1382 198 2497 917 1821 2733 1192 1720 2463 2234 541 2655 2107 738 2240 954 351 993 453 1835 2152 2239 2502 2347 920 1832 1372
196 1625 869 353 776 98 2792 1579 841 1273 999 2361 945 9 2059 1179 233 331 872 1583 1475 726 31 2474 2698 1472 484 478 1011 655 2301 2557 2806 1503 1140 430 1124 2407 1769 1438 471 1354 2256 2491 1037 118 919 1977 639 1578 2778 2328 998 2236 1855 422 220 2682 1187 2075 2093 2053 1662 1791 1063 778 1970 391 936 1118 1531 758 1917 2505 2465 2429 1470 819 534 389 806 1667 53 1303 1708 1101 1278 382 567 2729 952 1 2687 2711 883 1524 1864 2647 1730 1920
443 586 1082 1090 1763 1308 1006 37 922 1113 459 629 2268 2535 2677 325 745 1474 2449 1198 1456 281 1671 2167 8 1284 84 796 1160 2261 275 941 2126 1283 577 2720 731 144 2761 2469 823 2762 2194 1188 2043 1073 122 2747 1108 2718 1288 621 2098 595 1703 270 60 546 1023 1450 1891 761 1206 1717 2497 1865 2153 1835 2275 2490 1225 1153 830 396 1628 2030 732 661 1047 2346 1177 1363 477 334 924 206 2245 278 2636 401 301 254 258 2494 322 1768 387 894 2109 1066
70 1125 1753 1839 2510 431 2777 2478 2772 2077 1834 2561 2015 1252 951 2818 1035 18 1842 2 601 2663 767 1557 1390 315 2757 1759 2622 2656 2149 1845 1951 2624 962 1306 395 436 1693 215 1559 1798 208 278 658 2762 850 1605 1175 2482 1423 2540 737 2497 1225 485 848 1230 277 15 2154 222 2000 461 1510 1504 731 922 1582 2599 2113 1608 1347 2302 1902 1711 905 2214 1267 1954 1683 1717 420 1830 2587 1213 1322 2126 2471 1106 1420 727 322 191 2469 1654 702 903 1222 1938
2792 945 1579 9 841 1583 1179 1769 998 1791 2491 2328 1578 567 1354 2682 1920 919 639 1977 952 118 2252 2647 1989 1470 1063 1651 517 748 1531 2711 227 887 1970 1770 778 382 1585 1854 916 2778 819 2042 2361 2723 196 1667 2729 114 422 2065 2575 928 2740 982 2557 808 999 478 225 61 389 108 207 758 840 2059 2334 872 533 2062 2429 353 1647 2244 1317 52 2505 2465 1730 2061 2462 1438 1465 2301 2794 1921 356 2402 799 1475 2634 471 721 719 2017 1395 2285 331
2045 1584 2023 2755 2545 1926 817 188 1102 2790 770 1656 1319 611 85 2300 2817 659 1796 943 2034 550 221 2397 197 258 1624 547 463 1386 2622 2001 1552 1942 556 1405 1934 925 2460 1414 1600 557 1101 1604 1517 2082 2610 26 1408 2256 1407 1752 2724 1369 908 1422 2375 503 1339 2769 1046 1181 2440 2367 1146 2358 348 2832 271 715 1564 2556 910 2501 134 2270 1237 2528 68 1644 2670 1240 2307 2544 507 2770 1981 312 1428 963 480 1997 1852 553 674 712 152 1812 2564 1045
216 239 2091 1356 822 2164 1781 113 2173 2280 1505 525 1435 858 1248 838 209 2070 27 2794 245 654 1141 139 625 2137 2311 1598 679 449 752 1127 2232 383 2669 1555 252 2693 2025 1780 192 408 1282 2565 49 2396 344 61 1274 1787 225 1924 653 799 422 356 1168 296 1299 290 2765 314 883 1050 1635 1021 1240 1967 390 1024 1472 2406 2531 2017 495 207 1715 1200 805 1568 2053 1755 1648 1843 1503 2634 1506 241 504 2316 131 2244 618 1317 268 1465 1756 1921 1395 414
2049 530 1017 1290 921 446 1604 1237 1301 1518 2064 1567 1981 451 2140 2282 631 1058 2796 2596 984 2392 416 1879 607 1909 908 2357 1396 1613 1739 542 2664 355 54 1673 1978 1893 660 710 2782 1808 1105 662 1695 2093 1000 50 2259 360 813 1742 2369 1287 1853 1791 14 2530 1625 2803 567 996 701 1370 2660 196 1621 2257 345 870 2146 869 1100 2018 1331 1829 1574 1667 2492 561 1614 2284 1565 1167 66 778 809 873 774 2274 1246 1031 2696 606 1970 1963 382 1531 254 929
433 2289 769 2375 2482 1788 1895 161 2650 197 331 2164 1579 192 2634 61 2794 216 1787 840 225 207 1435 239 1701 1781 2025 2669 758 1918 1780 1356 108 1912 872 478 936 2146 1011 389 346 534 2091 241 2061 838 1472 2467 418 53 1647 125 139 1127 1124 1187 2470 2632 1730 2429 1961 999 2806 2008 806 860 2611 1048 2062 1475 1972 1141 2821 2398 1302 2070 719 523 1289 643 2557 1921 782 822 764 1438 1248 383 780 2690 2018 2396 1568 1274 52 356 1282 2244 1896 721
2043 2171 2816 2810 2666 1891 1723 650 807 2346 475 1916 759 1260 181 620 2643 732 411 1702 1188 1797 1697 820 1541 546 1605 1603 2502 922 6 285 1456 1221 1284 420 1153 1139 750 582 1882 334 1570 2152 1397 2841 1865 594 2768 956 148 1083 298 2362 2179 372 2497 1953 1074 1420 1954 949 1322 122 2476 1222 2214 2463 2154 384 1206 272 1911 2410 1738 187 111 1412 2425 468 2348 1957 215 351 308 198 850 258 738 37 973 1225 905 2483 980 75 560 15 2512 1858
197 134 463 1993 2840 1658 659 1417 1381 2836 1422 1782 2439 1544 2084 860 925 712 2628 1701 348 1045 2241 433 1253 1788 1489 1840 547 1437 1319 1386 489 2130 1118 550 1617 1190 900 1486 480 1934 1710 2574 2515 611 1600 2397 2501 2375 559 2528 1339 1627 2767 2367 2419 179 2001 1819 2817 1624 585 1117 1656 2610 1407 1774 1051 1409 2044 59 1369 817 674 391 910 1721 2034 26 2424 2724 1545 2462 1644 2453 2289 503 1864 1708 2649 1981 1831 2806 1095 295 2764 556 31 1552
1810 1012 67 249 1406 627 202 2509 2583 1075 1001 2121 2350 2825 2766 2558 1055 1944 1606 2183 1056 2741 447 1212 137 2435 742 2057 1874 1894 165 1901 2728 204 2367 2842 892 2736 2809 404 899 1453 1869 2135 950 201 1752 2305 2158 740 2010 1169 1109 480 725 734 316 349 925 59 2813 152 1223 633 2291 2020 503 1254 1551 817 1408 659 2039 1680 2181 550 904 1741 1934 2592 2306 864 1721 1624 1473 2528 1852 2123 2834 2389 563 2397 2501 494 1665 232 378 1644 1332 526
1083 6 546 582 1221 285 1702 2643 732 181 759 620 1697 1260 1797 807 1882 2807 1570 1318 1153 298 922 1536 636 2816 1456 2043 1188 1541 2476 2171 776 1284 595 2167 2355 1891 278 2346 2666 475 2593 144 2762 353 208 850 1155 2678 1711 206 1404 1763 2514 1723 1902 2810 2695 1110 2098 1933 343 1160 281 2632 1145 441 241 1504 2627 2268 459 1582 2410 764 2141 579 1322 1666 2747 1678 2284 2463 2274 2522 211 351 1817 2142 639 2012 2374 222 1436 1066 1674 1225 256 1761
2844 2797 1539 2576 2139 2092 2833 1549 2776 741 2269 299 428 2371 352 837 2226 1814 1009 2473 262 667 1925 1982 1540 1349 1619 2403 891 1618 2175 2731 1735 1122 2484 264 2340 1025 90 1815 226 2455 1242 1863 879 267 115 1291 2635 2385 1238 1589 1366 969 888 2094 1295 2771 1159 2710 1373 160 1816 2158 2811 1807 687 2709 17 2189 2223 551 2607 2138 454 1480 1530 2524 814 1078 1421 1994 1698 349 1520 846 2431 2834 2399 2063 1880 1615 641 1824 2104 537 307 1572 892 2633
383 2070 1141 1506 1356 654 1248 525 252 455 2311 625 1435 2137 679 216 1505 1262 1598 2232 209 245 139 838 858 113 822 1140 2173 2280 1282 2794 408 2565 49 2164 1781 2669 27 2025 239 2396 1168 2091 1299 1787 1568 1127 192 61 2693 1124 356 2053 449 225 1555 296 1037 1021 799 207 1924 1780 752 2017 1024 2470 1274 653 290 418 2244 780 1662 2765 1635 1216 314 1967 1011 390 1465 1240 363 131 1050 1715 1395 1475 2531 402 806 495 1481 786 2429 1875 1438 471
2045 2023 1584 2755 770 258 747 1731 1035 1138 1320 2609 530 1707 1839 19 1800 288 2545 1739 1237 1673 410 2259 542 1587 2049 660 2426 2561 1466 1181 345 2664 2530 1017 996 446 704 651 2793 360 237 248 2613 1981 54 257 1980 1301 908 431 1829 2685 1604 519 2782 1290 2302 2257 1165 1101 2478 7 1872 527 365 1105 1065 1796 1491 2622 2510 901 1988 1396 2296 2261 70 2415 710 1645 2482 255 1007 1330 742 989 1287 674 1047 1871 2135 716 1516 665 2260 648 323 1000
2669 2025 192 2396 1787 245 2794 139 61 209 838 2173 2280 1781 2232 2164 225 1141 49 2091 1282 408 239 2070 356 296 1240 654 207 27 1924 1555 383 216 2244 1465 780 449 504 799 418 525 1021 1127 1248 822 2693 752 1356 858 805 1755 2470 1780 1168 52 1299 1481 786 1435 290 2017 806 2429 113 534 220 1505 2311 653 2557 422 1274 1568 1317 363 2343 1598 1756 625 1395 1921 2137 1506 883 2565 252 2061 679 1024 1662 1635 2765 314 1967 1831 1050 390 346 1918
1051 2272 194 2352 2556 1218 1496 1965 2815 1316 2628 1636 1840 1261 1658 2241 2439 1544 1381 712 1586 497 1422 1782 2046 1045 2069 992 2713 1362 1897 1253 2496 950 2433 1860 440 201 1490 1752 2836 2631 2376 518 1143 2367 1453 1617 2840 331 1775 1912 456 1293 125 999 655 1706 1948 1097 464 2505 2465 663 231 1054 108 2062 978 1281 2309 2557 1437 563 478 936 2398 2634 2826 840 324 241 847 753 1932 1923 168 1118 2632 1123 1822 1140 1993 1493 659 643 129 758 2467 1048
1125 70 1753 1834 2015 2077 2777 1252 2478 2772 18 951 1839 1842 2 601 2663 2818 2561 431 2510 1035 2000 1759 315 2161 767 2656 2624 1845 783 2757 1830 1175 1306 126 1951 702 646 485 1940 1559 962 2149 417 1798 1130 725 848 1357 1557 1801 1114 2471 119 940 2622 1390 2016 2686 2320 589 1165 2441 1825 2421 555 2671 581 1686 802 707 2210 522 165 1423 404 983 2728 907 2827 1986 1856 1693 889 1786 395 1533 2542 1106 2324 2506 142 1261 198 327 1641 688 727 2190
999 726 331 484 430 2059 478 655 1475 2301 2557 1855 1124 1472 2075 1278 471 1438 1662 1037 1101 53 1187 806 2806 2236 1118 2053 534 2429 2801 883 2407 1140 402 2698 974 1273 1503 936 220 2093 1481 1011 391 2465 2505 363 1862 1008 418 786 1918 780 1303 2687 203 2470 758 1524 2244 52 389 1465 207 1730 872 31 225 452 290 1021 1780 1022 2256 1917 1708 1024 1378 467 1929 314 233 1050 518 1 1961 108 1275 1635 390 1967 2467 1921 1395 2061 268 840 1568 1715
1096 1948 1416 1897 2556 1362 1993 312 1569 85 987 1586 2832 497 547 2721 992 1656 28 2790 1386 259 238 635 188 231 518 2082 712 2817 2241 1617 2272 2631 1381 2681 925 2806 1563 2270 611 1045 1934 1636 1827 1708 1187 2034 1051 2119 155 1275 1422 2389 2046 59 734 948 2528 2283 671 1873 2250 68 505 1405 507 1316 2312 194 556 348 587 1545 1218 317 2393 221 817 2144 2455 2557 772 1974 1319 1339 2411 1123 2813 972 2789 950 1117 175 2773 1302 2370 326 100 2367
1472 220 799 1475 391 2557 1273 1303 2801 2093 2053 2236 726 999 2693 2059 1187 655 1274 1395 1921 1037 1024 2061 1317 653 1756 331 430 484 478 1124 805 1755 1555 356 1011 296 883 1140 561 1568 1118 1050 1021 1278 314 1101 27 408 2402 1282 1780 1647 1972 2075 1855 290 2698 721 2301 1127 49 2806 1662 1918 2794 471 1961 1438 1635 390 1967 872 363 2773 1503 53 786 701 2244 31 504 2610 1465 2407 1715 2822 553 838 216 780 1829 535 2232 61 2028 139 1862 936
1038 1754 1041 2421 1949 1272 1256 828 1430 640 1553 2210 13 2671 2520 2117 377 932 1886 1049 2267 1699 698 1236 2380 427 1521 839 536 121 2568 1431 176 571 500 323 901 2578 1793 2083 36 2217 672 2227 1668 865 569 979 340 21 2415 743 2828 2423 866 2602 2384 733 933 193 2032 142 1132 1910 2451 2108 370 2078 2786 2668 1492 1189 292 199 2047 955 1588 1499 1374 1398 289 2150 988 2000 2179 1033 2149 2224 1562 332 432 1057 1785 56 680 80 2743 2521 1890 2656
5 1515 844 2457 509 1426 1889 473 1326 375 1696 2124 2725 2366 2014 2464 306 498 425 957 466 2404 2351 163 1766 1061 388 1637 2169 1556 2115 2128 1616 609 2508 244 1537 2048 150 2141 1768 2566 1269 1945 270 2448 19 119 690 520 232 1080 1610 1265 2031 1296 2761 1383 2520 2456 1867 1108 1283 746 2354 1070 2120 859 2222 510 424 1429 2638 672 2521 2278 1849 582 2229 744 2602 2038 1279 2615 2210 1722 1884 2828 1139 980 1374 2539 1668 80 1477 1596 148 2004 2428 2118
1083 6 546 582 1221 285 1702 2643 732 759 181 620 1260 1697 1797 807 1882 2807 1570 1318 298 922 1153 1456 636 1188 1536 2816 1284 2476 2043 1541 2171 1891 2666 475 2522 2695 1763 2346 595 281 2810 45 1723 441 776 1155 2593 2678 2167 2355 1160 2098 278 850 208 2627 144 2762 2268 1145 1678 2141 661 2194 2514 1064 459 2747 2263 1404 1711 612 353 1902 905 2383 2410 1504 1322 1856 1110 1225 2278 141 2274 2463 1023 1933 2261 1761 351 1523 2374 55 728 2009 2056 2086
1284 1456 1188 122 454 1153 481 1221 1702 922 815 2643 1987 582 2194 1260 37 1227 2268 546 298 2261 285 411 6 807 1308 459 1082 476 661 1285 1697 1659 759 2303 1570 941 1603 1858 1763 2222 2118 181 973 1865 669 1761 2502 1006 2425 1015 1366 23 2791 1723 1797 2476 2152 1556 732 1090 1480 1610 1205 1884 20 867 396 1816 2677 1891 586 84 744 2833 425 167 443 1605 980 1084 468 117 620 2627 2633 1744 2030 1560 2313 629 609 2168 448 163 1844 747 837 2162
1588 1132 988 2090 193 121 569 536 1268 1431 36 733 866 213 802 2333 2117 135 680 558 429 2408 2295 2078 2413 1492 332 1553 967 1430 1256 499 707 1393 2029 142 2384 1728 878 1699 2743 1562 1038 21 427 1448 2668 2451 1890 555 199 1533 1910 2649 2227 925 91 1033 2235 1719 1804 1369 2320 757 1793 176 2756 289 26 1686 2533 1418 1945 1754 2224 2260 868 754 554 2108 1228 1478 2566 2817 2842 2766 2421 1889 1398 29 901 424 979 1236 2728 2615 1935 232 2511 638
2510 431 70 1035 1839 2818 951 1834 767 2015 1252 2561 277 1125 2686 889 1747 1938 2478 2777 1753 2772 1443 1833 2496 2077 2622 1557 161 2757 369 1788 2650 769 1584 1390 461 1759 2482 1582 1976 903 1549 2599 1842 2636 2009 136 18 1902 433 2276 1340 446 764 2355 1579 278 2008 58 1817 719 1711 2593 1586 1436 497 854 1895 2647 1845 2228 2762 11 1504 1700 1595 2391 2453 938 639 2007 1920 168 208 428 2284 1965 579 1848 2018 1822 2532 1717 9 1247 144 848 1241 936
2252 1651 1583 1579 1977 1179 2328 2682 2491 841 945 1769 919 1354 9 952 1578 1063 2792 1920 1531 639 998 2729 517 1791 928 118 2647 2711 1989 887 2310 227 819 1970 748 567 196 916 2065 1470 1667 1585 2778 2740 764 2723 2042 456 2008 241 643 422 1368 840 1211 719 2634 2632 464 382 1281 1932 2349 1822 1972 1289 778 2611 1048 1706 1566 1367 786 2062 495 2505 2465 324 721 1493 478 125 108 1647 1262 936 1956 1923 982 2467 1097 1918 2821 2017 1912 389 923 129
1371 1525 2263 1280 2623 327 2572 214 2152 2678 106 1084 96 2841 1632 1927 924 2141 183 2502 189 1661 894 38 2554 629 2153 1032 1605 1113 117 1139 2060 419 621 198 2555 1953 834 941 1727 940 2497 1288 2348 2030 75 171 2737 84 1251 2760 949 2058 1703 1363 1749 1198 761 1004 1064 2522 1738 1263 2313 45 2182 1222 905 1364 2245 1304 1835 15 2216 236 272 2214 1184 850 275 2463 1957 1641 2410 2514 1979 2608 1423 2494 1343 479 2056 1322 831 60 1726 1750 1687 2303
2836 2767 1993 197 1422 2840 1045 1617 1782 463 134 712 2130 2241 1381 659 2439 1658 1253 1544 1444 1328 1663 900 1840 1437 1261 2628 445 1486 169 2082 2270 2050 1552 559 1386 2837 2419 547 556 440 1623 1054 1051 194 1405 179 2544 611 2011 1983 947 1319 518 260 2826 645 635 1679 2631 735 221 943 1468 188 1218 1208 2397 2375 348 433 1649 2714 85 1369 2556 563 550 480 1878 925 1545 2367 1775 1636 904 2389 59 259 950 312 826 2088 978 2652 987 2312 674 587
1290 2049 1518 2140 1237 451 1981 1017 1301 1879 1058 530 446 1604 1567 984 2796 631 2596 921 2282 2392 2357 416 2064 1909 1978 908 394 1613 607 2660 1002 1906 1621 382 2093 778 662 841 1119 945 1578 2262 2711 1359 2781 2585 723 1579 227 1568 1963 1100 1493 2723 1600 701 1781 1344 1037 539 1772 2462 152 1124 2244 2164 1018 108 2835 484 1625 2225 2402 1022 1048 1647 2792 982 331 2353 405 2429 721 786 2530 916 1011 999 1395 2361 1667 996 1961 534 611 2285 618 782
967 135 558 2295 2413 213 707 1448 2408 1804 91 2235 2615 1719 792 2296 1728 1849 2354 1265 739 1945 1478 1269 1689 232 754 2566 2638 1867 2756 424 2533 1996 1149 1091 499 1533 2024 2320 1722 540 1296 520 1383 29 2260 119 2021 19 184 218 777 1231 2390 348 24 80 983 480 2224 26 230 426 1733 757 1369 925 2558 2659 2744 1529 2649 509 165 725 2472 1588 2389 2039 1737 1597 1132 4 1407 802 1887 2817 1561 1926 286 634 2300 1870 388 179 2356 733 626 1055
204 1944 2741 2135 899 1212 137 2842 1055 2766 1606 116 1935 2558 1463 2305 97 2825 2041 2294 2068 79 2511 1547 1056 2665 722 447 1134 246 1067 2728 350 2813 686 329 2248 494 804 2435 1892 1464 2037 2367 1874 1677 1680 1369 1223 817 633 1771 165 2689 790 972 2250 2382 2625 85 711 2181 1386 2592 1955 864 1135 1752 2270 2719 1942 2322 2499 1725 608 1202 712 274 271 1827 1998 1273 1473 772 2687 2389 526 1708 261 238 1656 950 547 1314 2597 2286 2370 391 1109 602
59 2832 312 2389 1545 1146 1202 85 987 2300 2270 2082 556 2367 626 1737 4 1752 1799 372 950 1102 635 943 1405 2411 1407 2528 547 1386 2044 1934 1644 2501 1721 2477 1876 1656 611 2817 518 2790 1319 826 2631 1926 221 188 283 817 1624 2556 613 663 134 633 238 271 2119 2250 587 261 505 28 2322 925 1942 1827 2689 2588 2681 1117 1680 266 2283 2181 550 2370 711 68 972 2813 1010 1408 2440 1473 2538 2144 1974 1840 81 1563 1339 2610 1369 2592 1755 1746 734 1708
835 1908 1254 1107 502 990 1310 284 1340 65 1608 2601 1512 2276 2471 578 1720 1821 250 768 1975 684 702 903 2388 1413 2624 1830 848 931 1767 1845 1235 1114 126 297 103 688 1323 2314 1391 1186 522 1683 1458 398 281 1570 543 1232 1436 1198 1075 2355 1813 1230 2647 2105 1504 545 2594 379 495 636 2036 1726 581 572 144 2761 2762 938 335 1318 877 639 1674 241 395 2218 1003 850 737 1923 168 1536 1916 776 319 2634 2346 1591 1666 1321 2142 110 2677 125 2768 1162
197 134 2840 463 900 1437 1486 559 2419 1253 1983 659 1208 1468 1701 2826 1710 1489 1552 260 860 2836 2544 1417 674 1878 1307 2652 2767 2076 563 978 965 904 1788 2397 2012 2515 906 2312 2391 2088 2084 1600 547 2133 489 2082 1386 1148 2270 1319 2574 611 231 1046 1860 259 445 168 2769 1490 1045 2200 433 2606 2724 2001 319 2241 2424 1617 2375 1782 1123 524 1422 1658 486 1428 977 970 1313 2358 2337 712 1172 1381 556 769 2564 2035 1092 1453 645 1405 2289 415 1848 2010
1699 554 555 332 2029 1888 868 289 1890 142 340 1033 1492 2743 361 417 176 429 802 569 571 1398 2333 1393 2078 62 733 2451 1430 866 1553 1562 1065 193 1256 21 1053 878 681 597 886 979 2668 1431 2786 1910 1418 199 1668 2602 988 432 1132 500 1374 1686 536 427 1737 1041 1545 2088 626 135 2415 2389 2108 2090 2300 1268 59 2117 480 4 950 1314 348 2227 602 2421 1955 260 740 613 121 2477 1588 1111 826 2365 463 2501 558 1499 283 547 2842 2817 2840 2283
2545 2045 2034 1584 1796 2023 2755 1586 497 1362 1897 100 2046 992 715 155 1569 64 2721 48 1636 1316 1496 2272 770 2713 562 51 2815 2433 2556 1051 1965 1640 194 2241 439 305 2650 2628 1840 1658 1860 2256 719 1948 231 2008 2081 747 1187 2244 1493 2597 89 1339 1490 1021 1123 1912 200 2794 2025 478 563 764 734 216 533 611 999 1319 1465 1896 152 356 547 758 618 235 553 367 1395 1039 28 125 207 68 838 1282 258 192 1831 674 456 1787 331 1046 1503 1972
197 2840 463 1993 2836 134 1422 659 1045 1782 1253 1617 1386 1658 712 547 2241 2082 2270 2439 611 1381 2767 1319 1544 556 1840 1552 1405 900 1437 2628 188 1486 559 2375 2419 2130 635 433 221 943 194 518 1051 987 1983 2544 2826 2397 2631 85 1417 550 348 445 260 312 1701 925 1468 2556 2832 1710 2574 1369 179 1102 978 2610 1261 480 1788 1302 1974 1489 1545 59 2557 1878 1339 563 1118 587 2652 2367 860 354 1827 771 2790 1656 2681 972 1756 1444 2061 2821 2789 1926
2797 2844 1539 352 2139 2092 2576 2833 2269 837 741 299 428 2776 1549 1009 1815 1735 2371 2484 2403 1122 264 667 1814 1982 891 846 17 90 2731 1349 1159 2063 1589 262 1540 2094 1925 226 2455 115 642 867 403 1571 573 2226 2340 888 2486 160 1618 1698 2223 2635 2255 1295 600 2473 2138 969 1078 1807 234 1816 2175 687 1421 1025 2100 195 2431 2338 1520 2811 1530 1238 2266 1619 1622 2189 1366 814 1994 1291 2717 317 2399 1338 267 166 385 2412 2607 668 2633 1824 1826 1863
945 1579 841 2792 9 1583 1769 1179 919 1354 1920 2491 998 2328 952 2252 1578 639 2647 1791 118 2682 1977 567 2711 1470 1770 1989 1651 517 1970 1063 1585 778 748 227 1531 382 2778 887 819 1854 196 1667 916 2729 422 928 2361 2042 2723 2065 2740 2575 114 643 241 1647 840 108 2505 2465 2557 1822 1657 478 2632 2062 1048 1282 2634 207 786 225 1438 1465 936 2467 1706 1730 764 721 1972 2244 2402 471 999 456 2794 758 1140 464 2690 2611 125 61 2316 2008 389 719
2374 493 1034 1575 1276 1664 294 1724 548 797 2461 133 746 1234 2174 2327 2672 2418 210 2229 1358 2186 2184 1758 57 1861 1196 1392 1859 1580 280 2330 1792 570 2590 1279 2125 1765 793 1375 263 1930 2004 1457 976 801 2838 756 2456 1665 859 689 704 857 885 228 1072 1776 2659 2039 1877 1887 1043 1551 421 1350 2739 2356 366 1345 77 2332 438 583 656 1675 720 2548 2321 2662 2694 588 1191 82 422 1229 514 2123 706 2703 2206 170 287 1289 1497 1030 1086 2187 1542 130
453 208 401 595 2587 1510 99 399 2163 1628 823 1717 73 2655 2469 731 1145 1160 2098 2126 141 1023 2055 612 461 2747 2074 1047 1976 477 1682 1599 437 1504 172 694 380 2722 72 2636 1911 2355 760 320 2009 981 1436 222 144 2218 1233 1676 747 1479 850 2577 156 2593 2512 164 1784 1872 2642 2362 1241 2691 1267 2147 460 1688 174 2775 1404 1826 1155 816 2274 1790 1933 1201 2762 278 1582 1415 1711 1638 1100 2599 1902 1808 579 1119 1089 2645 1485 1002 2134 1817 2537 1225
956 1882 154 1797 342 807 1697 546 1260 2740 551 759 620 732 285 181 1541 2643 1059 2749 6 1025 795 1221 820 582 115 1702 1400 636 334 2823 2468 1487 2399 661 2278 1318 829 1188 2688 1083 537 2194 750 307 2020 1995 644 1254 2498 2503 472 2261 1761 2255 398 909 1153 2727 2444 1767 2807 1687 1609 2211 1199 1471 1536 835 2386 1195 600 2416 1626 1571 317 2189 1603 1232 321 387 1524 669 2168 1231 476 2476 2677 448 885 1560 1060 2238 2368 122 1456 1349 2667 2710
2045 2023 1584 2755 258 770 747 2545 1320 1796 1769 410 919 1731 2034 1707 2075 1800 288 2373 557 155 1138 1466 2622 14 1788 2613 1855 2429 1133 431 1511 1715 715 2134 2426 534 2609 53 908 2510 1969 98 7 77 806 100 1101 1051 248 1503 1585 151 1124 1579 2482 528 1037 2618 2531 1390 130 252 1526 471 1199 1925 1787 1073 870 290 1985 389 1770 1018 1475 1039 1635 2565 653 720 1745 652 1021 1851 1366 1438 268 923 2396 1739 2091 226 838 25 390 1648 639 237
2669 2025 192 245 2794 2396 209 2173 139 2280 1787 838 1781 2164 61 2232 2091 225 49 239 408 1282 356 296 1141 1555 1240 207 27 1924 2070 654 752 383 2693 449 1127 799 2244 1465 780 216 1021 1780 504 418 525 805 1755 822 1248 2470 52 858 1481 290 1274 1168 1299 653 786 1356 2429 534 806 2017 1568 1050 314 2557 220 1635 1967 390 1317 1756 1435 2343 363 2531 1715 1921 1395 2406 1024 1662 2311 53 2061 2765 1505 2059 1472 2053 1598 999 2285 1011 422 346
629 1113 1949 1661 2677 1308 1082 586 1371 1006 443 37 1763 84 851 1198 2421 1090 2109 2494 745 640 2152 941 1272 325 592 1474 1834 2571 1957 40 384 272 2000 831 985 270 2678 2210 1420 13 713 2535 609 1336 2503 281 1605 2214 2572 896 96 1222 214 577 560 1252 850 1960 2507 2502 2015 614 940 327 922 479 997 2777 2567 1125 828 2263 275 1632 2094 2624 762 1757 2772 594 2261 1525 1798 738 1397 409 1753 1891 951 1687 1283 1180 1144 1074 15 2072 1786 420
1380 8 325 1474 1267 1671 745 1006 2535 1425 850 1090 2449 2512 2355 459 1911 2593 946 2167 2245 1308 2362 1750 1933 222 1263 443 1504 1641 2691 1044 905 1763 2268 1436 2147 796 1082 586 1219 2410 396 474 2463 1790 2071 2688 1322 2645 1423 644 2720 1638 2514 2706 922 2627 2442 1736 37 981 2218 1882 2086 836 755 99 971 2642 2450 1560 488 208 2587 2156 1066 2313 2394 907 713 1954 761 2154 621 1226 1420 2188 1510 322 1225 272 935 1170 2214 595 2432 2342 351 1717
2152 2502 1605 2841 1139 420 1397 1891 2768 1953 941 1371 1525 148 214 629 2348 1603 2263 1768 1283 949 2567 2048 1113 2761 1108 84 1865 183 270 594 106 1632 2623 96 510 1738 1280 327 2179 1723 1866 2203 621 1927 2521 1488 2816 2554 1602 1364 894 198 2497 1251 75 171 419 650 1288 609 2666 189 2494 2153 2401 1995 2030 940 1184 1502 1880 6 1363 732 2810 1702 2555 2043 1703 1032 281 1171 582 620 60 1221 2171 2612 761 2737 2831 1304 2060 1004 905 1979 1727 2022
392 301 1419 2331 519 1495 2763 2458 1387 937 2843 2377 257 1992 1527 535 1385 2341 1007 406 966 1442 1779 1511 2102 773 1969 2600 2145 1682 1705 2543 1068 821 1325 1676 1479 1526 1731 320 1040 1894 1200 355 2609 2085 435 2516 288 253 1131 1707 2660 730 2262 248 1573 2299 2830 2151 1871 1138 410 1142 2290 1966 908 1309 365 881 2136 605 1243 747 870 434 2219 1978 1424 852 2788 2680 1396 1311 2730 7 2613 2318 414 1783 942 1020 1133 1581 2096 984 1384 1237 2560 2420
2045 2023 1584 2755 258 770 747 1320 1731 2609 1138 1707 19 288 1800 410 1587 1980 1466 1073 1839 1035 901 2561 908 530 237 1237 2415 257 248 2423 2720 365 70 1673 2478 1628 875 2613 941 1739 1047 446 2261 989 323 2426 132 2793 2545 1968 2685 2134 2251 1133 1928 39 2746 2482 360 2074 527 2049 704 1065 867 651 2259 597 519 762 1290 660 111 1645 2622 1783 2194 416 2217 695 1165 84 482 870 1006 2302 427 676 1017 742 868 2568 1872 773 966 1199 713 454
1801 1175 1798 962 1951 485 1306 658 727 646 1394 395 589 2054 1839 529 2644 2000 1361 2656 2277 2113 572 1230 2787 1334 1312 1213 1834 304 293 2066 2178 1683 2015 1451 2323 545 1559 1252 1389 70 676 2149 2540 1125 1106 1886 436 1035 1427 431 951 215 2510 2497 2561 1753 2161 1845 853 2325 310 18 2022 2818 803 1222 2624 581 15 1207 1842 2777 714 2107 737 2 198 1420 1786 1693 2214 1300 614 1288 272 409 75 560 461 1957 831 2463 850 905 308 1206 2016 101
2629 729 2798 2539 1429 2428 2221 2640 1070 358 2120 2031 964 1337 1399 2038 1266 2578 377 1952 2808 1764 2335 828 2795 672 2570 2828 2839 933 1910 1329 2083 865 1374 2602 2520 2047 1668 2562 41 539 723 912 1249 13 1187 450 303 2513 508 1635 1934 2210 1264 701 1302 2590 2528 1970 1942 1827 2411 1240 1536 2343 2585 2208 368 880 2499 92 14 1030 2530 996 640 1596 390 1121 2453 1408 2044 1799 994 1359 444 2330 2440 220 28 1278 1715 1648 1751 1973 2692 271 788 1924
586 443 1082 1090 1308 1763 1006 37 1113 629 2677 922 459 2268 1198 2535 2449 1474 745 325 281 275 1456 1671 2167 796 343 144 206 495 1751 8 131 254 862 1570 53 2490 1578 1403 1612 2565 290 2328 117 2747 241 245 577 452 2723 1100 1160 806 1284 2761 2261 2194 2491 151 1591 779 2434 1781 1404 2718 2634 2678 1271 2407 153 446 2429 546 1642 2232 1282 1241 525 363 595 2762 549 701 406 2636 838 2017 2142 2611 1662 113 1209 653 938 1155 1124 1902 477 2027
59 2832 312 2389 1545 1146 1202 2300 85 987 2367 1752 2082 2270 626 1737 372 4 556 1799 950 1102 635 2411 1407 2528 2044 943 1934 2501 1644 1405 547 1386 2477 1721 1876 1656 2817 2790 826 611 1926 518 1319 2631 283 1624 188 221 817 613 2556 266 663 633 261 238 2119 505 1827 134 2250 587 2283 28 925 2181 2322 271 2689 1680 1117 2588 68 175 2370 1563 2610 2144 2681 1369 480 734 2069 81 523 1942 972 1840 1339 1010 711 152 313 1473 2534 2500 1896 348
835 1908 1254 1107 502 990 1310 284 1340 65 1512 2276 1608 2601 2471 578 250 768 1821 1720 684 1975 702 903 2388 2624 1413 1830 848 931 1845 1767 1235 1114 126 297 103 688 2314 1323 1391 1186 522 1458 398 1570 1232 2105 2594 877 2647 1003 335 168 281 1726 543 639 2634 1579 1436 1813 395 1504 192 2070 1787 1008 1039 1356 1864 776 1198 854 1141 840 241 144 125 2355 1819 1221 1916 2815 495 1700 2036 2142 1187 1985 1496 1435 1822 456 2346 475 1918 2762 529 1124
1161 1847 1228 1513 1795 1785 1773 617 2129 2066 1561 499 465 1166 1197 898 2409 614 1928 714 93 2072 895 853 1558 2242 1300 1207 1213 1590 2113 2542 1087 2178 304 1137 2784 483 1593 1389 240 1346 1883 751 1427 2785 1971 1115 251 76 1106 658 1786 1353 485 727 1394 1257 545 1175 2430 374 540 2540 1451 1951 2022 834 2546 789 1361 75 310 2497 634 676 2143 2058 1306 2054 589 198 940 1801 2202 1798 1312 1749 2114 2000 1685 1727 2579 407 1357 1559 2787 1004 783 1343
850 2512 2362 1504 222 1436 2218 1933 1790 1305 2355 2691 2071 1911 1638 2593 477 981 2645 2432 1267 1709 897 2394 144 836 1479 1321 935 2156 2201 1052 1098 755 2750 2342 1044 2147 2420 1736 2096 1682 1806 2167 99 2450 595 2587 2446 1976 461 396 141 2537 2642 399 2074 1145 453 208 2318 118 2711 599 796 1023 764 567 2163 401 1155 495 719 1582 2098 1510 241 1817 1676 643 2316 2632 1711 1598 2792 136 256 113 1822 612 2008 278 1156 1902 2443 639 1700 2611 2284 2634
767 2510 1938 889 431 1443 2686 1833 1747 277 2818 2496 70 951 1035 369 1834 2015 1252 2702 1839 1460 2315 1980 2685 2532 2747 2098 211 2561 1711 453 1047 1074 2009 2762 2636 612 2154 1582 278 401 1225 1160 136 208 990 281 141 1817 2599 1023 922 997 351 1066 713 1322 2482 502 250 1219 1404 2627 1902 72 578 1340 1342 2622 2043 1423 903 2650 161 2722 2355 398 1605 13 854 2503 1954 770 1654 1504 1436 2410 2126 2582 2678 144 1674 2777 595 2483 1204 2463 1717 156
1105 1396 243 1370 355 1554 813 2696 1331 1673 1614 2257 908 2458 607 1742 966 2660 1384 337 1681 2049 1495 2336 825 1404 2274 1100 254 1808 446 1567 2600 1705 2490 487 765 2405 567 66 1083 942 747 2678 131 2170 1688 1271 455 1155 281 776 3 1906 320 595 144 530 921 579 151 779 1985 290 1642 1145 1385 245 2157 282 654 546 353 2284 418 2017 2642 118 27 975 459 2085 1534 2747 2018 2098 2536 1198 1822 2328 394 923 449 1438 471 1221 808 1160 311 2577
1290 2282 1017 2596 2064 921 2049 631 1518 2140 2796 530 451 2392 984 1604 1301 1058 446 1567 1237 1981 1978 2357 1909 908 416 1879 1613 607 2085 1384 1002 1621 942 1119 662 660 360 2543 2458 2259 966 1742 2600 1812 345 1853 487 2782 2257 54 1491 2403 710 1396 1681 124 2530 2262 542 996 918 2377 1906 591 661 616 708 2266 1425 2660 1673 1000 2131 1739 905 254 1641 2664 337 1085 1705 1206 1361 1455 1564 1765 1695 1527 60 2126 435 731 1779 652 1526 912 929 2373
348 480 925 2454 26 1870 2649 1369 2714 550 2769 179 2538 663 1417 518 689 421 1665 2130 2838 1489 860 611 2418 1701 2375 2125 2501 1319 188 1792 1934 1710 1895 570 2389 1580 280 2574 2004 626 2411 1386 817 2817 1861 1545 2528 2044 1072 1551 2840 59 547 57 559 1172 1930 1552 2123 1758 2397 1656 2544 271 433 85 2039 28 1737 260 1453 2419 2597 2186 659 134 2082 712 2692 1253 2148 585 4 1190 463 1827 2592 1339 900 2270 2119 556 539 2790 2367 2556 769 1405
629 1113 2677 1198 281 1006 1090 37 1082 1308 443 1763 586 275 459 2494 922 941 270 2761 2503 1283 2268 60 1502 84 2167 2627 1206 1768 488 594 907 2497 1225 198 1865 2483 986 1222 1641 396 2245 940 1108 1322 351 1184 2720 183 905 2463 1954 1160 2762 2101 946 909 2154 2410 851 2086 1835 1423 2469 1750 1047 1304 1412 624 1757 731 75 1153 2587 2074 2203 823 15 1484 1066 1949 747 122 2261 1717 117 2126 1979 1628 1166 111 2214 882 2362 1263 1882 560 258 1420
2678 1083 2141 2263 2152 1702 96 949 732 1525 2502 1632 1927 2623 620 106 2643 894 181 2554 940 1280 1605 1221 1251 621 582 2153 1288 2401 1364 2522 2555 1263 546 2048 6 45 2807 1856 2841 419 183 198 2612 2245 2572 850 905 171 1641 1423 2737 941 1004 1222 1536 55 2056 728 2761 1064 1066 1155 1768 1371 2214 2720 1727 272 278 285 1957 1726 1225 560 1420 946 2762 1711 1318 409 2154 15 1139 1954 2086 2410 397 1219 1504 816 1703 831 2831 2374 2176 1160 1891 1835
1749 2317 1447 1727 1178 1836 2058 2555 16 761 832 834 2737 88 2700 940 1469 2249 2745 1914 2202 1304 1176 1476 198 1103 576 2785 1672 1346 376 1483 2179 1714 44 1093 2441 1300 1343 1251 2437 1738 2827 2112 2469 2542 783 291 695 1288 1535 60 1004 407 1502 2242 1971 1561 1363 2203 2497 510 1847 1856 1161 1703 132 2190 1184 45 1713 1364 676 2521 75 2760 1091 2126 2216 148 949 2422 310 731 1990 483 95 2056 1685 2227 2522 1834 2182 2224 1979 596 1488 789 1529 853
1948 1096 1416 1897 1362 497 1586 992 1993 2556 2272 2046 1218 2721 1316 1617 1569 1496 1051 2713 259 1045 2312 2815 1636 1860 712 1796 1261 1552 1123 2034 635 155 305 2606 231 260 64 2241 1381 563 348 1658 2826 900 987 51 2544 715 1148 1782 1878 2130 219 1453 904 562 925 194 1468 978 1046 2836 2545 1490 2714 2088 1437 674 59 2397 1422 85 312 611 2631 2412 1313 2287 1775 486 2337 2832 26 1934 2300 1545 950 168 518 1926 2628 2352 2309 2389 2358 1054 2790 238
1290 2282 2049 1017 2596 1518 530 2140 451 1604 921 1301 2064 631 1058 984 446 2796 1237 1567 2392 1981 2357 1978 908 1879 1909 416 607 1613 1002 1621 2262 1119 2660 662 1396 2530 996 2085 1491 124 1100 2257 918 2543 2405 537 1404 708 2093 1929 1808 449 355 1527 2006 1181 1673 2723 254 2377 1614 2429 1124 1145 2773 35 1481 870 418 914 1018 1493 331 1037 701 782 1275 660 591 1923 1913 1730 2669 1011 2407 1667 2274 452 389 52 873 1662 290 534 1574 2070 1642 108
536 121 2108 569 2227 193 36 2090 988 1132 2786 979 176 1430 2668 1553 1588 1256 1562 2117 1431 340 571 427 2384 332 733 1793 1268 2217 2415 901 866 1038 1699 2078 2568 1492 1890 2267 2451 2224 21 1236 142 2380 199 289 1754 1033 1393 2421 680 802 2743 2029 1065 886 1888 1886 1910 828 1418 554 1686 500 597 555 2333 868 2335 1764 1398 1272 1593 429 2578 417 2210 617 2570 432 2839 967 1804 1329 2024 1597 2566 2320 707 2671 1499 1785 1337 640 2038 681 24 2533
500 1499 2117 2267 1236 2380 1886 1430 1553 36 743 1256 571 1431 2568 432 427 176 2423 1699 1038 733 901 1793 2227 2224 2415 2217 866 340 2786 979 2108 2668 2078 1057 332 536 1492 142 292 569 1053 1562 1132 680 2333 802 1065 76 1836 1754 2421 193 121 834 1597 2542 1041 289 868 2384 1786 327 1890 75 940 2058 1257 198 1251 1233 1727 1320 1749 437 1357 1364 1277 2497 1785 2179 2032 2451 1033 681 199 2745 2029 370 1588 1004 988 555 2656 426 485 1304 2320 1161
204 1944 2741 1212 137 2135 899 1606 116 2842 1935 1463 2766 2558 1055 97 2305 2041 2825 2294 1134 246 2728 447 1547 2068 1056 2511 1067 722 165 2665 79 1223 725 1874 350 2435 2736 2813 2248 2382 1130 1464 2506 494 1937 2057 1407 2367 817 1677 1126 85 1545 1369 2292 2389 2817 2411 948 2528 1752 1892 2300 1899 59 2719 271 1644 925 2044 146 804 2393 2501 1934 1771 1926 2286 238 312 2319 2037 1076 2649 26 1656 633 1146 329 626 950 987 1624 1680 686 2039 647 1737
945 1579 841 9 2792 1583 1769 1179 1920 2491 2328 639 1578 1354 919 2252 2647 2682 998 952 1977 1989 1791 1770 118 1651 567 1063 1585 1470 1531 517 227 2711 1970 748 819 887 778 382 2778 1667 196 916 422 2729 2042 2723 1854 2361 928 2740 2575 114 2065 1647 1921 1972 478 2821 2062 2557 999 1465 108 721 1317 719 2402 1302 1822 2061 2467 1438 764 225 840 643 1395 61 207 2008 1706 356 1282 1493 241 1472 2462 464 2334 471 346 786 2244 331 2465 2505 2690 936
1910 2578 2083 2210 640 828 1337 2421 1754 1272 1038 377 2520 13 1949 2671 21 865 1049 199 1041 698 2380 1132 1393 2743 1588 1296 2384 2571 323 1562 370 1065 932 2451 2267 119 1553 2668 1430 2570 571 2090 1383 680 80 2227 1521 988 1189 1033 289 2108 979 2335 1398 1793 2786 839 1231 417 1236 1256 1266 1743 2566 2521 2021 1890 2029 2078 2150 617 1257 121 802 1686 2038 1883 1713 40 1786 341 707 1971 1300 251 1785 2795 729 1224 510 176 2756 2827 2179 1478 498 62
2433 2713 1860 201 1490 2376 2309 2034 2545 1453 1796 715 100 2721 1569 2272 64 1901 48 439 562 155 1640 51 305 563 2650 2826 1123 1316 260 1878 168 231 2815 1496 1636 978 2556 1051 486 1486 1148 900 559 1965 1437 784 2337 2553 1046 674 194 2652 659 1302 259 2419 2840 1974 1307 1319 2557 2012 134 963 1164 2774 906 162 2606 611 2597 1468 1428 2789 354 1545 2241 1827 533 2799 1339 356 1972 1405 1586 547 2397 497 972 2119 2812 1472 1386 1991 764 1579 207 200
751 1786 1971 1257 1451 1561 1180 614 1207 2281 2000 1357 2072 483 1087 895 93 1590 898 76 1361 1106 2242 617 2409 714 1137 39 1091 564 230 240 1166 2785 2540 1559 2784 1558 581 926 2579 2054 1804 2495 540 1996 1672 853 803 465 789 1115 1483 2700 1631 1928 2114 2288 1801 1300 376 1427 1818 766 1513 989 1689 2224 1447 2489 1846 2143 1914 1161 1178 1940 2122 646 2504 1593 2238 1346 251 44 1749 1990 2759 1389 2791 1883 1847 967 634 792 576 2203 1849 739 205 777
617 465 2072 1207 1087 898 614 1558 1561 714 1166 853 1197 2409 1928 93 1590 895 1137 751 2242 2066 540 1593 2054 2542 499 1175 485 727 1161 646 1785 1300 1213 658 1389 1786 1951 1361 1106 1451 2113 1847 1228 1257 1971 2785 589 426 76 2784 1357 1597 1306 634 2143 2656 1798 1513 2178 2000 1795 1773 240 1631 2430 483 304 2024 1115 1883 1559 1427 24 1353 676 1312 310 2787 940 564 251 2129 2224 1180 293 834 2179 1343 962 1727 1502 1184 2149 2540 2022 1004 1886 39
1371 1525 214 2263 2623 2152 1280 327 2572 106 2502 2841 1605 1661 96 1632 924 1139 1927 629 1953 2348 2567 2678 1891 2153 941 894 189 2554 2030 420 2751 2555 1727 1397 1084 834 419 1602 1171 1738 1032 1113 1865 761 2060 117 1214 2768 2141 84 621 22 2109 1288 272 1488 1222 15 183 1957 479 2214 2497 577 1420 384 1749 831 38 148 409 510 1659 281 851 731 560 738 2469 1225 2058 2463 1835 1206 949 1703 2149 1763 2126 586 198 2726 2655 1750 2203 1363 171 2401
213 558 135 2295 2408 2413 707 967 1588 1132 1448 988 121 193 569 536 1728 1533 2615 2090 499 1268 1719 1804 1265 757 1431 2533 91 2320 1945 424 36 1149 2235 1849 754 2756 29 2260 1478 232 733 119 1296 2566 332 802 2333 2117 792 1383 2024 866 2296 520 1430 80 1553 2354 2638 1256 1867 184 1689 2224 1492 24 680 1269 427 2172 286 2078 426 1038 983 2421 1562 142 2021 868 429 1231 19 901 1889 1996 1228 1041 2227 2029 2077 1910 218 1753 1699 1597 2777 1393
1929 2806 2301 295 1275 2687 2407 1730 1008 655 484 331 2698 1273 999 430 726 1011 478 1503 467 2059 108 2801 1855 2075 1912 1026 2557 1022 268 389 1378 758 471 1438 2285 1475 936 2505 2465 452 1140 53 1303 1472 1917 125 2765 1124 1662 402 806 1278 1240 2236 2429 872 220 1118 1187 534 840 1101 2256 31 1037 1822 131 1524 2093 788 2470 1831 1039 1281 363 628 782 1875 1655 2398 89 753 1843 2053 1018 1220 883 1048 391 203 290 241 456 2467 1481 786 974 1923
1752 2367 950 2300 2556 1202 1146 85 2069 1496 1316 2832 1965 312 1636 59 2389 613 1545 1926 194 987 2082 2270 2272 2352 2815 1102 626 635 372 556 1737 1840 1051 817 943 4 518 2628 2790 2241 2631 2439 826 1799 1405 1658 221 1218 1544 1656 712 1386 283 1381 547 2477 1721 1422 1319 1045 611 663 1876 1253 188 2538 2817 1934 2496 266 1261 2588 1407 2501 2528 2411 2044 1624 1942 587 2774 28 440 1974 2812 2119 238 1302 134 1827 633 271 505 1782 1339 2250 526 2681
1349 1520 234 1 1618 2399 913 1572 697 307 1807 1295 2727 349 685 2339 1059 2340 551 1025 1373 2226 888 154 1540 262 2771 2213 1242 511 2104 641 1509 342 273 1571 352 2524 2385 317 1514 127 2698 2175 472 17 1539 2338 1863 1650 573 1803 2619 2255 991 2444 1216 1273 961 1270 969 2610 2811 71 1181 600 1708 195 1648 1095 1338 1735 1409 391 1564 667 1715 2158 891 2662 471 226 2531 1837 2429 1615 557 203 1438 2396 2189 1811 344 671 1167 2406 534 1187 1275 2717
197 463 134 2840 1993 2836 659 1422 1386 1319 547 611 1045 712 1658 1782 2082 2270 2767 556 1552 2439 1381 1253 1544 2241 1617 188 1405 2419 1437 559 1840 1486 943 518 900 2375 925 1369 1983 1417 433 2628 1545 348 59 221 2397 26 260 550 2832 2574 987 312 2130 1102 480 85 635 1489 2389 2367 1656 1339 1934 2528 2610 1407 2544 1701 633 2649 2817 2826 2597 817 1870 860 587 1624 626 2714 28 1721 2790 2454 238 179 1827 1468 2044 1741 1680 391 2501 194 1799 1135
1482 2414 1177 2080 2176 55 2641 728 397 1691 2383 1104 2604 1669 107 575 1523 584 2550 2695 1507 1194 373 2754 845 441 834 761 2058 2395 1277 1727 2555 1016 2249 1749 198 2019 75 676 2497 940 568 1304 1343 1288 2737 1004 2542 60 376 1483 1363 1703 2437 479 384 1641 1738 1646 2179 621 2112 905 2214 272 560 1685 327 1957 783 1836 1420 2700 738 831 1423 1450 1222 2494 171 1263 954 2656 214 15 2245 949 1103 2726 2469 2022 1184 1251 2203 1835 1364 183 727 896
79 2665 2068 722 1067 2511 1547 246 1134 2842 2305 1606 2135 899 116 2741 137 1212 97 1935 2825 1463 2041 204 350 804 329 2558 2766 2382 2248 1464 686 2813 1076 447 1937 1868 1452 2286 948 2598 140 2393 2436 2736 442 2292 2294 2319 1639 1126 1962 692 790 2580 12 1130 2506 1777 2719 2499 1725 1056 531 518 1741 1055 2728 659 2258 508 1944 1422 1940 1829 444 864 526 598 1182 168 1864 31 2715 317 2265 2241 1408 1636 1827 2250 925 2146 1840 367 2334 1405 1942 1275
729 2798 2629 2539 2428 1429 2640 1337 2513 1266 1910 2221 1070 358 2083 1399 2120 2031 964 2038 2808 2570 2795 1952 2578 2839 865 2335 1764 2727 1551 398 323 2520 2387 659 147 685 1518 857 2273 861 2250 2116 2717 2445 1521 585 1824 1445 787 689 1544 307 1292 925 933 968 1369 817 188 1272 1840 2181 13 1827 611 1458 1680 482 2427 1907 1837 2474 1181 217 328 2146 1625 1776 712 2511 2561 348 943 1329 329 2220 2371 873 672 804 2654 1043 2260 503 2485 26 2283 810
348 925 480 26 1870 2454 2649 1369 2714 550 2769 179 2538 663 1417 518 1701 860 2130 1489 1710 2817 2375 817 2389 1407 1545 59 2528 2411 1656 188 2501 1644 1624 1934 626 611 2790 1146 987 1737 1319 312 1926 2044 463 85 712 2367 2034 2659 1381 2039 135 1782 2832 1680 1752 1102 2300 2842 421 2556 1202 547 659 1386 1993 4 260 1544 2322 1617 2356 826 2082 287 1658 197 556 1665 1569 271 633 2270 1350 1551 1887 1948 857 1827 1045 238 1190 1796 746 1776 261 2001
197 134 463 1993 1417 2840 1658 1381 2836 659 860 1422 1782 925 1489 348 2084 1544 1788 1701 2439 433 1253 2130 712 1045 2767 2628 1319 2241 480 1617 2817 547 1190 179 1386 1840 1656 611 2574 1721 550 1934 1437 2528 489 1624 817 2424 26 1600 1339 1369 2501 2515 900 2397 2001 1710 2610 1118 2375 1407 2419 2649 1545 59 559 2050 2034 2790 556 1774 585 2367 1486 1117 1644 2273 2044 649 1627 1051 1819 910 188 2715 2724 2646 1569 503 2289 1852 2806 1870 1981 1409 1876 1864
2495 230 2281 1180 564 2288 926 39 1996 1818 2114 777 1116 1786 1357 1257 1091 683 76 1224 1713 2180 1106 1714 1971 739 676 1838 2422 1559 2224 47 2129 2523 34 581 1451 1361 2317 2000 989 751 1137 254 1476 1207 341 385 88 1346 614 867 1990 1735 2094 2374 2072 2446 2695 1883 1979 2111 577 2731 897 490 1914 1530 814 803 441 2494 60 2595 1642 576 687 2596 2547 2431 2452 1353 1178 2190 2132 2381 546 1538 1229 2263 1170 2403 3 147 1591 1502 1221 599 537 1290
269 1548 531 2359 368 444 1725 2499 1462 1088 598 1183 848 1570 206 9 131 58 1902 2593 2355 1403 2803 1579 1711 2346 776 343 1404 1385 1808 98 2820 241 2274 1508 1875 1340 1241 1023 1155 1007 1822 1688 1565 1100 446 1089 923 495 1853 164 2284 796 1000 1145 2147 2429 1681 2747 1817 455 2316 156 475 268 1503 816 1830 2018 1582 1787 363 2017 2577 701 2055 2475 1788 618 806 1024 1700 1282 1143 250 113 931 2600 2824 2209 515 854 1247 172 298 360 2027 2314 1436
658 727 589 485 1175 2113 1213 2066 2178 304 1951 1306 1389 1312 1361 1394 2054 545 1798 898 2656 2072 714 646 1801 1451 2000 1087 1207 1166 1558 2022 1106 614 2179 2409 2787 2546 853 1334 676 1738 2161 1502 1184 75 962 834 198 310 1333 1115 2497 1137 1928 1886 1786 1559 940 1300 2149 2542 2521 2203 2737 1288 1304 1343 1257 2784 2579 1727 2249 1749 510 293 1357 1683 1363 783 594 1703 2058 374 2277 93 1019 2494 1685 2242 60 1230 895 2555 761 1004 327 1561 76 479
1145 99 2636 2009 2747 2098 2055 1023 1047 1688 141 1089 1404 612 72 1100 2274 1160 172 1155 164 1808 1241 2577 694 2722 1784 156 1976 174 461 401 1415 477 2775 595 460 1682 453 208 144 731 1826 823 2587 1201 2126 1510 1717 2655 320 2355 2163 816 1479 399 1119 1628 1822 1504 1436 241 2593 2632 455 643 73 1438 1356 2611 471 1918 936 2794 1503 402 290 2669 1282 478 207 654 495 363 1662 2343 1048 2070 418 1781 1787 1667 2429 2164 1097 1140 2017 225 764 1262
2669 2025 192 2396 1787 2794 245 61 139 209 838 2173 2280 2232 1781 2164 225 1141 49 408 1282 2091 239 2070 356 1240 296 207 654 1924 1555 27 383 216 2244 1465 449 780 504 799 418 1127 1021 2693 525 1248 822 805 1356 1755 858 752 1168 1299 2470 1780 52 1481 786 290 2017 220 806 2429 534 1435 2557 653 1274 2343 1568 1317 1756 422 1505 363 113 2311 1921 1395 1598 1506 2061 1050 314 883 1635 1831 1024 625 1967 2765 999 390 1662 2137 346 2059 53 2821
197 134 463 2840 1701 1489 1710 860 1417 900 1437 1486 559 2419 2836 1253 659 1788 1983 547 1386 1319 2767 2082 611 2270 1468 2826 1552 445 1208 260 1045 1782 2544 2769 433 2375 556 2001 674 978 2241 1307 1422 2652 1658 1617 1878 2084 1381 2397 712 904 563 2076 965 2012 769 489 2439 188 2574 2289 2391 906 1405 1840 1600 645 1046 1775 2088 2312 2515 1118 1148 1544 2724 2200 231 1428 2628 259 2130 2606 2631 1054 2424 635 221 1895 1663 1993 1627 2610 1302 1190 2557 319
1970 2711 778 862 517 1854 382 871 2165 2394 227 2491 114 2723 2328 604 916 2284 1403 1657 2209 1578 1289 1354 615 914 919 2018 2824 812 2042 153 2146 719 2551 1351 35 1751 247 1179 764 2008 1470 1651 1667 1493 190 1534 2682 343 1977 105 998 1915 206 1157 2792 1778 952 1583 2575 664 1200 549 1128 2718 2603 422 1577 2582 2487 819 1204 2462 748 1633 887 639 2749 212 1579 2783 841 1245 1036 2110 1769 2513 1519 9 1770 1063 11 763 118 928 2252 1729 567 2667
70 1834 2015 1252 1125 951 1753 1839 2818 2478 2077 18 2777 1842 2772 431 2510 2 601 2663 2561 1035 2686 2624 1759 767 889 2000 1443 848 315 1938 1830 2757 962 522 1114 529 1833 702 395 1845 1747 2622 1798 1693 2656 1557 215 1416 646 1801 436 2161 1559 2281 39 572 737 695 2441 2149 364 2827 2796 931 2767 2324 1586 2535 2540 1940 1357 119 2320 783 929 1434 2282 1175 1394 581 940 497 1474 1951 2644 1786 2728 1176 101 1306 2815 84 2458 751 1230 1257 1180 2107
2832 1146 312 1202 59 2389 1752 1545 2300 2367 85 987 950 2082 2270 556 1799 1737 626 372 4 1102 635 943 1405 547 1386 518 1721 1934 1876 2501 1407 2411 1926 2477 826 611 2044 2528 1656 2631 1644 1319 2790 283 613 2817 221 188 663 2556 1624 2538 817 2069 238 925 1840 2588 2322 28 480 505 1339 587 1369 633 2714 1680 2119 2181 2250 2283 348 1111 1636 734 772 1896 271 2439 711 68 1827 2241 659 2370 175 261 1563 266 602 2144 2440 313 152 523 2527 2193
1096 1948 1416 2556 1897 1993 2272 1362 1218 1496 1569 497 1586 987 312 1316 2721 992 2832 348 2312 259 1617 85 1545 925 635 2389 59 260 826 712 518 1051 2714 2790 2713 1636 26 2412 2034 1381 2817 1934 1737 611 1407 2082 1369 950 2606 480 1799 2046 1453 238 2411 2300 2826 188 2528 1658 2544 2241 1552 28 2631 547 1261 1045 1860 4 1656 1873 194 626 1319 2270 1926 1386 2454 587 231 221 943 2119 1796 1827 2501 1339 556 2815 2181 978 2397 1468 305 1490 2088 715
2437 1672 44 2317 2700 1990 16 1836 1178 1447 1469 2249 1483 376 1749 761 47 1304 1838 1714 60 2180 834 1727 2555 2058 1224 676 198 75 1713 2497 2523 1116 1183 832 34 683 940 576 1004 2422 1277 1535 2542 2737 1288 1703 1363 291 2202 1057 1343 2112 1103 2216 1914 2745 95 1476 949 1251 1593 1346 1995 2129 1685 621 171 783 183 1795 1364 1865 2785 2182 1434 1847 2695 384 905 2760 954 474 2469 272 1161 2656 1222 2179 1750 2214 845 45 1957 1523 1880 182 479 2313
59 2367 2389 1545 2832 312 1202 626 1737 4 2270 950 2082 372 1752 1146 1799 556 987 2300 85 635 2477 547 1386 611 1405 1319 1102 943 826 1721 1876 283 271 2411 518 188 613 1942 134 1934 1408 2528 2501 266 1407 2440 2044 526 864 1827 994 2119 1117 1302 587 1725 28 2527 2610 238 68 2144 1926 2817 972 1974 2370 197 2037 2689 2181 1774 2681 817 734 81 553 1339 152 1708 505 2365 1010 274 2556 2283 608 2322 2592 2821 1461 2764 1644 2597 1896 633 771 1314
2767 2836 1993 1617 1045 1782 2840 1422 1663 197 2130 1328 1444 1437 712 900 1486 559 2837 463 1208 445 1983 2419 169 134 1054 1623 2241 1679 1253 1381 645 2050 2011 2707 947 1552 1658 1649 1468 2826 260 2439 2544 1489 1261 659 1307 1710 2076 1544 1840 674 1701 1775 440 2652 1878 904 965 860 906 2628 179 1417 2012 563 735 978 2397 1860 2515 1600 319 1046 2312 2082 2133 1788 2270 2088 1218 259 2714 231 1051 194 433 719 840 241 1148 1123 2084 764 489 2358 1428 1972
121 536 569 193 988 2090 1430 1553 1588 1256 1132 1699 2117 1268 427 1038 36 1431 2267 1793 901 332 1236 2380 2415 2217 1886 733 1492 2568 2384 866 2108 340 2668 2078 142 1890 176 571 2227 680 1562 1754 289 2421 2451 1888 979 2786 554 2029 2333 500 1272 802 199 1033 21 1668 1910 2743 429 2602 1499 1041 828 1393 868 555 886 2423 2578 967 2224 1418 1764 2320 681 2570 878 2335 2038 1374 2566 743 163 2671 672 1065 2756 698 1061 1686 1337 498 24 2120 2839 2210
1141 2070 383 1356 654 1506 455 1262 1248 2232 252 525 216 2137 139 245 838 1435 209 822 625 2311 1505 2794 2173 679 2669 113 49 2280 1282 2025 408 1598 1568 858 2396 1787 192 1140 61 1781 356 225 2164 296 27 207 1168 1299 799 2565 1924 239 1555 1465 2693 1021 2244 1240 2091 780 1780 504 1127 2470 418 805 1755 2017 449 2053 786 1124 363 2557 1317 1921 1395 1756 52 1037 1662 220 2343 2061 344 1831 1481 806 534 2429 752 2765 290 1918 1024 2690 1216 1635
641 2385 1373 991 2771 1807 888 1295 262 2619 1863 1025 551 1349 2104 2524 1539 2731 342 1814 234 2399 2139 1520 2092 1619 1925 1366 667 1735 2431 273 1572 1059 2833 913 2529 352 1618 1242 1440 472 814 2371 2403 1571 1 17 2797 697 2635 127 1129 718 386 1497 2541 2298 1480 2226 2844 2339 1615 2607 1122 2063 1159 1982 307 741 2340 2215 1815 385 846 2727 1540 557 1816 2633 2269 1081 2175 1684 867 573 226 511 2473 1660 299 1589 2158 154 537 1824 2185 1947 2460 879
2267 1236 2380 1430 1886 1553 1256 1038 2117 500 743 1699 901 427 1057 2217 1793 1272 2568 2415 1754 2421 36 2210 2671 2423 569 1431 640 1499 176 2224 340 571 1041 2227 13 2542 332 1836 76 1949 866 733 680 2668 834 2108 979 75 292 940 2656 198 2469 2083 617 121 2179 1685 485 2497 828 437 1785 1749 1004 2786 380 536 2149 1628 2202 727 193 1312 1727 2745 377 2700 1847 327 589 1343 2520 1795 1161 832 1597 142 2521 2737 1641 2078 1561 272 1304 1750 905 45
868 555 554 2029 1888 142 289 1890 1033 1492 2743 802 332 2078 1393 176 429 417 2451 340 1053 361 21 1562 866 1398 878 1699 2668 733 62 681 199 2786 979 1431 2227 2384 1686 886 597 1418 2333 1065 36 302 2108 571 1132 2117 1430 78 1256 680 1553 1588 569 1910 893 1038 1268 500 536 292 988 2423 193 427 432 121 2421 707 1478 1754 2224 1668 967 1849 213 743 498 2602 2566 2217 1804 1945 2024 2320 1499 2408 1597 2415 1041 327 426 828 1719 640 1793 2533
198 1727 75 2555 1371 2497 940 761 1304 834 1749 1004 60 2058 2737 2841 2542 1343 949 2249 1525 1277 2112 1288 783 327 214 2152 1703 2216 2263 1103 924 1685 1363 2623 183 2502 676 621 1865 954 1483 376 1280 1605 171 2656 1434 2022 1995 2827 1251 1364 149 1139 1760 1836 182 45 1661 1712 2056 2182 2705 2567 2760 106 1298 2401 1447 2317 2572 2522 96 941 1333 1469 1999 2437 1738 189 310 1632 1397 1856 2700 2831 1019 1286 272 1064 1602 1641 506 629 420 959 576 2214
340 2786 979 2227 176 2668 2108 432 1562 865 332 1070 1399 2120 2038 1266 1952 2031 571 2808 964 2333 1668 1890 1492 2839 2570 1329 142 2795 36 2640 1374 2602 933 733 500 1431 554 2117 1764 2335 1699 289 672 1888 2421 1430 2671 2221 868 866 1041 358 1272 2078 2828 729 1754 555 569 2798 1038 2210 377 1337 1553 828 1429 536 1949 1910 640 1256 13 1499 1189 2224 1521 802 2629 2428 429 2539 2083 901 2029 2520 1049 1033 1793 2451 1065 2578 2735 1249 417 370 1856 2384
1471 1487 53 1780 290 953 1127 452 2091 2693 239 1472 27 268 2164 1781 1021 2053 2794 1524 924 1662 1011 1124 363 1274 2429 2687 225 2173 478 534 49 402 216 2059 471 806 2470 1438 2280 449 2531 653 1024 838 61 207 2025 883 2669 1918 999 418 1008 799 726 2285 245 752 822 209 331 192 2557 561 936 786 1282 408 1278 2465 2505 1481 52 2244 139 1787 1503 356 1465 296 780 1140 1475 2236 2467 2232 2573 2765 858 1101 758 389 525 974 2017 430 346 655
2185 143 1129 2298 2584 1440 1411 1694 795 1684 2363 2616 386 2529 2468 2271 1630 718 787 1294 1360 1112 1446 665 557 30 2460 638 1514 810 1445 2749 958 1258 1509 2481 1215 1270 1925 2285 2053 879 1982 267 1124 331 2059 154 1730 1037 534 1378 1662 758 389 1831 478 1475 1756 2693 1655 2429 806 1022 726 108 484 1187 1619 1317 2505 2465 999 2806 1912 68 2687 356 363 2246 1395 452 71 467 216 2244 1921 471 2061 1961 125 2774 1127 1974 2634 840 2557 936 296 2236
2767 2836 1993 1617 1045 1422 2840 1782 2130 712 1444 1663 1328 197 2837 169 900 1437 1679 1381 1623 2241 134 445 1054 1486 463 947 2050 1253 1658 1261 1208 645 559 1649 2011 2439 2419 2707 1544 1552 440 1983 2826 2628 1840 1307 260 179 659 1218 2544 1878 1860 1468 1710 735 1051 674 563 194 1775 2076 2082 2312 2287 904 2515 1489 965 1123 2713 259 51 2270 906 155 1417 348 1029 978 2652 2397 1569 319 1701 1948 635 1532 2714 992 2088 2631 2412 715 489 860 1148 1046
2832 59 312 2389 1545 1202 1146 2300 85 987 2367 1752 2270 2082 372 556 1737 626 4 950 1799 635 1102 2411 1405 943 547 1386 1407 2528 2044 1934 2501 2477 1644 1926 826 1721 1876 611 1319 518 283 2631 2790 1656 2817 613 188 817 221 1624 2556 266 134 238 261 2283 1827 505 2069 2119 734 633 28 152 2689 2181 587 2322 2250 2819 271 175 1840 1339 2148 925 1896 2610 1117 1680 2681 2500 663 1942 313 1314 68 1473 81 480 972 1369 1010 2370 2592 1302 348 523
2600 1705 2085 942 2543 1681 487 966 1742 337 1384 2458 1495 2262 1978 360 852 1000 1853 747 2259 1002 1119 1508 1695 1673 1614 1370 710 791 1331 2696 54 2134 2257 1739 2782 1893 542 1718 2392 2664 660 1676 355 416 770 50 1528 2803 2369 2357 1565 908 1554 813 2596 243 1031 639 2660 1479 320 1920 1770 151 1287 495 549 984 1902 2788 25 2711 1209 2647 579 1582 446 1271 343 1354 451 595 1385 2026 923 566 206 2475 952 1396 1534 1058 1700 1966 919 2316 2355 131
204 1944 2741 1212 2135 137 899 1606 116 1935 2842 1463 2766 1055 2558 97 2041 2305 2825 2294 1134 447 246 1056 1547 2728 2511 2068 1067 2665 722 165 79 2736 2435 350 1874 1223 2813 725 2248 494 2382 2367 1407 817 85 1369 2057 1677 1464 1892 2300 1752 2389 1545 1126 1130 2817 2411 2649 2528 59 2292 1926 925 1899 2037 26 1937 1644 2044 550 2719 2506 1771 2501 271 1146 312 987 626 1680 1656 518 146 1934 1624 238 804 1386 348 864 790 950 633 1737 480 994 892
1083 6 546 1221 285 582 1702 2643 732 759 181 620 1260 1697 1797 807 1882 2807 1570 922 298 1456 1318 1153 1188 2816 2043 1284 1541 636 1536 2171 2666 1763 1891 2476 2346 475 1723 2810 2268 281 459 661 1160 2194 2593 2098 776 37 2355 144 2678 278 208 2747 595 2695 2762 1404 1145 2627 241 2261 1678 353 1155 2167 579 441 2514 1322 206 850 1642 1047 2632 1711 1902 1023 2522 495 1225 2284 1090 1504 2142 2636 2263 669 2009 172 747 2463 351 1066 113 343 2168 1436
1580 2418 280 57 1665 1792 1861 210 1930 2838 689 570 1072 2125 793 1859 2004 1365 1392 2461 421 2456 1758 1276 1034 294 2186 2039 704 2229 77 746 2330 1292 1551 1575 493 1887 2123 1279 2356 2659 1350 1234 857 2694 1193 2581 2174 1664 422 1358 287 158 2206 720 2374 170 1776 797 2327 438 82 1375 1724 884 885 1043 880 1386 1086 1377 547 1117 317 798 656 934 1576 2155 1345 756 1432 2588 242 1164 1974 263 2332 2714 2597 2455 478 2764 2812 68 1314 2119 1338 1991
2495 2281 1180 2288 564 39 230 926 1818 1357 1257 1786 76 2114 1091 777 1116 1996 683 1106 2180 1224 1713 1714 1971 676 1559 2224 739 2422 1838 47 34 1451 2129 2523 1361 581 2000 2317 751 1137 341 1476 1178 1346 1990 44 803 989 1207 576 2494 60 2700 614 1914 1883 254 2695 385 1221 2202 1283 88 490 577 2072 1108 814 1353 1979 1502 1304 2203 867 111 2190 1113 546 1538 594 1082 132 2094 1184 1900 270 1006 2540 2126 695 1530 2547 1642 2761 2381 281 1160 93
2482 173 433 161 178 1895 769 1627 2809 682 2084 2732 2438 1109 2800 622 1390 2552 415 2626 1721 1788 2657 2670 671 608 1164 2307 1708 2660 906 523 2676 911 2480 1746 2375 67 162 833 74 2685 1874 2650 2289 1876 2144 1182 202 1428 316 2814 1406 1473 2646 1775 2617 965 2622 2692 255 627 274 444 532 1439 553 1117 1759 968 68 904 2344 1956 637 368 869 494 2181 2007 2291 313 649 2435 2051 963 598 2753 734 345 521 1253 1151 2757 2445 2183 2500 2716 2639 2683
2252 1583 1179 1579 945 841 1651 1977 2491 2328 1769 2792 9 2682 1578 919 1354 952 1063 639 1920 2647 1531 998 1989 1791 118 196 887 2778 1470 567 517 422 928 1585 748 2711 2729 819 1970 227 1770 1667 778 916 2723 382 2065 2740 2042 2361 241 1822 764 643 2310 840 495 2575 2634 786 1647 719 2008 207 456 2611 1972 721 464 2632 2062 1918 1921 455 1289 936 1438 1395 2467 363 1140 2316 108 2465 2505 1692 1143 1262 1048 478 402 1282 2690 1706 2557 471 2017 2018
472 2444 2835 127 1803 1964 405 2266 2614 537 1571 1828 342 2738 2340 1324 551 2820 1421 1509 166 1059 1060 1338 226 2013 2758 1607 317 600 687 154 2138 1069 2811 2412 2710 2255 1811 2740 573 1540 846 1025 2063 2455 1341 352 17 1652 262 1295 1159 1167 888 2231 642 2484 2731 1619 90 403 2208 41 912 2675 1982 1814 1622 1355 2189 1815 2473 667 1735 1925 1373 2431 1278 2175 2100 1215 46 1618 2692 160 2460 1863 264 1988 385 793 1264 1524 716 2486 2205 1238 1539 2709
