imageName,Corresponding Indexes
000001.jpg,1365 2502 2152 785 1371 2567 2751 84 183 1605 1953 22 1214 1171 621 214 2348 1866 2141 2109 909 1139 1927 106 2841 941 189 2060 1032 481 959 815 1987 924 1108 96 1661 1632 171 1602 1283 270 454 2153 333 1217 309 45 2048 1768 2761 419 2554 894 2222 2522 2056 2182 2760 2608 1084 2188 43 856 861 1889 236 971 2401 1397 2768 420 592 1744 2726 167 20 2162 2612 1364 1251 1766 398 2503 396 2627 2404 957 609 2623 1525 2263 2688 744 2116 1064 1471 2831 2442 2562
000002.jpg,2790 1102 1656 2817 1934 2528 2411 2501 2044 1407 1644 1624 817 188 611 85 1926 221 312 2832 1319 2300 943 987 1405 556 1386 635 2082 2270 547 1146 1202 1617 550 1422 2721 1279 1291 1292 1294 1295 1307 1313 1316 2811 1320 1324 1328 1338 1341 1345 1348 1349 1350 1355 1358 1360 1362 1366 1369 1373 1375 1377 1278 1276 1270 1264 1112 1122 1123 1129 2820 1148 1151 1158 1159 1167 1172 1181 1190 1381 1191 1196 1201 2815 1208 1215 1218 1229 1234 1238 1242 1253 1258 1261 1193 2801 1388 1392
000003.jpg,2549 410 1079 1516 937 434 1707 811 2219 2364 709 2730 1005 883 648 248 1670 544 1133 186 2788 1311 1325 1783 2746 1131 538 1498 94 2290 336 2341 112 843 1546 1454 1794 1110 1455 1379 2151 1243 749 1894 1424 593 2299 1466 1966 416 870 2516 673 568 605 365 1040 253 2095 338 730 1526 1968 288 535 392 435 2613 717 1634 1309 610 1007 1068 2843 1645 1731 1800 257 1138 1871 742 678 2005 1573 2680 881 2697 2560 1850 2417 2609 406 2145 1385 1779 1511 1969 821 800
000004.jpg,12 1473 1876 2809 1721 2051 1439 2183 994 526 864 508 608 274 1241 1239 1944 1237 1943 2408 1236 1052 2409 1233 1232 1231 1230 2410 1228 1227 1226 1225 1224 1235 1243 2405 1245 1271 1940 1269 1268 1267 1266 1265 2400 1263 2401 2157 1260 1259 1942 1257 1256 1255 1254 2404 1252 1251 1250 1249 1247 1246 1244 1223 1945 1221 1189 1188 2422 1186 1185 1184 1183 2423 1949 1180 1179 1178 1177 1176 1175 1174 1173 2425 1171 1170 1169 2426 2427 1166 1165 2421 2420 1192 1194 1272 1219 1946 1217 2413
000005.jpg,2579 2759 581 1093 374 1300 789 2555 1727 834 483 1683 407 1898 1593 1277 2058 2114 240 1801 2238 328 766 1749 341 803 1389 1115 2546 2784 2277 2504 1087 2242 924 1091 777 1996 63 1394 1175 485 1971 1257 101 529 545 1306 1951 2489 1538 1846 2699 1019 2178 304 2113 1900 2040 1213 2066 230 1353 614 1137 2381 646 364 1197 1719 967 1804 1883 93 895 2644 395 1333 1685 954 1928 2409 1166 1798 251 761 2317 2249 1561 1631 1207 2072 1471 2324 2493 2247 2542 617 2054 1590
000006.jpg,2034 2545 1796 1584 155 51 305 1640 562 2433 715 1569 2721 2376 2023 100 48 64 439 2309 1624 2528 1644 2411 1934 2501 2044 2817 817 1490 1860 201 2713 1656 1102 2790 1407 188 221 2832 312 85 943 611 1202 1208 1358 1355 1215 1366 1362 1360 1201 1350 1373 1375 1196 1377 1381 1386 1193 1191 1190 1369 1349 1276 1270 1278 1264 1279 1291 1261 1292 1294 1295 1258 1307 1253 1348 1242 1316 1234 1319 1320 1229 1324 1328 1338 1218 1341 1345 1238 1313 1421 1392 1542 1544 1545 1549 1551
000007.jpg,767 277 1938 1833 1443 1747 2686 889 2496 211 2532 1989 1460 369 2702 2315 1980 2685 191 2302 1165 2 601 2663 2510 315 18 2161 431 1125 1753 2777 1390 1557 2622 1834 2818 951 2314 578 1391 1413 1839 1035 2561 70 2772 2077 1241 1944 1239 1267 2408 1235 1237 1269 1233 2409 1268 1236 1244 1266 1259 1260 1257 1256 1255 2157 1254 2404 2401 1251 1263 1250 1249 2405 1247 1246 2400 1245 1942 1265 1243 1943 1252 1052 1231 2417 1200 1199 1198 1197 2156 1195 1194 1192 2420 2421 1189 1188
000008.jpg,1235 103 297 2624 1845 1323 2471 126 688 578 990 502 2601 2276 931 835 1413 1114 1767 1186 1340 1908 284 768 250 684 1391 848 1830 1512 702 2314 1608 1821 1720 1975 1107 1310 65 2388 1254 903 522 2667 1989 1460 369 277 1247 1179 1245 1180 1244 1246 1195 1943 2405 1944 1239 2408 1237 1236 1949 1243 1241 1252 1250 1265 2400 1263 1173 2401 2157 1260 1174 1259 1249 1175 1942 1257 1256 1255 2404 1177 1178 2423 1251 1176 1183 1232 1184 1189 1210 1209 2415 1207 2421 2420 1206 1205
000009.jpg,117 1659 327 2303 1198 1205 2030 1979 2791 1184 2494 275 1502 2203 1687 2263 1080 23 1922 2179 2573 1113 1400 2620 1738 690 1537 594 510 2521 1488 1084 1525 2623 1280 148 2768 420 1397 1641 907 2706 2678 2572 2245 1423 1371 265 1285 474 543 629 851 1960 40 396 2627 281 953 1602 298 973 1570 1471 1232 1726 1199 448 1015 1610 980 2118 1884 1605 167 454 2222 20 924 1426 1487 2169 306 2841 2571 946 1380 1591 423 592 104 466 498 1221 2268 6 1858 2167 2313 468
000010.jpg,340 571 901 1793 2090 569 2217 2415 427 1236 2267 2380 193 121 988 743 1499 1553 1430 2423 1256 2568 1886 1699 36 2117 1065 332 13 500 680 865 1431 370 1189 2047 2032 56 640 1272 2520 2210 323 1399 964 2038 1754 1949 1041 2421 1038 933 358 1952 2221 2120 2828 1070 2602 672 2808 1668 2031 1266 1374 1492 2333 1268 733 866 2671 377 1249 802 2640 2798 2539 2629 2428 729 1429 1329 2839 1764 2570 2795 2335 142 2078 2578 828 1198 1199 1200 1255 1228 2417 1252 2416 1251
000011.jpg,1961 618 2316 200 1021 2017 533 653 2693 2164 2794 1127 1274 239 2091 2698 1273 1781 721 1972 2061 2773 1921 1472 1829 771 449 799 1917 27 1647 2402 1356 33 2632 782 1018 1317 805 1395 1756 525 408 245 1500 1755 1780 1282 356 296 1011 2070 2173 2280 2311 49 383 139 2396 113 822 2137 1505 1141 838 1248 1435 625 679 2279 1787 654 1299 1168 455 2531 290 495 1941 1924 225 2099 330 1475 2236 2053 1124 209 1598 216 252 2669 192 2025 61 2470 1327 1746 1335 2557
000012.jpg,1507 2550 2019 2754 2604 107 2823 2414 1177 1691 575 1669 1104 2176 397 1482 2641 55 728 1194 1237 2408 1239 1236 1052 1230 2409 1233 1232 1231 1944 2410 1228 1227 1226 1225 1235 1241 1247 1243 1268 1267 1266 1265 2400 1263 2401 2157 1260 1259 1942 1943 1257 1255 1254 2404 1252 1251 1250 1249 2405 1246 1245 1244 1256 1224 1945 1222 1189 1188 2422 1186 1185 1184 1183 2423 1949 1180 1179 2421 1178 1175 1174 1173 2425 1171 1170 1169 2426 2427 1166 1165 1176 2420 1192 1195 1221 1269 1219 1946
000013.jpg,1298 1113 1434 1346 1004 940 2112 540 2542 1343 949 2737 1535 832 2129 1144 1590 93 895 1999 1019 63 2022 291 2242 1561 617 1087 783 1712 182 1685 198 1760 75 2497 1103 1231 1230 2410 2400 1233 1265 2409 1228 1235 1236 1237 2408 1263 1232 1252 2157 1239 1251 1250 1254 1249 1255 1256 2405 1247 1246 2401 1245 1244 1942 1259 1243 1943 1260 1241 1944 2404 1257 1227 1052 1225 2156 1195 1194 1192 2420 2421 1189 1188 2422 1186 1185 1197 1184 2423 1949 1180 1179 1178 1177 1176 1175 1174
000014.jpg,2070 1141 2669 2025 192 1506 61 1781 252 239 2091 2794 1787 207 654 1299 1168 2164 679 625 1435 2311 525 1505 245 1598 1248 113 49 225 1356 383 858 216 455 2137 822 1924 2280 139 27 2396 2470 1140 1612 1780 344 2232 1274 2173 408 1127 2531 2279 53 838 209 1024 1262 2285 1875 138 2565 391 1843 1216 1918 780 806 418 786 2059 1465 52 1662 2244 534 1481 356 653 296 1282 726 655 430 1011 331 484 2429 346 2821 290 1022 452 363 1021 699 2250 2610 1708
000015.jpg,2823 65 1512 1254 903 1310 1107 2388 1975 1114 931 250 684 1340 2754 2550 1507 768 2019 284 1908 835 1323 702 848 1830 1691 575 2604 107 1608 1821 1720 2314 1186 2624 1845 126 2414 990 2601 502 103 297 1104 1669 1767 1413 578 1236 2401 2404 1255 2409 1233 1232 1231 1263 1256 1230 2410 1235 2157 1251 1237 1247 1245 1244 1243 2405 1259 1260 1252 1942 1241 1944 1249 1239 1250 2408 1246 1943 1257 1945 1227 2156 1195 1194 1192 2420 2421 1189 1188 2422 1185 1184 1183 2423 1949 1180
000016.jpg,746 1665 1575 793 570 1234 1792 1724 1034 2004 1392 2461 2229 2174 210 1930 57 294 1861 1859 2418 2456 1664 1580 280 133 1758 2327 421 689 704 1375 2125 493 2330 1276 2374 1072 2186 2838 1358 77 756 422 1030 548 2694 1279 185 1716 2155 1776 366 797 1043 1576 884 228 1857 885 934 2548 720 857 1348 2590 1292 2123 1551 1947 158 801 1350 2672 242 170 82 2581 263 1457 2356 1432 287 514 2332 2039 1191 706 438 1377 1887 1229 470 1522 2127 130 976 1196 859 2541
000017.jpg,2404 609 2464 844 1889 957 509 2457 1515 5 2725 1766 2448 2128 744 1616 244 1696 2115 466 1637 2124 1326 375 473 1556 2366 2014 425 1426 498 1061 163 388 306 1171 1214 2751 22 2351 23 2567 2109 592 1960 851 40 1945 232 520 19 2348 2169 2508 2726 2162 1744 1602 1591 214 909 1953 1866 661 2168 2182 2760 183 45 2608 1245 1243 1943 1241 1944 1239 1244 1246 1052 2405 1267 1266 1265 2400 1263 2401 2157 1260 1247 1259 1257 1256 1255 1254 1252 1251 1250 1249 1942 2408
000018.jpg,2250 28 238 505 1563 1532 1335 523 2181 2557 2552 849 2479 2500 2365 2716 175 2228 313 354 2592 458 2819 2193 587 1708 1680 734 1896 2689 633 2674 2742 152 2191 1827 2681 1376 772 972 2052 2099 2283 2322 330 2370 1111 602 705 1704 847 1956 671 2028 532 2534 1339 2119 711 81 1741 120 696 503 92 1746 1332 504 1297 1917 740 2237 1873 1010 968 2698 561 1273 1314 1955 1852 2265 2177 2764 2527 2144 1117 553 68 1972 999 2280 1715 1021 1022 1317 2610 699 344 268
000019.jpg,1636 1316 1496 2556 1965 2628 2272 2241 1840 2815 950 1752 518 663 1146 1897 1362 2439 1202 1860 2713 1586 992 497 2046 1381 1658 1218 1051 2069 1544 1782 987 194 1261 2538 965 2367 2832 312 2631 440 735 635 2352 201 2836 85 155 2050 2130 1405 4 1737 1799 556 1386 1926 2300 169 1045 1416 1948 1096 231 2553 2433 817 2767 1649 2837 1102 2790 2082 2270 547 613 826 550 59 1545 2389 626 305 562 51 1640 1624 1644 179 1369 1870 2649 925 1319 1054 2133 563 2088 2826
000020.jpg,352 577 1539 1349 2175 879 1366 1816 1480 741 2403 1619 1549 2363 557 2844 2460 2797 147 2269 2455 687 299 913 2833 2484 2063 2399 2727 307 1520 2226 264 234 1572 403 837 1009 685 2092 1215 1159 2576 2412 2709 2633 2607 1660 2524 2104 273 1242 2595 2189 1815 1925 1982 2139 317 1338 1622 2371 2662 1 2215 1069 1607 1341 2758 226 1803 2100 90 991 1295 1807 1530 1078 160 2094 428 1509 127 2710 17 573 867 600 642 2255 2811 1571 1735 1167 1355 1811 891 1238 267 1291
000021.jpg,540 63 1019 2022 1346 783 1343 2737 949 2542 1561 617 1298 2112 940 2242 1999 2129 1434 1847 1513 1161 1103 1004 1333 60 1785 1228 1795 1773 1535 832 291 954 182 1712 1631 499 2016 1685 1304 1760 1693 2656 310 2827 2149 198 2497 75 895 93 1590 149 1749 2317 2157 1236 1235 1232 1260 1231 1237 1233 2408 2409 2401 1249 1942 2405 1247 1251 1246 1252 2404 1245 1244 1259 1243 1241 1254 1255 1250 1944 1256 1257 1239 1943 1052 1945 2410 1199 1198 1197 2156 1195 1194 1192 2420 2421
000022.jpg,2495 76 1180 926 1818 564 230 1357 2281 39 2288 1091 1786 1996 777 2699 1538 2489 1846 2224 2324 2493 1971 1257 2247 1106 751 989 739 853 1197 2409 1166 1928 2542 1226 1225 1228 1233 1232 1231 1230 2410 1235 1227 1052 1237 1265 2400 1263 2401 2157 1260 1259 1942 1256 1255 1254 2404 1252 1251 1250 1249 2405 1247 1246 1245 1244 1243 1943 1224 1944 1239 2408 1236 1241 1946 1222 2420 2421 1189 1188 2422 1186 1185 1184 1183 2423 1949 1192 1179 1177 1176 1175 1174 1173 2425 1171 1170 1169
000023.jpg,2512 2218 222 1504 1436 1305 2362 1052 2071 2342 1736 755 2450 1790 1933 897 2691 1911 2355 850 2096 1098 2156 1321 1806 2750 1638 935 1709 2645 836 2201 2432 796 1044 1479 1200 2318 1387 320 2452 1621 1682 595 208 1510 1717 2587 2655 461 73 2074 1599 823 399 477 1976 380 1267 908 1160 1085 2126 2009 2469 731 2636 816 72 599 2642 2446 666 2537 1145 460 99 2163 401 453 2166 1227 1228 2410 1231 1230 1232 2409 1370 1371 1233 1344 1236 1365 2357 1255 1254 1367 2404 1252
000024.jpg,1146 987 312 2832 635 1202 85 1405 556 1386 950 1752 1934 547 2270 2082 2300 1926 2501 2044 188 943 2069 1102 2790 1319 2411 4 221 2367 2556 817 2528 611 1624 1644 1799 1737 1656 1407 2817 59 626 1545 2389 613 1496 826 2538 518 663 2631 2815 1965 1636 2713 1860 2272 1316 550 1617 1422 2635 1242 1253 1258 1261 1264 1270 1276 1278 1279 1291 1292 1294 1238 1295 1313 2776 2771 1320 1324 1328 1338 1341 1345 1348 1349 1350 1307 1355 1234 1218 1086 1092 1095 1096 1101 2797 1112
000025.jpg,757 1728 1533 754 2533 1149 2320 1231 2021 2756 29 286 2172 2673 293 2787 218 739 1383 1296 119 80 2430 1689 2024 1312 1984 2143 1597 426 24 634 2408 213 1448 1269 424 1265 135 184 558 2638 2295 1478 2472 2615 2413 967 2540 19 232 2566 1945 520 1529 2390 1722 1867 2414 1183 2405 1184 1185 1247 1186 2422 1246 1245 1188 1244 1243 1943 1189 2421 2420 1249 2423 1250 1949 2400 1177 1263 2401 1178 1179 2157 1260 1192 1259 1257 1256 1255 1180 1254 2404 1252 1251 1942 1241 1944
000026.jpg,1220 628 753 2398 108 1692 1048 2611 643 138 346 2821 1918 936 402 363 2465 2505 2690 478 1022 2467 467 1378 52 471 452 2634 840 758 389 1303 504 1612 1438 1018 2285 1481 418 786 2687 2301 782 2632 1472 1039 780 2059 2565 1008 2407 1662 89 2244 1465 2765 655 430 53 484 2142 241 1730 1062 501 129 1026 1503 2429 999 1475 331 125 806 534 726 1275 2470 2062 1024 290 1011 1843 788 1822 1293 1097 324 1932 344 216 495 1875 131 268 1140 1929 1262 1037 391
000027.jpg,2766 2183 2825 447 1056 1439 2051 725 2728 1825 2207 2719 2294 1944 2842 692 2736 1055 2511 1134 1547 246 116 1126 790 2292 2319 442 1962 1931 2526 2220 1606 204 67 2583 2558 2057 2291 574 2089 2068 2665 722 1212 2135 1986 899 137 2741 939 165 627 1463 1874 494 1477 1223 2435 1244 1198 1943 1949 1239 2408 1237 1236 1235 1243 1241 2405 1246 2400 1263 2401 2157 1260 1259 1942 1257 1256 1245 1255 2404 1179 1252 1251 1250 1180 1249 2423 1247 1254 2409 1230 1233 1194 2414 1214 1213
000028.jpg,196 776 98 353 2474 1819 1643 1625 2067 585 2081 701 869 1864 2462 1042 910 2353 2361 2334 233 2256 1963 276 2103 1402 2027 871 69 809 1600 630 2012 2391 1128 2001 1353 2409 1374 1233 1232 1231 1230 2410 1228 1227 1226 1235 1225 1223 1222 1221 1945 1219 1946 1217 2413 2414 1214 1224 1236 2355 1237 1259 1942 1257 1256 1255 1254 2404 1252 1251 1250 1249 2405 1247 1246 1245 1244 1243 1943 1241 1372 1944 1239 2408 1213 1260 1212 2354 2422 1186 1185 1184 1183 2423 1949 1180 1179 1382
000029.jpg,131 268 1875 495 1843 2285 33 1929 2565 241 2142 290 1941 1503 295 2806 1500 1275 53 2531 452 1730 726 1037 449 2236 2053 1124 2687 999 1240 1475 1024 331 220 822 2137 2232 1140 2765 1216 2059 653 1021 113 758 389 840 2634 391 344 1039 1022 1011 2301 2407 1008 1780 1127 430 655 89 314 1050 52 1715 1967 1635 390 1378 467 1356 1568 786 780 788 484 534 806 1918 1612 108 455 1262 1435 1248 2311 1831 1655 927 1829 2244 1465 363 1481 418 1923 324 1813 625
000030.jpg,2414 2604 107 1177 2550 1507 1104 1669 2641 2176 728 55 397 1194 2019 2754 575 1691 1482 584 2383 1523 441 1016 2395 2080 2733 462 2695 373 2823 845 2518 1244 1147 393 1073 1120 2136 1241 1944 2408 1943 1243 1239 1237 1245 1236 1052 1247 1269 1268 1267 1266 1265 2400 1263 2401 2157 1260 1246 1259 1257 1256 1255 1254 2404 1252 1251 1250 1249 2405 1942 1235 1228 1233 2416 2417 1200 1199 1198 1197 2156 1195 1192 2420 2421 1189 1188 2422 1186 1185 1184 1183 2423 1949 1180 1179 1178 1176
000031.jpg,12 1473 1721 2809 1876 2051 1439 2183 864 994 508 526 2291 2057 574 608 274 1931 2526 2220 1874 1223 444 2037 423 2440 1725 1677 1462 2625 1892 1088 1408 1998 271 1942 1771 368 2089 2639 2683 647 531 2499 598 1591 2435 494 1477 939 1236 2409 1235 1944 1239 2408 1237 1241 1943 1250 1244 1269 1268 1267 1266 1265 2400 1263 2401 2157 1260 1259 1257 1256 1255 1254 2404 1252 1251 1249 2405 1247 1246 1245 1243 1233 1052 1231 2417 1200 1199 1198 1197 2156 1195 1194 1192 2420 2421 1189
000032.jpg,2269 2092 2576 299 2844 2833 2139 1549 428 1009 837 2455 2776 1539 2797 2484 2371 352 264 2063 1814 2403 1159 741 2175 667 2189 1815 1589 2731 1122 1619 1925 1982 403 879 226 317 600 1622 90 2486 846 2226 1735 2215 1571 17 573 2412 1338 2385 888 262 1863 1349 1238 1291 267 891 577 2100 2255 2811 1373 642 2727 2399 1520 913 1101 2648 307 2771 2460 2363 557 1060 1862 166 2266 1421 641 2709 1607 1069 2758 1341 1278 234 1572 349 2338 991 687 2710 1078 1324 1530 2013
000033.jpg,1356 1248 113 2311 1435 2794 679 625 2137 822 2164 1781 239 2091 525 2232 1505 1598 252 449 1500 2070 216 455 858 654 1961 27 1141 1021 2017 1274 49 245 618 2316 200 1568 1262 2693 1168 1299 383 1127 33 1941 1924 290 495 241 2142 1503 1612 1506 1140 653 356 296 1011 1282 408 799 2773 2698 1273 805 1755 1317 1918 138 209 2396 838 139 2634 2557 363 2244 705 1746 649 354 1022 2280 1332 1335 711 2552 2283 2285 346 1024 2632 1339 1756 1026 655 2279 344 324
000034.jpg,183 621 84 481 815 1987 2141 959 941 2152 2502 1108 1283 270 171 1365 1371 2761 1768 2048 785 45 1605 2760 2608 2182 2522 2056 236 1064 1927 106 565 1844 1286 506 1251 1364 1953 1560 2401 2612 189 1032 2060 96 2705 2188 2841 1139 43 2831 2197 1632 2498 398 2503 2562 396 2627 1866 214 909 2348 1802 971 454 2567 2688 2153 2442 1084 2751 420 2768 1397 592 148 2263 1525 2623 387 1596 2720 953 115 38 1880 229 851 40 1960 1738 1602 1891 281 1449 2677 42 2278
000035.jpg,645 2011 445 1679 1054 1623 2707 1328 1444 1029 1649 947 1663 1552 169 134 2837 2840 319 1253 2767 1045 2130 2050 712 1544 1422 1617 735 440 2439 2836 179 2735 1782 1658 1381 1993 1840 2241 1261 550 1218 2544 2287 259 433 197 2375 1417 1788 860 1489 1051 2628 194 1279 1295 1292 1278 1294 1276 1270 1291 2710 1313 1319 1320 1324 2800 1338 1341 1345 1348 1349 1350 1355 1358 1307 1316 1258 2801 1112 1122 1123 1129 1146 1148 1151 1158 1159 1167 1172 1181 1264 1190 1193 1196 1201 1202
000036.jpg,1144 1113 1487 1298 907 543 474 1922 2494 398 2503 1084 1371 592 851 40 1960 1241 1237 1943 1239 2408 1944 1052 1243 1235 2409 1233 1232 1231 1230 2410 1228 1227 1226 1236 1244 1249 1246 1940 1269 1268 1267 1266 1265 2400 1263 2401 2157 1260 1245 1259 1257 1256 1255 1254 2404 1252 1251 1250 1225 2405 1247 1942 1224 1219 1222 2420 2421 1189 1188 2422 1186 1185 1184 1183 2423 1949 1180 1179 1178 1177 1176 1175 1174 1173 2425 1171 1170 1169 2426 2427 1192 1223 1194 2156 1221 1945 1271 1946
000037.jpg,2051 1439 2183 2057 2291 574 1223 1874 647 2683 2639 494 2435 1899 146 686 2526 2220 1931 2089 974 1876 1473 1721 2809 12 939 677 1433 2704 2445 2436 329 2598 804 2438 1185 2248 2813 1477 682 2580 482 255 491 1592 2569 1677 1892 1771 2625 2037 1937 1777 657 2708 508 994 864 526 1998 2499 598 1330 217 608 274 1088 1452 1868 140 1408 2440 271 1942 2427 1944 2766 2294 1055 447 2825 2719 368 1462 423 1725 444 1241 1265 1943 1256 1243 1257 1255 1254 2404 1252 1259 1250
000038.jpg,463 550 2840 1993 2631 134 433 2375 197 518 480 1369 2454 1710 925 2649 1489 1701 1422 1617 1417 179 2735 1552 2289 2769 2650 860 1486 1437 900 712 26 348 1029 1870 2836 1895 769 173 2482 1983 445 1208 559 2826 563 2419 2088 260 2714 1307 674 1045 2011 645 1788 562 51 305 155 1640 2767 2538 2133 1092 2130 735 440 2050 1663 161 2138 2076 2652 659 906 2397 1782 319 1253 2287 663 2574 2544 1148 1878 1468 978 2837 1649 606 970 1658 1381 1319 1569 1571 1316 1564
000039.jpg,2171 2043 2810 650 2666 2346 1916 2816 475 1723 1891 411 807 1188 1260 1697 1456 922 2643 1603 1541 820 1702 285 759 468 1284 37 1221 2167 2268 2841 334 750 181 732 620 6 1605 2768 420 1397 2387 1153 1083 1139 1761 582 1570 298 829 546 1797 148 2502 2152 953 669 2168 122 1865 2313 1858 229 2425 2476 1227 2261 476 1090 1763 459 214 1866 1602 1288 2348 1232 2230 335 1953 2591 1363 1703 2216 1487 909 1471 1943 1185 1241 1255 1944 2401 1256 1239 1257 1942 1186 1243
000040.jpg,2790 1102 1656 2817 1407 817 1926 1934 2528 85 221 2411 2300 2501 2044 1644 1624 2832 312 611 188 943 987 1319 1405 556 1386 635 2082 2270 547 1146 1202 1752 950 550 1617 1422 2556 2367 4 1799 59 1737 1545 626 2389 2069 2717 1295 1294 1292 1291 1279 1278 1307 1313 2811 1320 1324 1328 1338 1341 1345 1348 1349 1350 1355 1358 1360 1362 1366 1316 1276 1261 1264 1112 1122 1123 1129 2820 1148 1151 1158 1159 1167 1172 1181 1190 1270 1191 1196 1201 2815 1208 1215 1218 1229 1234 1238
000041.jpg,1972 721 2061 1921 1647 2402 27 1829 1756 1395 1648 2406 1317 1187 805 1755 1472 1140 2698 799 1216 1124 2053 1612 1918 1037 1273 2279 1303 2236 1506 2632 782 1018 1635 390 1715 138 726 1924 1011 344 391 331 1168 1299 412 1967 1143 159 1293 1097 1475 858 1568 643 1692 2611 2316 200 2773 2017 618 1021 2765 1024 2531 2806 1275 1929 1240 295 1127 1780 225 216 1875 430 655 1598 1730 2343 2693 252 2687 2285 1008 2301 2407 220 131 1843 268 495 2232 1050 314 402 478 936
000042.jpg,2843 257 2516 1871 1138 1645 1731 2613 2609 338 730 1466 288 1800 1325 1526 1707 2377 1527 535 742 1511 1442 1969 1894 406 1779 1385 1007 2145 253 301 1419 2341 392 2219 709 186 1079 2549 811 1516 410 1231 1226 2409 1233 1227 1228 2410 1235 1232 1230 1052 1237 2401 2157 1260 1259 1942 1257 1256 1255 1254 2404 1252 1236 1251 1249 2405 1247 1246 1245 1244 1943 1241 1944 1239 2408 1250 1243 1945 1224 2156 1195 1194 1192 2420 2421 1189 1188 2422 1186 1185 1184 1183 2423 1949 1180 1179
000043.jpg,1083 6 1702 181 732 620 759 2643 546 582 285 1260 1221 1797 807 1697 1536 636 1318 2807 468 2278 2425 2476 42 2194 2261 661 1227 411 1188 1891 1570 2168 669 2268 2167 644 922 1456 476 2816 2720 2688 1596 387 2498 298 1723 829 2043 650 2666 1199 973 1285 2313 229 1858 2171 956 1882 2442 1761 815 396 2627 481 1987 2810 2623 1525 2263 971 475 1153 448 1953 1139 2841 2188 37 1284 1015 1916 2346 2562 1252 1251 1200 1250 2417 2416 1203 1249 1204 1205 2405 2404 1254
000044.jpg,848 1830 702 931 1114 835 768 1908 284 1767 1235 2624 1107 1845 1310 2471 903 103 297 126 1512 2388 65 990 2601 502 1254 578 1340 2276 1323 684 250 522 688 1975 1821 1720 1608 1413 2667 1391 1186 2314 1239 1052 1237 1236 2409 1944 1233 1232 1231 1230 2408 1241 1251 1243 2400 1263 2401 2157 1260 1259 1942 1257 1256 1943 1255 1252 2410 1250 1249 2405 1247 1246 1245 1244 2404 1228 1217 1226 1197 2156 1195 1194 1192 2420 2421 1189 1188 2422 1185 1184 1183 2423 1949 1180 1179 1178
000045.jpg,269 1548 1052 1943 1241 1944 1239 2408 1237 1236 1235 2409 1233 1232 1231 1230 2410 1228 1227 1226 1225 1224 1223 1222 1221 1945 1243 1219 1244 1246 1271 1940 1269 1268 1267 1266 1265 2400 1263 2401 2157 1260 1259 1942 1257 1256 1255 1254 2404 1252 1251 1250 1249 2405 1247 1245 1946 1217 2413 1185 1184 1183 2423 1949 1180 1179 1178 1177 1176 1175 1174 1173 2425 1171 1170 1169 2426 2427 1166 1165 2428 1163 1162 1161 1186 1272 2422 1189 2414 1214 1213 1212 1211 1210 1209 2415 1207 1206 1205 1204
000046.jpg,1697 2167 2268 807 922 411 2643 1865 1188 1456 1260 759 1702 285 459 546 37 1221 1284 468 582 1763 620 181 732 2171 2816 1090 2043 650 2666 1891 6 448 1380 122 1797 2810 2346 1916 1082 586 1308 443 1083 1723 1570 298 475 1006 2168 829 669 1761 229 2313 1858 2261 1227 2425 2476 1285 2194 661 2118 1884 980 476 2706 973 820 1541 1603 1153 1610 750 334 205 1015 690 946 1267 1536 42 2807 2278 636 1318 2387 1199 2498 644 1596 2720 2688 387 2408 1236 1239 1241
000047.jpg,1532 1704 330 2742 354 2099 671 1956 2028 532 1339 152 849 2479 2228 696 1896 1376 1335 458 2819 1708 313 2674 2557 734 847 2500 972 1297 1917 1741 238 2250 28 633 772 2283 2177 2191 711 1563 505 587 503 1680 2322 92 2365 2181 533 771 2716 1873 2052 2592 523 2681 1827 2689 81 705 2370 2527 1961 2193 120 1746 504 2552 1273 2698 1010 2062 618 2316 2017 1021 200 2119 1332 1111 2237 602 740 2199 2814 261 2773 561 968 175 653 2693 1314 1955 2265 290 1008 1022
000048.jpg,398 2503 2386 40 1960 851 1144 1458 1113 1232 592 1726 2678 2571 2116 281 396 2627 1371 2572 1199 762 300 1922 2677 1283 1907 2562 1487 2494 2079 2591 959 335 2230 1596 43 1979 270 2263 183 2160 1400 2620 1768 2761 2048 1217 309 333 1108 861 856 1013 1336 2197 2141 1315 45 1064 474 543 907 1084 2720 2448 2498 387 1449 236 2401 2612 2522 2056 117 2726 20 1661 167 1744 2162 2182 2608 2760 2303 1198 1560 2030 785 2188 2442 1880 1802 1365 2623 1525 1364 1251 1687 454
000049.jpg,2714 348 26 925 2769 1870 480 2649 2454 1369 2538 663 518 1788 197 550 1417 2631 2289 433 2375 179 860 1489 735 2050 2130 440 2840 1710 769 1895 2650 1640 155 562 1701 305 463 51 1617 1422 659 689 57 2125 2838 422 2330 2374 712 1552 1045 2836 1355 1366 606 1358 1349 1360 1362 1350 1373 1348 1375 1377 1381 1386 1388 1392 1405 1407 1409 1411 1414 1416 600 1345 611 1338 1229 1234 1238 1242 1253 1258 1261 616 1264 1270 1276 1278 1341 1279 1292 1294 613 1295 1307 1313
000050.jpg,540 1346 2542 2129 617 2022 1019 63 1561 2242 832 1535 1298 783 2737 1343 949 1847 1161 1513 1795 1773 2112 940 291 1785 1228 1434 1999 499 1103 1333 1004 2016 60 1197 1631 310 2149 1693 2656 2827 182 1712 1304 198 2497 75 1760 954 1685 149 1749 328 2238 407 1093 766 2504 983 1743 2441 95 1590 93 895 596 824 2111 1856 2547 1898 751 1683 374 789 2579 2759 2317 1786 1971 1257 1106 576 1176 695 132 2190 1944 1943 1241 1250 1244 2157 1260 1259 1942 1256 1255 1254
000051.jpg,2718 490 2204 632 1347 1247 874 516 549 58 212 1128 604 2593 2487 2453 256 1595 751 1267 630 1762 2165 2734 2101 1152 1036 318 2147 1403 1245 2582 1204 1170 1751 247 862 153 2170 2490 1958 1772 450 303 777 1996 1997 539 1121 230 1257 1786 1971 1091 2485 1633 2603 1359 723 2405 206 343 2585 1915 1963 2256 233 1600 1519 2209 76 2495 1106 2542 812 276 2001 2012 2391 3 765 254 825 14 1642 1985 1493 190 914 2824 615 2551 35 1351 2157 1246 1577 1157 929 652
000052.jpg,1624 1644 2411 2528 2501 2044 1934 2817 1656 1407 1102 2790 817 611 188 1926 1319 85 221 2300 2832 312 943 987 1405 635 2082 547 1386 2270 556 626 1545 1799 59 2389 1146 1737 950 1202 4 2367 1752 283 2477 2545 2034 1796 1313 1362 1366 1258 1369 1253 1242 1238 1373 1375 1377 1234 1229 1381 1218 1215 1208 1201 1196 1360 1261 1264 1270 1316 1294 1320 1292 1324 1328 1291 1279 1307 1338 1278 1345 1348 1349 1350 1355 1358 1276 1341 1295 1428 1392 1542 1544 1549 1551 1552 1564 1569
000053.jpg,2516 1325 2843 1526 1707 1969 1511 257 1442 1385 1779 2145 406 1466 1007 1992 338 730 2102 709 1871 1079 410 1894 186 2219 1138 1645 1731 773 2763 519 535 1800 2613 1516 1670 811 112 1068 434 544 1783 1527 2377 742 2730 1311 2549 2364 937 1794 2609 288 883 1498 253 1455 336 2341 1110 749 1379 1214 1246 1245 1185 1186 2422 1188 1244 1243 1943 1189 1241 2421 1944 1239 2408 1237 1236 1247 1235 2405 1250 1942 1176 1177 1178 1179 1257 1256 1180 1949 2423 1255 1254 1183 2404 1252
000054.jpg,472 1060 127 2444 2710 1803 1509 2595 1355 1811 1167 1069 1607 2758 1341 867 1059 551 342 2189 1629 203 1524 147 577 2749 1862 991 1295 1807 1159 1278 2455 385 2431 814 403 2468 1735 2771 888 1373 641 1025 741 2063 1863 795 2403 687 2517 2215 837 1009 262 2385 2481 1939 2255 2811 1815 2484 2797 154 2740 2548 2473 2844 2619 2524 1242 2104 273 1215 1270 1258 264 1101 352 2412 90 958 2226 2709 1539 2175 718 1440 1660 1366 2633 2607 2271 638 1445 30 810 787 71 1294
000055.jpg,2045 2023 1584 2755 747 258 1 1362 1360 1358 1355 1350 1348 1345 1341 1338 1328 1349 1366 1375 1373 1377 1381 1386 1388 1392 1405 1407 1409 1411 1414 1416 1417 1421 1369 1324 1316 1319 1167 1172 1181 1190 1191 1193 1196 1201 1202 1208 1215 1218 1229 1234 1320 1238 1253 1258 1261 1264 1270 1276 1278 1279 1291 1292 1294 1295 1307 1313 1242 1428 1437 1159 1572 1575 1576 1580 1586 1587 1589 1607 1615 1617 1618 1619 1622 1623 1624 1627 1629 1630 1636 1640 1644 1649 1652 1653 1656 1658 1660 1663
000056.jpg,2755 2045 2023 747 1584 258 770 1320 2034 2545 1796 1897 497 1948 2046 1416 1586 1362 992 1096 1358 1215 1360 1208 1366 1202 1369 1373 1201 1375 1377 1196 1261 1386 1388 1392 1405 1407 1409 1193 1191 1190 1411 1414 1181 1355 1381 1350 1349 1264 1253 1270 1276 1242 1238 1234 1278 1279 1291 1292 1294 1295 1307 1313 1316 1319 1229 1218 1324 1328 1338 1341 1345 1348 1258 1 1432 1421 1564 1569 1571 1572 1575 1576 1580 1587 1589 1607 1615 1617 1618 1552 1619 1623 1624 1627 1629 1630 1636 1640
000057.jpg,1697 1570 582 546 285 1221 1891 298 1723 2643 2167 2268 690 2706 2816 475 459 1380 448 807 6 1260 1865 1188 922 1456 973 1015 1285 468 1537 1080 980 2118 1884 1284 411 37 23 1702 759 2346 1916 1610 2313 1858 229 1541 750 820 334 1603 8 1671 1267 946 2449 1090 1763 629 122 2810 181 732 620 2409 1232 1235 1233 2366 1370 1236 1230 2410 1228 1227 1226 1225 1224 1223 1231 2166 1367 2408 1364 1254 2404 1252 1251 1365 1250 1249 2405 1237 1247 1245 1244 2357 1243 1943
000058.jpg,505 1563 28 238 2181 2250 523 2552 2500 175 313 1827 2557 458 2819 587 734 2191 1896 2674 2283 847 1708 1741 152 2365 2099 120 2681 2479 849 1339 2716 1335 2228 2689 2592 1532 2193 972 1680 2119 705 2534 2370 602 1111 81 354 1376 2742 772 2052 633 1746 1704 330 1917 92 2322 696 532 671 2028 1956 504 711 1873 1332 503 2237 740 1297 2527 2764 1117 1955 2144 68 1314 2177 1010 553 968 1852 771 699 344 2610 1022 1021 1715 2280 2279 1317 2285 1706 346 1024 1327
000059.jpg,1532 2099 1704 330 1896 849 2479 2742 1339 152 734 2674 1376 2819 458 1708 2500 354 313 532 1956 671 2028 2557 847 696 2228 523 28 175 2181 1563 505 2250 2283 238 2365 1741 1335 2552 2191 1827 1917 587 972 120 705 2689 504 1297 2177 2716 772 2681 633 2370 81 2534 2592 2193 2052 711 1746 2119 1873 1680 92 2527 503 2322 653 2693 1961 2698 1273 561 968 1010 1111 602 533 2279 655 1026 1756 1755 1262 1024 346 331 2285 344 1274 1022 1021 2280 1275 1967 2105 326
000060.jpg,183 621 2141 1283 270 1108 84 1987 815 959 941 481 171 1371 1768 2048 2761 1365 2152 2502 45 785 2608 2760 2182 2056 2522 236 1064 565 1286 506 1844 1605 2401 1251 1364 2612 1927 106 1560 2188 43 2705 2831 2197 2562 189 1032 2060 971 2498 1953 1802 398 2503 96 2567 2751 1139 2841 2627 396 2688 1632 2442 454 1661 592 909 2348 1866 214 1596 387 2153 2720 38 115 1880 229 851 1960 40 2404 609 957 1889 2278 42 1458 2386 1214 1171 22 1525 2623 2263 1084 2726
000061.jpg,2059 484 53 1662 2429 806 534 999 780 2244 1465 786 1475 52 1481 418 452 2285 290 2301 363 2470 2821 346 1378 1929 1438 478 1568 216 1022 402 2687 1730 726 389 840 758 2634 2236 936 1050 314 467 1039 89 2407 1008 471 2806 2765 2690 1941 108 2467 655 430 1140 1011 2398 653 295 1124 2053 225 1967 331 131 753 495 1843 1275 1612 1037 1780 344 1635 1715 390 2565 1918 268 628 1220 1024 504 1303 391 1216 1875 1506 1831 220 1141 1706 464 2465 2505 2142 241
000062.jpg,1570 1697 1865 2268 2167 1891 582 546 1456 690 2706 298 285 1221 1284 448 459 20 454 2222 167 1080 1188 922 468 2118 980 1884 1537 1380 122 2216 1703 1363 1288 23 1015 1610 1285 973 1858 229 2313 2643 807 2816 629 37 411 1723 2162 1744 2726 1260 6 1702 759 475 1916 2346 1671 8 1267 946 2449 1763 1090 1113 2573 2502 1605 2152 2810 732 181 620 1259 2408 1241 1942 2157 1239 1944 1237 1943 2405 1249 1243 1244 1256 1255 1254 1245 1236 1246 1247 1252 1251 1250 1257
000063.jpg,2792 118 1583 998 567 808 382 2711 1854 778 2065 1970 517 952 1769 1791 919 515 2361 1354 2793 7 975 2778 114 227 1770 923 2304 9 1271 930 928 2729 1657 2379 748 1851 2252 1579 1210 875 311 982 763 2349 1531 887 1470 2042 2647 639 841 1063 2682 151 1211 916 2310 2416 1578 945 2658 2097 1528 1209 513 2618 2559 2328 1179 2491 2225 1977 1920 25 492 2026 566 512 528 1651 2723 579 1154 1233 1943 1942 1241 1944 1239 1231 1259 2408 2166 1236 1235 2409 1232 1237
000064.jpg,1356 1248 2311 1435 625 679 113 2794 2137 822 2164 1505 252 239 2091 1781 2232 525 1598 455 858 1500 449 1141 2070 654 216 1262 1506 27 1021 1168 1299 2017 49 245 1568 2693 383 1140 1612 1941 33 1961 1924 495 290 1503 2142 241 653 1011 1282 356 296 408 799 2773 2698 2316 618 200 1273 1755 1317 805 1024 138 1918 209 2396 838 1274 139 1991 1746 2557 363 705 649 2279 2634 2280 354 655 1026 1756 1339 2632 2244 346 344 2283 711 2552 1022 1332 2285 1335 696
000065.jpg,485 1175 1306 1951 727 589 658 1334 2323 1389 962 2787 1798 572 2546 1115 293 2540 646 2113 304 2178 1213 2066 1361 1427 1451 714 1558 898 1394 426 1597 2277 93 895 2579 529 2114 1230 1559 803 251 2054 545 634 1689 2024 24 1590 2644 395 1683 581 1801 2759 374 1166 2409 1928 1300 2072 1207 853 1087 1106 2000 1149 2533 2320 737 215 436 364 2224 2143 2430 483 1883 614 1137 101 789 2040 1900 2381 1197 2756 29 989 341 754 1231 2021 2504 1898 2784 1353 1693 2149
000066.jpg,627 67 2583 2509 202 1810 1012 1406 249 1075 2121 2350 1001 1052 1236 1237 2408 1944 1241 1943 1239 1235 1231 1233 1232 1230 2410 1228 1227 1226 1225 1224 1223 2409 1243 1246 1245 1940 1269 1268 1267 1266 1265 2400 1263 2401 2157 1260 1259 1942 1257 1256 1255 1254 2404 1252 1251 1250 1249 2405 1247 1222 1244 1221 1217 1219 1188 2422 1186 1185 1184 1183 2423 1949 1180 1179 1178 1189 1177 1175 1174 1173 2425 1171 1170 1169 2426 2427 1166 1165 1176 2421 2420 1192 1946 1271 2413 2414 1214 1213
000067.jpg,1416 1948 1096 1362 1897 987 635 155 715 1569 2721 1261 2628 1051 194 2545 1796 2034 1366 1190 1360 1218 1369 1355 1350 1191 1349 1193 1358 1181 1377 1375 1348 1381 1386 1388 1392 1405 1407 1409 1411 1414 1373 1345 1338 1215 1229 1208 1234 1238 1242 1253 1258 1264 1202 1270 1276 1278 1341 1279 1292 1294 1295 1201 1307 1313 1316 1319 1196 1320 1324 1328 1291 1 1432 1421 1571 1572 1575 1576 1580 1584 1586 1587 1589 1607 1615 1617 1618 1619 1622 1623 1624 1627 1629 1630 1636 1640 1644 1649
000068.jpg,99 1145 2098 1047 2747 612 2009 2636 72 208 595 461 477 1415 174 1510 1872 2775 823 453 2163 172 2722 399 401 1688 1155 141 2055 1023 760 2577 1976 1628 460 164 156 2587 1784 1241 1089 2655 1717 380 437 816 1233 981 694 1100 1404 1808 2274 2446 2642 599 666 2537 2420 2318 1682 1479 2074 1599 73 2512 2362 2126 1160 2469 731 2404 1197 1250 1251 2156 1198 1249 2405 1247 1199 1252 1254 1213 1195 1186 1267 2422 1188 1266 1189 1265 2400 1255 1263 2421 2157 1260 1259 1942
000069.jpg,340 569 2090 121 193 988 571 427 2415 901 2217 1793 332 2568 2267 1065 1430 1553 1256 1886 1699 743 680 2380 2423 1236 1268 536 2032 56 1189 2047 370 1492 2117 13 2421 1041 1754 1038 500 1499 1272 640 2668 1949 2210 2520 2078 142 1132 1588 2333 802 323 2743 1393 1033 432 1431 554 176 2108 1562 2227 2786 979 1053 36 868 1890 429 1888 681 865 2384 21 2451 289 78 292 1398 361 302 893 878 2029 555 2839 1329 2335 62 866 1257 1224 1200 2417 1255 1254 2414
000070.jpg,879 1539 1619 577 2363 557 2460 147 352 1366 2595 2797 1982 1925 2371 1816 1480 2175 741 667 1549 2576 2844 299 2139 226 2403 262 2385 1863 2092 991 2607 1660 2633 2833 2776 888 2269 1735 428 2771 1373 1242 2524 2104 273 641 1807 1295 2758 1069 1607 1341 1814 1509 1167 1811 1355 1803 687 867 1078 1530 160 2094 2189 2431 1009 837 2455 1815 403 2710 2226 1349 2063 1862 2484 264 1159 90 127 1589 2731 1122 1421 2266 2444 267 1238 891 1291 166 810 2619 2399 2727 1520 1025
000071.jpg,1788 1710 1417 1489 1701 860 197 2289 2375 433 1895 769 2650 2482 161 1870 173 26 2538 2649 2454 1369 1320 2769 348 925 2138 2714 480 770 2840 2735 663 463 518 2553 965 1775 1051 1261 231 319 1253 2287 134 550 2631 2011 645 1029 1993 1218 194 2628 1640 305 562 51 155 440 179 2130 2050 735 1623 1054 1649 659 1617 1422 1552 2836 1045 712 2595 1242 2767 1258 2758 1264 1270 1276 1278 1279 1291 1292 1295 1238 1307 1313 1316 1319 2755 1324 1328 1338 1341 1345 1348 1349
000072.jpg,1972 721 2061 1921 1647 2402 27 1829 1756 1395 1648 2406 1317 1187 805 1755 1472 1140 2698 799 1216 1124 2053 1612 1918 1037 1273 2279 1303 2236 1506 2632 782 1018 1635 390 1715 138 726 1924 1011 344 391 331 1168 1299 412 1967 1143 159 1293 1097 1475 858 1568 643 1692 2611 2316 200 2773 2017 618 1021 2765 1024 2531 2806 1275 1929 1240 295 1127 1780 225 216 1875 430 655 1598 1730 2343 2693 252 2687 2285 1008 2301 2407 220 131 1843 268 495 2232 1050 314 402 478 936
000073.jpg,2034 2545 2376 2309 2433 1796 1901 1453 1490 201 2721 715 1569 1584 305 51 1640 562 48 100 2713 1860 64 439 155 2023 2650 2513 1878 1123 1405 1345 1348 1341 1373 1375 1350 1388 1355 1386 1358 1338 1381 1360 1377 1362 1366 1369 1349 1392 1316 1324 1181 1190 1191 1193 1196 1201 1202 1208 1215 1218 1229 1234 1238 1242 1328 1253 1261 1264 1270 1276 1278 1279 1291 1292 1294 1295 1307 1313 1319 1320 1258 1407 1432 1411 1549 1551 1552 1564 1571 1572 1575 1576 1580 1586 1587 1589 1607 1545
000074.jpg,645 2011 445 1029 1054 1679 134 1649 1444 1623 2707 1328 947 1552 1663 2840 319 1253 169 2130 2050 1045 2767 2837 735 440 179 2735 712 2836 1617 1422 1782 1381 1658 1840 2241 550 259 2544 2628 1544 2287 1261 1051 194 1218 2439 2375 433 197 860 1788 1489 1417 2631 1993 518 965 663 1279 1291 1278 1355 1292 1294 1276 1341 1307 1345 1313 1350 1316 1349 1319 1320 1324 1348 2801 1338 1295 2714 1258 1264 1122 1123 1129 1146 1148 1151 1158 1159 1167 1172 1181 1190 1191 1193 1196 1201
000075.jpg,2766 2183 2825 447 1056 1439 2051 725 2728 1825 2207 2719 2294 1944 2842 692 2736 1055 2511 1134 1547 246 116 1126 790 2292 2319 442 1962 1931 2526 2220 1606 204 67 2583 2558 2057 2291 574 2089 2068 2665 722 1212 2135 1986 899 137 2741 939 165 627 1463 1874 494 1477 1223 2435 1244 1198 1943 1949 1239 2408 1237 1236 1235 1243 1241 2405 1246 2400 1263 2401 2157 1260 1259 1942 1257 1256 1245 1255 2404 1179 1252 1251 1250 1180 1249 2423 1247 1254 2409 1230 1233 1194 2414 1214 1213
000076.jpg,1417 1788 1710 1489 860 1701 2289 197 2375 433 1895 769 2650 2482 161 173 1320 2735 2138 2840 770 1870 2553 2538 965 663 463 1775 1051 1261 26 134 2287 319 1253 231 2649 1369 2769 2454 2628 194 1649 1623 1054 1993 1029 645 1218 2631 925 348 480 2714 518 2011 550 906 2076 674 445 1328 1045 440 2050 2130 169 947 1444 179 735 1679 1552 1663 2707 1897 1362 1096 2241 2352 1840 1496 1416 1948 1860 2556 201 2713 1658 1381 1782 2439 2767 2837 900 1437 1486 1837 1181 1564
000077.jpg,1419 301 392 2331 519 1992 773 2763 257 1871 2102 1442 1894 2843 1645 1511 1969 1138 1731 2516 742 1527 535 2377 2341 253 1800 2613 1495 1385 406 2145 1779 1007 966 2458 1705 2609 1707 2600 320 1526 1681 2543 1325 1466 730 338 487 937 288 1742 2369 1031 11 105 2394 1778 942 2085 337 94 336 1455 607 1893 50 2420 1567 1237 1981 1676 1673 2257 1331 2696 1614 2660 1384 1498 451 186 709 2219 112 1079 821 811 1068 410 908 1133 648 248 1002 1119 1370 1604 446 1940
000078.jpg,1483 44 16 376 1447 1469 2317 1672 1914 2785 2437 1836 291 1749 1057 2249 761 1631 2700 1990 1535 832 1449 1178 1116 1224 1713 1714 47 2359 104 1183 465 683 1838 2180 95 2441 576 676 1856 2111 2202 88 1476 2745 2129 34 2422 2523 1346 540 1847 1161 1513 824 596 1999 60 1103 2016 2555 1277 834 1727 2058 1425 2305 350 1523 2695 441 845 1228 1785 1795 1773 1743 2827 310 983 2547 2383 2080 373 499 1304 783 2190 1678 2275 1732 603 1620 1244 1943 1243 1259 1942 1257
000079.jpg,631 2282 2064 1290 2596 1518 921 1017 2049 2796 530 1301 1909 1613 662 2392 1604 1978 2093 1058 2140 607 1237 1879 446 2357 1567 1002 451 871 2085 1396 1105 813 355 1981 1119 2262 984 394 243 1554 2543 942 1906 1742 1676 1384 144 660 2257 2696 337 1370 1621 908 2259 360 852 1718 276 2361 1673 2452 897 2782 2422 1206 1251 1188 1250 1189 1249 1207 2413 1247 1246 1245 2416 2417 1244 2421 1200 1186 2405 1252 1185 1180 1203 2401 2157 1205 1949 1260 2404 2423 1942 1257 1183 1256
000080.jpg,2716 2365 2689 705 81 2552 2370 2534 2557 2479 849 523 28 587 238 2119 2191 1532 505 1563 2250 2181 175 2819 458 2500 1896 1708 504 2681 152 120 2228 847 313 1827 2674 972 1741 734 1704 2592 1376 2099 1873 2283 1335 2193 2052 1339 2527 2742 92 633 1680 602 1111 330 354 1746 772 2177 2322 1332 696 1117 1314 1955 503 1297 2144 2764 68 1917 2028 671 1956 532 2237 740 711 533 553 771 968 1543 2306 872 2265 2789 1010 1021 2280 1991 1022 2279 2244 295 2285 346
000081.jpg,1387 1911 1200 2362 2318 1479 2691 1682 320 2512 2420 2355 850 796 1305 1504 222 1436 2218 897 2645 2096 1933 1790 836 1052 2450 2342 755 1736 935 2071 1098 2156 1321 2750 1806 1709 2432 2201 1676 1638 1267 2452 1621 1044 2537 599 666 2642 2446 852 1718 99 144 2394 105 1946 1047 2098 612 2747 908 829 2168 1761 669 1002 1119 2458 966 1495 1510 1717 208 595 2587 2655 2502 2157 1260 1197 1259 1942 1198 1199 1257 1256 1255 1254 2404 1252 1251 960 1250 1249 2405 1195 2417 1214
000082.jpg,1507 2550 2414 107 2604 1177 1104 1669 2019 2754 2641 728 55 2176 397 1194 1691 575 1482 2080 2383 2823 2733 462 584 1523 441 2395 1016 373 2695 845 1269 1235 2408 1239 1268 1940 1267 1241 2409 1266 1943 1243 1237 1265 1236 1944 1260 1245 1259 2157 1942 2401 1257 1263 1256 1255 2400 1254 2404 1233 1252 1251 1250 1249 2405 1247 1246 1244 1052 1227 1231 1199 1198 1197 2156 1195 1192 2420 2421 1189 1188 2422 1186 1185 1184 1183 2423 1949 1180 1179 1178 1176 1175 1174 1173 2425 1200 2417
000083.jpg,2458 1742 1495 966 243 337 1554 1370 1705 1105 1396 355 813 2600 1681 487 607 2257 2696 1384 320 1673 2660 1331 1614 942 2543 1604 2369 1031 530 2085 1301 1237 1567 2049 446 50 1893 1981 1676 1119 1853 1695 908 1002 1000 2782 2259 360 1739 2664 542 54 144 1058 2140 451 710 660 871 1508 791 2803 1287 1565 1718 2262 1978 852 2452 2420 2392 2357 2796 1879 631 773 1992 392 2763 519 301 1419 2093 394 662 1017 1613 984 1909 1252 1251 1250 1203 1249 1205 2416 1206 2405
000084.jpg,1213 2066 304 2178 2113 1394 545 2546 1115 1389 589 658 727 1175 485 1798 1951 1306 529 395 2644 2277 572 1801 1451 962 2787 1361 1559 2323 1334 1019 2579 1106 2000 1230 341 251 581 989 1353 803 1300 2114 1683 293 2759 374 1883 2381 2022 1333 63 1093 1898 1427 2540 789 483 2040 1900 2054 646 2656 2149 1693 101 436 364 737 215 2408 1239 1263 2157 1260 1241 1943 1259 2401 1944 1252 1942 1257 1244 1250 1256 1245 1246 1247 1255 2405 1251 1254 2404 1243 1249 1052 1236 2415
000085.jpg,431 2510 1839 70 1035 2818 951 2561 2015 1252 2772 1759 2757 1834 1753 2777 1125 2478 2077 315 2622 1390 1557 601 1842 18 1747 2663 2 2302 191 1165 1443 1833 1938 2496 2686 889 277 767 1237 1233 2408 1231 1236 1235 1239 2409 1241 1944 1230 1232 1052 1243 1267 1266 1265 2400 1263 2401 2157 1260 1259 1942 1257 1256 1255 1254 2404 1251 1250 1249 2405 1247 1246 1245 1244 1943 2410 1221 1227 1197 2156 1195 1194 1192 2420 2421 1189 1188 2422 1186 1185 1184 1183 2423 1949 1180 1179 1178
000086.jpg,1949 2210 2520 2083 1337 1910 13 640 1272 1754 1038 1041 2421 828 2578 2629 1429 2428 377 2671 2539 2798 323 865 729 2640 933 2828 672 2795 1374 1668 2602 1249 1521 1049 955 698 1764 2570 2032 56 1256 1132 1588 1886 1699 932 839 680 1189 370 2047 1329 2839 2335 500 2423 358 244 1696 1616 1766 2115 536 1431 2117 36 988 193 121 1268 1430 1236 1553 2384 2451 21 2221 2120 2031 1070 2078 1890 142 429 1492 340 571 1247 1244 2157 1260 1259 1942 1257 1243 1254 1263 1245
000087.jpg,767 277 1938 1443 1833 2702 2686 889 1747 2496 2315 1980 2685 1989 1460 369 211 2532 1165 2302 191 2161 1753 1125 2777 2663 2 601 2818 1834 951 315 1413 1391 578 2314 18 2561 70 2510 2772 2077 1185 1251 2420 1250 1940 1175 1249 2405 1247 1246 1252 1245 1243 1943 1241 1192 1944 1239 2408 1176 1237 1244 1269 2404 1236 1186 1268 1267 1266 1265 2400 1263 2401 2157 1254 1260 2422 1942 1257 1188 1174 1256 1189 1255 2421 1259 2417 2409 1194 1217 1199 2413 2414 1214 1179 1213 1212 1200
000088.jpg,767 1938 277 1443 1833 1747 2686 889 2496 211 2532 369 1989 1460 2702 2685 2315 1980 2 601 2663 191 1165 2302 2622 1390 1557 2510 431 315 18 2161 1035 1839 2777 1753 1125 1759 2757 2561 70 2077 2772 1239 2408 1237 1944 1236 1241 1235 2409 1233 1943 1250 1244 1268 1267 1266 1265 2400 1263 2401 2157 1260 1259 1942 1257 1256 1255 1254 2404 1252 1251 1249 2405 1247 1246 1245 1243 1232 1052 1230 1200 1199 1198 1197 2156 1195 1194 1192 2420 2421 1189 1188 2422 1186 1185 1184 1183 2423
000089.jpg,12 1473 1876 2809 1721 2051 1439 994 526 864 508 2183 608 274 1241 1239 1944 1237 1943 2408 1236 1052 2409 1233 1232 1231 1230 2410 1228 1227 1226 1225 1224 1235 1243 2405 1245 1271 1940 1269 1268 1267 1266 1265 2400 1263 2401 2157 1260 1259 1942 1257 1256 1255 1254 2404 1252 1251 1250 1249 1247 1246 1244 1223 1945 1221 1189 1188 2422 1186 1185 1184 1183 2423 1949 1180 1179 1178 1177 1176 1175 1174 1173 2425 1171 1170 1169 2426 2427 1166 1165 2421 2420 1192 1194 1272 1219 1946 1217 2413
000090.jpg,419 894 2554 2153 1632 96 2060 1032 189 1171 1214 22 1927 106 2109 2567 2751 481 2401 2612 1987 815 1365 1217 309 333 856 785 744 2116 2058 834 2555 1277 1727 2141 396 2627 1889 592 1013 1336 1315 2160 167 2222 2726 2162 1744 20 1661 1371 941 1108 2404 2464 1766 957 609 1283 2502 454 214 1953 2348 909 1866 2152 84 1251 171 1364 2831 2263 1525 2623 2571 621 924 509 2442 959 270 971 1749 844 2457 43 2188 2048 1768 2761 2503 398 2386 1458 2678 1726 2705 644
000091.jpg,2099 1896 734 2674 1532 847 2500 330 313 1339 2819 458 152 1704 849 2479 2742 1708 2557 2283 2181 1741 2191 354 1827 1376 523 175 2228 532 671 1956 2028 28 696 2250 505 1563 587 2552 238 1335 120 1917 2365 2689 972 705 2681 772 2716 2534 2370 2119 1297 1746 81 504 2592 2193 2177 633 1680 2052 92 1873 602 1111 711 2322 503 533 968 2527 653 2693 1010 2698 1273 561 1961 1117 553 2764 740 2237 1332 331 1967 1275 2105 2279 2280 1021 1022 344 346 1024 1262 1755
000092.jpg,1656 2817 1102 2790 2528 1934 2411 1407 2501 2044 817 1644 1624 85 1926 611 188 221 2832 312 2300 1319 943 987 1405 556 1386 635 2270 2082 547 1202 1146 950 2556 1752 2367 1242 1358 1360 588 1362 1366 1369 1373 1375 1218 1377 1381 583 577 1388 1392 573 570 1409 1411 1414 1416 1215 1417 1421 1428 1355 1350 1349 1348 1253 1258 1261 1264 1270 1276 1278 1234 1229 1279 1291 1292 1238 1294 1307 1313 1316 600 1320 1324 1328 1338 1341 1345 1432 591 1295 1437 656 1444 1564 1569 1571
000093.jpg,1144 1113 1298 40 851 1960 1232 907 543 474 2263 2571 2678 398 2503 1084 1371 592 2572 1525 2623 1434 2494 1979 117 1591 423 1280 104 1726 2386 2245 1641 946 1922 275 327 1659 1184 2573 1080 23 214 1953 1139 1602 1866 2348 1137 614 594 1346 2048 1283 2141 270 2761 1768 1108 2116 1458 1199 2726 454 1661 167 1744 2162 20 84 1198 1205 2303 1254 1247 1188 2157 2401 1246 1245 1244 1243 1943 1189 1241 1949 2421 2405 2423 1249 1250 2422 1251 1260 1259 1252 1942 1257 1186 1256
000094.jpg,645 2011 445 1054 1679 1623 2707 1444 1029 1328 1649 947 1663 169 1552 2837 134 2767 440 735 2840 712 319 1253 1045 2130 2050 1422 1617 2836 1544 2439 179 1782 1381 1658 1840 2241 2735 1261 550 1218 1993 2628 2544 259 2287 194 1051 1489 1788 860 1417 2631 965 518 663 1324 1360 1358 1278 1355 1279 1291 1292 1350 2800 1294 1349 1307 1313 1348 1345 1276 1316 1341 1319 1320 1338 1295 2709 2801 1264 1122 1123 1129 1146 1148 1151 1158 1159 1167 1172 1181 1190 1270 1191 1196 1201 1202
000095.jpg,1882 956 546 1221 582 476 2168 448 829 669 1083 285 6 1697 2261 1227 2194 1761 661 38 1880 115 1995 1702 2643 1560 229 2425 42 1153 807 1260 181 759 732 620 1246 1236 1235 2409 1233 1232 1256 2401 1230 1237 2410 1257 1265 1228 1942 1259 1231 2408 1944 1247 2400 2405 1249 1250 1251 1252 2157 1239 1245 1244 2404 1243 1254 1943 1241 1255 1263 1226 1219 1224 1194 1192 2420 2421 1189 1188 2422 1186 1185 1184 1183 2423 1949 1180 1179 1178 1177 1176 1175 1174 1173 1171 1170 1195
000096.jpg,183 621 2141 270 1108 1283 959 815 1987 481 84 941 171 2048 1768 2761 2152 2502 1371 1365 2760 2182 2608 45 785 1605 236 2056 2522 1064 1286 506 1844 565 1139 2841 2188 1953 106 1927 43 1560 2401 2612 1251 1364 2562 2705 2498 2216 1703 1288 1363 1802 971 2831 2197 398 2503 2591 396 2627 189 1032 2060 2348 214 1866 2688 96 2442 953 2043 335 2810 2171 2230 924 2751 2567 454 1661 592 909 387 1596 420 2768 1397 1471 1487 1632 2720 115 38 1880 229 1232 1960 851
000097.jpg,1842 601 18 2 2663 2757 1759 1834 315 951 2818 1557 1252 2015 1390 2622 2161 191 1165 2302 2510 2561 2478 2077 2772 1753 2777 431 1747 1035 2685 2315 1980 889 2686 2702 1125 70 1839 1443 1833 1938 2496 1989 277 1460 369 1263 1944 1239 2408 1237 1255 1265 1266 1267 1235 1268 2409 1233 1269 2400 1236 2401 1241 1254 2404 1257 1232 1251 1250 1249 1942 1256 2405 1246 1245 1259 1260 2157 1244 1243 1943 1247 1052 1224 1230 1199 1198 1197 2156 1195 1194 1192 2420 2421 1189 1188 1200 2422
000098.jpg,611 188 1319 817 1656 1102 2790 2817 1407 1926 2528 1934 2501 2044 2411 1644 1624 85 221 2300 312 2832 943 556 1386 2270 2082 547 987 635 1405 1146 1202 950 2556 2367 1752 583 1358 1362 1355 1369 1373 1375 1377 1360 1366 577 1350 573 1388 1392 570 1409 1411 1414 1416 1417 1421 1381 1349 588 1428 1215 1218 1229 1234 1238 1242 1253 1258 1261 1264 1270 1276 1278 1348 1279 1292 1294 1295 1307 1313 1316 591 1320 1324 1328 1338 1341 1345 1291 1432 642 1208 1552 1564 1569 1571 1572
000099.jpg,147 2595 577 2710 2758 1341 1069 1607 1811 1355 1803 1167 1539 226 2175 2094 1078 160 1530 273 2104 1242 2524 879 991 1509 127 2444 352 1807 1295 741 1549 1862 2460 2797 1619 2385 888 262 2189 2266 1421 2576 2771 1373 641 2403 687 2431 2709 166 1863 1982 1925 2776 1735 2226 1366 1278 2363 557 30 810 2619 667 2371 2844 90 1814 1816 1480 697 1629 1524 203 1349 2092 299 428 2139 891 1238 267 1291 1660 2607 2633 2473 961 2269 2271 143 71 2529 2738 2835 1828 405 814
000100.jpg,79 1067 2305 722 2068 2665 246 1134 1547 2511 2842 350 97 1463 204 1935 116 2041 1606 2292 692 899 2135 2719 2319 2736 1126 1212 137 2741 442 2825 2766 790 447 1986 362 1841 2258 1962 1056 1425 1235 1246 1236 1237 1944 2408 2409 1239 1243 1943 1241 1245 1244 1269 2405 1268 1267 1266 1265 2400 1263 2401 2157 1260 1247 1259 1257 1256 1255 1254 2404 1252 1940 1250 1249 1942 1251 1052 1232 2417 1200 1199 1198 1197 2156 1195 1194 1192 2420 2421 2416 1189 2422 1186 1185 1184 1183 2423
000101.jpg,2306 1543 890 2265 316 1955 1314 872 963 162 2789 1182 2799 1164 367 699 1109 1991 1823 1010 649 1135 1885 1117 1003 2105 235 507 2199 2212 1327 1852 1774 2237 740 2822 1441 2814 968 2343 561 2527 1746 1332 1099 2597 1650 2610 2773 261 771 602 2052 1873 92 2764 2177 877 1156 552 2594 2592 1111 2681 2193 2144 68 2322 159 580 2715 31 326 972 1273 2698 553 1376 1118 1097 1293 503 533 2191 633 1680 120 1143 1822 2062 354 2479 2742 849 772 412 2557 2228 1532 81
000102.jpg,1642 3 254 2490 1958 2170 2405 14 66 652 1985 929 1136 1745 1574 779 2536 2157 825 765 1246 873 2426 2434 2336 282 1245 1633 490 1036 318 1519 1152 2718 1247 874 1347 2204 632 516 1243 1177 1244 2422 1944 1178 1239 1179 2408 1237 1180 1236 1235 2409 1233 1949 1943 1241 1250 1175 1266 1265 2400 1263 2401 1171 1260 1259 1942 1176 1257 1256 1255 1173 1254 2404 1174 1252 1251 1249 2425 1232 1227 1230 1207 1206 1205 1204 1203 2416 2417 1200 1199 1184 1198 1197 2156 1185 1195 1194
000103.jpg,352 1539 1349 577 2455 403 1159 837 1009 1815 2484 2844 264 2063 2175 2403 2797 741 2269 913 2833 299 2189 234 1572 2226 2092 1549 2576 2399 1520 2727 307 2139 2215 879 1619 90 428 2371 1 317 2412 147 2776 1925 1982 1238 267 891 1291 1338 1025 1622 685 667 2100 1242 273 2524 2104 17 573 600 2709 2486 1816 1480 1366 2595 642 2255 2811 1571 2710 127 1814 2340 1618 1540 349 846 2648 1803 1060 2460 1862 1078 2094 160 1530 1101 385 814 1122 1589 2731 226 2363 557
000104.jpg,1543 2306 1314 1955 2265 890 872 316 2789 1117 1003 2105 2199 1010 963 1182 2237 740 162 649 1135 1885 367 2799 1823 507 1991 2527 1164 235 1441 699 1109 1332 2814 1873 1327 2212 2177 771 261 2822 2610 1099 2597 1650 602 2052 2773 1774 561 552 2594 1156 877 968 92 2681 2592 1852 1111 2764 2193 2343 2322 1746 2144 68 972 1376 1273 2698 159 580 31 2715 326 633 1680 2191 553 120 1097 1118 1293 503 354 533 1302 670 705 2689 2370 81 2365 849 2479 1822 1143 2742
000105.jpg,1298 2150 882 986 1757 1255 123 1113 1434 1346 1004 940 2112 372 1477 2542 540 1343 949 2737 1535 832 2129 1144 93 1590 895 1999 63 2022 1019 291 1561 617 2242 1087 783 182 1712 1685 1103 1760 198 2497 75 1235 1237 1944 1243 1239 1943 1241 1236 2408 1052 1245 1267 1266 1265 2400 1263 2401 2157 1260 1259 1942 1244 1257 1254 2404 1252 1251 1250 1249 2405 1247 2409 1246 1256 1233 1225 1231 1200 1199 1198 1197 2156 1195 1194 1192 2420 2421 1189 1188 2422 1186 1185 1184 1183 2423
000106.jpg,1836 1990 2437 2700 1914 1178 1672 1714 1713 1116 1224 2785 1838 2180 683 47 465 2523 2422 34 676 2202 2745 1476 88 2190 1749 1856 2111 824 596 2441 132 695 1176 576 2547 983 1483 95 291 44 1743 16 2016 376 2827 2317 1447 1631 1057 2129 1469 1535 832 1513 1847 1161 310 1773 1795 1785 1228 499 2249 761 540 1346 1727 2058 1999 1277 834 60 1103 2555 1693 2149 2656 783 1304 1231 1232 2409 1230 2410 1233 1225 1367 1368 1227 1226 2368 1236 1255 1254 2404 1252 1251 1250
000107.jpg,352 1539 2455 403 1009 837 1159 1815 2844 2484 264 2063 2269 2797 2833 2092 2175 299 2403 2139 741 1549 2576 2189 879 1619 428 2371 2215 1925 1982 1349 667 577 2226 2776 1814 1122 1589 2731 913 600 317 1572 234 1622 226 1520 2399 2727 2486 90 2363 557 1366 1480 1816 307 2460 846 573 17 1025 2412 1571 2811 2255 1338 1863 147 2524 273 1242 2104 1060 2100 472 1291 267 1238 891 2710 687 1 2541 2595 2385 888 262 1735 642 1862 1101 1278 2709 2771 2648 1660 2633 2607
000108.jpg,133 493 1375 746 570 2327 2004 2174 280 1580 1792 2418 1575 210 689 1392 1234 57 1930 793 1034 2461 2374 1861 2456 1665 2229 1724 1758 421 548 2125 1947 1859 2838 2330 422 294 1664 2186 1072 1030 1276 756 704 77 2548 2184 1765 1358 2672 1551 1279 976 1196 1043 2694 2039 1292 797 366 859 228 2590 934 2662 687 588 1081 583 1497 801 885 1887 2123 1776 1350 857 2541 1857 185 1716 263 1457 798 1238 1291 891 267 2356 514 1522 287 170 2127 130 1432 82 470 1319
000109.jpg,2045 2023 1584 2755 747 258 1 1362 1360 1358 1355 1350 1348 1345 1341 1338 1328 1349 1366 1375 1373 1377 1381 1386 1388 1392 1405 1407 1409 1411 1414 1416 1417 1421 1369 1324 1316 1319 1167 1172 1181 1190 1191 1193 1196 1201 1202 1208 1215 1218 1229 1234 1320 1238 1253 1258 1261 1264 1270 1276 1278 1279 1291 1292 1294 1295 1307 1313 1242 1428 1437 1159 1572 1575 1576 1580 1586 1587 1589 1607 1615 1617 1618 1619 1622 1623 1624 1627 1629 1630 1636 1640 1644 1649 1652 1653 1656 1658 1660 1663
000110.jpg,1325 1526 2516 2145 1779 406 1385 1007 1707 1894 2102 1969 1511 1992 1670 1442 773 2763 410 1079 519 535 112 811 709 1516 742 1783 544 1110 2730 1068 1311 1466 1645 1800 2613 1871 1138 1731 257 2377 1527 434 2219 749 1794 1379 2290 186 338 730 2151 1131 2843 2364 2788 1005 1966 365 1040 605 1243 2299 2746 593 870 673 2549 937 435 2609 1968 2095 288 336 610 568 883 881 2680 2417 1850 821 253 1498 1455 2005 2697 678 2560 1309 1260 1241 1943 1256 1257 1255 1245 2404
000111.jpg,2495 76 1180 926 1818 564 230 1357 2281 39 2288 1091 1786 1996 777 2699 1538 2489 1846 2224 2324 2493 1971 1257 2247 1106 751 989 739 853 1197 2409 1166 1928 2542 1226 1225 1228 1233 1232 1231 1230 2410 1235 1227 1052 1237 1265 2400 1263 2401 2157 1260 1259 1942 1256 1255 1254 2404 1252 1251 1250 1249 2405 1247 1246 1245 1244 1243 1943 1224 1944 1239 2408 1236 1241 1946 1222 2420 2421 1189 1188 2422 1186 1185 1184 1183 2423 1949 1192 1179 1177 1176 1175 1174 1173 2425 1171 1170 1169
000112.jpg,2381 989 251 803 364 2040 1900 436 737 215 101 341 1427 2540 1230 2504 1115 2546 374 395 2644 646 1898 572 2114 1300 1883 1798 962 2277 529 1451 1389 2759 2579 766 328 2238 407 1971 1257 1361 2787 1106 1394 1683 2242 545 1559 1334 2323 2178 304 2113 1786 2000 1353 1213 2066 581 1801 483 1093 789 1951 1306 485 1175 2054 1180 564 1818 926 2288 76 2072 1207 614 1137 2784 293 658 727 589 1558 714 240 1593 2495 2281 39 1091 1357 230 93 898 1087 895 1590 1235
000113.jpg,1487 1113 1144 953 1471 1865 2573 1052 1241 1944 1239 2408 1237 1236 1235 2409 1232 1943 1231 1230 2410 1228 1227 1226 1225 1224 1223 1222 1221 1945 1233 1243 1245 1219 1940 1269 1268 1267 1266 1265 2400 1263 2401 2157 1260 1259 1942 1257 1256 1255 1254 2404 1252 1251 1250 1249 2405 1247 1246 1244 1946 2414 2413 1185 1184 1183 2423 1949 1180 1179 1178 1177 1176 1175 1186 1174 2425 1171 1170 1169 2426 2427 1166 1165 2428 1163 1162 1173 2422 1188 1189 1271 1214 1213 1212 1211 1210 1209 2415 1207
000114.jpg,1946 416 883 105 2394 1778 11 144 1200 2420 664 2110 2452 2427 1244 1243 1943 1241 1944 1239 2408 1236 1235 2409 1233 1232 1231 1230 2410 1228 1227 1226 1225 1224 1237 1245 2405 1247 1271 1940 1269 1268 1267 1266 1265 2400 1263 2401 2157 1246 1260 1163 1942 1257 1256 1255 1254 2404 1252 1251 1250 1249 1259 1223 1221 1166 1192 2421 1189 1188 2422 1186 1185 1184 1183 2423 1949 1194 1180 1178 1177 1176 1175 1174 1173 2425 1171 1170 1169 2426 1179 1222 1195 1197 1945 1219 1272 1217 2413 2414
000115.jpg,1798 2323 1334 2579 962 485 1175 727 589 658 2277 1394 1213 2066 545 1951 1306 761 2249 2178 304 2113 572 2787 1801 529 1353 954 1333 1685 2054 1389 2546 1115 1019 374 2759 898 646 581 1558 714 2149 1712 149 2022 182 1693 2656 2540 426 1597 395 2644 1883 1300 803 93 1590 895 63 1760 251 1361 2114 1683 2784 1689 2024 24 634 483 1230 2409 1087 1928 1166 1427 2381 2420 1249 2405 1192 1247 1194 1195 1245 2156 1244 1197 1198 1199 1243 1246 2421 1219 1189 1260 1259 1183
000116.jpg,1631 1801 1561 1593 1087 291 832 1535 93 895 1590 617 2784 240 898 483 789 1197 1166 2409 1928 714 1300 1558 1719 1804 1971 1257 1353 63 376 2296 2235 91 792 2072 1207 853 2129 1469 1883 1447 2277 1137 614 1483 1346 540 465 739 1019 2324 2493 2247 44 967 2542 1597 1093 407 634 16 1898 576 1846 2489 2699 1538 1333 2022 2238 328 766 777 1996 1091 374 529 2323 1334 426 1786 24 2579 2759 2317 499 683 2180 1838 47 395 2644 341 803 2224 101 2504 2430 2143
000117.jpg,1636 1316 1496 1965 2556 2272 2815 2628 1897 1362 2713 1860 2241 1840 1051 2046 1586 992 497 194 518 663 1261 2439 1218 1658 1381 2352 965 1544 1782 1752 201 950 2538 2069 2367 1948 1416 1096 2631 2836 440 735 2433 173 1775 155 2050 2130 2553 231 2837 1649 2767 2309 613 1799 305 562 51 1640 169 1045 179 1054 1123 2088 1878 2133 168 563 2826 712 1294 1295 1307 1313 1576 1575 1319 1320 1572 1446 1580 1569 1564 1552 1551 1324 1549 1328 1545 1571 1292 1584 1587 1215 1619 1229
000118.jpg,909 335 2591 2230 2386 1232 2503 398 1458 1726 2678 762 300 2079 2571 1907 2160 1315 2116 2197 1336 1013 1199 2572 1596 861 2263 1525 2623 2188 2401 2612 43 2562 2498 856 387 2442 1802 851 1960 40 2688 1280 971 1084 2720 592 1217 333 309 1687 1922 1880 1108 2448 2141 785 1283 1400 2620 275 644 2705 270 1365 2831 214 1866 1198 117 2303 1205 1979 2494 1371 23 1080 2791 690 1537 1768 2048 2761 1139 2841 2030 327 84 474 907 543 2476 2725 636 2807 1536 1318 1659 941
000119.jpg,79 1067 2305 2068 2665 722 1547 2511 246 1134 350 2842 1463 204 97 1935 116 2041 1606 692 899 2135 2292 2825 1212 2741 137 2766 447 442 1126 2736 2719 2319 1986 2258 1841 362 790 1425 1962 2558 1056 2037 2625 1771 1998 1677 1892 1944 2294 1055 1130 2506 1243 1237 1267 1241 1236 1235 1266 1943 1239 2408 1257 1265 1942 1256 1255 1254 2404 1252 1259 1251 1244 1250 1260 2157 2405 2401 1247 1246 1245 2400 1249 1263 1225 1233 2416 2417 1200 1199 1198 1197 2156 1195 1194 1192 2420 2421
000120.jpg,1697 2167 2268 1865 285 1570 1221 582 546 922 1456 1891 459 1188 37 2643 1284 411 807 448 2816 298 468 1260 1380 1723 2118 1884 980 1763 122 1702 759 1285 2706 690 1090 973 1610 475 1015 6 1916 2346 661 2261 1227 2194 476 229 2313 1858 443 1308 1006 586 1082 1080 1537 732 181 620 2810 2171 2043 23 1797 2666 650 750 820 1603 334 1541 1267 2449 1671 946 8 629 669 2168 829 205 1249 2400 1263 2401 2157 2497 971 1259 1247 1942 1265 1256 1255 1254 2404 2405
000121.jpg,2185 1129 2584 1411 2298 1694 1684 795 2801 1360 2616 1294 665 2517 2481 1939 1440 1446 1258 143 2529 1112 1270 958 386 718 1630 1445 2246 638 1514 2619 71 787 697 2271 1215 30 810 2740 2468 2339 969 1629 1524 203 1509 741 557 2460 2363 2104 1242 2524 273 2444 154 2189 1278 1863 1295 1807 641 2771 888 1373 1735 405 2835 2614 2013 1324 1964 1828 2820 2749 1803 127 1059 342 551 2811 317 17 1338 573 2486 2255 2412 147 991 262 1348 1358 1276 1355 1349 1264 1350 1202
000122.jpg,1330 2427 217 482 255 521 2657 2704 2445 1433 2308 619 2712 637 2617 2089 1931 79 1067 939 2305 2526 2220 2665 722 2068 350 1134 246 1547 2511 2842 204 1463 97 1935 1998 2037 2625 116 2051 2183 1439 1677 1771 1892 1606 1088 2041 137 2741 1212 1986 899 2135 2409 2353 1235 1347 1237 2408 1374 2354 1236 1231 1232 1239 1230 2410 1228 1227 1226 1225 1224 1233 1944 1943 2355 1259 1942 1257 1370 1256 1255 1254 2404 1371 1252 1251 1250 1249 1372 2405 1247 1246 1245 1244 1243 1223 1241
000123.jpg,834 2555 1727 1277 2058 1749 1093 407 1593 1898 924 2579 2238 328 766 576 1801 341 2784 1300 789 483 240 777 1091 1996 230 2504 2242 581 2759 374 95 824 596 1087 60 1103 1999 1990 2700 2437 1672 1538 2699 1846 2489 761 2249 2317 1471 2114 1683 2277 1353 2547 1914 2785 1836 803 1115 2546 1389 783 1304 2202 1476 2745 88 1178 465 1257 2408 1236 1249 2405 1255 1237 1251 1244 1239 1247 1944 1241 1254 1943 2404 1250 1243 1246 1245 1256 1252 2410 2409 2416 2417 1200 1199 1198
000124.jpg,2545 2034 2376 2433 2309 1796 1901 1453 1490 2721 715 1569 201 100 48 305 51 562 1640 1584 64 155 2713 1860 439 2023 2650 1123 2513 1878 1096 1416 1948 1341 1345 1386 1338 1369 1348 1373 1350 1355 1377 1358 1328 1360 1375 1362 1366 1381 1349 1316 1320 1181 1190 1191 1193 1196 1201 1202 1208 1215 1218 1229 1234 1238 1242 1324 1253 1261 1264 1270 1276 1278 1279 1291 1292 1294 1295 1307 1313 1388 1319 1258 1392 1428 1407 1545 1549 1551 1552 1564 1571 1572 1575 1576 1580 1586 1587 1589
000125.jpg,2843 257 2516 1871 1138 1645 1731 2613 2609 338 730 1466 288 1800 1325 1526 1707 2377 1527 535 742 1511 1442 1969 1894 406 1779 1385 1007 2145 253 301 1419 2341 392 2219 709 186 1079 2549 811 1516 410 1231 1226 2409 1233 1227 1228 2410 1235 1232 1230 1052 1237 2401 2157 1260 1259 1942 1257 1256 1255 1254 2404 1252 1236 1251 1249 2405 1247 1246 1245 1244 1943 1241 1944 1239 2408 1250 1243 1945 1224 2156 1195 1194 1192 2420 2421 1189 1188 2422 1186 1185 1184 1183 2423 1949 1180 1179
000126.jpg,2171 2043 650 2666 807 411 2810 2816 1916 2346 1188 475 1260 1723 1697 1891 2643 1456 922 759 1702 468 285 1284 2268 2167 37 1221 181 620 732 546 1865 1797 582 1761 229 1858 2313 6 1083 1541 1603 820 122 1153 829 459 298 1570 2841 669 2168 448 334 750 2425 2476 1139 1605 2387 420 1397 2768 476 2261 1227 1380 1090 1763 148 953 661 1387 2706 1682 2194 973 1015 1285 636 1199 1536 2278 2807 42 1318 2502 2152 644 2720 2498 387 1596 2688 1943 1233 1251 1232 1252
000127.jpg,127 472 2372 2466 2710 795 1939 2481 1060 577 147 2595 2412 2215 1112 573 17 1338 2811 2255 317 1159 2455 403 2138 969 352 1270 1258 2189 600 1694 2616 2175 1815 2648 1622 1278 1009 837 1095 2223 1994 195 1698 2253 307 1520 2727 2399 867 1862 913 846 1025 1630 665 1294 1360 1446 264 2063 2484 1607 2758 1341 1069 961 2339 1618 1540 2340 1572 234 892 1349 1215 2517 1509 1811 1803 1167 1355 2100 2584 1411 2338 2486 1409 2619 2403 638 810 2844 685 1 1324 2013 2820 349
000128.jpg,883 1894 410 1079 535 811 112 1325 416 1670 544 1783 1707 1311 1110 1068 2516 749 434 1379 1516 1526 2730 2364 435 1040 365 605 2788 1131 610 1794 2151 1966 709 1466 937 1007 2549 2290 1005 1243 1511 1969 2219 94 1424 288 2613 1309 568 1779 406 2145 1385 248 648 678 2560 1442 2377 1527 2746 2299 870 593 1968 673 1573 717 1634 821 1992 1133 2843 257 1871 1020 2830 1946 742 2763 773 2102 2005 2095 186 2417 1850 2609 2341 336 538 1138 1800 1731 1645 2251 1581 881
000129.jpg,204 1606 116 899 137 1212 2135 2741 2842 1463 2766 2558 97 1935 246 1134 1547 2511 2825 447 2041 1986 1056 722 2665 2068 2294 1944 1055 2736 1067 2719 79 1825 692 2728 725 2292 790 2319 442 2207 1126 1962 350 2305 1940 165 362 2258 1841 2625 1677 1771 2037 1892 1998 1130 2506 1088 1368 2166 1233 1370 1232 1231 1230 2410 1228 1227 1226 1225 1224 1371 1223 1222 1221 1372 1945 2409 1235 1367 1236 2165 1363 2404 1252 1364 1251 1250 1249 2405 1365 1247 1246 1245 1244 1243 1943 1241
000130.jpg,2185 1129 2584 1411 2298 1694 1684 795 2801 1360 2616 1294 665 2517 2481 1939 1440 1446 1258 143 2529 1112 1270 958 386 718 1630 1445 2246 638 1514 2619 71 787 697 2271 1215 30 810 2740 2468 2339 969 1629 1524 203 1509 741 557 2460 2363 2104 1242 2524 273 2444 154 2189 1278 1863 1295 1807 641 2771 888 1373 1735 405 2835 2614 2013 1324 1964 1828 2820 2749 1803 127 1059 342 551 2811 317 17 1338 573 2486 2255 2412 147 991 262 1348 1358 1276 1355 1349 1264 1350 1202
000131.jpg,70 2510 1753 2777 2561 2772 1125 2077 2478 431 2818 951 1252 2015 1834 1839 18 2 2663 1035 2757 1759 1842 601 315 1390 2622 1557 1165 191 2302 2685 1980 2702 2315 2161 277 767 1938 1747 2496 1443 1833 2686 889 1255 2408 1237 1236 1265 1235 1239 1266 2409 1267 1233 1232 1268 1269 2400 1263 1944 2157 1254 2404 1256 1251 1257 1250 1249 2405 2401 1247 1245 1942 1259 1244 1243 1943 1241 1260 1246 1231 1052 2410 1199 1198 1197 2156 1195 1194 1192 2420 2421 1189 1188 1200 2422 1185 1184
000132.jpg,2766 2183 2825 447 1056 1439 2051 725 2728 1825 2207 2719 2294 1944 2842 692 2736 1055 2511 1134 1547 246 116 1126 790 2292 2319 442 1962 1931 2526 2220 1606 204 67 2583 2558 2057 2291 574 2089 2068 2665 722 1212 2135 1986 899 137 2741 939 165 627 1463 1874 494 1477 1223 2435 1244 1198 1943 1949 1239 2408 1237 1236 1235 1243 1241 2405 1246 2400 1263 2401 2157 1260 1259 1942 1257 1256 1245 1255 2404 1179 1252 1251 1250 1180 1249 2423 1247 1254 2409 1230 1233 1194 2414 1214 1213
000133.jpg,99 1145 612 2098 1047 2747 461 2420 2318 477 208 595 2636 1872 823 453 2163 1510 401 1200 72 2009 2642 666 2446 2537 599 2587 1682 1479 760 1976 1628 2055 141 1023 399 1160 731 2469 2126 1717 2655 694 1784 380 437 816 1233 981 1387 1621 144 2452 174 1415 796 2691 320 1676 164 2722 172 1911 2074 1599 73 908 897 2512 2362 2775 1155 1688 1241 460 2577 156 1255 1213 2156 1254 1199 1198 1214 2404 1942 1252 1251 1197 1259 1256 1257 1945 1260 1188 1267 1189 1266 1265
000134.jpg,2301 1475 999 484 2059 2429 1662 1929 2806 1730 2687 1568 726 1039 53 295 452 2407 1008 2765 89 52 1275 1378 1011 2285 1022 467 840 2634 389 758 786 2236 290 1635 1715 390 780 1843 655 430 108 314 1050 216 534 806 418 1481 1465 2244 363 1024 1967 2398 753 1037 2053 1124 478 936 331 241 2142 2821 346 2470 2565 1438 628 1220 402 1918 220 1140 1262 1875 1503 2531 2232 2465 2505 131 471 495 268 788 1692 125 2715 1612 456 1281 1912 344 1240 2062 2693 455
000135.jpg,627 67 2583 2509 202 1810 1012 1406 249 1075 2121 2350 1001 1052 1236 1237 2408 1944 1241 1943 1239 1235 1231 1233 1232 1230 2410 1228 1227 1226 1225 1224 1223 2409 1243 1246 1245 1940 1269 1268 1267 1266 1265 2400 1263 2401 2157 1260 1259 1942 1257 1256 1255 1254 2404 1252 1251 1250 1249 2405 1247 1222 1244 1221 1217 1219 1188 2422 1186 1185 1184 1183 2423 1949 1180 1179 1178 1189 1177 1175 1174 1173 2425 1171 1170 1169 2426 2427 1166 1165 1176 2421 2420 1192 1946 1271 2413 2414 1214 1213
000136.jpg,2342 1736 755 2450 2071 1321 2156 1098 1709 2750 1790 1933 2096 1638 2645 1052 2201 2432 935 2218 222 1436 1504 2355 850 1806 836 897 1305 2512 2362 2691 1911 796 1044 2537 2642 461 1976 477 2452 1621 2823 2446 666 599 908 1267 399 2074 380 823 1599 73 1254 1252 1255 1251 1250 2404 2495 1249 1247 1246 1245 1244 1243 1943 1241 1944 1239 2408 1237 2405 1256 1259 1942 1280 2393 2394 1277 2395 1937 1938 1272 1271 1940 1269 954 1268 1266 1265 2400 1263 2401 2157 1260 1236 1257 1235
000137.jpg,1069 2758 1341 1607 1530 2094 1078 160 472 166 2266 1421 127 226 2595 147 577 1828 2835 405 1811 1167 1355 2738 1803 1060 2614 1964 2013 1324 2820 2710 2444 1509 1862 867 1278 2189 1059 551 342 2481 1939 2175 1524 203 1629 2104 273 1242 2524 2431 991 1807 1295 2749 638 2619 30 810 1445 1258 1270 2338 1735 814 385 1539 2226 665 1294 2468 90 2385 262 888 741 2811 2255 2771 1373 641 1112 352 1349 17 2100 573 2648 600 2797 687 2271 787 71 2517 2709 2473 1863 2616
000138.jpg,582 546 1221 1697 285 2643 1865 1702 759 1260 6 807 1083 2167 2268 181 620 732 468 1570 1797 459 922 1188 1456 298 1891 411 1284 448 669 2168 829 2816 1723 37 1380 973 1285 956 1882 475 2261 661 1227 476 2194 1015 1761 1318 2278 2807 1536 636 2346 1916 42 2476 2425 1858 1763 229 1090 2313 1603 750 1541 1153 334 820 122 2666 650 2161 2359 1231 1230 2410 1361 1228 2165 1226 1225 1224 1223 1222 1363 1364 1945 1219 1946 1217 1232 1233 2409 1235 1251 1250 1249 2405
000139.jpg,1346 2542 2129 540 617 832 1535 2242 1561 291 1197 1161 1847 1513 1795 1773 1631 1019 2022 63 1298 1785 1228 499 895 1590 93 2016 310 1693 2149 2656 2827 1087 1257 1971 751 949 1343 2737 2112 940 1434 898 2409 1928 1166 2785 1743 2441 983 714 853 783 1483 1685 182 1712 1672 1836 2437 2190 1093 2238 2504 328 407 766 1106 1786 1914 1999 2324 2493 2247 1004 1558 376 1333 1103 44 95 198 2497 75 2111 1856 1898 2281 1180 2000 2288 1900 1559 364 2040 1818 76 1357 564
000140.jpg,403 1159 2455 1815 352 2063 837 1009 2484 264 2844 2797 1925 1982 2215 1539 1025 2833 1619 2189 2139 879 1349 2092 1735 667 2403 299 2269 1549 2576 2371 2460 2541 428 1366 577 687 2175 600 1622 317 1520 2727 2399 1814 741 2776 867 2412 2811 2255 1863 913 2226 307 472 641 262 2385 2486 1060 1338 573 17 846 1571 1816 1480 226 2548 2607 2633 2363 1660 557 1373 888 2771 127 2731 1122 1589 90 891 267 1238 1291 1862 2431 1278 2100 642 234 1572 1101 991 2710 1 2709
000141.jpg,2479 849 1532 2557 2819 458 1708 2365 152 2552 2500 1896 313 2716 2191 28 1704 1376 2228 2181 2689 523 2250 2674 1339 705 238 847 2099 505 1563 2370 734 175 587 81 2742 972 2681 330 2534 120 1741 1335 1827 2119 2592 504 354 2052 2283 2193 2177 1917 1873 92 602 1111 633 1680 696 1332 2322 1297 2527 772 1746 1956 532 671 2028 740 2237 503 533 2265 1010 771 261 2814 2199 2789 711 1314 1955 507 1852 1117 1543 2306 872 1273 1274 331 1026 2285 344 1755 2280 1262
000142.jpg,1056 2294 1944 1055 2766 2207 2728 725 204 2558 447 2825 2842 1606 1825 116 1212 899 2135 2741 137 1463 2736 2719 1986 2511 1134 1547 246 1935 2041 165 722 2068 2665 692 1126 442 2319 2292 790 1962 97 1243 1244 1943 1239 2408 1237 1236 1235 2409 1233 1241 1052 1246 1268 1267 1266 1265 2400 1263 2401 2157 1260 1259 1942 1257 1256 1255 1254 2404 1252 1251 1250 1249 1247 1245 2405 1222 1231 1200 1199 1198 1197 2156 1195 1194 1192 2420 2421 1189 2417 1188 1186 1185 1184 1183 2423 1949
000143.jpg,1993 2767 1422 1617 712 2631 550 1552 1045 179 2050 2130 2840 2836 1663 134 2837 440 735 169 1782 1328 1444 1486 900 2707 1437 947 1649 1679 463 1623 1381 1658 1544 1261 1218 2439 2419 2088 260 1208 1840 2241 563 559 925 2649 2454 480 1369 2826 518 1051 1307 674 1701 1489 1983 2133 445 2011 319 1253 645 2076 2652 659 906 1054 2352 1092 2574 1710 1417 860 2544 1148 1878 1468 978 2397 2832 987 312 1349 1258 1350 1242 1355 1234 1229 1215 1358 1238 1264 1348 1316 1276 1345
000144.jpg,569 2090 1268 988 193 121 571 340 536 13 901 427 2415 1272 640 2210 2520 680 2217 1793 332 1256 1588 1132 1754 1949 1038 2421 1041 1699 1886 1065 1189 370 2047 56 2032 1430 1553 500 2267 323 1431 2568 1499 743 2671 2380 2423 865 36 2117 1236 1492 733 2108 432 2333 1521 932 1049 839 2078 429 142 1890 1337 1910 2083 1252 2404 1254 1192 2420 1249 1250 2405 1247 1246 1194 1195 1245 1251 1255 1217 2422 1183 1267 1266 1265 2400 1263 1184 1188 1185 1186 2157 1260 1259 1942
000145.jpg,2491 2328 1179 639 1977 1579 1651 841 945 2682 9 1578 1920 1063 2647 2252 515 1770 748 114 1769 952 1354 919 2042 887 1470 1531 1791 2778 1851 1657 928 2729 2379 916 763 982 998 930 227 2310 2225 2065 1368 1583 2792 1667 1585 819 2097 1528 2575 1239 1367 1566 118 517 1211 567 808 2488 923 528 2349 512 2723 2459 311 875 1210 2793 7 2304 975 151 2559 1271 2618 2658 566 1154 25 579 492 1209 513 2026 2416 1944 2157 1246 1942 2408 1257 2401 1263 1241 1943 1254
000146.jpg,2352 2272 194 1496 2815 1636 1316 2556 1965 2628 1586 497 992 2046 1051 1897 1362 2713 1860 1261 1218 201 2433 1840 2241 1416 1096 1948 2376 1901 1453 1490 1658 2439 1381 1782 518 663 1752 950 965 2309 2367 1544 2069 2538 2631 231 2553 1054 1649 2650 173 1775 1584 440 735 2836 1489 860 1417 1788 2767 2837 1623 1341 1328 1348 1349 1345 1350 1338 1294 1320 1191 1193 1196 1201 1202 1208 1215 1229 1234 1238 1242 1324 1253 1264 1270 1276 1278 1279 1291 1292 1295 1307 1313 1319 1258 1355
000147.jpg,133 493 1375 1947 2004 548 570 746 2327 2229 689 2374 57 210 280 2174 756 1575 2125 422 1765 2184 2838 1358 1792 1580 1724 2418 1392 1758 793 2672 1034 1234 2461 2330 976 1196 1930 1861 294 2456 1664 859 797 366 1665 2186 421 2541 1859 2548 1279 588 2123 1551 1072 77 1030 1276 2039 1887 704 1081 1497 583 228 1776 2659 1043 2356 1350 2332 2590 720 801 885 263 857 1457 2694 798 687 2662 1542 2739 1877 656 1587 1589 1338 1584 1360 1355 1345 1349 1586 1341 1348 1294
000148.jpg,547 2082 2270 556 1386 1319 635 987 1405 188 2300 1926 2832 312 611 85 221 943 1407 1278 817 1934 2411 1102 2790 2044 2501 2528 1624 1644 2817 1656 1146 1202 950 2367 626 2389 59 1545 4 1752 1799 1737 2556 283 2477 1617 550 1422 2670 1270 1276 2801 1279 1291 1292 1294 1295 1307 1313 1316 2800 1320 1324 1328 1338 1341 1345 1348 1349 1350 1355 1358 1360 1362 1366 1369 1264 1373 1261 1253 1101 2820 1112 1122 1123 1129 2815 1148 1151 1158 1159 1167 1172 1181 1190 1191 1193 1196
000149.jpg,2045 2023 1584 2755 747 258 1 1362 1360 1358 1355 1350 1348 1345 1341 1338 1328 1349 1366 1375 1373 1377 1381 1386 1388 1392 1405 1407 1409 1411 1414 1416 1417 1421 1369 1324 1316 1319 1167 1172 1181 1190 1191 1193 1196 1201 1202 1208 1215 1218 1229 1234 1320 1238 1253 1258 1261 1264 1270 1276 1278 1279 1291 1292 1294 1295 1307 1313 1242 1428 1437 1159 1572 1575 1576 1580 1586 1587 1589 1607 1615 1617 1618 1619 1622 1623 1624 1627 1629 1630 1636 1640 1644 1649 1652 1653 1656 1658 1660 1663
000150.jpg,2171 2043 2810 2346 1916 650 2666 2816 475 1723 1891 411 807 1188 1697 922 1456 1260 2643 285 1541 820 1603 1702 1284 468 1221 759 37 6 2268 2167 2841 1605 750 334 181 732 620 2768 420 1397 2387 1083 1139 298 1570 582 2502 2152 1153 1761 1797 546 148 122 1865 953 829 1090 1763 2313 1858 229 2168 669 2425 2476 1227 476 2261 459 1232 1471 1866 2230 1288 1953 2348 1487 1363 214 1703 335 2591 909 1602 2216 1610 1006 1884 1308 443 586 1082 980 2118 1198 1247 2421
000151.jpg,340 571 901 1793 2090 569 2217 2415 427 1236 2267 2380 193 121 988 743 1499 1553 1430 2423 1256 2568 1886 1699 36 2117 1065 332 13 500 680 865 1431 370 1189 2047 2032 56 640 1272 2520 2210 323 1399 964 2038 1754 1949 1041 2421 1038 933 358 1952 2221 2120 2828 1070 2602 672 2808 1668 2031 1266 1374 1492 2333 1268 733 866 2671 377 1249 802 2640 2798 2539 2629 2428 729 1429 1329 2839 1764 2570 2795 2335 142 2078 2578 828 1198 1199 1200 1255 1228 2417 1252 2416 1251
000152.jpg,2171 2043 2810 2346 1916 2666 650 2816 475 1723 1891 411 807 1188 1697 1260 922 1456 1541 820 1603 2643 285 1702 468 750 334 1221 6 759 1284 37 2841 298 1570 1605 2387 2167 2268 620 732 181 582 420 2768 1397 1153 1083 1139 1761 829 546 2152 2502 669 2168 1797 148 953 229 2313 1858 1090 2118 1082 980 1763 1308 586 1006 122 1884 443 1865 1610 1241 1943 1244 1243 1239 1944 1251 1246 1265 2400 1263 2401 2157 1259 1942 1257 1245 1256 1254 2404 1252 2408 1250 1249 2405
000153.jpg,127 2466 2372 2215 472 969 2710 1698 2223 1994 913 1939 2481 1060 1540 2340 1618 892 2338 1409 2253 1095 147 2595 577 2455 1159 46 1572 234 195 961 403 1349 1815 352 2834 2635 1270 1112 1258 2189 1009 837 2158 1520 307 2399 2727 2175 349 264 1278 2811 2255 223 1615 2412 867 1862 795 2138 1025 1630 1294 1446 665 2616 1694 1360 2484 2063 1607 2758 1341 1069 2339 1215 2517 1167 1355 1509 1803 1811 1411 2584 1 2473 2709 2226 600 17 1338 573 2619 2403 638 810 2844 846
000154.jpg,1798 962 572 2323 1334 2787 1230 2644 395 1306 1951 1361 1451 485 1175 1427 658 727 589 2540 529 101 436 215 737 251 2277 1389 2504 364 1559 2114 2546 646 1394 2040 1900 2381 1115 545 304 2178 2113 341 2066 1213 1898 2238 766 328 2054 407 1106 803 293 374 2000 1801 2579 2759 2242 989 1300 1683 1883 1093 581 789 1353 483 1590 898 2784 1137 1207 2072 614 714 1928 1166 2409 895 93 29 2533 1149 2320 1257 1786 1971 240 2656 1693 2149 1197 853 2172 286 2673 1533
000155.jpg,2749 2740 154 342 551 1059 2468 2444 203 1524 1629 472 1803 1509 795 1811 1355 1167 2595 2710 127 147 2189 1278 1440 718 958 2619 2517 1215 143 697 2529 577 810 2271 71 30 638 1445 787 2399 1 2727 1520 2513 414 2138 2781 2648 386 1514 991 2175 2709 641 2771 1373 1863 1324 2820 2013 1862 1060 741 273 2524 2104 1242 1295 1807 262 888 2385 1341 1069 1607 2758 2473 2226 1539 2246 1735 1025 814 385 1549 2185 1129 2298 2801 1684 2616 1939 1294 1270 665 2481 1258 1360
000156.jpg,883 416 1946 2394 105 288 2609 2613 1778 2843 1325 2400 1237 1236 1235 2409 1233 1267 1232 1231 1230 2410 1228 1268 1227 1226 1225 1269 1224 1940 1223 1222 2408 1239 1944 1241 1263 2401 2157 1260 1266 1259 1942 1257 1256 1255 1254 2404 1252 1251 1250 1249 2405 1247 1246 1245 1221 1243 1943 1265 1244 1052 1219 1188 2422 1186 1185 1184 1183 2423 1949 1180 1179 1178 1177 1176 1175 1174 1173 2425 1171 1170 1169 2426 2427 1166 1165 2428 1189 1945 2421 1192 1271 1217 2413 2414 1214 1213 1212 1211
000157.jpg,2542 617 540 1346 2129 1561 2242 832 1535 1161 1847 1513 1773 1795 2022 63 1019 1228 1785 291 499 2016 310 2827 2656 1693 2149 1743 983 2441 1197 1298 783 949 1343 2737 1631 2112 940 2190 95 182 1712 1685 2785 1333 2111 1856 1434 1672 1836 2437 1999 1103 895 93 1590 60 751 954 132 1176 695 1004 1304 198 2497 75 766 328 407 2238 1093 2504 824 596 2547 1914 1483 44 576 1749 1898 1760 2759 2579 1683 374 789 1257 1106 1971 1786 16 1593 376 1469 149 683 2180
000158.jpg,924 2567 2751 1171 22 1214 1288 1703 1363 2216 2109 2502 2152 1365 785 1371 214 1953 1866 2348 1471 1605 909 1661 2060 189 1032 84 2222 1139 2841 1487 953 2162 2726 20 167 1744 183 1602 454 1889 592 1904 997 2507 2823 744 2153 1632 609 957 2404 2058 1727 834 2555 1277 106 1927 96 1749 1217 333 309 1766 959 621 2464 1488 2521 510 2179 594 1738 2141 420 1397 2768 2457 844 509 419 2554 894 1064 398 1084 236 2760 45 2608 2503 2182 941 244 1696 2115 1616 2056
000159.jpg,204 1606 116 899 137 2741 1212 2135 2842 2766 1463 2558 1547 1134 2511 246 2825 1935 447 97 722 2665 2068 1986 2041 1056 1055 2736 1067 2294 1944 79 2719 1825 692 2728 725 2207 1962 2319 2292 790 442 2305 350 1126 165 1940 2037 1771 1677 1892 2625 1998 1088 1239 1237 2408 1943 1243 1235 1241 1236 1263 1245 2401 2157 1260 1259 1942 1257 1256 1255 1244 1254 1252 1251 1250 2400 1249 2405 1247 1246 2404 1052 1225 1233 1203 2416 2417 1200 1199 1198 1197 2156 1195 1194 1192 1204 2420
000160.jpg,2548 687 2662 2844 2797 267 1291 1238 741 2403 2189 891 2371 1278 2139 1159 2063 2455 837 1009 2833 299 2092 2269 1814 1589 1122 2731 2484 1815 667 403 1982 1925 1539 264 90 352 428 1375 1863 600 2255 2811 2412 317 1338 1619 2576 1735 2175 1549 1622 2709 879 17 573 577 746 1509 2541 472 1034 2418 1392 280 2461 1580 2327 1295 1807 1373 641 2771 888 846 493 570 2004 226 2229 127 1524 203 2444 1629 793 2174 2215 2486 1060 1349 1571 133 1030 1276 57 689 991 1234
000161.jpg,1305 1052 2512 897 2071 222 2218 1436 1504 1933 1790 755 1736 2450 2342 2362 935 2096 2750 2355 850 1911 1638 836 2691 1806 2645 1709 2156 1321 1098 2201 2432 796 1044 2642 2537 2446 666 599 1387 2318 1200 1479 1621 2452 320 1682 1976 461 477 908 2587 595 1717 208 1510 2655 2415 1178 1246 1179 1245 1244 1180 1243 1943 1241 1949 1944 1239 2423 1183 1184 1185 1186 2408 1247 2405 1249 1250 2425 2401 1173 1174 1175 2157 1260 1259 1237 1176 1257 1256 1255 1254 2404 1252 1177 1251 1942
000162.jpg,1338 317 573 17 600 1622 2412 846 2486 2811 2255 2648 2100 1571 795 642 90 2063 352 307 1101 2403 349 2484 891 1238 267 1291 2399 1520 2727 1060 1862 264 2709 1159 1 685 2372 2455 2189 2466 913 2338 2844 577 1349 2223 1698 1095 2215 1694 127 1112 403 2481 1939 234 1572 837 1009 2584 1411 665 1446 1294 195 1360 1270 1258 2158 1278 2185 1409 1994 2253 2834 2226 2616 2298 1129 741 2797 1630 1815 1684 405 2835 1828 1540 1618 2340 969 2635 223 1615 147 2595 1629 1524
000163.jpg,2263 2623 1525 43 2572 2562 2442 1280 2188 2678 971 1596 2498 1084 1726 2720 387 644 2688 1802 1199 2141 1108 2386 1880 1371 785 2448 1283 275 1365 2503 398 270 84 1198 1205 2303 2116 1458 941 1536 636 2807 1318 2048 1768 2761 117 851 40 1960 592 2791 815 1987 2494 1979 2278 42 2030 907 474 543 2725 1659 2476 38 115 2425 300 762 396 2627 481 2571 327 2705 104 106 1927 2060 2677 96 1449 1632 281 189 1032 1922 2203 1591 1641 306 265 1502 423 1687 1232 1080
000164.jpg,687 1215 2662 1735 1295 1807 991 2771 641 2517 1863 888 1373 1509 262 2189 1278 741 2385 2801 588 1497 583 1081 2797 127 1803 273 1242 2104 2524 2541 203 1524 2444 1629 1862 41 2208 414 2431 879 1811 1355 1167 428 2776 2548 1264 2231 1652 1539 2371 1549 147 2139 1619 912 1765 2184 2619 667 557 2363 1925 1982 1349 2709 2460 548 352 1366 1816 1480 1060 2468 1291 267 1238 891 1129 2403 2710 1025 697 472 2595 577 2185 2298 1069 1341 2758 1607 867 2844 1947 46 1540 2340
000165.jpg,2457 509 5 1515 844 1889 957 2464 2725 2404 609 2128 1766 2448 744 244 1616 1696 2115 1426 1637 1061 466 163 388 306 498 375 1326 473 23 661 2168 1556 2351 425 2124 2366 2014 2562 476 2261 669 1227 829 2194 42 2720 851 592 1960 40 520 19 232 1945 2169 2508 2278 2567 2751 1214 1171 22 2442 1596 43 448 2425 1591 2726 1744 2162 1761 2222 1661 2109 644 1318 2807 636 1536 1880 1802 2188 387 2498 2760 2182 45 183 2608 582 1083 1230 1365 1231 2409 2410 1235
000166.jpg,1798 1334 2323 962 2277 2579 2249 761 1394 572 2787 2066 2178 304 2113 1213 545 529 1801 1353 1685 1333 954 2054 2546 1115 589 727 658 1019 374 2759 1389 1306 1951 1175 485 581 2656 149 2149 2022 1693 1712 182 395 1883 2644 1300 803 1590 93 895 898 63 1760 251 1361 2114 1683 2784 483 1230 2409 1558 1928 714 1087 1166 2540 1427 2381 1257 2404 1232 1233 1259 1256 1255 1254 1942 1235 1236 1943 1237 1251 2408 1250 1249 1239 1944 2405 1247 1245 1244 1243 1241 1252 1246 1052
000167.jpg,883 416 1946 2609 2613 288 2843 1871 257 2394 105 1800 1778 1731 1645 1138 742 1325 1255 1260 1231 1230 2157 2401 2410 1263 1228 1227 2400 1226 1265 1225 1266 1224 1223 1222 1267 1221 1945 1219 1232 1254 1233 1235 2404 1252 1251 1256 1250 1249 1257 2405 1247 1246 1245 1244 1942 1243 1259 1241 1944 1239 2408 1237 1236 2409 1943 1052 2413 2422 1186 1185 1184 1183 2423 1949 1180 1179 1178 1177 1188 1176 1174 1173 2425 1171 1170 1169 2426 2427 1166 1165 2428 1175 1217 1189 2420 2414 1268 1214
000168.jpg,312 2832 987 1146 188 635 1934 1319 611 2411 2501 2044 2528 1644 1624 85 2817 1656 1405 2790 1102 1926 817 1407 556 1386 2082 2270 547 943 2300 221 1202 1278 1617 550 1422 2717 2811 1279 1291 1292 1294 1295 1307 1313 1316 2801 1320 1324 1328 1338 1341 1345 1348 1349 1350 1355 1358 1360 1362 1366 1369 1373 1375 1276 1270 1264 1261 2826 1112 1122 1123 1129 2820 1148 1151 1158 1159 1167 1172 1181 1377 1190 1193 1196 1201 2815 1208 1215 1218 1229 1234 1238 1242 1253 1258 1191 1381 2800
000169.jpg,2049 530 1604 631 1301 2282 2093 607 1567 1518 1290 2596 1017 446 2064 1237 1396 1105 2796 2140 1058 1981 921 813 355 243 1554 1879 871 451 1370 394 2257 2696 984 662 1909 1613 1742 2392 1906 2357 1978 908 1673 1002 1614 2660 1331 337 1119 2262 2085 542 276 2361 1621 54 710 2782 660 1739 2664 966 1495 2458 1853 2259 360 1384 1893 50 1508 1565 791 2803 1287 320 144 1676 1000 2369 1942 1254 1257 1256 2498 1259 1255 2483 1252 2499 1251 1250 1249 2405 1247 971 2404 2497
000170.jpg,2491 2328 1179 1977 1651 2682 841 1063 1579 639 9 1578 945 2252 1920 2647 748 2042 1531 1470 887 1769 952 1770 1354 919 114 515 227 916 998 1791 1583 517 2778 1657 928 2729 2379 2310 1851 763 982 2225 2065 118 930 2792 567 2097 1528 1585 1667 819 808 2575 1970 1854 2711 778 382 2361 1368 1367 1239 1566 512 2723 1211 875 311 2349 923 1210 1212 1246 1245 1186 1244 1243 1943 1241 2422 1944 1188 2408 1189 2421 1237 2420 1185 1247 1184 2405 1180 1949 1260 1259 1942 1257
000171.jpg,1353 1883 2784 240 483 1300 1801 1593 789 2277 529 1394 545 989 251 101 341 304 2113 2178 1898 2066 1213 2000 1559 1106 395 2644 1798 2504 1427 2540 1719 1804 967 803 2381 1334 2323 2759 2579 374 1115 1230 761 2249 2546 436 215 364 737 646 407 328 2238 2054 766 1093 1451 581 926 2288 1180 564 76 1818 2114 1900 2040 1389 962 2787 572 485 1306 1175 1951 2408 1942 1237 1259 1260 2157 2405 1944 1249 1247 1250 1251 1252 2404 1246 1239 1245 1255 1244 1256 1257 1243 1943
000172.jpg,645 2011 1649 2767 2837 445 712 1679 2836 2050 2130 1045 1444 1782 1663 1054 440 735 1552 169 947 1422 1617 1328 1623 1029 179 1658 1381 2707 550 134 1544 2241 1840 2439 2840 1261 1218 1253 319 1993 2628 2631 1051 2735 518 663 965 194 2352 155 562 51 1640 305 259 2544 2287 433 2375 197 925 480 2454 1369 2649 497 1362 992 2046 1897 1586 463 900 1486 1437 1421 1432 1377 1375 626 623 1388 1392 1405 1373 1407 1428 1409 1411 1414 1416 1417 1386 756 1360 635 1276 1278
000173.jpg,1961 2316 200 618 2017 1021 533 653 2693 1273 2698 771 1274 1127 2773 1917 2164 2794 449 2091 239 33 1500 1781 1011 2343 858 1598 799 561 1282 296 408 356 2531 1780 1356 1248 2311 113 495 1941 290 2279 1303 1829 1262 455 1568 2232 822 2137 2099 330 1435 679 625 525 838 2283 2552 1022 1335 1332 2244 705 2280 1991 2557 1746 261 1327 252 344 2285 711 2237 649 241 1692 245 654 354 1704 655 1756 1755 2634 1339 2632 1024 346 1026 331 1297 268 1715 1972 999 1010
000174.jpg,183 621 2141 84 959 1987 815 481 941 1108 270 1283 2152 2502 1371 1365 171 1768 2048 2761 785 1605 45 2182 2608 2760 2522 2056 236 1064 1927 106 506 565 1286 1844 1953 1560 2188 1251 1364 43 2841 1139 2060 1032 189 2401 2612 96 398 2503 2562 2705 2567 2498 396 2627 214 2348 909 1866 1802 1632 971 2831 2197 454 2751 2688 2153 2442 1084 1661 2768 420 1397 592 148 1525 2623 2263 1171 22 1214 1596 387 2720 953 38 115 1880 229 1960 851 40 1602 1738 1891 609
000175.jpg,1096 1416 1948 1897 1362 2721 1569 715 2815 2272 1584 194 1051 1261 2352 2556 2713 1496 1965 1860 1316 1636 1796 1218 635 987 2046 497 1586 992 155 2628 100 48 2545 2034 1291 1229 1215 1358 1208 1202 1360 1201 1196 1366 1355 1369 1375 1377 1381 1193 1191 1190 1386 1181 1388 1373 1350 1349 1348 1294 1295 1279 1307 1392 1278 1276 1270 1264 1319 1258 1320 1253 1324 1242 1238 1328 1338 1341 1345 1234 1292 1313 1 1407 1544 1545 1549 1551 1552 1564 1571 1572 1575 1576 1580 1587 1589 1542
000176.jpg,2550 1507 2019 107 2604 2414 2754 1177 1669 1104 1646 339 863 830 1450 393 2136 1244 1732 1678 2275 603 1073 1620 1691 575 2518 1120 1147 1482 2823 2641 2080 584 1016 2395 397 2176 55 728 2383 1194 1523 441 845 2695 1209 1250 1949 2423 1183 1184 1249 2405 1247 1246 1185 1245 1186 1243 1943 1241 1944 1239 1251 1204 1252 1203 1265 2400 1173 1263 2401 1174 1175 2157 1176 1260 1259 1178 1942 1257 1256 1179 1180 1255 1254 2404 2422 1188 2408 1224 1223 1222 1198 1221 1945 1219 1199 1946
000177.jpg,1087 63 93 895 1590 1137 614 1019 1257 1971 898 1197 1207 2072 714 1166 1928 2409 1558 2022 1786 853 1333 1346 2542 617 1801 1593 1093 803 2277 2129 374 2324 2247 2493 1298 1631 1898 1847 1161 1795 1513 1773 407 1113 1535 832 2224 1434 2242 1561 2323 1334 1300 240 483 789 2759 2579 426 1597 1343 1785 949 1228 2737 783 954 540 1106 499 2016 2112 940 1712 182 1685 1538 2699 2489 1846 341 2238 328 766 529 2644 646 395 291 581 634 310 2149 1693 2656 1683 1091 1996
000178.jpg,2843 257 1871 1138 1731 2613 1645 1800 2609 2516 288 1894 742 1419 1527 535 2377 301 392 1007 1526 1707 2341 253 2331 519 1992 406 1779 1385 2145 1325 2763 773 821 1068 1455 937 1442 730 1466 338 709 186 2219 1079 410 112 811 336 1498 1495 1969 2102 1511 248 1133 94 648 2458 320 966 1241 2401 2157 1233 1260 1259 2409 1942 1257 1235 1256 1255 1254 1943 2404 1251 1236 1250 1237 1249 2408 2405 1239 1944 1247 1245 1244 1243 1252 1246 1223 1231 2416 2417 1200 1199 1198 1197
000179.jpg,967 1719 1804 2296 2235 792 91 499 1091 1996 777 2784 1593 240 2024 230 2430 2143 1093 407 1883 739 789 483 1180 2281 564 926 1818 2242 426 1689 24 2238 328 766 2495 2288 754 2756 2021 1231 1353 634 1597 2504 1898 1346 2542 617 39 2129 1300 1357 1149 1533 2320 2533 286 2172 293 1728 2673 29 76 1801 1197 832 1535 2787 374 2579 1683 2759 1561 1087 218 1363 1219 2410 1945 1228 1364 1225 1226 1222 1224 1230 1365 1223 2357 1221 1227 2165 2162 1232 2405 2360 1247 1246
000180.jpg,1144 1113 40 1960 851 1232 543 907 474 2571 592 1298 398 2503 104 423 2263 1641 2678 1084 1371 1183 2359 1591 2386 2245 2623 1525 2494 1458 117 1979 2572 1726 2726 167 20 1744 1661 2162 1434 1462 205 1280 1423 2116 946 454 1922 1205 1198 2303 275 265 1659 327 1184 2573 1080 23 1139 214 2348 1602 1866 1953 1137 614 594 1346 1768 1108 2141 2761 1283 2048 270 1199 84 2422 2408 1237 1236 1235 2409 1188 1233 1368 1383 1189 1231 1230 2410 1228 1227 1226 1239 1186 1944 2166
000181.jpg,761 2249 2317 1057 1449 1469 1447 16 44 376 1483 2054 1361 291 1631 1749 1672 1535 832 1425 1559 1451 1183 104 646 1914 834 2555 1727 2000 2540 2258 1841 362 350 2785 474 2579 954 1685 1333 1106 658 589 727 1798 1836 2437 2359 2695 1523 845 441 1044 2305 2058 1277 1353 2129 2787 293 2383 2080 395 529 2644 373 1427 1620 2275 1678 603 1732 1259 1247 1942 2408 2405 1257 1239 1256 1246 1245 1944 1241 1943 1255 2423 1243 1254 2404 1249 1250 1252 1244 1251 1949 1226 1236 1209
000182.jpg,1353 1883 2784 240 483 1801 1300 1593 789 529 2277 1394 545 989 251 2644 395 101 341 304 2113 2178 1898 2066 1213 2000 1559 1106 1798 2504 1427 2540 967 1719 1804 803 2381 1334 2323 2759 2579 374 1115 1230 761 2249 2546 436 215 364 737 646 407 328 2238 2054 766 1093 1451 581 926 2288 1180 564 76 1818 2114 1900 2040 1389 962 2787 572 485 1306 1175 1951 2408 1942 1237 1259 1260 2157 2405 1944 1249 1247 1250 1251 1252 2404 1246 1239 1245 1255 1244 1256 1257 1243 1943
000183.jpg,802 1492 429 142 555 2078 1890 2333 2029 1888 868 1553 1430 1886 1699 2117 1256 2267 1236 1562 2668 554 2423 866 432 2380 743 1431 176 2743 1393 1033 1132 1588 1418 1686 886 417 597 2108 36 680 979 2786 2227 878 332 1268 681 571 340 1053 536 2384 2451 21 1065 289 2415 901 427 733 62 2217 193 121 988 1499 1398 361 569 2090 2568 199 1793 893 302 78 292 500 1041 2421 1754 1038 1949 1246 1245 1247 2405 1244 1249 1250 1251 1213 2156 1267 1266 1265 1189 2400
000184.jpg,79 1067 2305 722 2068 2665 1547 2511 1134 246 2842 350 1463 97 1935 204 116 2041 1606 899 2135 692 2825 2292 1126 2741 137 1212 2766 2736 447 442 2719 2319 1986 362 1841 2258 790 1962 1425 2558 1056 1677 1771 2625 2037 1892 1998 1944 1055 2294 1130 2506 1250 2404 1254 1239 2408 1267 1942 1241 1255 1236 1256 1235 1237 1252 1265 1249 1259 1251 1260 2405 2157 1247 1266 2401 1245 1263 2400 1244 1243 1943 1257 1246 1225 1233 2416 2417 1200 1199 1198 1197 2156 1195 1194 1192 2420 2421
000185.jpg,2843 257 2516 1871 1138 1645 1731 2613 2609 338 730 1466 288 1800 1325 1526 1707 2377 1527 535 742 1511 1442 1969 1894 406 1779 1385 1007 2145 253 301 1419 2341 392 2219 709 186 1079 2549 811 1516 410 1231 1226 2409 1233 1227 1228 2410 1235 1232 1230 1052 1237 2401 2157 1260 1259 1942 1257 1256 1255 1254 2404 1252 1236 1251 1249 2405 1247 1246 1245 1244 1943 1241 1944 1239 2408 1250 1243 1945 1224 2156 1195 1194 1192 2420 2421 1189 1188 2422 1186 1185 1184 1183 2423 1949 1180 1179
000186.jpg,627 67 2583 2509 202 1810 1012 1406 249 2121 2350 1001 1075 1052 1236 1237 2408 1944 1241 1943 1239 1235 1231 1233 1232 1230 2410 1228 1227 1226 1225 1224 1223 2409 1243 1246 1245 1940 1269 1268 1267 1266 1265 2400 1263 2401 2157 1260 1259 1942 1257 1256 1255 1254 2404 1252 1251 1250 1249 2405 1247 1222 1244 1221 1217 1219 1188 2422 1186 1185 1184 1183 2423 1949 1180 1179 1178 1189 1177 1175 1174 1173 2425 1171 1170 1169 2426 2427 1166 1165 1176 2421 2420 1192 1946 1271 2413 2414 1214 1213
000187.jpg,2265 1955 1314 1543 2306 890 2789 872 1117 316 1010 1003 2105 2199 2237 740 649 1135 1885 2527 507 1182 2799 1873 367 1332 1823 1991 771 1650 2610 2597 1099 963 1441 1327 2212 2177 162 602 2052 2822 235 92 2681 2814 2764 2592 1111 968 1164 2193 261 2343 699 1109 552 2594 877 1156 2773 1774 2144 68 2322 553 533 972 1376 1917 120 1680 633 354 2191 670 1302 1852 2370 561 2742 2119 1974 2812 2689 1273 2698 1746 2479 849 503 705 2770 1461 1532 2228 2557 2365 81 2250
000188.jpg,2792 118 1583 998 567 808 382 2711 1854 778 2065 1970 517 952 1769 1791 919 515 2361 1354 2793 7 975 2778 114 227 1770 923 2304 9 1271 930 928 2729 1657 2379 748 1851 2252 1579 1210 875 311 982 763 2349 1531 887 1470 2042 2647 639 841 1063 2682 151 1211 916 2310 2416 1578 945 2658 2097 1528 1209 513 2618 2559 2328 1179 2491 2225 1977 1920 25 492 2026 566 512 528 1651 2723 579 1154 1233 1943 1942 1241 1944 1239 1231 1259 2408 2166 1236 1235 2409 1232 1237
000189.jpg,1761 829 669 2168 2706 1153 882 1757 2150 986 123 1255 476 2261 1227 1541 1603 820 448 750 334 2194 661 807 1260 411 1697 2387 2268 2167 1188 922 690 1380 1456 459 759 582 372 468 2449 1671 8 1221 285 2643 1267 946 650 2666 1916 475 2346 1387 1682 229 546 37 1865 1284 1723 1702 1537 1080 1477 1083 2313 1858 586 1308 443 1082 1763 1090 1006 1570 298 6 2278 42 2720 2562 636 1318 2807 1536 629 1560 956 1882 23 205 2442 2425 1285 1015 973 2318 2420 1479
000190.jpg,1663 947 1444 1328 2767 169 1649 2836 2837 712 1045 1782 2050 2130 1381 1658 179 1623 2707 1679 1422 1617 440 735 1544 1054 1552 2439 2241 1840 550 1993 445 645 1218 2011 1261 2631 1029 134 2840 2628 319 1253 1051 965 663 518 194 2352 2735 1489 155 51 562 305 1640 2649 925 1369 463 1701 1710 860 1417 1788 1870 900 1486 1437 480 2454 2538 1324 1358 1278 1276 1360 1362 1279 1366 1270 1234 1264 1258 1242 1238 1229 1355 1350 1349 1291 1292 1348 1294 1345 1295 1307 1341 1208
000191.jpg,2034 2545 1796 2433 1569 715 2721 1584 48 100 2376 2309 305 1640 562 51 439 155 64 201 2023 2713 1860 1490 1901 1453 2045 2755 1948 1416 1096 497 1897 992 1586 1362 2046 747 1636 2272 1496 2815 1316 2556 1965 26 2454 2769 1369 1 1345 1348 1349 1350 1355 1358 1360 1366 1373 1341 1338 1307 1324 1181 1190 1191 1193 1196 1201 1202 1208 1215 1218 1229 1234 1238 1242 1253 1258 1261 1264 1270 1276 1278 1279 1291 1292 1294 1295 1313 1319 1320 1328 1375 1421 1381 1539 1540 1542 1544
000192.jpg,1539 299 352 2269 2576 2092 1549 2833 2175 2844 2776 2139 2371 428 2797 741 1619 667 1925 1982 2226 1814 879 2455 837 1009 2403 2063 1122 1589 2731 1815 403 2484 264 1159 2189 1349 577 262 2385 226 888 1735 1366 557 2363 1863 1816 1480 2460 1373 2771 273 2524 2104 1242 267 891 1238 1291 90 1025 2399 1520 2727 147 641 2709 1 2710 991 307 2541 2595 913 1807 1295 573 17 867 600 1660 2633 2607 234 1572 687 2431 1509 2215 317 2100 1571 2412 1338 1622 1078 1530 2094
000193.jpg,2554 419 894 2153 1632 96 2060 189 1032 106 1927 22 1171 1214 2109 2567 2751 481 2612 2401 1277 1727 834 2555 2058 1217 333 856 309 1365 20 167 1744 1661 2222 2162 2726 815 1987 744 2160 1315 1336 1013 454 2627 396 2571 592 1364 2831 171 1251 941 785 1749 1139 2841 2464 609 1889 2404 1766 957 2141 84 1371 621 2705 42 2425 1844 959 565 1286 506 2502 1602 214 1953 2348 1866 2116 2079 1108 1283 2409 1233 1232 1231 1230 2410 1368 2166 1370 1227 1226 1225 1224 1223
000194.jpg,1125 1753 2777 2772 2077 2478 2561 70 1035 2510 2015 1252 951 2818 1834 2161 315 1839 1759 2757 2663 2 18 2302 1165 191 2622 1390 1557 601 1842 431 767 277 1177 1247 1178 1246 1245 1244 1179 1243 1943 1944 2405 1239 2408 1237 1236 1235 1180 2409 1233 1241 1249 1188 1949 1268 1267 1266 1265 1171 2400 1263 2401 2157 1260 1250 1259 1257 2425 1256 1255 1173 1254 2404 1174 1175 1176 1942 1251 1231 1232 1186 1209 2415 1207 1206 1205 1204 1203 2416 2417 1200 1199 1198 1197 2156 1195 1194
000195.jpg,2495 76 1180 926 1818 564 230 1357 2281 39 2288 1091 1786 1996 777 2699 1538 2489 1846 2224 2324 2493 1971 1257 2247 1106 751 989 739 853 1197 2409 1166 1928 2542 1226 1225 1228 1233 1232 1231 1230 2410 1235 1227 1052 1237 1265 2400 1263 2401 2157 1260 1259 1942 1256 1255 1254 2404 1252 1251 1250 1249 2405 1247 1246 1245 1244 1243 1943 1224 1944 1239 2408 1236 1241 1946 1222 2420 2421 1189 1188 2422 1186 1185 1184 1183 2423 1949 1192 1179 1177 1176 1175 1174 1173 2425 1171 1170 1169
000196.jpg,79 1067 722 2068 2665 2305 246 1134 1547 2511 2842 350 1463 97 1935 204 116 2041 1606 2135 899 2292 692 2719 2825 2766 2319 447 2736 1126 137 2741 1212 442 790 1986 1841 362 2258 1962 1056 1425 1243 2409 1245 1943 1241 1236 1944 1237 1246 1239 2408 1244 1235 1269 2405 1268 1267 1266 1265 2400 1263 2401 2157 1260 1247 1259 1257 1256 1255 1254 2404 1252 1940 1250 1249 1942 1251 1052 1232 2417 1200 1199 1198 1197 2156 1195 1194 1192 2420 2421 2416 1189 2422 1186 1185 1184 1183 2423
000197.jpg,645 2011 1679 1054 445 1623 2707 1328 1444 1029 1649 947 1663 1552 169 2837 134 2840 319 1253 2767 1045 2130 2050 712 440 735 1544 1422 1617 2836 179 2439 1782 2735 1658 1381 1840 2241 1261 1993 550 2544 259 1218 2287 433 197 2375 1417 1788 860 1489 1051 2628 194 1279 1295 1292 1278 1294 1276 1270 1291 2710 1313 1319 1320 1324 2800 1338 1341 1345 1348 1349 1350 1355 1358 1307 1316 1258 2801 1112 1122 1123 1129 1146 1148 1151 1158 1159 1167 1172 1181 1264 1190 1193 1196 1201 1202
000198.jpg,2810 2346 1916 2171 2043 2816 650 2666 475 1723 1891 411 1188 807 1456 922 1697 1260 2643 1284 820 1603 1541 285 37 468 1221 759 1702 1761 1153 750 334 298 1570 546 2167 2268 2841 1605 582 6 122 829 1865 2387 420 1397 2768 181 620 732 1139 2502 2152 669 2168 1858 2313 229 148 953 1763 1090 1083 459 2261 1227 476 1285 1015 973 1797 2706 214 1866 1602 1953 2348 980 1884 2118 1610 1380 335 2216 2230 1487 1471 1363 1703 1232 2591 1288 909 1308 1082 443 1006 586
000199.jpg,2061 721 1972 1921 2402 1647 27 1395 1756 1317 1829 805 1648 2406 1755 1187 1472 799 2698 1273 1140 1011 1568 1967 1303 1050 314 1715 390 1635 2279 782 1018 2632 1612 1918 1216 1124 2053 726 1506 2236 1024 138 2232 1037 2343 1475 2693 331 200 2773 2017 2316 618 1021 858 1168 412 1299 2765 1262 999 2715 1598 643 1692 2611 430 655 1008 2407 484 216 2429 1662 2531 252 1127 1780 225 1924 504 455 31 326 580 561 2059 806 534 402 1438 471 363 936 2467 1143 1293 159
000200.jpg,2540 646 251 1427 803 2381 989 1300 2040 1900 2546 1115 364 101 1230 341 529 1389 1951 1306 215 436 737 1451 2277 1883 1361 1175 485 2644 395 1798 572 374 2787 589 658 727 962 1334 2323 1559 1213 2066 2504 1394 304 2178 2113 2759 2579 2114 1106 2054 545 483 1801 1898 2000 789 1207 2072 581 1683 293 1137 614 240 1353 1257 1971 2784 714 1558 1087 898 1093 1786 328 2238 407 766 2242 1593 93 1166 895 1928 2409 1180 2288 926 564 1818 76 1197 1590 739 218 853
000201.jpg,2011 645 1679 1054 445 1623 2707 1444 1328 947 1649 1029 1663 169 2837 1552 134 2050 2130 1045 2767 712 2840 440 735 179 1253 319 2836 1544 1617 1422 1782 2439 1658 1381 2735 2241 1840 1261 550 1218 1993 2628 194 1051 259 2287 2544 197 2375 433 1489 1417 1788 860 965 518 663 1270 1276 1355 1350 1278 1279 1291 1292 1324 1320 1349 1295 1348 1307 1313 1345 1341 1338 2800 1316 1319 1294 2709 1258 2801 1122 1123 1129 1146 1148 1151 1158 1159 1167 1172 1181 1190 1191 1193 1196 1201
000202.jpg,2749 2468 1629 203 1524 2740 154 795 2444 1059 342 551 1509 1803 1167 1355 1811 2595 472 2710 2189 127 2648 1278 1862 577 414 2138 2513 2781 147 1060 741 1101 641 1373 2771 991 1324 2820 2013 2473 1863 2399 1520 2727 90 1238 267 1291 891 1807 1295 17 352 1571 573 2063 600 2709 888 1 1341 1069 1607 2758 668 2654 180 2403 317 1159 2100 2811 2486 2412 846 2255 1338 1622 642 511 537 2339 2213 262 2385 1735 1440 718 2175 1539 2226 2273 2524 2104 273 1242 403 2215
000203.jpg,1697 2268 2167 807 2643 1260 759 1702 922 285 411 546 1456 1188 468 1865 620 181 732 1221 582 459 37 6 1797 1284 1083 1763 1090 448 2816 1380 122 2171 1891 2043 2476 2425 298 1570 1308 586 443 1082 1227 2261 650 2666 669 229 1858 2313 1761 829 2168 1006 476 2194 1285 2810 1723 1916 2346 661 973 636 2807 1536 2278 1318 1153 1884 980 2118 42 2706 475 1199 1610 1015 205 2688 387 2498 1596 644 2720 820 1541 750 1603 334 690 946 1267 2387 2188 1239 1244 1243
000204.jpg,1096 1416 1948 1897 1362 2721 1569 715 2815 2272 1636 1316 1860 2556 2713 1496 1965 194 1051 1261 1796 1584 992 2046 1586 497 1218 2352 987 155 635 2628 48 100 2545 2034 1291 1229 1215 1358 1208 1202 1360 1201 1196 1366 1355 1369 1375 1377 1381 1193 1191 1190 1386 1181 1388 1373 1350 1349 1348 1294 1295 1279 1307 1392 1278 1276 1270 1264 1319 1258 1320 1253 1324 1242 1238 1328 1338 1341 1345 1234 1292 1313 1 1407 1544 1545 1549 1551 1552 1564 1571 1572 1575 1576 1580 1587 1589 1542
000205.jpg,2376 2545 2034 2433 2309 1796 1901 1453 1490 2721 715 1569 201 100 48 305 51 562 1640 64 155 1584 2713 1860 439 2023 2650 1123 2513 1878 1096 1416 1948 1341 1345 1386 1338 1369 1348 1373 1350 1355 1377 1358 1328 1360 1375 1362 1366 1381 1349 1316 1320 1181 1190 1191 1193 1196 1201 1202 1208 1215 1218 1229 1234 1238 1242 1324 1253 1261 1264 1270 1276 1278 1279 1291 1292 1294 1295 1307 1313 1388 1319 1258 1392 1428 1407 1545 1549 1551 1552 1564 1571 1572 1575 1576 1580 1586 1587 1589
000206.jpg,1761 1153 829 1227 2261 476 669 454 2194 2168 2823 661 1603 334 1541 750 820 167 20 2387 2222 807 1260 448 2162 2726 1744 1188 1661 1456 759 922 592 2677 281 2627 396 411 629 468 2313 1858 229 1284 122 1865 285 2109 2502 2152 1605 851 40 1960 2751 2643 1449 2706 1199 1726 2476 1221 2567 1802 1880 1171 22 1214 1702 6 2573 582 1083 37 23 1232 2571 2816 1891 2346 1916 475 1723 1697 650 2666 546 115 38 1080 543 474 907 1537 2841 1139 1987 481 815 1682
000207.jpg,546 582 2643 1702 285 1221 759 6 1083 1260 181 620 732 1697 807 1797 468 1570 1865 2268 2167 922 411 1456 1188 298 1536 1318 2807 636 2278 2476 2425 1891 1227 2261 669 2168 42 2194 829 1723 2816 476 1285 973 475 661 229 1858 2313 1761 37 956 1882 1199 1284 1153 2346 1916 2666 650 387 2688 1596 2498 644 2720 1015 448 459 1090 1763 1380 1603 334 820 1541 750 2043 2810 2171 2188 122 1241 1231 1230 1249 1250 1251 2410 2405 1228 1252 1226 1225 2404 1224 1223 1363
000208.jpg,1631 1801 1561 1593 1087 291 832 1535 93 895 1590 617 2784 240 898 483 789 1197 1166 2409 1928 714 1300 1558 1719 1804 1971 1257 1353 63 376 2296 2235 91 792 2072 1207 853 2129 1469 1883 1447 2277 1137 614 1483 1346 540 465 739 1019 2324 2493 2247 44 967 2542 1597 1093 407 634 16 1898 576 1846 2489 2699 1538 1333 2022 2238 328 766 777 1996 1091 374 529 2323 1334 426 1786 24 2579 2759 2317 499 683 2180 1838 47 395 2644 341 803 2224 101 2504 2430 2143
000209.jpg,1555 2224 2101 853 1725 368 598 2499 444 531 1462 608 274 1088 508 994 864 526 743 2183 1439 2051 2380 1236 2037 2625 2359 901 2568 2415 427 423 2423 1677 1892 1771 2267 1256 1998 1591 2217 1793 2117 1699 1886 802 1553 1430 1477 1492 1210 2405 1179 1247 1246 1180 1949 1245 1244 1249 1243 1241 1183 1944 1239 2408 1237 1184 1235 1943 2409 1178 1251 1265 2400 1173 1174 1263 2401 2157 1260 1250 1259 1942 1257 1176 1177 1255 1254 2404 1252 1175 1233 1185 1232 2156 1197 1198 1199 2413
000210.jpg,1656 2817 2790 1102 1934 2528 2411 2044 2501 1644 1624 1407 817 188 611 1926 85 221 2832 312 1319 2300 943 987 1405 635 556 1386 2270 547 2082 2545 2034 1796 51 562 305 1640 1146 155 1202 439 715 2433 1569 2721 1584 2023 64 2309 2376 201 2713 1860 100 48 2367 1752 2556 950 1617 550 1422 2633 1258 1261 1264 1270 1276 1278 1279 1291 1292 1294 1295 1307 1253 1313 2797 1320 1324 1328 1338 1341 1345 1348 1349 1350 1355 1358 1316 1242 1238 1234 1092 1095 1096 1101 2811 1112
000211.jpg,1929 2806 1730 295 2687 1275 1843 2765 1024 726 2301 2407 1008 1011 1037 1715 1635 390 2236 1475 999 1262 1967 220 2059 2232 1568 1039 2565 467 108 1124 2053 430 655 2715 484 2531 1050 314 1662 2429 753 2398 89 2285 1378 1022 455 1612 1140 331 1875 452 131 495 268 1240 788 2693 799 1813 1918 2142 840 758 389 241 2634 1829 2821 346 52 2406 1648 628 1220 53 138 501 324 1503 1923 456 125 418 1481 1912 1932 1281 2062 139 209 838 2690 2343 1273 2698 216 391
000212.jpg,2457 509 5 1515 844 1889 957 2464 2725 2404 609 2128 1766 2448 744 244 1616 1696 2115 1426 1637 1061 466 163 388 306 498 375 1326 473 23 661 2168 1556 2351 425 2124 2366 2014 2562 476 2261 669 1227 829 2194 42 2720 851 592 1960 40 520 19 232 1945 2169 2508 2278 2567 2751 1214 1171 22 2442 1596 43 448 2425 1591 2726 1744 2162 1761 2222 1661 2109 644 1318 2807 636 1536 1880 1802 2188 387 2498 2760 2182 45 183 2608 582 1083 1230 1365 1231 2409 2410 1235
000213.jpg,2548 687 2662 267 1291 1238 1375 1580 280 2418 891 746 90 2844 493 570 2004 1034 2461 1392 2174 793 2327 2229 2797 1338 133 2403 2541 689 57 1234 2189 741 1278 1025 1792 210 1724 1575 1859 2456 1861 2709 1930 600 17 573 2412 2811 2255 2125 2838 1276 1030 2374 1349 2455 1009 837 2063 2399 1520 913 307 2727 1072 1622 317 2648 846 472 2186 1665 1758 1366 1816 1480 667 2371 1215 697 1589 2731 1122 1814 1664 1358 294 421 2330 422 2771 641 1295 1373 1807 888 2139 2776
000214.jpg,455 1262 1612 1506 2232 1024 1918 1140 1216 138 1924 113 344 216 252 1568 391 726 1011 2565 331 430 655 402 936 363 2137 822 1875 471 1438 643 2611 2467 1141 2402 1921 1647 478 1048 1829 268 1299 1168 1435 1395 1756 1598 679 625 1972 2061 721 2531 1843 1124 2236 2053 131 418 1481 1303 1755 780 2470 1692 2070 1472 2698 858 1127 1780 1465 2244 806 534 1248 2311 1505 1662 1317 53 628 1220 2690 2407 1008 2301 2398 753 2821 346 2429 2505 2465 1037 786 52 2765 799
000215.jpg,2263 2623 1525 43 2572 2562 2442 1280 2188 2678 971 1596 2498 1084 1726 2720 387 644 2688 1802 1199 2141 1108 2386 1880 1371 785 2448 1283 275 1365 2503 398 270 84 1198 1205 2303 2116 1458 941 1536 636 2807 1318 2048 1768 2761 117 851 40 1960 592 2791 815 1987 2494 1979 2278 42 2030 907 474 543 2725 1659 2476 38 115 2425 300 762 396 2627 481 2571 327 2705 104 106 1927 2060 2677 96 1449 1632 281 189 1032 1922 2203 1591 1641 306 265 1502 423 1687 1232 1080
000216.jpg,702 848 1830 931 1114 835 768 1767 1107 1908 284 1310 2624 1845 1235 903 65 126 2388 1254 1512 2471 103 297 990 2601 502 1340 522 2276 578 688 1821 1720 1608 1323 1975 2667 684 250 1413 1391 1186 2314 1239 1052 1237 1236 2409 1944 1233 1232 1231 1230 2408 1241 1251 1243 2400 1263 2401 2157 1260 1259 1942 1257 1256 1943 1255 1252 2410 1250 1249 2405 1247 1246 1245 1244 2404 1228 1217 1226 1197 2156 1195 1194 1192 2420 2421 1189 1188 2422 1185 1184 1183 2423 1949 1180 1179 1178
000217.jpg,1175 485 589 727 658 1306 1951 1597 426 24 2024 1689 2787 634 1334 2323 2430 2143 293 1389 962 1798 714 1558 898 572 853 895 93 1166 2409 1928 646 2546 1115 2756 2320 2533 1149 1590 1361 2540 1451 304 2178 2113 2066 1213 754 1231 2021 2072 1207 29 1087 2224 1559 1197 1533 1427 739 614 1137 1728 2054 1265 2638 757 2172 2673 286 1394 251 218 1106 2000 1230 803 967 2277 545 2579 529 581 1683 2114 2644 395 1719 1804 76 1801 2149 1693 2656 1478 184 374 2759 989
000218.jpg,1067 79 2305 722 2068 2665 350 246 1134 1547 2511 2842 204 116 1463 97 1935 2041 1606 2292 692 2135 899 2741 137 1212 2825 2766 442 2719 2319 2736 447 1126 790 1986 1841 362 2258 1962 1056 1425 1244 2408 1241 1943 1245 1236 1944 1235 1246 2409 1239 1237 1243 1269 2405 1268 1267 1266 1265 2400 1263 2401 2157 1260 1247 1259 1257 1256 1255 1254 2404 1252 1940 1250 1249 1942 1251 1052 1232 2417 1200 1199 1198 1197 2156 1195 1194 1192 2420 2421 2416 1189 2422 1186 1185 1184 1183 2423
000219.jpg,991 1735 2771 641 1863 1373 888 1807 1295 262 2385 687 1509 2776 2797 2371 1803 879 667 428 741 2431 1619 1982 1925 1549 2662 1215 2189 2104 2524 273 1242 1278 147 2139 1524 1629 203 2444 2517 127 1811 1167 1355 2460 2576 1862 226 1814 267 1238 1291 891 1497 588 583 1081 2403 2595 577 2844 2363 557 2548 2833 299 1539 2801 2541 2092 2269 1366 2710 2468 90 2208 41 1264 1652 2231 1060 2709 1025 414 867 912 2619 2175 1765 2184 2633 1660 2607 1480 1816 352 472 385 814
000220.jpg,515 639 1579 9 945 841 1578 1179 2328 2491 2682 1977 1920 1063 1651 2647 748 2792 887 1531 1470 2252 114 952 1769 919 1354 1770 2042 1791 2778 2379 1851 819 1585 1667 2575 118 998 763 982 1583 2065 916 928 1657 2729 227 1528 2097 567 930 517 1154 808 2310 1367 1566 1239 1368 2723 512 2304 923 2459 2488 2225 975 1211 778 1854 382 2711 2026 566 492 579 1209 1232 1365 1342 1230 1233 1228 1227 1226 1225 2357 1231 2410 2408 1235 2404 1252 1251 1250 1249 2405 1247 1246
000221.jpg,183 2152 2502 621 1605 1365 84 2141 1987 815 785 941 481 1371 270 1108 1283 959 171 2048 2761 1768 1953 1139 2841 214 1866 2348 45 2567 2608 2760 2182 909 2751 1397 2768 420 2056 2522 396 2627 454 1927 106 43 2188 1602 1214 1171 22 236 1286 1844 506 565 1661 2503 398 148 2562 2498 924 1032 2060 189 1802 1064 2109 971 1632 96 1738 592 2688 1560 2222 2153 1891 2442 1449 2677 281 953 594 2179 2521 510 2726 2162 1744 167 20 1084 2263 2623 1525 1596 387 1251
000222.jpg,577 147 2595 1539 879 2175 352 687 1366 991 2460 1619 1607 2758 1341 1069 226 1480 1816 1807 1295 1549 273 2104 2524 1242 1811 1167 1355 1803 741 557 2363 1530 1078 2094 160 2710 1735 888 1509 2797 2385 262 1863 2771 2576 1373 641 1925 1982 2403 2607 1660 2633 2662 1215 2226 2371 127 2444 2189 299 1862 667 2844 2266 1421 867 2619 1814 2092 2139 2776 2431 2709 166 1278 1349 2269 810 2517 2833 428 30 588 583 1497 1081 2548 90 2541 697 1060 1524 203 1629 2271 386 1025
000223.jpg,1087 614 1137 63 93 895 1019 1590 1971 1257 1207 2072 898 1197 1558 2409 1928 1166 714 2022 1786 853 1333 1346 2542 617 803 2277 2129 374 2493 2324 2247 1106 1801 1298 1773 1513 1795 1847 1161 1113 407 1093 1898 1593 2224 832 1535 341 1561 2242 2323 1334 1300 240 483 789 2759 2579 1597 426 1434 949 1343 954 540 1228 1785 2737 783 989 499 2016 940 2112 1685 182 1712 1538 1846 2489 2699 2238 328 766 2000 2040 364 1357 1559 1900 39 395 529 646 2644 2281 2288 291
000224.jpg,536 1588 1132 1268 1431 2117 36 988 193 121 733 2078 2090 569 1492 142 866 1065 571 1886 1699 429 1890 1499 1256 901 2568 1793 680 2333 2384 2451 21 1430 1553 500 332 340 2839 1329 2335 2217 427 2415 1236 2267 432 1239 2408 1263 1237 1235 2409 2400 1265 1233 1232 1231 1230 1266 2410 2401 2157 1942 1944 1247 1249 1250 1251 1246 1228 1252 2404 1254 1255 1244 1243 1943 1241 1257 2405 1259 1260 1245 1052 1226 1197 2156 1195 1194 1192 2420 2421 1189 1188 2422 1186 1185 1184 1183
000225.jpg,352 2412 1338 2255 2811 317 1622 2403 867 2063 17 573 600 1060 1571 1349 846 577 2486 2484 2100 642 2648 90 264 1159 2455 2189 2844 1101 307 1862 2727 1520 2399 913 1009 837 891 741 403 2797 1238 267 1291 1815 2215 1572 234 349 1 685 2709 127 1539 961 1735 2138 1278 2833 2269 299 2175 2758 1069 1607 1341 2576 472 2226 1540 2340 1618 2213 1549 2139 428 2092 147 1509 2371 1803 795 2595 2338 2444 1982 1925 2776 203 1524 1629 1619 667 2473 2104 1242 2524 273 2339
000226.jpg,1213 2066 2113 304 2178 545 1394 2546 1115 1389 727 589 658 485 1175 1353 1951 1306 1883 1798 989 2784 1559 1451 341 251 2000 1106 2787 803 1019 1361 2381 572 529 2579 2644 395 1300 789 483 962 646 2277 1801 293 1334 2323 240 1230 1683 374 2759 581 2054 1427 2114 2540 2022 1333 63 1093 1898 2040 101 215 737 1900 436 2504 1593 364 2401 1237 2408 1241 1944 1239 2157 1260 1251 1256 1259 1250 1249 2405 1252 2404 1254 1943 1255 1246 1245 1257 1244 1243 1942 1247 1052 1222
000227.jpg,2263 1525 2623 2572 43 2678 2188 1280 2562 1726 2442 971 1199 1084 2498 1596 2141 2386 1802 2688 2720 387 1108 1371 785 644 2448 1283 1880 1365 275 2503 398 270 84 1987 815 636 1318 2807 1536 1458 941 2116 1205 1198 2303 2278 42 2761 2048 1768 117 40 851 592 1960 2476 115 38 2494 1979 2425 762 300 396 481 2627 2705 543 474 104 907 1659 2791 2725 96 1632 189 106 2060 281 1927 1032 1449 2677 2168 661 1797 957 1889 2404 609 1064 1560 236 2522 2056 2831 565
000228.jpg,2408 707 213 2354 1849 520 2566 1269 232 424 19 1945 1867 1722 2249 761 1448 1529 2390 2615 135 558 2295 184 2413 2744 1733 1798 1334 2323 1478 1265 2277 119 80 1296 1383 1801 529 1353 962 2579 2638 2644 395 1883 1685 1333 954 1300 572 2787 2317 2784 483 1230 2759 374 803 2546 1389 1115 1427 2540 251 1306 1951 1175 485 1326 1231 1367 1368 2410 2166 1228 1227 1226 1225 1224 1223 1370 1222 1371 1221 1372 1219 1946 1217 1232 1233 2409 1235 1359 2405 2359 1361 2165 1247 1246
000229.jpg,70 1125 2777 1753 2077 2772 2478 2561 2510 2015 1252 1834 951 2818 431 1035 18 2757 1759 2663 2 1839 315 1842 2161 601 1557 1390 2622 191 1165 2302 277 767 2702 2315 2685 1980 1200 1180 1949 1250 1249 2423 1183 2405 1247 1246 1179 1245 1243 1184 1943 1241 1944 1239 2408 1185 1237 1244 1251 1178 2404 1269 1268 1173 1267 1266 1265 1174 2400 1263 2401 2157 1260 1259 1942 1175 1257 1176 1177 1256 1255 1254 1236 1199 1235 2409 1217 2413 2414 2156 1214 1197 1213 1212 1211 1946 1210 2415
000230.jpg,2376 2545 2034 2433 2309 1796 1901 1453 1490 2721 715 1569 201 100 48 305 51 562 1640 64 155 1584 2713 1860 439 2023 2650 1123 2513 1878 1096 1416 1948 1341 1345 1386 1338 1369 1348 1373 1350 1355 1377 1358 1328 1360 1375 1362 1366 1381 1349 1316 1320 1181 1190 1191 1193 1196 1201 1202 1208 1215 1218 1229 1234 1238 1242 1324 1253 1261 1264 1270 1276 1278 1279 1291 1292 1294 1295 1307 1313 1388 1319 1258 1392 1428 1407 1545 1549 1551 1552 1564 1571 1572 1575 1576 1580 1586 1587 1589
000231.jpg,2045 1584 2023 2755 747 258 1 1362 1360 1358 1355 1350 1348 1345 1341 1338 1328 1349 1366 1375 1373 1377 1381 1386 1388 1392 1405 1407 1409 1411 1414 1416 1417 1421 1369 1324 1316 1319 1167 1172 1181 1190 1191 1193 1196 1201 1202 1208 1215 1218 1229 1234 1320 1238 1253 1258 1261 1264 1270 1276 1278 1279 1291 1292 1294 1295 1307 1313 1242 1428 1437 1159 1572 1575 1576 1580 1586 1587 1589 1607 1615 1617 1618 1619 1622 1623 1624 1627 1629 1630 1636 1640 1644 1649 1652 1653 1656 1658 1660 1663
000232.jpg,454 20 2222 167 2162 2726 1744 1570 1697 1865 1363 1703 1288 2216 690 592 2706 1080 2268 2167 2573 1661 1891 1113 1456 1284 1537 298 1960 851 40 23 459 1205 1198 2303 1659 122 1882 956 2791 448 117 582 546 1726 2476 1199 115 38 1995 1880 1188 922 285 1221 2118 980 1884 327 2030 1979 1401 2661 400 827 1232 2109 275 2507 1904 997 1184 6 973 229 468 1858 1285 1015 2313 1610 2494 924 2572 2678 2425 42 1687 629 1380 1371 1084 2841 1139 411 37 2152 2502 1605
000233.jpg,515 2792 1579 9 639 945 1578 841 1179 2491 2328 1920 2647 1977 118 2682 1651 887 748 1470 1531 998 1583 1063 952 1769 567 114 1354 919 1791 808 819 1585 2575 1667 2065 1770 2042 2252 2361 2379 1851 2778 982 763 2304 923 778 2711 1854 382 1154 517 1970 2459 975 2097 1239 1368 1566 1367 2488 2310 928 1657 2729 916 2723 492 579 566 1528 512 7 2793 1271 227 1211 2225 930 1209 2026 1779 1227 1226 1225 1224 1223 1222 1221 1945 1219 1946 2413 1228 2414 1214 1213 1212
000234.jpg,1353 1883 2784 483 240 1801 1300 789 1593 529 2277 1394 545 989 1798 251 2249 761 341 304 2178 2113 1898 1213 2066 1559 1106 2000 395 2644 1427 2540 803 2381 101 2323 1334 2759 374 2579 1115 1449 44 1057 2317 16 1230 2546 215 436 737 364 646 2238 766 328 2054 407 1093 2504 1447 1469 1804 967 1719 1451 581 1672 1483 564 2288 926 1818 76 1180 2114 2040 1900 1389 2787 962 572 1175 1306 485 1951 1244 1943 1243 1245 1194 1246 1247 2405 1195 2420 1250 2401 2157 1260
000235.jpg,2714 348 26 1870 925 2769 480 2649 2454 1369 2538 663 1788 197 518 2289 2375 433 1417 550 2631 2840 1710 2650 1895 769 860 1489 689 2838 57 422 2125 2330 2374 1341 1381 1358 1360 1345 1375 1373 1348 1349 1366 1338 1350 1355 1362 1377 1328 1294 1320 1234 1229 1218 1215 1208 1202 1238 1201 1193 1191 1190 1181 1172 1167 1196 1324 1242 1258 1319 1316 1313 1307 1295 1386 1253 1292 1279 1278 1276 1270 1264 1261 1291 1388 1421 1405 1544 1545 1549 1551 1552 1564 1569 1571 1572 1575 1576
000236.jpg,127 472 2710 1060 577 2595 147 2444 1278 1607 1341 2758 1069 1167 1811 1355 2189 1509 1803 2481 1939 2455 2175 403 1159 1629 203 1524 1815 1862 2517 1025 1112 1258 1270 2215 837 1009 1863 814 385 2619 867 2484 2063 991 741 2372 2466 1215 352 264 1373 641 2771 2844 1735 2524 1242 273 2104 2811 2255 2468 795 2431 1295 1807 1446 665 2616 1294 2403 810 638 888 1324 2820 2013 2801 969 1694 262 2385 2412 2749 2399 1520 2727 2226 30 1445 913 1059 551 342 1539 1630 1360 1349
000237.jpg,1882 956 2168 2425 42 448 669 829 476 1995 1880 38 115 661 1536 2807 636 2476 2278 1318 454 2222 20 167 2261 2194 1227 1761 1363 1703 2216 1288 229 1560 1153 2162 1744 2726 2573 1113 1797 1199 582 1221 546 419 2554 894 1632 2153 1108 1283 1235 2409 1233 1256 2410 1257 1255 1259 1231 1260 2157 1230 1232 1942 1252 1236 1247 1246 1245 1244 1243 1943 2405 1254 1241 1239 2408 1237 1249 1250 1251 2404 1944 1052 1946 1226 2156 1195 1194 1192 2420 2421 1189 1188 2422 1186 1185 1184
000238.jpg,1361 2054 1559 1451 2000 1106 646 589 658 727 2540 572 1230 2644 395 1798 2787 962 1951 1306 529 545 1427 2323 1334 1394 2277 1175 485 2066 1213 1389 251 293 2178 304 2113 737 215 436 101 1801 1900 2040 364 1115 2504 2381 614 1207 2072 1137 1883 2114 1898 2759 1786 1257 1971 2546 1300 761 2249 989 1357 1818 39 564 2288 926 2281 789 2238 407 328 766 2579 374 1683 581 341 1353 898 1087 1558 714 2022 63 1019 1333 2242 240 2784 483 1593 76 1180 895 1166 93
000239.jpg,1305 1052 2512 2071 1790 1933 897 2218 1504 222 1436 2096 850 2355 2362 935 2750 1911 2342 1736 755 2450 836 2645 2691 1098 2156 1321 1709 1638 2201 1806 2432 1044 796 2642 2537 599 666 2446 1621 2452 1200 2318 908 1387 1479 320 477 461 1976 1682 2420 1717 2587 2655 394 1906 1676 144 1119 1879 1002 984 2093 2126 2469 731 1160 595 208 1510 73 2074 399 823 1599 380 1230 2408 1368 1237 1183 1236 1235 2409 1186 1184 2357 1239 1233 1185 1232 1367 1231 1365 2423 2410 1254 2404
000240.jpg,967 1719 1804 2024 2143 2430 24 1689 426 634 1597 91 2296 2235 792 2756 754 293 2021 1149 2533 2320 1231 739 499 29 1265 2638 1728 2787 1883 1996 1091 777 2784 240 1593 757 2673 286 2172 1533 230 853 218 2409 1928 1166 483 789 1801 1353 2242 76 714 898 1558 2224 2540 184 1478 1197 1300 1087 895 93 1250 1235 1249 1233 1232 1236 1247 1251 1246 1245 1244 2405 1243 1254 1237 1241 2404 1944 1239 1252 1256 2408 1255 1943 1052 2410 2417 1200 1199 1198 2156 1195 1194 1192
000241.jpg,2051 1439 2183 2057 2291 574 1223 1874 647 2683 2639 494 2435 1899 146 686 2526 2220 1931 2089 974 1876 1473 1721 2809 12 939 677 1433 2704 2445 2436 329 2598 804 2438 1185 2248 2813 1477 682 2580 482 255 491 1592 2569 1677 1892 1771 2625 2037 1937 1777 657 2708 508 994 864 526 1998 2499 598 1330 217 608 274 1088 1452 1868 140 1408 2440 271 1942 2427 1944 2766 2294 1055 447 2825 2719 368 1462 423 1725 444 1241 1265 1943 1256 1243 1257 1255 1254 2404 1252 1259 1250
000242.jpg,1539 2175 1366 1816 1480 1215 1549 2662 687 2363 879 557 2709 2710 2226 352 583 1081 1497 588 2460 2541 2607 2633 1660 1619 2473 127 2269 299 577 2576 147 741 1373 1735 1807 2517 1863 2771 641 991 1295 685 2213 414 2801 1982 1925 2094 160 1530 1078 2844 888 2548 697 2619 2444 472 1060 2092 1349 2189 1278 1242 2524 273 2104 2833 2595 2776 2403 2797 2455 264 2484 1009 837 2063 2385 262 1509 667 2371 226 1814 616 1375 1264 1377 626 1381 613 1341 1261 1388 1392 1405 1407
000243.jpg,767 277 1938 1443 1833 2702 2686 889 1747 2496 2315 1980 2685 1989 1460 369 211 2532 1165 2302 191 2161 1753 1125 2777 2663 2 601 2818 1834 951 315 1413 1391 578 2314 18 2561 70 2510 2772 2077 1185 1251 2420 1250 1940 1175 1249 2405 1247 1246 1252 1245 1243 1943 1241 1192 1944 1239 2408 1176 1237 1244 1269 2404 1236 1186 1268 1267 1266 1265 2400 1263 2401 2157 1254 1260 2422 1942 1257 1188 1174 1256 1189 1255 2421 1259 2417 2409 1194 1217 1199 2413 2414 1214 1179 1213 1212 1200
000244.jpg,2352 194 1051 1261 1496 1636 1316 2272 2628 2815 1218 2556 1965 992 2046 1586 497 1897 1362 2241 1840 1860 2713 1948 1096 1416 2439 1658 1381 1782 1544 965 201 173 1775 2553 231 1752 950 518 663 2836 2433 1584 2367 860 1489 1417 2767 1054 1649 1253 168 2287 109 2735 319 161 769 2482 2069 2631 2538 440 735 1617 1422 550 1701 1788 2837 1623 1242 2790 1258 2783 1264 1270 1276 1278 1279 1291 1292 1294 1295 1307 1313 2781 1319 1320 1324 1328 1338 1341 1345 1348 1238 1234 1229 2797
000245.jpg,2843 257 2516 1871 1138 1645 1731 2613 2609 338 730 1466 288 1800 1325 1526 1707 2377 1527 535 742 1511 1442 1969 1894 406 1779 1385 1007 2145 253 301 1419 2341 392 2219 709 186 1079 2549 811 1516 410 1231 1226 2409 1233 1227 1228 2410 1235 1232 1230 1052 1237 2401 2157 1260 1259 1942 1257 1256 1255 1254 2404 1252 1236 1251 1249 2405 1247 1246 1245 1244 1943 1241 1944 1239 2408 1250 1243 1945 1224 2156 1195 1194 1192 2420 2421 1189 1188 2422 1186 1185 1184 1183 2423 1949 1180 1179
000246.jpg,1214 1171 22 2263 2751 2567 2109 1525 2623 1632 96 2386 2153 2678 1726 1365 2116 1032 2060 189 592 2141 419 894 2554 1927 106 785 2503 398 1458 2572 1199 1280 1084 333 1217 309 851 1960 40 1987 815 744 2442 2162 2726 167 1661 20 1744 2571 1336 1013 1108 2188 43 1315 1889 454 1371 2160 2079 2222 481 2612 2401 1251 1364 971 270 1283 609 2404 1766 2464 957 2502 396 2627 2761 2048 1768 1953 909 2348 1866 214 2152 2562 84 2197 924 300 762 861 856 1979 117 2494
000247.jpg,1346 2542 2129 540 832 1535 617 2242 1561 291 1197 1298 1513 1161 1847 1631 1019 2022 63 1773 1795 93 1590 895 1971 1257 751 1087 1228 1785 2737 1343 949 2112 940 1434 898 1166 1928 2409 1786 2016 499 1106 714 853 783 2149 2656 1693 310 230 76 2495 1999 2493 2247 2324 1004 1558 376 1483 1103 777 1091 1996 2827 198 75 2497 1712 182 1685 2504 2238 1093 766 328 407 1898 2040 2281 2000 39 1559 1357 926 364 1818 1180 1900 2288 564 1601 1451 1137 614 989 2785 1914
000248.jpg,79 1067 2305 350 722 2068 2665 1134 2511 1547 246 2842 204 116 97 1935 1463 1425 1606 2041 1962 692 2319 2292 442 1126 1212 1986 2135 899 137 2741 1252 1241 2400 1944 1239 2408 1237 1265 1236 1235 2409 1266 1267 1268 1233 1232 1231 1263 1943 1243 2401 1251 1254 1250 1249 1230 1255 2405 1256 1257 1942 1259 1260 1247 1246 2157 1245 1244 2404 2410 1222 1227 2156 1195 1194 1192 2420 2421 1189 1188 2422 1186 1185 1197 1184 2423 1949 1180 1179 1178 1177 1176 1175 1174 1173 2425 1183 1198
000249.jpg,1235 103 297 2624 1845 2471 990 502 2601 688 835 284 1908 126 1323 578 2276 768 1830 848 702 931 1767 1413 1114 1340 1391 684 250 1720 1608 1821 1512 1186 1975 1107 1310 2314 903 65 2388 1254 522 2667 1239 1052 1237 1236 2409 1944 1233 1232 1231 1230 2408 1241 1251 1243 2400 1263 2401 2157 1260 1259 1942 1257 1256 1943 1255 1252 2410 1250 1249 2405 1247 1246 1245 1244 2404 1228 1217 1226 1197 2156 1195 1194 1192 2420 2421 1189 1188 2422 1185 1184 1183 2423 1949 1180 1179 1178
000250.jpg,1419 301 2331 392 519 1992 2763 773 2341 253 1442 2102 1894 94 257 2377 1527 535 1969 1511 336 937 648 248 1133 1871 2394 105 11 1778 1498 1495 2145 406 1385 1779 1424 1455 1731 1138 1645 2843 1131 1243 1794 1040 1110 605 365 1007 320 966 2458 1309 538 1634 717 1231 1233 1235 2410 2409 1232 1227 1236 1228 1230 1244 2408 1374 2157 1260 1259 1942 1257 1256 1255 1254 2404 2354 1252 2353 1251 1250 1249 2405 1247 1246 1245 1922 1943 1241 1944 1239 1237 1226 1361 1224 1198 1197
000251.jpg,1843 2565 495 268 131 1941 290 1875 1500 33 1140 2285 2531 1612 1506 449 53 1024 1780 2142 241 1924 1127 653 452 1503 344 1216 225 1021 2232 1598 858 455 113 216 1011 1918 822 2137 391 138 2765 1262 1141 331 389 758 2634 840 1039 1274 2070 643 2611 2470 61 207 252 625 679 430 655 726 1124 2236 2053 1505 1781 1022 52 780 1356 2693 1299 1168 2311 1435 1248 1282 356 296 1037 408 89 799 1692 2244 1465 1568 2164 2091 239 525 418 1481 2025 192 2669 838
000252.jpg,1870 2714 26 348 2649 925 2769 480 2454 1369 2538 663 518 1788 197 1417 2289 433 2375 860 1489 1710 769 1895 2650 1701 2840 161 2482 550 173 2735 2138 179 463 659 2631 770 1320 1422 1617 2050 440 2130 735 305 1640 562 51 155 2374 2125 422 57 2330 689 2838 1029 645 2011 1045 1552 2836 712 1316 1319 1619 1618 1324 1328 1338 1234 1313 1345 1348 1349 1350 1355 1358 1201 1360 1362 1341 1202 1307 1622 1229 1242 1253 1258 1261 1218 1264 1270 1624 1276 1278 1279 1215 1291
000253.jpg,2539 2798 1429 2629 2428 729 1910 1337 2083 2640 828 2578 377 2210 2520 1949 13 640 1272 865 2671 2570 1764 358 2120 2031 1070 2221 2795 672 933 2828 2335 1329 2839 1754 2421 1038 1041 1668 2602 1374 2038 964 1249 1399 323 56 2032 2808 1952 1266 698 955 1049 1521 370 2047 1189 1588 1132 1268 1250 1269 1180 2405 1271 1246 1267 1940 1245 1244 1243 1943 1247 2423 1185 1259 2157 1183 2401 1184 1942 1263 1251 1257 1255 1254 2404 1252 1260 2400 1265 1256 1241 1232 1239 1212 1211 1210
000254.jpg,431 1839 2510 1035 70 2818 951 2561 2015 1252 2757 1759 1834 2772 2478 1753 2777 2077 315 2622 1390 1125 1557 601 1842 18 1747 2663 2 191 2302 1165 2496 1833 1443 1938 2686 889 277 767 1230 1232 2408 1236 1235 1231 1239 2409 1241 1944 1237 1233 1052 1243 1267 1266 1265 2400 1263 2401 2157 1260 1259 1942 1257 1256 1255 1254 2404 1251 1250 1249 2405 1247 1246 1245 1244 1943 2410 1221 1227 1197 2156 1195 1194 1192 2420 2421 1189 1188 2422 1186 1185 1184 1183 2423 1949 1180 1179 1178
000255.jpg,2550 1507 2019 107 2414 2604 2754 1177 1104 1669 2641 2823 575 1691 728 397 2176 55 1482 1194 584 2383 2080 2395 1016 441 1523 462 2733 1244 1732 830 2136 339 1646 863 393 1450 845 2695 1620 1678 2275 1073 603 1239 1263 1255 1237 1236 1235 2400 1265 2408 1944 1260 1241 1254 2404 1252 1256 1251 1257 1942 1250 1249 2405 1247 1259 1246 1245 1243 1943 2157 2401 2409 1052 1232 1200 1199 1198 1197 2156 1195 1192 2420 2421 1189 1188 2422 1186 1185 1184 1183 2423 1949 1180 1179 1178 1176
000256.jpg,2551 2284 2146 2018 764 1289 719 2008 2487 812 1534 2209 1351 35 2824 615 1577 190 1157 914 1493 1344 2603 153 928 1657 2729 1359 2585 723 1915 778 1970 206 343 1403 1245 1136 1745 1997 450 1204 539 2485 303 2582 1121 247 1772 930 998 1751 516 1254 1255 1256 1257 1232 1231 1230 1942 1259 2410 1260 2157 1228 1227 1233 2409 2404 1241 1943 1226 1944 1244 1239 1246 2408 1247 2405 1249 1250 1237 1236 1251 1252 1235 1243 2414 1224 2156 1195 1194 1192 2420 2421 1189 1188 2422 1186
000257.jpg,1365 2502 2152 785 2567 2751 22 1214 1171 1371 2109 1605 1953 84 2348 214 1866 1661 909 183 1139 1032 189 2060 2141 2841 924 941 959 454 1744 2162 2726 20 167 1987 815 2222 621 1927 106 1602 309 1217 333 1108 481 1632 96 2153 43 2188 45 270 1283 1889 744 592 2760 2608 2182 1084 971 2056 2522 1766 856 861 2048 2761 1768 609 2404 957 236 2768 420 1397 1471 2503 398 2263 1525 2623 419 894 2554 2464 1703 2216 1363 1288 2688 2116 1064 2457 844 509 2401 2612
000258.jpg,645 2011 445 1679 1054 1623 2707 1444 1328 1029 947 1649 1663 1552 169 134 2837 2840 1253 319 2767 1045 712 1544 2130 2050 1422 1617 2439 440 735 179 2836 2735 1782 1261 1993 1840 1381 1658 2241 1218 259 2287 2544 550 1417 1489 1788 860 2628 1051 194 2375 197 433 1279 1307 1276 1291 1292 1294 1270 1295 1264 1278 2676 1316 1319 1320 1324 2797 1338 1341 1345 1348 1349 1350 1355 1313 2800 2801 1358 1102 1112 1122 1123 1129 1146 1148 1151 1158 1159 1167 1172 1258 1181 1191 1193 1196
000259.jpg,2011 645 445 1679 1054 1623 1029 2707 1444 1328 947 1649 1663 134 169 1552 2840 2837 319 1253 1045 2767 2050 2130 712 440 735 1617 1422 179 1544 2439 2836 550 2241 1840 1993 2735 1782 1658 1381 2631 518 663 965 2628 2538 197 2375 433 925 1870 2649 1369 1261 1218 1148 1307 1313 1316 1319 1320 1324 1146 1129 1123 2801 1338 1341 1345 1348 1349 1350 1122 1355 1358 1360 1362 1366 1151 1295 1202 1292 1196 1208 1215 1229 1193 1191 1234 1238 1190 1181 1172 1242 2811 1258 1167 1264 1270
000260.jpg,1656 2790 1102 2817 611 188 2528 2044 2501 817 1934 1407 1319 2411 1624 1644 85 1926 221 2832 312 2300 943 1386 556 987 2082 547 2270 1405 635 1146 1202 1229 1218 1215 1360 1362 1366 1208 1369 1201 1261 1358 1196 1375 1377 1381 1193 1191 1388 1392 1373 1355 1234 1258 1264 1270 1276 1278 1279 1291 1292 1253 1294 1295 1350 1313 1242 1320 1324 1238 1328 1338 1341 1345 1348 1349 1316 1307 1421 1411 1549 1551 1552 1564 1569 1571 1572 1575 1576 1580 1584 1586 1587 1589 1607 1615 1617 1618
000261.jpg,1305 1052 897 2512 2071 1933 1790 2096 222 1436 2218 1504 935 1911 836 2691 2362 2355 850 2750 2537 2642 2342 2450 1736 755 2645 1044 1098 2156 1321 1638 1709 666 599 2446 1621 2452 2201 2432 1806 1200 2318 908 796 1479 1387 2420 320 1682 144 1717 2655 2587 461 1976 477 1676 2469 2126 731 1160 595 208 1510 1247 2405 1241 1245 1244 1239 1243 1944 1943 1246 960 1256 1250 1268 1267 949 1266 1265 2400 1263 2401 1249 2157 1259 1942 1257 1255 1254 2404 1252 1251 1260 2408 2410 1236
000262.jpg,2843 257 1871 1138 1731 2613 1645 1800 2609 2516 288 1894 742 1419 1527 535 2377 301 392 1007 1526 1707 2341 253 2331 519 1992 406 1779 1385 2145 1325 2763 773 821 1068 1455 937 1442 730 1466 338 709 186 2219 1079 410 112 811 336 1498 1495 1969 2102 1511 248 1133 94 648 2458 320 966 1241 2401 2157 1233 1260 1259 2409 1942 1257 1235 1256 1255 1254 1943 2404 1251 1236 1250 1237 1249 2408 2405 1239 1944 1247 1245 1244 1243 1252 1246 1223 1231 2416 2417 1200 1199 1198 1197
000263.jpg,1083 6 1702 181 732 620 759 2643 546 582 285 1260 1221 1797 807 1697 1536 636 1318 2807 468 2278 2425 2476 42 2194 2261 661 1227 411 1188 1891 1570 2168 669 2268 2167 644 922 1456 476 2816 2720 2688 1596 387 2498 298 1723 829 2043 650 2666 1199 973 1285 2313 229 1858 2171 956 1882 2442 1761 815 396 2627 481 1987 2810 2623 1525 2263 971 475 1153 448 1953 1139 2841 2188 37 1284 1015 1916 2346 2562 1252 1251 1200 1250 2417 2416 1203 1249 1204 1205 2405 2404 1254
000264.jpg,2714 348 2769 26 480 925 1870 2538 2454 2649 1369 663 2374 2125 689 422 2838 57 2186 1580 1758 756 210 280 2004 570 2456 2418 2330 1665 133 1792 1861 294 197 746 1375 1930 493 793 1072 1392 1859 1345 1388 1362 1377 1350 1348 1349 1355 1358 1386 1360 1381 1373 1366 1 1338 1196 1201 1202 1208 1215 1218 1229 1234 1238 1242 1253 1258 1261 1264 1270 1276 1278 1279 1291 1292 1294 1295 1307 1313 1405 1319 1320 1324 1328 1341 1316 1440 1409 1544 1545 1549 1551 1552 1564 1569 1571
000265.jpg,2843 673 593 2364 1968 257 2095 870 1966 544 1850 288 2417 1311 1783 2005 749 2697 2516 434 1325 1131 2151 1794 678 2788 1466 1670 881 2680 1079 410 1040 605 365 800 2251 435 2196 1516 1005 1379 568 730 338 2730 855 821 811 1871 2290 1243 610 774 2560 2549 937 1936 1094 2492 2243 2519 416 883 2613 1581 2830 1020 1138 1731 1645 1110 1498 112 336 1142 2087 2299 1707 1309 2609 1800 2219 2746 2006 1913 1174 1634 717 1573 253 1455 1424 94 535 1526 1133 742 1068 248
000266.jpg,1365 2502 2152 785 1371 2567 2751 84 183 1605 1953 22 1214 1171 621 214 2348 1866 2141 2109 909 1139 1927 106 2841 941 189 2060 1032 481 959 815 1987 924 1108 96 1661 1632 171 1602 1283 270 454 2153 333 1217 309 45 2048 1768 2761 419 2554 894 2222 2522 2056 2182 2760 2608 1084 2188 43 856 861 1889 236 971 2401 1397 2768 420 592 1744 2726 167 20 2162 2612 1364 1251 1766 398 2503 396 2627 2404 957 609 2623 1525 2263 2688 744 2116 1064 1471 2831 2442 2562
000267.jpg,2667 522 931 1114 1830 848 702 1767 768 2624 1845 1107 65 835 1235 903 2388 126 1310 1512 1254 103 297 1908 284 1975 2276 820 750 2387 1541 334 1603 2314 1186 1323 2601 2471 990 502 250 684 688 1391 1340 1608 1720 1821 1413 1153 1761 578 829 1233 1232 1255 1256 1231 1230 2410 1246 2354 1257 1226 1225 1224 1223 1372 1222 1228 1227 2355 2409 2405 1245 1249 1244 1250 1243 1943 1251 1247 1252 1221 2404 1944 1239 2408 1237 1236 1374 1241 2353 2414 1219 1192 2420 2421 1189 1188
000268.jpg,1506 252 1141 2070 679 625 1505 1435 1299 1168 2311 1248 1598 113 1356 525 858 654 1781 245 2137 822 192 2669 2025 383 49 239 2091 216 2794 61 455 2164 1787 1924 207 27 2279 1612 1140 139 2280 2232 225 344 1262 1780 408 209 838 2173 53 2470 1127 2396 1274 356 296 1282 1918 1216 1829 1303 412 1662 2531 786 780 1465 2244 138 391 2285 1024 1843 653 331 430 655 726 1011 2429 484 2059 534 806 290 2565 418 1481 52 1008 643 1692 1941 2301 2611 2407 1875
000269.jpg,2542 617 540 1346 2129 1561 2242 832 1535 1161 1847 1513 1773 1795 2022 63 1019 1228 1785 291 499 2016 310 2827 2656 1693 2149 1743 983 2441 1197 1298 783 949 1343 2737 1631 2112 940 2190 95 182 1712 1685 2785 1333 2111 1856 1434 1672 1836 2437 1999 1103 895 93 1590 60 751 954 132 1176 695 1004 1304 198 2497 75 766 328 407 2238 1093 2504 824 596 2547 1914 1483 44 576 1749 1898 1760 2759 2579 1683 374 789 1257 1106 1971 1786 16 1593 376 1469 149 683 2180
000270.jpg,99 1145 2009 2636 72 174 1415 2775 1047 2747 2098 612 172 2722 1155 461 477 460 1688 595 208 1089 1976 141 2055 1023 823 164 156 1510 1404 1808 1100 2274 401 1241 2577 399 1872 816 2655 1717 453 2163 1784 2587 760 1628 380 694 1085 2074 1599 73 2679 1163 2362 2512 2829 437 981 1233 1943 1260 2157 1266 1269 1265 2401 1944 1263 1239 1259 1243 1244 1942 2404 1252 1251 1250 1255 1249 1254 1256 1267 1247 1246 1245 1268 1257 2405 2400 1052 1237 1207 1206 1205 1204 1203 2416
000271.jpg,1353 1883 2784 240 483 1300 1801 1593 789 2277 529 1394 545 989 251 101 341 304 2113 2178 1898 2066 1213 2000 1559 1106 395 2644 1798 2504 1427 2540 1719 1804 967 803 2381 1334 2323 2759 2579 374 1115 1230 761 2249 2546 436 215 364 737 646 407 328 2238 2054 766 1093 1451 581 926 2288 1180 564 76 1818 2114 1900 2040 1389 962 2787 572 485 1306 1175 1951 2408 1942 1237 1259 1260 2157 2405 1944 1249 1247 1250 1251 1252 2404 1246 1239 1245 1255 1244 1256 1257 1243 1943
000272.jpg,1262 455 2232 1024 1568 1011 1506 1216 1140 1924 1612 726 331 391 344 2137 822 1273 1755 1875 2053 1124 2236 430 655 1918 113 268 2715 2343 2698 805 2765 2531 1829 131 1050 314 216 138 1037 2142 241 2565 1843 1317 799 999 1780 1127 1715 1635 1967 390 1503 1303 561 1756 1395 2773 252 356 1282 296 33 2402 1921 1647 53 2279 721 2061 1972 1048 643 2611 2693 1475 495 1299 1168 2407 2301 1008 1039 1274 1730 408 159 326 872 31 580 261 1293 1097 1118 2316 2017 618
000273.jpg,1993 2767 2631 1422 1617 550 712 2840 134 1552 1045 2836 463 2130 179 2050 1663 2837 1782 440 735 169 900 1486 1437 1328 1444 1649 2707 1679 518 1544 2439 925 480 1369 2454 2649 1623 1218 1261 947 1381 1658 1701 1489 1051 1710 1417 860 433 2375 197 2011 445 319 645 1253 1054 2352 2241 1840 2076 2088 2133 2574 1307 1983 1092 906 2419 1208 2652 559 674 260 659 2826 563 2544 1878 1148 978 2397 1468 312 2832 987 1313 1575 1545 1324 1572 1316 1551 1569 1319 1564 1320 1576
000274.jpg,70 2510 2561 1753 2777 2772 2077 1125 2478 431 2818 951 1252 2015 1839 1834 1035 2 2663 18 1842 2757 1759 601 2622 1390 315 1557 2302 1165 191 2685 1980 2702 2315 277 767 2161 1747 1938 2496 1443 1833 2686 889 1255 2408 1237 1236 1265 1235 1239 1266 2409 1267 1233 1232 1268 1269 2400 1263 1944 2157 1254 2404 1256 1251 1257 1250 1249 2405 2401 1247 1245 1942 1259 1244 1243 1943 1241 1260 1246 1231 1052 2410 1199 1198 1197 2156 1195 1194 1192 2420 2421 1189 1188 1200 2422 1185 1184
000275.jpg,1305 897 1052 2512 2071 1933 1790 1911 2362 2096 1436 222 2218 1504 2691 836 2355 850 935 2750 2645 1321 1098 2156 1709 2342 2450 1736 755 2642 2537 1638 2201 1044 2432 1806 599 666 2446 2452 1621 1200 2318 796 908 1479 1387 320 2420 1682 144 1717 2655 2587 461 1976 477 1676 2469 2126 731 1160 595 208 1510 1247 2405 1241 1245 1244 1239 1243 1944 1943 1246 960 1256 1250 1268 1267 949 1266 1265 2400 1263 2401 1249 2157 1259 1942 1257 1255 1254 2404 1252 1251 1260 2408 2410 1236
000276.jpg,99 1145 2009 72 2636 612 1047 2747 2098 174 1415 461 2775 172 2722 477 595 208 141 2055 1023 1155 1976 823 1510 460 1688 1089 401 399 1872 164 156 2163 453 1808 1100 1404 2274 816 1241 1717 2655 760 2587 2577 1628 380 2074 73 1599 1784 437 981 1233 694 1085 1479 2420 2318 2642 2537 599 2446 1682 666 1163 2679 2512 2362 2469 731 1160 2126 2829 1246 2405 1249 1247 1259 1251 1269 1268 1267 1266 1265 2400 1263 2401 2157 1260 1942 1257 1256 1255 1254 2404 1252 1250 1245
000277.jpg,2551 2284 2146 2018 764 1289 719 2008 2487 812 1534 2209 1351 35 2824 615 1577 190 1157 914 1493 1344 2603 153 928 1657 2729 1359 2585 723 1915 778 1970 206 343 1403 1245 1136 1745 1997 450 1204 539 2485 303 2582 1121 247 1772 930 998 1751 516 1254 1255 1256 1257 1232 1231 1230 1942 1259 2410 1260 2157 1228 1227 1233 2409 2404 1241 1943 1226 1944 1244 1239 1246 2408 1247 2405 1249 1250 1237 1236 1251 1252 1235 1243 2414 1224 2156 1195 1194 1192 2420 2421 1189 1188 2422 1186
000278.jpg,1539 2340 46 1618 1540 352 2226 1349 2175 2635 892 879 223 1615 969 577 299 2709 2844 1480 1366 1816 2797 1619 2269 2215 741 961 2092 2833 2576 1549 2158 2460 2403 2834 147 557 2363 234 1572 2371 913 2595 2139 2466 349 687 1982 1925 837 1009 2455 403 1815 428 667 2063 867 1660 2607 2633 264 2484 2473 1409 1994 273 2524 1242 2104 2338 2776 2399 2727 307 1520 1159 1215 226 2189 810 2517 414 1069 1607 1341 2758 991 1295 1807 1571 2385 262 888 1 2271 1735 1814 1078
000279.jpg,1583 998 1970 778 517 2711 1854 382 2792 227 567 808 1770 2042 2361 2252 118 916 1063 114 9 2310 2682 1651 2065 1657 928 2729 1977 841 930 2491 1179 2328 2225 2647 1579 2097 1528 1578 919 639 952 1769 512 945 2723 748 2778 1354 1791 2575 1667 1585 819 1211 982 2379 763 1566 1367 1239 1368 513 1209 1851 1920 2026 566 492 1531 887 1470 2488 579 1154 25 2658 515 1210 923 2349 875 311 2459 2416 1254 1256 1257 1942 1255 1252 967 1259 1251 1250 1249 2405 1247 1246
000280.jpg,726 2236 1635 390 1715 1967 1050 314 1124 2053 1475 999 1037 1011 1730 331 1568 2301 1008 2407 2806 1929 655 430 1275 2059 2687 295 484 1140 344 2429 1662 1216 1024 1648 2406 2232 391 799 1395 1756 1755 1317 1262 216 1293 159 1097 1143 2693 1875 805 806 534 2285 1612 220 1829 455 838 209 139 1918 1303 2062 1240 2715 2765 268 131 52 1506 786 27 653 936 478 1706 464 2531 138 1924 495 1843 207 780 2398 418 1481 363 346 2821 53 452 504 290 1789 1831 402
000281.jpg,1487 953 1471 1113 1687 2573 396 2627 281 1205 20 167 1979 1659 1198 327 117 2303 454 2222 2791 2030 1400 214 1139 1602 2620 1922 1953 1866 2348 2841 924 1144 1084 1371 2726 1744 2162 1080 1537 23 690 2706 275 1184 1192 2423 1254 2404 1252 1251 945 1250 1249 2405 1247 1246 1245 1183 946 1244 1243 1943 1241 1944 1239 1255 1256 1257 944 2506 1277 2395 1937 949 1938 1272 1271 1949 1940 2408 1269 1267 1266 1265 2400 1263 2401 2157 1260 1259 1942 1268 1237 1236 1235 1212 1211 1210
000282.jpg,2034 2545 1796 715 1569 2433 48 100 2721 439 2376 64 155 51 305 1640 562 1584 2309 201 2023 2713 1860 1490 1453 1901 2045 2755 1416 1948 1096 2046 992 497 1586 1362 1897 747 1123 2513 1878 1965 1636 2272 2556 1496 1316 2815 2454 2769 1369 26 1366 1341 1190 1373 1355 1349 1360 1345 1348 1350 1191 1358 1215 1338 1218 1229 1234 1238 1242 1253 1258 1261 1264 1270 1276 1278 1208 1279 1291 1292 1294 1202 1295 1307 1313 1201 1196 1319 1320 1324 1328 1193 1375 1417 1381 1539 1540 1542
000283.jpg,2065 567 118 808 517 1583 2252 998 227 1970 2792 1791 2042 1854 382 2711 778 1063 2310 919 952 1769 1354 916 2682 2379 1770 1977 1651 2225 9 2778 2491 2328 1179 763 982 114 928 1657 2729 930 841 1579 1851 748 515 1368 1239 1367 1566 1211 2647 639 2361 923 1531 887 1470 2488 2304 945 1578 2097 1528 975 1271 311 875 1210 2349 528 2618 2559 2416 25 2658 1920 151 7 2793 513 1209 579 566 492 512 2026 2723 2459 1154 1256 1241 2400 1257 1263 1943 2401 2157 1942
000284.jpg,1646 339 863 830 1450 393 2136 1244 1732 1678 1620 603 2275 1073 1120 2518 1147 2019 1507 2550 107 2754 2604 2414 1104 1669 1177 2080 1482 575 1691 584 1016 2395 2383 441 1523 2823 2695 2641 845 55 728 397 2176 373 1194 1447 1469 16 376 1237 1944 1943 1241 2408 1239 1052 1245 1266 1265 2400 1263 2401 2157 1260 1259 1942 1257 1256 1255 1254 2404 1252 1251 1250 1249 2405 1247 1246 1243 1236 2410 2409 2416 2417 1200 1199 1198 1197 2156 1195 1192 2420 2421 1203 1189 2422 1186 1185
000285.jpg,903 1310 1107 1254 2388 65 1512 1975 1114 284 1908 1340 931 702 835 768 1720 1821 1608 250 684 2823 1767 1830 848 1845 2624 578 126 990 502 2601 1413 522 2276 2471 103 297 1235 1323 688 2314 1186 1391 2667 2408 1239 1052 1236 2409 1233 1232 1231 1230 1237 1944 1250 1943 2400 1263 2401 2157 1260 1259 1942 1257 1256 1255 2404 1252 1251 2410 1249 2405 1247 1246 1245 1244 1243 1241 1228 1217 1226 1197 2156 1195 1194 1192 2420 2421 1189 1188 2422 1185 1198 1184 2423 1949 1180 1179
000286.jpg,312 2832 987 1146 188 635 1934 1319 611 2411 2501 2044 2528 1644 1624 85 2817 1656 1405 2790 1102 1926 817 1407 556 1386 2082 2270 547 943 2300 221 1202 1278 1617 550 1422 2717 2811 1279 1291 1292 1294 1295 1307 1313 1316 2801 1320 1324 1328 1338 1341 1345 1348 1349 1350 1355 1358 1360 1362 1366 1369 1373 1375 1276 1270 1264 1261 2826 1112 1122 1123 1129 2820 1148 1151 1158 1159 1167 1172 1181 1377 1190 1193 1196 1201 2815 1208 1215 1218 1229 1234 1238 1242 1253 1258 1191 1381 2800
000287.jpg,1483 44 16 376 1447 1469 2317 1672 1914 2785 1836 2437 1749 291 761 2249 1057 1631 2700 1990 832 1535 1449 1178 1224 1116 1713 1714 465 2359 1183 104 47 95 2441 676 1856 2111 2180 1838 683 88 1476 2202 2745 1346 540 1847 1513 1161 1103 1999 60 596 576 824 2016 2422 2523 34 2129 1785 1228 2555 1277 2058 1727 834 1773 1795 1743 2827 983 310 845 1523 441 2695 350 2305 1425 2547 2080 2383 373 499 1304 783 2190 1678 2275 1732 603 1620 1256 1259 1243 1943 1257 1942
000288.jpg,540 1346 2542 2129 617 2022 1019 63 1561 2242 832 1535 1298 783 2737 1343 949 1847 1161 1513 1795 1773 2112 940 291 1785 1228 1434 1999 499 1103 1333 1004 2016 60 1197 1631 310 2149 1693 2656 2827 182 1712 1304 198 2497 75 1760 954 1685 149 1749 328 2238 407 1093 766 2504 983 1743 2441 95 1590 93 895 596 824 2111 1856 2547 1898 751 1683 374 789 2579 2759 2317 1786 1971 1257 1106 576 1176 695 132 2190 1944 1943 1241 1250 1244 2157 1260 1259 1942 1256 1255 1254
000289.jpg,204 2135 1212 2741 137 899 1606 2558 116 2842 1463 2766 1986 2041 1935 1825 447 2825 97 725 2207 2728 1055 1134 246 1547 2511 1944 2294 2068 722 2665 2719 165 1056 1940 2736 2319 2292 692 790 1962 442 79 1067 2405 1263 2400 1265 1266 1239 2408 1241 1267 1251 1236 1268 1235 2409 1269 1237 1252 1943 2401 1247 2404 1254 1255 1256 1257 1243 1249 1259 1260 1246 1245 2157 1250 1942 1244 1052 1232 2417 1200 1199 1198 1197 2156 1195 1194 1192 2420 2421 2416 1189 2422 1186 1185 1184 1183
000290.jpg,2051 1439 2183 2057 2291 574 1223 1874 647 2683 2639 494 2435 1899 146 686 2526 2220 1931 2089 974 1876 1473 1721 2809 12 939 677 1433 2704 2445 2436 329 2598 804 2438 1185 2248 2813 1477 682 2580 482 255 491 1592 2569 1677 1892 1771 2625 2037 1937 1777 657 2708 508 994 864 526 1998 2499 598 1330 217 608 274 1088 1452 1868 140 1408 2440 271 1942 2427 1944 2766 2294 1055 447 2825 2719 368 1462 423 1725 444 1241 1265 1943 1256 1243 1257 1255 1254 2404 1252 1259 1250
000291.jpg,204 1606 116 899 137 2741 1212 2135 2842 2766 1463 2558 1547 1134 2511 246 2825 1935 447 97 722 2665 2068 1986 2041 1056 1055 2736 1067 2294 1944 79 2719 1825 692 2728 725 2207 1962 2319 2292 790 442 2305 350 1126 165 1940 2037 1771 1677 1892 2625 1998 1088 1239 1237 2408 1943 1243 1235 1241 1236 1263 1245 2401 2157 1260 1259 1942 1257 1256 1255 1244 1254 1252 1251 1250 2400 1249 2405 1247 1246 2404 1052 1225 1233 1203 2416 2417 1200 1199 1198 1197 2156 1195 1194 1192 1204 2420
000292.jpg,1305 2342 755 1736 2450 897 1052 2071 222 1436 2218 1504 2750 1790 1933 2512 2096 935 1638 836 2645 1806 1098 2156 1321 2355 850 2362 1709 2432 2201 2691 1911 796 1044 2823 1976 461 477 2452 1621 2642 2537 908 629 2677 396 281 2627 595 1510 208 2074 399 380 823 1599 73 454 666 2446 599 1200 2318 1387 320 1682 1479 1267 99 2587 1717 2655 437 1233 1188 1192 1245 1246 1251 1247 1250 2420 2421 1189 2405 1249 2404 2422 1266 2423 1265 2400 1263 2401 2157 1260 1252 1259 1257
000293.jpg,2408 707 2354 213 1849 2566 1269 520 232 1448 2615 1867 1722 424 1945 19 1529 2390 1478 1265 2295 2413 558 135 184 2638 119 1383 1296 80 1733 2744 1312 1984 761 2249 2472 218 2317 634 24 2430 2143 2024 426 1689 2021 1728 1231 375 2014 425 2124 1326 498 2366 473 2673 286 2172 529 1801 2277 1186 1250 1249 2405 1211 2422 1246 1188 1245 1189 2421 1244 1243 2420 1247 1185 2404 1252 1179 2400 1263 1180 2401 2157 1260 1259 1251 1949 2423 1257 1183 1256 1184 1255 1254 1943 1942
000294.jpg,2365 2716 2689 705 2552 2370 81 2534 523 2557 2119 849 2479 587 28 505 1563 2181 2191 2250 1532 238 175 504 2819 458 2681 1708 1896 2500 120 1376 2228 972 847 152 1741 734 313 1873 2674 1827 1704 2099 2592 2052 2527 92 2193 2283 1339 2177 1111 602 2742 1335 633 1680 1746 772 1917 330 354 2322 1332 1314 1117 1955 68 2764 2144 503 740 2237 696 2028 671 532 1956 533 771 553 968 1297 1010 2789 1543 2306 872 2265 346 261 2279 2280 252 1755 1756 1262 1021 655
000295.jpg,1235 2624 1845 297 103 2471 835 848 1830 1908 284 768 126 702 931 1767 2601 502 990 578 1114 2276 1323 688 1340 1512 1107 1310 1413 684 250 903 2388 1821 1720 1608 1975 65 1391 1254 1186 522 2314 2667 1239 1052 1237 1236 2409 1944 1233 1232 1231 1230 2408 1241 1251 1243 2400 1263 2401 2157 1260 1259 1942 1257 1256 1943 1255 1252 2410 1250 1249 2405 1247 1246 1245 1244 2404 1228 1217 1226 1197 2156 1195 1194 1192 2420 2421 1189 1188 2422 1185 1184 1183 2423 1949 1180 1179 1178
000296.jpg,1879 2093 394 1906 607 984 2357 2049 1017 2796 2392 631 2140 1058 1002 451 2282 530 1301 1290 1604 1567 1518 2596 1981 446 1237 1909 1613 662 908 1978 2064 1621 1119 921 2262 1676 2085 871 144 897 2452 320 942 2543 2642 2537 666 1044 599 2446 2420 813 1742 1105 1396 355 2458 1495 966 1718 852 1554 243 1673 2257 2696 1004 1259 1942 1257 1256 1255 1254 2404 1252 960 1251 1250 1249 2405 1247 1246 1245 1244 1243 1943 1241 2502 1260 959 1944 2393 2394 1277 2395 1937 1938 1272
000297.jpg,463 550 2840 1993 2631 134 518 1422 1617 197 433 2375 1701 1489 1417 860 1552 1710 480 1369 2767 2735 2454 2649 925 1486 1437 900 1788 179 712 2769 2650 659 173 2482 1029 1983 1045 2836 26 445 2419 2826 1208 2088 260 559 563 674 1307 348 769 1895 2289 1870 2538 645 2011 2133 1092 161 2076 2652 906 2397 2714 1253 2287 319 663 1663 440 1782 735 2130 2050 2574 2138 305 562 51 155 1640 2544 1878 1148 978 1468 1649 2837 970 606 1381 1658 1409 641 1362 635 1407
000298.jpg,536 1132 1588 1268 1431 988 193 121 2117 36 733 569 2090 2078 1492 571 142 1886 1699 1065 340 332 680 429 1499 2333 1256 1430 1553 866 1890 2267 2568 1793 901 500 2384 2451 21 2227 979 2786 1236 432 2380 1329 2839 2335 2217 2415 427 1393 1033 2743 1562 176 2668 2108 555 743 2408 1237 1239 1265 2400 1944 1235 1266 2409 1263 1249 1259 2401 1251 2405 1247 1246 1252 2404 1254 1255 1245 1244 1257 1243 1942 1250 1260 1943 2157 1241 1233 1052 1231 2416 2417 1200 1199 1198 1197
000299.jpg,2817 1656 2790 1102 2528 1934 2411 2044 2501 1644 1624 1407 817 611 188 85 1926 221 312 2832 1319 2300 943 987 1405 1386 556 635 2082 547 2270 1146 1202 1270 1229 1218 1215 1360 1362 1366 1208 1369 1373 1358 1196 1375 1377 1381 1193 1191 1388 1392 1201 1355 1350 1234 1276 1278 1279 1291 1292 1261 1294 1295 1258 1253 1264 1313 1242 1320 1324 1238 1328 1338 1341 1345 1348 1349 1316 1307 1421 1411 1549 1551 1552 1564 1569 1571 1572 1575 1576 1580 1584 1586 1587 1589 1607 1615 1617 1618
000300.jpg,463 860 1701 1489 2840 1417 550 1710 1993 2631 1788 197 2649 1369 2454 134 26 480 925 2482 2289 1870 2769 2650 2375 433 173 518 659 348 1895 769 1617 1422 2836 161 1261 1051 2714 1486 1437 900 712 1045 1552 1649 2767 770 1320 1218 2011 1029 645 2138 2735 2628 194 2538 1623 1054 1782 2837 1324 1292 1360 1294 1358 1295 1307 1355 1345 1350 1338 1341 1328 1348 1316 1349 1291 1313 1319 1253 1278 1146 1148 1151 1158 1159 1167 1172 1181 1190 1191 1193 1196 1201 1202 1208 1215 1229
000301.jpg,2049 530 1604 631 1301 2282 2093 607 1567 1518 1290 2596 1017 446 2064 1237 1396 1105 2796 2140 1058 1981 921 813 355 243 1554 1879 871 451 1370 394 2257 2696 984 662 1909 1613 1742 2392 1906 2357 1978 908 1673 1002 1614 2660 1331 337 1119 2262 2085 542 276 2361 1621 54 710 2782 660 1739 2664 966 1495 2458 1853 2259 360 1384 1893 50 1508 1565 791 2803 1287 320 144 1676 1000 2369 1942 1254 1257 1256 2498 1259 1255 2483 1252 2499 1251 1250 1249 2405 1247 971 2404 2497
000302.jpg,2550 1507 2019 107 2604 2414 1177 2754 1669 1104 2823 1691 575 2641 1482 2176 728 55 397 1646 1016 2395 584 863 339 1194 2080 2383 1450 830 1523 441 1244 2136 393 1732 845 2695 603 1678 1620 2275 1073 2409 1944 1237 2408 1236 1239 1235 1249 1943 1265 2400 1263 2401 2157 1260 1259 1942 1257 1256 1255 1254 2404 1252 1251 1250 2405 1247 1246 1245 1243 1241 1233 1227 1231 1198 1197 2156 1195 1192 2420 2421 1189 1188 2422 1186 1185 1184 1183 2423 1949 1180 1179 1178 1176 1175 1174 1173
000303.jpg,1416 1948 1096 1897 1362 2721 1569 715 2272 2815 1796 1965 1860 2713 1636 1316 1496 497 2046 1586 992 1584 2034 2545 48 100 2556 155 194 1261 1051 2352 2433 439 64 201 51 562 1640 305 2628 1218 635 987 2023 2069 1752 950 2376 2309 2755 2045 1618 1295 1307 1313 1617 1615 1607 1319 1320 1324 1328 1509 1589 1341 1587 1345 1580 1576 1348 1349 1350 1355 1358 1294 1338 1292 1279 1630 1193 1196 1629 1201 1202 1208 1215 1627 1229 1624 1234 1238 1242 1623 1253 1258 1622 1264 1270 1276
000304.jpg,476 1227 1865 669 2194 2261 1456 122 448 1284 2168 829 661 1761 2118 1884 980 1153 1858 2313 468 1188 1610 229 1285 1015 922 1570 411 37 298 973 1260 807 759 1082 443 1006 586 1308 1882 956 2030 2791 1560 2706 1537 629 690 1080 1090 1763 2816 1891 1723 2268 2167 459 1233 1237 2409 1235 2408 1239 1944 1236 1241 1052 1243 1263 2401 2157 1259 1942 1257 1256 1255 1254 2404 1252 1251 1250 1249 2405 1247 1246 1245 1244 1943 1232 1219 1230 2417 1200 1199 1198 1197 2156 1195 1194
000305.jpg,1507 2550 2019 2754 2604 107 2823 2414 1177 1691 575 1669 1104 2176 397 1482 2641 55 728 1194 1237 2408 1239 1236 1052 1230 2409 1233 1232 1231 1944 2410 1228 1227 1226 1225 1235 1241 1247 1243 1268 1267 1266 1265 2400 1263 2401 2157 1260 1259 1942 1943 1257 1255 1254 2404 1252 1251 1250 1249 2405 1246 1245 1244 1256 1224 1945 1222 1189 1188 2422 1186 1185 1184 1183 2423 1949 1180 1179 2421 1178 1175 1174 1173 2425 1171 1170 1169 2426 2427 1166 1165 1176 2420 1192 1195 1221 1269 1219 1946
000306.jpg,2317 16 1469 1447 44 1483 376 1057 761 2249 1914 1672 2785 1749 1449 291 1631 2437 1836 1183 104 1535 832 2359 1841 2258 362 1990 2700 474 1714 1713 1116 1224 2305 1425 350 441 1523 845 2695 1856 2111 2745 2202 1476 88 2129 2383 2080 1103 1999 60 373 2441 2555 1727 834 2190 603 2275 1620 1732 1678 676 1838 683 2422 47 2180 2523 34 1243 1250 1260 1237 1259 2408 1251 1252 1249 1942 2405 1247 2404 1244 1257 1239 1245 1944 1256 1255 1241 1236 1943 1254 1246 1052 1225 2409
000307.jpg,2772 2077 1125 2777 1753 2478 2561 2161 2 2663 18 70 1842 601 1834 2818 951 2015 1252 1759 2757 2510 315 1557 1390 2622 1165 191 2302 1035 431 1839 1980 2315 2685 2702 277 767 1747 2686 889 1938 2496 1443 1833 369 1460 1989 1257 1239 2408 1942 1267 2404 1236 1268 1269 1235 2409 1233 1259 1944 1237 1266 2401 1254 1251 1250 1249 1263 2405 1255 1247 1246 1245 1256 2157 2400 1244 1243 1943 1241 1265 1260 1052 1231 2417 1200 1199 1198 1197 2156 1195 1194 1192 2420 2421 1189 1188 2422
000308.jpg,463 2840 550 860 1993 2631 1701 1489 1417 134 1710 2454 2649 1369 925 480 1870 433 197 2375 518 1788 26 2769 659 348 1617 1422 2836 2714 900 1437 1486 712 1045 1552 2767 2011 769 1029 2650 645 2289 2138 1895 173 2482 2735 161 2538 1649 1782 2837 1193 1328 1148 1320 1151 1319 1316 1313 1324 1338 1345 1307 1348 1349 1350 1355 1358 1360 1362 1146 1366 2826 1341 1295 1292 1191 1196 1190 1201 1202 1208 1181 1215 1172 1167 1218 1229 1234 1238 1242 1253 1258 1373 1264 1270 1276 1278
000309.jpg,2517 2619 638 1694 1129 1440 1445 810 718 2529 143 958 30 386 2584 1411 1360 2616 71 697 1939 2481 787 1112 1514 2246 1215 2271 1684 2185 1258 665 1294 1270 2298 1446 1630 2801 127 273 2524 1242 2104 2444 1295 1807 1509 1278 147 2710 991 795 1803 1167 1811 1355 969 2339 2189 1863 888 2771 641 1373 741 472 1524 203 1629 1059 342 551 1735 262 1862 2385 2595 577 2468 687 2709 2797 2175 1060 2013 2820 1324 2749 2431 1539 2758 1341 1607 1069 2371 667 2466 2372 891 1238
000310.jpg,2714 348 2769 26 480 925 2538 1870 2649 2454 1369 663 689 2125 57 422 2838 2374 518 1580 756 280 2456 1758 210 570 2186 2004 2418 2330 197 1417 2289 1788 1665 550 133 1792 1861 294 769 2375 2650 433 1895 1710 2840 860 305 562 1489 51 1640 1701 155 463 179 746 2631 1375 1930 493 1859 1072 793 1392 1349 1619 1320 1366 1607 1615 1362 1360 1618 1324 1328 1338 1358 1355 1341 1345 1617 1350 1348 1542 1622 1316 1208 1215 1218 1229 1234 1238 1242 1253 1258 1261 1319 1264
000311.jpg,1735 667 2371 1982 1925 428 1619 879 1863 2139 2776 2576 1373 888 2771 641 299 2092 2385 1814 1549 262 2833 2269 2797 991 226 687 1807 1295 2460 2844 867 1509 2403 1366 2363 557 1122 1589 2731 741 2431 1539 1816 1480 891 1238 267 1291 2175 2662 2607 1660 2633 1159 1009 837 2455 403 1815 2189 2063 2484 1803 90 577 2517 264 352 127 1025 2444 203 1629 1524 2399 2727 1520 1278 1862 1355 1167 1811 2595 147 2548 814 385 1215 1 472 1060 1440 2468 1497 1081 588 583 386
000312.jpg,2317 16 1469 1447 44 1483 376 1057 761 2249 1914 1672 2785 1749 1449 291 1631 2437 1836 1183 104 1535 832 2359 1841 2258 362 1990 2700 474 1714 1713 1116 1224 2305 1425 350 441 1523 845 2695 1856 2111 2745 2202 1476 88 2129 2383 2080 1103 1999 60 373 2441 2555 1727 834 2190 603 2275 1620 1732 1678 676 1838 683 2422 47 2180 2523 34 1243 1250 1260 1237 1259 2408 1251 1252 1249 1942 2405 1247 2404 1244 1257 1239 1245 1944 1256 1255 1241 1236 1943 1254 1246 1052 1225 2409
000313.jpg,2766 2183 2825 447 1056 1439 2051 725 2728 1825 2207 2719 2294 1944 2842 692 2736 1055 2511 1134 1547 246 116 1126 790 2292 2319 442 1962 1931 2526 2220 1606 204 67 2583 2558 2057 2291 574 2089 2068 2665 722 1212 2135 1986 899 137 2741 939 165 627 1463 1874 494 1477 1223 2435 1244 1198 1943 1949 1239 2408 1237 1236 1235 1243 1241 2405 1246 2400 1263 2401 2157 1260 1259 1942 1257 1256 1245 1255 2404 1179 1252 1251 1250 1180 1249 2423 1247 1254 2409 1230 1233 1194 2414 1214 1213
000314.jpg,1949 2210 2520 2083 1337 1910 13 640 1272 1754 1038 1041 2421 828 2578 2629 1429 2428 377 2671 2539 2798 323 865 729 2640 933 2828 672 2795 1374 1668 2602 1249 1521 1049 955 698 1764 2570 2032 56 1256 1132 1588 1886 1699 932 839 680 1189 370 2047 1329 2839 2335 500 2423 358 244 1696 1616 1766 2115 536 1431 2117 36 988 193 121 1268 1430 1236 1553 2384 2451 21 2221 2120 2031 1070 2078 1890 142 429 1492 340 571 1247 1244 2157 1260 1259 1942 1257 1243 1254 1263 1245
000315.jpg,1346 2542 2129 540 832 1535 617 2242 1561 291 1197 1298 1513 1161 1847 1631 1019 2022 63 1773 1795 93 1590 895 1971 1257 751 1087 1228 1785 2737 1343 949 2112 940 1434 898 1166 1928 2409 1786 2016 499 1106 714 853 783 2149 2656 1693 310 230 76 2495 1999 2493 2247 2324 1004 1558 376 1483 1103 777 1091 1996 2827 198 75 2497 1712 182 1685 2504 2238 1093 766 328 407 1898 2040 2281 2000 39 1559 1357 926 364 1818 1180 1900 2288 564 1601 1451 1137 614 989 2785 1914
000316.jpg,2263 1083 2623 1525 6 2572 1726 2678 1199 1084 1280 2442 2386 1702 971 2562 43 1596 2188 1536 2807 1318 636 1802 2720 2498 2116 40 851 1960 592 2688 387 2141 644 2278 815 481 396 1987 2627 1108 582 620 732 181 1371 785 1880 2448 1797 398 2503 42 1458 2643 759 546 275 1283 117 1979 1205 2303 2494 1198 1232 2571 1221 285 84 189 96 1032 1632 106 2060 1927 104 474 543 907 1365 1260 2677 281 1449 941 2079 1064 762 2522 300 1336 1013 2197 2056 2591 423 1591
000317.jpg,1870 2714 26 348 2649 925 2769 480 2454 1369 2538 663 518 1788 197 1417 2289 433 2375 860 1489 1710 769 1895 2650 1701 2840 161 2482 550 173 2735 2138 179 463 659 2631 770 1320 1422 1617 2050 440 2130 735 305 1640 562 51 155 2374 2125 422 57 2330 689 2838 1029 645 2011 1045 1552 2836 712 1316 1319 1619 1618 1324 1328 1338 1234 1313 1345 1348 1349 1350 1355 1358 1201 1360 1362 1341 1202 1307 1622 1229 1242 1253 1258 1261 1218 1264 1270 1624 1276 1278 1279 1215 1291
000318.jpg,1056 2294 1944 1055 2766 2207 2728 725 2825 447 1825 2558 2719 2842 204 2736 116 1606 2511 1134 1547 246 1212 2741 137 790 692 899 2135 1126 2292 442 1962 2319 1463 1986 722 2068 2665 165 97 1067 1935 1439 2183 2051 1940 1677 1771 2625 2037 1892 2305 79 350 1998 1088 1252 1251 1250 1188 1249 1189 2405 2421 2420 1246 1192 1245 1244 1243 1943 1247 2422 1185 1241 2400 1179 1180 1949 2423 1263 2401 2157 1186 1260 1942 1257 1256 1183 1184 1255 1254 2404 1259 1194 1213 1195 1265 1223
000319.jpg,2516 2843 1466 730 338 1325 1707 257 1526 1442 1992 1511 1969 519 773 2763 1007 709 253 2341 2102 1871 2219 186 1670 1079 410 2145 1779 406 1385 1419 1498 1455 336 1645 1138 1731 1516 301 392 1794 544 1783 811 112 535 1894 2613 1800 2331 883 1379 1243 2151 568 1131 288 2609 1495 937 648 1133 248 94 742 2458 966 320 1311 2730 434 1247 1188 2405 1246 1205 1189 1244 2421 1211 1943 2420 1241 1212 1944 1245 2422 1186 1213 2423 2401 1183 2157 1260 1259 1942 1209 1249 1184
000320.jpg,1697 1570 582 546 285 1221 1891 298 1723 2643 2167 2268 690 2706 2816 475 459 1380 448 807 6 1260 1865 1188 922 1456 973 1015 1285 468 1537 1080 980 2118 1884 1284 411 37 23 1702 759 2346 1916 1610 2313 1858 229 1541 750 820 334 1603 8 1671 1267 946 2449 1090 1763 629 122 2810 181 732 620 2409 1232 1235 1233 2366 1370 1236 1230 2410 1228 1227 1226 1225 1224 1223 1231 2166 1367 2408 1364 1254 2404 1252 1251 1365 1250 1249 2405 1237 1247 1245 1244 2357 1243 1943
000321.jpg,2404 609 2464 844 1889 957 509 2457 1515 5 2725 1766 2448 2128 744 1616 244 1696 2115 466 1637 2124 1326 375 473 1556 2366 2014 425 1426 498 1061 163 388 306 1171 1214 2751 22 2351 23 2567 2109 592 1960 851 40 1945 232 520 19 2348 2169 2508 2726 2162 1744 1602 1591 214 909 1953 1866 661 2168 2182 2760 183 45 2608 1245 1243 1943 1241 1944 1239 1244 1246 1052 2405 1267 1266 1265 2400 1263 2401 2157 1260 1247 1259 1257 1256 1255 1254 1252 1251 1250 1249 1942 2408
000322.jpg,2552 2716 2365 523 28 1563 505 2689 2250 2181 238 175 705 2370 81 849 2479 2557 587 2191 2534 1532 2500 1827 2119 1896 2819 458 847 1708 2681 313 734 120 2674 2283 504 2228 1741 2099 152 972 2592 1704 2193 2052 1376 772 1335 1746 1339 1680 633 602 1111 2322 354 92 1873 2742 330 1917 2527 1332 503 2764 1117 1314 1955 2028 671 1956 532 2237 740 2177 68 2144 696 711 968 553 1297 1010 2265 2280 655 1026 331 1274 1756 1273 1262 2279 1024 346 2285 344 1022 1021
000323.jpg,2263 2623 1525 2386 2678 1726 1083 2116 1199 2572 6 1084 1280 2503 398 1458 851 1960 40 592 1702 2442 2571 1013 1336 2079 2197 582 2141 732 181 620 300 762 1205 2303 1979 2494 117 1198 309 333 1217 275 1315 1232 2160 971 2522 2056 1064 2188 43 1596 2562 1907 644 1364 1251 45 1365 785 2720 1108 759 546 2643 1802 856 861 2688 2498 387 104 1371 543 474 907 2591 1591 1144 423 2230 335 23 1080 2705 236 1560 2627 1987 481 396 815 1768 1283 2761 270 2048 1797
000324.jpg,1093 1087 407 1898 766 328 2238 2504 2242 93 895 63 1590 341 1971 1257 1019 789 1137 614 1197 898 1593 1166 2409 1928 101 2759 1300 2579 374 483 240 1683 714 2784 1091 1996 777 1801 2114 1558 2072 1207 1230 581 1786 2022 803 436 737 215 2542 617 230 1353 572 364 1631 1883 2129 2277 1561 1346 1451 853 967 1719 1804 1427 2040 251 1900 1846 2489 2699 1538 1106 1333 545 1394 2247 2493 2324 1535 832 1798 395 962 1361 2644 989 1818 2288 926 1180 564 76 2178 1213
000325.jpg,1338 317 573 17 600 1622 2412 846 2486 2811 2255 2648 2100 1571 795 642 90 2063 352 307 1101 2403 349 2484 891 1238 267 1291 2399 1520 2727 1060 1862 264 2709 1159 1 685 2372 2455 2189 2466 913 2338 2844 577 1349 2223 1698 1095 2215 1694 127 1112 403 2481 1939 234 1572 837 1009 2584 1411 665 1446 1294 195 1360 1270 1258 2158 1278 2185 1409 1994 2253 2834 2226 2616 2298 1129 741 2797 1630 1815 1684 405 2835 1828 1540 1618 2340 969 2635 223 1615 147 2595 1629 1524
000326.jpg,2045 2755 2023 1584 747 258 770 1320 1362 1360 1358 1350 1349 1348 1345 1341 1338 1328 1355 1366 1 1373 1377 1381 1386 1388 1392 1405 1407 1409 1411 1414 1416 1417 1421 1369 1375 1319 1316 1167 1172 1181 1190 1191 1193 1196 1201 1202 1208 1215 1218 1229 1234 1324 1238 1253 1258 1261 1264 1270 1276 1278 1279 1291 1292 1294 1295 1307 1313 1242 1428 1437 1159 1572 1575 1576 1580 1586 1587 1589 1607 1615 1617 1618 1619 1622 1623 1624 1627 1629 1630 1636 1640 1644 1649 1652 1653 1656 1658 1660
000327.jpg,1475 999 2059 484 726 2429 1662 2236 1967 534 806 1050 314 1715 390 1635 2301 1568 1730 2053 1124 1011 1929 53 2806 780 1037 1465 2244 786 1008 2407 216 295 418 1481 2285 655 430 331 1024 52 452 1275 2765 2687 2470 363 290 1039 1378 799 805 1755 89 840 2634 389 758 467 1022 1240 1829 344 1140 2406 1648 1317 220 1438 2398 1831 1273 2531 391 1216 2232 936 478 471 402 2821 346 1395 1756 464 1706 1262 2142 241 108 753 2715 2505 2465 2693 1303 504 1097 1143
000328.jpg,79 1067 2305 722 2068 2665 246 1134 1547 2511 2842 350 97 1463 204 1935 116 2041 1606 2292 692 899 2135 2719 2319 2736 1126 1212 137 2741 442 2825 2766 790 447 1986 362 1841 2258 1962 1056 1425 1235 1246 1236 1237 1944 2408 2409 1239 1243 1943 1241 1245 1244 1269 2405 1268 1267 1266 1265 2400 1263 2401 2157 1260 1247 1259 1257 1256 1255 1254 2404 1252 1940 1250 1249 1942 1251 1052 1232 2417 1200 1199 1198 1197 2156 1195 1194 1192 2420 2421 2416 1189 2422 1186 1185 1184 1183 2423
000329.jpg,12 1473 2809 1876 1721 2051 1439 2183 574 2291 2057 1931 2526 2220 1223 1874 526 508 864 994 2089 2639 647 2683 608 274 494 1477 2435 939 1943 1241 1944 1235 2408 1237 1230 1231 1232 1233 1243 2409 1239 1236 1052 1245 1940 1269 1268 1267 1266 1265 2400 1263 2401 2157 1260 1259 1244 1942 1256 1255 1254 2404 1252 1251 1250 1249 2410 2405 1247 1246 1257 1228 1222 1226 1195 1194 1192 2420 2421 1189 1188 2422 1186 1185 1184 2156 1183 1949 1180 1179 1178 1177 1176 1175 1174 1173 2425 1171
000330.jpg,1901 1453 2376 201 1490 2433 1860 2713 2309 2272 2352 2815 1496 2556 194 1636 1316 1586 2046 992 497 1965 48 100 1569 715 2721 1897 1362 2628 1051 439 51 562 305 1640 1796 64 155 2034 2545 1261 2650 1752 950 2367 2069 1123 1878 2513 2631 2538 518 663 1096 1948 1416 168 2553 231 1350 1355 1349 1253 1369 1360 1358 1201 1202 1366 1328 1345 1264 1270 1276 1278 1279 1291 1292 1294 1295 1307 1313 1348 1258 1234 1319 1320 1229 1218 1242 1238 1215 1338 1208 1341 1373 1324 1417 1377
000331.jpg,817 1926 2817 1656 1102 2790 1407 2528 85 2300 2411 1934 1644 1624 221 611 188 2044 2501 1319 943 556 1386 2832 312 2270 2082 547 1405 987 635 1202 1146 2367 950 1752 2556 1617 550 1422 2710 1278 1279 1291 1292 1294 1295 1307 1313 1316 2801 1320 1324 1328 1338 1341 1345 1348 1349 1350 1355 1358 1360 1362 1366 1369 1373 1375 1276 1270 1264 1261 2820 1112 1122 1123 1129 2815 1148 1151 1158 1159 1167 1172 1181 1377 1190 1193 1196 1201 2811 1208 1215 1218 1229 1234 1238 1242 1253 1258
000332.jpg,1453 1901 2376 2309 1490 2433 201 1860 2713 2721 715 1569 48 100 1796 51 1640 305 562 439 2545 2034 64 155 1496 2556 2815 2272 2650 1878 1123 231 2553 1316 1636 1965 2513 2352 2375 433 197 173 2289 769 2482 2138 1895 168 161 2735 2628 194 1261 1051 1295 1294 1313 1307 1542 1622 1324 1328 1619 1618 1338 1341 1345 1348 1349 1350 1355 1319 1320 1278 1291 1191 1193 1196 1201 1630 1202 1208 1629 1627 1215 1218 1292 1624 1234 1238 1242 1253 1258 1264 1270 1276 1358 1623 1279 1229
000333.jpg,196 776 98 353 2474 1643 1625 1819 2067 585 2081 869 701 1864 2462 1042 910 2353 2361 276 233 2256 1963 2334 871 1402 2103 2027 1600 1128 69 809 630 2012 2391 2001 1353 2409 1374 1233 1232 1231 1230 2410 1228 1227 1226 1235 1225 1223 1222 1221 1945 1219 1946 1217 2413 2414 1214 1224 1236 2355 1237 1259 1942 1257 1256 1255 1254 2404 1252 1251 1250 1249 2405 1247 1246 1245 1244 1243 1943 1241 1372 1944 1239 2408 1213 1260 1212 2354 2422 1186 1185 1184 1183 2423 1949 1180 1179 1382
000334.jpg,1796 2545 2034 155 305 562 1640 51 64 439 1102 2790 1934 2721 1569 715 1656 48 100 2411 2528 2501 2044 2817 85 1644 1624 2832 312 1407 2433 2376 188 611 518 2023 1584 2309 2631 943 221 2241 1840 1860 2713 201 1948 1416 1096 2628 987 817 2439 1381 2836 1218 550 1782 1658 1490 1901 1453 1897 1362 2538 663 440 735 1544 1261 635 1319 965 712 1360 1355 1350 1366 1358 1307 1348 1202 1208 1215 1229 1234 1238 1242 1253 1258 1264 1270 1276 1349 1278 1291 1292 1294 1295 1313
000335.jpg,2171 2043 2810 650 2666 1916 2346 2816 475 1723 1891 411 1188 807 1697 922 1456 1260 2643 285 759 1603 820 1541 1221 1284 1702 37 468 334 750 2841 6 2268 2167 582 546 1605 181 732 620 2768 420 1397 1153 1083 1139 1761 1570 298 1797 2502 2152 2387 953 829 148 1865 122 229 1858 2313 669 2168 1090 1763 1953 1866 335 1703 2348 2216 2230 2591 1363 1288 214 1471 1487 2476 2425 459 476 1227 2261 1232 909 1602 1239 2401 1944 1241 1943 2157 1243 1186 1245 1185 1942 1257
000336.jpg,1495 2458 966 2660 1705 1331 1614 2600 1681 1673 337 1742 908 2696 2257 487 1370 1396 1105 1384 320 355 813 243 1554 942 2369 2543 1031 50 1893 2085 607 54 710 2782 1119 542 1002 984 660 1567 1287 360 2259 1676 1237 1604 1981 2803 1565 446 791 1508 1739 2664 530 1853 1000 1301 2049 1695 144 2262 1978 451 2392 2357 1058 2140 2420 1621 897 2452 1718 852 1017 2796 871 301 1419 392 662 394 1613 1909 773 1992 519 2763 921 1906 2318 1387 1682 1911 1479 1200 2093 1194
000337.jpg,1371 84 1487 396 2627 621 183 1365 1987 815 1113 785 2502 2152 481 281 959 941 1979 1144 106 1927 171 1364 1251 398 2503 2677 117 45 1953 2141 2030 1084 2705 907 543 474 2571 2494 2303 1198 2056 2522 1632 96 2263 1866 2348 214 2567 2153 2831 1032 189 2060 2401 2612 2791 327 1659 2573 851 40 1960 592 1449 2678 1922 1525 2623 1205 953 1471 909 1605 2751 1283 1108 1214 22 1171 894 2554 419 2760 2608 2182 2386 1232 1184 104 1726 275 20 454 167 2572 270 1768
000338.jpg,2832 312 987 635 188 1146 1319 611 1934 2411 2501 2044 2528 1644 1624 1405 1386 85 556 1926 817 2790 1102 1656 2817 2082 2270 547 1407 943 2300 221 1202 1278 550 1617 1422 2717 2811 1279 1291 1292 1294 1295 1307 1313 1316 2801 1320 1324 1328 1338 1341 1345 1348 1349 1350 1355 1358 1360 1362 1366 1369 1373 1375 1276 1270 1264 1261 2826 1112 1122 1123 1129 2820 1148 1151 1158 1159 1167 1172 1181 1377 1190 1193 1196 1201 2815 1208 1215 1218 1229 1234 1238 1242 1253 1258 1191 1381 2800
000339.jpg,70 2510 431 2561 2757 1759 2077 1753 2777 315 2478 2772 1125 18 1839 601 1557 2622 1390 1842 1035 2 2663 191 1165 2302 2818 951 1834 1252 2015 2685 2702 1980 2315 2161 1747 2686 889 767 277 1239 2401 2408 1237 1236 1263 1254 2409 2400 1233 1265 1266 1267 1268 1269 1235 1944 1260 1241 2404 1255 1251 1232 1256 1257 1250 1249 2405 1247 1246 1942 1245 1244 1243 1943 1259 2157 1231 1052 2410 1200 1199 1198 1197 2156 1195 1194 1192 2420 2421 1189 1188 2422 1186 1185 1184 1183 2423 1949
000340.jpg,1948 1096 1416 1897 1362 2721 715 1569 2272 2815 2713 1860 1796 2352 1584 194 1051 1261 155 100 48 1636 1316 1496 2556 1965 2034 2545 1218 2433 64 51 1640 562 305 439 987 635 992 497 1586 2046 2376 2309 2628 201 1348 1358 1350 1360 1341 1373 1369 1349 1328 1355 1366 1338 1345 1375 1295 1320 1181 1190 1191 1193 1196 1201 1202 1208 1215 1229 1234 1238 1324 1242 1258 1264 1270 1276 1278 1279 1291 1292 1294 1307 1313 1319 1253 1377 1 1386 1539 1540 1542 1544 1545 1549 1551 1552
000341.jpg,1679 645 2011 1054 445 1623 2707 1328 1444 1029 1649 947 1663 1552 169 2837 134 2840 1045 2767 319 1253 2130 2050 712 440 735 2836 1544 179 1617 1422 2439 1782 1658 1381 2735 1840 2241 1261 550 1218 1993 259 2544 2287 2628 194 1051 197 2375 433 1489 1417 1788 860 965 518 663 1270 1276 1355 1350 1278 1279 1291 1292 1324 1320 1349 1295 1348 1307 1313 1345 1341 1338 2800 1316 1319 1294 2709 1258 2801 1122 1123 1129 1146 1148 1151 1158 1159 1167 1172 1181 1190 1191 1193 1196 1201
000342.jpg,2714 348 26 1870 925 2769 2649 2454 480 1369 2538 663 518 1788 197 1417 550 2631 2289 433 2375 1489 860 179 2840 1710 2650 769 1895 440 735 2050 2130 1640 1701 305 463 562 155 51 1617 659 1422 1552 2836 712 1045 1276 1278 1279 1291 1292 1294 1295 1307 1313 1316 1319 1320 2707 1324 1328 1338 1341 1345 1348 1349 1350 1355 1358 1360 1362 1366 2801 1270 1264 1258 1373 1102 1112 1122 1123 1129 1146 1148 1151 1158 1159 1167 1172 1181 1190 1191 1193 1196 1201 1202 1208 1215 1218
000343.jpg,1487 1471 953 924 1139 1113 1687 2620 1400 1922 2348 1953 214 1602 1866 2841 1144 2573 1256 1237 2400 1236 1265 1235 2409 1233 1232 1231 1230 2410 1266 1228 1227 1226 1225 1224 1267 1223 1222 1221 2408 1239 1241 1257 1255 1942 1254 2404 1252 1251 1250 1259 1260 2157 2401 1249 2405 1247 1246 1945 1245 1244 1243 1943 1263 1944 1219 1212 1217 2422 1186 1185 1184 1183 2423 1949 1180 1179 1178 1177 1176 1175 1174 1173 2425 1171 1170 1169 2426 2427 1166 1165 1188 1189 2421 2420 2413 2414 1214 1213
000344.jpg,687 1215 2662 1735 1295 1807 991 2771 641 2517 1863 888 1373 1509 262 2189 1278 741 2385 2801 588 1497 583 1081 2797 127 1803 273 1242 2104 2524 2541 203 1524 2444 1629 1862 41 2208 414 2431 879 1811 1355 1167 428 2776 2548 1264 2231 1652 1539 2371 1549 147 2139 1619 912 1765 2184 2619 667 557 2363 1925 1982 1349 2709 2460 548 352 1366 1816 1480 1060 2468 1291 267 1238 891 1129 2403 2710 1025 697 472 2595 577 2185 2298 1069 1341 2758 1607 867 2844 1947 46 1540 2340
000345.jpg,204 2135 1212 2741 137 899 1606 2558 116 2842 1463 2766 1986 2041 1935 1825 447 2825 97 725 2207 2728 1055 1134 246 1547 2511 1944 2294 2068 722 2665 2719 165 1056 1940 2736 2319 2292 692 790 1962 442 79 1067 2405 1263 2400 1265 1266 1239 2408 1241 1267 1251 1236 1268 1235 2409 1269 1237 1252 1943 2401 1247 2404 1254 1255 1256 1257 1243 1249 1259 1260 1246 1245 2157 1250 1942 1244 1052 1232 2417 1200 1199 1198 1197 2156 1195 1194 1192 2420 2421 2416 1189 2422 1186 1185 1184 1183
000346.jpg,1440 143 2529 1129 718 386 2185 2298 697 2517 958 1411 2584 1684 2801 2619 1445 2271 787 1694 1215 810 30 638 1514 71 795 1360 2246 2104 1242 2524 273 1059 342 551 1630 2616 1294 665 2468 2740 154 1446 2363 557 2460 147 1112 1807 1295 1735 1366 1480 1816 2481 1270 1258 1939 1803 991 741 2710 1863 1509 127 1278 2444 641 888 1373 2771 414 1355 1167 1811 2749 2633 2607 879 1660 1619 1524 203 1629 2189 1539 2709 2175 1349 2541 262 969 2339 472 2595 1520 2399 1 2727
000347.jpg,2185 1129 2584 1411 2298 1694 1684 795 2801 1360 2616 1294 665 2517 2481 1939 1440 1446 1258 143 2529 1112 1270 958 386 718 1630 1445 2246 638 1514 2619 71 787 697 2271 1215 30 810 2740 2468 2339 969 1629 1524 203 1509 741 557 2460 2363 2104 1242 2524 273 2444 154 2189 1278 1863 1295 1807 641 2771 888 1373 1735 405 2835 2614 2013 1324 1964 1828 2820 2749 1803 127 1059 342 551 2811 317 17 1338 573 2486 2255 2412 147 991 262 1348 1358 1276 1355 1349 1264 1350 1202
000348.jpg,860 1701 1489 1710 1417 1788 2289 197 463 2650 173 2482 433 2375 1895 769 2138 2649 925 2454 1369 480 2840 2735 161 1338 1377 1341 1345 1375 1348 1349 1392 1362 1360 1388 1373 1350 1366 1381 1358 1328 1386 1355 1313 1320 1167 1172 1181 1190 1191 1193 1196 1201 1202 1208 1215 1218 1229 1234 1238 1242 1253 1319 1316 1307 1295 1294 1292 1324 1291 1278 1276 1270 1264 1261 1258 1279 1405 1 1409 1551 1552 1564 1569 1571 1572 1575 1576 1580 1584 1586 1587 1589 1607 1615 1617 1618 1619 1622
000349.jpg,757 1728 754 1533 2533 2320 1149 2021 1231 29 2756 293 286 2673 2172 218 739 2787 2024 2430 1597 426 1312 1984 1689 1296 119 1383 80 2143 24 2472 634 2615 2638 184 1478 2540 2390 1529 967 1232 1235 1256 1257 1942 1259 1260 2409 1236 2401 1263 1233 2400 1265 1266 2157 1255 1254 1246 1247 1245 1244 2405 1243 1249 1250 1943 1241 1944 1251 1252 2404 1239 2408 1237 1052 1223 2410 1198 1197 2156 1195 1194 1192 2420 2421 1189 1188 2422 1199 1186 1184 1183 2423 1949 1180 1179 1178 1177
000350.jpg,2381 989 803 364 1900 2040 251 215 737 436 341 101 1427 2540 1230 2504 374 1115 2546 2114 646 1883 1898 395 2644 572 1300 1798 1257 1971 2277 962 529 1451 2238 328 766 2579 2759 1389 407 1106 1786 1683 2787 1361 1559 581 2242 2000 1334 2323 1394 545 1353 2113 304 2178 1801 1093 2066 1213 926 1180 564 1818 2288 1306 1951 789 483 76 614 1137 1175 485 2054 2072 1207 293 2495 2281 1357 39 589 658 727 1087 1590 93 895 2784 1558 714 898 1091 230 1943 1259 1260
000351.jpg,2185 1129 2298 1411 2584 795 2517 1694 1684 2801 1440 2529 143 2619 386 1215 718 1360 1295 1807 1509 958 991 697 1863 2771 1373 641 888 1242 2524 273 2104 741 1629 203 1524 2444 2189 1278 1514 1735 665 1294 262 1445 638 127 2385 2616 1939 2481 30 787 2271 71 1803 1446 2468 1258 810 147 2363 557 687 2460 1811 1167 1355 1862 1270 2797 342 1059 551 2740 2431 1112 879 1619 667 2371 472 2710 2246 891 1238 1291 267 2776 428 1982 1925 2139 1630 154 577 1060 2403 1480
000352.jpg,611 1319 188 817 1926 2817 1656 2790 1102 85 1407 1386 556 1624 1644 2411 2528 2300 1934 2044 2501 221 2082 547 2270 312 2832 943 1405 987 635 1202 1146 1366 1242 1360 1208 1215 1358 1362 1201 1196 1355 1373 1375 1377 1381 1193 1191 1388 1392 1369 1350 1348 1349 1253 1258 1261 1264 1270 1276 1278 1279 1291 1292 1294 1295 1234 1313 1316 1229 1320 1324 1328 1338 1341 1345 1238 1218 1307 1421 1411 1549 1551 1552 1564 1569 1571 1572 1575 1576 1580 1584 1586 1587 1589 1607 1615 1617 1618
000353.jpg,631 2282 1290 2596 1518 2064 1017 921 2796 2049 1613 1909 662 2093 530 2392 1301 1978 1604 1058 2140 1879 607 451 1237 1567 446 984 394 2357 1002 1981 1119 2085 2262 1906 871 1396 1105 813 355 1676 2543 942 243 1621 908 144 1554 1742 1384 660 852 1718 337 966 2259 360 2696 2257 1370 1495 2458 2361 276 1673 320 2600 1705 1681 487 2782 1243 1244 1245 1189 1246 2421 1188 2420 1247 1943 1204 1250 1249 1260 1259 1942 1257 1949 1256 2423 1255 1183 1254 2404 1252 1184 1185 1251
000354.jpg,2767 1993 712 1422 1617 2631 1663 2836 1045 1782 1552 550 947 1444 2840 2837 2050 2130 179 1328 1649 1658 1381 169 134 1544 463 440 735 1840 2241 2439 1218 1679 2707 1486 1437 900 1623 1261 1489 1710 1701 197 433 2375 925 1369 2454 480 2649 1054 860 1417 2628 645 2011 445 1253 319 1051 2352 1895 1788 2138 2289 769 562 305 1640 51 155 2826 674 1983 260 2419 1208 2574 1307 559 2088 563 2076 2652 659 906 2133 1092 2650 161 2482 173 2735 2544 1148 1878 2397 1468 978
000355.jpg,2263 2623 1525 43 2572 2562 2442 1280 2188 2678 971 1596 2498 1084 1726 2720 387 644 2688 1802 1199 2141 1108 2386 1880 1371 785 2448 1283 275 1365 2503 398 270 84 1198 1205 2303 2116 1458 941 1536 636 2807 1318 2048 1768 2761 117 851 40 1960 592 2791 815 1987 2494 1979 2278 42 2030 907 474 543 2725 1659 2476 38 115 2425 300 762 396 2627 481 2571 327 2705 104 106 1927 2060 2677 96 1449 1632 281 189 1032 1922 2203 1591 1641 306 265 1502 423 1687 1232 1080
000356.jpg,1424 1133 648 248 94 1634 717 1573 1309 365 605 1040 610 435 1498 2830 1020 811 2560 1131 538 568 1581 1110 883 881 2680 2151 112 1311 1966 678 1243 544 1783 2788 1968 1794 2341 2251 1379 870 2005 937 434 392 1079 410 336 749 1670 1707 2364 1325 1894 416 2095 593 673 338 730 1455 253 1546 843 1454 1850 1516 1466 2549 535 288 2417 1068 855 1913 2006 1174 821 2516 800 2219 2613 1007 2697 1142 774 1526 2730 2843 742 2290 1005 2299 1936 1094 2492 2087 1969 1511
000357.jpg,1705 1681 2600 487 337 1384 942 2543 966 2085 1495 2458 1742 1119 1676 320 2262 1978 2369 1002 1031 607 2660 1370 852 1718 2392 2357 144 50 1893 2257 2696 243 1554 1000 1614 1331 1673 1981 360 2259 1237 1567 2596 1518 1853 1695 813 355 1604 451 908 1105 1396 446 530 1508 791 2664 1739 2064 1301 2049 2782 921 2803 1287 1565 1290 631 1017 1058 2140 984 1621 710 660 542 54 2420 871 1906 2282 2796 662 1909 394 1613 1245 1255 1239 1254 1944 1241 1252 1943 1243 1251 1250
000358.jpg,330 1704 2742 1532 2099 152 1339 354 849 2479 2228 1896 671 1956 532 2028 696 458 2819 2557 2674 313 1376 1708 847 734 1335 2500 1741 972 1917 1297 28 238 587 2250 2191 2283 505 1563 633 2181 2592 2052 2177 2365 1827 92 533 523 1680 2322 2681 2370 2193 711 503 120 2689 705 81 771 1873 2716 772 2119 1332 1111 602 2527 1961 2552 504 175 2062 1021 618 2316 2017 200 1010 1746 2237 740 261 2199 2814 653 2693 2698 2773 1273 968 2265 1314 1955 2534 295 2280 1317
000359.jpg,1125 1753 2777 2077 2772 2478 70 2561 2510 1035 2015 1252 2818 951 1834 431 1839 315 1759 2757 2622 1390 1557 2663 2 18 2161 601 2302 191 1165 1842 767 277 2405 1177 1247 1178 1246 1245 1244 1179 1243 1943 1944 1249 1239 2408 1237 1236 1235 1180 2409 1233 1241 1250 2421 1176 1268 1267 1266 1265 1171 2400 1263 2401 2157 1260 1259 1942 1257 2425 1256 1255 1173 1254 2404 1174 1175 1949 1251 1232 1189 1210 2422 1188 1209 2415 1207 1206 1205 1204 1203 2416 2417 1200 1199 1198 1197 2156
000360.jpg,795 1338 317 2412 17 573 1622 2486 600 2255 2811 2100 2648 846 642 1571 2063 307 127 685 1 349 90 352 1238 267 891 1291 2399 2727 1520 2709 2372 1694 577 2484 1572 234 1112 1349 1939 2481 2403 1101 2138 2466 264 913 2185 2584 1411 472 1294 1446 665 1060 1360 1270 1258 2298 1129 1684 2226 2455 2338 2616 2710 1862 1159 1698 2223 1095 1630 2468 2740 147 2595 195 403 2215 1618 1540 2340 969 2189 2844 203 1629 1524 867 2158 405 2835 1828 2473 787 2271 810 638 71
000361.jpg,950 1752 2367 2556 85 987 1146 2300 312 2832 1926 556 1386 635 817 2082 2270 547 1202 2069 221 1405 2790 1102 1407 943 1656 2817 1496 1799 1319 4 59 1545 626 2389 613 1636 2272 1316 2815 611 1737 1965 2713 1860 188 826 1624 1644 194 518 2631 663 2538 2044 1934 2411 2501 2528 2477 283 2352 1278 1416 1096 1948 1261 2628 1051 201 2433 1320 1324 1524 1338 1341 1586 1345 1584 1348 1580 1349 1350 1328 1587 1607 1313 1208 1215 1218 1229 1234 1238 1242 1253 1622 1258 1264 1619
000362.jpg,1798 1334 2323 761 2249 962 2277 1394 572 2787 2066 1213 304 2178 2113 545 1801 529 1353 2579 2408 727 658 589 213 1306 1951 1115 2546 485 1175 2566 520 395 2644 1883 1333 954 1685 2354 707 1300 1389 2317 2054 93 898 895 1590 251 1019 2784 483 1230 714 1087 1928 2409 1166 1558 19 1945 232 424 374 803 2759 1849 1269 2540 1427 2381 1251 1259 1943 1942 1245 1246 1257 1231 1241 1232 1233 1247 2405 1944 1249 1250 1256 1255 1235 1236 1244 1254 1237 2404 1239 1252 1243 1052
000363.jpg,1007 406 2145 1385 1779 1526 742 773 2763 1894 2102 519 2516 1800 1645 1992 2613 1871 1731 1138 1325 1707 1969 1511 257 1442 2609 535 2377 1527 2219 186 709 288 1068 2843 410 1079 1670 811 1419 392 301 1516 1783 544 112 2331 2549 2341 253 883 1466 1794 434 1311 2730 1233 1232 1231 1230 2410 1228 1259 1260 1251 2409 1250 2404 1249 2405 1247 1246 1245 1254 1244 1243 1942 1943 1241 1944 1239 1256 1257 2408 1237 1252 1236 1235 1255 1052 1219 1226 1197 2156 1195 1194 1192 2420 2421
000364.jpg,802 429 555 1492 142 2078 1890 2029 868 1888 2333 554 1562 2668 432 2117 1686 1418 886 597 866 417 176 2108 878 1430 1553 1065 1699 1886 681 2743 1393 1033 332 1236 289 62 979 2227 2786 1256 2267 21 2451 2384 1431 361 1398 36 199 2380 1588 1132 571 1053 680 340 2423 743 733 1268 1499 78 292 893 302 536 500 1793 2415 2568 427 901 2217 1228 1237 1368 1235 2409 1226 1233 2166 1227 1231 2355 1372 1230 2410 1371 1370 1232 1337 1367 1239 2165 1363 1255 1254 2404
000365.jpg,2045 2023 2755 1584 747 258 2034 2545 1796 770 1414 1417 1360 1358 1421 1355 1350 1349 1348 1345 1341 1362 1366 1373 1416 1375 1338 1377 1381 1386 1388 1392 1405 1407 1409 1411 1369 1328 1 1320 1172 1181 1190 1191 1193 1196 1201 1202 1208 1215 1218 1229 1234 1238 1324 1242 1258 1261 1264 1270 1276 1278 1279 1291 1292 1294 1295 1307 1313 1316 1253 1319 1437 1432 1571 1572 1575 1576 1580 1586 1587 1589 1607 1615 1617 1618 1619 1622 1623 1624 1627 1629 1630 1636 1640 1644 1649 1652 1653 1656
000366.jpg,1416 1948 1096 1362 1897 987 635 155 715 1569 2721 1261 2628 1051 194 2545 1796 2034 1366 1190 1360 1218 1369 1355 1350 1191 1349 1193 1358 1181 1377 1375 1348 1381 1386 1388 1392 1405 1407 1409 1411 1414 1373 1345 1338 1215 1229 1208 1234 1238 1242 1253 1258 1264 1202 1270 1276 1278 1341 1279 1292 1294 1295 1201 1307 1313 1316 1319 1196 1320 1324 1328 1291 1 1432 1421 1571 1572 1575 1576 1580 1584 1586 1587 1589 1607 1615 1617 1618 1619 1622 1623 1624 1627 1629 1630 1636 1640 1644 1649
000367.jpg,1883 1300 251 2113 2178 304 1213 2066 1427 2540 2546 1394 1115 1353 545 2381 803 529 2277 1900 2040 364 101 341 1389 436 737 215 1230 989 1798 374 2579 2504 2784 646 2644 395 1898 1801 589 727 658 2759 2114 572 1451 483 962 1361 789 1106 2323 2787 1334 1951 1306 240 1559 1175 485 1971 1257 2000 1019 1683 581 1593 1093 1786 407 766 328 2238 2242 2022 1333 63 293 2054 1180 2288 926 1818 564 76 1943 1259 1942 1260 2157 1944 2401 1241 1189 1188 1252 1255 2420 1256
000368.jpg,1742 2458 243 1554 1370 1495 1105 1396 813 355 966 337 2696 2257 607 1705 1681 2600 487 1673 1384 530 1604 1331 1614 2660 1301 320 2049 942 2543 1237 2369 446 1031 1567 2085 1981 1853 908 50 1893 1000 1695 1739 2664 144 1002 1119 871 1058 2140 360 2259 451 1676 2782 542 54 2452 660 710 1508 791 2796 1879 2420 631 2093 1017 1909 394 662 1613 984 2361 1251 1250 959 1249 2405 1247 1246 1245 2354 960 1244 1243 2353 1943 1241 1944 1239 2408 2502 1236 1235 1252 2409 2404
000369.jpg,757 1728 1533 754 2533 1149 2320 1231 2021 2756 29 286 2172 2673 293 2787 218 739 1383 1296 119 80 2430 1689 2024 1312 1984 2143 1597 426 24 634 2408 213 1448 1269 424 1265 135 184 558 2638 2295 1478 2472 2615 2413 967 2540 19 232 2566 1945 520 1529 2390 1722 1867 2414 1183 2405 1184 1185 1247 1186 2422 1246 1245 1188 1244 1243 1943 1189 2421 2420 1249 2423 1250 1949 2400 1177 1263 2401 1178 1179 2157 1260 1192 1259 1257 1256 1255 1180 1254 2404 1252 1251 1942 1241 1944
000370.jpg,2045 2023 2755 1584 747 258 1 1362 1360 1358 1355 1350 1348 1345 1341 1338 1328 1349 1366 1375 1373 1377 1381 1386 1388 1392 1405 1407 1409 1411 1414 1416 1417 1421 1369 1324 1316 1319 1167 1172 1181 1190 1191 1193 1196 1201 1202 1208 1215 1218 1229 1234 1320 1238 1253 1258 1261 1264 1270 1276 1278 1279 1291 1292 1294 1295 1307 1313 1242 1428 1437 1159 1572 1575 1576 1580 1586 1587 1589 1607 1615 1617 1618 1619 1622 1623 1624 1627 1629 1630 1636 1640 1644 1649 1652 1653 1656 1658 1660 1663
000371.jpg,1466 338 730 2516 2843 1325 1707 1526 257 2341 253 336 1442 1992 519 1498 1455 1969 1511 2763 773 1243 1419 1794 1871 1007 1131 1670 186 2219 709 648 248 1133 301 392 2102 1645 1731 1138 544 1783 434 937 94 2364 2151 568 1379 1079 410 406 2145 1779 1385 2331 2549 883 811 112 1894 535 1495 2613 1800 742 1424 538 966 2458 320 749 2788 1110 1516 2730 1311 1239 1255 2408 1254 1237 1236 2401 1256 1944 1942 2404 1252 1251 1250 1241 1257 1943 2405 1247 1246 1244 1260 1259
000372.jpg,332 340 571 1065 1393 2743 1033 2668 2786 2227 979 176 1562 554 1890 1268 2029 868 1888 2333 886 597 1418 1686 988 193 121 142 555 2108 2090 569 1492 417 429 62 802 2078 289 680 536 21 2384 2451 432 1398 361 681 1588 1132 199 2423 878 2217 1793 2415 427 901 1431 1256 78 292 302 893 2117 1053 866 2568 36 1699 1553 1886 1430 2267 1236 743 1189 56 370 2047 2032 2380 733 1246 1250 1265 1249 1266 2420 1197 1198 1267 1247 2421 2405 2400 1263 1252 1257 2156
000373.jpg,1993 550 2631 463 2840 1422 1617 134 2767 712 1552 179 518 2836 1045 2837 169 2130 2050 440 735 1663 1444 1328 1369 2707 1679 1623 1782 2375 197 433 1649 480 2439 1544 2649 925 947 1381 1658 1218 1261 2454 900 1486 1437 2241 1840 1054 1417 1489 1701 860 2735 1710 1029 2011 645 445 2628 2289 769 1895 2769 663 1788 2650 1640 305 155 562 51 1092 1983 173 2482 161 1870 319 1253 2397 1051 2538 2138 260 563 659 674 2826 2133 2088 2076 906 1208 1307 2419 559 2574 2652
000374.jpg,472 127 1803 1355 1811 1167 1509 2444 1060 1862 2595 2710 1629 203 1524 1295 1807 991 147 2189 577 2771 641 2431 1278 1607 1341 1069 2758 1373 888 1735 1863 262 2385 1059 342 551 687 2468 273 1242 2524 2104 2797 741 867 2403 2749 2517 814 385 795 2619 1159 2175 1025 226 2455 403 1539 1619 891 267 1291 1238 879 1982 1925 2215 2709 1215 2811 2255 2063 352 667 2371 2776 90 1445 30 638 810 2473 2484 2013 2820 1324 1421 2266 2226 1101 154 2740 2460 428 1549 2412 2139
000375.jpg,726 1635 390 1715 1967 2236 2053 1124 1037 1050 314 1730 1475 2806 999 1011 1568 295 2301 1216 1648 2406 1275 1143 159 1097 1293 1008 2407 2687 331 1140 1929 344 391 2059 484 1662 2429 799 1756 1395 2062 1822 1118 27 1317 805 655 430 326 580 31 2693 1755 2285 2232 1829 220 216 1240 653 1187 1024 209 838 139 207 1303 268 131 1875 1921 1506 786 478 936 2715 1924 2173 1297 125 456 1281 1912 495 1843 2505 2465 418 52 1481 53 534 806 452 290 780 1262 402
000376.jpg,2554 419 894 2153 1632 96 2060 1032 189 106 1927 1214 22 1171 2109 2567 481 2751 2401 2612 815 1987 1661 167 2726 20 1744 2162 2627 396 856 309 1217 333 1365 2222 941 744 1013 1336 1315 2160 454 84 1251 171 1364 2831 2571 592 785 2555 1277 1727 834 2058 506 1844 1286 959 565 2841 1139 2404 957 1766 1889 2464 609 2141 1371 621 2705 42 2425 1449 281 2677 2502 1602 1953 214 2348 1866 2079 2116 1108 1283 1233 1232 1367 1231 1368 1230 2410 1228 1227 2409 1226 1225
000377.jpg,1125 2777 1753 2772 2077 2478 2561 70 2510 2818 951 2015 1252 1834 1035 2663 2 18 2161 1842 601 1839 315 1759 2757 431 191 1165 2302 1390 2622 1557 2685 2315 1980 2702 277 767 1747 1938 1833 2496 1443 2686 889 369 1460 1989 1249 2408 1257 1267 1942 2401 1237 1236 1268 1269 1235 2409 1233 1259 1239 1250 1256 1266 1263 2405 2400 1247 1246 1245 1251 1944 2157 1244 1243 1943 1254 1241 1255 1265 2404 1260 1052 1231 2417 1200 1199 1198 1197 2156 1195 1194 1192 2420 2421 1189 1188 2422
000378.jpg,1115 1213 2066 2546 1389 1798 304 2178 2113 589 727 658 485 1175 1394 1951 1306 545 2579 2323 1334 962 572 581 2787 1683 374 2759 2114 803 1300 2540 1361 646 2277 1451 789 483 293 2054 1427 1230 1019 1333 1559 1106 2000 251 529 2644 395 954 1685 240 341 1801 2656 1693 2149 2022 898 1093 1898 63 2381 761 2249 714 1558 149 1712 182 426 1597 989 2238 328 407 766 2504 101 895 1590 93 1883 1760 1353 1689 24 2024 634 2242 2784 1593 2409 1087 1928 1166 2471 1269
000379.jpg,1365 2141 785 2153 419 2554 894 1108 1632 96 2109 1171 22 1214 189 1032 2060 1927 106 2567 1283 84 481 941 270 2751 815 1987 43 2188 971 2152 1768 2761 2048 2401 2612 183 621 1371 2502 1802 2562 1953 214 2348 1866 2688 333 309 1217 2498 959 2442 909 856 2448 1661 2222 387 1596 2720 2841 1139 744 1880 171 1315 2160 1013 1336 1889 2627 396 1605 592 1744 167 20 2726 2162 2116 644 2831 924 1471 398 2503 1766 2404 609 2464 957 454 42 2571 861 1602 45 1251
000380.jpg,1728 754 2533 2320 1149 2021 29 1533 1231 2756 286 2172 2673 293 757 739 218 2787 2024 1984 1312 2430 426 1597 1296 1383 80 119 1689 2472 2143 24 634 2638 1478 184 2615 1265 646 727 589 2054 658 967 1306 1951 2540 2296 91 499 792 2235 1529 2390 572 485 1798 962 2323 1334 1175 76 853 1389 436 1230 2114 215 737 1250 1251 1252 2404 1254 2408 1257 1256 1942 2401 1245 2405 1239 1944 1241 1943 1247 2157 1243 1260 1244 1255 1246 1249 1259 1052 1236 1206 1205 1204 1203
000381.jpg,989 2381 364 1900 2040 803 341 251 436 215 737 101 1427 1230 2540 2504 1115 1898 2546 374 2114 1883 395 2644 572 646 2277 1300 1798 529 1451 2238 328 766 1971 1257 962 1106 407 1389 2759 2579 1559 1786 2787 2000 2242 1361 1394 1683 1353 545 1334 2323 581 2178 304 2113 1093 2066 1213 1801 564 1180 926 1818 2288 1357 2281 76 39 1306 1951 483 2495 789 2054 485 1175 1137 614 2784 293 1091 230 727 658 589 2072 1207 714 1558 2224 777 1996 1087 1590 895 898 93
000382.jpg,2185 1129 2298 795 2517 2584 1411 1694 2801 1684 1440 2619 2529 143 1215 386 1295 1807 1509 2468 718 991 273 1242 2104 2524 958 1863 1360 888 1373 641 2771 697 2740 2444 1735 262 741 1524 203 1629 2189 1278 127 147 1514 2385 1445 638 1803 30 810 71 2271 787 687 1355 1167 1811 154 1862 557 2363 2797 665 1294 1059 342 551 2431 1480 1816 1366 1619 2460 879 2481 2616 1270 1939 1258 2371 667 472 2710 2749 577 1291 891 267 1238 428 2776 1925 1982 2139 1446 352 1060
000383.jpg,2510 70 431 1839 2561 2478 2772 2777 1753 2077 1125 1035 951 2818 2015 1252 1834 1759 2757 2663 2 18 315 601 1390 2622 1557 1842 1165 2302 191 1747 2315 2685 1980 2702 767 277 1938 1443 2496 1833 2686 889 1254 1239 2408 1237 1942 1259 1940 1260 1265 2157 1235 2409 2401 1233 1232 1263 1236 1944 1269 1257 1251 1250 1267 1255 1249 2400 1247 2404 1246 1256 1245 1244 1243 1943 1241 1268 1266 2405 1052 1230 1200 1199 1198 1197 2156 1195 1194 1192 2420 2421 1189 1188 2422 1186 1185 1184
000384.jpg,1961 200 618 2316 2017 1021 533 2698 1273 2773 2693 653 2164 1127 1274 2794 771 1356 1917 449 1500 2091 239 113 455 1781 822 2137 2343 858 1598 1248 2311 561 1011 2531 1780 290 495 33 1941 1303 1829 2279 2232 1262 1568 1435 525 625 679 2552 1022 1339 2632 711 696 1746 252 331 330 1335 1332 2280 2557 344 245 649 2236 238 2237 356 654 354 655 2634 1026 1755 241 1024 346 1692 2285 1275 2283 1756 1967 324 326 268 1708 2265 1297 699 1299 296 295 1008 1302 2592
000385.jpg,1425 1449 350 1380 946 1267 1044 1057 2305 1750 1263 2514 205 761 2249 459 2573 1090 1763 2791 2030 2706 690 2677 396 2627 281 2317 2268 2167 443 1308 586 1082 376 1447 16 1483 1469 44 1245 1246 1247 2405 1239 1237 1944 1244 1243 1943 2408 1236 1241 1255 1250 1271 1940 1269 1268 1266 1265 2400 2401 2157 1260 1259 1942 1257 1256 1235 1254 2404 1252 1251 1249 2409 1052 1232 2417 1200 1199 1198 1197 2156 1195 1194 1192 2420 2421 1189 1188 2422 1186 1185 1184 1183 2423 1949 1180 1179
000386.jpg,1146 312 2832 987 635 1934 188 2044 2501 2411 1319 611 1405 2528 1644 1624 85 1202 2790 1102 2817 1656 556 1386 1407 1926 817 943 2082 547 2270 221 2300 1752 950 2069 4 1799 1737 2389 59 1545 626 2631 663 518 2538 550 1617 1422 2670 1264 1270 1276 1278 1279 1291 1292 1294 1295 1307 1313 1316 2797 1320 1324 1328 1338 1341 1345 1348 1349 1350 1355 1358 1360 1362 1366 1261 1369 1258 1242 1096 1101 2811 1112 1122 1123 1129 2801 1148 1151 1158 1159 1167 1172 1181 1190 1191 1193
000387.jpg,2457 509 5 1515 844 1889 957 2464 2725 2404 609 2128 1766 2448 744 244 1616 1696 2115 1426 1637 1061 466 163 388 306 498 375 1326 473 23 661 2168 1556 2351 425 2124 2366 2014 2562 476 2261 669 1227 829 2194 42 2720 851 592 1960 40 520 19 232 1945 2169 2508 2278 2567 2751 1214 1171 22 2442 1596 43 448 2425 1591 2726 1744 2162 1761 2222 1661 2109 644 1318 2807 636 1536 1880 1802 2188 387 2498 2760 2182 45 183 2608 582 1083 1230 1365 1231 2409 2410 1235
000388.jpg,2716 2365 2552 28 2250 505 1563 523 238 2689 2181 175 705 2557 2479 849 2370 587 2500 81 2534 2191 1532 458 2819 1896 313 1827 1708 2119 2681 734 120 847 2674 2283 2228 2592 152 1741 2099 2193 1335 504 1680 1111 602 772 1376 1704 2052 972 1339 633 1746 354 2322 330 1956 671 2028 532 2742 1917 696 503 92 1332 1873 711 2527 1955 1314 740 2237 2764 1117 1297 2177 2144 68 1010 2265 1852 968 553 1756 2280 2597 1021 999 1022 1715 2632 1317 2610 344 699 2285 268
000389.jpg,2823 65 1512 1254 903 1310 1107 2388 1975 1114 931 250 684 1340 2754 2550 1507 768 2019 284 1908 835 1323 702 848 1830 1691 575 2604 107 1608 1821 1720 2314 1186 2624 1845 126 2414 990 2601 502 103 297 1104 1669 1767 1413 578 1236 2401 2404 1255 2409 1233 1232 1231 1263 1256 1230 2410 1235 2157 1251 1237 1247 1245 1244 1243 2405 1259 1260 1252 1942 1241 1944 1249 1239 1250 2408 1246 1943 1257 1945 1227 2156 1195 1194 1192 2420 2421 1189 1188 2422 1185 1184 1183 2423 1949 1180
000390.jpg,780 52 2244 1465 2059 786 418 1481 1662 53 2429 534 806 484 363 346 2821 290 1438 452 999 1475 478 2285 402 936 471 2470 1378 1022 2301 2634 840 758 389 2687 2467 2690 1039 467 216 1730 89 1918 1568 108 1929 1941 1008 2407 753 2236 495 1843 628 1220 2565 1692 726 225 2765 1780 643 2611 2398 1612 131 653 2806 430 655 1048 1050 314 268 1140 1303 504 2465 2505 1503 2142 241 1500 138 1124 2053 344 1018 1472 1875 331 1037 1506 1275 1141 464 1789 1706 1831
000391.jpg,1487 1113 1144 953 1471 1865 2573 1052 1241 1944 1239 2408 1237 1236 1235 2409 1232 1943 1231 1230 2410 1228 1227 1226 1225 1224 1223 1222 1221 1945 1233 1243 1245 1219 1940 1269 1268 1267 1266 1265 2400 1263 2401 2157 1260 1259 1942 1257 1256 1255 1254 2404 1252 1251 1250 1249 2405 1247 1246 1244 1946 2414 2413 1185 1184 1183 2423 1949 1180 1179 1178 1177 1176 1175 1186 1174 2425 1171 1170 1169 2426 2427 1166 1165 2428 1163 1162 1173 2422 1188 1189 1271 1214 1213 1212 1211 1210 1209 2415 1207
000392.jpg,2766 2825 447 2736 204 2842 116 2511 1547 1134 246 2558 1463 1056 1944 2294 97 1606 1935 2665 2068 722 2041 1055 137 899 2135 1212 2741 692 1067 1126 1825 2719 442 2292 79 1986 725 2728 2207 790 1962 2319 1841 362 2258 165 2305 2037 1771 1892 2625 1677 1998 350 2506 1130 1088 1942 608 864 274 2440 1408 271 526 994 508 444 1940 368 1725 1462 423 1931 2526 2220 2089 2051 1439 2183 1195 1235 2165 1363 1364 1365 2357 1367 2409 1189 1368 1233 2166 1370 1371 1232 1231 1372
000393.jpg,1977 1651 1179 2328 2491 2682 2252 1063 841 639 1579 1578 2042 945 9 1920 227 2647 748 916 998 1770 1583 517 2310 1470 1531 887 114 1769 952 515 2225 1354 919 2729 1657 928 1791 2379 1970 763 982 2575 1667 1585 819 2778 1851 930 2097 118 2792 1239 1367 1368 1566 2065 1528 567 808 2361 2488 2723 512 778 382 2711 1854 1211 579 1154 566 492 2459 1226 1236 2357 1184 1235 2409 1233 1232 1237 1185 1231 1230 2410 1228 1227 1186 1192 1944 1183 1255 1254 2404 1252 1251 1250
000394.jpg,1643 1819 196 776 353 98 585 2081 2474 1625 2067 910 1042 1864 2462 701 1402 2103 869 2334 2027 809 2353 381 781 69 276 233 2256 1963 1344 2361 2264 871 2101 1528 206 343 153 1403 1600 2132 1128 1077 247 1204 1751 2603 2485 862 1633 2582 516 604 549 2204 1232 1241 1239 1944 1943 1235 1236 1237 2408 1233 2409 1249 1244 1263 2401 2157 1260 1259 1942 1257 1256 1255 1254 2404 1252 1251 1250 1231 2405 1247 1246 1245 1243 1230 1052 1228 1199 1198 1197 2156 1195 1194 1192 2420
000395.jpg,1921 721 2061 1972 2402 1647 1756 1395 1317 805 1829 1755 1472 27 799 2406 1648 2698 1967 1187 1273 1011 1140 1018 2632 782 1568 1050 314 390 1715 1635 1216 2053 1124 2236 726 2232 1303 1506 1612 1918 1475 1037 138 2279 331 1024 999 2693 1048 1026 1262 2715 2343 430 655 1008 2407 484 534 806 216 1662 2429 344 391 2806 927 464 295 1706 1789 1831 1655 1240 1275 200 2017 2316 618 1021 2773 1127 225 1924 1780 504 455 580 326 31 561 2765 2059 495 2285 1843 131 268
000396.jpg,2285 53 452 131 268 495 1843 1875 2236 1037 290 2059 1124 2053 344 1216 1475 2565 1140 331 391 726 1941 999 1929 484 1022 2806 295 52 2531 2142 241 1500 2301 1275 1730 780 1662 786 33 467 1503 2687 418 1481 1465 2244 430 655 1378 2765 2429 1011 1039 1008 2407 1780 2398 2634 758 840 389 1240 108 534 806 1506 346 2821 1924 1024 753 653 1220 628 449 225 89 1127 1612 1918 216 220 1692 363 2470 2232 1303 2505 2465 1021 1048 138 643 2611 390 1715 1635 504
000397.jpg,53 2059 2285 52 452 346 2821 2244 1465 780 1662 1022 484 1378 786 418 1481 363 999 290 467 2690 402 108 806 534 1475 389 2634 840 758 478 2429 936 2687 1039 2467 1438 753 628 1220 89 2565 2301 2398 504 1303 471 1048 1918 131 1692 2470 1843 138 1730 1929 2611 643 495 2765 1941 268 1875 2505 2465 1612 2142 241 1503 655 430 726 2407 1008 1568 216 1062 129 501 1275 653 1780 1018 1472 1500 2806 225 782 2632 2236 33 1024 295 220 788 125 2531 331 1037
000398.jpg,1007 1385 1779 2145 406 1526 1894 742 2516 2763 773 2102 519 1707 1800 1645 1992 2613 1138 1871 1731 1325 1511 1969 535 257 1442 2609 709 2377 1527 186 2219 288 410 1079 1068 1516 811 2843 112 1670 1783 544 434 301 1419 392 2549 1466 1794 2730 1311 2331 2364 937 2341 253 749 1110 1379 1214 1246 1184 1185 1245 1244 1243 1943 1241 1186 1944 2422 1239 2408 1237 1236 1235 2409 1247 2405 1249 1250 1259 1175 1942 1176 1177 1178 1257 1179 1188 1180 1255 1949 1254 2404 1252 2423 1183
000399.jpg,2101 1555 974 3 1642 254 368 1725 2499 598 444 531 329 804 2598 2436 1462 2490 608 274 1088 508 526 994 864 2405 1464 1452 1868 140 2183 1439 2051 2037 2625 2359 1076 2382 1958 2170 423 686 66 1892 1771 1677 1998 2286 1591 2813 1937 2248 1874 1223 2580 2536 282 873 929 1985 2426 1745 1136 14 652 1639 2393 948 677 2683 146 2639 574 647 1246 1260 2157 1239 1263 2400 1265 1266 2401 1259 1942 1944 1245 1244 1249 1250 1251 1243 1252 2408 2404 1254 1943 1255 1256 1241
000400.jpg,1056 2294 1944 1055 2766 2207 2728 725 2825 447 1825 2558 2719 2842 204 2736 116 1606 2511 1134 1547 246 1212 2741 137 790 692 899 2135 1126 2292 442 1962 2319 1463 1986 722 2068 2665 165 97 1067 1935 1439 2183 2051 1940 1677 1771 2625 2037 1892 2305 79 350 1998 1088 1252 1251 1250 1188 1249 1189 2405 2421 2420 1246 1192 1245 1244 1243 1943 1247 2422 1185 1241 2400 1179 1180 1949 2423 1263 2401 2157 1186 1260 1942 1257 1256 1183 1184 1255 1254 2404 1259 1194 1213 1195 1265 1223
000401.jpg,2150 123 882 986 1255 1757 372 1243 1943 1241 1944 1239 2408 1237 1236 1235 2409 1233 1232 1231 1230 2410 1228 1227 1226 1225 1224 1223 1222 1244 1245 2405 1247 1272 1271 1940 1269 1268 1267 1266 1265 2400 1263 2401 1246 2157 1259 1942 1257 1256 1254 2404 1252 1251 1250 1249 1221 1260 1945 1052 1219 2422 1186 1185 1184 1183 2423 1949 1180 1179 1178 1177 1176 1188 1175 1173 2425 1171 1170 1169 2426 2427 1166 1165 2428 1163 1162 1174 1938 1189 2420 1946 1217 2413 2414 1214 1213 1212 1211 1210
000402.jpg,1087 1019 63 895 93 2022 1590 898 614 1137 1257 1971 714 2409 1928 1166 1333 1558 2072 1207 1197 1631 1847 1513 1161 954 1593 853 1801 1298 1786 1785 1228 2066 545 1213 1685 1346 949 2737 1343 617 2542 1561 2324 2247 2493 540 1535 832 2178 2113 304 1394 291 783 1597 1795 1773 1434 634 1898 1093 803 341 1538 2489 2699 1846 2277 2323 1334 426 24 374 149 483 2784 240 1300 789 407 499 2016 940 2112 182 1712 2149 1693 2656 1389 1115 572 2546 1230 2224 2430 2143 376
000403.jpg,2011 645 445 1679 1054 1623 2707 1029 1328 1444 947 1649 1663 169 134 1552 2837 1045 2840 2767 712 319 1253 2050 2130 1617 1422 440 735 179 1544 2439 2836 550 2735 2241 1840 1993 1782 1381 1658 2628 2631 663 518 1261 965 2538 433 2375 197 1218 925 1369 2649 1870 194 1417 1788 1489 1051 860 2287 2544 259 1229 1313 1215 1316 1319 1159 1158 1320 1324 2801 1338 1151 1341 1148 1345 1348 1349 1146 1350 1129 1355 1167 1307 1294 1196 1234 1193 1238 1242 1191 2811 1258 1201 1358 1295
000404.jpg,627 67 2583 2509 202 1810 1012 1406 249 1075 2121 2350 1001 1052 1236 1237 2408 1944 1241 1943 1239 1235 1231 1233 1232 1230 2410 1228 1227 1226 1225 1224 1223 2409 1243 1246 1245 1940 1269 1268 1267 1266 1265 2400 1263 2401 2157 1260 1259 1942 1257 1256 1255 1254 2404 1252 1251 1250 1249 2405 1247 1222 1244 1221 1217 1219 1188 2422 1186 1185 1184 1183 2423 1949 1180 1179 1178 1189 1177 1175 1174 1173 2425 1171 1170 1169 2426 2427 1166 1165 1176 2421 2420 1192 1946 1271 2413 2414 1214 1213
000405.jpg,1781 2669 192 2025 2091 239 2070 2794 61 1141 1787 268 1875 2164 33 131 822 2137 207 245 654 525 49 383 2531 241 2142 495 1503 2396 1843 113 2565 2280 225 2311 139 2285 1024 2232 408 290 1941 653 1505 1780 2173 1274 2470 449 838 455 1506 1500 1127 209 53 1262 252 1168 1299 1924 452 1356 1248 296 356 1282 625 679 1021 1612 2765 1435 1140 1568 1598 216 2693 758 2634 389 840 1022 1829 1039 726 1918 27 858 331 138 344 2279 999 1789 1655 927 1378 467
000406.jpg,2263 2623 1525 2386 2678 1726 1083 2116 1199 2572 6 1084 1280 2503 398 1458 851 1960 40 592 1702 2442 2571 1013 1336 2079 2197 582 2141 732 181 620 300 762 1205 2303 1979 2494 117 1198 309 333 1217 275 1315 1232 2160 971 2522 2056 1064 2188 43 1596 2562 1907 644 1364 1251 45 1365 785 2720 1108 759 546 2643 1802 856 861 2688 2498 387 104 1371 543 474 907 2591 1591 1144 423 2230 335 23 1080 2705 236 1560 2627 1987 481 396 815 1768 1283 2761 270 2048 1797
000407.jpg,802 429 555 1492 142 2078 1890 2029 868 1888 2333 554 1562 2668 432 2117 1686 1418 886 597 866 417 176 2108 878 1430 1553 1065 1699 1886 681 2743 1393 1033 332 1236 289 62 979 2227 2786 1256 2267 21 2451 2384 1431 361 1398 36 199 2380 1588 1132 571 1053 680 340 2423 743 733 1268 1499 78 292 893 302 536 500 1793 2415 2568 427 901 2217 1228 1237 1368 1235 2409 1226 1233 2166 1227 1231 2355 1372 1230 2410 1371 1370 1232 1337 1367 1239 2165 1363 1255 1254 2404
000408.jpg,204 2135 1212 2741 137 899 1606 2558 116 2842 1463 2766 1986 2041 1935 1825 447 2825 97 725 2207 2728 1055 1134 246 1547 2511 1944 2294 2068 722 2665 2719 165 1056 1940 2736 2319 2292 692 790 1962 442 79 1067 2405 1263 2400 1265 1266 1239 2408 1241 1267 1251 1236 1268 1235 2409 1269 1237 1252 1943 2401 1247 2404 1254 1255 1256 1257 1243 1249 1259 1260 1246 1245 2157 1250 1942 1244 1052 1232 2417 1200 1199 1198 1197 2156 1195 1194 1192 2420 2421 2416 1189 2422 1186 1185 1184 1183
000409.jpg,2320 2533 1149 2756 29 293 754 2021 1231 1728 2172 286 2673 1533 757 2024 739 218 2787 426 1689 1597 24 2143 2430 634 1984 1312 967 2472 2638 119 80 1383 1296 1804 1719 853 1478 184 2615 1265 1558 714 2224 898 2540 2054 646 727 658 589 1928 2409 93 1166 895 1529 2390 91 2235 2296 499 792 1087 1590 1451 1559 1361 1427 76 2072 1207 251 1197 1106 2000 1798 572 962 1334 2323 1306 1951 803 1224 1198 1944 2156 1241 1943 1195 1243 1194 1192 1244 1245 1246 1247 2420
000410.jpg,757 1533 1728 754 1231 1149 2320 2533 29 2021 2756 2172 2673 286 293 2430 1689 2024 2143 24 1597 426 218 1984 1312 634 739 2787 119 80 1383 1296 2638 1265 2472 213 2408 2295 424 1448 2615 2413 135 1269 1478 184 558 967 1719 1804 19 2566 1945 520 232 2390 1722 1867 1529 1243 1949 1176 1943 2157 2423 2401 1183 1241 1944 1184 1239 1263 1244 1245 1254 1255 2404 1177 1256 1252 1251 1250 1257 1246 1249 1942 1179 2405 1247 1259 1260 1180 1185 1178 1199 1236 1217 2414 1214 1213
000411.jpg,1798 2323 1334 962 529 2277 1801 2644 395 572 2787 589 727 658 1175 485 1951 1306 2579 1353 1394 2066 304 2113 2178 1213 545 1300 1230 761 2249 1389 1883 1590 483 898 93 895 374 2759 1427 2546 1115 789 1928 714 1166 2409 1333 1685 954 2540 215 737 436 101 2054 240 251 1019 646 2784 293 581 1197 853 1683 1451 1361 1558 1087 364 803 1971 1257 2114 2504 2381 1259 1236 1260 1942 1237 2401 1256 2157 1245 1239 1247 1249 1250 1251 1252 1244 2408 2404 1255 1243 1943 1246
000412.jpg,2823 1260 807 924 2643 1697 285 759 1702 1221 1761 546 1891 2816 1153 411 829 468 1723 475 1916 2346 2751 2567 669 1471 1188 582 6 620 732 181 650 2666 2168 820 1541 1603 334 750 2167 2268 1456 922 2171 298 1570 2810 1083 2261 1227 476 2109 2387 1171 22 1214 1703 2216 1288 1363 2043 1797 2152 2194 1015 973 1285 1284 37 1605 2502 1858 2313 229 953 1487 629 2627 2677 281 396 661 448 2706 2841 1488 189 2060 1032 510 2521 2179 594 1738 454 420 1397 2768 2222
000413.jpg,772 503 711 633 1335 1680 2322 1746 354 2250 238 2193 2028 671 1956 532 872 1852 261 2592 696 2228 2742 1111 2052 602 2773 1297 972 1532 330 2681 1332 1704 28 2199 561 92 2237 740 1774 1164 1109 699 1708 1563 505 1376 31 326 159 580 1827 2715 2479 849 734 968 162 2799 1182 2283 175 1010 313 2062 2181 2552 1097 1118 1293 2814 2099 2674 1896 1273 2698 2764 2789 1327 367 235 412 507 963 1823 1991 2212 316 68 553 2144 2306 1543 1117 705 2534 2689 2822 2819
000414.jpg,2755 2045 2023 747 1584 258 770 1320 2034 2545 1796 1897 497 1948 2046 1416 1586 1362 992 1096 1358 1215 1360 1208 1366 1202 1369 1373 1201 1375 1377 1196 1261 1386 1388 1392 1405 1407 1409 1193 1191 1190 1411 1414 1181 1355 1381 1350 1349 1264 1253 1270 1276 1242 1238 1234 1278 1279 1291 1292 1294 1295 1307 1313 1316 1319 1229 1218 1324 1328 1338 1341 1345 1348 1258 1 1432 1421 1564 1569 1571 1572 1575 1576 1580 1587 1589 1607 1615 1617 1618 1552 1619 1623 1624 1627 1629 1630 1636 1640
000415.jpg,2675 2131 591 616 1812 1181 1564 237 651 527 1988 2205 716 1837 2781 1587 2692 1491 961 2208 41 912 345 537 1264 2530 996 1652 2231 124 918 708 700 2138 1215 2541 1349 1242 2104 2524 273 1025 2662 687 2466 2372 2654 2273 697 969 414 1540 1618 2340 180 668 1295 991 2517 1807 583 1081 588 1497 2648 2619 741 147 2513 1201 1071 1824 1826 2717 1549 1863 2548 1735 1373 888 2771 641 2226 2801 2650 173 2482 2223 2253 2338 1698 1258 1112 1095 195 1994 1446 2616 472 1060
000416.jpg,1305 1052 2512 2071 1933 1790 897 1436 222 2218 1504 2096 935 2750 2355 850 1736 755 2450 2342 836 2362 2645 1911 1098 1321 2156 2691 1638 1709 2201 1806 2432 796 1044 2537 2642 599 2446 666 2452 1621 2318 1200 461 1976 477 1387 1479 908 1717 2587 2655 320 1682 731 2469 2126 2420 1160 208 595 1510 380 823 73 2074 1599 399 1368 2409 1367 1223 1224 1233 1225 1232 1226 2166 1231 1227 1230 1228 2410 1340 1237 1236 1254 2404 1252 1251 1250 1249 2405 1247 1246 1235 1364 1245 1244
000417.jpg,1569 715 2721 48 100 64 439 562 305 51 1640 1796 155 2433 2376 2034 2545 2309 1490 1901 1453 201 1860 2713 1948 1096 1416 1584 2023 1123 1878 2513 2650 1782 2439 2836 2241 1658 1840 1218 1381 2556 1496 2815 1636 1316 2272 518 550 1965 26 2454 1369 2769 1261 1544 2628 712 563 1414 1428 1046 2553 1437 2544 486 1848 2337 231 168 659 2133 978 674 1148 623 906 784 2007 1307 260 259 2826 2088 2652 1345 1355 1350 1348 1358 1349 1 1338 1208 1215 1229 1234 1238 1242 1253
000418.jpg,6 1083 1702 285 1221 582 2643 546 759 620 181 732 1260 807 1697 1797 1570 468 1891 298 2194 2261 1318 2807 1536 636 1188 661 1227 2278 1723 2816 2268 2167 2425 2476 922 1456 475 669 2168 476 42 411 829 1285 973 448 2043 1284 1761 650 2666 2313 1858 122 1916 2346 1015 1153 2171 2810 1865 459 2498 387 2688 1596 2720 1199 229 1610 980 1884 2118 644 956 1882 37 1541 334 750 1603 820 690 1080 1537 23 629 2706 2152 2502 1605 117 2791 327 1198 1659 1205 2303
000419.jpg,52 53 2059 346 2821 780 418 1481 2244 1465 1662 363 786 484 452 2285 478 1438 402 2690 2429 534 806 936 2467 1378 1022 290 471 2687 840 758 2634 389 108 999 467 1475 753 628 1220 1918 2301 2470 89 1039 1692 1048 2398 2611 643 1303 504 2565 138 2505 2465 1730 1612 1843 1941 430 655 131 495 216 2407 1008 1929 1018 1472 2765 1568 1503 2142 241 225 501 268 1780 726 653 129 1062 2806 1875 1500 1275 2632 782 788 125 2236 1140 331 1932 1026 344 1037 324
000420.jpg,2554 419 894 2153 1632 96 2060 189 1032 106 1927 22 1171 1214 2109 2567 2751 481 2612 2401 1277 1727 834 2555 2058 1217 333 856 309 1365 20 167 1744 1661 2222 2162 2726 815 1987 744 2160 1315 1336 1013 454 2627 396 2571 592 1364 2831 171 1251 941 785 1749 1139 2841 2464 609 1889 2404 1766 957 2141 84 1371 621 2705 42 2425 1844 959 565 1286 506 2502 1602 214 1953 2348 1866 2116 2079 1108 1283 2409 1233 1232 1231 1230 2410 1368 2166 1370 1227 1226 1225 1224 1223
000421.jpg,1371 1365 2502 2152 785 84 183 621 1605 2567 959 2751 1953 941 1171 22 1214 815 1987 2141 481 171 214 2348 1866 45 2182 2760 2608 2109 1251 1364 2056 2522 1108 236 2705 2401 2612 1139 909 106 1927 1064 2831 1283 1560 189 2060 1032 2678 96 2841 506 1844 565 1286 270 924 1084 2572 1632 43 2503 398 2263 2623 1525 1726 1199 2153 396 2627 1602 454 1217 309 333 2197 2571 1661 2554 894 419 2188 2562 2761 2048 1768 861 856 592 229 1280 2116 971 1336 1315 2160 1013
000422.jpg,1949 2210 2520 2083 1337 1910 13 640 1272 1754 1038 1041 2421 828 2578 2629 1429 2428 377 2671 2539 2798 323 865 729 2640 933 2828 672 2795 1374 1668 2602 1249 1521 1049 955 698 1764 2570 2032 56 1256 1132 1588 1886 1699 932 839 680 1189 370 2047 1329 2839 2335 500 2423 358 244 1696 1616 1766 2115 536 1431 2117 36 988 193 121 1268 1430 1236 1553 2384 2451 21 2221 2120 2031 1070 2078 1890 142 429 1492 340 571 1247 1244 2157 1260 1259 1942 1257 1243 1254 1263 1245
000423.jpg,848 1830 702 931 1114 835 768 1908 284 1767 1235 2624 1107 1845 1310 2471 903 103 297 126 1512 2388 65 990 2601 502 1254 578 1340 2276 1323 684 250 522 688 1975 1821 1720 1608 1413 2667 1391 1186 2314 1239 1052 1237 1236 2409 1944 1233 1232 1231 1230 2408 1241 1251 1243 2400 1263 2401 2157 1260 1259 1942 1257 1256 1943 1255 1252 2410 1250 1249 2405 1247 1246 1245 1244 2404 1228 1217 1226 1197 2156 1195 1194 1192 2420 2421 1189 1188 2422 1185 1184 1183 2423 1949 1180 1179 1178
000424.jpg,989 2381 364 1900 2040 803 341 251 436 215 737 101 1427 1230 2540 2504 1115 1898 2546 374 2114 1883 395 2644 572 646 2277 1300 1798 529 1451 2238 328 766 1971 1257 962 1106 407 1389 2759 2579 1559 1786 2787 2000 2242 1361 1394 1683 1353 545 1334 2323 581 2178 304 2113 1093 2066 1213 1801 564 1180 926 1818 2288 1357 2281 76 39 1306 1951 483 2495 789 2054 485 1175 1137 614 2784 293 1091 230 727 658 589 2072 1207 714 1558 2224 777 1996 1087 1590 895 898 93
000425.jpg,1487 1471 953 924 1113 1139 1687 2620 1400 1922 1144 2348 1953 214 1602 1866 2841 2573 2408 1237 2400 1236 1265 1235 2409 1233 1232 1231 1230 1266 1228 1227 1226 1225 1224 1267 1223 1222 1221 2410 1239 1944 1241 1255 1257 1254 1942 2404 1252 1251 1250 1259 1260 1256 2157 1249 2405 1247 1246 1945 1245 1244 1243 1943 1263 2401 1219 1212 1217 2422 1186 1185 1184 1183 2423 1949 1180 1179 1178 1177 1176 1175 1174 1173 2425 1171 1170 1169 2426 2427 1166 1165 1188 1189 2421 2420 2413 2414 1214 1213
000426.jpg,1697 2167 2268 807 922 411 2643 1865 1188 1456 1260 759 1702 285 459 546 37 1221 1284 468 582 1763 620 181 732 2171 2816 1090 2043 650 2666 1891 6 448 1380 122 1797 2810 2346 1916 1082 586 1308 443 1083 1723 1570 298 475 1006 2168 829 669 1761 229 2313 1858 2261 1227 2425 2476 1285 2194 661 2118 1884 980 476 2706 973 820 1541 1603 1153 1610 750 334 205 1015 690 946 1267 1536 42 2807 2278 636 1318 2387 1199 2498 644 1596 2720 2688 387 2408 1236 1239 1241
000427.jpg,2548 687 2662 267 1291 1238 1375 1580 280 2418 891 746 90 2844 493 570 2004 1034 2461 1392 2174 793 2327 2229 2797 1338 133 2403 2541 689 57 1234 2189 741 1278 1025 1792 210 1724 1575 1859 2456 1861 2709 1930 600 17 573 2412 2811 2255 2125 2838 1276 1030 2374 1349 2455 1009 837 2063 2399 1520 913 307 2727 1072 1622 317 2648 846 472 2186 1665 1758 1366 1816 1480 667 2371 1215 697 1589 2731 1122 1814 1664 1358 294 421 2330 422 2771 641 1295 1373 1807 888 2139 2776
000428.jpg,967 1719 1804 2296 2235 792 91 499 1091 1996 777 2784 1593 240 2024 230 2430 2143 1093 407 1883 739 789 483 1180 2281 564 926 1818 2242 426 1689 24 2238 328 766 2495 2288 754 2756 2021 1231 1353 634 1597 2504 1898 1346 2542 617 39 2129 1300 1357 1149 1533 2320 2533 286 2172 293 1728 2673 29 76 1801 1197 832 1535 2787 374 2579 1683 2759 1561 1087 218 1363 1219 2410 1945 1228 1364 1225 1226 1222 1224 1230 1365 1223 2357 1221 1227 2165 2162 1232 2405 2360 1247 1246
000429.jpg,2250 28 238 505 1563 1532 1335 523 2181 2557 2552 849 2479 2500 2365 2716 175 2228 313 354 2592 458 2819 2193 587 1708 1680 734 1896 2689 633 2674 2742 152 2191 1827 2681 1376 772 972 2052 2099 2283 2322 330 2370 1111 602 705 1704 847 1956 671 2028 532 2534 1339 2119 711 81 1741 120 696 503 92 1746 1332 504 1297 1917 740 2237 1873 1010 968 2698 561 1273 1314 1955 1852 2265 2177 2764 2527 2144 1117 553 68 1972 999 2280 1715 1021 1022 1317 2610 699 344 268
000430.jpg,767 1938 277 1443 1833 1747 2686 889 2496 211 2532 369 1989 1460 2702 2685 2315 1980 2 601 2663 191 1165 2302 2622 1390 1557 2510 431 315 18 2161 1035 1839 2777 1753 1125 1759 2757 2561 70 2077 2772 1239 2408 1237 1944 1236 1241 1235 2409 1233 1943 1250 1244 1268 1267 1266 1265 2400 1263 2401 2157 1260 1259 1942 1257 1256 1255 1254 2404 1252 1251 1249 2405 1247 1246 1245 1243 1232 1052 1230 1200 1199 1198 1197 2156 1195 1194 1192 2420 2421 1189 1188 2422 1186 1185 1184 1183 2423
000431.jpg,133 1375 493 746 2327 570 2229 2004 1947 1724 1575 280 1580 1792 2174 689 1392 2418 2374 57 210 1930 793 1034 2461 548 1664 1234 1665 2456 1861 2125 1758 421 294 422 2672 1859 704 2548 2330 2838 2186 77 1196 976 1358 1072 1551 1279 1276 2184 1765 756 1030 1887 2039 2123 2356 263 228 1350 797 366 2541 859 801 1457 885 2694 2332 2659 2739 1542 1877 2590 656 857 1043 1776 1191 2321 1229 706 720 1857 1716 185 1444 1295 1307 1313 1316 1319 1564 1552 1545 1294 1320 1324
000432.jpg,1144 1113 1487 1298 907 543 474 1922 2494 398 2503 1084 1371 592 851 40 1960 1241 1237 1943 1239 2408 1944 1052 1243 1235 2409 1233 1232 1231 1230 2410 1228 1227 1226 1236 1244 1249 1246 1940 1269 1268 1267 1266 1265 2400 1263 2401 2157 1260 1245 1259 1257 1256 1255 1254 2404 1252 1251 1250 1225 2405 1247 1942 1224 1219 1222 2420 2421 1189 1188 2422 1186 1185 1184 1183 2423 1949 1180 1179 1178 1177 1176 1175 1174 1173 2425 1171 1170 1169 2426 2427 1192 1223 1194 2156 1221 1945 1271 1946
000433.jpg,1506 252 1141 2070 679 625 1505 1435 1299 1168 2311 1248 1598 113 1356 525 858 654 1781 245 2137 822 192 2669 2025 383 49 239 2091 216 2794 61 455 2164 1787 1924 207 27 2279 1612 1140 139 2280 2232 225 344 1262 1780 408 209 838 2173 53 2470 1127 2396 1274 356 296 1282 1918 1216 1829 1303 412 1662 2531 786 780 1465 2244 138 391 2285 1024 1843 653 331 430 655 726 1011 2429 484 2059 534 806 290 2565 418 1481 52 1008 643 1692 1941 2301 2611 2407 1875
000434.jpg,751 2495 230 777 1996 76 1786 39 2281 1091 1818 564 926 2288 1357 1257 1971 1180 1106 1559 2000 1137 614 407 1093 1087 364 1900 2040 2224 1451 1601 2542 1207 1558 2072 2381 251 101 737 436 215 341 328 2238 766 2054 1538 2489 2699 1846 989 967 1804 1719 2247 2242 2324 2493 1361 1898 1197 2129 1346 1535 617 832 2504 540 291 1561 2405 2404 1236 1256 1255 1235 1949 1942 1254 1237 1252 1239 1944 1241 1943 1243 1244 1183 1245 1246 2423 1247 1251 1250 1249 2408 2420 1227 1233
000435.jpg,2749 2740 2468 154 342 1059 551 1629 1524 203 2444 795 472 1509 1803 2595 1355 1167 1811 2710 127 2189 1278 147 577 2513 2138 2648 2781 414 1862 991 718 1440 1539 2473 2709 2226 2175 1373 1863 2771 641 1341 1607 1324 2820 2013 1069 2758 2399 1520 1 2727 1060 741 386 1295 1807 352 1101 2063 1571 573 17 90 600 262 888 2385 1735 143 697 2529 958 1294 1292 1291 1279 2654 2815 1316 1319 1320 2811 1328 1338 2801 1345 1348 1349 1350 1307 1313 1264 1270 1129 1146 1148 1151
000436.jpg,1387 1200 2362 1911 2318 1479 2512 1305 1682 320 2691 897 2420 1504 1436 222 2218 1052 2071 1790 1933 850 2355 796 1638 2342 1736 755 2450 2750 1806 2096 935 836 2645 1709 2201 1321 1098 2156 2432 1676 2642 2537 1044 2452 1621 666 599 2446 1718 852 908 99 144 1946 105 2394 1267 1047 612 2098 2747 669 1761 829 2168 1002 1119 2458 1495 966 461 1976 477 1717 1510 595 208 2587 2655 2159 1359 1231 1230 2359 1361 2410 1228 1227 2165 1363 1226 1225 1224 1223 1222 1221 1945 1219
000437.jpg,1466 338 730 2516 2843 1325 1707 1526 257 2341 253 336 1442 1992 519 1498 1455 1969 1511 2763 773 1243 1419 1794 1871 1007 1131 1670 186 2219 709 648 248 1133 301 392 2102 1645 1731 1138 544 1783 434 937 94 2364 2151 568 1379 1079 410 406 2145 1779 1385 2331 2549 883 811 112 1894 535 1495 2613 1800 742 1424 538 966 2458 320 749 2788 1110 1516 2730 1311 1239 1255 2408 1254 1237 1236 2401 1256 1944 1942 2404 1252 1251 1250 1241 1257 1943 2405 1247 1246 1244 1260 1259
000438.jpg,431 2510 1839 70 1035 951 2818 2561 2772 2015 1252 1753 2777 2077 2478 1125 1834 2757 1759 1842 18 2622 1390 601 315 1557 2663 2 191 2302 1165 1747 1980 2685 2702 2315 1833 1938 1443 2496 2686 889 767 277 1259 1239 2408 1237 1942 1269 1256 2400 1265 1235 2409 1266 1233 1232 1267 1236 1944 2401 2404 1254 1251 1250 1268 1260 1249 2405 1247 1246 1940 1255 1245 1244 1243 1257 1241 2157 1263 1943 1052 1230 1200 1199 1198 1197 2156 1195 1194 1192 2420 2421 1189 1188 2422 1186 1185 1184
000439.jpg,2790 1102 1656 2817 2501 2044 2528 1934 2411 1407 1644 1624 611 188 85 817 312 2832 221 1319 1926 943 2300 987 635 1405 155 2545 2034 1796 1386 2082 2270 556 547 51 305 1640 562 439 64 1202 1146 1348 1338 1341 1345 1649 1324 1320 1328 1355 1350 1358 1360 1362 1636 1366 1369 1630 1373 1375 1377 1349 1652 1575 1313 1191 1193 1196 1201 1208 1215 1218 1229 1234 1238 1242 1253 1258 1261 1264 1270 1276 1278 1279 1291 1292 1294 1295 1307 1381 1316 1629 1623 1576 1489 1490 1491 1494
000440.jpg,2065 567 517 808 118 1970 227 1583 2252 998 382 778 2711 1854 2792 2310 2225 2042 2379 1791 763 982 916 1770 919 1769 952 1354 2778 1063 114 1851 1211 9 930 1368 1367 1566 1239 841 2682 2729 1657 928 515 2361 2097 1528 1271 1977 1651 923 2559 2618 1579 2488 2647 151 2304 748 528 975 875 1210 311 2349 2328 2491 1179 2416 25 2658 639 7 2793 1470 887 1531 513 1209 945 1578 579 512 566 2026 492 1920 2723 2459 1154 1943 2400 1241 1243 1263 1244 1259 2401 1942
000441.jpg,2185 1129 2298 2584 1411 1694 1684 795 1440 2801 143 2529 2517 386 1360 718 958 2616 697 1294 665 2619 1445 787 71 1939 2481 638 2271 1446 1514 1258 1215 30 1112 810 1270 2246 1630 2524 1242 2104 273 2468 2740 741 2460 557 2363 1059 342 551 1278 2189 147 1863 1509 1807 1295 1373 641 2771 888 1735 154 2339 969 203 2444 1803 1524 1629 127 991 262 1362 1417 1416 1366 1414 1369 1392 1375 1377 1409 1381 1386 1407 1388 606 1405 600 746 1355 1261 1264 622 1276 1279 1291
000442.jpg,99 1145 612 1047 2098 2747 2009 2636 72 174 1415 1976 1023 2055 141 461 477 1155 2775 172 2722 401 1688 1089 823 595 208 1872 816 2163 453 2655 1717 164 156 460 2587 1510 1808 1100 2274 1404 399 1241 760 1628 380 1784 2577 666 2642 2537 2446 599 1682 1479 2318 2420 1085 2074 1599 73 2679 1163 2512 2362 1160 2126 731 2469 2829 437 1233 981 694 1249 1247 1246 2405 1259 1251 1269 1268 1267 1266 1265 2400 1263 2401 2157 1260 1942 1257 1256 1255 1254 2404 1252 1250 1245
000443.jpg,956 1882 115 1880 1995 38 167 454 20 2222 2168 42 2425 1288 1703 1363 2216 829 448 669 476 661 1744 2726 2162 2278 1536 636 2476 1318 2807 2194 1227 2261 1761 229 1560 1802 1153 1113 2573 1797 1199 582 1221 546 23 1080 2153 419 2554 894 1632 1108 1283 1246 1254 1255 1256 1257 1942 1233 1259 1260 1232 2157 1231 1230 2409 2404 1235 1245 1244 1243 1943 1241 1944 1239 1252 1247 1249 2408 1250 1251 1237 1236 2405 2410 1052 1226 2156 1195 1194 1192 2420 2421 1189 1188 2422 1186
000444.jpg,2263 2623 1525 43 2572 2562 2442 1280 2188 2678 971 1596 2498 1084 1726 2720 387 644 2688 1802 1199 2141 1108 2386 1880 1371 785 2448 1283 275 1365 2503 398 270 84 1198 1205 2303 2116 1458 941 1536 636 2807 1318 2048 1768 2761 117 851 40 1960 592 2791 815 1987 2494 1979 2278 42 2030 907 474 543 2725 1659 2476 38 115 2425 300 762 396 2627 481 2571 327 2705 104 106 1927 2060 2677 96 1449 1632 281 189 1032 1922 2203 1591 1641 306 265 1502 423 1687 1232 1080
000445.jpg,751 1678 2518 1120 1073 1147 1450 830 1732 1646 393 1244 339 863 1620 2136 603 2275 441 1523 2383 2080 2695 1016 584 2395 1601 845 373 1482 1257 1971 1786 1996 777 2542 230 1091 1691 575 1346 2239 2073 1106 617 1535 832 2129 1459 2036 1748 379 76 2495 2754 1197 540 291 1561 2242 16 1469 376 1447 2176 1194 397 2641 55 728 104 2019 1183 2359 1243 2157 1260 1259 1942 1256 1255 1245 1254 1943 1252 1251 1250 1249 1241 1247 1246 2404 2405 1052 1239 1209 2415 1207 1206 1205
000446.jpg,540 63 1019 2022 1346 783 1343 2737 949 2542 1561 617 1298 2112 940 2242 1999 2129 1434 1847 1513 1161 1103 1004 1333 60 1785 1228 1795 1773 1535 832 291 954 182 1712 1631 499 2016 1685 1304 1760 1693 2656 310 2827 2149 198 2497 75 895 93 1590 149 1749 2317 2157 1236 1235 1232 1260 1231 1237 1233 2408 2409 2401 1249 1942 2405 1247 1251 1246 1252 2404 1245 1244 1259 1243 1241 1254 1255 1250 1944 1256 1257 1239 1943 1052 1945 2410 1199 1198 1197 2156 1195 1194 1192 2420 2421
000447.jpg,515 2792 1579 9 639 945 1578 841 1179 2491 2328 1920 2647 1977 118 2682 1651 887 748 1470 1531 998 1583 1063 952 1769 567 114 1354 919 1791 808 819 1585 2575 1667 2065 1770 2042 2252 2361 2379 1851 2778 982 763 2304 923 778 2711 1854 382 1154 517 1970 2459 975 2097 1239 1368 1566 1367 2488 2310 928 1657 2729 916 2723 492 579 566 1528 512 7 2793 1271 227 1211 2225 930 1209 2026 1779 1227 1226 1225 1224 1223 1222 1221 1945 1219 1946 2413 1228 2414 1214 1213 1212
000448.jpg,1179 2491 2328 1977 1651 639 2682 1579 841 945 1578 9 1920 1063 2647 2252 1770 748 2042 114 515 1531 1470 887 952 1769 1354 919 916 227 998 1791 819 1667 1585 2575 1583 2310 1528 2097 517 2792 2778 118 2379 1851 2729 928 1657 1368 982 763 1566 1239 1367 567 808 2225 930 2723 512 2065 2416 2026 1209 566 2658 1154 2459 513 25 492 579 2488 2349 528 1252 1232 1231 1230 1363 2410 1233 1243 1227 1254 1226 1225 1224 1223 1364 1365 2404 1228 1251 2165 1359 2359 1245 1246
000449.jpg,540 1346 2542 2129 617 2022 1019 63 1561 2242 832 1535 1298 783 2737 1343 949 1847 1161 1513 1795 1773 2112 940 291 1785 1228 1434 1999 499 1103 1333 1004 2016 60 1197 1631 310 2149 1693 2656 2827 182 1712 1304 198 2497 75 1760 954 1685 149 1749 328 2238 407 1093 766 2504 983 1743 2441 95 1590 93 895 596 824 2111 1856 2547 1898 751 1683 374 789 2579 2759 2317 1786 1971 1257 1106 576 1176 695 132 2190 1944 1943 1241 1250 1244 2157 1260 1259 1942 1256 1255 1254
000450.jpg,569 2090 193 988 121 340 571 13 1272 640 2520 2210 680 2415 427 901 2217 1754 1041 1038 2421 1949 1268 332 1793 370 2047 1189 2032 56 1256 1886 1699 1553 1430 2267 500 323 1065 2671 2380 743 1499 536 2568 1236 2423 1337 2083 1910 36 2578 828 377 865 1588 1132 866 733 1492 1431 2117 432 2108 2333 1521 1049 839 932 2539 2798 729 2629 2428 1429 429 1890 142 2078 1399 964 2038 2161 1237 2357 1367 1368 1235 2409 2166 2408 1232 1231 1230 2410 1228 1227 1226 1233 1239
000451.jpg,1993 550 2631 2767 1422 1617 712 2840 134 1552 1045 179 463 2050 2130 2836 2837 1663 518 169 1782 1486 1437 900 735 440 2707 1679 1328 1444 1649 1623 947 1261 1218 1544 2439 1381 1658 480 1489 1701 2649 925 1369 1051 1710 1417 860 2454 1253 319 2011 445 645 1054 2352 663 2538 2769 155 1640 305 51 562 2241 1840 1092 2076 906 2088 2419 2133 1983 1307 1208 563 2574 559 2652 674 260 659 2826 433 197 2375 348 2544 1148 1878 978 1468 2397 312 2832 987 1320 1549 1551
000452.jpg,823 2074 1599 73 399 380 437 461 2163 453 760 1233 1872 1628 981 1510 401 477 1976 208 595 2587 1717 2655 99 2055 1145 731 2469 2126 1023 141 1160 612 2747 1047 2098 816 1085 2829 2122 72 2009 177 1903 2636 2722 694 2679 1163 164 1784 460 1241 156 2577 172 1415 174 2775 836 2432 2645 2096 2750 935 1911 2362 2691 2355 850 1268 1272 1940 2401 2400 1265 1266 1246 1245 1263 2157 1247 1269 1256 1259 1942 2405 1249 1250 1251 1271 1252 2404 1254 1255 1257 1260 1267 1231
000453.jpg,2171 2043 2666 650 807 2810 411 2816 2346 1916 1188 475 1723 1697 1891 1260 2643 1456 922 759 285 1702 468 1284 2268 2167 37 1221 181 620 732 546 6 1865 582 1797 1083 229 1858 2313 122 1603 820 1541 1761 1570 298 459 2841 1153 829 669 2168 448 2476 2425 1139 1090 1763 750 334 1605 420 1397 2768 476 2261 1227 1380 148 953 661 1682 1387 2194 2706 1285 1015 973 2807 1318 1536 42 636 1199 2278 2387 1610 1082 2502 1006 1308 980 1884 2152 443 586 2118 644 2688
000454.jpg,2317 16 1469 44 1447 1483 376 1057 2249 761 1914 1672 2785 1749 291 1631 2437 1836 1449 1535 832 104 1183 1990 2700 2359 1841 362 2258 1714 1224 1116 1713 2305 350 1425 2111 1856 1178 465 2745 88 1476 2202 474 2129 845 1523 441 2695 1103 1999 60 2441 834 2555 1727 1346 540 2016 1743 596 95 824 576 676 47 683 1838 2180 2383 2080 373 983 310 1847 1161 1785 1773 1228 1513 1795 499 2827 2190 1277 1304 2058 2547 783 603 1620 1678 1732 2275 2422 2523 34 1249 2409
000455.jpg,463 550 2840 1993 2631 134 518 1422 1617 197 433 2375 1701 1489 1417 860 1552 1710 480 1369 2767 2735 2454 2649 925 1486 1437 900 1788 179 712 2769 2650 659 173 2482 1029 1983 1045 2836 26 445 2419 2826 1208 2088 260 559 563 674 1307 348 769 1895 2289 1870 2538 645 2011 2133 1092 161 2076 2652 906 2397 2714 1253 2287 319 663 1663 440 1782 735 2130 2050 2574 2138 305 562 51 155 1640 2544 1878 1148 978 1468 1649 2837 970 606 1381 1658 1409 641 1362 635 1407
000456.jpg,188 611 1319 1656 817 1102 2790 2817 2044 2501 1934 85 2411 2528 1644 1624 1386 556 1407 2832 312 2082 547 2270 221 1926 943 987 635 2300 1238 1350 1355 1358 1202 1360 1362 1366 1369 1208 1196 1373 1193 1375 1377 1381 1191 1388 1190 1392 1201 1349 1348 1345 1242 1253 1258 1261 1264 1270 1276 1278 1279 1291 1292 1234 1229 1295 1405 1218 1313 1316 1215 1320 1324 1328 1338 1341 1294 1307 1421 1411 1549 1551 1552 1564 1569 1571 1572 1575 1576 1580 1584 1586 1587 1589 1607 1615 1617 1618
000457.jpg,1159 2455 403 1025 1815 1735 1925 1982 352 2484 2063 2541 837 1009 667 1619 2797 1349 879 1366 264 1539 687 2844 2833 299 2371 2139 2460 867 2092 1863 2576 1814 1549 2776 2226 2269 1816 1480 428 2548 2189 2633 2607 1660 2363 557 2403 472 641 262 888 1373 2385 2771 2175 2215 226 741 577 2399 1520 2727 127 1122 1589 2731 1291 1238 891 267 2431 991 1278 1060 814 385 913 307 1509 273 1242 2104 2524 2662 1215 2710 697 1 2709 2595 147 90 2255 1862 2412 2811 1807 1295
000458.jpg,998 928 1657 2729 1583 930 1970 919 517 1063 2252 1354 1791 2778 2682 778 9 1977 2042 1769 952 1179 2328 2491 1651 841 227 2065 1579 1854 382 2711 1851 2225 2379 982 763 2792 639 1770 118 567 114 808 916 1578 2647 748 945 2361 2310 515 1920 1531 1470 887 2018 2551 2146 2284 1289 764 2097 1528 719 2008 2487 1211 1239 1566 1368 1367 2488 343 1403 206 153 723 2585 1359 2559 151 528 2618 1271 1209 513 25 512 566 2658 492 2026 2723 2416 579 1154 1585 1667 2575
000459.jpg,12 1473 1876 2809 1721 2051 1439 2183 526 994 508 864 2220 2526 1931 608 574 2291 2057 1874 1223 274 2089 939 2683 2639 647 1477 2435 494 1243 1236 1237 2408 1239 1235 2409 1944 1241 1943 1230 1233 1232 1231 1052 1245 1940 1269 1268 1267 1266 1265 2400 1263 2401 2157 1260 1259 1244 1942 1256 1255 1254 2404 1252 1251 1250 1249 2410 2405 1247 1246 1257 1228 1222 1226 1195 1194 1192 2420 2421 1189 1188 2422 1186 1185 1184 2156 1183 1949 1180 1179 1178 1177 1176 1175 1174 1173 2425 1171
000460.jpg,346 2821 2690 2467 402 478 936 363 52 643 2611 1918 1048 628 1220 1692 138 471 2398 753 108 1438 418 1481 2465 2505 2687 1612 504 1303 1022 780 786 467 1465 2244 1378 2059 452 1662 1018 2565 2285 53 782 2632 2301 389 2634 758 840 1472 484 1008 2407 806 534 1730 2429 430 655 89 1039 2470 2765 1503 2142 241 290 1026 999 331 1475 1024 1275 1062 129 501 1929 1780 225 726 1843 125 2806 1140 1941 344 131 1875 495 268 788 1395 1756 1011 2062 1293 1822 1097
000461.jpg,627 67 2583 2509 202 1810 1012 1406 249 2121 1075 2350 1001 1052 1236 1237 2408 1944 1241 1943 1239 1235 1231 1233 1232 1230 2410 1228 1227 1226 1225 1224 1223 2409 1243 1246 1245 1940 1269 1268 1267 1266 1265 2400 1263 2401 2157 1260 1259 1942 1257 1256 1255 1254 2404 1252 1251 1250 1249 2405 1247 1222 1244 1221 1217 1219 1188 2422 1186 1185 1184 1183 2423 1949 1180 1179 1178 1189 1177 1175 1174 1173 2425 1171 1170 1169 2426 2427 1166 1165 1176 2421 2420 1192 1946 1271 2413 2414 1214 1213
000462.jpg,12 1473 1876 2809 1721 2051 1439 994 526 864 508 2183 608 274 1241 1239 1944 1237 1943 2408 1236 1052 2409 1233 1232 1231 1230 2410 1228 1227 1226 1225 1224 1235 1243 2405 1245 1271 1940 1269 1268 1267 1266 1265 2400 1263 2401 2157 1260 1259 1942 1257 1256 1255 1254 2404 1252 1251 1250 1249 1247 1246 1244 1223 1945 1221 1189 1188 2422 1186 1185 1184 1183 2423 1949 1180 1179 1178 1177 1176 1175 1174 1173 2425 1171 1170 1169 2426 2427 1166 1165 2421 2420 1192 1194 1272 1219 1946 1217 2413
000463.jpg,1361 2054 1559 1451 2000 1106 646 589 658 727 2540 572 1230 2644 395 1798 2787 962 1951 1306 529 545 1427 2323 1334 1394 2277 1175 485 2066 1213 1389 251 293 2178 304 2113 737 215 436 101 1801 1900 2040 364 1115 2504 2381 614 1207 2072 1137 1883 2114 1898 2759 1786 1257 1971 2546 1300 761 2249 989 1357 1818 39 564 2288 926 2281 789 2238 407 328 766 2579 374 1683 581 341 1353 898 1087 1558 714 2022 63 1019 1333 2242 240 2784 483 1593 76 1180 895 1166 93
000464.jpg,1453 1901 2376 2309 1490 2433 201 1860 2713 2721 715 1569 48 100 1796 51 1640 305 562 439 2545 2034 64 155 1496 2556 2815 2272 2650 1878 1123 231 2553 1316 1636 1965 2513 2352 2375 433 197 173 2289 769 2482 2138 1895 168 161 2735 2628 194 1261 1051 1295 1294 1313 1307 1542 1622 1324 1328 1619 1618 1338 1341 1345 1348 1349 1350 1355 1319 1320 1278 1291 1191 1193 1196 1201 1630 1202 1208 1629 1627 1215 1218 1292 1624 1234 1238 1242 1253 1258 1264 1270 1276 1358 1623 1279 1229
000465.jpg,540 1346 1019 2022 63 2542 783 949 1343 2737 2129 1561 617 1298 2242 2112 940 832 1535 1999 1434 1103 1004 60 1161 1847 1513 291 1228 1785 1795 1773 1712 182 1333 1685 1304 1760 954 198 75 2497 2016 499 2827 2656 310 2149 1693 1631 149 93 1590 895 1197 1749 2317 1237 2408 2401 1236 2405 1235 2409 1233 1232 2157 1250 1259 1260 1251 1252 2404 1245 1244 1243 1943 1241 1254 1255 1256 1249 1246 1257 1944 1942 1239 1247 1052 1945 1230 1200 1199 1198 2156 1195 1194 1192 2420 2421
000466.jpg,726 1635 390 1715 1967 2236 2053 1124 1037 1050 314 1730 1475 2806 999 1011 1568 295 2301 1216 1648 2406 1275 1143 159 1097 1293 1008 2407 2687 331 1140 1929 344 391 2059 484 1662 2429 799 1756 1395 2062 1822 1118 27 1317 805 655 430 326 580 31 2693 1755 2285 2232 1829 220 216 1240 653 1187 1024 209 838 139 207 1303 268 131 1875 1921 1506 786 478 936 2715 1924 2173 1297 125 456 1281 1912 495 1843 2505 2465 418 52 1481 53 534 806 452 290 780 1262 402
000467.jpg,1349 2226 1540 2340 1618 2541 46 234 1572 969 961 913 1025 1520 2399 1 2727 307 223 1615 2709 2635 892 2834 1215 2158 1539 2466 2215 685 2175 352 697 1994 1409 2213 814 385 2253 1095 2338 2710 349 912 1264 2662 687 1514 2208 41 1445 2339 638 30 2473 195 577 414 1698 2223 2246 2517 2801 1270 2231 1652 1060 787 71 1009 837 264 958 2548 1939 537 2104 273 2524 1242 2372 1258 1112 1815 2797 2844 2189 741 718 2529 143 810 1630 1684 1360 1446 2616 2271 1863 2481
000468.jpg,1056 1944 2294 1055 2766 2558 204 2207 725 2728 447 2825 2842 1606 1825 116 137 2741 899 2135 1212 1463 2041 1935 2736 165 1986 2719 1134 2511 1547 246 97 2665 722 2068 1241 1263 2400 1239 1265 1232 2408 1268 1237 1231 1236 1235 2409 1233 1267 1266 2404 2401 1252 1251 1255 1250 1249 1256 2405 1257 1942 1230 1259 1247 1246 1245 1260 2157 1244 1254 1243 1943 2410 1945 1227 1197 2156 1195 1194 1192 2420 2421 1189 1188 2422 1186 1198 1185 1183 2423 1949 1180 1179 1178 1177 1176 1175 1174
000469.jpg,1144 1113 1487 1298 907 543 474 1922 2494 398 2503 1084 1371 592 851 40 1960 1241 1237 1943 1239 2408 1944 1052 1243 1235 2409 1233 1232 1231 1230 2410 1228 1227 1226 1236 1244 1249 1246 1940 1269 1268 1267 1266 1265 2400 1263 2401 2157 1260 1245 1259 1257 1256 1255 1254 2404 1252 1251 1250 1225 2405 1247 1942 1224 1219 1222 2420 2421 1189 1188 2422 1186 1185 1184 1183 2423 1949 1180 1179 1178 1177 1176 1175 1174 1173 2425 1171 1170 1169 2426 2427 1192 1223 1194 2156 1221 1945 1271 1946
000470.jpg,757 1533 1728 754 1231 1149 2320 2533 29 2021 2756 2172 2673 286 293 2430 1689 2024 2143 24 1597 426 218 1984 1312 634 739 2787 119 80 1383 1296 2638 1265 2472 213 2408 2295 424 1448 2615 2413 135 1269 1478 184 558 967 1719 1804 19 2566 1945 520 232 2390 1722 1867 1529 1243 1949 1176 1943 2157 2423 2401 1183 1241 1944 1184 1239 1263 1244 1245 1254 1255 2404 1177 1256 1252 1251 1250 1257 1246 1249 1942 1179 2405 1247 1259 1260 1180 1185 1178 1199 1236 1217 2414 1214 1213
000471.jpg,2491 2328 1179 1977 1651 2682 841 1063 1579 639 9 1578 945 2252 1920 2647 748 2042 1531 1470 887 1769 952 1770 1354 919 114 515 227 916 998 1791 1583 517 2778 1657 928 2729 2379 2310 1851 763 982 2225 2065 118 930 2792 567 2097 1528 1585 1667 819 808 2575 1970 1854 2711 778 382 2361 1368 1367 1239 1566 512 2723 1211 875 311 2349 923 1210 1212 1246 1245 1186 1244 1243 1943 1241 2422 1944 1188 2408 1189 2421 1237 2420 1185 1247 1184 2405 1180 1949 1260 1259 1942 1257
000472.jpg,127 472 2710 2466 1060 2372 2215 969 2223 1698 2595 147 577 2758 1341 1607 1069 1994 913 2481 1939 1159 2455 892 2338 403 1409 2253 1095 1815 2175 2444 2189 46 1618 1540 2340 234 1572 195 1509 1803 1355 1167 1811 867 352 2834 2635 1112 1258 1270 1278 961 2811 2255 1009 837 2158 2399 1520 2727 307 1862 1629 1524 203 1349 349 264 223 1615 1025 2517 1215 2412 795 814 385 2431 1630 1694 1446 2616 665 1294 1360 2063 2484 2339 1411 2584 1 2801 2226 2473 2709 573 1338 17
000473.jpg,2049 2093 530 607 1604 1301 1017 446 1237 1567 631 2796 2140 1058 1981 1879 2282 871 394 451 2064 1290 921 1518 2596 1396 1105 2357 1906 2392 662 1909 1613 984 813 355 243 1002 1554 1978 1742 2085 1370 1119 2262 2257 2696 276 2361 337 1384 908 1495 2458 966 2543 942 660 1621 1676 144 2259 360 1673 1853 2782 2452 897 852 1718 1681 2600 487 1705 320 1331 1614 2660 1565 2803 1287 1031 2353 710 2664 54 542 1739 1695 1000 791 1508 1247 1254 2404 1239 1944 1241 1252 1943
000474.jpg,2059 52 780 1481 418 53 1465 2244 1662 806 534 484 2429 786 2821 346 999 1438 1475 363 290 2285 2470 2687 478 452 2690 471 402 1929 2467 936 1730 1378 2301 726 1022 216 1568 1275 2806 467 1941 758 840 2634 389 2236 131 1918 1039 295 314 1050 1780 89 225 1303 504 268 1875 653 495 1843 2407 1008 220 2565 108 1612 2765 643 2611 1692 753 1037 1124 2053 655 430 1220 628 1500 1018 1472 1024 138 1048 2062 2465 2505 1967 1706 464 1831 1789 33 1140 2531 331
000475.jpg,1656 2817 2790 1102 1407 2528 817 1934 2411 1644 1624 2501 2044 1926 85 221 611 188 2300 312 2832 943 1319 987 1405 556 1386 635 2270 2082 547 1146 1202 1617 550 1422 950 2367 1752 2556 1278 1279 1291 1292 1294 1295 1307 1313 1316 2811 1320 2721 1328 1338 1341 1345 1348 1349 1350 1355 1358 1360 1362 1366 1369 1373 1276 1324 1270 1264 1112 1122 1123 1129 2820 1148 1151 1158 1159 1167 1172 1181 1190 1375 1191 1196 1201 2815 1208 1215 1218 1229 1234 1238 1242 1253 1258 1261 1193 1377
000476.jpg,1482 2080 2383 1523 441 2695 2019 845 373 2754 2395 1016 2550 1507 107 584 575 1691 2414 2518 1147 1120 2641 2733 462 2604 1177 1073 1678 55 728 2176 397 1104 1669 1732 830 1450 1620 2275 603 1194 1244 2136 393 1646 339 863 2684 1517 104 1183 2359 376 1447 1483 1469 44 16 205 2573 907 543 423 474 1462 2317 2421 2405 1192 1251 1250 1249 1247 1246 2420 1189 1210 1252 1268 1184 1267 1266 1185 1265 1186 2400 1263 2401 2157 1260 1259 2422 1942 1257 1256 1254 2404 1188 1255
000477.jpg,155 562 51 305 1640 1796 2034 2545 439 64 2721 1569 715 100 48 2433 518 2631 1860 201 2713 2241 1840 1658 1381 1782 1218 2439 663 2836 2628 2411 2528 1934 2376 1544 1261 550 1644 1624 1584 712 2309 2538 1422 1617 2501 2044 2817 1948 1416 1096 1649 179 2837 2767 965 735 440 2023 1897 1362 2790 1102 1656 947 1045 1328 1444 1663 1051 2352 817 2769 1993 194 1369 2130 2050 1679 2707 1552 1407 1623 1490 1453 1901 169 1123 1878 2513 992 2046 1586 497 2840 134 480 26 2454
000478.jpg,2706 1761 829 1153 2823 669 2168 690 1380 334 820 1603 1541 750 2167 2268 459 2387 2448 2725 2464 1697 448 476 2449 1671 8 1267 946 2404 609 411 957 1889 922 1766 2194 2261 475 1916 2346 1227 1537 1080 661 1387 1682 37 650 1188 2666 1865 586 1308 1763 443 1006 1090 1082 1456 509 1723 629 546 582 23 205 1260 807 1284 466 498 1426 744 2457 844 232 19 520 1945 285 2643 1221 1249 2405 1256 1247 1254 1192 1942 1245 1244 1266 1257 1246 2421 2420 2401 1265 1250
000479.jpg,726 1635 390 1715 2236 1967 2053 1124 1037 1050 314 1475 1011 999 1730 2806 331 1568 2687 295 2301 1929 1275 1140 1216 2059 2407 1008 2406 1648 484 430 655 391 344 2429 1662 1293 159 1143 1097 1024 799 1756 1395 2232 2693 2062 1317 1755 216 1829 27 805 2285 838 139 209 1612 1303 1875 1262 220 1822 580 1118 31 326 1506 1240 2715 653 1924 2765 138 1918 806 534 52 207 268 131 346 2821 504 786 936 478 455 2173 2531 1187 1297 643 2611 2565 1438 1912 1281 456
000480.jpg,1356 2794 2311 1248 2164 2091 239 1781 1435 679 625 525 113 2137 822 1505 654 252 1598 1141 245 2070 49 216 383 858 1299 1168 2280 2232 27 2173 2669 2025 192 1787 139 61 1961 1274 653 1924 2396 1506 408 455 838 2316 618 200 1127 1282 296 356 268 2279 2693 449 33 209 207 1568 1262 1503 2142 241 2470 344 2017 533 1021 495 1843 1500 131 1875 2565 799 2099 330 1612 1140 1918 138 1024 2285 1011 225 711 1335 354 1755 261 655 1991 346 1746 1332 2557 705
000481.jpg,931 1114 1830 848 702 768 1107 835 1767 2624 1310 65 1845 1512 522 2388 903 2667 1254 126 1908 284 1235 1340 2601 502 990 2471 297 103 1975 684 250 2276 578 688 1323 1413 1391 1821 1720 1608 1186 2314 1239 1052 1237 1236 2409 1944 1233 1232 1231 1230 2408 1241 1251 1243 2400 1263 2401 2157 1260 1259 1942 1257 1256 1943 1255 1252 2410 1250 1249 2405 1247 1246 1245 1244 2404 1228 1217 1226 1197 2156 1195 1194 1192 2420 2421 1189 1188 2422 1185 1184 1183 2423 1949 1180 1179 1178
000482.jpg,2043 2171 2816 2810 6 2666 650 1891 1723 1916 2346 475 1702 2643 1083 582 546 285 807 759 1221 1260 732 181 620 411 1697 1188 468 1797 1570 1456 922 298 636 2807 1536 1318 2278 1284 2425 2476 1605 2167 2268 2168 820 1603 1541 37 42 829 669 2841 2502 2152 750 334 661 2261 2194 1227 1139 973 1285 387 2498 2688 1596 476 1199 1761 2768 1397 420 148 1015 2387 644 2720 2313 1858 229 1090 1082 1865 1006 1308 586 443 122 1763 2118 1610 1884 980 2188 448 1153 956
000483.jpg,1921 721 1972 2061 2402 1647 1756 1395 1829 1317 805 1472 1755 27 2698 799 1273 1967 2632 782 1018 1648 2406 314 1050 1011 1568 618 200 2316 1715 390 1635 2236 1187 726 1303 2232 2053 1124 1475 2017 1021 1140 2693 1961 2279 331 1216 1024 999 1127 1037 2773 1048 1506 138 1026 1262 2715 430 655 2407 1008 484 806 534 1274 533 216 2429 1662 344 391 1789 1655 464 927 1706 2806 1831 295 1240 1275 1612 1918 653 225 1924 1780 504 455 31 561 326 2343 580 2765 2059 268
000484.jpg,2059 53 52 484 2244 1465 780 1662 2821 346 786 418 1481 806 534 2429 2285 999 1475 290 452 2690 2687 1438 363 1378 1022 2470 2467 478 1929 402 2301 467 471 936 1730 108 726 504 1303 1941 840 2634 758 389 1039 131 2565 89 1568 216 268 1875 2806 753 628 1220 2398 1048 2236 1780 495 1843 225 1918 1275 138 653 2765 643 2611 295 1050 314 430 655 1500 1692 1612 1008 2407 220 33 2531 2142 241 1024 331 1062 501 129 1037 1967 2053 1124 788 1503 1240 1127
000485.jpg,1710 1788 1417 1489 1701 860 197 2289 2375 433 1895 769 2650 2482 161 173 1320 2840 2138 2735 770 1870 2553 463 26 2538 2649 2454 1369 2769 1775 965 663 925 348 480 2714 134 319 2287 1253 1993 1261 1051 231 2011 1029 645 1218 2631 550 906 2076 674 194 2628 900 1486 1437 1181 1564 1837 1649 1054 1623 1313 1294 1278 1295 1291 1307 1279 1292 1276 2662 1319 1270 2790 1324 1328 1338 1341 1345 1348 1349 1350 1355 1316 1264 1242 1258 1112 1122 1123 1129 1146 1148 1151 1158 1159
000486.jpg,1356 1248 2311 1435 625 679 113 2794 2137 822 2164 1505 252 239 2091 1781 2232 525 1598 455 858 1500 449 1141 2070 654 216 1262 1506 27 1021 1168 1299 2017 49 245 1568 2693 383 1140 1612 1941 33 1961 1924 495 290 1503 2142 241 653 1011 1282 356 296 408 799 2773 2698 2316 618 200 1273 1755 1317 805 1024 138 1918 209 2396 838 1274 139 1991 1746 2557 363 705 649 2279 2634 2280 354 655 1026 1756 1339 2632 2244 346 344 2283 711 2552 1022 1332 2285 1335 696
000487.jpg,1019 63 2022 1087 1333 1137 614 895 93 1298 1257 1971 1590 2737 949 1343 1685 783 1513 1161 1847 1207 2072 898 1346 540 954 1558 1928 2409 1166 1228 1785 714 2112 940 182 1712 1693 2656 2149 1434 1197 2542 617 149 1773 1795 1999 1103 2016 1004 2129 60 310 2827 499 1786 2242 1561 1760 198 2497 75 545 1213 2066 1304 2113 304 2178 1394 853 1535 832 983 2441 1106 2277 1743 291 1856 95 2111 1672 2785 1836 2437 341 989 1451 1801 1593 1631 2190 1115 2546 1389 1230 1898
000488.jpg,2270 2082 547 556 1386 1278 2300 1319 635 1926 1405 85 221 987 943 59 1545 2389 626 2367 611 188 4 1407 950 2832 312 1202 817 1752 1102 2790 1799 1656 2817 1146 1737 1624 2411 2501 2044 1934 2528 1644 2556 2477 283 1362 1360 1375 1373 1366 1358 1355 1369 1381 1350 1349 1348 1377 1295 1341 1196 1201 1208 1215 1218 1229 1234 1238 1242 1253 1258 1261 1345 1264 1276 1279 1291 1292 1294 1307 1313 1316 1320 1324 1328 1338 1270 1388 1428 1409 1544 1549 1551 1552 1564 1569 1571 1572
000489.jpg,472 1060 127 2444 2710 1803 1509 2595 1355 1811 1167 1069 1607 2758 1341 867 1059 551 342 2189 1629 203 1524 147 577 2749 1862 991 1295 1807 1159 1278 2455 385 2431 814 403 2468 1735 2771 888 1373 641 1025 741 2063 1863 795 2403 687 2517 2215 837 1009 262 2385 2481 1939 2255 2811 1815 2484 2797 154 2740 2548 2473 2844 2619 2524 1242 2104 273 1215 1270 1258 264 1101 352 2412 90 958 2226 2709 1539 2175 718 1440 1660 1366 2633 2607 2271 638 1445 30 810 787 71 1294
000490.jpg,133 493 1375 2327 746 570 2174 1575 1392 1034 2461 2004 1792 793 210 1234 280 1580 57 1930 1724 2418 2229 1861 689 2456 1665 421 2374 1859 1758 1276 2125 1664 1072 1947 548 2330 1030 294 2186 704 2838 77 422 2548 756 2694 1551 2672 1358 1043 885 801 2039 2590 2123 1887 228 1776 1350 857 976 1196 1292 263 1457 1279 2356 1765 2184 934 1229 1191 2332 2659 656 2739 1542 2321 706 720 1877 1716 185 1857 891 1238 267 2662 687 1291 2127 170 130 470 1432 514 82 1522
000491.jpg,2049 530 1604 631 1301 2282 2093 607 1567 1518 1290 2596 1017 446 2064 1237 1396 1105 2796 2140 1058 1981 921 813 355 243 1554 1879 871 451 1370 394 2257 2696 984 662 1909 1613 1742 2392 1906 2357 1978 908 1673 1002 1614 2660 1331 337 1119 2262 2085 542 276 2361 1621 54 710 2782 660 1739 2664 966 1495 2458 1853 2259 360 1384 1893 50 1508 1565 791 2803 1287 320 144 1676 1000 2369 1942 1254 1257 1256 2498 1259 1255 2483 1252 2499 1251 1250 1249 2405 1247 971 2404 2497
000492.jpg,1096 1416 1948 1897 1362 2721 1569 715 2815 2272 1584 194 1051 1261 2352 2556 2713 1496 1965 1860 1316 1636 1796 1218 635 987 2046 497 1586 992 155 2628 100 48 2545 2034 1291 1229 1215 1358 1208 1202 1360 1201 1196 1366 1355 1369 1375 1377 1381 1193 1191 1190 1386 1181 1388 1373 1350 1349 1348 1294 1295 1279 1307 1392 1278 1276 1270 1264 1319 1258 1320 1253 1324 1242 1238 1328 1338 1341 1345 1234 1292 1313 1 1407 1544 1545 1549 1551 1552 1564 1571 1572 1575 1576 1580 1587 1589 1542
000493.jpg,1643 1819 585 2081 196 353 98 1625 2474 776 2067 1042 910 701 2462 1864 1402 869 2103 2334 2027 809 2353 69 2256 1963 233 781 381 276 2361 871 1344 2264 2101 1600 2132 1128 1077 206 343 153 1403 1528 1973 1170 265 2012 2001 630 2391 1239 1241 1236 1944 1943 1235 2409 1243 1233 2408 1237 1251 1245 2400 1263 2401 2157 1260 1259 1942 1257 1256 1255 1254 2404 1252 1232 1250 1249 2405 1247 1246 1244 1231 1946 2410 1199 1198 1197 2156 1195 1194 1192 2420 2421 1189 1188 2422 1186
000494.jpg,2843 257 1871 1138 1731 2613 1645 1800 2609 2516 288 1894 742 1419 1527 535 2377 301 392 1007 1526 1707 2341 253 2331 519 1992 406 1779 1385 2145 1325 2763 773 821 1068 1455 937 1442 730 1466 338 709 186 2219 1079 410 112 811 336 1498 1495 1969 2102 1511 248 1133 94 648 2458 320 966 1241 2401 2157 1233 1260 1259 2409 1942 1257 1235 1256 1255 1254 1943 2404 1251 1236 1250 1237 1249 2408 2405 1239 1944 1247 1245 1244 1243 1252 1246 1223 1231 2416 2417 1200 1199 1198 1197
000495.jpg,1961 200 618 2316 2017 1021 533 2698 1273 2773 2693 653 2164 1127 1274 2794 771 1356 1917 449 1500 2091 239 113 455 1781 822 2137 2343 858 1598 1248 2311 561 1011 2531 1780 290 495 33 1941 1303 1829 2279 2232 1262 1568 1435 525 625 679 2552 1022 1339 2632 711 696 1746 252 331 330 1335 1332 2280 2557 344 245 649 2236 238 2237 356 654 354 655 2634 1026 1755 241 1024 346 1692 2285 1275 2283 1756 1967 324 326 268 1708 2265 1297 699 1299 296 295 1008 1302 2592
000496.jpg,1728 754 757 1149 2533 2320 1533 29 2021 1231 2756 293 286 2172 2673 2024 218 739 2787 426 2430 1689 1597 2143 24 634 967 1312 1984 80 1296 119 1383 1719 1804 2472 2540 2054 646 1478 2615 184 2638 658 589 727 2390 1529 1451 1427 1361 1559 76 853 251 2000 1106 1798 2323 1334 962 572 1306 1951 803 1942 1236 1259 1235 2408 1260 1237 2157 1246 1256 2405 1249 1245 1244 1243 1250 1943 1257 1251 1241 2404 1944 1254 1247 1255 1239 1252 2409 1222 1232 2416 2417 1200 1199 1198
000497.jpg,463 550 1993 2840 2631 1422 1617 134 712 1552 2767 2836 179 518 1045 2375 433 197 1369 2837 169 480 1663 2130 2050 2649 925 440 735 1444 1328 2454 1782 1489 1701 1417 1649 1679 2707 1623 947 1710 1381 1658 860 900 1486 1437 2241 1840 1544 2439 2289 2769 2735 1054 1029 1870 1218 1261 26 2650 348 445 645 2011 1895 769 562 155 51 305 1640 2628 2714 663 1788 2538 1983 1092 2482 161 173 2138 319 1253 2397 260 659 1208 674 559 2826 1307 906 2419 563 2574 2652 2088
000498.jpg,1365 2502 2152 785 2567 2751 22 1214 1171 1371 2109 1605 1953 84 2348 214 1866 1661 909 183 1139 1032 189 2060 2141 2841 924 941 959 454 1744 2162 2726 20 167 1987 815 2222 621 1927 106 1602 309 1217 333 1108 481 1632 96 2153 43 2188 45 270 1283 1889 744 592 2760 2608 2182 1084 971 2056 2522 1766 856 861 2048 2761 1768 609 2404 957 236 2768 420 1397 1471 2503 398 2263 1525 2623 419 894 2554 2464 1703 2216 1363 1288 2688 2116 1064 2457 844 509 2401 2612
000499.jpg,1946 105 2394 1778 416 11 883 2110 664 144 2420 1200 2452 2318 2331 1419 1119 320 1978 1676 1002 2262 2446 666 599 2537 1621 2642 1387 1911 1479 1682 908 897 1718 852 1370 243 1554 2357 2392 1688 1089 172 1100 1155 1235 1233 1232 1231 1230 2409 1236 1052 2408 2401 2157 1260 1259 1942 1257 1256 1255 1254 2404 1252 1237 1251 1249 2405 1247 1246 1245 1244 1243 2410 1241 1944 1239 1250 1943 1945 1227 1195 1194 1192 2421 1189 1188 2422 1186 1185 1184 1183 2423 1949 1180 1179 1178 1177
000500.jpg,1735 428 2371 667 2776 1619 879 2139 1982 1925 1863 299 2092 2576 2833 2771 1549 867 1373 888 2269 641 2385 2797 262 557 2363 687 1366 991 1807 1295 1814 1480 1816 2460 1539 2844 1660 2633 2607 2731 1122 1589 2403 741 1509 226 2175 2662 352 2431 2455 1009 837 891 1238 1291 267 2484 2063 2189 2517 2226 1803 1159 264 127 1025 1524 203 2444 1629 403 1815 1215 1520 2399 2727 1 273 2524 1242 2104 472 1060 1440 1278 577 1081 588 583 1497 386 90 385 814 1811 1167 1355
000501.jpg,1298 851 40 1232 592 1960 2571 167 2726 1744 20 1661 2162 1113 23 398 2503 1434 454 2386 1458 2678 1726 2222 2128 1144 2048 270 1768 1283 2761 1802 1080 1346 1426 2109 2567 22 2751 1214 1171 115 1880 38 2116 2572 1199 1004 940 2112 1108 2141 423 1591 2263 2494 1205 117 2303 1198 2230 335 2591 540 2542 2737 949 1343 1537 690 1979 2457 509 844 2706 832 1535 2129 1907 1371 1590 895 93 5 1515 861 856 1999 43 2498 2562 1019 63 2022 1556 388 163 2351 1061 815
000502.jpg,12 1473 1721 2809 1876 2051 1439 2183 864 994 508 526 2291 2057 574 608 274 1931 2526 2220 1874 1223 444 2037 423 2440 1725 1677 1462 2625 1892 1088 1408 1998 271 1942 1771 368 2089 2639 2683 647 531 2499 598 1591 2435 494 1477 939 1236 2409 1235 1944 1239 2408 1237 1241 1943 1250 1244 1269 1268 1267 1266 1265 2400 1263 2401 2157 1260 1259 1257 1256 1255 1254 2404 1252 1251 1249 2405 1247 1246 1245 1243 1233 1052 1231 2417 1200 1199 1198 1197 2156 1195 1194 1192 2420 2421 1189
000503.jpg,2714 348 2769 26 480 925 2538 1870 2649 2454 1369 663 689 2125 57 422 2838 2374 518 1580 756 280 2456 1758 210 570 2186 2004 2418 2330 197 1417 2289 1788 1665 550 133 1792 1861 294 769 2375 2650 433 1895 1710 2840 860 305 562 1489 51 1640 1701 155 463 179 746 2631 1375 1930 493 1859 1072 793 1392 1349 1619 1320 1366 1607 1615 1362 1360 1618 1324 1328 1338 1358 1355 1341 1345 1617 1350 1348 1542 1622 1316 1208 1215 1218 1229 1234 1238 1242 1253 1258 1261 1319 1264
000504.jpg,1483 44 16 376 1447 1469 2317 1672 1914 2785 2437 1836 291 1749 1057 2249 761 1631 2700 1990 1535 832 1449 1178 1116 1224 1713 1714 47 2359 104 1183 465 683 1838 2180 95 2441 576 676 1856 2111 2202 88 1476 2745 2129 34 2422 2523 1346 540 1847 1161 1513 824 596 1999 60 1103 2016 2555 1277 834 1727 2058 1425 2305 350 1523 2695 441 845 1228 1785 1795 1773 1743 2827 310 983 2547 2383 2080 373 499 1304 783 2190 1678 2275 1732 603 1620 1244 1943 1243 1259 1942 1257
000505.jpg,1836 1990 2437 2700 1914 1178 1672 1714 1713 1116 1224 2785 1838 2180 683 47 465 2523 2422 34 676 2202 2745 1476 88 2190 1749 1856 2111 824 596 2441 132 695 1176 576 2547 983 1483 95 291 44 1743 16 2016 376 2827 2317 1447 1631 1057 2129 1469 1535 832 1513 1847 1161 310 1773 1795 1785 1228 499 2249 761 540 1346 1727 2058 1999 1277 834 60 1103 2555 1693 2149 2656 783 1304 1231 1232 2409 1230 2410 1233 1225 1367 1368 1227 1226 2368 1236 1255 1254 2404 1252 1251 1250
000506.jpg,2090 569 193 121 988 340 571 13 1272 640 2520 2210 1268 901 427 2415 2217 1041 1754 2421 1038 1949 680 332 1793 2047 370 1189 2032 56 1256 1699 1886 1553 1430 323 2267 1065 2671 536 743 500 2568 2380 1499 1236 2423 1910 2083 1337 865 377 2578 828 1132 1588 1492 1431 2117 36 2108 2333 432 1049 932 839 1521 2629 2428 2798 1429 729 2539 2078 142 1890 429 1399 2038 964 2400 1257 1243 1265 1244 1943 1266 1267 1942 1263 1252 1245 1246 2404 1247 2401 2405 1249 1250 1254
000507.jpg,2164 2794 2091 239 1781 525 654 2311 245 49 1356 383 2070 1141 1248 2280 1505 822 2137 1787 2025 192 2669 2173 625 679 61 139 408 113 1168 1299 252 1274 1435 2396 653 1924 207 1598 838 296 356 1282 2693 1961 2470 858 209 216 2279 27 1127 225 2232 1506 618 200 2316 449 533 2017 1021 455 1500 1843 495 268 2565 344 33 799 1568 1262 330 2099 1011 1780 2531 2142 1503 241 1303 412 1829 1281 346 670 2285 1024 2283 2552 324 1124 1022 534 2557 326 1746 1018
000508.jpg,627 67 2583 2509 202 1810 1012 1406 249 2121 2350 1001 1075 1052 1236 1237 2408 1944 1241 1943 1239 1235 1231 1233 1232 1230 2410 1228 1227 1226 1225 1224 1223 2409 1243 1246 1245 1940 1269 1268 1267 1266 1265 2400 1263 2401 2157 1260 1259 1942 1257 1256 1255 1254 2404 1252 1251 1250 1249 2405 1247 1222 1244 1221 1217 1219 1188 2422 1186 1185 1184 1183 2423 1949 1180 1179 1178 1189 1177 1175 1174 1173 2425 1171 1170 1169 2426 2427 1166 1165 1176 2421 2420 1192 1946 1271 2413 2414 1214 1213
000509.jpg,1392 1580 1792 2461 2418 280 210 1034 57 793 1861 570 1234 1930 746 2004 2174 689 133 1665 2456 1575 1758 2327 1859 493 2125 2374 1375 1276 1072 1724 2186 2229 421 1030 2838 294 2330 422 1664 756 704 77 1358 548 2548 1279 185 1716 2694 934 884 1576 1857 2155 1292 1551 1947 1348 1043 1522 130 170 82 287 470 2127 514 1432 1776 2672 1238 267 1291 2662 687 2039 366 797 2588 885 801 1350 857 2590 228 1377 438 2703 242 1887 2123 158 1196 976 891 263 1457 720
000510.jpg,2065 567 118 808 517 2252 227 1583 998 1970 2042 2310 1791 2792 2379 2225 1854 382 778 2711 916 1063 919 952 1769 1770 1354 982 763 2778 2682 1851 114 1977 1651 930 9 1657 928 2729 1211 1179 2491 2328 748 841 1579 515 2647 639 1528 2097 1239 1367 1566 1368 887 1531 1470 2559 2618 2361 945 1578 923 151 1271 2488 1920 2304 528 1209 513 2658 25 2026 512 566 492 975 875 311 2349 1210 2723 2416 1154 579 1259 1260 1263 2401 2400 1265 2157 974 1015 1257 1266 1255
000511.jpg,1506 252 1141 2070 679 625 1505 1435 1299 1168 2311 1248 1598 113 1356 525 858 654 1781 245 2137 822 192 2669 2025 383 49 239 2091 216 2794 61 455 2164 1787 1924 207 27 2279 1612 1140 139 2280 2232 225 344 1262 1780 408 209 838 2173 53 2470 1127 2396 1274 356 296 1282 1918 1216 1829 1303 412 1662 2531 786 780 1465 2244 138 391 2285 1024 1843 653 331 430 655 726 1011 2429 484 2059 534 806 290 2565 418 1481 52 1008 643 1692 1941 2301 2611 2407 1875
000512.jpg,2545 2034 1796 2433 715 1569 2721 1640 51 562 305 155 100 48 1584 2376 439 64 2309 201 2713 1860 2023 1490 1096 1948 1416 1901 1453 2045 2755 747 1965 2556 1316 2815 1496 2272 1636 497 992 1586 1362 1897 2046 26 2769 1369 2454 1 1345 1348 1349 1350 1355 1358 1360 1366 1373 1341 1338 1307 1324 1181 1190 1191 1193 1196 1201 1202 1208 1215 1218 1229 1234 1238 1242 1253 1258 1261 1264 1270 1276 1278 1279 1291 1292 1294 1295 1313 1319 1320 1328 1375 1421 1381 1539 1540 1542 1544
000513.jpg,2277 1801 529 2579 374 2759 1300 789 581 483 1389 1683 1115 2546 2114 395 2644 2323 1334 962 1798 240 572 803 1427 1353 1883 2540 2784 251 1175 485 1306 1951 1230 2787 1394 646 101 545 2381 1900 2040 1213 2066 2178 304 2113 1593 1898 727 658 589 1451 341 2504 364 989 1361 436 215 737 1559 1106 895 93 898 2238 766 328 407 1971 1257 1093 1590 2000 714 614 1137 2054 1087 1558 293 2409 1928 1166 1207 2072 1561 617 1631 2242 1786 63 1019 1804 967 1719 853 1197
000514.jpg,2551 2284 2146 2018 764 1289 719 2008 2487 812 1534 2209 35 1351 615 2824 190 1157 1577 1493 914 1915 1344 2603 1997 539 303 1772 450 2585 723 1359 153 1657 2729 928 1121 1751 1970 778 206 343 1403 1745 1136 1245 2582 247 2485 1204 1633 862 930 381 1528 2264 998 516 1233 1252 2404 1232 1254 1231 1255 1256 1230 1257 2410 1942 1259 2409 1235 1250 1241 1236 1237 1249 2405 1247 1246 2408 1244 1243 1228 1239 1943 1944 1251 1227 2414 1225 1197 2156 1195 1194 1192 2420 2421 1189
000515.jpg,536 1588 1132 1268 1431 2117 36 988 193 121 733 2078 2090 569 1492 142 866 1065 571 1886 1699 429 1890 1499 1256 901 2568 1793 680 2333 2384 2451 21 1430 1553 500 332 340 2839 1329 2335 2217 427 2415 1236 2267 432 1239 2408 1263 1237 1235 2409 2400 1265 1233 1232 1231 1230 1266 2410 2401 2157 1942 1944 1247 1249 1250 1251 1246 1228 1252 2404 1254 1255 1244 1243 1943 1241 1257 2405 1259 1260 1245 1052 1226 1197 2156 1195 1194 1192 2420 2421 1189 1188 2422 1186 1185 1184 1183
000516.jpg,2065 411 807 2252 2666 650 1188 2171 922 1456 2043 118 1697 567 1260 1916 2346 2643 1977 1651 2816 2328 2491 1179 2810 1063 2682 1891 1284 37 468 759 808 1702 998 1583 517 475 2167 2268 1791 1723 285 2379 227 2042 1970 841 1579 919 1769 952 1354 2792 1221 982 763 2225 639 9 546 382 778 2711 1854 748 923 515 1761 1865 2310 2778 181 732 620 1578 945 1851 2304 975 916 229 2313 1858 2349 1210 875 311 1153 1603 820 1541 122 582 1797 928 1657 2729 1470 887
000517.jpg,2376 2545 2034 2433 2309 1796 1901 1453 1490 2721 715 1569 201 100 48 305 51 562 1640 64 155 1584 2713 1860 439 2023 2650 1123 2513 1878 1096 1416 1948 1341 1345 1386 1338 1369 1348 1373 1350 1355 1377 1358 1328 1360 1375 1362 1366 1381 1349 1316 1320 1181 1190 1191 1193 1196 1201 1202 1208 1215 1218 1229 1234 1238 1242 1324 1253 1261 1264 1270 1276 1278 1279 1291 1292 1294 1295 1307 1313 1388 1319 1258 1392 1428 1407 1545 1549 1551 1552 1564 1571 1572 1575 1576 1580 1586 1587 1589
000518.jpg,472 1060 127 2444 2710 1059 342 551 1803 1509 2595 1811 1355 1167 2749 2758 1341 1069 1607 867 1524 1629 203 577 147 1862 1295 1807 991 2468 2189 2431 385 814 154 2740 1278 1159 1735 2771 888 641 1373 1025 403 2455 1863 795 2403 2517 741 2215 262 2385 2255 2811 2063 2481 1939 2473 2619 273 1242 2524 2104 1215 1815 1270 1258 2484 687 1101 352 2412 2797 1440 718 90 837 1009 958 2175 1539 2709 2226 1366 1660 2633 2607 638 30 71 787 1445 2271 810 2616 665 1294 2820
000519.jpg,1305 1052 897 2512 2071 1933 1790 2096 222 1436 2218 1504 935 1911 836 2691 2362 2355 850 2750 2537 2642 2342 2450 1736 755 2645 1044 1098 2156 1321 1638 1709 666 599 2446 1621 2452 2201 2432 1806 1200 2318 908 796 1479 1387 2420 320 1682 144 1717 2655 2587 461 1976 477 1676 2469 2126 731 1160 595 208 1510 1247 2405 1241 1245 1244 1239 1243 1944 1943 1246 960 1256 1250 1268 1267 949 1266 1265 2400 1263 2401 1249 2157 1259 1942 1257 1255 1254 2404 1252 1251 1260 2408 2410 1236
000520.jpg,1469 1447 376 16 44 2317 1483 2249 761 1057 1631 291 1672 1749 1914 2785 1449 1836 2437 1535 832 1183 104 2359 1425 350 2080 2305 441 2695 1523 845 1346 540 2383 373 2275 1620 603 1732 1678 1482 2129 1990 2700 474 1073 2518 1147 1120 2555 834 1727 1103 60 1999 205 1462 907 543 423 2573 1561 1044 393 1244 2136 1450 830 339 863 2395 575 584 1691 1016 2754 1590 93 895 1343 2737 1004 783 149 1760 940 1712 1304 1434 182 1298 949 2112 1646 75 2497 198 2641 2176
000521.jpg,2252 227 2042 517 1063 2682 1651 916 1977 2310 1770 1970 1583 2491 2328 1179 841 1578 998 2225 639 382 1854 2711 778 2647 1211 114 945 1367 1566 1368 1239 1920 1579 9 2065 567 2723 2488 748 763 982 808 2575 118 512 311 875 1210 2097 2379 1528 1585 1667 819 2459 1531 887 1470 2349 515 492 1154 2026 579 566 2792 2361 7 2793 2416 923 1657 930 928 2729 1791 952 919 1769 1354 151 2559 2618 1271 25 2658 513 1851 1209 2778 2405 1194 1217 1246 1249 1245 1195 1244
000522.jpg,2185 1129 2298 2584 1411 1694 1684 795 1440 2801 143 2529 2517 386 718 1360 958 697 1294 665 1445 2619 2616 787 2271 638 71 2481 1939 1514 1446 1258 1215 30 1112 810 1270 2246 1630 1242 273 2524 2104 342 1059 551 2468 2740 741 2460 2363 557 154 2189 1278 147 1863 1509 1295 1807 888 1373 2771 641 1735 969 2339 1524 203 1803 1629 127 2444 991 262 1409 1366 1369 1392 1388 591 1362 1375 1377 1381 1414 1407 1386 1405 715 1358 1261 1264 616 1276 1279 1291 1292 613 611
000523.jpg,1439 2051 2183 2057 2291 574 1874 1223 2683 2639 647 2220 2526 2435 494 1931 2089 939 1899 686 146 1876 12 1473 2809 1721 2445 2704 1433 974 677 2438 329 2598 2436 804 1477 682 1185 482 2813 2248 2499 598 255 1771 1677 1892 2580 2625 2037 491 2569 1592 2766 447 2825 2440 1408 1942 271 444 368 1725 508 994 526 864 1998 217 1330 1937 2719 1462 423 608 274 1088 1591 531 2294 1055 1944 2427 1777 2708 657 2400 1265 1257 1266 1259 1943 1241 1256 1255 2401 1243 1251 1250
000524.jpg,2771 1373 641 888 1863 991 1807 1295 262 2385 1735 1509 667 1982 1925 2371 1619 2776 428 2797 687 741 879 1803 2139 2431 1549 2189 1242 273 2104 2524 2576 1278 2444 147 1811 1355 1167 2403 1524 1629 203 299 2092 2517 127 2833 2595 1291 1238 891 267 1814 2844 577 2269 2460 1862 226 557 2363 2662 867 90 1025 385 814 2548 2710 1520 2399 2727 352 1366 1215 1539 2468 1060 1660 2633 2607 2709 795 2619 472 2175 913 307 2731 1589 1122 2255 2811 1816 1480 2412 600 17 573
000525.jpg,867 472 1060 1735 127 1069 2758 1341 1607 2138 1509 2403 1295 1807 991 1862 2710 2444 741 961 2189 1803 1101 1373 1863 888 2771 641 577 147 2595 2633 1660 2607 262 2385 2339 1278 1811 1355 1167 2255 2811 1480 1816 1571 1349 1618 1540 2340 795 2524 273 1242 2104 687 2797 537 511 2473 2213 414 1366 1629 203 1524 2517 642 2063 352 90 46 2412 600 17 573 299 2092 385 2431 814 342 551 1059 1619 969 234 1572 913 223 1615 2635 2226 2844 2833 2139 317 2100 1622 846
000526.jpg,1087 63 93 895 1590 1137 614 1019 1257 1971 898 1197 1207 2072 714 1166 1928 2409 1558 2022 1786 853 1333 1346 2542 617 1801 1593 1093 803 2277 2129 374 2324 2247 2493 1298 1631 1898 1847 1161 1795 1513 1773 407 1113 1535 832 2224 1434 2242 1561 2323 1334 1300 240 483 789 2759 2579 426 1597 1343 1785 949 1228 2737 783 954 540 1106 499 2016 2112 940 1712 182 1685 1538 2699 2489 1846 341 2238 328 766 529 2644 646 395 291 581 634 310 2149 1693 2656 1683 1091 1996
000527.jpg,133 493 1375 2327 746 570 2174 1575 1392 1034 2461 2004 1792 793 210 1234 280 1580 57 1930 1724 2418 2229 1861 689 2456 1665 421 2374 1859 1758 1276 2125 1664 1072 1947 548 2330 1030 294 2186 704 2838 77 422 2548 756 2694 1551 2672 1358 1043 885 801 2039 2590 2123 1887 228 1776 1350 857 976 1196 1292 263 1457 1279 2356 1765 2184 934 1229 1191 2332 2659 656 2739 1542 2321 706 720 1877 1716 185 1857 891 1238 267 2662 687 1291 2127 170 130 470 1432 514 82 1522
000528.jpg,1371 183 621 1365 84 785 2152 2502 2141 171 959 2567 815 1987 2751 941 1108 2760 2608 2182 481 2109 1283 45 22 1171 1214 236 1364 1251 2522 2056 270 1064 1605 2705 2831 1953 1560 43 1927 106 1661 2562 214 2348 1866 2503 398 2678 2401 2498 506 565 1844 1286 2612 2060 189 1032 2572 592 924 2188 1726 1768 2048 2761 1199 1084 971 909 96 1596 387 1802 2263 1525 2623 40 1960 851 396 2627 1632 2448 2386 2571 2197 2442 2222 2688 1139 2153 229 1889 2720 1280 2554 894
000529.jpg,2792 998 1583 118 567 808 2065 778 1970 2711 382 1854 1791 517 1769 952 919 1354 2361 2778 9 515 2729 928 1657 930 2379 114 1851 227 748 1579 841 982 763 1063 2252 7 2793 975 2682 1770 1531 887 1470 2647 639 1578 945 2225 2042 2310 1179 2328 2491 923 2304 2097 1528 916 1977 1920 1271 566 2026 492 512 25 2658 1209 513 1211 1651 2723 2416 1154 579 1177 1944 1239 2408 1237 1236 1235 2409 1233 1231 1230 2410 2426 1169 1228 1227 1226 1225 1232 1241 1841 1943 1260
000530.jpg,761 2249 2054 1361 2317 1057 1559 1451 2000 646 1449 1469 1447 16 44 376 2540 658 589 727 1483 1106 2787 1798 572 1427 529 2644 395 1306 1951 962 1230 545 2323 1334 291 2277 1672 1631 1175 485 293 2066 1213 251 1914 1749 1207 614 1137 2072 2785 1394 832 1535 2555 834 1727 1389 2579 954 1333 1685 1300 474 2258 1841 362 104 1183 1425 1836 2437 2040 2381 1900 350 1044 1801 364 215 737 101 436 1353 2129 2178 304 2113 1593 240 789 483 2784 2546 1115 1883 2114 803
000531.jpg,2554 419 894 2153 1632 96 2060 1032 189 106 1927 1214 22 1171 2109 2567 481 2751 2401 2612 815 1987 1661 167 2726 20 1744 2162 2627 396 856 309 1217 333 1365 2222 941 744 1013 1336 1315 2160 454 84 1251 171 1364 2831 2571 592 785 2555 1277 1727 834 2058 506 1844 1286 959 565 2841 1139 2404 957 1766 1889 2464 609 2141 1371 621 2705 42 2425 1449 281 2677 2502 1602 1953 214 2348 1866 2079 2116 1108 1283 1233 1232 1367 1231 1368 1230 2410 1228 1227 2409 1226 1225
000532.jpg,2628 2241 1840 518 663 1636 1316 1496 1965 965 2439 2556 1658 1381 1051 2272 1218 1544 1782 2815 194 1261 440 735 1897 1362 2713 1860 2836 2837 1649 1586 2046 497 992 2130 2050 1045 2538 2767 2352 2631 712 1054 1623 169 550 179 1422 1617 1444 155 1328 201 2707 1679 947 1663 1552 1948 1096 1416 1752 950 1640 305 51 562 2553 231 1029 2735 2367 2433 2649 925 1369 1870 1123 1878 2826 168 563 2088 2133 2069 439 64 1993 1788 1489 860 1417 1208 1307 2652 2309 978 1486 977
000533.jpg,807 1260 2643 1761 1697 759 1153 1702 411 285 468 829 1541 1603 820 922 1188 1456 546 2268 2167 750 334 732 620 181 669 1891 1221 2387 2346 1916 2816 650 2666 2168 1797 6 582 2171 475 1723 1083 2043 37 2706 476 1284 459 2810 2261 1227 1865 448 2476 2425 1380 2194 2313 229 1858 2278 1318 2807 636 1536 661 122 42 1090 1763 1199 298 1570 973 1387 1682 1596 2688 387 2498 644 2720 690 1082 586 1308 443 1006 1285 1015 1267 946 205 2188 2118 980 1610 1884 1359
000534.jpg,1146 987 312 2832 1202 635 1405 950 1752 2069 556 1386 85 188 2044 1934 2501 2082 547 2270 4 1319 2411 1102 221 2790 943 611 1799 1737 2528 2300 1926 1496 613 2556 2367 1624 1644 817 826 1656 1407 2817 59 626 1545 2389 2631 2538 518 663 1860 2815 1316 1636 1965 2713 2272 1617 550 1422 2635 1242 1253 1258 1261 1264 1270 1276 1278 1279 1291 1292 1294 1238 1295 1313 2776 2771 1320 1324 1328 1338 1341 1345 1348 1349 1350 1307 1355 1234 1218 1086 1092 1095 1096 1101 2797 1112
000535.jpg,2263 2623 1525 2678 1726 1083 2386 1199 6 2572 2442 1280 1084 2116 971 1596 2562 43 2188 1702 1802 2720 2503 398 2498 1458 851 40 1960 592 2688 1536 636 2807 1318 387 2141 644 1108 785 1880 2448 2571 2278 42 396 815 481 2627 1987 275 2197 2079 1336 1013 582 1283 732 181 620 762 300 117 2494 1205 1979 2303 1198 1217 333 309 1371 1315 1232 2160 2056 1064 2522 1797 474 907 543 104 1907 1364 45 1251 1365 759 2643 546 861 856 2591 423 1144 1591 2230 335 2168
000536.jpg,1929 2806 1730 295 2687 1275 1843 2765 1024 726 2301 2407 1008 1011 1037 1715 1635 390 2236 1475 999 1262 1967 220 2059 2232 1568 1039 2565 467 108 1124 2053 430 655 2715 484 2531 1050 314 1662 2429 753 2398 89 2285 1378 1022 455 1612 1140 331 1875 452 131 495 268 1240 788 2693 799 1813 1918 2142 840 758 389 241 2634 1829 2821 346 52 2406 1648 628 1220 53 138 501 324 1503 1923 456 125 418 1481 1912 1932 1281 2062 139 209 838 2690 2343 1273 2698 216 391
000537.jpg,989 2381 1115 803 251 2546 1900 2040 364 341 215 436 737 101 1427 1389 2540 374 1230 304 2113 2178 2066 1213 1300 646 2504 2114 2644 395 2579 2759 1883 1394 572 1798 545 1898 962 2277 1451 1175 485 1306 1951 529 1361 2787 1683 1334 2323 658 589 727 581 1106 1353 483 789 1257 1971 1559 2000 328 407 766 2238 1801 1786 2242 240 1093 2784 2288 564 1818 926 2054 293 2281 1357 39 1593 76 1180 1207 2072 1137 614 1558 714 1019 1944 1239 2408 1942 1251 1255 1241 1943
000538.jpg,1353 1883 2784 483 240 1801 1300 789 1593 529 2277 1394 545 989 1798 251 2249 761 341 304 2178 2113 1898 1213 2066 1559 1106 2000 395 2644 1427 2540 803 2381 101 2323 1334 2759 374 2579 1115 1449 44 1057 2317 16 1230 2546 215 436 737 364 646 2238 766 328 2054 407 1093 2504 1447 1469 1804 967 1719 1451 581 1672 1483 564 2288 926 1818 76 1180 2114 2040 1900 1389 2787 962 572 1175 1306 485 1951 1244 1943 1243 1245 1194 1246 1247 2405 1195 2420 1250 2401 2157 1260
000539.jpg,1663 947 1444 1328 2767 169 1649 2836 2837 712 1045 1782 2050 2130 1381 1658 179 1623 2707 1679 1422 1617 440 735 1544 1054 1552 2439 2241 1840 550 1993 445 645 1218 2011 1261 2631 1029 134 2840 2628 319 1253 1051 965 663 518 194 2352 2735 1489 155 51 562 305 1640 2649 925 1369 463 1701 1710 860 1417 1788 1870 900 1486 1437 480 2454 2538 1324 1358 1278 1276 1360 1362 1279 1366 1270 1234 1264 1258 1242 1238 1229 1355 1350 1349 1291 1292 1348 1294 1345 1295 1307 1341 1208
000540.jpg,1483 44 16 376 1447 1469 2317 1672 1914 2785 1836 2437 1749 291 761 2249 1057 1631 2700 1990 832 1535 1449 1178 1224 1116 1713 1714 465 2359 1183 104 47 95 2441 676 1856 2111 2180 1838 683 88 1476 2202 2745 1346 540 1847 1513 1161 1103 1999 60 596 576 824 2016 2422 2523 34 2129 1785 1228 2555 1277 2058 1727 834 1773 1795 1743 2827 983 310 845 1523 441 2695 350 2305 1425 2547 2080 2383 373 499 1304 783 2190 1678 2275 1732 603 1620 1256 1259 1243 1943 1257 1942
000541.jpg,1643 1819 196 585 2081 776 353 98 2474 1042 1625 910 2067 1864 2462 701 2103 1402 2334 2027 869 809 2353 69 781 381 233 2256 1963 276 1344 2361 2264 2101 2132 1528 871 343 153 206 1403 1077 2391 2012 1600 1128 630 2001 1944 1235 1176 1236 1177 1244 1237 1243 1178 2400 1239 1245 1241 2408 1943 2405 1247 1256 1257 1174 1255 1254 1942 2404 2409 1246 1252 1251 1250 1260 2157 1175 1249 2401 1263 1259 1233 1949 1231 1204 1203 2416 2417 1200 1180 1199 1198 1197 2156 1195 1194 1192
000542.jpg,2512 1305 1436 2218 1504 222 897 2362 2071 1052 755 2450 2342 1736 1790 1933 1911 2691 1638 850 2355 1806 2750 2096 1321 2156 1098 935 1709 2645 836 2201 2432 796 1044 1387 1479 2318 1200 320 2452 1621 1682 208 1510 595 1717 2587 2655 823 73 2074 1599 399 380 1267 908 72 461 1085 816 2126 2009 2469 731 1160 2636 599 2642 2446 666 2537 1145 460 477 1976 99 2163 401 453 2166 1227 1228 1230 1371 1231 1232 2409 1370 2410 1233 1344 1236 1365 2357 1255 1254 1367 2404 1252
000543.jpg,127 1939 2481 1258 1112 1270 472 1446 1294 665 2616 2710 1694 969 1060 1360 1630 1411 2584 2339 1129 1684 2595 2372 1341 2758 1607 1069 2466 2185 2189 2246 147 577 403 2175 2444 2215 1355 1167 1811 1803 1159 2455 1278 867 638 810 352 2298 2820 2013 1324 2811 2255 2517 1215 1815 30 2619 1445 1509 1862 2801 2412 71 787 573 17 600 2138 2648 1629 203 1524 2063 2484 1828 2614 1964 405 2835 1009 837 1025 2271 1338 961 958 1514 2223 1698 1095 90 2403 913 846 1622 317 795
000544.jpg,1213 2066 2113 304 2178 545 1394 2546 1389 1115 727 589 658 485 1175 1306 1951 1798 1451 1559 1361 2787 989 646 2000 1106 293 1334 2323 572 341 251 2644 395 2054 803 1019 962 2381 2579 2540 1230 1427 1300 529 1353 2759 1683 581 374 2114 1883 63 1333 2022 1898 1093 1801 2277 2040 101 215 2504 1900 737 436 789 483 364 2401 1246 1245 1244 1263 1257 2157 2400 1185 1943 1241 1944 2421 1243 1247 1260 2405 1249 1942 1188 1250 1259 1251 1252 2404 1239 1255 2422 1186 1256 1189
000545.jpg,2551 2284 2146 2018 764 1289 719 2008 2487 812 1534 2209 1351 35 2824 615 1577 190 1157 914 1493 1344 2603 153 928 1657 2729 1359 2585 723 1915 778 1970 206 343 1403 1245 1136 1745 1997 450 1204 539 2485 303 2582 1121 247 1772 930 998 1751 516 1254 1255 1256 1257 1232 1231 1230 1942 1259 2410 1260 2157 1228 1227 1233 2409 2404 1241 1943 1226 1944 1244 1239 1246 2408 1247 2405 1249 1250 1237 1236 1251 1252 1235 1243 2414 1224 2156 1195 1194 1192 2420 2421 1189 1188 2422 1186
000546.jpg,2043 2171 2810 650 2666 2816 1916 2346 475 1723 1891 411 807 2643 1702 1260 6 285 1083 759 1188 181 620 732 1221 546 582 1697 468 1456 922 1797 1284 2841 37 1605 1603 1541 820 1570 2425 2476 1318 2278 1536 636 2807 2268 2167 2768 420 1397 1139 2152 2502 42 334 750 2387 122 1865 298 148 387 2498 1596 2688 953 1153 2168 2261 1227 476 669 829 1199 1090 1763 1761 644 2720 1858 2313 229 661 2194 1308 586 1082 443 1006 2118 980 1884 1610 2188 459 1232 1471 2230
000547.jpg,726 1635 390 1715 1967 2236 2053 1124 1037 1050 314 1730 1475 2806 999 1011 1568 295 2301 1216 1648 2406 1275 1143 159 1097 1293 1008 2407 2687 331 1140 1929 344 391 2059 484 1662 2429 799 1756 1395 2062 1822 1118 27 1317 805 655 430 326 580 31 2693 1755 2285 2232 1829 220 216 1240 653 1187 1024 209 838 139 207 1303 268 131 1875 1921 1506 786 478 936 2715 1924 2173 1297 125 456 1281 1912 495 1843 2505 2465 418 52 1481 53 534 806 452 290 780 1262 402
000548.jpg,2051 1439 2183 2057 2291 574 1223 1874 647 2683 2639 494 2435 1899 146 686 2526 2220 1931 2089 974 1876 1473 1721 2809 12 939 677 1433 2704 2445 2436 329 2598 804 2438 1185 2248 2813 1477 682 2580 482 255 491 1592 2569 1677 1892 1771 2625 2037 1937 1777 657 2708 508 994 864 526 1998 2499 598 1330 217 608 274 1088 1452 1868 140 1408 2440 271 1942 2427 1944 2766 2294 1055 447 2825 2719 368 1462 423 1725 444 1241 1265 1943 1256 1243 1257 1255 1254 2404 1252 1259 1250
000549.jpg,2668 2227 979 2786 176 2743 1393 1033 332 1562 1890 554 2333 2029 868 1268 597 555 1065 1888 1686 1418 886 429 2108 142 417 802 340 1492 571 432 62 2078 289 2384 21 2451 681 536 1398 361 1588 1132 1256 193 121 988 878 680 1699 1430 1886 1553 2117 2090 569 199 1431 2267 1236 2423 866 36 2380 743 1053 1038 1754 2421 1041 2217 1949 302 292 893 78 2415 427 1793 901 1245 1195 1249 2405 1246 1247 1244 1263 1251 2401 2157 1260 1259 1188 2400 1942 1257 1189 1250
000550.jpg,1132 1588 536 1268 1431 2117 988 121 193 36 2078 1492 142 866 733 2090 569 1886 1699 1890 680 429 1430 1553 1256 2333 332 802 340 432 1499 500 2384 2451 21 1236 2267 555 2029 1754 2421 1038 1041 571 1888 2668 1053 878 2380 1562 1065 1949 289 199 868 2423 681 743 2786 2227 979 2108 1033 1393 2743 893 78 1398 302 361 62 292 554 417 886 597 176 1337 377 2428 2578 1429 828 2083 2629 1910 2335 901 1329 1793 2568 2839 1049 1521 1249 698 323 839 955 932
000551.jpg,627 67 2583 2509 202 1810 1012 1406 249 2121 2350 1001 1075 1052 1236 1237 2408 1944 1241 1943 1239 1235 1231 1233 1232 1230 2410 1228 1227 1226 1225 1224 1223 2409 1243 1246 1245 1940 1269 1268 1267 1266 1265 2400 1263 2401 2157 1260 1259 1942 1257 1256 1255 1254 2404 1252 1251 1250 1249 2405 1247 1222 1244 1221 1217 1219 1188 2422 1186 1185 1184 1183 2423 1949 1180 1179 1178 1189 1177 1175 1174 1173 2425 1171 1170 1169 2426 2427 1166 1165 1176 2421 2420 1192 1946 1271 2413 2414 1214 1213
000552.jpg,1425 1449 350 1380 946 1267 1044 1057 2305 1750 1263 2514 205 761 2249 459 2573 1090 1763 2791 2030 2706 690 2677 396 2627 281 2317 2268 2167 443 1308 586 1082 376 1447 16 1483 1469 44 1245 1246 1247 2405 1239 1237 1944 1244 1243 1943 2408 1236 1241 1255 1250 1271 1940 1269 1268 1266 1265 2400 2401 2157 1260 1259 1942 1257 1256 1235 1254 2404 1252 1251 1249 2409 1052 1232 2417 1200 1199 1198 1197 2156 1195 1194 1192 2420 2421 1189 1188 2422 1186 1185 1184 1183 2423 1949 1180 1179
000553.jpg,1469 1447 376 16 44 2317 1483 2249 761 1057 1631 291 1672 1749 1914 2785 1449 1836 2437 1535 832 1183 104 2359 1425 350 2080 2305 441 2695 1523 845 1346 540 2383 373 2275 1620 603 1732 1678 1482 2129 1990 2700 474 1073 2518 1147 1120 2555 834 1727 1103 60 1999 205 1462 907 543 423 2573 1561 1044 393 1244 2136 1450 830 339 863 2395 575 584 1691 1016 2754 1590 93 895 1343 2737 1004 783 149 1760 940 1712 1304 1434 182 1298 949 2112 1646 75 2497 198 2641 2176
000554.jpg,536 1588 1132 1268 1431 988 193 121 2117 1699 1886 1553 1430 1492 2090 569 36 2267 2078 1256 142 1236 571 340 429 2380 901 743 680 2333 1890 1793 332 2415 427 2217 2568 733 866 432 2423 1065 2227 2786 979 2668 1562 555 1499 2384 2451 21 2335 1329 2839 802 2029 868 1888 176 2108 2421 1038 1041 1754 500 554 2602 2570 1668 1374 1764 2808 1952 2828 1249 1266 729 2795 2640 1033 2743 1393 1053 1189 370 56 2032 2047 878 1399 2578 828 672 933 1246 1245 2400 2156 1244
000555.jpg,1256 340 901 2217 571 2415 427 2090 569 1793 2423 2267 1430 1553 1886 1699 2380 1236 988 193 121 2568 743 332 1065 680 1492 2117 1268 2421 1754 1041 1038 2078 142 1949 2333 13 432 2668 536 1272 640 2210 2520 2032 56 323 2047 370 1189 554 1499 1890 802 1888 1033 2743 1393 1053 868 2108 2451 2384 21 2029 176 429 78 878 893 302 292 1398 361 36 1431 866 681 289 500 1132 1588 1562 62 979 2786 2227 555 2671 199 417 597 886 1686 1418 1329 2839 2335 2115
000556.jpg,99 823 380 73 1599 2074 1628 2163 453 1872 437 399 1233 461 760 1510 477 208 595 981 2587 816 401 1717 2655 1145 1976 2469 731 2126 2829 1085 1160 2122 177 1903 1163 2679 2009 72 2636 2722 2098 1047 2747 612 2055 460 2577 156 172 141 1023 164 694 1241 174 1415 1784 1808 2274 1404 1688 2775 1100 1155 1089 666 2537 2446 599 2642 2318 1682 2420 1479 850 2355 2362 1911 2691 1266 1267 1249 1265 2400 1250 2157 1263 2401 1255 1260 1259 2405 1252 1942 1257 2404 1256 1254
000557.jpg,1425 1449 350 1380 946 1267 1044 1057 2305 1750 1263 2514 205 761 2249 459 2573 1090 1763 2791 2030 2706 690 2677 396 2627 281 2317 2268 2167 443 1308 586 1082 376 1447 16 1483 1469 44 1245 1246 1247 2405 1239 1237 1944 1244 1243 1943 2408 1236 1241 1255 1250 1271 1940 1269 1268 1266 1265 2400 2401 2157 1260 1259 1942 1257 1256 1235 1254 2404 1252 1251 1249 2409 1052 1232 2417 1200 1199 1198 1197 2156 1195 1194 1192 2420 2421 1189 1188 2422 1186 1185 1184 1183 2423 1949 1180 1179
000558.jpg,2164 2794 2091 239 1781 525 654 2311 245 49 1356 383 2070 1141 1248 2280 1505 822 2137 1787 2025 192 2669 2173 625 679 61 139 408 113 1168 1299 252 1274 1435 2396 653 1924 207 1598 838 296 356 1282 2693 1961 2470 858 209 216 2279 27 1127 225 2232 1506 618 200 2316 449 533 2017 1021 455 1500 1843 495 268 2565 344 33 799 1568 1262 330 2099 1011 1780 2531 2142 1503 241 1303 412 1829 1281 346 670 2285 1024 2283 2552 324 1124 1022 534 2557 326 1746 1018
000559.jpg,1891 582 1221 285 546 1570 6 1697 1723 2643 475 1702 1083 2816 1260 759 807 298 181 732 620 1916 2346 468 650 2666 1285 973 1797 2810 2043 1541 820 1603 980 1884 2118 1605 2152 2502 1456 2171 1015 334 750 829 922 1188 1610 2168 669 1284 2167 2268 411 1761 1082 1006 443 586 1308 448 1979 122 1865 661 2261 1227 2194 476 2807 1536 1318 636 2278 2425 2476 2768 1738 1602 148 2179 510 1139 420 1397 594 2841 1866 2521 214 2348 1953 1153 2387 924 1471 1090 1763 327
000560.jpg,2721 715 1569 100 48 64 562 305 51 1640 1796 439 2376 155 2433 2034 2545 1901 1453 2309 1490 201 2713 1860 1416 1096 1948 2650 2556 1496 2815 2272 1584 2023 2513 1878 1123 231 2553 2439 1381 2836 2241 1782 1218 1658 1840 1316 1636 518 550 2352 769 2138 2482 1895 433 173 2289 197 2375 1965 1369 2769 2454 26 1261 1544 2628 161 2735 712 2088 486 1046 2337 2544 906 2007 168 1148 978 1307 2133 1414 623 784 659 260 259 674 2826 2652 1437 1848 1428 563 1564 1552 1551
000561.jpg,2548 687 2662 267 1291 1238 1375 1580 280 2418 891 746 90 2844 493 570 2004 1034 2461 1392 2174 793 2327 2229 2797 1338 133 2403 2541 689 57 1234 2189 741 1278 1025 1792 210 1724 1575 1859 2456 1861 2709 1930 600 17 573 2412 2811 2255 2125 2838 1276 1030 2374 1349 2455 1009 837 2063 2399 1520 913 307 2727 1072 1622 317 2648 846 472 2186 1665 1758 1366 1816 1480 667 2371 1215 697 1589 2731 1122 1814 1664 1358 294 421 2330 422 2771 641 1295 1373 1807 888 2139 2776
000562.jpg,1453 1901 2376 2309 1490 2433 201 1860 2713 2721 715 1569 48 100 1796 51 1640 305 562 439 2545 2034 64 155 1496 2556 2815 2272 2650 1878 1123 231 2553 1316 1636 1965 2513 2352 2375 433 197 173 2289 769 2482 2138 1895 168 161 2735 2628 194 1261 1051 1295 1294 1313 1307 1542 1622 1324 1328 1619 1618 1338 1341 1345 1348 1349 1350 1355 1319 1320 1278 1291 1191 1193 1196 1201 1630 1202 1208 1629 1627 1215 1218 1292 1624 1234 1238 1242 1253 1258 1264 1270 1276 1358 1623 1279 1229
000563.jpg,2252 1651 2682 1977 1063 1179 2491 2328 2042 841 227 1578 639 916 945 1579 9 2647 1920 1770 517 2310 1583 998 748 114 2225 1970 1531 887 1470 1239 1368 1566 1367 952 1769 1211 2575 515 2711 1854 382 778 819 1585 1667 919 1354 2723 2097 512 808 567 1528 2488 982 763 118 2792 2065 2379 1657 928 2729 1791 2361 2778 930 1210 311 2793 875 7 2349 923 2459 1154 566 2416 492 579 2026 25 2658 513 1851 1209 1226 1227 1236 1363 1228 1231 1364 1235 2409 2410 1230 1233
000564.jpg,1159 2455 2484 403 2063 264 1815 1009 837 352 2189 2844 2215 2412 2811 2255 1060 2486 317 2403 1622 600 1338 846 17 573 1862 1571 2797 90 577 127 2833 472 913 642 2100 2269 1539 891 2139 2092 1025 1101 741 2648 1238 267 1291 1349 307 2727 1520 2399 299 2709 234 1572 1982 1925 147 2595 1549 1619 2175 1278 814 385 2576 2431 879 2371 349 1509 1803 2710 2541 428 667 1814 1524 1629 203 2226 2481 1939 2338 2223 1698 2776 2385 262 2460 1735 1167 1811 1355 1589 2731 1122
000565.jpg,867 472 1060 1735 127 1069 2758 1341 1607 2138 1509 2403 1295 1807 991 1862 2710 2444 741 961 2189 1803 1101 1373 1863 888 2771 641 577 147 2595 2633 1660 2607 262 2385 2339 1278 1811 1355 1167 2255 2811 1480 1816 1571 1349 1618 1540 2340 795 2524 273 1242 2104 687 2797 537 511 2473 2213 414 1366 1629 203 1524 2517 642 2063 352 90 46 2412 600 17 573 299 2092 385 2431 814 342 551 1059 1619 969 234 1572 913 223 1615 2635 2226 2844 2833 2139 317 2100 1622 846
000566.jpg,2282 631 1290 2064 1518 2596 1017 921 2796 1909 662 1613 2392 1879 2049 2093 1978 607 1301 2357 394 2140 1058 530 984 451 1906 1002 2085 1604 1237 2262 1119 446 1567 1981 908 942 2543 1621 1676 871 144 1396 1105 1384 660 355 813 360 2259 852 1718 2452 897 1554 243 966 1495 2458 320 2696 1742 2257 1673 2782 1944 2405 1247 1246 1943 1245 2420 1244 1249 2421 1243 1241 1189 1251 1188 1179 1180 1949 2157 1260 2423 1259 1183 1942 1257 1256 1255 1254 1184 2404 1185 1186 1252 2422
000567.jpg,909 2230 335 2591 1232 1458 398 2386 2503 214 1866 300 762 2079 1907 1400 2620 1922 1687 1315 2160 1013 1336 2197 2841 1139 1953 2348 2571 2678 1726 2116 752 856 861 2401 2612 1228 2410 1363 1231 1227 2351 1233 1230 1379 1224 1226 1225 2409 1223 1222 1221 1945 2350 1380 1235 1236 1237 1259 1942 1257 1256 1255 1254 2404 1252 1374 1251 1250 1249 2405 2354 1247 1246 1245 1244 1243 2353 1943 1241 1944 1239 2408 1219 1946 2414 2413 1189 1188 2422 1186 1185 1184 1183 2423 1949 1180 2421 1179
000568.jpg,2054 1361 658 589 727 646 1559 1451 2787 2000 1951 1306 485 1175 2540 572 1798 1106 293 962 1334 2323 1389 1427 2066 1213 1230 395 2644 1115 2546 2178 2113 304 545 529 1394 251 2277 2114 581 2533 29 2320 1149 1300 1801 789 1207 2072 614 1137 2021 1683 761 2249 374 2579 2759 1883 2673 2172 286 101 2381 737 215 436 2784 240 1593 483 754 1231 2756 2504 1533 989 2040 1900 803 364 328 1093 1898 766 407 2238 1353 1719 967 1804 2656 2149 1693 1728 63 1019 2022 1333
000569.jpg,726 1475 999 2236 390 1715 1635 1967 314 1050 2059 1011 2053 1124 1568 484 2301 1037 331 1730 1008 2407 2429 1662 1929 655 430 2806 295 534 806 1024 1275 2687 1755 1317 799 344 1140 2406 1648 216 2232 805 1216 391 2693 1756 1395 780 786 2285 53 52 2765 1262 418 1481 653 2244 1465 2531 1875 139 838 209 1240 1612 1829 220 1273 455 1706 464 1918 207 131 268 1438 1293 1143 159 1097 452 1039 89 2715 1831 346 2821 290 363 936 478 2173 1924 495 1843 2470 1506
000570.jpg,998 1583 2792 118 567 808 1970 778 517 1769 952 1791 2065 1354 919 382 2711 1854 2252 2361 1063 1579 2682 9 2778 841 2491 2328 1179 928 2729 1657 930 227 2379 1977 515 639 748 1851 1651 2042 1578 982 763 945 114 2225 1770 916 2793 7 975 923 2647 1470 887 1531 1920 2304 2310 1271 1368 1367 1566 1239 875 311 2349 1210 2488 2097 1528 1244 1243 1943 1241 1260 1185 2157 2401 1186 2408 1237 1263 2422 1180 1944 1184 1256 1247 1257 1255 1254 2404 1252 1949 1251 1250 1236
000571.jpg,645 2011 1679 1054 445 1623 2707 1328 1444 1029 1649 947 1663 1552 169 2837 134 2840 319 1253 2767 1045 2130 2050 712 440 735 1544 1422 1617 2836 179 2439 1782 2735 1658 1381 1840 2241 1261 1993 550 2544 259 1218 2287 433 197 2375 1417 1788 860 1489 1051 2628 194 1279 1295 1292 1278 1294 1276 1270 1291 2710 1313 1319 1320 1324 2800 1338 1341 1345 1348 1349 1350 1355 1358 1307 1316 1258 2801 1112 1122 1123 1129 1146 1148 1151 1158 1159 1167 1172 1181 1264 1190 1193 1196 1201 1202
000572.jpg,2043 2171 2810 1916 2346 650 2666 2816 475 1723 1891 411 1188 807 922 1456 1260 1697 2643 1541 1603 820 1284 37 285 1702 468 6 759 1221 334 750 2841 1605 2387 2268 2167 181 732 620 298 1570 1153 1397 2768 420 1083 1761 1139 582 2502 2152 829 1797 546 148 1865 122 953 229 2313 1858 669 2168 1227 476 2261 1308 1082 980 586 1610 443 1006 1090 1884 2118 1763 1943 1241 1239 1944 1251 1244 1263 2401 2157 1259 1942 1257 1256 1255 1243 1254 1252 2408 1250 1249 2405 1247
000573.jpg,2548 687 2662 2844 2797 1291 267 1238 2403 891 741 1375 2371 2189 2139 1159 2063 2455 837 1009 90 299 2269 2833 2092 1814 1122 1589 2731 2484 280 2418 1580 1815 667 1278 403 1982 1925 1539 264 746 352 428 1338 493 2004 570 1034 2461 600 2412 2255 2811 1392 317 2174 793 1619 2327 2229 2576 2175 1549 1622 133 2709 879 57 689 1234 17 573 577 210 1792 2541 472 846 1724 1575 1863 226 1861 1859 2456 127 1930 2215 2486 1060 1349 2125 2838 1571 1030 1276 2374 2399 307
000574.jpg,2099 1532 330 1896 1704 734 2742 2674 1339 1956 532 2028 671 152 354 847 2479 849 696 313 2500 2819 458 1376 2228 1708 2557 1741 2283 1335 2250 2181 28 1827 175 2191 523 1563 505 238 1917 587 2552 972 120 2365 1297 772 2689 705 2681 504 633 2177 2370 711 2716 2592 2193 81 1746 1680 2534 92 2052 2119 503 2322 533 1873 1961 1273 2698 561 653 2693 968 1010 1111 602 2527 2279 655 1026 1756 1755 1262 1024 346 331 2285 344 1274 1022 1021 2280 1275 1967 2105 326
000575.jpg,2843 257 1871 1138 1731 2613 1645 2609 1800 288 742 2516 1894 2377 1527 535 1007 1526 1707 1419 253 2341 301 392 406 2145 1779 1385 1992 519 1068 821 1325 811 1079 410 2331 773 2763 1455 1442 2219 709 186 937 112 1466 338 730 1516 2549 1232 1231 1368 1230 2410 2166 1228 1227 1225 1233 1224 1370 1223 1222 1221 1945 1219 1946 1217 1226 2409 1235 1236 1255 1254 2404 1252 1251 1250 1249 2405 1247 1365 1371 2357 1245 1244 1243 1943 1367 1241 1944 1239 2408 1237 1246 2413 1340 1372
000576.jpg,1549 2371 2797 299 2576 2139 2092 428 2844 1619 2833 667 879 2269 1735 1814 2776 1982 1925 1539 2403 2175 741 1863 2460 1589 1122 2731 687 888 2385 226 1373 2771 2363 557 1366 262 641 991 1480 1816 1295 1807 352 837 1009 2455 867 1660 2607 2633 2189 1509 2431 1238 1291 267 891 577 1159 1815 2484 2063 403 264 90 147 2662 2226 2595 1349 1520 2399 2727 2709 1278 1803 1862 1811 1167 1355 913 307 1025 2524 1242 2104 273 2517 2811 2255 2444 1629 1524 203 127 1215 2548 1440
000577.jpg,626 2389 1545 59 4 2367 1202 1799 1278 950 1737 1752 2270 547 2082 2477 283 1386 556 2069 1146 613 826 266 2556 1319 1407 2300 1926 1377 1375 573 623 1369 1366 1362 1360 1358 1373 570 1388 563 1355 1392 1405 1409 1411 1414 1416 1417 1421 1428 1432 1381 1350 1348 1437 583 1208 1215 1218 1229 1234 1238 1242 1253 1258 1261 1264 1270 1276 577 1279 1291 1292 1294 1295 1307 1313 1316 1320 1324 1328 1338 1341 1345 1349 1440 1446 1445 1576 1580 1584 1586 1587 559 1589 1607 1615 1617
000578.jpg,523 175 2181 505 1563 2552 1827 28 2283 2500 2250 238 2191 587 313 2819 458 734 2557 1896 2689 120 2365 2716 705 2674 2119 2681 2370 1741 847 2534 152 1708 849 2479 81 2099 1339 2228 2592 972 1532 2193 1335 1111 602 1680 1704 1376 504 2742 354 92 1917 330 2052 1746 772 1873 696 633 2322 671 532 1956 2028 1332 2527 711 2764 1117 2237 740 2177 1297 1955 2144 68 1314 503 968 553 1010 771 1852 1715 2280 1317 2610 2279 344 699 2285 1021 1022 268 1024 1706 1327
000579.jpg,2365 2689 81 705 2370 2534 2716 2552 2119 587 2557 523 2191 28 1563 505 238 2479 849 2250 2181 2819 458 175 2500 1896 1532 2681 1741 972 1708 120 2228 504 152 847 1376 313 1873 2674 1827 92 734 2592 1339 2099 2527 2283 1704 1335 2193 2052 2177 2742 602 1111 1680 330 1917 354 1314 1955 1117 1746 772 2764 2144 68 633 1332 2322 503 553 968 2237 740 696 1297 771 1010 533 2265 2789 2028 671 532 1956 711 670 2812 1302 1974 2306 1543 872 1275 525 344 314 507
000580.jpg,2567 2751 1214 1171 22 2109 2823 1661 1032 2060 189 924 1744 2162 2726 167 20 2502 454 2222 1632 2153 2152 96 894 2554 419 785 1365 1953 481 1927 106 214 1866 2348 1605 84 1987 815 1371 592 909 941 396 2627 744 1139 1889 621 1471 2404 957 609 1602 309 333 1217 2841 2128 171 629 281 2677 183 1232 115 1960 23 1802 1426 38 40 2571 1880 851 2612 856 2401 2425 2705 2831 2141 2457 844 509 1363 2216 1703 1288 1766 2464 42 1286 959 2476 565 1844 506 1515
000581.jpg,431 1839 2510 70 1035 2561 2818 951 2757 1759 2772 2478 1753 2777 2077 1252 2015 1125 1557 1390 2622 315 1834 601 1747 2302 1165 191 18 1842 1938 1443 2496 1833 2663 2 2686 889 2408 1236 1239 2409 1233 1232 1944 1231 1230 1241 1943 1237 1235 1251 1244 1268 1267 1266 1265 2400 1263 2401 2157 1260 1259 1942 1257 1256 1255 1254 2404 2410 1250 1249 2405 1247 1246 1245 1243 1228 1052 1226 2156 1195 1194 1192 2420 2421 1189 1188 2422 1186 1185 1184 1183 2423 1949 1180 1179 1178 1177 1176
000582.jpg,1007 1385 1779 2145 406 1526 2516 2102 1894 2763 773 742 1992 519 1325 1707 1969 1511 1442 535 1871 1138 1731 1645 1800 2613 2377 1527 257 709 2609 1068 186 2219 410 1079 288 1516 811 821 1455 112 2843 1670 544 1783 1794 1466 434 1311 2730 2549 749 1110 1379 301 2341 392 253 1419 883 1212 1246 1245 1185 1186 1244 1243 1943 2422 1247 1188 1944 1239 2408 1237 1236 1235 1241 2405 1250 2409 1176 1259 1942 1177 1178 1179 1180 1257 1249 1949 1255 1254 2423 2404 1252 1183 1251 1184
000583.jpg,70 1125 2777 1753 2077 2772 2478 2561 2510 2015 1252 1834 951 2818 431 1035 18 2757 1759 2663 2 1839 315 1842 2161 601 1557 1390 2622 191 1165 2302 277 767 2702 2315 2685 1980 1200 1180 1949 1250 1249 2423 1183 2405 1247 1246 1179 1245 1243 1184 1943 1241 1944 1239 2408 1185 1237 1244 1251 1178 2404 1269 1268 1173 1267 1266 1265 1174 2400 1263 2401 2157 1260 1259 1942 1175 1257 1176 1177 1256 1255 1254 1236 1199 1235 2409 1217 2413 2414 2156 1214 1197 1213 1212 1211 1946 1210 2415
000584.jpg,2270 2082 547 556 1386 1278 2300 1319 635 1926 1405 85 221 987 943 59 1545 2389 626 2367 611 188 4 1407 950 2832 312 1202 817 1752 1102 2790 1799 1656 2817 1146 1737 1624 2411 2501 2044 1934 2528 1644 2556 2477 283 1362 1360 1375 1373 1366 1358 1355 1369 1381 1350 1349 1348 1377 1295 1341 1196 1201 1208 1215 1218 1229 1234 1238 1242 1253 1258 1261 1345 1264 1276 1279 1291 1292 1294 1307 1313 1316 1320 1324 1328 1338 1270 1388 1428 1409 1544 1549 1551 1552 1564 1569 1571 1572
000585.jpg,312 2832 987 1146 188 635 1934 1319 611 2411 2501 2044 2528 1644 1624 85 2817 1656 1405 2790 1102 1926 817 1407 556 1386 2082 2270 547 943 2300 221 1202 1278 1617 550 1422 2717 2811 1279 1291 1292 1294 1295 1307 1313 1316 2801 1320 1324 1328 1338 1341 1345 1348 1349 1350 1355 1358 1360 1362 1366 1369 1373 1375 1276 1270 1264 1261 2826 1112 1122 1123 1129 2820 1148 1151 1158 1159 1167 1172 1181 1377 1190 1193 1196 1201 2815 1208 1215 1218 1229 1234 1238 1242 1253 1258 1191 1381 2800
000586.jpg,1056 1944 2294 1055 2766 2728 2207 725 1825 2825 447 2558 2842 204 1606 2719 116 2741 137 1212 899 2135 1134 246 2511 1547 2736 790 1986 692 1463 1126 2319 442 2292 1962 165 722 2068 2665 1940 2183 2051 1439 1233 2409 1235 1943 1241 2408 1243 1239 1236 1237 1052 1245 1267 1266 1265 2400 1263 2401 2157 1260 1259 1942 1244 1257 1255 1254 2404 1252 1251 1250 1249 1232 1247 1246 1256 2405 1945 1230 1199 1198 1197 2156 1195 1194 1192 2420 2421 1189 1188 2422 1186 1185 1184 1183 2423 1949
000587.jpg,2682 1179 2491 2328 1977 1651 1063 841 2252 1579 639 9 1578 945 2042 1920 748 2647 227 916 1770 1531 1470 887 1769 952 1354 919 998 114 1583 517 1791 2310 515 2225 2778 1657 928 2729 1970 2379 118 763 982 2065 1851 930 567 2792 2097 1528 2575 808 819 1667 1585 2711 778 382 1854 1368 1367 1566 1239 2723 2361 512 2488 1211 1210 923 2349 311 875 1232 1231 1233 2357 1337 2410 1228 1365 1226 1225 1224 1223 1222 1230 1227 1236 1235 1252 1251 2359 1250 1249 2405 1247 1246
000588.jpg,487 1681 2600 1705 337 1384 942 2543 966 2085 1495 1742 2458 1119 1978 2262 1676 2369 320 1370 2696 2257 1002 1000 1031 2259 360 2392 1695 1853 2357 1893 50 2660 1554 243 607 852 1718 791 1508 2664 1739 2782 144 1565 2803 2596 1518 710 660 542 54 1614 1331 1673 921 813 355 1287 908 2064 530 1396 1105 451 1604 1301 1017 1290 631 2049 1058 2140 1621 984 446 1237 871 1981 1567 2796 1906 1249 1247 2156 1197 2405 1213 1245 1198 1199 1200 1246 1195 1250 2417 1257 1183 1184
000589.jpg,1679 645 2011 1054 445 1623 2707 1328 1444 1029 1649 947 1663 1552 169 2837 134 2840 1045 2767 319 1253 2130 2050 712 440 735 2836 1544 179 1617 1422 2439 1782 1658 1381 2735 1840 2241 1261 550 1218 1993 259 2544 2287 2628 194 1051 197 2375 433 1489 1417 1788 860 965 518 663 1270 1276 1355 1350 1278 1279 1291 1292 1324 1320 1349 1295 1348 1307 1313 1345 1341 1338 2800 1316 1319 1294 2709 1258 2801 1122 1123 1129 1146 1148 1151 1158 1159 1167 1172 1181 1190 1191 1193 1196 1201
000590.jpg,1125 2777 1753 2772 2077 2478 2561 70 2510 2818 951 2015 1252 1834 1035 2663 2 18 2161 1842 601 1839 315 1759 2757 431 191 1165 2302 1390 2622 1557 2685 2315 1980 2702 277 767 1747 1938 1833 2496 1443 2686 889 369 1460 1989 1249 2408 1257 1267 1942 2401 1237 1236 1268 1269 1235 2409 1233 1259 1239 1250 1256 1266 1263 2405 2400 1247 1246 1245 1251 1944 2157 1244 1243 1943 1254 1241 1255 1265 2404 1260 1052 1231 2417 1200 1199 1198 1197 2156 1195 1194 1192 2420 2421 1189 1188 2422
000591.jpg,2579 2759 374 581 1683 1115 2546 1389 2114 1300 803 789 483 2277 251 1427 1175 485 2540 341 1951 1306 1883 2381 1898 240 1801 101 1900 2040 2178 304 2113 646 1230 2066 1213 364 572 1798 989 1394 529 2504 215 436 737 962 2644 395 545 1093 1353 2323 1334 2784 407 2787 727 658 589 1971 1257 328 766 2238 1106 1451 1593 1361 2242 1786 2000 1559 293 954 1685 1333 1719 1804 2054 967 1087 1137 93 614 1590 895 898 1019 1693 2149 2656 2288 1818 76 1180 926 564 1226
000592.jpg,721 2061 1972 1921 1647 2402 27 1829 1140 1756 1395 1216 1648 2406 1317 1187 1506 805 1612 1472 2053 1124 1755 1918 2236 1924 1037 344 2698 391 331 138 726 2279 1303 1011 799 1024 1018 430 655 782 2632 2531 1127 1780 643 2611 216 1273 1475 858 1715 390 1635 1692 1168 1299 2806 295 1275 1568 1875 225 1967 2765 2232 2565 412 252 1598 159 1097 1143 1293 1929 1240 1843 2407 1008 2301 455 1262 1274 1730 2285 2693 268 131 2470 1048 653 1050 314 2669 192 2025 200 2017 1021
000593.jpg,1146 987 2832 312 1202 635 950 1752 85 2556 1405 2069 556 1386 2367 2270 547 2082 2300 1926 188 1319 1934 2501 2044 4 1496 1102 2790 2411 817 221 943 611 1799 1737 2528 613 518 2631 2538 663 1656 550 1644 1624 1636 1965 1316 826 2817 1407 440 2628 735 626 59 1545 2389 155 2815 2713 1860 2272 169 2130 2050 1045 1617 1422 1369 1870 2649 925 194 1261 1051 2241 965 1840 1122 1253 1258 1095 1264 1092 1270 1276 1278 1279 1291 1242 1292 1295 1086 1081 1307 1313 2767 2758
000594.jpg,2320 2533 1149 754 29 2756 1728 2021 1231 293 1533 757 2673 2172 286 2024 739 218 2787 426 1689 1597 2430 2143 24 634 967 1984 1312 119 80 1383 1296 2638 1804 1719 2472 1478 184 2615 853 2540 2054 646 727 658 589 2390 1529 1265 1558 714 898 2224 895 1166 1087 93 2409 1928 1427 1559 1451 1361 76 251 499 792 2235 2296 91 2000 1106 962 1334 2323 572 1798 1951 1306 1590 2072 1197 1207 803 1224 1198 1944 2156 1241 1943 1195 1243 1194 1192 1244 1245 1246 1247 2420
000595.jpg,967 1719 1804 2024 2143 2430 24 1689 426 634 1597 91 2296 2235 792 2756 754 293 2021 1149 2533 2320 1231 739 499 29 1265 2638 1728 2787 1883 1996 1091 777 2784 240 1593 757 2673 286 2172 1533 230 853 218 2409 1928 1166 483 789 1801 1353 2242 76 714 898 1558 2224 2540 184 1478 1197 1300 1087 895 93 1250 1235 1249 1233 1232 1236 1247 1251 1246 1245 1244 2405 1243 1254 1237 1241 2404 1944 1239 1252 1256 2408 1255 1943 1052 2410 2417 1200 1199 1198 2156 1195 1194 1192
000596.jpg,1416 1948 1096 2721 715 1569 1 1360 1358 1355 1350 1348 1345 1341 1338 1328 1324 1349 1362 1369 1373 1375 1377 1381 1386 1388 1392 1405 1407 1409 1411 1414 1417 1366 1320 1319 1316 1167 1172 1181 1190 1191 1193 1196 1201 1202 1208 1215 1218 1229 1234 1421 1238 1253 1258 1261 1264 1270 1276 1278 1279 1291 1292 1294 1295 1307 1313 1242 1428 1440 1437 1576 1580 1584 1586 1587 1589 1607 1615 1617 1618 1619 1622 1623 1624 1627 1629 1630 1636 1640 1644 1649 1652 1653 1656 1658 1660 1663 1664 1665
000597.jpg,1115 2546 646 989 1389 2054 2066 1213 1951 1306 803 727 589 658 2381 1361 251 2113 304 2178 1427 1451 341 485 1175 2540 2787 1559 2000 215 436 737 101 1900 2040 364 545 1106 293 374 1798 1394 1300 1230 572 962 2759 2579 395 2644 1883 483 2114 529 2504 2323 1334 789 581 1898 2277 1683 1353 240 1801 2784 1971 1257 1593 2533 29 1149 2320 2288 1818 926 564 614 1137 1207 2072 2172 286 2673 2021 1093 1357 39 2281 1786 1533 76 1180 754 2756 1231 407 766 328 2238
000598.jpg,1235 103 297 2624 1845 2471 990 502 2601 688 835 284 1908 126 1323 578 2276 768 1830 848 702 931 1767 1413 1114 1340 1391 684 250 1720 1608 1821 1512 1186 1975 1107 1310 2314 903 65 2388 1254 522 2667 1239 1052 1237 1236 2409 1944 1233 1232 1231 1230 2408 1241 1251 1243 2400 1263 2401 2157 1260 1259 1942 1257 1256 1943 1255 1252 2410 1250 1249 2405 1247 1246 1245 1244 2404 1228 1217 1226 1197 2156 1195 1194 1192 2420 2421 1189 1188 2422 1185 1184 1183 2423 1949 1180 1179 1178
000599.jpg,865 377 2578 828 672 933 2828 1374 2602 1668 1249 1337 1910 2083 2671 2221 2031 2120 1070 964 2038 1399 1429 2428 2629 2798 2539 358 1764 2570 2795 729 2640 1266 2808 1952 2839 1329 2335 1949 2210 2520 13 640 1272 1754 1041 1038 2421 1521 1049 698 955 323 839 932 1132 1588 500 680 56 2047 1189 2032 370 569 121 193 2090 988 1252 1237 1236 1235 2409 1259 1260 1233 2157 1232 2401 1231 1230 2410 1263 1228 1227 1922 1942 1257 2408 1254 1255 1251 1250 2353 1256 2405 1247 1246
000600.jpg,2266 1421 226 166 2738 2013 1324 2820 2835 1828 405 1964 2614 1341 1607 2758 1069 1078 2094 160 1530 2595 1167 1811 1803 1355 147 577 1539 299 2092 2576 2269 2444 2175 2338 90 741 1814 428 2776 2139 2833 1589 1122 2731 1549 2189 665 1446 1294 352 2709 2710 1258 2481 1270 1112 1939 2431 385 814 1025 2371 991 1807 1295 667 17 600 2100 573 2648 2226 2473 472 1060 1349 273 1242 2104 2524 1619 1925 1982 2403 2844 2797 2253 1409 1095 2223 1994 1698 2466 638 635 1360 1362 1366
000601.jpg,2252 2682 1651 2042 1063 227 1977 2328 1179 2491 517 841 916 1578 2310 639 1583 1770 945 2647 998 1920 1579 9 1970 2225 114 748 778 1854 382 2711 1211 1566 1367 1239 1368 2723 1531 1470 887 2575 567 2488 808 515 982 763 512 118 2065 1667 1585 819 2097 1769 952 1354 919 2379 875 311 1210 1528 2792 2361 1791 2349 2459 2729 928 1657 7 2793 2778 930 1154 566 492 2026 579 2416 923 25 2658 513 1851 1209 1235 2409 1233 1232 1330 2165 2410 1228 1227 1226 1225 1363
000602.jpg,502 1938 990 2601 767 277 2471 768 1512 1235 889 2686 1443 1833 688 2388 65 903 1747 1310 1323 297 103 2496 578 1107 2276 1340 848 1830 2624 702 1767 1845 931 1608 1720 1821 1391 1975 1114 2532 211 126 369 1460 1989 684 250 284 1908 1413 1186 1254 2314 2702 522 191 1165 2302 601 2663 2 2510 1557 1390 2622 1980 2685 2315 315 431 18 1035 1839 2667 835 1753 1125 2777 2161 2757 1759 2561 70 2772 2077 1236 1237 1226 2410 2409 1233 1232 1231 1230 1228 1370 2166 1227
000603.jpg,1146 987 2832 312 635 85 1202 1934 1405 188 2044 2501 2411 1319 556 1386 2528 1624 1644 950 1752 611 1926 1102 2790 2270 2082 547 2069 817 1656 2300 2556 1407 2817 943 2367 4 221 1799 1737 1496 2631 518 663 2538 550 1636 1316 1965 613 826 735 2628 440 626 1545 59 2389 155 2815 1860 2713 2272 169 2130 2050 1045 1617 1422 1369 1870 2649 925 194 1261 1051 2241 965 1840 1122 1253 1258 1095 1264 1092 1270 1276 1278 1279 1291 1242 1292 1295 1086 1081 1307 1313 2767 2758
000604.jpg,1882 956 1995 1880 115 38 2222 167 454 20 2425 42 1703 1288 2216 1363 2168 2162 1744 2726 2476 1536 636 1318 2278 2807 1802 669 829 448 476 661 372 2573 1113 1797 1199 1221 546 582 1080 23 1044 2153 2554 894 1632 419 1283 1108 2408 2409 1239 1237 1232 1944 1236 1265 1235 1233 1256 1943 1255 1254 1942 1259 1260 2404 2157 1252 2401 1241 1263 1250 1257 2405 1247 2400 1246 1245 1244 1243 1251 1249 1224 1230 1198 1197 2156 1195 1194 1192 2420 2421 1189 1188 2422 1200 1186 1184
000605.jpg,772 503 711 633 1335 1680 2322 1746 354 2250 238 2193 2028 671 1956 532 872 1852 261 2592 696 2228 2742 1111 2052 602 2773 1297 972 1532 330 2681 1332 1704 28 2199 561 92 2237 740 1774 1164 1109 699 1708 1563 505 1376 31 326 159 580 1827 2715 2479 849 734 968 162 2799 1182 2283 175 1010 313 2062 2181 2552 1097 1118 1293 2814 2099 2674 1896 1273 2698 2764 2789 1327 367 235 412 507 963 1823 1991 2212 316 68 553 2144 2306 1543 1117 705 2534 2689 2822 2819
000606.jpg,1705 2600 487 1681 942 1384 2543 337 966 2085 1495 2458 1742 1119 1676 2262 1978 320 1002 2392 2357 144 852 1718 2660 607 1031 2369 2596 1518 1237 1567 1370 2257 2696 1614 1331 451 1604 1673 50 1893 1981 360 2259 1695 1853 1000 2064 530 908 243 1554 1301 2049 446 921 1017 2140 1058 1290 631 1621 984 2420 2782 2664 1739 1508 791 392 773 1419 301 1992 519 2763 2796 1906 2282 1105 1396 813 355 871 1613 1909 394 662 710 660 54 1246 1250 2404 1239 1944 1241 1252 1255
000607.jpg,1728 754 2533 2320 1149 2021 29 1533 1231 2756 286 2172 2673 293 757 739 218 2787 2024 1984 1312 2430 426 1597 1296 1383 80 119 1689 2472 2143 24 634 2638 1478 184 2615 1265 646 727 589 2054 658 967 1306 1951 2540 2296 91 499 792 2235 1529 2390 572 485 1798 962 2323 1334 1175 76 853 1389 436 1230 2114 215 737 1250 1251 1252 2404 1254 2408 1257 1256 1942 2401 1245 2405 1239 1944 1241 1943 1247 2157 1243 1260 1244 1255 1246 1249 1259 1052 1236 1206 1205 1204 1203
000608.jpg,1419 301 2331 392 519 1992 2763 773 2341 253 1442 2102 1894 94 11 105 1778 2394 257 2377 1527 535 1969 1511 336 937 648 1133 248 1871 1498 1495 406 1779 2145 1385 2110 664 1424 1455 1645 1138 1731 1946 2843 1131 1794 1243 1110 605 365 1040 1007 2458 320 966 1309 538 717 1634 1236 1231 1226 1233 1227 1230 1235 2410 1228 1232 2409 1922 2408 2157 1374 1260 1259 1942 1257 1256 1255 1254 2404 2354 1252 1251 2353 1250 1249 2405 1247 1246 1245 1244 1943 1241 1944 1239 1237 1225
000609.jpg,687 1215 2662 1735 1295 1807 991 2771 641 2517 1863 888 1373 1509 262 2189 1278 741 2385 2801 588 1497 583 1081 2797 127 1803 273 1242 2104 2524 2541 203 1524 2444 1629 1862 41 2208 414 2431 879 1811 1355 1167 428 2776 2548 1264 2231 1652 1539 2371 1549 147 2139 1619 912 1765 2184 2619 667 557 2363 1925 1982 1349 2709 2460 548 352 1366 1816 1480 1060 2468 1291 267 1238 891 1129 2403 2710 1025 697 472 2595 577 2185 2298 1069 1341 2758 1607 867 2844 1947 46 1540 2340
000610.jpg,2714 348 26 1870 925 2649 2454 2769 480 1369 2538 663 518 1788 197 550 1417 2375 433 1489 860 179 2289 2631 2840 1710 769 1895 2650 1701 463 1422 1617 659 735 440 2050 2130 1640 155 305 51 562 57 2125 2838 689 2330 422 2374 161 173 2482 2138 2735 1045 712 1552 2836 1345 1348 1229 1218 1215 1208 1349 1350 1291 1355 1358 1202 1360 1362 1201 1366 1196 1234 1238 1341 1242 1279 1278 1294 1295 1307 1276 1270 1264 1292 1261 1313 1316 1319 1320 1253 1324 1328 1338 1258 1373
000611.jpg,1056 2294 1944 1055 2766 2207 2728 725 2825 447 1825 2558 2719 2842 204 2736 116 1606 2511 1134 1547 246 1212 2741 137 790 692 899 2135 1126 2292 442 1962 2319 1463 1986 722 2068 2665 165 97 1067 1935 1439 2183 2051 1940 1677 1771 2625 2037 1892 2305 79 350 1998 1088 1252 1251 1250 1188 1249 1189 2405 2421 2420 1246 1192 1245 1244 1243 1943 1247 2422 1185 1241 2400 1179 1180 1949 2423 1263 2401 2157 1186 1260 1942 1257 1256 1183 1184 1255 1254 2404 1259 1194 1213 1195 1265 1223
000612.jpg,1487 1471 953 924 1113 1139 1687 2620 1400 1922 1144 2348 1953 214 1602 1866 2841 2573 2408 1237 2400 1236 1265 1235 2409 1233 1232 1231 1230 1266 1228 1227 1226 1225 1224 1267 1223 1222 1221 2410 1239 1944 1241 1255 1257 1254 1942 2404 1252 1251 1250 1259 1260 1256 2157 1249 2405 1247 1246 1945 1245 1244 1243 1943 1263 2401 1219 1212 1217 2422 1186 1185 1184 1183 2423 1949 1180 1179 1178 1177 1176 1175 1174 1173 2425 1171 1170 1169 2426 2427 1166 1165 1188 1189 2421 2420 2413 2414 1214 1213
000613.jpg,1631 1561 1801 1593 291 1535 832 617 376 2784 240 540 1483 483 1469 1447 1346 789 44 2129 2542 1300 1719 1804 16 2317 1353 91 2296 2235 792 1087 499 1883 465 1197 739 93 895 967 2277 2785 1672 761 2249 407 1093 1590 1898 576 2242 2238 328 766 1847 1513 1161 1795 1773 529 1914 898 2409 1928 1166 1228 2016 1785 1749 63 1846 2489 2699 1538 1091 1996 777 1836 2437 1838 683 2180 47 395 2644 341 1019 101 2504 230 2054 646 374 2759 581 2579 2281 39 714 1558
000614.jpg,1325 1670 544 1783 1079 410 1526 1894 1466 2516 1007 2145 1779 406 1385 1794 1311 811 112 2730 1516 1707 434 1131 2151 749 2290 673 2788 593 2102 1110 2364 1966 1379 870 1005 1969 1511 1968 1243 2763 773 1992 2095 288 535 605 365 1040 519 1442 336 435 1068 742 730 338 568 937 2549 2299 610 709 1850 2746 1498 2613 1645 1800 2417 1455 253 1731 1138 1871 2219 2697 2680 881 257 2005 821 2560 678 1424 1634 717 800 1309 2377 1527 94 2251 648 248 855 1020 2830 2341
000615.jpg,455 1262 2232 1024 1506 1140 113 1568 1011 1612 1924 252 2137 822 1216 344 216 726 331 1141 1435 391 625 1598 679 1168 1299 1273 1755 1875 2053 1124 2236 2070 655 430 1918 268 858 2715 1248 2311 1505 2343 2698 805 2765 2531 1829 131 314 1050 138 1037 2142 241 2565 53 1356 1843 2279 1317 799 999 1127 1780 1635 1715 1967 390 1503 1303 1781 561 1395 1756 2773 356 296 1282 383 27 33 2402 1921 1647 2061 721 1972 1048 643 2611 2693 1475 495 2407 1008 2301 1039 1274
000616.jpg,955 698 1521 1049 932 839 1249 1910 2083 1337 323 1949 1038 1754 1041 2421 828 2578 865 377 2210 2520 56 2032 2671 1272 640 13 370 1189 2047 2795 2428 2629 1429 672 933 1668 1374 2602 2828 680 1256 1764 2570 1132 1588 500 2798 2539 2640 36 121 988 193 1236 2423 1699 1886 2078 21 2451 2384 729 2038 1266 964 2808 358 1952 1399 2839 2335 1329 2221 2120 1070 2031 2380 536 1431 2090 569 1499 733 866 1616 2115 1696 1766 244 2117 1268 901 2568 743 2415 427 1430 1553
000617.jpg,1532 849 2479 1896 2099 2557 1704 152 330 1339 458 2819 1376 1708 2500 2674 2228 2742 734 313 523 28 847 2365 2181 2250 175 2191 354 238 2552 1563 505 1741 696 587 1335 532 1956 671 2028 972 2283 1827 2681 2716 705 2689 120 2370 81 2592 2052 1917 504 633 2193 2534 2177 1680 2119 92 1297 2322 602 1111 1873 503 1332 772 1746 2527 2237 740 1010 711 1955 1314 2265 653 2693 533 1852 261 2199 2814 1543 2306 1117 2789 872 1274 331 1273 1022 1755 1262 2279 1024 2280
000618.jpg,1993 2631 463 2840 550 2767 1422 1617 134 712 1552 1701 860 2836 1489 1417 1710 925 1369 2454 2649 480 1045 518 1663 1782 1437 1486 900 1870 179 440 2050 735 2130 433 197 2375 1788 2837 1381 1658 659 348 2769 26 1649 2714 2011 645 947 2439 1328 1679 1544 169 1840 2241 2707 2289 1895 2138 769 2650 1029 1261 1218 2735 173 2482 161 445 1253 319 1444 2538 1623 833 1373 1375 656 1377 651 1386 1388 1392 1405 1407 1409 1411 1414 1416 642 1421 1428 641 638 1432 635 626
000619.jpg,2495 76 1180 926 1818 564 230 1357 2281 39 2288 1091 1786 1996 777 2699 1538 2489 1846 2224 2324 2493 1971 1257 2247 1106 751 989 739 853 1197 2409 1166 1928 2542 1226 1225 1228 1233 1232 1231 1230 2410 1235 1227 1052 1237 1265 2400 1263 2401 2157 1260 1259 1942 1256 1255 1254 2404 1252 1251 1250 1249 2405 1247 1246 1245 1244 1243 1943 1224 1944 1239 2408 1236 1241 1946 1222 2420 2421 1189 1188 2422 1186 1185 1184 1183 2423 1949 1192 1179 1177 1176 1175 1174 1173 2425 1171 1170 1169
000620.jpg,312 2832 987 1146 1934 188 2411 635 2501 2044 1319 611 2528 1644 1624 2817 1656 1405 85 2790 1102 1926 817 1407 556 1386 2300 943 2082 2270 547 221 1202 1278 1617 550 1422 2717 2811 1279 1291 1292 1294 1295 1307 1313 1316 2801 1320 1324 1328 1338 1341 1345 1348 1349 1350 1355 1358 1360 1362 1366 1369 1373 1375 1276 1270 1264 1261 2826 1112 1122 1123 1129 2820 1148 1151 1158 1159 1167 1172 1181 1377 1190 1193 1196 1201 2815 1208 1215 1218 1229 1234 1238 1242 1253 1258 1191 1381 2800
000621.jpg,1132 1588 536 1268 1431 2117 988 121 193 36 2078 1492 142 866 733 2090 569 1886 1699 1890 680 429 1430 1553 1256 2333 332 802 340 432 1499 500 2384 2451 21 1236 2267 555 2029 1754 2421 1038 1041 571 1888 2668 1053 878 2380 1562 1065 1949 289 199 868 2423 681 743 2786 2227 979 2108 1033 1393 2743 893 78 1398 302 361 62 292 554 417 886 597 176 1337 377 2428 2578 1429 828 2083 2629 1910 2335 901 1329 1793 2568 2839 1049 1521 1249 698 323 839 955 932
000622.jpg,2548 687 2662 267 1291 1238 2844 2797 741 2403 891 2189 1375 1278 2063 90 2484 1159 2418 1580 280 2371 837 2455 1009 2139 667 264 1815 746 352 403 1982 1925 1338 1539 299 2092 2833 2269 493 1814 2004 570 1122 1589 2731 1034 1863 2461 600 2255 2412 2811 1392 317 2174 793 2327 2229 428 1735 1622 133 2709 689 57 1234 573 17 577 1509 210 1792 1619 2541 472 2576 1373 641 888 2771 1807 1295 846 1549 2175 879 1724 1575 2456 1859 1861 127 1930 2444 1629 1524 203 2215
000623.jpg,2567 2751 1371 1171 1214 22 1365 2109 785 2502 2152 84 1661 621 183 1032 189 2060 1953 1744 2726 2162 1605 2348 1866 214 106 1927 481 815 1987 167 20 941 1632 2222 96 924 2153 2141 909 171 959 744 454 45 894 419 2554 592 396 2627 1251 1364 1889 1139 2705 1283 1108 2760 2182 2608 2831 1766 2401 2612 609 2404 957 1602 270 2522 2056 2503 398 236 1084 2464 2841 2048 2761 1768 2623 2263 1525 1315 1013 1336 2160 2571 1064 2562 509 2678 1616 244 1696 2115 844 2457
000624.jpg,1512 65 1254 2388 1340 903 768 502 990 2601 250 684 1310 1975 1107 2624 2471 931 1845 126 578 2276 1114 1323 1767 1391 1608 1821 1720 103 297 284 1908 1413 688 1235 702 848 1830 2823 1186 835 2314 522 2667 1239 2408 1052 1236 2409 1233 1232 1231 1230 1237 1944 1250 1943 2400 1263 2401 2157 1260 1259 1942 1257 1256 1255 2404 1252 1251 2410 1249 2405 1247 1246 1245 1244 1243 1241 1228 1217 1226 1197 2156 1195 1194 1192 2420 2421 1189 1188 2422 1185 1198 1184 2423 1949 1180 1179
000625.jpg,2093 607 1879 2049 394 1906 530 1604 1301 2140 1058 984 1567 446 1237 2357 2796 1981 451 1017 2392 871 1002 631 1909 1613 662 2282 1105 1396 1978 1119 355 813 1621 908 2596 1290 1518 921 2064 243 1554 2262 1742 276 2361 144 1676 2085 337 2458 1495 966 897 2452 2696 2257 320 1370 1044 2537 2446 2420 666 2642 599 1673 1287 1031 2803 1565 1250 1195 2416 2401 1249 2405 1203 1942 1247 1184 1183 1246 1204 1205 1245 2157 1263 2417 2422 1259 1197 1198 1257 1260 1256 1199 1255 1254
000626.jpg,2702 2685 1980 2315 767 277 191 2302 1165 2161 1557 1390 2622 1252 2015 1834 951 2818 2757 1759 18 1842 2777 1753 1125 315 2663 2 1460 369 1989 1938 2510 2772 2686 889 601 70 2561 1747 2077 2496 2532 211 1443 1833 431 1839 1035 2478 2405 1251 1250 1249 1247 1200 1184 1245 1244 1243 1186 1943 1241 1944 1239 2408 1185 1246 2404 1254 1176 1269 1268 1177 1267 1266 1265 2400 1263 1178 1183 2401 1179 1260 1180 1259 1942 1949 1257 2423 1256 1255 2157 2422 1235 1236 1946 2156 1217 2413
000627.jpg,2512 1305 1436 2218 1504 222 897 2362 2071 1052 755 2450 2342 1736 1790 1933 1911 2691 1638 850 2355 1806 2750 2096 1321 2156 1098 935 1709 2645 836 2201 2432 796 1044 1387 1479 2318 1200 320 2452 1621 1682 208 1510 595 1717 2587 2655 823 73 2074 1599 399 380 1267 908 72 461 1085 816 2126 2009 2469 731 1160 2636 599 2642 2446 666 2537 1145 460 477 1976 99 2163 401 453 2166 1227 1228 1230 1371 1231 1232 2409 1370 2410 1233 1344 1236 1365 2357 1255 1254 1367 2404 1252
000628.jpg,816 1085 2829 177 2122 1903 2679 1163 1688 1404 1808 2274 1155 1100 2636 2009 72 172 1089 380 1628 174 1415 453 2163 2587 595 208 437 2722 460 1872 1233 823 2775 477 99 1599 73 1510 461 1145 1717 2655 399 760 401 1241 2074 164 156 981 1976 2577 1784 694 2469 1160 2126 731 2055 141 1023 2747 1047 2098 612 1245 1244 1243 1247 1269 1246 1251 1249 1260 1259 2157 2401 1263 1257 2400 1265 1256 1255 1266 1254 2404 1252 1267 1250 1268 2405 1942 1052 1944 1210 1209 2415 1207
000629.jpg,2365 2716 28 2250 849 2479 238 2557 1532 505 1563 2552 1896 2500 523 2689 2819 458 2228 2370 1708 152 313 2674 587 2181 705 847 734 2191 2099 175 1339 1335 2119 81 1741 2534 1827 1704 330 1376 2283 972 2742 504 354 2681 2592 120 1917 2193 2052 1680 633 1297 772 92 2322 2028 1956 532 671 1111 602 1746 696 1873 503 1332 711 2177 2527 1314 1955 740 2237 533 68 2144 2764 1117 1010 2265 1273 331 1274 1024 2280 1021 1022 344 2285 346 1262 1755 1756 1026 655 2279
000630.jpg,1929 2806 1730 295 2687 1275 1843 2765 1024 726 2301 2407 1008 1011 1037 1715 1635 390 2236 1475 999 1262 1967 220 2059 2232 1568 1039 2565 467 108 1124 2053 430 655 2715 484 2531 1050 314 1662 2429 753 2398 89 2285 1378 1022 455 1612 1140 331 1875 452 131 495 268 1240 788 2693 799 1813 1918 2142 840 758 389 241 2634 1829 2821 346 52 2406 1648 628 1220 53 138 501 324 1503 1923 456 125 418 1481 1912 1932 1281 2062 139 209 838 2690 2343 1273 2698 216 391
000631.jpg,989 2381 1115 803 251 2546 1900 2040 364 341 215 436 737 101 1427 1389 2540 374 1230 304 2113 2178 2066 1213 1300 646 2504 2114 2644 395 2579 2759 1883 1394 572 1798 545 1898 962 2277 1451 1175 485 1306 1951 529 1361 2787 1683 1334 2323 658 589 727 581 1106 1353 483 789 1257 1971 1559 2000 328 407 766 2238 1801 1786 2242 240 1093 2784 2288 564 1818 926 2054 293 2281 1357 39 1593 76 1180 1207 2072 1137 614 1558 714 1019 1944 1239 2408 1942 1251 1255 1241 1943
000632.jpg,204 2135 1212 2741 137 899 1606 2558 116 2842 1463 2766 1986 2041 1935 1825 447 2825 97 725 2207 2728 1055 1134 246 1547 2511 1944 2294 2068 722 2665 2719 165 1056 1940 2736 2319 2292 692 790 1962 442 79 1067 2405 1263 2400 1265 1266 1239 2408 1241 1267 1251 1236 1268 1235 2409 1269 1237 1252 1943 2401 1247 2404 1254 1255 1256 1257 1243 1249 1259 1260 1246 1245 2157 1250 1942 1244 1052 1232 2417 1200 1199 1198 1197 2156 1195 1194 1192 2420 2421 2416 1189 2422 1186 1185 1184 1183
000633.jpg,2065 567 118 808 517 1583 2252 998 227 1970 2792 1791 2042 1854 382 2711 778 1063 2310 919 952 1769 1354 916 2682 2379 1770 1977 1651 2225 9 2778 2491 2328 1179 763 982 114 928 1657 2729 930 841 1579 1851 748 515 1368 1239 1367 1566 1211 2647 639 2361 923 1531 887 1470 2488 2304 945 1578 2097 1528 975 1271 311 875 1210 2349 528 2618 2559 2416 25 2658 1920 151 7 2793 513 1209 579 566 492 512 2026 2723 2459 1154 1256 1241 2400 1257 1263 1943 2401 2157 1942
000634.jpg,2548 687 2662 267 1291 1238 1375 1580 280 2418 891 746 90 2844 493 570 2004 1034 2461 1392 2174 793 2327 2229 2797 1338 133 2403 2541 689 57 1234 2189 741 1278 1025 1792 210 1724 1575 1859 2456 1861 2709 1930 600 17 573 2412 2811 2255 2125 2838 1276 1030 2374 1349 2455 1009 837 2063 2399 1520 913 307 2727 1072 1622 317 2648 846 472 2186 1665 1758 1366 1816 1480 667 2371 1215 697 1589 2731 1122 1814 1664 1358 294 421 2330 422 2771 641 1295 1373 1807 888 2139 2776
000635.jpg,1159 2455 403 1025 1815 1735 1925 1982 352 2484 2063 2541 837 1009 667 1619 2797 1349 879 1366 264 1539 687 2844 2833 299 2371 2139 2460 867 2092 1863 2576 1814 1549 2776 2226 2269 1816 1480 428 2548 2189 2633 2607 1660 2363 557 2403 472 641 262 888 1373 2385 2771 2175 2215 226 741 577 2399 1520 2727 127 1122 1589 2731 1291 1238 891 267 2431 991 1278 1060 814 385 913 307 1509 273 1242 2104 2524 2662 1215 2710 697 1 2709 2595 147 90 2255 1862 2412 2811 1807 1295
000636.jpg,1761 1153 829 669 2168 1541 1603 820 334 750 2706 2387 476 1227 2261 2194 807 1260 448 661 411 1697 2167 2268 1188 475 922 690 1380 1916 2346 1723 1456 459 759 582 468 1891 2449 8 1671 1221 285 2643 946 1267 2666 650 1387 1682 229 546 37 1865 1284 2816 1702 1537 1080 1083 1858 2313 443 1006 1308 1090 1082 586 1763 298 1570 6 2278 42 2562 2720 2807 636 1536 1318 2171 629 1560 1882 956 23 205 2442 2425 1285 973 1015 2420 1479 320 2318 1911 2362 1200 644
000637.jpg,1213 2066 2113 304 2178 545 1394 2546 1389 1115 727 589 658 485 1175 1306 1951 1798 1451 1559 1361 2787 989 646 2000 1106 293 1334 2323 572 341 251 2644 395 2054 803 1019 962 2381 2579 2540 1230 1427 1300 529 1353 2759 1683 581 374 2114 1883 63 1333 2022 1898 1093 1801 2277 2040 101 215 2504 1900 737 436 789 483 364 2401 1246 1245 1244 1263 1257 2157 2400 1185 1943 1241 1944 2421 1243 1247 1260 2405 1249 1942 1188 1250 1259 1251 1252 2404 1239 1255 2422 1186 1256 1189
000638.jpg,1532 330 1704 2742 2099 1339 152 2479 849 1896 354 671 1956 2028 532 2819 458 2674 313 1376 734 696 1708 2228 2557 2500 847 1741 1335 972 2250 28 238 1917 505 1563 2191 2283 2181 523 587 2365 1827 1297 772 175 120 633 2552 2681 2689 2177 2716 92 705 2592 2052 2370 711 81 2322 503 1680 504 2193 1746 2119 1873 533 2527 2534 1010 1961 1273 2698 561 771 2237 1111 1332 740 602 653 2693 968 2199 2814 261 2062 2265 1955 1314 1274 2105 2280 1021 1022 344 346 1024
000639.jpg,2551 2284 2146 2018 764 1289 719 2008 2487 812 35 1534 1351 2209 615 2824 1157 1577 190 1344 1493 914 928 1657 2729 1915 2603 778 1970 153 206 1403 343 1245 1136 1745 930 998 2585 723 1359 1199 1177 1178 1179 1244 1243 1943 1241 1180 1949 1944 1239 2408 1237 1236 1235 2409 1233 1232 1231 1176 1246 1175 1230 2401 2157 1260 1259 1171 1942 1257 2425 1256 1173 1255 1254 2404 1252 1251 1174 1250 1249 2405 1247 2423 2410 1183 1211 1210 2421 1209 2420 2415 1207 1206 1192 1205 1194 1204
000640.jpg,1353 1883 2784 240 483 1394 545 1801 1300 2277 529 304 2113 2178 789 1213 2066 1593 989 2546 1115 395 2644 1798 341 251 1230 1389 572 962 1451 1898 2323 1334 803 1559 2381 1106 2000 436 215 737 1427 101 1019 1175 485 364 1361 2787 1951 1306 2540 2504 727 658 589 2040 1900 2249 761 2114 1719 1804 967 1093 63 1333 2022 2288 564 926 1818 1180 76 374 2759 2579 1256 1257 1236 1942 1259 1237 2408 1260 1255 1254 1944 1247 1235 1249 1250 1246 1251 1239 1245 1252 1243 2404
000641.jpg,2150 123 882 986 1255 1757 372 1477 1227 1244 1243 1943 1241 1944 1222 1239 2408 1237 1223 1236 1235 1224 1225 1245 1233 1232 1231 1230 2410 1228 1226 2409 1247 1221 1271 1940 1269 1268 1267 1266 1265 2400 1263 2401 2157 1260 1259 1942 1257 1256 1254 2404 1252 1251 1250 1249 2405 1246 1945 1052 1219 2422 1186 1185 1184 1183 2423 1949 1180 1179 1178 1177 1176 1188 1175 1173 2425 1171 1170 1169 2426 2427 1166 1165 2428 1163 1162 1174 1272 1189 2420 1946 1217 2413 2414 1214 1213 1212 1211 1210
000642.jpg,152 2819 458 849 2479 313 1896 1339 1532 2500 2674 2557 847 2099 1708 734 2228 1741 28 2365 1563 505 2191 523 1704 2250 587 330 238 2181 2552 1376 1335 175 2716 2742 1827 2689 2283 2370 705 120 2119 1917 972 354 81 2681 2534 1297 504 696 2592 671 1956 532 2028 772 2193 1746 2177 633 92 2052 1680 1873 602 1111 533 2527 2322 503 711 771 1332 740 2237 2814 261 2199 2062 1022 331 1274 655 1026 1273 1756 1755 1262 1024 346 2632 2285 2279 344 2280 1021 1706 1281
000643.jpg,2317 16 1469 1447 44 1483 376 1057 761 2249 1914 1672 2785 1749 1449 291 1631 2437 1836 1183 104 1535 832 2359 1841 2258 362 1990 2700 474 1714 1713 1116 1224 2305 1425 350 441 1523 845 2695 1856 2111 2745 2202 1476 88 2129 2383 2080 1103 1999 60 373 2441 2555 1727 834 2190 603 2275 1620 1732 1678 676 1838 683 2422 47 2180 2523 34 1243 1250 1260 1237 1259 2408 1251 1252 1249 1942 2405 1247 2404 1244 1257 1239 1245 1944 1256 1255 1241 1236 1943 1254 1246 1052 1225 2409
000644.jpg,2479 849 1896 458 2819 2500 313 1532 2557 2552 2191 2674 2365 734 152 1708 523 2099 2181 847 175 28 2716 2689 1339 505 1563 1704 2250 705 587 238 1376 2228 1827 120 2283 1741 2370 330 2534 81 2681 2742 2119 972 1917 504 1335 354 2592 2177 696 2052 2193 1746 772 1873 1956 532 671 2028 92 2527 1111 602 1297 633 1680 533 740 1332 2237 2322 771 503 507 2265 2789 2814 261 2199 653 2693 553 1117 2764 968 711 1273 1274 331 2285 2280 1262 1021 1022 1024 1756 346
000645.jpg,485 1175 1951 1306 589 658 727 2323 1334 1389 962 2787 1798 572 2546 1115 293 2113 304 2178 1213 2066 1361 646 714 2540 898 1451 1558 1394 426 1597 1427 93 895 1559 1590 1928 2409 1166 2277 545 529 853 634 2114 24 2024 1689 2054 2072 1207 2579 2644 395 581 1683 1230 803 251 1087 2000 1106 1801 2224 2143 2430 1197 1137 614 374 2759 2320 1149 2533 1300 2756 789 364 2656 2149 1693 1231 754 215 101 436 737 483 29 1900 2040 2381 1883 1728 2021 989 954 2827 310
000646.jpg,1781 2794 2091 239 2164 245 2070 1141 525 1787 49 654 383 192 2025 2669 2280 2396 61 139 2173 207 1505 408 2311 838 1506 209 1299 1168 252 1274 679 625 1282 356 296 2470 113 225 2137 822 2279 1924 1248 653 1435 1356 1598 455 27 1780 858 1127 268 1140 2693 2531 216 1612 495 2565 1843 1875 1262 53 1024 131 2285 344 33 1503 2142 241 290 1500 452 1941 726 2053 331 1216 391 2236 1037 1124 2059 324 1756 1755 346 2283 2552 1022 326 1018 1021 1967 2557 1275
000647.jpg,569 2090 1268 988 193 121 571 340 536 13 901 427 2415 1272 640 2210 2520 680 2217 1793 332 1256 1588 1132 1754 1949 1038 2421 1041 1699 1886 1065 1189 370 2047 56 2032 1430 1553 500 2267 323 1431 2568 1499 743 2671 2380 2423 865 36 2117 1236 1492 733 2108 432 2333 1521 932 1049 839 2078 429 142 1890 1337 1910 2083 1252 2404 1254 1192 2420 1249 1250 2405 1247 1246 1194 1195 1245 1251 1255 1217 2422 1183 1267 1266 1265 2400 1263 1184 1188 1185 1186 2157 1260 1259 1942
000648.jpg,1487 1113 1144 281 396 2627 543 474 907 2494 1922 953 1471 2503 398 40 851 1458 1960 2386 592 1232 2245 104 2443 1641 1423 2132 1519 265 1973 1726 2678 2620 117 1400 1184 1979 1397 2768 1738 420 1170 1077 2027 2677 1449 2303 1198 327 1659 2571 2573 148 2116 2572 1199 959 183 2030 1502 2203 1371 1907 856 861 2263 1205 43 1596 387 2498 2448 2562 510 594 1488 2521 2179 2157 2404 1239 2408 1254 2401 1241 1260 1237 1374 1943 1944 1942 1243 1251 1259 1244 1250 1255 1372 1256
000649.jpg,2045 2023 2755 1584 747 258 2034 2545 1796 770 1414 1417 1360 1358 1421 1355 1350 1349 1348 1345 1341 1362 1366 1373 1416 1375 1338 1377 1381 1386 1388 1392 1405 1407 1409 1411 1369 1328 1 1320 1172 1181 1190 1191 1193 1196 1201 1202 1208 1215 1218 1229 1234 1238 1324 1242 1258 1261 1264 1270 1276 1278 1279 1291 1292 1294 1295 1307 1313 1316 1253 1319 1437 1432 1571 1572 1575 1576 1580 1586 1587 1589 1607 1615 1617 1618 1619 1622 1623 1624 1627 1629 1630 1636 1640 1644 1649 1652 1653 1656
000650.jpg,1798 589 727 658 1334 2323 1175 485 1951 1306 962 2787 572 1213 2066 2113 2178 304 1389 1115 2546 1394 646 2540 545 293 2277 1427 2054 2579 1361 1559 1451 529 251 1106 2000 1801 1558 714 898 1230 93 895 803 2644 395 1353 1683 2114 581 426 1597 1590 1685 1333 954 761 2249 2381 1019 2656 2149 1693 1689 24 2024 2072 1207 614 1137 634 2409 1166 1087 1928 374 2759 989 1883 1300 2156 1243 1195 1194 1198 1244 1943 2420 1245 1246 2421 1197 1192 1189 1241 1942 1184 1257 1256
000651.jpg,1742 2458 243 1554 1370 1495 1105 1396 813 355 966 337 2696 2257 607 1705 1681 2600 487 1673 1384 530 1604 1331 1614 2660 1301 320 2049 942 2543 1237 2369 446 1031 1567 2085 1981 1853 908 50 1893 1000 1695 1739 2664 144 1002 1119 871 1058 2140 360 2259 451 1676 2782 542 54 2452 660 710 1508 791 2796 1879 2420 631 2093 1017 1909 394 662 1613 984 2361 1251 1250 959 1249 2405 1247 1246 1245 2354 960 1244 1243 2353 1943 1241 1944 1239 2408 2502 1236 1235 1252 2409 2404
000652.jpg,1365 2502 2152 785 2567 2751 22 1214 1171 1371 2109 1605 1953 84 2348 214 1866 1661 909 183 1139 1032 189 2060 2141 2841 924 941 959 454 1744 2162 2726 20 167 1987 815 2222 621 1927 106 1602 309 1217 333 1108 481 1632 96 2153 43 2188 45 270 1283 1889 744 592 2760 2608 2182 1084 971 2056 2522 1766 856 861 2048 2761 1768 609 2404 957 236 2768 420 1397 1471 2503 398 2263 1525 2623 419 894 2554 2464 1703 2216 1363 1288 2688 2116 1064 2457 844 509 2401 2612
000653.jpg,1387 1200 2318 1479 2362 1911 1682 320 2420 2691 2512 1305 796 897 1504 2218 1436 222 1052 1676 2355 850 1638 2071 1806 1790 1933 2096 935 836 2750 2342 2450 755 1736 2645 2452 1621 2432 1044 2446 2537 666 2642 599 1718 852 2201 1709 1098 1321 2156 99 144 105 1946 2394 1267 612 2098 1047 2747 908 2168 669 1761 829 1002 1119 966 1495 2458 1717 595 2655 208 2587 1510 1243 1245 1250 1247 2405 1246 1249 1244 1251 2495 2404 1272 1271 1940 1269 1268 1266 1265 956 2400 1252 1263
000654.jpg,340 571 901 1793 2090 569 2217 2415 427 1236 2267 2380 193 121 988 743 1499 1553 1430 2423 1256 2568 1886 1699 36 2117 1065 332 13 500 680 865 1431 370 1189 2047 2032 56 640 1272 2520 2210 323 1399 964 2038 1754 1949 1041 2421 1038 933 358 1952 2221 2120 2828 1070 2602 672 2808 1668 2031 1266 1374 1492 2333 1268 733 866 2671 377 1249 802 2640 2798 2539 2629 2428 729 1429 1329 2839 1764 2570 2795 2335 142 2078 2578 828 1198 1199 1200 1255 1228 2417 1252 2416 1251
000655.jpg,167 454 20 2222 2726 2162 1744 956 1882 1703 2216 1288 1363 592 38 1995 1880 115 690 2573 1661 1697 1865 1113 2706 2268 2167 1960 40 851 1080 23 1198 1659 1205 2303 2791 117 1199 1726 2476 1537 448 459 1570 327 2030 1979 1401 2661 400 827 1232 2109 275 1284 1456 1188 922 2507 997 1904 1184 2494 924 2678 2572 1802 2425 42 829 669 2168 476 1687 1380 582 546 1084 1371 2118 980 1884 1139 2841 122 37 411 298 2128 1426 807 22 1171 2751 1214 2760 236 2608 2182
000656.jpg,627 67 2583 2509 202 1810 1012 1406 249 2121 2350 1001 1075 1052 1236 1237 2408 1944 1241 1943 1239 1235 1231 1233 1232 1230 2410 1228 1227 1226 1225 1224 1223 2409 1243 1246 1245 1940 1269 1268 1267 1266 1265 2400 1263 2401 2157 1260 1259 1942 1257 1256 1255 1254 2404 1252 1251 1250 1249 2405 1247 1222 1244 1221 1217 1219 1188 2422 1186 1185 1184 1183 2423 1949 1180 1179 1178 1189 1177 1175 1174 1173 2425 1171 1170 1169 2426 2427 1166 1165 1176 2421 2420 1192 1946 1271 2413 2414 1214 1213
000657.jpg,196 353 98 776 2474 1819 1643 701 585 1625 2067 2081 1864 2462 1042 910 2353 2334 2103 869 1402 2027 809 69 2361 781 381 233 2256 1963 1344 276 871 2264 153 206 343 1403 2132 2101 1528 2001 2012 1128 630 1600 2391 2409 1943 1244 1235 1175 1236 1237 1944 1176 1245 1243 2408 1239 1177 1241 1251 1247 1265 2400 1263 2401 2157 1260 1259 1942 1257 1256 1255 1174 1254 2404 1252 1233 1250 1249 2405 1246 1232 1949 1230 1203 1179 2416 2417 1200 1199 1180 1198 1197 2156 1195 1194 1192
000658.jpg,979 2786 2227 176 340 332 2333 571 1268 2668 2743 1033 1393 554 1562 868 1065 2108 1888 429 1890 555 1492 988 193 121 802 2029 536 432 1686 1418 886 597 569 2090 142 2117 1431 1588 1132 2078 36 417 1256 1430 1553 2267 2423 1699 1886 1236 62 2217 680 1793 901 2415 427 2380 743 78 292 893 302 1398 361 1499 21 2384 289 2451 2568 878 1053 866 681 199 2421 2420 1189 1246 1245 1244 1243 1247 2422 1249 1267 1266 1265 2400 1263 2401 2157 1260 1259 1942 1257 1255
000659.jpg,2714 348 26 1870 2769 925 480 2649 2454 1369 2538 663 1788 197 518 2289 433 2375 1417 2631 2840 1710 1895 769 2650 1489 860 1349 1407 1348 1345 1405 1350 1377 1355 1358 1341 1388 1386 1360 1362 1366 1381 1373 1375 1392 1338 1 1324 1234 1229 1218 1215 1208 1202 1238 1201 1193 1191 1190 1181 1172 1167 1196 1328 1242 1258 1320 1319 1316 1307 1295 1294 1253 1292 1279 1278 1276 1270 1264 1261 1291 1313 1432 1411 1551 1552 1564 1569 1571 1572 1575 1576 1580 1584 1586 1587 1589 1549 1607
000660.jpg,1159 403 2455 1815 837 1009 264 2484 2063 352 2844 2797 2215 2403 2833 2189 1539 2269 741 2139 2092 317 299 2412 1622 600 1060 2486 472 2811 2255 577 913 1925 1982 1338 1549 2175 1619 127 2576 879 2371 428 667 17 573 1814 1025 1349 846 90 1571 1520 2727 2399 1862 1122 1589 2731 307 234 1572 226 2100 2776 891 1278 147 2595 642 2431 814 385 1291 1238 267 2460 1101 1863 2226 2710 2541 262 2385 1735 687 2648 1509 888 1 991 2363 557 2771 641 1480 1816 1366 2524
000661.jpg,746 1575 2229 1724 2174 294 1665 704 1234 570 1664 793 1034 2004 1792 1930 2327 2461 1392 1375 210 421 133 2456 57 1859 493 2418 1861 689 2330 1580 280 1758 77 1276 1072 2374 2125 2186 1358 2838 548 1030 756 422 2694 1279 1716 185 2155 1776 885 228 1043 2590 1576 884 857 801 1857 1348 1350 2548 1551 720 934 366 797 263 1457 2356 2123 2332 2672 1292 1947 706 1229 158 242 2039 656 1887 1191 170 82 2581 2321 1542 1877 2739 470 287 1432 514 130 1522 2127 2588
000662.jpg,2185 1129 991 2771 1373 641 888 1863 1509 795 2298 1295 1807 2517 262 1735 2584 1411 2385 1694 741 1684 2801 687 1803 667 2797 2371 2431 1619 2189 1982 1925 879 1629 1524 203 2444 2776 1278 2460 428 1440 127 1167 1811 1355 1215 143 2529 2524 1242 2104 273 2619 386 1549 2139 147 1360 1862 1814 226 718 891 1238 267 1291 2468 665 1294 557 2363 958 2403 2844 2576 577 2481 1939 697 2595 2710 1446 2616 1258 90 1514 2740 1270 2269 299 2833 2092 472 1025 385 814 2548 2662
000663.jpg,1007 406 2145 1385 1779 1526 742 773 2763 1894 2102 519 2516 1800 1645 1992 2613 1871 1731 1138 1325 1707 1969 1511 257 1442 2609 535 2377 1527 2219 186 709 288 1068 2843 410 1079 1670 811 1419 392 301 1516 1783 544 112 2331 2549 2341 253 883 1466 1794 434 1311 2730 1233 1232 1231 1230 2410 1228 1259 1260 1251 2409 1250 2404 1249 2405 1247 1246 1245 1254 1244 1243 1942 1943 1241 1944 1239 1256 1257 2408 1237 1252 1236 1235 1255 1052 1219 1226 1197 2156 1195 1194 1192 2420 2421
000664.jpg,540 63 1019 2022 1346 783 1343 2737 949 2542 1561 617 1298 2112 940 2242 1999 2129 1434 1847 1513 1161 1103 1004 1333 60 1785 1228 1795 1773 1535 832 291 954 182 1712 1631 499 2016 1685 1304 1760 1693 2656 310 2827 2149 198 2497 75 895 93 1590 149 1749 2317 2157 1236 1235 1232 1260 1231 1237 1233 2408 2409 2401 1249 1942 2405 1247 1251 1246 1252 2404 1245 1244 1259 1243 1241 1254 1255 1250 1944 1256 1257 1239 1943 1052 1945 2410 1199 1198 1197 2156 1195 1194 1192 2420 2421
000665.jpg,70 1125 1753 2777 2772 2077 2561 2510 2478 431 1839 1035 2818 1252 2015 1834 951 18 2757 1759 1842 2663 2 315 2161 601 1557 1165 2302 191 1390 2622 277 767 2702 2315 2685 1980 1200 1180 1949 1250 1249 2423 1183 2405 1247 1246 1179 1245 1243 1184 1943 1241 1944 1239 2408 1185 1237 1244 1251 1178 2404 1269 1268 1173 1267 1266 1265 1174 2400 1263 2401 2157 1260 1259 1942 1175 1257 1176 1177 1256 1255 1254 1236 1199 1235 2409 1217 2413 2414 2156 1214 1197 1213 1212 1211 1946 1210 2415
000666.jpg,2045 1584 2023 2755 747 258 1 1362 1360 1358 1355 1350 1348 1345 1341 1338 1328 1349 1366 1375 1373 1377 1381 1386 1388 1392 1405 1407 1409 1411 1414 1416 1417 1421 1369 1324 1316 1319 1167 1172 1181 1190 1191 1193 1196 1201 1202 1208 1215 1218 1229 1234 1320 1238 1253 1258 1261 1264 1270 1276 1278 1279 1291 1292 1294 1295 1307 1313 1242 1428 1437 1159 1572 1575 1576 1580 1586 1587 1589 1607 1615 1617 1618 1619 1622 1623 1624 1627 1629 1630 1636 1640 1644 1649 1652 1653 1656 1658 1660 1663
000667.jpg,2408 707 213 2354 1849 520 2566 1269 232 424 19 1945 1867 1722 2249 761 1448 1529 2390 2615 135 558 2295 184 2413 2744 1733 1798 1334 2323 1478 1265 2277 119 80 1296 1383 1801 529 1353 962 2579 2638 2644 395 1883 1685 1333 954 1300 572 2787 2317 2784 483 1230 2759 374 803 2546 1389 1115 1427 2540 251 1306 1951 1175 485 1326 1231 1367 1368 2410 2166 1228 1227 1226 1225 1224 1223 1370 1222 1371 1221 1372 1219 1946 1217 1232 1233 2409 1235 1359 2405 2359 1361 2165 1247 1246
000668.jpg,1555 853 2224 2101 2380 1236 2267 743 2423 1256 1553 1430 1886 1699 901 427 2415 2117 2217 1793 2568 1725 368 2499 598 444 1492 531 571 340 1431 36 1462 1754 1041 2421 1038 2333 802 608 274 1088 508 864 994 526 142 2078 1499 1949 323 2051 2183 1439 1888 2037 2625 2359 1053 2668 1268 554 555 868 1890 2029 429 289 423 432 1677 1892 1771 1998 681 1562 1591 866 536 2384 21 2451 2108 1065 2032 56 2047 370 1189 569 2090 1132 1588 878 199 979 2227 176 2786 680
000669.jpg,1349 1215 2541 1264 2208 41 961 912 969 1618 2340 1540 1652 2231 1572 234 1025 2226 46 913 1615 223 2635 2834 892 1520 307 1 2399 2727 2466 687 2662 2158 697 2215 1994 1409 537 2104 273 2524 1242 1514 2517 616 591 1812 2131 2205 716 2709 2253 1095 414 2338 2692 2801 1539 1445 1564 2781 2372 2339 638 1295 1807 30 991 195 349 1181 685 1698 2223 345 2675 651 527 237 718 2529 143 2246 2175 1863 1270 2619 1060 2710 71 787 1009 264 837 958 2548 1939 352 1587
000670.jpg,1284 1456 922 1188 37 1865 122 411 1891 1697 1570 468 2268 2167 980 1884 2118 2816 448 1610 1015 459 1858 2313 285 2643 807 1285 1723 298 476 2346 1916 759 1260 1702 1763 2666 650 1221 229 1227 2171 2043 973 586 443 1082 1006 1308 1090 546 2810 475 2261 582 669 690 2706 732 181 620 1761 1380 2194 829 2168 1153 205 6 1537 1080 629 661 1139 2841 1797 2791 2030 2502 2152 1605 946 1267 1083 1195 1246 1247 1266 2405 1265 1189 1249 2400 2421 2156 1263 1250 1251 2401
000671.jpg,1083 6 1702 181 620 732 759 2643 546 582 285 1221 1260 1797 807 2807 636 1318 1536 2278 1697 468 2425 2476 42 661 2194 2261 644 2168 2720 1227 1891 1596 2688 2498 387 1570 1199 2167 2268 1456 411 1188 922 476 669 829 2442 1987 2627 396 815 481 2816 1723 1525 2263 2623 971 650 2666 2116 1139 2841 1953 475 298 448 973 1285 2313 1858 229 1882 956 2188 2171 2043 2810 2562 1259 2157 2401 1250 1243 1943 1241 2400 1244 1263 1256 1257 1255 1254 1245 2404 1246 1252 1247
000672.jpg,1337 2083 1910 2428 1429 2629 828 2578 2539 2798 377 729 2640 2520 2210 865 1949 2671 13 933 2828 672 358 1374 1668 2602 640 1272 2221 2031 2120 1070 1764 2570 2795 1249 964 2038 1399 2335 2839 1329 1041 2421 1038 1754 2808 1266 1952 323 1521 1049 698 955 2032 56 1189 2047 370 1132 1588 1250 1247 1244 1243 2405 1251 1246 1186 1252 2404 1245 1185 1255 1271 1940 1180 1269 1268 1267 1265 2400 2423 1263 2401 1183 2157 1260 1184 1259 1942 1257 1256 1254 1943 2156 1944 1214 2420 1192
000673.jpg,1781 2794 2091 239 2164 245 2070 1141 525 1787 49 654 383 192 2025 2669 2280 2396 61 139 2173 207 1505 408 2311 838 1506 209 1299 1168 252 1274 679 625 1282 356 296 2470 113 225 2137 822 2279 1924 1248 653 1435 1356 1598 455 27 1780 858 1127 268 1140 2693 2531 216 1612 495 2565 1843 1875 1262 53 1024 131 2285 344 33 1503 2142 241 290 1500 452 1941 726 2053 331 1216 391 2236 1037 1124 2059 324 1756 1755 346 2283 2552 1022 326 1018 1021 1967 2557 1275
000674.jpg,1879 2093 394 1906 607 984 2357 2049 1017 2796 2392 631 2140 1058 1002 451 2282 530 1301 1290 1604 1567 1518 2596 1981 446 1237 1909 1613 662 908 1978 2064 1621 1119 921 2262 1676 2085 871 144 897 2452 320 942 2543 2642 2537 666 1044 599 2446 2420 813 1742 1105 1396 355 2458 1495 966 1718 852 1554 243 1673 2257 2696 1004 1259 1942 1257 1256 1255 1254 2404 1252 960 1251 1250 1249 2405 1247 1246 1245 1244 1243 1943 1241 2502 1260 959 1944 2393 2394 1277 2395 1937 1938 1272
000675.jpg,1993 2767 1422 1617 712 2631 1045 1552 550 1663 2050 179 2130 2836 2837 169 1444 2840 1328 440 735 947 1782 134 1649 2707 1658 1381 1679 1544 1623 1486 900 1437 1218 1261 2439 1840 2241 260 463 2419 2088 1208 1054 563 559 2826 1051 674 1307 518 1701 1489 480 925 2454 1369 2649 1983 2628 2133 2011 645 1253 445 319 2076 2652 659 906 2352 1092 2574 305 155 1640 51 562 1710 1417 860 2544 1148 1878 1468 978 2397 987 312 2832 1497 1522 1520 1607 1313 1316 1514 1496 1319
000676.jpg,454 476 167 2222 20 1227 1661 1744 2726 2162 669 2194 2261 448 2168 829 661 1761 592 1456 1153 1284 122 1865 1884 2118 980 2313 1858 2109 468 1610 1188 629 40 1960 851 2751 229 2502 2152 1605 1726 2476 1199 1285 1015 281 2627 2677 396 922 2567 1171 22 1214 1080 411 1537 2573 2706 690 2823 23 1232 2571 1449 1802 38 115 1880 973 1570 298 37 2841 1139 1987 481 815 759 1260 807 443 1308 1006 1082 586 1113 1953 1365 785 956 1882 1426 2128 2030 2791 827 400
000677.jpg,1870 2714 26 2649 2769 348 2454 1369 925 480 2538 197 1788 2289 1417 1489 1710 1701 2650 860 769 1895 433 2375 2482 161 663 173 2840 2138 2735 1320 770 518 463 550 179 2631 1261 1051 659 1617 1422 645 1029 2011 735 2050 440 2130 562 51 1640 155 305 134 1993 1218 1775 319 2287 2553 965 231 1253 194 2628 2330 2374 689 422 2838 2125 57 1623 1054 1649 1552 712 2836 1045 1191 1294 1202 1295 1307 1313 1316 1319 2800 1158 1151 1324 1328 1338 1341 1345 1348 1349 1159
000678.jpg,1146 312 2832 987 635 1202 85 1405 1934 2501 2044 188 2411 556 1386 1319 2528 1644 1624 611 1102 2790 943 2082 547 2270 1926 221 1752 950 2069 1407 2817 1656 2300 817 4 1799 1737 2389 59 1545 626 2631 663 518 2538 550 1617 1422 2670 1264 1270 1276 1278 1279 1291 1292 1294 1295 1307 1313 1316 2797 1320 1324 1328 1338 1341 1345 1348 1349 1350 1355 1358 1360 1362 1366 1261 1369 1258 1242 1096 1101 2811 1112 1122 1123 1129 2801 1148 1151 1158 1159 1167 1172 1181 1190 1191 1193
000679.jpg,2706 411 1761 1153 1916 2346 650 2666 829 2171 2043 1697 2810 2816 1188 475 669 2168 922 1891 1723 807 1456 1603 820 1541 2167 2268 1260 2643 750 334 37 459 2387 476 690 1380 1284 1865 759 2261 1227 1702 468 285 448 8 2449 1671 122 1221 946 1267 1090 1763 546 2194 1537 1080 661 1387 1682 582 1308 1082 443 586 1006 298 1570 1605 420 2768 1397 229 1858 2313 629 23 205 148 2152 2502 620 181 732 953 2841 1251 1246 2416 1194 1250 1249 1247 1252 2405 1214 2415
000680.jpg,2767 1993 1422 1617 712 2631 1663 1045 1552 2836 179 2130 2050 1444 550 947 1328 2837 169 1782 1649 2840 1658 1381 735 440 2707 134 1544 1679 1623 900 1486 1437 1840 2241 1218 2439 1261 260 2088 2419 1208 1054 1489 1701 463 563 559 2826 1307 674 1710 860 1417 1983 2628 2133 2011 1253 445 319 645 2076 659 2652 906 2352 1051 769 197 1895 2289 1788 2375 433 2138 1640 562 51 155 305 2574 1092 480 925 2649 1369 2454 2650 2735 173 2482 161 2544 1148 1878 2397 978 1468
000681.jpg,2516 1526 1325 1707 1511 1969 1442 2843 1385 1779 2145 406 1992 1007 2102 257 709 535 410 1079 2763 773 1466 1894 519 338 730 1871 2219 186 1516 1138 1645 1731 1670 811 2377 1527 1068 112 1800 2613 434 544 1783 2549 742 1311 937 2730 2364 1110 1379 749 1794 2609 288 253 336 1455 1498 2341 1040 365 605 435 610 2151 1131 2788 1966 1192 2420 1241 1243 2401 1244 1245 2423 1246 2157 2421 1247 1943 1942 1189 1185 1257 1184 1186 1256 1255 1254 2404 1183 1944 2422 1260 1251 1250
000682.jpg,751 1678 2518 1120 1073 1147 1450 830 1732 1646 393 1244 339 863 1620 2136 603 2275 441 1523 2383 2080 2695 1016 584 2395 1601 845 373 1482 1257 1971 1786 1996 777 2542 230 1091 1691 575 1346 2239 2073 1106 617 1535 832 2129 1459 2036 1748 379 76 2495 2754 1197 540 291 1561 2242 16 1469 376 1447 2176 1194 397 2641 55 728 104 2019 1183 2359 1243 2157 1260 1259 1942 1256 1255 1245 1254 1943 1252 1251 1250 1249 1241 1247 1246 2404 2405 1052 1239 1209 2415 1207 1206 1205
000683.jpg,70 2510 431 2561 2757 1759 2077 1753 2777 315 2478 2772 1125 18 1839 601 1557 2622 1390 1842 1035 2 2663 191 1165 2302 2818 951 1834 1252 2015 2685 2702 1980 2315 2161 1747 2686 889 767 277 1239 2401 2408 1237 1236 1263 1254 2409 2400 1233 1265 1266 1267 1268 1269 1235 1944 1260 1241 2404 1255 1251 1232 1256 1257 1250 1249 2405 1247 1246 1942 1245 1244 1243 1943 1259 2157 1231 1052 2410 1200 1199 1198 1197 2156 1195 1194 1192 2420 2421 1189 1188 2422 1186 1185 1184 1183 2423 1949
000684.jpg,12 1473 1876 2809 1721 2051 1439 994 526 864 508 2183 608 274 1241 1239 1944 1237 1943 2408 1236 1052 2409 1233 1232 1231 1230 2410 1228 1227 1226 1225 1224 1235 1243 2405 1245 1271 1940 1269 1268 1267 1266 1265 2400 1263 2401 2157 1260 1259 1942 1257 1256 1255 1254 2404 1252 1251 1250 1249 1247 1246 1244 1223 1945 1221 1189 1188 2422 1186 1185 1184 1183 2423 1949 1180 1179 1178 1177 1176 1175 1174 1173 2425 1171 1170 1169 2426 2427 1166 1165 2421 2420 1192 1194 1272 1219 1946 1217 2413
000685.jpg,2045 2023 2755 1584 747 258 770 2034 2545 1796 1320 1414 1360 1358 1421 1355 1350 1349 1348 1345 1341 1417 1362 1373 1369 1416 1375 1377 1381 1386 1388 1392 1405 1407 1409 1411 1366 1338 1 1324 1172 1181 1190 1191 1193 1196 1201 1202 1208 1215 1218 1229 1234 1238 1328 1242 1258 1261 1264 1270 1276 1278 1279 1291 1292 1294 1295 1307 1313 1316 1253 1319 1437 1432 1571 1572 1575 1576 1580 1586 1587 1589 1607 1615 1617 1618 1619 1622 1623 1624 1627 1629 1630 1636 1640 1644 1649 1652 1653 1656
000686.jpg,1946 416 883 105 2394 1778 11 144 1200 2420 664 2110 2452 2427 1244 1243 1943 1241 1944 1239 2408 1236 1235 2409 1233 1232 1231 1230 2410 1228 1227 1226 1225 1224 1237 1245 2405 1247 1271 1940 1269 1268 1267 1266 1265 2400 1263 2401 2157 1246 1260 1163 1942 1257 1256 1255 1254 2404 1252 1251 1250 1249 1259 1223 1221 1166 1192 2421 1189 1188 2422 1186 1185 1184 1183 2423 1949 1194 1180 1178 1177 1176 1175 1174 1173 2425 1171 1170 1169 2426 1179 1222 1195 1197 1945 1219 1272 1217 2413 2414
000687.jpg,2540 646 1361 1451 1427 1559 1230 572 395 2644 1798 2787 251 658 589 727 962 1951 1306 1106 2000 529 1334 2323 2054 2040 1900 2381 101 1175 485 737 436 215 2277 364 803 989 1389 1300 1115 2504 341 374 2546 293 1883 545 2066 1213 2114 1207 2072 1898 1394 2178 2113 304 614 1137 2759 2579 1801 483 789 328 766 2238 407 1971 1257 714 1558 2242 581 1683 240 1087 898 1353 1786 2409 1166 1928 895 93 1818 2288 39 926 1357 564 2281 2784 1093 1197 1590 218 739 853
000688.jpg,2458 1495 966 1742 1705 337 2600 1681 487 1384 320 942 1370 2543 1105 1396 243 2660 2369 607 813 355 1031 2085 1554 1614 1331 1673 2257 2696 50 1893 908 1119 1002 1237 54 1676 1604 542 446 710 1981 2782 1567 1287 360 2259 660 144 1301 530 984 791 1508 2049 1695 2803 1565 1000 2262 1978 1853 451 2664 1739 2420 2392 2357 852 1718 2452 2140 1058 897 1621 1017 2796 301 1419 392 662 1909 394 1613 773 1992 519 2763 1906 1911 2318 1682 1200 1387 1479 871 2093 1257 1205
000689.jpg,2185 1129 2298 1411 2584 795 1694 1440 1684 2801 2517 2529 143 386 718 2468 2740 697 958 1360 2619 1445 810 2271 787 71 638 1242 273 2524 2104 30 1215 1514 154 147 2363 557 1480 1366 1816 1509 2749 1629 1524 203 2444 2460 665 1294 342 1059 551 2246 1863 1295 1807 1530 2094 160 1078 1373 888 641 2771 1660 2633 2607 879 1619 741 1630 1446 1735 2616 1939 1112 2481 1258 1270 352 1539 1278 2189 127 1803 577 2595 17 2486 2412 573 2811 2255 317 1338 991 262 1279 1589
000690.jpg,2464 2725 2448 609 2404 1766 957 1477 1889 844 509 2457 1515 5 744 1616 244 2115 1696 2128 882 1757 986 1255 466 1637 123 2150 1556 375 473 1326 1426 498 2124 1061 2366 2348 2823 388 163 306 2014 425 1945 520 19 232 2508 909 1866 214 2351 1602 2169 2109 1953 2567 22 1171 1214 2751 1596 387 2498 2562 43 1880 1802 1041 1038 1754 2421 1591 851 1960 592 40 2222 1661 119 1296 135 1733 2390 1722 1269 558 184 1529 2408 2295 2566 2413 1849 2354 2744 1383 707 424
000691.jpg,1487 1113 1144 953 1471 1865 2573 1052 1241 1944 1239 2408 1237 1236 1235 2409 1232 1943 1231 1230 2410 1228 1227 1226 1225 1224 1223 1222 1221 1945 1233 1243 1245 1219 1940 1269 1268 1267 1266 1265 2400 1263 2401 2157 1260 1259 1942 1257 1256 1255 1254 2404 1252 1251 1250 1249 2405 1247 1246 1244 1946 2414 2413 1185 1184 1183 2423 1949 1180 1179 1178 1177 1176 1175 1186 1174 2425 1171 1170 1169 2426 2427 1166 1165 2428 1163 1162 1173 2422 1188 1189 1271 1214 1213 1212 1211 1210 1209 2415 1207
000692.jpg,12 1473 1721 2809 1876 2051 1439 2183 864 994 508 526 2291 2057 574 608 274 1931 2526 2220 1874 1223 444 2037 423 2440 1725 1677 1462 2625 1892 1088 1408 1998 271 1942 1771 368 2089 2639 2683 647 531 2499 598 1591 2435 494 1477 939 1236 2409 1235 1944 1239 2408 1237 1241 1943 1250 1244 1269 1268 1267 1266 1265 2400 1263 2401 2157 1260 1259 1257 1256 1255 1254 2404 1252 1251 1249 2405 1247 1246 1245 1243 1233 1052 1231 2417 1200 1199 1198 1197 2156 1195 1194 1192 2420 2421 1189
000693.jpg,1349 234 1572 913 2727 1520 2399 1540 2340 1618 307 2226 1 46 969 2215 892 1025 2635 685 961 352 1615 223 2834 2709 2158 2466 1994 1815 1009 837 2541 264 2253 2338 1409 2455 1095 1159 1539 2223 1698 403 349 195 577 2213 2175 2844 814 385 1215 2797 1622 2484 317 2269 90 2372 2092 2833 2710 2189 2063 2403 600 697 2339 2473 1242 2104 273 2524 1101 1571 2139 1238 891 1291 267 741 2246 2412 1270 1338 642 958 787 1514 71 638 1445 912 1264 1060 846 1939 537 2486
000694.jpg,2551 2284 2018 2146 764 1289 719 2008 2487 1534 812 2209 1351 35 2824 615 153 343 1403 206 1204 2582 247 190 1577 1157 1751 2603 1344 2485 1657 2729 928 2585 723 1359 516 862 1915 778 1970 1245 1745 1136 1633 539 1493 450 1121 303 1997 1772 914 930 998 2462 1864 1819 549 2204 604 2359 1227 1226 1225 1361 1224 1223 1222 1945 2165 1219 1363 1946 1217 2413 2414 1364 1365 2357 1221 1228 1334 1230 1249 2405 1247 1246 2361 1244 1243 1943 1241 1944 1357 1239 2408 1237 2360 1236
000695.jpg,1697 1570 582 546 285 1221 1891 298 1723 2643 2167 2268 690 2706 2816 475 459 1380 448 807 6 1260 1865 1188 922 1456 973 1015 1285 468 1537 1080 980 2118 1884 1284 411 37 23 1702 759 2346 1916 1610 2313 1858 229 1541 750 820 334 1603 8 1671 1267 946 2449 1090 1763 629 122 2810 181 732 620 2409 1232 1235 1233 2366 1370 1236 1230 2410 1228 1227 1226 1225 1224 1223 1231 2166 1367 2408 1364 1254 2404 1252 1251 1365 1250 1249 2405 1237 1247 1245 1244 2357 1243 1943
000696.jpg,2011 645 445 1029 1054 1679 1649 1444 1623 134 947 1328 1552 1663 2707 169 2840 319 1253 2050 2130 2767 1045 2837 1617 712 1422 440 735 179 550 1544 2836 1840 2241 2735 1381 1658 1782 2631 1993 2439 518 663 2628 965 2544 259 2287 2538 1261 1218 2375 433 197 2649 925 1870 1369 2811 1292 1350 1349 1294 1348 1345 1295 1341 1324 1313 1338 1358 1316 1355 1360 1320 1307 1319 1264 1279 1123 1129 1146 1148 1151 1158 1159 1167 1172 1181 1190 1191 1193 1196 1201 1202 1208 1215 1229 1234
000697.jpg,183 621 84 481 815 1987 2141 959 941 2152 2502 1108 1283 270 171 1365 1371 2761 1768 2048 785 45 1605 2760 2608 2182 2522 2056 236 1064 1927 106 565 1844 1286 506 1251 1364 1953 1560 2401 2612 189 1032 2060 96 2705 2188 2841 1139 43 2831 2197 1632 2498 398 2503 2562 396 2627 1866 214 909 2348 1802 971 454 2567 2688 2153 2442 1084 2751 420 2768 1397 592 148 2263 1525 2623 387 1596 2720 953 115 38 1880 229 851 40 1960 1738 1602 1891 281 1449 2677 42 2278
000698.jpg,2352 194 2272 1496 2815 1636 1316 2556 1051 2628 1965 497 1586 992 2046 1897 1362 1261 1218 1860 2713 1840 2241 1948 1416 1096 2439 1381 1658 201 1782 965 1752 950 518 663 1544 2433 1584 173 1775 2367 231 2553 1649 1054 2069 2631 2538 735 440 2836 860 1788 1489 1417 2767 2837 1623 1360 1345 1349 1348 1358 1350 1341 1355 1294 1328 1193 1196 1201 1202 1208 1215 1229 1234 1238 1242 1253 1258 1264 1270 1276 1278 1279 1291 1292 1295 1307 1313 1319 1320 1324 1338 1366 1 1373 1522 1524
000699.jpg,626 2389 1545 59 4 2367 1202 1799 1278 950 1737 1752 2270 547 2082 2477 283 1386 556 2069 1146 613 826 266 2556 1319 1407 2300 1926 1377 1375 573 623 1369 1366 1362 1360 1358 1373 570 1388 563 1355 1392 1405 1409 1411 1414 1416 1417 1421 1428 1432 1381 1350 1348 1437 583 1208 1215 1218 1229 1234 1238 1242 1253 1258 1261 1264 1270 1276 577 1279 1291 1292 1294 1295 1307 1313 1316 1320 1324 1328 1338 1341 1345 1349 1440 1446 1445 1576 1580 1584 1586 1587 559 1589 1607 1615 1617
000700.jpg,204 1606 116 899 137 1212 2135 2741 2842 1463 2766 2558 97 1935 246 1134 1547 2511 2825 447 2041 1986 1056 722 2665 2068 2294 1944 1055 2736 1067 2719 79 1825 692 2728 725 2292 790 2319 442 2207 1126 1962 350 2305 1940 165 362 2258 1841 2625 1677 1771 2037 1892 1998 1130 2506 1088 1368 2166 1233 1370 1232 1231 1230 2410 1228 1227 1226 1225 1224 1371 1223 1222 1221 1372 1945 2409 1235 1367 1236 2165 1363 2404 1252 1364 1251 1250 1249 2405 1365 1247 1246 1245 1244 1243 1943 1241
000701.jpg,1642 3 254 2490 1958 2170 2405 14 66 652 1985 929 1136 1745 1574 779 2536 2157 825 765 1246 873 2426 2434 2336 282 1245 1633 490 1036 318 1519 1152 2718 1247 874 1347 2204 632 516 1243 1177 1244 2422 1944 1178 1239 1179 2408 1237 1180 1236 1235 2409 1233 1949 1943 1241 1250 1175 1266 1265 2400 1263 2401 1171 1260 1259 1942 1176 1257 1256 1255 1173 1254 2404 1174 1252 1251 1249 2425 1232 1227 1230 1207 1206 1205 1204 1203 2416 2417 1200 1199 1184 1198 1197 2156 1185 1195 1194
000702.jpg,2150 123 882 986 1255 1757 372 1243 1943 1241 1944 1239 2408 1237 1236 1235 2409 1233 1232 1231 1230 2410 1228 1227 1226 1225 1224 1223 1222 1244 1245 2405 1247 1272 1271 1940 1269 1268 1267 1266 1265 2400 1263 2401 1246 2157 1259 1942 1257 1256 1254 2404 1252 1251 1250 1249 1221 1260 1945 1052 1219 2422 1186 1185 1184 1183 2423 1949 1180 1179 1178 1177 1176 1188 1175 1173 2425 1171 1170 1169 2426 2427 1166 1165 2428 1163 1162 1174 1938 1189 2420 1946 1217 2413 2414 1214 1213 1212 1211 1210
000703.jpg,1146 987 2832 312 635 1202 1405 85 556 1386 1934 2501 2044 188 950 1752 2069 943 2082 547 2270 2411 221 1102 2790 1319 2300 1926 2528 611 1644 1624 4 817 1656 2817 1407 1799 1737 2389 59 1545 626 2631 663 518 2538 550 1617 1422 2670 1264 1270 1276 1278 1279 1291 1292 1294 1295 1307 1313 1316 2797 1320 1324 1328 1338 1341 1345 1348 1349 1350 1355 1358 1360 1362 1366 1261 1369 1258 1242 1096 1101 2811 1112 1122 1123 1129 2801 1148 1151 1158 1159 1167 1172 1181 1190 1191 1193
000704.jpg,1083 6 1702 181 620 732 546 2643 759 285 582 1260 1221 1797 807 1891 1697 468 1570 1536 1318 636 2278 2807 2425 2476 2627 396 42 1723 2816 2261 2194 644 1199 2263 2720 1979 117 661 815 481 1987 669 2494 1227 1525 2623 281 327 1659 1605 2502 2152 922 411 1456 1188 2168 829 2303 1205 1198 84 189 1927 1032 2060 106 2688 387 2498 1596 476 298 96 2677 1449 2268 2167 2573 941 1371 1084 650 2666 1632 1953 1139 2841 2116 973 1285 275 1726 2678 592 40 1960 851
000705.jpg,463 1993 2840 550 2631 860 2767 1422 1617 134 1701 712 1489 2836 1552 1417 1710 2649 2454 1369 925 480 1045 1782 1663 1486 1437 900 1870 197 433 2375 518 1788 2837 1658 1381 2050 2130 440 179 735 659 348 2769 26 1649 2714 645 2011 947 2439 1328 1679 1544 169 1840 2241 2707 2289 1895 2138 769 2650 1029 1261 1218 2735 173 2482 161 445 1253 319 1444 2538 1623 833 1373 1375 656 1377 651 1386 1388 1392 1405 1407 1409 1411 1414 1416 642 1421 1428 641 638 1432 635 626
000706.jpg,99 823 380 73 1599 2074 1628 2163 453 1872 437 399 1233 461 760 1510 477 208 595 981 2587 816 401 1717 2655 1145 1976 2469 731 2126 2829 1085 1160 2122 177 1903 1163 2679 2009 72 2636 2722 2098 1047 2747 612 2055 460 2577 156 172 141 1023 164 694 1241 174 1415 1784 1808 2274 1404 1688 2775 1100 1155 1089 666 2537 2446 599 2642 2318 1682 2420 1479 850 2355 2362 1911 2691 1266 1267 1249 1265 2400 1250 2157 1263 2401 1255 1260 1259 2405 1252 1942 1257 2404 1256 1254
000707.jpg,757 1533 1728 754 1231 1149 2320 2533 29 2021 2756 2172 2673 286 293 2430 1689 2024 2143 24 1597 426 218 1984 1312 634 739 2787 119 80 1383 1296 2638 1265 2472 213 2408 2295 424 1448 2615 2413 135 1269 1478 184 558 967 1719 1804 19 2566 1945 520 232 2390 1722 1867 1529 1243 1949 1176 1943 2157 2423 2401 1183 1241 1944 1184 1239 1263 1244 1245 1254 1255 2404 1177 1256 1252 1251 1250 1257 1246 1249 1942 1179 2405 1247 1259 1260 1180 1185 1178 1199 1236 1217 2414 1214 1213
000708.jpg,1624 1644 2411 2528 2501 2044 1934 2817 1656 1407 1102 2790 817 611 188 1926 1319 85 221 2300 2832 312 943 987 1405 635 2082 547 1386 2270 556 626 1545 1799 59 2389 1146 1737 950 1202 4 2367 1752 283 2477 2545 2034 1796 1313 1362 1366 1258 1369 1253 1242 1238 1373 1375 1377 1234 1229 1381 1218 1215 1208 1201 1196 1360 1261 1264 1270 1316 1294 1320 1292 1324 1328 1291 1279 1307 1338 1278 1345 1348 1349 1350 1355 1358 1276 1341 1295 1428 1392 1542 1544 1549 1551 1552 1564 1569
000709.jpg,1921 721 2061 1972 2402 1647 1756 1395 1317 805 1829 1755 1472 27 799 2406 1648 2698 1967 1187 1273 1011 1140 1018 2632 782 1568 1050 314 390 1715 1635 1216 2053 1124 2236 726 2232 1303 1506 1612 1918 1475 1037 138 2279 331 1024 999 2693 1048 1026 1262 2715 2343 430 655 1008 2407 484 534 806 216 1662 2429 344 391 2806 927 464 295 1706 1789 1831 1655 1240 1275 200 2017 2316 618 1021 2773 1127 225 1924 1780 504 455 580 326 31 561 2765 2059 495 2285 1843 131 268
000710.jpg,1842 601 18 2 2663 2757 1759 1834 315 951 2818 1557 1252 2015 1390 2622 2161 191 1165 2302 2510 2561 2478 2077 2772 1753 2777 431 1747 1035 2685 2315 1980 889 2686 2702 1125 70 1839 1443 1833 1938 2496 1989 277 1460 369 1263 1944 1239 2408 1237 1255 1265 1266 1267 1235 1268 2409 1233 1269 2400 1236 2401 1241 1254 2404 1257 1232 1251 1250 1249 1942 1256 2405 1246 1245 1259 1260 2157 1244 1243 1943 1247 1052 1224 1230 1199 1198 1197 2156 1195 1194 1192 2420 2421 1189 1188 1200 2422
000711.jpg,2045 2023 1584 2755 747 258 1 1362 1360 1358 1355 1350 1348 1345 1341 1338 1328 1349 1366 1375 1373 1377 1381 1386 1388 1392 1405 1407 1409 1411 1414 1416 1417 1421 1369 1324 1316 1319 1167 1172 1181 1190 1191 1193 1196 1201 1202 1208 1215 1218 1229 1234 1320 1238 1253 1258 1261 1264 1270 1276 1278 1279 1291 1292 1294 1295 1307 1313 1242 1428 1437 1159 1572 1575 1576 1580 1586 1587 1589 1607 1615 1617 1618 1619 1622 1623 1624 1627 1629 1630 1636 1640 1644 1649 1652 1653 1656 1658 1660 1663
000712.jpg,12 1473 1876 2809 1721 2051 1439 2183 994 526 864 508 608 274 1241 1239 1944 1237 1943 2408 1236 1052 2409 1233 1232 1231 1230 2410 1228 1227 1226 1225 1224 1235 1243 2405 1245 1271 1940 1269 1268 1267 1266 1265 2400 1263 2401 2157 1260 1259 1942 1257 1256 1255 1254 2404 1252 1251 1250 1249 1247 1246 1244 1223 1945 1221 1189 1188 2422 1186 1185 1184 1183 2423 1949 1180 1179 1178 1177 1176 1175 1174 1173 2425 1171 1170 1169 2426 2427 1166 1165 2421 2420 1192 1194 1272 1219 1946 1217 2413
000713.jpg,1453 1901 2376 1490 2309 2433 201 1860 2713 2721 715 1569 48 100 1796 51 1640 305 562 439 64 2545 2034 155 1496 2556 2815 2272 2650 1878 1123 231 2553 1316 1636 1965 2513 2352 2375 433 197 173 2289 769 2482 2138 1895 168 161 2735 2628 194 1261 1051 1295 1294 1313 1307 1542 1622 1324 1328 1619 1618 1338 1341 1345 1348 1349 1350 1355 1319 1320 1278 1291 1191 1193 1196 1201 1630 1202 1208 1629 1627 1215 1218 1292 1624 1234 1238 1242 1253 1258 1264 1270 1276 1358 1623 1279 1229
000714.jpg,1891 6 285 1221 1570 1083 582 546 1605 2502 2152 2643 1702 1723 1697 2816 759 732 181 620 1260 1953 1139 2841 1987 481 815 2627 396 468 475 807 1797 298 1979 2494 980 2118 1884 327 117 1659 84 183 1916 2346 650 2666 1536 1318 2807 636 2278 973 1285 420 148 2348 214 1602 1866 2768 1397 1738 1371 941 1610 2261 661 2194 2263 2303 2573 1198 1205 1449 2677 281 669 2168 829 510 2179 2521 594 448 2720 1113 42 644 785 1365 2030 959 2791 2623 1525 1184 2810 122
000715.jpg,2792 118 1583 998 567 808 2065 515 1791 919 952 1769 1354 1854 778 2711 382 517 1970 2778 2361 9 748 1851 1657 2729 930 928 2379 1579 114 887 1531 1470 2328 1179 2491 639 2682 1977 1770 982 763 227 841 2647 1063 2793 975 7 2042 1651 1578 945 2252 2097 2310 1585 819 2575 1667 1920 2304 923 1528 916 566 492 2225 579 1154 1271 513 1209 2026 2658 25 512 1211 2459 2723 2416 1254 2404 1255 1256 1257 1942 2487 1973 1251 1250 1249 2405 1247 1246 1245 966 1244 1252
000716.jpg,757 213 2408 2430 2143 2024 1533 1265 2413 2295 558 135 184 426 1597 1689 24 1448 634 1478 707 2638 2615 2354 1728 1849 754 2566 1269 520 1149 2320 2533 424 2756 80 119 1296 1383 232 19 293 739 2021 29 1231 1945 967 1867 1722 1719 1804 1529 2390 2673 2172 286 218 853 2472 1312 1984 1928 2409 1166 2787 898 2224 1558 714 2235 91 499 2296 792 1197 93 895 2744 1733 1087 2072 1590 1207 76 1236 1922 2405 1247 1246 1249 1245 1251 1232 1233 2353 1250 1252 1254 1944
000717.jpg,1356 1248 2311 1435 625 679 113 2794 2137 822 2164 1505 252 239 2091 1781 2232 525 1598 455 858 1500 449 1141 2070 654 216 1262 1506 27 1021 1168 1299 2017 49 245 1568 2693 383 1140 1612 1941 33 1961 1924 495 290 1503 2142 241 653 1011 1282 356 296 408 799 2773 2698 2316 618 200 1273 1755 1317 805 1024 138 1918 209 2396 838 1274 139 1991 1746 2557 363 705 649 2279 2634 2280 354 655 1026 1756 1339 2632 2244 346 344 2283 711 2552 1022 1332 2285 1335 696
000718.jpg,2404 609 2464 844 1889 957 509 2457 1515 5 2725 1766 2448 2128 744 1616 244 1696 2115 466 1637 2124 1326 375 473 1556 2366 2014 425 1426 498 1061 163 388 306 1171 1214 2751 22 2351 23 2567 2109 592 1960 851 40 1945 232 520 19 2348 2169 2508 2726 2162 1744 1602 1591 214 909 1953 1866 661 2168 2182 2760 183 45 2608 1245 1243 1943 1241 1944 1239 1244 1246 1052 2405 1267 1266 1265 2400 1263 2401 2157 1260 1247 1259 1257 1256 1255 1254 1252 1251 1250 1249 1942 2408
000719.jpg,989 2381 1115 803 251 2546 1900 2040 364 341 215 436 737 101 1427 1389 2540 374 1230 304 2113 2178 2066 1213 1300 646 2504 2114 2644 395 2579 2759 1883 1394 572 1798 545 1898 962 2277 1451 1175 485 1306 1951 529 1361 2787 1683 1334 2323 658 589 727 581 1106 1353 483 789 1257 1971 1559 2000 328 407 766 2238 1801 1786 2242 240 1093 2784 2288 564 1818 926 2054 293 2281 1357 39 1593 76 1180 1207 2072 1137 614 1558 714 1019 1944 1239 2408 1942 1251 1255 1241 1943
000720.jpg,2263 1083 2623 1525 6 2572 1726 2678 1199 1084 1280 2442 2386 1702 971 2562 43 1596 2188 1536 2807 1318 636 1802 2720 2498 2116 40 851 1960 592 2688 387 2141 644 2278 815 481 396 1987 2627 1108 582 620 732 181 1371 785 1880 2448 1797 398 2503 42 1458 2643 759 546 275 1283 117 1979 1205 2303 2494 1198 1232 2571 1221 285 84 189 96 1032 1632 106 2060 1927 104 474 543 907 1365 1260 2677 281 1449 941 2079 1064 762 2522 300 1336 1013 2197 2056 2591 423 1591
000721.jpg,2269 2092 2576 299 2844 2833 2139 1549 428 1009 837 2455 2776 1539 2797 2484 2371 352 264 2063 1814 2403 1159 741 2175 667 2189 1815 1589 2731 1122 1619 1925 1982 403 879 226 317 600 1622 90 2486 846 2226 1735 2215 1571 17 573 2412 1338 2385 888 262 1863 1349 1238 1291 267 891 577 2100 2255 2811 1373 642 2727 2399 1520 913 1101 2648 307 2771 2460 2363 557 1060 1862 166 2266 1421 641 2709 1607 1069 2758 1341 1278 234 1572 349 2338 991 687 2710 1078 1324 1530 2013
000722.jpg,196 776 98 353 2474 1819 1643 1625 2067 585 2081 701 869 1864 2462 1042 910 2353 2361 2334 233 2256 1963 276 2103 1402 2027 871 69 809 1600 630 2012 2391 1128 2001 1353 2409 1374 1233 1232 1231 1230 2410 1228 1227 1226 1235 1225 1223 1222 1221 1945 1219 1946 1217 2413 2414 1214 1224 1236 2355 1237 1259 1942 1257 1256 1255 1254 2404 1252 1251 1250 1249 2405 1247 1246 1245 1244 1243 1943 1241 1372 1944 1239 2408 1213 1260 1212 2354 2422 1186 1185 1184 1183 2423 1949 1180 1179 1382
000723.jpg,2185 1129 2584 1411 2298 1694 1684 795 2801 1360 2517 2616 665 1294 1440 143 2529 2481 1939 1446 1258 958 386 1112 718 1270 1445 638 1514 2619 787 71 697 1630 2271 1215 2246 30 810 2468 2740 1524 1629 203 1509 741 2460 2363 557 1242 273 2524 2104 2444 154 1278 2189 1863 1295 1807 2771 1373 888 641 1735 2749 2339 969 1803 127 1059 342 551 147 991 262 837 1377 1381 1386 1388 1392 1405 1407 1409 626 1414 1416 1417 1421 623 1428 1432 1437 622 1444 616 613 1453 1375
000724.jpg,1972 721 2061 1921 1647 2402 1756 1395 1829 1472 2698 1317 805 1755 27 799 1273 1140 1018 2632 782 2406 1648 200 2316 618 1506 1187 1021 2017 1216 1961 1612 1127 2279 1303 138 2773 1918 2343 533 2693 1274 858 1598 653 1780 225 1924 1124 2053 2236 1011 1692 2611 643 1037 1635 1715 1568 390 1026 1048 1967 2531 561 61 2669 2025 192 1875 1024 1917 771 1941 290 2470 1475 1050 314 2232 1293 159 1143 1097 726 331 344 391 356 408 296 1282 838 207 1787 1141 2070 654 2280
000725.jpg,536 1588 1132 1431 1268 36 2117 193 988 121 733 2078 1492 866 142 569 2090 1499 429 1890 500 1553 1430 1699 1886 680 2333 1256 1236 2267 2451 2384 21 432 1065 571 802 2380 743 1793 2568 901 2335 1329 2839 332 340 2668 2029 555 199 878 868 1888 1562 289 361 1398 62 1179 1244 1243 1943 2408 1944 1239 1237 1265 2423 1266 1235 1241 2404 2400 1246 1252 1180 1949 1255 1251 1257 2409 1250 1245 1942 1249 2405 1260 2157 1247 2401 1263 1254 1259 1233 1192 1231 1211 1210 1209
000726.jpg,1891 1723 2816 1221 582 285 1570 546 6 1697 475 2643 1083 1916 2346 1702 2666 650 1260 2043 298 2810 759 181 620 732 807 468 2171 1456 1605 922 1541 820 1603 411 1284 1285 1188 2502 2152 2167 2268 448 2118 980 1884 973 334 750 1015 1865 122 1797 443 1308 1006 1082 586 1610 37 829 1397 420 2768 1763 1227 2261 661 2194 459 2841 476 2168 669 1090 148 2387 1858 229 2313 1139 1738 594 1953 1153 1761 953 1979 1537 690 1080 2706 1602 1866 214 2348 1380 205 2807
000727.jpg,924 2216 1363 1288 1703 1139 2841 2152 2502 1471 1953 953 2348 1866 214 1605 1602 1487 1397 420 2768 2567 2751 1171 22 1214 2109 148 909 1738 510 2521 2179 1365 1488 594 2346 1916 2810 1723 785 475 2666 650 2494 2203 1502 2816 2171 2043 1891 1979 2507 997 1904 1371 2823 335 2230 2591 1232 411 1188 1907 1113 84 1616 2115 1696 244 861 856 2555 2058 1727 834 1277 1749 941 1217 309 333 1922 2620 1687 1400 1013 2079 1315 1336 2503 1458 300 2160 2197 762 398 2386 1456 37
000728.jpg,860 1701 1489 1710 1417 1788 197 2482 463 2289 2649 2454 1369 173 2650 1261 1051 26 480 925 1993 770 1895 769 1320 161 1218 1870 2769 2375 2840 433 2628 194 1623 1649 1054 1349 1350 1 1358 1360 1362 1366 1373 1375 1377 1381 1386 1355 1348 1313 1341 1191 1193 1196 1201 1202 1208 1215 1229 1234 1238 1242 1253 1258 1264 1270 1276 1278 1279 1291 1292 1294 1295 1307 1388 1316 1319 1324 1328 1338 1345 1392 1432 1407 1545 1549 1551 1552 1564 1569 1571 1572 1575 1576 1580 1584 1586 1587
000729.jpg,2554 419 894 2153 1632 96 2060 189 1032 106 1927 22 1171 1214 2109 2567 2751 481 2612 2401 1277 1727 834 2555 2058 1217 333 856 309 1365 20 167 1744 1661 2222 2162 2726 815 1987 744 2160 1315 1336 1013 454 2627 396 2571 592 1364 2831 171 1251 941 785 1749 1139 2841 2464 609 1889 2404 1766 957 2141 84 1371 621 2705 42 2425 1844 959 565 1286 506 2502 1602 214 1953 2348 1866 2116 2079 1108 1283 2409 1233 1232 1231 1230 2410 1368 2166 1370 1227 1226 1225 1224 1223
000730.jpg,1087 895 93 1257 1971 1590 803 374 2759 2579 898 1137 614 714 1558 1166 2409 1928 1300 251 1197 364 341 1207 2072 2040 1900 2381 1683 581 2546 63 1115 101 2114 215 436 737 989 2277 2540 1427 1389 1019 1786 1801 483 1898 789 1883 646 853 2493 2247 2324 1106 1230 2323 1334 529 2504 1346 485 1175 1306 1951 240 1593 962 2542 2644 395 1451 617 2242 2784 1093 407 832 1535 572 2022 1798 2238 766 328 2129 1394 1353 2000 1559 2787 291 1597 634 1631 545 2699 1846 1538
000731.jpg,431 2510 1839 70 1035 2818 951 2561 2015 1252 2772 1759 2757 1834 1753 2777 1125 2478 2077 315 2622 1390 1557 601 1842 18 1747 2663 2 2302 191 1165 1443 1833 1938 2496 2686 889 277 767 1237 1233 2408 1231 1236 1235 1239 2409 1241 1944 1230 1232 1052 1243 1267 1266 1265 2400 1263 2401 2157 1260 1259 1942 1257 1256 1255 1254 2404 1251 1250 1249 2405 1247 1246 1245 1244 1943 2410 1221 1227 1197 2156 1195 1194 1192 2420 2421 1189 1188 2422 1186 1185 1184 1183 2423 1949 1180 1179 1178
000732.jpg,1453 1901 2376 2309 1490 2433 201 1860 2713 2721 715 1569 48 100 1796 51 1640 305 562 439 2545 2034 64 155 1496 2556 2815 2272 2650 1878 1123 231 2553 1316 1636 1965 2513 2352 2375 433 197 173 2289 769 2482 2138 1895 168 161 2735 2628 194 1261 1051 1295 1294 1313 1307 1542 1622 1324 1328 1619 1618 1338 1341 1345 1348 1349 1350 1355 1319 1320 1278 1291 1191 1193 1196 1201 1630 1202 1208 1629 1627 1215 1218 1292 1624 1234 1238 1242 1253 1258 1264 1270 1276 1358 1623 1279 1229
000733.jpg,1416 1948 1096 2721 715 1569 1 1360 1358 1355 1350 1348 1345 1341 1338 1328 1324 1349 1362 1369 1373 1375 1377 1381 1386 1388 1392 1405 1407 1409 1411 1414 1417 1366 1320 1319 1316 1167 1172 1181 1190 1191 1193 1196 1201 1202 1208 1215 1218 1229 1234 1421 1238 1253 1258 1261 1264 1270 1276 1278 1279 1291 1292 1294 1295 1307 1313 1242 1428 1440 1437 1576 1580 1584 1586 1587 1589 1607 1615 1617 1618 1619 1622 1623 1624 1627 1629 1630 1636 1640 1644 1649 1652 1653 1656 1658 1660 1663 1664 1665
000734.jpg,2716 2552 2365 28 2250 238 505 1563 2689 523 2181 705 2479 849 1532 2370 2557 175 2534 81 2191 2500 587 1896 2681 2819 458 1708 2228 2119 734 1827 504 313 2674 1335 120 847 2193 2592 2099 2283 1680 152 633 972 2052 1376 2322 772 1704 1111 602 354 1339 1746 2742 1741 92 330 503 2028 532 1956 671 1332 1873 711 696 1917 2527 740 2237 1297 1314 1955 2177 2144 68 2764 1117 1852 1010 2265 331 1273 1274 1024 2280 1021 1022 344 2285 346 1262 1755 1756 1026 655 2279
000735.jpg,2252 2042 227 1063 517 2682 1651 916 1977 2310 2328 2491 1179 1583 841 1770 1970 1578 998 639 2225 2647 945 1579 9 114 1854 2711 778 382 1211 1920 1239 1566 1368 1367 748 2065 2723 567 2488 763 982 118 1531 887 1470 808 512 2575 2097 2379 515 311 1210 875 1528 952 1354 919 1769 2459 1585 1667 819 2349 2792 2361 2026 579 492 1154 566 1791 2793 7 2778 2416 923 1657 930 2729 928 151 2618 1271 2559 25 2658 513 1851 1209 1251 1250 1249 1244 1195 2156 1194 1247
000736.jpg,2034 2545 1796 715 1569 2721 48 100 155 2433 51 305 1640 562 439 64 2376 1584 2309 201 1860 2713 2023 1490 1453 1901 1096 1948 1416 2755 2045 747 1123 2513 1878 2272 2815 1316 1496 2556 1965 1636 2046 1586 1897 992 497 1362 1369 2454 2769 26 1366 1360 1341 1358 1190 1208 1355 1373 1348 1191 1349 1350 1345 1215 1238 1328 1202 1242 1253 1258 1261 1264 1270 1276 1278 1201 1279 1291 1292 1294 1229 1218 1295 1307 1313 1196 1193 1319 1320 1234 1324 1338 1375 1417 1381 1539 1540 1542
000737.jpg,897 2071 2450 755 1736 2342 1933 1790 1052 1098 1321 2156 1436 222 2218 1504 1806 1305 1709 2096 2750 1638 2645 935 2512 2201 836 2432 850 2355 1044 2362 1911 2691 1621 2452 2642 2537 599 666 2446 908 796 144 2420 1200 2318 2823 1676 320 984 1387 1479 1906 394 1879 2093 1976 461 477 1002 1119 2126 2655 1160 2587 2469 1717 731 1256 2408 1237 1942 1257 1236 1259 1944 1235 1239 2157 1247 1254 1249 1250 1263 1246 1260 1245 1251 2400 1244 1252 1243 1943 2405 2404 2401 1255 1241 1224
000738.jpg,2171 2043 2810 2816 650 2666 411 1916 2346 807 475 1188 1723 1891 1697 1260 922 1456 2643 759 285 1702 1284 37 468 1221 2268 2167 546 732 181 620 582 1603 1541 820 1761 1865 6 1153 122 1083 1797 229 1858 2313 2841 298 1570 459 750 334 829 1139 1090 1763 1605 2768 420 1397 2168 669 2425 2476 148 448 2261 476 1227 953 1380 2387 2502 2152 973 1285 1015 1536 2807 1318 636 2278 42 1199 1288 335 1487 909 1953 1363 214 1232 2348 2591 1602 1703 1471 1866 2216 2230
000739.jpg,1087 895 93 63 1590 1019 1257 1971 614 1137 898 1197 2409 1928 1166 714 1093 2072 1207 1558 407 2022 1593 1898 1786 328 2238 766 2242 1801 341 789 2504 853 2784 240 483 1300 1333 1346 617 2542 2324 2493 2247 2579 2759 1631 374 803 1561 1996 1091 777 2129 1298 1846 2699 2489 1538 1513 1773 1161 1847 1795 101 581 1683 2277 545 1394 832 1535 1113 1434 967 1804 1719 1334 2323 1228 949 954 540 1343 1785 2737 783 1106 2016 499 2113 1213 2066 304 2178 2112 940 1712 1685
000740.jpg,1788 1710 1417 1489 1701 860 197 2289 433 2375 1895 769 2650 2482 161 173 1320 2138 2735 770 2840 1870 26 2454 2649 1369 2538 2553 2769 348 925 663 463 480 2714 1775 965 319 2287 1253 1051 1261 231 134 2011 645 1029 1993 1218 674 906 2076 194 2628 1837 1181 1564 1054 1649 1623 1486 1295 1307 1313 1617 1316 1542 1540 1319 1615 1324 1328 1607 1338 1539 1530 1341 1345 1589 1348 1349 1524 1544 1294 1618 1292 1202 1208 1552 1215 1629 1229 1234 1238 1242 1569 1350 1622 1619 1258
000741.jpg,1656 2790 1102 1934 2817 2528 2411 2501 2044 1407 1644 1624 188 817 611 1926 85 312 2832 1319 221 2300 943 987 635 1405 556 1386 2270 2082 547 1146 1202 1617 550 1422 2721 1279 1291 1292 1294 1295 1307 1313 1316 2811 1320 1324 1328 1338 1341 1345 1348 1349 1350 1355 1358 1360 1362 1366 1369 1373 1375 1377 1278 1276 1270 1264 1112 1122 1123 1129 2820 1148 1151 1158 1159 1167 1172 1181 1190 1381 1191 1196 1201 2815 1208 1215 1218 1229 1234 1238 1242 1253 1258 1261 1193 2801 1388 1392
000742.jpg,1482 2080 2383 2019 2754 1507 2550 107 2414 1523 441 2604 1691 575 1177 1104 1669 584 2695 2641 845 2395 1016 55 397 2176 728 373 1194 1147 2518 1120 2733 462 1678 1244 2136 393 1073 1732 1450 830 2684 1517 2275 1620 603 1646 339 863 1183 104 2359 1469 1447 376 1483 44 16 2823 1185 1246 1245 1247 2405 1188 1189 1249 2421 1250 1184 1186 2422 1205 1252 1267 1179 1266 1180 1265 1949 2400 1263 1251 2401 1260 1259 1942 1257 2423 1256 1255 2404 2157 1254 1944 1943 1222 1221 1945
000743.jpg,1159 2455 2484 403 2063 264 1815 1009 837 352 2189 2844 2215 2412 2811 2255 1060 2486 317 2403 1622 600 1338 846 17 573 1862 1571 2797 90 577 127 2833 472 913 642 2100 2269 1539 891 2139 2092 1025 1101 741 2648 1238 267 1291 1349 307 2727 1520 2399 299 2709 234 1572 1982 1925 147 2595 1549 1619 2175 1278 814 385 2576 2431 879 2371 349 1509 1803 2710 2541 428 667 1814 1524 1629 203 2226 2481 1939 2338 2223 1698 2776 2385 262 2460 1735 1167 1811 1355 1589 2731 1122
000744.jpg,2457 1889 509 844 5 1515 957 2464 2725 2404 609 1766 2128 2448 744 1696 244 2115 1616 1426 466 498 1061 388 163 1637 23 1326 473 375 2168 661 425 2124 2366 1556 2351 306 2014 2562 1227 669 2261 2194 42 829 476 2720 592 1960 851 40 232 520 19 1945 2278 2567 1214 22 2751 1171 2442 1596 43 448 2425 2508 1591 2169 2162 1744 2726 1761 2109 2222 1661 372 644 1318 1536 636 2807 2188 1802 1880 2498 387 183 2608 2182 2760 45 1083 582 2420 1200 2417 2405 1249
000745.jpg,1788 1710 1417 1489 1701 860 197 2289 433 2375 1895 769 2650 2482 161 173 1320 2138 2735 770 2840 1870 26 2454 2649 1369 2538 2553 2769 348 925 663 463 480 2714 1775 965 319 2287 1253 1051 1261 231 134 2011 645 1029 1993 1218 674 906 2076 194 2628 1837 1181 1564 1054 1649 1623 1486 1295 1307 1313 1617 1316 1542 1540 1319 1615 1324 1328 1607 1338 1539 1530 1341 1345 1589 1348 1349 1524 1544 1294 1618 1292 1202 1208 1552 1215 1629 1229 1234 1238 1242 1569 1350 1622 1619 1258
000746.jpg,1996 777 230 2495 1786 1971 1257 76 1091 1106 39 751 1357 2054 1559 1451 2281 2288 2000 564 1180 926 1818 1361 2040 364 1900 1137 614 2224 1087 2542 2381 1593 646 436 101 737 215 251 341 1207 2072 1558 989 328 766 2238 1093 407 2540 2242 1801 1353 1898 2129 1346 617 1535 832 1197 967 1804 1719 2504 2493 2699 2247 1846 2489 2324 1538 395 529 2644 291 540 2784 240 1300 789 483 1561 1427 589 658 727 1188 1259 1943 1241 1942 2421 1260 1189 1243 1244 1254 2404 1944
000747.jpg,1346 2542 2129 540 832 1535 617 2242 1561 291 1197 1298 1513 1161 1847 1631 1019 2022 63 1773 1795 93 1590 895 1971 1257 751 1087 1228 1785 2737 1343 949 2112 940 1434 898 1166 1928 2409 1786 2016 499 1106 714 853 783 2149 2656 1693 310 230 76 2495 1999 2493 2247 2324 1004 1558 376 1483 1103 777 1091 1996 2827 198 75 2497 1712 182 1685 2504 2238 1093 766 328 407 1898 2040 2281 2000 39 1559 1357 926 364 1818 1180 1900 2288 564 1601 1451 1137 614 989 2785 1914
000748.jpg,1394 545 2066 1213 304 2113 2178 1353 2277 529 1883 2644 395 1798 1801 2546 2784 1230 1115 962 572 2323 1334 1451 727 589 658 1361 1389 341 251 1427 1300 1559 2381 2540 2787 789 483 989 2040 1900 1898 2000 1106 1306 1951 2579 240 2759 646 485 1175 374 1593 2504 2114 1019 364 215 737 436 101 803 1093 2054 581 1683 766 2238 328 407 1333 2022 63 761 2249 1137 1207 2072 614 2242 1247 1246 1260 1259 1942 1257 1256 2405 1245 1251 1250 1944 1241 1255 1249 2404 1943 1252
000749.jpg,924 1471 1363 1288 1703 2216 2823 953 2751 1487 894 419 2554 1632 2153 2567 96 1365 2141 1214 22 1171 1727 2555 834 2058 1277 815 1987 106 1927 1108 1283 2502 270 2152 2109 2841 84 1371 2768 1397 420 2116 785 1032 189 2060 941 1139 1605 183 2263 1525 2623 621 971 43 481 2562 1749 2442 2503 398 1768 2761 2048 2627 396 2043 2591 1953 335 2171 2230 2810 2348 214 1866 1602 2720 1488 510 2179 1738 2521 594 2188 2498 644 2612 2401 2160 1364 1315 171 1336 1013 1251 2831
000750.jpg,2567 2751 1365 2502 2152 785 22 1171 1214 2109 1371 1953 1605 1661 1866 2348 214 84 189 2060 1032 909 1139 183 2162 2726 1744 924 20 167 2141 2841 454 621 2222 959 941 106 1927 815 1987 1632 1602 744 333 1217 309 96 481 2153 1889 1108 1766 45 856 861 957 609 2404 592 2182 2760 2608 1084 43 2188 2522 2056 2503 398 2048 270 1768 1283 2761 2554 419 894 2464 2116 2612 2401 236 971 1397 420 2768 1471 1907 396 2627 1458 2386 2263 1525 2623 1315 2079 1013 1336
000751.jpg,721 1972 2061 1921 1961 1647 2402 2698 200 2316 618 1829 1472 1021 2017 1756 1395 1273 533 1317 805 653 2693 1127 1018 782 2632 27 799 1274 2773 1755 1140 771 1917 1506 858 1598 2343 449 33 1216 1924 225 1780 1941 290 2279 1303 1011 408 296 356 1282 138 1612 2164 2794 1048 1026 2531 2611 1692 643 2406 1648 1187 561 838 2025 192 61 2669 1875 1024 1500 495 330 2099 2470 2091 239 1918 2236 1475 2053 1124 1781 207 2070 1787 654 1141 705 261 1991 331 1327 1746 1293
000752.jpg,1221 285 582 546 1697 2643 6 1570 1702 759 1260 1891 1083 807 732 181 620 298 1723 2816 475 468 1797 2346 1916 1285 411 973 2268 2167 2043 2666 650 2171 2810 1603 1541 820 922 1456 1188 448 37 1015 980 1884 2118 750 334 829 1284 2168 669 459 661 2194 2261 1227 1153 1610 2706 1761 1858 2313 2476 2425 476 1080 690 1537 229 956 1882 23 1763 1090 122 1380 1605 1318 636 1536 2278 2807 2768 420 1397 1865 2387 629 2502 2152 148 42 1387 1682 2841 953 1195 2421
000753.jpg,1842 18 2 2663 601 2161 2757 1759 315 1834 951 2818 2077 1557 2772 2777 1753 2561 1390 2622 2478 1252 2015 1125 2302 1165 191 70 2510 1980 2315 2685 2702 1035 431 889 1747 2686 1839 1443 1833 1938 277 767 1237 1239 1236 2408 1257 2409 1233 2400 1265 1266 1267 1232 1268 1231 1235 1263 1943 1944 1256 1942 1255 1259 1254 2404 1251 1230 2401 1249 2405 1247 1246 1245 2157 1244 1243 1241 1260 1250 1052 1228 1199 1198 1197 2156 1195 1194 1192 2420 2421 1189 1188 2422 1186 1185 1184 1183
000754.jpg,767 277 1938 1833 1443 2686 889 1747 2496 2702 369 1460 1989 211 2532 2315 2685 1980 2302 191 1165 2663 601 2 315 18 2510 2161 1125 1753 2777 431 2622 1557 1390 1834 951 2818 1391 2314 578 1413 1035 1839 2561 70 2772 2077 2408 1268 1269 1267 1236 1235 1233 1239 2409 1944 1241 1237 1942 1245 1266 1259 1260 2157 1257 1256 1255 2401 1254 2404 1943 1263 2400 1250 1249 2405 1247 1246 1244 1265 1243 1251 1252 1052 1231 2417 1200 1199 1198 1197 2156 1195 1194 1192 2420 2421 1189 1188
000755.jpg,196 776 98 353 2474 1643 1819 1625 2067 585 2081 701 869 1864 2462 1042 910 2353 2361 2334 233 2256 1963 276 1402 2103 2027 871 69 809 1600 630 2012 2391 1128 2001 1353 2409 1374 1233 1232 1231 1230 2410 1228 1227 1226 1235 1225 1223 1222 1221 1945 1219 1946 1217 2413 2414 1214 1224 1236 2355 1237 1259 1942 1257 1256 1255 1254 2404 1252 1251 1250 1249 2405 1247 1246 1245 1244 1243 1943 1241 1372 1944 1239 2408 1213 1260 1212 2354 2422 1186 1185 1184 1183 2423 1949 1180 1179 1382
000756.jpg,1946 2394 105 1778 416 883 11 2110 664 144 2420 1200 2452 1419 2331 1237 1943 1239 1944 1241 2408 1225 1235 1243 2409 1233 1232 1231 1230 2410 1228 1227 1226 1236 1244 1247 1246 1271 1940 1269 1268 1267 1266 1265 2400 1263 2401 2157 1260 1259 1942 1257 1256 1255 1254 2404 1252 1251 1250 1249 2405 1224 1245 1223 1052 1221 1188 2422 1186 1185 1184 1183 2423 1949 1180 1179 1178 1177 1176 1175 1174 1173 2425 1171 1170 1169 2426 2427 1166 1165 2428 1189 1222 2421 1194 1945 1219 1272 1217 2413
000757.jpg,931 1114 1830 848 702 768 1107 835 1767 2624 1310 65 1845 1512 522 2388 903 2667 1254 126 1908 284 1235 1340 2601 502 990 2471 297 103 1975 684 250 2276 578 688 1323 1413 1391 1821 1720 1608 1186 2314 1239 1052 1237 1236 2409 1944 1233 1232 1231 1230 2408 1241 1251 1243 2400 1263 2401 2157 1260 1259 1942 1257 1256 1943 1255 1252 2410 1250 1249 2405 1247 1246 1245 1244 2404 1228 1217 1226 1197 2156 1195 1194 1192 2420 2421 1189 1188 2422 1185 1184 1183 2423 1949 1180 1179 1178
000758.jpg,269 1548 1052 1943 1241 1944 1239 2408 1237 1236 1235 2409 1233 1232 1231 1230 2410 1228 1227 1226 1225 1224 1223 1222 1221 1945 1243 1219 1244 1246 1271 1940 1269 1268 1267 1266 1265 2400 1263 2401 2157 1260 1259 1942 1257 1256 1255 1254 2404 1252 1251 1250 1249 2405 1247 1245 1946 1217 2413 1185 1184 1183 2423 1949 1180 1179 1178 1177 1176 1175 1174 1173 2425 1171 1170 1169 2426 2427 1166 1165 2428 1163 1162 1161 1186 1272 2422 1189 2414 1214 1213 1212 1211 1210 1209 2415 1207 1206 1205 1204
000759.jpg,807 1697 1260 2643 759 1702 285 1865 411 2268 2167 1188 468 546 922 1456 181 732 620 1221 1797 582 6 1083 2816 37 2171 2043 1891 1284 650 2666 459 2810 2346 1916 2425 2476 475 1723 1761 2313 1858 229 122 448 1570 1536 636 2278 1318 2807 1380 298 1763 1090 669 829 2261 476 1227 1153 42 2168 973 1199 1285 2194 1541 820 1603 1596 2688 387 2498 644 2720 1082 205 1006 586 443 1308 1015 661 980 1884 1610 2118 750 334 946 1267 2188 1232 1368 1231 1235 2409 1233
000760.jpg,2790 1102 2501 2044 2528 1656 1934 2817 2411 1644 1624 1407 188 611 817 85 2832 312 221 1319 1926 943 2300 987 155 2545 2034 1796 1405 635 562 1640 51 305 439 64 1146 2082 1202 1386 2270 547 556 1549 1316 1636 1630 1320 1324 1629 1328 1338 1627 1341 1345 1348 1313 1349 1350 1355 1358 1360 1362 1622 1366 1369 1619 1623 1307 1295 1294 1191 1193 1196 1201 1208 1652 1215 1218 1229 1234 1649 1238 1242 1253 1258 1261 1264 1270 1276 1278 1279 1291 1292 1373 1375 1377 1381 1468 1569
000761.jpg,1736 2342 2450 755 1638 1504 2218 222 1436 1806 2071 2512 1305 1933 1790 1709 1052 2750 897 2362 1321 1098 2156 2432 2201 2355 850 2096 2645 935 836 2691 1911 796 1044 1621 2452 908 2537 2642 461 477 1976 1267 599 2446 666 2823 2587 208 1510 2655 595 1717 2420 1200 1479 1047 1387 612 2747 2098 2318 380 1599 399 2074 73 823 1237 2408 1943 1239 2400 1944 1243 1177 1241 1263 1244 1257 1245 1942 1256 1255 1254 2404 1252 1259 1251 1250 1249 1260 2405 1247 2157 1178 2401 1246 1195
000762.jpg,2054 1593 1996 777 1801 2784 1353 751 1361 789 483 1300 240 1257 1971 1786 230 1091 1883 646 1451 1559 1106 407 1093 2579 2000 1719 967 1804 1277 924 834 1749 1727 2058 2555 1561 1631 2540 2495 76 529 2542 2504 101 328 2238 766 1898 581 374 2759 395 2644 1427 589 658 727 2277 2405 1252 1259 1250 2409 1233 1235 1232 1251 1249 1236 2404 1942 2408 1239 1254 1944 1241 1943 1247 1243 1256 1255 1244 1246 1245 1237 1231 1052 2410 2417 1200 1199 1198 1197 2156 1195 1194 1192 2420
000763.jpg,2043 2171 2810 2816 2666 650 2346 1916 1891 1487 1723 475 411 1188 953 807 2841 1541 820 1603 1113 2643 1471 1139 1456 1284 922 37 1144 1260 1697 1397 420 2768 1570 298 285 1702 1221 1605 148 468 759 750 334 582 546 1153 6 2573 2387 1083 2313 229 1858 476 1761 1227 2261 1865 122 620 181 732 2591 1953 214 1288 2230 2216 1363 2152 2348 1703 2502 335 1232 1866 909 1602 1943 1241 1944 1239 1243 1189 1244 1205 1245 2423 1259 1942 1183 1257 1256 1255 1184 1185 1254 2404
000764.jpg,2481 1939 1694 2616 1258 665 1294 1411 2584 1112 1270 2517 1446 2185 1129 1360 2298 1684 2619 1630 2801 638 1215 2246 71 958 1440 2529 143 787 1445 718 1514 795 386 810 2271 697 30 127 2524 273 2104 1242 969 2339 1278 147 1807 1295 2710 991 741 1509 2189 1863 1373 2771 641 888 2444 1735 262 2385 577 1803 1524 1629 203 1355 1811 1167 1862 2595 687 2797 472 2820 1324 2013 2175 2468 2709 2431 551 342 1059 2226 2473 667 2371 2466 2372 267 1291 891 1238 428 2776 1060
000765.jpg,261 872 2199 2773 2814 2597 649 1885 1135 2610 1099 1650 1441 2265 2789 2822 507 1314 1955 1543 2306 1003 2105 890 2212 1327 316 159 580 31 326 2715 2343 2177 1117 503 1156 2594 877 552 1010 1991 1774 963 1118 1293 1097 235 772 162 1182 2799 1823 2527 771 1873 367 1376 972 1164 633 92 561 2052 2592 2681 1109 699 1822 1143 2698 1273 1335 711 2237 740 2764 2062 602 1332 2144 68 2742 849 1532 2479 1852 1746 1708 1704 1024 2765 1961 2316 618 200 2017 968 1011 1461
000766.jpg,767 277 1938 1833 1443 1747 2686 889 2496 211 2532 1989 1460 369 2702 2315 1980 2685 191 2302 1165 2 601 2663 2510 315 18 2161 431 1125 1753 2777 1390 1557 2622 1834 2818 951 2314 578 1391 1413 1839 1035 2561 70 2772 2077 1241 1944 1239 1267 2408 1235 1237 1269 1233 2409 1268 1236 1244 1266 1259 1260 1257 1256 1255 2157 1254 2404 2401 1251 1263 1250 1249 2405 1247 1246 2400 1245 1942 1265 1243 1943 1252 1052 1231 2417 1200 1199 1198 1197 2156 1195 1194 1192 2420 2421 1189 1188
000767.jpg,2725 2464 2448 609 2404 957 1766 1889 844 509 2457 1515 5 744 2128 466 244 2115 1616 1696 1637 1556 375 1326 473 1426 498 2124 1061 2366 2823 388 163 306 2014 425 520 1945 19 232 2508 2351 2169 909 214 1866 1995 2348 2109 1044 2567 22 1171 1214 2751 1596 387 2498 2562 43 1880 1802 1591 1602 1960 851 592 40 1661 2222 2566 1383 2390 135 1733 1529 2295 707 1296 2408 119 424 2744 2615 1722 1849 2413 1269 80 1867 558 2354 184 2188 2688 1953 23 1478 2638 1448
000768.jpg,2767 1993 712 1422 1617 1663 2631 1045 2836 947 1444 1328 1552 169 2050 2130 179 1782 2837 1649 550 1381 1658 1544 2840 440 735 2241 1840 2439 1218 2707 134 900 1437 1486 1679 1623 1261 463 1054 2419 1208 2826 559 563 260 2088 1307 674 1489 1710 1701 197 433 2375 1983 2628 2133 2076 2652 659 906 2352 1051 769 1788 1417 1895 860 2138 2289 51 155 1640 562 305 2574 1092 480 2454 2649 1369 925 2650 2735 161 173 2482 2544 1253 445 319 2011 645 1878 1148 1468 2397 978
000769.jpg,1949 2210 2520 2083 1337 1910 13 640 1272 1754 1038 1041 2421 828 2578 2629 1429 2428 377 2671 2539 2798 323 865 729 2640 933 2828 672 2795 1374 1668 2602 1249 1521 1049 955 698 1764 2570 2032 56 1256 1132 1588 1886 1699 932 839 680 1189 370 2047 1329 2839 2335 500 2423 358 244 1696 1616 1766 2115 536 1431 2117 36 988 193 121 1268 1430 1236 1553 2384 2451 21 2221 2120 2031 1070 2078 1890 142 429 1492 340 571 1247 1244 2157 1260 1259 1942 1257 1243 1254 1263 1245
000770.jpg,1213 2066 2113 304 2178 545 1394 2546 1389 1115 727 589 658 485 1175 1306 1951 1798 1451 1559 1361 2787 989 646 2000 1106 293 1334 2323 572 341 251 2644 395 2054 803 1019 962 2381 2579 2540 1230 1427 1300 529 1353 2759 1683 581 374 2114 1883 63 1333 2022 1898 1093 1801 2277 2040 101 215 2504 1900 737 436 789 483 364 2401 1246 1245 1244 1263 1257 2157 2400 1185 1943 1241 1944 2421 1243 1247 1260 2405 1249 1942 1188 1250 1259 1251 1252 2404 1239 1255 2422 1186 1256 1189
000771.jpg,133 1375 493 746 570 2327 2004 2229 1947 280 1580 1724 1575 689 2418 1792 57 2374 210 2174 1392 793 1930 1034 2461 2456 548 1664 1861 1234 1665 2125 1758 422 1859 421 2548 2330 2838 2186 294 2672 1072 704 1279 976 1196 1765 2184 1358 756 1276 77 1030 859 366 797 2541 1887 2039 2123 1551 2694 1716 185 1857 228 2659 2356 2332 2739 1877 1542 1350 263 656 1264 1366 1360 1258 1270 1253 1242 1278 1238 1229 1261 1362 1307 1349 1316 1295 1319 1320 1324 1328 1355 1294 1341 1292
000772.jpg,1416 1948 1096 1362 1897 987 635 155 715 1569 2721 1261 2628 1051 194 2545 1796 2034 1366 1190 1360 1218 1369 1355 1350 1191 1349 1193 1358 1181 1377 1375 1348 1381 1386 1388 1392 1405 1407 1409 1411 1414 1373 1345 1338 1215 1229 1208 1234 1238 1242 1253 1258 1264 1202 1270 1276 1278 1341 1279 1292 1294 1295 1201 1307 1313 1316 1319 1196 1320 1324 1328 1291 1 1432 1421 1571 1572 1575 1576 1580 1584 1586 1587 1589 1607 1615 1617 1618 1619 1622 1623 1624 1627 1629 1630 1636 1640 1644 1649
000773.jpg,1346 2542 2129 540 832 1535 617 2242 1561 291 1197 1298 1513 1161 1847 1631 1019 2022 63 1773 1795 93 1590 895 1971 1257 751 1087 1228 1785 2737 1343 949 2112 940 1434 898 1166 1928 2409 1786 2016 499 1106 714 853 783 2149 2656 1693 310 230 76 2495 1999 2493 2247 2324 1004 1558 376 1483 1103 777 1091 1996 2827 198 75 2497 1712 182 1685 2504 2238 1093 766 328 407 1898 2040 2281 2000 39 1559 1357 926 364 1818 1180 1900 2288 564 1601 1451 1137 614 989 2785 1914
000774.jpg,133 1375 493 746 570 2327 2004 2229 1947 280 1580 1724 1575 689 2418 1792 57 2374 210 2174 1392 793 1930 1034 2461 2456 548 1664 1861 1234 1665 2125 1758 422 1859 421 2548 2330 2838 2186 294 2672 1072 704 1279 976 1196 1765 2184 1358 756 1276 77 1030 859 366 797 2541 1887 2039 2123 1551 2694 1716 185 1857 228 2659 2356 2332 2739 1877 1542 1350 263 656 1264 1366 1360 1258 1270 1253 1242 1278 1238 1229 1261 1362 1307 1349 1316 1295 1319 1320 1324 1328 1355 1294 1341 1292
000775.jpg,2721 715 1569 100 48 64 562 305 51 1640 1796 439 2376 155 2433 2034 2545 1901 1453 2309 1490 201 2713 1860 1416 1096 1948 2650 2556 1496 2815 2272 1584 2023 2513 1878 1123 231 2553 2439 1381 2836 2241 1782 1218 1658 1840 1316 1636 518 550 2352 769 2138 2482 1895 433 173 2289 197 2375 1965 1369 2769 2454 26 1261 1544 2628 161 2735 712 2088 486 1046 2337 2544 906 2007 168 1148 978 1307 2133 1414 623 784 659 260 259 674 2826 2652 1437 1848 1428 563 1564 1552 1551
000776.jpg,1934 2528 2545 2034 2411 1796 2817 2790 1102 1656 2044 2501 1624 1644 1407 817 188 155 611 1640 562 51 305 221 312 2832 85 1319 1926 2721 64 439 943 2300 1569 715 100 48 2433 1584 987 2376 1405 635 2023 518 2309 2631 2241 1840 1860 2713 201 1096 1948 1416 2628 1218 550 1782 2439 1658 1381 2836 1490 1901 1453 1362 2538 663 1897 735 440 1261 1544 2082 1386 1202 1146 2270 556 547 965 712 1572 1291 1292 1294 1295 1307 1313 1279 1421 1571 1320 1564 1552 1551 1549 1324
000777.jpg,2065 567 517 808 118 1970 227 1583 2252 998 382 778 2711 1854 2792 2310 2225 2042 2379 1791 763 982 916 1770 919 1769 952 1354 2778 1063 114 1851 1211 9 930 1368 1367 1566 1239 841 2682 2729 1657 928 515 2361 2097 1528 1271 1977 1651 923 2559 2618 1579 2488 2647 151 2304 748 528 975 875 1210 311 2349 2328 2491 1179 2416 25 2658 639 7 2793 1470 887 1531 513 1209 945 1578 579 512 566 2026 492 1920 2723 2459 1154 1943 2400 1241 1243 1263 1244 1259 2401 1942
000778.jpg,1353 1883 2784 240 483 1801 1300 1593 789 529 2277 1394 545 989 251 2644 395 101 341 304 2113 2178 1898 2066 1213 2000 1559 1106 1798 2504 1427 2540 967 1719 1804 803 2381 1334 2323 2759 2579 374 1115 1230 761 2249 2546 436 215 364 737 646 407 328 2238 2054 766 1093 1451 581 926 2288 1180 564 76 1818 2114 1900 2040 1389 962 2787 572 485 1306 1175 1951 2408 1942 1237 1259 1260 2157 2405 1944 1249 1247 1250 1251 1252 2404 1246 1239 1245 1255 1244 1256 1257 1243 1943
000779.jpg,2551 2284 2018 2146 764 1289 719 2008 2487 1534 812 2209 1351 35 2824 615 153 343 1403 206 1204 2582 247 190 1577 1157 1751 2603 1344 2485 1657 2729 928 2585 723 1359 516 862 1915 778 1970 1245 1745 1136 1633 539 1493 450 1121 303 1997 1772 914 930 998 2462 1864 1819 549 2204 604 2359 1227 1226 1225 1361 1224 1223 1222 1945 2165 1219 1363 1946 1217 2413 2414 1364 1365 2357 1221 1228 1334 1230 1249 2405 1247 1246 2361 1244 1243 1943 1241 1944 1357 1239 2408 1237 2360 1236
000780.jpg,2573 1659 117 327 1979 2303 1198 1205 1113 2030 1184 2791 2494 1687 953 2203 1502 1487 1471 1922 2263 275 1080 2179 23 1537 2620 1400 924 690 2222 594 1738 1084 454 167 20 510 2521 1488 2768 1397 420 2162 2726 1744 1602 1641 907 1525 2623 1280 148 205 1371 1661 2706 851 40 1960 2841 592 2572 1139 1953 2245 1423 1591 423 325 2535 745 1474 1232 973 298 1285 1570 2678 214 2348 1866 1605 265 474 543 2359 104 1183 629 306 2169 2152 2502 396 2627 281 2476 1199 1726
000781.jpg,967 1719 1804 2024 2143 2430 24 1689 426 634 1597 91 2296 2235 792 2756 754 293 2021 1149 2533 2320 1231 739 499 29 1265 2638 1728 2787 1883 1996 1091 777 2784 240 1593 757 2673 286 2172 1533 230 853 218 2409 1928 1166 483 789 1801 1353 2242 76 714 898 1558 2224 2540 184 1478 1197 1300 1087 895 93 1250 1235 1249 1233 1232 1236 1247 1251 1246 1245 1244 2405 1243 1254 1237 1241 2404 1944 1239 1252 1256 2408 1255 1943 1052 2410 2417 1200 1199 1198 2156 1195 1194 1192
000782.jpg,346 2821 52 2690 363 2467 402 936 478 418 1481 53 2059 1918 1048 780 108 2611 643 1692 628 1220 753 1022 452 1438 1662 138 2285 2398 471 2244 1465 1378 786 467 504 1303 484 2301 534 806 840 758 389 2634 2687 2429 1612 2465 2505 89 1039 2565 999 290 1475 2470 2407 1008 1018 2765 782 2632 1730 430 655 1503 2142 241 726 1472 1843 131 495 216 1568 1929 331 1875 268 1941 1024 1275 1062 129 501 225 1026 2236 1011 1050 314 1500 1140 788 1780 125 2806 653
000783.jpg,380 437 1233 1872 1628 760 981 453 2163 1599 73 823 2074 399 401 461 477 1510 1976 208 595 2055 2587 99 1717 2655 141 1023 1145 2469 2126 731 816 2829 2122 177 1903 1047 612 2098 2747 1085 1160 1163 2679 2577 156 2722 2009 72 2636 164 694 172 460 174 1784 1415 1241 1404 1808 2274 1688 2775 935 2645 2096 2432 2750 836 1155 1100 1089 2691 2355 2362 850 1911 1268 1269 2405 1249 1940 1247 1259 1251 1266 1250 1265 2400 1252 2404 1263 2401 1254 2157 1255 1256 1257 1942
000784.jpg,1929 295 1275 2806 1730 1037 2687 220 2236 2053 1124 726 1475 1240 999 331 2059 2407 1008 2285 2301 1011 1216 391 344 131 268 1875 1843 430 655 1140 33 484 53 1481 418 1024 314 1050 2531 1715 1967 390 1635 2765 2565 495 449 241 1503 2142 52 1941 1500 290 1281 456 125 1912 2062 1831 1662 2429 452 2715 534 806 1932 2137 822 1780 1127 113 1706 464 216 1274 780 1438 346 2821 2232 1021 927 1655 1829 1789 1924 1026 788 61 225 207 501 1813 936 478 2250 2557
000785.jpg,848 1830 702 931 1114 835 284 1908 768 1107 1767 1310 2624 1845 1235 903 1254 2471 126 65 103 297 1512 2388 522 2601 990 502 1340 578 1975 2667 1821 1720 1608 1323 688 2276 684 250 1413 1391 1186 2314 1239 1052 1237 1236 2409 1944 1233 1232 1231 1230 2408 1241 1251 1243 2400 1263 2401 2157 1260 1259 1942 1257 1256 1943 1255 1252 2410 1250 1249 2405 1247 1246 1245 1244 2404 1228 1217 1226 1197 2156 1195 1194 1192 2420 2421 1189 1188 2422 1185 1184 1183 2423 1949 1180 1179 1178
000786.jpg,1842 601 18 2 2663 2757 1759 1834 315 951 2818 1557 1252 2015 1390 2622 2161 191 1165 2302 2510 2561 2478 2077 2772 1753 2777 431 1747 1035 2685 2315 1980 889 2686 2702 1125 70 1839 1443 1833 1938 2496 1989 277 1460 369 1263 1944 1239 2408 1237 1255 1265 1266 1267 1235 1268 2409 1233 1269 2400 1236 2401 1241 1254 2404 1257 1232 1251 1250 1249 1942 1256 2405 1246 1245 1259 1260 2157 1244 1243 1943 1247 1052 1224 1230 1199 1198 1197 2156 1195 1194 1192 2420 2421 1189 1188 1200 2422
000787.jpg,895 93 1087 1590 898 2409 1166 1928 714 1971 1257 1558 1197 1137 614 1207 2072 63 2324 2493 2247 853 1019 1346 1786 832 1535 803 2542 2129 341 374 364 617 989 2040 1900 2489 1846 2699 1538 251 737 215 436 2381 101 1597 634 291 1106 540 1801 2579 2759 1631 2323 1334 1298 1300 2022 2224 2277 1561 1593 789 1898 24 2546 1115 646 1427 2540 426 2242 1434 483 39 1451 2495 1357 1559 2000 1683 581 1883 2430 2143 407 1093 240 2114 1389 76 564 1818 230 926 2281 2288
000788.jpg,2380 1236 2267 1256 1430 1553 1699 1886 743 2423 2117 901 2568 2217 1793 427 2415 1492 2078 142 2333 802 429 1431 36 2421 1038 1041 1754 432 1890 571 1888 555 868 340 554 866 1499 1053 2029 680 2090 569 1949 323 1268 878 2668 2451 21 2384 2108 536 681 289 1588 1132 78 292 893 302 1562 1398 361 121 193 988 500 176 199 62 733 1065 2786 2227 979 13 2520 640 2671 1272 2210 1393 1033 2743 332 597 417 886 1686 1418 2047 2032 56 1189 370 853 2224 1399
000789.jpg,950 1752 2367 2556 85 987 1146 2300 312 2832 1926 556 1386 635 817 2082 2270 547 1202 2069 221 1405 2790 1102 1407 943 1656 2817 1496 1799 1319 4 59 1545 626 2389 613 1636 2272 1316 2815 611 1737 1965 2713 1860 188 826 1624 1644 194 518 2631 663 2538 2044 1934 2411 2501 2528 2477 283 2352 1278 1416 1096 1948 1261 2628 1051 201 2433 1320 1324 1524 1338 1341 1586 1345 1584 1348 1580 1349 1350 1328 1587 1607 1313 1208 1215 1218 1229 1234 1238 1242 1253 1622 1258 1264 1619
000790.jpg,2070 1141 2669 192 2025 61 1787 1781 1506 252 207 654 2794 525 2311 239 2091 1435 625 679 1505 2164 1248 245 49 383 1168 1299 1356 225 1598 1924 113 2396 216 2280 139 822 2137 858 408 2173 1274 1780 2470 1127 455 27 2531 838 209 1140 1612 1282 296 356 653 2279 344 53 1875 1024 2232 2285 391 1216 2693 1293 346 2594 699 290 1708 711 1003 2592 2552 1022 1335 1332 1021 2244 2283 1303 2632 999 1692 1961 696 1314 1715 2250 2597 2634 655 1026 1756 1755 1262 1339
000791.jpg,2298 1129 2185 1440 143 2529 1684 386 718 958 697 1411 2584 2517 1514 1445 2619 2801 2271 787 30 1694 638 810 71 1360 1215 2246 795 1630 2616 665 1294 1270 1258 2481 1446 1939 2524 273 1242 2104 1112 1059 342 551 154 147 2468 2740 1295 1807 741 1278 1803 2340 1618 1540 46 991 2710 557 2460 2363 2189 1863 1539 1509 127 2444 1373 2771 888 641 414 1811 1167 1355 2749 1735 969 2339 352 203 1629 1524 2541 2709 2175 1349 262 2595 472 2399 1520 1 2727 1381 1386 667
000792.jpg,2011 645 445 1679 1054 1623 1029 2707 1444 1328 947 1649 1663 134 169 1552 2840 2837 319 1253 1045 2767 2050 2130 712 440 735 1617 1422 179 1544 2439 2836 550 2241 1840 1993 2735 1782 1658 1381 2631 518 663 965 2628 2538 197 2375 433 925 1870 2649 1369 1261 1218 1148 1307 1313 1316 1319 1320 1324 1146 1129 1123 2801 1338 1341 1345 1348 1349 1350 1122 1355 1358 1360 1362 1366 1151 1295 1202 1292 1196 1208 1215 1229 1193 1191 1234 1238 1190 1181 1172 1242 2811 1258 1167 1264 1270
000793.jpg,783 1999 1103 60 940 2112 1004 1343 949 2737 1304 1434 75 198 2497 1760 182 1712 149 1298 1685 954 2022 63 1019 540 2744 1733 1795 1773 1749 1333 1346 1513 1847 1161 1672 2016 2111 1856 95 310 2827 1228 1785 2129 2317 617 2542 499 1727 596 834 576 824 2555 2058 1277 1197 2437 1990 2700 2441 1693 2149 2656 832 1535 2547 376 16 1183 104 44 2249 1447 1483 2359 761 1469 1914 1631 291 1836 2785 1057 1561 2242 983 1476 2745 88 2202 1178 465 1943 1260 1243 1244 2157
000794.jpg,645 1054 2011 445 1623 1679 1649 2707 1029 1444 1328 947 1663 169 1552 2837 134 2767 735 440 2840 319 1253 2130 2050 712 1045 1422 1617 179 2836 2439 1544 2735 2241 1840 1782 2628 1381 1658 550 1261 1993 2631 1051 194 663 518 965 1218 1788 860 1417 1489 2544 259 2538 2287 2649 1870 463 2076 1307 563 906 2133 2289 674 1208 1437 925 1369 155 1092 219 833 2732 1983 2574 1190 168 2826 1123 2088 1878 769 197 770 2482 1710 1320 1895 161 26 1701 1416 1897 2713 1860 1362
000795.jpg,2628 2241 1840 518 663 1636 1316 1496 1965 965 2439 2556 1658 1381 1051 2272 1218 1544 1782 2815 194 1261 440 735 1897 1362 2713 1860 2836 2837 1649 1586 2046 497 992 2130 2050 1045 2538 2767 2352 2631 712 1054 1623 169 550 179 1422 1617 1444 155 1328 201 2707 1679 947 1663 1552 1948 1096 1416 1752 950 1640 305 51 562 2553 231 1029 2735 2367 2433 2649 925 1369 1870 1123 1878 2826 168 563 2088 2133 2069 439 64 1993 1788 1489 860 1417 1208 1307 2652 2309 978 1486 977
000796.jpg,1091 1996 777 230 967 1180 1719 1804 564 926 1818 2495 2281 2288 76 39 1357 1093 1593 407 240 2784 1786 2242 2238 766 328 2224 789 1883 2235 91 792 499 2296 483 2504 1898 1353 1971 1257 989 739 1106 1300 1346 2542 617 341 2129 1801 1197 751 832 1535 1451 2000 1559 2143 2430 2024 374 2759 1683 2579 2756 1231 754 2021 1561 1087 2408 1255 1254 1247 1246 1244 1232 1233 2404 2405 1239 1252 2409 1241 1249 1243 1235 1944 1236 1237 1245 1250 1943 1251 1052 2410 2416 2417 1200
000797.jpg,547 2270 2082 556 1386 1278 59 1545 2389 626 4 2367 2300 1319 1202 635 221 950 1926 943 1405 987 1799 85 1407 1752 188 611 2832 312 1102 2790 1737 817 2477 283 2556 1146 1656 2817 2069 668 1362 1366 588 1369 1373 1375 1377 1381 583 1388 1392 577 1409 1411 1414 1416 1417 1421 1428 1432 1437 1440 1444 1360 1358 1350 1445 1238 1242 1253 1258 1261 1264 1270 1276 606 1279 1291 1292 1294 1295 1307 1313 1316 600 1320 1324 1328 1338 1341 1345 591 1348 1349 1355 573 1446 1453
000798.jpg,2364 593 673 1968 2095 870 1966 544 1850 2417 1311 1783 2005 749 2697 434 1131 2151 1794 678 2788 1670 881 2680 605 365 1040 800 2251 435 2196 288 1005 1379 568 2730 855 821 410 1079 2290 1243 610 774 1516 2560 1466 1325 811 937 1094 2492 1936 2243 2519 416 883 1020 1581 2830 1110 1498 112 2549 336 1142 2087 2299 1309 338 730 2746 1913 2006 1174 717 1634 1573 2219 253 1455 1424 94 1133 1068 648 248 1894 535 709 1707 1946 186 2341 1027 2400 1263 2401 2157 1260
000799.jpg,2823 65 1512 1254 903 1310 1107 2388 1975 1114 931 250 684 1340 2754 2550 1507 768 2019 284 1908 835 1323 702 848 1830 1691 575 2604 107 1608 1821 1720 2314 1186 2624 1845 126 2414 990 2601 502 103 297 1104 1669 1767 1413 578 1236 2401 2404 1255 2409 1233 1232 1231 1263 1256 1230 2410 1235 2157 1251 1237 1247 1245 1244 1243 2405 1259 1260 1252 1942 1241 1944 1249 1239 1250 2408 1246 1943 1257 1945 1227 2156 1195 1194 1192 2420 2421 1189 1188 2422 1185 1184 1183 2423 1949 1180
000800.jpg,1993 2631 550 2840 1422 1617 134 2767 712 2545 2034 1552 2836 1796 463 1045 2837 179 518 169 2050 2130 440 735 1663 1444 1328 1679 2707 1623 1782 1649 1544 2439 947 562 1640 51 305 1381 1658 1261 1218 2721 2241 1840 715 1569 155 1054 1584 2433 925 1369 2649 100 48 1486 900 1437 2376 480 2023 2628 663 1489 860 1417 1701 1490 2454 319 2011 1253 445 645 1051 2538 2309 1710 2769 64 433 2375 197 439 348 1870 1029 2735 201 2713 1860 965 987 2832 312 626 1345 1348
000801.jpg,2685 1980 2315 2702 191 2302 1165 277 767 1557 1390 2622 2757 1759 315 2161 369 1460 1989 1938 211 2532 889 2686 2496 1747 2015 1252 1834 1833 1443 2663 2 2510 2772 601 431 1125 1753 2777 951 2818 2478 18 1842 2561 2077 1839 1035 70 1177 1249 2405 1247 1176 1246 1243 1244 1250 1185 1943 1241 1944 1239 2408 1245 1251 1184 1183 1267 1266 1265 2400 1263 1178 2401 2157 1179 1260 1268 1180 1942 1949 1257 2423 1256 1255 1254 1269 2404 1237 1259 1199 2409 1235 1194 2413 2414 1195 2156
000802.jpg,2550 1507 2019 107 2604 2414 2754 1177 1669 1104 1646 339 863 830 1450 393 2136 1244 1732 1678 2275 603 1073 1620 1691 575 2518 1120 1147 1482 2823 2641 2080 584 1016 2395 397 2176 55 728 2383 1194 1523 441 845 2695 1209 1250 1949 2423 1183 1184 1249 2405 1247 1246 1185 1245 1186 1243 1943 1241 1944 1239 1251 1204 1252 1203 1265 2400 1173 1263 2401 1174 1175 2157 1176 1260 1259 1178 1942 1257 1256 1179 1180 1255 1254 2404 2422 1188 2408 1224 1223 1222 1198 1221 1945 1219 1199 1946
000803.jpg,1659 117 327 2303 1198 2573 1979 1205 2791 1184 2030 2494 2203 1502 1113 275 1922 2263 1080 23 2179 1687 953 1738 594 2521 510 690 1537 1471 1487 2620 1400 1488 1084 2768 420 1397 148 1525 2623 1280 2222 1602 924 2706 40 851 1960 1641 907 20 454 167 2841 2572 1371 1285 1232 2678 1199 1726 1953 1139 1605 2726 1744 2162 592 973 1570 298 1866 214 2348 2476 2245 1423 629 2152 2502 396 2627 281 1426 265 543 474 306 2169 205 1661 325 1474 745 2535 2571 448 423 1591
000804.jpg,454 2222 167 20 1744 2162 2726 1661 592 2109 40 1960 851 23 2573 2216 1703 1363 1288 2751 1171 1214 22 115 38 1880 1232 690 2567 2706 1080 2128 1659 1697 1865 1113 2303 1198 400 2661 1401 827 117 1726 1199 2476 1426 1537 2268 2167 997 1904 2507 1802 1205 327 1882 956 2791 2571 1979 1995 459 1570 2030 84 941 1987 815 2457 509 844 744 275 922 1456 1188 1284 1889 1184 1515 5 448 2494 924 2572 2678 42 2425 1687 481 2502 396 1449 2627 1605 2677 2152 2823 281
000805.jpg,269 1548 1052 1943 1241 1944 1239 2408 1237 1236 1235 2409 1233 1232 1231 1230 2410 1228 1227 1226 1225 1224 1223 1222 1221 1945 1243 1219 1244 1246 1271 1940 1269 1268 1267 1266 1265 2400 1263 2401 2157 1260 1259 1942 1257 1256 1255 1254 2404 1252 1251 1250 1249 2405 1247 1245 1946 1217 2413 1185 1184 1183 2423 1949 1180 1179 1178 1177 1176 1175 1174 1173 2425 1171 1170 1169 2426 2427 1166 1165 2428 1163 1162 1161 1186 1272 2422 1189 2414 1214 1213 1212 1211 1210 1209 2415 1207 1206 1205 1204
000806.jpg,1056 1944 2294 1055 2766 2558 204 2207 725 2728 447 2825 2842 1606 1825 116 137 2741 899 2135 1212 1463 2041 1935 2736 165 1986 2719 1134 2511 1547 246 97 2665 722 2068 1241 1263 2400 1239 1265 1232 2408 1268 1237 1231 1236 1235 2409 1233 1267 1266 2404 2401 1252 1251 1255 1250 1249 1256 2405 1257 1942 1230 1259 1247 1246 1245 1260 2157 1244 1254 1243 1943 2410 1945 1227 1197 2156 1195 1194 1192 2420 2421 1189 1188 2422 1186 1198 1185 1183 2423 1949 1180 1179 1178 1177 1176 1175 1174
000807.jpg,2070 1141 192 2025 2669 1781 61 1787 2091 239 2794 2164 207 654 525 245 383 49 2311 1506 252 1505 2396 225 679 625 2280 1435 139 1168 1299 408 1248 2173 1598 2470 838 1924 209 1356 1274 113 2137 822 455 1780 1282 356 296 858 216 1127 2531 653 27 1612 1140 2279 2693 1875 268 1024 1262 53 1843 2565 495 33 131 2285 241 2142 1503 344 331 330 1746 1275 1273 2105 1021 1022 2552 2283 346 1755 1756 1026 655 354 1961 2557 1967 1730 326 1715 1314 696 1317 2610
000808.jpg,2381 989 803 364 1900 2040 251 215 737 436 341 101 1427 2540 1230 2504 374 1115 2546 2114 646 1883 1898 395 2644 572 1300 1798 1257 1971 2277 962 529 1451 2238 328 766 2579 2759 1389 407 1106 1786 1683 2787 1361 1559 581 2242 2000 1334 2323 1394 545 1353 2113 304 2178 1801 1093 2066 1213 926 1180 564 1818 2288 1306 1951 789 483 76 614 1137 1175 485 2054 2072 1207 293 2495 2281 1357 39 589 658 727 1087 1590 93 895 2784 1558 714 898 1091 230 1943 1259 1260
000809.jpg,807 1260 2643 759 411 1702 1697 2171 1188 2043 468 285 650 2666 1456 2816 2810 922 1916 2346 620 181 732 546 1221 1797 475 1891 2268 2167 6 1723 1083 1284 582 37 1865 1761 2476 2425 1858 2313 229 669 122 829 1153 2168 459 476 2261 1227 1536 636 2807 1318 2278 448 42 1199 1570 298 1603 820 1541 2194 973 387 2498 2688 1596 644 2720 1380 661 1285 1015 1763 1090 750 334 2706 1682 1387 2188 2118 980 1884 1610 1249 2156 2405 1197 1200 1247 2417 1246 2416 1203 1198
000810.jpg,2414 2604 107 1177 2550 1507 1104 1669 2641 2176 728 55 397 1194 2019 2754 575 1691 1482 584 2383 1523 441 1016 2395 2080 2733 462 2695 373 2823 845 2518 1244 1147 393 1073 1120 2136 1241 1944 2408 1943 1243 1239 1237 1245 1236 1052 1247 1269 1268 1267 1266 1265 2400 1263 2401 2157 1260 1246 1259 1257 1256 1255 1254 2404 1252 1251 1250 1249 2405 1942 1235 1228 1233 2416 2417 1200 1199 1198 1197 2156 1195 1192 2420 2421 1189 1188 2422 1186 1185 1184 1183 2423 1949 1180 1179 1178 1176
000811.jpg,196 776 98 353 2474 1643 1625 1819 2067 585 2081 701 869 1864 2462 1042 2353 910 2361 276 233 2256 1963 2334 871 1402 2103 2027 1600 1128 69 809 630 2012 2391 2001 1353 2409 1374 1233 1232 1231 1230 2410 1228 1227 1226 1235 1225 1223 1222 1221 1945 1219 1946 1217 2413 2414 1214 1224 1236 2355 1237 1259 1942 1257 1256 1255 1254 2404 1252 1251 1250 1249 2405 1247 1246 1245 1244 1243 1943 1241 1372 1944 1239 2408 1213 1260 1212 2354 2422 1186 1185 1184 1183 2423 1949 1180 1179 1382
000812.jpg,1487 1471 953 924 1687 2573 1139 1113 1400 1922 2620 1602 214 1953 1866 2348 2841 396 2627 281 2222 117 2791 1979 167 2303 1659 1205 1198 20 327 454 2030 1084 1371 2726 1744 2162 1537 1080 690 2706 23 275 1184 2357 1245 1380 2350 1244 1243 1943 1241 1944 1239 2408 1237 1236 1235 2409 1233 1232 1231 1382 1230 2410 1228 1246 1247 2405 1249 1265 2400 2354 1263 2401 2157 2353 1260 938 1259 1227 1942 1257 1256 1255 1254 2404 1379 1252 1251 941 1250 2351 1226 1224 1266 1385 1197 2156
000813.jpg,2510 431 70 1839 2561 1753 2777 2077 2772 2478 1125 1035 2757 1759 18 1842 315 601 2663 2 1557 2818 951 1834 2622 1390 2015 1252 1165 191 2302 2685 1980 2702 2315 2161 1747 2496 1443 1833 1938 2686 889 277 767 1255 2408 1237 1236 1265 1235 1239 1266 2409 1267 1233 1232 1268 1269 2400 1263 1944 2157 1254 2404 1256 1251 1257 1250 1249 2405 2401 1247 1245 1942 1259 1244 1243 1943 1241 1260 1246 1231 1052 2410 1199 1198 1197 2156 1195 1194 1192 2420 2421 1189 1188 1200 2422 1185 1184
000814.jpg,2792 118 515 998 1583 567 808 2065 1854 778 2711 382 1791 9 919 1769 952 2361 1970 517 1354 1579 1770 639 2647 114 748 1179 2491 2328 887 1531 1470 2778 841 1977 1578 945 1920 1851 1585 819 1667 2575 2379 2682 975 1651 923 2304 1657 2729 930 928 2097 7 2793 2042 1063 227 1528 2310 1154 763 982 916 566 492 2459 2252 579 1271 1367 1368 1239 1566 2026 512 513 25 1209 2658 1211 2488 2723 2416 1252 962 1250 1249 2404 2405 1247 1254 1246 1245 2502 1251 1260 1256
000815.jpg,611 1319 188 817 1926 2817 1656 2790 1102 85 1407 1386 556 1624 1644 2411 2528 2300 1934 2044 2501 221 2082 547 2270 312 2832 943 1405 987 635 1202 1146 1366 1242 1360 1208 1215 1358 1362 1201 1196 1355 1373 1375 1377 1381 1193 1191 1388 1392 1369 1350 1348 1349 1253 1258 1261 1264 1270 1276 1278 1279 1291 1292 1294 1295 1234 1313 1316 1229 1320 1324 1328 1338 1341 1345 1238 1218 1307 1421 1411 1549 1551 1552 1564 1569 1571 1572 1575 1576 1580 1584 1586 1587 1589 1607 1615 1617 1618
000816.jpg,1961 1356 2794 2164 1021 2017 1248 618 200 2316 239 2091 1781 2311 449 1500 1435 113 625 679 1127 1274 533 455 653 2693 2698 1273 2773 2137 822 2070 1941 33 525 771 1917 290 495 1262 1568 2232 1505 1141 1598 216 252 999 1339 2632 1022 711 2280 2279 1746 1335 1332 2244 705 331 330 1275 2557 2552 2283 2634 2534 363 649 2237 356 654 354 655 1967 1026 1756 1755 1692 1024 245 346 2285 344 241 1018 326 2565 1008 699 2265 2250 1297 2610 1299 296 1974 295 1317 1303
000817.jpg,2049 530 1604 631 1301 2282 2093 607 1567 1518 1290 2596 1017 446 2064 1237 1396 1105 2796 2140 1058 1981 921 813 355 243 1554 1879 871 451 1370 394 2257 2696 984 662 1909 1613 1742 2392 1906 2357 1978 908 1673 1002 1614 2660 1331 337 1119 2262 2085 542 276 2361 1621 54 710 2782 660 1739 2664 966 1495 2458 1853 2259 360 1384 1893 50 1508 1565 791 2803 1287 320 144 1676 1000 2369 1942 1254 1257 1256 2498 1259 1255 2483 1252 2499 1251 1250 1249 2405 1247 971 2404 2497
000818.jpg,12 1473 1721 2809 1876 2051 1439 2183 864 994 508 526 2291 2057 574 608 274 1931 2526 2220 1874 1223 444 2037 423 2440 1725 1677 1462 2625 1892 1088 1408 1998 271 1942 1771 368 2089 2639 2683 647 531 2499 598 1591 2435 494 1477 939 1236 2409 1235 1944 1239 2408 1237 1241 1943 1250 1244 1269 1268 1267 1266 1265 2400 1263 2401 2157 1260 1259 1257 1256 1255 1254 2404 1252 1251 1249 2405 1247 1246 1245 1243 1233 1052 1231 2417 1200 1199 1198 1197 2156 1195 1194 1192 2420 2421 1189
000819.jpg,2171 2043 2810 2346 1916 650 2666 2816 475 1723 1891 411 807 1188 1697 922 1456 1260 2643 285 1541 820 1603 1702 1284 468 1221 759 37 6 2268 2167 2841 1605 750 334 181 732 620 2768 420 1397 2387 1083 1139 298 1570 582 2502 2152 1153 1761 1797 546 148 122 1865 953 829 1090 1763 2313 1858 229 2168 669 2425 2476 1227 476 2261 459 1232 1471 1866 2230 1288 1953 2348 1487 1363 214 1703 335 2591 909 1602 2216 1610 1006 1884 1308 443 586 1082 980 2118 1198 1247 2421
000820.jpg,860 1701 1489 1710 1417 1788 197 2289 2482 463 2650 769 1895 173 433 2375 2649 2454 1369 161 1051 1261 26 925 480 2840 2138 1993 1320 770 1218 1870 2769 2735 2628 194 1054 1649 1623 1215 1350 1355 1358 1360 1349 1264 1362 1202 1201 1196 1373 1375 1193 1191 1377 1381 1386 1208 1366 1234 1270 1276 1278 1279 1258 1291 1253 1292 1294 1295 1307 1229 1388 1316 1319 1324 1328 1338 1341 1345 1348 1242 1238 1313 1392 1 1407 1544 1545 1549 1551 1552 1564 1569 1571 1572 1575 1576 1580 1584
000821.jpg,627 67 2583 2509 202 1810 1012 1406 249 1075 2121 2350 1001 1052 1236 1237 2408 1944 1241 1943 1239 1235 1231 1233 1232 1230 2410 1228 1227 1226 1225 1224 1223 2409 1243 1246 1245 1940 1269 1268 1267 1266 1265 2400 1263 2401 2157 1260 1259 1942 1257 1256 1255 1254 2404 1252 1251 1250 1249 2405 1247 1222 1244 1221 1217 1219 1188 2422 1186 1185 1184 1183 2423 1949 1180 1179 1178 1189 1177 1175 1174 1173 2425 1171 1170 1169 2426 2427 1166 1165 1176 2421 2420 1192 1946 1271 2413 2414 1214 1213
000822.jpg,1083 6 1702 181 620 732 759 2643 546 582 285 1221 1260 1797 807 2807 636 1318 1536 2278 1697 468 2425 2476 42 661 2194 2261 644 2168 2720 1227 1891 1596 2688 2498 387 1570 1199 2167 2268 1456 411 1188 922 476 669 829 2442 1987 2627 396 815 481 2816 1723 1525 2263 2623 971 650 2666 2116 1139 2841 1953 475 298 448 973 1285 2313 1858 229 1882 956 2188 2171 2043 2810 2562 1259 2157 2401 1250 1243 1943 1241 2400 1244 1263 1256 1257 1255 1254 1245 2404 1246 1252 1247
000823.jpg,299 2092 2833 2269 2139 2576 2371 1539 428 1549 2844 667 2776 2797 1925 1982 1619 352 1814 879 2175 1009 837 2455 1122 1589 2731 2403 741 1815 1735 1863 403 2484 1159 2063 264 2385 262 888 1366 226 2363 557 1373 2771 2460 1480 1816 641 2189 2226 577 1291 1238 891 267 991 2607 2633 1660 1349 1520 2399 2727 1295 1807 687 2431 1509 867 147 90 1 2595 2486 317 913 307 2215 2709 600 1622 1025 2104 2524 1242 273 573 17 2710 1572 234 685 2100 1571 1338 2412 160 2094
000824.jpg,1506 1141 252 2070 679 625 1505 113 455 2311 1435 1168 1299 1248 1598 525 1356 822 2137 654 858 245 2232 1262 216 383 49 1924 1781 2025 192 2669 1612 1787 1140 61 27 207 2794 239 2091 344 139 2280 2164 225 2279 1024 1780 1216 1568 1918 209 838 408 2173 391 1127 53 2470 655 331 430 1011 726 1274 2531 138 2396 1662 786 2244 1465 780 1282 296 356 2285 1843 653 484 2429 2059 534 806 290 2565 1273 2343 2698 1481 418 52 1875 2715 1829 2765 2407 643 2301
000825.jpg,2045 2023 2755 1584 747 258 2034 2545 1796 770 1414 1417 1360 1358 1421 1355 1350 1349 1348 1345 1341 1362 1366 1373 1416 1375 1338 1377 1381 1386 1388 1392 1405 1407 1409 1411 1369 1328 1 1320 1172 1181 1190 1191 1193 1196 1201 1202 1208 1215 1218 1229 1234 1238 1324 1242 1258 1261 1264 1270 1276 1278 1279 1291 1292 1294 1295 1307 1313 1316 1253 1319 1437 1432 1571 1572 1575 1576 1580 1586 1587 1589 1607 1615 1617 1618 1619 1622 1623 1624 1627 1629 1630 1636 1640 1644 1649 1652 1653 1656
000826.jpg,1781 2794 2070 2091 239 1787 1141 2164 2669 2025 192 245 654 525 49 61 383 2280 207 2396 139 2173 408 2311 1505 838 1506 225 209 1274 1168 1299 2470 252 1282 296 356 625 679 113 822 2137 1924 1780 1248 1356 1435 1127 1598 653 2279 455 27 2531 858 2693 1140 1612 268 216 1262 1843 495 2565 1875 1024 53 131 33 2285 2142 1503 241 344 331 1273 1275 330 1746 2105 1021 1022 2552 2283 346 1755 1756 1026 655 354 1961 2557 1967 1730 326 1715 1314 696 1317 2610
000827.jpg,2352 194 2272 1496 2815 1636 1316 2556 1051 2628 1965 497 1586 992 2046 1897 1362 1261 1218 1860 2713 1840 2241 1948 1416 1096 2439 1381 1658 201 1782 965 1752 950 518 663 1544 2433 1584 173 1775 2367 231 2553 1649 1054 2069 2631 2538 735 440 2836 860 1788 1489 1417 2767 2837 1623 1360 1345 1349 1348 1358 1350 1341 1355 1294 1328 1193 1196 1201 1202 1208 1215 1229 1234 1238 1242 1253 1258 1264 1270 1276 1278 1279 1291 1292 1295 1307 1313 1319 1320 1324 1338 1366 1 1373 1522 1524
000828.jpg,1842 18 2 2663 601 2161 2757 1759 315 1834 951 2818 2077 1557 2772 2777 1753 2561 1390 2622 2478 1252 2015 1125 2302 1165 191 70 2510 1980 2315 2685 2702 1035 431 889 1747 2686 1839 1443 1833 1938 277 767 1237 1239 1236 2408 1257 2409 1233 2400 1265 1266 1267 1232 1268 1231 1235 1263 1943 1944 1256 1942 1255 1259 1254 2404 1251 1230 2401 1249 2405 1247 1246 1245 2157 1244 1243 1241 1260 1250 1052 1228 1199 1198 1197 2156 1195 1194 1192 2420 2421 1189 1188 2422 1186 1185 1184 1183
000829.jpg,1475 999 726 1967 2236 390 1715 1635 314 1050 2059 484 2053 1124 1011 1568 1037 2429 1662 2301 1730 806 534 2806 295 1929 1024 1008 2407 331 1755 655 430 1275 799 805 1317 216 780 2687 1648 2406 2244 1465 2232 1395 1756 786 2693 2765 1262 1240 344 1140 1481 418 53 52 220 1829 2531 391 1216 2285 2470 1831 653 1273 455 139 838 209 1612 1293 159 1097 1143 1039 89 2715 1438 1706 464 1655 927 2173 1918 207 2398 452 1378 2821 346 471 1303 504 840 2634 389 758
000830.jpg,1416 1948 1096 2721 715 1569 1 1360 1358 1355 1350 1348 1345 1341 1338 1328 1324 1349 1362 1369 1373 1375 1377 1381 1386 1388 1392 1405 1407 1409 1411 1414 1417 1366 1320 1319 1316 1167 1172 1181 1190 1191 1193 1196 1201 1202 1208 1215 1218 1229 1234 1421 1238 1253 1258 1261 1264 1270 1276 1278 1279 1291 1292 1294 1295 1307 1313 1242 1428 1440 1437 1576 1580 1584 1586 1587 1589 1607 1615 1617 1618 1619 1622 1623 1624 1627 1629 1630 1636 1640 1644 1649 1652 1653 1656 1658 1660 1663 1664 1665
000831.jpg,883 2843 288 800 1850 821 416 2243 2095 2613 1142 257 2519 855 2196 2417 870 2087 2609 593 673 1968 2697 881 2680 774 2005 1498 1966 2492 1094 1936 2251 1871 678 2006 1174 1913 749 2364 1455 253 336 2560 1800 1794 1581 2830 1020 1311 2299 1783 1131 2151 1138 1645 1731 544 2516 434 1243 1325 435 1379 1670 1466 568 2788 742 717 1634 1110 1946 1309 1068 937 2290 338 730 1573 648 248 2730 535 1527 2377 1424 605 1040 365 610 410 1079 1516 2219 2549 1005 2341 1133 94
000832.jpg,1949 2083 1910 1337 2210 2520 1038 2421 1041 1754 1272 640 13 955 698 2578 828 1049 1521 323 839 932 377 1429 2629 2428 1249 2798 2539 2671 865 729 2640 2032 56 2047 370 1189 2828 672 933 1588 1132 2602 1374 1668 2795 1256 680 500 1699 1886 536 36 121 193 988 1236 2423 1431 2078 2570 1764 2384 21 2451 2380 358 1499 866 733 569 2090 1766 1616 1696 2115 244 2117 1268 1430 1553 1070 2120 2221 2031 2335 2839 1329 2267 429 142 1492 1890 1251 2157 1241 1260 1246 1245
000833.jpg,844 5 1515 2457 509 2464 1889 609 2404 957 2128 2725 1766 2448 744 244 1696 1616 2115 1637 466 2124 1326 473 375 1556 2366 1061 2014 425 498 1426 163 388 306 2351 2169 2508 23 1171 2751 22 1214 1591 851 592 40 1960 2567 1945 19 520 232 1744 2726 2162 2109 1602 2348 167 1661 20 1080 1205 1659 661 2168 454 2608 2182 183 2760 45 2410 1372 1371 1236 1235 2409 1233 1232 1226 1227 1228 1231 1230 1237 1370 2408 1347 1944 1256 1255 1254 1365 2357 1252 1367 1368 1251
000834.jpg,1083 6 1702 181 620 732 759 2643 546 582 285 1221 1260 1797 807 2807 636 1318 1536 2278 1697 468 2425 2476 42 661 2194 2261 644 2168 2720 1227 1891 1596 2688 2498 387 1570 1199 2167 2268 1456 411 1188 922 476 669 829 2442 1987 2627 396 815 481 2816 1723 1525 2263 2623 971 650 2666 2116 1139 2841 1953 475 298 448 973 1285 2313 1858 229 1882 956 2188 2171 2043 2810 2562 1259 2157 2401 1250 1243 1943 1241 2400 1244 1263 1256 1257 1255 1254 1245 2404 1246 1252 1247
000835.jpg,476 669 2168 829 1227 2194 2261 448 661 1761 1153 122 1284 1456 1865 1858 2313 1188 1610 980 1884 2118 922 1015 229 1285 468 973 298 37 411 2167 2268 459 1570 2425 1260 807 285 1221 1882 956 1083 582 2720 1560 2706 6 2476 759 1082 443 1006 1308 586 2278 42 2562 1536 1318 636 2807 644 2030 2791 1596 1682 1387 2442 2760 236 2608 2182 1064 690 1537 1080 629 1090 1380 1763 1199 1797 1723 2816 1891 1251 1364 1802 1880 43 2188 387 2498 2688 45 183 1697 2643 1233
000836.jpg,1132 1588 536 1268 1431 2117 988 121 193 36 2078 1492 142 866 733 2090 569 1886 1699 1890 680 429 1430 1553 1256 2333 332 802 340 432 1499 500 2384 2451 21 1236 2267 555 2029 1754 2421 1038 1041 571 1888 2668 1053 878 2380 1562 1065 1949 289 199 868 2423 681 743 2786 2227 979 2108 1033 1393 2743 893 78 1398 302 361 62 292 554 417 886 597 176 1337 377 2428 2578 1429 828 2083 2629 1910 2335 901 1329 1793 2568 2839 1049 1521 1249 698 323 839 955 932
000837.jpg,431 1839 2510 1035 70 2818 951 2561 2015 1252 2757 1759 1834 2772 2478 1753 2777 2077 315 2622 1390 1125 1557 601 1842 18 1747 2663 2 191 2302 1165 2496 1833 1443 1938 2686 889 277 767 1230 1232 2408 1236 1235 1231 1239 2409 1241 1944 1237 1233 1052 1243 1267 1266 1265 2400 1263 2401 2157 1260 1259 1942 1257 1256 1255 1254 2404 1251 1250 1249 2405 1247 1246 1245 1244 1943 2410 1221 1227 1197 2156 1195 1194 1192 2420 2421 1189 1188 2422 1186 1185 1184 1183 2423 1949 1180 1179 1178
000838.jpg,2252 2042 227 1063 517 2682 1651 916 1977 2310 2328 2491 1179 1583 841 1770 1970 1578 998 639 2225 2647 945 1579 9 114 1854 2711 778 382 1211 1920 1239 1566 1368 1367 748 2065 2723 567 2488 763 982 118 1531 887 1470 808 512 2575 2097 2379 515 311 1210 875 1528 952 1354 919 1769 2459 1585 1667 819 2349 2792 2361 2026 579 492 1154 566 1791 2793 7 2778 2416 923 1657 930 2729 928 151 2618 1271 2559 25 2658 513 1851 1209 1251 1250 1249 1244 1195 2156 1194 1247
000839.jpg,1371 1365 183 785 621 84 2152 2502 2141 959 941 1987 815 171 1108 481 1605 1283 2608 2182 2760 2567 1953 2751 45 236 1251 1364 270 2056 2522 1064 2705 1171 1214 22 1866 214 2348 43 2831 1560 2503 398 2678 1927 106 2401 2612 2562 2109 2188 909 2498 506 565 1844 1286 2048 1768 2761 1726 1139 2572 971 1802 924 1199 1084 189 2060 1032 96 2386 2442 1525 2263 2623 851 40 1960 2688 396 2627 1632 592 2841 387 1596 2571 2197 2153 229 2720 1458 1661 2448 2116 1280 419
000840.jpg,1993 550 2631 2840 1422 1617 2767 463 134 712 1552 179 518 1045 2050 2130 1663 2836 2837 1437 900 1486 735 440 480 169 1782 2649 1369 925 1444 1328 1679 2707 1623 1489 1701 1649 433 197 2375 2454 1051 1218 1261 2439 1544 1658 1381 947 445 1710 860 1417 1054 2352 2735 1029 663 2538 2769 1640 155 562 305 51 348 645 1253 2011 319 312 987 2832 606 970 1983 1092 2397 1350 1345 1348 1618 1355 1349 1338 1341 1580 1619 1208 1215 1229 1234 1238 1242 1622 1258 1264 1270 1324
000841.jpg,1879 2093 631 2282 607 1017 1290 2796 394 1518 2596 2064 1906 2049 921 2357 2392 984 1058 2140 1301 451 530 1002 1604 662 1909 1613 1978 446 1237 1567 1981 1119 2262 908 2085 1621 871 1676 144 1105 1396 2543 942 355 813 1554 243 2452 897 1742 2458 966 1495 852 1718 1384 660 320 1673 2257 2696 1232 1231 2410 1233 1230 1927 2409 1227 2166 1226 1225 1224 1223 1222 1221 1228 1368 1365 1236 2404 1252 1251 2165 1363 1250 1249 2405 1247 1246 1245 1244 1243 1943 1241 1944 1239 2408
000842.jpg,967 1719 1804 2024 2143 2430 24 1689 426 634 1597 91 2296 2235 792 2756 754 293 2021 1149 2533 2320 1231 739 499 29 1265 2638 1728 2787 1883 1996 1091 777 2784 240 1593 757 2673 286 2172 1533 230 853 218 2409 1928 1166 483 789 1801 1353 2242 76 714 898 1558 2224 2540 184 1478 1197 1300 1087 895 93 1250 1235 1249 1233 1232 1236 1247 1251 1246 1245 1244 2405 1243 1254 1237 1241 2404 1944 1239 1252 1256 2408 1255 1943 1052 2410 2417 1200 1199 1198 2156 1195 1194 1192
000843.jpg,79 1067 2305 350 722 2068 2665 1134 2511 1547 246 2842 204 116 97 1935 1463 1425 1606 2041 1962 692 2319 2292 442 1126 1212 1986 2135 899 137 2741 1252 1241 2400 1944 1239 2408 1237 1265 1236 1235 2409 1266 1267 1268 1233 1232 1231 1263 1943 1243 2401 1251 1254 1250 1249 1230 1255 2405 1256 1257 1942 1259 1260 1247 1246 2157 1245 1244 2404 2410 1222 1227 2156 1195 1194 1192 2420 2421 1189 1188 2422 1186 1185 1197 1184 2423 1949 1180 1179 1178 1177 1176 1175 1174 1173 2425 1183 1198
000844.jpg,1146 987 312 2832 635 1202 1405 556 1386 2270 2082 547 85 1319 221 943 188 1926 2300 1407 611 2501 1934 2044 1102 2790 2069 1752 950 2411 2528 817 1644 1624 1656 2817 4 2389 59 1545 626 1799 1737 2631 518 663 2538 1416 1096 1948 550 1617 1422 2654 1261 1264 1270 1276 1278 1279 1291 1292 1294 1295 1307 1313 1258 1316 1320 1324 1328 1338 1341 1345 1348 1349 1350 1355 1358 1360 2783 1253 1242 1238 1095 2811 1101 2801 1112 1122 1123 1129 2800 1148 1151 1158 1159 1167 1172 1181
000845.jpg,284 1908 835 1310 702 1830 848 1107 1114 1235 2624 931 1845 1767 1821 1720 1608 1254 126 1340 903 2471 103 297 768 1975 2601 502 990 578 250 684 2388 1323 2276 1512 688 1413 65 522 2667 1186 1391 2314 1239 1052 1237 1236 2409 1944 1233 1232 1231 1230 2408 1241 1251 1243 2400 1263 2401 2157 1260 1259 1942 1257 1256 1943 1255 1252 2410 1250 1249 2405 1247 1246 1245 1244 2404 1228 1217 1226 1197 2156 1195 1194 1192 2420 2421 1189 1188 2422 1185 1184 1183 2423 1949 1180 1179 1178
000846.jpg,860 1701 1489 1710 1417 1788 197 2289 2482 463 2650 769 1895 173 433 2375 2649 2454 1369 161 1051 1261 26 925 480 2840 2138 1993 1320 770 1218 1870 2769 2735 2628 194 1054 1649 1623 1215 1350 1355 1358 1360 1349 1264 1362 1202 1201 1196 1373 1375 1193 1191 1377 1381 1386 1208 1366 1234 1270 1276 1278 1279 1258 1291 1253 1292 1294 1295 1307 1229 1388 1316 1319 1324 1328 1338 1341 1345 1348 1242 1238 1313 1392 1 1407 1544 1545 1549 1551 1552 1564 1569 1571 1572 1575 1576 1580 1584
000847.jpg,340 569 2090 121 193 988 571 427 2415 901 2217 1793 332 2568 2267 1065 1430 1553 1256 1886 1699 743 680 2380 2423 1236 1268 536 2032 56 1189 2047 370 1492 2117 13 2421 1041 1754 1038 500 1499 1272 640 2668 1949 2210 2520 2078 142 1132 1588 2333 802 323 2743 1393 1033 432 1431 554 176 2108 1562 2227 2786 979 1053 36 868 1890 429 1888 681 865 2384 21 2451 289 78 292 1398 361 302 893 878 2029 555 2839 1329 2335 62 866 1257 1224 1200 2417 1255 1254 2414
000848.jpg,1096 1948 1416 1584 2023 2545 2034 1796 2045 2755 747 1362 1897 2721 1569 715 258 2433 2272 1316 1636 1496 497 992 2046 1586 2376 2815 155 48 100 1965 562 51 1640 305 1860 2713 2309 2556 2352 64 439 194 1051 1261 201 2628 1218 1490 635 987 1752 2069 950 2439 1658 1381 2241 1782 1840 770 1295 1264 1294 1292 1215 1360 1291 1208 1338 1270 1202 1279 1369 1278 1373 1201 1307 1366 1313 1229 1328 1242 1253 1276 1258 1341 1345 1348 1349 1350 1238 1234 1355 1324 1358 1319 1320 1421
000849.jpg,463 550 2840 1993 2631 134 1422 1617 518 1552 2767 433 197 2375 712 179 1486 900 1437 480 1369 2735 1489 1417 1701 860 2454 2649 925 2836 1045 1710 2650 2837 173 2482 1029 1983 735 2130 2050 440 445 2419 563 2088 260 2826 559 1208 1307 674 169 1895 2289 769 2769 1788 2011 645 2133 1092 1663 161 2076 659 2652 906 2397 1782 2707 1679 1623 2439 1544 1261 1051 1218 2287 1253 319 2538 663 2574 2138 155 305 51 1640 562 26 348 2544 1148 1878 1468 978 2832 987 312
000850.jpg,352 1539 1349 577 2455 403 1159 837 1009 1815 2484 2844 264 2063 2175 2403 2797 741 2269 913 2833 299 2189 234 1572 2226 2092 1549 2576 2399 1520 2727 307 2139 2215 879 1619 90 428 2371 1 317 2412 147 2776 1925 1982 1238 267 891 1291 1338 1025 1622 685 667 2100 1242 273 2524 2104 17 573 600 2709 2486 1816 1480 1366 2595 642 2255 2811 1571 2710 127 1814 2340 1618 1540 349 846 2648 1803 1060 2460 1862 1078 2094 160 1530 1101 385 814 1122 1589 2731 226 2363 557
000851.jpg,2792 1583 998 118 567 808 778 1970 2711 382 1854 2065 517 1791 1769 952 919 1354 2361 2778 2729 928 1657 930 515 227 114 9 2379 1770 1851 748 1579 841 763 982 1063 2252 7 2793 975 2682 887 1531 1470 2042 2647 639 1578 945 916 2225 2310 2328 2491 1179 2304 923 1528 2097 513 1209 1977 1920 2658 25 566 492 512 2026 1271 1211 1651 2723 2416 1154 579 1230 1255 2410 1256 1228 1257 1942 1227 1259 1226 1225 1224 1223 1222 1221 1260 1231 1249 2405 1233 1250 1247 1251
000852.jpg,133 1375 493 2327 746 570 2229 1575 2004 1724 2174 1792 1392 1947 210 280 1580 57 793 689 1034 2461 2418 1930 1234 2374 1664 1861 1665 548 2456 2125 1859 1758 421 294 422 1072 704 2672 2548 2330 2838 2186 1276 77 976 1196 1358 1551 1279 2694 756 1030 2123 1887 2039 2356 263 228 2184 1765 1350 1457 885 801 2332 2659 366 859 2541 797 1877 2739 1542 2590 656 1043 857 1776 1191 2321 1229 706 720 1857 1716 185 1444 1295 1307 1313 1316 1319 1564 1552 1545 1294 1320 1324
000853.jpg,99 380 1872 823 1233 73 1599 1628 760 2163 453 437 981 2074 399 401 816 1510 461 1145 477 595 208 2587 2829 1085 177 2122 1976 2655 1717 1903 72 2009 2636 2469 2126 1160 731 1163 2679 612 1047 2098 2747 2722 2577 156 2055 1023 141 460 164 694 172 1415 174 1784 1241 1404 2274 1808 2775 1089 1155 1100 1688 2642 2537 599 666 2446 2420 2318 1479 1682 1911 2362 2691 850 2355 1265 1249 1266 1267 2400 1250 1255 2157 1263 2401 1260 1259 2405 1252 1942 1257 2404 1256 1254
000854.jpg,956 1882 1153 1761 829 334 820 1541 1603 750 2387 669 2168 476 2194 2261 1227 661 2706 448 475 1723 1260 807 1891 1916 2346 1682 1387 38 1995 1880 115 2816 1221 229 1560 411 42 2425 459 1380 2268 2167 546 582 2810 2171 2643 285 1697 1265 1942 1236 1235 2409 1259 2400 1233 1237 2157 2401 1263 1232 2408 1944 1239 1250 1231 2405 1251 1252 2404 1247 1246 1245 1254 1244 1255 1243 1943 1241 1249 1256 1257 1230 1217 1228 1197 2156 1195 1194 1192 2420 2421 1189 1188 2422 1186 1185
000855.jpg,2045 2755 2023 1584 747 258 770 1320 2034 2545 1796 1897 497 1948 2046 1416 1586 1362 992 1096 1358 1215 1360 1208 1366 1202 1369 1373 1201 1375 1377 1196 1261 1386 1388 1392 1405 1407 1409 1193 1191 1190 1411 1414 1181 1355 1381 1350 1349 1264 1253 1270 1276 1242 1238 1234 1278 1279 1291 1292 1294 1295 1307 1313 1316 1319 1229 1218 1324 1328 1338 1341 1345 1348 1258 1 1432 1421 1564 1569 1571 1572 1575 1576 1580 1587 1589 1607 1615 1617 1618 1552 1619 1623 1624 1627 1629 1630 1636 1640
000856.jpg,1781 2794 2091 239 2164 245 2070 1141 525 1787 49 654 383 192 2025 2669 2280 2396 61 139 2173 207 1505 408 2311 838 1506 209 1299 1168 252 1274 679 625 1282 356 296 2470 113 225 2137 822 2279 1924 1248 653 1435 1356 1598 455 27 1780 858 1127 268 1140 2693 2531 216 1612 495 2565 1843 1875 1262 53 1024 131 2285 344 33 1503 2142 241 290 1500 452 1941 726 2053 331 1216 391 2236 1037 1124 2059 324 1756 1755 346 2283 2552 1022 326 1018 1021 1967 2557 1275
000857.jpg,1144 1113 1487 1298 907 543 474 1922 2494 398 2503 1084 1371 592 851 40 1960 1241 1237 1943 1239 2408 1944 1052 1243 1235 2409 1233 1232 1231 1230 2410 1228 1227 1226 1236 1244 1249 1246 1940 1269 1268 1267 1266 1265 2400 1263 2401 2157 1260 1245 1259 1257 1256 1255 1254 2404 1252 1251 1250 1225 2405 1247 1942 1224 1219 1222 2420 2421 1189 1188 2422 1186 1185 1184 1183 2423 1949 1180 1179 1178 1177 1176 1175 1174 1173 2425 1171 1170 1169 2426 2427 1192 1223 1194 2156 1221 1945 1271 1946
000858.jpg,1425 1449 350 1044 1380 1057 946 1267 205 2305 1750 2514 1263 2573 1763 1090 281 396 2627 459 1082 1308 586 443 2030 2791 2677 2249 761 2268 2167 690 2706 16 1469 376 1447 1591 104 1462 1183 423 2359 1352 2443 2245 624 905 724 1219 1006 122 37 543 629 474 907 1659 1198 117 1205 2303 275 454 922 2317 1284 1641 265 1987 815 481 1184 327 448 1483 44 1536 2278 636 1318 42 2807 1236 1237 1368 1333 2409 2166 2408 1233 1232 1231 1230 2410 1235 1239 1943 1367 1257
000859.jpg,1891 6 285 1221 1570 1083 582 546 1605 2502 2152 2643 1702 1723 1697 2816 759 732 181 620 1260 1953 1139 2841 1987 481 815 2627 396 468 475 807 1797 298 1979 2494 980 2118 1884 327 117 1659 84 183 1916 2346 650 2666 1536 1318 2807 636 2278 973 1285 420 148 2348 214 1602 1866 2768 1397 1738 1371 941 1610 2261 661 2194 2263 2303 2573 1198 1205 1449 2677 281 669 2168 829 510 2179 2521 594 448 2720 1113 42 644 785 1365 2030 959 2791 2623 1525 1184 2810 122
000860.jpg,1419 301 392 1495 519 1992 2331 2763 773 2458 966 320 1705 2600 2102 1442 1681 337 487 1742 1511 1969 2543 942 2085 1031 2369 1894 1384 1119 607 1002 1981 50 1893 1871 1676 253 2341 1567 1237 2377 535 1527 446 257 1645 2660 1731 1138 2516 2843 1779 406 2145 1385 742 1007 1604 730 338 1466 451 908 144 2420 1331 1614 1673 1526 2257 2696 1978 2262 984 1396 1105 2357 2392 105 11 1778 2394 1800 54 2609 2613 94 1707 1325 1370 852 1718 1621 897 2452 1058 530 2140 1301
000861.jpg,2045 2755 2023 1584 747 258 770 1320 1362 1360 1358 1350 1349 1348 1345 1341 1338 1328 1355 1366 1 1373 1377 1381 1386 1388 1392 1405 1407 1409 1411 1414 1416 1417 1421 1369 1375 1319 1316 1167 1172 1181 1190 1191 1193 1196 1201 1202 1208 1215 1218 1229 1234 1324 1238 1253 1258 1261 1264 1270 1276 1278 1279 1291 1292 1294 1295 1307 1313 1242 1428 1437 1159 1572 1575 1576 1580 1586 1587 1589 1607 1615 1617 1618 1619 1622 1623 1624 1627 1629 1630 1636 1640 1644 1649 1652 1653 1656 1658 1660
000862.jpg,1798 2277 2323 1334 962 529 1801 2644 395 572 2579 2787 1300 374 1230 485 1175 2759 483 2540 1306 1951 1353 1389 1427 789 251 2114 240 803 581 646 1683 1115 2546 1361 1394 2784 1883 101 1451 658 727 589 545 898 1593 1590 2504 895 93 714 2381 293 614 1137 436 737 215 2054 1559 2040 1900 1087 1558 1257 1971 2113 2178 304 2409 1928 1166 1106 364 2072 1207 1213 2066 954 1333 1685 2000 2249 761 989 766 2238 1093 2242 1898 328 407 1786 1561 617 1631 1019 63 853
000863.jpg,1337 2083 1910 2428 1429 2629 828 2578 2539 2798 377 729 2640 2520 2210 865 1949 2671 13 933 2828 672 358 1374 1668 2602 640 1272 2221 2031 2120 1070 1764 2570 2795 1249 964 2038 1399 2335 2839 1329 1041 2421 1038 1754 2808 1266 1952 323 1521 1049 698 955 2032 56 1189 2047 370 1132 1588 1250 1247 1244 1243 2405 1251 1246 1186 1252 2404 1245 1185 1255 1271 1940 1180 1269 1268 1267 1265 2400 2423 1263 2401 1183 2157 1260 1184 1259 1942 1257 1256 1254 1943 2156 1944 1214 2420 1192
000864.jpg,1487 1471 953 924 1687 2573 1139 1113 1400 1922 2620 1602 214 1953 1866 2348 2841 396 2627 281 2222 117 2791 1979 167 2303 1659 1205 1198 20 327 454 2030 1084 1371 2726 1744 2162 1537 1080 690 2706 23 275 1184 2357 1245 1380 2350 1244 1243 1943 1241 1944 1239 2408 1237 1236 1235 2409 1233 1232 1231 1382 1230 2410 1228 1246 1247 2405 1249 1265 2400 2354 1263 2401 2157 2353 1260 938 1259 1227 1942 1257 1256 1255 1254 2404 1379 1252 1251 941 1250 2351 1226 1224 1266 1385 1197 2156
000865.jpg,1146 987 312 2832 635 1202 1405 556 1386 2082 547 2270 85 1319 221 943 188 2300 1926 2069 1752 950 1407 611 2044 2501 1934 1102 2790 2411 4 2528 817 1624 1644 2817 1656 1799 1737 2367 2556 613 1496 626 59 1545 2389 826 2538 2631 518 663 1860 2272 2713 1316 1965 1636 2815 1096 1416 1948 550 1617 1422 2619 1238 1242 1253 1258 1261 1264 1270 1276 1278 1279 1291 1292 1234 1294 1307 1313 2771 2769 1320 1324 1328 1338 1341 1345 1348 1349 1295 1350 1229 1215 1081 1086 1092 1095
000866.jpg,835 284 1908 702 848 1830 1114 931 1310 1107 1254 768 1235 1767 2624 1845 903 297 103 2471 126 1821 1608 1720 2601 990 502 2388 1975 1340 1512 1323 65 578 522 688 2667 684 250 2276 1413 1186 1391 2314 1239 1052 1237 1236 2409 1944 1233 1232 1231 1230 2408 1241 1251 1243 2400 1263 2401 2157 1260 1259 1942 1257 1256 1943 1255 1252 2410 1250 1249 2405 1247 1246 1245 1244 2404 1228 1217 1226 1197 2156 1195 1194 1192 2420 2421 1189 1188 2422 1185 1184 1183 2423 1949 1180 1179 1178
000867.jpg,1087 1019 63 895 93 614 1137 1590 2022 898 1257 1971 1558 714 1207 2072 2409 1928 1166 1197 1333 853 1786 1631 1847 1513 1161 954 1298 1228 1785 1213 545 2066 1685 1801 1593 1597 1346 2737 1343 949 2542 617 1561 2247 2493 2324 540 1535 832 304 2178 1394 2113 291 783 1795 1773 1434 634 1106 426 803 2277 2224 1334 2323 24 341 374 149 989 1451 2016 499 2112 940 1712 182 2149 2656 1693 1898 1115 1230 1093 572 1389 2546 1113 2430 1846 2699 1538 2489 2143 376 1483 39
000868.jpg,1305 2512 1052 2218 1504 222 1436 2071 1933 1790 1736 2450 2342 755 2362 897 2750 1638 2355 850 935 2096 1806 1911 2691 1098 2156 1321 1709 836 2645 2201 2432 796 1044 2318 1387 1479 1200 1976 461 477 2537 2642 2452 1621 1682 320 908 1267 599 2446 666 1717 1510 208 595 2587 2655 399 823 73 380 2074 1599 1222 1365 2357 1231 1230 2410 1228 1367 1227 1219 1226 1232 1225 1368 1945 1224 1223 1221 1333 2409 1946 1252 1251 1250 1249 2405 1247 1246 1245 1244 1243 1233 1361 1943 1363
000869.jpg,767 277 1938 1833 1443 2686 889 1747 2496 2702 369 1460 1989 211 2532 2315 2685 1980 2302 191 1165 2663 601 2 315 18 2510 2161 1125 1753 2777 431 2622 1557 1390 1834 951 2818 1391 2314 578 1413 1035 1839 2561 70 2772 2077 2408 1268 1269 1267 1236 1235 1233 1239 2409 1944 1241 1237 1942 1245 1266 1259 1260 2157 1257 1256 1255 2401 1254 2404 1943 1263 2400 1250 1249 2405 1247 1246 1244 1265 1243 1251 1252 1052 1231 2417 1200 1199 1198 1197 2156 1195 1194 1192 2420 2421 1189 1188
000870.jpg,1742 2458 1495 337 966 1370 243 1554 1681 1705 487 2600 607 1105 1396 355 813 1384 2696 2257 942 2543 530 1604 1673 2660 320 2369 1031 1614 1331 2085 2049 1301 1853 446 1237 1893 50 1695 1000 1567 2782 2259 360 1981 1119 1739 2664 908 1676 710 54 791 1508 144 660 1002 542 871 2140 1058 451 1565 2803 1287 631 2262 1978 2452 2796 1879 1718 852 1290 1518 2596 2420 2093 2357 2392 984 1613 394 662 1017 1909 1192 1194 1246 1245 1244 1195 1209 2405 1257 1184 1256 1255 1185
000871.jpg,2282 631 1290 1518 2596 2064 921 1017 2796 1613 1909 662 2392 1978 2049 1879 1301 2357 530 1002 2085 1058 2140 2093 1119 2262 451 984 607 1604 394 1906 1237 1567 446 1676 2543 942 1621 908 144 1981 1396 1105 871 1384 355 813 660 852 1718 360 2259 1554 243 1742 2696 1673 2257 2600 1705 1681 487 966 2452 897 2782 1257 1256 1255 1254 2404 1252 1251 1250 1249 960 2502 2405 1247 1246 1245 1244 1243 1943 1241 1944 1239 1942 959 1000 962 2393 2394 1277 2395 1937 1938 1272 1271
000872.jpg,2714 348 26 1870 2769 925 480 2649 2454 1369 2538 663 1788 518 197 2289 1417 2375 433 2631 2840 1710 2650 769 1895 1489 860 2330 57 2125 2374 2838 689 422 1341 1 1348 1349 1338 1350 1355 1358 1360 1362 1366 1373 1375 1377 1381 1345 1328 1294 1320 1234 1229 1218 1215 1208 1202 1238 1201 1193 1191 1190 1181 1172 1167 1196 1324 1242 1258 1319 1316 1313 1307 1295 1386 1253 1292 1279 1278 1276 1270 1264 1261 1291 1388 1421 1405 1544 1545 1549 1551 1552 1564 1569 1571 1572 1575 1576
000873.jpg,1487 953 1471 1113 1144 543 474 907 1922 2494 2503 398 2573 2408 1944 1241 1237 1236 1239 1052 2409 1943 1233 1232 1231 1230 2410 1228 1227 1226 1225 1224 1223 1235 1243 1247 1245 1271 1940 1269 1268 1267 1266 1265 2400 1263 2401 2157 1260 1244 1259 1257 1256 1255 1254 2404 1252 1251 1250 1249 2405 1222 1246 1942 1221 2413 1219 1188 2422 1186 1185 1184 1183 2423 1949 1180 1179 1178 1189 1177 1175 1174 1173 2425 1171 1170 1169 2426 2427 1166 1165 1176 2421 2420 1192 1946 1217 1272 2414 1214
000874.jpg,2263 2623 1525 2678 1726 1083 2386 1199 6 2572 2442 1280 1084 2116 971 1596 2562 43 2188 1702 1802 2720 2503 398 2498 1458 851 40 1960 592 2688 1536 636 2807 1318 387 2141 644 1108 785 1880 2448 2571 2278 42 396 815 481 2627 1987 275 2197 2079 1336 1013 582 1283 732 181 620 762 300 117 2494 1205 1979 2303 1198 1217 333 309 1371 1315 1232 2160 2056 1064 2522 1797 474 907 543 104 1907 1364 45 1251 1365 759 2643 546 861 856 2591 423 1144 1591 2230 335 2168
000875.jpg,1727 834 2555 2058 1277 1593 1749 1801 2054 2784 1996 777 240 789 1300 483 407 1093 1353 751 1361 1257 1786 1971 230 924 1091 1883 646 1559 1451 1106 1898 2579 2000 766 2238 328 967 1719 1804 1561 1631 2540 76 2495 529 1087 2542 1846 2699 1538 2489 341 2249 2317 761 1471 2504 101 374 581 2759 395 2644 1427 589 658 727 2277 1232 2409 1236 1233 1235 1256 1237 1251 1239 1250 1249 1252 2405 1247 2404 2408 1246 1243 1943 1254 1241 1944 1255 1245 1244 1222 1230 2417 1200 1199
000876.jpg,1416 1948 1096 1897 1362 2721 1569 715 2272 2815 1796 1965 1860 2713 1636 1316 1496 497 2046 1586 992 1584 2034 2545 48 100 2556 155 194 1261 1051 2352 2433 439 64 201 51 562 1640 305 2628 1218 635 987 2023 2069 1752 950 2376 2309 2755 2045 1618 1295 1307 1313 1617 1615 1607 1319 1320 1324 1328 1509 1589 1341 1587 1345 1580 1576 1348 1349 1350 1355 1358 1294 1338 1292 1279 1630 1193 1196 1629 1201 1202 1208 1215 1627 1229 1624 1234 1238 1242 1623 1253 1258 1622 1264 1270 1276
000877.jpg,2282 631 1290 1518 2596 2064 921 1017 2796 662 1613 1909 2049 2392 1978 1879 2093 607 530 1301 2357 1002 2085 2140 1058 1604 394 1119 2262 451 1906 1237 984 446 1567 2543 942 1981 1396 1105 1676 871 813 355 1384 908 1621 144 660 360 2259 1554 243 1742 852 1718 2257 1673 2696 2452 897 2782 1231 1230 2410 1228 1227 1226 1225 1337 1224 1223 1222 1221 1945 1219 1946 1217 1368 1367 1232 1233 2409 1251 2359 1361 1250 1249 2405 1247 1246 1245 1244 1243 1943 1241 1944 1239 2408 2165
000878.jpg,536 1132 1588 1268 1431 988 193 121 2117 36 733 569 2090 2078 1492 571 142 1886 1699 1065 340 332 680 429 1499 2333 1256 1430 1553 866 1890 2267 2568 1793 901 500 2384 2451 21 2227 979 2786 1236 432 2380 1329 2839 2335 2217 2415 427 1393 1033 2743 1562 176 2668 2108 555 743 2408 1237 1239 1265 2400 1944 1235 1266 2409 1263 1249 1259 2401 1251 2405 1247 1246 1252 2404 1254 1255 1245 1244 1257 1243 1942 1250 1260 1943 2157 1241 1233 1052 1231 2416 2417 1200 1199 1198 1197
000879.jpg,1236 2380 2267 1430 1553 1699 1886 1256 743 2423 2117 901 2568 2217 1492 1793 2415 427 2078 142 802 2333 1431 429 36 1890 1754 1038 2421 1041 1888 432 571 555 866 868 1268 1053 340 1499 554 2090 569 536 680 1132 1588 878 289 21 2451 2384 681 1949 988 193 121 2108 323 2029 199 78 292 893 302 733 2668 1562 176 500 2786 2227 979 361 1398 1065 370 2047 56 2032 1189 2224 853 2671 2520 640 2210 1272 13 62 964 1399 2038 1267 1246 1266 1245 1269 1244 1247
000880.jpg,204 1606 116 899 137 1212 2135 2741 2842 1463 2766 2558 97 1935 246 1134 1547 2511 2825 447 2041 1986 1056 722 2665 2068 2294 1944 1055 2736 1067 2719 79 1825 692 2728 725 2292 790 2319 442 2207 1126 1962 350 2305 1940 165 362 2258 1841 2625 1677 1771 2037 1892 1998 1130 2506 1088 1368 2166 1233 1370 1232 1231 1230 2410 1228 1227 1226 1225 1224 1371 1223 1222 1221 1372 1945 2409 1235 1367 1236 2165 1363 2404 1252 1364 1251 1250 1249 2405 1365 1247 1246 1245 1244 1243 1943 1241
000881.jpg,2491 2328 1179 1977 1651 2682 1579 841 639 9 945 1578 1063 1920 2252 2647 748 1770 114 2042 1470 1531 887 1769 952 515 1354 919 916 227 1791 998 1583 2778 2379 928 2729 1657 517 2310 1585 1667 819 1851 2792 118 1528 2097 2575 763 982 567 1368 930 808 2065 2225 1566 1239 1367 2723 512 2349 1970 2711 382 1854 778 1154 2416 2459 579 566 2026 513 2658 1209 492 25 2488 528 1211 2361 875 1210 311 923 1260 1014 1259 1263 2400 1265 1266 2157 2401 1256 1257 1255 1254
000882.jpg,569 2090 1268 988 193 121 571 340 536 13 901 427 2415 1272 640 2210 2520 680 2217 1793 332 1256 1588 1132 1754 1949 1038 2421 1041 1699 1886 1065 1189 370 2047 56 2032 1430 1553 500 2267 323 1431 2568 1499 743 2671 2380 2423 865 36 2117 1236 1492 733 2108 432 2333 1521 932 1049 839 2078 429 142 1890 1337 1910 2083 1252 2404 1254 1192 2420 1249 1250 2405 1247 1246 1194 1195 1245 1251 1255 1217 2422 1183 1267 1266 1265 2400 1263 1184 1188 1185 1186 2157 1260 1259 1942
000883.jpg,2721 1569 715 100 48 64 439 51 305 562 1640 1796 155 2433 2376 2545 2034 2309 1453 1901 201 1490 1860 2713 1416 1096 1948 1496 2272 2556 1316 1636 1584 2023 2815 1381 1658 1782 2513 1123 1878 2650 1965 1840 2439 2241 1218 2836 518 550 1369 2769 2454 26 1261 1544 2628 2631 1362 1897 712 978 231 1046 1437 2553 1414 486 1428 906 1848 2544 2007 784 659 2337 1148 674 623 168 2826 2652 2133 2088 260 1307 259 563 1208 1258 1358 1253 1355 1242 1238 1234 1349 1215 1350 1229
000884.jpg,2054 1593 1996 777 1801 2784 1353 751 1361 789 483 1300 240 1257 1971 1786 230 1091 1883 646 1451 1559 1106 407 1093 2579 2000 1719 967 1804 1277 924 834 1749 1727 2058 2555 1561 1631 2540 2495 76 529 2542 2504 101 328 2238 766 1898 581 374 2759 395 2644 1427 589 658 727 2277 2405 1252 1259 1250 2409 1233 1235 1232 1251 1249 1236 2404 1942 2408 1239 1254 1944 1241 1943 1247 1243 1256 1255 1244 1246 1245 1237 1231 1052 2410 2417 1200 1199 1198 1197 2156 1195 1194 1192 2420
000885.jpg,1087 1971 1257 63 614 1137 1019 895 93 1590 1207 2072 1558 898 1928 2409 1166 2022 714 1197 1786 1333 374 853 803 364 1900 2040 2759 2579 341 989 1801 251 737 436 215 2381 101 1106 1300 2277 789 954 1513 1847 1785 1161 1228 483 1559 2000 1357 39 646 1346 1115 2546 2224 1427 2540 1298 1685 1773 949 2737 783 1343 1795 1593 1898 1334 2323 529 581 426 1597 1451 1113 2542 617 1683 540 1631 2495 2324 2247 2493 240 1883 1434 395 2644 2281 2288 634 545 2066 1213 499
000886.jpg,2567 2751 1365 2502 2152 785 22 1171 1214 2109 1371 1953 1605 1661 1866 2348 214 84 189 2060 1032 909 1139 183 2162 2726 1744 924 20 167 2141 2841 454 621 2222 959 941 106 1927 815 1987 1632 1602 744 333 1217 309 96 481 2153 1889 1108 1766 45 856 861 957 609 2404 592 2182 2760 2608 1084 43 2188 2522 2056 2503 398 2048 270 1768 1283 2761 2554 419 894 2464 2116 2612 2401 236 971 1397 420 2768 1471 1907 396 2627 1458 2386 2263 1525 2623 1315 2079 1013 1336
000887.jpg,757 1533 213 2408 2413 135 558 2295 1448 1728 184 707 2354 2615 1478 1265 1849 754 2566 1269 520 1296 119 1383 80 424 2638 232 19 29 1231 286 2172 2673 2756 1945 1149 2320 2021 2533 1312 1984 1867 1722 1529 2390 293 2472 2430 1733 2744 2024 2143 1597 426 24 634 1689 739 218 1943 1244 2423 1243 1944 2401 1183 1263 1239 1184 1185 1241 1245 1180 1246 1259 1942 1257 1256 1255 1254 2404 1252 2157 1251 1249 1179 2405 1260 1247 1177 1178 1949 1250 1237 1197 1235 1213 1212 1211
000888.jpg,1929 2806 295 1275 1730 2687 1037 2236 1124 2053 220 726 1475 999 2059 1240 2301 1008 2407 331 484 1662 52 655 430 2429 1216 391 344 2062 418 1481 1912 1281 456 478 1011 1140 125 1831 464 1706 402 786 346 2821 363 1050 314 780 534 806 1932 53 936 1438 2285 1789 390 1715 1635 788 1026 1967 501 1813 2690 2467 216 1465 2244 389 2634 758 840 324 129 1062 1923 2465 2505 467 290 927 1655 452 1568 1297 471 1780 225 2470 753 108 2398 89 1022 131 1875 268
000889.jpg,950 1752 2367 2556 85 987 1146 2300 312 2832 1926 556 1386 635 817 2082 2270 547 1202 2069 221 1405 2790 1102 1407 943 1656 2817 1496 1799 1319 4 59 1545 626 2389 613 1636 2272 1316 2815 611 1737 1965 2713 1860 188 826 1624 1644 194 518 2631 663 2538 2044 1934 2411 2501 2528 2477 283 2352 1278 1416 1096 1948 1261 2628 1051 201 2433 1320 1324 1524 1338 1341 1586 1345 1584 1348 1580 1349 1350 1328 1587 1607 1313 1208 1215 1218 1229 1234 1238 1242 1253 1622 1258 1264 1619
000890.jpg,1025 814 385 1349 2727 1520 2399 1 2226 2431 2541 1572 234 307 403 1366 1660 2633 2607 913 1815 1159 352 867 1480 1816 685 1735 2455 342 551 1059 1539 1215 2484 2063 2340 1618 1540 2175 961 837 1009 1925 1982 127 577 264 1863 1509 697 154 2213 667 2215 1524 203 1629 2189 2517 2524 2104 273 1242 969 2548 687 2710 2403 2444 1619 472 2468 2412 879 2460 1355 1167 1803 1811 147 1060 2844 1421 2266 226 2749 2740 1862 1837 1622 317 1338 2371 299 2139 2833 2092 2801 2709
000891.jpg,463 1993 2840 550 2631 860 2767 1422 1617 134 1701 712 1489 2836 1552 1417 1710 2649 2454 1369 925 480 1045 1782 1663 1486 1437 900 1870 197 433 2375 518 1788 2837 1658 1381 2050 2130 440 179 735 659 348 2769 26 1649 2714 645 2011 947 2439 1328 1679 1544 169 1840 2241 2707 2289 1895 2138 769 2650 1029 1261 1218 2735 173 2482 161 445 1253 319 1444 2538 1623 833 1373 1375 656 1377 651 1386 1388 1392 1405 1407 1409 1411 1414 1416 642 1421 1428 641 638 1432 635 626
000892.jpg,2550 1507 107 2414 2604 2019 1177 1104 1669 2754 2641 728 55 2176 397 1194 1691 575 1482 2080 2383 584 2733 462 2823 1523 441 2395 1016 845 2695 373 1269 1235 2408 1239 1268 1940 1267 1241 2409 1266 1943 1243 1237 1265 1236 1944 1260 1245 1259 2157 1942 2401 1257 1263 1256 1255 2400 1254 2404 1233 1252 1251 1250 1249 2405 1247 1246 1244 1052 1227 1231 1199 1198 1197 2156 1195 1192 2420 2421 1189 1188 2422 1186 1185 1184 1183 2423 1949 1180 1179 1178 1176 1175 1174 1173 2425 1200 2417
000893.jpg,79 1067 2305 2068 2665 722 1547 2511 246 1134 350 2842 1463 204 97 1935 116 2041 1606 692 899 2135 2292 2825 1212 2741 137 2766 447 442 1126 2736 2719 2319 1986 2258 1841 362 790 1425 1962 2558 1056 2037 2625 1771 1998 1677 1892 1944 2294 1055 1130 2506 1243 1237 1267 1241 1236 1235 1266 1943 1239 2408 1257 1265 1942 1256 1255 1254 2404 1252 1259 1251 1244 1250 1260 2157 2405 2401 1247 1246 1245 2400 1249 1263 1225 1233 2416 2417 1200 1199 1198 1197 2156 1195 1194 1192 2420 2421
000894.jpg,2640 377 2578 828 2539 2798 729 1429 2428 2629 1337 1910 2083 865 2570 1764 2671 2795 2828 672 933 1329 2335 2839 1952 2808 1266 358 1668 2602 1374 1399 964 2038 2120 2031 2221 1070 1249 1949 2520 2210 13 1272 640 2421 1041 1754 1038 1268 1521 1049 698 955 323 56 2032 1189 370 2047 536 121 2090 193 569 988 2404 2408 2401 1263 1237 1236 1235 2409 1233 1232 2400 1265 2351 1231 1230 1239 1254 2157 1944 1252 1251 1250 1255 1256 1247 1257 1942 1246 1245 1244 1243 1943 1241 1259
000895.jpg,2714 348 26 925 1870 2769 480 2649 2454 1369 2538 663 518 197 550 1788 1417 433 2375 179 1489 860 2631 440 2050 2130 735 2840 1710 1895 769 2650 2289 1640 155 562 1701 305 463 51 1617 1422 659 689 57 2125 2838 422 2330 2374 712 1552 1045 2836 1355 1366 606 1358 1349 1360 1362 1350 1373 1348 1375 1377 1381 1386 1388 1392 1405 1407 1409 1411 1414 1416 600 1345 611 1338 1229 1234 1238 1242 1253 1258 1261 616 1264 1270 1276 1278 1341 1279 1292 1294 613 1295 1307 1313
000896.jpg,860 1701 1489 1710 1417 1788 197 2289 2482 463 2650 769 1895 173 433 2375 2649 2454 1369 161 1051 1261 26 925 480 2840 2138 1993 1320 770 1218 1870 2769 2735 2628 194 1054 1649 1623 1215 1350 1355 1358 1360 1349 1264 1362 1202 1201 1196 1373 1375 1193 1191 1377 1381 1386 1208 1366 1234 1270 1276 1278 1279 1258 1291 1253 1292 1294 1295 1307 1229 1388 1316 1319 1324 1328 1338 1341 1345 1348 1242 1238 1313 1392 1 1407 1544 1545 1549 1551 1552 1564 1569 1571 1572 1575 1576 1580 1584
000897.jpg,1786 1971 1257 1106 2495 1357 39 2288 76 1818 926 564 230 2281 751 1180 1091 777 1996 1559 2000 989 1451 1900 364 2040 614 1137 1087 341 2224 2381 1898 407 1093 1883 215 436 251 737 101 1207 2072 1558 1361 2242 2542 803 2238 766 328 1197 1353 2504 374 2579 2759 2054 2489 1538 1846 2699 1804 967 1719 2247 617 1346 832 2129 1535 291 540 1115 1561 1590 898 2493 2324 2114 1427 1230 1300 2540 895 2277 93 1928 714 1166 2409 1113 853 1683 581 962 1798 572 2787 2323
000898.jpg,269 1548 1052 1943 1241 1944 1239 2408 1237 1236 1235 2409 1233 1232 1231 1230 2410 1228 1227 1226 1225 1224 1223 1222 1221 1945 1243 1219 1244 1246 1271 1940 1269 1268 1267 1266 1265 2400 1263 2401 2157 1260 1259 1942 1257 1256 1255 1254 2404 1252 1251 1250 1249 2405 1247 1245 1946 1217 2413 1185 1184 1183 2423 1949 1180 1179 1178 1177 1176 1175 1174 1173 2425 1171 1170 1169 2426 2427 1166 1165 2428 1163 1162 1161 1186 1272 2422 1189 2414 1214 1213 1212 1211 1210 1209 2415 1207 1206 1205 1204
000899.jpg,1213 2066 2113 2178 304 545 1394 2546 1389 658 727 589 1115 485 1175 1306 1951 1798 1451 1361 1559 2787 2644 395 1019 2323 1334 572 1230 529 962 1106 2000 293 341 646 1353 2277 1801 2054 989 2540 1333 2022 63 2579 251 2381 803 1883 1300 1427 1093 1898 1683 789 581 374 2759 2114 483 1217 1250 1249 1188 2405 1189 2421 1247 2422 1246 2420 1192 1194 1244 1243 1943 1241 1245 1186 1251 1185 2400 1263 1949 2423 2401 2157 1260 1259 1942 1257 1183 1256 1255 1184 1254 2404 1252 1944
000900.jpg,99 1145 2009 2636 72 174 1415 2775 1047 2747 2098 612 172 2722 1155 461 477 460 1688 595 208 1089 1976 141 2055 1023 823 164 156 1510 1404 1808 1100 2274 401 1241 2577 399 1872 816 2655 1717 453 2163 1784 2587 760 1628 380 694 1085 2074 1599 73 2679 1163 2362 2512 2829 437 981 1233 1943 1260 2157 1266 1269 1265 2401 1944 1263 1239 1259 1243 1244 1942 2404 1252 1251 1250 1255 1249 1254 1256 1267 1247 1246 1245 1268 1257 2405 2400 1052 1237 1207 1206 1205 1204 1203 2416
000901.jpg,2070 1781 1141 2025 192 2669 2794 239 2091 1787 61 2164 654 207 245 525 49 383 2396 2280 2311 139 1505 225 1506 2173 408 252 1299 1168 1274 838 679 625 2470 209 1248 1356 1435 113 356 296 1282 1598 1780 2137 822 1924 1127 858 455 653 2531 2279 216 27 268 2693 1140 1612 2565 495 1843 1875 1262 1024 131 33 2285 241 2142 1503 344 53 1746 331 1275 330 1273 2105 1021 1022 2552 2283 346 1755 1756 1026 655 354 1961 2557 1967 1730 326 1715 1314 696 1317 2610
000902.jpg,860 1701 1489 1710 1417 1788 2289 197 463 2650 173 2482 433 2375 1895 769 2138 2649 925 2454 1369 480 2840 2735 161 1338 1377 1341 1345 1375 1348 1349 1392 1362 1360 1388 1373 1350 1366 1381 1358 1328 1386 1355 1313 1320 1167 1172 1181 1190 1191 1193 1196 1201 1202 1208 1215 1218 1229 1234 1238 1242 1253 1319 1316 1307 1295 1294 1292 1324 1291 1278 1276 1270 1264 1261 1258 1279 1405 1 1409 1551 1552 1564 1569 1571 1572 1575 1576 1580 1584 1586 1587 1589 1607 1615 1617 1618 1619 1622
000903.jpg,1946 2394 105 1778 416 883 11 2110 664 144 2420 1200 2452 1419 2331 1237 1943 1239 1944 1241 2408 1225 1235 1243 2409 1233 1232 1231 1230 2410 1228 1227 1226 1236 1244 1247 1246 1271 1940 1269 1268 1267 1266 1265 2400 1263 2401 2157 1260 1259 1942 1257 1256 1255 1254 2404 1252 1251 1250 1249 2405 1224 1245 1223 1052 1221 1188 2422 1186 1185 1184 1183 2423 1949 1180 1179 1178 1177 1176 1175 1174 1173 2425 1171 1170 1169 2426 2427 1166 1165 2428 1189 1222 2421 1194 1945 1219 1272 1217 2413
000904.jpg,1842 601 18 2 2663 2757 1759 1834 315 951 2818 1557 1252 2015 1390 2622 2161 191 1165 2302 2510 2561 2478 2077 2772 1753 2777 431 1747 1035 2685 2315 1980 889 2686 2702 1125 70 1839 1443 1833 1938 2496 1989 277 1460 369 1263 1944 1239 2408 1237 1255 1265 1266 1267 1235 1268 2409 1233 1269 2400 1236 2401 1241 1254 2404 1257 1232 1251 1250 1249 1942 1256 2405 1246 1245 1259 1260 2157 1244 1243 1943 1247 1052 1224 1230 1199 1198 1197 2156 1195 1194 1192 2420 2421 1189 1188 1200 2422
000905.jpg,1146 987 312 2832 635 1202 85 1752 950 1405 1934 2044 2501 556 1386 188 2556 2069 1319 2411 1926 2367 2528 1624 1644 1102 2790 2300 611 547 2270 2082 943 817 1656 4 1496 221 1407 2817 1799 1737 613 2631 518 2538 663 550 1636 1965 1316 826 735 2628 440 626 2389 59 1545 155 2815 2713 1860 2272 1045 169 2130 2050 1617 1422 1369 1870 2649 925 194 1261 1051 2241 965 1840 1122 1253 1258 1095 1264 1092 1270 1276 1278 1279 1291 1242 1292 1295 1086 1081 1307 1313 2767 2758
000906.jpg,1416 1948 1096 1897 1362 2721 1569 715 2272 2815 1796 1965 1860 2713 1636 1316 1496 497 2046 1586 992 1584 2034 2545 48 100 2556 155 194 1261 1051 2352 2433 439 64 201 51 562 1640 305 2628 1218 635 987 2023 2069 1752 950 2376 2309 2755 2045 1618 1295 1307 1313 1617 1615 1607 1319 1320 1324 1328 1509 1589 1341 1587 1345 1580 1576 1348 1349 1350 1355 1358 1294 1338 1292 1279 1630 1193 1196 1629 1201 1202 1208 1215 1627 1229 1624 1234 1238 1242 1623 1253 1258 1622 1264 1270 1276
000907.jpg,1483 44 16 376 1447 1469 2317 1672 1914 2785 2437 1836 291 1749 1057 2249 761 1631 2700 1990 1535 832 1449 1178 1116 1224 1713 1714 47 2359 104 1183 465 683 1838 2180 95 2441 576 676 1856 2111 2202 88 1476 2745 2129 34 2422 2523 1346 540 1847 1161 1513 824 596 1999 60 1103 2016 2555 1277 834 1727 2058 1425 2305 350 1523 2695 441 845 1228 1785 1795 1773 1743 2827 310 983 2547 2383 2080 373 499 1304 783 2190 1678 2275 1732 603 1620 1244 1943 1243 1259 1942 1257
000908.jpg,626 2389 1545 59 4 2367 1202 1799 1278 950 1737 1752 2270 547 2082 2477 283 1386 556 2069 1146 613 826 266 2556 1319 1407 2300 1926 1377 1375 573 623 1369 1366 1362 1360 1358 1373 570 1388 563 1355 1392 1405 1409 1411 1414 1416 1417 1421 1428 1432 1381 1350 1348 1437 583 1208 1215 1218 1229 1234 1238 1242 1253 1258 1261 1264 1270 1276 577 1279 1291 1292 1294 1295 1307 1313 1316 1320 1324 1328 1338 1341 1345 1349 1440 1446 1445 1576 1580 1584 1586 1587 559 1589 1607 1615 1617
000909.jpg,2767 1993 1422 1617 712 2631 1663 1045 1552 2836 179 2130 2050 1444 550 947 1328 2837 169 1782 1649 2840 1658 1381 735 440 2707 134 1544 1679 1623 900 1486 1437 1840 2241 1218 2439 1261 260 2088 2419 1208 1054 1489 1701 463 563 559 2826 1307 674 1710 860 1417 1983 2628 2133 2011 1253 445 319 645 2076 659 2652 906 2352 1051 769 197 1895 2289 1788 2375 433 2138 1640 562 51 155 305 2574 1092 480 925 2649 1369 2454 2650 2735 173 2482 161 2544 1148 1878 2397 978 1468
000910.jpg,1588 1132 536 1431 1268 2078 2117 193 121 988 1492 36 142 866 1699 1886 1430 1553 733 1890 429 569 2090 1256 680 1236 2267 2333 802 500 1499 555 432 2029 2380 332 340 21 2451 2384 1888 1754 1041 1038 2421 2423 743 2668 878 868 1562 1053 199 289 901 571 1949 554 681 361 1398 62 2568 1793 2108 302 78 292 893 427 2415 2217 2743 1393 1033 1065 2227 979 176 2786 886 417 597 2335 2839 1329 828 377 2578 2083 1910 2629 2428 1337 1429 1249 865 955 323 932
000911.jpg,1506 1141 252 2070 679 625 1505 113 455 2311 1435 1168 1299 1248 1598 525 1356 822 2137 654 858 245 2232 1262 216 383 49 1924 1781 2025 192 2669 1612 1787 1140 61 27 207 2794 239 2091 344 139 2280 2164 225 2279 1024 1780 1216 1568 1918 209 838 408 2173 391 1127 53 2470 655 331 430 1011 726 1274 2531 138 2396 1662 786 2244 1465 780 1282 296 356 2285 1843 653 484 2429 2059 534 806 290 2565 1273 2343 2698 1481 418 52 1875 2715 1829 2765 2407 643 2301
000912.jpg,1159 2455 403 1025 1815 1735 1925 1982 352 2484 2063 2541 837 1009 667 1619 2797 1349 879 1366 264 1539 687 2844 2833 299 2371 2139 2460 867 2092 1863 2576 1814 1549 2776 2226 2269 1816 1480 428 2548 2189 2633 2607 1660 2363 557 2403 472 641 262 888 1373 2385 2771 2175 2215 226 741 577 2399 1520 2727 127 1122 1589 2731 1291 1238 891 267 2431 991 1278 1060 814 385 913 307 1509 273 1242 2104 2524 2662 1215 2710 697 1 2709 2595 147 90 2255 1862 2412 2811 1807 1295
000913.jpg,340 571 901 1793 2090 569 2217 2415 427 1236 2267 2380 193 121 988 743 1499 1553 1430 2423 1256 2568 1886 1699 36 2117 1065 332 13 500 680 865 1431 370 1189 2047 2032 56 640 1272 2520 2210 323 1399 964 2038 1754 1949 1041 2421 1038 933 358 1952 2221 2120 2828 1070 2602 672 2808 1668 2031 1266 1374 1492 2333 1268 733 866 2671 377 1249 802 2640 2798 2539 2629 2428 729 1429 1329 2839 1764 2570 2795 2335 142 2078 2578 828 1198 1199 1200 1255 1228 2417 1252 2416 1251
000914.jpg,802 429 555 1492 142 2078 1890 2029 868 1888 2333 554 1562 2668 432 2117 1686 1418 886 597 866 417 176 2108 878 1430 1553 1065 1699 1886 681 2743 1393 1033 332 1236 289 62 979 2227 2786 1256 2267 21 2451 2384 1431 361 1398 36 199 2380 1588 1132 571 1053 680 340 2423 743 733 1268 1499 78 292 893 302 536 500 1793 2415 2568 427 901 2217 1228 1237 1368 1235 2409 1226 1233 2166 1227 1231 2355 1372 1230 2410 1371 1370 1232 1337 1367 1239 2165 1363 1255 1254 2404
000915.jpg,924 1471 953 1487 1288 2216 1703 1363 1602 2841 2152 2502 2348 1866 1953 214 1605 1139 1488 2567 2751 2768 1397 420 2179 2521 1738 594 510 2823 2203 1502 1171 22 1214 2109 148 2494 1979 1922 1113 1184 1365 1400 1687 2620 2573 785 1371 909 834 1277 2555 1727 2058 2060 1032 189 1749 2303 1198 1659 1205 2791 1723 1904 997 2507 1916 2346 475 2030 117 2666 650 2222 1661 333 1217 309 275 1891 2816 2810 84 2141 327 96 1927 106 1632 1228 1252 1251 1250 2410 1247 2404 1249 1368
000916.jpg,2090 569 121 988 193 340 865 2640 1952 2808 1266 571 2570 1764 2795 1399 2335 1329 2839 2828 358 672 933 2602 1668 1374 2671 332 2038 964 427 2415 680 377 2031 2120 2221 1070 1249 901 1268 2217 1793 729 2578 828 1065 1256 2568 2032 56 1886 1699 536 2798 2539 13 640 1272 1430 1553 1949 2267 743 370 1189 2047 2428 1429 2629 2210 2520 1754 1041 1038 2421 2083 1337 1910 323 2380 2423 1588 1132 500 1236 1431 1492 1499 2117 36 1393 1033 2743 2108 432 2333 1562 955 1049
000917.jpg,956 1882 807 1260 1697 411 650 2666 2171 2043 2643 1702 1188 1456 922 759 2346 1916 285 2816 2810 475 1221 1723 1891 468 2268 2167 546 37 1284 620 732 181 582 476 669 2168 829 6 1083 1761 448 1797 2425 229 1858 2313 1865 1153 1227 2261 42 2476 1541 820 1603 1380 459 661 2706 1387 1682 2194 122 1235 2409 1233 2357 1232 1231 1230 2410 1364 1367 1368 1226 1225 2166 1224 1257 1223 1222 1236 1228 1237 1239 2404 1252 1251 1250 1249 2405 1247 1246 1245 1244 1243 1254 1255
000918.jpg,2185 1129 2298 2584 1411 1694 1684 795 1440 2801 143 2529 2517 386 718 1360 958 697 1294 665 1445 2619 2616 787 2271 638 71 2481 1939 1514 1446 1258 1215 30 1112 810 1270 2246 1630 1242 273 2524 2104 342 1059 551 2468 2740 741 2460 2363 557 154 2189 1278 147 1863 1509 1295 1807 888 1373 2771 641 1735 969 2339 1524 203 1803 1629 127 2444 991 262 1409 1366 1369 1392 1388 591 1362 1375 1377 1381 1414 1407 1386 1405 715 1358 1261 1264 616 1276 1279 1291 1292 613 611
000919.jpg,1993 550 2631 2767 1422 1617 712 2840 134 1552 1045 463 179 2050 2130 518 2836 1663 2837 1486 900 1437 169 440 735 1782 2707 1444 1679 1328 1623 947 1701 1489 1649 1261 1218 1051 2439 1544 1381 1658 480 1710 860 1417 925 2649 1369 1054 2352 2538 663 906 563 1208 2133 2088 1307 2076 1983 260 2419 2574 1092 559 2652 674 659 2826 2769 562 51 155 1640 305 197 433 2375 348 2454 2544 445 2011 319 1253 645 1878 1148 978 1468 2397 2832 312 987 1392 1411 1386 1409 1377
000920.jpg,1146 987 312 2832 635 1202 1405 556 1386 2270 2082 547 85 1319 221 943 188 1926 2300 1407 611 2501 1934 2044 1102 2790 2069 1752 950 2411 2528 817 1644 1624 1656 2817 4 2389 59 1545 626 1799 1737 2631 518 663 2538 1416 1096 1948 550 1617 1422 2654 1261 1264 1270 1276 1278 1279 1291 1292 1294 1295 1307 1313 1258 1316 1320 1324 1328 1338 1341 1345 1348 1349 1350 1355 1358 1360 2783 1253 1242 1238 1095 2811 1101 2801 1112 1122 1123 1129 2800 1148 1151 1158 1159 1167 1172 1181
000921.jpg,1705 2600 1681 487 1384 337 942 2543 966 2085 1495 2458 1742 1119 1676 320 2262 1978 1002 2392 2357 2369 1031 607 144 1718 852 2660 1981 50 1893 1237 1567 1000 1614 1331 1604 1673 451 908 2596 1518 1370 1695 1853 2257 2696 446 2064 530 2259 360 1554 243 1301 2049 921 791 1508 1739 2664 1017 2140 1058 984 1621 1105 1396 355 813 2420 392 773 1992 2763 519 301 1419 871 1565 2803 1287 1906 2282 2796 631 1290 1909 1613 662 394 542 2782 54 1249 1203 2416 1246 1245 1247
000922.jpg,204 1606 116 899 137 1212 2135 2741 2842 1463 2766 2558 97 1935 246 1134 1547 2511 2825 447 2041 1986 1056 722 2665 2068 2294 1944 1055 2736 1067 2719 79 1825 692 2728 725 2292 790 2319 442 2207 1126 1962 350 2305 1940 165 362 2258 1841 2625 1677 1771 2037 1892 1998 1130 2506 1088 1368 2166 1233 1370 1232 1231 1230 2410 1228 1227 1226 1225 1224 1371 1223 1222 1221 1372 1945 2409 1235 1367 1236 2165 1363 2404 1252 1364 1251 1250 1249 2405 1365 1247 1246 1245 1244 1243 1943 1241
000923.jpg,1083 6 1702 181 732 620 759 2643 546 582 285 1260 1221 1797 807 1697 1536 636 1318 2807 468 2278 2425 2476 42 2194 2261 661 1227 411 1188 1891 1570 2168 669 2268 2167 644 922 1456 476 2816 2720 2688 1596 387 2498 298 1723 829 2043 650 2666 1199 973 1285 2313 229 1858 2171 956 1882 2442 1761 815 396 2627 481 1987 2810 2623 1525 2263 971 475 1153 448 1953 1139 2841 2188 37 1284 1015 1916 2346 2562 1252 1251 1200 1250 2417 2416 1203 1249 1204 1205 2405 2404 1254
000924.jpg,934 1276 1292 1576 1857 1716 884 185 2155 1348 1072 1392 2461 1861 793 1034 1859 2418 1580 57 210 1792 1930 1030 280 1665 689 2456 1234 2004 82 746 170 1758 421 570 2588 2374 130 438 1377 242 294 287 1279 2125 133 493 2838 704 2174 1522 2127 1432 1575 2330 470 514 158 2229 2703 2186 756 2327 77 1345 422 1724 1358 2694 1664 1086 2581 798 2206 880 2187 1675 1375 2198 366 797 1193 842 548 2548 1494 2002 1653 720 1776 2039 2672 2123 1551 1887 1043 1319 1316 1320
000925.jpg,1786 1971 1257 1106 2495 1357 39 2288 76 1818 926 564 230 2281 751 1180 1091 777 1996 1559 2000 989 1451 1900 364 2040 614 1137 1087 341 2224 2381 1898 407 1093 1883 215 436 251 737 101 1207 2072 1558 1361 2242 2542 803 2238 766 328 1197 1353 2504 374 2579 2759 2054 2489 1538 1846 2699 1804 967 1719 2247 617 1346 832 2129 1535 291 540 1115 1561 1590 898 2493 2324 2114 1427 1230 1300 2540 895 2277 93 1928 714 1166 2409 1113 853 1683 581 962 1798 572 2787 2323
000926.jpg,12 1473 1876 2809 1721 2051 1439 994 526 864 508 2183 608 274 1241 1239 1944 1237 1943 2408 1236 1052 2409 1233 1232 1231 1230 2410 1228 1227 1226 1225 1224 1235 1243 2405 1245 1271 1940 1269 1268 1267 1266 1265 2400 1263 2401 2157 1260 1259 1942 1257 1256 1255 1254 2404 1252 1251 1250 1249 1247 1246 1244 1223 1945 1221 1189 1188 2422 1186 1185 1184 1183 2423 1949 1180 1179 1178 1177 1176 1175 1174 1173 2425 1171 1170 1169 2426 2427 1166 1165 2421 2420 1192 1194 1272 1219 1946 1217 2413
000927.jpg,2252 1651 2682 1977 2328 2491 1179 1063 2042 841 1578 639 227 945 1579 9 916 1920 2647 1770 2310 748 517 1583 998 2225 114 1470 1531 887 952 1769 1970 919 1354 2575 515 819 1585 1667 1367 1566 1368 1239 1791 2723 1657 928 2729 1211 512 1528 2097 382 2711 1854 778 2778 930 763 982 2065 118 808 567 2488 2361 2379 2792 1851 1364 1221 1232 1231 1230 2410 2357 1365 2165 1228 1227 1226 1225 1361 1224 1363 1223 1222 1337 2409 1945 1251 1250 1249 2405 1247 1246 1245 1244 1243
000928.jpg,472 1060 127 2758 1341 1069 1607 2444 2710 1803 2595 1355 1167 1811 1509 867 1078 1530 160 2094 577 147 1524 203 1629 342 1059 551 166 405 1828 2835 2749 2266 1421 226 2189 1807 991 1295 1862 1735 2738 1278 2468 2517 2619 795 814 2431 385 1964 2614 888 1373 1863 2771 641 741 2104 2524 273 1242 2473 262 810 2385 2709 2175 154 2740 2403 71 638 2481 1939 2255 2811 1215 403 2455 2215 1159 1270 1258 2226 1539 687 1101 2063 30 352 2271 1445 2797 90 787 958 1324 2013
