394 501 129 810 1062 1237 2796 1906 2244 786 638 958 787 1981 324 1879 2093 2392 1481 2271 1567 764 2280 1500 1438 2794 113 71 363 2008 2142 471 788 1290 367 1518 2609 2146 1604 1301 2042 1368 52 2357 2789 1268 2434 1543 1465 1141 1435 241 984 449 245 2191 536 1935 1026 2822 1923 2284 890 2596 2414 1119 1211 139 916 402 1282 2660 1505 1662 2736 654 530 780 2029 1503 457 2429 2543 625 1002 33 2396 1614 192 2632 1978 2539 2842 680 1248 1022 1040 2426 2055 719
1086 764 2008 2663 2 1443 2686 57 2146 129 1785 861 309 880 2510 885 601 1922 67 672 13 1351 2159 2210 2434 810 1457 828 1884 889 431 1833 2284 18 1842 1062 2694 640 2414 1481 2608 324 856 2583 1576 1277 2706 2244 2806 501 690 2360 2739 2077 654 1938 761 2794 2176 2690 2520 1989 786 2332 2760 2824 506 282 61 719 464 2271 52 1706 1080 2620 615 2777 1282 182 192 1612 1028 377 1368 1435 1714 1434 1506 812 825 834 934 1772 1940 457 1289 1675 1574 776
129 2271 501 788 1062 466 324 2706 1610 2821 1923 2311 810 1785 2632 758 2118 2244 1884 690 2351 2280 828 672 787 958 1205 1080 1556 2137 1612 586 113 2794 1503 980 2690 1481 1015 2762 2520 2142 786 2666 1022 936 525 2467 1282 278 2448 49 363 1932 241 1026 2203 1456 2599 1465 163 973 2164 402 2669 510 377 1662 1813 1671 419 2521 408 52 275 2508 2210 1198 654 1702 1963 2554 1922 346 1048 306 2832 1032 2816 1889 1506 953 1912 1500 1102 1083 125 2169 452 1570
2271 810 787 958 764 386 672 2008 2706 1545 2146 77 71 466 719 638 1884 1440 2619 1102 2832 828 1086 510 1374 1785 718 1668 690 2602 2828 2118 2293 2666 1497 13 2411 1080 377 2520 2209 2203 1576 933 1963 2210 1922 323 283 1664 2529 3 2578 2790 2351 1351 1915 980 2284 129 812 825 501 2616 635 640 839 1926 265 2018 1205 230 2694 2501 1237 943 556 1267 2521 1630 1752 312 1215 2434 880 1062 2336 1386 788 1642 294 786 2300 1189 1272 2824 1653 221 2044 2361
1290 2706 1545 1518 372 2271 810 1884 1237 283 386 2411 788 2085 1102 2790 787 1718 1981 1479 672 2600 2596 324 1922 690 1320 943 1752 980 1989 1923 1285 2210 2543 4 2373 2583 973 1440 129 852 501 1407 2789 2832 1982 2494 2796 2064 2458 557 2529 2044 1080 425 1627 1567 626 2262 2282 718 1129 1366 2367 67 13 1062 942 1026 487 2118 786 1267 1706 2584 2142 2817 631 921 950 947 2593 2660 1480 221 1384 2244 2365 1747 705 312 2250 796 125 1737 1909 454 1912 2767
690 1922 761 861 466 2706 1080 309 764 2620 1726 1907 1605 2494 2351 2522 205 2608 2666 973 2056 1884 1205 1198 1032 2008 1927 1632 834 2203 2760 2448 1471 1368 2414 1785 953 957 419 2280 2450 2355 2146 980 1702 1237 1671 45 672 815 335 1616 1610 856 2361 1567 1651 394 1015 107 333 1906 916 509 1400 2554 1177 2209 2823 2176 236 828 2152 565 2060 1351 2042 2508 2 2118 728 2663 2434 301 1802 2682 1426 2210 946 1364 2249 2360 2643 1889 98 1556 776 2641 23 998
2271 810 129 958 787 1062 764 501 1048 2821 1671 1237 788 2690 2619 786 1545 2008 324 1481 1932 2632 1923 2467 2244 2706 1963 1981 471 2411 1500 758 1026 2832 1567 52 2816 363 57 71 33 1702 628 464 1612 2789 241 1024 1630 346 389 643 1438 1083 586 8 412 1941 2142 2468 1022 2505 2465 690 2044 1290 1662 1456 1706 1506 2146 719 372 1027 2164 556 2398 1625 1781 2794 113 312 753 1215 638 456 283 1843 1813 1282 2311 2361 2501 1610 495 2203 2378 2611 234 2301
2271 1237 810 958 787 1981 1290 1567 71 1518 638 2411 2832 2392 1044 2596 1102 2619 1614 1604 1545 2706 1331 394 77 2543 129 1673 635 556 312 1119 1884 2044 2821 1456 1301 690 2789 2501 2790 788 984 386 1284 786 672 1407 1702 980 1062 1630 2118 1525 1043 1017 1671 283 2616 2796 2094 2666 510 1080 324 2660 897 1933 943 57 301 758 1910 2171 1963 501 1440 2468 1032 1926 2246 466 1445 1234 885 2632 2043 1086 2085 1668 85 946 1205 471 243 2466 2816 934 586 718
129 501 1062 394 1237 2789 464 1706 2583 1481 2434 67 1435 2244 764 786 2794 810 113 1981 1576 2632 625 1248 2142 2146 2008 1932 52 1438 324 241 471 192 1503 2796 2121 788 1506 33 1923 1567 1040 1543 1906 1604 2093 363 825 61 890 2271 1001 2690 1917 367 1102 1274 455 1282 1785 2634 758 1022 2467 1935 2137 2280 1290 295 2343 1879 1500 1655 2609 2806 610 643 2411 2357 389 2311 787 2501 2716 202 1039 925 627 1465 456 2284 1505 1635 243 1852 1545 1518 457 2316
2271 810 787 958 764 71 690 2706 2008 510 386 2146 466 1080 1922 2118 1205 638 2619 719 1702 57 1671 2666 1884 2203 309 1440 167 2521 2494 2094 2832 973 980 1043 1545 1497 1694 2411 1456 718 2501 2018 77 312 23 1940 2790 205 2608 1610 1102 2284 2351 752 2823 2278 1083 2807 1267 1198 1963 1026 894 1556 506 1351 2554 2044 946 294 2468 2593 2171 880 2789 1284 2522 2643 2448 2529 2361 1630 454 2616 8 1015 885 1044 556 1882 501 953 1841 129 586 1536 2760 1632
1290 2706 386 1497 1833 1237 1443 1518 1440 690 2686 583 1086 2 2392 1940 1267 2209 2271 2663 2596 885 796 810 1080 77 2694 764 1938 1043 2672 3 1747 946 2666 2494 339 1986 372 1642 973 1922 787 812 648 863 1567 431 2355 1357 466 889 2262 1457 1320 718 2085 1664 958 1992 880 2593 2008 1527 254 1772 1351 394 1198 761 1653 57 1724 2510 1714 2332 2739 2146 457 1671 1981 1206 365 1229 601 1119 1040 2293 2583 1605 797 318 1368 834 1574 23 581 2152 1559 2796
67 2583 788 672 1922 2663 1086 2 1940 601 2669 1706 2510 431 464 1923 1820 2121 2828 1884 880 2632 828 1912 129 2210 2686 2378 13 627 1290 2794 1518 501 1062 640 654 1932 1001 2433 2690 2164 324 690 1503 192 655 1747 2142 764 125 2311 2494 2683 1282 1563 1018 1026 331 2821 49 2467 496 2244 18 1281 758 2280 933 995 113 245 2520 1813 241 231 202 2025 1506 525 786 2706 2602 1374 925 456 2118 282 1842 1810 1022 1335 776 1397 363 377 2599 782 61 878
810 2271 787 1237 958 71 984 1290 1567 1981 2411 2706 1671 638 129 501 786 1673 1102 1518 1614 1062 1963 2790 2832 1407 1331 2596 324 2660 1604 1545 301 1923 788 2821 2796 2049 8 337 2044 2789 2450 2244 372 1926 943 1481 1456 2501 2609 1368 471 2619 394 1742 1301 758 312 363 1906 1044 2164 1702 1884 2118 1119 243 980 2468 897 1438 221 241 1909 2392 52 530 2357 690 635 1500 1026 2361 1080 2696 1002 1662 2816 2085 654 2666 1781 2632 466 1032 113 1978 2142 2262
810 2706 2271 787 690 386 71 1237 1884 1290 1440 2118 1080 958 2262 973 1198 1567 946 466 980 1922 1518 2494 2203 984 2596 1205 117 1610 2355 301 1267 796 638 1015 2392 1285 1119 1184 718 23 1043 1981 2085 2619 205 2666 425 2620 1671 2014 1833 2303 834 897 2543 2600 510 1986 1614 2663 1989 298 2055 1940 2686 1978 1445 394 2452 2 1992 2529 309 1642 2593 2201 1718 1331 1570 3 586 1443 1938 498 1556 1032 1044 852 1709 1497 731 2722 2554 953 761 337 167 1906
1290 1518 672 788 1237 2596 283 1923 1102 828 129 1062 2828 1086 2271 810 501 2085 1981 2411 324 2806 125 731 1668 1545 13 2790 1912 2602 62 1813 878 377 113 4 1374 2543 2210 2600 1932 2142 787 386 1503 2832 1752 852 786 2578 2722 1026 942 943 2458 394 2137 1241 295 2690 1017 312 758 2686 292 1316 2632 681 1706 266 1567 2821 2669 2378 323 1614 1039 839 487 1331 2796 2311 966 635 2029 640 2767 1965 826 2469 1510 278 1407 626 1673 2232 2055 933 1506 1249
1922 2821 672 786 2690 788 324 1923 1989 2142 52 2164 2467 2828 129 2663 2 2244 2494 501 1062 2789 1026 346 1813 245 139 758 1481 1884 1022 2311 2794 192 1503 367 1500 776 363 2669 690 2632 1917 2280 9 2806 241 2706 1290 353 402 980 2686 278 1770 2118 466 1662 1465 828 2361 49 67 508 2762 534 369 2429 601 98 2611 1048 1612 525 89 973 2091 2232 654 767 1438 471 1368 643 1518 13 2510 2137 2152 2398 890 33 2396 331 1941 1039 295 933 1932 62
810 764 2146 2 1290 1518 1940 2663 2093 2008 67 394 2686 2271 2596 788 1237 431 719 1935 787 2510 129 501 2583 601 2736 2796 779 2284 2426 1906 1915 2018 958 1443 1026 1463 1606 1986 2135 3 2392 722 1879 1989 324 786 1062 202 2077 2609 18 14 362 2029 165 1842 2142 1923 2434 1642 1289 2789 2244 2336 1985 1574 62 1211 1614 2728 825 1500 2665 2719 1604 288 627 1040 878 70 1126 2376 113 292 1368 2660 2159 2121 2824 2794 2825 2777 254 2319 1351 1833 1212 2280
2271 810 787 2706 1237 1290 690 958 1940 71 309 1080 1518 764 1086 2159 457 57 466 510 2666 77 834 1567 1714 2360 2203 2392 2494 1922 1277 386 1981 1028 885 2008 2596 294 1205 1198 1785 2620 1833 2146 1497 230 1884 2694 2118 1986 1690 2414 1440 2 2058 2672 1043 2555 638 2663 1443 953 861 2176 719 23 2641 984 1234 1882 2619 777 1014 2234 2686 2521 47 3 880 1841 1664 1938 1576 1040 2522 1184 1726 761 1642 2209 117 2608 394 946 301 926 2543 1525 1457 648
2271 810 1080 466 2706 690 1205 787 2494 1884 788 958 1198 23 309 973 2203 761 1086 1785 275 1922 2619 71 129 2351 654 324 230 834 1556 946 1671 796 386 828 764 163 1726 2821 2620 672 1923 117 2244 372 1426 1610 2666 861 1282 501 638 2434 1481 2448 2311 113 2142 2608 1032 797 2118 510 905 1435 1062 498 2280 2663 2794 625 1662 786 241 2554 2522 926 2210 1616 1184 980 1559 2008 2137 1574 2355 377 1632 205 1802 856 2468 564 234 2 885 2056 125 2450
1785 67 2 764 2583 2663 2209 2686 828 2008 2146 627 672 1443 1290 2434 1237 3 878 1989 254 825 719 812 1518 601 431 1351 1642 1915 2029 2293 1574 292 394 2378 1368 2596 377 499 1833 2451 2214 192 2018 1228 2077 1820 18 998 914 788 62 2520 231 1842 2295 1651 1026 1567 13 1478 778 779 2536 1493 889 318 1772 1957 2510 35 9 1420 831 1066 1434 1595 1334 1481 2280 2673 1879 310 1102 182 384 2121 1361 2777 1714 2475 1559 272 1938 2745 395 417 2824 409
2706 1290 2271 810 1518 1884 787 690 1237 1922 958 2494 1285 1545 386 2596 984 1080 2085 973 980 71 2118 2411 372 1102 1440 672 1567 2790 2262 1267 2600 243 2593 425 1610 298 2832 2619 718 2796 1015 2282 1320 942 1480 2543 638 283 4 1981 1926 1407 129 1119 1742 1978 943 631 1366 2458 2355 1989 1752 557 1331 796 117 1017 1456 2044 1673 1062 556 324 2620 912 1614 2722 2789 909 1671 487 1301 2817 2529 946 1386 1184 1284 2064 1479 337 1982 2303 2210 2203 2828 2392
113 2821 129 810 1506 2632 2271 501 1062 2142 52 1290 2467 1503 788 2690 2706 1923 758 1481 2311 1237 786 1518 1612 2244 1438 1024 324 1435 471 1141 241 1500 787 625 363 654 1981 331 1671 383 1248 402 2796 1567 49 1039 936 1706 389 1048 2164 655 2742 2669 2232 1917 2398 1026 2611 1941 464 2137 346 2505 2465 2619 245 2411 2794 430 2832 2280 628 1102 1465 1932 2017 2634 1282 1274 89 1813 958 354 643 367 753 525 1909 2806 2301 1781 840 822 1852 1140 139 1953
363 786 788 501 324 810 2244 1940 129 2142 1662 108 787 471 1981 2543 1923 2736 1237 1438 1368 2271 1062 2660 67 2258 648 1282 2825 1026 2794 958 1481 1056 2164 925 52 1606 948 1407 2429 2821 2393 2438 362 2159 1977 2682 1545 2411 2301 2583 780 1022 764 49 2135 1290 2357 1465 654 491 33 2207 1899 2398 2842 1986 1159 1673 1518 1578 627 113 916 508 2632 1935 2690 1500 1506 2433 1028 625 2569 677 2663 638 2360 1040 1651 1781 1639 1841 936 1048 1126 534 1592 1008
1785 761 2663 828 2 1205 672 1080 1198 466 1443 2414 764 2159 2434 2360 834 1922 654 309 377 2008 1086 796 67 2271 788 2203 2520 1574 1842 107 2794 1177 2686 18 2494 810 2210 690 728 230 2176 1277 1884 394 2536 2384 2146 776 292 2426 2641 1368 2077 889 129 457 1726 861 1714 23 113 1500 55 2029 1906 1028 2280 781 2510 625 2244 277 777 2311 2828 369 2620 878 1351 998 182 779 825 601 2277 2254 1374 2550 1559 205 1914 2682 1989 1435 2777 367 2706 936
2706 690 2494 1922 1080 2593 1290 2271 810 764 1267 946 909 787 973 2146 386 1518 2008 1198 796 1884 2118 283 1671 1237 719 1545 1184 1642 2203 372 3 2355 776 117 510 1205 1285 980 672 1440 2474 1915 1940 1351 1882 2789 2411 2596 265 2152 23 2376 1497 2790 812 1480 2620 2619 2085 1747 1102 2363 2209 2361 2468 2686 247 556 2094 98 2018 1525 2824 2832 2210 1982 2433 2691 2284 67 1949 275 750 1320 2460 13 6 958 1397 2262 1289 1368 1603 1605 353 1567 1926 1537
386 2706 690 810 1642 2271 1940 3 1267 1440 787 2686 1922 946 863 71 1833 2593 1290 1986 764 2 2118 1884 1443 2663 1938 2494 2262 2209 718 339 2355 1497 958 1518 1237 318 2008 1080 1747 254 834 2085 601 796 1320 1198 1527 2722 1545 825 2434 2146 1752 2433 980 2392 1368 2596 2510 2203 719 767 431 973 1184 889 1574 812 117 1989 1036 1351 1958 1119 638 283 648 1357 1653 258 2755 67 2620 2490 984 2672 1985 309 2532 1567 1772 1783 477 1247 466 747 1205 365
2271 810 787 2706 958 71 466 2351 690 1884 2448 309 2450 1556 506 2608 1205 1032 129 638 1080 2760 2522 501 1610 2666 1702 2118 672 1736 1726 897 980 1062 834 1671 2203 163 973 510 1889 205 957 2619 1198 1456 856 2056 2821 1933 861 565 1015 1632 236 786 828 1044 324 2747 1364 419 1922 761 2404 2055 1237 1277 2643 335 2578 2725 2342 141 2554 1797 2832 2210 2632 2060 2749 1086 2620 2169 1638 609 953 45 2311 815 2182 306 2201 2508 1891 1963 1102 498 1249 1668
2663 2 2510 71 1443 394 431 1842 601 1833 638 18 1938 1237 810 2077 1785 1435 2777 1989 2029 499 1567 2295 925 2392 958 1533 2686 1699 1277 787 536 70 47 1028 457 67 889 878 2772 1714 2159 2736 1935 2649 369 1119 62 2756 2360 2413 2794 230 2789 754 426 2818 129 2384 2673 2451 1102 1383 1981 2271 788 767 834 2543 2745 2532 1125 1606 1940 1914 1248 1588 2583 309 2280 2641 213 292 555 1690 277 951 417 97 2638 2523 625 1463 777 2478 1438 231 501 2217
1290 1237 1518 2392 2706 1567 2596 2 2271 2663 1940 810 1981 394 1833 2159 2796 1080 1986 690 787 2360 1043 1938 1879 466 834 2510 386 1086 1443 764 309 230 984 1028 57 2672 2332 2234 1604 1989 1527 1785 2209 1906 457 1368 1690 2434 71 362 2146 2262 1040 1614 2008 2140 1841 431 77 1664 2414 648 953 1119 1440 2641 885 1205 1301 1331 861 1277 530 2085 2049 1714 1922 825 601 958 1497 2093 2543 294 1842 2494 1058 1992 2686 916 1457 2536 2694 1574 2522 1747 2258 1632
1290 810 1102 2411 1518 2271 672 1086 2832 2706 1545 828 2210 1237 943 2790 386 958 1820 312 788 2694 934 13 283 2596 1923 377 129 496 1062 1752 787 635 2044 2142 2578 4 221 2520 1503 2632 464 324 1374 1668 1407 1963 2501 1912 1981 852 2378 556 826 2602 718 2032 758 501 2690 1436 2583 323 1706 1884 2722 2544 2669 2828 690 1043 1910 113 1215 1435 266 2280 1576 2619 372 1671 1926 1949 1422 1440 2796 1567 786 67 2806 1024 626 234 1932 950 973 245 125 1386
787 810 2271 690 2706 466 1080 958 1198 1205 2203 386 1884 1044 1610 71 510 973 2118 1440 2351 1922 953 1015 1237 2666 23 498 1043 946 1671 205 980 1567 2448 672 163 1032 2620 1556 638 2494 275 117 1086 265 1119 1882 2171 1668 2791 2355 1702 2602 2262 828 2303 1374 1471 761 2619 2522 1290 2014 2596 2760 1525 1184 2043 2521 306 1726 1659 2529 1602 1802 1518 327 1488 2152 2725 1267 2464 897 2749 2578 2747 586 77 1605 2055 2572 377 2751 2608 2508 6 2404 2554 3
1368 764 394 1518 2361 1237 1906 2596 1290 2392 2008 778 2414 2055 916 141 2426 401 731 1785 1879 812 1651 2796 2209 1351 672 1922 1089 2146 2042 2293 1981 2682 1567 2747 477 1145 2686 1614 945 382 2722 2093 2434 9 779 719 466 2469 1471 998 1239 1241 1367 2280 517 897 35 2536 254 1574 2824 1510 694 2 825 461 301 230 2459 984 2018 1023 1854 914 1578 2098 2357 615 1989 834 2203 2118 579 1784 828 926 2262 318 1583 1770 1119 761 871 1066 2551 1957 560 1628
2706 1290 810 386 787 2271 1440 1237 1518 690 1567 583 2596 71 2355 1671 2392 764 2209 1267 2672 2262 2666 1080 984 1043 953 2008 2146 3 1642 1373 1119 1981 1471 1363 1351 309 885 1614 394 1457 2085 1527 958 2593 2619 1497 1992 1040 796 1487 1247 2043 1604 719 294 648 1044 812 1229 914 2458 2171 57 973 1368 2201 254 548 1331 2536 1879 1915 1086 1742 1833 1772 2414 2620 2796 2600 466 530 1002 1574 2336 834 880 301 1882 605 1922 946 1493 2332 1017 2739 2049 487
394 501 1237 129 2596 1062 1290 2796 788 1518 810 1879 2392 1981 2093 2244 2411 2055 2271 958 786 1567 1268 141 787 1119 62 113 1906 536 1500 324 2142 2137 878 2280 1604 2029 1301 2789 1932 292 1543 367 2191 890 241 401 638 680 1102 2747 1614 2794 681 1407 984 2822 1141 1023 1481 1089 417 1331 302 530 1145 1699 449 1503 1368 2098 555 2384 2544 2742 125 2090 822 2232 1132 1026 363 2343 1282 635 731 2140 825 1588 764 1781 2790 1673 2451 2434 2426 243 2008 2675
690 466 2821 764 672 1884 129 973 654 788 2203 1198 1080 1922 2706 1923 2669 1062 828 2690 1671 501 1205 2467 2142 761 1237 324 946 2794 2311 2494 2632 1022 2280 1481 2008 1785 980 113 1702 786 758 2361 241 2244 23 2666 377 1503 2271 810 776 52 2146 2828 1612 1290 510 2210 1500 2351 1506 2118 2164 192 1026 1048 1813 353 1015 1963 936 49 2620 2806 346 640 139 2611 2398 2091 2025 719 2593 643 117 61 1781 1351 1605 471 525 1374 2209 2602 98 1518 625 1438
810 787 1237 394 2271 958 129 501 788 1981 1062 638 2093 1785 764 786 1906 71 1290 113 1879 324 2426 2008 2392 1518 1923 1604 2146 1567 2434 2609 499 873 2796 2632 2536 241 2142 2794 779 1026 2357 363 2638 1614 2596 2049 2137 1368 1932 1435 1282 1228 2244 719 2159 2411 2660 2284 1268 2280 2164 1040 536 1028 1500 680 1662 1248 1503 2634 288 1481 2543 1574 2821 530 2742 2756 1533 2018 1331 2029 2191 125 1543 1301 2465 2505 822 1102 825 625 679 108 1673 2616 878 2295
2271 810 787 958 71 1237 2706 638 1044 1567 1290 984 1119 301 897 1518 2747 1614 2619 394 2055 2262 1331 2392 2796 690 386 764 2543 2450 1673 2666 834 1671 1906 141 1981 2596 1102 1630 953 230 2098 309 1023 825 761 2609 1407 2357 1884 1978 718 648 1002 2008 1963 401 1040 1556 1368 1145 1785 2293 1709 1604 1456 3 1043 466 2452 1047 2411 2414 205 506 243 1445 2426 2201 2159 861 943 2118 1301 2832 610 1527 731 1736 1080 1510 1032 1879 1621 1642 1321 1277 2434 1440
690 1922 466 1198 2706 1080 2203 1884 2494 761 1205 810 2271 946 23 2620 2118 973 1671 672 1785 1726 828 834 764 2355 2450 2448 980 117 1368 2619 230 510 2351 2152 1015 1044 1702 796 1605 377 205 309 71 2608 1616 1426 1184 1397 958 2008 2572 1610 926 752 386 475 787 1471 420 2055 1032 953 2210 2360 265 998 394 398 1525 2434 498 2520 861 2209 1443 2760 1632 2468 1351 2056 2414 2828 2823 2602 163 1574 897 2146 1802 564 2666 1267 1237 933 1086 2521 2159 1488
1237 764 67 2008 2146 2686 1940 1368 2 2663 1443 1567 1290 2583 719 1518 627 2284 2209 2796 431 1917 2244 1351 2794 2280 1500 601 2510 1981 1989 2018 788 2271 1783 1026 3 2426 2842 810 615 2434 365 812 1503 2824 2596 1833 1642 984 501 1923 2736 2392 1794 129 1747 2142 464 767 1282 825 318 362 292 2789 2665 2258 654 254 1574 2458 1986 1706 1915 1935 324 1062 2093 2459 241 1606 889 2543 786 2685 2262 245 722 18 192 1842 1604 672 1130 1040 1614 1212 2065 1772
764 2008 1086 690 1922 1785 1080 1884 2706 761 2494 861 2146 309 2620 1443 1205 2434 1351 672 828 2159 466 810 1198 2686 834 2210 2520 856 2694 2360 2351 1368 13 2209 23 2203 796 2414 2284 2663 67 2 719 889 2176 640 2608 2271 812 615 926 1651 2824 57 825 2327 1574 377 2056 1277 205 880 1632 2118 1772 1616 230 1714 282 2641 457 1726 815 35 1605 1289 1493 2760 914 2355 1426 163 1177 1610 55 1028 728 2536 1397 2450 182 2583 654 2277 1927 2510 2234 47
2706 690 1290 1922 1642 3 2209 386 1267 2494 1237 2620 1440 1198 2593 764 1497 2355 1518 973 1080 2686 2203 466 254 2672 863 283 583 1525 1184 1833 2262 810 2596 365 2271 2666 318 796 787 2085 2663 2146 1671 1205 1040 1940 2474 2008 1772 339 1992 1422 946 1747 23 1752 1527 2 812 2152 1247 510 2694 1567 885 1043 825 294 605 1015 1986 648 1426 1351 1884 1882 610 1938 256 850 2118 1119 1574 1664 874 914 2433 2336 117 1443 2490 1605 2572 1537 1570 719 1102 2332
2271 810 787 788 958 2821 501 129 2690 786 2632 2706 324 363 1048 2467 1026 672 386 2619 638 278 57 71 2666 1923 1062 2311 2244 828 77 690 1080 1481 1440 2210 2118 471 52 1702 1940 346 2806 466 1884 2351 13 2520 980 1922 654 510 402 1662 1102 1438 1086 936 2521 1234 2142 2762 1506 2398 125 1576 1671 625 2616 108 2448 1953 377 2828 2599 1556 113 1610 2608 2602 2378 372 1785 758 1018 1612 1022 655 506 643 782 1500 1374 1912 1083 1465 1497 2669 335 508
2663 2686 2 810 1290 1518 601 1368 2029 2796 67 2596 1443 878 62 2583 1237 2008 394 787 292 431 2510 889 1794 764 1989 767 1642 958 1747 3 2271 2392 1833 2093 1119 302 417 2121 2451 1938 2217 71 2543 555 2384 731 2459 638 2146 2262 254 1906 361 1211 277 1783 681 886 78 984 1557 802 916 1001 1879 1351 492 365 2722 1567 1002 2244 1699 2085 2077 129 950 1769 21 719 18 1268 2065 579 1062 9 114 1562 2415 1842 2600 1398 2209 627 718 1256 2042 1651
2271 1237 958 810 787 1981 1567 1290 2821 788 71 394 129 758 2411 1518 2832 1102 786 638 2619 1062 1044 2467 2596 501 1614 1671 1604 312 2392 2690 586 1331 1506 897 1481 2632 2790 2816 324 1673 2398 2164 52 2142 635 1039 113 2311 1048 346 2171 2055 363 141 1963 1879 49 2137 1026 471 1923 241 1503 556 1702 389 1545 2747 2806 1926 1301 402 984 2666 2789 2098 1932 936 1781 2232 1630 2044 1438 2501 85 752 1456 1933 2543 1249 89 8 2244 753 1785 2043 840 2669
2821 2706 758 828 2690 2361 786 2467 1785 998 2794 2632 1963 402 2520 1237 1671 1781 2311 1048 764 1506 654 1024 788 346 377 389 1290 113 2164 471 52 1583 2465 2505 2210 672 1438 2271 1141 1500 2578 1481 2244 2669 2611 787 363 2411 138 1612 690 1702 936 129 1651 1062 1706 2398 1022 1923 1503 2450 2353 466 643 810 1933 1910 2378 2765 1435 323 1282 753 335 1039 13 625 2596 1941 464 501 825 1567 2682 1953 1518 2142 49 2008 1374 1662 89 2293 1368 1981 1140 752
1237 1290 1518 1567 1981 2 2663 2796 2596 2686 601 2392 394 2085 2543 2458 1368 764 2093 67 2789 1940 431 1909 2008 1989 1614 1604 2600 2146 2510 2434 1443 2724 292 2029 2660 2209 878 2583 62 1747 1331 1351 337 3 825 417 1833 2459 2049 1906 966 1017 1742 2042 1842 254 1642 1879 9 18 2280 812 1040 2384 1673 2451 530 1651 607 2426 1917 627 942 1301 984 1705 1915 555 767 945 2258 1627 1938 681 2794 2777 779 2140 2077 2682 778 2824 2532 2018 631 2307 2433 231
787 2271 810 958 71 2706 1080 1086 690 77 1833 309 1440 158 1237 1443 2694 1290 2672 57 2666 457 1938 880 466 386 394 2663 2 2686 2159 1653 1785 1028 761 638 1043 885 1518 2360 834 1690 2510 889 1044 2392 2203 1567 23 2620 953 1906 2414 1497 510 1714 2522 2332 1989 1277 230 1882 1198 861 1630 1205 431 2234 1576 1981 1224 856 2596 2608 421 973 2619 1457 2494 117 1922 333 205 2254 275 335 2055 1940 1014 2760 1879 1487 234 2434 2555 926 2233 583 1426 2543
394 1237 1981 1879 1290 501 129 1062 1567 810 2796 1518 1604 787 2093 2596 1906 113 2271 1932 1785 1614 2794 2142 786 958 241 2789 536 530 1438 1102 1543 367 788 2049 878 471 1301 1268 2232 324 1699 363 1331 1481 2137 822 1923 1588 1282 2280 1506 1050 2029 2660 2434 2411 2742 1909 890 2244 1545 680 1132 1500 2634 2790 1164 1781 52 998 2090 1407 2822 2164 2821 2465 2505 1435 2467 499 764 2191 1022 1248 638 1583 33 402 2632 758 2407 1935 1926 62 1673 984 456 2832
2706 1922 761 2494 946 690 1080 1443 1884 1671 672 796 2686 1198 828 466 2210 973 67 1267 810 1368 377 2520 2355 2593 1702 13 2583 339 2271 2203 386 117 863 2118 2 1605 2666 23 71 1833 980 2152 2249 2663 889 2828 372 2620 1668 265 1938 1747 776 958 2602 1989 640 1602 2619 104 1184 365 1481 1726 1374 1603 2448 1205 654 1285 2474 98 834 1044 1949 1953 2691 1651 2468 933 1237 1642 2749 897 2351 1426 752 1032 1290 477 275 2450 1380 353 254 1525 9 52
810 2271 787 71 958 638 1237 386 1290 1440 372 1545 1567 1407 984 1102 2065 2790 1981 1989 1368 2049 718 912 129 1445 501 1211 2357 1978 1630 2529 2411 2262 1119 1062 301 1518 2543 788 1673 337 1926 2609 2706 1923 243 394 1906 2596 2532 530 62 2600 1884 1456 2392 2029 292 2616 324 1742 1320 2118 2246 2055 2459 2093 143 2619 1628 716 1366 2789 2433 1285 2085 980 786 2685 2817 1284 1294 2665 2217 998 1604 401 1479 943 555 1301 2660 361 2796 1770 2832 2244 1360 492
129 324 1062 501 786 2244 788 1923 1500 1481 2794 2280 2142 2632 1813 1941 471 2164 1438 245 363 52 1435 1506 2690 2796 113 1290 2311 49 2137 2467 2821 1932 1662 1282 1518 139 241 33 408 1781 2583 2091 758 464 1026 367 2669 1465 1248 331 654 449 1237 525 108 402 1612 2025 1981 1706 625 1503 2429 2789 1917 1022 655 1543 822 2396 780 61 192 2173 67 672 239 1008 125 2301 2232 1141 2806 1018 2398 1024 936 2681 2465 2505 2596 2121 389 1048 2017 1852 534 643
761 690 2706 1922 2686 1443 1785 1080 1198 2663 764 1205 2 672 2494 861 889 2008 431 828 1884 2620 946 2510 1833 466 834 1938 309 2355 810 2146 2159 796 2203 1086 2271 2360 1714 1605 973 933 23 2210 57 1632 2414 1368 1726 2351 2520 205 1277 117 2118 601 980 1351 2434 2641 2176 1747 230 419 2828 2077 1397 2450 2694 377 1237 728 386 1914 394 1267 953 2608 767 2554 1927 719 55 70 2209 457 1842 2666 292 1671 1032 926 1616 2153 1184 1177 510 2777 13 282
2271 787 810 2666 958 2821 2706 1702 1785 57 638 2043 386 71 690 1080 788 77 2171 1440 278 1671 1884 2118 2521 2810 510 980 2351 2608 1032 1922 466 2690 2311 2816 335 2448 2378 2643 457 1234 1957 309 501 2467 560 1610 2468 129 113 167 1797 2210 2619 1940 163 2520 650 1086 1026 506 672 1445 1953 419 2632 786 1576 1043 1456 1420 454 1726 2749 1083 2346 718 1141 894 1102 2762 752 2760 2554 384 2522 8 654 1716 828 1205 236 346 831 1889 1882 1228 973 2475
672 2663 2 1368 764 1922 3 2209 601 1642 2293 1290 1884 980 933 2828 2686 1205 1237 1263 1285 1351 2008 2596 779 1443 1574 1518 2118 973 1940 776 2510 828 1198 318 946 2824 254 2443 812 431 1206 713 2210 788 1917 265 615 926 2520 825 13 1519 1963 1718 2146 896 1015 275 1374 2426 98 466 690 2434 2378 1066 35 719 1080 14 2593 2706 1915 1820 1985 852 1957 2536 2203 731 2280 2262 1989 2483 377 950 278 479 2602 2336 501 916 2494 1747 353 914 2599 282
2706 690 1086 764 1671 828 2690 129 466 880 672 2146 1576 2821 1062 2008 13 324 1785 1080 788 2203 2271 501 1884 2694 2244 810 2210 973 57 1702 2467 2468 1481 2520 786 1506 2448 2351 1923 77 719 1915 2669 377 1605 2152 2378 2816 2666 1083 52 2632 1922 2355 2602 1043 1351 1205 1420 1500 8 2578 282 363 158 510 470 758 640 1267 560 2828 346 825 1374 2209 2018 1141 1949 2361 2311 776 1198 2450 247 506 23 934 2749 2475 1537 421 1726 1668 2434 278 1612 1813
764 2008 2271 810 1785 129 2361 2821 2690 690 2146 2632 1062 719 1671 786 788 324 1048 501 2467 2311 2706 1923 672 1506 466 643 1086 828 1612 2434 1026 2593 787 1481 958 2094 2619 2611 2806 758 363 1702 52 13 1576 2669 654 471 508 2018 247 825 331 1706 2789 2210 2244 402 1237 2209 1500 125 2164 138 2278 2398 377 2353 1438 880 1290 625 1963 1141 2203 2351 346 241 412 1289 2142 1574 1781 2355 2794 1503 464 1642 1083 936 1813 49 776 1932 655 1525 57 2474
1237 1981 394 1567 810 1518 1290 764 984 71 129 501 2411 638 2146 2796 1879 1368 1102 2660 916 787 2008 2789 2392 788 1673 2244 1906 1062 786 1604 958 2271 2093 2042 324 1614 2832 2142 2065 2609 1331 2596 2682 2501 1977 719 2543 1989 1407 1301 1651 1481 2164 2794 1211 1545 2583 2044 2357 2018 1040 471 1438 2742 1002 1026 113 1909 998 1935 648 1119 2790 363 1179 312 241 2049 1351 1583 778 2736 1500 1923 530 33 2378 52 2842 945 49 1282 2191 1606 139 1915 610 1367
2706 690 2666 466 953 2271 1785 1080 1671 335 2171 761 1471 2686 1702 510 2043 1882 1922 1487 2620 1237 787 1602 946 810 1440 2203 1443 1726 2521 1198 752 2448 1290 386 764 1833 973 905 1525 2643 1953 265 23 2522 1518 2608 2293 560 1938 457 205 2351 1605 1957 1083 2572 1267 1397 1567 958 71 1889 1232 1205 2146 1802 1400 2751 2361 1426 2816 2760 498 889 2494 1747 1738 474 1488 586 1940 2152 1066 719 2214 2823 8 2056 1206 509 327 2210 2663 1420 2118 45 1032 2
2706 2271 690 810 787 1237 1290 1080 466 958 2620 2203 309 1785 761 2666 71 1086 386 2608 2672 510 1198 1518 1567 1922 2694 1205 834 457 1043 861 2760 973 57 2522 2686 1443 1833 205 764 953 335 1671 1726 1702 1884 23 1440 77 2619 1032 236 885 2434 2118 1981 1525 1602 2494 1471 1044 2521 294 2596 1882 1938 230 1605 2171 946 2392 583 2332 2823 2146 2056 880 2209 1277 1267 1184 2094 1487 2159 2555 1426 1497 1632 2 2058 1610 2355 1989 2663 2448 265 1714 1457 2152
394 129 958 1237 501 1062 1290 2271 2392 2055 810 2411 2596 2796 788 1906 141 787 1102 1518 2244 2093 2747 324 1879 1981 1567 2142 1614 1407 71 638 1119 62 984 786 2280 1331 825 878 113 292 2098 2789 1481 241 1604 1023 2029 1500 2137 1932 401 1145 2543 1301 2357 2191 302 2790 1673 764 1368 2434 1047 536 779 1543 2794 2832 1435 731 2451 1503 890 1628 243 449 2384 2426 635 1282 681 680 417 3 2663 2660 943 78 2 2008 1510 1026 1574 2822 367 125 52 1562
386 2706 690 2271 946 810 1290 787 1080 2118 1440 466 1940 1922 1884 1237 1198 1205 2596 3 1642 2203 1184 718 973 117 1986 1518 958 71 1267 1833 980 2494 2686 2 2663 2262 764 23 863 1443 796 2209 2392 1497 275 1938 2666 318 1086 230 1043 205 2293 2672 2620 254 1664 327 1525 1567 510 265 2593 1747 339 583 1989 1527 1641 1119 2159 834 1015 825 1426 1285 1574 2510 2085 2355 1351 2146 812 2008 2043 1206 1357 309 1368 1992 905 1671 2529 2171 638 2433 2694 889
1237 394 2796 1567 1981 1290 1368 1879 764 1518 2686 1989 324 2008 2 1906 2663 2583 129 1500 2065 2146 1040 501 2789 2392 2609 2596 2280 1543 2414 1062 1651 1917 2434 457 890 67 1909 2682 984 2244 1977 2550 778 1852 2093 601 2049 367 431 1301 2360 2459 449 1507 1747 1604 2660 369 2142 530 610 998 1842 719 2042 627 2794 1481 1351 2159 788 916 1583 2173 1935 2742 2055 382 1443 2604 33 2018 365 648 1179 1438 2284 1026 1119 2121 945 113 401 810 2458 812 141 2209
2271 1884 690 2706 2118 958 810 980 787 1080 1086 1940 386 2494 1922 1285 510 973 1198 880 672 1205 372 77 2694 1440 71 1043 2663 508 638 718 454 275 1610 2 2666 1456 466 2510 205 23 1545 2210 167 298 2521 1714 2672 1284 796 1374 828 1184 117 431 1570 1576 1443 158 1422 1497 2602 1668 2203 1752 885 1986 1206 839 925 788 1653 2351 1397 1671 13 1702 2828 1833 601 2433 946 2619 6 786 1189 163 1494 1316 2529 496 148 67 1102 1426 950 1537 57 2620
2706 386 1290 690 2672 1440 1833 810 1671 1267 1080 1237 787 2494 885 1043 2262 2271 2663 1922 2355 953 1518 1457 2209 1119 583 1443 2596 2 1567 2666 2620 1882 1198 973 466 2686 3 1642 880 1497 1086 796 2694 2392 1229 1938 2203 1992 77 1471 946 1940 1653 1373 984 457 764 2332 1487 23 2593 2085 2522 57 1986 1527 2739 1426 863 1363 309 1040 2474 1574 2008 335 2043 2360 648 2510 761 283 1747 254 365 1877 1191 2458 2146 548 2159 71 2600 1989 1981 2434 1610 339
1237 1981 1567 810 2271 787 1673 71 1290 2118 1884 2789 1545 984 501 1614 129 980 2660 1518 506 1604 1331 958 2357 1922 2609 672 786 2027 301 324 2543 1062 2411 788 471 1080 565 2608 1923 1610 1032 638 1438 337 2760 852 2696 1978 2392 2796 446 1301 2093 1407 2706 2821 2790 2632 690 2164 2103 1211 815 2049 243 2244 2458 2044 1102 1963 363 2085 530 2501 1022 1917 2832 1026 1481 1368 909 1909 1503 33 943 2351 764 2665 2433 1889 2210 309 1456 1500 1040 2611 2450 466
2271 810 787 958 2706 690 672 1884 386 71 2666 1086 2355 1440 2619 1080 2118 828 973 129 2450 466 1062 13 980 1671 638 1198 1044 3 117 377 2602 1290 501 2203 1642 1374 897 2262 1205 1267 2828 2593 2210 946 880 1668 2336 764 2578 2055 2520 265 1043 1923 372 323 324 1102 1436 1922 1882 1736 2529 788 1237 850 933 718 2361 586 1963 141 1015 1272 984 1249 1933 23 254 2411 640 1456 1610 1910 510 1032 143 2171 2832 1605 758 2722 2596 1630 2821 2342 2694 839
129 1062 1671 324 1481 501 52 139 2821 1785 2280 2706 2244 2311 2450 758 828 466 788 2690 1612 2351 1923 957 1506 2396 1503 2164 1910 672 786 8 245 2448 764 1022 192 61 690 49 1917 1465 2789 2669 1024 2142 1932 2578 1435 2173 2794 389 2467 1500 1736 1141 1813 402 1726 1638 2365 2361 2632 654 525 2091 2025 1933 408 1889 207 861 499 1282 1941 471 1781 1032 1237 113 2742 1567 565 1027 508 2508 1963 1249 1662 1438 2565 363 335 936 780 241 1702 953 356 1039
764 57 1922 1884 1940 2118 2494 1080 2008 690 2244 510 67 2706 788 2608 2146 129 1237 1481 786 2210 1923 324 501 1234 1205 2159 2142 980 804 2521 1026 1086 506 2813 2522 1726 948 52 2821 2393 1062 2360 1706 719 1981 925 2271 309 1937 2690 1545 1802 1465 815 363 627 2284 236 1198 1022 2794 2842 2543 1039 2376 491 2583 880 2760 2382 464 780 457 241 329 1040 672 2203 1690 2467 1028 372 861 689 1503 2164 2620 471 1500 2135 2569 466 33 1064 1215 648 2433 2520
764 1671 1922 690 2271 510 466 2706 1080 2521 810 2203 1963 2008 1471 2494 1205 2361 2666 719 2118 335 1702 1884 2554 2816 2171 953 1032 752 586 2448 787 1488 2043 8 2823 761 2351 2146 1487 2620 2832 1237 1981 1726 1397 1602 1738 419 980 1953 2508 1090 457 1043 2209 1889 1632 2821 1567 2619 1605 2434 2608 958 825 129 973 1015 2522 1198 2643 2807 71 894 205 946 1351 1610 2278 23 2789 1785 1184 1556 1026 2153 294 148 312 443 230 1481 2060 1456 2018 1891 324 2474
2209 254 764 1642 1518 1290 3 2686 67 812 2293 1785 2596 1368 2008 1574 2146 2434 1545 2 2214 1102 1443 825 1772 1957 1351 2583 283 272 2378 2663 601 2392 1066 831 1820 1237 394 1651 1206 2536 828 2029 1989 1879 1940 431 409 1422 914 719 1915 1752 2361 2722 401 2832 713 627 384 1958 9 945 2490 485 2085 1493 560 998 1361 731 878 318 1636 826 2433 1833 2682 2475 1420 2593 1762 35 62 2336 292 1203 13 2543 1017 2018 943 779 1747 2520 1567 1559 1595 2262
810 2271 690 672 828 1922 2706 946 2355 1671 2619 2494 761 1884 1080 71 466 1198 2210 377 958 386 1267 2203 796 2666 2152 23 776 1368 2520 2578 2602 2593 787 254 67 1785 1374 2450 1668 2806 2828 764 13 1605 788 1559 2434 324 973 2691 1702 353 2474 1574 1044 654 752 129 2821 2583 2055 1642 98 1481 117 2244 1480 1205 1062 933 1290 477 2452 394 2008 2620 3 640 1906 834 1466 1651 2118 1923 781 234 1351 1106 475 2351 141 1435 292 215 113 731 2361 2536
2706 690 1290 1922 1237 1198 1518 2209 2494 2686 466 2203 2620 3 1833 1642 365 2596 1205 1040 1567 386 1671 1080 1443 2262 1267 2663 973 2 1527 2355 1525 510 1184 1938 2474 984 1747 283 1497 1119 254 764 2392 953 2593 1043 1981 265 2085 2694 810 318 1940 605 761 2666 1884 1426 1992 2118 946 1397 648 1605 23 2543 2152 1440 1086 2271 431 1614 1882 825 1015 583 796 1989 885 610 1726 2672 301 2458 1610 1986 863 67 2510 230 812 1400 1714 1570 1471 1331 294 327
129 1062 324 2142 1481 788 501 1923 52 241 2280 2244 1503 2821 464 192 2690 1706 1671 1932 139 1500 2311 786 1813 1435 1026 2467 2794 2669 245 61 758 113 2789 2806 1941 2632 33 1612 1465 1917 449 2706 2164 2137 2173 1912 125 2450 367 654 2025 49 363 1022 2271 456 1506 2681 780 690 1563 2091 828 389 2396 525 2316 1141 1662 936 672 2365 2666 1884 372 471 1438 625 1237 1048 1281 628 2250 1820 1039 1282 496 1655 89 2716 346 973 207 2611 810 840 534 2017
129 1062 1785 810 2271 788 501 324 764 466 690 2821 2142 1481 1923 1884 2794 113 1080 2008 654 1086 2632 2351 2146 2706 2311 241 958 787 2244 2280 761 1237 510 1205 1503 52 2203 786 1612 309 1813 973 2619 1671 394 2690 2434 1922 1022 1932 2608 1500 2137 1026 2467 57 834 758 1368 936 825 2669 752 1435 230 672 1141 23 1198 71 49 1465 2284 1915 525 125 2536 2522 1282 2414 2426 828 2164 1048 2666 880 2521 1702 2465 2505 1506 163 2620 946 1351 2118 719 2760
810 2271 71 787 958 2706 1237 309 2351 466 2450 861 129 638 2608 501 506 1884 1032 984 2760 2522 1556 834 1567 1610 1062 1736 565 897 856 2747 2619 957 301 2448 1933 690 980 1277 1044 786 1119 394 2056 1963 1906 2118 2666 815 236 335 1630 1671 1290 2203 1015 163 2156 761 324 1205 1518 510 2342 2821 2311 1638 2055 1321 1709 1632 2404 672 1907 1981 1726 758 592 2262 2098 2725 2632 1364 1249 1927 1889 1080 2182 2060 1102 2578 141 2361 1785 609 419 2750 1844 45
764 2008 2146 2271 1671 1785 1368 810 2055 1351 2434 1884 2209 1574 761 141 719 914 998 2284 690 254 1044 35 2706 812 2536 394 946 401 1651 1466 1289 1237 3 825 828 1915 2619 1642 752 365 2203 873 2583 1493 177 386 1145 1510 2361 67 1772 1583 1702 1922 230 2682 457 1506 1367 113 1080 897 2426 615 2450 2360 788 2824 958 2355 303 8 2747 2159 1198 2609 2474 1559 776 723 2414 2821 1906 1023 1567 731 1879 1628 2018 380 377 2336 1290 247 475 779 1121 2690
2821 2690 2467 1785 1506 1500 2632 2669 764 346 1026 1048 786 2311 501 1021 1612 1503 402 1141 129 788 363 2465 2505 2789 654 1671 1941 2146 758 241 113 2008 52 49 2794 1481 936 1923 138 655 2378 2398 1917 2164 2244 1027 324 628 1438 2434 331 471 643 828 2025 1062 449 2611 1024 2816 2142 753 1022 719 495 1140 200 525 1781 782 278 329 2706 1912 2271 2316 430 2018 57 2765 61 995 464 810 2832 825 412 1102 2475 2520 1702 2091 192 89 1228 2806 1843 2017
788 1518 1290 1545 810 2821 787 501 2271 2411 2706 2832 1981 1237 129 1923 1102 52 312 786 2690 283 2142 2790 2796 2501 2632 1062 2044 1953 324 2164 363 2467 1026 4 943 1407 113 49 471 1438 1368 386 1503 346 626 1481 278 1506 2596 2794 1567 758 2398 2767 125 556 2244 2311 367 638 2378 2583 1048 635 2351 108 394 1909 2806 1926 916 909 1612 2232 672 958 1671 402 1781 221 1141 372 984 1022 1662 2669 690 1039 1879 389 1889 2742 822 1282 936 654 2361 241
1884 1922 672 2706 690 1080 2118 980 828 386 372 2828 2520 13 787 2271 1443 2494 377 2663 2666 2 973 2210 1440 1605 1205 810 1285 1397 2152 265 2690 1610 1668 510 1086 2510 2806 1198 2602 420 1374 601 1570 275 786 117 2620 788 1833 334 298 750 640 23 363 933 323 946 431 2203 466 1603 1357 1706 2821 1015 889 1189 1785 2632 958 2672 1923 926 2521 796 2467 654 962 718 1026 1726 501 1426 2608 2578 1184 1537 398 1616 1953 885 278 475 339 1038 2032 309
2706 386 690 1922 2271 810 2686 2672 1440 787 1086 885 1080 1443 1833 1290 946 1497 2494 2209 583 1457 1940 797 863 230 1198 254 3 339 764 1559 2663 1357 564 958 2694 2 2332 1938 2620 1043 2203 1785 1229 2739 23 812 926 1642 761 1664 796 1351 1786 466 2008 2434 1518 1237 1106 1368 1267 1525 1574 1986 309 2596 77 1877 71 2666 1196 1184 318 265 1884 2146 117 2152 889 880 2336 834 2824 366 2392 1747 581 457 706 1081 104 1191 2118 1772 718 1595 1426 1646
501 129 2821 1062 786 788 324 2794 2142 2467 1022 52 2244 363 113 2669 1481 2505 2465 2414 1237 192 2690 241 1500 1026 1282 2311 1438 2632 1503 49 1781 1785 1048 471 2360 346 2159 1981 1506 2 758 2663 1923 2164 1465 2433 2789 402 61 1662 1932 108 840 1028 1989 394 2398 1612 643 2611 408 1435 2550 936 654 1177 278 1039 139 2280 1690 107 764 2832 778 2146 2234 389 525 2093 753 125 2438 628 1592 1056 2604 431 2396 1102 2025 231 1813 1940 1507 1842 1141 1027
1086 1545 67 2583 943 2411 1290 1102 1518 1237 2121 788 2790 2832 1407 1752 627 464 1820 925 1422 2694 231 1706 496 2544 1001 2724 221 950 885 283 826 880 2501 312 2706 1627 1656 2271 129 4 2817 635 626 2767 556 2142 1923 77 934 852 1636 1576 1912 386 1503 1062 810 1369 501 947 712 2649 324 518 2433 197 787 1043 192 2378 1981 1926 266 1218 1148 817 2690 1718 2543 1965 2044 2350 2300 155 185 2085 1146 1123 1567 130 489 2783 1316 1348 2050 1405 486 372
2821 2271 2351 1785 786 787 810 2608 1702 2632 363 309 501 57 2690 1726 2311 788 2706 2467 278 2760 654 936 510 1048 508 2505 2465 2669 2794 1141 1922 2521 1506 506 129 2448 1612 2522 2643 1080 2666 346 1032 1940 690 335 2663 1021 2 1438 236 192 138 625 1797 471 1022 1026 1503 643 958 2118 638 457 77 1056 324 1605 1576 759 1364 402 113 2244 2169 1953 2153 466 560 2611 2378 1632 52 2176 2398 2056 167 728 1923 1500 753 1435 2554 473 1397 1465 71 1662
1290 1237 1518 2706 1567 1981 2543 2796 984 2085 2660 1673 2596 852 810 2262 2600 67 690 2458 1884 372 1331 1614 1368 2271 1718 1080 2392 787 1545 1017 2118 2494 557 2686 1747 942 1119 337 1205 1211 631 1978 1301 2357 1922 2583 2696 1285 2093 487 980 973 2789 607 1604 1794 2008 796 1384 966 2210 1909 1742 1989 764 958 909 925 1705 129 1681 324 2282 1992 1923 386 394 1366 916 2433 243 1479 2257 1198 501 446 672 788 1860 921 1316 2146 2609 813 2665 2593 2459 786
2271 810 690 1237 2706 787 1671 958 2619 1567 1884 466 1981 2468 2118 71 1080 764 1290 1545 1963 1702 510 980 2411 672 2821 129 788 506 2832 2783 501 1525 2632 2816 2351 1922 386 1205 1610 471 2203 1923 786 1048 1518 1062 163 2210 2690 909 8 973 2094 2008 1032 828 1083 556 1215 1500 1630 984 1882 283 1438 377 2246 2361 638 2244 1953 1456 1668 1043 2448 2789 1368 372 1015 2749 758 2666 324 2467 312 565 1797 1481 2529 1664 635 654 2602 2521 1480 1949 2596 1044
810 2271 787 71 958 638 394 1940 1906 2414 1518 2510 2 2392 2360 2176 2159 1989 1028 1673 2532 2042 2663 309 1290 362 431 1690 1981 1614 1986 386 1879 728 1237 1785 324 2736 1841 916 165 501 718 1331 1102 1938 2234 722 925 230 1935 2411 984 211 1567 1833 2426 1177 2641 648 1445 1467 129 107 2596 55 312 2832 926 1463 1604 764 1040 369 457 2796 2093 610 67 2790 1056 2619 530 2550 1368 943 2008 778 1593 2789 1842 834 337 2146 736 2357 2055 401 1301 1825
2271 787 129 958 810 501 764 1062 1545 2008 1237 2821 788 1048 2411 786 2632 1963 324 2832 1981 1026 1923 2044 2244 1932 2690 2146 638 719 1481 471 2467 1024 312 925 71 2501 1500 363 2706 1702 635 1022 2164 2619 1612 556 643 1884 1282 464 510 52 2789 1438 1039 241 2142 758 1102 1506 57 1567 33 1610 283 2794 2118 2311 2790 1662 247 1706 2203 1465 2398 2199 1043 456 1630 980 690 49 1086 2232 628 1351 1456 1205 2611 77 2521 346 506 1290 2544 1941 2666 389
2271 810 787 958 1671 764 2706 2619 2008 129 2821 690 586 71 1963 1062 788 324 786 501 8 2832 1048 1702 1884 2816 2203 2146 1456 2468 1932 718 2411 973 719 1545 638 1205 2789 2690 2244 1083 1026 1610 506 1015 1481 386 2043 2118 2529 1630 1625 1237 1923 372 2284 1500 2171 247 2475 2632 2044 2467 464 1090 1915 1043 1525 1351 1556 1027 556 57 2209 1080 241 312 1407 363 2081 797 443 510 143 2501 466 635 283 628 6 2474 825 346 776 880 2378 1981 33 52
2706 2271 690 810 787 386 958 1080 3 764 1884 1642 1440 672 466 973 1267 1671 946 2118 2355 1198 2209 254 1205 2494 1922 2203 13 828 1525 265 2008 2666 2593 980 2210 796 2520 510 1374 23 2602 377 2146 2828 1668 1272 71 719 1882 1702 143 2152 2529 850 2619 117 2448 1351 2293 2691 812 1285 2572 327 1595 2620 318 718 909 1574 1915 275 933 2043 1102 8 2171 1602 2468 1762 1497 640 2336 1083 1086 638 1726 6 1664 1605 205 283 1545 323 2816 2474 825 1184
2663 2686 2 292 67 1290 2029 601 1443 1989 62 2583 302 878 1940 1518 2596 2543 417 1794 1747 767 2262 555 2510 1833 431 1368 3 365 2451 2384 1237 2600 2217 78 1642 2458 1783 361 681 2796 889 2085 1986 893 2121 1938 2392 950 21 277 18 1562 2459 749 886 852 2415 1842 1398 1320 802 2093 2423 2364 1001 1211 1888 731 1770 1040 2685 2074 289 1699 114 788 427 1686 627 868 1599 254 2722 1256 942 394 70 2271 492 1557 288 1992 610 2609 544 2077 380 579
2706 690 1237 1290 761 1198 1080 386 946 2686 2271 466 2620 1922 2203 1443 1518 1605 973 2666 1833 1440 1602 2494 1567 2210 1525 810 787 265 863 1267 510 1671 1882 2694 1785 2171 23 2043 2152 1938 1487 953 1086 2520 1726 2572 1471 583 1981 1616 335 1702 339 2596 958 2672 2448 2823 457 2608 1397 1953 1184 2118 796 275 1664 885 2521 1205 1380 1043 327 2293 1527 1032 2355 309 764 648 1642 1747 1497 2392 71 1884 889 1603 2 6 2623 752 2361 2663 2209 77 1426 1272
1086 764 2008 57 861 309 2663 1443 2 2159 2686 1785 129 1922 2146 2434 67 761 880 2360 324 1884 2284 672 2510 885 1277 1062 2694 2414 457 1351 1481 1576 2608 1833 810 2706 601 2583 431 856 2210 506 1457 690 1028 13 2176 282 834 889 2244 501 1234 2280 2760 654 2327 719 2620 828 1842 825 18 1938 2794 1080 1714 640 1690 499 1940 1517 2077 2520 61 2522 1927 2295 466 1368 2641 934 2494 777 2056 916 1651 926 2806 812 52 1612 815 2413 1282 230 2824 2209
501 810 129 113 1062 2271 787 786 958 363 1102 788 471 2411 241 324 1438 2794 2142 1662 2164 1923 1435 1282 108 2467 758 1237 394 2137 2832 1407 943 2091 1481 2690 2632 2244 2280 1500 1022 2790 1781 2821 1932 654 1935 2796 2398 1981 2634 2505 2465 52 1506 840 2301 1248 638 312 2311 71 2044 822 1048 1026 389 2407 2232 936 1604 402 625 2742 628 221 2817 536 1503 1039 33 49 2501 1463 753 245 1268 1290 1505 408 1465 1567 2017 1543 2669 2429 1141 635 139 2055
466 1785 2271 810 764 2203 690 1884 761 1205 2619 23 1671 1198 958 2706 672 2008 2821 1080 129 2351 787 1062 510 230 2146 828 1702 973 501 71 946 654 788 1922 1044 1923 2361 2467 2690 2794 758 2666 2434 2521 834 2669 324 1556 1481 825 2494 2426 1237 394 377 1723 1374 309 2159 1612 2244 2602 2284 2210 980 786 752 2360 2414 1500 2280 1506 2142 776 1714 1228 113 2118 1351 2632 2536 1083 2745 719 1963 1022 2620 1906 2311 1610 926 2336 1249 897 192 2058 2474 2209
394 501 129 2796 1237 2244 2794 890 2280 1435 139 1282 1062 2093 1906 1543 1248 2789 1981 324 2042 1879 786 1368 878 2029 2 1268 788 2173 1518 1567 916 2392 1699 1500 2142 2663 408 1022 245 401 1290 2396 367 192 62 1164 1940 2055 2384 2146 1989 984 764 1481 778 356 1438 1917 2747 601 2596 471 1465 2311 239 1056 536 2609 2682 2451 499 382 1651 1842 417 2429 2842 780 2008 292 2090 1909 638 699 241 625 1852 2681 1503 33 2137 2414 18 2191 449 113 141 369
1237 394 1290 958 2796 129 2093 2596 2244 810 501 786 1062 2426 2392 1518 788 1500 2142 1906 3 2271 1614 2789 1981 2146 1879 764 324 241 1368 1331 779 2280 890 787 2434 1567 825 1026 1040 2008 367 2660 1604 2794 243 1673 1642 1543 1481 1301 2191 254 2543 1915 113 1574 2536 2411 363 14 449 873 719 2049 1438 1932 984 1435 2458 530 1503 2357 2822 230 2609 192 71 1022 638 33 1794 471 1141 2284 2600 365 1465 1923 1781 1282 1985 125 610 245 2663 2 337 52
2271 810 1237 2619 958 2706 1567 787 1671 690 1981 466 71 129 2821 1963 1610 1044 2468 2361 2666 2448 1062 2118 764 586 2816 1702 2632 1884 2351 8 501 471 2171 1882 2832 1048 1205 1083 980 2411 163 1032 1080 510 2246 1630 1556 788 758 506 2043 2094 1015 1545 2690 786 1525 1438 1215 2823 638 1290 1889 312 2554 2203 1456 1614 2467 1632 1043 984 2562 1500 1638 957 1481 2153 1024 752 1923 2311 2278 1487 2044 2392 2168 2521 2244 894 1026 2008 363 556 2357 1612 628 2398
1785 764 828 2008 1086 690 672 2706 1922 2146 2520 466 2210 13 654 1080 761 2351 57 1443 2360 377 2494 129 2159 1726 2448 1940 1612 2244 2414 1198 2632 2203 457 67 2620 2821 1500 640 1884 1205 1481 861 2690 1506 810 2280 2434 2686 1141 2311 324 2284 1435 788 182 2608 309 2828 2794 625 1062 2669 52 812 1351 1671 1277 719 2694 2578 2176 1426 2467 786 402 113 1576 471 1802 501 936 1177 282 2602 499 1438 1616 2 55 192 2806 2663 1434 23 139 1949 2271 1605
2209 764 1785 1351 2008 2293 2 719 2663 254 2146 812 1642 35 3 825 914 1493 1915 2434 1443 1574 2686 67 1290 1518 2378 1957 477 560 1772 2214 615 230 581 2824 1420 885 256 2018 1559 272 283 2583 601 831 1361 1595 318 384 2593 713 2475 1206 2706 1989 1247 1086 926 2336 1043 2832 1368 1106 2722 690 1833 386 2055 1203 1422 278 1066 874 731 401 1148 1899 231 1102 431 1786 1762 165 2510 564 946 777 395 1228 995 1940 215 303 450 803 2672 720 2332 779
466 1237 2271 2666 690 2706 810 672 1922 2203 787 1605 1290 1080 958 2152 1884 1567 1086 1032 1518 980 2448 510 2522 1702 71 1953 2450 2210 2361 2351 1671 2608 2760 2118 1198 828 335 861 1981 1043 13 506 1726 973 957 1668 933 1963 1102 386 309 946 283 934 2619 2828 394 1044 1440 2056 609 897 1545 1882 1889 2602 1785 565 1397 2562 1610 1638 1933 1205 2404 498 129 1083 23 834 880 1119 2060 2521 2725 2620 2643 2578 885 2543 2596 856 1736 1374 2816 2262 2749 1267
810 2271 787 386 2706 71 1440 1940 690 1080 2 1443 2663 1833 946 1290 309 1086 958 77 117 2262 672 1884 2118 1237 973 2694 1043 1922 834 2392 1198 1986 885 718 275 265 878 23 466 2543 2672 863 761 1205 2596 2494 2686 339 980 1938 638 230 1119 1714 1184 2203 1664 1668 1518 764 933 564 2209 926 1285 62 1525 394 292 3 1374 205 1653 601 1559 2602 1642 1610 1527 2510 1320 1718 1357 889 2332 796 372 1368 1992 1267 158 1015 1906 1032 454 916 1028 1574
1080 1922 2118 2706 1884 2821 788 690 980 1610 2311 810 466 2271 113 52 278 973 2666 787 2142 2632 2448 2608 501 2351 786 1438 2494 192 471 324 363 129 1503 1726 2760 654 1285 386 672 958 936 2 163 1032 1923 2164 2663 2794 49 1662 1612 2620 2467 2669 1616 2690 1015 1506 1198 1592 346 1397 1605 2398 2505 2465 2137 758 2244 108 2152 1989 625 2643 753 1481 298 1440 1062 1026 525 402 236 117 23 420 167 2056 1570 1205 1443 1426 372 506 306 375 71 1435
764 2209 1237 1290 2293 812 1518 2008 3 1642 1351 254 2146 672 1368 825 2686 1567 828 1785 719 2434 1574 914 1614 35 1493 1989 2596 1915 2663 2824 318 1772 2 779 67 1981 1820 2392 2214 946 1198 1957 1066 2018 431 945 2828 1331 1651 2583 272 1136 2475 788 601 1443 2510 2821 2458 2378 2085 13 615 690 282 1420 2536 9 831 2520 384 2543 365 377 560 1026 1595 394 1205 2284 2459 627 1500 2600 2796 1040 324 925 916 2280 516 776 2789 2490 474 283 1119 1352
2706 690 1922 386 1443 1080 2686 973 1440 810 1205 1884 1833 672 1198 2 1086 2494 2663 2118 2694 466 946 889 23 117 1043 2203 2672 2271 1938 1525 1610 796 980 787 265 2262 2510 2620 933 1184 1290 1267 2332 2520 885 1426 275 2210 1015 1940 1714 1989 3 1397 601 1559 1747 1642 1570 583 1357 318 1616 761 1664 1668 1285 1457 2828 431 2209 1400 254 828 764 2115 2602 880 510 1726 1106 1574 420 298 2355 2303 750 2593 62 776 158 564 498 588 926 1537 2014 292
2271 810 787 958 1237 1290 1884 372 386 1080 71 2706 1440 980 1922 2118 690 1518 638 1285 718 2596 973 1567 283 1545 2468 1673 1102 3 2609 2262 2543 796 2494 2600 1981 1642 946 1368 1989 454 672 2790 1445 2529 776 1407 2666 2085 2660 2049 2411 1614 1267 1456 1702 2458 2593 1610 1211 254 2796 943 337 1630 466 1331 1015 301 2832 610 1119 1882 1351 221 143 275 764 1284 425 167 530 1752 897 648 942 1205 2008 557 353 1527 2459 2474 2643 1893 1747 1604 487 1301
501 129 810 2271 1062 1981 2632 471 2821 1438 1237 787 2164 1481 786 2690 1612 2467 2311 2794 113 1567 1048 1500 788 241 2244 324 2091 402 2142 1889 52 758 1506 49 71 2398 2411 2789 363 638 2832 936 1022 1503 1923 654 958 625 1963 643 2611 628 1024 239 1781 1026 1941 1662 383 1282 506 1518 984 1671 2465 2505 753 389 525 2796 1290 1909 565 367 1953 1932 1141 2137 1465 335 2706 312 1435 1140 1039 1545 346 2742 467 108 452 1248 33 1604 2280 1543 2501 412
764 2209 3 1642 2008 254 2293 812 672 1290 1785 2146 825 1574 828 690 719 1518 1351 2434 2361 1922 1237 2686 1198 2596 1772 318 466 946 283 2214 1066 265 1726 2018 35 1957 914 2706 1493 2828 2536 1595 1915 779 1205 1443 2392 2490 1702 2353 14 2210 272 2824 953 831 560 2475 1102 776 1762 2203 1368 384 1420 2378 2520 2336 13 2 2284 2821 2663 256 282 1567 431 2593 516 1203 377 896 2448 615 933 973 1471 450 2666 1820 1985 1614 1226 303 1747 2443 15 1374
2789 786 129 2244 324 1062 1481 2142 1368 1500 2055 788 501 33 1917 2690 367 52 363 1989 1545 1026 1438 890 471 192 1290 141 1435 2794 534 402 2316 2411 2632 2821 1923 2029 245 2467 2044 1022 461 139 241 2429 1237 401 1813 2280 1048 2686 508 1614 1102 1518 1662 2663 449 1503 67 2 2164 1465 1941 958 9 1145 780 2237 2065 2682 2137 1628 2583 699 1367 235 998 113 2716 2459 394 1673 2796 2681 2747 731 417 2594 1248 2609 71 1873 1331 2217 643 2790 1906 380
764 2706 690 1671 1086 2146 2008 719 810 880 2821 2271 129 2690 1785 324 1576 1062 2018 466 1915 828 672 2203 2209 8 1267 2816 501 2468 1351 1702 973 1497 2694 57 2619 2152 1420 787 1605 2361 2378 560 13 788 2284 2666 1481 1506 1884 2244 2355 1080 247 2448 812 1923 2293 77 1957 2467 2475 1043 1289 1083 2351 510 1922 786 2632 586 825 384 2214 1078 278 2434 1500 1474 1027 470 52 386 158 2593 1198 272 2094 1493 2669 831 2824 2311 1530 2210 294 346 1141 282
810 2271 2706 2821 787 788 386 690 2690 2666 1440 1671 52 1481 958 2467 1923 1026 786 2210 2619 324 1086 2142 501 1141 346 129 71 2632 828 2520 2171 1506 113 1080 363 973 2398 638 1062 2806 125 2816 471 278 1702 13 2311 1102 2043 1048 2244 1438 672 372 1503 936 1882 655 2669 1912 377 430 464 241 654 6 2694 331 466 2355 1267 796 57 1706 1953 718 753 1500 2643 1605 2810 2468 2465 2505 335 1884 782 650 108 758 1612 1576 1662 2749 1021 628 1813 752
810 129 1237 2271 501 113 2632 1062 1567 1438 471 1981 2821 758 1503 1481 786 2311 2142 1506 1024 2244 625 324 52 787 1435 788 241 2467 1612 1923 2706 2690 654 1500 2789 2164 2794 1141 2091 1518 1290 49 402 1248 1039 71 1941 2611 936 363 2796 1048 1917 245 643 1671 389 331 367 1022 958 2280 1282 2398 2465 2505 679 1852 655 638 383 2742 2137 2411 2634 2669 139 2232 525 1274 1465 1781 467 1662 394 2450 1026 1932 1140 628 1127 2832 89 239 2017 33 412 1706
1237 1567 1981 810 984 2271 1518 1290 787 1614 2660 1673 1331 1604 71 2796 2357 2543 506 1909 1545 471 786 2706 2093 2392 1438 2433 2789 301 1301 1978 394 958 129 337 1119 2085 2244 2049 565 2609 530 2065 1742 1102 2596 2832 2696 815 501 2450 1481 2094 2411 2262 2790 363 446 2821 1211 2118 1368 1671 638 231 672 2501 1922 1906 52 2619 1613 943 2760 2376 1062 324 243 1407 2458 909 2690 1032 1923 2632 2246 2608 690 871 852 2600 312 2044 1040 1718 2361 2034 1926 788
1237 1567 1981 1290 1518 764 2796 394 2146 1040 2008 2434 2794 1500 810 129 501 2093 2596 2392 2018 2609 2280 1062 787 1604 825 1368 1879 2789 984 2682 1248 648 365 113 1614 1282 1923 2660 449 2536 719 1785 2284 1435 471 2209 2271 1022 324 2244 241 1909 1917 1576 1651 1438 610 139 786 1915 1906 1301 1977 2357 2426 245 1503 2632 1481 916 1331 788 1932 2293 2142 1351 2029 1583 998 33 2049 1852 1578 239 605 192 1119 3 2232 2543 1673 2539 1102 654 1505 873 2042 2411
788 2663 2 1884 601 1923 786 1086 2821 690 672 278 324 1922 2669 501 2520 2142 464 828 372 2210 2632 67 129 125 2706 1912 1706 2475 1080 2378 2806 1026 13 386 1282 2690 654 2244 2794 2118 1503 2583 2467 713 363 2311 1443 1420 560 1785 1820 1062 1500 2828 2494 1957 980 2062 2510 18 377 52 1506 1940 346 1813 1655 1435 241 384 1842 1048 496 1558 456 2271 640 272 2301 1248 1465 1440 1481 1497 192 1039 113 831 1205 2214 1756 880 295 691 758 1357 627 973
1237 810 984 1290 1567 2271 1981 787 2706 1518 2660 2796 1368 337 2543 71 1673 1614 1884 1331 129 2600 2357 2596 2049 2085 2609 1906 1922 1742 1909 1978 2458 2262 2392 501 690 394 1989 324 958 2093 301 243 530 1211 1062 2118 786 1923 1992 506 2459 1301 980 1119 471 1438 2008 1604 788 2065 2244 852 2027 764 638 1080 1610 2665 2789 2146 2532 487 1481 565 672 1613 1671 916 2696 1630 778 2821 2282 631 2103 1002 909 369 1705 607 363 416 1215 2468 1402 1040 1545 2042
1237 1290 1567 1518 1981 984 1614 810 1331 1673 2596 2660 2796 1909 2706 2271 337 129 2821 2049 1742 2085 1923 324 2458 2543 1062 2789 501 1671 786 1604 788 52 1481 787 1368 2790 2244 2411 2690 1545 394 2600 1301 471 2142 1438 530 672 2093 1102 690 2832 2392 1119 2357 243 909 1407 2696 1017 966 363 943 487 1922 1917 2632 1080 1989 2467 1026 1926 1040 2494 648 758 1813 1978 921 346 942 1002 916 1879 1500 2361 1747 71 2609 2065 221 1048 2686 945 241 446 628 312
2706 690 761 466 1205 1080 973 1198 861 828 1884 1726 1785 810 1032 2494 1922 2271 2608 2620 2351 2056 23 419 1086 2448 2203 2210 2554 2522 1632 309 1671 2760 163 230 377 672 834 1927 764 1610 2434 275 2355 1556 1914 106 1802 1616 205 215 1277 1702 856 1574 2209 1605 796 2578 946 498 2450 1426 1015 1368 2520 2008 1559 2118 803 787 2694 2153 57 880 45 2759 980 372 777 2115 957 1537 2823 2474 2619 436 1093 2468 2280 2060 2277 1400 1351 797 386 1184 333 2249
67 2663 2029 2 601 2583 878 62 788 2686 1290 292 417 555 2217 1518 1940 1989 681 627 2510 302 2415 2384 2451 2121 1443 1562 1810 129 802 431 2433 18 501 1699 125 2789 289 21 1842 2596 1001 1912 361 324 3 202 2568 2509 1062 731 2376 786 1923 427 1628 1256 1888 2423 886 1237 464 1075 1747 893 1706 1686 889 1557 2794 1026 1398 2469 231 192 1770 114 672 1642 372 401 2373 2142 597 868 78 2532 1890 1282 1435 1241 1492 1418 108 394 1579 1320 2085 950
2271 810 787 958 71 506 2706 1032 1237 2608 2760 2666 2450 2448 309 466 2522 638 897 565 335 1567 1884 861 1933 236 957 690 1736 1044 1844 856 129 1610 1556 2060 1889 2351 1702 834 1981 2156 1364 2619 1797 1726 2821 1145 1086 419 2749 1638 2182 2643 1632 2055 1080 2725 1321 2750 744 501 980 609 2197 2118 1630 2056 2404 1251 2554 1927 394 2203 1290 1671 1277 2747 183 752 189 2823 2562 2311 1043 141 2632 1062 1518 786 1953 1882 815 171 1015 2201 2690 2442 2346 2816
764 501 129 786 2244 471 1438 2008 1062 324 363 2142 1481 1237 2146 33 2794 1981 1500 2789 2632 52 788 113 1651 1662 1026 108 1022 1923 1368 2796 394 2690 1282 1977 719 1506 2682 1435 402 984 1518 1290 2467 998 2065 2042 2429 1048 1941 1503 1465 139 2396 1909 2280 810 2660 2164 61 2173 654 625 241 1915 1567 2301 2398 1813 49 2316 916 2017 1179 192 1578 780 945 643 367 239 2093 1351 936 1612 1583 2018 2742 245 655 1039 1917 1008 2392 534 331 2821 1781 1493
1785 1651 2682 1237 394 1368 764 2280 2042 499 1567 2392 1518 945 1977 916 998 1914 1578 778 139 1481 2536 52 2 2142 1583 1981 1503 2434 129 2686 1290 2413 2146 2663 9 2008 192 1179 1879 1228 1906 2361 2360 2029 2295 501 1989 245 457 2796 2510 431 2209 639 2159 825 1614 1062 777 1383 786 1854 230 292 382 2794 2311 2164 2821 1367 2647 2785 2539 1443 517 2414 1769 2690 310 648 2293 135 2252 227 1920 2426 2543 2093 1040 812 2550 1296 2451 2173 558 2756 324 1145
672 2706 690 1785 1237 466 2271 1922 810 1080 1086 764 786 2686 1443 828 946 958 787 2 2663 2210 2203 1668 192 1290 2008 1833 2690 2828 1884 1438 812 363 2520 1374 2821 2602 471 2494 77 933 1351 2694 2351 377 1938 13 139 1518 2632 885 52 2666 402 788 1368 1198 2146 2025 386 3 1506 2578 980 1567 2669 510 2539 1141 889 1989 2361 1882 2467 1726 1481 1702 1267 1915 1949 431 129 1062 1642 2596 2620 2672 1048 2448 776 998 2209 1576 1426 501 2434 1282 1651 57
2706 372 1545 672 1290 788 13 2210 1518 1923 283 1884 690 1922 324 501 2244 973 2411 786 129 2789 2828 2806 1080 425 2690 1752 1706 1949 2494 125 52 1912 2520 2142 2467 2596 1813 950 828 363 2085 626 640 1026 1481 2373 1285 1655 2821 655 4 2271 1563 826 740 2217 1503 2367 353 464 386 1062 2237 1272 2389 2783 2301 1320 1982 2455 2602 1479 2583 331 980 1102 1737 2632 810 878 1438 2044 266 2250 2790 776 1718 456 298 2578 705 1316 1439 1374 557 471 2365 1636
129 1481 2142 1062 324 1923 52 788 501 1500 1671 2280 1237 2706 33 241 2244 2690 113 192 2821 2794 1941 61 1435 1503 139 2467 2311 786 1706 464 1932 2669 1813 245 1290 758 690 2450 367 2164 1567 2271 234 2137 810 1506 1466 471 2789 2632 449 1612 2173 1912 1884 2091 2806 1438 654 1026 1022 1820 1917 1563 828 764 2025 973 389 125 372 1465 1794 3 456 49 1141 1614 1368 672 363 1048 2316 8 2017 207 1662 1642 2250 625 2583 534 525 2474 780 1039 2634 2210
278 788 2271 787 2706 2821 690 1026 2762 810 77 1080 1086 2378 386 1922 2599 1440 466 57 2666 958 372 2690 1785 1205 786 2210 828 1576 1912 2520 1957 672 2467 2694 275 1884 2632 2521 2311 1940 1582 13 1902 510 384 1923 973 23 501 2203 1702 272 1706 464 346 125 905 2672 560 831 1206 880 158 2669 363 995 2043 2214 2351 980 2171 1506 1048 1711 324 1043 1102 1700 885 2810 117 2118 2494 655 839 654 1420 129 1605 713 1671 163 421 2475 1426 1556 377 331
1237 1290 2686 1518 764 2146 67 2596 2008 2796 2093 1567 394 2085 3 878 2 292 2663 1642 1940 2583 2458 984 1981 2543 2392 2029 1443 2209 62 1783 2600 2426 719 601 1351 2660 254 2262 1794 2284 365 2434 1906 302 1614 2018 1989 2451 431 2384 779 14 627 1368 942 417 825 1909 1915 1978 1040 2789 2824 1331 1747 1879 2244 1574 337 615 1604 1772 243 2121 1119 2510 812 1986 681 2609 1742 889 555 1985 2665 1673 2357 2077 1493 2049 361 288 1992 607 318 487 1289 1301
2 2663 764 2686 67 2008 2209 2146 1443 2510 431 601 1785 1351 1574 2583 3 2434 719 812 1772 1940 254 779 1989 1642 672 1368 2077 2378 825 18 1915 1842 2293 1747 2824 788 889 2018 9 2777 1833 914 35 70 627 926 1493 1938 1434 1559 230 615 1985 1026 318 2794 2426 2536 14 1957 564 2284 2361 1595 2280 828 2772 2214 2632 272 1289 1106 1922 1820 1786 1125 477 395 2561 1500 165 182 501 2669 1917 362 831 450 1361 1714 241 278 303 998 310 873 2593 129
2706 690 1080 1884 788 973 2271 1922 278 2666 386 2118 324 1923 787 810 980 2762 1440 501 466 129 2494 2821 372 2203 2599 23 1062 2152 1912 1205 1198 125 1610 1015 776 946 275 1086 1026 2355 98 117 1711 796 510 1957 1267 1671 1285 672 958 1605 2620 475 1570 298 1397 1882 1537 650 353 1488 2351 272 2521 2529 1813 1582 2244 1916 265 2593 2378 560 1184 2214 2632 6 1420 764 1702 1426 831 241 1556 384 1500 1603 2311 2346 2448 143 594 1281 2014 327 828 1616
2271 810 787 958 71 2706 1044 1237 2055 638 2450 897 2747 690 141 1145 401 1032 1567 2262 984 2619 1884 1290 1628 466 998 2578 2098 1249 672 1023 2452 1963 1671 2722 394 2666 731 1510 764 1368 1321 828 2355 2201 1989 2361 2682 2203 1630 1015 309 1471 2448 3 2342 453 980 834 1518 1736 380 1119 129 1583 377 1642 2029 1605 778 301 62 9 1906 1933 1047 2750 2060 1351 1709 1062 2118 1089 13 946 1769 2074 2394 292 2539 2336 2156 1854 1599 1102 1668 172 177 1784
1237 1567 1785 1651 1518 2682 764 1290 1981 394 1368 2536 916 2434 1914 1977 2796 998 2280 1614 2042 1578 2146 1583 192 2142 2794 1481 2392 945 1879 499 778 457 2008 1040 2361 825 139 52 2413 2596 129 1179 1331 761 2414 2360 648 2 2539 777 2450 1963 230 245 2159 2295 1503 1574 2209 2821 2164 2785 2660 1228 861 2311 828 2745 2510 1772 2458 310 1714 719 2686 2252 558 1604 2663 1906 324 61 382 2018 1367 501 9 1443 1673 672 2091 2585 1769 934 1062 2173 431 227
2271 810 1237 1567 958 787 1981 690 2619 71 2706 466 1671 2821 471 1080 129 2468 2118 2351 2448 1702 786 1048 1438 2094 764 501 510 1062 638 1884 1545 788 1630 980 1205 2690 2632 1032 1044 758 2246 1610 506 1083 1290 1963 163 2244 1889 363 1500 1923 1882 2467 2411 1481 2832 2789 1556 2521 654 2203 1456 856 2666 1215 984 8 1662 33 909 2562 2008 52 1518 1612 2816 1530 2361 309 1726 1024 1015 1797 346 2044 2823 1022 2164 2465 2505 2466 565 1078 957 2398 2608 2749
2271 71 810 787 958 309 2450 2706 129 861 1237 638 2351 501 1032 506 466 984 2608 1556 897 1736 834 2760 1062 2522 2747 1884 856 1933 301 565 957 1610 2448 1567 2619 1044 1119 335 324 1277 1671 980 2156 2666 2055 1963 786 1321 236 761 2098 1638 815 1709 690 2342 1630 163 141 2118 1205 1632 2056 1906 592 1927 2311 2404 394 510 1015 1145 2821 1456 2137 1907 205 1889 953 2060 2201 758 1481 1022 419 2750 2832 2411 1726 1910 744 2244 1102 2632 2452 2725 1364 2262
1922 2494 1080 1884 690 2706 2118 510 1205 980 1940 1198 1184 2203 946 1545 764 372 117 2620 1285 1882 2521 1397 1726 2608 973 2666 275 466 788 2210 2008 265 298 1802 148 672 67 2448 804 420 23 2376 1456 880 1610 1525 2433 1400 1086 1752 786 2244 2665 205 1026 1616 1043 6 796 508 329 933 57 2271 2152 1605 1537 2719 2303 1923 2522 909 1570 1602 2146 236 1603 398 722 2363 2468 1130 1426 2672 719 750 2813 506 324 885 309 956 2760 45 1502 2821 375 2197
2706 690 386 1080 2686 1440 1443 2209 1833 1267 2672 2271 1922 1940 787 863 1198 23 1290 973 796 2203 946 810 583 77 3 885 764 1642 1043 1497 466 2355 2 1772 339 2663 1086 2494 1938 1616 1664 1518 2666 318 1747 889 2593 1205 2434 2146 2332 2620 812 2152 958 718 2694 1351 1986 1237 309 1457 1184 2118 1527 1426 2008 254 720 1574 1605 2510 2739 1646 797 71 431 1992 265 372 510 117 1525 158 1247 1493 1191 1884 1726 1397 825 834 294 2115 859 275 1196 1724
2271 810 787 958 2706 690 672 1884 2666 386 71 1671 1080 2619 466 1440 129 1062 828 1086 973 638 2450 2118 501 980 2355 946 2602 1044 2203 1668 1922 1374 377 2055 1198 1205 1102 2828 1267 13 1882 897 764 117 1923 324 2411 2171 2529 2361 2578 3 2210 788 2336 1290 586 372 718 141 2520 1456 1642 1702 2832 933 2593 2816 1249 880 1963 1933 1736 8 265 1043 323 1610 1237 2468 1015 1032 1785 1436 839 23 758 1723 2448 2821 1910 2043 283 510 2346 1630 254 2620
67 1940 2686 764 2663 2 627 2583 2146 2008 601 1351 1747 719 1443 3 925 1086 1642 1833 2433 254 2728 2824 2209 1915 2284 885 2018 2121 431 788 2207 362 1055 2135 878 1820 2706 1574 2376 1922 2258 2510 880 165 508 2672 278 1130 372 2294 1938 1841 804 1989 1986 1212 1369 496 1493 914 1810 35 2741 712 2378 1825 2475 615 1842 447 1289 1001 2286 946 18 690 202 2494 2719 1316 1944 767 2319 2649 725 1028 2509 231 2434 889 812 1043 2414 1606 1026 1595 1923 1752
1785 2 2663 466 1205 278 764 1884 672 1922 2521 2821 2666 1702 2203 601 973 2118 510 2762 2378 1351 2146 690 2706 1397 1080 2361 2510 2351 2448 980 1842 67 1915 2690 18 431 2271 15 1957 275 1228 2599 2008 420 1723 998 1989 2214 265 2508 776 2816 2824 788 719 23 828 831 1443 926 1488 2828 752 1610 615 1222 1738 2346 272 1434 1711 1559 2077 2467 1570 306 182 230 2643 1786 1916 713 2018 2632 1420 1198 1726 1015 995 564 9 953 353 2777 586 2171 436 1671
764 2146 2008 719 1915 1351 2018 2284 2824 615 1289 35 1493 788 1940 825 601 2209 810 812 2 1026 254 2663 787 247 1985 914 501 1785 2426 14 2434 1997 779 1912 1772 282 3 1534 1642 303 129 2336 2414 283 2271 1062 1102 1574 2244 2433 1157 1086 1500 324 67 1434 125 878 1545 62 765 1923 2789 638 2832 2207 880 2029 1281 786 190 58 1699 431 539 2790 2510 1926 1247 1403 2159 1690 1543 958 2821 77 1825 2686 1443 1282 2062 2376 681 182 1368 1028 1497 2794
810 2271 1237 787 1981 71 2706 1567 958 1290 984 1545 2411 1518 638 1671 2790 2832 2796 1884 1909 1102 386 1407 565 372 301 2619 1604 2660 2262 1119 980 2118 129 2372 1456 1926 2049 690 1062 2085 943 1301 1673 1742 1440 1922 501 672 1614 2357 243 2543 909 312 2065 13 1978 2501 8 1613 2609 852 1331 2044 506 2450 1032 1284 2392 2596 394 1285 221 530 973 2789 788 2468 1718 324 2210 1080 2817 1630 2093 556 786 2458 337 718 2696 1923 1215 508 4 2528 1953 1272
2686 764 1237 394 1989 672 778 2280 1785 828 2008 1368 2414 2794 2146 998 1879 431 382 1567 2361 1651 812 1518 2796 369 1443 2682 2042 1747 129 2 1500 245 2434 517 2828 2520 499 1290 1906 2690 402 2532 9 107 1981 1022 2663 1268 1583 192 1917 2209 501 2018 1578 2360 719 1249 916 1481 761 2093 13 2311 2821 1533 367 61 1854 2669 2632 2159 139 945 2578 2293 1177 55 1938 2596 728 889 825 1145 2641 2142 1977 2244 292 1351 1460 1612 2164 449 1940 2176 2510 2029
2706 690 2271 810 1080 787 386 1922 1440 1884 2666 2118 2494 2686 1443 2620 946 71 1833 1198 958 1940 2203 980 973 1290 466 1267 2171 1882 1184 1938 510 1525 761 265 117 1237 583 205 672 764 309 953 718 2392 2043 457 834 1642 2152 796 1747 1205 23 863 1285 339 2293 889 2596 1518 1497 1671 3 2663 1602 1785 1272 1397 1605 1603 335 1664 275 2361 1668 2521 650 2 2593 2619 2210 1471 475 2146 2008 2672 1086 905 1426 2209 2694 2602 2520 1574 2262 1986 420 1570
2271 810 2706 787 958 1884 690 672 980 973 1237 2262 71 2118 1290 1080 2355 386 1198 1015 466 946 1440 1102 1205 828 1567 984 2210 1374 1610 13 1267 2722 117 1285 1044 2602 2203 1668 1518 2593 2578 1436 377 2055 2619 897 638 2543 292 62 2828 23 1272 298 2520 2596 234 1628 933 1922 850 2303 1086 1642 1992 1119 1480 852 2666 1510 1614 2029 2600 731 372 2336 380 301 302 3 1682 1331 2494 2529 2450 1718 1570 401 1673 265 417 1032 2747 1671 243 425 2342 2085
690 466 2271 810 1080 1785 1884 1922 2203 2706 761 672 2619 764 1368 2351 828 1198 2494 2434 1205 2666 309 129 2 2663 324 1605 2450 834 788 2536 377 654 2008 2210 958 1906 1651 23 1062 394 998 2152 2620 973 2280 2244 1086 501 2682 2118 2055 2209 786 2146 1923 2414 71 980 163 776 1726 1702 2520 2608 1879 2355 1481 1556 1435 2448 787 2821 2142 926 1044 1351 141 2828 916 946 1374 933 1671 2794 2806 301 117 825 1574 625 2632 2361 367 1466 98 52 2690 1794
810 71 1237 787 1981 1989 958 638 1290 648 1040 1940 2271 1545 1518 1567 1368 67 2392 365 2146 1102 2609 2583 1133 1320 610 1351 764 885 2008 2543 2411 1606 1986 1211 2501 1407 2209 1527 2262 719 1935 394 2736 1497 248 605 1627 1718 231 2663 1126 1794 2596 2 97 925 202 2532 2085 1119 718 2121 1463 2044 1604 1915 2357 984 3 2616 852 1017 943 2790 1673 627 283 2093 1642 2018 2824 1783 2258 165 615 2665 2284 1962 1994 1992 1001 362 254 2660 2414 1656 2373 2724
2271 810 2118 1884 510 787 980 1086 1237 925 690 2706 958 1610 1102 2311 508 758 1043 1080 57 2521 788 1032 1282 2632 2137 2666 2554 402 2821 2663 419 973 1285 113 885 1702 2794 129 2411 1981 501 1671 1234 1435 67 2 2790 880 77 1545 1503 386 654 2832 1083 1062 1205 2690 6 466 205 943 61 49 71 1022 936 298 471 506 894 496 2608 2501 2164 2433 2694 1922 1785 2467 1456 625 389 2142 1726 1612 1198 2643 2649 312 2044 752 1364 2091 2760 2153 786 241
1785 1481 129 1062 2142 764 1237 324 52 2821 501 1671 761 1500 2244 1923 2794 2280 113 788 1567 2311 1435 241 2008 786 2690 449 1651 1290 2434 1941 1503 1141 758 2669 1506 192 2467 1022 2146 412 654 245 1813 1465 2091 394 998 1612 625 2164 471 2632 1466 61 2361 1932 825 1438 1963 2536 1505 2137 367 2173 2025 1559 2682 840 936 139 2806 239 719 1981 33 1228 834 780 2619 1614 346 2450 1044 1742 8 810 1781 1583 525 679 1026 2706 690 828 1879 1093 2789 457
129 2244 1062 2789 139 2142 786 1237 324 1481 1545 1917 471 2794 1438 245 501 1435 2137 402 1500 2280 654 788 2632 1884 2411 672 192 52 363 508 33 1503 2690 1026 534 1282 1022 1290 1813 758 71 2316 2044 1465 1989 890 1612 1518 1662 49 67 2429 113 625 1567 2164 2539 1102 1923 958 241 2029 2311 2583 780 1368 2232 1039 367 2396 295 810 239 1941 2681 1248 2467 2543 2271 389 2832 2173 2806 61 2686 1706 1981 1910 1048 2065 2055 2821 449 2716 417 2091 1320 200
1785 1922 2663 2 761 1198 1443 2159 2686 1080 2360 2620 690 764 1205 2494 946 2706 67 2008 889 1726 2510 828 457 672 601 57 2146 1842 18 1714 431 2077 1940 2414 1028 466 767 2434 1574 2777 2520 1833 2254 1884 2234 230 70 1357 1616 1989 1690 205 2583 1938 1277 2210 277 1786 369 2203 309 1351 117 2641 1559 182 2772 1177 1125 23 107 861 47 834 973 1517 292 728 2056 1747 926 2284 1106 55 2532 282 2700 1014 2277 1687 2176 863 2118 1400 2608 933 564 1914
2706 764 690 1086 2146 1671 2008 1785 880 2271 466 1576 810 129 719 1420 2378 1915 560 282 57 1062 828 2018 2209 1702 2821 825 77 2434 973 1884 324 1351 2351 2448 2284 501 2690 2450 672 2293 2694 1957 2816 1080 2203 2468 2475 1083 812 2522 13 2214 1506 1043 2666 384 1481 470 2619 2210 8 2608 2355 2520 787 1605 2361 1923 1027 158 247 2311 2244 2336 1267 1500 788 831 278 1497 272 995 1922 934 1289 506 1889 421 2749 586 2632 409 2152 1602 1205 510 2760 2467
1237 1290 2663 67 2 2008 601 1368 1518 2796 2146 2209 764 3 2543 2686 1351 1989 1940 1794 1567 365 2093 1981 2426 2392 878 2284 2596 2510 1642 394 1783 615 1915 2458 2029 2609 2583 431 610 2824 1040 812 254 2600 2660 2459 2085 1604 2434 2262 1992 719 1443 292 202 2364 648 825 288 627 2451 62 1906 1075 2736 18 925 1614 35 779 1842 14 2018 605 1986 1527 767 1574 369 1772 1634 914 248 1301 1136 2384 114 530 1211 1747 1745 2685 1493 1673 555 1985 277 318
810 2271 1671 2706 690 764 787 466 2666 1702 71 1205 2008 510 2094 719 2203 2832 958 2171 2816 2521 2118 1080 1922 2146 386 586 1083 2501 2043 2494 312 1487 8 2361 953 1471 2643 2619 167 1963 2411 2790 1102 1456 973 2351 2044 57 1090 2554 2018 980 2608 1882 1884 2278 1694 6 2807 1043 638 2448 1198 1488 1556 1184 205 2153 2522 335 894 309 1738 1078 1625 2468 946 1536 556 2823 635 620 419 23 1891 1284 1530 2284 1632 1926 1497 1440 1953 2821 1610 752 732 1044
1237 878 1290 2029 2663 1368 292 1518 2 2686 2543 2451 601 62 2384 2796 2093 1567 302 1989 67 2392 1443 417 2217 1940 1981 2458 394 2459 555 365 1783 788 1794 2596 3 431 2794 681 21 802 2600 1562 1699 1992 764 1053 2660 464 2510 2423 731 129 2008 1282 2244 2426 361 2146 893 369 1642 1906 2209 1040 886 2415 114 1686 648 2085 1604 852 984 78 2280 2262 1770 945 254 1256 501 18 243 1351 1706 2583 1833 2042 597 1747 199 1842 289 2364 248 192 2539 1119
2663 2 1989 2686 601 1443 2510 431 1368 2280 764 1842 18 2008 67 1938 2077 1290 369 2029 1518 2794 2146 1833 129 62 889 925 2244 2777 292 2295 501 2673 2532 245 1699 767 788 878 2649 945 1747 394 324 1785 2682 1563 1351 2583 672 2164 1932 2772 719 555 1062 1237 2311 277 1651 417 70 579 2459 1533 1981 1369 499 2142 231 2413 1481 2042 2392 114 380 681 1599 2596 2055 786 627 2091 1940 2209 1503 1977 113 1383 2434 1614 2433 2669 1578 1125 2018 9 1906 1872
1237 1567 1981 984 810 1518 1290 2706 787 2271 2796 2660 71 506 1909 1102 1614 1673 1545 1331 2832 501 2596 2790 2543 786 2411 129 2392 1604 1671 1119 1301 471 337 958 788 1923 2093 943 394 1407 2357 312 2501 1368 324 2244 2044 1438 2433 565 1062 690 1613 2696 852 2821 2085 301 1978 530 2789 1742 1481 638 221 1926 243 2246 2600 2094 2049 916 1884 52 363 2817 2142 1630 2065 2609 2164 2450 672 1032 2619 909 815 2690 980 2458 2118 1078 446 2468 925 813 1662 1211
2 2663 67 601 2510 431 1989 2686 627 672 2118 1842 1351 278 18 1922 2583 2146 788 2599 2077 1884 2532 2293 764 1443 980 2824 1940 2762 1747 9 1938 2777 2008 369 1833 202 889 946 70 2376 2414 1237 2433 2042 767 2665 1368 1770 62 1211 1563 2828 114 722 878 828 136 615 2029 2018 211 1610 690 277 2772 778 713 1015 1711 13 1198 1285 719 1915 1740 2280 2244 1290 2706 292 1205 265 2262 231 111 496 1810 1125 786 1641 2284 1785 1263 854 1654 1912 2728 2685
1884 2271 690 1922 1080 1785 2118 2706 973 2494 1205 386 372 958 787 1086 275 788 466 980 810 1610 23 510 67 2 2663 1440 298 6 1198 117 2203 278 880 1456 1285 2821 2521 1106 2152 2666 265 2620 1559 946 182 672 1923 1015 1026 1184 1570 586 926 1616 1284 1786 1940 215 601 962 1397 1434 395 1497 1912 828 129 1357 324 420 143 501 1702 1361 2210 2794 1083 1671 1556 2351 1334 2510 1494 2656 1605 718 2583 1503 241 454 2244 230 1488 125 2115 1971 826 2672
1237 810 2706 1290 2271 1922 1884 1518 2118 1567 1981 787 690 1080 71 980 2796 2494 2085 958 2262 1285 386 973 372 672 796 984 909 1545 1610 1614 1673 1301 1015 2543 1604 2660 1742 1331 852 2609 2458 638 565 1909 301 1368 2593 298 1032 506 1718 2596 1440 1211 2049 750 1978 1603 117 1267 2600 2529 2152 2210 2665 631 1671 243 2303 1605 718 2619 530 1479 2450 425 2789 1320 13 2355 2282 946 815 2065 1682 557 1017 334 709 1953 1794 1119 921 966 1205 1613 1602 942
2029 292 62 878 555 2384 2451 2217 417 681 302 1562 1290 2423 21 427 788 2415 289 802 893 78 1518 1888 361 2663 601 1699 2568 868 1890 2686 2596 1256 2 886 1033 1492 1940 1398 2796 67 554 199 2121 142 1237 1686 2244 125 2786 597 501 1053 901 1912 2668 2583 786 340 1368 2146 1001 2543 1794 1282 1706 464 2008 2743 2078 1443 363 129 429 1915 2458 394 764 1923 2794 2392 2142 2093 1026 1438 176 1932 1351 192 1418 3 1986 471 912 607 2227 113 2301 1264
810 2271 1044 958 2706 1237 2450 787 690 1671 71 1567 984 897 764 466 2619 129 1884 2055 2666 1963 2203 1062 2361 394 2747 672 1015 1471 2578 141 2342 834 1290 1785 1736 1119 2262 301 825 2008 786 335 1368 309 2336 1205 1933 980 953 638 828 998 1145 761 1032 2244 3 778 1249 1583 2452 2351 501 2201 1481 401 1321 2081 324 1922 1614 946 2448 1709 2596 2098 1906 1023 1651 973 8 1518 1198 1080 2355 2392 861 1981 2620 1642 2146 2280 1556 1610 2118 2682 1628 2434
672 1368 1917 2789 2280 2828 1922 2293 828 1518 1290 1237 2690 764 1940 2686 245 2821 786 139 1989 2244 129 1481 1500 13 2467 324 1062 654 1503 776 2142 2669 52 501 1026 2794 788 758 2118 1963 2596 2361 377 1374 1642 1820 2008 2520 1420 2796 466 1957 640 560 1022 2459 402 3 933 1884 2378 272 2164 33 2214 2146 367 690 1781 2632 2475 2578 1651 98 2210 1066 2137 192 719 534 2258 1567 2392 2682 1443 831 2209 2029 1574 346 980 2494 812 353 2025 61 2434 384
764 2663 2 2008 1351 1940 601 2146 2824 67 787 1915 810 2686 386 1443 1833 719 615 885 1368 2543 2271 1986 492 2459 1747 1290 1493 1440 35 254 914 114 2433 2583 2209 362 372 3 1989 2284 2376 1642 2018 958 431 812 1497 9 2207 1770 1086 1595 2258 1938 1574 2159 292 788 1841 2728 579 916 779 1157 718 2736 1518 2510 945 2719 878 2392 2121 2085 946 2672 1534 165 2042 1842 1229 18 2414 1320 1527 2532 1825 1289 2319 2600 1028 1211 2135 2426 202 2360 627 2682
672 828 2828 1922 2686 1198 2 2663 377 1443 2520 13 1205 690 764 933 2361 2209 466 431 2602 781 2210 1884 265 946 776 9 2494 640 2510 1374 2353 1351 2203 2706 1785 2008 1770 1080 98 1668 812 1772 117 2146 1989 1368 353 2824 1402 2152 973 601 615 2578 980 318 2118 2293 292 1642 1038 1747 1949 3 1357 18 1833 2280 865 1574 889 1184 1842 1938 945 35 2443 914 420 1570 1641 940 2620 254 62 2077 278 2434 1915 67 1397 272 2777 778 2426 2288 1434 1579
810 2271 129 958 501 394 638 787 2244 1062 731 2663 2055 1989 71 324 2 786 62 1481 1906 52 401 1443 788 601 363 2029 2469 1833 431 1628 2789 2098 1268 2090 2429 417 1938 2093 141 2142 2392 2796 1023 367 2532 878 2510 1662 2747 1465 1438 1699 1940 369 536 2042 2821 1842 890 681 292 1510 2217 1047 1599 1368 2126 780 534 2373 18 2686 471 461 1518 2384 555 380 1879 277 680 2451 2357 1872 1543 722 1282 2077 1290 1923 2794 402 1500 2414 2074 2806 1089 1119
1785 2821 67 1500 2142 788 764 2583 1989 2 2690 1651 2794 2632 129 2311 1368 2663 786 113 501 998 1503 1237 1481 192 2686 2280 2682 1977 828 1290 2467 1141 2669 627 2293 2146 241 654 2137 2716 1518 1583 1443 1781 1923 449 2164 601 1062 457 1048 1567 52 1026 2434 525 245 324 2008 1435 2433 1981 394 1022 1963 2244 2361 1248 2065 49 1917 431 1938 758 377 2539 1438 2055 2520 1842 1506 2029 471 18 1940 2378 139 1001 825 141 2825 719 61 2789 2536 1935 1179 362
2663 2 764 2146 1940 1290 1518 601 2686 2008 2510 431 67 3 1443 2596 1642 788 825 950 62 1833 2433 292 2029 1368 878 2336 958 1915 1574 2583 767 779 1938 1985 810 889 417 2392 2209 719 2434 2271 14 302 1289 2789 1989 2284 1747 1206 2121 1351 254 555 731 2426 2244 324 2543 2262 1794 2085 787 1497 129 1237 1965 1986 2217 2600 1545 1772 401 2093 9 2796 1557 681 786 2722 1062 1026 361 2544 1628 125 501 1123 2376 70 461 2018 722 78 1211 1579 2469 394
1237 1290 1518 1981 2789 2706 1567 810 788 337 501 2660 129 1923 984 2085 324 690 1614 2796 1673 2596 2271 2821 1062 506 973 1742 1331 2696 2600 786 2458 1884 787 1545 2049 2690 2609 2543 367 2244 1080 1813 1026 1481 1922 1671 1301 487 67 2142 1989 776 530 1604 1909 52 2474 471 1702 2632 2608 1205 301 2467 1040 980 1438 241 852 1500 2262 372 672 2199 1794 2790 2118 1048 1610 394 1992 1211 243 1681 1917 2468 363 1102 1285 565 2782 1718 2494 2164 710 942 946 610
690 1922 1884 2706 1080 2118 466 980 2494 788 973 1610 2666 672 2271 2152 1198 117 2620 2203 1205 23 1570 510 1015 1605 828 278 1397 275 2821 324 386 1537 1086 1671 810 372 2521 787 1488 1923 327 129 265 2 1426 1616 420 1184 2210 6 2762 2663 1726 1440 2448 1285 1062 2554 13 298 946 2351 2599 498 2828 1882 163 2608 1602 419 1032 2303 1659 501 1702 1525 2768 1912 796 1556 1723 2014 1785 1400 953 377 1813 306 2520 1456 2115 464 1603 1632 2346 67 650 1515
2663 1443 2 946 1198 764 2686 672 1785 1205 828 761 67 2008 1080 1922 1351 2209 2146 1086 2494 889 466 2434 863 690 2520 601 796 2159 2583 1940 1833 1368 377 834 933 2203 2706 2510 23 1772 1574 1714 2360 2210 339 230 431 812 1559 2824 1357 2828 926 1938 973 2620 776 2414 1989 781 767 2536 18 719 640 1842 2355 457 1915 615 2694 98 825 905 303 564 117 292 2327 1616 878 797 1106 2691 1986 2641 282 1726 35 3 1884 1434 777 861 2284 70 2323 1747
2706 1884 2118 1922 690 1080 1785 2666 980 386 372 2271 828 787 2520 1440 672 973 1443 2210 2663 2 2672 265 377 13 810 926 1285 1570 1605 946 1086 230 962 1397 2152 1198 1205 510 2828 1702 2448 788 2494 1786 1833 1971 298 564 1726 958 2521 278 2378 2043 275 2171 2690 1603 1610 572 1106 475 395 1357 2620 1257 23 601 2821 581 1228 466 420 2510 117 885 650 310 1559 989 2602 1882 2608 2351 182 1653 1671 1668 1537 2203 1230 905 431 1434 1374 2346 2115 436
810 2271 1086 2706 2118 1884 690 787 958 57 2666 71 980 880 2694 786 129 2821 2311 1237 788 1702 1043 501 510 1785 1671 1062 1102 386 2632 158 1080 1456 77 925 2619 1503 2351 1610 2643 638 508 113 586 2411 2554 2832 758 466 363 973 1940 2816 2171 1545 2244 2521 1027 2690 324 1694 2794 654 1422 475 625 471 1506 885 1438 419 1612 2043 2790 1083 1282 402 1284 1021 2346 2663 1576 2669 1435 412 936 52 139 672 1465 2280 1592 2467 1039 496 241 1198 2 192
1290 1518 1237 2706 2596 1981 1567 2796 690 672 1545 2085 1102 810 788 909 2271 2210 283 2411 943 787 1909 1080 1923 1922 2458 2790 2543 984 2821 2433 786 501 2660 2832 1614 2121 13 2600 2361 1604 1331 386 1752 2392 1368 925 221 312 1407 129 1742 2583 2520 67 1017 2690 1949 607 324 921 776 1884 372 394 2501 556 1301 2378 52 2282 2828 4 2376 1440 1926 966 828 631 2494 1026 2244 2262 1062 1369 1384 2767 2049 1718 1316 2817 2686 1058 942 2065 712 1673 1882 1965
1062 129 2821 2142 810 501 1481 788 324 1923 2271 52 113 241 764 2137 2794 2244 1086 2311 1026 2632 2690 2146 2467 1612 1785 1932 2008 786 1022 654 2164 2280 958 1503 1813 1671 1282 758 1500 61 1465 787 2398 2669 936 2434 1506 1884 1662 822 466 125 2465 2505 1237 49 139 1435 2619 2634 840 1141 1351 1048 346 719 2806 1915 2091 2426 1706 885 880 525 1781 245 192 825 753 2351 402 89 464 2055 456 394 471 2284 1039 452 141 2336 389 2173 628 2396 1438 873
810 2271 787 2706 386 690 1440 1237 1080 71 1290 958 1267 1497 2666 2355 1518 1833 2619 583 1567 309 466 1198 796 834 23 1671 1664 718 294 2494 638 1044 1922 1938 3 946 973 2203 2672 764 1642 2209 1443 1043 77 2392 1981 2620 2686 2593 863 1277 1884 953 2118 2596 1747 2146 588 2201 1184 2008 648 885 2171 1205 2262 2043 1086 1940 205 1653 897 1630 1247 761 510 2094 1527 1373 1119 117 2529 2572 457 2246 57 719 1709 1457 2058 650 1351 2434 2159 825 1724 339
958 394 810 2271 129 1237 787 2244 501 2392 638 1062 2280 71 2796 2142 788 786 324 113 2663 1481 764 1500 2093 2146 1567 2008 1119 1906 2789 2 2055 1940 2191 1503 241 2822 2411 1435 1282 141 2510 449 2098 1879 2434 1543 1465 825 1290 1505 2794 1040 1407 1141 2284 1028 1714 52 1604 1981 1989 1268 499 2137 1026 62 1593 2736 1518 722 890 2426 2596 2235 363 292 2742 47 2747 2018 2343 1935 2029 2609 367 1102 2543 1842 680 362 610 1301 2638 984 431 1047 408 18
129 324 1062 1481 1785 501 1671 2821 764 52 2706 1923 788 2244 2690 2450 2008 786 690 466 2311 1612 828 139 758 2280 2142 1813 2351 2361 192 2146 1506 672 1465 2467 1500 1932 2448 1026 1503 2666 2271 8 2669 2164 2396 1941 2025 363 957 1022 61 2632 1141 2794 719 1933 241 2789 49 2414 113 1435 499 464 1706 1702 1351 125 1889 2806 810 861 761 309 389 2091 2365 1605 1736 2434 335 1912 346 1662 834 825 1963 2209 1910 780 449 1638 402 1086 2816 936 1048 2536
1290 129 1518 1062 788 672 1237 324 501 1932 2137 2142 2311 1923 2821 2280 2690 1503 1610 2669 2632 49 1884 1481 1981 245 1102 2596 1563 2164 2411 2467 1545 113 758 1026 2271 466 1612 2832 1506 1912 690 525 2244 1500 1813 2706 241 2828 2790 139 1086 52 786 828 810 1910 2789 402 822 367 1567 1438 471 1282 2210 1917 1374 2794 1024 464 283 13 1281 2806 2602 973 1039 456 2742 2085 1668 654 1963 1543 2044 2599 61 984 2232 1331 312 1080 389 1673 936 2578 2796 125
1290 810 1237 1518 1981 2271 984 1567 2796 1673 1545 787 2660 71 2789 2543 129 324 471 1331 2596 1407 2458 958 2706 1614 1909 1438 2085 501 2357 1119 1368 786 1062 33 2600 2411 852 638 1923 2244 1481 1917 2262 672 363 1301 2049 52 534 1794 1211 372 2609 565 2790 648 243 1604 337 1978 367 1102 2429 2093 1989 1527 1613 2392 2372 1742 631 2690 530 1884 966 943 909 2210 1630 942 788 610 1922 301 2065 1662 1215 1718 1017 2246 446 508 2832 506 394 2045 2044 1813
2271 788 1026 810 1785 1086 2821 787 2706 278 501 2311 1912 125 2632 1500 690 129 1141 2378 654 2666 386 1923 324 1021 1671 958 1612 2762 2520 1027 880 2475 1503 1957 1062 57 2794 786 1440 1781 113 2467 2669 2142 2690 464 2599 828 241 1884 1048 2816 1282 2210 1711 672 1080 372 973 2351 2465 2505 272 384 1922 1506 77 2062 346 449 138 49 1420 560 1706 2214 2244 2043 1702 713 2619 2171 1205 182 995 936 158 525 2164 2694 2810 1556 831 1481 2146 2025 466 1206
2706 690 2271 810 787 1080 2494 386 1922 973 1440 1290 1884 1267 372 958 2619 1285 796 1237 2411 1518 1671 672 2593 980 71 1184 2620 638 1480 2355 2529 909 1982 2118 718 1545 2203 2789 1320 2363 1102 2790 1537 2832 946 2596 1567 1205 143 557 1086 117 788 2210 510 1605 1923 425 13 23 984 2460 1694 2152 1373 283 556 2262 298 1366 1272 1602 234 1043 1497 641 1814 2085 275 1603 2666 1198 1816 2468 1949 2821 2433 2691 879 1397 8 2828 129 312 1882 501 750 324
129 501 786 788 1062 1923 810 1237 1290 1481 2411 1102 52 363 2142 324 2244 113 2271 2821 471 1438 1026 958 241 758 1981 2690 2790 2832 1518 394 943 1662 2044 1503 2164 1545 2501 1407 2789 312 33 2467 1604 2794 1022 2632 787 1614 1567 389 1813 108 1465 1039 1435 2311 1926 346 243 402 1935 2232 2596 628 2398 2817 71 2301 1500 1331 192 2137 221 2796 1048 2806 2091 1909 1506 2429 635 840 1932 2093 2634 2049 295 2669 2465 2505 1673 822 530 2280 1644 2716 1917 1781
1290 1518 1237 810 2596 2796 787 788 1923 501 1981 2543 2706 129 2271 1545 324 372 2789 984 786 2085 2660 2600 363 1062 631 1989 1706 1884 67 925 2411 1567 2690 2244 1813 2376 108 2142 607 958 1301 672 2301 125 2632 2790 2458 2532 2433 2467 878 2093 1102 852 2609 1747 464 1909 2583 1655 530 1718 690 506 1662 1438 386 471 1912 2455 2121 1048 1673 1794 292 2232 394 2392 1366 1026 2282 1922 2029 367 402 114 1613 62 1058 2357 487 1017 231 2821 2407 337 1604 1316
1290 1518 2706 1237 2596 1981 1545 690 1567 1102 283 943 2411 2790 2796 1080 2085 1718 810 2271 984 909 1922 2832 788 787 386 1407 852 2543 672 1923 221 1909 372 1752 312 925 2458 786 1316 556 2817 1017 1747 2210 2494 2433 2262 324 501 2660 1636 2821 2583 1368 626 2392 1331 2600 1926 67 1989 2121 2501 2686 1965 1614 2064 631 2282 1656 921 1884 1953 1882 4 1440 1218 129 973 2011 942 635 712 2044 1369 1860 1261 1119 2690 1604 1301 796 231 776 2593 1627 1673 13
1922 466 1080 690 2666 2271 510 2118 1702 1671 810 1205 1884 764 2203 2706 2521 2351 2494 980 2448 787 2171 2807 2816 2008 2643 1963 973 2608 2043 2554 1556 1471 1083 1032 586 958 2508 1610 1488 1015 2361 335 2278 2620 1632 752 1397 1726 2823 953 1953 1889 1605 719 1738 23 419 57 1184 309 2619 1043 1456 2522 2153 2821 1198 1785 594 2152 117 2832 230 148 205 1487 894 2760 761 2146 1602 167 620 386 71 2751 1797 946 2169 129 506 45 6 2094 1497 2474 1502 8
2706 690 810 2271 2666 1086 466 787 1080 2203 672 1290 386 1237 1043 1440 958 1882 1671 1605 2361 1922 2152 1953 1102 510 973 1267 2694 1518 909 880 283 1884 980 2596 828 2619 1668 6 2816 1567 2602 1525 934 13 2171 2055 2210 943 2448 23 335 77 71 1726 2355 2790 2832 1576 1374 1570 1702 2351 650 2521 1497 998 933 323 1602 885 117 498 1249 1198 2828 2494 1205 1545 953 1981 401 420 334 394 1397 2348 1603 2572 2747 1196 2043 377 1610 470 1032 984 8 2722
2271 810 787 958 2821 788 71 2632 129 57 501 786 1785 638 2690 1048 2666 1702 278 363 2311 2467 77 1062 346 2351 936 1026 672 309 2619 324 2398 2643 2762 471 1923 654 1102 113 402 1576 643 1506 466 1438 2465 2505 1612 2448 1234 506 2171 2244 52 753 1781 2832 1481 2611 335 457 828 2608 386 1889 508 2411 1556 625 2142 2616 138 2521 1039 1716 2806 2669 2810 510 1083 2599 1141 1080 856 1940 2043 980 2706 2118 2210 108 1032 1440 1456 312 1500 2164 2816 2828
2271 810 787 2706 690 958 1884 672 2118 980 71 1080 386 2666 466 973 2450 1198 2355 117 1440 1671 897 1922 946 265 2828 2203 1205 1374 2619 2262 828 638 2602 933 1044 1015 1642 1267 3 1456 1668 1736 764 13 2593 1910 1290 1882 1086 1610 2210 129 2342 2520 1032 377 2055 586 1102 2529 1963 1933 2361 850 309 1237 1062 2578 2336 372 306 2014 1272 984 501 141 1284 2494 2750 510 1570 640 1436 718 205 506 834 1556 324 2411 1184 425 1249 23 1923 1043 411 323
2706 690 1080 2118 1922 1884 810 672 2271 386 2686 1440 1205 787 466 2210 1198 23 2520 1443 973 2203 117 980 275 1086 2672 933 946 764 372 265 1833 1525 889 2494 2 796 2663 1184 958 2828 510 2620 13 2666 1714 71 1043 1426 2694 309 1938 454 1668 828 1559 1726 1610 1702 761 205 1397 2008 2608 1272 718 2209 2602 2336 1570 776 339 298 2146 2510 254 1374 1351 57 1785 420 640 1285 377 1747 230 2332 1106 1940 1664 1015 885 98 2014 1642 2791 1357 143 77
2271 810 958 787 690 1884 2706 386 2118 1086 1080 980 1940 1440 510 2494 71 973 1198 672 1205 1922 880 466 2663 372 2 1497 2210 23 638 2666 1285 77 2694 2521 2672 828 117 1702 1610 275 1785 2619 1671 1102 1545 1374 205 1714 796 2510 1456 1284 2351 2602 718 1184 1206 1668 454 6 1576 13 298 885 1043 2203 167 1570 431 57 788 1752 1653 1426 601 1397 158 1422 1443 1267 839 2520 2171 265 2529 496 2554 278 786 1083 925 1833 2643 283 2832 1525 2378 1494
2 601 2663 1351 764 2686 2209 2146 788 1915 1026 2008 1443 431 615 1357 2824 672 779 254 3 812 35 18 2510 1574 14 1912 1842 1940 2029 914 125 1642 1368 2794 2426 1989 719 889 2284 2828 1772 292 1923 62 2669 681 1434 401 1747 1985 786 1563 878 1493 501 9 579 2459 1599 67 303 731 192 1628 2018 1833 1241 2469 1290 394 324 2074 2434 1289 1785 1435 318 1938 1282 1787 492 417 2423 1770 139 1997 2207 1562 1518 245 555 114 1500 1004 2142 363 1917 2280
764 1922 1884 466 2203 690 672 1080 2271 2706 2494 2008 810 1205 1198 761 828 946 2361 2146 834 23 973 2351 1605 510 980 2355 2828 2619 2593 2118 776 377 117 254 2152 719 1267 2620 98 2209 1351 353 309 3 2602 71 933 897 1374 1086 1642 2210 1671 1289 615 2450 2666 2 420 1785 1668 2434 1184 958 205 1397 1015 2536 1772 2474 640 1559 1915 1963 386 2663 2824 1368 2823 306 13 1044 1702 781 2521 475 815 2691 914 1402 2578 247 303 1574 926 1443 1493 1714
2706 690 1671 1237 761 2271 764 1567 810 466 1368 129 1290 1922 2008 1062 1086 2448 2666 324 1785 2450 2146 8 946 1080 394 309 2355 1032 973 1981 501 2593 1267 2434 1884 861 1481 335 834 2351 71 1605 1044 2055 905 825 2821 2361 1351 2619 1702 1726 2392 1906 957 1198 1518 2608 1879 2209 1963 2620 1923 1889 828 506 2823 1642 958 719 52 672 897 508 565 254 2203 880 1614 3 788 812 2311 2747 787 2760 2536 2293 2280 141 2522 2060 301 2414 1602 1638 752 1742
764 2008 2146 672 828 719 2209 2361 1642 3 812 1915 788 1026 501 1351 1785 2821 825 254 129 2690 2293 2828 2378 377 2018 283 2434 1062 247 1917 1500 1923 324 776 2284 1289 1820 2632 1493 1574 2824 914 2467 67 2214 2669 2789 2353 1912 1772 1102 2806 13 1813 786 1957 779 2602 272 690 35 1545 2336 2490 831 1374 1420 1985 560 384 1671 1963 2475 282 125 934 1066 2520 995 2536 2142 1941 1048 2244 1141 1481 98 1668 266 2790 1506 2832 2599 655 2062 14 353 2210
1290 1518 2596 2663 2 2686 292 62 2029 1368 788 1237 601 1443 731 302 3 67 1642 878 1940 2796 2217 2543 417 555 2392 1833 2583 1989 2085 2469 2262 78 681 2451 810 394 2384 1747 431 2271 254 2121 125 501 1986 361 129 1794 1599 2600 1562 386 767 21 893 2510 889 1699 324 2244 2093 492 1241 2459 2722 1062 1510 1923 579 2415 380 2458 1567 950 1938 2423 289 2074 764 1209 427 1119 958 1398 1628 672 2568 401 2008 802 1017 886 1001 2146 1256 18 2209 2142
2271 810 958 2706 1237 690 787 1567 71 1545 1080 2619 1981 2118 1884 466 1671 510 980 129 1610 1630 1290 638 1205 2411 2246 786 984 471 2468 764 2044 163 1456 1062 1882 1518 501 2351 2094 2832 1963 2821 506 1215 2203 1438 2448 1556 363 1044 1015 973 788 2392 1119 2244 2690 758 1032 2596 324 909 2494 2789 1922 1662 2501 1481 2008 2521 856 8 1048 1525 52 301 1368 2660 2823 1923 2543 2168 2466 352 1043 2783 205 1331 1702 309 386 2481 1284 2357 33 1614 2562 556
1237 810 2271 1567 1290 129 1981 1518 113 787 2411 501 2706 1503 1062 71 2311 1024 1435 2796 2142 625 2632 758 958 1917 1481 1248 788 2789 1438 471 638 2832 245 2280 2794 984 2244 1612 1671 786 241 1102 654 1039 324 49 2164 1923 1604 1852 2501 1141 2747 2790 2044 943 2467 2821 1506 1274 2137 52 2091 1963 2450 1282 1500 1545 139 2742 1022 312 2690 2232 1145 679 2611 389 394 402 2055 1909 672 1932 1910 239 331 367 1781 2017 1953 525 643 1505 1941 383 936 1127
2706 1237 690 466 1086 2666 1922 672 2203 1605 1080 2271 810 1290 1884 510 1518 1567 787 2448 980 1043 1953 2152 2694 1671 1981 2760 958 2608 1032 934 2351 880 973 2210 2522 335 2361 1576 1668 828 506 1545 1610 1198 71 1726 283 2118 13 885 1702 2521 2562 77 386 957 1397 1205 1119 609 1102 909 861 1368 420 2450 1602 2602 565 2725 1015 933 1949 2494 129 1963 2262 1267 2828 1882 394 946 23 2596 323 2543 1889 2620 2056 2832 1374 2404 6 2749 498 1497 1440 2816
466 1785 764 2271 2821 690 654 810 788 2008 2203 23 129 1080 1205 501 1062 761 2794 1884 2706 2669 672 2351 1671 2690 1923 2467 2146 510 1198 324 113 1503 2142 946 2619 2311 1922 973 1506 1702 2361 2632 776 758 787 828 2280 230 1481 2494 1022 1612 2244 1351 1026 719 241 1723 958 2666 825 936 52 346 786 2164 1915 1141 1500 752 2521 2336 1048 353 2536 49 125 2434 2398 2209 2824 2806 1021 1963 138 377 2611 1781 834 1813 2284 625 2118 1559 1368 2360 192 980
878 2686 292 1237 62 1368 2029 1290 2663 2596 2 302 2451 394 2146 1518 2008 417 2384 764 67 1989 1443 1351 889 3 601 2796 681 615 78 21 2824 361 1906 1915 2093 2426 555 779 2459 893 2423 2209 1567 1642 812 1562 1940 2262 2543 14 114 318 719 886 2284 1398 1686 597 802 2510 778 2392 254 2085 810 1770 9 199 431 2600 2217 492 731 2458 1747 1772 2074 1268 2415 1879 945 517 787 1211 1794 1574 365 579 35 1985 2583 1579 672 1981 289 2042 1783 1699
2706 386 1290 690 1440 1237 1497 1267 1518 2271 810 1080 973 1922 3 583 2355 1833 796 2593 2686 787 1567 2209 1981 466 2620 2672 1443 1642 2494 23 283 2666 1940 1198 1086 2694 1938 1884 1986 339 718 885 1747 254 2596 1040 372 812 2663 1043 863 1015 2392 764 1457 365 2203 2 1527 1671 1351 318 1989 77 2146 2262 256 67 1545 946 1664 1368 1373 2619 1605 850 880 2152 1426 1184 605 1653 1205 1229 1247 2583 1992 1119 776 2118 258 1882 2332 2474 648 610 1646 1525
1237 1981 1567 984 1673 2660 1290 1518 1614 1331 2789 2796 471 786 1438 1604 501 2821 810 129 337 1909 1301 301 2244 1545 2049 2357 530 506 1500 2690 2164 71 787 2271 2609 394 446 2467 1481 2632 788 324 2093 2696 1062 1917 363 52 565 2398 2027 1978 1048 1742 33 2085 909 1022 1026 2543 2596 2458 2361 2411 2790 1032 2392 1906 1923 2091 2103 2760 1662 1465 2237 108 2372 2665 2608 1941 815 2442 2794 643 1612 1503 402 241 243 2142 2600 2832 958 628 648 1058 753 1625
466 690 2706 1884 1205 2203 973 1198 764 1080 1922 23 2494 761 946 672 1671 828 2271 1702 2008 810 1785 510 2351 980 2620 1237 2146 2821 2118 377 788 654 776 2210 1923 2666 2209 2474 1015 2355 117 2602 1083 324 129 2690 1374 1726 2608 1351 2619 2467 2521 719 2828 2593 1610 2448 825 1605 265 1062 834 897 113 2361 230 98 353 1397 501 275 758 1481 933 420 2632 1426 163 2284 2450 2669 2434 1668 1032 958 365 1574 2142 2468 309 1290 640 1044 1086 1500 298 1570
2 2663 67 2510 601 431 764 2686 1237 672 2118 1989 946 1922 2146 1368 2008 1884 1290 1351 2583 788 2293 1938 278 1518 2824 2532 2706 9 1443 18 767 889 1842 1940 2599 2271 1747 62 70 690 2029 2262 1567 627 980 2042 2077 1785 277 878 787 369 2828 828 292 2665 1992 719 1833 713 2762 1783 2561 615 579 114 2777 496 1770 2459 1198 1357 648 2796 492 1915 211 2682 2520 945 499 2376 2722 2433 1711 136 933 2244 2596 2284 365 1015 2280 1579 1533 394 810 1211
1290 1237 1518 2596 2392 394 1981 2796 1567 2093 1614 129 2543 1368 501 1062 2458 2 2244 2663 1331 878 2085 788 2794 324 2280 764 1909 2789 2600 2029 601 243 2686 984 67 1673 2660 2008 786 1879 292 62 1017 1932 431 2434 1906 367 1923 1989 2583 1604 1040 2042 2121 2142 139 3 1481 2451 1651 1022 2459 192 681 2146 890 825 1119 1642 1301 2682 254 1503 33 1435 2384 942 1282 337 530 417 778 1940 2173 464 1813 1026 555 2426 245 916 1053 363 1699 779 2159 2049
129 324 1062 1671 2450 2706 501 2821 1785 690 1481 764 52 466 1923 2280 1933 2244 828 788 1932 2361 897 1736 1503 8 1500 2146 672 2311 2351 139 309 301 2271 2164 2142 1612 2690 834 2008 2396 1638 758 786 1963 1813 957 861 2789 1237 1917 1910 1941 2666 241 2342 2448 2794 1465 449 2055 1884 464 1567 2355 1605 1022 192 2669 2578 49 1506 2452 141 1368 2508 245 2747 335 2593 825 1198 1032 61 1351 2467 761 810 2619 1706 2173 1249 1922 565 1027 2365 1702 998 2203
1671 2706 690 466 828 1500 1237 2593 1923 2450 1481 2690 2821 2271 2280 788 2355 1368 764 2142 810 324 1922 139 52 1267 1642 1290 672 1435 3 129 1062 254 2474 2467 1086 192 2311 113 367 776 2666 1785 973 8 1503 245 241 2669 256 501 2794 234 1567 61 1141 449 2434 2632 946 1726 2008 2146 2448 1941 377 2619 1963 1351 1917 1506 394 2209 471 33 1706 2055 2210 141 1605 2 2663 654 1080 2244 1466 1702 1612 1438 786 812 2578 2173 2164 2806 1884 2608 2583 897
1940 67 764 2663 2 2146 2008 1351 1086 2686 2209 1443 601 2583 719 885 1833 1915 3 1497 2824 1642 2018 165 880 2284 2434 2510 1289 1493 914 362 254 812 1574 1772 615 1922 787 1841 1357 2293 35 2728 247 386 1457 1986 2672 810 431 627 1747 946 1130 2121 1785 797 2376 18 1786 1989 1938 1842 2414 2706 1825 1434 725 1192 2207 2736 2378 2777 2536 2475 1595 825 1957 1997 272 2739 1126 2345 263 889 2433 1420 2558 303 339 1559 1534 1121 2214 2271 2176 1229 2077 1157
2 2663 1940 2433 788 283 601 1785 1545 2244 1102 878 1443 1833 731 2686 672 1290 129 2392 1518 764 786 292 62 431 2767 950 1062 501 1434 1986 2596 324 1926 1965 810 2376 2411 2029 1026 2790 2543 2510 1497 2789 4 362 2832 417 2207 1086 2817 681 826 231 77 394 1825 635 1699 1316 3 2038 925 1237 1642 1636 2008 787 1481 555 1752 302 1923 2209 254 2469 2544 958 2806 1860 477 638 2271 363 828 421 1912 67 2258 2217 2300 266 2694 1369 278 1500 943 1399
1290 1518 1237 1981 810 1567 2271 2706 2596 984 2796 787 1545 1673 1909 1614 2543 2411 2085 1331 2660 324 129 690 2458 1922 909 337 1102 2049 1368 672 1742 2600 501 2494 1080 2790 1923 788 1671 1017 2832 2821 2392 1062 243 786 1604 1301 1119 2789 386 1407 283 530 943 2357 916 394 363 2583 1438 487 1613 1882 471 1926 52 921 1989 2093 2044 2690 2501 2696 2244 312 942 71 2262 2065 2686 966 2468 2619 1481 1953 1747 945 372 631 958 2064 1384 221 2282 1978 67 2767
690 2706 1080 1922 2118 1884 1198 2494 2666 764 466 810 386 1205 2203 2271 980 973 23 510 117 265 1440 2146 946 787 2620 2008 1882 2593 1184 796 2152 1570 672 1702 776 1610 1397 1015 327 1537 275 719 2521 1525 372 1940 2474 2209 1267 6 1426 1605 1545 98 1642 1915 1102 3 1285 1086 2171 298 1488 1603 1400 1351 2448 1083 953 909 2361 309 2824 2355 2210 353 1671 958 1043 1726 2018 2284 1602 2336 2608 2043 254 420 812 283 1497 318 1456 205 143 1616 825 475
1086 861 764 309 129 2008 810 1785 1884 2244 761 1080 2414 690 672 1922 2706 2146 828 856 2434 324 1435 1351 1062 834 2280 1481 2159 1282 466 2271 625 654 2210 2663 2608 501 1443 2 1500 57 2794 2620 1277 1177 2176 2360 1368 394 13 506 1651 1205 377 107 2351 2578 2450 2494 640 2686 786 139 2760 880 1927 1465 2311 2520 1337 52 2522 1906 679 1237 1662 2284 471 2203 2694 815 1612 2173 2641 230 2539 778 916 825 1632 1198 61 2142 1574 788 565 615 2806 1438
2706 690 1443 2686 2 1833 2663 2672 1080 1198 2203 23 973 386 885 1440 265 1922 1290 466 3 2118 1525 2620 1884 1642 2666 1086 510 2510 1616 810 1043 2271 1938 787 889 601 117 431 1518 1205 2355 946 2332 339 863 1747 2209 1457 2494 1605 318 2152 2694 2115 2593 1015 2608 1267 372 1426 1229 1184 1570 254 980 1610 1237 6 77 1940 1397 1989 158 258 309 796 2210 2572 2760 2739 1559 420 275 2056 731 1664 1602 1726 1714 1320 2722 1191 767 880 1603 564 1357 1285
764 2663 2008 2686 2146 601 2 3 67 62 292 1351 1443 878 2510 1642 1940 1915 812 2209 788 2029 431 2824 302 417 1290 2217 825 719 2284 615 672 779 1518 254 1985 1368 555 1989 1574 1772 889 1794 2415 767 1833 2336 14 681 35 361 1289 2085 1997 2433 9 1357 1579 282 2583 802 950 2434 2451 303 2376 1026 501 1699 2384 125 2596 1686 1320 886 2667 1493 579 1747 114 78 893 2018 2789 1770 914 277 247 129 1398 2244 1497 1986 1938 2426 2459 21 731 1958
2280 129 2794 2244 1518 758 1062 1237 2164 501 1481 786 1290 245 2311 394 52 139 2690 2142 1989 788 192 1145 1781 1910 2789 2821 1651 1368 1022 2596 363 1500 324 764 402 1503 1506 141 1917 113 2091 2682 49 1567 654 2173 1963 2663 1981 1435 2055 1438 1282 2361 471 1127 2669 389 1879 239 2467 2 1662 1785 998 2747 2796 408 2232 2137 1248 945 1612 2632 401 2434 61 2396 672 1465 1923 2686 2578 367 525 2722 369 2392 1977 2583 2539 449 916 2806 356 1583 33 2029
2706 690 386 1080 3 1833 1440 2203 1198 1267 2209 1922 1940 1642 946 973 2271 2686 863 787 1443 2666 810 2494 2152 339 318 2593 23 254 466 2672 796 1605 1497 1938 2663 1205 117 764 2 1884 2620 2355 372 1184 1574 1772 1747 1616 1351 980 2146 812 2118 1570 265 1525 1285 71 2572 885 2434 283 327 1426 1603 1545 2008 362 583 750 914 510 1380 1762 958 2043 2171 615 889 1602 1915 104 1641 1457 1702 1841 1247 1646 309 718 256 275 1986 2751 1493 431 834 98
810 129 501 958 2271 638 1062 2244 394 787 2055 324 786 731 2663 401 71 363 1989 2789 2 788 52 367 1481 1628 2469 2142 141 62 2796 1906 1023 1662 1510 601 2098 2029 2429 431 1443 2510 1543 890 67 380 2392 1438 1833 1940 1518 1599 1465 2821 2532 1699 780 2747 2126 1290 722 2093 417 402 1872 471 1268 1500 878 125 2373 1938 1923 912 2090 1047 461 534 2217 2074 555 1842 2191 1879 823 2794 1368 760 113 369 1282 2596 2583 681 2357 18 2077 767 2042 2681
2271 810 787 958 1237 788 1290 1981 2821 129 1567 786 1062 501 758 1518 71 394 2690 2411 2467 1923 2619 2632 638 1102 2806 113 1506 2142 324 2311 1026 2596 2832 1086 2055 2398 1503 125 1481 672 1671 828 52 1604 141 1048 2137 1044 1932 1785 241 346 2164 1249 1614 363 312 1039 2747 897 471 2789 1879 49 2816 2790 2244 2392 625 2232 1912 77 2669 936 1331 1963 1438 402 2794 753 635 1500 839 1282 386 283 295 880 654 2505 2465 2098 89 1545 586 389 2171 1813
1237 1567 1981 1290 1614 1518 810 2271 1331 984 2706 1673 2660 71 690 337 2543 1884 672 2118 1922 301 2357 506 1604 1368 1978 2085 1080 1742 2458 787 466 1671 1032 980 2093 2796 129 2392 565 2596 1119 243 2600 2609 2789 1909 2094 958 2049 1545 2361 2450 530 1301 2262 815 1906 501 1963 2696 786 2821 852 909 2494 1726 648 966 1017 1062 2608 1198 946 2210 1040 394 788 1481 1610 1211 324 871 2244 942 2760 1625 2027 1638 446 1205 1015 908 973 2554 957 510 1718 1923
1785 1237 672 764 2706 958 2271 810 1102 786 787 2821 1086 788 690 1576 466 1922 2008 1290 2411 501 2832 2666 129 1567 980 1518 283 2632 1062 77 2694 1884 2146 1080 2690 828 2669 139 1506 1026 2790 57 943 758 1351 719 2663 2596 363 1228 394 812 1443 2828 71 499 192 2293 2 2351 2467 2602 2794 1438 2210 113 471 3 1533 1833 2203 1668 386 2311 1923 1503 1752 312 1141 470 713 1374 1545 13 933 52 2392 1282 1044 1981 1953 2361 1048 638 2520 510 2118 1653
1290 1518 1989 1237 2583 394 788 2 2663 1102 998 2682 1368 1879 67 1963 1651 2596 1567 2821 2686 2142 1981 129 2790 2690 1481 1977 1545 945 786 2789 2311 2434 2029 141 764 2055 1785 2632 1145 672 1923 113 2164 2832 1026 2361 192 828 401 3 283 1642 2796 2609 1062 1583 1040 1503 1500 1614 245 2411 2536 1604 52 2280 1443 324 501 1574 431 2378 1935 139 601 1906 778 292 1506 2669 1435 2794 2747 254 2467 943 365 2450 1248 2458 18 1367 1842 1926 897 916 363 2716
2271 810 958 787 71 638 690 2706 510 2821 2351 205 1080 2619 2666 1884 2118 57 1785 2521 752 1702 466 788 1694 786 1671 1456 980 2832 1610 1102 77 129 1556 309 501 1205 2690 2554 2616 163 1284 2632 508 1048 2643 761 586 2311 894 2094 419 2608 471 167 1062 363 2816 113 2171 2468 2467 2789 2153 2411 2522 1032 2790 1021 1940 1545 1716 953 506 1630 2505 2465 1198 1086 2481 1438 8 973 241 2043 2346 2508 1797 925 312 1802 1612 936 454 122 1043 1083 2244 2448
394 2392 1237 958 2411 2796 1119 2093 129 1407 810 501 1879 1567 1290 1102 1062 1981 2596 2271 787 638 2747 1906 2055 1518 71 1604 141 1614 1028 1331 788 984 2543 2790 1301 499 324 2098 2675 943 2280 2544 2817 1145 1935 2663 2357 2 2832 2244 1690 1002 401 1023 878 2501 1268 536 764 925 680 2142 2159 1673 1047 1545 1926 1017 1040 2434 825 2140 2638 1368 635 221 457 2235 292 1978 2789 2426 2822 2736 731 312 2044 1481 113 243 1089 62 230 2008 2042 786 1785 916
2 2686 2663 2583 67 1989 601 627 1290 1443 431 1842 2510 1747 18 1518 1785 2077 2777 2596 2029 1368 764 369 254 2209 1833 998 2434 2772 878 2146 889 292 62 555 2451 1938 1574 394 778 3 1237 2121 2008 1351 1642 1125 1699 945 767 681 1651 812 417 2280 1001 2384 2532 70 9 1981 2673 1578 719 2458 231 2682 2295 1567 825 1753 1935 2478 1854 914 2796 114 382 1562 2018 35 1820 1879 2459 1772 2536 1563 779 1915 2413 2214 1583 1463 1460 2392 2767 558 2142 1296
1237 1290 1981 1545 1518 1884 1567 2271 672 2706 810 2118 1922 980 1080 1673 2543 852 2796 787 2085 984 2660 690 1407 958 71 372 909 2210 2458 2596 1718 1614 1331 2262 2789 2411 1285 1119 1610 1527 2790 1102 2392 2600 324 1368 2828 1604 129 2357 943 1301 788 2044 13 501 933 2609 973 1917 1211 1923 508 1752 1909 506 1668 2494 1747 942 1978 1017 648 786 565 471 283 1438 2832 1479 966 1062 2045 2093 2501 1992 1272 1456 2244 2767 947 2608 950 2602 2817 2686 1015 2027
1922 2118 690 1080 1205 2494 1884 466 980 510 973 2203 1397 1015 2209 2706 298 946 1610 764 1184 117 1043 1285 23 1702 2152 1198 2271 275 2521 1351 1032 372 386 1086 2666 885 2554 2351 1267 796 1497 1570 2593 880 420 67 2008 2620 810 327 750 2608 1738 1616 1502 776 787 148 958 6 1603 282 1537 425 2807 1206 1083 419 254 1632 167 454 1605 334 98 1915 496 3 2824 1456 2448 1426 163 1556 615 1488 2303 1545 2171 2043 230 2751 2643 976 1963 498 797 2153
1922 764 1351 1026 788 2146 2008 2663 672 2 1785 946 690 2209 1884 776 2821 2824 2666 719 1915 2118 2686 278 812 2152 2361 1957 2203 98 973 615 1559 466 1574 35 1443 2593 67 2214 1772 272 831 1205 2378 254 353 2706 1066 1198 477 1923 1080 2510 980 2828 283 914 2474 125 2632 2018 2762 601 265 2494 1711 828 1786 15 1106 2271 1989 2690 1357 1335 384 1605 9 1420 1493 564 318 501 1368 1912 781 230 779 926 3 324 1500 586 436 825 2467 2142 2355 560
1290 1545 1518 1237 2085 1981 2596 1752 1102 2433 2543 2660 2796 2789 909 788 2790 672 501 283 1316 925 786 1989 1923 231 2376 943 1567 2600 129 2411 1747 1718 2706 2821 2501 67 852 1860 2044 221 2817 712 1701 2532 2583 324 363 1496 607 1604 2458 1148 1922 769 950 1369 2690 2767 4 486 2686 1673 114 1770 1062 2244 1614 978 2832 1926 312 2011 776 787 2210 1123 690 1965 1368 1026 201 2392 1656 13 2093 372 1331 1307 2389 1627 1407 1705 563 2828 810 2367 2556 966
958 2271 810 2663 2 787 731 638 601 1833 1443 1989 71 1940 62 2244 2469 2392 292 129 1938 324 2055 2596 1986 2510 878 788 1119 431 2029 386 501 2217 555 1062 1699 1628 2686 1290 401 394 767 380 889 786 417 718 67 302 681 2126 1510 2262 2796 1599 2543 2747 1481 2074 1241 2451 141 2722 2098 52 2685 2384 912 363 1518 2093 1320 2142 2755 536 18 2532 1842 1747 1023 427 1562 372 1368 277 2818 2415 2429 2568 2077 2373 950 1047 21 1268 2090 802 78 367
1290 1518 2706 1237 1285 2596 1718 1545 2085 2376 2118 1884 2494 980 2433 1922 2600 852 1316 973 2593 372 690 231 2543 1989 764 1102 2790 2262 946 787 1080 2789 1965 386 810 2271 2817 2008 943 2146 2411 1636 1496 283 3 1642 1673 1752 337 487 942 1407 1681 221 1981 2696 556 925 2458 2556 1747 1320 1211 2824 1656 1567 1368 2532 2660 2501 1351 719 958 298 1915 984 1614 1940 486 563 1926 117 1331 1119 2392 1705 776 1490 950 2282 1860 2044 1978 2272 1742 2459 2011 1218
2271 810 1237 958 787 690 2706 1567 71 1981 466 1545 1671 764 2619 2468 2118 510 506 1080 129 2411 2351 1884 2246 638 1205 2448 1290 786 984 1610 501 1963 980 1630 1702 1456 2044 1062 1032 2094 2821 2832 2008 471 163 1882 309 909 1518 1556 1044 1048 788 1525 2203 2789 301 2392 2168 856 1726 1797 2632 2562 2501 1438 565 1083 2521 1632 2823 2660 324 363 2442 2690 1923 2244 1922 1215 1481 1368 556 8 1015 2522 2357 1119 894 719 2608 758 1802 2720 205 861 2596 1889
324 1062 129 2142 2280 1481 1923 501 1500 241 52 1237 788 1435 1503 139 1932 2706 464 367 2821 1706 245 192 2690 1671 33 2244 1813 2794 113 1290 1941 1567 1466 2271 2311 786 449 61 2450 2467 471 1438 2789 2137 2173 690 1917 2632 2669 1026 2164 456 1368 2091 2593 1820 654 1022 1612 1543 1794 3 2663 234 810 758 1642 890 363 1563 2742 1506 1884 49 2666 1852 254 2396 2250 2474 973 1465 1141 625 1086 496 672 525 2 2316 365 2365 1111 508 372 1248 2025 1912
2706 690 1086 1671 764 880 1785 2271 2816 2694 466 386 57 1576 2008 77 2378 2821 1267 2666 1043 1080 158 2146 973 8 810 2355 1497 885 1884 2690 470 2351 1083 1027 586 1653 1922 719 825 1915 2475 2203 672 1205 324 1420 2127 510 1506 1206 560 1702 2468 2293 828 2209 1141 1062 1457 2593 787 2043 1957 283 2171 129 2494 1440 995 1026 1537 1882 23 278 1351 282 2336 2214 812 384 185 1198 1481 421 788 2522 2434 2118 1500 2619 1426 2669 2832 946 2448 501 2520 2467
2789 1917 764 2008 2686 67 1026 1500 2583 2146 1438 471 2794 2434 2 2244 786 1940 402 2690 192 2663 1435 1706 1351 655 788 431 2316 1443 1086 601 890 3 1923 139 719 2467 2025 501 33 254 627 200 1248 363 2806 331 2632 2284 2121 1543 1915 1941 2209 771 464 1747 2311 654 1503 1368 2062 643 1282 1022 625 812 2510 129 1642 367 1123 1290 241 672 2301 2396 324 1899 1001 804 2669 1021 1289 699 282 2199 449 1506 615 2280 1237 889 61 2824 2018 1842 245 1989
810 2271 958 787 71 638 57 510 2821 2619 2118 1785 205 1702 2666 2351 786 752 2554 1884 690 2521 77 761 980 1080 2632 466 2311 309 419 129 2643 2094 1205 2706 894 788 1610 1048 1714 1032 363 508 2608 2690 501 2522 1694 2789 936 471 1456 2505 2465 1556 1044 1083 2171 113 2467 1086 2153 1933 506 1438 241 1576 1612 1638 2760 402 1237 1022 1671 2448 2346 236 167 2616 499 47 880 643 1630 1102 2468 1043 1062 1198 1234 953 758 158 1632 2816 1503 2508 2043 1940
1290 1518 2706 1237 1102 2790 1545 943 810 2411 787 2271 2596 1981 283 1407 909 221 2832 1926 1567 1909 984 690 2817 312 4 386 556 2085 788 1331 1614 2044 1923 2458 635 1604 2796 672 2821 2767 1671 2501 2660 925 1673 2433 2543 1752 1742 2049 1656 1017 1440 921 2600 1301 1405 1718 1953 1368 13 1080 966 2262 530 2696 337 1882 852 1922 2789 1026 324 947 712 2300 2690 1644 786 2392 1949 394 817 2011 1146 2210 626 2064 2282 1422 2270 1386 1737 826 942 1627 1384 1860
946 1922 810 2271 2706 690 672 2494 1884 1080 1671 67 828 761 466 1198 1368 973 2686 377 71 2210 1923 2619 1989 2583 2203 998 1290 2593 2118 788 1237 2142 980 1443 1906 324 113 1267 796 1481 339 958 2821 2828 2682 2355 787 1605 13 2520 945 1651 1062 129 2666 9 23 1518 778 2152 394 1567 2 776 292 1579 1770 386 654 265 2361 2602 863 117 114 2450 2663 1015 1702 916 1583 1668 1374 1044 2620 786 2244 52 1977 1285 8 2459 2055 1813 2600 1354 254 1642
764 2686 2008 2 2663 2209 2146 3 1351 601 2510 1368 1443 431 67 1989 1642 1940 1574 812 1785 2434 254 719 1915 825 1772 2426 1747 672 2824 2284 889 779 1518 1290 914 14 1493 35 615 2018 1938 318 2536 1833 1985 18 1545 1842 2378 926 1237 2583 282 1714 394 70 2682 2077 9 2029 2293 627 362 564 1986 230 1595 2336 2596 788 62 1289 2258 878 2794 873 292 499 1035 450 1922 303 288 2561 114 2828 2532 2361 828 1651 1136 1533 2777 767 945 2818 2459 731
501 394 2796 2794 129 2280 1435 2244 139 1268 1237 1543 2029 1699 2789 1248 890 1062 878 2384 2093 1282 1022 2042 2173 499 62 192 916 536 1164 2451 788 367 1567 2 2142 401 1906 2055 1981 408 1879 1500 2414 324 2392 2842 2311 1842 2090 245 292 2663 1518 786 1940 1383 1989 417 356 1852 2159 1028 984 2077 2396 1438 2747 113 778 2146 18 2360 1785 764 1368 2295 1562 1056 1503 625 239 1481 1533 471 1399 241 1721 1290 1909 431 302 2191 2609 2413 141 2510 2008 680
1237 810 2271 787 1567 71 1981 958 984 1518 1290 2706 638 394 2796 506 565 1545 2392 1604 129 2543 501 2411 2357 2093 1906 301 2450 2609 1630 1614 2660 1119 786 2118 980 1673 1331 1978 1102 1922 2596 1884 690 1062 2821 788 2608 2262 1080 672 1953 2760 2351 1301 2790 1032 1736 2246 897 2501 909 1438 2832 2619 2361 471 1610 1702 943 1368 466 1989 815 2049 1879 852 2085 1844 2044 324 1445 1909 1481 1718 1726 363 2094 959 2632 530 1671 236 2244 2468 1044 2532 2433 52
1940 67 764 2146 2008 2663 2271 787 372 1086 2 885 958 1986 627 1443 1833 788 601 386 810 2159 1915 1080 1690 1028 2686 719 1351 2360 1014 2433 77 278 2583 880 2376 2728 2719 2672 946 362 1440 2824 143 165 1747 2494 2135 3 254 1825 2207 57 2665 1642 2284 1192 2345 1574 2510 1841 718 1130 925 722 2018 1938 431 2736 1922 2121 2234 1545 1785 2319 469 2258 779 1043 2414 1884 457 725 1350 1159 269 1316 2694 2378 1320 1212 786 878 2294 804 2598 926 796 905
2271 810 787 690 2821 2706 1080 1922 71 2361 1671 2666 2789 958 909 672 788 1026 129 2619 510 2690 501 466 1884 786 638 764 2118 2203 2632 2152 1048 1702 973 1953 1605 1545 1062 2467 2244 1923 346 2832 2494 980 1198 1487 2094 1889 2611 2816 946 1530 1237 335 2411 1882 1205 643 1726 8 324 2521 1602 1078 2311 2468 2164 1500 586 2398 2790 386 1471 13 2620 1612 2044 2448 2008 2146 2828 506 2351 719 1949 828 2210 2593 205 1102 241 1625 2501 117 1022 1781 654 2505
810 2271 1237 787 958 1567 71 1044 1290 764 1518 984 2706 394 897 301 2008 638 2796 1981 1614 2392 648 1040 1785 1119 1673 1331 1368 2619 2609 761 2747 1277 2146 834 825 1906 2543 2434 2055 230 47 1963 1978 1002 2093 2682 2596 2426 1604 401 2262 1249 2159 1714 141 1879 2336 499 1884 2450 2536 1727 457 2042 57 610 916 690 2029 3 1527 2357 2555 1268 309 2098 466 2360 2284 243 861 1583 2118 731 1630 292 1023 2414 719 1301 365 1321 1145 1642 517 506 1992 2749
2209 764 2 2663 1290 1642 1518 67 3 1785 2008 2583 1351 1443 2146 2686 254 825 1237 1989 231 2293 719 812 2434 601 1940 283 1915 1833 1574 1368 2018 431 627 914 35 1493 1040 2433 318 2596 230 1567 925 2536 1981 2475 1422 1772 1527 779 2824 713 2510 247 1747 943 165 1922 1206 581 615 1361 365 2214 1957 384 256 1752 2722 560 1559 2593 1595 1148 826 2490 1938 1102 1420 1203 1842 18 950 272 926 1247 648 2649 1545 831 1106 731 1369 2832 1786 1289 1434 712
2271 129 810 1062 501 1237 787 958 1981 324 788 2821 1545 764 2619 1923 786 1481 1567 2411 2706 1671 1932 1048 2632 2244 1963 1026 2832 2690 2008 471 1290 1612 52 2467 758 1024 57 2142 1500 690 363 1702 1506 464 241 1438 1215 71 2164 2044 33 2468 412 1662 1706 1282 1941 628 389 2311 1813 1465 1083 638 312 456 1043 2203 2816 556 1022 1086 1630 1039 2278 934 2448 1525 1610 1205 466 8 2794 2361 1395 49 346 1884 2501 880 2398 2232 1625 719 2789 643 780 586
2271 690 1785 466 764 1671 2821 761 810 2706 1884 129 2666 973 1062 2008 2619 788 1237 2203 1080 828 324 672 958 2146 501 2690 1702 1481 2448 1923 1922 1086 52 1198 787 2351 946 2142 2669 786 2361 2209 1290 377 2632 905 2467 8 2494 2434 1141 1205 758 309 980 654 1605 1567 2536 1612 719 834 113 2210 861 1506 241 1500 1963 2311 2450 2244 2280 2474 880 1574 752 1503 71 192 1044 1368 1351 2620 1048 1726 2293 936 825 1559 1093 510 2816 2806 230 23 812 2794
2271 810 787 2821 129 2632 501 786 958 788 1048 2690 363 2706 471 324 57 2467 71 638 1438 1062 1702 2311 1481 2448 335 2619 936 1026 2351 2244 1671 402 1612 2666 52 1506 654 1662 1080 643 466 1726 2398 346 1923 506 113 1953 309 625 1141 1500 2468 278 690 1556 758 2608 2521 510 2278 2142 1781 2794 2611 108 2643 1022 1797 508 2505 2465 753 457 2164 2669 1889 138 2816 1802 1018 628 2616 2789 1465 1282 2807 1487 782 2832 1032 1083 1456 1205 2823 1234 1021 1503
1290 2217 292 1518 672 62 2686 2596 2029 555 1267 302 361 681 417 810 950 2415 1747 788 2244 731 878 427 786 283 893 78 2271 2262 1368 386 2411 839 2600 1545 1320 1374 2583 2085 1636 1642 2568 1443 1923 2469 289 1699 2423 67 1794 1480 2543 2796 901 372 1026 3 787 889 1668 1989 324 1237 2722 2602 1479 1833 1562 1965 942 2828 1940 958 363 1599 868 125 234 579 767 2074 852 1119 1366 266 1102 886 2349 1888 2706 1718 1316 1938 129 492 2458 1256 340 501
810 2271 1237 787 71 1567 1981 958 984 638 2706 2796 1290 1518 1545 2411 1301 1407 1119 1673 2832 1102 1909 2790 565 1604 2619 1032 2262 2543 129 2044 2450 501 1630 1671 1614 1331 2093 2660 2049 2609 943 1742 530 2501 2357 852 1884 394 1613 506 2789 243 312 2392 1062 301 1978 1456 2372 786 324 2244 471 2246 1438 813 1926 372 980 2696 221 2282 2085 8 1612 631 2118 386 1360 672 718 2616 1058 2632 1906 1736 1445 1215 2065 2596 908 1718 2210 229 2164 1610 1963 817
2271 810 2706 1884 958 466 1237 1922 690 787 1086 2203 1080 980 672 1290 2666 2118 129 2608 71 1518 1205 2351 501 2494 1556 861 1610 2760 506 309 77 1567 786 510 1062 1043 117 1576 2543 973 163 2694 788 2522 1198 885 1630 638 815 1923 1545 1184 324 880 2210 1981 2619 234 236 1215 2392 934 498 1368 2411 306 57 2450 1032 2448 1605 2620 2796 1119 1497 609 1706 2632 301 565 1702 375 1668 1638 1015 2152 386 2014 933 2404 2835 13 916 957 2169 2596 1992 1844
1237 2271 958 810 1981 1567 787 1290 71 1518 638 1614 2411 2392 1331 1604 394 1044 2832 1102 2596 1673 2821 129 2543 2619 1545 1301 788 984 786 758 2789 2706 2796 1062 312 2660 1119 1407 1963 2044 1671 2790 1456 1702 556 635 501 1910 2501 301 1481 897 324 2632 1032 1933 77 1017 1284 1630 2467 2690 2450 471 943 1525 672 2246 2666 2816 690 2094 2171 2085 2749 1039 1438 1884 363 980 1048 2093 466 243 530 2049 1879 1926 1906 586 85 2357 2616 52 2458 2468 2118 1923
2632 764 788 1785 1086 1923 2146 501 2690 129 2821 2008 67 786 2467 52 363 57 324 1026 1506 1062 810 1481 2806 2210 2 2669 828 2663 2434 2794 2271 1141 2142 1503 1443 2244 192 464 2520 1940 787 719 1048 2510 113 2583 1434 13 1706 457 2284 346 654 1500 431 2018 1018 241 627 2706 2209 471 2311 782 1438 2378 377 1813 77 936 885 643 2505 2465 1465 1574 2121 601 1351 182 295 758 1289 625 2666 1277 1662 925 958 372 125 1576 1022 485 1021 1612 2686 672
1290 1237 1518 2392 810 1567 386 2262 1443 787 1833 1527 2271 71 648 394 2085 1119 1440 2686 2706 1981 2 2596 1080 690 1086 2543 2663 885 339 309 1938 834 2672 958 2209 863 3 2694 718 1992 1267 1879 1642 1986 1884 1906 1368 365 1198 258 1497 1017 764 2796 1320 946 984 2458 796 301 1664 1043 1747 973 2510 2755 2140 2332 1604 77 431 1653 1457 1978 880 1989 2609 2118 1922 601 1479 605 852 1940 1040 1229 1351 2532 2159 889 1301 1133 457 372 248 2008 466 761
672 828 1884 2271 690 810 1922 1080 2706 946 377 761 1671 1368 67 2666 2210 2520 2828 973 1443 2355 1374 2602 1198 2494 654 13 1267 466 788 1668 324 2578 2055 2663 2 129 2203 2593 2686 292 71 113 958 2583 1062 776 1481 2244 796 998 477 117 2821 2249 980 2280 1642 2142 2806 1923 640 731 933 9 1906 2152 2620 141 380 386 2722 254 353 1579 2450 625 461 1435 1599 2118 1605 2619 401 3 52 778 62 2029 1628 98 786 1510 1015 1559 23 1249 1290 1354
810 1290 2271 67 787 1518 1940 386 958 925 71 2146 2 2008 2663 764 1986 2596 1237 1545 1497 627 1102 2392 718 719 1989 2790 2583 1440 2433 202 722 1981 372 601 283 2284 1922 943 1369 885 2411 1351 2665 638 2510 2728 1043 1747 1752 2018 1673 1320 431 2832 1614 2532 1206 1040 1192 1825 2501 1833 2207 1627 165 2796 77 1331 2817 2159 254 2118 1690 1884 312 2085 2093 221 1567 2121 1407 1316 1028 2262 825 362 1992 880 2345 725 1915 1926 1301 1935 1368 2649 394 1841
1237 2271 810 1671 1981 1567 690 1963 2821 787 2706 786 1702 2832 2468 129 958 2619 2411 471 1481 506 1290 2244 501 1062 2690 1032 2044 1500 2789 984 1438 324 1545 1048 8 33 71 1923 2632 764 2816 2501 2094 363 2790 1456 510 241 1797 2164 52 2467 1662 1102 466 1614 1884 1022 1889 1026 1205 1407 1625 2643 2448 1941 2351 2118 788 980 312 758 2608 1802 1612 1518 556 628 2142 2361 1080 2609 1331 586 1917 565 2398 108 346 2203 635 2794 1726 301 1742 163 2049 1610
67 672 788 2583 2210 2669 1884 13 1086 1290 2663 1922 828 2121 690 1706 2 2828 1923 2686 129 2706 601 2632 1518 464 2690 1747 2142 1912 501 192 2806 1062 324 1813 2494 640 2244 2683 627 1080 2520 786 420 510 1932 1001 1503 2602 1563 2794 2467 1397 431 1949 2025 2118 245 6 1282 2821 654 125 61 2311 1237 1026 1481 2510 323 973 1610 933 372 925 2433 1018 377 52 758 1374 49 363 202 1668 455 331 1205 1787 113 2280 1752 139 1899 295 2767 2250 1123 980
2663 2 731 1443 878 292 2543 62 601 2469 1599 1628 2451 2217 2029 417 2686 1510 67 1518 1833 302 889 380 1320 431 2384 1290 1989 2126 555 401 2423 1435 1699 1562 681 823 2055 2583 788 2722 2074 1237 2510 289 21 1241 139 672 1747 2587 192 1282 531 361 2009 950 893 2415 208 868 1717 141 18 394 1256 1872 625 2433 2632 2373 1938 464 2789 427 245 2038 694 78 340 2655 1706 2568 2747 1842 1160 1438 760 2392 802 399 554 471 477 1890 2134 1725 129 1545
394 1290 1237 2392 2596 501 1518 1879 1906 2796 129 1981 1062 786 2093 2244 958 810 324 1368 1567 113 363 1614 788 2142 2280 2411 1438 1481 2008 530 1500 1119 1331 764 1301 787 536 2357 1002 1268 2042 471 2271 1026 1604 2029 2660 1923 1102 916 1407 2434 243 2055 1932 984 367 1673 2146 2458 1662 2609 2789 2794 638 2137 2049 2191 1909 2543 825 1465 241 141 2140 2426 2384 62 731 1978 402 401 2822 1435 680 1699 52 1503 1282 1505 292 2459 449 890 2536 2090 2682 878
1785 810 129 1062 2271 764 501 2142 1237 324 2821 788 241 761 466 113 690 787 1923 2794 2008 57 1205 2311 2280 2434 1671 2146 1481 825 1932 230 2706 1290 2632 1503 2666 1884 984 958 2749 654 2536 2426 2336 1963 758 786 1567 2137 2619 394 1714 2203 1518 1228 2293 2159 1040 71 1781 2608 1813 457 2284 1702 510 1086 1368 2164 506 2118 1141 2360 1198 49 2669 1044 525 1022 2690 946 973 2467 1922 2450 1500 1080 2745 309 2351 1614 1093 2209 834 52 499 752 777 464
810 2271 788 129 787 1923 1062 958 501 1884 324 2142 71 2821 113 654 2794 758 638 1989 2632 2706 125 1813 466 672 386 1922 1481 946 2164 786 2311 394 52 1026 2619 2467 1237 690 241 2351 2118 2663 1612 2505 2465 2244 2690 1022 2137 1080 471 1438 2398 2 389 936 973 980 1671 2091 1781 1503 2806 1906 2666 1662 1506 369 1932 1290 1368 718 49 363 2280 1039 402 1282 2055 2634 753 840 1706 1440 1048 625 2203 67 2529 1912 139 2494 2232 1500 245 89 372 108
1086 764 2008 1443 2686 2663 2146 2 67 1785 2510 2159 810 889 431 57 1922 2284 2434 1833 672 2706 2583 1351 2360 885 601 2414 1884 2077 828 1940 690 18 880 1842 309 1938 1457 1714 282 2271 1028 1772 719 1277 2777 2210 2121 13 2694 825 812 1289 2176 761 70 129 1576 1690 182 457 2620 654 2824 1080 2520 615 2690 1989 861 1001 2494 2234 2018 2209 2772 47 1810 2608 1434 466 2739 1506 2327 1493 627 377 856 1794 1915 2818 914 1747 640 834 2581 2467 1177 2244
2663 601 2 2510 878 18 431 1940 1833 1443 67 2433 1842 2686 2376 2583 1747 2029 62 1938 627 1545 2543 283 1989 2451 1860 2121 1699 2309 292 302 1320 2207 1752 1825 681 889 2367 361 231 826 1490 1001 950 202 788 2373 2728 1290 70 2673 1398 885 1986 1075 2384 904 2423 555 417 1316 1965 1810 1012 2719 289 2077 78 372 201 1557 672 2556 1737 1888 893 1434 21 2736 1496 2777 1884 1834 2532 1627 2672 1399 1086 769 2217 2455 2038 1799 623 2350 1256 1770 1357 1383
2271 810 787 2821 1026 788 958 501 1141 2706 2632 129 1500 2311 654 1785 2690 1086 1021 2467 786 1671 2669 1923 324 1062 2378 1612 1503 2794 125 1912 278 241 2142 1048 690 1506 2666 113 449 936 1282 2244 2619 1027 2789 2465 2505 49 625 57 464 1702 346 386 1781 1481 402 138 758 1884 2475 2816 2025 363 2351 2520 1706 1941 828 525 2611 2762 2210 638 1957 200 372 71 2199 560 1140 2062 1022 1465 2164 471 1440 2599 1556 1576 1655 973 995 1917 1024 1438 52 782
2686 2663 2 601 2029 62 1368 292 1443 1290 2796 878 67 302 2596 767 1518 2583 1833 889 1989 417 2217 2451 1747 1794 2510 431 555 361 2384 731 810 1237 394 2008 2392 1119 886 2459 1938 78 681 2262 764 1642 2543 2121 1783 277 2093 3 1699 2244 21 802 2415 1906 114 1562 958 950 129 2271 1769 1557 2469 2074 2722 2146 1256 9 1398 2423 893 380 787 638 365 2065 579 427 1599 1062 1211 2085 2568 984 1770 324 2600 916 492 2077 945 1002 1686 1651 627 501
1884 672 129 2271 1062 828 2706 324 810 788 2210 2142 113 1923 654 2244 2632 786 1481 13 1813 501 1612 2520 758 377 2578 1435 2690 52 2583 2821 690 2467 2828 1506 2280 625 67 2794 1080 1922 471 1290 1500 1671 2602 2806 245 1374 1438 2669 2494 2311 980 241 958 1503 2118 2164 1668 973 2091 372 125 386 936 1022 2137 1781 1048 640 1989 402 2055 367 363 239 192 679 353 292 1518 1141 534 776 1662 1941 389 2505 2465 430 380 787 1039 1248 49 346 1018 2029
2271 810 787 958 2821 501 788 129 786 1785 71 638 2706 2632 690 1884 1080 1062 2118 363 1940 508 386 2351 324 1923 2690 1612 1048 113 1702 466 936 1922 1671 2467 2619 2663 57 278 2 1726 2244 2666 471 1438 1556 758 643 2311 2505 2465 510 346 1440 2608 1481 980 1506 2794 2643 2521 2159 1802 52 1456 1662 2360 1022 1205 2468 654 1781 2448 402 2494 718 2611 2142 973 2398 1503 2620 1026 241 1056 457 1610 1797 163 1443 1282 108 1465 1500 506 309 1141 753 23
394 501 129 1062 1906 2244 2796 786 788 958 1237 113 810 2794 2142 1879 324 1481 638 2280 2093 2392 363 787 1438 1500 1981 1435 471 52 367 1567 241 1026 1141 71 2271 2055 536 1368 1268 1290 2042 625 2191 1543 1518 141 2029 2596 890 2822 192 1282 1923 2789 1662 2137 1465 245 1604 1503 1022 1248 2146 2411 654 449 764 139 62 2414 401 2008 2609 1505 402 2505 2465 2632 2434 1301 680 292 1145 2396 2384 2357 916 780 1119 2429 878 1356 1935 1533 936 1781 2098 2821
2271 1237 810 787 958 1981 1567 71 1290 2821 2619 394 1044 638 2832 2411 2171 1518 2094 2706 1702 129 1671 1614 2816 2468 2043 312 1604 758 2632 586 1048 786 57 788 1506 1102 1331 1879 897 1062 2643 1487 635 2467 1963 556 471 1673 2666 501 2690 2596 1530 1301 2392 1933 1456 2398 2749 1083 1910 1638 984 752 2789 1438 2311 2790 2501 690 1525 2660 1249 8 301 1284 1215 77 324 2201 1481 2466 2616 1630 2361 1785 85 1078 2740 2044 113 2450 346 1524 1026 732 2164 2049
2706 386 690 1440 810 2271 1080 1290 787 1922 1267 973 2203 2494 71 1884 2262 2666 1198 2118 2672 1833 2686 1518 2620 1237 796 946 958 1043 1184 1443 980 23 2355 863 2596 1497 1205 466 2663 718 2593 117 1940 1938 1642 583 372 339 3 309 1747 1285 2 2209 1989 764 1605 1119 2146 2085 953 2392 2008 205 1015 1986 2543 2152 1610 510 1320 885 1527 143 1570 984 2600 2755 283 747 1457 318 1671 834 1044 258 1718 475 1567 889 2043 2510 1882 1363 650 1471 2171 1992
1237 2706 810 1290 1518 1922 2271 1981 1567 787 1884 690 71 1545 2118 2796 980 1080 958 2262 2085 672 984 852 372 2494 1301 638 1604 2543 386 2596 1285 2660 2609 1610 1718 301 909 1909 973 1673 1479 2458 1368 1102 796 2665 1614 565 1742 2392 1015 1440 1752 718 1032 1211 2210 2049 2600 631 1331 530 506 283 2411 1613 2433 1017 1320 2282 1978 1407 2790 943 2529 2093 1058 557 2832 1119 13 243 298 1953 1272 2619 425 2303 1605 750 709 1682 2501 231 1747 942 1267 2357
1940 764 2146 2008 67 719 885 1351 309 810 2118 2663 2284 2414 2 2686 946 2018 787 2271 1833 2824 1922 2159 362 2433 2376 339 165 601 1915 2176 1986 2728 1825 1841 1747 2207 1040 386 1443 615 265 1989 648 1014 2360 1130 2665 722 1884 2739 1992 1320 1935 2532 1237 2719 2494 2583 1527 627 1028 2209 1497 1289 1938 1043 202 1690 2543 2736 1229 2672 728 1192 247 751 925 1177 2455 1962 230 1545 531 958 788 71 1718 55 1086 1490 2345 1457 1277 469 2641 379 834 1493
1290 1518 1237 2706 1981 1567 1102 2596 2411 943 283 1545 1909 2790 2832 2796 788 810 2210 909 312 690 925 2271 221 2821 2085 672 1923 2433 1752 984 1407 787 2501 2361 386 1922 2458 2121 501 786 2817 1614 2044 13 2660 1604 2690 556 1080 2011 1422 1331 324 2543 635 712 4 2392 1017 1742 2767 52 129 1026 1440 1926 2583 394 2378 2376 1369 1882 1613 921 1671 2600 1949 1953 1301 1368 1718 372 2520 1656 2282 2065 1148 1965 776 2049 1043 1636 978 1989 627 1058 607 363
690 1940 2706 1922 2203 1833 2209 1443 386 2 863 2663 3 1986 1080 1198 2686 1440 339 318 71 834 973 810 946 2620 787 1642 1267 1884 2271 958 309 1938 2494 1841 1205 2118 1714 2434 796 362 466 564 764 812 23 254 980 1497 2008 1184 889 2510 2159 230 117 1320 1015 2672 2355 2258 1036 2593 1351 1985 2426 2152 1014 2146 615 510 1616 1574 1772 825 431 1130 1762 283 1610 1747 2666 2824 601 2414 1357 1646 926 275 1368 1106 2360 104 718 1426 2176 1254 1559 2332
690 1922 466 1080 2271 1884 672 2203 2706 1198 810 2494 761 764 1205 828 1785 23 973 2008 2210 946 1086 2666 2118 1368 2619 2351 2620 377 117 1605 309 980 2828 2450 776 834 2434 2146 2152 2663 129 1374 1671 98 2 933 2355 2602 2209 2361 71 958 1184 640 2520 510 654 13 787 324 1668 2474 2536 353 163 781 1351 2608 386 475 1702 788 1290 1062 1397 1726 1794 1267 2448 812 1556 825 205 1466 1616 501 2593 1772 498 2686 420 1480 306 1574 254 796 1443 1426
2271 810 1237 958 787 1567 690 1981 2706 2619 1671 71 466 1080 764 2118 2468 1963 2821 471 2351 1205 2448 129 1545 510 1290 1702 638 1884 1048 1032 2832 980 501 1610 786 163 1630 1083 1044 506 1438 2411 758 1518 1556 1062 2632 984 2203 8 2246 2008 2094 2690 1500 2044 1882 1889 1525 1215 788 2361 856 1456 586 363 2244 2521 2816 1015 909 2789 654 973 2823 2467 1923 1612 2796 1726 2596 2562 2278 1922 2660 309 2666 1632 1481 33 312 1024 565 1602 2392 1802 2164 386
2663 601 2 67 1086 1940 1443 788 2583 1833 878 2433 627 885 2686 1986 1747 372 431 764 2008 2543 1938 2121 925 1545 1368 2207 125 114 1752 880 1842 18 2719 2376 1923 1989 2510 2029 1001 363 1810 2373 1585 2146 501 579 1922 2459 1770 1351 62 1290 1282 2435 672 492 2694 786 2728 1350 945 108 1578 2556 1557 2258 1699 639 2244 2301 916 1028 1470 2532 278 231 1899 1518 1159 324 1825 950 1316 1080 1912 1075 2367 9 2672 904 2159 2509 1860 2736 531 889 1229 2494
764 1237 67 2008 1940 57 1922 2146 2118 2159 1981 1884 2244 309 2494 2360 690 1205 1080 1040 2284 627 2706 2414 719 1567 788 925 2018 324 2608 2142 457 2583 1351 506 1481 1923 2176 2271 129 648 804 1043 372 1690 501 1028 980 510 1290 786 810 1935 1841 722 1277 1545 2434 2543 2665 2569 2660 2736 2794 885 241 2135 1234 861 2821 2609 362 52 1726 491 1086 2474 2376 2796 2672 1802 1604 1022 1026 1130 2522 2433 2258 2842 1177 1126 948 165 2620 1254 365 1062 2234 1500
1884 1922 2706 1080 2118 2271 372 690 980 810 788 1610 1285 298 386 2494 973 234 2663 2 1032 672 163 1435 787 1086 2632 1440 324 454 2666 625 425 2142 2303 1923 466 67 2373 498 2210 2311 1443 2137 1480 1570 464 1015 420 2583 654 1982 23 601 2529 958 1320 786 1366 117 363 1503 375 113 718 1706 125 2806 129 506 1662 1039 1282 2584 139 2115 6 2032 52 1537 1184 889 1397 1556 1616 1605 108 557 1426 1456 1603 936 2760 1189 510 1816 828 2014 2620 2152
764 2146 2008 1922 1351 719 2209 812 2663 2 67 2824 2361 1368 2018 1785 2686 1772 1940 1443 1915 384 35 914 2583 2293 2414 615 601 1493 254 672 1957 2214 560 1420 2510 318 3 9 2284 831 1066 690 272 1651 776 788 431 825 1642 278 1574 946 15 2706 2378 1026 2821 1595 781 1833 1290 2682 1289 479 2434 98 896 998 1518 778 945 2666 1177 916 362 713 627 2593 1583 303 2620 1989 477 1357 2475 905 310 2176 2536 1938 457 107 1579 2632 283 1434 466 889
2271 810 2118 1884 690 787 958 1080 2706 980 786 1086 2351 372 1032 1610 71 1702 788 973 1456 2311 2666 113 1285 506 2643 234 510 386 2821 2608 163 57 2632 2554 129 1612 2760 501 466 2690 2121 880 363 1021 638 625 1435 2694 2244 419 1043 77 1503 471 654 925 2142 1556 1438 324 1237 2467 1062 2816 1039 1284 1422 2153 1632 2521 2171 2137 1205 1282 1545 1506 2669 491 298 936 1781 1592 52 2794 1465 1940 236 158 23 1481 894 1102 1083 759 1500 139 49 1048
1237 1290 690 2271 1518 2706 810 386 1267 1922 764 1080 1940 1567 466 2666 2686 2596 3 787 1642 796 2203 1440 1833 2392 1981 2494 1671 1497 2146 984 2593 1119 2008 761 71 2355 834 2262 1198 1938 946 958 1884 1986 2085 301 1527 2620 1614 1443 2796 719 2209 2 953 583 23 718 294 254 1747 973 1331 1368 510 318 2663 1604 309 2171 1772 1205 394 1040 863 2043 610 1841 2118 812 230 283 362 1989 117 256 457 431 98 2361 1879 1471 2619 2453 2458 825 1963 2510
394 1237 1290 2796 1518 501 2794 1368 1981 788 129 1879 324 1062 1435 2093 1906 2142 1923 2596 764 1500 1567 2789 878 2146 1282 1248 113 2682 1438 1989 367 786 890 192 2029 2244 2663 2609 471 2 810 2632 2459 2660 1940 62 2434 2008 1917 2284 2392 1022 1909 1651 292 1977 1543 1026 625 2426 1351 2042 139 363 1481 654 778 601 401 2543 2414 2280 239 125 1578 241 52 449 2311 1503 245 2049 464 2458 2384 402 812 2209 1604 2173 945 356 417 1785 2295 1915 2669 33
2706 690 1671 764 2008 1368 129 466 1237 1086 324 1062 2821 2146 761 2355 2448 828 1605 973 672 2434 1922 1785 2593 1351 1567 501 1923 810 2209 1481 946 2271 1267 2450 52 1290 788 1080 812 2055 2666 719 8 2690 2152 1726 2203 880 254 2210 394 2351 1198 1702 2311 2536 2608 309 825 1884 377 1889 1574 2361 957 1642 3 1032 2632 1044 905 13 2620 2142 2467 1879 335 1435 2494 2760 508 834 141 861 1906 2824 506 2244 1981 1506 2056 776 1813 897 2522 1503 2619 1963
690 2271 1884 2706 2118 810 386 1080 980 973 787 1440 1198 672 1205 2494 958 1922 946 2672 466 23 1285 1086 510 2666 796 2203 828 71 117 275 1610 2210 1043 372 1570 880 2828 1374 265 1015 2355 1671 298 718 1184 2521 1537 2602 1940 1668 885 1785 205 2663 1525 377 1267 1702 1102 2 2694 2554 2529 2510 2152 1497 1426 475 6 13 933 750 788 761 2520 2014 1603 1605 1443 2821 375 638 498 1559 230 1616 425 158 2619 1882 1659 1196 77 2620 586 2115 1397 2593
129 672 1062 788 2311 501 324 1610 1237 2821 466 49 1290 2632 2706 2164 758 2280 1923 2142 2137 1884 1481 2271 690 1932 2351 2669 113 2244 2411 402 525 2690 1506 810 2828 1612 786 1981 1102 2762 1963 828 52 1374 1910 1671 2602 1518 2599 2467 1282 1026 278 2832 245 2118 1500 1503 958 654 2596 163 980 1556 1668 389 1567 363 471 1545 2816 1080 2794 1438 408 1048 936 1024 139 1922 2790 2044 1015 312 822 1039 2232 1813 1032 1912 1662 498 13 1456 2378 2578 241 2210
1290 1237 1518 2271 788 810 2821 787 1981 2596 1923 786 129 672 2690 1102 958 1062 1567 758 2467 828 501 2411 2806 324 52 1506 2142 2632 2832 2669 125 113 1086 2311 2543 1481 1503 283 1932 2790 346 1912 49 1026 394 1039 1614 2137 2164 1331 363 2398 1706 2210 1017 2232 1813 635 312 377 1668 2085 2244 241 2619 2747 464 455 1673 731 295 2392 1048 2578 1374 2458 2794 1604 2055 108 386 2722 2602 839 402 13 89 471 389 1282 1249 1435 1407 1438 2600 943 625 2789
761 946 1198 764 2663 2 1443 2686 2008 1205 2494 1080 796 672 1922 466 2146 828 2706 690 889 1785 67 2159 1351 834 2209 2510 1833 2434 2360 863 1884 2210 810 601 23 2203 1368 1086 2520 1574 431 1726 2620 230 1938 2355 781 812 719 973 2077 1842 18 933 377 1989 2271 2691 1714 2414 2536 2583 339 767 2824 926 57 70 1357 861 1747 615 457 2284 2828 905 2118 1616 776 117 309 564 2777 292 1277 277 1028 2641 1772 282 2262 1450 797 2327 35 104 2694 1914
1290 1518 788 810 2271 501 787 1237 2796 2706 1981 1545 129 1923 386 324 2821 2411 786 1062 2142 2596 52 1567 1026 2632 2690 2244 1909 1368 283 1612 367 372 672 125 363 1922 1102 2806 2832 2583 1301 1407 312 1481 1080 2467 690 2210 1438 1953 958 471 2789 2164 49 638 1440 4 626 2501 1058 13 394 984 1048 1503 113 2378 909 2790 2794 1282 2619 943 1613 67 1813 654 718 2065 758 2232 346 2584 2660 1086 1662 2543 1506 1752 2085 2044 2398 2121 402 2311 936 565
810 2271 787 1290 958 71 1237 1518 1989 386 2596 1545 372 638 129 2532 984 2411 501 1567 1062 2085 2790 1102 788 2600 1440 1981 2543 243 1747 394 718 1673 2049 2796 1923 2262 2065 2789 62 324 1906 2609 2093 1320 2665 2282 1884 786 2686 337 2244 1926 530 942 211 283 2392 1742 912 292 1407 1301 1628 1119 950 1000 1978 2832 2357 2055 2583 67 363 2529 2706 4 1909 722 731 672 2029 943 1599 1211 2217 361 2367 631 1285 709 1445 487 1614 401 2433 1331 2660 1705
2271 810 787 958 71 1884 2706 2666 690 466 1044 2450 980 897 2203 764 1102 2118 1237 672 1015 1922 1080 834 973 946 309 2619 1671 984 386 1198 638 2414 1290 2361 2146 2262 1205 1471 2355 2342 2008 1736 2593 3 129 1368 2055 2351 1567 1351 1933 2336 825 2620 2448 1440 812 2426 506 1642 2596 1963 1062 1610 953 1556 1605 301 2201 776 998 615 2284 1702 501 828 719 2749 2790 265 141 786 1518 2081 850 2209 107 2452 2824 2816 1614 1402 2434 1709 230 2832 1785 2018
810 2271 787 958 1237 71 764 1044 1567 638 2008 897 2706 984 394 1277 825 2796 761 47 648 2747 301 2434 1119 2146 2609 2055 834 230 1884 1040 401 1906 141 457 2159 2426 2042 2284 2682 1714 2619 1785 1518 2098 916 1527 1290 499 1249 1368 2392 2336 2536 2414 2360 2118 2749 1023 2555 1673 1583 1614 1268 1981 205 57 1028 610 2523 517 1234 2262 309 292 365 719 2450 1002 1727 1145 1047 861 1963 1630 786 1978 2093 1628 1621 536 2578 1879 998 3 2539 1533 506 1651
810 2271 2706 958 1044 71 2450 2055 787 1237 690 897 1671 984 2747 1567 141 764 129 1884 1145 834 309 1015 1062 2452 761 2262 1249 466 2098 2342 301 2578 2361 672 980 401 778 1368 1963 638 998 1785 828 1023 1471 2619 2008 394 2666 946 1736 8 2448 1628 1583 501 1032 973 2201 2203 1119 1614 2244 1205 2682 2118 1906 1481 953 2336 2722 3 1321 380 1510 731 1047 2146 825 2280 2355 1989 1198 2539 861 1610 1533 377 1933 1290 1709 2042 786 1673 335 2750 2394 517
2663 2 601 1443 2686 1833 885 431 1940 1086 18 1989 67 1842 2510 1785 1434 764 1747 2433 2672 1786 880 2146 2207 878 2029 1938 788 2728 1558 2583 1351 925 182 2008 2669 1298 1574 1357 1257 310 1290 165 1825 1229 889 215 2077 2121 2332 2656 2777 1899 2739 1971 1055 2376 926 3 719 627 572 2356 254 70 2435 2039 826 436 1191 1915 362 2149 1457 2558 1506 1026 2209 962 1518 1125 2694 1877 1752 989 1699 725 283 2018 1350 447 2284 914 1798 146 1001 2690 2659 801
2706 1290 690 1884 2494 1285 1080 973 1922 2118 980 1518 810 2593 2271 1237 386 372 1718 946 787 1545 2262 2085 117 2596 852 298 1267 909 1882 1184 1320 776 1440 796 2790 958 2203 1198 1015 672 2411 1456 2600 1102 1989 1211 2620 1205 1366 1368 718 1567 1610 1480 2543 1407 2789 1671 1284 2376 2355 506 943 556 750 2817 98 1119 984 1747 2433 764 283 2152 3 1603 1570 2303 1642 1316 1981 425 221 353 942 1794 2660 275 2458 337 557 1673 265 487 1402 1380 610 2146
690 2706 787 810 2271 386 1080 1440 2686 1443 1785 2118 2672 1290 1884 1833 1198 466 1922 2203 2209 973 1525 1574 958 2336 889 265 2434 764 2663 2 946 3 2146 885 2494 23 1882 2620 1940 117 1205 77 583 71 1518 1642 980 825 1938 1086 309 254 2666 1714 230 2008 2332 510 2694 926 1043 1457 834 878 1184 1747 1351 2159 1497 812 2392 1559 1664 2210 292 2596 1237 6 2572 2520 564 2608 1083 1702 1772 1426 2536 1196 776 1357 1106 1989 457 1986 934 777 1224 2293
2271 1237 958 810 787 1981 1567 71 1290 638 2411 1518 1044 2832 2821 2619 1614 1102 1331 129 1604 1673 788 2392 394 1671 2596 312 786 1702 1545 1062 758 2706 77 556 1963 2094 897 2543 2790 2816 635 1301 2501 1456 2632 2789 2467 1630 984 2171 2666 2690 501 586 2044 1933 1407 1525 690 324 2749 2616 1048 1481 2468 2466 1910 466 2043 672 85 1032 57 386 2660 1926 301 1080 2201 2450 471 363 1119 2351 243 1086 1884 1017 752 1043 1039 2643 1284 2246 1638 2554 2796 510
690 1884 973 1922 2118 2706 980 1205 1080 1610 672 298 466 1015 1285 510 372 275 1570 117 2494 2203 1537 1397 1198 2828 1184 2152 2271 420 828 23 2666 2521 2210 6 2620 386 2303 1603 265 13 1605 1671 946 1912 2520 2768 1616 933 278 1086 2014 454 2 787 475 148 1488 2599 425 2762 498 2115 1556 1456 2791 629 586 2663 1659 98 788 1738 640 2378 1440 2510 2602 377 2593 2346 375 776 353 594 1426 327 1916 2351 750 1374 334 1668 2355 2502 2677 496 958 2821
1884 1922 690 466 1198 2494 2706 1080 672 2271 1205 828 2203 810 377 2210 2118 23 946 973 654 2520 761 2450 980 2620 2351 1785 2828 796 324 1726 764 788 2608 2 129 776 117 2632 2280 1702 2602 2663 1435 1184 163 275 1374 113 1368 2311 1671 625 2244 2434 640 98 1015 2142 1923 787 1086 2821 309 2794 1612 386 353 933 2619 67 1668 1426 13 1351 1062 2209 205 1032 2355 2578 2572 1397 501 1616 2008 525 958 1500 1610 834 298 510 420 1605 254 781 508 2055
1922 2494 690 2118 1080 1205 466 1884 980 2203 510 2706 973 1184 117 1397 1610 1015 764 946 298 1702 1198 2152 2521 1285 1616 23 2209 2351 2620 2666 275 2271 1043 372 420 1502 148 2807 1738 1570 2448 1605 1497 2008 98 6 776 1488 1032 1351 67 1086 1083 2593 1963 327 496 425 167 880 2643 386 1426 1726 594 1456 1632 1267 796 1545 1556 1206 2608 2278 1537 885 2554 498 1603 958 2171 750 2474 163 334 353 2508 810 375 1026 719 1536 2043 2378 2823 2303 1602 905
764 1086 861 2008 2159 1785 309 57 2360 1443 2686 2663 2146 761 2 1922 2434 67 457 2414 1277 1028 1368 690 2284 1884 2176 856 889 834 2620 810 1351 1080 2706 1690 129 2234 1833 672 1651 2641 601 2494 2583 2510 1517 230 1938 828 2694 2608 926 1940 13 324 499 1714 880 2327 506 55 1842 1726 1177 107 18 916 2210 466 2244 1914 431 719 2254 825 2794 728 777 182 1481 1435 2520 1977 654 2824 815 885 1205 1989 47 1576 2077 2295 2280 812 1457 310 2056 2522
690 2494 466 1922 1080 2271 810 2706 2203 1198 1884 761 764 1205 2619 796 672 23 828 2209 973 2008 2355 946 1443 787 386 377 2434 2210 1671 2686 2118 1086 2351 1616 71 958 1368 477 834 1351 2152 1702 117 1397 1426 2146 980 812 98 615 776 510 625 205 420 1435 2620 1605 640 475 1785 1574 2 1940 1772 13 2536 2361 2520 254 2450 1184 2828 394 654 752 353 1479 781 719 275 2448 2824 1267 2663 933 309 1664 731 2602 306 2169 2691 2055 914 2414 163 1726
2706 1884 690 2118 1080 1922 980 386 2666 2271 372 672 787 828 973 1785 1440 2520 13 2828 1570 2210 377 1285 810 2448 1702 265 1205 1610 275 1605 2521 298 510 1198 2494 278 946 1397 2043 475 2351 1537 2821 2152 466 1726 23 117 1086 1671 2672 2620 2171 1015 788 958 1916 650 2608 1443 926 2690 1603 2346 2378 2663 2014 962 454 1184 2602 1786 306 1668 2 1559 2203 1400 1374 420 1426 1971 1106 1357 1602 2762 1911 933 1882 2502 230 581 2115 1957 885 2468 143 2643
672 1290 1518 788 2828 1884 2596 13 1237 129 1086 828 1062 1374 1102 2210 2602 1923 324 67 2706 501 2085 852 690 1668 1545 1932 1610 2669 283 1912 1503 2583 2411 2311 2142 1981 2690 2632 973 1813 2821 1752 2790 49 2520 980 2663 62 1563 2137 2543 245 640 758 377 2832 1922 464 125 2806 1080 113 367 878 2599 2118 2 1706 1026 2578 278 323 2262 933 1718 386 52 372 2032 731 654 2467 2600 525 925 2244 1627 2280 292 826 1316 2686 2767 786 1481 1272 2271 1017
2821 2351 1671 1785 129 466 324 1062 764 501 690 2244 788 2690 1481 2706 52 1612 2448 1923 2311 786 1506 1702 2280 2508 2396 2467 2632 758 828 1500 2271 1726 1503 1465 2361 2164 1022 139 2008 2794 1941 2142 1889 363 2025 2450 2669 957 2203 2278 1141 241 2146 810 61 1026 672 402 8 2619 2666 936 654 335 49 2091 1662 1205 1048 346 1813 1605 1802 2398 125 1933 525 1282 471 719 2169 1953 192 2365 1083 2806 1922 1438 2816 1024 1556 953 1932 1435 1198 2173 1706 780
764 1237 2008 2146 1290 394 1518 2796 1567 1368 1981 719 2434 2209 1651 2284 2789 2414 1879 2392 2018 1906 812 1785 1351 2596 129 825 2093 1604 1583 1062 1614 1500 998 2536 2682 2458 1493 324 2459 501 1917 916 2360 2244 1289 1909 1772 778 984 247 1481 2042 2159 914 457 1040 2794 1915 779 1301 2361 35 3 1578 2029 2609 1026 2660 2551 1977 1595 1331 1002 2280 890 382 1574 1543 517 1177 2065 2583 1145 33 367 530 1367 2550 2176 2357 2049 2055 107 2824 2604 615 67 1028
67 1922 2663 2583 2 672 601 788 2510 1940 1086 1884 690 431 2706 2669 1820 2378 2121 1706 2210 2494 13 1080 464 2686 627 880 828 2118 2828 2632 18 1923 496 2821 2690 2433 2311 654 980 1397 1747 1001 640 995 1912 2794 129 501 1842 6 2467 420 973 372 278 2520 2683 2672 2164 1443 510 1184 764 192 2620 655 758 925 2077 125 2599 1062 1503 1282 776 331 1506 1563 49 1205 525 70 113 2762 282 324 353 2376 2280 241 1810 2142 1018 1026 933 475 1285 202
501 788 129 2821 810 1062 2271 324 1923 787 2632 786 1290 1518 2690 1612 2164 2467 125 2142 1026 2244 1506 52 1048 2794 113 1237 1981 2311 1545 758 49 2796 363 2398 2806 1481 1953 346 2611 2706 1039 1503 1282 1662 654 402 1022 2433 1500 2232 1465 1813 2789 753 638 936 386 372 1706 2465 2505 13 471 1912 506 331 643 1781 2411 1024 1438 394 628 89 1655 672 2669 2065 2361 565 389 2351 958 782 452 2832 241 2301 464 655 2666 108 1543 367 278 2407 1395 2790
810 2271 1237 787 71 958 1981 466 2619 2351 690 1567 1671 2706 1545 2821 638 764 2411 1963 501 2468 129 1630 1702 2044 1556 506 2094 786 163 2246 510 2632 301 1080 984 2832 2361 1500 2278 1048 1062 471 2448 2203 2118 2008 1889 1083 2501 1290 1044 1797 2244 788 1078 1518 2816 1610 1530 1205 1456 1726 909 1438 1632 2796 309 1882 312 1884 565 2521 635 1032 2690 498 1612 2357 654 1625 363 2666 856 2168 1215 33 1301 324 2481 2807 556 511 2643 2660 8 1953 2789 1781
2271 690 810 1080 1922 2706 1884 672 1443 386 2494 2118 2686 787 2203 2355 973 466 1198 2152 2361 1205 2619 980 1086 2210 828 1605 2828 946 23 117 764 1267 796 2666 889 71 1479 761 98 475 2620 377 1184 1440 13 776 1397 510 2520 1833 1671 2602 2 1285 2663 323 834 933 353 1374 958 420 2351 2593 2008 1668 275 1938 309 3 2691 2450 640 1480 1368 334 1642 477 1044 1574 2529 1570 2146 897 205 298 2434 1702 863 2055 2468 1747 254 339 750 306 1290 461
67 2583 2686 2 2663 1290 601 1518 431 1989 1237 1917 192 1443 764 18 627 3 1842 672 2669 1642 2510 2596 1747 2077 2632 2142 245 2434 1368 2690 2121 2794 2085 2146 2796 788 2777 2209 1001 1785 889 2311 61 254 52 828 1481 113 2008 1026 2458 812 945 2772 1500 1563 2821 1810 1820 1574 1018 1923 1351 2244 1567 2025 786 139 33 2789 2164 1435 324 1981 2467 825 1651 1772 1506 2280 767 719 394 367 292 369 2600 1125 70 1503 2378 654 878 2683 778 2828 525 1248
810 2271 129 787 1062 1884 2706 324 113 958 788 1923 71 501 2055 1435 654 386 2821 2142 2244 786 2632 625 1813 372 1481 1506 52 758 672 2619 1080 2467 1612 638 2806 1671 690 2690 1922 828 1628 401 2311 141 2666 471 2210 125 679 2137 1438 1248 1500 1141 67 1989 936 363 2280 380 980 2164 2583 234 13 2118 389 973 241 2505 2465 2578 1662 1048 731 430 1503 718 2794 1023 62 752 2669 2398 2529 2634 2029 1510 49 840 2091 2450 346 367 245 2663 1022 292
501 129 788 764 2794 1062 2280 1963 499 324 2821 2137 2414 1785 2146 2142 1022 241 1500 1237 2311 825 113 1932 2293 2632 2434 2426 2008 2789 786 2018 1026 1503 1481 2055 141 1923 2164 1145 758 449 2244 1368 2295 1981 2551 2091 1543 2690 1614 525 719 925 1651 1248 2716 778 52 2550 2284 1533 2536 2413 2042 2682 1102 2467 1567 107 1550 55 49 1048 1465 2209 192 2378 2176 2398 2641 1977 1604 1351 2669 2742 779 1917 33 754 916 873 239 2360 1583 1028 2745 1228 139 728
501 788 129 2821 1062 1923 2632 324 113 786 810 2271 1612 1290 787 2690 2467 1518 125 2142 1506 2164 2244 2311 1026 52 2706 758 2806 1048 346 1481 2794 2398 2611 363 1503 49 1237 1500 2232 1655 654 2796 1813 1662 241 1024 1981 643 1465 464 936 1022 13 753 1039 430 822 1706 782 331 2407 1282 1781 452 2669 1912 2465 2505 1932 389 386 2137 672 278 402 628 394 525 295 1018 1953 2301 840 1884 2351 2666 1395 89 455 655 2210 1756 456 1438 471 138 372 625
2271 810 2706 787 1884 690 466 958 71 1198 1080 672 1205 980 2450 2351 973 2055 2118 2666 309 1556 2448 129 2203 1015 1671 1610 984 828 2747 324 1062 141 506 1032 897 163 861 2619 2608 1374 1237 2578 501 2620 1736 1922 1044 2760 1726 946 638 2262 498 1249 2522 1023 1668 1923 565 834 2602 1567 377 1086 957 953 2098 1702 761 2452 2342 117 23 1605 205 2056 1368 306 1456 1723 510 1119 2828 401 856 2355 2414 1628 788 62 1882 1632 2494 933 2821 1471 2210 1043
810 2271 394 787 71 1989 958 2414 2 638 1518 1567 2392 1906 1237 2663 1981 1673 2176 1028 2360 1614 2159 2532 2789 1290 2510 2042 324 67 1940 1543 501 1690 431 2796 1879 1331 728 129 211 2146 1177 722 2234 610 916 1211 369 1604 401 984 1368 141 1785 2596 1040 362 2055 2665 1935 457 107 2008 2550 764 778 788 2641 1986 1102 1938 2426 55 1606 925 165 2736 530 1467 1842 2142 2777 890 2604 230 2093 1062 1056 1463 1833 2018 1628 1023 2609 648 1026 2098 1089 1301
810 2271 787 1237 71 958 1981 638 1567 2796 984 1518 1290 501 1545 2706 129 2411 565 2619 1301 2832 1062 2450 2357 1630 786 506 1102 1612 1032 2790 2609 2789 1407 2093 2660 1604 394 1909 471 1438 324 1884 2821 2632 2246 1673 2244 2543 788 2164 2044 1119 2501 2049 1503 363 312 2690 1481 1736 1671 980 2467 2392 52 1953 2372 301 1614 1923 1978 113 530 2142 1456 1331 672 1445 1039 654 943 241 2118 2505 2465 1926 758 815 1024 1662 2210 1910 1500 1215 243 2794 49 1613
810 958 2271 787 2029 62 638 292 1290 2217 386 2596 1518 2411 302 2796 71 2244 555 950 1545 417 731 2686 1407 361 786 878 718 912 788 401 2663 1264 1119 78 427 1102 2055 1628 129 2722 1256 1636 681 1443 2415 2 1699 893 1062 501 1368 1237 2433 2469 1642 2619 1599 2384 1833 2583 283 2568 601 67 2451 394 2392 2074 3 1630 125 889 1794 380 1747 1510 1398 2093 1940 901 2423 2262 2373 2790 2544 2121 289 886 2008 1562 4 2098 802 943 2817 1938 764 234
810 2271 1884 2706 672 828 690 788 1080 67 113 973 324 2142 129 1671 2210 1923 654 2666 1062 2583 2055 2355 377 2821 2244 787 946 1481 2520 1922 2280 2494 1374 13 380 958 1813 1500 2602 2828 1628 786 758 980 2578 2619 52 466 1015 2467 141 1668 241 2690 401 2 1612 2663 2806 776 1435 2118 625 292 386 2794 1506 125 1198 71 731 367 1599 2669 1610 2450 2137 501 1141 2632 1605 234 2311 1510 761 449 1267 394 2091 936 245 2074 2686 353 49 372 1906 2465
2271 810 1884 787 958 973 690 672 980 2706 1080 2118 1198 466 71 117 1285 386 1015 1205 828 897 1237 1440 2210 62 2355 2203 946 1374 2828 1610 2578 292 2262 298 2029 2602 13 1668 933 2055 377 1628 2593 302 878 2520 1510 417 2303 2450 1436 1922 23 372 1570 1290 1032 78 401 1272 425 776 2722 1267 731 2666 3 1567 2451 141 265 353 2494 380 638 1642 2217 1102 1023 1599 2600 850 1044 2543 629 2791 984 1992 2098 309 234 2342 555 2750 1682 1989 640 275
2271 810 787 958 764 2666 71 638 2706 386 2008 2619 501 2821 1785 57 1702 77 1671 1884 1440 2146 2632 1080 129 690 788 2118 719 2311 2690 672 2832 466 2171 309 1102 1086 335 980 1963 510 457 2448 2043 2616 1048 2521 2411 828 1062 718 2468 1576 2467 786 1026 1445 278 752 2810 2749 1043 1610 2608 312 2203 1545 654 1889 113 1694 2018 2501 2351 1882 2450 2790 506 2520 2762 1922 2816 1953 1716 1923 2361 1277 2643 2434 1933 2210 2044 1456 897 1630 1234 2599 650 8
1237 1981 394 764 1567 1368 1518 1989 2146 2008 1290 1935 2660 2789 1673 362 2258 2065 719 984 1040 648 1606 2583 1463 1614 1438 2682 471 2736 1604 67 2392 1906 2018 1940 2794 1879 2042 2609 916 2142 501 1977 113 1331 2244 778 1351 998 1500 2164 324 2093 2434 2536 788 1435 786 1026 129 2135 1211 2796 810 1102 33 1056 2426 363 97 610 2742 2414 1464 139 1651 2596 1367 2049 873 1923 2357 71 1909 1179 2665 2311 2842 2280 2825 1592 2532 1062 1001 2091 1841 2041 241 2121
1940 1290 394 129 501 1518 324 764 1237 1062 2596 788 2796 2244 2008 2392 2146 1500 2 2789 1026 2093 2280 2663 2686 1906 890 786 2794 367 1543 362 431 1879 2142 113 67 719 1935 1368 1606 878 2510 722 1211 1989 2414 1056 2609 292 1923 1981 2029 601 245 2736 1503 1481 288 1986 449 2583 2135 1614 1463 62 1932 2018 401 1040 1699 2660 241 1917 2191 780 2665 779 825 2434 192 1842 2284 165 1567 1465 18 2055 1825 3 530 1438 2426 680 2258 302 2085 2207 14 2842
690 2706 2271 810 1922 1080 386 2494 787 1884 2686 1443 2203 1198 2118 71 2666 2620 466 1440 958 1940 1833 946 980 672 1290 309 510 1882 2152 973 761 1184 265 2520 2210 834 863 23 583 13 339 117 889 1785 1518 1205 1938 1267 1605 1497 796 2596 9 2608 764 2602 420 1272 2663 1668 1426 2361 205 878 1525 292 1397 1906 2521 2619 2355 2392 394 2 1237 953 1374 1285 718 1726 1086 2146 301 1603 1671 916 1570 1986 933 1368 1610 1471 2008 2414 2828 2262 1747 2448
2271 810 62 958 2217 292 2029 555 386 787 302 372 950 1290 2722 1699 731 417 67 2411 2583 681 878 788 1545 361 78 2055 1628 2415 1102 1636 2596 2451 2384 380 1518 129 1599 2663 427 401 2469 1407 893 21 1256 2244 2686 1062 2568 2 283 125 1562 886 718 638 786 2423 2074 2796 289 71 501 802 2790 2817 767 826 324 2121 1398 2433 1510 943 1833 1642 912 2098 1119 901 1237 1443 1989 601 1316 1320 234 2373 4 1747 1264 73 1965 1686 141 2262 2510 536
1290 1518 1237 810 2600 984 2458 372 2796 1981 2085 672 1923 2543 786 2789 129 363 324 788 1567 2244 1438 1989 2271 2660 471 54 2596 1545 1673 501 1000 52 2142 1893 1481 1062 1813 1407 710 542 487 787 337 966 1747 631 942 2690 1662 1705 2049 33 1479 1909 50 367 2250 2282 2210 1331 2467 2706 2806 108 1853 530 1742 1706 2045 2301 705 243 1384 1917 1794 1681 2411 1285 1695 2790 1613 13 2429 1884 1301 534 2782 1614 2828 402 2532 2237 1320 1026 1102 1992 2064 852
672 828 2828 1198 1922 2602 377 690 2520 1884 2494 13 466 933 1374 946 1668 2 2663 764 781 776 640 2686 2210 9 1642 117 1368 1785 2203 3 2578 1770 1080 98 353 1290 896 1351 2361 265 1518 1443 1205 980 2293 2008 254 788 1237 2706 2353 292 2209 1184 1772 278 1641 2146 945 272 2600 1402 2596 2214 2280 1949 2510 2824 1820 579 973 136 1574 2443 615 129 2378 1957 865 1038 114 479 1579 1170 812 2475 2152 2085 2599 2118 431 2722 1923 420 1357 337 1066 1420
764 2008 1671 690 2821 1785 719 2146 466 2361 2690 129 2706 1062 1506 324 788 501 2244 1026 2018 2816 2203 1702 672 2467 1083 2209 510 1612 1923 2632 828 1500 1027 2278 2434 2351 1481 2448 586 1048 2669 1915 825 346 52 973 2353 2311 786 443 1205 758 8 2521 2378 1289 2284 1963 2271 278 2666 1086 776 810 1922 2152 1198 1525 812 2164 471 1351 2762 1022 654 1021 57 1080 2475 1438 247 2465 2505 254 1957 1884 1141 1503 1574 1781 2494 953 363 241 138 2142 2599 995
1290 2706 690 386 810 2271 1237 1440 1518 787 2666 2596 1267 1080 2686 3 1642 1833 1922 1940 466 1443 1938 764 2171 2355 973 2203 1198 718 2392 1567 958 796 283 2494 2146 71 2620 2043 1497 2209 812 23 254 1986 1884 946 2008 2262 1086 2 2663 318 1574 2085 510 2593 1653 1043 583 394 1981 1184 1351 1119 1527 719 1879 1747 2510 2118 2361 1426 2672 1882 431 1671 650 1992 1044 1664 2152 1368 362 477 2529 825 1605 2434 953 1702 2694 2619 1772 2055 889 880 1040 731
2706 690 466 2271 810 787 2203 1237 672 2666 1884 1080 1290 1922 958 1086 980 1518 973 2608 1702 1198 2448 510 2210 1605 2760 2522 2118 1440 2351 23 1205 828 1102 1671 2361 71 2450 1726 1032 386 1043 1610 946 1567 1953 1882 77 13 2643 764 1545 2152 1785 1083 1668 335 934 2056 236 2596 2521 2828 1981 2602 506 2520 2572 6 1525 2355 1570 1015 2749 265 1267 2790 1933 283 1963 2411 2620 2619 897 933 2725 1374 909 2171 2694 117 498 1736 1364 306 377 1426 776 323
2271 810 787 958 466 2706 71 690 672 1440 1237 2210 386 764 1884 638 2118 718 2666 2203 510 1080 2619 1086 1702 1205 828 2351 1290 1043 1518 77 1610 2448 2520 2008 377 1668 1545 1963 13 909 1922 1630 980 2578 2602 506 309 1576 1032 1083 1198 933 1882 2450 2468 1374 834 2828 1525 2209 1933 2529 1445 1119 323 1664 2749 2262 2411 2796 880 1736 6 2032 2293 1277 1953 2572 856 1044 2361 1797 1272 394 973 2156 301 23 1567 1726 776 2725 1709 565 2747 2521 2543 2760
129 1481 1062 324 2142 764 1671 52 761 2821 501 1785 1237 1923 788 2244 241 1500 1567 1290 2690 2008 2280 2794 1141 2311 1503 113 786 1651 2434 2467 998 1466 2706 758 449 1813 1506 1941 2669 1435 690 1614 2146 2536 254 1368 8 394 2361 1932 33 367 840 457 825 1022 412 192 2666 3 1963 471 2682 2271 1026 719 1583 1465 1574 1438 1044 2450 1518 2091 1331 654 2632 810 1612 2164 2789 61 2806 1642 780 2619 1906 1021 1879 245 346 1027 2209 365 2474 610 625 2137
1922 690 2494 761 1198 2706 1080 828 466 2620 1443 672 764 1205 1785 2686 2663 2 2008 1884 1726 2210 2520 2203 796 2360 1086 946 23 2146 861 377 67 13 2159 889 1616 2510 2434 2448 834 431 309 1940 457 810 57 640 2351 1351 1426 1368 1833 2355 2414 2271 2209 1397 1938 2583 324 973 129 812 601 2828 2608 2450 2056 1605 2578 2152 2118 2280 926 2176 2474 654 1574 2602 1374 1357 1714 933 1651 282 205 905 1277 728 1702 509 1559 2244 776 2277 230 420 767 719
1671 1062 129 2821 2271 501 2666 788 810 324 2142 2706 2311 8 690 113 1923 2794 2816 1785 1481 241 1503 1500 1891 2632 1141 52 2244 2690 1884 2280 449 1026 1612 1723 787 2467 654 1086 2669 1941 758 1022 466 958 828 1435 1813 2164 973 1506 2137 764 335 761 1932 1048 672 2091 2450 2619 786 1015 1917 1781 1605 33 1702 2351 192 625 525 61 1438 1021 1922 946 2171 89 471 840 389 367 1027 346 239 1039 2055 2448 2634 880 2681 628 1080 1465 1237 936 2361 377
2663 2 2510 71 1989 431 925 958 638 810 1443 601 787 1842 1237 1938 18 2077 1833 394 2777 67 369 2649 2392 2532 1567 2271 1277 2772 2686 2543 1102 2789 2818 2029 1369 889 1940 767 2159 309 1028 1699 70 878 1407 2736 1119 951 2755 277 2414 1125 457 1981 129 211 1435 885 1545 648 834 2360 2411 2817 788 501 1870 2015 943 1906 1040 62 2478 1986 367 2295 2050 47 1460 1714 2055 401 1747 2373 2262 1628 2673 731 1753 380 324 2315 2685 1445 202 2583 1855 2641
129 309 764 861 1785 324 1062 2414 810 2159 57 501 2008 2271 2360 2146 2794 761 1086 2608 1884 2663 1481 107 2821 2280 2434 457 1923 1922 1500 654 856 786 2244 1177 2 2690 2467 2522 690 1277 2760 52 1028 2706 2284 2311 2176 1612 1907 916 466 506 2351 1506 778 2142 394 834 2666 1517 1932 998 2450 1651 2056 788 1351 2042 1662 1726 1282 1363 1906 2620 61 2173 1690 2234 787 49 2554 2682 1022 1842 2806 758 2254 1364 2077 2426 1813 471 1368 419 2669 369 1435 1989
2686 67 1940 2 2583 2796 1443 764 2663 1237 2008 2146 601 2209 1747 431 878 1518 1290 2029 3 1368 889 1351 627 1075 2121 1642 2284 292 2434 365 1989 202 812 1833 1606 2258 2093 2135 2510 1794 1001 1810 1783 719 1567 2596 1938 1212 1915 254 1981 1040 1986 1772 1935 2736 2824 2392 615 62 2451 1130 362 2543 2018 2459 1493 2085 779 1574 394 165 914 18 1842 1841 672 2384 302 2458 231 2660 2665 14 804 2741 767 417 2509 610 2728 2350 2609 282 2433 35 945 318
1785 2821 2271 787 2351 788 57 1228 810 786 1702 501 2794 278 2706 2467 2690 2632 1506 2643 129 2666 1671 958 457 2505 2465 1500 2311 241 764 113 1141 2171 2669 690 363 1612 2816 2521 372 1021 2378 2810 2142 936 346 1503 335 2022 654 1923 2043 310 1048 1086 1062 1213 52 758 1027 510 2608 1026 752 1884 466 2448 2244 63 1726 759 1080 49 2066 508 1022 324 471 1899 1465 402 1438 2762 2280 138 182 1781 1481 1333 1282 1576 1032 2254 1056 2550 2346 625 304 2146
394 1237 2796 810 1290 1981 787 1879 501 1518 129 1567 1062 2271 878 2093 2029 958 536 113 1906 1604 62 1301 1268 2596 638 2142 2451 2434 2384 292 788 367 1588 1699 2638 2244 1932 417 1132 1481 2121 1164 680 555 890 530 2609 2090 1543 1407 802 302 1785 241 324 786 1576 1102 2295 984 421 1562 1614 71 499 681 2583 1435 2411 2146 1909 77 2049 2794 2660 1282 1438 1923 2137 243 2280 2140 2786 52 2357 427 2055 162 1331 1248 1001 2217 2333 363 1545 2789 471 401
761 1785 764 2 2663 2008 1443 1205 946 1198 2146 2686 834 2159 466 2360 1080 2434 2706 690 1922 457 1351 1277 863 889 1726 2414 230 2510 1574 861 2209 2494 1833 719 57 1914 2620 1842 828 812 2641 67 1989 18 796 431 1714 672 1368 2536 2077 810 601 2254 1028 2234 728 1938 2271 973 1616 369 1177 2448 70 309 1559 2277 2203 55 23 905 2284 926 2355 1357 1086 394 2777 2824 35 2056 777 2176 339 1517 2426 107 564 825 205 615 767 282 2018 1772 1786 1884
1237 2271 810 1567 1981 690 787 466 129 2821 958 2706 71 2118 1671 501 1062 764 2351 506 1032 1610 1884 1702 788 510 2789 471 786 2448 980 2619 1963 2468 1545 1080 2094 1889 1290 163 1923 758 2008 2632 1481 1205 2690 1438 984 1048 324 2244 1632 301 309 1500 1015 2392 2760 2608 1044 1083 565 638 2442 1726 2562 2467 2411 2832 2361 2554 672 1797 363 2666 1614 2311 2660 1456 52 1556 2153 957 2521 1922 2522 1022 894 1471 2816 1368 346 8 2044 205 1530 1078 2164 2357
1671 129 324 1062 1785 2706 2821 501 1481 2244 52 1923 764 466 690 788 2351 2271 1612 2311 786 2448 2690 828 1500 810 139 2280 672 2008 1141 1465 2142 2450 1503 2361 758 2632 2619 1026 2164 1506 957 8 1022 1941 241 2794 2146 508 2396 861 309 1813 2508 654 1889 49 2467 2025 1282 1922 1726 2091 113 335 1932 1702 412 1086 192 2666 2669 2365 363 61 125 761 936 834 2203 1024 464 402 1048 1662 1435 780 471 449 2278 1605 525 245 346 1027 1706 2789 2414 1781
1785 466 764 2271 690 761 810 2821 2008 1205 23 2706 2203 1198 1080 672 788 1671 2146 654 230 1884 946 973 129 2209 828 787 2669 501 776 2361 2619 2434 2351 1351 2494 825 2467 510 1923 2690 2794 2336 958 2666 1062 1559 834 1702 1922 719 1915 2142 2536 2824 2360 324 113 254 1574 353 2632 998 926 615 1481 2280 2284 265 377 2426 2210 2159 2414 758 241 1228 1022 2474 1714 2311 1503 752 1506 2355 2521 786 897 1723 125 98 2745 71 2620 1026 1048 1368 2 1044
672 1884 828 2706 1922 1080 810 690 2494 377 2271 946 1671 1923 2210 466 1368 13 973 324 2828 1198 788 761 2142 2520 129 2118 1481 1062 2821 980 1435 113 67 2602 2806 1989 2666 2686 1443 654 1374 2690 786 2583 1813 2203 52 796 1668 265 292 2578 640 2593 998 2244 1290 776 71 117 2467 1605 2 1237 1770 945 2152 625 933 758 386 501 23 2619 2280 9 1906 1015 2632 958 2663 2355 2450 2055 1249 2361 2682 114 2311 778 1642 1267 394 787 2249 1651 1949 1579
672 1940 788 1915 1351 2146 787 2663 2029 2209 878 1923 125 3 129 764 601 501 292 1086 810 615 2 2271 2824 1026 1500 2828 958 62 1368 812 2008 2434 828 1574 377 2632 1438 1912 471 1706 1282 1062 417 2789 464 654 254 1772 786 1374 880 1986 324 302 35 1655 1642 2284 2794 363 1443 2451 2378 825 402 885 555 1435 1281 1497 2426 1434 914 2244 1048 2602 2384 2669 2520 113 2459 1917 1576 456 283 1813 1022 893 241 1493 1668 681 2062 625 1187 1335 933 1545
1989 1290 1518 394 998 2682 1651 1977 945 1879 2789 141 401 2 1145 2055 2583 1368 2747 2361 2663 1583 788 129 67 1963 1906 2142 1179 2609 1237 731 897 916 113 2491 2596 449 2690 2821 501 2796 1481 1510 1578 1923 1500 324 786 9 2029 369 2794 1628 1367 1935 245 453 2065 2164 1062 639 2280 1026 1673 808 2722 2686 2098 1503 2042 1769 1614 2311 778 52 2716 1102 139 380 2450 2467 890 1917 2792 2587 367 1599 1842 431 1920 33 1435 2244 1567 2049 461 2163 601 2074
2271 810 787 958 2666 2706 71 1044 1884 466 2414 2450 690 2118 897 1237 980 764 1102 1471 1963 309 1032 984 2351 506 1015 2203 1080 1922 2055 638 2821 1567 2448 2361 107 129 834 1198 1205 1736 672 230 778 2426 2608 1671 1702 1933 565 335 2081 2146 1610 973 786 2342 1277 953 501 2522 1368 141 2060 1889 2682 1583 861 998 2008 1351 1062 2262 1177 386 2832 301 2620 812 2284 2201 265 38 1556 2823 856 1481 2749 2790 1605 2760 1844 324 1785 2747 946 615 1290 776
1237 1518 1567 1290 394 1981 1785 1040 648 2392 764 2434 1614 2796 2682 1604 1651 1977 825 1368 1879 834 2596 2093 1906 998 861 365 2209 499 2 2609 1963 2536 916 301 309 2058 2458 2146 1527 2543 1914 2663 1331 610 2042 2426 2660 1578 778 1673 2293 945 812 605 1727 2008 1017 2555 2794 1989 2029 2510 761 1466 1032 1714 2361 2760 2686 2522 2280 897 1583 1145 1179 1277 1726 1634 457 2018 2450 2608 2049 431 777 984 230 1909 1443 1301 1002 2413 966 2451 2295 2159 1367 1119
1237 1518 1785 1290 764 1368 1651 1567 2008 2536 2682 1614 1481 2392 2280 2794 1981 2434 2142 129 2 2596 2146 192 1503 916 2414 2796 1040 2663 2209 394 2042 825 52 2458 778 324 812 945 1583 1578 501 788 1331 2244 245 1574 1500 2686 1062 1351 1977 779 2789 1940 719 457 998 2660 1772 139 1914 230 2311 9 241 2293 2510 1879 382 1022 1228 1604 1673 2821 2360 672 777 2091 2018 499 2164 2824 310 61 35 517 2159 648 786 2459 1026 2426 292 365 2025 431 1066 1367
810 2271 1080 1922 1884 1198 1205 309 2494 787 690 2118 654 466 2706 834 2632 761 67 113 23 2351 936 2203 2608 2619 973 1726 625 2398 471 205 958 71 1438 1612 946 230 788 1702 638 2620 2210 2414 394 1785 2176 2450 643 980 129 1277 1500 324 2467 2311 2583 861 753 275 1435 2244 828 2448 2159 786 1940 2821 2663 679 2520 1906 402 457 672 525 1048 1662 362 2360 372 1923 2468 163 764 2794 501 1022 1032 1982 386 1616 752 2 117 107 2641 2434 2142 377
2706 690 1080 1922 2494 810 2271 909 787 2593 973 1237 1290 1267 1198 672 776 1884 1184 2203 946 1518 2118 796 764 2619 2361 117 386 2355 1671 2146 1285 510 372 2210 1205 2094 2789 2474 980 1545 1567 2620 2152 1440 1602 1480 283 958 2008 1882 353 1320 1982 2468 13 71 98 1605 205 719 2790 2363 1642 1949 2666 3 1981 750 2411 23 275 1525 1747 265 2085 1078 556 2691 812 276 850 1102 2262 1603 871 2832 1272 466 1351 2686 1530 2018 2828 2209 1940 1368 781 1726
1237 1567 1981 984 1290 2796 471 1518 1438 2660 1604 2357 810 394 1909 1545 1614 1102 786 2706 501 129 506 2543 2411 2271 1673 2093 1331 943 2392 301 2450 71 1301 2609 787 1119 1978 2789 1481 2790 565 2832 1906 2501 2244 530 2065 52 363 2696 2044 852 2596 2164 1062 2690 2049 1923 2246 337 367 1032 1662 1407 1742 2433 2262 324 2467 1718 2372 1736 402 2760 221 958 1671 1613 788 2085 2821 1917 2442 2142 231 2817 1211 908 2210 813 2632 312 220 2608 1039 2665 1503 2425
764 1785 1237 2 1651 2280 1963 2663 394 1518 2682 2434 1917 2392 1914 1977 2583 2209 2146 499 1567 2794 1290 2361 129 2008 1368 2293 1503 998 1989 2311 825 457 67 916 2510 431 1981 2142 2413 777 2295 1481 2042 778 1583 245 324 230 2536 52 1879 139 192 945 601 2018 1062 231 812 2164 501 2091 141 719 1228 1906 627 1179 2785 310 2360 2475 9 1842 1145 1614 18 2686 761 1500 2789 1351 2821 2742 113 2745 1550 2596 49 382 2585 1248 1040 2756 1383 1578 2173 2065
764 2008 2146 1785 690 2706 719 2821 828 2284 1671 1086 57 129 1506 2018 2448 654 466 2690 1726 2351 788 324 1500 2468 2632 672 1062 2467 810 2244 2209 2203 501 13 2520 1922 2434 1205 1612 1351 2669 1198 2414 1289 1080 377 2210 1702 1576 812 457 2311 2360 1802 2494 1605 1923 2620 1940 1078 346 1481 786 1884 205 2176 825 758 510 640 643 113 2608 2271 1249 55 471 1420 1915 1022 1048 1141 1438 282 52 728 880 2824 2152 761 363 936 2159 2694 309 2094 1277 1602
2706 1884 690 1922 2118 973 1080 2666 980 2271 372 1015 1610 386 1205 475 510 1671 2620 275 1570 2152 2494 1397 672 1537 466 1198 2203 1916 1605 1785 23 828 1086 2346 1702 946 787 2043 117 2521 2171 650 586 1106 298 1440 1285 1559 810 2351 764 1603 962 420 2448 1726 265 6 880 958 1426 2520 2828 1456 1184 2014 306 2210 1556 1723 1786 1400 796 953 2608 1616 377 2115 205 1971 2593 1357 926 1882 2810 278 750 309 2008 2816 182 2768 2672 1083 1267 2502 2378 2146
690 2706 2271 1922 810 764 466 1884 2203 1080 2494 2619 2008 1205 1671 761 973 958 1086 1198 1785 2146 2209 1605 787 946 880 23 2620 2355 2152 71 309 2666 828 386 2055 2450 2351 980 2434 117 510 1267 2448 834 1351 672 2118 141 2536 2414 1015 377 1702 1497 1726 2176 719 812 2284 2 401 1397 2663 475 205 654 2474 2360 897 2608 1032 2210 129 1559 2593 2747 825 615 163 1616 230 625 1479 1556 1653 2824 2452 1289 254 1772 2694 2293 457 324 1368 1714 1426 1044
394 810 2055 501 129 2244 2796 401 731 1062 638 2271 958 2663 324 2 1628 1906 787 1989 141 2469 1023 367 62 2098 380 2747 2029 1599 786 71 601 1510 2093 1481 1268 1872 1879 2789 1368 1443 890 1047 2142 1518 52 788 2042 2392 1543 2090 2510 2280 461 1211 431 2074 760 1842 2596 417 1833 2532 2686 878 780 1465 1290 369 453 823 916 2126 984 2077 363 2429 2384 1938 681 18 1699 67 1500 722 292 1241 1940 2414 1089 767 2163 114 277 1282 1662 2794 1145 2191
672 2271 2706 386 828 788 810 787 2828 2520 13 1440 690 2602 377 1668 1374 2210 1923 278 129 501 933 2821 1884 958 324 1062 1080 1026 1671 2599 265 2762 973 1272 2118 113 275 758 640 125 980 1102 839 2378 2578 2632 466 1503 2619 2244 1957 786 2142 1249 2690 2311 2666 1922 718 1912 1582 1813 2806 1267 1610 796 586 2494 2529 241 272 2137 946 143 1038 2232 1612 1500 2467 2421 1205 2214 831 346 2355 1015 1700 2669 323 1481 372 1525 1711 477 71 1949 2280 1605
2706 2271 1671 57 1785 787 690 1086 2666 810 2448 335 2608 958 2632 1726 1043 1702 77 2351 2690 2821 2468 953 8 586 2346 510 475 2816 1576 752 1032 1228 1653 1612 2467 506 1481 1080 1797 1234 2643 129 386 2171 2760 973 52 1602 880 2378 786 761 2043 1884 1364 788 2522 1506 2521 1889 1605 1503 2694 758 1916 1141 236 885 759 2740 2620 508 1631 501 324 1062 457 2554 2311 1021 2142 2725 654 1610 2810 113 2672 1048 1953 2422 205 1556 1027 1891 499 925 241 1907
2706 810 787 2271 958 71 690 466 1080 1440 1785 2666 386 1086 2203 309 761 953 457 2360 2159 2620 973 57 1043 1290 510 77 2694 1028 1237 834 1198 1205 2672 1690 1882 880 2414 1277 1044 1833 2448 158 1471 1714 23 394 2494 861 335 885 764 825 2521 638 2146 1653 1487 1556 2234 107 2522 1671 984 1443 1938 856 2510 1567 1906 333 1610 2434 1884 205 2663 2555 1605 2 2058 2332 230 1518 1014 1702 778 1224 2392 1574 1083 117 2536 1922 294 2619 2596 421 2608 1177
810 2271 1237 958 1567 787 2706 690 71 1981 129 466 1545 2118 2619 1080 786 471 1671 1290 1884 638 1062 501 764 980 984 1630 1205 2468 510 1610 2246 1518 2351 2821 1438 363 506 2094 788 163 2411 2392 2244 1963 1481 324 1032 2448 1368 1556 2596 301 1044 2660 1048 1882 1215 2008 2357 1662 2690 1923 1922 1456 2789 309 2632 1015 52 856 1702 2044 758 2203 1119 2543 909 973 2832 2796 565 1726 861 2168 1500 2467 672 654 1525 2562 1632 2361 1614 2823 1198 1083 1022 2442
764 2146 2663 2 2008 67 1351 2209 601 2510 2686 1443 719 1785 431 672 1915 2583 477 9 1772 2824 283 2378 1574 1922 3 1289 788 2077 812 2018 1642 1026 1434 35 914 615 501 254 2361 779 828 18 2434 2777 129 1842 1912 1493 1940 2772 825 310 2821 1368 182 1917 2284 2293 2789 2632 2828 247 2806 1062 461 303 2426 2280 1957 141 1559 2690 2669 278 889 2214 1833 1500 776 1579 627 272 1820 1989 826 1106 2152 324 1102 125 13 70 831 230 2794 1985 1125 2593
761 1785 1205 1080 672 466 2706 1922 764 1198 828 309 690 2271 2008 2434 1086 2494 1884 834 2203 2414 788 810 394 1726 2159 861 1368 1574 796 2663 2450 1443 2210 129 1277 2620 2146 2520 57 2360 377 2 2794 1906 23 2351 2280 654 2244 67 2176 292 1177 230 1632 2209 1351 2536 457 107 1237 728 2608 812 825 776 324 2641 1714 2426 2029 2118 117 2448 2828 205 2686 973 2056 946 878 778 2055 1616 55 2142 779 777 2384 419 501 275 625 933 1500 1434 2682 367
1237 1981 1290 1567 1518 2789 810 786 764 2271 984 129 2660 501 337 1614 788 787 324 1673 1923 2821 1671 2244 1331 925 1742 1062 2008 2706 1604 2049 2796 2696 506 530 301 1909 1481 2146 2596 1301 2609 52 2690 1662 1026 719 1368 363 2199 1915 2392 471 1369 2543 2065 690 2085 243 67 2094 1438 1465 2790 1545 2632 2414 916 2742 1102 648 241 1043 446 2583 2142 1917 2467 1613 1040 2458 1407 2164 2018 108 1048 958 1022 1813 2357 1211 2468 57 1078 565 464 1119 8 2832
2271 810 2706 958 787 2619 1671 828 2821 57 690 788 2666 1086 2690 129 2832 1503 1062 1481 2816 672 1026 2210 2142 1141 1500 2467 1785 1923 77 324 71 386 377 8 501 1576 2311 2520 241 1702 1080 1021 2632 1882 2171 113 52 638 2043 758 752 786 1102 2244 2694 312 654 973 586 1440 764 510 2749 2355 2740 335 475 1048 1506 402 346 1043 880 2602 13 936 372 1884 2448 471 2521 953 2468 1922 1027 1374 1668 625 278 1653 1205 2411 1438 1941 1234 1813 466 125
2271 2666 1702 1922 466 810 510 1080 2118 1671 787 690 2203 1884 2351 2171 2521 1471 980 1205 2816 2706 2043 2643 958 2448 1032 1889 1953 2554 2807 1963 2494 335 2821 764 1556 953 2508 71 752 2823 2608 2361 1083 2278 309 1488 1487 2619 419 586 1738 1456 1632 1610 1397 167 973 1015 761 620 1797 2153 506 129 1602 2760 2060 2832 1726 2169 2008 2522 894 501 2751 759 650 2620 1026 205 1605 2810 2094 324 2569 1866 148 1612 1062 1502 236 594 1184 8 386 45 23 1891
764 690 1671 2706 2146 2008 2821 719 788 2203 466 324 129 2378 1062 2690 1027 828 1083 1702 2209 2018 973 1785 278 501 1086 2244 2816 672 1205 1026 1915 510 1957 1923 2475 1351 1420 1080 1198 2467 560 1500 2214 880 2666 2494 825 2284 2361 2762 586 272 1481 1289 2448 1922 995 1506 2152 2434 812 776 2293 831 2599 786 8 2632 2468 1605 384 2351 1066 1576 2669 57 1525 1884 2593 1820 2521 2474 1206 2355 443 346 2824 758 2311 15 52 1267 905 2278 1537 2271 1048 810
129 1062 324 501 1671 2821 2450 1481 1923 2280 52 788 2311 1932 2244 758 139 1503 2706 2142 2690 2164 786 1736 1813 2669 1612 8 241 2351 2396 466 49 2794 192 2742 2467 1465 1022 1500 245 1785 957 828 61 1506 1237 113 2578 2271 525 2091 2055 1933 1910 690 2448 389 1435 1249 2173 1567 141 408 1941 2632 2025 1917 2137 2666 1032 1027 1026 565 810 1889 1563 2365 2747 672 1662 367 2789 363 239 1282 471 1141 840 1638 1024 2816 449 1891 1438 1963 1145 654 402 2634
1290 1545 1518 672 2433 283 1237 1922 2085 1752 2376 2596 1102 1989 2660 787 1981 1923 2706 2532 2600 2543 2828 909 788 810 1884 2789 231 1368 690 2790 2821 1747 4 1718 786 925 337 2146 1614 501 2271 984 852 943 2361 2411 13 1316 2767 2817 2832 2011 1331 1080 980 312 2008 1496 1673 1567 2686 2458 1146 2392 2044 1705 764 1369 372 1026 9 950 1627 1770 1965 916 1453 363 67 129 2118 324 386 556 942 2459 2210 778 2796 1893 933 1351 221 2593 769 2357 2367 776
2663 787 2 1922 1884 2706 2271 1080 690 2118 601 2821 1785 980 672 2690 1443 810 386 363 372 786 13 788 2494 2510 2632 278 2210 1397 1440 1833 466 510 2467 2351 2666 1086 2520 2672 828 926 431 1048 958 1605 1205 2521 973 1971 346 2828 1434 1570 1610 889 1357 1940 1938 1706 1702 2806 18 1497 1257 501 310 1026 1842 420 564 654 2669 1923 298 1714 1506 2448 1786 402 2620 962 936 885 306 1166 77 230 1726 23 1198 2608 464 1102 1285 275 2152 6 1426 2203
2706 690 2494 1922 764 1080 2593 2146 1290 810 2008 946 909 2118 1267 1198 719 973 1884 796 787 2271 386 1184 1671 980 1518 2203 117 1205 1545 283 1940 3 1642 1351 510 1915 372 265 1237 776 2152 2209 1882 2376 812 2824 2018 2620 2284 1285 2789 2474 672 2355 23 2468 1497 1368 2363 98 247 556 1440 2361 2085 2433 1480 1525 615 2596 1289 1397 2691 327 2790 254 2094 466 1982 2460 1537 275 1605 1794 1702 1747 6 1102 13 2619 1602 2485 1493 914 1949 353 1247 2210
690 764 2706 1086 2821 672 2146 129 2690 2008 1671 788 1062 828 324 501 880 719 2244 13 1923 2203 1915 2152 2467 973 786 1481 810 466 1080 1884 2602 2271 1351 2632 2378 1668 1026 278 1506 2209 2828 1267 1500 2669 1576 510 1048 2816 1912 1702 2666 2210 247 377 2311 2018 1957 2593 52 1922 1605 758 2694 1420 3 125 640 346 1027 2762 1785 2599 2475 1813 812 272 2806 2355 776 560 113 2214 2824 825 254 1642 456 1374 2361 1083 2789 363 2520 1612 831 2494 384 787
810 2271 129 1785 2311 501 787 2632 2666 2821 1671 788 2690 1062 113 2706 1048 958 1026 654 786 2467 2118 1884 1923 764 2794 2171 2164 402 758 1612 625 1500 672 2669 690 335 1141 1702 466 828 1506 49 980 324 2450 2816 57 1781 1503 2244 525 936 2361 2465 2505 1889 71 1610 2346 1963 1481 2043 1021 8 363 1032 1228 506 457 2398 2810 2142 471 346 1438 643 138 2008 638 1933 2351 1736 2137 2619 1086 2448 2520 2608 2806 1024 1022 1487 2643 1102 419 89 2762 309
1922 1080 690 1884 2118 2706 466 510 2494 2666 980 1043 2203 1086 1205 2271 764 810 973 1671 1702 1497 2152 386 880 1015 1397 2521 1610 946 117 2171 787 2043 885 2620 1605 1267 2008 2351 23 2816 1494 2448 1198 1184 1488 1653 2593 372 57 420 275 958 1285 1545 1032 719 6 1963 2832 2474 77 2643 1471 1616 1083 2751 788 1726 1953 2694 2146 1738 67 1440 1632 583 925 335 2554 1570 953 298 1351 1237 2508 1537 2209 797 761 796 2807 1602 1102 1206 1456 324 1556 148
1884 2271 466 690 810 1922 2706 2203 1080 764 2351 2118 2619 761 834 2450 1205 1198 309 980 71 672 2361 2620 973 1044 787 897 2008 2494 958 1368 2146 2666 1605 1671 2608 998 1702 654 946 301 205 828 2055 1556 1015 1032 23 1906 394 776 2342 353 98 141 2828 117 163 2355 1736 1479 2448 815 1351 638 1726 1402 2414 401 1785 2210 475 2609 2152 1632 1794 377 861 856 2682 1277 1397 306 2791 420 2452 2760 2103 2520 1466 1610 781 565 719 2536 1267 510 1963 1363
672 2828 2 2663 1884 1922 828 764 265 690 1351 278 1205 2118 1915 980 601 973 2824 9 2209 2706 933 2686 946 2510 377 788 1957 2146 1357 1559 1198 615 1443 2008 2762 466 2203 2378 2602 2443 318 15 831 272 2214 1080 13 1785 1397 431 1374 254 283 896 420 2599 3 776 1786 1711 67 812 1570 2152 384 35 1654 1574 1015 1770 275 1668 1106 479 1700 1989 1420 395 2821 1912 136 713 1642 926 719 2494 1434 781 2520 409 854 1582 560 215 2666 962 564 2334
1290 1237 2706 1518 690 810 2271 1567 984 787 2203 466 2796 1922 1981 1080 2596 764 386 2392 309 71 2666 1497 648 394 1527 2760 1198 2146 1940 1963 2494 301 1614 953 2008 2609 1040 2608 1205 510 2620 1331 1119 861 2522 1604 1277 2361 1879 1086 2140 1884 1610 1301 2262 610 2686 1938 2118 1989 1632 2663 1184 1992 1702 283 506 365 1545 1726 1032 973 1605 1833 2355 2159 2049 1440 2209 2 530 834 1368 23 719 1664 1671 605 335 294 3 1906 1426 897 1673 2433 958 2434
1290 1368 1518 2596 62 2686 2029 292 394 2663 1443 1237 2 67 2796 731 2459 878 417 601 302 492 2146 2262 3 555 2217 810 2085 2543 2451 1642 2392 1833 681 2008 2583 1794 2469 361 579 2384 764 1940 2093 1906 254 1119 788 1989 1351 1562 78 889 2458 2121 916 1915 2600 1879 2824 2423 2510 1211 21 2415 1770 427 431 1986 812 1599 893 114 958 1209 1154 945 802 2488 615 1510 2568 386 2074 1398 627 1651 1241 401 1579 125 2026 1628 1938 1699 886 129 767 2209
2271 810 958 787 1237 690 2706 1545 71 466 764 1080 1567 2619 510 2118 129 2351 1981 1884 2411 638 1630 2008 786 501 1205 2821 163 980 2044 788 2468 1062 1610 506 1048 471 2789 1963 2203 2246 1922 2244 1290 1456 1671 1556 2632 672 2094 1702 33 1500 363 1438 2521 2501 2832 324 1518 1923 1882 1662 1215 719 2690 984 301 2448 909 1797 386 1612 654 1026 556 758 1781 635 2466 1481 946 1083 2660 2494 77 2168 2596 498 973 1024 1044 1015 2467 643 718 309 2278 1043
1290 1237 1518 1981 2085 2600 2596 1567 1673 810 1614 2660 337 2706 984 1331 2458 2543 2271 1368 1545 2796 1742 2262 2494 1922 2609 2049 487 1884 2789 690 1705 942 787 530 1893 1989 2282 1681 1909 301 2459 243 1301 1794 2357 2392 1402 852 2118 1211 1978 54 710 966 2696 1000 980 71 631 958 542 1080 2065 2782 672 2064 466 909 50 921 1604 1384 946 1718 776 1119 1992 607 2093 786 2027 1017 425 648 2361 2532 796 1040 3 2411 367 2244 610 1906 1642 1770 1923 813
1290 1518 2686 2596 67 2796 2085 1237 292 1368 764 2583 1794 2 2663 2244 3 2146 1989 1642 2600 2008 767 2458 1783 2543 62 601 1443 1940 1747 2510 431 786 2262 302 749 254 417 788 945 1211 2029 878 889 324 2093 9 114 365 1481 1040 1567 2459 1770 361 719 1351 1833 627 579 2217 2142 555 492 1331 2434 1978 2392 1651 984 942 1002 394 1614 78 2284 916 1938 2682 2685 1209 2433 2121 129 2384 1579 672 1119 1915 2209 2415 1772 2364 681 2609 1026 2065 2824 1062
690 2271 787 2706 810 1922 510 1080 2821 909 71 764 2494 506 958 1671 2094 309 2789 2118 2203 205 1198 2361 2620 1726 2666 2146 1205 973 2521 1953 335 1702 1884 2608 466 980 1545 672 1605 1602 1882 1237 2690 1487 1026 1184 638 2468 1471 2619 2008 786 2152 1866 167 1488 1940 1078 1802 2448 2414 719 2522 2210 815 1797 1530 129 2760 117 2832 1397 501 372 1625 1738 1083 2467 2197 2018 953 1048 508 804 788 276 796 1267 2176 13 2044 2433 2501 1456 946 346 2665 1400
1237 1567 1981 1290 1518 810 2271 2706 506 787 471 1438 2796 984 786 129 501 1545 1909 2660 1481 2411 958 2543 2392 324 2789 1102 788 71 565 52 2821 2244 1062 1604 1923 2596 1614 943 2142 2696 1673 1331 2085 2501 1301 2832 2357 1503 2609 2790 363 2372 1407 394 2467 2690 1119 2450 2760 2600 108 1039 337 1742 2044 1500 2398 530 2466 852 2458 2065 2632 2049 1215 1978 446 1932 2210 283 2433 312 1613 1718 367 221 2164 2093 241 2262 1630 1465 1026 638 1662 1706 2817 2246
2 2663 2686 2510 601 431 1518 1842 1290 1443 18 764 1989 2209 1237 2146 1833 1785 1368 2392 2008 1351 2596 67 1938 2434 394 2682 2777 812 1940 2426 2077 1772 1574 9 70 1747 1567 2029 2536 1981 945 778 1714 2093 2824 2018 2458 2543 1651 1914 2284 369 889 292 2583 767 35 2293 230 2085 779 1578 2772 2042 2532 62 1125 914 648 940 615 878 3 926 1614 1493 1434 1906 2414 966 719 318 2745 1879 825 1977 916 114 1986 417 639 1915 499 1770 2159 310 1753 303
1237 690 810 2271 1567 1981 2706 1671 466 1290 787 1545 1080 129 764 2118 1884 2821 501 1062 1702 2619 2351 788 1922 1610 958 980 510 1518 786 2468 1963 1923 71 1032 506 2244 2816 909 2008 2448 1205 2203 2361 1481 163 973 1015 1083 2094 8 324 672 2832 946 1882 1368 2596 471 1048 1525 1500 984 2632 1889 2660 1726 2690 2411 1044 2666 1198 2494 2789 2210 52 758 719 2392 828 2796 556 363 2643 2044 565 1438 1632 2608 2760 2521 1797 586 386 1456 1802 301 2749 1742
2706 810 386 2271 787 1237 1440 690 1290 1518 1267 1497 1080 583 1567 71 764 2672 2666 1664 1043 796 2209 718 2146 3 1981 2619 958 2392 1642 2596 2008 1671 77 973 2686 23 2355 1922 719 2593 466 2494 1833 1040 1198 885 294 1457 863 2203 457 2332 2262 946 588 2043 372 57 1086 648 1351 309 1247 1724 1527 2529 2159 2434 2609 2118 283 834 1747 2468 1368 812 1772 1938 1443 1119 2694 1574 2171 2018 1884 254 2620 1992 2796 339 1915 1493 1604 548 1882 1373 605 1940
2663 2686 2 2029 788 62 1290 601 292 878 1518 1237 810 787 394 501 67 2451 302 2543 417 1443 2583 129 2384 681 2146 1915 1923 2796 2423 2271 2093 18 764 1351 2008 1842 2433 889 555 2596 779 925 2510 2373 786 78 2392 885 2284 1833 289 1062 1699 1747 1562 1981 21 1989 1940 125 324 1086 431 2824 3 361 2217 372 2434 1906 2121 1706 1368 1860 615 1398 254 2660 1574 672 1316 1912 1794 114 893 363 2075 1888 2600 2415 1938 802 1772 2244 464 1770 1001 1986
2663 2 1443 764 1785 67 828 2008 1205 672 1198 2146 2159 2210 2686 2520 601 18 1842 761 1351 1080 2434 377 2414 1086 2494 466 2360 2583 1574 796 230 2209 889 2029 2510 776 1989 2384 781 2706 292 23 2077 369 615 1714 2203 1177 431 1833 107 640 1368 1357 2824 2284 1922 394 926 690 70 1726 878 654 2176 2426 457 2641 277 339 812 1028 1559 834 2451 719 9 2777 946 1517 1915 1772 767 380 2536 777 564 98 2828 2323 825 13 728 861 309 55 35 1578
2663 2 1940 1290 601 1518 2686 2029 431 2510 62 788 292 2596 1443 67 2146 417 1833 878 394 2093 2392 555 2583 2433 302 764 2008 1237 810 3 1368 2796 1989 950 889 2217 731 681 1986 1642 2543 1938 129 2121 958 767 1628 1747 401 779 501 1794 2271 1211 2074 1062 361 2789 2469 1026 2415 18 2244 1599 324 2085 787 825 1915 1119 786 2284 78 114 2451 1123 1562 70 1557 2262 2077 1906 2376 2384 802 125 1842 1241 380 21 886 427 2600 2426 2722 1985 14 1686
810 787 2271 2706 1290 1237 1833 386 2672 958 690 335 2 57 457 77 1443 71 2663 1440 1940 1938 309 1518 1080 648 1785 230 2596 885 1567 1086 2694 2332 2686 1457 1525 861 1981 863 421 1043 1487 834 2620 1726 1229 2522 1602 761 339 2392 1714 2360 2159 777 1277 394 1224 953 1671 1471 1953 984 2739 466 2608 2510 2823 510 1028 2666 1604 2619 2555 689 764 1882 797 2434 294 638 2254 23 2234 1702 2760 431 720 1914 926 1664 1234 2004 2058 1747 2176 1044 2094 1877
1290 2271 1518 672 788 810 787 1237 1102 2596 1086 283 386 1923 828 2411 2806 958 129 1545 2790 125 786 13 2828 2543 292 852 62 501 878 1912 2821 1440 2210 635 2085 1981 2832 1062 377 681 1668 324 839 731 2690 1706 1374 2142 278 2602 1718 1932 2669 2722 2262 295 942 312 1026 556 758 943 2378 2817 1039 2467 2600 880 555 464 1503 1567 2029 1926 4 1017 1407 289 372 1813 2578 2686 302 885 1506 2632 323 626 113 2137 933 1510 2232 2599 2706 455 640 1884
810 787 2271 386 71 1290 958 3 1440 1642 1940 1237 718 946 2596 2706 2118 1884 690 1267 1986 863 1518 1833 2686 1497 638 1527 1922 1747 254 2262 2085 1080 318 2392 1664 980 1938 648 2619 2209 339 2433 2 2494 1443 143 1184 764 2593 2663 1119 117 1567 2203 2258 365 2529 1198 1992 796 1614 1368 1445 583 1320 1673 283 834 1545 2543 2600 466 2159 984 2722 1574 942 1040 973 2796 1981 2672 825 265 1205 1989 1646 309 544 1630 301 1331 2666 1043 372 731 1752 487
1237 1981 1290 1567 1785 394 1518 764 2796 2008 2146 1879 2434 2596 1604 2392 2018 2093 825 719 2284 1614 810 1301 499 2660 2609 1909 1906 2536 2794 984 129 1228 2426 2209 241 501 2049 1500 2357 1331 1543 1062 1915 1351 2789 2682 1481 530 1040 786 2280 1576 1136 1368 2159 113 787 2414 1651 779 1434 812 2360 1248 2458 2244 778 1772 1932 1282 2632 1742 1673 2142 337 2638 1022 2742 1583 998 1028 457 1435 916 934 301 873 324 243 367 1289 2311 446 230 2842 1002 2551 890
2271 810 672 2706 1884 828 690 1086 1080 2666 2578 2210 787 466 13 386 958 377 1668 980 1374 2520 1237 973 2602 2828 1922 2118 1205 2203 933 129 2450 71 1605 2262 2694 323 2619 1062 640 1610 2351 1198 2355 1436 1032 1015 1963 1671 2747 1249 501 788 1440 1290 1272 510 897 839 2055 23 117 852 1736 77 2361 301 2032 1518 372 1567 880 1119 1525 1267 1953 2448 2342 984 265 324 1337 2152 1570 1910 1933 638 776 298 2608 650 2014 1285 2760 1215 786 957 506 1556
1884 2118 690 810 2271 980 2706 1086 386 1610 787 1080 973 672 1198 880 466 510 2666 1440 2663 2672 1043 925 958 1285 2694 1922 2 1205 828 6 1570 23 2510 71 2210 2554 158 718 372 419 1702 1032 298 1015 77 1374 1422 1785 1237 1668 601 1102 1714 1083 2494 2521 1752 885 1456 2538 2602 431 2828 2351 475 265 2032 2203 852 117 2262 1537 377 1284 1671 2529 788 1940 946 163 1426 1443 2128 1497 2520 2346 13 2578 1494 1545 2643 1397 1632 1675 2153 638 1478 2649
71 810 1237 958 787 638 1567 394 2271 2663 2 2392 1119 129 324 788 2789 1981 1435 499 2736 2510 501 1407 2244 1062 2295 1935 1443 754 1833 2543 786 984 1940 1533 508 1481 2357 97 1290 1550 18 2280 1438 1518 457 1842 67 1102 471 1906 2747 648 1914 2055 1938 2796 625 1785 230 113 2293 2411 2135 761 601 1463 431 2093 1445 2258 834 52 2142 363 2745 141 1923 1604 139 777 1714 1040 309 47 1662 943 2616 1989 1145 1606 1879 362 925 2523 2098 2756 2044 2632
1290 386 1440 1237 2271 2706 3 1497 1642 810 1518 1267 787 690 2593 1940 372 2686 283 1747 1833 796 764 2596 1545 718 2666 583 254 1567 2 2209 2494 958 1671 1102 2663 826 1752 1922 973 1443 256 2672 466 2146 1080 1981 2355 946 812 1247 1938 318 2583 1664 365 1527 2510 1351 1043 431 23 648 1368 1422 943 71 1407 2008 719 2152 1986 2832 67 605 327 165 2043 275 339 1198 2171 1146 2620 874 2085 2790 2293 258 610 863 2392 77 1772 885 1860 601 1884 1040
787 1290 2271 810 386 1518 1080 2706 2596 1440 1237 958 690 946 2686 2262 1833 1267 2392 3 1884 1642 1922 1443 71 1198 1086 2118 973 718 117 2663 2209 2 2203 1497 1119 1940 2085 863 796 1320 1527 2494 1938 339 466 1986 2543 980 1747 1205 731 1285 394 318 1368 1567 889 1351 2593 1043 2722 2672 2293 254 23 2600 1641 1510 942 812 1906 764 2755 2355 1992 1184 638 2694 309 885 1989 1017 372 1978 2824 880 2510 1879 583 2458 1981 275 1241 1525 1772 672 1574 834
1642 3 1940 386 2706 946 2209 787 1986 690 810 1833 1290 1440 2118 764 2686 1443 2596 2271 1080 254 318 1198 1574 1884 71 117 863 1518 1351 2146 1922 1938 1267 812 2008 2262 1184 2663 980 466 2 718 825 1747 2672 2203 2494 2085 1205 958 2392 2336 2593 1985 2433 2434 973 1043 2490 1641 1237 2510 339 265 2600 914 275 1036 719 1527 1119 2824 2293 1992 1595 1206 1525 1762 1752 1664 1493 796 1772 1958 1285 1915 35 454 1497 14 1247 2258 1538 1901 1422 431 984 23
2706 828 2210 2271 2520 690 1086 672 1671 13 377 2690 810 386 788 2821 1884 2666 973 1026 2467 1922 787 1923 640 764 2828 2632 2142 1080 1440 1272 1785 1481 129 1503 2474 2602 1374 958 776 125 1882 501 1021 1062 8 475 6 1141 241 2578 1500 2355 2008 1668 1912 372 324 2118 2816 2619 880 52 2311 2620 464 2694 1706 2669 758 1205 1570 113 2832 2244 1605 1198 1102 752 2346 1038 2171 2043 1506 323 1612 1949 2434 980 1043 2806 2152 796 2146 586 2593 786 1603 346
1785 788 2706 129 501 2663 1443 67 2 2244 828 2821 499 1884 1062 786 2280 113 2794 2520 2142 2510 672 1228 2666 2686 1080 457 1481 690 431 278 324 1086 2360 1028 764 878 2137 2159 13 2077 1923 758 2210 292 1989 761 2118 1938 2295 1690 1237 1833 1842 889 2311 2583 2777 1465 1533 52 2029 241 1922 1022 192 1940 2293 2271 377 18 558 601 1435 125 2378 2806 627 2413 2669 1368 1699 1334 1141 2164 2008 62 2217 654 1374 1500 1249 309 810 2772 2632 713 363 1957
2271 810 787 1884 958 672 2706 690 980 1237 973 2118 71 1102 1290 466 1015 2262 1080 1198 2355 2210 828 386 2203 1567 1205 13 946 1285 2828 2593 897 1436 2578 1374 1440 1610 1668 377 2450 117 2602 2520 933 984 1922 1642 1518 2543 2722 1272 850 1044 1032 3 298 292 2790 2342 2600 1267 2055 62 301 852 1119 1545 1709 638 2750 2596 1570 2029 2619 2303 265 1614 1525 1933 1628 1510 1682 640 425 943 2791 1673 2201 2666 1331 1718 1402 1086 283 2760 1992 1981 417 323
1884 466 129 1062 788 2794 501 2118 324 2271 2821 1022 690 810 2280 1205 1785 2244 1481 2142 1922 980 1923 786 2311 2164 2663 828 672 2690 1015 192 1080 2632 241 1610 973 1503 2 1198 1932 2467 2137 2669 52 464 2091 758 761 1465 1032 2351 2203 2666 1813 61 1612 1706 654 764 776 2448 1533 778 125 1368 2055 1282 1435 419 113 1906 2554 2706 1781 230 2210 525 1237 2505 2465 1632 377 2025 510 1614 1556 394 2426 245 787 2806 309 2510 2611 1048 998 353 19 363
1290 1237 1518 1673 1981 2600 2085 2596 2458 1545 810 1567 2660 2049 2271 337 1614 1742 1331 1368 2543 1893 2796 787 2790 966 1102 1705 984 54 487 2262 2789 1989 1604 942 710 2411 372 1407 2609 324 1923 943 50 788 2696 1681 530 1718 542 852 672 1000 283 1384 2282 1909 243 1301 2459 2357 221 129 386 1017 2782 921 501 776 1285 2832 1922 1211 1884 71 2392 1062 2706 958 786 1926 2064 631 980 2118 1978 1747 1770 2532 1695 1853 1813 2369 353 2817 1440 1119 2244 394
788 129 1062 501 2142 324 1923 1237 1290 2794 241 2821 113 810 1518 2311 654 2271 1481 764 786 2280 758 1503 1932 1022 2164 2632 1781 1813 2244 1614 2690 466 1026 49 2467 2091 1785 2137 1500 52 1567 1368 1981 464 2669 1884 1706 1673 394 125 761 525 2008 787 1331 1048 690 230 2093 2398 2146 936 2465 2505 1506 67 1922 108 2536 1205 2203 245 1612 2663 2232 1906 2682 2789 337 2434 1742 1282 389 2596 2458 1141 471 1941 2 1080 2392 239 449 916 958 998 1465 1435
2271 810 787 690 2706 958 1884 672 2118 71 980 1080 466 2666 386 973 2450 1198 828 2355 1440 309 897 1374 1015 764 638 2619 1086 2210 2602 117 13 1922 834 2828 1205 1668 1610 1237 377 372 2203 2262 1671 2520 1032 946 1556 3 933 2578 265 2055 1044 306 640 2008 1272 129 1642 1267 2529 2014 1736 1249 205 718 2593 23 506 2342 1062 1910 1436 141 1456 761 1632 425 2750 2694 1043 2620 2336 1290 1605 880 2146 510 850 501 984 2351 1567 1570 2201 1723 731 1510
810 386 2271 787 1440 2706 1833 1497 690 1443 2686 958 1290 1940 1267 718 1043 1922 71 2672 1080 2663 1086 2262 2 1938 1237 1986 889 885 583 796 77 863 2494 1884 1518 2694 2118 339 3 2355 2392 2596 834 309 973 880 946 1642 2209 2529 372 143 1527 1653 283 638 1457 1664 2593 318 764 2619 1747 1714 1445 1320 1119 1198 2510 254 1196 2666 1229 1040 158 2332 1545 1277 761 258 1357 1989 2203 1630 23 601 365 2008 980 2755 466 588 672 2543 362 797 1992 812
810 2271 958 62 386 292 787 2217 2029 302 555 878 1699 417 731 372 78 681 361 67 2722 638 2451 2411 2415 718 950 788 1628 2384 71 2686 2244 802 2055 2583 380 2663 129 1636 427 893 1256 2568 2469 1290 889 1102 1440 2433 21 1599 1398 1062 786 1443 401 125 2596 2 886 2423 1562 767 2121 289 1119 901 234 501 1518 1833 2074 1545 536 1407 1510 912 2510 2098 2262 324 2796 1316 283 1747 601 1237 2126 943 2817 1374 2373 1686 142 340 2455 826 143 2142
466 2271 1922 2666 510 1671 1702 1080 690 2118 810 764 2521 1205 2351 2706 1884 2203 2448 787 1471 980 2807 1963 309 1032 2643 2171 1556 2554 2816 2608 2361 2823 335 1889 2278 2508 2008 2821 958 752 953 586 2494 761 1488 2043 1632 419 1610 1083 205 71 1726 2619 1487 1953 1015 973 2760 1456 1738 2522 129 506 1797 719 2169 2153 8 894 501 167 57 2620 620 324 1397 2832 2094 1026 45 236 2789 2146 1021 1062 1605 148 1612 1198 594 1602 2060 23 2569 1318 1785 1184
2271 2706 810 690 466 958 787 1884 1922 672 2666 2118 980 2203 1080 973 1205 1198 2450 764 71 1044 2351 2448 2361 828 2355 2620 946 1702 2210 1933 1015 386 834 897 776 1963 1471 1237 1736 1671 812 2342 1610 1102 2008 2828 2494 2146 2821 2608 2593 761 953 13 129 1440 265 1726 1351 1605 1889 309 1374 2520 506 98 23 2619 933 510 825 2209 638 353 377 2602 2508 2414 1882 335 2055 786 984 117 1062 1785 1032 2522 3 1556 850 2434 1668 2578 205 501 2749 2474
690 2706 2271 1080 787 1922 810 672 2361 973 2203 510 2821 1884 2146 764 2494 946 909 1198 980 1671 386 2118 2666 2620 2152 958 466 2521 2619 2210 1605 1267 1440 1205 1184 2828 117 13 2008 719 23 2690 71 1397 828 796 776 1953 2593 1285 275 2094 1882 2602 933 2018 265 1602 1668 475 786 1949 1545 2832 2355 2520 2467 1702 278 1351 1102 788 1374 353 1488 420 98 2790 1570 1726 2353 501 2433 2448 377 1738 1026 953 327 2762 640 1525 1923 1530 2789 346 638 1471
2706 690 2271 787 2593 764 810 2494 1671 1545 1080 1267 1922 946 2146 2008 973 909 2411 2118 1884 283 2789 2094 719 386 2152 2790 1480 372 796 1320 1915 556 1290 672 1642 2832 958 2619 980 1926 1198 1102 510 1351 247 3 1982 117 2501 2824 1285 2361 2203 2044 1184 635 2355 8 776 2376 1440 1530 1605 1078 2666 2210 155 1882 1366 2468 71 1940 1497 1949 1386 2363 1380 2485 1123 1525 1702 2011 13 1289 2018 2474 312 750 2284 1083 1603 1237 2817 2821 2544 6 1602 353
1237 1981 1290 1567 2271 2789 1518 810 501 129 337 788 787 1923 2821 2706 984 324 786 1062 925 2790 1102 1545 1614 1671 1742 764 2049 1604 1909 2244 2660 2411 1673 1331 2832 2690 530 690 2596 2696 1926 1481 506 1026 2008 301 52 471 1407 2467 363 1301 1369 2501 1438 2044 312 2142 2392 2796 1963 241 1915 2085 2199 1032 243 1813 1662 2543 2632 2817 2609 2164 8 1613 1022 221 719 2398 1702 943 958 346 1048 1889 628 108 2742 1884 2554 466 1465 464 1500 367 1932 2806
2686 67 764 2663 1747 601 2 2583 1940 2146 1443 3 2008 1642 788 812 431 719 1917 1915 1351 2121 627 2510 889 1290 878 254 2789 1923 1026 1086 2284 1500 1989 2018 2824 2209 672 1833 767 2821 241 2690 2077 1518 2434 825 615 1820 1997 2669 247 2378 1938 1289 1001 35 2244 113 2794 501 2433 1493 18 1772 1842 2596 2217 292 2029 324 2467 654 278 1503 2777 1574 2214 282 331 1506 1706 1922 740 272 786 914 1141 2311 362 880 1794 2632 1957 1237 2599 828 995 2293
2706 1237 1785 810 1290 690 764 1714 309 1443 1518 394 834 761 787 457 1567 1833 2118 2159 2146 2271 2055 2686 2008 1277 1940 1938 2 205 2663 2596 2796 77 958 2360 71 984 401 2510 57 2262 2434 230 2392 2694 1224 1080 1989 926 141 1119 1028 294 386 861 897 47 889 2555 2608 1884 499 1727 1205 2641 2523 777 2522 431 1690 1981 2745 2414 1198 1032 466 1044 1086 2620 1023 973 2209 2234 2180 953 1879 1906 236 2058 2700 719 856 2747 1628 1525 2284 825 1986 2666
764 2361 1785 2690 2008 2146 2821 719 2632 2311 2467 1506 828 2353 1671 2209 690 1612 1702 1048 2669 129 2434 466 643 2706 2271 2018 810 1062 1963 788 2611 501 672 1351 776 825 1500 786 138 2593 2210 254 52 2794 1289 13 625 1574 1083 1435 2164 654 1923 1642 1026 758 377 2280 346 1481 402 2806 752 61 247 331 324 1141 2448 2398 812 1941 2142 2520 2474 471 49 353 2816 1027 1237 2278 1503 363 2284 3 2643 1625 2025 1781 1248 1086 1438 2355 1917 98 2465 2505
2706 1198 690 1785 1726 828 761 2118 466 2448 1205 1922 2608 2620 953 205 672 1610 510 764 2056 309 1471 335 2522 2203 2 1015 265 1884 946 1671 1080 419 1953 2760 2434 973 1032 1488 431 2510 2521 236 2351 2361 2520 377 1702 2663 2146 1602 2554 586 1605 13 1889 834 980 825 1525 2210 1738 1616 509 2508 2008 2209 45 1443 2311 230 2280 2666 1397 1914 1364 1632 2794 398 23 506 1714 333 1989 957 2828 499 8 815 752 2823 2678 861 2450 2152 2686 1351 2821 778
810 386 787 2663 2271 2 1443 1833 1440 601 2686 764 1940 1938 1351 2008 958 718 431 67 885 2510 1086 1080 2146 1986 1747 372 2824 1497 1915 1368 2672 254 2494 889 71 1922 719 796 2543 2209 143 1884 1229 1989 788 615 3 492 914 946 1574 1642 638 2583 1320 1290 672 265 35 2706 926 1357 2529 1457 1493 18 779 2392 2619 362 878 1842 2459 1191 62 114 2736 2332 1157 905 292 1043 1518 2728 2739 880 1923 2207 2719 690 1366 916 9 2029 1770 1534 564 2018
2706 810 2271 1671 690 958 2055 764 1080 2450 787 2619 1237 1290 1884 466 1267 973 2666 141 828 1044 672 2355 897 2008 1086 71 2203 1922 946 401 1605 1785 1567 1351 2209 2210 1510 3 1702 1642 372 1368 2146 1574 761 254 23 234 1198 1023 8 776 812 2434 2620 2747 1518 2821 2351 2494 1628 2593 386 1736 394 2361 1015 377 177 13 2602 1145 2468 1933 825 129 2152 880 475 1559 2171 2722 2336 2749 731 98 1794 2474 2536 1062 788 1668 2596 2201 215 1374 719 2691
1237 394 2796 2093 1981 1567 1290 810 1368 2392 1518 1906 1879 787 2596 1604 984 638 1301 2042 2146 1119 2008 764 71 2029 2543 916 2660 878 2434 1268 2357 958 501 1062 2244 2609 129 1211 1978 1651 2 2583 2271 2682 890 530 2459 2663 2686 2426 301 1002 2284 1614 324 401 62 778 1909 292 2140 67 2121 1977 517 2451 382 1040 431 1282 243 731 1543 536 2414 2536 1351 1331 1578 1058 1699 1179 2018 2747 786 2384 2280 1642 719 33 2822 1017 2458 998 1769 2411 9 417
386 1642 3 1440 1940 1290 787 946 810 2706 2271 1986 2209 2 690 2118 1267 764 2663 1518 863 2593 718 1833 1237 2596 2262 71 1884 318 2686 2392 1497 254 2085 339 1527 2293 1922 2146 958 1198 1574 1752 2510 980 1443 1351 2008 2672 1664 601 1747 1080 1938 1043 1206 2538 2434 1119 973 812 2494 2433 1422 1958 719 825 2203 1718 117 431 1036 1086 1772 1641 2355 1985 2490 1184 796 1247 466 914 1525 1285 1595 265 283 583 1205 663 1545 1357 230 1320 2722 1762 1493 834
292 62 2029 302 1290 2663 417 878 1518 2451 555 2 2217 2686 2384 1443 601 2596 1368 78 681 1562 2543 731 361 21 2262 893 788 3 1989 1699 67 1237 1794 1833 2796 802 1642 2423 427 2392 2415 2469 289 886 1398 889 2568 1940 2600 1256 1599 431 2085 492 767 2459 340 2244 394 1747 2583 1986 254 2510 1686 129 125 380 2121 1119 501 1888 199 2458 2093 810 1033 1890 1510 1492 868 579 597 324 2074 365 2668 1923 1320 2008 901 1770 1938 1017 1557 1062 142 764
501 394 129 1062 2244 786 2796 113 2142 810 363 1500 2280 1879 1026 958 2411 324 1438 1290 1481 1906 33 241 2596 787 1518 2794 2716 1102 1237 1917 1981 788 471 2271 1407 2742 2392 2093 367 1662 2191 1368 1505 1932 1435 1543 449 2789 1935 2301 245 402 2137 1873 141 1941 890 52 1301 1503 2055 536 1614 764 1282 1465 2008 1923 1002 771 1164 1141 2822 638 2429 2505 2465 1268 2434 1583 2232 314 1506 2017 654 1331 401 2790 822 840 2065 1635 943 1604 1781 2467 2059 1567
810 2271 787 71 958 2159 1940 638 1028 2176 2414 394 2360 2 1237 2663 1981 1906 722 1518 309 1290 728 2789 2510 1690 1935 1467 1592 764 67 2392 2665 2569 2008 2426 491 1177 2438 55 431 648 457 1463 501 165 2146 230 682 1014 1785 1673 2609 1543 2641 1056 324 1606 1040 1604 2234 129 2736 1950 301 2550 530 2042 107 1989 1614 719 1986 736 362 834 1027 1567 2604 610 2501 2842 2345 1192 2752 1301 1445 246 1211 925 1841 2532 2825 1517 2093 1369 288 804 1277 2411
2271 1237 810 958 1981 787 1567 1290 2821 394 788 71 1518 129 758 786 1062 638 2619 1614 2467 2411 2596 2832 1604 2392 501 2690 1331 1044 1506 1481 324 2632 1102 1671 113 1673 2311 2142 2137 52 1923 1048 312 2164 241 471 1879 363 1301 586 2398 1039 984 897 1963 346 2055 402 1932 2790 389 49 2747 1026 141 2806 936 2816 1503 1438 2543 2244 2794 1022 2789 654 1249 752 1086 2660 77 2232 2616 2669 1282 1781 1785 1926 635 243 1630 840 556 625 1702 1545 1910 2796
1237 1981 1567 1290 1518 810 2271 984 1909 2796 786 787 471 1438 129 501 2660 2706 1614 506 2357 1604 2789 1481 394 2392 1331 2244 1545 71 2543 1673 1301 2821 2596 1062 2696 1613 324 52 1742 565 363 530 958 2411 788 2049 2093 337 2690 1923 1102 2832 2467 2609 1119 2142 2065 2501 446 1978 2790 2450 301 943 2085 2398 1671 2600 2458 108 813 367 638 1407 2094 1662 1503 1906 2619 1465 2632 1215 312 243 1500 2760 402 1058 2433 2044 1941 1368 1630 1879 758 241 1017 2164
810 2271 787 958 2146 764 1785 2008 2434 71 638 2414 1915 1940 129 2284 501 1086 1062 1351 2426 1237 719 2159 2018 1026 788 2209 2789 324 2360 1500 1368 1574 2536 873 457 394 1923 1917 825 2619 3 1028 1497 2824 2176 230 2663 282 885 1177 1981 2 786 77 779 1545 241 1576 615 880 1690 2632 1290 1289 254 2142 1986 2794 55 1772 1093 107 834 67 812 14 362 35 2244 1906 890 113 2550 1228 728 125 914 1481 499 1642 449 1989 1493 1841 1879 2604 1567 2392
1290 394 1237 1518 2029 2596 878 2392 2451 1981 2093 1567 2796 292 2384 62 129 2 2543 555 2663 601 1699 501 1879 2217 254 681 2458 1368 1989 1062 1909 788 67 1614 417 1642 1932 3 2244 1906 2085 2600 2794 2660 302 243 2423 1562 464 192 802 324 1604 1435 786 1923 2280 2121 21 2724 1017 2042 1053 764 825 2686 2434 627 2583 2789 2142 1331 2568 139 2415 2008 2049 984 1706 427 1481 33 245 2459 1268 431 499 1651 2682 607 731 1673 2673 367 401 1503 2806 289
2280 2244 1481 129 245 1062 52 1518 139 501 324 758 2690 1290 2142 2794 2164 192 786 764 2311 1500 2663 2789 1651 654 1989 1917 394 1368 49 2173 2 1237 2596 363 1506 402 2821 788 2686 1781 2091 1923 61 1022 1443 1282 1145 1785 1438 1435 2669 2434 2361 2682 408 471 2137 1910 1662 1503 2467 1612 672 2392 2396 1465 2632 113 998 449 33 1879 367 141 525 2232 1963 389 499 916 2796 1981 239 2747 534 1941 1248 945 2008 2025 1567 761 2583 2539 1127 1977 1813 2055
2706 2271 810 690 787 1080 386 1922 1267 1290 2494 973 1884 1440 2593 1237 2619 958 909 372 980 1285 1518 672 1671 946 2411 2118 1545 1320 2790 71 1480 796 1102 2666 2832 2529 117 788 1605 1184 2152 2355 1982 556 283 2620 1567 1926 2596 2363 2262 718 510 638 2821 1923 1882 1366 750 2203 1086 2085 2460 2828 143 13 2789 1026 1603 312 1386 1694 2468 1373 1497 425 1981 234 8 1816 1814 557 1537 2433 1198 984 23 475 2210 334 1397 1602 879 1953 776 2361 1925 1668
2271 787 810 958 309 1237 71 2706 834 1290 690 1080 1567 77 861 1940 1518 1277 1086 457 2619 638 2159 1981 510 2203 466 2666 301 2620 57 1785 1044 2392 2360 1028 885 2494 2555 2823 2058 761 1198 1630 294 1714 953 2414 2694 1604 1205 1884 394 764 2118 1882 333 856 2246 1664 1043 1690 648 2522 205 2608 230 984 1726 2094 2176 335 386 2796 2596 1922 2641 1234 1440 880 1727 2760 234 2543 117 421 23 1576 1184 1702 1471 1833 1040 1224 1014 2234 47 2521 2609 1986
2271 810 787 958 1671 764 129 2619 2821 1062 2008 1963 2706 1048 786 2832 501 788 1237 324 2789 1026 2690 2411 1545 2244 1481 8 1932 2632 71 690 586 2467 2146 2816 1923 719 1500 471 1981 241 2044 464 363 1702 1625 312 283 52 2501 1567 718 628 973 1024 2142 758 33 506 2475 638 1884 2081 1290 1027 1456 247 1706 1351 2361 372 1407 346 1438 386 2505 2465 1612 1915 1941 1465 2468 2529 2378 2203 412 556 635 2209 1083 1022 2284 2398 1090 1644 1205 1610 1662 2311
2789 129 2244 501 890 367 2411 2794 1062 71 139 786 1102 1022 2280 324 141 1481 1917 402 1368 2055 1435 2142 1989 1545 638 788 2044 394 245 1145 2237 1438 33 1906 958 1614 1500 2832 471 192 2501 52 2164 363 2681 731 534 1673 2790 2311 2716 1503 654 401 2690 2796 1248 1237 2799 2532 2609 2173 2594 1781 2137 2271 241 449 2467 2821 2098 1164 508 1543 780 2686 113 810 2191 239 2429 1510 2029 2232 2747 461 758 1662 1465 2465 2505 2316 1331 2357 1026 2042 699 1628
810 394 787 1237 2271 958 501 1879 129 1981 764 1290 2008 1062 2411 1906 71 638 2609 1518 788 2146 2392 2434 1785 2093 1102 113 324 1604 2536 1567 2044 2426 1407 719 2501 1932 2796 873 2596 1026 786 825 779 1935 1574 2357 241 1644 2632 2790 1543 1923 2049 301 530 2742 2544 2284 1027 288 890 2789 2137 2018 2832 2164 1614 499 2660 363 2634 1463 1915 2142 1503 1136 1301 2794 1545 312 1040 1282 635 2825 2280 925 2191 1368 1289 141 2378 2822 1164 822 1228 2817 2675 2055
1290 810 386 1518 1237 2706 2262 2271 1440 690 787 2596 71 1884 1080 1527 2085 1119 2686 2118 365 2543 1198 1922 973 2600 958 1267 2663 2392 2203 1833 1567 984 1443 301 3 980 1642 2494 1989 2620 2 2672 2458 718 1747 946 1978 648 1992 942 1981 2666 1040 309 1184 258 1938 1017 1614 852 394 2355 863 610 487 1285 1205 1331 2796 605 1043 339 205 466 1610 1604 2510 796 117 2609 966 23 544 1718 2755 1044 1705 1906 2532 211 2593 2357 1133 410 2722 372 767 530
501 788 786 129 2632 2794 1923 2164 1282 2142 2311 49 2690 2821 2244 654 2398 2467 363 1503 1062 1612 113 1506 1026 324 1438 1662 471 2669 1500 1039 1022 1706 402 625 139 2806 1435 1048 525 672 1024 1655 331 1781 1481 52 2789 108 758 753 408 464 13 245 2301 2091 2025 2137 33 2232 125 1248 782 1018 61 2280 346 2429 2465 2505 1787 1465 367 1813 192 241 2407 936 1917 1545 655 452 1941 2396 1932 239 295 389 822 1395 643 1756 628 2520 1127 2210 2611 1356
2 2663 601 1290 67 2510 764 1518 2686 1989 1940 9 672 431 2008 1368 2293 1237 2722 1351 788 2599 2146 2596 2042 1884 278 114 1443 2532 1770 2118 1938 731 1628 1922 2762 1241 2824 945 1579 136 2262 1769 2392 627 1785 946 767 1992 1320 2433 2583 2469 1842 2029 980 1833 18 401 1642 2376 1747 2085 2074 380 2055 713 1599 889 369 2796 62 394 579 615 719 496 2682 1915 930 916 2209 2600 3 292 2543 1711 2828 277 2673 2665 2459 1906 2724 778 854 1567 694 2077
788 501 2414 1785 2821 2159 2360 810 129 764 786 2794 2632 2 1940 787 2663 1022 363 324 2669 192 1923 1062 2690 2008 1028 2244 2142 2311 1026 1177 2467 402 1500 2271 1048 2146 778 1434 1506 1438 1690 471 2207 2234 1282 113 2550 107 2505 2465 998 382 1842 2398 1141 1989 1481 108 1368 52 2176 1435 457 394 2604 1056 49 1507 601 346 2025 654 1443 1781 362 125 2789 2164 753 2806 638 625 1021 1938 2042 431 916 18 55 2686 1237 2434 2018 2284 241 2258 1351 936
2821 129 501 1785 2311 2690 2706 788 828 810 672 1062 764 2666 2632 2271 690 2467 758 113 1671 2520 786 1923 1506 1884 1481 1048 2164 2008 787 1612 346 2361 402 654 1026 13 1500 2210 2669 377 2142 2118 1781 466 2578 2828 2146 2794 2806 2244 49 1702 324 1503 2448 89 52 1141 1024 936 980 525 363 2611 506 2465 2505 57 958 1610 2171 2346 138 640 1889 2398 643 2816 2762 625 278 419 1963 2602 430 2643 2137 1086 719 1032 1374 2232 2351 1891 1465 452 2450 753
2271 810 1237 690 2706 1671 828 787 958 1884 788 1567 672 2619 1981 377 1290 1545 2210 466 2468 2783 129 1923 764 501 1062 1702 71 471 2632 1963 2821 1500 2118 786 1048 1080 2578 1518 1525 2816 2690 2832 2411 2244 1668 1438 510 506 980 324 1481 1026 2351 2602 1215 2203 1374 1083 1949 2361 654 33 13 2828 2520 1086 323 283 2789 909 2094 1610 934 2448 372 1032 386 2398 758 1625 2467 163 776 1941 113 2008 1781 2142 2806 1205 234 1922 2749 1368 1024 52 556 2378
764 129 57 1086 2663 1785 2159 2686 2 810 1443 2008 309 761 2146 1062 2360 457 501 861 2271 2414 2434 1028 324 1481 2077 67 394 1277 1989 2244 889 2280 2510 18 2777 1842 1923 2284 601 1906 1833 1517 1651 786 1690 834 1635 2772 431 2042 2806 369 2583 499 2234 672 1351 1884 654 52 2794 107 885 1922 471 2690 47 1533 1282 825 916 1574 1177 1438 2254 2176 856 61 62 878 2467 1040 1662 292 779 1506 1794 1435 625 2295 1500 2684 1977 402 390 2426 2029 1368
2271 810 787 958 2706 690 1884 2118 71 1086 2666 386 1205 1702 1080 466 980 510 638 1671 973 2171 57 1102 1440 1043 1785 1198 880 2816 2351 2619 2043 586 2554 2643 1083 2672 2521 2694 23 1940 77 475 1610 1456 419 158 1545 205 885 6 2832 2203 718 2821 1714 1922 1556 672 2790 372 1285 650 2346 752 788 2510 1184 1694 1284 2411 2355 275 8 2810 2378 761 117 946 894 163 1027 2 2608 1653 2663 1032 1891 443 1015 1933 1234 2153 454 1882 1026 828 943 506
1237 1567 1651 2280 1785 2682 1518 1981 764 1290 1040 1481 2414 1914 1614 499 139 1977 648 2142 2536 2293 192 916 2796 761 2413 2794 1368 52 245 1714 2392 2434 129 1820 457 778 2042 1917 2360 2164 728 2785 2173 2539 1500 1331 365 2209 2510 861 61 2821 825 2176 1503 1578 2295 394 1963 777 107 1604 945 2641 2159 55 2 2690 324 2146 2008 2244 1022 1583 1179 2091 2317 2745 2660 1634 135 610 1852 431 1177 998 2258 2742 828 558 310 2458 812 1673 501 2311 2789 672
690 1080 1922 2494 2706 1884 2118 510 386 2271 372 1205 973 1940 810 980 117 764 796 2203 1285 1184 2620 1198 946 1882 275 298 1440 2008 1086 466 787 2521 6 788 23 67 1537 2244 265 2460 885 1043 1397 234 420 1982 1603 786 1610 1726 880 2666 1545 2363 1480 1366 557 2152 2608 2303 2146 2455 750 1570 958 2376 506 2210 143 672 425 334 718 1671 57 1426 2821 324 2672 1616 776 1605 627 948 1923 797 2433 1400 804 205 2393 1541 1456 2529 2468 163 1457 2739
2663 2 601 878 788 62 2029 1443 2217 292 1699 501 555 431 681 2415 417 2451 2686 2510 67 1940 1989 2384 302 2821 889 2077 1833 1842 802 1500 1435 18 129 113 2568 786 427 1923 1562 1503 1062 2777 125 1026 2583 2090 2467 324 464 2142 627 1248 1747 2794 2632 2121 2311 192 767 2433 1938 241 2772 2669 289 1785 2789 1141 2423 1686 278 536 361 340 52 1256 1506 1706 886 1438 901 21 654 245 331 2690 2062 2055 1553 655 363 78 401 1888 625 1418 2818 1268
501 129 1062 810 2271 958 788 324 2663 2244 2 2142 786 394 787 638 2055 125 1481 1443 363 1923 731 601 62 401 1989 2794 52 113 71 1940 1628 1368 2280 292 2806 2596 1833 1906 2469 141 2029 890 367 1026 780 2510 654 431 2789 878 2686 67 1599 1465 1290 1500 380 1282 1022 1023 2098 2137 2821 1655 2796 2074 192 2093 2384 1518 1879 1938 1813 2042 767 1662 1438 417 681 2532 1842 402 114 758 840 1435 1506 277 1503 2396 1912 2077 302 1510 49 718 916 18
810 788 2271 2706 129 501 1923 1062 13 787 2142 672 113 2137 324 2632 1024 1503 758 2821 2210 125 1884 786 1039 2520 386 822 2232 2690 464 1655 1290 1612 828 2467 1706 2311 958 2244 1932 1813 241 1545 2164 49 1481 1435 1518 1506 2578 690 52 1026 89 389 1102 1910 452 1282 2806 1912 2832 363 2032 2055 1440 1374 2794 1086 1500 2465 2505 56 2619 1048 2790 1237 2828 402 331 1941 1662 782 323 625 377 2398 1022 2602 654 1610 1465 2411 1248 456 2634 346 640 1438
2706 2271 810 1290 386 787 690 1922 1884 1518 1545 1285 973 2411 1080 372 2118 2494 1440 958 980 71 1237 2596 2790 1102 298 984 425 718 2085 672 1610 2832 2282 638 4 1320 1267 1284 2529 2619 2593 1480 1316 2600 1926 557 2817 1456 2044 1752 796 283 1567 2796 1015 2262 1366 943 243 912 2355 1496 2303 556 1407 631 2064 2532 1184 1982 454 1989 2620 635 2433 2501 2210 2556 942 312 2828 1630 221 2789 530 129 1301 1981 117 1742 1671 626 786 1636 2376 1718 1537 950
2271 810 958 787 71 510 638 2821 57 1785 690 786 2706 2118 1884 788 2666 2521 129 205 2351 1080 501 1702 77 980 2690 761 1671 1205 466 752 2832 2554 1062 2311 2619 1576 2632 1456 1714 1610 363 113 1102 499 1086 2467 309 2522 2608 1022 1021 508 1043 1653 2448 2669 586 241 471 419 1556 925 2789 1234 2244 936 47 2171 953 758 2643 2411 2794 1694 1503 167 894 1141 1940 1032 1048 1284 324 2616 1438 278 2465 2505 1802 654 1716 880 402 1612 1198 158 2346 52
810 2271 787 958 71 2118 690 1884 638 980 2706 1237 2666 1102 1610 1456 1086 1080 510 973 1694 2411 2619 57 77 1043 1284 925 788 786 2832 1545 205 2351 113 2821 2554 1702 234 1205 880 586 2694 2790 1285 386 129 1567 2311 1556 1630 1785 1032 466 501 508 158 2632 122 1714 419 2816 1422 372 625 1198 1671 943 1062 2616 2794 163 2372 1503 2501 2137 758 752 2521 241 1435 1612 1282 2643 718 454 471 499 2044 167 363 2244 412 475 1638 1021 885 654 1981 312
810 2271 787 71 958 638 1237 1290 1981 1567 1545 386 984 1989 1518 2790 372 1102 2049 1440 2065 1407 2357 394 1673 243 1368 1906 2796 912 129 1926 1630 2262 2609 1445 2532 530 2411 337 1978 501 2529 2706 1062 2596 1211 1742 301 2543 2789 1301 718 1119 2392 2093 2660 2085 2619 943 1604 2832 2600 1909 716 1747 788 1923 786 2055 2616 324 1614 998 1456 1479 1360 62 1884 2244 2817 33 2685 369 1628 221 1284 211 1438 2665 2459 2584 1320 1331 2282 1396 2029 471 1285 2433
71 810 1981 787 1237 638 394 1567 2159 2271 1518 1673 1614 457 764 2360 2414 2146 958 2832 2501 1028 2008 1331 2018 1604 1290 984 2789 1690 312 1906 719 1102 2411 1301 2176 309 2796 2790 2044 648 2550 2660 1879 2392 2609 2426 2234 2284 1177 2434 77 2254 107 1104 530 2233 2536 925 1043 916 998 834 2093 728 1368 2641 2049 301 2619 1040 2604 55 1277 1467 446 2596 2357 1507 2752 1583 1044 793 1058 2058 57 2842 778 1509 1934 2094 1407 1734 1978 1517 825 943 2042 2616
2271 1884 466 810 1205 690 654 2351 129 1785 1922 1080 2203 2706 2280 788 1062 761 828 2821 501 324 672 2632 2118 787 1198 2794 764 1923 958 980 2311 1612 377 2434 1556 2450 2666 2619 525 1500 2142 2608 2055 2467 1368 1435 973 163 786 1032 309 2620 2536 113 306 2690 1671 71 2611 2008 2806 2210 2448 1015 625 998 1503 2244 1941 205 1481 758 2520 125 752 141 2760 23 926 776 1662 2346 1702 241 475 2669 936 643 2146 1605 49 1610 52 2426 1574 2828 1506 1351
510 2706 57 1922 690 2271 129 764 2821 2521 501 788 786 2244 1080 2118 2666 1726 1062 1205 2608 1481 1923 324 2494 1884 466 1802 2142 1671 1940 2008 335 810 363 506 2522 2164 1026 1785 2690 2203 1702 52 925 1022 2278 2448 2740 6 2632 1882 2620 508 787 241 2351 1506 2146 2159 2760 2794 1043 758 1465 2468 1086 1198 1083 2210 1024 236 2832 1503 1545 1234 1525 2467 2807 1102 2311 2816 2360 2554 719 1215 346 1456 980 67 1021 457 2411 148 1706 780 1797 1039 1487 1397
2 2686 1940 2663 1290 601 1518 1443 67 394 1237 764 878 2796 2596 2146 292 62 2029 2008 1368 2093 2392 431 1986 2583 1989 1351 2510 2085 2458 1833 2451 302 3 1906 2384 2543 2824 627 417 2209 254 1642 681 812 18 2600 615 889 1567 1842 2426 1699 1981 555 114 767 2077 1879 2459 1747 2262 779 21 318 1915 719 2722 731 369 362 1938 9 14 2284 2121 2018 361 2042 2665 202 1985 945 35 1574 1599 926 1772 380 984 1614 277 1686 2258 802 2217 1493 893 2736
788 501 2821 129 1923 2632 810 1062 2690 113 786 2467 324 1506 1612 1026 2271 2164 787 2794 125 2142 1048 49 363 52 2232 346 2244 402 758 2806 2311 1503 2398 1912 654 1282 2465 2505 936 471 2669 1662 1518 1781 1655 1438 1706 1290 1022 672 782 1545 1481 2611 822 753 464 1813 331 1039 1500 1465 241 278 108 1395 2832 452 2407 1018 13 2433 389 628 386 655 1756 2062 1024 643 1102 2790 2301 1543 456 525 455 2796 2065 2411 2137 383 312 89 2706 430 372 2091
1884 690 1922 1198 2494 466 1080 1205 2706 672 2271 810 2203 828 2118 23 973 761 980 377 946 2210 2520 117 1785 2351 796 654 2828 1184 2450 764 2620 1374 776 2434 1015 275 2619 2602 2355 163 2209 787 958 933 1671 2608 926 1702 386 98 1610 2663 353 2 1086 298 1574 1726 1426 309 1559 475 324 1668 2008 1397 834 1032 640 2632 306 1435 1351 1616 788 205 13 425 1368 625 254 71 510 1480 420 2152 113 781 1612 2055 1537 230 129 1605 2280 1923 2311 67
764 2146 2008 690 2706 2284 1785 1086 719 2018 2821 788 57 1351 2690 810 828 129 1671 2203 2209 1506 2468 466 1080 2632 1702 501 1500 324 1289 1576 2448 2467 1062 672 2351 880 1923 13 1915 2244 2434 1884 812 1922 1205 2152 654 1078 1605 2669 2494 2210 510 1198 1726 2520 2824 1940 2271 786 1612 825 377 1048 346 643 1083 2414 973 1481 2620 2311 282 2806 2666 2094 2608 2694 35 1026 640 1602 615 278 475 1802 23 205 125 52 2346 2378 363 758 2611 1426 2361 2176
2280 764 1237 672 1500 394 129 1989 2008 2794 2146 1785 2821 2686 501 2414 828 449 1567 245 2669 431 2690 2164 1062 2244 758 1368 2293 761 525 2137 1940 2392 1503 654 499 1022 139 2789 2311 2055 2632 2796 1917 113 2828 719 2042 778 1612 2467 1481 1518 1533 2091 192 2510 916 324 141 1906 1981 2747 2258 362 2018 1268 402 369 1443 1119 1506 2029 2578 1145 1879 812 2641 49 1935 2532 2413 107 2682 1383 2611 728 2295 1651 55 292 2520 2093 2173 788 2539 2551 1941 2209
1884 2118 2271 980 2706 1080 690 372 810 1086 2494 1922 1285 386 973 1610 67 298 425 787 454 234 672 466 1440 1570 718 2583 2121 163 2663 510 788 958 2694 2373 1015 2 1205 1184 117 2210 1043 601 2666 2529 1537 375 1940 324 750 6 1032 1545 885 23 1556 880 1456 2303 1982 420 1603 2134 1198 852 1001 1320 2619 498 627 1855 2014 1218 2719 2203 1397 1366 531 334 1284 2584 557 2411 275 2521 1718 202 2351 71 1480 1497 464 491 2262 508 1502 2767 2433 796
2271 810 787 466 958 2706 71 1237 2351 309 2448 1205 1702 690 1032 2666 2118 1884 856 1080 834 1610 1277 638 2760 506 2522 2450 1556 2608 2749 394 2203 510 57 2725 957 861 167 1567 565 1632 1797 2619 1963 2414 419 2404 1119 1044 2060 1518 980 1630 2554 1736 1933 77 163 1638 1889 2156 2468 1083 2796 236 1456 1198 897 2791 2747 2392 205 1726 1321 815 2823 2643 2153 1671 1927 761 1922 1290 1953 620 2210 1906 609 894 2058 764 1602 1234 1882 335 2197 672 1981 301
1642 1290 3 386 810 2706 2262 1237 1267 2686 1940 2271 1518 1833 2663 2 690 71 946 2085 863 1986 787 764 1440 1497 1938 2209 2593 1922 1443 2596 2392 1368 2494 958 1747 1320 318 339 834 601 718 1567 2008 254 1119 2510 1527 767 1080 431 2146 1545 365 2355 2722 984 2543 1351 852 1783 2755 2434 1884 1718 796 812 825 1040 258 1017 1752 719 1989 283 1985 1574 1794 1036 648 889 1653 942 1357 67 2600 1198 2118 1247 1614 1981 1978 544 638 2459 605 492 1958 2293
810 2271 787 958 71 638 466 309 2619 672 1630 2706 1884 1556 690 1237 834 1044 2666 2351 2450 764 980 897 2118 1080 1785 933 129 856 506 1610 1933 306 984 2169 2602 510 2008 1736 1668 2828 1963 1086 2246 1456 1360 1567 861 2055 828 1032 394 473 1277 386 501 1440 163 1374 2098 77 1119 2361 1922 1062 1205 141 2203 2747 1910 1671 1906 2014 718 2481 1497 1249 1290 1632 377 294 2262 2694 2578 1198 2411 1284 786 2529 2146 2414 2448 2342 2201 1638 1978 2832 2821 2392
2706 2271 690 787 810 958 386 764 466 1080 3 672 1440 1642 1884 2210 1671 828 1198 2008 2118 2209 1205 2520 1267 973 946 13 2203 377 265 1525 2355 254 1374 2602 1922 2593 510 1668 2494 2666 2146 1272 796 980 2828 1702 2448 1882 719 23 143 71 1102 933 1351 2293 2468 2474 1915 812 2572 2529 2619 640 1595 2691 275 718 2578 283 1545 117 1574 1083 318 776 2832 323 205 2620 1726 825 327 2336 1963 1285 2351 2043 1086 8 2284 556 2171 1602 256 2152 874 909
1237 810 2271 787 1567 1981 71 1518 984 1290 958 394 1545 638 2796 501 2706 2411 2093 565 129 2660 1906 1102 2543 786 788 506 1604 2392 2821 2790 1438 2357 471 1673 2609 672 1989 1630 2832 2596 1062 1614 943 1331 363 2351 2049 1922 1080 2501 1978 1368 1879 2118 324 1301 2532 909 1702 52 1119 2608 2760 980 1923 2450 1407 221 2632 1481 2044 1032 1909 2262 1889 2244 1953 2246 1926 301 2361 690 1884 2085 530 312 2690 2398 1844 2433 1610 2458 1797 2164 108 2789 959 2468
1062 129 324 2821 1481 501 2142 1500 1671 241 2794 113 52 2311 2280 2244 1503 1923 788 2690 449 1941 2467 1435 1612 758 1932 2632 1237 33 2706 690 2450 2091 1813 2669 1506 764 786 1141 654 1022 1785 2271 1438 2164 471 8 1048 1567 840 2634 412 2137 1026 761 2173 389 464 2666 367 1465 1781 61 534 625 810 525 1021 245 780 2434 239 192 2611 2017 1248 1706 1884 49 1917 2008 1891 628 383 2816 2398 2789 643 2608 346 1039 89 2146 1368 936 565 1651 335 1505
810 2271 1290 787 1518 958 2706 1237 2596 386 71 984 2796 372 1545 2085 1884 2411 243 718 1440 1567 638 2262 2543 129 1102 1320 1479 2600 2790 1747 672 2282 1981 1119 1285 942 1062 1989 1301 501 631 62 557 1923 1017 1080 1922 2789 1366 2619 324 912 1267 1480 1909 2458 2392 1407 67 1978 2529 2532 2494 292 2832 690 709 2686 786 788 283 2244 1673 852 2029 943 980 2064 2217 1794 1718 4 1742 2118 2357 2093 1982 1630 607 2593 234 2065 394 2583 487 2609 813 950
1237 1290 1567 1518 1940 2706 3 764 2209 1642 2686 1981 1040 984 810 2146 690 2596 1368 787 2796 648 1527 825 365 2271 1833 610 2434 2008 812 1747 605 2 1922 1938 2159 1267 2663 1614 2392 254 1198 1119 318 2355 2433 71 1422 2360 2593 2510 2494 719 1351 863 2085 431 1604 1497 2284 1772 457 2018 1574 1783 301 1331 1671 2583 2140 1992 1443 1989 1986 834 2176 1963 2293 339 283 767 67 466 1247 2414 2203 386 2459 1301 861 294 946 2262 1133 1080 874 2609 2458 2641
672 2 764 2663 1989 67 431 828 2146 1922 2510 2008 2686 601 2828 1785 1237 719 1198 2583 1290 2018 369 1518 1940 1443 1842 2118 18 2361 265 2532 377 933 2433 788 2669 778 690 2794 1351 1884 129 9 825 1938 2284 466 13 2042 627 2596 2520 2821 2376 2077 1022 292 1833 2311 1040 2632 2434 382 1747 1923 2414 1614 337 501 2209 1770 2824 945 2777 812 2210 2599 1567 2280 946 278 980 192 230 916 2690 2602 114 1062 640 1205 394 165 2392 1500 2293 70 362 510
2271 810 787 958 2706 1884 690 672 1440 386 1080 973 980 13 2355 2118 71 1086 1290 2210 1102 2203 1205 2055 828 2666 2619 1436 1267 466 1237 638 2262 1198 1374 2722 23 2593 401 731 1015 1628 1285 2529 372 1610 2602 2828 2520 117 1922 377 129 946 1668 1272 850 62 141 1642 3 1510 718 298 880 1062 1518 143 1570 897 2578 640 984 2336 2411 2596 2218 234 2494 1567 1249 2694 292 1599 2790 788 1605 1043 380 501 1044 2450 2832 1023 425 323 2029 1882 933 510
810 787 394 2271 958 1237 501 129 788 113 1062 71 638 2411 1981 1102 1879 1290 786 324 1282 1923 1518 1906 2093 2164 2794 1407 1435 1567 2137 363 2392 2142 2790 401 2634 2055 2091 1785 1932 241 1545 1604 2596 1662 2832 2244 2632 1026 2280 499 1039 2796 536 2044 1248 2609 1503 1781 2311 625 984 2638 1022 2398 108 141 530 2465 2505 2049 758 2501 2029 49 2742 1533 878 1438 2779 1481 1630 2407 125 1935 2232 635 936 716 822 312 408 1301 2619 1048 471 2616 1395 680
2706 690 2494 1922 2593 1080 946 764 1267 1671 973 2271 909 810 1884 787 2118 2146 2152 386 1198 796 2008 980 1290 1184 719 1545 283 672 2789 1285 1320 117 2203 510 1480 1642 1351 776 2620 2355 372 2666 1605 1882 2790 1915 1982 3 2094 2411 2824 2619 1497 8 2474 247 2361 1949 1237 2832 1602 2210 1603 1102 1380 812 1926 1440 1940 1518 13 1525 1205 556 1397 2363 2018 2376 750 1366 98 2468 1123 1702 353 2209 1814 2284 1541 6 635 2691 1953 2828 23 1289 155 1086
810 2271 690 787 71 2118 2706 958 2666 57 1884 1086 510 1785 1080 1702 2619 980 1671 638 1043 386 880 586 1102 2554 2521 466 1694 1237 2643 1083 77 2351 1198 973 2832 1205 2171 2816 2821 158 2694 1456 419 1940 925 2043 205 2411 786 2632 2311 761 1422 788 475 1027 2790 6 2153 1610 1545 8 508 1440 1922 2346 23 129 894 1592 2672 1277 752 2789 412 1503 885 2569 650 1021 1284 1882 1891 312 943 2810 2501 1714 2616 501 113 1032 2044 491 1062 718 1556 163
2663 2 1989 2280 2510 1842 601 2077 431 18 1443 2794 2777 2686 67 369 1938 764 2295 2532 2772 1368 1833 2583 2008 1785 767 245 277 394 1125 925 70 129 2413 889 2173 2146 2091 2818 499 2478 951 1282 113 2244 230 501 2311 1753 2673 2742 1435 1022 1503 1533 2434 1747 2649 1062 1940 408 2164 139 1248 2055 2137 1460 1986 2756 2392 239 2118 926 627 2682 758 1981 2747 654 1383 1932 1351 49 1290 1872 324 1481 1518 1651 1237 1599 1145 211 2142 135 2414 192 1884 231
2706 1884 1922 690 2118 973 980 1080 372 1015 1610 275 1205 2666 1285 672 2271 1570 2494 298 1537 2620 475 1198 828 946 386 117 510 2210 1603 466 2203 2828 2520 1184 1397 23 1605 2152 586 1440 787 1086 1456 764 2593 265 13 750 2521 6 2663 1916 650 2346 958 2672 1267 2336 880 1671 2014 1357 1556 2561 2 377 2043 776 1106 2378 2510 2355 1559 454 420 425 334 1915 1426 1351 629 2171 1284 1400 339 2008 810 825 2146 2448 1714 2115 2351 1702 98 1882 2209 1374
810 2271 386 787 1940 1440 958 71 718 1290 2118 1833 1986 2686 1884 1237 1443 2706 946 2596 1938 1080 690 1518 638 2494 1267 117 863 2 2663 143 1043 339 372 1922 980 2262 2529 2392 796 1497 1747 889 1664 2672 2543 1642 275 3 1445 1198 1184 1205 362 2085 1320 1368 2433 834 466 1527 23 2203 1086 1992 2600 973 1285 1825 1119 77 2460 2619 1989 583 648 1567 1841 454 265 942 1525 1646 2093 2593 1490 309 1630 885 557 301 365 544 2258 2363 672 1040 1017 2694
764 2008 1785 1922 861 761 690 2146 309 2494 2159 1086 1443 1080 1884 2360 828 2706 2620 2686 1351 672 834 2434 1198 466 1205 67 2414 856 2520 1368 810 2210 926 2176 719 230 1651 2 2663 2284 13 457 2209 57 2641 23 1277 889 1726 2280 2608 796 2583 2203 55 640 1177 2234 812 728 2244 654 815 2351 1028 377 2277 1772 2824 1714 2694 615 2056 107 1632 1289 47 129 825 1574 499 2682 1914 394 2271 1833 2327 564 2118 1426 777 2450 1977 1282 2018 1493 35 182
672 810 788 2271 2706 1102 2411 1290 690 1545 2821 1884 787 2790 386 1923 2832 2828 13 1668 2602 828 2632 312 129 283 501 1062 113 1518 1671 2210 958 786 1374 1086 1237 1080 1026 758 2690 1440 2142 635 2311 324 556 1752 943 1926 2596 973 1610 933 2669 2806 1912 4 1503 1922 2137 510 1506 188 2244 2044 2118 377 372 2666 323 826 2467 125 2501 1386 1048 221 980 52 266 2520 2232 1272 1949 466 2767 2762 363 346 2164 1612 2378 241 2816 1813 1481 420 278 402
309 129 1922 2663 324 810 764 2271 861 2 1062 501 1785 2414 2159 2146 2042 916 394 2608 2682 998 2360 1906 778 1368 1237 1651 690 1884 2450 2008 9 2434 2280 2706 466 1977 1290 2522 2760 1179 107 856 2821 506 834 1578 1481 1177 761 57 1989 369 1923 382 1632 1086 1842 1277 2361 114 1500 1726 18 2666 1032 2142 419 2351 2056 2620 945 1907 1364 2426 52 1583 2794 565 457 1080 1770 2077 2554 2510 2176 2609 1932 786 517 1506 2244 49 2311 1466 1518 1702 1927 787
2663 601 2 788 67 1912 1989 1026 1351 1915 2510 1628 2583 2146 1281 401 1940 18 431 278 2686 1102 1842 1923 3 627 925 1357 615 2824 1642 2762 501 878 35 254 1543 2284 283 1500 324 812 779 2777 464 14 2077 2074 764 456 1443 1563 202 1932 2599 1241 2018 241 2209 125 1965 2794 1574 2121 1997 369 113 1706 1917 2790 2669 1711 2378 1369 1599 2821 2673 2008 70 731 2728 2214 2532 2667 282 681 62 719 1125 1985 2433 2789 2469 1290 1833 2142 694 1055 1747 2207
1237 1290 2706 690 1518 466 810 1567 984 2271 1922 2203 1080 787 1981 764 2596 1497 1198 386 1940 2666 2796 2686 2620 1833 309 2392 953 2 3 1938 2355 1205 1119 1671 1086 294 2663 2146 1267 457 394 2262 2159 1527 71 2494 834 2008 1440 301 1040 510 1642 1632 1879 1471 1989 1604 431 796 23 2360 2209 861 610 1605 335 1986 2510 761 1614 825 1277 973 958 254 2522 1992 1884 1742 1747 2085 1443 2055 946 812 648 583 205 897 230 2694 719 2450 1726 2760 1331 2414
2706 386 1440 690 2271 2209 1290 787 810 1497 1267 796 3 2593 973 2355 1642 764 583 2494 1922 283 812 1080 1518 1940 2474 2672 1247 2152 2666 254 776 718 826 885 2008 1351 1545 1752 1671 1605 863 339 2146 909 372 1237 1882 1043 1198 613 1603 946 719 1833 914 1380 1747 1407 98 2620 1368 1527 1772 1574 1316 943 1965 1915 2203 588 318 2686 23 143 1664 1493 1986 1602 1860 1457 615 2529 663 71 2043 466 2691 2751 2468 35 1636 67 1184 2004 648 1525 1422 2572
2271 810 787 958 2821 788 2619 129 71 501 2632 2832 1981 1923 1048 1062 786 638 1671 1102 324 312 1237 1026 2171 752 758 2690 1506 1702 2467 2398 2816 2411 2790 1290 2311 1926 346 2468 1500 2043 363 394 2164 586 628 113 2666 1785 556 753 2806 635 1481 1694 2616 2749 1612 1545 1567 2706 241 2351 2361 386 402 52 690 1963 2142 138 936 466 471 2596 49 1889 2505 2465 278 1813 8 2244 2810 1518 2643 1487 1716 2789 510 372 1503 1044 85 1941 108 1932 125 1043
1237 764 2008 394 2796 1567 1368 2093 2392 2146 2244 1981 1906 1290 1518 984 2663 2 2686 878 1119 2280 1940 2596 719 292 2042 1879 129 1989 2543 2029 501 2357 2284 916 431 1909 2434 1604 601 2794 1268 1062 810 1040 67 2159 2018 2609 1443 1978 2660 1794 1917 2459 2789 324 2426 62 2510 2682 1301 2414 2665 3 1651 1351 890 1282 2384 825 2360 945 2451 1614 1481 1642 2209 1543 786 367 1500 2842 638 302 1028 778 1211 2065 2736 71 722 1699 2583 2539 243 1915 1002 536
2706 1290 386 1440 1237 1518 690 2271 1080 1267 787 2666 2596 1671 810 466 3 973 1642 1567 1043 1497 2355 2593 2209 764 946 1833 2672 583 1198 2494 718 2043 23 2203 958 2686 2171 1443 1086 885 1603 1922 1981 2392 1605 2620 796 1747 812 2146 1368 2293 1938 2 953 2152 1351 327 254 2663 372 1882 1772 283 2262 77 1102 1457 1989 2694 1664 510 1040 1527 2332 797 1940 650 2085 1602 318 2008 1205 1373 71 719 2572 648 6 1206 2510 8 1471 1879 2751 2722 850 1017
1940 787 3 810 1642 1833 2686 386 1290 2663 946 1986 1443 2 2271 2209 958 1440 2706 863 71 2392 2596 339 1938 1518 254 1747 1574 2118 1351 1206 1043 1237 318 2262 1080 690 230 2510 117 1497 718 275 2755 889 1527 2672 764 564 1714 812 885 1368 834 362 1884 372 2824 2085 1198 1922 2146 1841 2433 1267 2543 1119 2159 2293 1205 2258 1985 1992 1641 648 431 926 77 2008 2434 1490 1860 615 1320 265 1915 2694 2494 1664 601 747 1691 1036 165 2600 905 980 2593 1316
2271 810 1671 690 761 2706 2619 2355 828 466 946 1080 2210 672 2494 1922 958 1785 1198 2203 377 796 1884 386 71 787 1702 23 2666 2520 1267 1205 2691 973 764 752 2821 776 8 2593 2474 2602 13 2351 1440 2171 98 1559 2749 2828 2450 1044 863 1374 353 2152 1668 2209 2055 2118 1605 2434 1481 2620 2249 1368 2468 640 654 2740 113 2008 141 1574 2467 1249 1506 2816 1141 2632 2361 1357 1083 2452 1106 475 339 2043 2578 905 254 586 510 980 834 897 215 788 477 933
2706 386 1290 1440 810 787 2271 1518 2666 583 2596 2672 1237 690 764 2043 1671 2146 953 796 2355 2663 2171 2008 2209 1471 1080 2 2262 466 973 1267 1351 548 1487 57 3 2336 1044 2055 1642 1833 1043 1915 719 394 2749 1567 1363 1653 1882 984 650 2392 2510 1373 2620 958 1574 1457 71 1772 2796 23 1119 457 401 885 2824 588 1497 812 2686 1879 1785 2414 914 1443 1992 2159 144 2593 2018 1086 1938 1604 2360 1493 1989 1922 1247 254 1527 761 2619 35 335 309 1040 2085
1237 1290 1545 1518 1673 2543 2706 1567 810 1981 1884 2271 2085 372 1922 1407 787 2796 980 2789 2118 2660 1331 852 1080 984 1718 2600 1614 2596 1285 958 2262 943 2494 2458 283 557 2790 2045 942 690 1301 2411 2392 1102 1794 1119 71 610 1320 1479 1017 648 1978 1316 2696 1527 1366 1747 1752 631 2817 386 672 365 1992 2609 2357 221 1604 487 1860 947 1211 486 718 909 1384 1705 966 2501 2044 2433 2027 950 231 2210 1496 709 2282 2257 1796 446 556 2832 1681 352 1909 1636
1785 2663 2 764 761 2159 2686 2360 67 1443 1922 2008 828 2146 457 1198 1080 946 1086 878 690 672 57 2620 2510 2583 1028 2494 1714 601 292 2434 2706 889 2414 431 1842 2077 1940 18 1690 282 1205 767 905 2254 2234 2520 230 1559 861 1833 2029 2016 1699 2384 1989 1351 1726 1574 70 1368 277 2777 466 182 825 1357 2451 62 2210 1014 394 2284 2536 1786 377 2694 107 1106 1237 2203 2641 1938 1434 719 728 998 1290 654 2176 2772 926 1268 2280 834 1177 309 2277 2327
672 2663 2 828 601 2828 1374 377 67 788 933 2602 13 2520 2686 1989 764 1351 1668 265 431 278 2510 2378 2210 640 2583 2209 2599 1443 2824 776 3 501 1842 1915 1820 1642 18 9 1368 2008 1912 615 1923 2762 1884 254 496 2443 2146 1062 1747 129 627 1519 114 318 292 395 1102 62 1770 35 713 926 878 1940 2433 125 1711 1205 1582 2293 324 2669 1574 2578 136 812 113 353 2673 914 1963 995 1357 464 1922 2280 945 2632 98 1503 1263 1813 2029 896 2118 15
129 1062 788 501 2280 139 2244 2794 324 192 1022 672 2142 1481 786 245 1503 2578 2789 2411 1500 1923 2137 1102 758 654 1368 52 2164 2539 828 1374 2832 241 1435 2055 1282 2311 2044 2821 2098 449 141 2690 113 363 1781 2663 1813 1145 239 2173 2632 402 2232 2396 2 2747 278 49 2501 1884 525 780 2029 1465 2798 1662 1989 1932 1026 2042 1249 408 534 2669 1668 1248 2828 1438 2467 1456 61 2682 471 1787 356 1545 125 2790 2293 1612 292 377 2629 2351 1917 2520 2599 1237
1785 2706 1884 690 828 672 2118 1922 1080 980 2666 2520 386 2271 787 973 13 230 1440 377 2828 926 372 265 2210 1570 1228 962 2448 564 1443 810 2663 1205 1610 2672 466 1971 2521 1786 2 1702 310 1198 1106 510 946 2690 1559 1397 1605 1257 1671 2602 2821 1668 1285 1374 572 23 1726 2152 1357 933 581 2351 2014 475 2768 1434 182 1015 2346 306 1537 395 101 1916 958 298 989 2620 601 420 1533 2203 617 2043 1086 2171 1833 275 2288 2494 2759 2114 1914 1693 2378 1230
1671 129 324 1062 1481 1785 2821 501 52 2706 2244 1923 764 466 1612 788 2690 2351 786 2450 139 690 2311 2448 2280 2142 2361 1141 1465 1500 957 1506 828 758 1503 8 2271 2008 2794 1022 1941 2396 2632 192 2164 861 1813 2467 61 2365 2025 241 1026 672 1889 335 761 2146 2508 2619 309 810 2789 2669 113 654 49 936 2091 363 1435 412 471 1932 1702 834 245 1933 1726 402 1438 780 1662 2666 449 2414 1282 464 1910 1917 508 1048 1736 2173 1706 2429 643 125 1638 1963
1237 394 1567 2663 2 1119 129 1435 2392 2789 71 18 1842 1981 1407 501 1438 2510 810 638 471 499 1062 788 324 231 2244 2543 958 925 1935 2411 2736 1282 2796 2794 2295 787 1533 67 1906 2632 113 2280 625 1290 601 1102 1248 786 1518 984 1785 1940 2135 2137 431 2638 2609 1164 1443 2649 363 139 2142 2384 2583 648 943 536 2825 2029 1879 1833 2258 2357 47 1056 1714 2093 1989 2121 1463 1503 1870 2044 367 2756 2077 1796 1662 1606 1022 627 508 1938 192 108 1369 97
2271 2821 788 810 501 129 1026 1785 2632 324 1500 1062 786 787 2311 2690 1612 2467 1141 2244 1481 1048 958 1021 1923 654 1506 113 2142 2669 2794 346 125 1912 1781 1282 278 241 52 2505 2465 363 936 1503 49 57 1465 2164 1941 402 1022 1671 525 2351 758 2816 1086 138 2706 2398 2025 2666 449 643 1027 1662 471 464 638 2611 2619 628 1438 625 2806 1702 753 1024 430 2232 2280 1140 2378 1932 139 456 1813 2137 2762 1706 200 89 655 452 2810 71 2789 2316 1655 1039
810 2271 2706 386 787 1440 1237 690 1290 71 1497 1267 583 1080 1518 958 2666 2619 2355 1567 764 1664 796 2209 3 718 1642 2672 1671 2593 2146 1981 2494 946 863 1043 2008 1198 834 648 1922 588 309 2043 23 638 973 294 2203 719 1247 1527 466 2392 1833 2171 457 812 1351 1040 1044 2596 1724 2686 2201 1457 2262 339 2609 2529 953 1915 2152 254 885 1772 605 2118 77 1368 1605 2620 1747 1119 2284 2796 2434 909 761 1277 1709 1602 874 914 2018 2572 650 1493 283 1884
2706 690 1080 764 1922 973 909 946 2146 2494 2271 2361 2593 2008 1198 672 787 2203 810 796 1884 2118 776 1671 1525 510 980 719 2210 1351 1267 1205 1882 117 23 1915 265 386 466 275 2152 2824 1184 283 353 2355 1702 98 1440 1102 2018 2666 2521 3 2620 1642 13 2790 327 2828 1285 1605 1290 1726 2821 2474 2832 1397 1949 812 2209 1602 850 1603 1083 2572 828 1570 1545 1953 615 2448 750 556 2284 1802 6 586 1616 2094 1537 640 1480 254 1493 2520 781 2376 933 1289
690 466 1922 1884 2706 1080 2271 2203 810 1198 761 2494 1205 834 2450 309 2620 2118 71 672 973 23 2351 958 980 1671 1044 946 2619 117 205 861 2355 1015 787 1368 1610 1726 998 510 1184 1426 2608 764 897 1443 1785 2666 394 1556 2448 1605 1032 828 2055 815 2361 1632 163 2 2414 2663 2760 1397 984 1906 856 1736 498 2152 565 306 301 2249 933 1702 1363 2008 2176 796 638 1237 2828 2342 953 475 420 2434 2360 2686 506 1277 1267 2823 2452 386 377 1290 2682 425
394 2796 1237 501 1290 129 2392 1906 1062 1879 2596 1518 1981 324 810 788 2244 786 2093 2280 2055 1567 113 2142 958 1368 367 2008 2271 764 141 1500 401 1481 2789 984 1435 363 2794 1614 1026 2747 1438 1923 787 471 638 2434 449 1119 241 1023 1331 731 2357 2660 71 245 1301 2609 1543 890 1673 536 1604 2137 1145 2742 1909 2191 1503 2029 2146 2098 2042 1510 1282 52 1505 1628 2049 825 1563 1662 625 1932 1022 2822 243 2458 2140 2384 2543 139 1002 1917 2429 2536 530 1533
2706 690 2271 1922 787 1940 1080 2494 810 1884 958 2620 2118 67 386 788 786 1086 1205 2821 980 1440 57 973 77 2210 510 466 672 1198 372 471 638 1426 1438 2663 1726 1184 2665 718 23 1986 722 363 2608 2690 71 501 2619 165 1497 1923 508 2135 2583 2672 2520 2521 654 1706 324 275 2 52 2728 129 163 2244 1802 828 464 2433 2203 1397 1374 2121 2694 2142 1576 2632 1825 2666 2468 2719 1982 2467 1234 1443 1056 2736 885 1212 2115 1671 627 2351 1882 298 362 1481
764 1785 129 501 1062 2311 1963 499 2280 2008 788 825 2821 2434 2632 2789 2794 2293 1368 324 2690 394 2164 2146 786 2137 1237 758 1022 1923 719 2426 2361 1503 2055 1614 1145 1906 141 2467 2209 2091 1533 1932 2414 672 2244 525 2536 2142 1102 998 363 2413 1228 113 1481 1290 2669 402 779 2450 828 1651 1248 1026 241 1917 2295 2747 1879 2044 2392 1981 1518 1574 1500 310 2018 49 1781 654 778 2682 1506 2042 1048 2756 2551 1383 1550 2398 2611 367 2378 1813 916 558 52 401
2271 787 1545 810 1884 958 1922 1290 2118 372 1080 2706 980 386 1518 283 1237 1102 2411 690 1752 2790 2596 1407 1440 67 1940 2494 1285 943 71 1989 2433 718 2832 950 973 1316 4 1636 1747 2543 1718 221 1320 764 2796 2085 2501 556 2262 2583 2817 638 2663 2 2008 2686 275 1386 2767 2044 852 454 635 672 2011 1610 312 2392 1456 826 946 1184 3 1642 1833 1218 1926 2665 2609 925 1965 626 2532 1701 1567 1284 719 1267 1015 117 231 2121 298 1211 563 1938 1981 1119
787 810 2271 2706 690 386 1440 1080 1198 1884 828 62 958 2055 672 1086 466 2578 1205 71 2262 731 401 973 1610 1043 1237 292 2722 302 878 946 2209 1290 2118 2672 13 1023 1044 2666 141 2747 764 1785 1374 377 2029 2520 2596 1668 2355 1119 77 2602 1351 78 1510 1628 2210 2203 1015 254 2008 265 2336 885 953 1922 2451 1518 23 2469 638 1241 1443 2423 812 1671 3 694 230 1249 417 323 761 1145 681 2686 1642 2450 2543 1267 1032 825 394 2434 897 1567 2351 361
1884 810 2271 2706 113 654 788 672 129 1435 324 2821 1062 1923 828 690 1922 1080 2142 386 625 1506 2244 758 2632 2210 13 1612 787 2520 67 1813 2806 973 786 2137 2311 501 2467 2666 2280 1671 2690 52 2794 980 2583 372 2164 1481 2118 2055 2669 2494 377 936 2828 1248 1989 363 2091 2663 2 430 1662 62 292 1438 1022 1610 241 958 471 2578 1443 1374 2602 1500 71 245 49 2505 2465 402 679 125 525 346 380 2398 295 534 2029 1635 1282 389 2611 2634 1628 1048
1290 810 787 1518 2271 1545 788 1237 2706 1981 386 2821 1102 2411 2832 283 2790 501 1922 672 312 1923 1440 2596 2361 943 372 4 2796 1953 1752 1567 909 52 690 1080 958 2632 2210 1889 129 2501 278 1407 1368 786 1026 638 1926 1909 2666 556 1879 221 394 2690 324 2044 13 466 718 2619 113 826 67 2767 1604 2142 2433 635 2378 1062 2049 2164 1301 2351 1702 2583 626 984 346 71 1989 2749 2817 2806 49 1605 916 1696 1694 2584 2467 125 2762 2643 1506 1882 1747 2311
501 129 810 1981 2271 2632 2821 1237 2411 787 1062 2690 471 1438 2832 2467 1048 786 2164 1567 638 1612 1500 2398 1481 402 1506 2311 113 71 2794 788 324 49 1545 2142 363 1518 52 2790 312 2789 1290 241 2244 758 958 628 753 2796 936 1662 1909 2091 1026 1282 2501 1102 625 2611 1503 643 1923 1024 1407 2044 1889 389 984 1543 2505 2465 1926 394 1022 1941 367 1781 635 506 108 2137 1604 346 1301 383 1465 1039 239 2300 2232 943 221 452 1141 565 525 1963 654 782
1237 1981 71 810 1567 648 1518 1614 638 1673 1040 2271 984 787 764 1331 2392 610 1290 2008 1604 2146 394 2501 2159 309 2609 1978 958 1102 2044 2357 2411 2660 719 1119 2789 2360 1301 2832 457 834 2414 1368 1211 2543 605 916 1989 1906 2018 1028 301 1133 2093 1527 2790 2176 231 2550 2796 943 2042 1992 998 861 2619 1545 243 446 2065 1407 312 1690 1606 365 530 1277 925 1879 1583 1104 2596 2532 817 1926 728 2536 2049 221 1935 2300 778 1419 577 2284 2817 2665 2682 67
2706 386 1290 1440 690 2271 1518 810 1497 2209 787 1267 1237 3 2494 1080 1922 796 583 1642 764 718 2593 1940 973 2666 2596 2355 1664 2262 2392 2672 254 1368 812 2203 1986 1043 2008 339 2686 1833 23 1671 466 1198 1086 1574 1443 863 2146 77 1884 946 1772 1567 2434 1992 2620 2619 2118 1351 1527 958 1724 588 1040 885 797 1119 318 71 1603 372 2085 1981 2694 2152 365 825 1882 1247 1605 1938 1747 1457 2459 719 2529 1653 2663 776 2536 144 914 2336 1794 1915 880 2
2271 810 787 958 690 2706 1884 672 2118 980 386 71 1080 973 2666 1440 466 1198 117 2355 2450 828 1205 946 265 638 2828 897 1922 2210 2619 1671 1086 1374 933 3 2602 1456 764 13 2203 1267 129 2520 1015 1642 377 372 309 2593 1062 2529 1668 1610 1923 501 2262 2336 640 1032 718 23 2014 143 1882 2578 306 1736 324 1272 1044 834 275 510 880 2494 1556 2055 586 850 2342 788 1043 425 1933 506 2691 254 1102 1963 1284 776 1285 205 1910 323 1570 796 825 1184
71 2271 2055 1989 141 1290 958 897 1368 2789 1518 810 731 461 1940 401 2098 2663 2 2361 2747 787 477 1237 2706 394 1906 638 1510 2596 1145 1545 2686 1938 1833 362 1443 1922 672 369 690 2722 834 1023 2532 508 466 309 1628 998 1567 2414 2392 2411 764 1044 1089 1671 1599 1884 871 1614 129 2118 283 2258 1879 1673 2469 1047 1747 453 2459 1241 380 1583 1102 2074 2450 2666 2357 1981 2510 946 9 2042 1320 431 1841 1926 778 601 2049 767 1963 2682 205 2008 984 1119
810 2271 690 1884 787 958 2118 386 2706 980 1080 1086 2666 828 1440 973 672 510 1102 880 466 2619 71 23 2694 1198 1205 1702 1043 158 1267 718 2521 2203 2171 1374 377 2210 788 2790 77 1610 1545 885 372 2602 6 2672 117 2355 2828 1285 2529 2821 2043 1922 1497 475 1694 1083 1668 2494 638 1026 1671 1570 946 2832 2643 650 2520 1785 57 1184 1015 2816 2411 1426 2578 2690 2378 1653 283 265 1525 786 2351 1926 234 839 278 1776 1537 943 2810 1882 1503 1422 1397 1603
1290 1518 386 810 1237 1642 3 2271 787 2706 2686 1440 2596 2262 1267 71 2085 1527 863 690 365 339 1833 648 2118 958 2543 1747 2392 2209 2593 1884 1443 2663 1938 1119 2600 1080 946 942 254 2672 1040 1198 1992 544 258 2 301 1567 2203 980 2458 117 1989 1860 1922 605 1783 718 1545 1978 764 1017 2494 1133 487 796 1981 2355 2146 1574 2609 1184 747 610 1316 973 2433 1718 1614 309 889 2755 1673 2722 1368 966 1940 1285 2008 1320 1331 2796 248 1205 1043 984 852 283
690 2271 810 1922 764 2706 1884 466 1080 2008 2203 958 761 309 834 787 71 2146 2619 973 1198 1671 946 2355 2351 1605 2494 1205 2152 2118 2209 1086 980 2666 897 1351 23 1785 1044 1032 856 2361 510 1702 672 2434 2620 861 2450 2536 2593 2608 2823 1267 1015 1277 719 1368 386 1632 2448 205 812 1726 825 880 615 1556 475 2284 2760 1289 815 1891 752 394 2414 2452 1397 1471 2824 2522 254 117 2055 1497 638 2058 98 1610 2342 2609 998 1574 796 141 301 1723 8 2508
810 2271 1237 787 1290 1981 1567 129 984 501 786 958 1545 1518 2789 2821 788 2411 1062 71 2706 324 638 2619 1407 2244 471 1671 1923 2832 52 1438 1909 2044 363 1102 2501 1673 1481 1026 506 1614 1331 1630 2596 2372 2543 2790 2466 2660 2357 312 2796 337 2392 2246 2085 1662 283 2696 2600 2398 2142 912 2690 1503 1465 1884 635 108 372 1048 1119 2632 556 1604 2467 1039 740 1926 2433 1301 1215 2237 628 2065 1742 1706 1500 2232 943 565 4 1978 690 925 2164 8 2458 2365
2706 1884 2271 1922 690 810 2118 980 672 788 1080 372 973 2494 1285 2663 1610 2 298 1923 386 324 787 466 234 2632 52 2142 1545 139 1443 1435 786 2210 2666 420 363 163 958 129 1503 828 1320 889 1440 2583 625 402 13 1032 1570 425 2806 654 1102 1747 1599 1374 67 501 1086 498 1015 2828 113 731 1668 1039 2602 936 2821 375 108 1706 1397 117 2303 454 1605 2520 125 1062 1282 192 2543 2311 1833 2686 2690 2137 245 2790 464 1438 758 1480 2669 878 1616 2244
690 2706 1080 1922 2494 1884 973 1205 2118 466 2271 980 2203 386 510 1043 1015 117 1702 1086 1184 1610 298 1285 23 810 946 2152 2666 1198 787 885 372 1267 880 1603 6 2521 1397 275 2171 1570 1440 2593 958 2043 425 1032 1671 2643 1545 1497 1083 1456 420 776 1537 750 2620 1616 283 327 2303 2351 1525 98 796 1602 2608 764 2554 1556 2751 454 1605 2448 797 334 167 2816 163 2529 1502 1776 718 353 586 1426 1963 2187 2832 1196 1494 1738 498 1625 1380 1953 148 1675
2 672 2663 946 1443 1237 1940 2510 980 2118 1785 1884 230 1290 2686 431 1833 1198 466 601 1086 828 1922 2694 926 958 2262 71 1374 1714 2828 933 1518 810 278 1080 1938 2602 1668 690 2355 67 1205 1285 2543 731 1914 2672 2271 796 477 2578 2722 761 2392 1610 1842 394 788 564 292 1747 2596 1267 47 18 2210 2736 2706 2593 2599 2280 2378 1510 973 2209 3 885 2258 265 2583 531 377 889 362 1533 386 852 499 1567 139 905 13 1184 141 1015 117 2085 1642 1986
324 2706 129 1062 1481 2271 1923 1671 2280 1237 2142 810 788 690 52 501 2450 1500 234 241 2821 1368 1290 1567 2593 2663 1932 973 2244 1435 464 367 1086 2666 2690 192 1813 139 1503 2311 1706 3 2794 245 113 33 1642 2355 1941 2 61 1884 1794 449 786 2669 1466 828 1614 2474 2467 1032 764 1015 1922 2173 1267 2608 254 394 776 466 672 2632 2055 1351 2137 1331 256 880 2164 2434 1026 2742 946 1917 787 1906 2448 8 2806 1912 49 1563 372 1141 2146 761 861 1080
672 2 2663 601 2828 2686 1443 1989 3 2209 1642 828 254 2443 946 1559 318 2510 933 1351 1574 926 431 764 1747 1785 265 1357 2722 1833 1263 1922 1106 1368 2293 889 9 1241 1374 812 1915 731 1668 283 2602 615 2673 779 2118 2433 2824 564 377 1518 1985 1938 713 1884 1519 13 694 1290 1786 18 896 1641 2469 401 114 980 1628 778 1842 14 1770 1957 1361 62 989 2599 2596 395 1198 2008 35 2378 1784 2214 1654 878 278 2146 1206 1205 962 831 1820 15 136 384
2663 2 601 788 1086 878 1443 125 67 2686 501 1923 1940 2433 672 62 925 1833 1912 2029 431 1368 1747 278 363 2583 885 786 1752 372 1938 1026 1282 764 1986 324 1699 1545 2062 1989 880 108 2301 18 655 1842 1351 292 2217 2459 579 1756 555 492 681 2794 2510 114 2373 889 129 2142 2008 2244 331 2146 2121 2690 2376 654 2467 2828 1434 1770 627 2694 933 2378 1350 802 1922 2672 1655 950 417 2824 1915 1438 9 2423 471 1662 2556 1001 2543 302 2207 2806 2398 2520
1290 810 1518 787 1237 2271 386 2596 788 672 1440 1989 2600 2706 2085 2796 1922 2543 2262 1981 1545 1567 958 1923 2049 2821 786 501 283 1080 2458 2532 909 1884 2529 1368 372 394 1102 2828 731 129 2210 1953 2093 690 1909 71 942 2806 2790 324 13 1366 980 530 796 718 67 2666 1017 52 2583 2686 1062 1752 1604 1613 1747 984 292 1267 2392 1893 2282 2459 709 4 114 638 125 1770 487 2118 1742 2690 1301 2361 1316 2152 2832 1480 1320 62 750 2660 113 337 211 966
2271 386 690 2706 810 787 1884 2118 973 1440 2666 1086 1102 980 372 1080 1043 1205 510 1285 298 2672 6 2790 275 1570 880 2171 475 672 958 1603 2694 1702 2043 750 1671 1545 2210 1694 1610 1198 1922 158 2521 650 2643 466 77 2816 1422 718 943 23 2346 828 67 2203 334 2663 1015 2529 1221 2355 454 586 2584 885 2832 2817 2 2411 1184 71 1926 2121 2810 1397 2554 1916 1882 2351 2152 13 2583 2821 1752 759 283 221 2494 1605 1537 720 1373 1284 1316 285 2198 826
1237 1567 1651 1785 2682 1981 1614 2536 499 1518 394 2434 2796 764 1290 2042 1368 2414 648 1977 2392 2360 2159 2280 1331 1604 2426 825 1481 1914 129 139 998 1583 1673 1040 2794 2142 2413 916 873 1179 457 1578 192 2660 2258 501 2093 778 786 2596 2146 1028 1879 2295 2008 2176 1367 2550 2641 1062 1383 1906 52 984 2244 2458 55 2209 241 728 2058 2234 558 1714 777 1727 2293 135 107 1500 945 2789 779 2543 230 1854 245 1022 2609 324 2785 1228 2252 2745 1690 1920 2574 1503
810 1237 2271 787 764 958 1567 71 2706 2008 1884 1290 2146 984 2609 690 1044 648 1368 1040 1518 2262 2118 386 2284 719 2414 230 638 3 1119 1277 2796 1981 365 394 301 1527 466 825 897 2434 1080 1614 2426 834 2543 610 1714 2619 1673 761 2682 2042 2596 1642 1915 1992 2209 2536 2018 2392 946 1989 1002 778 1331 916 998 718 1978 254 980 2159 1922 1610 1351 2745 309 1211 873 517 2555 1604 288 1785 2336 1583 1906 1205 605 861 1198 2176 2351 47 615 2058 812 457
2794 1785 1237 764 2632 2164 1989 394 1614 2789 2311 1503 245 129 192 525 788 1518 2280 2146 1290 2 1981 1673 2091 2426 2042 1022 2663 139 2434 825 2142 1368 1917 1567 67 1062 501 1500 1331 1026 1435 113 1248 778 654 2536 2008 2392 499 2510 49 2018 2660 1906 2669 2682 1563 916 1879 1852 241 324 2690 786 2821 2583 1914 369 1048 2029 873 2686 1842 1963 1481 2611 2293 1651 1228 1583 33 2137 643 998 402 2596 2295 367 1932 2244 1282 2093 230 18 2378 431 2745 2413
764 1785 2008 67 2 1922 2146 2632 719 2821 1500 501 2209 1351 2378 788 2663 2690 2361 2214 1957 1503 2583 1066 825 812 129 2434 2467 272 1026 1574 2510 278 2789 831 2293 2018 2414 15 2311 1917 431 2475 672 1923 2794 1820 1048 2686 627 1940 601 643 2611 2142 995 138 241 2762 2824 35 324 560 1493 1963 1420 914 828 1021 1062 2280 776 2599 2118 2666 690 384 758 1915 1022 1222 113 2669 2164 1932 1772 1563 1612 953 615 2077 1842 2284 18 779 2536 508 310 449
1237 810 1290 1981 1518 984 1567 2271 2660 1545 2796 787 71 1673 2543 1368 2357 1407 129 2789 324 1909 1331 2085 2458 2706 1119 1614 958 471 2596 501 1438 852 1062 786 2411 638 2262 2600 1211 1481 1923 2244 1978 672 1794 1301 2049 33 648 565 2790 363 2609 337 52 1613 243 1917 2392 534 1604 1718 2210 1742 909 2246 631 2045 301 2065 1102 942 530 966 1630 2372 372 2429 2093 1989 446 1017 943 1884 1215 2832 610 1527 2690 506 394 1285 788 1662 1922 13 2696 2450
129 2789 788 1062 501 324 2244 786 2821 2142 1022 2794 1481 1923 52 1368 2164 367 1813 1102 1989 241 1614 2411 1026 1237 1500 394 141 1503 1917 33 363 1906 2055 1781 192 758 2137 245 2280 2311 1545 2690 890 2790 2632 139 1662 113 2543 2611 402 2044 1673 2467 71 1048 2232 1567 346 449 1331 2091 643 2594 125 1290 1518 401 1465 2832 1932 62 471 1438 1655 2316 452 780 2042 1282 2663 525 89 337 1628 467 2501 239 1145 508 461 2029 2429 534 2596 2465 2505 2
394 2663 2 788 1026 129 501 2093 1102 601 2596 2146 1062 1290 764 2392 2426 62 2411 1407 2008 1906 890 1237 2673 958 1543 2817 2142 2510 1932 292 2789 1879 2029 878 2191 1989 1604 67 1028 779 1518 2434 431 3 1940 1574 873 787 681 1500 2790 2794 2077 2544 1935 680 817 141 401 536 1915 1268 417 825 719 1873 1368 1642 2284 1614 555 113 14 1981 1842 1926 1690 302 2055 786 2280 367 2583 2121 943 2686 810 18 324 2742 1545 2756 1628 125 241 2545 2384 2536
690 2271 810 2706 1940 1884 1080 787 958 1086 2118 386 980 510 880 973 71 2694 23 77 2672 2 1043 1671 2619 885 2494 466 1702 1576 2663 672 57 1285 1497 2666 1610 1198 638 1206 454 2351 925 1205 1102 163 1785 788 1440 2554 2210 6 1374 796 1545 158 1922 828 372 718 786 1426 1668 421 508 2521 1083 1032 839 601 2821 491 275 1714 2602 2643 1234 1525 278 1986 67 1694 329 1422 1882 1456 2816 1841 419 1632 946 905 2153 2832 2690 2569 894 2789 2171 1592
1290 1518 1237 810 984 2600 337 788 501 1981 2660 129 2543 1923 2085 1989 786 324 787 2796 672 2376 1922 1368 2271 2433 1062 1884 1673 2596 2459 2049 2789 2706 2458 506 2244 1567 1402 1893 2118 2532 1610 1614 1909 2142 565 2609 1770 2821 363 1331 243 1813 530 2065 2696 690 776 1545 1662 1742 487 394 980 1211 54 471 852 2008 1613 2392 114 50 1706 1705 2164 1681 2093 542 710 909 2103 372 9 2210 1022 1438 1000 1604 764 945 71 1481 1695 108 466 1301 1078 2357
2029 62 292 1290 555 2451 302 681 878 2596 417 2384 2663 21 1518 2217 2 1562 731 601 2469 1368 2686 1699 802 289 427 78 361 2423 1443 2415 893 1888 394 340 1510 868 1398 2796 1256 886 2392 1599 199 2583 2668 1890 2568 67 2074 554 401 1033 1492 429 2121 2786 1686 2510 1628 1241 889 2126 2600 1989 2459 1833 901 2458 142 597 492 2055 2543 1237 788 431 2722 380 2085 18 176 2262 1001 2227 332 579 694 3 536 942 1642 1747 1418 2009 1842 1557 1268 1053
466 1080 1205 2271 690 810 1086 2706 2494 2203 973 1785 309 1922 1198 787 1884 788 761 672 828 23 117 419 230 2554 654 1726 1032 2619 129 2666 1632 2663 958 372 1556 275 776 2620 2210 2448 1671 2311 1616 2 946 380 764 797 1610 796 1435 324 2821 2055 2794 2244 2608 2142 377 625 113 861 1574 834 1481 2414 163 1927 2280 2355 292 980 498 2522 926 2351 241 905 2056 2434 2450 1184 205 2118 2578 1282 1351 501 2327 386 564 1559 2760 71 1605 353 234 1022
394 1237 2392 1785 2794 1906 2093 2280 1567 129 1879 764 890 501 2244 2796 1989 1981 1062 2 2008 1940 788 2789 2596 1290 1533 499 2146 2663 367 1518 2426 1368 1022 2042 1543 1435 984 324 2159 1503 601 1028 192 1282 1383 778 401 2686 369 2360 2660 1614 1119 1500 1443 230 431 139 362 1917 2142 449 1721 2055 878 2673 141 1876 113 2543 1604 719 2295 1690 1026 2510 239 731 2414 2258 67 1248 2284 33 2756 2638 2842 1056 1932 1923 2029 2532 2173 2049 2018 47 2137 1331
761 466 309 1080 2706 1205 1785 1198 810 690 861 1086 2203 2271 2608 2663 764 2414 1237 1726 2796 2760 834 2159 457 2434 1632 828 2 1277 67 23 394 2494 506 2056 2008 2620 1671 1032 1368 2554 672 2522 1922 2450 2351 2176 205 107 2210 2244 1177 2360 1443 1884 57 1518 1435 1616 2280 2641 1290 419 998 728 654 1906 2146 797 2682 510 376 365 1481 825 230 2254 2794 778 777 2311 1028 1040 2686 565 973 2448 1574 1567 2520 55 625 129 367 2555 2384 1457 984 236
810 2271 958 787 62 292 2029 2217 386 555 302 731 417 638 1699 878 681 361 2686 2451 1290 2384 718 78 380 71 950 2596 2722 1443 2415 2469 372 2055 427 1599 67 2663 1628 893 21 1256 2411 802 1636 2568 2244 1518 1562 289 1833 786 2583 889 2 886 401 129 2796 1545 2074 2423 1119 912 1398 788 601 767 1062 536 901 1989 2262 1407 1320 1510 2098 1316 1440 1102 1264 1747 1642 1938 2433 2373 501 142 868 234 1890 73 2126 2510 2121 1888 1686 2455 2755 2556
2706 386 690 2271 1440 1080 1290 1267 810 787 1518 1922 2672 1443 1833 973 2355 2 2209 2663 23 2686 1237 3 2593 1497 1642 2666 1198 1086 466 796 2620 2494 2203 339 583 2694 946 863 958 1043 885 77 372 318 718 1616 1938 1205 1527 1747 2510 309 2152 1605 812 1992 2332 2596 71 1772 431 880 1368 1940 761 254 764 275 1664 1653 834 158 601 797 2262 1457 1986 2392 1567 1184 1884 1426 1671 2293 889 1351 953 1989 117 365 648 1882 2118 1247 1357 143 1206 720
1237 1922 1545 1884 1290 1518 980 2118 1981 1080 2706 1567 690 2543 672 2433 2660 810 788 2608 506 786 909 787 2760 2796 852 2376 2596 2494 933 1752 2789 510 501 2085 925 958 2392 2271 1718 1610 1673 1368 1184 1953 1923 2203 1397 471 1940 129 1438 1331 372 466 2093 984 1614 324 2609 1992 2767 1747 943 2357 1102 1949 236 231 2828 2244 815 2411 2210 2790 2600 283 916 375 648 2620 565 71 2044 1062 4 1301 1316 1369 1285 363 2103 1604 13 2014 2501 446 959 1407
1290 2706 1518 1237 283 2596 1102 943 1545 2411 1567 690 1981 2790 2832 909 221 2085 810 312 1080 1752 1407 2796 2271 984 788 787 1909 2121 4 925 2044 556 2433 2821 1922 2501 372 1923 2210 921 2817 2458 1718 386 2543 635 2064 2011 2660 1965 1882 1017 786 626 712 2583 1422 501 2392 1926 2494 2600 1440 2767 1627 672 52 1636 2690 324 1369 852 1671 1953 1368 1316 2282 1656 1086 1737 1331 13 67 278 1043 2376 641 2724 1614 1602 826 1860 2643 1148 2378 129 607 1405
466 690 1884 1922 2271 1080 810 2706 2203 1205 672 761 828 2494 1198 2118 2351 1785 1671 2620 980 764 23 834 2619 309 2450 2666 129 654 377 2280 946 973 1605 2210 897 1702 1368 958 1062 776 2008 117 324 2361 2355 2536 2244 163 2434 2152 501 2209 2823 98 510 71 1374 1726 1086 2578 1015 2602 230 353 1435 2448 2828 625 2055 1556 1612 2474 861 1032 1481 306 787 815 205 926 788 2690 141 2794 933 2142 1044 1610 2169 2608 2311 2632 1351 2520 1923 825 786 640
810 1518 787 2271 1290 788 1237 501 1981 2821 2796 1923 129 2706 786 2411 1567 52 958 324 1062 638 1545 394 2632 2142 363 2690 471 1438 1026 71 1909 2596 2467 1102 1481 113 2619 2244 2832 1879 2164 984 1612 1368 1301 1953 2351 758 386 1662 1503 2794 49 1506 2311 1048 2398 2049 1407 916 312 2806 2790 346 367 936 372 125 1080 2789 2044 402 108 672 2065 1141 1630 241 565 690 278 943 1922 1604 2501 1889 654 2505 2465 1613 2660 1058 1500 1282 1395 1781 1671 628
810 958 71 638 787 2271 1833 1443 1938 394 2663 788 1940 2 129 1785 2510 2055 1989 501 431 2244 324 2360 1986 1028 499 141 2159 401 1062 1533 1435 362 889 601 2392 457 786 1842 2295 2414 2736 754 1056 1628 113 1690 1023 18 1119 1445 363 2234 2098 2747 2638 731 2673 2258 52 2532 1935 625 2756 2686 2641 1906 508 2616 62 2135 2543 230 1606 1567 2777 2077 1481 2176 369 2142 367 1714 1593 1841 2794 1282 1662 47 278 77 2842 1022 728 55 2789 1923 2472 2821
1940 67 788 2736 2543 2825 2258 2583 2663 363 925 601 787 2135 1986 2 372 362 2433 786 2719 1282 165 1028 1368 2766 2207 447 2244 1056 1606 202 764 97 627 1001 958 501 1662 1126 1237 648 1935 2121 810 1212 1159 899 885 2376 1825 1026 2271 1673 2008 1981 2728 324 108 137 2755 2159 1527 1841 1463 1810 2660 129 2842 1923 125 1130 2558 471 2142 1690 49 1962 2292 2794 1407 230 116 1438 1229 2034 2319 2584 1040 1351 2393 1912 2301 1211 2509 1944 654 2350 2357 1320
2 2663 764 2686 2146 1989 601 431 1351 67 2209 2510 2008 1574 1443 779 1842 3 18 2434 1785 2077 2018 812 2284 719 1368 825 2426 1642 35 2777 1915 1747 2583 2824 1772 889 14 254 914 9 1940 369 615 1985 1493 778 2532 2536 70 2029 282 2772 873 1125 878 1938 62 951 2818 318 627 1460 2682 1136 672 2551 767 292 998 303 382 2157 417 1289 394 2414 1753 1290 288 1917 2336 1833 1518 114 277 1745 1533 362 211 2433 499 2647 401 2794 1583 2585 2459 926
1237 1290 1981 1518 2789 1567 2660 129 2244 2706 786 501 1923 1673 2543 984 324 2271 810 788 2796 1614 787 1331 1481 471 1884 1062 363 1438 1080 690 958 2085 1662 52 1022 2118 1545 2690 852 980 1922 2357 1368 2596 1205 672 1706 2821 2392 506 2458 337 2142 534 2600 1813 1604 925 2467 464 108 2210 764 33 1465 2027 2093 1026 71 1402 2608 1917 2609 2199 2429 2008 2696 2794 780 1909 1718 372 2806 2494 1655 565 1301 1978 2301 1102 1119 1285 1500 2164 402 2250 1610 1282
2706 1884 690 1922 2271 372 980 2118 2663 2 2494 1086 1080 788 324 464 672 731 810 1610 973 1285 2210 234 386 2137 13 1706 298 129 1545 1435 601 2032 852 787 1443 67 2806 139 1436 1503 2583 1599 380 828 2469 1032 878 1062 1480 2722 2578 958 2142 2632 117 1923 466 2055 2520 2510 192 163 1982 2262 2690 2543 2666 1813 1718 786 1320 125 1747 431 1015 2373 1189 258 1282 2747 2303 501 6 1290 56 425 950 2075 1440 1628 245 1205 1816 758 1912 2355 1439 2669
1237 764 1567 2008 2796 394 2392 1368 2146 1290 1981 2093 1906 984 1518 1794 2686 1119 2663 2244 1040 810 2 1940 2609 719 2543 1604 2596 2357 2284 365 1989 2660 431 648 2042 3 2434 71 878 1909 1614 1443 1879 2280 1642 2209 292 129 2262 601 2029 1978 1783 2018 1301 610 2510 825 916 501 2426 67 2459 1331 1481 324 638 2271 1062 1917 2159 1351 1002 288 1986 958 2682 2458 2065 1211 834 367 2665 787 945 779 1634 62 1651 2736 786 2414 1833 2360 47 301 2085 1915
1290 1237 1518 2706 690 1567 984 2596 1922 1981 2796 2686 1940 2203 1527 648 3 466 1040 2392 764 810 2433 1080 1989 610 301 1198 1642 1614 1119 2609 2085 365 1368 2262 2146 2494 1938 1604 386 1963 1833 2140 2209 1331 2663 605 2 787 1992 1747 1267 2271 1205 2008 2666 812 2620 2434 1301 1497 394 254 825 283 2355 530 1184 2458 2760 1879 431 2049 2159 2361 2510 2474 2522 1742 973 1772 1671 953 2414 1884 1986 2376 719 2118 2593 1860 318 1002 861 98 510 201 2583 1545
2271 810 787 1237 958 71 1567 984 1044 638 764 2706 761 2008 1290 301 394 2796 1518 897 1614 834 648 1673 825 2619 1040 1277 2434 1785 1119 205 2609 230 1331 1981 2392 2426 2414 2146 1714 1906 309 47 1884 690 2262 1963 2159 610 861 1527 2543 2536 2118 457 1978 1604 953 2042 1630 466 2336 2682 365 1002 2747 1368 1621 2596 243 1028 2555 1671 2284 1727 1205 916 2360 2749 386 605 3 719 778 1032 1471 254 517 1043 337 1583 2055 1456 2351 2357 2093 57 1249 499
690 1922 2118 1884 1080 2494 2706 2271 386 980 973 510 2203 810 466 2152 2666 1205 117 787 946 1285 1184 1015 1671 1198 764 1702 2593 2521 23 1397 298 1440 372 1043 1497 1610 1570 1605 1267 6 2171 958 796 1603 420 2043 1537 1086 1083 1545 2620 880 2008 275 327 885 2816 1456 425 1616 2643 1488 2351 1738 2529 586 718 2751 71 719 776 1502 2554 1882 148 594 1351 98 1752 1426 265 498 2146 1602 1940 2619 143 454 2448 2502 650 1525 2303 2474 1102 2832 283 750
690 1922 2706 1080 2494 2118 1884 973 980 510 2271 2203 1205 466 2152 810 1397 2666 1015 1285 787 1605 117 1610 1184 1198 1702 2521 946 1671 386 958 298 23 2593 764 2620 1267 1570 372 796 2608 275 1738 1616 1602 1545 2351 420 1488 167 2448 1032 1953 1726 1537 2008 1497 2643 2807 1963 1426 1083 6 1603 1456 2751 71 750 98 148 1556 2619 1026 594 1502 2171 334 2043 309 1043 327 1440 2760 2554 1866 1882 498 2823 163 2691 425 2355 205 2816 454 776 909 506 2502
2271 810 787 958 690 2706 1884 672 2118 386 1080 980 71 1198 973 1440 117 2666 466 946 2355 265 1267 1205 1922 2593 764 3 2203 2450 1642 2828 2619 2262 638 828 1086 13 2210 2602 1374 933 1671 2494 372 897 2336 1015 1882 2520 1668 2529 1456 1044 377 23 129 718 275 143 309 1062 640 1272 1923 1610 510 2008 1184 1102 796 501 1285 1290 2691 834 324 1497 850 1043 776 254 880 1736 825 1570 2146 2014 1574 2620 2578 1480 1963 98 323 2342 2152 788 2209 306
1290 2663 1518 2 2686 601 878 1237 67 788 1443 2029 292 62 2583 2596 1086 2796 2543 2451 681 2510 2373 501 2423 417 672 1368 1794 2458 1833 129 2121 3 431 2392 555 2085 302 18 1747 125 2600 786 1915 2384 289 1351 1981 394 2217 764 324 1923 254 1940 1642 1842 2459 2146 812 889 2824 885 579 2075 2008 2415 1001 1562 1699 1062 21 1989 1585 2093 615 114 2209 1888 1497 2142 779 361 1574 1316 2244 607 731 1567 1706 1675 868 2660 925 1772 950 810 1320 363
810 1290 1518 1989 787 788 372 2271 1545 67 2532 1237 386 2796 501 1923 2583 2543 1981 1922 1747 2596 2706 2433 1440 2686 1884 2121 324 114 2663 1368 1752 129 1102 2 2164 283 786 2660 2821 1940 958 2584 2767 2600 601 672 945 2093 1080 2459 1001 2142 211 125 1578 2529 2790 718 916 2411 1026 1316 363 2049 627 4 1062 2065 278 943 2682 202 9 113 1977 369 1567 2632 2085 1770 557 1909 2789 52 454 1407 71 1366 1506 2118 1860 1585 925 980 1673 1893 2556 1706
2118 690 1922 2494 1080 1205 1884 980 2203 2706 466 510 764 973 1198 946 1702 2271 2666 1184 2521 1285 1015 117 2448 2008 1397 1610 1671 2608 298 2807 1083 2152 810 23 1963 1502 2620 2823 1570 1726 1738 1497 1605 148 2351 2554 1032 1545 719 2209 2643 6 958 2593 309 2278 386 1351 1616 2146 275 2171 167 1602 2522 787 1043 1456 1488 2043 1953 420 1525 2816 2760 1632 45 372 761 236 2474 1603 776 1556 1537 1267 2751 1536 71 1882 1426 327 1940 1380 586 2361 98 230
1702 510 466 1671 1080 1922 2271 1205 690 2118 2203 810 764 2521 2823 2666 1471 1963 2706 980 2351 2494 787 1884 752 2448 1032 2643 2171 2043 2807 2816 953 1488 958 1889 973 1953 2008 2508 2608 2554 2361 335 1487 1726 586 1738 2278 719 167 1610 2620 1397 1797 761 8 620 1015 1602 205 1043 2619 1556 2832 2522 1083 71 419 2760 2821 1198 1184 57 1632 1981 2060 309 2146 2468 1090 1237 23 386 1605 45 1456 759 594 894 1866 1567 236 2725 2751 1502 2153 1026 294 2094
57 67 129 788 501 2244 786 324 1981 2142 1237 1481 2794 1062 627 2821 925 363 2583 1022 2164 2608 1923 471 1662 241 1205 1922 1234 1438 2813 2159 1940 52 1282 648 49 2091 1026 764 1726 510 1086 108 1932 948 654 1500 2311 457 113 508 1781 1028 2522 506 1080 2842 2135 2632 2760 2271 2669 861 2393 1465 2706 2467 2280 2825 2521 1802 2649 780 1567 412 2569 1043 1937 1592 2360 758 2736 372 1884 1369 1935 236 2438 2258 1212 491 690 2008 2690 804 1820 1690 2199 1503
394 2686 810 1290 2663 2 1906 788 1518 786 787 2271 601 2029 62 501 2596 67 2796 878 1237 129 1879 1443 401 292 681 2510 1915 2146 1368 2451 2583 2093 1351 417 2384 2794 764 1699 1062 1989 254 302 1628 2392 1772 1981 889 2660 2244 555 1543 2426 731 2336 2055 18 2373 1842 3 2824 1282 2090 324 2600 779 431 1940 2543 125 1026 2423 1562 52 2121 890 2008 1481 615 289 958 1833 2284 2433 1642 1923 2142 2217 113 1706 1574 363 192 21 1932 288 638 2469 825
2706 386 1440 2271 1290 810 787 2209 690 1267 3 1497 1518 796 2494 1642 1237 1080 2593 583 2355 1922 2686 1940 254 718 812 764 1833 339 2672 973 2262 1043 958 1443 2596 2666 1368 1986 1664 863 1747 946 372 77 885 1351 1574 2008 1527 2392 797 23 1198 1772 2203 1884 1086 2146 1567 1938 2529 71 318 2085 750 143 1671 365 2619 466 2434 1247 2152 1040 588 1119 1603 914 776 2118 1724 1992 2694 2663 1915 1457 1794 2620 283 2459 825 648 1493 2474 258 2796 98 2691
394 1237 2796 1981 1906 1290 1518 764 2146 2093 1567 1879 2008 2392 1604 1368 2609 2596 2357 810 1301 2018 786 2284 2244 787 719 2434 2660 1438 1500 471 129 501 890 1940 2209 958 1909 1062 1282 1351 2682 2583 1481 1651 638 2426 2789 33 916 1543 2736 2042 1002 530 2414 2822 2794 2271 1935 363 2842 367 1435 1040 2825 1119 1614 71 2543 288 324 1772 1026 1493 2121 1058 2049 67 914 2065 1248 1915 2459 1001 241 1289 825 2142 812 2536 1056 984 2665 778 2140 615 113 788
2271 810 2706 690 761 2619 1671 764 958 1237 787 466 129 1062 71 2008 1368 946 973 834 2821 324 309 501 2666 1567 2146 1884 1086 1044 1290 1785 2414 1906 1080 1481 2209 1351 2355 2203 2450 2434 1922 812 394 1605 861 1923 1198 2494 897 788 8 52 1267 1500 2536 2142 2055 2593 2448 1497 905 457 880 1574 234 1702 1651 1015 386 583 2360 2351 672 107 254 1277 2824 719 2747 615 2620 825 2682 1559 1794 2361 2749 1614 2426 3 828 2284 230 1963 241 916 2823 141
1518 2280 1989 2789 2663 1368 1290 1237 2 129 141 394 2596 1145 2244 1062 139 245 2055 1917 501 2722 2794 1481 998 1781 2682 758 788 786 2164 764 1879 1567 1963 2686 401 52 2361 731 324 2747 2293 945 369 2044 672 2392 1651 402 2796 1443 1906 367 2142 1022 1550 2311 2690 363 2029 1910 2501 192 916 1503 2173 508 2137 1614 1940 767 2459 654 2232 2042 1241 1510 1435 1599 2091 283 1981 1500 1089 1938 449 2821 453 1367 984 1662 1533 1282 72 1977 431 1842 1628 601
1062 129 501 324 2821 1481 2311 113 241 2142 2794 788 52 1671 1923 2280 1500 2244 1503 1435 1932 758 2690 449 2467 1941 2450 1506 2164 1612 786 2091 1785 2669 2271 1022 840 525 1813 2666 2632 33 1248 654 1141 1465 625 1237 2137 1026 2816 8 1963 2634 49 389 2173 1438 471 192 628 1048 810 2055 89 1891 1027 764 239 1567 780 61 412 1781 141 363 367 2619 245 936 2706 1736 464 346 1039 2398 679 394 383 1563 2434 2742 139 456 1884 2611 1505 2789 1021 1086
810 2271 386 2118 787 1884 690 958 980 1086 1440 510 2706 973 2666 1080 71 1102 880 1043 1285 2619 77 1694 158 2521 1545 718 1671 466 2694 372 885 2529 1922 1198 1497 2672 1610 1205 2790 2411 1702 638 6 23 2171 1570 672 2355 1267 943 2494 1422 298 2203 2816 475 2043 2663 2832 234 946 1015 1926 2 586 1653 925 1456 67 2616 2554 828 1752 1184 1083 508 57 2643 2501 1785 788 1397 1605 2821 1882 275 117 1738 470 1284 750 2121 2351 1603 1494 2584 797 650
764 2209 2293 672 2008 2146 1237 812 1351 1290 2686 828 3 1368 1785 1574 1518 719 2118 1642 779 2828 1205 2018 1922 690 2 2596 318 35 1198 946 2434 1884 2663 265 914 1443 1989 466 825 2210 2378 1820 2536 2214 1772 933 1940 1957 377 2824 2796 254 13 2520 2426 2284 1493 1963 2280 776 14 781 980 2551 394 431 1420 2361 731 1066 9 615 640 272 1915 560 2706 1567 831 2475 2510 2093 761 98 2055 896 2392 945 1136 1533 2459 2443 1745 15 499 2789 1614 1203
764 1785 1922 2008 2632 1026 2146 719 2821 501 788 1351 67 2414 2378 2 2209 2018 2690 2434 825 129 2663 1048 278 1917 2361 1500 2467 1957 2118 2311 1574 2214 1503 1066 2293 15 2794 812 2666 1923 272 831 2789 1228 1940 1915 2475 1102 776 995 1963 2762 138 324 786 2142 1420 560 1612 1062 2510 2284 672 627 508 113 643 2824 35 384 2583 457 1021 2611 914 690 2536 953 1177 510 2832 431 1820 2599 601 2164 1493 2474 1702 1022 925 1899 2686 107 1443 310 654 2398
1884 2706 690 2118 1922 372 672 1080 828 973 980 2520 1610 2666 13 2828 1205 2271 2210 377 1785 1912 2690 1570 275 1015 1086 788 1397 298 2821 787 2669 1198 475 510 2494 1537 640 2620 2351 466 654 1706 278 23 182 2346 2467 2602 1923 1374 125 1603 2632 2608 1916 1285 501 786 386 1668 420 2378 1556 464 958 1605 2152 265 962 306 2448 117 129 2203 192 1702 2806 1026 2025 2521 2115 2014 346 1426 1440 865 1456 2794 2578 2510 363 2244 2663 323 1616 1281 1257 1612
2663 67 601 1290 2 2029 2686 878 1940 62 292 2583 2510 555 1518 1989 2217 417 2596 1443 431 2451 681 302 2384 2415 2121 788 802 1699 21 202 1562 627 1747 1810 2789 289 18 950 231 3 886 1842 2719 361 2532 1237 1001 2085 2373 1256 1986 1833 427 1316 769 394 2736 1642 2392 1557 1686 2433 925 1075 889 2600 2544 2423 731 2509 1890 893 1368 1965 1545 2077 942 1627 2319 2543 2568 369 1888 1938 114 1033 2728 2093 767 2469 1855 129 2458 1320 554 501 78 1981
1237 1290 810 1518 71 1981 787 1545 2271 984 2118 1567 1922 1884 301 980 2706 394 958 1673 1953 2660 1614 2357 690 309 2608 2596 2414 2532 1331 1906 2609 638 2760 1368 2392 2543 2796 909 1080 335 1978 506 510 2085 1604 1989 2361 2093 1610 2522 1102 916 2049 1032 565 2094 1726 2351 236 2433 1301 466 1119 2832 1471 2501 2262 2790 2411 852 2176 786 1797 2103 2458 2197 2600 1177 856 1487 2203 2044 1909 171 501 815 1702 530 1940 897 1630 1211 211 2182 998 1397 2686 446
1290 1237 690 2706 1518 2666 2271 1080 2596 466 810 1922 386 2203 3 787 2392 1267 1567 1642 1198 1833 2686 764 1940 1671 1884 1119 2494 1981 283 2620 973 2085 1440 2043 1938 2355 2171 1614 23 1986 510 2593 796 2 953 1443 2262 301 254 1184 946 2361 1331 71 958 1527 1497 2118 2209 2663 294 431 2008 1747 984 362 1205 2796 394 318 2146 1702 812 1426 2510 1605 2600 117 718 1879 1841 980 1673 825 230 98 1610 650 1040 897 1653 731 761 2543 1044 719 309 1604
690 2706 1884 1086 2271 1080 810 2118 1940 880 510 980 973 386 787 2663 2 372 1610 958 1702 1285 298 2694 601 23 6 885 2351 788 1922 77 1205 2494 2521 67 466 672 2608 2672 57 454 1043 1456 163 1576 796 1440 2643 158 1032 1284 1426 1083 1198 2821 2760 2666 925 1570 786 1632 2554 718 1497 167 1694 1397 2128 2210 2311 329 2510 2789 425 1675 1556 2690 638 1537 234 236 2153 375 506 71 1545 1021 2121 1184 419 2435 1234 421 894 275 1221 148 2569 2620
764 1884 466 690 654 973 2821 1922 1205 788 1198 129 2203 2008 946 1080 672 2706 761 1062 810 501 2669 1923 2494 980 324 2271 2146 2794 2142 2280 1702 2351 2690 1671 786 2632 2467 2118 1237 1022 2311 828 23 719 834 113 1785 2244 510 1351 1481 139 309 2361 241 1506 1612 758 2666 52 1015 2209 2806 2164 192 1026 1048 1813 1503 936 377 643 2620 1500 2611 1435 625 2663 2210 2789 49 61 776 958 2593 1290 2608 125 230 2828 615 2398 2824 2 2091 1781 1963 346
1237 67 1290 2686 1518 2796 1940 878 292 1567 2029 2663 2583 2 2543 1443 2085 2451 2093 1368 2458 365 2384 1783 852 2596 1794 1981 601 627 62 302 2217 2262 431 2392 2008 764 2510 417 984 2244 1642 2146 3 1699 802 2600 2736 1747 767 555 2660 1989 1833 1986 544 243 2665 1040 2121 648 248 1978 21 2280 1256 1331 749 1604 2209 889 788 1086 464 722 361 1119 893 942 1614 2842 1992 825 1718 1211 231 2694 631 1686 78 2364 2415 709 1301 1706 1721 1562 2685 394
1368 1917 2789 2361 1922 672 1963 141 1518 1237 129 2280 2118 1145 1290 2796 2293 2821 2055 2690 1614 980 501 394 2686 2706 1062 786 1481 1906 764 916 2682 1651 2042 953 761 1884 2244 466 324 758 2414 367 205 1673 2258 2450 2666 1567 1471 2351 690 402 2828 52 2392 2434 1331 2353 1940 13 654 1367 401 2467 1989 1015 2596 897 139 1736 2142 778 2716 1612 1910 2520 828 2794 306 1500 984 1610 776 2536 2494 2008 2550 1879 2609 2747 2459 1781 2816 2620 362 1239 2027 2164
2706 690 1290 1237 2666 386 1785 1080 810 2271 764 761 466 1086 1443 2694 1440 1833 1882 946 457 787 1671 1518 1567 583 2171 510 2686 958 77 885 265 1198 2620 2203 1487 1605 1922 23 2494 2043 2596 2146 1043 1938 1497 71 973 1981 2008 57 2672 1267 2210 953 1471 2521 1426 1525 719 2448 335 1702 2332 275 2152 834 2361 1184 863 752 309 2 2663 1602 905 2823 1940 1726 796 1653 1457 2392 339 2254 1574 2209 1664 1044 2749 158 880 1884 230 2572 2434 327 1368 1642
2271 788 810 2821 1026 501 2632 1785 787 2311 129 654 1500 1612 113 1912 125 324 1141 1781 2794 1048 786 278 2690 2669 1282 2467 1923 2520 2244 1503 1086 1021 958 2706 828 2465 2505 2142 1062 1506 1024 346 690 1671 672 464 758 2210 138 1481 936 49 1022 2062 2806 2025 363 402 525 386 625 643 2351 2611 1465 2378 2232 2164 241 57 13 449 52 1941 1702 2398 655 1706 430 89 2816 2619 2316 2762 471 1662 1655 200 2666 1440 1140 2599 753 2137 377 1957 628 1438
129 501 1062 764 324 788 1368 2794 786 1503 1785 2789 2632 1923 2293 1963 1102 1237 2008 2434 2280 1989 2295 2663 2510 1022 1026 1917 2 2747 2146 141 2311 2164 2142 2137 672 1481 499 464 1932 925 2055 241 1614 431 2244 2426 825 2413 113 394 2821 2091 367 1248 1145 654 1518 1435 2209 2682 2042 2098 1813 1706 401 890 2690 363 719 1906 758 525 1533 2832 1290 52 1500 245 2044 2806 1981 1714 2467 9 2669 2686 1048 2118 779 2745 828 2414 1383 1563 1550 2411 1331 1369
1080 1205 1198 2663 1922 466 2 672 1785 1884 1443 690 973 2510 2203 117 1574 776 828 2706 2620 23 761 2118 1559 1357 67 825 2686 2077 1714 946 2494 2434 889 277 2777 1989 431 2828 275 475 215 353 1106 2772 3 182 230 2554 779 2055 1125 764 1726 380 254 1086 205 2271 767 777 2210 2474 953 369 2346 18 339 1842 2336 926 510 2666 980 2146 265 70 2355 401 601 1184 419 1786 2303 1916 1374 377 1642 564 810 1702 1833 2426 1671 1628 2008 1570 581 2209
2706 690 1922 1290 2686 2666 1237 1080 2620 1518 1198 2203 466 1443 1605 2494 510 973 2152 2171 1882 1525 1602 1833 764 335 946 1726 1953 2043 265 1397 2608 1702 2118 2210 386 1884 583 2694 1785 1184 953 2 2293 1671 1747 2663 1440 1205 1938 1487 1471 2751 1086 420 761 2271 980 2672 2521 2448 889 2572 2520 2760 2209 1032 1567 1267 1616 6 1642 2146 1940 3 13 1400 2596 1426 2008 672 2522 283 23 2361 2643 327 236 719 117 905 1570 885 1664 2353 1043 1272 752 787
810 787 2271 2706 958 71 690 386 1080 1440 309 1785 2686 1443 1290 834 764 761 1940 2663 1237 2 1086 1833 2619 2146 1938 1043 861 1518 2118 2672 2008 2159 638 2434 1922 457 583 1986 77 1198 2203 57 1884 2360 1525 510 2694 466 946 2392 889 2510 394 2666 2555 2620 1497 1747 1664 23 885 1205 1277 2494 2596 230 953 1727 718 2608 301 1906 825 2336 1040 1671 1028 719 905 2018 431 980 1714 2536 2209 973 1567 1989 926 158 1953 205 1574 1044 1690 294 333 976
788 278 1923 2663 67 2821 501 2 2378 2762 601 129 2599 1500 324 1026 1940 1912 1086 1062 113 2669 2510 2690 2583 2467 878 431 1443 2686 627 1506 1820 672 2789 2794 995 880 1957 764 125 2121 241 654 2214 1711 3 1915 2632 272 2146 925 713 740 384 1420 2244 1141 1582 831 372 1747 1642 2142 402 1543 1989 2311 1281 1813 496 254 1833 2008 456 1021 1102 560 825 2475 2199 363 1503 1027 1374 2077 1563 346 283 1997 1022 1351 464 1206 889 1576 1917 52 2602 2832
2271 810 1237 787 1671 690 2821 129 501 958 1567 1981 2619 506 1963 466 2706 786 1062 1702 1032 2351 788 71 2468 2244 2094 1481 764 2816 471 2118 510 1500 2632 1048 163 1610 2411 1884 1545 1022 758 1456 1923 324 2690 2789 2608 1438 2760 1530 2361 1556 52 1797 8 2832 984 2448 980 2164 1889 565 363 1205 1083 1662 2794 2467 2311 2246 1026 2749 1080 1024 1078 2643 2044 2008 1290 1781 2398 2203 1612 1632 1726 1044 2522 1630 346 2666 301 1625 638 628 654 1015 2501 33
2706 2271 1671 958 810 690 2666 2210 828 1086 2821 787 2520 386 1102 2619 672 13 2690 2816 1440 973 2832 2467 788 57 1882 1884 8 1026 1080 2043 1785 77 1503 2355 377 312 113 129 2694 1141 2142 586 880 2171 758 1481 283 1272 1062 1500 2311 1043 650 1923 2790 826 241 1021 1912 943 324 475 640 501 52 1910 1374 1267 2828 71 1205 6 2632 2602 1605 752 1506 1653 2411 346 443 2346 1702 2118 372 1576 2672 1038 796 125 1922 143 1602 953 980 2578 1487 1891
2271 810 1237 958 690 1567 2706 71 1981 787 1545 466 1671 2118 510 2619 2351 2468 506 764 1080 129 1884 1205 1610 1032 2411 471 980 2246 638 2448 163 501 786 1290 309 1456 984 1702 2821 1963 2789 2094 2044 1062 1630 1556 909 1048 2832 1632 1438 301 2392 1518 2008 1726 2521 2203 2562 1015 2632 856 1882 1797 2442 2244 1044 1525 363 2690 2357 2660 565 2168 788 205 1500 8 1923 1922 1889 1083 1662 2608 2501 556 894 861 1481 1215 2720 1802 758 2760 324 2596 672 1407
1785 2663 2 764 761 1443 2686 67 2159 2008 2360 2146 828 672 2510 292 1574 1714 1198 2077 2434 878 1842 431 457 57 18 2583 889 282 601 2280 1205 1080 1922 1028 394 946 825 1086 70 277 2777 2384 767 2536 1559 2706 1989 2494 1690 1237 2451 1699 1833 2029 2772 1940 2414 2426 1351 779 113 2254 2620 654 690 1290 230 1906 62 1786 1357 2016 369 2336 873 2700 1106 1368 2284 466 1211 1268 719 2234 788 905 2520 1125 728 861 2641 182 499 129 302 1938 2796 55
2663 2 1785 672 1443 67 828 1205 764 1198 2146 2434 2008 2686 946 2520 2159 1080 2360 1574 889 1351 2583 377 292 761 1714 2210 601 1086 933 466 825 2494 1842 18 2209 1989 767 23 2536 2510 878 2828 2414 719 457 1368 1915 796 230 690 2029 834 1559 1922 2824 2077 1772 2284 182 1805 70 1357 277 2384 1833 431 2203 282 863 640 2641 2706 2016 1277 1374 2451 2426 1028 2254 62 2777 1938 2176 55 1289 2018 369 926 1940 254 728 775 2620 1177 781 2234 3 2336
2271 810 2706 958 787 1884 690 672 980 973 71 2118 2262 1015 2355 1237 1080 466 828 386 1198 2210 1610 1290 1205 946 13 1374 377 1440 2602 1668 2578 2203 897 2055 2520 1436 1567 1272 2593 2450 2828 1102 1267 1285 2722 984 1086 1044 638 933 2619 117 1671 850 2666 1119 2342 1922 298 1032 2747 1628 23 62 2543 852 301 1682 2596 1518 1510 1570 292 380 2201 1556 141 2750 731 2303 2529 1023 425 2098 401 1736 1642 640 1456 323 1630 629 2029 1605 1718 3 1479 2336
810 690 2118 386 2271 1884 1086 980 787 1080 2706 1440 510 973 880 1102 672 1198 2666 958 1285 2694 466 23 1922 1043 1497 1267 71 718 158 1545 77 2411 117 885 1205 2494 2790 2619 1422 1184 2355 6 2521 946 2672 1694 1570 1702 2171 2203 1610 1671 2529 372 1237 1752 475 828 1374 2043 1083 1940 1668 298 283 943 2602 638 2663 2828 275 2832 826 1290 2 2816 925 2433 788 1457 2643 796 1926 496 4 470 1456 586 750 1653 1537 934 650 1196 2501 1525 1603 265
2706 2271 57 1785 810 787 1086 1671 2632 690 2448 752 1726 1576 77 958 1702 1043 2608 761 1234 2468 1653 2666 335 457 1228 1612 129 2690 788 1080 1032 1797 1481 786 2520 880 386 2210 2694 1884 2351 2821 2378 1506 52 1141 113 324 71 1062 2740 510 828 508 499 464 2142 1631 758 2672 2467 1048 2643 885 2725 1205 2816 2823 8 2118 1277 501 363 2244 2422 2619 2521 2760 1503 2522 1605 236 638 2794 1706 2523 13 1922 586 1802 973 759 1440 1907 1465 2807 2562 1026
466 2271 1205 690 810 2706 1785 1884 2203 761 1198 1922 764 2619 23 1080 2351 973 2821 2494 672 958 787 1671 129 2118 980 2666 510 71 834 788 946 1062 828 324 2620 501 2008 1923 2361 1702 776 2521 163 1556 2058 2210 1015 230 2209 1610 309 2146 2474 275 2555 265 825 1714 897 1044 2355 117 1723 353 1605 2336 2690 2434 386 377 1503 2669 2467 98 786 1351 1374 2142 758 2608 998 1533 2426 1481 926 933 1726 1237 1277 1397 2602 1574 1402 2632 1727 2280 1368 2745
2271 958 810 787 690 2706 1237 71 1545 466 1080 2118 1884 764 2619 1630 1567 1610 2351 638 980 510 2411 1205 1456 1981 163 2246 2468 2008 2044 129 2203 1963 1922 1556 672 1671 1290 501 506 1882 1015 786 2832 973 1062 2821 1702 372 1215 386 984 2501 1518 788 471 2521 2448 1048 1284 301 1044 718 946 909 205 2094 2392 1360 2666 2596 1032 556 498 2168 1043 309 635 1198 2466 2014 1525 2789 167 77 719 1797 2494 1119 795 2481 1102 2823 2210 2632 856 2244 1083 1438
2706 1290 1518 690 1884 672 1237 2085 1922 2494 1080 2600 810 909 1368 2458 324 1923 973 2593 2210 1285 788 13 1671 2271 980 2118 2543 1567 1267 67 1981 787 2152 1402 2789 337 129 372 1718 1545 1794 487 2796 776 2660 2596 2459 942 2244 2583 984 2828 1949 1742 786 1982 506 386 796 2806 1625 852 1331 1813 946 117 1480 828 565 1706 710 1384 2262 2460 1681 1481 501 298 1062 1673 1614 2203 1705 1479 1040 492 1747 709 1026 1211 377 54 1015 33 52 542 1909 1320
2706 1290 1642 690 3 2686 1237 2209 386 1833 365 1518 1922 254 1267 1527 1040 2663 2 1567 810 2494 1443 1747 1198 2596 2271 1938 1992 2593 1080 2355 2474 648 2203 1671 466 2620 825 283 318 2085 605 863 787 764 2672 1440 1574 973 2262 1981 610 984 1940 1497 885 256 2583 1043 1525 339 1783 583 2694 1205 796 431 67 1184 230 2458 2510 2434 1119 812 2336 2796 1714 776 301 1247 23 2543 2392 581 1772 946 601 1086 1614 761 1989 2377 2146 1457 2490 510 2008 1882
761 1785 466 1080 2271 810 672 1205 834 1198 690 1922 2414 828 2203 309 764 2706 2494 1086 394 2663 796 2 1884 2008 1906 2159 1368 861 1443 2360 2434 2620 2176 23 1177 230 71 117 107 728 2450 377 946 1277 457 2641 1574 776 129 2146 788 2619 1671 2210 1237 55 973 2536 1714 2520 958 2209 1351 2355 1632 2351 1374 781 205 933 2244 2686 787 2828 1726 905 386 2602 1879 2426 812 1616 1685 926 1605 1290 2550 777 1028 778 2249 654 731 324 1518 339 2055 98
690 2706 1922 2271 1080 810 2203 787 1884 973 2494 764 510 2361 2666 672 980 2118 946 1198 2152 2146 2821 1671 117 466 2521 958 2008 1205 386 2593 909 2620 2210 1184 1605 776 275 1440 1267 1285 23 1953 2619 1397 71 719 1702 2448 2355 1882 796 265 353 13 1525 2828 1602 1570 828 98 1083 1471 1102 1488 2018 2690 953 2094 1351 2790 586 2832 933 2474 475 420 1545 1949 6 1738 1487 327 1015 788 2171 278 1616 2824 2602 1726 1402 786 650 2520 640 2353 781 372
2271 810 787 2821 2789 71 2666 2361 958 1048 690 2706 1671 510 2690 129 501 1080 2632 1922 786 638 1026 788 2619 764 1953 2611 1702 2244 2467 2832 506 1237 335 1487 1062 909 346 2521 2411 2118 643 1545 1500 1889 2203 1612 2505 2465 2094 1518 2164 167 2044 2398 1625 2501 2816 324 1884 1963 586 1471 1456 2146 402 2494 1605 363 980 466 1481 1923 2351 1726 1781 973 2311 2643 654 2620 1981 1022 672 52 2008 1882 471 309 719 508 1290 8 2790 953 1205 936 1530 2199
1062 129 324 2280 1671 501 2450 1481 2821 1923 52 2706 139 1932 828 690 466 2244 758 788 2311 1503 2142 2690 2164 672 1813 786 1785 2351 2578 2396 241 2173 1465 2794 1612 957 1022 2467 192 1435 1500 1736 49 61 389 245 2669 1884 2448 1912 1941 2091 2055 464 8 1506 1662 2742 113 1249 1024 525 456 2025 1032 1015 1933 2137 2342 1706 363 973 1237 1910 377 1282 141 408 2632 565 1781 1726 1638 2666 496 402 89 471 897 654 2429 1605 780 2271 207 1567 2608 840
1884 2118 1545 980 1922 2433 1080 1290 1237 1518 672 810 787 2706 2494 690 2543 2376 510 933 283 1320 958 2271 4 909 1610 1285 1752 71 1397 1989 2596 1718 1102 943 1316 1981 852 1860 1184 2660 2389 2620 2556 372 1368 420 1747 1940 1992 2411 2085 1496 2790 2608 1953 2600 1407 950 2828 2760 2392 117 2203 2357 231 1567 2532 1668 2686 506 2309 2609 1673 1833 2367 201 2044 1490 454 298 1453 2602 2501 916 386 2832 815 221 1938 626 2521 375 2011 1366 265 2755 1978 2796
1237 2271 810 958 1981 787 1290 1567 71 1518 638 2411 1614 2596 2392 394 1044 1331 1604 2832 1673 2619 129 1102 2821 2543 788 1301 984 2706 2789 786 758 1062 1545 2660 312 1119 2796 556 501 635 77 1671 2044 1456 2790 324 1702 897 1017 2501 1630 301 1963 2094 1407 690 2632 672 1481 243 1525 471 2085 2690 2666 2467 1284 1906 1933 2246 1879 1910 2171 1884 1048 2458 57 2468 530 2093 2616 980 2749 2049 2450 466 1438 2466 943 363 1032 1039 85 1909 1080 2357 1923 2816
810 787 2271 71 1981 638 67 1237 1989 1290 530 2532 958 925 2392 1102 1604 2049 2159 1518 2685 1567 1301 2411 2817 2790 394 1028 1673 2583 2176 2414 202 1445 627 211 2360 728 2596 722 1690 1545 2345 2315 1320 2501 1940 2 817 446 1906 2609 1407 2789 2832 2663 1192 1644 885 337 369 648 2665 1211 2093 1656 2146 2702 1043 2044 1369 1104 231 1614 2752 2234 1926 1935 2660 1950 55 943 610 1017 1058 457 1460 2037 1014 1943 2796 1331 984 2375 2736 1177 2550 197 2426 1630
1290 1518 394 2596 1368 1237 2055 2361 1906 731 129 141 2706 1879 1922 2392 690 324 401 1651 1567 788 2600 1510 1062 945 778 672 946 1614 1981 764 916 67 501 1770 2142 1989 1145 2469 2821 2244 2042 2311 1884 114 1500 1089 2682 2458 337 2450 2796 2085 786 380 2262 2747 1481 517 1241 1923 2459 466 1023 1742 278 1563 2280 283 2008 1785 984 9 2098 627 1599 49 1351 1628 2583 1367 1854 2686 2762 2146 1331 254 2722 2599 1026 579 1917 2074 560 2164 2118 1673 1671 871
810 2271 787 2118 386 1884 690 980 958 1440 1086 973 2666 2706 1080 510 71 880 1043 1285 1102 77 1694 1610 2171 638 885 1702 466 2521 23 298 158 6 718 2043 372 2619 1570 1198 1205 2554 2816 2529 2694 2643 1671 475 1015 2616 2663 2790 586 2672 2351 2346 650 1922 2 1456 2821 1785 1653 2203 1545 2584 1083 1032 2832 419 57 454 1738 1445 2355 2810 1926 1422 1284 594 925 1603 2739 1494 275 2494 2411 470 1503 1497 2128 759 234 438 1882 1397 943 130 750 1184
764 2008 1237 129 1518 1290 1981 501 719 2146 324 1567 1062 1481 2706 1671 1351 810 690 2271 2244 52 788 2209 2821 786 2361 2660 2796 1963 2142 1368 1493 2690 1884 812 914 2789 1614 776 1923 466 2494 958 2392 1500 672 1080 98 2824 2467 1922 934 2619 1331 1915 1289 1772 2210 615 394 2632 1702 471 2596 2203 2474 1048 1506 33 35 1205 283 247 787 2018 2357 1026 1545 2284 2081 984 353 71 1086 241 1438 1941 1032 758 1664 1215 1612 1465 2085 2536 1576 796 2311 909
2 1205 1198 2663 761 1443 764 828 1080 2686 466 1785 672 2008 2494 946 690 2706 796 2210 2146 2209 2203 1351 23 67 2159 973 1922 377 1086 776 889 781 810 2520 2360 1574 812 2434 2510 1368 394 1833 2414 1726 601 230 2620 431 1906 98 834 863 2355 1842 457 18 2691 1884 1616 275 926 1714 339 117 905 719 1559 2271 640 1772 353 564 292 2828 615 2536 861 2824 2583 933 70 1989 2572 1028 380 369 107 1357 777 2234 327 9 35 1177 2641 2602 2694 2284
2686 2 878 1290 2663 1518 601 788 1940 1443 2596 1747 67 2029 431 62 2217 501 1500 2146 2121 2583 786 1989 764 672 2415 1923 555 1699 292 2008 627 2433 324 129 1026 1833 2244 681 417 802 2789 2510 950 889 231 1642 1368 3 2796 1351 192 1435 245 1842 2451 2209 1062 812 1938 18 139 2669 363 2794 1820 2568 2207 1917 1915 1545 2280 2423 254 1001 2384 2690 367 427 2376 925 2767 302 2434 1772 2728 719 464 779 1237 1813 125 2467 2459 331 1574 2077 2458 1438
2706 1785 1237 690 810 1290 764 309 2118 958 787 1714 2271 1443 2055 761 1518 2663 2 230 205 1833 834 394 1938 2008 2146 2510 141 71 2686 1080 1567 926 2159 1989 1884 401 457 466 2392 897 2434 2620 1198 1205 2596 973 1044 1032 1277 1727 2360 2555 2608 2203 1224 294 2666 980 2694 2745 1023 861 510 889 777 386 2209 2522 1940 77 2523 431 2262 1879 953 47 2058 2747 1028 369 1119 236 752 1525 564 1610 825 2760 1906 719 1628 2414 1914 2796 1184 1981 1927 57
2706 2271 1785 57 787 1671 2448 2608 335 2351 2821 2666 1702 690 2632 810 1726 1032 2690 2760 2346 1889 2468 1797 2643 1228 506 953 958 510 2467 1364 2522 1086 77 2171 2816 1612 236 52 759 752 2554 475 419 2043 1481 129 786 788 2810 8 1506 2725 1602 501 1503 586 1234 1916 894 1043 2060 457 1048 758 1576 620 1653 1556 2591 2311 113 761 1907 1080 205 2404 2521 1631 609 2794 309 1251 2153 508 2056 2378 1953 241 2620 2182 1632 1141 1610 936 1605 2295 1500 654
2271 810 787 690 1922 2706 510 1080 71 958 764 2494 2789 1671 2203 2094 2146 2361 2821 2666 1198 205 1205 309 2118 909 2619 506 2521 1237 638 2008 2620 1702 1940 1953 466 973 1184 1726 1884 1267 672 980 167 1605 719 946 2152 2468 2593 1487 335 1471 786 1866 2608 1026 796 1078 117 1882 2414 1625 1488 1397 953 1602 2018 1530 276 1738 1518 1802 1290 1545 2176 2690 1083 722 804 815 2448 2284 2474 2522 2665 1797 508 1456 1044 2199 8 594 2244 2210 1048 788 2433 386
13 828 788 2821 1785 1086 2210 2520 2706 2690 2806 2666 386 672 377 1671 1923 2632 52 1506 2467 346 2663 2 1026 2669 67 786 278 129 810 501 1497 690 485 1440 1443 1141 640 1605 601 182 2152 2142 363 1558 1481 324 764 1503 113 2583 2311 2694 2378 1434 880 1062 2271 782 758 125 1884 1306 1559 2244 1912 323 2828 430 1018 1899 1957 1048 2146 295 2475 2214 372 2510 2816 1272 2121 2465 2505 627 2301 973 560 272 1420 654 1500 6 2008 962 831 1106 1813 331
788 2821 2142 1500 2690 1923 67 2669 52 324 2467 1481 1026 2311 2632 1506 786 113 129 1141 2583 501 2244 49 346 2280 2794 1785 192 2164 654 1503 1062 627 241 1781 525 758 245 449 278 828 61 2378 1048 1941 2137 125 1612 363 1989 1813 2398 1912 1957 331 2214 2025 2806 1420 2716 822 2686 272 108 464 2816 1465 995 2762 138 402 831 1022 1932 384 655 2611 2520 1027 936 1024 2465 2505 2475 2706 139 2017 33 628 2091 1899 2210 560 2 1563 1021 1368 1443 753
672 2706 828 690 1884 1922 2355 1671 973 946 2494 761 810 1198 1080 2210 377 466 2271 2828 2203 776 13 2593 2520 1267 1702 2602 353 98 796 2450 1374 1668 2118 980 23 654 477 640 2361 2691 2666 117 2152 2055 71 1481 67 1368 113 2690 2578 1605 2249 475 2821 1923 933 2619 1949 2474 2806 2620 141 897 386 265 781 958 1015 2467 2632 2351 129 752 324 2142 8 1205 1642 1443 2452 1062 52 2583 820 1963 1044 2686 625 1813 1612 788 461 1603 1038 2722 306 380
2271 810 958 787 1884 1237 672 980 2706 690 2118 71 2262 1290 973 1198 1102 1567 466 2210 1015 1080 828 2578 2203 2355 1205 897 386 13 2543 1374 2450 1668 377 1285 946 2828 2602 117 1436 1610 2520 2593 1518 984 1044 3 1032 933 1440 1642 1119 2600 1267 292 2342 1922 852 1272 1709 298 2790 301 850 2596 62 2750 2722 1614 2791 2303 638 2619 1981 2029 265 1673 1682 1718 943 1933 1545 1331 1321 640 1630 1407 1402 2085 2201 1570 1510 1525 648 425 2760 942 2608 1736
1785 787 2146 2271 764 810 2434 2008 2414 825 958 2426 2018 719 1574 2284 873 638 1915 1228 71 2159 457 2536 230 2360 1351 1028 394 1500 3 2176 2789 14 2209 2336 501 55 1690 1237 778 1177 728 779 2663 499 282 107 1062 2 254 129 1906 998 1985 1583 241 2550 141 1917 1507 449 1879 2604 1289 812 2824 1368 2794 2233 1642 1102 1772 35 1940 2555 2280 113 1290 1567 1714 2641 2510 1027 1981 362 2234 615 2055 310 1989 914 1842 367 47 1493 2254 2058 1093 382
1290 1237 1518 788 1981 129 810 501 2821 2789 2271 1923 1062 324 2244 786 1481 1567 1742 1545 52 337 1673 2706 2142 1026 2049 2690 787 1500 1614 2796 2660 1438 471 2596 2790 2632 984 2696 1909 1331 1813 2467 1102 241 363 2600 672 2458 2411 2832 530 1922 2085 2609 1917 367 1048 1884 372 1301 690 1368 487 243 1503 1893 1989 346 2164 710 1604 943 33 1407 2357 1080 2398 2543 54 1941 2806 628 108 2782 758 113 312 958 534 1671 1465 1662 1681 909 2065 2301 1022 776
2706 2271 810 690 386 1671 787 1080 2666 1882 1440 973 2210 958 1702 23 2821 2619 1884 1922 6 796 2494 466 1802 2203 2171 2355 2043 1198 2118 71 1086 2816 1102 2520 752 2468 2643 1426 1610 828 1570 946 2690 1083 718 1726 8 1603 2529 885 980 2152 788 1205 583 475 510 1953 1605 372 2694 1525 2448 1267 750 650 335 265 2521 672 334 1497 1015 1537 1043 1602 2620 2608 275 77 1923 2346 761 2790 13 143 1221 2832 377 2467 1723 1616 1487 586 346 1397 953 2593
2706 386 690 2271 1440 810 787 1080 1267 1833 973 2203 2666 1922 946 1198 2672 1443 2494 1884 466 863 2152 2686 796 1497 3 23 1642 2620 71 1605 958 2663 2355 2593 1205 1940 2 583 2118 339 1938 2209 117 718 1184 980 1671 1285 1290 885 1043 2572 1457 1570 1747 2043 318 761 1525 1664 764 1086 1989 2171 1426 309 953 1380 327 1527 254 77 2332 475 1015 1616 834 143 1882 510 650 588 1653 2608 1574 2510 1400 2262 889 1602 1603 2146 265 2529 2751 372 1702 283
67 2663 2 1989 1940 810 601 2583 627 2271 787 202 925 2532 885 372 718 324 386 431 2510 958 1056 2728 2719 1592 1986 2373 1922 1440 1833 369 1842 211 2388 722 1075 1767 1320 1810 2455 1606 501 2789 1721 2736 788 18 1518 1369 2121 1443 2008 447 2435 491 2649 2685 2207 1290 2569 2118 764 71 250 1935 129 2509 1192 1026 1938 1876 165 1001 1923 1463 1825 2294 2438 77 1992 362 508 1254 531 2159 234 368 2665 2766 1545 1543 1351 1962 1747 1012 2345 261 2146 2292
2706 690 2271 1086 810 1785 466 2694 787 386 1671 2620 1080 761 1237 1043 1922 2672 2666 57 583 1290 1440 335 457 953 1726 885 2203 2608 1602 973 1198 764 1457 510 2448 880 1882 958 1205 2760 2171 2522 1471 1702 309 934 1443 2686 1833 825 1032 2332 2209 77 2494 1229 2434 1497 2146 2749 1525 1267 1487 2751 230 71 834 1518 1605 2521 2739 23 752 1567 2210 1664 2355 2159 1953 1044 1400 158 1653 2152 205 2468 1426 2094 2361 2619 1364 236 1576 1877 812 2663 2008 1802
690 1884 1080 1922 466 2494 1198 2706 2203 810 761 2271 1205 672 764 973 23 834 828 2209 2118 2008 1443 946 2355 386 2 2620 117 958 980 2619 2434 309 377 1785 2210 2663 71 796 1559 205 926 1368 2450 1184 787 2146 1426 230 2520 2351 1351 1106 98 776 2828 2602 1267 2414 2686 1605 933 1086 615 1574 2536 1714 2176 2152 13 825 2055 812 339 640 1374 510 2474 2666 1397 897 1668 1479 275 254 3 2593 1015 781 1671 163 564 1833 298 141 2824 420 461 2426
129 501 113 1062 2821 1506 1237 2142 2632 1503 758 2690 52 1481 1290 2467 2311 786 1518 2244 1612 1923 788 1438 324 810 1024 241 1567 471 1435 2706 1981 363 2271 1141 1500 2611 1671 245 331 49 1248 402 389 383 625 2796 2164 1917 1048 2742 1039 367 2280 2232 2411 2137 655 2669 936 1706 1932 654 2794 1941 1852 2789 464 1026 1274 1813 354 2505 2465 1465 2398 643 139 2832 346 628 1282 525 430 2091 2634 2017 2365 2583 452 89 1018 1563 822 1127 1164 2531 1102 1781
2663 2 764 1198 1443 2008 946 67 1205 828 672 1785 2686 1080 761 2146 1351 2159 2494 2520 2209 2434 2210 601 466 377 2360 690 1574 1086 1922 796 2510 889 2203 2706 1368 23 2583 230 1833 431 812 18 1714 1842 776 2824 863 1989 640 781 926 615 2284 2414 767 719 1357 1884 1772 1915 339 834 973 933 2620 277 564 2426 2077 457 70 1726 2828 13 1028 2691 1559 2536 98 825 369 9 861 35 282 810 292 2234 1938 107 878 1450 2777 1289 303 2641 117 1914
1922 690 1080 2494 2118 1884 980 2706 510 1205 973 2203 466 1015 1610 2271 1397 1285 2666 1184 117 2152 298 2521 1702 1605 1198 946 2620 23 372 1570 2351 764 2593 275 420 958 1738 1616 1545 1671 1502 1267 810 2448 386 1032 167 1488 787 1602 2608 1456 1537 148 1963 796 2807 1556 1726 1603 98 6 1043 2043 594 2643 1953 425 2171 2751 1497 1426 163 750 1083 2008 327 498 2823 334 2554 776 2179 375 1086 1632 2508 2303 1026 1866 2816 880 2760 1882 1525 205 454 2691
672 1290 1368 2828 1642 283 788 1518 3 2789 776 828 2596 1545 1884 764 1989 98 1026 2459 324 254 786 2722 13 1102 1374 353 579 2821 1923 2520 2690 2361 1351 1917 377 492 2142 2008 2293 501 2686 2602 2663 125 1062 2593 2146 2411 2085 272 129 1668 1922 1813 2600 2790 2118 945 980 67 933 1963 826 946 1241 2467 950 1237 2 2210 2475 2209 1957 2443 690 477 367 719 1752 1770 318 2214 4 2458 812 831 897 731 1500 942 1335 384 1239 1443 1066 1420 245 2488
2663 129 788 958 1062 2 501 324 2392 1940 394 810 2271 1026 2142 1500 67 601 2510 2789 787 1237 786 890 1290 1906 2146 2121 2244 2583 2093 764 1543 1040 2596 365 2280 1794 1368 610 1923 1001 367 638 1986 2008 1879 1932 1481 125 2736 2411 62 878 18 431 2426 1981 1842 1989 2794 241 2191 363 202 71 2434 1211 113 627 1438 1102 1407 3 2742 1915 1518 2543 245 1119 2796 1545 2609 1912 2029 449 2686 1935 1917 70 1614 471 1783 779 292 1873 825 912 1820 1028
1290 1237 1518 2271 810 2596 958 787 672 1981 788 394 1567 2821 129 2392 71 828 2619 638 786 1614 2602 1062 2085 1102 731 2747 1331 2543 758 1374 1668 501 1249 1923 2055 2600 1673 466 1785 2832 984 2411 283 1086 1879 2706 324 2806 2262 2632 52 2690 2458 2093 386 1440 839 1017 2828 2467 2210 1604 377 2311 1906 1119 690 2098 1080 942 1481 363 2796 141 292 2142 2244 13 77 1506 49 471 2232 2578 2722 1048 1044 2660 933 2137 1039 2203 312 510 2398 1503 2789 113
690 2706 1884 1922 973 2118 980 1080 672 1610 1015 1205 466 2494 1198 2666 1570 117 2620 1285 2203 828 1537 298 510 946 275 23 2152 2271 475 372 2828 1671 1605 1184 1397 265 386 1603 2210 2593 425 2520 586 420 13 1267 1426 6 1456 1556 1916 1086 2355 2014 2351 2521 2346 377 1559 375 776 2303 650 1668 1106 1374 1702 880 1723 2602 1440 933 498 796 98 2608 1726 1616 163 629 2448 2171 306 1785 764 1882 810 787 2043 1400 2663 750 2768 1083 1357 353 1525 2
2271 810 1237 2632 788 787 2821 2706 958 129 113 1671 1506 2411 2690 1923 828 786 1062 1785 2311 2619 934 1048 501 2467 1567 758 1481 1026 2816 2669 1981 1141 52 1612 1545 1024 1576 1500 377 402 346 2210 2137 2794 2378 324 1290 672 654 1963 2806 2164 471 2832 2244 690 1503 2171 71 625 241 1932 2520 752 2578 412 2142 1889 936 2361 464 466 331 8 49 1438 2232 1706 1781 363 1086 1102 628 2398 2505 2465 57 1435 1702 2351 1043 638 1282 586 1910 2602 312 192
1940 67 788 2663 925 2 2583 601 2543 1986 2719 2736 501 786 787 363 1282 2258 2244 324 2825 129 810 1028 627 2393 108 2135 2159 372 1923 885 1606 1662 1237 165 2271 2207 2433 948 1833 1981 202 1056 764 1747 1086 1718 2142 1368 125 362 1443 958 1212 1026 1062 1690 648 1159 97 1001 2121 447 1810 57 2766 1912 852 2794 2728 2360 1935 1639 1706 2842 1407 137 2584 2438 1841 880 431 2292 1012 2034 2660 1075 1825 471 1842 2686 1126 2319 2008 1369 1655 1211 1130 899
1922 1080 690 2706 2494 1884 1205 1940 2118 1086 510 57 1198 764 788 2210 2620 2608 2271 2244 880 67 980 672 786 466 1726 1234 129 787 2159 372 2008 501 2521 958 2203 324 2663 925 2694 309 1923 1184 2520 810 2686 2672 973 2433 2522 804 1802 2821 1443 13 1062 1397 1610 23 1747 2360 77 2 2146 329 1668 1833 2448 363 275 265 1481 1986 457 828 1043 298 506 205 117 933 2258 2135 2602 148 1028 885 1882 1690 1426 1497 398 236 2690 1064 2842 1545 2813 1254
787 810 2271 2706 958 1440 1080 690 71 386 1443 1833 1940 2118 2686 2666 638 309 1938 1198 1922 1884 466 973 2494 2663 510 1205 2 265 834 946 2203 23 764 2620 718 1882 117 2146 889 275 205 1277 1785 761 1184 863 796 980 1525 953 1747 1290 339 2510 1989 1702 1726 457 905 2672 2521 2608 2572 2529 601 2360 2414 1400 2159 1630 1471 1285 230 431 1518 719 2008 2619 2018 1986 2496 2532 327 1267 1426 372 167 885 77 1043 2152 1237 1603 454 1206 926 2058 2555
2706 690 1080 1443 1198 1833 2 2686 2203 1922 2672 973 2663 23 386 466 1290 3 309 1642 2355 2620 2209 1205 1440 117 2666 1616 810 1938 1518 2271 885 1525 1267 1043 510 787 265 339 946 863 2118 2593 1184 1527 318 2510 1747 1086 1940 431 2608 2494 1992 1605 1884 1015 1237 372 601 796 2760 2152 1426 648 2332 1989 2722 889 71 2694 731 254 205 1457 1570 761 834 2056 1610 236 2115 77 1726 1397 1602 2522 980 1664 2572 2532 158 564 1032 1545 1497 1510 230 764
1237 1981 1567 471 1518 1438 984 1290 2789 2660 2796 786 1614 1909 129 810 1673 2244 501 1331 2690 2543 363 2093 1481 1604 2467 1301 506 2357 1545 52 2392 402 2821 324 394 2596 1062 530 565 1978 2271 1923 1662 2142 446 108 2049 2433 815 1613 301 1119 337 787 2065 2164 1022 2085 2632 2794 2696 2609 1941 1465 1742 654 33 71 788 2458 2376 1500 2398 936 1503 1039 1368 367 1211 672 758 1917 2832 2450 2411 2091 1026 2600 1048 628 2094 2442 231 804 1040 2301 631 2429
2271 2706 690 810 1884 466 787 958 1080 973 1922 2118 1198 1205 2666 672 980 2450 2203 71 2448 1044 2351 1671 2620 309 834 946 764 828 2355 1702 2608 1015 897 1736 2342 1726 2210 23 1556 506 2749 1933 2619 1374 2522 638 1610 1237 2508 129 1277 117 2578 776 761 2602 1605 372 2828 386 2414 2821 1440 275 2520 13 2494 1471 1668 205 812 850 2760 2008 335 856 377 501 1032 2055 1882 953 1889 498 265 2146 2361 933 1351 1891 1062 861 2434 825 2056 353 2593 163
2271 810 1884 787 386 690 958 2118 2706 1440 71 1080 980 1086 973 466 2666 1610 1205 638 2672 880 718 1043 1922 23 1285 372 158 1198 1702 2554 672 2694 2619 2529 1671 2355 510 885 419 2494 2351 796 1015 2510 2663 57 2210 2 1785 77 2643 1556 946 2821 117 1102 298 454 1083 2203 425 2171 650 1940 1426 475 1570 163 788 1714 2521 828 1267 1456 1497 498 2043 205 586 6 1545 1184 275 1374 1373 234 375 1032 167 2014 1632 1882 2153 786 1653 2620 1776 67
1368 2280 1989 2789 394 1917 129 1518 141 2244 1481 1062 2663 1145 324 1290 367 2055 2596 1879 2142 501 2690 2 2686 245 786 52 1237 2821 998 1906 2682 1500 788 369 401 449 2392 2164 1651 764 2794 2293 402 758 2361 1503 139 363 2029 731 2459 2716 1443 945 2467 2042 672 916 1022 1614 2258 33 1367 2137 1550 984 654 2747 2311 1923 1781 192 1089 2796 2173 49 1583 113 1567 2722 778 1599 62 9 1510 1813 1977 1239 1465 292 890 1957 1935 2669 1420 1026 67 1241
2280 1237 764 761 1785 129 1567 1500 501 2414 2794 2008 394 1062 1481 324 2042 2244 2796 1981 916 2293 2392 2821 2091 1651 1614 449 245 1518 2164 301 1612 778 2173 1368 1922 654 672 2146 499 758 2669 1879 861 2351 2682 55 728 107 139 828 205 1021 2641 1917 2690 2360 2311 466 1533 2142 1906 1940 1503 2093 2159 2055 1022 2137 49 2632 431 984 362 719 812 1177 2258 2742 239 113 2209 1963 525 1941 517 2176 367 2467 1290 2789 2434 61 1205 998 141 1989 2361 2842
2 2663 2686 672 601 67 2209 1443 1989 2669 764 431 788 192 2280 3 292 2510 2794 828 1351 2029 2583 254 2146 1923 18 1642 1368 2008 1435 1842 615 878 1574 1026 1500 1915 1940 2824 2828 1282 61 1503 889 1563 1506 2142 1022 2451 113 731 324 1747 9 1772 2244 2025 812 779 501 654 2384 2434 1599 1917 35 2459 62 14 129 318 2077 377 1438 367 2426 1248 2632 245 464 139 471 2806 2789 302 401 394 2311 1770 241 2796 914 1062 786 2074 719 2690 1290 825
1237 1290 1518 1981 1567 2660 2543 2706 2796 2789 786 2085 852 1923 2244 788 1884 501 984 129 2596 324 1545 1673 672 1331 1080 1718 1368 810 2458 2600 363 2392 1614 471 2271 787 690 2357 1062 1706 2118 980 1438 1922 1481 1211 1662 52 2262 372 2210 1978 1022 464 925 958 534 1604 1119 2690 942 2429 1909 2609 1813 2093 1301 108 2806 2142 2008 2301 1205 506 337 13 1465 2250 631 1655 557 764 1026 33 2821 2494 1285 966 909 1917 1017 2459 2027 2199 2467 607 780 446
810 2271 787 2706 958 1785 71 1237 690 466 1290 309 2666 761 1086 1080 57 1567 394 834 457 386 77 2608 638 1044 1518 2522 2694 1702 1198 1443 2619 2203 861 1205 2760 1981 1833 1043 2672 973 856 1440 752 510 2823 419 953 2448 205 2056 1083 294 23 2620 1726 1032 1671 885 2392 335 236 1602 2434 1605 2554 2686 2596 2171 764 1938 1277 1632 230 1471 2118 1487 1906 1879 158 2555 2055 2153 905 333 45 583 897 2643 2521 1882 2 1884 2058 880 946 2152 2355 2159
2 2663 601 810 2055 2271 2706 1599 1443 2510 1628 2118 731 431 1102 401 1833 1884 788 380 787 1320 1545 1989 2790 71 2411 980 141 2632 18 889 2543 1842 1938 2686 1510 2469 2262 943 1023 477 386 2074 1285 1610 823 2077 2747 1440 372 1435 1316 1086 2433 1407 4 67 2777 2098 826 1860 1747 369 958 2556 2126 2217 2532 129 2137 638 62 461 70 1047 464 394 324 690 2311 1922 2722 625 531 1872 2272 1145 298 1923 508 201 2355 950 113 2373 1237 672 2029 1282
1290 2706 1518 1237 810 2271 787 690 1080 1884 1922 1981 1545 1567 2596 372 958 1718 852 2085 1102 980 1673 1331 1407 1614 386 2660 2494 283 2262 2411 71 2543 2118 984 943 796 2790 2600 2796 2458 1368 2392 1440 973 1285 1267 2832 454 557 1017 1119 2303 556 718 942 506 1301 786 1610 2210 1320 638 1882 221 1909 234 1630 1752 1366 1384 909 631 1479 312 1205 1215 2593 672 1316 1043 324 2696 2044 2619 2203 2789 921 2817 2064 2357 1604 635 117 1794 1923 2501 1978 2372
129 1062 788 501 764 324 1923 1785 2008 786 2794 2244 672 1481 1932 2280 2821 828 2146 499 758 1022 1237 2142 241 192 52 2690 2669 2632 1813 2 2663 2311 810 1290 125 2426 1368 1465 2467 1503 1435 1884 113 377 2271 464 230 2137 2578 761 1533 363 1282 2042 1963 1351 2806 1086 1614 2378 1518 2091 1706 2164 2543 2434 654 719 394 1711 778 2093 2295 61 2284 2510 278 49 2682 466 916 2018 825 2210 958 1374 2413 1026 309 2602 926 496 2336 2536 2666 2293 2505 2465
2271 787 810 690 2706 386 1080 1440 2118 958 1922 71 2666 1884 2494 466 2203 1833 2686 1443 1198 946 2620 510 117 973 980 265 1940 1882 309 2152 23 863 205 1205 1184 718 1267 1785 2663 761 1938 1525 2529 796 2 339 1285 1702 764 2171 2521 638 2043 953 889 275 834 1397 1497 905 583 2572 372 672 2751 327 1086 1471 1603 1726 2619 1747 1605 1570 2146 1641 650 1400 77 498 1646 2210 1671 143 1602 420 1426 2672 1445 1290 1642 457 2014 2448 1574 1616 2159 885
501 788 129 2632 2821 1923 1062 113 324 1612 786 1506 2690 2142 2244 52 1290 2311 1086 1518 2794 13 1481 125 1503 2467 672 2806 758 363 1026 810 1048 49 822 2669 1282 2137 782 1024 1655 1706 1912 464 1813 331 2164 346 295 828 402 1500 2210 2706 1662 2232 1545 1018 1465 1932 383 2398 2796 2520 1563 2611 764 389 455 456 2378 2280 61 241 2271 1039 2301 936 654 2433 1141 278 408 625 386 1752 787 138 1281 2583 2465 2505 1543 283 1237 1335 1022 452 1981 2828
2271 2706 810 787 690 386 958 1440 71 1080 2666 761 1884 2494 466 2203 2619 1671 2118 946 1086 1922 718 1443 1267 583 2686 973 1833 1290 1198 77 2672 1043 2620 23 309 2043 2694 980 1237 1882 2171 1785 1525 1497 2529 885 638 1664 275 1205 510 1938 1487 953 2210 1184 796 834 764 672 339 2468 2823 205 863 1605 143 117 1044 1602 2448 335 1518 1653 1702 1630 158 2355 2521 2332 475 880 1445 1426 889 1471 1272 2749 2392 1940 650 1285 2520 57 1603 457 752 2572
1237 1981 1567 2271 1673 2789 810 1290 787 1614 1884 2118 1518 2660 980 501 984 71 1331 1545 129 786 1604 2821 788 958 506 2357 301 2609 1080 1923 1922 337 2027 690 471 324 1610 672 2543 2244 2696 1481 1062 2608 1438 852 1978 565 2706 1032 2164 52 2632 1022 2760 1500 1026 2411 2049 2790 2392 2796 638 1301 363 33 2458 1456 1503 2085 2093 530 446 1662 2690 1102 1718 2044 2611 2467 1211 2091 1368 1465 2103 1917 1407 2600 2142 1742 2372 534 1048 1889 943 2398 1119 2832
787 2271 810 386 958 1440 1267 71 1290 1833 2706 3 1642 690 1237 2392 2596 1518 1938 2686 2262 1747 1922 1320 1497 1940 638 946 2494 1527 2593 718 1443 863 2209 283 1080 2619 2085 1884 1119 648 796 2118 1574 1567 2355 1368 318 1445 1986 980 339 254 1989 1545 2529 2666 301 143 1630 1981 2755 1184 365 747 942 984 2543 2600 1671 2 1646 1614 1978 1285 605 2663 764 1752 1040 1373 2203 1102 834 1331 1044 1247 973 812 731 258 2536 583 117 2532 1351 1673 897 2458
1290 1518 1237 1368 1940 648 67 1545 1320 2543 71 810 1351 1981 1986 1133 2392 1497 248 1040 1527 885 2583 2209 1102 1567 2085 1992 365 2501 787 2146 764 283 2262 1989 2008 943 2596 1752 1211 610 2459 605 1718 1642 1627 1407 958 2790 2411 3 1267 852 202 2609 1794 2755 1043 718 2271 2665 1673 1206 2824 719 2724 950 1126 946 1017 2121 615 925 1656 722 709 2660 258 1962 1614 2817 1915 221 2663 1783 1331 627 2736 492 749 1926 2532 2044 254 812 1747 638 817 2
394 1237 1290 2392 1981 1518 1879 1567 1906 810 2796 2596 1785 2093 787 2271 1604 1614 2049 1268 499 530 1301 536 1331 129 1102 501 958 1062 2159 2609 1909 2357 1028 638 2295 2660 1119 2434 1673 2008 2146 1699 2029 2638 878 2543 1932 2360 2055 764 1989 401 2682 2615 1690 2121 1145 71 457 24 1368 1588 2458 426 1383 141 2411 680 998 1132 243 2413 1651 2789 2673 2451 2140 2090 825 2042 984 2756 1583 1228 1058 446 555 517 1448 2663 2 1533 925 2384 778 213 367 1842
764 690 2146 2008 1671 2706 788 2821 719 324 129 1062 1086 2690 501 2244 2378 1923 828 1026 672 278 2203 1915 880 1500 466 2209 2018 973 1481 1702 2467 1083 1027 2816 1506 1351 2475 1420 2632 1957 2214 2762 1205 560 786 995 2361 510 2599 272 2468 13 1912 1289 2271 1576 2669 810 1080 1785 1267 1525 1048 776 831 2152 2284 758 1198 52 57 2694 2311 586 346 1612 1813 825 8 1820 2494 384 2210 2448 2593 247 2806 125 1066 377 2824 2434 1932 1711 2355 812 2474 2828
501 129 2164 786 2821 2632 1662 1612 1062 2244 1022 788 2794 1500 2398 2091 1923 1481 1237 2467 471 49 324 1981 1048 1438 363 2142 2311 2690 758 402 52 1941 241 113 654 525 1282 753 1465 936 1567 108 139 33 1024 1503 2429 2789 628 2280 643 245 467 2611 1026 346 239 1932 1781 408 1813 389 1506 452 2232 2407 2137 534 1884 2465 2505 2742 1039 2301 383 840 1787 506 2351 984 1395 780 2059 2118 484 2660 822 138 2396 1917 495 2634 354 1220 131 2669 1435 2285
2706 1785 2351 810 2271 786 2821 787 788 1922 690 57 2632 1080 2663 1141 1940 1702 501 363 278 2118 2608 2 1884 129 510 2690 2669 654 958 1086 1726 2521 309 2794 77 1506 508 1576 2448 2311 466 324 1048 936 980 885 2666 2467 2378 713 1605 1923 386 2505 2465 192 1056 601 1443 560 1205 1671 471 346 1438 1397 457 372 638 2760 2522 2244 625 2468 163 113 506 335 1612 1062 1833 1021 2176 71 2643 1032 384 1797 138 1500 1026 728 1022 1503 1420 55 2494 758
394 2796 2392 1290 1237 2596 1518 1906 1879 810 2093 2244 501 1981 786 129 1567 958 363 1368 367 324 2055 113 1062 401 787 536 2029 2008 788 731 1119 638 2789 764 141 292 1438 1481 2271 1301 2142 2384 984 2357 2543 1268 1614 471 2191 2609 1435 530 62 1500 1510 2458 2451 1673 2660 1909 2280 2090 1699 1563 1026 2459 1331 555 2469 2146 1023 1505 1978 878 890 71 427 2098 2429 1543 302 912 1662 1628 2042 2049 2822 52 1604 2600 2742 2301 2140 1562 2747 681 2426 1002
1237 1785 129 501 1981 2794 1062 1567 2821 788 2159 394 786 1481 2244 2360 1290 52 2142 192 2311 457 1028 2414 241 2 113 1022 1435 1604 1690 324 1438 471 2663 1518 2093 764 2164 1500 2467 2234 2796 2280 2049 499 1465 2690 810 1503 1932 2392 363 49 1614 309 625 139 2669 530 107 2789 2091 1026 758 2146 239 2176 1248 1781 67 2271 958 1879 1906 2008 108 2604 61 1141 1282 2609 1228 446 2550 1177 2398 1909 787 245 2505 2465 1842 2434 1040 654 1506 2583 2543 2596
2271 810 764 2706 1671 1702 2008 2666 787 719 2146 690 466 2832 71 2501 2816 312 2171 510 586 1083 57 1205 2361 2094 2018 2521 2790 386 2203 2118 1102 958 2043 1963 8 2411 2643 2044 1080 2554 1487 1922 1090 973 953 1471 6 2608 2351 2619 2284 1456 2448 1043 419 2153 894 2278 1926 638 2807 752 2494 1953 1488 167 2821 1351 335 1738 2522 1694 980 1882 1625 1891 635 1440 1884 1632 556 620 943 1198 1032 2789 1536 2468 506 443 946 1889 1545 294 1277 1610 2740 1078
2686 764 67 1290 2008 2146 3 2121 2583 1642 1747 1443 878 812 601 254 2209 1518 1940 2 2663 431 627 1772 719 2690 1001 1794 672 1917 1785 2596 2217 1086 1237 2415 1915 2434 1958 1123 889 2510 1351 2029 950 2796 1500 1909 1289 2284 2467 804 192 1595 2789 2694 283 231 292 2376 303 1706 828 450 1026 1574 1040 2433 2350 655 247 1438 1141 1989 788 2364 802 555 2767 1699 1493 2669 329 1965 1434 471 1810 367 2568 2361 1545 1506 786 2018 2077 1923 934 1783 2207 2458
2271 810 787 2706 958 690 1884 672 2118 980 1080 973 71 2450 466 2355 1198 2666 117 386 13 828 1440 1205 1922 2828 946 1374 2210 265 1267 2262 2602 897 129 1671 2593 2203 2619 2520 1062 377 933 1668 1086 3 1015 1642 1456 638 1736 764 1923 501 1044 1290 640 309 324 372 2055 1272 2342 2578 850 1910 1610 1032 1237 1933 1882 1436 141 834 1102 323 984 23 2494 510 1285 2361 2529 2336 731 1963 788 1570 2620 2152 2750 1249 275 506 718 796 586 2691 1605 306
1443 2663 2 1833 1940 601 2686 2510 67 2543 431 810 1986 2271 958 878 1938 292 889 71 787 1497 2029 62 1962 2392 1747 1086 2262 885 302 946 386 18 1714 2451 788 1320 2672 2583 1119 2736 1989 339 1559 1237 1718 852 362 1842 638 2694 926 1786 1785 1130 70 718 1440 925 2384 767 2293 230 2258 1075 417 1043 1106 165 531 2673 672 2755 77 2077 2121 1357 555 731 2818 1935 1206 2719 681 277 1334 790 1841 627 1884 2135 508 713 2777 78 2728 1126 564 880
1922 690 1080 1884 2118 2494 466 2706 980 510 973 2666 2271 2203 1205 2152 117 810 1702 2521 1015 1671 386 1397 1610 946 1184 1198 23 764 787 1285 1043 2620 1605 2171 2043 2351 2816 298 1086 2643 275 1488 6 2448 1497 1616 420 1083 1570 372 425 2554 880 1537 1032 586 2593 1456 1963 1738 1267 1556 1953 1602 958 1632 1502 1603 2751 1726 163 2008 1545 776 327 2508 2474 1440 498 796 1426 71 98 2278 650 419 1471 167 594 148 2153 788 375 2810 885 2832 750 335
1884 67 1923 2142 788 2706 810 2271 672 1080 1922 113 324 828 129 2244 1481 654 1062 2583 2821 786 2118 241 2794 973 690 2690 2210 1813 946 1671 2494 52 2280 1368 2632 377 776 2467 372 1989 1026 2806 1435 501 980 471 998 758 1022 1438 1500 2164 2091 2669 2520 2686 466 1198 2311 625 2828 13 787 125 363 936 1662 386 1612 2666 1770 1015 1503 9 1506 353 2398 1354 1048 2682 346 945 1032 534 958 1610 192 761 245 1465 1443 1977 1781 292 114 1579 1285 2429
764 2209 2146 2008 812 2686 1290 672 2293 1351 3 1237 1574 1785 1518 1368 719 1642 779 2018 1989 825 1922 2434 2 2284 2663 2426 67 254 1614 1940 2596 35 14 1443 1772 431 2828 2536 914 828 318 2824 2789 946 2510 2336 1915 1747 1493 690 1884 2796 1917 501 1985 2118 282 2361 615 776 788 1820 9 2214 13 1567 761 1198 1783 2378 2093 2414 272 1957 2262 889 2475 1331 2280 1205 1203 2210 1923 2459 2392 2433 98 129 2085 980 394 2159 1981 1066 2199 2583 2821 324
2663 2 1989 2686 2510 2789 431 2821 367 324 2077 2280 2055 1747 1917 2142 2690 1443 129 67 890 1026 601 1842 2467 1938 501 141 767 18 1500 2777 672 1062 245 786 139 2772 2583 52 1922 401 1481 2244 402 2532 461 2818 363 1833 369 2311 788 2794 277 1503 192 731 1438 889 1022 2361 2669 951 998 1145 2164 1435 1628 758 1923 471 241 1125 9 525 508 2632 49 2478 211 1368 70 534 1102 1813 1932 380 346 278 2469 778 1599 2237 477 1753 936 1543 1612 449
394 1237 764 1518 2 2682 1651 2663 1989 1290 778 2686 1906 998 67 1785 2434 2392 1879 1567 1977 1981 945 2008 2583 2796 2042 2029 1578 2510 382 1368 2146 1443 601 1614 916 648 431 2209 1583 2794 369 1842 2660 2536 1040 825 9 18 2093 192 292 1179 2451 1854 2280 2596 812 2384 2413 627 2458 245 457 1481 2018 2295 499 517 1914 878 52 139 2792 1435 1574 719 2532 1833 2414 639 2284 2777 1351 62 1604 2745 2077 1331 2311 2491 1938 1527 2690 1268 2426 1769 129 2543
2271 2706 1086 828 2210 810 2520 672 386 13 958 2690 787 1671 690 377 1026 2821 788 2694 1440 1884 2467 2632 129 2142 973 464 1923 1503 1481 2666 2619 2355 1785 640 880 1706 1062 1912 2828 77 501 2311 1922 324 1500 241 125 1043 2244 1374 1272 1141 786 1021 52 1080 2602 2669 113 1048 758 1102 1576 654 372 1205 2578 1612 2832 1198 1668 1653 764 2806 1882 1281 2118 346 1949 475 625 2032 1813 2137 2794 57 402 2593 1497 2062 782 2203 1605 1570 1932 718 2672 323
2706 2271 810 1290 1922 787 1884 2494 1080 1518 372 1237 690 958 386 1285 2596 984 672 980 973 1545 71 2118 1567 2085 2796 1440 425 1320 2244 1479 557 2210 129 718 2411 2262 298 1272 638 324 2789 2600 1366 501 1982 1480 796 13 912 1981 786 2282 1610 1923 2619 1062 1747 243 2543 2303 942 1978 631 2529 2828 1102 2620 1989 1407 1119 2217 788 1284 1456 1267 852 2790 2532 1215 2460 1301 1718 2373 2376 2458 1481 143 2832 1909 534 2433 950 1184 1017 1374 2602 283 1752
1237 2271 810 1567 1981 690 2706 958 71 1671 787 129 466 2619 501 2351 1062 506 2118 2468 2821 471 510 2448 786 1545 2094 1884 1080 1963 2632 1032 1610 788 163 1702 980 1500 2411 301 764 1205 1438 1048 2246 1556 2244 1481 1456 984 324 638 2562 1923 1726 309 565 8 1797 2789 1290 758 1889 2608 2832 1630 1044 2522 2760 2690 2442 363 1802 2044 1612 1632 1083 2168 654 1215 2203 52 2521 957 2660 1518 2357 2392 1922 1662 205 856 1024 861 2816 1781 2720 2467 1882 2823
2706 690 1671 1086 2271 810 466 57 880 1080 2666 1785 764 2468 2448 2522 1702 973 1043 1922 2351 2608 787 1083 386 1884 2694 2816 1576 1726 1605 1497 1267 1802 8 885 77 2760 2203 560 2619 1420 2378 510 158 2355 506 470 1205 1537 2008 23 1426 2821 586 1653 1882 2146 1457 958 1032 384 2494 2152 1198 2127 1953 2171 1797 2740 2293 1602 953 236 2043 2118 2643 2521 1397 2749 1632 2094 856 713 1556 1957 1610 2056 1891 309 1078 2690 45 324 1206 6 129 1889 2475 905
1290 1518 1237 2706 2085 2543 2596 1718 1884 2600 2118 852 1285 980 2262 2376 2433 1922 1673 2660 2494 690 672 2593 372 231 1567 2789 1989 2458 942 1368 1545 1614 1211 1331 973 487 2271 2696 1981 337 1681 2392 1080 810 787 984 1642 946 958 3 1316 1017 1102 1119 386 764 1978 788 2796 1636 2817 2459 1705 1747 943 1320 2790 1742 1794 2008 1965 1407 2609 2034 2146 1992 1366 921 492 2556 1496 2411 1923 283 2282 966 324 1015 298 648 1040 1456 925 776 117 1656 1384 1604
690 2706 764 1080 2666 1922 1884 2146 2008 2118 2494 1198 810 946 386 980 117 2203 466 787 2271 973 719 2152 510 2593 1440 1205 23 1702 265 1915 1882 1671 796 1351 2018 2171 2209 1184 1605 1267 953 2824 1083 2620 672 1570 2284 2043 2355 1397 1015 2521 1525 1471 327 812 1086 309 2361 909 958 1497 2448 1642 275 2336 475 776 1102 1940 205 1610 3 650 1285 1426 2474 6 254 1488 825 1537 71 1602 1603 2293 1066 2643 1456 247 615 2608 1043 278 1953 2816 1545 1726
2 764 2663 129 672 1290 788 501 1518 1062 324 1237 466 67 1922 2008 828 2821 1198 394 1940 2118 1503 1923 2632 2669 1989 690 1884 1205 2794 758 2690 601 2280 2146 2392 2706 1080 1726 2510 1785 2244 1481 2448 2596 113 431 1981 1022 1813 2608 2142 52 1702 2311 627 362 2091 2434 2164 1040 980 1567 719 2583 778 2467 2494 2209 2210 916 278 1614 1612 1500 1842 1506 1906 49 2828 776 1282 18 1351 825 525 1932 786 1963 2520 2378 654 1879 2521 510 369 192 165 2137
764 1237 2008 1290 1785 2146 2209 1518 394 719 2434 3 1567 812 2596 1981 1642 1351 1368 1772 1879 2686 2796 254 1574 1915 2392 825 1493 1086 2284 914 672 1289 2536 2018 1595 1906 303 779 1651 2789 2361 2093 35 2583 828 615 1497 14 2459 477 247 450 2824 2293 67 318 1917 1040 934 1604 2458 998 1583 283 1026 1121 1576 1434 1997 723 1500 1443 2682 129 945 457 880 1247 2585 1062 516 731 1940 365 2029 810 1481 1958 1506 377 1228 2414 367 1985 2632 1820 1438 1119
2663 2 601 2686 67 1443 2510 767 810 431 2271 1833 1989 1747 1290 787 958 62 889 731 2596 2583 1794 2217 2029 878 2796 292 2008 1368 638 1518 302 277 627 1938 1940 764 71 2074 1320 380 950 2262 1642 1783 1599 417 2451 361 2146 1237 1557 2392 2244 2722 2121 1699 555 1119 9 886 2384 2459 70 2685 2469 2532 2077 718 3 365 394 2665 2415 1769 1256 78 492 2818 722 1628 2543 681 508 2055 114 1906 912 254 544 324 2600 802 386 202 18 129 2085 1351
810 2271 787 958 1290 1518 67 71 2 2663 2596 386 394 1940 925 638 1673 2392 1989 431 1237 2510 2532 1981 1102 1986 2159 627 2146 1545 1614 1028 1206 2796 718 1690 2832 2008 722 601 2790 1906 2360 1497 1543 2665 1440 1369 1119 1241 1567 1628 1879 372 1331 1747 1922 312 2411 1301 2583 324 283 211 1833 2433 764 943 401 1211 916 719 2414 278 1445 2262 2176 530 731 1938 337 369 2789 1653 2649 202 1192 114 2426 788 1058 2234 885 2501 1368 2093 2085 2140 984 2599
787 810 2271 386 958 71 1440 1267 718 2706 1833 638 1290 1940 2686 690 1747 2619 1938 1445 2262 2392 1986 2596 1518 1642 796 1443 863 1119 3 1527 1237 2529 2494 1080 1884 946 1320 1630 2118 339 1922 143 2085 1497 2593 2246 1646 2543 1368 980 2755 301 648 1479 1285 583 283 1989 1978 1545 309 258 747 984 2209 834 365 1040 1198 2532 1044 1184 942 2666 2600 889 2355 318 2203 973 605 1567 117 205 2 2460 2663 211 557 2258 254 764 1043 1380 1981 372 1294 1752
690 1884 2706 973 1922 2118 980 1205 1080 672 1610 298 1570 372 1015 510 275 2152 2210 2520 466 828 1285 117 2666 2828 2203 1397 1198 2494 13 1537 1184 265 420 475 1603 776 2620 1605 23 98 2521 1912 6 1671 353 377 2768 640 764 278 750 1916 2378 946 2593 2791 933 2346 2271 386 2762 2303 334 2502 629 2599 1738 586 148 1488 1456 1659 2115 962 650 425 1616 1702 454 2014 2351 2602 2171 1723 1272 1402 327 1556 788 2690 2608 498 1726 1706 2821 285 1785 2043
2271 466 810 690 1884 672 1922 1080 958 828 2203 2706 2619 761 1198 1205 2351 377 1785 71 764 2450 23 787 2494 973 946 2118 2210 834 1368 980 2666 129 1605 1374 2828 2055 394 309 897 1906 141 933 2355 2520 654 2008 2602 1015 2152 2578 1044 1062 1671 2620 731 324 2209 117 788 2 1702 2663 163 1032 2448 401 1435 640 2722 13 1267 1249 2146 2434 2536 2747 1086 926 2452 1726 1668 625 1556 776 2608 1610 386 1879 2682 461 2280 2342 98 1599 998 1145 306 1651
1237 764 2008 2796 2146 1567 394 1290 1518 1981 2434 2284 1604 2583 719 2686 1940 2093 984 2789 2018 2392 2596 1906 1785 67 1879 431 1119 2414 2244 1040 129 1543 2360 1301 231 2 1909 2159 825 2842 2609 2121 1062 2510 457 501 1606 499 1651 1289 243 2176 1368 1917 1978 324 2357 2209 1002 2065 834 890 2663 2140 2660 365 1935 728 1028 367 1443 2077 2551 627 1481 55 1500 530 282 2280 2042 2604 916 2536 610 601 812 2458 2135 1001 2794 3 779 1177 1614 1794 1351 1772
810 2271 672 761 828 1080 946 1368 690 1443 2355 2706 1267 958 71 377 1884 1922 1671 2494 796 2666 2055 67 2686 466 776 1906 2 2619 2593 2520 998 477 2602 1198 973 1374 2210 2828 2663 386 787 1044 2203 2249 141 401 339 9 788 834 2452 292 13 1668 731 778 461 23 254 654 380 2578 353 2583 1510 897 2806 113 1628 1579 1605 1599 2821 2450 98 394 117 863 933 640 2152 2682 1354 324 752 234 2244 1769 2691 1651 1785 129 1770 2620 1559 1989 1642 945
2663 1785 2 672 828 764 1443 1205 2008 466 1198 1080 761 2146 2210 1086 2434 1574 776 2520 67 2414 796 377 2159 2494 1351 2686 781 2360 23 834 2209 601 1842 394 2203 18 946 1368 2828 1922 810 2510 98 9 230 292 2824 1177 690 107 2426 889 457 2536 1833 353 1906 615 812 640 431 2641 719 1714 2176 1726 861 1772 825 2271 933 1915 654 926 2284 2384 282 2583 277 1559 778 728 1028 339 55 1357 878 369 1402 2706 2029 1578 70 998 1374 788 309 2077
1443 2 2686 2663 1940 1833 67 601 1986 1518 1368 1290 431 1938 2583 889 1747 386 1989 2510 1351 615 788 2596 731 2824 492 812 764 2392 2728 878 1825 2209 2207 1497 579 2121 362 2146 62 165 2469 810 1357 114 1915 2600 787 1923 1810 202 278 324 1086 292 627 1241 1440 35 18 2029 2008 2459 2719 2433 9 885 318 1490 790 1842 2085 725 672 1001 2262 417 2319 1237 1026 2258 2077 555 681 718 2488 302 767 1320 1841 1267 880 1770 2777 1316 1772 1922 1434 1055
466 2271 690 1884 1922 2706 672 810 828 2351 1080 2203 1205 129 377 2450 324 1785 1198 788 761 1605 2619 1368 1062 2210 2578 958 1923 2666 2494 501 2280 309 654 2520 1374 2152 2828 23 2118 2244 973 1015 1481 764 2806 980 2632 1726 1671 13 2620 2602 2608 946 998 2448 1435 2142 163 1702 2682 1032 933 2690 786 2821 625 117 834 71 2467 52 1651 125 2 2055 1249 787 2663 776 2760 640 1668 1556 1610 1612 2355 2311 1906 936 897 471 113 306 1438 139 731 926
2271 787 810 2666 958 2821 2706 57 788 1702 1785 1080 690 278 386 77 2118 501 638 71 510 2690 1884 2521 1440 129 2311 980 2378 2043 1234 1922 2608 466 2351 2448 2810 1671 2171 2467 1957 2210 786 113 2632 2643 560 1032 1610 2762 457 1205 335 2520 1086 1940 1026 2619 2468 1420 163 167 1043 672 1797 654 309 1726 2599 764 828 454 1141 2669 324 384 831 1062 1576 2816 650 2749 419 272 506 1953 2214 1083 1048 1456 346 1882 2554 236 752 1506 1716 205 2522 1206
810 2271 787 2706 788 1545 1518 129 386 501 958 1290 1102 1237 1062 672 2411 324 1440 1923 2210 1368 1884 13 2790 71 1981 718 852 638 786 1407 125 943 2142 2632 2520 1630 2137 2244 1706 2832 828 372 1086 1813 626 1503 2543 1026 690 464 2796 1932 1655 2806 1718 2596 1481 377 1610 1039 2817 2262 1024 363 980 1567 1912 2789 1926 1282 2584 283 2529 1080 52 1922 1668 984 1374 2821 62 2232 2578 4 2044 221 2602 2619 312 2828 2032 822 1272 640 113 2118 1662 2783
2271 810 1237 690 787 958 129 1567 2706 1062 501 2118 466 1981 1884 2821 71 788 1545 1610 980 1671 506 786 2351 510 1963 1032 1923 324 163 1015 2411 2619 1080 1702 1481 1205 2448 764 2632 2244 1048 1290 2832 2666 2468 758 471 1456 2789 2690 1500 2044 2608 2203 2094 52 1026 1922 1044 1662 638 1889 363 973 1882 1102 2760 1083 2816 1022 1438 2562 1630 672 565 1368 2467 1556 2361 2501 2521 1726 2522 2442 984 2246 1525 1024 1407 346 2008 2806 1813 1797 2790 309 1612 312
2706 2271 690 787 810 958 466 764 1080 1884 386 1671 1205 2118 1198 265 2008 3 2666 672 1922 2209 2203 1642 510 71 1440 946 973 980 2146 825 1702 254 1525 719 2620 2448 2171 1267 953 1882 828 2494 2336 2593 1785 812 2293 1351 23 2434 796 205 1915 1471 2351 2043 2355 309 1086 1044 1574 117 2749 1726 1668 2536 275 2210 2619 1032 2608 377 2522 1043 327 8 2520 1374 2816 2414 1102 1610 230 2521 1015 2602 294 1595 2018 1602 2284 2468 2828 6 1184 1963 2572 718
764 2008 1671 2146 719 690 2821 466 2706 129 788 324 1785 1062 2690 2244 1923 2018 501 1506 2203 2361 1083 1026 1702 2378 278 1915 2816 2448 2632 2209 672 2467 1500 1086 1481 828 1027 2278 1205 2762 1048 1289 2669 786 758 1351 2284 2311 1612 510 995 57 825 2475 2351 346 586 2434 52 973 2599 1525 2214 1957 8 1420 880 1022 812 2521 560 1198 776 443 1932 471 363 272 2468 1438 1813 1711 1726 2353 1576 1465 2505 2465 831 2152 1080 2164 2824 1802 247 113 2806 241
788 2271 2706 1884 1922 787 372 2494 1080 690 386 2663 501 958 810 2821 2632 129 2 1940 2118 786 601 1923 2583 324 67 278 464 1086 980 1706 2142 2690 1026 2789 2467 2806 1503 1655 1440 1397 2666 654 420 125 1048 2620 1320 1062 672 973 718 363 1438 1612 1018 2608 471 2665 1912 782 2311 1282 2719 346 108 13 638 1285 1039 2244 643 510 508 2455 52 936 1443 1506 2611 1605 531 1833 298 1159 1813 234 885 2672 2378 2669 2351 1603 113 375 2062 2199 1497 77
1237 1981 1567 984 1614 2271 810 1290 1331 2660 129 1673 786 2821 501 506 1518 71 471 565 1438 301 2357 787 1604 1062 1481 337 1032 2789 1671 324 2361 2706 2760 394 335 52 2696 2450 1906 1702 2049 2608 1889 2164 2690 1909 1742 2609 2796 2643 2411 2632 2244 1625 1487 2442 2832 1726 1456 243 2398 2118 1545 1923 1022 909 1471 958 363 1736 2467 1797 1048 1662 1978 1102 2425 957 2027 2790 419 1026 2448 2458 690 402 638 998 2392 2351 788 2094 1884 236 2091 1368 530 2142
2821 1785 2706 2271 2351 787 1702 2666 57 690 2643 810 2608 2632 2346 2521 2690 1726 278 759 335 786 506 2760 1671 1228 510 1032 2467 2448 1364 2311 1080 346 2816 2465 2505 1884 501 2810 1048 2468 1889 788 958 1916 1612 466 138 2554 2118 2794 936 1503 363 419 2171 2043 2378 654 475 2522 372 1797 1086 1506 77 236 1605 508 457 1632 2153 1488 1922 113 1021 309 1891 1141 6 473 205 2169 2669 625 1602 1576 1083 1500 643 471 973 1953 620 129 63 1438 894 2398
2 1237 2663 1785 2583 499 67 1842 18 1567 1651 394 1981 2794 2682 2510 764 457 601 2295 2146 2413 627 2434 431 2360 648 2159 2042 2796 1989 192 1914 1977 2414 2077 1040 778 139 1383 1518 2777 2536 1290 2280 2392 916 2008 1368 2029 2142 2018 2745 245 2284 1028 2756 2615 1940 2234 1714 2426 998 2596 2686 1578 825 1179 231 2785 2609 1879 2724 1533 292 2093 1820 2772 1604 2789 2258 2550 777 1443 1500 2164 135 382 1583 1228 1448 1056 70 878 2190 369 558 1690 230 945
401 394 1628 2663 1940 2 2055 141 601 2789 788 890 1023 731 1290 2098 1543 2510 2074 1989 453 1842 878 2469 2596 18 1237 431 787 2029 1599 2163 67 1879 2747 288 1906 1047 1518 62 1500 2426 501 810 73 1241 694 2794 380 292 1510 2392 1443 3 2756 825 958 417 2686 681 2451 2583 1028 2271 555 461 362 1089 2077 779 302 367 2777 129 1699 1282 2796 2093 230 369 2384 1981 1673 823 530 2434 680 449 1062 2736 1690 2673 2049 1533 1915 1268 2126 2280 1593 337
1237 1290 1981 394 1567 1518 2796 764 1879 2596 2146 2008 2434 1785 2392 825 1906 2093 1604 810 2018 719 2609 2280 1614 1301 1368 2536 984 1909 2284 1500 2794 2049 2660 787 129 2357 2209 1351 501 1062 1331 1742 2458 241 2789 1917 530 2682 301 1932 1583 1673 998 71 1574 812 1651 113 2271 2426 916 1282 1772 1119 873 3 2140 449 648 638 2244 139 778 1248 2293 1228 536 1058 401 1040 786 1493 914 1915 324 1136 446 934 1289 2173 1963 1481 1002 1435 337 245 2349 2742
787 810 2271 2706 690 466 1080 1198 958 1205 2203 1044 386 71 1610 1884 973 2118 953 1440 510 1015 498 2351 2666 23 205 2448 946 1043 1922 1237 980 1671 761 1032 117 163 2620 672 1556 638 275 2355 2791 2171 2494 1471 1567 1882 2303 265 2262 2055 1086 2014 2522 897 306 1702 828 309 1659 1374 1668 2760 2602 1525 2749 1726 2043 1602 2725 2747 1184 1119 327 2619 2464 1290 1802 2572 834 2508 731 2578 141 2521 1368 2529 1488 230 1023 2751 2450 401 292 850 2596 586
672 764 828 2146 1785 2008 1989 2828 719 2 2018 2663 1922 2821 265 431 1198 2361 2690 2510 1351 377 2669 466 13 2520 2794 788 501 2280 640 129 825 369 2632 601 690 2311 1503 2284 2824 1923 1022 1500 2434 812 933 2210 9 778 2414 1842 2686 2433 2602 2467 1940 18 1443 2376 2209 525 278 2164 1205 310 2118 2244 2378 2448 67 2599 1915 1026 2762 865 2611 1574 2521 1237 758 230 2214 1062 1963 510 615 2077 192 382 1726 1668 1434 2532 998 1374 1917 914 2706 654
1922 2706 1080 690 1884 2494 2118 672 980 372 2271 466 973 788 1205 1443 1610 810 1184 298 510 1198 2210 787 117 1285 386 13 23 828 958 1668 2602 2663 2686 2520 2 1545 2620 1374 1833 2203 275 67 1616 1570 2608 1015 420 1747 1397 2632 2351 1440 2828 1726 1426 163 933 498 1882 2666 324 1086 1802 205 796 2303 1940 2448 2760 2115 1938 129 2363 2821 377 125 889 2521 1537 2583 601 1605 2014 425 2543 329 508 1320 1949 2690 2152 1503 2806 6 1923 654 2433 1400
810 1237 129 1981 501 786 1567 764 394 324 2271 787 2244 1062 471 1438 2796 2008 71 1518 2146 958 1481 1989 1290 2142 788 638 363 984 1368 916 2660 1040 2093 2042 2609 2682 113 648 1211 1614 1977 1879 719 1673 1923 52 1906 2794 1651 108 1331 2789 610 241 1026 998 1022 2357 1500 2392 1578 2065 1604 1179 2632 1662 1583 1909 1435 945 1935 2543 1048 1465 1301 625 2429 2258 2550 2164 33 2596 365 2284 1119 2018 367 1248 643 1606 2398 2742 2159 2665 457 1395 778 2049
810 2271 1062 129 324 501 788 2142 1481 764 958 1923 787 2821 1785 113 2244 2794 786 1086 654 2311 52 1237 241 2008 1932 2632 2280 2146 2619 1282 1671 1022 2137 71 1612 758 1026 1813 2164 49 466 1465 936 2690 1503 2467 984 1884 2669 1435 2434 1706 139 1662 1500 57 2465 2505 464 1141 2414 2426 1781 61 2173 1290 825 394 525 2091 245 125 1048 230 719 2336 408 234 309 1351 192 239 471 1518 1506 880 1567 2398 506 402 1915 2284 2396 2159 1922 412 780 363
2271 394 810 958 129 1237 787 1062 501 1290 2596 2392 2796 2411 2055 1906 638 1879 141 324 1567 1518 1119 1981 788 2244 2093 1500 2142 71 2747 1102 2789 1604 113 786 1481 1407 1023 1145 1614 241 825 984 2280 401 2098 1301 1932 1543 1331 2137 367 449 2434 1026 680 890 1268 878 536 2790 2822 62 1628 1141 1673 1047 2357 292 2191 530 1089 2426 2146 2675 2333 2794 2832 1505 2543 779 2029 610 52 243 1282 1510 245 1923 731 1503 1040 2008 764 2799 2742 2817 840 363
2271 690 466 810 1671 2821 1785 764 129 1062 2619 2706 1884 761 324 1237 788 973 672 2203 2666 958 1080 828 501 787 1481 1923 2008 1198 52 2448 2690 2146 1086 946 1922 1141 2142 377 786 1702 1290 2351 834 2632 2669 71 2467 1567 905 2450 2494 2210 113 2244 1612 1205 1500 8 980 758 309 241 654 861 1044 2806 1506 2361 2209 2280 1605 2434 1368 23 2355 2311 752 2602 2474 2794 1048 1351 2152 880 386 1374 1022 936 1813 1963 1668 2620 192 2118 1503 1026 2468 2608
1785 466 761 690 1198 672 1080 1205 828 2 1884 2663 1922 1559 2203 1671 2055 2706 973 23 1086 1574 2620 1443 117 2434 946 2494 401 2510 1726 215 141 825 1786 230 776 2554 2355 1714 2546 380 654 1106 1685 2118 2271 475 2280 764 810 182 2077 377 2346 1357 1628 2794 113 777 2828 926 1115 2277 2178 953 788 1474 3 2448 779 2777 277 436 419 1374 254 353 2311 2210 205 431 1693 564 369 2747 1426 1306 1989 67 2056 2602 1503 1916 149 1361 586 1023 510 1457
2271 810 787 1237 958 2706 71 2055 1044 2450 1567 1290 2578 2262 2747 141 1510 897 1145 984 2722 672 1119 401 690 1628 731 638 62 998 2098 3 1518 1023 2029 301 1249 1102 1368 1642 2543 1032 2342 2074 828 2452 1884 1671 129 380 1614 292 394 1062 1736 13 1989 1673 1599 1321 1872 2539 453 878 2355 2596 417 1267 980 2619 377 302 1668 1583 1963 1047 1374 2682 1331 9 2201 2666 2336 172 764 2469 2392 2600 1933 2602 825 1910 309 1015 946 1579 2210 2629 2796 1709
2271 2666 810 787 2821 2706 1080 690 958 2118 788 761 71 1922 1884 309 2608 501 1785 1032 1671 1610 335 510 953 1726 129 650 2632 980 466 2643 638 2448 278 786 2351 1487 113 2521 973 2171 506 1702 2760 52 205 1141 2620 1889 2043 1471 758 2311 1237 1456 1605 2164 2346 236 936 419 2794 2398 2505 2465 1802 2522 1612 1488 2816 672 2169 2467 752 346 2142 386 1481 2554 1048 241 2244 1556 565 167 1506 753 654 1062 2749 2508 1022 1500 2494 1567 1882 471 2060 1891
129 1884 2271 466 1062 810 788 1237 324 761 2118 1922 501 1785 1205 1080 690 2821 2794 1198 980 1923 2280 1481 1290 1614 2663 1022 787 2142 1932 241 2244 309 2 1610 973 786 52 958 2311 1567 2666 2203 1503 2091 861 1556 2632 1086 1015 394 230 1813 1906 1518 117 778 2351 672 2669 2620 758 2164 2137 464 1331 2510 2467 2554 192 764 1032 654 2608 1465 125 2494 510 1632 2690 419 337 71 2474 163 2448 828 1673 1706 984 1282 1981 776 113 2426 1612 1726 834 1026
2663 1785 2 67 1443 828 672 764 2008 1198 2159 1205 761 18 1842 2360 466 2520 1080 2434 654 2146 2210 2414 1086 601 1574 2686 394 781 230 2494 2510 2794 377 457 2280 2583 776 1028 1714 2077 292 2384 2426 1351 2203 2029 1922 834 23 277 1368 431 825 129 107 889 182 625 2641 2176 2536 70 796 728 1906 777 1177 2209 2277 1559 788 1434 282 1833 998 309 2323 2295 55 779 2284 878 369 1277 2777 1357 1517 2451 778 1533 98 767 2254 640 2244 1772 367 1685
2796 810 394 2029 1237 2093 787 2244 129 958 62 292 501 1062 2271 638 2392 417 1518 878 1290 786 2008 1119 1981 2217 2146 764 984 2384 555 2411 2583 302 2142 1407 2596 1567 536 231 1481 1268 1906 2055 2451 1879 1368 2663 2747 1699 1604 2686 1211 67 324 71 2357 2543 1435 2098 361 731 1301 1399 2191 681 427 363 788 2262 1562 2539 78 401 2 2415 1545 2716 2121 2789 802 1465 367 601 1102 950 2333 2609 890 1794 2343 893 1978 1256 113 1543 2038 52 2280 1909
690 1922 2494 466 1884 1080 2271 1198 810 672 2203 828 2706 761 1205 764 377 23 946 2619 2210 2355 2118 973 796 2434 117 2008 980 1184 1785 1443 2209 2828 386 787 2602 2351 2620 254 2450 2152 2 1574 2520 776 1374 834 1671 781 13 1426 98 958 1616 1086 640 205 2686 933 71 1668 1702 1397 1605 309 2666 2663 3 510 1351 2146 230 1368 2536 275 353 475 2474 420 825 615 477 812 2414 1726 926 306 2593 67 1642 1497 1940 654 2361 719 2824 2578 1559 265
57 2244 2706 501 129 324 1481 786 1237 764 67 506 2608 1726 1923 1922 1981 788 1022 2142 1062 363 1802 2794 2821 1205 1234 2583 2760 510 925 471 2271 2008 690 52 1662 810 1086 1080 1438 2522 2521 1465 627 2159 1282 815 1215 108 2690 457 2280 1043 508 648 2448 466 2118 1500 2468 654 2842 780 1797 1026 2669 2164 2135 1032 2433 2091 236 2494 2632 534 2813 1940 2146 2467 1884 758 49 1567 2740 1503 2825 861 241 1606 936 1024 2121 61 139 787 948 1039 372 2620
2706 690 2494 1922 1080 2593 946 1267 909 973 764 386 1198 1884 2146 1671 1184 2118 796 117 787 810 2271 672 2152 2203 1290 2008 1480 980 2094 1351 1285 719 1882 510 1982 1915 2824 1440 2355 2363 776 23 2620 1545 1320 2376 1525 283 1642 372 1518 1205 1605 1497 1940 2460 2210 2085 1366 1397 6 1078 1949 2828 3 265 247 13 327 1530 2600 2666 1537 2619 275 556 615 1237 2361 812 98 1603 2433 2284 933 2789 2474 8 2411 850 1289 466 2018 2691 276 1816 353 2262
1922 690 2706 1080 761 764 861 2620 2 466 2663 2008 1785 2494 2355 1884 1086 2146 828 1205 1443 2414 973 1198 672 1605 2450 309 1726 1632 23 1351 2608 2434 834 1927 856 2510 431 129 2351 2203 796 2522 1032 394 2152 1368 2159 324 2280 2056 2210 2055 946 2360 2686 57 230 2760 1426 13 107 419 815 1651 1638 1397 2176 1481 926 1062 1671 1277 601 282 1177 916 2311 615 640 2244 2153 2077 377 776 1906 810 2578 2824 957 2448 719 1559 2209 812 897 2284 2536 141
1290 2706 1237 1518 2271 386 1567 1440 690 2596 787 810 3 2666 1642 1671 764 2392 1267 2209 1981 1080 2593 466 973 583 1497 946 1940 2 2796 1119 1833 718 1527 1198 1747 2686 1604 2262 2355 2085 1102 2663 2146 2008 283 812 254 953 2043 1043 796 719 1368 2171 1614 2293 1922 1040 2620 2494 825 2510 365 71 294 1017 958 1351 1938 1301 1986 1879 2583 2672 530 1443 2203 648 1247 2458 431 761 605 1002 1989 301 1742 2049 2619 1471 1206 2434 943 1772 256 1331 984 1205
2271 810 1671 1237 2706 2619 1981 1567 690 787 958 2816 8 466 71 586 129 2821 2361 1963 1290 764 2468 471 1702 1083 2666 506 2832 2171 1062 1500 1032 2448 501 1044 1525 2632 2411 1048 2690 2094 2351 758 1438 1080 1518 1545 788 2043 1024 1882 909 1889 1941 2118 1205 1884 2789 312 2244 1610 33 163 1215 1456 1632 2392 2311 786 2467 2246 1487 443 980 984 2203 1630 556 2398 1556 934 628 2278 2353 2643 1481 1612 565 1923 638 2357 1909 301 2044 1781 1910 2153 1530 2164
2706 1086 690 1671 764 466 1785 880 2271 1576 2146 2694 810 57 2448 2008 2351 973 2522 77 828 282 1043 129 2608 2450 1884 1080 2468 2203 1205 825 2355 8 2210 934 13 2434 2378 1420 560 1915 2520 1062 1702 2209 470 1726 2293 1351 2816 672 1605 2619 2690 1922 787 1198 2821 586 324 1497 1267 158 421 1506 1481 885 506 812 2760 501 1802 1610 1141 2244 719 1957 1083 2336 2749 2280 2666 2056 384 45 1457 1736 1889 1537 2284 23 1500 1602 2018 2168 1426 2127 510 236
2271 810 787 958 764 2706 386 71 690 672 2008 466 1884 1440 2118 77 1922 2666 638 1080 2146 1785 2619 1086 719 1545 510 980 1576 933 2203 1668 2602 718 2293 1374 1497 1664 2351 834 230 2210 2209 309 1205 2694 2494 1714 1102 880 1277 2828 1630 2520 1351 1653 828 1237 265 812 1915 1833 1610 13 1198 2284 885 825 2832 2529 2616 1963 946 2620 1397 2414 283 2159 926 1443 3 143 1445 2018 583 2824 1940 294 377 1267 973 1272 1938 2468 323 1386 1556 1882 1953 2336
1062 129 1481 324 501 2142 788 2244 52 2821 113 1923 1500 2794 2280 1671 1237 2690 241 1435 2311 1503 1141 2467 786 1941 2669 758 449 1290 1506 2450 764 1567 1932 471 1813 192 1612 1438 1022 367 654 61 33 2706 245 2365 2789 139 2137 625 1465 2173 2632 1026 49 394 780 389 840 2271 2164 534 2091 464 1248 239 1368 2619 828 525 8 936 810 412 2634 1706 2025 1518 2666 2017 456 1651 363 1912 1614 1048 1021 690 1917 1086 1781 2434 1852 125 2796 1794 2008 1039
394 810 129 501 787 764 2244 638 2392 2796 958 2093 2008 2146 1062 2029 1237 2271 1119 786 2747 2055 878 62 1906 1481 1368 71 2098 1879 324 1518 417 2663 2357 731 2 536 1435 788 431 292 1211 2384 601 1443 2434 401 2142 1268 141 2451 2280 1981 363 1290 52 625 890 1699 2191 2510 2284 1500 367 113 1833 2789 984 2686 1543 2583 1567 2638 555 719 2539 1465 2018 302 1047 2609 681 2333 2217 1145 426 2543 2716 2343 2596 1562 2121 1282 1940 1989 1510 2042 1023 2469
2271 810 787 958 690 1884 2118 71 1080 2706 980 510 1086 638 2619 973 386 466 1205 1198 77 2666 1702 880 1610 2351 1940 788 205 57 2494 2521 2694 372 1922 1285 1043 2554 1456 2643 1032 1440 1576 718 454 23 786 1671 1545 828 1497 1714 1785 419 163 672 2210 2821 158 508 1102 885 1083 309 1556 117 129 2608 894 2468 324 1284 1630 1570 2153 1632 167 234 501 2 1726 1184 2690 1653 1234 761 298 1694 2203 925 2311 2663 2171 2672 1426 2632 2760 1015 2128 1062
1922 690 1080 2494 2706 1884 2271 2118 2593 973 672 764 372 787 1184 1285 2203 1198 117 1545 909 946 980 1205 810 510 796 1267 2008 386 2152 776 2620 2210 98 958 1940 2146 1351 275 466 1440 750 2789 2355 933 2828 13 719 2363 2474 1320 1882 2824 1949 1402 353 1605 23 1397 265 615 276 781 205 1272 334 1668 2666 1570 640 1480 2686 167 298 283 2691 828 2602 3 2012 557 381 2376 556 2334 1525 71 420 812 1747 1366 1616 143 1642 1541 2433 2094 1915 2521
2706 386 1440 1290 810 787 2271 1267 2672 690 1671 2355 1237 1642 3 1518 583 2262 2596 2593 2209 1833 1080 796 1373 1119 2666 764 1567 885 1043 973 2663 953 2620 2008 1922 1457 254 1351 2043 2146 1882 71 2686 1363 1653 2494 1443 2392 1471 2 946 863 2085 1497 1044 984 1247 1938 1229 1487 2458 2694 1574 1086 1772 2171 2336 914 466 850 2474 1915 1676 2739 1040 880 457 2619 1198 719 958 77 2600 718 309 1986 2771 283 1527 2332 2201 1992 812 1368 605 648 1017 1002
1940 788 501 764 394 129 2008 2146 2 1026 1062 324 1500 890 2686 2093 2663 1543 1906 1368 719 1290 1518 1935 2244 2510 67 431 2426 786 401 722 1237 2280 2789 810 2596 2794 2392 2055 2142 2796 113 878 2414 1211 779 1879 367 2159 1606 1028 362 1443 2077 241 1463 1690 1503 14 292 62 1989 2736 2284 2135 2665 1923 1614 449 2271 2029 1932 601 958 125 1986 2583 1985 141 3 1574 2018 2191 825 1842 288 1023 787 2434 1873 1481 1141 1628 18 165 1915 1604 1699 2176
1237 1290 1518 1981 1567 1545 1922 1884 2543 672 2118 980 2660 810 2706 1080 690 506 2796 984 788 1673 786 1614 1331 787 2271 2608 2789 909 2433 2392 852 2596 2085 958 925 501 2760 471 2357 1923 2093 2494 933 129 2210 1438 2600 1102 565 2376 1949 1368 2790 71 2411 1407 943 324 1718 13 466 815 2609 2244 1610 2828 510 1978 1909 1604 2458 363 1992 1301 1752 446 2501 2044 1953 648 1369 2690 1062 1119 2203 916 1747 640 372 2821 959 2034 1211 1630 1668 2094 2602 52
810 2271 787 958 2029 62 292 2686 2217 302 2663 417 555 2244 638 1290 1443 788 731 2 129 878 2596 1545 361 2384 950 601 2451 67 1833 1518 2583 78 2796 1062 681 71 1699 1407 718 427 501 786 2722 1256 1102 2415 1989 893 386 2411 1119 1562 1599 889 767 380 2055 802 1747 1368 2423 324 125 2469 2568 1938 886 2392 2142 2510 1628 2121 2262 431 21 2093 764 901 289 394 1642 1398 1510 1237 1794 2008 2074 943 401 536 1636 912 1264 1479 3 283 1923 1940
672 764 1922 2008 2146 2209 1351 2686 2828 812 2824 1443 615 9 1368 2118 2361 781 719 828 318 690 1884 933 946 2 779 1574 2426 35 1915 477 265 2663 2414 13 1198 3 2203 254 1205 1785 1833 1985 914 1642 1940 1493 825 2510 2293 466 980 1772 2443 431 2434 889 1938 2602 2353 1641 377 2152 1374 2018 1080 1957 1770 776 2334 98 141 640 2593 2706 2494 1668 896 778 1747 14 2055 2284 272 117 1066 1989 731 2214 2536 998 1519 1397 2666 1289 1579 401 831 916
71 810 958 638 1237 787 457 925 2663 2 394 2510 2271 1567 431 1989 2159 129 2392 2360 1938 324 1277 1028 1981 788 1833 2649 501 1102 309 601 2414 1443 1062 1842 1935 1407 1785 1119 2254 508 2244 2543 67 2789 2555 1369 834 2641 2093 18 2077 2234 786 1940 2411 47 231 230 52 2817 1690 2686 2233 2777 648 369 499 943 1517 885 2736 728 1923 2176 1481 627 761 55 367 1606 2501 2142 878 1906 1604 1463 2050 1699 471 241 77 1104 1714 2550 536 1438 767 1727
1785 1237 1651 2682 1567 1518 764 499 1290 2434 1914 394 1368 2536 825 1981 998 1614 2361 2392 2280 778 1977 1481 2413 2 1583 916 2209 1228 2042 945 1963 2008 1574 1578 2146 52 230 828 2295 2663 1383 192 139 2596 129 2426 2686 2142 777 2360 1879 1179 672 457 310 1854 558 1331 779 382 2794 873 2159 2745 292 2821 2796 517 9 2510 2458 1906 786 1714 2414 2539 2585 1040 2785 431 812 1296 648 1604 2029 245 2690 1443 2660 135 2543 1503 1434 2756 1533 639 1367 2353
2706 1290 386 1518 690 1237 1440 1080 2392 2596 2271 1497 810 1267 1986 1833 1086 1940 718 1567 2262 1368 1443 2686 583 1922 466 796 787 973 2494 764 1043 2543 2666 2694 1119 946 2085 1884 372 3 1642 2663 1992 1198 2 1981 2209 885 2146 1938 2672 23 2620 863 1664 77 339 2008 1527 2593 2355 1457 958 2118 1351 1747 2332 1017 394 2203 2458 812 1040 880 648 309 158 117 1989 1320 71 1671 2459 2600 2293 2460 1205 2529 258 945 1229 834 1525 2824 1206 1841 2755 1373
690 2706 1080 1922 1884 2494 973 1205 2118 466 510 2203 980 298 1015 1184 117 1610 23 1702 386 1285 2152 1043 2271 1198 6 1397 1570 372 1603 946 1086 2666 2521 275 1032 425 1537 885 880 1616 2620 1267 2171 420 2303 1602 2043 2643 2351 1083 1456 776 750 2608 2448 454 787 327 1605 1440 2554 1525 167 810 764 1556 1502 163 2751 1426 1738 1545 98 1671 334 353 2593 1488 958 498 796 1953 1497 2760 2014 1726 2209 148 1284 1882 620 2816 594 2153 1632 283 2672 375
394 1237 2796 1981 2093 2392 1906 1604 1567 764 1518 1879 1290 2244 2146 2008 2596 1368 129 890 1543 2660 501 2357 1301 1438 786 33 1062 471 1282 2434 2042 2789 984 2426 1481 1500 2794 1614 2284 2609 1435 1909 2682 2536 638 2018 2343 367 916 2414 2543 2822 1651 363 324 1164 1119 243 2280 1268 314 810 2583 2736 1331 719 120 1978 2029 241 530 71 958 2842 1136 2429 499 1351 2458 2191 878 52 699 2551 778 787 1002 1001 162 139 1935 1040 2159 2209 2173 408 1940 1050
2029 62 292 1940 878 1237 788 1518 1290 2663 302 681 2384 601 2451 555 2146 417 2 2796 501 129 125 2596 2217 1282 2686 289 1562 764 893 21 78 2008 2244 1888 1368 2423 2093 1443 1915 2543 1986 361 1062 802 2433 868 394 67 2284 1351 3 958 1398 1699 2415 786 1655 192 1706 2794 1492 1435 464 1923 363 2789 787 427 1256 2392 199 889 1912 142 1890 731 2510 2568 2824 324 2121 1053 492 1642 2459 1438 1211 2280 1686 886 554 108 113 597 1932 615 810 2469
1922 1198 690 810 2271 764 2494 1884 2209 1080 1205 761 1785 2008 2203 1940 2414 2706 2146 466 2118 2176 946 973 230 205 309 2434 834 812 2619 615 787 1351 2360 2159 1714 67 71 23 796 2450 728 2284 55 958 2620 1841 2641 1574 2355 1184 980 401 457 672 2824 117 1177 2293 104 362 2055 1497 825 107 1368 1443 254 828 926 1671 2 386 1772 1086 654 719 141 777 2258 2536 35 475 1986 477 897 2583 1559 914 2663 275 461 564 394 2426 339 1015 1479 1277
292 62 2029 2663 302 1290 2 555 1443 1518 601 2596 417 2451 2217 878 2686 731 1368 2384 78 681 1562 2469 21 788 3 67 1833 1989 361 2796 1699 2423 1599 1237 893 1642 2262 492 427 1794 2543 2415 802 394 2600 2392 380 889 2459 1510 289 1256 2085 886 1398 1940 431 2568 1747 2510 2244 767 254 2074 125 2583 579 2121 1888 1241 1628 340 2093 2126 1033 1986 1557 401 2458 868 901 2668 1770 1938 2722 199 950 1686 554 1890 597 1492 1320 2488 760 1209 1923 2008
1237 1567 2271 810 1981 787 984 129 1290 71 501 958 471 1518 1438 1062 1673 786 1481 2796 565 1545 324 506 2706 638 2244 1614 2789 1909 788 52 2357 2660 1331 1923 1407 2832 2411 2164 1742 1032 2821 1102 2790 1604 394 1456 301 337 2696 1119 2142 2049 363 1024 1671 2450 49 1662 2398 1500 2632 2392 2543 1884 943 1301 2467 33 758 2690 1039 1978 1503 2091 2501 113 1630 1022 2609 2044 402 813 2429 2596 2232 1932 2262 1612 243 312 1215 108 1906 389 1465 367 980 753
2271 810 690 787 1237 2706 1671 958 466 1884 2118 71 2619 1981 1545 1567 764 1963 2468 1080 672 1702 980 1290 2411 788 2816 1610 510 1525 2210 2351 1032 2832 828 501 129 1205 506 386 163 2008 1456 1922 2821 1015 2203 377 8 1062 2783 1083 283 2448 1923 973 556 2361 2632 1518 471 1630 2246 638 909 1625 2749 1048 312 2666 786 372 1556 2044 1668 2521 2501 1043 2171 1368 1044 1102 1215 565 984 776 1953 2094 1664 946 1632 2643 718 1438 758 2475 2602 2244 2690 1500
129 1062 324 1671 1481 501 764 2821 2271 1237 1500 2142 2244 52 2280 1923 2794 241 2311 2706 810 1567 2008 788 2450 1503 761 1785 449 2434 786 1941 2666 2146 8 1932 690 2690 113 1290 33 2467 1612 1651 2632 1435 1141 412 2536 2091 825 654 1026 1465 1022 758 2173 367 1891 1981 335 2816 309 1963 1813 506 2164 2669 534 1368 780 719 394 1884 1506 1906 998 1438 1048 61 2789 471 2608 565 1614 958 840 2682 2137 1351 1021 1466 625 139 239 2634 245 2361 363 1032
1671 129 2450 1062 324 2821 1481 501 52 2706 1785 1923 828 957 466 8 2280 2244 2690 690 1736 1503 1612 764 788 2578 2311 2448 2142 758 1237 786 1933 1932 139 1506 1910 2361 2351 1500 1813 192 2467 2164 1638 2396 672 1567 2669 1022 241 1889 2342 2794 1726 335 565 1249 861 897 1465 2055 2789 1941 61 1917 113 1032 2025 2742 2173 2146 245 141 389 1024 1651 2632 1605 998 1435 1027 2747 2365 2008 464 377 49 449 2271 778 2355 1141 1145 2608 2056 346 1368 13 525
810 2271 2706 690 71 787 958 309 1237 1290 834 1080 2666 466 2203 1518 1567 1940 510 301 1044 2620 1198 394 761 2619 1785 2596 2392 1884 861 638 1906 1277 1443 2494 1671 333 2608 2555 2118 1086 2543 953 205 984 1833 2694 335 1119 1938 2686 23 856 1882 2823 1922 117 1205 1714 1605 457 1981 973 1604 2760 897 2521 77 2414 2093 1471 1879 2058 2159 2796 1363 2246 1610 1184 236 672 878 386 980 2360 916 1727 2522 1986 2 1426 2357 2663 1525 506 2094 1702 1487 1440
2271 810 2706 787 386 690 1086 2118 1884 973 2666 1080 510 1440 980 1043 1205 880 372 1702 672 958 1102 1671 466 2521 828 1198 2210 2694 2672 2816 77 6 1922 2171 1570 71 158 2821 1285 2203 1603 2043 23 475 298 1785 275 2351 885 2619 2690 265 2790 1694 2520 2643 718 57 1653 1610 586 1545 13 2632 788 2378 2832 750 2663 334 752 2346 2198 1576 1668 2669 1083 8 1605 1525 2494 2810 594 2448 2529 2 508 650 2411 1015 1184 1882 1503 786 1494 234 1397 377
690 761 2706 466 1922 2055 1080 1605 2666 2351 1884 2747 861 1671 1368 129 973 2821 141 2355 2448 828 394 2280 1237 764 672 957 1785 1062 309 1567 324 1198 1481 2620 2450 1702 1726 2608 2203 2494 2210 1032 501 1889 1500 52 1906 2056 1023 2271 2522 2152 2008 1015 1145 1632 2434 2760 2467 834 401 897 2209 1907 2690 810 1471 2414 731 13 1506 2508 980 205 2142 1205 1927 788 1435 2619 812 1612 2146 2098 1351 1879 367 1556 2311 1510 377 2725 1610 946 2 1047 1802 856
67 1940 764 2663 2 2686 627 601 2146 2008 2583 719 2207 1443 1086 1351 1833 362 2728 431 1922 1841 1747 2433 788 1915 2258 254 2121 2824 1028 3 1986 2159 1055 2284 2018 372 1642 165 925 1825 2360 880 1690 2294 2135 278 1938 447 885 1434 2376 2209 2510 2494 2766 2719 1130 2414 1785 804 690 1192 2345 1080 1810 1574 2741 725 2706 2558 457 508 202 2378 2825 1493 282 35 878 1497 2736 496 1989 1997 2672 1001 812 1842 1944 1289 1820 672 1056 2694 146 1212 1899 914
1237 2686 1368 1518 1290 2008 2663 764 2796 2 2146 2459 292 1567 2093 67 878 394 1940 601 2029 672 1989 2596 945 1443 1747 1981 9 2392 431 1906 2543 62 2085 2660 114 2042 1770 492 2583 2244 2600 2451 2682 1578 1651 2458 1351 2209 719 2384 916 579 607 417 302 471 1772 1438 2415 2284 1211 2217 812 2609 2262 2510 1879 365 889 615 998 555 731 1769 1794 681 1579 1040 2824 1977 778 2423 1642 2488 2018 1992 2539 2280 192 1909 2065 3 887 517 1917 1986 639 1783
810 2271 787 1290 1237 958 1518 1545 71 1981 2660 1567 1673 2706 324 2789 129 984 2796 2790 565 2411 1407 337 1062 2085 1102 1438 372 2543 471 2600 2049 501 2372 2458 638 672 1923 1032 1742 2596 786 1989 367 33 301 1331 2609 648 1884 1456 386 1614 1481 2696 1285 506 1909 1893 243 2244 2583 610 710 1917 52 788 54 1926 2142 943 1671 2832 1630 966 813 2450 1368 1813 2065 1301 2357 2262 542 363 2044 487 530 980 2690 1604 2210 942 1040 1794 1440 365 2118 1705
2271 810 1671 690 2619 466 946 828 2706 2355 2494 1922 1198 761 1080 23 764 1785 958 2203 71 2210 1368 1267 672 1702 2450 787 796 776 386 1481 377 2691 2434 2152 2593 394 1884 98 2008 1605 2520 1205 129 2806 2666 2821 353 2823 2578 1651 2452 1062 654 2468 2474 13 752 2749 324 8 2602 1906 2055 2361 1668 2209 788 2351 477 973 2244 1083 731 1374 1290 52 2146 254 1506 2632 141 113 2448 640 1923 781 2142 1879 1351 2722 2690 2536 2620 2682 834 1480 475 2747
1086 764 2008 2146 2663 57 2159 810 2 1785 885 2271 129 1351 2434 1368 2686 67 1457 309 880 2414 2360 1443 1028 1884 2284 861 2510 1915 1989 2583 601 1062 672 797 2336 2077 2824 324 1690 457 501 916 1578 1842 1574 788 889 719 1651 2210 761 18 506 1080 786 1177 2794 1481 2777 2706 2176 2739 2806 825 828 1277 2694 1977 2332 654 107 1290 13 1040 2682 787 1922 2244 431 1675 77 1794 1289 1772 1179 2426 386 878 2327 114 998 2142 945 2672 1043 62 2234 779
1290 672 810 1518 788 1237 1884 2271 690 1102 2411 2706 1545 2790 129 13 1923 2632 1610 1062 2828 1503 113 786 2142 324 2832 2596 973 958 2244 1668 1912 1374 283 2210 2602 1981 312 828 386 501 1080 2311 1932 787 758 125 2821 943 1039 980 2044 1086 363 2137 1038 1026 2232 1949 2118 2690 2806 1048 2085 372 1612 1024 52 1922 1567 56 1706 402 464 1752 1813 49 635 245 1481 2467 2501 1910 4 298 1438 556 323 826 2578 2669 1506 241 221 425 295 2217 389 1926
764 2686 1989 2008 672 1237 2209 2146 1290 2 812 1785 1351 1518 2663 431 2596 2293 719 1574 1922 2361 828 2510 2118 2018 1443 3 1205 2433 318 369 2828 779 394 1368 9 690 1747 1642 35 1198 2434 2055 2796 914 825 2426 265 731 1842 1533 980 466 1567 1963 1772 778 1940 1938 1614 13 18 2532 601 1241 1884 254 2280 401 141 2824 946 499 2392 889 1145 2093 1493 14 2284 2210 1089 781 2551 615 2203 1833 933 2353 1770 517 2262 2520 2747 2414 2042 1879 516 2443
67 2663 601 2 2583 1290 1518 764 2146 2433 2209 2008 2686 3 950 1642 2510 2376 2085 431 283 627 788 1443 2121 2596 1545 2284 812 1915 1940 2789 2029 62 1965 2722 1794 878 292 1351 1320 231 1772 731 1599 1752 254 302 1985 779 1368 417 2336 825 1833 826 1574 1001 1289 2543 1241 2469 2824 114 1989 1237 1075 1579 1770 1636 14 767 615 2392 282 607 1810 288 2434 1357 1628 1316 1986 18 2217 9 401 202 719 380 125 1997 2074 1783 579 261 1912 1799 555 2544
690 672 828 810 2271 2706 1922 466 1198 1884 946 377 1080 2210 1671 2494 2355 2520 761 2203 1374 2828 2619 2578 2602 13 776 23 2152 973 1668 2666 2450 1267 796 71 1702 353 654 1605 1205 1368 640 117 98 933 2118 2351 1785 67 477 386 2055 2593 2691 2620 323 980 1559 958 2722 141 292 731 475 752 788 2821 2448 2474 113 1480 2806 394 254 401 1249 764 781 787 1044 1015 498 2452 1435 2249 2361 1083 1184 1906 1949 2583 324 1141 1481 625 1510 1651 1106 897
501 129 2821 1237 786 788 1062 1518 810 787 2164 2244 52 1981 2271 1438 471 363 984 2632 2467 2794 1662 2311 1481 49 324 1923 2398 2690 1290 394 1567 71 1503 2789 2142 2796 1039 1022 1612 1465 113 638 958 108 1048 758 2505 2465 402 1026 1024 753 936 2093 346 506 1282 654 525 1673 2232 1395 2611 89 1604 1301 1506 241 1543 331 1500 1614 452 1706 1906 2660 1932 1781 2357 1331 125 565 1545 2049 916 2832 2411 2634 1102 2407 643 2091 2429 389 628 1630 815 2301
810 2271 787 1237 958 71 638 1981 1567 501 1545 984 2796 2411 129 1290 2706 1630 1518 565 2619 2832 786 506 1062 788 1102 1301 2821 1407 1884 2790 2357 1612 324 2246 2632 471 2044 1438 2501 312 2609 2244 2543 1923 363 1604 2164 1673 2142 2372 1909 2093 1032 2789 2467 2450 2118 1360 372 1456 980 2690 2660 1926 1445 2049 1039 2616 113 394 52 1953 1215 1503 1662 241 1331 1844 815 2465 2505 1119 1610 1481 49 1048 943 1614 1026 2398 2351 758 718 2794 1694 654 2466 936
1237 810 1290 1518 1567 2271 984 2706 787 1981 2796 2660 2085 1923 129 2543 324 501 788 2596 2600 1884 71 2458 1080 1062 1909 786 1614 1331 1673 690 2244 337 1368 2262 958 471 1742 2821 2357 1301 52 394 1211 1481 672 1438 909 1630 2142 980 2118 638 1813 1402 2696 2789 506 973 372 2608 2210 1604 1613 487 565 1978 363 2049 1610 852 1119 2282 942 1662 530 1906 2690 2392 67 631 2609 2760 1718 2093 1706 301 2619 1922 386 2468 1989 1026 2103 1705 1205 2065 243 2494
878 62 2029 292 417 302 2217 2451 361 2686 2384 2663 681 555 1290 788 601 2423 672 1699 78 1518 802 893 2 2415 501 1923 1237 21 1562 1398 886 199 1706 289 1989 129 1686 1888 464 597 1443 2244 889 125 2433 1374 2596 2543 1062 192 1256 114 431 1368 1492 786 2568 1890 1770 67 432 1268 2038 2602 1053 2146 868 283 427 1033 1747 925 2828 828 2583 1655 1668 2794 1912 2008 1813 764 363 2510 324 731 579 2796 13 1585 3 1102 554 1915 142 2078 1545 1418
1290 2029 1237 292 1518 394 62 555 2384 2596 788 878 2451 1368 302 2392 417 1699 681 2217 1438 786 1026 1940 427 1915 2244 129 1562 2796 2008 471 363 21 2146 764 1906 1888 802 2415 1981 501 2458 2663 289 1053 78 113 1879 893 2423 3 1574 1492 2142 2794 1033 14 1563 2736 2568 361 1268 2209 1986 2459 2543 2191 1567 2673 254 901 340 1062 1642 536 367 2 1282 67 601 1351 1923 324 2600 125 1890 283 2301 868 142 1543 554 1500 779 2789 2093 2786 825 719
2706 386 690 1440 1290 1080 2271 2494 1267 1237 1833 1443 946 1497 973 2686 2666 1922 1198 796 466 583 1518 1940 810 1671 787 718 1086 1043 2203 23 3 339 1884 2596 2 1642 2663 2593 2118 1986 1938 1603 885 958 2620 863 2392 2209 327 2152 2355 2694 77 372 764 1567 1605 1747 2293 2672 889 1457 275 761 1285 117 750 1664 1397 1206 1205 2043 2262 143 510 1184 1882 2146 318 254 1646 2529 648 2085 812 1320 880 1380 1357 1616 2332 980 2171 1229 1772 905 1368 1981
394 1237 1981 501 129 1567 1062 2796 1879 499 764 1290 1785 1604 2794 1518 1906 2789 984 2392 2146 1543 890 2008 2596 324 1932 2244 2093 1438 471 2280 1651 2434 2660 1614 241 1368 2042 139 1500 1435 2142 2682 367 1909 33 2536 1268 916 1481 1301 786 2638 1164 2360 2159 1852 998 1282 1576 239 1583 2413 1331 825 113 1248 2173 2295 192 2411 778 2742 1503 1136 2414 2284 1102 1022 2426 1533 1506 1383 2018 2609 162 1028 2396 1040 2137 788 719 314 457 2357 1977 1923 363 1145
2271 810 787 958 71 2619 1237 638 1981 1545 1702 2351 1963 1630 2246 2411 2044 690 301 2706 1567 466 1671 506 764 2361 2821 2468 1044 2094 501 2666 1456 1290 129 984 1083 2832 2501 510 1048 2466 1032 2357 2481 309 1797 1625 2643 556 786 1610 1939 2118 1882 163 1518 1889 2632 1530 1632 856 2816 1556 335 2171 1062 635 620 2823 2660 565 511 2608 167 1080 312 2203 2008 2760 980 1386 1487 1953 2168 394 508 897 1205 1673 1884 1078 2450 1726 2789 1614 732 2392 2448 2153
2271 810 129 1062 501 787 958 1237 2619 324 764 1981 2821 1671 786 1048 788 1545 2706 2244 2411 1481 1923 2632 1932 2690 1963 2008 1567 2832 1612 2467 57 1026 471 52 1500 1702 758 363 1024 1506 1290 241 2468 1215 690 2142 2044 33 71 464 1083 2816 1662 1941 2164 412 628 1630 2361 1438 1465 8 2789 312 1706 389 556 2203 1813 638 1205 2278 1625 586 643 1525 456 780 1022 2448 1282 1039 346 1395 2398 2465 2505 2311 2501 719 466 752 2794 1456 2232 1781 936 495
1940 2663 2 1443 1833 2686 67 601 2543 431 2510 878 1986 2392 1938 1237 2262 810 292 889 852 62 1119 958 1747 71 1497 1075 925 1714 1718 2029 788 1962 2271 787 1086 885 2694 2121 302 2583 2736 508 1567 202 767 362 1320 2451 77 394 627 1206 2258 2293 2093 18 47 2665 2135 2077 2433 365 417 1989 361 1545 231 1825 339 1935 2728 2673 2672 1842 1130 731 2755 2596 1559 2384 1126 2722 2719 946 1290 1785 638 165 2411 386 950 1043 1783 713 230 277 1334 1786
2706 1884 2271 1922 690 2494 1080 386 2118 787 810 1940 1086 980 958 372 2663 2666 1440 1205 77 2620 2672 67 2 788 278 973 718 2378 510 1285 1184 298 1198 1206 1497 601 2583 496 1443 2608 885 1397 57 2694 2665 466 117 1785 713 1726 71 638 1899 1616 1043 880 2632 420 2433 1820 1702 1833 1602 275 454 143 508 905 750 1558 2351 2521 797 722 1953 2210 2203 654 2475 1576 1334 786 1675 2468 163 167 1426 560 334 1747 2643 23 1605 2115 672 1603 2728 1570
2271 810 787 958 2821 788 129 71 1237 1981 501 2619 1290 638 786 1062 2832 758 1923 2632 1102 324 1048 1671 2171 2411 2690 2467 2311 1506 2398 2816 2790 312 1026 394 1926 1518 752 2164 113 346 1567 2596 363 635 2806 586 1785 2043 386 1545 241 1702 753 1500 125 556 1694 1249 2616 278 49 372 2142 1481 2055 402 2749 1673 1612 108 628 2666 936 1503 2351 52 2468 2137 1932 2810 1039 1044 1614 1963 471 885 141 2232 2244 2505 2465 1716 1912 2794 8 1022 337 1043
2821 2690 828 758 2467 2361 810 786 2271 402 2794 2632 764 2706 787 1506 654 1048 471 2520 2311 346 788 113 1781 1438 377 1785 1963 2164 389 1024 998 2210 2505 2465 1500 2669 672 1923 1141 363 1671 1022 2398 1612 2244 2008 2578 52 936 129 643 138 501 1062 1583 2619 753 1503 1481 1039 1702 1941 2611 625 2765 1282 958 323 1917 1706 2353 1435 2468 1237 752 1140 2301 2411 33 1356 2025 324 1127 464 13 89 719 2142 1248 1662 1374 1843 1910 1668 1290 2806 2602 2450
764 2008 1237 394 129 1518 1368 2244 1290 2146 1567 2794 719 1614 501 2789 1351 2392 1062 825 2796 1906 1981 788 2093 1879 786 916 2280 1331 1785 1651 1673 2426 2042 1481 2142 2209 812 230 141 241 2434 1282 1500 2596 1543 324 615 2414 2258 35 2824 2284 362 2736 1026 984 2055 2018 1583 1503 1493 2357 2271 810 2682 914 2311 254 1465 1915 1022 2660 71 1940 1917 890 778 2747 52 2681 449 638 1772 779 192 2821 2137 1932 245 113 731 998 3 958 2098 367 2555 1040
810 2271 309 764 2159 129 2414 2008 861 2146 57 1785 2360 787 1086 457 761 501 1062 107 2434 1277 1028 1177 1884 856 834 324 2284 998 1368 2663 2794 2254 916 1690 1237 1517 778 2042 2234 2608 71 2176 1906 2 394 1651 786 2550 1923 2426 958 506 2682 1500 1351 2142 825 1080 2244 369 2233 1481 1507 1907 1989 2641 2821 1363 788 719 2536 690 2666 638 2351 2522 1040 9 2018 1578 1466 2311 2058 2684 2604 1922 1977 382 2706 2619 1574 654 1583 55 2760 2280 1179 2686
788 67 786 324 1940 1237 2663 1981 501 2 129 363 2244 1290 1923 2142 1662 108 2583 2543 1062 2159 627 2686 1028 372 2736 471 1690 1673 601 125 1438 1282 2271 1026 2794 1518 1500 1481 2719 1614 2660 52 1986 1747 1935 878 2821 1331 1022 2360 1567 241 2164 2301 1545 810 2121 362 804 654 787 113 2135 1604 1989 925 780 958 1833 1443 2467 1841 431 1842 2407 1465 648 2825 49 2796 2429 2137 948 2093 936 165 2414 2510 2207 2258 2393 2675 2433 18 1126 1813 1781 2690
1237 810 501 129 1981 1518 1290 2271 787 788 2821 984 1567 1062 786 394 71 52 2796 2164 1923 958 672 2690 2244 1614 1438 471 2093 1545 2142 638 1331 2467 2632 1102 324 1673 113 2596 2794 363 2660 1481 2543 1906 2398 1503 1604 2311 2411 2789 1909 758 1022 1026 2790 1662 1039 1368 2357 49 108 2232 346 1612 2832 2806 1301 1048 337 1500 2049 2085 241 565 753 654 2392 506 1024 2505 2465 1506 1465 1630 1781 2361 2600 389 402 916 1879 89 125 1932 331 1395 367 2301
1237 1567 1981 1290 764 2434 2796 394 1518 2146 2008 129 2794 1040 1062 501 2392 1500 1785 2018 825 2280 471 1435 1248 2789 2596 2536 1438 1282 324 2093 2609 1368 2682 2244 2209 2284 1604 1923 786 2029 1481 1932 810 139 719 2357 2660 1879 1022 113 1909 1651 2142 241 365 2426 1576 1503 890 984 499 2539 1614 1906 33 1915 1351 648 192 1917 878 873 1852 1977 787 2632 449 239 245 1941 2543 2137 1136 408 2293 1583 1301 1574 1505 2091 2173 998 1119 2638 457 2295 2017 779
2280 2794 501 129 1785 788 2142 245 1237 139 1481 1062 1932 52 192 324 1022 2682 1651 2164 2244 499 2413 1981 2 2091 2467 113 786 135 2663 241 2311 1977 2742 1567 1026 2789 2690 2137 61 1290 754 2821 239 1614 2295 525 1518 1503 558 2669 757 2173 2510 2756 1820 1435 1500 2042 33 1923 1842 18 49 758 1368 1438 1465 2716 1914 1728 464 1852 1331 764 1383 2378 108 925 363 2414 1662 1917 1673 1989 1179 1563 1282 2077 408 2785 1787 2536 2398 1813 471 1578 394 1543
2706 810 2271 787 690 466 1237 958 1080 2666 1290 71 1086 1785 309 764 77 2159 457 57 953 1567 510 973 2694 1205 1833 2522 1518 386 2360 1671 2392 1610 2171 2596 1938 1440 1028 1032 23 1043 2620 1690 2663 205 1198 1277 2 2203 2008 2760 761 1653 2351 2043 1940 1963 2118 1714 638 1426 1471 2608 2146 1443 158 1981 1882 1556 1576 506 834 1922 1884 1234 2234 2510 880 1702 1632 294 499 394 236 333 1184 1368 897 45 856 230 861 1363 984 117 586 2554 2153 885
2271 810 129 787 1062 958 501 2821 1671 764 1048 1237 324 2632 2619 788 1981 1923 786 2008 2706 2244 1932 1026 1612 1545 2690 471 1500 1702 1963 2467 2411 1481 241 1567 57 2832 758 71 412 628 52 2164 1024 2468 1083 363 2816 1506 33 464 643 586 690 1205 2142 1625 1022 8 1456 1438 2794 2505 2465 1941 389 1662 1630 346 506 638 1813 719 2398 2311 456 1395 2789 752 1706 2448 466 556 2044 1465 495 1610 1290 2361 312 2146 1039 113 1843 2203 1043 753 1282 2554
2663 1940 2 601 788 67 1290 2596 2789 1518 878 2029 890 2686 292 62 2583 1282 18 1989 3 2794 1842 464 2510 431 1543 1912 1443 302 555 501 417 681 1642 2451 394 1237 2433 2673 1986 2217 2392 2469 731 401 1026 125 1628 129 324 139 1699 1923 2207 627 2244 2121 1435 1599 2415 2384 245 2074 1721 1810 802 367 1932 1500 1062 1706 2085 1241 1825 2376 231 1053 2544 202 192 2728 2600 254 1655 2280 1281 950 779 2077 1876 21 380 1562 942 1787 2093 1357 1756 2509
2706 690 1922 466 2271 2203 1884 1080 2494 810 764 1198 1671 1205 761 2619 973 958 946 1605 2008 309 672 71 828 2209 23 834 2666 1785 2620 2146 2152 980 2448 117 1267 2118 2355 2450 1086 377 1497 510 2351 1726 787 2593 1702 2608 1015 2434 2414 2536 2210 880 1044 386 129 1032 1368 2176 1184 897 1351 1397 205 812 2474 825 2823 719 1479 654 2760 254 861 13 1426 1610 1062 2360 457 2521 1556 8 2602 1616 2293 324 2468 420 398 3 953 2452 856 2055 796 1277
810 2271 787 958 71 638 394 1237 2392 1290 1518 1906 1981 1614 2159 1940 718 1673 1028 2596 386 2360 2414 1567 1604 1445 1690 230 1331 2 2663 2176 362 2093 984 67 1986 1368 1989 2426 530 648 1014 2411 2510 1879 1044 1785 431 1119 2619 926 2042 2532 457 728 1841 309 301 1301 2049 1040 2234 1833 1545 337 610 764 1102 1630 1440 55 564 1277 2146 2008 2660 2796 2736 916 778 2790 211 2357 1407 1467 834 1192 2543 369 2641 2666 1938 1978 77 825 1211 1177 1476 1653
1237 1290 1518 1981 1567 2789 2660 1884 788 2543 129 501 2796 1923 672 786 2244 324 2706 1922 1545 2118 1673 980 2085 1062 852 2210 1368 1080 1706 2596 1614 2271 363 787 925 471 984 810 1022 1331 372 1438 2392 464 1718 2376 1481 2458 1662 2600 2794 2609 690 52 2357 2142 2433 2093 958 1604 2008 13 2690 764 1211 506 1026 654 1301 2608 1655 2828 2806 2250 1813 1282 2301 1940 33 2199 2821 108 1909 933 2632 2027 2520 1205 534 1610 2467 446 2164 1978 1465 125 2429 648
2789 129 1917 1062 2244 324 501 786 1102 367 1545 139 1481 2280 1368 2142 2164 1500 141 2044 2411 2790 890 2832 1989 33 2794 2055 245 1503 788 2821 1022 1614 402 2501 363 241 401 52 2594 2681 1145 534 1465 2690 1026 1941 1237 2137 449 2237 192 2429 2232 1781 1662 1926 2467 778 1923 1673 2173 731 2532 1813 2311 1438 2770 49 312 2065 471 9 394 2316 239 1612 120 758 1543 654 780 2799 1518 2191 2098 897 2632 525 1367 1282 1644 1567 1628 369 984 2091 2817 337
129 1062 1671 324 2706 501 1923 690 2450 788 2821 1481 466 52 2666 1785 2271 2448 758 8 2311 1932 828 1503 957 1736 2142 2280 1813 335 810 2244 2351 786 2690 2164 1884 1237 1032 672 1086 241 953 2608 565 1933 1612 1963 49 2669 1910 1726 139 2578 389 2632 2361 1889 1567 1605 113 861 1723 1465 2794 506 1015 2055 2816 1022 1891 1702 1026 2619 2203 2467 2091 1027 2396 2508 464 525 2522 2760 1638 973 1435 192 2137 377 1471 1556 2806 1024 1500 1249 1506 61 1198 496
810 1237 2271 1981 787 1567 958 984 1518 71 1290 2796 638 1545 2706 2411 2832 501 1301 129 1673 1102 1909 1407 2790 1062 565 1119 1612 786 1604 2619 471 2660 1331 2244 1614 2543 324 1438 2093 312 1630 2357 2164 2632 394 788 506 2789 243 2044 530 1613 2049 1923 2690 2467 943 2501 2450 2392 363 2609 1481 1032 49 1926 1742 1884 2821 852 654 758 113 241 52 2794 1978 1503 2596 1662 2142 2246 2262 1910 2505 2465 1058 2085 1671 2091 301 2372 672 1024 813 2210 402 1022
2789 2055 141 2411 1102 401 1145 1368 2044 1906 1989 1614 394 2790 2501 461 129 1628 2098 2832 1673 2747 1510 1062 367 731 890 897 324 1545 1023 71 1290 1518 1331 1644 1237 1917 2042 501 2722 2594 786 2244 2532 33 2029 2142 1089 635 1879 2164 778 788 2596 1241 369 1367 312 958 984 453 2794 2543 1022 2528 2237 1500 1926 2817 139 1407 943 337 823 998 2682 2446 2469 1047 2 2065 2137 2770 2679 916 2663 2660 2459 2609 1717 164 1119 2122 245 1481 2074 1599 694 241
1237 1290 2706 1671 1062 2271 129 1567 324 1481 690 810 2821 764 2142 52 501 394 2450 1923 761 2619 788 241 1500 2008 2434 1518 113 1368 1785 1906 2146 2244 2796 466 2632 1503 786 2311 2690 2536 1981 2794 1879 1614 1141 1651 825 2209 1466 1080 654 2280 787 2467 412 8 449 758 2666 958 1702 2669 1612 1574 973 254 2749 2596 2682 1435 365 1351 2055 905 1813 2392 471 1040 984 719 1932 1506 2608 1048 1331 812 1438 3 946 1093 1026 1941 1736 367 245 897 141 1922
309 1884 764 690 861 1922 761 810 2008 129 1785 466 2414 1080 2706 834 2146 2608 856 2159 2271 1368 2434 1906 2351 2360 324 672 2620 1177 394 1062 2244 2450 501 1277 1651 1205 1632 1481 2522 2494 916 2056 2760 2176 2280 2203 998 506 457 107 2666 1086 2042 2682 2663 654 2210 1726 1237 1198 1500 2361 828 2284 1351 1032 13 1927 1605 778 565 815 1907 2118 2821 2794 2686 1977 2 2426 2311 419 1282 2142 2641 1435 1612 786 2536 205 52 825 728 61 55 57 2796 9
2271 810 2706 787 2118 690 958 1884 980 71 2666 1205 1702 973 386 1080 1102 510 2554 2643 466 1610 1086 2521 638 1440 1198 57 586 2351 1285 2816 419 1456 2171 2619 2510 1083 1043 2672 1556 1940 205 1032 2608 2043 1671 752 2694 2832 2203 2790 2821 2 372 6 475 2663 1785 650 880 1714 23 1922 1184 298 1284 2346 1015 1545 236 786 1570 1694 2411 2760 788 454 2311 158 2632 1726 67 718 122 1026 2494 1021 759 2121 275 309 77 163 2522 943 885 117 2355 1882
1290 1518 2706 1237 2596 2085 690 1545 1567 1080 1981 1718 283 810 1922 909 2543 2271 2458 372 2796 2600 672 943 2210 984 2411 852 787 1102 1909 2494 386 1884 1407 2790 1331 2660 2262 2392 2064 942 788 2433 1017 1368 1614 631 921 2832 1752 221 2282 1316 626 925 1384 557 1636 2376 1613 1440 786 607 1627 796 1747 13 1923 1982 709 425 1673 1267 1320 4 556 980 1218 750 776 487 1043 2363 1965 966 1860 2121 501 1882 1366 2460 1119 1480 334 2011 2817 712 2118 1215
2706 1884 2118 2663 1080 372 1922 2 690 980 2494 2271 1610 298 1285 788 973 1443 2137 67 1205 672 601 117 466 464 431 2632 1086 129 2510 1435 787 2210 13 2303 1032 810 324 958 731 2583 1015 1747 2032 1570 163 828 1833 2608 386 1198 852 2543 1706 510 1184 275 2806 2686 1062 139 2666 23 2520 2578 1616 234 2760 1545 498 425 2469 125 192 2620 654 889 501 1726 1503 2351 2142 1882 878 6 1440 625 2262 1923 1374 2055 2791 758 2690 1282 1938 1480 1718 1599
129 394 501 1062 1435 1500 1237 192 1481 2794 2796 471 1438 2632 1981 324 113 625 2789 2434 1248 2244 2142 764 33 464 786 890 449 2280 241 1706 61 1543 2583 52 1506 788 1026 245 2467 2690 363 1923 2093 1977 1567 1932 1906 1879 1505 1282 2008 1022 1651 1048 1141 2146 643 139 1040 67 2316 239 2609 2669 1852 2311 679 367 2173 2539 1518 1368 2396 1290 1941 2682 1164 1503 1604 654 2660 1813 1917 810 1179 2536 314 610 2025 2392 108 2343 2191 1274 2822 2029 1050 2365
2821 2271 810 787 2789 2361 510 2690 1048 71 786 2666 1953 501 958 129 2632 1922 1026 506 690 1671 1702 788 335 2706 1080 2467 1545 2244 764 1487 2832 2521 1237 643 1471 2611 2164 909 346 2094 638 1726 2203 402 1963 2351 466 1518 1062 2398 1889 1625 1612 1500 2465 2505 2411 2816 1022 2311 1981 363 2118 1781 471 324 2044 953 2501 1605 52 2619 654 2081 2643 936 2608 508 309 1438 1797 1923 167 1078 753 1481 1290 980 1884 1530 1083 2448 1673 2760 1456 1738 2794 2199
1642 3 1940 386 1290 2686 1237 1518 1267 1986 2 863 1833 2663 2262 764 946 2593 2209 810 1527 2085 1443 1440 339 318 787 2706 2271 690 1922 1747 1938 2596 2392 1368 254 1497 2008 601 71 1958 1119 1884 1351 812 718 1567 2510 648 2146 2118 1247 2494 258 1752 958 365 1036 1595 1545 2490 1320 1080 984 1772 719 767 431 2355 2722 1040 283 1989 2796 1783 914 2434 2293 889 1198 825 2377 1574 2755 1981 796 1493 1130 1422 2538 165 1718 2433 67 1646 1794 1762 942 605
1922 2706 690 764 1080 2494 1884 510 1940 2118 2008 57 1205 1086 2146 2271 880 1198 980 2521 2203 719 2608 2244 786 466 2620 2159 1726 946 1234 788 2210 2522 810 67 1184 1923 1545 1802 247 2694 129 2360 787 973 501 1397 1028 672 1690 324 925 309 1481 2821 148 2018 1882 2284 1043 457 958 1215 2433 2448 804 1026 2672 1351 363 1841 1671 1062 508 2760 1537 2135 1525 1285 2666 1536 23 1610 265 386 2740 117 2278 506 2807 2842 236 298 1426 2376 205 1064 2258 1237
1290 1237 2706 810 2271 1080 1940 1518 2159 690 466 1833 787 764 2 2663 2360 386 1938 1986 2596 1086 1785 1443 57 2146 1567 457 2510 309 2392 2672 1440 510 1028 1690 834 2666 2686 2008 230 1043 1497 1277 648 2234 1664 71 958 1205 158 1922 1981 77 1198 1632 1040 2522 2058 431 1714 1368 2118 1772 2203 1653 1206 973 23 953 1747 1671 2209 2620 394 2694 362 1527 294 2760 1879 1351 2171 1992 2043 1841 2332 2351 2414 2018 2796 719 1884 1426 1184 1726 1989 1397 2153 926
2271 810 787 958 1237 1981 2821 788 1290 71 1567 129 638 2411 758 1062 786 394 2619 501 2832 2632 2467 113 1102 1506 1518 2690 1923 2311 324 2142 1671 241 312 1048 2398 1932 1026 1503 1044 2137 2164 1604 1086 2816 2596 1039 1614 2790 2806 2055 1481 49 1249 77 586 635 141 346 2392 1879 52 1331 1963 125 1785 471 89 2794 363 753 2789 389 2232 936 1500 2747 752 2505 2465 1912 1630 897 2171 1282 2616 1043 628 1438 880 464 2244 402 2669 1781 1702 556 625 2749
2271 810 1237 2619 787 958 2706 1567 690 1671 1981 71 466 2821 129 2666 2468 1044 1884 1610 2118 1963 1702 2361 2448 1205 764 1080 1062 980 8 1882 2816 501 2351 2246 471 2171 1083 586 788 2632 1630 1215 163 1048 1015 2094 1525 2832 1556 2411 2043 510 2203 1290 1032 506 758 638 786 1545 2690 1438 1456 2823 1889 2467 377 1500 2554 828 1923 1198 654 1614 2392 1043 1632 309 2008 301 2244 984 1481 363 2311 1530 312 2398 1487 973 2357 1026 752 1024 1518 946 2044 2562
1290 1237 1518 810 1981 1567 2271 1545 787 2706 2596 1102 1673 2411 2790 2600 984 2085 2543 1742 337 958 2458 71 943 1331 1614 1407 2832 2696 1909 243 2796 129 283 2262 2660 1017 2049 324 942 1062 221 1926 1884 487 1604 386 2789 2064 852 501 672 921 1301 2282 1119 788 1923 2501 1671 1368 530 301 2044 909 1370 312 1718 1215 2817 690 710 635 1681 631 966 4 980 1384 786 1705 1440 556 372 2357 813 1893 2782 2392 54 1554 1267 2372 565 1613 1922 2767 471 2609
2271 787 810 690 1922 1080 466 2666 958 2706 2118 510 1205 1702 2203 1884 2521 764 980 2171 1671 71 2494 2448 2361 1471 23 973 2821 2643 386 2008 1198 953 2620 2043 2351 275 2619 1488 2146 117 1083 1726 1440 335 1556 205 2474 776 1610 1184 2554 1397 586 719 1963 752 1785 761 1889 1015 638 2508 419 6 650 2608 2816 1487 1605 167 1456 1882 501 2152 2810 1738 1616 309 1602 411 327 1351 1696 98 1032 129 788 2018 2832 1102 1953 1570 278 946 1625 1525 1026 265
2494 2706 1080 466 1198 1922 690 672 1205 761 764 1785 828 2203 2008 1086 1368 1884 796 2434 2450 67 776 2663 2146 1290 2210 2414 23 2620 810 1237 1518 2209 834 1726 946 2 2271 377 2159 2351 1574 457 1351 2520 309 98 1184 2360 945 973 812 1651 654 781 2280 394 1443 1616 117 230 2682 129 1671 1578 2828 2796 1605 933 1632 2474 861 1906 1177 2355 916 719 2536 9 2794 1583 778 1374 1977 998 205 107 825 1940 353 275 104 2448 788 2602 2686 2118 2244 2694
2706 810 787 2271 386 690 1440 1290 1237 973 1080 71 946 1884 958 2118 1198 1922 2262 1567 2203 2494 980 466 1518 1205 796 2666 984 2355 1285 2596 1267 1015 638 1610 117 1086 1981 718 2392 1043 2620 23 1833 1119 1671 1184 2055 2663 2 205 301 2619 2554 1032 953 2043 309 2452 2593 2672 1653 1989 1938 1992 834 3 2049 761 2171 586 1527 1443 394 1642 2209 1497 1445 327 2686 1373 144 1471 2085 1906 863 1570 2532 583 419 1742 1605 275 510 2510 2529 2694 1614 731
764 1237 1785 1518 1290 2146 2008 1940 1567 719 1651 457 1981 129 324 394 1481 2434 2018 2209 2 165 2569 2392 2361 1062 1879 1368 812 916 2596 1592 2821 2360 501 788 67 52 2663 1963 825 2682 2284 1500 1772 2159 2796 2414 431 2142 1977 362 499 1351 2510 2583 1056 310 761 1026 1614 2280 2293 2686 1141 1917 1583 1578 1228 491 1493 998 2669 1576 2536 449 1841 1443 1506 2258 2690 786 113 2736 2745 2632 2378 1028 2295 914 777 1130 2824 945 2234 1690 2244 2254 2842 107
810 2271 788 1062 787 129 501 1923 113 958 2142 2794 324 654 1884 71 2821 241 1237 764 125 1368 2280 1026 1813 2311 786 2632 1481 1022 1922 1290 1781 2137 2465 2505 394 2164 2467 758 2663 67 1989 466 638 672 2244 1500 2118 1435 1906 946 2 2008 936 386 2690 1932 1518 1612 1351 2146 52 2398 2091 998 2789 471 1141 2619 49 625 1503 1438 1662 245 1673 776 337 2414 1567 372 525 1080 1282 1048 402 2232 239 292 62 1706 139 2029 230 980 690 2351 1248 369
2706 1290 1922 690 2494 2271 1518 386 810 1237 1080 1884 787 973 2596 2411 984 1545 980 2085 1285 1440 2118 372 2790 1567 718 1102 1671 2600 2529 2832 1752 943 1981 2817 283 425 2796 2282 1742 1407 1320 337 631 530 2011 958 298 2262 1316 796 556 2593 2620 557 2501 942 2789 2049 143 312 788 221 324 67 487 852 1718 2433 1537 1926 2458 2460 2044 1923 1747 1982 1480 2064 1656 909 1610 1301 2203 2543 243 1331 71 1909 1184 1989 1267 2363 2696 1366 921 817 2303 1614
1785 466 2271 810 690 2203 1884 764 1205 2706 2619 958 1198 2351 761 23 787 2821 672 1671 973 1080 2008 129 828 1702 1062 788 230 834 980 501 510 946 2494 2666 2118 71 2146 1922 1556 324 1044 1923 377 2620 2434 2467 1610 1481 2414 309 1723 1083 2210 1374 1228 897 758 2244 654 786 2690 2361 1015 2602 2521 163 2360 1351 1612 1559 2608 825 2426 2159 2450 2536 1605 2142 776 2794 2284 2280 1086 2336 182 117 2209 1500 926 1426 2745 1714 1249 52 2669 386 615 1533
2271 810 1080 466 309 787 2706 690 1205 761 2203 1785 958 2619 834 1086 1198 1922 386 230 71 2494 973 1884 23 764 2414 275 2666 2663 2620 861 946 372 1440 2008 2146 1368 1726 796 1906 788 2 2448 117 797 1032 339 638 107 1616 926 1351 1671 672 2118 2554 2608 419 457 1177 1556 2434 2536 905 1559 2210 2159 776 205 998 828 564 129 1632 2056 394 1184 2550 2522 583 856 980 777 2450 234 2355 1237 498 163 2426 2055 1574 2351 1290 436 885 1786 215 1971
2706 2271 810 690 787 386 1290 1080 1922 1440 2494 1267 1518 672 1237 1884 973 2619 958 909 2593 946 788 1671 2355 980 796 13 2118 372 2596 1102 2411 71 2210 1086 2821 2832 2828 2790 1949 1285 2152 1567 1480 1923 2085 2363 2529 1545 2203 2433 2666 1026 638 117 1184 1320 750 1605 1497 23 1981 984 828 1603 1982 2602 1642 2789 1882 2690 510 2262 2376 2620 2361 2460 1668 1043 1537 2468 1694 1272 1926 2694 1373 1953 501 1374 556 283 312 776 8 334 1602 718 786 143
67 1785 2663 2 2583 1080 761 1922 1198 1086 1443 1205 292 788 946 2077 2510 113 1714 2384 2777 654 230 2686 2706 690 2451 1989 1786 57 2271 2159 18 2494 1574 601 2029 1842 1559 878 2311 1884 1357 828 70 2772 2794 889 431 1125 23 2360 2280 672 62 215 1726 369 275 1699 277 2620 1237 1028 1106 466 241 2434 457 1533 1940 777 764 627 973 2142 926 302 905 278 2295 499 2137 2414 810 825 1914 2146 182 417 1753 49 873 1435 1833 2672 2277 1268 767 2008
2271 810 787 2706 958 690 71 638 1080 2821 2351 2619 1556 1671 1702 466 2608 335 1726 1797 510 1884 1922 2643 501 309 2620 2666 973 129 786 2468 2760 788 1802 163 506 2632 953 2448 2094 2521 1610 2522 752 1205 236 2823 23 1426 508 1889 2616 324 205 2508 2118 1785 1078 1939 2494 1456 980 577 278 1530 1694 643 1032 2153 2455 1953 1062 1612 386 2203 1048 1632 57 856 167 759 2278 2404 1400 363 8 2481 1602 1471 2816 1083 1923 2171 936 1940 471 419 1488 1506
1290 1518 788 672 2596 828 1923 283 1237 1102 113 2828 731 1912 129 1062 324 1506 62 2790 2767 1086 501 1813 13 2821 2411 278 125 2142 2055 1752 1981 681 1932 4 2378 2806 2762 2832 377 1668 1374 2690 878 266 1241 1510 2602 2669 2210 2085 2137 1503 1316 2599 1820 1545 2632 455 1026 2458 1563 2686 312 1965 2029 555 401 2469 386 2796 758 2311 826 839 2467 289 2600 966 2164 1628 943 2578 822 2583 292 2232 394 141 323 1747 2009 72 295 2217 2568 626 221 464
1884 466 690 761 2271 1922 2351 1080 309 1205 973 1198 810 834 2706 2118 672 2055 980 828 764 1785 2450 2666 897 2608 141 2203 1032 1015 1605 2620 2619 2056 394 2210 2823 2361 2355 2280 1726 1702 1632 654 1906 377 1610 1044 2760 71 23 401 2609 1466 205 946 2578 958 2098 2682 856 2747 353 2342 1374 2152 998 2173 1556 13 2448 1277 2494 1145 787 1023 2522 2828 2058 461 1628 288 1435 2008 1907 1891 776 2554 1402 2602 139 1368 731 1047 1533 2520 1599 117 933 333
2632 810 1237 2821 787 2271 1981 786 958 113 501 129 1506 2690 1048 402 1545 1500 2467 2311 1785 49 2351 788 2794 1141 1612 2164 1567 1062 638 471 2796 2411 71 936 1576 1963 1024 2361 52 1290 1438 625 464 363 2465 2505 412 1481 643 2669 2619 2142 1630 1435 1503 1518 654 346 394 1941 331 1932 1248 324 1923 241 1282 2398 1706 525 1026 628 1889 1140 506 758 1505 1662 1395 2137 2832 1781 408 679 1953 449 245 1356 312 2404 2244 753 192 1879 2611 2232 1039 934
1290 1518 672 1237 2596 788 1884 129 1102 1062 324 1923 2828 690 1545 2085 283 852 1086 2411 501 1981 13 980 2790 2142 1610 828 2706 1932 1912 2821 2832 1374 2669 2543 1503 2602 2118 2271 1718 386 1026 2632 1752 1668 973 2690 1922 1813 2137 810 2210 1567 1080 2262 52 49 1481 2600 312 2806 2311 466 125 758 943 786 2244 925 372 1017 245 1316 113 556 2494 2392 950 2203 826 731 942 2164 1015 4 1285 1563 221 1614 337 2467 984 1671 1331 464 377 2232 2599 1706
394 192 1237 1981 1438 129 764 1435 471 501 2434 1481 1879 2794 2796 1062 1500 2789 2632 2008 1248 625 2146 1977 1651 113 1785 1506 363 52 2093 890 1604 2029 786 2583 33 2142 1906 464 2 2682 61 2663 878 1543 1567 1505 1290 1518 1048 2244 2295 1923 1026 2822 1909 1179 324 1368 2690 367 2467 431 1989 2615 67 2413 449 1917 1706 1935 1141 1842 601 2343 162 2767 1576 241 1040 2609 2686 2392 1852 1274 2065 1102 2539 643 499 810 2669 18 1164 2536 2025 679 1503 2301
2686 764 67 2008 1940 2146 2583 1443 1290 3 2121 1642 2 2663 2209 1747 431 601 627 1794 719 812 254 1001 1518 878 1772 1086 2434 2510 2690 1915 1289 1785 1917 192 1351 2596 889 2284 2789 672 231 804 1574 1040 2135 950 1989 1595 1123 365 1212 2217 1783 2376 1237 2669 2207 1026 1810 303 2029 1997 788 1833 1958 329 1141 1899 1493 2796 2728 2350 2467 2018 2364 1438 247 1706 1500 1606 1938 2694 2415 450 2433 934 749 2767 1909 18 165 2077 1121 292 471 1923 1497 1434
786 2821 2690 1481 2244 113 2467 1500 2465 2505 52 758 1781 471 1048 129 1941 1062 241 2794 346 2142 1438 1506 753 2632 363 2398 33 501 1671 1140 1024 2164 402 1651 1785 2311 1662 788 1465 936 389 1435 1022 2137 1039 192 840 1141 1612 2316 643 998 2765 2280 1356 1282 1932 2017 1237 2025 628 1923 625 61 464 1274 1026 2634 108 2232 89 200 2429 2669 2285 2407 324 2091 1127 1583 1008 1503 2301 467 1635 239 1050 49 2789 654 383 810 1248 1706 1655 2271 452 2806
2271 810 958 787 2706 1884 690 980 1290 2262 1237 71 1080 2118 386 672 1102 973 2355 946 1440 1015 1567 2722 984 1285 1198 1267 2593 828 2055 1518 2619 13 1642 117 2210 638 1610 2596 3 897 377 466 1205 1628 2666 1374 1436 2203 1044 2411 2543 1119 2602 2790 1922 2336 372 731 2529 1668 129 234 1062 1510 2578 380 2085 2520 1086 401 718 298 2450 1614 852 2494 1272 23 143 2828 1718 141 265 62 2832 292 850 1331 2098 2747 1456 1570 2600 2303 2392 788 1480 1599
2706 386 810 2271 787 1440 690 71 1922 1080 2494 958 796 1267 2666 973 2619 1671 1290 1884 2203 2355 718 2118 2262 1198 466 1833 638 1497 1184 1237 946 2392 583 953 1518 205 2620 2209 1119 1940 1938 1445 980 2529 2043 1205 117 2593 2686 1285 1653 586 1443 23 1747 1471 1527 301 167 309 984 1986 2152 1989 761 747 1642 1373 863 1567 454 764 1043 834 8 2171 1605 2452 1015 650 2201 3 1363 588 2596 1426 2 510 1610 812 2663 1040 143 1537 1487 327 1709 2554
1237 1567 1981 1290 1518 2706 2796 810 984 506 2660 471 1545 1438 2271 1909 2543 1604 394 71 2450 2357 2392 1614 565 787 1331 1102 1673 943 1301 786 1742 2760 1119 1032 958 2093 129 2411 2210 672 2696 1736 2609 2596 2789 501 1884 1671 2085 2790 2608 301 1481 2044 52 2501 2262 337 1978 13 2832 980 530 2458 2433 690 852 1610 1407 2049 1638 2118 1906 367 1923 2244 2690 1917 2600 324 788 2065 2425 1062 2246 1613 1910 909 221 1368 1017 1503 2632 2142 363 2442 2467 1456
1237 1290 1518 2686 878 292 394 764 2093 2596 2543 2029 3 2796 1368 2008 1567 62 2663 2392 2146 2 302 2451 1794 2458 2085 254 2384 1642 1981 1443 1783 2600 1906 601 1940 417 1351 2209 67 365 812 1989 2426 2459 555 1614 2824 2284 788 431 21 1604 779 1915 1909 1879 2510 615 1040 288 2217 681 9 2660 1699 802 886 318 114 361 78 14 945 1686 984 893 1978 2262 243 2244 719 2364 1562 1985 1331 2414 2434 778 2609 2794 607 2018 942 767 1268 1833 597 1301
1290 2706 1518 2271 810 2411 1102 1086 386 1237 1545 2832 672 828 943 312 2210 2790 934 2694 283 2596 1752 788 1820 958 2044 2544 635 2501 496 690 1923 1963 2142 1671 372 787 4 1422 2578 826 377 2722 556 1503 464 129 718 1525 1884 1062 13 1981 2520 1436 2583 67 2378 2032 221 1374 324 2632 973 2280 1267 1440 245 1567 1407 852 2724 2669 266 1949 1043 2355 1912 139 950 626 1668 1024 2593 1910 1706 758 323 2085 1932 2121 1386 2828 880 2311 2602 1958 1718 2262
2663 2 1940 1443 601 1833 925 2510 431 1938 67 1407 2736 1986 788 165 889 2767 2649 1218 947 18 2686 885 2755 1842 1860 1130 2029 1962 97 2050 1935 2728 1126 508 1545 258 2543 1649 1086 1435 77 2672 2583 1606 2135 1320 1747 231 1825 1369 878 958 943 663 1463 2538 2719 518 2411 767 1075 1045 2825 62 197 1212 1444 2121 161 713 491 1989 202 1206 194 2724 71 2393 2766 769 2694 1422 787 2392 712 1056 638 950 627 1102 2423 362 1328 2041 2558 1944 1855 1993
1290 2663 2029 878 788 1368 1940 292 1923 2 601 62 1237 501 1518 129 555 324 417 3 2451 2209 2146 1915 302 2434 1026 1062 464 2384 1986 125 1438 1351 1574 1706 1500 2686 1443 681 672 471 394 67 1562 254 363 786 1642 1794 2596 654 2510 2142 113 1888 1932 2423 2459 1989 764 2789 2217 2794 825 1086 2543 893 2392 78 289 1813 779 1981 1282 812 2301 21 1435 925 2008 361 2632 2415 2669 18 1912 1917 868 402 2244 579 1655 431 282 1576 245 1772 731 1510
2271 1237 810 690 1671 1981 2706 1567 1702 71 506 787 958 1032 466 129 2118 2468 1610 1545 501 1963 1456 1884 2448 510 2821 2619 2351 1062 2608 980 2816 2760 1205 2094 1083 2411 1797 2632 471 565 309 2643 1889 163 786 301 2666 8 1015 1638 1726 1048 2522 1290 586 2832 1556 1481 1500 2554 2442 1080 2823 1923 1044 788 2246 2789 1525 2244 205 973 324 2203 1632 1438 1802 764 2450 2740 335 984 419 2044 2690 1625 894 1882 957 2060 2749 2521 2278 2562 1662 1922 2660 1910
2271 810 690 958 2706 1884 787 2118 1080 980 1086 1940 386 510 71 2494 1922 880 1198 466 1205 77 973 2694 2666 638 1440 2619 718 672 1497 1714 57 2521 1043 1545 788 205 1610 23 372 1102 2351 1576 1702 508 2672 2210 1285 1456 786 828 1374 1184 1653 1671 2510 117 158 275 885 454 2602 796 2690 163 925 1668 2468 167 1426 2203 2663 2411 2 1234 2821 1752 129 1785 1422 1284 839 2832 1726 431 1986 324 2643 1570 946 1083 6 1802 1494 501 2529 2554 1062 2632
764 1785 2008 2146 690 2821 2706 828 1086 129 1506 719 788 2690 2284 2632 1500 57 324 654 2467 1671 2018 2244 672 501 1612 13 810 1062 466 2203 2520 2669 2448 377 1080 1923 2351 2209 2494 1726 2210 1884 1048 1940 346 1205 2468 1922 1198 786 2434 1289 643 1576 1481 1351 640 2311 510 812 113 471 363 2414 2152 2806 1802 1605 1438 52 1702 758 880 936 2620 1078 2505 2465 655 1141 1022 402 625 138 205 2176 825 2271 2611 2398 49 973 1941 1915 2360 2794 329 2828
2706 386 810 787 2271 690 1440 1290 2355 2666 1267 583 2209 1080 764 1518 1671 71 796 2593 1237 973 2146 2008 812 1497 3 2619 1351 1642 958 719 953 2494 1922 1247 2043 946 1567 2262 2203 1043 2171 850 1664 1198 1772 23 466 2152 1471 2596 1915 863 1044 718 2284 2336 254 1373 914 650 909 2018 318 2201 588 1493 2620 2672 2824 35 1487 615 2529 1605 2361 1368 303 2392 1527 874 1882 1742 294 825 339 1981 2751 2691 8 144 1574 1040 309 205 2085 1363 1289 1119
2706 1884 690 828 672 2118 1922 1080 1785 2520 2666 980 372 377 2828 2271 13 386 2210 973 2690 788 2821 1610 1570 265 1086 787 1440 2632 1397 1923 1015 501 2806 2378 2663 278 475 2467 1374 654 510 1205 275 466 1605 926 2602 1537 1916 1198 2521 2346 2 2351 2448 962 810 129 2669 1603 1668 640 2672 1443 1702 23 2152 2620 306 182 650 786 1506 1786 1559 1257 125 1912 2494 1026 946 420 1971 1106 1671 1706 1285 2171 2043 1062 2311 1434 323 2510 298 363 2578 601
787 810 2271 2706 466 690 958 1044 1080 1198 71 1205 1610 2203 953 1884 2055 386 1015 2351 1237 946 1440 1032 205 973 498 510 1671 2666 2118 2448 23 141 897 828 401 638 1567 2747 1290 761 1043 1471 1023 2522 2760 1556 163 2578 265 1922 2450 309 2620 394 2596 2171 731 292 2750 1518 1726 2572 2201 1249 2355 980 62 230 1628 2749 1702 2791 1368 672 1510 1882 1602 834 2619 2722 2608 377 2725 1668 419 752 1119 1525 1374 1802 2464 2056 2602 2508 2262 1785 1445 1321
1237 1290 2 2663 1518 878 2686 67 2796 1368 292 764 2008 2029 601 1989 1567 394 2093 431 2146 2543 1981 2392 2451 1940 62 2426 2510 2384 2596 2794 1443 365 3 2284 1040 302 2209 2244 2583 1794 1906 417 984 2280 1614 555 2660 369 1699 1642 2458 1842 1351 719 18 1604 2434 788 627 2217 2042 1783 254 610 1915 825 2459 1833 2789 2018 1282 2600 129 767 114 2065 802 648 1331 2736 33 2414 2532 2262 501 9 202 21 681 1500 779 2085 1747 2609 2142 615 2824 464
1922 2271 764 810 2414 2209 761 1198 2008 690 1205 466 1785 2619 2203 309 2146 2450 2494 834 1080 2176 1884 2706 1940 205 401 615 1351 973 2434 230 2284 2055 812 946 2360 1671 141 787 2118 728 1177 55 796 71 107 897 2641 2159 2452 23 35 1277 394 2824 958 2620 461 1510 2351 477 2355 1368 2536 1906 914 1702 1841 1574 719 362 2426 1772 2608 303 672 475 2550 828 457 2098 752 104 2 926 825 2747 776 1289 980 638 1015 1559 1714 1726 117 1628 2750 564
2271 810 787 958 2706 672 690 1884 71 386 2619 2666 1440 828 2355 2118 129 466 1062 638 1080 13 1086 980 2450 1102 501 1671 1290 897 973 3 2602 377 2055 1374 2210 1044 2203 1642 117 2578 1198 2262 2828 946 265 1668 323 2411 2361 1267 2593 2336 1923 764 2520 1963 141 1205 933 984 718 788 324 1922 1249 372 1436 640 850 2529 1272 1736 1015 2832 1910 254 1933 880 1237 2790 1043 401 839 1882 586 2722 283 1610 2596 2747 2098 23 143 731 1510 758 1630 1456
2663 2 2686 810 601 1443 2271 767 1747 787 67 1368 2029 1833 1989 431 1794 2510 62 2583 958 878 2796 889 638 1290 2008 292 1938 2217 731 764 71 2596 302 277 1642 1518 361 1237 1119 417 2459 950 1783 1769 3 886 2451 555 2392 2146 394 2074 1557 9 492 2384 1211 2262 1699 2244 78 681 1599 380 718 2415 1906 916 114 2543 2065 365 2532 2722 2093 1770 2685 2121 1579 579 515 324 129 1256 1691 802 627 2077 1940 70 254 18 2469 1320 2665 386 427 722
764 2008 2146 2686 1785 1237 2434 719 825 2209 2 2663 67 2018 1290 1443 431 1518 3 1989 1642 2583 2361 672 2293 1040 2284 1714 1940 761 1567 812 1747 1574 2392 601 1351 2510 1651 998 1922 254 9 2536 1368 1833 1614 499 828 457 779 394 1772 1981 1915 318 946 2596 627 1963 778 1917 2682 914 1914 1289 282 2353 365 2745 2360 362 1842 230 247 2077 2159 1493 18 1595 1938 2085 1228 2280 1583 2593 777 1198 1879 310 2378 2777 516 369 2093 916 2258 231 945 35
1290 2706 386 1518 810 1440 2271 787 690 2262 1237 2596 1080 1884 71 1527 1922 1833 2686 973 3 2118 2672 1989 1198 2600 2392 1119 1267 1443 2203 718 958 2085 372 2663 984 2666 365 1642 946 2543 1747 796 1043 2494 2209 2620 1567 2458 309 980 1992 2 23 2146 1938 1981 1205 764 885 942 394 648 2532 1978 487 1351 339 1457 583 1614 2593 863 610 2008 2755 211 1497 1368 1331 1040 1906 2355 258 466 143 301 254 2093 1017 1285 1184 1604 1718 605 1015 2049 318 852
764 690 2706 2146 1671 1086 2008 2821 788 129 2690 324 719 1062 880 828 501 672 2244 1576 2467 1923 1351 1481 1915 1506 2209 1702 2378 466 13 1500 2669 2018 2203 2632 2694 52 786 278 1083 758 1026 973 1289 2468 2816 2806 812 2361 1785 2284 346 1027 2475 2311 57 1912 1048 1080 1813 2210 2152 1612 776 2448 1420 377 8 1267 1957 1932 2355 2762 2824 825 1605 2214 2351 2828 2520 1465 810 247 35 560 2602 2593 470 363 1820 113 995 934 586 456 640 1205 2434 77
810 2271 787 386 71 2706 1440 958 1267 690 1940 2686 638 1237 1290 1833 718 1527 863 2355 2619 1642 3 1747 1518 796 1922 1119 2392 1986 2494 2593 1938 339 1443 2262 1080 205 2118 1445 1497 1198 946 973 2529 2209 2596 1884 1981 1671 2203 309 1567 834 283 1545 2258 2201 1040 1184 2246 1630 301 365 583 2085 889 761 1646 2433 1422 984 1989 1709 2796 648 1664 605 254 1285 1479 318 764 2377 466 1841 980 747 1368 477 812 143 1130 362 1043 2152 1978 2666 610 2
2821 129 788 1062 1785 2271 324 2142 1923 501 810 1481 52 466 241 690 764 2690 113 1237 2632 2311 1503 2619 786 958 2467 1141 2244 1500 1026 2669 1506 2794 1048 654 758 787 1086 1612 1813 1567 1435 1671 1290 464 672 1932 828 2008 2706 2351 936 2203 2806 1884 1706 2666 412 1022 2280 346 471 2137 761 192 1368 1080 2434 625 1438 125 2146 363 449 628 1465 2398 880 245 1559 49 1093 998 2164 840 525 389 1941 2209 139 61 778 2536 2055 2025 1574 1282 2448 1922
2271 810 787 1237 1981 71 958 1567 2619 2821 1963 2468 2351 129 501 506 638 1671 1702 1889 1032 301 1630 466 2411 2706 2044 2246 2832 984 690 2632 1048 1062 1556 764 471 1500 1545 1044 786 1797 2448 2094 1632 2357 1456 2666 163 565 394 2398 2442 1438 2501 309 1083 2643 1610 2361 312 1290 758 2816 2660 2608 1625 2466 324 1530 788 1612 1215 2164 957 1301 335 1604 2690 1941 2760 2467 752 2481 856 1614 2244 2796 1078 2789 33 2081 419 894 2060 2823 2554 2562 2049 1487
690 2706 1237 2271 1290 1198 466 1080 1922 2666 2203 973 1884 810 386 1518 2118 1940 2355 1267 1671 2620 3 1986 1642 761 787 2596 2392 2686 764 1440 1184 2494 796 1205 1610 1833 946 1015 980 23 1567 2171 1443 2043 301 309 283 1119 510 2209 1527 205 2262 1938 958 812 294 117 1426 71 718 672 2361 1702 586 254 953 1632 650 2008 834 1570 1981 1605 2593 1086 2201 2608 1714 825 1841 318 1653 362 2450 2085 2146 2760 2 1614 2152 897 8 1497 1397 2258 1726 1040
1671 129 1062 324 2450 1481 2821 52 2706 501 1785 2280 1923 828 466 690 1932 788 1503 2142 2578 957 2244 758 2690 1237 139 192 786 1736 1506 8 1500 1813 2311 2351 2467 2669 1249 1567 672 241 1612 764 2055 2164 1910 113 2361 2448 61 2794 1022 1465 897 1651 2173 998 2025 2396 1638 141 778 389 1726 1933 1941 2342 245 49 1533 861 499 394 1435 2091 565 335 1889 1891 2742 471 377 825 1368 1723 346 408 1145 1290 464 1781 1024 2137 2666 1027 2355 761 840 449
2706 690 1785 1884 2821 1922 2663 672 2 788 1080 129 828 466 1086 1198 1062 2271 2118 2690 1205 2244 980 501 1610 278 2494 2666 973 2311 2467 324 786 1671 1923 601 2632 758 2510 1022 402 1500 2669 2210 654 2520 2794 2762 117 23 2620 1726 2203 787 2448 241 2351 936 2602 1026 2142 363 1443 2137 2608 510 1612 1374 1426 880 2828 810 1912 1456 346 1668 2521 1833 508 377 1481 1021 13 1282 275 1015 953 431 2280 1503 958 49 52 113 1048 1570 946 1891 1184 471
810 2271 67 787 1237 2663 2 1940 885 71 1290 2159 958 1518 309 1981 1989 2360 1277 648 925 1028 1040 1368 834 1192 627 2392 718 601 2345 1014 457 1043 2176 2583 1690 764 2414 1567 1320 2008 1986 394 1992 431 1833 1935 2532 2510 2146 372 1673 77 638 1962 610 2755 365 1211 386 1440 2234 1545 202 728 1086 230 234 2373 1443 722 1922 2609 1177 2685 1527 1906 2388 1254 2736 2058 369 2434 2209 2118 2641 1497 55 2543 1606 1351 1794 1517 1630 446 530 57 605 1301
1940 1290 2 2663 1518 67 2008 2146 764 431 2596 1237 2510 2686 601 2796 1986 2093 324 2392 788 1989 2583 878 2029 810 129 1368 501 394 767 292 722 62 2271 731 719 1443 1211 3 1699 1794 1747 1642 2262 18 627 1062 1833 2543 417 2121 1906 786 2284 1842 302 380 2244 2217 2074 1026 555 2077 2434 779 401 2665 2414 2142 1628 1938 1614 2018 2736 681 2609 2789 2085 2469 1935 2055 2159 1915 1040 2600 2426 202 1574 787 1599 1825 365 1923 1879 1209 825 1289 958 2459
2686 2663 2 1443 1290 1368 2796 810 2029 1518 601 1237 62 67 292 889 1794 764 2008 2596 394 1747 1989 1833 731 767 2583 302 1642 431 417 2271 2392 878 2510 2262 3 2217 1938 2543 787 1119 361 2459 958 2093 1906 2384 2451 555 71 2146 1783 886 1567 2074 638 277 78 1599 2722 681 1879 2085 2469 719 492 254 380 2244 984 365 9 1211 2415 802 21 2121 1002 1769 2600 1562 114 945 129 916 2357 1351 950 579 1398 2065 1557 1256 427 1579 1686 1978 893 1699
764 2008 2146 1785 2414 2434 2789 2360 1237 457 2159 719 394 2284 2018 1518 2176 2796 1567 1290 1177 1981 2244 825 1028 728 2583 1940 107 1651 1690 2550 1507 984 2209 2536 834 2604 55 1917 129 1500 2234 2686 998 1604 1879 1481 67 1583 1026 1040 324 2 1351 2641 1906 778 499 1062 501 1289 2065 812 2093 1368 2392 1543 431 1277 282 1493 382 2596 2426 2794 2682 1935 2254 1574 1434 2077 165 33 2042 1899 243 52 2660 779 1506 1909 890 1104 916 1915 643 1614 2663 362
1922 690 2494 1080 2118 1884 2706 980 973 510 2203 466 1205 1015 1397 1610 2271 2666 298 1285 946 1184 117 2152 1198 2620 1605 23 2521 1702 1570 2593 372 420 1738 275 958 2351 1267 1671 1616 787 810 386 1537 167 1488 1502 1602 796 1456 1426 764 2448 2171 148 2043 2608 1545 1556 594 6 1026 1603 98 1726 1953 1032 2643 1882 327 425 953 334 1963 163 2355 750 1083 1866 2691 2807 498 2179 2816 1400 2303 375 1043 776 1497 475 2751 650 788 324 2508 1284 2823 586
2271 810 1237 787 1671 1963 1981 958 1567 690 1702 2411 2619 2821 2706 786 1545 71 2832 129 506 1032 2044 1481 2468 2501 501 2789 1290 2244 1062 471 2816 984 8 1048 764 2632 1407 510 1456 466 2690 33 1625 556 1662 324 2118 1500 1438 1923 2790 1102 1797 2094 2361 1884 2351 2643 312 363 1026 788 2448 586 2608 241 2164 635 52 1614 2467 1022 1083 1205 1610 1889 980 1917 638 1926 335 2554 2609 565 2203 1518 1726 163 301 2246 2760 1941 758 1630 1612 2398 1604 2081
2271 690 2706 810 2118 386 1884 787 973 1086 980 1102 1440 1205 2666 510 1043 1080 1285 1545 372 1922 298 2790 672 2210 2694 466 6 2521 880 1570 1198 958 1702 1671 77 67 1610 1422 2411 275 2203 2121 2672 2494 943 1694 71 2832 828 750 475 23 2816 158 1603 1184 2355 2643 885 2171 1397 2583 718 454 1926 334 1015 2351 2043 2 2817 2663 1221 1537 283 1882 1284 2619 1605 586 1752 2501 2152 650 2554 2529 13 496 2821 420 1267 1738 221 2346 234 312 1668 826
501 129 1062 2244 786 788 810 394 363 113 1500 2142 324 1481 367 2796 1923 241 2271 787 2596 52 1879 1141 536 2280 2794 1438 1282 1465 1932 1268 125 2465 2505 878 449 1662 958 1435 1906 2093 1026 1506 62 2137 1543 890 2090 471 1290 1237 1981 2301 2821 1781 1699 402 2055 1655 638 2232 292 2029 1873 780 1518 680 681 2716 1941 2411 1008 243 33 49 2681 822 1022 2396 245 840 1102 2467 1503 1813 758 2407 108 401 2429 771 1588 654 2742 625 2686 61 2632 2191
2271 466 1884 810 1922 690 1205 1080 2118 129 2351 2280 2311 2706 2203 654 1785 761 672 1198 1062 788 2794 324 501 113 980 2450 2620 525 2632 828 2142 1612 1671 787 163 2821 1923 1435 23 1556 306 309 973 752 2608 2666 2244 2448 625 71 2494 764 1032 2619 2169 1368 946 2346 475 1503 377 1481 758 49 2055 2091 1022 510 1726 786 1610 2361 1702 1891 998 2164 1015 936 776 2828 2611 2173 1500 241 205 1397 141 117 2508 2434 2760 2210 1024 1916 958 2554 834 1248
1884 2118 2706 973 690 1922 980 372 1610 1080 1205 2271 298 1015 1570 2666 672 1285 510 787 275 466 2152 386 1397 1198 828 2494 1603 1912 1537 2210 23 2828 2351 1702 13 454 2520 2203 2608 420 1671 1605 2620 2521 475 6 2821 278 1440 117 2115 1456 1916 2346 788 1723 962 2448 1086 1785 1726 2690 2014 1556 946 1184 958 750 1616 265 650 810 586 306 2791 377 2502 125 2762 1026 334 640 1706 1426 2663 1923 285 1488 2 2768 2171 2303 2467 375 464 143 425 2378
2271 810 787 2706 690 1080 1922 958 71 386 672 909 1884 1671 973 2619 1267 1545 638 2494 1440 980 2666 2361 2832 372 2593 2118 2411 1605 13 2790 946 2152 1102 1953 510 2210 556 1285 2789 2203 1602 764 2821 796 1198 2828 8 1926 1694 1702 283 1456 1882 117 312 2044 2620 2355 2146 586 2468 2094 2529 1272 788 750 1026 2501 828 776 1237 1290 635 1949 640 1603 933 1525 466 1386 1049 2616 1205 2521 475 1397 1184 501 839 2008 718 1668 1923 2690 129 719 2602 508
2271 1884 466 958 810 2706 1237 1922 1080 690 980 787 672 71 2203 2118 861 2351 1610 309 129 786 2666 510 506 815 1205 1556 2608 1086 1518 1567 501 2522 1290 1545 2760 2448 1032 856 1198 1062 77 363 638 1668 1630 2494 973 2210 163 834 1277 2543 117 1119 565 1368 1726 471 1215 139 957 1438 1015 2411 1702 2450 1576 764 13 1426 324 2032 828 1882 1102 2197 1374 788 1184 2602 1605 236 933 1963 301 1844 609 2619 2620 1981 2578 1736 2694 2690 2828 1933 23 498
2663 2 1785 1086 2280 67 1205 1443 129 2794 788 672 761 18 764 1435 2434 1198 1842 324 654 2295 1922 2244 2008 828 309 2583 834 466 2159 2510 394 601 2077 2413 113 2311 1989 2146 1080 861 2706 625 1368 1282 2360 501 1726 825 1884 1714 282 2142 767 2173 431 2414 499 1481 2608 57 2450 1062 690 1923 2777 277 230 1248 1940 2176 2494 2686 1914 292 786 1574 878 558 365 1040 1022 1277 457 1906 2536 728 135 369 777 380 2029 2772 367 679 1351 2384 2796 779
2271 810 787 1237 958 1290 1981 1518 638 129 2821 394 71 2619 788 501 1567 1062 786 2411 758 1102 2632 1506 2596 2055 141 2832 2690 2311 2467 324 1039 2747 1503 2142 1500 1923 2789 1879 2392 113 2398 1438 1048 635 1604 471 49 1026 312 1481 89 402 2232 2790 363 1145 2098 2164 283 2806 52 401 731 389 2796 1047 897 625 2794 241 2244 1671 1932 1044 1023 1926 1906 1282 1941 2049 1614 753 1781 1909 1545 628 654 2044 346 530 1331 449 1301 1630 840 108 2616 2501
810 1922 2271 1198 1080 1884 1205 2494 690 2706 761 2118 787 67 466 309 946 834 1785 2663 23 2203 230 1940 71 2 973 958 764 205 1726 2619 275 2620 2209 980 2583 654 926 362 2008 1443 394 2414 2351 2608 117 905 386 457 2360 2159 861 638 2176 2434 564 796 1906 1368 1986 1237 2210 2736 1277 2262 1841 788 2146 1702 777 2392 2293 672 1616 1351 1440 828 1426 2450 1184 1028 1032 1086 339 104 1610 2448 1015 113 292 298 625 1714 615 163 1435 372 1574 1671
2271 1922 810 1080 690 466 764 1671 510 2666 787 2118 2203 2521 1471 1884 2706 1237 1963 2171 1981 2494 2816 1702 2008 2043 129 2554 1205 1567 752 2361 2351 980 958 1032 2821 1397 719 335 953 324 1043 71 586 501 419 2620 1488 1610 1062 1889 2448 1487 2619 1632 1602 761 1015 8 1738 457 2832 2508 1605 1481 2146 1953 1026 2643 2414 1290 1726 386 973 1891 2060 1090 2823 1785 788 23 946 2608 2789 1456 1198 1518 894 57 2522 1556 2153 1612 1351 1614 2360 594 2810 2152
764 466 2351 690 2821 2008 2271 2146 2361 1671 2706 810 1351 1785 719 129 2209 501 1702 1062 324 2203 1605 787 2619 2448 812 788 828 2690 1506 2434 2666 2632 1080 905 1612 2152 1923 752 776 1086 2467 672 2536 973 1963 2414 2508 163 1726 510 1083 1198 35 2816 2018 2311 1289 1922 2824 786 880 1205 1915 1889 508 643 1574 294 2284 8 758 1632 52 825 498 2468 1953 2171 1696 654 1500 1493 1497 2169 377 23 353 2611 2210 1048 615 1556 386 278 2355 1891 958 13
1884 1922 690 466 1198 1205 2494 2706 1080 2203 672 810 2271 2118 828 761 973 1785 654 23 980 946 377 2351 2450 2210 129 1702 2620 324 2280 2632 2520 2828 1671 764 2311 2608 2 788 117 1726 1612 2794 2663 1184 776 113 309 1015 625 1062 2244 2448 834 163 525 796 2821 1610 1923 501 1032 2142 1397 2055 1426 1435 933 2602 1556 1374 2434 67 205 2669 98 2008 475 298 353 1616 1351 306 386 1537 275 936 786 510 787 926 2572 958 781 1605 1086 1506 2467 420
764 672 828 2008 2146 2209 2293 1642 3 812 719 254 1785 1351 2828 2214 377 1915 2686 1290 1957 825 2520 272 1066 2378 2475 831 1237 2361 13 914 1820 2824 283 2018 1518 1595 1574 1368 946 318 1772 35 2210 1493 2434 384 1420 560 2602 2596 2821 2690 1374 2578 15 1668 1102 896 690 776 1443 247 409 1203 256 265 933 615 1198 2 2284 1289 2490 640 2353 2663 1226 292 995 779 1026 9 2536 1762 2583 431 67 1222 1922 2443 1958 516 1989 1567 303 479 788 1651
810 2271 690 2706 787 71 958 57 1702 1080 1940 2118 2351 510 638 1671 2821 2666 2554 1785 786 1884 466 2608 2643 1576 980 1032 77 1086 2619 419 2522 1237 2760 2789 2 1714 1632 2690 2153 236 788 1198 2663 506 973 309 1726 508 1234 1610 894 205 23 1043 2448 1205 167 1556 2521 1083 1456 163 45 2694 2311 491 499 1592 925 2056 2816 828 1602 362 2569 880 324 129 2510 363 8 47 1694 1284 454 1102 2128 501 1841 421 1802 2616 885 577 471 759 2210 1481
129 501 1062 788 2142 1989 2794 192 2690 1022 324 2244 402 2789 1481 2821 52 2280 786 245 758 363 654 2311 139 2632 1503 2467 2137 1923 2164 1813 2232 1368 1500 1438 471 113 1917 369 1662 141 2029 525 33 2806 2669 1026 672 449 452 2055 1781 1435 61 1282 2532 828 367 1612 936 1145 2686 1048 295 2716 1787 2539 1506 241 534 346 1102 2611 822 2578 62 1465 2384 1562 1906 2594 417 778 331 239 49 1378 2042 2663 2396 2429 2044 377 389 998 1039 2025 2505 2465
67 2821 786 2794 788 1022 2244 2164 501 57 241 129 627 363 2142 2583 2608 2091 1922 2521 1026 510 2467 49 1481 2690 2159 324 2669 1282 2632 1205 1923 1062 2311 1935 1500 2135 1465 1940 1503 1234 471 654 758 2118 1781 1438 457 52 1726 1048 1662 113 346 1785 1506 925 764 1024 61 1039 2760 2505 2465 108 1028 2433 1021 506 1612 936 2360 508 2825 1212 137 2280 1606 2522 643 1932 2025 1690 2842 1820 780 1884 236 192 1899 525 139 402 2258 2665 412 239 804 722
501 788 129 2794 1785 1062 1500 1022 241 2821 2244 1923 2632 786 1026 1102 2142 1503 113 2311 672 1917 1048 1781 1282 2411 278 2232 2467 758 402 324 2465 2505 192 2164 2762 2669 2789 2137 1506 2280 363 1024 125 1039 2690 764 449 654 2599 1612 1940 1655 89 1438 2146 787 2832 471 464 49 2611 1141 139 2 958 2008 1813 2663 2378 778 138 283 1543 1912 998 936 1465 200 890 2396 1481 525 1711 389 1545 643 1932 1941 1706 2271 346 2790 2398 2316 1021 141 2044 1248
764 2008 690 2146 719 1671 2361 2209 466 1785 1702 776 2706 828 2821 1083 1351 2203 672 1289 2271 2210 810 1915 812 2018 2152 2474 13 2434 2351 2690 825 1086 2816 2353 1506 973 1198 2284 353 1574 2632 1525 1205 247 510 1625 98 1497 2593 1576 254 377 2536 3 2094 1963 880 2467 1922 129 1493 1668 1267 35 2824 2355 2602 2828 2278 2666 1642 2619 1080 8 2171 2520 1605 1772 586 2572 2448 501 786 1612 640 2468 1062 1237 914 1048 265 1696 779 2521 787 303 2643 1500
787 810 386 2271 958 1440 71 718 1267 1940 2706 1833 690 143 638 1443 1986 863 796 1884 2686 3 339 1642 2529 1938 1080 946 2494 2619 1445 1290 2593 1497 2118 2262 372 1747 1368 2672 1320 2209 1518 1630 1527 1043 1545 117 1646 1664 2596 980 973 1922 834 583 309 318 1285 2355 1479 557 1184 1198 283 2 2663 889 2460 254 1237 885 2392 764 2246 2755 23 1119 2203 365 750 77 1574 2666 2543 2146 1989 2008 1351 797 1982 2085 1718 2363 1841 362 1196 265 1691 1641
788 810 113 501 129 1062 787 394 958 2271 786 2794 2411 1923 1237 1102 2137 363 2142 324 2164 1282 1879 1435 241 108 2632 2244 1022 1662 2093 2634 2029 292 71 822 1026 1290 1039 1503 2280 2232 536 2790 2465 2505 758 125 1518 1248 1407 1781 2091 1932 638 1785 1981 62 1048 1533 1906 878 2398 89 2407 302 1438 1481 680 2311 2384 471 840 2301 2426 499 2044 402 2501 2682 1655 1268 2451 1813 2596 1506 1644 2832 78 239 2821 936 764 2817 1465 2796 654 2742 401 49
2663 810 2 1290 501 787 788 786 1237 129 1518 601 67 878 394 2271 363 2796 1981 2686 2583 1842 1062 18 2794 292 108 1940 2029 2093 2596 2146 1282 62 1923 1699 2121 52 885 1443 2451 324 2244 764 2142 1001 958 2284 1438 1915 2510 421 471 1833 2384 1989 912 2373 1756 125 1706 1567 2301 431 2660 2008 1662 1159 1543 1086 1794 648 654 2632 2392 2543 1614 1026 681 202 1506 1500 113 1481 1040 1435 2434 1986 1906 302 1368 1747 925 2159 2690 2042 234 1331 1351 446
394 2244 129 1237 2796 2093 501 764 638 1435 2392 958 1062 1906 2280 2029 787 786 113 1481 2008 810 625 363 1368 1981 1119 2747 1879 2794 2146 1438 1500 2142 1567 1268 536 2098 2638 2357 788 1282 1145 2055 2384 52 62 71 292 878 2434 2539 471 324 1518 890 2295 2 2663 1248 2609 2271 1465 2451 1503 1407 2333 984 1604 449 2042 408 192 2191 2686 417 916 1443 2716 499 431 1989 1506 1543 2510 1505 141 2736 679 780 1662 1699 2543 2789 1399 2343 367 2411 1047 1842
764 2821 2690 1785 2008 2146 2467 2706 719 2434 786 2018 1500 346 2669 57 2632 501 2378 1021 1671 129 1506 690 1026 324 2311 2271 1923 2284 825 1481 1102 788 457 52 363 1027 1048 2209 2475 758 2832 787 995 2666 810 1141 1351 925 1503 2210 2794 1702 2293 241 2789 278 508 828 1940 1726 752 2214 560 1820 1957 1612 2505 2465 402 1062 335 510 312 2448 1420 49 2536 2521 2142 2520 1941 2244 1922 449 2 1228 1022 2164 329 1574 2816 1917 272 812 113 2608 2351 2316
764 2008 690 2146 719 1671 2706 2821 129 324 2690 1062 788 1785 466 2244 2361 501 1506 1026 1923 2018 2203 2378 1083 2467 2209 1481 1027 2816 672 1500 278 1915 2632 828 2434 825 1289 1702 586 2669 2278 510 758 1205 1525 1048 2448 786 1086 2762 1612 52 2475 995 776 443 2284 2521 973 346 2599 8 1351 2311 1932 2353 57 247 1957 2214 2142 2351 812 2806 2152 272 560 1022 363 1198 880 1813 254 1420 1912 2494 1080 1021 1941 1465 1922 2210 1711 2164 471 1576 1802 2666
1237 1290 1981 1567 2271 810 787 1518 984 2706 2789 2596 129 337 1909 2392 501 71 1545 638 2619 1614 2411 1671 958 2660 1331 786 1062 1673 1119 324 2049 1742 301 788 2821 2796 2357 1301 530 1102 690 2790 1407 2044 2832 2244 394 1613 2246 506 2543 1978 2501 1923 1630 2696 2600 1604 2085 764 565 1368 243 1926 2282 2262 471 8 312 635 1481 2450 2466 1438 363 283 2361 2351 2609 466 556 1879 925 1963 2065 716 813 1026 1884 2008 1058 1017 2458 1465 52 1662 446 2372
2271 810 787 67 1290 2 2663 958 1518 925 2510 386 601 71 2146 1989 2596 431 638 627 2008 1940 1102 1673 2532 394 764 372 718 1206 2392 2159 1545 1922 719 1981 1028 1690 1986 1628 1614 2360 2583 1369 1906 1241 1237 1368 278 1497 2411 2832 283 2790 2414 916 1211 2284 401 1440 2649 312 2796 114 722 943 1543 369 202 2762 2599 1192 211 1209 1752 2018 324 912 2345 2234 1331 2665 2042 2685 788 2426 885 1833 1653 457 2176 1747 2373 2433 1842 778 282 1879 731 2262
1290 394 1518 2029 1237 878 1368 2596 2796 1981 2663 292 788 2451 62 1438 471 2 2794 417 2384 129 501 1500 555 1435 1923 1879 2392 363 2459 601 192 1567 1282 2142 681 1989 1062 113 367 2660 302 1562 324 2458 2434 1351 2093 786 2209 1940 812 2686 2632 402 1915 139 464 1248 2146 21 2543 1906 2217 2669 2244 2682 67 61 2789 2423 1481 245 1706 1699 2280 1888 1506 2786 401 1022 764 654 1813 2426 2301 289 2025 1443 3 1026 1932 731 108 52 1503 579 2415 1578
761 2663 1205 1198 2 466 2706 1086 1080 1785 690 764 309 1443 672 828 810 861 834 2686 1922 2203 2008 1726 394 205 1237 2608 2271 2210 2434 1884 2159 67 2620 1277 2796 2494 2280 2414 1989 23 457 1671 1518 2360 728 1842 2520 2146 18 1632 1290 1435 1368 57 654 2176 2077 2510 2450 1714 129 2760 2794 2244 973 2554 1906 2641 2056 2118 230 55 1032 889 113 825 377 777 369 1574 2522 796 767 2384 431 1028 2029 2448 506 419 2311 601 625 365 2777 292 376 1177
2271 810 787 1237 1290 958 129 1981 788 1062 501 1518 2821 786 71 324 394 638 2142 1923 758 2632 1567 2596 2411 2619 2690 1506 1102 2806 2467 1503 1039 2311 1481 1026 1086 1048 2789 52 2392 363 2747 2055 113 1932 2137 125 2232 141 2832 2794 2398 1604 241 1879 672 2244 2164 1813 1500 283 1614 1438 625 471 402 1963 49 389 1331 1671 1282 2098 897 89 635 654 295 2669 312 840 346 936 108 1145 464 828 1022 1781 731 2790 1909 1785 1024 1673 1906 2634 77 1047
1290 1237 1518 2706 1545 1922 372 1673 1884 1080 2543 2085 1567 810 2796 1981 2494 2271 2600 980 2789 2118 787 1331 2596 2458 2660 690 1614 1794 557 1285 1407 984 672 852 958 942 1747 1718 1366 283 610 1992 648 943 2262 365 1301 487 1479 2210 1320 631 1384 2686 2790 709 2411 386 1527 1211 1017 2303 1705 966 71 796 2045 2392 1119 1909 1102 909 67 1978 1368 2696 2460 1316 2609 1681 1480 718 1752 1215 324 973 947 1783 2282 786 2027 1860 352 2817 1742 2363 1000 1796
1940 2663 67 2 601 764 787 1833 2271 810 788 2686 1443 386 2433 885 2008 1922 1086 1747 2207 431 2583 1986 2146 925 1351 2159 1938 958 77 1028 57 2543 1080 2672 1290 2258 2736 2728 1440 1884 2118 2510 1026 362 1368 2360 165 1229 1237 719 1497 1923 2719 1056 372 627 2825 1841 363 2584 457 1752 2135 2121 230 926 2332 880 786 2376 2494 1234 1785 1825 1576 447 1690 2766 1545 1320 1043 501 2392 1518 648 1981 125 1899 1915 2694 2558 2284 1001 1877 202 1989 2435 950
2271 810 129 1062 501 958 787 1237 1981 324 2619 1671 764 2706 2411 788 1545 1567 1963 2821 1923 786 1048 2832 2632 1932 2244 2008 1026 71 1290 57 1481 1702 690 2044 471 1083 2690 466 2467 1612 1205 758 1024 1500 2816 2203 2142 1630 638 241 1043 363 52 2448 2468 1525 8 1215 1610 510 312 556 2278 2501 1456 1884 1556 506 2164 586 1438 412 1625 2118 464 628 1662 1813 1282 1022 1465 1032 934 1395 389 1506 925 1039 2789 1407 33 2521 2311 456 752 1102 1086 635
2663 2 787 1443 601 1785 1922 2510 1884 2706 1833 2271 2690 2118 788 431 786 363 672 980 1971 926 372 1086 810 501 2821 1940 1080 1434 2632 1257 18 192 1714 1706 654 958 13 2467 1938 129 499 1786 1842 2806 828 230 310 278 2672 1593 464 77 564 690 889 2244 1576 1048 510 309 2666 1506 402 2818 950 1298 1545 2520 386 2210 1334 2311 508 2669 1923 1752 2378 625 1022 2794 1397 324 139 1605 2494 346 758 2381 885 1166 2828 1662 2433 1062 47 962 1558 2521
1884 2706 2118 690 2271 372 672 973 980 828 1922 1080 2666 787 2520 2821 386 788 2690 2828 13 810 1610 1912 1785 377 1923 1026 1570 2210 2806 1440 2467 1015 265 125 1285 2632 1702 501 786 510 958 298 278 1086 363 1205 2602 654 1706 2152 1605 475 640 1048 1916 346 1198 2521 1603 1537 129 1456 275 309 1374 2669 2620 2608 2346 2062 2351 2378 1668 962 650 1723 1671 1397 1506 117 2794 2448 2244 2398 464 2311 1726 1062 946 182 1612 143 306 718 2468 2043 324 23
1884 67 672 2583 788 372 2142 828 2210 1923 810 2271 2706 1080 2118 113 2828 377 324 13 776 1922 1481 654 2244 973 786 1989 1813 2520 386 980 129 690 2632 52 2821 2494 1062 2690 2794 2686 2806 353 241 125 2467 946 1435 1026 1285 1466 2602 1612 758 2669 471 1668 1374 1603 1438 1022 2364 1368 334 1662 640 1500 2280 292 750 2137 2091 958 936 2663 1506 1048 2 2164 2578 501 820 787 1503 534 625 346 298 33 2398 1671 363 1706 1794 1443 192 245 1354 933
1237 810 129 2271 1062 394 787 501 1290 1785 1932 324 1906 958 764 2434 825 2142 2008 1567 2392 2146 1923 2280 925 2426 1981 873 788 1086 1614 1518 1879 113 241 2137 2295 499 230 1040 2794 1915 71 2663 779 2789 1574 2336 1503 1500 878 786 1533 2596 464 1102 2756 1368 2821 1331 1989 638 778 1028 558 2284 1383 2029 517 2055 2638 2 2159 885 19 2093 2609 1813 1481 822 2673 2049 680 2742 2164 2413 719 141 2536 2411 1914 2632 449 1228 1478 1026 880 2510 1282 1673
2271 810 958 787 62 2029 292 386 2217 302 555 417 372 638 2244 878 788 718 361 78 681 1443 1699 2686 129 67 950 2451 2663 2384 1290 501 71 731 1062 427 2411 786 1256 1833 2415 2 2583 893 767 2722 1562 1479 125 912 1407 324 1518 889 1119 1264 802 380 2796 1102 601 21 1794 2262 1628 1636 2568 2423 1398 1599 886 289 2055 2142 2596 234 2510 1545 2121 2469 943 2755 1320 1747 2719 1440 431 1989 1938 1237 901 2433 340 2074 2373 1923 143 283 2098 401
1290 1237 1518 1545 2596 2085 810 1102 1981 2790 1567 672 2706 2600 2543 984 2411 2660 787 788 2262 1923 2271 283 129 852 1922 2458 501 337 943 1368 1718 942 2832 1884 1752 1407 4 2796 1614 1062 1673 1331 1705 221 324 243 372 2282 2828 487 2392 980 13 909 1742 786 1926 690 1909 2118 71 1017 1440 1627 2821 312 631 1681 2044 2459 386 1978 1989 2210 607 2361 425 966 2817 1604 1080 2049 2093 776 394 1893 530 1301 1119 2696 1770 1000 1211 921 301 2244 2065 1906
764 1785 1671 690 466 2351 2706 2821 129 1062 501 2448 324 2271 2008 2508 788 2690 810 2146 2361 1702 1923 1612 2244 1506 1726 1481 52 2203 719 752 1922 828 2311 2666 2619 309 2467 786 758 953 2450 957 2414 2632 1605 856 1080 2278 672 2396 1141 8 1556 2164 1802 1889 2280 2169 1465 1205 335 1471 2494 57 1426 2669 834 1083 2794 654 1933 139 2355 1500 1503 2468 363 1351 163 1198 1953 498 761 1022 905 2142 2018 125 973 23 2025 1632 402 1884 2816 1048 1282 1026
1884 2706 1922 690 1080 672 2118 372 2520 828 980 13 973 788 1086 2690 2210 2821 2828 1785 2271 786 787 1205 1610 377 2666 2669 275 654 1397 2632 1706 2494 510 1570 1912 2467 640 501 278 125 386 2378 1923 298 363 1026 2806 475 2663 182 1198 2620 420 265 2351 466 129 2602 2152 192 1668 464 1015 2244 1655 23 1285 1605 1440 346 1048 958 2521 2 1374 117 810 2510 2203 1537 1916 2025 323 2608 2062 1603 2794 402 936 1506 1612 2346 764 1500 2505 2465 306 1434
1922 2494 2118 690 1080 1205 466 1884 980 2203 510 973 2706 1702 946 764 117 1184 1198 1397 2152 2521 1285 1015 298 1610 2271 2666 23 1497 1616 1043 2209 1083 2807 1032 67 2620 372 2593 2448 98 2008 1963 420 2351 1502 275 1632 1351 6 776 2643 1570 1738 1726 386 1605 496 148 1545 1267 648 2554 885 2278 810 1603 2608 1488 1086 2171 334 327 1426 750 958 425 796 1026 167 2474 719 2823 1456 2043 2153 353 1237 594 880 1671 1206 2475 2569 1940 1820 230 905 797
2271 2666 690 466 787 1080 1922 810 2706 2118 958 2203 1884 510 1702 1205 2521 980 973 2171 1671 764 1015 2361 1471 2448 953 23 2043 71 1198 2351 2620 1785 1610 2643 2821 386 2494 2508 117 1083 2152 761 650 1605 309 1726 1488 275 1556 1397 2008 2608 2816 1440 205 2823 776 586 946 2146 335 2619 2554 1738 265 98 2474 1570 1889 419 752 1456 1963 1723 1032 2810 1487 1184 788 1882 6 1616 298 2751 411 2522 1102 719 167 230 2355 1602 475 1632 1351 1426 306 278
2271 810 787 958 1044 2706 71 2450 897 1237 2666 690 466 2055 1032 1884 2619 638 129 1567 141 1062 1015 1933 980 401 1671 1736 2342 1023 2578 2747 1145 1080 1556 501 1436 2098 1610 1249 758 2821 506 394 1321 2118 1628 973 672 2361 2201 2351 2156 2203 2355 2750 1510 2760 2262 565 1630 828 984 1086 2608 2336 1290 1638 2448 731 1872 1963 1047 2060 89 1205 1785 1471 301 786 953 241 386 453 1089 998 1503 38 2722 1102 2690 234 1198 2505 2465 2522 1932 1709 2791 309
810 2271 2118 1884 1237 787 958 71 980 1086 2706 1610 690 510 57 2666 1043 1785 2554 77 925 1102 2694 2351 638 2311 880 1456 1080 113 419 499 1567 973 466 786 2510 1714 1592 2521 2663 158 1702 2832 1032 2632 586 2411 1205 1284 386 2821 2 1545 788 205 2619 129 1981 501 1285 1671 1422 1556 2794 2280 1435 1694 491 2790 625 2816 412 1503 1612 2346 2569 1533 475 885 163 2372 2121 2649 122 654 2137 1021 943 372 1062 758 1282 2538 49 1638 2643 241 1234 1015
71 810 1237 1981 787 648 638 2271 1040 1567 610 1518 1290 958 2501 1368 2609 2146 2392 1211 764 1940 605 309 67 1989 1133 1102 365 834 2008 1545 2411 457 2159 984 1604 2044 1673 2414 2176 2543 1320 1794 2360 2583 719 1527 1606 885 2550 1992 1407 1986 1614 1301 231 1497 1978 248 1119 394 1935 2357 1104 1028 2665 2736 1331 925 943 722 2262 2065 2085 2660 2832 2532 2790 2018 817 2619 1656 2796 1043 2045 202 2724 1630 2616 728 1126 2596 1351 530 2755 1507 2284 301 2817
2271 810 2706 690 764 787 958 2619 71 2008 761 1671 1237 466 1906 129 1368 2146 1062 973 1884 1290 2209 1351 2355 324 309 501 1086 834 946 1080 394 812 2450 2666 2434 1567 2821 1044 1922 386 2414 2203 1481 1785 2055 2536 254 2494 2593 615 1574 1267 3 1198 234 583 825 1605 719 861 2284 2824 1923 1500 1015 897 1794 2747 2426 1651 638 372 1642 779 8 2351 1614 1497 1518 1559 2682 2262 880 1915 35 1440 2620 2361 1879 916 107 52 788 984 141 163 672 2360
2821 501 129 788 786 787 810 1237 1062 2271 2632 2244 1923 52 1438 471 2467 2164 363 2690 324 2398 1481 1981 1612 113 984 1048 2142 1518 49 2311 1662 2794 1026 108 1465 346 1290 1039 1022 1503 958 753 1500 2611 654 2789 71 1567 638 758 2796 506 2465 2505 936 402 394 1395 241 1024 525 1506 672 628 1282 125 89 2806 643 2232 331 565 1673 452 389 1932 2634 840 2407 2301 780 1543 1781 2093 1706 2091 354 367 383 1368 2660 1909 1813 2137 1906 2429 2357 1941
1237 1290 1884 2271 1518 810 1922 1545 1080 787 2706 1981 980 2118 672 1567 690 958 372 2796 2543 852 1673 71 788 984 2660 2085 1610 2596 2789 2210 324 1718 2411 2458 1407 1331 1614 129 2600 2494 1923 501 909 2609 1285 1368 557 1301 786 2262 2828 2790 1102 1062 638 2244 1752 13 973 1992 1211 933 1604 1479 1119 2357 1630 2392 1747 506 466 1668 718 1215 283 2103 1794 1527 2602 1205 796 386 943 2044 2608 1272 2468 163 1978 1320 2372 2686 508 1316 1017 471 1456 2303
1290 1237 394 1518 2392 2596 2796 2029 292 1981 1879 1906 129 786 1438 501 788 555 878 2244 1940 62 471 2384 1567 2458 2451 1062 302 2736 363 1026 2093 2142 1368 324 2609 2217 2008 427 2543 1699 2357 367 1614 2146 2660 764 1481 1923 1282 417 681 958 1986 890 1500 1331 1562 802 810 1301 113 1543 536 1604 2280 1888 2794 2789 1119 1932 1915 67 2673 2191 2137 2663 2411 2600 3 2121 1053 21 2434 1002 241 2415 825 1268 78 289 1040 1574 893 2822 243 1126 1492 2271
1922 690 1080 2494 2706 1884 2118 672 510 764 372 2203 980 1545 909 1198 973 2271 2593 1285 1184 946 2152 787 1205 117 2620 796 2008 2828 2210 1267 810 466 1940 1397 776 386 2146 933 13 275 98 1882 1605 750 2789 1351 2433 719 1440 2376 265 1949 420 2521 2666 23 958 1320 2824 334 1570 353 2363 1668 640 828 1272 2474 2686 205 1402 2602 2012 1316 1752 615 2355 781 298 1453 283 1616 2520 381 1747 327 812 167 276 1374 377 556 2334 1123 1953 1602 1915 1026
466 2706 1237 810 1290 690 1940 2271 1080 2159 2360 787 1205 57 1785 1518 2666 309 2 1986 2663 1198 1833 2522 764 834 1938 1632 2596 1277 1086 2118 1567 457 1671 973 1922 2351 2203 71 2510 953 2760 510 1028 2234 2392 230 958 1032 2608 2554 1884 1690 394 419 1726 1443 861 2146 2620 386 1702 45 1556 23 761 2153 236 1714 2171 158 2058 1981 506 2056 2414 117 499 1043 205 1879 1440 2008 1426 275 2043 856 1653 362 77 1927 1841 980 2672 2641 333 294 431 1184
761 1785 2706 764 1205 57 1080 861 828 2434 690 466 2008 810 1086 2494 1368 672 1277 1922 2271 394 1726 1574 1237 1198 834 1884 2360 2159 457 230 2414 1671 1351 2536 2209 2146 946 2280 377 2210 2796 1567 797 973 1632 2351 825 777 1914 2620 129 654 1906 2327 2244 905 788 2450 2203 1802 2554 1234 1714 419 2355 2682 205 1651 1443 2058 215 2055 2608 1927 1481 23 2277 796 324 2249 1559 2578 2694 2821 2522 1032 2448 984 812 2520 2663 758 67 1290 2056 2686 1028 1518
672 2686 764 828 1443 2 2663 67 2008 2209 1518 1237 1290 2583 2828 812 1989 601 1922 2146 431 13 265 2520 1785 377 1198 3 945 1368 1833 1747 719 946 2210 1351 1642 1938 9 2596 2434 1651 318 889 2602 2293 254 640 1949 2361 466 776 778 1772 781 1595 2824 2510 933 1668 1374 292 1981 1574 2392 1567 914 1915 114 916 627 394 825 878 2682 2085 2018 1493 517 1578 2578 35 1357 1770 98 615 2029 382 779 2536 998 1854 2669 2214 1714 1940 2796 2459 230 18
690 1922 1884 466 1080 1198 2706 2271 2494 1205 2203 810 672 761 828 973 2210 764 2118 23 377 1785 796 946 2619 2351 2434 2355 1443 2008 117 2620 980 2450 2209 2520 834 1184 205 13 2 2152 2602 787 309 958 2828 275 1702 71 386 1426 1671 1374 254 1397 1616 230 1605 2663 2686 1668 2146 510 1574 1726 2055 475 640 298 2666 2414 933 776 1435 1479 2608 2448 1249 2536 1559 654 306 3 1368 781 825 1351 163 2474 1015 1537 2176 926 2578 897 1086 141 625 420
1290 1545 2583 1086 2411 1102 788 67 1518 464 1237 2832 1820 2790 1706 1752 1912 283 2501 129 943 810 312 627 2544 231 2121 1642 2142 1627 1923 2724 934 826 266 496 950 2378 1576 1062 1407 2596 324 501 2690 880 2694 1981 1656 1503 1026 556 455 2271 1422 2085 1148 1001 2817 1039 2806 2789 456 786 52 192 3 635 4 2767 787 1636 925 1481 1932 2669 1123 486 1813 221 758 2307 2044 2821 2244 2632 125 1926 1671 2301 1348 2783 331 2467 885 1506 1146 2800 489 2433
810 2271 787 958 1086 1884 466 2706 1080 1237 672 2608 1518 980 129 788 690 2760 506 1032 2203 2666 1290 1610 234 1435 77 786 2578 71 501 973 885 1205 565 1923 2522 1062 2118 2137 192 363 1630 1043 471 1436 2351 1922 1702 1438 897 2450 2210 2690 372 2694 1282 957 1102 1992 1368 1567 1933 13 2448 828 1015 880 1668 236 1556 323 731 1844 52 609 638 2821 2142 2543 1510 1374 298 386 815 163 139 1736 2467 2156 117 934 2632 2794 1503 1776 62 130 1706 1576
1290 67 1518 2596 1940 2663 2 1320 601 1986 627 2392 2085 1237 202 764 2583 2146 1752 1642 1989 810 283 925 1102 1497 1545 1351 2433 2728 1627 2008 2271 3 1825 1017 1981 2724 2532 2543 2510 787 386 1915 1965 254 950 1833 2376 2824 431 394 2121 2790 1316 1614 788 943 2093 2411 1747 231 2719 631 2373 826 2207 885 719 958 2262 2574 1331 372 114 2600 1369 1192 1673 1567 71 1440 1718 2284 1453 178 2501 2660 1794 725 2796 4 942 1978 2686 1407 2789 1992 615 1357
1922 2706 690 1884 946 2494 672 1080 761 796 1198 973 466 2355 828 1267 2210 1671 2686 2593 2203 1443 2118 2828 810 863 117 339 980 2271 377 67 23 2520 13 386 2691 776 1702 2602 2152 98 1205 1668 1605 1368 2620 933 2583 1374 2666 1285 1184 353 2619 1940 2474 71 1642 265 889 2249 372 1603 475 1479 2 2351 2450 275 477 205 781 420 1949 640 104 820 298 2663 3 1397 834 1570 1380 306 1015 1320 365 1426 2055 254 1602 1794 1559 1044 1783 1747 1616 897
2271 810 1922 1884 690 1205 761 1198 466 309 764 1080 2203 205 2494 1785 2450 2118 2706 2619 2008 2414 834 2055 2209 973 401 2351 2146 787 230 141 2176 1940 394 71 2360 980 958 1671 1702 897 475 2434 2608 1510 946 2159 1032 2747 2098 1906 752 796 55 728 1015 2620 2284 461 926 510 1632 23 2452 1351 638 615 107 1277 812 2641 1726 1184 672 1628 1368 1177 1023 457 117 654 861 477 731 1736 2448 2 564 2355 1145 306 856 828 815 1488 1714 2632 1605 905
810 501 788 129 2271 1237 1981 1290 1518 787 1062 1923 786 471 324 1438 2821 2632 2796 1567 363 2164 2142 52 2467 2690 2398 49 2244 113 1612 71 638 394 2794 565 1545 1500 1481 506 1909 2706 2505 2465 1506 402 367 2210 958 758 1022 2049 753 672 1503 1662 2357 2609 654 984 1039 1048 2093 13 108 1026 1781 2660 1941 2091 2411 1282 1301 2789 125 2311 2065 1706 1024 389 2619 643 2301 241 1613 1906 1884 2407 1337 1953 346 936 655 331 628 530 2806 1164 2611 2365
1481 786 2690 2821 2244 2467 113 2632 129 471 52 1500 1048 241 1062 2142 1438 2794 1941 33 2398 501 758 753 1785 1237 1024 1506 2311 1781 2465 2505 2164 346 1671 363 1022 1465 402 1923 1435 1282 1651 1039 2137 389 1932 788 1612 1662 2765 936 643 1140 192 628 89 464 1026 840 394 2634 61 998 625 324 1274 2025 2280 2407 467 2091 1503 1141 810 108 1567 2017 1981 764 2669 2301 1963 2285 1356 2316 1583 787 2429 2271 1248 1290 1635 239 2361 2611 1050 2450 1127 1706
1290 1518 1237 2706 372 2543 2085 1545 2796 852 2596 1884 2600 2660 67 788 1718 787 1923 1981 1673 1080 810 1989 984 501 672 2789 1922 1567 690 1211 324 2271 925 2262 129 786 1747 2458 2210 980 1102 2118 2244 1368 796 1316 942 2532 2008 2583 1285 114 557 1402 1770 764 1992 1062 337 2790 2686 1706 1614 2433 1331 363 487 1610 2696 2411 2494 776 607 1752 973 1705 1681 386 13 1860 958 2609 2392 1940 292 1205 2556 943 947 2146 283 909 2093 2376 631 1794 125 464
1922 2494 1080 690 1884 2118 1940 2706 67 764 510 2008 1205 2203 627 117 1184 1086 2376 1198 885 980 946 2146 973 2620 386 372 2521 788 466 298 1351 1285 420 2244 672 2433 719 880 1397 786 1726 796 2583 1043 804 275 2271 2152 2393 2608 1545 6 948 247 23 2672 1537 1882 2210 2207 810 1982 1915 265 776 1497 797 2739 1490 148 1747 2485 2363 2824 2455 1610 2460 57 1457 750 1923 1440 2686 1570 2719 2284 2728 1986 1841 925 2286 324 2135 1605 2303 1997 2665 1229
386 810 2271 787 1440 2706 690 958 1290 71 1267 718 973 1518 1080 796 1237 2494 2262 2619 1833 2392 2118 1497 946 1940 2529 2596 1642 583 2355 3 1119 2203 1884 1986 2666 638 2593 1938 2209 1922 1198 2686 1443 1747 1445 143 1043 1285 1671 466 1664 1527 863 980 1184 2672 339 1567 747 1653 2663 283 2043 1981 23 2 1205 764 1086 2085 1630 205 588 2694 1574 1989 254 1545 953 1320 885 77 510 117 2171 1752 318 1373 2620 144 372 834 1978 1525 1422 327 761 309
810 2271 1198 1884 1922 1080 1205 946 787 690 761 2494 834 2118 230 309 2706 764 23 71 2209 958 466 67 1785 2619 2203 2008 926 275 1940 973 2434 564 2414 386 1351 905 796 2176 205 2146 615 1368 2663 2159 1574 2360 1986 117 2620 788 362 777 372 980 2426 1714 1906 638 2262 1440 2284 2536 394 2 457 2824 825 339 1277 1184 1841 861 2293 1726 2392 1028 1982 2608 2736 254 654 812 1915 1525 1015 2210 1559 2583 1914 873 672 2641 2351 104 752 828 292 1450
2706 2271 690 2494 1080 787 810 1922 1884 958 386 1940 2118 1198 980 1440 1205 1086 2620 973 117 1184 2619 372 718 2666 1497 71 466 77 2210 638 2203 23 1616 2608 1726 2468 510 1426 2520 946 828 1702 298 1285 672 1443 1602 57 1525 2351 508 398 788 278 797 2013 2672 1671 1603 2694 1953 1982 1605 1267 205 309 167 2663 275 1882 1324 13 750 143 1747 1397 2115 2665 1802 885 1785 1664 583 1570 905 1043 2152 234 2378 334 2 1630 2821 1833 1576 165 2529 2632
2271 810 2706 1237 787 2619 958 690 1671 1567 466 1981 71 2468 2821 129 2666 1702 1963 2448 1205 1525 1080 1083 501 1884 2118 1882 1062 2351 2171 2361 471 2816 1044 788 1610 980 510 586 2094 2203 163 1048 786 2832 764 2632 8 506 2690 1032 1456 2043 2411 2246 1438 1630 1923 1545 758 1215 1889 1290 1015 2823 1487 1726 1556 1198 638 2244 324 1602 2643 2554 2467 363 312 2044 2521 909 1632 2562 2278 52 1481 2398 1797 1043 828 2153 2311 1026 377 2608 628 1500 654 346
1080 828 672 810 1198 2271 761 1205 1086 2663 466 2 2494 2706 764 690 1785 1443 2203 2210 796 2008 23 2434 946 377 1922 1884 2520 292 973 1574 776 1906 2209 394 834 2686 230 117 787 781 275 2694 2414 1351 1374 797 1368 386 1237 2355 2146 1290 2159 309 2602 640 2450 778 1518 1714 2327 380 2510 9 654 933 2828 1833 812 2536 1616 2280 788 98 2384 129 353 958 2578 878 2244 2620 1726 2796 339 71 2360 1559 825 1671 1668 2029 3 926 1184 731 861 2262
1671 1785 129 2821 1062 788 324 501 466 764 2351 2706 690 1923 2271 2244 2448 2690 1481 52 786 1612 810 2311 828 1506 1141 2632 2467 2508 758 2008 2142 2361 1500 1503 1726 672 2794 1702 1022 8 1026 1465 2619 363 2146 2396 2164 2280 1889 241 139 2669 125 335 2666 654 1813 1048 936 957 2450 1605 2278 2025 2203 1941 346 402 2806 113 905 278 2398 61 192 1781 2169 2505 2465 1922 1802 49 1662 377 2816 471 719 508 1706 761 1080 1086 2091 1932 57 464 953 958
1290 1518 788 1545 1237 2821 1981 1102 2411 2706 787 501 2832 2271 810 2790 283 312 2501 2044 1923 943 129 4 52 2596 2796 1567 1407 1889 1368 1953 2164 221 786 1752 672 1922 2142 626 2049 2632 394 49 1926 916 2767 324 1026 1062 1627 113 2690 635 2361 2817 1503 1604 372 1977 386 1989 909 1506 826 2398 1879 278 2311 346 2467 1481 2433 556 2583 125 1909 1301 2742 1737 2794 1605 188 984 2666 2724 998 2351 2244 2806 1440 758 13 363 638 945 2532 1934 958 2660
1785 1205 466 672 828 1884 1198 1922 1080 2 2663 690 788 654 973 1559 2794 1086 215 117 1574 2203 23 1786 2620 67 946 776 2494 241 2280 761 113 182 1443 2311 1726 1374 2142 377 2706 129 1106 2077 2118 275 1714 2510 1282 353 436 1357 1306 2271 1503 278 1022 2554 2821 2828 2546 1671 2178 2055 2602 2474 2434 2277 2669 1702 825 61 2777 980 2137 2210 2346 758 2164 475 1426 2583 2578 1685 810 2772 501 1932 230 614 401 2666 2448 304 1989 310 1083 1693 1420 18
466 690 1922 672 2271 1884 2706 828 1080 2203 2351 810 1205 1198 1785 377 129 761 2494 2450 1605 2666 788 1368 654 324 23 1062 2210 2152 2578 2244 2619 2520 2280 1726 2 973 1374 2828 2620 2663 2806 1923 501 2118 1481 946 958 309 117 1435 834 2602 980 13 1702 2632 1671 2448 625 933 764 786 1032 731 2608 1015 2821 52 1651 2055 2690 163 2142 2682 998 897 2355 1668 2760 141 71 2669 640 1906 2311 1612 926 113 2722 2467 394 1438 139 9 1249 471 936 1610
1922 690 2494 1080 2118 1884 2706 510 980 2203 1205 466 973 764 2271 2666 1702 2152 1015 2521 1397 1184 1671 1198 946 1610 117 1605 1285 23 2008 2620 2593 298 1497 810 958 2807 2448 1086 1602 1267 275 2608 1616 787 1738 1043 1570 2351 372 1963 386 1032 1953 1545 880 148 1726 1488 6 1083 420 2209 1502 1537 2171 2278 2751 2643 2043 719 2823 594 1351 2554 1026 1866 2816 1456 1556 167 2474 2146 1525 1632 796 309 98 335 2508 327 1426 1603 2760 1536 1206 498 620 324
386 1440 2706 810 1290 2271 787 690 1267 1080 796 3 1642 1922 2672 2593 2209 583 764 946 2262 1833 2494 1518 2596 2008 2666 1237 863 1884 1497 1457 973 885 2146 2355 339 1527 2203 71 1351 254 2085 1043 648 1198 958 1989 143 812 2118 23 2686 1443 318 372 1940 718 2663 2152 2739 2620 1574 914 365 2 2600 1747 797 1229 2392 980 2458 984 1992 1184 2532 1373 1915 719 2332 1196 309 117 1247 615 2824 1664 1380 1119 2529 1368 35 1938 942 588 487 1986 2691 1772
2686 1237 394 778 1785 1989 431 1651 764 1879 2414 1567 672 998 1518 382 2361 1290 9 2 517 1747 1981 2042 2682 1368 2796 828 2008 1906 2596 2434 2093 1443 369 2146 2392 2663 2280 812 1249 1268 1614 1938 1854 2532 499 1583 1578 916 2828 1119 1977 2510 945 2209 107 1533 889 1383 2413 2360 1940 1145 1833 1842 337 2353 1917 1460 825 878 728 1089 2049 292 2789 2176 984 516 2578 2641 1296 1500 2018 362 2583 367 2159 2295 1574 55 2029 2293 18 1742 2747 192 2055 1177
2271 810 764 787 2008 71 958 690 1702 2706 2666 1205 2146 309 466 1671 719 2118 510 57 2094 2203 1080 2619 386 2554 1922 638 2521 1884 2608 973 1083 1963 1632 894 2494 167 2823 2832 2171 1032 2018 980 752 1456 2153 205 2643 2361 2807 419 586 2501 2043 506 2522 1044 1497 1471 2760 1940 1610 312 1625 2816 1556 1694 2278 2351 236 2789 2448 8 834 2284 294 1198 856 1487 620 953 2790 2468 1015 2411 2044 1277 2740 1102 1440 1043 1078 1351 1184 45 718 1841 1284 1364
2271 466 2666 1702 690 510 1922 810 1080 2351 1671 2118 2521 2171 787 2816 2706 1471 2821 1556 2043 2508 2643 335 764 2203 958 1884 1889 1205 980 752 2278 2807 953 2361 2448 1963 1032 1610 2554 586 1738 1488 1487 1953 2608 2823 71 1456 1083 167 419 2494 2008 309 1015 1632 2832 2169 1797 1397 2619 501 2153 1026 973 620 1612 1785 650 894 1726 129 1232 2522 2620 205 2760 2751 2810 312 2569 163 2094 1891 1602 1318 719 1048 45 23 594 2060 2632 759 8 57 1021 506
2029 878 62 292 2663 788 417 2686 2451 302 2384 501 601 129 672 2 2244 1237 1290 764 1923 1518 1443 2217 2008 125 67 192 681 1706 464 1062 555 2423 1374 361 431 1940 2543 78 21 893 1562 2510 802 2142 2146 1686 2669 1398 1932 1282 3 2794 2433 889 324 199 786 2415 432 1912 1699 2602 886 245 1989 654 2583 950 289 1655 852 139 1787 1503 2038 2596 1022 828 1642 1435 1668 1915 925 1438 471 1747 363 2093 1813 1833 2796 1481 597 2137 2828 1576 1368 1888
2271 810 787 764 2118 2008 1884 980 958 1981 71 2146 1290 1922 1545 1237 719 67 1351 648 1285 1102 925 2706 1015 1614 885 1368 386 1518 1610 2824 718 690 638 1043 946 1642 247 1673 1915 2790 973 2018 1752 2832 1567 1963 2284 2411 1989 2789 1331 2501 1407 1926 3 372 1080 1940 501 1205 312 943 466 2685 1718 2085 984 2660 2494 243 1671 2596 1794 337 2529 1211 2044 1440 615 129 1086 1604 2583 2065 2665 2593 309 446 2203 627 2532 283 298 221 254 2433 2159 1369
878 394 62 1940 292 2596 501 2029 810 1906 129 764 2008 2663 2 731 1368 601 2146 2244 302 1062 1699 788 2271 401 2392 1290 417 2796 2451 2093 958 1268 2686 787 1443 2384 2794 1628 2217 555 638 1518 672 431 2055 890 2789 324 2469 1989 2280 1237 367 681 1879 2510 67 893 1282 2459 361 2090 579 786 1769 1510 1435 254 141 2722 78 1543 114 2415 125 1986 2074 802 1500 1923 886 694 2423 1241 2085 536 1438 1599 2042 1917 71 2373 984 1915 2284 1022 113 2543
1237 1567 1651 1614 2682 1518 2280 1785 1981 2536 394 192 1290 1368 764 2414 2794 2142 1331 139 499 1481 2042 129 2796 998 1914 2434 1673 2392 778 1977 1583 2426 1604 648 2360 916 501 52 873 1040 2244 1062 1022 2789 2159 2550 2660 2146 2173 245 1503 2164 825 241 2209 2413 2596 457 1906 777 1500 1578 1879 324 2458 107 230 1179 239 2176 55 945 2641 1507 1574 2821 786 1367 984 1963 33 2091 728 337 2093 2543 1917 1177 1920 2785 61 517 1854 1028 779 382 2252 2008
1884 466 2271 129 810 690 324 1922 1080 2280 1062 654 1205 2351 501 2311 1785 788 2203 761 2794 2450 1198 2118 2706 1923 2821 672 2632 2142 2666 2055 1612 525 980 2244 1671 1435 1368 828 113 1481 786 973 1556 625 2620 306 998 141 475 758 1022 2091 49 2663 936 2346 1662 309 1503 163 52 367 2 2164 2173 2448 1635 2619 1891 2611 125 2434 1465 1032 2467 2608 377 534 2494 2169 1605 71 1533 241 1015 1916 23 1145 1500 926 787 958 1813 2669 1941 2429 1506 394
1785 761 2663 2 292 1714 1205 834 672 1443 2384 230 309 1198 2434 2271 1574 2280 380 2414 2159 2295 1080 825 2277 2510 2055 1533 810 2029 828 277 2451 1914 777 1559 394 2360 1922 62 878 2413 2426 2244 779 466 47 376 2077 67 2641 778 401 1906 690 1086 499 861 1786 18 1842 796 889 107 1989 926 731 2794 1699 417 369 2249 1884 1277 946 461 1106 1268 2686 764 2745 1435 1628 788 1599 1357 2323 1368 654 2546 1300 2450 2777 1028 9 34 431 365 2700 2008
2706 2271 2821 1785 57 1702 787 690 1671 2351 2608 2666 2632 2690 2448 2643 810 2467 2346 335 510 1032 1726 958 1889 752 759 475 2760 1612 241 2816 1503 2171 1797 2468 1500 419 2521 586 2554 1916 1048 1228 205 2794 620 52 1086 1506 2043 1364 346 1021 894 1080 236 788 2522 2153 2810 786 973 1481 77 2311 953 761 506 1602 1083 1605 1632 2669 2060 643 181 501 1205 363 1027 732 8 2465 2505 1043 885 129 2823 758 654 138 457 936 2398 1891 113 1026 471 2740
2271 810 787 958 2706 1044 2055 1884 2450 129 897 1237 690 1062 71 2578 638 672 466 501 2619 401 141 2747 1510 2666 1567 980 2342 1023 1436 1249 2098 828 731 1628 1015 1080 1145 1032 2336 1736 786 1671 1086 62 758 973 1872 2361 2821 2262 2118 2722 394 1933 13 1374 2203 1932 2355 1610 2690 2029 2210 1047 2520 292 1556 2351 694 89 2280 377 2244 506 453 1321 2602 386 241 2469 2467 2750 2156 984 565 2394 1923 1089 1268 1290 2201 2074 380 2465 2505 324 764 1668
2663 1290 2686 2 1368 1237 1518 2796 67 1794 601 2008 2029 2583 767 1443 810 2510 431 878 764 2596 1747 1119 292 62 2392 2459 1642 1989 2093 1833 3 889 2543 1783 394 787 2262 1211 302 365 1567 2121 2146 1938 2451 2217 417 277 958 749 2271 950 1075 492 555 1906 579 2384 984 638 361 1769 1557 731 2609 916 1002 945 802 1651 2244 2085 1301 1001 719 2379 1699 71 254 627 2458 1978 544 2065 2077 1579 78 114 18 9 2600 886 70 1351 1209 202 1981 681
1989 2663 788 2 2142 67 672 372 2583 1923 2686 786 324 2029 1813 62 1026 2806 129 2690 292 828 2210 363 2632 2828 1368 1884 1290 1747 2467 2118 1770 369 377 501 555 2520 1062 2821 601 2532 114 386 2600 9 113 810 125 108 2706 980 2364 13 2164 52 945 2217 367 245 1562 1102 750 2137 2301 334 767 1518 2669 776 1285 346 731 241 654 295 1699 2596 1842 1335 2398 1935 302 681 361 353 1443 1545 2244 1435 1466 18 1599 1662 417 1503 380 2451 2794 946
810 2271 1237 1981 501 787 129 1290 2632 1518 471 1062 1438 2706 1545 1567 788 2821 71 565 786 2796 324 2164 506 638 958 2467 1923 2690 2411 2210 2789 49 363 2142 1500 1612 52 1503 13 2311 2609 2357 394 1884 2398 1024 758 2244 1481 1032 1039 113 1506 1048 1102 1889 2450 2611 672 2660 1604 643 1953 1026 2091 402 2049 1662 2832 389 1282 367 1909 1941 984 1301 2404 625 1706 2790 2137 654 1922 2794 1906 753 464 2044 2767 245 33 1630 1932 139 241 1022 2806 2372
2271 2706 690 787 810 2666 958 764 466 386 1671 3 1080 1884 2118 2171 1642 2008 2043 2203 2209 1922 1882 1702 980 265 1198 1267 946 672 2593 1440 510 1205 254 719 2146 71 1525 973 1044 2355 825 2816 1102 2620 953 2293 1471 812 828 1351 283 1963 796 1574 2749 2336 117 1595 1083 8 1184 2494 23 205 2448 897 2536 2619 586 2351 1668 2353 1610 2468 1032 2210 2608 909 318 2474 650 335 1915 309 2522 256 6 2361 2643 2450 2832 1726 1374 2434 2602 1237 2018 1605
2271 690 810 2706 2118 1884 386 787 1086 958 510 980 1080 1205 1043 973 466 1102 2666 880 2694 1440 1422 672 2619 1198 1671 2521 6 1922 1545 1610 2411 2494 71 2351 372 2790 57 1702 925 943 77 2832 2672 23 828 158 2203 1285 718 1694 275 788 1503 2554 586 1497 1570 2171 1752 1456 475 2210 638 163 1083 885 1184 298 508 2529 786 2643 1537 2501 1284 283 312 2821 2816 2043 1525 1882 1015 946 1926 117 2355 122 1668 205 1653 2378 1556 1738 2468 1374 129 221
672 1922 828 2828 1884 265 1205 466 1785 2118 690 278 980 973 377 2203 2706 1198 776 2 933 510 1015 1397 764 1351 788 13 1559 2152 2520 420 2378 2762 2663 2666 98 946 353 1570 2599 117 275 781 1080 1610 1605 1026 615 1711 1702 2521 182 2361 2824 1915 1434 2210 2209 1106 2690 640 962 1786 601 2602 2351 1357 2448 2510 2146 23 1374 436 1184 9 1361 1693 306 230 926 1723 2620 395 564 2768 477 1912 2821 2632 1582 75 1668 1700 475 15 865 1738 2794 2171
