nohup: no se tendrá en cuenta la entrada
2026-05-10 18:11:25,786 PAT INFO: Experiment: exp18_dann_oversample
2026-05-10 18:11:25,786 PAT INFO: LAMBDA_DANN: 0.3
2026-05-10 18:11:25,786 PAT INFO: N_C004_PER_BATCH: 2 / 8 (50% of batch identities are c004-capable)
2026-05-10 18:11:25,786 PAT INFO: Namespace(config_file='/media/DiscoLocal/IPCV/UE-ReID/experiments/exp19_dann_n2/config/train.yml', opts=[], local_rank=0)
2026-05-10 18:11:25,786 PAT INFO: Loaded config: /media/DiscoLocal/IPCV/UE-ReID/experiments/exp19_dann_n2/config/train.yml
2026-05-10 18:11:25,786 PAT INFO: 
# =============================================================================
# exp18 config — DANN + Identity-Level c004 Oversampling (bug-fixed sampler)
#
# Changes from exp17:
#   1. LOG_NAME updated to exp18_dann_oversample
#
# Everything else identical to exp17/exp16.
# N_C004_PER_BATCH=4 and LAMBDA_DANN=0.3 are in train_exp18.py constants.
# =============================================================================
MODEL:
  PRETRAIN_CHOICE: 'imagenet'
  PRETRAIN_PATH: '/media/DiscoLocal/IPCV/UE-ReID/Part-Aware-Transformer-main/model'
  METRIC_LOSS_TYPE: 'triplet'
  IF_LABELSMOOTH: 'on'
  IF_WITH_CENTER: 'no'
  NAME: 'part_attention_vit'
  NO_MARGIN: True
  DEVICE_ID: ('0')
  TRANSFORMER_TYPE: 'vit_large_patch16_224_TransReID'
  STRIDE_SIZE: [16, 16]
  PC_LOSS: True
INPUT:
  SIZE_TRAIN: [256, 128]
  SIZE_TEST: [256, 128]
  REA:
    ENABLED: False
  PIXEL_MEAN: [0.5, 0.5, 0.5]
  PIXEL_STD: [0.5, 0.5, 0.5]
  LGT:
    DO_LGT: False
    PROB: 0.5
  CJ:
    ENABLED: True
    PROB: 0.5
    BRIGHTNESS: 0.15
    CONTRAST: 0.15
    SATURATION: 0.1
    HUE: 0.1
  RPT:
    ENABLED: True
    PROB: 0.5
DATASETS:
  TRAIN: ('UrbanElementsReID', 'UAM_Unified')
  TEST: ('UrbanElementsReID',)
  ROOT_DIR: '/media/DiscoLocal/IPCV/UE-ReID/urban-elements-re-id-challenge-2026/Urban2026/'
DATALOADER:
  SAMPLER: 'softmax_triplet'
  NUM_INSTANCE: 4
  NUM_WORKERS: 8
SOLVER:
  OPTIMIZER_NAME: 'SGD'
  MAX_EPOCHS: 80
  BASE_LR: 0.008
  IMS_PER_BATCH: 32
  WARMUP_METHOD: 'linear'
  WARMUP_EPOCHS: 5
  LARGE_FC_LR: False
  CHECKPOINT_PERIOD: 5
  LOG_PERIOD: 60
  EVAL_PERIOD: 5
  WEIGHT_DECAY: 1e-4
  WEIGHT_DECAY_BIAS: 0.0
  BIAS_LR_FACTOR: 2
  STEPS: (40, 70)
  SEED: 1234
TEST:
  EVAL: True
  IMS_PER_BATCH: 64
  RE_RANKING: False
  WEIGHT: ''
  NECK_FEAT: 'before'
  FEAT_NORM: True
LOG_ROOT: 'models/'
TB_LOG_ROOT: './tb_log/'
LOG_NAME: './exp19_dann_n2'
2026-05-10 18:11:25,786 PAT INFO: Running with config:
DATALOADER:
  CAMERA_TO_DOMAIN: False
  DELETE_REM: False
  DROP_LAST: False
  INDIVIDUAL: False
  NAIVE_WAY: True
  NUM_INSTANCE: 4
  NUM_WORKERS: 8
  SAMPLER: softmax_triplet
DATASETS:
  COMBINEALL: False
  ROOT_DIR: /media/DiscoLocal/IPCV/UE-ReID/urban-elements-re-id-challenge-2026/Urban2026/
  TEST: ('UrbanElementsReID',)
  TRAIN: ('UrbanElementsReID', 'UAM_Unified')
INPUT:
  CJ:
    BRIGHTNESS: 0.15
    CONTRAST: 0.15
    ENABLED: True
    HUE: 0.1
    PROB: 0.5
    SATURATION: 0.1
  DO_AUGMIX: False
  DO_AUTOAUG: False
  DO_FLIP: True
  DO_PAD: True
  FLIP_PROB: 0.5
  LGT:
    DO_LGT: False
    PROB: 0.5
  PADDING: 10
  PADDING_MODE: constant
  PIXEL_MEAN: [0.5, 0.5, 0.5]
  PIXEL_STD: [0.5, 0.5, 0.5]
  REA:
    ENABLED: False
    MEAN: [123.675, 116.28, 103.53]
    PROB: 0.5
  RPT:
    ENABLED: True
    PROB: 0.5
  SIZE_TEST: [256, 128]
  SIZE_TRAIN: [256, 128]
LOG_NAME: ./exp19_dann_n2
LOG_ROOT: models/
MODEL:
  ATT_DROP_RATE: 0.0
  CLUSTER_K: 10
  COS_LAYER: False
  DEVICE: cuda
  DEVICE_ID: 0
  DIST_TRAIN: False
  DROP_OUT: 0.0
  DROP_PATH: 0.1
  FREEZE_PATCH_EMBED: True
  ID_LOSS_TYPE: softmax
  ID_LOSS_WEIGHT: 1.0
  IF_LABELSMOOTH: on
  IF_WITH_CENTER: no
  LAST_STRIDE: 1
  METRIC_LOSS_TYPE: triplet
  NAME: part_attention_vit
  NECK: bnneck
  NO_MARGIN: True
  PATCH_EMBED_TYPE: 
  PC_LOSS: True
  PC_LR: 1.0
  PC_SCALE: 0.02
  PRETRAIN_CHOICE: imagenet
  PRETRAIN_PATH: /media/DiscoLocal/IPCV/UE-ReID/Part-Aware-Transformer-main/model
  SOFT_LABEL: True
  SOFT_LAMBDA: 0.5
  SOFT_WEIGHT: 0.5
  STRIDE_SIZE: [16, 16]
  TRANSFORMER_TYPE: vit_large_patch16_224_TransReID
  TRIPLET_LOSS_WEIGHT: 1.0
SOLVER:
  BASE_LR: 0.008
  BIAS_LR_FACTOR: 2
  CENTER_LOSS_WEIGHT: 0.0005
  CENTER_LR: 0.5
  CHECKPOINT_PERIOD: 5
  COSINE_MARGIN: 0.5
  COSINE_SCALE: 30
  EVAL_PERIOD: 5
  GAMMA: 0.1
  IMS_PER_BATCH: 32
  LARGE_FC_LR: False
  LOG_PERIOD: 60
  MARGIN: 0.3
  MAX_EPOCHS: 80
  MOMENTUM: 0.9
  OPTIMIZER_NAME: SGD
  SEED: 1234
  STEPS: (40, 70)
  WARMUP_EPOCHS: 5
  WARMUP_FACTOR: 0.01
  WARMUP_METHOD: linear
  WEIGHT_DECAY: 0.0001
  WEIGHT_DECAY_BIAS: 0.0
TB_LOG_ROOT: ./tb_log/
TEST:
  DIST_MAT: dist_mat.npy
  EVAL: True
  FEAT_NORM: True
  IMS_PER_BATCH: 64
  NECK_FEAT: before
  RE_RANKING: False
  WEIGHT: 
2026-05-10 18:11:25,839 PAT INFO: => Loaded UrbanElementsReID
2026-05-10 18:11:25,839 PAT INFO:   ----------------------------------------
2026-05-10 18:11:25,839 PAT INFO:   subset   | # ids | # images | # cameras
2026-05-10 18:11:25,839 PAT INFO:   ----------------------------------------
2026-05-10 18:11:25,839 PAT INFO:   train    |  1088 |    11175 |         3
2026-05-10 18:11:25,839 PAT INFO:   ----------------------------------------
UAM_Unified (exp16): 8695 images, 691 identities, 1262 c004 images
2026-05-10 18:11:25,934 PAT INFO: => Loaded UAM_Unified
2026-05-10 18:11:25,934 PAT INFO:   ----------------------------------------
2026-05-10 18:11:25,934 PAT INFO:   subset   | # ids | # images | # cameras
2026-05-10 18:11:25,934 PAT INFO:   ----------------------------------------
2026-05-10 18:11:25,935 PAT INFO:   train    |   691 |     8695 |         4
2026-05-10 18:11:25,935 PAT INFO:   ----------------------------------------
2026-05-10 18:11:26,054 PAT INFO: Dataset: 19,870 images, 1,262 c004 (6.4%)
2026-05-10 18:11:26,054 PAT INFO: Identities: 1,779 total, 322 c004-capable (18.1%)
2026-05-10 18:11:26,058 PAT INFO: CameraOversampleSampler: 2 c004-capable + 6 forward-only identities per batch
2026-05-10 18:11:26,059 PAT INFO: Train loader: 566 batches/epoch
2026-05-10 18:11:26,111 PAT INFO: => Loaded UrbanElementsReID
2026-05-10 18:11:26,111 PAT INFO:   ----------------------------------------
2026-05-10 18:11:26,111 PAT INFO:   subset   | # ids | # images | # cameras
2026-05-10 18:11:26,111 PAT INFO:   ----------------------------------------
2026-05-10 18:11:26,111 PAT INFO:   query    |  1088 |    11175 |         3
2026-05-10 18:11:26,111 PAT INFO:   gallery  |  1088 |    11175 |         3
2026-05-10 18:11:26,111 PAT INFO:   ----------------------------------------
2026-05-10 18:11:26,111 PAT INFO: num_classes: 1779
using Transformer_type: part token vit as a backbone
using stride: [16, 16], and patch number is num_y16 * num_x8
using drop_out rate is : 0.0
using attn_drop_out rate is : 0.0
using drop_path rate is : 0.1
Resized position embedding from size:torch.Size([1, 197, 1024]) to size: torch.Size([1, 132, 1024]) with height:16 width: 8
Load 297 / 299 layers.
Loading pretrained ImageNet model......from /media/DiscoLocal/IPCV/UE-ReID/Part-Aware-Transformer-main/model/jx_vit_large_p16_224-4ee7a4dc.pth
===========building our part attention vit===========
2026-05-10 18:11:29,758 PAT.train INFO: Number of parameter: 306.09M
2026-05-10 18:11:29,758 PAT INFO: Frozen patch_embed for stability
2026-05-10 18:11:30,040 PAT INFO: Camera classifier: 1024 -> 512 (BN+ReLU) -> 256 (BN+ReLU) -> 4
using soft triplet loss for training
label smooth on, numclasses: 1779
2026-05-10 18:11:30,074 PAT INFO: Added camera_classifier params to optimizer
2026-05-10 18:11:30,074 PAT INFO: Using soft label
2026-05-10 18:11:30,074 PAT.train INFO: start training exp17 DANN (target lambda=0.3)
saving tblog to ./tb_log/./exp19_dann_n2
initialize the patch centers
patch center initialization done
/media/DiscoLocal/IPCV/UE-ReID/Part-Aware-Transformer-main/loss/myloss.py:29: UserWarning: This overload of addmm_ is deprecated:
	addmm_(Number beta, Number alpha, Tensor mat1, Tensor mat2)
Consider using one of the following signatures instead:
	addmm_(Tensor mat1, Tensor mat2, *, Number beta, Number alpha) (Triggered internally at ../torch/csrc/utils/python_arg_parser.cpp:1519.)
  dist_map.addmm_(1, -2, part_feat, part_centers.t())
2026-05-10 18:15:03,701 PAT.train INFO: Epoch[1] Iter[60/566] loss:13.576 reid:10.716 pc:1.386 cam:1.475 cam_acc:0.209 ID_acc:0.001 lam:0.0020 lr:1.66e-03
2026-05-10 18:15:34,384 PAT.train INFO: Epoch[1] Iter[120/566] loss:13.433 reid:10.635 pc:1.347 cam:1.451 cam_acc:0.231 ID_acc:0.000 lam:0.0040 lr:1.66e-03
2026-05-10 18:16:05,293 PAT.train INFO: Epoch[1] Iter[180/566] loss:13.272 reid:10.510 pc:1.335 cam:1.428 cam_acc:0.252 ID_acc:0.001 lam:0.0060 lr:1.66e-03
2026-05-10 18:16:36,404 PAT.train INFO: Epoch[1] Iter[240/566] loss:13.131 reid:10.394 pc:1.329 cam:1.409 cam_acc:0.269 ID_acc:0.001 lam:0.0079 lr:1.66e-03
2026-05-10 18:17:07,712 PAT.train INFO: Epoch[1] Iter[300/566] loss:13.024 reid:10.303 pc:1.326 cam:1.395 cam_acc:0.280 ID_acc:0.001 lam:0.0099 lr:1.66e-03
2026-05-10 18:17:39,222 PAT.train INFO: Epoch[1] Iter[360/566] loss:12.933 reid:10.222 pc:1.330 cam:1.381 cam_acc:0.288 ID_acc:0.002 lam:0.0119 lr:1.66e-03
2026-05-10 18:18:10,998 PAT.train INFO: Epoch[1] Iter[420/566] loss:12.856 reid:10.147 pc:1.340 cam:1.370 cam_acc:0.293 ID_acc:0.002 lam:0.0139 lr:1.66e-03
2026-05-10 18:18:42,880 PAT.train INFO: Epoch[1] Iter[480/566] loss:12.794 reid:10.085 pc:1.349 cam:1.360 cam_acc:0.296 ID_acc:0.003 lam:0.0159 lr:1.66e-03
2026-05-10 18:19:14,984 PAT.train INFO: Epoch[1] Iter[540/566] loss:12.740 reid:10.030 pc:1.357 cam:1.353 cam_acc:0.301 ID_acc:0.004 lam:0.0179 lr:1.66e-03
2026-05-10 18:19:29,014 PAT.train INFO: Epoch 1 done. lambda_eff=0.0187 cam_acc=0.302 Time/batch:0.525s Speed:61.0img/s
2026-05-10 18:20:01,829 PAT.train INFO: Epoch[2] Iter[60/566] loss:11.770 reid:9.091 pc:1.400 cam:1.279 cam_acc:0.348 ID_acc:0.014 lam:0.0207 lr:3.25e-03
2026-05-10 18:20:33,955 PAT.train INFO: Epoch[2] Iter[120/566] loss:11.759 reid:9.100 pc:1.387 cam:1.271 cam_acc:0.354 ID_acc:0.015 lam:0.0227 lr:3.25e-03
2026-05-10 18:21:06,069 PAT.train INFO: Epoch[2] Iter[180/566] loss:11.717 reid:9.075 pc:1.373 cam:1.270 cam_acc:0.351 ID_acc:0.019 lam:0.0247 lr:3.25e-03
2026-05-10 18:21:38,268 PAT.train INFO: Epoch[2] Iter[240/566] loss:11.644 reid:9.044 pc:1.333 cam:1.267 cam_acc:0.354 ID_acc:0.025 lam:0.0266 lr:3.25e-03
2026-05-10 18:22:10,555 PAT.train INFO: Epoch[2] Iter[300/566] loss:11.539 reid:9.020 pc:1.256 cam:1.263 cam_acc:0.358 ID_acc:0.028 lam:0.0286 lr:3.25e-03
2026-05-10 18:22:42,850 PAT.train INFO: Epoch[2] Iter[360/566] loss:11.435 reid:9.011 pc:1.166 cam:1.258 cam_acc:0.361 ID_acc:0.032 lam:0.0306 lr:3.25e-03
2026-05-10 18:23:15,173 PAT.train INFO: Epoch[2] Iter[420/566] loss:11.313 reid:8.981 pc:1.078 cam:1.254 cam_acc:0.363 ID_acc:0.036 lam:0.0325 lr:3.25e-03
2026-05-10 18:23:47,872 PAT.train INFO: Epoch[2] Iter[480/566] loss:11.229 reid:8.956 pc:1.023 cam:1.250 cam_acc:0.368 ID_acc:0.042 lam:0.0345 lr:3.25e-03
2026-05-10 18:24:20,491 PAT.train INFO: Epoch[2] Iter[540/566] loss:11.168 reid:8.933 pc:0.988 cam:1.246 cam_acc:0.369 ID_acc:0.047 lam:0.0365 lr:3.25e-03
2026-05-10 18:24:33,677 PAT.train INFO: Epoch 2 done. lambda_eff=0.0372 cam_acc=0.369 Time/batch:0.540s Speed:59.3img/s
2026-05-10 18:25:07,210 PAT.train INFO: Epoch[3] Iter[60/566] loss:10.380 reid:8.521 pc:0.658 cam:1.201 cam_acc:0.404 ID_acc:0.063 lam:0.0392 lr:4.83e-03
2026-05-10 18:25:39,970 PAT.train INFO: Epoch[3] Iter[120/566] loss:10.407 reid:8.508 pc:0.696 cam:1.203 cam_acc:0.409 ID_acc:0.074 lam:0.0411 lr:4.83e-03
2026-05-10 18:26:12,681 PAT.train INFO: Epoch[3] Iter[180/566] loss:10.426 reid:8.508 pc:0.719 cam:1.199 cam_acc:0.413 ID_acc:0.072 lam:0.0431 lr:4.83e-03
2026-05-10 18:26:45,653 PAT.train INFO: Epoch[3] Iter[240/566] loss:10.367 reid:8.518 pc:0.654 cam:1.195 cam_acc:0.415 ID_acc:0.075 lam:0.0450 lr:4.83e-03
2026-05-10 18:27:18,283 PAT.train INFO: Epoch[3] Iter[300/566] loss:10.278 reid:8.517 pc:0.569 cam:1.192 cam_acc:0.417 ID_acc:0.075 lam:0.0470 lr:4.83e-03
2026-05-10 18:27:51,146 PAT.train INFO: Epoch[3] Iter[360/566] loss:10.192 reid:8.501 pc:0.501 cam:1.190 cam_acc:0.420 ID_acc:0.076 lam:0.0489 lr:4.83e-03
2026-05-10 18:28:23,862 PAT.train INFO: Epoch[3] Iter[420/566] loss:10.127 reid:8.492 pc:0.448 cam:1.187 cam_acc:0.422 ID_acc:0.079 lam:0.0509 lr:4.83e-03
2026-05-10 18:28:56,698 PAT.train INFO: Epoch[3] Iter[480/566] loss:10.061 reid:8.474 pc:0.404 cam:1.184 cam_acc:0.424 ID_acc:0.083 lam:0.0528 lr:4.83e-03
2026-05-10 18:29:29,764 PAT.train INFO: Epoch[3] Iter[540/566] loss:10.010 reid:8.451 pc:0.378 cam:1.180 cam_acc:0.427 ID_acc:0.088 lam:0.0547 lr:4.83e-03
2026-05-10 18:29:43,028 PAT.train INFO: Epoch 3 done. lambda_eff=0.0555 cam_acc=0.429 Time/batch:0.548s Speed:58.4img/s
2026-05-10 18:30:16,804 PAT.train INFO: Epoch[4] Iter[60/566] loss:9.224 reid:7.994 pc:0.102 cam:1.127 cam_acc:0.484 ID_acc:0.076 lam:0.0574 lr:6.42e-03
2026-05-10 18:30:49,813 PAT.train INFO: Epoch[4] Iter[120/566] loss:9.291 reid:8.058 pc:0.098 cam:1.135 cam_acc:0.468 ID_acc:0.078 lam:0.0593 lr:6.42e-03
2026-05-10 18:31:22,778 PAT.train INFO: Epoch[4] Iter[180/566] loss:9.279 reid:8.065 pc:0.085 cam:1.129 cam_acc:0.473 ID_acc:0.080 lam:0.0612 lr:6.42e-03
2026-05-10 18:31:55,642 PAT.train INFO: Epoch[4] Iter[240/566] loss:9.228 reid:8.025 pc:0.079 cam:1.124 cam_acc:0.477 ID_acc:0.088 lam:0.0631 lr:6.42e-03
2026-05-10 18:32:28,483 PAT.train INFO: Epoch[4] Iter[300/566] loss:9.202 reid:8.010 pc:0.070 cam:1.122 cam_acc:0.479 ID_acc:0.089 lam:0.0650 lr:6.42e-03
2026-05-10 18:33:01,361 PAT.train INFO: Epoch[4] Iter[360/566] loss:9.175 reid:7.990 pc:0.067 cam:1.118 cam_acc:0.481 ID_acc:0.090 lam:0.0669 lr:6.42e-03
2026-05-10 18:33:34,347 PAT.train INFO: Epoch[4] Iter[420/566] loss:9.146 reid:7.967 pc:0.063 cam:1.115 cam_acc:0.483 ID_acc:0.093 lam:0.0688 lr:6.42e-03
2026-05-10 18:34:07,256 PAT.train INFO: Epoch[4] Iter[480/566] loss:9.107 reid:7.932 pc:0.062 cam:1.112 cam_acc:0.485 ID_acc:0.096 lam:0.0707 lr:6.42e-03
2026-05-10 18:34:40,012 PAT.train INFO: Epoch[4] Iter[540/566] loss:9.040 reid:7.871 pc:0.059 cam:1.110 cam_acc:0.486 ID_acc:0.102 lam:0.0725 lr:6.42e-03
2026-05-10 18:34:53,854 PAT.train INFO: Epoch 4 done. lambda_eff=0.0733 cam_acc=0.487 Time/batch:0.550s Speed:58.2img/s
2026-05-10 18:35:27,530 PAT.train INFO: Epoch[5] Iter[60/566] loss:8.511 reid:7.418 pc:0.026 cam:1.068 cam_acc:0.518 ID_acc:0.086 lam:0.0752 lr:7.97e-03
2026-05-10 18:36:00,530 PAT.train INFO: Epoch[5] Iter[120/566] loss:8.523 reid:7.441 pc:0.026 cam:1.056 cam_acc:0.524 ID_acc:0.073 lam:0.0770 lr:7.97e-03
2026-05-10 18:36:33,675 PAT.train INFO: Epoch[5] Iter[180/566] loss:8.496 reid:7.412 pc:0.032 cam:1.051 cam_acc:0.525 ID_acc:0.077 lam:0.0789 lr:7.97e-03
2026-05-10 18:37:06,902 PAT.train INFO: Epoch[5] Iter[240/566] loss:8.467 reid:7.384 pc:0.032 cam:1.050 cam_acc:0.526 ID_acc:0.082 lam:0.0807 lr:7.97e-03
2026-05-10 18:37:39,943 PAT.train INFO: Epoch[5] Iter[300/566] loss:8.408 reid:7.333 pc:0.030 cam:1.045 cam_acc:0.530 ID_acc:0.087 lam:0.0826 lr:7.97e-03
2026-05-10 18:38:13,507 PAT.train INFO: Epoch[5] Iter[360/566] loss:8.365 reid:7.294 pc:0.029 cam:1.043 cam_acc:0.533 ID_acc:0.086 lam:0.0844 lr:7.97e-03
2026-05-10 18:38:47,458 PAT.train INFO: Epoch[5] Iter[420/566] loss:8.328 reid:7.265 pc:0.028 cam:1.036 cam_acc:0.537 ID_acc:0.087 lam:0.0862 lr:7.97e-03
2026-05-10 18:39:20,678 PAT.train INFO: Epoch[5] Iter[480/566] loss:8.258 reid:7.200 pc:0.026 cam:1.031 cam_acc:0.541 ID_acc:0.093 lam:0.0881 lr:7.97e-03
2026-05-10 18:39:53,920 PAT.train INFO: Epoch[5] Iter[540/566] loss:8.179 reid:7.125 pc:0.027 cam:1.027 cam_acc:0.542 ID_acc:0.099 lam:0.0899 lr:7.97e-03
2026-05-10 18:40:07,914 PAT.train INFO: Epoch 5 done. lambda_eff=0.0906 cam_acc=0.545 Time/batch:0.556s Speed:57.6img/s
2026-05-10 18:40:07,914 PAT.test INFO: Enter inferencing
2026-05-10 18:43:23,104 PAT.test INFO: Validation Results
2026-05-10 18:43:23,104 PAT.test INFO: mAP: 36.8%
2026-05-10 18:43:23,104 PAT.test INFO: CMC curve, Rank-1  :58.7%
2026-05-10 18:43:23,105 PAT.test INFO: CMC curve, Rank-5  :79.4%
2026-05-10 18:43:23,105 PAT.test INFO: CMC curve, Rank-10 :86.3%
2026-05-10 18:43:23,105 PAT.test INFO: total inference time: 195.19
2026-05-10 18:43:23,110 PAT.train INFO: =====saving epoch: 5=====
2026-05-10 18:43:56,835 PAT.train INFO: Epoch[6] Iter[60/566] loss:7.845 reid:6.860 pc:0.016 cam:0.969 cam_acc:0.572 ID_acc:0.074 lam:0.0924 lr:7.95e-03
2026-05-10 18:44:27,669 PAT.train INFO: Epoch[6] Iter[120/566] loss:7.820 reid:6.826 pc:0.017 cam:0.977 cam_acc:0.568 ID_acc:0.077 lam:0.0942 lr:7.95e-03
2026-05-10 18:44:58,592 PAT.train INFO: Epoch[6] Iter[180/566] loss:7.784 reid:6.788 pc:0.023 cam:0.974 cam_acc:0.574 ID_acc:0.082 lam:0.0960 lr:7.95e-03
2026-05-10 18:45:30,262 PAT.train INFO: Epoch[6] Iter[240/566] loss:7.747 reid:6.752 pc:0.025 cam:0.971 cam_acc:0.577 ID_acc:0.082 lam:0.0978 lr:7.95e-03
2026-05-10 18:46:01,858 PAT.train INFO: Epoch[6] Iter[300/566] loss:7.707 reid:6.712 pc:0.026 cam:0.969 cam_acc:0.577 ID_acc:0.093 lam:0.0996 lr:7.95e-03
2026-05-10 18:46:35,645 PAT.train INFO: Epoch[6] Iter[360/566] loss:7.648 reid:6.656 pc:0.025 cam:0.966 cam_acc:0.578 ID_acc:0.103 lam:0.1013 lr:7.95e-03
2026-05-10 18:47:08,117 PAT.train INFO: Epoch[6] Iter[420/566] loss:7.591 reid:6.604 pc:0.026 cam:0.961 cam_acc:0.581 ID_acc:0.112 lam:0.1031 lr:7.95e-03
2026-05-10 18:47:39,698 PAT.train INFO: Epoch[6] Iter[480/566] loss:7.519 reid:6.528 pc:0.029 cam:0.962 cam_acc:0.582 ID_acc:0.122 lam:0.1048 lr:7.95e-03
2026-05-10 18:48:11,322 PAT.train INFO: Epoch[6] Iter[540/566] loss:7.426 reid:6.441 pc:0.027 cam:0.959 cam_acc:0.583 ID_acc:0.131 lam:0.1066 lr:7.95e-03
2026-05-10 18:48:24,547 PAT.train INFO: Epoch 6 done. lambda_eff=0.1073 cam_acc=0.584 Time/batch:0.531s Speed:60.3img/s
2026-05-10 18:48:57,375 PAT.train INFO: Epoch[7] Iter[60/566] loss:7.289 reid:6.335 pc:0.020 cam:0.934 cam_acc:0.594 ID_acc:0.110 lam:0.1090 lr:7.93e-03
2026-05-10 18:49:30,256 PAT.train INFO: Epoch[7] Iter[120/566] loss:7.271 reid:6.331 pc:0.020 cam:0.920 cam_acc:0.602 ID_acc:0.109 lam:0.1108 lr:7.93e-03
2026-05-10 18:50:02,482 PAT.train INFO: Epoch[7] Iter[180/566] loss:7.185 reid:6.246 pc:0.021 cam:0.918 cam_acc:0.602 ID_acc:0.125 lam:0.1125 lr:7.93e-03
2026-05-10 18:50:35,289 PAT.train INFO: Epoch[7] Iter[240/566] loss:7.123 reid:6.188 pc:0.022 cam:0.913 cam_acc:0.605 ID_acc:0.132 lam:0.1142 lr:7.93e-03
2026-05-10 18:51:07,082 PAT.train INFO: Epoch[7] Iter[300/566] loss:7.071 reid:6.139 pc:0.021 cam:0.911 cam_acc:0.606 ID_acc:0.142 lam:0.1159 lr:7.93e-03
2026-05-10 18:51:38,940 PAT.train INFO: Epoch[7] Iter[360/566] loss:7.015 reid:6.087 pc:0.020 cam:0.908 cam_acc:0.608 ID_acc:0.155 lam:0.1176 lr:7.93e-03
2026-05-10 18:52:10,928 PAT.train INFO: Epoch[7] Iter[420/566] loss:6.952 reid:6.028 pc:0.018 cam:0.906 cam_acc:0.607 ID_acc:0.166 lam:0.1192 lr:7.93e-03
2026-05-10 18:52:43,351 PAT.train INFO: Epoch[7] Iter[480/566] loss:6.876 reid:5.959 pc:0.017 cam:0.900 cam_acc:0.610 ID_acc:0.177 lam:0.1209 lr:7.93e-03
2026-05-10 18:53:15,269 PAT.train INFO: Epoch[7] Iter[540/566] loss:6.798 reid:5.886 pc:0.016 cam:0.896 cam_acc:0.613 ID_acc:0.186 lam:0.1226 lr:7.93e-03
2026-05-10 18:53:27,417 PAT.train INFO: Epoch 7 done. lambda_eff=0.1232 cam_acc=0.614 Time/batch:0.538s Speed:59.5img/s
2026-05-10 18:53:59,851 PAT.train INFO: Epoch[8] Iter[60/566] loss:6.838 reid:5.975 pc:0.011 cam:0.852 cam_acc:0.645 ID_acc:0.141 lam:0.1248 lr:7.91e-03
2026-05-10 18:54:31,368 PAT.train INFO: Epoch[8] Iter[120/566] loss:6.826 reid:5.950 pc:0.015 cam:0.860 cam_acc:0.640 ID_acc:0.148 lam:0.1265 lr:7.91e-03
2026-05-10 18:55:02,948 PAT.train INFO: Epoch[8] Iter[180/566] loss:6.782 reid:5.894 pc:0.018 cam:0.870 cam_acc:0.631 ID_acc:0.158 lam:0.1281 lr:7.91e-03
2026-05-10 18:55:34,379 PAT.train INFO: Epoch[8] Iter[240/566] loss:6.711 reid:5.822 pc:0.019 cam:0.869 cam_acc:0.634 ID_acc:0.168 lam:0.1297 lr:7.91e-03
2026-05-10 18:56:05,824 PAT.train INFO: Epoch[8] Iter[300/566] loss:6.646 reid:5.764 pc:0.020 cam:0.862 cam_acc:0.637 ID_acc:0.180 lam:0.1313 lr:7.91e-03
2026-05-10 18:56:37,422 PAT.train INFO: Epoch[8] Iter[360/566] loss:6.562 reid:5.682 pc:0.019 cam:0.861 cam_acc:0.639 ID_acc:0.194 lam:0.1329 lr:7.91e-03
2026-05-10 18:57:09,089 PAT.train INFO: Epoch[8] Iter[420/566] loss:6.497 reid:5.617 pc:0.019 cam:0.861 cam_acc:0.637 ID_acc:0.209 lam:0.1345 lr:7.91e-03
2026-05-10 18:57:40,744 PAT.train INFO: Epoch[8] Iter[480/566] loss:6.416 reid:5.541 pc:0.017 cam:0.858 cam_acc:0.640 ID_acc:0.221 lam:0.1361 lr:7.91e-03
2026-05-10 18:58:12,363 PAT.train INFO: Epoch[8] Iter[540/566] loss:6.336 reid:5.464 pc:0.016 cam:0.855 cam_acc:0.641 ID_acc:0.234 lam:0.1377 lr:7.91e-03
2026-05-10 18:58:25,216 PAT.train INFO: Epoch 8 done. lambda_eff=0.1383 cam_acc=0.642 Time/batch:0.528s Speed:60.6img/s
2026-05-10 18:58:57,933 PAT.train INFO: Epoch[9] Iter[60/566] loss:6.445 reid:5.617 pc:0.009 cam:0.819 cam_acc:0.642 ID_acc:0.192 lam:0.1399 lr:7.89e-03
2026-05-10 18:59:29,552 PAT.train INFO: Epoch[9] Iter[120/566] loss:6.463 reid:5.631 pc:0.010 cam:0.823 cam_acc:0.646 ID_acc:0.196 lam:0.1414 lr:7.89e-03
2026-05-10 19:00:01,389 PAT.train INFO: Epoch[9] Iter[180/566] loss:6.421 reid:5.589 pc:0.010 cam:0.821 cam_acc:0.651 ID_acc:0.203 lam:0.1430 lr:7.89e-03
2026-05-10 19:00:33,190 PAT.train INFO: Epoch[9] Iter[240/566] loss:6.341 reid:5.506 pc:0.010 cam:0.824 cam_acc:0.649 ID_acc:0.217 lam:0.1445 lr:7.89e-03
2026-05-10 19:01:04,895 PAT.train INFO: Epoch[9] Iter[300/566] loss:6.245 reid:5.412 pc:0.010 cam:0.823 cam_acc:0.649 ID_acc:0.229 lam:0.1460 lr:7.89e-03
2026-05-10 19:01:36,456 PAT.train INFO: Epoch[9] Iter[360/566] loss:6.182 reid:5.346 pc:0.011 cam:0.825 cam_acc:0.649 ID_acc:0.242 lam:0.1475 lr:7.89e-03
2026-05-10 19:02:08,172 PAT.train INFO: Epoch[9] Iter[420/566] loss:6.109 reid:5.271 pc:0.011 cam:0.826 cam_acc:0.649 ID_acc:0.253 lam:0.1490 lr:7.89e-03
2026-05-10 19:02:39,797 PAT.train INFO: Epoch[9] Iter[480/566] loss:6.030 reid:5.193 pc:0.012 cam:0.826 cam_acc:0.650 ID_acc:0.266 lam:0.1505 lr:7.89e-03
2026-05-10 19:03:11,969 PAT.train INFO: Epoch[9] Iter[540/566] loss:5.946 reid:5.108 pc:0.012 cam:0.826 cam_acc:0.649 ID_acc:0.282 lam:0.1520 lr:7.89e-03
2026-05-10 19:03:26,437 PAT.train INFO: Epoch 9 done. lambda_eff=0.1526 cam_acc=0.650 Time/batch:0.533s Speed:60.0img/s
2026-05-10 19:04:01,128 PAT.train INFO: Epoch[10] Iter[60/566] loss:6.106 reid:5.307 pc:0.016 cam:0.784 cam_acc:0.683 ID_acc:0.228 lam:0.1541 lr:7.87e-03
2026-05-10 19:04:34,711 PAT.train INFO: Epoch[10] Iter[120/566] loss:6.057 reid:5.240 pc:0.018 cam:0.799 cam_acc:0.674 ID_acc:0.243 lam:0.1556 lr:7.87e-03
2026-05-10 19:05:08,430 PAT.train INFO: Epoch[10] Iter[180/566] loss:6.041 reid:5.210 pc:0.018 cam:0.813 cam_acc:0.665 ID_acc:0.255 lam:0.1570 lr:7.87e-03
2026-05-10 19:05:42,172 PAT.train INFO: Epoch[10] Iter[240/566] loss:5.978 reid:5.143 pc:0.018 cam:0.817 cam_acc:0.660 ID_acc:0.266 lam:0.1584 lr:7.87e-03
2026-05-10 19:06:15,705 PAT.train INFO: Epoch[10] Iter[300/566] loss:5.869 reid:5.038 pc:0.019 cam:0.813 cam_acc:0.661 ID_acc:0.282 lam:0.1599 lr:7.87e-03
2026-05-10 19:06:49,334 PAT.train INFO: Epoch[10] Iter[360/566] loss:5.836 reid:5.003 pc:0.019 cam:0.813 cam_acc:0.661 ID_acc:0.285 lam:0.1613 lr:7.87e-03
2026-05-10 19:07:22,947 PAT.train INFO: Epoch[10] Iter[420/566] loss:5.767 reid:4.935 pc:0.020 cam:0.812 cam_acc:0.660 ID_acc:0.299 lam:0.1627 lr:7.87e-03
2026-05-10 19:07:56,163 PAT.train INFO: Epoch[10] Iter[480/566] loss:5.700 reid:4.867 pc:0.020 cam:0.813 cam_acc:0.659 ID_acc:0.313 lam:0.1641 lr:7.87e-03
2026-05-10 19:08:27,255 PAT.train INFO: Epoch[10] Iter[540/566] loss:5.632 reid:4.803 pc:0.020 cam:0.809 cam_acc:0.660 ID_acc:0.328 lam:0.1655 lr:7.87e-03
2026-05-10 19:08:40,293 PAT.train INFO: Epoch 10 done. lambda_eff=0.1661 cam_acc=0.661 Time/batch:0.555s Speed:57.6img/s
2026-05-10 19:08:40,293 PAT.test INFO: Enter inferencing
2026-05-10 19:11:55,567 PAT.test INFO: Validation Results
2026-05-10 19:11:55,567 PAT.test INFO: mAP: 43.4%
2026-05-10 19:11:55,567 PAT.test INFO: CMC curve, Rank-1  :63.4%
2026-05-10 19:11:55,567 PAT.test INFO: CMC curve, Rank-5  :82.9%
2026-05-10 19:11:55,567 PAT.test INFO: CMC curve, Rank-10 :89.2%
2026-05-10 19:11:55,567 PAT.test INFO: total inference time: 195.27
2026-05-10 19:11:55,569 PAT.train INFO: =====saving epoch: 10=====
2026-05-10 19:12:28,290 PAT.train INFO: Epoch[11] Iter[60/566] loss:5.663 reid:4.856 pc:0.020 cam:0.786 cam_acc:0.673 ID_acc:0.265 lam:0.1674 lr:7.84e-03
2026-05-10 19:12:59,155 PAT.train INFO: Epoch[11] Iter[120/566] loss:5.729 reid:4.903 pc:0.023 cam:0.803 cam_acc:0.663 ID_acc:0.270 lam:0.1688 lr:7.84e-03
2026-05-10 19:13:29,937 PAT.train INFO: Epoch[11] Iter[180/566] loss:5.688 reid:4.853 pc:0.025 cam:0.810 cam_acc:0.663 ID_acc:0.291 lam:0.1701 lr:7.84e-03
2026-05-10 19:14:00,820 PAT.train INFO: Epoch[11] Iter[240/566] loss:5.641 reid:4.811 pc:0.024 cam:0.806 cam_acc:0.665 ID_acc:0.300 lam:0.1715 lr:7.84e-03
2026-05-10 19:14:31,591 PAT.train INFO: Epoch[11] Iter[300/566] loss:5.582 reid:4.753 pc:0.023 cam:0.806 cam_acc:0.665 ID_acc:0.312 lam:0.1728 lr:7.84e-03
2026-05-10 19:15:02,365 PAT.train INFO: Epoch[11] Iter[360/566] loss:5.533 reid:4.707 pc:0.022 cam:0.804 cam_acc:0.665 ID_acc:0.326 lam:0.1741 lr:7.84e-03
2026-05-10 19:15:33,167 PAT.train INFO: Epoch[11] Iter[420/566] loss:5.486 reid:4.658 pc:0.022 cam:0.807 cam_acc:0.662 ID_acc:0.338 lam:0.1755 lr:7.84e-03
2026-05-10 19:16:03,994 PAT.train INFO: Epoch[11] Iter[480/566] loss:5.423 reid:4.592 pc:0.021 cam:0.809 cam_acc:0.661 ID_acc:0.356 lam:0.1768 lr:7.84e-03
2026-05-10 19:16:34,811 PAT.train INFO: Epoch[11] Iter[540/566] loss:5.334 reid:4.502 pc:0.021 cam:0.811 cam_acc:0.660 ID_acc:0.377 lam:0.1781 lr:7.84e-03
2026-05-10 19:16:47,914 PAT.train INFO: Epoch 11 done. lambda_eff=0.1786 cam_acc=0.660 Time/batch:0.516s Speed:62.0img/s
2026-05-10 19:17:21,327 PAT.train INFO: Epoch[12] Iter[60/566] loss:5.519 reid:4.691 pc:0.021 cam:0.806 cam_acc:0.670 ID_acc:0.315 lam:0.1798 lr:7.81e-03
2026-05-10 19:17:54,464 PAT.train INFO: Epoch[12] Iter[120/566] loss:5.500 reid:4.670 pc:0.021 cam:0.808 cam_acc:0.661 ID_acc:0.319 lam:0.1811 lr:7.81e-03
2026-05-10 19:18:26,686 PAT.train INFO: Epoch[12] Iter[180/566] loss:5.519 reid:4.682 pc:0.022 cam:0.815 cam_acc:0.657 ID_acc:0.321 lam:0.1824 lr:7.81e-03
2026-05-10 19:18:58,804 PAT.train INFO: Epoch[12] Iter[240/566] loss:5.452 reid:4.609 pc:0.023 cam:0.821 cam_acc:0.649 ID_acc:0.335 lam:0.1836 lr:7.81e-03
2026-05-10 19:19:29,706 PAT.train INFO: Epoch[12] Iter[300/566] loss:5.401 reid:4.548 pc:0.026 cam:0.826 cam_acc:0.647 ID_acc:0.350 lam:0.1849 lr:7.81e-03
2026-05-10 19:20:00,494 PAT.train INFO: Epoch[12] Iter[360/566] loss:5.344 reid:4.488 pc:0.028 cam:0.828 cam_acc:0.647 ID_acc:0.363 lam:0.1861 lr:7.81e-03
2026-05-10 19:20:31,322 PAT.train INFO: Epoch[12] Iter[420/566] loss:5.279 reid:4.420 pc:0.030 cam:0.829 cam_acc:0.645 ID_acc:0.377 lam:0.1873 lr:7.81e-03
2026-05-10 19:21:02,289 PAT.train INFO: Epoch[12] Iter[480/566] loss:5.222 reid:4.364 pc:0.030 cam:0.828 cam_acc:0.646 ID_acc:0.392 lam:0.1885 lr:7.81e-03
2026-05-10 19:21:33,291 PAT.train INFO: Epoch[12] Iter[540/566] loss:5.155 reid:4.298 pc:0.030 cam:0.827 cam_acc:0.646 ID_acc:0.410 lam:0.1897 lr:7.81e-03
2026-05-10 19:21:45,807 PAT.train INFO: Epoch 12 done. lambda_eff=0.1902 cam_acc=0.647 Time/batch:0.528s Speed:60.6img/s
2026-05-10 19:22:17,633 PAT.train INFO: Epoch[13] Iter[60/566] loss:5.390 reid:4.537 pc:0.025 cam:0.828 cam_acc:0.649 ID_acc:0.332 lam:0.1914 lr:7.78e-03
2026-05-10 19:22:48,417 PAT.train INFO: Epoch[13] Iter[120/566] loss:5.388 reid:4.538 pc:0.028 cam:0.822 cam_acc:0.651 ID_acc:0.332 lam:0.1925 lr:7.78e-03
2026-05-10 19:23:19,211 PAT.train INFO: Epoch[13] Iter[180/566] loss:5.303 reid:4.456 pc:0.028 cam:0.819 cam_acc:0.654 ID_acc:0.357 lam:0.1937 lr:7.78e-03
2026-05-10 19:23:50,013 PAT.train INFO: Epoch[13] Iter[240/566] loss:5.216 reid:4.370 pc:0.027 cam:0.819 cam_acc:0.653 ID_acc:0.381 lam:0.1949 lr:7.78e-03
2026-05-10 19:24:20,880 PAT.train INFO: Epoch[13] Iter[300/566] loss:5.154 reid:4.306 pc:0.027 cam:0.821 cam_acc:0.651 ID_acc:0.395 lam:0.1960 lr:7.78e-03
2026-05-10 19:24:51,858 PAT.train INFO: Epoch[13] Iter[360/566] loss:5.087 reid:4.237 pc:0.027 cam:0.823 cam_acc:0.648 ID_acc:0.414 lam:0.1971 lr:7.78e-03
2026-05-10 19:25:22,867 PAT.train INFO: Epoch[13] Iter[420/566] loss:5.016 reid:4.172 pc:0.026 cam:0.818 cam_acc:0.653 ID_acc:0.428 lam:0.1983 lr:7.78e-03
2026-05-10 19:25:53,928 PAT.train INFO: Epoch[13] Iter[480/566] loss:4.966 reid:4.122 pc:0.026 cam:0.818 cam_acc:0.653 ID_acc:0.438 lam:0.1994 lr:7.78e-03
2026-05-10 19:26:25,299 PAT.train INFO: Epoch[13] Iter[540/566] loss:4.899 reid:4.055 pc:0.026 cam:0.817 cam_acc:0.653 ID_acc:0.453 lam:0.2005 lr:7.78e-03
2026-05-10 19:26:38,359 PAT.train INFO: Epoch 13 done. lambda_eff=0.2009 cam_acc=0.654 Time/batch:0.518s Speed:61.8img/s
2026-05-10 19:27:10,229 PAT.train INFO: Epoch[14] Iter[60/566] loss:5.133 reid:4.269 pc:0.020 cam:0.845 cam_acc:0.625 ID_acc:0.364 lam:0.2020 lr:7.74e-03
2026-05-10 19:27:41,009 PAT.train INFO: Epoch[14] Iter[120/566] loss:5.110 reid:4.264 pc:0.022 cam:0.824 cam_acc:0.646 ID_acc:0.383 lam:0.2031 lr:7.74e-03
2026-05-10 19:28:11,862 PAT.train INFO: Epoch[14] Iter[180/566] loss:5.076 reid:4.211 pc:0.025 cam:0.840 cam_acc:0.639 ID_acc:0.397 lam:0.2042 lr:7.74e-03
2026-05-10 19:28:42,783 PAT.train INFO: Epoch[14] Iter[240/566] loss:5.018 reid:4.155 pc:0.025 cam:0.837 cam_acc:0.642 ID_acc:0.413 lam:0.2052 lr:7.74e-03
2026-05-10 19:29:13,718 PAT.train INFO: Epoch[14] Iter[300/566] loss:4.966 reid:4.104 pc:0.026 cam:0.836 cam_acc:0.640 ID_acc:0.428 lam:0.2063 lr:7.74e-03
2026-05-10 19:29:44,648 PAT.train INFO: Epoch[14] Iter[360/566] loss:4.910 reid:4.048 pc:0.026 cam:0.836 cam_acc:0.639 ID_acc:0.443 lam:0.2073 lr:7.74e-03
2026-05-10 19:30:15,562 PAT.train INFO: Epoch[14] Iter[420/566] loss:4.856 reid:3.993 pc:0.026 cam:0.836 cam_acc:0.638 ID_acc:0.454 lam:0.2084 lr:7.74e-03
2026-05-10 19:30:46,494 PAT.train INFO: Epoch[14] Iter[480/566] loss:4.804 reid:3.941 pc:0.026 cam:0.837 cam_acc:0.639 ID_acc:0.468 lam:0.2094 lr:7.74e-03
2026-05-10 19:31:17,413 PAT.train INFO: Epoch[14] Iter[540/566] loss:4.742 reid:3.878 pc:0.026 cam:0.837 cam_acc:0.638 ID_acc:0.485 lam:0.2104 lr:7.74e-03
2026-05-10 19:31:30,965 PAT.train INFO: Epoch 14 done. lambda_eff=0.2109 cam_acc=0.638 Time/batch:0.517s Speed:61.9img/s
2026-05-10 19:32:02,950 PAT.train INFO: Epoch[15] Iter[60/566] loss:5.157 reid:4.293 pc:0.032 cam:0.832 cam_acc:0.636 ID_acc:0.361 lam:0.2119 lr:7.70e-03
2026-05-10 19:32:33,881 PAT.train INFO: Epoch[15] Iter[120/566] loss:5.094 reid:4.226 pc:0.033 cam:0.836 cam_acc:0.641 ID_acc:0.392 lam:0.2128 lr:7.70e-03
2026-05-10 19:33:04,800 PAT.train INFO: Epoch[15] Iter[180/566] loss:5.041 reid:4.174 pc:0.032 cam:0.834 cam_acc:0.643 ID_acc:0.413 lam:0.2138 lr:7.70e-03
2026-05-10 19:33:35,769 PAT.train INFO: Epoch[15] Iter[240/566] loss:4.937 reid:4.075 pc:0.032 cam:0.830 cam_acc:0.644 ID_acc:0.434 lam:0.2148 lr:7.70e-03
2026-05-10 19:34:06,684 PAT.train INFO: Epoch[15] Iter[300/566] loss:4.887 reid:4.023 pc:0.032 cam:0.832 cam_acc:0.645 ID_acc:0.447 lam:0.2158 lr:7.70e-03
2026-05-10 19:34:37,611 PAT.train INFO: Epoch[15] Iter[360/566] loss:4.820 reid:3.952 pc:0.034 cam:0.834 cam_acc:0.642 ID_acc:0.468 lam:0.2167 lr:7.70e-03
2026-05-10 19:35:08,555 PAT.train INFO: Epoch[15] Iter[420/566] loss:4.769 reid:3.899 pc:0.034 cam:0.836 cam_acc:0.642 ID_acc:0.484 lam:0.2177 lr:7.70e-03
2026-05-10 19:35:39,756 PAT.train INFO: Epoch[15] Iter[480/566] loss:4.682 reid:3.813 pc:0.035 cam:0.835 cam_acc:0.643 ID_acc:0.502 lam:0.2186 lr:7.70e-03
2026-05-10 19:36:10,564 PAT.train INFO: Epoch[15] Iter[540/566] loss:4.596 reid:3.729 pc:0.036 cam:0.831 cam_acc:0.644 ID_acc:0.520 lam:0.2195 lr:7.70e-03
2026-05-10 19:36:23,023 PAT.train INFO: Epoch 15 done. lambda_eff=0.2199 cam_acc=0.645 Time/batch:0.518s Speed:61.8img/s
2026-05-10 19:36:23,023 PAT.test INFO: Enter inferencing
2026-05-10 19:39:38,082 PAT.test INFO: Validation Results
2026-05-10 19:39:38,082 PAT.test INFO: mAP: 49.1%
2026-05-10 19:39:38,082 PAT.test INFO: CMC curve, Rank-1  :67.3%
2026-05-10 19:39:38,082 PAT.test INFO: CMC curve, Rank-5  :85.9%
2026-05-10 19:39:38,082 PAT.test INFO: CMC curve, Rank-10 :91.3%
2026-05-10 19:39:38,082 PAT.test INFO: total inference time: 195.05
2026-05-10 19:39:38,084 PAT.train INFO: =====saving epoch: 15=====
2026-05-10 19:40:11,329 PAT.train INFO: Epoch[16] Iter[60/566] loss:4.690 reid:3.846 pc:0.038 cam:0.805 cam_acc:0.660 ID_acc:0.454 lam:0.2208 lr:7.66e-03
2026-05-10 19:40:42,270 PAT.train INFO: Epoch[16] Iter[120/566] loss:4.714 reid:3.849 pc:0.039 cam:0.826 cam_acc:0.646 ID_acc:0.463 lam:0.2217 lr:7.66e-03
2026-05-10 19:41:13,253 PAT.train INFO: Epoch[16] Iter[180/566] loss:4.643 reid:3.777 pc:0.038 cam:0.828 cam_acc:0.646 ID_acc:0.478 lam:0.2226 lr:7.66e-03
2026-05-10 19:41:44,306 PAT.train INFO: Epoch[16] Iter[240/566] loss:4.614 reid:3.745 pc:0.039 cam:0.829 cam_acc:0.645 ID_acc:0.487 lam:0.2235 lr:7.66e-03
2026-05-10 19:42:15,229 PAT.train INFO: Epoch[16] Iter[300/566] loss:4.616 reid:3.750 pc:0.040 cam:0.826 cam_acc:0.648 ID_acc:0.489 lam:0.2244 lr:7.66e-03
2026-05-10 19:42:46,186 PAT.train INFO: Epoch[16] Iter[360/566] loss:4.571 reid:3.703 pc:0.041 cam:0.827 cam_acc:0.650 ID_acc:0.503 lam:0.2253 lr:7.66e-03
2026-05-10 19:43:17,138 PAT.train INFO: Epoch[16] Iter[420/566] loss:4.524 reid:3.655 pc:0.041 cam:0.828 cam_acc:0.650 ID_acc:0.517 lam:0.2261 lr:7.66e-03
2026-05-10 19:43:48,073 PAT.train INFO: Epoch[16] Iter[480/566] loss:4.457 reid:3.592 pc:0.041 cam:0.824 cam_acc:0.652 ID_acc:0.531 lam:0.2270 lr:7.66e-03
2026-05-10 19:44:19,045 PAT.train INFO: Epoch[16] Iter[540/566] loss:4.390 reid:3.527 pc:0.041 cam:0.822 cam_acc:0.652 ID_acc:0.547 lam:0.2278 lr:7.66e-03
2026-05-10 19:44:32,107 PAT.train INFO: Epoch 16 done. lambda_eff=0.2282 cam_acc=0.653 Time/batch:0.518s Speed:61.8img/s
2026-05-10 19:45:04,314 PAT.train INFO: Epoch[17] Iter[60/566] loss:4.630 reid:3.794 pc:0.034 cam:0.801 cam_acc:0.658 ID_acc:0.469 lam:0.2290 lr:7.62e-03
2026-05-10 19:45:35,090 PAT.train INFO: Epoch[17] Iter[120/566] loss:4.591 reid:3.741 pc:0.040 cam:0.811 cam_acc:0.655 ID_acc:0.478 lam:0.2298 lr:7.62e-03
2026-05-10 19:46:05,819 PAT.train INFO: Epoch[17] Iter[180/566] loss:4.548 reid:3.693 pc:0.043 cam:0.813 cam_acc:0.652 ID_acc:0.494 lam:0.2306 lr:7.62e-03
2026-05-10 19:46:36,642 PAT.train INFO: Epoch[17] Iter[240/566] loss:4.499 reid:3.633 pc:0.043 cam:0.823 cam_acc:0.645 ID_acc:0.510 lam:0.2315 lr:7.62e-03
2026-05-10 19:47:07,365 PAT.train INFO: Epoch[17] Iter[300/566] loss:4.475 reid:3.609 pc:0.043 cam:0.824 cam_acc:0.644 ID_acc:0.519 lam:0.2323 lr:7.62e-03
2026-05-10 19:47:38,165 PAT.train INFO: Epoch[17] Iter[360/566] loss:4.405 reid:3.544 pc:0.042 cam:0.818 cam_acc:0.648 ID_acc:0.538 lam:0.2330 lr:7.62e-03
2026-05-10 19:48:09,065 PAT.train INFO: Epoch[17] Iter[420/566] loss:4.348 reid:3.490 pc:0.042 cam:0.815 cam_acc:0.650 ID_acc:0.549 lam:0.2338 lr:7.62e-03
2026-05-10 19:48:40,320 PAT.train INFO: Epoch[17] Iter[480/566] loss:4.306 reid:3.450 pc:0.041 cam:0.815 cam_acc:0.649 ID_acc:0.561 lam:0.2346 lr:7.62e-03
2026-05-10 19:49:11,663 PAT.train INFO: Epoch[17] Iter[540/566] loss:4.237 reid:3.384 pc:0.041 cam:0.813 cam_acc:0.650 ID_acc:0.578 lam:0.2354 lr:7.62e-03
2026-05-10 19:49:24,552 PAT.train INFO: Epoch 17 done. lambda_eff=0.2357 cam_acc=0.652 Time/batch:0.518s Speed:61.7img/s
2026-05-10 19:49:57,235 PAT.train INFO: Epoch[18] Iter[60/566] loss:4.515 reid:3.669 pc:0.038 cam:0.807 cam_acc:0.660 ID_acc:0.503 lam:0.2364 lr:7.57e-03
2026-05-10 19:50:28,792 PAT.train INFO: Epoch[18] Iter[120/566] loss:4.537 reid:3.694 pc:0.038 cam:0.805 cam_acc:0.661 ID_acc:0.501 lam:0.2372 lr:7.57e-03
2026-05-10 19:51:00,368 PAT.train INFO: Epoch[18] Iter[180/566] loss:4.497 reid:3.658 pc:0.039 cam:0.800 cam_acc:0.665 ID_acc:0.514 lam:0.2379 lr:7.57e-03
2026-05-10 19:51:32,115 PAT.train INFO: Epoch[18] Iter[240/566] loss:4.443 reid:3.603 pc:0.037 cam:0.803 cam_acc:0.662 ID_acc:0.531 lam:0.2387 lr:7.57e-03
2026-05-10 19:52:03,689 PAT.train INFO: Epoch[18] Iter[300/566] loss:4.379 reid:3.542 pc:0.036 cam:0.801 cam_acc:0.662 ID_acc:0.546 lam:0.2394 lr:7.57e-03
2026-05-10 19:52:35,330 PAT.train INFO: Epoch[18] Iter[360/566] loss:4.315 reid:3.477 pc:0.036 cam:0.802 cam_acc:0.660 ID_acc:0.562 lam:0.2401 lr:7.57e-03
2026-05-10 19:53:06,882 PAT.train INFO: Epoch[18] Iter[420/566] loss:4.242 reid:3.407 pc:0.035 cam:0.800 cam_acc:0.662 ID_acc:0.577 lam:0.2408 lr:7.57e-03
2026-05-10 19:53:38,531 PAT.train INFO: Epoch[18] Iter[480/566] loss:4.190 reid:3.352 pc:0.035 cam:0.803 cam_acc:0.660 ID_acc:0.590 lam:0.2415 lr:7.57e-03
2026-05-10 19:54:10,323 PAT.train INFO: Epoch[18] Iter[540/566] loss:4.130 reid:3.294 pc:0.035 cam:0.802 cam_acc:0.659 ID_acc:0.604 lam:0.2422 lr:7.57e-03
2026-05-10 19:54:24,422 PAT.train INFO: Epoch 18 done. lambda_eff=0.2425 cam_acc=0.661 Time/batch:0.530s Speed:60.4img/s
2026-05-10 19:54:56,931 PAT.train INFO: Epoch[19] Iter[60/566] loss:4.327 reid:3.509 pc:0.032 cam:0.786 cam_acc:0.689 ID_acc:0.509 lam:0.2432 lr:7.52e-03
2026-05-10 19:55:28,585 PAT.train INFO: Epoch[19] Iter[120/566] loss:4.323 reid:3.495 pc:0.029 cam:0.799 cam_acc:0.676 ID_acc:0.528 lam:0.2439 lr:7.52e-03
2026-05-10 19:56:00,328 PAT.train INFO: Epoch[19] Iter[180/566] loss:4.245 reid:3.419 pc:0.029 cam:0.798 cam_acc:0.669 ID_acc:0.544 lam:0.2445 lr:7.52e-03
2026-05-10 19:56:32,148 PAT.train INFO: Epoch[19] Iter[240/566] loss:4.205 reid:3.378 pc:0.029 cam:0.798 cam_acc:0.667 ID_acc:0.559 lam:0.2452 lr:7.52e-03
2026-05-10 19:57:03,796 PAT.train INFO: Epoch[19] Iter[300/566] loss:4.154 reid:3.322 pc:0.029 cam:0.804 cam_acc:0.662 ID_acc:0.575 lam:0.2459 lr:7.52e-03
2026-05-10 19:57:35,356 PAT.train INFO: Epoch[19] Iter[360/566] loss:4.127 reid:3.289 pc:0.029 cam:0.810 cam_acc:0.659 ID_acc:0.584 lam:0.2465 lr:7.52e-03
2026-05-10 19:58:06,245 PAT.train INFO: Epoch[19] Iter[420/566] loss:4.091 reid:3.251 pc:0.028 cam:0.812 cam_acc:0.657 ID_acc:0.597 lam:0.2472 lr:7.52e-03
2026-05-10 19:58:37,164 PAT.train INFO: Epoch[19] Iter[480/566] loss:4.045 reid:3.205 pc:0.028 cam:0.812 cam_acc:0.656 ID_acc:0.609 lam:0.2478 lr:7.52e-03
2026-05-10 19:59:08,003 PAT.train INFO: Epoch[19] Iter[540/566] loss:3.992 reid:3.152 pc:0.028 cam:0.811 cam_acc:0.657 ID_acc:0.624 lam:0.2484 lr:7.52e-03
2026-05-10 19:59:20,930 PAT.train INFO: Epoch 19 done. lambda_eff=0.2487 cam_acc=0.659 Time/batch:0.525s Speed:61.0img/s
2026-05-10 19:59:52,762 PAT.train INFO: Epoch[20] Iter[60/566] loss:4.033 reid:3.237 pc:0.029 cam:0.768 cam_acc:0.672 ID_acc:0.589 lam:0.2493 lr:7.47e-03
2026-05-10 20:00:23,552 PAT.train INFO: Epoch[20] Iter[120/566] loss:4.160 reid:3.337 pc:0.029 cam:0.794 cam_acc:0.661 ID_acc:0.569 lam:0.2499 lr:7.47e-03
2026-05-10 20:00:54,356 PAT.train INFO: Epoch[20] Iter[180/566] loss:4.101 reid:3.273 pc:0.029 cam:0.798 cam_acc:0.658 ID_acc:0.583 lam:0.2505 lr:7.47e-03
2026-05-10 20:01:25,223 PAT.train INFO: Epoch[20] Iter[240/566] loss:4.091 reid:3.261 pc:0.031 cam:0.800 cam_acc:0.660 ID_acc:0.590 lam:0.2511 lr:7.47e-03
2026-05-10 20:01:55,987 PAT.train INFO: Epoch[20] Iter[300/566] loss:4.052 reid:3.215 pc:0.030 cam:0.807 cam_acc:0.655 ID_acc:0.601 lam:0.2517 lr:7.47e-03
2026-05-10 20:02:26,794 PAT.train INFO: Epoch[20] Iter[360/566] loss:4.043 reid:3.206 pc:0.029 cam:0.808 cam_acc:0.654 ID_acc:0.609 lam:0.2523 lr:7.47e-03
2026-05-10 20:02:57,601 PAT.train INFO: Epoch[20] Iter[420/566] loss:3.991 reid:3.156 pc:0.029 cam:0.806 cam_acc:0.654 ID_acc:0.624 lam:0.2529 lr:7.47e-03
2026-05-10 20:03:28,669 PAT.train INFO: Epoch[20] Iter[480/566] loss:3.948 reid:3.116 pc:0.029 cam:0.802 cam_acc:0.656 ID_acc:0.636 lam:0.2534 lr:7.47e-03
2026-05-10 20:03:59,612 PAT.train INFO: Epoch[20] Iter[540/566] loss:3.893 reid:3.067 pc:0.029 cam:0.797 cam_acc:0.659 ID_acc:0.649 lam:0.2540 lr:7.47e-03
2026-05-10 20:04:12,605 PAT.train INFO: Epoch 20 done. lambda_eff=0.2542 cam_acc=0.662 Time/batch:0.516s Speed:62.0img/s
2026-05-10 20:04:12,605 PAT.test INFO: Enter inferencing
2026-05-10 20:07:27,798 PAT.test INFO: Validation Results
2026-05-10 20:07:27,798 PAT.test INFO: mAP: 54.6%
2026-05-10 20:07:27,798 PAT.test INFO: CMC curve, Rank-1  :71.5%
2026-05-10 20:07:27,798 PAT.test INFO: CMC curve, Rank-5  :89.0%
2026-05-10 20:07:27,798 PAT.test INFO: CMC curve, Rank-10 :93.7%
2026-05-10 20:07:27,798 PAT.test INFO: total inference time: 195.19
2026-05-10 20:07:27,800 PAT.train INFO: =====saving epoch: 20=====
2026-05-10 20:08:00,588 PAT.train INFO: Epoch[21] Iter[60/566] loss:4.002 reid:3.190 pc:0.023 cam:0.789 cam_acc:0.669 ID_acc:0.589 lam:0.2548 lr:7.42e-03
2026-05-10 20:08:31,457 PAT.train INFO: Epoch[21] Iter[120/566] loss:4.045 reid:3.243 pc:0.023 cam:0.779 cam_acc:0.670 ID_acc:0.586 lam:0.2554 lr:7.42e-03
2026-05-10 20:09:02,453 PAT.train INFO: Epoch[21] Iter[180/566] loss:4.025 reid:3.206 pc:0.024 cam:0.795 cam_acc:0.664 ID_acc:0.601 lam:0.2559 lr:7.42e-03
2026-05-10 20:09:33,463 PAT.train INFO: Epoch[21] Iter[240/566] loss:3.976 reid:3.164 pc:0.023 cam:0.789 cam_acc:0.665 ID_acc:0.610 lam:0.2564 lr:7.42e-03
2026-05-10 20:10:04,286 PAT.train INFO: Epoch[21] Iter[300/566] loss:3.925 reid:3.113 pc:0.024 cam:0.789 cam_acc:0.666 ID_acc:0.626 lam:0.2570 lr:7.42e-03
2026-05-10 20:10:35,166 PAT.train INFO: Epoch[21] Iter[360/566] loss:3.892 reid:3.081 pc:0.023 cam:0.789 cam_acc:0.666 ID_acc:0.637 lam:0.2575 lr:7.42e-03
2026-05-10 20:11:06,017 PAT.train INFO: Epoch[21] Iter[420/566] loss:3.858 reid:3.051 pc:0.023 cam:0.784 cam_acc:0.668 ID_acc:0.648 lam:0.2580 lr:7.42e-03
2026-05-10 20:11:36,808 PAT.train INFO: Epoch[21] Iter[480/566] loss:3.819 reid:3.010 pc:0.023 cam:0.786 cam_acc:0.667 ID_acc:0.658 lam:0.2585 lr:7.42e-03
2026-05-10 20:12:07,665 PAT.train INFO: Epoch[21] Iter[540/566] loss:3.766 reid:2.959 pc:0.022 cam:0.785 cam_acc:0.667 ID_acc:0.670 lam:0.2590 lr:7.42e-03
2026-05-10 20:12:20,743 PAT.train INFO: Epoch 21 done. lambda_eff=0.2592 cam_acc=0.668 Time/batch:0.517s Speed:61.9img/s
2026-05-10 20:12:52,682 PAT.train INFO: Epoch[22] Iter[60/566] loss:3.938 reid:3.131 pc:0.039 cam:0.768 cam_acc:0.687 ID_acc:0.600 lam:0.2597 lr:7.37e-03
2026-05-10 20:13:23,563 PAT.train INFO: Epoch[22] Iter[120/566] loss:3.935 reid:3.104 pc:0.036 cam:0.795 cam_acc:0.666 ID_acc:0.609 lam:0.2602 lr:7.37e-03
2026-05-10 20:13:54,419 PAT.train INFO: Epoch[22] Iter[180/566] loss:3.900 reid:3.068 pc:0.035 cam:0.797 cam_acc:0.661 ID_acc:0.614 lam:0.2607 lr:7.37e-03
2026-05-10 20:14:25,756 PAT.train INFO: Epoch[22] Iter[240/566] loss:3.890 reid:3.057 pc:0.034 cam:0.798 cam_acc:0.661 ID_acc:0.623 lam:0.2612 lr:7.37e-03
2026-05-10 20:14:57,719 PAT.train INFO: Epoch[22] Iter[300/566] loss:3.855 reid:3.020 pc:0.034 cam:0.801 cam_acc:0.661 ID_acc:0.638 lam:0.2617 lr:7.37e-03
2026-05-10 20:15:29,713 PAT.train INFO: Epoch[22] Iter[360/566] loss:3.811 reid:2.980 pc:0.033 cam:0.798 cam_acc:0.663 ID_acc:0.651 lam:0.2622 lr:7.37e-03
2026-05-10 20:16:01,652 PAT.train INFO: Epoch[22] Iter[420/566] loss:3.777 reid:2.949 pc:0.033 cam:0.795 cam_acc:0.665 ID_acc:0.660 lam:0.2626 lr:7.37e-03
2026-05-10 20:16:33,717 PAT.train INFO: Epoch[22] Iter[480/566] loss:3.723 reid:2.903 pc:0.030 cam:0.790 cam_acc:0.668 ID_acc:0.672 lam:0.2631 lr:7.37e-03
2026-05-10 20:17:05,743 PAT.train INFO: Epoch[22] Iter[540/566] loss:3.670 reid:2.858 pc:0.028 cam:0.784 cam_acc:0.671 ID_acc:0.685 lam:0.2635 lr:7.37e-03
2026-05-10 20:17:19,208 PAT.train INFO: Epoch 22 done. lambda_eff=0.2637 cam_acc=0.672 Time/batch:0.528s Speed:60.6img/s
2026-05-10 20:17:52,166 PAT.train INFO: Epoch[23] Iter[60/566] loss:3.882 reid:3.111 pc:0.014 cam:0.757 cam_acc:0.678 ID_acc:0.595 lam:0.2642 lr:7.31e-03
2026-05-10 20:18:24,156 PAT.train INFO: Epoch[23] Iter[120/566] loss:3.846 reid:3.055 pc:0.014 cam:0.777 cam_acc:0.671 ID_acc:0.620 lam:0.2646 lr:7.31e-03
2026-05-10 20:18:56,079 PAT.train INFO: Epoch[23] Iter[180/566] loss:3.813 reid:3.019 pc:0.013 cam:0.781 cam_acc:0.670 ID_acc:0.628 lam:0.2651 lr:7.31e-03
2026-05-10 20:19:28,031 PAT.train INFO: Epoch[23] Iter[240/566] loss:3.763 reid:2.971 pc:0.013 cam:0.779 cam_acc:0.672 ID_acc:0.644 lam:0.2655 lr:7.31e-03
2026-05-10 20:19:59,055 PAT.train INFO: Epoch[23] Iter[300/566] loss:3.724 reid:2.938 pc:0.012 cam:0.774 cam_acc:0.673 ID_acc:0.657 lam:0.2659 lr:7.31e-03
2026-05-10 20:20:29,867 PAT.train INFO: Epoch[23] Iter[360/566] loss:3.686 reid:2.895 pc:0.013 cam:0.778 cam_acc:0.671 ID_acc:0.670 lam:0.2664 lr:7.31e-03
2026-05-10 20:21:00,750 PAT.train INFO: Epoch[23] Iter[420/566] loss:3.654 reid:2.865 pc:0.013 cam:0.776 cam_acc:0.671 ID_acc:0.679 lam:0.2668 lr:7.31e-03
2026-05-10 20:21:32,058 PAT.train INFO: Epoch[23] Iter[480/566] loss:3.608 reid:2.819 pc:0.012 cam:0.776 cam_acc:0.672 ID_acc:0.691 lam:0.2672 lr:7.31e-03
2026-05-10 20:22:03,918 PAT.train INFO: Epoch[23] Iter[540/566] loss:3.567 reid:2.780 pc:0.012 cam:0.775 cam_acc:0.673 ID_acc:0.702 lam:0.2676 lr:7.31e-03
2026-05-10 20:22:16,678 PAT.train INFO: Epoch 23 done. lambda_eff=0.2678 cam_acc=0.674 Time/batch:0.527s Speed:60.7img/s
2026-05-10 20:22:49,351 PAT.train INFO: Epoch[24] Iter[60/566] loss:3.572 reid:2.831 pc:0.010 cam:0.731 cam_acc:0.697 ID_acc:0.675 lam:0.2682 lr:7.25e-03
2026-05-10 20:23:20,881 PAT.train INFO: Epoch[24] Iter[120/566] loss:3.655 reid:2.897 pc:0.009 cam:0.749 cam_acc:0.690 ID_acc:0.665 lam:0.2686 lr:7.25e-03
2026-05-10 20:23:52,399 PAT.train INFO: Epoch[24] Iter[180/566] loss:3.704 reid:2.939 pc:0.010 cam:0.755 cam_acc:0.685 ID_acc:0.651 lam:0.2689 lr:7.25e-03
2026-05-10 20:24:23,958 PAT.train INFO: Epoch[24] Iter[240/566] loss:3.670 reid:2.892 pc:0.011 cam:0.766 cam_acc:0.675 ID_acc:0.662 lam:0.2693 lr:7.25e-03
2026-05-10 20:24:55,454 PAT.train INFO: Epoch[24] Iter[300/566] loss:3.633 reid:2.848 pc:0.013 cam:0.772 cam_acc:0.675 ID_acc:0.673 lam:0.2697 lr:7.25e-03
2026-05-10 20:25:27,396 PAT.train INFO: Epoch[24] Iter[360/566] loss:3.620 reid:2.832 pc:0.014 cam:0.774 cam_acc:0.673 ID_acc:0.681 lam:0.2701 lr:7.25e-03
2026-05-10 20:25:58,977 PAT.train INFO: Epoch[24] Iter[420/566] loss:3.592 reid:2.805 pc:0.014 cam:0.773 cam_acc:0.674 ID_acc:0.691 lam:0.2705 lr:7.25e-03
2026-05-10 20:26:30,505 PAT.train INFO: Epoch[24] Iter[480/566] loss:3.554 reid:2.762 pc:0.014 cam:0.777 cam_acc:0.671 ID_acc:0.704 lam:0.2708 lr:7.25e-03
2026-05-10 20:27:02,058 PAT.train INFO: Epoch[24] Iter[540/566] loss:3.499 reid:2.707 pc:0.015 cam:0.777 cam_acc:0.670 ID_acc:0.717 lam:0.2712 lr:7.25e-03
2026-05-10 20:27:15,313 PAT.train INFO: Epoch 24 done. lambda_eff=0.2714 cam_acc=0.671 Time/batch:0.528s Speed:60.6img/s
2026-05-10 20:27:47,773 PAT.train INFO: Epoch[25] Iter[60/566] loss:3.574 reid:2.808 pc:0.017 cam:0.749 cam_acc:0.695 ID_acc:0.677 lam:0.2717 lr:7.19e-03
2026-05-10 20:28:19,358 PAT.train INFO: Epoch[25] Iter[120/566] loss:3.637 reid:2.852 pc:0.013 cam:0.771 cam_acc:0.678 ID_acc:0.668 lam:0.2721 lr:7.19e-03
2026-05-10 20:28:50,129 PAT.train INFO: Epoch[25] Iter[180/566] loss:3.638 reid:2.850 pc:0.012 cam:0.777 cam_acc:0.676 ID_acc:0.676 lam:0.2724 lr:7.19e-03
2026-05-10 20:29:20,941 PAT.train INFO: Epoch[25] Iter[240/566] loss:3.625 reid:2.838 pc:0.011 cam:0.776 cam_acc:0.675 ID_acc:0.682 lam:0.2728 lr:7.19e-03
2026-05-10 20:29:51,725 PAT.train INFO: Epoch[25] Iter[300/566] loss:3.590 reid:2.800 pc:0.011 cam:0.779 cam_acc:0.673 ID_acc:0.693 lam:0.2731 lr:7.19e-03
2026-05-10 20:30:22,542 PAT.train INFO: Epoch[25] Iter[360/566] loss:3.546 reid:2.759 pc:0.010 cam:0.776 cam_acc:0.673 ID_acc:0.703 lam:0.2735 lr:7.19e-03
2026-05-10 20:30:53,420 PAT.train INFO: Epoch[25] Iter[420/566] loss:3.495 reid:2.709 pc:0.010 cam:0.776 cam_acc:0.673 ID_acc:0.715 lam:0.2738 lr:7.19e-03
2026-05-10 20:31:24,514 PAT.train INFO: Epoch[25] Iter[480/566] loss:3.469 reid:2.683 pc:0.009 cam:0.777 cam_acc:0.674 ID_acc:0.724 lam:0.2741 lr:7.19e-03
2026-05-10 20:31:55,505 PAT.train INFO: Epoch[25] Iter[540/566] loss:3.422 reid:2.639 pc:0.009 cam:0.775 cam_acc:0.674 ID_acc:0.734 lam:0.2744 lr:7.19e-03
2026-05-10 20:32:08,547 PAT.train INFO: Epoch 25 done. lambda_eff=0.2746 cam_acc=0.675 Time/batch:0.519s Speed:61.7img/s
2026-05-10 20:32:08,547 PAT.test INFO: Enter inferencing
2026-05-10 20:35:23,651 PAT.test INFO: Validation Results
2026-05-10 20:35:23,651 PAT.test INFO: mAP: 58.9%
2026-05-10 20:35:23,651 PAT.test INFO: CMC curve, Rank-1  :74.6%
2026-05-10 20:35:23,651 PAT.test INFO: CMC curve, Rank-5  :91.0%
2026-05-10 20:35:23,651 PAT.test INFO: CMC curve, Rank-10 :95.0%
2026-05-10 20:35:23,651 PAT.test INFO: total inference time: 195.10
2026-05-10 20:35:23,653 PAT.train INFO: =====saving epoch: 25=====
2026-05-10 20:35:56,429 PAT.train INFO: Epoch[26] Iter[60/566] loss:3.670 reid:2.904 pc:0.007 cam:0.760 cam_acc:0.681 ID_acc:0.658 lam:0.2749 lr:7.13e-03
2026-05-10 20:36:27,241 PAT.train INFO: Epoch[26] Iter[120/566] loss:3.600 reid:2.825 pc:0.007 cam:0.768 cam_acc:0.674 ID_acc:0.675 lam:0.2752 lr:7.13e-03
2026-05-10 20:36:58,057 PAT.train INFO: Epoch[26] Iter[180/566] loss:3.555 reid:2.778 pc:0.007 cam:0.770 cam_acc:0.671 ID_acc:0.688 lam:0.2755 lr:7.13e-03
2026-05-10 20:37:28,842 PAT.train INFO: Epoch[26] Iter[240/566] loss:3.510 reid:2.742 pc:0.007 cam:0.762 cam_acc:0.677 ID_acc:0.698 lam:0.2758 lr:7.13e-03
2026-05-10 20:37:59,643 PAT.train INFO: Epoch[26] Iter[300/566] loss:3.488 reid:2.715 pc:0.007 cam:0.765 cam_acc:0.676 ID_acc:0.707 lam:0.2761 lr:7.13e-03
2026-05-10 20:38:30,429 PAT.train INFO: Epoch[26] Iter[360/566] loss:3.465 reid:2.690 pc:0.007 cam:0.768 cam_acc:0.675 ID_acc:0.715 lam:0.2764 lr:7.13e-03
2026-05-10 20:39:01,305 PAT.train INFO: Epoch[26] Iter[420/566] loss:3.443 reid:2.666 pc:0.007 cam:0.770 cam_acc:0.675 ID_acc:0.723 lam:0.2767 lr:7.13e-03
2026-05-10 20:39:32,195 PAT.train INFO: Epoch[26] Iter[480/566] loss:3.414 reid:2.636 pc:0.007 cam:0.771 cam_acc:0.675 ID_acc:0.733 lam:0.2770 lr:7.13e-03
2026-05-10 20:40:03,189 PAT.train INFO: Epoch[26] Iter[540/566] loss:3.375 reid:2.599 pc:0.007 cam:0.768 cam_acc:0.676 ID_acc:0.743 lam:0.2773 lr:7.13e-03
2026-05-10 20:40:16,364 PAT.train INFO: Epoch 26 done. lambda_eff=0.2774 cam_acc=0.677 Time/batch:0.516s Speed:62.0img/s
2026-05-10 20:40:48,258 PAT.train INFO: Epoch[27] Iter[60/566] loss:3.510 reid:2.775 pc:0.007 cam:0.728 cam_acc:0.696 ID_acc:0.682 lam:0.2777 lr:7.06e-03
2026-05-10 20:41:19,754 PAT.train INFO: Epoch[27] Iter[120/566] loss:3.521 reid:2.775 pc:0.007 cam:0.739 cam_acc:0.690 ID_acc:0.691 lam:0.2780 lr:7.06e-03
2026-05-10 20:41:51,968 PAT.train INFO: Epoch[27] Iter[180/566] loss:3.518 reid:2.760 pc:0.007 cam:0.751 cam_acc:0.685 ID_acc:0.699 lam:0.2783 lr:7.06e-03
2026-05-10 20:42:24,072 PAT.train INFO: Epoch[27] Iter[240/566] loss:3.480 reid:2.721 pc:0.007 cam:0.751 cam_acc:0.682 ID_acc:0.711 lam:0.2786 lr:7.06e-03
2026-05-10 20:42:56,163 PAT.train INFO: Epoch[27] Iter[300/566] loss:3.441 reid:2.677 pc:0.010 cam:0.754 cam_acc:0.681 ID_acc:0.724 lam:0.2788 lr:7.06e-03
2026-05-10 20:43:28,264 PAT.train INFO: Epoch[27] Iter[360/566] loss:3.404 reid:2.637 pc:0.011 cam:0.756 cam_acc:0.683 ID_acc:0.732 lam:0.2791 lr:7.06e-03
2026-05-10 20:44:00,509 PAT.train INFO: Epoch[27] Iter[420/566] loss:3.357 reid:2.587 pc:0.012 cam:0.758 cam_acc:0.684 ID_acc:0.744 lam:0.2794 lr:7.06e-03
2026-05-10 20:44:32,753 PAT.train INFO: Epoch[27] Iter[480/566] loss:3.326 reid:2.553 pc:0.013 cam:0.761 cam_acc:0.682 ID_acc:0.752 lam:0.2796 lr:7.06e-03
2026-05-10 20:45:05,072 PAT.train INFO: Epoch[27] Iter[540/566] loss:3.300 reid:2.524 pc:0.013 cam:0.763 cam_acc:0.681 ID_acc:0.760 lam:0.2799 lr:7.06e-03
2026-05-10 20:45:18,104 PAT.train INFO: Epoch 27 done. lambda_eff=0.2800 cam_acc=0.682 Time/batch:0.535s Speed:59.8img/s
2026-05-10 20:45:51,056 PAT.train INFO: Epoch[28] Iter[60/566] loss:3.512 reid:2.739 pc:0.016 cam:0.758 cam_acc:0.685 ID_acc:0.696 lam:0.2803 lr:6.99e-03
2026-05-10 20:46:23,118 PAT.train INFO: Epoch[28] Iter[120/566] loss:3.446 reid:2.667 pc:0.016 cam:0.763 cam_acc:0.674 ID_acc:0.709 lam:0.2805 lr:6.99e-03
2026-05-10 20:46:54,255 PAT.train INFO: Epoch[28] Iter[180/566] loss:3.431 reid:2.650 pc:0.015 cam:0.766 cam_acc:0.676 ID_acc:0.714 lam:0.2808 lr:6.99e-03
2026-05-10 20:47:25,176 PAT.train INFO: Epoch[28] Iter[240/566] loss:3.398 reid:2.626 pc:0.015 cam:0.757 cam_acc:0.683 ID_acc:0.724 lam:0.2810 lr:6.99e-03
2026-05-10 20:47:56,044 PAT.train INFO: Epoch[28] Iter[300/566] loss:3.363 reid:2.594 pc:0.014 cam:0.755 cam_acc:0.684 ID_acc:0.736 lam:0.2812 lr:6.99e-03
2026-05-10 20:48:26,871 PAT.train INFO: Epoch[28] Iter[360/566] loss:3.343 reid:2.569 pc:0.014 cam:0.761 cam_acc:0.679 ID_acc:0.743 lam:0.2815 lr:6.99e-03
2026-05-10 20:48:57,679 PAT.train INFO: Epoch[28] Iter[420/566] loss:3.307 reid:2.533 pc:0.014 cam:0.760 cam_acc:0.679 ID_acc:0.754 lam:0.2817 lr:6.99e-03
2026-05-10 20:49:28,706 PAT.train INFO: Epoch[28] Iter[480/566] loss:3.281 reid:2.503 pc:0.013 cam:0.765 cam_acc:0.677 ID_acc:0.761 lam:0.2820 lr:6.99e-03
2026-05-10 20:49:59,646 PAT.train INFO: Epoch[28] Iter[540/566] loss:3.245 reid:2.466 pc:0.013 cam:0.766 cam_acc:0.675 ID_acc:0.770 lam:0.2822 lr:6.99e-03
2026-05-10 20:50:12,601 PAT.train INFO: Epoch 28 done. lambda_eff=0.2823 cam_acc=0.676 Time/batch:0.521s Speed:61.4img/s
2026-05-10 20:50:44,713 PAT.train INFO: Epoch[29] Iter[60/566] loss:3.349 reid:2.591 pc:0.010 cam:0.748 cam_acc:0.688 ID_acc:0.720 lam:0.2825 lr:6.92e-03
2026-05-10 20:51:15,641 PAT.train INFO: Epoch[29] Iter[120/566] loss:3.351 reid:2.579 pc:0.012 cam:0.760 cam_acc:0.679 ID_acc:0.726 lam:0.2827 lr:6.92e-03
2026-05-10 20:51:46,579 PAT.train INFO: Epoch[29] Iter[180/566] loss:3.366 reid:2.601 pc:0.013 cam:0.752 cam_acc:0.684 ID_acc:0.735 lam:0.2829 lr:6.92e-03
2026-05-10 20:52:17,488 PAT.train INFO: Epoch[29] Iter[240/566] loss:3.332 reid:2.565 pc:0.013 cam:0.755 cam_acc:0.680 ID_acc:0.746 lam:0.2832 lr:6.92e-03
2026-05-10 20:52:48,441 PAT.train INFO: Epoch[29] Iter[300/566] loss:3.307 reid:2.539 pc:0.013 cam:0.755 cam_acc:0.681 ID_acc:0.752 lam:0.2834 lr:6.92e-03
2026-05-10 20:53:19,336 PAT.train INFO: Epoch[29] Iter[360/566] loss:3.290 reid:2.520 pc:0.013 cam:0.757 cam_acc:0.679 ID_acc:0.757 lam:0.2836 lr:6.92e-03
2026-05-10 20:53:50,247 PAT.train INFO: Epoch[29] Iter[420/566] loss:3.261 reid:2.486 pc:0.013 cam:0.763 cam_acc:0.677 ID_acc:0.765 lam:0.2838 lr:6.92e-03
2026-05-10 20:54:21,167 PAT.train INFO: Epoch[29] Iter[480/566] loss:3.227 reid:2.452 pc:0.012 cam:0.762 cam_acc:0.677 ID_acc:0.772 lam:0.2840 lr:6.92e-03
2026-05-10 20:54:52,089 PAT.train INFO: Epoch[29] Iter[540/566] loss:3.192 reid:2.421 pc:0.012 cam:0.759 cam_acc:0.681 ID_acc:0.781 lam:0.2842 lr:6.92e-03
2026-05-10 20:55:05,076 PAT.train INFO: Epoch 29 done. lambda_eff=0.2843 cam_acc=0.682 Time/batch:0.518s Speed:61.8img/s
2026-05-10 20:55:36,845 PAT.train INFO: Epoch[30] Iter[60/566] loss:3.299 reid:2.518 pc:0.012 cam:0.769 cam_acc:0.684 ID_acc:0.739 lam:0.2845 lr:6.85e-03
2026-05-10 20:56:07,618 PAT.train INFO: Epoch[30] Iter[120/566] loss:3.314 reid:2.544 pc:0.012 cam:0.759 cam_acc:0.691 ID_acc:0.738 lam:0.2847 lr:6.85e-03
2026-05-10 20:56:38,367 PAT.train INFO: Epoch[30] Iter[180/566] loss:3.306 reid:2.536 pc:0.011 cam:0.759 cam_acc:0.688 ID_acc:0.741 lam:0.2849 lr:6.85e-03
2026-05-10 20:57:09,133 PAT.train INFO: Epoch[30] Iter[240/566] loss:3.301 reid:2.523 pc:0.011 cam:0.768 cam_acc:0.679 ID_acc:0.749 lam:0.2851 lr:6.85e-03
2026-05-10 20:57:39,961 PAT.train INFO: Epoch[30] Iter[300/566] loss:3.271 reid:2.493 pc:0.010 cam:0.767 cam_acc:0.679 ID_acc:0.756 lam:0.2853 lr:6.85e-03
2026-05-10 20:58:10,732 PAT.train INFO: Epoch[30] Iter[360/566] loss:3.236 reid:2.462 pc:0.010 cam:0.765 cam_acc:0.678 ID_acc:0.764 lam:0.2855 lr:6.85e-03
2026-05-10 20:58:41,447 PAT.train INFO: Epoch[30] Iter[420/566] loss:3.190 reid:2.420 pc:0.010 cam:0.761 cam_acc:0.681 ID_acc:0.775 lam:0.2857 lr:6.85e-03
2026-05-10 20:59:12,417 PAT.train INFO: Epoch[30] Iter[480/566] loss:3.159 reid:2.390 pc:0.010 cam:0.760 cam_acc:0.682 ID_acc:0.783 lam:0.2858 lr:6.85e-03
2026-05-10 20:59:43,152 PAT.train INFO: Epoch[30] Iter[540/566] loss:3.125 reid:2.356 pc:0.010 cam:0.759 cam_acc:0.682 ID_acc:0.791 lam:0.2860 lr:6.85e-03
2026-05-10 20:59:56,327 PAT.train INFO: Epoch 30 done. lambda_eff=0.2861 cam_acc=0.682 Time/batch:0.515s Speed:62.1img/s
2026-05-10 20:59:56,327 PAT.test INFO: Enter inferencing
2026-05-10 21:03:11,543 PAT.test INFO: Validation Results
2026-05-10 21:03:11,543 PAT.test INFO: mAP: 62.6%
2026-05-10 21:03:11,543 PAT.test INFO: CMC curve, Rank-1  :77.6%
2026-05-10 21:03:11,543 PAT.test INFO: CMC curve, Rank-5  :92.5%
2026-05-10 21:03:11,544 PAT.test INFO: CMC curve, Rank-10 :96.0%
2026-05-10 21:03:11,544 PAT.test INFO: total inference time: 195.21
2026-05-10 21:03:11,545 PAT.train INFO: =====saving epoch: 30=====
2026-05-10 21:03:44,406 PAT.train INFO: Epoch[31] Iter[60/566] loss:3.195 reid:2.423 pc:0.015 cam:0.756 cam_acc:0.674 ID_acc:0.776 lam:0.2863 lr:6.78e-03
2026-05-10 21:04:15,257 PAT.train INFO: Epoch[31] Iter[120/566] loss:3.271 reid:2.497 pc:0.015 cam:0.758 cam_acc:0.678 ID_acc:0.756 lam:0.2865 lr:6.78e-03
2026-05-10 21:04:46,120 PAT.train INFO: Epoch[31] Iter[180/566] loss:3.227 reid:2.458 pc:0.015 cam:0.755 cam_acc:0.687 ID_acc:0.764 lam:0.2866 lr:6.78e-03
2026-05-10 21:05:16,888 PAT.train INFO: Epoch[31] Iter[240/566] loss:3.221 reid:2.451 pc:0.014 cam:0.756 cam_acc:0.687 ID_acc:0.770 lam:0.2868 lr:6.78e-03
2026-05-10 21:05:47,674 PAT.train INFO: Epoch[31] Iter[300/566] loss:3.207 reid:2.438 pc:0.014 cam:0.755 cam_acc:0.687 ID_acc:0.773 lam:0.2870 lr:6.78e-03
2026-05-10 21:06:18,419 PAT.train INFO: Epoch[31] Iter[360/566] loss:3.172 reid:2.404 pc:0.013 cam:0.754 cam_acc:0.685 ID_acc:0.780 lam:0.2871 lr:6.78e-03
2026-05-10 21:06:49,207 PAT.train INFO: Epoch[31] Iter[420/566] loss:3.152 reid:2.386 pc:0.012 cam:0.754 cam_acc:0.684 ID_acc:0.783 lam:0.2873 lr:6.78e-03
2026-05-10 21:07:20,037 PAT.train INFO: Epoch[31] Iter[480/566] loss:3.126 reid:2.358 pc:0.012 cam:0.756 cam_acc:0.684 ID_acc:0.790 lam:0.2875 lr:6.78e-03
2026-05-10 21:07:50,885 PAT.train INFO: Epoch[31] Iter[540/566] loss:3.104 reid:2.335 pc:0.011 cam:0.758 cam_acc:0.683 ID_acc:0.797 lam:0.2876 lr:6.78e-03
2026-05-10 21:08:04,161 PAT.train INFO: Epoch 31 done. lambda_eff=0.2877 cam_acc=0.683 Time/batch:0.516s Speed:62.0img/s
2026-05-10 21:08:36,365 PAT.train INFO: Epoch[32] Iter[60/566] loss:3.191 reid:2.455 pc:0.006 cam:0.730 cam_acc:0.696 ID_acc:0.764 lam:0.2879 lr:6.70e-03
2026-05-10 21:09:07,256 PAT.train INFO: Epoch[32] Iter[120/566] loss:3.223 reid:2.461 pc:0.005 cam:0.757 cam_acc:0.689 ID_acc:0.765 lam:0.2880 lr:6.70e-03
2026-05-10 21:09:38,595 PAT.train INFO: Epoch[32] Iter[180/566] loss:3.185 reid:2.426 pc:0.006 cam:0.753 cam_acc:0.687 ID_acc:0.772 lam:0.2882 lr:6.70e-03
2026-05-10 21:10:09,882 PAT.train INFO: Epoch[32] Iter[240/566] loss:3.178 reid:2.414 pc:0.006 cam:0.758 cam_acc:0.683 ID_acc:0.778 lam:0.2883 lr:6.70e-03
2026-05-10 21:10:40,784 PAT.train INFO: Epoch[32] Iter[300/566] loss:3.151 reid:2.389 pc:0.007 cam:0.755 cam_acc:0.683 ID_acc:0.786 lam:0.2885 lr:6.70e-03
2026-05-10 21:11:12,556 PAT.train INFO: Epoch[32] Iter[360/566] loss:3.131 reid:2.368 pc:0.007 cam:0.756 cam_acc:0.682 ID_acc:0.792 lam:0.2886 lr:6.70e-03
2026-05-10 21:11:44,261 PAT.train INFO: Epoch[32] Iter[420/566] loss:3.118 reid:2.353 pc:0.007 cam:0.758 cam_acc:0.682 ID_acc:0.795 lam:0.2888 lr:6.70e-03
2026-05-10 21:12:15,918 PAT.train INFO: Epoch[32] Iter[480/566] loss:3.096 reid:2.329 pc:0.007 cam:0.760 cam_acc:0.682 ID_acc:0.802 lam:0.2889 lr:6.70e-03
2026-05-10 21:12:47,666 PAT.train INFO: Epoch[32] Iter[540/566] loss:3.075 reid:2.305 pc:0.007 cam:0.762 cam_acc:0.680 ID_acc:0.807 lam:0.2891 lr:6.70e-03
2026-05-10 21:13:00,406 PAT.train INFO: Epoch 32 done. lambda_eff=0.2891 cam_acc=0.680 Time/batch:0.525s Speed:60.9img/s
2026-05-10 21:13:33,067 PAT.train INFO: Epoch[33] Iter[60/566] loss:3.064 reid:2.353 pc:0.007 cam:0.704 cam_acc:0.706 ID_acc:0.786 lam:0.2893 lr:6.63e-03
2026-05-10 21:14:04,753 PAT.train INFO: Epoch[33] Iter[120/566] loss:3.117 reid:2.377 pc:0.008 cam:0.731 cam_acc:0.693 ID_acc:0.786 lam:0.2894 lr:6.63e-03
2026-05-10 21:14:36,828 PAT.train INFO: Epoch[33] Iter[180/566] loss:3.133 reid:2.381 pc:0.008 cam:0.744 cam_acc:0.689 ID_acc:0.785 lam:0.2895 lr:6.63e-03
2026-05-10 21:15:08,528 PAT.train INFO: Epoch[33] Iter[240/566] loss:3.125 reid:2.363 pc:0.008 cam:0.754 cam_acc:0.684 ID_acc:0.789 lam:0.2897 lr:6.63e-03
2026-05-10 21:15:40,227 PAT.train INFO: Epoch[33] Iter[300/566] loss:3.103 reid:2.347 pc:0.007 cam:0.749 cam_acc:0.688 ID_acc:0.795 lam:0.2898 lr:6.63e-03
2026-05-10 21:16:11,440 PAT.train INFO: Epoch[33] Iter[360/566] loss:3.078 reid:2.323 pc:0.007 cam:0.748 cam_acc:0.690 ID_acc:0.801 lam:0.2899 lr:6.63e-03
2026-05-10 21:16:42,464 PAT.train INFO: Epoch[33] Iter[420/566] loss:3.073 reid:2.313 pc:0.006 cam:0.753 cam_acc:0.683 ID_acc:0.805 lam:0.2901 lr:6.63e-03
2026-05-10 21:17:13,630 PAT.train INFO: Epoch[33] Iter[480/566] loss:3.054 reid:2.296 pc:0.006 cam:0.751 cam_acc:0.683 ID_acc:0.811 lam:0.2902 lr:6.63e-03
2026-05-10 21:17:44,651 PAT.train INFO: Epoch[33] Iter[540/566] loss:3.022 reid:2.262 pc:0.006 cam:0.753 cam_acc:0.681 ID_acc:0.818 lam:0.2903 lr:6.63e-03
2026-05-10 21:17:57,697 PAT.train INFO: Epoch 33 done. lambda_eff=0.2904 cam_acc=0.682 Time/batch:0.526s Speed:60.8img/s
2026-05-10 21:18:29,358 PAT.train INFO: Epoch[34] Iter[60/566] loss:3.071 reid:2.312 pc:0.004 cam:0.755 cam_acc:0.683 ID_acc:0.808 lam:0.2905 lr:6.55e-03
2026-05-10 21:19:00,385 PAT.train INFO: Epoch[34] Iter[120/566] loss:3.084 reid:2.326 pc:0.005 cam:0.753 cam_acc:0.685 ID_acc:0.795 lam:0.2906 lr:6.55e-03
2026-05-10 21:19:31,163 PAT.train INFO: Epoch[34] Iter[180/566] loss:3.064 reid:2.311 pc:0.004 cam:0.748 cam_acc:0.684 ID_acc:0.793 lam:0.2907 lr:6.55e-03
2026-05-10 21:20:01,957 PAT.train INFO: Epoch[34] Iter[240/566] loss:3.059 reid:2.298 pc:0.004 cam:0.757 cam_acc:0.681 ID_acc:0.796 lam:0.2909 lr:6.55e-03
2026-05-10 21:20:32,767 PAT.train INFO: Epoch[34] Iter[300/566] loss:3.047 reid:2.279 pc:0.005 cam:0.763 cam_acc:0.677 ID_acc:0.802 lam:0.2910 lr:6.55e-03
2026-05-10 21:21:03,570 PAT.train INFO: Epoch[34] Iter[360/566] loss:3.031 reid:2.264 pc:0.006 cam:0.761 cam_acc:0.678 ID_acc:0.808 lam:0.2911 lr:6.55e-03
2026-05-10 21:21:34,360 PAT.train INFO: Epoch[34] Iter[420/566] loss:3.039 reid:2.268 pc:0.008 cam:0.763 cam_acc:0.679 ID_acc:0.810 lam:0.2912 lr:6.55e-03
2026-05-10 21:22:05,201 PAT.train INFO: Epoch[34] Iter[480/566] loss:3.017 reid:2.242 pc:0.009 cam:0.766 cam_acc:0.678 ID_acc:0.818 lam:0.2913 lr:6.55e-03
2026-05-10 21:22:36,052 PAT.train INFO: Epoch[34] Iter[540/566] loss:2.996 reid:2.221 pc:0.010 cam:0.765 cam_acc:0.678 ID_acc:0.823 lam:0.2914 lr:6.55e-03
2026-05-10 21:22:48,967 PAT.train INFO: Epoch 34 done. lambda_eff=0.2915 cam_acc=0.678 Time/batch:0.515s Speed:62.1img/s
2026-05-10 21:23:20,817 PAT.train INFO: Epoch[35] Iter[60/566] loss:3.024 reid:2.276 pc:0.004 cam:0.744 cam_acc:0.682 ID_acc:0.799 lam:0.2916 lr:6.47e-03
2026-05-10 21:23:51,786 PAT.train INFO: Epoch[35] Iter[120/566] loss:3.064 reid:2.311 pc:0.003 cam:0.749 cam_acc:0.679 ID_acc:0.801 lam:0.2917 lr:6.47e-03
2026-05-10 21:24:22,728 PAT.train INFO: Epoch[35] Iter[180/566] loss:3.075 reid:2.326 pc:0.004 cam:0.746 cam_acc:0.682 ID_acc:0.802 lam:0.2918 lr:6.47e-03
2026-05-10 21:24:53,716 PAT.train INFO: Epoch[35] Iter[240/566] loss:3.059 reid:2.310 pc:0.004 cam:0.745 cam_acc:0.682 ID_acc:0.804 lam:0.2919 lr:6.47e-03
2026-05-10 21:25:24,679 PAT.train INFO: Epoch[35] Iter[300/566] loss:3.043 reid:2.284 pc:0.003 cam:0.756 cam_acc:0.678 ID_acc:0.814 lam:0.2920 lr:6.47e-03
2026-05-10 21:25:55,680 PAT.train INFO: Epoch[35] Iter[360/566] loss:3.018 reid:2.254 pc:0.003 cam:0.761 cam_acc:0.675 ID_acc:0.819 lam:0.2921 lr:6.47e-03
2026-05-10 21:26:26,873 PAT.train INFO: Epoch[35] Iter[420/566] loss:2.990 reid:2.226 pc:0.003 cam:0.760 cam_acc:0.677 ID_acc:0.825 lam:0.2922 lr:6.47e-03
2026-05-10 21:26:57,757 PAT.train INFO: Epoch[35] Iter[480/566] loss:2.982 reid:2.215 pc:0.003 cam:0.764 cam_acc:0.675 ID_acc:0.828 lam:0.2923 lr:6.47e-03
2026-05-10 21:27:28,569 PAT.train INFO: Epoch[35] Iter[540/566] loss:2.960 reid:2.193 pc:0.003 cam:0.764 cam_acc:0.674 ID_acc:0.834 lam:0.2924 lr:6.47e-03
2026-05-10 21:27:41,524 PAT.train INFO: Epoch 35 done. lambda_eff=0.2925 cam_acc=0.675 Time/batch:0.518s Speed:61.8img/s
2026-05-10 21:27:41,525 PAT.test INFO: Enter inferencing
2026-05-10 21:30:56,651 PAT.test INFO: Validation Results
2026-05-10 21:30:56,651 PAT.test INFO: mAP: 65.8%
2026-05-10 21:30:56,651 PAT.test INFO: CMC curve, Rank-1  :80.2%
2026-05-10 21:30:56,652 PAT.test INFO: CMC curve, Rank-5  :93.7%
2026-05-10 21:30:56,652 PAT.test INFO: CMC curve, Rank-10 :96.9%
2026-05-10 21:30:56,652 PAT.test INFO: total inference time: 195.12
2026-05-10 21:30:56,653 PAT.train INFO: =====saving epoch: 35=====
2026-05-10 21:31:29,593 PAT.train INFO: Epoch[36] Iter[60/566] loss:2.982 reid:2.219 pc:0.003 cam:0.760 cam_acc:0.680 ID_acc:0.815 lam:0.2926 lr:6.38e-03
2026-05-10 21:32:00,406 PAT.train INFO: Epoch[36] Iter[120/566] loss:3.068 reid:2.312 pc:0.003 cam:0.754 cam_acc:0.686 ID_acc:0.798 lam:0.2927 lr:6.38e-03
2026-05-10 21:32:31,243 PAT.train INFO: Epoch[36] Iter[180/566] loss:3.051 reid:2.295 pc:0.003 cam:0.753 cam_acc:0.690 ID_acc:0.807 lam:0.2928 lr:6.38e-03
2026-05-10 21:33:01,995 PAT.train INFO: Epoch[36] Iter[240/566] loss:3.040 reid:2.280 pc:0.003 cam:0.757 cam_acc:0.687 ID_acc:0.813 lam:0.2929 lr:6.38e-03
2026-05-10 21:33:32,777 PAT.train INFO: Epoch[36] Iter[300/566] loss:3.017 reid:2.255 pc:0.003 cam:0.759 cam_acc:0.685 ID_acc:0.819 lam:0.2929 lr:6.38e-03
2026-05-10 21:34:04,030 PAT.train INFO: Epoch[36] Iter[360/566] loss:3.000 reid:2.236 pc:0.003 cam:0.761 cam_acc:0.684 ID_acc:0.824 lam:0.2930 lr:6.38e-03
2026-05-10 21:34:36,091 PAT.train INFO: Epoch[36] Iter[420/566] loss:2.978 reid:2.212 pc:0.003 cam:0.763 cam_acc:0.682 ID_acc:0.831 lam:0.2931 lr:6.38e-03
2026-05-10 21:35:08,037 PAT.train INFO: Epoch[36] Iter[480/566] loss:2.956 reid:2.190 pc:0.004 cam:0.762 cam_acc:0.681 ID_acc:0.835 lam:0.2932 lr:6.38e-03
2026-05-10 21:35:39,624 PAT.train INFO: Epoch[36] Iter[540/566] loss:2.940 reid:2.171 pc:0.005 cam:0.765 cam_acc:0.679 ID_acc:0.838 lam:0.2933 lr:6.38e-03
2026-05-10 21:35:52,600 PAT.train INFO: Epoch 36 done. lambda_eff=0.2933 cam_acc=0.679 Time/batch:0.522s Speed:61.3img/s
2026-05-10 21:36:25,168 PAT.train INFO: Epoch[37] Iter[60/566] loss:2.944 reid:2.217 pc:0.005 cam:0.721 cam_acc:0.703 ID_acc:0.822 lam:0.2934 lr:6.30e-03
2026-05-10 21:36:57,148 PAT.train INFO: Epoch[37] Iter[120/566] loss:3.015 reid:2.268 pc:0.005 cam:0.742 cam_acc:0.688 ID_acc:0.810 lam:0.2935 lr:6.30e-03
2026-05-10 21:37:29,284 PAT.train INFO: Epoch[37] Iter[180/566] loss:3.004 reid:2.248 pc:0.006 cam:0.751 cam_acc:0.682 ID_acc:0.817 lam:0.2936 lr:6.30e-03
2026-05-10 21:38:01,259 PAT.train INFO: Epoch[37] Iter[240/566] loss:2.974 reid:2.219 pc:0.007 cam:0.748 cam_acc:0.685 ID_acc:0.821 lam:0.2937 lr:6.30e-03
2026-05-10 21:38:33,180 PAT.train INFO: Epoch[37] Iter[300/566] loss:2.969 reid:2.209 pc:0.008 cam:0.752 cam_acc:0.682 ID_acc:0.825 lam:0.2938 lr:6.30e-03
2026-05-10 21:39:05,207 PAT.train INFO: Epoch[37] Iter[360/566] loss:2.963 reid:2.197 pc:0.009 cam:0.757 cam_acc:0.678 ID_acc:0.828 lam:0.2938 lr:6.30e-03
2026-05-10 21:39:37,203 PAT.train INFO: Epoch[37] Iter[420/566] loss:2.949 reid:2.179 pc:0.009 cam:0.761 cam_acc:0.677 ID_acc:0.833 lam:0.2939 lr:6.30e-03
2026-05-10 21:40:09,305 PAT.train INFO: Epoch[37] Iter[480/566] loss:2.926 reid:2.156 pc:0.010 cam:0.760 cam_acc:0.677 ID_acc:0.838 lam:0.2940 lr:6.30e-03
2026-05-10 21:40:40,218 PAT.train INFO: Epoch[37] Iter[540/566] loss:2.907 reid:2.140 pc:0.010 cam:0.756 cam_acc:0.681 ID_acc:0.842 lam:0.2941 lr:6.30e-03
2026-05-10 21:40:53,236 PAT.train INFO: Epoch 37 done. lambda_eff=0.2941 cam_acc=0.680 Time/batch:0.532s Speed:60.2img/s
2026-05-10 21:41:24,937 PAT.train INFO: Epoch[38] Iter[60/566] loss:2.917 reid:2.201 pc:0.012 cam:0.705 cam_acc:0.710 ID_acc:0.805 lam:0.2942 lr:6.21e-03
2026-05-10 21:41:55,782 PAT.train INFO: Epoch[38] Iter[120/566] loss:3.007 reid:2.262 pc:0.009 cam:0.736 cam_acc:0.698 ID_acc:0.797 lam:0.2943 lr:6.21e-03
2026-05-10 21:42:26,704 PAT.train INFO: Epoch[38] Iter[180/566] loss:2.988 reid:2.231 pc:0.009 cam:0.748 cam_acc:0.690 ID_acc:0.806 lam:0.2943 lr:6.21e-03
2026-05-10 21:42:57,517 PAT.train INFO: Epoch[38] Iter[240/566] loss:2.974 reid:2.207 pc:0.010 cam:0.757 cam_acc:0.681 ID_acc:0.816 lam:0.2944 lr:6.21e-03
2026-05-10 21:43:28,341 PAT.train INFO: Epoch[38] Iter[300/566] loss:2.963 reid:2.190 pc:0.010 cam:0.764 cam_acc:0.675 ID_acc:0.823 lam:0.2945 lr:6.21e-03
2026-05-10 21:43:59,178 PAT.train INFO: Epoch[38] Iter[360/566] loss:2.953 reid:2.172 pc:0.010 cam:0.771 cam_acc:0.672 ID_acc:0.826 lam:0.2946 lr:6.21e-03
2026-05-10 21:44:29,936 PAT.train INFO: Epoch[38] Iter[420/566] loss:2.944 reid:2.164 pc:0.010 cam:0.771 cam_acc:0.670 ID_acc:0.832 lam:0.2946 lr:6.21e-03
2026-05-10 21:45:01,064 PAT.train INFO: Epoch[38] Iter[480/566] loss:2.917 reid:2.137 pc:0.010 cam:0.769 cam_acc:0.672 ID_acc:0.840 lam:0.2947 lr:6.21e-03
2026-05-10 21:45:31,943 PAT.train INFO: Epoch[38] Iter[540/566] loss:2.892 reid:2.114 pc:0.011 cam:0.767 cam_acc:0.674 ID_acc:0.845 lam:0.2948 lr:6.21e-03
2026-05-10 21:45:43,917 PAT.train INFO: Epoch 38 done. lambda_eff=0.2948 cam_acc=0.675 Time/batch:0.516s Speed:62.0img/s
2026-05-10 21:46:15,767 PAT.train INFO: Epoch[39] Iter[60/566] loss:2.994 reid:2.256 pc:0.010 cam:0.728 cam_acc:0.697 ID_acc:0.818 lam:0.2949 lr:6.13e-03
2026-05-10 21:46:46,858 PAT.train INFO: Epoch[39] Iter[120/566] loss:3.018 reid:2.255 pc:0.009 cam:0.754 cam_acc:0.685 ID_acc:0.818 lam:0.2949 lr:6.13e-03
2026-05-10 21:47:17,726 PAT.train INFO: Epoch[39] Iter[180/566] loss:2.989 reid:2.224 pc:0.008 cam:0.757 cam_acc:0.681 ID_acc:0.827 lam:0.2950 lr:6.13e-03
2026-05-10 21:47:48,532 PAT.train INFO: Epoch[39] Iter[240/566] loss:2.975 reid:2.214 pc:0.007 cam:0.753 cam_acc:0.682 ID_acc:0.826 lam:0.2951 lr:6.13e-03
2026-05-10 21:48:19,309 PAT.train INFO: Epoch[39] Iter[300/566] loss:2.964 reid:2.204 pc:0.007 cam:0.754 cam_acc:0.684 ID_acc:0.833 lam:0.2951 lr:6.13e-03
2026-05-10 21:48:50,245 PAT.train INFO: Epoch[39] Iter[360/566] loss:2.941 reid:2.177 pc:0.007 cam:0.757 cam_acc:0.682 ID_acc:0.839 lam:0.2952 lr:6.13e-03
2026-05-10 21:49:21,827 PAT.train INFO: Epoch[39] Iter[420/566] loss:2.942 reid:2.172 pc:0.008 cam:0.763 cam_acc:0.680 ID_acc:0.841 lam:0.2953 lr:6.13e-03
2026-05-10 21:49:53,706 PAT.train INFO: Epoch[39] Iter[480/566] loss:2.917 reid:2.145 pc:0.008 cam:0.765 cam_acc:0.681 ID_acc:0.847 lam:0.2953 lr:6.13e-03
2026-05-10 21:50:24,598 PAT.train INFO: Epoch[39] Iter[540/566] loss:2.899 reid:2.125 pc:0.008 cam:0.766 cam_acc:0.678 ID_acc:0.851 lam:0.2954 lr:6.13e-03
2026-05-10 21:50:36,611 PAT.train INFO: Epoch 39 done. lambda_eff=0.2954 cam_acc=0.679 Time/batch:0.520s Speed:61.6img/s
2026-05-10 21:51:09,181 PAT.train INFO: Epoch[40] Iter[60/566] loss:2.898 reid:2.147 pc:0.013 cam:0.738 cam_acc:0.688 ID_acc:0.832 lam:0.2955 lr:6.04e-03
2026-05-10 21:51:41,315 PAT.train INFO: Epoch[40] Iter[120/566] loss:2.976 reid:2.201 pc:0.012 cam:0.764 cam_acc:0.673 ID_acc:0.824 lam:0.2955 lr:6.04e-03
2026-05-10 21:52:13,375 PAT.train INFO: Epoch[40] Iter[180/566] loss:2.955 reid:2.175 pc:0.011 cam:0.769 cam_acc:0.671 ID_acc:0.831 lam:0.2956 lr:6.04e-03
2026-05-10 21:52:45,349 PAT.train INFO: Epoch[40] Iter[240/566] loss:2.923 reid:2.151 pc:0.011 cam:0.761 cam_acc:0.677 ID_acc:0.838 lam:0.2956 lr:6.04e-03
2026-05-10 21:53:16,901 PAT.train INFO: Epoch[40] Iter[300/566] loss:2.927 reid:2.158 pc:0.011 cam:0.758 cam_acc:0.678 ID_acc:0.842 lam:0.2957 lr:6.04e-03
2026-05-10 21:53:47,739 PAT.train INFO: Epoch[40] Iter[360/566] loss:2.910 reid:2.136 pc:0.012 cam:0.762 cam_acc:0.675 ID_acc:0.846 lam:0.2958 lr:6.04e-03
2026-05-10 21:54:18,921 PAT.train INFO: Epoch[40] Iter[420/566] loss:2.899 reid:2.121 pc:0.012 cam:0.765 cam_acc:0.674 ID_acc:0.850 lam:0.2958 lr:6.04e-03
2026-05-10 21:54:49,779 PAT.train INFO: Epoch[40] Iter[480/566] loss:2.878 reid:2.102 pc:0.013 cam:0.764 cam_acc:0.675 ID_acc:0.854 lam:0.2959 lr:6.04e-03
2026-05-10 21:55:20,663 PAT.train INFO: Epoch[40] Iter[540/566] loss:2.855 reid:2.081 pc:0.013 cam:0.761 cam_acc:0.676 ID_acc:0.860 lam:0.2959 lr:6.04e-03
2026-05-10 21:55:33,148 PAT.train INFO: Epoch 40 done. lambda_eff=0.2959 cam_acc=0.676 Time/batch:0.526s Speed:60.9img/s
2026-05-10 21:55:33,148 PAT.test INFO: Enter inferencing
2026-05-10 21:58:48,370 PAT.test INFO: Validation Results
2026-05-10 21:58:48,370 PAT.test INFO: mAP: 68.4%
2026-05-10 21:58:48,370 PAT.test INFO: CMC curve, Rank-1  :81.3%
2026-05-10 21:58:48,370 PAT.test INFO: CMC curve, Rank-5  :94.6%
2026-05-10 21:58:48,370 PAT.test INFO: CMC curve, Rank-10 :97.5%
2026-05-10 21:58:48,370 PAT.test INFO: total inference time: 195.22
2026-05-10 21:58:48,372 PAT.train INFO: =====saving epoch: 40=====
2026-05-10 21:59:21,129 PAT.train INFO: Epoch[41] Iter[60/566] loss:2.855 reid:2.115 pc:0.009 cam:0.730 cam_acc:0.682 ID_acc:0.844 lam:0.2960 lr:5.95e-03
2026-05-10 21:59:51,965 PAT.train INFO: Epoch[41] Iter[120/566] loss:2.890 reid:2.136 pc:0.010 cam:0.744 cam_acc:0.680 ID_acc:0.838 lam:0.2960 lr:5.95e-03
2026-05-10 22:00:22,799 PAT.train INFO: Epoch[41] Iter[180/566] loss:2.914 reid:2.160 pc:0.009 cam:0.746 cam_acc:0.681 ID_acc:0.832 lam:0.2961 lr:5.95e-03
2026-05-10 22:00:53,742 PAT.train INFO: Epoch[41] Iter[240/566] loss:2.892 reid:2.138 pc:0.008 cam:0.747 cam_acc:0.680 ID_acc:0.842 lam:0.2961 lr:5.95e-03
2026-05-10 22:01:55,653 PAT.train INFO: Epoch[41] Iter[360/566] loss:2.884 reid:2.126 pc:0.006 cam:0.751 cam_acc:0.679 ID_acc:0.846 lam:0.2962 lr:5.95e-03
2026-05-10 22:02:27,068 PAT.train INFO: Epoch[41] Iter[420/566] loss:2.861 reid:2.105 pc:0.006 cam:0.750 cam_acc:0.682 ID_acc:0.852 lam:0.2963 lr:5.95e-03
2026-05-10 22:02:58,344 PAT.train INFO: Epoch[41] Iter[480/566] loss:2.831 reid:2.076 pc:0.006 cam:0.750 cam_acc:0.682 ID_acc:0.859 lam:0.2963 lr:5.95e-03
2026-05-10 22:03:29,425 PAT.train INFO: Epoch[41] Iter[540/566] loss:2.813 reid:2.054 pc:0.005 cam:0.753 cam_acc:0.679 ID_acc:0.864 lam:0.2964 lr:5.95e-03
2026-05-10 22:03:42,461 PAT.train INFO: Epoch 41 done. lambda_eff=0.2964 cam_acc=0.681 Time/batch:0.519s Speed:61.7img/s
2026-05-10 22:04:14,443 PAT.train INFO: Epoch[42] Iter[60/566] loss:2.849 reid:2.115 pc:0.004 cam:0.730 cam_acc:0.695 ID_acc:0.845 lam:0.2965 lr:5.86e-03
2026-05-10 22:04:45,452 PAT.train INFO: Epoch[42] Iter[120/566] loss:2.880 reid:2.132 pc:0.004 cam:0.744 cam_acc:0.692 ID_acc:0.843 lam:0.2965 lr:5.86e-03
2026-05-10 22:05:16,556 PAT.train INFO: Epoch[42] Iter[180/566] loss:2.900 reid:2.148 pc:0.004 cam:0.748 cam_acc:0.689 ID_acc:0.841 lam:0.2965 lr:5.86e-03
2026-05-10 22:05:47,488 PAT.train INFO: Epoch[42] Iter[240/566] loss:2.870 reid:2.117 pc:0.004 cam:0.748 cam_acc:0.688 ID_acc:0.849 lam:0.2966 lr:5.86e-03
2026-05-10 22:06:18,306 PAT.train INFO: Epoch[42] Iter[300/566] loss:2.864 reid:2.105 pc:0.004 cam:0.755 cam_acc:0.682 ID_acc:0.850 lam:0.2966 lr:5.86e-03
2026-05-10 22:06:49,117 PAT.train INFO: Epoch[42] Iter[360/566] loss:2.846 reid:2.087 pc:0.004 cam:0.754 cam_acc:0.682 ID_acc:0.852 lam:0.2967 lr:5.86e-03
2026-05-10 22:07:19,978 PAT.train INFO: Epoch[42] Iter[420/566] loss:2.833 reid:2.069 pc:0.005 cam:0.760 cam_acc:0.681 ID_acc:0.858 lam:0.2967 lr:5.86e-03
2026-05-10 22:07:50,847 PAT.train INFO: Epoch[42] Iter[480/566] loss:2.820 reid:2.053 pc:0.005 cam:0.762 cam_acc:0.679 ID_acc:0.862 lam:0.2968 lr:5.86e-03
2026-05-10 22:08:21,710 PAT.train INFO: Epoch[42] Iter[540/566] loss:2.800 reid:2.034 pc:0.005 cam:0.760 cam_acc:0.678 ID_acc:0.865 lam:0.2968 lr:5.86e-03
2026-05-10 22:08:34,673 PAT.train INFO: Epoch 42 done. lambda_eff=0.2968 cam_acc=0.679 Time/batch:0.517s Speed:61.9img/s
2026-05-10 22:09:06,486 PAT.train INFO: Epoch[43] Iter[60/566] loss:2.854 reid:2.083 pc:0.008 cam:0.763 cam_acc:0.674 ID_acc:0.848 lam:0.2969 lr:5.77e-03
2026-05-10 22:09:37,387 PAT.train INFO: Epoch[43] Iter[120/566] loss:2.885 reid:2.122 pc:0.006 cam:0.757 cam_acc:0.678 ID_acc:0.846 lam:0.2969 lr:5.77e-03
2026-05-10 22:10:08,380 PAT.train INFO: Epoch[43] Iter[180/566] loss:2.851 reid:2.102 pc:0.006 cam:0.744 cam_acc:0.686 ID_acc:0.848 lam:0.2970 lr:5.77e-03
2026-05-10 22:10:39,361 PAT.train INFO: Epoch[43] Iter[240/566] loss:2.840 reid:2.095 pc:0.005 cam:0.739 cam_acc:0.689 ID_acc:0.848 lam:0.2970 lr:5.77e-03
2026-05-10 22:11:10,663 PAT.train INFO: Epoch[43] Iter[300/566] loss:2.827 reid:2.079 pc:0.005 cam:0.743 cam_acc:0.687 ID_acc:0.852 lam:0.2970 lr:5.77e-03
2026-05-10 22:11:42,244 PAT.train INFO: Epoch[43] Iter[360/566] loss:2.811 reid:2.062 pc:0.005 cam:0.744 cam_acc:0.685 ID_acc:0.857 lam:0.2971 lr:5.77e-03
2026-05-10 22:12:13,953 PAT.train INFO: Epoch[43] Iter[420/566] loss:2.804 reid:2.051 pc:0.005 cam:0.748 cam_acc:0.683 ID_acc:0.861 lam:0.2971 lr:5.77e-03
2026-05-10 22:12:45,712 PAT.train INFO: Epoch[43] Iter[480/566] loss:2.793 reid:2.038 pc:0.005 cam:0.751 cam_acc:0.682 ID_acc:0.863 lam:0.2971 lr:5.77e-03
2026-05-10 22:13:17,325 PAT.train INFO: Epoch[43] Iter[540/566] loss:2.785 reid:2.027 pc:0.005 cam:0.753 cam_acc:0.680 ID_acc:0.866 lam:0.2972 lr:5.77e-03
2026-05-10 22:13:30,621 PAT.train INFO: Epoch 43 done. lambda_eff=0.2972 cam_acc=0.681 Time/batch:0.524s Speed:61.1img/s
2026-05-10 22:14:03,172 PAT.train INFO: Epoch[44] Iter[60/566] loss:2.798 reid:2.064 pc:0.004 cam:0.730 cam_acc:0.704 ID_acc:0.863 lam:0.2972 lr:5.67e-03
2026-05-10 22:14:34,863 PAT.train INFO: Epoch[44] Iter[120/566] loss:2.822 reid:2.080 pc:0.005 cam:0.736 cam_acc:0.700 ID_acc:0.851 lam:0.2973 lr:5.67e-03
2026-05-10 22:15:06,664 PAT.train INFO: Epoch[44] Iter[180/566] loss:2.842 reid:2.092 pc:0.005 cam:0.745 cam_acc:0.694 ID_acc:0.849 lam:0.2973 lr:5.67e-03
2026-05-10 22:15:38,207 PAT.train INFO: Epoch[44] Iter[240/566] loss:2.840 reid:2.083 pc:0.005 cam:0.752 cam_acc:0.687 ID_acc:0.850 lam:0.2973 lr:5.67e-03
2026-05-10 22:16:09,013 PAT.train INFO: Epoch[44] Iter[300/566] loss:2.834 reid:2.073 pc:0.005 cam:0.756 cam_acc:0.684 ID_acc:0.852 lam:0.2974 lr:5.67e-03
2026-05-10 22:16:40,008 PAT.train INFO: Epoch[44] Iter[360/566] loss:2.824 reid:2.056 pc:0.005 cam:0.764 cam_acc:0.679 ID_acc:0.858 lam:0.2974 lr:5.67e-03
2026-05-10 22:17:10,898 PAT.train INFO: Epoch[44] Iter[420/566] loss:2.817 reid:2.046 pc:0.005 cam:0.766 cam_acc:0.678 ID_acc:0.861 lam:0.2974 lr:5.67e-03
2026-05-10 22:17:41,743 PAT.train INFO: Epoch[44] Iter[480/566] loss:2.800 reid:2.029 pc:0.005 cam:0.767 cam_acc:0.677 ID_acc:0.867 lam:0.2975 lr:5.67e-03
2026-05-10 22:18:12,684 PAT.train INFO: Epoch[44] Iter[540/566] loss:2.785 reid:2.012 pc:0.004 cam:0.769 cam_acc:0.676 ID_acc:0.872 lam:0.2975 lr:5.67e-03
2026-05-10 22:18:26,380 PAT.train INFO: Epoch 44 done. lambda_eff=0.2975 cam_acc=0.677 Time/batch:0.522s Speed:61.3img/s
2026-05-10 22:18:58,630 PAT.train INFO: Epoch[45] Iter[60/566] loss:2.764 reid:2.031 pc:0.005 cam:0.729 cam_acc:0.695 ID_acc:0.865 lam:0.2976 lr:5.58e-03
2026-05-10 22:19:29,879 PAT.train INFO: Epoch[45] Iter[120/566] loss:2.772 reid:2.041 pc:0.005 cam:0.727 cam_acc:0.697 ID_acc:0.865 lam:0.2976 lr:5.58e-03
2026-05-10 22:20:00,756 PAT.train INFO: Epoch[45] Iter[180/566] loss:2.794 reid:2.054 pc:0.005 cam:0.735 cam_acc:0.694 ID_acc:0.863 lam:0.2976 lr:5.58e-03
2026-05-10 22:20:31,660 PAT.train INFO: Epoch[45] Iter[240/566] loss:2.800 reid:2.048 pc:0.005 cam:0.747 cam_acc:0.688 ID_acc:0.862 lam:0.2977 lr:5.58e-03
2026-05-10 22:21:02,510 PAT.train INFO: Epoch[45] Iter[300/566] loss:2.782 reid:2.025 pc:0.005 cam:0.752 cam_acc:0.684 ID_acc:0.866 lam:0.2977 lr:5.58e-03
2026-05-10 22:21:33,394 PAT.train INFO: Epoch[45] Iter[360/566] loss:2.770 reid:2.014 pc:0.005 cam:0.751 cam_acc:0.686 ID_acc:0.868 lam:0.2977 lr:5.58e-03
2026-05-10 22:22:04,492 PAT.train INFO: Epoch[45] Iter[420/566] loss:2.769 reid:2.008 pc:0.005 cam:0.757 cam_acc:0.683 ID_acc:0.870 lam:0.2977 lr:5.58e-03
2026-05-10 22:22:35,380 PAT.train INFO: Epoch[45] Iter[480/566] loss:2.761 reid:1.997 pc:0.005 cam:0.759 cam_acc:0.682 ID_acc:0.875 lam:0.2978 lr:5.58e-03
2026-05-10 22:23:06,340 PAT.train INFO: Epoch[45] Iter[540/566] loss:2.751 reid:1.985 pc:0.005 cam:0.761 cam_acc:0.681 ID_acc:0.877 lam:0.2978 lr:5.58e-03
2026-05-10 22:23:19,347 PAT.train INFO: Epoch 45 done. lambda_eff=0.2978 cam_acc=0.682 Time/batch:0.518s Speed:61.7img/s
2026-05-10 22:23:19,347 PAT.test INFO: Enter inferencing
2026-05-10 22:26:34,606 PAT.test INFO: Validation Results
2026-05-10 22:26:34,606 PAT.test INFO: mAP: 70.5%
2026-05-10 22:26:34,606 PAT.test INFO: CMC curve, Rank-1  :82.9%
2026-05-10 22:26:34,606 PAT.test INFO: CMC curve, Rank-5  :95.2%
2026-05-10 22:26:34,606 PAT.test INFO: CMC curve, Rank-10 :97.8%
2026-05-10 22:26:34,606 PAT.test INFO: total inference time: 195.26
2026-05-10 22:26:34,608 PAT.train INFO: =====saving epoch: 45=====
2026-05-10 22:27:08,016 PAT.train INFO: Epoch[46] Iter[60/566] loss:2.683 reid:1.933 pc:0.005 cam:0.745 cam_acc:0.684 ID_acc:0.881 lam:0.2978 lr:5.48e-03
2026-05-10 22:27:38,798 PAT.train INFO: Epoch[46] Iter[120/566] loss:2.757 reid:2.004 pc:0.005 cam:0.748 cam_acc:0.689 ID_acc:0.875 lam:0.2979 lr:5.48e-03
2026-05-10 22:28:09,570 PAT.train INFO: Epoch[46] Iter[180/566] loss:2.761 reid:2.009 pc:0.005 cam:0.747 cam_acc:0.688 ID_acc:0.873 lam:0.2979 lr:5.48e-03
2026-05-10 22:28:40,380 PAT.train INFO: Epoch[46] Iter[240/566] loss:2.763 reid:2.011 pc:0.005 cam:0.747 cam_acc:0.686 ID_acc:0.873 lam:0.2979 lr:5.48e-03
2026-05-10 22:29:11,151 PAT.train INFO: Epoch[46] Iter[300/566] loss:2.752 reid:2.000 pc:0.006 cam:0.747 cam_acc:0.687 ID_acc:0.875 lam:0.2980 lr:5.48e-03
2026-05-10 22:29:41,923 PAT.train INFO: Epoch[46] Iter[360/566] loss:2.754 reid:2.000 pc:0.006 cam:0.748 cam_acc:0.688 ID_acc:0.874 lam:0.2980 lr:5.48e-03
2026-05-10 22:30:12,818 PAT.train INFO: Epoch[46] Iter[420/566] loss:2.747 reid:1.989 pc:0.006 cam:0.752 cam_acc:0.685 ID_acc:0.876 lam:0.2980 lr:5.48e-03
2026-05-10 22:30:43,635 PAT.train INFO: Epoch[46] Iter[480/566] loss:2.736 reid:1.973 pc:0.007 cam:0.756 cam_acc:0.683 ID_acc:0.879 lam:0.2980 lr:5.48e-03
2026-05-10 22:31:14,844 PAT.train INFO: Epoch[46] Iter[540/566] loss:2.729 reid:1.965 pc:0.007 cam:0.757 cam_acc:0.683 ID_acc:0.883 lam:0.2981 lr:5.48e-03
2026-05-10 22:31:27,341 PAT.train INFO: Epoch 46 done. lambda_eff=0.2981 cam_acc=0.683 Time/batch:0.517s Speed:61.9img/s
2026-05-10 22:31:59,138 PAT.train INFO: Epoch[47] Iter[60/566] loss:2.797 reid:2.058 pc:0.006 cam:0.733 cam_acc:0.690 ID_acc:0.858 lam:0.2981 lr:5.39e-03
2026-05-10 22:32:30,259 PAT.train INFO: Epoch[47] Iter[120/566] loss:2.785 reid:2.049 pc:0.006 cam:0.731 cam_acc:0.692 ID_acc:0.858 lam:0.2981 lr:5.39e-03
2026-05-10 22:33:01,138 PAT.train INFO: Epoch[47] Iter[180/566] loss:2.798 reid:2.055 pc:0.005 cam:0.738 cam_acc:0.690 ID_acc:0.860 lam:0.2981 lr:5.39e-03
2026-05-10 22:33:32,269 PAT.train INFO: Epoch[47] Iter[240/566] loss:2.771 reid:2.030 pc:0.005 cam:0.735 cam_acc:0.693 ID_acc:0.862 lam:0.2982 lr:5.39e-03
2026-05-10 22:34:03,045 PAT.train INFO: Epoch[47] Iter[300/566] loss:2.755 reid:2.015 pc:0.005 cam:0.734 cam_acc:0.693 ID_acc:0.868 lam:0.2982 lr:5.39e-03
2026-05-10 22:34:33,992 PAT.train INFO: Epoch[47] Iter[360/566] loss:2.746 reid:1.998 pc:0.006 cam:0.741 cam_acc:0.690 ID_acc:0.873 lam:0.2982 lr:5.39e-03
2026-05-10 22:35:05,507 PAT.train INFO: Epoch[47] Iter[420/566] loss:2.742 reid:1.987 pc:0.007 cam:0.748 cam_acc:0.686 ID_acc:0.875 lam:0.2982 lr:5.39e-03
2026-05-10 22:35:36,506 PAT.train INFO: Epoch[47] Iter[480/566] loss:2.728 reid:1.969 pc:0.008 cam:0.751 cam_acc:0.686 ID_acc:0.879 lam:0.2983 lr:5.39e-03
2026-05-10 22:36:07,416 PAT.train INFO: Epoch[47] Iter[540/566] loss:2.711 reid:1.945 pc:0.009 cam:0.757 cam_acc:0.682 ID_acc:0.882 lam:0.2983 lr:5.39e-03
2026-05-10 22:36:20,915 PAT.train INFO: Epoch 47 done. lambda_eff=0.2983 cam_acc=0.681 Time/batch:0.519s Speed:61.7img/s
2026-05-10 22:36:52,747 PAT.train INFO: Epoch[48] Iter[60/566] loss:2.724 reid:1.961 pc:0.011 cam:0.753 cam_acc:0.677 ID_acc:0.879 lam:0.2983 lr:5.29e-03
2026-05-10 22:37:23,651 PAT.train INFO: Epoch[48] Iter[120/566] loss:2.741 reid:1.974 pc:0.011 cam:0.756 cam_acc:0.676 ID_acc:0.868 lam:0.2983 lr:5.29e-03
2026-05-10 22:37:54,577 PAT.train INFO: Epoch[48] Iter[180/566] loss:2.769 reid:2.008 pc:0.011 cam:0.750 cam_acc:0.680 ID_acc:0.866 lam:0.2984 lr:5.29e-03
2026-05-10 22:38:25,460 PAT.train INFO: Epoch[48] Iter[240/566] loss:2.774 reid:2.002 pc:0.011 cam:0.761 cam_acc:0.673 ID_acc:0.865 lam:0.2984 lr:5.29e-03
2026-05-10 22:38:56,310 PAT.train INFO: Epoch[48] Iter[300/566] loss:2.763 reid:1.993 pc:0.010 cam:0.759 cam_acc:0.675 ID_acc:0.871 lam:0.2984 lr:5.29e-03
2026-05-10 22:39:27,184 PAT.train INFO: Epoch[48] Iter[360/566] loss:2.750 reid:1.978 pc:0.010 cam:0.761 cam_acc:0.675 ID_acc:0.874 lam:0.2984 lr:5.29e-03
2026-05-10 22:39:58,048 PAT.train INFO: Epoch[48] Iter[420/566] loss:2.735 reid:1.966 pc:0.010 cam:0.759 cam_acc:0.677 ID_acc:0.876 lam:0.2984 lr:5.29e-03
2026-05-10 22:40:29,119 PAT.train INFO: Epoch[48] Iter[480/566] loss:2.715 reid:1.946 pc:0.010 cam:0.759 cam_acc:0.679 ID_acc:0.881 lam:0.2985 lr:5.29e-03
2026-05-10 22:40:59,883 PAT.train INFO: Epoch[48] Iter[540/566] loss:2.705 reid:1.935 pc:0.010 cam:0.760 cam_acc:0.677 ID_acc:0.884 lam:0.2985 lr:5.29e-03
2026-05-10 22:41:12,344 PAT.train INFO: Epoch 48 done. lambda_eff=0.2985 cam_acc=0.678 Time/batch:0.517s Speed:61.9img/s
2026-05-10 22:41:44,128 PAT.train INFO: Epoch[49] Iter[60/566] loss:2.719 reid:1.946 pc:0.018 cam:0.755 cam_acc:0.673 ID_acc:0.890 lam:0.2985 lr:5.19e-03
2026-05-10 22:42:14,884 PAT.train INFO: Epoch[49] Iter[120/566] loss:2.764 reid:1.992 pc:0.012 cam:0.760 cam_acc:0.673 ID_acc:0.883 lam:0.2985 lr:5.19e-03
2026-05-10 22:42:45,798 PAT.train INFO: Epoch[49] Iter[180/566] loss:2.761 reid:2.004 pc:0.012 cam:0.746 cam_acc:0.682 ID_acc:0.882 lam:0.2986 lr:5.19e-03
2026-05-10 22:43:16,501 PAT.train INFO: Epoch[49] Iter[240/566] loss:2.762 reid:1.995 pc:0.011 cam:0.757 cam_acc:0.678 ID_acc:0.884 lam:0.2986 lr:5.19e-03
2026-05-10 22:43:47,235 PAT.train INFO: Epoch[49] Iter[300/566] loss:2.761 reid:1.994 pc:0.010 cam:0.757 cam_acc:0.678 ID_acc:0.882 lam:0.2986 lr:5.19e-03
2026-05-10 22:44:17,988 PAT.train INFO: Epoch[49] Iter[360/566] loss:2.743 reid:1.975 pc:0.010 cam:0.757 cam_acc:0.678 ID_acc:0.885 lam:0.2986 lr:5.19e-03
2026-05-10 22:44:48,925 PAT.train INFO: Epoch[49] Iter[420/566] loss:2.731 reid:1.965 pc:0.010 cam:0.756 cam_acc:0.676 ID_acc:0.886 lam:0.2986 lr:5.19e-03
2026-05-10 22:45:19,694 PAT.train INFO: Epoch[49] Iter[480/566] loss:2.726 reid:1.960 pc:0.010 cam:0.755 cam_acc:0.677 ID_acc:0.886 lam:0.2986 lr:5.19e-03
2026-05-10 22:45:50,491 PAT.train INFO: Epoch[49] Iter[540/566] loss:2.710 reid:1.946 pc:0.010 cam:0.754 cam_acc:0.678 ID_acc:0.889 lam:0.2987 lr:5.19e-03
2026-05-10 22:46:03,475 PAT.train INFO: Epoch 49 done. lambda_eff=0.2987 cam_acc=0.678 Time/batch:0.515s Speed:62.1img/s
2026-05-10 22:46:35,291 PAT.train INFO: Epoch[50] Iter[60/566] loss:2.689 reid:1.967 pc:0.011 cam:0.711 cam_acc:0.713 ID_acc:0.873 lam:0.2987 lr:5.09e-03
2026-05-10 22:47:06,121 PAT.train INFO: Epoch[50] Iter[120/566] loss:2.755 reid:1.994 pc:0.007 cam:0.754 cam_acc:0.685 ID_acc:0.871 lam:0.2987 lr:5.09e-03
2026-05-10 22:47:36,997 PAT.train INFO: Epoch[50] Iter[180/566] loss:2.738 reid:1.981 pc:0.005 cam:0.751 cam_acc:0.688 ID_acc:0.874 lam:0.2987 lr:5.09e-03
2026-05-10 22:48:07,772 PAT.train INFO: Epoch[50] Iter[240/566] loss:2.724 reid:1.969 pc:0.005 cam:0.750 cam_acc:0.688 ID_acc:0.876 lam:0.2987 lr:5.09e-03
2026-05-10 22:48:38,502 PAT.train INFO: Epoch[50] Iter[300/566] loss:2.725 reid:1.966 pc:0.004 cam:0.755 cam_acc:0.685 ID_acc:0.879 lam:0.2988 lr:5.09e-03
2026-05-10 22:49:09,269 PAT.train INFO: Epoch[50] Iter[360/566] loss:2.711 reid:1.955 pc:0.004 cam:0.751 cam_acc:0.687 ID_acc:0.881 lam:0.2988 lr:5.09e-03
2026-05-10 22:49:40,260 PAT.train INFO: Epoch[50] Iter[420/566] loss:2.694 reid:1.938 pc:0.004 cam:0.752 cam_acc:0.686 ID_acc:0.885 lam:0.2988 lr:5.09e-03
2026-05-10 22:50:11,195 PAT.train INFO: Epoch[50] Iter[480/566] loss:2.680 reid:1.922 pc:0.004 cam:0.754 cam_acc:0.685 ID_acc:0.888 lam:0.2988 lr:5.09e-03
2026-05-10 22:50:41,978 PAT.train INFO: Epoch[50] Iter[540/566] loss:2.667 reid:1.909 pc:0.004 cam:0.754 cam_acc:0.685 ID_acc:0.892 lam:0.2988 lr:5.09e-03
2026-05-10 22:50:55,016 PAT.train INFO: Epoch 50 done. lambda_eff=0.2988 cam_acc=0.685 Time/batch:0.516s Speed:62.0img/s
2026-05-10 22:50:55,016 PAT.test INFO: Enter inferencing
2026-05-10 22:54:10,050 PAT.test INFO: Validation Results
2026-05-10 22:54:10,065 PAT.test INFO: mAP: 72.7%
2026-05-10 22:54:10,065 PAT.test INFO: CMC curve, Rank-1  :84.4%
2026-05-10 22:54:10,066 PAT.test INFO: CMC curve, Rank-5  :96.0%
2026-05-10 22:54:10,066 PAT.test INFO: CMC curve, Rank-10 :98.2%
2026-05-10 22:54:10,066 PAT.test INFO: total inference time: 195.05
2026-05-10 22:54:10,072 PAT.train INFO: =====saving epoch: 50=====
2026-05-10 22:54:43,576 PAT.train INFO: Epoch[51] Iter[60/566] loss:2.707 reid:1.978 pc:0.003 cam:0.726 cam_acc:0.701 ID_acc:0.886 lam:0.2988 lr:5.00e-03
2026-05-10 22:55:14,536 PAT.train INFO: Epoch[51] Iter[120/566] loss:2.729 reid:1.993 pc:0.003 cam:0.732 cam_acc:0.701 ID_acc:0.882 lam:0.2989 lr:5.00e-03
2026-05-10 22:55:45,491 PAT.train INFO: Epoch[51] Iter[180/566] loss:2.739 reid:1.996 pc:0.004 cam:0.739 cam_acc:0.695 ID_acc:0.879 lam:0.2989 lr:5.00e-03
2026-05-10 22:56:16,479 PAT.train INFO: Epoch[51] Iter[240/566] loss:2.733 reid:1.985 pc:0.005 cam:0.743 cam_acc:0.692 ID_acc:0.883 lam:0.2989 lr:5.00e-03
2026-05-10 22:56:47,424 PAT.train INFO: Epoch[51] Iter[300/566] loss:2.724 reid:1.976 pc:0.006 cam:0.742 cam_acc:0.694 ID_acc:0.884 lam:0.2989 lr:5.00e-03
2026-05-10 22:57:18,349 PAT.train INFO: Epoch[51] Iter[360/566] loss:2.705 reid:1.956 pc:0.006 cam:0.744 cam_acc:0.692 ID_acc:0.886 lam:0.2989 lr:5.00e-03
2026-05-10 22:57:49,312 PAT.train INFO: Epoch[51] Iter[420/566] loss:2.691 reid:1.942 pc:0.006 cam:0.743 cam_acc:0.690 ID_acc:0.889 lam:0.2989 lr:5.00e-03
2026-05-10 22:58:20,280 PAT.train INFO: Epoch[51] Iter[480/566] loss:2.682 reid:1.930 pc:0.006 cam:0.746 cam_acc:0.688 ID_acc:0.891 lam:0.2989 lr:5.00e-03
2026-05-10 22:58:51,582 PAT.train INFO: Epoch[51] Iter[540/566] loss:2.671 reid:1.915 pc:0.006 cam:0.750 cam_acc:0.685 ID_acc:0.893 lam:0.2990 lr:5.00e-03
2026-05-10 22:59:04,782 PAT.train INFO: Epoch 51 done. lambda_eff=0.2990 cam_acc=0.686 Time/batch:0.520s Speed:61.6img/s
2026-05-10 22:59:37,335 PAT.train INFO: Epoch[52] Iter[60/566] loss:2.651 reid:1.899 pc:0.006 cam:0.746 cam_acc:0.674 ID_acc:0.892 lam:0.2990 lr:4.90e-03
2026-05-10 23:00:08,505 PAT.train INFO: Epoch[52] Iter[120/566] loss:2.664 reid:1.910 pc:0.009 cam:0.745 cam_acc:0.685 ID_acc:0.893 lam:0.2990 lr:4.90e-03
2026-05-10 23:00:39,445 PAT.train INFO: Epoch[52] Iter[180/566] loss:2.684 reid:1.926 pc:0.010 cam:0.749 cam_acc:0.683 ID_acc:0.887 lam:0.2990 lr:4.90e-03
2026-05-10 23:01:10,276 PAT.train INFO: Epoch[52] Iter[240/566] loss:2.697 reid:1.937 pc:0.014 cam:0.746 cam_acc:0.687 ID_acc:0.885 lam:0.2990 lr:4.90e-03
2026-05-10 23:01:41,269 PAT.train INFO: Epoch[52] Iter[300/566] loss:2.696 reid:1.930 pc:0.016 cam:0.750 cam_acc:0.683 ID_acc:0.889 lam:0.2990 lr:4.90e-03
2026-05-10 23:02:12,173 PAT.train INFO: Epoch[52] Iter[360/566] loss:2.693 reid:1.925 pc:0.015 cam:0.753 cam_acc:0.681 ID_acc:0.891 lam:0.2990 lr:4.90e-03
2026-05-10 23:02:43,014 PAT.train INFO: Epoch[52] Iter[420/566] loss:2.691 reid:1.920 pc:0.015 cam:0.756 cam_acc:0.678 ID_acc:0.893 lam:0.2991 lr:4.90e-03
2026-05-10 23:03:13,886 PAT.train INFO: Epoch[52] Iter[480/566] loss:2.678 reid:1.908 pc:0.014 cam:0.756 cam_acc:0.679 ID_acc:0.894 lam:0.2991 lr:4.90e-03
2026-05-10 23:03:44,766 PAT.train INFO: Epoch[52] Iter[540/566] loss:2.660 reid:1.888 pc:0.014 cam:0.759 cam_acc:0.679 ID_acc:0.898 lam:0.2991 lr:4.90e-03
2026-05-10 23:03:57,770 PAT.train INFO: Epoch 52 done. lambda_eff=0.2991 cam_acc=0.680 Time/batch:0.518s Speed:61.7img/s
2026-05-10 23:04:29,758 PAT.train INFO: Epoch[53] Iter[60/566] loss:2.721 reid:1.980 pc:0.016 cam:0.725 cam_acc:0.708 ID_acc:0.874 lam:0.2991 lr:4.79e-03
2026-05-10 23:05:00,895 PAT.train INFO: Epoch[53] Iter[120/566] loss:2.714 reid:1.967 pc:0.019 cam:0.728 cam_acc:0.703 ID_acc:0.877 lam:0.2991 lr:4.79e-03
2026-05-10 23:05:31,912 PAT.train INFO: Epoch[53] Iter[180/566] loss:2.695 reid:1.948 pc:0.016 cam:0.730 cam_acc:0.700 ID_acc:0.880 lam:0.2991 lr:4.79e-03
2026-05-10 23:06:02,737 PAT.train INFO: Epoch[53] Iter[240/566] loss:2.685 reid:1.943 pc:0.015 cam:0.727 cam_acc:0.702 ID_acc:0.883 lam:0.2991 lr:4.79e-03
2026-05-10 23:06:33,713 PAT.train INFO: Epoch[53] Iter[300/566] loss:2.668 reid:1.926 pc:0.013 cam:0.728 cam_acc:0.700 ID_acc:0.888 lam:0.2991 lr:4.79e-03
2026-05-10 23:07:04,527 PAT.train INFO: Epoch[53] Iter[360/566] loss:2.660 reid:1.913 pc:0.012 cam:0.736 cam_acc:0.694 ID_acc:0.888 lam:0.2992 lr:4.79e-03
2026-05-10 23:07:35,372 PAT.train INFO: Epoch[53] Iter[420/566] loss:2.654 reid:1.906 pc:0.010 cam:0.737 cam_acc:0.693 ID_acc:0.892 lam:0.2992 lr:4.79e-03
2026-05-10 23:08:06,378 PAT.train INFO: Epoch[53] Iter[480/566] loss:2.637 reid:1.888 pc:0.010 cam:0.739 cam_acc:0.691 ID_acc:0.896 lam:0.2992 lr:4.79e-03
2026-05-10 23:08:37,243 PAT.train INFO: Epoch[53] Iter[540/566] loss:2.624 reid:1.874 pc:0.009 cam:0.741 cam_acc:0.689 ID_acc:0.898 lam:0.2992 lr:4.79e-03
2026-05-10 23:08:50,220 PAT.train INFO: Epoch 53 done. lambda_eff=0.2992 cam_acc=0.688 Time/batch:0.517s Speed:61.8img/s
2026-05-10 23:09:21,974 PAT.train INFO: Epoch[54] Iter[60/566] loss:2.625 reid:1.877 pc:0.007 cam:0.741 cam_acc:0.689 ID_acc:0.910 lam:0.2992 lr:4.69e-03
2026-05-10 23:09:52,780 PAT.train INFO: Epoch[54] Iter[120/566] loss:2.713 reid:1.953 pc:0.007 cam:0.753 cam_acc:0.686 ID_acc:0.890 lam:0.2992 lr:4.69e-03
2026-05-10 23:10:23,650 PAT.train INFO: Epoch[54] Iter[180/566] loss:2.705 reid:1.945 pc:0.006 cam:0.755 cam_acc:0.681 ID_acc:0.889 lam:0.2992 lr:4.69e-03
2026-05-10 23:10:54,596 PAT.train INFO: Epoch[54] Iter[240/566] loss:2.691 reid:1.938 pc:0.005 cam:0.748 cam_acc:0.685 ID_acc:0.889 lam:0.2992 lr:4.69e-03
2026-05-10 23:11:25,406 PAT.train INFO: Epoch[54] Iter[300/566] loss:2.687 reid:1.931 pc:0.005 cam:0.751 cam_acc:0.685 ID_acc:0.888 lam:0.2992 lr:4.69e-03
2026-05-10 23:11:56,308 PAT.train INFO: Epoch[54] Iter[360/566] loss:2.677 reid:1.920 pc:0.005 cam:0.752 cam_acc:0.684 ID_acc:0.893 lam:0.2993 lr:4.69e-03
2026-05-10 23:12:27,183 PAT.train INFO: Epoch[54] Iter[420/566] loss:2.666 reid:1.908 pc:0.005 cam:0.753 cam_acc:0.683 ID_acc:0.896 lam:0.2993 lr:4.69e-03
2026-05-10 23:12:58,007 PAT.train INFO: Epoch[54] Iter[480/566] loss:2.655 reid:1.899 pc:0.005 cam:0.750 cam_acc:0.686 ID_acc:0.897 lam:0.2993 lr:4.69e-03
2026-05-10 23:13:28,861 PAT.train INFO: Epoch[54] Iter[540/566] loss:2.638 reid:1.885 pc:0.006 cam:0.748 cam_acc:0.688 ID_acc:0.899 lam:0.2993 lr:4.69e-03
2026-05-10 23:13:41,334 PAT.train INFO: Epoch 54 done. lambda_eff=0.2993 cam_acc=0.686 Time/batch:0.516s Speed:62.0img/s
2026-05-10 23:14:13,076 PAT.train INFO: Epoch[55] Iter[60/566] loss:2.594 reid:1.865 pc:0.014 cam:0.716 cam_acc:0.702 ID_acc:0.919 lam:0.2993 lr:4.59e-03
2026-05-10 23:14:43,818 PAT.train INFO: Epoch[55] Iter[120/566] loss:2.703 reid:1.956 pc:0.011 cam:0.736 cam_acc:0.691 ID_acc:0.893 lam:0.2993 lr:4.59e-03
2026-05-10 23:15:14,591 PAT.train INFO: Epoch[55] Iter[180/566] loss:2.690 reid:1.942 pc:0.009 cam:0.738 cam_acc:0.691 ID_acc:0.893 lam:0.2993 lr:4.59e-03
2026-05-10 23:15:45,466 PAT.train INFO: Epoch[55] Iter[240/566] loss:2.692 reid:1.945 pc:0.008 cam:0.739 cam_acc:0.692 ID_acc:0.895 lam:0.2993 lr:4.59e-03
2026-05-10 23:16:16,322 PAT.train INFO: Epoch[55] Iter[300/566] loss:2.687 reid:1.939 pc:0.008 cam:0.741 cam_acc:0.689 ID_acc:0.894 lam:0.2993 lr:4.59e-03
2026-05-10 23:16:47,165 PAT.train INFO: Epoch[55] Iter[360/566] loss:2.692 reid:1.939 pc:0.008 cam:0.745 cam_acc:0.686 ID_acc:0.894 lam:0.2993 lr:4.59e-03
2026-05-10 23:17:18,248 PAT.train INFO: Epoch[55] Iter[420/566] loss:2.671 reid:1.918 pc:0.008 cam:0.745 cam_acc:0.685 ID_acc:0.896 lam:0.2994 lr:4.59e-03
2026-05-10 23:17:49,133 PAT.train INFO: Epoch[55] Iter[480/566] loss:2.646 reid:1.892 pc:0.009 cam:0.746 cam_acc:0.685 ID_acc:0.900 lam:0.2994 lr:4.59e-03
2026-05-10 23:18:19,968 PAT.train INFO: Epoch[55] Iter[540/566] loss:2.632 reid:1.875 pc:0.010 cam:0.747 cam_acc:0.684 ID_acc:0.902 lam:0.2994 lr:4.59e-03
2026-05-10 23:18:32,949 PAT.train INFO: Epoch 55 done. lambda_eff=0.2994 cam_acc=0.683 Time/batch:0.516s Speed:62.0img/s
2026-05-10 23:18:32,949 PAT.test INFO: Enter inferencing
2026-05-10 23:21:48,113 PAT.test INFO: Validation Results
2026-05-10 23:21:48,113 PAT.test INFO: mAP: 74.4%
2026-05-10 23:21:48,113 PAT.test INFO: CMC curve, Rank-1  :85.5%
2026-05-10 23:21:48,113 PAT.test INFO: CMC curve, Rank-5  :96.5%
2026-05-10 23:21:48,113 PAT.test INFO: CMC curve, Rank-10 :98.4%
2026-05-10 23:21:48,113 PAT.test INFO: total inference time: 195.16
2026-05-10 23:21:48,115 PAT.train INFO: =====saving epoch: 55=====
2026-05-10 23:22:20,963 PAT.train INFO: Epoch[56] Iter[60/566] loss:2.620 reid:1.907 pc:0.010 cam:0.703 cam_acc:0.718 ID_acc:0.898 lam:0.2994 lr:4.49e-03
2026-05-10 23:22:51,777 PAT.train INFO: Epoch[56] Iter[120/566] loss:2.654 reid:1.922 pc:0.013 cam:0.719 cam_acc:0.706 ID_acc:0.892 lam:0.2994 lr:4.49e-03
2026-05-10 23:23:22,981 PAT.train INFO: Epoch[56] Iter[180/566] loss:2.650 reid:1.913 pc:0.013 cam:0.725 cam_acc:0.701 ID_acc:0.891 lam:0.2994 lr:4.49e-03
2026-05-10 23:23:53,846 PAT.train INFO: Epoch[56] Iter[240/566] loss:2.641 reid:1.905 pc:0.013 cam:0.723 cam_acc:0.700 ID_acc:0.892 lam:0.2994 lr:4.49e-03
2026-05-10 23:24:24,640 PAT.train INFO: Epoch[56] Iter[300/566] loss:2.638 reid:1.896 pc:0.012 cam:0.730 cam_acc:0.695 ID_acc:0.895 lam:0.2994 lr:4.49e-03
2026-05-10 23:24:55,389 PAT.train INFO: Epoch[56] Iter[360/566] loss:2.625 reid:1.882 pc:0.011 cam:0.733 cam_acc:0.694 ID_acc:0.898 lam:0.2994 lr:4.49e-03
2026-05-10 23:25:26,249 PAT.train INFO: Epoch[56] Iter[420/566] loss:2.615 reid:1.870 pc:0.009 cam:0.736 cam_acc:0.691 ID_acc:0.902 lam:0.2994 lr:4.49e-03
2026-05-10 23:25:57,054 PAT.train INFO: Epoch[56] Iter[480/566] loss:2.604 reid:1.856 pc:0.009 cam:0.739 cam_acc:0.690 ID_acc:0.905 lam:0.2994 lr:4.49e-03
2026-05-10 23:26:28,030 PAT.train INFO: Epoch[56] Iter[540/566] loss:2.594 reid:1.846 pc:0.008 cam:0.740 cam_acc:0.689 ID_acc:0.907 lam:0.2994 lr:4.49e-03
2026-05-10 23:26:40,526 PAT.train INFO: Epoch 56 done. lambda_eff=0.2994 cam_acc=0.689 Time/batch:0.516s Speed:62.0img/s
2026-05-10 23:27:12,167 PAT.train INFO: Epoch[57] Iter[60/566] loss:2.602 reid:1.872 pc:0.003 cam:0.727 cam_acc:0.702 ID_acc:0.891 lam:0.2995 lr:4.39e-03
2026-05-10 23:27:43,113 PAT.train INFO: Epoch[57] Iter[120/566] loss:2.615 reid:1.884 pc:0.004 cam:0.728 cam_acc:0.699 ID_acc:0.890 lam:0.2995 lr:4.39e-03
2026-05-10 23:28:14,085 PAT.train INFO: Epoch[57] Iter[180/566] loss:2.632 reid:1.898 pc:0.006 cam:0.728 cam_acc:0.697 ID_acc:0.890 lam:0.2995 lr:4.39e-03
2026-05-10 23:28:45,057 PAT.train INFO: Epoch[57] Iter[240/566] loss:2.628 reid:1.885 pc:0.011 cam:0.732 cam_acc:0.697 ID_acc:0.893 lam:0.2995 lr:4.39e-03
2026-05-10 23:29:16,010 PAT.train INFO: Epoch[57] Iter[300/566] loss:2.631 reid:1.880 pc:0.014 cam:0.736 cam_acc:0.694 ID_acc:0.896 lam:0.2995 lr:4.39e-03
2026-05-10 23:29:46,930 PAT.train INFO: Epoch[57] Iter[360/566] loss:2.624 reid:1.869 pc:0.017 cam:0.739 cam_acc:0.693 ID_acc:0.899 lam:0.2995 lr:4.39e-03
2026-05-10 23:30:17,655 PAT.train INFO: Epoch[57] Iter[420/566] loss:2.626 reid:1.864 pc:0.017 cam:0.744 cam_acc:0.688 ID_acc:0.902 lam:0.2995 lr:4.39e-03
2026-05-10 23:30:48,535 PAT.train INFO: Epoch[57] Iter[480/566] loss:2.611 reid:1.848 pc:0.016 cam:0.747 cam_acc:0.686 ID_acc:0.904 lam:0.2995 lr:4.39e-03
2026-05-10 23:31:19,493 PAT.train INFO: Epoch[57] Iter[540/566] loss:2.599 reid:1.836 pc:0.015 cam:0.747 cam_acc:0.686 ID_acc:0.906 lam:0.2995 lr:4.39e-03
2026-05-10 23:31:32,989 PAT.train INFO: Epoch 57 done. lambda_eff=0.2995 cam_acc=0.686 Time/batch:0.517s Speed:61.9img/s
2026-05-10 23:32:04,713 PAT.train INFO: Epoch[58] Iter[60/566] loss:2.624 reid:1.874 pc:0.014 cam:0.737 cam_acc:0.685 ID_acc:0.893 lam:0.2995 lr:4.29e-03
2026-05-10 23:32:35,665 PAT.train INFO: Epoch[58] Iter[120/566] loss:2.653 reid:1.895 pc:0.015 cam:0.742 cam_acc:0.690 ID_acc:0.890 lam:0.2995 lr:4.29e-03
2026-05-10 23:33:06,593 PAT.train INFO: Epoch[58] Iter[180/566] loss:2.665 reid:1.905 pc:0.015 cam:0.744 cam_acc:0.689 ID_acc:0.890 lam:0.2995 lr:4.29e-03
2026-05-10 23:33:37,485 PAT.train INFO: Epoch[58] Iter[240/566] loss:2.649 reid:1.892 pc:0.017 cam:0.741 cam_acc:0.694 ID_acc:0.895 lam:0.2995 lr:4.29e-03
2026-05-10 23:34:08,407 PAT.train INFO: Epoch[58] Iter[300/566] loss:2.644 reid:1.886 pc:0.018 cam:0.740 cam_acc:0.696 ID_acc:0.896 lam:0.2995 lr:4.29e-03
2026-05-10 23:34:39,407 PAT.train INFO: Epoch[58] Iter[360/566] loss:2.629 reid:1.869 pc:0.018 cam:0.741 cam_acc:0.696 ID_acc:0.900 lam:0.2995 lr:4.29e-03
2026-05-10 23:35:10,361 PAT.train INFO: Epoch[58] Iter[420/566] loss:2.622 reid:1.862 pc:0.017 cam:0.743 cam_acc:0.693 ID_acc:0.901 lam:0.2996 lr:4.29e-03
2026-05-10 23:35:41,690 PAT.train INFO: Epoch[58] Iter[480/566] loss:2.616 reid:1.853 pc:0.018 cam:0.746 cam_acc:0.690 ID_acc:0.904 lam:0.2996 lr:4.29e-03
2026-05-10 23:36:13,035 PAT.train INFO: Epoch[58] Iter[540/566] loss:2.607 reid:1.839 pc:0.018 cam:0.749 cam_acc:0.689 ID_acc:0.907 lam:0.2996 lr:4.29e-03
2026-05-10 23:36:26,422 PAT.train INFO: Epoch 58 done. lambda_eff=0.2996 cam_acc=0.690 Time/batch:0.519s Speed:61.6img/s
2026-05-10 23:36:58,451 PAT.train INFO: Epoch[59] Iter[60/566] loss:2.613 reid:1.895 pc:0.019 cam:0.699 cam_acc:0.706 ID_acc:0.897 lam:0.2996 lr:4.18e-03
2026-05-10 23:37:29,904 PAT.train INFO: Epoch[59] Iter[120/566] loss:2.641 reid:1.909 pc:0.016 cam:0.716 cam_acc:0.704 ID_acc:0.898 lam:0.2996 lr:4.18e-03
2026-05-10 23:38:02,049 PAT.train INFO: Epoch[59] Iter[180/566] loss:2.627 reid:1.888 pc:0.018 cam:0.721 cam_acc:0.699 ID_acc:0.903 lam:0.2996 lr:4.18e-03
2026-05-10 23:38:33,948 PAT.train INFO: Epoch[59] Iter[240/566] loss:2.633 reid:1.894 pc:0.017 cam:0.722 cam_acc:0.696 ID_acc:0.899 lam:0.2996 lr:4.18e-03
2026-05-10 23:39:05,931 PAT.train INFO: Epoch[59] Iter[300/566] loss:2.628 reid:1.886 pc:0.016 cam:0.726 cam_acc:0.693 ID_acc:0.898 lam:0.2996 lr:4.18e-03
2026-05-10 23:39:37,630 PAT.train INFO: Epoch[59] Iter[360/566] loss:2.627 reid:1.880 pc:0.016 cam:0.731 cam_acc:0.692 ID_acc:0.901 lam:0.2996 lr:4.18e-03
2026-05-10 23:40:09,304 PAT.train INFO: Epoch[59] Iter[420/566] loss:2.617 reid:1.868 pc:0.016 cam:0.733 cam_acc:0.689 ID_acc:0.903 lam:0.2996 lr:4.18e-03
2026-05-10 23:40:41,406 PAT.train INFO: Epoch[59] Iter[480/566] loss:2.609 reid:1.854 pc:0.017 cam:0.738 cam_acc:0.689 ID_acc:0.905 lam:0.2996 lr:4.18e-03
2026-05-10 23:41:13,075 PAT.train INFO: Epoch[59] Iter[540/566] loss:2.596 reid:1.841 pc:0.018 cam:0.737 cam_acc:0.690 ID_acc:0.907 lam:0.2996 lr:4.18e-03
2026-05-10 23:41:26,862 PAT.train INFO: Epoch 59 done. lambda_eff=0.2996 cam_acc=0.689 Time/batch:0.531s Speed:60.3img/s
2026-05-10 23:41:59,293 PAT.train INFO: Epoch[60] Iter[60/566] loss:2.613 reid:1.873 pc:0.023 cam:0.717 cam_acc:0.707 ID_acc:0.901 lam:0.2996 lr:4.08e-03
2026-05-10 23:42:30,953 PAT.train INFO: Epoch[60] Iter[120/566] loss:2.654 reid:1.903 pc:0.024 cam:0.727 cam_acc:0.703 ID_acc:0.896 lam:0.2996 lr:4.08e-03
2026-05-10 23:43:02,604 PAT.train INFO: Epoch[60] Iter[180/566] loss:2.678 reid:1.914 pc:0.026 cam:0.738 cam_acc:0.693 ID_acc:0.891 lam:0.2996 lr:4.08e-03
2026-05-10 23:43:34,207 PAT.train INFO: Epoch[60] Iter[240/566] loss:2.672 reid:1.911 pc:0.023 cam:0.738 cam_acc:0.694 ID_acc:0.895 lam:0.2996 lr:4.08e-03
2026-05-10 23:44:05,734 PAT.train INFO: Epoch[60] Iter[300/566] loss:2.655 reid:1.892 pc:0.024 cam:0.739 cam_acc:0.692 ID_acc:0.899 lam:0.2996 lr:4.08e-03
2026-05-10 23:44:37,331 PAT.train INFO: Epoch[60] Iter[360/566] loss:2.639 reid:1.878 pc:0.023 cam:0.738 cam_acc:0.691 ID_acc:0.902 lam:0.2996 lr:4.08e-03
2026-05-10 23:45:08,532 PAT.train INFO: Epoch[60] Iter[420/566] loss:2.614 reid:1.860 pc:0.021 cam:0.733 cam_acc:0.694 ID_acc:0.905 lam:0.2997 lr:4.08e-03
2026-05-10 23:45:39,364 PAT.train INFO: Epoch[60] Iter[480/566] loss:2.600 reid:1.846 pc:0.019 cam:0.735 cam_acc:0.693 ID_acc:0.908 lam:0.2997 lr:4.08e-03
2026-05-10 23:46:10,242 PAT.train INFO: Epoch[60] Iter[540/566] loss:2.586 reid:1.831 pc:0.018 cam:0.737 cam_acc:0.690 ID_acc:0.910 lam:0.2997 lr:4.08e-03
2026-05-10 23:46:22,666 PAT.train INFO: Epoch 60 done. lambda_eff=0.2997 cam_acc=0.690 Time/batch:0.524s Speed:61.0img/s
2026-05-10 23:46:22,666 PAT.test INFO: Enter inferencing
2026-05-10 23:49:37,577 PAT.test INFO: Validation Results
2026-05-10 23:49:37,577 PAT.test INFO: mAP: 75.8%
2026-05-10 23:49:37,577 PAT.test INFO: CMC curve, Rank-1  :86.3%
2026-05-10 23:49:37,577 PAT.test INFO: CMC curve, Rank-5  :96.6%
2026-05-10 23:49:37,577 PAT.test INFO: CMC curve, Rank-10 :98.5%
2026-05-10 23:49:37,577 PAT.test INFO: total inference time: 194.91
2026-05-10 23:49:37,579 PAT.train INFO: =====saving epoch: 60=====
2026-05-10 23:50:10,455 PAT.train INFO: Epoch[61] Iter[60/566] loss:2.675 reid:1.920 pc:0.008 cam:0.747 cam_acc:0.686 ID_acc:0.897 lam:0.2997 lr:3.98e-03
2026-05-10 23:50:41,223 PAT.train INFO: Epoch[61] Iter[120/566] loss:2.667 reid:1.918 pc:0.007 cam:0.742 cam_acc:0.680 ID_acc:0.895 lam:0.2997 lr:3.98e-03
2026-05-10 23:51:11,972 PAT.train INFO: Epoch[61] Iter[180/566] loss:2.666 reid:1.923 pc:0.008 cam:0.736 cam_acc:0.684 ID_acc:0.894 lam:0.2997 lr:3.98e-03
2026-05-10 23:51:42,805 PAT.train INFO: Epoch[61] Iter[240/566] loss:2.654 reid:1.904 pc:0.008 cam:0.742 cam_acc:0.684 ID_acc:0.895 lam:0.2997 lr:3.98e-03
2026-05-10 23:52:13,662 PAT.train INFO: Epoch[61] Iter[300/566] loss:2.629 reid:1.879 pc:0.009 cam:0.741 cam_acc:0.684 ID_acc:0.899 lam:0.2997 lr:3.98e-03
2026-05-10 23:52:44,507 PAT.train INFO: Epoch[61] Iter[360/566] loss:2.615 reid:1.867 pc:0.010 cam:0.738 cam_acc:0.688 ID_acc:0.900 lam:0.2997 lr:3.98e-03
2026-05-10 23:53:15,499 PAT.train INFO: Epoch[61] Iter[420/566] loss:2.595 reid:1.846 pc:0.012 cam:0.737 cam_acc:0.689 ID_acc:0.904 lam:0.2997 lr:3.98e-03
2026-05-10 23:53:46,490 PAT.train INFO: Epoch[61] Iter[480/566] loss:2.588 reid:1.836 pc:0.013 cam:0.739 cam_acc:0.689 ID_acc:0.907 lam:0.2997 lr:3.98e-03
2026-05-10 23:54:17,713 PAT.train INFO: Epoch[61] Iter[540/566] loss:2.575 reid:1.820 pc:0.013 cam:0.741 cam_acc:0.688 ID_acc:0.910 lam:0.2997 lr:3.98e-03
2026-05-10 23:54:30,855 PAT.train INFO: Epoch 61 done. lambda_eff=0.2997 cam_acc=0.686 Time/batch:0.517s Speed:61.9img/s
2026-05-10 23:55:02,608 PAT.train INFO: Epoch[62] Iter[60/566] loss:2.528 reid:1.792 pc:0.012 cam:0.724 cam_acc:0.707 ID_acc:0.915 lam:0.2997 lr:3.87e-03
2026-05-10 23:55:33,470 PAT.train INFO: Epoch[62] Iter[120/566] loss:2.610 reid:1.865 pc:0.010 cam:0.734 cam_acc:0.700 ID_acc:0.901 lam:0.2997 lr:3.87e-03
2026-05-10 23:56:04,344 PAT.train INFO: Epoch[62] Iter[180/566] loss:2.601 reid:1.860 pc:0.009 cam:0.733 cam_acc:0.695 ID_acc:0.901 lam:0.2997 lr:3.87e-03
2026-05-10 23:56:35,186 PAT.train INFO: Epoch[62] Iter[240/566] loss:2.624 reid:1.878 pc:0.008 cam:0.738 cam_acc:0.690 ID_acc:0.897 lam:0.2997 lr:3.87e-03
2026-05-10 23:57:06,020 PAT.train INFO: Epoch[62] Iter[300/566] loss:2.611 reid:1.858 pc:0.007 cam:0.746 cam_acc:0.685 ID_acc:0.903 lam:0.2997 lr:3.87e-03
2026-05-10 23:57:36,973 PAT.train INFO: Epoch[62] Iter[360/566] loss:2.616 reid:1.861 pc:0.008 cam:0.747 cam_acc:0.685 ID_acc:0.903 lam:0.2997 lr:3.87e-03
2026-05-10 23:58:07,833 PAT.train INFO: Epoch[62] Iter[420/566] loss:2.606 reid:1.849 pc:0.008 cam:0.749 cam_acc:0.684 ID_acc:0.906 lam:0.2997 lr:3.87e-03
2026-05-10 23:58:38,602 PAT.train INFO: Epoch[62] Iter[480/566] loss:2.590 reid:1.835 pc:0.008 cam:0.746 cam_acc:0.684 ID_acc:0.909 lam:0.2997 lr:3.87e-03
2026-05-10 23:59:09,515 PAT.train INFO: Epoch[62] Iter[540/566] loss:2.579 reid:1.822 pc:0.008 cam:0.749 cam_acc:0.683 ID_acc:0.912 lam:0.2997 lr:3.87e-03
2026-05-10 23:59:22,478 PAT.train INFO: Epoch 62 done. lambda_eff=0.2997 cam_acc=0.682 Time/batch:0.516s Speed:62.0img/s
2026-05-10 23:59:54,226 PAT.train INFO: Epoch[63] Iter[60/566] loss:2.540 reid:1.844 pc:0.010 cam:0.686 cam_acc:0.727 ID_acc:0.906 lam:0.2997 lr:3.77e-03
2026-05-11 00:00:25,115 PAT.train INFO: Epoch[63] Iter[120/566] loss:2.625 reid:1.905 pc:0.009 cam:0.711 cam_acc:0.710 ID_acc:0.896 lam:0.2997 lr:3.77e-03
2026-05-11 00:00:56,487 PAT.train INFO: Epoch[63] Iter[180/566] loss:2.640 reid:1.904 pc:0.008 cam:0.728 cam_acc:0.699 ID_acc:0.898 lam:0.2997 lr:3.77e-03
2026-05-11 00:01:28,050 PAT.train INFO: Epoch[63] Iter[240/566] loss:2.624 reid:1.890 pc:0.007 cam:0.727 cam_acc:0.700 ID_acc:0.900 lam:0.2998 lr:3.77e-03
2026-05-11 00:01:59,698 PAT.train INFO: Epoch[63] Iter[300/566] loss:2.616 reid:1.877 pc:0.006 cam:0.733 cam_acc:0.695 ID_acc:0.904 lam:0.2998 lr:3.77e-03
2026-05-11 00:02:31,212 PAT.train INFO: Epoch[63] Iter[360/566] loss:2.592 reid:1.853 pc:0.007 cam:0.733 cam_acc:0.694 ID_acc:0.907 lam:0.2998 lr:3.77e-03
2026-05-11 00:03:02,794 PAT.train INFO: Epoch[63] Iter[420/566] loss:2.575 reid:1.835 pc:0.006 cam:0.734 cam_acc:0.693 ID_acc:0.909 lam:0.2998 lr:3.77e-03
2026-05-11 00:03:34,930 PAT.train INFO: Epoch[63] Iter[480/566] loss:2.572 reid:1.828 pc:0.006 cam:0.738 cam_acc:0.689 ID_acc:0.910 lam:0.2998 lr:3.77e-03
2026-05-11 00:04:06,749 PAT.train INFO: Epoch[63] Iter[540/566] loss:2.565 reid:1.816 pc:0.006 cam:0.743 cam_acc:0.688 ID_acc:0.911 lam:0.2998 lr:3.77e-03
2026-05-11 00:04:19,517 PAT.train INFO: Epoch 63 done. lambda_eff=0.2998 cam_acc=0.688 Time/batch:0.527s Speed:60.8img/s
2026-05-11 00:04:52,198 PAT.train INFO: Epoch[64] Iter[60/566] loss:2.462 reid:1.764 pc:0.004 cam:0.695 cam_acc:0.713 ID_acc:0.922 lam:0.2998 lr:3.67e-03
2026-05-11 00:05:23,916 PAT.train INFO: Epoch[64] Iter[120/566] loss:2.544 reid:1.832 pc:0.004 cam:0.708 cam_acc:0.709 ID_acc:0.908 lam:0.2998 lr:3.67e-03
2026-05-11 00:05:55,193 PAT.train INFO: Epoch[64] Iter[180/566] loss:2.535 reid:1.825 pc:0.004 cam:0.706 cam_acc:0.709 ID_acc:0.906 lam:0.2998 lr:3.67e-03
2026-05-11 00:06:26,009 PAT.train INFO: Epoch[64] Iter[240/566] loss:2.552 reid:1.830 pc:0.004 cam:0.719 cam_acc:0.703 ID_acc:0.908 lam:0.2998 lr:3.67e-03
2026-05-11 00:06:57,287 PAT.train INFO: Epoch[64] Iter[300/566] loss:2.566 reid:1.835 pc:0.004 cam:0.727 cam_acc:0.699 ID_acc:0.908 lam:0.2998 lr:3.67e-03
2026-05-11 00:07:28,282 PAT.train INFO: Epoch[64] Iter[360/566] loss:2.565 reid:1.830 pc:0.005 cam:0.730 cam_acc:0.696 ID_acc:0.909 lam:0.2998 lr:3.67e-03
2026-05-11 00:07:59,248 PAT.train INFO: Epoch[64] Iter[420/566] loss:2.566 reid:1.829 pc:0.006 cam:0.732 cam_acc:0.695 ID_acc:0.911 lam:0.2998 lr:3.67e-03
2026-05-11 00:08:30,245 PAT.train INFO: Epoch[64] Iter[480/566] loss:2.564 reid:1.819 pc:0.009 cam:0.736 cam_acc:0.693 ID_acc:0.912 lam:0.2998 lr:3.67e-03
2026-05-11 00:09:01,193 PAT.train INFO: Epoch[64] Iter[540/566] loss:2.556 reid:1.804 pc:0.011 cam:0.741 cam_acc:0.689 ID_acc:0.915 lam:0.2998 lr:3.67e-03
2026-05-11 00:09:14,774 PAT.train INFO: Epoch 64 done. lambda_eff=0.2998 cam_acc=0.688 Time/batch:0.522s Speed:61.4img/s
2026-05-11 00:09:46,373 PAT.train INFO: Epoch[65] Iter[60/566] loss:2.535 reid:1.797 pc:0.029 cam:0.709 cam_acc:0.702 ID_acc:0.913 lam:0.2998 lr:3.57e-03
2026-05-11 00:10:17,126 PAT.train INFO: Epoch[65] Iter[120/566] loss:2.585 reid:1.836 pc:0.029 cam:0.720 cam_acc:0.696 ID_acc:0.904 lam:0.2998 lr:3.57e-03
2026-05-11 00:10:48,396 PAT.train INFO: Epoch[65] Iter[180/566] loss:2.588 reid:1.840 pc:0.027 cam:0.720 cam_acc:0.699 ID_acc:0.905 lam:0.2998 lr:3.57e-03
2026-05-11 00:11:19,476 PAT.train INFO: Epoch[65] Iter[240/566] loss:2.607 reid:1.850 pc:0.026 cam:0.731 cam_acc:0.697 ID_acc:0.900 lam:0.2998 lr:3.57e-03
2026-05-11 00:11:50,305 PAT.train INFO: Epoch[65] Iter[300/566] loss:2.598 reid:1.837 pc:0.025 cam:0.736 cam_acc:0.691 ID_acc:0.903 lam:0.2998 lr:3.57e-03
2026-05-11 00:12:21,102 PAT.train INFO: Epoch[65] Iter[360/566] loss:2.591 reid:1.831 pc:0.025 cam:0.735 cam_acc:0.691 ID_acc:0.904 lam:0.2998 lr:3.57e-03
2026-05-11 00:12:52,403 PAT.train INFO: Epoch[65] Iter[420/566] loss:2.579 reid:1.818 pc:0.027 cam:0.734 cam_acc:0.692 ID_acc:0.908 lam:0.2998 lr:3.57e-03
2026-05-11 00:13:23,187 PAT.train INFO: Epoch[65] Iter[480/566] loss:2.571 reid:1.807 pc:0.026 cam:0.738 cam_acc:0.690 ID_acc:0.911 lam:0.2998 lr:3.57e-03
2026-05-11 00:13:53,986 PAT.train INFO: Epoch[65] Iter[540/566] loss:2.556 reid:1.794 pc:0.024 cam:0.737 cam_acc:0.690 ID_acc:0.914 lam:0.2998 lr:3.57e-03
2026-05-11 00:14:07,004 PAT.train INFO: Epoch 65 done. lambda_eff=0.2998 cam_acc=0.690 Time/batch:0.517s Speed:61.9img/s
2026-05-11 00:14:07,004 PAT.test INFO: Enter inferencing
2026-05-11 00:17:22,128 PAT.test INFO: Validation Results
2026-05-11 00:17:22,128 PAT.test INFO: mAP: 77.1%
2026-05-11 00:17:22,128 PAT.test INFO: CMC curve, Rank-1  :87.5%
2026-05-11 00:17:22,128 PAT.test INFO: CMC curve, Rank-5  :97.0%
2026-05-11 00:17:22,128 PAT.test INFO: CMC curve, Rank-10 :98.6%
2026-05-11 00:17:22,128 PAT.test INFO: total inference time: 195.12
2026-05-11 00:17:22,130 PAT.train INFO: =====saving epoch: 65=====
2026-05-11 00:17:54,989 PAT.train INFO: Epoch[66] Iter[60/566] loss:2.502 reid:1.796 pc:0.009 cam:0.696 cam_acc:0.705 ID_acc:0.910 lam:0.2998 lr:3.47e-03
2026-05-11 00:18:25,844 PAT.train INFO: Epoch[66] Iter[120/566] loss:2.545 reid:1.822 pc:0.011 cam:0.712 cam_acc:0.704 ID_acc:0.912 lam:0.2998 lr:3.47e-03
2026-05-11 00:18:56,795 PAT.train INFO: Epoch[66] Iter[180/566] loss:2.558 reid:1.828 pc:0.012 cam:0.718 cam_acc:0.704 ID_acc:0.906 lam:0.2998 lr:3.47e-03
2026-05-11 00:19:27,677 PAT.train INFO: Epoch[66] Iter[240/566] loss:2.553 reid:1.823 pc:0.011 cam:0.719 cam_acc:0.701 ID_acc:0.910 lam:0.2998 lr:3.47e-03
2026-05-11 00:19:58,570 PAT.train INFO: Epoch[66] Iter[300/566] loss:2.559 reid:1.828 pc:0.010 cam:0.721 cam_acc:0.701 ID_acc:0.909 lam:0.2998 lr:3.47e-03
2026-05-11 00:20:29,410 PAT.train INFO: Epoch[66] Iter[360/566] loss:2.555 reid:1.827 pc:0.009 cam:0.719 cam_acc:0.703 ID_acc:0.911 lam:0.2998 lr:3.47e-03
2026-05-11 00:21:00,292 PAT.train INFO: Epoch[66] Iter[420/566] loss:2.543 reid:1.812 pc:0.009 cam:0.722 cam_acc:0.700 ID_acc:0.913 lam:0.2998 lr:3.47e-03
2026-05-11 00:21:31,203 PAT.train INFO: Epoch[66] Iter[480/566] loss:2.527 reid:1.791 pc:0.010 cam:0.726 cam_acc:0.698 ID_acc:0.915 lam:0.2998 lr:3.47e-03
2026-05-11 00:22:02,349 PAT.train INFO: Epoch[66] Iter[540/566] loss:2.524 reid:1.786 pc:0.010 cam:0.727 cam_acc:0.697 ID_acc:0.917 lam:0.2998 lr:3.47e-03
2026-05-11 00:22:15,412 PAT.train INFO: Epoch 66 done. lambda_eff=0.2998 cam_acc=0.696 Time/batch:0.517s Speed:61.9img/s
2026-05-11 00:22:47,304 PAT.train INFO: Epoch[67] Iter[60/566] loss:2.538 reid:1.797 pc:0.013 cam:0.728 cam_acc:0.696 ID_acc:0.914 lam:0.2998 lr:3.37e-03
2026-05-11 00:23:18,237 PAT.train INFO: Epoch[67] Iter[120/566] loss:2.577 reid:1.850 pc:0.011 cam:0.716 cam_acc:0.701 ID_acc:0.910 lam:0.2998 lr:3.37e-03
2026-05-11 00:23:49,135 PAT.train INFO: Epoch[67] Iter[180/566] loss:2.580 reid:1.850 pc:0.010 cam:0.720 cam_acc:0.701 ID_acc:0.909 lam:0.2998 lr:3.37e-03
2026-05-11 00:24:20,089 PAT.train INFO: Epoch[67] Iter[240/566] loss:2.572 reid:1.840 pc:0.010 cam:0.722 cam_acc:0.698 ID_acc:0.908 lam:0.2998 lr:3.37e-03
2026-05-11 00:24:50,988 PAT.train INFO: Epoch[67] Iter[300/566] loss:2.559 reid:1.830 pc:0.009 cam:0.719 cam_acc:0.699 ID_acc:0.912 lam:0.2999 lr:3.37e-03
2026-05-11 00:25:21,828 PAT.train INFO: Epoch[67] Iter[360/566] loss:2.560 reid:1.825 pc:0.008 cam:0.726 cam_acc:0.694 ID_acc:0.913 lam:0.2999 lr:3.37e-03
2026-05-11 00:25:52,813 PAT.train INFO: Epoch[67] Iter[420/566] loss:2.558 reid:1.821 pc:0.008 cam:0.729 cam_acc:0.693 ID_acc:0.914 lam:0.2999 lr:3.37e-03
2026-05-11 00:26:23,732 PAT.train INFO: Epoch[67] Iter[480/566] loss:2.543 reid:1.804 pc:0.008 cam:0.732 cam_acc:0.693 ID_acc:0.916 lam:0.2999 lr:3.37e-03
2026-05-11 00:26:54,673 PAT.train INFO: Epoch[67] Iter[540/566] loss:2.536 reid:1.797 pc:0.007 cam:0.731 cam_acc:0.693 ID_acc:0.918 lam:0.2999 lr:3.37e-03
2026-05-11 00:27:07,661 PAT.train INFO: Epoch 67 done. lambda_eff=0.2999 cam_acc=0.694 Time/batch:0.517s Speed:61.9img/s
2026-05-11 00:27:39,523 PAT.train INFO: Epoch[68] Iter[60/566] loss:2.607 reid:1.876 pc:0.007 cam:0.724 cam_acc:0.694 ID_acc:0.909 lam:0.2999 lr:3.26e-03
2026-05-11 00:28:10,466 PAT.train INFO: Epoch[68] Iter[120/566] loss:2.627 reid:1.900 pc:0.007 cam:0.720 cam_acc:0.703 ID_acc:0.901 lam:0.2999 lr:3.26e-03
2026-05-11 00:28:41,278 PAT.train INFO: Epoch[68] Iter[180/566] loss:2.612 reid:1.879 pc:0.007 cam:0.726 cam_acc:0.702 ID_acc:0.907 lam:0.2999 lr:3.26e-03
2026-05-11 00:29:12,034 PAT.train INFO: Epoch[68] Iter[240/566] loss:2.593 reid:1.862 pc:0.008 cam:0.724 cam_acc:0.701 ID_acc:0.908 lam:0.2999 lr:3.26e-03
2026-05-11 00:29:42,962 PAT.train INFO: Epoch[68] Iter[300/566] loss:2.585 reid:1.852 pc:0.008 cam:0.725 cam_acc:0.697 ID_acc:0.907 lam:0.2999 lr:3.26e-03
2026-05-11 00:30:13,883 PAT.train INFO: Epoch[68] Iter[360/566] loss:2.550 reid:1.825 pc:0.008 cam:0.717 cam_acc:0.702 ID_acc:0.910 lam:0.2999 lr:3.26e-03
2026-05-11 00:30:44,833 PAT.train INFO: Epoch[68] Iter[420/566] loss:2.546 reid:1.816 pc:0.009 cam:0.721 cam_acc:0.701 ID_acc:0.913 lam:0.2999 lr:3.26e-03
2026-05-11 00:31:15,967 PAT.train INFO: Epoch[68] Iter[480/566] loss:2.533 reid:1.799 pc:0.009 cam:0.725 cam_acc:0.698 ID_acc:0.917 lam:0.2999 lr:3.26e-03
2026-05-11 00:31:46,915 PAT.train INFO: Epoch[68] Iter[540/566] loss:2.523 reid:1.787 pc:0.008 cam:0.728 cam_acc:0.696 ID_acc:0.918 lam:0.2999 lr:3.26e-03
2026-05-11 00:31:59,862 PAT.train INFO: Epoch 68 done. lambda_eff=0.2999 cam_acc=0.695 Time/batch:0.517s Speed:61.9img/s
2026-05-11 00:32:31,651 PAT.train INFO: Epoch[69] Iter[60/566] loss:2.588 reid:1.867 pc:0.003 cam:0.719 cam_acc:0.698 ID_acc:0.905 lam:0.2999 lr:3.16e-03
2026-05-11 00:33:02,472 PAT.train INFO: Epoch[69] Iter[120/566] loss:2.565 reid:1.843 pc:0.002 cam:0.719 cam_acc:0.701 ID_acc:0.904 lam:0.2999 lr:3.16e-03
2026-05-11 00:33:33,270 PAT.train INFO: Epoch[69] Iter[180/566] loss:2.553 reid:1.839 pc:0.003 cam:0.712 cam_acc:0.705 ID_acc:0.904 lam:0.2999 lr:3.16e-03
2026-05-11 00:34:04,129 PAT.train INFO: Epoch[69] Iter[240/566] loss:2.544 reid:1.830 pc:0.003 cam:0.711 cam_acc:0.707 ID_acc:0.907 lam:0.2999 lr:3.16e-03
2026-05-11 00:34:35,063 PAT.train INFO: Epoch[69] Iter[300/566] loss:2.531 reid:1.814 pc:0.003 cam:0.713 cam_acc:0.705 ID_acc:0.911 lam:0.2999 lr:3.16e-03
2026-05-11 00:35:06,162 PAT.train INFO: Epoch[69] Iter[360/566] loss:2.527 reid:1.808 pc:0.004 cam:0.715 cam_acc:0.704 ID_acc:0.912 lam:0.2999 lr:3.16e-03
2026-05-11 00:35:36,886 PAT.train INFO: Epoch[69] Iter[420/566] loss:2.531 reid:1.806 pc:0.004 cam:0.721 cam_acc:0.701 ID_acc:0.915 lam:0.2999 lr:3.16e-03
2026-05-11 00:36:07,674 PAT.train INFO: Epoch[69] Iter[480/566] loss:2.524 reid:1.794 pc:0.004 cam:0.725 cam_acc:0.699 ID_acc:0.917 lam:0.2999 lr:3.16e-03
2026-05-11 00:36:38,443 PAT.train INFO: Epoch[69] Iter[540/566] loss:2.517 reid:1.785 pc:0.005 cam:0.727 cam_acc:0.698 ID_acc:0.919 lam:0.2999 lr:3.16e-03
2026-05-11 00:36:51,422 PAT.train INFO: Epoch 69 done. lambda_eff=0.2999 cam_acc=0.699 Time/batch:0.516s Speed:62.0img/s
2026-05-11 00:37:23,232 PAT.train INFO: Epoch[70] Iter[60/566] loss:2.563 reid:1.820 pc:0.013 cam:0.731 cam_acc:0.688 ID_acc:0.914 lam:0.2999 lr:3.07e-03
2026-05-11 00:37:54,016 PAT.train INFO: Epoch[70] Iter[120/566] loss:2.573 reid:1.842 pc:0.012 cam:0.720 cam_acc:0.700 ID_acc:0.908 lam:0.2999 lr:3.07e-03
2026-05-11 00:38:24,860 PAT.train INFO: Epoch[70] Iter[180/566] loss:2.571 reid:1.837 pc:0.011 cam:0.723 cam_acc:0.700 ID_acc:0.908 lam:0.2999 lr:3.07e-03
2026-05-11 00:38:55,693 PAT.train INFO: Epoch[70] Iter[240/566] loss:2.573 reid:1.843 pc:0.010 cam:0.719 cam_acc:0.701 ID_acc:0.907 lam:0.2999 lr:3.07e-03
2026-05-11 00:39:26,541 PAT.train INFO: Epoch[70] Iter[300/566] loss:2.576 reid:1.840 pc:0.011 cam:0.726 cam_acc:0.699 ID_acc:0.909 lam:0.2999 lr:3.07e-03
2026-05-11 00:39:57,345 PAT.train INFO: Epoch[70] Iter[360/566] loss:2.558 reid:1.824 pc:0.011 cam:0.723 cam_acc:0.700 ID_acc:0.913 lam:0.2999 lr:3.07e-03
2026-05-11 00:40:28,410 PAT.train INFO: Epoch[70] Iter[420/566] loss:2.542 reid:1.809 pc:0.011 cam:0.722 cam_acc:0.701 ID_acc:0.916 lam:0.2999 lr:3.07e-03
2026-05-11 00:40:59,305 PAT.train INFO: Epoch[70] Iter[480/566] loss:2.524 reid:1.791 pc:0.010 cam:0.722 cam_acc:0.700 ID_acc:0.919 lam:0.2999 lr:3.07e-03
2026-05-11 00:41:30,159 PAT.train INFO: Epoch[70] Iter[540/566] loss:2.507 reid:1.774 pc:0.010 cam:0.723 cam_acc:0.699 ID_acc:0.921 lam:0.2999 lr:3.07e-03
2026-05-11 00:41:42,621 PAT.train INFO: Epoch 70 done. lambda_eff=0.2999 cam_acc=0.698 Time/batch:0.516s Speed:62.0img/s
2026-05-11 00:41:42,621 PAT.test INFO: Enter inferencing
2026-05-11 00:44:57,961 PAT.test INFO: Validation Results
2026-05-11 00:44:57,961 PAT.test INFO: mAP: 78.2%
2026-05-11 00:44:57,961 PAT.test INFO: CMC curve, Rank-1  :88.3%
2026-05-11 00:44:57,961 PAT.test INFO: CMC curve, Rank-5  :97.2%
2026-05-11 00:44:57,961 PAT.test INFO: CMC curve, Rank-10 :98.7%
2026-05-11 00:44:57,961 PAT.test INFO: total inference time: 195.34
2026-05-11 00:44:57,963 PAT.train INFO: =====saving epoch: 70=====
2026-05-11 00:45:30,682 PAT.train INFO: Epoch[71] Iter[60/566] loss:2.506 reid:1.799 pc:0.006 cam:0.702 cam_acc:0.705 ID_acc:0.911 lam:0.2999 lr:2.97e-03
2026-05-11 00:46:01,371 PAT.train INFO: Epoch[71] Iter[120/566] loss:2.550 reid:1.836 pc:0.007 cam:0.707 cam_acc:0.715 ID_acc:0.902 lam:0.2999 lr:2.97e-03
2026-05-11 00:46:32,108 PAT.train INFO: Epoch[71] Iter[180/566] loss:2.541 reid:1.825 pc:0.007 cam:0.709 cam_acc:0.711 ID_acc:0.905 lam:0.2999 lr:2.97e-03
2026-05-11 00:47:02,796 PAT.train INFO: Epoch[71] Iter[240/566] loss:2.526 reid:1.813 pc:0.007 cam:0.707 cam_acc:0.710 ID_acc:0.909 lam:0.2999 lr:2.97e-03
2026-05-11 00:47:33,634 PAT.train INFO: Epoch[71] Iter[300/566] loss:2.530 reid:1.809 pc:0.007 cam:0.714 cam_acc:0.704 ID_acc:0.911 lam:0.2999 lr:2.97e-03
2026-05-11 00:48:04,356 PAT.train INFO: Epoch[71] Iter[360/566] loss:2.522 reid:1.798 pc:0.007 cam:0.717 cam_acc:0.703 ID_acc:0.912 lam:0.2999 lr:2.97e-03
2026-05-11 00:48:35,169 PAT.train INFO: Epoch[71] Iter[420/566] loss:2.512 reid:1.791 pc:0.007 cam:0.713 cam_acc:0.708 ID_acc:0.915 lam:0.2999 lr:2.97e-03
2026-05-11 00:49:05,914 PAT.train INFO: Epoch[71] Iter[480/566] loss:2.494 reid:1.771 pc:0.007 cam:0.716 cam_acc:0.704 ID_acc:0.919 lam:0.2999 lr:2.97e-03
2026-05-11 00:49:36,943 PAT.train INFO: Epoch[71] Iter[540/566] loss:2.491 reid:1.764 pc:0.007 cam:0.720 cam_acc:0.703 ID_acc:0.920 lam:0.2999 lr:2.97e-03
2026-05-11 00:49:49,463 PAT.train INFO: Epoch 71 done. lambda_eff=0.2999 cam_acc=0.702 Time/batch:0.515s Speed:62.1img/s
2026-05-11 00:50:21,283 PAT.train INFO: Epoch[72] Iter[60/566] loss:2.498 reid:1.783 pc:0.005 cam:0.710 cam_acc:0.699 ID_acc:0.929 lam:0.2999 lr:2.87e-03
2026-05-11 00:50:52,050 PAT.train INFO: Epoch[72] Iter[120/566] loss:2.506 reid:1.795 pc:0.005 cam:0.706 cam_acc:0.708 ID_acc:0.918 lam:0.2999 lr:2.87e-03
2026-05-11 00:51:22,787 PAT.train INFO: Epoch[72] Iter[180/566] loss:2.536 reid:1.821 pc:0.005 cam:0.710 cam_acc:0.708 ID_acc:0.914 lam:0.2999 lr:2.87e-03
2026-05-11 00:51:53,657 PAT.train INFO: Epoch[72] Iter[240/566] loss:2.540 reid:1.818 pc:0.006 cam:0.716 cam_acc:0.704 ID_acc:0.915 lam:0.2999 lr:2.87e-03
2026-05-11 00:52:24,403 PAT.train INFO: Epoch[72] Iter[300/566] loss:2.529 reid:1.808 pc:0.006 cam:0.715 cam_acc:0.706 ID_acc:0.915 lam:0.2999 lr:2.87e-03
2026-05-11 00:52:55,168 PAT.train INFO: Epoch[72] Iter[360/566] loss:2.522 reid:1.799 pc:0.007 cam:0.716 cam_acc:0.706 ID_acc:0.917 lam:0.2999 lr:2.87e-03
2026-05-11 00:53:25,922 PAT.train INFO: Epoch[72] Iter[420/566] loss:2.507 reid:1.785 pc:0.007 cam:0.715 cam_acc:0.706 ID_acc:0.918 lam:0.2999 lr:2.87e-03
2026-05-11 00:53:56,794 PAT.train INFO: Epoch[72] Iter[480/566] loss:2.499 reid:1.775 pc:0.007 cam:0.716 cam_acc:0.705 ID_acc:0.920 lam:0.2999 lr:2.87e-03
2026-05-11 00:54:27,591 PAT.train INFO: Epoch[72] Iter[540/566] loss:2.488 reid:1.762 pc:0.007 cam:0.719 cam_acc:0.704 ID_acc:0.922 lam:0.2999 lr:2.87e-03
2026-05-11 00:54:40,596 PAT.train INFO: Epoch 72 done. lambda_eff=0.2999 cam_acc=0.703 Time/batch:0.515s Speed:62.1img/s
2026-05-11 00:55:12,363 PAT.train INFO: Epoch[73] Iter[60/566] loss:2.519 reid:1.814 pc:0.005 cam:0.700 cam_acc:0.715 ID_acc:0.904 lam:0.2999 lr:2.77e-03
2026-05-11 00:55:43,073 PAT.train INFO: Epoch[73] Iter[120/566] loss:2.555 reid:1.853 pc:0.005 cam:0.697 cam_acc:0.716 ID_acc:0.895 lam:0.2999 lr:2.77e-03
2026-05-11 00:56:13,885 PAT.train INFO: Epoch[73] Iter[180/566] loss:2.547 reid:1.835 pc:0.006 cam:0.706 cam_acc:0.711 ID_acc:0.898 lam:0.2999 lr:2.77e-03
2026-05-11 00:56:44,573 PAT.train INFO: Epoch[73] Iter[240/566] loss:2.550 reid:1.831 pc:0.007 cam:0.712 cam_acc:0.708 ID_acc:0.899 lam:0.2999 lr:2.77e-03
2026-05-11 00:57:15,265 PAT.train INFO: Epoch[73] Iter[300/566] loss:2.541 reid:1.818 pc:0.007 cam:0.715 cam_acc:0.704 ID_acc:0.905 lam:0.2999 lr:2.77e-03
2026-05-11 00:57:45,941 PAT.train INFO: Epoch[73] Iter[360/566] loss:2.526 reid:1.809 pc:0.007 cam:0.710 cam_acc:0.706 ID_acc:0.907 lam:0.2999 lr:2.77e-03
2026-05-11 00:58:16,635 PAT.train INFO: Epoch[73] Iter[420/566] loss:2.514 reid:1.793 pc:0.007 cam:0.713 cam_acc:0.704 ID_acc:0.911 lam:0.2999 lr:2.77e-03
2026-05-11 00:58:47,444 PAT.train INFO: Epoch[73] Iter[480/566] loss:2.497 reid:1.776 pc:0.007 cam:0.713 cam_acc:0.704 ID_acc:0.915 lam:0.2999 lr:2.77e-03
2026-05-11 00:59:18,370 PAT.train INFO: Epoch[73] Iter[540/566] loss:2.485 reid:1.764 pc:0.007 cam:0.713 cam_acc:0.703 ID_acc:0.918 lam:0.2999 lr:2.77e-03
2026-05-11 00:59:30,807 PAT.train INFO: Epoch 73 done. lambda_eff=0.2999 cam_acc=0.701 Time/batch:0.514s Speed:62.2img/s
2026-05-11 01:00:02,632 PAT.train INFO: Epoch[74] Iter[60/566] loss:2.479 reid:1.781 pc:0.008 cam:0.690 cam_acc:0.711 ID_acc:0.916 lam:0.2999 lr:2.68e-03
2026-05-11 01:00:33,440 PAT.train INFO: Epoch[74] Iter[120/566] loss:2.536 reid:1.827 pc:0.007 cam:0.702 cam_acc:0.708 ID_acc:0.908 lam:0.2999 lr:2.68e-03
2026-05-11 01:01:04,190 PAT.train INFO: Epoch[74] Iter[180/566] loss:2.541 reid:1.836 pc:0.008 cam:0.696 cam_acc:0.711 ID_acc:0.911 lam:0.2999 lr:2.68e-03
2026-05-11 01:01:34,962 PAT.train INFO: Epoch[74] Iter[240/566] loss:2.556 reid:1.843 pc:0.009 cam:0.704 cam_acc:0.710 ID_acc:0.911 lam:0.2999 lr:2.68e-03
2026-05-11 01:02:05,712 PAT.train INFO: Epoch[74] Iter[300/566] loss:2.532 reid:1.815 pc:0.010 cam:0.707 cam_acc:0.708 ID_acc:0.914 lam:0.2999 lr:2.68e-03
2026-05-11 01:02:36,432 PAT.train INFO: Epoch[74] Iter[360/566] loss:2.530 reid:1.808 pc:0.010 cam:0.711 cam_acc:0.705 ID_acc:0.916 lam:0.2999 lr:2.68e-03
2026-05-11 01:03:07,231 PAT.train INFO: Epoch[74] Iter[420/566] loss:2.521 reid:1.799 pc:0.011 cam:0.711 cam_acc:0.706 ID_acc:0.918 lam:0.2999 lr:2.68e-03
2026-05-11 01:03:37,906 PAT.train INFO: Epoch[74] Iter[480/566] loss:2.506 reid:1.780 pc:0.012 cam:0.714 cam_acc:0.704 ID_acc:0.921 lam:0.2999 lr:2.68e-03
2026-05-11 01:04:08,630 PAT.train INFO: Epoch[74] Iter[540/566] loss:2.497 reid:1.767 pc:0.012 cam:0.718 cam_acc:0.703 ID_acc:0.922 lam:0.2999 lr:2.68e-03
2026-05-11 01:04:21,029 PAT.train INFO: Epoch 74 done. lambda_eff=0.2999 cam_acc=0.703 Time/batch:0.514s Speed:62.2img/s
2026-05-11 01:04:52,817 PAT.train INFO: Epoch[75] Iter[60/566] loss:2.547 reid:1.817 pc:0.017 cam:0.713 cam_acc:0.712 ID_acc:0.913 lam:0.2999 lr:2.58e-03
2026-05-11 01:05:23,553 PAT.train INFO: Epoch[75] Iter[120/566] loss:2.552 reid:1.824 pc:0.018 cam:0.710 cam_acc:0.714 ID_acc:0.913 lam:0.2999 lr:2.58e-03
2026-05-11 01:05:54,308 PAT.train INFO: Epoch[75] Iter[180/566] loss:2.545 reid:1.826 pc:0.013 cam:0.706 cam_acc:0.713 ID_acc:0.911 lam:0.2999 lr:2.58e-03
2026-05-11 01:06:25,136 PAT.train INFO: Epoch[75] Iter[240/566] loss:2.532 reid:1.814 pc:0.011 cam:0.708 cam_acc:0.711 ID_acc:0.916 lam:0.2999 lr:2.58e-03
2026-05-11 01:06:55,928 PAT.train INFO: Epoch[75] Iter[300/566] loss:2.530 reid:1.808 pc:0.010 cam:0.712 cam_acc:0.707 ID_acc:0.917 lam:0.2999 lr:2.58e-03
2026-05-11 01:07:26,798 PAT.train INFO: Epoch[75] Iter[360/566] loss:2.521 reid:1.799 pc:0.009 cam:0.712 cam_acc:0.707 ID_acc:0.918 lam:0.2999 lr:2.58e-03
2026-05-11 01:07:57,592 PAT.train INFO: Epoch[75] Iter[420/566] loss:2.516 reid:1.790 pc:0.009 cam:0.717 cam_acc:0.703 ID_acc:0.920 lam:0.2999 lr:2.58e-03
2026-05-11 01:08:28,747 PAT.train INFO: Epoch[75] Iter[480/566] loss:2.504 reid:1.777 pc:0.009 cam:0.718 cam_acc:0.701 ID_acc:0.923 lam:0.2999 lr:2.58e-03
2026-05-11 01:08:59,646 PAT.train INFO: Epoch[75] Iter[540/566] loss:2.495 reid:1.764 pc:0.009 cam:0.722 cam_acc:0.699 ID_acc:0.924 lam:0.2999 lr:2.58e-03
2026-05-11 01:09:12,632 PAT.train INFO: Epoch 75 done. lambda_eff=0.2999 cam_acc=0.698 Time/batch:0.516s Speed:62.0img/s
2026-05-11 01:09:12,632 PAT.test INFO: Enter inferencing
2026-05-11 01:12:27,845 PAT.test INFO: Validation Results
2026-05-11 01:12:27,846 PAT.test INFO: mAP: 79.0%
2026-05-11 01:12:27,846 PAT.test INFO: CMC curve, Rank-1  :88.5%
2026-05-11 01:12:27,846 PAT.test INFO: CMC curve, Rank-5  :97.4%
2026-05-11 01:12:27,846 PAT.test INFO: CMC curve, Rank-10 :98.7%
2026-05-11 01:12:27,846 PAT.test INFO: total inference time: 195.21
2026-05-11 01:12:27,848 PAT.train INFO: =====saving epoch: 75=====
2026-05-11 01:13:00,661 PAT.train INFO: Epoch[76] Iter[60/566] loss:2.469 reid:1.758 pc:0.010 cam:0.702 cam_acc:0.712 ID_acc:0.933 lam:0.2999 lr:2.49e-03
2026-05-11 01:13:31,469 PAT.train INFO: Epoch[76] Iter[120/566] loss:2.532 reid:1.806 pc:0.011 cam:0.715 cam_acc:0.710 ID_acc:0.920 lam:0.2999 lr:2.49e-03
2026-05-11 01:14:02,254 PAT.train INFO: Epoch[76] Iter[180/566] loss:2.529 reid:1.809 pc:0.011 cam:0.709 cam_acc:0.711 ID_acc:0.917 lam:0.3000 lr:2.49e-03
2026-05-11 01:14:33,064 PAT.train INFO: Epoch[76] Iter[240/566] loss:2.514 reid:1.798 pc:0.013 cam:0.703 cam_acc:0.711 ID_acc:0.919 lam:0.3000 lr:2.49e-03
2026-05-11 01:15:03,804 PAT.train INFO: Epoch[76] Iter[300/566] loss:2.510 reid:1.788 pc:0.014 cam:0.708 cam_acc:0.706 ID_acc:0.918 lam:0.3000 lr:2.49e-03
2026-05-11 01:15:34,567 PAT.train INFO: Epoch[76] Iter[360/566] loss:2.493 reid:1.772 pc:0.014 cam:0.707 cam_acc:0.707 ID_acc:0.921 lam:0.3000 lr:2.49e-03
2026-05-11 01:16:05,321 PAT.train INFO: Epoch[76] Iter[420/566] loss:2.488 reid:1.767 pc:0.014 cam:0.708 cam_acc:0.706 ID_acc:0.922 lam:0.3000 lr:2.49e-03
2026-05-11 01:16:36,144 PAT.train INFO: Epoch[76] Iter[480/566] loss:2.480 reid:1.754 pc:0.014 cam:0.712 cam_acc:0.704 ID_acc:0.924 lam:0.3000 lr:2.49e-03
2026-05-11 01:17:06,958 PAT.train INFO: Epoch[76] Iter[540/566] loss:2.472 reid:1.745 pc:0.014 cam:0.714 cam_acc:0.704 ID_acc:0.926 lam:0.3000 lr:2.49e-03
2026-05-11 01:17:20,143 PAT.train INFO: Epoch 76 done. lambda_eff=0.3000 cam_acc=0.705 Time/batch:0.515s Speed:62.1img/s
2026-05-11 01:17:51,746 PAT.train INFO: Epoch[77] Iter[60/566] loss:2.444 reid:1.758 pc:0.006 cam:0.680 cam_acc:0.711 ID_acc:0.934 lam:0.3000 lr:2.39e-03
2026-05-11 01:18:22,524 PAT.train INFO: Epoch[77] Iter[120/566] loss:2.472 reid:1.785 pc:0.007 cam:0.680 cam_acc:0.716 ID_acc:0.918 lam:0.3000 lr:2.39e-03
2026-05-11 01:18:53,255 PAT.train INFO: Epoch[77] Iter[180/566] loss:2.493 reid:1.794 pc:0.008 cam:0.691 cam_acc:0.711 ID_acc:0.913 lam:0.3000 lr:2.39e-03
2026-05-11 01:19:24,060 PAT.train INFO: Epoch[77] Iter[240/566] loss:2.498 reid:1.788 pc:0.009 cam:0.701 cam_acc:0.707 ID_acc:0.918 lam:0.3000 lr:2.39e-03
2026-05-11 01:19:54,831 PAT.train INFO: Epoch[77] Iter[300/566] loss:2.493 reid:1.782 pc:0.009 cam:0.702 cam_acc:0.706 ID_acc:0.919 lam:0.3000 lr:2.39e-03
2026-05-11 01:20:25,548 PAT.train INFO: Epoch[77] Iter[360/566] loss:2.488 reid:1.775 pc:0.009 cam:0.704 cam_acc:0.705 ID_acc:0.922 lam:0.3000 lr:2.39e-03
2026-05-11 01:20:56,276 PAT.train INFO: Epoch[77] Iter[420/566] loss:2.484 reid:1.765 pc:0.009 cam:0.710 cam_acc:0.701 ID_acc:0.924 lam:0.3000 lr:2.39e-03
2026-05-11 01:21:27,013 PAT.train INFO: Epoch[77] Iter[480/566] loss:2.473 reid:1.753 pc:0.010 cam:0.710 cam_acc:0.703 ID_acc:0.925 lam:0.3000 lr:2.39e-03
2026-05-11 01:21:57,920 PAT.train INFO: Epoch[77] Iter[540/566] loss:2.463 reid:1.740 pc:0.010 cam:0.713 cam_acc:0.702 ID_acc:0.927 lam:0.3000 lr:2.39e-03
2026-05-11 01:22:11,366 PAT.train INFO: Epoch 77 done. lambda_eff=0.3000 cam_acc=0.701 Time/batch:0.514s Speed:62.2img/s
2026-05-11 01:22:43,016 PAT.train INFO: Epoch[78] Iter[60/566] loss:2.522 reid:1.788 pc:0.011 cam:0.723 cam_acc:0.708 ID_acc:0.915 lam:0.3000 lr:2.30e-03
2026-05-11 01:23:13,814 PAT.train INFO: Epoch[78] Iter[120/566] loss:2.498 reid:1.789 pc:0.011 cam:0.699 cam_acc:0.716 ID_acc:0.916 lam:0.3000 lr:2.30e-03
2026-05-11 01:23:44,639 PAT.train INFO: Epoch[78] Iter[180/566] loss:2.497 reid:1.790 pc:0.011 cam:0.696 cam_acc:0.713 ID_acc:0.912 lam:0.3000 lr:2.30e-03
2026-05-11 01:24:15,381 PAT.train INFO: Epoch[78] Iter[240/566] loss:2.505 reid:1.793 pc:0.011 cam:0.700 cam_acc:0.710 ID_acc:0.911 lam:0.3000 lr:2.30e-03
2026-05-11 01:24:46,138 PAT.train INFO: Epoch[78] Iter[300/566] loss:2.504 reid:1.792 pc:0.012 cam:0.701 cam_acc:0.710 ID_acc:0.913 lam:0.3000 lr:2.30e-03
2026-05-11 01:25:16,892 PAT.train INFO: Epoch[78] Iter[360/566] loss:2.497 reid:1.783 pc:0.011 cam:0.703 cam_acc:0.709 ID_acc:0.916 lam:0.3000 lr:2.30e-03
2026-05-11 01:25:47,679 PAT.train INFO: Epoch[78] Iter[420/566] loss:2.478 reid:1.765 pc:0.011 cam:0.703 cam_acc:0.710 ID_acc:0.919 lam:0.3000 lr:2.30e-03
2026-05-11 01:26:18,455 PAT.train INFO: Epoch[78] Iter[480/566] loss:2.468 reid:1.754 pc:0.010 cam:0.704 cam_acc:0.709 ID_acc:0.920 lam:0.3000 lr:2.30e-03
2026-05-11 01:26:49,567 PAT.train INFO: Epoch[78] Iter[540/566] loss:2.463 reid:1.747 pc:0.010 cam:0.707 cam_acc:0.708 ID_acc:0.923 lam:0.3000 lr:2.30e-03
2026-05-11 01:27:01,984 PAT.train INFO: Epoch 78 done. lambda_eff=0.3000 cam_acc=0.708 Time/batch:0.515s Speed:62.1img/s
2026-05-11 01:27:33,738 PAT.train INFO: Epoch[79] Iter[60/566] loss:2.480 reid:1.771 pc:0.017 cam:0.692 cam_acc:0.715 ID_acc:0.923 lam:0.3000 lr:2.21e-03
2026-05-11 01:28:04,437 PAT.train INFO: Epoch[79] Iter[120/566] loss:2.496 reid:1.794 pc:0.016 cam:0.686 cam_acc:0.718 ID_acc:0.914 lam:0.3000 lr:2.21e-03
2026-05-11 01:28:35,263 PAT.train INFO: Epoch[79] Iter[180/566] loss:2.509 reid:1.799 pc:0.018 cam:0.693 cam_acc:0.715 ID_acc:0.910 lam:0.3000 lr:2.21e-03
2026-05-11 01:29:06,098 PAT.train INFO: Epoch[79] Iter[240/566] loss:2.500 reid:1.784 pc:0.019 cam:0.697 cam_acc:0.712 ID_acc:0.912 lam:0.3000 lr:2.21e-03
2026-05-11 01:29:36,887 PAT.train INFO: Epoch[79] Iter[300/566] loss:2.493 reid:1.773 pc:0.019 cam:0.702 cam_acc:0.708 ID_acc:0.914 lam:0.3000 lr:2.21e-03
2026-05-11 01:30:07,677 PAT.train INFO: Epoch[79] Iter[360/566] loss:2.485 reid:1.766 pc:0.019 cam:0.700 cam_acc:0.709 ID_acc:0.916 lam:0.3000 lr:2.21e-03
2026-05-11 01:30:38,459 PAT.train INFO: Epoch[79] Iter[420/566] loss:2.481 reid:1.756 pc:0.019 cam:0.706 cam_acc:0.706 ID_acc:0.920 lam:0.3000 lr:2.21e-03
2026-05-11 01:31:09,340 PAT.train INFO: Epoch[79] Iter[480/566] loss:2.475 reid:1.749 pc:0.018 cam:0.707 cam_acc:0.706 ID_acc:0.922 lam:0.3000 lr:2.21e-03
2026-05-11 01:31:40,227 PAT.train INFO: Epoch[79] Iter[540/566] loss:2.462 reid:1.737 pc:0.018 cam:0.707 cam_acc:0.706 ID_acc:0.924 lam:0.3000 lr:2.21e-03
2026-05-11 01:31:53,194 PAT.train INFO: Epoch 79 done. lambda_eff=0.3000 cam_acc=0.707 Time/batch:0.515s Speed:62.1img/s
2026-05-11 01:32:24,784 PAT.train INFO: Epoch[80] Iter[60/566] loss:2.433 reid:1.732 pc:0.008 cam:0.693 cam_acc:0.714 ID_acc:0.924 lam:0.3000 lr:2.12e-03
2026-05-11 01:32:55,593 PAT.train INFO: Epoch[80] Iter[120/566] loss:2.482 reid:1.770 pc:0.009 cam:0.703 cam_acc:0.705 ID_acc:0.922 lam:0.3000 lr:2.12e-03
2026-05-11 01:33:26,406 PAT.train INFO: Epoch[80] Iter[180/566] loss:2.495 reid:1.788 pc:0.007 cam:0.700 cam_acc:0.710 ID_acc:0.915 lam:0.3000 lr:2.12e-03
2026-05-11 01:33:57,227 PAT.train INFO: Epoch[80] Iter[240/566] loss:2.493 reid:1.784 pc:0.006 cam:0.703 cam_acc:0.708 ID_acc:0.916 lam:0.3000 lr:2.12e-03
2026-05-11 01:34:28,044 PAT.train INFO: Epoch[80] Iter[300/566] loss:2.490 reid:1.783 pc:0.006 cam:0.701 cam_acc:0.707 ID_acc:0.918 lam:0.3000 lr:2.12e-03
2026-05-11 01:34:59,022 PAT.train INFO: Epoch[80] Iter[360/566] loss:2.488 reid:1.776 pc:0.005 cam:0.706 cam_acc:0.706 ID_acc:0.920 lam:0.3000 lr:2.12e-03
2026-05-11 01:35:29,948 PAT.train INFO: Epoch[80] Iter[420/566] loss:2.479 reid:1.768 pc:0.005 cam:0.706 cam_acc:0.704 ID_acc:0.922 lam:0.3000 lr:2.12e-03
2026-05-11 01:36:01,086 PAT.train INFO: Epoch[80] Iter[480/566] loss:2.468 reid:1.755 pc:0.005 cam:0.708 cam_acc:0.704 ID_acc:0.924 lam:0.3000 lr:2.12e-03
2026-05-11 01:36:32,066 PAT.train INFO: Epoch[80] Iter[540/566] loss:2.458 reid:1.742 pc:0.005 cam:0.711 cam_acc:0.702 ID_acc:0.926 lam:0.3000 lr:2.12e-03
2026-05-11 01:36:45,156 PAT.train INFO: Epoch 80 done. lambda_eff=0.3000 cam_acc=0.703 Time/batch:0.517s Speed:61.9img/s
2026-05-11 01:36:45,156 PAT.test INFO: Enter inferencing
2026-05-11 01:39:59,911 PAT.test INFO: Validation Results
2026-05-11 01:39:59,911 PAT.test INFO: mAP: 79.7%
2026-05-11 01:39:59,911 PAT.test INFO: CMC curve, Rank-1  :89.1%
2026-05-11 01:39:59,911 PAT.test INFO: CMC curve, Rank-5  :97.5%
2026-05-11 01:39:59,911 PAT.test INFO: CMC curve, Rank-10 :98.9%
2026-05-11 01:39:59,911 PAT.test INFO: total inference time: 194.75
2026-05-11 01:39:59,913 PAT.train INFO: =====saving epoch: 80=====
/home/alumnos/e558708/.conda/envs/pat/lib/python3.10/site-packages/torch/nn/init.py:412: UserWarning: Initializing zero-element tensors is a no-op
  warnings.warn("Initializing zero-element tensors is a no-op")
using Transformer_type: part token vit as a backbone
using stride: [16, 16], and patch number is num_y16 * num_x8
using drop_out rate is : 0.0
using attn_drop_out rate is : 0.0
using drop_path rate is : 0.1
Resized position embedding from size:torch.Size([1, 197, 1024]) to size: torch.Size([1, 132, 1024]) with height:16 width: 8
Load 297 / 299 layers.
Loading pretrained ImageNet model......from /media/DiscoLocal/IPCV/UE-ReID/Part-Aware-Transformer-main/model/jx_vit_large_p16_224-4ee7a4dc.pth
===========building our part attention vit===========
2026-05-11 01:40:20,688 PAT.train INFO: Number of parameter: 304.27M
Loading trained model from models/./exp19_dann_n2/part_attention_vit_80.pth
load weights from part_attention_vit_80.pth
2026-05-11 01:40:22,086 PAT INFO: => Loaded UrbanElementsReID
2026-05-11 01:40:22,087 PAT INFO:   ----------------------------------------
2026-05-11 01:40:22,087 PAT INFO:   subset   | # ids | # images | # cameras
2026-05-11 01:40:22,087 PAT INFO:   ----------------------------------------
2026-05-11 01:40:22,087 PAT INFO:   query    |  1088 |    11175 |         3
2026-05-11 01:40:22,087 PAT INFO:   gallery  |  1088 |    11175 |         3
2026-05-11 01:40:22,087 PAT INFO:   ----------------------------------------
2026-05-11 01:40:22,087 PAT.test INFO: Enter inferencing
2026-05-11 01:43:37,483 PAT.test INFO: Validation Results
2026-05-11 01:43:37,537 PAT.test INFO: mAP: 79.7%
2026-05-11 01:43:37,537 PAT.test INFO: CMC curve, Rank-1  :89.1%
2026-05-11 01:43:37,537 PAT.test INFO: CMC curve, Rank-5  :97.4%
2026-05-11 01:43:37,537 PAT.test INFO: CMC curve, Rank-10 :99.0%
2026-05-11 01:43:37,537 PAT.test INFO: total inference time: 195.21
saving final checkpoint. Do not interrupt!
done!
