imageName,Corresponding Indexes
000001.jpg,1110 2585 2112 1204 2324 2737 940 1041 1343 949 1949 1768 971 43 941 84 450 2353 781 104 1922 594 2583 1123 2084 2025 2652 219 2683 2148 627 2057 494 1874 2291 1840 1223 574 647 934 849 686 2286 2657 1777 689 310 335 481 1866 2491 2328 245 1772 225 2424 735 945 2788 1038 1704 835 2639 238 2161 1092 1004 351 2497 198 1754 482 1458 785 1616 2386 1532 568 2688 61 2582 804 331 2421 1820 1501 944 192 418 1787 2724 1344 1899 2649 207 2076 2419 977 146 179
000002.jpg,411 1456 877 31 968 1284 2528 2370 567 118 2081 2627 1568 1644 2044 2027 326 1052 1910 2680 2711 2264 2103 2715 2306 1935 809 2305 808 2083 924 1463 1729 2098 1029 2789 1429 2681 1657 585 928 890 2629 1920 2511 813 1823 1854 1145 754 1400 64 1305 85 599 2545 2249 1461 1606 2745 2190 2799 897 871 382 1554 602 2501 1093 2689 2747 1614 1547 33 778 1996 205 983 2798 1109 1063 1066 413 2611 1791 1873 2232 1673 2101 328 705 2034 1042 2042 998 2594 2778 2674 224 2041
000003.jpg,2548 1589 1904 2744 2615 2566 424 1187 398 86 2503 2728 1733 261 2125 135 2413 2295 520 1478 1269 1275 1448 2408 19 713 2354 1867 1529 1722 2506 1929 2390 1849 2215 1130 1147 2224 2294 1944 165 2403 2447 2123 1485 985 1443 53 560 707 2107 409 1346 1767 775 308 738 272 1687 1420 1805 1075 15 1206 2080 691 1055 1222 2214 831 232 876 1120 1578 581 1553 80 1298 1453 800 1113 2078 1459 67 767 2838 2315 1810 1434 1839 440 1518 1938 739 1994 2492 2393 1068 2291 2683
000004.jpg,1703 653 2248 1464 2813 1937 2382 948 2230 959 2552 1866 689 335 310 481 686 2286 1777 2657 934 849 2141 2353 971 1041 43 450 1768 594 1949 1204 2585 949 84 1110 2324 941 2737 1343 1922 104 781 940 2112 1123 146 1038 1754 1772 2386 198 1616 1704 735 238 1458 785 168 351 1004 2497 2424 2328 225 245 2788 2639 945 2491 835 1899 2470 1092 2161 482 440 45 1592 137 2396 1347 1121 1170 2130 2678 2052 2582 1255 152 398 2503 1391 1113 1708 2814 139 2728 1274 1864
000005.jpg,2449 1843 1091 439 643 305 715 1797 495 2565 1500 1332 2011 2505 2465 2326 204 510 1502 2726 2168 294 138 2616 2481 1694 1318 1140 2401 40 1303 1026 1378 1176 2521 2018 636 1078 2284 1471 2203 457 1232 423 2162 312 1401 1220 1612 2146 160 2128 2765 456 2019 1405 736 1048 478 740 628 840 2550 1543 1923 317 1353 2643 217 2285 122 2265 2632 2635 1507 2288 2213 2335 2030 2547 2351 1503 2177 1540 1281 230 778 1096 936 789 363 1744 252 2311 1556 1021 2289 324 501 1813
000006.jpg,64 873 752 1743 2784 2481 1156 2401 309 1294 294 2661 400 1919 2616 2168 2011 736 1791 1446 1353 1932 1502 230 1556 1873 2764 651 1324 113 2239 187 920 2073 2155 2019 163 2284 1637 1248 1329 824 1593 217 122 1716 2556 1883 2550 2778 2584 1531 1836 328 2781 362 643 2440 2037 1549 2625 2589 2388 2818 741 951 2638 851 799 1822 2547 2335 241 1378 2289 1841 449 2040 989 898 46 1050 1500 2478 1857 1715 1162 510 1411 1063 1257 2128 2146 1971 1694 495 2162 2515 160 928
000007.jpg,1531 2556 2478 2661 748 278 951 2818 1553 1756 1839 1815 741 1699 227 898 1822 1549 1411 528 1430 1446 2778 1294 1162 1324 1833 2388 790 311 2077 2777 2833 372 875 492 2090 1118 436 887 200 299 1009 2484 1715 1744 1972 2584 1791 2273 2412 1593 1166 1257 90 508 25 1050 364 889 2455 2561 952 264 2726 1706 1295 1021 927 1156 1338 2666 799 114 2036 113 1942 2236 180 399 1063 2126 380 1692 928 2284 2469 1883 655 731 654 1655 2488 1831 187 1159 1932 2040 1881 2481
000008.jpg,1114 578 2509 2378 1012 249 684 1323 2334 2462 1582 1430 475 1767 502 723 1359 2601 2471 103 539 725 1752 2149 1107 1821 1720 284 702 1340 931 1908 1830 848 126 688 990 297 1845 2624 1643 1235 1711 2090 654 655 2236 1692 1881 2584 1411 2016 1608 721 2320 927 1984 1826 1975 1810 1312 247 995 1918 1613 2210 2690 202 783 782 1018 250 39 334 1406 6 65 98 640 4 910 903 768 1451 862 589 581 200 618 1361 2114 1577 1357 1413 2121 522 664 2520 601 2240
000009.jpg,498 375 1232 117 1659 337 425 2625 1032 2037 1225 2303 2162 2643 138 2128 2521 2103 204 2567 510 2193 1078 636 1843 602 740 508 2014 2124 160 1401 2770 1332 2203 1998 1771 736 2168 40 2109 526 2326 2751 2284 1326 2616 2146 1694 1742 2018 495 2481 294 2011 1021 1744 2726 1654 1502 1354 9 1892 2049 919 772 1674 189 1661 1695 1677 20 1287 670 851 643 609 1408 813 235 1433 2789 2228 1927 1162 1568 2501 1666 163 766 892 1117 167 2153 509 2589 479 244 230 2457
000010.jpg,2386 785 2424 1772 1616 1458 238 482 2639 198 835 2497 1004 1092 225 735 1704 2788 351 1754 245 1038 2491 2328 2161 945 971 1204 1768 2652 647 2583 2291 43 84 2084 2057 494 941 949 2112 940 2683 2585 2737 1110 627 574 2025 1874 1949 2324 219 2148 1343 1840 1041 1223 934 849 594 2353 450 104 781 1922 1787 2076 2649 2688 1208 2724 2419 1146 179 1532 977 1344 2542 568 689 1866 481 2657 335 2286 686 1777 1123 310 1820 944 1501 173 2498 1369 1172 161 201 2309
000011.jpg,1637 1329 1766 1889 2588 1056 2404 1061 744 1701 252 49 2311 553 160 1716 1952 2808 163 388 1201 1556 204 2162 2841 2531 1743 1932 2643 2810 815 592 138 1404 2155 1281 2335 2055 1063 1879 1530 2274 2574 1632 2351 2839 2060 1024 1339 337 1688 2177 609 1503 2632 2779 2346 506 466 2821 227 608 220 1356 175 1789 2762 2265 1543 402 1050 1844 565 1383 1797 957 2232 1023 312 1314 847 1337 2597 1883 1576 2790 675 2816 367 1795 2674 1934 383 2285 1823 1808 1089 2594 1100 2799
000012.jpg,808 2098 2537 2747 2627 722 2511 1052 1047 2103 897 2081 1188 85 1907 118 1791 2097 2065 1547 834 567 2778 827 1873 599 1606 2573 2570 1764 2795 1304 2789 309 400 2661 1145 147 2246 1324 449 20 250 2481 1898 507 2042 1059 17 328 924 205 2317 71 2044 1644 1463 2545 1167 2681 1677 2595 411 2750 1044 246 2452 2818 951 1305 2555 1277 2501 2249 680 638 1913 2168 1286 666 2296 60 1524 1741 1445 2370 1593 1502 780 2674 2738 2466 2357 1119 705 547 556 1099 1554 1865
000013.jpg,398 2503 2728 985 713 2107 2125 849 934 67 1639 2393 245 1038 1754 2328 2788 1616 945 1458 2491 351 238 735 2639 1704 2424 835 225 785 482 2161 1092 2386 1772 2744 198 2497 1113 1004 1703 173 1147 2506 1185 2230 1864 1123 959 1819 767 2141 2315 2657 335 201 161 2552 2353 2606 594 1388 882 1866 481 2309 2583 1110 104 1041 2025 1578 971 2380 2084 781 2652 627 1922 2286 1901 941 84 686 2683 1172 1236 1840 965 2769 1777 219 1949 404 2148 2585 43 450 1768 647
000014.jpg,739 1839 1434 1298 1553 1578 80 1805 1740 903 768 1187 1275 1929 2615 65 2224 1717 862 760 2165 2775 2016 2668 199 995 2078 726 2295 2413 1448 1478 1747 1384 1442 1068 1528 1821 126 1243 1720 688 1107 1908 297 848 702 725 581 284 1810 931 1359 1340 990 1830 730 723 1235 1881 1379 539 2624 1845 2492 1931 2744 19 2566 520 1733 424 1849 2390 1269 1722 1529 1867 135 2408 2149 2354 2236 655 1692 654 783 2276 247 1413 1451 1627 2676 1499 2344 1361 1864 589 2114 455
000015.jpg,2709 2254 357 1690 457 2754 1734 2233 517 1523 1538 1260 462 2019 1169 2780 2336 1226 2136 2394 393 2383 1244 2099 1025 1278 1194 2630 85 495 2651 2347 2297 1332 1790 935 2627 38 1034 2222 1416 307 1308 443 2501 793 2058 794 2832 2586 1027 1259 2192 2071 1090 396 586 230 1286 1763 2605 570 836 1995 2211 2129 2623 1425 808 736 373 448 922 1765 2750 449 1520 1517 1006 567 2684 2212 1327 2176 728 397 55 2641 1467 993 575 642 1926 2167 1082 83 2758 312 2368 845
000016.jpg,2662 2417 683 2180 47 2372 2212 1327 1548 2714 2343 2340 1645 1043 2461 632 1990 2422 1604 2352 1828 2268 1618 1800 1567 1936 2194 288 2707 1571 2317 2781 2418 1698 661 205 1859 1714 1865 1237 2428 663 2648 1790 2721 491 229 459 511 1188 600 2642 217 2623 122 448 2791 1015 1560 1610 2446 2118 1981 2096 1227 2650 1533 2100 685 1894 412 210 444 2030 1991 2135 2713 2095 2213 2260 2253 973 423 1469 317 51 195 228 857 1727 2523 1838 269 576 2192 2071 1584 1861 1517 1060
000017.jpg,1415 738 174 399 921 633 1165 503 2599 1250 938 841 1439 72 1725 2636 2378 2387 73 2775 711 1740 172 2009 726 334 981 173 2362 2320 2051 1902 1088 1442 1784 2276 947 896 2837 2302 437 1233 2366 347 1617 2055 2 1412 208 191 521 293 1839 1541 453 1206 2669 1420 2220 1553 1519 1555 65 532 2028 903 768 1628 75 1197 1010 475 1434 654 2064 1692 826 1881 2236 1486 1775 655 1499 1298 639 368 671 2344 2676 2010 431 2312 970 524 1627 489 1468 2564 1151 80
000018.jpg,1165 2051 2387 903 768 1137 2028 532 72 123 671 65 1555 293 2320 2362 254 2219 697 1512 932 2533 334 2378 696 1519 2539 921 1956 841 1310 503 938 1250 173 633 2302 347 1233 437 1439 2038 208 738 1415 2843 760 395 174 2276 1553 2 1938 2482 981 896 2349 1160 1740 2280 522 2702 2000 2185 698 399 1721 191 2775 2315 923 1442 711 2172 2787 2304 1499 1775 1769 2716 199 1394 726 614 1418 1759 1557 950 2671 2636 1115 2078 1175 1427 529 1902 2323 2540 251 767
000019.jpg,525 2500 313 559 1437 1870 408 2181 2142 1710 2164 1127 815 621 2089 1307 1563 59 466 1827 587 523 2283 505 1296 348 49 847 2470 2626 1339 1486 168 171 1555 1313 2574 2021 1190 2526 290 2827 2531 596 2035 268 1780 1035 2445 1282 356 1899 2091 296 1967 2055 1623 323 1362 992 2046 1275 657 1738 2111 2179 1184 2441 420 148 2348 2558 1397 75 1725 751 1139 1605 1953 2220 2669 617 1931 2173 1487 1789 558 2279 165 1439 2236 2768 654 1197 2720 368 1010 1839 496 1692
000020.jpg,898 1549 741 2556 1822 2134 790 2455 264 1159 2013 2633 234 2778 46 2818 951 1531 1964 1324 1401 372 1815 1294 90 1863 1446 892 803 522 2387 2140 276 718 988 79 1976 143 193 317 2771 1122 961 1373 2524 2104 273 1242 2065 2722 2003 1037 2070 2219 853 1137 99 2097 792 1215 1366 2226 573 2710 1514 2727 2719 2658 346 930 1162 1769 1479 1211 1209 432 982 1441 763 405 758 1793 89 1129 2614 403 2811 1660 2255 2363 2635 1619 2460 2092 1982 557 1539 955 2319 1256
000021.jpg,1212 329 948 1464 653 1937 2382 2248 2813 2744 1864 1819 959 2230 1473 2552 1578 2470 1703 126 2838 420 2348 1738 1908 2179 688 1605 1184 1953 1397 1235 1139 2624 990 848 297 702 148 1845 1107 1340 931 1830 1821 1720 284 849 725 146 2558 934 539 723 751 1359 2149 767 2583 69 909 67 398 257 320 1038 2315 2657 1754 338 2503 1616 335 1866 1969 1391 2299 2353 882 1922 1466 1199 594 1041 161 1511 781 2788 1170 201 838 231 627 835 828 86 945 2772 1949 662
000022.jpg,38 2437 922 2222 1790 1025 935 1278 71 1277 2555 2547 2167 333 1286 2336 2099 396 824 1836 836 2394 1260 1034 1995 1525 1538 2627 2750 793 1304 2758 1502 1259 570 2071 2595 443 2192 2571 1661 827 2254 1090 357 556 642 2058 2168 2791 131 1607 1727 448 2623 1629 1765 2605 2573 2212 1327 1425 2642 1308 185 230 217 122 2684 2368 16 1763 1108 1467 993 1188 1734 2233 1517 1625 2481 307 2317 1690 449 586 2268 728 736 2176 397 55 953 2641 2096 1044 787 1919 810 17
000023.jpg,1504 222 2494 755 1436 1687 128 2655 914 1137 2359 2219 2099 254 2342 145 1129 1512 1094 522 2 1037 2387 1715 2571 276 745 1938 2539 325 604 1510 601 1721 696 1753 2742 1594 2218 2519 614 2718 2533 1519 293 1876 65 1403 780 2157 2482 1577 717 845 1357 2320 164 2325 2702 1956 212 92 354 1346 2203 1098 330 373 549 1462 2006 2697 12 1526 2019 2349 2516 2079 60 2038 44 144 803 490 550 2051 2824 2364 687 369 1600 724 1460 903 768 664 2829 123 390 2598
000024.jpg,1870 525 313 2500 2574 559 1437 466 1339 2181 523 49 815 1827 587 171 2283 847 505 408 2142 1710 2531 2055 1766 220 2594 1127 337 592 1952 2808 621 2164 1307 2021 744 1555 388 1889 1337 2626 1296 1201 2089 59 2696 553 1061 1383 2404 1563 141 348 1808 1701 2470 1190 168 367 1879 2155 175 1404 1182 1726 1844 506 1795 1024 1056 252 257 1637 1329 2597 909 2311 2588 1688 2274 1789 800 383 675 1313 1486 2819 648 535 1991 1975 1576 1023 2674 2799 1089 1100 1934 1364
000025.jpg,504 27 1042 377 1354 1646 582 572 1579 2037 2625 2666 1892 820 2577 1230 1680 2529 754 339 1108 1963 1088 1031 2369 50 746 2189 633 793 233 2238 2256 625 2584 1883 1929 2747 2377 185 679 328 1811 1981 2155 1248 2778 643 2098 2461 401 1880 1876 1527 1186 367 2438 407 2317 1716 600 250 2627 1562 2440 734 46 162 2727 2720 1435 2645 766 567 175 60 2770 1996 1210 1863 1571 808 928 2719 1533 916 1370 9 2044 1644 1828 1657 1058 453 2835 1093 1314 983 1939 757
000026.jpg,255 1022 894 1632 2060 108 822 430 2467 2105 1376 592 1789 1970 1896 2177 1503 1164 216 2407 2199 181 1662 2181 766 649 363 1918 805 2794 815 1303 643 252 2311 46 2632 138 2841 68 1019 2144 2531 1889 2427 2821 2398 2594 2445 1018 2611 782 189 561 2690 356 1282 1927 2704 2643 1993 2526 1852 419 1882 1433 63 2073 983 920 609 290 2301 699 1885 585 389 1317 1330 2079 346 2173 1032 476 1176 1024 403 1026 636 2811 1078 160 1824 1275 2153 2094 113 1612 936 1109
000027.jpg,2025 2084 2148 2652 219 1840 647 2683 2291 1874 574 1223 2583 627 2057 494 971 1110 43 1768 1041 1949 2112 1343 1204 2737 949 84 940 941 2324 2585 1754 1038 1458 2386 1616 785 2788 198 2497 238 1004 2328 2424 835 1704 2161 2491 351 1772 945 245 735 225 1092 482 2639 2649 179 1146 977 2724 2076 1344 2542 1208 2419 2353 594 104 1922 781 450 1123 934 849 2421 331 804 2582 1866 689 335 481 310 2657 173 1777 2286 686 925 568 2688 1417 1532 1787 1561 882 1821
000028.jpg,1250 938 921 503 633 1165 2064 399 73 1541 2599 72 2636 172 2009 738 1415 174 1347 1121 1708 1170 2560 2087 2276 2378 1439 2088 173 896 191 2734 437 1233 347 550 1581 354 1635 1020 1454 1016 2366 330 1403 1875 2302 453 640 1577 2362 1628 98 925 1417 2157 331 804 2421 1442 13 2051 1784 196 334 353 995 208 2649 179 2724 489 1627 2387 2676 970 2010 2344 1468 524 2419 1146 762 977 2564 1208 639 2312 2542 1151 2076 2 2055 1344 1902 2220 1412 74 2669 1715
000029.jpg,1097 1912 2288 2281 372 159 1293 564 1818 1647 1972 2402 807 737 2687 39 1084 926 820 2062 454 789 1221 721 1021 265 364 1916 1312 1254 1603 285 952 1831 1655 1975 275 2561 1591 1472 23 200 1881 2061 684 475 655 654 2236 1692 2690 1706 1018 782 1537 927 2726 1091 464 1822 2810 2346 2478 2666 2040 436 1143 326 2388 1971 1593 2729 341 1281 125 1297 2520 1080 1918 2171 546 582 1335 910 1683 1723 1402 783 6 2602 206 1230 247 650 1354 270 2210 2378 629 2114
000030.jpg,924 740 20 167 1232 602 2573 728 397 55 2641 2176 1104 2041 40 1530 2789 2711 2305 2501 2750 1998 2193 2237 2770 1744 138 1183 508 2643 2011 2521 2086 2681 556 2162 350 2168 2511 871 636 2326 160 204 1078 510 1332 2228 1854 1400 1661 2481 1401 2398 2832 834 1502 2726 2816 2708 412 2128 772 2284 2146 2550 1939 1677 2616 1694 1396 2203 736 2018 1843 2257 507 2109 495 2565 2094 189 294 1111 2632 2571 1742 888 1979 1028 2234 2159 1892 2360 63 487 2555 1021 1277 1963
000031.jpg,1721 2482 2280 371 2376 2329 321 532 2028 1406 2315 2772 2716 1938 1499 1553 1775 2150 381 903 768 760 767 671 1594 1555 2 65 2038 724 1075 60 254 826 123 53 378 1753 947 601 36 2702 1609 1054 2020 1969 1511 431 858 1905 1005 1886 1725 1617 2837 145 2151 2078 1966 1253 521 1897 1747 199 978 1148 623 2165 2838 1045 1810 1490 2276 92 1012 1715 173 769 2720 80 1068 2746 1243 2290 1717 828 112 1379 2413 1422 2295 1298 2668 1518 415 1094 2744 201 2224 1478
000032.jpg,2455 264 1009 2484 1338 1159 837 2384 431 1888 1053 299 2187 2486 667 2833 748 2371 438 2412 1531 278 1166 2273 1156 2198 2561 1411 799 82 1582 475 1815 323 1711 2834 2077 2777 951 2818 1087 90 280 1667 1124 2576 1522 1660 1861 927 2575 2762 349 389 2584 891 2350 1551 2346 2478 1 1324 1839 1377 2036 2026 155 113 1916 2206 1675 2635 2418 2356 2269 436 2327 1439 1312 2223 617 426 1472 634 2436 130 372 2158 2301 1480 2208 1975 291 2051 2063 1292 223 200 1597 1842
000033.jpg,1601 496 1623 2046 1362 992 2220 2669 1881 1010 1197 655 1692 2236 654 1035 1139 1953 1738 420 1397 2348 1605 148 2179 2558 1184 75 751 2526 290 165 431 74 589 1931 368 2592 1561 1961 2480 2768 2655 1158 1717 622 2439 1710 1788 1839 323 2322 2445 1672 617 1439 2142 268 2091 1967 408 1282 296 356 1488 759 1485 684 270 2115 2620 531 348 1312 1658 730 1899 1486 2827 1782 2250 1296 677 247 2704 1563 1313 168 2582 338 1466 1012 1536 1725 136 2826 169 1384 2628 1602
000034.jpg,2582 974 1757 1960 1365 1199 2242 1693 2656 1899 2558 751 1397 420 2179 1738 148 1184 2348 1953 1139 1605 1255 440 934 1506 849 303 986 2084 2583 2652 219 2491 2328 1110 2148 945 245 735 2424 2025 1772 627 1840 2585 2353 225 2112 1038 450 2683 2788 351 1704 1092 2161 238 1004 2057 2291 2737 1223 940 1874 1204 2639 198 2497 2324 494 1041 574 1343 949 594 647 835 1922 781 1754 104 1949 482 43 971 1123 84 941 785 1616 2386 1768 1458 257 2485 909 1726 2580 86
000035.jpg,2665 1118 2840 2753 1271 151 1418 2414 1177 107 1649 121 2604 1101 1295 1168 1299 569 536 1822 634 901 1058 553 2093 2517 2068 1268 1921 839 2438 1793 528 2067 193 1724 1081 2388 2289 2024 579 1752 975 2618 696 2793 402 1266 1755 1099 220 2515 130 2568 1399 2550 391 916 682 1140 1249 1049 1521 1588 1546 2011 2333 2379 1143 2488 936 2265 7 964 955 1497 2225 2069 2559 608 2467 2465 2505 1507 445 1516 2217 1942 346 2682 2717 1356 2335 698 763 2590 1663 786 1555 1656
000036.jpg,1772 1004 2491 2328 198 945 735 238 2424 2497 2788 1092 245 351 2639 1038 785 1704 1754 225 1458 835 2161 482 2386 1616 2585 1110 2084 219 949 1204 2737 2652 2583 1840 940 2112 43 1343 2148 2324 1041 627 971 494 2683 2057 1874 2025 647 574 1223 2291 1768 941 1949 84 934 849 450 2353 1787 104 781 1922 594 2649 2724 2076 2419 179 1532 977 1208 1146 2542 568 2688 1344 1123 310 689 686 2286 1777 481 2657 335 1866 1820 1501 944 173 1369 1172 2309 161 860 201
000037.jpg,2583 219 627 2084 2652 2148 1840 2025 2683 1874 1223 647 494 2057 2291 574 1110 43 971 2585 2112 1343 2324 2737 940 949 1768 1204 84 941 1041 1949 2788 2491 2328 1458 835 945 1772 785 198 2497 735 1004 2386 2161 238 351 245 1092 1704 2424 1038 1754 225 1616 482 2639 2649 179 977 2542 2724 2076 2419 1146 1208 1344 1123 450 104 2353 594 1922 781 934 849 804 331 2421 2582 689 335 1866 2657 310 481 173 686 2286 1777 925 568 2688 1417 1532 1787 1561 161 201
000038.jpg,415 911 904 2133 623 978 2007 769 1158 2626 2544 674 433 1253 563 724 1046 1586 2732 1414 906 1636 1148 1045 109 1897 855 1966 2280 1054 1490 1634 2667 2287 2660 1965 2815 1535 832 800 2376 2329 321 535 1499 1775 1313 231 2307 2670 2151 178 1393 1518 606 1261 882 1218 2241 1747 199 259 2078 2380 1236 972 2309 2017 1005 201 1422 1901 2628 404 1388 1799 965 2826 161 1424 260 2606 1172 966 2200 712 1819 1864 2769 2290 2746 2020 811 112 1309 2480 1444 2836 2734 2050
000039.jpg,1335 1723 2810 1281 2346 2806 1591 2690 1018 782 1730 2061 1021 1918 1143 2726 1857 1472 1831 1655 1297 1822 125 927 721 807 1593 2687 326 1975 1312 454 684 1706 952 2062 737 200 1972 789 654 2666 655 39 2171 1647 2236 1692 1881 1916 2729 564 341 1818 475 926 2478 650 2388 464 2288 2040 2402 364 1097 436 1971 1912 227 372 1984 2157 2411 2790 2113 452 631 1405 407 581 2717 1826 2762 2634 1643 2055 1180 1186 2238 2035 1983 2378 561 1896 2285 1503 6 2177 2528 1314
000040.jpg,2545 2501 1523 2627 1568 1096 2044 1644 85 567 312 1416 778 2034 2528 1934 411 326 1948 1134 1926 2129 31 1729 2454 483 118 2680 2027 1463 1873 2511 1734 2233 2305 1935 2711 1657 462 897 924 928 2081 1178 1584 1132 1456 2103 808 2523 585 2715 2417 683 389 269 2802 2832 1854 1547 2530 996 616 1673 1796 442 1713 2745 2190 2045 1620 2709 1624 1226 680 2472 517 1244 64 2042 416 1450 1920 2714 1690 1614 929 382 1332 1538 1063 779 2754 2630 630 2098 1400 998 1791 495
000041.jpg,1591 1176 2061 2810 2690 782 1018 1281 807 2346 454 1797 181 1472 2435 1647 939 1632 721 2060 2467 1889 927 403 2465 2505 2288 509 564 2841 609 789 1214 1171 22 643 1143 1021 63 2183 1918 1824 2766 39 2070 1312 2521 1297 125 1019 1818 2666 2643 2704 2726 1655 1831 160 1975 684 1696 737 1097 1822 46 2811 2567 475 1881 864 2153 2531 654 1401 1706 655 1692 1927 2388 2236 1593 926 1912 244 844 2457 892 1433 1078 1330 636 2478 200 1032 189 766 1970 2273 2402 1916
000042.jpg,377 504 1144 1680 336 633 1646 1579 1779 1031 1911 614 1455 1482 2671 1415 2080 2251 1975 1322 1705 1131 1254 1929 2314 334 664 711 2378 339 206 709 727 186 281 2387 39 921 2647 2006 2775 738 2593 841 2561 253 937 881 208 1243 1570 2114 1379 730 2320 1068 1984 2145 258 2250 1384 658 910 1855 865 2492 44 2341 174 2362 672 2702 365 1508 1442 1361 1312 598 2690 413 806 224 1137 475 487 589 2756 65 655 1179 2730 293 1918 654 308 1077 1198 2236 1187 2302
000043.jpg,843 2279 2308 2842 2135 2441 2111 2708 1116 1487 538 137 1422 260 1592 2569 45 1651 2785 2507 2188 2442 644 1447 2560 2087 1117 387 1560 619 1064 115 2427 2476 1076 2712 139 663 1714 1802 1852 2125 491 418 1103 207 2448 2116 120 2495 480 2079 732 335 2657 686 953 1866 1777 2286 2089 689 2498 481 310 239 1142 521 2191 997 218 1606 1127 2472 1481 68 2144 858 209 1288 2720 2173 1274 762 1598 1403 2562 699 2181 637 983 1635 2052 81 1016 2814 1875 1746 1780 1977
000044.jpg,723 1359 725 539 2149 126 688 1821 1720 297 1340 1235 990 284 1107 2624 1845 1908 702 931 848 1830 1643 995 1451 865 1693 2242 2656 828 247 1578 2084 2652 2683 647 219 2291 2025 1874 2148 1223 494 2057 574 1840 2583 627 2582 767 1123 2678 1561 949 1041 2353 1949 104 2112 2737 594 2772 98 1110 1204 941 940 640 1343 1768 43 1819 84 450 971 781 2324 1864 2585 2334 2462 1922 2016 1323 1767 69 173 589 1464 934 2382 624 1937 1170 1038 2248 1738 2813 948 1184
000045.jpg,2118 980 1227 2428 229 1015 1610 1560 687 1858 2023 1524 2184 1181 1884 967 2296 269 690 76 600 1571 2820 1828 1285 1990 1811 2466 2266 879 2460 2268 2180 2212 1327 2781 2303 47 2197 2372 2791 2194 2640 1474 1936 2422 1800 499 122 217 661 1765 1567 459 183 2071 2623 1698 2642 1790 2835 448 2030 2213 288 2253 2352 38 1548 230 16 1502 1355 1714 2613 2317 1188 663 2721 1606 1618 2707 570 685 423 166 1727 2523 793 1645 632 2182 683 2648 2417 412 317 510 1043 577
000046.jpg,1084 1912 372 159 1097 1254 1293 250 1577 2157 2099 2336 1603 275 829 820 1278 1221 285 1538 2394 1025 1537 1260 8 2043 2402 2171 1180 1972 1647 1021 38 935 1790 1683 1034 910 803 2222 2449 2520 922 1402 2167 396 2288 793 807 2238 2726 307 836 1593 1610 1884 2254 357 443 1765 1259 2727 1308 2281 2758 1995 247 737 2058 2750 853 39 1425 1189 570 2605 2192 1763 1286 2627 1520 926 2114 586 1082 1090 1080 190 2623 2368 448 783 582 2561 2478 343 1312 206 1822 750
000047.jpg,1391 2130 152 1203 1726 257 909 662 2299 11 320 231 1464 1937 948 2382 2248 2813 653 67 959 2230 1864 1819 1170 1703 1347 2050 1121 689 1473 2489 335 1866 2657 2552 594 2353 104 1777 2286 481 310 1708 450 686 781 1922 45 440 2763 2838 934 137 1592 2386 1038 2583 1616 785 482 1004 2112 1458 1110 2788 949 1949 2084 2737 2324 940 43 2328 2491 627 971 1768 84 1343 1204 2497 945 1754 198 835 1041 2683 941 1899 219 1772 2424 550 2639 2652 2291 1840 1223 2161
000048.jpg,2353 450 104 781 594 1922 1123 2050 2583 1110 2084 219 2585 949 1840 2112 2652 2025 627 2737 940 1204 2148 1343 2683 647 1041 2291 2324 494 2057 43 1949 1874 574 1223 941 971 1768 84 2582 865 440 1561 767 1172 2606 723 1388 1359 2309 2769 161 201 404 1236 1772 539 2380 965 1004 1235 945 1901 2328 245 990 126 2491 688 297 1038 2788 2424 1845 225 1720 2639 198 725 238 1092 735 848 2624 1754 1821 284 1908 482 1704 1340 2497 2149 1830 1969 1107 1511 2161 931
000049.jpg,1576 24 1826 1023 1879 388 1356 1952 2808 1201 2597 220 1688 1383 2404 1404 1061 675 1795 1337 1701 383 2574 1100 1089 553 2274 744 1339 592 2588 506 252 1889 1530 1766 2311 1056 1934 1024 2594 523 2055 1637 815 49 1329 59 337 1823 367 2816 2696 565 2181 2799 171 525 141 847 2674 1808 1182 2155 2500 313 559 1437 1983 1870 466 1891 2042 180 394 1991 1844 175 587 1827 505 2283 1364 2839 1265 2438 2841 2717 160 402 2638 2779 2265 2531 1273 2143 204 608 957 1632
000050.jpg,2470 168 1486 1899 1184 2179 2348 1605 1738 1953 2558 1139 420 1397 148 751 1127 2657 1703 335 481 686 1777 2286 1866 146 689 310 104 1041 959 2230 2353 781 1110 1922 971 137 45 594 1592 43 84 941 1949 2585 2552 1768 1204 450 2324 949 2737 1343 940 2112 2089 947 1464 329 2382 948 2248 1937 2813 653 849 934 1170 2164 2485 1121 1123 1347 1708 2582 2141 2788 2315 2328 1754 2626 945 838 1038 2491 2583 1391 1307 525 2084 559 1704 313 671 351 245 835 1458 2424
000051.jpg,38 1914 511 777 2437 922 2422 2167 1260 1894 439 2260 935 2547 1790 2523 1178 2745 2190 1098 1091 1380 2417 1548 774 1727 683 16 2202 459 669 1321 632 2095 269 1838 1205 2096 2714 685 448 2538 2623 37 1584 1525 1090 222 1996 47 2180 2791 1936 205 2212 1327 333 973 2318 1034 953 2648 1502 298 499 2261 2807 1060 821 2708 1697 619 576 661 1567 2194 1836 2247 288 687 1811 1188 793 1304 755 2043 94 2308 2171 538 663 1416 2343 1447 412 1714 642 217 2642 570
000052.jpg,1892 2346 2790 1723 2411 175 2155 1405 337 367 1766 2055 401 2037 2625 2584 1827 2283 505 587 1716 1089 1404 1100 2438 475 734 631 1248 46 1844 1952 2808 643 1883 2696 141 2400 2043 1983 1916 1743 49 1164 1335 815 607 1991 2643 9 1314 1182 1666 1808 2762 2181 1210 1789 1329 1637 466 2049 1870 1632 847 2839 171 2060 1896 138 525 2500 313 2035 1354 894 559 1437 1563 1889 1339 1826 523 2717 2574 2311 252 2162 220 2594 2799 1530 1364 227 2816 2810 1383 1281 626 919
000053.jpg,1379 1068 1243 648 519 2730 11 320 662 811 1309 1455 1779 2299 336 1442 730 855 1187 1384 1992 2492 800 191 1726 909 257 2165 1528 535 881 1005 1490 2151 112 2746 2290 67 2078 1686 543 69 1393 1717 1535 1740 832 2734 259 1424 1747 74 1929 1116 2587 1148 1897 1966 1045 1261 1218 2241 966 906 2250 2050 480 2592 1578 639 2251 2287 1203 1138 2660 828 2480 1839 1561 2669 1581 1020 589 2220 2544 904 1054 2133 1444 2836 152 2130 804 2419 1391 538 767 2076 2652 1208
000054.jpg,1452 2717 2603 1792 657 1638 668 1923 1813 2244 2779 1999 324 456 1062 1150 840 125 1297 1153 1465 2635 447 1930 1921 1103 1026 888 2004 1806 352 798 158 1879 1500 788 1069 295 984 2265 1432 1494 619 40 856 2022 107 1281 1932 134 2703 1744 2205 2841 2414 1177 2473 2840 149 262 470 1364 1685 153 1653 1140 1143 166 1712 1760 182 954 385 561 2466 1785 2002 306 1730 5 421 1333 1251 268 287 1057 110 501 645 1375 2612 467 2634 1295 129 1434 2835 2401 1315 758
000055.jpg,118 754 2711 2238 407 328 1935 48 1231 1109 31 1093 928 2745 766 1996 2190 100 2119 983 1657 2809 2454 1728 2027 2629 2715 1463 1673 504 326 1729 924 488 2627 567 2680 2305 1568 2528 2044 1920 1644 1614 585 2098 411 2095 1070 1429 218 2774 483 1370 1741 2770 1186 377 2747 757 2674 2756 2812 877 2031 572 1042 1376 1031 2195 111 1456 1608 1606 2249 453 2177 1503 2545 2257 2317 64 250 50 1088 1955 1331 1680 2199 2081 28 2369 1854 2501 2370 1846 789 1745 808 2511
000056.jpg,2685 2117 2140 1976 1834 414 2710 1514 792 1924 2496 1215 2654 763 1964 2614 2298 2255 30 2065 2015 2097 930 982 1479 432 638 79 1509 405 2727 1684 1211 2104 2524 273 1122 1242 961 193 1067 143 718 988 1252 1373 2771 277 2068 1268 1516 722 1049 461 2333 1521 2379 2757 955 2225 2559 1431 901 536 2221 2793 2003 500 2001 1216 969 2444 1546 951 7 2818 889 2755 429 127 380 1058 2023 557 1256 1539 2319 770 36 1630 1112 513 2722 1851 2482 2702 1209 2517 1769 1270
000057.jpg,767 424 2566 804 1532 2688 331 568 2421 2585 1110 43 1041 1204 971 760 949 1343 2324 2737 2112 941 940 84 1949 1768 1721 2448 418 207 61 1820 1501 944 192 2724 2649 977 179 925 2076 1369 2419 1208 2498 1146 1417 860 2542 1451 1344 450 2353 104 781 594 1922 995 1486 2315 1123 1787 259 1261 1218 2241 1627 2344 2010 970 489 2676 524 1151 2564 2312 2583 1468 2084 219 2592 2148 2652 627 2683 647 2057 1840 1874 494 2291 1011 2025 574 1223 639 826 689 2826 74
000058.jpg,2088 2560 74 2087 2592 1788 622 2655 2734 1170 1347 1561 1121 1708 1581 1020 496 1601 589 2480 1672 1403 2439 1717 1454 1016 550 1158 1875 1961 354 1635 330 2322 1485 762 1658 1011 338 1466 730 2448 387 1487 418 207 2826 1782 2628 2720 1451 2582 247 2353 192 1536 1820 1501 594 104 944 1922 450 781 1627 1468 2312 489 1679 970 2344 524 2676 136 1362 1151 1623 1123 2564 2010 1544 2046 2114 26 992 519 146 925 348 1967 1417 804 2421 1369 860 331 1041 1949 1204 2688
000059.jpg,173 1038 1458 2386 1616 2788 785 1004 2683 2328 482 1754 198 2491 2497 2583 2639 647 1772 2084 2424 835 945 627 2057 494 2291 1874 2161 2652 735 219 1840 1223 1092 574 2148 2025 351 245 225 1704 238 2737 1949 1041 43 949 2112 971 1110 1343 1204 940 2324 84 1768 941 2585 828 934 1969 1511 1123 1172 201 2309 161 882 1388 1901 2606 965 2769 1236 2380 2353 104 404 594 450 781 849 1922 503 1578 69 986 303 1506 398 2503 689 146 67 2582 2485 1693 335 2656
000060.jpg,2115 1488 2558 751 1899 2179 1397 1738 2348 2582 420 148 1184 1953 1139 1605 1371 1757 974 1365 1960 300 1199 2242 1693 2656 684 2620 1255 1433 2526 2475 440 290 2263 168 2678 1302 86 1110 450 2585 2353 2580 2112 598 940 2737 594 1506 2324 1041 1204 1343 949 104 781 303 1949 1922 2485 986 43 84 329 941 971 1768 2583 2084 219 2652 2148 627 1840 1477 2025 2683 2657 2057 2291 1874 494 106 257 689 574 686 1223 647 2286 1777 1123 146 310 2491 245 735 2328 335
000061.jpg,247 1987 2704 1312 98 1451 640 1643 1918 684 1881 654 39 2236 655 1692 2690 1018 782 995 927 910 1591 1433 1975 807 589 1083 475 2378 2114 1323 1821 1720 126 1107 848 2624 2016 1845 1340 723 297 990 1359 1830 284 725 931 1235 688 702 1908 539 2149 2210 2157 2526 290 6 502 2471 2601 103 578 1114 1577 1608 1767 2334 2462 2531 1254 206 1899 1984 1824 862 759 1413 65 2827 903 768 2435 581 1361 2509 1186 2017 2314 403 2582 806 334 1488 815 664 658 783
000062.jpg,1912 159 1084 1293 1221 2043 1603 1097 6 1683 285 820 1254 275 2288 2114 1537 2281 1189 206 39 546 2171 372 343 926 2520 2210 910 2402 1647 1972 807 629 783 281 1402 2561 1077 2509 247 1916 1697 2687 190 737 1451 1312 98 618 1230 640 502 750 103 2471 2601 475 334 658 1577 1900 1472 1021 1357 582 1831 1655 578 1114 1723 1643 1798 962 995 2378 650 564 364 1818 2510 1541 2062 1080 1323 581 589 2016 1558 2157 1482 1884 721 927 2086 1186 2314 829 1335 952
000063.jpg,2273 2412 382 2584 778 2778 2232 326 1711 1411 1582 2435 1063 998 928 1657 2455 264 299 2611 2762 2103 1568 403 807 1873 2704 1854 2711 278 1824 2833 1791 411 64 1009 2484 748 1531 1970 766 1591 189 2567 244 454 1433 1696 1376 2811 1569 1826 2152 1332 249 2153 2457 609 844 631 2183 2766 2361 1035 2561 1032 509 1472 715 475 1117 891 1488 5 1312 2531 2502 877 670 1171 1214 1012 789 1602 22 2501 759 214 1314 1632 1019 1401 1484 598 2526 2690 2060 2643 290 2037
000064.jpg,766 328 2177 1503 1376 2711 928 1657 1314 1883 1303 2162 1716 670 1970 2061 2199 1612 877 1484 1568 2105 407 1728 1955 2351 118 1996 1342 715 2238 1117 2119 789 1035 1231 1093 48 2454 2809 1569 1647 2745 2190 1109 100 1161 1513 1773 983 822 2037 2625 189 2232 847 411 2611 510 227 2674 2521 326 204 1056 1214 1171 22 1927 1854 1632 2060 2169 64 1176 2643 63 509 1032 788 2103 1889 643 160 181 2398 2567 609 138 1789 2508 2841 252 778 2311 214 2696 744 1808 141
000065.jpg,2000 1137 2219 2787 1165 646 1306 1951 2759 2546 1394 395 2051 962 70 2622 1798 545 2504 215 1900 1801 485 1759 1557 529 2540 1427 251 293 697 2323 1106 1175 2214 831 1942 2499 1115 2644 1389 254 2381 101 2533 2320 65 923 714 1519 1149 2172 614 1558 2304 2387 1721 2054 727 2378 522 1406 767 276 841 2671 29 1361 1594 1769 903 2334 768 409 2462 2 790 1114 578 1609 2362 2185 2376 1720 1821 2772 828 1107 848 284 601 1340 723 1830 760 990 931 1359 334 539
000066.jpg,146 2353 335 689 1866 594 1922 481 104 2657 450 781 310 1777 686 2286 1041 43 1949 971 84 941 1768 2324 1204 2112 2737 1343 2585 949 940 1110 1123 1899 2582 934 1170 1347 1121 1703 849 1708 1757 1365 1199 1960 974 2470 1255 653 1561 1038 1464 948 1754 2248 1937 2382 2813 1458 1616 785 2424 945 351 2084 1212 2328 1704 198 735 2491 2386 1004 2652 2497 238 1772 1840 245 2148 1092 2025 2788 225 2161 219 835 168 2639 574 482 2683 647 2291 2057 494 1874 1223 2583
000067.jpg,2536 389 692 795 1993 442 742 1317 680 1132 1126 155 2436 1495 2292 434 830 2736 1645 497 2275 1713 2407 1134 2397 2451 1586 1678 248 2301 1057 1178 943 1962 1138 1008 1055 1946 2544 108 483 905 1980 1450 603 471 1438 1673 113 1620 2454 2170 2158 2545 2660 1130 2294 1944 2598 1588 2543 2034 996 2530 2748 616 1574 2472 1796 1580 312 1707 1782 2393 1639 363 2675 1878 2073 2196 920 544 1096 2626 269 630 1624 623 978 2129 221 1067 1662 2399 2523 1617 2802 822 2417 1719
000068.jpg,164 2679 1628 2163 401 1460 369 2282 1940 2064 770 2122 177 2829 2373 1195 1155 211 2750 599 1290 1985 2631 2102 2256 2701 156 2316 1609 765 1809 2391 1305 1075 1163 1594 2653 2764 1522 359 2800 469 694 823 1642 378 1023 2 2409 1372 2663 2376 816 1832 601 145 386 1325 622 2240 1640 2818 951 1089 1788 174 1834 1905 1100 321 2329 1241 2534 1915 1085 66 1257 2307 2824 2347 2345 2297 2670 1192 2146 371 2596 676 1404 2651 178 2804 315 2074 254 1381 70 1125 1753 2757
000069.jpg,2844 342 912 2255 2614 961 1264 2731 1619 1925 741 41 234 427 414 2108 2607 1256 868 311 1735 1211 492 2786 2003 867 1209 802 513 292 893 142 2723 1154 512 2658 2384 979 2719 99 1816 1215 955 2140 2225 982 930 79 2559 1976 2364 1479 432 2266 2710 1514 405 792 2175 273 2104 1242 2001 969 763 1122 2524 2755 2460 522 2117 349 2227 1660 1431 1793 193 988 557 1851 2226 1009 2319 2517 2484 1137 1030 1338 885 667 157 2219 1549 1814 2387 2015 2065 2097 2776 1769
000070.jpg,317 892 649 2635 1401 46 1032 2092 1927 2811 305 1540 510 2070 89 403 2700 439 1091 2258 230 2128 64 1159 2825 346 899 362 1441 1841 1117 1502 90 465 1815 264 2781 2455 758 116 217 2247 122 423 1800 2030 2213 1227 1694 2094 181 2407 389 2326 2073 920 2427 967 1993 1262 419 1317 2486 695 2011 187 636 189 736 1078 740 2301 2643 1332 271 138 476 1843 1970 2168 561 822 495 939 643 1395 160 2784 551 2521 2237 352 2284 294 2467 766 506 1176 2269 2265
000071.jpg,75 2669 2220 1738 2558 420 1397 1605 1184 1953 1139 2348 148 2179 751 1362 2046 992 1623 1439 1010 1197 2445 1282 356 296 2091 2526 290 165 1035 1839 368 944 323 1820 496 431 1501 1601 1038 1616 2788 1488 2639 945 2328 1754 1004 225 2491 1881 2497 568 198 2142 2236 1967 1458 654 1931 1344 351 1787 1704 245 458 1692 1772 2386 482 655 2688 2542 238 408 2161 1532 785 835 2424 2724 2419 977 1146 2076 1092 735 2649 1208 1369 179 860 1710 1489 713 2768 2498 2592 2052
000072.jpg,1822 1118 1143 1942 90 1706 2301 2682 1159 2690 748 2093 782 125 1018 1297 927 2478 1281 1881 1655 655 1831 654 1692 2236 741 564 2729 2289 526 2515 200 1356 1472 2810 2346 952 364 2388 341 684 372 1656 2273 464 2199 1022 2061 2402 2833 454 2412 475 436 994 789 1975 271 1593 1225 1021 1342 39 1312 1771 1781 1972 721 807 1916 2821 1591 1009 2484 346 1441 2467 786 936 89 1395 2070 2062 2611 805 2794 2505 2465 1755 2011 1818 2726 2550 2666 187 2326 2036 2288 737
000073.jpg,2508 651 2721 499 2613 793 1502 167 230 2071 217 1939 122 185 510 873 2155 64 2781 20 1304 38 1981 2461 2784 2128 1743 787 810 71 2801 1749 2229 2700 1716 2030 1765 2213 1927 423 570 1883 642 1828 1694 652 2212 1327 465 1227 1790 1524 317 1032 1838 1811 1859 1248 2523 2296 2268 1804 1540 679 2481 1034 1991 2168 2110 2162 1360 412 511 1181 2317 736 1188 2642 2437 2791 2352 935 1727 1571 704 577 967 1919 16 294 1355 1043 419 2707 269 2247 1091 195 1698 2616
000074.jpg,1965 2667 109 1636 563 769 1552 2433 2007 1496 378 841 1158 1609 276 2000 904 2133 1075 1594 254 2815 2358 433 2329 321 1905 2376 1848 415 911 2362 2405 2490 1428 1600 283 1046 1160 606 1163 613 500 1414 2732 2038 417 2267 1490 2272 10 199 486 2035 531 1499 1148 1775 1045 1253 2088 194 659 2800 2307 2020 2670 1197 896 2276 178 1010 972 1151 2480 2010 2344 970 1313 2200 2676 524 2564 1627 2826 2312 489 712 1468 674 2628 727 404 1388 1518 2512 1172 123 1453 1236
000075.jpg,2084 2148 219 2025 2652 1840 647 2683 574 627 1874 2583 2291 2057 1223 494 43 971 1110 1041 2324 2112 1343 1768 2737 84 1204 949 941 1949 2585 940 785 1458 1754 2386 198 1038 2328 2788 2491 2497 1004 1616 238 945 1772 835 1092 2424 735 245 225 351 1704 2161 482 2639 2649 2724 179 1146 977 2076 1344 2542 1208 2419 2353 594 450 1922 781 104 1123 934 849 331 2421 804 2582 335 1866 689 481 310 2657 173 1777 686 2286 925 1417 2688 568 1532 1787 1561 1821 1172
000076.jpg,2289 268 1781 402 1921 2467 1022 1755 608 2265 936 2070 346 2183 1307 1507 1140 2414 1177 2821 89 107 2841 2502 2199 2550 2794 2465 2505 805 2142 408 1143 1262 1710 1356 1789 290 2611 2526 927 153 1685 1931 5 1118 1441 271 1333 526 2335 1771 1839 1225 1087 1161 1773 1513 786 2531 657 323 306 49 1843 1434 182 1711 1395 1760 1712 954 1822 1942 1342 1663 1744 2690 2237 2326 654 1376 2236 782 1018 40 994 1692 1881 1074 655 2669 110 431 2220 1656 2840 1738 1967 751
000077.jpg,44 2516 1526 406 2156 105 392 1718 1036 1079 1267 709 186 301 2341 288 544 937 2730 1779 2110 2549 1850 1131 2420 1783 2006 1682 811 1309 318 1385 543 1794 1913 1152 593 673 749 2145 302 176 78 1311 21 755 2518 336 881 2342 2543 2600 2147 1551 1498 555 62 361 1073 258 1705 648 112 2290 2746 2318 2377 878 597 1398 434 2085 1527 2415 1005 747 773 1888 1992 2423 142 2458 2609 292 1890 893 385 2519 908 2364 868 516 743 1732 681 632 2151 332 355 852
000078.jpg,229 661 2213 685 2030 1548 663 1990 1714 1698 2417 683 2194 2180 288 47 2212 1327 2268 632 2422 1645 2343 459 2118 1560 1936 2428 1015 1610 1227 1894 1914 205 1858 2100 577 1469 1571 195 511 491 600 2317 1828 1865 2372 2791 1790 973 1567 2096 412 1618 2135 2352 2446 2781 2538 217 122 1188 2642 1991 2648 1981 1533 1800 1237 2623 2253 2707 448 444 2662 2713 2721 2340 423 317 51 2650 1178 2714 1727 2514 576 2820 1043 269 1604 2523 468 1116 298 2609 2202 777 1584 1838
000079.jpg,1865 2446 2648 2623 448 412 1517 2058 993 1467 1626 1259 2605 1690 1028 2641 2234 2176 55 728 2159 2360 397 736 1694 1194 167 2820 793 2630 230 570 1090 1790 1502 1188 2317 1765 1811 2642 699 2750 1524 922 2268 205 2495 1327 2212 1640 2372 2180 47 685 122 217 2555 1277 2791 1474 1607 1567 37 2340 1548 1828 2662 459 1991 71 2721 683 1936 2422 2192 1205 510 1981 229 1629 1571 2807 2128 2417 1734 2233 2096 1727 2758 1990 2030 2213 1604 599 1305 2733 2752 87 902 590
000080.jpg,734 505 587 1827 2283 523 1339 2181 2674 1741 2527 559 1437 466 815 171 525 383 49 313 847 2500 1870 2574 2531 2594 1781 2799 1823 1789 1896 2696 141 2816 612 408 1934 2055 1844 1182 1766 220 1710 2142 621 337 1307 2164 175 1991 367 1530 2839 2819 592 1808 705 1889 2089 209 1127 2173 1023 1563 506 780 1952 388 2808 1047 1201 1637 744 59 1329 252 2311 2155 1383 1337 1296 565 1891 1576 1879 1024 2404 675 2626 1701 348 1795 2597 1404 1061 838 2365 1486 1688 2274
000081.jpg,2156 1850 1280 1526 44 2516 385 2110 2519 94 392 105 406 814 1025 301 2432 774 1152 2420 441 543 795 632 845 1581 1020 2734 1718 1992 1244 1098 318 717 755 288 773 2377 1816 544 2341 2145 2631 1520 1094 1709 1036 648 203 1682 336 516 709 2337 1043 1079 1633 2342 2204 186 16 1385 874 1913 2201 307 2006 1 756 1936 604 490 2331 2147 937 811 1309 867 2443 2243 222 2099 1321 1260 519 1082 855 1625 1527 354 869 550 330 549 212 908 1763 355 422 2730
000082.jpg,924 602 740 2041 167 20 138 2573 412 2711 189 1892 2037 2625 2501 1232 2162 2681 2643 1503 2177 1935 1401 636 1078 1854 2789 1677 2305 2521 2715 2326 1303 508 2193 1530 40 160 1998 2237 2258 1332 204 2094 2018 1744 2511 1771 510 1694 2565 2284 728 55 397 2011 2146 2176 2641 1376 561 2611 495 2398 736 1104 556 294 2128 2832 1843 1183 2726 350 2168 491 1378 1632 1502 2060 2086 2816 2228 2109 766 2821 2203 252 2311 1789 2467 2481 2616 2632 1220 1568 1400 1021 467 1194
000083.jpg,595 2406 1051 942 155 833 2262 852 1200 441 1676 1732 830 355 1495 1414 2732 256 1031 603 2420 1812 1450 2397 2170 616 1796 2131 1705 784 1779 774 2600 339 2544 1178 1620 2487 2453 1033 554 1588 533 606 332 943 336 237 881 1587 1491 2227 1678 1713 1498 1381 1119 1002 1648 2538 1379 591 1243 1068 2458 599 1959 1105 1385 1946 2085 2275 1455 2743 1073 1624 708 2764 2530 996 918 1316 1548 2063 906 442 2251 1658 652 908 571 2045 630 929 1096 666 497 674 1878 1978
000084.jpg,235 1695 2369 2782 1287 1508 791 1654 9 1920 545 479 360 542 710 54 1893 772 1000 1739 2259 813 1742 487 460 1354 2664 1681 2770 1998 50 2587 2124 1853 2647 1528 1770 2228 1545 515 1423 117 2014 660 1579 1325 711 1954 2154 375 1225 253 1384 1408 1659 498 425 2250 1641 2803 1455 337 2303 508 572 1088 915 531 2103 1565 919 1031 2812 932 2193 1367 1239 526 367 1979 1368 1370 698 69 2037 1771 2625 2389 1674 2009 300 1677 1554 2644 1892 2569 1740 2567 2751 1326
000085.jpg,2146 602 740 2711 2781 230 122 1502 217 1257 1117 64 2237 167 510 508 2128 2818 951 2681 2193 2041 2213 1227 2030 649 317 423 2077 2777 1032 439 1854 2561 1927 2700 2247 465 1540 1694 1825 1091 436 20 401 189 2427 328 736 2573 892 1744 2018 2037 2726 2625 2168 2284 495 2401 1089 1100 294 1791 1404 636 898 877 2778 1919 1078 1873 2326 2481 2019 449 2478 920 2073 1715 1568 187 491 2616 2162 2203 1332 1657 2011 2643 2511 2764 499 1935 766 1182 1166 924 1531 2071
000086.jpg,1532 2688 568 1501 944 1820 2724 2419 2076 2649 1369 2542 1208 860 1344 179 977 1146 1787 2498 804 331 2421 2112 940 2737 1110 1343 949 2585 1204 2324 971 84 1768 941 43 1041 1949 61 2639 2328 2491 1772 1004 2424 198 1616 2497 945 238 351 482 225 835 735 2788 1092 1458 2386 2161 245 785 1704 1038 1754 418 207 2448 192 2683 2652 2084 2057 2583 594 2291 104 627 494 647 1922 1874 450 781 574 2353 2148 1223 219 2025 1840 925 1417 2592 2052 2814 1123 849 934
000087.jpg,79 2104 273 2524 1242 1122 2140 1976 969 2001 2755 2117 982 930 1479 432 955 193 2225 2559 143 718 1851 961 901 513 1256 2771 1373 763 770 988 2654 1684 1539 1514 2710 792 1211 1215 1964 2298 1834 2319 557 1049 1521 2379 461 2722 2727 2614 2255 2003 1924 277 2496 1209 30 414 579 2618 2015 975 638 2065 2097 405 2517 2221 2685 1769 512 1154 528 492 429 1833 1509 1445 2658 25 1516 1793 386 2723 380 2416 1270 573 99 1067 898 2793 803 342 2844 2731 1925 1546
000088.jpg,1553 1298 80 1578 1434 739 1839 1740 1187 2615 1929 2413 1448 2295 1478 903 768 1747 1864 1819 726 2165 1717 1379 2668 2078 1243 1068 199 2775 1499 760 1775 2744 2224 1799 1897 1528 2580 1384 65 730 520 2492 1269 1442 2566 1275 19 135 1867 2482 2408 424 1722 2354 1938 1733 2390 1529 1849 862 532 2028 639 524 2676 995 2010 2344 970 1151 1810 2564 1931 489 2312 1627 1468 1012 2276 1979 1518 723 671 503 1359 458 581 539 1908 284 1406 688 173 1235 725 702 297 126
000089.jpg,1703 1464 2382 2248 1937 2813 948 653 2230 959 2552 1866 689 335 481 310 2286 686 2657 1777 934 849 2141 1041 2353 971 1949 594 43 1110 1768 104 450 1922 781 84 949 941 1204 2737 2585 1343 2324 940 2112 1123 1038 1754 1616 2386 146 2788 1704 1458 1772 351 785 835 238 1004 198 945 2424 735 2497 168 2328 245 225 2161 2639 1092 482 2470 2491 1899 45 440 137 1592 2396 1347 1170 2678 398 2503 2052 1121 1255 2130 1113 2582 1391 152 1708 2814 2728 139 1274 1864
000090.jpg,2588 1056 2311 252 1889 744 1701 1061 2404 1329 1637 49 1766 2351 1716 2162 2060 1632 160 2841 204 1201 388 609 2632 138 2643 1024 2531 815 592 1797 957 1530 1503 2177 2821 1789 181 506 1556 1844 1879 565 337 2574 1404 1339 163 608 466 1176 2274 1688 2779 2810 1612 894 175 402 1543 1743 1356 2265 2232 2521 2155 1281 1932 2839 1383 2597 1952 2808 2055 2335 2816 1576 171 1870 675 505 1934 2283 383 587 1827 220 847 1795 2285 1314 227 2762 822 2674 523 2799 509 1182
000091.jpg,49 847 2283 1827 587 505 559 466 1437 815 171 525 1339 523 313 2181 2500 1870 2574 1918 2690 782 1018 2531 2055 1281 927 1312 1789 2157 655 1881 684 1766 654 1692 2236 408 1896 475 1975 39 2810 2346 2142 1710 1984 220 734 1307 2594 2378 1186 1889 744 592 1486 2035 1808 1335 1577 98 337 2017 348 1451 640 1201 1643 388 621 1127 2164 2173 175 206 1337 1844 2089 2696 1089 1100 1952 367 1404 59 2808 141 1182 247 2155 506 806 2311 252 1637 1296 1329 1563 2819
000092.jpg,411 2528 326 1456 31 1644 2044 567 1568 2627 2370 877 2027 968 118 2081 1284 2103 2680 2711 1935 2305 928 1657 924 1463 2715 1029 808 1052 2264 1920 585 1910 1854 1729 2306 2511 2789 2098 2681 890 809 813 2629 754 1429 1400 1823 85 1145 526 64 2545 2411 382 1042 1063 1606 274 2790 2066 2501 1213 778 1608 1102 1656 2792 897 1547 2778 994 864 2747 250 871 1066 1902 2249 1791 2611 2799 599 2232 1873 33 2083 2034 602 2042 998 1835 2594 2689 2361 1245 1134 580 1554
000093.jpg,2309 1388 1172 161 2606 2769 201 1901 965 2380 1236 404 882 2200 712 972 2010 2676 2312 1627 970 2344 524 1468 2564 489 1151 2491 2328 2826 945 735 2628 245 238 2788 2424 1772 482 2639 1038 1092 225 835 1704 1754 785 2161 1004 198 351 1458 2497 2386 1616 896 173 2276 2652 2583 2084 219 1840 2025 627 2683 2148 494 647 1874 1223 2057 2291 574 1578 671 69 1123 338 1466 934 1110 1969 767 849 1511 2585 1561 1886 2353 1819 43 450 971 1204 1864 949 1041 1768 104
000094.jpg,1886 2826 2628 1261 2241 1218 1123 1054 580 1011 1362 26 925 348 1369 860 1417 992 2046 1623 1679 1544 169 1782 418 2448 207 1820 1501 944 1110 2112 940 2737 949 1343 2566 1204 2585 424 941 594 1768 2324 84 971 1949 781 192 43 450 2353 1041 331 61 804 1922 104 2421 1532 568 2688 353 196 1451 2582 136 1344 2542 2010 266 2344 1151 2564 977 2583 2025 970 524 2676 2724 2498 2312 627 1627 1468 1146 2419 2649 489 2076 2683 1866 179 1223 647 219 2291 2057 906
000095.jpg,441 845 393 584 373 1082 2383 1308 1006 586 1474 1180 2018 1763 764 1523 443 2630 2605 1671 2535 2368 327 2804 2494 1084 818 2593 1285 2468 2355 2824 869 325 2754 2395 2695 604 776 2474 1520 1997 2727 814 1615 1786 2347 2651 2297 745 226 1625 2345 922 190 1691 914 1577 1462 2157 2004 615 1915 1440 829 14 2631 396 1816 1090 2088 2623 2201 222 2222 2264 448 2359 1244 35 2771 1372 1832 1192 1373 2336 94 1525 2621 879 1925 1982 669 3 1366 1642 2363 2645 1321 2156
000096.jpg,1772 2328 2788 2491 1004 945 245 2497 198 225 2424 1038 1704 735 2161 1092 2639 238 351 1754 482 835 1616 1458 2386 785 1110 2583 2084 2112 2585 2025 1204 940 627 2652 219 2737 2148 2683 1343 949 2324 1223 1874 494 1840 2057 647 1041 574 2291 1949 971 43 941 1768 84 934 849 450 1787 2353 781 104 1922 594 2649 2724 1532 1344 2076 977 568 179 2419 2542 1208 1146 2688 686 2286 1123 689 1777 310 2657 481 335 1866 1820 1501 944 173 1369 1172 860 1236 2380 2606
000097.jpg,70 2622 315 215 2304 2409 1394 646 1951 1306 1390 386 101 1175 1389 1115 1195 1557 1759 359 923 1106 2323 2546 395 2759 436 697 816 2381 601 2282 1900 2663 2540 251 529 1427 1594 1928 485 2504 2653 2 2499 2644 962 1798 1753 145 1769 2185 1942 1257 1125 545 254 1809 1801 790 2319 461 1851 1137 1834 718 143 2054 1549 2256 2175 2731 2757 2596 1903 2719 2219 1166 2529 1085 66 2000 823 932 211 2391 1915 1986 1522 2373 164 1163 1310 177 1609 2122 2818 951 2163 703
000098.jpg,659 2034 1895 817 2817 1948 2397 2646 674 319 2400 463 2553 779 2545 1046 2735 188 1316 2454 611 2375 784 483 2433 2732 1163 1414 1673 415 911 1246 1484 1552 416 1407 197 1574 2300 2325 2472 1624 1134 1102 2802 2530 996 442 929 1132 630 2405 943 606 1584 109 1620 635 904 1719 1985 2815 2133 1713 680 2523 616 1926 771 1796 825 540 389 1965 1636 1178 500 1224 2714 14 1096 2272 2170 269 591 497 2024 1173 1588 2685 34 2417 1067 683 276 312 2129 486 2675 1428
000099.jpg,741 898 1549 2556 790 2013 2134 2576 234 2778 2818 951 1531 1324 1964 1294 2633 1446 1215 1863 1822 988 961 372 1539 718 2140 143 2226 1976 2771 79 1373 1122 2844 1619 2614 342 2255 193 2104 1242 273 2524 803 2722 2003 522 99 2710 867 2731 573 1514 2727 912 2387 792 1925 2219 930 1209 982 1769 2065 763 1129 853 1479 1211 1137 1793 1037 432 2097 276 557 405 1982 2269 2363 2460 1162 2658 1154 2559 1851 512 492 2723 2319 2001 2225 513 1256 2175 770 2719 955 2755
000100.jpg,2496 1924 1834 1986 2818 951 1268 2068 722 2710 1514 792 386 127 2444 1216 638 2654 2298 2140 1976 30 143 718 1067 1509 2596 414 2757 91 2117 2685 2015 1278 2189 536 2640 1684 1167 1956 729 1349 1266 1215 2003 733 14 2793 2235 1252 1964 2333 763 500 1431 961 988 1630 79 1242 211 2104 1479 982 273 2749 2524 930 1122 432 193 2280 2304 180 2727 901 823 1099 1445 2296 2614 2255 92 17 1059 889 405 2097 1211 2482 1049 461 2065 680 1521 2379 2511 2529 2163 2771
000101.jpg,636 1078 2146 2203 1694 294 2326 2284 2018 495 1843 2643 1117 2094 2571 2128 1715 160 2521 49 2531 1502 510 1332 1789 2019 1401 2278 953 2704 1433 2427 138 2162 1487 2142 1710 759 204 1318 2526 2168 290 1536 408 1035 1488 1376 39 214 736 1232 2690 1018 782 1781 2481 443 1090 1967 1811 2115 1312 2046 992 2445 1623 1362 2254 323 1282 2091 356 357 2561 296 2595 799 598 2011 2152 2616 2502 734 2192 2551 2283 505 815 1827 587 117 1602 2058 617 75 165 1087 2220 1194
000102.jpg,825 929 630 1796 616 2300 771 237 1246 1407 2523 2802 996 2530 2487 416 1620 319 591 1878 1713 1587 2553 1812 716 2735 1948 674 2170 34 652 635 269 1719 651 1988 1564 2131 1096 1002 1588 1200 2357 1119 1895 1978 1178 527 2545 666 243 355 1491 1505 1410 1946 2336 88 442 2196 2453 256 536 463 1584 1044 2262 2675 2397 852 683 2417 1906 2452 1449 918 2714 1136 708 1676 124 1382 2106 2525 2166 1574 2563 102 540 2426 575 943 2331 7 784 1046 833 1067 1838 680
000103.jpg,1938 25 988 961 1509 2596 2496 901 1924 1833 2140 79 2015 718 1445 30 1976 386 143 1270 2298 638 1440 193 2771 1373 2104 273 1242 1059 2524 1122 17 2117 2556 1834 2685 1215 414 1684 2818 951 1067 792 2654 1514 2710 2614 2255 741 2727 2097 1479 1101 930 2065 432 429 982 1986 1252 1964 1216 127 2013 1863 2444 234 2003 1211 380 898 277 763 2023 1539 405 2793 2226 2068 1268 912 557 342 1099 955 722 2559 1549 803 1619 573 500 2755 2225 2001 2319 2844 1431 1360
000104.jpg,495 1332 2501 2764 2832 2019 2211 312 305 1502 778 736 1543 2254 2203 357 1694 670 2018 2128 510 1734 2233 1194 2168 1843 1690 457 2481 138 1974 1232 636 294 1078 2326 2284 2146 740 2643 602 204 2162 1096 240 160 2709 2726 1583 2011 1401 2630 2616 2316 1744 2521 40 1021 122 217 1661 1934 2547 2750 2696 85 230 141 449 401 2576 328 64 612 1873 556 562 1926 20 963 1637 1305 1329 317 439 2103 167 393 1353 1244 2030 1117 2094 2213 1023 1791 824 1568 1556 2565
000105.jpg,1578 2744 1864 1819 173 1107 702 1908 126 848 688 1830 723 539 1359 284 931 1235 671 990 1720 1821 297 1340 1845 2624 725 2149 161 201 828 2606 2583 882 2309 1388 2380 965 1172 404 1901 2769 1236 865 2580 627 2084 1840 2652 2025 219 2148 2683 494 2291 647 2057 574 1874 1223 69 2315 767 2788 1038 1616 1754 1704 945 238 735 835 245 2328 1772 1458 2424 351 225 1886 2491 2161 2639 785 482 2386 1092 2497 198 1004 1703 398 2503 1553 2728 67 2485 1969 624 303
000106.jpg,1130 191 398 1944 2503 2290 2746 2728 112 2294 1490 1686 713 1393 2125 2165 1116 165 1309 2734 811 1147 2506 1535 832 985 2151 1966 1243 2730 1379 1068 1005 1424 800 2107 1747 259 272 2660 1045 1148 409 2050 560 308 1687 1767 904 1054 2133 1261 2241 1218 2078 480 67 1120 1444 2836 2544 966 855 1897 2287 662 519 648 11 1992 320 2299 1138 1586 1634 909 535 1726 257 1253 2267 15 2686 53 1904 1113 415 911 1717 906 767 1055 2393 1639 2080 760 1636 2830 2492 1511
000107.jpg,1964 741 2140 792 1976 2710 1514 1549 898 1215 2727 1479 432 930 2065 763 1211 982 2097 405 2614 2255 2117 1684 2818 951 461 79 955 2559 2225 414 1834 2015 2685 2556 2104 2524 273 1242 1122 2496 1049 1924 2298 718 2379 1521 143 2221 961 1058 2001 2003 2755 1256 30 1294 1516 969 2757 1509 1851 193 513 770 638 1209 2722 1546 988 2771 1373 1769 2793 2319 557 1446 2654 1539 127 790 573 1791 1216 2444 1112 1324 7 2517 234 2134 1630 1252 2778 1531 579 2618 901 2633
000108.jpg,2581 1193 880 1086 242 1377 1348 798 991 1358 884 472 158 170 756 1758 2456 641 1421 2691 842 1432 1665 2694 2703 1345 514 58 1196 82 2004 1351 2206 583 2659 2127 366 267 2053 2327 888 2355 2740 588 77 1494 470 1638 1590 1576 2047 2468 1664 1291 1493 1551 1238 233 2418 210 422 1477 280 846 1675 895 93 438 1279 1452 1724 282 796 1861 703 857 228 891 1534 1124 2072 1289 130 1509 24 2662 1043 426 1081 1859 287 1497 560 1420 720 2321 2739 1653 667 1930
000109.jpg,754 118 31 2711 1935 1657 2027 2715 1463 504 1673 2680 326 2098 2627 2528 567 1568 2044 1644 928 1429 2238 411 407 2305 2629 924 585 1920 1093 1614 48 1231 27 328 1109 2745 2190 1996 367 1145 100 1456 766 983 2119 1370 2747 877 2081 2770 2454 2809 2545 1728 572 1042 1533 2812 2774 1031 2249 50 808 2103 2369 1186 1608 64 1606 488 1729 2257 250 1854 1955 1088 453 813 705 2501 2511 1331 382 1680 1029 580 1562 2682 778 1070 2377 2611 350 1934 2232 2041 1846 2042
000110.jpg,870 2156 406 44 105 2516 1526 301 392 519 544 1718 2420 1079 1385 1036 1527 2245 2102 1152 1498 1267 2110 2377 186 709 318 1850 632 1381 881 358 288 774 336 2145 1913 543 773 2147 2341 1783 94 1682 1992 1855 2549 2342 1779 648 1309 811 908 2318 755 937 16 2519 2443 2006 1968 385 2631 355 1007 1455 2331 1894 516 1043 434 538 2446 1025 1131 1280 2730 599 2764 1325 852 1707 1133 1640 855 2543 1624 720 1567 1237 814 451 1581 1816 1020 2316 2800 2163 1023 622
000111.jpg,1116 538 2135 1592 45 137 2279 2842 1422 2569 843 260 1198 535 480 2734 1487 2560 2087 1424 1261 550 1218 2241 1393 60 387 2050 724 1020 1581 855 2712 2544 1634 435 2492 2763 2720 2830 2125 663 909 519 1852 705 259 1726 1714 1992 257 2164 1403 2809 1170 2668 1708 1121 732 1309 1347 811 2657 335 1866 686 1777 1536 481 2286 1966 1054 904 2287 2660 689 1444 2836 966 338 354 2133 1045 1148 1466 800 330 310 1563 1255 2617 1751 1011 2188 2114 1917 136 644 2442 1651
000112.jpg,485 2504 2323 2644 1106 2540 529 1427 251 1389 1900 1798 962 2546 2759 215 1394 1175 395 646 1115 1306 1951 697 923 1801 545 2381 101 1557 1759 2622 436 364 70 1942 2304 952 2499 2185 1769 2054 932 1928 803 714 65 1310 572 1173 1558 750 614 1851 461 293 853 1137 727 790 2175 2731 1549 2319 2719 703 2778 783 1386 903 768 1390 2219 2579 1166 737 658 1230 1822 2797 374 1512 372 1361 2388 72 2040 2062 315 1114 578 2533 820 2509 190 2000 1971 1221 2667 2462
000113.jpg,502 2471 2601 103 658 618 2378 334 910 640 98 1541 995 65 1114 578 1312 1643 750 475 247 2334 2462 654 655 589 1881 2236 1692 2509 1451 1916 2051 2016 723 684 1359 1361 539 848 1720 990 1821 297 284 126 1845 1830 1107 1235 2149 931 2624 1340 702 725 688 1908 1537 921 633 1323 1415 862 1767 903 768 1413 1254 581 2114 721 1608 952 2362 1165 1902 938 1250 738 2690 174 1018 782 2062 783 1577 2 1021 2667 2302 927 614 1975 1683 39 6 208 1918 347
000114.jpg,243 1105 1988 1564 1812 1476 88 2487 2530 996 1331 1200 908 355 2802 2453 575 2394 1410 1729 1044 197 2331 1396 237 1128 2243 2045 833 1621 2300 716 666 1407 929 1796 616 1587 2426 2166 2106 102 2563 1382 2525 2357 416 1002 2523 2131 630 1895 256 1620 1132 852 1136 1119 1978 571 462 2262 527 2375 1713 1584 1178 1906 1673 2733 825 2714 1505 1838 269 1449 683 2033 902 2752 590 87 2417 651 316 1732 2202 2233 1734 1719 1604 2287 83 603 1614 1517 1328 2246 897 540
000115.jpg,1602 1601 496 677 214 2704 1987 759 1623 1362 271 2046 992 1488 1824 1312 1433 2526 290 2115 598 1483 2220 2669 2502 2531 531 2152 2278 655 2236 654 2811 39 1692 1881 117 368 684 1010 1710 223 2142 1035 1197 1975 2561 165 927 2768 1953 376 1738 2348 1536 2091 2179 148 1397 420 2558 1447 1139 431 751 1184 1605 75 296 919 589 1565 2193 2690 1147 2592 2506 74 2412 268 1931 2783 782 323 1961 1018 1672 1615 617 1561 23 2092 1960 1365 1199 1757 1318 2480 2620 1124
000116.jpg,2047 588 583 842 2053 703 267 2509 1289 1590 200 846 1238 1291 190 1323 2016 1477 370 93 895 1664 2456 1124 2072 884 991 2740 334 2127 891 1472 2703 650 299 2277 249 1675 2694 125 1297 927 1272 2378 454 2797 721 2113 1591 1166 807 2677 853 629 1831 1655 1221 1724 2402 737 1647 77 962 1798 581 2478 280 1324 750 720 2810 2210 1334 667 6 564 783 1683 1972 2806 2666 1730 2520 428 820 364 1497 1189 1097 1810 789 578 247 1758 1984 1114 2184 614 1541 2171
000117.jpg,2821 608 1356 402 2265 252 2311 2335 1889 1056 2597 89 2404 744 1766 1637 2588 1061 383 1795 49 1329 1701 220 675 2467 2438 936 2632 1885 2183 160 1022 2841 1507 2070 2505 2465 1632 2326 2060 346 2531 388 1201 138 2779 1716 682 1743 1543 815 592 1024 2611 204 1773 1513 1161 2643 2574 1789 2162 506 1921 1441 2550 2351 1879 1503 609 1281 2177 1530 1797 2049 1404 2232 1140 1339 2011 337 163 2285 1932 1688 2274 2810 1755 2515 466 1383 1556 740 1143 805 2794 1135 2237 227
000118.jpg,2449 1471 2565 443 495 1694 1318 2326 2094 1090 2018 1843 294 719 764 357 2254 1194 2284 1078 2146 1811 8 636 2058 2595 2008 2192 2551 37 2807 643 793 412 570 922 2623 448 1502 1091 2473 2128 1220 777 510 1082 586 1625 556 1259 1474 2643 439 2648 1332 1308 2222 1765 138 2521 1401 2168 131 2571 869 160 2816 953 2501 1763 2189 1661 1487 1205 204 1524 2832 2162 2203 715 1697 736 457 2171 1530 2278 1028 2234 2159 2360 2481 2011 1690 2468 1405 1341 2043 1734 2233 2605
000119.jpg,2772 767 1969 1511 2329 321 2376 2315 1720 1821 284 1359 990 1107 848 1235 1830 688 931 723 297 702 1908 1340 539 126 2149 1845 2624 725 1172 882 828 1121 1170 1388 173 1347 1864 1819 161 2606 1708 965 2769 1236 2380 2309 201 404 1901 1953 1139 785 1458 1738 2348 2353 2386 2179 1038 1605 1616 1754 2491 2328 2424 69 1004 2084 420 1397 2497 148 2652 1184 198 1578 2788 450 945 594 1922 1772 482 671 947 238 2148 219 1092 735 835 2025 104 245 2161 1886 225 2583
000120.jpg,600 2194 2268 298 1480 459 2023 1660 468 1571 1828 2428 661 1610 1560 2835 229 2118 1990 1858 1015 1618 2167 663 1800 2372 1714 980 1698 685 1811 2422 1227 2713 2791 47 2213 2180 288 1936 2253 2030 2460 1548 2707 1469 511 1894 2296 2642 967 577 1606 1790 1884 2135 2662 1645 1567 2781 1327 2212 491 2317 1863 2352 2640 548 269 973 2446 195 2417 217 683 1914 1181 1043 1524 122 1355 1721 1188 2613 632 1237 2313 2431 205 857 879 2623 228 448 2343 1981 2100 2721 2648 412
000121.jpg,2018 2168 2481 1502 1939 2368 1180 2146 2284 2605 736 2203 1324 1671 1474 2011 2616 294 327 2535 1863 2771 1373 1440 2630 2726 1549 741 1294 1353 898 602 1531 1021 495 1694 1332 1082 740 1811 1744 1446 879 2468 556 636 2326 764 510 2128 1843 1822 1803 1078 127 1807 2363 1982 2778 2643 2521 2355 1162 1401 1816 40 1366 160 1925 204 138 1232 2162 1257 2040 2556 1691 2818 951 1661 1971 2573 989 1715 2758 1308 20 449 1050 2565 790 217 1791 122 824 230 1814 2345 2571 2478
000122.jpg,2770 1998 1183 2305 350 487 2257 2041 1742 2812 813 2774 871 924 1396 1370 1614 2711 2037 2625 1892 1935 1979 2369 118 1508 1681 1654 1920 117 1677 1673 772 1646 542 54 1893 710 1771 337 2782 1109 2680 375 670 2014 2258 1695 328 2750 498 1659 2303 48 235 1657 963 425 766 2745 2228 401 2190 50 2454 2027 715 1728 491 2715 141 1287 877 2696 2193 2124 1031 754 2809 1231 1962 1164 2119 367 1354 1641 453 791 2238 1093 189 1996 1954 1331 2534 1569 2736 2103 479 2154
000123.jpg,1690 462 230 2754 1169 1194 357 2254 2233 1734 2058 2630 1259 457 993 1467 2605 1517 736 83 728 2176 397 55 2641 642 575 1034 2071 2212 1327 1626 2234 2159 2360 1028 570 2033 87 902 590 2752 793 2684 541 1950 917 32 2239 1865 2733 1765 2347 2297 1943 2651 1919 2268 38 1611 102 2166 2563 2525 2426 2106 1382 517 920 2805 2637 2073 794 2586 1226 2345 2780 1416 2495 1745 2211 187 2019 1014 469 71 1727 269 1790 2461 2523 2180 47 2758 2192 2317 1607 1188 1301 1463
000124.jpg,510 2162 2508 1716 1927 2128 2351 1032 1883 1612 2700 1540 1502 217 122 2030 2213 2781 230 423 1694 2061 465 1513 1161 1773 1091 1227 317 204 1859 2247 2521 649 1117 1647 439 64 1056 160 892 1078 636 294 2481 2616 957 2643 167 63 2168 419 40 1889 2169 1637 1332 1329 495 744 1176 509 851 2841 1556 2401 138 561 1214 2588 2311 252 1171 22 1991 1019 2284 214 1232 2404 2153 1632 2060 1061 2635 1701 2427 2799 1182 2531 609 163 49 1743 1939 2632 1543 2784 2146 1766
000125.jpg,1200 908 355 2453 1812 2331 2530 996 1732 2487 243 1396 2802 1410 1331 2045 1988 88 1564 1729 575 1105 1044 1128 1621 256 1476 1587 852 830 2262 603 1796 616 237 1450 1620 2131 1713 1678 1002 1178 833 2523 666 929 1407 630 2300 1449 716 416 2357 2426 2166 2106 2563 1382 2525 102 1136 1119 610 392 1838 1978 1040 269 301 1584 1548 1505 942 683 1968 350 2417 2394 462 825 2246 94 2593 1895 1719 897 1033 2519 2397 2714 2743 540 2243 1595 2260 339 83 2233 1734 2031
000126.jpg,1603 1912 1683 159 285 1084 1293 1097 275 820 2062 1221 2288 1021 618 2281 1254 372 103 502 2471 658 2601 952 546 1335 1537 1916 2043 2171 721 926 39 2114 1831 1655 206 343 1189 1972 2402 737 1647 910 2520 1402 807 281 2687 1230 783 564 1697 582 1077 629 1818 6 750 1080 247 962 1798 98 640 1577 1312 1884 265 1451 2086 2210 364 1300 829 454 8 1093 1541 1482 995 789 1472 2561 1900 2449 2157 589 1643 23 650 2334 1186 2314 2238 2462 200 2509 2706 1558
000127.jpg,2662 2372 2340 1618 1828 2352 1567 1234 2648 2707 2721 1327 2212 2180 47 2268 2623 448 2422 1990 1981 1237 2781 115 1060 412 600 1865 1936 2343 2417 683 1800 1571 195 1991 2642 1698 1188 2096 1790 2428 1610 1645 2317 2100 2791 217 122 2446 423 2650 205 632 1533 1015 2118 288 229 511 2194 1560 459 2253 661 1469 1227 1548 2461 685 1540 973 2135 1714 663 2713 1894 491 2030 51 444 2213 317 2714 2418 1043 577 793 1604 210 1859 1034 1355 1861 1694 2835 1765 570 37 1435
000128.jpg,2842 2279 843 1852 1563 2164 60 705 1011 2135 1592 45 137 2569 1917 1422 260 1117 1489 2809 1035 2668 1116 538 2489 26 1473 322 1487 218 2560 2087 2578 2720 2712 580 1606 1929 2492 387 1403 2188 1651 2442 644 1076 68 435 2507 2144 209 550 2308 81 2089 1127 2562 2448 418 207 521 2191 239 997 732 1536 2111 2441 480 2498 1103 2125 1170 1016 1635 139 1875 726 2534 1347 1708 1121 2052 1130 491 2617 2393 1639 2814 983 2708 1866 338 730 525 313 335 1466 559 1437
000129.jpg,74 1561 2592 496 1601 2439 1717 1158 589 2480 2655 1788 2322 1672 622 1961 1485 2582 1782 431 2421 331 338 1466 2353 1658 1922 450 594 781 1012 1969 1511 104 2344 970 1468 804 2312 2676 489 2564 1627 1151 2669 2010 524 925 1417 2220 2583 1041 43 61 971 2148 730 2084 1110 2025 1949 977 2112 69 1344 2649 219 1146 84 1840 2585 1343 627 2324 940 2724 949 2737 2652 941 179 2542 1204 1768 944 1501 2076 1208 1820 146 2419 433 574 826 2683 647 2291 2057 494 192
000130.jpg,690 193 2468 1898 2352 1793 423 901 121 752 2517 2068 1268 370 2434 1752 1271 151 536 2032 477 451 2464 2665 2118 1649 1080 1588 2568 569 2725 1189 956 1140 2069 1596 2600 1724 2753 980 582 1886 1118 789 2687 1418 498 634 1024 130 2460 1497 1054 1081 2767 1030 2085 12 2217 753 2024 2415 1303 240 2765 707 2590 687 1129 25 1863 879 988 1829 2771 1373 1828 1982 2363 2266 570 557 1270 1440 1964 600 1211 1684 2619 1430 1445 1660 1939 1571 763 887 839 1294 1242 1546
000131.jpg,70 215 315 1928 436 2622 2409 1389 359 1106 2663 2304 2323 816 386 1390 2282 1195 1900 601 190 2504 962 2644 485 1798 2 714 1125 1594 2653 1753 145 1357 803 1809 1257 254 364 1558 790 1173 853 952 1834 2319 2373 395 2529 1903 101 718 143 750 211 2256 646 2391 1394 1951 1306 1085 1115 1175 1915 2596 66 1549 461 1522 823 2757 2175 923 1801 2381 2163 2185 1163 2478 1166 2731 614 164 65 1180 2719 697 1769 1842 18 1822 2818 951 1986 177 2000 2122 2510 1557
000132.jpg,2084 2148 219 2652 2025 1840 2683 647 1874 574 627 2057 2291 2583 1223 494 43 971 1110 1768 1041 1204 2112 84 2737 2324 1343 941 1949 949 2585 940 785 1458 2386 1754 2328 1038 2491 198 2788 238 2497 1616 2424 945 1004 1092 735 835 1772 351 2161 245 482 225 1704 2639 2649 2724 179 977 1146 2076 1208 2542 1344 2419 2353 594 450 1922 104 781 1123 934 849 331 2421 804 2582 335 689 1866 481 2657 310 173 1777 686 2286 925 1417 2688 568 1532 1787 1561 1172 161
000133.jpg,388 1201 24 1826 2404 1061 1701 1056 744 1766 49 1356 1889 2574 2588 1879 2311 252 1339 815 592 1329 1637 466 1688 1404 1576 2597 1795 2274 1383 1952 2808 1023 220 1024 1530 337 559 675 1437 525 313 383 2500 523 553 1337 1870 847 171 2181 2055 506 2143 1827 2283 587 505 2155 2841 1934 2531 402 1089 1100 2779 2696 565 367 2674 175 2594 1182 1808 141 1364 2816 1844 160 204 1891 180 2839 1991 2766 1823 2799 2042 394 2265 2438 2232 1716 2351 1632 2060 608 2821 2810
000134.jpg,1026 1150 456 840 478 788 501 1813 324 1062 2285 1923 2779 1921 786 758 2265 153 1685 1048 628 447 363 2244 1507 936 2632 1465 1140 274 1143 1281 1378 129 1932 2465 2505 2429 1297 125 2634 2550 63 1232 608 402 668 1500 1662 40 149 2467 2821 452 346 2765 2232 1632 107 2060 52 484 252 2311 1019 2841 2611 1022 1755 753 2407 138 2766 2398 89 2335 1612 2059 2717 2177 2414 1177 1356 1503 1789 110 2070 1889 467 306 1303 2183 5 2061 2602 1039 1637 1329 1056 160
000135.jpg,1703 653 1464 948 2248 1937 2382 2813 2230 959 2552 335 689 1866 481 2657 310 1777 686 2286 934 849 2141 2353 1041 1922 971 594 84 1949 43 941 104 781 2737 1768 949 450 2112 1204 2585 2324 1343 940 1110 1123 1038 1754 146 945 2424 1616 238 1458 1704 351 735 2386 2328 785 198 2497 2491 1004 1772 245 1092 2470 2161 2788 2639 225 168 835 482 1899 440 45 1592 137 2396 1170 2678 1347 152 1255 1121 2052 398 2503 1391 2130 2582 1113 1708 2814 139 1274 2728 947
000136.jpg,836 1625 2645 1060 1286 2204 874 1844 869 1321 1763 1633 2839 1709 2264 2099 175 212 549 1098 396 2631 587 505 1827 2283 354 330 2432 1280 2201 935 2261 669 1790 1050 2222 2437 2595 2648 2174 734 2383 1538 1220 307 96 1556 2718 2096 1836 1329 1090 1637 1933 2627 1995 499 203 1572 1520 2750 1991 1016 2071 612 1635 922 1 1875 2623 448 2674 1530 449 1304 2527 537 16 160 1741 2155 131 827 1936 443 562 685 383 1182 1436 2431 459 1047 189 2696 808 556 1425 2450
000137.jpg,2399 1095 2253 548 2835 857 228 2613 232 801 1375 1930 520 19 1269 421 2408 1867 1722 2354 2390 1529 446 1936 41 1571 1572 600 912 1800 2206 1698 2796 1714 746 1560 2623 2093 2266 2372 663 448 2223 2352 2466 1264 342 2844 427 1828 1409 2135 2514 1618 707 1792 2707 157 1567 1425 349 1990 385 2255 2327 2614 195 234 1337 2227 1925 1008 358 1694 1619 229 2428 2713 2427 491 444 412 2371 1497 2100 1814 802 2786 685 379 1790 2036 741 2648 262 1610 2731 1015 1030 1865
000138.jpg,435 2492 1929 2809 26 580 1011 1979 2578 1680 2668 322 2660 1473 705 60 1384 2250 1035 1563 2164 1917 1489 1528 1852 1639 2393 1130 504 535 1740 2476 69 2241 1218 1261 1413 2587 1031 1243 1379 1068 730 1393 1361 2114 1424 538 2425 1442 633 1634 247 1817 966 1608 1451 1116 855 1187 365 1966 1005 589 2544 1400 2569 480 828 2050 723 539 1720 1359 725 1821 995 1235 990 1908 848 284 126 297 1830 1107 688 1845 2624 2149 1340 191 931 702 1309 811 1581 152 1020 67
000139.jpg,1839 1439 1881 2236 1692 655 654 1434 1931 1010 2220 2669 1197 268 431 75 368 1553 165 2179 1738 1953 2091 1139 1605 2348 323 420 1184 1397 1035 148 1578 2558 296 751 617 2445 1623 496 2768 1362 2046 2526 2142 1967 1710 992 80 408 1282 356 290 1601 739 1298 684 270 1488 2115 2620 1012 759 1275 1312 1740 2775 2051 1187 1313 1296 1307 1555 2413 1899 2295 1486 1448 1478 2569 726 2250 2827 768 903 1563 1929 168 2224 1725 657 65 1384 1810 247 1243 2668 559 1437 525
000140.jpg,638 1445 2140 1976 143 718 573 79 2104 1242 273 2524 1122 193 17 1059 961 988 2771 1373 2117 2654 2298 2496 792 1924 2710 1514 1684 1834 901 1215 2001 2755 969 405 930 982 432 1479 2015 30 1509 277 1964 2727 1539 2003 763 955 2225 557 2559 2319 1211 2614 414 2255 2065 386 2722 2097 2685 1851 1067 513 1863 2517 25 1769 1256 1209 2835 770 2596 1270 1691 600 1833 803 1793 2023 429 898 1630 380 912 127 1154 512 461 2226 1925 1129 492 2271 1216 2363 2444 741
000141.jpg,192 61 1787 2688 568 1532 2448 418 207 1041 2421 1949 971 1110 2324 43 2737 804 949 1204 940 2585 1768 2112 1343 331 941 84 934 849 2396 1820 944 1501 1369 860 925 1417 2498 2353 104 594 1922 335 450 781 1866 689 1777 2286 2657 686 310 481 1123 2649 2076 2419 1208 2724 1344 977 179 1146 2542 2583 2084 1840 627 2683 2652 2291 494 1223 219 647 2148 2057 574 1874 2025 353 196 2566 424 1038 1616 1754 2788 945 1458 2328 2582 785 735 2386 2639 2491 835 1004
000142.jpg,1896 2531 815 49 1789 1339 2059 171 523 153 1685 408 847 149 2708 466 505 525 587 2500 2181 313 1827 2283 1437 274 559 1307 734 596 2632 2574 1741 1870 2527 608 1918 2626 2164 1026 2429 2142 1710 1048 628 52 2173 1190 59 2470 1555 1127 2089 501 478 1486 2311 252 1376 2690 2398 1530 782 1150 1018 1433 2819 63 2704 1019 1889 936 214 1507 621 268 753 1024 290 1766 592 2526 107 1662 744 1736 1879 2060 1632 2022 1296 1056 160 2841 1481 220 1781 1563 2502 657
000143.jpg,2417 683 1327 2212 2180 47 1645 2343 2422 2714 1990 2781 1548 2721 1698 1936 2268 632 2372 1800 2296 2713 229 2662 511 661 1618 2340 685 2100 1714 1224 2352 2023 663 269 2030 288 2194 459 205 2213 1991 2623 448 2523 1790 2253 423 2650 1015 1610 1560 2118 1894 1567 1469 195 2428 1227 1828 1571 2096 1981 2791 2317 2446 217 1188 600 2648 412 2642 2135 122 491 2707 973 1533 1865 2472 444 1178 1237 317 1584 1416 51 1604 1538 1727 577 576 1181 1838 793 71 1914 1392 1060
000144.jpg,2430 558 1254 2561 281 2224 159 1826 865 2602 910 2520 1374 2698 24 1711 2143 1537 1097 2766 1912 995 402 372 2706 1356 2022 107 23 668 247 98 295 2281 1486 447 640 1983 1921 2779 1071 1273 1984 2090 1084 657 2378 1293 2059 1755 2232 2154 546 1434 1603 275 2214 831 927 1312 285 1870 758 1689 1918 2638 629 1221 820 501 1813 1896 129 1063 1141 394 1451 1333 2220 2035 1018 782 552 634 925 6 2690 639 1080 1881 2574 266 2669 1417 409 268 1692 2236 180 655
000145.jpg,2618 579 1049 1521 2379 763 1211 1546 7 1058 1209 916 2793 1516 975 528 955 1399 2225 2559 513 2333 1479 2221 432 982 930 2757 2416 875 2117 2003 461 1271 151 2140 2614 2255 1976 1964 839 2710 1514 2658 792 512 1154 696 2015 492 1252 2723 405 1215 2727 2065 2097 414 1684 1833 964 25 79 2108 30 901 1924 2496 886 99 1956 2298 638 193 1566 566 429 1509 2517 2640 123 1266 1112 1630 311 2488 2001 969 2755 1834 1256 1769 2068 887 1268 2685 1210 2349 1851 961
000146.jpg,378 597 417 878 1398 2667 1490 1636 370 681 743 1492 2074 289 2337 2267 1860 802 1045 1148 1496 2314 2262 903 768 1065 664 2732 1414 1042 1975 340 258 2165 1586 1946 2017 589 841 114 65 614 606 1512 1871 866 863 2029 555 2350 1869 2334 361 62 2462 1253 784 36 1794 853 1980 2734 1186 2815 332 176 2723 2432 78 302 21 291 429 618 1599 1767 2362 731 2126 2469 1784 1160 1311 2514 749 673 593 942 803 2290 2746 112 1451 723 688 783 297 1235 2633 1359
000147.jpg,1259 2094 636 1078 1090 693 2254 357 764 922 953 2637 2278 2058 2192 1194 1811 2284 642 2326 719 8 1694 443 2595 2807 818 1702 495 2447 2146 2018 294 2473 2551 1471 2708 2008 1401 2571 793 1459 2643 2805 888 1697 1083 1536 1487 2521 1970 1318 2043 160 1661 1626 1748 2684 1332 1765 517 2368 728 2176 2804 55 2641 397 2171 448 2128 2816 2623 2168 37 1530 131 570 472 2691 510 1421 1502 1104 2832 2189 1277 2555 138 869 641 279 556 2355 1341 1205 412 2758 1607 2222
000148.jpg,2155 175 1637 1329 2839 1182 2071 499 1844 1991 1827 505 2283 587 552 1716 1952 2808 1530 1889 815 592 2438 2799 2696 141 553 2816 252 2311 1808 49 1024 1056 2181 1364 2594 2588 1404 2205 1339 847 559 525 2500 313 1437 2404 1061 1870 1766 1089 1100 523 744 466 1701 2574 171 185 1743 565 506 1023 160 1879 734 1892 1576 1337 388 337 367 1795 1383 2274 675 1688 1201 2674 2597 2692 1556 1934 1932 1891 1823 383 2055 220 316 2643 204 163 1248 138 2531 2335 793 419
000149.jpg,754 118 2027 2680 31 2305 1935 928 2629 2249 2715 2711 1729 1463 326 488 2745 2190 585 924 761 2238 350 407 504 48 2627 328 1429 1996 1109 1093 567 1231 411 1174 1920 1657 983 483 435 100 2454 2528 766 2119 1568 1673 572 2044 1644 2031 1070 2809 1728 1042 2095 377 1450 2545 1854 1031 111 2195 666 2756 2511 789 1680 1456 1608 1527 205 50 1614 2492 2369 1745 250 757 218 2674 2370 1741 2041 1088 2377 2317 365 2258 2770 1968 2098 1370 2103 1063 580 582 2778 2682
000150.jpg,2810 306 2666 1297 125 473 2751 1326 1281 2061 650 110 1831 1472 927 1655 1591 5 1647 1879 2022 721 2690 1018 782 1143 153 1685 2589 1701 2841 1171 22 1214 2404 1061 2169 200 40 2346 2567 454 1213 1984 163 1857 2388 2478 1912 1668 1593 1744 2066 789 2402 1097 1972 2806 2288 1822 1021 2236 654 655 372 1692 2113 1881 2726 807 375 564 464 1706 1818 926 470 326 2171 2002 268 1975 39 737 684 1918 2729 952 341 2040 1312 2062 364 436 1971 475 1916 1730 2766 1150
000151.jpg,2078 2165 2151 760 800 199 1890 2668 340 1717 1747 112 2290 2746 1379 1068 1490 1243 2730 417 1054 811 1309 191 347 1148 1045 1233 437 1966 832 1535 1005 1897 258 1393 259 1686 2734 1116 2544 1553 2660 2050 767 1218 1261 480 2241 1253 671 855 2364 1160 532 648 1424 2133 2028 2836 1444 2287 904 966 662 11 320 1775 2299 739 1578 1499 1187 1721 903 1555 768 802 2350 1938 2744 1864 1298 1886 2276 1819 1992 519 80 2302 1849 291 743 681 1799 2280 1810 2315 1311 2482
000152.jpg,721 1335 1831 1655 952 2062 1021 1683 1916 103 502 2471 2601 618 658 1603 737 1730 2806 1785 1972 1653 1647 2402 1281 125 1297 372 1143 1097 820 285 364 1221 582 783 2061 1736 1912 1293 2520 1706 2810 1558 1918 2690 2687 2378 275 1018 782 807 159 750 910 1230 1084 962 1798 1900 1537 645 200 650 1984 2666 1472 564 789 900 1254 1591 1822 436 2388 714 927 2346 2729 341 1402 454 1541 98 640 1593 1818 2288 1312 1971 2478 2113 853 2323 995 1723 2210 2334 2509 1577
000153.jpg,2278 1469 2807 1447 2473 922 1661 1880 1090 2571 957 1318 443 2168 448 393 2623 2092 376 1536 2831 2269 223 1483 1763 1625 869 2222 2338 1615 586 1082 1308 2136 1244 636 1078 2128 2643 2094 1540 1694 333 2521 510 2018 1824 1332 2153 1401 2284 1176 953 1811 189 2253 495 2146 2700 2811 894 8 160 294 195 106 511 63 1019 1987 2326 744 1502 935 793 449 1790 2162 2635 1907 1749 1525 1474 1698 764 685 1194 2254 357 1844 1697 1927 138 1060 2099 1205 37 856 2466 204
000154.jpg,582 1579 50 504 1088 1354 820 2369 1230 1031 377 9 1541 1646 1000 1739 1920 1042 2259 2664 1770 407 2647 326 572 2238 806 1853 1186 711 1325 235 542 710 1893 54 360 1370 460 754 750 27 159 1900 1608 250 1455 1402 1695 253 1603 285 1680 1537 2782 367 658 339 1508 791 1384 1221 2812 783 727 660 962 1293 650 1097 1798 1084 789 372 813 1528 633 589 275 364 2644 487 932 2323 2314 772 1565 1912 2803 1106 1287 1254 334 1361 807 2520 910 485 1681 2504
000155.jpg,154 700 729 1349 918 2749 344 41 414 961 2196 203 2226 1495 1375 1431 349 1676 2208 1215 342 2844 1141 1580 1216 427 2709 2444 1264 1520 124 1094 1794 1449 142 292 1008 893 1292 2364 2227 1338 2158 2834 2455 678 1159 1009 634 264 591 2484 1505 2436 733 1522 1377 426 885 2451 307 1 332 1491 130 2063 837 1713 82 442 1409 2223 1861 1620 2350 2786 979 2675 421 1030 438 2776 1597 1067 2187 2206 821 1311 2549 667 2217 673 434 2029 2415 78 593 302 1936 749
000156.jpg,2544 2626 978 623 1586 2170 674 1946 2050 724 911 415 2557 1878 2489 231 855 2130 1391 152 981 671 1634 1253 1966 906 2393 1639 2425 2315 11 2299 662 320 1886 1400 2686 1550 2267 1051 2017 1198 1726 767 1207 947 1233 2472 347 437 1473 909 2718 257 2838 409 2792 338 1466 2361 300 45 1592 985 137 1687 1170 1477 1608 762 2334 1819 1121 1719 1864 2287 2512 1054 2462 1347 2714 996 2530 2133 329 1708 904 2485 2280 624 2763 2263 1616 2639 308 2728 2107 2056 1038 560
000157.jpg,1889 1056 252 2311 744 2841 1632 2060 2404 1061 1701 49 160 2643 2588 1766 609 1637 1329 815 2531 592 204 2351 1716 388 2632 1201 894 2162 1530 138 2521 1789 957 1024 509 1879 2467 466 1078 1339 636 1176 2821 1214 1171 22 506 608 2574 2779 175 1927 46 1019 1844 63 2766 1503 2177 255 1688 163 2155 402 2567 1404 2232 181 1970 643 2265 1556 1330 1032 2153 2274 419 2183 2810 1827 505 587 2283 337 2435 1797 1356 565 1332 1401 171 1932 1281 132 2181 2816 1870 1182
000158.jpg,1078 636 1232 2326 2284 1694 2146 495 2018 294 2128 1032 2643 510 2521 2037 2625 2162 138 160 204 1332 1401 2094 1502 2168 2567 736 2203 2109 1843 2481 2103 2058 2616 2011 40 1194 2254 357 2193 2595 117 498 602 2192 375 740 2551 2008 1744 1892 8 508 2726 1811 443 1326 1471 2751 764 1771 719 1021 1090 1659 1661 643 526 1225 189 46 609 824 1927 2807 337 1716 2584 2501 2531 2049 2153 556 1970 230 1540 1329 1056 1632 1889 509 2816 412 49 1637 2060 1530 793 1117
000159.jpg,181 1262 695 1970 2407 389 2825 778 382 1317 592 431 290 2526 1880 2762 2584 1756 939 1696 1602 2531 1488 214 2273 1083 2210 1582 759 278 2704 1433 2301 1055 1439 2811 475 2091 63 1019 1035 296 496 244 2768 2152 1931 1601 1623 408 2115 2046 992 1362 1711 2435 2502 1902 268 2051 39 2142 1710 1824 2766 2412 2561 1312 2207 649 1395 189 46 323 403 1282 356 2445 598 822 1839 2486 2153 957 1032 1815 108 617 1967 1176 654 2567 2708 2236 643 2348 1738 1953 2690 655
000160.jpg,2833 748 1009 2484 2412 2273 2139 1531 90 2371 278 819 1470 1667 1118 1338 741 667 2455 264 1411 1652 1159 299 837 1711 2776 2231 1619 428 2075 2036 1582 2762 2301 2584 607 1826 311 1430 1689 631 1699 1839 2575 887 1585 2488 1613 2682 1994 2384 1012 2090 2459 1350 2356 2413 1887 227 2295 1448 1478 1752 1815 262 427 1668 2215 2834 2777 2077 431 1264 1275 1756 261 249 2332 706 2198 1295 2615 2224 2556 707 323 2108 165 1063 438 1497 1337 234 157 295 1166 951 2818 25
000161.jpg,300 705 2278 2571 838 1255 209 2365 1781 1483 2079 1447 734 376 1917 1941 2527 1741 2689 780 33 1907 1302 1512 1536 1318 2263 2115 1433 1371 136 1987 214 1199 1661 1365 1960 974 1757 1602 1954 2152 598 1219 1274 2705 2502 2463 2506 2569 1147 619 1817 953 2308 322 2704 691 1117 1488 620 2783 1083 2712 2153 2617 670 677 1487 2083 2699 2293 2526 466 449 1352 2203 1899 290 2427 2361 137 2534 907 1746 1592 1606 45 505 224 2283 2842 587 1827 1482 843 1288 1305 2142 1400
000162.jpg,2180 1990 47 2781 2296 2422 1571 1828 600 2372 1524 1327 2212 2023 2640 2352 1790 1800 2721 1099 2268 683 122 2417 217 2707 2642 1188 269 2623 2317 448 1936 2791 1567 1698 2466 722 1981 1865 1618 412 2648 2253 1645 967 1548 511 2496 685 1224 1924 1804 1181 2340 2650 2662 2343 2030 180 91 2096 2213 2068 1268 459 1714 1469 2118 288 663 1227 317 195 229 127 2835 632 1560 1067 2135 423 2100 661 205 1015 1610 680 2654 2511 2713 1986 2189 2446 1237 1991 2428 491 444 1278
000163.jpg,1949 1110 2112 1041 2585 2737 940 1204 1343 2324 949 971 1768 43 84 941 1922 2353 450 594 781 104 2583 2025 1123 2084 2057 2683 2652 2291 627 2148 1874 494 219 574 1223 647 1840 934 849 2286 1777 686 2657 335 1866 481 310 689 2328 225 1038 2491 245 945 2639 1772 2424 1704 835 1004 1616 238 1754 735 351 2788 2161 2497 198 1458 1092 785 482 2386 568 1532 2688 61 2582 804 331 2421 944 1501 1820 192 418 2724 1344 1787 1899 207 146 2419 2076 1146 1208 977
000164.jpg,764 2018 8 1474 443 2368 1082 2605 1090 1811 2630 2468 2146 2254 495 357 1194 2355 1471 719 1671 2535 327 1180 2058 2551 2192 2284 2008 636 294 2326 1694 2595 2094 1078 556 1308 922 586 2623 448 2807 793 1763 393 2758 818 1625 2222 2573 37 2383 412 2128 2473 1502 2804 1765 1259 845 373 2754 1524 869 584 2643 1332 2203 510 2816 2189 570 2648 2501 2832 2345 1285 953 131 441 2043 2521 1661 2571 1691 457 160 1205 2168 138 1530 1697 2171 1734 2233 2162 1401 1690 1626
000165.jpg,565 171 175 2155 1716 2438 734 1364 1844 1991 506 1892 46 160 1530 505 587 1827 2283 1404 1329 1637 1889 1182 1056 2808 1952 2816 1556 204 493 2594 2839 815 2181 2311 1701 252 2508 1089 1100 1024 49 1061 2799 2574 499 643 2404 2588 592 2071 1339 1060 2531 1064 2696 553 1808 141 744 1981 1383 337 559 1766 1437 313 2118 1879 1870 2274 525 1688 2500 847 523 1934 466 367 1576 2597 1023 2522 1337 675 2674 1795 1891 1823 2584 1201 419 2055 612 220 2205 1108 1127 383
000166.jpg,2001 2755 969 79 1479 982 930 432 1242 1122 2104 273 2524 2225 955 2559 513 1539 1256 1851 2319 2117 2722 557 770 2140 1976 763 1211 1684 2654 193 2710 1964 1514 143 1209 718 792 1049 2379 1521 1154 512 1215 277 901 961 579 2618 2003 2517 461 975 492 2614 2255 1373 2771 2727 2658 1769 405 2065 2097 988 2723 528 2221 99 1516 2416 1834 1793 2298 414 898 2731 2844 342 1137 1660 1816 2219 912 1925 2175 2496 803 1924 863 2719 573 2607 1320 429 2226 2015 2757 30
000167.jpg,591 1002 1505 996 2530 2675 2131 1796 616 1812 1491 918 630 708 716 929 416 1620 2453 2300 124 1407 1895 2802 1837 1719 1946 442 700 1181 825 1126 2609 116 256 463 1134 1392 2487 1676 1200 540 2822 1574 2170 527 2523 355 2714 1713 652 635 237 1988 1564 1178 771 1878 1495 1246 2397 243 1948 674 269 1978 319 1588 34 908 1096 1587 1584 1410 833 943 2196 88 97 683 666 154 2417 497 2545 1128 1136 2331 1105 1132 852 2357 2262 680 1044 575 1906 536 1732 2544
000168.jpg,2438 2597 2155 1795 175 220 675 383 2821 1889 1885 608 2335 1356 2265 1024 252 2311 402 1637 1329 815 1716 1056 1530 1844 592 1827 587 505 2283 1991 49 89 1182 506 2588 2839 2181 2594 2696 963 1808 1061 141 2404 1766 744 1701 2816 682 2799 1870 2574 1952 525 2808 2049 313 2500 559 1437 1364 1383 1404 1307 523 1339 160 1879 553 1089 1100 466 171 734 1892 847 1743 2326 565 2467 1576 388 1337 1823 1201 2674 1023 367 337 1688 2274 1891 1934 1022 2055 46 2643 1632
000169.jpg,141 2696 1023 1182 1364 1991 2799 612 2674 1844 2816 505 587 367 1808 2283 1827 963 1576 175 2839 401 337 1530 1637 1329 383 2181 2594 2155 1934 171 847 220 1383 1795 2808 1952 565 2205 1638 1891 1766 252 1024 675 466 1437 1089 2055 506 2311 559 1100 592 523 2597 525 553 815 49 313 2500 2306 1339 1879 2588 1889 1870 2404 1337 2574 388 1061 1701 744 1056 2274 1404 1688 1201 1823 561 160 2508 419 1060 138 2438 204 2071 699 1716 1556 2643 2531 1314 2162 499 316
000170.jpg,364 1972 200 2602 952 654 1881 1916 2236 655 1692 372 1831 1655 2599 783 2402 721 475 436 2388 1531 1647 927 1097 1756 2062 1021 1912 748 1815 1706 1839 684 2690 1822 1018 782 2666 789 1312 278 2478 1975 39 737 2346 564 1558 1297 1472 125 1818 464 2288 1143 2729 2810 1593 2726 1971 341 2040 807 2061 1541 326 227 454 926 1281 1591 2378 9 1354 334 114 2051 1918 1439 2561 1537 1582 1335 582 750 790 1166 1902 65 2833 618 1900 399 2556 508 1942 1549 72 1674
000171.jpg,834 1898 328 1677 309 400 2661 666 2317 827 2570 2795 1764 1304 897 928 2481 1836 1167 1324 345 1745 1593 1044 2401 85 2246 20 2103 2537 71 2037 60 2625 2627 1502 1791 2450 147 2547 2168 2573 2595 1277 2555 1892 2770 1286 122 217 556 2750 1376 1353 2177 1503 1556 396 2571 2839 2452 163 2674 1305 1741 508 1232 1661 599 2591 766 1378 1637 1484 1329 851 1873 2437 1907 824 789 2778 2031 2335 1342 16 2249 2199 1829 2197 1729 1919 847 2193 118 757 920 1771 761 1188
000172.jpg,2289 1781 2199 1307 1342 805 1022 2794 1931 1074 1262 2142 1771 1118 1225 526 1710 1569 2070 1955 2183 2091 1282 296 2445 356 1967 1035 1843 290 2526 2467 654 2236 2819 655 1839 1692 271 1881 1738 2669 2179 1397 420 75 148 1605 2558 2348 751 1139 1953 1184 2220 270 408 89 617 268 2515 1656 1822 1010 1441 1197 1942 2611 346 187 1362 1391 431 1356 2768 152 165 1395 496 2335 368 323 1601 1439 1623 1203 992 2046 2130 550 1663 2237 2821 1140 1755 2550 2326 2527 402 2265
000173.jpg,75 2220 2669 1738 2348 1139 1953 420 1397 2179 1184 148 1605 751 2558 1623 1362 2046 992 1439 1197 1010 2445 1282 356 2091 296 2526 290 165 1035 1839 368 431 323 1601 1820 944 496 1501 2788 1038 1616 1488 785 2386 2076 2724 568 1458 1004 1772 2649 735 2424 2688 977 179 2497 1146 1369 1754 1208 835 2419 2328 198 2161 2491 945 351 1710 2639 2542 860 1881 1489 1704 482 1344 1092 238 1931 1532 225 458 1967 655 2142 1787 654 2236 245 408 1692 826 2498 2200 2768 713
000174.jpg,1110 2112 2585 2737 940 2324 1343 1204 949 1041 1949 43 1768 84 971 941 450 594 2353 104 1922 781 2084 2583 1123 2148 219 2652 627 2025 2683 2057 1840 2291 1874 494 574 1223 647 934 849 2657 686 1777 2286 689 310 1866 481 335 245 2491 2424 2328 1772 225 351 735 2161 1038 945 1704 2788 1004 238 198 1092 2497 2639 835 482 1754 1458 1616 785 2386 1532 568 2688 61 2582 804 331 2421 1501 944 1820 192 2724 2649 977 1787 418 179 2542 2419 1899 207 2076 1344
000175.jpg,1495 2451 442 830 2397 332 2227 1713 1980 497 1946 680 1178 1794 78 302 176 21 1132 1678 2029 1311 593 673 749 340 291 1586 603 434 1053 2549 2786 2350 1431 1008 2436 2196 1580 2158 2275 942 389 1126 2543 1676 2262 833 1450 1620 256 1588 1732 2518 2544 937 2170 2063 943 2743 1033 2675 1200 2748 606 979 852 154 591 2538 292 142 893 2660 743 339 681 1890 1449 616 555 1959 1073 2415 866 1718 1888 1796 868 2423 361 62 1414 2732 554 2151 365 1079 2364 709
000176.jpg,583 2277 2740 842 2053 2047 588 1664 2493 703 1124 976 1289 1590 2072 280 956 884 2456 77 267 1477 1238 1291 846 676 1735 895 2266 93 2787 1631 991 1080 57 1292 1334 1675 720 2581 2703 667 1665 880 1086 242 2127 2694 428 249 891 465 2184 1758 2823 2797 1358 1193 1377 130 2418 299 1497 1724 540 1348 2691 1166 2206 1421 1765 798 1324 366 472 1081 1087 2509 2327 1580 2672 1272 1323 370 200 158 323 2485 190 493 133 629 134 170 1810 756 1506 82 1196 514
000177.jpg,431 1692 655 654 2236 1881 1439 1010 1197 1953 148 2348 1738 2220 1605 1139 2179 420 2669 1839 2772 1184 1397 2558 2561 75 751 2445 323 1623 2091 1931 368 2526 496 1362 1721 1967 268 2046 1710 2376 2142 2768 290 992 1282 356 408 296 1035 165 1406 2329 371 321 1601 617 684 270 1488 2115 2620 381 759 1012 2051 1312 1296 1899 2827 1938 1725 2482 1775 1313 1553 1499 168 826 475 525 313 1437 559 2500 1307 1563 348 1536 1275 2 1715 59 621 1902 2470 1486 60 2021
000178.jpg,355 908 1200 2331 2453 2487 1812 996 2530 1331 2802 1040 243 1410 1988 1044 88 1564 1105 1396 575 1729 1128 1527 2045 852 1621 1732 1476 535 1587 256 237 2262 616 603 1796 2420 830 1450 1713 1178 2523 610 1968 392 929 1620 2131 833 666 1407 1449 630 2300 1174 301 1002 1419 2357 2426 2166 2563 102 1382 2106 2525 1119 870 94 416 2519 318 1136 716 1978 365 1152 855 1548 2377 269 1133 1838 821 1634 1584 774 825 897 1678 683 2394 1850 1036 2246 2243 2260 2417 883
000179.jpg,2119 68 2144 2252 2105 523 534 1852 2785 1728 1563 2164 1846 81 2111 2441 2479 1117 2827 1489 1876 2157 2742 2809 596 705 135 2716 1035 1011 60 2202 2489 1231 1186 1179 316 2668 1917 2534 1778 2059 1003 1476 1562 2454 847 1569 1741 1262 1070 218 1164 585 1376 757 1606 2472 26 2173 2698 2181 2476 843 2842 983 162 239 2191 491 997 1076 1651 2507 1473 2188 2442 120 644 734 255 28 1142 2308 322 580 1746 2629 2089 1484 717 699 521 1109 732 2279 139 2578 2427 1827
000180.jpg,2606 1172 1388 161 2309 2769 965 2267 1901 201 2380 1236 404 2512 882 896 1518 1197 1010 2480 2010 1253 2312 1422 260 2676 1468 1627 2344 1148 970 489 2564 524 1045 1151 1490 2200 2307 2670 769 2826 178 712 2628 1313 2376 1775 2020 1453 321 972 199 2276 1499 2329 283 2035 1113 985 671 1561 2728 398 173 1466 338 2503 1578 69 1886 1670 624 2620 2491 2056 2328 735 2788 945 2424 1038 238 1704 1772 245 2639 225 437 1233 563 482 1092 1969 347 1511 1754 1819 2558 1703
000181.jpg,60 487 1031 791 2587 1508 1681 2647 1528 711 253 1565 1384 69 2389 1455 2571 2079 117 1979 1606 1954 293 2250 2591 2219 1519 1367 2154 1239 2193 907 254 1137 2492 377 2320 730 1608 1740 250 2798 531 2750 2051 1677 1741 2539 1070 545 1680 2756 724 65 915 504 2387 1817 2697 1512 2533 633 921 9 1550 1876 1442 932 2019 276 120 2534 2569 698 1400 2671 1370 1902 328 1938 1484 2800 2627 705 780 413 1553 734 1165 2325 1160 435 2361 1775 1243 614 1379 806 92 1499
000182.jpg,1727 1304 1188 1790 2648 827 1502 71 16 122 217 2437 935 2642 2317 2791 2595 1034 576 1277 2555 38 2071 793 642 309 2795 2570 1764 400 834 570 1811 1765 2721 2212 1327 1828 499 2661 2268 2623 448 1571 1286 2461 1859 230 2372 412 1167 2180 47 1629 1865 345 1090 2537 600 396 2481 1524 2222 2352 131 2781 1981 1607 2401 1749 556 1694 2422 1013 147 2168 2707 922 2096 2197 836 2571 1990 2058 1355 2296 1108 1661 2839 993 1474 2640 2192 1060 205 1467 2246 1044 2450 685
000183.jpg,380 429 1160 760 522 2349 2387 99 1137 2723 2219 276 1037 1938 1211 2702 2003 492 513 25 1833 2658 512 2757 1154 1209 731 2126 2469 961 1599 2482 1721 1346 1390 79 1986 193 2364 988 36 1553 2108 414 2117 273 1242 2104 2362 1122 2524 427 886 2722 1890 340 2140 1976 1775 1499 579 866 555 2618 2078 841 2038 143 696 258 718 1373 2771 1492 2654 2165 2416 277 292 893 1443 417 194 142 1759 1956 1557 566 2844 1430 342 1699 1834 2614 2255 208 955 614 767 2225
000184.jpg,1804 2430 967 576 2180 2781 47 2422 1990 2296 449 344 1224 2235 1278 91 240 2640 2189 733 2742 1099 180 1500 1876 2284 391 1216 1300 2444 34 127 2129 680 2749 1547 97 722 780 1141 124 1349 729 1803 2496 2511 1924 14 113 2710 1713 1514 1268 241 792 2654 1067 630 2003 1505 799 1878 1266 1167 2068 1101 362 1841 1986 1524 1956 2280 2325 1346 92 147 2372 1222 1728 166 1571 2023 2212 1327 2642 1828 1407 683 1538 2417 154 600 269 2801 1838 1727 2523 1790 2268 2466
000185.jpg,1068 1379 1243 1384 1442 2492 1187 730 1528 1740 1929 2587 589 69 2250 639 1717 74 995 2775 921 1451 1979 503 247 828 65 655 654 1692 723 725 903 2236 1881 539 1839 1720 768 1107 1821 1578 1359 2592 284 1340 848 990 672 1830 2149 1908 297 1235 702 931 1845 2624 688 126 191 865 1361 1579 2569 2114 1298 1439 2480 804 2016 862 80 2220 331 2421 2669 711 435 933 2828 726 622 1788 1434 925 1817 2724 2419 2649 173 1627 2076 1417 1208 1561 524 2344 2078 2676
000186.jpg,146 1899 2827 1083 290 2526 279 348 1623 2046 992 1362 2448 207 418 2142 1710 2560 2087 1563 168 1255 1035 559 313 75 525 1437 169 2500 2669 408 2220 732 1483 192 1536 1274 2091 296 431 496 1487 1184 148 2179 1501 1953 1738 944 2348 420 1601 1605 1139 1820 1397 2582 751 2558 2442 644 2188 2498 2353 2445 1782 356 1282 594 268 104 1757 1922 1960 1076 1651 1199 781 1365 974 2507 1011 450 1486 61 689 481 1866 2164 335 1127 1439 2657 1777 310 1451 1931 2286 686
000187.jpg,523 2827 2181 596 847 2785 1563 559 2252 316 1437 525 815 313 2059 2500 49 505 587 1827 2283 466 171 1339 1789 81 534 2119 1296 1896 348 2035 2441 2111 1710 1313 2142 2742 2479 1743 2157 1870 1262 168 255 1543 2173 2105 135 621 2819 1885 2021 2716 1179 2531 2089 2164 2574 1307 1164 734 2698 1127 408 1741 1190 2427 2626 2527 1117 1486 68 59 2144 1330 132 2445 356 1282 2470 1983 2079 2091 1555 1035 296 220 2526 2708 290 2594 1376 1852 2188 239 1781 2442 620 644
000188.jpg,1473 1489 1011 45 2393 1639 1592 137 1917 2382 1937 948 1464 2248 2813 653 689 1866 2286 1777 69 310 686 481 2657 335 1347 146 959 1121 1170 1703 2230 1708 2552 1949 1110 2112 971 594 1041 949 43 168 2737 104 2324 940 1343 450 1204 1768 84 1922 941 2353 2585 781 2130 338 1466 1391 152 1899 934 1038 1616 785 849 2583 1004 2639 2386 219 1754 2291 2788 2424 2497 2683 647 482 198 2057 1840 2084 494 1874 1092 574 1772 2652 1223 627 1458 351 735 1852 225 2470
000189.jpg,930 982 1479 432 2001 2755 969 2140 1976 2104 2524 273 1122 1242 2117 763 1684 792 2710 1514 1211 79 1964 2225 2559 955 1215 2319 2614 2255 1539 557 2727 2065 2722 2097 2654 405 1834 2379 1521 1049 461 143 718 193 513 2298 1851 961 1256 414 1516 2015 2496 1924 2003 770 2221 1209 277 2685 2771 1373 988 30 638 2757 1769 1509 975 1546 2517 579 1154 512 2618 901 2793 492 573 528 7 1216 1630 2658 2444 1793 1252 912 1058 1112 2723 99 127 2731 2844 342 803 898
000190.jpg,1135 1795 2597 220 383 675 1307 682 2438 1356 1885 2265 608 2821 89 402 2049 2335 963 2794 805 1022 1441 394 1774 2515 872 2467 2199 2011 2070 2326 346 1921 2289 2093 936 1140 2183 484 1143 530 786 523 2611 740 1773 1161 1513 506 1395 108 1781 464 1755 1847 24 187 2604 2414 1177 107 1507 252 1024 2311 1576 1650 2840 1074 1771 1342 2237 2181 890 271 2610 2505 2465 2550 592 1383 1656 1889 2404 744 1061 2594 1942 49 1056 525 994 526 1822 408 1118 1225 313 2500
000191.jpg,1096 389 2196 1338 2034 312 1009 2484 837 2455 264 1159 64 1580 1656 799 155 1873 2764 1676 1713 1946 154 1588 1926 1495 2834 113 1134 1156 1349 1586 729 1620 442 1919 2397 1449 497 2371 2019 1178 2063 1292 2170 1719 2129 920 2073 2211 873 1067 2544 2284 203 2301 1246 1332 1841 362 449 2675 495 680 2626 2547 241 1583 1878 1791 825 1132 562 1574 2208 349 2486 2545 591 2433 1778 943 536 1375 1118 611 2024 1743 1543 630 344 771 741 929 616 2530 996 291 1500 736
000192.jpg,352 551 2486 899 967 317 1993 892 649 2635 116 2158 1800 2094 1880 592 51 1057 1169 1 814 181 1401 2708 1234 619 1540 1280 1416 2700 2100 1262 2092 210 2310 1689 115 108 476 1618 2536 695 1071 228 857 1447 412 2613 491 2418 195 2811 2825 46 444 506 1815 1032 2308 1927 692 2041 570 561 2472 389 1469 2662 2128 510 2292 1640 2736 1117 2461 419 465 468 2313 1698 1935 2842 439 1765 2407 1091 264 2455 305 1159 2253 777 1043 1463 2807 1392 37 1733 2235 2070
000193.jpg,2571 2278 1661 2473 793 2168 2807 1078 636 1090 1487 2079 1694 2094 1811 2189 953 922 1318 1880 443 1536 2643 294 1447 2284 643 160 2146 2623 376 448 216 175 2018 2521 495 1502 510 2326 734 2128 412 333 2203 1469 138 719 1401 2595 1332 1843 46 2058 2162 2254 894 357 764 8 1259 1749 511 2192 2461 2008 2551 556 195 1194 570 2155 1981 2222 2565 869 1763 2560 393 2087 131 1698 1625 2466 2720 2700 2831 1483 167 2481 204 1530 2136 1244 1765 1176 2816 1939 505 587
000194.jpg,601 1928 2373 315 359 2663 215 1842 18 70 386 190 1125 436 2409 2282 1372 1832 1753 1195 816 2 2240 2509 1594 145 578 1114 2653 1357 2187 1406 1809 2304 714 988 803 2185 1257 557 2478 211 2529 1558 1390 66 25 1863 853 718 143 1834 1982 2363 2391 2596 1793 2757 1522 2622 823 2367 626 2477 2163 1129 1389 1295 1531 1986 2323 254 2510 451 2043 887 1106 1619 2460 1915 2777 2077 522 1699 6 2666 1180 1157 2256 4 1916 2818 164 951 1822 2824 1085 750 1900 1173
000195.jpg,2080 1120 1222 953 1346 2203 1687 1318 1487 2107 2125 53 1198 308 560 1536 2278 1669 2571 1130 15 1075 272 985 1206 1443 1420 409 398 1904 2548 2503 2410 165 2728 1767 691 713 1944 1055 2294 738 831 2214 2506 1341 1147 1843 1116 872 663 365 1714 535 538 439 2748 2519 491 717 2279 480 1424 821 2514 1560 876 1959 1462 2734 1592 45 1589 1219 2135 1051 1261 137 604 2476 1218 2241 474 1412 1968 2263 1634 619 2534 1393 610 1586 1422 605 1094 1606 843 260 2842 2708
000196.jpg,147 2749 1216 2444 729 1349 344 2235 91 166 1141 733 1804 2496 1924 97 680 1505 2430 1067 2710 722 1514 2654 127 1268 2784 792 630 124 34 2068 2296 1713 1266 2189 765 2640 1956 1099 1878 1278 113 362 180 1841 1224 1719 1167 2003 1547 2129 1346 2280 92 1101 154 1803 241 1986 14 1215 2226 799 1500 2180 2284 2511 47 391 449 2325 780 1222 1524 1407 2742 1990 2781 2422 536 414 967 700 866 2196 2140 1976 635 2793 2023 2357 30 1509 638 1132 961 2300 825 716
000197.jpg,2753 2289 1663 2665 12 1101 707 1118 445 1307 1617 1649 391 2837 947 1886 677 1781 2352 1111 2011 1054 2840 2085 2093 2767 2591 521 1725 696 2707 2038 1956 123 964 532 2028 2539 2349 1555 1247 522 1160 2364 1512 903 799 2843 768 1099 1938 2280 194 780 2325 596 92 1418 2702 65 671 858 2482 276 1499 2568 2495 2604 1775 1822 390 53 1446 1553 1137 2219 1606 755 1715 220 1774 2006 2320 444 1961 1112 724 1094 2838 760 1037 30 2515 121 901 2330 1764 2570 2427 1268
000198.jpg,2690 1018 782 39 654 1312 655 2236 927 1692 684 1975 1881 475 1918 2561 1984 1281 1789 2378 1591 621 1376 206 2810 2704 49 2051 2531 2346 1593 2061 454 2288 1710 2142 1472 1927 807 1647 721 1715 1839 1254 1902 2669 2220 1781 564 2157 1021 214 1577 926 1912 464 1433 1706 1608 247 408 290 2526 125 1297 1143 502 2471 103 789 2601 2509 431 1362 65 664 2152 1323 1818 1601 2016 2114 1602 1097 1623 2203 2046 992 200 737 496 364 2726 2666 1488 1512 952 910 598 618
000199.jpg,2402 564 372 2729 341 1912 1097 1972 1647 737 2062 2388 807 200 1916 1021 1831 1655 952 364 2288 721 1818 454 1221 789 1312 2281 2478 1472 926 39 820 2561 1603 1593 2666 1971 326 1822 159 2040 1537 1254 2515 1293 23 2810 2726 1591 2346 436 475 285 1084 1975 1881 1706 1297 125 927 654 2061 655 1692 2236 275 1657 2690 684 464 1281 1143 782 1018 1335 1723 2687 1063 2067 1080 1918 2520 582 1531 650 2602 1402 2171 9 2113 910 2556 1354 783 741 2378 1118 2778 748
000200.jpg,1769 2622 1759 1557 2319 1851 2731 1137 2175 1549 2719 923 2219 2304 697 461 2185 1390 1394 1115 1209 70 1175 2323 2540 1427 529 251 215 395 557 803 790 898 2001 2658 1389 2755 969 2722 1242 2104 79 273 646 2524 143 1951 1122 718 1306 492 988 101 513 2546 2759 99 1256 1619 1539 955 982 2225 1479 1211 2504 432 2559 930 512 1793 1154 2723 485 961 1106 2614 770 2140 2460 2255 2003 193 1976 522 2381 763 1982 1863 2363 1373 2771 342 2844 853 1129 1660 2607 1925
000201.jpg,2717 1452 645 657 668 1653 1923 121 125 1297 1921 1785 1150 1813 2779 295 447 2414 1177 2244 107 1026 1932 1295 324 1062 2840 1118 2265 2022 1140 456 1879 788 840 1494 2002 1143 470 287 1752 2665 1465 2703 888 1281 149 306 1500 194 40 1432 158 798 1744 2024 634 182 2466 1760 1712 954 2753 856 262 5 1724 134 2069 1333 110 153 1685 2841 1649 1434 130 1081 1497 451 1793 1069 268 2604 2590 2352 1030 2517 2767 1730 1638 1588 901 536 2068 1268 193 2090 619 707
000202.jpg,58 2206 2327 1377 2004 2581 1758 2691 1358 1196 1421 82 472 991 1193 641 1675 1086 667 880 242 1551 366 2456 438 2418 130 1348 756 422 798 280 1861 1665 2198 796 2187 426 884 1409 2355 1030 421 720 560 2415 2694 2356 2127 1420 158 2217 2436 842 2350 2053 1009 2423 2484 1292 1375 1229 885 937 2740 514 1522 2455 604 1888 868 113 264 1590 2364 2659 583 2054 292 1311 142 2047 1664 893 673 593 1477 1890 749 2151 895 93 1345 267 170 2549 634 1264 2384 1794
000203.jpg,1912 546 2281 1697 1077 1084 281 2288 159 2171 1293 2114 2043 1683 285 206 926 343 39 1189 829 1884 1097 629 1603 275 8 1093 1300 2449 1080 1911 1537 1254 23 2086 2706 820 953 372 1221 1482 1525 265 2561 690 1610 2167 865 1380 1882 1801 1205 922 333 1751 1083 2430 824 1836 2547 1973 2437 2263 38 620 701 298 2687 1570 2593 910 1144 1402 2520 1647 2402 1972 2132 564 1818 2705 247 807 2157 973 1577 737 582 2677 6 2314 814 789 1451 454 1472 1312 783 1996
000204.jpg,1178 1495 442 269 2523 2023 680 2296 2417 683 1584 2472 2196 1224 2714 2418 116 2451 1132 2609 1698 1580 2436 1936 1008 2100 1416 649 2158 1993 389 1181 2538 2399 1392 1548 1713 830 1645 1126 1450 2397 1990 1838 2748 1588 1620 1676 1673 1946 1980 603 2180 47 2202 2095 1095 203 1375 2544 2745 471 2190 1438 497 2275 2543 154 288 1134 1678 1449 943 1586 307 1714 576 2660 663 483 777 2802 2063 2422 2454 2212 1327 2343 1116 996 2530 757 1067 2260 1538 1800 967 929 332 2170
000205.jpg,217 122 317 423 2030 2213 2781 1227 1991 412 444 1694 510 892 1502 2128 1927 1032 1232 1469 1540 63 2550 2253 230 1698 195 511 2317 1981 2700 2427 1790 2648 1188 2642 2791 491 2632 1828 1026 2180 1117 2422 2623 439 47 51 448 1990 2707 2721 1091 478 2096 973 936 1048 685 628 1571 2212 1327 2268 600 2352 2708 229 1567 1015 649 2417 2372 661 1560 1685 788 683 1936 2100 153 1150 1714 459 2343 663 2135 64 2713 632 2428 1237 274 1894 40 1533 1507 288 1610 2662
000206.jpg,968 2370 1052 809 1456 877 2081 411 2789 1284 1910 2681 2306 2098 118 2101 2689 2365 890 2083 1823 1145 808 813 2103 871 31 1554 205 2264 1029 507 2027 2747 1305 33 705 1461 2799 2528 2674 1741 1865 2216 1188 1941 449 2680 2627 2305 2527 612 567 2537 2594 602 924 722 1644 2044 1913 224 1781 1907 1568 383 326 413 2715 2065 1512 780 2097 1650 1429 209 1835 838 734 1111 1047 1935 2629 2711 2816 1729 1891 1854 1400 85 2798 1463 2041 599 64 897 2511 1920 1657 754
000207.jpg,754 1450 572 2305 2680 2249 2027 1673 350 504 488 1935 483 31 1962 761 2736 2086 1680 1031 1174 1527 2369 435 1429 2715 1882 2629 50 1073 1678 2275 2258 603 1550 1463 365 830 2543 2041 118 2492 1183 2377 822 582 2399 326 1646 1088 2045 1230 1968 795 2100 2748 2313 650 1322 1495 471 1438 339 2745 2719 2190 2660 407 2238 924 2451 2711 1042 1980 1093 1858 308 1370 2250 205 389 871 108 649 585 1729 1996 1570 468 2528 1993 692 1998 2292 920 32 1950 2073 541 917
000208.jpg,1291 546 23 677 1238 267 1615 629 891 2797 1080 1472 159 271 589 2016 1300 200 1323 2281 1658 1272 1097 2509 1987 1912 1824 1672 2783 496 281 74 1426 1601 919 1381 1221 1293 865 372 249 1602 691 2561 820 2278 2592 1810 1485 190 1084 1961 285 2048 1853 2677 1537 1565 1536 531 660 2412 2655 2512 1124 2803 1254 1483 93 895 913 2403 1561 106 631 1334 2486 2480 2506 1506 690 2316 1158 1717 1884 1147 2439 986 622 1477 291 2322 2064 837 1788 303 1207 1994 235 1681
000209.jpg,696 532 2028 12 1956 1715 1247 1961 123 2539 291 2838 2280 2482 1536 2716 92 2315 1094 2495 1606 2506 1318 755 2278 1147 2038 2798 691 2702 1602 1365 1960 214 2783 1757 1199 1483 974 1274 858 390 516 2150 1447 677 53 376 1987 2697 2006 2067 234 36 903 768 2633 2571 2079 671 1555 1512 1938 799 1346 707 2325 1255 2013 913 65 2320 522 1222 300 2349 1553 553 2843 2837 2387 2219 2224 2364 1095 1168 1299 964 1499 276 1721 1775 1037 760 1137 724 2704 837 947 1054
000210.jpg,2528 326 411 2411 2790 1102 1568 567 2627 2044 1644 31 2027 118 2680 1456 2103 2711 928 1657 2305 1935 1463 2081 2715 924 585 1920 1854 2511 1729 1042 2778 754 1902 808 1608 1400 998 1284 2264 382 85 250 475 2346 2012 526 2043 778 1916 1063 1723 2792 987 2370 2545 2098 2178 1429 2066 2113 2629 1405 188 877 2391 599 813 1088 2501 274 1606 1213 580 572 1066 64 897 950 1656 1873 2611 994 613 2361 864 2232 2747 304 2042 1547 826 1791 1737 2249 2034 1085 504 2682
000211.jpg,1452 472 1421 2691 2355 764 366 131 1279 2109 150 991 2374 140 1868 641 2468 1069 888 160 2094 1530 1358 719 2018 619 1078 40 636 1758 2004 1765 2643 2816 556 2473 2595 1744 2521 856 1401 2466 1474 204 134 1811 1923 2326 1332 1671 2284 1471 1932 138 2717 443 2535 1090 8 2168 1694 294 1502 668 2368 2146 2162 495 412 2779 2565 1082 2571 327 2807 1638 1180 645 1500 2501 510 2630 1104 1341 1403 1661 2481 2058 1232 2254 357 2192 793 125 1297 37 1194 1281 2551 2265
000212.jpg,423 570 2468 2807 1205 793 2128 1502 1765 1811 37 510 1474 412 922 1090 2648 2623 1524 448 1694 2058 2820 167 2254 357 2192 294 2791 2595 2018 1194 719 8 2340 443 2605 1790 1259 1091 935 973 1060 2461 2008 1078 2284 2551 2146 1471 2434 636 2368 1626 38 217 495 2473 2326 1188 122 1981 1610 764 736 2555 1898 1277 2721 1227 2096 728 2176 993 2641 397 55 1991 1467 1028 2234 2071 1927 1517 2159 2094 1540 2360 1661 1469 2642 2317 1727 2222 1082 2189 642 1865 1669 419
000213.jpg,795 1615 818 1947 693 1459 1589 814 604 2637 717 876 2368 2447 1626 1280 1748 94 2548 1880 794 2621 2586 2399 1882 2004 2780 2534 584 649 2337 2519 1993 1403 189 2264 2247 1850 1572 2100 2627 2598 567 1673 2773 775 1577 1094 2081 808 2734 1639 2393 1260 1709 874 2204 774 1130 1633 1525 2742 393 2748 2301 354 330 307 2750 1962 441 1121 2560 1170 1347 2099 2718 1708 2087 1244 1581 1020 845 2073 490 920 2660 1950 541 917 2431 32 550 680 762 1057 1132 2243 1025 1008
000214.jpg,295 2414 1177 1653 1494 668 470 2002 888 2022 158 107 798 1432 2703 287 1760 1712 182 954 1141 1923 306 153 1685 1150 2090 149 125 1297 2806 891 501 1730 2717 1813 2604 1500 552 40 2779 129 1273 1921 1333 77 447 121 2187 2766 1452 5 1879 110 82 514 1276 180 2841 704 1295 657 758 241 1072 2840 1472 170 2659 1551 2430 2244 1744 880 1086 242 2694 1345 1665 2781 780 650 267 1831 1655 913 210 402 1087 1003 2330 1736 2327 927 2198 2284 449 1755 842 1099
000215.jpg,1708 1121 1347 1170 2560 2087 1592 137 45 2657 686 2286 1777 335 1866 689 481 310 1899 2353 1922 594 450 781 104 146 2582 1949 1110 2112 1041 2585 940 2737 2324 1343 1204 971 949 1768 84 43 941 1123 1255 1391 838 934 152 849 2130 2583 1703 2491 2328 2084 1038 225 2057 627 2683 2291 2652 2639 2025 1772 494 245 1704 168 835 945 2148 574 1616 1874 2424 2161 2788 219 238 647 735 1223 351 1004 1840 1754 2497 482 785 1458 198 1092 2386 2772 2248 948 1464 231
000216.jpg,723 1359 539 725 2149 1720 126 688 1821 297 1235 990 1340 284 2624 1845 1908 1107 1830 848 931 702 1643 995 1451 865 1693 2242 2656 828 247 1578 2084 2652 2683 647 219 2291 2148 574 2057 2025 494 1223 1874 2583 1840 627 2582 767 1123 2678 1041 949 1561 1949 2353 2112 2737 1204 640 98 940 2772 43 1343 104 941 971 1819 450 1110 594 1864 2324 2585 781 84 1768 2334 2462 2016 1922 1323 1767 69 173 589 934 1038 1464 2382 146 2248 1937 624 1170 948 2813 2580
000217.jpg,70 215 2622 646 1951 1306 2304 1394 315 2759 2546 1175 395 1900 1390 1106 1389 2504 485 1557 1759 1115 2323 962 1798 101 529 923 436 251 1427 2540 697 2381 2644 1801 2499 714 1942 545 1825 1928 1558 254 2185 1769 790 2054 1166 2409 2000 1257 2219 1137 703 386 1851 1085 2175 1549 2731 2319 2719 461 932 359 1163 1903 601 1195 816 1915 2256 1594 2663 1721 177 2122 2 1310 1609 2778 1753 364 676 2829 2797 2391 2757 2596 1834 2653 823 2282 1842 190 18 1406 694 1642
000218.jpg,1998 2770 2305 1183 350 1742 487 2369 813 2041 50 871 1646 1031 924 772 542 54 1893 710 2257 1654 754 1920 2782 1508 1396 1681 235 2680 504 1935 1354 1677 1892 1979 1695 2037 1771 2625 1088 1287 2014 2258 117 2259 375 498 479 1000 1659 2027 2303 1739 425 2228 337 2774 2124 460 1579 2664 2812 1370 2715 1641 582 2249 9 572 2711 360 31 1614 1325 791 253 367 1853 1680 1225 2647 2086 1423 2736 2103 1954 2193 508 1770 1962 2154 118 1429 1528 435 1455 2750 2492 2377
000219.jpg,2461 1765 2662 1859 1811 2623 412 448 2648 793 570 1090 37 888 1043 510 1474 1524 2418 210 857 228 2807 922 1502 1205 2128 1694 1060 2340 2820 991 641 2372 472 2058 2468 2192 2254 357 642 167 2473 2071 1790 1421 1034 2691 1828 1861 1936 1188 2268 1727 1327 2212 2551 1540 2428 294 2284 619 1227 2721 1991 764 443 1560 38 1194 1610 1015 2317 2595 2422 1981 2180 47 1865 2781 122 217 2555 2642 1467 1277 993 719 229 2008 2118 1618 1990 1626 2368 2096 2355 2791 459 1629
000220.jpg,2683 219 2084 2652 647 2057 2291 1874 494 627 2583 1223 1840 2025 574 2148 971 2112 1768 43 949 1110 2737 1949 940 1204 1343 1041 2324 941 84 2585 1038 2639 2424 482 1616 2386 785 1004 198 1458 735 2497 238 1092 1754 835 245 225 1772 2161 351 2788 1704 2491 2328 945 2649 179 2724 1208 2419 2076 1146 2542 977 1344 1123 594 104 2353 450 1922 781 804 934 849 2421 331 2582 689 2286 2657 481 1866 335 686 1777 310 173 925 1417 2688 1532 568 1787 1561 1899 1468
000221.jpg,2115 1488 2558 1899 751 2179 1397 1738 2582 2348 420 148 1953 1605 1184 1139 974 1757 1371 1365 1960 300 1199 2242 1693 2656 684 2620 1255 1433 440 2526 2475 290 2263 2678 168 86 1302 1110 2580 2585 450 2112 598 2353 2737 940 1204 1343 2324 949 1506 104 43 594 1041 303 1922 781 1949 986 971 2485 329 84 1768 941 2084 2583 219 2148 2652 627 1840 2025 1477 2683 1874 2057 494 2657 2291 106 686 689 257 1223 574 2286 647 1777 310 146 1123 2491 735 335 2328 2424
000222.jpg,309 400 1836 827 1502 2595 2168 2481 2661 1304 736 2839 1661 217 122 1286 20 2284 2401 2437 2570 2795 1764 824 2547 1556 556 294 834 2146 2616 1637 1329 2011 16 1694 396 2555 1277 163 2571 1324 147 1378 40 1353 328 2335 2648 495 138 510 2018 2128 2162 2326 636 204 1078 1232 160 1332 2643 2222 602 851 2450 2521 2573 1744 1401 1843 740 1021 2726 2203 131 1593 1104 230 1167 1629 2239 345 1500 1907 1932 1919 1607 449 728 55 397 2641 2176 1791 2764 1927 457 1873
000223.jpg,927 1918 2690 782 1018 2509 1984 655 654 1692 2236 1881 1434 2378 1114 578 1312 475 684 1975 995 618 2016 39 1577 1323 98 910 640 581 2334 2462 65 268 727 502 247 2601 2471 103 658 1608 1254 768 848 903 862 126 688 1107 990 931 1359 702 1830 1340 723 284 1821 1413 1908 1845 1720 1235 2624 297 539 589 1361 725 1451 1712 2114 1760 2149 182 1333 954 334 1512 206 2017 1186 657 1357 614 1643 664 2667 1767 806 2314 2157 783 1297 125 1472 1831 1655 6
000224.jpg,1132 500 2685 571 889 722 30 2140 1834 2818 1252 414 951 1976 2511 2333 2117 536 2298 1509 638 2068 2496 2015 1924 2482 1431 1268 897 1547 1791 2098 7 763 1684 1435 2793 2710 1514 2614 792 2255 1964 2097 1479 567 2065 1546 2798 1049 930 1215 2444 1058 982 2379 1521 277 1216 432 1571 2357 1211 2727 1112 127 1978 405 2221 2747 680 1630 2654 808 1242 1067 1606 273 2104 2235 2524 1122 79 91 1516 1833 1119 961 901 143 718 461 193 1621 2246 1065 2640 1956 2741 916
000225.jpg,1057 899 551 1800 2292 2536 2736 2835 2825 967 2399 116 1169 2100 51 692 97 1126 2407 1618 2310 1604 491 2662 1806 2372 1880 108 389 2417 2180 1936 2268 683 1993 2473 2707 47 1645 1698 2650 352 2253 2340 2317 1865 2428 1560 984 1790 661 1327 2212 1015 1610 1991 229 2623 1999 1567 2352 2422 2135 412 448 2642 1188 122 2791 217 2648 1828 685 1548 1533 1280 2118 166 2721 1981 2030 2713 459 1469 1227 2194 1990 2213 1714 1425 663 71 1095 814 317 2781 600 649 2235 973
000226.jpg,1661 333 2278 2168 957 1469 2092 2269 223 2079 2571 1907 1447 856 1217 376 1806 2338 1483 824 1880 967 1824 1540 851 1804 63 166 2807 2547 2811 2430 2700 2153 1019 744 1176 2635 2466 1556 1836 240 576 894 214 1749 1502 1987 1637 1329 271 2633 1602 2048 216 217 2013 234 106 122 2481 695 891 163 195 1472 2831 2335 2401 2437 23 1318 1286 2339 935 1324 1378 1108 147 396 2237 2253 1876 1238 2412 328 511 1790 2591 20 1013 1593 837 546 309 1536 2473 400 1283 1426
000227.jpg,1110 1041 2112 2585 2324 1949 940 2737 1343 949 1204 43 971 84 1768 941 1922 594 450 781 2353 104 2583 2084 627 1123 2148 2652 219 2025 1840 2291 2057 2683 494 1874 1223 574 647 934 849 2657 1777 2286 686 335 1866 689 310 481 1038 2328 2491 225 245 2161 2424 945 735 1704 351 835 2788 1772 1004 1616 1754 238 2639 2497 1092 198 1458 482 785 2386 568 1532 2688 61 2582 804 331 2421 944 1501 1820 192 2724 418 1787 977 1344 2419 2076 2649 207 1899 1208 179
000228.jpg,2339 2612 1446 2616 2229 2330 1112 2392 1270 1249 2619 665 1258 704 1294 1939 262 2466 1355 2352 2093 445 2223 2120 2481 2401 1828 2338 1806 1994 1749 1435 166 2707 2388 2168 294 2591 30 964 2289 2011 1661 2253 2571 511 2079 839 1964 1698 1101 1575 234 195 1276 1095 1469 77 1043 2197 1119 90 2613 856 577 391 2700 1664 2635 216 1978 957 1447 913 2823 2473 223 2837 333 1217 1907 2278 376 1483 837 2840 2412 2796 2237 947 741 2269 2092 1617 548 1725 1255 2403 271 63
000229.jpg,2409 359 2663 70 315 816 1195 2282 2391 601 386 2 1753 1125 1928 1594 2653 145 1809 1257 1915 2256 1903 1440 2373 2529 1842 18 2622 2304 1085 66 215 1163 1390 718 143 254 211 1241 1372 1832 823 1834 1642 1985 2510 177 1609 2122 2596 2163 164 1522 765 1290 436 2824 2757 2240 1986 2345 2818 951 2064 2679 2077 2777 987 2121 626 613 14 1157 2012 2271 188 190 2367 2477 898 2187 73 469 1406 2804 817 2817 694 1721 4 676 1192 2347 2297 2651 1155 714 1628 790
000230.jpg,2351 1228 1716 2162 1612 1513 1773 1161 2061 1883 1647 204 1056 2169 501 1736 2521 510 2450 2404 252 2311 1061 1701 1685 160 153 1889 1378 1214 22 1171 40 2285 744 2588 851 1637 110 2508 1329 1556 1150 2841 957 478 1813 2779 324 509 1048 628 1062 129 1785 1026 2060 2481 1632 5 138 2616 2632 163 1019 214 2643 63 1766 49 2765 2766 2232 2531 608 636 1078 274 788 402 2567 456 294 840 1176 609 1232 1507 936 1923 1332 2821 1932 2810 2168 1543 2128 306 181 2467
000231.jpg,118 1920 754 2711 1031 1370 50 2369 31 1935 2812 1088 2715 1657 2027 1463 2770 1614 813 504 367 2305 2680 2528 567 2257 1673 326 928 2627 2774 1109 585 2098 1568 924 453 2747 2044 1644 2238 407 253 411 1231 2259 487 1354 1429 582 48 328 2745 1996 2190 1579 1093 711 235 2119 9 2629 2103 1508 1554 100 766 983 2809 2454 1728 1455 460 2647 1681 1606 1000 1739 877 542 710 54 1893 1042 1186 1608 1853 350 572 1384 1695 360 2782 2081 2664 791 250 633 1456 1770
000232.jpg,2264 1763 1625 874 869 2204 1082 2432 2631 836 1633 1709 1321 2201 212 549 2645 1280 1098 354 567 330 2099 2627 2081 2261 808 2174 2383 2718 669 922 94 717 37 1050 1006 1538 307 586 2534 1520 443 448 1572 1016 537 203 2623 1308 1635 1 1875 2750 2096 1220 935 599 701 1090 2228 449 1523 189 1790 2222 373 685 2773 85 2243 845 393 1936 1525 1060 1084 441 222 459 1425 795 2394 2557 1284 490 2156 2519 1850 2431 96 1245 550 774 584 1729 604 1644 2044 1844
000233.jpg,219 647 2683 2652 2057 2084 1874 2583 2291 494 1840 1223 2025 627 574 2148 173 896 347 437 1233 971 949 1110 43 2112 1768 2737 940 1204 1343 1949 2324 2585 1041 941 84 1123 503 104 594 2353 450 1922 781 2649 804 2724 785 1208 2424 482 2076 2386 179 2639 2419 1458 1038 198 1616 2497 1004 238 735 1146 1092 1250 835 1772 2542 331 245 925 225 977 938 2788 2421 2161 1754 1704 351 1344 934 1417 849 2491 2328 945 2582 2276 1643 191 828 865 1720 1107 1821 284
000234.jpg,2571 511 122 217 1661 2168 1502 1806 935 2437 1790 333 2079 1188 1907 2317 1698 195 2700 2642 1469 2791 856 1727 1217 1304 16 2466 1447 38 2807 2648 2781 1749 2180 1811 47 230 1927 166 570 793 2268 71 2473 419 2253 1540 2595 2212 1327 269 2213 1828 2030 2128 922 510 2071 1286 642 824 1765 1090 2613 317 2401 2461 600 2422 2523 2222 2481 1524 476 2623 2721 1227 448 2096 556 1571 423 1990 2023 2296 1981 1836 1034 1838 685 499 2547 2417 412 2831 1032 967 683 2278
000235.jpg,252 2311 2404 744 1056 1889 1061 1701 1766 1356 2588 1637 49 1329 2841 388 1201 160 1879 402 592 608 2779 2531 1826 1716 24 1632 2060 2574 204 815 2821 2232 2265 2632 1404 1339 138 2643 2162 1952 2808 2597 1024 2351 1688 2274 609 1530 1383 1503 163 1543 2177 1789 1023 2285 337 506 1281 2810 2335 1743 89 957 466 1932 383 220 675 1576 1795 1556 822 227 1797 2042 1337 2055 312 1934 565 553 2155 2762 523 175 1844 1314 2839 847 171 2696 2816 2594 1089 394 1100 1182
000236.jpg,1806 2603 856 2831 2473 333 2635 1217 1907 166 1792 419 1999 1013 1927 1153 1844 2571 96 1103 2168 1661 565 2182 2079 506 894 1556 352 1251 984 1364 2700 1698 1286 1469 2466 2004 1447 1638 2278 385 957 2136 1363 216 621 1315 2401 195 511 1019 1176 1288 2522 63 393 2092 376 2153 2339 2612 1336 2269 1244 223 1064 2205 2835 1749 2807 262 829 1540 2823 1090 1483 1057 935 1502 2338 115 2237 1375 922 300 271 561 1930 2223 1880 421 1255 405 1694 744 2643 636 2705 619
000237.jpg,2368 2605 1474 922 2018 1082 2758 764 38 2630 1180 1259 2254 357 1671 2535 327 2192 793 1765 2345 2754 2058 570 2468 2043 1734 2233 2171 1697 457 1690 1626 2555 1277 443 8 1691 2167 1669 1104 2641 55 728 2176 397 1517 1811 1341 736 1629 2355 1308 1028 2234 2360 2159 1467 1607 953 993 556 2573 2222 586 1090 1763 2437 2595 1502 2623 448 1661 2804 2571 2168 393 1524 845 1069 1194 1025 37 373 818 131 719 2551 2146 824 2284 2805 2547 1034 642 1694 333 1205 2008 1278
000238.jpg,589 247 1451 995 74 1717 1720 1821 848 1107 725 1830 126 990 1340 702 1845 723 1359 284 297 931 1908 539 1235 688 2624 2149 2592 1601 496 1961 2114 1361 2480 622 654 862 2655 1788 1158 655 2439 903 65 2236 1692 1413 768 2322 1881 1672 1561 2016 581 1643 98 640 1485 1767 910 578 2462 502 2334 1114 2471 103 2601 1323 1658 1608 684 730 1312 1528 865 1384 804 331 2421 925 1417 639 1468 2344 1627 489 2312 2676 970 524 2010 1151 2564 1442 531 1782 828 338
000239.jpg,338 1466 2534 2812 730 128 519 670 622 1788 2307 178 2670 1917 1302 1974 2800 1461 1305 2102 1640 1219 322 1954 2115 2483 2263 2699 907 2293 1817 1352 1565 1371 531 1681 1504 1601 496 2463 1561 136 854 1314 2489 1381 705 2655 838 2088 1485 1109 1117 1035 150 1433 2569 453 1672 699 1961 487 589 2512 1477 74 300 2480 2592 2152 598 69 1403 2502 1400 2809 1876 137 1728 1979 1158 2439 2763 762 2322 60 2558 1778 45 1506 1592 2365 209 420 1121 986 2145 148 1563 1397
000240.jpg,2078 1187 2224 2615 2151 2744 1849 1929 1275 800 1733 520 2413 2566 19 1269 135 1478 1448 1529 2390 2295 424 1722 1867 2408 2354 2165 1485 1243 1379 1068 1490 832 1535 2730 760 1309 2746 2290 811 112 1054 1747 1966 1686 191 1148 1045 1005 2734 1393 1116 2544 259 1904 2668 199 1553 1261 2660 1218 1897 2241 2050 855 739 2133 904 2287 1444 966 480 1424 2836 1717 11 662 320 1518 2299 1298 802 80 648 2482 767 1992 519 1103 1578 2371 2280 184 1130 2485 1775 532 2028 1453
000241.jpg,1012 1333 268 323 93 895 1810 2783 2669 2220 249 617 431 290 1334 2179 1738 751 148 2526 1184 2348 420 1397 1953 1605 303 1439 2558 1139 368 266 59 986 1506 2485 1760 1712 182 954 408 1931 1839 2768 1899 165 75 2016 1967 1486 1725 134 1710 2142 1799 992 2046 1623 1362 1197 1434 1601 654 496 1199 1365 2236 1960 657 655 1757 1692 1010 1881 974 2470 2582 1035 458 2091 2827 1282 356 296 2580 1483 2378 2445 1255 168 1147 219 2583 2084 2652 1840 2506 2148 627 1864
000242.jpg,1122 1242 2104 2524 273 79 2140 1976 2001 2755 969 2654 718 143 1539 2771 1373 193 557 2117 2319 961 988 277 1684 2722 930 982 1479 432 2710 792 1514 2559 2225 955 1215 763 1211 1834 1964 2298 901 1851 513 2003 1256 2496 1924 2727 2614 2255 414 2015 770 2065 2097 405 30 1209 638 2685 2517 1769 386 1445 1154 512 1509 429 1833 25 461 1067 898 573 1049 2379 2658 380 1521 492 1793 1270 912 803 1925 2731 2226 1863 2723 99 1982 2363 2719 1440 1549 2844 579 342
000243.jpg,2140 1976 2117 79 2104 1514 273 2710 2524 1242 1122 792 1479 982 930 432 1684 2298 763 1834 143 718 1964 1924 193 2496 2015 1215 961 2614 2255 30 638 2727 1211 414 1509 2654 988 2771 2065 1373 405 2097 2685 955 2559 2225 969 2001 2755 1521 1049 2379 461 901 1539 1516 557 1851 2003 2221 2319 277 1256 513 2722 1252 2793 2068 1546 1268 770 2757 1445 2444 1216 573 1209 1769 2517 127 1630 975 386 1067 7 1058 25 2333 579 2618 722 1112 1270 429 1833 1793 1059 951
000244.jpg,1895 2375 197 463 674 319 1948 2397 2610 2300 1416 1719 2034 1407 416 996 2530 630 929 2646 675 540 2802 1656 2817 817 2714 659 1620 2523 825 616 1796 771 784 635 1414 2732 1046 1584 415 911 1505 1246 269 1713 1178 2553 2453 1812 88 2417 2545 683 2170 1002 1878 1096 716 256 2735 591 2487 34 1099 442 1564 1988 1978 355 1200 1574 943 1476 243 1588 2675 908 1316 1946 2024 1134 1132 237 391 606 1101 666 1410 904 2133 2665 1102 1105 2733 497 1595 316 2357 1128
000245.jpg,1131 381 2341 709 186 1779 937 2730 336 516 1152 1309 811 648 2145 755 881 2006 44 1133 365 1526 2516 1992 747 1750 410 258 1005 1455 248 1311 673 749 593 112 2290 2746 543 1219 519 2314 2514 422 2519 11 2702 800 662 320 855 2815 2299 535 2364 1705 1890 1379 2686 1243 1068 1033 606 1726 2102 1393 1144 909 1573 2151 1975 2458 664 2267 1636 2085 2732 1414 191 717 257 821 1747 340 417 1490 291 1959 1443 2350 554 378 942 2734 1966 1138 67 1222 2165 1714
000246.jpg,1078 636 1694 2284 2146 2018 495 2326 294 2807 2643 2094 1502 824 510 2128 160 2521 138 2162 2168 204 1332 1401 736 2595 2481 2254 357 1090 443 764 1232 2011 2616 1811 2192 2058 2203 1843 1194 1744 8 602 2008 2551 719 40 2726 740 1021 1471 1661 643 793 556 46 122 217 1927 412 1540 2816 1530 2571 1032 1716 1329 230 2565 1637 2473 189 1797 1625 1227 2588 449 2501 570 423 922 1176 317 2781 1889 163 2832 2213 2700 1091 20 2030 2623 448 2440 609 744 1117 1715
000247.jpg,43 1949 1041 971 84 941 1768 1110 1204 2585 2324 949 2737 940 2112 1343 594 2353 1922 104 781 450 2084 2683 2652 2583 2291 2057 2148 1123 647 1840 574 219 494 627 2025 1874 1223 934 849 2657 335 481 1866 1777 686 2286 689 310 1038 1754 1616 2788 785 2639 2328 2491 2424 245 945 238 482 1458 835 2161 2386 735 1092 351 1704 225 1772 2497 198 1004 2688 568 1532 61 2582 2421 331 804 1820 1501 944 192 2724 2448 2076 1208 2419 1787 1146 977 1899 1344 418 2649
000248.jpg,1956 2280 2496 1924 92 2482 1268 722 2068 2710 1514 792 2325 1216 2444 1346 127 1938 696 2702 30 2140 414 1067 1976 91 2654 1278 638 2539 1509 2189 2640 2015 536 1834 123 2028 532 2298 2038 2117 1167 1266 2685 1094 1349 729 36 733 1986 2818 1252 951 1431 500 1137 2235 799 1222 2333 1715 2296 2219 1160 1037 522 276 755 889 2742 2003 2697 2749 180 1684 1215 2387 1553 1775 2716 1499 680 961 2793 1099 53 194 2006 2727 2315 1606 2598 2798 390 780 1964 858 763 2614
000249.jpg,1114 578 2509 2378 1012 249 684 1323 2334 2462 1582 1430 475 1767 1359 723 103 502 2601 2471 539 725 1752 2149 1821 1107 1720 284 702 931 1340 126 688 1908 1830 848 297 990 1235 1845 2624 1643 1711 2090 654 655 1692 2236 1881 2584 1411 2016 1608 721 2320 927 1984 1826 1975 1810 1312 247 1918 995 1613 2210 2690 202 783 782 1018 250 39 334 1406 6 65 98 640 4 910 903 768 1451 862 581 589 200 618 1361 2114 1577 1357 1413 2121 522 664 2520 601 2240
000250.jpg,2318 1783 2420 1718 2543 1750 852 392 774 1968 1682 2167 301 1387 2342 870 544 1044 881 2246 2331 755 2549 416 1913 2452 345 1510 1005 1630 2110 773 1079 1119 1131 2432 1267 717 1978 1713 2537 1581 1425 1020 256 1587 16 1174 2619 1431 1527 2120 355 958 1419 1850 665 1449 1621 897 555 1294 908 71 1065 2006 1732 1036 186 709 7 1256 863 1200 2197 538 1133 1546 787 2377 318 810 38 1025 1136 2487 1691 1156 441 666 2262 1794 2156 1588 1043 651 2271 1152 365 866
000251.jpg,1843 1091 2449 2565 643 439 1318 2011 305 2203 1401 510 715 2326 740 138 2168 1694 1502 2128 2616 2481 1332 2726 1021 495 294 204 1232 736 2521 2643 1744 2162 2284 160 2146 1078 40 2018 636 602 1797 1661 317 423 1220 217 824 122 892 2030 2213 230 1378 2547 2094 20 2335 189 1471 1927 1227 449 167 2781 1032 1939 562 2401 2501 1176 2171 328 1303 1836 1556 2571 46 64 1353 2832 412 163 1637 1329 556 1050 1932 2635 1405 1117 2019 187 2550 1540 2288 2427 2037 1500
000252.jpg,525 313 2500 559 1437 1870 408 2142 2181 1710 2164 1127 815 2089 621 1307 1563 59 466 1296 1827 587 2283 523 505 348 49 847 2470 1339 2626 1486 168 2021 1555 171 1313 1190 2574 2526 290 2827 2531 2035 596 268 1035 1780 2445 1282 356 1899 2091 296 1967 2055 1362 2046 323 992 1275 1623 657 1605 1738 420 1953 2348 1725 1397 148 1139 1184 2558 2669 2111 2179 1931 2220 75 2441 2173 617 751 1487 1789 558 431 1839 1439 2279 1881 654 2768 165 2236 368 496 655 1692
000253.jpg,1598 1977 2116 2308 120 2712 139 2252 843 2173 1142 2191 239 997 2698 68 2144 2079 858 585 2089 2830 1651 81 2507 2188 644 2442 521 1746 1904 2230 2552 1852 2052 2814 959 637 2181 2445 999 1282 356 534 726 209 2427 53 2083 2842 2279 1780 2396 1076 1127 1703 1475 1464 948 1909 387 2813 1937 2248 2382 653 376 1274 2091 296 2720 1596 1288 2125 1802 183 2017 2476 1487 2657 335 2560 806 1866 1777 2087 2448 418 207 689 686 2141 2286 2498 481 2785 310 2562 732 480
000254.jpg,923 697 1769 1115 2304 1394 2185 529 251 2540 1427 1175 2323 395 1557 1759 2622 2759 2546 2504 485 1851 461 646 1951 1306 932 2731 2319 215 70 1137 1389 1209 101 1310 1549 1106 2054 2175 2719 875 2381 975 1900 2644 2219 962 1798 1271 151 839 545 703 1942 1801 1390 2499 955 2225 1516 2559 2778 763 528 1252 2108 803 1386 579 2618 790 1049 1521 2379 1546 886 1211 718 143 982 315 492 1479 930 1793 513 988 432 557 79 569 193 254 2140 898 2658 2221 2614 2255
000255.jpg,1044 1410 825 652 2802 2246 575 929 666 2487 1119 2452 1587 237 2331 2525 2166 2106 1382 2426 2563 102 897 83 1136 71 771 2523 1727 1246 651 2764 1419 355 1873 1812 2555 1277 1200 2212 1327 2138 2336 269 1796 301 616 1621 1734 2233 2131 2547 1978 243 2033 902 2752 87 590 2262 852 2357 462 1988 1564 88 630 724 2394 2196 1838 1713 1517 2192 1178 1919 345 2733 996 2530 1620 2071 1304 1584 2417 683 2453 2684 2801 834 38 1128 827 416 1072 1449 2180 47 787 810
000256.jpg,2254 357 1690 1734 2233 457 1194 443 2222 495 2630 2058 793 2754 2192 1090 1308 1259 2605 586 1763 570 2623 448 1538 1765 462 922 1332 2758 736 1025 1260 2368 1517 517 1523 1169 393 2383 728 2176 55 397 2641 2019 1626 1467 993 2709 1278 2394 1028 2234 2159 2360 2780 2336 2099 1082 1629 2555 1277 1226 2501 2832 1811 1669 1341 2136 1244 1607 1104 869 1625 1502 1034 1790 38 2595 1474 1694 935 2284 85 131 2071 2473 1524 8 556 719 2551 2146 230 2018 642 294 2189 2627
000257.jpg,2115 1302 1371 2263 1917 2558 751 1899 148 1488 1397 420 2179 2582 1184 1738 1953 2348 1139 1605 300 440 684 2620 1255 974 1757 1960 1365 2242 1199 1693 2656 168 1506 303 2485 986 2678 257 909 329 1477 1110 1726 450 2585 2353 86 1121 1347 2112 781 1204 1708 940 1170 2737 949 2324 104 1922 1343 1041 971 594 686 2286 1768 43 2657 1949 146 1777 689 941 84 1433 310 934 290 335 849 481 2084 2652 2526 2583 219 2148 2025 627 136 2683 1840 838 1223 494 1874 2057
000258.jpg,738 2587 1130 308 69 1384 1075 409 1767 791 1206 713 711 1687 1420 398 2389 1455 1528 272 2503 985 2728 1120 2214 831 2125 165 1147 2107 560 2506 2294 253 1944 1346 53 1443 1055 2548 1904 2647 691 1681 1565 1222 1031 15 2080 487 1508 2492 730 1740 1187 1979 1954 921 1817 1068 1243 1379 1442 1412 2154 531 1367 1239 881 1929 1779 907 633 435 336 915 2251 1485 117 2480 2307 2670 2800 2655 178 622 1788 2250 1573 2592 1158 1561 2413 2295 1448 1717 1639 1478 2393 589
000259.jpg,1616 1754 2328 945 2491 1038 2788 245 482 225 1458 1772 835 2386 238 2639 351 1704 2497 198 1004 2161 2424 785 1092 735 2583 627 1041 2025 2585 1110 941 2324 949 2683 84 1949 971 2057 2291 494 647 2737 1204 940 43 1343 574 1768 1223 2084 2112 1874 219 2652 2148 1840 849 934 1922 781 594 104 1787 2353 450 2688 568 1344 1532 2724 2419 2542 977 1146 2649 1208 2076 179 2657 1866 335 686 1777 481 2286 310 689 1123 1820 944 1501 173 2380 2498 1236 1388 882 2309
000260.jpg,2627 118 328 31 567 928 1644 2044 1729 326 1568 2249 411 85 666 897 2528 599 1463 2317 1898 754 2711 761 2680 924 1935 2745 2190 1052 2305 2027 2629 1657 2238 2545 766 983 1109 808 1996 1791 1873 2042 2511 1093 2031 1456 1305 1677 2098 2715 1745 100 2370 2778 60 1854 2750 2103 585 2501 2454 1231 48 407 1728 1070 1547 2573 2095 2119 250 2809 2081 1063 2674 1606 20 834 483 1741 757 1593 64 2537 1920 488 1907 1284 1429 2547 1673 1836 1400 1188 1286 246 2437 1044
000261.jpg,42 836 935 1995 1220 2096 2513 2160 1013 1286 2116 96 2645 2562 2204 874 396 212 549 869 2261 2720 1625 387 307 762 669 1790 2718 537 1635 1016 1875 2099 2174 1538 476 1941 562 1090 1321 354 330 2627 1763 2623 1633 448 1709 2222 2264 922 1425 2201 685 1572 1520 443 203 1 1050 2383 1098 2631 1060 115 2243 2432 2750 2087 2560 1596 1936 1025 459 1280 2394 2431 1797 2831 1525 2473 2534 550 2742 1315 1260 1403 352 2004 385 808 2081 604 94 449 586 1308 175 2519
000262.jpg,1634 855 1966 535 1040 1424 1393 2544 724 2660 610 2287 1992 906 911 415 1253 2836 1444 1054 2133 904 811 1309 2830 1148 259 1261 1218 1045 2050 2241 480 2763 966 1005 435 2734 1968 519 648 800 2492 1116 1581 1535 1020 1490 832 2746 2290 60 2626 112 978 1686 550 2730 2165 191 623 662 11 538 152 320 2130 1391 1130 1639 2393 2299 1726 909 1142 1203 257 821 2519 67 2151 231 2280 705 2315 2078 2668 371 2020 1979 2578 1051 1747 2716 1897 2028 532 2482 671 2655
000263.jpg,115 1315 1336 935 1090 1364 2096 922 685 2623 448 1790 2261 459 1064 1060 669 1251 1936 2522 1321 2603 1425 570 793 1013 1995 1981 1811 1034 2437 2473 2648 443 38 412 96 699 2118 352 2308 1560 1727 983 829 511 869 1286 2645 2268 2831 2461 419 2642 476 1538 2212 1327 1474 175 2004 1765 836 2222 2099 229 1469 1625 1525 1502 2785 1991 576 1927 2180 1844 2534 47 2554 2807 2317 1182 2791 1524 195 1188 1698 2202 762 2128 1220 2713 385 1205 2745 1227 2190 777 2428 2417
000264.jpg,1090 1811 1694 1060 793 1991 1182 510 2816 2807 1078 636 412 1502 2799 922 160 2623 448 2071 2128 2058 1530 2254 2094 357 495 294 2284 443 2192 1765 2018 570 2326 2595 1194 2146 2648 719 764 37 499 204 2508 2551 2008 175 8 1474 419 2643 2366 1524 1205 1471 2155 561 1981 556 1844 734 138 2461 1827 167 587 2283 505 2473 2565 2521 1259 1790 2162 2168 2832 2501 2696 935 141 1727 1540 1927 736 1332 1364 230 217 122 1889 815 2839 1661 1637 1329 1227 642 2222 728
000265.jpg,2130 1391 152 1203 1726 909 257 11 662 231 320 2299 2382 2248 2813 1464 1937 948 653 67 959 2230 1121 1819 2050 1864 1777 1703 2552 481 2286 1473 1170 1347 1866 335 689 310 686 450 1708 104 2489 2657 594 2353 781 1922 440 137 2838 1592 45 2683 2763 2639 1899 1038 934 2737 1616 849 2291 1772 949 2112 647 2583 2057 1004 482 1041 1949 1223 1754 940 198 574 1343 2386 2497 494 2424 1874 671 2084 2324 1840 1458 1768 2025 2652 225 550 238 627 245 2585 971 735
000266.jpg,440 934 849 2582 2558 751 1397 420 148 2179 1738 1302 1953 1184 2348 1605 1139 257 1255 909 2583 2491 2084 2328 2652 2025 1038 245 2424 225 219 1110 2585 2148 1772 735 2683 627 974 945 2057 2788 1757 1704 2639 1726 494 351 2291 1840 2112 1041 1874 835 1223 238 1092 1004 2161 574 2737 1754 2324 198 940 1204 647 2497 1343 949 1949 1365 482 1458 1960 43 1199 1616 785 971 838 1768 2386 941 84 1506 1121 303 1708 1347 2552 686 2230 2657 1899 2286 959 986 168 1170
000267.jpg,1359 723 539 725 2149 1720 284 1821 1107 1908 1340 297 990 1830 702 1235 688 931 848 1845 126 2624 1643 995 1451 865 1693 2242 2656 828 247 2652 1578 2084 219 2683 2291 647 2148 1840 2025 1223 1874 2057 494 574 2583 627 2582 767 1123 2678 2353 949 1561 1041 971 43 2737 1204 2112 1949 940 104 1768 1343 594 98 2585 941 450 1110 84 1819 640 1864 781 2334 2462 2772 2324 1922 2016 1323 1767 173 69 589 1464 624 934 2382 2248 1738 1937 2179 2813 2424 1365 948
000268.jpg,2515 2183 2467 2070 608 89 1356 2335 402 2821 2265 346 936 2611 1022 2011 2237 2550 271 2289 1118 1330 2505 2465 2326 892 46 1507 1441 255 1401 132 526 403 939 1632 2060 2811 1773 1513 1161 2273 1225 187 740 1771 1781 1176 1755 1921 2766 564 63 2841 609 1657 1822 1019 2643 1591 1889 643 2199 805 1656 1143 864 1140 2794 2729 2784 2402 1696 509 2567 994 1032 2521 189 1970 2067 2435 341 2526 786 290 1927 2153 244 1135 1214 1171 22 2457 844 1332 1824 160 2704 1433
000269.jpg,1591 2810 2690 782 1018 1281 454 807 2346 2061 1472 341 132 927 1647 721 403 1312 39 939 2435 2726 2666 475 1881 2236 1021 684 1975 1143 1297 1692 654 655 125 1918 1824 1822 2704 1831 1655 2288 737 864 2183 1912 2467 2070 2811 2388 200 1097 2478 564 1818 926 1632 2060 46 2273 643 1401 892 1176 1593 1032 1696 2567 189 1970 2766 241 2402 1972 766 789 1019 244 509 1927 2153 1889 1330 1214 255 1171 2643 372 2729 952 22 2521 1332 2526 2457 609 1916 181 844 1433
000270.jpg,553 1404 1089 1100 2055 1934 1844 1766 2839 1637 175 1329 2816 2674 1808 1952 1827 505 2283 2808 587 2155 675 1024 506 2594 383 2274 2696 1530 1436 388 1701 1201 1061 2404 220 1182 1823 565 141 523 2799 252 2311 2574 1056 1889 1383 744 1879 49 1337 2181 367 2588 1023 847 1339 1688 337 1364 171 592 1870 815 466 559 1795 1437 1991 1891 2597 525 1576 2500 313 160 1932 2438 1716 1556 1281 2531 1826 2346 204 1314 1543 312 2162 138 2643 1926 2841 2508 1743 957 2810 1356
000271.jpg,2213 2030 2317 685 2791 1790 661 122 217 229 2642 1188 2268 2648 2212 1327 2180 47 1828 2194 459 1571 2422 1981 577 2721 600 412 1227 1727 2781 511 1865 2623 448 2372 1990 2096 2417 935 2428 683 2352 2118 205 2707 1560 71 1548 1469 1698 195 1015 1610 1502 1304 1991 423 2343 1858 1567 2446 1894 1800 317 2437 491 1618 663 1936 1714 1914 2135 1533 2253 2340 973 632 16 2662 1645 2650 1237 2713 51 2100 288 444 570 793 2461 38 2071 230 1425 2835 1034 1765 2820 1694
000272.jpg,1307 2035 348 1710 2142 1486 559 168 1313 1437 313 2500 525 1296 621 2021 1563 2220 2669 1870 677 1781 2827 596 2526 815 220 290 408 98 804 1623 266 2421 1362 992 2046 640 49 331 1896 2289 995 59 1789 2164 2049 433 1488 759 353 1190 2626 196 963 925 1417 2089 2181 1127 13 1827 505 587 2283 523 2470 2683 2583 2419 2084 2724 1627 1468 1881 2312 647 2076 466 2057 2291 1344 1208 2676 2649 2344 524 627 970 74 494 977 489 2652 1874 2564 639 1223 1151 1840
000273.jpg,1416 645 2714 2417 1178 683 2472 2523 1224 2296 269 2023 1584 1392 1327 2212 1538 1838 47 2180 1645 1181 2343 2609 116 2422 2260 1523 576 2071 2640 1990 499 2095 825 1548 1727 1859 929 2802 2202 2538 1804 1785 2781 540 2196 619 1246 771 2745 34 1060 2190 2418 483 1936 1698 1653 210 2721 312 1926 2454 38 194 1234 2372 2700 1540 2626 632 1800 1765 2268 1991 2662 642 465 2713 1034 2340 229 1321 1914 511 777 757 2308 577 661 37 1618 14 2129 1043 685 1714 2247 344
000274.jpg,2282 1195 1928 2409 359 2663 70 2373 315 215 2653 1809 1125 601 190 1522 436 816 386 1594 145 1357 1753 2 1290 1609 714 1257 803 1903 2304 1842 66 18 2596 2622 853 1558 823 2510 2163 1389 211 1390 1834 2529 2478 2391 2256 1163 1106 1915 164 718 143 6 1241 1180 2323 1372 254 1832 1173 2666 2064 2726 2818 951 2345 2824 2757 1900 2043 1155 1822 469 2077 2777 1986 1085 1042 451 676 475 765 2240 370 2561 177 750 2122 2346 1916 2271 1534 1940 14 962 2644 694
000275.jpg,685 2446 459 448 2623 2096 1790 1936 2642 1981 1865 935 1188 699 2648 922 412 205 2534 2180 1090 1894 2631 47 2317 511 1060 632 2268 683 2750 1548 2417 669 2213 2030 2713 2261 1321 1714 1327 2212 2791 229 663 661 1698 195 1469 1991 217 122 1990 1645 2135 2194 2422 973 600 1571 491 1828 1640 1560 1237 1567 1425 2253 2721 2781 2343 288 2707 2662 2372 2340 1533 444 51 2650 2100 2118 317 423 1227 1800 1610 2428 1618 2352 1015 793 1694 1727 1811 1034 2461 38 443 577
000276.jpg,2113 1281 2806 2810 1879 125 1297 2790 650 2346 1730 927 1335 274 1143 2717 2411 1472 1831 1655 1918 2061 2066 2841 1591 1723 2666 2690 1018 782 864 721 2178 2274 2528 1213 1984 2388 24 1647 200 807 153 2726 1685 304 2171 1744 668 40 1189 2438 364 737 1822 1021 1656 1701 5 1593 2311 2404 1061 252 149 2236 655 1692 2478 454 2022 654 526 994 107 682 1881 2378 475 1312 1404 326 2574 2062 2402 1766 470 684 268 2414 1177 1823 2531 1097 1972 2508 1638 952 436 2687
000277.jpg,636 1078 2018 1694 2326 495 294 764 2284 2146 2643 2094 1502 2128 510 160 138 2521 2162 204 1332 2168 2109 1401 131 736 2203 2481 2595 443 602 1811 357 2254 1232 2616 8 719 2011 1090 1843 1194 2058 2192 1471 1744 2726 40 2008 2551 740 1021 824 2807 1661 643 556 793 46 1716 412 1927 2816 217 1032 122 1530 1637 1329 2571 189 1889 230 2473 1765 2565 1632 2060 1227 163 1970 1540 2037 2625 423 2440 20 2501 609 317 1883 1117 2781 2030 449 2213 252 1314 2404 1091
000278.jpg,2662 1800 2340 2372 2100 51 2461 1618 1043 2707 2428 2268 1828 2180 2352 491 2194 661 47 1859 2212 1327 1698 2418 210 1015 1610 2253 1645 2650 1560 2422 1990 683 2721 2417 412 2781 1936 600 967 632 2118 1567 229 1237 2713 2135 288 1533 2623 1227 1469 448 857 2648 317 228 2317 973 205 1714 663 459 1991 1548 511 1865 195 1571 1188 1981 2791 217 423 2446 2096 899 1894 2030 2642 122 1790 2213 444 2343 685 2399 1060 1861 2714 577 1880 1765 116 1993 1540 2820 1169 1034
000279.jpg,998 1583 1854 987 1831 1655 1972 200 1857 278 748 1531 721 2433 1666 1582 952 1674 436 1297 1472 125 2584 174 2556 927 1411 1166 2778 2833 156 2062 1009 2484 1162 5 2729 891 164 2402 299 778 2499 1647 1021 2316 2455 1657 264 1916 1543 2679 2412 1756 326 364 1815 928 2273 1839 1063 110 227 312 1685 898 153 790 473 2666 2762 1593 2599 2061 64 306 1314 1942 372 1549 2400 1324 1332 1087 741 2810 2211 1822 1096 1923 1696 2435 495 564 2766 341 2019 1883 2589 2611
000280.jpg,165 2445 356 75 1282 1931 1623 1738 2046 2179 992 1139 1362 148 1184 1185 1953 420 1397 2558 1605 751 2091 2348 296 431 1035 1839 2768 1601 2526 1881 2220 1439 1710 496 617 368 323 1197 408 290 654 1010 2142 2669 268 1692 2236 1967 655 999 270 1488 759 2620 2115 684 872 1312 1899 2827 1296 348 168 559 1307 1437 1012 1725 313 525 1275 2500 1563 2427 2089 1313 621 2051 2021 2506 1147 2470 2569 1536 596 1486 2250 2164 1679 1544 1483 2716 1960 1602 657 2626 81 1757
000281.jpg,946 2494 1462 1997 1380 226 1285 2695 2395 2824 745 373 1671 2535 584 325 327 1915 615 845 1180 2359 1474 1786 1082 2579 374 1027 989 1198 393 2383 2593 441 1183 2630 474 905 1971 764 1006 2203 3 144 1308 2347 2651 2297 1192 2754 1641 2368 1642 914 1523 1816 1120 586 2605 2018 14 2621 190 2468 2355 879 818 1982 1157 1372 1480 1832 2363 1691 1036 101 35 1925 2040 1534 1814 2771 2345 1366 1373 2804 2381 66 1440 1320 1289 547 1962 1353 803 1386 1069 2573 1687 85
000282.jpg,2781 312 1416 1224 1540 2700 230 1096 2030 649 465 2523 1584 2213 2296 269 1948 2023 674 217 1227 317 2034 122 1895 2247 1502 1178 439 2472 64 2713 423 1927 2128 1032 510 2400 2646 2417 1091 2397 1117 2714 817 1656 2817 683 659 2433 389 463 319 1694 2764 799 2284 2427 892 495 1873 499 1926 675 1919 1046 449 1332 736 2071 2019 1181 2180 47 562 419 2343 2212 1327 2146 1078 2609 2168 636 1983 2375 920 1838 1538 415 1246 911 2073 1414 155 2732 2211 1156 2553 2508
000283.jpg,383 1356 2674 1047 24 252 2311 1329 1637 1061 2404 1701 204 160 1766 1056 1063 1889 1781 744 2588 49 1556 2232 734 449 957 1741 2103 402 2351 2681 608 394 2531 2042 2527 612 408 1826 2779 2265 1716 1568 1145 138 2335 2821 1543 1934 2162 2285 89 163 1823 1743 2643 2799 227 312 388 1281 2841 822 1201 2810 2597 2594 2632 1797 1952 2808 1503 2177 1023 1932 2816 1314 2438 1632 337 2060 1530 592 1789 2611 2696 1383 1879 180 1024 141 40 675 1795 220 2790 2839 2762 506
000284.jpg,872 2548 464 1589 1669 1341 2637 1185 1882 999 2447 775 693 1626 1904 985 2410 1846 1748 1947 876 713 560 2123 818 2621 2728 1805 2107 1130 86 2125 2780 398 2503 2773 2368 2294 1944 1649 2247 794 272 53 409 2184 308 1687 2506 2436 165 2586 2080 1767 796 15 720 1147 960 1443 1420 108 1055 1222 691 2215 692 261 2403 2292 1459 738 2214 831 1206 223 2701 1615 1346 1962 1426 584 1075 2275 956 676 1120 1706 1412 1066 1462 484 2518 1957 384 533 2056 135 1457 2785
000285.jpg,1254 370 200 190 2509 2016 1323 125 1297 650 927 789 1831 2687 1472 1655 1475 629 1281 1647 2171 1730 1143 334 564 2288 1166 582 2810 1324 2806 1189 2378 454 2666 1097 1818 2113 853 2677 721 2797 2061 6 1221 1984 1683 783 364 2478 2402 1822 703 1593 1912 1971 807 2520 750 952 1591 275 1692 655 1975 654 436 1021 1577 2236 1881 372 737 2726 1972 581 39 2690 2210 464 1706 820 1798 578 2729 962 1664 684 341 247 2040 2062 782 1114 2346 1018 1312 926 1724 475
000286.jpg,2821 1356 608 2265 402 252 2311 2335 1056 1889 2597 89 744 2588 1061 1795 1637 1766 2404 1329 49 383 220 675 1701 2467 2438 936 2632 1885 160 2183 1022 1507 2841 2465 2505 2070 2326 1632 2060 346 2531 388 1201 2779 138 1716 682 1543 1743 204 815 592 1024 2611 1773 1161 1513 1789 2643 1921 2162 2550 2574 1441 506 2351 1879 1281 1503 609 2177 1530 2049 1797 2232 1404 1140 1339 2011 337 1932 2285 163 1688 2274 1755 2810 2515 466 1383 1556 740 1143 805 2794 1135 227 2237
000287.jpg,2213 2030 685 2317 2791 1790 661 217 122 229 1188 2642 2268 2648 2212 1327 2180 47 1828 2194 459 1571 577 1981 2422 2721 600 412 1227 2781 1727 511 1865 2623 2372 448 2096 2417 2428 935 1990 71 2118 683 2352 1560 205 2707 1548 1469 195 1698 1015 1610 1502 1991 1304 2343 423 1858 1567 2446 1894 1800 317 491 1618 1936 2437 663 2135 1714 1533 1914 2253 2340 973 632 1645 2662 16 2650 1237 444 2713 2100 288 51 570 793 2461 38 2071 230 1425 2835 1034 1694 1765 2820
000288.jpg,1703 1464 2382 948 2248 653 1937 2813 2230 959 2552 2657 335 1777 2286 686 481 1866 689 310 849 934 2141 1041 2353 781 1922 104 594 1949 84 941 971 1110 2585 450 43 2324 1768 1204 949 2737 940 1343 2112 146 1123 1754 1038 945 2788 2328 245 1616 2491 1704 2639 482 2424 238 1899 835 351 2161 2470 168 225 1458 735 1092 1772 785 2386 2497 198 1004 137 1592 440 45 2396 1170 2503 1391 398 2728 2678 2052 1121 1708 152 1255 1347 139 2814 1113 2582 2130 1274 1864
000289.jpg,173 146 1969 1511 2025 2583 2148 2652 2084 219 1840 627 2683 647 574 1223 2057 1874 2291 494 2582 849 934 1199 1960 1365 1458 1754 2353 1110 2788 1038 1757 971 2497 1922 198 594 781 1041 2386 2328 1616 2112 1704 238 835 450 1004 2491 1772 351 43 945 84 785 941 1768 2424 2161 940 974 104 225 1949 2324 2737 1343 949 735 245 2585 1092 1204 482 2639 1123 2772 1561 1212 828 2242 1693 1899 303 2656 1506 986 1738 2179 2348 1184 1605 1953 1397 148 420 1139 751 2558
000290.jpg,266 2669 2220 1486 219 2583 2084 627 2652 1840 2025 2148 1223 2683 1874 647 494 2291 2057 574 74 2649 925 179 639 2076 906 977 2676 900 1417 2010 1151 2312 995 2344 970 2724 2564 1468 2542 433 524 1627 489 2419 331 1344 804 1208 1146 2421 2582 568 2688 1532 458 1012 303 1506 986 1110 2566 1369 424 2585 43 971 860 1820 2592 1343 2112 2324 1204 1768 2737 940 949 1501 1041 941 84 944 1949 2485 1123 75 61 1787 173 1578 2788 2328 2491 835 2448 450 945 1772
000291.jpg,173 146 1969 1511 2583 2148 2084 2025 627 219 1840 2652 2683 574 647 2291 2057 494 1223 1874 2582 934 849 1199 1365 1960 1754 2788 2353 1757 1458 1038 1110 835 785 43 971 974 1922 2328 1616 2491 2161 594 1041 245 945 2497 2386 781 238 1704 450 1772 84 1768 1004 198 104 2112 1949 225 941 2424 1343 735 940 351 2324 2585 2737 949 1092 1204 482 2639 1123 2772 1561 1212 828 1693 2242 1899 2656 303 986 1506 1738 2179 2348 1605 1953 1184 420 1397 148 1139 751 2558
000292.jpg,2081 808 2264 1052 717 449 968 2432 567 2627 2370 2789 2098 94 205 2243 1284 1913 809 2204 874 2519 2394 441 1456 1554 2101 877 2167 2718 1633 2750 1006 1188 1709 118 2747 1941 1865 2681 1280 33 1244 845 2631 1910 1305 2527 2337 2365 774 2689 1625 2083 1763 2537 1425 2534 1790 2623 1850 922 1025 448 604 669 459 935 1220 869 2336 1936 562 490 2222 814 2156 385 1286 1090 836 734 705 1907 1145 443 307 586 1308 685 2216 1523 612 2734 550 1461 1512 1581 2383 1741
000293.jpg,1689 2224 1071 213 558 1994 2143 295 394 1135 2093 2796 2682 90 1337 1776 1118 634 2776 2739 1240 2833 2698 24 1350 1356 1008 2371 1168 1299 1159 135 1667 1652 2158 885 707 2638 1930 656 1478 2295 748 2413 837 1448 1849 2412 1826 2139 2659 2615 1497 2834 2590 1275 287 1009 1648 548 2484 446 1273 2273 2327 1733 819 180 262 1470 2301 1063 1338 1675 2075 1409 2384 801 2488 2231 421 1887 1264 2123 2332 706 913 2223 2036 2063 1622 2356 349 1529 2390 1095 1722 19 1867 261
000294.jpg,1977 637 1852 644 2830 2442 2188 959 843 2230 1651 2089 239 2507 999 521 997 139 2712 1282 356 2445 726 209 2814 2052 2191 2552 81 2842 1076 2396 1909 948 2091 2382 2248 1937 1464 2813 296 653 1127 1703 2279 1780 1274 2498 2448 2125 207 418 732 387 689 1777 1866 310 335 481 2286 2560 1487 2087 686 2657 480 1489 2141 2688 568 2720 2111 2441 1532 192 1787 61 1598 1011 1820 944 1501 934 1369 860 1203 713 2566 2587 424 2421 804 849 331 2562 135 2592 2649 348
000295.jpg,1114 578 2334 2462 2509 1323 1767 103 502 2601 2471 1359 723 1643 539 725 2149 1821 1720 1107 284 1340 931 702 1908 688 1830 126 297 848 990 1235 2624 1845 684 1608 995 2016 65 1406 1012 903 768 862 247 589 1810 654 655 1692 98 640 2236 1361 1881 1451 581 2114 1413 910 2378 865 437 1233 347 1578 1693 1312 2772 2242 2656 475 1207 828 381 1485 1984 1969 308 981 1511 2652 2084 334 1886 647 2683 219 2148 2025 2291 1874 1223 494 767 1840 2057 574 2583 627
000296.jpg,2614 2796 2255 2333 536 2357 2685 2496 2068 1924 1268 414 1431 500 30 427 2117 1252 1976 1509 2482 2140 722 2298 342 1834 638 2844 2015 889 7 1619 741 2731 912 2793 763 234 1925 2818 951 1049 1521 2379 2444 1216 91 1264 2108 1514 1058 1546 311 2710 792 1956 2235 1067 41 1301 733 1211 1516 127 1684 930 901 432 1479 982 1964 1215 866 405 1266 2196 1112 2640 2654 461 1735 2221 157 2539 1833 2097 2727 2065 696 2488 961 193 79 1630 2266 1872 2665 2023 2757 1571
000297.jpg,2287 2544 1328 1878 1946 1132 2170 904 1586 2133 942 595 674 1051 2660 943 571 1054 1148 1045 1424 1444 2454 2836 2397 623 1588 978 259 966 518 2050 1663 2626 1261 1218 480 2241 606 1676 1658 2748 1033 497 2732 1414 1966 1959 415 911 1178 2085 1620 2405 1393 1713 1120 855 724 876 442 554 1253 616 1796 1705 2530 996 2472 833 2458 1031 2017 906 1046 799 1535 832 929 1948 1096 630 1495 610 1309 811 1574 197 2290 2746 112 1634 1600 2151 2802 1116 1005 1490 155 1246
000298.jpg,1621 2357 2068 1268 1978 638 2246 2496 2426 1924 536 2106 1382 2166 2563 2525 102 1719 1509 1410 30 2015 722 2298 2140 1976 7 1136 1044 1252 716 1119 2300 1407 1564 1630 1988 1128 2117 91 1431 1834 414 2333 2487 2551 2818 951 2710 1514 2685 792 17 1059 1684 88 127 243 2539 1067 1360 889 897 2444 1216 1049 1521 2379 269 763 2793 2196 2045 500 575 1546 2482 901 1167 733 1278 2752 87 590 2033 902 1445 416 237 2296 2802 825 2640 1349 2654 930 1112 345 1058 1479
000299.jpg,2627 567 326 1644 2044 85 411 1568 2528 599 897 31 2249 1463 761 1052 328 928 2778 924 2511 118 2711 1657 808 1873 2027 2042 1729 1791 250 1935 2680 2545 1677 2012 1305 2305 2098 2103 666 2317 2750 1854 60 2081 1606 2043 2501 2537 1456 1593 2573 585 1547 2715 1898 834 1042 1063 20 2411 1440 64 2790 998 246 1907 2747 1920 2346 382 1188 778 2547 1836 396 987 1284 1400 2437 1286 2391 1916 2264 475 1044 1723 309 827 1405 400 547 2232 2595 1727 2238 754 1102 1995
000300.jpg,348 1870 2626 1586 525 2500 313 559 1437 1313 168 1296 623 978 1563 2142 621 2021 2544 1710 2035 1362 2046 992 1623 1486 169 1261 1218 1051 2241 1011 2454 1555 759 408 1658 1127 1307 2164 2470 2017 1782 906 59 523 2628 2181 2826 2574 860 2089 26 1369 1123 580 415 1190 1878 911 1544 2827 815 1679 2526 925 1417 290 1312 1827 587 2283 497 505 312 2669 2220 724 1926 2448 353 418 196 207 2472 49 944 1501 1899 1820 1339 2819 1983 563 1035 596 466 1253 136 1780
000301.jpg,1023 1356 553 2597 1952 2808 675 220 1383 1795 383 1826 1337 337 1576 394 1879 744 24 1164 2404 1061 592 2574 1701 388 367 1201 523 2274 2588 252 1889 1056 141 506 2311 1766 2696 565 1808 171 1024 1991 1934 1530 1404 1688 1637 1870 2181 2594 49 180 1339 525 1437 559 815 1329 313 2500 2155 1100 1089 2055 847 1182 2674 2816 1891 466 1844 1364 505 2042 587 1823 2799 2839 1827 2283 175 530 402 2438 1743 1885 1543 2265 608 2779 160 2841 2531 2821 957 2049 1774 89
000302.jpg,1734 2233 457 462 1690 1669 357 2254 85 1169 517 2754 71 2019 1226 2555 1277 2780 1419 2138 1044 2246 1304 38 1607 2071 1919 83 1410 1260 2758 1194 827 2426 2525 2563 2166 1382 2106 102 897 1629 2222 1791 1502 787 575 810 678 1276 2239 825 993 1727 1467 17 1059 728 2801 230 397 55 2176 87 2033 2752 902 1517 590 2641 2481 1943 2452 495 736 309 400 556 573 2129 652 2630 642 1873 2573 2196 2802 873 2401 2331 917 2570 1950 541 1764 32 1136 2271 1072 2795
000303.jpg,1713 1178 2262 1620 1200 2397 852 1946 616 1732 1796 830 996 2530 332 2227 256 1495 497 2451 833 1449 1676 2196 942 355 2453 2802 1431 2131 2523 269 591 1794 1053 1311 673 2170 78 593 302 340 749 176 2786 21 2549 2029 908 291 2350 1586 1548 1812 630 603 1580 2417 929 434 683 1584 442 1588 2518 2743 1033 825 2331 937 2675 943 1450 979 1414 2732 2487 2300 1587 1407 1002 237 1718 1119 784 2538 2544 392 606 154 441 2063 1719 866 555 1878 416 1850 743 681
000304.jpg,2281 1097 1912 546 695 270 372 23 1262 1300 2561 1084 181 1884 2825 389 2407 2288 1972 2402 1647 265 281 39 564 1818 737 454 926 807 789 1706 1317 592 2301 1973 629 1756 655 1692 654 1881 159 2062 2236 1293 649 1472 1205 326 1659 200 1880 690 2690 2258 1312 362 1841 1021 1593 814 285 782 1018 1975 2666 278 919 298 684 464 952 2061 822 1395 721 2810 1655 1831 364 1916 927 1591 475 1603 1824 1601 2478 496 1354 2486 403 2726 2729 1815 275 2040 436 341
000305.jpg,1907 2537 1188 507 1052 1286 1995 827 1013 1304 396 2595 1941 2570 1764 2795 834 2437 1363 309 400 1836 16 2160 147 836 935 345 808 2591 2839 2097 2065 2627 1283 1047 2692 897 71 1305 722 1657 85 1865 2197 131 449 2495 1512 734 1108 2246 599 333 1167 2452 1677 2098 2747 1217 548 1913 780 2527 856 205 2222 1650 1790 2401 1044 2750 547 2573 2642 1556 2791 2661 2317 861 217 122 1277 2555 2789 2571 1727 666 2450 2081 2481 2648 2216 612 2103 2168 27 2101 1315 1502
000306.jpg,603 852 1200 1732 833 2262 1812 355 830 616 2131 1796 942 1678 2487 256 2453 1450 1033 2743 2530 996 1587 237 2275 1002 1713 610 1178 908 1051 1620 155 1119 1648 2406 595 2420 2397 1495 2331 929 2802 243 1073 630 1676 591 1396 1988 1564 1410 666 1491 825 332 943 2523 88 708 1105 2518 2538 2600 784 1040 1331 2045 1044 1548 441 1414 2170 575 2732 1946 918 1978 1449 392 2227 1959 1128 1729 1621 1705 3 1584 606 2417 554 683 339 1476 652 269 1588 1096 1505 651
000307.jpg,1753 601 386 1594 145 2 1721 2240 1609 1834 823 718 143 211 2596 254 1938 2163 1406 1986 2663 2818 951 2482 371 315 1125 914 2653 70 1195 522 2409 381 2219 1809 1357 359 1075 1160 1869 2598 2376 1775 2282 194 1499 816 1553 321 1137 378 2329 1905 276 2561 2387 2772 2529 1037 2325 2757 2304 2702 1928 988 2280 1346 2298 1257 1956 696 92 2510 2271 2140 2038 1445 1976 2622 1390 2364 1440 25 2349 380 2000 66 2104 1242 273 469 79 2524 1122 2121 164 961 193 638
000308.jpg,348 1563 525 313 2500 559 1437 168 146 2142 1313 1710 279 621 1296 2021 2164 1127 2526 2827 408 290 1307 1486 1870 2089 2470 1899 2035 1362 2626 59 2046 992 1623 1555 1190 1035 1083 596 169 732 2448 418 2560 207 2087 1651 2507 2442 644 2188 1487 1782 1011 192 431 2445 1076 296 2091 496 1536 1282 1601 356 2220 2669 75 1274 1439 815 1738 420 1953 1397 1605 148 2179 1139 1184 2348 268 2558 751 387 1255 61 1866 1931 2657 594 2498 335 2353 781 1501 686 944 2181
000309.jpg,898 741 1549 2140 1976 143 718 1122 2771 1373 79 193 961 988 1242 2524 2104 273 2556 2818 951 2117 2654 1834 2298 1964 277 792 2710 1684 1215 1514 1294 901 2015 2722 1539 557 2496 1924 930 1479 982 2319 432 2727 2001 2755 969 790 2614 2255 414 2685 1211 2003 30 638 2065 2097 763 955 2559 2225 405 1509 25 1324 1445 1851 1446 573 1531 380 1256 513 770 1833 386 1769 1067 803 1209 429 234 1270 1863 2517 2134 1793 2778 2596 1925 2478 2633 522 1154 512 492 1137
000310.jpg,843 1103 2279 2842 2135 137 538 1592 2569 45 1422 260 1116 1945 2111 2441 2712 1487 2560 2087 521 60 1852 387 2308 2164 2720 2408 2507 2354 1651 1269 1403 520 2188 2390 19 2442 2089 1529 644 1867 1722 1563 184 1536 209 1127 2617 724 2562 705 279 1076 550 637 2626 997 139 1581 239 1635 1020 1170 1016 81 2191 1875 354 2734 1121 1708 1454 330 947 480 525 1347 2500 313 559 1437 1489 619 1977 959 999 2230 2445 726 2830 1190 2052 2125 134 2552 1282 2837 356 2814
000311.jpg,1619 1295 988 748 667 819 1470 1009 2484 741 1667 522 2731 234 25 2108 2231 1793 2614 912 2255 342 557 1652 1925 2460 1699 2844 1814 2363 1982 1863 428 311 1129 2273 887 913 2412 2833 1531 2139 299 427 1430 1264 2488 1989 157 2185 2266 492 1735 41 380 2187 121 718 143 1834 2198 2459 2090 114 1390 193 2796 2757 2384 1660 4 2658 99 1030 1753 429 676 2215 1154 1480 512 961 2140 79 2356 2478 1976 2575 2622 601 1211 1406 1759 2517 1557 2786 1350 1411 513 868
000312.jpg,603 1732 830 1450 1073 1678 2743 1033 610 2275 852 833 1200 2262 2406 1648 942 355 1812 2518 616 1796 1178 1040 2453 908 2131 1713 2397 1495 1548 2487 256 2530 996 3 339 392 1968 2538 1959 2331 332 2420 1051 1620 1587 2227 155 1396 1393 2600 595 606 243 1705 554 237 350 94 1331 1966 301 1718 1424 2519 2802 979 1634 1449 1105 441 855 1988 1729 2045 1564 1119 1410 943 1002 2523 605 2458 2085 88 2748 1120 1419 2417 575 2549 1044 683 1588 1476 571 2544 2660 518
000313.jpg,2084 2148 2025 219 2652 1840 2583 627 647 2683 574 2291 1223 1874 2057 494 971 1110 43 1041 1768 1343 2737 1204 2112 84 1949 949 941 940 2324 2585 1754 2788 1038 1458 2386 1616 785 2328 945 2497 198 1004 238 2161 2491 351 2424 1092 1704 835 245 735 1772 225 482 2639 2649 977 2724 179 1146 1344 2542 2076 1208 2419 104 594 2353 1922 781 450 1123 934 849 2421 331 804 2582 689 1866 335 481 2657 173 310 1777 2286 686 568 925 2688 1417 1532 1787 1561 882 161
000314.jpg,1532 2688 568 1501 944 1820 2724 2419 2649 2076 1369 1208 2542 977 1344 179 860 1146 1787 2498 804 331 2421 2112 940 2737 1110 2585 2324 1343 949 1204 971 84 1768 941 43 1041 1949 61 1772 2491 2424 2328 2639 1616 1004 238 2497 945 198 351 225 735 2161 2788 1092 835 482 1458 2386 1704 245 785 1038 1754 418 207 2448 192 2583 2652 2084 627 2057 2683 594 450 2291 2148 1922 494 104 2353 647 1874 781 219 574 1223 1840 2025 925 1417 2592 2052 2814 1123 849 934
000315.jpg,43 971 1949 1041 84 941 1768 1110 1204 2585 2324 949 2737 2112 940 1343 2353 594 1922 781 104 450 2084 2683 2057 2652 647 2291 2583 1123 2148 574 2025 1840 219 1874 494 627 1223 934 849 2657 335 1866 481 686 1777 2286 689 310 1038 1754 785 1616 2788 2639 2328 1458 2424 2491 245 238 945 482 835 735 2386 351 1092 1704 225 2161 1772 2497 198 1004 2688 568 1532 61 2582 2421 331 804 1501 1820 944 192 2724 2448 2076 1208 1787 2419 1146 418 1899 2649 1344 977
000316.jpg,418 207 2448 2498 2657 686 1777 61 335 2286 1866 481 689 310 568 1532 2688 192 2421 331 804 1041 1110 2585 1949 2324 1204 2112 2737 1343 940 84 43 971 941 949 1768 1651 1501 944 2507 1820 2188 2442 644 860 1369 1076 2560 2087 732 1417 925 1344 2724 2419 2076 977 2542 1146 1208 2649 1487 179 2396 1802 1787 781 450 594 2353 1922 1123 104 2125 2814 2052 480 387 934 849 2566 424 353 196 1011 2583 627 2084 2025 2148 2652 2683 219 2057 1840 2291 574 494 1874
000317.jpg,525 2500 313 1437 559 1563 1103 621 2142 2021 1296 1313 168 1710 348 2089 1127 2164 408 1307 59 2626 2470 1555 1190 1486 2035 1870 2111 2441 2526 290 2827 2445 1282 356 1035 1945 2181 2091 296 843 2279 596 2569 1899 1487 2842 60 2720 1780 323 184 268 1536 1362 617 75 2046 1623 992 387 657 1852 134 2408 637 1651 2354 2507 2188 1269 520 2442 644 19 2390 2560 1529 1867 1722 2087 1605 1274 1275 1738 165 420 1139 2348 1967 1397 1953 148 2669 2558 1184 2179 2220 751
000318.jpg,1896 2531 815 49 1339 2022 408 171 523 1789 847 466 505 2500 2181 587 525 2283 313 1827 1437 559 734 2574 1307 1741 52 668 2527 2059 2779 501 1711 2626 1870 59 2766 2164 1486 2173 1190 2470 1127 1150 1555 268 2089 402 1736 153 1685 107 2819 2232 2142 1710 1918 149 657 129 1433 2708 2704 1879 1813 2502 2690 1481 1889 782 1018 1376 2311 252 1333 214 608 290 1019 2526 1760 1712 182 954 596 1766 2841 1296 758 621 744 2404 1701 1061 1921 2154 160 592 1024 447
000319.jpg,949 971 43 1041 2737 1949 2112 1204 2585 1768 940 1343 941 2324 84 1110 2353 450 594 1922 104 781 2652 1123 2084 2291 2025 574 647 2057 2683 494 2148 1874 1840 219 1223 2583 627 934 849 335 1866 481 686 310 2286 689 1777 2657 2424 1038 1754 1458 2639 198 785 2386 1004 1772 735 238 1616 351 245 225 2497 2328 482 2491 1704 1092 835 945 2161 2788 2688 1532 568 61 2582 804 331 2421 1501 944 1820 192 1899 2419 2076 1787 1208 2649 2448 2724 146 418 1146 2542
000320.jpg,1129 2722 2318 2755 969 2001 557 372 273 1242 2104 1122 2524 2706 2319 1539 2654 1320 277 803 853 1387 79 2117 2225 2140 2559 955 1684 193 492 1976 982 930 1479 763 2175 432 1851 961 1964 2517 2710 1514 513 1256 988 792 2727 1211 1209 2065 2097 1769 718 143 2003 2771 2460 1373 770 99 1793 879 380 1510 1215 2255 2614 405 2658 414 512 2134 1154 1834 1816 573 687 867 234 1660 2633 1067 1863 2607 898 912 2719 2757 2013 1366 2685 1928 2723 2387 1682 2731 429 1982
000321.jpg,748 1839 278 1815 1756 227 649 1531 2833 90 2412 2273 2301 2484 1009 1689 746 1159 2036 1118 299 837 1439 1881 654 2236 323 1692 655 1262 431 1338 741 1582 1887 1931 1411 927 706 200 2768 2825 695 2051 1434 2091 296 1197 2455 1010 264 2599 2220 2669 165 1776 684 1312 1849 268 75 368 2210 2356 1972 2526 2215 290 617 1166 1706 2762 1711 819 1087 1472 1470 475 1667 2584 2682 181 1035 2445 1710 356 1124 1282 1601 2332 2142 496 2407 1298 464 2556 261 2561 2558 311
000322.jpg,1563 2809 2021 2164 26 1296 621 322 1710 1313 2142 1473 847 559 1437 348 168 525 313 2500 1035 60 1917 408 1011 1852 2668 1307 1489 705 2035 1190 2089 2526 1127 2626 1486 59 290 1555 2470 1741 2827 2445 2091 296 1282 356 1376 596 1870 2578 1899 1275 580 2492 75 1362 2220 435 1623 992 2046 1967 2669 1929 165 1184 1738 1139 2348 1839 1953 420 1605 2179 148 2558 1780 1881 1439 1397 751 1197 655 654 2236 1692 268 1010 2768 2569 496 1931 431 617 1601 323 1130 368
000323.jpg,2181 559 1437 525 313 2500 815 523 505 1827 2283 587 171 847 1127 1870 49 1339 466 2173 2574 2594 2089 2531 408 2142 1710 2164 734 1307 1780 175 1789 1182 1563 621 592 1896 348 168 2470 2055 59 1296 1288 220 1766 1889 2155 1808 2696 141 2626 1486 1555 2279 1313 1190 744 2021 1364 1844 139 858 2799 1991 1952 2819 2808 1383 1337 2698 1142 1024 1598 2597 1201 337 388 1274 2527 2311 506 2816 252 1530 675 2674 565 367 1909 1056 1795 1329 383 2035 1637 1741 1703 183
000324.jpg,57 2823 1631 2513 280 2418 1847 1773 1513 1161 704 1665 2456 540 1292 2339 2700 2740 2174 2508 1234 77 1939 167 1861 465 2351 1540 1612 2162 20 1647 2662 880 1086 34 242 1716 2725 158 884 2061 1883 210 1580 1060 1795 510 2493 617 1475 1590 891 2340 423 798 2461 2616 1664 888 588 957 1838 1576 2169 204 1348 1638 1432 1837 1037 1338 2581 2781 1043 2521 82 2784 583 1927 2694 2372 294 1446 1859 214 1056 1749 1330 267 2229 5 2030 1087 2213 2128 2481 1377 509 1238
000325.jpg,2180 47 2212 1327 2422 2781 1990 2268 2372 1571 1828 1790 217 122 600 1188 2721 2317 2642 2791 71 38 683 793 2417 2296 2623 1278 570 448 2071 2352 1865 1034 1765 2648 1981 2707 2340 230 2662 412 2640 1800 1567 642 1936 1548 1618 2343 1698 1645 511 685 2030 2213 1224 2096 1804 2650 459 2461 423 1227 2253 229 1469 205 632 1991 195 317 2100 661 1015 1237 1610 1560 2713 2428 2118 1714 288 663 1727 973 2446 1533 491 2135 1894 444 2194 51 1524 2714 2189 1304 499 1811
000326.jpg,1980 2719 2003 513 1211 2226 99 492 1209 1154 512 2658 2723 380 2757 429 886 557 2722 2001 969 2755 292 142 893 1539 1390 361 62 2451 2104 273 2524 1242 1122 2108 1492 2319 1256 961 1759 1557 1320 579 2618 277 2416 79 955 2654 2225 2559 25 1833 442 2844 342 414 770 982 432 930 1479 863 2117 1851 760 916 193 2140 1976 988 763 2614 2255 2710 866 875 1514 2607 792 1986 555 1366 2517 1619 2731 1660 1793 1215 912 143 718 405 1373 2771 566 427 234 2633
000327.jpg,2445 2091 356 296 1282 1035 75 1623 2046 1362 992 2220 1197 1010 2669 617 165 1139 1738 1953 1605 148 420 1397 2179 1184 2558 2526 2348 1710 751 2716 290 2142 408 431 2768 1839 1931 1601 135 1881 323 1439 496 368 654 81 1692 655 1967 268 2236 1488 270 759 2620 2115 684 2479 1296 2089 2827 1563 348 1899 2427 1307 559 1312 1437 1313 2164 168 1190 313 997 525 2500 239 999 2191 1486 523 2052 2814 1127 2626 2569 1012 1725 1275 1852 644 2442 2188 621 1076 2507 1569
000328.jpg,2598 1094 2742 1715 717 2099 604 2519 2534 2748 2734 1938 1130 2718 2660 550 1577 2773 680 1020 1581 354 330 2393 1639 1170 490 1347 1121 2087 2560 2157 2482 1553 1403 1775 1708 762 1454 1016 1635 1875 1499 795 2088 1132 1993 1160 212 549 505 1827 587 2283 194 2116 1876 1882 2727 1346 1520 1880 1606 2226 60 2364 2325 2387 522 2571 2219 2719 1222 2702 1137 1721 276 1037 390 92 2280 2798 967 2337 371 2697 567 2240 2399 2720 814 1536 1011 1687 1753 2747 808 269 1487 53
000329.jpg,689 1866 481 310 335 2657 1777 686 2286 2498 480 2448 1487 2125 418 207 644 2442 732 387 2188 2087 1651 2560 2507 1076 1703 2688 959 2566 192 2230 424 568 1501 948 2248 653 944 1464 1937 2813 1820 2382 1532 2552 971 43 1204 2353 450 949 1041 1949 2737 1343 1768 84 2585 594 941 1110 2112 940 2324 61 781 1922 104 2052 2814 2396 1451 2421 1274 331 804 726 1369 1123 2279 860 925 1802 139 2842 1417 146 934 2649 2582 826 2076 1255 1780 1127 1011 179 2724 1208
000330.jpg,217 423 1227 317 2030 122 2781 2213 1694 2427 444 412 1991 491 2707 230 2713 1502 1698 2135 1117 2211 1714 663 2253 1571 600 1560 1828 1469 1981 510 2317 2128 1540 195 511 2352 1936 892 1800 1990 1790 1188 2642 2791 2700 2372 2623 288 2648 2446 439 448 51 1091 1567 973 1032 2422 2180 358 1010 1197 2268 47 2343 2212 1327 1548 2721 1927 2417 2096 1015 459 683 685 1865 1422 260 2650 1237 632 649 229 1533 2340 2428 1618 1610 2662 465 205 661 2194 2100 1894 2247 1645
000331.jpg,591 2675 1002 1505 2131 616 1796 2530 996 918 708 1491 124 1620 1946 1812 700 1837 416 716 929 630 1126 442 1181 1574 1134 833 116 2609 463 2453 1392 2300 825 243 2802 1676 1895 2170 527 1407 652 1719 1948 1713 2397 1105 771 635 674 1246 1878 1495 319 2523 1178 1096 2822 540 497 256 1200 2487 1588 2196 237 154 2714 97 1132 1988 355 1564 2394 943 269 34 1584 2544 2545 2417 1580 2243 683 1375 1906 203 1587 2024 1586 344 908 536 2034 680 799 1410 2262 1978
000332.jpg,352 1375 421 1053 2384 1888 2603 1792 1251 115 984 2418 307 1364 1336 1064 349 1861 678 1 1999 1153 1698 1315 1936 1103 2522 1580 1377 2486 166 82 203 1449 2206 2208 1338 438 2473 1292 1349 729 1806 1551 1520 280 2612 2327 2635 2835 2196 2026 2455 405 551 264 1057 1229 667 1930 1409 2158 1008 2223 426 2776 2436 2356 1159 2371 1638 634 1094 1095 2004 1030 2198 2205 885 1667 1850 2350 2187 130 385 1597 1675 1009 1622 2063 937 2484 154 1676 1495 41 291 2575 2364 837
000333.jpg,2636 72 2009 172 2599 73 399 921 633 1250 938 503 1165 1415 738 174 1541 1784 1088 2064 1412 711 1628 453 2055 2366 1740 2378 2775 2276 1442 1439 173 2302 896 726 841 2362 191 437 1233 347 2051 1902 334 981 2649 208 2724 179 1146 977 1208 2419 2542 2076 1579 1344 2387 331 1627 804 489 970 639 2010 2344 2676 1468 2421 2564 524 2312 1151 925 1417 995 640 114 2220 98 2 2669 2084 2583 219 1840 627 2683 2057 2148 647 1206 2652 494 1874 2291 2025 1223 574
000334.jpg,1440 2270 557 2319 2391 2722 718 143 898 1982 1851 2363 1154 512 988 1539 1173 1660 1769 2658 1793 2219 2175 1549 99 1958 522 1137 1619 1863 1129 2460 2731 2719 1242 273 2104 1122 2524 803 2387 2755 969 2001 1209 79 2771 1373 276 2607 2012 853 1816 987 2723 513 2517 193 1925 961 879 188 2622 1366 930 1479 955 2225 982 1390 1256 432 2559 770 492 1211 2140 2003 1976 1834 254 1928 2633 2757 613 2256 2727 1037 741 2134 867 342 2304 2844 405 573 1215 2835 2710 234
000335.jpg,1281 39 2810 926 2288 1912 2346 1591 2690 1018 782 2171 2061 1335 2281 1097 1647 454 1472 2726 1312 1021 564 1818 1503 2177 1632 138 807 1789 2060 824 1143 1314 1975 2790 1593 927 2643 789 227 2666 2043 1297 744 125 2335 252 2311 609 1797 2632 2821 655 2236 654 1836 1692 206 684 2547 721 1881 2162 1822 163 2040 1723 475 1710 326 2265 265 1918 1889 372 2142 2762 49 1329 1637 2841 2402 1972 1971 737 1568 608 2388 343 1356 1766 89 402 1189 2114 2285 1655 1831 1056
000336.jpg,2262 852 332 942 833 2420 1200 256 1732 595 355 1051 830 302 176 78 21 2600 1718 62 155 555 361 1812 2543 2397 2451 1762 866 258 979 878 597 1398 883 603 2029 2453 2227 1980 1495 2131 1620 318 1073 1033 1796 616 1783 340 1053 2786 1705 2487 1676 142 1588 292 893 2085 441 2743 2423 1450 2170 1713 1414 2732 1648 1002 1178 868 1888 743 1890 681 606 2406 1491 339 784 1678 2538 2530 996 1587 7 554 1959 747 886 2165 417 943 591 237 908 1946 2518 1750
000337.jpg,1772 2491 2328 2788 1004 735 945 1038 245 2424 238 1092 225 1754 2161 1704 2639 198 2497 785 835 482 351 1458 2386 1616 2583 1110 2084 627 2585 2112 219 1840 2324 1204 1041 940 2148 2652 2737 1343 2025 949 43 2683 2057 494 2291 1949 647 1874 971 574 1223 1768 941 84 934 849 450 2353 1787 781 594 104 1922 2649 2724 179 977 1146 568 2419 1532 2076 1208 1344 2542 2688 686 1123 689 2286 310 2657 1777 335 481 1866 1820 944 1501 173 1369 1172 860 2606 2769 1236
000338.jpg,1952 1383 2808 1265 2574 1879 1404 1339 1688 2404 1061 1701 2274 1576 1337 119 388 1201 607 592 631 49 1023 1089 1100 2597 1766 523 2588 744 367 59 1056 337 1889 466 525 2594 2500 313 2181 1637 252 559 815 1437 2311 1329 1870 847 220 2696 506 1795 1530 2055 553 141 1827 675 171 2283 505 587 1934 2155 1844 565 1823 2674 2799 383 1808 1182 2816 1296 1983 1364 1024 1991 1891 175 2839 1826 24 2438 2841 2508 1356 160 2531 2717 682 163 1716 2810 204 957 1668 2779
000339.jpg,2622 70 215 1390 1557 1759 2304 1769 315 1175 923 1928 2319 1394 646 1306 1951 790 1137 1851 2731 2175 1549 2719 697 1115 395 2323 1106 2219 1389 2759 2546 529 2540 1427 251 2185 2757 101 1900 436 2381 1834 2504 485 676 1721 962 1798 2644 143 718 2499 386 461 2797 1801 2054 254 1942 898 545 1209 803 2596 557 988 1986 2722 714 703 932 1793 512 1154 2409 522 1619 2460 2658 1863 1257 1660 99 1982 1129 2363 380 273 2104 2001 1242 969 2524 2755 1122 2778 492 2723
000340.jpg,1713 1178 2262 1620 1200 2397 852 1946 616 1732 1796 830 996 2530 332 2227 256 1495 497 2451 833 1449 1676 2196 942 355 2453 2802 1431 2131 2523 269 591 1053 1794 1311 78 340 2170 302 673 176 593 749 2786 21 2549 2029 908 291 2350 1586 1812 1548 630 603 1580 2417 434 929 683 1584 442 1588 2518 2743 1033 825 2331 937 2675 943 979 1450 1414 2732 2487 2300 1587 1407 1002 237 1718 784 1119 2544 2538 392 606 154 2063 441 1719 866 555 1878 416 1850 743 681
000341.jpg,1307 1617 2289 2837 947 1663 521 1725 596 1555 2280 2753 2827 2111 2441 903 532 2028 768 1909 1938 1499 2716 1775 1931 2482 2142 1127 724 408 1553 2315 1710 558 2135 2279 671 65 2445 356 2224 1282 525 313 60 2500 2089 559 1313 1437 843 617 2838 268 657 1197 1839 1296 1010 260 621 1422 168 45 1103 1961 139 1738 654 1780 2842 1886 420 1397 2020 209 137 148 2569 751 2236 2179 637 1692 2669 2091 1592 1967 655 296 1605 1274 2348 1184 75 1275 1953 290 2526 1881
000342.jpg,1576 24 1826 1023 1879 388 1356 1952 2808 1201 2597 220 1688 1383 2404 1404 1061 675 1337 1795 1701 383 2574 1089 1100 553 744 2274 1339 592 2588 252 506 1889 2311 1530 1766 1934 1056 2594 1024 2055 523 815 1637 49 1329 59 337 367 1823 2696 2816 565 2799 1182 171 2181 847 2674 525 1808 141 313 2500 2155 559 1437 1870 1983 466 1891 394 2042 1991 1844 180 1827 175 587 505 2839 2283 1364 1265 2438 2841 2717 160 402 2638 2779 2265 2531 1273 2143 204 608 957 1632
000343.jpg,1198 2557 1726 257 2489 2130 152 909 1391 231 1886 11 2299 320 440 662 381 2263 981 947 671 144 2838 838 2686 308 775 1805 86 347 2425 2678 437 1233 2050 1371 300 2267 1687 1400 2334 2737 1819 767 1864 2112 940 1204 1343 2761 450 2315 150 949 624 2462 781 689 1207 686 2792 1643 310 2585 2361 2475 1777 2772 1608 2353 1123 2324 1949 1041 1670 2286 2107 1114 1110 481 1768 578 104 2620 1473 1866 594 941 43 1488 1922 971 84 2657 335 934 1004 1485 1466 1772
000344.jpg,210 2662 888 857 228 1859 2461 1043 2714 242 158 880 1086 2418 1432 2340 514 1345 1494 2659 82 1551 2694 2372 1665 1276 1765 1540 1861 798 1060 77 2268 412 642 2707 1327 2212 1828 2648 2352 170 2253 47 2180 1698 2428 2623 1618 1003 1072 448 2422 2417 2781 683 1567 619 2194 1865 1034 2327 1237 1469 1991 1981 1990 122 217 661 2721 1188 1936 2642 1790 1560 1930 1227 2317 2135 801 511 2343 195 2791 1811 317 229 1015 1610 2118 2703 1090 133 1645 288 793 600 632 1548
000345.jpg,173 146 1969 1511 2025 2583 2148 2652 2084 219 1840 627 2683 647 574 1223 2057 1874 2291 494 2582 849 934 1960 1199 1365 1458 1110 1754 2788 1038 2353 1757 1922 2328 2491 2497 835 971 198 1041 1616 781 594 785 2386 351 43 2424 450 945 238 2112 1772 1004 974 84 104 2161 1768 225 1704 735 245 2324 941 1949 940 1343 2737 949 2585 1092 1204 482 2639 1123 1212 2772 1561 828 2242 1899 1693 303 2656 1506 986 2179 1738 2348 1184 1953 1605 1397 148 420 751 1139 2558
000346.jpg,1242 2104 273 1122 2524 79 2140 1976 2755 969 2001 2654 718 143 1539 193 2771 1373 2117 557 961 2319 988 277 1684 2722 982 930 432 1479 792 2710 1514 955 2225 2559 1215 763 1211 1964 1834 901 2298 1851 513 1256 2003 1924 2496 2727 2614 2255 414 2015 770 405 2065 2097 30 638 1209 2685 2517 1769 1445 1154 386 512 1509 429 1833 1067 25 461 898 573 1521 2379 1049 2658 380 492 1270 1793 912 803 2226 1925 2731 1863 2723 99 1982 2363 2719 342 1816 1619 2844 2618
000347.jpg,1828 1571 423 600 2835 1811 71 1898 2466 2468 2791 1425 1270 1790 1939 2619 2372 127 2023 1112 1445 1863 2434 1990 2721 2642 217 2352 122 2317 30 1059 2623 17 1327 2212 2707 1800 638 1188 448 1446 2727 752 1803 573 879 2268 1360 1694 2298 1509 2180 1630 1964 793 47 2820 1101 1807 2781 2529 2460 1924 2399 2496 973 1524 1567 1294 412 167 2422 2648 690 1981 2140 570 1684 2771 2340 1373 1976 2097 988 2065 143 718 386 1610 792 2640 2710 2363 1982 2596 2266 2392 1604 2096
000348.jpg,433 266 2583 627 804 2683 639 995 2057 494 2421 647 1344 2291 2649 1223 2010 2669 925 2542 574 1874 2025 2220 331 179 2564 2344 74 1840 1627 2676 1151 219 2724 1146 1468 2076 524 2084 970 906 2312 2419 489 2652 1486 977 2148 1417 900 1208 2688 1532 568 2566 424 944 1820 1501 1369 860 826 1110 2324 1041 2585 971 940 43 1768 1204 2112 2737 1343 949 1949 84 2592 1787 941 61 2448 418 207 1123 1616 2498 2328 1458 2788 104 781 450 1772 2491 835 1038 594 2639
000349.jpg,2666 1963 2134 928 1063 1042 2778 572 650 2185 2304 2577 875 2320 932 839 2171 1769 2178 2529 1209 923 1271 151 1310 698 975 2369 254 2361 2323 395 1386 582 757 162 1516 2810 1531 569 1545 2113 1175 1088 754 1984 886 1519 2108 1115 633 916 50 1230 425 1252 2589 65 1549 1050 697 163 2256 233 2067 2638 293 2388 1404 1249 504 2054 1162 436 224 1058 2540 529 1427 251 375 364 1394 1791 2719 2751 1326 998 1725 1418 1822 887 1929 2793 315 528 2567 25 1668 2556
000350.jpg,2381 101 1389 1115 374 2540 529 1427 485 251 2504 1175 2323 2644 2579 1394 2546 2759 646 70 1306 1951 1106 215 2622 395 697 545 2040 1798 962 1900 2499 1759 1557 989 1353 923 1942 1801 1386 2395 2304 325 745 2695 1971 2535 1027 2054 1671 66 1769 2185 547 1180 373 1997 803 2824 1310 2175 932 1308 2731 2319 1851 1549 1137 2719 1006 1559 436 461 1257 790 2494 1474 315 327 845 703 1390 2219 1462 2778 226 572 1166 1915 1786 586 2797 364 2000 1982 2363 2359 1440 952
000351.jpg,1122 1242 273 2104 2524 79 2140 1976 2755 2001 969 2654 718 143 1539 193 2771 1373 2117 557 961 2319 988 277 2722 1684 930 982 1479 432 792 2710 1514 2559 2225 955 1215 763 1211 1964 1834 901 2298 1851 513 1256 2003 1924 2496 2727 2614 2255 414 2015 770 2065 2097 405 30 1209 2685 638 2517 1769 1445 386 1154 512 1509 429 1833 461 25 1067 898 573 2379 1049 2658 380 1521 492 1270 1793 912 803 2226 1925 2731 1863 2723 99 1982 2719 2363 342 2844 1816 1549 579
000352.jpg,2400 2034 813 2433 367 1920 1666 1163 2812 2305 659 1370 1088 1552 1484 2369 1031 1554 50 1965 2680 487 2735 31 2528 1428 1985 2667 1636 1848 817 2817 1940 1456 1770 109 1105 326 1158 2782 1316 2259 1173 698 1729 1568 567 563 411 769 235 486 2044 460 1508 1644 2272 2553 542 599 710 1893 54 1046 2627 2770 276 500 2732 360 1983 1414 2397 1354 1695 606 1895 1579 253 1400 711 2325 1948 784 2815 2375 932 2389 791 9 197 674 2646 1681 2510 904 2664 415 2133 897
000353.jpg,1885 2597 675 383 220 1795 2438 1356 1543 1441 1743 2265 2821 402 2515 608 89 2335 2155 252 1024 2311 682 506 1889 1056 2588 1383 1991 1637 1774 1576 1329 2093 530 1530 175 2404 1061 744 1766 815 592 49 1701 2049 1182 2181 2594 963 316 1891 388 1364 1201 2674 553 1934 2799 1870 2696 525 1823 141 1808 2574 1437 559 313 1307 2500 523 2610 2816 2839 1337 367 1952 2808 1023 337 1879 466 1844 565 587 505 1827 847 1089 1100 171 1404 2283 1339 1688 2055 2274 255 1330
000354.jpg,1134 2523 1178 2714 1584 269 2545 2417 683 1181 2609 116 1392 442 2472 1224 1416 2530 996 2296 1606 1463 1620 616 1796 1574 1645 1946 2023 64 2034 1935 591 2675 463 929 2095 1873 825 1246 630 771 2745 2202 2190 1838 1505 2802 416 483 652 1096 1948 2212 1327 2260 2170 1878 2300 1837 2180 47 2538 2343 205 1002 1548 1812 540 1713 2131 2454 1407 124 777 1895 2196 674 1126 1676 1588 1719 635 1132 666 1990 34 1495 716 2453 2501 1491 319 680 576 1533 1729 1727 2397 1331
000355.jpg,418 207 2448 2114 804 331 2421 1532 568 2688 61 2112 2585 1110 1041 1949 2737 1204 940 944 1343 1501 2324 949 1820 84 971 43 941 1768 192 2566 424 1751 1011 1417 860 925 1369 450 2353 781 1922 594 104 2498 136 1123 1451 2560 348 2087 1344 2724 2649 1146 2542 2419 2076 977 179 1208 26 2582 686 2657 2286 1777 146 335 169 1866 1261 310 1218 689 2241 1623 353 1362 481 2046 992 196 1489 1787 1487 2628 1802 1679 1544 580 2826 1782 2396 953 1486 1076 1651 2583
000356.jpg,1076 2188 1651 2442 644 2507 139 1703 732 2448 418 207 1866 335 2657 481 686 1777 2279 2286 689 310 387 2498 1127 1274 239 2191 997 2396 2125 2560 2087 1487 2230 1937 2248 948 653 1464 2382 959 2813 2552 1780 2052 2814 1909 480 2842 192 61 1852 843 2089 2712 1802 1041 2353 1949 594 781 84 941 43 971 1768 1922 1204 2688 949 104 2737 2324 568 1343 2112 1532 940 2585 450 1110 944 1501 1820 81 2091 726 296 521 1787 1123 999 2445 1977 1282 637 356 849 934
000357.jpg,378 1721 487 2376 2329 321 1681 1609 2647 791 1031 1869 2 1565 1594 1075 1905 2587 381 2772 2561 1508 1528 254 1357 371 1406 1384 69 2389 1455 711 253 914 2240 601 1753 145 2064 1573 1979 531 1379 1243 1068 117 2492 921 1628 2387 730 694 2358 633 2219 881 660 2000 1779 589 2250 2362 1608 823 522 1717 1367 1239 2154 1954 1740 2510 1442 2302 1680 1579 2480 1187 1965 2800 841 2088 1160 504 1137 74 578 915 1114 2702 73 1562 2364 1848 2074 1250 938 1737 1165 1485
000358.jpg,671 2315 767 1886 2838 1864 1819 947 1578 161 201 2309 2769 882 1172 1388 1901 2744 2606 965 404 1236 2380 1726 909 257 1391 2130 2050 173 69 152 1703 624 2772 11 320 688 662 2580 2299 126 990 1235 1720 1107 725 702 1908 1340 1821 848 1845 1670 1830 297 284 2624 539 931 1359 723 2470 2149 1555 2028 532 689 335 45 1365 934 2678 1038 959 2230 2112 2353 2657 1004 1866 785 1616 86 949 1949 398 1738 1561 971 2737 482 2386 940 338 1458 43 481 1139 2179
000359.jpg,601 359 1842 18 2409 2663 2373 315 1753 816 386 1125 70 2 1195 2282 626 1372 1832 2367 2477 2121 2391 2240 1594 4 2653 1406 145 2187 1809 1440 1928 2304 988 2529 211 1257 823 557 2256 1085 254 66 1915 25 1982 2363 1863 451 1163 2163 718 143 1295 1390 2185 1903 1834 2596 1793 2777 1001 1157 2077 1522 1129 2622 1986 1989 2757 1642 522 164 215 1619 2460 2532 2510 1609 2064 1290 765 190 1241 2345 613 887 121 2818 951 436 14 2069 177 73 2824 2122 1430 1699
000360.jpg,2662 2340 2372 1234 1425 2648 1060 2096 1865 1327 2212 2422 2623 448 2180 47 1990 2268 1828 412 1567 1991 1237 2118 2417 683 2352 2707 1618 2781 1610 1645 1188 2343 423 229 1936 2791 2721 1981 205 2642 1015 2428 1560 632 1227 685 288 1790 973 1548 1800 2446 1698 2030 2213 51 661 2317 1533 511 600 217 1571 1714 122 663 444 459 2135 491 2713 2650 1469 2194 1894 1540 317 2100 195 2253 2714 2461 210 1043 2418 570 577 37 1694 1090 793 1859 1727 1034 1604 2820 1811 1765
000361.jpg,950 2082 2477 2367 1723 2346 4 1405 2411 1202 1319 2790 2270 987 2391 188 2012 1163 1386 613 1652 1916 1752 1972 1157 1983 2231 475 200 779 2556 998 2055 631 1404 401 1826 607 626 2389 1100 1089 1335 2762 2717 2316 553 1799 2658 2817 817 1985 2256 1737 2043 2121 1926 1595 2416 2810 2349 1210 618 812 2334 1440 2462 2035 227 1766 1316 1965 1281 1583 1958 2433 1264 1496 1552 1531 1563 765 157 254 348 1870 1313 180 436 220 675 1173 621 1314 1296 1897 2819 2142 1141 2574
000362.jpg,1851 2319 461 2755 2001 969 513 79 2731 1256 955 982 1479 2225 2559 930 432 2175 1769 770 1549 2719 1209 1137 2219 2722 1211 2117 557 1539 2104 1242 273 1122 2524 763 1390 2140 975 1976 2614 2255 143 718 1759 1557 512 1154 579 2618 193 492 1215 2622 2723 961 2003 2710 1964 1514 2727 792 2658 2221 99 405 2097 2065 1049 2379 1521 901 2304 988 528 1793 1516 2416 2517 803 923 1684 898 1660 1373 2771 1834 2757 342 2844 790 2654 886 277 2607 2633 2387 1619 522 2185
000363.jpg,828 152 2130 1391 1726 67 909 320 662 2763 257 2299 11 2242 2656 1693 2678 1038 2386 1004 1458 2639 2424 1754 482 173 725 723 225 1616 688 2497 1235 69 1908 2491 198 785 238 1359 245 735 2328 284 297 539 2149 945 835 990 2624 126 702 351 1772 2161 1830 1107 1704 848 1092 1845 1720 931 1340 1821 2788 440 986 1506 1255 2582 2683 2737 949 1949 1561 2558 2057 43 1738 2353 1953 2291 1204 1041 940 971 2025 2112 647 781 941 1768 1343 104 84 2179 594 1466
000364.jpg,1890 340 258 2364 1311 673 593 749 743 681 937 2151 868 893 78 292 302 21 176 2078 142 2423 1888 417 2350 2165 2786 1398 2085 597 878 709 186 332 2451 2029 112 2290 2746 291 1053 1131 361 62 555 2702 1705 1779 1794 2730 2458 979 2341 2415 1492 1676 1747 289 800 760 1160 1379 1068 1243 2686 2217 881 802 1966 2074 2267 1005 2349 2549 2251 886 2302 1443 1094 427 747 199 2843 347 942 437 1233 1033 2384 606 208 1717 1309 811 1562 1573 2668 1959 1946 2815
000365.jpg,754 118 407 2238 1093 48 1231 1996 2745 2190 1109 1728 2119 328 983 2629 2809 100 2454 766 1673 504 2711 31 488 1935 1614 1729 1070 1429 928 2098 2680 2305 1657 367 1533 2095 2031 27 218 2027 2774 377 2770 1186 2715 1370 483 2756 757 1463 2812 111 2195 877 1741 1456 572 2747 2674 1031 2317 2257 50 1331 1680 28 453 1376 2249 1955 1846 1088 924 1745 326 2369 847 1145 2627 567 2489 2528 2199 1484 2177 2370 1503 26 1562 789 2377 1568 1929 350 777 2041 1876 2044
000366.jpg,2015 2140 1976 1924 1509 2496 638 30 2298 2117 1834 1684 2710 414 792 1514 2685 1252 143 718 2614 763 2255 193 79 1964 1479 930 982 1215 432 961 901 2727 988 2793 1268 2068 2104 273 1242 2524 1122 405 2065 2097 1211 127 1431 2771 1373 1546 1216 1521 461 1049 2379 1630 2444 2818 951 2333 2221 2654 1058 7 386 722 17 1059 1112 889 1270 1445 1833 25 955 2559 2225 1256 536 2741 1938 2482 1516 1067 2596 500 1571 2757 2003 573 36 975 528 2001 969 2755 277 2722
000367.jpg,1469 1447 661 376 2278 2338 1483 223 2403 1291 957 2269 2092 2194 333 2428 1618 2253 195 2514 511 1698 1238 2048 2807 1540 2700 1987 669 894 2079 1824 106 216 2153 546 23 1661 2213 1858 2030 1095 2811 1318 1019 2466 63 1602 214 1176 229 744 856 2635 2705 2571 1907 1217 1472 891 1880 685 1426 2168 691 300 271 1255 1862 2831 2578 1274 291 1244 624 1806 1536 577 1670 837 385 267 1221 56 2506 2797 2823 2412 1147 695 2783 913 2473 1272 2237 2486 1914 1365 2223 1587
000368.jpg,2261 669 869 2645 2718 874 2204 2096 212 549 307 2174 2623 448 1538 1572 1050 1520 1936 685 1790 459 537 1635 1016 1875 1 2303 1425 203 2383 1321 2631 1763 2473 935 922 1060 444 836 1090 1625 2264 2750 2099 1034 2446 330 354 1633 1709 1694 2201 2534 185 1865 131 1280 412 2432 205 1981 2440 1098 1188 2648 1991 511 2317 2180 47 491 443 2642 632 1698 683 2253 1330 2417 2662 175 195 1220 1469 1408 122 167 317 1525 2135 973 2781 217 2791 96 1032 2427 1548 449
000369.jpg,754 572 928 1042 1063 2778 488 2304 483 1310 757 923 932 1769 2185 2529 27 1209 2323 916 2666 162 1175 2577 395 875 1115 1519 254 698 697 975 839 151 1271 2540 529 1427 251 293 2098 2798 1394 1516 569 367 2719 1386 2031 2108 2054 650 886 2086 2320 2313 1252 1550 2310 65 980 2238 1174 2256 2369 2511 1128 504 1015 233 326 567 31 1533 2067 2747 1249 1429 250 1963 545 1418 70 1791 2629 1322 2277 1145 2644 50 2533 1851 315 485 2545 1512 1858 1657 2250 808
000370.jpg,754 118 31 2711 1935 1657 2027 2715 1463 504 1673 2680 326 2098 2627 2528 567 1568 2044 1644 928 1429 2238 411 2305 407 2629 924 1920 585 1093 1614 48 1231 328 27 1109 2745 2190 1996 367 100 1145 1456 766 983 1370 2119 2747 2081 877 2770 2454 2809 2545 1728 1042 572 1533 2812 2774 1031 50 2249 2103 808 2369 1186 64 1606 1608 488 2257 1729 1854 250 1955 1088 813 453 705 2501 2511 1331 382 1680 580 1029 1562 2682 778 1070 2377 2611 350 2232 1934 2041 2042 1846
000371.jpg,248 336 1138 1779 1707 881 410 1455 1385 921 1068 67 434 1379 1243 1187 795 1442 253 730 2492 1384 2251 711 1680 633 191 811 1309 648 1031 1528 1929 186 709 365 2145 2302 1133 1131 208 1508 2647 1573 2730 800 1206 543 554 2746 112 2290 519 1975 1250 1681 791 938 2165 738 1686 1992 937 909 2102 2815 258 1726 487 2314 664 69 2350 1055 746 1944 2294 1498 1740 257 1393 2341 593 1717 1490 673 1311 749 340 2587 981 503 1485 1782 291 1420 11 347 662 1979
000372.jpg,1431 1713 1794 332 2227 2262 1449 830 2196 1732 2451 1200 852 78 302 21 176 2539 414 2786 1178 2549 1311 593 673 749 2697 340 1621 36 1053 2029 1491 256 1349 1094 729 1548 984 2364 2350 1495 555 897 2246 291 833 1620 2006 1913 2453 942 292 893 142 866 434 2331 62 361 979 2518 1980 154 937 2415 1676 1718 355 301 863 908 733 603 1128 571 2357 2702 2015 1119 1959 2397 392 2131 868 2743 889 1966 1546 961 1252 743 2423 1587 1256 681 2063 1890 1033 7
000373.jpg,1185 1679 1544 999 860 1369 169 1782 1362 2046 992 1123 1623 580 1011 2628 1417 348 1261 26 2826 1218 925 2241 1501 944 1820 2448 418 207 568 2688 1532 192 61 1110 2585 2324 594 2112 84 1949 781 941 2353 971 1343 1041 1204 450 940 43 2737 949 1768 1922 104 331 2421 804 196 353 2498 1787 1344 2542 977 2724 424 2566 2076 1146 2419 136 1208 2649 179 2582 1451 1866 2657 335 689 481 310 686 2286 1777 2396 2592 2583 759 2025 627 934 2291 574 2683 2057 2148
000374.jpg,2662 2714 2372 2340 1392 1060 1645 116 1837 2609 1181 1327 2212 2418 1540 1861 683 2417 2343 2461 2180 47 1936 1698 642 1990 2648 1237 1548 1727 210 1043 1034 2268 2523 576 1865 1800 2623 2422 1567 448 412 1618 2352 1714 37 663 1178 1838 1765 288 1859 2071 2642 2781 1090 97 1604 1188 1828 632 619 1790 1584 2721 1981 1224 2707 269 793 2428 1811 1355 2296 2194 2791 1571 2317 122 1991 2100 217 1610 570 2096 661 1524 1560 2446 1015 229 2118 459 511 2713 230 203 716 1227
000375.jpg,273 1242 2104 2524 1122 79 2140 1976 2755 2001 969 2654 718 143 1539 2771 1373 193 557 2117 2319 961 988 277 1684 2722 982 1479 930 432 2710 1514 792 2225 2559 955 1215 763 1211 1964 1834 2298 901 513 1851 2003 1256 2727 2496 1924 2614 2255 414 2015 770 2065 405 2097 30 638 1209 2517 2685 1769 1445 386 512 1154 1509 429 1833 25 461 1067 573 898 2658 2379 1049 492 380 1521 1270 1793 912 1925 803 2226 2731 1863 1982 2363 99 2723 1440 342 1619 2719 2844 1549
000376.jpg,2168 1078 1502 636 2481 160 2643 2521 1332 1401 1661 204 510 2284 2128 163 1329 1637 1927 556 851 2162 138 1694 2146 2571 736 2335 20 294 643 1556 2784 40 2326 824 1378 1232 46 217 495 122 2018 2616 2595 1032 892 1324 241 2011 1889 189 2094 609 1744 328 1836 2547 63 2531 2222 2060 1632 2841 1353 2661 309 1970 400 1176 2401 509 766 1843 2203 2153 181 403 1019 1330 131 1214 1171 22 740 827 2467 1104 255 2567 1591 1824 2435 2273 2070 2183 2555 2811 1277 1433
000377.jpg,2 1594 601 1753 381 145 2772 1721 1406 371 1609 2376 321 2329 2663 2240 1114 578 1687 1969 1511 254 767 2315 1075 1938 1195 378 2653 947 671 315 2334 2462 1905 347 896 1886 437 1233 723 1359 539 1107 828 284 1767 848 1908 1720 1821 702 931 684 1340 1830 725 126 688 1323 990 2624 2149 1845 1235 2482 297 1347 1121 914 1170 2512 1708 1643 386 173 1207 70 1608 1869 2601 502 1357 2471 1125 103 762 1172 398 148 2107 69 1901 2309 1506 985 201 359 882 2503
000378.jpg,891 1472 447 1087 267 927 125 1297 214 2412 1602 957 1923 23 744 1824 2811 223 2092 1540 837 2269 1655 1831 2207 695 1825 913 5 2766 1696 2435 2841 2502 268 1019 63 2153 2700 110 306 1176 1711 244 1815 106 2704 323 403 2635 271 153 473 2526 290 1685 1674 2751 40 1326 1124 1238 509 1744 2414 1177 2531 2779 1760 1712 939 1032 1582 182 954 2584 431 1411 1987 1433 721 2273 2237 1291 1666 2168 2115 2567 2521 2589 1214 1970 1632 22 1171 1927 1150 609 295 1889
000379.jpg,609 509 2153 1433 46 244 2183 1591 2457 643 844 2521 2435 1824 1078 636 2704 1716 2643 63 1176 851 403 1019 2128 160 2060 1632 1889 1032 2841 2531 1970 189 5 2784 2766 2467 1883 2584 1401 1696 1214 1171 22 2567 2037 2625 2811 2502 181 1332 255 1927 2115 2152 766 1056 598 892 290 2526 214 106 1330 204 2162 894 241 132 1612 510 939 2440 744 138 2351 1789 864 2070 957 2273 454 2311 1329 252 1637 49 1694 1701 1743 2632 163 1661 1061 2404 1892 2284 2169 294
000380.jpg,2533 2577 254 2185 1085 73 72 875 2304 399 286 1386 293 1175 395 1628 1209 975 841 2767 1769 2121 1784 569 2636 886 932 2054 698 2529 923 2256 1516 2320 1519 1252 1310 839 172 99 887 65 697 29 1271 151 1149 2787 2009 2323 1001 1531 2747 2108 1115 315 2387 1088 2599 25 528 823 1418 380 2666 738 2270 1989 2673 1412 114 731 2126 2469 1599 2540 1427 1699 529 251 1390 1210 950 579 1394 2618 1415 981 916 70 2722 1546 2622 2663 955 359 711 522 2349 2602
000381.jpg,2381 101 1389 1115 374 2540 1427 485 529 251 2504 1175 2323 2579 1394 2644 2546 2759 646 1306 70 1951 1106 215 2622 395 697 545 2040 1798 962 2499 1900 1557 1759 989 1353 923 1942 1801 1386 2395 2304 325 745 2695 1971 2054 2535 1027 1671 66 1769 2185 1180 547 373 1997 803 2824 2175 1310 932 1308 2731 1549 2319 1851 1137 2719 1559 1006 436 461 1257 790 2494 315 1474 327 703 845 1390 1462 2219 2778 226 572 1166 1915 1786 2797 586 2000 364 1982 2363 1440 2359 952
000382.jpg,1242 1122 273 2524 2104 1863 557 2319 2755 2722 2001 969 1539 79 2140 1976 2654 2771 1373 2727 982 930 1479 432 961 1684 988 127 193 2097 2065 770 718 143 277 1211 792 1851 2710 1256 513 2003 1514 2117 2225 2559 955 405 1215 1964 2614 2255 763 1209 573 803 1154 1769 512 600 1816 1834 879 2835 492 1925 898 2517 1366 1803 2363 1982 99 901 1793 461 2723 2658 414 1549 912 2719 1129 2731 2298 2175 2460 2607 2015 1137 1939 522 1320 638 2219 2496 1619 1924 2685 2226
000383.jpg,1928 386 1834 2818 951 215 2757 315 70 436 359 2304 2663 190 2282 1125 816 2409 601 803 718 143 1195 1809 2 1753 1594 2653 145 1357 714 2529 1986 2596 853 2622 1684 2298 2140 1976 1390 461 211 2478 1257 2710 1514 638 823 792 1924 2496 982 1509 2323 930 1479 432 2117 1173 2388 30 2271 2373 763 2793 1522 2727 2163 66 254 1389 2015 1215 1964 2685 1822 1211 164 676 1630 1049 2068 127 2379 1521 405 1558 2065 2097 2614 750 1268 2255 1512 1516 1106 2221 2444 1252
000384.jpg,1881 655 2236 654 1692 684 1312 1839 2220 2669 247 1623 1601 431 2046 992 2016 496 1362 2768 1439 1451 927 475 323 284 1359 65 990 723 1720 1908 848 75 995 539 297 1821 126 688 1107 1975 1830 702 1235 2114 931 1340 725 2624 1845 1931 2149 368 39 2091 296 1738 1953 1139 2348 1397 420 862 148 2179 1605 1710 1184 165 589 751 1413 903 2558 1197 2690 768 581 617 1035 2445 1361 2526 2142 1010 268 1967 782 1018 408 1282 290 356 1643 1488 98 1323 640 1608
000385.jpg,507 871 2537 2789 834 2750 205 1188 2573 808 2098 2747 85 1052 1554 722 813 2681 449 1865 1047 1435 2101 2097 2065 1119 2591 547 1978 1308 1913 1907 2616 2011 1828 556 2081 391 2103 612 2674 1741 780 2370 2481 2401 2305 2619 1101 443 118 2197 2238 705 1027 1006 1353 30 1276 2392 586 665 1355 1763 734 1512 20 924 1145 2352 1270 2120 2707 809 1677 1446 1112 2758 968 33 2395 294 66 1305 350 964 2535 1650 71 325 1183 101 1396 1425 897 1671 2627 2216 602 2511
000386.jpg,1688 1503 2177 1879 1061 2404 2674 1701 847 1265 163 119 2810 2274 1545 1339 2574 1404 682 1314 766 1808 2232 2567 1171 1214 22 2508 1376 2696 1182 141 1568 1213 822 2438 473 306 1383 328 388 1201 367 2751 2199 1326 2841 1741 2169 316 1248 1563 227 375 1934 963 1164 1056 401 1668 2589 1632 2022 252 1342 2060 2311 607 1826 2042 1889 2588 2779 1857 138 1952 2808 609 2643 402 2501 2162 789 2632 2666 1789 2044 1797 2597 304 2528 2717 1644 1637 1329 49 928 2821 608 1024
000387.jpg,2464 2562 1596 42 115 2720 1220 1995 935 2096 1303 1108 1251 2603 836 476 2725 387 2522 2687 423 2116 1024 2434 1013 1336 2468 2572 1797 2765 1898 793 1064 2645 185 1880 753 2144 120 96 68 643 752 1080 1315 690 715 216 498 1364 861 1981 2368 2440 2461 2155 1140 1283 175 789 2189 240 699 570 1651 858 1852 983 562 582 1626 2637 2111 2441 2160 2507 2191 2584 843 2058 1716 734 2173 139 2188 1746 2442 644 1892 1090 183 443 239 1164 2308 2105 2698 818 956 1569
000388.jpg,1881 655 1692 654 2236 2016 1984 589 2114 247 126 725 297 688 1107 1720 1359 848 1845 2624 723 1235 990 1821 1725 702 539 995 1340 284 931 1830 1908 2149 581 1451 1361 862 903 1413 768 65 684 1323 1643 578 1767 1114 98 640 1608 2334 2462 1312 502 103 2471 2601 2361 2378 910 2220 2669 1839 1434 268 1439 323 496 1601 927 1012 1296 431 2046 992 1623 1362 865 1486 368 2768 1975 75 1333 1710 2526 2690 165 1931 1035 408 290 2142 1738 2558 782 1018 1953 1139
000389.jpg,2254 357 1690 457 1734 2233 2758 2605 2630 2368 2754 2709 1671 1194 1308 1474 586 736 2535 1027 2176 728 397 55 2058 2641 1259 2573 1629 495 1523 556 1765 570 793 2234 1028 2360 2159 1626 1467 993 443 1517 1341 1104 1669 2192 85 1607 2555 1277 1180 8 327 462 1763 1169 1332 2501 517 2780 2019 2832 1502 2345 2018 1226 2651 2347 2297 547 1082 2222 373 1811 764 393 131 2595 2395 230 719 2383 1524 2481 2168 2284 1006 1090 38 20 642 1069 2468 2623 37 1353 1260 448
000390.jpg,2448 207 1275 418 61 568 1110 2324 84 1041 2112 1949 424 941 940 2737 2688 2566 2421 1343 804 949 2585 1204 1768 971 43 1532 331 348 2046 992 1623 1362 2220 2669 192 169 1486 1820 944 1501 75 1011 1899 2353 594 925 1417 1922 781 1369 104 2498 450 860 2724 2419 2076 1208 977 2649 1123 168 1451 1146 179 1344 2542 1489 136 2582 1787 1738 1782 1184 2179 148 1953 420 1397 1139 2348 751 1605 2526 2558 689 481 2657 995 335 1866 290 580 1777 2286 2592 686 310
000391.jpg,614 65 903 768 750 1512 618 502 2471 2601 103 1137 2387 2362 841 578 1114 2219 2671 2334 2462 1357 995 522 658 723 1359 1720 1821 539 848 990 2667 297 284 1830 1107 1845 2149 1235 1908 126 1340 2624 725 931 1767 688 702 640 98 2509 2314 727 2378 2016 760 1721 1643 581 1323 1451 1037 276 910 334 714 664 1186 1975 589 247 1608 1881 862 475 767 654 655 1361 684 2114 372 1692 1413 2236 1928 2017 1577 1254 2702 1984 1312 2157 1346 803 853 206 2690 1876
000392.jpg,1259 793 2189 443 636 1078 1811 1090 2094 1694 51 294 719 2284 2058 922 160 2146 2254 357 2643 1880 2192 1970 2595 2326 2571 8 2551 2008 1194 495 2623 448 2521 2018 175 2708 1661 2650 2222 953 764 1487 1702 510 2807 1401 1502 2168 412 1763 2461 2816 2805 1530 1083 2155 1332 2128 734 643 586 1471 2278 1308 1625 2637 46 138 869 2473 1981 1697 2684 556 204 1679 1544 131 2641 570 728 2176 55 1524 397 1765 2804 1536 2162 2043 1669 2481 2645 2439 1104 20 517 693
000393.jpg,741 1549 2387 2219 1137 1037 898 522 276 1715 1938 2702 2633 799 2556 2561 99 234 790 1721 2051 2134 2722 1346 2019 760 2325 2349 2364 2013 36 475 1881 1964 2362 1197 654 1010 655 2236 1692 2818 951 1975 841 1839 684 1324 1711 2727 614 2778 1294 1531 2723 2203 323 2003 2731 961 927 1446 165 1439 1863 1738 1312 420 1397 2179 148 2140 1184 1139 2220 75 1605 2690 1822 1976 1619 342 2348 2038 1953 2482 1660 2558 2844 39 2526 751 2614 372 268 782 1018 2669 79 988
000394.jpg,249 1012 1582 2584 2435 1411 2210 2090 1826 202 1430 1613 1752 2048 1515 2509 1711 1842 18 2273 2475 2412 1810 578 299 1114 2378 2520 1696 2704 2762 278 5 2766 1824 403 1987 807 631 2320 1406 4 2455 1001 2121 264 428 6 626 748 1531 247 2717 1009 607 2350 2484 10 2532 667 244 2833 601 721 2582 106 2805 2240 1591 2373 522 746 514 2367 121 2477 1295 366 1433 2198 2457 844 2502 2589 641 1947 1989 891 1602 2187 1201 388 431 1652 2741 1815 438 2575 1470 819
000395.jpg,268 1275 2273 1839 1434 90 748 1087 408 323 2412 2526 290 2833 1760 1712 182 954 2036 927 2502 1333 1710 295 2142 2224 431 1711 165 657 837 2295 2413 1448 1478 1159 262 1009 2484 1439 1931 5 2220 2669 1139 1953 741 1738 2348 2841 148 1397 420 2558 1605 1881 751 1118 1184 2179 2445 1035 1197 368 1010 296 356 654 1282 655 2091 1692 2236 1744 2289 287 75 496 2768 1262 617 1362 306 1601 2046 1623 992 2301 1187 1967 1733 2615 135 1569 2531 520 2566 424 2744 110
000396.jpg,2526 290 2115 1488 2704 2179 1738 1605 2348 1184 1139 420 1397 1953 2558 148 751 1433 1899 2531 2620 684 1710 2142 408 2220 268 2669 1623 75 323 270 992 2046 1362 2091 296 1035 2445 1282 356 759 214 368 1931 431 2768 1439 168 496 1601 1967 165 2827 2502 1602 300 1839 1881 598 1197 1010 617 655 2236 654 1692 2582 1255 2152 2470 1789 49 1365 1960 1199 1757 2435 974 2361 2475 1371 1987 146 1288 1824 1312 104 2353 815 2580 1922 781 594 450 1696 244 329 2107 689
000397.jpg,2467 1632 2060 1378 478 2285 1026 501 2632 2634 1019 2821 561 430 2841 1789 252 2311 2765 2429 138 894 129 1889 63 1612 936 2766 324 1062 1048 628 2177 2643 1503 456 840 643 609 1176 2521 46 786 467 1813 160 1171 22 1214 2183 509 608 1923 346 363 181 1022 52 1303 2070 1896 2061 2531 1401 2779 1927 2567 2153 403 1970 2435 1032 636 1078 939 1591 2811 244 1696 2690 1018 782 1730 766 189 2611 1376 758 2457 844 484 892 1433 1824 402 1332 1150 1056 452 1685
000398.jpg,2534 699 2696 141 963 401 2812 1109 453 670 1419 870 2750 1370 599 1614 483 2216 777 94 1331 2745 2257 2190 2446 1673 1640 2202 605 2102 2138 1476 1305 612 2820 118 1133 2098 1669 2631 1778 2747 2770 705 2764 1624 1461 316 1435 1164 519 1996 328 2800 622 1974 983 1788 2774 2306 162 1381 1182 1023 2095 2238 1003 730 2307 1117 2670 178 1657 60 1186 1846 2489 877 1955 2711 1466 205 338 2454 2316 1029 305 1914 1314 766 100 407 48 1248 2119 1093 1231 1728 2809 1628
000399.jpg,1090 443 922 2368 2623 448 1811 1626 764 2018 1625 636 1078 2254 1694 357 2222 2094 8 2058 2192 1194 1763 869 2146 495 719 1082 1471 2284 1615 2595 586 1308 2551 2326 294 2008 793 2473 2807 1060 2637 818 935 1790 175 131 1765 412 2128 1474 570 1502 693 1661 2645 2099 2096 1259 2247 953 2189 37 2780 2643 2648 556 2571 510 1827 1880 2605 505 2283 1524 587 459 685 1936 1487 1844 1525 1332 160 1538 1205 836 1321 1748 669 2168 2261 2816 2521 2621 1025 794 2586 457
000400.jpg,149 153 1685 501 1150 2022 107 1736 2429 274 2632 1048 2779 628 1026 402 608 2398 753 668 1896 478 2311 2232 252 129 1662 1507 1879 1813 936 1530 2414 1177 2766 1024 1889 63 1019 1921 788 2841 1056 2404 1701 1061 40 758 2634 2351 2505 2465 2244 1632 2060 2285 452 744 95 430 2438 2821 592 1329 552 1637 2531 160 447 388 1104 1201 682 324 1062 2588 1716 383 1755 204 1766 815 561 506 2717 49 957 295 1688 2597 2265 2574 1404 1339 2274 2550 1356 1232 2467 675
000401.jpg,2349 950 1799 2389 1496 1046 109 1752 2085 623 978 1054 1897 1747 707 12 4 1886 618 2072 2767 2334 2462 1207 2024 1864 1819 1319 2753 696 1160 2038 522 2568 2069 123 1956 2325 1553 1443 1210 2364 1737 2843 903 601 768 254 1938 2793 2702 2416 276 760 2556 1890 283 258 2121 1499 613 199 1512 1775 417 2658 1264 532 2028 2240 1652 1793 1418 2000 1346 2280 1137 1406 2482 1247 1555 340 2078 1594 1428 1717 92 1965 2165 2350 121 1753 266 194 65 2539 1609 2490 2477 671
000402.jpg,2351 1612 2169 1716 509 1056 2162 204 851 2521 2061 1883 2616 1214 22 1171 2481 1939 1446 510 214 1773 1513 1161 1294 1647 1162 2388 609 1889 1176 2153 244 181 5 63 2404 1061 1701 160 2841 2060 1632 110 2567 2784 2457 844 1696 2766 294 2311 252 473 744 2643 163 2011 1019 2588 2401 1591 957 1927 40 1637 2531 1329 2183 2435 2632 1433 2508 1048 628 2289 704 1032 2589 643 2467 1932 241 306 1824 46 1556 138 2751 1326 636 1078 1026 1232 2811 2810 153 1743 1685 892
000403.jpg,134 895 93 1334 2485 323 1506 1810 303 2016 986 1760 182 1712 954 458 59 532 2028 1555 1103 140 2135 1868 2837 2482 2280 268 1434 843 2279 1333 657 724 45 2315 2716 2842 538 521 137 1116 1592 2569 2783 260 266 1422 1799 1617 947 1961 1127 2089 2626 209 2838 739 1012 2164 313 525 408 2500 559 2470 838 1437 705 1190 2365 520 2408 19 1269 1486 1307 2354 1722 1867 2390 1725 1529 560 1945 617 1535 431 1672 2712 903 832 671 768 60 1477 855 2512 800 1487
000404.jpg,146 1149 279 1782 1969 1511 2125 192 169 1011 2448 826 207 418 2498 2353 689 594 1501 335 1922 944 104 1866 1417 925 481 1820 1369 450 781 860 348 2657 1777 310 1123 686 2286 2560 61 2087 2421 1041 568 1949 2688 43 1679 971 1544 1768 480 84 387 331 1204 1261 941 2737 580 1623 2241 2112 949 1343 2324 1218 2585 2826 2628 1451 1110 940 2046 1532 992 804 1362 732 2442 644 1487 2188 1651 1076 2507 26 136 1899 2114 2582 1274 2294 1751 1944 2526 2712 290 2566
000405.jpg,2711 1035 1657 1117 1376 1569 766 1484 928 1568 328 2361 2809 2119 1728 411 2193 1231 585 326 1563 1781 1606 778 1970 2427 382 64 1789 705 2105 2445 2164 2103 1955 60 1710 1282 2091 356 296 117 2142 2690 1018 782 670 1715 2019 877 1854 2768 39 759 2526 1488 1601 2792 2611 496 1917 580 49 408 1741 290 2232 715 1931 2704 368 1608 1623 1362 2046 1433 992 1778 1967 1846 2531 2489 1186 2534 75 1953 2558 420 165 1139 1397 2203 1738 751 2348 2179 1184 148 1605 2220
000406.jpg,2657 1777 335 686 2286 1866 481 689 310 1041 1949 1110 2324 84 2585 2112 941 971 940 2737 1768 1343 949 43 1204 2498 594 2353 1922 450 781 1703 104 959 653 948 2230 2552 2248 1464 1937 2813 2382 418 1123 934 207 849 2448 1038 945 245 1754 2328 2491 351 225 835 1704 2788 2424 2161 1616 735 1772 238 1092 2639 1004 482 1458 2497 198 785 2386 2583 627 2084 2652 2025 1840 219 2148 2291 2057 574 2683 494 1223 146 1874 647 1899 2582 1121 1347 1170 1708 1255 137
000407.jpg,743 681 1398 597 878 340 289 78 302 21 176 2786 417 1053 2451 332 2029 802 2423 1890 1492 893 292 142 868 2074 1888 258 361 62 555 1794 979 1311 673 593 749 2350 1980 1762 2227 2217 429 2723 2165 2078 2549 566 1160 2415 291 2262 1490 378 731 2126 2469 1599 1431 866 2364 1636 427 199 937 1784 2384 2198 434 886 2151 747 709 186 1496 112 2290 2746 1131 1148 1045 1860 2815 2267 606 114 863 1718 1264 2063 2568 36 2518 1267 1079 2844 342 1495 1256 1065
000408.jpg,146 173 1969 1511 2025 2583 2084 2652 2148 1840 219 627 2683 647 574 2057 2291 1223 1874 494 2582 849 934 1960 1365 1754 1199 2353 1038 1757 1458 1922 2788 1041 1616 781 971 594 1110 2386 1949 2497 104 1704 351 835 785 198 450 2328 238 1772 84 2491 1768 43 941 2161 1004 2112 225 945 2324 735 2424 1343 949 974 2737 245 940 2585 1204 1092 482 2639 1123 2772 1212 1561 828 1899 2242 1693 2656 303 1506 986 2348 1738 2179 1184 1953 1605 420 1397 148 1139 751 2558
000409.jpg,504 377 1455 336 1031 1779 1680 2145 709 2341 186 365 2006 937 648 2377 2730 633 811 1309 516 1527 1992 519 543 1526 2516 755 44 422 1929 320 11 662 855 2299 2519 881 1131 1968 1133 2314 1186 339 800 1579 2756 253 2492 1975 664 1311 593 673 340 749 1379 1243 1068 258 717 291 410 1705 1550 248 2251 554 2350 1385 2647 711 2514 942 821 2746 2290 417 112 2165 1890 2458 2364 1562 1033 1608 1519 606 1959 27 1846 2489 1586 1573 191 1322 2578 1429 2843 2798
000410.jpg,757 1063 2640 548 1571 2023 600 1800 180 1828 1811 2296 1168 1299 2042 1355 1524 394 2613 2304 967 499 2071 2185 162 269 1606 1474 2352 1304 2529 839 1181 2721 1502 1769 2067 233 2366 801 634 1209 875 975 2372 151 1271 2317 254 2835 923 793 38 1058 1963 1310 1249 1516 569 2495 1182 2253 230 1765 2781 1859 122 1826 217 2108 2638 1991 2666 1224 1416 2024 570 2577 1327 2212 1050 2313 2008 2523 1252 213 2642 932 980 2799 649 1188 1034 1386 2707 642 444 561 1115 1689
000411.jpg,1851 2319 461 2001 2755 969 513 79 2731 1256 955 982 2559 2225 1479 930 432 2175 1769 770 2719 1549 1209 1137 2219 2722 2117 1211 557 1539 2104 273 1242 2524 763 1122 1390 2140 975 1976 2614 2255 718 143 1759 1557 1154 512 2618 579 193 492 1215 2622 2723 961 2003 2710 1964 1514 792 2727 2658 2221 99 405 2097 2065 1049 1521 2379 901 2304 528 988 1793 1516 2416 2517 803 923 1684 898 1660 2771 1373 1834 342 2757 2844 790 2654 886 277 2607 2387 2633 1619 522 2185
000412.jpg,96 1286 1217 1844 1363 2645 175 2831 1625 1880 2431 1013 836 333 935 419 1927 1907 1556 1790 856 1995 869 2440 1090 1283 443 505 587 2283 185 1827 2099 1050 2222 685 396 2623 1538 1763 448 1220 2261 922 643 2096 793 1520 212 549 189 2155 1108 669 621 565 506 459 1425 1716 1060 2136 562 1321 307 874 2204 2750 734 1715 2182 2627 46 2718 2116 537 2189 1308 1016 1288 1635 354 2720 330 2473 1936 449 1875 2174 586 1981 2595 2631 1278 2461 2336 2394 2534 2560 2087
000413.jpg,2475 1250 938 1347 1170 1121 2560 2087 1708 1403 1020 2734 1581 1016 550 1454 1875 1635 354 330 503 762 1206 1420 2088 2276 437 1233 896 347 921 191 2210 1165 738 633 2051 1577 1902 2157 2302 604 1715 2 2773 2362 208 2534 2718 717 212 1094 2116 2519 549 490 174 1415 2742 2099 505 2283 1827 587 1439 2378 173 334 2387 13 387 1442 1487 1967 826 98 640 247 759 431 1802 353 196 2720 1451 2520 1643 1737 953 2582 1536 2125 2448 146 1417 1782 925 2046 1623 992
000414.jpg,2710 1514 792 2654 1924 2496 2117 2140 1976 930 1479 982 432 2003 1684 1215 763 1964 2104 2524 1122 273 1242 414 2001 969 1211 2755 1834 1216 2444 2614 2255 2065 405 2097 2727 79 1067 2685 127 2068 1268 955 2225 2559 1539 557 277 1049 1521 2379 2319 2722 722 961 1516 30 2298 2757 143 718 638 461 2015 1509 193 1956 2221 513 1851 1256 2640 1266 1373 2771 988 1209 2793 1167 770 1546 1986 2702 1769 36 901 1252 729 1349 1278 1630 912 1112 975 573 7 1346 91 733
000415.jpg,2609 918 1676 700 591 154 1495 1491 1505 2675 1002 708 124 2131 1126 1837 1181 1375 116 1392 203 1946 716 2208 2453 442 1796 1620 2196 332 616 2227 1053 78 302 1580 21 176 996 2530 1812 1888 2451 1449 1311 2549 673 729 749 593 1794 1134 1349 652 1574 2822 463 1431 2029 527 2786 340 979 41 256 97 937 2063 1890 868 434 833 2384 2415 349 2350 2423 292 893 681 142 743 2170 2262 291 883 2217 130 1551 2397 942 634 2151 427 2364 497 1850 416 1030 1200
000416.jpg,843 2308 2842 2279 2427 1917 137 45 1592 2569 1852 1117 2135 2712 120 68 1651 2144 2507 2188 2079 2442 644 260 1422 1116 538 209 2230 2552 959 521 2445 1282 356 2116 2785 139 2089 997 2191 239 983 2181 1746 699 1302 1447 2173 81 858 2052 2814 1142 637 2083 1977 1598 999 726 2830 2708 1560 2698 619 491 1487 2252 218 1714 534 53 663 1076 1606 2472 1904 585 948 2248 2382 1464 2813 653 1937 2495 296 2091 2560 2087 1703 387 1777 2286 2396 335 376 310 689 1866
000417.jpg,1064 2111 2441 1103 2562 1945 843 139 2279 1852 520 2408 19 2354 1269 2390 1867 1722 1529 184 2507 1651 2188 644 2442 2720 997 2191 2135 239 2842 2089 1336 387 1127 60 521 2712 637 959 1016 538 2830 1635 2230 1977 2445 2052 45 2552 999 81 726 209 1875 1282 356 2814 1592 1116 137 2569 2560 1422 1563 2164 1274 2087 260 1487 1251 621 2141 279 2125 1703 1780 1909 1011 1076 1113 1596 146 705 2809 1035 2668 2448 1917 724 418 1536 525 207 2500 313 1489 1437 559 2114
000418.jpg,196 353 759 953 1417 925 1011 1802 2448 418 207 348 804 331 2421 1369 860 2114 26 2241 1218 1261 192 640 98 169 1123 1623 1362 2046 992 1083 1679 2628 1544 2826 1782 61 1751 580 2474 13 776 568 1532 2688 1643 1820 944 1501 1451 1041 43 2112 2737 1343 1204 2585 971 2324 1949 1110 940 949 941 84 1768 2263 2566 136 424 2560 2087 450 1077 2353 620 781 1922 104 594 2498 732 1487 1371 2582 74 2649 146 1570 2724 1344 179 686 1208 2076 2542 1146 977 689
000419.jpg,561 1022 2634 1378 255 52 430 894 1632 2060 2429 1896 467 2467 484 2285 1730 1481 478 1789 501 2059 1026 452 252 2311 129 2632 216 1019 2181 2821 324 1918 1062 138 815 643 2765 668 456 840 1889 2398 2841 786 1736 1813 2105 1923 1024 46 2177 2594 936 1503 753 2531 1885 363 2766 1376 805 1018 2794 782 592 2643 2690 63 346 1048 1303 2199 628 1970 2427 1164 608 1927 476 1662 609 2445 419 160 356 1176 1282 1612 2779 2704 2173 2611 1433 2526 2407 403 1330 758
000420.jpg,1078 636 2094 2643 160 2521 643 46 1401 1694 1332 793 2284 294 2146 2326 138 2189 2018 495 175 510 2162 1811 443 1090 204 2168 1661 2807 2128 1502 2571 2155 1530 2058 412 2481 2595 1970 764 556 719 2816 1259 1880 419 2192 2254 1716 357 736 2008 2551 1625 892 1194 40 2565 922 1843 1927 8 1232 189 2623 448 2011 1744 1889 894 815 2278 2203 2616 2440 1032 2784 2584 1939 592 2641 728 2176 55 2473 734 397 1763 2060 2222 1083 1632 1892 20 131 255 953 1104 1883
000421.jpg,1302 2115 2263 1371 1954 136 907 2152 854 1817 322 598 1433 1219 2463 1917 2502 2699 2293 1352 2483 1974 2704 300 2558 751 1899 148 2179 420 1397 1953 1738 1488 1184 1605 2348 1139 290 2526 1700 214 2582 684 2620 1987 2768 1255 440 117 2142 1035 1710 1569 2531 2669 39 2220 368 75 974 356 1282 2445 165 2242 1757 1693 2193 2656 1365 1602 1960 323 1199 168 1362 270 1623 992 2046 268 1506 1601 1931 496 303 2485 2678 2203 466 986 620 1477 1117 1967 1083 1483 1975 2091
000422.jpg,1172 161 2309 2606 201 965 1388 1901 2769 404 2380 1236 882 2200 712 972 1627 2676 2344 489 970 1151 2010 524 2564 1468 2312 2639 1004 1772 2497 198 2826 2424 2491 2328 238 482 2628 1458 1616 945 225 2788 735 835 2386 1092 351 245 785 2161 1704 1754 1038 896 173 2276 2652 2084 2683 2583 2057 2291 627 647 494 1874 219 574 2148 1223 2025 1840 1578 69 671 338 1561 940 767 1466 1123 2112 2737 934 849 949 1969 450 104 1511 1819 1343 1110 1864 2324 1886 1768 971
000423.jpg,723 1359 725 539 2149 1720 1821 126 688 297 990 1235 284 1107 1340 2624 1845 1908 702 931 1830 848 1643 995 1451 865 1693 2242 2656 828 247 1578 2683 2084 647 2291 2652 2025 494 574 219 1874 1223 2057 2148 1840 2583 627 2582 767 1123 2678 1561 1949 1041 949 2353 104 594 2112 98 1110 941 1204 640 2737 43 1819 2772 1768 940 450 971 1864 84 2324 1343 2585 781 2334 2462 1922 2016 1323 1767 69 173 589 934 1464 2382 1937 2248 1038 2813 948 624 1170 146 2639
000424.jpg,1115 2540 1427 529 251 2381 485 1389 2504 2546 101 2759 1394 1175 2323 697 646 1306 1951 395 923 2644 1106 545 70 215 2622 1798 962 1900 374 1557 1759 2304 1801 2499 1386 1942 1769 2185 2054 1310 932 461 1851 803 1137 2731 2319 2175 1549 2719 703 790 1559 2219 293 2778 2579 1390 1257 572 436 315 2040 2533 1166 547 364 2797 254 66 1982 2363 1353 1971 1373 2771 989 2395 2178 1440 745 975 2000 2824 325 2695 1209 72 875 1180 1027 1925 839 2535 952 1516 1271 151
000425.jpg,1772 1004 198 2497 2639 2788 2328 2491 2424 945 245 1038 482 225 1754 351 785 238 1092 1458 1616 2386 2161 735 1704 835 2112 2737 949 940 2583 2585 1110 1343 1204 2057 647 2683 2291 494 627 574 2084 2324 2025 1041 1874 1949 1840 2652 1223 1768 2148 219 43 941 971 84 934 849 450 2353 104 781 1787 594 1922 2724 2649 1532 1146 568 2076 2542 977 2419 1344 1208 179 2688 689 686 310 2286 1123 1777 481 2657 1866 335 1820 944 1501 173 1172 404 2309 1369 161 2606
000426.jpg,1205 8 1610 37 922 1884 2807 2449 1765 2128 1811 2623 1090 448 570 793 2648 412 1474 1524 510 1502 1694 1697 701 2820 298 2171 2791 2043 1015 167 2058 38 2428 1790 1060 829 2437 2473 2254 357 2192 973 1084 443 1194 423 935 1227 2595 459 1259 953 1082 1727 1936 1188 1560 294 2461 2551 2268 2613 1981 2713 1858 1469 2096 1991 2642 600 217 2222 2317 685 229 1865 2008 495 2284 2094 2071 719 1078 2118 636 619 122 980 690 2721 1327 2212 1912 669 764 1180 1471 2018
000427.jpg,2247 1615 1715 189 449 1050 562 2440 2018 1827 495 2283 587 2146 505 1694 636 1332 1078 2128 175 2643 2584 1330 160 2284 2368 1983 2435 1844 818 1967 294 2273 2326 2168 2203 1401 59 643 1502 1716 609 2841 204 2521 393 1626 1124 138 2700 200 2162 2153 1032 2346 2704 1927 510 40 715 2790 1889 323 2019 2531 46 891 1843 1408 2589 736 2783 2412 2457 2136 403 1797 1970 844 1433 1857 2780 49 957 1540 39 1824 2637 2547 1711 1314 1744 2762 1324 2726 299 1531 2037 1569
000428.jpg,523 2164 2119 847 1741 1563 2173 68 2144 2252 1117 2181 2089 534 1852 734 2785 1035 587 505 1827 2479 2283 1127 559 1437 313 2500 525 81 2527 2059 1190 1846 815 2626 2742 1486 1339 49 1489 60 1728 1011 2809 466 2470 2531 1307 408 171 705 1182 2716 59 1555 135 2489 1231 1876 1569 1186 1870 2534 1917 2668 2696 1808 1179 141 1778 1562 1376 2454 1164 2574 1896 1789 2105 2698 348 1296 218 585 2142 1313 2035 1710 2476 2819 1606 1484 757 1248 168 621 2674 2021 26 843
000429.jpg,921 1165 633 503 738 1415 2636 1250 938 172 399 73 2599 2009 72 174 2276 711 1740 2775 1439 2302 173 1541 1784 896 2362 841 1233 437 347 726 2378 1442 1902 191 2051 1412 208 981 2387 1088 334 453 1206 1420 2064 1628 2 2366 2055 826 828 2724 2649 2419 1208 2076 179 2542 977 1146 1344 1384 639 2344 1627 2676 2010 2421 804 489 1151 2312 1468 970 2564 524 331 2320 995 2688 568 2200 712 1578 2220 98 1532 2669 1298 933 1369 640 925 2828 1528 972 1417 860
000430.jpg,1553 80 1298 1578 1434 739 1839 1740 1187 2615 1929 2413 1448 2295 1478 903 768 1747 1819 1864 726 2165 1717 2668 1379 2078 1243 199 1068 2775 1499 1775 760 2224 2744 1799 1897 1528 2580 1384 65 730 520 2492 1269 1275 135 2566 1442 19 1867 2408 2482 424 2354 1722 1938 1529 2390 1849 1733 532 2028 862 524 2010 2676 2344 639 970 1151 1810 995 2564 1931 489 1627 2312 1468 1012 2276 1979 1518 671 723 503 458 1359 539 581 1406 1908 284 173 688 1235 725 297 1830 702
000431.jpg,1590 2053 1477 895 93 588 1124 2072 1334 249 2047 1291 267 1810 2509 323 1238 2485 1193 583 1323 134 1506 986 1207 1453 303 2016 842 2512 2493 846 2456 1087 422 884 334 1675 1420 2694 560 1868 140 991 2127 150 617 2787 1664 2374 604 739 282 667 1535 1672 832 280 891 1012 1712 1760 182 954 703 927 1497 1289 458 428 2783 2378 1037 2615 1849 1333 775 2320 266 59 720 2502 1272 268 1247 1403 1799 2744 581 431 2548 2797 1725 2242 2656 1967 1693 2115 1987 1269
000432.jpg,1772 2491 2328 945 735 238 2424 1092 1004 2788 198 2497 245 1704 2639 351 482 785 835 225 2161 1458 1038 2386 1754 1616 2585 2652 2583 2084 1110 219 1840 627 949 2148 2737 1204 940 2112 43 2324 1343 2683 494 971 1874 2057 1041 647 1223 1768 574 2291 2025 941 84 1949 934 849 450 2353 1787 104 781 1922 594 2649 2724 2076 2419 1208 977 1532 179 1146 568 2688 2542 1344 689 1123 686 2286 310 481 2657 1777 335 1866 1820 1501 944 173 1369 1172 161 2309 2606 2769
000433.jpg,2841 1632 2060 2467 153 1685 2632 1019 252 2311 1612 2766 40 1171 22 1214 1889 1026 63 1789 1048 628 5 894 138 430 609 2821 478 2567 110 46 1503 2177 1176 509 936 2643 2521 306 160 1696 244 643 181 2183 1927 2531 2061 668 1744 2153 403 2765 1401 2435 2811 1970 1032 1591 1056 1378 608 892 2070 2779 1896 2457 1078 844 346 501 636 1022 1824 1433 1303 766 402 189 939 268 1376 2690 1018 782 1150 2351 2232 2404 1701 1061 744 2704 149 2784 2169 2273 1332 1716
000434.jpg,1865 2605 2623 448 1790 2630 1474 412 2268 1828 2118 1567 1571 2648 2212 1327 2754 685 600 459 1936 229 2345 2096 2428 2642 1015 2317 2372 1285 2180 47 1610 1560 1188 1227 2417 1981 1548 683 217 122 2791 1237 205 2804 2422 491 230 1990 1800 661 1698 2194 2721 2340 2100 2662 2343 2446 511 2707 2352 1991 818 195 2213 444 1618 2030 1533 2781 632 1894 1469 2347 2297 2651 663 1714 2713 1645 423 973 288 2253 1832 1372 1192 2495 2135 2650 51 317 2621 1194 793 2058 570 2820
000435.jpg,1375 1229 2227 979 2786 1030 868 349 2063 2384 2158 427 41 667 1008 421 2206 2356 1675 2776 802 2327 885 1159 1409 1009 2371 2484 1264 2385 1338 1622 2834 1095 2223 837 262 342 2844 154 203 1676 1495 1648 2406 1735 1053 1589 1888 2208 634 2609 340 2196 332 2350 2451 2198 729 1890 1349 1431 700 302 78 438 2078 21 176 2423 2029 130 142 292 893 2039 1181 918 2488 1491 2266 2415 2217 1497 681 428 426 743 1776 1597 1126 2364 2123 1580 2108 2672 1946 1457 2151 2675
000436.jpg,717 2519 2734 1581 1020 604 2718 1094 550 490 1715 212 2099 354 330 549 2773 1750 1005 2534 2432 2742 1911 1635 1016 1875 2116 2157 1121 2283 505 1403 587 1577 762 1827 1454 2087 2088 1708 1347 2560 1170 1077 2006 1144 1714 663 2843 94 1116 2341 1705 1033 942 1586 1850 1051 365 1968 855 814 2514 811 709 538 1309 1966 1393 186 516 480 2337 441 1959 1526 1424 2516 474 2290 112 2746 2730 755 44 2702 1941 1131 2364 2557 774 2463 390 1414 953 2085 2732 937 648 2571
000437.jpg,1707 795 434 248 1138 870 544 1385 1079 2102 519 410 1007 1731 1680 1325 742 483 453 730 1109 746 1381 1628 622 1788 2812 770 2750 2163 1645 2534 2307 2670 178 1466 401 338 599 2631 2800 1640 67 141 2696 963 699 670 1877 1624 2316 1305 305 1023 612 1300 240 2306 2446 1974 2764 1461 2145 392 1718 1267 1131 186 709 339 2518 336 2549 811 1309 1498 773 365 1455 1527 774 2377 830 1152 881 2245 1031 2275 1678 1133 50 1980 1894 1579 863 1732 1850 1263 1779 497
000438.jpg,2041 2711 602 2193 740 1117 64 1032 508 2237 2681 1854 1502 649 439 167 122 217 2213 2030 230 2781 510 2128 1091 1227 317 423 1927 2247 2700 1540 465 1694 328 924 2037 189 2625 20 670 1935 2770 1568 877 766 2258 2305 1657 1998 2427 491 715 411 1771 892 1463 2750 1182 1569 736 2103 2086 2105 1970 2168 2764 444 1225 1314 1354 326 1873 1996 772 350 2573 495 2745 2146 2190 117 2508 2317 1303 2481 1232 2401 294 1791 1035 636 419 2284 1078 1919 920 2073 2326 1400
000439.jpg,1325 1624 2528 599 1920 2812 235 360 2664 772 2259 453 2782 813 9 1508 460 2750 1000 1739 791 1695 1354 483 1770 730 326 2534 2369 479 2647 1528 1305 919 2770 526 2305 2306 50 542 710 1893 54 1628 411 1853 1370 699 1461 1109 670 1681 487 515 1284 963 401 1742 2627 1368 2696 1456 141 1654 31 567 1568 1998 1367 1239 1644 2103 2044 2316 2680 2800 1640 660 1579 2264 2789 622 1400 1788 253 2163 711 1088 1554 1902 612 1381 1300 2257 305 1287 1729 1031 1565 2774
000440.jpg,1851 1769 2319 79 955 969 2755 2001 2559 2225 513 1479 432 982 461 930 1137 1256 770 1209 2117 2731 2219 2175 975 2719 1549 1211 1539 2104 1242 273 2524 1122 763 557 2722 2140 1976 2304 193 2618 2710 579 1514 1964 923 792 2614 2255 512 1154 2658 718 2003 143 1557 1759 1215 1049 1521 492 901 803 2379 1516 2517 2727 2622 961 2416 405 2723 2221 988 99 2097 2065 528 1793 2185 1684 1390 1373 2771 1660 898 2654 1834 1619 342 2757 2844 2607 853 1271 151 886 875 1129
000441.jpg,2090 2584 2717 1295 1411 1826 1582 1430 202 249 1613 1012 1752 5 1711 1744 1531 299 306 121 40 514 278 2762 2766 2273 2187 748 641 24 2455 470 264 1842 18 2198 2412 668 268 1810 607 2509 388 1201 295 2589 2022 110 2841 2833 626 1333 1009 2484 2002 1863 2703 1434 1653 1879 888 601 473 522 1696 153 1685 2240 2532 1372 1832 988 887 25 657 2805 1989 1760 1712 158 107 1406 631 182 2143 954 262 1699 2363 428 2477 2367 667 1982 798 447 1793 1326 2751 2069
000442.jpg,1808 2696 1576 1182 141 847 2674 1934 367 2155 2588 1383 2597 175 1844 1991 2311 1827 252 2283 2181 505 1889 587 523 2799 49 1314 1056 815 2594 1339 316 1061 1024 2574 1023 2404 1701 592 1364 559 1795 744 1437 466 1870 525 1637 1329 2500 171 313 388 1164 1201 2274 1530 2816 337 383 1766 1952 2808 1879 1688 506 565 1248 1337 1089 1100 220 1404 2055 675 2164 1563 1823 2839 963 1891 553 401 1503 2177 1970 1716 160 2438 2531 2105 419 766 2232 822 2042 2398 1892 1568
000443.jpg,793 1090 2623 448 570 1765 922 1811 1790 2058 443 1034 357 2254 935 2192 2222 1502 38 1060 1259 2648 2071 2758 642 2605 1524 2212 1327 412 1474 1025 1467 1277 993 2555 1763 230 2268 1517 1936 2099 2096 685 1629 1308 1694 1690 586 459 1607 2368 1626 1734 2233 736 1278 728 2176 55 2641 397 2234 2360 2159 1028 457 37 1538 2128 2807 2461 1321 1625 1341 2394 869 510 1727 1669 1205 1260 2261 669 2595 1082 2336 1194 1425 1188 1104 2473 2642 71 217 2551 131 122 2284 2317
000444.jpg,1121 1708 1170 1347 2560 2087 137 1592 45 2657 686 2286 1777 335 310 481 1866 689 1899 2353 781 1922 594 450 104 146 2582 1041 1949 2585 2112 1110 2737 940 949 1204 1343 2324 971 941 43 84 1768 1123 1255 838 1391 849 152 934 1703 1038 2583 2130 2328 2491 2084 2683 1754 945 2025 225 245 2057 2291 2639 627 2652 2424 494 1616 1223 574 2788 1874 1704 168 219 2148 1772 2161 351 647 238 1004 835 2497 1840 735 198 482 1092 1458 785 2386 2772 948 2248 1464 2813
000445.jpg,448 2623 1090 922 2058 1194 793 1790 1259 1811 443 1865 2605 570 1060 412 1690 2648 685 1517 1936 230 1765 1626 459 935 2096 993 1467 728 2176 397 55 2641 2234 736 2360 1028 2159 2222 1694 1524 1763 1474 2630 1502 586 1308 1321 1625 869 2128 37 2807 2192 1034 2495 1205 669 2261 2254 357 1082 510 2473 1727 2461 1981 1188 2758 2642 2268 1425 2212 1327 2551 38 2317 2071 642 1025 1991 1734 2233 2099 2595 167 1607 2820 2684 2394 294 1277 2555 2018 2754 217 122 2805 2791
000446.jpg,1076 1651 2507 2188 644 2442 239 2191 997 2396 948 1464 1937 2382 2248 653 2813 732 387 139 2842 418 2448 207 2498 2657 335 1866 481 1777 2286 686 689 310 2560 2087 1487 2052 2125 2814 1703 2091 296 480 959 2230 2552 2279 1274 1852 192 61 1127 843 2712 2089 81 568 2688 1532 1780 944 1501 1820 1787 1909 1922 594 2353 781 1041 1949 84 941 971 104 2324 1110 1768 43 450 2585 1204 2112 940 2737 1343 949 68 2144 1802 637 1011 726 999 860 1489 1369 2421 521
000447.jpg,578 1114 1012 1810 1187 1442 1379 1068 1406 1243 2492 1384 347 437 1233 730 69 1578 1485 1969 981 1511 896 1561 300 173 219 2652 2683 2084 647 2583 2744 1874 1840 2057 2291 2025 494 627 2148 1223 574 2772 1886 2485 921 865 1107 1720 990 1821 725 1767 284 297 723 1340 688 1359 539 848 1235 126 1908 702 1830 1845 931 2624 2149 1506 986 2107 308 1323 767 1819 303 67 1864 828 2509 671 2462 2334 1528 1643 1207 1726 257 909 398 2512 1255 2838 1113 2503 2728 594
000448.jpg,995 640 910 98 783 1451 247 65 768 903 589 2334 2462 1643 578 1114 862 80 1298 103 502 2471 2601 126 725 1107 1720 1821 581 688 2016 990 931 297 2624 1845 1340 1235 702 1908 284 848 1830 2114 723 539 2149 1359 654 1413 1553 1361 2236 1881 655 1692 2378 1839 1434 1578 1767 739 1323 334 1312 618 684 1608 2509 639 1179 2667 6 2210 1254 925 1627 74 2344 2676 1151 2010 1468 1417 489 2312 970 804 2564 1577 524 2421 331 2649 179 2724 2419 2520 658 1208
000449.jpg,2583 2084 627 1840 2683 2652 494 2057 219 647 2025 2291 574 1874 2148 1223 1041 971 1110 1949 43 84 941 2585 1768 1204 2324 949 2737 940 1343 2112 2788 2328 1754 1038 2491 945 1704 835 245 351 785 1616 1458 238 2639 2161 482 2424 735 225 1092 1772 2386 2497 198 1004 2724 2076 1208 1146 1344 2419 977 2649 179 2542 2353 104 781 1922 594 1123 450 331 2421 804 934 849 2582 2657 335 173 481 1866 686 1777 2286 689 310 568 2688 1417 925 1532 1787 1561 1820 161
000450.jpg,2492 1384 1680 1442 1929 1379 1068 1243 730 633 1187 253 1031 98 640 711 1528 1455 921 1011 196 353 580 13 1643 804 331 2421 1451 435 1740 26 74 1573 50 759 995 424 2566 504 639 247 925 336 1417 2250 1570 1489 2668 1250 938 2587 69 1779 1802 192 2448 1532 2688 61 418 207 568 2479 881 589 2112 2737 940 971 1343 43 1110 949 2585 1204 941 84 2324 1768 2647 1041 1949 1608 1486 910 1820 1501 944 2809 1035 1917 582 906 450 2353 594 1979 2220 104
000451.jpg,1116 480 538 1261 1218 2241 45 2135 2569 137 1592 2544 259 2050 1424 843 966 2842 2279 2660 2287 1148 904 2133 1054 2836 1422 260 1444 1045 2734 1966 1393 724 855 2290 2746 112 1535 832 1714 1309 811 663 1005 2165 2151 1686 191 1490 2730 519 1992 1658 1487 2668 2560 2087 60 1243 1068 1379 1747 1634 2078 2712 1051 550 800 387 906 1020 535 1581 705 2299 11 1852 2164 320 415 662 911 2626 1253 1403 2720 1113 648 1563 1897 1639 1011 2393 1536 2125 1170 1121 1103 2617
000452.jpg,380 1599 731 2126 2469 99 1989 1129 823 211 1160 1430 429 1872 1699 25 399 2722 2577 1833 1986 1510 2163 114 555 347 1784 1233 437 208 2302 427 2636 687 866 512 1154 1209 492 566 2757 1211 875 887 2723 579 2003 2618 2349 513 2387 755 916 311 2362 1390 760 1210 1065 2658 886 2108 2416 2318 193 988 901 1553 2706 1252 750 1566 1938 2026 2556 79 1492 961 292 893 142 522 1368 143 718 569 1557 2488 1759 2568 315 1980 2117 361 62 414 528 1793 1067 1443
000453.jpg,2222 333 2831 1286 922 96 1844 1525 1625 2437 2136 2431 1907 1927 1217 393 836 419 1013 824 935 38 869 1363 1244 2547 953 856 1090 1836 2099 1790 1880 1763 2167 562 2171 1220 669 175 620 396 505 587 2283 1321 1827 2264 2623 1615 448 189 1995 2645 443 874 1083 2204 212 1697 549 2627 354 206 685 330 2043 1425 94 1060 2261 1082 829 449 2750 1050 1709 1633 1280 2243 1093 2383 1084 1715 39 2182 343 459 2201 1556 621 814 2116 2560 2534 2288 1288 265 2096 2087
000454.jpg,852 603 1200 2262 1796 616 355 1812 2131 833 1732 2487 610 1587 1450 237 830 1073 256 2530 996 1119 1178 2453 1678 1713 942 2743 1033 908 2420 1620 1002 929 2331 2275 1396 243 1040 2802 666 1051 155 1331 2523 630 441 825 1648 2406 595 1105 1548 1729 1988 3 2397 1564 1044 1410 392 2417 1584 2045 2518 591 683 784 269 1414 2732 1968 1495 1978 88 575 708 1676 1491 1476 651 2170 1449 1096 652 1948 1128 1621 350 918 1419 94 1246 1393 416 301 2519 1634 605 2357
000455.jpg,1663 197 2610 2287 1328 2753 1416 1878 2289 1132 2840 1656 1307 2454 2626 445 623 978 2544 674 1781 2170 677 1946 2017 2472 1111 2405 2375 1586 596 415 911 1253 724 1774 1262 2827 906 799 1099 2093 1029 220 2441 2111 1676 1046 855 1101 2199 904 1441 497 1650 2280 2133 1885 391 2682 2224 1634 1022 312 1118 1966 2515 1134 231 1414 2732 805 2794 558 617 1096 1649 1909 2049 1931 2142 1600 2604 2665 1778 780 769 942 1313 675 1552 595 444 1710 1054 1275 1148 2007 535 2716
000456.jpg,2654 1067 1122 273 2104 1242 277 2524 2023 961 79 1976 2140 193 557 1539 2117 1373 2771 969 2001 2755 143 718 988 414 2319 2722 1834 2685 2710 1514 536 792 2003 1684 955 2225 2559 2496 1215 1924 680 1479 930 982 432 429 380 1588 1256 2296 2298 901 1211 763 513 1964 2727 2015 1851 2614 770 2255 1209 405 638 2517 2065 2097 1620 1509 342 2844 1769 30 1719 2226 1816 442 1320 1154 512 1793 912 1132 2068 573 1986 269 1268 1445 879 1925 1982 2719 2363 1129 492 803
000457.jpg,706 1887 1350 1191 2332 287 2739 263 428 667 2198 1667 819 1470 1930 2273 748 2327 1675 1814 2187 295 2447 1652 514 2548 913 2412 2659 2833 1589 1619 1409 2139 1572 1009 2484 2231 2330 1877 2672 1542 656 262 2039 2356 438 1295 2206 801 1497 2575 693 311 1810 1457 228 857 1699 1229 2590 249 1030 1585 641 1430 1531 887 2215 2488 1689 261 1947 2509 1459 2717 1665 2321 2459 2123 1776 1712 2184 2385 1760 1012 182 25 954 2682 2384 299 278 2090 1087 458 522 2694 885 2615
000458.jpg,1685 153 149 274 501 1048 628 1150 1026 40 478 2022 2632 107 2841 1507 936 608 306 1019 788 63 110 2414 1177 2505 2465 5 2429 129 1813 2779 668 2550 402 1744 1232 2766 252 2311 1632 2060 2398 2765 1612 753 2232 1923 1921 758 2467 268 324 1062 1662 2821 1736 1171 1214 22 447 1378 1896 2169 1889 473 1879 456 840 2285 2751 1056 1326 1755 346 2351 1503 2177 1061 2404 2611 1701 2061 138 1789 2265 509 2567 2502 430 1022 786 609 2602 2183 1176 2604 1297 2521 125
000459.jpg,2622 215 70 254 1137 2219 2000 1721 2304 646 1306 1951 1594 601 2 1390 1609 315 1557 1759 1394 1753 1406 145 1175 1900 378 2759 2546 2376 395 1106 1389 1357 2329 321 2051 101 1115 2787 2240 1075 1165 962 436 1798 2772 914 2381 545 2323 1905 2504 2644 381 923 371 485 1869 2499 697 251 1427 2540 529 1942 293 2561 2533 1801 2387 522 65 1928 276 2185 2172 614 1769 2054 2349 950 613 2320 790 727 1149 1037 1938 1519 29 2325 1160 2362 823 694 2731 2663 2671 1965
000460.jpg,643 2467 1632 2060 1789 138 1019 2821 894 2177 2841 1503 63 2632 1176 2643 1612 252 2311 181 2521 1889 46 478 1171 1214 22 1927 609 1022 936 1032 160 1401 1026 1843 1303 1091 2567 766 430 636 2183 1078 346 715 2061 189 305 509 2153 1378 403 1376 1970 1332 2766 1018 782 2690 1048 2070 628 2765 892 2531 1591 2811 1220 939 244 2435 1330 1433 439 1824 2611 255 2457 844 2704 1696 608 1797 864 132 1056 2526 2784 1896 290 2273 241 2162 204 744 2285 510 1232 40
000461.jpg,43 971 1041 1204 2737 2112 1949 949 1768 1343 84 941 2585 940 2324 1110 2353 1922 450 594 104 781 2084 2652 2148 2025 1123 219 1840 2683 647 574 2291 1874 1223 2057 494 627 2583 934 849 335 689 481 1866 2657 310 1777 686 2286 1038 1754 785 198 2424 1616 1458 2386 351 1004 2497 1772 945 1092 238 2328 735 2639 245 2491 1704 225 482 2788 835 2161 2688 568 1532 2582 61 2421 331 804 1501 944 1820 192 2724 2649 2076 2419 2448 977 1787 1208 1146 179 207 418
000462.jpg,1703 1464 2382 2248 1937 2813 948 653 2230 959 2552 1866 689 335 481 310 2286 686 2657 1777 934 849 2141 1041 2353 971 1110 43 1949 450 1768 104 594 949 941 84 1204 781 1922 2737 2585 1343 940 2112 2324 1123 1038 1754 2788 1616 146 2386 1772 1704 1458 351 945 785 198 1004 735 835 2424 238 2497 2328 168 245 225 2161 1092 2491 2639 2470 482 1899 45 440 137 1592 1347 2396 1170 2678 2503 398 2052 1121 2130 1255 2582 1113 1391 152 2814 1708 2728 139 1274 1864
000463.jpg,1361 2592 589 2480 622 74 2439 1717 1788 2655 1158 1601 496 2322 1961 1672 1561 1485 1658 730 531 2250 519 338 1466 1149 2587 2826 1782 2628 1384 69 1468 2312 1627 489 2676 2344 2010 970 524 1151 2564 944 1820 1501 2088 1442 2307 933 2828 178 2670 1528 247 1011 828 1451 2353 1922 781 2688 594 1532 568 136 450 104 1369 804 1679 1544 2582 860 2021 331 2649 2421 2076 2724 418 192 2448 1344 207 1041 1949 61 2419 971 1208 2566 179 2800 43 977 1110 995 1204 84
000464.jpg,153 1685 1150 501 107 2022 149 40 1048 628 1026 668 274 2779 1507 306 2766 2841 478 1813 2632 129 1921 402 788 5 936 110 2414 1177 447 63 2232 758 2465 2505 1755 295 2550 608 2429 1744 1232 1923 473 2602 1019 268 324 1062 2751 1326 2765 252 2311 1879 1632 2060 1214 1171 22 2821 1378 2467 1612 2169 753 1662 2285 2265 456 840 2398 1736 2404 1061 1889 1701 1056 2351 346 2502 1297 1711 125 1356 2177 1503 138 1789 2567 786 2717 1696 2061 1281 1932 2604 2611 1022
000465.jpg,2657 335 1866 481 1777 686 2286 689 310 1041 1949 84 941 1110 971 2324 43 1768 2585 1204 2112 940 2737 949 1343 2498 594 781 1922 2353 1703 104 450 959 2230 948 2552 1464 653 2382 1937 2248 2813 418 207 2448 849 1123 934 1038 1754 2328 945 2491 1616 2788 835 245 351 238 1704 482 2424 2161 1458 2639 225 785 1772 735 1092 2386 2497 1004 198 2583 627 2084 2683 2057 1840 2291 2652 2025 494 146 574 2148 219 1223 1874 647 1899 2582 1170 1121 1708 1347 137 1255
000466.jpg,737 820 582 1221 1603 2062 721 658 952 1021 783 2687 1916 1683 502 2471 2601 103 807 789 750 1655 1831 1230 618 1798 962 1335 1080 1097 1293 285 1972 1254 159 2402 372 1647 1912 275 1084 2520 1537 364 564 2288 910 1818 1900 690 2378 1591 200 454 247 6 1541 1706 436 1402 334 2644 2171 39 2509 2323 2334 2462 1323 1975 1361 926 684 2666 2210 2726 1472 1558 1312 650 1389 485 2690 2478 2504 215 1018 2388 782 1106 475 98 1822 727 1593 1881 995 2113 2810 2016
000467.jpg,961 414 1976 2140 79 2844 342 193 1122 1242 273 2104 2524 988 143 1373 718 2771 2117 2015 2654 1256 2003 1215 792 1834 2710 1514 1211 1431 432 930 982 2001 2755 1479 901 969 1539 2298 2614 557 1684 2255 2496 277 1924 405 2319 2727 2225 955 2559 2722 513 25 2607 2685 1209 763 1964 1509 2097 2065 429 1851 427 1816 1067 770 1833 638 30 380 512 492 1154 1252 912 2517 2658 1793 2226 1445 2723 2719 1769 292 461 893 867 142 99 2731 1925 1619 573 1546 1264 386
000468.jpg,653 948 1937 1464 2248 2382 2813 1703 959 2230 2552 1866 2657 335 689 2396 481 310 1777 686 2286 934 849 1076 1038 1754 1041 1949 2353 1616 594 2324 2788 1922 1458 785 84 835 2161 238 351 2497 1004 945 941 781 1110 2112 971 245 450 1704 1768 2328 2491 2386 940 198 1772 2424 949 735 2737 1343 225 43 482 1092 104 2585 1204 2639 1391 1255 152 2141 2130 1123 146 2052 2814 1899 45 440 2191 1592 239 2470 168 137 997 1170 1347 1121 1365 1199 2583 1708 1960 1473
000469.jpg,2309 161 1172 201 2769 1388 2606 1901 1236 2380 965 404 882 712 2200 972 2676 1627 2010 970 2344 524 489 1151 2312 2564 1468 2491 2826 2328 945 735 1772 2628 2424 2788 1092 1038 1004 245 238 785 1754 198 2639 2497 482 225 1704 351 2161 835 2386 1458 1616 896 173 2276 2084 2583 1840 2652 219 627 2148 2683 494 2025 2057 1874 647 2291 1223 574 1578 671 69 934 1123 1466 338 1969 1511 2585 1561 1886 767 1110 450 849 43 1204 2353 949 1041 2112 2324 2737 971 1819
000470.jpg,757 1063 2640 548 1571 2023 600 1800 180 1828 1811 2296 1168 1299 2042 1355 1524 394 2613 2304 967 499 2185 2071 162 269 1606 1474 2352 2529 839 1304 1769 1181 1502 2721 2067 801 233 2366 634 1209 875 975 2372 151 1271 254 2835 2317 923 38 1058 793 1963 1310 1249 1516 569 2495 1182 2253 1765 230 2781 1859 1826 2108 122 217 2638 2666 1991 2024 1224 1416 570 2577 1327 2212 1050 2008 2523 1252 2313 213 2642 980 932 649 1034 2799 1188 2707 1386 642 1689 561 444 1115
000471.jpg,2599 1541 475 1881 364 654 655 2236 1692 1916 1312 684 2051 2602 2378 2690 2055 1018 782 1902 72 399 1975 1972 39 372 927 721 2346 73 1537 750 2366 2402 1647 200 1097 952 172 2636 737 1912 1706 436 1582 2062 2009 1415 1021 1831 1655 1628 2666 807 2388 789 464 454 564 2726 2810 2478 1591 1818 2288 1412 1822 1784 1971 2061 2040 1472 1593 334 738 453 326 1439 174 2729 341 926 1281 1766 1297 125 1143 2561 9 1088 921 2064 633 1918 1250 938 1165 1839 1354 2706
000472.jpg,1625 1763 869 2099 2645 836 2368 1321 922 1090 448 2623 443 1626 212 549 2222 2264 874 2204 354 330 2631 1082 2201 586 1308 1098 1633 1709 2432 1280 1615 2261 1538 669 2473 2383 131 818 2174 307 935 1520 1790 1572 2637 2096 764 2718 1811 1050 2247 693 1016 1635 1875 2018 1936 1694 459 685 793 1 1060 1474 2780 537 2621 2254 953 1525 357 636 203 2058 1078 8 2128 570 1194 2192 175 1765 1748 1006 2094 2807 412 2146 2605 495 2648 1205 1844 2394 1487 719 1286 2336
000473.jpg,220 675 1795 2597 383 1356 1885 2438 2265 1774 2049 2821 402 608 1023 89 2335 506 553 337 682 1383 1024 963 367 1164 1952 2808 252 2311 1889 1056 1650 744 1337 2588 2404 1870 1061 1766 1637 1701 2574 525 1437 49 1329 559 1307 313 2500 388 1201 2696 1991 141 2674 1823 815 1530 592 523 565 1879 1808 171 2274 1891 1934 2594 2181 1576 2816 466 1844 505 587 1364 2155 1100 847 1089 1827 1404 1339 2799 1182 2839 2283 1688 2055 175 2515 1441 2467 1543 1743 1022 530 2326
000474.jpg,2188 644 2442 2507 1651 2173 68 2144 139 1076 2445 239 997 356 1282 2191 2089 1852 843 2181 2698 2712 637 1746 1142 120 1598 858 81 1275 209 732 999 2052 2814 521 387 726 2427 2830 2308 959 1977 2230 2091 296 2552 1481 2116 1127 2448 2842 2279 2125 1487 2079 207 418 2498 2560 1802 2087 689 481 1777 2657 1866 335 2286 310 686 480 1274 2252 1780 1896 1789 2396 534 585 1563 1288 1909 348 1703 2526 759 290 948 1904 2382 1937 1464 2248 2813 653 2164 53 2720 1710
000475.jpg,1102 1965 2411 1316 2790 817 2817 2121 1163 2510 221 1405 4 1552 2477 2367 1940 1085 2667 659 188 2433 626 2391 1983 1202 2400 109 1902 613 987 563 475 950 1428 1737 2012 2346 276 2178 826 1158 1046 1723 1916 769 1001 433 500 2553 2272 2735 1656 2113 1848 2685 1636 415 2646 904 911 486 2007 2133 2713 2043 2815 359 526 2034 2732 674 606 1414 304 2066 994 675 1948 2375 197 1985 1440 864 1213 1228 274 784 286 2528 319 1895 463 2397 2673 177 2122 1173 1842 694
000476.jpg,724 929 2802 825 2487 2331 237 1587 1410 575 2539 1119 942 2170 1051 595 1676 674 2697 771 652 1878 2519 610 1246 1414 2732 2019 1040 2523 1419 855 355 1812 2262 604 1200 2336 1796 301 616 1966 2764 1968 2138 1046 269 2131 2099 1873 2212 1327 1946 1044 666 1136 852 83 2426 2394 911 415 2563 1070 102 2166 1382 2525 2106 1959 243 1600 2544 1253 906 1634 2434 1142 120 1988 630 1564 799 1713 1178 1734 2233 88 1978 651 1838 2718 1620 462 996 2530 876 2246 1033 2684
000477.jpg,600 1571 2835 1828 2023 2372 1990 1800 2642 2180 47 2352 2317 2727 1790 2422 2781 217 1188 1327 2212 2791 573 122 1863 405 2721 2268 2707 288 2097 2065 1936 1567 1964 1811 2118 879 448 2623 1714 2648 663 1981 1698 2460 1618 1548 2710 1514 1037 1560 792 1227 412 2640 2253 511 770 2428 2140 1610 1976 229 1373 2771 632 2135 685 1479 930 718 1215 143 2614 1015 763 2255 982 432 1211 2096 1242 273 2104 1122 2003 2524 79 1137 459 1865 988 2030 193 961 317 1894 2213 803
000478.jpg,1596 42 2513 669 836 2562 935 2160 1898 385 1220 2720 423 661 690 2725 1995 1797 1013 387 2428 1618 2468 2194 2514 2434 2096 2687 1670 1587 624 1221 1291 2578 2464 2403 1080 1941 789 1387 1682 1303 1862 240 753 1272 752 476 1140 1024 708 157 582 2765 1108 2175 1283 2675 498 56 58 956 115 1500 2116 1286 2437 2595 1315 2603 2591 96 1836 2449 1336 396 16 131 1091 185 861 2648 1475 2473 1251 827 2823 1363 2791 307 120 1304 2645 1697 1610 2079 973 1341 2450 206
000479.jpg,2556 200 741 1972 372 1549 898 790 2658 1087 1531 2316 1264 1324 157 2416 2778 1822 853 2349 2818 951 1210 1411 1294 2270 1162 1166 748 2388 1446 2484 1009 2072 1752 2478 436 1338 617 2833 2797 564 2402 492 1124 341 278 2134 952 299 234 1118 364 1157 1942 2499 676 1141 867 1916 1706 2013 1159 1161 1430 1386 1513 1773 1272 475 2729 2455 998 264 2108 1839 1619 987 1037 2273 1050 2412 837 99 2051 2561 380 114 2633 334 2607 513 342 1715 614 928 2844 1791 512 2700
000480.jpg,1035 1563 2164 2091 296 2445 1710 356 1282 2142 1917 2526 60 290 75 2220 2669 408 1953 1623 1139 2348 1605 1601 1738 420 148 1397 1362 496 2046 1569 2558 1184 992 2179 751 1967 165 2809 1439 1117 1489 1839 1197 1010 1011 2768 705 431 323 1881 1931 655 368 617 2668 1692 1852 268 2236 654 1488 759 270 1376 26 1473 2115 2489 2620 684 322 1296 2569 580 348 168 2827 1484 1275 1437 559 1899 313 2500 621 1313 2021 2492 525 2578 1307 1486 2720 2427 2250 1929 2089 2470
000481.jpg,2639 1038 2424 1754 1004 1616 2386 198 238 2497 482 785 1772 351 945 735 2328 1704 2491 245 1092 1458 225 2788 2161 835 1041 2683 647 1204 2652 949 2291 2057 494 971 2737 2112 1949 2084 43 940 574 1874 1768 1223 941 2148 1343 2585 2025 219 2324 1840 84 2583 627 1110 934 849 2353 104 594 781 450 1787 1922 2076 2649 2419 2724 1208 179 1146 2688 977 1344 1532 2542 568 689 2286 1777 686 335 481 1866 1123 2657 310 1820 944 1501 173 1369 2498 1172 2309 1901 965
000482.jpg,247 1680 353 196 640 98 2582 1929 759 1011 1643 580 13 804 1987 331 2421 1802 1417 925 207 26 418 633 2448 1451 61 192 1570 2704 2492 995 1041 1110 2585 2112 1204 43 2737 2324 568 1343 940 1949 1532 949 971 84 941 639 1768 2688 2566 424 1489 450 74 2353 781 2474 776 944 1501 1820 104 2479 1922 594 1035 1312 1123 1623 348 1362 2046 992 1917 136 2241 1218 1261 1369 860 1274 1899 2475 910 1608 2669 1486 1031 1488 2164 2220 169 2114 2668 1563 1757 974
000483.jpg,2690 1018 782 1312 2704 1881 684 655 654 927 1692 2236 1591 39 475 1975 2526 1433 290 2531 1918 214 807 1789 2810 2115 2502 1710 2142 454 247 2152 2435 2378 2346 1281 598 2561 1602 1488 1376 49 1472 2061 759 403 1824 1451 408 721 1984 1987 815 98 1643 2157 640 2220 2669 268 2051 1839 323 1623 1362 2046 992 1696 496 2768 2288 1601 1577 1970 1715 1647 1902 244 431 1323 2811 1032 2016 1608 1439 255 1931 2114 296 2091 939 995 2273 2203 2457 75 117 46 1035 844
000484.jpg,52 1896 2059 657 2022 1481 268 1685 153 149 1333 501 1760 1712 182 954 129 668 780 1434 1736 2429 1813 324 1062 107 1923 2502 2244 1789 1662 1730 1465 1711 1918 467 2690 1018 782 456 2634 452 840 1376 1087 927 2531 40 2414 1177 2285 1150 2708 2841 295 815 1378 134 561 49 484 1339 1433 1026 2717 214 2704 5 2526 363 290 110 596 1638 1452 478 786 1019 758 1275 2214 831 2154 2837 1602 408 306 2806 274 619 1781 2398 1710 753 2142 2779 171 409 559 2819
000485.jpg,348 1362 2046 168 992 1623 1011 169 1313 1563 525 2500 313 559 1437 1782 1296 2142 1123 1486 1369 925 1710 26 1870 860 1417 580 621 2021 1261 2628 1218 2826 1544 1679 2241 759 418 2448 207 2035 1820 192 944 1501 2470 61 353 804 196 2421 331 568 1532 2688 1041 949 2737 1949 1110 940 1343 2112 1204 2585 2669 1768 941 781 2324 971 84 43 104 594 450 2353 2220 1922 1899 1127 2566 424 2498 136 1451 2089 75 2164 408 1866 686 2286 689 1777 310 2657 335 481
000486.jpg,1601 496 1623 1362 2046 992 2220 2669 1881 1197 1010 2236 655 1692 654 1035 420 1953 1397 1139 1738 2348 2558 1605 75 148 2179 1184 751 2526 290 431 589 165 1931 2592 368 74 1561 1961 2480 2768 2655 1717 1839 1158 1439 2439 323 622 1710 2142 2322 2445 1788 1672 617 1967 268 2091 408 1282 356 296 1488 759 1485 684 270 2115 2620 531 348 1312 1658 730 1899 1486 2827 1782 2250 1296 677 247 2704 1563 1313 168 338 1466 2582 1012 1725 1536 136 2628 2826 1384 169 1147
000487.jpg,306 2022 2002 470 2274 304 473 2751 1326 2066 1653 1879 1333 2113 2178 110 5 668 1213 682 650 295 1688 1171 1214 22 2169 1494 1545 2703 40 107 153 1808 1685 2841 2589 798 2414 1177 2567 149 1265 1857 268 158 2404 1061 1701 1744 2508 888 1712 1760 1674 2502 2574 954 182 1432 2717 2638 2810 1339 1452 2666 1666 2438 1404 2766 1668 119 375 287 163 1984 2124 1725 657 1295 447 1434 1785 1150 2032 129 1963 2806 1696 2171 2361 2090 24 425 224 274 2829 1201 388 501
000488.jpg,2044 1644 1568 2674 1892 928 766 1503 2177 328 2528 847 2501 1934 118 2042 2232 2711 1657 1248 1314 367 2696 141 175 316 1182 2155 983 1808 401 2627 1109 1164 963 1741 567 2745 2190 1376 2037 1728 2625 2199 1563 1996 734 822 2238 411 2611 1716 326 100 2454 1063 2438 1463 2809 1093 2119 643 1231 2715 1970 48 407 46 1935 64 1637 1329 924 2137 778 1791 382 138 2105 1729 2317 2643 1827 505 587 2283 1743 2778 754 227 1632 1844 2060 2629 2597 1854 2839 1342 2594 585
000489.jpg,2473 1792 2603 1060 1090 1999 1765 2192 1467 993 2058 1811 793 2648 2004 2662 2372 570 2623 37 448 2555 984 1277 357 352 2254 2205 1607 1638 1629 2340 1694 412 1194 2551 1517 2758 922 1341 1540 1153 1259 294 1502 2461 1806 1103 443 2284 2835 1861 1734 2233 764 2595 1471 2605 1690 1205 472 2008 719 991 115 1524 1474 1626 888 1028 2234 2176 2360 2641 728 55 2159 397 736 510 2018 495 2807 2128 641 8 385 2094 2468 636 2820 2146 457 2691 642 2326 1078 1421 166 131
000490.jpg,1358 366 1758 2691 1421 472 2581 2355 1196 1452 991 1279 150 2004 58 1868 140 2374 641 1193 242 880 1086 1348 2456 798 2740 1665 842 583 884 158 2206 1377 764 2694 756 796 2327 2053 2127 422 588 267 131 2047 1590 560 2468 1420 170 2109 1638 1291 1477 1345 604 888 1403 846 895 93 514 1664 1238 1432 2703 2659 82 1289 210 1124 1576 77 1675 2072 1494 190 857 228 891 249 1551 1334 703 1765 2418 1351 720 2461 1810 2509 1272 2184 282 280 1724 493 428 1861
000491.jpg,1640 612 2316 2800 1788 622 1381 1650 1370 2306 1554 1305 963 813 2750 871 2202 2812 383 2257 2789 396 141 2696 699 1461 1476 1188 2534 2343 1300 1865 507 205 2446 271 705 730 2674 401 1624 1781 2157 599 1109 1741 1023 670 316 734 1325 2216 1774 305 2527 235 118 2307 1145 2670 1981 531 178 2088 2105 453 677 1681 1003 33 2537 2081 2098 2664 1052 2103 1604 209 360 1853 1330 2747 240 2259 660 631 1941 808 2803 2735 88 1974 483 1885 1907 519 1262 1565 1512 1848
000492.jpg,1495 2451 442 830 2397 332 2227 1713 497 1980 1946 680 1178 1794 78 302 176 21 1132 1678 2029 1311 673 593 749 340 291 1586 603 434 1053 2549 2786 1431 2350 1008 2436 2196 1580 2158 2275 942 389 1126 2543 2262 1676 833 1450 1620 256 1588 1732 2518 2544 937 2170 2063 943 2743 1033 2675 1200 2748 606 979 154 852 591 2538 292 142 893 2660 339 743 681 1890 616 1449 1073 555 1959 2415 866 1796 1718 1888 868 2423 361 62 1414 2732 554 2151 365 2364 1079 996
000493.jpg,2435 2704 1824 403 1987 1696 2766 106 244 2457 844 1433 1591 5 609 509 2153 2531 2183 2811 2567 2526 1970 290 1515 1201 388 807 815 2502 2584 2521 214 2060 1083 1632 1889 1019 894 63 160 2841 1032 1176 643 189 1330 1171 1214 22 46 2643 636 1078 2827 255 2152 1899 939 2115 1602 1401 2467 721 2273 2378 2589 2582 1582 1826 766 957 2070 1332 132 1488 466 247 430 864 598 892 249 2048 744 1012 1411 181 759 2784 1927 592 1856 891 1870 668 241 24 2128 2320
000494.jpg,648 800 1309 811 1992 2730 535 336 662 11 320 2299 2145 1726 909 519 855 257 2746 2290 112 2165 1005 67 1424 1581 1020 1393 1535 832 2734 538 1897 543 2151 1490 1116 1686 191 2763 1133 2341 1243 1379 1068 152 365 2130 1391 1138 2050 1747 1779 2078 1054 2544 1966 480 1634 1261 1218 2241 2287 966 550 709 186 1148 516 2133 2836 259 1045 1444 904 2660 1203 1219 1969 1511 2485 440 44 1113 906 760 937 724 767 2314 671 2516 1526 2830 828 624 2492 911 2678 1506
000495.jpg,75 2220 2669 1738 2348 1139 1953 2179 1397 420 1184 148 1605 751 2558 1623 2046 992 1362 1439 1197 1010 2445 1282 356 2091 296 2526 290 165 1035 1839 368 1820 1601 944 323 496 431 1501 2788 2649 1488 2076 1616 2386 785 1458 1369 179 1772 735 2724 568 2688 1038 977 1208 1004 2419 2424 2491 2328 1146 945 351 2497 835 198 1881 860 2639 1710 2161 1754 1489 2542 1532 1344 238 1704 1092 482 458 1931 2142 1967 655 225 2236 1787 654 1692 408 245 2498 826 2200 1203 712
000496.jpg,572 1042 2304 2323 395 1769 1646 923 875 2185 2577 754 2666 1209 1175 932 1310 2529 820 377 293 27 504 975 1579 625 1519 1115 839 254 650 151 1271 529 697 2540 1354 251 1427 2320 1394 1516 886 2054 2108 928 1252 698 65 1386 2778 569 1063 2086 2256 757 485 2504 980 1900 2644 215 2175 1851 528 1015 483 1368 488 315 763 2622 461 803 2277 955 2719 364 916 2559 2225 1249 1858 2313 1049 1759 1390 1963 1557 579 233 2793 545 2379 1418 1521 2618 339 70 1137
000497.jpg,1261 1218 2241 2626 2544 1586 169 1123 2628 2826 860 348 1369 580 1011 623 1362 978 2046 992 1417 1679 26 1544 1782 925 1623 906 944 1501 1820 2448 418 207 568 2688 1532 1110 1949 781 84 594 941 971 1768 949 43 1204 2112 1343 940 1041 2737 2585 2324 2353 1922 104 450 2421 192 331 804 61 2566 424 353 196 433 2582 1451 1344 2542 2498 259 2724 977 1146 2076 2419 1208 2649 179 136 1787 2583 627 1866 480 2025 2683 2057 574 647 2291 1223 494 335 2657 219
000498.jpg,2115 2152 598 1433 2502 2704 214 290 2526 2457 844 2531 1602 117 1488 2142 1710 2768 2558 751 244 1397 148 420 2179 323 1738 1184 1953 2348 1605 1139 2193 2153 1302 1035 509 684 368 2620 2669 2220 1789 609 1931 268 75 408 1623 1124 1362 992 1700 2046 759 356 1974 1282 1601 2445 49 496 1439 2128 5 2183 1376 1591 1569 39 1967 296 2091 165 431 1197 2236 1839 654 617 1692 2203 655 851 1881 1010 2690 1018 782 1117 1715 1975 270 1781 670 1312 1917 2051 2427 454
000499.jpg,2394 94 2243 1331 1673 1105 2534 1614 1476 243 2718 316 1778 2095 562 2190 2745 2202 1729 666 567 717 808 2336 2519 2627 2260 2192 874 2204 1370 604 2750 1709 1538 2684 1003 2045 699 2454 2714 1988 1396 1564 2802 441 2233 1633 1734 1517 2551 2487 2081 2523 833 777 575 1550 88 1410 490 1523 1996 983 1109 1812 2331 1200 1407 355 416 996 2530 1044 1025 908 669 2264 1604 1936 1321 462 2166 2300 550 401 2563 2106 1382 307 2426 102 2812 2525 2774 2631 269 2261 670 922
000500.jpg,1192 676 1462 879 1480 327 1925 1814 584 1346 2771 2363 1373 1366 1982 1691 1816 1426 960 1320 1440 1687 1120 803 1157 796 522 10 1962 53 2494 2701 914 2460 1075 14 1372 1832 1786 1642 1420 276 2345 1222 1137 1721 1443 2727 560 2387 1619 2013 379 767 2219 1285 2804 863 1037 1863 2621 1915 2362 1660 2719 2722 988 2824 845 342 2140 912 1767 2614 79 2347 2297 2651 2080 1976 2255 1289 961 2844 380 2633 234 841 2226 2723 99 2695 429 2755 2001 718 325 615 114 745
000501.jpg,1199 974 1960 1757 1365 1255 2582 1899 594 1922 2353 781 104 450 1123 1274 1738 420 1397 2179 2348 148 1184 1953 2678 1139 1605 2558 2657 751 1866 146 335 1110 1949 481 1041 84 971 2286 941 2324 1777 686 43 1768 2585 689 1204 2112 949 940 2737 1343 310 1561 2242 2656 1693 2583 627 1038 1616 1754 303 2084 865 2328 351 2788 168 835 2652 945 2424 1840 2491 1506 1458 986 849 2683 2639 2057 735 2148 245 2291 1704 934 225 2025 1772 238 482 785 219 647 494 1874
000502.jpg,2482 532 2028 2280 760 1938 1721 36 2702 767 2315 2716 2038 1553 2387 1499 1775 903 768 2150 671 123 65 1555 522 2078 2219 1346 1137 276 1037 1054 696 1956 2151 2165 2362 1005 199 1406 1966 53 841 2376 2668 371 1747 2329 321 724 1068 1243 1379 2539 1717 2746 2290 112 92 2772 60 1886 1897 1045 947 1148 2730 800 1094 1733 1490 191 1187 858 1725 2660 2050 2615 811 1309 259 855 135 2838 2744 1849 2224 2734 1116 1686 521 1929 1617 2133 2837 904 2544 2413 2020 2295
000503.jpg,1416 2417 2714 683 2523 1523 1178 1584 269 2129 312 1926 2472 2296 1224 2023 1734 1096 1948 2233 2254 357 462 2212 1327 1538 2180 47 1194 2071 1838 2832 1690 457 2205 2422 2343 495 1392 2202 1060 2802 1244 1727 984 116 576 1181 517 1548 2835 2609 2745 2754 2190 1645 2196 2461 499 825 2473 2709 1936 929 115 393 2630 2136 1169 1246 2501 2019 771 1226 642 2372 1463 619 1034 1698 2095 1990 2260 38 166 2418 230 2662 1332 1765 793 2780 1090 1806 85 1540 777 2781 2268 1134
000504.jpg,1640 2750 396 2316 1305 622 1788 2800 1381 599 2764 2317 1188 2642 699 2446 2791 1790 217 122 1370 1727 71 935 1907 2571 2213 401 2030 2079 2437 577 834 1914 16 1304 685 1363 2134 2373 2257 2282 1502 730 1286 1283 2534 1109 770 333 271 612 2591 305 1858 661 1661 60 2088 2163 1995 2168 666 1108 1624 229 1013 483 2102 897 2307 2812 856 1681 1217 2627 178 2670 1806 141 2696 1052 1023 2197 1325 963 2631 2537 670 1940 836 2735 1565 660 2160 631 2664 1615 1853 328
000505.jpg,2518 1073 1079 2549 1131 709 186 673 1311 593 749 1794 1718 258 2275 176 21 78 302 555 2080 2290 2746 112 361 62 597 1398 1267 878 2410 1033 332 1705 2227 1120 2743 937 365 942 2600 2085 434 606 2451 339 1959 1036 3 2341 544 830 554 2458 1393 1732 340 2423 2397 2364 2786 2350 1589 1980 833 2543 2538 1890 2029 1053 868 142 2436 1779 893 743 292 681 291 2415 863 2730 1888 497 1783 1431 2815 1762 881 2151 1309 2686 811 1133 288 533 410 1005 2262 852
000506.jpg,2214 831 447 384 1711 409 2154 668 2766 2022 2090 2244 1333 1813 2602 107 129 295 1374 501 2779 657 1957 1150 2207 1921 1486 1983 2378 758 2220 249 2669 2035 1012 402 1141 121 1558 714 1434 1712 1760 182 954 1736 2059 1825 2232 266 2583 2084 219 2148 627 2652 433 52 268 1840 261 2344 2683 647 1627 2057 2025 494 2676 970 1874 489 524 2010 2564 2291 1151 2312 574 1468 1223 1896 995 1755 552 2724 2649 977 925 74 639 179 900 2076 1417 906 1208 2419 1344 331
000507.jpg,268 408 2526 290 323 1710 2142 1839 1333 431 657 1931 1760 1712 182 1439 368 954 2220 2669 1434 1139 1953 165 2348 1738 2768 420 1605 148 2558 1397 2179 75 1601 1184 1623 751 1035 2046 496 2445 1362 1881 655 1010 992 617 1197 1692 1967 2236 654 1282 296 2091 356 2115 270 1488 2502 1725 2620 684 759 1437 559 2500 313 525 134 1012 2827 2531 458 1296 596 1307 1899 1087 927 59 1275 621 1711 2704 214 1486 2626 1433 348 2470 1563 168 1312 1602 2164 1313 1190 2021
000508.jpg,146 1274 1127 139 2279 1703 1076 1909 1780 279 2442 644 2188 1651 2507 732 2396 239 2191 997 2448 207 418 2842 481 689 959 1866 335 2230 653 948 2657 1777 1464 1937 2382 2248 310 2813 2286 2552 686 2712 2560 1852 2087 2125 2089 2052 1487 2814 2498 387 843 2091 296 192 480 637 2445 999 356 1282 81 2830 521 1977 209 726 1288 61 2353 1011 594 104 1922 781 450 1041 1949 1768 971 1501 43 84 941 944 1204 2737 949 1343 2112 1820 2585 1110 2324 940 348 1123
000509.jpg,1409 746 2834 2371 1095 1094 837 667 1008 2158 2223 1159 2484 1009 421 1675 427 1375 2063 2436 1622 1520 2206 2327 2356 1338 342 41 1572 2844 1264 2384 1229 979 1 349 868 802 2776 2786 1030 203 2227 1936 1850 307 885 2734 814 1735 2613 385 1589 2519 2078 2399 2338 795 2364 1280 2337 2406 2403 2198 2266 1597 311 340 857 1890 228 1269 428 520 1733 19 2390 2408 1715 2350 1529 2354 1244 441 1722 1577 1867 2251 634 2488 604 845 2273 1187 1648 94 2301 2151 801 1581
000510.jpg,1049 1521 1479 432 461 2221 2379 982 930 2117 1964 2556 2818 951 763 2140 741 1976 1684 1058 2710 1514 792 1294 1549 898 1211 955 79 1215 2559 1546 2225 2727 2614 2255 975 2793 405 2015 2298 2618 579 30 528 2097 1446 2065 901 1112 7 638 1924 2496 1630 1509 969 1256 2001 2755 1399 1851 770 513 414 1791 1324 1834 1516 127 2444 1216 193 839 2685 1252 2524 2104 1242 273 1531 1122 2003 2757 718 2416 1715 143 1411 961 2038 2778 1209 1822 1271 151 2333 2068 1268 2741
000511.jpg,2841 1176 2766 5 1632 2060 1171 22 1214 153 1685 40 1889 1019 1797 181 2467 63 2505 2465 509 2567 1696 160 110 2521 2435 609 306 2531 1744 2643 244 643 2070 1612 2183 939 668 2153 403 46 1927 2811 2632 2588 1056 1401 1591 268 2351 892 252 2311 1824 2404 1701 1061 2779 1032 844 2457 402 1433 744 1330 2273 1078 1048 636 1026 628 864 608 1970 2169 2704 2784 204 255 189 2502 132 766 2526 241 1332 290 1789 2821 473 894 478 936 1716 2162 138 2232 1150 2810
000512.jpg,580 1586 2544 2626 2454 623 978 1011 26 1608 2361 1051 2792 1261 2241 1218 1658 585 1680 1362 2046 992 2492 435 1623 705 906 169 2628 2017 1782 348 1870 860 1369 2826 2472 415 1123 911 497 1878 925 1417 2034 1679 1544 2660 1929 1134 1606 2545 724 60 2578 1035 1253 1489 1563 2164 1852 2170 2809 563 2668 2250 2393 1639 1473 904 1130 2133 2405 433 1917 944 1501 1820 674 2287 759 353 196 1946 322 781 450 1922 594 2353 1400 1451 1312 104 480 1573 2448 1979 966 1966
000513.jpg,1942 2499 545 364 436 2778 2644 790 962 1798 1900 508 1549 1166 2323 572 952 395 485 2504 1106 215 1389 1801 646 1306 1951 1394 1175 2546 2051 2759 1427 2540 251 529 697 1115 1408 2381 1883 2622 70 101 2576 1759 1557 923 898 928 737 1257 1063 2040 2304 372 1822 2062 2054 2178 9 932 1769 2666 2185 1971 1972 454 650 475 807 1310 741 1354 1916 926 1531 2346 39 326 2797 200 1912 1050 998 703 2561 789 2719 2478 2388 987 2250 655 2602 2288 654 2236 1692 1975
000514.jpg,2525 2563 2106 102 2166 1382 1517 2426 1410 1734 2233 2192 1136 87 590 2033 902 2752 1607 1277 2555 1629 575 993 1467 2758 2551 2802 825 2331 2394 2071 929 1044 1919 2684 2733 736 793 83 1690 2058 462 2605 2176 2234 728 1626 397 2641 1028 2360 1259 2159 55 2801 2523 652 243 1765 88 457 570 1988 1564 2487 1407 2300 2254 357 1072 71 1669 651 1621 38 1838 2357 716 1604 499 1025 827 1341 127 2368 1104 1278 2189 2212 1327 2246 642 1943 17 1059 1719 345 2714 573
000515.jpg,908 2530 996 1812 2453 1200 1988 1564 575 2802 1331 243 2487 355 1105 88 1621 2331 1410 1476 1729 1044 2045 1128 1396 237 929 616 2300 1796 666 256 716 1587 1584 2426 2563 630 102 2166 2106 1382 2525 2523 1407 852 2357 2131 1002 416 2538 1713 1620 2262 1119 1178 1895 1732 1978 1136 1449 1838 269 2714 2394 462 683 540 2417 825 603 1450 1505 2375 830 2752 87 590 902 2033 2733 833 2246 1719 2243 897 83 1548 1604 2260 1906 1517 1734 2684 2233 197 984 527 301 345
000516.jpg,449 2097 2065 2103 1781 1411 473 741 790 1549 2681 898 372 1162 1047 1294 2589 2778 1446 722 2556 2818 951 1324 204 1791 2766 2584 851 2521 2481 1531 2747 1822 1582 5 163 2169 1696 1715 160 2388 1063 808 1171 1214 22 721 1913 510 2098 2232 1512 2435 928 2674 383 2751 2478 2168 2567 1326 2162 734 388 1201 2351 2810 1637 1329 2616 2643 1556 1612 2061 1056 2666 1883 2404 138 2284 1061 1744 1701 1050 375 110 306 40 2134 602 2611 780 1502 411 1166 1716 2146 1332 1232
000517.jpg,1612 2351 501 478 1048 628 1685 153 2061 2632 1026 2162 63 936 1507 1150 274 1513 1773 1161 1716 1232 2505 2465 788 2169 1736 1056 1883 2550 40 608 252 2311 204 1214 1019 1171 22 1647 2429 129 2060 1632 2521 2467 509 2821 2841 1889 110 2404 1061 1378 1701 2766 138 851 1813 402 2779 2765 2232 5 160 744 2285 149 753 609 1176 181 2398 2567 324 1062 2450 214 1503 2177 1789 2643 786 2588 510 2183 306 163 758 957 1637 2508 1329 2531 1921 1662 2611 2153 1923 346
000518.jpg,1638 97 1134 1375 2205 1837 984 1181 1806 716 116 1505 1392 2752 87 590 2033 902 166 307 1008 1276 1943 124 541 917 1950 32 467 2609 1999 83 1378 700 1025 652 2461 2603 1491 561 1301 363 1629 642 2239 421 780 1604 2131 1438 456 471 405 840 2196 2473 1467 246 993 1034 1607 1002 2555 825 203 1277 1057 324 1062 527 1923 2407 2822 1792 1126 446 1465 2244 352 1463 1813 2835 2675 17 2399 2071 591 154 1069 1059 2285 929 708 2758 1662 2635 1481 484 2523 573
000519.jpg,448 2623 1790 1090 922 2096 412 685 1936 2648 459 1811 1694 793 443 1981 1060 1188 2642 935 1865 570 1327 2212 2268 1763 2317 2721 217 511 1828 122 1991 2791 2372 2180 47 2340 1474 1765 869 1571 600 2662 205 2820 1698 195 1524 1625 1321 2422 2781 1469 1227 1502 37 1560 2446 669 2222 2213 683 317 423 229 2030 2707 1990 2261 2417 2713 1308 1610 586 2118 1567 491 632 1425 1015 2128 2135 1205 973 2807 2253 2428 1714 2352 1548 663 510 2343 661 444 1237 167 1618 288
000520.jpg,2079 2571 376 120 216 60 861 2278 296 2091 2842 1447 1255 1483 2173 1076 2698 68 2144 333 1806 1661 300 1274 2427 239 1746 2017 858 2191 997 2168 1142 1217 2308 806 1288 2396 948 2248 653 2813 1907 1937 2382 2591 856 1464 356 1282 2445 1536 2181 53 2116 1318 2279 1487 139 843 1598 2712 1651 2188 2720 644 2442 2507 1780 387 209 521 1715 2160 1127 1987 637 585 2019 953 2742 1117 620 2252 2089 2560 2526 2087 290 1083 619 734 1852 935 81 534 621 2506 2142 1147
000521.jpg,1685 149 153 40 2414 107 1177 1104 1662 592 1150 181 1026 788 467 1378 163 2550 2022 2407 1048 501 628 2335 1637 1329 2429 2841 1556 851 1507 668 2839 274 695 856 2310 55 728 2176 2641 397 1744 63 108 967 389 478 551 1169 2168 1324 2632 306 95 1232 1836 1262 936 2825 1879 2604 2717 2840 1593 2481 309 2708 2547 2401 2450 400 5 1880 110 2398 2235 1366 295 1502 328 122 217 824 1677 888 268 1295 20 753 2661 552 2465 2505 1353 2002 1907 1661 333 2779
000522.jpg,2599 2636 2009 72 172 399 73 738 1415 921 633 1541 1165 174 1784 1412 503 1088 938 1250 1628 2055 2366 453 2064 711 1740 2775 2378 1579 2302 1596 1439 114 841 582 2706 726 1902 2276 2051 896 1233 2362 437 347 981 334 1582 173 2577 1537 2602 208 2387 2532 1957 191 1206 1442 1420 694 626 750 498 731 2469 1080 1599 2126 2 789 2434 2677 823 660 380 2687 99 1989 2464 956 2101 1766 1140 2663 1303 690 240 2320 2722 2765 1241 423 211 1898 745 2163 1872 753
000523.jpg,1333 249 268 1760 1712 182 2502 954 5 1012 1434 657 1711 2378 2320 306 1087 2766 1124 927 1602 2531 214 1696 466 323 1339 290 1433 408 2115 2526 598 815 59 1725 49 93 895 134 1582 2704 2053 1477 2090 617 2152 1653 2669 409 1839 1590 668 2214 2220 831 431 1710 388 2435 2142 2154 1201 473 1810 2783 470 2072 2841 1918 1789 1931 224 368 1486 2584 2768 24 2179 751 1738 1184 165 148 1397 2690 420 2348 2509 525 1987 559 2558 1437 1953 2500 313 1605 2361 1139
000524.jpg,2731 2319 2175 2719 1549 1769 1851 1137 2219 703 461 676 2622 1390 2797 1759 1557 1209 853 342 557 2844 1619 961 988 718 143 2722 912 2304 898 492 273 2104 1122 1242 2524 2755 1735 1925 2001 1793 522 969 2460 2266 234 2003 2607 1256 79 513 803 99 2363 1660 2013 790 1982 1863 2614 2255 2771 1373 1211 741 923 2723 512 1154 2140 193 2658 2387 1976 1539 1129 1037 930 955 982 432 770 2225 2559 792 1479 1816 276 879 2185 2633 1514 2710 1964 867 1215 2117 2097 2065
000525.jpg,421 1375 2223 349 1338 2206 1622 1008 1337 2327 2384 1095 885 2158 2063 2776 1229 1930 1159 837 2371 41 667 2227 1675 1409 868 2786 802 979 1030 427 2356 342 1264 2834 2844 2484 1009 232 912 2399 634 2406 19 520 1269 2408 1589 1722 2354 1867 1648 2390 1529 1792 1735 2338 2208 2196 1888 1776 1053 2198 405 446 426 1094 2796 1580 438 307 1103 801 82 2078 2108 548 1667 1597 2039 2418 1377 2659 2403 1457 2266 1861 1497 857 706 2488 228 2123 984 2253 1890 340 2613 913
000526.jpg,1721 2280 371 2376 2772 1406 2329 321 2482 1938 381 1775 1553 1499 623 978 2 724 1594 2315 760 2028 532 2716 767 2325 1075 826 431 1346 60 2626 947 2544 903 768 2837 378 1617 601 65 1969 1511 1753 1536 92 1609 1725 1905 671 1810 145 2078 832 1535 617 2720 521 904 1555 2133 415 1253 2151 911 769 1897 2007 655 2734 1692 1487 654 2236 2020 1012 2742 739 1956 1222 1881 1986 1054 2660 1422 1439 254 1170 1148 323 1045 2135 1708 906 433 1121 260 1347 2783 855
000527.jpg,242 880 1086 2456 842 2581 991 2694 1193 884 583 267 2127 2053 588 2047 1590 798 2206 1238 1348 1291 158 1477 1758 1358 895 93 1665 846 1377 2691 1421 472 2703 77 1664 82 1345 58 514 366 1432 641 1196 2004 2659 2740 2327 170 280 1675 756 1124 2072 891 888 1289 703 1551 1494 2418 720 249 1334 2355 667 1724 210 1765 1861 228 857 422 130 1272 2184 299 1810 2509 428 134 1497 323 1081 2662 2797 470 2468 200 1324 2485 1638 2677 190 2277 1506 1323 2461 986
000528.jpg,106 2457 844 1824 214 1602 2048 2153 244 2811 2092 223 2269 957 1433 1974 891 2115 509 744 2152 23 609 1540 670 1591 598 837 1472 695 2412 2183 5 2435 2502 2704 1987 403 1696 63 851 1019 1176 2128 807 454 2521 290 2526 181 1569 1488 2768 2567 2558 751 2766 1214 22 1032 1171 271 2179 148 1515 1184 1397 420 216 1605 1738 1953 1362 2142 1710 2348 2168 1623 2635 992 2046 1139 265 1483 270 2237 1970 1661 1927 2700 2531 759 2643 368 1401 323 1035 2278 715 684
000529.jpg,326 2232 2611 998 778 1873 382 2103 1657 928 1063 411 64 1568 1854 23 2711 2778 2281 1912 372 2561 1097 1791 789 2402 1647 1972 877 1303 1593 2105 2729 564 2044 1644 328 2501 737 2199 454 2288 1934 1354 807 2177 341 250 1503 1342 766 1314 2061 2042 1771 9 2666 2810 2258 1376 1822 1143 1042 1970 2062 2681 1818 670 2690 715 1955 926 1035 1225 1569 39 200 1281 1472 1018 782 1608 364 1021 2528 1312 2037 1971 2625 2602 1591 2726 1117 1706 2478 1297 2346 125 654 1881
000530.jpg,1985 1173 2000 646 1951 1306 1175 1106 2054 1552 1958 1163 659 2391 2082 2270 2256 779 188 1085 1319 2012 987 2490 254 1600 1386 2759 2546 1427 251 2405 529 2540 2504 485 2644 2622 1394 1903 2323 70 1115 215 1559 177 2122 1642 1759 1557 545 790 697 2679 2381 1801 1389 395 1900 359 101 962 1798 727 1166 613 2325 816 2400 2499 923 1390 1942 315 2433 2175 1549 2319 2304 374 477 2719 2797 2731 461 1484 2787 1316 1769 703 765 1165 2576 1666 2185 611 1574 286 1246 436
000531.jpg,1078 636 2643 160 2521 2094 2326 1332 1694 2284 1401 2146 2018 294 495 510 2128 204 138 2162 643 46 2168 1927 1502 1889 1032 1970 609 189 2060 1232 1632 40 2531 2841 892 1090 1176 766 2784 736 2481 443 63 1019 509 2704 2153 1744 1811 403 1661 2616 1433 181 2467 1824 2203 2011 255 1330 2595 1056 2435 241 894 2811 2254 357 2058 1194 1843 1214 1171 22 2183 764 1591 2457 244 290 844 2526 2567 132 1530 740 2070 2273 1716 2807 2192 2008 2551 602 719 864 8 2726
000532.jpg,1555 1897 1747 59 1486 1799 2470 1127 2626 1864 1819 1190 1307 1726 648 909 257 2089 408 800 1870 535 2574 2500 525 313 2164 4 559 1437 1975 2527 1207 1496 2314 2334 2462 1219 2349 2072 2389 336 664 466 365 1133 1871 2181 2173 1339 2145 523 2531 49 950 815 1296 1827 2021 587 2283 505 171 1741 734 847 168 618 2730 348 2142 1313 1710 811 1309 2299 662 320 11 1563 621 2165 1992 1839 2819 2035 855 2767 1434 519 67 1569 270 1780 1012 1391 1779 2445 152 323
000533.jpg,1482 1077 265 2263 206 2514 2578 2114 39 1670 624 953 1083 1751 620 1973 1144 281 1882 1570 1802 2080 546 2281 1371 385 2403 2463 2678 136 2734 910 1219 669 1198 604 2761 2708 474 2519 1525 2475 2288 2278 2571 762 717 146 1586 1697 1094 2534 212 549 2560 2087 1577 2157 619 1380 291 2308 2718 1093 1221 279 1322 1447 1318 1680 1347 300 2617 1291 1715 1121 1254 1708 1917 1536 1170 1987 663 354 1714 330 2099 1487 2293 1051 1352 2699 1116 1560 1635 865 1020 1581 1451 376
000534.jpg,950 716 243 1407 2300 2487 88 2426 2106 1382 2166 2525 1988 1136 2563 1410 102 1564 188 2802 1128 1044 1719 575 2331 2012 416 2357 2391 929 1978 1163 666 2523 237 2045 2817 1621 779 817 2453 1246 987 1595 1316 1587 2394 1105 611 2270 1505 1440 1102 1812 996 2530 1734 2233 462 1838 825 1156 630 1449 1331 771 902 2033 590 2752 87 355 2684 765 1476 527 1200 651 1517 1604 2545 2733 345 1895 908 1729 1119 2082 2192 1906 1396 1002 269 2692 2043 613 2551 34 256 1600
000535.jpg,2560 2087 1487 1651 1076 2507 2188 2442 644 418 207 2448 2720 732 387 2498 2657 1777 686 335 2286 1866 481 689 310 480 2125 192 2396 61 139 2052 2814 1127 1703 2842 2279 1852 948 959 653 1464 2089 2248 2230 2552 2813 2382 1937 843 568 1501 944 1121 1820 2191 1347 1708 239 1170 1532 997 2688 348 1802 1011 1489 1403 2421 594 1041 1922 1110 781 2353 450 331 1949 1899 804 2324 2585 104 2112 84 2737 940 1204 971 1343 941 43 1768 949 146 1274 521 2712 2445 356
000536.jpg,1150 1026 1813 501 456 324 1062 840 1923 788 2779 478 1921 129 2285 153 1685 447 1378 2429 2265 786 2244 1048 628 1465 936 2632 1140 1507 363 1662 274 1932 1281 1143 758 668 2465 2505 2550 1297 125 2634 63 608 1500 1232 402 2407 149 2059 2765 40 467 753 2467 2821 2232 346 452 107 252 1632 2311 2060 561 2766 1019 1755 52 2398 2841 2611 484 1022 110 138 2717 2335 1612 1303 1730 2177 2414 1177 1503 1356 89 1789 2602 5 1736 1889 2070 1637 306 2022 1329 2061
000537.jpg,1175 646 1306 1951 2540 529 1427 251 1394 1106 2323 1115 395 697 2054 923 485 2504 2759 2546 2304 2622 1759 1557 1389 1769 2644 1386 215 2185 70 2381 254 1900 101 962 1798 545 932 1801 1310 2499 1942 2000 1851 2270 2731 1390 2175 1549 1137 790 461 2319 2719 1173 315 2533 293 1559 703 2219 1209 2108 436 2778 1085 875 886 1958 2256 2797 1163 2082 2391 1516 477 1166 975 177 2122 572 72 727 1985 359 374 816 364 1252 839 151 1271 569 1642 779 65 952 1319 188
000538.jpg,2791 1304 2437 1108 16 1188 827 38 71 122 217 1790 1502 1205 1283 2642 973 2317 1727 2648 935 309 2795 1764 2570 400 834 2071 298 1884 499 2661 2595 1034 1277 2555 2537 793 1167 642 2197 1286 570 1828 2721 2268 396 2212 1327 1765 345 1836 230 2481 1571 2461 2401 147 1811 1859 600 2180 556 47 2246 1044 1355 1898 2591 2222 2168 922 2640 2571 1865 1524 2352 1838 1661 2523 2450 2707 2296 2781 1981 2839 897 2623 448 2372 1907 412 333 2452 2573 20 423 2422 1610 2547
000539.jpg,2289 1118 2011 2665 1822 2515 187 1101 1446 2335 2550 2840 445 2616 1773 1161 1513 1942 740 2326 391 1140 2794 1356 805 1143 1656 1294 2237 2199 2265 1022 1921 1441 1663 271 1135 2401 2753 2821 936 786 2505 2465 89 1507 402 608 1395 2388 2467 1781 346 1074 1342 2183 1755 1225 890 2611 2070 526 994 1771 2352 1649 2093 2481 294 2604 1932 2556 1743 2438 1063 1531 1249 1270 1112 2049 1099 2619 1156 220 2570 1764 2795 1324 1500 1885 2661 2455 682 264 964 382 444 2414 1177 121
000540.jpg,1033 942 1959 606 554 1705 1073 1393 365 2458 709 1131 186 2085 593 673 1311 749 258 1946 340 2732 1414 811 1309 2746 2290 112 2743 1051 595 2341 1424 2350 2815 291 1133 1586 830 1120 937 1732 2748 332 410 833 2660 821 2227 339 2544 2518 2514 610 248 1198 417 2730 1779 2165 2538 2050 2006 2397 2080 1261 1218 1031 1054 663 2241 1890 480 966 1714 2364 904 876 2133 1045 1148 1676 518 1116 1966 1444 2287 1686 2836 497 259 1968 832 1535 2686 2170 2843 1636 191 1490
000541.jpg,804 331 2421 2084 2683 2057 2583 2291 627 219 574 647 2148 1874 1840 494 2652 1223 2025 2112 2737 940 1343 949 1041 2324 43 1110 1949 1204 2585 1768 84 971 941 104 594 1922 450 2353 781 925 1417 353 196 1123 1777 689 2286 61 2657 686 335 1866 310 481 934 2724 849 2649 2419 179 2542 1208 1146 977 2076 1532 2688 1344 568 2582 1643 1038 2639 2424 1004 198 1616 351 735 2497 2328 2491 1458 785 225 482 1092 1754 2386 238 2161 245 1772 835 2788 945 1704 192
000542.jpg,1207 1506 303 986 2512 1323 1477 2485 93 895 1810 1334 2016 560 150 134 323 2242 2582 1693 2656 2678 1886 2838 2361 2558 624 2744 1899 1397 1960 1199 148 751 420 1670 2179 1738 1184 1365 1139 1953 974 2348 1113 1605 1757 2328 2491 198 945 1004 2475 173 2788 2497 934 245 838 238 2639 257 351 2424 2728 11 1578 2130 2386 835 1616 482 225 2580 1458 2503 735 1772 767 849 1038 1726 2761 2309 1391 1092 1172 86 1754 161 1704 985 2606 152 2299 104 1922 785 594 1388
000543.jpg,1964 2835 30 405 573 600 792 1514 2710 1270 1828 1112 2003 930 982 763 1479 432 1101 2065 2097 1215 2001 2225 2559 770 955 912 2755 1976 2140 79 969 961 2727 193 1037 1851 1256 1211 513 853 143 718 2614 2524 273 1122 2104 2619 1242 2255 2319 2722 1863 1509 557 1539 2117 988 1769 1209 2771 1373 1684 2654 2517 1446 803 1793 1129 867 342 2844 2226 2496 2023 2633 1924 2219 2723 127 1137 898 2013 1549 2460 879 234 1366 741 414 1660 1816 901 522 2392 1154 1099 492
000544.jpg,2000 2787 254 613 2509 2072 1323 2016 1810 1207 727 1165 2054 249 1477 895 93 1124 2512 2053 1506 303 986 1334 1600 1590 646 1106 1306 1951 1175 2405 2490 2797 1166 2219 1137 2051 1552 323 703 2485 134 950 1149 1721 1737 2533 614 334 2387 293 2320 1406 2172 981 2378 65 1420 914 2 2121 1965 522 422 841 1114 29 578 475 2389 276 560 1272 1012 1869 2376 1193 2772 2561 2329 321 2622 790 1799 1037 2783 601 767 2325 190 1361 2334 2462 927 760 826 381 2350 378
000545.jpg,495 1332 2018 357 2254 1694 636 1078 294 1194 2326 2284 2146 2501 2832 1502 2128 510 2094 2643 2019 160 138 2521 457 1543 312 2168 204 736 2162 1401 778 2203 1690 1734 2233 443 2058 2481 2211 2595 8 1090 2192 1232 2616 1843 2630 2011 1811 2726 602 1471 2709 764 2551 719 1744 740 40 1096 1583 2008 1021 1661 824 556 2807 1934 793 643 230 393 217 122 1927 46 412 2136 1637 1329 1032 2816 449 1716 1244 189 1259 2565 1540 1530 2571 2547 317 64 1227 1765 922 2576
000546.jpg,1312 2236 654 655 1881 1692 684 39 759 1975 2690 1018 782 475 1643 98 640 927 247 1451 2669 2220 1623 1362 2046 992 995 1488 1601 1839 589 496 2114 290 2526 431 1439 910 1710 1035 2091 2016 408 75 296 2142 1282 2445 356 2768 1918 2378 65 723 368 1720 1821 990 539 1107 848 725 1967 126 1235 1359 297 688 1830 1845 284 1908 2624 931 702 1340 323 2149 1931 2704 862 165 2558 768 903 1197 1010 1413 268 751 617 1361 581 2348 1738 1397 420 1953 148 1184
000547.jpg,807 1591 737 454 2810 2690 1018 782 403 2346 2435 1824 2061 1281 1647 1472 2704 721 2183 939 844 2457 1021 2288 244 509 1097 2153 927 1312 1433 39 609 1655 1912 1831 952 684 1818 564 2666 364 2811 1975 475 2062 1881 2402 1972 1918 654 2236 1692 1916 1696 655 2726 2766 372 1297 125 1143 926 1176 200 783 864 2567 2521 1822 1401 436 2478 2388 2467 2070 1632 1019 1032 2060 1970 789 189 2526 750 1706 643 290 2273 892 46 1593 2531 636 1078 2040 2643 1214 63 1171
000548.jpg,266 2669 2220 1486 219 2583 2652 2084 627 1840 2148 2025 1223 647 2683 1874 494 2291 2057 574 74 2649 925 179 639 2076 906 977 900 1417 2010 2344 2312 2676 2724 1468 433 1151 995 2564 970 489 2542 1627 2419 524 804 1208 1146 1344 331 2421 2582 2688 568 1532 458 1012 303 1506 986 1110 2566 1369 424 860 43 2585 971 1343 2112 2737 940 1204 1820 949 2324 2592 1768 1041 1501 84 941 1949 944 2485 1123 75 61 173 1787 1578 2788 2448 2328 2491 198 835 1458 450
000549.jpg,2844 342 1264 427 41 1094 53 1375 421 2776 414 1030 2371 1904 858 885 1095 2834 2614 2255 868 802 2786 1409 2384 979 349 2356 1431 1338 2796 2206 2063 1009 2484 1159 2223 2227 667 837 2327 2158 2196 1349 729 1229 1675 1622 1008 36 2702 2364 1735 912 2108 961 2488 2266 311 1619 2078 1520 1925 2731 2006 741 1252 234 707 2280 532 634 2716 2028 2482 1546 2015 123 1890 292 2208 893 142 154 1597 1956 755 696 2151 157 162 340 889 1648 1589 2217 135 405 2038 2539
000550.jpg,1132 1719 269 2357 825 2296 1067 2300 34 680 536 1407 1978 1119 1588 2802 2023 2523 929 416 1620 630 2545 1713 716 2196 996 2530 527 651 2426 1410 2106 2166 1382 91 2525 2563 102 1246 771 237 652 1564 1988 1136 1895 1878 1044 243 88 1181 611 616 2487 1796 442 1099 2068 2417 733 683 2714 575 1268 722 14 1505 154 2235 197 124 1621 2496 1360 1906 1924 571 540 1584 1587 2129 1178 2394 17 2511 1059 1224 666 2749 1986 2246 638 2452 462 2331 552 2752 87 2033
000551.jpg,146 1274 1127 139 2279 1703 1076 1909 1780 279 644 2442 2188 1651 2507 732 2396 2191 239 997 2448 207 418 2842 481 689 1866 959 335 2230 653 2657 948 1777 1464 310 1937 2248 2382 2286 2552 2813 686 2712 2560 1852 2087 2125 2089 2052 1487 2814 2498 387 843 2091 296 192 480 637 999 2445 356 1282 81 2830 521 1977 209 726 1288 61 2353 1011 594 104 1922 781 450 1041 1949 1501 971 84 1768 941 43 944 1204 2737 2112 949 1343 1820 2324 2585 1110 940 348 1123
000552.jpg,547 1353 85 1027 2537 2395 586 1308 1188 1671 2573 1052 556 2535 1006 1907 989 374 325 2579 373 66 101 1971 2695 1997 745 1474 1180 827 2758 131 443 808 449 327 2627 2595 722 1763 2222 1304 2040 1286 2789 1305 2570 1764 2795 2097 2065 897 834 2101 400 309 1047 147 71 2555 1277 396 20 2824 1502 1790 2481 2168 1523 2246 1661 2750 1865 2381 845 2081 2747 2571 2098 2437 599 2661 935 1363 8 2681 1836 1044 2452 217 2642 836 122 2317 780 809 734 1913 1108 16
000553.jpg,2750 599 401 1305 699 963 670 141 2696 2534 328 1109 453 2812 60 2317 1727 2627 396 2764 834 2202 897 1304 2437 2595 666 1898 16 1003 2745 1502 2190 2098 1370 1188 483 1277 2555 1248 85 1995 2747 1640 2642 935 1614 1286 217 122 612 2257 1476 2791 2446 1790 1013 1996 827 2571 20 2160 2547 316 1974 777 2573 1117 2238 2249 94 770 761 2631 2222 1331 1052 1315 2168 1182 983 118 556 1023 71 2839 1435 1836 1661 1907 1463 1378 2105 467 2401 836 305 2711 2570 1764
000554.jpg,2140 1976 2117 79 1242 2104 2710 273 1514 2524 1122 792 930 1479 982 432 1834 763 1684 2298 143 718 1964 2496 1924 2015 193 1215 961 2614 2255 30 638 2727 1211 414 1509 2654 988 2685 2771 1373 405 2097 2065 955 2225 2559 969 2001 2755 1049 1521 2379 461 901 1539 1516 557 1851 2003 277 2221 2319 513 2722 1252 1256 2793 2068 1546 1268 770 2757 1445 573 2444 1216 1209 1769 2517 127 1630 975 386 1067 7 1058 25 579 2618 2333 1833 722 1112 2818 951 1270 429 1793
000555.jpg,1160 760 417 2362 841 1492 199 2723 429 2038 2349 731 2126 2469 1599 123 114 566 2387 1775 1499 2074 1496 276 378 522 2165 2078 99 1784 194 2633 2702 1137 2219 1890 802 1721 743 1490 1717 681 2267 1594 340 2329 2376 321 258 380 767 1037 1398 597 878 1148 1075 1045 1154 512 1636 10 289 2276 1320 208 2668 347 2302 513 1233 437 2108 886 896 1609 1905 1253 2658 2200 712 972 492 292 893 361 1965 62 142 1627 1211 2667 489 2344 2676 1151 2312 970 1468 2010
000556.jpg,477 1793 2517 1271 901 151 193 2568 569 2068 1588 1268 121 536 1210 2665 386 1418 1660 2069 2793 528 451 2304 579 2618 2416 2134 875 1065 512 1154 25 887 1546 2185 1724 1129 566 2217 975 1211 1049 143 2225 2379 718 1521 955 2221 770 2529 2559 1752 2415 1295 513 1209 2596 916 2658 2600 839 492 988 763 2270 923 557 99 1256 982 2723 1058 930 311 7 611 461 1619 432 79 1479 1539 2757 1531 1769 1833 2015 2298 2607 2349 2085 1684 1630 2556 2755 1982 2000 969
000557.jpg,2695 1997 989 374 2395 373 2579 745 1671 946 1027 1971 2535 1036 2494 1462 325 2824 226 845 2040 101 1353 2381 547 1006 66 1308 1180 2359 1380 327 1474 586 1786 905 2147 2314 1850 2377 318 85 1152 1386 1523 2209 144 1816 2145 1559 1219 1115 1174 615 664 1962 1731 1975 1389 1915 803 648 584 336 883 1871 2247 1527 1285 1498 365 2573 1687 1257 1707 2758 8 556 1641 1082 257 441 1642 1133 909 1726 800 1691 535 1763 2238 1007 870 2368 443 2593 516 3 2630 879
000558.jpg,408 1710 2142 1437 559 2500 313 525 2526 290 268 2445 2531 1282 356 1307 1035 296 2091 1623 1362 323 2046 992 1967 1953 1139 2348 420 1605 148 1397 75 1738 2558 751 2179 1184 2470 1486 617 2220 1931 368 2669 49 2164 165 2768 431 2626 1601 1839 59 496 1881 1439 1010 1190 1197 655 1555 1692 2089 2236 654 1127 1870 1296 1488 621 759 348 1563 168 2115 270 1313 2021 2827 466 815 2620 684 1789 1725 1899 2181 1780 596 1339 2574 214 2704 1012 1275 657 2569 1312 523
000559.jpg,721 2690 1018 782 1312 502 952 2471 2601 103 1021 2062 1916 658 655 618 1975 684 927 654 2236 1692 1831 1881 1655 39 475 737 1918 1335 2561 2378 1972 807 1097 372 364 2402 1912 2051 1984 1647 910 1706 1254 1591 200 2288 564 1577 2509 247 1902 1839 2220 454 2669 65 2334 2462 98 1608 640 1818 2704 464 1683 1472 995 598 759 2152 431 664 1623 1376 1362 783 578 436 1323 1114 1601 992 2016 2046 926 1822 496 368 1451 1488 334 2768 2203 2502 2157 1643 1781 589
000560.jpg,1056 2351 1716 252 2311 1889 2588 2404 1061 1701 2162 744 1637 1329 1766 49 1612 204 388 2841 1201 1632 2060 609 160 2632 2531 1879 2643 2508 1024 138 815 592 2061 1530 163 2821 1556 957 1789 1688 1404 2574 1339 1503 2177 1883 466 337 2274 1797 506 608 2810 2779 1743 2155 565 1844 1932 402 175 1543 1214 22 1171 2265 1576 1356 2232 1383 2597 2521 2169 2839 1281 1773 1161 1513 509 1314 1952 2055 2808 2335 171 383 1795 2285 675 1934 227 220 822 2762 1100 1089 1808 894
000561.jpg,795 1615 818 1947 693 1459 1589 604 814 2637 717 876 2368 2447 1626 1280 1748 94 2621 794 1880 2586 2548 2399 1882 2004 2780 2534 584 649 2337 2519 1993 1403 189 2264 2247 1850 1572 2100 2627 567 2598 1673 1577 775 2773 1094 2081 2734 808 1639 2393 1709 874 2204 1260 1130 774 1633 1525 2742 393 2748 354 2301 1962 330 441 2750 1170 2099 1121 2560 1347 307 1244 2718 1581 1708 1020 2087 845 2073 490 920 1950 541 2660 680 917 1057 32 550 2431 762 1025 1132 2243 1008
000562.jpg,1064 2211 2036 1010 1197 2522 2433 2401 171 1364 220 2635 565 2427 2445 2035 1313 1282 356 49 1789 1927 1117 2105 1970 496 2142 531 1035 2531 1601 370 216 1710 1251 1967 1022 1839 1715 165 1439 1556 2193 408 2690 46 1315 1376 562 117 1050 782 1018 1843 2091 1569 1408 2526 1766 296 75 290 1433 2152 252 2311 1032 317 1815 255 2768 872 39 89 346 214 2400 1303 1889 2092 2203 1029 744 1797 2019 2633 1484 1716 2704 2199 1314 1694 138 1602 271 2455 892 1336 264 223
000563.jpg,1839 1434 1881 654 2236 655 1692 268 927 2690 782 1018 2091 1439 296 1711 1931 431 684 2220 1010 2669 1197 475 2445 2051 748 1035 1975 1312 39 1282 356 1815 368 75 227 408 2561 165 1087 2193 323 1553 617 1376 1484 1738 2502 2768 2179 420 1184 1397 148 1605 1362 2558 751 2348 1623 2046 1139 2526 1953 992 496 1601 1298 1710 2142 80 1967 1179 290 117 1117 1715 1902 739 2427 2019 214 1789 598 1578 1124 1781 2531 278 49 2115 1531 1488 2620 1756 759 2203 1602 2152
000564.jpg,295 657 2717 262 287 1452 668 1375 1923 1008 2327 125 1297 1675 1409 2659 1930 1009 2484 1150 1159 2206 1921 2779 1338 447 2739 1350 1813 1118 837 2371 2158 667 2332 421 2834 41 706 748 134 2273 913 979 1030 2227 263 1887 1026 1191 1648 2786 2063 2356 2301 1814 1494 888 2414 1177 349 1432 2244 1337 158 2384 868 1712 2406 182 1760 954 799 1572 788 1134 427 107 2833 2412 90 1589 2703 1275 1264 2488 885 1932 1434 324 1062 1500 802 470 228 2399 1667 857 342 2223
000565.jpg,912 2208 2460 2266 879 687 2835 2197 2223 1435 349 2801 1618 41 342 2844 405 1816 961 2138 1338 867 1260 600 853 1735 2175 1366 2026 1828 1360 792 1514 573 1925 234 2710 1863 2771 2129 1373 522 2003 2363 988 1264 1619 2013 195 557 1037 127 1982 2023 1793 2134 1256 414 157 1691 115 1684 2820 2496 718 143 2364 2614 1924 1101 2255 703 1129 1285 1811 2015 1337 1571 2607 193 1234 1862 2633 1803 1630 1964 2140 1976 273 2529 2104 1122 1445 1242 2524 25 1211 930 30 2319
000566.jpg,530 1604 2343 2733 1981 1865 1301 2495 2202 230 444 1567 1991 2372 2352 1828 1800 683 1355 2392 2417 1327 2212 446 1028 2234 2159 2360 1906 2180 47 1571 1237 1548 2317 2707 122 217 1188 2268 187 71 2721 205 1003 2399 412 2791 1790 1517 2049 687 2642 88 462 511 2422 2648 2662 1690 316 2093 2684 2340 1774 1990 2835 2781 448 2058 2623 1194 1476 2466 1533 2665 1259 2641 2176 397 728 55 2100 2426 1698 317 1936 1919 2071 102 2106 2166 2752 2525 2563 1382 600 87 902 590
000567.jpg,2449 1471 2565 1843 1318 570 37 1091 412 2820 439 777 448 2623 2648 1694 643 1474 510 1082 586 1220 1090 1502 922 2128 2473 2807 1765 1028 701 2234 2159 793 2360 1811 1341 1308 2203 167 1205 736 2630 305 471 1697 1405 1438 2535 1524 443 1690 2726 1194 2605 495 2468 1517 2171 294 131 1180 2168 715 204 2011 1763 138 2326 2501 2816 1671 1332 2571 2058 1734 357 2094 1626 1669 2233 2254 1259 728 993 2176 55 2278 2758 397 1625 2641 1467 2616 2284 2043 1401 2018 740 953
000568.jpg,2054 1173 372 961 342 2844 1794 292 893 142 2706 414 1264 886 614 2364 1642 1928 361 62 1106 1390 1801 714 1431 2270 863 1272 2607 1980 2208 1256 853 2175 750 41 1520 1958 427 477 803 1492 254 1759 1557 36 2702 2719 1691 2797 2731 2658 1209 1175 727 1386 380 1851 2622 492 2757 1597 2003 426 1769 2319 2029 2108 868 99 1660 1816 2460 1522 867 78 302 1549 790 1137 176 21 2423 2654 681 1888 743 1890 2198 2451 2786 1646 1574 1211 154 1349 912 729 1094 841
000569.jpg,1881 654 1692 655 2236 684 1312 1839 2220 2669 247 431 1623 1601 496 2046 992 1362 2016 2768 1439 1451 927 1107 1720 65 75 1821 1931 1975 323 475 2114 284 1359 848 368 1830 995 931 297 723 126 1340 990 688 702 725 1908 2624 1845 1235 539 39 2149 2091 296 1738 1035 1139 862 1953 589 1710 165 148 1184 2179 903 1605 1397 420 2526 581 2445 1361 768 2348 617 1413 751 2558 1197 2690 290 408 356 1010 2142 1282 1018 782 268 1967 1643 98 1488 1323 640 1608
000570.jpg,1583 2501 1934 778 998 85 2034 1132 197 779 659 2411 1873 1543 462 64 2081 1948 2233 1734 2211 808 1134 2651 2297 1600 2347 2433 2103 188 1096 118 2012 2044 1644 2545 611 2042 2630 2627 2778 2611 382 312 1657 2082 1063 1926 2754 928 2832 1854 1690 1416 1194 2287 1568 1328 571 1332 517 987 2232 1042 411 2709 495 1552 1169 794 1523 2711 2586 1226 567 2528 250 246 326 924 1791 2792 2027 2019 585 31 2715 2511 1985 445 2256 1319 2270 1663 2840 2383 1027 393 2682 1547
000571.jpg,1921 107 2717 2414 1177 1118 2265 1143 2840 1140 668 2665 657 2753 645 1452 1649 2604 1923 1150 121 2779 125 1297 402 1813 1026 1755 786 447 788 2244 1932 1507 295 608 682 2438 2550 1062 324 936 2022 456 2289 346 840 1295 1281 2011 2465 2505 384 2467 1822 2335 220 1356 2821 1879 149 1465 2070 89 1101 153 1685 2515 383 634 675 2597 1885 2024 1500 1099 1795 2611 2841 1022 2093 470 1441 2183 1942 1752 1656 271 2326 1307 187 1744 2703 40 1773 1161 1764 2570 1513 1395
000572.jpg,2810 1281 2346 1591 2061 1056 1201 388 721 1701 2404 1061 2690 1018 782 1647 1889 2666 1335 2311 252 1632 2060 454 163 609 402 2841 1766 2588 2162 744 2726 1143 2762 2388 2779 2232 1797 1329 1503 1637 473 2177 2632 138 227 1297 125 2643 1472 1021 2790 49 1789 2821 1356 608 1723 2265 807 1593 2478 1822 2435 2766 2351 2285 204 2335 564 927 1214 1171 22 789 1932 2288 1918 655 654 1312 2236 160 89 1831 1655 1692 39 2729 684 1706 1881 341 2402 1543 1743 1696 822 1818
000573.jpg,819 1470 1667 748 2833 2139 2575 311 1585 2459 2488 1699 2231 1652 887 1689 2356 1887 261 1350 2215 2776 1619 1531 667 2371 2332 706 1009 2484 2682 2075 428 2412 278 2273 1597 2384 427 1994 80 1298 2198 2108 2615 1264 25 875 157 492 707 634 2413 2295 1448 1478 1430 90 607 426 1030 1187 2224 438 802 2786 868 520 19 979 1269 1722 2390 4 1867 2408 2354 1529 912 1553 1752 631 1497 2266 1434 1862 1240 1295 342 988 2844 2739 1929 2614 528 1849 1793 1814 1776 1810
000574.jpg,2534 1577 717 2157 26 377 218 1728 490 2809 2756 1231 550 2119 1741 2773 1186 2561 2088 2718 2116 865 1254 1016 2742 1473 829 322 1635 1875 847 28 354 330 2734 604 1170 1020 2560 1581 1403 1121 1084 1347 2087 1715 2519 1070 1454 1376 1708 212 1094 281 549 1484 2283 1827 2099 2454 505 587 2629 762 1011 1876 2114 1077 39 1608 1117 1680 60 1489 1570 2238 705 910 206 247 1562 1035 2164 1563 1846 2489 580 1778 953 2668 1852 1917 1093 1451 2492 159 504 1606 806 68
000575.jpg,1634 855 1966 535 1040 1424 1393 2544 724 2660 610 2287 1992 906 911 415 1253 2836 1444 1054 2133 904 811 1309 1148 2830 259 1045 1261 2050 2241 480 1218 2763 966 1005 435 519 2734 1968 648 800 1116 2492 1535 1581 1490 1020 832 60 2626 550 978 1686 2746 112 2290 2165 2730 623 191 538 662 11 320 152 2130 1130 1639 2393 1391 1726 2299 909 1142 1203 257 821 67 2519 2151 231 2280 705 2315 2078 2668 371 2020 2578 1979 1051 1897 1747 2716 671 2028 2482 532 730
000576.jpg,2363 1982 2460 557 988 1863 2771 1373 1925 879 1619 522 1793 1129 1366 1816 1440 25 803 1691 718 2185 143 1372 1832 1480 1154 512 193 887 2722 2517 2319 492 273 2104 2524 1122 1242 1660 1769 1814 1539 2658 1209 99 1320 2731 1211 513 2727 79 2140 898 1976 961 1851 2003 2723 1137 912 2755 2175 2607 2001 969 853 2719 2614 342 234 2255 955 741 1549 2559 2844 2225 2134 2219 1531 2387 1157 2065 2097 930 982 1479 432 763 276 1215 1699 2757 1256 770 792 1037 1964 1514
000577.jpg,2574 1339 408 59 1555 1870 1799 525 559 313 1437 2500 1725 2438 1486 1404 1307 1127 682 2470 4 2626 1688 1864 1819 2164 1879 1061 2404 2089 1701 1747 2508 2274 1897 1190 2531 49 815 1207 2181 1984 466 1296 523 1827 587 2389 171 2283 847 505 2072 2142 2527 1710 2334 2462 2361 1265 2173 224 734 119 1741 268 2349 1496 950 1434 621 2810 618 1952 2808 1313 168 1012 388 348 1201 1563 1839 2055 1333 2526 1383 290 163 2021 1766 1789 2035 220 2567 1896 323 1752 24 1983
000578.jpg,1952 2808 553 1932 1637 1329 2839 2779 2265 506 1530 2717 1281 1023 1879 2155 383 220 2565 565 1576 1889 1100 1089 2816 1844 252 1024 2311 388 1201 1056 2404 675 1795 1404 1991 744 1061 1337 1701 815 49 2597 175 1766 592 2574 2588 1182 2799 2674 1934 171 559 1437 2055 1823 525 1870 1339 313 1364 1891 523 337 1058 2500 1688 466 2274 2696 1383 1808 1266 141 367 2594 847 1827 2283 587 2181 505 180 160 1556 2438 552 2335 2841 1026 163 561 204 1500 402 856 2531 394
000579.jpg,2328 2788 1038 2491 945 1772 785 1004 1616 1458 2386 1754 198 2424 735 835 2639 2497 482 1092 351 2161 245 225 1704 238 2583 971 1041 1110 2084 2324 43 1949 627 2652 2737 1204 2683 2585 2112 941 1840 949 1343 84 940 494 1768 2057 219 2291 647 2148 1874 1223 574 2025 934 849 450 2353 594 104 1922 781 1787 2649 2688 2076 2419 2724 1208 179 568 977 1344 1146 2542 1532 689 1123 335 1777 1866 481 2657 310 2286 686 1820 1501 944 173 2309 201 2498 161 1369 1236
000580.jpg,1183 2305 1396 350 871 2680 1998 2249 2041 2770 2258 1646 487 1174 1742 2257 1429 2629 761 2027 1979 585 813 2750 924 1450 1935 533 2798 31 435 1614 507 1920 2715 834 754 2425 2711 2086 1073 1729 2705 2369 2245 1554 772 118 1400 542 1508 1673 710 54 1893 2812 2782 1370 1968 2774 1654 2492 1031 1677 483 339 1681 1109 1962 365 50 2736 2528 2045 504 599 1892 717 1463 367 2259 1105 2037 2476 2625 1771 1854 205 2228 1641 1568 2044 1644 460 2014 411 1624 2745 1354 2190
000581.jpg,2622 1759 1557 1175 646 1306 1951 1769 1394 697 276 70 2323 923 1115 1106 395 529 2540 1427 2175 251 790 215 2731 2319 2685 1549 2719 1137 2759 1390 2546 2644 1389 2504 1851 485 1900 2304 962 1798 1801 2381 101 545 2797 2219 1942 2499 2054 2185 1173 461 1163 500 932 1928 315 703 1209 886 898 714 803 2108 2000 1310 2778 2272 1552 718 143 2723 2658 557 614 1516 1793 2633 429 988 522 114 1619 1320 2722 659 2460 1166 1492 1386 1660 1982 436 1863 1316 492 1129 2363
000582.jpg,2812 1640 1370 622 1788 2257 670 2800 2534 453 1381 2316 1109 2696 141 963 699 401 483 1681 1565 2750 1614 2774 730 1461 1325 2259 235 1974 1305 1853 660 2664 2088 2770 2803 1263 2307 531 1186 2670 178 360 1624 907 519 1917 2489 2102 705 599 1855 1466 338 1011 2480 396 2238 1778 589 1485 496 1996 2828 1848 2358 933 1423 2809 1601 2745 2454 1658 2190 1158 1846 1673 1561 60 1231 94 1615 1331 1428 407 118 1117 74 2592 1700 2439 1955 1563 1672 919 1035 2655 2322 1961
000583.jpg,1195 2282 359 2409 2663 2373 816 70 601 2653 315 1753 1125 1594 2 1809 2391 145 386 1609 1522 1290 1903 1257 1928 1842 18 66 823 2256 1085 1440 2163 211 1163 1915 765 2596 1241 2510 1372 1832 2304 254 2622 2529 177 2122 1390 2064 1834 164 215 451 1642 469 718 2077 2777 143 1985 1155 2240 626 2345 694 2121 817 2817 2367 2477 2757 2818 951 2187 1986 1628 436 2824 613 190 2701 73 14 1157 2804 2679 676 1940 2271 1357 987 1406 1721 1905 2012 1965 188 2074 1192
000584.jpg,847 175 2155 2674 1182 2696 141 1808 1503 2177 367 1844 1827 505 587 2283 1889 1329 1637 815 1991 1716 1934 1530 592 252 2311 2438 49 1024 2839 1056 1383 2181 2597 2799 2594 1892 2816 2588 523 1952 2808 1870 2404 1061 1766 744 1701 2574 1339 1364 525 313 559 2500 1437 1404 466 171 1248 337 565 506 1023 1089 1337 1100 1314 1741 1879 553 2055 734 766 160 316 1576 1823 1201 388 1688 2274 220 1795 1891 383 675 1164 328 2643 2531 204 401 1376 138 2164 1563 2042 1632
000585.jpg,1061 2404 1701 2438 1404 1339 2574 1879 2155 175 2274 1688 1889 1716 1056 252 2311 1637 1329 2508 1530 163 1024 1844 815 49 592 2588 1952 2808 1766 744 1827 388 587 505 2283 1182 1201 1808 1991 2816 2810 2839 1383 2696 141 160 2594 2181 2799 506 565 1870 1265 682 1364 1576 525 313 2500 559 466 1437 337 2841 1089 1892 1100 523 171 204 847 553 1023 119 2055 734 1337 2597 2643 2674 1632 383 2060 1934 367 1795 1823 1891 138 220 675 2531 2162 2351 1743 1171 1214 22
000586.jpg,2531 815 1896 49 1789 1339 466 505 587 1827 2283 171 408 525 2500 313 1437 559 523 2704 847 2181 1433 734 1889 290 2526 2574 1870 1019 160 592 1083 1918 2142 1710 1307 2164 1127 1987 2841 2060 1632 2311 252 2089 2827 214 2626 2690 1486 2527 782 1018 1376 2173 1190 59 2470 1555 1741 744 268 1766 894 608 609 1056 2708 2819 1899 621 2643 52 2502 2404 1879 1701 1296 430 1061 1563 2059 1716 1024 1530 204 46 2632 2766 348 2115 957 2467 759 63 1970 2351 2435 2035
000587.jpg,1063 2818 951 1791 1411 2388 928 1252 1549 2556 1058 1516 1715 1050 741 2067 898 2778 1266 839 1294 1531 1446 975 1324 790 1249 1049 1822 1521 1546 7 2793 763 2379 1271 151 461 2008 2478 1952 2808 436 1956 2333 1964 1593 532 2028 1883 1112 964 364 2640 696 1118 372 2481 1630 2614 1399 1162 2255 123 1156 2539 1418 2661 30 1919 2298 952 875 2051 2616 309 1209 1128 2729 698 1684 400 1310 799 638 2140 748 1769 127 1976 2496 1211 2499 2015 1509 2108 1942 1924 697 932
000588.jpg,2329 321 2376 1609 1594 378 1075 1905 531 2362 841 694 1965 823 1775 1160 1499 1721 371 2480 2772 194 1406 1528 2358 2800 2307 2670 2088 2587 178 69 2667 1384 2276 2038 896 2647 1518 381 109 10 2 254 2020 2074 199 2389 711 2010 2701 1627 2676 769 283 489 2344 123 970 1151 524 2564 2312 1468 1565 2267 1045 1148 1496 2035 2240 1197 417 1010 1770 791 1172 712 563 1636 161 2200 1388 965 2512 2628 2606 2769 201 2826 2309 260 1236 1357 882 1422 1901 1253 2380 404
000589.jpg,348 1362 992 2046 1623 1307 1782 580 925 1369 2826 1123 860 1417 169 2628 1011 26 1261 2241 1218 1544 1679 1820 1501 944 2448 418 207 331 804 2421 1532 568 2688 2737 940 1343 2112 949 1110 2324 2585 1204 781 450 594 1768 941 971 84 2353 43 1949 1041 192 1922 104 61 1451 2566 353 424 196 2582 759 2542 1344 977 2724 2649 2419 1146 179 2076 2669 2025 2583 2498 627 1208 2683 2220 2148 647 1223 219 2291 2057 136 494 1787 1874 2652 574 2084 1840 995 1866 310
000590.jpg,381 2772 1753 1406 2376 1721 371 321 2329 1114 578 1969 1511 601 2 1594 1609 1075 2334 2462 2240 767 684 2620 1578 148 1207 2179 1738 1184 1953 2348 420 2315 1397 1139 1605 751 2558 1905 378 1553 1687 145 1488 2485 723 1359 1899 539 1107 828 284 848 1908 725 1323 1720 1821 702 1340 931 1830 688 126 2624 990 1845 2580 2149 1235 297 1864 2115 1819 1347 2512 347 1255 896 671 1506 2561 986 1886 1121 1365 1170 437 1233 1775 303 1757 1960 974 1708 1199 173 1767 1499
000591.jpg,630 2129 1713 2802 1407 1878 1096 929 34 1948 416 1719 1505 2530 996 2300 1734 2233 462 2523 680 1620 540 2296 269 825 1926 1224 1895 2714 1067 1523 1416 312 1796 616 344 14 2487 635 1584 2417 1410 771 1978 2545 683 1246 243 1588 2196 1988 1564 2180 47 442 1178 1812 1132 88 943 716 1044 575 2331 237 124 2453 666 1002 1621 355 2832 2357 1200 536 591 2426 2166 2525 102 2106 1382 2563 1136 2394 733 1128 1587 91 1119 2045 611 2023 2170 908 799 256 1226 674
000592.jpg,306 1923 40 470 2414 1177 891 125 2002 1297 2841 110 5 153 888 1685 295 1432 2703 704 1744 1653 158 1494 1472 1446 2616 2481 268 798 287 1294 1760 1712 182 954 1655 927 1831 2388 1087 77 473 2840 2766 1150 2779 1932 2289 501 2751 1326 1612 1276 2401 294 2502 668 2351 2011 2330 2022 1879 1019 1026 402 2169 1716 1813 2232 129 1171 22 1214 447 160 2784 2604 2061 2806 1411 2521 2404 1921 204 1674 1061 1701 163 1324 274 1048 788 628 2589 2162 1857 63 1889 1666
000593.jpg,847 2674 2696 141 1808 1182 367 1934 1503 2177 1383 2597 337 523 1952 2808 466 49 553 1827 1023 1061 2404 1637 587 2283 2181 2588 1329 505 1870 1701 1339 2574 1844 2594 2799 744 1889 525 1024 313 815 2500 1056 1337 1766 2311 252 2055 171 559 1741 1437 592 506 1823 1991 565 388 1879 1530 2839 175 2816 1201 1404 1576 1688 2274 220 1364 1891 1795 1089 2155 1100 383 675 1314 766 316 1568 2232 1376 822 963 160 2164 2531 1248 1563 1164 401 2042 328 1716 2199 227 1892
000594.jpg,1735 2110 2108 44 1526 2516 392 2156 105 406 2338 1264 2844 342 2786 755 867 1682 2731 41 427 2342 157 2488 885 868 979 2266 1030 301 2227 802 2776 1619 1816 2384 318 667 1648 1850 2614 912 311 2255 2006 2321 516 2054 1925 2420 886 2147 1497 2356 720 1009 1385 2484 1913 741 421 234 2406 2063 336 2206 2327 349 1252 1338 746 544 1675 773 1814 1992 422 2796 1551 1375 2371 648 2145 2590 913 875 2739 1498 1159 1519 543 837 1152 1036 1209 1409 1667 1095 1589 1079
000595.jpg,1890 2151 2364 868 1311 937 673 593 749 340 2350 2786 2227 258 291 2290 2746 112 2078 2063 979 709 186 2085 2730 802 1779 1131 2702 800 681 743 1705 1243 1379 1068 2458 427 893 292 142 2341 2384 78 302 1888 176 1966 21 2423 1676 342 1264 2844 881 1005 2371 1187 2251 2165 1375 2686 1094 1794 1747 41 707 2548 1904 2415 2834 1929 2267 2224 1309 811 2158 837 1622 1095 2744 2615 417 1849 1008 1030 2776 1485 1275 2566 520 2413 19 1733 1448 1269 424 2295 135 1478
000596.jpg,967 1993 1645 51 742 2023 1181 2296 1524 269 2466 1990 600 795 1571 1828 905 1811 1800 2640 1606 16 2613 1617 2781 1116 2598 499 230 1714 1355 663 1055 2294 1043 1944 2180 746 1502 47 538 1548 2247 1567 899 166 1138 217 2071 38 1178 2372 2212 1327 2523 122 2422 288 649 2835 2707 2235 434 687 1227 1727 2762 491 278 1224 317 211 1474 248 1894 793 1099 1765 2098 2747 1936 1804 548 692 632 2317 2708 935 1304 1790 2642 2163 570 1838 2495 2268 510 1640 1560 2100
000597.jpg,151 1271 1081 2517 1724 2067 1418 1497 569 2590 548 12 975 901 839 696 193 1516 1793 1209 1249 130 2108 875 536 2665 2333 1168 1299 2068 1268 2185 553 579 2618 886 1769 1252 1049 1310 1521 2379 528 955 2225 2559 2568 1128 698 697 932 1597 477 2304 426 763 2793 1575 2217 314 121 923 2776 885 707 2186 634 1752 2739 1851 1030 2330 1546 1588 2069 656 1386 2416 513 1211 916 7 461 2352 1399 2767 812 1118 982 2024 1479 930 529 251 1427 2540 432 1058 1247 1648
000598.jpg,1114 578 2509 2378 1012 249 684 1323 2334 2462 1582 1430 475 1767 1359 723 103 502 2601 2471 539 725 1752 2149 1821 1720 1107 284 702 931 1340 126 688 1830 1908 848 297 1845 1235 990 2624 1643 1711 2090 654 655 1692 2236 1881 2584 1411 2016 1608 721 2320 927 1826 1984 1975 1810 1312 247 1918 995 1613 2210 2690 202 783 782 1018 250 39 6 334 1406 65 98 640 4 910 903 768 1451 862 581 589 200 618 1361 2114 1577 1357 1413 2121 522 664 2520 601 2240
000599.jpg,865 1740 2775 726 503 1442 1439 995 981 2276 173 65 768 903 1451 2016 639 247 2114 1384 725 2344 1627 1720 970 1881 2676 1821 489 655 126 2010 1107 524 2564 539 1692 1908 1830 1151 723 2236 848 1359 702 297 931 284 1235 1340 654 688 1845 1468 2312 2624 990 2149 2724 2076 2649 977 1208 2419 179 581 1344 2542 191 1146 1361 2220 925 2669 1417 589 862 1413 1578 1839 266 1528 1369 804 1298 860 80 74 2583 331 627 1434 826 2084 828 2652 944 219 1501 1820
000600.jpg,181 271 695 592 403 1970 2704 1824 939 1262 2435 1601 496 244 2811 1696 189 63 2567 2526 290 1433 1591 1401 1019 766 2070 844 2457 2407 2531 46 892 2273 1214 2153 22 1032 1171 919 1176 389 1632 2841 509 2825 2467 241 2060 2784 609 864 255 643 636 2183 1078 1889 2643 2766 2521 1332 1927 2316 1330 132 160 214 822 1880 2762 631 814 957 1602 2092 744 1789 894 2810 2690 2142 1056 1710 782 1317 1018 677 1232 2502 510 204 2037 2625 89 2115 2632 2486 2301 1376
000601.jpg,1384 1528 1442 1187 730 2492 1379 1243 1068 1740 2587 1979 711 69 2647 1817 253 1508 2775 2250 921 639 1298 80 1455 1717 74 791 2276 503 1929 1627 489 995 2344 1468 2010 1151 970 2312 2676 2564 524 2480 2592 2569 435 2649 1146 1208 2076 179 2419 2724 2542 1344 977 589 1239 1578 368 1839 1367 2421 2566 2220 424 804 331 2669 191 2583 622 1439 1788 862 627 173 1561 2057 2291 494 647 925 2683 1451 266 199 574 1840 2084 1874 219 1223 2025 1417 2652 2148 906 2413
000602.jpg,2778 2168 2237 1324 1162 1294 1446 271 2700 928 2153 1549 741 2635 1531 898 2269 223 2092 1176 1019 63 1822 328 1791 957 216 1063 1661 695 2556 1593 766 1873 1970 2547 189 824 64 1657 1568 1411 2784 822 1715 2232 2037 1540 2625 851 2478 2103 449 2073 920 998 877 326 2466 2412 2818 951 1836 1883 778 382 2711 1314 1502 2177 227 1503 2128 113 2481 1117 372 790 2335 166 2611 1939 1472 894 2811 1050 837 241 649 2401 217 411 230 2584 2284 122 2571 2781 2199 1376
000603.jpg,2821 1356 608 402 2265 252 2311 2335 1056 1889 2597 89 1637 744 1061 1766 2588 2404 1329 1795 49 383 220 1701 675 2467 2438 936 2632 1885 160 2183 1022 1507 2841 2505 2465 2070 2326 1632 2060 346 2531 388 1201 2779 138 1716 682 1543 1743 204 815 592 2611 1024 1773 1161 1513 2643 1789 2162 1921 2550 2574 1441 506 2351 1879 1281 1503 609 2177 1530 1797 2049 2232 1404 1339 1140 2011 337 1932 163 2285 1688 2274 2810 1755 2515 466 1383 1556 740 1143 805 2794 1135 227 2237
000604.jpg,1025 1278 1607 2758 2555 1277 1034 1629 17 1059 1276 573 87 993 2033 902 1467 590 2752 2394 2336 38 83 1260 642 71 1538 2239 787 810 1950 32 541 917 2071 2801 102 2426 1382 1943 2525 2106 2166 2563 2271 499 1919 307 185 446 793 1517 2099 2192 1136 1425 1445 652 1410 2058 1790 825 2461 1734 2233 935 958 2222 2212 1327 1072 2605 1259 2684 1690 736 230 638 575 570 1765 2727 357 2254 1286 728 2176 55 1301 397 1626 462 2641 2234 1360 2360 2159 1028 552 2246
000605.jpg,212 549 2645 874 2204 869 2261 2174 354 330 2718 1016 1875 537 1635 2099 836 2631 1625 1050 1763 669 1321 2264 2201 1520 2432 1098 1709 2383 1633 1572 1280 1538 203 307 1 2116 2473 2560 2157 2087 2096 2693 2431 762 1403 2534 1967 717 505 2283 1827 587 2519 1577 2440 550 96 185 2101 604 490 2366 935 1020 1170 1581 1347 2734 1121 2623 448 1454 390 2088 1094 1220 1708 922 325 1715 1090 131 1060 1330 453 443 1936 2742 745 2773 1408 1250 938 1006 1084 2156 1766 1790
000606.jpg,2600 1705 1794 555 62 361 1718 176 302 78 21 2518 2549 1079 593 673 1311 749 258 878 597 2074 1398 709 1869 186 1267 1131 1642 378 112 2290 332 2746 1073 142 292 893 2227 2364 339 1033 2743 937 863 1762 2085 1732 2843 2423 2006 606 1431 743 830 681 256 2451 1959 340 2458 1890 2397 942 2538 2029 1980 554 833 1256 2350 1913 2786 1053 868 1888 544 852 1783 2415 1036 747 3 1316 2815 2262 1492 2607 1691 2341 1779 36 2543 497 2609 1989 886 1005 866 2730
000607.jpg,2533 2577 254 2185 1085 73 72 2304 875 399 286 1386 293 1175 395 1628 1209 975 841 2767 2121 1769 1784 2636 569 886 932 2054 698 2529 923 2256 1516 2320 1519 1252 1310 172 839 99 887 65 29 1271 697 151 1149 2787 2009 2323 1001 1531 2747 1115 2108 315 2387 1088 2599 25 528 823 1418 380 2666 738 2270 1989 2673 1412 114 731 2126 2469 1599 2540 1427 529 251 1699 1390 950 1210 579 1394 2618 1415 981 916 70 2722 2663 1546 2622 955 359 711 522 2349 2602
000608.jpg,2331 301 2764 1419 1025 94 575 2802 1410 355 773 2110 908 2519 2138 83 392 519 855 16 2394 1178 929 2426 102 2166 1382 2525 2106 2563 243 1548 825 1713 2523 1838 1449 2233 1734 1727 1044 1943 1136 462 2750 269 1913 2752 2033 87 902 590 652 1988 1564 1517 2487 2733 1611 852 1587 897 2420 2336 1200 1691 2196 237 1260 88 599 2246 1246 771 2192 1331 2684 1732 1305 1327 2212 2262 1381 2167 870 1105 2180 2453 47 1621 1873 830 2357 1119 678 1919 2071 2006 905 2547
000609.jpg,1090 1811 764 1474 2018 443 922 793 1694 2623 448 1082 2605 8 2807 2254 357 2368 2058 412 37 1765 2192 2630 1194 570 2468 1502 510 2128 2648 636 1524 2595 2355 1078 2094 495 719 2551 2146 1671 2284 2535 294 1471 327 2008 1180 1205 2326 1060 1308 556 586 1790 935 393 1763 2758 2820 2473 1285 2222 2461 1981 1727 2096 459 1259 1625 2383 167 1991 1936 685 2754 2573 869 2071 2571 2816 419 642 131 669 373 1661 38 2345 1182 2643 2261 818 2804 1321 2340 845 2168 1188
000610.jpg,2597 383 1383 220 675 1795 1356 805 2794 2438 1135 227 367 2265 2821 608 1395 1885 506 2674 822 402 963 89 2335 847 2696 682 141 252 1056 1024 1934 2311 1808 1182 2588 1889 592 1952 2808 2404 744 1766 1637 1061 49 1329 523 1530 1576 1701 1823 1891 388 1201 1879 1023 2181 2594 1337 2049 815 525 313 2500 559 2574 1437 1844 565 1870 337 2155 175 2055 2137 553 1307 2816 466 1991 1100 1089 1688 1404 2274 1827 587 2799 505 2283 171 1364 2839 1339 788 2611 2467 1022
000611.jpg,2022 668 149 107 153 1685 1879 1736 295 2779 2841 1150 501 2717 129 2766 1813 40 2414 1177 402 2232 306 608 1896 2311 252 2244 2404 1701 1061 1921 1889 2429 1019 110 5 470 1056 2632 1024 758 1638 447 274 1026 2351 1530 388 1201 1048 452 24 628 682 552 1653 1688 2634 2002 324 744 1062 1576 2531 1923 1716 160 1744 2806 2438 204 1452 2508 430 1273 2398 2574 753 478 2285 1329 1637 2588 1662 592 1766 1339 1404 2274 1632 49 506 2060 815 957 1755 383 1494 1507
000612.jpg,1772 1004 198 2497 2788 2328 2639 2491 245 945 225 482 2161 238 1704 2424 351 1092 835 785 1754 1038 735 1458 1616 2386 2583 2112 940 2737 949 1110 2585 627 1343 2084 2057 2683 1204 494 2324 2291 647 574 1840 2025 2652 219 1874 2148 1223 1041 1949 1768 971 43 941 84 934 849 450 2353 104 781 1787 594 1922 2649 1344 2542 1532 2724 977 1146 2419 2076 568 1208 179 2688 686 689 310 2286 1123 2657 1777 481 335 1866 1820 944 1501 173 1369 1172 860 404 161 2309
000613.jpg,1631 280 57 540 2823 2700 2339 1540 1292 267 2418 1238 884 1580 1590 465 2493 1291 2456 2513 1334 891 1469 1838 2253 617 1513 1161 1773 1095 2807 2797 1447 34 1683 1847 1672 2740 1795 913 2174 739 2486 2063 1472 1535 832 77 2013 957 1234 1622 1665 837 1318 1880 2338 744 2278 1861 291 546 691 2048 2269 23 2403 2092 223 2783 214 1615 677 1536 695 376 1483 1824 1994 1602 1426 234 106 853 2506 1199 1147 1987 1757 2412 2633 2811 1274 1960 1365 974 1086 880 242 82
000614.jpg,2164 1852 1563 1035 60 705 2668 2809 1917 1489 1011 2489 26 2578 1473 322 538 580 2279 843 2842 1929 1116 1581 1020 2492 2135 519 435 855 45 2569 137 260 1592 1422 480 2560 2087 2720 1130 726 550 1639 2393 1076 2660 2734 521 320 1487 648 2730 662 2125 811 1309 1992 2299 387 11 2188 2442 644 2507 2655 1651 2716 81 1403 1979 209 354 330 2498 68 69 2144 520 1269 19 2111 2441 2354 2408 1722 1867 1138 2390 1529 2445 418 2712 2448 1016 997 207 74 1635 732
000615.jpg,295 306 1923 2414 1177 668 2022 1685 153 1150 2779 470 2002 2766 1653 107 501 125 1297 40 110 129 5 2841 1813 1921 447 891 1494 402 758 2232 2703 1744 473 888 1472 268 158 798 1760 1712 182 954 1755 287 1432 2602 1087 149 927 1831 1655 2751 1026 1326 324 1062 1048 628 2806 274 1879 2717 788 1019 478 608 2632 1507 2604 1730 1273 2502 1711 456 840 936 1171 1214 22 63 1674 2169 2285 1696 1666 252 1632 2311 2060 2265 2404 1333 2090 1061 1701 2765 1612 1056
000616.jpg,1031 253 487 2489 1186 2809 1846 1681 2534 1231 1728 2119 2587 2293 1508 705 1352 1384 1528 1562 2812 2668 69 1455 1370 711 791 1778 1876 1565 2647 1563 1035 2164 1489 60 1011 1852 1917 2389 68 1117 2144 1979 2492 2454 28 504 2774 2770 1614 1740 33 1954 730 1741 585 1606 2154 1569 435 117 2629 218 1929 633 1817 1367 1239 26 322 2578 2569 453 1680 531 1429 1066 2257 1088 144 1473 1376 847 1070 377 1608 806 2756 580 2250 907 2193 491 2476 534 717 1109 2361 1442
000617.jpg,201 2309 1172 161 882 1901 965 2606 1388 1236 2380 2769 404 2200 712 972 1468 2312 1627 970 2344 2676 489 1151 524 2564 2010 1038 2788 2826 1616 785 1458 1754 2386 2328 2424 2491 2639 1004 198 1772 482 945 2497 2628 835 735 2161 1092 245 351 1704 225 238 896 173 2276 2583 2683 2084 647 2652 627 2291 2057 1840 494 219 2148 1223 1874 574 2025 1578 69 671 934 1466 338 1969 767 1511 1123 1864 2353 1819 1041 1949 1561 43 2512 1110 104 971 2737 1886 949 594 2112
000618.jpg,220 1307 1795 525 2500 2597 383 313 675 2574 1870 559 1437 49 815 523 2181 1339 466 171 1827 587 505 2283 847 2438 1356 2265 2289 2531 408 2821 2142 608 402 89 1710 1766 1885 506 2335 2055 1889 592 682 744 2594 1127 1024 2049 1896 252 1383 2311 1061 1337 2404 388 337 1056 1789 1952 963 2808 621 1201 2164 2089 1701 1637 1329 2588 1296 59 1663 367 2674 2696 1879 175 141 1563 2155 1182 1808 1781 1823 1530 1844 2470 1555 1404 1190 1313 2626 168 348 1486 1891 553
000619.jpg,922 38 1260 2167 1525 2099 1025 2336 1538 2394 1380 905 1278 2437 1790 935 1034 2547 2222 2750 793 1090 448 836 2623 307 439 94 1259 1995 570 333 2627 1697 2212 1327 2254 357 2605 443 396 953 824 2368 2192 669 1082 685 2519 1286 2058 1936 1765 1425 2684 441 1763 845 642 459 2071 1321 2261 2043 1836 1520 1625 2268 2171 2637 1691 869 1880 1244 1308 393 230 301 517 1419 2805 717 2096 2758 586 2331 71 2742 604 874 2233 1734 2204 1060 1669 1094 2243 1611 693 1709
000620.jpg,2438 1061 2404 1701 682 2574 1879 383 1795 2597 220 1688 2274 1404 675 1339 402 1356 2821 608 2265 1056 252 2311 1889 1885 2335 1024 2588 1637 744 1766 1329 89 49 163 2810 2508 388 1383 1201 506 1530 1952 2808 592 815 1265 337 1576 2049 963 1844 565 2674 119 1808 525 2500 313 1870 1437 559 2155 1823 2055 1023 2816 1307 2467 1934 367 466 2696 1337 2594 2841 553 175 1891 2839 523 2181 1182 141 1364 1827 171 1991 587 2283 505 1089 847 1100 2799 160 936 2779 204
000621.jpg,2024 536 1588 2665 2068 1268 180 634 121 1067 1719 2296 680 569 2023 269 394 2568 477 1132 193 901 611 1271 151 2196 2517 154 1978 1793 416 91 1119 1620 442 2496 2129 2357 14 1924 1878 2300 1407 1168 1299 1181 414 733 34 630 2430 866 771 1099 1431 427 2235 1713 1926 722 1872 1418 1252 2685 1986 961 929 825 1724 2802 1047 344 2545 500 2333 1246 25 7 1497 2015 2654 1118 30 1030 817 2817 978 623 1509 130 2638 2749 2738 638 2646 1224 1065 2042 1081 2556
000622.jpg,1401 46 892 2811 317 2635 403 2070 1970 382 187 89 2092 778 346 1441 1259 736 758 2073 230 920 2211 2805 2455 264 305 2637 2684 1815 2804 1159 818 2094 2239 1748 1919 90 2049 1332 2326 643 1019 636 2643 2521 1078 939 2467 1176 160 2784 181 138 63 1032 1632 2060 495 2183 271 2531 189 740 2011 1694 2153 294 1843 506 1889 1824 2168 2335 608 2550 402 2766 2841 766 255 1927 2704 1696 2019 1433 2526 2762 290 510 1083 1591 1356 2265 1789 728 609 244 55 2641
000623.jpg,2457 844 957 2351 744 2531 204 609 160 1056 408 1889 1716 49 509 1701 1061 2404 1433 1974 2588 1766 106 5 244 1556 2311 252 2115 2153 670 1329 1637 2183 466 1591 2152 598 2435 2643 2841 2128 2162 851 2142 1710 214 2521 2502 1824 2060 2567 1632 1789 1214 1696 22 1171 2766 2704 1201 388 1612 2169 510 2779 403 1314 2810 138 163 1019 1281 1932 2265 2811 2574 815 1032 1339 454 63 1927 608 2232 1356 402 290 2526 2285 1743 181 2632 1176 2584 1332 89 1503 1543 2177
000624.jpg,723 1359 539 725 2149 1767 1821 1720 126 1908 1235 688 1107 284 1830 931 1340 702 2624 848 1845 990 297 2334 2462 1643 578 684 1608 1323 1114 103 502 2471 2601 2114 247 995 2016 589 654 1361 655 1692 1881 1451 862 581 2236 1413 903 65 768 98 640 1254 910 865 1693 2656 2242 1312 2678 828 206 2378 2263 308 1578 2582 2057 2683 2291 2084 2652 2148 2583 574 647 2017 219 2025 1874 494 1223 627 1840 2314 2141 1371 334 767 806 2667 1288 934 2107 1687 1041 1123
000625.jpg,2093 1774 2515 2610 1118 1885 1441 2682 446 2604 1240 1650 2665 1663 1994 707 2796 596 1356 1135 90 1337 445 1689 1307 220 2224 2289 1262 2049 1159 530 2597 383 2840 197 2414 1177 2739 1275 2158 936 2273 2753 675 2833 1338 1101 1795 2794 2776 2827 805 2371 2375 548 963 444 2199 2301 1507 748 95 2105 255 2550 2438 402 1022 2253 391 1350 1028 2360 2159 89 2234 885 2335 1009 2011 2484 837 1497 2412 1649 349 1099 2590 656 2821 2157 2465 2505 1029 1543 1743 682 1409 2111
000626.jpg,2685 276 500 2023 1067 143 718 1834 2272 429 2140 2392 1976 687 193 414 961 988 2654 2117 2771 1373 2104 79 273 1242 2524 1122 1460 277 638 380 17 1059 573 1924 1445 2496 2710 1514 792 30 2596 405 2298 1215 2015 2835 386 2727 1964 1833 600 901 1509 1684 1863 25 1270 2255 2614 1986 469 930 2226 2065 763 2719 2003 982 1479 432 2097 1211 2701 1301 2633 898 2723 557 2319 1440 536 955 2517 2731 1691 2757 2225 1793 342 2559 2844 1539 1938 1431 2658 2175 2068 1129
000627.jpg,1504 2494 755 1687 2655 2359 222 914 1137 2099 2203 1512 1094 2571 1715 474 2539 2219 92 254 1403 12 2742 780 1519 2325 1956 276 145 550 724 65 1938 2519 2482 1198 1129 2557 717 2218 2533 2 2718 1037 2019 123 60 490 522 2028 2387 293 2280 532 745 1721 2038 354 325 1941 1510 1594 696 2157 330 194 1120 2697 903 1577 768 390 2006 2349 1222 516 1606 2702 601 212 2079 1462 2342 2051 1753 1346 1550 549 2315 1750 1098 2365 604 947 1357 1121 144 33 1347 1708
000628.jpg,2 254 613 1165 2000 1721 2051 2064 73 1406 601 2302 2362 694 1594 2772 1628 2376 2329 823 321 2490 381 371 2391 2663 1869 1075 2387 359 1357 727 208 914 738 1753 145 1609 633 2561 2240 503 938 1250 378 1600 921 347 174 1415 437 1233 950 1085 211 1905 1902 191 2163 2276 896 1642 1241 1163 816 2256 1420 1985 1206 1903 2405 1737 177 2679 2122 475 1965 826 841 1552 2219 2378 2121 981 334 1439 2787 1137 522 2510 399 173 72 1740 1149 1114 578 2533 1938 726
000629.jpg,61 192 1787 2688 568 1532 1041 971 2324 1949 1204 1768 1110 949 2737 84 941 43 1343 2112 940 2585 2448 934 2421 804 331 418 207 849 1501 1820 944 1369 860 925 1123 1417 2353 594 104 1922 450 781 2396 2649 2419 1208 2076 2724 179 2542 1344 1146 977 2498 335 1866 689 481 1777 2286 2657 310 686 2683 2084 2652 647 1840 2583 627 2057 494 2291 1874 1223 574 219 2148 2025 1616 1038 1458 1754 2639 785 2386 482 2788 2328 198 1772 351 945 835 2424 1004 735 2497
000630.jpg,1465 456 2244 840 1813 324 1062 645 1923 452 2634 1039 2285 52 484 786 363 1481 2429 1150 129 501 668 758 1026 467 1921 447 2779 246 1785 1730 1378 478 1662 561 1452 1653 1140 1638 1736 2265 788 1143 2717 1297 125 1281 657 2059 1932 1069 1500 2407 1134 149 856 107 780 2466 1008 134 619 900 753 2022 1685 153 2450 2806 2765 2398 1228 1048 628 2414 430 1177 295 1896 402 40 110 719 1024 1755 1273 2766 936 1507 2232 608 252 2311 2632 346 274 384 1019 2821
000631.jpg,2546 2759 1394 2540 529 1427 251 646 1306 1951 485 2504 1175 395 923 697 1115 2323 2644 545 2622 1106 1900 215 70 2381 1389 1759 1557 1798 962 1801 101 2304 2499 1942 1769 2185 932 2054 1310 461 1851 2219 790 2731 1137 2319 1390 572 2175 315 1549 2719 293 703 1166 72 436 374 2797 2778 364 2000 1386 286 2533 2178 1165 254 975 2051 1209 1516 1271 151 875 952 2673 839 515 2172 1928 2787 508 2108 698 886 1408 1418 1252 1883 2576 2225 898 714 955 2559 143 718
000632.jpg,173 146 1969 1511 2025 2583 2148 2084 627 2652 219 1840 2683 647 574 1223 2057 2291 494 1874 2582 934 849 1960 1365 1199 1458 1754 1757 2788 1038 1110 1922 1616 1041 781 2497 2386 971 2353 594 2328 835 2491 351 198 2112 1949 1004 450 1772 104 785 2161 2324 238 43 1704 945 1768 84 225 1343 974 940 2737 245 2424 949 941 2585 735 1204 1092 482 2639 1123 1212 2772 1561 828 2242 1899 1693 1506 303 2656 986 2348 1738 2179 1184 1953 1397 1605 420 148 1139 751 2558
000633.jpg,1839 1434 1439 654 2236 1881 655 1692 1931 1197 1010 2220 2669 431 75 268 165 368 1553 1035 2558 1738 1184 751 2091 2179 323 1397 420 148 296 2348 1605 1139 617 1953 1578 80 2445 2768 1362 1623 1298 2142 1601 1710 2046 2526 739 1282 496 1967 992 408 356 290 684 270 1488 2115 2620 1012 759 1275 1312 1740 2775 2051 1187 1296 1313 2413 2295 1448 1478 1307 1899 1555 2827 1486 2569 2250 768 726 2224 903 1563 168 1929 657 1810 65 1725 1760 1712 182 2016 954 247 2668
000634.jpg,2548 2833 2139 2672 2447 1589 2371 2776 2075 819 1470 1667 2615 706 1689 748 667 1887 2332 1994 428 2413 2295 1448 1350 1776 1478 1269 520 2408 19 2356 2354 2390 2039 1722 1191 1529 1867 90 2224 311 263 693 1652 261 1849 1457 2488 232 2459 1733 2403 287 707 2231 1947 2412 1485 2566 424 2215 2384 2273 656 1009 1229 2484 2744 1619 2682 1187 86 1459 2590 431 1929 1904 2385 157 135 1275 1497 2327 2206 801 228 262 857 913 2123 2739 2659 1030 2184 775 2613 1675 2266 746
000635.jpg,1619 961 342 2844 1793 988 557 2460 522 2363 1129 1863 1982 25 414 2607 2003 1256 887 492 1154 2658 1209 1211 512 99 1660 2187 193 1816 912 2723 513 292 1264 893 142 2185 2731 2719 2198 1925 2140 718 2517 79 143 1976 2614 2255 2722 2175 273 2104 2757 1242 1699 1989 2524 867 1122 2319 1851 1215 2364 1539 427 2771 1373 380 1769 741 955 234 2225 2559 405 2001 1137 2755 1514 792 2710 886 2226 879 969 2350 1549 1430 2015 667 429 982 2117 1009 2484 930 763 432
000636.jpg,83 87 902 2033 590 2752 1410 575 1943 2426 1382 2106 2525 2166 102 2563 1950 32 541 917 2138 2331 2802 2555 1277 1419 1025 1467 2239 993 825 642 1034 446 1629 1136 301 17 1607 1059 2758 462 1276 573 1517 1919 2733 1734 2233 1044 2071 2684 2357 652 1727 2192 1838 2246 1072 2523 929 2801 2394 897 1564 1988 243 1604 1621 88 1611 2487 2764 984 2212 1327 237 1301 2196 71 2336 1260 269 1873 1587 38 97 1119 1690 1449 2180 47 1246 771 2547 920 2073 1169 873 230
000637.jpg,2644 727 614 1900 65 962 1798 1106 2504 485 545 1389 1361 2323 215 2667 1608 658 1114 578 2000 1357 1512 2509 2378 903 2334 475 334 2462 768 995 1767 502 2471 1323 2601 103 2016 862 2236 655 1643 723 848 654 539 126 1830 1692 1107 1720 1845 1821 1165 702 931 618 284 1359 247 725 688 1340 1235 990 1908 2624 684 297 1413 1881 2149 1451 2114 581 589 910 98 1984 640 783 664 1577 2787 1312 1186 2314 1975 572 2690 206 2157 1254 927 806 2017 1918 782 1018
000638.jpg,1938 2482 1721 1499 1775 1553 760 767 2280 2387 532 2028 2219 1137 522 2315 276 1037 2716 903 768 1160 1406 2702 36 1346 65 2078 2376 321 2329 371 671 2165 1555 2772 380 724 1054 60 2362 199 1747 2151 429 2668 1717 1005 1733 841 2290 2746 112 1068 1243 1379 800 947 1966 2413 2295 1448 1839 194 1849 2020 1490 2734 2744 1478 1929 2038 2660 1886 2730 1148 1045 1725 978 623 1897 2615 520 1434 19 1269 191 1187 2566 2408 1722 135 1578 2354 1867 424 2390 1529 2150 2224
000639.jpg,825 2336 1246 929 1538 771 2394 2802 652 2523 630 1278 1878 269 2212 1327 1260 1025 1796 616 1096 2196 1948 724 2764 441 1410 1523 1178 683 2417 674 2170 1620 1584 591 416 996 2530 2331 2714 575 1873 1407 2099 2300 1734 2233 635 1713 319 1136 2296 2487 34 237 2192 1382 2106 2525 2563 2166 102 1719 2426 1119 651 38 666 1587 462 1978 1588 2243 307 1812 1224 1517 2023 2684 344 2071 1709 2545 2131 83 355 1034 1790 442 1491 2167 2752 87 590 902 1181 2033 1946 1419
000640.jpg,1176 510 2162 2351 1612 1797 1716 1927 2508 1032 2128 1091 2061 1883 423 2505 2465 439 2700 1773 1513 1161 317 1502 1540 2030 2213 122 217 1056 204 2247 1647 2588 2521 1227 2781 892 465 1694 64 649 1117 230 181 2169 509 160 1171 1214 22 1632 1889 2643 2060 2311 252 643 419 63 636 1078 851 138 2841 2467 609 40 2153 167 2632 1019 2481 2168 1701 2404 628 1048 1061 1329 1637 1303 1556 561 957 294 744 1401 2821 2635 2616 46 163 214 2183 2326 936 1332 1232 2567
000641.jpg,193 901 2517 1793 2068 1268 536 988 961 2117 414 79 2140 1242 1976 273 2104 1122 2524 569 1373 2771 2685 143 718 429 1588 2015 1834 2654 380 277 477 1252 151 1271 1067 1256 2607 2568 121 2225 955 2298 2559 25 557 2023 763 1211 2755 969 1539 2001 1924 982 2496 1964 930 2460 513 432 1215 1479 1514 792 2665 1209 2710 1684 1129 1660 342 30 2319 492 1431 2844 2614 2003 2255 1509 1833 638 1619 2658 555 1982 1769 2363 879 1445 2723 2097 889 2722 405 2727 2065 1851
000642.jpg,2396 2814 2052 2230 959 2552 2188 644 2442 2507 1651 997 239 2191 139 1787 61 192 934 1852 2089 2448 2382 2248 948 1076 1937 2813 1464 653 418 1703 207 849 81 2498 843 1977 2712 2445 999 726 1282 356 2830 521 637 209 335 1866 689 1777 2657 2286 481 686 310 568 2688 1532 1041 1949 971 2324 84 1768 1110 941 43 949 2737 1204 1343 940 2585 2112 2125 732 2421 804 331 1820 944 1501 1369 860 1616 1038 1754 2788 945 1458 2328 2639 2353 785 2386 482 2491 104
000643.jpg,1450 1968 1040 350 603 1419 1073 830 1396 1732 1331 897 777 610 2249 1729 761 852 1527 1044 2045 1200 2487 94 355 1174 1914 1812 1476 1410 2138 2331 243 575 2802 83 2190 2745 237 1587 774 717 2523 1105 2246 616 1796 2202 908 996 2530 1678 666 365 2262 1634 1988 1621 2680 1178 1564 1119 1260 1370 2031 88 1070 1713 821 2422 2131 1727 1548 2417 1838 683 2357 269 2453 301 1449 2547 392 1554 2120 1584 1673 2275 2243 2095 2305 1128 2180 1620 2027 47 2519 535 462 576
000644.jpg,934 849 1041 1949 949 1110 2737 1343 43 1204 971 2112 2324 2585 940 1768 84 941 1787 1123 1038 1616 2788 1754 945 2328 2491 1772 785 1458 1004 2639 482 198 2497 735 2386 835 2424 351 2161 1092 225 1704 245 238 2353 104 450 781 594 1922 689 335 2657 2583 1866 686 2683 2286 1777 2084 310 1840 494 627 647 2057 2291 2652 1874 481 219 1223 574 2148 61 2025 2582 2230 959 192 2248 2382 1464 2813 948 1937 1703 653 2552 173 568 2688 1899 1532 398 2503 146 2728
000645.jpg,2000 1137 2219 2787 1165 646 1951 1306 2759 2546 1394 395 2051 962 70 1798 545 2622 2504 215 1900 485 1801 1759 1557 529 1427 2540 251 293 697 1106 2323 1175 2214 831 1942 2499 1115 2644 1389 254 2381 101 2533 2320 65 923 714 1519 1149 2172 614 1558 2304 2387 1721 2054 727 2378 522 1406 1361 767 276 841 29 2671 1594 1769 2334 903 768 409 2462 790 2 1114 578 1609 2362 2185 2376 2772 828 1720 1821 1107 601 284 723 848 1830 1340 539 760 1359 990 931 334
000646.jpg,1623 1362 2046 992 75 2348 2179 1953 1738 420 1139 1184 1397 148 1605 2558 751 2220 2669 2445 2091 356 296 1282 1439 2526 290 165 431 1488 1035 1601 496 1967 1710 1197 1010 2142 759 408 368 934 1931 1839 1881 655 849 1692 268 2236 1787 654 61 2768 323 617 192 2396 1899 348 168 1110 971 84 43 1041 1949 2324 1204 2737 2112 940 941 2585 1343 1768 949 2688 568 2115 2582 270 1532 2470 2448 2620 804 1486 684 2421 2353 104 781 1922 1820 944 450 594 418 1501
000647.jpg,129 501 1813 2779 1150 402 1921 447 2232 2766 1356 758 1755 153 1685 2022 1063 2602 1736 324 1062 107 668 608 1026 1826 1923 306 473 456 2841 840 24 2632 1711 2285 274 786 1507 1019 1048 628 478 788 2265 252 2311 936 1701 2143 2404 1061 110 40 1632 2060 2765 2821 1889 1056 5 2467 2244 363 1140 1273 2751 2505 2465 1326 295 346 1171 1214 22 1281 2351 1378 2169 89 552 1143 63 2550 2090 1503 2042 1932 2177 744 2070 1612 2638 1297 2407 125 2611 149 1022 2810
000648.jpg,1004 1772 2328 945 2491 198 2788 2497 2424 735 1092 245 238 225 1704 2161 785 835 2386 482 1038 2639 1754 1458 351 1616 2583 1110 2112 940 2084 2585 2737 949 219 627 2652 1204 2148 1343 1840 2324 43 2025 971 494 2057 1041 2291 1874 574 2683 1223 647 1768 1949 941 84 934 849 450 2353 1787 781 104 1922 594 2649 2724 977 179 2419 1146 2076 1208 568 1532 1344 2542 2688 1123 310 689 686 2286 2657 1777 335 481 1866 1820 944 1501 173 1172 1369 161 2309 201 2606
000649.jpg,754 118 2238 407 1093 48 1231 1996 2745 2190 1109 1728 2119 328 983 2629 100 2809 2454 766 1673 504 2711 31 488 1935 1614 1729 1070 1429 928 2098 2680 1657 2305 367 1533 2095 2031 27 218 2027 2774 377 2770 1186 2715 1370 483 2756 757 1463 2812 111 2195 877 1741 1456 572 2747 2674 1031 2317 2257 50 1680 1331 28 453 1376 2249 1955 1846 1088 924 1745 326 2369 847 1145 2627 567 2528 2489 2199 1484 2177 2370 1503 26 1562 789 2377 1568 1929 350 2041 777 1876 2044
000650.jpg,2104 273 1242 2524 1122 79 2140 1976 2001 2755 969 2654 718 143 1539 193 2771 1373 557 2117 961 2319 988 277 1684 982 2722 930 432 1479 1514 2710 792 955 2225 2559 1215 763 1211 1964 2298 1834 901 513 1851 1256 2003 2727 1924 2496 2614 2255 414 770 2015 405 2065 2097 30 638 1209 2517 2685 1769 1445 386 512 1154 1509 429 25 1067 1833 461 573 898 1049 1521 2379 2658 492 380 1270 1793 912 1925 2226 803 1863 2731 1982 2363 2723 99 1619 1816 1549 2719 342 2844
000651.jpg,487 1031 1681 2337 813 1508 542 710 1893 54 2782 2770 1370 774 1742 94 1455 2750 235 2369 1287 1554 2519 1695 1000 1739 717 1998 1381 2812 1654 253 2664 2303 791 2647 1244 2534 2406 1105 441 2734 1354 1528 2014 360 50 1853 9 1850 845 604 711 1658 2631 2748 117 1770 1094 1384 2243 2587 772 2259 307 1520 1579 2336 1920 2088 795 425 460 814 1709 337 2773 1633 874 1025 660 567 1659 2394 2204 1936 2718 203 876 498 375 1959 1450 2264 1 1545 1565 2660 2627 1280
000652.jpg,2115 2152 598 1433 2502 2704 214 290 2526 2457 844 2531 1602 117 1488 2142 1710 2768 2558 244 751 1397 148 420 323 2179 1184 1738 1953 2348 1139 1605 2193 2153 1302 1035 509 684 368 2620 2669 2220 1789 609 268 1931 75 408 1124 1623 1362 1700 992 2046 356 1282 1974 759 1601 2445 49 496 1439 2128 2183 5 1376 1591 39 1569 1967 296 2091 165 431 1197 2236 1839 617 654 655 1692 2203 851 1010 1881 2690 1018 782 1117 1715 1975 270 1781 670 1312 1917 2051 2427 454
000653.jpg,208 381 2302 1206 2 2362 1420 738 921 633 191 503 347 1165 1250 938 896 2276 1233 437 2677 2051 1415 174 1902 595 2387 334 1439 173 2378 1442 1138 1740 841 1779 336 981 1443 711 1680 726 2775 1553 730 519 648 1455 1298 1379 1068 1243 2730 747 80 543 1737 933 2828 881 826 1187 811 1309 672 2064 1055 128 1001 1721 1384 760 1992 828 1406 694 1969 1511 1839 662 11 1578 2492 253 2299 67 320 2671 399 2320 2341 1434 172 114 855 211 739 2102 1519 1075
000654.jpg,142 893 292 513 1211 886 2844 342 2003 961 512 1154 492 2723 1209 2658 579 2618 1492 1256 361 62 99 2757 414 2416 427 429 863 1980 2108 2225 2559 955 2217 2423 380 1794 743 681 2001 969 2755 982 930 1479 432 868 79 176 21 78 302 802 2786 2117 2607 1890 555 1759 1557 1264 1390 1851 1833 332 770 557 1888 2451 763 916 340 1539 2722 2614 875 25 2255 289 979 2364 273 2104 2524 1242 1122 566 1053 760 2078 2029 1660 2384 528 2702 1431 866 2319 2710
000655.jpg,2239 920 2073 230 1919 736 187 2764 1873 2550 1791 2019 2401 217 122 1556 1502 328 2168 1329 1637 1378 2481 1324 163 2554 2335 2781 400 309 2547 2661 851 1836 1593 2284 1927 2784 2162 824 1353 2213 2616 1156 2128 2030 1743 510 2211 2042 2011 2643 138 1227 1078 1716 1332 294 1883 1932 1500 636 643 1841 362 1694 160 2146 1294 740 495 1446 449 562 241 602 2521 728 2176 55 397 2071 2641 570 2726 1715 46 2037 2700 423 1401 2625 2635 1032 204 113 2818 951 2018 1549
000656.jpg,146 1899 2827 1083 290 2526 279 348 1623 992 2046 1362 2448 207 418 2142 1710 2560 2087 1563 168 1255 1035 559 313 75 525 1437 2500 169 2669 408 2220 732 1483 192 1274 2091 296 1536 431 496 1487 1501 1184 1953 148 944 2179 1738 2348 1605 1601 1820 420 1139 1397 751 2582 2558 2442 644 2188 2498 2353 2445 1782 356 1282 268 594 1651 1757 1076 1922 104 1960 1199 1365 781 2507 974 1011 450 1486 61 2164 689 1866 481 335 1127 2657 1439 1777 1451 1931 310 2286 686
000657.jpg,1530 2816 160 2643 175 138 204 1991 1182 1844 2155 2799 1889 2162 1329 1637 505 1827 587 2283 2839 2674 815 592 1024 2696 1404 141 383 2311 1056 252 1089 1100 565 506 2588 1364 2404 1576 1952 1701 171 49 2808 1061 1808 1339 556 2574 1870 1879 1766 2594 744 1688 2501 2274 1023 2181 2832 847 337 1934 1823 466 2565 525 559 523 388 1437 1337 313 2500 1201 675 367 1795 1383 2055 220 2597 553 1891 1078 636 2521 2094 419 1332 510 1401 2326 2438 495 1716 561 2508 294
000658.jpg,2844 342 1264 427 2614 2255 414 1546 41 2796 2488 885 802 868 2108 2776 1431 1030 2786 1516 763 7 2384 979 696 1049 2333 2379 1521 1956 2196 1252 123 532 2028 1399 2539 1349 2356 729 1058 2793 1375 421 1266 349 2640 964 1338 2227 2371 1009 1095 2484 1094 961 912 2063 667 311 2206 2008 837 1409 1159 579 1008 2015 2618 1619 2731 1675 2834 1229 2223 1622 2158 2327 1211 528 1065 36 1735 1925 741 234 955 2225 2559 2702 975 2757 292 893 142 130 2117 1597 157 1271
000659.jpg,1576 1879 170 1688 388 1201 1404 1100 1089 1337 1795 2404 1023 1061 2274 1701 1339 2574 220 2588 1934 675 506 1766 553 744 1823 367 2594 2799 2055 1383 1952 1530 2808 2816 383 2597 2155 59 1983 1844 1889 466 2696 252 565 815 1891 2181 337 1637 171 2311 505 587 525 1827 175 1024 523 1991 2283 49 1364 1182 2674 847 592 313 2839 2500 1329 141 1056 559 1437 1808 1870 24 1265 1348 1826 470 2841 2438 160 2717 2703 1356 493 2531 1716 957 2508 1638 204 2643 138 1432
000660.jpg,1338 2158 349 1159 2384 2223 2371 2834 2776 837 912 41 1008 342 2844 1095 2208 667 421 2486 1375 2063 2484 1009 1675 264 2455 427 1622 1264 2206 1229 2327 90 1409 885 1030 868 802 2227 2786 1580 979 2356 1 1053 1888 634 1667 1735 2198 438 2108 234 1648 913 352 2338 426 729 1497 130 1349 1118 1597 741 2406 1589 2614 2078 414 961 2255 1619 1337 2266 1071 1689 82 2301 2488 2187 2217 311 2403 2364 2196 292 1776 893 142 2833 2399 2093 2731 1925 2350 846 1890 1814
000661.jpg,2645 1572 1520 1050 307 869 2261 1016 1635 1875 549 212 1538 2718 669 203 1 1880 185 175 2204 874 2174 2440 537 2383 1409 746 836 2099 1625 1763 2613 354 330 935 443 1090 2631 2473 1321 2253 1936 2096 922 131 448 2623 1790 1280 1098 1709 2560 2720 2087 1220 1633 1827 587 505 2283 1060 446 1094 1715 2264 2534 2201 2432 1330 685 2116 793 1967 459 1337 1308 2834 1844 548 1403 390 586 2399 734 1981 2189 2222 1425 1995 1278 2273 1275 2157 96 2461 808 2742 2727 643
000662.jpg,1242 273 2104 1122 2524 79 2140 1976 2755 2001 969 2654 718 143 1539 193 2771 1373 2117 557 2319 961 988 277 1684 2722 1479 930 982 432 792 2710 1514 955 2225 2559 1215 763 1211 1964 1834 901 2298 1851 513 1256 2003 2496 1924 2727 2614 2255 414 2015 770 2065 2097 405 30 1209 2685 638 2517 1769 1445 386 512 1154 1509 429 1833 25 461 1067 898 573 2379 1521 380 2658 1049 492 1793 1270 912 803 2226 1925 2731 1863 2723 99 1982 2363 2719 1816 342 1440 1549 579
000663.jpg,1109 2812 2534 699 670 2696 141 401 963 599 453 1673 1614 118 2257 1370 483 2627 2711 31 2305 567 2750 1305 1729 2745 2190 2098 2770 1657 1568 2528 2044 1640 1644 1461 1996 877 2736 1093 2454 983 1456 328 612 2238 2680 1728 2119 411 2809 1284 108 100 766 1231 326 2306 2774 1935 1880 899 389 1331 1463 48 1280 2825 407 2631 2292 1624 1057 1400 695 814 1381 2446 705 622 1788 967 1429 692 2800 2407 2629 1029 305 2041 94 1126 2202 2264 777 1066 1476 2310 730 2747
000664.jpg,81 1076 1651 2507 2188 2442 644 2498 732 387 2657 1866 2560 335 418 481 1777 2087 2286 207 2448 686 2125 689 310 1487 2716 480 135 2479 2052 2814 2396 239 2191 997 959 2230 948 1937 1464 2382 2248 2552 2813 653 1703 944 1501 1820 568 2688 1532 139 1852 2842 1011 1489 192 999 843 2279 860 2712 61 1369 1274 2421 804 331 2089 1417 1787 1922 594 1041 781 925 1949 2353 84 941 971 104 2324 1110 43 450 1768 424 2566 726 2585 637 1204 2112 940 2737 1343 949
000665.jpg,1928 386 803 315 714 215 70 718 143 1834 2622 853 1390 2409 2757 436 359 816 190 2304 2663 601 1173 2 2282 1195 2529 1594 2653 750 1125 676 145 1357 2596 372 1753 614 1721 1809 1986 898 2818 951 988 2319 790 164 557 1242 273 2104 1660 2524 1122 1257 1389 211 2323 512 1154 1851 2140 1769 2771 1822 1373 79 1863 1976 1539 823 1106 1549 193 1982 2363 254 2175 2219 2722 1684 2478 1129 1793 1522 2710 2731 2001 1514 969 982 1479 2163 961 930 2755 2719 792 432
000666.jpg,754 118 407 2238 1109 1231 1031 1996 48 1370 2119 2745 1088 2190 2812 1093 2809 1728 50 2454 2369 983 328 766 100 1614 504 2770 2629 1920 367 2257 2774 1673 2711 813 453 488 377 928 487 253 2305 1070 31 483 1186 218 1935 1579 1729 1429 711 2756 582 757 1354 2259 2095 1657 1455 1508 2715 9 2680 2031 1681 2647 542 710 1893 54 2098 1384 2747 235 1680 460 1853 633 572 28 350 2664 2534 2027 162 1000 1376 1739 1528 1741 1562 111 1846 2195 877 1770 699 360
000667.jpg,24 2143 107 1273 2638 1135 2414 1177 2022 394 1356 295 1071 153 1685 1826 149 1879 2840 213 1689 558 668 2717 2604 2841 470 306 287 2042 262 180 2703 1432 1063 1785 2002 40 1168 1299 1653 2698 402 110 798 657 158 1921 5 268 634 1452 1333 1760 1712 1744 2224 182 954 888 2024 1494 2597 1434 501 1150 1736 1265 1755 1295 608 2779 2430 788 758 1813 119 1923 1576 1383 2265 607 2232 447 2438 682 125 675 786 1026 1730 1297 1638 129 1507 1795 2244 936 1885 2632
000668.jpg,414 763 1516 1546 961 1049 2379 1521 1211 7 955 2225 2559 2117 2844 342 1431 2793 1399 1058 982 930 1252 432 1479 2614 2255 2710 1514 1976 2140 792 1964 36 405 1215 2333 2757 2702 1256 2015 579 2618 1956 292 893 142 696 2065 2097 2727 1266 975 886 1834 2685 513 1209 2640 461 1684 528 2221 2003 729 1349 964 79 2196 2496 2539 1924 1271 2001 151 123 2755 427 969 1794 1065 30 1509 193 2298 2108 1122 2104 2068 273 2524 1242 2444 1264 1268 532 2028 1216 863 638
000669.jpg,536 755 1682 414 2342 2196 2068 1431 1268 634 2217 130 2415 729 1030 1349 1094 1546 1588 1252 1129 1271 151 901 2015 961 193 2517 569 1418 7 696 1597 2568 2208 1516 426 342 2844 427 36 1399 1793 763 2318 154 889 1049 2379 1211 1521 2702 2793 292 893 142 792 1264 2117 1514 2710 2333 2364 2665 1630 964 1491 2140 1976 432 982 1058 930 1956 1964 2539 2757 30 1479 2600 2496 687 2246 1924 2221 1684 2085 2614 405 41 2255 1266 12 1913 1216 461 1509 2298 638 2444
000670.jpg,1932 2335 1329 1637 1743 163 2643 2762 138 2162 227 180 2588 1281 2346 1797 2265 402 89 1356 2790 2810 822 2821 1889 608 312 1710 1314 2142 49 1056 2232 252 1701 2311 2841 2404 609 1632 1556 2779 1789 744 1766 2060 1061 2632 1543 2177 2478 1503 2818 2556 1568 951 2285 160 1716 204 241 1162 2284 2531 2550 1078 2831 1446 1822 1883 636 2784 643 394 1332 2011 2481 1294 46 1952 1531 898 1324 957 741 1378 2808 1927 1401 2521 2467 1047 552 2146 2326 2584 2168 1744 1404 740
000671.jpg,1336 1364 1064 1251 1315 2522 2603 115 699 983 2105 1164 1013 68 2144 1182 2202 162 316 1852 777 2441 2111 1153 1109 1117 1996 2190 2745 1999 1476 2612 1003 94 1970 1808 141 1792 2696 2534 1563 1248 60 1331 1093 2401 401 328 963 2164 1314 2119 2160 1435 1303 2770 1370 2398 1011 2317 1876 1035 1186 705 1614 2809 1673 715 2668 1562 766 1728 1231 1489 1917 1846 2489 1778 1657 2238 2711 1029 453 118 877 2098 2257 2812 2747 2774 1955 48 670 984 2454 100 407 1569 1995 42
000672.jpg,2678 2761 1960 2657 1199 1365 974 335 1866 1757 1777 2112 686 481 2324 2286 940 689 1110 941 84 971 2737 1768 949 2585 310 1343 43 1949 1041 1204 2242 2656 1693 865 2582 1616 1772 2328 2639 2491 351 2424 1004 2788 835 238 945 482 735 2497 2161 198 2386 785 1458 1092 1704 225 245 1754 1038 257 146 909 2141 303 1255 725 1703 1720 1506 986 126 2583 594 1821 1726 627 1107 1922 848 1908 1845 1899 2624 1340 2084 2057 1830 297 2652 2291 990 688 702 931 2683 1235
000673.jpg,1787 568 2688 1532 61 934 849 860 1369 2788 2328 1616 1038 785 945 1458 735 2491 2497 1754 2386 835 1004 1820 198 351 2424 1772 2161 2639 944 1092 1501 482 1704 238 245 225 2498 2724 2649 2076 1208 977 2419 1146 1344 179 2542 192 1110 971 1041 43 1949 2737 84 2112 940 1204 2324 1343 1768 941 949 2585 2814 2052 1123 2583 2084 627 2421 804 2652 1840 219 2683 2148 494 2057 647 1874 1223 2291 574 331 713 2025 2396 2353 104 781 1922 450 594 925 1417 2200 712
000674.jpg,2392 1270 1355 1258 1112 30 2619 665 1978 1446 2120 2229 445 1119 1249 1828 1101 2452 2616 1294 91 964 2339 1964 2612 2068 1268 2496 1924 2352 1509 839 2665 1435 2298 1872 1630 722 1276 638 1099 1939 2197 958 2117 901 1976 1567 1059 17 2357 2333 2140 2015 1445 391 2654 2466 2707 79 536 2591 1252 2296 193 127 1571 2444 143 180 718 2235 1216 1834 1067 1514 733 2710 71 414 792 1684 787 1122 2685 345 687 1242 2104 273 2524 1047 2738 810 2401 386 405 394 1621 2835
000675.jpg,1993 1782 1617 1116 2279 45 2294 1944 137 1592 538 2842 2569 843 1422 2135 260 1640 1011 348 1870 1544 1679 2708 1362 2046 992 1623 2613 169 580 1055 1658 26 1261 1218 2241 1123 925 1417 860 1369 1447 2628 2826 2308 2448 1487 418 207 2560 2087 2125 51 619 2713 387 1117 2707 1680 353 196 491 1451 759 944 1501 1820 781 450 594 1922 2353 136 1536 104 192 279 2785 1714 732 2712 15 146 1651 644 2442 663 2188 2507 1866 2498 1212 335 1076 2421 310 2657 689 2734
000676.jpg,582 372 1042 1541 2577 2561 2666 2706 1537 1254 820 1272 1912 1097 1325 1579 772 50 285 1801 275 1221 1000 159 1739 629 1293 542 54 1853 710 1893 2258 1707 1603 1084 281 2825 711 2292 551 2736 2430 97 362 8 1841 1800 1300 921 1947 1080 1384 1187 865 1442 1057 2536 2449 2492 253 1972 1455 2406 899 2281 2402 9 1963 23 1210 1610 2529 546 1379 116 233 1243 730 2251 1068 1385 1354 1647 690 1884 750 336 881 1498 774 2520 1779 2256 783 829 1402 1366 2664 2369
000677.jpg,49 2574 1766 1889 744 2531 815 2142 2404 525 1061 408 313 2500 559 1437 1701 1710 1870 1339 252 1637 2311 1056 2588 1329 466 1789 523 587 1827 2181 505 847 2283 171 160 2841 592 388 1201 1716 2526 290 2055 2643 1632 609 2060 337 1879 1404 220 2162 204 1024 1896 268 2821 2351 2274 1688 163 957 1356 608 138 1530 506 2594 1262 2808 402 1952 2632 2265 2779 1307 1556 175 2810 2164 1383 1433 621 1797 1503 1543 2155 2177 214 1743 2289 1035 1844 2597 2704 1843 89 227
000678.jpg,2597 2674 220 1795 847 383 675 963 2696 1182 141 1808 1356 2199 367 1503 2177 2438 2265 1934 2821 402 608 1383 1342 1885 2335 89 506 682 1024 252 523 2311 1889 1056 2588 1637 1329 49 337 2049 744 1766 1061 2404 1701 1823 2594 592 1952 2808 2181 1530 815 1023 1337 525 1741 313 2500 1870 559 1437 2574 1844 1827 2799 587 2283 505 2055 1307 1991 565 466 1879 388 553 175 1891 2839 171 1201 1576 2816 1339 1364 2155 1089 1100 1688 1404 2274 2611 1314 766 316 2232 822
000679.jpg,2623 448 1469 685 459 1698 2096 1702 412 195 511 1936 1790 2648 2268 2662 2340 1981 2308 661 2372 973 2194 1188 2713 2791 2213 2030 229 1865 205 1991 1618 1560 2428 2253 2642 1610 2212 1327 2446 632 683 2417 2118 1015 2180 2135 922 2422 47 2317 1990 2781 1714 491 663 619 37 2721 1227 2707 122 217 1237 1567 423 1645 2352 1533 288 1828 1800 2650 1571 1548 444 1894 317 51 2343 600 2100 1090 793 1694 2807 1811 1060 2461 570 935 38 1205 2714 1727 577 669 1447 2437
000680.jpg,2372 2662 2340 1548 1990 2212 1327 2180 47 1714 2417 683 663 2343 288 1645 2422 1936 632 1698 1828 1894 2100 2268 1567 1865 1237 229 2648 2352 1610 600 2623 1571 448 205 1618 1060 2781 412 1015 1560 2118 2714 2428 1227 1800 2446 2538 2707 2642 459 1188 2194 2317 661 2096 685 1790 1991 1981 2030 973 2721 2791 2213 122 217 491 511 423 1533 444 2135 2418 2713 1469 195 2253 317 1540 2650 51 1727 1043 2461 1861 576 1178 1604 1838 2523 2609 1392 577 1034 1811 1914 210 1694
000681.jpg,1384 1528 2587 2492 730 711 1442 1187 69 253 1379 1243 1068 1455 1740 1979 2647 1508 2250 1817 1929 791 1681 921 74 435 2569 2480 503 2592 1717 2276 1788 524 1468 970 1627 622 2676 489 2312 2344 1151 2010 2564 639 487 2775 589 1439 995 173 2307 2670 178 1561 804 2419 2649 2668 1489 2076 1208 2724 2542 2669 179 1578 2421 331 1146 2220 1344 977 580 726 1011 496 1839 1601 2652 2291 2025 2057 2683 925 2583 2084 574 1874 494 647 191 266 1223 1417 1840 627 2148 2566
000682.jpg,37 619 2662 2714 2308 2617 1702 2340 2372 448 2623 2648 1090 1861 412 922 1060 1469 1698 1811 1540 1188 2268 1865 1790 793 195 511 2791 2096 1765 2642 2807 973 1327 2212 459 685 2461 1936 1981 1618 1991 205 1205 2446 1727 570 2417 642 683 2180 47 1694 661 1237 217 122 2418 38 1828 2352 2707 2317 1567 2253 2428 2422 1502 1610 2194 2713 229 1560 2781 2721 1990 1015 2437 1474 2030 2213 576 1034 2343 491 663 1548 2135 632 1714 510 210 1043 1859 2118 935 1227 1645 288
000683.jpg,2622 70 215 1390 1557 1759 2304 1769 315 1175 1928 923 2319 1394 646 1306 1951 790 1137 1851 2731 2175 1549 2719 697 1115 395 2323 1106 2219 1389 2759 2546 529 2540 251 1427 2185 2757 101 1900 436 2381 1834 2504 485 676 1721 962 2644 1798 143 718 2499 386 461 2797 1801 2054 254 1942 898 545 1209 803 2596 557 988 2722 714 1986 703 932 1793 512 1154 2409 522 1619 2460 2658 1257 1660 1863 1982 99 1129 2363 380 2104 273 2001 969 1242 2524 2755 1122 2778 492 2723
000684.jpg,2025 1840 2652 2148 219 647 2084 1223 2583 2683 627 574 2291 1874 494 2057 971 1041 43 1110 1768 1204 1343 949 2737 2112 84 941 1949 940 2585 2324 1458 2386 1754 1038 1616 785 2788 198 1704 1004 1772 2497 351 2424 835 735 238 245 2328 945 225 1092 2161 2491 482 2639 2649 179 2076 1146 2419 1208 2542 977 1344 2724 2353 594 1123 104 1922 450 781 934 2421 804 331 849 2582 1866 689 335 481 310 2286 686 1777 2657 173 2688 925 568 1417 1532 1787 1561 1901 2309
000685.jpg,2098 1429 1876 2629 118 754 2798 1673 1456 2137 2747 2711 2045 567 2238 1657 31 328 407 1646 1728 877 1145 1093 1109 2119 1231 1614 2745 2190 2454 1996 983 48 367 2809 928 1910 1435 504 100 766 1935 2627 1029 2031 1463 27 1606 1370 2774 2511 162 1980 1533 1562 2812 1186 2027 2065 2631 808 2097 277 2668 2226 1070 2719 2770 442 600 705 2680 1729 411 2023 2727 2528 401 2257 2778 60 2305 757 2545 453 841 1568 2044 2715 1644 1284 94 326 2489 1331 1846 2081 924 1174
000686.jpg,243 1105 2523 2394 1178 1331 269 1838 1584 2802 1410 575 683 2714 2417 1988 1564 1476 2487 2331 2260 2095 2243 88 1812 1548 996 2530 1200 1044 2190 2745 2202 355 2180 1729 47 2453 908 1727 1396 2166 102 2563 2106 1382 2426 2525 576 2045 1128 929 1621 237 833 1407 2300 1604 666 1136 2212 1327 2538 1587 416 2233 1734 2357 716 630 1517 499 616 462 1796 2343 1673 2071 2752 87 2033 590 902 825 1978 1181 2684 94 1002 2131 83 2733 1119 1416 256 2192 116 1620 852 1224
000687.jpg,923 697 1769 1115 2304 1394 2185 1427 2540 529 251 1175 2323 395 1759 1557 2622 2546 2759 2504 485 1851 461 646 1951 1306 932 2731 2319 70 215 1389 1137 1209 1310 101 1549 2175 2719 2054 1106 875 975 2381 1900 2644 2219 1271 962 151 1798 839 1942 545 703 1801 1390 2499 955 2225 1516 2559 2778 763 528 1252 2108 1386 790 803 579 2618 1049 2379 1521 1546 886 1211 315 718 143 492 982 988 1479 1793 930 432 513 79 557 193 569 2140 2658 2614 2221 254 2255 99
000688.jpg,852 2262 1200 1732 833 942 830 256 355 1812 2131 603 616 1796 2453 2600 1073 2487 1705 1713 2397 1178 1587 1033 1450 2530 996 2743 237 1495 1051 1620 2085 595 332 1002 2458 1678 2518 1119 908 1966 1718 155 1676 339 2420 2538 2227 606 2609 2331 1959 2802 929 943 1414 2732 2543 784 554 1491 2170 176 302 78 21 441 2275 591 1449 630 1946 1548 2549 708 1794 392 1311 593 673 749 666 2045 1988 2406 1564 1410 2523 709 497 825 610 186 243 1648 88 1588 1079 1267
000689.jpg,2468 1082 845 373 2222 836 935 393 1898 441 584 1995 2627 1286 1790 2383 2750 396 1308 1474 556 2605 586 2368 443 2018 2573 1763 327 1180 131 1006 2535 547 1671 764 1353 2630 2434 2754 1691 85 1502 423 2345 1108 2336 2437 2571 1425 922 1661 2168 1538 2595 1625 2394 1025 2804 1520 1090 2727 2355 1278 2136 2623 449 333 2099 824 2791 1260 448 2481 2824 2347 2555 2297 2651 1523 869 1277 2547 8 2395 2771 1373 20 2494 2642 325 1440 14 1192 2096 2758 1816 1462 1596 808
000690.jpg,1298 80 2575 819 1585 1470 1597 956 1350 2459 1667 582 1887 748 1699 887 2682 261 2488 311 706 2332 1434 528 2215 783 1531 875 2356 194 1558 645 492 1689 1140 1080 739 278 1578 1839 1553 114 789 634 1596 2687 2464 1179 690 498 227 1815 426 2434 1756 1024 1898 1303 2468 753 240 752 2765 423 2725 1210 900 1295 1653 2231 1652 2833 1752 2416 2139 1430 4 1443 1368 1785 2349 1784 2198 2636 25 1254 738 157 2658 1264 579 1157 2618 1412 1740 2384 2753 1972 2371 2009
000691.jpg,618 658 502 2471 2601 103 1254 1603 910 159 1537 2062 281 285 820 247 640 98 1293 783 1221 1683 995 1097 372 1312 1912 2561 1451 2334 2462 2509 589 1084 2114 39 614 721 275 206 1577 2378 65 952 1643 1021 1916 334 2520 2690 2016 782 1018 1323 1881 578 581 655 654 1114 1692 2236 475 2017 1984 723 1359 1720 1821 862 990 1335 903 297 1975 284 848 684 1107 539 1918 1845 768 1361 1235 927 126 1830 1831 1413 1655 725 1908 688 1340 2624 931 2149 702 664
000692.jpg,1721 2482 2280 371 2376 2329 321 532 2028 2772 2315 1406 2716 1938 1499 1553 1775 2150 381 903 768 760 767 671 1594 1555 2 65 2038 724 1075 60 254 826 123 53 378 1753 947 601 36 2702 1054 1609 2020 1969 1511 431 858 1905 1005 1886 1725 1617 2837 145 2151 2078 1966 1253 521 1897 199 978 1747 1148 623 1045 2165 2838 1490 1810 2276 92 1715 173 1012 769 2720 80 1717 1068 1243 828 2746 2413 2290 1422 2668 2295 112 1298 1379 415 1478 1518 2744 201 1094 1448
000693.jpg,961 414 1976 2140 79 2844 342 193 1122 1242 273 2104 2524 988 143 718 1373 2771 2117 2015 2654 1256 2003 1215 792 1834 2710 1514 1211 1431 982 432 930 2001 2755 1479 901 969 1539 2298 557 1684 2614 2255 2496 277 1924 405 2319 2727 2225 955 2559 513 2722 25 2607 1209 2685 763 1964 1509 2097 2065 1851 429 427 1816 1067 770 638 1833 30 512 380 492 1154 912 1252 2517 2658 1793 2226 1445 2723 1769 2719 461 292 867 893 142 99 1925 2731 1619 573 1546 1264 386
000694.jpg,2192 2058 357 2254 2551 1517 1259 793 1194 1811 2595 2008 728 2176 55 397 2641 736 993 1467 570 2284 2605 1626 1734 2233 1690 1765 1028 2234 2159 2360 294 719 1090 1471 1694 1607 2555 1277 1629 443 2758 2146 8 457 495 636 1341 2368 1078 1104 2326 2071 2018 2189 2684 2094 1669 764 2205 230 1524 1502 87 590 2033 902 2752 2525 2106 2166 1382 2563 102 2426 2623 448 642 2394 1327 2212 2222 575 2733 556 2832 38 462 83 2807 2805 1919 412 1034 2637 1661 922 2571 1538
000695.jpg,2583 2084 2683 219 647 627 2148 494 2057 2652 1840 1874 2025 1223 2291 574 1110 2585 43 1041 1204 971 1343 1949 2737 949 2112 940 2324 941 84 1768 2328 2491 945 1772 2788 2639 2424 1038 735 238 1754 245 1004 1458 2386 1092 225 785 482 1616 351 198 2497 835 2161 1704 2649 2724 179 977 2419 2076 1344 1208 1146 2542 1123 450 104 781 2353 594 1922 934 804 331 849 2421 2582 2286 689 686 1777 173 481 310 2657 1866 335 925 1532 2688 1417 568 1787 1561 1172 1899
000696.jpg,1391 152 2130 1203 1726 257 909 11 2299 320 662 231 2813 653 2248 2382 1464 1937 948 67 1121 959 1170 1347 2552 1819 1473 1864 1703 1708 2230 689 594 481 450 2489 1866 2050 686 310 2657 781 2286 1777 335 2353 1922 104 2763 2838 934 45 849 2583 1592 137 671 1772 2491 627 2328 2112 940 1004 2025 1110 2737 2497 2788 198 245 2585 2386 1204 1343 945 1899 949 225 941 1616 2324 238 971 84 440 1458 482 2683 43 1768 2057 835 647 219 2161 2639 1754 2291 1949
000697.jpg,2582 974 1757 1365 1960 1199 2242 2656 1693 1899 2558 751 1397 2179 1738 420 148 2348 1184 1953 1139 1605 1255 440 1506 934 849 303 986 2583 2084 1110 2491 2652 219 2328 245 1772 2148 735 627 2025 450 225 2161 2585 945 2112 2788 2424 2353 1704 1038 2683 351 1840 238 1004 2057 940 2737 2291 1092 2639 2497 198 494 1874 594 1204 2324 781 1041 1223 1343 574 104 949 835 647 482 1922 1754 1949 1616 1123 785 971 1768 43 84 2386 941 1458 257 2485 909 1726 2580 86
000698.jpg,2626 674 2713 2817 817 497 1983 675 563 1948 1870 2646 1586 1046 2397 1895 463 319 659 2510 2034 415 911 1414 2732 2815 904 2133 2017 433 523 1926 312 1158 1486 2170 606 1827 109 2283 587 505 1848 1428 2472 2735 1555 348 623 2181 525 2667 313 2500 978 1946 559 1437 815 1636 59 1127 466 2173 171 2007 49 847 769 1339 2553 2089 2405 2531 2527 2544 1307 1965 2470 2164 408 1190 734 276 2692 1051 784 1741 2454 2205 2035 1316 1878 2574 2375 1096 499 389 220 759
000699.jpg,2404 1061 1701 163 2508 2810 2351 1056 1637 204 1329 1879 1404 1716 2616 1688 2574 1339 1556 2438 2169 1889 160 1214 1171 22 2274 252 2311 2589 1766 682 744 2588 2567 306 473 49 1932 2011 1446 2531 2401 2481 1857 294 1743 2289 2841 2751 1326 1213 1668 2162 2666 957 2066 375 408 2779 388 1201 1612 138 2643 40 2232 2766 402 2632 1294 1952 2808 851 2521 1265 1725 2155 2335 1632 510 2060 119 608 2784 110 2638 2388 1530 1281 1356 2265 5 2821 1503 609 2177 1789 2584 2285
000700.jpg,181 1696 1262 244 2704 1433 1970 695 939 290 2435 2526 592 403 2811 2766 2273 2531 1824 2457 844 2153 2567 63 1591 609 509 2183 1019 2407 1032 189 2070 2521 1401 892 46 1176 389 214 2762 1214 1171 22 2060 241 2467 1632 643 2841 766 2784 864 255 2825 1332 1927 1889 2643 1602 160 1078 132 1330 636 2502 2142 1710 2584 5 822 431 1789 2152 1317 2115 1582 598 1880 957 2092 2690 1376 1815 268 49 782 1018 408 278 744 1766 2790 2346 106 2301 894 1756 1931 2412
000701.jpg,1250 938 921 503 633 2064 1165 738 1415 74 2276 2592 174 1717 2480 896 1561 191 589 531 1439 1541 496 173 1601 2302 437 622 1233 347 2655 1788 2378 2362 1158 1485 1672 2439 2322 1442 1961 2800 1565 660 2358 2088 1681 2009 208 172 2636 334 1902 2599 72 73 399 1420 2051 1206 711 2 1740 1658 2387 730 1855 1627 677 489 2676 1468 970 2344 524 1151 2010 2312 2564 2775 1384 1848 1428 804 2826 2421 331 2628 2724 726 453 2649 1208 2419 2076 1146 179 977 2542 639
000702.jpg,1897 1203 1747 1819 1391 1864 2130 152 550 1799 2489 1207 2479 2462 2334 2557 474 2668 1726 257 909 2165 648 1578 2730 1496 1005 903 768 760 199 671 535 266 11 662 433 826 2299 1553 2676 2344 1151 1627 906 970 524 320 2010 489 2564 1468 2312 231 2683 647 1309 1874 1223 2057 811 2025 1717 2084 2291 494 627 2583 219 2652 574 2078 855 2838 2148 259 1840 1243 1966 1298 80 1379 2813 1068 2382 2248 1464 948 1054 1937 2724 2649 726 2052 179 2419 1886 1208 2076 2542
000703.jpg,2095 666 1595 1729 316 1614 2745 2190 2031 1331 1476 1673 2454 771 2551 1070 533 328 2317 2192 1898 757 983 2684 2238 766 94 2202 1829 1550 2394 185 1604 2045 1109 1003 1128 1996 2733 2718 1517 1247 2809 1728 2349 928 2260 1745 1734 2199 2233 1044 847 1376 2556 407 28 88 1741 462 547 2416 218 1231 2119 1897 2426 2106 2166 1382 2525 2563 102 1264 575 1093 1496 1503 2177 2658 483 1978 1210 2802 1484 2674 897 2752 87 902 2033 2189 590 118 1410 2195 111 243 488 100
000704.jpg,953 2114 2263 1802 1751 1083 136 418 1482 207 2448 1643 620 353 196 1371 1011 1077 98 640 759 192 1917 1110 1041 13 2585 1204 1949 2324 43 2112 450 1343 2737 781 2353 971 940 594 84 949 941 1922 1768 104 61 1451 206 2582 39 1570 247 2560 1123 2087 804 331 2421 2479 568 146 1532 1501 1820 944 26 1417 732 925 2688 1487 1882 580 348 686 1076 1777 2286 2657 2566 335 689 1866 424 481 1488 310 860 1369 1651 2107 1817 2507 2475 2188 2583 2442 1782 644
000705.jpg,1586 1416 2610 1656 497 677 2626 1307 2017 1083 2708 2544 623 978 1051 279 2472 146 2454 271 2170 1111 674 348 2753 1781 1870 2405 2375 1946 759 675 1878 169 2326 1782 1658 2289 2467 2183 1663 2070 1261 1218 220 1362 2241 2046 389 992 1795 1623 1011 563 197 1312 1702 353 196 2684 312 1970 580 2359 2536 608 2474 776 402 2510 2438 89 2237 517 936 2713 2628 906 2826 860 2550 1369 1022 391 963 953 1356 1451 1123 1099 1882 1538 1381 2597 778 383 1029 415 1573 346
000706.jpg,360 1545 2782 791 2587 235 2259 2664 813 1681 1920 660 1508 1695 460 1853 710 542 54 1893 1000 1739 487 9 1287 2369 477 50 2803 1770 1354 1579 1528 2647 1370 1565 1742 1654 711 2389 253 2000 1554 2812 1384 1455 479 2490 1325 2770 1088 1017 698 1368 2002 1998 1031 772 367 1105 932 515 2124 69 2014 1367 1239 375 425 1659 2228 2257 1641 2245 919 2009 2282 337 1979 915 1225 2154 1954 1423 498 2303 531 117 2373 2064 2789 1628 1428 1740 451 1195 1065 1624 2400 453
000707.jpg,754 572 928 1042 1063 2778 488 2304 483 1310 757 923 932 1769 2185 2529 27 1209 2323 2666 916 1175 162 2577 395 1115 875 1519 254 698 697 839 975 151 1271 529 1427 251 2540 1394 293 2098 2798 569 367 2719 1516 1386 2031 2108 650 2054 886 2313 2086 2320 65 1252 2310 1550 980 2256 2238 1174 2369 2511 504 1128 1015 326 233 567 31 2067 1249 2747 1429 1533 1963 545 250 1418 1791 2629 70 1322 2277 50 2644 1145 485 1851 1858 1512 2545 315 2533 1657 215 2250
000708.jpg,483 2545 1624 2627 567 2044 31 1644 599 1568 2528 2034 1134 411 326 1729 2454 118 1109 2305 2680 2027 2812 2534 2711 1463 2511 699 1456 2764 1657 1935 1614 2750 2696 963 1873 141 670 2715 1305 928 2081 401 924 1673 1920 897 808 453 2103 1284 1461 585 1547 2306 2417 683 85 1178 1132 2501 389 612 1584 2472 2714 2745 2190 2098 2264 1370 1854 2523 269 350 442 1400 1416 2802 2530 996 1096 1523 1066 416 1713 1396 680 2042 2045 1948 778 312 64 870 1429 1450 1934 1105
000709.jpg,2690 1018 782 1312 1881 2704 684 654 655 927 1692 2236 1591 39 1975 475 2526 290 1433 2531 1918 214 807 1789 2810 2115 1710 2502 2142 454 247 2152 2435 2378 2346 598 1281 2561 1602 1488 1376 49 1472 2061 759 403 1824 1451 408 721 1984 1987 815 98 1643 2157 2220 640 2669 268 2051 1839 2046 1623 992 323 1362 1696 496 2768 2288 1601 1970 1577 1715 1647 1902 431 1323 1032 2811 1608 244 2016 1439 255 1931 2114 2091 296 995 939 2457 2203 1035 2273 117 46 75 844
000710.jpg,2622 70 215 2304 697 1394 923 1390 315 1557 1759 461 1175 1115 1951 1306 646 395 2323 2546 2759 2757 1834 529 251 2540 1427 101 1389 1769 2185 2381 485 2504 1106 1900 436 2818 951 1851 962 2644 1798 1928 386 1942 254 2499 2054 2319 2731 1137 932 545 790 1549 1801 2175 2719 2219 1310 1252 1986 1516 718 143 2596 982 2140 1479 930 432 1976 2117 763 1211 2409 2614 2255 2685 2710 1514 1215 703 405 2097 2065 1964 2727 2221 792 2778 975 1257 2015 1684 823 638 2298 30
000711.jpg,1998 2305 350 2369 1183 50 2770 487 1031 1920 1088 1742 813 2041 1646 754 1354 924 1935 504 2257 1370 235 2259 871 1579 542 710 54 1893 460 1695 2782 2680 1508 2812 772 367 9 1000 1739 1979 1287 1396 1681 2664 2027 360 253 1770 2647 1654 1853 791 2258 582 711 1677 1455 31 2715 1892 1528 2249 1680 1554 1429 1614 2037 2625 1384 1771 572 660 2711 2774 479 1325 2803 118 1545 2228 2587 2736 1962 435 633 1641 2629 1105 1565 2014 2750 2492 2086 761 491 117 1929 1368
000712.jpg,1038 1754 1772 1458 198 2386 1616 2497 351 1004 2424 785 2788 2328 735 238 1704 945 225 2491 2639 835 1092 245 482 2161 971 1041 43 1768 949 1204 2585 84 2737 1949 2324 941 2652 1343 1110 219 940 2112 2084 1840 2025 2148 647 2683 574 2291 1874 2057 2583 1223 627 494 934 849 2353 450 594 1922 104 781 1787 2649 2076 2419 2688 1146 568 179 1208 977 2542 2724 1344 1532 335 689 1866 1123 310 481 2657 1777 2286 686 944 1501 1820 173 2498 2309 161 1369 201 2606
000713.jpg,510 2128 1694 1927 1502 1078 636 1232 1032 63 2326 2632 495 1540 2708 2284 294 2643 138 217 122 2550 2018 2146 160 2700 1117 40 1026 419 2521 317 230 204 478 936 628 1048 423 1332 2030 1227 2213 2781 2162 412 892 1632 2060 561 1685 153 1090 1019 1811 1104 1401 274 1150 1091 2168 788 2505 2465 2807 64 2841 649 1507 465 2247 608 1889 643 501 2094 252 439 2311 2467 2821 476 1970 1637 1329 46 1991 728 2641 55 2176 397 793 2508 2011 1182 609 1797 1176 2335
000714.jpg,953 1487 1536 2114 1751 1083 1802 2263 2278 418 207 1318 2448 620 1077 759 353 196 922 2560 2087 2571 1011 1697 39 1482 348 136 2043 98 640 206 2203 2479 192 1570 2279 1501 1820 944 1643 1451 2171 2617 60 2842 804 331 26 61 2566 2421 1532 568 1417 925 1403 424 13 169 2712 2688 1882 450 2585 1110 279 1204 1041 2353 2112 1949 781 2737 1623 43 2324 1343 860 594 940 1369 1362 949 104 1371 843 1922 992 2046 971 387 732 354 84 1768 330 1076 941 1261
000715.jpg,1012 578 1114 1406 1810 2792 249 2509 266 1711 10 2121 995 2220 1486 640 1001 2669 98 2683 2649 179 647 2724 74 2291 2057 1874 2583 2419 13 219 1208 494 2035 2084 1840 1223 1146 2652 2076 433 574 2350 977 2542 627 2025 906 2148 522 639 910 4 1344 925 1627 804 2421 1737 601 970 1468 2344 1151 489 2676 2010 2312 1417 524 900 2564 353 331 196 2240 2566 424 826 1434 580 1110 949 43 971 1949 1768 2112 2737 1041 940 1204 1343 2324 941 1799 84 1553 2585
000716.jpg,2143 1265 1857 24 2638 2589 473 119 306 2751 1326 470 1688 1879 1668 1061 2404 1701 388 1201 5 1826 163 2169 2002 2810 2574 1339 1214 1171 22 2567 2766 249 1984 2022 682 2666 2066 1213 1696 375 1348 1411 1404 884 1545 2584 1582 2274 2508 1725 2090 2435 2032 650 224 2438 607 721 438 1752 110 304 1515 425 2361 1377 202 82 2502 891 2703 1012 1674 1124 2378 2113 2841 1613 267 1430 2178 1963 105 268 842 2134 2171 299 426 1383 1666 447 798 2320 2464 1056 1711 1576
000717.jpg,1376 766 1117 1035 1728 2809 2119 1231 328 1484 2454 1569 847 2711 1563 1741 928 1657 2629 1070 2199 218 2164 2193 1955 1970 2105 983 2427 39 1715 1789 2091 2177 1996 1503 1710 296 1109 60 1917 2142 2690 2445 782 1018 322 1282 670 356 1186 759 1700 1488 715 26 1601 2526 496 1967 49 290 408 1846 2489 877 117 2534 165 1623 2203 28 1362 75 2046 1473 2704 992 2220 1839 1439 1093 1881 1010 2669 1197 1433 2531 655 2236 1692 654 1139 1953 420 1397 1738 2558 2348 1312
000718.jpg,2048 1515 1849 649 2475 2210 1947 746 1776 106 2520 2457 844 2436 366 2741 2218 2152 1433 1987 2115 1733 2704 1483 695 598 895 93 323 2502 1994 2506 1147 1274 2408 1269 1477 19 520 1722 1529 1867 2390 2354 2435 2412 184 2783 2403 431 376 1824 2615 249 1212 2295 2413 1448 1602 90 5 1478 2768 2224 247 2486 837 403 214 974 1960 1365 1757 1262 2338 2526 2485 290 1199 581 244 1917 1012 1590 2582 1536 1485 913 1291 267 814 2053 1689 135 891 466 232 1238 1447 1255
000719.jpg,1394 2540 529 1427 251 2759 2546 923 395 1175 697 646 1306 1951 2323 1115 485 2504 2622 1557 1759 2304 2644 215 1769 70 1389 1900 1106 2185 545 2381 932 962 1798 2054 101 1801 1310 2499 1942 1851 461 2731 2219 293 1390 2319 1137 2175 1549 2719 790 315 1386 1209 2533 875 254 703 2108 1516 886 975 572 151 1271 2778 72 839 1166 436 698 2797 364 1252 1418 374 2225 955 2559 65 528 569 1165 2000 763 1519 952 2320 1928 1249 286 2067 2051 314 1128 579 2618 492
000720.jpg,348 1083 2181 1563 559 525 1437 313 2500 815 2708 168 505 1827 587 2283 1870 1313 2142 1710 279 1296 146 2021 732 621 418 207 2035 2448 2560 1127 2087 523 1802 1487 2089 1651 1076 2507 1896 2188 2442 644 2164 49 466 759 171 1339 847 2498 2173 387 2657 686 1777 335 2286 2531 1866 689 481 310 1789 2819 1486 480 2125 1481 2827 1307 408 2526 290 356 1282 2445 1362 1623 2046 992 2470 1274 296 2091 1899 620 2704 2476 1852 2626 59 1970 1011 192 2279 734 2712 1488
000721.jpg,2486 2158 352 2384 2455 1159 264 551 1888 1053 1 1008 349 2436 1126 1689 1338 389 2536 1495 2371 2451 1057 82 814 692 108 438 2026 2736 2292 2223 634 2834 1229 2407 1580 1280 1733 2208 1815 1071 729 426 667 1377 2356 1009 2825 2484 2776 1667 2235 837 592 1349 2206 1030 90 1375 280 1861 181 695 2198 2327 1262 1409 2635 1551 2418 421 2063 427 1675 1366 342 2575 846 1095 2310 1597 967 2078 868 1449 2786 2844 802 2187 899 2350 979 1622 41 1264 1212 340 678 1890
000722.jpg,921 1250 938 503 1165 633 2636 73 2064 72 399 1541 626 1582 2009 2599 172 738 2302 1415 174 1012 1989 2532 1810 2378 1406 4 1233 437 347 2276 578 1114 2121 1001 249 2509 1784 896 173 208 1439 2362 191 1628 2 2051 10 2387 1412 1420 1442 334 601 266 522 1711 2649 179 2724 1206 1088 453 1146 977 2419 1208 2542 2076 1902 1344 639 640 970 1627 489 2344 925 2676 2010 524 2055 114 2564 1468 98 2312 1151 2366 1417 331 804 826 995 2350 13 2240 2421 1842
000723.jpg,2468 1939 127 1863 1811 1803 1807 2189 1898 2605 2555 1277 1524 2368 2738 2008 2481 793 570 1467 993 1445 2058 2758 2434 1629 1059 17 1626 2565 2159 2234 2360 1028 1669 1180 1607 2616 827 728 2641 55 397 2176 1517 423 736 2551 327 573 8 2535 1765 1661 556 1828 1474 638 2222 600 1690 1259 752 1571 2192 1341 2727 2573 2011 1502 1270 1671 294 2571 2595 2168 1360 1308 1373 2254 2771 2146 357 233 1082 2835 443 20 1104 2284 2298 586 2233 1963 1734 2619 2018 1324 1440 719
000724.jpg,2238 2449 789 2171 1021 407 2043 2726 2565 1843 1180 1318 777 1186 715 326 250 1593 1996 2317 1091 1042 757 2288 924 8 2501 582 328 1220 1608 2687 2789 439 2745 377 2190 206 1230 39 1697 1898 983 2040 1912 2157 1577 1281 343 766 1829 953 2674 2573 643 1971 1097 483 926 1741 701 754 806 305 218 2810 1918 2690 666 740 564 2666 1818 928 1312 1822 1335 1093 1084 1745 1018 782 803 1308 1706 1503 2177 118 436 1730 2478 1405 952 1591 2346 1512 807 2199 2114 2095
000725.jpg,908 2530 996 2453 1812 1200 1988 1564 575 2802 1331 243 2487 355 1105 88 1621 2331 1410 1476 1729 1044 1128 2045 1396 237 929 616 1796 2300 666 256 1587 716 1584 2426 630 2563 2523 2166 102 2106 2525 1382 1407 852 2357 2131 1002 416 2538 1713 1620 2262 1119 1178 1895 1732 1978 1136 1449 1838 269 2714 2394 462 683 540 2417 825 603 1450 1505 2375 830 87 590 2752 902 2033 2733 833 2246 2243 1719 897 83 1548 1604 2260 1906 1517 1734 2684 2233 197 984 527 301 345
000726.jpg,1603 1912 1683 159 285 1084 1293 1097 820 275 2062 1221 2288 618 1021 2281 1254 372 502 2471 2601 658 103 952 1335 546 1537 2043 2171 1916 926 721 1655 1831 2114 39 343 206 1189 1972 2402 737 1647 910 2520 1402 807 2687 281 1230 783 564 1697 1077 582 629 1818 750 6 1080 247 962 1798 98 640 1577 1312 1884 2210 1451 2086 265 829 364 1300 1093 454 8 1541 1482 789 1472 995 1900 2561 2157 2449 1643 589 650 200 2238 2690 23 2462 1186 2334 2509 2314 1018
000727.jpg,689 1777 2286 686 310 481 2657 1866 335 1703 450 732 1464 2382 2813 1937 2248 781 948 653 2552 594 959 104 1922 2353 2230 1110 1204 2112 2585 940 2324 2737 1343 949 1949 1041 971 84 1768 43 941 2125 146 480 1076 2498 2582 418 1123 207 1651 1899 2560 2087 1643 1255 2507 644 2188 2442 387 2448 1487 1347 1121 137 1592 1708 1170 2678 45 168 2107 1960 2475 1371 2470 1365 974 1757 1199 1802 1772 934 2328 1004 945 2491 1038 2788 245 2497 849 198 351 225 238 2639
000728.jpg,473 2589 2169 1214 1171 22 2751 1326 2766 306 5 388 1201 2567 1696 1213 1061 2404 1701 2435 375 1411 2584 1582 2810 1857 163 1668 2666 2351 2066 110 721 1612 851 244 509 1056 682 2502 1688 204 2841 609 1889 2521 1879 1162 214 2022 1674 2457 844 1632 160 2531 2060 2508 1433 1339 1176 2574 1716 744 299 2153 2779 1711 447 1591 1744 2643 2588 252 891 2152 1404 2311 1826 598 1019 1766 40 2232 2162 63 2090 2183 1602 49 181 957 1150 501 153 1685 402 2438 1265 1666
000729.jpg,1078 636 2094 2643 1694 2326 2284 495 2018 294 2146 138 2168 1090 2807 894 1661 2473 2162 1811 1530 2816 160 2571 443 556 2278 1194 764 2595 2058 419 2832 2254 357 2128 510 2565 2501 8 719 2521 1502 2192 204 1332 2008 2551 1471 175 1401 922 793 1844 1991 957 412 1182 2155 1889 744 561 2060 1632 2799 505 587 1827 2283 609 2623 448 1176 2153 736 815 2700 333 63 1019 592 1892 1329 1637 2635 856 2481 2011 1469 2311 252 1907 570 1060 1259 1765 2841 1927 1056 167
000730.jpg,1928 1357 2 254 601 215 1753 475 2561 714 1594 145 727 614 436 1721 578 1114 914 2509 1609 65 190 2378 2240 1406 2667 1558 1257 334 581 1984 664 1577 995 381 2409 768 903 654 655 2157 1361 2334 640 618 684 1767 2462 1692 1881 910 2236 98 1915 589 658 1512 2690 1643 1312 990 1975 1720 1608 1821 284 1869 502 1107 848 1359 723 297 862 247 927 1235 688 782 1340 1830 931 1018 1908 126 2601 1413 1845 2471 702 2624 103 1323 539 1075 725 1451 2016 2114
000731.jpg,371 2376 1721 321 2329 1406 2772 1400 381 1753 1111 2193 1594 2240 378 914 2561 1609 145 1869 1905 601 1075 2 254 1357 1979 2510 2578 823 401 2163 2064 435 60 1429 1553 277 2492 31 2809 1938 1775 4 1499 694 1011 211 2511 2086 487 508 580 1628 2701 2454 26 2482 2250 1563 431 2798 1740 469 1817 2660 2598 1402 504 1035 705 1241 826 369 1569 1917 2668 2663 2711 36 1528 73 966 1552 491 2164 2804 2041 1929 1852 2629 1489 772 1842 18 1195 904 1993 2133 2653
000732.jpg,317 423 2781 217 1227 2030 122 2213 1991 444 412 1694 892 510 1469 2128 1502 230 1540 195 1032 1698 511 2721 1927 2253 2700 2427 1981 1188 2317 2779 51 2648 491 439 1790 2642 2766 1828 402 2791 1091 2232 2180 2422 1990 1571 2623 448 47 600 1610 973 1117 2268 2212 1327 2707 1567 2417 205 1865 1015 447 649 2372 1560 1150 2096 459 2100 1936 1813 683 1714 1921 2343 685 2135 663 2352 64 2713 229 1237 632 288 1533 2428 465 1800 1755 129 2340 758 2446 2662 501 661
000733.jpg,591 2675 1126 442 2131 1505 1002 1495 616 918 1796 708 1491 996 2530 1620 116 124 1946 1134 680 1132 700 1837 2609 1574 1181 471 1438 1392 463 389 1676 1812 630 716 929 2170 416 2453 830 603 2397 1678 97 1713 825 2802 943 2300 1878 1588 2451 635 652 497 1719 2275 1895 1450 1178 1407 1948 674 2523 154 771 527 1096 2544 1246 319 2545 2196 2822 269 540 1584 2536 34 1008 2748 256 2543 1580 2417 683 2714 833 1375 1980 237 1673 2660 1586 1200 2436 2158 2487 344
000734.jpg,2583 2683 2084 627 1840 494 219 2057 647 2652 1223 2291 1874 2148 574 2025 971 2737 1949 1041 1343 1110 949 2112 2324 43 940 1204 1768 941 84 2585 1458 785 1038 2386 1004 1616 2788 2328 198 482 2497 2491 945 2424 1754 835 2639 1772 735 1092 2161 351 245 225 1704 238 2724 2649 2076 1208 2419 2542 977 1344 179 1146 1123 2353 104 594 450 1922 781 934 2421 804 331 849 2582 335 689 1866 481 1777 2657 310 2286 173 686 568 2688 925 1417 1532 1561 1787 201 2309
000735.jpg,1788 622 705 838 1961 2655 589 2480 496 1561 2439 1672 2365 2592 74 209 2322 1158 1601 1717 1485 730 338 1466 1658 2307 2670 178 580 519 531 2088 2800 1011 2587 2628 2826 1782 1536 1384 69 489 1627 970 1468 2344 2010 2312 2676 2564 1151 524 169 1487 1640 1528 677 2569 1979 2250 2421 1679 192 1544 2448 804 1041 594 2712 331 1451 247 1949 949 2582 2737 1343 2324 1110 2112 207 61 104 940 1820 971 60 2566 2353 43 2688 418 568 944 941 1768 450 84 424 1501
000736.jpg,873 64 1743 389 2034 752 312 2784 1096 1656 1873 651 799 2764 1156 1919 2284 652 2019 1932 2781 2481 362 124 449 1294 920 2073 241 1791 2401 1841 2168 2547 1500 736 113 34 1719 2239 309 230 2545 294 2129 416 400 2661 825 2616 1324 2011 1502 1556 2550 187 1446 2196 155 1837 1637 1329 1926 611 2155 163 217 2296 122 2801 1538 1332 495 2818 951 700 1248 1353 643 824 185 1716 929 2638 1246 2802 2556 328 1715 1836 1378 680 1067 1593 2335 1063 536 1224 562 2700
000737.jpg,2839 1304 1836 309 2595 400 2437 16 827 1286 834 2570 2795 1764 1637 1329 396 1556 1933 147 2450 345 2071 163 2335 499 556 1167 2648 2401 1502 2661 1052 2155 217 328 122 1727 2816 1013 1188 2547 2160 1108 1530 1378 2205 2692 1047 2674 1991 1907 1182 734 2481 2197 935 20 2246 856 1044 897 553 2168 1952 2591 2808 1058 1283 2696 1844 467 383 1891 2317 1266 1023 141 2555 1910 1277 2799 612 1217 824 1145 666 1305 2249 1404 175 367 1716 252 506 71 565 2311 1364 2452
000738.jpg,920 2073 2547 1836 824 649 113 1873 230 736 1791 2019 389 187 2239 1919 2764 38 822 2550 2407 541 1950 32 39 917 1882 363 926 2288 1912 2301 265 1317 2281 328 2167 2168 1502 2284 217 122 1970 2401 2481 333 1593 1117 695 778 1091 2781 2128 495 449 2437 362 1841 439 1694 64 1378 2042 294 1715 799 1332 189 510 1259 2399 1353 851 1078 2146 1324 636 163 2203 1637 2335 1329 1540 766 181 2018 2700 2825 382 1032 1843 309 2037 1927 400 2171 2616 2661 2625 2635
000739.jpg,1712 1760 954 182 2224 558 458 268 657 1333 1434 59 1307 134 1296 1437 559 525 313 2500 1275 323 2626 978 623 408 2783 2413 2295 1810 1448 1849 1478 2089 1555 2164 1733 1127 2615 596 135 2142 1710 1563 2470 1486 93 895 2827 266 1190 1799 2485 2526 431 1269 2354 520 19 1867 2390 1722 1529 2408 290 1313 621 1187 168 1929 2021 2698 2566 2744 424 348 2016 2837 637 986 1506 303 1012 1839 1334 2280 184 1617 1725 80 1909 1553 1899 1483 581 1518 1298 1961 169 329
000740.jpg,1035 1362 2046 992 1623 1011 1569 759 1117 1563 2669 2220 1312 296 2091 1601 496 2164 2142 1710 2445 356 1282 2526 1488 290 408 26 1881 2236 654 655 1692 580 75 431 1738 1953 1397 420 2558 1139 2348 148 1605 1184 751 2179 1917 60 1439 165 348 1967 1197 1010 1931 2768 368 323 617 1839 268 1489 2809 1870 1852 1376 705 2668 1970 270 1484 2704 684 1843 169 1782 2105 766 2115 1955 2620 39 2427 1261 1218 1262 2241 2489 1123 2826 2628 925 1369 1544 1679 1417 860 715
000741.jpg,2528 411 2370 877 2081 2103 968 572 118 326 1456 1029 1644 567 31 2044 2027 2627 1568 2178 890 808 928 1284 1042 2066 2778 545 2829 2306 1920 526 2711 2113 2789 1063 1854 1823 2511 924 2681 1052 2411 1910 2790 304 1608 754 1213 250 2715 1657 1102 809 64 2034 1145 1935 274 585 2644 994 2264 864 1902 1835 1656 2792 2611 1606 1791 2098 778 1463 2361 382 998 2232 1085 1873 1547 246 1228 813 580 2042 2682 2501 2545 2594 85 1934 1134 1729 2680 2629 2799 2689 2747 1400
000742.jpg,1690 462 1169 2754 1194 1734 2233 2630 575 83 1669 457 517 2254 357 2347 2651 2297 1943 2605 230 728 2073 397 920 2176 55 2641 1517 1919 736 1226 2426 2563 102 2166 2525 2058 1611 2752 2106 2733 1382 1950 2684 87 590 541 902 2033 32 917 794 1259 2239 2586 993 1467 2345 2780 2211 2234 1028 1626 2360 2159 187 1745 2805 2637 1014 469 2019 1419 1301 2138 1260 678 85 2820 1607 1906 1410 2331 2802 1025 2758 71 2392 2394 2129 446 2832 17 2555 1059 1277 2071 495 1276
000743.jpg,41 1264 342 2844 427 1375 154 2786 979 868 2227 2384 1735 2063 802 2208 2364 912 1030 311 2614 2255 349 1619 961 2266 1431 2484 1009 157 667 885 741 234 2731 1925 1676 414 2108 1338 1495 2206 2158 2356 2776 1008 421 292 893 142 1095 2196 1159 1675 2327 837 2834 1409 2223 1181 1794 2371 442 1229 1520 1622 1620 2488 1648 1588 7 555 1546 2607 1491 1053 2406 203 332 700 1256 1597 124 302 78 2217 2415 21 729 176 2015 1888 1094 1349 340 2198 2054 866 2451 1890
000744.jpg,1800 2100 51 423 1469 2340 1618 2253 2118 491 600 2650 1015 2721 2428 1610 317 2317 1227 1560 2268 412 1571 217 967 122 2713 1981 511 1698 195 2135 1533 229 2642 2372 1790 1865 2212 1327 2707 2648 1828 1188 2791 2623 448 2096 1645 1714 683 2180 663 47 2662 973 2213 2417 1548 444 459 205 2194 2781 2030 661 632 288 1990 1237 2446 1567 2352 1991 2422 1936 899 2343 1894 685 1880 2399 570 1694 793 2820 1993 1169 577 649 2461 922 71 1858 1425 116 2714 468 2835 935
000745.jpg,1010 1197 260 1422 1117 1313 2569 1035 2445 1282 356 2427 75 1439 2142 1839 2526 496 408 1601 290 1710 296 2091 165 1967 1843 2669 1569 323 2220 268 617 2035 1738 1953 420 1397 1184 1139 2348 1605 148 2558 2179 1362 751 2768 1881 654 843 2236 2046 1931 992 431 1692 655 368 1623 1116 1032 45 137 1592 2020 270 538 2842 2135 2279 2670 2307 1518 2036 178 2289 1499 1775 1927 2211 2376 2276 1715 321 1540 1148 2329 1045 1262 882 2380 1236 972 1091 199 2010 965 1388 404
000746.jpg,2353 781 594 1922 450 2107 104 1488 1371 2475 2050 662 11 320 2299 2734 191 1123 2582 971 43 1261 1204 84 1218 1041 1949 2241 941 136 2112 2324 2585 940 1110 2737 949 1768 1343 1586 1643 67 1490 2267 1116 335 2657 481 689 1777 1866 2286 686 1393 310 2746 2290 112 909 146 1686 1726 257 1309 2686 2165 811 480 1501 944 1820 1535 832 2084 2057 1899 2291 2652 2683 2583 1255 647 574 2148 2025 1874 627 1223 494 219 1840 1561 1451 1365 259 1757 1199 1511 1960 1969
000747.jpg,43 971 1041 1949 84 941 1768 1204 1110 2585 2324 949 2737 2112 940 1343 2353 594 1922 781 104 450 2683 2084 2057 2291 2583 647 2652 1123 574 2148 494 1840 1874 2025 219 627 1223 934 849 2657 335 1866 481 686 1777 2286 689 310 1038 1754 785 1616 2328 2639 2491 2788 238 1458 2424 245 945 482 735 351 835 2386 1704 225 1092 2161 1772 2497 198 1004 2688 568 1532 61 2582 2421 331 804 1501 1820 944 192 2724 2448 2076 1899 1208 1787 2419 2649 418 1146 146 1344
000748.jpg,1173 727 2667 1600 475 254 1552 613 2000 614 2325 2334 2462 618 1106 1357 1985 65 2378 1577 658 1484 1361 2017 334 1312 1975 2490 581 98 1608 2690 910 2405 640 2509 2157 2314 995 1767 1186 655 664 806 2236 578 1918 1114 927 684 782 1018 654 1692 1881 39 206 1643 862 126 848 1512 723 1323 1984 1821 1720 502 903 1830 247 103 1845 768 990 539 931 725 2624 297 1107 1254 2471 702 1235 1908 2601 1413 1340 1359 284 688 950 2016 589 2149 2114 1451 1965 1163
000749.jpg,570 793 1765 1811 448 2623 2058 1502 2254 357 1090 1034 2192 2648 412 2268 642 2071 1524 2212 1327 38 1341 1259 1467 993 2555 230 1277 922 2758 1517 1629 1474 37 1690 2605 1607 1790 457 2233 1734 1626 2176 2641 2234 397 2159 1028 736 728 55 2360 1669 1694 510 1188 1727 2128 2642 2368 2807 935 1104 1205 443 2461 1865 2595 71 122 217 2222 1194 1763 2317 2820 2372 2096 2721 2791 1060 2180 47 685 2551 1025 719 576 1936 2284 1304 459 1571 2099 1981 131 1828 2422 499
000750.jpg,2152 2457 844 1974 2115 2768 509 851 244 2153 598 1433 1591 454 609 5 2502 2128 2183 1515 2572 670 106 2435 1824 2704 214 1214 22 1171 403 2521 1696 2567 2169 1019 63 1032 1612 1970 2351 1332 2811 807 2766 2643 1176 181 1659 290 2526 1078 636 1647 204 2531 766 1602 510 1569 160 1401 2162 1632 2060 1056 375 189 939 2841 117 2193 2467 1889 2589 1927 1162 643 864 2092 1232 255 957 721 2273 1326 1342 2751 891 2061 46 223 2142 1330 2070 1710 2784 2269 241 498
000751.jpg,1035 1569 1376 1117 1970 268 1303 1789 2526 766 1710 2142 290 1563 408 1896 2164 2690 782 1018 2531 1019 1484 296 2091 2445 49 356 1282 1314 608 2105 2177 1503 496 1601 2768 1931 1843 1433 1881 60 2704 1917 655 1967 654 2236 1692 75 715 2558 1397 420 165 1738 1139 148 1953 1262 2398 1605 751 2348 1184 1439 2179 2220 431 1362 2046 1197 1839 2669 323 992 1623 617 1955 1010 368 670 705 214 2289 2611 328 2711 1657 2232 2454 153 2809 1685 2502 2193 274 270 1781 2668
000752.jpg,50 582 2369 1000 1739 710 542 1893 54 1287 1853 1579 2803 1031 1088 253 1455 772 1325 2664 711 1384 2492 660 1354 633 504 9 1508 235 2593 1707 1680 1929 1816 1920 1541 460 1272 774 1742 813 791 190 2782 2647 2259 360 325 1691 745 572 879 1157 1982 1230 1180 487 2363 336 1681 754 2770 914 2621 1925 730 1770 1370 1498 1695 921 2377 1527 2406 1385 1528 1814 1779 1642 1373 2771 1440 1480 1366 2494 3 2812 441 2695 845 584 881 1068 1379 1442 1243 1915 1187 1462
000753.jpg,601 2 2510 1594 2663 254 1609 1753 1406 2000 315 1721 145 1842 18 70 2787 2240 1165 381 1357 2376 321 378 2329 1075 2772 215 371 2219 1905 431 914 1137 6 2561 1869 2622 1390 2051 2387 613 436 578 522 1114 475 1965 2304 2121 359 2533 1928 2509 694 823 65 950 1737 2064 276 1195 2378 826 727 614 2320 2362 1323 1001 1149 293 1553 334 2490 581 73 2302 1085 2671 2175 2016 29 2667 2409 1660 995 1160 2334 2325 2462 1938 1361 1451 1767 816 386 910 841 1643
000754.jpg,2556 79 901 898 951 2818 741 1549 2117 2140 193 1976 1294 2298 143 718 2104 273 2524 1242 1122 1479 30 982 930 432 2015 638 1924 961 2496 2771 1373 988 955 969 2001 2559 2225 2755 1509 1446 1684 1270 1964 461 1833 1324 2221 1851 1521 1049 2379 1531 1514 2710 770 513 1256 792 1445 975 1215 763 528 2654 25 579 1834 2618 1211 386 2727 1059 17 1058 2614 2255 414 277 2478 2003 2793 2778 790 1539 405 2065 2097 2722 2596 2685 1822 1209 557 2416 2319 1546 1252 1938
000755.jpg,1591 1918 2690 1018 782 807 2061 1335 403 1824 2435 2704 2060 1632 2467 894 2687 2806 1730 247 430 1472 2810 1312 1987 454 1281 1647 2346 39 609 927 1912 1019 244 2811 737 2288 1970 1433 2183 2153 2457 1789 844 684 1097 46 721 2841 2236 1881 654 655 2210 643 1692 509 63 1297 125 1831 1655 106 1896 1975 475 1176 1021 2531 6 138 1451 1889 926 2632 2821 1143 372 1972 2402 2311 252 2666 189 1401 564 2643 1818 939 640 1643 159 1503 98 2177 2766 2726 1078 636
000756.jpg,1105 1331 243 1476 1729 1673 1396 2394 1988 1564 2487 1614 2045 1812 2802 1200 666 1410 88 996 2530 575 2190 2745 355 2243 2453 94 908 1044 2331 2202 1370 316 1128 1621 1778 2095 2523 237 833 1407 2300 929 2166 2563 2106 102 1382 2525 2426 1178 1450 1587 2031 716 2357 616 1796 416 269 1838 1584 630 897 683 2714 1002 1070 2131 1620 2417 1003 1554 1136 256 603 350 2260 852 1968 2262 2454 2545 777 830 1895 462 1119 1978 1713 984 1548 2233 1734 1449 1550 2684 2752 87
000757.jpg,1041 949 1204 1949 2112 2737 940 971 43 1343 941 1768 2585 2324 84 1110 2353 104 594 781 450 1922 2652 647 2683 2291 1123 2084 2057 494 574 1874 2148 1223 219 2025 1840 2583 627 934 849 689 2286 1777 686 481 2657 1866 335 310 1038 2639 2424 1004 1754 198 1616 351 2497 945 2386 238 482 2328 1772 2491 1704 245 785 735 1092 225 2788 2161 1458 835 2688 1532 568 2582 61 804 331 2421 1820 1501 944 192 1899 146 2076 2419 2724 1787 2448 2649 1208 977 1146 179
000758.jpg,796 687 2266 2460 879 1560 2118 1346 1341 676 1227 229 2428 1610 1015 1285 2820 1524 584 53 2023 1669 1181 980 2701 1222 1858 1462 967 2466 1989 269 2296 1571 600 1589 2197 720 2303 960 2056 889 2403 2771 427 1373 183 961 1075 1431 2015 1687 555 1904 560 1860 2518 1884 76 2598 414 2275 2163 2215 1252 2184 2548 1588 988 154 1833 2835 1113 1443 1828 1420 1938 1440 1120 2568 2436 166 464 1553 308 261 2140 1699 718 25 1990 143 1775 2482 1430 1976 79 1499 1509 1007
000759.jpg,363 1317 2301 2407 389 113 431 2073 920 649 822 695 778 1970 2825 382 278 2258 2455 264 155 2561 108 2762 1376 1262 475 1756 299 181 1706 1395 1484 2412 927 326 1035 464 2346 1009 2611 2484 2177 1117 1503 223 1312 1916 1582 789 2232 436 872 1662 1472 362 1087 1841 1569 1711 1568 1156 189 2273 715 766 2077 2777 1303 1159 748 1297 1166 758 2690 125 2207 1882 1854 998 2711 1063 928 1657 1771 939 782 1018 165 2778 1873 837 2199 1923 2436 877 411 2790 1257 227
000760.jpg,2427 2135 826 475 1917 1737 1560 491 1714 950 663 1302 2121 2514 1965 613 2569 45 137 1592 1117 843 2707 260 1422 2279 2842 2263 538 1447 1116 4 2495 2708 2308 322 1371 2115 1606 1219 136 371 2772 2240 1954 578 1114 218 1406 619 254 1817 300 2785 1121 381 2472 2278 1347 2571 1170 1487 1969 1708 1511 2713 521 2 2699 1536 601 2463 2462 2334 2293 1352 1715 1149 762 431 1255 1721 684 2720 2329 838 321 907 854 1403 947 2157 1001 173 2376 1113 953 1439 1433 2043
000761.jpg,2169 1171 22 1214 163 851 2589 306 1324 1857 1162 473 1326 2751 2066 1213 2567 1701 1061 2638 2404 2666 2810 110 2508 375 1879 1265 200 682 1668 470 2274 1404 1688 309 2661 400 1124 2002 2438 5 2574 2022 40 891 1329 1637 1378 2481 1556 304 1339 299 1725 1411 2450 2134 119 204 991 1238 249 1291 425 1963 2168 2171 2335 267 2841 2521 1744 1932 1696 1166 1612 2584 1545 2351 2784 650 1836 2178 510 1933 160 1502 2162 20 2766 323 224 1294 2616 153 1743 1685 583 2401
000762.jpg,152 1391 2130 1038 1754 1616 2328 945 2491 785 2639 2424 2386 351 2788 245 225 482 1458 1004 1772 238 2497 735 198 1092 1704 835 2161 838 1639 2393 1123 1347 1170 1708 2050 1121 2353 781 594 1922 450 104 231 909 624 2761 2838 1506 2503 2678 934 2728 398 43 257 1255 971 1726 1949 1670 662 1172 1041 1204 2084 1388 2057 849 161 2683 2583 320 986 2291 84 201 2299 1113 2309 941 647 2380 2606 1720 848 627 1236 1821 990 2652 2148 126 1874 882 1235 574 303 11
000763.jpg,502 2471 2601 103 658 618 910 1254 1577 2334 995 2462 640 2314 98 2062 1312 65 1451 1683 1114 578 721 2494 1186 1643 2509 247 1021 2016 654 589 1767 655 2236 1323 474 684 1881 1692 2114 723 1359 848 539 990 1720 1821 1512 126 1845 297 1830 284 1107 1235 931 2017 2624 2149 1340 688 702 725 1908 2690 2157 2378 1603 862 1018 782 952 903 1608 1975 768 2203 39 614 1413 1361 581 1916 806 206 664 1357 2667 1918 927 1831 1335 1655 334 475 783 1984 1198 1120
000764.jpg,1863 2363 1982 1372 1832 1440 2368 1180 2605 2771 1373 2460 988 25 1474 879 1671 327 2535 641 1925 522 557 1129 1619 1793 2355 2468 1082 2630 1366 1816 2185 1531 2018 1811 1295 127 764 887 1803 1807 1939 1691 1480 1157 2345 1814 556 2804 2573 1308 2758 2824 1699 1430 14 1989 2738 845 803 1524 586 121 2805 914 601 2347 2297 2651 8 325 2008 615 1763 2727 190 1534 35 2043 1289 1192 2596 2754 443 143 193 2090 718 373 1915 2304 1642 2189 2551 1445 386 233 2222 2529
000765.jpg,1767 1577 2334 2462 2509 65 618 578 1114 334 581 2016 1420 2378 738 1323 995 903 98 640 768 2548 502 2601 2471 103 862 308 1075 910 1904 560 1206 1186 2667 1107 126 723 990 848 914 1340 1821 1720 1908 725 1845 2624 688 702 1359 284 1346 539 1235 931 1830 297 2149 589 2123 654 1881 464 927 655 1692 2236 2314 658 1451 1312 1222 1443 1512 727 1643 1975 614 1687 1608 15 2080 53 2107 684 720 1361 1413 247 2114 206 664 691 165 1055 2017 1706 1254 1984
000766.jpg,1938 2482 1553 1775 1499 767 1721 2315 2150 2280 671 532 2028 760 2387 1886 522 2772 1160 947 2219 1137 903 768 1037 276 1578 2744 1819 1864 2716 2325 2838 65 723 1172 1359 539 1833 2606 2769 404 284 1908 1901 2309 965 725 201 1388 882 688 1236 1235 1107 702 297 1830 2380 1821 1720 848 990 2624 931 2149 126 36 161 1340 1121 1845 1347 1406 1170 2015 1708 2050 79 2580 25 901 194 1555 371 381 2140 1726 398 1113 257 2485 662 320 909 2503 2104 69 2728 273
000767.jpg,2197 2120 1898 2449 752 1471 665 2468 2616 2619 423 1258 2011 1631 1249 2434 2401 2591 1446 2229 1112 1140 1355 1270 2289 2725 704 445 77 2392 2481 1978 240 1119 964 2612 2339 1024 2330 498 2837 753 2765 2840 947 1596 1663 1101 30 1276 294 956 1080 2687 789 1435 1617 1828 2707 1303 391 1939 1043 582 1294 577 2352 690 2464 2452 2450 1510 71 827 1664 1575 1933 345 2342 2537 1304 839 958 2246 1044 1567 1436 1964 1167 1425 2388 2595 1725 309 400 787 810 1630 521 2093
000768.jpg,1181 116 2609 591 1392 2675 1505 1002 2131 1178 2523 918 1491 1837 124 708 616 1796 2714 269 1584 2417 2530 996 683 1946 700 2296 1224 1620 1126 442 2023 929 1574 1645 2472 463 1416 825 1134 716 1676 652 630 2170 416 1812 771 2802 1246 2196 2300 2453 2538 1838 1878 2212 1327 1719 1713 2343 527 2260 1407 674 1495 1895 97 2397 497 2180 47 1548 34 635 2418 1948 540 1588 154 1375 319 203 1990 2640 1096 2822 1538 499 576 943 2095 2422 2544 1727 2071 1936 1698 344
000769.jpg,2112 940 2737 1110 949 2324 1343 84 2585 1204 971 1768 941 43 1949 1041 594 104 1922 450 2353 781 2583 2084 627 2652 2683 1123 2057 2291 2148 219 1874 494 1223 647 574 2025 1840 849 934 2657 1777 2286 686 689 335 481 310 1866 2424 2639 2497 1616 1004 198 2328 2491 351 482 2788 1772 835 2161 945 238 225 1458 735 245 1092 2386 1704 785 1038 1754 1532 568 2688 61 2582 804 331 2421 944 1501 1820 192 2724 2419 2076 1899 1208 2649 146 2542 977 1344 1787 179
000770.jpg,727 475 254 614 2378 806 589 65 2334 2462 1357 1312 98 640 2667 995 613 618 2236 655 654 1692 1984 684 1577 1881 2509 1608 334 1975 910 1114 578 247 1451 1361 581 1323 1643 723 2016 2000 502 848 539 2471 2690 1830 1107 2601 284 1720 1821 1359 702 931 126 990 1908 1845 1340 103 725 1235 688 297 2624 782 1106 927 1018 1767 658 2149 1173 39 1918 862 903 768 1413 2114 1254 664 2157 1600 915 2314 1186 711 206 1512 2405 2017 2490 2647 783 1528 791 1508
000771.jpg,583 842 2053 588 2047 1590 1664 1124 1291 2740 267 884 2072 976 2277 1477 1238 2493 846 895 93 2456 991 280 703 1289 2127 2694 1675 1334 2581 1193 667 1087 77 720 249 2703 428 1758 1497 891 130 1377 242 880 1086 493 2266 1724 1735 366 299 1081 2797 1358 2672 2691 1421 1348 2509 2184 1272 334 472 1810 200 133 1166 323 1324 1665 2206 2677 190 1323 956 58 2485 2016 1196 756 2327 798 629 134 2787 986 1506 676 1765 1207 303 2512 370 641 2004 158 1345 1080
000772.jpg,2117 2140 1976 1479 982 930 432 79 1521 1049 2379 2298 30 901 2015 1924 2496 638 763 1684 461 2710 2221 792 1514 1964 1509 955 2559 2225 273 2104 1242 1122 2524 1834 1211 193 969 2001 2755 143 718 1215 2614 2255 2727 414 975 961 2793 405 2097 2065 2685 1546 2654 1851 513 1256 579 2618 528 1252 1268 2068 988 7 1516 1630 2771 770 1373 1058 2333 1270 1445 1399 1833 1112 2003 127 1216 2444 386 1539 1209 25 17 1059 2757 722 2818 2517 951 536 277 1769 557 889
000773.jpg,43 971 1949 1041 84 941 1768 1110 1204 2324 2585 949 2737 2112 940 1343 594 2353 1922 781 104 450 2084 2683 2583 2652 2057 2291 647 1123 574 1840 2148 2025 494 627 219 1874 1223 934 849 2657 335 481 1866 686 1777 2286 689 310 1038 1754 2328 785 2788 1616 2491 945 2639 245 238 2424 482 835 1458 351 735 2161 1704 2386 225 1092 1772 2497 198 1004 2688 568 1532 61 2582 2421 331 804 1820 1501 944 192 2724 2076 2448 1787 1208 2419 1146 1899 418 1344 2649 977
000774.jpg,583 842 2053 588 2047 1590 1664 1124 1291 2740 267 884 2072 976 2277 1477 1238 2493 846 895 93 2456 991 280 703 1289 2127 2694 1675 1334 2581 1193 667 1087 77 720 249 2703 428 1758 1497 891 130 1377 242 880 1086 493 2266 1724 1735 299 366 1081 2797 2672 1358 1421 2691 1348 2509 2184 1272 1810 334 472 200 133 1166 323 1324 1665 2206 190 2677 1323 1196 956 2485 58 2016 756 798 2327 2787 134 629 676 1506 1765 986 1207 303 2512 370 641 2004 158 1345 1080
000775.jpg,110 5 2841 1612 40 2351 2061 1716 2162 153 1685 306 1744 1883 1647 1214 22 1171 2281 1836 2169 824 268 2288 265 2547 1019 63 1912 1773 1513 1161 926 39 204 2521 1176 1056 1632 2060 1026 509 181 2766 2567 1889 851 957 160 2502 473 214 510 2153 2404 1061 1701 1927 1150 2508 252 2311 2531 2751 1326 609 2632 744 2467 891 2779 1048 628 1970 2643 1879 138 2435 1472 1789 478 936 163 2589 501 788 1696 1032 2177 1503 244 643 2810 2168 2821 1591 668 402 2232 1232
000776.jpg,987 1916 475 2346 2391 2790 2012 613 188 436 1257 2433 790 1583 2256 1085 1723 1985 359 1166 2777 2077 2478 1163 2818 254 951 1319 1549 2561 950 898 364 1825 2051 1972 2270 2411 998 2778 299 1405 1903 2146 1531 2556 2599 1958 1484 1582 952 2499 177 1942 2122 200 816 2000 2666 2490 2400 2082 1642 372 2679 1822 1173 1156 779 2455 1552 1009 1902 1711 264 2484 1666 1600 2602 1106 508 2726 2040 2584 737 748 2273 1411 1971 2833 727 2412 2576 1386 431 113 278 2762 1408 2316
000777.jpg,1549 898 741 79 1479 432 982 930 955 969 1256 770 2755 2001 2559 513 2225 1851 2556 2117 1964 1211 2722 2104 2524 273 1242 1122 2140 763 1976 1539 1215 1209 2319 461 2710 1514 792 2727 557 2003 193 961 405 2614 2255 901 1684 2097 2618 2065 579 1294 718 143 99 492 1049 1521 2221 1154 512 2658 1769 2517 2379 1446 790 1373 2771 951 2818 988 975 2723 2633 528 2416 1793 803 1531 2134 234 2778 1660 2654 2219 573 1137 1324 1834 277 414 1516 2387 1822 2607 2175 342
000778.jpg,309 2661 400 1324 2481 1836 1232 851 2168 2401 2037 2625 163 1502 1677 1378 834 2103 1556 1637 1329 2547 1353 217 122 1032 2567 2335 2795 1764 2570 508 375 1326 2751 827 1593 2193 328 498 1294 1304 1919 824 1225 117 1659 1771 526 1791 2239 1932 736 1156 2616 1661 1162 230 20 1167 1446 2450 1873 187 71 2839 1743 2537 920 2246 2073 556 2550 1500 345 2784 2011 2778 2764 1044 2818 951 147 2595 1883 2162 2284 1892 1716 1277 2128 2555 2019 294 510 449 40 1286 1549 2589
000779.jpg,636 1078 2326 1232 495 2284 1694 294 2146 2018 2643 138 2521 160 510 2162 40 2128 204 2094 1332 1401 1502 1104 63 2168 2632 2550 2011 2481 1026 2641 728 1744 2176 55 397 1530 1048 2616 628 2595 736 936 478 740 357 2254 788 2203 1150 2465 2505 719 1927 274 1685 443 1194 643 2058 1811 2192 1507 46 153 1632 2726 2060 602 1090 8 501 1843 1661 2551 2008 608 1637 1329 1021 1471 1019 2841 764 824 2807 1032 1889 2335 252 609 2311 1716 2467 2821 163 1056 1378 1797
000780.jpg,1671 2535 1180 1474 327 1308 2395 373 325 1082 845 226 1997 2368 2605 2824 2630 2695 586 745 764 1786 1462 2494 2018 8 2573 2355 2468 2758 556 1763 443 1006 989 2579 1027 1353 374 547 66 584 101 1971 1285 2040 2754 1915 1691 615 2345 2381 1863 85 393 2347 14 2651 2297 1811 2771 1440 1373 2804 2359 879 127 1803 131 2203 1372 1939 1832 1982 2222 2383 2363 803 1807 190 1925 1524 2254 1366 357 1816 441 2043 922 2726 1192 2738 946 1734 2233 457 1690 233 448 818
000781.jpg,555 893 292 142 868 78 302 176 21 427 681 1888 1890 743 2423 361 62 2364 1431 2786 1794 866 332 340 2451 1053 886 597 1398 2029 878 1492 961 258 2415 414 2217 979 2015 2074 1252 429 380 1980 1311 673 593 342 2844 749 154 889 1989 1833 1264 25 802 1160 731 2126 1599 937 2469 2549 747 2384 1546 1986 289 2607 2198 2151 2078 1699 2702 2003 1211 1430 1065 512 1154 2227 579 2618 513 41 2723 492 99 2757 2658 2416 1762 1209 1256 2350 566 2349 311 2208
000782.jpg,478 2467 1632 2060 2285 2632 1019 1026 1378 2821 2634 2841 936 1789 63 894 1889 758 252 1612 2311 430 138 1048 628 786 2177 1503 456 840 1176 2766 609 2643 46 643 608 2521 2765 363 346 1171 1214 22 2183 509 1022 2070 501 160 181 2061 2531 52 1927 2567 2153 403 1032 1970 1401 1591 2811 1018 782 1896 2690 939 244 636 2611 1078 1303 766 189 1376 2435 2457 844 1824 892 1433 561 1056 1696 484 2429 2779 129 1332 255 1330 132 2704 402 153 1685 452 2784 744
000783.jpg,1628 73 453 2064 399 2366 2747 2009 633 2 72 694 1088 2599 738 2636 1415 823 174 2055 1784 2163 172 211 1412 1241 2663 401 1165 1541 921 1250 938 711 503 841 254 114 2302 2577 2376 1740 2561 321 1721 2329 2668 1406 2362 1594 1579 60 371 1876 1609 1035 2387 2706 2051 1075 601 726 378 1905 2240 2772 626 1186 2126 731 2469 1599 1562 1989 1489 1357 381 660 981 914 99 1011 2809 380 2276 208 1569 145 1753 1117 2164 1563 1852 705 1390 315 1917 2238 2391 347
000784.jpg,1084 1186 789 1577 2314 582 2687 2157 550 490 1077 2171 2288 1144 2043 1912 664 1254 829 343 159 1189 2238 2114 39 1180 1975 206 1519 1097 1293 564 1080 474 407 926 423 2468 2116 1596 814 2726 1683 1525 717 774 1021 2260 94 247 1512 910 2394 1451 250 2017 690 806 1050 2462 1850 2334 1818 2520 1303 632 922 1591 2463 190 2432 2095 1025 807 862 2519 1550 2718 275 2557 1972 903 2434 2136 768 1082 1222 253 98 803 372 1643 1220 640 2243 1312 441 1331 2377 1608
000785.jpg,1041 949 1949 2112 2737 1204 43 940 1343 941 971 1110 2324 1768 2585 84 2353 104 594 450 781 1922 1123 2084 2652 2683 647 2291 219 2148 2057 574 2025 494 1874 1223 2583 1840 627 934 849 689 2657 1777 2286 686 481 310 335 1866 1038 2424 2639 1004 1754 482 245 2328 238 945 198 1092 2491 225 1616 785 2497 1772 351 735 2788 2386 1704 2161 1458 835 2688 1532 568 61 2582 804 331 2421 1820 1501 944 192 2724 1899 1787 2649 2448 2419 2076 146 1208 977 207 418
000786.jpg,315 70 601 2409 359 1390 2373 1195 2622 386 2663 2304 1842 18 1753 215 816 2282 1372 1832 2185 2 1125 2240 1594 2653 2187 145 1406 1928 1809 988 254 1863 436 1257 211 25 557 1129 1793 522 790 1982 1619 2363 2460 2757 1085 718 823 143 1834 1903 2319 1295 461 2731 2529 2163 2596 1522 2391 1549 1986 66 1915 2175 1989 2719 451 1166 626 2256 1394 164 1175 1157 2367 2477 887 923 646 1951 1306 1115 101 1769 703 2777 4 2077 1699 1531 1430 1557 1609 1759 1389 1642
000787.jpg,1097 200 372 1912 2402 1647 1972 737 807 721 1831 1655 1472 454 2062 364 1021 927 2288 564 1221 2281 1916 952 1312 159 1297 125 1537 789 1818 1293 820 39 2561 2666 2810 1591 2478 23 285 1084 655 1881 1692 654 684 2726 475 2236 1975 926 1254 2729 1603 1706 2061 2690 341 782 2509 1018 436 2016 2346 464 275 1124 1822 1323 2040 190 1971 1281 1143 326 2388 1593 629 891 1166 1080 1324 299 323 650 370 2687 2520 1335 2171 2378 1918 910 2806 1723 6 2602 2113 1730
000788.jpg,1901 2769 2309 201 161 1172 2606 882 404 965 1388 2380 1236 712 972 2200 1627 2344 2676 524 1468 2564 1151 489 970 2312 2010 1616 2639 2386 1772 482 198 238 1754 1004 2497 785 1458 2826 1038 2424 735 351 835 225 2628 1704 945 2161 245 2328 2491 1092 2788 896 173 2276 2683 647 2057 2291 494 1874 1223 2652 2583 574 2025 2084 627 1840 2148 219 69 671 1578 2353 594 104 781 849 450 1204 1819 1864 2737 949 1466 338 1922 2112 941 934 1561 1768 767 940 971 84
000789.jpg,766 1503 2177 328 1314 1568 1376 822 847 2711 1970 2232 2674 928 1303 1657 227 2199 2696 1789 141 138 1182 1632 2105 2060 2643 1808 252 2311 2632 1996 49 1117 983 2821 963 2142 1728 1109 1710 1342 877 1889 316 2162 2404 1955 744 609 1061 2588 1637 2841 2745 1329 2190 670 1701 1797 1484 1543 118 1056 715 1766 401 2119 407 1569 2454 163 1563 2810 2809 1743 1248 2238 1035 48 1231 608 1356 1164 1093 2335 2346 1892 789 1281 367 312 160 89 1932 2762 402 2265 189 100
000790.jpg,1710 2142 408 268 2526 290 2768 1035 2445 1881 558 1839 2091 1282 2236 296 1692 655 356 654 2179 1738 1184 2348 1139 165 420 1397 1953 1605 1623 431 751 148 2558 2046 368 1601 992 323 2224 1439 1931 496 75 2220 617 1362 1010 1197 1967 2669 1296 270 1307 1488 684 559 1437 313 2500 2115 525 2620 759 1563 59 348 2827 168 2164 2626 1275 621 1313 2089 1486 1555 2021 2470 1127 596 1190 1012 1725 1899 1312 2531 657 2783 2051 49 2295 1760 1712 2413 1448 1478 182 954
000791.jpg,1816 867 1256 961 2607 301 342 2844 2175 405 1211 879 1129 2835 930 982 2710 432 763 1479 792 2460 2727 2140 1514 1735 1976 414 2065 2722 955 2225 1964 193 2559 2097 2319 2614 2003 2156 2771 99 2255 1373 1215 863 600 1122 1242 718 2104 273 557 2524 1691 143 2723 2719 1154 2658 2755 1209 492 79 513 770 512 2001 2363 44 1526 1982 2516 2117 1539 988 969 2134 1793 912 2015 1851 522 2517 1925 1366 573 2387 2731 1549 898 36 105 1037 406 1137 853 2219 276 1660
000792.jpg,2328 2491 945 1616 2788 2497 245 238 1772 198 2386 1004 1458 482 1754 351 225 1038 2161 835 1704 2639 785 2424 1092 735 2583 1110 949 2585 2025 2737 627 1204 1343 940 2112 941 2324 971 2057 2683 84 1768 43 647 219 1041 2291 494 1223 1949 574 2084 2652 1874 2148 1840 849 934 594 104 781 450 1787 1922 2353 1532 1344 568 2688 2724 2542 2419 977 2649 1146 1208 179 2076 2657 1866 686 481 310 2286 335 1777 689 1123 1820 944 1501 173 2498 1388 2380 1172 2309 1236
000793.jpg,2202 1981 1003 1182 1248 316 2721 2105 1743 2343 2613 1476 699 1117 983 2190 2745 1604 2317 1996 777 793 499 2071 2461 757 2155 446 1606 205 2733 38 1991 185 2707 2095 1828 1790 1435 64 1463 412 1533 1188 1838 491 1034 1811 2180 47 2623 448 122 217 2268 1898 2523 2212 1327 230 1727 218 2437 1749 1304 2352 2648 1502 2791 1571 162 88 2781 935 1936 642 2696 1090 600 530 1164 2642 1355 1060 922 141 1765 444 2417 2100 269 2372 963 1865 1567 570 401 459 679 683
000794.jpg,1886 2826 2628 1261 2241 1218 1123 1054 580 1011 1362 925 348 26 1369 860 1417 992 2046 1544 169 1623 1679 1782 418 2448 207 1820 1501 944 1110 2112 940 2737 1343 949 1204 2585 2566 594 2324 1768 941 424 84 781 971 1949 43 450 1041 2353 192 331 61 104 1922 804 2421 1532 2688 568 353 196 1451 2582 136 1344 2542 2010 2344 266 1151 2583 2564 2025 524 970 977 2676 2498 2724 2312 627 1627 1468 1146 2649 2419 1866 179 489 2076 2683 1223 647 219 2291 2057 689
000795.jpg,2470 168 1486 1899 1738 2179 1184 2348 420 2558 1397 1605 751 1139 148 1953 1127 1866 146 335 1703 689 1777 686 481 2657 2286 310 45 594 781 959 104 2230 84 2737 2112 2353 450 949 1922 1592 940 2324 1204 1343 941 1768 971 1110 1949 2552 137 43 2585 1041 934 2813 2382 2248 1937 2089 329 948 849 1464 653 947 1170 1121 2141 2582 1347 2164 2485 1708 1123 1616 2683 2328 2491 2583 1458 2639 945 2386 482 1772 2315 2788 627 1004 2497 1038 1754 303 835 1506 2057 647
000796.jpg,2119 2809 68 2144 1231 1728 2454 983 1109 1852 2629 1070 2842 26 1563 1473 1186 806 2489 218 585 2164 847 1846 60 1489 1011 1917 1076 1035 1996 766 1746 120 2191 239 2698 997 322 2668 1093 705 28 1376 2534 2173 1741 48 2745 2190 1117 2396 2252 2091 296 948 2248 2382 1937 1464 653 2813 328 534 1876 1484 1778 1562 2756 376 407 377 2017 2238 1142 118 100 1429 858 139 1598 2279 2476 843 81 2308 2188 2442 644 2507 1651 504 1569 2083 699 2116 1127 1274 2712 2079
000797.jpg,1688 1061 2404 1701 2810 163 682 1879 306 1171 1214 22 473 2169 2508 1056 1213 2351 2274 2567 2574 1404 1339 1889 204 252 2311 2589 2751 1326 2588 160 2438 1766 1716 1329 1637 49 744 1857 2531 1556 388 2841 1201 2066 375 1668 408 2666 957 2779 1545 2766 2232 1265 119 1632 2060 402 2162 1612 5 2632 110 138 608 2643 609 1696 2022 509 2521 40 2821 1503 1789 2177 1932 1281 1356 2265 24 1797 2584 2285 1743 851 1685 2762 153 1314 510 2435 1744 244 592 466 1024 1543
000798.jpg,966 1203 1391 2130 152 550 2479 2489 2557 474 639 1261 1218 2241 1726 909 480 257 906 925 1417 259 648 535 231 804 253 800 2050 331 2421 580 2544 1562 435 1011 26 2660 67 1424 1369 860 2448 2724 2649 418 2419 1208 1820 2542 207 944 179 1309 1344 2076 1146 811 1501 136 977 1897 662 74 2734 11 995 1451 732 1054 320 1076 2683 1123 2299 192 2498 2057 2291 2583 594 647 1223 2353 104 574 1819 494 2084 1864 2652 1874 627 781 1922 450 2025 2688 1393 1840
000799.jpg,1260 2394 1419 2336 1025 2138 1538 1669 1278 1410 2331 575 83 94 1734 301 2519 2233 2802 2099 2243 604 2192 1709 2204 874 1633 1517 1727 462 2684 2426 2523 2525 102 2563 2106 2166 1382 1136 2212 1327 38 1034 1838 269 2071 825 2752 87 590 2033 902 307 2180 2222 2733 1790 47 929 935 2167 1044 2246 2547 678 897 396 357 2254 1040 2764 2627 2750 1690 774 1919 1425 71 652 1286 2718 2417 576 683 1548 2487 1943 2801 2820 1178 457 2357 441 724 1584 793 610 1873 642
000800.jpg,645 1583 1653 742 1785 1395 987 2433 2762 278 1756 900 194 1552 905 1600 1317 155 2256 1617 2536 2391 692 1958 2012 779 1055 765 1985 2294 1319 1944 611 2270 188 2082 1993 659 1782 51 1163 998 1173 950 1642 613 254 2490 1085 2407 246 2000 727 1706 2405 1106 2679 1903 1386 778 359 177 816 2122 2301 1169 1574 1951 1306 1175 1666 646 1559 1484 2054 1246 477 1736 389 2411 2825 1262 108 2736 939 2207 382 1452 2400 181 592 695 1405 1366 2210 2346 795 1947 2292 366
000801.jpg,142 1794 893 292 1691 2364 62 361 1816 1480 961 2423 868 176 78 302 21 342 2844 1925 1890 879 743 681 1888 886 2607 2549 2771 1373 414 1492 1982 2415 2363 937 1431 673 1311 593 749 555 1366 1814 2702 863 2151 1256 1320 2015 1980 332 2786 1642 2451 2029 340 1053 3 2227 597 1440 1398 878 1264 2350 36 441 427 258 1546 845 1520 1660 1252 2695 1267 2208 2217 1157 41 2593 979 709 1718 2003 186 2600 867 803 1079 1154 1211 512 2085 291 1131 889 1094 154
000802.jpg,2725 1475 2550 1104 570 1069 2434 187 2071 230 2138 1829 2019 2801 793 1341 1260 728 397 55 1919 2176 1797 736 2641 2239 2136 1538 1765 1873 2042 2764 920 2073 1791 2555 1277 1669 2505 2465 1276 2254 457 71 357 2234 1028 2360 2159 678 38 1734 2233 1072 1176 2802 446 1410 1556 517 1299 1168 2394 2192 1419 2310 2268 2733 1025 642 1690 2212 1327 1034 462 2758 2754 2331 1278 250 787 1254 905 2058 83 1226 2167 810 575 825 2336 652 2099 2335 1629 2196 1136 2426 929 1169
000803.jpg,2395 1997 1671 373 2579 989 2695 745 2535 374 325 1027 226 2824 1462 2494 1180 2040 1971 2381 1474 845 327 1786 1353 1308 1006 101 586 66 1915 547 584 615 946 1082 1389 2630 764 393 2383 2754 2359 1285 2347 2297 2651 1115 1523 1559 2368 2605 1386 803 1642 190 2018 1816 14 1440 2771 1373 2355 85 1691 443 1925 1982 1366 879 8 2363 2573 2345 1763 441 1257 556 2468 2758 914 35 1534 2238 1372 1832 1157 1289 1192 2804 1814 1480 1962 818 3 2621 2593 1687 1320 2589
000804.jpg,230 449 736 1715 562 1919 2019 1050 2239 189 187 920 2073 2764 2099 1278 1025 1873 2336 2394 2550 1791 1538 1502 1260 2168 217 122 2554 1927 2284 2547 2481 2401 1332 1694 1425 495 2146 2440 570 2781 1078 1286 2128 1790 636 1556 824 1836 2018 935 294 2643 643 510 2213 2831 328 2030 2222 138 160 175 2521 1324 2162 2616 1329 1637 793 1227 1353 2071 1401 2700 2784 1032 2326 2011 1034 163 836 2627 2335 357 46 2254 400 1843 309 38 1330 1995 1091 1378 1844 2203 2661 851
000805.jpg,1015 1858 229 1560 1227 2428 1610 1865 2118 980 2303 230 687 2495 1884 76 2820 491 1285 205 2317 1548 2041 1517 2268 2212 1327 1990 1714 663 2194 2791 661 1467 2180 993 47 2058 2605 1645 2446 412 2417 683 444 1259 288 1533 2750 1567 2648 1194 2623 1991 1463 448 1626 217 2202 1188 122 1690 1894 632 2100 1611 2422 1790 600 1571 1828 1936 2642 2197 570 1618 2159 2234 1028 2360 685 736 2641 973 459 2176 728 2213 397 55 1943 1698 2030 699 2684 2014 2745 1237 2190 1745
000806.jpg,2470 168 1486 1899 2348 1605 1184 1738 2179 420 1953 1139 1397 148 751 2558 1127 1866 1703 2657 335 481 689 310 1777 686 2286 146 1041 2353 1949 594 1110 1922 84 959 45 2230 941 781 971 2324 1768 104 43 2112 450 940 949 2552 1343 2737 2585 1204 1592 137 947 934 849 653 2089 329 948 1464 1937 2248 2382 2813 1170 1347 2141 1121 2485 2164 1708 1123 2582 1754 1038 2788 2315 1616 1391 1458 2626 2583 2161 835 785 945 1255 313 838 1113 986 2328 152 351 2500 525
000807.jpg,2526 1623 290 2046 992 1362 2220 2669 1601 496 1738 2179 1139 1184 1953 1397 420 2348 148 1605 2558 751 75 1488 1881 2704 655 1692 2236 654 431 1931 323 1439 2768 1035 2445 2091 1967 1710 296 1282 356 2142 408 2582 247 368 759 268 165 1839 1010 2115 617 1197 270 1899 684 348 1312 2827 1433 1486 2620 2353 1922 781 594 104 450 1602 1987 136 1757 1960 1365 1536 1199 1451 974 168 1483 169 971 1110 43 84 1123 2585 2324 944 1041 1204 1768 804 941 2737 2112 940
000808.jpg,1115 2540 529 1427 251 2381 485 1389 2504 2546 2759 101 1394 1175 2323 697 646 1306 1951 395 923 2644 1106 545 70 215 2622 962 1798 1900 374 1759 1557 2304 1801 2499 1386 1942 1769 2185 2054 1310 932 461 1851 803 1137 2731 2319 2175 1549 2719 703 790 1559 2219 293 2778 2579 1390 572 1257 436 315 2533 2040 1166 547 364 2797 254 66 1353 1982 2363 1971 989 1373 2771 2178 2395 975 1440 745 2000 2824 2695 325 72 875 1209 1180 1027 839 1925 1516 952 2535 1271 151
000809.jpg,1912 1647 1097 2288 2281 159 1293 1084 926 39 372 2171 275 1254 285 1683 1603 1221 546 820 2043 2061 2402 1972 206 343 2114 1189 1537 807 2687 737 454 564 1818 1021 1918 1312 1591 2062 265 1472 2690 1018 782 910 23 1402 789 721 2561 2520 364 1335 1916 1975 2726 952 1831 1655 2810 1080 2388 1281 650 200 655 1881 1593 654 2236 1692 2346 629 1697 2666 2040 1723 281 475 927 247 824 684 582 1077 2547 1836 1971 326 2086 1297 125 2478 6 436 1706 1143 1230 8
000810.jpg,740 602 2237 2011 2326 20 2335 1771 167 187 2550 1225 2681 138 2265 89 2611 1781 2199 1342 608 1401 1356 1232 2162 2643 924 2183 2467 2070 2821 1822 402 1744 890 1843 2726 508 1140 346 2289 1111 2711 2573 1028 526 2234 2159 2360 1332 204 2193 1441 994 160 1773 1656 1513 1161 805 2794 2515 2521 510 40 1021 271 636 936 2505 2465 1143 1022 1921 1078 2203 736 1694 1395 1135 2616 495 1942 1074 1507 2481 1118 2168 1502 2018 786 2128 2284 2146 1854 294 1755 2049 189 963
000811.jpg,2171 2726 1021 1180 1744 40 888 2043 1297 125 2806 1730 650 927 1281 1472 1831 1655 1189 1143 2810 8 1593 2388 1591 1939 1918 2449 200 511 2478 1129 2061 803 1822 2666 2481 1335 2040 1104 233 2687 1232 1530 1971 2690 1436 1018 556 782 454 2468 160 1912 190 2113 372 2168 687 641 2346 1863 789 1984 1295 2616 728 1512 55 2641 2176 2011 397 138 2238 564 2402 1963 2717 1502 204 1332 2509 127 2521 721 1401 2565 1084 341 807 2729 436 1097 2288 926 2146 39 326 2162
000812.jpg,1671 2535 1308 1180 327 586 2395 1474 373 374 1997 989 2695 1027 2579 745 325 2573 1971 8 1082 556 2758 1763 1353 2494 443 1006 547 2824 101 1462 946 845 2630 226 2040 2368 66 2381 2605 764 2018 2359 2203 2355 2468 1786 85 1523 1734 2233 701 357 37 2254 131 1380 1690 457 905 1285 1471 2709 1811 2222 922 1863 584 1807 1386 1115 602 2726 495 127 1803 2192 615 1939 20 803 1194 1629 869 2168 719 924 2551 2789 2284 2008 1915 1502 2101 1517 1332 2481 2571 570
000813.jpg,1390 2757 2622 1834 461 2319 2304 2731 315 1549 2175 2719 70 1851 1769 2140 982 1479 930 1976 1211 432 718 143 2710 1514 1215 763 2117 405 2614 2727 2065 792 2097 1964 2255 2219 414 2685 1928 1137 386 1516 2818 951 790 215 1557 1759 1684 955 2225 2559 1986 2596 36 2702 1209 79 676 898 2015 1721 961 557 2221 988 2104 273 1242 2524 923 1122 1252 2722 1256 2654 1924 2001 969 2496 1660 2755 2298 2003 1154 512 697 638 1049 1521 30 2379 1509 2185 770 513 193 2771
000814.jpg,601 1406 2240 2121 1753 522 2 914 1001 1842 18 1594 578 1114 4 254 1609 145 1012 1721 2509 249 2561 1075 1711 2772 1357 10 381 2376 2350 378 1810 321 371 2329 2792 1905 1372 1869 1832 950 2373 613 2187 1737 2510 1989 2387 2663 475 2349 626 2219 1965 823 2000 1553 2302 1160 1430 2787 1137 2367 2477 1582 211 2090 1938 276 826 2064 694 2163 2378 2051 2584 1295 1125 1037 2533 431 1984 2320 2364 2362 1157 315 1619 1775 2325 194 2777 2077 1531 1799 1699 1499 208 1863
000815.jpg,659 817 2817 2397 674 1173 2646 1948 2685 1620 442 276 1895 319 463 1067 2400 611 2034 2325 2023 779 1163 500 2553 1316 188 1046 536 2272 784 2732 1246 1414 2433 1588 680 1552 14 2735 1574 1985 415 911 1132 2296 2405 1102 2815 1713 2196 1965 1719 1636 943 2045 606 269 2375 1224 109 904 2133 771 1878 2003 2667 2129 1346 630 863 1691 1407 2170 2654 1794 2710 34 486 1980 1514 344 1492 497 792 1946 2024 635 292 429 142 893 416 1580 197 2719 2510 886 2797 841
000816.jpg,1839 1434 1881 1439 655 1692 2236 654 1931 1010 1197 2220 2669 431 75 268 165 1553 368 1953 1738 1139 420 1397 2179 1605 2348 148 1184 1578 2558 751 1035 323 617 2091 296 2768 1623 1298 1710 496 1601 2046 992 1362 2445 2526 80 2142 739 290 1967 1282 408 356 684 270 1488 2115 2620 1012 759 1275 1312 1740 2775 2051 1187 1313 1296 1307 2295 1448 2413 1486 1899 1478 1555 2827 2569 2250 903 768 1563 168 726 2224 1929 247 559 1437 1810 1384 65 1760 1243 1712 657 182
000817.jpg,612 2789 2674 734 141 2816 2696 383 1047 1023 1741 1145 2527 2101 1530 2306 204 160 2501 1188 401 1305 556 2565 963 2832 2750 2799 138 2839 1865 2648 1694 2162 1060 449 1502 599 2643 2595 1182 1991 495 1910 510 1823 412 2326 1933 1052 602 2764 205 1907 719 2446 2537 305 1934 1332 2071 670 699 2284 294 1844 367 1637 1556 1329 443 1090 2128 175 2018 636 2146 2594 2521 1078 808 499 1194 2098 131 20 2747 793 2481 1625 2623 1401 2551 448 2681 240 827 1811 2094 167
000818.jpg,2482 532 2028 2280 760 1938 1721 36 2702 767 2315 2716 2038 1553 2387 1499 1775 903 768 2150 671 123 65 1555 522 2078 2219 1346 1137 276 1037 1054 696 1956 2151 2165 2362 1005 199 1406 53 1966 841 2376 2668 371 1747 2329 321 724 1068 1243 1379 2539 1717 2746 2290 112 92 2772 60 1886 1897 1045 1148 947 2730 800 1094 1733 1490 1187 191 858 1725 2660 2050 2615 811 1309 855 2838 259 2744 2224 135 1849 2734 1116 1686 521 1929 1617 2837 2133 2544 904 2413 2020 1269
000819.jpg,1912 1021 2288 952 926 2062 721 1683 39 1831 1655 1916 737 1097 1335 1972 2281 2402 1647 372 564 807 1818 2171 1312 2690 1018 364 782 454 1591 1603 1975 1472 265 103 502 2471 2601 618 2726 658 2061 200 2040 789 1593 654 655 1706 2236 684 1692 927 1881 475 326 1281 1143 1971 1822 436 2729 341 1836 2043 1297 824 206 125 2547 2478 1189 2114 2810 2346 2666 343 464 2388 1293 159 1918 2687 1084 2561 820 1091 23 1221 546 2520 285 910 1254 1577 2378 1050 6 783
000820.jpg,925 1417 804 2421 331 353 196 1369 860 1123 1344 2542 2649 2724 1146 977 2076 179 1208 2419 2583 627 2683 2057 494 647 2291 1223 574 219 1874 2025 1840 2148 2652 2084 2688 1532 568 61 74 1820 944 1501 2826 2628 192 2448 418 207 639 1787 1110 2585 949 2737 940 1768 1343 2112 43 1041 2324 1204 84 971 941 1949 995 2010 2344 2564 2676 1151 2312 1011 1468 1627 524 970 489 1486 450 104 594 781 1922 2353 2669 2220 433 906 1362 2046 992 348 26 1261 1218 1782
000821.jpg,146 2353 335 594 1922 689 1866 481 781 104 2657 450 310 1777 686 2286 1041 1949 971 43 84 941 1768 2112 1204 2737 949 2585 1343 2324 940 1110 1123 1899 2582 934 1170 1347 1121 1703 1708 849 1757 1960 1199 1365 974 2470 1255 653 1561 1038 1754 948 1464 2248 1937 2382 2813 945 1616 2424 351 2084 1458 2328 785 198 1212 2491 2497 1704 2652 1004 735 245 238 2386 1772 2148 2025 1840 1092 2161 2788 225 835 219 2639 168 574 2683 482 2291 647 2057 1223 494 1874 2583
000822.jpg,1064 115 1336 2785 1560 1251 2308 843 1364 2279 1315 2708 1117 1447 2495 2441 2111 2842 2135 1714 663 491 619 2522 538 1606 137 218 1422 2472 260 1592 1116 2569 45 2603 1103 2427 2707 1993 1640 183 120 2562 2079 762 699 68 2144 983 953 2056 2173 2613 2116 1142 1013 2099 2571 2712 2514 1852 2534 858 2713 2720 587 505 1827 2283 2181 171 1945 1487 1746 935 139 2278 734 1083 1598 2476 2560 232 2096 2087 1941 387 2718 1651 2507 1288 2089 685 793 2188 53 2442 521 1318
000823.jpg,2092 2811 2269 957 223 2635 403 1176 2153 1019 1824 892 63 1401 46 1815 2070 271 214 1602 2237 744 2278 317 1472 1540 89 891 758 376 216 695 1483 346 305 244 1447 2700 2168 23 1441 1159 90 2486 2412 264 2455 1469 106 2338 837 894 2183 844 2457 1696 2435 609 1591 1433 181 509 2704 2521 2094 1987 2766 2784 1661 1632 2060 2467 1927 2048 1970 643 1032 636 506 2643 2841 939 255 1078 1889 2128 189 1214 1171 22 1332 2531 2526 290 1612 510 2567 5 1330 851
000824.jpg,1789 2531 1433 2704 1632 2060 2526 1376 2690 290 782 1018 2467 1896 214 49 1918 815 2502 1710 2115 2142 894 2841 1019 46 609 2632 2152 138 598 643 252 2821 2177 2311 1503 268 2435 1612 1889 63 403 1970 1032 244 2643 1602 2183 509 408 2766 2567 2457 1022 1696 844 1117 1824 2521 1488 2153 22 1171 1214 1591 181 2811 1987 255 1035 766 1176 759 160 1927 1078 430 636 1401 1026 323 189 927 478 1048 936 628 1781 39 1931 1303 1312 1715 117 2061 2193 2203 2445 684
000825.jpg,754 31 2305 2027 1935 118 2680 2715 1920 2711 350 504 326 924 1463 2528 1646 411 871 2770 2627 367 1429 2369 1568 2044 1183 1644 1031 2629 1998 50 567 928 1042 1657 2249 585 1456 813 2257 572 2103 27 2545 1088 1854 1145 487 2511 1742 507 2098 2041 1673 1396 2081 1614 1370 435 1680 1979 761 1729 1608 250 2812 483 488 2086 1533 582 1109 2682 808 328 580 2258 1093 407 2238 1873 1354 772 33 2778 48 1554 2750 2774 834 2377 2745 2190 1527 2798 1677 1174 1063 1400
000826.jpg,1787 2688 568 1532 61 934 849 1369 860 2788 1616 785 2386 1458 735 1038 2639 1772 2497 835 1004 2328 1754 198 945 2491 2161 2424 482 1820 1501 351 1092 944 1704 238 225 245 2498 2076 2649 2724 1208 2419 179 977 1344 1146 2542 192 971 43 1110 1768 2737 1204 84 940 1949 2112 1041 949 1343 941 2324 2585 2814 2052 1123 804 2583 2084 2421 2652 2683 1840 627 647 219 494 2057 2291 2148 1874 1223 574 331 2025 2396 713 2353 104 781 450 594 1922 925 1417 1489 712
000827.jpg,1945 232 829 1153 1103 2432 1806 2612 2514 2734 1999 2260 1862 1178 1251 1709 1714 1946 441 663 1548 1116 1244 1586 520 2227 2408 1269 2354 19 1867 1529 2390 1722 942 1535 832 2538 2290 2746 852 112 811 1309 1393 2786 1414 184 2425 845 1990 2732 1200 385 1713 58 2262 1321 1686 2350 191 1732 2165 1136 256 2201 1311 709 1375 749 593 673 1490 1033 833 186 1131 291 340 1959 554 497 606 258 1761 2397 1267 365 1133 830 248 410 417 1869 378 1943 1691 1098 1718 2815
000828.jpg,1869 378 601 1594 2 1753 145 1721 1609 254 2364 2702 2074 1406 2240 914 381 1075 2376 321 2329 1905 1357 315 2772 2000 258 371 1890 2267 1747 2085 1966 1311 709 112 2290 673 593 1379 1005 1068 1131 2151 1243 749 186 2746 2730 2686 937 1705 881 2458 1573 2341 1779 2409 2561 2663 2219 1642 70 359 522 2350 1928 1137 1195 1636 276 2387 1390 1989 2510 2622 2815 386 613 606 340 417 2490 2349 191 2165 823 2734 1490 2732 1414 1037 2302 816 2282 1001 2121 1915 215 1959
000829.jpg,872 1275 1839 2036 165 90 135 2445 1931 356 464 1282 1738 148 1953 1184 1139 2179 323 2412 1605 1397 420 2348 751 2558 75 837 2091 296 2301 2413 1448 2295 1478 1623 431 1185 1035 2046 1881 2220 1439 992 1362 1197 748 2273 654 2669 1010 1692 1733 655 2236 999 2833 1159 2768 1601 2526 1710 617 2224 368 496 1569 1262 1187 290 408 268 2142 1967 2744 741 1929 2566 520 19 1269 424 1843 2615 1722 1867 2390 2354 2408 1529 1849 270 2484 1009 1118 2289 1338 1087 2427 1711
000830.jpg,2372 2662 2340 2721 2648 1859 1828 2212 1327 1188 2268 2180 47 412 2422 1865 2623 448 1571 1790 2642 2781 1990 217 122 2317 600 2352 1981 2791 2707 1567 1060 1618 2417 683 2096 205 1237 2343 1800 1936 1991 511 2461 1548 423 1610 459 1698 685 1227 1645 2446 793 2428 1560 1015 229 2714 632 2118 317 2030 288 1540 2213 1469 195 1533 973 661 1714 2253 2194 2100 1894 444 491 663 2135 51 2650 2713 1034 570 1765 1629 71 1811 2071 642 1694 1727 1304 1604 1090 1355 1043 38
000831.jpg,1516 975 1271 151 839 7 1049 1521 763 2379 1399 1058 2793 1546 2333 1252 696 1418 964 1249 1128 123 697 2640 1266 932 2067 1956 1310 698 461 2008 579 2618 528 955 2539 2225 314 2559 1209 2028 532 2221 432 2117 982 1479 930 1769 1211 1964 1976 2140 875 30 2710 1514 792 2496 1112 1924 2614 2255 1684 2068 2015 638 2298 1268 1630 414 536 2108 916 1509 405 569 2097 2065 1215 2727 923 886 2185 2038 127 1216 2444 1834 2685 1851 2757 2304 901 2796 79 1065 1566 500
000832.jpg,1391 2130 152 1203 257 1726 909 662 11 2299 320 231 948 1464 2382 1937 2813 2248 653 67 1819 1864 1347 2050 1473 959 2552 1121 1170 2230 1708 1703 1777 2489 689 2286 450 686 2657 781 104 1922 594 481 1866 310 335 2353 2763 440 2838 45 1592 137 934 2583 849 1899 627 2683 2324 2057 2328 2491 671 2084 2639 2788 1458 1004 2112 1772 1616 1110 482 940 2386 2737 494 2652 2291 835 647 2424 2497 945 1874 1223 949 1343 198 238 1204 219 735 2148 971 84 574 550
000833.jpg,1892 175 2155 1248 2438 1716 505 1827 2283 734 587 649 1952 643 2808 46 1337 1314 1844 523 1743 2181 592 1991 1383 1182 2643 49 1329 1637 559 1437 313 894 138 815 2594 525 2500 2696 2839 1789 1808 141 1024 2060 1632 1563 1870 847 2042 1896 1530 1164 2311 2162 252 2574 561 1889 2816 1339 2588 1265 1056 316 1364 401 2799 466 171 419 180 1404 1089 2142 1100 1710 553 2565 2841 2597 556 1023 744 609 1934 1701 1296 1880 506 1932 1503 2440 1543 2177 119 1883 1061 2037
000834.jpg,1064 1251 1103 1336 2441 2111 1364 232 2522 1945 2603 2408 2354 184 1529 1269 19 2390 520 1722 1315 1867 1153 1999 115 183 2562 2612 843 2785 1560 1904 1142 1598 2056 139 2308 2279 2425 1761 68 2144 120 171 858 1852 2173 2181 2079 1651 2135 2698 2507 2188 762 2089 2442 644 239 2427 2191 997 2842 2708 1117 2116 829 521 1127 1977 2720 53 1714 663 1746 491 2476 1447 1013 1288 2052 2814 2230 1487 999 726 2830 637 959 2445 2712 209 538 356 1282 2552 81 387 137 1422
000835.jpg,582 50 1042 1088 2369 1579 820 1325 372 1031 504 1230 1541 1000 1739 572 2577 1537 772 754 159 2706 2666 285 542 54 710 1893 2561 1853 711 1912 633 1254 1097 1603 1680 275 1272 1221 2492 9 253 1354 1455 629 1293 1801 1084 1707 1384 281 377 1929 1080 460 1972 921 1920 1300 8 2281 2664 235 2647 2406 2259 2377 1527 1385 2402 1402 783 546 1442 750 23 1210 336 774 1498 2238 1770 1646 865 1779 806 2449 326 881 2430 1379 1647 910 1243 1508 1068 789 1187 364
000836.jpg,2024 634 536 1030 1497 1118 2590 1689 1588 707 2224 2776 2796 548 2665 1168 1299 427 885 2068 1264 1648 130 1009 2484 1268 2488 667 2356 2371 342 2844 1008 979 180 1776 2196 2063 611 2384 1375 2739 2786 868 802 1620 121 41 1652 442 2158 2834 349 1724 2108 1667 1619 1338 2227 1675 1081 1067 2217 1159 2327 1878 1926 1409 2833 837 2093 2753 978 1418 623 2614 912 2255 2069 311 656 2231 2129 2517 1095 2767 2626 2206 12 1580 1735 421 748 295 1054 2023 2223 1271 151 569
000837.jpg,2731 492 2319 2175 1549 2719 1851 1769 1137 461 875 2219 1390 1209 1759 1557 528 2658 99 2622 513 1619 887 557 1154 311 512 969 2001 1211 2723 2755 955 2225 2722 79 2559 342 2844 988 1660 898 2304 2003 2614 2255 522 923 982 718 930 1479 1793 143 803 432 790 1539 2460 1256 2387 2185 1925 912 741 234 961 853 770 273 2104 1242 1129 763 1982 2140 1863 2524 2363 1122 193 1976 2117 2108 114 2607 380 2633 1699 886 276 2416 2517 429 1531 2757 2771 1373 975 25
000838.jpg,1685 153 149 1026 2429 1048 628 478 107 2398 753 2632 2414 936 1177 181 1662 108 592 40 2022 501 2841 274 1896 1150 1736 63 2407 1507 668 2806 788 1273 1879 430 2467 110 1632 2060 1730 2821 2765 346 608 252 306 2311 1612 1378 894 1104 2604 1019 95 2634 2465 2505 295 2717 5 695 467 1503 2177 561 1789 1024 2061 1022 1262 2059 138 2611 402 2550 389 2779 1232 2825 129 1885 2766 2708 1744 1303 484 1376 470 268 2002 1918 52 2232 1923 2690 782 2840 1018 1813
000839.jpg,1371 136 440 1113 1391 152 2728 2130 934 849 2328 2491 2558 398 1255 225 245 1704 2503 945 1038 751 2788 1772 735 2424 1754 238 2639 1703 2161 1092 420 1397 2678 148 351 835 1004 2141 482 1953 2497 2179 198 1605 1616 1738 1184 1139 2348 785 1458 2386 329 257 137 1473 1185 2242 168 2552 1592 909 2230 2656 1693 959 2582 1817 2761 1726 45 2263 1506 2583 767 1212 838 686 67 2084 2606 1578 2286 1639 1123 1110 11 627 1969 1886 161 2025 201 1172 2315 2485 2580 2772
000840.jpg,1344 2542 2076 977 2724 2419 1146 2649 1208 179 2688 568 1532 804 2421 331 2583 627 2683 2057 647 2291 494 2025 574 1223 1874 219 2084 2652 2148 1840 944 1501 1820 860 1369 1616 1754 2491 1038 2328 2788 945 1772 1458 2497 351 2639 198 238 835 225 2386 1704 1004 785 245 482 2161 1787 2424 735 1092 1417 925 2498 1110 949 1949 1041 2585 971 2737 2324 2112 940 1343 941 84 43 1204 1768 2010 1627 2344 2564 1151 970 1468 2676 524 2312 489 2592 972 61 2200 712 2353
000841.jpg,2796 1872 427 2665 2255 2614 41 548 311 1264 342 1619 741 2844 234 1925 912 2731 885 157 1735 2739 2266 394 1301 1497 2333 2590 656 2108 30 2488 2729 2093 1118 2776 1699 748 913 1270 1350 2392 2682 1814 1047 1252 421 1509 1240 2399 414 2068 707 446 1833 1268 1065 536 2496 1652 1030 1009 1924 2484 1648 889 1689 638 180 2298 569 801 2117 2357 2015 1976 1930 1776 25 507 1431 1430 1099 2482 2330 722 2613 819 1553 2685 1470 121 866 2818 1978 1834 951 2833 2356 1667
000842.jpg,1733 1849 2295 1478 2413 1448 2224 520 1529 2390 19 2408 1722 1269 2354 1867 2615 1275 1212 135 424 2566 1187 1929 2744 1485 1130 184 1944 2294 2393 1639 1518 1782 2660 1904 1553 1717 1617 760 1296 2668 2078 1434 1298 739 80 1453 1839 1578 1945 1103 767 1961 2506 2165 1147 199 2322 713 398 1938 1721 2503 1775 2728 2482 2716 1679 1544 1499 2439 558 146 2480 74 279 26 1011 2592 1740 2548 455 726 1909 2280 2125 1274 532 165 458 1810 2838 581 903 768 2028 2151 2492 800
000843.jpg,66 1559 2824 1257 1642 190 1157 2347 2297 2651 1915 615 2804 1372 1832 914 1289 745 14 35 1534 1085 2345 374 1192 101 2579 325 2395 2695 359 1671 2064 221 2381 989 1997 373 1842 18 2391 1971 254 177 2122 73 1027 1163 2510 547 1357 1290 1786 2663 1406 215 436 1075 2535 2256 1905 694 1386 2829 381 2304 70 1985 2622 2772 2 1628 1825 2679 1903 816 601 145 315 2074 2376 2240 1390 321 1869 2329 1389 2040 2701 1241 1493 823 1962 2146 2163 1940 2653 378 1462 371
000844.jpg,411 2370 118 1729 877 1456 1284 2627 567 328 928 2238 2629 2098 2044 968 1644 2745 2190 246 31 2528 897 1052 1996 983 2317 2674 2789 1109 1568 1741 1093 754 326 666 1745 1029 1898 2680 85 100 808 766 924 2264 2031 2454 2305 2711 2081 1231 1728 48 2027 407 2119 1463 2095 757 2809 2681 2747 599 2511 2306 483 488 1070 1910 2249 602 1400 1657 1935 2545 218 1429 1145 1305 813 2103 890 761 1547 1791 2799 205 1629 2101 1503 2177 2798 2195 111 1614 1823 719 1606 1376
000845.jpg,1123 1041 949 2112 2737 1949 1204 43 1343 940 971 2585 941 1110 2324 84 1768 2353 450 104 781 594 1922 1369 860 934 849 2084 2652 647 2148 219 2291 2683 574 2057 2025 494 1874 2583 1223 1840 627 689 2286 1777 686 2657 310 925 481 1417 1866 335 2582 1038 1004 2424 2639 1754 945 198 2497 245 2328 2491 482 1092 238 1772 1616 225 2788 351 1704 785 2386 735 2161 1458 835 146 974 1757 1365 1960 1199 61 1787 173 568 2688 1532 1561 1501 944 1820 1703 1899 2826
000846.jpg,1879 1061 2404 1701 306 2841 473 163 2351 1214 1171 22 2810 1056 2169 110 1688 2022 2751 1326 40 2508 1889 252 2311 5 204 682 153 1685 2567 2574 160 1404 1339 1716 2274 2589 1766 2531 2438 2779 1637 744 2588 1329 49 1857 1744 470 1213 2766 1556 2232 1668 402 2002 1632 2060 957 2632 388 375 268 1201 408 1612 1265 2066 608 1150 2666 668 2162 119 2643 138 1026 2717 1696 609 2821 2521 2265 509 501 24 1503 2177 1789 1281 1932 1048 1530 628 1356 1019 1024 2584 2285
000847.jpg,2251 1068 1379 1243 995 589 1541 65 768 903 783 2016 2078 1451 247 655 1692 1881 654 2151 1187 2236 1779 862 800 1384 1720 1821 539 581 1413 2114 297 990 723 725 688 126 1107 1361 1359 1235 1908 848 1830 1340 1845 702 284 2624 931 2149 881 98 2378 1442 640 1455 910 2492 334 730 614 1767 1323 582 336 2509 103 502 2471 2601 1643 1608 711 578 2462 2334 806 1114 2364 921 1254 1975 684 618 340 1890 2314 1512 664 2667 1984 291 1312 1094 2017 1577 658 927
000848.jpg,1200 996 2530 1713 1178 2802 355 2453 1812 616 1796 256 2487 852 1620 908 2262 929 630 2300 1407 2331 2523 1732 833 1988 1564 2397 1946 830 243 416 237 1410 88 2131 1002 1587 825 1895 1105 497 269 2045 1044 1331 575 2170 1719 1128 1548 942 1396 591 1584 2417 716 683 1621 1729 603 2714 1476 1505 540 1449 1586 943 2357 1588 666 635 1450 1978 1119 771 1246 442 1948 1414 2732 2538 1878 784 1096 441 1033 2675 2196 2544 674 733 2743 34 1136 1676 319 2426 1382 2106
000849.jpg,2294 1944 1138 1993 1782 2536 1617 1055 2626 2544 623 978 742 2454 248 1586 1878 2170 1946 67 2472 2017 497 2405 674 410 389 795 855 415 911 1309 811 648 155 1130 800 724 2660 1634 434 1645 1535 535 832 1393 906 1253 692 191 1897 1424 1992 1733 942 1262 1444 2836 1212 2732 519 1414 2734 2290 2746 904 112 2393 1639 1116 1490 2165 2133 165 1328 595 1658 1686 1726 1966 799 2815 2280 909 966 257 11 2299 1158 320 1147 2730 662 2506 36 713 2439 1676 365 2151
000850.jpg,988 961 2685 2140 79 718 1976 143 193 414 2104 2771 273 1373 1242 2524 1122 277 2117 429 380 1834 2023 1067 2654 1215 2013 1539 2496 1924 234 741 2226 2614 342 2015 2298 25 2255 2844 898 792 901 2710 1509 557 1938 1514 1619 2097 2065 2556 1833 30 638 1964 912 1863 955 2731 2559 1925 2003 2722 432 930 1479 522 2001 1211 982 2225 2755 763 1793 2319 2596 2517 405 1445 386 2633 2727 1549 2134 969 1684 492 276 803 853 2719 1366 2363 1129 2460 2818 1986 951 867
000851.jpg,2082 779 2270 1319 1985 2391 987 2256 188 1958 2012 1552 1163 1600 659 1173 950 1386 254 2490 1175 613 1106 2054 2000 1583 727 2433 611 998 1306 1951 646 2405 72 765 1559 1085 359 73 2679 2636 1903 1784 2122 177 841 816 1628 477 1642 981 174 399 2599 2747 1088 172 453 2009 738 1412 711 2366 1574 2602 2706 2055 1415 1246 726 1558 2577 1928 1740 1541 714 2775 4 626 114 750 2172 395 286 2477 2367 1210 1165 2387 2622 215 1157 2323 2533 790 2304 2400 99 1900
000852.jpg,2581 242 880 1086 1358 991 1758 1193 1421 2691 472 2456 884 798 2694 842 2206 158 1348 2004 2127 58 1196 641 1665 366 1377 267 583 2703 82 588 1345 2053 1432 514 77 2740 2047 756 2659 1590 2355 170 2327 1664 1238 1291 280 1477 888 895 93 846 1494 1551 422 1289 2418 891 210 720 703 1675 1765 1724 667 857 228 1861 2184 2662 1452 1124 130 796 1279 428 470 2072 2468 1638 1420 560 1043 2461 299 1497 1081 134 1859 2797 1509 604 1324 2485 249 323 140 1868
000853.jpg,1211 2757 2618 579 2003 916 2416 1209 513 763 1546 875 1049 1521 2221 2379 512 1154 2658 1210 1833 982 492 432 930 2255 2614 1479 25 2723 99 461 2065 2097 2793 429 405 2117 1215 1514 792 2710 2727 2140 1964 7 2015 1976 1058 528 1684 414 380 955 2225 2559 566 311 887 1252 886 1516 2349 975 2108 477 1924 638 1509 1399 2496 2298 30 1368 79 2685 1630 1986 1834 2333 961 2444 1216 2741 193 1112 770 127 901 1571 1256 1566 2026 988 1271 151 1390 1431 2517 1793
000854.jpg,422 44 1526 2516 2005 775 2615 516 248 232 1453 2548 336 709 1087 1849 186 2341 2145 1269 937 2408 19 1529 2390 520 2354 1779 1722 648 1867 1309 755 811 1187 2251 410 2493 381 1455 2519 2730 2413 1904 1448 2295 1478 2744 1733 424 1911 135 2566 707 1485 2224 876 1929 1275 1577 1750 2697 1992 11 543 1247 519 662 581 2006 855 2299 320 334 1206 86 560 67 1420 1138 2514 1805 1590 914 2475 1193 895 93 604 279 2053 1477 1712 182 1760 1311 954 673 593 291
000855.jpg,2104 1242 273 2524 1122 2001 969 2755 79 2117 2654 2140 1976 1479 982 930 432 955 2559 2225 1539 277 2319 193 143 718 557 2722 513 1851 961 1256 1684 1373 2771 901 770 988 2710 1211 1514 763 792 1834 1964 1215 414 2298 2003 1209 1154 512 1049 1521 2379 2517 2614 2255 2685 429 2727 461 1924 2496 492 380 579 405 2065 2618 2658 2097 30 2015 975 1769 99 638 2221 2723 1516 528 1793 1833 2844 342 912 2731 1925 1445 1067 898 2757 1509 2719 25 386 2416 2226 1816
000856.jpg,934 849 1110 2737 971 2112 1204 940 1343 1041 43 949 1949 84 2324 941 1768 2585 1787 1123 2788 2497 351 1004 1458 1616 785 198 1038 945 1754 2386 2328 735 2424 835 2491 1772 2639 1092 2161 482 238 1704 245 225 104 2353 781 1922 594 450 689 1866 2084 2583 335 1777 1840 2286 481 627 2683 2652 219 2657 2057 2148 686 647 310 1874 1223 494 2291 574 61 2025 2582 948 2382 1464 2248 2230 1937 959 2813 2552 653 1703 192 568 2688 173 1532 1899 398 2503 146 2728
000857.jpg,2309 161 1172 1388 201 2769 2606 1901 965 1236 2380 404 882 712 2200 972 2676 2010 1627 524 970 2344 1151 2312 489 2564 1468 2491 2826 2328 945 1772 2628 735 2424 2788 198 238 1004 1092 245 1754 1038 2497 2639 785 351 225 835 1704 482 2161 1458 2386 1616 896 173 2276 2084 2652 219 2583 1840 627 2148 2683 2025 1874 647 494 1223 2057 2291 574 1578 69 671 1466 1123 338 934 1110 1969 1511 2585 849 1561 767 450 1886 1204 43 2353 949 1041 1819 971 2737 1343 2112
000858.jpg,2642 1790 217 122 1188 2317 2791 2118 2268 2648 2212 1327 600 1828 229 2180 47 1571 2194 1227 2428 2213 2030 661 2721 459 1981 685 2422 2781 1015 1865 2372 511 1990 2623 448 1610 71 2096 1560 935 2352 412 1727 2707 423 683 1502 2417 1548 1567 205 1304 1618 980 1698 195 1469 317 1800 1991 2343 2446 1894 632 1936 2437 16 570 2340 1237 1714 2662 1533 288 1645 663 2650 2135 491 2253 2713 2100 444 51 973 793 38 2820 2835 577 1425 2461 230 2071 1811 1034 1858 1765
000859.jpg,953 1487 1536 2278 1802 2094 1078 636 418 207 2448 2571 1090 2560 2087 759 1318 348 196 353 443 1403 1811 2720 2135 2279 2203 61 764 8 2842 1011 192 843 2551 331 1486 2146 804 2566 2421 732 568 1532 424 13 640 2688 354 98 1563 387 330 1437 525 559 313 2500 60 2008 1694 2617 2585 1110 2284 1204 1041 2018 43 2479 2112 1949 2737 495 1343 2192 2326 940 949 2324 294 971 1643 1635 1016 2164 84 1875 1768 941 719 2569 169 1116 2058 2254 2595 1501 1194 1820
000860.jpg,544 1718 1079 2549 392 1036 1131 1783 1267 709 186 44 2516 1526 2156 105 406 937 2341 288 1779 301 2730 1794 1850 2420 2518 176 302 78 21 593 2318 749 673 1311 2543 318 811 881 1385 1309 62 361 336 555 2006 1498 1152 258 878 2145 597 1398 1073 434 1682 1913 112 2290 2746 2147 1527 2377 2110 142 648 2600 292 893 755 1005 332 2423 773 1705 543 747 1551 868 1888 743 1890 681 2227 2415 2085 2364 1732 2342 1894 1992 1816 1033 339 2458 1431 2609 2743 1007
000861.jpg,2098 1429 1876 2629 118 754 2798 1673 1456 2137 2747 2711 2045 2238 567 1657 31 328 407 1646 1728 877 1145 1093 2119 1109 1231 1614 2745 2190 2454 1996 983 48 367 2809 928 1910 504 1435 100 766 1935 1029 2627 2031 1463 27 1606 1370 2774 2511 162 1980 1533 1562 2812 1186 2027 2065 2631 808 2097 277 2668 1070 2226 2719 2770 442 705 600 2680 1729 411 2023 2528 2257 2727 401 2778 60 2305 2545 757 453 1568 841 2044 2715 1284 1644 94 326 2489 1331 1846 2081 924 1174
000862.jpg,750 1230 820 372 962 1798 1221 783 582 807 614 737 1173 803 853 714 1928 1900 364 1822 658 952 1042 2323 1106 215 572 1186 2706 1603 2644 1389 159 250 1097 1916 727 2504 485 2719 1272 1608 1541 1646 2062 1912 1293 1972 436 326 65 504 1549 285 2402 2478 1084 2797 2238 806 618 789 2671 502 2471 247 2601 1021 103 2175 1537 1680 1769 1975 1254 1361 1558 903 2622 1593 768 790 1137 1512 1876 1647 721 6 407 1759 275 1557 190 454 475 2388 2778 1655 1831 2219
000863.jpg,865 725 1720 1821 1107 126 1908 848 2624 990 1830 1845 297 702 1340 688 1235 284 931 539 1359 723 2149 828 173 1578 2242 2656 2761 1693 767 2678 69 1670 624 67 1113 257 909 2050 662 11 320 2582 1561 2299 1726 1969 1391 338 1511 2763 1466 152 2130 1592 2315 2583 137 161 594 627 1123 1473 1922 201 1172 2084 2057 2652 2683 1960 849 2309 934 2291 2606 2353 671 404 450 2148 45 2769 2324 1901 2112 2744 104 1365 494 940 647 1110 1199 781 2141 574 1388 2737
000864.jpg,374 2395 989 2579 1997 1027 2535 1671 2695 373 745 325 1971 586 226 101 2381 1308 2824 946 1006 2494 1462 2040 1353 547 66 1180 327 1474 845 2359 1786 1115 1523 1380 1389 1082 1386 85 2573 615 1559 1763 1915 8 443 2238 905 1962 556 2758 584 803 1257 1687 1285 2630 1641 144 1036 764 2589 2368 2754 2605 2651 2347 2297 393 1816 2383 2018 14 2355 1982 2363 2203 441 1642 2771 1373 1440 1925 1366 879 1691 2468 1320 914 190 1069 701 35 2345 1534 37 1157 2557 1198
000865.jpg,2238 407 2454 2082 118 950 2809 100 2119 1109 1996 2745 1093 1231 2190 983 1728 328 766 48 2270 1319 998 928 1386 1673 2031 1657 757 1614 1070 2711 2629 2095 1186 1484 2098 1729 2747 754 2774 1595 2389 4 2349 488 1562 2668 218 1376 162 453 1157 618 28 533 2477 2367 2658 2334 1496 2462 1210 2489 779 2416 2199 2812 1264 1331 1741 1846 847 2195 1876 1955 1163 111 812 1972 1897 483 26 401 1503 1370 2177 1652 1829 2231 2317 1752 2257 2770 2674 157 1473 789 322 1778
000866.jpg,1041 949 2112 2737 1949 1343 940 1204 43 941 2585 1110 971 2324 84 1768 2353 450 104 781 594 1922 2084 2652 1123 647 2683 2148 2291 219 2057 574 2025 494 1874 2583 1223 1840 627 934 849 689 1777 2286 2657 686 310 481 1866 335 1038 1004 945 2639 1754 2424 2328 198 2491 2497 1772 482 245 238 1616 225 351 1092 2788 1704 2386 735 785 2161 1458 835 568 1532 2688 61 2582 804 331 2421 1501 944 1820 192 2724 1899 146 1787 2419 2076 977 2649 2448 418 207 1208
000867.jpg,2022 149 153 1785 306 1685 1653 107 1333 668 295 2414 1177 40 1736 470 1879 2002 110 5 2841 1494 1228 501 473 2751 1150 1326 158 798 274 2717 1432 2703 888 1019 1744 2429 1712 1760 954 182 1026 1048 628 268 1896 1813 129 2806 2502 657 2766 1452 287 608 447 2779 1923 1859 478 1674 1666 1662 2840 1921 1507 1273 2632 753 2398 2244 2604 324 1730 1062 758 262 402 430 788 936 1104 1434 1295 2124 2232 125 1297 1612 457 2311 467 252 1465 1214 1171 2765 22 63
000868.jpg,838 338 1466 2141 137 1121 1592 45 1347 1170 1708 209 329 705 2761 2130 1391 2838 2230 2315 152 959 1255 2552 69 2470 2365 2583 1506 67 146 934 1899 2558 2328 1726 627 1578 2744 2683 2728 1639 767 257 2324 420 949 2057 494 2737 1004 1777 2393 2678 2291 2503 1212 1397 2491 2309 2286 482 2084 1616 940 2639 2112 2424 948 1185 198 1343 86 1204 725 2580 2386 647 848 2248 201 689 11 404 1172 723 310 1768 1901 126 1754 2382 1953 2652 161 1473 945 2772 2497 1886
000869.jpg,2140 1976 2117 79 2104 1514 273 2710 2524 1242 1122 792 1479 982 432 930 1684 2298 763 1834 143 718 1964 1924 193 2496 2015 1215 961 2614 2255 30 638 2727 1211 414 1509 2654 988 405 2771 2065 1373 2097 2685 955 2559 2225 969 2001 2755 1521 1049 2379 461 901 1539 1516 557 1851 2003 2221 2319 277 1256 513 2722 1252 2793 2068 1546 1268 770 2757 1445 2444 1216 573 1209 1769 2517 127 1630 975 386 1067 7 1058 25 2333 579 2618 722 1112 1270 429 1833 1793 1059 17
000870.jpg,2201 1321 1763 869 2099 836 1625 2204 874 1709 1633 2631 2645 2264 1098 2432 212 549 1280 354 330 2261 307 2642 1538 2623 448 2446 2174 669 2096 2383 1520 1790 922 2718 1936 685 459 1090 935 1865 1194 203 2804 2058 2605 599 1 2394 1259 1635 1572 1050 1060 1016 537 1875 443 1025 2630 2750 1082 818 2222 2345 1425 1034 586 1690 1308 2336 230 2156 2537 2495 2627 1517 2651 2754 1372 1832 1192 2347 2297 2684 1278 1260 2805 1626 1028 2641 736 1467 2234 2176 55 2159 993 728
000871.jpg,2224 1187 2615 2413 1448 2295 1478 135 1909 2566 19 520 1733 424 2744 1269 2408 1929 1275 1867 1722 2390 2354 1529 1849 707 1485 1961 1553 1518 184 1298 80 1528 1296 2838 1717 1904 1434 2020 1384 1453 1578 1839 739 1775 1740 1240 1499 730 2482 2078 1979 199 2480 2587 74 2592 69 532 2028 2165 458 1938 1243 760 1379 2668 1442 2111 2441 596 1068 2827 521 2716 2492 558 903 768 1945 2322 726 1103 713 2307 1817 2670 371 178 2200 712 524 2676 970 2010 2344 1627 489 455
000872.jpg,2816 1530 175 636 160 1078 1991 2155 1182 2643 1844 2094 204 2799 1827 2283 587 505 138 2326 495 1889 815 2284 294 1694 2162 2146 2018 2696 141 1637 1329 2839 592 1024 252 2311 1090 1808 1364 2674 565 1056 2181 2594 49 171 506 556 383 744 2404 1061 1100 1811 1089 2588 764 1194 1701 1404 1339 2595 1576 719 1870 847 2058 443 1766 1879 525 523 466 313 2500 2254 1952 2808 357 559 1437 2574 337 1823 1023 2521 2832 1688 2274 2501 510 388 1934 1201 1337 2565 419 2551
000873.jpg,1772 198 1004 2497 245 238 2491 2328 2788 945 1092 2161 2424 482 225 1704 2639 735 835 2386 785 1038 351 1754 1458 1616 1110 2112 2737 2583 940 2585 949 1204 219 1343 627 2084 2652 2324 2025 2148 2683 1840 494 1223 2291 43 2057 1874 1768 647 574 971 1041 941 84 1949 934 849 450 1787 2353 104 781 594 1922 2649 2724 179 1532 977 568 2419 1146 1208 2076 1344 2542 2688 689 310 686 2286 1123 2657 1777 481 335 1866 1820 944 1501 173 1369 1172 161 2769 2309 860
000874.jpg,1852 68 2144 1563 2164 60 1011 2720 1489 1035 2560 2087 1487 2534 1117 2489 1917 1076 2476 2668 705 2809 1651 2507 2188 732 418 2442 644 207 2448 387 734 2657 1777 686 335 2286 1802 1866 2842 2498 481 689 310 2279 480 1876 2119 843 1846 1562 2125 1186 1127 139 26 2089 2191 1403 239 1728 997 1569 2173 1778 296 2079 2091 120 2396 2116 2712 580 1481 550 2181 356 1231 1282 2445 192 858 521 847 1016 1635 2308 1780 2479 953 585 1875 1274 1083 1473 81 2052 2814 653
000875.jpg,957 2269 2092 223 2153 1824 2811 1176 214 1019 63 1602 744 1540 271 891 2635 2278 2700 695 1472 216 23 2412 376 1447 1483 2237 2338 837 2168 1469 244 106 509 2457 844 609 894 2435 1696 1433 403 181 1591 2521 2704 1987 2183 1661 2048 1927 1970 1032 2766 5 1632 2060 1889 643 2351 2128 46 255 1214 22 1171 1078 892 2841 636 2643 2784 1330 2567 189 1612 2152 1401 510 2502 598 851 2526 2531 1056 290 2467 1815 1332 2070 241 160 2281 132 2588 766 333 265 2115
000876.jpg,1178 1713 833 1200 996 2530 1620 616 1796 243 2802 852 2397 2262 1105 355 1946 2453 256 1732 929 1812 830 2523 630 908 497 2487 2300 2170 825 2331 2243 269 237 1407 2131 416 1548 1586 942 1988 1564 2417 683 591 603 1584 2394 1587 1895 1948 943 1588 1414 1331 2732 1410 1002 88 1096 1246 771 1449 784 442 1719 1450 635 575 1396 441 2714 540 2544 2045 2538 1476 1119 716 674 319 2675 1729 1044 2196 2743 1033 392 1128 1878 2357 606 610 94 1574 1676 2545 1621 1505
000877.jpg,1981 1604 1865 2733 1028 2234 2159 2360 2343 2058 412 448 2623 2648 1259 1194 530 1517 1690 736 993 1467 1694 1626 2641 2176 397 55 728 2605 793 167 2820 2630 230 570 1765 1811 1090 1502 2202 1524 1991 922 2495 510 1474 1790 2721 1188 2268 2317 2372 2128 446 1327 2212 1567 37 444 122 1607 1205 2807 1828 217 2555 47 2180 1277 2254 2340 357 2192 2642 2791 1629 2662 294 1571 1734 2233 187 2461 71 2758 205 683 1227 1548 317 2707 2417 2071 2422 2473 1034 685 2352 423
000878.jpg,536 1719 1978 1067 269 1407 630 2300 2196 416 1588 1621 2357 680 2296 2023 2802 2068 929 1268 7 2496 1924 722 1620 1431 414 1119 2685 825 996 2530 1895 1252 2551 1128 34 1132 1505 2333 91 1509 638 1713 2523 500 30 2015 2117 2246 2140 1976 1834 889 733 1878 716 1491 442 1410 1044 2298 1564 2539 1988 2710 1514 792 2714 2482 2487 2444 540 1216 2818 2235 951 2426 1382 2106 2166 2525 2563 102 2793 1956 2640 2045 2654 127 897 1630 1546 763 575 771 1136 1266 1049 2379
000879.jpg,1005 2151 1966 2315 1747 2702 2746 532 2028 2290 1068 1379 112 1243 2482 2730 2280 2716 2165 1490 2078 1054 191 1938 1686 36 2267 1309 811 760 1116 2150 1393 2734 2686 1535 832 800 671 767 1148 1045 1721 2364 1897 2050 259 1775 1499 903 2241 1261 1218 768 2006 1555 1094 1553 1424 480 2133 904 2038 724 966 2544 2660 2836 1444 2287 855 11 1886 320 2299 1573 53 662 648 65 199 1717 947 1253 2668 123 1726 1992 755 909 519 60 257 1890 2085 2838 906 67 858 1725
000880.jpg,173 146 1969 1511 2583 2084 2025 2148 219 1840 2652 627 574 2291 647 2683 1223 2057 494 1874 934 2582 849 1199 1365 1757 1960 1754 2353 1038 1110 1041 971 43 1458 2788 1949 1922 835 785 594 1768 974 1616 2328 2491 1704 945 1004 2497 2112 245 238 84 450 198 2324 1772 2161 941 2424 2386 781 949 940 225 1343 351 2737 2585 735 1092 104 1204 482 1123 2639 1561 2772 1212 828 2242 1693 1899 303 1506 2656 986 1738 2348 1953 2179 1605 1184 420 148 1397 1139 751 2558
000881.jpg,1531 2575 819 1470 887 1585 1558 278 2509 1699 748 578 1114 1667 783 1430 1652 875 1597 1972 200 618 1752 2198 2185 4 2231 2367 2477 1887 25 1295 1350 1916 2323 1928 2187 1831 1655 215 311 2833 426 1619 428 1106 2378 952 492 436 65 1900 2478 2139 667 721 1842 18 1793 438 2334 364 370 2462 1541 2402 2356 451 2459 714 1522 2373 190 299 557 514 1009 1411 853 2412 2069 2484 988 1822 6 650 2504 750 485 372 582 927 581 2090 634 768 803 903 1173 528
000882.jpg,2766 268 668 306 5 153 1685 1150 2022 2841 2779 1711 40 447 107 501 1921 1813 2602 129 110 402 758 2502 2232 927 2435 295 2751 1326 1755 1744 1333 2220 473 2669 1696 2531 2690 2704 1018 782 1087 1923 1026 1789 657 1297 125 2526 408 290 1019 49 1674 1171 1214 22 2567 1712 1760 149 182 954 1433 214 1710 2142 1048 274 1376 628 608 324 2717 1062 1666 63 2561 403 1839 2090 1881 2046 992 1931 1623 1362 655 1692 2236 1879 654 788 496 1601 478 2632 323 2414
000883.jpg,1362 1623 2046 2289 992 1781 1312 759 1307 2669 2220 1931 2142 654 2236 1692 655 1881 1710 496 1601 2526 290 75 431 1605 1139 1953 2348 420 1397 1738 751 148 1184 2179 2558 1839 408 1439 2445 1488 1282 356 2091 296 1010 1197 165 1967 268 617 1035 368 2768 323 1870 348 271 684 270 677 2704 1262 2199 2183 2070 1843 805 1022 2794 2115 2467 2237 1771 2620 1822 1118 169 2326 1782 526 1225 580 89 2827 740 214 1942 1789 1602 1441 1143 1356 1342 2753 39 1395 346 2821
000884.jpg,191 2734 1261 1218 2241 1490 1116 2353 1686 781 1922 594 450 104 1501 944 1393 1820 2746 2290 2165 112 136 1309 480 811 1535 832 1451 259 2050 2448 418 207 1369 43 971 860 1041 1949 1204 2688 84 1243 941 662 1068 11 1379 2299 320 1532 1110 2112 2585 568 1768 940 2737 2324 949 1343 2582 1123 1586 192 331 67 906 804 2421 2498 2566 424 1011 925 1966 61 1417 2730 2107 348 2628 2826 335 1782 1866 2657 481 686 2286 1777 689 2151 1005 310 909 2592 1623 1148
000885.jpg,1434 268 1712 1760 182 954 657 1333 458 1839 1012 59 134 1486 80 323 1298 1725 2220 2669 1275 1810 408 2526 290 596 266 525 1437 559 431 313 2500 655 1692 2236 654 1799 2626 1307 1881 2164 2768 2142 1710 1439 1931 1406 1553 1035 2089 1127 2470 1555 1190 75 1296 368 2445 2179 2348 1623 1953 148 1738 496 2091 2046 420 1967 1184 1578 1605 1362 1139 1397 1010 992 995 1282 356 296 165 2558 2016 739 1899 1601 1197 751 2783 617 2827 639 2295 2413 1478 1448 2224 93
000886.jpg,851 2457 844 509 1214 22 1171 244 2169 609 2153 1433 5 2152 598 2183 2115 1591 2502 1974 2567 1162 1612 2521 2128 2435 110 1696 2351 214 454 670 1824 1056 106 204 2766 181 2162 2643 1176 63 375 2841 1632 2704 2060 1889 2589 1032 1326 2531 1019 403 2751 473 510 160 2811 1701 1061 2061 2404 2467 163 290 2810 1078 2526 636 744 1970 1789 766 1401 1927 1232 1602 1332 643 2784 255 189 1716 306 46 1659 138 939 864 1330 1883 957 132 1773 1647 1513 1161 2632 49
000887.jpg,2638 1857 1265 2134 394 2090 470 1430 1404 163 1611 121 1047 180 24 2589 426 2556 438 650 1963 2171 2002 2780 1725 2438 1879 2143 1509 473 951 1348 2818 1984 306 1295 2666 960 2478 1668 119 2032 884 82 2392 2810 2751 1059 2574 1326 1061 2404 17 1701 2022 1377 477 2178 2738 1324 1688 166 967 1339 2508 2586 2447 1270 1460 794 2466 687 2274 1411 1588 1989 1214 2567 1171 25 2068 143 22 1524 718 386 2665 2113 427 1872 638 1445 901 1431 682 988 2568 1268 569 193
000888.jpg,1595 618 2334 2462 1577 200 812 1972 2767 950 1386 1264 2231 2477 2367 2509 2082 4 1493 903 768 1496 157 1747 578 1114 1652 65 1752 1173 1202 1106 1210 720 2323 2270 1897 1916 2349 1512 564 2388 2402 2729 2556 475 2416 1767 1350 502 103 2471 783 2601 485 1323 1319 885 2667 2314 2504 727 334 2658 862 1975 2016 995 1724 1042 952 750 614 341 2072 1186 1247 2378 664 2346 370 853 803 1157 581 2321 910 98 640 1541 1822 1575 1706 1723 1984 372 2520 422 658 215
000889.jpg,2346 2790 2821 89 1356 2335 608 402 2265 2467 2070 2183 936 1022 346 1885 2326 2611 2762 2049 1281 2550 2465 2505 220 2632 675 1507 1766 1795 383 1773 2597 1161 1513 1143 1441 1543 1743 2810 1723 2237 740 271 2011 1632 1822 252 2060 2311 2285 526 1789 2199 2779 1225 805 1771 2794 1921 1942 2515 1797 1503 227 2232 1140 138 2177 1755 1405 2411 2142 1932 1056 1889 1710 475 187 1135 2289 1314 2643 994 1781 609 822 1916 49 786 1074 2841 1342 1395 1656 1118 890 744 963 2404
000890.jpg,573 1059 17 638 1445 2140 1976 143 718 1607 1834 1067 2496 79 1924 1122 2654 1242 2104 2117 2524 273 2555 193 1277 2023 961 1509 1629 2298 988 1943 2771 1373 414 2758 2685 792 2710 1514 87 2033 902 590 2752 1950 917 32 541 405 1276 30 1691 446 1467 2239 993 83 2015 1025 277 1684 1215 2271 1278 1360 1964 386 2835 901 930 787 982 432 1479 810 2727 1270 380 429 2003 1034 763 642 1986 2596 2065 127 2097 1268 2068 2614 2255 1211 2801 1301 1630 2559 955 2225
000891.jpg,1586 2544 1051 497 1261 1218 1658 2241 943 1381 1946 2170 2397 1588 480 942 595 2660 904 2133 674 1178 2626 966 2017 606 442 1878 259 1083 1574 1573 2458 2748 1054 554 1713 1424 155 1120 1148 623 2287 978 1045 1495 1033 2050 2085 1620 1444 2836 2472 1676 2732 1414 616 1796 279 1705 2708 1031 2405 1959 2454 2063 146 389 518 2684 2530 996 1882 2523 1450 876 603 906 830 1096 1948 2417 269 1966 683 1246 1678 1584 2359 833 929 630 680 591 2275 2337 2519 1393 291 1316
000892.jpg,498 1303 2711 789 2193 240 508 1854 740 602 2681 1140 2237 2765 423 2258 2041 2037 2625 1771 1998 924 1225 1568 2305 20 411 328 189 772 2770 2228 1354 1183 167 715 326 1024 1898 375 2103 350 1659 670 877 766 117 1657 1569 9 928 2086 582 1742 2281 2687 2611 753 1873 1400 1342 919 1232 1797 2232 265 1402 1314 2511 1503 2177 526 1979 1376 305 1035 871 1674 2547 2567 1097 2481 1843 1970 1378 1396 2464 1892 2778 2316 2199 1091 2288 64 1791 487 2751 1484 2764 1666
000893.jpg,1671 2535 2395 373 1180 1474 327 1997 745 2695 1308 325 586 2824 1027 374 989 2579 1082 226 845 2494 1462 2630 764 2368 2605 1006 1971 2018 2355 1786 2573 8 443 2468 556 2758 1763 1353 101 547 66 2040 584 2381 1915 615 1285 2754 393 85 946 2651 2383 2297 2347 1523 2359 2345 1863 1691 2203 1440 803 1811 2771 14 1373 879 131 2254 2804 357 127 1803 1939 2222 1982 2363 457 1832 1690 1734 2233 1372 2709 1807 922 1366 1816 1925 37 190 1524 441 2043 1257 1192 2738
000894.jpg,2725 1475 1140 1024 2687 1829 2765 1303 1797 753 789 1254 240 498 423 1596 1898 2505 2465 2136 1176 956 2464 1080 582 2468 2116 690 2434 1168 1299 752 1220 2281 96 1283 2823 1091 1556 643 824 2288 2588 859 2429 1097 506 1844 2449 265 1647 1507 1363 1378 333 181 1843 1217 1108 2435 1836 2048 1026 2760 501 1048 40 2513 1530 2265 628 1773 1780 2285 1161 163 564 2182 1513 2162 1286 2335 1912 608 2438 456 856 851 1813 1995 1662 840 2547 1824 2779 1856 1716 1696 1013 936
000895.jpg,1356 2597 383 675 220 1795 402 2265 608 2438 2821 1885 89 1023 2335 506 682 1383 1952 2808 1056 1889 1826 252 1879 2311 2404 1576 744 1061 1337 24 1701 1024 553 1766 592 2588 2574 388 1201 1637 49 1329 963 1530 2049 523 2674 815 525 1934 2500 313 559 1437 1823 1870 1688 2181 394 2274 1404 2594 1339 1307 367 337 2696 1891 180 565 1100 2055 1089 141 2042 171 847 1808 1182 2155 466 2816 1991 1844 1827 175 505 587 2283 1364 2799 2839 2467 1022 2070 2779 936 1921
000896.jpg,925 1417 804 2421 331 353 196 1369 860 1123 1344 2542 2649 1146 2724 179 2076 977 2419 1208 2583 627 2683 2057 647 494 2291 1223 574 1874 219 2025 1840 2148 2652 2084 2688 568 1532 61 74 1820 944 1501 2628 2826 192 2448 418 207 639 1787 1110 949 1768 43 2585 2737 2112 2324 971 940 1343 84 1041 941 1949 1204 995 2010 2344 2564 2676 1011 1151 2312 1627 1468 970 524 489 1486 594 450 781 104 1922 2353 2220 2669 433 2046 906 1362 992 348 26 1261 1782 1218
000897.jpg,365 1219 1077 1380 535 2314 2080 1482 1133 2263 2145 1198 648 336 909 1726 257 1975 800 620 664 1751 2114 39 1083 206 953 2519 1144 2341 1882 474 1051 516 1968 1992 144 717 1309 811 1586 2557 1871 1033 821 2463 942 709 1322 186 1393 1131 2489 855 1261 2476 1218 2241 543 1040 1424 2734 1550 1581 410 1020 1750 1680 550 1779 1186 490 2479 2006 595 610 2293 1352 554 662 2699 519 11 480 248 2299 2730 538 320 291 2514 1116 663 606 937 1714 1802 1959 2763 1846
000898.jpg,2598 2741 1346 676 1222 692 720 53 746 1431 555 2701 1055 795 434 1669 2436 1944 2294 2292 1075 2518 2215 866 2275 1065 733 1989 248 1462 1687 427 1860 261 1589 1649 2548 889 211 1904 1341 414 1443 2123 1962 2403 718 143 2410 961 380 1706 1707 1834 2499 584 1252 2015 1130 1938 2685 2163 67 2023 1833 988 823 2140 1553 742 1735 1775 2482 687 2654 2568 2771 1373 464 533 79 1499 1976 2117 1206 410 1067 399 1132 193 680 1699 429 2126 1599 1767 731 2469 1430 386
000899.jpg,2278 1447 1483 376 1987 1318 1469 214 1602 300 223 1536 1255 2338 691 2571 1274 2079 957 2092 2506 1147 2783 2269 677 1365 1960 1199 1757 974 291 2704 1083 1433 953 1824 2617 106 619 2308 354 2526 2560 290 330 2087 2048 1426 620 2811 1880 2712 387 2531 466 474 1802 762 2427 2708 2115 2135 2153 2569 2203 550 815 1016 216 1635 2807 2253 759 1875 1941 2279 1540 2534 1967 2842 598 549 212 843 2099 1715 348 1117 2502 1362 1623 2827 1176 1312 2046 209 992 2720 1615 621
000900.jpg,1182 2696 141 1808 847 2674 1991 2155 175 367 316 2799 553 1934 1248 1164 2597 1952 2808 2181 1314 1844 1383 2594 1023 1827 505 2283 587 523 1637 1329 1024 1530 2816 2311 815 252 1889 49 592 2839 1339 1056 1364 559 1437 1870 466 525 2500 171 2574 313 1576 337 2588 1061 744 1701 2404 383 220 506 565 1337 1766 963 2055 675 1795 1823 2164 1563 1879 1089 1100 1404 2274 1688 388 1891 1201 401 1503 2177 1716 2438 160 2105 419 1970 2508 561 1743 1435 2042 1932 1892 499
000901.jpg,2396 2052 2814 2230 959 2552 644 2442 2188 2507 1651 997 2191 239 139 1787 61 192 934 1852 1464 2382 1076 2248 948 2089 1937 2813 2448 849 653 1703 418 207 81 2498 843 2712 1977 2445 726 999 1282 356 2830 521 637 209 1866 335 689 481 2286 2657 1777 686 310 2688 568 1532 971 84 2324 1041 1110 43 1768 2112 940 1204 2737 941 1949 2585 949 1343 2125 732 804 2421 1369 331 944 1820 1501 860 2353 1616 785 2788 735 2386 1772 1458 1038 1754 2497 2639 198 594
000902.jpg,1307 1931 2142 1710 654 1881 2236 1692 1839 655 2526 290 1738 2179 1184 2445 2348 2558 617 751 1967 1397 420 268 75 1605 148 1282 1139 1953 1197 356 1010 2669 2220 408 165 368 1781 2091 1601 496 2768 323 431 1035 1439 296 1362 2046 992 2289 1623 270 684 2115 2827 1488 596 2620 759 1296 168 2500 525 313 1563 1899 1312 559 348 1437 1313 621 2021 1275 1012 2580 1725 1127 2199 2470 657 1486 2051 2164 1555 2089 1190 805 1022 2794 558 2569 1434 2250 1789 677 1902 2704
000903.jpg,2454 1231 1778 48 1673 1331 483 218 111 2195 488 1476 1614 1745 2545 1226 2714 2756 2034 1533 316 2394 1105 2523 94 2190 2745 490 1178 2802 1134 2243 929 1132 2300 243 2530 996 2095 416 833 1895 2472 683 1584 269 2417 630 2443 442 1624 1407 100 2202 413 666 540 1729 1719 616 1620 1796 407 1370 1109 777 674 1003 1926 2774 825 1416 118 2170 1948 1731 1523 1946 1538 76 2021 2489 1846 1246 1186 1713 2534 1878 635 1096 1574 1728 771 2023 389 2119 312 1955 2017 591
000904.jpg,315 70 386 2622 2304 1834 1390 461 2757 2818 951 2409 1195 215 359 601 816 2282 718 143 1928 2663 1753 2 1594 2653 1809 145 2319 1986 1125 2596 2731 790 2529 1549 1684 254 2175 2140 2719 2298 1976 211 2710 1514 1851 1769 792 1257 638 1509 1924 436 1252 30 2185 2496 923 2685 982 1215 930 1479 2015 2117 432 763 2727 823 697 1516 405 1964 2097 2614 2065 1211 2793 2255 1137 2219 1115 2163 2221 414 676 1630 1394 1049 1521 127 2379 1175 164 1721 1903 1522 1557 1759
000905.jpg,847 2674 2696 1182 141 1808 367 1934 1383 2597 1503 2177 553 220 1952 2808 2055 675 523 1870 525 2181 313 1337 2500 559 1437 2574 337 2594 1023 1827 587 1404 2283 505 49 1339 506 1844 388 2799 1766 1024 1201 1061 815 466 1089 1795 2404 1637 1688 2588 1100 1329 383 171 1741 1701 592 1823 565 1991 1879 2839 744 1889 175 2311 1056 2816 252 1530 2274 1891 1364 2155 1576 1314 766 316 227 2164 963 822 1563 1376 1164 401 2199 2232 1248 2438 1568 160 2531 1829 2501 2042
000906.jpg,1713 1178 2262 1620 1200 2397 852 1946 616 1732 1796 830 996 2530 332 2227 256 1495 497 2451 833 1449 1676 2196 942 355 2453 2802 1431 2131 2523 269 591 1053 1794 1311 78 673 2170 593 302 340 176 749 2786 21 2549 2029 908 291 2350 1586 1812 1548 630 603 1580 2417 434 929 683 1584 442 1588 2518 2743 1033 825 2331 937 2675 943 1450 979 1414 2732 2300 2487 1587 1407 1002 237 1718 1119 784 2538 2544 606 392 154 2063 441 1719 866 555 1878 416 1850 743 681
000907.jpg,2417 683 685 229 661 1548 2180 47 2213 2030 2212 1327 2343 2268 2422 2194 459 1727 205 2317 1698 1790 1914 1990 2791 2118 1645 1560 2642 663 511 2428 1714 1865 217 122 1188 1015 576 2648 1469 577 1610 632 1227 1936 195 2096 2446 491 269 2372 1858 1571 2523 2623 1894 2202 448 2100 412 1981 1800 2781 288 2745 2190 1828 1584 2135 1567 1533 2707 1178 2714 1991 1838 973 2352 1618 2721 2253 600 2650 1237 444 2662 2713 2340 423 51 317 1604 2095 2071 71 777 2260 935 2820
000908.jpg,2093 1337 2796 2330 394 553 530 1118 2613 1266 2011 2289 1952 2808 1058 499 548 1338 446 2692 2840 741 1047 2273 704 2739 2616 1249 1555 2205 1446 421 1930 707 1663 1009 837 2484 801 2155 2612 1112 885 295 2371 2253 912 1497 1159 2412 2659 2392 1270 656 41 2833 1435 90 1095 1240 220 2834 1575 1101 857 2591 445 228 2590 1355 2776 1375 2255 342 262 2614 746 2224 287 2597 2844 2619 2229 77 2839 1307 2036 748 391 1383 1637 1329 2206 2401 427 2071 1264 1994 2399 2366
000909.jpg,683 2417 1645 2212 1327 2343 1181 2714 2180 47 1990 1392 1548 2609 116 2422 1698 1936 2372 2296 269 2781 2523 1800 1714 1224 288 663 1178 2662 632 2100 1618 2340 661 2023 2194 2428 1584 1237 2713 2268 2352 229 511 1567 685 1571 1991 2721 2650 2030 1894 1560 459 205 2213 2623 448 2648 1790 2253 1015 1610 2118 1469 1865 2791 1227 195 2317 2096 1828 2446 1981 2472 1837 1188 217 2642 2675 600 122 412 2135 491 973 2707 1533 423 444 1134 317 591 1416 51 2530 996 124 1604
000910.jpg,1976 2140 2117 79 1242 2104 2710 273 1514 1122 2524 792 930 982 1479 432 1834 1684 763 2298 143 718 1964 2496 1924 2015 193 1215 961 2614 2255 30 638 2727 1211 414 1509 2654 988 2685 1373 2771 405 2097 2065 955 2225 2559 969 2755 2001 1049 1521 2379 461 901 1539 1516 557 1851 2003 2221 277 2319 2722 513 1252 1256 2793 2068 1546 770 1268 2757 1445 573 2444 1216 1769 1209 2517 127 1630 975 386 1067 7 1058 579 25 2618 2333 1833 722 1112 2818 951 1270 429 1793
000911.jpg,402 936 2467 346 2821 1921 2611 1755 1022 608 1507 501 2505 2465 786 2265 1026 107 1150 2550 478 2070 89 1356 1048 628 2779 2632 2183 758 129 2232 1813 1632 2060 2335 1378 2766 2765 1143 252 1140 1885 2311 153 1685 1441 1161 1513 1773 1771 2285 2177 138 1789 1503 2326 1612 2414 1177 1395 430 2841 447 526 271 2061 1225 2237 2199 805 2794 1822 274 2515 1303 187 2011 1342 1781 2429 2690 740 782 1018 994 1019 890 1074 1656 2602 1135 63 324 1062 788 1942 2289 1736 1896
000912.jpg,2104 1242 1122 273 2524 79 2140 1976 2001 2755 969 2654 143 718 1539 193 1373 2771 2117 557 2319 961 988 277 2722 1684 930 982 432 1479 2710 792 1514 955 2225 2559 1215 763 1211 1834 1964 901 2298 513 1851 2003 1256 2496 1924 2727 2614 414 2255 2015 770 2065 405 2097 30 1209 2685 638 2517 1769 1445 386 1154 512 1509 429 1833 461 25 1067 898 1049 573 2658 2379 1521 492 380 1270 1793 912 803 2226 1925 2731 1863 2723 99 2363 1982 2719 1440 1549 2844 579 2618
000913.jpg,199 1490 1148 2276 1045 2200 712 972 1253 2344 1627 970 2676 489 1717 2010 524 1151 1775 1468 2312 2564 760 1499 2078 2376 321 2329 1172 201 2309 161 1901 2606 2769 965 1388 2165 404 1160 882 1236 2380 1518 2826 2628 417 2668 2307 2670 2480 178 1453 2020 260 769 1010 1313 1422 1197 2267 283 896 347 437 1233 2512 2362 2035 1747 671 767 1819 1864 841 1578 1496 191 259 1379 1243 1068 1897 532 2028 1784 1886 2151 2038 2076 2592 1208 1054 2724 2649 2419 1146 1344 977 179
000914.jpg,1311 673 593 749 937 709 186 340 258 1890 1131 2364 78 302 176 21 1794 112 2350 2290 2746 2151 2549 291 1705 1033 2085 1779 2458 942 2730 606 332 2341 554 1959 2227 1309 1676 811 2815 881 1946 1005 597 1398 878 743 681 2686 1393 417 2451 361 62 555 2165 1079 2786 2029 800 2702 2518 1718 893 1267 2423 292 868 142 1966 2078 1053 1586 1888 410 2732 821 365 1414 248 1636 1535 832 434 2267 1133 1686 2006 378 1490 2251 1379 1068 1243 1431 1094 191 2514 2843
000915.jpg,1811 1090 1694 793 922 2807 448 2623 570 2058 412 2192 2254 357 443 2595 2648 1765 1502 510 2128 1194 37 2094 636 1078 764 2551 2284 719 294 2008 2018 495 1474 8 2146 2326 1524 1205 1471 1060 2473 1790 2461 1981 1727 935 1259 1991 642 2820 167 2222 2071 685 2571 2437 2096 419 2816 556 1661 1182 1188 2340 1936 2643 2189 459 2168 1625 38 1034 1626 160 2799 2308 2554 2555 131 2642 619 1277 2317 2662 2372 576 2176 2641 1517 397 728 55 736 476 217 230 1859 122
000916.jpg,2744 424 2566 1578 2315 2503 398 767 671 2728 2838 67 86 1485 1473 2583 1172 1703 161 2485 934 835 945 69 1110 1388 627 959 2328 849 238 2769 1772 2606 2148 173 1506 2491 1458 2652 2424 2084 2552 303 2788 482 2386 941 1212 225 219 84 2025 785 971 404 2324 245 2309 1901 1113 1768 1187 2585 2230 940 1864 1616 201 1886 1204 198 1704 2112 965 735 647 2291 43 2497 2737 1092 1819 2161 2639 1004 494 1874 1343 351 2683 949 882 1840 2057 1236 2380 574 1223 1754
000917.jpg,1041 1949 2112 1643 2737 940 1343 2324 949 1204 43 2585 971 941 1110 84 1768 2353 450 781 1922 104 594 1123 2582 2084 2057 2291 2583 2683 574 686 627 647 1777 2148 1840 1874 1223 494 2286 2025 2657 2652 219 1866 310 335 481 689 146 2475 1899 2107 1488 1561 1371 1708 1347 1121 934 849 61 1170 990 1720 126 848 1821 865 1107 2624 1235 688 297 1845 1340 1908 284 1830 931 725 1703 723 168 2470 702 539 1359 2149 2678 1038 1754 1616 2639 2248 1592 948 1464 2328
000918.jpg,1989 522 380 99 1863 2722 988 2363 1982 557 1129 114 2460 1793 1619 2706 25 626 2532 750 2362 887 1582 211 2387 823 1430 1531 1699 2469 731 1599 2126 2163 2185 601 1295 2663 399 2240 2 1154 512 1390 492 2219 1137 2757 2577 1872 1660 1406 1721 718 4 143 1211 1209 2723 2121 2090 2064 2302 73 1372 1832 1834 2658 841 2003 429 193 1928 276 1842 18 2509 1480 513 2771 1373 2636 1769 1411 1628 2622 1037 2187 898 2319 760 1440 2350 1925 208 676 1784 578 2731 121
000919.jpg,259 2050 480 1261 1218 2241 1148 1045 1203 966 1616 713 2491 1754 2592 2328 2788 1772 2498 1038 945 1458 2497 2688 1344 2386 944 238 351 1004 198 835 1501 225 2639 2542 1704 568 482 785 2161 245 1820 1532 2660 2724 977 2076 904 2419 1146 860 1369 1489 2424 2649 2133 1092 735 1208 179 2544 1424 2052 458 75 972 2814 128 1787 2200 2287 826 1054 2836 1444 712 906 11 2299 320 662 191 1490 1639 2393 2583 627 2683 2025 2057 647 2291 1223 574 494 1874 2148 219 2084
000920.jpg,1752 1652 2477 2367 1545 1688 2231 4 1430 607 2090 1826 1411 1531 1582 631 1295 2584 473 299 121 306 2833 748 278 200 1711 249 2717 304 1213 682 1012 202 1157 1699 2273 2069 887 2751 1326 2022 1879 1404 950 626 2556 2762 2134 1972 1613 2666 2589 1202 1265 1141 2198 1793 2575 1210 1009 2412 1585 2484 25 2002 2574 1984 2455 119 2178 2658 264 2349 157 819 2416 1470 2316 2810 1171 1214 470 22 2185 1667 2567 2404 1061 2509 1207 1701 1799 2389 2169 1989 2274 2139 1339 1810
000921.jpg,555 62 361 878 597 176 302 78 1398 21 258 2423 2415 2217 142 292 893 2600 332 743 681 2085 1794 340 868 1890 2786 1762 1888 1053 2029 2451 886 1492 1980 593 673 1311 749 2549 866 2262 417 709 2074 186 1718 1131 2518 747 1079 112 2290 2746 2165 1267 863 979 2364 2227 1431 1256 937 634 1546 2350 1705 289 130 2607 579 2416 1054 2618 2568 802 36 2702 427 2198 1588 1030 318 1073 2151 2078 2658 1154 2517 883 1036 1211 512 25 2723 513 2015 1793 1065 1209
000922.jpg,1212 1639 2393 146 1561 767 1123 2744 1185 624 398 959 2678 934 1670 2503 1703 865 1113 1041 2353 2230 971 43 1110 1255 1949 1199 1365 1768 1922 2112 2552 1960 849 2324 594 84 941 450 1757 940 949 1343 2585 781 653 2737 974 1473 1733 1204 104 1464 2580 948 2248 1937 2382 2813 2728 909 320 1754 1038 69 257 338 1969 2299 1726 1466 838 1170 1347 882 1866 1511 2788 828 2315 161 152 1864 2763 45 1738 1172 126 2348 785 1458 1908 1953 835 1236 2485 1391 689 2380
000923.jpg,1182 1117 1970 2708 699 983 793 1981 2202 1996 2461 1090 2745 2190 777 922 2317 1811 1259 1606 935 448 2623 412 175 1702 2096 218 1790 2308 1991 1060 491 1248 757 1880 2534 2613 38 1694 60 419 2437 510 685 1936 476 2095 2105 459 205 2164 68 141 2696 2144 2842 2684 2279 1463 64 1447 1533 1083 734 1003 2807 1927 382 2135 1032 2805 2637 619 1993 1502 2128 115 1563 2071 316 766 843 778 1164 499 649 2721 2261 1469 669 643 94 2799 2100 561 1852 1808 217 2648
000924.jpg,2581 1193 1358 1086 880 242 1377 991 1348 472 798 1758 2691 1421 158 756 884 641 2456 170 1196 58 842 2004 2694 2206 366 1665 583 82 2127 1432 1345 2355 2703 514 267 2053 588 2327 2740 2659 888 1576 1638 1590 2047 1494 2468 1291 77 1452 1551 1238 2418 1477 1664 846 210 280 895 93 470 1675 422 282 1279 857 1861 228 796 438 560 1124 2662 891 1351 2072 1420 1289 1043 703 24 1859 604 150 287 1509 2184 2461 140 1868 720 1724 1272 667 1334 2374 249 428
000925.jpg,2080 535 1040 821 1144 1482 1198 2678 1802 610 1033 365 1968 1424 1634 1393 605 942 1219 1992 1133 1077 2314 2763 1051 1120 2145 1959 855 2519 1318 606 717 2476 554 480 1073 2544 2660 648 1031 595 474 206 2830 2263 2102 435 1261 1218 909 2241 1131 1726 1309 257 1586 1975 811 2050 1966 1705 2748 1380 1444 259 144 2836 620 2341 159 709 800 1750 336 186 2114 2492 876 1946 904 1054 664 966 1914 2287 2425 2133 2463 410 439 1148 777 1045 516 291 1581 39 1020 538
000926.jpg,1489 1473 1011 45 2393 1639 137 1592 1917 1464 2382 2248 1937 2813 948 653 69 689 1866 335 481 310 2286 686 2657 1777 1347 1170 2230 959 1121 1703 2353 1708 971 2552 1041 1110 43 594 1768 146 104 1204 2737 1343 949 2112 450 1922 940 1949 84 781 941 2585 168 2324 2130 338 1466 1391 152 1899 934 2386 1458 1038 849 1754 198 1616 1704 2788 785 1004 2497 1772 351 2424 735 2025 238 835 2652 1852 225 245 945 1840 1092 2328 2148 2161 219 2084 2639 2491 482 647
000927.jpg,1839 1531 1553 1715 2561 654 1881 2236 655 1692 2349 741 927 2051 1711 748 684 1975 799 2556 2019 1439 475 1931 1434 1938 1010 1197 2690 2387 1312 431 522 898 2220 39 268 782 323 1018 2669 1549 1822 165 368 278 75 2219 1738 2193 1137 2179 1184 148 420 1397 2348 2558 1605 80 1087 1139 1953 751 1298 2526 2091 617 296 1815 290 2203 2768 2445 1362 1035 1623 2046 992 1710 496 2142 1601 1282 408 1967 356 311 2778 1124 276 1162 875 117 1160 2427 1902 1037 2289 739
000928.jpg,2614 2255 638 1509 17 1059 2496 1924 1976 2140 2796 2298 30 2015 2068 1268 446 414 1301 1834 2333 427 722 1252 2117 573 1431 2685 536 912 2482 342 2844 2818 2399 951 405 127 741 889 792 1514 500 2710 2731 1619 763 1445 1684 1216 234 2444 1925 2793 7 1630 1264 1049 1521 2379 1211 1964 41 311 961 1215 930 1278 1546 982 432 2108 1479 1058 2727 901 79 2196 2654 2640 143 718 193 461 2097 2065 1516 1956 1067 1571 2246 2221 157 1735 91 988 1112 1833 1986 729
