imageName,Corresponding Indexes
000001.jpg,1616 647 2639 2737 949 1343 1458 84 2220 940 310 1011 2652 1949 2683 941 2242 2353 2386 1532 2161 2424 1772 2582 1092 1819 198 1704 2084 1787 1754 1874 74 152 804 2025 639 148 2291 524 865 1643 2112 1437 2315 2669 331 1820 494 1204 1468 1223 1901 944 207 2688 43 2057 2421 2324 482 1768 225 594 1038 1840 835 489 2724 2566 1693 1864 496 192 481 909 2149 1004 2309 75 2526 1208 712 335 238 2761 196 146 2744 627 1417 1172 1563 2497 353 2046 1041 168 945 992
000002.jpg,1456 411 1284 809 1145 968 2044 2101 1910 1052 1188 1305 808 877 2627 2528 2774 2081 2681 2573 2370 567 2411 2027 224 2689 2790 1823 1461 1934 1644 2799 1891 367 922 85 2789 897 1865 1741 2594 2012 2237 118 31 2083 1926 698 1102 924 2306 205 2098 350 167 2501 890 602 599 1042 1781 1729 1353 1791 328 413 1991 449 2221 813 2711 1656 987 1400 326 1624 2264 2313 871 33 122 2103 2095 1533 586 1942 1935 2041 468 2747 2193 2770 1883 2305 2310 1082 1677 1429 2625 705
000003.jpg,2548 775 2354 1849 311 2125 2615 743 2039 1269 1443 1977 2462 2036 1904 2123 1485 80 2686 1075 424 1871 1529 1733 667 2413 261 1298 2408 876 1179 2390 1296 1518 1187 1613 999 2286 2698 2215 558 1207 2384 1648 1004 2056 878 857 379 119 1867 1776 2371 970 2329 2586 1830 707 1651 2038 1722 184 232 597 2447 2566 2503 720 1589 2016 1767 2332 2069 662 2108 2451 1945 1448 1434 2227 689 520 2250 1264 2509 19 843 1810 723 157 748 1601 2783 875 1814 86 2614 1864 2786 746
000004.jpg,689 785 2498 2188 335 948 482 207 2657 245 1458 2386 2025 1092 1123 61 2813 997 2814 838 1787 2724 2396 2448 2678 387 653 192 296 849 43 686 418 139 1777 2503 804 1949 2382 940 1726 179 647 835 1343 1651 2424 209 148 2582 1437 2683 1937 1110 2315 2230 949 1076 2286 2248 1204 1866 84 2737 1016 2052 310 2744 941 1703 481 971 644 2442 1464 2130 494 2161 2652 81 2125 2639 524 225 338 1223 1772 2112 1038 1901 1852 2649 2084 1874 1532 2220 1433 2688 2566 1820
000005.jpg,1859 2521 1487 1996 2213 1694 1771 2721 204 2449 495 2422 1228 1764 510 2700 457 2648 20 412 2234 1104 561 2565 38 1843 1727 2707 793 1304 122 465 2229 1785 2547 217 167 683 1638 2781 1736 715 2058 8 37 499 2450 2190 439 1524 1277 1556 1416 2180 719 1060 2168 1471 1836 2523 2308 1006 1540 2335 210 2571 2466 736 777 255 1543 2611 2825 230 64 2159 2285 576 2714 1990 1220 2712 1797 1021 2239 2595 46 2233 2360 1640 2481 2030 1341 1069 476 643 1500 95 649 2192
000006.jpg,1656 2790 2764 2433 2682 2011 2411 1644 2545 2634 1926 2034 100 1228 1141 1543 2358 2515 110 951 675 805 2426 1873 1374 1755 400 2570 1552 1883 606 1743 2839 2661 652 556 1104 113 873 1028 2510 2265 1771 138 1405 1919 1507 552 444 1356 1329 987 278 2300 817 1314 1441 1764 2550 445 2795 2375 2070 2171 2584 2817 2044 2721 2335 1513 2840 1282 2326 271 786 1690 1161 1921 2234 963 1140 1942 187 892 221 223 463 402 2708 1307 2781 840 736 645 1143 1725 217 674 1319 1150
000007.jpg,1938 2380 2267 1553 1122 1769 2117 437 763 2276 1499 1160 2702 767 2723 2556 1430 2777 1599 2818 1256 760 1699 522 1753 1233 889 36 1399 2015 123 1037 1549 1531 951 875 2126 2719 2074 731 1443 2478 2349 1833 2469 380 841 916 99 2134 25 1684 982 2226 887 1555 566 1137 2722 1721 2387 492 898 2363 2654 1793 2833 2568 2364 1492 988 1886 2139 429 2772 961 557 193 311 2026 930 1373 513 2038 1252 718 2633 741 2778 901 823 853 2108 1956 975 2072 1976 1440 1652 432
000008.jpg,1114 2471 848 578 768 522 1553 931 1845 990 1908 2320 1830 1107 1839 1810 2624 1323 103 502 952 1531 2509 485 702 1406 293 1310 614 1821 2478 65 841 1340 2378 1413 748 126 420 2328 739 2462 601 783 2601 1608 1886 903 1298 75 1613 1769 1967 1235 114 1578 658 865 2150 1361 589 1721 2561 618 887 2772 1720 727 1354 2276 1165 372 875 251 2532 1916 1312 1389 737 2380 1397 655 1207 182 1236 1434 995 270 2533 962 1430 2520 664 284 2072 303 2656 12 247 640
000009.jpg,871 2228 602 924 1998 1942 1979 1184 487 508 2103 2625 2193 772 1225 2359 1681 1659 1010 220 167 1654 2770 933 1423 1677 1400 1508 1742 545 2086 2303 2060 1853 972 2037 2203 701 542 1695 117 337 1408 9 1641 2259 1111 1042 919 2049 2361 531 444 2573 2661 425 1668 2499 2014 2782 460 1000 277 2369 1893 104 111 932 235 1287 322 2305 710 2567 1962 1974 1354 1791 2109 1739 271 505 2664 2600 54 1335 2789 1644 1502 2790 1954 326 2238 2027 1707 2439 1883 1302 498 1384
000010.jpg,945 1236 970 1578 2148 977 1840 1344 75 639 219 2084 2312 1004 2606 524 173 489 74 1092 2491 2724 1468 2328 1172 179 2324 865 2050 712 1901 1123 2421 283 841 1704 1754 2309 201 1819 1772 941 1864 2566 826 1038 2769 909 1643 2242 2200 2161 906 2542 1874 2035 404 2149 1553 1532 2669 2497 2315 2112 84 804 972 627 2826 904 1298 2424 1787 940 1223 1041 2386 2353 2250 1490 2737 2688 2683 1343 259 1458 2291 2057 494 1908 949 1949 735 2220 647 1733 225 2564 2652 2639
000011.jpg,2311 1889 274 608 2632 1507 252 2779 1685 1150 1568 452 2061 107 63 2232 1892 402 2022 1970 936 403 153 2550 1177 2404 628 1378 313 149 1048 1214 2821 1530 753 501 1612 2414 2604 40 1062 129 478 397 138 2398 2285 22 2176 1019 1356 456 55 668 2794 1056 1923 506 1662 2465 2505 2717 786 1503 1026 552 2708 1022 758 204 268 346 840 2810 1472 1104 1785 782 2832 324 1232 2588 864 1921 645 2429 2766 2265 2037 363 1008 788 400 1078 1712 1171 295 1736 2841 1896
000012.jpg,567 808 2098 345 507 1791 246 1978 897 834 599 85 2537 2511 350 1047 1305 2452 1584 1621 1134 1181 2627 1119 1624 2023 722 30 2065 638 1873 1729 2246 2747 2692 2545 1547 33 1270 2501 827 1512 2648 1167 2310 1099 1533 2551 928 813 2573 1719 2822 666 1926 871 665 2352 1429 147 1934 2239 71 958 7 1828 88 205 2068 79 1514 2481 1677 1657 162 1112 449 1355 536 2097 2045 91 2103 1445 612 2839 2411 2095 2041 2034 416 2619 987 122 2296 2031 2131 1673 2539 483
000013.jpg,1004 2566 1458 1236 970 2112 1298 1772 804 1787 941 2386 482 835 2291 2744 2737 84 1733 1223 207 940 1343 494 2025 1949 43 75 2250 647 2421 2324 2315 1704 1092 1874 2220 1754 1038 1819 2084 639 2683 2161 1578 865 2724 2424 1864 945 2125 2328 1532 949 2148 1840 489 524 2582 2242 74 2639 1468 1437 192 627 2688 1204 2353 2652 2149 1643 689 2057 225 1041 310 1123 2669 152 331 1616 1901 2036 2396 2606 196 2542 2312 909 219 713 1726 2475 245 1172 2503 977 948 1110
000014.jpg,75 655 2669 995 2656 1298 1004 1839 2462 1830 640 1601 420 2036 1733 1312 1692 80 2149 2250 2526 713 739 2328 431 865 1810 2509 1578 2220 751 1179 1908 331 1236 1434 1768 247 1197 2542 159 2016 970 2728 1820 2150 482 1789 617 927 2242 2566 270 688 2334 2561 954 860 404 182 1107 1643 684 496 1417 941 783 2309 2497 910 702 1616 1845 1693 841 1114 39 781 1397 128 502 723 1146 323 13 1501 1881 2322 169 335 1931 1035 2236 2378 539 2761 266 990 1775 1041
000015.jpg,393 2630 462 1090 2754 2254 2233 1734 2383 1517 357 2605 1006 495 1626 2159 1523 2192 2368 2823 2136 1244 818 2360 2780 575 1382 2820 736 2234 8 443 1765 457 2733 2752 2651 1194 1069 37 2555 1416 2758 32 38 1259 167 1467 2326 85 1763 1278 1690 1169 2805 793 1027 1082 1474 187 1941 1028 719 2174 1308 1372 1014 2347 2297 556 794 724 752 1034 586 2501 1859 1727 642 1669 279 1538 771 1060 1500 2284 570 448 1811 922 1260 2372 2018 678 2709 2058 2684 1096 294 993
000016.jpg,38 2461 2212 1327 2180 34 2523 1859 1804 499 1034 1072 2662 2372 1224 2721 1727 1838 540 2801 683 1524 1604 47 1276 2714 116 195 793 2202 210 1790 1060 2422 57 2189 1277 2058 2547 1713 1181 1278 2733 1607 71 2190 1990 700 1043 1136 2192 2609 2545 2648 2555 2426 457 1341 2472 1811 1392 993 642 1734 1714 1538 20 1694 590 465 2268 2254 2174 2296 2196 2466 1447 530 1355 2700 1837 1828 1981 2343 2033 88 2071 575 1116 2752 2835 2260 1069 2166 1580 1861 1382 1943 600 2758
000017.jpg,1436 2218 1504 399 755 2655 222 2071 1933 1766 174 694 2387 173 2636 72 1779 1420 1872 1415 2671 2342 1160 1412 2051 841 2378 691 1038 208 1957 1623 123 1250 981 738 1439 1754 2362 2197 938 921 633 2009 1839 128 711 2421 2775 964 2172 368 2302 1668 2028 1784 713 2055 2366 1512 172 2532 1165 731 347 2628 2328 1010 1484 1700 194 1711 330 532 191 1969 2533 750 1989 4 73 1511 1243 126 1510 2279 2031 1740 2276 2677 286 1617 2064 2150 2003 503 726 99 2837 1519
000018.jpg,72 172 768 1107 1165 1769 532 522 633 1721 2028 760 173 2051 841 2622 2379 1908 763 931 485 578 1310 1759 293 126 875 903 12 1137 930 1250 123 2054 1851 921 2532 1845 738 1390 731 767 1967 1499 399 658 2328 727 1415 1160 1555 92 2038 1439 2150 923 2533 2421 2108 2276 1233 380 73 938 1635 2349 2378 887 2172 1114 1557 2722 174 848 579 1964 2778 2387 437 208 2219 981 1418 2380 1516 1368 99 1531 2499 1886 1519 1821 2009 932 1957 1399 1154 839 1175 1779
000019.jpg,965 2470 1627 2028 1563 231 2552 440 1288 1172 2076 2148 1486 1710 1437 2716 1391 238 4 2660 618 433 171 815 458 1975 1775 2500 11 2574 1313 28 59 1253 621 2753 1909 1151 2035 139 525 674 1307 1146 481 900 1208 259 1148 559 1870 152 1127 450 1347 539 474 1961 1518 664 2287 1821 2089 1519 909 2314 2503 1704 2688 1468 1720 2191 1011 1339 2099 168 1371 201 523 1725 1726 1352 2021 297 723 2678 2592 2819 303 2164 2396 49 245 934 1364 1819 1901 1830 1767 2686
000020.jpg,273 741 2226 1122 2104 352 2818 2654 1514 1539 2529 2556 1939 17 30 573 1938 2255 1684 638 1270 342 1520 2710 143 982 955 2097 1047 697 1215 988 1058 2771 2833 79 1373 787 961 551 1445 718 916 2455 792 147 2466 1834 810 951 193 1349 1324 2298 2139 2271 975 1440 166 1266 2225 1067 1252 2778 1509 2444 2015 2524 2517 930 1690 2246 2208 2727 432 1793 1571 1952 2117 2392 1037 1924 386 2026 78 302 893 277 99 2755 600 2723 1699 1242 1976 414 1181 1791 901 1430
000021.jpg,1899 815 732 146 1488 1199 1365 2526 2531 2435 1433 1738 331 2115 310 1185 2669 1918 2048 1139 239 2220 974 148 481 1019 1127 1953 2141 1692 1605 1987 2639 647 335 655 1616 1602 1693 2827 1486 2025 1777 2761 2580 2427 653 323 1768 1437 849 654 214 169 949 61 2768 458 137 2737 247 1343 300 2230 1866 2448 1563 270 356 2582 2678 1802 245 2242 482 574 139 2382 1937 238 1204 2720 75 621 609 2838 290 296 2179 785 2569 1255 1639 2716 2348 171 2424 1172 225 2657
000022.jpg,94 2733 1517 2555 2317 2190 230 2268 777 2058 1538 1277 1353 922 2239 88 1382 60 462 1790 1278 1950 993 20 1305 187 1996 2605 1069 2758 1626 32 1734 2754 2547 724 2254 1727 599 38 2192 1341 2802 2417 736 575 666 1259 2525 2073 1919 2106 2167 1226 2805 818 562 1690 2551 328 2159 167 2501 2326 2745 1093 1028 1476 1188 1467 1286 2651 924 1314 2368 122 357 2449 2360 2780 2752 2684 37 2627 2750 1194 2437 147 1941 495 2201 457 1898 1629 2222 2234 1745 530 902 1447
000023.jpg,2695 2383 222 373 2395 1786 1687 2494 1504 584 2605 1462 441 327 1474 2679 845 2535 177 164 1120 1523 1324 226 2829 393 2824 719 1010 1082 1671 325 745 1436 211 1763 2218 1997 764 1816 2655 2284 1971 1308 1027 547 1903 1915 174 755 1250 2018 8 2631 2589 2771 1353 369 914 1577 190 1480 1460 946 1691 156 989 2754 615 2040 101 1077 341 1006 2579 474 2381 1750 687 818 1157 1982 374 586 321 1380 2653 2264 1180 694 2524 1090 2630 371 2512 1075 1900 495 2020 2573
000024.jpg,313 28 59 1376 2021 1339 1725 119 523 2574 4 401 1870 1563 1710 330 525 2470 2164 2660 2028 1808 1752 1657 1701 1961 2274 1486 141 965 1296 1151 2438 408 2716 1839 2552 674 815 11 2753 466 348 559 2076 847 1975 1288 2389 26 1775 2819 49 1313 2089 171 2191 1369 1984 2361 1627 1545 1448 1172 48 2055 900 2099 1741 621 383 1437 368 238 354 2035 2091 2500 1307 2674 2370 458 2148 139 1208 24 1404 1190 68 224 1146 1417 618 1881 860 388 1789 607 2142 1955
000025.jpg,1677 2625 754 377 189 504 715 483 1015 772 2103 766 1569 1091 2756 240 1998 491 2715 1032 1898 2313 1610 1463 980 28 777 928 1884 2627 2687 326 1275 1367 1231 2060 761 2317 2190 2216 1996 2335 2118 1070 2041 1657 1791 444 31 2037 2303 1088 1858 1263 1533 2534 122 924 2812 1461 808 2239 2042 1644 1283 2249 64 1109 118 679 2369 2086 871 983 2711 1502 1673 1984 205 2569 1042 757 2361 2747 1892 328 2668 503 1606 2179 1562 2195 235 1920 2789 367 2696 789 1935 2791
000026.jpg,1441 2827 2105 2467 1282 255 216 2690 356 2252 1176 2089 1022 1955 1885 805 2441 1795 2794 2427 239 2191 1639 2265 2199 2164 290 49 2708 1395 408 1117 1330 402 2611 525 68 1164 1856 2230 872 1356 1774 1937 1743 1543 1970 699 363 596 2091 2842 1018 271 1464 643 346 296 806 52 241 2507 1433 139 948 1003 1781 1019 132 2597 2438 1135 2283 1376 2248 1076 376 655 2821 1262 181 2285 1481 335 2825 120 637 815 1503 2440 534 481 61 1332 2445 782 2505 2465 963 609
000027.jpg,2291 627 2057 1772 1004 2112 941 647 494 2737 2025 1343 1874 331 2683 1949 940 1787 1223 84 2220 2386 804 1819 266 1236 2639 2421 2324 43 207 949 1704 2242 1616 1437 2583 2652 2161 310 2669 1754 1038 865 2424 482 75 2148 2315 2353 2312 283 1532 1041 1458 2566 2084 1864 2688 1092 225 1820 2149 1643 152 826 2542 2582 1468 995 639 1204 909 524 489 1840 74 970 2724 835 192 2396 2606 148 574 1901 1011 1172 496 198 450 238 2250 613 945 2309 1726 196 735 2744
000028.jpg,910 1121 330 2378 1016 2520 98 2583 750 334 2210 238 1875 781 865 1570 2592 2693 938 1635 1084 2421 290 841 1170 776 1454 549 281 2088 2534 475 196 1967 1094 1643 503 1715 2099 2718 835 173 270 458 1541 995 266 212 2561 283 1708 1532 578 354 1114 1969 1754 2479 13 848 1038 1250 1501 640 2471 2064 702 713 522 2236 1704 1402 2242 2813 1692 627 126 546 1083 2328 1711 738 353 1820 1582 1577 1768 159 1511 1874 1957 874 1961 941 949 944 1911 2683 909 550
000029.jpg,2288 1293 1097 1818 159 2062 1683 737 39 2601 1603 475 502 2281 2114 546 206 334 1335 343 1084 702 990 270 2561 275 1235 2471 285 1912 1340 372 103 1323 848 2624 1972 2520 6 265 926 1692 820 1916 1723 1824 1221 807 2236 910 1973 750 1451 2348 464 1647 1537 688 98 284 614 65 1254 781 2402 2690 1080 1845 617 1655 1021 618 1018 952 1706 1856 200 1091 2761 454 1312 782 1143 1297 721 776 1831 1693 2263 2346 2378 650 1918 865 106 564 640 582 1591 1579
000030.jpg,2550 1507 2604 55 2176 363 1104 2414 2641 1669 936 1177 1332 95 402 397 478 107 728 153 138 758 740 274 608 501 2794 602 129 1062 1150 1026 2037 40 840 52 788 851 786 2465 2505 1378 2398 2632 1568 346 2326 508 736 1356 1999 645 2821 2232 2708 2228 2429 1111 108 149 1503 1225 753 1771 204 1662 1892 2059 1885 484 864 2265 1530 2022 1685 628 1232 1048 2779 1190 657 63 1629 1998 2061 2103 2407 1022 1873 1921 1056 2049 1712 2073 1486 2060 1465 1008 2611 445
000031.jpg,522 1075 1553 1233 1344 841 2064 760 601 371 1499 2772 1406 2276 2800 123 2344 2606 904 173 2380 437 2583 2491 2307 1876 2777 725 321 911 404 283 2267 1830 539 266 10 1840 2165 1236 1772 578 450 1799 1107 1905 627 767 1721 2334 1845 2676 2485 2020 532 2628 1874 1627 1555 74 768 1561 2836 2240 1908 1313 826 2769 2373 191 1609 92 2702 1886 769 2480 1361 589 1544 1114 947 1158 2007 2028 1578 1443 1940 1011 2150 2315 145 1223 1160 415 848 2376 2309 1151 2814 970
000032.jpg,264 2455 819 2484 1667 1009 2273 289 1159 1888 455 2158 2575 837 299 317 1366 1622 2063 2833 1262 2029 551 2384 2078 1842 2139 2786 2844 342 1053 2412 1551 291 2371 2350 1411 352 1449 2215 1001 2226 667 2255 1549 1585 2703 541 372 2092 1887 349 807 2672 2633 2834 199 2206 2635 2187 2292 1338 2431 2576 913 512 2486 1619 2607 1601 681 389 1375 2436 302 78 893 431 1912 741 1814 305 1008 427 2776 634 1572 2797 2026 497 1292 920 799 2069 695 2451 1582 438 202 1815
000033.jpg,617 1035 670 322 1657 684 739 1569 1876 240 860 2119 1700 1376 1984 1839 39 2534 1091 504 705 1961 832 2782 1710 766 1018 1186 1562 1974 598 1231 2668 1197 1312 326 2812 1692 640 715 1781 348 1870 26 933 1489 655 2578 60 2179 2775 1302 1902 523 580 2369 1881 377 1975 1601 1235 75 118 2150 1011 1672 2236 1979 1640 1668 2809 995 1561 1473 224 2656 354 806 1666 2334 990 1417 972 1074 2207 751 48 407 2647 2704 772 111 313 2164 791 2669 1087 28 1683 2177
000034.jpg,1616 1768 1199 2115 1365 1371 1693 1139 732 1901 2761 2582 1011 106 2526 481 1433 2688 2737 2768 1605 2585 310 2678 1726 331 949 1488 450 2242 2639 146 2220 909 201 2048 1343 1352 1922 2669 148 2291 1204 1255 647 1819 300 539 281 2046 297 815 244 1692 2057 639 1170 2025 335 1458 198 712 2348 338 1561 653 1563 2652 1987 944 2788 353 2309 494 594 84 1738 992 482 2353 574 152 270 2315 940 1704 1874 2683 2161 1437 1949 2656 2112 627 1830 2386 941 1787 624 2324
000035.jpg,2796 2333 1268 1271 696 2793 1872 1118 2665 528 1101 1099 426 1266 445 1112 1058 2185 121 2011 432 193 25 2015 916 2618 463 1209 1956 151 1301 2556 2416 1399 1546 1588 912 1952 2090 988 1684 1978 451 2298 2140 2515 1081 2517 1793 1134 1418 975 7 513 553 612 1699 2008 1249 1270 1663 875 901 358 2840 982 2640 1065 964 79 394 2231 500 697 1547 1119 1976 763 1247 2225 2798 1430 1054 1531 2352 680 1964 2496 1211 569 839 2568 1619 536 2068 2024 1571 887 1555 2375
000036.jpg,2084 524 1092 594 74 1840 1468 84 1901 489 1949 940 2161 941 2683 2724 647 2386 2424 1772 2639 1704 1787 1874 2324 2652 1532 2315 1754 1223 1343 1123 2353 1458 945 804 2148 1236 2737 2606 712 1616 865 1643 219 2312 494 2421 1172 977 152 970 2309 148 1819 949 2112 207 1922 1437 2050 2242 1490 43 310 2025 198 909 639 201 835 1038 1864 2291 2688 2220 192 225 2566 2035 179 1820 2057 1004 196 482 1011 173 1204 2582 2826 944 2744 2669 2497 331 1041 2769 1110 735
000037.jpg,2291 2057 331 2220 2669 1139 2639 1616 2683 627 310 574 995 1874 647 2526 2652 1236 2025 494 2737 2112 1437 146 949 1820 2242 1772 1768 1343 1704 1004 2149 1041 238 1819 225 2542 1754 148 1468 75 2421 1038 2353 1199 482 1172 1011 152 1949 941 2424 2324 1223 2148 940 2084 2386 74 804 266 84 732 2161 43 524 1532 865 1092 1787 207 1840 1458 1643 2606 2724 489 1693 496 639 1864 1208 2309 2582 2475 2566 1578 2688 909 1204 2769 168 992 2046 944 2744 2761 925 335
000038.jpg,2397 904 1253 563 769 2287 977 161 2826 1586 1878 2010 2200 1860 1636 2815 2800 415 1983 2241 1158 2007 606 1848 2344 2676 623 1965 832 219 1490 2133 2050 1658 1148 433 194 2482 2544 1045 1799 1046 1895 2732 2376 486 1535 1313 1788 1051 2480 2312 2606 497 2628 21 480 92 2769 2626 674 911 866 1414 109 2667 2076 1116 906 199 970 259 2788 1197 2307 1714 2290 2564 2038 1428 1840 179 1499 276 417 1670 291 1388 749 201 332 1316 2713 1422 2670 404 978 2512 860 2267
000039.jpg,650 1281 2171 782 927 1789 954 1472 2841 1018 1026 182 125 2061 1685 668 1494 1857 2062 1655 2717 2810 1213 2632 2806 2177 2232 891 2588 1715 1912 1647 1723 1815 552 1831 2816 456 252 1335 2666 1730 110 268 2762 501 2467 1593 1653 1712 1662 2690 1297 822 403 2103 464 2346 1916 1395 766 430 2070 1785 654 2281 1921 1702 241 1889 2043 2002 617 2726 926 1150 2236 1744 290 1970 1896 2273 1214 452 22 247 262 2779 1530 304 2766 1189 1591 2825 306 274 608 1568 1019 189
000040.jpg,2411 1948 2817 2790 2034 1656 1102 1934 2501 987 1319 2065 188 14 1985 1246 85 1644 765 998 2545 2300 817 2044 659 1926 1729 779 1624 2764 1405 1873 611 1096 567 1658 1414 2400 929 221 652 808 517 2711 2012 1552 1983 100 2426 556 312 825 2721 1316 2232 873 2528 1854 1584 1568 1305 113 276 319 2375 1134 943 771 2325 497 2752 635 591 2358 2754 1407 2685 603 2336 1965 897 575 833 1812 197 1163 2272 950 1796 2544 2815 66 2275 2023 1778 1463 1523 1586 978 2211
000041.jpg,782 1018 2465 2505 1647 1021 2690 1591 1918 766 2061 643 1019 1692 2467 2611 654 1970 1176 456 403 407 1655 252 1026 636 125 2784 2435 655 753 2346 1916 2531 138 609 1335 1472 864 2632 478 2398 2060 2285 40 650 1632 1503 1378 2827 1297 1048 189 1612 957 789 1022 506 1892 2162 2821 927 430 2708 328 63 1824 2841 402 2404 1912 851 2794 1789 1032 1683 1303 132 1662 1171 1889 894 1332 807 346 216 1972 744 2153 1150 1568 1281 1723 1685 608 274 1899 1056 1376 1283
000042.jpg,1455 1466 2600 1707 2341 2151 1031 2251 253 258 1243 377 1187 339 504 336 772 582 1325 2519 710 1068 2299 487 1779 1385 2369 711 1131 1579 1681 2647 1354 381 1731 633 919 360 730 881 672 1379 1368 942 921 2828 1391 907 1384 966 1528 1680 1442 2314 114 1966 1705 1239 1367 2667 2389 1508 1287 863 503 460 2147 1541 2364 1565 1717 365 2578 2005 1783 208 1890 1359 2655 1256 1929 1668 1853 933 2276 2693 479 791 595 750 1439 2145 2587 2782 1646 1893 2009 531 399 2664
000043.jpg,2657 2652 1570 732 198 2683 1437 759 1123 43 2424 1949 849 192 1787 2386 61 689 712 949 2639 1092 940 647 1343 1083 310 1592 137 1532 1536 2761 1561 2188 2498 594 2161 207 804 2678 146 2315 1820 2744 2582 925 1693 785 1110 1874 2427 2448 387 494 2025 2724 168 196 1852 2737 335 1204 1113 482 353 2688 948 245 26 1777 941 2179 481 238 644 338 2220 835 2084 2479 1563 260 84 1208 1011 1901 1866 2241 971 300 2813 1819 639 2382 2566 1643 2112 2242 418 1185
000044.jpg,1114 2471 848 1830 578 1908 931 2509 1810 990 1323 103 768 522 1845 1107 1821 2016 485 502 1608 2601 2624 614 618 1235 702 284 2462 2149 1340 126 1207 303 2656 293 723 1553 1361 589 65 93 895 1967 1165 1720 297 664 1310 2150 1298 323 841 2772 2276 865 2236 1839 1413 2485 903 539 1406 1721 431 1121 1518 247 2334 532 1004 2561 75 1451 2028 1876 1801 12 2250 2108 725 1613 1798 1769 781 783 688 2069 2542 1733 398 1601 727 2478 270 2036 2328 1344 159 2242
000045.jpg,1548 1341 2118 2428 2820 1560 685 669 687 980 1126 446 269 2194 2056 2352 1422 448 2201 2417 2213 229 2399 1940 116 2239 661 1884 459 442 600 1993 45 1962 1517 491 899 1538 876 1611 1610 1607 454 1069 1858 1227 51 2758 774 2554 2363 1604 471 2598 187 2268 32 1425 2750 1285 1099 2100 2317 576 935 97 2466 1950 2372 2023 2719 1180 1837 541 2621 1990 2058 2013 2135 2495 1649 1212 2073 2640 2713 47 1469 1862 846 1618 795 1609 879 2835 298 1060 867 1669 2202 230
000046.jpg,2281 1912 1084 1593 2288 2687 1080 454 1025 1818 551 285 2449 275 1293 159 1300 230 1254 1402 1097 2561 1180 475 614 546 807 343 1283 372 1260 1824 973 926 2601 116 1189 65 582 814 352 1221 1060 752 2520 737 777 1745 240 206 298 270 1683 920 39 1884 1281 1697 2471 502 2114 1837 2536 6 2062 1603 967 873 97 464 2157 702 2736 1517 2043 1610 2235 1425 750 1858 1751 2236 1570 203 1880 2210 2310 980 781 1093 2158 1143 820 334 98 1801 2268 1973 1077 2073
000047.jpg,1352 1203 474 152 624 1704 2250 2688 896 1693 1186 1489 712 2241 1643 1170 1563 2107 1107 688 735 1391 2557 2491 1016 450 2293 2678 2503 1570 1954 1144 351 2353 2315 2497 1817 1473 1901 28 435 136 2130 2814 2314 639 1501 945 1908 671 909 1922 1302 972 944 104 2836 2052 198 594 1821 297 2585 985 1113 568 781 74 1123 201 1519 1840 2084 865 1110 1011 1772 2161 2761 2826 1819 219 1236 1066 440 2309 524 1532 272 1092 1864 2050 168 1754 977 2424 2046 2334 148 2788
000048.jpg,1400 972 104 909 1922 2688 2678 435 2788 1170 2334 440 450 1901 474 1384 201 1954 2503 1352 1817 1489 1130 568 1726 2046 69 1371 136 381 2250 1788 1680 2165 2353 2585 712 772 2569 1391 882 1302 2241 2314 2497 1011 944 404 2107 1840 259 1359 257 977 624 539 2836 735 11 1379 297 1767 351 1961 2050 1501 639 2161 1693 1068 945 2826 1144 231 1045 2309 1704 1183 338 1203 74 2512 219 1643 2130 1110 1261 860 2828 1563 1975 335 1388 2491 911 2557 723 688 1528 2312
000049.jpg,383 1701 2717 1356 2570 1879 1826 1329 2042 252 1576 1201 1637 400 2335 391 668 2795 2638 141 1795 2839 2779 1743 24 394 2438 552 2205 1725 1486 1056 1265 403 758 2597 1150 1716 445 1785 2588 890 2753 2404 2550 675 1543 2810 470 2311 89 163 501 645 2011 514 2093 1847 1889 22 313 2176 138 786 2634 274 608 2515 1530 592 59 452 1934 107 1556 1921 2808 2265 2002 2450 840 2143 1775 682 1764 2414 2821 2604 674 1507 2049 1266 2500 1844 1999 2708 626 55 1135 1023
000050.jpg,2386 207 1437 2025 647 1787 940 43 1949 1343 804 1092 2396 192 245 849 2724 2424 84 941 1123 2112 2652 2683 152 335 310 61 2737 949 2315 948 785 2582 2657 1772 2188 1223 238 494 139 2161 1208 2498 1204 2639 148 1532 1172 1820 2448 1726 1563 1468 2291 2220 482 2148 1874 1038 2678 2084 2035 225 1004 524 2324 2688 1616 2242 639 1458 1704 2566 1819 196 838 2813 2744 2353 1110 489 418 1011 296 1864 971 2421 1840 1754 74 198 331 1901 835 1643 1417 732 865 686
000051.jpg,38 1044 2120 2167 1245 2212 1327 1828 2197 1713 2268 2437 2432 71 2246 2331 2342 1224 2547 1260 1321 2721 1425 2422 2095 683 358 774 1355 499 511 2318 1914 1387 288 2648 1714 2180 2523 1178 2446 2260 1790 1607 2642 1156 47 1804 1838 2031 1167 552 1277 576 1764 1304 269 922 2417 1894 1119 2466 2343 1978 2202 1719 1709 1811 2697 1181 2071 2801 1800 1278 665 1727 1604 700 2352 2394 577 2190 600 34 37 1200 2758 230 1128 1621 810 834 724 2452 2372 2555 439 1990 562 1360
000052.jpg,1644 2790 2528 766 2411 2534 118 1656 2696 1102 1624 1934 1926 2105 1376 2747 2812 326 2042 2177 715 337 2789 2055 240 2711 1461 2594 599 2103 1182 141 1974 1657 2306 1023 928 2774 1305 871 2044 1109 2012 808 224 367 1920 2501 1885 1998 670 1892 1314 847 2627 2625 328 2041 1970 1569 1677 987 401 2257 1463 2238 1917 1673 2164 1883 2680 2027 1231 567 1325 1723 754 369 1395 2674 1935 2715 2370 523 2369 453 1614 2770 1441 31 189 1781 1741 877 483 2782 705 699 235 813
000053.jpg,338 730 1442 253 1325 1788 1466 1379 74 2828 336 1068 2341 2299 2145 800 2655 1455 568 1782 1384 1840 1561 2564 2046 2102 1170 945 1670 519 2165 1485 178 1992 2497 1969 1528 2788 1031 2334 828 2307 2800 1011 2506 257 2606 2587 909 2309 882 2151 1799 2353 1966 360 1717 231 769 2647 191 67 1874 2585 2836 259 811 977 2052 992 1005 2688 1817 496 136 1901 1223 855 881 1961 1352 937 450 201 415 735 911 1110 1151 970 639 1737 104 69 2389 2676 13 2678 1381 2312
000054.jpg,1638 1815 2094 2635 1530 668 452 2717 403 891 1078 506 840 1472 1712 223 1543 2779 160 2603 262 565 2565 2821 1401 1930 1150 894 561 501 1785 1844 1889 758 1281 2404 1896 63 888 815 149 1111 2811 2612 2311 89 744 957 252 1103 1999 2181 740 1071 1022 217 2634 430 1232 927 1540 456 1062 129 317 1039 1019 346 1923 324 125 1026 2308 1662 1792 2708 1764 628 2265 788 1009 592 2641 2285 2588 2401 786 22 2841 1813 2153 2171 476 1568 1921 1632 2467 405 204 890
000055.jpg,2027 2041 31 1920 118 326 2715 2680 350 1231 1673 205 1614 1935 2258 2249 754 2305 2770 2774 1463 766 1396 1677 772 2629 2696 715 33 1367 2812 1729 504 924 1183 871 808 2103 1429 2086 567 2528 2711 1644 2773 2369 2625 2257 1370 1998 1974 1088 367 1853 877 2627 599 2664 1569 377 1331 2792 1554 2195 705 2782 813 1781 2239 2534 48 240 2216 1263 1461 2668 928 2573 1174 60 1302 162 104 411 1105 809 487 1042 2789 2259 235 2594 508 2042 483 1305 1742 413 1562 2359
000056.jpg,414 1431 792 2226 961 733 2045 36 2685 2755 1215 79 1980 342 2117 1514 1349 2140 2710 1067 1211 62 2444 2727 889 2654 432 1252 2517 2818 901 1793 1976 500 2015 1479 1684 2702 2221 573 2298 1065 593 2719 866 1256 975 429 2225 955 2208 1047 2097 912 1924 17 1834 1049 2262 536 2415 273 292 2023 1119 1398 673 461 770 1588 1373 142 1571 1216 982 78 302 893 2496 176 2068 361 969 193 1794 591 99 2364 741 1058 1242 2559 1037 763 1833 988 7 513 1266 718
000057.jpg,2512 2702 1670 1573 909 568 1890 1344 767 1170 2788 2267 259 1922 1233 1379 841 258 904 381 977 2387 2312 1499 2276 1311 735 1490 1864 1840 1561 1110 1819 2667 1799 1845 2161 769 522 2165 2397 709 826 1005 970 219 2334 1772 760 257 624 2497 2688 1908 2746 1107 2380 418 2050 865 2628 2315 1643 539 2606 2491 2148 2149 1704 941 906 67 173 404 1236 945 1555 450 2485 332 1553 2302 2046 2324 2117 2242 2676 496 934 1468 2084 75 524 1901 2585 2583 639 283 2076 84
000058.jpg,2088 2592 2564 74 178 1016 2307 549 2800 1121 1788 1961 1466 2534 2480 1875 2718 415 238 1454 1313 330 338 2606 290 1151 1708 1840 2693 769 2649 2439 1627 1635 2676 354 622 2670 1094 458 1782 2309 2035 2099 81 800 2130 2813 231 212 1172 2052 1347 550 2655 1561 1799 911 1672 730 712 496 1473 972 1011 925 945 2479 1092 1532 2724 2324 2344 2007 1158 2769 480 1544 977 1874 1388 2200 2500 524 1223 1490 1381 2084 1468 1485 1442 826 2492 970 219 1123 2397 1236 2312 1528
000059.jpg,2421 865 995 1754 938 1038 941 173 2683 2242 2057 2291 1874 1704 910 2149 1236 75 1643 2669 2583 1041 2542 909 494 1772 2497 949 944 627 2328 13 2652 945 198 1343 2084 1223 2737 1949 647 2639 940 1969 781 1004 84 1501 74 1787 2378 1840 639 2220 2424 2161 1819 524 640 503 804 489 2386 2353 1092 1616 331 713 1578 1864 1468 2112 835 2606 1908 1532 353 1820 310 126 2025 1458 1437 2324 2148 207 2688 43 2312 2566 2315 67 2724 152 98 688 196 2585 2769 482
000060.jpg,1139 1616 1768 1693 244 1199 2115 1365 146 949 2242 2526 331 1433 2656 2669 732 2149 310 2639 2220 1692 815 2048 2768 106 2737 1506 323 1987 647 2761 1605 574 1488 1899 281 1255 2435 148 2291 2582 2152 655 2324 2057 751 2025 1343 1334 654 270 1204 225 1602 2652 1185 353 481 1011 2112 98 1041 1820 1437 1953 1819 995 75 2107 494 1312 247 335 198 941 2485 300 2531 609 61 1908 2683 482 865 2348 1643 239 2353 835 2542 2309 238 653 639 1298 1532 2424 420 1738
000061.jpg,655 999 1789 927 1433 2467 1018 2690 2059 654 2704 2827 1692 782 939 1019 2669 247 239 478 2526 2531 815 609 1312 1918 323 2435 954 403 2236 2841 1417 534 270 1185 2412 1881 2656 482 2273 1199 732 751 2649 617 1899 2502 1591 2115 640 2220 2561 1035 106 2048 52 1824 331 1931 995 1987 75 2427 1176 1896 1693 2278 431 1839 2505 2465 135 1602 1768 1376 146 159 1091 2794 1139 214 2558 290 182 1335 1975 2580 2708 2445 1365 1481 2283 806 1777 766 684 695 892 1197
000062.jpg,285 2288 1293 475 1097 1221 1603 1818 159 2281 1084 1912 270 2062 737 807 546 1683 372 334 2402 820 2601 2561 39 1723 6 502 1824 275 1402 343 1972 454 2520 2471 1080 1916 781 1884 1647 1973 2210 926 2346 721 2666 1335 973 650 1541 910 952 750 2114 1692 298 1300 1283 1655 990 1235 1281 464 2677 2236 265 98 1593 1591 240 103 1323 1831 848 23 1579 702 281 206 1537 1297 1143 1021 2624 1015 1706 2761 1610 65 1125 1570 200 2791 980 614 782 2378 1018 2040
000063.jpg,1692 1019 2841 655 2435 1018 782 1433 2502 815 146 1139 2531 2361 382 654 2526 1824 1881 2412 2273 331 1569 2827 954 640 239 2220 1899 2704 1605 1608 732 609 2669 323 313 247 2115 2164 4 1417 1312 1987 1768 214 1953 1975 1839 1602 1711 106 995 2690 574 1815 1199 2278 1970 403 778 1693 244 270 2561 2768 1712 2792 182 2236 1488 1789 1657 1666 927 290 59 860 891 2467 1616 582 1916 169 1376 2091 1035 2761 2048 2427 2179 759 250 844 1820 2717 1738 2810 420 1870
000064.jpg,1647 1378 766 328 782 2061 1970 1898 2103 1502 2726 1018 1892 2037 2465 2505 1213 1883 928 2232 2177 1975 407 1568 824 1026 40 602 2162 1657 2042 1472 1503 240 1395 1150 2825 2632 1685 1677 851 313 1743 2238 2625 252 400 715 1356 456 1353 2171 2335 1376 1104 1035 650 402 510 132 403 1091 1441 2550 1303 778 1556 189 153 2711 592 1507 645 2779 204 1569 822 2060 1093 552 1744 2105 1612 1329 2784 1844 927 987 684 1885 2508 608 274 1019 695 2311 1111 63 467 163
000065.jpg,485 931 1908 1558 1114 2409 1721 522 614 1845 1107 1769 293 1323 103 2471 2072 768 2624 578 783 848 1427 1175 1361 589 215 1821 1166 658 990 841 2622 1553 126 1310 895 2276 727 1165 251 12 903 1810 1137 767 1590 2054 703 2509 1830 284 853 1413 618 502 1340 2380 898 1759 2462 1798 803 1801 1839 714 2323 725 1207 654 702 303 962 2478 2787 2601 709 2016 2219 790 930 1235 1608 2320 1876 2778 1928 875 739 601 72 763 2542 2722 2149 297 380 2108 1549 1967
000066.jpg,494 2475 146 2652 925 1185 647 2025 310 2683 732 627 2220 1199 148 2639 1768 2386 496 1874 2291 335 2057 1777 1055 137 61 331 1944 245 2678 2657 482 849 1139 2669 1820 949 2526 338 653 1437 1123 1343 2448 2737 948 67 1433 207 420 1365 1616 804 1787 1726 1802 2582 2188 2424 1092 2498 940 785 2744 239 1949 2046 1204 43 431 2396 1693 1236 974 2724 2112 2242 2382 1738 2048 995 481 941 387 192 1563 1578 2315 2761 1819 1011 992 2179 1038 1639 2286 2161 84 835
000067.jpg,1645 1800 1731 1138 742 2294 943 1079 795 1707 434 544 1385 1588 680 51 1980 1869 257 248 2741 1993 1495 1762 1888 2451 2436 1316 269 1450 773 2319 1732 811 2549 1053 113 21 1405 2685 442 878 866 2536 2730 591 414 2275 3 2384 1362 339 1966 1794 2598 2045 1850 535 1491 2170 830 289 497 1586 2196 2843 2543 1159 1636 1431 2226 1965 2815 1008 349 1756 2078 603 2262 221 410 1073 186 1007 1246 1317 1642 1200 1796 792 2518 905 2063 2292 2453 124 1126 1959 733 2350
000068.jpg,211 1903 2163 174 2122 2577 453 2679 164 369 1241 177 156 401 791 2829 816 1460 1510 1989 545 1089 1085 1628 1155 2055 694 1770 601 2064 2304 2367 2596 73 208 2075 2124 1000 141 1644 425 70 1042 2735 315 2636 1508 1668 254 1784 1565 1759 1915 202 399 2587 35 1493 2790 2178 2389 2722 2793 1325 1928 1609 1075 1986 1717 2282 2622 823 304 1926 1430 515 1354 1917 2012 2001 1711 2134 1808 2757 378 1656 2663 2800 1883 919 128 66 2510 2490 224 1314 2066 923 1390 72
000069.jpg,2364 176 36 673 593 62 1398 292 78 302 893 889 361 1256 2038 1431 2117 2702 332 2219 767 2844 142 340 961 1890 2387 1794 2267 2074 2423 2415 2108 802 878 1211 342 555 2568 2755 427 1833 1499 1479 709 2451 2719 414 2227 2384 2727 2217 863 770 199 429 1938 743 2349 868 2786 1492 258 1980 912 1129 2559 1065 21 2380 2085 1037 597 760 417 1646 886 763 2518 2685 979 1399 1619 2818 749 123 2757 1311 2723 99 667 1264 2208 1033 2743 1793 1470 969 1252 186
000070.jpg,892 476 1540 317 2213 1401 576 2269 122 46 1764 2825 669 1304 2135 649 2094 2635 255 2820 2700 2571 2030 20 1060 511 230 116 1694 181 1032 1212 510 577 894 2073 412 217 1530 1078 167 1441 1615 160 2427 2202 695 920 2521 2554 448 777 1330 204 2158 899 793 1880 1227 1927 2089 2190 2058 1469 2308 2648 600 2791 362 592 2372 2466 2278 223 1811 2662 2643 187 1341 2712 2576 459 389 388 2547 454 2708 1632 2807 2438 2168 305 1640 419 661 1749 2317 1447 1841 2229
000071.jpg,684 1700 1417 1197 11 525 354 972 1569 1870 1489 1902 1775 1151 983 2021 2164 1376 860 1686 2035 1313 26 1710 1172 965 2309 1011 2827 2179 1563 1627 523 1781 1010 1468 1190 1369 348 2649 2809 2252 1255 1117 1186 481 925 1388 404 1127 178 1035 1839 854 2794 1617 69 1029 1955 1601 322 290 1486 313 81 2089 331 1518 2076 59 1365 2142 624 1692 169 2191 2669 2148 227 1312 335 2668 2220 148 1018 2574 458 2091 75 238 815 1562 2526 2489 2036 1657 2716 900 2713 139
000072.jpg,1655 125 1831 739 1018 782 2070 464 655 1789 2690 1118 927 1317 788 1822 2062 1312 1297 2682 182 695 1647 1143 1591 952 1756 1692 2207 278 2388 2273 650 75 684 227 1706 740 2505 2465 2061 2666 1921 2580 2669 1972 2467 1916 1332 1839 954 1918 1056 1931 403 1755 2729 654 2236 2794 90 2346 748 2462 268 721 1434 1984 783 420 1281 200 2402 1730 247 2455 1298 2017 1021 430 444 1912 1026 1824 1975 1009 1335 2526 1815 1472 1395 807 2215 2412 372 1383 323 2717 1035 1356
000073.jpg,204 2721 2634 1104 1556 1228 824 1743 2213 1304 2825 20 1716 499 510 1161 2708 1773 1764 2162 2155 1502 2545 1892 1898 1859 1771 40 1785 2450 2616 2481 34 1072 2508 2335 294 167 592 1513 2550 457 2229 2521 2311 1736 55 851 1629 1638 95 138 1939 628 64 1749 2784 400 1232 2426 728 2234 2726 465 2034 652 2037 683 100 2168 397 2176 636 2641 1694 561 552 1932 1857 1150 217 2795 2700 2570 2061 894 255 617 1837 1507 419 2595 873 2682 230 2779 2128 2438 2632 752
000074.jpg,2815 1965 1636 1253 769 563 1428 904 1158 2007 415 1848 2397 161 606 1860 977 2133 2553 1148 2732 486 2287 1586 2482 2544 2010 1046 2628 276 2626 674 1895 219 2800 1496 950 2069 1414 1552 2670 497 433 2826 623 2312 1788 1388 2085 1490 2200 1658 1799 109 2376 2344 911 1054 2405 595 2241 1316 1045 2676 1017 978 2050 1705 2076 2836 981 2753 942 906 194 1878 671 1051 2713 259 2480 2538 2358 1197 1053 724 2769 231 826 2655 1313 1422 48 2667 855 1574 2477 597 1328 2380
000075.jpg,1840 74 1874 804 1223 2161 1011 524 2652 2683 2084 2639 1532 941 1643 496 2353 1772 2424 1949 865 2606 940 84 1458 1704 2386 647 1092 2737 1754 1819 2046 1616 353 2312 1787 2242 949 494 1561 1343 2688 2309 152 639 835 2315 2421 2744 992 1437 1468 2112 489 2220 948 310 1864 198 1901 418 2506 2291 1038 207 1820 43 196 2025 2497 945 909 219 2566 482 2324 2057 2669 2724 192 1799 2148 1501 450 1204 970 225 944 781 2250 1208 2582 735 2050 1236 977 1123 1004 769
000076.jpg,954 182 1712 1486 1760 2840 2419 927 559 268 1434 1789 169 657 574 1333 1725 2841 1018 1785 900 2089 1019 306 2794 1775 1899 815 645 655 782 313 146 2580 1627 323 356 75 1953 2435 2690 368 2112 1605 2467 458 331 654 59 1190 247 668 140 1035 2827 2526 408 1931 1139 1975 1881 1307 2717 640 1666 2708 501 2531 2236 1417 2669 684 739 1282 2133 2502 525 1376 2309 1839 1150 1208 1056 295 2574 2142 178 2542 2220 1298 2438 2191 5 1701 1710 2753 1692 1087 891 1475
000077.jpg,1079 1718 852 392 434 320 1005 406 2549 301 1131 1682 2420 44 186 1495 544 1850 1526 1073 2730 1968 1966 1670 248 2290 749 605 288 2518 2341 144 105 1676 112 1267 1732 908 1036 1794 1913 648 1133 2458 610 1762 16 2085 2516 870 336 2227 2318 937 2543 1020 811 543 1980 1731 1498 2451 1783 355 2187 2746 1309 1816 868 1311 979 2299 2156 176 332 855 821 340 519 256 94 2006 1992 258 1796 1431 2384 1888 863 1485 1398 2755 21 2029 568 2350 1033 2302 830 339
000078.jpg,1990 2268 47 1548 1178 2417 269 1714 2437 2167 663 661 459 2202 1713 576 2820 683 448 94 1224 1560 1200 774 1244 1838 685 2194 1538 2697 610 603 2446 1858 2212 1327 562 288 1116 2422 1936 830 2487 1604 2721 256 855 2372 2538 1237 1894 2317 2750 2275 2714 1790 1709 1732 2428 2343 229 669 1424 2662 442 2030 2213 2201 993 1425 511 51 605 248 2523 2514 724 1447 2748 1645 1640 678 577 2425 2394 1034 1285 1073 852 122 922 1523 632 1060 1914 1341 1450 1517 1634 1142
000079.jpg,793 337 2058 1060 1277 462 2094 1259 1638 2205 892 1341 412 2805 530 2648 20 2326 1194 1694 2360 2733 2820 561 448 357 2555 2641 187 576 1069 2554 2758 1790 1626 699 1981 2835 1607 1543 2501 2368 2308 32 1748 577 2635 1314 204 2780 2049 459 2372 570 2799 693 499 1109 2473 2192 2254 2714 1640 1517 734 2446 736 2807 419 122 294 1941 2089 446 230 2612 2159 2708 2816 922 1034 1103 1811 2684 2189 1615 1734 2571 2466 888 649 1524 2640 1999 1727 1702 511 255 1991 1836
000080.jpg,1741 2370 2527 2799 847 28 523 2594 2306 1823 890 2083 224 367 2164 1991 2674 2774 1145 2365 705 1563 2689 1376 2681 1781 2819 2021 1029 1870 313 330 2552 1746 49 1917 33 2470 734 2193 1910 2044 587 877 1117 413 1885 2101 354 525 637 1955 2789 118 1710 2660 1461 2237 348 2119 1569 550 26 1190 1074 2089 2597 2809 1473 2716 671 2308 2592 2099 68 2173 1369 2028 809 585 171 2500 1288 2052 458 621 322 2144 11 1627 854 2699 408 915 2574 1775 238 968 2142 2489
000081.jpg,1020 105 144 1850 320 44 2593 1526 516 16 2006 2156 1911 1498 2110 1525 1620 519 2516 301 1077 1485 2519 1347 1170 632 543 1750 881 855 821 94 2734 1321 1968 1966 490 406 2099 1973 2145 1682 800 218 222 1244 2483 1079 604 1454 2187 755 1005 1992 355 717 663 186 1894 2264 2251 814 908 2102 584 648 2697 392 2420 2514 773 2693 434 1855 1709 288 1936 2132 862 1961 1131 2147 2730 1670 1133 2209 258 1254 1098 336 112 550 811 2341 1581 1309 1442 2299 1550 595
000082.jpg,1677 602 2060 2625 508 2103 1659 20 2037 1998 189 1771 1791 167 1032 1892 924 1303 2193 1220 1502 1898 350 2687 2228 851 2839 2711 1873 2573 2073 510 1844 1286 2511 1979 122 2726 2661 187 1332 2305 2239 871 40 498 2162 1104 163 1111 1314 736 1629 643 2550 2041 444 1690 205 495 2234 752 2335 2569 467 2481 337 740 1024 2168 230 1378 1184 423 2177 2216 1028 466 2595 1942 777 1950 1632 1304 1926 2014 2027 1232 326 701 1919 2565 2049 824 827 1556 271 1463 2190 1935
000083.jpg,2341 942 2600 1783 1705 1966 595 2746 253 852 1384 1331 855 1750 881 1718 336 1105 248 2420 1325 186 648 966 2251 1455 2543 2299 434 1992 1005 1681 360 610 487 2369 2549 256 365 1676 1031 981 544 1707 1396 605 1068 710 606 1131 772 1309 1968 112 48 392 1670 460 811 1442 2290 1133 2318 2538 1554 2518 1508 1586 1073 568 435 1890 94 730 1853 1779 2167 1636 749 1550 2458 1370 2451 2010 1379 1385 2578 907 504 773 2815 1287 2743 355 1051 320 2170 711 2631 1368
000084.jpg,542 1739 1508 54 2664 1853 2782 1695 710 1654 1893 360 2259 235 479 460 487 1000 2369 1423 660 772 791 1681 545 50 1920 1367 1742 515 1287 871 711 1239 2647 9 1088 1225 2770 1998 1979 1674 504 2567 919 1641 1384 1942 1717 2154 531 2228 220 1354 2812 2124 1325 253 2636 2528 1302 2625 1579 1015 1528 1368 1817 2103 136 933 813 2009 1737 1644 882 367 2359 1210 425 2086 2389 1545 2216 730 2361 326 104 503 2828 1954 2600 1554 508 921 208 1668 915 672 72 308
000085.jpg,508 772 1942 1508 1979 2103 1184 545 1225 1998 2193 1000 791 2510 1609 2625 531 326 1384 487 444 460 1677 972 919 504 715 1302 2499 1111 933 1569 491 2770 1354 220 932 1310 2569 1439 2361 1681 602 2712 1408 2782 498 526 2308 104 2179 425 9 871 670 1695 1015 2060 2359 1853 1335 1993 1668 1654 76 2369 1657 2041 1742 2713 235 515 322 117 2228 1367 2216 1640 710 367 1032 167 711 2306 1680 2027 1088 1287 633 503 453 1091 1893 2051 2014 1461 1666 205 1753 2259
000086.jpg,84 494 1223 43 2688 804 2112 2291 1772 1004 940 2737 647 1343 207 2386 2025 1787 941 1949 2161 909 2324 1532 2315 1704 2683 1874 568 949 1840 2424 1092 152 639 2353 1437 1038 225 1819 1901 1458 2421 1754 2639 2652 2084 2242 74 2582 1204 310 2220 524 1616 1726 1864 2566 977 1468 1110 2724 735 489 1643 865 259 219 482 192 1041 971 627 970 2148 2312 196 1123 945 835 2057 238 1236 2396 331 201 712 2606 198 2669 2744 1011 1172 906 2149 2046 1820 2678 450 2585
000087.jpg,760 2267 2117 767 1499 2380 2702 763 1938 889 36 1256 123 1793 437 901 432 1211 1233 1599 2349 1160 2379 593 522 2276 1553 62 673 513 2723 1252 2722 2038 1443 2818 1699 1976 1479 1833 982 975 1037 2559 1399 1555 961 2074 380 1834 2225 1431 718 2298 2517 99 875 2015 79 1684 2469 731 25 2556 532 1209 2757 1769 2108 887 1886 886 429 2126 2003 2496 1049 1137 1215 2387 2415 2134 2219 2364 142 193 492 2097 1344 1890 2416 955 2727 1373 414 2719 2325 342 1398 1956
000088.jpg,1553 1886 2380 2462 1399 420 1443 2036 2777 1179 522 760 1499 2772 1601 1298 2276 1740 2038 1233 532 1733 311 2150 1929 1004 2267 1839 1830 1810 2028 2020 841 768 431 2509 1518 1555 875 80 1397 2016 1938 655 1434 2526 2628 767 1344 1578 75 662 173 1753 2328 2108 123 2702 2485 2814 1236 1613 437 2491 763 2669 664 1055 2798 947 999 1529 92 671 1485 1160 1296 1037 1114 10 2117 2250 331 1107 2728 775 2280 2566 2125 970 1931 1075 904 137 36 1519 1207 578 1821 247
000089.jpg,139 525 68 2191 2716 2552 245 1288 1563 2230 2164 481 49 335 2442 1437 1076 1852 1464 997 1703 637 1937 849 948 387 653 171 1870 1127 2382 2657 2813 2498 686 2248 2089 785 2188 1364 2144 2396 296 523 2500 2814 2470 2173 239 1639 408 644 238 2507 61 959 2427 1417 26 2179 2091 838 207 458 356 2441 2025 1172 1651 1011 2116 2083 2678 621 1208 2574 1369 1795 815 2035 209 2476 2087 1274 148 1486 2386 2286 974 2562 2021 732 2724 965 137 2448 1151 1092 81 1777
000090.jpg,1612 1889 2588 1530 2311 252 1214 403 2153 592 2404 1716 138 506 609 22 2708 894 643 63 1970 2505 2465 1150 1019 957 2061 204 2351 1892 744 1632 1078 419 608 274 2155 40 452 2632 2162 1232 1056 636 2285 1061 153 2779 628 2717 1171 2821 1024 782 668 1896 181 1507 2531 160 753 1637 1048 175 2565 473 2435 2841 2438 2832 565 2181 478 1213 1556 456 851 313 1743 189 840 402 864 96 163 1568 2634 2550 216 2060 1176 561 1018 2611 1356 2128 2037 2467 510 815
000091.jpg,927 313 182 1333 1896 2806 1281 295 2717 782 1789 954 668 650 1916 1760 1472 2346 268 1712 2404 2171 252 1026 125 2438 2810 657 452 2311 1685 2061 2841 2816 2779 1018 1889 306 22 2181 430 2574 900 501 1486 1214 456 559 1150 1701 397 2419 1744 505 1019 149 2002 2588 403 561 1213 1730 1918 1815 2840 2632 654 1899 323 383 2821 107 1725 466 2690 63 2236 59 1785 2708 1177 1653 609 1813 1530 2022 1723 1638 119 1923 2467 1647 1881 1715 408 1543 1171 2819 1655 141
000092.jpg,2012 2528 1644 2790 2027 2411 2774 1456 809 567 118 411 2044 1305 1102 224 326 2627 808 871 367 350 2103 2101 205 1145 877 987 1042 1920 2689 968 31 1910 698 2711 1935 1791 2041 1624 2573 1052 2594 1934 413 369 813 2680 924 1284 2681 1729 2770 2789 2086 2306 1835 2193 772 2370 2237 897 2400 508 1512 1310 2625 2715 2081 602 2310 705 1926 599 1461 1741 33 545 1677 1781 1400 2799 2257 2511 250 1942 2369 1188 2098 1656 1854 2249 2792 1429 2817 1367 2747 1673 2228 2264
000093.jpg,1113 404 2512 1757 1960 2036 409 2130 2241 260 2769 712 970 1788 179 1148 1123 977 2497 2826 219 2050 1840 1468 1344 2312 2148 965 201 1901 2309 74 1388 2724 1172 1422 1092 1578 2606 972 2084 524 945 489 1236 882 2056 1218 2324 1477 1045 904 2107 2628 10 1627 2344 1922 1253 985 689 1490 1687 1767 173 1151 769 2016 2329 45 2376 594 148 2676 1485 971 2165 351 283 1458 1255 168 1007 178 1775 2688 911 986 2088 738 398 2035 624 896 2200 2657 2649 1609 259 1954
000094.jpg,2836 1054 1381 1663 433 2050 1679 1782 947 1544 1860 1218 1328 2628 1658 179 259 2287 1253 2046 440 904 1148 622 2753 368 2713 2397 2165 489 606 769 1017 674 2224 201 1640 1307 1623 2069 1045 1444 2707 563 2826 2837 1649 1051 1840 2241 431 231 1586 169 2309 1130 2084 219 985 2289 1799 992 2840 970 450 51 1634 2734 539 532 491 723 1344 2480 2250 2424 735 2334 2506 2161 2767 1592 568 2312 2544 1775 2788 1236 2724 197 1261 2085 2384 1035 2485 247 1146 480 2462 178
000095.jpg,2157 2383 290 1538 2693 1517 1911 2417 1882 649 774 2750 2748 2631 373 584 604 1170 874 1577 1094 669 795 330 1936 2718 2605 818 1402 663 1626 234 1520 2088 1016 2099 717 2492 722 2368 1790 2804 550 1454 2268 876 2780 845 2534 1142 2695 2494 2733 2261 1034 2020 2705 2359 1462 1875 1083 1715 724 1525 476 685 2687 2240 1069 2554 354 935 1227 1121 446 2660 2592 2096 2067 2758 94 2479 2005 1570 51 2813 46 734 2473 1635 2699 2201 2264 1539 2831 505 418 491 269 549
000096.jpg,1616 148 1458 1693 335 481 2220 300 1011 2761 944 331 482 2353 2309 2669 2046 1817 594 992 1371 198 647 1199 785 1768 1820 152 2582 2639 75 2179 2652 1488 732 1365 1901 351 2526 84 136 310 2737 1643 2025 1772 1704 940 941 2386 496 1352 1437 2315 2348 1204 1417 1949 69 2424 2683 1343 2291 450 2084 1092 949 524 2112 1754 1532 2242 1468 1203 865 2497 1563 168 74 1787 2768 639 494 1819 2161 835 1139 781 712 2688 238 1954 804 207 43 1874 2724 1866 245 2324
000097.jpg,70 1759 569 923 1390 2622 2757 2304 601 315 254 2478 1834 2077 2722 1075 2510 1721 951 2064 1531 215 1418 988 887 2054 73 1989 823 790 1628 2185 211 522 1851 193 1557 930 2663 380 1769 886 172 2379 1137 697 2778 1430 2231 1252 461 2409 386 2373 1241 1427 2540 566 2532 2596 579 1549 615 1976 2524 251 1599 898 1516 1373 1175 2282 2618 1195 1964 1594 879 145 99 1809 121 1154 714 1242 72 25 578 1125 1753 151 2163 2546 1905 359 2074 646 932 839 1166 1440
000098.jpg,1246 2817 1948 1414 2034 659 591 817 2685 1796 1985 784 833 929 652 1319 635 1729 606 14 2375 276 2815 497 1046 825 1586 2300 319 355 2487 161 866 243 2764 1552 2755 2482 765 100 1895 1946 87 1396 1105 188 2553 2544 1812 2675 1132 1878 1588 486 269 1624 943 1428 2065 1656 1574 616 197 779 500 2735 2545 2262 1980 85 237 2397 733 1642 2802 527 2170 680 2732 1691 1658 1584 2336 1178 2563 2453 563 2626 1848 2045 1673 2411 2426 1636 2131 1405 1713 1523 674 1496
000099.jpg,2226 1122 2654 2818 1938 2719 951 2556 2833 2015 2455 916 180 2139 741 1549 1266 342 1952 988 2255 982 1684 2363 372 193 1256 2074 1924 2778 961 2319 2529 2104 1373 2771 1047 273 1430 143 557 2727 1699 2723 99 1067 2517 2702 1058 277 1939 1833 1215 2808 718 1320 889 2524 429 1793 1411 386 1980 1252 2117 2755 2710 2126 1160 62 1440 770 1514 1834 1599 2722 79 1242 166 975 930 792 790 1976 432 1531 901 2469 731 600 2077 389 1986 2298 2478 1509 573 2797 2225 36
000100.jpg,1037 1924 792 1571 1058 780 733 1211 1134 2023 1956 1067 414 17 36 696 273 1349 2710 1499 2117 988 2702 600 97 1986 2640 2496 763 53 2818 1509 2140 889 2068 2444 1181 1431 1514 246 1252 127 1346 2466 536 1860 79 2685 437 975 2654 380 500 109 1574 722 2226 593 2074 2296 1939 1065 121 951 1266 2325 1606 573 1216 1547 1047 2208 969 2003 1834 1215 1373 1599 1952 1588 1233 2835 2843 1355 1399 193 276 1270 2622 1101 166 2738 2727 2793 1137 638 1160 2134 1099 961
000101.jpg,408 2278 2089 2708 2308 2191 1488 525 1487 2841 2827 815 290 2838 2427 49 2164 927 1789 1536 1843 356 693 1208 146 900 1530 313 559 458 247 481 2794 1433 2500 1437 1019 2712 732 1712 2819 2531 1486 279 654 1127 1417 1190 1103 637 2028 1083 925 2643 1184 1376 2435 323 621 169 1563 1185 1078 160 2574 2467 171 1282 2716 238 655 139 640 2094 2720 239 1725 1710 59 954 2552 68 495 2690 2220 1870 2438 331 268 2652 1820 759 620 466 609 734 2035 1881 1775 2179
000102.jpg,929 2487 817 87 1812 243 2336 2394 2817 1246 1200 616 2453 355 833 527 1796 825 2563 1564 102 85 2802 2375 2675 1002 575 1988 1729 237 83 1895 1713 716 993 1410 1574 2034 319 591 1587 1224 2262 1838 652 1407 630 2357 256 2544 635 1136 1642 866 1946 1396 2300 1588 1943 197 1132 2525 996 1178 3 2685 2106 2166 1906 2530 1119 784 2331 1523 724 1414 779 2170 2131 1709 852 1505 1584 2045 978 269 2426 683 1538 416 651 2755 1985 2553 733 2343 2212 1327 47 590
000103.jpg,2797 2455 2833 2139 1122 264 2484 1744 2771 2255 1530 2576 2633 1684 121 2776 299 891 1549 352 1401 2013 1295 951 2092 1324 1652 1430 654 1807 166 180 988 147 193 2015 160 667 1509 703 403 2811 2466 1160 1619 1735 1118 837 1938 90 1520 2134 1037 1078 2654 1166 2226 846 2072 607 2818 2090 741 1815 1924 1484 853 1266 477 2273 1863 2478 2094 1531 913 1009 916 1411 1952 1058 2731 2556 867 2835 1822 1572 1939 573 2412 1699 2026 1558 1553 342 2077 2276 600 2703 262 898
000104.jpg,2326 187 2360 2233 736 357 462 2234 1843 32 2159 1690 1028 495 2254 1259 1734 2805 1416 1926 1314 312 1873 2073 2832 2790 2711 1194 1626 2764 2368 2780 2501 1104 1332 1096 1543 818 1919 20 2192 2708 279 1748 2094 2605 824 892 1467 2550 556 1517 2651 271 2019 1401 2630 1109 160 1078 412 204 793 1090 693 2643 1764 40 230 294 1941 1441 1530 167 1060 2168 1615 2576 778 2641 2684 337 1382 2595 1702 2733 1228 55 457 2335 255 562 2011 2726 2176 920 740 649 576 2555
000105.jpg,1004 2112 1298 1578 2328 1434 574 2542 75 1236 1733 2291 2396 420 146 331 1486 2669 970 2057 1772 627 494 2566 2220 2025 2148 647 2419 941 945 1038 2149 1041 2324 2250 2421 865 2737 1754 2526 1343 804 2386 639 482 1172 43 84 1704 1787 207 1223 940 80 1437 1819 1949 310 2606 169 245 2242 1468 225 2724 458 1864 2652 238 971 2639 152 1458 1874 1726 2084 1616 489 712 2683 1092 1011 949 944 266 2424 74 1643 524 1840 909 2315 1204 2582 1532 2353 179 977 1908
000106.jpg,1490 568 1379 2788 1110 2506 1670 1051 1767 259 2165 835 1458 2397 1561 977 2746 735 2161 2046 257 2151 1840 2475 435 1120 1788 2312 1170 769 1144 749 2050 1311 2503 219 2826 639 2107 876 2299 482 1261 2686 2458 2668 1901 2290 2241 909 2702 365 945 904 2730 713 112 1016 1966 2585 338 2227 970 2748 1123 775 1890 1799 1704 74 1005 496 1922 1819 1206 381 2676 1782 2743 1586 272 1687 191 2836 1148 2148 524 2688 2010 2315 450 2341 1352 2678 985 2497 201 2084 2491 1393
000107.jpg,352 2255 2455 342 2833 2797 1122 600 2092 2226 264 1411 1159 2139 837 166 741 2818 551 2063 2654 1939 1924 2738 512 916 317 1037 2719 1509 1539 2466 982 1266 912 951 1349 1684 1571 1938 573 1531 2556 1009 2576 2778 17 930 792 1520 1952 455 2727 2068 1058 30 193 988 1270 2710 147 1373 1514 79 961 2811 1216 2208 2635 763 2140 2026 2158 1549 2808 2517 1215 414 2444 1366 2185 2702 1431 1622 36 2015 432 2225 121 1793 2117 389 97 1242 1822 1499 2633 302 78 893
000108.jpg,1193 170 242 2581 641 880 884 1377 2694 2456 798 991 1665 1086 470 1758 158 82 267 1358 1576 1348 1724 77 2703 1432 1421 2004 588 2327 842 2418 1664 1575 756 472 2740 228 514 1765 570 1289 2127 2206 1196 583 190 2659 857 2739 1279 2461 1345 58 2355 287 422 797 1477 2691 1351 1807 130 493 720 1081 704 1930 2356 1452 438 885 801 2835 1542 1295 706 1551 421 263 1863 1012 1859 2468 1238 1124 1857 888 1292 2266 2473 366 2771 2485 134 1043 280 796 891 1887
000109.jpg,31 2715 118 1614 2027 1231 1920 754 326 2041 1429 1673 2629 2680 808 1935 2711 766 350 2258 2239 567 205 33 1463 2774 411 504 822 715 2627 1781 377 599 2773 1729 2249 48 1145 2668 809 2696 1342 2195 2305 2310 877 1569 2042 1395 27 2539 2594 2756 2578 413 1305 1396 1284 1461 2792 162 705 483 2745 1070 928 1533 1370 1562 1489 2086 1644 1174 224 2812 1728 240 2232 2528 1441 2770 2098 777 1910 2825 1677 1657 2044 2798 2264 695 2103 367 2313 2257 924 1183 2137 1974
000110.jpg,2516 406 1526 320 1020 870 105 2102 2420 543 44 1718 1750 392 2145 1992 1968 773 144 1133 852 1682 519 2006 301 1079 1783 336 16 2341 811 535 1005 218 544 2156 1850 821 1309 908 434 1894 648 1498 2318 1321 1550 186 1385 2519 2110 2746 1442 248 717 2549 2377 2514 881 253 1485 1913 1131 1966 755 516 937 2730 2299 288 2518 1068 355 855 605 1036 112 365 2443 410 2187 1040 2763 800 538 94 610 1573 1731 1325 2085 1387 1527 1855 1670 1347 2543 595 2290 606
000111.jpg,1198 1144 2263 2080 1184 2241 689 1016 775 876 1570 712 1422 663 260 1882 1536 1206 474 594 2503 2056 2314 1687 2107 1113 2329 2569 1490 2678 1203 1400 2088 1592 2125 1458 1767 818 1218 231 1693 168 2130 909 2769 2489 2761 2286 1751 440 2657 482 2020 491 2425 985 272 835 2506 137 2410 550 2179 1960 2699 1130 759 45 1352 1212 480 1561 1782 1525 724 1120 2826 843 735 86 2713 1672 2214 2763 1190 198 2427 713 1371 2788 1617 624 2748 1170 409 15 2712 2494 2688 1482
000112.jpg,1106 1389 1115 251 2759 2546 803 2504 1427 529 395 2540 1175 2644 364 2323 962 485 1306 646 1951 989 1394 1137 2304 1851 2381 1557 101 930 1390 923 2778 1798 2622 658 1759 293 1769 461 70 374 436 1721 572 2219 1900 2524 931 2579 768 1801 697 1845 727 2040 2054 1559 932 1310 1107 578 2379 1976 1516 1964 2178 2757 2722 848 172 215 579 615 1834 1154 790 569 1252 886 879 903 1531 522 2731 277 1908 2624 1230 2104 2478 1418 1242 969 2185 839 2618 1997 2471 928
000113.jpg,1173 1845 2276 522 372 1310 1340 848 1335 578 750 334 1391 2471 658 1608 990 65 2624 380 103 1323 614 803 702 910 2314 437 126 1821 1186 1599 1235 474 1233 688 1160 841 2478 618 768 1786 475 1451 172 2362 114 2003 2325 2601 2772 737 1107 1462 1721 502 2040 39 760 1413 73 284 2359 2722 731 1115 2494 99 2114 2706 1692 2288 1256 297 2387 1512 1114 2667 952 903 763 1753 1137 2126 2504 1484 1769 1250 727 1120 399 364 1683 2771 694 293 1938 1010 190 2628
000114.jpg,929 2487 87 1812 2394 716 527 575 1988 1136 616 1564 1410 825 2563 2802 2331 2375 243 2212 1327 1002 2525 102 2106 2166 2034 1200 817 2426 83 993 652 1895 1224 630 666 2530 1713 1407 590 996 237 2752 2357 85 355 1132 2336 1382 1328 2131 197 1838 1978 2801 1584 88 1604 902 1729 416 1587 2453 1919 1719 34 2196 2243 1419 1943 1044 1119 2544 1278 2764 1709 1796 2343 2523 908 724 2754 2817 319 651 1505 1178 1128 1946 1873 1134 2675 2822 591 1396 47 2545 1906 1028
000115.jpg,598 214 617 1199 270 323 1255 1881 677 1602 1185 1987 2704 815 1483 2278 995 1692 1139 2728 640 1666 244 2115 2669 655 2561 2531 2048 732 1312 1824 1397 2207 1019 654 1365 2051 159 2348 247 751 832 1206 1802 2236 737 1433 1439 992 223 353 2309 1544 2046 954 1768 1018 2656 496 2768 895 2322 2150 39 2502 2435 2571 2506 1035 546 1693 531 106 1361 589 1899 1381 2382 331 1601 1839 582 75 1197 2526 1960 1738 684 2467 431 1616 1789 239 1975 1961 2690 1753 1918 1605
000116.jpg,1590 93 895 2236 1334 1124 323 200 2053 614 2016 2047 284 39 1506 249 2493 581 1801 502 244 1114 617 270 1810 2656 370 1207 820 267 2601 1683 546 281 2471 926 1348 1289 2114 704 1824 654 190 1087 1744 832 1255 454 1080 2561 986 1647 990 159 1291 783 884 1323 1593 103 303 891 1477 1235 1254 1916 2531 1821 2509 1918 2072 1857 280 737 582 1664 334 2787 1292 1012 2288 299 2273 1272 842 1166 2456 2797 1577 1475 1312 853 1118 2184 739 956 588 2418 475 931
000117.jpg,2311 2171 2810 1150 252 1785 1889 22 2404 501 682 2717 2346 313 138 2821 1214 452 2779 608 274 668 2438 1062 129 400 1725 1201 1688 1701 1921 402 1612 758 1507 1530 786 403 1056 388 840 1404 473 2265 657 1326 1356 2570 1213 2351 2022 1916 107 1177 383 1503 2632 1826 2588 2285 936 2169 2708 295 1061 788 2550 890 268 1637 1171 163 1892 607 1486 645 1543 1789 1329 456 1815 2061 1879 675 346 927 506 1568 141 5 1743 2794 1104 1744 1039 466 63 1923 1685 552
000118.jpg,1471 2449 495 570 8 1843 2521 1277 20 1487 37 2058 510 2555 1524 793 448 922 1694 122 888 412 2648 131 1188 1727 1859 2461 38 2687 1006 1811 1090 2571 2466 777 2168 2807 1659 1069 2565 1828 2820 2595 2835 2547 1355 2222 1607 210 1629 42 752 2317 294 1341 462 2758 1363 1060 643 561 204 1765 2018 2726 2501 127 736 1764 1259 2422 2146 1797 577 2189 2159 2662 1941 2468 2473 511 1276 167 2700 2233 764 1318 2616 1790 2360 1502 530 1180 1996 40 1194 1536 719 443
000119.jpg,1687 1250 725 321 371 450 126 2772 589 1361 474 1010 1772 2624 1874 539 1876 2046 1544 1323 103 74 992 2606 2836 2020 297 2506 1120 2309 1908 1223 1011 1561 1400 1840 404 1107 2376 1451 353 1940 145 911 2334 1233 2777 2561 1786 338 381 1627 2240 2475 1236 522 415 2485 1961 2497 496 944 702 2088 2628 1055 2353 1845 1185 191 1799 2165 2329 2592 2683 1501 1944 1788 578 769 2276 524 2052 1466 1601 351 594 826 1532 1578 865 2480 2761 1313 201 2382 1170 173 2564 308
000120.jpg,980 298 1560 2118 1610 1884 1285 2194 448 685 661 2428 1548 1858 229 669 879 867 973 1015 459 1189 600 2835 2023 1422 2820 2466 2213 2047 2363 45 2352 468 454 1811 1571 2303 2013 2175 2372 1982 1387 1366 2268 557 690 2425 747 1618 442 2791 2460 969 1469 372 1227 2197 491 2623 2781 1237 1863 2266 2279 577 370 2607 1238 358 1990 511 1113 127 1828 2706 2167 1205 1355 687 1520 2662 2437 47 1272 269 2633 846 1300 1180 1939 614 2640 1660 1291 2514 1394 548 2387 1480
000121.jpg,1982 1925 1863 2297 2347 2584 2146 1122 2018 1324 2804 796 2284 1807 1748 2468 818 1373 2805 1014 2651 1814 2771 1295 469 2240 1372 1259 2455 2345 2780 2630 1289 1619 1192 379 2833 1080 1659 2368 1459 1626 1411 2529 2273 1366 2701 1549 1939 1180 2139 2621 1509 667 1480 1531 2844 1027 2363 495 190 1615 557 2616 2504 1272 2447 2412 466 2637 764 641 556 2011 1474 1345 1811 2703 547 801 879 2605 588 2466 2659 493 1484 2355 2460 1010 2633 1157 2481 1744 8 1118 2835 837 2203 1166
000122.jpg,2770 871 1998 205 2041 2027 2625 2103 104 2216 1677 2305 1742 1183 813 508 350 924 487 118 2789 2782 1396 189 772 1105 1614 2259 337 326 2249 1681 2258 715 2528 1853 1935 1554 1463 2306 235 2257 1032 2696 1644 2774 1331 33 2511 1979 1673 2037 809 1942 2086 2049 567 2369 2627 2711 808 1305 2773 1654 1695 367 2812 2193 2534 2228 2680 1508 460 1367 2101 2081 2060 1650 1088 542 705 2664 1302 545 766 1303 2715 2144 2359 1892 1015 1920 1184 2573 1384 877 220 54 734 1042
000123.jpg,462 2555 2752 2058 2192 1277 2254 1734 1341 1517 1727 1382 2754 1467 2159 993 457 1607 1069 1028 2758 2234 575 736 2233 1690 1259 1538 1416 2360 357 2802 32 2422 1626 1859 1194 2648 2733 187 2684 2166 2417 1669 793 530 2212 1327 2368 38 2805 2239 1919 2605 2721 1104 728 1990 2714 2106 116 230 2780 2372 495 2525 1950 1034 47 590 1410 1060 818 2523 2326 20 87 102 1604 1278 2630 446 1714 2651 2190 1694 1090 1926 2563 2180 2196 1584 825 1355 1372 88 83 902 2501 1224
000124.jpg,204 1785 1228 645 1104 1556 20 40 2708 1716 510 824 2213 1892 636 2162 1304 2311 2825 294 2726 1502 1743 2616 2550 2155 1161 592 559 138 628 2521 1530 2508 1232 2707 1638 1764 561 1629 2168 851 1694 1736 2450 153 55 1507 2061 2634 397 63 167 2011 2128 2176 1078 1150 2335 894 1773 2632 95 1889 2171 2465 2505 1749 1898 2832 2037 1771 2481 2438 728 419 412 2779 457 2030 255 403 1662 2278 499 1939 2595 753 478 2721 217 400 1072 643 1487 160 2153 1632 2641 1970
000125.jpg,1200 1709 87 1396 2394 716 355 243 1713 929 575 1410 256 2487 2563 993 83 102 2802 1988 2453 1327 2212 1178 1812 852 610 1331 2525 1564 527 616 830 1943 1002 666 1729 1796 2331 825 2106 1105 2166 1382 301 648 1450 269 1224 1419 590 1136 2262 603 724 1838 1587 630 652 2034 1895 1505 1676 1919 1119 2336 1732 1278 2801 94 2357 1132 683 2843 237 817 88 2530 996 678 1407 2196 1584 2752 392 85 1604 2167 591 902 2432 605 1946 2343 2764 1978 2446 1705 2754 1044
000126.jpg,650 1335 475 2062 1683 1912 2288 2666 1818 1283 285 1916 737 1723 2346 1293 1281 334 546 1593 807 1647 2281 1221 1097 65 702 1603 372 789 1844 1858 1884 39 1021 750 2471 990 2561 343 2043 1084 2171 1340 2816 1300 1891 2040 1824 980 1235 159 1143 1692 848 1394 1972 2690 926 1570 189 2060 2601 1591 240 952 275 2687 364 820 1286 2114 454 1189 270 1702 1402 502 1608 803 2520 782 572 1502 395 1018 2624 1323 1230 103 2726 1015 2103 1541 766 721 1655 206 701 1610
000127.jpg,1060 1234 317 1698 1260 1880 2399 2100 1425 2372 115 2820 2253 195 352 448 2831 1034 2635 669 577 551 116 1618 2835 795 2466 2662 1520 1449 1858 2058 793 678 829 38 600 1538 1251 1907 1990 1837 2554 511 2213 2135 1025 459 2700 1341 2714 649 122 1790 922 2648 1095 210 935 51 1188 47 899 1227 385 1936 2417 661 1363 412 1069 1714 685 2096 46 476 1694 2340 2461 1043 1540 1212 570 2194 2492 1607 2268 2223 37 1640 2823 229 2758 1981 1286 1865 892 2721 1169 576
000128.jpg,983 1212 2135 2699 2756 348 1606 2179 1070 1569 2476 45 550 1852 670 2089 2087 218 491 137 2279 1984 2252 1109 2425 2492 2809 2427 1781 2308 523 843 715 2569 695 2144 2712 2190 354 1142 2119 1447 51 1728 644 2091 637 1870 1617 26 2021 2785 2056 2116 2489 2164 1489 2441 1592 120 1190 684 699 858 1422 1425 521 1003 777 60 525 1091 183 663 1473 2842 1376 705 1076 1364 1117 1598 1231 313 1639 48 1657 860 68 1035 1876 2713 2393 1198 757 322 2031 1640 2668 2674
000129.jpg,1931 1262 640 1055 2728 1944 995 1825 496 925 2046 992 1601 2309 420 655 431 2669 677 1874 1185 1544 2526 331 1578 1011 1881 713 1692 1439 860 2704 1820 1768 2220 1417 1381 2475 1639 75 1802 146 482 617 165 598 2057 1756 1623 2393 1782 1139 2207 1151 759 1397 1693 2506 2558 503 1616 494 1777 1627 2291 2322 1840 2652 1561 1528 1199 2761 418 2768 178 2744 910 1799 353 1312 804 2561 751 2656 1961 2419 1433 270 769 1035 290 732 404 2836 1313 1733 169 725 148 2480
000130.jpg,879 2363 2504 1531 2478 557 569 2460 1122 2185 1373 1324 1619 1294 1549 2532 2077 690 1180 615 2175 1389 1080 930 193 886 2090 1982 1480 2778 1394 1769 425 254 1814 1430 697 1189 2540 25 1446 1863 121 2771 2529 790 2381 1118 923 932 2524 390 1967 928 1418 1386 1411 1427 2231 1114 1166 1050 2471 2818 2304 498 99 1971 796 1659 2054 646 76 566 1635 1925 2833 1939 436 211 2066 988 2618 951 1366 2323 1854 2584 748 1252 2013 101 962 1699 2015 626 1295 522 989 1793
000131.jpg,1721 2510 601 215 522 2409 145 1759 315 2663 293 70 485 1075 1769 931 1845 1753 1107 2772 2622 1905 1908 768 2478 1195 254 790 2624 1361 589 714 2276 321 371 1594 848 2757 1310 1609 578 380 2561 1114 2 1233 1834 2054 1165 2064 1786 614 126 658 1137 903 2777 951 1427 436 437 18 1323 103 1390 898 767 2722 725 251 727 2471 1166 1340 2653 1876 1406 143 73 1357 803 12 763 841 1173 378 1558 1413 386 930 2667 2000 2219 2077 2778 709 1809 2380 1869 702
000132.jpg,1874 494 1223 1840 2606 826 74 2312 2057 2683 2291 2421 1011 496 1236 1772 1704 1819 2309 627 2046 1754 992 2242 865 524 941 2652 2084 1799 2353 2220 1768 2475 949 1038 2737 909 2149 1864 2161 2148 1343 1561 1643 804 353 945 2639 1092 489 1949 1616 1041 84 1458 283 2424 2112 647 2386 1787 1468 2669 940 310 2324 2688 75 1532 2583 1437 266 450 639 1820 2566 977 2542 482 735 2744 331 207 2025 1004 2724 906 43 970 2564 219 1151 835 152 911 944 1901 225 1146
000133.jpg,1201 1701 401 1826 141 388 2810 2351 2346 252 1688 1404 473 22 1545 1879 607 2274 383 2717 59 2366 1808 394 1725 2404 163 2055 1061 1265 1543 1637 631 2438 2128 1326 1916 1214 2311 1213 313 682 466 2002 2588 2570 2638 1556 668 1356 2751 2090 1766 1023 1089 2169 1889 2205 1171 400 565 1716 375 119 227 1056 403 1857 2113 304 2457 2171 2726 24 1963 1612 2779 552 1953 2567 2155 1266 337 220 1744 1339 2143 2808 1448 1530 2574 609 1789 1711 592 1150 1743 138 452 2153
000134.jpg,1923 501 1378 129 1062 1662 324 452 1813 456 2821 786 628 936 840 1507 1465 430 2429 402 1568 2632 1503 753 478 1048 1281 1150 758 1008 2285 363 1039 561 645 2806 346 2244 788 1177 274 608 107 2407 2398 1889 397 467 295 268 89 1785 1730 2634 1140 2765 2311 1026 1022 2061 1921 2022 2550 484 2779 1685 138 153 149 125 1736 52 108 2176 1932 1892 55 2232 1273 217 1104 2794 412 2265 668 927 2414 2450 2142 63 1638 1472 2002 994 1481 2604 389 40 1712 1612
000135.jpg,2386 1787 1949 192 940 1123 804 207 1343 1092 2424 2315 2683 647 1437 2161 949 2025 2652 61 43 84 941 496 2737 849 2678 2582 2657 1874 2639 2724 245 335 2188 785 1204 1532 2448 2498 1820 948 310 1223 2744 1110 2084 2688 2112 1901 148 196 198 835 494 1819 1726 1772 482 524 2220 639 2242 2566 1038 1468 1458 1840 1704 2421 627 1864 732 338 2396 152 489 225 74 2813 418 1754 2324 1208 1866 1616 2046 2353 653 1643 1004 353 2291 1011 568 838 2814 2309 201 712
000136.jpg,836 869 2096 935 2168 762 1013 1217 1059 2627 2261 1336 2645 1827 1108 856 396 1797 2283 734 1286 131 42 2222 175 587 2831 2160 1790 96 1556 1633 1933 330 1764 1910 1315 2099 1188 537 122 1034 1363 1625 2648 2335 2750 1715 1283 476 2795 2440 1098 1941 2839 2591 1304 2193 309 1220 505 147 400 1329 2431 2595 793 827 2570 2500 1844 2201 385 834 861 2083 2081 1736 495 290 185 2816 1500 333 2819 1635 1995 922 1629 1637 1880 46 2823 443 1060 2642 354 2181 212 562
000137.jpg,1375 642 2223 700 548 2614 2495 157 1181 1101 116 1811 288 442 1099 2352 195 2675 1618 2613 2781 1936 2343 2417 1571 358 600 912 846 2208 2253 97 269 1095 2835 1509 1929 2640 1698 2100 774 1422 1548 446 2196 2338 2131 1264 1341 2466 1862 2023 1828 2399 1392 2776 2648 1607 1538 2697 2063 2714 1524 2266 685 2750 1520 1094 176 1645 2609 154 2843 307 2607 1058 124 47 2423 1227 1604 2437 444 1355 421 1224 1469 892 669 2140 2796 1714 1990 661 591 1212 979 2635 1301 2738
000138.jpg,1777 482 26 2639 1458 2678 804 1417 1130 860 418 624 2737 639 2506 1369 2107 1870 2649 2046 732 2744 1185 2688 653 1490 992 835 1433 179 948 1011 689 2161 1489 1840 1866 2652 1110 1802 568 104 2683 1113 496 1901 580 2503 1820 1643 2250 1123 201 2353 1819 1693 1874 2050 949 1437 1949 2479 1501 1208 2309 2424 647 1563 2582 1882 1206 1343 198 281 192 2242 1787 1692 61 1532 2315 2084 1298 524 494 310 1204 2826 1223 2421 941 2386 2220 713 735 2025 2836 219 1468 865
000139.jpg,75 2669 655 331 1692 2220 2526 1768 995 640 1616 1139 420 865 2149 2542 146 2656 2242 732 1839 1298 1693 1004 1643 941 1561 1312 617 2639 148 1236 2497 270 310 2761 2309 482 1820 1417 739 335 647 323 247 2291 1908 2025 1199 2057 781 98 198 574 751 353 1501 627 949 2324 1437 496 2652 1563 2585 1397 238 992 2353 2737 2046 2112 1172 1830 1819 2768 1578 688 1468 1433 169 1754 1486 1011 2328 1704 1605 910 1041 2148 2250 713 1365 494 1772 2421 2084 815 404 225
000140.jpg,551 741 2727 273 342 1431 573 961 1520 1539 62 2097 17 429 792 2226 2719 2208 414 2529 1349 1256 718 2074 889 2415 901 99 1793 1980 1373 432 1215 78 302 893 600 2658 2755 2710 1833 2117 79 1440 2026 361 2140 292 1691 513 1479 1252 142 2363 1684 1514 2559 2068 2818 2556 1699 912 2568 176 770 1398 307 1058 2015 2702 593 2723 2722 2104 555 2517 427 886 2298 1599 1211 1986 1067 2685 733 673 2126 36 1065 2469 1509 975 557 731 25 2267 1209 955 1571 1976
000141.jpg,849 61 245 207 2025 192 139 1437 2386 1417 1369 418 647 1787 940 804 2652 1343 785 2396 1949 2188 1092 43 296 948 335 26 2582 2724 1651 1208 310 2035 2315 1870 1123 2424 1820 2737 2657 2498 941 84 1468 81 1204 949 1563 524 2479 2683 732 2552 2639 2112 2813 238 2052 481 2220 1011 2161 1532 482 2716 686 1172 925 148 2649 653 838 198 2448 496 2678 1772 152 1110 2814 2744 1151 1223 239 209 1726 2427 168 1874 225 494 2084 196 1038 2441 2566 644 219 356
000142.jpg,63 1019 149 1899 1760 2435 1712 313 1685 1889 2708 268 2794 559 2841 2311 2827 1486 274 608 2022 403 2061 2404 1018 1507 2531 1333 1177 609 782 657 1214 153 2632 1056 107 40 478 1530 954 753 927 815 1953 1048 1918 204 1789 2465 2505 596 2278 22 295 1150 936 2176 214 628 397 900 1896 252 2398 1970 2414 452 2550 1612 654 1725 1171 2438 146 182 408 2604 621 2806 55 2821 2580 1103 171 169 1190 1472 140 1376 851 2419 2766 138 2429 506 323 2779 5 636
000143.jpg,2707 1714 260 1422 1640 1116 51 563 663 2241 1990 2135 2712 2417 1679 2425 491 661 1560 2308 2569 45 47 2714 1936 459 2194 2427 2133 2088 1198 448 1447 2713 2279 1212 2721 1054 1592 843 1095 269 1381 2260 2213 1894 2495 1051 1606 2571 724 1224 2089 674 2699 480 2826 2538 1142 1328 2397 1487 1218 1178 1658 2287 683 1878 305 2352 1586 2422 2660 1838 1525 1713 348 2268 600 1416 1567 137 1672 2118 900 442 1341 1610 298 1548 1604 1859 229 2523 1327 2212 2180 619 980 511
000144.jpg,640 654 2561 2520 750 1789 865 135 98 270 702 776 781 1692 990 848 614 2378 159 655 910 832 475 768 75 1845 502 546 1235 2542 2624 24 1114 2601 954 1323 65 103 1916 2557 2669 1643 2242 522 995 2210 739 927 1501 2276 1830 1312 323 2471 2149 835 582 2236 334 353 247 1340 737 578 1908 688 2497 2667 1107 1570 206 198 1451 941 182 281 1651 1881 539 1768 1018 1839 2772 1035 841 2143 1448 618 1775 297 558 862 1335 2462 1876 39 1208 2150 1973 2334
000145.jpg,1851 923 2379 1390 930 1557 1964 1516 2618 1137 1418 461 839 579 1154 2757 251 2416 2540 2185 1976 2778 697 2622 1209 932 1759 25 528 886 2304 1546 2225 1252 2722 975 763 1769 2559 1427 1834 982 887 432 1049 513 2658 2219 969 875 1531 151 615 1521 172 1271 2015 916 1211 955 492 70 1242 1793 1479 2546 2496 760 569 1514 901 593 2054 2140 1112 2333 99 7 646 566 2818 2731 1399 314 532 277 193 1699 2793 768 1373 123 1128 2723 1721 2349 2517 2038 2323 1431
000146.jpg,199 2667 381 2276 21 2272 505 733 694 2376 194 555 1731 866 680 62 1499 2314 161 770 289 747 1359 1767 1492 2423 2543 500 1320 1686 218 832 1496 1413 1636 2020 563 1660 1398 2260 1391 1422 2568 2187 681 723 1980 802 2026 2074 2433 2556 1256 1860 2267 2415 867 2628 2702 1186 2085 2117 2755 664 1197 1850 1136 2157 2668 878 2701 2685 417 1553 2607 429 554 276 2126 1871 2380 109 2038 36 2150 1534 142 597 1601 2653 2364 868 2075 709 2262 2723 1065 2655 755 534
000147.jpg,1421 991 472 2473 2355 1459 2659 493 1289 2360 570 357 2368 693 1576 2004 641 888 1748 2146 764 2206 228 2651 2780 2805 588 1259 2043 801 2739 1887 2356 960 190 2159 2740 2447 160 2548 2691 1758 2018 2327 798 1765 2109 1193 1542 1626 495 1279 1196 1345 170 287 880 2726 20 797 793 2326 2321 1086 842 1859 470 1358 2094 158 1665 1194 422 796 1403 1457 604 884 2694 279 2703 2456 242 2189 2461 1014 134 2008 1530 282 1807 77 706 891 2816 2058 366 720 82 443
000148.jpg,734 330 2501 2534 1023 2283 505 175 1715 2205 1926 354 2099 552 587 316 2394 2674 2071 2660 337 2640 2105 2747 1934 88 1339 1827 1624 2042 2733 2500 2190 599 1885 1376 2177 2337 2819 458 2594 290 847 1135 238 185 1790 499 1844 1070 483 2696 1991 313 68 394 1963 1156 94 523 2799 1710 2592 2547 2750 1961 1933 1743 1314 2336 46 2335 2808 793 391 2098 2021 1898 530 2742 396 2625 1870 476 28 550 892 1305 2565 2645 1988 836 2049 2627 808 2055 2254 2201 2192 1741
000149.jpg,2027 2041 2715 1935 118 1920 326 2680 31 1231 1614 1673 1463 350 2258 754 205 2249 2711 766 2305 1677 2629 2239 2773 504 2774 715 33 1396 1367 772 1429 1183 2770 808 2812 2696 924 1729 2528 1644 1370 567 2369 2086 2668 48 1569 2625 599 1974 871 2103 2627 240 928 1331 377 705 2792 1174 966 2257 2534 189 1562 1395 2756 2310 1088 1303 2195 60 2042 162 2511 1489 1130 692 2573 1657 2232 2782 1126 877 413 1441 1105 1998 1554 483 2664 1263 1461 1781 2745 1853 367 1728
000150.jpg,1785 645 2171 2022 1685 2311 2061 1150 1213 22 2810 110 1326 1214 1889 473 1171 182 456 306 252 782 608 274 2779 1472 2169 5 1507 304 1612 2806 2404 2841 2766 501 927 1026 954 125 1789 2632 2505 2465 1333 313 403 2113 668 657 2346 63 452 559 2567 2821 1019 295 1177 107 2002 129 1062 149 2232 1653 1916 153 268 650 1281 138 1568 936 1018 2717 1923 2550 402 2351 430 2726 40 758 1760 1530 786 1744 1201 753 1712 2414 2588 1892 1104 1970 1048 2751 628 1921
000151.jpg,2328 1179 841 2108 802 1562 2491 738 1733 80 2462 311 1886 1004 1298 2384 1553 970 597 2038 981 2078 2451 1578 114 1667 2786 208 1601 2408 2227 743 2165 2036 532 1434 1236 945 2647 173 868 1492 199 2668 1529 1890 2250 1233 875 2299 21 347 723 1830 2423 760 75 878 1344 2421 1717 2380 2267 2568 340 2069 713 767 865 1368 1243 2743 417 2334 1379 2566 749 639 554 2509 1754 1038 1107 2354 1849 1186 1110 1485 2788 2302 1033 283 921 2734 1443 1528 2628 1908 1799 819
000152.jpg,1916 2366 2346 1711 182 559 2171 782 125 2378 1918 1018 954 1881 1335 1839 1692 1789 313 334 927 1333 640 900 1766 995 2589 2810 650 1723 2690 1173 4 2419 323 910 502 59 2602 657 1655 2043 783 655 1972 654 1831 306 1582 2806 658 990 1668 1647 475 2666 200 126 750 2471 1984 128 1785 1608 1439 2051 295 1434 737 739 1486 1701 119 848 24 865 304 1235 39 284 1957 75 2236 110 831 1374 1537 1725 1323 1845 103 1666 2574 2669 952 618 2601 1312 2438 2762
000153.jpg,2605 443 2284 1811 1763 2473 1982 2018 2347 2297 2705 1536 8 147 2383 1372 1192 1090 1082 1308 602 719 1180 1069 2630 2571 1671 167 2805 393 2754 2651 2758 2146 1474 1032 2804 96 2269 2623 2535 511 2771 1286 1259 325 1661 745 495 1629 2831 894 1626 764 1880 1324 2278 818 1217 586 1373 2529 556 892 233 2780 2368 352 1006 1027 1941 2466 1353 2554 827 1447 888 2345 37 1480 1925 845 2431 1014 2584 2030 2168 1539 122 1122 20 1289 837 373 1363 2643 1469 294 2395 829
000154.jpg,772 1230 572 1853 1579 545 1354 515 919 2369 2664 504 54 711 1739 710 460 487 1893 50 1367 2644 1000 1088 542 1695 1541 503 377 1508 1681 727 633 2103 1920 1654 9 2647 1423 952 1942 1287 1325 326 1031 582 1239 1015 235 2782 1310 1361 589 1187 871 2259 658 1115 395 1384 1680 453 531 508 2600 1221 360 791 1210 807 1042 789 529 1798 2770 2625 1742 2228 2086 660 1368 253 1998 2828 803 1175 1900 672 72 2359 2504 1641 240 1455 932 1770 2012 485 2001 2778
000155.jpg,154 2749 729 203 124 799 918 1216 1215 1505 2208 2710 307 1349 1067 2226 344 1491 591 349 2444 1375 2709 1002 2140 1509 866 2063 961 414 2296 1719 1141 912 1407 1600 2430 1924 2270 342 2727 2796 700 616 741 2357 733 2675 2196 41 1564 91 779 2131 1431 1134 1796 2834 765 1159 2844 651 708 635 1264 2300 1619 2654 166 176 427 1597 97 1878 792 2223 2568 2255 2843 14 2038 1129 180 2738 630 1449 979 1652 1338 1571 2776 1181 1812 527 426 442 716 2801 1438 1211
000156.jpg,2287 662 671 1909 2280 1253 2814 1148 2698 532 231 978 2470 259 2826 1328 1555 947 2798 2544 2028 2241 1197 623 1388 2125 440 1830 480 1179 2660 1658 1123 1142 92 2279 904 161 137 612 2038 2718 1895 1499 981 726 1733 2397 760 1977 999 1212 970 1485 1886 2173 1381 1518 860 1651 1298 2753 1003 1956 775 219 965 1054 1107 838 2716 858 2462 120 1004 2036 197 2539 431 1710 2250 525 768 2200 2150 1422 1051 2838 2482 1587 2628 653 1601 2108 1274 260 1878 1288 45 26
000157.jpg,1795 1847 1513 1743 2690 2467 2070 1356 1530 160 2717 1078 739 403 2570 1789 2505 2465 391 383 1056 2784 2821 506 1401 758 252 1725 1330 1201 1161 668 2404 1701 1061 1889 815 2708 138 2061 1135 2388 927 2094 2565 2346 2351 2597 2810 1844 1150 592 22 840 609 565 1766 2265 2285 2089 2311 2811 890 2042 2153 456 2438 163 894 1716 782 654 957 744 1063 1213 2726 419 216 402 1022 1826 786 1921 1018 274 608 89 2103 2335 346 1329 2171 1543 2795 1214 864 2839 2531 2588
000158.jpg,2203 1488 701 851 1232 1502 510 2060 2521 636 2128 2162 1659 1032 2037 2193 117 2726 189 1171 2502 40 1591 294 1184 2278 106 1892 1605 602 1371 214 2643 1661 466 1974 1602 1738 2625 204 609 2567 1111 1061 1677 1998 2569 1078 2153 1530 181 160 1632 2751 2361 2109 1771 643 20 2103 1987 2841 1744 844 2183 271 740 1365 670 1225 2179 526 163 244 1953 1401 96 509 2457 138 375 2094 300 1255 491 2435 481 2768 1843 1461 495 1332 2571 1927 957 2565 2404 2152 924 2048
000159.jpg,1055 2766 1931 2558 1825 939 1756 2580 1591 2070 2728 2207 2704 1944 677 2526 223 1262 331 278 1139 598 2301 1185 655 2412 844 1397 1317 2292 420 214 1881 2669 165 1199 2294 1602 1696 692 695 1601 2051 1582 1824 509 1987 2435 740 814 815 323 464 244 1439 592 1515 1019 1433 2457 1940 2273 1953 305 2643 1655 181 807 1744 1426 640 872 2531 431 6 609 2048 408 2502 1623 264 2215 2115 106 654 1993 1544 995 1362 732 1706 1842 227 496 992 1282 2046 5 1815 2506
000160.jpg,2139 819 264 299 2575 2455 2484 748 2215 2833 1887 1009 2273 1551 1667 2356 2039 1689 2092 2371 1585 455 1601 1810 1675 2682 667 80 1542 2459 2635 1815 1434 2332 695 558 1549 1947 1459 2509 706 1383 1118 1298 1842 1159 1789 2412 262 1863 263 1733 1748 1572 1622 287 837 2354 2158 2447 1470 1191 1296 428 1814 1086 278 1122 1982 2672 913 2776 1087 607 182 2659 1619 379 1350 927 2844 1925 1615 2036 2576 311 90 1354 2633 1531 119 425 1597 1411 227 2717 228 2783 2532 2075
000161.jpg,2571 619 1447 1188 122 922 1363 459 2712 2705 2308 661 1764 2079 1305 1469 2317 1536 1991 2831 576 1304 2799 2700 1865 2791 1941 45 1823 205 2030 511 2807 2193 1811 1198 1461 2699 762 2083 2427 20 1606 1907 1790 2089 2750 2466 2437 16 2623 1483 37 935 300 2648 2269 1217 491 1933 1540 2201 1103 167 827 38 2260 1640 1052 2096 2194 2445 131 577 734 1592 602 892 2425 443 2216 2401 2439 1917 2569 1425 2789 476 2661 1610 1070 670 521 96 1227 217 495 1714 2253 1184
000162.jpg,1571 17 600 2296 2738 1811 1355 638 2466 1349 1278 2640 147 2835 1524 1804 127 792 2023 2068 1360 1520 1327 2212 1181 1828 273 1539 810 2097 1607 1924 2710 1216 2352 166 2444 307 116 97 1509 722 2372 1101 1341 2781 642 573 2226 958 1719 30 1514 91 38 2246 1803 2721 1939 1167 1060 1630 2271 1606 741 551 1099 1037 1059 269 1266 2392 34 1445 1790 1034 2727 2496 2189 1215 1952 1277 1538 1270 665 2648 79 1411 1224 230 414 2808 195 2801 444 2654 1069 47 1067 1547
000163.jpg,1532 940 647 1949 2386 1343 2479 2683 2424 1092 152 949 804 1704 2315 2161 1787 941 84 2652 1437 198 192 207 2639 1170 2737 310 2130 43 2025 2582 61 1563 1772 1123 712 1016 1820 1901 2657 1874 849 1693 2084 1204 238 524 2112 2220 196 2724 2242 480 1110 639 2353 2688 1819 594 494 1223 74 2678 735 835 2813 148 2052 335 2566 1643 225 1616 1458 81 2188 2744 1038 245 2498 785 1754 624 732 865 1468 1840 482 2448 1208 353 909 2324 1726 1864 948 450 2421 1866
000164.jpg,2355 1421 796 1289 2691 991 472 764 1180 2146 2473 641 2018 2109 604 2004 1671 2740 1758 1765 190 1295 2175 495 1420 560 422 588 1474 1403 2535 1863 570 2468 366 325 1358 745 2605 58 1941 267 798 8 448 719 2820 1807 1665 2771 2327 1193 493 1196 2284 347 1279 2659 160 818 880 687 1576 1238 2368 888 1452 140 1477 329 1868 2266 1577 1811 2456 2805 242 2780 2581 701 1925 134 150 1814 443 1982 2485 1372 2418 2651 1086 2047 158 1524 170 1626 1291 2043 1882 2203
000165.jpg,2522 894 160 419 1078 2094 2708 2182 1927 2213 506 957 621 2438 1061 565 2089 171 1364 592 609 337 1844 2283 1530 1556 1064 255 892 2153 1632 476 1543 175 2128 204 561 734 2643 388 46 2565 45 1032 1766 2404 1232 744 637 2071 96 1764 2554 815 1637 510 793 1330 2181 2603 403 2308 2521 1286 163 448 1716 2155 2191 2401 1401 137 525 49 1024 2612 2819 511 2427 408 1540 1889 412 2335 2162 22 2269 2841 466 1117 636 1981 1638 2816 1933 1743 68 2021 2760 2351
000166.jpg,1976 1834 1242 2524 2722 1252 2104 277 2818 461 1137 432 886 930 1964 969 697 2757 2517 1514 975 513 839 2225 2778 718 1851 1049 1793 1684 2379 2185 2219 2540 1373 2001 1769 151 2015 901 193 2298 492 1557 1699 1516 763 1209 79 982 2559 25 1418 2719 1390 1154 2556 579 251 2771 2723 961 1938 1256 988 99 2618 569 557 143 2117 1521 1833 1122 380 770 790 955 1427 923 566 767 429 62 1215 2529 1112 2755 172 1531 2074 1599 1549 879 1440 2469 1759 1271 2363 30
000167.jpg,1002 1812 1564 616 716 1796 1407 1505 591 1491 527 243 918 996 2196 2357 2530 2487 2453 87 237 2131 2675 817 2375 1988 929 630 1587 2843 1132 2822 1676 1134 708 866 575 2034 1410 154 1946 1067 197 2300 2417 2563 2802 2394 124 463 1895 102 1136 83 799 355 256 1449 307 993 2544 1713 2817 1838 1224 652 2801 1906 2525 943 416 1719 1878 825 1200 442 2166 2106 2609 1392 700 2262 590 651 1936 1375 2714 34 1604 2208 1495 1584 683 2426 1729 88 85 1328 2523 203
000168.jpg,2438 682 2795 1725 2839 163 313 1743 1545 1885 2042 383 141 1376 1637 1329 220 1991 2335 252 1356 2049 1892 890 1056 2816 1503 2274 2708 28 2089 388 2570 2037 401 1808 2265 2370 466 2306 1061 2594 189 2404 1771 1111 1100 1164 1232 1556 1963 367 337 175 1998 400 375 22 847 734 2311 2674 607 2103 1891 1701 2164 2799 2285 1395 1741 2021 402 2105 592 2351 1716 138 525 2597 1955 2060 2177 1656 2808 368 330 2789 2283 491 119 1486 2467 1024 419 1404 2810 552 1879 1089
000169.jpg,530 2058 337 2205 2049 1277 187 2555 736 793 993 2306 2073 2159 1314 2641 1069 2138 2501 1669 1341 2234 1060 1690 1028 1941 2758 2733 1626 32 1950 1382 1919 541 1467 462 2696 1629 2192 2747 1926 1734 612 20 2071 2648 1194 2764 1607 2254 1517 2752 230 2239 734 2799 1991 1047 2360 122 2326 1286 2684 1259 561 457 1790 1543 499 2372 271 1727 728 2106 2805 446 1104 1823 2674 357 1615 2190 2033 2094 2565 1023 419 2790 17 2525 2335 2368 116 2166 55 1556 1764 1278 167 1748
000170.jpg,952 1579 962 1389 2323 1354 807 372 1541 1230 2504 572 658 2778 364 919 1143 2471 2644 1798 9 1427 436 251 1175 727 1900 395 848 377 2040 529 930 750 2532 65 1114 768 1310 803 1531 293 1394 1221 1801 578 2478 990 172 737 2051 789 633 2320 2378 2062 2561 1603 72 702 1537 159 932 820 928 1080 2066 515 1293 1839 989 1115 646 1118 2288 2520 1967 2540 582 485 1107 903 1512 1413 1097 1769 1312 640 1845 1106 2624 2759 101 334 1824 1692 1818 475 1908 1822
000171.jpg,2627 1677 60 2335 2041 2625 350 599 205 1673 715 1935 2839 1304 2661 396 2027 1764 1610 122 2642 2239 1305 834 2795 2791 1556 1996 1729 1463 88 118 2190 2249 2103 871 1329 2573 2257 16 808 326 827 2317 813 2012 2711 567 1910 2437 777 2570 2770 2305 2648 483 761 766 2258 2747 2086 1396 1644 1167 924 1015 1998 1093 2696 1461 64 2595 167 1898 240 1791 2705 1771 1606 1353 602 33 1569 1614 1286 1070 400 2098 2789 2216 897 1502 147 1566 2303 2037 2193 1091 1429 2095
000172.jpg,2309 1544 622 985 178 1627 2480 684 1601 2439 1897 2019 606 1788 1782 1775 1313 2051 2592 368 231 75 2753 1045 769 404 2676 1151 92 415 1975 1938 2165 1381 1717 1799 1710 2150 1961 2046 2800 1158 322 2655 2007 2670 1029 1197 2148 169 1035 1848 433 1693 2587 2036 1485 496 2307 1955 2713 1840 2084 2241 2606 2349 489 1767 712 617 1609 709 2052 2724 1453 1519 2462 2564 826 1344 812 739 2200 992 677 356 2322 1640 2704 896 2334 74 1074 2130 691 1422 1311 2389 1725 21
000173.jpg,2669 75 331 995 2526 1417 1011 655 482 2309 2242 1616 865 2220 1643 941 860 1693 992 2149 2046 1501 496 1820 2652 2542 1692 198 1768 2250 2639 148 1563 1437 2497 2421 353 2761 489 639 1468 420 1819 2084 26 949 1874 2424 2353 310 781 972 647 2683 335 1839 640 684 2688 2737 2057 1704 2291 713 1223 1754 732 98 2491 2161 1840 1864 1870 1772 804 2025 1949 1199 1787 835 152 494 1369 1343 2112 238 524 712 1532 688 1458 74 1236 1004 84 1038 2386 169 168 2724
000174.jpg,2582 1616 949 639 1343 310 647 940 804 2386 2737 1949 2242 43 2683 207 712 1092 1787 2025 198 1768 2424 1437 300 2639 941 2220 1458 1038 2724 84 1204 1011 225 481 335 2161 732 482 192 1532 849 494 785 1874 2652 2678 2112 2353 2688 2291 1772 1819 1643 148 1820 2324 61 524 146 1123 152 2315 865 1704 331 948 2669 1754 2657 2448 1223 1901 1563 1693 2130 2084 2566 245 2498 196 944 238 74 909 1726 1110 2421 2057 2188 594 1866 1468 353 418 945 1004 2585 2396
000175.jpg,2034 269 652 1796 683 2721 2196 1713 1224 1980 1838 442 47 2609 1449 2131 1178 1714 678 1837 993 1116 2545 1990 2275 866 603 34 1450 1732 2697 1645 1588 124 1538 2802 2426 1132 1778 830 2525 83 100 2417 833 2685 1950 2422 541 680 1584 102 1620 527 2487 88 94 87 591 1495 2563 2180 2129 113 2399 1431 1136 2472 1200 2453 2375 1392 2523 575 1410 1517 1936 873 2343 902 2235 1505 1073 1548 2613 1181 1943 792 2239 2045 2296 1946 2538 58 1375 2451 1523 97 483 1053
000176.jpg,2053 1765 1664 1506 588 1124 1166 842 93 2456 249 2184 976 299 2740 583 703 1590 267 200 2787 1348 1272 1334 895 2493 884 1289 2277 1292 2266 77 956 1291 1477 581 323 1724 2127 244 1081 2418 1324 1801 370 1426 641 1118 1857 2016 280 756 2072 2731 2656 2047 1575 1161 1484 2236 2694 704 1475 1080 2273 158 891 1810 1432 1744 1238 1012 2703 1735 262 846 2013 2412 2797 284 1196 991 493 1087 853 170 264 428 1193 2739 1377 90 39 2484 798 1669 1576 720 667 1357
000177.jpg,1257 1357 1753 2561 714 1609 2728 725 1825 954 182 1087 145 2236 247 1789 2409 927 1558 2772 2777 2542 2510 1018 1905 898 323 2478 654 601 640 581 371 1406 1839 995 1881 321 783 1075 303 655 2207 739 1594 751 2656 1195 2016 404 684 895 485 1810 2669 1721 2150 1590 1769 75 1842 39 1928 522 1715 617 1786 2211 1975 737 2064 1397 1312 539 268 215 782 1692 2653 270 2840 931 613 2580 1197 2000 2329 1114 1552 190 502 614 2276 2240 1166 1712 159 1475 1916 574
000178.jpg,2487 610 1709 1527 355 830 1040 243 1200 1331 1396 1713 648 2432 852 1450 2394 87 2331 365 535 996 1614 1419 603 256 1729 102 605 1410 1750 908 2530 2454 1105 1174 1178 435 2563 2453 94 1988 575 83 1895 716 1812 1407 2525 2377 929 301 1073 2802 1587 1044 1634 2260 993 1732 527 1796 1913 1968 616 1943 2034 2095 666 2166 1136 599 1564 1132 1224 269 2817 1894 1002 2745 2212 1327 1584 1119 392 1491 88 248 1245 817 288 2006 237 1838 2045 678 1714 1678 897 630
000179.jpg,983 1003 2441 2144 120 523 2119 1852 1117 2252 2164 1870 2552 2842 2427 1142 843 2827 81 2091 525 1569 68 644 1746 1109 2087 2716 521 2089 1977 2083 418 637 1369 26 1774 2179 2173 49 2191 2445 1606 997 376 1076 534 1598 2413 2105 1464 2657 1274 2111 2813 1447 849 60 354 139 2476 948 2674 726 348 715 2814 2809 2308 2699 1417 1179 1937 806 2507 550 653 1190 2190 2712 2230 670 1489 1651 1282 699 2442 838 1376 2021 860 2188 2382 686 2785 209 296 2248 239 1617
000180.jpg,404 1477 2324 225 2512 409 1255 2036 2016 1334 1113 283 1757 1960 1506 1041 2148 1344 613 2606 1172 970 2309 965 1236 2769 266 2130 179 1468 2485 1901 1578 93 712 972 574 882 2312 74 1840 945 281 2107 895 2241 201 323 1616 260 977 219 2084 524 2050 1092 398 1799 2826 1123 1151 1788 2724 489 1365 1775 2057 2291 1148 1139 1908 1313 1207 1199 2149 1627 826 59 2656 1388 986 69 1810 128 1011 2348 351 331 627 1553 2035 173 2628 2200 1544 934 1601 2344 178 148
000181.jpg,460 1979 2216 1367 772 2782 487 1508 1302 545 813 2369 871 1239 2770 710 711 1681 479 60 2625 1695 2009 1853 504 1225 1641 1654 791 253 1423 1287 2317 2259 2193 1384 1942 1000 235 1998 1325 360 1368 542 2812 1677 2103 531 1668 933 2361 1742 2012 2647 515 907 9 508 1088 2534 54 1566 1954 118 1015 1739 2154 2664 2789 1528 1184 2086 705 1817 1893 1717 2600 104 308 2828 672 2359 111 1920 602 932 69 919 28 882 2257 1263 2037 2774 2027 1673 350 367 50 2528
000182.jpg,1764 1304 122 2595 1556 2648 2839 2795 2335 2570 20 2571 2661 2168 576 827 2547 2481 1108 1032 2700 1277 2213 2058 1677 1727 2030 2625 1502 309 824 1790 2437 167 42 1836 147 2642 476 400 510 1694 1329 2190 255 793 562 2791 892 1771 894 2807 1167 444 2037 2202 1469 2222 1632 38 856 2554 2555 1797 96 1828 1188 2591 1933 495 2317 1217 2627 217 1629 1286 1355 1939 2616 1447 294 836 1898 935 1806 1927 834 412 577 2662 2401 1363 2096 2193 2508 1034 1607 922 1811 46
000183.jpg,593 62 673 2117 1431 1211 1256 889 2702 36 1479 1398 292 2364 361 1793 901 78 893 302 2415 432 142 429 961 2219 414 1252 1499 2818 767 2559 2267 176 763 2379 2015 1794 2755 886 2038 2387 99 1833 513 2074 1976 760 1065 982 1492 555 2298 1599 2517 975 2722 1699 1938 2723 2727 332 792 2225 79 2140 1890 342 770 718 2217 1684 1834 1215 199 25 427 2349 380 1209 1399 2556 733 2568 123 2469 1049 2757 2380 2423 2416 500 955 2126 2108 1137 969 340 912 887
000184.jpg,2041 205 1935 350 1463 2201 1305 567 2750 808 2511 2190 483 1425 576 1606 924 2627 2305 1677 1284 449 2258 122 1188 2027 2268 1547 167 722 599 2081 922 396 2573 2023 871 2249 1183 2239 935 2547 1032 774 189 2216 809 757 2317 1533 269 2422 2095 1991 2625 1790 2098 2537 2545 1804 2101 892 683 1729 1865 1998 2629 47 1070 1126 491 2711 2103 2721 2773 1990 715 1456 2799 2417 1811 2118 2202 459 2696 2086 1673 1034 2501 2648 1520 2212 1327 602 2472 1838 442 2492 2699 1538
000185.jpg,1455 1707 2151 2299 257 67 730 1138 1379 2828 811 1384 1068 1466 336 1031 253 2341 1187 1243 933 2647 1385 800 1442 1007 633 338 504 2730 1528 503 945 191 2145 921 882 69 1680 248 2497 1767 1275 435 1969 907 1511 1391 1362 2102 672 2389 1954 2655 1165 1519 828 627 104 966 1817 582 1966 2334 2165 909 1485 2294 136 1131 568 2600 881 1359 1573 1737 1186 1717 1005 937 1501 2314 1779 639 1439 1670 2290 208 1788 1740 112 2788 1821 496 13 578 664 749 1311 1325
000186.jpg,1720 59 1810 815 146 1127 331 1185 1365 1199 1437 171 1738 1953 732 1139 148 1486 1563 525 2396 139 137 1406 1288 2470 627 2652 621 2220 2291 335 458 310 574 2716 925 238 2552 431 2500 2057 2526 239 245 481 2025 2669 1012 2191 974 408 2509 1172 1488 2230 647 1208 849 323 2179 249 653 1151 1433 420 2639 2768 1397 2657 965 1842 900 1777 2838 1909 1899 266 2574 4 1627 1553 152 2558 995 202 1364 2035 1506 2148 2427 2531 2386 2048 655 61 2089 2382 49 494
000187.jpg,2753 1775 674 1307 2089 1725 1003 1486 2716 2819 2827 1896 2840 622 408 383 458 49 52 1190 1795 2552 525 1117 1789 330 1955 2099 2191 1627 523 2438 637 1870 1339 927 2470 120 1710 1029 684 1743 559 2574 2842 1376 2019 2283 2441 313 2500 2164 1885 2308 675 1975 2708 2028 1282 2224 596 1056 169 505 1356 2597 1448 900 1715 815 1164 1481 2042 2173 1999 1417 2021 2794 171 255 1018 59 1746 139 965 1956 2660 1296 2674 2467 1288 119 1313 2690 552 491 2177 1160 1208 356
000188.jpg,1489 2491 653 2315 1876 639 2761 1563 338 173 1011 1657 1473 1379 2485 2179 2814 2242 945 522 624 972 860 580 137 1693 760 949 26 2737 1692 1819 1344 1417 904 353 1343 1569 947 418 1561 525 310 2497 146 2582 2669 2220 684 671 2353 539 1768 1204 2150 1839 1772 828 1616 1870 1186 450 74 1107 2792 2828 2678 1499 1840 1555 75 2526 1874 2639 92 104 804 2309 2702 865 1298 2585 2046 1704 2028 1532 300 1570 1643 1310 2250 2809 2566 2161 941 1170 247 647 1908 2276
000189.jpg,2097 955 273 1684 1521 1514 17 1215 1049 792 1270 2298 30 573 79 975 969 839 2225 432 1252 2444 1976 1834 2517 741 638 1112 1058 2818 2835 1571 901 1793 2246 2015 2710 2117 1939 414 961 1431 982 1479 1964 2658 718 2529 36 1119 2466 2104 1373 763 2140 1211 1271 600 2755 513 1516 697 193 1630 1828 1128 1349 1539 461 2496 151 342 810 2559 1242 2221 1181 7 988 1355 930 2757 1209 2793 886 2727 1216 889 1520 2271 1418 1509 25 2379 2045 2416 916 665 127 2619
000190.jpg,1795 2597 2753 391 1725 2042 52 1056 2089 1356 1307 2708 675 2438 383 1885 2164 1743 2335 1623 1395 1441 1135 402 169 1663 2839 674 1970 1775 1486 872 1955 2445 1164 1627 408 1991 1190 734 2470 1329 525 2049 1870 2467 2674 1710 403 1617 2570 2690 2795 1592 815 49 1022 64 1679 890 2191 1376 1060 68 1185 523 2019 187 2840 1975 997 900 2093 637 1433 368 2501 592 1208 1563 255 1649 2707 2716 778 382 1723 505 2021 313 400 2073 2819 2265 622 2827 2660 1543 2500 1063
000191.jpg,2545 1888 497 291 289 683 1796 2034 1246 2626 1316 2472 799 1053 349 2764 1552 591 2078 2682 1001 606 2685 866 1046 1197 113 2817 652 100 1580 1586 739 833 1116 1656 2375 280 2384 1292 2397 1535 199 832 2063 1869 1985 1838 2350 2029 1414 674 868 2786 1593 2430 821 1743 2388 680 1312 2290 1319 1636 817 486 792 1965 2815 2549 264 302 78 893 822 943 784 1588 1983 1159 681 2364 1156 541 2129 1449 14 161 319 540 2211 741 1574 465 463 1346 1009 1338 1980 2646
000192.jpg,317 352 1698 1095 2338 892 2223 2100 2635 2253 846 264 1572 2269 600 195 1159 2833 1622 551 1520 2486 1615 967 455 2399 342 2255 2455 2158 1618 649 234 291 1009 1551 1880 1540 2092 642 2063 349 837 446 2466 2659 269 46 2613 1060 1043 116 223 920 1212 695 899 857 1425 51 2403 1548 2713 1800 669 444 97 16 2412 1422 1447 1714 2820 2781 476 2135 867 2640 1571 1260 2797 1811 442 2352 1234 1645 819 2571 1025 454 814 632 2235 1449 1411 1469 305 1993 1116 2835
000193.jpg,2168 2807 131 1536 2554 2427 2571 476 1013 376 2720 1108 793 495 2283 2278 1103 122 836 1217 2094 1447 734 1797 762 443 1363 1083 255 2442 2160 620 1315 2473 869 20 1469 42 2089 644 294 68 892 96 2079 181 1856 1401 2595 2643 861 2191 2261 510 2831 40 2096 1764 2269 49 2058 1761 1188 1933 239 935 2087 1811 1632 2222 2441 46 2708 1304 637 1336 1318 2030 894 2401 592 2591 2705 290 2308 387 2712 1661 693 2083 216 636 2648 2623 1176 922 2565 602 2726 1483
000194.jpg,1753 2077 2777 1125 2478 1842 601 18 2064 2772 2510 2561 202 1075 2 951 1609 714 2509 1357 2282 2663 1905 215 1406 371 145 1549 1809 1257 898 1989 2409 2373 436 1810 2728 725 2240 1430 1195 2121 321 522 1594 1397 2762 254 995 211 2139 1839 569 70 1720 1553 73 2596 2090 1869 372 1881 121 1531 2211 988 1832 378 303 2150 323 1001 823 640 425 359 2471 143 1114 299 1916 2477 2833 790 578 1241 437 2810 420 431 2276 1233 2075 315 247 250 1628 404 848 1752
000195.jpg,818 2020 379 775 876 2125 2495 1206 2329 2605 279 308 693 2805 1194 1882 1669 1341 2080 724 2036 1611 2087 1120 1184 2804 86 1203 1422 120 728 2056 1748 1424 1037 371 2240 2286 321 1714 1147 2383 689 2621 1536 1318 1687 2637 2748 648 1941 1751 1959 1016 330 1606 1198 10 2598 1144 1371 2314 2345 2548 1453 1014 1400 2376 2447 751 1192 2019 1843 2241 2211 260 2571 2780 2503 2506 2099 663 1940 1901 1805 1130 2713 1443 1410 187 2347 2297 1116 2263 2492 1259 469 2494 102 1075
000196.jpg,2784 2430 1134 1804 1140 483 344 700 116 2296 442 246 2781 97 389 2131 124 1500 683 2822 799 34 600 2749 967 2235 1719 47 1878 2640 269 2024 2212 1327 241 1524 780 1141 2023 1099 53 1547 147 1505 1935 1838 113 1990 1837 91 2244 2547 1571 1067 1224 635 307 2180 2675 2801 2190 2523 630 1713 1181 180 2654 2511 465 2422 1714 1924 1116 217 753 1407 1349 561 1220 2398 1126 792 55 2714 1101 2565 728 1606 166 2189 1463 412 2196 2223 2545 2710 17 866 2738 1564
000197.jpg,1663 1860 2753 1328 1544 433 2836 947 1381 622 2628 1617 1148 1253 2289 1218 1679 2439 1054 2287 1649 2050 2707 2837 2840 2713 231 2380 2069 674 606 2085 1422 1775 1782 904 161 1640 1045 194 1658 1029 2544 1938 2133 2224 259 1623 2038 445 1499 21 1160 1017 2010 2397 680 684 2842 2480 563 440 179 1886 197 169 2267 51 623 769 1444 219 1636 2815 201 368 2482 178 2826 1634 1788 2423 1236 199 2769 1965 1627 489 2241 2312 36 970 1848 2375 985 1496 1388 2724 2078 2309
000198.jpg,2571 2278 2841 1536 620 1283 2705 1318 1702 1363 2467 2643 1032 1502 96 894 2690 2726 2171 617 1715 495 2816 1184 1975 333 270 1103 475 1927 2761 546 654 1827 1286 1018 636 2048 39 957 782 2269 2168 1335 684 106 2288 1661 927 1683 122 2531 744 181 1632 2141 815 1844 2440 476 2708 2326 1401 892 851 1472 1593 1692 1932 1091 621 1483 2401 2807 1217 655 1789 1083 40 1026 592 341 1629 1912 230 247 1281 1987 510 1447 1723 2561 1176 602 1019 1488 1824 2203 751 343
000199.jpg,65 2561 1254 737 159 614 2471 990 1967 768 1657 502 848 2601 247 1114 2236 2288 270 2150 39 475 702 1283 390 103 1323 999 618 372 1310 2067 1972 1235 2624 1769 1293 1845 1753 1692 1821 654 1975 1916 2761 1312 1635 640 2402 578 1080 341 1839 903 2478 721 2378 664 1143 1824 1389 182 1340 2520 1097 206 751 684 1683 1107 1555 2656 931 655 1593 995 485 539 303 75 1818 1018 1413 1908 865 739 952 617 1475 2114 1197 2591 927 522 1881 1318 334 12 323 1789
000200.jpg,2540 251 1427 1137 1557 1851 646 930 529 1390 1106 2546 1175 2778 1115 485 1306 923 803 1769 461 2304 395 2323 2219 2622 1951 1389 1759 2759 2504 2757 2379 2722 2644 1976 962 2054 1834 1964 1516 1252 886 579 697 1154 658 790 1721 70 1394 969 277 2225 172 2618 1418 2524 2325 932 839 1242 143 727 2185 2818 1531 2559 975 1798 763 492 982 293 569 2001 513 25 1514 853 703 1209 887 151 522 2731 566 768 254 2416 1049 931 2104 989 528 879 1310 2658 955 315
000201.jpg,645 1653 2840 1785 445 2011 2133 182 2002 1452 2419 1333 657 2414 2515 2604 1054 1760 107 2665 788 668 501 2090 2717 1465 1409 1118 514 1081 2176 1150 397 1177 125 1472 306 1663 1712 1494 650 1434 1432 2703 82 954 786 463 447 262 2550 927 268 2806 295 888 2753 400 324 1815 2244 1923 2821 384 1026 1101 840 1507 1921 553 55 110 158 1297 1062 129 2265 2779 140 1143 477 1685 675 1104 1240 470 1813 2388 1542 121 1497 900 559 149 583 2224 1099 1140 2022 217
000202.jpg,2327 2206 242 2581 2694 1377 667 884 58 1675 1375 1551 798 1348 1086 82 2703 641 880 2127 857 170 130 2776 1814 2403 1193 1421 2456 438 203 2418 2356 991 885 819 2484 1887 604 1665 1196 1358 77 1758 1457 1229 1619 720 349 422 1576 158 2208 799 796 1724 287 2659 280 2430 154 2187 264 472 2004 1585 2355 2739 1575 267 842 1030 1667 190 124 706 756 1409 1345 2273 1477 2175 1505 1807 2371 470 2244 1597 2844 421 2223 1350 560 2672 2198 934 729 366 2548 1159
000203.jpg,2449 1084 973 1697 298 1858 1884 343 2288 980 1300 1402 275 2687 546 1205 37 2281 1283 1610 285 922 454 1180 2623 1912 1536 1702 1293 1015 1077 1570 159 8 1097 270 1973 2816 240 2043 1093 781 475 2030 443 1818 448 206 1593 1659 2791 1502 459 1763 1080 1281 1189 2268 582 1082 1221 926 2118 2705 1995 1184 1090 2820 1308 1188 2171 1911 1661 2520 98 1091 6 2062 702 2473 2222 1083 39 701 586 1811 2831 2114 230 1683 2691 1751 2761 1363 1671 1254 2601 495 1525 1603
000204.jpg,269 1837 442 124 2131 116 2235 2721 600 97 2034 967 2100 2023 683 873 899 1224 203 1838 2196 1713 792 652 2352 2399 1936 47 1181 1800 2417 1095 2609 1126 2180 2296 700 2426 1538 1116 113 195 2523 1714 2422 1645 34 446 2736 2545 1990 2226 1571 2208 551 2714 1520 2212 1327 591 1588 2223 2640 1604 1134 1099 642 1584 2472 1533 1719 307 2343 1212 2466 1178 1524 680 465 2697 1980 1392 799 1796 2095 1606 64 1618 1132 91 1341 230 317 414 2525 1698 527 1778 902 1067
000205.jpg,204 1694 20 2213 1304 1556 2648 1764 255 1104 1716 2155 1749 167 412 2162 1743 2229 510 294 824 2708 793 1060 2714 894 592 2030 561 1727 576 95 2726 2700 388 1540 122 476 2616 2058 2335 2089 2662 40 2547 419 217 1502 892 1232 2571 2128 138 38 1632 1859 636 2521 1543 2168 2508 444 2269 1530 1939 1981 2466 1078 1341 1607 2795 1330 851 2481 1150 2570 2781 1892 1056 2202 2190 2308 403 1032 2550 2634 1277 1629 46 1927 2401 2707 2094 2438 2234 2554 2037 2779 64 465
000206.jpg,411 1284 1456 809 1145 2101 2081 968 877 2681 2195 1741 1052 1910 2689 2774 2370 224 413 808 2044 1865 2027 118 31 205 1823 2799 2627 2306 1188 367 2594 1226 567 2237 1461 1781 890 488 2789 705 698 33 1429 1991 326 1305 2715 2770 1729 1231 2528 2573 2041 2313 2083 1533 2098 2629 2310 2680 2103 1920 1745 1935 585 1569 468 1644 1791 2264 2696 350 2258 871 1263 2711 2599 2137 1042 922 2086 48 27 1029 1891 111 2792 766 1489 2756 2747 2221 2095 813 754 983 2012 847
000207.jpg,377 504 772 1680 326 2715 582 1187 1031 1541 1579 1384 966 2369 240 1221 503 1367 31 1015 2680 2664 1853 1920 1183 754 1325 2359 1681 2086 2668 807 1614 1562 2249 2406 1130 487 2647 2598 710 1231 2520 435 711 460 919 2693 104 1354 54 2600 1370 1230 1088 118 50 1402 633 1739 2313 1884 1528 2629 572 921 535 1455 2578 2258 413 33 2239 1379 1893 1186 980 339 1302 27 365 2696 1646 1570 2782 546 1429 2027 1263 750 1466 1091 1929 1239 761 253 2281 580 350 1677
000208.jpg,546 1300 285 1221 820 1293 159 2601 2288 270 1824 1097 2281 502 737 240 1254 1084 2471 454 807 614 343 334 1801 1818 2236 1080 2561 1683 2062 750 990 103 1323 1235 2520 582 1402 781 281 1283 475 1603 275 702 372 1541 23 1647 581 2656 832 65 2210 1114 1912 39 2677 789 2149 284 926 1972 2114 1483 783 370 6 98 1537 1916 617 1798 2378 618 206 1973 848 1608 2132 2430 200 1661 2624 2346 2784 1093 1884 1579 1312 1340 323 1692 2242 721 2040 2402 952 1281
000209.jpg,314 2140 532 2379 768 2038 553 696 593 1168 1299 1555 763 2796 1546 2108 1211 2539 2028 2054 1516 1964 2067 875 390 2063 2776 12 1128 1769 1247 528 673 1886 912 2843 1499 2255 2798 2496 1956 2185 662 930 1851 2416 2622 1929 964 903 1112 760 2015 1399 1159 1058 1512 2333 2607 92 1271 1368 1431 839 2219 2208 1491 1094 1418 1657 2618 123 36 2031 7 2731 1137 1310 1268 671 1249 1967 2008 975 947 1311 2117 2658 1107 2349 1264 802 2702 1390 889 1049 2225 799 2231 1521
000210.jpg,2411 1102 1644 2790 987 2044 2012 1934 808 2829 998 1085 1656 2528 1903 567 2336 2501 1163 928 2679 100 1155 816 118 224 1926 1657 64 1729 1463 2122 2817 177 453 1089 556 2000 2711 2027 369 766 2065 326 599 2034 754 411 1791 1100 1305 1042 1935 413 85 809 2391 31 2177 2163 2774 1241 188 2762 2041 545 2682 517 1145 611 2747 715 1920 2082 1173 2627 2042 2103 2573 2400 1376 924 871 1569 1948 33 779 1319 2232 2086 48 1182 1310 483 897 1489 1781 705 2792 2680
000211.jpg,2244 780 1452 2765 131 561 1941 1465 472 412 2565 764 1487 1736 329 1932 840 52 495 1500 397 1765 719 2146 1868 140 1481 1421 2665 628 2429 2018 2011 217 1758 2740 1281 1785 645 153 430 1730 452 2691 1662 2004 246 456 501 827 888 1026 991 467 1289 2355 2450 1279 129 1062 1358 1813 1923 1295 1547 2176 324 1638 1403 1378 55 2365 2466 2109 2821 687 166 588 2473 366 2181 2285 734 740 150 138 2674 1653 400 1140 125 1008 641 2806 2550 295 619 2641 2634 2632
000212.jpg,448 2623 2820 20 412 793 2554 122 570 1811 476 752 1524 1694 892 2648 2571 2807 2058 37 2030 1277 577 511 255 2269 2213 2094 1188 1034 423 459 1341 1790 45 922 2466 294 1536 2522 1060 1540 160 1078 2555 1981 1069 42 167 1330 1764 2662 1024 935 2595 204 8 2835 561 2372 2758 2468 1727 337 2616 1607 2096 46 1401 1355 1090 1205 576 491 495 1304 2089 1828 1286 1469 1363 1858 2831 1567 836 2700 1629 1447 1032 894 1227 510 2202 2168 2449 2473 2340 131 38 1927
000213.jpg,2158 2693 1961 290 795 1615 2734 2548 1572 649 1715 1912 372 2451 821 2727 1347 1091 2384 21 2078 2519 1050 1967 550 1 878 1635 1459 289 1850 2273 604 234 379 2631 1094 1053 1748 1888 774 2226 1577 1350 505 2844 1936 1756 800 814 2251 247 1525 799 1993 2123 1980 2492 2534 2204 2099 1520 678 1121 2455 1008 855 876 1966 2247 330 807 837 1317 2402 2264 1887 422 881 669 2431 2215 354 1709 2543 264 1890 1844 1338 551 1159 1084 2063 717 673 1262 1196 868 1950 1645
000214.jpg,668 1150 2137 125 2244 2717 501 1333 2002 182 2779 397 2565 1568 1141 447 445 2232 927 1339 552 324 1465 107 1921 113 295 788 1923 110 268 1785 1712 1760 2808 1813 2806 1472 452 2414 1815 2450 1896 2176 2604 2840 180 888 383 5 1281 1177 1062 129 1026 306 55 2640 2821 780 1266 1409 1889 1789 149 2090 2177 1008 645 389 246 1826 657 2133 1653 1326 786 840 241 1685 313 2632 262 1240 650 91 1140 553 394 2430 2574 2588 2022 1543 1983 408 561 1831 1507 1952
000215.jpg,1016 1525 1454 1708 2718 1121 1961 1875 1170 2130 238 1347 2813 458 2678 290 2592 1371 1751 354 1693 2582 2099 549 712 440 198 1726 1536 2088 2585 1561 1532 1570 550 1094 2761 2500 1901 330 686 1635 480 2688 539 474 450 1352 1144 2479 300 909 800 1473 338 201 297 974 212 2263 2080 2489 2141 481 1083 2788 663 849 1343 1563 1922 2448 785 1830 759 949 639 81 732 940 2386 2503 2498 2737 1184 387 2116 2552 1787 647 2188 2657 1949 310 934 1123 624 941 2161 1204
000216.jpg,1901 941 2585 198 865 1643 835 2688 2242 781 1501 2161 688 450 2315 2084 2424 353 2497 1949 2683 2639 2652 909 949 201 1874 196 1532 940 1819 98 84 1772 1787 1704 2737 1223 1343 2386 647 2678 524 1092 1922 639 2669 1840 2149 1437 152 1820 804 2353 74 2744 75 1864 1110 1123 910 539 1726 2421 489 1468 2582 1490 494 1754 1616 1458 2046 496 776 2112 1204 594 702 2324 297 207 2542 1693 2220 310 1208 1170 1908 192 2309 568 43 712 1359 482 148 2025 1107 2566
000217.jpg,1558 2409 1427 898 714 1759 790 315 2622 1430 1390 2757 215 1166 2722 251 923 1928 930 2778 1531 1721 1557 566 2072 579 886 1834 2304 1175 2478 1154 380 803 2540 1549 1553 1257 853 1769 2323 492 485 646 2524 522 73 254 70 887 1770 436 1137 569 703 658 2663 529 2719 962 2723 2054 601 1699 1106 2320 931 2077 1986 25 1389 1851 1252 395 2818 461 2325 951 2379 143 1357 2219 293 1470 2504 172 823 952 114 1306 718 437 386 1107 2559 515 1908 277 1976 727
000218.jpg,772 487 104 1681 504 1183 2369 1853 710 2664 1367 1384 2249 871 1998 1187 2770 711 377 1508 2782 2680 1920 54 460 2600 1031 2647 1239 1695 2359 2027 350 2041 1287 1088 1893 360 1000 1742 542 1325 326 1739 1979 50 1680 2305 1579 1302 1677 2625 2216 253 503 582 118 1455 235 2259 1614 2258 205 1528 1654 633 1396 1231 2629 1646 339 2715 1354 966 791 2828 919 479 921 924 2086 435 672 942 1368 1466 2598 1935 33 2103 2812 1423 933 1641 2257 1331 813 1015 531 1707
000219.jpg,2662 448 661 2194 459 2820 1341 1694 2213 2372 1607 2648 2835 685 2466 1990 1828 2352 229 1524 2714 669 2428 511 210 1237 2118 2058 577 1567 1560 1043 1355 1060 793 980 412 1811 570 642 2758 1548 1069 2461 38 1277 1859 195 548 2253 1727 1618 47 687 1034 2202 2197 2340 2495 20 1858 1610 45 1227 298 632 1285 2135 2268 2623 122 2659 2189 1180 127 1981 2781 1540 922 2279 576 2700 358 2229 888 1698 167 846 1714 2446 491 1604 2642 37 1327 2212 1790 973 1205 1571
000220.jpg,945 639 2421 1704 1874 1754 941 865 1038 2161 940 1343 84 1787 2737 2683 1949 2242 909 2084 949 804 74 1840 2424 1532 1223 647 1092 2386 524 2652 2112 1772 2639 2353 944 2315 1643 1819 494 2220 2566 2324 1468 1437 207 173 13 192 496 489 1004 2688 43 310 2291 1236 2724 1458 1616 196 835 1820 2025 1864 1041 2582 225 152 2497 1204 198 1901 2057 2328 2744 2606 75 970 1123 2583 2148 910 482 627 2669 938 1110 1011 2657 2312 2491 1561 2309 2250 353 1501 219 977
000221.jpg,1616 1768 1365 1199 1693 1139 1371 300 2115 1011 106 335 732 2526 2768 2761 2688 481 2585 1901 2582 1605 331 1488 310 2737 2353 1433 2639 949 2678 2220 2669 2242 148 1726 450 909 1817 146 2048 1352 1255 2291 1343 1922 647 201 2046 1204 244 69 1819 2828 1954 1692 2250 297 944 639 539 815 1170 2057 1563 2348 2502 281 338 2025 712 1738 104 198 2309 2652 353 992 2230 653 1561 351 1458 1987 2497 1874 75 594 2788 152 482 1704 420 1437 2683 84 136 494 2161 270
000222.jpg,147 827 2595 1764 2168 1304 2481 2661 2222 1286 1629 1556 20 2335 1836 2839 2571 1277 2700 2648 400 96 2795 1844 495 2570 856 1933 736 892 824 602 476 309 1217 294 1329 1401 122 2326 2555 510 187 2437 167 1806 46 1540 230 40 834 1690 1919 1028 1727 2547 1278 2269 2094 2616 1939 352 1104 1615 2401 1530 2058 38 1520 1078 1167 649 1467 2234 1059 1811 2726 1355 1318 2073 562 1797 131 457 1502 1828 2733 2550 1072 787 1500 1790 888 1445 160 2190 851 2030 2466 2278
000223.jpg,182 927 954 1712 2840 1789 268 657 1333 1760 1026 1018 782 2419 650 1472 125 2542 654 323 2806 247 1815 2236 2561 1753 1666 2133 134 1434 640 655 1881 677 1839 2717 1019 574 1281 739 788 306 1685 668 1087 169 995 1918 2142 1975 324 2002 1715 1899 1297 2772 303 2669 262 295 1406 684 75 1692 2728 2308 1475 447 2016 1655 2580 313 430 140 1312 2171 2690 1730 1813 2777 2061 1035 539 1896 617 1831 2478 1825 2656 1810 2794 1916 505 1403 146 1609 110 2467 1452 404
000224.jpg,2511 1134 1547 2098 612 2482 246 1132 808 599 1614 1429 88 1588 897 567 1070 1533 1673 1584 2539 2792 2221 2065 1396 2357 2375 2045 2685 2239 94 1978 231 2262 97 1370 2747 1331 269 1476 2545 1305 1119 2629 2745 2243 984 733 2190 483 1604 2487 1099 1067 2454 1606 757 616 2131 571 2023 1729 1388 1105 197 1564 1634 780 1023 2031 2117 1002 350 2202 2034 2196 355 1278 623 100 2422 60 908 118 31 36 2551 2501 722 1778 243 2257 2714 1431 929 316 1791 1407 162 1505
000225.jpg,1234 2100 1698 2399 1060 317 116 1260 2635 2135 1837 195 2372 551 899 1212 2253 1880 1618 1057 1425 115 1449 2835 51 967 97 2662 577 1126 352 600 1800 1095 1435 795 1907 2714 1043 2820 1990 2425 446 2310 2235 210 1714 1025 917 2058 38 47 2466 1341 1981 2223 793 678 920 1034 1520 2461 448 1327 2212 1169 1640 1392 2513 661 230 541 2213 511 2180 2736 2700 2781 642 669 829 2129 1338 1607 229 2340 1792 2648 2194 471 1638 1069 1567 2825 1694 570 2758 1745 649 846
000226.jpg,1304 1764 2705 1469 16 856 147 827 1483 2795 1806 2570 1108 2571 2437 1447 576 1661 1632 1556 396 2547 1749 2642 2030 2661 2269 1217 1836 511 2700 1880 824 2335 2168 1283 1933 1790 309 2791 1167 2595 894 122 2338 2648 2190 834 1300 2481 1914 38 376 385 1907 967 2839 2223 2253 400 562 1778 2342 2831 333 1540 96 577 317 1095 1329 1032 1286 345 2213 195 1927 2807 2401 47 2222 1536 1363 1013 1858 1103 861 592 762 352 814 2339 596 1238 2246 1291 1181 1025 1610 1804
000227.jpg,310 2025 647 61 207 335 1092 1343 2386 785 949 2582 481 2639 2737 1787 245 732 2724 192 2220 1616 940 1437 849 1204 43 2188 1949 2657 804 1433 653 2498 1011 148 1123 2683 2396 2424 2652 1199 2242 2678 948 2448 84 146 1693 941 1820 2669 239 482 2761 331 2112 198 2526 1819 1866 2315 1532 418 2161 296 2813 639 225 300 1458 1726 2291 1110 2353 1874 494 1768 1468 139 238 1038 1365 1772 1901 2688 1417 524 2084 838 152 971 1223 1563 594 2052 2427 835 2309 992
000228.jpg,1994 213 2338 1071 2093 90 1448 1977 135 2339 2295 2612 558 1383 1009 746 1478 2092 391 1095 2253 403 625 2223 1296 2063 1575 2413 837 2682 748 1689 1159 1789 1265 2615 2330 2224 2635 1248 2698 1063 1622 2401 2833 1749 2811 119 1651 695 1409 1572 704 2638 1164 2155 1795 184 1258 2255 892 1776 1337 2455 2229 2215 607 1269 19 1725 1168 1299 1435 2796 24 317 1056 1631 2570 2143 1201 2273 216 264 1266 1472 2408 195 294 287 668 1103 1615 2607 2354 2158 592 891 1716 262
000229.jpg,215 2409 2077 601 315 714 386 951 70 359 1125 790 1594 1195 898 2510 145 143 2478 1928 18 1257 2663 254 436 1759 2064 2653 2282 1753 1357 2701 816 1558 1809 1834 1440 73 1905 569 1427 1075 2373 1786 2596 1915 2304 923 2 1241 2757 1166 2524 1175 1549 1832 2772 1430 2391 2722 1842 1989 1903 522 1390 251 566 380 2777 988 1986 718 1106 803 2529 1406 378 1192 1721 529 293 321 2104 1373 395 930 2818 2075 2622 2323 658 1628 1534 2163 485 2122 1531 2778 1295 879
000230.jpg,204 1785 1228 645 1556 1716 510 1104 1502 138 2162 592 851 636 2708 2311 2521 2508 2155 2465 2505 40 2213 63 1892 1161 2825 294 1304 1743 2128 1612 824 2061 1889 628 2550 1507 559 473 2153 1232 1150 1056 2726 2707 1736 2351 1214 894 2450 2229 1632 153 1771 2632 2634 1847 2588 1530 55 397 1213 2037 1773 20 1764 400 2176 1638 2779 419 403 2011 2335 2435 2784 95 2438 22 753 2171 2616 478 1662 2404 561 1749 1744 388 1061 1078 1048 1513 728 252 2481 1171 1685 1857
000231.jpg,2041 2027 1920 326 350 2680 31 2715 1614 2249 1935 2258 2305 118 1396 2770 205 1463 1673 1183 1231 772 2696 1677 504 2257 871 1998 1367 1644 2528 1088 924 2369 2629 33 1370 2625 2774 2086 1853 2711 2103 2664 766 104 813 715 2773 754 1331 2782 2812 487 1554 1429 1742 1729 2239 1105 1681 2627 2511 2259 367 1302 235 1174 567 2594 2792 54 877 2359 377 808 2573 2789 1974 508 2216 1384 1042 411 460 1305 1263 162 1239 1781 809 1893 599 2195 1303 1695 369 2534 710 1569
000232.jpg,809 2081 1284 922 1305 808 2627 1188 2264 567 2101 1456 396 411 924 1082 2711 2774 2086 2268 2027 2044 205 1461 118 968 2750 2103 2313 1709 1910 1865 167 2041 2449 1402 1145 1935 468 2573 953 2095 2201 483 1222 2681 37 330 2501 1791 2310 877 2239 701 31 871 1425 717 443 1941 2394 2789 734 2534 1547 2193 94 1763 1633 2799 1226 2790 326 1052 189 2492 1077 33 722 1517 1702 2631 2689 1729 2195 122 1790 1835 413 350 2687 1823 2216 550 1934 1463 2715 2528 1260 1644
000233.jpg,760 2267 767 1233 841 522 1344 2276 114 2380 1160 1553 2328 437 532 1499 173 2349 1256 673 1890 1443 738 2491 2003 1599 2628 2302 123 1938 945 2108 875 1845 2364 2702 2387 2583 1107 1704 981 1236 731 1555 1769 2028 909 380 2038 311 578 1379 2421 1886 1519 1578 887 763 944 503 1165 2165 2126 2117 1908 126 709 904 36 191 347 2469 889 13 404 882 593 1298 92 2379 2074 1368 75 67 1721 1754 2512 1717 2148 768 199 713 1311 1038 2334 208 1211 2722 2312 1004
000234.jpg,122 1764 1304 576 2700 1469 511 2030 577 2791 2571 1188 1865 2437 2317 1447 2190 483 2547 2831 2466 2213 1907 1858 2648 2623 922 2820 1811 2705 47 600 1990 38 1217 20 1610 2079 2202 2554 42 217 2041 2662 1790 195 827 2269 1540 894 1363 892 1300 619 935 2201 1991 1032 45 1749 1355 1548 2197 661 2750 1828 1227 317 1560 1632 1108 2096 2807 448 205 476 255 459 2313 1425 167 147 2268 2799 757 1914 465 2253 1095 2372 685 2168 1823 562 1880 1694 229 1806 1927 2627
000235.jpg,1701 383 2717 1725 1795 1356 1056 2570 2089 24 1201 2438 59 252 1789 2708 1743 1576 2753 408 2500 1486 1826 758 1847 1543 2042 141 1999 668 890 1329 2335 1376 1775 927 1448 1637 2143 1716 313 2794 525 49 815 739 4 1879 2164 2191 1307 674 2795 227 403 1710 391 466 2690 2467 2597 1265 2840 1955 2265 388 501 1150 786 2839 1627 1896 402 1921 2821 2404 2588 1111 2638 119 2531 2311 1889 2810 609 138 1164 2574 2779 52 220 1785 1282 1983 1190 1885 2224 452 675 268
000236.jpg,894 1907 793 1060 1638 2571 2094 577 2473 2612 511 2269 385 1536 1363 1447 2648 2835 2466 2058 1764 1694 2635 337 829 1032 561 1927 1540 1469 419 957 744 122 1286 1556 2401 204 1749 317 2807 96 1632 294 892 1103 2705 20 1981 2831 1811 2278 2253 1277 2554 2205 412 2308 1401 499 2168 1304 888 2522 2643 592 1880 1844 2641 1194 2153 1232 1078 1095 160 2565 510 2155 649 2700 255 2030 2213 2603 2616 1933 1315 2189 2820 570 1013 2283 636 223 2662 2431 2595 2089 1836 1530
000237.jpg,2631 1082 1763 1308 2754 2268 2605 2167 724 441 845 2383 1090 586 2695 1380 584 2630 393 1474 1523 922 443 37 1517 94 818 1538 2535 1006 1200 8 2651 2449 325 1709 745 1180 774 1691 1626 1069 719 1941 2733 2758 1244 167 1671 2284 373 562 2368 2780 1278 1520 1424 1285 2018 1353 924 1790 2394 2395 678 2623 2347 1120 2297 946 764 448 1077 1027 993 1697 1372 1811 652 462 2802 1816 2750 2820 1462 2437 1382 459 855 1014 575 495 1882 717 3 269 1536 392 663 2080
000238.jpg,589 1361 1451 727 1107 1908 702 1359 2334 353 2497 865 725 1643 1876 1501 1845 1340 126 781 578 2624 2585 1186 485 931 2242 1466 522 2149 941 198 658 1830 539 688 74 848 381 1874 2506 293 1114 1323 103 768 1840 75 2606 1561 2309 338 2046 832 2772 450 1223 640 633 990 2669 270 992 297 2165 2542 1031 751 826 835 1165 98 995 910 1011 2557 730 2656 1235 582 1391 2828 1821 1570 2836 2312 1799 723 2353 1754 2601 1772 1767 938 911 2276 639 617 1692 2561
000239.jpg,1917 670 2699 2179 699 2427 1852 843 45 2089 1109 2439 1640 2308 2712 2569 491 2425 1212 983 2144 1422 1447 1142 663 2279 1569 1592 644 637 550 2489 1011 1198 338 2809 2657 1617 137 525 2135 1606 183 519 1003 1536 2164 858 2091 2441 2713 2785 521 68 2445 2056 2382 1190 2476 120 2442 2571 2842 2492 1184 1302 715 1076 51 1504 2230 1598 2083 2087 1117 387 481 1461 2021 892 1454 1464 2678 1672 785 2813 354 2707 1116 689 686 2534 49 260 653 997 2286 209 1937 1305
000240.jpg,1733 80 1578 819 1298 1667 1529 2328 1886 2078 2384 1601 802 1434 311 2108 1553 1004 2354 2575 2451 420 2462 868 1689 841 597 289 2786 1296 2744 114 1236 2408 558 1179 2390 970 2227 878 743 1830 2038 1597 1849 21 2215 1492 199 1528 1233 424 1053 2302 2036 2165 1379 1890 2423 2069 340 417 2615 1518 1470 1839 875 431 1165 1562 738 2380 2509 2566 723 749 2568 1969 2267 2746 532 2290 1904 1001 1443 1810 257 760 191 2743 1149 2788 2583 1033 2667 1485 75 1383 2734 767
000241.jpg,2057 2291 574 266 627 2583 995 1139 331 1711 420 1810 640 1236 1406 938 1578 2214 283 2328 1397 613 1953 503 2542 128 173 2421 323 1553 59 2475 1298 146 1768 1704 1944 1041 1874 1582 67 2669 725 2526 2683 944 2768 841 409 910 2112 1969 75 1004 2220 909 578 2149 713 494 2769 522 1486 1477 1616 2728 1881 1754 1830 1038 1506 2652 1055 1012 1605 1720 2639 2509 2378 1165 272 2324 310 431 1199 865 2148 384 925 404 2656 2737 1250 1772 169 1752 1511 647 1444 126
000242.jpg,2226 2654 2517 2104 1215 2818 741 1514 1684 432 1067 1122 273 1270 2298 30 1924 982 2556 2710 79 718 2444 2529 143 1938 988 1242 961 2524 193 975 1349 1834 2225 2015 1252 1216 1793 2271 2719 414 2001 787 1539 901 1571 1976 151 17 2755 513 792 955 810 2117 1939 557 99 2778 1256 1360 2097 697 1699 1373 429 1431 1521 2140 1049 930 342 916 1630 2727 500 1047 1440 2208 2074 1058 763 1065 277 2722 951 638 62 91 770 1445 2793 1128 2068 1833 1986 1980 386 1446
000243.jpg,1938 2818 2117 2015 1122 763 1684 982 889 1793 1252 1834 2556 901 975 1976 2702 432 36 1256 2298 2517 79 2225 1215 1699 930 961 988 951 2723 193 916 1049 1769 1833 1499 1211 760 1373 123 1399 718 513 2778 1514 955 25 2379 2226 414 2722 1037 461 2097 1599 1137 2380 1531 2559 887 2727 1242 99 2134 2267 2496 593 2757 792 2654 62 1209 2185 1479 770 151 342 1431 277 2074 1924 969 429 767 1430 2444 1964 1266 2104 2469 1160 1952 2219 886 2126 2364 839 673 2387
000244.jpg,674 2375 497 197 606 2764 1895 1873 1586 2034 2817 1307 2544 1046 817 929 2487 591 102 1919 2545 87 683 2397 1028 1414 1246 2802 1878 1552 2626 463 2453 1224 2482 833 1587 563 1838 993 1946 1051 1410 1713 652 1200 1656 2563 2660 2753 1796 256 575 2433 1574 1690 2685 616 527 2336 83 825 1564 1812 799 680 2106 2843 996 866 237 2287 1002 1178 1983 1658 1636 2610 2547 724 2166 2170 2692 2530 161 85 630 2394 2076 2538 1407 784 2233 2525 1988 243 1710 109 389 2815
000245.jpg,2341 1783 336 258 1966 1005 881 1131 2299 1068 1573 2746 2549 1992 937 1455 2151 365 248 811 855 112 1385 2730 1890 1731 1379 1243 1707 2290 320 186 568 1309 1311 2251 381 1007 1670 2578 544 435 648 434 253 1442 538 749 2102 1133 1519 1718 1686 1036 2302 709 2788 1391 257 1968 595 2458 2085 2145 2667 2314 2165 410 1767 2763 2600 981 392 2364 191 800 1850 966 1779 535 1424 2702 1359 21 1750 44 2516 2734 2227 1033 332 2451 417 340 1871 1526 2743 518 1634 597
000246.jpg,2807 793 2094 20 620 204 2278 1694 46 181 510 892 294 2269 476 2521 2643 2571 2030 2168 1401 255 122 495 1702 636 2058 167 1530 1078 1536 2554 40 160 2213 576 2595 1032 419 1540 443 777 649 1727 701 894 2427 2128 2708 1117 2190 1090 412 1176 1330 602 2565 2726 1277 1314 1811 448 1797 561 230 2616 290 2203 2089 2473 2326 1447 922 1441 1109 1502 736 1232 1184 2841 2820 1991 2501 2547 1843 2648 1615 2555 2308 2162 131 2827 734 643 1524 2816 1927 2335 1764 337
000247.jpg,2242 949 941 1343 353 2737 98 2149 940 310 1643 865 198 647 2683 1949 2424 804 2582 1787 2639 776 2161 2386 1819 196 192 1693 1874 1532 2669 781 639 84 1204 1820 2652 1092 1437 2220 2315 1616 207 1768 494 835 2585 2025 2084 43 2324 146 2112 1772 1692 75 1223 1501 524 1038 61 2542 2724 910 496 2497 2688 732 849 2566 225 1561 1754 1704 2421 2353 74 1840 482 1123 2291 2479 2761 152 2057 489 1468 331 1864 1570 1208 1004 995 1110 2744 1458 2656 148 688 335
000248.jpg,722 2068 79 696 2496 1956 1924 1606 1860 92 2325 1037 763 1137 1211 1571 36 2134 2054 2511 2665 97 536 1373 1588 780 109 2702 1566 500 2003 1499 1399 2380 1657 612 254 2117 2478 2065 2622 1929 2185 2284 1547 733 889 246 1268 1310 792 964 1266 1952 1514 1101 277 2490 2163 1876 2280 2379 1691 1986 414 2539 1065 912 947 2352 680 273 2023 928 2038 2015 593 1346 2640 2808 2793 123 449 426 673 1721 1256 2001 1512 2482 1619 2098 1600 1628 1811 17 2177 1271 193 988
000249.jpg,2471 1114 848 578 1810 1830 502 1613 1553 1752 1406 990 618 1839 768 266 522 1207 2462 2509 2477 931 1821 2320 1845 1323 103 614 1908 1608 4 1107 1413 65 1972 2069 841 875 2334 2601 323 1916 2072 783 2624 1720 2150 200 2057 485 249 748 2561 2378 2291 574 1012 420 303 1235 613 2236 995 75 2328 283 1340 284 202 126 2772 952 182 702 1531 247 601 721 1298 1397 739 2016 293 895 1886 2402 1344 1967 2656 1881 2728 627 640 1434 1657 311 270 2478 655 1312
000250.jpg,1245 2318 2420 1387 1750 1913 1105 1783 870 2432 2537 2264 2680 1682 2167 908 2006 2095 1305 1321 507 1044 813 774 1174 2342 599 1709 881 392 717 852 33 755 2098 301 808 1119 1425 968 355 567 350 2331 2631 1966 2437 1624 1968 1729 897 1200 834 648 2341 2031 871 2246 1554 2578 2655 1527 1718 118 16 205 2097 85 1419 2268 1512 122 850 1396 2120 855 827 1331 94 666 544 2789 1156 2839 1791 396 2822 2627 1188 1621 1309 2452 2394 1614 2101 722 288 2027 809 1894
000251.jpg,1021 2521 643 2611 2346 1916 1647 2690 1912 2449 1591 1655 2467 766 1297 2288 1018 782 1293 2784 475 1918 125 1972 1818 1097 1843 1692 2062 1797 510 1824 654 2565 1603 650 2171 737 464 1332 1683 1744 2505 2465 1281 1283 181 39 1502 2687 2726 372 636 2666 807 926 2017 1335 2402 454 721 1143 2043 138 407 1026 341 777 159 1080 2281 1091 789 8 2561 1702 1303 655 1831 952 1706 328 270 1723 2643 2103 2236 1593 1844 2841 1220 1471 2285 2601 502 1318 1730 740 1176 2203
000252.jpg,2089 1725 2708 2753 2438 1190 1775 815 1627 1056 1486 525 2308 1376 408 684 49 1710 2191 1307 2164 2531 2467 2827 609 2574 637 2690 169 674 2794 622 2021 2500 2480 1127 1151 1543 2309 927 559 1789 2278 2035 965 178 313 1172 894 368 2713 491 2840 2335 171 1255 900 59 290 2435 1712 1356 1313 1955 383 2427 2842 227 1117 621 2433 356 1975 2712 1609 1592 1795 466 1282 1953 1019 419 255 1743 2470 330 1365 2570 1738 458 1029 1018 1111 204 1103 1488 1617 2716 2142 388
000253.jpg,1977 1598 2413 2698 1651 644 1179 959 1076 2498 1852 2144 983 2442 387 806 653 2091 1274 1464 2507 948 838 2248 2173 2083 2562 2476 997 139 2164 686 2087 209 120 245 2814 2813 376 2842 2188 2382 1142 585 999 1937 525 2230 2615 239 1282 296 2252 785 2354 1904 1703 49 2191 1275 207 2116 2396 1269 68 135 2441 61 1726 637 81 1639 2025 43 521 1003 2052 2408 2427 2552 356 1746 2445 2119 523 843 2657 418 2280 1849 1722 335 726 183 2365 1448 2125 1164 80 2079
000254.jpg,251 930 1851 1390 2778 1427 923 1557 1418 697 2540 461 2185 1137 2622 579 2379 2304 1531 1964 1516 1154 25 886 1759 2618 2757 887 1976 528 1769 839 1834 70 1252 569 2219 2722 1209 1699 2323 1106 932 1175 969 395 151 513 529 492 2054 2546 172 768 485 1389 2416 2015 432 1242 646 2225 962 566 1115 99 975 1271 1793 763 2504 193 1721 901 803 1546 2759 522 1049 426 2644 875 1112 1514 2478 2723 2559 1399 1373 853 2793 1430 2818 277 982 2517 916 2380 1306 1310
000255.jpg,575 85 666 929 87 2212 1327 1988 1978 716 527 1410 2752 2754 996 2802 1564 616 1382 2034 2563 2525 993 1523 1224 2106 2331 2166 1812 2375 2246 83 1002 825 1044 1200 1136 1713 590 102 834 2196 2764 1584 1873 2131 2394 1119 2487 630 2530 652 416 88 2336 708 2801 1278 1719 34 1838 345 724 1467 2523 771 2426 1734 2045 2446 237 2254 1028 1505 243 1178 2453 2233 2192 1919 902 1132 1407 457 2452 2684 1796 1943 1181 1517 2357 599 2180 2545 1709 683 1128 1895 2692 2300
000256.jpg,1734 2254 2233 462 495 2192 2754 1517 357 2752 575 1259 1382 2501 1090 457 2605 2733 736 1416 2630 32 1467 2805 2360 2159 1194 1028 1690 1278 2326 719 2555 993 2684 1626 1941 1873 1926 443 771 2234 2802 2721 393 85 1859 1538 2106 1727 2368 1096 2018 724 2764 2058 187 825 652 2780 2146 1843 793 1523 2205 818 2166 1277 2525 1136 2336 2651 1629 764 131 20 1919 1072 312 2008 2417 2383 1811 902 1410 2394 642 2473 294 517 2742 2071 1524 2212 1327 1476 2129 530 2551 1200
000257.jpg,1365 1616 1199 1605 2768 481 1255 1139 106 2115 2048 1488 1768 117 69 300 2152 2179 244 1371 1693 2502 2348 1738 670 815 1817 1954 1953 732 1433 1602 331 598 351 933 2761 2526 148 2435 214 2669 1397 335 1184 270 2220 1011 136 323 420 2656 1987 2230 1302 128 944 1692 322 2580 1902 1312 609 239 75 1975 1960 247 1899 1458 2558 751 1839 482 654 1352 992 2309 431 785 1974 2322 1961 2046 1055 2531 1127 281 1203 655 169 1881 1318 2141 2150 2582 146 404 1035 995
000258.jpg,791 705 2389 915 1029 2361 1717 882 208 308 504 2587 2628 1400 1979 1917 1187 2782 1817 1737 2353 2655 1384 710 2770 2828 460 253 224 69 1302 1528 1439 1781 2230 360 1746 921 2369 2647 672 933 2306 2704 1740 72 531 1508 985 772 903 2365 1184 1954 367 2600 2792 622 136 1287 2216 671 1544 33 2789 907 1627 2280 1835 711 1367 1942 2083 479 633 580 368 1239 1031 738 2370 1455 1705 503 2144 1218 104 1368 2164 487 117 2036 1485 2052 2259 1909 28 2341 838 1075
000259.jpg,480 1437 179 2161 2148 2396 152 238 2566 970 1840 1172 219 2826 735 804 965 948 1563 2312 43 259 1110 310 2050 2652 2769 482 647 1208 2724 2386 207 2035 1092 1123 940 1343 335 2241 1787 1011 168 1468 245 949 568 26 971 2498 1949 2678 2025 225 1532 2657 2112 2424 1486 2683 2076 1369 1038 1151 977 2125 2188 849 906 2788 2220 1945 418 2688 689 712 458 1616 2744 1561 785 2448 84 1870 1772 331 2046 494 139 941 2737 2649 524 2639 192 1704 1799 2353 639 2669
000260.jpg,808 1305 2711 1533 88 567 599 118 1673 2627 2041 1109 1569 2095 48 1096 1934 1231 715 2411 2501 1935 85 2190 1624 205 766 1463 483 1926 2317 350 1873 2239 2573 1729 1489 1606 2745 987 1226 1948 1070 2260 2747 897 2422 517 2545 2098 2790 2756 33 162 983 64 1476 1614 2042 1429 2195 60 757 122 218 754 2668 1447 94 2715 2305 2027 778 1456 31 928 2528 413 1656 2232 777 1584 328 2034 1461 2086 224 666 2454 2023 1996 1562 1677 100 1657 2674 2629 2257 2680 2721
000261.jpg,2096 935 836 42 2261 1059 1336 2222 869 762 1108 1995 476 2831 2168 1790 1034 2750 115 1188 2201 396 2340 2562 2160 1013 1098 1227 537 122 856 1797 131 774 1315 2807 2720 459 1217 1936 2823 127 922 2645 1596 2437 1363 1094 2442 644 685 2648 2268 448 2820 2591 576 2317 385 1220 1060 1447 669 734 255 2554 550 1304 1469 1633 2627 892 1880 1764 37 1941 2623 2571 2030 1607 1425 2721 1142 2642 212 562 1858 2283 387 1321 2492 2186 2699 861 2202 834 46 443 2513 843
000262.jpg,248 811 648 434 610 1309 112 256 855 1040 535 1968 605 2730 1634 2538 2290 1966 1424 365 2451 1586 336 1131 2341 518 2746 852 1005 1895 257 1051 749 1714 1670 2458 94 1007 186 320 1385 544 966 1732 191 595 830 2743 2227 2299 410 2748 1636 36 1676 1450 1033 1393 1731 1587 519 2786 392 724 1079 606 2815 1573 2102 2544 1133 1992 2482 937 435 1495 568 44 773 1455 2085 2377 1073 2145 1527 1068 2734 1311 258 355 2453 663 259 2788 2010 1200 1147 340 332 821
000263.jpg,115 793 1251 1315 2612 2603 1153 2058 1060 2522 1336 42 2094 2820 448 2431 1761 2554 1792 2473 1034 2222 2733 836 1364 1286 2261 829 46 2425 385 1638 1013 1907 892 476 1790 2513 1995 1536 412 2635 762 459 255 2111 935 2835 570 1981 734 1103 2096 337 1363 2807 294 2079 2831 1341 2283 1277 1836 577 1999 869 1194 2476 1694 1227 131 922 1375 1188 495 1941 2555 649 1069 2648 462 1142 20 2268 685 1607 2623 2189 1090 2401 1722 175 2758 1811 1880 1447 561 2372 2205 1567
000264.jpg,2058 793 1277 1060 20 736 462 2555 2501 1194 2159 1069 1341 2360 2192 2648 2205 2254 2758 1734 187 1694 1259 357 530 2805 561 2326 2234 2733 1607 412 1727 1517 2605 1626 2641 1690 2233 2094 2372 1028 337 1382 448 167 1467 1034 457 1543 2554 2071 2368 570 446 1524 1811 2820 204 419 230 1090 2466 1764 2752 2190 1981 2780 2714 2835 122 495 32 2640 2089 993 2799 1991 556 1629 1790 38 255 2213 642 116 2684 577 195 888 1604 2651 1286 1823 2308 1355 294 734 2565 2754
000265.jpg,981 1670 259 977 2299 2165 735 568 1045 2788 2241 2746 2290 1311 1051 490 937 1586 257 219 1379 2826 112 663 435 1352 320 1788 2734 440 1148 1170 1519 904 191 415 1186 2815 811 1253 1388 2050 749 161 769 1203 1636 2397 2341 2007 1158 2010 2312 519 2503 1005 474 1123 1490 152 2730 906 297 1110 480 671 2287 2836 1704 712 1347 1782 911 11 1561 978 1966 909 2718 518 2451 179 365 2046 595 1068 2686 624 965 2151 1144 1840 896 48 1563 231 1016 2538 970 2557
000266.jpg,1371 300 1458 351 944 69 1817 639 198 1616 1011 481 785 136 2582 1693 1352 148 594 2179 84 940 941 647 1343 1901 1203 2386 949 2353 1949 2737 2315 1563 1570 2585 2242 1954 1204 804 2761 1787 1532 1643 1092 2497 2683 2161 2652 2639 712 310 335 2424 152 1772 207 1488 2688 835 43 74 1704 2220 1754 865 450 2025 781 2678 1437 1768 1874 494 196 2112 732 524 353 2084 1501 849 1123 1038 2724 1561 828 1819 2324 1170 1223 482 2657 2768 225 168 1922 1199 2291 338
000267.jpg,931 522 1107 1845 768 578 1908 1165 1769 485 2276 1721 848 126 1114 293 2054 760 1361 589 2624 903 767 532 2622 1759 251 1310 658 1233 1137 1427 2028 841 1830 1821 1340 72 727 2471 664 702 990 1557 1390 1323 103 1553 1344 1175 930 2323 2379 2380 1876 12 2778 172 1499 2150 2267 529 1851 2219 437 1186 1519 2722 1311 2328 1160 962 1413 1391 1451 539 2540 2628 2051 380 173 2772 2667 395 2644 1967 618 614 2509 763 709 1106 646 633 1250 2478 1443 1389 2334 2108
000268.jpg,2698 356 1282 2838 1977 2413 1789 1725 239 2089 2794 2827 2798 2427 1448 1651 169 999 2224 927 247 455 368 2615 2526 1555 2467 119 739 2558 2220 75 2164 431 2690 1781 655 525 49 1164 2191 1296 2230 2842 408 1433 684 1931 1937 1613 2840 135 1639 2669 974 2309 1909 815 290 1365 331 1975 1127 1018 1035 732 1199 1746 1103 1795 1601 296 216 596 424 1657 2091 2295 1598 2441 654 90 335 2093 1955 1019 1738 2393 1904 2580 2019 558 1692 2704 481 2322 1179 1961 2708 2048
000269.jpg,1847 926 160 1530 1078 1513 403 2784 506 1773 2388 2690 2467 1743 1889 815 2094 1061 2351 2346 2061 592 609 2404 2810 1844 22 894 2465 2505 1766 2565 1918 2726 957 744 2153 2717 565 419 1213 2103 163 2285 1789 2531 1056 1716 927 341 456 782 2171 654 2070 1214 2311 2821 2588 2708 132 1161 2841 1401 1018 2155 2816 1632 1232 1330 668 1857 2162 1883 617 1970 452 1916 2643 252 227 739 1647 204 323 1502 1472 1612 1201 1795 125 138 655 1281 408 388 1637 1744 636 1292
000270.jpg,1436 2055 626 4 1766 399 1872 2028 401 553 2071 1933 2366 1201 1023 1963 1085 556 119 24 1448 2346 59 1296 227 453 1989 631 2810 1723 68 2762 1983 1182 607 552 383 2143 1266 330 2532 1582 174 1339 2198 2638 1701 1826 2599 1313 1241 1775 2819 1627 1789 2570 1156 73 1151 1504 2808 1916 2717 163 2433 1383 109 1725 964 1405 2218 1711 2477 965 1628 523 2021 1146 694 211 2163 1510 1089 252 1356 388 525 394 2646 2574 2533 2527 1870 2552 313 220 1952 28 1265 2076
000271.jpg,2437 1610 2317 1015 2791 122 1304 576 1764 1300 1109 2750 1305 2201 2030 2118 60 980 1858 2642 2303 2190 2446 813 1447 2789 1469 2627 2313 2202 562 1865 599 2700 2625 2747 396 2648 483 1606 2268 2571 1108 670 240 16 2534 1790 444 699 337 64 1188 2335 1070 2012 1677 1032 2213 491 1640 2705 1560 2795 2095 892 1461 2041 328 1836 88 205 715 2257 1974 922 666 1990 20 2812 2098 42 167 1624 2661 1673 1884 1644 1355 47 2428 2537 1093 2306 2197 777 2570 1894 2839 1996
000272.jpg,1775 1486 2470 1627 1563 2089 92 2019 169 2191 2592 2753 408 1307 1955 1975 49 985 75 331 2669 2552 655 684 2526 1190 1931 2819 178 1369 525 491 348 356 2480 26 1725 674 368 152 2173 559 1726 28 1693 1282 739 1592 1127 900 2842 1035 2309 965 2241 1045 671 2580 815 1473 168 1417 523 2052 2076 1313 2503 420 712 2724 2224 2028 1203 1208 2280 238 383 1274 1870 2424 1339 458 832 330 1639 2574 1074 860 1437 726 1795 1151 1983 691 688 972 2716 1146 2531 480
000273.jpg,2707 1224 2721 2180 2714 1327 2212 1990 47 683 269 465 563 1838 1713 2352 1714 1178 442 1116 2343 1679 2523 2675 635 2422 2023 1948 1604 2131 2648 1859 2466 2095 1355 2120 2417 2650 2781 600 1095 312 1043 1828 2446 457 1060 2034 85 2260 1416 1538 2640 2835 1936 2662 499 2375 34 562 38 116 1181 2437 64 700 2213 2545 1640 51 2229 1422 1645 2011 2202 2296 1694 288 113 577 687 2167 2197 833 439 2196 1328 1524 1533 2190 1618 2837 1447 1099 1072 88 663 260 358 444
000274.jpg,2510 951 215 601 2663 1075 70 18 378 1195 2409 145 254 1594 2077 1759 2064 2 2325 315 2478 1753 1786 2772 1905 1928 2622 714 522 1125 2653 1721 1809 436 386 359 143 371 73 1173 2757 380 950 321 1609 1357 2667 790 293 1834 190 658 768 2490 2561 485 2000 2054 2596 898 816 727 2777 109 461 1869 1137 2282 2701 1940 1107 2276 437 2373 276 1406 1390 2211 2272 211 1842 1310 931 2477 725 1241 2800 1903 832 1440 1361 589 1558 1908 2626 2471 194 1257 664 1114
000275.jpg,459 2201 2750 1790 2820 1188 448 922 935 443 576 2096 37 892 1034 2807 1090 2623 122 774 2268 717 1941 793 836 2554 476 1811 1536 20 2317 2030 2831 2058 2437 869 511 2473 1763 1694 1524 1936 685 1227 167 1633 1109 2571 2222 412 1727 1305 2758 734 2648 2631 1341 669 1607 229 42 1277 2446 1069 2449 2261 1858 2555 2269 1060 294 46 8 577 550 2337 2721 468 495 562 1615 699 1880 1363 2733 1355 2202 2194 2340 2534 1625 2466 661 1697 1447 2699 570 2372 1098 619
000276.jpg,1213 252 2113 2810 1214 304 2171 22 274 608 782 2311 313 1889 141 1171 2404 2265 473 2066 1376 1647 2726 2061 2632 994 2177 2567 2346 1018 452 2169 650 1612 2285 1881 456 1061 2103 2351 1789 927 110 1281 400 1685 1744 163 1503 2762 1808 403 1970 2274 1916 1502 430 1892 388 138 1201 2666 2505 2465 1326 552 1839 2751 847 2806 2438 954 1150 864 1711 1701 2128 1530 1026 2816 295 1472 401 1637 1378 2717 2779 1089 1019 1568 1556 1883 1725 766 2467 182 63 2588 2232 1688
000277.jpg,1467 2192 1028 1734 2233 2254 457 1690 1382 1919 2752 2501 736 2234 2684 495 1259 499 2754 1072 32 993 2802 1278 2205 575 2106 2555 1517 2146 2733 187 462 2547 2525 2166 530 1950 20 1873 1277 2326 2159 2764 1629 1194 1926 902 1410 2212 1327 1843 2605 2018 1727 2033 87 2563 2551 2394 2360 2805 719 85 2545 590 824 2058 102 1604 1988 2595 1859 2692 2426 357 167 716 2616 917 2190 793 83 312 2565 2284 1476 230 2008 1524 2721 2461 929 1626 683 527 1943 2239 294 2331
000278.jpg,2253 448 1060 195 2623 669 459 1698 317 2662 1034 2554 2466 600 1618 2100 1811 2820 1095 511 1880 46 892 649 661 1540 476 1524 1790 2213 1520 210 2372 2700 793 1043 1425 1227 2194 2461 2223 1447 1936 229 577 116 2030 1990 38 2823 2714 47 551 685 45 2268 115 2399 2831 255 2269 576 2835 2189 1861 1212 2781 1536 37 1714 2340 2135 935 1469 922 352 570 1694 51 2417 1615 2473 1640 1859 1837 412 2635 1572 2418 1422 1260 2571 1538 1449 491 1341 774 2648 1858 888
000279.jpg,1583 998 1854 2082 646 556 987 1386 611 816 659 1552 2270 2391 1971 1985 177 765 1958 779 1642 982 1319 14 1600 2829 2679 2256 2515 2405 2316 2729 2012 1163 188 790 211 1228 1903 721 312 1972 2001 2540 2433 174 1948 200 1915 164 950 1173 2225 529 2211 2065 1951 2790 547 247 382 771 1531 1021 453 1926 2778 477 1493 928 2122 1427 978 2553 2556 1166 1657 1881 951 1500 898 2019 2077 1549 2490 778 613 156 1297 930 254 369 132 1324 2402 714 2477 1157 748 1769
000280.jpg,1312 655 1692 1433 2656 2704 2669 2526 75 751 247 1789 927 654 1839 270 2236 939 1018 640 783 2149 1693 2242 995 1768 2561 420 1601 1298 431 331 2462 2220 1931 999 739 1199 323 182 2115 482 737 546 1139 815 239 954 2435 1397 2036 1881 1004 1810 1830 1019 2531 159 732 2048 2273 2690 2502 1185 2412 1616 1824 2558 2016 1365 807 1733 146 617 2768 2761 1899 2728 1434 1296 2467 2062 1605 80 119 2580 106 1987 2150 2322 1035 2250 949 214 2509 865 1179 39 782 1918
000281.jpg,2695 2535 2395 1308 373 325 745 1082 1763 1462 1671 586 1027 845 1474 2383 2494 2824 1006 1090 1997 441 2605 764 393 1380 719 1353 1077 946 2579 8 1687 226 2284 374 474 443 1786 327 101 584 2754 2381 2018 1971 2573 1184 1010 1120 2630 1882 818 1198 1250 1523 924 953 547 37 1480 1915 1180 989 2040 2203 1979 1285 2080 117 1982 2631 1536 914 1324 2759 2449 1482 495 2546 1900 341 2359 2238 1941 922 615 1816 2771 2804 724 2240 2263 1525 167 1577 2651 1157 2314 2589
000282.jpg,2545 2472 683 2034 34 792 465 1838 113 2235 540 1116 799 124 280 2764 1593 2721 1580 652 100 1743 230 2180 1878 2682 1224 47 2781 2523 2422 2196 2131 2426 2433 1804 1837 1713 463 2296 2654 269 2430 1990 1948 2400 591 2129 241 527 444 2023 442 2547 1618 2190 741 2335 2609 1141 64 1778 1099 1873 1552 116 1181 700 1584 2226 873 600 97 499 2801 1714 2375 2700 349 1095 1538 1346 2137 1338 1101 1292 195 2011 1656 1535 1983 1859 651 1926 833 736 483 1134 497 2714
000283.jpg,49 2164 2173 525 1356 383 408 2191 1977 239 1795 2083 2230 1201 2089 2716 1701 1282 2674 2842 2552 24 2280 612 1127 356 1448 534 2308 1725 734 1789 858 1274 2252 2794 2427 2698 2470 1781 1746 2143 1164 2091 2365 838 2570 1651 637 1555 139 2283 2144 68 1635 1967 2565 671 216 2445 1056 1826 815 1288 2574 390 523 1376 2827 1543 1071 2438 2708 388 2500 1715 2597 481 400 296 209 2814 59 135 2105 171 1103 2028 394 252 2052 2467 466 119 2079 1650 1063 2819 596 335
000284.jpg,1959 2019 876 1169 1732 1611 1962 1147 2275 1259 1678 872 1805 584 1424 2621 1669 379 86 1634 605 2329 464 1244 2748 482 2560 1309 2316 1706 818 603 1073 775 187 2711 2830 2558 2773 365 2239 357 794 1450 1096 692 610 1846 2211 495 2445 462 1882 1615 1194 2764 728 1091 165 541 2292 1873 824 2586 2489 1950 1109 2637 778 2701 1748 1028 1926 2780 2503 1338 1993 248 2247 2630 108 1040 1467 2059 1971 2804 279 2305 998 1843 2790 2805 1626 1645 1649 382 678 2383 484 1055
000285.jpg,1289 1475 1765 93 1664 1254 895 1590 588 2016 284 2236 2047 370 77 1801 190 200 1348 323 1166 1506 641 581 956 249 1124 2740 1810 1118 2053 280 1272 703 299 1207 1283 820 614 842 2771 789 1577 853 2418 303 267 2266 333 2184 1744 1292 2456 1334 1180 134 2823 2409 991 583 654 1189 2656 846 1093 1798 2127 756 1026 1324 2725 2072 1291 2136 2703 2493 158 2784 1432 884 2787 1080 704 2509 1081 1575 1114 2731 1502 1821 2694 976 1121 39 2797 2687 1724 1647 926 1477
000286.jpg,2839 141 2795 1725 252 163 1056 401 2438 1545 1808 313 2274 1376 1743 1701 1329 22 2810 682 2404 388 220 890 2351 1201 1061 2311 1356 1503 2335 375 2265 2346 1111 1885 2103 1771 1404 189 1892 383 1171 2570 2751 2042 2060 1214 1213 466 1232 1637 400 2037 138 1688 2370 2049 1556 1326 2285 2128 1100 994 1656 2089 2567 2306 368 1150 367 608 274 1991 1395 28 864 402 1921 473 1889 403 2611 2164 2717 2708 1955 1970 2821 419 227 609 607 2816 2055 2594 2105 2467 2177 894
000287.jpg,576 2437 2317 1990 2202 38 661 1727 2268 2547 122 459 47 2058 922 1914 1447 2648 2194 2820 2167 1341 2700 1764 1790 2662 2446 2555 577 1304 1277 448 1469 1548 2372 2750 511 1607 793 2201 2212 1327 1714 42 1188 935 2791 1034 1363 2422 2417 2523 37 2571 562 2190 2096 2030 2213 1694 2714 1069 2758 2466 439 1060 20 2831 1713 210 1858 462 1224 774 2180 1811 1237 1865 1476 1560 2623 685 1604 2721 683 1355 1305 2554 412 2135 229 195 1567 1859 2733 16 2239 2642 1838 1425
000288.jpg,245 653 335 2386 2025 849 1726 2448 785 207 2498 2678 1866 2657 1199 148 647 1777 1123 2188 2737 61 732 2396 2639 948 43 2582 1937 2382 296 1343 2724 1437 2813 1204 139 1092 838 1787 310 1365 1127 1949 940 804 482 689 2424 192 974 949 2814 686 2652 2230 481 387 225 2683 2220 2315 1274 624 2112 1561 941 331 239 1820 1651 2669 146 84 1110 2291 971 1185 338 494 1616 1011 2324 2744 1113 198 300 1772 1693 1223 2084 2309 2353 356 2107 2116 418 1004 1334 2688
000289.jpg,1874 1236 2057 2291 1578 75 2683 74 1223 1840 1004 2606 331 2309 494 2421 2669 2737 2220 2639 627 1754 865 945 1704 992 1011 496 2046 2353 1616 524 941 1819 1772 2242 995 2084 647 1038 1343 2149 949 310 2112 2328 2652 84 940 1041 353 2386 1949 1092 420 2566 2542 909 1787 944 489 2161 2424 1820 2025 1298 1468 2526 804 639 1643 1864 970 2324 2148 1458 482 2497 1532 1768 2724 2250 2475 1151 938 2769 173 1561 207 835 2688 1437 2315 2744 43 2312 152 977 1501 148
000290.jpg,574 2291 2057 1139 1953 2419 323 331 1881 1486 995 1397 657 59 1333 146 1605 420 182 2112 1760 2542 640 169 1712 128 627 2768 900 2526 266 2361 1768 1208 1578 2669 1506 2220 1199 1810 1944 954 1839 1711 1236 1899 2475 559 1434 1477 1616 2574 1298 75 2728 815 404 409 2769 1874 2683 148 1055 1365 2656 655 431 1627 1004 2652 1406 494 1666 1437 1488 458 1172 2048 2580 725 1563 238 2639 2149 313 310 1011 965 732 2396 927 1041 613 925 677 2485 1255 2148 1738 2214
000291.jpg,1055 2046 992 1139 331 1397 995 2526 1601 1578 496 1768 2309 1874 2057 1944 420 1931 2669 2291 640 1199 2728 1623 2220 1616 1544 482 1011 148 2558 2475 2768 1185 677 75 732 1262 1881 404 598 323 1820 713 627 1693 146 2580 1236 1223 574 74 2683 128 1627 1561 2761 165 1840 1439 335 2744 1825 1605 431 1777 2704 2506 2606 1365 494 655 2656 2639 1151 925 353 2353 1417 2048 815 270 2652 911 1045 1782 725 169 1692 938 2769 1961 1488 1953 310 2051 944 2836 1444 1733
000292.jpg,968 809 2101 2681 1188 877 1284 2689 1823 2081 1052 1456 2370 1145 2774 1741 2799 411 808 890 2264 2237 1910 2789 2083 1941 1991 2627 1305 922 2306 1245 1461 1865 2594 567 367 2432 1098 1750 1321 205 1425 2156 2044 2097 717 2006 1500 587 396 671 2027 2342 1746 722 118 449 122 1217 1709 734 586 2365 468 2770 224 2095 2610 2193 705 2068 2527 33 1781 869 413 2631 1827 1260 698 2537 1029 2098 2268 1220 222 562 1387 534 2096 935 385 2750 836 1135 774 1042 2394 1059
000293.jpg,558 1448 213 2295 135 1296 1383 2615 1994 2413 1265 1977 119 1071 2408 2354 2682 1478 1689 748 1269 24 2638 90 2143 2093 19 1789 1063 80 2390 2338 1849 184 739 424 2833 2332 2215 1529 1984 1776 1201 520 2224 695 1164 232 819 1795 607 2575 2092 1651 1179 2698 1648 634 1298 1409 1585 2371 1434 2158 1009 1118 1601 625 1622 1159 2635 927 837 1733 1867 1597 668 1542 1551 2139 1337 2330 746 2796 455 2039 1004 311 2356 1168 1299 2036 2659 287 1675 391 264 1572 1399 2459
000294.jpg,2144 2164 2716 2119 2365 2083 523 2173 2552 49 1746 2230 1870 983 209 2441 2252 239 534 2091 838 2052 139 68 81 705 525 1003 2674 1369 1977 2191 2396 1852 1781 637 806 2370 849 653 296 2527 997 726 245 356 2280 418 1288 843 948 1076 1282 2427 1651 1464 1917 1703 120 2089 1127 644 2827 2813 26 858 354 585 734 959 2413 408 2507 2842 2445 1795 2819 2087 1179 2248 2476 1417 1274 2188 2079 686 785 1190 2814 1142 2283 1376 1598 1937 2649 521 2698 2021 61 2308
000295.jpg,578 848 522 1845 1114 126 1107 2471 1908 931 2624 768 618 1340 1830 1323 103 990 702 1165 2276 1413 293 841 1361 589 688 485 2334 1451 1553 1821 532 1608 1344 2462 283 760 502 266 284 658 2509 2028 1235 2328 1207 2601 1810 1391 2583 1310 1233 2772 1186 1704 727 903 2150 1406 767 1721 865 664 1720 2477 539 173 1519 1250 72 1769 1443 910 75 2628 1747 738 1839 826 303 2378 297 1737 1876 1236 4 2380 2069 65 875 995 2478 725 2149 981 12 2148 613 1767
000296.jpg,2444 729 2710 91 1216 2357 2296 154 536 1134 1509 1349 1719 616 17 733 1564 2749 1268 1924 1067 1571 2796 180 1002 1956 2208 1215 344 2654 2727 1978 2640 414 97 1505 2392 2808 651 307 124 2738 1119 961 792 1058 866 394 2140 1099 1211 1407 2685 2023 1047 912 527 600 1181 1141 1301 696 1621 2131 630 2098 500 1266 342 109 2226 1431 2781 2235 591 1278 2262 741 1128 1952 1906 246 1514 2333 2185 635 7 2300 2008 1584 1988 638 722 1803 113 984 612 2205 79 1399
000297.jpg,1714 1116 1381 1878 1710 674 2660 2287 1658 1328 1339 724 2241 1046 2544 231 1535 1640 2707 1054 2753 2538 1307 348 2714 2089 1253 1782 1983 663 259 2405 1051 480 2826 51 26 2191 2472 1142 168 1422 408 606 637 1860 2308 2397 1592 1148 1369 49 2712 860 2574 1586 2482 563 1218 2626 1094 1895 2713 612 978 818 2769 120 2177 2021 623 1634 440 2417 2076 1003 137 799 433 1606 1017 1117 197 11 965 2099 491 2427 1197 1936 269 1672 904 290 2470 109 1190 1447 2708 260
000298.jpg,2357 1132 1564 616 1584 1002 1407 2296 527 630 2375 536 1978 1719 87 1134 91 984 1812 929 1119 1410 2802 817 1988 733 237 2563 2525 1224 1587 866 102 2106 2166 1128 197 716 1067 2300 1713 1838 2045 2530 2685 2523 1588 575 2131 2098 2262 2394 1278 34 1604 2487 1505 591 243 996 635 2212 1327 993 651 83 2752 2817 88 2196 590 1943 1382 902 416 1919 2544 2482 2692 1895 414 2034 47 612 269 1621 1136 2426 85 1268 2336 1431 2023 825 2675 2180 2331 2545 2654 2755
000299.jpg,2790 1102 2012 1644 2528 2411 987 2101 1456 2044 1305 809 871 2627 808 118 1934 411 224 2789 2774 367 1188 1145 1910 1926 2573 1052 326 1624 567 877 698 2027 413 968 2306 1042 1284 2594 2370 2501 2103 602 924 205 2799 922 122 1891 1741 813 2625 31 2081 1920 2689 2747 2400 1791 705 897 2681 1677 1461 1781 350 1823 2711 2680 1865 2770 1935 2193 2041 369 2098 2237 599 2083 1991 167 556 33 1942 890 1656 2792 1883 2361 449 1702 2313 2264 1729 545 1948 580 1659 1533
000300.jpg,1710 1307 2164 1376 1035 348 860 2089 26 1870 1569 525 1369 2753 1725 674 313 1486 1656 815 2574 523 1975 28 49 2191 1781 408 1775 1312 2177 1417 2021 1563 368 1955 1627 2827 1190 322 169 900 684 330 2794 2042 354 2674 491 1885 1489 1074 2660 1197 847 1339 1056 481 2076 2142 1657 356 2531 2467 1381 290 2105 965 1208 2091 2179 559 2690 2309 1395 2708 1789 458 1127 59 383 1437 621 1441 2308 2552 2716 1568 1111 1117 2232 1282 171 927 1018 1795 1700 1151 1743 2712
000301.jpg,2093 1448 1879 1265 631 316 963 1383 141 1543 1725 2638 1164 622 2570 394 1266 2808 1337 1356 2597 383 675 1201 699 2753 1296 119 530 1023 2640 2049 1795 2042 220 607 1909 2105 1826 890 1329 1743 388 674 1240 337 1376 1981 1307 1071 1701 1885 252 2717 1135 1151 163 2295 2205 391 553 178 2306 1710 401 2055 2696 1774 24 2021 558 1952 1991 2224 805 2438 2089 59 1248 612 2265 1061 2143 255 213 466 2335 2692 1749 2799 1789 2747 1117 1545 1926 403 1056 1716 2404 1775
000302.jpg,1734 2138 2555 2752 1467 1382 2254 590 462 2192 2233 834 2331 1727 1950 575 2684 1028 1690 1943 83 2212 1327 2234 2246 993 1278 1419 457 2563 1517 2754 1169 87 2525 32 1919 2106 2166 1410 2239 1277 1669 85 2801 736 541 2033 771 902 917 2159 2630 2058 38 642 2802 1621 1626 716 2196 2733 357 1988 187 2547 2129 1072 1607 573 102 648 824 393 929 530 2190 2758 2452 666 2764 2426 678 1341 1873 958 2372 794 1044 71 1604 301 1978 1804 1069 1629 1200 1416 34 1476
000303.jpg,1796 1812 2453 1002 616 1676 1564 591 2487 256 243 1495 716 1407 1505 87 527 603 866 1491 996 2131 2530 355 1895 1732 830 918 1946 269 929 2843 237 2196 852 2675 2275 442 1450 1132 2357 817 2170 943 1200 1587 2394 1988 2525 1178 652 2563 2034 1410 630 2262 833 102 2802 610 83 708 1449 993 1713 2417 2375 575 1980 2822 197 1136 2544 1588 1574 1878 1105 2454 825 1729 1396 2045 1838 1224 2817 2451 1375 1073 1053 1431 1134 683 1331 1936 1523 497 319 94 799 733
000304.jpg,454 2281 1884 973 1824 980 23 2288 270 298 546 1912 1610 159 1015 1293 807 317 1113 1097 1858 285 669 1300 1593 343 1084 106 223 814 475 2013 1818 1570 2269 2791 926 1540 649 2761 1744 2030 2412 1661 2571 2118 2561 2705 1283 1032 281 1659 1199 2643 592 498 1802 2449 6 1184 1536 2062 1080 894 1927 1221 892 181 695 1602 737 1683 39 2236 240 264 1615 214 1205 1987 598 1973 244 1281 1402 2215 2213 2841 1189 759 1591 1603 372 576 1502 1768 1227 375 1483 1697
000305.jpg,856 1059 834 2168 42 345 2096 935 2648 836 1108 2160 2591 507 1013 537 1217 1167 1797 1621 827 861 2452 762 2222 122 127 309 1315 400 858 131 1336 1828 396 2551 2537 1355 2031 1188 2822 1978 1941 1907 2246 2481 2661 2261 2595 869 1363 385 2839 2842 147 30 1304 1566 1806 1044 71 2098 2642 1764 1286 390 2692 2197 2342 599 2186 7 1607 38 530 1277 2079 897 1500 666 2097 2437 1181 2627 1301 1047 638 1270 2280 1556 671 1995 2083 1736 2747 2212 1327 2513 2335 2331
000306.jpg,256 610 1676 1796 603 2453 852 830 243 605 1895 2170 1495 2538 1587 1178 1732 1946 1574 2487 1200 1586 355 248 2417 94 102 518 2275 1634 1410 1073 2843 1051 1450 2544 724 855 1309 1424 1505 269 591 1705 1812 2454 2451 497 87 716 2262 2458 2697 1396 2482 648 434 1713 2748 606 1564 616 1002 197 1636 1244 3 942 1714 866 365 112 2227 1678 966 1491 2815 527 1040 1331 237 1988 2010 2394 1968 2786 996 1709 36 2514 683 833 186 1670 979 1449 1328 652 2530 2802
000307.jpg,73 1233 380 2074 1440 2364 437 332 2663 1869 315 1599 1492 2302 2085 2126 673 340 889 2267 593 2350 2702 36 176 427 951 386 555 2559 62 747 1065 767 823 886 718 2219 1256 254 868 709 1890 191 2818 2757 1001 199 1430 2415 1759 1986 2423 1252 597 361 21 601 18 359 2 2622 1398 258 1195 2387 186 731 429 2117 1850 2596 681 1320 2217 1211 2653 2460 1075 802 1499 1980 378 1834 417 1431 292 1860 1496 143 2722 1628 142 1241 78 988 893 302 1594 99
000308.jpg,458 408 238 290 2438 1208 815 900 2819 2500 2708 2552 1437 68 1486 146 1563 1870 1896 925 313 2720 2652 559 2089 2827 1083 330 139 2191 171 137 2035 2649 525 1151 2283 2021 354 1307 2164 2181 621 1376 2569 481 1019 1417 49 2099 732 637 1103 2592 734 1433 1777 2076 1185 1710 2660 2427 2716 1802 1313 1172 1190 1288 1775 2531 2744 609 26 2574 1627 348 1899 1592 1789 2841 1282 2435 849 1262 965 523 2278 1536 59 1369 2479 655 505 927 1933 169 2467 759 1364 239
000309.jpg,30 273 1514 741 787 810 1445 2104 1270 2271 638 1939 958 2654 2529 2226 2246 955 1684 2818 1360 17 2097 697 1630 2481 1215 79 1122 2556 71 147 718 2298 1938 2444 1181 1047 1521 573 982 2619 975 1128 2517 2710 143 665 2015 2225 1834 792 1252 1058 193 1294 1446 432 961 988 2755 1067 2466 930 1976 1349 513 901 2616 1112 1119 151 1793 2771 1571 1049 99 2208 1978 1373 916 2117 2778 2068 414 1266 827 1924 839 2658 763 1952 2727 1324 2496 932 1539 1431 951 1932
000310.jpg,1536 2425 2712 2089 2308 491 2427 45 843 1212 2571 1592 2569 2279 2807 2135 1184 260 1487 1422 2699 663 2657 2058 693 137 644 2476 1722 2713 1190 2441 793 1103 279 637 1714 1852 689 2111 2842 2442 2079 1640 448 2088 2179 525 959 1447 348 2820 1113 1142 2720 2160 2056 168 2495 1606 619 1570 1318 134 2278 2813 1694 2707 1060 51 458 354 1341 2489 1843 2562 2835 2498 139 1617 2087 387 1198 521 131 1364 2500 1064 1116 238 594 550 2592 762 1363 2445 858 2125 20 2188
000311.jpg,667 1814 1549 1735 1619 2833 2139 2266 2072 2731 676 2844 299 428 1675 1652 2455 427 913 1810 1863 1497 2633 1982 703 2771 2607 2776 1118 1925 2703 2074 2185 1129 1470 1430 2373 2568 1166 2231 1324 1272 720 2719 1484 853 2069 2363 557 1122 1264 614 176 1295 912 2484 1597 2108 1553 961 867 2460 1699 130 2217 1807 2187 2509 887 802 1443 1986 2409 2273 889 1822 1366 264 846 2723 249 1572 837 25 841 607 1793 1012 2459 566 2013 2015 2797 2727 1037 741 857 1075 878 2016
000312.jpg,603 830 610 1073 256 1450 1732 2275 1678 243 1178 1396 852 1495 605 2305 1309 269 1796 94 1424 248 1676 355 1200 365 2453 1370 966 1331 2487 3 1634 2538 1729 339 518 2454 855 1646 497 942 2748 2518 1244 1968 1586 1705 2451 2458 1574 392 1051 1105 648 683 2600 678 1980 2170 1713 606 434 435 863 1449 1554 1895 350 724 2167 2743 1033 1183 979 1709 87 833 2262 1523 2086 595 2417 591 2514 1946 1246 2482 1505 2227 1714 1636 2045 2697 48 2543 1966 562 866 2420
000313.jpg,2057 2542 2291 331 574 1874 2309 627 1011 2419 2669 2606 1139 992 995 2046 2526 74 1223 1616 1840 2220 1208 496 2639 1151 1236 494 2112 351 1199 75 911 310 1768 2353 2737 404 1627 2652 482 2149 1561 647 1172 2683 1437 2148 1578 152 1041 1468 2025 148 2242 1486 2324 146 225 2084 865 1004 1772 944 949 238 2250 2769 489 2761 1799 900 945 1754 2421 1313 1819 178 524 1343 1477 1704 965 1693 353 2424 2768 2728 2396 168 1038 1458 128 985 1092 2724 1185 941 640 725
000314.jpg,2324 1004 941 1041 2291 2737 639 225 945 1343 1223 1772 84 2149 2112 647 940 1949 1787 2386 804 2421 2353 1754 865 1874 494 949 2242 1038 43 2025 2688 2161 207 1704 1643 2683 1819 2639 74 2315 1204 909 1840 835 2582 2424 1092 1532 2497 2084 310 1236 2220 2566 1458 1616 2057 2652 524 1437 13 1864 970 1468 627 196 75 2542 152 2669 192 489 1901 2724 2250 482 944 331 1908 198 1820 2396 2606 828 2148 1011 971 1726 496 1501 1110 2744 781 2585 1561 173 219 735
000315.jpg,940 1949 1343 647 2386 1787 804 84 941 2683 192 2315 2424 2737 2161 949 1092 207 2652 1532 2639 1874 43 2025 1437 1772 1223 2112 494 310 2582 2084 1820 196 524 1204 198 2242 61 849 639 2724 1819 2324 1123 1704 2220 74 1643 1616 1038 2291 152 1458 1754 2353 835 2421 1901 865 225 1840 2688 2566 353 2657 496 148 1468 482 1004 245 1208 1110 1864 489 2744 948 2396 335 785 594 2188 2057 2479 909 2448 732 2498 2678 238 712 1011 1726 1563 945 781 971 1561 2669
000316.jpg,2652 732 2683 1949 940 2424 2386 647 804 1437 2315 1343 198 2639 1787 192 1092 2161 849 1563 949 1820 61 207 1874 1123 1011 1532 310 196 941 494 2737 84 1417 353 2084 43 2025 2657 1110 2582 1901 639 2744 1223 2678 524 26 146 835 482 245 925 1204 1208 1819 2479 2220 785 948 2724 1772 496 74 2188 1840 152 2112 2242 148 335 1468 2688 1704 624 1643 2448 225 481 1038 1561 1458 2309 2353 2498 418 992 1369 2421 712 1616 2566 2046 653 594 1754 489 865 1693
000317.jpg,2089 637 2308 793 2021 1060 2500 330 1364 2819 2099 2191 1190 2712 49 2660 2438 525 2470 2552 1536 408 2716 1640 2164 2708 2427 734 458 2574 348 139 2753 68 171 561 1288 1103 238 523 134 621 1710 1714 1376 1208 1307 2058 1117 1437 51 1563 2135 674 313 1870 2283 559 900 815 2279 2035 1487 2571 45 2205 2278 2425 2714 137 1339 491 168 290 2842 1843 2076 2181 1795 2569 1694 2674 2461 1151 1172 1212 1725 1127 2662 28 1392 1896 2028 2531 1486 2094 1638 1142 965 1184
000318.jpg,295 313 2806 452 2311 268 252 1889 1896 668 2821 1789 1638 758 149 501 786 2717 561 1062 129 2632 1333 2779 1150 927 107 402 1923 2794 2181 2404 2438 1760 2022 1785 1813 2285 1177 559 383 1019 1701 2450 274 608 936 1486 1736 2841 1503 1826 324 63 430 456 403 1201 628 2708 2634 1214 657 52 2429 408 1448 306 2414 1356 1892 1507 1568 1712 1378 1056 1465 1685 2398 840 22 1879 125 782 1281 478 2604 2061 753 1725 397 1921 182 1273 1022 1048 1662 1530 900 1612
000319.jpg,1704 2421 1772 941 647 1949 940 84 2386 2315 2683 909 1754 1223 1787 1874 1343 2161 494 2737 804 2424 944 1901 2639 2652 1038 865 835 2084 1092 2353 2112 2291 67 74 639 2688 43 207 945 1532 496 1004 2025 2582 949 1204 1458 196 2657 2497 1840 627 1819 524 2324 152 2242 2220 1437 1616 1643 1820 148 2585 198 450 192 2744 310 2046 1468 2566 1864 1726 1110 1123 1922 489 2724 1041 225 482 2057 568 938 1236 2309 173 1501 828 338 13 594 2583 201 1011 2678 896
000320.jpg,955 1122 557 2387 2104 2134 1189 1242 2517 432 2524 853 2706 2097 1539 1387 1684 2001 251 1129 614 164 1558 2771 988 803 143 2175 2363 193 867 513 2460 2755 1699 2298 1256 879 99 2529 1272 276 2225 975 1373 770 2015 1514 1252 79 961 2723 1366 886 718 969 1793 372 1816 1834 1982 901 2013 1320 1143 429 659 982 1976 277 2818 151 1440 1682 2722 2559 2117 731 2702 1215 2469 361 2126 1833 1209 25 292 1479 2556 2074 2614 1599 273 2719 2844 62 1049 142 1430 2140
000321.jpg,420 2215 227 739 956 1080 655 278 748 1839 1055 80 1655 1756 1317 1822 1397 1706 1601 1296 1087 261 2036 2273 2207 1831 119 2682 695 1118 1689 1272 1755 1426 182 783 1312 1931 1434 2301 2039 1733 1298 2526 1515 2580 2669 1768 2139 75 1578 634 331 2575 464 1815 2620 558 1292 2354 1531 1825 1667 1529 819 2070 2390 2062 1912 2728 2294 268 125 2048 264 1857 1947 2602 1143 299 939 2014 1582 2462 1086 2412 916 1354 2320 2328 455 952 466 1789 2833 24 498 1597 1439 1383
000322.jpg,1870 1563 26 1417 1369 523 1437 238 1172 1011 849 348 2035 972 2716 860 1151 965 1208 2552 1486 2491 2076 354 525 458 2652 139 2649 624 1627 152 1489 2396 1468 900 245 168 418 2021 1313 524 2148 481 1376 310 2025 1473 2119 2164 219 948 313 2220 639 647 1775 804 146 207 331 2724 1092 2669 335 2179 482 43 2639 2827 732 2479 11 2386 2424 2809 68 1787 2819 559 815 2112 911 925 1616 1569 1532 1949 712 940 330 1146 971 2592 148 2526 75 1700 2500 2200
000323.jpg,139 2191 525 2716 1288 171 2089 2552 1437 815 68 621 458 481 1127 1563 238 2442 245 49 2500 849 2470 1364 335 2427 732 2230 637 408 137 2657 2720 239 1486 61 1488 290 1703 2813 387 1208 1937 1365 974 1172 148 2164 2025 2396 2382 2498 686 1870 1199 2179 296 2188 2819 310 1536 785 647 2035 2386 2283 1738 2652 2116 900 2814 2173 2574 653 1417 644 356 2827 2441 948 1185 300 1777 2448 2838 146 1464 559 1639 965 1151 2286 997 734 2708 1627 2507 2220 1852 1123
000324.jpg,1859 57 457 1228 1631 2234 1021 2171 2159 2823 617 2374 204 2360 2233 2726 1502 38 2254 1124 2192 2339 736 556 793 2816 2043 1638 1690 495 1104 1026 2174 1785 824 704 210 1416 1028 1467 1593 1926 187 312 2501 1744 719 1891 167 20 2832 2784 1881 1332 1289 2418 2213 1281 1861 1090 2461 462 1843 1665 2521 362 2450 8 2721 2481 2017 1934 561 2061 1702 357 2779 280 1072 456 1647 158 1857 1626 2228 465 493 2456 2790 1883 1841 2740 1194 1907 1734 1836 499 888 510 341
000325.jpg,1607 1524 2372 1341 1277 1355 38 2466 2212 1327 1276 2058 2648 2758 1069 1803 2835 17 195 1811 116 1034 2662 2189 1828 1727 1278 127 2461 2555 793 2180 642 1060 638 1509 600 1167 1859 1099 1694 2781 577 20 1181 1990 210 47 2714 2352 71 1072 736 273 147 1571 2523 2752 2640 993 1520 530 1861 1224 1804 810 167 2801 1043 1467 2023 2399 446 97 1606 2196 1101 700 2296 2192 1939 2738 1714 665 1028 2190 307 1943 1382 2246 1919 1734 448 2392 1618 1838 792 1604 741 1690
000326.jpg,961 2719 78 893 302 1398 1256 912 1980 62 1431 292 142 342 673 361 2226 2221 593 1264 429 2415 176 889 1479 2045 2217 2364 2844 555 2568 2108 2208 427 414 2026 2074 1349 1211 1065 1890 916 2559 741 289 767 681 2255 886 1833 512 792 99 1366 2267 733 1516 1793 1129 901 1794 199 432 718 2384 878 2460 1699 1619 2723 2727 21 2319 747 513 2003 2038 36 332 2126 2387 982 2722 1492 2543 1599 1346 2469 2755 2539 2349 2140 731 2117 802 340 2757 1888 2556 770
000327.jpg,2119 1369 1197 1417 1870 1692 418 860 726 1035 580 2669 653 75 239 2827 335 525 1433 296 26 1693 995 523 247 2761 1199 655 2427 1179 624 270 617 1312 81 482 2441 849 684 2561 2230 2656 1820 2552 640 751 356 2252 1839 1902 2179 481 1700 2649 2025 2716 61 2526 1569 2242 1768 948 806 148 2491 1003 2236 1365 759 732 1616 331 1018 159 1127 2144 2091 245 1967 139 2724 1881 2220 1651 310 2309 1975 2396 1643 1489 2164 2191 1274 207 354 2678 534 949 785 2052
000328.jpg,290 1993 799 1961 1715 241 2704 892 1710 1987 2226 2322 1841 2177 649 408 1876 1615 1262 1640 505 2713 1441 1924 165 654 1381 814 113 2278 2193 1967 2158 2827 617 1339 291 247 305 1635 2565 670 2191 2534 352 2292 1956 598 1018 49 1185 389 1282 2439 2427 2190 2841 534 1403 2531 2708 2654 1689 620 2825 1692 1032 815 46 449 189 1019 2571 2048 418 2592 2693 695 782 1606 612 2067 2784 390 2134 2598 240 1938 525 1940 181 1411 109 2467 214 147 495 2046 939 2690
000329.jpg,1107 1908 522 1721 1233 1845 1344 2276 767 1165 2772 1769 1553 437 1772 2267 2380 931 1499 450 404 539 768 1876 578 380 841 2702 418 760 2622 173 1361 589 826 1443 1137 2628 2491 179 2777 2624 702 1236 1473 2814 1160 725 1830 126 1038 904 480 838 2583 848 2312 2328 1555 75 2683 949 2485 601 763 1704 485 1114 1298 321 2724 1092 2315 1834 865 2242 2376 2020 1110 804 948 482 1643 1775 970 2606 688 2722 283 1004 2669 977 2769 2250 2421 2149 2148 1340 1759 532
000330.jpg,1422 2713 194 444 2439 2213 358 2571 2707 2433 388 1764 687 2466 20 1610 2640 892 1609 2781 2089 122 2791 2308 2700 317 167 1304 1548 1748 2352 669 2269 2118 255 448 423 45 505 980 576 2712 217 670 2556 2401 2623 2030 1694 1227 846 1939 600 1640 2427 1540 1560 867 1029 1811 476 2279 491 1255 2835 64 2190 683 1341 1453 1927 1411 187 2229 2182 465 2128 459 1993 1524 1425 229 2661 1459 1109 1828 1775 2495 577 2211 498 1571 439 1032 1659 548 1615 1938 76 2023
000331.jpg,591 1812 2817 817 1796 1002 929 1564 616 2196 2034 1407 1505 2675 1246 1878 716 825 2487 2375 996 2357 2530 527 237 2131 1895 866 243 87 833 1414 197 1491 918 1729 2453 799 1988 2802 1136 2544 2417 1676 1410 993 2764 2843 463 497 319 652 2563 2822 630 943 2545 102 1587 1449 355 1946 2394 1948 1713 1046 83 1838 2685 1224 575 14 1375 683 2525 2714 674 708 2166 1983 442 2106 154 2609 307 256 2426 1936 1134 659 276 1392 1656 2336 2300 2482 2063 784 1586 2801
000332.jpg,2603 2522 115 1315 1792 405 2635 1251 1064 2835 1698 1375 1930 2612 317 195 2399 1364 352 2253 2513 1907 1638 551 1336 1013 1153 42 1862 2425 2100 385 1520 1060 1286 2094 1338 2223 1551 2058 1095 793 2079 1722 2401 829 1618 2614 53 1392 548 2266 2476 184 337 2697 2372 2431 421 1936 2641 577 1057 2196 1836 2111 1999 1234 1341 499 349 1990 1337 77 291 857 2160 2418 649 471 1861 2205 1349 1449 1094 762 1538 993 2714 570 2189 1103 1212 2609 45 1981 124 984 46 1548
000333.jpg,2378 938 2421 910 995 2583 841 173 865 1415 1250 503 1582 1779 640 2328 1754 1969 1038 738 713 126 633 578 2242 2520 522 2009 1511 1439 98 2051 1692 13 750 75 353 921 655 776 247 2669 266 2149 283 334 711 2561 627 399 1643 941 1704 1957 1830 2497 1532 1114 691 1711 1908 1165 781 1700 1041 848 2542 1784 1501 1186 1810 949 72 1420 1541 1768 1236 198 1412 1537 1819 2236 128 174 1820 826 944 2057 909 2210 191 196 1874 2471 582 2064 1107 270 2532 2479
000334.jpg,188 611 2001 2256 2391 2270 659 1319 2325 143 1958 2225 987 982 2524 1440 386 557 2104 2082 1242 1985 969 14 2755 951 1173 1628 1137 718 790 2065 765 1948 2003 646 1834 2722 1320 1539 432 2556 1373 1252 2517 886 2529 73 2363 2818 2126 779 2074 2540 879 513 2460 975 2596 151 1691 2559 1793 731 988 1599 2012 2015 1600 1386 461 2469 1833 2723 99 1699 901 2298 1986 277 1571 79 429 2757 1684 1163 2219 193 500 770 2387 569 1976 803 1982 380 276 273 2771 763
000335.jpg,2171 782 2311 1281 650 1785 2043 2346 456 1018 559 125 403 2779 252 2690 2061 452 1889 1647 2810 1723 1021 1472 2404 2841 1026 1530 2632 2816 927 274 608 1685 1916 1789 1150 645 1335 1892 900 1213 2505 2465 1232 668 501 22 2717 2285 1655 1214 2708 1918 1730 1019 430 1568 1912 313 63 1638 2726 2806 1056 2832 2588 153 1612 1970 138 40 2821 894 402 2062 204 840 1356 2467 506 1062 129 1486 2550 954 744 1972 957 561 1662 1078 1507 1104 1831 1896 182 628 1024 1591
000336.jpg,1676 852 256 1718 2543 2746 186 610 2170 942 1705 1796 1495 749 2453 2262 2843 2538 2227 2451 1946 434 1574 2458 2085 340 1586 332 1200 868 605 2350 1051 2518 112 2290 866 1005 1895 1670 1636 2341 3 554 1053 2786 981 1966 544 591 2815 1587 248 497 1762 2420 593 1131 1980 1431 518 673 2384 979 1783 1890 733 855 2600 1398 1860 2010 606 2487 1073 595 102 21 1732 2423 36 2302 258 1309 176 243 365 417 648 1311 355 2482 288 2544 1178 1491 830 392 94 1033
000337.jpg,1817 136 2353 104 1979 2497 1954 1501 944 882 351 972 594 1528 69 2828 2250 915 945 2647 1384 1184 1302 933 1737 335 1643 909 74 531 1011 791 1616 148 772 1922 308 1840 2107 2161 2639 1704 896 2309 580 2046 474 639 624 152 300 2652 1400 865 2334 1754 2084 2688 84 1874 647 1687 1693 2683 503 1458 1532 941 1352 2421 992 75 2678 1563 524 2424 1949 2669 1772 2361 1901 985 1717 1468 450 331 835 2569 168 1092 1236 940 781 1223 2220 2761 117 198 1203 482
000338.jpg,59 220 401 141 1725 2810 1545 1701 388 607 1808 1404 2274 383 2438 1329 682 163 1201 2346 1265 375 890 2717 626 1688 4 252 2594 1991 2570 2367 1089 1061 367 631 2306 2055 466 1885 2049 1356 313 2404 1100 2171 119 2597 1934 400 2839 2370 1916 1743 1826 425 22 1879 2042 1164 1056 1637 2816 2638 1339 2335 2795 1752 2311 2790 2799 1213 2351 498 2265 2124 1963 2808 394 1741 1023 1376 675 2032 1627 1775 2044 1486 1111 2751 227 1723 556 1326 304 1383 1448 2021 24 2389
000339.jpg,315 1759 790 1390 70 215 2757 2409 2622 1834 923 386 461 898 951 1427 254 1557 2722 714 2524 2540 2304 886 1137 2510 1928 73 1306 1440 1721 718 646 251 380 1195 1851 1594 569 601 1252 1915 2663 1986 1166 2054 359 2219 579 566 803 2559 2701 1320 2325 2104 1242 1951 2546 2653 143 697 1154 1976 1430 145 2818 2379 1769 2074 1175 492 437 2556 823 1106 930 1558 2618 277 2778 879 2719 1418 969 1549 2596 395 529 2319 2126 2256 988 1599 975 615 2391 1373 151 1115
000340.jpg,1796 269 2034 652 1713 2196 2453 1178 1224 1838 442 2131 866 993 2487 1676 87 2802 102 591 256 2609 603 1495 683 1732 1450 2525 1505 2417 830 1812 1132 83 2275 833 527 2563 1410 996 355 1200 1564 47 616 943 1002 1407 1584 2530 1980 1449 2697 575 852 34 2538 1714 1946 1645 1895 243 2454 1936 288 610 2843 1491 88 2675 716 2375 1620 1837 1136 2170 1588 2426 2045 1990 2721 237 2523 1988 1878 1116 902 124 929 678 2166 2262 94 2212 1327 918 2394 2817 2357 1574
000341.jpg,1663 1054 1679 1381 2836 1328 947 2840 2753 433 1860 2707 2837 1218 1649 169 2050 2289 2628 1782 1623 1544 1658 985 368 2287 1253 1617 2842 2713 622 259 1640 674 1148 1307 2712 1190 904 51 2439 2046 606 677 563 2133 440 2397 2224 491 1592 1051 231 1444 2826 1775 769 1725 201 2241 1130 900 1586 489 1045 2309 2544 2660 1639 2480 2574 1035 197 1909 1634 179 2085 2089 52 219 431 2308 2470 992 2069 445 1710 1486 1975 1017 1208 1840 2375 178 1627 560 2084 2506 260 724
000342.jpg,1701 2753 1307 674 383 2717 1725 1795 1356 1743 1710 1056 2089 2570 890 24 1879 1983 1543 1955 675 2265 59 408 1789 1201 2574 2438 1135 1339 1486 252 2597 2708 2093 1885 1775 1376 1847 49 1826 2191 141 2827 622 668 815 2042 758 1448 391 1329 1934 927 2840 4 2794 2143 403 739 525 2690 2467 1999 1716 2335 805 2224 1627 313 2795 2839 2164 2177 227 1441 552 1282 1117 466 394 2515 388 1164 255 2433 609 1896 1656 1111 2638 119 220 2565 2105 1150 2404 1921 1265 2531
000343.jpg,1471 953 1198 1184 1536 37 2571 1714 2179 1487 2699 474 663 51 1606 2135 1640 2489 2449 661 2569 818 491 45 448 1422 2314 260 2425 511 2712 922 229 2279 2374 2361 1066 2308 1212 2260 2495 619 2263 1569 1617 1941 1006 1846 1592 1371 2807 2492 33 1843 279 2605 137 2241 1570 2466 715 550 231 2194 1116 793 1090 459 1318 671 2773 712 2494 1894 134 1447 2535 2372 120 1363 594 1188 637 2095 2056 2718 1091 218 1094 1355 167 1142 1878 2763 2707 1488 2758 2792 1623 1070
000344.jpg,2662 448 210 1043 229 661 459 2213 2118 1560 2253 2194 1285 1859 2461 1990 158 1237 298 980 570 2820 77 685 2714 1610 1276 2372 1694 2428 2229 1189 2835 511 2659 1341 1524 669 2466 1345 267 1607 1567 1060 133 1548 2648 888 38 195 1095 45 2418 412 2340 228 1238 548 2135 2352 793 1227 1665 880 577 2623 846 1618 2058 1551 2197 991 1540 2694 1034 1698 2700 798 1884 1576 1638 1981 47 242 1291 2781 1069 756 2202 2266 1858 1811 2758 2425 1422 1575 2004 857 1086 2268
000345.jpg,1397 1944 1055 2475 2291 2057 420 1578 1139 2728 1236 725 1768 995 2036 574 494 1298 331 1004 1553 2328 627 482 323 2558 2214 1810 2526 1199 1733 266 75 1953 2048 409 2107 1601 1960 783 713 2768 2294 835 2669 431 272 1458 1874 2506 1839 1740 2503 2583 398 1881 738 2329 2769 2683 640 938 2149 2220 689 1365 1616 2125 2542 2112 1767 655 1957 165 146 1443 128 2737 404 2772 1605 1041 2324 1434 1206 80 1506 2462 1144 1477 1720 925 2656 2580 2286 2639 2509 1819 503 2242
000346.jpg,143 718 1834 1440 2722 2818 151 1252 386 2074 975 2104 73 2757 988 2524 1628 380 2225 2529 99 886 1684 2126 2793 1599 1976 2559 1137 2298 2469 2001 731 2517 951 901 513 432 1793 1986 277 823 1242 437 1759 1373 193 273 2723 1699 461 982 790 1320 79 2015 763 2596 2556 569 1430 1256 2117 961 887 1215 1514 557 1938 429 2270 25 62 2325 500 492 1209 1271 1833 770 254 172 2755 969 2719 1241 70 1122 2363 898 2219 2540 697 566 2771 889 2185 923 1049 955
000347.jpg,423 687 448 1285 2352 1238 1548 410 2466 1524 2835 2662 867 1291 1811 1610 229 2820 1180 796 2197 2213 846 1043 2118 1828 2781 661 2428 600 1560 642 327 980 1355 298 2468 2372 1227 669 1189 1341 1422 685 1858 973 1571 38 210 47 491 511 444 1069 1618 752 2303 1015 2461 1800 548 1694 195 2266 2623 1520 1790 45 1205 127 1607 358 459 1990 2279 1540 1034 2253 2194 2023 269 2640 1862 2648 1509 1060 2758 1863 843 1237 1425 2268 774 879 442 2437 2700 288 1859 2340
000348.jpg,1486 559 59 900 1775 965 1313 2574 1151 2419 2076 1208 169 1870 574 1172 2035 313 238 458 1437 2112 178 2592 2396 2361 1627 259 433 1563 2148 826 2649 1417 331 152 1710 266 1146 146 128 954 1760 2542 139 2287 1712 1881 1190 2291 1468 2840 1139 995 2669 2526 26 168 2220 1011 1369 2057 283 1253 978 1725 613 1127 972 860 1605 525 75 310 655 627 2652 1839 934 409 2606 906 815 1434 148 440 1616 1004 1782 119 489 354 2389 1799 1477 657 640 2312 404 1820
000349.jpg,395 529 2323 2644 2759 2304 2540 1394 1427 2504 251 962 1115 646 1798 923 1175 1389 1851 1390 1557 485 1306 2546 1106 928 1951 1137 2622 2778 1759 545 1769 932 930 2054 2178 572 903 1230 1531 658 70 1310 2219 803 1516 1721 931 2381 727 697 293 461 2379 768 515 1964 989 2731 172 72 2277 436 790 1657 1512 919 1418 886 277 1900 101 569 364 1154 2757 1549 1801 1107 254 2185 1976 952 579 615 215 1354 2478 703 839 1252 2320 2066 2618 1876 314 2722 1834 377
000350.jpg,101 989 374 2546 1115 2759 2381 1971 803 2579 1106 1389 1997 1786 1900 529 2504 1175 364 2540 251 485 1427 2040 2524 1915 1137 1306 646 615 395 1951 547 1559 658 1324 2644 2778 727 436 930 2323 962 1386 1671 2824 790 2771 2304 1798 923 461 1480 215 1851 879 1027 373 1394 293 2395 1390 2622 2054 1557 703 1759 70 1721 1462 845 325 745 2219 1474 1801 1816 1373 589 1691 2695 1361 1982 2535 1769 1308 2325 1763 2284 931 254 1310 2238 143 697 1353 1242 2409 1107 1834
000351.jpg,2524 557 2529 718 2517 1440 2104 770 432 1373 2719 2363 1122 79 1242 1684 1699 1793 2298 2001 2225 975 1320 513 2723 1834 1256 1252 2771 901 2226 2818 2722 961 277 1833 2015 1976 151 143 2556 62 429 25 988 2460 99 1215 2117 2755 2074 886 193 982 342 1938 273 386 492 1539 2559 1209 763 1599 889 1431 2469 731 1514 2741 1049 414 1366 955 2727 2126 36 2319 792 1982 461 1137 2757 2415 2793 1479 2185 1430 1816 2496 1986 2702 887 361 2097 292 142 2444 1619 1980
000352.jpg,1656 1729 118 1920 808 1644 567 2817 754 766 31 1948 483 1231 2812 599 1624 326 2680 2065 1370 987 2528 2086 2027 1614 1305 1853 2369 1325 2534 2790 2696 2715 1974 1673 2411 2400 2774 2041 2545 897 1367 33 1102 1926 240 1934 928 377 1935 2764 772 453 188 1396 1263 871 813 504 606 1985 1319 659 1088 2012 572 1414 1230 2711 2257 765 2664 350 1105 1246 48 14 2034 2789 2747 1331 2305 1429 1983 2098 2454 1461 162 545 2232 2103 2735 413 1554 205 635 2629 1463 1042
000353.jpg,1725 1164 1376 1383 1448 2753 1307 622 1296 119 674 2224 2021 1955 1710 2093 2089 525 1151 1775 1190 1627 1240 2164 313 2827 1486 1885 523 963 59 1795 1870 178 1789 2413 1563 1743 1518 1774 316 1909 2438 1117 927 220 2295 455 408 699 330 28 637 2441 383 2840 49 2574 2597 184 1417 2265 684 1984 2035 1003 2191 68 558 2798 2716 1035 2660 1029 322 965 139 1172 739 2552 2592 1337 1746 2028 171 120 2794 2470 675 1282 2500 815 1651 607 1313 2674 2819 559 1613 1478
000354.jpg,860 1878 799 1569 2417 1710 1873 1936 2232 2827 2708 1381 2825 1018 1019 1568 2569 2545 1134 2177 1975 2034 1190 2241 674 2164 1312 2826 2794 442 2435 305 1970 1096 1926 2712 1197 782 2179 348 1712 2427 2707 1640 1714 2063 2089 822 715 2713 1116 2308 2131 312 497 2454 2843 1117 2472 1892 2660 2196 1103 1407 1307 1623 1376 1184 1606 26 2278 63 2714 1232 491 2287 2436 1586 1899 120 1656 260 169 2142 1369 1051 724 2239 525 1035 1417 1032 2531 1094 1657 1781 2361 2091 408 290
000355.jpg,2678 198 480 1532 1693 2761 2448 2130 2657 1343 804 940 238 1123 949 1949 2683 1561 1016 2813 647 785 1110 2498 1570 2188 2386 2479 1144 2424 310 2161 1437 1787 1170 1092 207 43 2737 335 594 712 2652 1726 1866 2582 941 2639 2315 948 849 1490 1751 689 1874 225 2826 482 2025 84 2724 245 300 494 1901 1204 1643 2688 192 2242 732 61 2241 1038 458 2263 1840 639 2353 2220 835 781 148 1536 152 1772 2744 1223 1820 1458 524 74 568 2112 735 1704 2084 1819 1011 338
000356.jpg,2188 686 785 245 2813 948 2814 139 207 296 838 61 2382 2498 849 2657 387 644 2025 2230 2087 1937 1703 335 1852 653 2386 2248 1076 997 1464 2442 209 239 2396 192 43 1787 2173 959 1092 1651 1123 2191 356 2427 940 1274 418 2144 2448 2724 81 1949 1726 647 1343 843 2507 2315 2678 481 804 2052 1639 2582 689 338 2552 1127 2562 732 1777 1204 376 1437 300 2424 2716 941 1142 148 68 2683 2116 84 2737 2091 137 949 2652 2125 974 310 726 971 1288 1532 198 49
000357.jpg,1000 1508 1681 710 487 791 54 2600 1695 360 1893 542 2369 2664 1853 1384 772 50 460 1739 2782 1287 1979 660 1031 2647 942 253 479 1705 235 381 1368 871 711 1528 1717 1742 208 515 1325 504 2259 1367 921 1565 1737 531 1654 1302 1770 545 2341 2389 1239 1668 1455 1707 882 220 425 1779 1225 1920 1210 881 2251 104 919 1233 1423 2587 2334 1354 136 1998 1088 966 114 1646 2803 2228 1379 1817 1187 1890 2770 730 1290 2154 503 2497 453 633 2299 191 2464 554 2812 2828
000358.jpg,1670 2512 909 1969 2788 1165 191 664 1236 1519 173 2769 568 1511 450 1107 201 1578 1068 1352 2328 624 2503 977 2165 2688 1901 981 404 1830 257 2421 2302 1311 723 539 1821 1704 2291 259 440 578 1908 995 2057 1726 627 2583 1922 1041 2678 1767 1754 904 1874 2299 938 662 2050 735 937 2683 1038 2312 2585 811 338 67 2102 2046 1344 1819 1347 219 1110 2516 1840 1170 970 1444 532 2491 1045 1379 128 2826 934 2149 865 2148 726 2628 2814 2241 1526 297 712 503 2315 75
000359.jpg,215 70 2077 315 2409 601 1125 2510 359 254 386 1594 714 1195 951 18 145 2478 816 569 2064 790 2663 1809 1759 143 1753 73 898 436 1989 1905 1928 1903 2653 2596 1786 1075 2701 2282 1915 1257 2373 1241 1628 988 1357 2757 923 1440 2163 1834 2722 2490 1832 1558 2391 378 2304 2122 1175 2 1085 823 66 1430 522 2075 1534 380 2121 321 2777 1427 1390 2477 1406 2524 211 626 566 1192 2509 1106 658 193 1721 803 2000 293 2256 1166 202 1373 2054 2622 371 251 886 485
000360.jpg,1234 2135 1060 1260 2100 2372 1425 1212 116 448 577 115 195 2253 1698 511 2399 459 1990 1034 317 2213 1837 899 2820 2714 1880 669 2662 1341 229 551 1618 2635 38 793 795 685 661 1607 2466 600 2058 210 1025 2648 1694 1538 1449 2340 352 2194 678 47 967 97 51 2235 2831 649 1237 1567 922 2268 2417 1800 2700 1936 230 412 45 37 2758 935 2202 1714 2554 1790 2835 1069 1043 2279 1327 2212 446 1548 2623 2461 1126 1227 1727 1520 1277 917 1188 1640 2180 576 1858 1435
000361.jpg,987 2082 556 998 611 188 2391 1319 1386 2012 646 1102 950 1583 2270 626 1163 4 1405 1985 2433 765 1656 779 2477 1657 2790 1552 1600 14 1958 453 2256 826 2405 659 982 1723 1642 2810 1948 1202 1916 816 790 1085 2171 2767 221 928 2346 1897 951 2077 1484 1747 312 254 2729 1146 2001 1376 1173 613 1752 2163 2177 1842 1951 1854 2540 2122 2762 2105 227 1503 547 401 2054 2367 2121 2596 2490 2553 1316 1531 436 2686 73 1647 2510 1125 359 2055 1926 28 1955 2515 2556 2411
000362.jpg,277 2722 1834 2818 1976 718 1252 1256 1137 1242 975 2524 461 1373 2719 853 2757 886 513 2104 961 2001 2723 2225 969 2556 492 1699 1514 99 1793 1684 380 2771 2778 770 2559 1833 930 2074 151 143 1049 767 432 1938 62 2529 763 901 2219 2469 2298 2117 25 193 697 1599 731 2015 2517 79 1851 2540 1440 982 2126 988 1964 429 1122 2379 1209 1557 566 1531 2185 1516 1390 1769 2755 1154 251 1986 579 1215 2363 955 1430 172 2364 569 386 2702 889 273 887 1759 2134 1065
000363.jpg,1011 1901 2309 1255 481 201 2179 1693 712 972 1961 1700 1616 1544 1352 684 2046 404 860 1371 1417 2678 351 1563 2688 2241 148 1954 1199 1489 933 992 1569 335 482 1468 2761 1365 624 2130 496 450 670 69 1975 2828 322 1488 1840 1123 732 431 1768 1139 489 11 2826 231 896 1388 1203 2084 2585 1035 1172 2220 1623 300 1817 2148 1601 1113 75 74 909 1922 219 965 260 2150 977 2669 1902 474 1726 331 639 1453 524 1218 2050 1490 2724 2503 169 1767 2788 2091 2768 26
000364.jpg,1890 2384 332 673 340 2038 593 2423 597 2227 417 2451 21 743 176 2108 802 878 2702 258 709 199 2786 868 889 1311 2364 2085 749 1492 36 2267 1886 2302 62 767 427 1499 2117 292 1398 555 893 78 302 1443 361 2078 2165 2349 1053 1794 1233 554 760 1431 1033 1211 1966 1379 2743 2730 186 2151 311 2290 2568 1393 2415 1860 2217 1037 2074 142 1850 1670 1869 2518 1005 2458 1256 1929 979 2686 123 2788 532 1131 2219 681 2387 775 1980 1485 2029 2350 1496 2734 1479 1267
000365.jpg,1614 1231 1673 31 118 1429 1920 2715 754 326 2629 504 1396 2027 1370 808 350 2680 2041 1331 2239 2774 2711 599 1935 377 48 822 1729 567 766 1070 1105 2539 1463 2812 2578 2098 2668 2257 2305 162 1554 1088 2745 483 33 1305 2454 2770 60 966 1562 715 2369 2258 1533 2773 2310 205 2528 813 1342 2594 877 2042 1781 94 705 1974 2249 2792 2195 2756 27 367 1644 2696 1489 772 1395 1677 928 1367 2534 2782 411 1728 240 1569 2221 2625 1263 1145 2190 413 1657 2747 1384 1461
000366.jpg,2741 342 1800 2719 1399 1431 887 1256 25 1793 426 2117 2380 742 1699 36 1531 763 916 2723 1138 492 901 1252 1499 889 2225 2568 673 2702 2818 1976 975 1684 193 432 961 2517 512 1834 912 1065 2185 2015 99 1373 1242 1833 1211 500 1794 1479 988 2298 461 79 2140 593 1266 969 1430 1037 1122 1952 982 414 2757 2074 62 2026 1986 760 792 2416 770 528 2319 930 1215 123 579 1154 1516 2415 2727 2556 955 1271 2793 1209 513 2496 2755 1964 1049 2722 1938 2126 566 2778
000367.jpg,1469 1618 2194 1540 2030 2705 1300 511 576 1291 894 1858 1238 661 240 1880 216 2571 1927 685 980 2791 454 2223 317 2428 1032 1884 1447 1661 298 2253 1095 45 2118 1483 1610 1811 1304 1536 1749 2269 1764 1632 1227 669 2700 973 1560 577 2338 2213 483 223 2807 829 1205 2820 1015 1802 2554 1113 2623 892 183 2831 1108 546 468 122 2190 1401 1176 385 1548 2823 376 2473 1189 2547 2784 2437 1363 1283 115 2449 761 2781 267 106 2643 2013 1659 498 229 270 2278 2317 448 2427
000368.jpg,935 2096 836 2750 869 2261 2201 774 1633 1098 1059 1790 1034 762 1336 2268 874 2718 2446 1094 2645 604 2417 2340 1305 1013 476 537 2204 459 1538 2186 2733 396 2394 131 2099 2831 549 1227 1709 1941 1188 1108 1520 2642 576 1142 42 1936 2823 2758 330 1715 2156 2693 1341 127 385 212 2555 1635 1625 2222 562 2492 1517 1454 2721 2243 2202 290 2337 2432 2058 2631 1727 1069 1604 599 1607 1447 717 2554 1875 2610 575 1050 2473 2547 122 2190 2168 734 1016 1327 2212 255 46 1797
000369.jpg,754 395 240 572 1230 483 1677 928 1310 2644 27 2625 2666 1367 1876 650 567 1162 757 545 1721 504 1791 919 1657 377 1231 2504 2778 1533 1394 2103 2715 1463 1798 2756 1042 789 2361 2086 2178 1512 1808 1354 1898 808 2037 1063 772 326 2190 529 1531 2277 2066 903 31 807 2041 1115 189 163 932 2687 952 1579 1935 679 1883 425 1187 1963 2304 1545 766 233 2747 2274 1929 1728 65 1300 28 1984 1821 1891 304 1680 224 989 449 2134 1389 582 962 1668 1088 162 924 2636
000370.jpg,31 2715 118 1614 2027 1231 1920 754 326 2041 1429 1673 2629 2680 808 1935 2711 766 350 2239 2258 567 205 33 1463 2774 411 504 822 715 2627 1781 377 599 2773 1729 2249 48 1145 2668 809 2696 1342 2195 2305 2310 877 2042 1569 1395 27 2539 2594 2756 2578 413 1305 1396 1284 1461 162 2792 705 483 2745 1070 928 1533 1370 1562 1489 2086 1644 1174 224 2812 1728 240 2232 2528 1441 2770 2098 777 1910 2825 1657 2044 1677 2798 2264 695 2103 367 2313 2257 924 2137 1183 1974
000371.jpg,336 248 257 434 2730 811 2294 1385 1138 2341 1966 1131 1707 2151 1007 1731 1379 2299 1005 1890 1455 2549 2290 1442 1311 410 1243 881 1573 1670 749 1068 1362 937 568 2743 2788 2451 855 112 2251 1033 1079 1767 2458 2384 21 2165 544 2227 2598 800 2364 365 1120 1485 2145 2302 417 2746 258 1393 186 966 340 51 2686 1645 332 876 709 67 2436 191 1309 2078 868 2786 773 535 1783 673 435 291 1187 2734 2085 1944 1053 1992 1850 199 1045 648 320 1147 2102 165 821 2558
000372.jpg,1431 591 1505 733 866 2357 2262 1491 1119 2196 616 2208 1564 2685 1002 1796 2843 414 36 2045 1676 2755 1980 1067 2131 2140 1978 307 716 1065 97 1181 1134 269 1943 87 1988 1128 1588 1407 2453 527 176 1812 2530 593 792 1495 1449 1058 124 536 651 573 673 2296 1946 1215 2063 2563 993 1349 500 1200 1794 996 652 1719 1224 83 2609 1375 62 2697 2802 2482 708 2801 1713 102 256 442 918 1410 1838 2710 1691 2487 2702 154 979 700 741 91 237 2675 332 2117 852 1398
000373.jpg,482 1458 2503 713 2046 992 2649 2050 1623 689 201 1130 1045 1679 835 496 995 2836 1444 179 2475 1417 2652 1777 494 900 1544 1208 1870 1437 1011 2220 1369 1820 1433 1874 1016 2744 1055 1223 1144 2683 925 1782 2639 1468 418 524 331 2057 627 2291 1840 1787 2250 860 192 1944 2688 2669 1185 489 2506 2526 2309 1882 1616 804 2558 26 2084 2107 1949 2424 769 647 2025 2148 712 1864 1819 1151 2214 1092 2421 74 2161 75 1236 2386 2353 2724 207 2035 1172 2112 148 2737 43 238
000374.jpg,2662 2714 2058 1392 2461 2372 1060 210 1607 793 1990 1341 195 116 1034 38 1043 2835 1694 1861 2340 1375 2648 1277 1327 2212 1524 1237 661 1604 448 2758 47 1069 1567 1859 1276 2253 1837 2180 2189 2399 459 1618 2417 2466 2194 1714 2196 2446 700 2202 446 2781 1727 412 642 2523 2213 993 570 1698 2100 511 1936 115 2555 1981 2609 442 600 229 2190 2418 577 2135 1355 2700 1224 1520 20 1099 1540 1838 683 1790 2229 619 1416 2635 1095 2268 1811 2343 1803 2422 1640 2820 2642 530
000375.jpg,2074 1599 889 2126 2364 2387 2702 1938 437 429 380 1833 731 557 2117 2719 2267 1256 2469 1440 1373 2380 1793 99 1037 1986 1233 767 1492 36 2349 62 2134 901 1499 2415 73 1160 2723 2219 427 2460 2363 2276 770 763 1137 1699 2325 1320 2818 1430 673 988 386 823 709 361 747 1443 593 2568 1252 2722 2003 2015 142 513 193 123 566 961 718 2559 760 1834 1211 522 886 2217 292 143 893 302 78 2556 2108 25 176 555 432 492 1346 1628 951 1869 1122 500 2373 681
000376.jpg,2278 2094 2168 2571 181 1401 40 2595 495 2643 510 636 1632 602 2269 20 592 294 894 2807 2726 620 1530 1078 96 2162 1536 160 2554 1540 2565 1176 2841 1661 892 643 204 1032 2616 1318 1764 1502 851 1330 1304 793 740 2048 131 1797 2708 476 2030 2427 2326 1927 2521 1232 2203 443 2473 122 1488 827 957 216 419 1629 1103 2401 2153 744 290 824 46 255 1694 2467 1843 701 732 1019 1933 1702 1556 1447 2213 888 2058 271 2700 214 736 217 2089 693 1083 376 1811 2690
000377.jpg,2772 2777 1753 2276 2077 1125 522 1233 2561 321 2478 725 371 951 601 539 437 578 303 1553 1114 848 768 1075 2380 1107 2020 1839 1821 1608 664 381 1830 2509 1361 589 1905 1406 1721 931 18 1720 1908 145 990 2 2240 1845 1499 2150 1975 1810 2267 684 1310 702 215 1186 1443 767 1340 2314 1391 2663 191 2667 1235 1876 10 2624 73 1609 126 1747 618 1451 2334 293 2728 2628 2064 1869 1323 103 1692 841 760 143 2702 2462 485 688 380 1165 75 1359 751 450 254 1886
000378.jpg,182 1472 1815 323 1655 125 2588 891 782 1744 954 1831 1824 927 654 2061 1789 650 2273 1213 2531 214 2236 1292 1612 1171 1018 655 2412 473 1087 1685 110 268 447 5 1712 668 244 22 2062 2505 2465 1602 2171 2207 2810 1397 90 1918 2215 2717 1881 1297 1696 1312 2457 1019 63 2841 2435 1839 2666 2346 1916 403 783 1026 1432 1591 636 262 1647 227 1009 1953 2183 1515 851 1822 216 1558 2806 306 1281 1899 509 2567 704 1502 304 1214 2766 2169 1972 1326 1176 592 1987 1857
000379.jpg,2153 636 175 1176 96 1632 2060 2404 957 592 609 1927 894 506 189 2162 181 744 419 2440 643 252 1970 1061 1032 2643 510 1612 138 2182 40 1797 2531 2588 1530 1078 1232 2708 1637 132 2505 2465 1892 216 621 1556 1716 1214 2128 2037 2521 2283 1889 2351 160 851 2611 1330 565 1171 403 1743 1827 2285 2181 2632 1844 204 2435 22 290 2467 2841 163 2155 214 2094 2726 815 1019 2827 2048 2690 2565 63 620 654 2105 1932 2784 1056 1766 734 2278 1441 1303 1332 1024 766 1376
000380.jpg,286 172 2533 2172 2320 293 2304 1175 73 72 658 2673 1531 923 1759 727 2054 29 395 2622 2532 1306 2540 251 1721 1137 1149 731 399 1390 1427 1085 2126 1951 99 2546 803 841 1769 485 887 1557 2644 1851 823 1628 932 633 930 646 962 2387 2636 2323 2219 529 1106 522 1115 2778 70 2722 579 1165 1389 254 2787 2577 2379 1394 2469 2198 2504 2051 1154 1310 886 2671 2459 569 315 1798 578 919 790 1418 2757 1252 768 380 750 2478 2759 2185 566 1549 2663 763 1354 697
000381.jpg,101 2381 374 2579 989 2759 2546 1115 1389 1106 1900 2504 1997 364 1971 803 2040 1671 251 395 1427 529 1175 485 2644 1027 962 2323 547 2395 2824 1786 1798 615 1474 2540 325 745 1306 1394 1951 930 1137 373 2778 2535 1308 646 293 1763 1559 436 1851 1353 586 727 931 658 764 2524 2304 1915 1390 923 1006 1557 2622 2238 1090 1082 1107 1801 845 2695 70 1759 1386 2178 461 1769 1324 1310 572 1462 1908 768 1721 215 719 903 2054 932 2284 697 1512 2771 2478 1230 1250 2219
000382.jpg,2727 1373 2771 17 2226 2654 273 166 1539 1215 147 2097 2529 2104 2068 1509 2466 2517 1067 2738 2710 1924 1514 1684 79 1571 1122 1349 1982 143 2524 600 1939 2444 792 30 718 1047 961 2818 557 988 1925 127 1440 2298 2363 1834 770 1976 1216 1320 975 810 2225 741 722 2117 1793 432 1938 2702 193 2835 1242 1252 2556 1270 1037 386 1699 955 901 2015 1520 2074 2723 414 1833 1811 277 2755 1986 752 429 513 2023 151 697 573 99 62 1266 1256 1952 2719 1058 2722 2140 2208
000383.jpg,951 2510 714 2077 143 70 898 2818 1125 1753 386 211 1834 2478 790 2409 2556 2596 988 930 2778 1122 2757 1928 1320 73 2325 1430 1440 1759 215 461 1427 1075 500 1058 1986 121 718 2373 569 1257 1252 1531 1357 315 2777 975 982 359 2282 1609 1628 151 436 378 2074 1195 823 2633 193 2772 1162 2793 1938 2104 1558 145 380 1173 1594 1684 1166 601 437 2529 2685 1373 2561 2524 2722 273 2226 2540 2654 2211 2663 916 2298 741 372 2271 2064 109 2126 522 2225 1390 1241 2015
000384.jpg,1417 2119 418 296 1870 81 2427 1369 335 525 849 2144 2252 61 1197 580 653 1852 2230 2441 726 948 2025 239 139 860 245 207 356 26 2091 2552 2052 481 1651 624 806 2396 785 1820 482 2188 209 1035 2669 2164 2179 75 1433 995 2827 838 2191 1127 2813 192 523 534 2649 2657 2814 1692 2716 2491 1011 997 148 732 1092 1274 684 2724 1003 1787 1464 496 843 2498 1076 941 68 2678 2382 759 1937 1693 655 992 686 2479 2309 2507 644 1179 1839 1437 198 2386 1563 49
000385.jpg,1474 1353 2573 1090 2535 745 325 167 719 1671 8 1082 547 586 1006 1763 1027 1355 1308 764 1188 602 1069 2284 2754 2758 122 373 2648 2018 2381 2605 922 101 1277 1997 1811 1828 989 85 2395 924 2579 443 374 20 37 2595 722 845 393 328 2238 827 1727 2824 2695 2630 2466 1607 38 2383 2555 2537 2058 2068 1181 1941 147 1167 2750 2481 1971 2835 2201 1180 1907 2449 1900 556 30 205 577 127 1363 1524 530 2627 1939 1694 1462 1324 2546 1072 1790 1502 2212 1327 71 1764
000386.jpg,2438 682 1808 1545 2274 313 401 141 2810 1404 1885 1637 252 2042 1743 1376 1688 1503 2346 22 1725 388 2055 2171 1089 2335 847 1100 2265 1701 2105 383 607 2404 175 1214 2674 163 2351 1061 2708 1963 1329 1056 1991 1356 59 1201 220 1970 1164 2164 734 1916 1723 466 2089 523 1955 2311 1556 1395 2177 1870 400 2128 1213 2839 2570 1441 2594 1035 330 2795 1023 1892 2717 2021 138 657 592 2816 1656 1898 2283 1647 375 2285 525 2726 1879 1710 552 1889 1339 68 1716 2467 1074 1182
000387.jpg,2725 1797 1596 1220 2464 1283 1013 96 2831 957 2442 1108 2720 122 2116 752 42 1064 861 2168 387 333 2562 1927 1024 2705 2760 1659 2160 385 2141 2385 2807 396 2608 1217 2591 2283 1898 2079 2687 1336 171 762 2572 1363 423 236 466 1032 959 2182 1995 2222 45 836 1703 621 1251 1288 131 894 1303 476 1661 1637 1315 2401 2765 2261 2468 1330 2048 2153 115 2096 644 935 2571 1880 869 2823 1844 2498 856 309 628 510 1632 829 183 2440 1907 1318 2181 1469 1286 106 1227 587
000388.jpg,927 59 313 2574 2810 182 1789 4 1339 505 119 900 1711 1725 1916 657 2717 1333 1486 1208 2816 1881 559 2346 1839 408 654 2762 650 1775 384 2171 1701 2500 323 954 388 1201 607 2142 2028 1815 163 1296 815 1190 2438 640 24 383 1376 2181 655 1018 1448 125 1712 1984 1313 1406 2308 28 1151 1896 1810 1826 1723 1627 1608 466 1240 1666 171 2753 2021 1760 1720 525 52 1710 401 621 522 2164 49 2089 2690 2819 1918 2542 2467 2361 268 2674 2191 447 1842 330 739 1114
000389.jpg,1090 357 393 2254 2233 1734 2630 462 2605 2754 2383 443 495 793 1517 2159 1006 2360 2823 736 2192 1626 1763 2368 1259 8 2326 1194 37 2780 2805 448 1034 1416 167 1069 570 2058 2733 719 1941 459 38 2555 2758 2501 1060 1382 1859 1811 575 2473 20 922 1082 2651 1727 818 2820 1523 2234 2284 1027 1277 1308 1180 187 2018 2174 2752 764 1538 1671 32 1790 586 1690 1467 457 556 294 1278 1524 794 279 1188 1474 1028 1500 1372 2372 888 2535 1536 1014 2347 2297 642 1341 85
000390.jpg,418 948 849 2025 245 139 335 2498 296 2188 207 1417 1651 61 2448 785 239 356 653 2396 1369 387 2724 2052 1726 2716 2657 2144 644 1870 81 2230 726 2814 1481 1092 2552 209 2813 2427 525 838 1937 2441 2386 192 1852 43 2382 2191 686 2442 1437 1464 1787 806 1703 481 997 1208 2649 26 524 1433 482 1076 148 1274 1123 2173 647 310 2678 971 2248 135 2827 1127 2479 2507 1777 655 900 959 1282 219 146 2842 2200 732 49 2035 2424 843 2119 1639 1172 1820 523 1563
000391.jpg,372 65 848 1845 1340 990 702 614 750 2471 2624 1173 1235 103 1323 334 803 2601 2288 475 502 737 1310 1335 1143 1608 768 658 2706 275 522 159 2114 474 688 1451 1293 618 2276 910 1821 1462 251 39 1916 2314 1683 2561 1603 1114 284 2520 578 1692 1643 1391 1097 2325 2040 2378 1818 865 1389 1254 1786 832 781 2494 2359 1115 952 364 297 2667 1107 1512 1912 1570 98 1186 1413 1723 546 2387 783 270 903 1537 1721 126 2362 1890 1221 2132 2695 1256 1394 2219 1120 380
000392.jpg,2094 1078 1530 160 1401 2326 187 728 1669 892 2708 46 2360 476 2805 1259 693 2643 649 793 2595 223 40 1748 2278 1441 2558 279 357 592 1185 462 32 1626 818 510 294 147 1341 1026 736 636 2576 495 2269 1330 2780 1629 20 2073 2368 55 1844 204 2733 352 1540 181 1314 1104 2841 2554 1520 2616 2565 412 2641 2832 2176 2162 2711 2467 1987 397 2811 777 1194 403 2571 1611 888 230 2713 506 2707 2550 2726 815 2784 565 312 1623 2168 1883 2634 2690 255 2651 872 2438
000393.jpg,982 2325 2003 763 1769 916 1938 2379 1555 760 2556 1160 1173 2349 1484 673 390 593 276 1211 2622 1967 123 2778 2267 1531 2225 1635 930 2270 522 875 889 1599 887 611 767 1499 1657 2380 2108 2117 1137 2818 437 1691 1430 1553 36 2702 1122 2757 1399 964 2134 1256 646 380 2072 2540 2038 99 2416 1162 2001 2255 2614 2478 1721 659 2387 1956 1386 2126 532 731 114 1233 1793 1209 696 311 1037 2469 513 432 25 579 2559 951 2722 1759 1552 2723 2074 2219 2618 928 1924 2364
000394.jpg,2152 1515 844 6 1768 2768 2273 1397 509 2210 2502 1842 807 420 1824 2412 5 1139 1616 2057 1605 995 627 1433 431 2435 2803 1881 2291 2048 2520 640 266 1810 331 1692 1541 106 1696 1820 2475 1199 2526 244 1406 1711 146 655 574 1312 494 2115 654 1720 249 2772 609 2561 1354 1987 1953 2669 1012 1916 1591 613 59 1365 202 2583 2220 1766 1602 323 353 1752 2242 1738 1944 783 2457 270 503 1582 815 2236 2704 283 1055 1488 949 278 310 18 2047 2656 910 2378 264 475
000395.jpg,1789 927 2794 954 268 408 182 1712 1019 2698 1282 1760 1651 295 1333 1434 313 2840 356 657 49 2164 525 1018 2841 2191 1977 1448 655 169 2827 2089 1486 119 239 1725 1376 782 306 1666 1103 2574 2308 171 999 135 24 403 323 2142 1296 59 559 739 668 252 1953 140 654 2502 455 2435 1605 2224 1433 815 1899 1701 2717 390 2230 2036 431 574 481 2467 2690 2419 596 2427 1171 2531 1288 1781 2500 2181 335 1356 1127 2295 1839 1275 2404 63 2091 558 2278 2322 1601 1795
000396.jpg,2669 1692 655 732 2531 2526 815 331 1768 654 2220 1139 75 1199 270 1433 1693 146 2656 2115 1616 247 2761 2242 323 1365 2048 995 1488 310 751 1127 1605 2768 148 1899 353 640 2639 2435 98 239 2149 1738 2236 1953 1881 335 198 865 949 941 481 2585 2309 1312 647 1417 2580 1643 2737 420 1820 1018 482 781 2542 1437 1501 617 2561 2348 1987 2497 1602 2141 1185 1563 1019 992 2046 1975 2652 954 238 2025 169 2467 539 2582 2704 1343 1918 2690 1486 1255 574 297 1839 1204
000397.jpg,2821 1022 478 2285 452 936 402 252 1503 753 786 1019 268 1889 346 456 2611 1048 138 758 840 63 1813 2632 1923 129 1062 1612 1662 2794 2465 2505 2061 628 609 2708 363 1378 2398 2435 430 295 52 1039 1214 501 1970 2311 1789 643 506 1896 2407 2467 1568 274 608 782 2404 1150 2531 2142 89 1892 324 2690 864 2806 1918 1273 668 2634 927 2827 2841 1281 2059 181 654 1018 636 1507 561 153 2181 484 1140 108 1632 2429 1481 149 2588 1171 2717 403 1712 1021 957 1008
000398.jpg,2138 2696 599 2257 1370 2245 670 337 1305 2439 2534 240 897 2098 1974 1640 1894 2306 2446 396 2239 1624 908 766 2812 2747 1325 1314 64 483 2190 1109 715 562 1461 2711 2537 699 1644 2258 2764 2790 2789 577 1615 453 328 305 2317 1424 94 1548 2216 1865 2437 1322 1913 462 2627 2073 2279 2105 813 2785 1853 777 369 2006 666 205 2331 2201 1105 1669 2238 773 2202 1742 1517 2268 1606 1926 612 2758 167 2041 2095 1996 2650 1554 1617 2501 88 122 576 1790 1621 1023 1070 870
000399.jpg,1790 1259 1633 2099 774 1034 869 2473 443 2820 2750 2733 2805 330 1538 2394 604 836 357 1194 1517 1941 1625 935 1454 1626 2096 693 2204 818 1629 1094 2368 874 1709 1715 2174 1098 2645 2268 2631 2555 2780 1727 131 2718 1520 795 462 793 495 2431 2651 1059 1278 549 307 2058 2254 1763 279 448 2233 2261 290 1765 46 1734 2192 1169 1635 2201 2222 2605 1090 2551 2157 2432 2630 724 537 2383 575 1536 2347 2297 476 825 1382 1200 922 2693 459 1277 1280 1025 1014 2167 1188 762
000400.jpg,149 1685 63 2022 1177 1760 107 1889 1507 2311 2708 1019 313 274 608 397 2806 268 2632 295 2414 2176 936 153 2429 2061 1899 2604 1712 55 628 452 2794 2841 1048 753 1896 1150 2398 478 1333 2779 2435 252 559 2821 1970 2550 1923 501 2404 782 40 403 1214 1486 1530 1662 2181 657 1062 2438 129 2832 927 2766 140 324 1472 1789 1612 204 402 1568 1056 138 1026 561 1813 2827 596 668 954 728 786 1892 2505 2465 1736 758 1378 900 456 22 609 1638 2232 182 1018 1999
000401.jpg,1496 2349 812 1595 2085 1247 709 1897 2462 1017 1860 1344 914 875 2165 1443 1886 2686 2734 2069 1747 2626 1956 92 2423 743 1311 1347 883 2231 1157 2108 1413 532 763 1499 36 2380 332 2267 981 311 533 2702 2038 2117 21 2628 1264 696 1652 2384 1519 826 2078 199 2767 1053 1657 500 1233 340 1207 157 802 1422 2495 1202 1492 1428 2334 1553 254 2490 1146 378 1752 671 2477 1775 1890 767 200 1046 2451 707 662 539 950 1965 1938 1848 2134 1160 1555 1929 2553 618 161 12
000402.jpg,1612 2588 1716 1847 2351 704 1773 473 1857 636 510 1056 2153 2155 2465 2505 1513 2457 294 1213 592 2162 138 2531 851 1061 1502 1214 1161 22 1171 2183 2128 2784 204 2521 214 2169 1743 2388 1953 1918 1292 2726 181 1176 509 2508 1632 1744 1889 403 341 2435 609 2061 63 407 1766 2404 844 2751 216 252 1556 132 2616 2611 2229 2612 1150 1602 1593 643 1637 957 2066 90 1696 654 2567 1738 2311 617 2481 40 1591 1725 1201 400 465 2580 1530 5 110 894 1939 388 1701 1294
000403.jpg,1012 1752 266 2477 1207 134 574 2069 249 1406 24 2389 514 283 613 2485 2072 618 4 1810 1477 303 59 2767 2016 2224 1799 986 200 934 1506 1909 323 1613 1821 1757 12 1344 1886 1334 284 1504 2349 1737 93 895 1114 1434 947 2509 1017 2367 2231 2236 2703 2495 626 190 2028 1553 875 1443 1081 1590 194 1657 2053 2462 1041 2148 723 2783 931 470 2512 409 2626 532 1497 614 1146 707 1555 1236 347 1247 311 1956 1819 1475 2753 1432 1403 130 826 247 2380 1864 502 1652
000404.jpg,331 2057 2291 2220 2652 494 804 2639 627 146 2669 2526 310 647 1616 948 2025 2683 1874 482 995 1011 1437 2148 2737 2583 2112 1139 2161 925 1468 1840 574 238 949 732 148 1819 1343 2312 735 2769 1199 1768 152 1704 1820 2475 1563 1417 2242 418 2744 1578 1944 1458 1693 1172 1486 496 2424 1236 2421 1949 1185 1532 1772 941 1787 1223 67 940 168 2084 75 2761 2353 2386 2542 2149 1208 639 84 43 972 2046 2688 1754 1038 335 480 524 2768 2309 1643 225 74 2396 207 1004
000405.jpg,2164 1433 2091 1781 1569 2827 239 2179 525 2252 1657 2427 1365 523 481 1199 2502 1376 1018 806 1692 670 290 2230 705 1417 653 1488 2794 2115 2435 715 1019 983 214 732 1489 815 322 49 335 655 860 1035 2089 1700 2119 654 331 2441 1970 2191 1074 2308 1139 2712 408 1870 1312 2144 1605 1441 2105 580 2048 1710 992 26 2278 313 209 2531 1738 356 1616 2526 1003 598 684 48 2704 1197 2669 521 778 2773 33 2507 1282 2809 1975 2220 766 2768 1602 296 1255 148 759 244
000406.jpg,1852 785 1076 948 2813 686 2188 997 1464 2248 2144 653 245 2814 2382 2230 139 81 1937 296 1703 2552 2091 838 644 2657 207 68 2498 387 2442 726 2507 335 849 61 2052 2087 209 2191 1639 2809 624 2025 239 1563 959 2678 2386 356 2130 481 1274 2396 2119 2427 2173 843 1651 525 2441 1142 2179 2476 2716 2562 2448 1123 1092 1127 192 418 523 1787 338 2116 732 1003 1777 2489 1473 806 2286 974 2724 43 376 1726 804 712 1016 49 2083 1288 1949 940 2470 983 2830 2479
000407.jpg,802 868 340 2423 878 332 176 1492 2227 597 554 417 2384 21 1890 673 2451 743 593 2786 1398 2568 62 749 199 2038 555 2364 186 289 2543 2085 2029 2108 2217 2078 78 893 302 709 2350 361 979 1311 1888 142 2415 2302 292 258 427 681 942 2267 2290 1496 2518 1033 2743 2458 1860 2026 1393 114 1886 1053 1470 1399 1553 36 1431 1871 311 1794 2165 2069 429 1131 2702 434 767 1676 866 2387 157 2844 1499 2380 2151 1065 2788 2074 1256 1379 2219 112 1599 1267 733 2730
000408.jpg,1578 420 1733 1397 1839 80 1601 1298 739 227 2328 1383 1944 1236 1055 1296 75 1553 1312 2057 2291 2728 1139 1434 995 1486 684 1004 655 2526 331 431 2036 2475 137 574 1179 59 1777 1886 2669 2148 119 2744 1984 1199 640 2462 1810 1627 1563 1639 2393 1768 323 1529 2396 1127 1623 815 627 2580 677 24 2558 2028 1172 725 146 1151 1881 1518 558 2220 1262 1437 1365 152 1439 1197 1953 1011 1874 1544 238 128 925 408 965 695 458 169 1870 1825 1931 178 938 713 1528 934
000409.jpg,16 65 1929 2613 582 1455 1187 1091 855 144 1850 234 1894 1512 2338 1275 1068 1821 730 1680 377 519 184 664 2299 1830 2145 1310 218 1031 1660 2406 1519 1368 1113 504 1485 2519 253 595 2668 2693 772 2412 2539 554 516 2314 1325 773 2006 28 1186 1131 2743 503 1598 2492 2377 1562 1033 2341 94 1570 1525 1966 1442 1347 1968 44 538 632 2655 1498 1240 2833 1871 1020 336 1447 535 903 2516 2250 1572 491 1657 2223 320 410 543 2798 550 1298 2224 919 2384 1615 633 2110
000410.jpg,1268 2796 1571 2140 2185 1516 1266 696 1964 1216 1851 1271 1976 763 930 2379 2225 975 697 2640 2496 1128 1058 2738 792 1514 1531 461 1546 151 17 314 2015 1952 839 600 1418 1509 2778 955 2444 1521 2793 1252 193 2710 1349 1310 768 932 1049 25 1872 1390 2333 923 1956 1939 2416 569 7 1112 1209 1137 1211 2808 916 432 969 70 2727 1834 2618 97 2023 1399 395 1154 2097 1242 982 1373 1101 1065 2008 579 449 2517 528 1099 912 180 426 79 172 729 1759 887 1924 1181
000411.jpg,2722 2757 1976 886 1137 1390 1834 1252 969 1557 461 1851 2379 982 2540 930 2818 2559 2219 2778 1242 1154 2225 277 1793 579 1759 1516 901 923 513 1479 2622 432 1964 767 1418 975 2618 251 492 2416 2001 718 2524 697 2325 1373 839 1833 887 62 1514 1049 2556 99 1209 172 1769 2723 25 763 1699 2185 1256 2719 889 961 2015 955 593 380 1211 2658 1431 292 142 1427 361 853 79 790 193 1398 566 2054 2517 2104 78 893 302 760 2117 1684 429 673 2074 2469 2298 803
000412.jpg,869 2645 836 2096 1625 2261 1827 2440 1633 935 212 1217 1098 1013 2099 1336 1034 2283 2831 1790 476 549 175 1094 537 1875 734 96 587 874 1283 762 2750 290 330 1121 1286 1 2473 333 46 1363 2186 1227 131 1703 1635 396 1108 385 1715 122 1880 774 2687 1050 1059 189 1858 1220 2174 1280 443 2201 2823 2168 1016 1330 1454 1797 2141 1761 2705 2431 1032 2720 2693 2081 604 1188 2718 2199 1844 829 255 621 1995 2181 2204 2222 2554 185 354 814 505 669 390 42 1288 2340
000413.jpg,126 995 2088 910 505 2378 640 938 173 2534 238 1121 458 925 503 2276 655 841 330 2592 738 290 1768 2520 1692 2669 2210 1541 247 2051 1578 1881 1715 1016 2649 1439 1236 2067 1010 1250 1139 1961 783 725 420 354 713 2421 2728 6 1635 1969 75 2583 2475 865 1912 1577 1700 896 549 334 1165 2561 550 2769 1197 522 613 750 1967 1751 2242 2667 1397 1055 2047 1767 2236 353 2150 684 578 826 2499 1312 2130 1766 2328 1711 1708 1083 72 1113 381 2016 98 1186 283 1802
000414.jpg,961 79 1215 1514 792 414 1684 1431 2444 2298 1349 432 2517 2117 2755 2710 975 1976 1252 2818 955 1834 2225 1793 901 36 2015 2097 733 273 2654 2226 1211 1067 1516 2045 2685 1049 2496 912 718 2140 2208 342 1270 17 513 461 2727 62 763 1571 193 1216 1373 1119 30 500 741 982 988 1479 2221 969 2104 1521 1058 889 151 1242 1924 2068 2702 1047 770 1699 1128 2556 536 2246 1266 1037 2793 573 7 1209 1256 1952 1833 25 1271 2723 1539 2559 839 638 1112 429 277 1630
000415.jpg,1067 591 154 799 2208 414 2357 866 918 2024 124 2226 651 1505 2140 1431 307 1349 2675 1600 2654 792 733 2196 2749 1215 2430 1491 616 442 1134 2710 2270 1571 2131 1002 344 1216 91 500 166 1564 2843 1053 2296 1407 1946 1980 2685 1796 1181 2045 426 41 2738 2626 180 237 1058 700 729 1924 1141 2444 1719 536 611 1936 1988 600 2517 1878 188 784 1588 2063 943 97 62 741 659 961 1906 1375 176 1509 2755 623 78 302 893 276 151 463 1676 680 1597 593 109 912
000416.jpg,2427 843 2712 637 2308 2617 2089 644 1852 2445 619 45 2657 521 1142 2442 1536 2382 1447 2813 68 2087 1937 2230 2144 2699 785 686 2191 1592 2179 376 387 661 1703 2476 239 2498 1212 491 2807 1363 139 2188 2571 858 1469 481 2425 49 699 296 2083 335 2194 997 2173 2814 1198 2279 183 1464 1076 137 2842 1274 2507 2569 948 1856 959 983 2248 61 245 2091 653 838 2116 2441 81 2552 1109 209 1083 689 525 663 1761 2562 1567 1288 356 1117 459 2135 1003 2056 1364 1651
000417.jpg,2079 348 2425 60 1569 1447 2160 2087 1852 2476 1142 1103 137 16 491 2441 762 26 1606 2712 1064 550 2427 860 1003 376 2179 1722 2021 1489 120 2111 983 1369 644 1364 330 1870 2119 2492 1536 1315 843 2569 354 1070 2489 2842 2401 2699 2241 2720 2562 260 2713 45 1714 1318 2442 1190 1035 1184 231 2830 1623 2190 525 724 1197 2083 1212 523 2657 2308 2135 1422 1116 1672 2089 2144 1473 1483 88 94 1592 1363 959 300 2571 689 1218 663 387 670 1388 2243 2279 42 1617 2141
000418.jpg,546 198 1570 776 353 98 702 1643 781 2520 1501 6 1144 1359 2242 1692 910 759 1973 1882 196 159 2107 1693 865 1451 2585 941 1802 206 1561 804 835 475 2263 582 2161 2678 2475 1170 343 1820 1083 2506 2497 2761 2652 270 2639 418 949 2479 1490 862 39 281 2683 2424 995 944 2474 2114 1340 2149 1949 272 1532 2688 2315 640 1767 639 2561 2744 496 580 1261 2669 1417 1186 1751 2288 617 751 1312 26 2448 732 948 1208 940 2378 297 2084 2353 1218 192 1035 1683 688
000419.jpg,1022 402 346 52 2821 2794 786 758 1503 2467 1039 89 840 2690 2285 478 1481 363 2142 2708 1789 936 1062 129 501 268 2611 452 1282 456 1019 927 2059 1356 430 2089 2827 2070 356 1813 408 2181 138 1378 216 2265 1018 1923 1795 2634 2407 1921 782 217 1662 1568 655 1273 1150 108 1140 864 1465 1725 252 1281 295 609 753 1896 2632 2438 484 2505 2465 1048 1970 1056 788 2164 739 2842 274 668 608 1111 628 1889 49 2435 1376 815 255 239 1955 1712 2191 2806 1781 169
000420.jpg,592 2278 1632 2643 40 2094 894 181 2726 1530 2162 2168 1078 2571 96 510 294 1401 2708 2565 160 636 2841 495 20 643 602 892 1797 1176 204 957 1232 2269 2153 744 2616 620 476 419 1927 2595 2554 1536 1556 2467 2283 290 1764 1032 1502 851 1716 255 2155 793 2089 609 2690 815 1637 2807 216 1330 1933 1304 46 1540 1661 2521 1844 734 2128 163 1103 2326 740 2427 824 2048 2401 2191 1488 2105 2030 131 1019 189 2193 49 2203 1970 138 122 556 2440 2827 1629 2438 506
000421.jpg,106 1365 1616 1255 1199 2048 1139 1605 2768 2115 1488 2179 117 244 481 1768 2152 1960 1738 69 300 1371 815 1953 2348 1693 2502 1602 214 1433 323 1184 2761 270 1397 732 2435 331 670 2526 1954 148 404 335 2669 598 1817 183 45 1987 2220 1113 128 986 654 2572 2656 933 420 2036 2230 239 351 2580 1011 609 2141 2558 2056 1975 1055 1352 1312 247 1899 2322 1902 1318 1458 136 944 482 281 1961 2497 431 1203 785 1422 1127 751 2531 2046 621 322 2777 1692 75 137 1881
000422.jpg,173 2421 1038 1754 1901 1236 945 1840 1092 2084 489 1468 865 2312 74 524 2148 2324 2724 201 977 909 970 738 2328 1123 1704 219 1004 1041 1772 712 2309 2291 568 84 941 1172 1223 2606 1949 647 940 2386 1787 1578 1343 1874 1969 2688 804 2737 2112 2583 2683 179 938 639 2050 494 1490 43 2315 207 1110 2161 2025 2769 896 1726 2826 944 835 2424 1819 1864 13 404 949 713 1458 2582 1204 2652 2639 627 2242 1532 1643 1437 482 826 225 2353 2035 75 972 2220 2046 2657
000423.jpg,848 2471 990 502 2601 1323 103 2624 1114 1845 1235 578 737 1340 702 618 159 284 1451 768 1608 334 2288 1830 688 65 522 614 372 2561 126 1908 931 1107 1293 865 39 2114 781 270 910 1821 1097 475 98 297 2509 835 2150 1810 2772 1818 1361 589 783 1692 293 1720 2276 2520 1537 664 2334 2462 1553 2378 1254 750 1603 1501 2242 1643 2149 832 485 841 2656 75 303 1839 658 2497 952 539 1916 1335 247 1406 725 820 1413 1207 2236 1570 1683 1824 1310 2016 640 1391
000424.jpg,2546 1115 1106 2759 1389 529 2540 1427 251 1175 803 2504 485 1306 646 989 395 1951 1137 2381 101 2323 2644 374 962 2304 923 1390 1851 930 1557 364 2778 658 1394 1900 2622 2579 2524 1759 727 1559 70 2054 1798 293 436 1769 461 1971 1721 1786 790 2219 1386 1997 615 697 2040 931 932 215 1310 2757 254 2722 2379 1976 768 703 1964 1834 1516 172 1107 1801 2178 879 569 1252 1915 886 589 1361 143 579 1531 572 2478 2104 2325 1154 903 1242 2771 2731 547 1418 1373 277
000425.jpg,909 1704 152 735 2421 712 1754 1038 944 896 2688 2161 865 2683 173 1874 2583 1041 688 1772 1236 1840 1949 1532 1819 941 2353 2424 2503 1563 1787 1643 940 2639 1693 219 647 2652 2084 1864 2312 2291 524 1901 2386 84 1092 2148 1343 804 1223 74 494 945 639 259 2242 225 2737 207 949 2025 2328 1437 1004 1458 977 2112 627 450 43 2057 2657 970 1468 489 1616 2220 310 2724 1352 594 2566 2052 67 2669 2315 201 331 75 2324 2149 482 1170 2241 1922 1110 238 2050 1172
000426.jpg,8 1180 2449 448 37 1671 1289 922 1080 793 1090 1811 701 275 2043 2018 1308 1082 1077 764 443 719 2605 2687 2816 2466 570 1697 973 2820 796 1069 2058 2284 1524 2468 1277 1702 1474 1694 2691 20 459 1536 1763 2758 745 325 690 1084 2355 1858 2535 2623 1610 1626 511 298 2146 1502 2555 2726 2368 1283 2228 1891 1060 412 1300 980 2473 167 495 454 2372 2807 1355 2780 462 1205 1884 2109 888 1540 1659 1034 1912 1859 2835 752 46 210 1577 1727 1015 2269 1402 2171 2648 2213
000427.jpg,2158 649 1615 1844 389 1912 1260 892 352 46 1441 1262 1593 2073 317 476 290 2819 592 1135 2635 264 1880 920 2825 2281 454 807 1715 695 187 1159 822 669 1987 1411 1748 1639 455 552 814 1662 541 1156 403 1841 181 1459 108 2247 2467 2407 495 565 372 305 1744 247 758 2704 777 2438 2484 1401 891 1060 362 1169 2070 1540 2292 2833 189 1530 1025 1259 2690 294 241 408 2094 464 1009 1395 2711 1967 815 363 551 2455 1283 2720 837 2805 1078 2682 1777 1961 2449 692
000428.jpg,2144 2441 1852 68 2552 1003 139 2191 637 49 525 644 2083 523 2164 1117 2173 983 1142 2089 2427 2252 2091 120 2716 2827 245 81 843 997 2087 1464 849 2230 1937 2657 2813 2507 1870 948 2842 1076 239 296 1282 1190 2382 686 2188 959 1274 785 653 209 2179 806 2396 2308 2248 2814 2476 1746 1703 1795 838 1288 2442 1127 408 356 1651 61 2445 1417 2119 418 699 376 1598 1369 726 1977 387 2498 2111 1774 521 335 1639 2712 207 2617 2413 2021 2819 1563 2283 1164 26 2698
000429.jpg,2378 1415 938 2557 503 1250 910 1439 995 1186 691 13 173 2421 633 640 126 921 865 2775 981 1391 174 738 2328 841 1969 1704 1511 1700 726 1165 1754 688 2583 578 1038 713 896 2051 1957 2671 191 1779 297 1235 272 128 711 522 1420 2009 1902 2276 399 1412 2214 2828 1243 72 1693 909 750 75 725 1881 1413 1444 208 1740 1908 2149 1236 944 28 2520 1519 2669 2728 1643 2314 672 1107 1501 334 1578 655 2242 420 2497 2302 2210 152 2052 1692 781 1144 1582 1717 2119
000430.jpg,420 1839 2777 1553 1397 655 1886 2669 2526 75 2772 1055 1740 1753 2380 331 2036 1298 1601 1578 2328 739 2462 2728 2580 1733 1931 2150 1443 431 323 1938 2276 1434 1544 841 404 1233 247 684 1312 1139 1810 80 1236 522 2558 2020 128 2656 995 169 182 1975 1296 2620 933 2048 1825 2220 1199 2478 1953 760 1623 2267 1004 1842 1768 1605 751 2628 1439 640 270 2761 1087 2509 1499 2768 482 1365 1529 1775 2309 1488 1518 1255 2561 2028 713 1114 2713 654 311 1406 1960 815 1830 2215
000431.jpg,1477 641 1193 588 2456 798 842 1665 93 991 2694 1279 1196 1590 2327 1506 756 884 2740 1334 880 1758 267 242 1348 2053 422 1358 1207 2004 190 1421 150 2016 583 1086 1765 1124 249 2581 2418 895 1403 1377 2127 560 1420 472 1289 2485 1868 158 604 329 366 581 1575 2493 2374 140 934 170 986 1012 134 2656 2236 2739 574 1810 77 284 1087 347 885 2184 720 2787 1432 706 200 2047 287 2206 2355 2072 493 1664 976 2548 1081 1041 1452 130 2703 1576 303 2114 1475 2838
000432.jpg,2084 1092 524 84 1772 940 74 941 1949 647 2386 2324 1787 1468 1840 1343 2724 2315 1223 1901 804 2737 489 2683 2161 2424 2112 494 1532 2652 2639 1874 207 43 1123 949 2025 1704 1754 945 1236 1458 712 1437 2148 192 2606 1819 1172 2291 2421 970 2242 865 2353 2582 1204 1004 2309 152 310 639 219 1616 2220 2312 1643 977 1038 196 1864 835 1820 225 198 2035 2688 2566 201 148 2050 1490 179 482 1041 594 2744 2057 909 173 1011 496 1922 1110 1208 1151 944 2826 849 2396
000433.jpg,268 295 1889 2806 1177 2061 107 2632 1923 1019 782 1685 63 1813 452 1048 753 608 274 2311 2821 149 324 501 2022 1333 1712 628 2794 1214 1507 927 1760 1150 2841 668 1896 936 2398 2429 478 1789 954 397 1018 153 306 182 1899 2708 129 1062 2176 2435 1171 313 252 138 430 1612 2414 125 1662 1503 5 2404 1378 456 2717 2285 2604 1022 1970 1026 1472 1892 402 403 1465 2766 864 1273 140 1281 609 788 2181 346 22 561 1568 2827 40 891 1530 2779 786 2588 2177 2232
000434.jpg,1713 2212 1327 1604 2754 993 2417 1990 1714 2525 1224 1382 1410 2523 47 2106 2714 2166 2752 87 2422 1178 2563 1838 2802 1341 83 2758 575 590 2202 2446 269 1069 683 102 2180 1517 902 2721 1919 1607 116 1584 88 1538 929 2196 2343 1734 1467 2254 1943 2733 2555 2239 2192 1028 1278 2095 2260 2268 462 442 38 2684 2058 32 1277 2547 34 2131 2372 2609 446 1690 2190 530 2033 2394 1859 1727 1116 1988 2034 1132 716 2487 600 2461 917 1523 2745 2426 1950 2648 2233 1548 1099 1200
000435.jpg,203 799 154 729 124 2834 2223 349 2208 2709 2063 2776 2455 667 1551 2399 2484 264 1375 1505 2576 2226 2371 1095 1159 918 307 2749 700 2100 344 342 1698 1936 195 642 442 1067 2196 1491 2253 1520 1349 97 2206 1009 116 1215 857 2273 2436 591 2131 1509 2158 741 2255 600 2675 1216 2697 2486 912 1449 2727 1622 846 792 837 2430 1572 2296 2403 1392 1338 2140 551 913 1229 41 1837 2844 961 1619 2710 1094 1645 176 819 866 1126 1438 2417 1667 2092 1181 414 1409 1 1008
000436.jpg,2695 845 2631 584 2383 1120 1077 373 441 604 717 1321 2432 2264 1523 1750 2395 2593 1763 2494 1020 1816 1709 1577 1525 1620 1347 2519 2605 2718 1380 2006 1462 2514 1966 881 855 1850 2693 222 1082 663 94 874 755 2156 1244 946 549 320 393 2742 1094 2535 1308 2099 774 2157 1936 1691 516 1098 1911 1715 1474 327 474 1968 1454 1687 2492 821 550 632 1961 1635 724 914 1016 2068 1708 1005 1200 722 2204 1170 2734 190 1682 2080 1285 505 443 1180 1941 1786 2653 2251 2394 2020
000437.jpg,2294 1138 1707 1385 336 773 1731 1993 248 742 1645 434 1442 2145 811 1800 51 1007 1362 1944 410 2598 165 535 2102 257 1782 1455 2436 1992 2730 1073 2518 876 1147 1133 2410 544 550 966 1573 2319 1079 2275 1130 186 1131 2377 1756 2341 519 1120 2292 1966 692 1894 2558 1055 1325 2214 253 67 795 821 2299 2451 870 1091 1485 1309 1962 365 1767 2549 21 305 730 1968 568 1005 1732 2132 2384 1788 1855 878 1882 1262 1187 2516 2536 1317 112 800 717 543 1450 1680 606 44
000438.jpg,2510 951 508 1791 2433 2818 2545 277 602 1609 2713 2400 1854 167 2065 2103 1942 790 76 20 444 211 1939 2211 2778 2284 2146 2239 2041 2511 928 567 350 1656 932 205 1166 461 2478 1677 2193 1873 545 1552 326 369 109 2764 1962 2190 2781 714 2711 1461 898 715 924 1993 930 1310 1512 2011 1320 2556 1531 987 2163 1948 929 2712 390 2640 2540 2304 1411 1657 436 1935 683 1162 2308 1967 1635 1584 2305 562 2622 97 2023 2625 2104 1549 1533 808 1834 2077 1606 70 2086 2685
000439.jpg,2528 1644 367 2774 2306 411 877 2789 1920 1853 968 1461 2770 2812 326 118 224 809 2782 2101 1325 2259 1942 871 2369 2370 2790 1695 813 2044 772 9 54 2027 2681 2664 1042 2237 235 460 253 1145 2594 711 1893 1739 1367 542 1000 2103 360 1654 1998 2400 1456 710 1974 487 1508 1579 545 1225 1088 698 1742 1423 1239 2689 919 1681 1052 1656 1910 31 2124 766 50 1979 2625 1305 504 479 515 1926 1741 705 1354 890 2647 413 1674 1668 1624 2680 220 2799 1284 240 508 2012
000440.jpg,930 1769 2379 2778 1137 1851 1976 763 1964 2540 760 172 839 1516 1418 982 2757 2622 2818 2722 461 1531 916 123 1390 2219 1834 932 1252 579 1938 969 1427 1211 1154 1721 697 593 1049 1557 2185 2618 1399 887 1759 251 1242 767 886 522 2225 2387 1499 923 2416 1521 975 99 875 2117 2496 380 277 955 673 2038 1549 1514 964 25 2015 2559 2349 2054 768 2003 1555 36 2478 790 889 2380 2556 432 1209 646 2134 2001 1599 1256 528 2469 731 2325 1373 2658 492 1479 1160 1793
000441.jpg,2090 1411 2584 121 1531 1711 2810 1122 1326 1201 1684 388 2171 447 473 607 193 2002 1939 748 304 2346 1744 5 1430 1826 400 1294 1916 278 306 2717 110 1549 2077 650 2066 1815 2589 988 425 1582 2455 1652 1701 1807 1752 1141 898 1295 1324 182 22 2113 1118 2529 514 916 2478 2833 2169 932 125 163 1162 2666 1171 714 2567 2366 654 2139 59 1213 569 1150 626 25 552 951 2351 703 2766 1446 1406 2751 668 887 1769 1688 2818 2481 2185 2404 2616 1515 930 2532 211 1214
000442.jpg,1182 847 2501 1741 1117 2674 2799 175 1314 523 1164 141 2527 552 316 2660 2747 2044 2042 28 1563 1743 1963 1823 1710 1074 11 2819 1637 2105 383 1023 2205 2265 1934 1955 2552 1885 2071 587 734 1991 2551 2470 337 2500 88 1248 2335 525 2164 2696 1376 100 1576 330 1778 2634 2594 1109 313 2021 2055 1156 68 2177 252 1100 1870 1135 2193 2745 2454 499 401 2411 530 1716 2095 674 1356 1926 2839 1879 1808 2155 2370 2640 2190 1543 1331 1614 1329 599 1476 1910 2099 666 592 1644
000443.jpg,1277 2058 38 1341 2555 1607 2758 20 1069 1727 2733 1034 1524 2648 2212 1327 448 1060 2192 1811 1734 2372 1790 1355 1694 793 230 2820 1278 2466 2254 462 1828 71 1517 116 736 922 167 1382 294 2554 1188 2721 1467 1538 1259 530 2417 2752 499 2268 993 2605 577 459 1090 457 37 2835 1028 1690 642 2159 810 2495 2805 147 1919 2233 1604 1629 2190 1072 2326 2662 446 122 2360 17 570 1194 2551 2189 195 2714 2616 2167 1276 412 1181 32 2684 357 2180 1626 1804 2202 1520 2071
000444.jpg,1016 238 2678 2130 1170 2592 1708 1347 458 480 1532 2479 712 2813 1726 1693 1352 1901 1704 152 2503 2688 450 909 735 2498 1123 1343 81 940 1961 1949 647 2188 2241 2386 804 1110 949 550 201 354 1563 335 2683 310 2424 2657 1092 43 624 1437 207 785 2585 440 2088 2448 2052 2582 225 1787 2718 2161 1144 2788 2724 2025 338 198 2315 2737 1371 297 1203 474 849 941 948 1204 1038 1866 2826 84 568 1772 245 2639 2652 482 192 1819 594 148 2353 61 689 1454 688 1922
000445.jpg,1341 462 2058 2605 2805 459 1277 2758 1069 1517 1607 448 2417 818 793 1734 1034 2733 2192 2254 495 1626 2555 1727 661 2372 1382 1060 1259 2268 357 2368 1090 20 2159 37 2495 2554 1694 736 2648 2360 922 2820 1790 2780 38 2752 1188 1194 2571 1941 1467 167 1447 2651 1536 1028 2234 724 2754 2194 279 1690 1538 187 2684 412 446 2637 32 2326 1811 122 2804 457 642 2233 230 1714 2466 1355 2721 1990 576 2190 2383 2630 575 530 1524 1936 794 116 1604 1014 663 2807 2347 2297
000446.jpg,849 785 207 2188 61 245 948 2025 2498 418 2813 335 2657 192 1092 686 2814 139 2386 653 81 387 2382 2396 1787 296 838 1651 2724 1937 644 43 1123 940 804 2052 2144 997 1343 2552 1949 2230 1703 1852 209 2678 2448 2582 647 1076 2248 1464 1437 524 2424 2683 949 1204 376 239 2315 310 481 2716 2427 1369 732 2442 2479 941 1417 84 2737 1110 726 1866 1726 2161 689 338 971 2744 2652 2441 148 843 482 198 2087 225 1532 2639 219 356 1777 959 624 1874 2112 1038
000447.jpg,522 841 578 2583 1165 1233 1908 126 2328 1553 1107 2276 173 1344 1406 1114 1845 848 191 1830 760 283 2772 266 503 1721 404 627 1772 2628 601 437 1236 767 539 633 945 450 2421 725 1250 1704 532 1578 944 909 13 738 826 67 768 1969 2777 640 1876 931 2020 2491 75 2380 128 114 938 1298 10 2028 2267 882 1754 865 2334 2064 995 1075 613 1160 2497 1737 702 1473 1038 1361 828 589 2663 713 1041 72 1379 2250 970 2828 1004 321 1810 904 2057 380 2606 2148
000448.jpg,848 1608 1839 841 1434 2328 783 1298 2471 1845 2462 75 655 739 578 910 502 1810 1692 618 1114 990 1578 420 1830 688 1323 103 2509 1553 2624 1406 1340 80 2601 297 522 266 1733 1235 283 995 1312 1451 284 2334 640 1886 1529 1236 1004 865 1720 126 2149 182 954 2772 613 1908 4 1207 2542 1018 1107 2669 2378 114 627 702 2114 311 737 952 1984 2583 2561 2520 826 1881 539 2069 2276 2656 2242 2016 247 658 2497 39 1146 1179 2320 2354 768 806 1667 2380 931 601
000449.jpg,2386 207 1437 2025 647 1787 940 43 1949 1343 804 1092 2396 192 245 849 2724 2424 84 941 1123 2652 2112 2683 152 335 310 61 2737 949 2315 948 785 2582 2657 1772 2188 1223 238 494 139 2161 1208 2498 1204 2639 148 1532 1172 1820 2448 1726 1563 1468 2291 2220 482 2148 1874 1038 2678 2084 2035 225 1004 2324 524 2688 1616 2242 639 1458 1704 2566 1819 196 838 2813 2744 2353 1110 489 418 1011 296 1864 971 2421 1840 1754 74 198 331 1901 835 1643 1417 732 865 686
000450.jpg,2421 173 503 1754 1038 13 945 865 639 938 2328 2583 633 909 1704 1379 1041 713 1969 1643 2828 828 944 921 2688 1250 640 67 2353 1874 2497 75 2378 74 738 1840 1236 2647 2250 2242 995 1011 2683 1501 1223 941 1004 2161 1692 1415 1819 524 711 2084 2491 949 2149 804 1243 2737 1772 2312 2639 835 1563 2669 2291 910 1949 84 582 1092 1768 1468 627 489 2652 1298 196 1343 2424 970 2606 1864 2324 1616 1787 940 2057 647 2148 781 2386 219 152 1561 1458 2220 977 338
000451.jpg,179 2241 480 2826 2769 2161 2657 1110 712 1840 689 2312 260 568 1772 450 1123 219 2250 735 2050 594 970 2678 1218 168 1437 804 259 482 1949 2683 948 2424 1113 1787 1532 1092 2836 2788 2386 26 647 2046 2688 940 2125 2315 1864 1819 1261 1343 949 207 43 310 904 1901 225 1369 2498 2724 2165 418 2744 2652 977 1704 1011 2148 1490 2639 2506 1038 152 524 1016 335 2188 2448 835 2130 1866 1561 2084 1344 1799 1468 192 137 198 785 2025 1679 1874 769 2396 1726 489 1570
000452.jpg,99 399 731 2469 2126 1510 172 823 887 1872 2722 73 1049 1599 25 1628 1160 1521 1256 380 2074 579 760 1209 513 1154 566 2003 1759 1210 492 2379 763 1368 2387 2559 2001 2723 1770 1065 114 437 1699 886 1129 528 1430 2097 2618 1557 975 2304 2225 2015 697 432 2658 2185 2577 932 1793 2719 1252 1390 1137 429 982 901 2636 151 698 2416 2267 2459 2140 923 193 2163 841 1976 569 875 2568 2622 2134 2757 1514 718 1418 2556 72 930 2380 673 1833 522 1431 1964 1233 955
000453.jpg,122 1283 2222 495 2168 1702 1715 1836 96 1286 2726 443 2831 1502 2687 2449 20 230 562 1844 2171 2816 476 1593 1629 1363 294 2547 2700 1220 167 1188 922 1227 1217 1912 2595 827 1941 1314 131 510 2571 1536 2326 1032 2437 1797 2733 824 1883 187 1353 147 1625 396 1763 869 1021 505 836 1135 2043 38 2268 1556 2067 328 736 2623 2440 1995 2283 602 2071 762 1790 2264 1500 2030 37 1059 576 1260 8 46 1939 1517 2616 935 1318 330 2058 892 1281 385 620 2096 1156 333
000454.jpg,610 256 852 830 1200 603 1178 1732 243 2487 605 1796 1450 355 1713 2453 1073 392 1495 269 648 1709 1676 87 2275 2262 1396 248 94 2167 2394 2420 2538 1424 1119 1309 3 2375 1678 1718 855 1224 1634 716 1812 301 996 1419 518 1895 102 1988 1410 993 1838 2563 2802 666 1505 678 1729 1564 1002 1449 616 83 2543 1331 683 724 1132 1587 1040 2518 591 2446 1714 1980 863 575 497 1523 1491 929 1246 2045 2331 2170 1978 527 2432 365 2755 979 908 833 2212 1327 2514 434
000455.jpg,674 2840 1710 1054 1381 1307 2133 2753 2574 1486 1190 657 2660 1658 2287 927 433 52 606 1712 900 169 1328 2089 313 445 2419 197 2544 1760 1725 1775 1339 559 2308 408 1046 1627 182 348 259 1789 2142 1782 2708 1592 1253 677 1208 2794 2500 1333 1148 1896 1019 1051 1663 268 563 965 1282 356 1029 2712 1111 2438 2826 2289 2265 2076 622 724 2397 26 480 146 2827 2467 1369 985 860 2241 2690 1955 815 637 1666 1197 2626 1240 1634 231 1899 440 458 1586 2841 1795 1150 2177
000456.jpg,2065 2685 461 277 2023 2001 2221 2045 928 2556 500 2778 2755 1049 1256 2325 1320 414 808 2654 1067 1980 79 792 770 1514 1976 2719 1252 1215 276 2722 1834 2818 1656 188 2225 951 62 2104 1137 1431 961 429 1521 2226 591 1938 1373 2364 1242 733 659 2117 567 2134 1398 99 273 2074 2469 731 2723 2219 969 2126 718 2524 975 1065 513 1047 2319 1162 2304 1599 1310 886 36 2559 932 2415 697 2015 2771 2097 1770 698 889 2710 2545 246 1657 2298 1948 142 853 143 2003 2817
000457.jpg,2455 913 1982 2833 2633 1925 1549 2139 2844 1122 1572 1652 2607 1863 667 1619 2273 2727 1814 2447 1009 427 741 2529 2255 2185 1129 1470 1430 1735 837 1295 1509 469 1675 1684 234 1807 1887 2804 1558 1699 1118 2568 1748 1497 988 2363 2776 2723 2637 2731 2459 193 2412 607 2356 887 1553 569 2347 2297 1531 25 121 2614 2797 2231 557 2757 566 428 2266 1373 2805 961 264 1298 1660 123 912 1399 2013 1597 1793 522 342 1366 2373 2208 299 841 2484 2240 951 2015 2072 2703 2253 2783
000458.jpg,1507 274 608 153 2632 2311 1685 107 2550 63 936 2061 628 1177 478 2022 252 1048 753 1889 2176 1019 1150 55 2604 2414 2794 452 149 1568 1970 397 1273 786 2505 2465 1892 1214 2821 1662 2515 2398 1923 403 40 402 363 1104 1378 1879 501 268 782 1026 2404 2232 2827 2708 864 1472 2407 2059 2429 1612 456 2265 138 840 132 1583 1530 129 1062 645 2779 758 1008 1712 2634 1503 1022 295 1171 324 2832 506 824 1356 1999 994 668 1785 2806 2037 596 788 2435 204 1789 1760
000459.jpg,1165 578 522 1908 1107 2583 1361 589 126 841 2051 283 173 848 2328 266 1114 191 1406 1876 931 1772 725 450 404 2606 627 1233 2064 1830 1236 1874 1845 2334 1344 1721 601 2421 1704 944 2628 1553 74 1840 826 2624 67 2772 539 1578 909 1250 2276 1799 911 938 1969 72 1561 1223 1011 702 2165 503 2309 995 10 613 768 75 2149 865 945 2836 1041 2057 738 353 1754 2046 2497 910 1038 1627 640 633 1340 1298 128 970 2148 2312 2491 882 2769 1151 2291 1004 769 992
000460.jpg,643 2611 1019 2467 2794 1970 478 1022 2827 2708 2505 2465 753 2285 252 63 402 2435 1048 2061 506 864 628 138 782 216 1889 1892 2632 2690 1021 2821 1018 2398 1797 608 274 2311 153 1220 181 1176 403 1612 1214 636 1530 609 40 936 2105 1303 2181 894 2404 2059 2531 1503 268 1632 1899 1918 1078 1150 1507 2841 510 2832 1843 204 1712 452 363 456 1662 1896 408 1032 2521 840 957 2089 1232 1332 346 2162 1056 744 2565 654 1024 239 1171 1356 1103 419 1026 2278 1568 2407
000461.jpg,2161 804 1949 940 2683 941 2424 84 1787 2315 2652 2639 1874 1343 1532 2386 647 2737 2084 192 949 1223 1092 524 1437 1820 196 1772 2242 1840 494 1819 2112 639 1643 198 496 835 1704 2744 207 74 310 2688 2220 353 865 2421 43 1468 1458 2353 2025 1901 948 1754 152 1616 1208 1204 2582 1123 489 2324 2566 1864 418 2724 1011 482 2291 1110 1038 2479 909 1004 148 225 594 2057 1417 61 849 98 1563 781 1561 712 1501 2678 2250 1490 2657 945 219 238 970 2312 2506 735
000462.jpg,139 245 525 68 1563 2191 849 686 2552 2716 335 1437 2396 481 948 785 296 2188 2657 2813 2498 1288 2230 387 653 61 1870 1852 207 838 2025 1076 239 1937 1464 997 2382 2814 1703 2164 49 2442 2173 1127 2248 238 2386 637 356 1417 2144 1651 644 26 171 1172 458 2089 523 1011 209 2427 2678 2500 2179 1364 1208 2470 1639 2507 1369 43 1787 192 2035 2724 2091 1092 959 647 732 804 408 1726 1486 2448 2652 148 1123 2441 418 689 965 1274 1151 940 81 972 2083 2286
000463.jpg,589 1361 1107 1908 931 727 768 578 1845 293 485 848 1114 2624 522 658 12 1451 1821 1830 1876 1340 539 1310 1165 903 2334 664 618 126 1721 702 303 990 2471 1323 103 1769 1798 1359 1473 247 1413 662 1961 2276 72 2150 2051 1519 1186 633 2462 65 532 767 2644 723 962 1967 1608 688 2054 2028 832 725 2165 2772 297 1601 2323 1344 1555 284 1720 1391 2622 2497 353 1230 2656 395 1839 2314 2380 1235 2149 1149 751 1657 251 2504 2509 2585 1544 1137 2016 75 1810 760
000464.jpg,1150 645 204 2779 2061 1507 1104 40 2550 1785 1612 388 1304 138 2708 668 2311 1685 217 1889 2213 1712 2766 1472 501 63 1530 473 412 1543 403 397 2176 2229 1214 1026 107 153 782 1923 274 608 22 1764 2588 1556 20 2632 510 1638 628 2162 2404 1744 2707 252 1019 2465 2505 5 1171 268 2022 55 1177 894 149 2841 2002 2604 2414 2030 561 2521 1568 2717 2089 1326 2169 400 2821 1062 129 255 2232 402 2438 167 788 2171 444 452 2794 2128 2265 2825 936 1892 786 1056
000465.jpg,785 2188 948 2448 2678 207 849 245 2498 335 2386 2025 2657 2813 61 2814 653 296 838 1123 418 1092 139 686 2396 43 1787 2724 81 192 2382 387 940 1949 1726 804 1343 647 1937 524 2230 997 2424 2582 1651 148 1866 949 2683 209 1437 310 1076 1464 644 2248 1703 2737 941 2144 2315 1204 624 2052 482 198 1110 1369 2639 219 689 225 1417 1852 1777 84 2161 2652 732 726 971 1127 2552 239 1639 338 1038 1532 1458 494 481 2688 2084 1820 639 2242 1772 2442 1223 2112
000466.jpg,1683 737 39 2288 2062 1293 159 1097 2601 1692 2114 334 1603 1335 1818 475 1655 1916 2690 502 1340 546 1021 1018 1918 1972 750 820 1312 782 702 654 270 1591 464 2656 783 990 655 807 1706 926 103 1323 2561 1235 200 1824 284 2669 1297 848 1647 1451 2624 582 751 618 2236 2471 2467 106 952 688 2520 1912 2346 1845 1723 789 1602 6 1831 640 125 2402 343 766 1091 1730 323 2040 372 364 1080 721 910 2687 1881 2281 1693 2502 75 995 2784 1768 2242 275 581 2531
000467.jpg,273 741 1514 17 2226 2271 573 810 961 1349 1684 792 2529 2710 638 30 2104 414 1445 1215 79 2298 718 2444 1067 2208 1270 958 1630 2097 2654 1539 1360 955 1252 2517 1431 1571 143 787 2246 2140 2727 975 2818 2015 432 2755 1834 2801 912 429 1976 2117 2225 1058 62 1793 342 901 551 988 1520 193 697 2685 2068 1181 1373 1924 1509 600 733 151 513 1216 2496 500 1047 1128 1278 1521 2658 2702 1242 1211 36 99 1037 1049 1986 307 770 2415 2296 1119 1065 1256 1479 1122
000468.jpg,849 1937 2230 245 2188 139 653 2813 2552 296 2382 785 997 948 2025 61 1639 686 2814 1703 1464 239 335 974 2441 1076 2248 2716 2144 356 2507 81 2252 1651 2427 2657 207 838 2498 2191 1127 1777 644 2442 387 1852 2396 726 209 2386 137 418 647 481 135 959 1274 732 2838 2827 1123 310 1185 2448 2286 2678 148 1282 1369 525 2173 1199 68 2087 2724 2091 1417 624 1092 1365 49 2116 1437 2179 2639 1288 2720 843 43 338 376 2052 146 1787 1977 1726 1343 2220 192 1870
000469.jpg,524 2084 1092 2161 1949 1840 2683 1874 74 2424 2639 1468 940 1901 2652 941 1787 489 84 2315 1223 647 2386 1343 2737 1123 1532 2724 949 1819 1772 2324 804 1820 1437 192 196 865 1643 494 2421 2242 1704 945 1754 2309 835 2606 2148 639 712 1236 219 2112 2050 2312 198 977 2479 1490 496 353 1172 2353 207 2688 1458 1864 201 1616 310 2220 970 152 43 1208 2744 2025 1038 1110 2035 2291 2566 482 2057 1204 1011 225 909 2582 594 179 148 2826 1004 925 1501 173 781 2046
000470.jpg,1268 2796 1571 600 729 1216 1266 97 1411 696 2140 2235 2640 1271 2185 792 1829 17 342 916 1058 763 2738 1521 91 1349 449 2496 1516 7 1939 1952 2225 1514 975 955 1509 1956 1976 2444 2015 567 1128 1964 1531 151 2808 1533 2719 1049 1070 2221 124 2710 697 1168 1299 2097 698 839 2023 930 1872 193 1181 1099 2008 2793 2778 1211 2379 1101 92 2529 1112 2296 1791 1418 2551 1689 1684 2416 25 1355 928 967 718 180 2226 912 1360 1119 1851 1978 2298 1606 2333 2310 2189 2352
000471.jpg,2378 952 2051 1439 633 1412 711 72 750 640 2532 334 841 921 503 1579 1537 2520 114 995 2561 2471 399 126 372 1779 1541 1839 848 578 75 65 1114 655 2328 990 1415 737 865 159 1312 768 713 1582 173 1354 2636 9 738 2009 2150 938 2320 1916 522 172 475 691 658 1692 1711 1668 270 910 2421 1143 1700 2499 2210 739 208 2671 1335 1766 1243 502 174 1250 1957 420 933 702 2478 1845 1173 2669 1107 727 128 1908 919 2288 1389 1603 1967 2533 1323 103 1902 614
000472.jpg,869 1625 2645 1827 836 1633 2440 2473 2096 2283 2099 330 1034 1790 935 443 46 2805 2261 1217 1280 1259 734 1629 1715 290 476 587 175 1286 2431 1013 2831 2750 212 1098 131 1094 1 537 762 1635 1336 1050 1875 1880 1763 1363 96 1697 1121 1525 774 385 122 549 2204 874 2347 2297 604 1536 1941 1059 1227 495 793 1330 333 2174 1108 2168 2733 505 1626 1454 1982 1194 818 2687 469 1016 892 2651 2368 2186 2804 2693 391 693 2554 396 669 2222 1283 562 829 185 2823 2780
000473.jpg,2093 1725 1164 2753 2597 675 391 1879 622 1240 1743 1774 1383 403 1135 1056 1795 963 1307 674 383 1885 2224 316 890 2570 1356 2049 2840 255 1513 1909 1448 2089 2205 220 553 1329 746 2839 1775 1296 1376 607 1613 2338 446 2042 699 2265 119 2155 1337 1994 90 141 394 2438 1543 2335 2515 1486 2692 1981 1627 2682 1955 400 1266 1409 631 2795 178 1991 1099 271 682 1716 1789 805 444 1161 1766 2640 530 1650 707 1999 2808 445 1847 1330 1101 2638 1060 368 1826 1701 1755 2717
000474.jpg,418 207 61 948 2025 335 785 849 2188 2498 245 192 2724 139 1092 2386 2657 296 1417 43 1369 1787 2396 2052 1651 81 1437 2813 647 387 1123 2814 524 838 653 310 2424 1870 940 1343 1949 804 686 2144 1820 482 209 2448 644 2678 2230 239 26 2652 949 2683 2649 1852 2639 2479 971 2035 2220 2427 219 148 2582 2382 1208 1937 941 2112 481 225 732 2737 84 2716 1563 2084 2552 238 1468 1172 997 356 2442 1204 2688 1703 2161 1532 152 1110 1038 1726 1458 1464 2200 525
000475.jpg,1102 2411 1656 2790 2817 1948 1405 1934 221 1926 1319 1983 188 1644 2034 2065 987 765 1985 14 1163 1246 2545 659 611 2400 1658 779 817 2044 2646 1552 2336 1046 1624 1085 1307 1414 2433 2528 2574 674 556 1316 109 2501 2232 2177 312 998 1568 1089 2626 2764 1873 2300 110 2325 4 1965 1182 950 2829 497 1710 943 1339 626 276 113 2137 2762 951 2012 2815 929 2272 1096 2682 1723 1162 675 2055 141 100 2000 822 1729 816 2082 2076 26 1484 2553 85 825 1313 319 1376 348
000476.jpg,102 1410 87 993 83 2563 1943 2166 1424 2802 648 94 1950 2525 541 2106 1714 1382 1634 1200 610 605 575 1419 590 2331 724 2212 1327 1919 2138 929 716 2684 1604 1713 1040 2555 2417 2752 902 256 2196 120 2394 1914 2239 1587 2482 2609 2733 1946 1309 1467 1028 2033 1538 1669 1517 1116 1988 2538 917 2487 1169 32 1690 1224 1278 301 855 1178 47 2697 2243 1895 1838 652 269 2192 2685 1328 2020 1734 2736 1709 36 1676 2343 462 2754 116 1968 2785 2748 834 678 2234 2254 683
000477.jpg,2818 982 1939 2023 64 1938 2556 969 2778 1571 2466 444 928 1122 916 2226 2001 600 792 1684 2835 930 2097 951 1373 2540 1049 277 1256 2221 1440 2225 2654 718 1252 1769 2722 1484 1834 955 2015 1411 1531 886 79 2190 975 2559 2529 513 1793 770 2104 741 1828 2755 867 99 2117 1699 386 2126 2723 193 2781 901 1976 2387 790 1521 273 2719 961 1215 2771 2364 1599 2363 1833 143 2219 1811 988 2469 2074 1070 127 557 2298 1606 2757 432 2640 731 1242 1514 1137 2134 763 1657
000478.jpg,385 42 1336 1596 836 1108 115 935 2096 2261 1059 2222 1220 1797 762 2168 2160 396 1995 2562 1013 2340 869 1227 1315 131 2831 861 2156 856 2720 1217 2823 1098 1469 2687 2591 1425 829 1025 2437 2442 1941 537 2116 2807 2136 1188 685 2087 562 2513 1321 122 1251 1790 127 390 471 387 1880 2432 2079 1283 476 1363 2645 1142 1280 1709 669 834 2627 333 2268 644 1286 2514 2705 1525 1750 774 1500 2167 2750 1633 2141 2431 1200 2483 376 2186 96 734 2813 2820 1245 1034 2243 16
000479.jpg,1938 1443 2349 709 1769 1657 1897 2072 1344 875 311 1553 1555 2380 2267 1207 763 1160 1499 2117 614 767 2462 2702 36 654 2038 760 2276 1931 1484 1496 1233 841 420 2108 2556 1544 1037 199 1087 655 1822 123 2686 1890 889 522 200 2150 332 1652 1753 1886 739 1825 1735 2777 2526 114 1967 1721 1549 2387 2669 1492 258 1833 1399 1635 437 331 340 597 1839 2734 2833 618 1609 1413 1256 1311 1519 1055 673 1310 2165 2455 916 662 404 532 1264 1599 2134 2085 2364 1860 982 2713
000480.jpg,408 1282 525 49 2280 2191 2794 2164 1339 2827 1839 1956 983 2308 356 120 2173 2177 2674 1197 2089 1781 2842 2712 2091 1710 313 1003 1725 1018 2591 1967 169 1635 1376 860 1617 1789 2574 2427 523 2252 368 684 1657 927 1417 2840 1606 1035 2470 654 2179 552 2707 1156 239 290 2716 2289 1190 2190 1569 1712 1127 1623 1019 2279 1103 521 1433 2441 1274 1875 1876 26 323 2230 268 481 2445 1878 2142 53 2753 2160 92 640 637 1117 1029 2660 348 671 1598 1975 2278 596 1555 670
000481.jpg,1840 1901 2084 1110 1123 1092 1468 2315 489 524 2312 2161 977 2324 1490 2148 201 1223 74 1787 1949 2724 568 970 804 2050 219 1772 941 2826 2309 940 712 1236 84 1343 1819 2386 647 1874 2737 1864 2683 2421 2606 2424 945 207 1344 2112 179 494 43 1004 2046 2652 2688 835 1437 173 1172 2639 2025 2744 1704 904 1204 2582 1532 2241 192 2512 2291 1458 482 909 949 865 1754 404 2788 639 1038 735 2242 259 2769 198 2035 838 2353 769 2566 196 1643 152 450 1726 1113 310
000482.jpg,1692 1693 546 1312 270 2242 640 2656 2761 2561 751 655 582 1501 2669 1768 159 2497 995 617 759 98 198 1433 75 580 2149 247 353 475 737 807 39 2236 1616 949 2704 776 1035 6 702 2520 1570 781 865 1643 1417 1683 503 2502 639 1199 910 732 1820 496 2526 1018 1839 1881 2220 2309 860 2585 2046 146 2115 2288 1184 331 933 1975 941 992 684 654 2348 1011 2768 581 1235 954 2353 1139 944 1666 1083 323 815 1335 117 2828 1561 1817 915 2647 2378 297 598 2150
000483.jpg,2827 1018 2467 655 2690 782 525 654 2119 2164 1417 2441 1376 523 806 2794 239 2252 534 1789 2427 1918 1433 1692 927 1197 1019 1035 2669 2089 1003 2191 2091 684 2531 290 1870 1176 1117 2144 49 356 1839 2552 408 2283 726 2230 481 815 2716 335 2179 2819 2105 1282 1975 1481 1710 1369 1312 766 1881 296 1127 954 418 732 2435 1569 617 68 653 1852 1091 323 216 313 2712 580 2308 2278 2142 849 247 1781 624 2177 2507 1967 2708 2505 2465 1738 171 331 1365 860 1199 75
000484.jpg,452 295 2806 2632 268 1923 1889 501 1896 2285 1813 561 2821 1503 107 1177 2311 324 456 1465 1062 129 430 313 1281 402 628 274 608 1662 2181 936 252 927 2634 2398 52 1378 478 753 2429 782 1048 1039 1730 1789 1022 840 1333 668 1638 2717 1760 1150 786 1019 149 2061 1685 1568 1214 758 1712 1273 467 2794 63 2404 2414 2708 138 397 2022 2142 2841 346 1507 2176 484 403 2438 2779 2604 609 1736 1892 363 2588 506 125 153 559 788 1486 182 22 1481 89 1018 1026
000485.jpg,1437 1563 1011 238 1870 1208 1417 26 1172 2652 2035 1468 1369 647 152 310 804 2424 849 1949 482 1787 1151 2386 2683 2396 940 245 2639 1092 2025 207 43 965 1343 949 139 972 1820 168 2724 2220 458 192 1123 2148 2161 900 1486 948 2076 2084 481 1532 2737 732 2112 525 84 639 2688 1874 1110 941 925 1616 335 2315 1223 1038 148 331 225 524 489 2657 2649 61 1772 2678 2353 2669 712 1819 2744 1840 2716 494 2566 2421 418 1627 2309 1704 74 496 1864 2582 1313 1458
000486.jpg,670 1974 1302 1011 2439 2812 69 2179 933 730 1961 322 598 338 481 1817 1954 1601 1466 972 74 2309 1184 992 1255 351 136 2046 1917 2534 1839 1381 178 1461 1876 519 2361 1788 1544 684 2655 300 2828 1640 1569 1616 1710 2230 2322 335 1488 860 2768 1035 1700 1365 1199 496 1605 2259 2564 705 1417 2775 117 1782 2348 1627 1139 104 1768 253 420 1979 1384 1693 2353 2115 2761 128 148 882 1563 1738 2782 431 617 2048 2704 1623 2809 800 231 1185 2569 1975 2334 907 1489 1151
000487.jpg,1785 473 22 306 2113 2022 1171 304 2169 1326 2171 2311 1214 1857 1333 1889 645 2002 1653 1213 2567 1688 2404 2751 5 2588 2351 252 1744 313 2810 2841 1612 657 204 559 295 2274 1201 2717 668 1150 1808 1432 470 1701 1760 158 1494 2366 1638 1826 140 63 400 1061 1685 107 1530 141 274 608 388 2766 182 1177 110 452 403 2779 2061 1056 268 1879 2450 954 574 1228 138 2438 2066 2346 2414 2128 891 1104 1292 1711 323 1404 149 397 2806 1507 40 1576 1348 2604 2176 59
000488.jpg,2103 2627 367 2696 2042 2528 1644 1892 2370 2501 2044 2594 189 1376 2306 28 847 2164 766 1885 1934 1677 2674 1741 337 2027 118 1100 1182 2711 2790 1910 326 2060 2799 2625 1891 734 411 313 1656 715 523 2335 2232 2839 1808 2177 2715 1970 808 2105 175 1991 754 2041 2193 1935 1568 1870 2274 31 1145 2789 1545 1395 2049 809 1998 1463 877 163 2747 1743 1781 890 567 778 1441 2527 1429 220 1823 1232 141 1569 928 924 2411 330 2819 871 1729 2285 1356 2774 1898 1963 2795 1111
000489.jpg,2058 1277 793 1607 1060 1341 2372 2555 2648 1276 1069 1694 2835 2466 2189 1194 2758 2641 2662 412 2159 1803 993 1034 1727 2714 2461 530 2192 448 577 561 2733 38 736 1629 20 888 1524 2254 1734 462 2094 2205 195 570 1638 499 1859 1355 1382 2233 2551 32 1072 1907 131 2212 1327 1259 1626 2752 1467 294 2595 1517 1811 2684 2399 187 984 1278 1028 1567 2616 1919 1806 2820 511 2360 1392 2473 1828 1690 2213 115 127 2234 116 337 1286 1981 1990 405 457 2513 1669 42 2190 1861
000490.jpg,1758 1358 1421 472 991 641 1279 588 2740 366 2691 2004 1765 2355 1193 1289 1452 1196 2327 798 880 2456 242 150 2581 2694 1868 764 329 422 1665 267 2739 842 1086 797 170 1403 158 1377 2109 756 2473 1477 884 1576 1664 720 604 58 140 2659 287 706 796 1081 1575 2206 1457 2146 2018 2127 493 1348 1295 570 2418 495 801 583 263 190 77 857 2321 885 1941 228 2374 1542 1807 560 1238 1420 2703 1432 2356 470 134 2548 888 2838 130 2403 1887 2468 2184 1291 2771 2266
000491.jpg,1543 2306 2597 622 2105 337 2358 2049 612 963 1356 734 2696 1885 141 699 2646 2164 2674 530 271 49 2282 1991 890 1023 1710 2747 2764 2799 316 2789 2307 2089 2800 675 1313 401 1164 2594 178 2753 2735 637 1823 2083 383 2670 2283 674 784 631 1307 2534 2592 2055 847 255 587 1047 1117 2527 419 1314 1926 1827 68 523 525 1743 1741 1624 1627 1795 1151 2500 2370 1109 1640 2173 2439 2308 2790 1879 2552 2181 1135 2335 1650 1955 2337 2574 2064 1339 1376 305 1941 2438 2716 1775
000492.jpg,1980 943 2275 1796 1732 1450 269 603 830 1495 866 1588 258 2453 1200 2451 3 1316 1132 2170 680 1073 2685 497 1762 591 1636 1676 1053 1620 1586 2815 1246 1645 852 678 1869 256 1431 1642 610 442 1449 1888 605 833 1178 2196 1713 2543 83 102 1574 434 2045 878 2262 606 2525 2817 993 2384 2487 1491 683 1946 87 2078 248 1224 1838 2454 1678 58 2300 2375 1714 1895 2563 1051 979 1965 21 733 1523 918 2802 2544 1505 1959 2697 2131 541 1405 2518 817 1414 1116 2350 652
000493.jpg,2152 2273 844 1768 509 2435 2412 5 1515 1433 1696 1139 609 106 2115 2048 1824 331 244 6 1616 2526 1987 2768 654 1692 2502 815 1199 146 655 627 939 1766 1602 1953 2457 574 1365 2643 2704 2531 2589 995 1019 2291 2057 310 59 2220 1711 1881 732 1605 214 1591 2669 2841 891 1842 1810 266 1899 1488 323 2475 1312 640 239 1506 2639 2210 807 264 420 598 249 1171 1916 1354 1802 1397 1744 494 1820 247 1582 647 2236 613 1406 1693 403 1815 1176 1012 1185 388 1931 150
000494.jpg,248 535 811 648 937 365 434 2341 605 2730 1966 1311 1005 112 336 1309 1968 2290 1131 855 257 1133 320 1670 1040 435 2377 1634 749 2451 1527 186 1731 519 518 2102 610 2458 2746 821 2299 1068 1850 1424 1455 2743 2788 1385 2227 2145 1393 1586 1033 1007 595 253 2734 2786 1714 2516 981 543 2538 1732 191 1051 1079 94 2549 1347 1992 410 1379 256 1573 663 21 440 2251 568 2151 340 544 392 1526 1053 36 332 258 48 1750 2085 1636 966 881 1519 1676 1495 2384 1890
000495.jpg,2669 75 331 995 2526 1417 1011 655 482 2309 2242 1616 865 2220 1643 941 860 1693 992 2149 2046 1501 496 1820 2652 2542 1692 198 1768 2250 2639 148 1563 1437 2497 2421 353 2761 489 639 1468 420 1819 26 2084 949 1874 2424 2353 310 781 972 647 2683 335 1839 640 684 2688 2737 2057 1704 2291 713 1223 1754 732 98 2491 2161 1840 1864 1870 1772 804 2025 1949 1199 1787 152 835 494 1369 238 1343 2112 524 712 1532 688 1458 74 1236 1004 84 2386 1038 169 168 2724
000496.jpg,251 969 395 2304 1137 923 932 2540 1851 2778 930 1557 1390 1427 2219 2622 1531 1769 1115 461 2379 1394 697 1310 2504 2644 2546 886 1516 1252 1759 99 1721 277 839 1976 1154 579 1512 172 928 1964 2757 1418 1242 2618 2054 646 70 2722 1834 803 1514 867 2185 1479 879 529 792 2323 2759 1389 955 1546 2225 1306 2658 1106 2524 2559 1521 962 763 25 569 1175 1798 887 1049 1256 485 2755 2140 492 2496 65 2001 151 2175 2731 975 2097 768 1209 2416 615 1939 566 2015 513
000497.jpg,627 496 67 1874 995 860 1532 2683 26 1369 2057 925 1236 2050 1820 2291 2475 2200 769 1897 482 494 713 2652 1578 2769 1782 201 2046 2583 977 1840 480 1819 735 1468 2826 2421 2161 2688 2312 906 259 568 1223 2639 2220 1864 1490 1704 2606 2241 219 2397 938 1417 804 450 257 2084 2424 524 1458 1437 1772 2148 910 909 1208 266 1944 2076 1011 1799 1110 1949 826 2744 1045 1123 2250 489 1754 992 647 74 1787 2737 283 904 712 911 331 2836 835 192 949 1038 2309 1901
000498.jpg,1365 1616 481 1199 1488 300 1605 2768 1139 1255 2048 106 1768 2179 2115 732 1738 1433 1371 1693 2348 148 244 69 335 117 331 2761 2526 815 2502 2152 1817 1602 2220 2230 2669 482 1011 670 214 351 785 1953 239 1954 1302 2435 944 136 1127 420 1184 310 1987 270 1352 1458 598 992 2309 2656 1185 1960 2046 2838 1397 2582 1203 75 296 647 169 2141 653 949 1417 1899 323 1692 759 146 2427 431 1820 933 128 2025 1437 2322 751 2130 2580 974 281 2639 609 245 2531 849
000499.jpg,2718 2487 94 2394 519 1142 1750 874 724 663 2742 2243 855 908 2454 355 550 518 2260 1709 1347 1388 604 1778 1105 1331 549 1895 2417 231 2660 2519 2538 354 1305 1968 1708 717 1936 2592 2534 1846 1614 2489 1961 16 2699 2157 1634 1016 1136 671 825 734 1875 2693 516 1094 2432 33 2560 2492 1966 48 2697 1525 1419 243 632 1003 11 1370 1200 1517 610 1550 1941 2745 1476 2610 562 2099 102 1410 2264 330 2202 218 1587 1729 88 2482 2631 599 2331 774 1020 1714 735 1040
000500.jpg,1814 1549 1735 2771 667 1619 2797 1122 2731 1982 2139 2719 2776 1925 913 879 1324 1373 2215 676 2319 428 2013 2266 2412 2524 767 837 2175 1426 790 1272 1166 2072 703 557 1366 2363 2074 1769 1986 2455 614 853 2460 867 2757 1964 1660 380 2108 1652 1822 1687 2185 2833 522 2409 1516 1037 1572 1443 2844 2727 2403 2607 2484 2494 2255 889 2722 2240 1810 956 2092 2529 1118 190 961 770 1480 2620 1440 2818 1938 1320 2568 1721 2104 1137 1484 1346 709 741 1558 1338 2621 427 2219 2633
000501.jpg,974 815 1199 2115 1899 2141 732 2048 1185 1255 247 2639 1365 1987 653 310 2531 146 2116 1536 214 1802 2737 1909 270 2526 1139 300 662 2761 1693 1433 2278 1866 1961 1777 1616 1019 1602 1488 1768 2220 2838 1298 647 239 1113 331 624 376 137 2348 2382 244 2669 481 2025 2506 1937 2107 2768 335 1592 106 2435 949 1318 2582 539 1692 1605 1334 148 1483 1708 1738 1613 1343 1204 431 61 2652 482 2580 1011 2678 169 1953 2309 2448 1506 281 1473 621 2704 1819 849 1437 1176 598
000502.jpg,763 2117 36 2702 1986 1938 1499 1834 123 2818 2380 760 1252 2134 2267 437 975 2757 1037 1721 767 380 1256 1599 1137 1769 522 718 1399 1233 770 1160 889 988 2074 2276 2722 386 2379 1976 2038 151 1793 1684 2349 1373 901 2298 461 1211 2104 2559 2622 2225 1440 1242 2723 2793 1555 143 673 432 2524 277 2364 1430 593 886 875 2517 2015 2219 1699 951 887 1320 79 1956 2126 2496 1049 2108 193 731 1215 2469 1122 1075 342 2325 961 2185 1553 273 25 1390 99 1514 969 492
000503.jpg,462 2417 793 2058 1714 1060 1341 2372 993 2752 2805 1517 2605 2835 1069 2714 1936 1607 1447 2758 2260 2754 2254 2212 1327 1194 1734 2721 1382 2648 2190 2192 2571 818 1259 1116 1990 20 38 736 1277 2233 2495 2555 1034 495 47 279 724 642 195 1727 575 1416 1538 1606 116 1467 1028 2523 1410 2641 1859 167 2422 2268 2733 1355 1626 2180 2742 1224 1690 32 187 2637 1694 2234 1811 2159 661 2202 448 1524 2466 1070 357 457 2205 2820 102 412 1604 2684 577 2308 1941 2697 1713 2712
000504.jpg,2437 562 2750 576 47 1990 1790 2446 2268 1548 2201 269 1305 1640 1178 2202 2417 663 774 1713 683 2317 1224 305 94 1714 1838 1370 1447 2820 1538 1200 2167 606 122 2721 1116 2518 2697 16 855 1709 1914 1425 2257 2343 1188 892 2212 1327 2275 2422 922 2487 935 2764 724 1604 1672 1788 1469 396 1858 2394 1764 2547 1615 288 685 1936 993 1894 2631 2138 2642 599 2523 1304 784 1645 2337 666 1244 2096 88 2222 2190 2030 1422 2700 2791 1966 2538 632 773 833 1517 355 459 2098
000505.jpg,2458 1767 2746 568 1670 1073 2788 749 1005 2080 112 1120 2290 2227 434 365 2600 1131 2518 1379 1676 248 1051 332 1311 340 2730 2341 1966 2085 1705 435 2151 186 2702 942 811 1890 1586 876 1490 610 543 1144 2451 709 381 2506 2786 2263 1309 2299 417 2743 966 2165 2686 554 2302 2384 1033 868 518 2514 2748 21 584 1393 410 258 863 1992 1079 1244 855 937 881 605 259 2538 1424 36 2364 1646 2815 1731 1636 1133 2251 1860 336 663 1968 1869 320 257 673 2678 2598 1068
000506.jpg,323 1590 1810 1114 2677 895 1711 384 831 502 614 783 2047 2471 334 2378 182 2236 1801 284 820 2016 640 2542 2072 1207 125 249 1916 1831 2601 2214 2409 1012 990 200 995 2509 93 654 370 1323 103 750 2149 447 1432 2520 2656 954 2154 1647 303 2210 1235 581 1957 865 574 1582 278 2561 1972 190 1558 2346 409 1824 1434 1080 1541 1789 1608 1506 1655 270 703 927 1477 560 1798 347 2207 1041 848 655 1821 98 1374 134 1908 5 1675 1087 910 2366 931 281 372 1537
000507.jpg,313 1019 268 2794 1889 2311 63 1789 1150 927 2435 1712 2708 1486 559 2779 252 608 274 403 1760 408 452 2404 149 306 1333 2827 2632 1725 657 1899 295 1507 1056 1376 182 1018 2841 2061 2821 1896 954 815 782 501 2022 22 1214 1685 1530 107 2806 609 2438 900 668 1177 402 2531 1062 129 2766 2142 2717 1701 1612 2089 1970 936 628 654 758 153 2164 2232 5 1568 138 2550 1953 2181 59 506 140 1892 1923 1710 49 1785 753 1048 169 2840 478 2588 2191 525 786 171
000508.jpg,59 146 815 331 1127 1437 1185 1365 2583 732 1199 627 171 1563 148 1738 2652 1720 1953 1486 137 1139 525 2396 139 2470 2291 2220 2057 925 431 1288 335 310 621 458 238 2716 2552 2025 574 481 245 2148 2526 2669 1172 2500 1518 239 647 1208 2191 974 408 1488 2768 849 2639 266 2230 1151 1810 1433 1777 2179 2558 653 4 494 965 2657 152 995 2574 323 613 1397 900 1909 482 2386 1899 2035 2838 420 61 1627 2427 2683 2286 1364 2531 2048 1553 2089 1592 1870 2382 169
000509.jpg,1 2693 1572 857 1094 1350 2174 2039 795 2548 261 1850 746 1016 1121 821 604 2294 2123 2099 234 1229 2273 667 2431 1814 1050 1520 885 878 868 2253 516 1457 720 549 2734 2204 2473 774 1776 874 1875 2215 2327 1790 801 2672 1454 2158 46 1409 743 290 550 1877 1098 1869 1347 1635 330 934 2186 1001 537 1887 2436 1551 2206 1888 1667 2834 1338 800 775 289 212 2125 2598 2451 1715 2659 1849 2371 2384 2350 2718 2727 2290 2549 2486 584 385 1280 287 859 2590 2157 2383 1485
000510.jpg,1769 2778 2117 930 2379 1938 763 2818 1531 1137 760 2219 2387 172 982 522 916 2540 839 673 123 36 2097 932 2065 593 767 1211 2003 1418 79 2622 969 887 1252 2757 1399 2134 1964 1499 461 2722 1516 99 1976 1721 1555 1160 2325 928 1939 1851 7 579 1049 1967 2702 1514 1834 2380 1521 2556 2496 1256 889 1154 380 390 964 1122 1427 1484 2478 1635 2349 1373 2038 1512 1390 2267 2185 2364 1599 875 1310 2068 886 2618 2469 731 903 492 1242 955 449 697 2221 277 1759 1549
000511.jpg,252 1612 1889 138 2821 1150 608 274 2505 2465 1507 2061 786 1214 936 107 668 2611 2311 758 1177 452 63 402 346 501 1062 1022 129 268 2794 2404 1019 753 864 1921 2632 2588 1048 478 840 1503 1685 2070 2708 403 2717 506 2550 1923 2285 1171 22 2022 788 216 1970 153 1789 628 295 2414 2779 2604 1568 2766 2265 149 363 1056 1530 643 1813 1847 2398 1039 782 1785 2232 456 430 313 1892 1356 2176 5 1273 1332 994 324 2806 2435 2467 2841 55 125 927 40 2690 1378
000512.jpg,1381 51 1623 860 1130 165 2046 1262 2050 1640 1782 1993 1444 2836 1045 1569 2660 1197 1544 1312 992 1051 2713 1679 1362 1658 2397 1586 1328 2826 348 1218 2748 305 2241 2707 26 966 1384 1710 1617 48 563 876 1369 2287 1944 1975 1860 2598 480 1055 2558 2091 1931 1054 1147 1756 1035 1417 2830 2436 1781 2506 606 904 769 2294 2164 2451 535 674 2439 201 259 2179 290 2712 1897 1489 1657 2445 496 580 482 219 2580 2252 1881 1961 497 759 33 431 1307 713 365 435 1395 568
000513.jpg,572 1230 436 962 395 1798 364 529 2504 1115 789 2644 2778 803 807 1389 658 1394 2323 1427 2040 646 989 2540 727 1900 215 930 1175 545 952 1106 919 790 1541 485 101 251 589 1361 1310 1354 1801 650 2666 1971 928 372 1579 2579 293 2759 1042 2238 2478 1221 750 932 1162 1531 1137 1166 2510 1769 1942 2561 2546 1340 702 703 1951 2062 1173 737 2277 820 1306 1683 2381 2624 508 1558 1549 766 1143 2499 2066 582 2304 526 1312 1692 714 2103 2178 2051 1107 1512 240 2471
000514.jpg,1467 2192 1028 1919 1734 2254 1072 2233 499 1382 2752 457 1690 1278 2501 1277 2205 2555 2547 2545 2551 1727 993 2733 736 20 1988 1950 2212 1327 2525 1629 32 2802 2234 2033 2106 2426 2684 530 2190 902 230 2801 1804 2166 787 88 1314 1181 2616 917 552 2692 2058 1136 1517 2721 1410 1156 527 810 1604 590 575 2595 1259 793 167 2326 34 2563 2754 2394 2202 87 1524 652 1873 294 1778 345 1859 1943 187 462 2331 2239 1694 1926 2584 83 2461 316 102 1476 1248 683 2609 716
000515.jpg,1584 1132 2487 1407 2375 1134 1200 243 1564 1713 1002 87 2034 2817 908 1604 929 1224 355 2394 88 2357 897 984 102 1410 2525 575 716 1838 2802 2563 2482 616 1988 1278 527 1729 2212 1327 993 1978 1476 1895 2045 1382 1812 1396 2331 85 197 83 2166 1634 1943 2262 2545 2523 2530 1505 1709 996 1588 1919 2106 1119 817 269 2453 2196 2650 666 2243 599 1128 1621 2065 1587 1328 2692 590 2752 2343 2202 630 2098 47 2289 1419 902 34 2822 2547 2544 256 2685 1105 1331 1028 2239
000516.jpg,1411 1531 2584 121 2346 1122 1916 1939 1162 372 1744 2066 1549 2090 388 1430 1791 1822 1143 425 2810 2833 2666 2455 1201 2139 1502 1652 163 714 1294 898 2013 654 1324 2778 473 2529 916 2726 1484 607 2351 193 988 1826 2457 400 1553 1042 1711 1118 1684 1824 2077 2616 748 1807 1647 1881 522 2478 930 1972 951 1883 2481 982 1696 2255 2633 837 932 341 1125 1953 1863 509 626 304 1373 1213 569 1766 928 2818 510 278 2654 614 1982 2556 2363 1753 264 2103 79 2784 444 827
000517.jpg,204 1785 1228 645 1556 1716 510 1104 1502 138 2162 592 851 636 2708 2311 2521 2508 2155 2465 2505 40 2213 63 1892 1161 2825 294 1304 1743 2128 1612 824 2061 1889 628 2550 1507 559 473 2153 1232 1150 1056 2726 2707 1736 2351 1214 894 2450 2229 1632 153 1771 2632 2634 1847 2588 1530 55 397 1213 2037 1773 20 1764 400 2176 1638 419 403 2779 2335 2011 2435 2784 95 2438 22 753 2171 2616 478 1662 2404 561 1749 1744 388 1061 1078 1048 1513 728 252 2481 1171 1857 1685
000518.jpg,780 1134 116 97 307 2244 1375 2641 2801 246 1338 17 993 2196 1327 2212 741 1349 2131 2189 1099 1806 573 166 1943 1607 1181 1341 1278 405 389 600 273 1547 1520 2058 541 2205 1524 2208 736 344 499 1803 471 700 2372 2665 638 616 2296 1058 2399 551 195 1638 2609 1837 1069 1719 1481 1392 1008 53 2511 2736 1804 1276 792 1060 2033 1067 1059 2835 91 2525 52 352 716 83 917 902 590 1277 1629 728 120 2634 124 2235 1037 2640 55 1072 642 2466 32 984 1101 530
000519.jpg,459 2201 2750 1790 2820 1188 448 922 935 443 576 2096 37 892 1034 2807 1090 2623 122 774 2268 717 1941 793 836 2554 476 1811 1536 20 2317 2030 2831 2058 2437 869 511 2473 1763 1694 1524 1936 685 1227 167 1633 1109 2571 2222 412 1727 1305 2758 734 2648 1341 2631 669 1607 42 229 1277 2446 1069 2449 2261 1858 2555 2269 1060 294 46 550 8 577 2337 2721 495 468 562 1615 699 1880 1363 2733 1355 2202 2194 2340 2534 1625 2466 661 1697 1447 2699 570 1098 2372 619
000520.jpg,376 1483 644 1274 2160 1103 2427 2079 2441 2087 2442 1536 1937 1447 2382 2116 653 2191 239 2083 2571 2562 49 2842 2278 2807 596 387 2230 959 2720 2498 1703 2188 1318 1856 1802 762 2141 1852 861 2173 974 843 1469 1142 2111 2507 300 2144 2813 2591 2048 183 81 2445 296 2552 139 2617 686 620 356 637 1282 2814 2164 61 1651 521 68 2091 1076 785 120 997 1464 2248 216 2705 245 2089 838 45 1598 525 209 732 2657 948 2168 2476 1596 335 1777 806 1288 408 2712 1433
000521.jpg,1019 2794 268 1103 596 1712 63 1760 1899 313 149 1018 1999 2827 408 2435 295 2591 782 1507 927 1789 2806 657 2450 2438 1736 153 1896 1333 559 2708 2022 1486 2311 628 1177 954 1918 40 397 2550 274 608 2176 2061 2766 2398 2569 2632 55 1378 169 753 1282 2142 107 2419 1048 2840 2048 182 2841 2407 400 1685 2429 1662 1304 140 478 592 2181 2720 60 936 2278 1970 900 1190 1923 1889 654 1933 2580 146 645 1026 52 1892 1376 1150 452 2059 171 758 467 403 2037 2414
000522.jpg,2366 2532 1420 1582 1537 2671 1957 2599 841 1711 1766 2378 73 1807 2064 2636 1810 1295 731 1012 399 2051 938 172 738 1989 249 691 173 1415 1412 2583 1439 1272 347 1114 2421 1250 1667 2703 334 174 2706 1814 2477 1784 1779 2362 72 1432 633 522 921 2509 2009 578 2328 2273 4 2468 711 1541 1484 2126 1088 2471 750 1406 713 1241 1863 1165 299 372 99 694 2677 641 1477 2072 2109 823 1511 887 2016 2047 667 2302 613 1969 1553 2485 398 2231 503 278 126 1080 303 2163
000523.jpg,657 182 1712 574 1333 1953 1760 954 268 2419 927 323 1711 5 1815 1139 2840 447 331 1019 2435 1666 169 677 134 1881 1326 1486 900 1605 306 1434 654 313 640 2291 2057 995 655 559 125 1789 2542 59 384 815 2841 1899 2768 668 2502 1931 140 1150 1208 2526 2717 1397 409 2669 788 1406 146 420 1199 2794 2531 324 2574 149 2142 368 2580 1768 1701 1018 295 2766 214 1692 1365 1026 1616 2112 1839 266 24 1190 2002 2589 2220 2712 1696 1255 2133 2361 2308 63 1472 2048
000524.jpg,2771 2731 703 1373 1166 1814 1295 2072 853 1982 1807 1925 1863 667 2266 879 1324 641 1289 2175 1619 2409 1272 588 1122 190 1664 1765 1735 2529 2844 2524 2703 867 2787 614 2363 2797 569 2722 1801 2185 1549 2719 557 1366 566 193 1430 2633 2104 1699 1834 2818 2776 1531 1724 583 1652 2460 886 277 1684 1081 988 2723 25 1793 522 1675 969 1976 1242 2835 2740 887 1509 380 2757 1252 1558 697 99 1137 1484 1440 767 427 1114 249 1514 1769 172 2127 2074 461 1759 1964 2146 267
000525.jpg,1619 1338 912 1264 1572 667 2776 2255 1675 1698 1129 2266 1597 1375 130 1622 82 2844 2371 421 2568 195 819 1159 2796 2399 41 2100 1118 741 2208 1735 2384 349 1814 2108 551 2330 961 2614 2581 342 802 2223 2703 157 1349 2455 426 634 885 2423 1776 857 2833 2158 1994 1862 2459 2327 427 1724 878 176 264 1030 1346 1457 2224 743 1095 681 1667 548 2731 1520 642 2484 913 1551 2215 2231 2038 2835 1409 405 2139 2127 1350 311 1849 2607 2273 234 2078 1886 2635 1689 1618 1009
000526.jpg,1609 145 1753 2777 1075 2561 1257 371 321 1339 1357 2510 2211 1905 1825 1195 601 1769 1594 1721 2653 1938 898 2772 2478 404 408 2064 1940 714 2626 2240 951 194 49 2191 1956 790 1233 1809 1406 1869 1635 378 1967 725 211 1842 2728 2713 1037 2020 1166 1986 437 1160 1010 654 1087 2 694 2150 2663 2284 1553 380 739 522 1552 1839 1657 1860 2800 92 684 1775 2146 1397 2818 763 2329 1197 751 613 2376 1290 1055 18 581 791 431 617 640 2591 525 2276 1601 2000 1312 2307
000527.jpg,2456 2694 842 880 641 1193 798 588 242 884 267 1377 170 2581 991 1086 1348 1358 1196 756 158 1665 2740 2418 2127 1758 583 2327 1765 1575 93 2184 1432 1664 1477 1576 77 1289 2703 1590 1421 1124 1279 82 2053 885 287 2004 470 1724 1081 2739 472 976 706 720 2206 1506 130 704 249 366 493 895 2016 422 857 797 1166 280 190 2266 703 1238 228 299 1457 1452 1334 1291 263 1497 514 1272 2047 2787 2691 1877 1207 1814 2355 58 2731 956 1043 560 2403 1857 200 370
000528.jpg,1365 106 244 1199 1255 2048 1602 2115 1616 598 1139 1987 214 1768 2768 1605 2152 844 815 2502 1488 117 2457 481 2435 2348 732 609 270 933 1433 1397 1953 2531 1738 323 2526 1312 331 1693 509 2704 2464 1960 1899 69 670 2669 1011 730 420 1184 128 335 148 2761 1817 1692 1881 2220 2278 431 281 300 640 1318 654 2179 239 1019 2828 2141 1839 1439 653 2571 136 1515 2656 2499 2639 368 2230 2620 1185 466 169 677 247 2309 655 1601 2580 992 1666 2046 995 2439 2737 482
000529.jpg,1402 1579 807 2103 778 2561 326 369 1824 1647 766 2711 737 1873 2281 159 1293 2715 240 1221 377 270 382 2288 372 1692 585 772 23 1791 2060 1818 1569 1854 454 1844 9 998 2511 1097 475 1354 2236 582 1603 1644 919 2105 2625 1591 1305 100 1080 2238 1335 715 1677 1547 2369 1310 1042 1441 1657 952 789 250 2790 1680 1768 1381 1035 546 1300 1781 2086 1710 285 1656 1096 1975 1593 1312 1303 1912 928 189 820 2239 508 1091 1972 926 1512 2402 1916 1074 1283 860 1970 567
000530.jpg,646 659 188 611 1306 2325 1319 2540 461 1951 1137 2270 14 1958 1985 790 2054 2065 803 765 1427 2391 251 1390 2175 1851 1557 2001 2256 276 703 2219 2722 1163 2778 2622 1175 2546 529 1769 1759 930 1834 2757 1106 969 2524 2225 779 951 485 879 315 2082 1386 1115 1242 658 277 950 1976 923 1600 70 1552 1246 1721 886 1173 254 982 727 1252 2304 697 2556 1642 477 1320 955 579 2387 2379 2755 143 2618 2319 1418 2818 1549 2003 2510 1964 2490 1516 500 2134 1316 395 1691
000531.jpg,2643 793 2807 1536 1702 2094 2427 2278 2269 476 181 1401 2554 2571 2308 46 443 2712 204 892 2708 20 255 620 1540 495 1694 2089 2030 510 294 2841 2521 576 636 1083 894 1530 160 1078 2168 701 2213 649 637 1032 290 40 619 1184 419 412 122 1811 1090 1117 922 167 2565 2473 1488 1843 37 448 459 1447 2128 1927 2203 561 2326 2058 2623 2616 2820 2445 2467 2816 1330 2194 1632 1363 693 2595 1615 2726 1502 217 239 230 1176 131 643 732 2191 1227 661 511 1433 602
000532.jpg,1391 2470 1347 474 1563 2314 152 2552 2148 1352 1519 2503 297 1704 440 1311 618 1371 2592 1170 937 663 435 1203 671 712 11 965 231 1909 1627 2130 450 909 2241 1961 1917 28 735 2678 2718 2028 539 981 1975 238 1693 1288 1437 1726 1473 458 519 2489 2716 1422 1708 1172 1198 2809 2500 2819 1127 664 2688 1016 2660 2788 1146 688 2396 1486 1819 1821 2076 490 726 934 2763 1555 1901 1184 815 2734 1045 320 2585 201 624 1720 2838 1830 1864 1922 1488 303 171 134 523 723
000533.jpg,1882 1144 2080 1973 1482 546 206 1206 2314 1570 862 198 2520 781 475 2598 725 343 1189 582 159 702 270 2114 1767 1751 684 2761 98 724 275 39 2288 2436 2107 617 835 1084 726 876 1147 2263 2132 1130 1643 624 990 1975 581 6 2286 2561 751 832 418 265 2383 1693 250 1091 2157 1035 1312 279 1235 308 2475 1203 2506 281 272 2772 1501 910 2748 1120 1097 1254 2728 2497 65 776 614 818 2667 1016 1462 1944 759 1683 1335 693 865 2601 804 381 1911 247 688 1113
000534.jpg,987 611 2270 1319 2082 1600 659 2817 1642 2012 779 2391 2405 14 765 188 2336 1985 85 1729 817 1552 950 1386 2256 998 978 2300 646 556 1246 1163 2675 1948 635 1958 2553 2065 929 666 3 1396 355 2477 2658 100 88 453 982 2001 2367 1752 2034 2262 1316 254 771 825 1657 483 243 1574 1965 2755 1128 1202 826 1200 2170 1988 66 1583 2225 2487 2045 1873 2453 1119 157 533 816 1105 1407 1584 599 626 58 1587 1132 2316 2454 276 2357 575 2490 2545 2325 2394 1812 616
000535.jpg,61 335 245 948 2188 2657 785 2025 387 2498 139 653 2813 2442 686 1852 296 849 207 239 2427 2230 2814 481 2382 2386 647 525 1076 732 2678 1937 838 2720 644 2507 1464 1703 68 1563 997 2248 1092 418 2396 2448 310 2179 1123 2191 2441 192 2724 1437 148 43 1417 137 1787 1651 2144 356 804 1343 1777 338 26 2091 209 300 2716 940 2552 974 1011 2639 1639 81 2582 1726 2220 1127 2052 1949 2652 2087 1199 949 624 2116 2173 1433 2424 1274 238 1870 1369 1204 146 1866
000536.jpg,1662 936 1923 456 786 628 501 452 1062 129 2821 840 1507 2429 363 1378 478 324 753 402 2407 1048 1813 2632 1008 1568 2311 1785 1150 2398 430 1026 2550 153 1503 758 274 608 645 1465 2285 1177 1281 346 1022 2022 788 1039 1140 107 561 2634 1685 2061 397 149 2414 108 89 1892 2765 2604 484 1730 63 2806 268 1889 467 52 2779 1472 1104 1921 1736 2176 1712 138 2505 2465 295 2794 125 55 2244 2232 1932 40 2450 2265 2142 217 1638 252 1273 2611 1019 2059 668 927
000537.jpg,2546 2540 1106 1115 1306 646 1951 1137 1427 251 529 1175 2759 1389 803 923 485 2504 2304 2054 1390 1851 1557 697 2622 395 2323 2381 374 70 1759 461 1559 930 1769 962 2644 254 2524 886 2219 1418 569 2778 989 2185 1394 932 790 2618 1721 101 2379 658 2757 615 1964 1516 2722 1834 1976 1252 579 727 12 151 703 1531 2104 1154 1386 172 839 1798 1242 293 25 879 2731 1373 1209 2478 2225 364 436 513 969 2533 315 193 1294 277 528 2015 1997 1514 99 79 763 314
000538.jpg,1304 1764 1610 122 2791 2437 2642 1015 2317 444 2648 2303 2335 2795 2030 2625 2190 980 1858 2839 576 1556 2570 1447 2118 2202 1469 2661 2571 60 2700 1300 1108 1167 1606 64 1659 2627 2213 20 1677 827 1865 16 834 2595 2705 38 2037 1836 1828 1032 167 1188 2750 2197 1355 396 2201 1070 1109 88 147 2095 491 2268 1277 2313 2481 337 577 599 1305 922 47 1790 2446 715 1184 562 1806 1286 42 1329 1560 2547 1502 856 2222 1898 1661 400 1884 2041 2747 309 2212 1327 1771 1363
000539.jpg,1381 1649 1623 1640 305 2439 1993 1663 1544 2707 2836 1617 1782 1679 947 368 622 2753 169 2046 606 1860 51 2713 2837 1328 2289 2840 1444 2309 1218 1725 2628 1975 1262 992 1054 2050 178 684 872 1045 2019 674 1035 1756 2089 431 2011 165 1931 1282 1672 1362 1788 491 2558 2207 2224 1317 2445 2842 1781 739 677 1055 2051 773 1592 1056 670 433 356 1992 278 1775 75 2085 2712 444 1961 408 1197 1307 562 904 2580 1627 1658 1839 1314 1710 680 2794 1118 2800 1395 2480 2591 769
000540.jpg,610 1548 2514 1560 256 605 661 248 1178 1244 1714 1073 1424 2538 269 1309 94 1914 830 2167 663 410 603 2417 1732 1894 1634 855 648 2275 1990 47 2748 518 1968 2451 365 2697 1116 2458 1676 434 2437 1450 1713 966 1586 2227 1393 1422 2786 2743 1033 1966 852 683 112 2268 36 1051 1678 392 724 1285 1133 1131 2428 16 2170 1200 2518 1495 51 1198 45 1120 2746 2425 606 576 942 568 102 2820 288 3 584 1705 1147 1670 1574 2202 186 1224 1636 1410 2317 1838 1142 497
000541.jpg,2161 1949 2683 940 941 2424 1874 1787 2315 84 2639 1343 2652 2737 647 2386 524 1532 192 2084 804 949 196 1223 1092 1820 1437 2242 1772 494 353 1819 198 2112 1643 207 1840 2220 639 2479 1704 496 74 835 865 310 2421 1901 43 2688 1468 1754 2025 1616 1204 152 2353 2582 1123 2744 1208 1458 489 2324 1864 2566 2724 2291 98 1110 1038 2057 225 482 909 594 148 1004 1011 781 776 61 1501 849 712 1561 2657 1922 944 945 2309 238 2046 2669 2148 732 2606 1236 2149 1490
000542.jpg,1504 2485 1687 1908 84 2628 1250 474 297 2149 2512 1477 1757 1334 2656 225 2324 1041 1400 1255 1218 574 1627 2107 723 1506 1391 934 150 398 990 594 303 986 458 1121 725 1235 1821 931 1114 323 2016 1488 1371 450 1323 103 1170 2601 618 2353 1738 1922 148 1203 351 2761 1772 1830 272 198 284 502 2497 1754 1207 971 1010 1608 1113 1810 1817 2315 1532 300 702 1501 624 1901 247 168 1016 128 1352 93 895 136 2542 1616 1693 2768 1139 1643 281 1866 433 865 1107 944
000543.jpg,2466 2835 577 195 600 1060 2372 1811 1355 2253 1698 2662 2648 1907 1828 1618 38 352 2700 127 1258 405 166 2781 1939 1694 1520 511 1571 1803 1607 2352 1181 2635 1435 2058 1327 2212 2714 2399 2223 1341 2213 1990 1764 1349 1567 1981 741 2738 2279 1363 448 147 2229 642 1524 1304 2100 1167 1540 2616 47 665 1277 1043 2189 122 2023 2640 115 444 1276 2180 1338 793 1509 1447 2571 465 1101 1224 1034 1095 792 2266 20 2246 2831 317 2339 1469 1069 1270 1099 255 551 2612 358 638
000544.jpg,485 931 1908 2409 1361 589 1114 1175 215 2471 522 1137 1107 658 1721 614 293 703 803 727 1558 1323 103 790 578 1769 768 2624 1427 1845 2054 848 2072 1821 1166 895 2000 1310 1106 1786 990 251 2276 714 254 2622 2540 2787 962 126 529 1173 725 1165 767 303 1798 2219 2323 2325 284 1115 2478 1801 1810 646 1830 601 2509 1451 618 502 1357 903 1928 1340 1553 2778 930 2546 12 2772 1207 347 702 1306 1759 2601 1608 1590 323 2016 783 1235 1413 436 898 2656 664 2728
000545.jpg,40 204 495 2832 824 1104 1629 1530 1078 153 2550 2565 736 1259 1194 2234 312 2501 851 457 636 2233 2162 55 397 2176 160 1690 2254 728 1028 2192 2641 2326 2278 1873 1843 2168 510 2708 1467 187 1734 20 294 1232 462 2037 2360 2726 2779 2094 1332 2805 1926 643 2159 1026 556 1072 1669 1507 2146 1517 131 592 1970 1401 1304 357 2018 2643 1314 419 2616 403 382 628 701 2605 2521 1892 1919 1382 2841 63 1021 753 1502 2632 478 1543 32 1632 602 2595 2205 894 2203 2733
000546.jpg,1692 655 6 759 2669 815 2690 1693 198 1433 1820 2467 2841 270 475 732 546 640 1018 1083 2761 1881 1417 1335 290 617 2561 481 995 2220 2502 146 776 247 654 1723 1312 1488 98 75 1563 353 2652 1570 1208 1616 751 1768 925 609 431 2656 2526 927 331 2427 1789 910 239 2531 2115 2242 1019 1035 782 1916 954 1437 159 106 1139 2639 2827 323 458 1839 2048 2236 310 148 1643 620 1199 2435 781 1973 1987 2643 1501 1602 647 2768 807 2772 941 1397 39 525 1184 1011
000547.jpg,2070 1655 1822 278 655 1317 1591 464 1312 2062 2207 1931 1706 1756 783 1055 2558 75 2690 2669 2467 740 739 2728 654 807 1831 939 420 1097 1332 1143 2580 125 1118 2505 2465 1683 2402 872 1730 766 1972 926 1824 1692 2762 721 323 2526 331 1975 2656 1921 640 182 952 1018 2215 6 2051 546 1582 1026 526 1789 751 737 159 1839 927 39 2183 1397 1881 1825 2281 1916 782 1297 1602 684 270 2766 1395 216 995 2729 227 1603 106 454 2412 1091 2288 2611 695 1912 864 1815
000548.jpg,2057 2291 574 995 1139 627 2583 266 128 331 59 1397 1810 420 1953 1711 1236 938 1578 1881 2328 1406 640 503 283 323 1752 1768 2421 613 173 2768 2475 2526 1553 1041 2669 1704 2220 944 1874 1605 2683 1298 713 75 67 909 1616 146 910 2149 1969 841 1944 1004 1477 578 2542 1839 494 2769 2112 725 1506 1486 1199 522 404 1754 1038 1012 2652 2656 2214 1830 1055 2389 1720 2509 2324 431 2639 2378 310 2728 148 1439 2148 1165 249 1250 865 482 1772 647 1011 738 2737 1820
000549.jpg,2796 2208 2140 154 307 1266 124 1268 729 1134 733 912 414 1067 2063 1058 97 1431 1505 866 591 1956 696 2038 792 1491 1509 342 1349 961 2843 2196 2357 2131 1211 2727 2808 799 1952 2640 1564 344 1216 1399 1375 616 593 741 2185 426 1065 176 1181 2710 1860 2430 1619 53 1099 536 427 1924 2568 2024 1978 1129 1119 180 918 2280 1872 1499 2496 2776 1168 1299 2749 1002 91 2423 2226 2255 700 671 2444 532 1215 442 36 1555 1271 1571 1516 2108 1037 1264 2614 1878 1159 463
000550.jpg,2544 1895 2482 1587 1328 2287 197 724 102 1410 623 616 1878 1714 1634 1132 1906 1946 243 855 1860 1658 1253 36 1116 2626 2375 1564 2243 1002 2417 1812 2357 2843 1053 716 929 651 2487 591 2538 161 527 606 87 1051 1584 1586 978 612 1134 2802 1381 674 2131 866 817 256 1148 2166 1407 1588 231 575 2397 259 1719 1136 416 2394 2660 540 463 2563 825 1046 1054 120 1067 1604 2718 2530 1988 518 1713 2525 2085 1224 2260 2106 648 1142 2078 993 2034 94 1636 1838 237 1956
000551.jpg,1127 146 815 331 1738 1185 1437 1365 1953 627 1199 732 148 171 1563 1139 1486 139 2652 525 59 137 2396 2669 2470 458 2220 1288 310 238 621 335 2025 481 2291 245 2526 239 408 1172 2558 2500 574 2768 2716 2057 2552 1208 974 647 925 2179 2191 653 1488 496 420 1433 2639 849 2230 1777 900 965 338 2580 1151 1605 2657 323 494 655 2148 1726 482 2531 2035 152 1720 2048 431 1768 1899 995 1870 2386 1364 2678 61 2286 1627 948 2427 1397 2838 1944 2574 1909 1616 1881
000552.jpg,1353 2573 1090 1474 2535 745 325 1671 1763 1082 586 167 1006 719 1027 1308 547 8 1188 2758 602 2754 373 764 1069 122 2284 1355 2381 2018 2395 922 101 1997 845 443 2579 2605 85 989 924 374 2695 393 328 2238 37 722 1811 1277 2824 2630 2383 20 827 2201 2750 2648 1523 1941 2555 2537 1727 2216 1607 1971 205 1900 441 1180 1305 2068 2222 556 1462 1790 2058 2317 1828 127 834 2452 530 2627 1942 2098 2595 147 38 2546 1502 2759 1324 2040 2642 1915 495 2446 1677 2747
000553.jpg,60 1370 2257 94 1305 16 1914 562 1672 1778 599 670 519 666 2098 2534 855 1447 1673 305 724 1483 355 606 88 2243 396 231 1105 1381 1640 813 2446 1782 834 1974 1314 2138 2105 2764 2358 612 1396 1003 897 2437 1624 1554 1566 1788 1941 2202 1331 2317 2812 1750 1710 1729 1658 1476 1714 1614 1388 2454 1410 2547 2696 648 2439 1328 328 2747 1917 773 1419 100 102 2157 2745 48 1325 439 120 2394 1040 2655 2422 610 576 1466 1961 2160 1424 338 2145 2693 717 2190 762 595
000554.jpg,193 901 25 432 975 1418 1209 2015 2225 1793 988 2379 763 2416 513 2185 151 1976 2559 1049 982 1252 2618 1964 1271 528 1154 955 839 887 1065 1479 579 1516 930 886 2658 1211 916 1699 1521 2140 2517 2757 1851 1684 2298 1834 2793 99 2496 697 2818 2723 569 461 1431 923 492 718 1390 79 1599 593 1514 760 1112 2722 2415 2097 1373 429 1430 2333 7 566 427 1399 1546 1557 1058 2108 62 696 2556 1833 961 1215 123 142 292 1137 2349 889 1266 414 2778 1531 2796 2469
000555.jpg,1890 673 2364 2267 199 1398 1256 417 62 767 2038 1499 593 21 1492 2702 332 340 597 142 1160 802 555 2380 1599 258 2117 437 709 1938 2423 36 361 2415 2108 2349 2217 292 114 2074 78 760 302 893 2387 123 1553 1233 429 889 2126 176 2276 731 1211 841 2219 2559 2469 2568 1431 1311 2302 681 2085 868 2026 2384 770 380 1344 2078 2723 1479 749 763 1886 743 1496 1860 2151 427 2003 1379 1794 733 2165 875 2227 2451 99 554 1966 276 1399 878 522 1065 1769 1053
000556.jpg,2793 569 151 211 1112 254 528 886 1271 2304 2015 697 2577 2373 2282 164 2077 1209 2185 923 975 912 25 2231 2333 1418 2490 2495 816 2559 193 1430 1241 513 1493 2618 1510 477 676 1264 70 315 99 12 451 988 615 358 1521 2122 2416 2478 2757 696 1252 1872 1546 121 1390 426 7 432 35 2104 2298 2225 1294 901 1759 1989 1049 2658 964 1834 2796 2140 1793 2134 932 1828 1065 1058 314 143 887 1270 718 1128 955 1516 2488 2097 763 1268 1964 2001 1129 579 429 2517
000557.jpg,946 1183 1380 474 2695 1462 2573 2494 2535 1353 2305 2359 845 441 373 1082 435 1641 2395 1979 2249 2680 2040 1962 1174 350 1474 547 1027 1997 2238 924 2824 2383 1971 2086 1671 1900 1308 2381 393 1006 2027 325 745 2579 205 374 586 101 2759 1198 1120 1073 1077 328 1523 2258 905 327 1763 989 365 830 584 2314 2041 535 907 2754 85 1219 226 1090 2629 33 761 1786 602 1687 764 1915 1942 48 1614 2600 339 914 1250 167 719 111 2774 2147 1285 8 1816 1400 1729 1115
000558.jpg,313 408 2794 1019 2311 1725 1486 1712 2574 2404 559 252 1789 657 927 268 2089 1889 2164 2827 22 403 49 59 525 2435 2779 2708 1333 2438 2191 63 1701 1150 815 1214 1376 1760 1056 1018 900 2841 1282 402 2181 782 295 182 1530 1953 2308 2500 609 356 1899 1896 171 306 954 668 2531 466 2717 2351 119 1543 2766 452 621 1356 2810 169 1612 1288 1710 1190 596 149 654 608 274 473 481 1061 1339 2632 1171 2467 2022 388 323 163 2142 637 2716 2690 2588 2840 1201 214
000559.jpg,2288 1293 159 1097 1683 1818 39 2062 475 546 1603 737 2281 2601 343 270 2114 1335 502 1084 334 1235 990 702 206 6 285 1692 454 1340 1916 2561 1912 1323 103 275 1972 926 848 2624 807 1973 2520 2471 781 1723 2761 265 1312 372 1824 2690 1591 1018 617 1221 1655 106 2236 1647 688 2502 782 284 654 910 464 1451 750 98 618 820 952 2402 1021 2346 1845 1402 2150 200 2348 973 1706 1283 1091 1693 650 281 117 721 1297 1602 582 1768 655 1918 1831 640 995 1143
000560.jpg,1743 592 1056 1716 138 1725 2155 2153 2708 2351 609 2531 1847 2438 1061 2634 403 204 2465 2505 2839 1556 1356 2570 2588 2089 1329 2726 815 2162 22 636 2795 2335 1176 271 163 894 1710 1766 1612 1530 1232 1078 510 466 1889 1637 1632 2467 1150 2690 957 383 2404 368 1213 744 400 1627 2784 2128 1502 1764 160 473 1701 1513 408 2565 216 2682 1111 1307 419 252 1214 2753 388 2521 1844 2435 2508 1161 851 2611 1330 294 890 1744 506 2183 1486 63 255 1376 682 1543 2311 2821
000561.jpg,290 1715 1098 604 2693 330 2204 2099 1875 836 869 1094 2548 1790 874 2645 774 2473 649 1572 795 549 2750 1034 1050 1121 734 2261 46 2004 2718 2096 458 1635 1016 935 1454 1633 2431 1880 2264 1403 550 2174 2432 1625 476 1321 1135 1260 1280 2283 2610 212 516 1538 1520 1577 1 1709 1156 1347 443 2659 2253 669 185 2492 1961 537 1227 234 1615 354 2534 1850 1936 2631 1827 746 131 2156 762 797 717 2440 2186 552 2805 2201 2489 1941 505 1846 814 2157 1887 2500 2592 1517
000562.jpg,2603 1930 1792 1883 2094 617 2612 1975 2401 1453 2726 1197 1091 684 1502 1844 341 337 2402 2066 1255 2467 2061 2690 2784 1647 505 2150 2505 2465 1061 1213 2182 1839 782 927 506 1018 1026 2762 1789 654 655 160 250 227 1881 1312 1078 2522 323 1720 565 1286 1283 2103 1064 1916 2499 1591 454 1912 2047 65 343 1715 456 2439 2070 1723 2810 171 2171 995 1472 2213 2346 1362 721 1176 1364 954 2531 2584 1702 1918 2635 182 2207 1021 1608 370 766 187 1668 496 2728 1767 404 2616
000563.jpg,408 1282 525 1977 2252 2191 1179 2173 49 2842 1274 137 1601 2814 1967 2164 1635 296 2091 1103 2230 2716 2445 2427 239 959 356 1555 999 1127 2280 1651 335 2838 2083 858 2087 2089 1197 1639 139 120 1733 80 2552 2698 838 1839 2160 806 2308 558 418 1212 739 2476 2712 376 2470 455 726 948 245 2396 1777 983 1142 1262 2720 2036 2441 481 390 1904 2393 1795 1623 2794 655 653 2507 1598 420 1852 2248 2125 2150 135 2025 209 81 75 1937 68 2144 1076 637 61 1578 2188
000564.jpg,1409 2330 2063 130 82 553 1081 1350 2776 912 1375 2796 1497 1776 2206 1008 2133 154 1675 2208 1159 287 1491 2327 2703 1264 2196 262 307 1551 1542 2140 1575 124 1597 1134 2455 421 1505 1619 2539 1509 1299 1168 426 263 1431 707 1058 2843 548 2356 799 885 2614 591 729 2038 1572 1724 1814 2590 583 748 634 1648 2357 913 2840 1929 2002 1009 2484 2255 2488 746 2568 2273 2333 2430 927 2739 342 2541 528 888 741 1191 314 708 2844 1002 1392 97 1095 176 405 2253 857 445
000565.jpg,195 1698 1862 2223 1338 2266 1189 2399 2614 867 1618 2253 2255 2208 741 1264 912 1129 2100 1349 1572 1375 961 157 2607 2175 2635 661 1159 1337 667 1619 2013 1622 1095 176 421 349 2776 342 405 2338 41 2835 1520 352 1009 551 53 427 2372 555 1346 642 2158 2844 2455 1811 548 1994 1735 857 2727 846 913 2428 1030 2063 2613 1814 2568 1449 58 1861 2423 1548 1509 669 2371 234 1597 2403 2781 1551 2352 115 1101 979 879 2038 2833 792 885 417 1516 1776 1291 802 2796 302
000566.jpg,2648 1567 1981 1694 1607 2662 1341 530 1277 2058 1604 2714 1355 1828 1060 2758 2466 1099 577 446 1237 255 2372 2835 2120 38 1069 2229 2343 2202 20 1727 64 2692 412 1167 2279 2495 793 2733 1327 2212 1276 2352 1258 1524 2555 1101 1990 459 1811 2616 2446 444 2192 2392 294 665 2547 699 448 2093 2640 1435 71 1034 167 511 2254 127 2180 195 462 1764 1734 1803 116 1028 499 358 1224 1919 122 1181 32 2554 2481 642 2213 2820 1939 230 2159 736 1382 316 1072 210 1467 2642
000567.jpg,2449 1843 1471 1487 8 2521 570 495 577 448 37 233 1694 548 888 1006 511 2835 1524 294 2565 1859 1060 2468 2213 2466 793 412 1180 1277 2820 2595 2662 643 510 2616 2648 2461 20 1659 2018 2473 2189 1828 1363 1811 2058 2807 1907 2279 2687 796 2197 764 1276 493 1355 719 210 1727 131 2146 752 1072 736 2611 1090 2555 991 160 122 1638 1567 472 2109 2551 38 1220 443 204 777 2501 1024 687 2094 1981 2008 2422 133 1421 922 77 127 1289 1069 1607 2605 499 2284 465
000568.jpg,2054 803 614 658 727 1137 2219 2325 709 293 1721 1361 589 251 1173 2364 2471 1149 522 1769 767 2622 2387 485 65 2706 768 372 380 1451 790 848 673 73 750 2172 1114 2540 2108 286 1890 703 2379 254 2320 2533 276 1845 1492 2722 1628 1549 593 2624 2787 1660 2003 2561 1759 2702 199 841 1801 1850 2072 2663 1256 1599 1233 172 2667 763 2478 2276 1306 889 1786 2671 2778 930 332 2000 143 1175 1310 646 2818 1252 437 427 2175 1323 103 1107 578 886 1311 802 29 315
000569.jpg,1692 655 75 1312 1433 482 2669 1839 247 2561 1018 2656 270 999 2462 783 1298 1601 640 431 995 751 2690 2526 420 159 39 2236 1004 910 737 2704 688 1768 739 2036 952 1830 1733 1179 1789 990 927 475 1693 297 2220 1185 2242 2149 954 502 1820 1199 80 1197 2601 1810 1235 1845 865 1777 618 806 182 1340 848 2761 732 617 2322 331 464 654 1451 1608 103 1323 2250 239 2062 1918 335 1035 2649 2728 179 702 1651 2624 2150 1881 1434 2016 1616 98 2497 1529 1931 759
000570.jpg,1948 85 603 319 2065 243 2817 2487 2034 2275 1328 2170 978 1246 2544 1096 1729 2405 1642 1796 929 724 1574 1873 2453 1523 1552 575 256 817 197 659 1812 998 833 1895 830 2375 1624 355 987 1600 1732 1132 771 2675 1407 3 1134 2336 825 2764 14 1105 1658 635 517 2411 1178 1985 2300 94 87 1926 2287 1370 1200 2394 2454 1588 591 1450 1634 2754 2610 1584 100 237 616 779 497 527 1396 2553 1002 765 1564 1414 1586 855 610 1319 1676 1331 1946 1136 518 269 1934 556
000571.jpg,2840 182 1333 657 1760 2419 2133 1712 1434 954 1653 645 268 927 1054 2224 140 306 2753 1785 574 169 1486 1789 622 677 1190 1725 1452 2002 384 559 1663 295 900 560 313 2794 668 2717 1666 2837 1029 739 2806 52 24 134 2604 1899 514 2112 2414 788 2574 368 1896 445 1795 1775 1240 1909 1018 1282 985 2542 501 107 2011 1087 1019 356 2842 1409 1472 782 146 674 1307 1150 1432 247 125 149 2142 1465 1487 323 2841 2515 2580 2089 59 2500 1627 194 650 2176 447 178
000572.jpg,2810 2311 1150 2061 1213 2022 1214 1685 1889 22 2171 473 2346 252 1326 1612 2779 2113 274 608 1916 2404 456 2351 2169 2766 1201 1171 1789 782 110 125 501 129 1062 2505 2465 403 1472 1026 2232 927 1507 668 2632 2806 63 313 1701 5 138 452 2821 1568 1923 304 402 388 1019 786 1281 295 2726 1826 107 182 1785 758 2717 1688 306 1921 2128 324 657 1177 1744 268 936 2567 430 1018 153 1711 1892 2666 40 1530 2550 149 2841 1970 650 753 1378 1048 1333 2588 2070 2751
000573.jpg,819 748 1667 2371 2215 2330 1675 2459 1264 2776 1585 912 1597 1619 2575 667 1350 634 1159 2833 1776 656 2844 2356 2139 2455 2488 1129 1009 264 1497 2484 1887 2273 1118 2607 130 2327 1551 1613 263 2158 1622 707 1542 426 2590 1030 837 885 1470 311 1648 528 1572 2568 2633 2796 1689 2255 1191 1994 802 438 2672 287 157 1531 1814 299 1724 82 427 1849 1652 2093 1735 2231 706 1409 2039 41 1292 1549 913 741 2354 878 289 1493 2408 421 746 2703 2367 2108 1430 1399 1699 1081
000574.jpg,2534 1961 670 240 330 505 354 1011 2592 1715 1974 1466 2693 290 550 734 737 1300 2088 1121 1723 238 2439 2264 1084 1035 2812 1091 766 458 1875 2819 270 832 1615 1876 2500 1235 1335 2492 2238 1916 2099 617 475 2105 990 717 2236 587 2193 1710 1967 2561 247 2283 1635 2322 1640 1577 26 178 1692 2199 2157 338 328 1917 1827 396 159 582 2067 546 1912 2119 1325 348 1402 1074 702 1984 377 2132 1870 2520 1381 730 1312 789 343 1525 1461 2687 2696 353 534 68 1376 2306
000575.jpg,256 610 1895 2538 518 248 648 830 1586 1634 1051 605 855 1040 365 1309 852 724 1450 1587 2453 1676 1714 1200 2487 1732 1968 1424 2544 2482 112 603 1636 1178 606 663 1796 535 2746 2451 355 2454 2458 2341 2815 2010 1966 435 2718 981 2748 94 36 243 1670 320 259 2290 2170 1328 966 269 1331 811 1311 595 749 2660 519 2227 2397 1495 2287 2732 2743 48 102 1574 1410 1148 1131 1005 1116 1393 2262 1033 937 1713 2786 1073 497 735 1946 1045 434 2241 942 2275 161 1396
000576.jpg,557 1373 2524 879 2460 1242 2363 2722 1549 886 790 2719 2104 1834 569 1793 566 2757 2529 2074 2185 1976 1252 2771 1440 1699 277 1137 193 969 2219 1557 25 1480 2175 1982 2723 2319 1122 1390 923 988 1814 1833 1619 461 2217 427 1759 432 697 1430 429 492 1320 1986 380 2054 1816 887 901 579 1418 2818 513 1154 315 1769 1925 2540 770 2517 1851 930 251 1531 2622 99 767 2778 2618 2304 1366 2379 2559 718 1599 889 142 2001 292 361 1684 302 78 893 1470 2015 1721 522
000577.jpg,553 1725 2028 2470 119 383 964 1555 1266 607 2279 394 2155 1952 2753 2640 1575 59 1339 1613 2093 403 1701 2616 1296 631 368 525 1879 2798 1383 1337 1956 1657 2808 2776 1112 2692 4 1056 999 696 2574 1168 1299 2205 1160 1909 1448 1789 1399 466 2614 408 916 400 1264 388 1929 947 1839 2796 552 390 2716 2539 626 1716 912 1766 927 2438 1556 1294 2038 163 313 28 2565 748 746 1828 1247 49 1939 2401 2648 2330 2231 2495 311 2191 875 1775 839 1240 2709 1249 1270 1521
000578.jpg,2565 2181 1932 2205 505 1827 2640 52 1134 394 1266 1844 1896 1547 2808 561 780 840 734 2634 175 2283 565 553 1058 383 1952 1023 391 552 2244 456 1715 2500 166 1556 307 96 1286 452 1008 612 2674 2450 1637 1662 2779 506 419 1933 1181 2501 587 894 217 1481 499 2816 1568 2357 1543 109 344 1956 1339 1337 2466 246 1363 2821 2511 389 2570 2717 2665 799 2574 147 2404 2071 2285 2429 97 1047 2208 430 696 2697 957 189 1281 744 1356 668 628 2131 2189 2028 2196 1500
000579.jpg,1949 940 941 84 2386 647 1343 1787 2161 524 1704 2683 2737 152 1772 2315 804 2424 1223 2639 1874 1532 494 2652 949 1092 207 2084 2112 2479 192 2025 43 2242 1819 196 74 1437 1643 2688 1840 639 198 712 2353 1901 1458 2582 310 1204 2291 1820 865 2324 2220 1754 1563 735 1616 835 909 2421 1468 1004 225 2724 1864 1123 148 489 1038 1693 2566 2057 496 2052 1170 2585 594 1922 1110 1208 482 353 2744 1144 1011 61 944 1726 781 219 849 2657 2396 624 945 1561 245 1236
000580.jpg,1998 871 487 1183 2770 104 350 2305 2249 1742 2041 1681 1396 772 2027 2625 2600 1614 1105 1677 1853 2680 205 2216 2258 1641 1384 1331 1174 924 326 460 2782 1554 813 2086 1695 189 542 1654 1508 1935 1979 2664 508 2369 435 253 1367 2103 2228 2259 235 94 2359 339 2006 2257 1302 855 1423 54 1088 1325 2528 33 1673 1646 2750 504 710 1370 2037 2193 2303 1709 1705 1644 1739 2613 1893 545 1000 1463 2511 942 2239 1032 1015 2812 1287 337 2773 1425 1729 1042 715 1239 2060 1920
000581.jpg,2757 1834 461 1390 2722 1759 1252 951 2622 886 1976 923 2818 2379 2524 1242 1557 579 380 718 1137 2559 315 1851 70 930 566 569 2556 492 1418 2325 969 975 1154 2074 1440 1373 2778 1793 2618 901 277 2185 1430 697 25 988 1964 887 2723 1721 1516 2104 839 151 2719 790 1986 1320 763 513 1209 2540 193 2219 500 1514 1599 432 251 1699 2225 982 823 889 386 1769 2304 437 2015 2416 1431 2126 73 143 767 99 1531 2469 731 2510 1427 429 62 1049 1833 2415 1256 1065
000582.jpg,670 1700 2179 1569 2809 338 1974 1961 322 1902 2439 519 2145 1489 2534 1186 1710 11 1640 1011 2091 1917 2230 1876 933 1381 1672 2489 730 354 983 854 335 684 111 525 69 1466 2309 1199 265 74 48 992 148 2105 2164 2828 2021 2046 2322 1738 481 240 1035 1839 1184 1544 1074 1846 1365 1117 860 2382 178 1601 1782 239 1091 1788 1185 1127 1376 2775 305 2812 800 972 1417 496 1693 653 1563 1109 622 1488 595 209 2756 2668 224 1781 1231 2678 2252 1473 2827 231 1955 1442
000583.jpg,70 315 215 601 2510 254 2077 790 386 1759 2409 1594 359 569 1195 951 145 816 1125 18 923 2757 1809 2064 73 2722 2663 2304 2478 1834 898 1905 714 436 2596 1989 1903 1075 2653 1390 1628 2282 1915 988 2373 2701 1241 1166 2524 1440 2054 2622 2490 2163 1721 2391 1832 2122 143 378 879 1753 823 1951 1175 1085 566 66 1306 1549 380 886 1430 321 211 193 2 2477 2540 1137 1786 646 1418 2075 1427 1192 1928 626 2777 1406 1373 2121 2185 1106 2256 1557 1257 1531 371 2546
000584.jpg,1545 141 252 1892 313 1376 2438 163 1808 2274 401 189 1637 1885 2060 847 22 2404 175 2037 682 2311 2351 1214 2285 1970 1061 1556 1171 1024 2103 1889 388 1404 2810 1232 2283 609 2839 592 1503 2177 2105 2816 419 1688 28 1743 2164 643 2055 2370 1963 2594 1701 337 894 2265 1100 367 2042 506 734 2674 565 1716 1032 2306 1213 466 957 1725 2232 2128 1356 1568 1530 2708 1201 744 383 2181 2751 1677 2567 2632 2346 1896 2726 403 1647 2335 375 1056 2625 552 561 2155 2696 473
000585.jpg,1545 2274 401 141 682 1808 388 313 2438 163 1089 1637 607 252 1061 1688 1404 2808 2404 466 59 1725 1952 1265 1339 1701 2810 2055 1023 2021 22 1100 119 1963 1201 1556 1376 2351 2638 175 375 2570 1329 1716 2032 592 1879 1743 383 2042 668 2311 1214 394 2640 1885 2346 2726 2816 734 2674 330 2717 552 2283 847 2155 2751 1356 2128 1213 1710 1576 1266 1889 523 2370 2285 1870 631 1337 2171 2594 2819 28 2335 1024 525 2037 675 2002 626 1892 2177 1383 2565 403 2574 408 1056
000586.jpg,1899 2435 2708 1019 63 815 146 2827 1712 1486 621 559 1953 2531 2794 1760 171 609 900 313 2278 1970 1018 2580 1738 2048 1185 214 268 2841 1889 1056 1365 169 2569 323 149 596 458 408 1139 1190 1127 732 1488 1918 1602 331 2115 1103 403 204 2500 1605 478 2438 1563 2220 655 2526 2505 2465 2311 954 654 2404 1437 1627 782 2669 2061 1288 525 238 2632 1199 1530 2652 290 2558 148 481 2716 753 2089 40 329 1376 59 1592 1789 1172 2141 2574 2768 1048 1208 2419 274 927
000587.jpg,930 1266 916 2778 982 1531 932 763 2796 1271 2225 1521 1964 2140 955 1516 1952 839 2416 1049 2496 1399 964 2015 2185 2379 975 1268 1418 1851 1976 1546 7 1112 1939 1216 25 2818 696 151 193 1769 528 887 1209 1118 2540 251 1168 1299 553 2333 768 1058 2658 1211 2793 875 1555 461 1427 432 1128 1154 123 2556 2618 760 579 1122 1872 697 426 1252 1684 1514 2038 2221 593 2808 2559 923 1143 172 513 2255 1938 2097 1141 449 2388 1294 342 1390 1479 2517 1215 2001 2298 698
000588.jpg,220 1339 1313 1775 1151 1000 1508 1668 1681 791 505 631 59 1545 109 208 972 1893 119 1528 1983 710 1518 1717 401 1296 1979 1725 1627 1695 1383 1770 964 1737 2021 2646 1240 531 1023 1710 4 772 2753 1089 28 1448 2307 965 1172 2035 24 882 487 2800 2534 460 626 2055 1376 227 1160 1384 1368 871 2574 1302 2626 2782 313 1870 163 622 525 607 466 523 330 367 1609 2076 2028 2389 2587 1723 178 2164 114 1367 253 1563 2647 2480 1952 675 2577 1225 2143 1266 1624 553
000589.jpg,433 2628 1054 1679 259 2287 2836 904 1253 1663 169 1782 2397 769 2753 489 947 2050 1623 1148 368 1381 219 2084 1840 2480 75 2312 2309 1658 1799 970 2724 2826 713 1775 1236 179 173 2424 178 2840 2241 735 2161 2289 1544 977 440 841 2769 1218 985 860 1328 1627 2421 568 981 1051 622 865 1045 906 480 231 965 2328 995 2069 1592 1123 1754 2583 1490 1038 2010 2788 1107 260 1486 563 2076 712 2148 1369 2200 26 431 684 1261 2506 1886 1344 2491 1860 418 674 1788 826
000590.jpg,2777 1753 2772 1125 18 601 2077 1842 2478 1905 1406 1075 202 2509 2240 2064 2121 2 2663 321 371 431 1869 1233 1809 522 10 2561 437 283 266 254 1397 613 1553 951 145 725 2583 1989 2768 1565 2069 2477 578 1012 1609 1810 1001 249 1114 1720 841 1752 215 539 848 191 1195 1830 2020 4 569 420 73 381 404 2380 2276 2471 1599 1747 2510 627 303 1594 826 450 1772 1236 380 2653 988 2373 2282 2057 1832 2804 378 1165 2329 2490 2628 359 1608 1605 475 1613 2637 2376
000591.jpg,87 1410 2752 2525 2106 2563 2166 1382 575 527 616 1564 716 1407 590 2802 1327 2212 993 1988 83 2357 630 902 102 929 1919 1467 1278 2300 1028 1584 1002 2296 2684 1812 2801 1943 237 1224 1713 1734 2394 1719 34 2754 2192 2254 1838 2523 1587 2426 817 2530 2033 917 2196 2233 2331 1690 635 85 1136 243 996 1604 91 47 2131 825 536 984 1906 2375 32 651 2545 2336 1804 2034 866 1200 683 2180 499 1505 2487 88 457 1517 2764 652 2692 1978 1134 1895 2675 2234 1873 1878
000592.jpg,182 927 2806 2840 1472 1712 1150 788 782 501 1685 268 657 1026 125 2061 1789 1333 1760 954 668 107 645 2794 2414 1177 1507 2604 295 149 1018 1923 786 1056 324 1281 403 1062 129 2505 2465 2779 2821 840 2708 2176 306 650 456 1813 2717 608 274 654 1019 1785 430 2550 445 169 397 1921 2467 2419 2690 402 936 63 323 1465 758 1896 110 2766 2841 2632 1725 2265 447 1655 1486 1815 1104 1899 1568 52 2070 1975 400 452 313 1831 2002 138 1889 55 1730 2171 1839 368
000593.jpg,4 28 1752 313 59 523 1563 2021 1339 401 626 847 1741 1701 330 119 1376 2470 2810 1146 1723 2574 2346 1870 297 1916 2552 2819 1725 1657 2028 607 618 525 2164 914 1710 1955 2527 2171 2389 2055 266 1808 227 466 1963 1473 1235 1012 1961 1486 1117 1391 388 2674 1821 134 2438 2367 303 2370 1839 2660 1201 1091 408 1984 1519 68 1983 383 1347 1296 1975 2809 2099 348 2177 815 26 1737 283 2361 1151 1775 559 1313 11 354 2274 458 323 1484 49 723 249 92 1369 1074
000594.jpg,1485 1929 2516 2108 44 320 1526 664 2038 1455 1165 1020 709 65 2145 1830 768 707 1311 1850 1769 2075 1721 1131 662 903 597 1519 2085 855 1310 2187 16 763 931 12 1660 485 532 578 1368 144 1821 875 1107 1968 2299 519 2054 543 2384 258 311 1187 105 2110 1849 522 1499 802 2622 1068 1855 1886 1966 2655 2798 293 1033 969 2379 2341 2451 2702 1399 1347 767 336 760 1871 99 1967 184 2734 1413 36 2227 1682 2302 1512 191 1908 2731 199 1845 1275 2743 1079 595 1498
000595.jpg,2384 2078 2451 80 1886 878 21 1733 2227 2786 2743 1053 1849 1033 289 749 802 868 340 2038 819 2354 332 1393 1890 597 709 1689 1601 2290 554 2423 1578 2408 743 311 1529 1888 558 1131 417 2390 1670 2730 2108 1298 1667 1311 1434 1379 199 2299 1296 258 2085 1005 1492 2788 2302 2462 937 2215 2598 1735 2151 2165 2341 1485 2734 707 2458 1179 966 1929 2436 673 2575 1068 112 595 876 1243 2328 821 2719 191 2294 2251 1262 1966 2364 1455 739 176 336 1850 1597 568 2029 1860
000596.jpg,1993 1405 51 305 1645 269 1800 1416 221 442 2235 2300 439 773 600 550 1756 795 389 1948 2422 2131 2294 1091 680 1588 2023 2232 1980 943 97 1317 777 2536 2817 2352 1584 1538 1714 792 2825 822 1141 2741 1837 817 2296 1132 1126 1438 2598 683 483 1116 2239 1260 987 2411 902 2719 241 1713 1319 289 32 2319 1102 967 246 2545 2292 1944 2472 113 1101 1926 649 2017 2034 1095 1224 47 1548 2640 1099 905 1617 2137 1450 1623 1314 1990 1838 611 1878 2713 317 2275 471 444
000597.jpg,12 254 2054 569 2622 2478 1137 1721 697 1769 2379 1759 70 923 1390 315 696 2618 886 2185 2495 2757 1418 2490 485 1247 2219 2304 528 151 2722 1557 2108 1851 380 930 314 768 2540 1834 2533 1107 1427 390 615 950 931 658 2778 1209 1310 1964 2231 1271 763 251 293 903 2793 2077 461 1516 601 513 727 1112 2000 579 875 646 790 1306 72 932 2731 1252 25 1976 1106 1886 1175 1908 1154 2524 1951 1294 1531 522 928 172 2663 839 912 2546 215 1512 99 2333 395 2323
000598.jpg,2471 1114 848 502 990 578 614 1810 65 2601 1830 768 2561 1323 103 1553 1406 1839 2509 522 2624 737 2378 702 372 931 1235 1821 1845 159 1916 1608 1824 270 1613 783 1908 2236 1752 2320 618 323 865 1107 2057 284 1340 266 1720 995 98 2520 2291 574 1254 334 2150 841 952 182 640 1397 1207 75 126 420 2772 2656 249 1080 2477 1801 303 485 1972 895 750 2288 475 247 2462 1012 748 1768 1881 1312 781 739 1298 655 2016 627 613 2210 293 2149 835 39 2728 654
000599.jpg,865 2421 1754 1038 835 2328 173 2378 781 938 1041 1643 13 944 713 75 945 2242 1704 995 2149 2583 1250 909 1768 1236 2669 639 98 1578 941 910 1501 949 1113 1819 2542 2497 738 126 1874 2683 702 2250 2737 502 1004 2639 2084 524 1908 1864 1772 1616 74 1969 1223 489 2601 1343 2312 2148 1840 2057 1092 84 2291 2353 1468 627 2652 2161 331 970 688 128 1570 310 2688 494 2424 503 940 1949 1532 196 198 2220 2324 647 1787 482 2566 1458 2606 2112 2386 225 152 219
000600.jpg,317 305 1640 892 1615 2766 1993 2439 2407 2825 439 1425 670 1931 223 576 217 1540 476 2427 255 454 2213 669 1880 2269 1314 1109 1591 1032 2070 1756 699 872 2301 2135 51 2089 388 777 108 2308 1060 1927 2712 1543 1764 649 181 894 444 562 1262 695 740 2207 766 2571 271 2030 1623 2635 1825 2713 1317 1921 2708 592 1260 46 2438 939 122 419 240 1441 2569 1304 1411 814 2073 1800 1212 2707 1381 1395 137 1330 20 510 2554 491 2105 2791 2558 218 677 2292 2700 2764
000601.jpg,1528 2647 945 1179 580 639 2491 1384 504 418 1733 1578 1187 503 1737 1197 80 2497 136 2052 338 948 915 523 1817 2744 921 13 1601 2828 2389 26 1092 730 653 1717 2334 882 2119 69 633 2724 1302 972 1011 1369 1639 1777 1870 1562 253 860 1680 1417 335 1379 1151 804 772 209 525 2353 192 933 1787 2025 1076 207 1954 2657 2564 726 1501 1236 74 1651 791 137 2396 2393 2775 944 2678 1840 806 81 1904 640 2668 178 828 1802 1489 2250 711 1031 61 713 179 838
000602.jpg,2778 1531 1549 928 2478 930 951 932 2818 2540 2833 1514 1769 569 1122 1252 1427 697 2185 2015 1939 1137 1976 2077 2524 1834 790 277 2722 1294 1162 916 2104 1324 1242 193 461 2556 172 886 2654 2226 1373 2719 2304 566 1938 839 1721 1125 982 251 1310 492 1430 2757 1964 2379 1390 2771 579 1154 975 25 1516 646 923 99 1684 1418 2225 1753 2139 151 2175 1851 2797 898 988 763 2618 714 969 741 1557 2466 143 1411 2622 2065 513 70 1256 1058 2633 1759 1166 522 1049 79
000603.jpg,1743 141 2438 1637 1885 252 682 2265 2335 1356 1725 1329 1556 2839 2570 400 2795 1545 1056 1716 313 2311 890 401 163 383 2155 1376 2708 1543 22 255 1955 388 1503 1771 2404 592 1808 2274 2042 2105 2351 138 552 1701 1441 1135 2089 1879 1214 2726 2810 1530 1061 2565 2597 1892 2285 2037 1201 1889 1024 466 1764 402 175 1404 419 1078 2128 1991 675 403 2753 2346 1150 1970 204 2821 609 2717 894 1963 391 1330 2827 1898 608 274 1176 2171 132 2632 506 1688 1921 1844 1104 2467
000604.jpg,2331 1278 1382 575 993 1943 2212 1327 590 2752 2246 2525 1467 83 2801 87 2106 2555 1919 2563 2166 1410 1277 1028 1690 1517 38 1734 2684 902 2138 1950 2733 2033 1538 2192 958 678 2239 17 71 2802 2394 1044 917 32 1200 1419 1988 1136 2254 716 652 1245 810 736 2426 825 457 499 2754 929 1059 1709 1341 787 1607 2234 2758 2058 307 2196 2167 102 541 1169 530 116 2417 1069 1804 462 2609 834 187 1626 1025 2271 1727 1260 2432 230 1119 666 1978 1276 1669 1520 2336 1604
000605.jpg,330 1635 290 1016 549 2534 1715 1439 2088 1961 1121 2693 1967 1875 1010 2051 2592 713 173 1700 503 738 1412 2099 505 995 238 640 1050 921 1454 2718 841 458 2499 2492 1094 1768 126 2378 2649 72 208 354 114 633 2309 2655 1668 128 711 390 1601 1139 1717 1243 212 938 1528 1779 404 1711 399 1250 1415 1541 2236 2520 247 604 420 1766 882 550 945 1197 896 2519 1902 2036 2713 496 2587 13 2421 2150 925 1708 2500 684 1544 1160 2322 2276 2130 691 774 2067 933 655
000606.jpg,2600 1705 340 2423 942 2085 673 1890 2384 332 868 2364 593 417 749 21 802 2227 2350 292 555 2458 186 554 176 878 1053 2451 1676 1492 1496 2302 743 2078 597 2290 361 1379 709 1398 2543 1001 2165 2217 2151 2029 1311 62 2786 302 78 893 258 142 681 2518 2415 199 1888 1869 1233 2108 1886 1860 381 2341 1131 1850 191 1065 1670 979 1005 1646 434 1256 289 2743 2251 966 2746 1033 1267 427 2730 3 2788 1966 1946 886 2038 1794 595 2702 1431 1980 2219 112 2299 2074
000607.jpg,286 2533 172 2636 399 73 72 633 2172 731 2673 2320 2532 2126 1759 1541 29 99 2622 2304 923 887 1531 2054 2577 823 2163 293 658 515 727 395 1175 2469 841 2459 174 1390 711 579 1085 1210 1770 114 2663 1354 1154 380 2387 1031 750 1565 1165 1557 566 2722 2379 886 1368 315 1628 1579 2198 1784 919 2671 1310 503 1088 254 2009 1599 1149 1256 208 1798 2051 1989 578 1721 2302 453 2644 875 952 1779 698 2003 738 2778 25 522 2559 932 251 2757 2074 1241 1415 492
000608.jpg,301 1419 392 355 2331 908 83 1943 648 1709 2138 2563 2394 16 94 870 1200 590 773 519 541 666 2420 1950 852 678 993 1913 2167 87 1245 1790 2246 2318 2033 902 2110 917 1968 1713 575 2446 2802 599 1025 2525 1327 2212 2268 1044 2432 1527 2487 1382 2102 2437 1278 1410 2106 1682 855 1321 1040 2156 929 1778 1105 562 288 716 2006 2452 102 2764 2642 2196 834 1548 1136 1894 2243 1396 610 243 1517 1988 1260 2239 1633 774 2098 605 652 1309 1020 1850 1424 1906 1224 2697
000609.jpg,8 1811 2605 2342 1474 1090 719 1180 2018 1828 2758 1321 2284 1069 764 2754 2535 2120 1671 1763 325 745 1355 2071 167 1277 1790 1082 2555 2146 2197 443 1098 1308 687 233 2432 2551 448 2452 755 818 1816 511 2630 2318 2771 288 37 20 1523 2648 1524 1727 2383 495 1982 2058 2595 2466 2820 2631 16 845 922 2269 1006 1682 1709 38 1734 127 2254 1694 499 2835 1626 441 358 1156 2616 2651 2167 2192 2222 147 570 1387 294 393 2233 1027 1245 1941 2331 2695 552 462 1691 793
000610.jpg,1356 1056 1743 391 2597 1135 2570 1329 2335 2042 383 2795 1725 1795 2839 2093 1879 675 1921 2682 890 805 2753 1847 2155 252 758 444 2089 1063 403 1701 1201 1395 1543 2717 1716 394 400 552 1885 2794 2550 2265 227 1755 1513 402 739 255 2388 1164 1826 2708 2049 2515 2438 132 788 138 1150 1764 840 408 1376 220 1266 1970 2808 2779 141 2638 631 1039 786 2840 2565 1503 668 2120 501 1637 2821 525 592 1060 89 1991 129 1062 1766 1383 49 388 2164 822 2205 2285 1789 316
000611.jpg,149 2022 1685 1760 1889 2806 1177 2311 107 295 313 63 2708 268 1019 1507 274 608 1150 452 2061 1896 2841 2632 2429 397 2794 936 1333 2414 2176 1923 1899 2604 628 153 1712 2779 2821 1048 753 501 2435 55 252 2398 1062 129 559 324 782 1970 140 657 2181 1486 403 2404 478 1214 2766 2832 1736 2438 1813 927 1789 5 1638 1662 2450 2550 668 306 561 402 2232 786 954 1530 182 40 1378 1056 758 1568 1612 1892 2827 138 1785 22 430 456 408 900 1472 1018 169 609
000612.jpg,909 2503 2688 1704 2421 1038 1754 865 1901 450 201 688 1819 2148 712 2328 735 1236 1864 173 75 2678 2312 1041 1726 1004 639 977 489 152 1840 945 2161 2084 944 2669 259 482 2788 1458 219 1643 970 2424 2583 627 1874 2683 331 1949 1922 2585 941 2353 1468 2724 713 1092 2250 1772 1223 1787 2639 2149 225 568 524 74 2386 1616 2606 1437 2652 2242 940 1532 1110 84 2291 2737 1343 949 647 2566 835 804 539 2542 1172 2220 906 2050 2315 2112 67 207 310 1123 43 1011
000613.jpg,1631 1124 57 2374 2339 2418 280 1334 1665 2456 1087 2823 93 1590 1234 2740 540 1348 895 291 2493 210 158 884 2174 1475 1447 2236 1483 267 1861 2053 986 39 1193 1506 77 798 244 284 1580 249 1116 2224 1292 1773 1255 1757 2253 704 1477 581 34 829 38 2700 934 614 2531 281 200 465 2472 1859 2694 1535 842 1346 2016 617 1274 2787 1291 1836 134 2656 1238 891 574 1207 1536 1577 1012 2509 756 1114 323 1810 2571 832 1540 2180 1377 190 2107 1821 347 2324 1618 2461
000614.jpg,2655 2516 1485 519 1526 2145 92 2775 1700 1029 1504 1686 320 694 543 684 990 664 755 1617 1519 16 1657 2150 595 1388 1186 105 44 1473 1499 1876 855 2628 2276 123 1821 854 549 1707 2038 2587 2491 173 1422 1489 322 231 1917 2512 1020 671 903 1160 2439 972 2380 208 841 2028 1197 1839 1968 532 1311 21 662 11 1961 60 72 12 2267 399 358 1310 904 2299 2809 858 1717 1075 1413 1235 144 907 1107 1007 1344 1767 1966 2102 964 1635 525 1165 199 2130 2020 1010
000615.jpg,1685 2022 1177 107 1923 1507 149 2632 1150 2061 324 936 628 501 274 608 1889 452 2311 397 268 1813 2806 2414 753 1048 295 1026 153 2821 2604 1472 1062 129 63 2429 1662 668 788 1712 1760 478 2176 2779 786 2398 1333 1465 1568 456 125 1378 2550 1019 1214 2717 1785 252 182 645 782 927 1612 402 430 138 840 2794 1921 1896 2232 1281 40 363 1892 2505 2465 306 55 5 447 758 2407 1008 2766 561 2002 1171 1503 2404 657 1273 1970 1899 403 1530 1104 1326 2588 22
000616.jpg,2293 519 1352 1203 1186 320 981 1473 1302 896 2809 152 435 2557 624 1235 2341 490 1066 2489 1563 2718 1347 2655 671 253 474 663 1391 1388 2775 595 1917 2463 33 2314 2241 1384 1422 1170 907 2299 1068 1961 1708 1489 735 1876 2578 1519 440 11 2527 1311 800 972 2470 1045 726 1016 28 338 69 2130 231 1686 2119 1379 937 1750 297 712 2491 2828 48 1219 92 2552 730 1005 2699 144 2179 1782 1788 1466 550 2592 882 2503 985 2052 1704 1693 2763 2102 1011 1184 1617 1846
000617.jpg,684 1601 2309 1902 2728 1544 2150 995 640 1011 1961 2669 75 404 2179 1839 1197 1627 1035 1255 617 420 670 2046 1876 1397 992 2439 725 2334 1881 751 1700 322 2656 1693 1236 74 2606 1817 2322 972 1578 270 2036 351 1840 126 944 2769 1340 431 1874 1692 933 1975 1186 69 1312 247 1151 1954 860 2655 2526 323 136 1768 178 1199 655 1616 1767 1313 1788 1055 2761 2276 925 128 2497 496 2220 1139 2016 2768 331 2149 1172 589 353 1361 1501 1113 911 231 2772 1617 148 2348
000618.jpg,1307 1486 2574 1775 1627 900 59 2076 1725 348 1208 26 2753 1369 1151 1437 1870 674 559 1339 965 1313 1563 1172 1710 2035 238 2089 368 169 860 2438 815 178 1417 313 458 383 1468 2309 1011 2480 2716 119 139 408 168 2424 525 2191 1881 2084 1190 2652 75 481 489 925 331 2592 1983 2649 1532 1312 2660 152 2724 621 657 2500 49 171 146 2148 1592 1146 2021 1035 2200 655 1701 356 574 2397 2552 2669 1795 2028 2531 148 2220 1127 2470 310 995 2526 2396 433 1616 972
000619.jpg,777 2687 2239 230 1996 2317 2268 1517 94 1353 2190 60 922 2733 2555 2080 2449 924 2736 1226 1305 1950 724 2086 1790 1093 2263 2547 564 88 761 187 1091 2058 2073 2627 20 1538 666 328 1286 541 562 1277 599 1677 2705 38 575 1745 1069 167 32 396 1425 350 2625 2758 715 818 2605 1566 1278 462 2193 2750 1032 1626 2573 2525 808 902 993 1382 1082 2754 1260 1673 1025 2711 2033 1919 2201 1690 1898 1463 736 1188 2651 1341 446 37 1606 2167 2106 1447 1734 2192 330 495
000620.jpg,1545 682 2438 22 1637 163 1725 1214 2351 1061 2274 2810 2751 2404 2839 1808 1688 388 1404 1171 141 1213 375 252 1701 1056 2311 1743 466 1326 2128 1201 401 1892 2708 1232 138 2169 473 2037 1356 1556 1889 2346 400 592 2570 2567 1716 383 1329 609 1150 2726 1771 2089 1089 2335 403 643 2155 1530 368 608 274 2153 2795 1024 607 313 2265 220 2049 2821 2717 1111 304 1078 2060 1766 1998 189 994 957 890 506 2183 864 1744 657 2467 1612 565 851 894 59 2113 2690 2162 1376
000621.jpg,1588 2090 536 1132 193 988 1268 1134 445 463 344 2796 2665 680 2024 121 1141 1101 2375 1872 1067 1099 1266 1416 394 2352 383 2753 2808 612 1547 2065 901 1418 2511 426 1065 246 1663 197 1118 2478 569 696 416 2077 1058 2515 180 1271 500 2244 414 912 2793 2185 1793 2224 2610 79 792 675 427 1956 91 2640 2011 2108 2357 722 1952 733 2068 1430 1619 1978 2685 1301 634 2568 1431 1571 2517 1873 2472 109 780 2140 1860 2840 2333 1216 866 432 2654 151 1112 2015 2646 1270
000622.jpg,2094 649 2576 2635 187 160 2811 1078 1401 2269 264 46 892 1530 2326 1441 1540 419 476 317 2708 2467 506 2603 815 2643 403 2704 891 2690 2455 337 2273 541 1022 2073 778 346 352 1748 389 1194 1615 2092 223 2484 2558 920 382 1844 1987 1185 290 565 2431 1970 1009 2048 1103 2641 217 2711 2070 1459 1032 90 181 592 2825 230 840 1815 894 2554 740 758 736 2841 1259 2832 2278 89 255 32 1927 363 1912 1632 2612 455 2797 2158 5 1638 357 2521 1019 1792 462 2565
000623.jpg,214 1365 1255 106 244 2048 815 2435 2531 609 1602 1199 1139 2115 1953 2278 1987 2502 1019 2768 1616 1605 509 2152 844 598 1433 957 2457 1488 481 1899 323 732 1632 654 1768 2153 1881 1738 2643 1696 1712 331 1766 117 2571 1176 466 5 891 1127 2348 239 270 2841 1397 2526 2141 894 1536 1074 2191 636 408 1486 574 63 2089 59 2827 281 525 1802 621 2704 290 49 1725 2404 1318 1693 744 1312 300 2580 1185 592 1692 458 670 1515 146 2761 2164 1960 169 1018 1011 1710
000624.jpg,284 2236 93 895 1475 323 1590 1254 2016 2601 1207 1334 303 1810 581 2656 39 614 502 1114 1506 1124 1477 2114 1821 2485 1121 723 2509 2471 2149 200 2374 986 618 1235 190 1323 103 990 297 249 931 244 654 247 2047 1608 934 702 1908 1596 1767 2053 1780 574 1340 134 270 1012 280 1683 206 398 2493 159 1720 546 1087 1830 617 1041 1757 783 1751 2520 1577 281 1189 2324 2542 1127 1918 77 999 2531 751 832 1272 347 781 1348 1973 1801 1726 1665 1255 2150 343 862
000625.jpg,2093 1164 1879 1795 963 1448 2597 805 316 1135 2224 1774 391 1725 1240 1063 675 2682 1071 394 383 1383 758 2570 1356 213 2753 622 1789 1201 2638 1307 1743 2042 1885 699 135 674 2295 2143 24 1513 446 2265 455 558 2049 1265 1826 1999 2515 890 1409 1847 2604 1755 1994 1955 119 1266 220 1977 2338 739 1296 607 1909 786 2070 1099 553 748 2205 1613 1056 255 1329 2808 1650 2796 746 530 271 1441 1701 403 2698 402 1775 2610 631 920 1337 2840 2089 1921 1376 141 840 1168
000626.jpg,2276 1310 2325 2117 1938 36 763 2702 522 1037 2380 1160 1499 2267 2020 2685 17 2667 1413 1721 614 2482 2495 1256 194 123 1753 250 276 1769 2713 437 767 1599 1553 1173 505 500 2556 1956 1320 277 1555 832 461 143 1233 875 2349 273 1137 1399 1940 1845 684 741 760 841 1443 2772 2134 1924 768 2529 951 664 109 2038 161 903 2314 1344 145 1566 1929 709 818 199 321 1975 889 92 1860 380 2804 2003 1512 2637 2074 573 1657 371 2108 2211 1986 2150 1107 2065 1606 904
000627.jpg,1504 755 2342 1436 2218 222 850 399 2485 931 2655 1821 2512 1121 1114 1255 1908 303 1391 2471 990 618 2494 1235 297 103 1323 1400 1933 1687 2509 1010 2620 1608 474 1917 2656 323 485 934 1477 347 284 1207 723 2016 190 2601 1250 1810 93 895 244 502 1506 2149 671 1577 2071 986 2324 1041 2628 398 1708 1334 128 1066 225 522 664 1757 247 1347 574 2361 760 614 2589 320 321 371 964 532 768 2197 1510 1830 1484 1120 2718 2020 1321 2028 1961 1526 308 519 581 1318
000628.jpg,1903 1085 2064 601 145 2163 2510 1594 254 2663 1195 70 2122 2490 73 378 174 2 1809 371 1173 694 2000 1786 816 2653 1609 1075 1759 1905 321 18 215 315 2577 1241 2499 1257 790 380 1753 211 453 1628 1721 359 2477 1869 1357 2777 2409 2561 2478 658 951 72 1406 437 2622 1233 1155 1915 950 2722 2211 202 727 2051 1989 522 2009 128 2596 1290 386 714 2679 485 2054 1415 2240 1165 2772 191 613 2701 66 2391 898 143 589 1361 2282 1137 2775 1717 2077 1842 1855 436
000629.jpg,207 2025 1787 2386 192 940 1343 804 1092 61 1949 647 245 43 941 84 2737 2396 948 2112 849 785 2724 2188 949 2315 2683 2424 2582 2161 1772 1437 1204 1223 335 2657 494 1532 1874 2652 2498 310 1123 524 2639 2324 838 2242 2052 2084 639 2813 2220 2566 418 1004 198 2291 1819 196 2688 1704 1458 225 1820 296 1038 152 139 686 148 653 2814 1468 482 1840 2448 74 2744 1726 1643 2353 2421 1616 1754 2678 1110 835 1901 489 865 1651 1864 971 496 712 1011 209 387 1208
000630.jpg,2244 1465 780 324 561 1662 501 452 1281 1140 430 1008 1923 129 1062 389 2634 1813 456 1932 1730 55 397 840 246 412 2665 2821 1026 1378 52 628 2429 457 786 2565 1568 2765 1134 2011 788 467 2641 1481 1736 217 728 1785 1072 2285 2133 1487 1547 499 2450 645 2176 1503 131 1500 484 2189 2205 1278 993 166 1039 2806 1859 2550 89 936 888 700 125 295 1638 2632 2801 2131 2398 753 683 478 2721 1327 2212 1028 307 1181 1919 758 2545 34 116 363 47 2466 97 719
000631.jpg,1115 2759 1106 1389 2546 529 1175 2504 485 1306 395 1951 989 803 1427 2644 374 251 2540 646 101 2381 364 2323 962 1394 658 1900 1137 1559 2579 727 1798 293 1971 1390 436 2304 2622 2054 1557 1851 572 930 923 1786 2778 2040 1759 70 931 2524 1801 615 215 1721 1769 790 589 2178 461 1361 1997 1386 1107 2219 768 1230 254 903 1310 545 1915 703 1908 697 932 2478 1845 578 172 879 2722 1512 547 2757 1976 2325 143 1834 848 2379 522 2409 2731 315 1964 1516 569 1531
000632.jpg,2057 2291 1236 1874 1578 574 1298 146 1004 420 75 2606 331 74 1840 1223 2683 1011 2309 494 627 1139 2112 266 1561 995 2669 2220 992 640 2149 2475 2046 1768 1799 2526 353 2324 2542 496 2328 945 1704 1151 1819 2583 2421 2652 1754 655 2242 2353 2737 1772 1733 1616 2769 1041 865 310 938 2639 2148 925 173 2566 1397 2084 524 970 941 1038 949 647 1343 909 944 1864 2506 2419 338 489 2744 2564 1437 1468 1820 1601 639 1092 2025 1643 1486 2386 152 911 2250 1458 2497 225
000633.jpg,2328 1578 75 420 1298 1236 1733 713 1344 2669 1704 2148 1004 331 1839 865 2421 1754 404 995 1819 1038 841 2526 173 2220 482 1864 266 1616 2309 283 655 945 128 2250 1146 335 2462 826 1768 2334 1139 627 1601 2036 1041 992 1553 80 2200 2046 2291 148 1693 944 2491 2057 970 1908 2583 169 1820 738 2761 965 1897 972 489 2353 1468 1172 688 1107 1397 2312 639 496 1544 2149 2566 1623 2542 1486 2084 2112 909 640 13 938 2503 1772 2639 2724 1799 2242 1199 1011 2652 2025
000634.jpg,1887 2484 2206 2356 1009 2844 913 667 2215 1350 2327 1572 1551 1776 1675 885 1814 228 1589 2273 819 1457 2776 438 1229 2123 2586 2371 794 857 1619 2069 2330 82 2659 2455 720 2672 1877 130 837 2139 2039 706 1648 287 1667 1849 2412 775 1585 2332 2786 2548 428 2187 1375 2739 2633 2384 1409 263 2703 1542 2447 1264 1597 2029 1095 264 868 2127 86 2016 1982 912 2092 1863 802 1497 1030 2607 2451 2253 2198 157 1191 2227 1434 1575 1459 878 2833 41 583 2783 2408 2694 2743 1033
000635.jpg,2844 427 176 1619 2727 2568 1982 2217 1925 2460 78 302 893 1470 1699 913 2455 292 361 961 62 1129 2723 667 142 1431 802 1398 1793 2108 429 1814 555 673 1597 2364 2363 912 593 2415 25 2185 1652 1256 1122 342 1572 887 1065 1264 2719 2026 2074 1430 1479 886 332 1675 557 2757 566 767 99 1890 681 889 2559 1492 1980 2423 340 1735 1684 2459 979 878 2038 1373 901 193 36 1267 513 747 1599 1211 414 2208 988 1794 2607 2633 2126 2702 2384 432 1366 1833 2267 741
000636.jpg,83 2563 1943 87 993 1200 2212 1327 575 590 2394 2802 716 1410 1278 902 2487 2525 1382 102 2106 2166 1988 1709 652 2033 917 929 1950 825 2331 1919 1713 2752 1224 541 1838 1136 1906 2336 47 527 2196 2801 616 1419 1467 1564 1604 355 243 1028 2684 683 1812 724 1538 1002 666 1517 307 301 94 1734 2733 1396 34 2192 2609 1690 1178 2523 2357 269 2254 1119 2034 2417 1990 2262 1714 1587 88 1025 1584 2131 2547 2446 1505 2243 1796 2167 2754 2375 2453 1523 2461 1978 2233 630
000637.jpg,658 485 529 727 2624 1361 589 1173 848 1845 803 2471 1106 293 650 1451 1175 1340 572 989 364 395 1230 1115 1137 1916 436 1323 103 962 578 2644 1908 1786 2054 1107 931 2323 2504 1389 1427 646 2178 1310 1900 2478 182 125 1721 1608 990 2540 2051 1801 1798 952 702 1335 126 200 1683 737 284 703 2778 2622 1769 251 1114 215 1297 502 2040 101 39 903 1143 1723 2066 1512 1394 930 522 1951 783 2346 1018 2666 782 2325 2288 927 254 2759 545 475 1730 1692 1306 618
000638.jpg,2276 1499 2267 2380 760 1160 841 437 522 1553 1233 1344 173 123 731 1938 2628 1599 767 532 763 738 126 2126 2038 2469 1555 2028 2702 823 1399 2150 1165 2117 172 1443 92 1107 2074 114 2349 36 875 2328 2302 2387 191 1845 199 768 380 1769 1037 1721 194 2512 1236 2003 99 2020 904 882 578 1886 2583 981 2134 1256 1250 1578 1492 2421 1422 579 2723 208 2108 1430 72 404 662 889 73 161 399 964 2379 826 1519 2491 2559 947 1908 1137 2415 887 1775 1969 593 597
000639.jpg,652 575 825 1136 993 2131 2336 2034 2525 2394 2235 716 2196 87 2212 1327 902 1200 1410 2417 116 1025 2166 2106 917 83 929 527 541 1278 1837 1060 307 1988 97 2802 2545 616 2563 2487 1709 590 102 1564 2801 2752 1538 1812 2310 2736 88 1002 1449 1873 1260 724 2243 2675 2033 85 2764 1224 1946 1517 2610 1382 1407 47 678 237 1584 799 700 591 2205 1838 442 34 2530 1936 1713 2472 996 551 1878 666 1745 2822 2426 203 651 771 2523 2331 2721 499 1943 1580 269 120
000640.jpg,1716 204 2508 2531 510 636 181 1475 2155 2588 1612 20 2521 1556 2030 341 2213 592 1502 255 2823 294 46 2784 1176 138 465 1743 476 1797 2153 167 1996 2547 576 132 2616 1898 1764 824 407 216 2726 643 1780 894 2465 2505 2708 892 419 2700 2571 1637 1694 2128 1127 793 1540 2725 2168 1304 1330 96 388 2162 789 2335 1773 122 777 1632 2440 1032 2190 2269 1292 1024 649 40 77 704 1939 1283 1332 1220 2089 1530 2351 217 2554 1078 2278 2229 1927 2565 2611 252 412 2094
000641.jpg,1320 2074 770 429 1440 1430 557 2524 2363 2559 1373 988 2529 2104 1599 62 2723 1252 2415 886 500 718 151 2126 2818 2469 2460 437 142 79 99 975 1793 731 901 1699 2015 1834 432 2771 193 513 1122 823 566 2298 569 2380 1242 273 143 2517 1938 2568 2793 2217 2722 1398 25 380 1418 1816 1480 1986 681 386 555 1684 1209 1833 2556 292 1256 2618 2267 2755 2026 2117 879 1619 889 1049 2757 1982 361 2134 1499 579 1976 277 2702 2225 2068 961 2185 492 697 164 1366 1160
000642.jpg,245 139 2396 2025 849 207 1437 61 785 2188 335 948 238 1172 1563 2498 2386 2657 2552 1787 296 838 2035 1208 2813 647 481 192 1092 2716 43 686 2724 2652 653 2814 2191 1127 940 1651 1726 525 1949 804 458 1151 1343 152 148 1123 310 965 2582 1870 239 1486 1468 1417 1204 1288 1011 2112 2230 2052 209 2448 2315 2076 387 2424 168 2737 941 84 732 356 2220 2678 2148 68 482 418 2173 689 2683 2382 2639 1937 1369 949 971 49 1703 1772 26 494 2291 1223 331 1004
000643.jpg,830 603 1450 1178 1396 610 1200 1713 243 2487 1729 2305 355 87 2034 269 256 575 1796 1812 678 683 852 2453 527 2454 616 1732 1988 1709 929 1410 1564 85 1678 2275 83 1449 2417 1119 1331 350 2563 2525 716 1105 1714 1002 1505 666 630 2422 88 2432 237 1895 2394 993 1073 2131 605 1407 2167 1224 1523 825 652 2331 2802 996 648 1245 1136 2045 2212 1327 1838 1719 1132 94 1873 591 442 102 2530 2196 1044 1584 2817 1624 47 1419 590 416 1370 866 2801 1040 2106 1587
000644.jpg,2386 647 207 940 2025 1949 1787 1437 1343 804 941 2396 84 1092 2652 152 2683 2424 1772 192 2737 2112 849 2315 43 245 2639 2161 949 1532 1223 310 61 494 1208 2582 2084 524 1820 1874 2724 1204 1563 148 1468 1704 2291 2220 1616 238 1123 948 1172 335 2657 2353 1458 2242 2148 2324 1819 1754 74 785 198 196 2188 482 2035 139 1004 2688 225 1643 865 1038 1901 639 2421 835 1840 1011 489 2566 1864 2498 2744 1726 1417 2057 1110 496 331 168 2669 2052 2448 594 838 1151
000645.jpg,1721 1769 522 485 768 1107 931 251 1310 1137 1845 2622 930 1908 1427 293 2778 767 763 2380 875 2379 2219 841 848 578 1114 903 1557 614 2276 2054 1390 1558 658 2072 1759 12 2540 727 172 803 1851 579 760 2722 1553 2624 709 123 2349 2471 1531 1361 589 2267 1154 2108 923 2325 1413 2478 1499 2757 697 2304 114 1175 311 461 380 783 1160 1165 1549 1938 887 853 566 2731 2323 1976 886 1964 126 2409 1344 1516 1106 1967 1821 2117 1830 1399 437 1555 962 395 2038 2702
000646.jpg,245 239 296 335 2025 61 785 2230 139 2188 207 653 686 948 849 732 2427 838 2813 481 2396 356 148 2657 2498 2814 2382 1937 2191 2386 647 2220 1703 1127 387 209 1199 1433 331 2669 1464 1787 2248 1076 1651 997 1092 192 644 2507 310 1365 2724 482 2526 1343 43 1852 525 49 2448 2091 2582 1123 1726 2173 1437 1616 974 940 2442 1417 2639 2678 1949 1820 1274 1139 1777 804 1488 2552 2761 2737 959 1639 2052 1204 1693 2179 418 1282 1738 146 2652 2838 2424 949 300 815
000647.jpg,452 1150 2311 1889 2821 1062 129 501 1923 786 668 2632 758 252 1921 1813 324 2022 295 402 268 274 608 936 1503 456 2232 1785 1378 125 2285 1568 628 1507 840 1789 2806 2717 107 1612 753 138 1177 1214 2779 1048 561 1662 430 346 1892 1465 1039 1273 2061 1736 788 478 1638 1281 927 5 1326 1685 2429 2450 2171 2404 149 1022 2398 313 2265 153 1201 22 2634 89 403 1896 1826 2794 1701 1171 63 1019 363 1530 306 2766 1333 2169 447 2550 1026 2414 2407 506 1970 2810
000648.jpg,781 1643 1501 910 688 865 198 2242 98 941 2497 702 594 1570 835 297 2149 2601 1451 1235 1340 270 75 1845 1170 502 2669 2542 1692 990 2585 1908 196 281 2557 353 1693 1144 1323 103 2334 639 949 1107 1973 909 1532 944 1751 2761 2161 1704 2353 2688 848 1113 2624 2424 1687 1772 1458 1616 2084 84 776 2683 995 2639 2520 1901 2652 539 1754 1819 1922 1949 940 475 2348 618 524 2107 284 2315 136 474 1608 152 159 2737 1874 450 915 1343 2250 2421 74 489 2582 2386
000649.jpg,1231 31 1614 118 1920 1429 1673 2715 754 326 2027 2629 1070 808 1396 2774 377 1370 599 2680 2041 2042 1781 1342 504 1331 350 766 48 1729 822 1935 567 2812 2578 1105 1463 2098 1088 2539 2257 162 2756 2745 1305 2258 2668 33 483 715 60 2711 877 2770 2594 1728 2239 2137 367 2528 2792 2369 2310 705 813 1533 1974 411 2305 1554 1562 1644 2195 1145 1677 205 1395 1489 2773 928 2696 2625 695 2221 1569 94 2190 2534 2454 772 2031 983 2782 1657 240 1263 2747 1367 2249 1461
000650.jpg,2074 2556 1833 718 2325 2559 1986 1252 886 1320 2722 2723 2719 2818 889 1834 975 513 1440 62 901 1793 1699 2757 432 2755 429 1256 982 1599 961 461 2126 151 2469 2225 1430 99 380 988 492 437 731 2104 2524 25 770 1976 2415 1209 1938 2003 2298 2363 143 142 500 1431 2517 1684 2015 1373 361 557 2117 277 566 823 2267 276 292 951 1398 767 79 579 193 1479 2001 1390 1242 386 763 164 887 1137 2793 1215 414 2529 893 302 78 1154 2379 569 1211 790 2416 2658
000651.jpg,1554 1105 813 1331 1396 1370 1742 1673 355 2257 2600 2537 942 2770 855 94 1384 2268 1614 1966 1705 2750 487 1853 1681 599 2245 1305 595 1750 2631 1073 871 2201 2446 2664 1624 1641 1709 2251 774 648 301 610 460 562 2305 1508 2341 253 1325 1263 2394 2487 339 1200 243 542 2534 1729 1646 2519 881 1000 248 2432 724 772 1998 2693 1695 2696 852 717 2782 830 2454 966 392 1979 2528 235 2642 2812 2518 2625 350 1015 678 1550 2275 519 2243 545 360 605 1523 1031 870 603
000652.jpg,1605 2502 2768 2152 117 1738 1365 2348 670 106 1488 481 1362 1397 1616 1255 1199 420 69 214 1768 2115 1371 2179 2435 2048 1139 1602 598 300 1433 244 322 431 1953 1974 933 1693 1302 1954 1902 1692 1035 1817 331 1312 270 654 1184 2669 2526 844 351 148 1881 2777 732 815 1723 323 2761 2322 1987 1975 2656 2572 609 475 2704 1839 655 2203 136 2558 128 2531 335 1011 2220 281 239 247 2439 1019 1018 2561 751 1753 1569 2230 2278 854 1074 617 2150 1666 2580 1700 75 995
000653.jpg,1415 1779 1969 2362 1511 2302 208 174 1165 191 738 399 173 2421 691 938 1391 921 2378 2009 981 1412 633 1420 711 1957 1250 2328 841 72 694 2276 1243 595 2051 1439 1784 2587 2583 2299 2387 2655 1038 503 1754 1989 731 2671 2775 126 1442 2163 1740 713 1700 1992 73 2667 2532 381 578 99 172 334 1537 750 2172 909 1444 1325 1455 1186 2064 128 1359 1233 1731 67 453 13 2636 2341 2 2147 253 2314 2628 1068 1582 2145 2599 114 2126 437 2366 1485 336 286 2663 896
000654.jpg,2349 673 760 593 2038 2108 2267 2387 767 2415 1492 142 123 763 36 1211 2117 2217 340 2380 1499 889 2702 2568 292 875 429 361 893 78 302 709 1160 1599 2379 1256 901 1793 1938 2364 1890 62 1479 99 2003 731 2469 1233 1886 887 332 199 1431 1398 2126 427 2423 437 1769 522 1555 802 176 1794 1399 532 380 2559 841 311 417 597 2416 579 681 432 2074 2026 2723 1154 2219 886 25 1553 2325 1699 916 21 114 1037 743 258 982 2618 513 823 1418 2134 2460 1209
000655.jpg,541 1260 551 230 1025 917 920 1950 352 2033 2073 116 2158 795 2736 678 1745 590 2635 1060 1943 2310 1837 1841 1169 83 2235 362 1234 873 97 1338 2825 741 187 2399 2239 575 1880 967 902 695 2258 203 669 317 1278 1156 1449 1593 1538 1411 2536 1467 2190 777 787 1520 1425 736 899 1126 592 1919 2711 2281 1690 600 1028 562 2292 1517 692 2554 389 2234 2100 195 2372 570 241 1057 1500 1314 20 649 2563 342 2301 1800 2545 391 2326 799 167 814 1286 1580 2733 1996
000656.jpg,627 331 59 146 815 1139 2057 1953 2291 1720 574 2768 2526 2220 1185 1397 1486 2558 1437 2652 2669 1563 995 431 420 238 925 323 1944 458 732 1172 496 494 1810 1151 2580 310 67 2639 2048 1881 1208 2583 621 1055 1365 655 1768 266 1199 1899 1627 965 1605 900 2475 2396 1842 152 2148 1127 1488 1616 2531 647 1553 640 613 1738 148 1011 2035 1518 2025 2115 1870 559 169 725 4 2112 2683 2728 1506 481 2028 1433 1874 2435 482 2076 2046 1931 934 1313 2500 1236 1592 1468
000657.jpg,1701 1201 388 1530 2351 1826 565 1078 2717 592 2565 160 2128 1356 252 2094 294 2162 668 1933 2841 466 894 2404 609 2346 2283 2726 1766 1716 1401 403 2205 734 2153 204 2643 1232 1637 2438 22 2500 163 1896 510 2181 1889 138 1797 290 2155 1061 636 1844 476 419 815 2708 561 957 1543 40 2816 2588 2278 1827 383 2584 506 1556 744 2089 2810 2570 175 1632 330 46 96 2285 408 181 2168 2521 59 2819 587 473 505 892 2366 458 2171 1056 607 2099 1789 401 1953 131
000658.jpg,1505 1564 1491 1002 616 2357 1134 2843 2196 866 591 1067 733 2208 2262 307 2131 1407 1796 154 2063 527 1431 124 1812 2530 1119 716 1978 918 996 729 1375 463 571 708 2822 2045 1988 2375 1132 1676 1128 2453 2796 97 2539 651 414 2140 1587 700 2801 442 630 1588 1224 799 87 2675 1878 536 2685 1719 1838 416 2038 237 1278 1621 197 1713 943 2296 2212 1327 2697 984 1449 176 2755 1058 2487 243 2482 2609 1392 1946 2613 792 912 91 1181 1410 1509 2563 269 593 961 1099
000659.jpg,1701 24 59 2500 4 383 1448 2028 2717 1795 1789 119 313 2753 1725 2574 1012 1775 1296 408 1983 1486 2089 559 1339 2143 927 613 1406 525 2021 1313 2125 458 1146 1576 2470 637 1307 674 1376 2191 2819 1627 2716 900 1826 1151 49 2099 523 2552 2164 965 1208 1710 171 330 348 1201 2224 2660 1930 2035 28 815 1563 1870 1190 139 1127 1172 2308 1103 238 1288 621 2438 2076 1437 134 1896 2531 1364 1879 1909 934 247 2181 505 1383 626 1434 68 2838 2674 141 1265 2783 739
000660.jpg,352 2635 551 2158 2255 1520 1338 1572 2100 2486 195 2399 1622 1375 342 1159 264 2431 2253 1009 741 1698 846 2223 2455 1349 317 2208 1060 912 2266 405 2833 2727 1264 1 234 1260 961 837 46 349 795 1449 678 2614 2834 819 53 669 600 2063 2776 892 1615 2835 1346 1366 166 649 1619 1862 1025 455 1409 667 1095 385 2709 421 920 2139 642 41 1538 2371 1689 1861 1580 1761 1539 1129 1930 2092 913 2484 829 2384 1509 1008 203 1618 97 2310 2205 541 389 115 2697 1850
000661.jpg,836 1034 1094 2096 46 1098 869 1790 2261 2174 2099 2645 1572 2253 874 1698 935 1121 549 1050 1880 1520 774 2473 1875 2431 1 234 476 2750 212 537 892 1538 2399 330 2186 1715 185 795 290 1633 2635 195 1227 604 2820 649 1635 1095 1936 846 734 2204 1625 2823 255 1260 2831 1454 669 2201 443 2283 550 2223 2492 2100 1016 1615 2718 1060 1280 2693 115 551 1234 1025 2440 349 352 685 793 642 516 570 1059 1421 762 1336 1761 2088 2554 829 2372 391 2461 587 1338 1539
000662.jpg,2524 2001 1373 2771 1122 2104 982 557 2529 1440 2225 2818 143 2256 2363 1386 2556 1320 1242 1982 1539 790 1938 770 79 2226 2517 2654 2270 951 1925 718 273 432 1324 2540 386 646 1834 1684 1939 2391 1137 1252 556 975 2722 1958 611 988 2325 2298 2778 1514 193 1691 513 2015 1793 1976 2284 2460 277 930 1628 99 2082 2755 879 2146 961 2074 1816 1215 2068 741 763 2126 151 731 901 1986 2469 898 30 1699 659 2466 1833 2727 2723 1531 714 188 461 17 1599 429 916 2097
000663.jpg,2258 692 2310 1126 2680 1614 766 2825 33 118 742 2736 2696 2027 695 754 2041 1935 1993 2536 2711 326 1395 599 1974 2773 1174 1314 2812 1644 2257 205 1673 2292 1305 2756 2239 350 2305 2135 777 2715 31 2301 1800 1920 1370 365 1303 1461 240 435 773 1325 305 822 1463 670 1425 715 1138 2534 362 2629 899 717 2770 2792 1745 2790 1183 535 2774 1263 1231 2789 483 1917 920 97 2158 1782 1728 519 2073 1302 1262 2086 48 2195 2098 567 1396 1342 1837 1645 1309 897 1260 51
000664.jpg,849 2678 948 785 2188 653 245 2448 2813 2144 207 2498 1852 2814 2657 335 686 296 61 387 2382 997 139 1076 2386 838 81 418 2025 1464 2230 1937 624 2248 644 2441 1123 1417 1703 1651 1639 209 804 1092 2552 2396 43 1369 192 2724 726 1787 1777 239 2491 1870 940 338 1343 2052 1726 2442 1563 2091 2179 1949 481 647 26 2716 732 2582 2427 2507 1866 148 356 2424 1437 1127 1011 525 524 949 68 198 310 2683 689 1204 2252 2315 1003 2737 1274 959 941 2130 974 2087
000665.jpg,386 215 1834 315 790 1759 2757 143 2524 951 714 2409 70 1440 1427 2722 1390 251 1137 1252 569 2077 930 898 923 2778 461 718 2104 2818 2622 1242 1721 254 1976 886 803 2540 2304 277 73 697 380 1851 151 2478 975 1557 359 436 988 566 492 1373 1986 969 1769 2219 2529 2185 522 1558 1125 2225 1430 1628 579 2074 1928 2054 1514 879 2559 1154 1166 2325 1418 513 2510 1175 193 646 1306 1531 823 1549 2771 1964 1106 2379 2126 2663 2391 1516 25 172 437 1320 273 2719
000666.jpg,2027 1920 1614 2041 2770 326 1231 118 772 1673 2715 2680 31 504 1396 871 1088 2249 2369 350 2812 1853 2782 715 1998 1677 487 1935 2774 1367 2305 754 2629 2664 2258 1463 1742 2625 235 2259 2528 1644 766 2257 1183 1681 377 2696 54 104 1429 2103 205 1331 1974 813 460 1302 1370 1893 710 367 2086 1695 1105 2773 1263 1239 1569 1554 1739 48 33 1384 50 2534 924 711 2668 2711 545 542 1641 2239 1508 1729 1654 240 2789 1287 928 2216 2195 1562 705 369 1174 1000 2792 1489
000667.jpg,704 1857 77 1292 1081 1664 1348 1879 1826 1201 391 2588 2703 1575 403 1716 842 2717 2143 252 82 2090 2638 158 1063 1161 24 2093 884 514 1795 1701 668 1432 583 262 2155 1168 1299 267 2224 891 1056 400 1576 1513 2127 470 1725 1638 1273 170 1724 383 2456 2729 1612 323 756 2840 634 1118 1789 2002 445 1356 1847 748 299 1141 1265 1475 1166 758 1744 1409 1743 2404 2053 786 2682 703 1124 2388 2570 280 607 2266 287 394 1506 2072 739 1291 2011 574 264 2273 1765 130
000668.jpg,593 673 2379 1211 1479 2038 2559 889 62 2415 142 760 292 1431 1398 2219 2364 361 2349 763 767 2217 2416 886 2267 78 302 893 1794 2702 1252 1516 1492 2108 2015 432 1964 36 1256 2117 2618 123 1546 1499 414 887 982 1209 1418 1154 901 1793 579 429 1851 2658 25 2387 975 176 1390 513 2140 875 1065 2818 427 528 916 1049 1557 1399 1976 1890 1137 99 839 2225 332 2074 2757 2568 340 930 1599 2622 555 709 1769 2423 955 2722 380 681 2003 2723 2496 2054 1833 802
000669.jpg,1129 912 2298 2517 2015 426 432 2140 1209 901 1793 151 2793 1431 513 2097 1271 79 193 429 975 2185 1112 1270 2415 988 414 2727 500 25 961 2333 99 792 2796 1252 1684 1619 697 342 1065 2568 2225 2068 1571 62 1479 1418 292 1514 696 528 1699 142 886 593 569 1976 955 2208 763 1058 1211 1215 2117 7 2818 755 1349 573 2416 2618 1546 36 2844 1516 889 1373 1049 2342 1242 982 1521 1834 741 30 427 718 2559 1964 2217 1499 2496 2379 1119 2755 1872 2702 536 361
000670.jpg,444 600 2640 2023 2466 230 317 916 1939 1411 1571 2335 2235 2825 2226 2781 1070 2835 2654 1425 1047 1764 1800 741 388 2635 2795 352 1122 167 1266 2089 1811 1060 1520 20 2713 2190 2213 97 116 551 899 342 2120 255 122 127 1952 695 2433 2556 2648 2738 269 1533 920 1938 2808 892 2352 1828 795 867 2719 2229 2818 442 2545 792 1355 166 2616 822 1743 217 1993 683 1593 1260 1329 1101 1694 669 358 967 1991 2073 391 1524 1924 64 1304 17 928 1606 1556 1341 1509 1058
000671.jpg,115 1251 1153 1315 2612 2522 1364 2111 2603 2425 1981 1013 2476 1336 2079 793 42 1999 1722 2635 1761 1064 1792 2202 1907 337 2513 1638 2261 255 699 2401 2190 2058 2441 1995 1447 836 1117 2222 1109 1435 1060 1852 1103 679 1227 88 405 734 829 2160 2094 1286 2733 2554 184 491 1034 175 1567 892 2835 412 1096 2442 577 2799 122 777 2135 1363 1790 2785 68 1375 1991 1836 16 2096 1337 2820 476 1142 471 120 2807 45 762 935 316 213 2279 2720 2308 983 46 2699 2831 2105
000672.jpg,43 2678 2498 2448 2582 1726 1204 2386 245 207 2025 1866 2688 335 785 2188 1787 2657 1123 387 971 1343 2396 804 647 948 1092 148 940 1949 2724 2737 941 849 838 949 61 192 2315 198 653 639 494 2424 1437 1223 84 2112 835 2683 310 1004 2242 1772 1038 689 1643 2353 2744 2639 2813 781 865 1110 2161 2324 2497 1458 296 2291 225 2814 338 482 1874 2442 2652 2566 1901 2084 1144 2585 2220 686 2669 1819 644 1199 139 1532 1704 1754 196 524 152 2421 1616 1693 2761 594
000673.jpg,207 245 61 785 2188 2025 2386 948 1787 849 192 838 2813 2498 2657 335 1092 686 940 2396 43 139 296 1343 1949 2814 653 804 647 2582 2724 1123 2315 1204 941 84 2737 209 2424 1726 2448 949 2683 1437 387 2112 2382 148 1651 2678 2161 198 310 2052 2230 1772 1937 418 494 644 239 1223 1703 1532 2652 2744 997 1076 1464 2639 1004 2248 2566 2324 1874 1110 524 689 1852 639 225 1458 2220 2242 1901 2688 971 2084 482 2291 1704 1038 152 835 1819 1866 196 1820 481 81
000674.jpg,665 1258 2619 1446 1270 2392 1276 638 71 1249 1112 1167 2692 1630 2481 1294 2229 30 2616 1607 1567 1621 1828 1355 1978 1803 1981 2352 1181 1521 2155 2339 1435 839 1119 2246 294 2120 1301 345 1939 2662 1099 358 2612 1101 1237 2466 958 2093 2279 530 1879 810 1360 2648 445 394 2271 577 787 2835 1445 1268 499 1694 1271 127 1277 1128 444 1058 1327 2212 38 2796 2031 2333 1248 1072 1514 1509 1575 1664 1719 964 2289 741 1049 2452 507 17 2640 64 1341 1964 2530 1266 7 2665
000675.jpg,51 1714 1640 1116 2826 2241 663 1051 2417 1878 1045 1212 1936 1586 260 2397 2287 2712 1381 563 2538 1782 1422 2713 1658 1054 860 2707 47 904 1592 1990 491 2714 606 1623 480 2050 1218 2569 1328 674 2135 2660 2427 305 724 1645 442 843 2308 269 1895 550 1198 137 2748 683 1142 769 2769 1178 2544 2260 231 1606 259 2425 1838 1860 1253 348 2697 2836 1094 1617 2089 1224 45 116 2495 2010 1713 120 1535 2482 1672 2279 1587 2133 219 2830 568 661 1148 1679 1046 1788 2523 1670
000676.jpg,2281 807 1579 377 454 2288 1221 1593 1912 582 919 1293 159 240 695 1541 1354 1884 1097 692 1603 980 475 270 1015 650 546 343 2258 1818 372 2520 362 1402 9 285 2825 504 1084 1610 326 2062 2158 1042 1283 2561 1187 750 425 1683 230 503 2761 952 973 2292 772 265 1300 754 1680 1841 2210 640 920 39 298 1824 2406 1692 1091 108 2687 926 737 2791 2301 1973 1262 1093 814 1659 1528 2666 2369 2625 1858 1702 789 1335 1281 1647 777 1031 1677 1666 933 1893 1697 2682
000677.jpg,1775 1627 1486 59 1313 2089 2753 1701 1725 1151 2309 965 178 613 525 1172 2035 169 559 815 684 2574 1307 1983 900 4 1190 1127 1710 24 2076 75 458 1376 2191 622 2480 408 1197 1208 2148 972 1417 2724 1255 2164 49 674 283 238 2084 1712 1468 1437 1870 489 368 1010 331 1406 1789 2649 2028 139 356 985 404 2500 1563 621 1795 2794 227 2840 2669 409 171 925 2827 2716 383 1056 2526 655 927 1518 481 1365 1955 1029 119 1146 2467 313 1953 2690 266 2531 2036 1975
000678.jpg,313 2438 1743 252 141 1885 1376 1503 682 401 1725 2042 1637 1545 2335 2265 1329 2274 1808 2105 1356 1056 2708 388 1970 2810 1701 163 22 847 2177 2404 2089 2164 1395 2570 2351 2311 1556 2839 2795 1955 383 1201 1441 1061 1892 400 175 2346 466 138 525 592 2285 2674 1647 1214 2055 552 1035 1898 1716 1024 1404 1656 2726 1889 1530 2467 402 1074 1963 403 1991 220 1164 523 2717 1543 2171 419 1710 2128 786 2690 1870 734 609 2155 1657 894 1342 2037 1921 1078 1150 2632 890 506
000679.jpg,210 619 1034 459 1790 2096 2340 661 935 37 2554 476 2194 922 443 793 2750 576 836 1227 448 1702 2030 685 2261 774 2473 2253 669 2823 2623 255 1094 2820 869 2201 2268 1188 511 1936 46 2418 2445 1098 2807 2523 2174 2712 2308 2831 1416 2662 38 1090 1447 2202 1469 2617 1540 1858 649 1761 122 1811 1536 1861 1108 2645 2180 1727 892 2058 1060 2189 1538 1363 2700 2417 1763 2643 846 577 1013 1990 2317 229 2427 699 2372 1336 2449 1694 843 2699 2269 1341 412 298 1109 1520
000680.jpg,2714 2417 1714 1990 1936 442 1392 1878 2196 47 1116 116 700 51 1640 2131 1178 1224 269 683 1604 1838 661 2843 2662 1713 2523 1837 2697 2212 1327 2609 663 2343 2180 2446 2260 1410 2675 799 2454 288 2538 591 2372 1895 1328 2422 1375 1237 1676 2135 1946 195 1567 1564 616 1212 2202 1796 102 1002 1645 1422 1341 1574 918 2707 1181 2194 1095 2530 210 197 2253 97 600 2826 2544 2287 996 1538 2170 993 2034 2241 1094 307 2495 724 1060 1607 716 1859 1587 1099 124 38 2461 1618
000681.jpg,730 253 1325 338 1442 1466 1384 2341 1068 1455 336 2299 360 2145 2655 1717 800 1788 1528 2647 791 2828 2102 1379 2587 1031 519 1485 2369 74 2334 1681 945 882 2151 1992 1853 136 1782 933 2165 2307 2800 1737 2497 2389 1966 1005 504 811 231 1817 568 191 855 881 1707 921 178 937 1302 69 1508 772 1670 2812 595 531 2564 1969 1840 1961 2600 1519 942 415 907 1561 2670 257 208 710 435 320 2730 503 2782 1170 2046 981 1876 1187 2007 1158 633 1165 487 664 1779 711
000682.jpg,619 661 1416 793 459 210 1090 2194 448 2058 2807 1694 495 37 462 2805 1536 1341 2340 922 2189 2571 2605 2372 1702 1447 511 2662 2714 2308 1277 412 2712 1727 1990 1714 1607 279 1843 2648 2466 1861 2417 818 443 2643 576 38 2135 2617 1471 1034 1259 1363 1060 1540 1640 1811 2758 2820 8 1069 1524 357 2254 2360 570 2192 577 561 2159 2555 637 1626 1734 1859 2368 1188 736 20 195 2213 131 1355 2269 1184 1936 1567 122 1517 2461 2253 51 693 1194 1941 724 2554 2523 167
000683.jpg,1759 2757 315 1390 1834 923 2622 566 70 2722 887 1430 569 790 898 1531 886 25 579 2304 1154 951 1557 386 2185 2723 380 1699 492 1252 254 2409 2524 215 601 988 718 73 1440 1373 1976 1851 2379 1242 1721 461 930 714 1470 1418 1793 1427 193 2559 2818 879 2778 2618 1137 522 2719 975 1549 251 969 2663 2540 1516 697 823 1986 1964 143 151 1769 2074 901 528 427 2104 2459 172 2126 437 2363 99 2077 513 2054 1770 277 982 1209 1684 1599 615 2529 2026 432 2596
000684.jpg,2491 522 627 1553 1473 1489 1908 1406 1830 2485 1839 266 173 1107 1810 1876 578 2057 2291 2583 1344 331 1563 1114 904 1011 1236 574 841 283 75 2028 972 990 613 525 1578 1298 2328 137 995 2315 1165 404 860 848 420 532 2250 2669 760 767 2150 684 768 1417 624 1845 2769 1139 1004 931 2814 2148 1608 1772 1186 59 431 1870 970 2509 539 2149 26 2772 2542 1041 92 2475 1720 2526 482 2220 965 1235 1518 2716 2179 639 1486 826 1704 725 1768 2276 2628 640 1613 1944
000685.jpg,1231 1673 1614 2629 1429 808 754 1070 928 822 118 31 2098 2310 2221 504 2747 599 2756 1342 2774 1396 2539 2042 1657 2715 695 1920 2258 567 2137 1728 377 2578 1876 1533 2711 1395 326 698 413 2798 766 2041 444 2027 2812 350 983 1781 1935 715 2594 483 877 2719 2668 2598 1370 1562 705 1463 369 2511 1088 367 2534 1489 60 2472 2825 48 2023 1980 162 2252 2792 1331 1974 1729 1484 2257 2770 1256 2235 2239 407 1606 1791 27 2319 2031 1677 205 240 1023 2625 2195 2226 757
000686.jpg,929 716 2212 1327 87 1812 2394 575 1136 527 825 2034 2487 1988 243 1410 616 2331 1564 993 1224 2563 2131 2802 2196 2166 2525 2106 1713 34 1002 83 1200 2426 652 1584 1838 102 416 666 590 88 2752 2801 1278 355 2523 1382 2336 817 630 2530 1407 499 1978 85 683 2357 1604 2343 2417 996 1719 2721 902 1943 2375 2545 2296 1804 237 47 1709 1919 1119 1419 2446 1946 2180 2609 1729 1587 724 1044 1796 1178 2167 1906 2453 2675 1505 2754 2547 1895 2764 269 1396 1181 1128 2822
000687.jpg,2540 1137 1851 1557 251 1390 1427 1769 923 646 2054 461 2546 930 2323 1306 2304 1964 2379 1175 529 1516 1759 2219 2778 2731 485 2622 1976 697 2722 703 803 1834 2757 1106 886 1252 2618 1115 962 932 1154 1418 1951 579 790 70 969 1721 172 2225 839 2524 277 2185 1242 1531 569 1798 513 975 395 763 1209 2818 2559 2771 1389 853 1514 25 151 2001 2416 931 982 1166 2504 1049 879 887 2759 492 2175 99 254 1546 528 658 2658 2015 566 955 1394 2644 1373 2325 2719 767
000688.jpg,1495 1676 256 852 1796 2518 1718 749 979 434 2453 1732 2227 605 2451 186 610 1762 2458 866 3 2262 2290 2543 603 1431 2170 830 1980 942 591 1073 1131 1491 2786 332 868 1670 176 2029 248 112 340 2350 1178 1705 1200 392 355 2549 855 2275 1450 243 733 1505 1005 1079 497 1398 1586 544 1309 1574 1946 269 2085 1794 1033 288 2538 2730 1053 2755 648 2743 2384 1267 593 94 2487 292 1888 554 2746 893 302 78 878 1890 1393 2685 1051 673 518 1966 361 2420 863 2843
000689.jpg,752 2529 147 1445 30 2468 2104 1360 273 810 787 1539 2246 1181 1324 2271 2097 2068 2771 955 697 1514 718 1373 2481 1939 958 1355 2524 1630 638 1270 1982 2342 1684 665 1898 1440 722 17 1059 1828 1791 2595 1691 1277 2466 1411 827 1122 2363 1278 1320 233 143 557 352 1520 38 1180 71 2347 79 2297 1925 2631 2687 741 2584 2727 1167 547 1192 1811 127 770 1521 1372 2284 551 1816 2616 1629 2619 2146 719 1024 2651 2835 1978 1047 1531 2298 1128 2605 1659 2496 2452 2623 1119
000690.jpg,1434 1296 2072 1298 1689 2671 2354 1810 2509 1733 739 2215 80 2390 1529 2016 1735 956 748 1080 1118 2462 1675 999 2493 311 1506 119 2036 1667 1087 1839 1830 1004 249 1399 1383 1886 295 563 831 93 2419 2224 1542 2408 2328 558 1487 783 2320 802 1601 927 1207 706 581 1597 299 182 2039 819 420 263 2488 200 1086 2053 1578 1653 2133 1553 1470 1585 1613 2266 1272 1477 114 1887 2575 2356 2731 667 1179 614 261 1814 1114 1590 1918 634 1789 900 398 1240 1012 1426 875 2656
000691.jpg,2288 2601 2114 39 1683 1818 1293 159 848 990 475 1340 702 1097 372 334 1845 2624 737 1235 2062 103 1323 502 1603 2471 1335 614 275 546 750 1173 206 1143 343 688 618 2520 2561 65 1451 803 1084 2281 1912 2276 284 768 910 1723 1972 270 578 522 781 1189 1114 1973 1692 658 1537 2772 98 1254 1916 285 2706 6 865 832 251 820 1310 926 952 2378 297 2150 377 862 581 464 2667 1107 1570 2478 2325 783 126 776 1608 1144 654 1221 1655 200 1753 198 1297 1553
000692.jpg,1075 2064 371 601 522 321 2777 2772 1406 1905 1233 2800 145 2606 725 2344 173 911 2583 1553 2307 1609 2240 904 283 266 10 1344 404 841 539 2491 1772 1830 760 627 2485 450 1753 1236 1627 1874 1499 1840 2020 1799 578 74 2334 1313 2676 2373 2165 2276 1876 1561 2480 2836 437 1544 826 1107 1809 191 2769 2380 1011 1223 1908 123 2315 18 532 2561 2309 1114 1151 1940 769 2628 1869 613 1158 2007 2509 768 1578 947 338 2057 2028 1361 589 1195 2376 2150 415 2329 1810 2267
000693.jpg,1431 2208 741 573 414 792 62 2140 2415 17 2658 961 273 1215 1058 733 593 1349 429 292 432 901 1793 342 2755 718 1479 1065 142 1691 176 1211 78 302 893 2097 673 1067 36 955 361 2444 1398 1684 1514 2710 1256 307 2298 25 1252 2517 1209 513 2568 427 912 1181 1980 2559 79 2226 2801 2026 2015 591 2217 975 889 1699 2117 99 2685 886 2267 2727 1833 2262 2818 2196 2529 2556 982 2074 1794 2225 1509 2723 551 151 697 2416 763 1976 555 500 1834 810 2757 866
000694.jpg,2192 1734 2254 1382 1278 2752 1919 1467 1028 2802 2106 2733 993 2166 2525 2233 2684 1327 2212 902 32 1410 575 1517 2555 87 2033 2563 457 1277 102 1690 736 2394 2058 917 1604 2754 499 1259 530 590 2426 1943 17 1072 83 1136 929 2205 462 1988 1804 2501 527 1524 116 2296 1224 2234 2758 1727 2551 2336 1906 2008 1341 2523 2801 1811 652 34 1538 825 2461 716 1069 616 307 2159 147 2547 1859 1713 1607 2605 1838 1950 1355 2721 1099 2357 2692 1181 793 1564 2331 47 230 1200
000695.jpg,2112 1004 2542 2057 2291 2149 1772 1236 1041 494 1820 2683 627 909 146 1874 2220 1643 574 971 225 865 1298 1532 2652 647 941 75 2242 1704 2639 331 2324 2688 2669 949 2737 84 310 2025 152 2606 1343 970 2566 1754 2421 450 1819 1949 1437 2386 2353 940 238 804 2084 1787 1223 1864 2424 1468 74 1038 524 1616 489 43 2312 207 2161 639 1092 1458 735 1840 906 977 2148 1172 2250 2724 944 482 712 219 198 168 1011 781 458 945 259 2396 835 1901 2526 266 2744 1908
000696.jpg,152 1352 1203 2557 896 2353 735 2250 712 1704 2503 1693 1391 1563 909 335 2688 688 1817 624 944 1011 2241 2293 1144 2052 1016 2130 1616 945 75 1954 972 84 1458 2669 977 300 168 482 1045 1643 259 331 2220 74 1754 219 2639 647 450 2148 2312 404 2025 1038 639 1819 1236 2678 1864 985 225 179 2652 1772 1532 1840 970 480 2161 1170 2526 2606 2057 627 310 351 906 1437 238 148 1473 2291 1172 1468 2683 865 1092 524 2424 2769 2084 911 971 1901 2386 965 1004 2491
000697.jpg,1616 1768 1365 1199 1371 300 1693 1139 481 2582 732 2761 2115 1433 2737 949 1011 310 2768 2242 944 1488 69 2526 1458 1605 106 331 146 639 2220 1817 2639 148 1343 1204 198 2669 785 2179 351 647 2291 2048 136 281 1692 1255 335 653 2025 815 2348 2057 1954 1819 84 2652 494 353 941 594 804 2353 1352 2386 940 1738 1901 98 244 2683 1787 2688 270 1570 1437 1949 43 835 2112 482 2315 1563 2149 2497 1987 1866 1643 1874 75 207 2585 2678 1092 849 2424 2309 1532 712
000698.jpg,674 1307 606 1586 1046 563 2397 2076 1051 497 2626 2574 1658 977 2753 1381 860 2287 415 769 1710 1253 904 161 2544 2826 2660 1197 1158 2007 1636 2089 1895 2815 433 1848 169 1878 2732 1775 2309 1428 965 368 1983 2713 1490 906 1312 197 1313 1552 1414 2046 2480 1627 1725 259 1035 2376 2482 2241 2200 1486 815 832 2010 1975 2133 1670 356 1339 911 1054 2191 2375 978 1897 168 404 525 1799 178 75 348 684 1116 1369 408 2538 623 26 2553 1417 49 1965 219 622 1127 486
000699.jpg,1701 1725 1056 1201 59 388 2810 2346 383 2438 2717 2351 368 1916 2753 4 403 400 2089 466 1766 1356 22 2570 1716 163 252 1743 1637 473 1061 1826 1486 1775 169 1329 2404 607 2708 2839 408 313 1953 626 682 2840 2155 1556 227 675 1857 2311 1150 1752 138 2128 1339 2574 815 2726 24 119 2335 525 2467 401 1789 1213 657 1376 609 786 2690 2366 1214 2588 1881 1530 2795 1983 49 592 2794 1795 2171 1889 1839 565 1627 2470 1879 674 2531 1847 2191 668 2389 1744 927 141
000700.jpg,1185 1931 677 815 2704 598 732 1262 2558 1055 2115 2048 1802 1199 214 1433 1139 2531 2278 2766 2580 496 1881 2526 640 1365 1019 2435 1777 146 1692 331 2046 431 995 1987 1601 925 1899 1602 655 2220 992 1944 1397 1623 2669 420 2768 2309 2502 239 244 1255 2506 1825 270 1768 617 408 2639 1616 2728 1488 2827 290 654 106 814 759 1544 1953 939 1874 1362 137 2720 1820 323 2427 1605 1738 1417 1693 1018 1282 695 1011 2761 148 2348 165 2382 1578 1710 974 1381 1782 1483 1151
000701.jpg,532 1717 1961 738 760 2587 841 2328 981 1165 208 173 2655 2302 2165 126 399 2028 522 578 2051 1233 633 1250 921 247 12 503 1160 347 2628 875 2734 1657 1243 72 855 1473 415 1107 2134 2276 2387 2334 1708 1466 662 2088 1439 114 191 1967 791 2592 1555 2583 1830 539 1415 2067 2512 2421 1969 2108 1553 1519 2378 1347 938 1908 437 2322 174 1344 390 1700 2064 767 1876 1966 1442 1511 800 713 1821 2491 1635 768 2775 1186 1368 2836 92 618 2267 303 671 1206 1845 1601
000702.jpg,981 1897 1391 2276 1496 1413 2667 1747 1704 2686 812 896 1965 381 2165 826 1311 2349 1045 283 2628 709 1344 1202 1233 2200 2241 21 2148 2503 2462 1519 841 1767 2815 92 1160 1819 1422 743 437 2267 1186 1864 2655 883 597 199 2314 2069 1636 1443 2734 2397 1799 2341 191 532 208 417 1686 2477 1553 2302 1499 2290 194 937 688 738 977 712 378 161 1717 112 2344 985 1737 1490 735 1007 2020 904 435 2746 2312 2587 2676 1788 760 1148 909 126 769 2038 1158 2007 272 415
000703.jpg,28 2055 1752 2095 1314 401 626 523 847 316 1100 1741 221 2660 1657 2454 4 1405 1750 914 987 1117 1955 2105 1156 1595 2501 2177 2817 1091 2819 1023 2193 2265 94 48 2551 88 817 552 1331 330 11 1808 2674 1563 1723 1102 1545 1146 92 218 1961 1566 2487 313 2171 1074 2470 141 2316 533 2534 1247 2790 1376 1339 2260 599 100 2021 2810 2209 2314 26 1778 2411 2119 1473 1519 348 1347 1963 2527 2274 1070 550 105 2747 771 1934 483 1533 2190 1614 1894 883 2300 2745 1342
000704.jpg,198 2639 1616 647 1693 732 310 2220 2761 949 146 2652 2737 639 1343 2582 940 2242 2669 1433 61 353 1570 2683 1949 2025 1532 1563 1561 2315 2424 941 2386 2161 1820 1437 1204 1011 1768 849 331 196 804 84 481 300 148 1199 1092 1488 2526 1643 1787 2112 335 1417 1458 2353 1874 1901 1208 1819 98 835 152 192 2084 1139 207 781 1692 2585 865 494 1083 238 496 785 43 759 1772 1468 594 1365 2744 1371 1501 1704 2768 2688 2324 2291 482 524 1123 2309 2497 2046 2115 245
000705.jpg,1381 674 1658 1710 1307 1328 197 2287 2660 2753 606 860 2089 433 1955 1782 724 1051 1054 2840 2467 2708 2544 1725 2690 1873 1592 348 305 2826 1035 169 26 312 1253 1197 815 1417 1312 2309 563 2105 259 1135 1775 368 1627 2397 1656 1369 481 2827 2241 2289 290 1117 497 1046 1148 1486 2177 408 1975 1586 356 2019 2574 2191 2375 2712 1376 978 187 2076 1640 925 684 2794 1056 49 525 965 1339 1789 480 231 491 2243 1003 1074 2308 1282 1895 2164 1441 562 319 1111 2531 431
000706.jpg,460 453 208 2587 2122 1510 399 2163 1705 72 791 2000 222 1628 950 1717 595 2490 2389 1565 2655 360 1415 1508 710 174 1737 2782 1325 2009 2578 882 1428 2600 254 1681 2679 2369 2012 1031 711 2341 1368 942 2477 1600 1173 2001 755 1287 1367 633 2553 253 1668 727 235 2534 1965 1707 921 2085 487 772 1436 1989 660 504 2218 1574 479 2132 1017 2054 1992 477 531 1085 1779 1455 545 672 1855 2828 1384 2064 1239 589 2405 1361 2170 816 694 2647 1786 2686 1202 156 1439 826
000707.jpg,1310 395 754 698 2778 2644 930 1512 928 932 1851 1531 2221 504 1516 2622 903 567 2185 2304 768 955 1521 2379 1964 1368 1049 923 7 1418 449 1390 2719 2310 1791 2225 2539 572 1230 839 545 172 763 697 729 2416 1367 916 65 975 1249 1929 2496 1115 2319 1128 1759 2459 2666 2015 1821 2798 251 1976 1546 1271 342 1829 92 1394 2065 2140 1210 1657 2504 2618 2796 1154 1162 1514 1268 461 1137 808 579 31 1065 70 1252 277 1721 2757 2001 532 887 982 314 2540 97 528
000708.jpg,2790 2411 2034 1644 1926 100 987 1656 1407 1305 1624 1796 1812 2817 1134 2305 1096 1102 2545 1729 2764 897 817 1873 1405 635 652 2501 799 1314 562 2044 483 2426 2675 2232 599 1934 85 2530 996 567 1568 860 2300 2454 2105 1370 1136 1381 616 2098 2417 2843 998 2239 1002 527 1564 2822 1105 2711 2721 808 766 2131 243 929 591 2196 442 2609 1584 2275 113 1574 716 2357 64 319 1878 2487 155 825 326 1988 237 497 784 683 2714 2610 1461 1042 1948 873 666 88 943 2065
000709.jpg,1018 1692 654 1918 782 2690 655 927 1789 2531 2435 1019 1899 1312 2669 247 954 2526 2236 815 2467 270 1591 640 2827 403 323 2656 75 39 737 2561 1881 1916 1433 751 2115 2048 995 182 2278 2505 2465 1712 159 2220 331 214 1931 2704 431 2502 239 1655 1839 617 732 146 1199 1021 2794 1768 2580 475 739 502 1605 609 1139 783 1953 297 1647 1335 1975 1365 1693 2841 1810 990 1035 806 910 2558 1987 1602 1486 2601 1488 125 1824 2768 1608 1176 1830 2708 2322 688 1738 1235
000710.jpg,951 2818 1834 2757 1252 461 790 1759 70 930 2778 1390 2510 2524 886 2722 1242 2540 2556 315 1427 2622 1320 1976 898 714 1769 569 386 143 2015 1137 2074 2104 969 211 500 1531 697 988 1166 2077 2219 2478 2559 1549 1373 2685 277 718 1440 975 1514 1721 380 1851 982 923 1122 646 2185 1418 1430 73 151 2054 193 414 254 2226 1964 2065 1986 2702 1557 1938 839 566 2325 1058 2379 2304 2409 763 2225 889 879 823 1516 579 901 2117 932 2771 1684 1628 251 741 121 492
000711.jpg,2041 2027 2249 326 350 1920 2680 1935 31 2715 772 2305 205 2258 118 2770 1183 1614 1396 1463 1367 2086 871 2103 1677 1673 924 2696 1998 754 2257 2369 104 2528 504 2625 1853 1231 766 1644 2774 33 715 1370 2664 487 2711 2216 2782 2359 460 2773 2812 1742 813 1088 1681 1331 2239 2629 1554 1729 2259 235 1263 2627 809 1105 54 189 1174 2195 508 1042 240 2511 567 367 2792 1654 1302 1015 1974 1893 1325 1429 2573 1680 2313 377 808 710 1384 1695 877 2789 1739 1423 1569 1239
000712.jpg,2386 940 1343 1787 804 192 207 1949 647 84 941 2025 1092 2737 43 949 2424 2683 2315 2161 61 2582 1437 2112 1123 2652 849 2724 1874 1223 245 1532 1772 1204 310 494 2639 785 948 2657 2188 335 2084 2242 1820 196 2448 524 2324 2498 2396 639 2220 148 2678 2566 1819 198 1038 1726 1004 1704 2291 2688 225 1458 1468 152 482 2421 2744 1840 74 1616 835 1643 1864 489 1754 2353 1901 1110 2813 496 865 838 418 1208 971 296 238 353 686 139 2814 712 653 2057 1011 2052
000713.jpg,204 20 2213 2030 2623 448 510 1232 167 294 1304 1694 824 636 2269 2162 40 2708 122 2521 2571 459 576 412 2820 2726 894 1502 2616 1764 2128 1540 1811 892 476 1078 255 1556 2554 2841 1032 2094 1530 2168 1536 1702 2278 851 138 37 561 388 419 1401 1632 1927 2643 511 922 1939 592 230 160 2700 2816 2089 181 980 669 2832 217 2153 2171 1330 2807 1227 643 793 577 2508 2466 2648 1104 46 2308 96 153 1184 2547 1716 95 1363 1629 2061 2595 495 2427 443 2465 2505
000714.jpg,1488 2278 1433 2841 1536 1083 2643 732 2502 1184 701 2761 106 1693 815 620 2115 2203 1616 609 1987 2427 1692 481 2435 1199 239 1365 2048 214 759 1602 290 636 117 655 2531 2220 1019 2179 331 146 1139 2526 2571 2768 1371 2669 654 1605 244 1570 300 198 40 1768 1417 6 148 693 1255 1820 617 2827 310 2639 1738 546 270 2467 1318 1856 2708 2263 1843 1312 647 2652 335 2720 1563 2704 279 2690 751 2089 1881 1185 510 1953 247 1882 939 61 1899 495 1569 1208 2521 2569
000715.jpg,1406 1553 1430 522 841 73 1233 613 2490 437 1173 1721 380 2477 2391 4 790 2325 1628 709 123 767 1652 2054 121 601 1599 2069 254 1137 1160 1075 1769 2702 676 202 1001 1753 1344 2276 1549 1531 763 2074 2267 266 988 1752 1938 143 1869 2478 1965 18 2387 2380 2072 760 2256 2364 1499 1157 569 2686 2777 823 2622 2117 378 2663 2818 2108 114 2633 611 614 36 951 1905 2349 2003 2772 578 2219 826 1484 427 2134 714 2000 1609 898 2064 566 404 1890 886 2126 283 627
000716.jpg,1265 388 1201 607 2638 119 2438 59 2404 1701 1826 1448 466 401 2351 1296 1478 22 163 1725 1515 1061 1556 1716 1637 2708 252 2128 313 2366 141 2717 2021 894 24 2810 2346 1545 1688 2588 2089 2295 2032 2274 383 1383 1857 419 592 2143 2171 2816 631 1766 1543 1638 184 408 1879 1808 2311 1984 1530 1214 473 2570 1889 1576 2574 403 227 565 668 637 2508 2841 1404 1789 1933 2751 204 682 375 561 609 815 1337 2153 957 2335 525 1356 1743 1896 1078 1916 2308 2726 160 1970
000717.jpg,670 1035 1876 2809 322 640 1700 1569 1011 1902 1091 1974 1961 1692 860 684 617 1839 2119 240 1376 1312 933 1186 1018 2179 1657 751 2534 26 2439 1870 2756 1710 655 2656 270 1975 1235 2828 354 737 75 1417 2669 995 1489 2812 766 1473 128 990 348 2322 2561 1302 1881 496 481 1984 2259 598 580 159 247 523 705 1074 1197 2309 2236 1693 2091 1917 1768 715 377 48 39 992 60 353 2704 972 2046 2775 2668 654 2164 806 2150 69 313 2021 1342 828 2728 639 1562 1601
000718.jpg,119 1296 227 1515 2273 2677 1768 2048 558 1383 80 24 1947 1815 1933 783 5 1312 739 1436 695 2143 420 1397 2036 1601 2215 1086 1292 1857 1766 2039 185 1689 1146 1789 1518 1839 1733 1842 2682 366 59 1298 655 607 2408 927 4 748 1478 1139 1164 1984 2218 1055 261 1529 631 403 815 609 75 424 1365 287 1434 1822 1087 1448 649 2412 182 1944 1756 123 844 1578 634 2127 2198 2152 1196 746 1802 1810 2390 2354 264 520 654 925 244 90 408 1240 2393 1553 957 466
000719.jpg,1175 529 1115 1106 485 1394 395 1427 1951 1306 2540 251 646 2644 2323 2546 962 2504 2759 1389 2054 1137 658 803 1798 727 923 2304 2178 1390 1851 1557 930 2622 293 2778 254 1759 697 931 70 989 2478 461 1801 215 569 1559 1107 1769 12 101 1721 2381 2219 589 1361 768 790 374 572 903 436 364 2185 1310 886 545 1418 932 2066 703 615 1908 2077 2533 1230 1531 2618 2379 2524 2722 1516 1900 1964 172 2731 2757 578 1976 522 143 579 315 1845 2325 72 1154 2409 1786
000720.jpg,1083 2278 2720 1536 2427 290 2708 2089 2643 693 2841 732 1488 925 2191 1185 2652 68 815 620 481 1433 279 146 2283 2827 458 1437 525 2819 2467 2094 61 734 1417 238 849 2441 139 239 2690 1487 621 1208 49 637 310 2807 26 1592 1563 2712 408 1856 137 647 1103 1843 2308 495 759 2164 2220 1364 1530 1078 2500 160 609 1117 2531 2805 1870 2716 2438 1184 2035 491 2571 300 330 1820 655 1369 900 245 171 335 2552 2179 2442 168 2639 1852 181 2569 1651 348 644 1019
000721.jpg,1009 2158 1622 2100 837 352 264 2092 2635 2486 1159 1698 2484 2399 2063 2223 317 2255 342 349 195 2253 455 1 2215 1449 2455 551 920 2384 819 2833 2371 2576 913 1888 1338 2139 1095 1262 695 291 53 1057 1572 2412 794 2834 2586 2301 1053 2273 1994 289 649 2078 1071 1008 389 2786 2403 741 1147 1639 2575 1667 2797 1260 1837 2029 917 2208 667 541 2776 912 2451 2269 1520 678 1264 878 1551 1615 1689 961 2436 2292 2682 2719 1441 1346 1234 90 2073 2736 1861 600 1904 1777
000722.jpg,2378 938 1511 2583 1779 1969 841 1415 2421 173 1582 503 633 738 283 2671 2009 921 2328 865 266 399 750 1250 1439 711 1957 910 1754 713 2051 995 13 1165 1038 2064 72 126 578 174 334 2302 4 2477 1420 1784 1243 1711 2520 613 522 191 1412 73 640 1114 2069 691 2532 848 2172 826 1537 1565 2471 627 1737 1541 67 1704 208 2599 1406 18 1146 1041 981 835 1236 2121 128 2561 2210 1700 1012 249 944 909 1740 2362 98 2 1830 475 781 694 286 2775 776 1916
000723.jpg,2468 1324 2504 2771 1024 1373 1939 1531 2765 752 1294 1386 1389 2284 930 2381 2778 1122 932 928 1769 2540 2146 1180 1982 2524 2595 615 2018 1967 1080 1446 2478 790 547 2616 1635 1427 1549 2546 1514 879 101 390 989 1925 646 1971 1997 697 2481 2818 2584 1883 1659 2529 556 2620 1050 839 1027 2579 2104 1811 423 436 1166 569 8 1411 1691 1252 2532 951 1295 2185 962 1900 1192 803 898 1162 2323 364 2347 2297 2077 529 1898 1791 982 714 2466 172 167 1137 789 30 2363 211
000724.jpg,766 328 777 2105 1091 1021 495 2238 1303 2687 240 407 1647 2467 2565 789 1109 1314 1843 337 643 1702 2534 847 1996 2789 1885 1376 2816 2177 131 2747 1503 701 715 2317 1941 2790 1471 1220 8 2726 1461 670 1035 1018 782 1289 2611 2285 2017 699 510 2690 443 924 1898 2521 1883 1797 1026 534 1974 1093 2501 1970 636 252 561 1353 2674 1926 2103 1487 2171 175 1300 892 1963 2190 1032 2745 2449 1891 2228 141 1176 2505 2465 313 1023 2168 1918 1656 181 2055 2109 189 483 2042
000725.jpg,1584 88 2487 1132 1407 2034 2375 2817 929 1729 1396 2525 355 2166 87 575 1476 2545 1713 102 2802 2106 1224 1410 2454 85 2523 197 243 599 1838 1812 2563 1604 817 1895 993 1328 1134 2202 902 83 996 2394 483 590 527 1873 1105 1564 2752 825 2530 616 1002 2212 1327 1331 2098 34 1382 2422 908 716 2243 1988 1136 2501 2544 517 47 1673 897 94 630 2650 1200 2331 2714 2045 2343 2239 1096 1587 1919 666 2745 1614 2547 2754 2180 237 2426 1305 1278 984 1990 1178 2336 683
000726.jpg,1603 2288 1293 475 1097 334 285 1818 159 1084 275 1723 2601 1221 737 502 2062 546 820 1335 2281 1683 270 750 39 372 2114 343 990 910 1973 1402 781 1912 1235 2520 848 1323 1537 103 2624 702 2677 2471 2402 2210 1340 973 1884 98 298 1541 206 6 2561 1972 1916 2378 688 1300 454 1824 618 281 807 1451 952 1570 721 2346 1655 1845 1692 1579 265 284 464 65 2666 1015 1706 2502 1173 926 1831 1647 1143 1021 650 865 862 1297 1283 1610 578 1125 2132 980 776 1080
000727.jpg,1917 2230 671 2052 474 1198 335 1184 838 2552 2130 239 2144 33 726 1016 300 2813 209 1302 338 2678 2365 81 1391 2809 2498 686 2179 2470 1708 653 387 2442 785 2173 1076 594 1464 1454 2280 2188 2657 624 2718 2814 2353 1170 2091 49 948 1592 1352 712 481 997 2263 1937 2116 1693 2448 1123 1703 1563 2286 974 2569 2382 296 663 1144 245 152 1203 1347 2164 2838 2083 1639 2241 2248 985 148 2562 2087 2193 1142 1473 1738 2592 1288 550 644 2489 1726 1777 896 137 519 1127
000728.jpg,2169 473 2751 1326 2810 22 2351 1201 1696 388 1953 1688 304 1701 2346 2113 1214 2457 1916 1213 1711 1171 2128 2274 375 2366 509 5 1545 1826 1752 1744 1404 2567 1881 2666 401 1515 607 1061 2404 306 299 2171 2066 844 2090 657 2589 682 2002 59 2584 110 447 1857 1411 466 1637 425 1808 1766 121 1842 2602 2311 163 252 1612 278 1089 2435 2183 2588 2766 2729 2717 2726 1139 1815 1426 214 323 2022 1012 1582 2014 1292 4 227 1605 1397 1406 1889 998 2082 2438 202 1531 244
000729.jpg,894 2554 2094 793 1530 204 1078 160 2708 2643 419 1536 2807 1401 561 2565 2283 2269 592 2278 892 734 2089 1232 294 2816 1632 476 20 2030 255 412 2153 744 2438 1764 175 2571 46 957 181 1927 1540 2168 636 2473 1556 1032 443 510 1811 1716 637 2155 2841 1543 2501 96 2726 2128 2213 1694 2071 2308 2623 40 388 337 2521 511 1330 1638 2616 1933 2427 576 2162 2181 122 1024 815 506 68 2820 448 609 1991 495 2058 1176 2819 1827 1304 1702 403 1896 2205 2648 2191 1844
000730.jpg,725 1928 2409 895 303 931 1114 103 1323 1908 2772 1357 321 1810 2509 1594 502 145 2728 714 522 2542 990 215 539 284 126 323 618 1207 2601 297 93 2149 1558 1821 2016 2276 1235 485 2329 1608 1590 2656 2561 578 2777 1121 1257 1753 371 2624 723 848 1233 1905 1845 614 1830 1107 589 1361 898 1720 768 2471 381 1406 601 1195 1553 1041 1340 272 2000 702 1165 783 2324 1772 225 404 191 2020 2653 1721 2485 450 1839 247 1451 2214 1075 347 2512 574 995 2462 1391 75
000731.jpg,2713 2510 2712 1609 759 2308 431 2561 2480 1569 168 1184 2772 2179 1592 1842 2427 2240 1820 2569 491 637 1623 2777 925 1940 2089 1753 2376 1397 404 684 972 1825 1640 860 1035 670 1313 995 1307 2769 1417 725 2021 2708 2637 640 420 2761 2193 137 1018 1617 1881 2707 751 1710 2211 247 2827 1666 2804 2439 1117 2800 1339 1536 1878 2571 525 1839 550 2076 1693 655 2309 1570 521 1657 2278 496 1312 2805 2445 290 1700 1113 1381 1218 2164 1190 1658 146 1433 2489 617 1680 2088 1091
000732.jpg,2213 388 317 1150 2229 1543 668 1540 1612 1304 204 1530 892 217 1078 1556 412 1889 2308 20 1744 476 2030 2089 1764 2061 403 1638 1061 167 138 2269 2779 2708 2635 444 160 894 510 2588 2128 2713 473 2717 255 2438 2521 63 2404 2841 2766 1330 2707 891 1712 419 1032 1502 252 5 1214 22 268 40 565 2433 506 1716 1507 2508 1815 1104 552 1773 1647 223 2550 1213 110 1401 561 2712 445 400 1171 927 2366 2571 2171 1939 1789 1019 182 2311 2427 2569 1857 46 2094 1844
000733.jpg,2131 97 442 2235 124 1837 2196 591 1936 116 1126 269 2736 154 799 1878 2417 1134 1392 866 2609 918 1796 616 2675 1505 2034 1980 2545 307 1067 2843 1181 680 1449 2472 1495 2436 1375 792 943 1438 1588 2100 1407 1002 203 2697 600 1946 1132 1564 1645 1491 2063 2208 2310 2296 1584 1676 967 2357 1620 833 700 652 1948 2170 2825 1838 1888 1053 2525 996 683 2530 902 1224 551 1713 2399 1538 1200 2430 414 2714 2685 47 34 899 2453 1812 716 230 2023 91 344 1431 678 917
000734.jpg,735 1704 2683 1874 2057 152 2291 1236 1563 712 494 2583 627 1772 2652 909 2421 804 2312 639 2688 2148 1693 1754 67 524 1011 2161 1038 1819 74 647 2220 1840 1949 1458 2386 1343 941 1643 2639 624 940 1092 2424 2737 1223 949 1787 865 2025 2353 2084 2769 1532 84 207 331 219 225 1864 2242 482 1437 1004 1616 26 1468 310 43 2149 1820 688 2669 2606 2112 2052 489 2503 1041 977 1369 450 75 259 2479 1473 2724 944 1489 2566 2475 2250 2542 945 970 2315 1578 906 1901
000735.jpg,2173 1103 2280 2419 2842 858 49 671 1029 209 2083 2052 525 2079 408 239 2164 120 596 2716 1967 559 612 2365 1483 137 2794 1486 2308 1190 1635 2674 1712 2591 2089 2712 2230 2087 2470 169 1003 383 999 1781 534 1019 1760 2827 838 734 1606 2279 2144 2191 1274 1640 2160 2439 2574 1746 1282 2427 637 780 1555 2361 959 1999 2840 1018 53 1710 356 684 1179 1672 2243 2500 900 2480 1975 657 1899 1941 313 622 1907 2814 2382 2495 1313 1715 2552 927 1481 1977 279 954 330 1197
000736.jpg,2034 1796 652 591 497 1246 1946 866 2764 799 943 2375 833 527 100 2545 1586 784 1878 918 2453 1574 683 2170 1812 606 1552 651 1676 2685 1491 2675 2063 2196 1046 1414 2131 929 1895 2487 2817 1564 616 463 113 1002 817 2843 87 996 1505 2544 2609 1988 319 1636 2530 237 2426 674 197 700 2300 1178 2482 1224 2815 486 256 1449 771 2802 1316 733 1136 1431 2822 2397 2262 124 2626 1838 1407 1495 154 269 1713 716 161 14 1588 102 83 659 442 1873 2732 1523 1200 2208
000737.jpg,1910 2627 1052 396 1217 2083 2071 2795 1188 2306 2839 2168 2370 856 309 2591 1806 1741 1933 400 1823 1764 1145 2335 1108 122 1556 2799 2197 1329 890 2594 1736 1865 2570 2648 1991 1797 1286 562 2044 2642 827 2222 2342 42 834 1456 1304 2193 2160 968 836 2747 935 2096 1828 1167 131 96 2308 2816 2661 367 2237 1356 1013 2674 2450 1305 1315 587 16 2595 762 2789 1059 552 1044 1337 861 2481 734 809 922 877 345 2012 1283 1566 1047 637 1156 1363 2079 2437 2101 2527 2011 2264
000738.jpg,1593 1912 230 407 2281 684 1756 1395 2238 1314 1317 1093 649 2711 1702 2825 2073 187 777 328 1091 1715 1975 1993 1260 2687 695 1197 1312 920 464 541 822 2158 1591 2239 1262 2157 2310 240 1074 1441 1109 2190 2252 766 2335 1117 2545 650 2171 692 1353 795 2682 1135 562 290 724 175 2268 1502 2301 1035 330 617 550 1342 1996 2762 454 564 1647 805 2070 1517 1844 1950 439 2199 2726 372 534 247 2547 1921 444 2292 94 1662 505 1723 2326 1984 2258 789 1281 1970 389 475
000739.jpg,182 1087 1789 954 1434 574 323 1712 1839 169 2840 927 268 1298 1397 2542 739 247 347 1760 24 408 2036 2580 420 1601 1486 2728 75 2419 1004 2016 1899 1553 2112 146 1333 655 1953 1810 684 331 1312 2150 1139 2777 654 2214 458 2191 431 1975 1605 1141 2361 2669 895 2526 1018 409 1623 1255 2236 815 306 2028 559 1127 2656 2048 783 1689 2133 49 1055 1886 640 1775 59 1875 2177 525 986 128 404 2220 1757 560 1019 1365 2558 368 2143 1881 782 1199 2380 2462 2470 1768
000740.jpg,1569 2179 1700 1489 1902 354 860 1870 26 983 2809 2021 1417 348 1035 670 854 322 2489 1011 11 69 1186 1369 1074 2569 1623 2427 1091 1693 1184 2699 481 2712 712 759 525 2119 2761 2756 1563 2241 972 482 624 1473 594 335 168 300 2322 111 1190 684 1852 1616 148 2309 1961 48 1117 2046 992 1562 1592 1686 2657 169 137 1199 1113 496 491 715 523 260 2668 1820 1203 1570 2713 1376 1488 2220 732 705 550 1817 1433 1365 1458 2088 224 580 689 2164 785 713 2669 1352
000741.jpg,411 1145 809 1456 2774 877 968 1284 367 2027 2101 2528 2370 224 2681 2044 2689 1461 2789 1644 2306 1823 1741 2594 2081 2237 1910 2799 118 2770 413 2103 31 1052 890 205 1042 808 1781 326 545 2086 2790 705 2627 508 2411 567 1305 871 1942 698 1991 1188 1920 1102 1934 1891 2041 1656 1865 1367 2715 1182 1935 33 1791 2313 772 2264 1400 2369 2216 369 2012 602 2711 924 1111 2193 2361 2573 754 526 1512 2680 2083 1917 468 1088 2195 2599 1746 2792 449 2258 915 350 1926 1729
000742.jpg,1517 462 575 2254 724 2733 1382 1734 2192 2684 1476 2754 1259 2752 2234 1690 1467 2268 1028 457 2233 2555 2136 32 1169 1538 1626 993 2637 2547 1278 2166 2159 736 2106 818 38 230 2360 2368 2802 102 2525 2394 2239 357 2780 1669 2523 187 2422 1919 590 902 83 2805 2605 1200 2033 87 2417 2721 530 1410 824 2212 1327 1194 1709 517 465 929 2563 2167 94 1611 1943 1604 2651 34 678 825 2426 2501 1069 1136 1277 1996 1713 1025 393 2758 1950 1419 1838 2180 88 1244 2058 1727
000743.jpg,2063 2208 2255 2455 1572 2727 1431 307 1509 1520 342 1619 2140 912 1129 792 414 176 591 1159 913 1067 961 2038 741 593 2844 124 799 551 427 2776 1375 2568 2196 733 154 673 1349 41 1058 573 2833 1122 2614 2796 2068 1850 426 2108 1505 36 1211 1264 97 1491 1814 2097 2843 2697 1597 1794 352 2685 2185 2702 1009 1936 1516 62 2710 302 78 893 729 1094 667 1539 2117 1499 866 837 2026 1652 405 1571 1181 500 722 1065 1675 234 2415 1399 1964 17 2045 442 292 1215
000744.jpg,669 1469 122 448 1764 1560 1304 1865 2831 42 2623 2213 2820 1610 1790 476 2700 459 661 1188 600 1060 935 2317 1425 2791 1858 577 229 2662 1108 576 1227 1447 2096 2554 1548 2437 685 511 2030 1880 2313 2571 2222 2135 20 836 2197 2202 1995 255 922 45 298 1212 1034 2720 2807 2268 892 491 2425 116 2372 2194 1285 1411 468 317 412 2648 2750 2118 980 1811 2190 2201 217 2058 2428 1363 1422 793 38 2466 47 115 592 1981 2438 1032 777 899 1337 2705 1990 1277 2340 137
000745.jpg,684 1197 525 1870 1417 1569 860 2021 26 972 1376 2179 1190 1700 1775 2713 1369 1617 2089 2164 1984 1151 348 965 983 2035 1313 1172 354 1710 168 1117 523 1010 1781 330 1113 2309 2480 670 1035 2649 2769 1127 2241 1627 1623 712 11 2827 1902 1011 1388 2427 178 1468 2088 313 1255 481 1489 1563 260 1184 290 404 2076 28 2191 2569 322 2308 2439 2177 458 1657 169 2712 49 925 2794 1609 2574 1312 1070 2753 1839 81 1486 238 1365 231 92 2252 1961 1601 2716 59 408 2150
000746.jpg,568 1490 259 2788 977 2312 735 1170 2826 219 1051 2161 2241 1788 2050 904 1110 594 1670 2397 1840 1561 474 2506 2046 1261 1379 769 480 909 970 2836 191 1120 201 1586 1352 1123 1901 1799 179 2585 1704 663 1148 1922 2748 112 906 1045 2678 1371 2769 450 1532 152 168 1198 811 440 1203 1253 712 338 2353 2628 435 1819 257 749 2165 1693 2688 2148 1563 2290 415 2815 1570 198 1218 74 2746 2315 1643 804 524 624 2376 404 876 1679 1144 1458 1092 84 2497 1864 1311 1949
000747.jpg,940 1949 1343 647 2386 1787 804 84 941 2683 192 2315 2424 2737 2161 949 1092 207 2652 1532 2639 1874 43 2025 1437 1772 1223 2112 494 310 2582 2084 1820 196 524 1204 198 2242 61 849 639 2724 1819 2324 1123 1704 2220 74 1643 1616 1038 2291 152 1458 1754 2353 835 2421 1901 865 225 1840 2688 2566 353 2657 496 148 1468 482 1004 245 1208 1110 1864 489 2744 948 2396 335 785 594 2188 2057 2479 909 2448 732 2498 2678 238 712 1011 1726 1563 781 945 971 1561 2669
000748.jpg,2325 276 2553 1428 1335 2815 1552 1173 589 1361 1666 727 659 1414 1246 772 1367 769 1965 1948 1451 14 545 2405 415 1162 1230 1600 832 460 1310 572 1985 1848 942 2667 658 485 1340 950 1983 2007 1656 1158 1319 2644 453 486 791 2828 1586 2369 606 2009 1508 2732 188 702 911 531 1287 977 563 903 765 2400 1197 1683 475 1723 2817 1705 2288 2086 978 1253 2076 39 1786 2358 72 617 1512 711 1312 595 1574 504 2001 710 109 497 2782 529 1636 161 2012 1046 907 1325
000749.jpg,167 1069 2758 1090 459 2535 1811 37 1474 1355 1607 2317 1341 325 745 2605 2754 8 20 1188 1763 1790 2372 2383 719 922 1006 1034 122 38 1727 2630 2573 2058 2648 1277 1524 443 2268 1082 1180 1308 448 586 1671 2201 2555 2820 1828 2466 793 1353 2750 935 1694 2018 1285 1060 2835 2212 1327 2284 2623 1027 577 764 642 2721 2695 2571 127 2096 462 511 230 2190 1941 195 1520 576 42 412 373 116 2651 2095 845 1198 570 1372 2347 2297 446 2495 1363 2213 1626 1800 2449 1278
000750.jpg,844 509 1605 2457 214 2502 2521 2183 510 1171 1602 609 1061 1738 2768 1953 2128 2153 2351 851 106 2435 2162 636 1696 1515 1632 2152 1591 22 1214 5 2404 244 473 1502 1365 1987 1213 2751 2169 1744 2203 592 1488 2567 1612 2643 1397 957 1232 466 2048 1766 63 2531 2465 2505 2060 1176 40 654 2182 1927 1255 1889 1139 294 2115 1881 1019 815 2572 2726 939 2811 323 138 2348 1362 2611 1916 403 1723 894 2841 1056 1433 90 1199 2346 1603 204 1078 744 163 2061 375 1824 2278
000751.jpg,2794 1019 2827 313 1018 782 2632 1970 1376 2164 252 268 1712 525 2708 402 1789 63 408 927 2435 2311 1892 608 274 2142 2089 1486 1899 1889 559 1760 1503 1022 2181 49 1896 2841 2177 1103 2467 1214 2191 1190 1710 1150 153 954 2690 403 1282 171 2105 1417 2061 356 523 609 596 815 452 628 169 2404 478 2398 290 2265 1568 1507 2308 481 149 657 2232 2438 2091 2821 2574 1530 1725 2569 1056 2283 506 900 2285 295 1955 655 864 2531 734 1781 2278 239 2252 753 1433 637
000752.jpg,1579 377 1541 1221 2359 772 582 807 572 1230 750 2520 504 1603 1015 1402 65 1853 1680 2664 503 919 1354 9 1031 2369 1367 702 1187 2210 326 372 50 1739 339 54 240 711 1080 710 820 2086 2103 1681 1287 1646 475 2593 487 2647 1920 275 1884 2406 1300 660 1893 460 803 1042 1000 952 1325 1235 2288 1084 1310 2040 159 1608 633 334 1423 1389 542 1183 2644 990 285 2281 474 1088 2378 1186 546 1293 1979 737 31 2228 2303 1340 1097 980 2249 2471 364 1654 871 1900
000753.jpg,2663 1233 2478 2777 29 2 1753 601 2085 709 2108 1075 767 2772 2054 1886 1860 2267 1721 254 380 18 1869 2172 1001 1905 569 597 437 2380 2628 1747 2077 522 2423 1989 2702 1149 332 2490 1599 802 1609 2686 1553 1492 2038 2667 293 21 2069 427 1499 886 340 1588 2276 1406 2121 191 988 1165 2533 2020 1496 1443 381 199 2074 73 321 1007 145 823 2349 841 2240 1769 1160 2384 2509 378 36 371 1430 1017 2622 431 12 2626 1195 315 2598 2510 760 763 875 2078 1519 2302
000754.jpg,2818 2015 1684 982 1793 1122 1699 1938 2556 901 975 1252 432 2723 1976 916 1834 25 2225 2298 2517 930 79 193 1531 988 2117 961 1215 887 1833 763 513 889 1373 2778 1049 718 955 951 1514 1399 492 1256 2722 1430 2185 1209 99 151 2757 461 2559 2097 1479 414 1431 1242 2226 886 1154 342 62 1964 579 2727 2416 792 2654 429 1211 969 2074 277 2380 2469 2702 2126 2793 2719 853 2104 528 426 566 839 36 1521 2444 731 1516 1271 2379 1266 2540 2001 2140 2363 1952 1418
000755.jpg,1019 1889 2061 1214 2404 782 403 609 252 2841 2435 2505 2465 753 1171 2311 63 2821 927 1612 1789 2467 452 2690 1018 274 608 22 654 456 1213 2171 138 506 1970 5 957 1685 2632 1632 954 1530 2346 1150 1472 2810 1281 268 2398 2351 2285 430 2784 2766 1024 1026 1916 2588 1918 40 2531 668 815 894 744 2708 1591 1766 1744 636 2806 1647 655 891 1507 2717 864 125 1048 1892 643 153 473 2060 592 509 844 1896 1696 2643 1061 2153 478 1021 1824 1899 2794 1176 313 1881
000756.jpg,2487 94 2394 355 1136 724 1709 825 1200 575 1750 2331 243 2432 1419 2243 666 1331 929 1105 1517 1305 1278 1245 2268 1729 88 2721 1044 1396 2212 1327 1778 678 1314 908 993 2525 2733 1382 716 2610 599 2697 2417 1260 1812 87 2034 652 1410 1538 301 2106 855 562 2166 2095 1614 2336 2718 2120 2802 1988 1476 83 2342 2260 2454 2167 2098 1370 2563 1713 102 1321 2745 2202 2426 1584 16 2446 590 1919 2196 2801 2422 85 2754 1943 902 2343 1224 527 1673 2551 817 1941 1846 1505
000757.jpg,2324 2315 1772 1908 1949 941 1223 1787 84 225 1343 2737 2161 940 2112 647 804 1004 1819 1041 2291 2386 2683 1901 1874 2084 2424 494 2025 835 2639 1204 207 2421 2149 1110 1864 1840 43 2744 1092 2652 2582 2485 1437 1704 949 2688 1468 1532 2242 1123 1754 489 524 865 1458 450 482 1038 1820 192 198 74 1236 310 2353 2220 639 2566 1643 196 1107 2724 201 1616 2309 152 970 909 2057 1726 838 148 2396 2148 2512 568 2046 2312 627 2250 712 1344 2497 2606 1011 1501 849 2542
000758.jpg,1548 1341 2118 2428 2820 1560 685 669 687 980 1126 446 269 2194 2056 2352 1422 448 2201 2417 2213 229 2399 1940 116 2239 661 1884 459 442 600 1993 45 1962 1517 491 899 1538 876 1611 1610 1607 454 1069 1858 1227 51 2758 2363 774 2554 471 1604 2598 187 2268 32 1425 2750 1285 1099 2100 576 2317 935 97 2466 1950 2372 2023 2719 1180 1837 541 2058 1990 2621 2013 2135 2495 1649 2073 1212 2640 2713 47 1469 1862 846 1618 795 879 1609 2835 1060 298 1669 867 2202 230
000759.jpg,1262 2158 2292 2301 807 1756 372 649 264 692 695 920 1317 108 1582 389 669 2825 1912 822 2407 455 1825 165 541 1882 2294 80 1993 1601 1541 2281 431 1842 558 1841 1159 2073 2682 1667 759 2013 1415 2393 2142 1944 1439 2719 1397 713 2258 208 1055 1221 1700 1989 1888 2319 454 1484 1366 2762 317 2273 1395 1962 819 1639 1282 362 6 1820 640 453 2051 2252 2163 2 278 1902 1412 2677 503 128 408 1711 1383 921 2215 2532 2833 995 1689 2510 19 1025 1593 2766 1272 1008
000760.jpg,2569 491 1592 670 1302 2699 1737 1422 69 136 1184 826 1666 2439 1817 2713 791 2775 613 1954 933 1640 663 2425 2712 253 45 2427 907 2495 1528 1198 1717 2647 1606 2089 2179 2655 1740 2361 1212 882 2308 2135 705 843 2492 351 51 2769 2707 1979 2497 503 504 1415 1965 2480 531 1569 1623 1609 915 322 2303 589 1361 2279 2389 479 2012 1617 1536 1714 1917 1116 2334 712 2828 711 260 2571 1384 2782 598 1570 1186 1451 1015 730 1011 945 1984 987 2657 1113 633 772 2489 2088
000761.jpg,2218 1857 1081 1289 1504 588 1765 641 1348 756 1808 1744 1576 884 2751 323 2703 158 2109 991 190 267 1324 244 2740 470 1432 2694 77 842 1171 140 2266 1477 1556 170 1933 1238 2128 2146 2002 891 1758 1166 2726 1664 400 1279 1575 366 128 583 2004 2418 2456 1436 2450 510 1358 1214 2127 472 22 473 704 299 1193 1868 2485 1963 1403 2404 2183 701 1061 2171 163 1452 1814 2169 2565 1506 654 1807 629 798 1637 2053 2567 1012 1213 703 1255 1377 1661 1701 1292 1291 130 2018
000762.jpg,1561 198 353 1874 1570 594 2761 1687 1011 74 2324 1693 474 2046 2506 1223 2485 1840 2149 2309 225 992 1908 1170 1643 1501 2497 2353 1532 781 2606 496 1901 2652 2315 1144 2683 835 2639 941 2161 2107 1184 450 1041 84 1563 2737 865 297 647 1949 2084 338 2242 146 940 1772 196 2836 1458 2744 1343 949 1092 1704 2424 1616 152 2052 524 2386 2585 909 944 1799 804 2688 494 2220 624 1490 1371 310 1204 1113 1437 1250 2112 148 1754 2582 1123 1787 2669 98 1110 1819 1820 759
000763.jpg,2494 1462 2695 2535 1340 1335 1786 334 1173 848 2383 1608 1671 1845 373 578 325 745 990 2395 2040 103 1323 1391 702 910 474 2624 2471 1120 1250 1687 126 1235 1971 475 658 1186 1474 1451 750 688 2359 1310 2601 1010 1180 2314 502 618 737 522 65 372 2288 364 2605 39 2114 845 284 1115 1683 297 1692 1821 2378 1643 2276 2579 1900 1480 327 1916 1997 1723 989 101 2824 341 1577 1077 1114 503 2362 946 584 159 2589 441 393 1082 275 1413 190 952 2520 8 1537 2504
000764.jpg,2771 1982 1324 879 1373 1863 1925 2524 2363 557 1619 1480 2460 1814 2175 1180 1366 2529 615 1122 1997 569 1807 867 2185 1549 1691 703 1816 667 2835 522 1295 2731 2104 803 1531 2266 2546 566 2284 1915 1372 1320 1440 2347 2297 1192 969 1166 226 2018 1539 1811 2757 1474 697 1289 923 2304 886 193 2146 2722 1252 1242 2068 853 1430 2409 2013 1834 25 796 1652 1137 273 1509 790 79 1721 1514 2844 190 1786 1939 764 1386 2776 1769 427 2605 277 547 1976 2633 1759 2797 1684 2466
000765.jpg,2462 539 2334 2686 618 1767 775 1443 2125 1207 247 1344 723 1830 1810 2036 1518 1613 2250 2148 303 2509 999 2016 532 533 1485 2165 743 1347 1747 1107 522 2728 2838 1146 578 2734 725 1908 2276 662 812 1121 1298 1733 431 2503 2069 688 1114 1845 1004 1886 179 768 2028 1821 2485 1839 2149 970 848 664 1601 450 1929 75 2150 2583 738 1379 311 931 1157 1864 1720 990 1473 1751 1553 2312 1608 2788 1909 1819 1657 876 1413 297 1555 2151 2497 2656 2108 1772 707 2667 1897 1361
000766.jpg,2380 1938 1499 760 2267 763 2117 767 36 1553 2702 123 1769 1399 522 2276 1160 1555 1037 1886 1233 2818 875 889 916 2038 437 1256 1122 2349 1443 2150 2556 2777 1531 841 2134 982 673 887 1211 2723 930 2379 1599 593 532 1344 768 1699 1956 2496 1137 1839 2778 25 1684 2028 1793 2387 311 1430 2108 901 964 1976 1721 432 1924 2036 342 92 1252 492 1431 1601 731 2364 2015 2469 2225 975 99 1834 2003 2020 2298 2722 961 1049 380 461 420 1492 1833 193 2126 579 1373 1753
000767.jpg,1631 57 2374 38 1234 77 465 2449 2339 2180 756 2418 2740 34 210 2197 2174 2461 1043 1664 1859 2823 548 1124 2456 133 2229 1828 2523 280 37 2662 1276 2422 2700 2648 1765 704 1060 2466 2521 2120 158 127 1843 1355 2835 1694 570 1804 511 1907 2714 1773 2212 1327 8 1167 483 1224 499 1392 1181 687 2372 1575 1838 1836 752 1099 1618 793 1803 2131 2340 2781 71 1277 577 2279 195 683 2213 1567 1034 423 588 2472 1363 540 846 2707 47 448 583 1981 412 493 2352 2253
000768.jpg,1936 442 683 2063 2196 2417 799 269 591 2131 1178 1796 2714 1375 918 1878 2675 943 700 1224 1838 1392 1713 116 1676 47 1645 1714 2223 2843 2640 288 1095 1116 124 1491 2609 1990 2697 2781 1505 388 2707 497 1640 317 2343 154 600 866 1564 562 616 465 1495 307 1604 1002 439 1946 2545 833 1181 1449 2523 2034 1837 1438 996 2212 1327 1304 1134 97 2170 2453 2530 2180 1574 2352 663 305 2430 1873 1407 652 2422 444 1126 2023 195 1618 2100 1812 674 2260 2446 2213 1538 1067
000769.jpg,1004 207 804 2566 940 2386 1343 1787 43 1949 647 2025 941 2112 1092 84 2737 1772 2683 2424 2744 1223 949 1437 192 2724 2315 494 2220 310 1038 2161 970 1204 2324 2582 1874 225 1532 2084 2639 2291 2652 524 1123 2242 482 1820 849 639 2250 1458 61 1704 1468 2688 1819 2421 1754 2396 1110 2353 152 1840 74 245 1864 865 489 948 335 1236 1616 1643 196 835 1901 1298 1726 2149 785 2657 198 2188 148 1651 418 2498 712 2678 2448 1041 331 2669 2057 1011 1172 2148 971 75
000770.jpg,727 2471 658 485 919 1361 589 1173 990 1323 103 614 1608 1908 791 848 1845 1354 952 1451 531 72 1114 931 1235 618 2624 1175 803 2601 2000 284 1340 502 1508 522 578 297 1368 1717 453 1737 2334 200 1310 1786 1721 2051 1798 1821 1107 360 1565 293 737 515 1137 2325 1681 215 1325 703 633 832 1876 372 1230 114 2409 572 1031 2497 334 1770 2369 1484 660 126 303 783 2478 750 2054 768 903 1692 2644 1769 2587 2389 1830 1210 190 2276 962 1106 2647 1287 39 1801
000771.jpg,2053 842 588 93 1664 2456 2184 583 1590 1506 976 2127 2493 2740 1765 249 1575 267 884 299 1348 1124 2694 2016 703 130 1166 895 2739 2266 2731 720 798 2787 706 1724 2418 1477 77 885 641 1086 1497 1334 1814 82 1081 1196 1432 581 2703 2327 1675 956 1272 1735 1289 857 756 1377 2072 1193 287 280 667 1801 1810 428 200 242 2047 170 2206 846 1291 158 2509 1207 1542 880 1665 263 1118 2403 370 2277 1421 262 1457 2273 1292 1279 991 2581 2484 1012 853 548 704 1087
000772.jpg,1431 62 342 1793 901 1479 432 961 1256 889 593 2117 1252 429 1211 2818 292 673 78 302 893 414 2415 361 2559 1833 2015 1398 982 975 513 1976 142 2517 1699 2225 99 886 2719 718 2298 2727 792 79 2074 2140 1684 1215 2722 2723 1834 2702 176 25 2755 36 1209 1794 763 2364 2757 2556 912 955 2416 1065 193 2568 1049 770 2379 969 492 2226 2026 1373 427 988 2097 2217 2469 887 767 1514 2126 555 2741 2267 1242 2658 1129 760 731 1499 1980 1599 916 151 1516 1154
000773.jpg,949 1343 940 2737 647 2242 1949 2582 804 2386 941 1787 1204 2315 310 84 2683 192 2424 207 2639 2025 43 1092 2161 2112 61 494 2652 1437 1874 1532 1223 198 1693 1820 1819 196 1772 849 353 2220 2084 1616 835 639 1123 2324 2724 2291 1643 2149 524 865 245 1038 148 2688 732 335 1110 225 1901 482 2744 98 1704 2421 2566 785 1458 1004 2353 2657 2448 2678 1754 146 152 781 74 2669 2188 1726 1840 1468 496 2057 2761 2396 1866 2585 2498 1768 489 594 948 653 1864 1501
000774.jpg,2053 93 588 842 1506 1590 2184 1664 976 2493 2456 249 583 1765 1272 895 956 2740 2787 1124 1166 703 1334 267 1477 884 299 1348 581 1196 370 2127 2016 2047 1289 1801 2072 200 641 1724 1291 2266 1081 2694 1207 2731 756 2418 1810 1086 1193 2277 77 1947 280 1012 885 2273 1575 2739 706 720 2509 853 1432 428 366 493 2656 284 170 1735 1665 1814 2703 1080 1377 667 2114 287 1426 614 1497 244 1087 783 323 991 1292 1279 798 190 130 820 1114 1238 158 704 986 1118
000775.jpg,2171 2022 1785 1150 2311 645 473 1653 22 1171 2169 1326 2061 1214 306 1612 2841 1889 5 63 1333 1685 2404 252 138 295 657 2766 1507 2567 110 668 1213 1744 1019 268 2779 1494 650 1712 149 153 1472 40 2002 2632 313 2351 1923 274 608 501 204 2465 2505 2821 1177 403 182 782 107 2588 753 2806 936 1892 324 452 1048 786 628 2751 2435 304 2550 1760 129 1062 1662 851 1530 478 1281 125 1568 559 2162 1026 2810 2232 2414 1378 788 1061 954 400 402 2113 1970 2794
000776.jpg,987 1948 1656 188 1319 2817 1552 1985 765 14 1246 659 2545 779 2764 2433 611 1102 1926 2790 1109 2510 483 556 2400 1461 1983 2065 2082 453 2163 817 670 2325 1484 2105 1405 1965 305 497 562 1091 950 2190 833 998 766 789 1414 951 328 2713 1316 240 860 1314 2034 1163 2238 2012 2553 2411 576 1624 1993 1640 110 1428 88 606 312 1300 223 2095 1615 1974 1381 683 2336 1996 715 599 635 2177 1543 1096 100 784 928 2646 892 1710 1729 1173 1569 2534 1878 1046 276 64
000777.jpg,930 982 916 887 1976 1531 2818 1154 1699 25 579 2778 2379 2723 1516 975 1964 1252 1049 2225 839 1418 2015 432 1851 492 2185 955 1834 763 528 886 2416 2618 1209 2559 2757 2540 513 1793 1514 1769 1479 2556 461 901 969 2722 1399 1684 1390 1521 172 193 151 566 1427 1938 697 2097 2298 932 2517 99 1211 760 1242 2719 79 1470 2658 1373 923 1557 1137 1122 875 1271 2001 426 123 961 2117 251 593 2219 277 2140 889 1256 718 1430 1215 988 2496 1833 2380 853 767 2469
000778.jpg,2625 1677 444 1771 2839 2037 1791 2103 932 1998 1659 715 1898 2661 64 2014 2481 425 163 2060 1939 189 2595 1353 871 545 2335 827 1042 928 602 2193 400 1979 167 1502 1942 508 1657 28 326 2627 328 122 987 1610 2216 1654 1593 2791 20 2190 1304 2012 2795 1556 1329 599 772 1184 2049 1644 1015 2249 350 1764 2239 2747 337 1378 824 2361 1892 2770 460 766 240 1423 2573 789 1673 1729 1294 1883 2401 498 1367 1156 1305 2011 701 2228 1446 787 650 1429 483 1162 1521 9
000779.jpg,40 153 2550 1104 397 2176 204 55 1530 2146 495 2018 1629 472 1507 1026 1765 764 888 160 140 851 1289 991 728 1078 636 2473 2565 2162 2641 2109 1712 2168 2311 2841 2726 2632 1452 2037 1421 1472 63 628 20 2779 1232 2278 274 608 2355 403 2832 1941 782 2004 645 294 1685 1744 2061 2708 131 1295 2740 1194 510 570 329 138 2094 2326 2171 1669 1019 1576 1638 2011 2595 1662 561 1403 2616 753 1304 1150 736 1889 824 1892 701 478 1868 668 891 1214 1048 2404 1843 2128
000780.jpg,2535 327 2383 325 745 2695 1027 226 1671 1082 1462 1474 1786 2605 1308 719 2395 1184 1763 8 373 2824 845 764 2494 2754 2284 393 2018 2630 1997 1687 441 1971 2109 586 1010 1006 2573 1659 2345 1120 2228 1090 117 1353 1192 2203 1523 1915 337 1324 1979 2579 871 584 101 2049 547 2771 989 1180 1480 2381 2359 1962 946 1942 167 2040 924 701 1380 2238 1982 1900 374 602 443 564 615 321 1069 2758 1194 371 2303 2146 818 2651 1285 379 1014 2653 1610 1408 2347 328 2297 444
000781.jpg,2085 2423 593 673 2415 1492 176 681 332 292 1850 340 2217 62 2364 709 142 1496 427 2384 429 21 802 99 199 555 361 2568 893 78 302 258 1890 1886 1431 2267 743 2038 889 1398 1267 2302 1860 1479 2108 186 749 417 1794 2702 1233 1705 878 2078 1211 1053 868 1256 1599 36 2074 2350 2134 289 886 2054 2543 767 2219 1311 2387 2380 2349 1499 1065 414 2844 597 2026 747 2290 2490 500 1980 1793 1430 2227 437 1001 1597 380 2117 426 2015 901 942 2460 2755 733 912
000782.jpg,1022 402 2821 936 1503 478 1062 129 753 501 1048 452 628 2632 456 2285 840 274 608 1662 786 346 363 1923 1039 1378 2794 2398 758 1889 1177 430 1507 1150 864 2429 107 324 138 1813 2061 2611 89 1465 2708 484 2311 2407 2465 2505 1568 467 1019 268 1892 1970 52 295 561 994 2806 63 2634 153 788 1281 2550 108 2467 1214 252 2690 1921 506 1273 782 1140 2827 217 2181 2022 643 149 2176 1685 2059 1356 2265 1056 216 1008 2435 55 403 1730 1481 2414 2232 1018 2604
000783.jpg,2055 2163 1628 401 453 2064 174 694 1989 2534 1085 823 399 2775 72 73 1700 208 191 2663 1753 1439 2051 633 2122 841 2777 2 601 1241 2477 921 711 1609 1599 2478 1412 2362 1510 791 1186 254 1415 145 1905 437 380 1406 1023 173 1075 670 202 1668 1842 211 2378 2009 1711 2307 2800 1839 738 2655 4 981 1325 1233 2172 503 2490 1809 1957 1165 1250 371 1917 938 2509 321 1420 2747 691 1779 1508 1869 2302 2366 2583 378 1876 1717 1484 1903 2532 2000 1565 2387 519 2328
000784.jpg,1084 1347 2687 1391 1525 1577 2314 2264 297 1961 1016 1077 2592 1121 1235 1402 1708 1170 1254 1715 582 1180 1283 550 1080 549 1750 2718 505 2819 546 516 2209 2449 2157 275 1912 2631 343 2519 270 474 2561 1091 159 65 632 1709 2067 2742 1321 454 98 781 774 1020 2288 688 381 2080 240 614 1973 2520 1858 206 539 1359 475 2236 1380 2099 2040 2394 2378 2601 1300 862 2585 1186 618 1726 238 973 1293 1280 2432 247 2492 1751 664 1824 578 1967 832 1454 914 2281 1821 750
000785.jpg,1901 1840 2688 2084 489 941 1468 201 865 1092 524 2242 74 1643 2585 712 2724 909 1819 2324 1123 1236 1223 1874 945 2161 2148 977 1787 2309 2424 198 2421 639 1864 1949 949 2683 2606 1704 219 2312 1772 2652 2639 2737 970 75 1343 353 2050 2669 84 940 1532 1501 2149 1437 2315 2497 804 450 1172 835 647 2386 1754 2542 1490 781 2112 494 179 196 1038 2353 539 207 152 1004 192 1922 1820 2678 496 310 43 98 1458 2220 482 2566 1616 1110 2826 173 2035 995 2046 2025
000786.jpg,70 2510 601 1759 315 1075 18 215 569 2663 2757 2077 951 2478 254 1834 2 2409 2064 923 2622 2304 1390 790 988 1721 2373 1531 1905 1549 898 1989 1125 1753 2282 145 1195 714 73 359 2596 2722 522 386 1594 1842 1418 1430 1809 2777 2054 2185 1628 1166 193 823 121 211 436 2524 2633 887 566 380 879 202 1373 461 1406 930 1241 886 1480 1769 2778 1976 1252 1242 816 1851 1660 2653 143 2075 1427 2532 378 1557 2818 615 1986 1609 371 1832 1137 1440 2379 697 293 579
000787.jpg,820 502 39 1097 1080 2288 2236 737 1293 1801 159 1818 2601 614 372 280 1683 2471 926 1143 284 1603 1124 1593 1631 990 2561 200 103 1323 334 832 1235 1647 2281 2062 1824 1972 1537 853 1254 721 364 475 2402 464 1114 1655 1590 1087 2114 93 2040 1912 1292 2656 789 1831 270 2346 1916 2430 1221 275 1706 1297 1389 807 454 848 962 895 285 1118 803 1300 2493 1348 65 702 110 1162 2456 1021 2624 952 617 1357 1579 1283 323 2418 2388 1166 1084 1281 739 465 618 704
000788.jpg,2267 1499 2380 760 767 2038 123 889 1938 2702 2276 2117 36 1233 1344 2074 1443 673 1160 522 1553 593 1886 2349 437 1767 763 1037 1555 2364 709 1211 2628 1075 2415 2387 1599 841 199 1399 92 142 62 597 1492 532 417 2108 2559 1860 2219 1311 2512 1769 1256 904 1890 2020 2686 1398 2217 875 1485 1519 2379 738 21 2667 2150 161 743 1422 276 1794 332 2329 340 770 768 1479 2036 964 2423 173 2134 1833 947 662 1252 404 2165 429 731 114 2818 2723 2469 414 2568 2126
000789.jpg,2190 64 100 88 2721 2547 2501 2545 2202 1109 1070 2105 683 1778 2034 1898 2095 499 483 552 2177 1156 1314 1117 20 2745 2714 1248 316 1764 1606 167 2335 2239 1327 2212 1991 715 1604 1996 777 1926 2648 2640 2426 576 1447 122 2317 1028 1690 1224 599 2422 2523 255 1919 2634 1533 1743 1467 2790 444 1804 2260 1304 230 2799 2213 2268 1873 2071 1694 1838 1072 757 2551 1713 892 562 34 2609 530 2472 1476 2781 1556 2180 2674 2343 47 2733 1461 2571 2461 670 1305 1353 2042 1060
000790.jpg,75 739 655 2669 995 684 640 356 1839 2309 169 1197 1775 1035 1312 1486 1692 420 1651 2724 1417 178 865 331 1789 1004 2526 1282 713 1820 1127 335 1298 2656 296 2424 482 1975 2542 1578 2396 2025 489 2328 1236 860 2084 2220 1627 1733 525 1768 247 941 2242 148 1601 1179 2149 1199 182 2690 688 2089 1693 270 1908 2230 751 1870 1369 404 245 2462 368 1151 580 1616 1937 2150 617 1146 1881 1365 496 1643 954 726 2467 900 139 2838 310 80 26 135 1437 910 239 1639
000791.jpg,1682 2755 969 1242 99 1816 2097 1514 2318 2140 2104 1479 79 2117 2015 2702 1431 2298 2818 62 2727 770 1215 1252 1684 901 961 36 432 955 1270 1079 30 1129 1793 2517 414 988 301 1256 718 2529 1067 975 1976 755 193 1320 273 1119 2685 1834 1065 2225 2226 792 1373 2710 1122 2722 513 105 429 889 1699 500 143 2074 2208 879 2771 1526 697 1267 2654 912 2556 1366 2068 741 1058 1850 1387 1440 1833 25 386 342 747 406 1349 2723 1938 1499 1112 292 151 1980 1398 2363
000792.jpg,152 1704 712 735 207 2386 1092 804 940 647 1949 2724 2683 2424 1343 225 949 310 43 1437 896 1038 1787 2025 2688 1352 1563 1532 1772 2161 2557 941 84 2737 2052 2353 1203 1123 2112 909 482 524 639 1223 2639 1874 1819 1110 1458 1693 494 2652 2220 2242 2084 192 2678 74 1643 2566 1864 2315 1840 1616 1754 1468 1901 2479 865 1820 948 2130 219 2582 238 1004 2291 2421 480 489 335 1204 418 1016 2324 2396 2148 2657 1011 1726 198 179 849 785 331 259 977 450 624 2188
000793.jpg,1852 2441 68 1469 376 644 2087 1117 120 1447 2427 1003 1142 2144 843 983 2191 2089 1937 2785 699 861 2476 2382 2083 637 1464 49 2179 1856 183 1076 2442 525 997 45 2842 2507 2173 2091 2657 139 2252 2164 2111 2813 1703 1274 2827 2230 653 959 2202 2698 785 686 137 521 2814 948 1109 2248 239 2699 491 1598 1364 2079 2279 2188 387 296 2552 245 1639 1212 255 2056 2617 2712 1363 2308 806 2116 2807 2105 1955 2498 1176 734 209 2445 1282 838 81 596 1795 2190 1103 356
000794.jpg,2836 2050 433 259 1679 1782 769 1381 2046 489 904 1544 1840 219 2084 1054 2628 201 1218 1253 2424 970 2724 2309 2312 2287 1799 179 2161 735 1148 1663 2826 992 1236 75 947 977 568 2397 906 860 2241 169 440 480 178 2769 2480 1045 1369 1775 1490 1261 2788 418 26 1123 712 482 1658 2076 1486 1860 2200 1864 1110 1819 1444 911 2649 985 2148 2506 965 1417 524 1468 900 1011 1623 2491 995 1627 496 260 310 2688 1870 713 1788 2652 1328 2250 1458 2676 909 925 1704 1561
000795.jpg,2089 2470 2569 1563 2552 2308 1592 238 458 45 663 2028 2500 2716 2021 1422 1627 1437 637 1288 965 168 2427 1198 2148 1391 1172 171 491 1190 1486 525 2712 815 1212 139 2425 621 4 231 137 1975 618 2099 28 1184 2076 843 2574 1536 481 712 2713 1127 1151 2819 59 2179 1775 2763 260 1870 1961 1208 134 1347 2241 11 2035 1623 1364 2191 1313 900 559 1146 2279 2592 2660 2753 1617 152 1371 330 2489 934 2678 2699 474 2688 1726 49 1307 1909 523 2707 2571 2314 1011 2657
000796.jpg,2252 983 2144 2119 523 1728 2441 1870 2091 2164 1003 81 1282 418 1852 2756 2552 1076 1639 2413 1179 948 1977 1781 1746 1598 26 1369 997 1231 120 653 806 209 2809 726 2248 2052 1569 525 1464 1489 2716 68 849 2507 1417 624 408 2087 1651 348 2476 1984 838 2827 139 1274 534 354 296 785 695 2382 2083 2230 2813 2188 860 843 2814 2427 644 207 2445 1937 245 1777 239 521 1142 2191 1703 2173 60 61 1197 2179 754 49 2025 2396 356 686 1212 2393 376 637 2365 580
000797.jpg,1889 2311 2404 22 252 1214 313 1701 452 473 2810 63 295 2351 1171 274 608 1688 1019 2438 2169 268 2717 1201 403 1150 141 657 1213 2632 1333 1326 1725 1056 2588 1612 1061 388 2285 2022 306 2841 609 2779 2435 668 1896 138 1953 1530 1789 2708 2567 59 1404 2751 927 2821 506 401 5 501 2171 2346 466 1637 2061 163 2794 782 2181 1712 149 304 954 1545 2806 1486 129 1062 1744 753 1711 1376 1826 107 1048 2274 1177 1785 408 1507 1916 1892 815 559 1024 182 1503 1970
000798.jpg,735 568 259 2788 2241 2312 977 219 1788 440 1352 1045 2826 2050 2161 1840 1170 257 152 1110 663 970 1704 480 2585 179 1261 2503 712 1379 1490 1670 909 1203 2046 2836 2165 688 1561 1693 1148 904 1782 191 1051 435 1016 2769 624 2678 2688 1144 1901 639 2148 1799 1563 811 769 1311 1819 1123 2506 2397 2290 112 2299 1864 201 2130 981 450 1922 2052 490 1532 2475 749 945 2746 937 906 404 896 804 1384 320 627 966 1458 1726 338 524 1359 74 2557 297 2353 2491 2497
000799.jpg,2138 834 2331 1419 1278 2555 2212 1327 2394 1709 575 1382 993 1200 1727 1059 2268 2239 1790 2246 1136 2733 2446 2758 2525 2106 1919 87 2547 1517 2721 2166 1943 825 2196 307 1277 38 2563 678 83 2190 652 1607 1069 666 2452 562 2752 1410 716 1305 590 1025 2058 1950 2243 1467 301 1034 1669 2432 1028 1520 2802 1713 1988 1538 530 2684 1690 2754 2417 2336 1734 1224 2167 2192 1341 462 902 1621 2201 2254 2487 1523 929 2222 1604 94 2801 2523 2033 1804 648 116 2372 1838 85 2234
000800.jpg,312 563 2133 2707 645 1679 1054 2832 1948 1653 1785 943 900 305 1583 2825 987 2407 559 2419 1008 2766 1045 2232 2515 1662 2708 2641 155 397 108 2429 1970 1600 55 822 363 728 2063 1316 188 2176 1574 1645 1568 187 1395 1611 51 457 2675 1102 2837 674 1921 389 2170 382 1642 2043 1782 32 517 2634 1026 758 2779 2011 2436 1649 1552 1405 95 2632 1892 1438 260 1472 824 1629 1381 2312 2433 2398 2311 478 2405 562 1487 140 840 85 2660 221 1159 497 1103 606 2070 1104
000801.jpg,176 332 62 361 893 78 302 292 555 1816 1398 863 340 1431 1691 1980 673 593 1794 186 2543 2415 2364 1267 2518 979 1890 427 142 2460 749 1065 3 2085 1646 2685 681 2423 2227 414 21 1492 2217 2262 1320 2755 747 1479 1762 339 733 868 36 429 770 709 866 2029 258 417 1256 199 2702 2350 591 2451 2568 1718 878 1120 2219 2363 2384 2074 2844 889 886 557 1480 1373 1495 1311 2458 2267 1079 2771 434 2559 2026 2290 2786 2524 2302 1676 1850 1440 2117 99 767 289
000802.jpg,1475 465 1292 1765 1780 280 132 824 736 1332 789 1161 1996 77 2234 1021 1791 1873 1690 1028 2277 187 1124 2531 2764 2019 1467 556 2784 341 1669 777 495 2508 2136 1500 1857 1104 2725 2700 704 2211 2326 1169 2823 1140 1926 2711 407 312 1166 1348 1716 1127 636 284 2588 2236 1975 328 20 683 1228 2239 853 1254 1513 2233 167 1836 2155 2832 510 1743 2779 462 1543 1797 1338 1773 1324 1612 1303 771 2545 181 204 2550 138 741 2053 2547 2190 1334 575 457 1556 1919 2002 2654
000803.jpg,2535 325 745 2395 373 2695 1308 1027 1671 2824 1082 1763 1462 845 586 1997 1474 1006 1090 2579 441 374 764 719 226 101 2381 2383 393 1971 1353 2605 2630 946 2494 2284 327 2573 2018 2754 989 8 547 1915 1480 1380 1523 2040 1285 1786 1180 443 1324 1900 2546 2759 584 615 1687 1816 2238 2771 1250 1010 37 2758 1069 1120 1982 364 328 1115 167 924 1962 1691 2631 2347 2297 1389 1372 1014 2651 2691 2345 1289 818 2146 1077 1192 2355 85 474 35 2593 602 2524 556 1626 1320
000804.jpg,2239 1950 2711 541 1305 167 2627 1284 808 2190 411 122 1456 2545 567 2101 230 1873 2795 1260 2839 1791 562 2193 1425 2073 2501 20 2335 1910 599 449 2268 1245 2221 1286 1188 2310 2098 1329 187 1156 1690 2547 1070 2044 2033 64 2137 2243 1467 902 795 396 2081 1891 1314 1926 1996 2264 2400 1025 2554 552 777 877 1919 1028 1500 2790 678 1278 1060 1517 1677 736 922 1943 809 94 1898 590 602 2625 1461 2234 715 2394 1844 2791 1032 1715 917 1764 83 328 666 2258 787 1709
000805.jpg,1341 1548 687 2352 491 1800 1538 1425 2041 269 1611 1560 1422 205 2701 20 2023 369 167 1126 600 2495 2621 1610 2303 444 2466 446 1645 2820 116 1646 1959 1460 1607 1069 2758 2213 2201 2835 1571 1533 1285 1865 2020 1604 2750 1986 2428 448 277 642 1606 358 2074 867 2118 2640 1940 2347 2297 1015 2805 2651 1811 2605 1989 51 47 469 2417 980 1192 1609 1372 1993 2197 2713 229 2239 2135 774 2437 410 1894 2372 1014 2637 1099 1524 2317 1962 661 1714 2268 1990 45 773 1355 2245
000806.jpg,1899 2435 2827 815 1486 171 2708 1019 1738 2794 621 1365 1918 1127 1953 559 146 408 1712 2531 1288 1760 525 2470 313 1199 900 2191 2500 609 2580 63 148 1018 2552 2089 169 2716 1190 139 1103 1488 239 49 732 323 2048 214 1056 481 331 2569 2230 137 2574 458 1602 1437 335 596 268 356 1185 2179 2278 2115 1139 974 2526 2669 290 655 1563 2396 1909 1433 2164 2438 1627 245 2467 2427 1937 2220 1282 238 1172 1364 1605 329 2141 2690 653 59 2838 954 2841 654 965 403
000807.jpg,2526 655 331 2669 420 1433 239 1199 2220 75 335 1004 1931 1298 1179 1365 1601 1651 1139 1692 732 2427 1733 148 2025 815 2036 296 1616 431 525 2580 481 1417 310 80 1768 1820 995 653 2115 1312 61 482 356 1397 146 1693 2704 2761 2230 1488 1197 1738 1127 2558 1839 2566 647 2724 2639 2309 247 713 2250 169 2396 245 139 2048 939 418 1055 1434 2435 1605 1789 1899 496 2531 2462 1236 2656 1092 927 1019 2744 323 1274 974 2827 654 1437 992 2089 2191 119 1296 640 1185
000808.jpg,2546 1115 2759 989 1106 1389 2381 101 374 803 529 2540 2504 251 1175 2579 1427 1137 485 646 1900 1971 1306 395 1951 364 1786 2040 2644 1997 930 2323 2778 962 658 1851 2304 727 1559 923 2524 1390 615 1386 1557 1798 547 2054 1394 436 461 2622 293 1769 1759 1915 70 1721 790 697 1310 932 1324 2219 931 2771 703 215 1107 254 1976 172 879 1801 2757 589 1361 768 2325 2722 2478 2178 1531 2379 1252 886 143 1964 569 1516 903 1834 1242 572 2104 1691 1671 1373 522 2238
000809.jpg,1912 2062 1683 475 1502 2288 1647 1818 737 1593 1293 2726 1021 2449 1097 650 2346 1916 1283 2281 2043 39 807 1335 1084 20 1603 2171 546 454 285 1591 167 1702 926 1883 464 1824 1281 2561 617 510 294 1723 1972 1692 2040 372 159 2030 2687 230 1744 334 1312 1975 1844 2690 782 364 1655 2816 2784 1018 766 2521 789 1939 636 270 701 2236 2666 2402 1715 2841 2616 952 2238 2162 824 721 495 751 1402 125 6 1143 820 1080 2601 2643 502 1697 1180 341 990 443 1659 1536
000810.jpg,2550 363 1332 2237 1669 1026 740 840 52 2059 402 508 108 484 1104 758 382 602 872 786 1111 478 1873 1503 129 1062 1771 2515 217 2641 2103 2073 2611 501 138 728 55 788 1022 1892 2176 1568 89 778 2708 1378 346 1998 1039 1225 936 1008 1356 187 2049 2011 2821 864 2794 1885 1507 2604 107 2632 2199 389 2232 1441 2060 1791 1150 2234 1662 1232 1395 271 2265 2414 2407 1140 2019 645 2037 1056 2832 1690 2511 736 994 1028 274 608 2825 464 1970 2228 444 2285 167 2634
000811.jpg,2816 40 2043 2171 2841 1530 511 2726 294 495 1715 1289 443 636 2473 2278 505 2067 782 1078 1026 2071 1702 222 1180 552 430 160 2342 2643 888 2094 1536 2264 2061 204 1401 131 46 2168 1502 892 1090 2616 2467 8 1744 233 247 1018 1933 654 476 1021 2018 1421 2449 2146 1625 403 412 1811 2269 701 2690 2595 954 2554 1697 1844 927 2565 1472 510 2687 1019 448 891 2810 534 20 1789 2550 2284 1941 1828 2505 2465 1032 1135 2176 2733 1577 602 2501 153 1891 1629 2326 1912
000812.jpg,2395 1006 1671 325 745 2535 1308 1027 373 1474 586 2695 1763 2579 1082 374 1090 2824 2381 101 1997 764 719 845 1462 2383 1353 2605 1471 2573 2284 989 2754 2018 547 37 1786 2494 1250 8 953 1010 1077 393 1687 1971 443 441 2040 2630 2546 474 226 1900 2759 818 1915 2238 341 167 2496 584 1523 2449 1487 2758 327 495 2589 1069 1982 1941 1180 328 2771 1120 85 2203 1843 1184 1198 66 1962 924 615 946 364 1480 2651 2805 1115 1380 602 1066 1324 2631 1355 1400 2804 722
000813.jpg,2757 1834 1390 1759 886 1252 2722 2379 1851 923 1557 930 2622 1976 975 1418 718 2559 2778 1154 579 461 1964 1516 1137 697 2818 70 2618 839 2540 969 2185 887 569 2524 513 151 2225 901 251 432 982 1793 1769 1242 25 492 2304 315 1209 2416 1514 2015 2219 763 1721 1440 2104 277 1049 380 955 2723 1531 566 1427 172 1373 988 193 1699 1479 2658 254 99 2074 2298 2793 951 1211 790 386 528 760 143 916 1521 164 1684 2719 1430 593 2517 767 2054 79 1271 1431 1986
000814.jpg,1406 4 1842 1839 420 995 1692 1553 202 841 640 1711 1397 1531 1881 739 655 1354 1613 1810 1312 748 2561 1753 1916 1752 266 182 227 613 278 75 404 2777 1608 1012 1854 503 2320 59 601 1430 249 2 331 1953 2772 2478 627 1434 952 2328 2509 1657 2069 1139 1975 283 1439 2792 1582 1087 2477 323 24 128 431 1298 783 2768 578 2471 2051 114 2207 2669 1830 1609 654 1605 954 2589 2728 1018 522 1666 2389 1114 368 1720 933 848 791 1825 1578 633 713 250 425 2057
000815.jpg,2065 188 1948 2685 659 2023 1656 2817 2325 567 276 1162 808 2755 1319 611 2001 500 1980 277 1320 2045 461 928 1729 14 2400 591 951 765 1985 2654 1067 1246 1691 2556 2778 1047 2545 414 1049 1256 1514 1310 2221 2003 987 770 1533 79 246 1791 2104 1484 779 733 2270 1102 2524 1552 2719 792 1584 1934 1134 143 722 2012 2511 2319 1976 2225 2098 1242 1252 2771 273 2034 1628 698 1512 477 1414 1770 2304 1137 2226 2818 1373 1834 2722 600 1215 99 2411 555 2126 2074 545 2272
000816.jpg,182 739 640 1839 1312 655 1789 927 654 1018 323 617 1601 75 1876 684 1282 1035 1984 1197 1692 832 954 2207 1710 995 1975 2236 2669 1881 240 2150 247 291 1961 420 598 782 270 2728 1087 737 2462 408 1240 783 2334 1381 670 1553 2419 2704 1354 1655 2309 24 2078 1753 2656 2046 2036 1544 2561 1562 1608 2143 2051 1397 990 1666 1262 723 1640 860 1376 1439 2794 1657 159 2389 268 751 313 933 791 1831 2322 1434 1918 496 39 1235 1810 1031 1647 1379 331 2690 504 2215
000817.jpg,2049 530 271 337 890 2306 1991 2597 622 187 1543 2073 736 1356 1885 963 446 2789 1028 383 2696 2234 1919 1743 2159 1690 699 2335 2501 1669 2764 32 1314 2205 141 2042 2326 675 1135 2839 1926 2360 2753 2733 2641 2747 1060 255 1307 2799 674 2105 2795 1764 612 1104 2570 1099 400 55 2176 1329 734 2089 178 2438 1277 1710 1441 1823 2058 1941 793 2790 561 2265 2138 1627 2233 1047 920 419 2565 391 2093 1615 2674 1023 2555 1330 1955 1725 1934 1604 1640 220 1164 122 2648 1069
000818.jpg,1499 522 1075 760 371 2380 1233 2276 2800 2267 1940 437 2344 1158 2007 1721 321 767 2702 123 415 1344 904 2606 2376 2670 1555 1553 763 911 2777 1876 2117 1609 36 2020 832 1037 1938 145 2667 2772 951 601 2307 1160 2676 378 2064 161 768 1986 841 1848 1313 2038 2480 1886 532 1428 769 1799 1443 276 2134 1769 92 194 2325 1361 589 2373 725 1599 2622 2628 2150 1320 1845 1869 2165 1485 500 380 1905 662 947 664 2349 404 109 2564 2028 10 173 2626 1107 977 1253 2482
000819.jpg,1916 2346 2171 650 2810 782 1335 1723 125 1655 2690 1018 2666 1281 1912 2062 1647 227 2841 1213 475 2043 1972 927 1789 1591 39 1831 1683 2762 1766 1692 1918 1881 2602 182 1201 954 655 2288 1815 1021 2207 1706 2726 2113 1857 952 654 1297 464 1839 721 2366 2816 1701 2402 926 2061 2467 617 1744 995 388 1472 1818 372 2502 403 22 668 1312 2588 1612 473 1214 2729 1730 2351 110 1824 1293 1666 2066 278 323 739 456 1889 252 200 2070 1026 2404 1502 1593 640 2128 1019 2465
000820.jpg,2309 75 1417 169 368 496 489 1151 2669 995 1725 2084 331 2424 1616 2220 1820 992 482 640 655 148 1468 2046 1486 2724 1208 1011 860 1768 2526 2480 1692 713 59 356 732 1437 1881 2312 1433 2652 128 1693 1035 335 900 1627 2353 481 1775 2761 146 2639 1139 310 1563 1819 1870 2035 1369 135 826 26 2421 759 2250 178 1199 1874 647 1146 1605 1864 925 2076 2291 2112 238 2688 266 431 2479 1488 2057 404 1223 2025 1840 1172 574 152 1787 2649 1839 2683 2089 2768 2744 1704
000821.jpg,1944 2475 494 2294 146 2286 1055 482 1185 804 627 2506 2652 496 1130 2639 835 165 1458 2220 1768 732 2107 2558 647 948 67 310 1802 137 2046 2744 2025 689 1777 1139 2678 331 876 925 2393 713 2669 2737 2291 148 2683 1016 431 1639 1011 418 1874 2526 2161 2057 61 1616 1199 2503 568 1144 2112 1693 653 338 2048 2582 1204 2309 1343 992 2598 949 1563 257 1561 725 1437 849 2125 335 1592 1733 2761 2315 1949 1840 272 1223 2242 1433 1960 1819 2386 1820 1206 1787 1417 2424
000822.jpg,2425 2111 1722 1153 2476 1064 115 2079 1364 1792 1103 184 1251 2603 1999 2135 1945 1315 2160 2612 2441 2842 1867 232 45 1212 2279 2056 959 637 644 1852 1142 2308 2390 1269 137 2712 2562 2522 2089 183 1761 348 2087 2427 762 2513 843 2125 19 2657 491 1536 2442 520 983 2699 2401 120 1375 2614 689 2720 2635 1606 260 1640 51 521 2495 387 1714 2021 134 1190 1003 2382 376 2179 1937 1422 1856 829 858 2707 2489 1336 693 1592 2569 1094 1617 663 1184 2492 2224 2083 42 1117
000823.jpg,352 317 1401 2092 2797 2811 592 837 264 1009 2455 2063 223 1540 1159 891 894 2833 2255 2635 649 1071 1632 892 1078 1622 957 2094 2269 1530 744 1844 181 1330 1815 1032 455 160 920 2073 147 2571 2278 1615 695 1927 551 96 1411 565 1441 1593 1880 389 2784 2158 2048 506 1472 187 454 600 851 2153 2595 2705 1987 815 2643 90 636 46 476 2486 1176 214 216 1304 2401 403 814 1520 2013 2576 1764 510 1883 1749 602 230 758 2139 541 1556 777 1661 1262 1286 740 40
000824.jpg,1019 2794 268 927 1712 2821 1150 657 2708 63 2435 2840 1018 1789 782 1760 1889 2531 2827 2467 313 2690 608 274 2142 1896 252 182 1022 452 1899 654 138 1486 1333 1612 52 2841 954 169 1214 864 1507 840 2505 2465 501 2404 149 2061 1918 815 1725 668 2265 2611 403 609 1190 1921 786 2311 295 346 655 1056 1062 129 402 628 1953 2632 1376 2717 506 214 478 2278 1785 936 2089 430 1970 753 1503 1111 216 2181 2438 1048 107 788 1171 1177 559 2806 1923 2580 1530 408
000825.jpg,31 2027 2715 118 2041 1920 326 1231 2680 1614 2629 1673 1429 350 205 754 1935 2258 808 766 1729 2249 2774 33 2696 1463 567 715 411 2627 2305 1396 377 2711 2770 2086 599 877 1781 2773 809 2195 1677 2594 1461 2103 1145 504 2257 1305 705 2812 48 1569 1644 871 2239 2792 924 1174 1284 2578 162 1370 772 2668 413 2528 1183 60 2042 1342 224 240 483 928 2539 367 1533 1088 1489 2745 2098 1974 822 1070 1562 1367 2044 1910 1791 2369 1554 1657 2573 2756 2747 2264 2789 2313
000826.jpg,192 1787 1343 2737 1820 647 2025 940 949 61 2220 310 2386 1949 207 496 2582 804 941 84 1092 1204 1616 2242 2639 2424 2112 335 2315 2683 2652 1437 43 2161 482 2724 1417 148 1874 849 1819 1532 1433 494 2669 732 1223 1772 245 1768 331 2396 1208 296 2291 2084 196 1693 639 2761 418 2324 524 353 2526 2309 2688 75 146 2035 239 1468 2353 152 198 2566 1123 948 992 2046 1643 1199 2052 865 481 785 1004 1038 1011 225 1704 2479 1458 74 2188 995 2657 1692 835 2421
000827.jpg,1722 184 1945 232 1251 1153 2425 1867 1761 829 2514 218 1244 2613 1586 663 520 1375 1269 2538 2390 497 1714 19 2697 2612 1936 1636 1321 2241 1535 1116 410 2136 1103 2260 1894 1098 2635 94 213 1051 16 1792 1142 843 538 2476 269 288 1218 1638 2111 1548 385 2492 1178 2748 1966 774 2417 1538 993 550 1709 568 1968 1094 137 855 51 260 1862 821 2397 2157 144 348 471 1713 491 1852 2513 683 548 1490 115 724 1907 604 2427 2201 1224 231 1990 584 1198 1315 2088 2087
000828.jpg,1233 386 380 145 790 1721 2409 315 1195 2663 1594 767 898 2653 437 1834 714 2702 2818 1759 601 359 2267 951 2117 1252 254 709 1769 73 2074 215 2622 2757 763 1075 36 2219 1137 321 1499 2701 2722 1905 522 1753 2524 1599 70 1938 1440 2 2276 2777 2380 718 886 1986 143 1160 2054 2104 332 889 1609 2559 2108 2085 1037 569 1492 2038 1869 823 1320 1256 2364 199 1390 1553 371 2478 1242 1628 1890 760 1430 2772 1860 2126 2349 123 1373 2319 2719 29 2490 988 1443 597
000829.jpg,1433 482 1820 2669 2220 732 2526 496 331 1417 2744 992 335 2424 135 1777 1437 655 192 2309 2046 759 2566 61 647 2652 2683 1458 1949 148 431 2639 849 1185 1616 1343 310 940 949 75 1787 2315 2649 1651 804 2386 481 2250 1693 1004 925 1208 2761 2161 1092 2737 1123 2025 2479 1874 995 2582 420 1768 1199 2427 1369 146 296 26 2084 418 689 179 84 941 2112 207 2724 1110 713 198 1298 1532 1692 196 1468 1204 353 2242 494 2353 1945 1819 1488 245 43 2035 835 860
000830.jpg,2781 2213 2721 1416 683 1304 2466 412 600 1524 465 2450 1859 246 2714 217 47 1764 2640 2700 444 2648 55 2180 457 1771 1104 1060 2352 1568 1990 20 204 2023 1694 1736 1714 1099 2523 167 1638 2550 499 1540 2707 728 1224 269 2232 1072 2641 2665 1355 552 445 2190 1607 38 2212 1327 1341 840 2229 1838 397 2545 561 2176 2825 1141 1811 1828 255 1543 195 312 1378 2708 1629 2372 2571 2422 1713 2779 2244 1939 389 388 116 2565 2234 1640 2634 122 827 40 1140 2547 1181 1507
000831.jpg,2416 2658 1264 528 1209 2231 1546 2140 2333 875 1794 2796 513 912 2349 2015 593 1271 2618 2379 1516 25 1112 1210 2038 1247 2225 2185 975 1964 1479 763 1833 1418 1211 7 2559 314 961 955 151 982 839 1851 1154 1049 2496 432 1431 2776 579 426 930 1521 887 2415 1128 1386 1065 696 157 673 2568 2793 1252 886 1555 99 1793 916 569 2217 429 553 292 142 1619 1976 923 2108 1129 901 1268 1493 1399 1652 193 533 1496 760 697 532 1390 62 414 2459 1499 123 342 361
000832.jpg,896 2293 1186 1415 981 152 2557 2775 1391 633 865 1439 1203 1352 1235 173 921 2421 726 1250 1704 2828 1740 1754 2328 882 1038 2378 738 938 272 503 126 1969 208 1066 944 1519 691 688 1511 985 933 13 2314 1693 1563 624 712 1165 2583 909 297 735 711 69 2214 1737 835 1473 2497 1717 1700 1170 1144 128 253 713 990 191 1817 841 2809 2299 2241 1501 2647 136 1528 702 781 907 945 2276 72 2009 2334 1412 399 1957 1113 2503 1954 2655 578 1570 1045 174 1016 1302
000833.jpg,592 1933 2708 160 403 609 2565 1024 1716 1078 1530 2438 815 2285 1889 2155 163 894 2404 957 1061 1766 1637 506 2351 2071 419 408 2153 744 22 2717 2191 2283 2089 1743 466 1970 1056 1232 643 2094 525 388 2467 1632 290 252 1376 49 1725 1556 1701 1576 2643 565 1356 2588 2841 2531 1214 1844 2690 119 2164 1201 2162 552 1892 175 1543 2048 668 1710 2311 452 227 181 2570 204 1896 2819 2181 892 734 2821 46 2128 1789 1797 255 1176 294 138 2335 1164 241 2827 2726 649
000834.jpg,115 2111 1364 1251 1083 1103 1722 2476 2425 1536 1761 2087 2079 1142 1315 762 2427 68 644 1856 1064 550 2720 2089 137 1852 2261 2612 2441 45 1999 1363 1336 693 2603 2522 2712 829 843 1945 2562 2657 2308 2813 637 2442 184 2807 2116 649 2842 959 2088 1212 1592 279 2699 2160 1094 1447 2708 290 376 1153 1792 2489 2279 387 734 2548 1995 2500 1060 385 2141 2135 2492 1013 2382 2056 2283 491 2635 689 81 1117 1867 183 2130 348 663 1937 2401 2473 458 2431 330 620 42 2222
000835.jpg,772 1853 2369 1015 1739 54 710 50 1893 504 1579 425 2664 1088 503 1695 235 487 542 711 9 1287 1000 377 2281 1508 545 460 2782 1423 1528 2259 1367 1681 1920 754 807 1654 919 2625 1354 2647 1680 515 692 1239 2258 871 2228 1230 1384 572 1610 360 1325 1742 326 791 2636 695 1187 2303 1221 2103 1998 660 531 1884 2770 1368 1541 2124 1641 1042 1031 240 672 2313 2310 2828 933 980 633 1210 479 2825 253 220 2812 921 582 2361 2086 2520 1677 1593 1644 1126 2736 2359
000836.jpg,1132 2796 463 1588 2375 344 2024 680 2224 1268 197 1134 1099 1101 445 2208 536 2665 1067 651 416 1118 2093 2753 912 1872 2610 2682 316 616 591 1873 2472 2357 2626 154 2709 2296 2352 1030 91 1266 1663 866 1028 2065 2205 612 2568 1509 1906 2808 1141 2714 2185 2233 1919 1584 741 1604 1719 1597 1689 1946 733 1416 394 1564 1619 2131 426 1053 1978 2515 1690 642 527 1860 1058 2685 414 2090 675 2300 2798 446 929 2544 1547 817 180 383 1181 696 1002 1264 1431 2511 674 1301
000837.jpg,1851 1390 1557 1976 930 1834 461 251 1252 2379 1137 1964 1516 2540 2778 2757 1154 579 2722 923 2219 886 969 2622 1759 1427 697 1769 2225 1418 887 975 25 2185 1242 839 1049 2818 492 2304 2559 1514 277 1531 2618 172 1699 955 982 2015 2723 513 432 1793 763 70 2524 2416 901 528 1479 1373 566 1209 193 1721 99 2719 1684 932 2298 2517 151 646 718 79 569 1521 2546 916 2104 2097 767 2658 2117 853 961 1399 760 1211 1546 1256 2054 2001 1306 889 2731 380 879 1833
000838.jpg,1507 2550 55 397 2176 153 2632 628 274 608 1104 40 1177 2022 107 63 728 1685 1378 2311 1736 2335 1329 2450 1304 1970 2398 2407 400 2061 2795 149 936 1662 1048 2794 753 1356 2414 822 478 1629 2604 2429 2825 1999 1019 2570 95 2037 2839 1556 1150 1026 363 592 1889 252 1892 2634 2641 2766 645 758 851 788 452 467 1921 2708 1568 2232 1008 782 1923 108 2806 2168 596 1472 1593 456 2438 402 268 295 2821 824 1712 1056 1764 1530 2505 2465 2404 204 840 1214 501 561
000839.jpg,2582 1371 1458 785 300 1616 1011 1343 2737 712 198 1726 944 207 1787 2386 84 1204 804 245 2025 940 481 647 43 1949 941 949 639 148 2291 2112 2315 1772 335 594 69 494 2396 1901 1092 1223 1004 351 310 849 1817 1352 2448 2130 2678 2324 1693 2242 2688 2353 2220 2724 1532 2683 2424 1437 482 2161 136 689 192 1866 1123 225 2639 909 2761 1038 1874 2188 2652 152 61 1704 2657 2498 1819 2585 1203 2566 835 201 1110 524 971 948 2084 2744 1468 1643 331 238 450 74
000840.jpg,179 1840 2050 2826 219 970 2312 769 1123 2769 1092 2161 1490 2148 1045 925 524 712 2084 2724 977 489 2241 1468 1772 1901 904 1799 74 480 2649 1110 482 1344 2250 1236 1782 201 2309 2200 568 2683 2035 804 735 496 1369 1820 1437 26 2424 259 945 2046 826 2606 418 1172 1151 1874 450 2324 192 1949 283 1787 1146 1819 1864 2564 2836 2397 2652 965 1223 949 940 1038 404 647 2287 1343 2688 1578 2386 310 260 1417 1011 2744 1208 1704 225 2421 2628 207 2639 948 2676 173
000841.jpg,2423 1030 1399 802 2495 2038 2796 2069 1496 2380 743 707 2568 812 1247 1909 1860 2108 1929 1872 2637 2224 1240 2628 964 553 1160 696 1344 1301 10 912 2020 1499 1492 421 92 2753 2804 597 1956 1553 2607 123 1599 532 358 1613 2462 2267 2333 109 1809 194 2282 2185 1268 2798 1430 2085 1748 2211 875 878 1271 199 1555 2539 1938 1886 2478 311 12 2614 1017 2384 1368 2329 2028 999 21 623 1459 2330 500 1099 1264 379 437 2447 2590 1211 763 662 1689 1157 1518 429 371 145
000842.jpg,1212 1904 2744 455 2135 19 2698 1733 1282 558 775 1601 80 1689 1262 695 2393 2586 920 183 348 137 1639 2158 1802 2384 2116 1940 520 376 2087 1867 408 1777 1147 1977 2451 2476 1383 2548 1393 1234 232 2408 135 1722 535 1138 2322 1945 983 1651 2447 2720 1876 1269 2125 2783 2413 2536 2295 424 165 1478 677 2635 1179 184 2399 693 2354 1448 999 1849 342 119 1529 2786 821 2390 291 2224 2036 53 2566 1825 2756 2301 2615 1298 279 2492 1578 1728 967 27 1033 1485 2798 1789
000843.jpg,2000 1085 1786 1915 1997 1405 2282 2284 66 615 1440 2238 816 254 1027 2077 436 1962 1163 2829 2336 1480 547 1353 1971 2824 2759 1903 2478 1900 2163 722 18 2018 2546 1102 2524 1559 2605 1565 1157 1462 1386 453 2804 374 1010 626 2040 989 2490 1982 2373 2381 2741 1115 1854 221 101 556 35 1257 328 2240 2579 2068 1691 569 1082 2651 1120 2477 2172 1474 845 2383 359 1588 2391 727 364 950 2304 1241 1687 886 73 2347 2297 1192 2054 2679 2533 1671 2300 2630 1125 315 1366 951
000844.jpg,411 2044 1145 2370 2627 1910 1741 890 367 2103 1891 2594 2795 2164 2799 2042 2335 2790 2501 2306 877 1823 2711 1376 1885 2232 1991 1934 808 847 1329 2101 1568 766 2528 1284 2674 2839 809 1677 1892 2696 1356 1791 1970 1456 1781 1644 118 1656 1926 2177 1461 2681 1395 552 567 2105 1378 1743 326 2625 715 2747 189 2774 2237 822 313 556 1441 2285 2825 2027 1556 1844 2193 1503 778 49 122 64 1353 2570 2137 2565 2411 2239 167 2816 1569 1657 1100 928 252 1314 2060 28 205 419
000845.jpg,835 865 781 688 1643 98 2242 1501 941 198 1693 1704 2497 152 1235 702 2149 776 2585 712 353 949 2688 1819 75 2669 2557 2161 1570 196 2542 1170 910 735 639 2421 1874 2683 2639 2561 2424 1223 2084 2479 297 2737 2652 1949 1901 1144 1864 270 159 2315 1840 1787 1563 1532 1772 2601 1768 1343 896 2353 909 1113 489 502 524 1908 940 1754 1016 450 1437 84 624 2250 2744 1468 2046 201 1107 804 494 647 2386 568 1123 2241 2761 310 1110 2309 1092 74 2052 2582 482 1458
000846.jpg,1725 313 657 1486 2438 1789 2840 268 927 1701 1333 22 1712 2089 182 2717 59 2404 252 954 408 1056 2794 2810 1019 306 815 2311 2588 1376 1018 559 2708 119 668 383 1760 169 782 2574 1214 1953 368 466 295 403 2531 609 2841 1775 473 1201 2467 1150 1889 1688 2351 2690 2435 49 1339 1710 1896 2753 2164 1899 1190 1627 400 458 1171 141 388 501 1307 2191 525 654 574 682 2827 323 2580 900 1785 1213 1282 401 674 1530 1061 63 2142 2171 274 608 214 138 1881 2169
000847.jpg,2743 332 1033 2227 2786 1393 1890 554 2451 340 2384 868 1379 597 673 2151 802 2364 417 979 1311 1648 749 2029 2108 2038 199 2458 21 1929 36 176 2290 709 2010 1966 2423 2078 1131 2788 855 2251 2085 2702 2299 1053 258 966 1670 2302 2341 593 2730 2746 2165 878 1243 186 191 112 1005 568 1256 1886 1120 1830 2350 2406 2667 1492 1767 723 291 832 1051 942 743 1261 1860 881 2600 2462 1965 248 1586 2117 811 595 2276 1068 1442 1455 1499 522 257 1849 1384 336 970 775
000848.jpg,1895 2817 2034 2544 197 256 2487 1796 243 1586 1587 2453 87 929 102 1410 355 591 1407 2375 606 1200 2482 817 497 1812 1002 616 1564 1396 1246 610 1676 2454 1178 1713 1729 833 1574 2170 1878 1946 1636 527 2563 1584 603 2538 2802 852 2397 724 575 1051 866 830 630 1224 1132 237 2815 1414 1838 269 2685 2545 2843 2262 993 83 94 716 1450 85 996 1988 1328 674 2732 1714 2394 2275 2525 1046 2530 563 2166 2764 2045 2287 652 825 486 319 161 855 1253 623 1523 1331
000849.jpg,51 606 1381 1782 674 1328 680 197 2544 1714 2294 1658 2287 1116 433 1634 259 2660 1535 1860 248 2451 1054 1588 1051 1878 1148 1586 1045 2748 2397 2472 1253 1262 1993 876 535 1710 1138 1053 2482 550 1663 1895 966 1147 2753 269 811 2393 165 2840 2826 623 2436 291 1132 2598 2289 440 1424 21 1046 648 724 563 36 1307 1639 2375 231 2538 1339 463 2078 1944 1384 1362 855 832 2241 305 2384 1444 1317 860 904 595 1645 1309 518 480 1587 1636 2732 161 2010 1966 1197 1975
000850.jpg,2255 342 2455 1122 2797 352 1684 2727 2710 193 988 961 2226 2702 2818 2517 1539 432 1373 2117 2015 79 1793 1242 1215 1514 2225 1976 901 912 975 1834 1252 792 2298 1037 2654 763 1349 573 1938 414 889 982 2444 1509 2556 461 36 1431 78 302 893 2140 1256 2833 1699 2723 1571 1924 2026 1067 2068 2633 62 273 2097 2719 2755 1216 2185 166 513 17 99 770 1499 500 955 2104 1833 25 718 429 1049 147 741 1211 2092 2771 916 1516 2722 969 1479 2208 2529 930 277 143
000851.jpg,453 2051 2082 998 646 1579 987 727 1173 1354 372 2012 2391 2532 1552 2378 919 1386 611 1628 2163 1439 73 1583 2561 174 1582 1537 1412 737 475 658 952 713 556 2405 1916 816 950 2477 982 750 9 1600 2064 659 1085 159 2270 589 1361 2256 2001 841 334 633 1319 2207 1389 2499 1985 1175 72 1603 1824 803 640 14 765 1958 2636 1854 721 790 2346 1766 1293 2599 1143 2288 1541 660 807 832 4 1668 711 2706 529 2402 613 2676 995 1374 826 1484 1163 779 1717 172
000852.jpg,641 991 1193 242 880 1358 798 2694 1758 2581 2456 1377 1421 170 267 1086 472 158 884 2740 588 1665 1765 1348 2418 2327 842 1576 756 1289 2691 1196 2004 2355 77 1432 366 2703 1477 2127 1664 470 1452 1279 1575 82 190 58 422 2473 1081 1295 1124 1238 604 130 583 570 2109 1807 287 1724 764 2739 2659 796 2206 514 280 560 2771 1868 720 1403 706 134 2468 2266 329 1420 1291 857 150 2461 2374 797 891 140 1506 1857 93 888 2184 846 2053 1814 2146 1859 1345 2403
000853.jpg,99 887 2722 886 1793 2618 1976 25 901 1418 2379 432 513 528 1699 2757 760 1209 461 579 2416 2015 2185 1252 1154 1049 2559 193 1964 151 1211 1390 2818 1834 2517 975 492 1759 380 429 2469 1373 930 1599 839 1479 982 2298 79 2723 889 2415 1851 593 731 2126 767 2074 1557 988 1516 969 763 1271 142 673 697 172 1256 566 2225 569 916 2003 292 1430 1431 1242 2217 2140 2778 1872 2793 1065 1521 718 2719 1833 1137 923 2658 123 277 2349 2622 823 2001 2568 62 2108
000854.jpg,258 1025 1229 1861 2110 1338 1670 1850 195 2399 551 741 1520 1457 1410 648 773 307 2614 434 102 2697 1030 934 120 94 58 301 2196 605 1424 573 1946 1131 1936 2514 1618 1731 1587 1005 16 2020 678 821 2387 794 392 1966 2730 1862 1346 1169 291 673 1676 1094 2423 2038 2609 593 2243 993 2364 2166 795 1392 2290 1580 541 1943 2447 186 885 799 2637 1682 1350 53 1860 2734 2451 2134 604 2211 1714 693 2384 332 2495 642 2331 1849 248 83 818 661 755 2227 2157 700
000855.jpg,1431 414 792 733 961 2685 1211 62 2045 1980 432 866 1067 901 1793 2755 1215 36 79 1479 889 593 429 2140 292 2262 1065 2117 2415 1514 2654 1398 2517 2710 2226 1349 2444 342 142 2015 1252 673 1256 1976 2727 78 302 893 361 982 2559 536 513 975 176 2298 2818 2658 2208 500 1684 2225 99 1699 2097 912 1833 886 718 955 1049 2556 1119 2702 25 2723 1691 2568 591 1209 2074 2221 555 1373 2416 1794 2722 2026 1834 193 427 273 2496 2379 2023 988 1058 763 770 573
000856.jpg,2386 940 1343 1787 804 192 207 1949 647 84 941 1092 2025 2737 43 949 2424 2683 2315 2161 61 2582 1437 2112 1123 2652 849 2724 1874 1223 245 1532 1204 1772 310 494 2639 948 785 2657 2188 335 2084 2242 1820 196 2448 524 2324 2498 2396 639 2220 148 2678 2566 1819 198 1038 1726 1004 1704 2291 2688 1458 225 1468 152 482 2744 1840 2421 74 1616 835 1643 1864 489 1754 2353 1901 1110 2813 496 865 838 418 1208 971 686 353 238 2814 296 139 712 653 2057 1011 2052
000857.jpg,1922 2084 524 1092 74 1458 1840 835 489 1468 1901 1236 84 482 1687 2724 2148 594 712 940 970 2312 1949 2324 2606 945 941 2386 977 2050 219 1772 148 1223 1123 647 1787 2161 2683 1172 2315 2309 2424 494 1704 804 1874 2639 179 1343 2652 2737 201 1532 1754 944 2421 1113 2291 865 1616 2769 1004 2475 1578 1819 207 2025 43 2353 2112 152 173 404 2057 949 2826 1643 972 1490 2688 1864 1437 168 627 1038 2107 909 985 310 2242 713 896 1344 2497 1011 639 965 225 2566
000858.jpg,1610 980 2118 2317 459 701 448 2791 491 1884 122 2648 2571 1015 2303 2109 20 2213 2700 1447 1661 1764 38 1304 1469 1560 2623 1858 1502 922 229 2135 661 1694 167 2569 511 1341 298 2437 1188 577 2201 1659 2750 2194 468 1422 2650 2372 2058 1032 1607 576 412 2190 2197 1865 444 1305 1277 1285 2308 2712 1790 64 495 1069 2466 2268 2642 2216 2820 1363 935 2662 2831 2758 1237 1990 1425 1811 2425 2202 217 45 1355 2096 1540 2313 1567 1060 1198 2446 2030 1592 1640 1828 510 1184
000859.jpg,1083 1536 1581 1488 2427 290 1184 1433 732 693 1532 2720 238 647 458 300 2278 310 279 1820 620 1371 2479 751 481 495 759 354 1437 2805 61 2179 2592 818 2203 1170 2639 353 26 2088 1616 2141 1563 701 2652 2089 1417 1011 491 974 949 1343 68 925 940 1570 2683 849 2712 1208 1487 335 2761 1693 1987 776 146 1949 1185 496 480 2657 2220 137 2424 2569 239 2571 1369 2386 338 2733 2353 192 198 330 2813 1092 148 2087 1843 1692 2649 168 2130 1016 1592 550 1199 482
000860.jpg,1718 1079 320 301 852 392 1682 186 406 44 434 2549 1850 1005 1131 749 1267 2420 2518 1526 1966 544 1495 144 2085 1968 2227 288 1980 2730 1073 1670 1762 2341 605 2543 105 2451 1794 2290 908 176 2187 248 332 1398 340 16 258 868 1913 2384 1888 648 979 1431 2302 21 2516 1036 1498 878 1890 1676 673 1816 2029 937 336 1020 417 1732 2318 1871 593 2350 942 112 1783 866 1311 292 302 78 893 2786 2262 543 2423 555 2156 870 519 1485 595 1133 610 855 361 747
000861.jpg,2221 2719 1256 2226 928 277 1980 2023 2045 2319 2098 889 2755 770 2629 342 79 1429 808 36 961 792 2117 1938 62 1833 2727 2015 2702 718 2364 1215 1614 2225 1431 1684 1976 1252 2818 2097 429 2001 2074 99 1398 1047 432 975 414 2723 2517 2298 513 1049 2722 1699 2556 901 1793 2539 2126 2469 1373 1673 2685 1599 1834 731 2134 1514 763 916 500 2778 2654 273 1479 567 1067 2387 2068 1070 1242 2710 193 292 142 2415 2444 1122 698 1065 988 1533 1986 955 2267 969 78 361
000862.jpg,2778 803 2540 436 962 930 1427 1798 790 529 364 646 807 572 251 1230 372 1173 1558 1162 614 658 2323 1389 714 2504 1769 703 789 919 2040 1137 1143 928 853 1175 215 727 2325 1549 1115 952 1900 1801 1541 1166 2818 750 1106 1822 485 989 395 2409 2478 143 1721 1394 951 932 1484 898 1531 1324 1310 277 2644 1306 982 1354 2001 101 1386 1579 2054 1971 2722 172 522 2077 2561 1683 1361 589 2546 1557 2238 737 2219 820 1118 2391 461 1256 2622 2759 1628 1845 2065 293
000863.jpg,2324 2149 1004 225 1041 945 2291 2497 2112 1223 2737 941 639 835 494 1772 2688 1343 84 2353 647 1908 1204 1949 940 949 2386 2315 865 1787 1726 804 2582 2242 909 2421 1643 2512 2025 1874 1754 1819 1038 43 2485 828 2161 207 934 1840 2396 2683 1901 74 2639 198 1704 1110 2250 2585 624 1532 627 970 781 1501 1458 2424 2542 971 1092 310 568 75 1864 2057 2046 944 1468 2220 1616 1236 482 2084 13 1561 450 1437 196 2652 2566 2669 524 2678 338 152 977 1011 2744 2606
000864.jpg,2395 325 745 1027 1308 2535 1671 373 1763 1082 2579 374 2824 2695 586 1474 1997 1006 845 101 2381 1090 1462 764 719 1353 989 1971 441 547 393 2573 226 2284 2383 2754 2018 8 2630 2605 2494 1915 2546 2040 2759 1900 946 443 1786 1523 2238 327 1180 1480 1324 1380 2771 615 364 1982 1687 1250 37 1816 1115 167 328 584 1010 2758 1069 1389 924 1077 2631 1285 1691 85 1120 2651 818 2347 2297 1962 2146 474 1372 2524 1386 1373 602 2496 556 66 2345 722 1014 1192 2068 1811
000865.jpg,1600 2270 611 2082 2405 987 1319 779 765 659 1985 1642 2391 978 1958 14 2553 2817 998 188 2336 2012 1163 1552 1729 1948 950 2256 100 2675 1386 2454 85 453 1657 817 2065 1428 1396 88 1583 599 2170 1246 816 635 94 1331 2300 1673 826 2490 48 1105 3 2163 1414 2177 646 483 2098 2745 928 355 666 2001 860 1624 254 2433 1017 1316 2658 1405 556 2225 1614 1096 1574 1656 2034 1046 533 1988 2539 1965 2325 2477 808 1370 2045 825 2357 626 982 2190 2755 276 2262 929
000866.jpg,865 835 781 1643 941 198 2242 1704 98 1501 152 2161 688 2683 2639 2424 196 2497 353 949 1949 2652 2084 2315 1693 1901 776 1874 1819 2585 1532 940 1787 1343 2737 2688 1772 84 1223 1170 524 712 2386 647 2479 639 2669 1092 2353 1820 1570 1437 804 2149 910 1840 1563 2421 1754 1864 74 494 75 1123 1458 735 2744 1468 2557 896 489 207 1616 2112 310 624 2542 594 192 2582 1110 1208 909 1204 2025 450 2220 43 702 1235 2324 148 1113 1144 496 1038 2566 2678 1490 2724
000867.jpg,2022 1177 2311 1685 153 149 1507 63 107 936 274 608 2061 753 1048 2398 1785 2632 2414 1214 1889 397 2429 295 2604 628 1171 2176 1150 2550 645 1760 55 252 478 22 452 2169 1019 2806 1923 1333 40 204 473 1612 657 1104 1662 268 2404 2505 2465 1026 1326 313 2821 501 306 324 1378 2841 1472 95 456 2171 138 1892 1712 1736 1062 129 2567 2779 786 1899 2794 782 1530 1970 559 363 2450 1213 5 728 2407 1568 1813 851 2037 2766 864 430 2002 668 402 403 2435 2351
000868.jpg,671 1917 1454 2083 2230 1746 338 838 209 800 2813 2365 1466 2116 2552 2144 2280 2179 2130 519 1016 2052 2500 2718 1961 1708 1536 1941 239 33 1029 1875 2489 2173 686 1347 2442 81 2498 2789 663 2087 858 1400 387 2809 480 1781 1142 2592 458 612 490 2470 705 2141 2681 238 1123 662 726 2657 1703 1170 45 74 2005 1288 2814 137 1464 2382 653 2164 1121 2088 550 2188 49 974 415 1076 2286 335 959 1909 171 2448 997 2678 1532 915 2562 1184 354 1788 1473 585 1672 2655
000869.jpg,1976 2818 975 930 1252 2225 461 982 1834 432 2015 1514 1049 1964 955 2778 2140 1793 763 901 1684 2298 2517 839 79 151 1851 1215 513 1271 2185 2379 2556 193 1516 1242 1521 2722 1938 25 697 1209 1418 1373 916 969 2559 2097 1211 1122 886 2757 2540 961 2793 2416 1479 2117 277 1137 2104 2496 1266 718 988 1531 1769 99 1699 2618 1154 1058 2226 2654 1952 579 414 2444 1112 2723 2001 889 492 951 1431 887 2333 2727 62 1390 1833 2719 528 1256 2524 792 932 593 1427 1399
000870.jpg,2750 2201 774 935 2096 1034 1790 459 869 2473 836 2268 1633 1094 1625 443 1098 2099 2758 2058 1538 330 604 1520 476 2261 1341 1188 46 2645 874 1069 1227 2554 2733 669 922 1941 2431 448 337 1715 685 37 2204 1936 290 2446 2049 2417 892 1050 1607 2831 2492 649 1060 1763 2718 549 2623 793 829 1454 1121 131 2820 1875 2174 734 1517 2642 1635 1059 1277 537 2253 1016 2693 2337 122 2534 717 762 212 1280 2186 255 1194 1880 550 1305 1610 1 1827 530 1336 1184 446 2283
000871.jpg,1296 119 1909 1725 1383 1448 631 1240 1613 707 2224 607 59 1518 1151 1376 2021 1789 622 662 1775 2028 2753 1164 558 2093 220 974 4 2295 927 525 965 2840 408 1339 178 1710 2574 1486 424 2470 2089 28 1627 553 80 184 1307 1478 1977 1337 674 313 1313 24 2035 2716 1172 520 2615 559 2076 2660 49 2698 2191 2164 2413 523 1795 1288 139 1434 1208 1870 900 466 815 637 1651 2500 1437 458 1984 2552 171 1563 383 1555 1266 2819 1601 455 2354 19 739 2408 330 964
000872.jpg,793 570 561 1060 2205 2648 204 1694 2058 1576 2799 2835 2094 1638 2816 1823 1716 2501 2155 294 160 20 2071 1530 2565 1981 337 2461 1934 1637 77 2717 2616 1078 1556 2189 1277 388 419 2726 499 383 1543 1194 888 2500 412 2466 2438 577 2089 2473 2640 894 1930 1701 2335 2595 2662 1524 2555 556 2128 530 734 141 1828 8 1811 2641 255 2522 1764 2820 2714 391 1337 592 1991 2708 704 637 1276 403 2635 448 1363 2753 2570 2470 495 1933 1259 2283 2360 1355 1232 1983 2229 1401
000873.jpg,944 2421 1458 136 909 1817 1704 1754 1038 945 2353 351 173 865 1041 639 1236 1011 1874 2688 1616 69 2291 1004 1643 2328 1740 2497 2683 75 1772 1223 2583 74 1954 882 1840 2084 627 84 2057 43 2250 941 2737 1343 804 1787 494 2386 489 2652 647 1949 2424 2025 785 152 1092 2112 1819 940 207 1468 2639 482 2606 2724 2148 2242 712 524 2220 331 2161 949 2669 1437 13 2312 1532 2657 970 1864 2149 2324 2566 225 1172 735 310 971 915 713 219 977 2542 1501 896 67
000874.jpg,68 525 2191 139 2089 2164 637 1563 734 49 2716 2552 1364 1870 1852 408 2441 1288 2819 2427 1437 171 523 2720 2470 2442 2827 290 458 1417 2500 330 849 2021 2283 1127 26 481 238 2179 2144 245 2708 1208 2173 1190 239 815 1083 354 2652 1376 1710 2083 644 2507 61 621 2660 2035 2308 313 1117 2087 925 1003 348 2230 1795 2657 335 2476 1011 2091 1369 732 1151 387 296 137 2574 900 1651 2813 356 1536 1172 1703 2438 1103 2099 1486 653 2674 1639 2382 1937 1076 948 997
000875.jpg,216 181 1176 223 1632 1797 894 892 2531 510 636 789 1540 2571 1615 957 2521 592 1032 1880 777 317 2588 407 1318 2278 2725 576 2269 1927 643 96 2048 649 2155 744 851 271 2611 1716 305 891 2643 1749 1475 562 1780 2063 2153 2168 328 1996 1220 1074 2700 1447 2811 2030 766 1255 1764 2823 2565 1661 1401 214 1802 1303 2784 1543 1472 1009 2105 1330 1304 620 602 1071 1021 341 1883 1926 1612 1502 2339 511 1232 476 2190 1469 1332 2705 2213 1314 1483 1091 837 715 204 495
000876.jpg,1796 2487 603 2275 355 1450 830 943 94 1732 2453 269 1105 243 2454 1396 833 1331 1370 256 866 1676 1178 591 1132 87 1895 1812 2034 1495 1980 1073 610 1200 852 2544 1713 652 2131 929 1588 1946 1729 2196 1523 2170 817 2525 2394 1002 1564 497 616 1574 575 993 606 442 102 1407 2375 2451 855 1614 2262 1586 724 1491 2802 2045 83 2817 1224 1505 2563 2300 1838 527 100 683 1051 1246 88 1328 197 1678 1620 1673 1405 237 1410 1449 2417 678 1136 825 2538 996 319 605
000877.jpg,1604 2714 530 2343 2202 1099 2648 1327 2212 2733 1607 1355 1981 1341 2758 2446 2120 1828 2692 446 1224 1028 2547 255 2192 1919 1237 1567 1734 2254 499 1277 1060 1690 1694 2650 1382 462 2372 1069 2058 88 1467 2752 2466 2234 32 577 2835 2180 2523 2233 1301 2721 2662 2495 20 2375 2802 2555 64 2417 38 993 1476 1713 116 2551 1727 47 1838 2352 1990 2095 1072 1167 1259 1517 1533 2640 1181 1978 1101 1811 2754 2461 457 1859 2501 984 1070 358 1524 2781 2610 2279 2190 2609 412 793
000878.jpg,2357 1128 1978 1119 1564 616 536 1584 1002 2296 527 1407 733 1268 91 630 7 1719 866 1132 1134 2262 2045 416 1988 2375 87 1067 1812 929 817 2685 984 1224 237 1587 1410 716 2530 2802 2563 2140 414 2300 1278 2525 591 1431 2131 1588 102 2106 2166 1838 1713 2212 1327 575 2098 2755 2523 696 2487 1505 996 2496 1058 34 2692 197 2843 651 2394 1271 463 1621 449 590 1956 2796 635 993 83 243 2817 1943 792 2065 2640 1514 1491 85 2752 2196 500 1065 2221 88 1301 1099
000879.jpg,2267 767 760 1499 2702 2117 2380 36 889 1233 593 763 673 2038 1938 1256 1211 123 2349 1160 437 62 1886 1431 522 1479 2415 2074 2276 1553 1443 2379 1793 1599 901 2559 1252 2108 2818 532 332 2364 1890 432 414 1037 2387 875 142 2219 1555 2015 1399 709 886 292 1398 199 1492 1833 99 361 2723 1769 340 2134 78 302 893 2003 2722 1311 258 513 429 1699 380 887 1344 961 1209 342 1137 25 2217 731 2757 2469 2496 2126 21 982 2085 176 417 597 1519 2556 1794 2416
000880.jpg,995 2669 2728 2046 75 992 640 1055 1601 1578 2309 1874 496 420 2526 617 2656 331 1623 2334 1944 1544 1768 2220 1011 1693 1881 725 2057 1501 2149 482 2558 751 404 2497 1616 2291 353 2242 655 2761 148 128 1397 865 1931 1692 270 2542 684 1236 2744 1643 1185 1262 1199 323 713 941 1223 1820 910 1139 335 198 2475 781 1733 74 2150 431 1197 627 2836 2606 1908 1840 169 1782 2683 1839 2348 2768 247 2353 165 1825 297 911 2585 688 539 1107 1365 1151 494 1561 1960 732
000881.jpg,952 2471 848 1354 578 1114 2459 114 727 1368 658 903 1310 522 515 2478 485 768 72 293 931 2488 1845 841 2320 1107 1531 1413 1908 1830 2304 1512 1553 919 1210 2533 633 1721 887 2054 65 2644 2532 1769 2622 1175 875 1406 601 1608 1839 2334 990 254 1770 1361 589 1821 126 566 12 2323 2624 962 2477 1810 748 2509 2462 1323 103 1340 1427 286 1173 1967 2778 311 2379 1854 1137 1737 923 395 711 1187 1798 2072 739 2663 579 251 2069 2051 2325 1667 640 2499 783 930
000882.jpg,306 5 182 1326 954 268 1333 1711 2841 125 657 1019 640 447 927 1760 1789 782 1712 2766 574 110 1150 313 140 831 2435 2806 295 2171 323 655 1494 1018 2022 1831 654 1605 1171 668 2419 2113 473 63 2589 22 1953 2567 1785 146 331 1515 1889 2502 169 1692 2794 1434 1666 1685 1881 1916 2840 1655 1374 149 2169 1486 1899 559 2061 645 403 2669 1139 1696 409 384 1472 304 2002 278 1815 2717 995 2404 2526 1931 1921 1701 1653 1768 2580 1214 1813 1582 2810 2154 650 2751
000883.jpg,1056 2794 1486 1725 2531 2089 815 2708 2827 1743 900 1307 1019 2435 1376 1356 559 169 1190 408 525 368 609 2690 2467 1712 403 1775 1975 1018 2164 2191 2438 313 1035 1710 684 1627 1789 356 1312 1150 49 481 1870 1970 739 1417 927 621 1899 2795 592 1781 171 138 2753 1329 2142 2465 2505 1282 2335 59 1127 1208 2278 290 1955 1953 655 1738 214 1563 227 674 1921 2309 617 491 2021 402 1437 1433 2574 2153 657 458 782 596 1111 2404 1061 1151 1176 1795 2500 2839 268 1232
000884.jpg,568 1561 1840 259 2506 2046 1490 1788 1170 2836 2788 769 2161 1120 735 338 977 74 219 1799 2826 2050 2312 1110 594 2165 1874 2241 1051 474 1782 1670 1379 909 1223 2309 1261 1011 496 992 1901 353 970 904 2585 2353 1922 480 2397 415 2606 2769 1123 911 1352 1704 1532 2052 450 179 191 2497 2678 152 2748 1045 663 1563 201 2688 804 524 1371 198 2315 435 2683 1158 2007 712 1643 1148 1949 811 1819 440 1458 1693 84 1203 1570 2652 941 940 1198 1501 112 1092 2676 2084
000885.jpg,182 927 1712 954 323 2542 1760 247 2840 1789 2419 657 268 1333 1018 574 1839 782 1026 169 1899 2236 654 2669 75 1975 1472 2580 655 125 2016 2806 650 1434 2656 146 684 2112 640 1815 1666 2728 1881 2133 1810 1486 270 134 677 995 1605 1019 1953 751 2150 815 1397 1692 2361 502 2558 1298 617 1139 331 458 1608 420 900 1281 1312 2462 788 2526 1035 306 284 1918 1207 1768 739 1087 431 2717 2509 1685 895 1197 2142 2561 2220 559 2500 1623 1720 1114 1475 324 1190 128
000886.jpg,1605 2768 2502 1738 1602 1488 214 2152 244 1365 1397 1953 106 2348 1255 1987 598 1139 1199 844 2435 2048 128 2203 117 933 1616 2115 2572 323 2457 509 1881 481 609 2499 368 69 148 420 331 815 1768 2150 1362 431 2777 2526 1666 654 2669 1433 2620 1954 670 466 2531 270 1975 732 1817 2183 1839 2580 1184 1696 655 1312 2464 1515 1692 1916 2558 939 351 1019 475 1171 2220 2521 851 1591 1371 2656 2761 1693 2179 2278 1061 136 247 1899 335 1960 2704 1018 169 510 2230 1753
000887.jpg,607 388 1478 1201 498 1515 1265 1411 425 631 1826 121 2090 1753 2777 2002 401 1089 375 2638 119 1744 2584 1609 59 1752 1125 2478 2077 2366 24 299 1701 1984 2833 2810 1345 2143 1857 2128 951 2124 2751 514 1295 1556 2640 2510 1549 2032 2139 444 163 2404 1842 1652 1430 1122 2171 2438 184 466 394 202 2808 1292 2772 223 2346 1406 383 1339 2014 2703 180 2282 1916 158 634 2447 2295 2134 2457 2576 2633 2373 1716 1266 2589 2738 1725 1522 1531 1952 1404 1372 426 2508 1711 1296
000888.jpg,533 1595 1972 721 200 618 2402 2734 1157 812 771 1247 1762 247 1297 1577 2453 1347 2350 2462 2170 1648 2729 2165 1496 1493 2209 539 2686 2204 979 516 3 58 2334 2541 1642 1316 2316 112 318 1264 2451 2746 186 2067 2262 1794 1912 1966 497 2538 176 1051 464 2069 709 157 749 1718 1965 1200 1246 855 1017 2543 868 332 1586 1929 2290 914 2458 1350 1850 1290 2085 256 2029 340 314 1121 1319 554 1173 1636 1386 1897 1065 2518 1207 2157 2658 1946 1120 658 2227 2815 372 1767
000889.jpg,2810 1201 1701 401 2346 59 388 1752 1916 2367 607 2717 4 1545 1711 375 626 1725 2171 278 1326 1826 425 2751 220 2351 1012 163 1213 22 613 1404 2567 1815 473 252 141 2762 304 227 1766 682 1688 2438 2404 2477 1061 1150 1214 1842 1744 2090 1808 1582 1881 368 1171 466 2366 2274 2055 400 266 138 2169 2389 1056 2311 2265 631 2183 514 2839 2128 1111 1089 2584 1406 1785 202 994 608 274 2570 299 383 498 2690 24 1329 2467 2113 1921 1847 1743 2588 2821 864 2433 657
000890.jpg,17 273 741 810 600 638 787 1445 71 958 573 1181 2271 2466 30 1520 1939 1571 1278 1360 2246 1270 1630 2529 1607 147 2208 1058 1514 1684 1341 2835 665 792 1277 1349 642 1355 1539 697 2801 2097 127 2104 551 1059 2710 2444 1327 2212 1509 1727 2023 1943 1828 1811 955 2619 2555 166 2372 2296 2068 38 1629 1215 1047 230 2738 1069 1803 2226 1411 1101 718 1804 1167 79 2392 116 2654 499 2758 1924 1037 1067 1072 2640 195 1521 1119 2609 414 97 143 969 1128 1276 2352 1446
000891.jpg,674 1307 26 1369 2753 348 2652 925 2397 860 1592 2826 480 2076 1627 1381 2241 1486 1775 1051 769 906 1208 2287 433 2592 310 1417 2050 900 1437 2161 904 2424 965 1870 2309 178 259 1563 1658 2660 1679 2480 2084 1532 1011 219 1840 146 2035 168 489 1799 1151 1468 606 1782 169 2724 238 622 1172 75 1313 735 1710 2089 1955 2836 563 2506 568 1045 1561 2574 2200 977 2046 1253 1123 1490 2148 849 2827 2639 2312 1146 491 2220 2769 152 496 1820 1197 970 179 1312 2649 481
000892.jpg,924 1677 1791 350 602 2103 2711 871 2625 20 167 2573 2073 2041 1873 2239 2511 1659 1935 2305 508 2086 1303 1998 1898 205 1463 326 2249 1771 1042 122 2060 2258 1926 715 2037 2193 2027 187 1314 2228 1950 2501 1286 752 1690 1844 2790 1220 1892 2234 2687 736 1979 2627 567 189 2310 1028 1502 2190 230 2839 495 362 1919 240 827 369 467 1467 2335 328 2595 2481 483 1332 250 2257 1353 423 778 2545 2359 1378 772 104 2726 1629 1402 2326 766 2661 1104 1939 2216 246 928 510
000893.jpg,719 2018 764 2535 1671 2284 1082 1763 325 745 1308 1474 1090 2395 1027 373 2605 2695 1997 845 2146 8 2824 2573 443 586 1006 2754 2630 1353 1462 2383 393 441 226 1180 1811 167 1915 924 2008 1324 1289 547 1069 2579 2758 495 2381 1971 101 1523 2771 374 1480 722 327 602 2565 701 1355 615 584 2109 1524 989 736 2494 1982 2238 85 1816 2355 2651 37 1941 2068 1962 1687 131 1843 2501 1786 2189 20 328 147 1626 1010 2368 472 2546 556 2616 818 2780 1539 2297 2347 2631
000894.jpg,2725 1283 333 309 1797 1475 1217 1596 2168 2136 396 2591 1108 856 1220 752 96 1556 2687 1764 1024 1304 1286 2222 2765 1254 861 2795 2570 2335 1013 42 2508 400 1907 836 122 1898 2160 1933 2481 1836 2823 562 131 2839 1329 824 1303 1093 1995 1332 2784 2627 935 2096 2595 834 1363 1659 2197 2661 1910 1996 1806 2648 827 95 1140 777 1336 465 762 596 1629 2831 2450 1315 1780 1059 1337 1736 2141 1318 2571 2437 1726 1167 147 16 1829 2434 1356 60 510 2401 2116 328 1566 2562
000895.jpg,252 2311 2717 452 501 668 1889 1150 274 608 2821 138 2632 1785 1356 107 1789 758 383 402 2588 786 129 1062 1503 268 2404 1921 1177 2779 403 1612 840 1214 2285 2570 22 927 1507 1923 1896 1701 1273 1201 788 1056 2265 1638 1576 1530 295 1892 2061 1743 1039 561 1879 2176 782 2414 506 456 1847 313 2708 2438 141 936 1637 1813 552 2604 1826 2794 1725 2550 1281 1465 1022 400 1568 2171 1685 2806 1543 324 2634 346 89 2450 890 1026 1024 2611 1716 2840 2351 1019 473 1329
000896.jpg,496 1874 2683 192 1787 2161 1820 2652 1949 804 941 2424 940 1223 2737 84 1343 2639 1208 1819 2744 2084 949 1532 2315 494 1437 647 2242 2688 2386 2312 2220 2421 1840 627 2112 1772 639 2479 835 524 196 1864 1092 1417 1468 1754 1704 74 207 1643 2566 865 489 1901 482 1458 198 2046 1011 2324 310 43 1490 2291 1038 353 1561 67 2035 1616 2353 2025 2582 1204 925 2057 1110 61 992 418 1123 2724 152 2309 201 995 909 2606 1004 2669 26 826 910 98 568 849 1369 225
000897.jpg,2080 1380 1198 1482 1077 2263 474 1091 1914 1894 946 439 1525 2314 648 724 2763 1184 761 2514 777 1714 535 818 663 907 1244 1133 2383 605 1996 2494 2410 543 821 1040 94 144 2006 365 2449 2317 2147 2422 1120 218 584 2695 1634 2745 905 2377 1183 495 8 1226 1750 610 774 715 441 855 305 632 231 1219 2260 16 1536 2241 1641 550 1424 1363 773 1966 914 2605 538 435 1347 2699 2167 2489 248 2203 410 328 2417 1073 37 1474 1422 48 564 2538 1447 2697 2535 1006
000898.jpg,1993 1055 2598 1756 692 1317 2292 2294 1825 2741 165 1962 2319 1944 2301 2436 1649 2402 2258 1591 1931 1362 2728 1800 464 278 1646 602 1706 740 508 1549 742 2558 872 2237 1791 1138 1091 2103 1582 277 305 1645 425 790 223 2711 1822 1126 2070 1940 2193 2719 1395 2511 2013 1332 2207 1303 261 1314 2014 51 1338 2584 2762 773 1921 533 375 1225 2410 1979 250 2060 2833 1623 1677 1439 1400 167 444 491 1659 1873 2215 2305 1412 439 369 1262 1122 1111 1998 1854 1680 920 928 1938
000899.jpg,2216 620 1184 1536 772 117 2705 1032 1074 460 1979 2571 1302 2502 1447 1508 1111 1666 1255 2278 487 2141 2534 1802 1661 214 1176 598 1287 1335 2782 2770 504 2193 104 1239 2048 2369 2569 1483 1083 300 1384 531 189 1363 710 907 2103 1602 1681 308 2203 1225 1103 2361 106 732 181 1015 479 1987 759 376 2060 491 1439 602 1853 1817 1183 1654 1998 974 711 60 2841 2625 2643 1632 2259 28 1367 2531 933 730 1318 546 582 2179 894 253 791 220 1641 814 701 1695 2828 1185
000900.jpg,1182 1248 2799 2155 2674 552 1164 2692 847 141 1743 316 2551 1117 175 2501 1716 1823 1741 1981 2747 499 383 2753 1156 2660 2042 1023 2714 1637 1710 2470 2205 2640 1885 2071 1991 345 1963 2335 523 391 2105 530 1109 525 675 1576 1435 1070 2616 88 337 64 1879 294 2500 587 1314 2839 2527 1376 1056 185 1934 2648 734 2120 252 2055 2202 1543 2164 2745 2021 394 2177 2634 313 2229 2190 28 1556 1725 1135 2597 2696 2808 1060 68 1563 1870 1356 1100 1266 2594 1329 330 255 2031
000901.jpg,61 2025 239 296 335 1433 245 207 849 732 2427 2220 139 192 647 310 653 2396 356 785 148 2526 2386 1199 1343 2669 2188 331 481 1820 1787 2582 1651 1616 2737 1092 1417 948 2230 2639 1204 949 1693 2761 482 940 2813 2498 1437 2657 2052 1692 804 43 2724 1365 146 1949 496 838 686 418 2191 209 1127 2652 2814 525 1139 941 2112 1768 1123 2382 2424 2315 1208 2683 84 2242 815 1937 974 2448 1488 2678 2309 992 2291 81 2046 494 1726 655 75 2035 1274 387 1532 1563
000902.jpg,1486 1789 1712 1725 559 927 169 2089 2840 1775 268 2717 59 1760 954 408 815 313 1190 525 2794 458 900 2574 182 2419 1376 668 1701 1627 383 1019 1018 1795 2827 2708 1356 1899 1056 356 2753 1307 2191 657 2438 252 1896 1127 49 1282 2580 1333 574 739 2467 1448 782 1208 2690 2500 2164 403 1710 323 1151 1313 24 2112 171 2570 621 146 75 119 2531 368 1953 655 331 2588 2435 1417 178 674 654 1434 139 1870 1172 965 501 2309 609 2841 684 2035 238 2404 2076 1437
000903.jpg,1562 1231 48 2668 1846 2756 595 1614 94 1728 2454 2809 966 1489 2260 860 1569 1186 2195 983 26 1686 1658 1384 348 847 1700 11 354 2674 118 504 1074 1370 100 1673 2660 111 413 1031 224 1778 218 822 1359 1222 535 1331 2536 2157 33 21 1117 377 1003 1574 1741 1429 1710 2472 2252 1328 2489 523 2177 1105 1750 1396 724 483 1136 2105 2534 978 2021 1109 2629 2743 1369 2483 519 1263 1381 1745 2119 2747 2241 854 1533 60 2287 355 1876 1527 1473 1197 88 855 518 2463
000904.jpg,70 1759 569 1834 2757 1252 1390 923 988 886 951 2622 2818 2304 315 193 2185 2722 2077 2478 1373 2054 697 461 2524 1418 254 427 1851 1976 2015 1242 1989 1137 1531 1557 386 1721 790 2379 1430 2219 566 2559 2074 1440 930 1793 969 1964 121 975 823 879 1516 380 25 901 2663 73 718 1769 151 1628 2778 2540 887 1065 2104 601 215 1427 1549 2596 143 211 251 1514 2373 522 277 1588 1075 579 1154 2793 99 557 2460 1546 1699 2217 2618 1599 2529 492 2415 898 2409 1125
000905.jpg,1701 1725 252 1201 401 2810 141 2346 388 1808 313 1743 2274 2438 2404 1056 22 682 2265 2351 1545 1329 163 466 2311 1061 2839 1688 1376 2717 1404 2335 1503 1356 1637 59 383 607 2570 1885 1214 227 2171 2751 400 1955 403 1857 1213 1752 473 138 220 2795 2042 786 1916 1656 2089 1744 1921 1150 2183 1647 2588 2285 2128 1975 2055 890 552 1889 1556 304 402 1486 375 1879 1766 608 274 1395 1826 28 1171 2467 2821 1847 2611 2169 2177 1530 609 368 1710 1785 2708 2105 1039 1074
000906.jpg,2487 1796 355 2453 243 1812 87 1105 1895 256 929 2394 1396 94 866 852 1676 102 1200 817 1178 1002 833 1331 1564 616 2034 1713 1729 591 2563 1407 993 2802 2454 83 603 527 575 2375 610 269 1224 830 2262 1410 716 1838 652 1946 825 996 2196 1132 1732 1505 1450 237 2544 1587 2275 2817 724 197 1988 2530 943 1136 2131 630 1491 88 1370 855 1523 2045 2170 2525 1584 683 85 2331 1328 2166 2343 2538 497 1495 2843 1586 2675 1574 2357 908 1246 319 2106 1980 2417 918
000907.jpg,2437 47 1990 1548 2268 2417 1713 683 685 2167 576 1469 269 1714 562 2202 1224 94 1790 1178 1838 2750 1538 2317 2820 2446 774 663 1200 1447 669 2697 2721 2428 661 2201 1227 1116 122 2514 1811 16 1914 1858 1305 1764 1425 2212 1327 935 1709 855 1304 2422 1188 2487 2547 922 1936 288 2096 700 2523 993 1618 1894 2030 1244 2700 2194 1604 2343 2394 1645 2791 678 724 2190 38 2222 448 1560 1025 2642 88 604 652 2432 1523 459 1034 392 2136 2180 442 1060 2555 2831 575 2781
000908.jpg,2798 553 2093 2753 1555 662 1247 1909 1613 707 1118 2028 2224 1657 1725 964 1264 1168 1299 2470 999 368 2539 875 1595 746 2330 618 2231 1575 2515 2796 748 2488 622 2038 1956 1099 311 1929 1160 1830 696 1056 2108 2842 2840 1663 947 2709 2279 2698 2462 1240 421 2776 2614 1399 383 2031 533 916 2495 812 391 1821 2613 539 631 1775 532 2349 1975 771 1266 674 2289 1872 2067 912 883 1112 1050 390 2692 1383 1512 1347 178 1752 1296 169 12 1493 743 2069 914 1101 1164 28
000909.jpg,2714 1990 2417 442 1604 47 1936 2196 1714 116 1392 2131 700 1178 1645 1837 269 683 51 1224 1838 2343 1713 2523 2212 1327 2609 2675 1878 1134 2180 2446 1116 439 1640 1132 2034 288 1796 591 1328 2422 2530 1564 616 996 1067 2202 1002 2843 1812 97 918 2375 716 2372 833 1237 1126 2650 1375 1060 993 600 124 2822 2721 1407 1099 1181 197 652 195 1410 1859 2697 2100 87 943 2662 2544 2287 2260 2781 1538 34 1416 2802 38 799 661 307 1095 1341 1588 1676 562 1505 663 463
000910.jpg,432 901 1793 975 79 1252 2517 718 2298 513 886 1834 151 2818 2015 1699 988 2559 1684 1209 2793 1976 1514 25 961 2225 193 429 2757 1211 982 1215 1479 99 2723 2074 414 1431 62 273 2185 2722 1373 2415 1271 1418 1430 2104 1833 292 955 889 1049 1986 1440 2556 142 763 2444 2117 792 2496 2618 2416 1256 697 2379 2097 1599 492 1571 569 887 361 2529 528 500 1242 1270 1390 461 593 143 2068 912 1065 1112 557 839 2710 2140 2469 380 2524 1154 1964 1516 2126 969 426
000911.jpg,2794 274 608 1150 1507 402 1056 1889 2821 2632 1921 1019 107 1970 1177 501 2311 63 936 268 2061 252 129 1062 788 138 149 1503 452 2708 786 840 758 313 1214 1685 1568 1892 782 864 1789 2550 1022 927 2232 628 1612 478 153 2265 2022 295 753 1356 1048 2404 2465 2505 2806 2604 1039 403 2779 2414 363 1923 346 456 2176 2285 1378 657 1486 1018 2435 2398 1712 1395 668 2841 994 1785 1896 2827 2438 55 2766 2690 1662 2467 506 1760 822 1530 2611 2142 645 1725 1171 22
000912.jpg,432 718 2517 1793 513 901 557 1699 62 2723 1833 1256 2722 2556 2719 429 955 961 342 886 770 2097 1431 2727 2298 2559 975 1479 1539 1242 99 1252 982 1209 2363 889 2104 79 2225 2001 25 2134 2074 492 2415 2818 2524 1684 1440 1599 1373 292 142 2387 361 2755 2117 78 302 893 1834 2469 1976 1215 2015 731 2126 151 1398 1211 2267 1938 2460 2757 277 988 767 593 2658 792 512 193 2026 763 2529 380 414 969 2416 1154 2702 2379 1986 2568 566 1137 1122 1430 579 1980
000913.jpg,1344 1553 1236 2328 1578 2491 841 2380 173 2267 760 904 1499 970 2276 2148 945 404 977 1004 179 2312 1107 2628 522 2050 738 219 2769 437 75 1233 114 2512 1886 1840 1160 283 2150 2606 965 767 532 1443 712 2084 1908 826 972 1733 2724 489 524 1845 1172 74 1092 2200 1298 92 1468 123 2826 2814 2315 1123 2165 2324 597 2241 1704 201 875 2020 2038 1555 1179 1113 1775 1901 2309 1819 1864 1492 311 199 2334 260 1601 1772 882 2421 769 2349 2250 865 802 906 126 2566
000914.jpg,340 332 2227 868 749 2786 417 554 2423 21 597 2384 2451 2458 1890 2029 1033 2085 2290 942 2743 743 1393 2543 199 176 1492 2010 709 2350 878 2788 112 1053 2038 2151 802 2165 1379 2730 1860 1311 2078 1670 673 1131 1888 979 2815 2267 593 1636 2746 1965 1005 2302 555 258 186 1398 568 292 2217 142 893 78 302 62 361 2415 681 1001 1686 1496 2397 1676 1788 2364 1051 1148 2108 1705 1586 434 966 1886 36 1261 1767 2349 191 2299 289 1499 1966 2734 2251 2538 518 1316
000915.jpg,2058 20 793 2555 459 1727 1277 1069 2758 167 2807 570 1811 1184 1341 2820 1090 1694 122 1941 462 448 2317 2595 1607 2605 443 8 1790 495 2648 1524 1536 736 922 1188 42 1034 230 2203 2168 131 2571 1363 1194 2554 2805 1502 2326 2094 701 2372 1629 2733 37 412 357 2368 1259 693 576 2159 1180 888 935 2268 2109 2201 2360 1060 1626 1734 2192 1032 491 2750 2222 2254 204 511 2473 2535 2269 2623 2190 510 2466 2780 1765 2096 577 1517 294 2449 38 777 195 818 2434 2233
000916.jpg,1960 689 1298 2107 2125 1733 2036 1004 2744 482 970 2250 2566 1908 1107 1458 2506 653 835 2503 1206 2056 1904 2737 1485 1757 1113 1687 1144 2130 624 2382 1866 1651 80 1937 1016 838 1199 1365 1830 245 1777 398 2639 2475 2149 725 2025 948 2814 1601 431 409 335 2582 2286 775 1518 2498 2220 1578 2396 1945 2526 785 207 1204 1772 2348 2678 2386 713 2657 179 1236 2016 2188 1400 1726 1334 1767 450 2448 2328 2688 75 1343 43 2558 1787 1123 1443 804 647 1845 2329 2291 2813 2242
000917.jpg,940 1343 1949 2315 804 1787 849 647 2386 949 941 192 84 2737 43 2582 2683 2424 207 1532 1204 2161 1437 61 1092 2112 2652 310 196 2025 1772 1223 1123 1874 198 494 2639 1820 2324 639 2242 245 732 2724 1726 1110 2657 2566 2220 353 2585 2084 225 2744 2688 1561 524 1038 2188 2498 1004 2479 1819 335 785 482 835 1901 689 1643 152 1840 148 2291 496 238 418 2678 2448 2396 74 300 1468 1616 146 865 1563 1704 712 1458 948 2761 594 1208 2353 338 1570 1866 1170 387
000918.jpg,2771 1814 1619 1122 1982 1324 1272 1863 1807 1366 667 1373 2529 2363 1925 557 2468 879 2460 1480 522 190 2072 1484 2633 887 372 703 1430 841 2703 1440 1652 1735 867 2731 2266 1295 2074 99 2455 1166 2409 1684 2231 1558 2524 853 2126 796 626 1509 913 614 731 1160 1549 1599 1289 1628 823 2844 2706 2835 1553 566 2469 2723 1699 1531 2175 2722 1372 2631 114 1320 2146 2485 73 427 569 770 193 2276 988 172 1793 1192 2671 25 2013 2833 1832 2003 1080 1577 1411 1157 437 380
000919.jpg,2241 2826 2836 2397 1782 1051 2788 1045 480 2769 2050 260 904 1218 2628 860 568 769 1623 2287 259 1110 1586 1054 219 1860 1670 1788 563 1053 257 51 1381 712 1261 1840 26 1490 977 663 1369 2538 735 1148 2384 1799 970 2088 179 1379 606 1679 2165 137 2506 2312 1532 1617 1658 168 1422 749 1714 348 2451 1116 1886 2078 2161 231 2480 2046 1236 1197 1123 947 2200 1444 1113 2290 2010 2713 1878 431 2085 1253 594 689 1592 2746 415 1897 1544 1561 418 2626 550 978 2660 2748
000920.jpg,2810 59 1201 1701 2717 1752 1826 388 1688 514 607 401 22 4 2346 626 473 1404 2351 2404 1545 2171 470 252 2588 1326 2090 313 1214 2274 2311 2367 1815 1916 141 304 2169 1213 2366 1808 1711 24 1744 227 2751 119 266 1171 1061 1889 1857 163 1879 1012 2438 2002 1637 2477 668 682 657 1089 1725 631 5 1265 2567 466 170 403 1432 1766 1530 2779 306 2113 1652 1406 1953 1612 452 375 574 2128 1150 1576 613 447 400 2638 1333 2574 2841 2055 1292 1486 1515 383 1556 559
000921.jpg,2423 340 176 292 2085 332 1705 593 673 1492 1676 2415 681 2384 2543 21 743 942 1053 1496 361 302 78 893 802 142 2217 555 1860 1431 749 2227 427 1890 878 417 868 62 2364 709 186 1398 2458 429 2350 1946 866 979 2451 199 2568 1267 2078 1794 2108 2600 597 1886 2786 1980 733 36 1065 2843 2262 1311 2029 889 258 1001 2038 2290 554 2387 2302 1850 2349 2702 1211 2267 1670 289 2518 434 2219 2151 1588 901 1793 1888 1256 2460 1479 1005 2165 591 1233 157 1379 2730
000922.jpg,1185 1055 2046 1944 1601 992 732 431 677 2558 1199 1777 1623 2309 815 2048 420 2506 496 1262 1397 2728 1931 1139 270 598 1365 2526 1874 1544 1768 995 2115 2580 1802 2768 640 1578 146 2220 331 2704 1693 925 1616 165 1011 2669 1255 1881 2348 2761 2639 1899 482 1960 2057 148 2382 2475 1961 2652 2744 1605 137 1488 323 1825 335 1820 2291 1561 1738 730 353 2737 169 75 1602 481 617 1318 751 1433 1953 2107 2656 494 1592 214 1362 725 1298 1733 974 1627 244 1782 404 1987
000923.jpg,922 1536 793 37 2623 2554 448 2820 1790 1188 476 443 1034 1702 892 459 20 2268 576 1811 412 1083 2807 122 734 2058 1447 255 1090 462 294 1060 1694 2030 2449 2733 2699 2571 42 2473 1697 46 2096 167 649 115 836 2222 935 1524 2094 1277 2648 1995 1363 1341 2202 2269 2190 2750 495 38 1727 511 1227 1069 175 869 230 693 2261 2201 1607 2427 699 1991 2466 2805 1109 2317 577 491 2308 2555 1858 2758 2283 2089 2712 2360 2799 1259 669 2326 2831 2643 357 131 2721 68
000924.jpg,242 880 1193 798 2581 1358 991 641 158 1576 1086 1377 2694 170 1758 2456 1665 1421 2004 267 2418 884 1348 472 756 2327 77 1638 470 2740 1765 2461 570 842 1196 588 1930 1345 1452 1432 2355 2473 82 2691 228 2703 1289 2659 1060 2835 366 1043 1477 2662 57 2374 857 2206 1575 888 2266 1859 2127 287 793 604 560 58 514 210 1276 2189 1279 499 190 134 422 934 1238 1807 801 2635 796 1551 1420 1664 1124 1857 1081 764 561 1524 1234 1403 846 1868 2175 493 2071 2058
000925.jpg,1091 2263 2080 1482 1914 777 1894 2114 907 1198 1996 439 1525 2763 2449 535 761 2678 1144 821 648 1714 2514 2422 862 1802 1380 1040 1536 1596 1184 818 1751 1856 724 2377 1133 663 305 480 206 2745 410 218 605 581 2247 248 1244 773 1672 1570 365 16 231 1767 550 2410 94 2734 265 2489 715 343 495 2241 1077 1634 440 546 2314 538 2006 2705 759 1453 632 39 1363 474 2317 1347 435 610 1966 2830 1371 1424 2560 774 564 1750 2203 1447 855 973 2699 1683 1183 2538
000926.jpg,2491 627 522 1473 525 1553 1489 137 2814 1908 2485 1830 2179 2291 1107 1563 266 2057 1406 173 1011 331 948 2678 972 1839 578 2583 1236 335 838 1810 653 1876 904 2396 2716 2315 1344 624 26 148 2470 1417 2025 75 418 574 283 2657 2028 1199 2386 482 1114 2809 860 1298 1726 995 2669 1274 1772 1870 245 338 404 2250 613 1004 841 2148 207 990 1123 2769 1578 1967 1369 1179 1139 1038 1437 2230 179 1127 2683 2328 2724 804 2448 1555 2220 647 1704 59 2475 310 639 2498
000927.jpg,1938 760 1553 1769 875 2380 1160 2349 916 2267 311 114 841 123 763 1499 1399 767 2108 522 1555 512 673 2038 1601 2117 2719 36 2702 887 1256 1179 1890 982 2379 1599 889 437 1770 593 1886 1531 1211 1037 1492 199 2276 2491 1233 1430 2723 2150 2072 2003 532 1470 342 2568 2556 1443 2622 802 1967 380 2387 709 1657 2134 1344 1721 930 2078 1578 579 2325 2778 332 566 2469 1699 731 80 92 2026 1310 1839 2126 1122 597 25 1635 340 1956 1929 1368 1733 1154 964 492 2255
000928.jpg,1509 17 1571 741 2466 642 195 600 573 2372 2835 273 1607 792 1341 127 1355 1520 2208 1058 1327 2212 2727 2710 2023 1939 1803 1828 30 1270 342 1811 446 1349 2399 638 912 2640 116 2097 1181 38 961 1277 1514 1037 1034 2185 2352 405 1099 2068 1524 2781 1278 1539 2738 2614 2444 969 810 551 1069 955 1373 2140 97 1684 1338 2529 2058 1215 1276 2758 1516 79 2246 1431 1060 414 1964 2196 1399 2495 1606 1924 1167 2296 2757 697 665 1129 2117 36 1861 1266 47 2648 1952 2461
